Command line
python DeepDeltaJustTrain.py
Args
{'activation': 'ReLU',
 'adding_h': False,
 'aggregation': 'sum',
 'aggregation_norm': 100,
 'atom_descriptor_scaling': True,
 'atom_descriptors': None,
 'atom_descriptors_path': None,
 'atom_descriptors_size': 0,
 'atom_features_size': 0,
 'atom_messages': False,
 'batch_size': 50,
 'bias': False,
 'bias_solvent': False,
 'bond_feature_scaling': True,
 'bond_features_path': None,
 'bond_features_size': 0,
 'cache_cutoff': 10000,
 'checkpoint_dir': None,
 'checkpoint_frzn': None,
 'checkpoint_path': None,
 'checkpoint_paths': None,
 'class_balance': False,
 'config_path': None,
 'crossval_index_dir': None,
 'crossval_index_file': None,
 'crossval_index_sets': None,
 'cuda': True,
 'data_path': '/tmp/tmptmhnkzlq',
 'data_weights_path': None,
 'dataset_type': 'regression',
 'depth': 3,
 'depth_solvent': 3,
 'device': device(type='cuda'),
 'dropout': 0.0,
 'empty_cache': False,
 'ensemble_size': 1,
 'epochs': 5,
 'evidential_regularization': 0,
 'explicit_h': False,
 'extra_metrics': [],
 'features_generator': None,
 'features_only': False,
 'features_path': None,
 'features_scaling': True,
 'features_size': None,
 'ffn_hidden_size': 300,
 'ffn_num_layers': 2,
 'final_lr': 0.0001,
 'folds_file': None,
 'freeze_first_only': False,
 'frzn_ffn_layers': 0,
 'gpu': None,
 'grad_clip': None,
 'hidden_size': 300,
 'hidden_size_solvent': 300,
 'ignore_columns': None,
 'init_lr': 0.0001,
 'log_frequency': 10,
 'loss_function': 'mse',
 'max_data_size': None,
 'max_lr': 0.001,
 'metric': 'r2',
 'metrics': ['r2'],
 'minimize_score': False,
 'mpn_shared': False,
 'multiclass_num_classes': 3,
 'no_atom_descriptor_scaling': False,
 'no_bond_features_scaling': False,
 'no_cache_mol': False,
 'no_cuda': False,
 'no_features_scaling': False,
 'num_folds': 1,
 'num_lrs': 1,
 'num_tasks': 1,
 'num_workers': 8,
 'number_of_molecules': 2,
 'overwrite_default_atom_features': False,
 'overwrite_default_bond_features': False,
 'phase_features_path': None,
 'pytorch_seed': 0,
 'quiet': False,
 'reaction': False,
 'reaction_mode': 'reac_diff',
 'reaction_solvent': False,
 'resume_experiment': False,
 'save_dir': 'BCL_X_pIC50_trained_model',
 'save_preds': False,
 'save_smiles_splits': False,
 'seed': 0,
 'separate_test_atom_descriptors_path': None,
 'separate_test_bond_features_path': None,
 'separate_test_features_path': None,
 'separate_test_path': None,
 'separate_test_phase_features_path': None,
 'separate_val_atom_descriptors_path': None,
 'separate_val_bond_features_path': None,
 'separate_val_features_path': None,
 'separate_val_path': '/tmp/tmptmhnkzlq',
 'separate_val_phase_features_path': None,
 'show_individual_scores': False,
 'smiles_columns': ['SMILES_x', 'SMILES_y'],
 'spectra_activation': 'exp',
 'spectra_phase_mask_path': None,
 'spectra_target_floor': 1e-08,
 'split_key_molecule': 0,
 'split_sizes': [1.0, 0.0, 0.0],
 'split_type': 'random',
 'target_columns': None,
 'target_weights': None,
 'task_names': ['Y'],
 'test': False,
 'test_fold_index': None,
 'train_data_size': None,
 'undirected': False,
 'use_input_features': False,
 'val_fold_index': None,
 'warmup_epochs': 2.0}
Setting molecule featurization parameters to default.
Loading data
Number of tasks = 1
Fold 0
Splitting data with seed 0
Total size = 783,225 | train size = 783,225 | val size = 783,225 | test size = 0
The test data split is empty. This may be either because splitting with no test set was selected,             such as with `cv-no-test`, or because test data provided with `--separate_test_path` was empty or contained only invalid molecules.             Performance on the test set will not be evaluated and metric scores will return `nan` for each task.
Fitting scaler
Building model 0
MoleculeModel(
  (encoder): MPN(
    (encoder): ModuleList(
      (0): MPNEncoder(
        (dropout_layer): Dropout(p=0.0, inplace=False)
        (act_func): ReLU()
        (W_i): Linear(in_features=147, out_features=300, bias=False)
        (W_h): Linear(in_features=300, out_features=300, bias=False)
        (W_o): Linear(in_features=433, out_features=300, bias=True)
      )
      (1): MPNEncoder(
        (dropout_layer): Dropout(p=0.0, inplace=False)
        (act_func): ReLU()
        (W_i): Linear(in_features=147, out_features=300, bias=False)
        (W_h): Linear(in_features=300, out_features=300, bias=False)
        (W_o): Linear(in_features=433, out_features=300, bias=True)
      )
    )
  )
  (ffn): Sequential(
    (0): Dropout(p=0.0, inplace=False)
    (1): Linear(in_features=600, out_features=300, bias=True)
    (2): ReLU()
    (3): Dropout(p=0.0, inplace=False)
    (4): Linear(in_features=300, out_features=1, bias=True)
  )
)
Number of parameters = 709,801
Moving model to cuda
Epoch 0
Loss = 6.8426e+01, PNorm = 45.8386, GNorm = 2833.4129, lr_0 = 1.0032e-04
Loss = 1.2633e+01, PNorm = 45.8387, GNorm = 2894.3073, lr_0 = 1.0060e-04
Loss = 3.8550e+00, PNorm = 45.8388, GNorm = 1772.9307, lr_0 = 1.0089e-04
Loss = 2.2122e+00, PNorm = 45.8387, GNorm = 1010.7197, lr_0 = 1.0118e-04
Loss = 1.1346e+00, PNorm = 45.8387, GNorm = 464.3691, lr_0 = 1.0147e-04
Loss = 9.1143e-01, PNorm = 45.8387, GNorm = 401.0759, lr_0 = 1.0175e-04
Loss = 9.2092e-01, PNorm = 45.8388, GNorm = 405.2940, lr_0 = 1.0204e-04
Loss = 1.0266e+00, PNorm = 45.8388, GNorm = 473.9218, lr_0 = 1.0233e-04
Loss = 7.7067e-01, PNorm = 45.8387, GNorm = 62.8818, lr_0 = 1.0261e-04
Loss = 7.1490e-01, PNorm = 45.8387, GNorm = 173.7834, lr_0 = 1.0290e-04
Loss = 7.1910e-01, PNorm = 45.8387, GNorm = 219.9228, lr_0 = 1.0319e-04
Loss = 6.0387e-01, PNorm = 45.8388, GNorm = 284.2432, lr_0 = 1.0348e-04
Loss = 6.9679e-01, PNorm = 45.8389, GNorm = 698.3996, lr_0 = 1.0376e-04
Loss = 8.7255e-01, PNorm = 45.8390, GNorm = 997.0703, lr_0 = 1.0405e-04
Loss = 6.4654e-01, PNorm = 45.8392, GNorm = 363.8474, lr_0 = 1.0434e-04
Loss = 4.7985e-01, PNorm = 45.8394, GNorm = 159.7540, lr_0 = 1.0463e-04
Loss = 4.8794e-01, PNorm = 45.8396, GNorm = 80.9126, lr_0 = 1.0491e-04
Loss = 4.7398e-01, PNorm = 45.8399, GNorm = 145.8901, lr_0 = 1.0520e-04
Loss = 5.1122e-01, PNorm = 45.8401, GNorm = 207.7217, lr_0 = 1.0549e-04
Loss = 5.1284e-01, PNorm = 45.8403, GNorm = 550.1122, lr_0 = 1.0577e-04
Loss = 6.1477e-01, PNorm = 45.8405, GNorm = 132.8443, lr_0 = 1.0606e-04
Loss = 4.4218e-01, PNorm = 45.8407, GNorm = 82.1348, lr_0 = 1.0635e-04
Loss = 4.5508e-01, PNorm = 45.8410, GNorm = 638.6848, lr_0 = 1.0664e-04
Loss = 5.1442e-01, PNorm = 45.8411, GNorm = 69.3085, lr_0 = 1.0692e-04
Loss = 4.8885e-01, PNorm = 45.8414, GNorm = 414.3819, lr_0 = 1.0721e-04
Loss = 5.2369e-01, PNorm = 45.8417, GNorm = 70.2001, lr_0 = 1.0750e-04
Loss = 5.4144e-01, PNorm = 45.8421, GNorm = 520.8281, lr_0 = 1.0779e-04
Loss = 4.7608e-01, PNorm = 45.8424, GNorm = 163.9665, lr_0 = 1.0807e-04
Loss = 4.4470e-01, PNorm = 45.8428, GNorm = 334.5262, lr_0 = 1.0836e-04
Loss = 4.9762e-01, PNorm = 45.8431, GNorm = 288.5978, lr_0 = 1.0865e-04
Loss = 7.8421e-01, PNorm = 45.8433, GNorm = 66.1297, lr_0 = 1.0893e-04
Loss = 5.0850e-01, PNorm = 45.8437, GNorm = 314.8454, lr_0 = 1.0922e-04
Loss = 5.0482e-01, PNorm = 45.8441, GNorm = 450.2626, lr_0 = 1.0951e-04
Loss = 4.6207e-01, PNorm = 45.8447, GNorm = 530.9023, lr_0 = 1.0980e-04
Loss = 5.0733e-01, PNorm = 45.8451, GNorm = 294.3420, lr_0 = 1.1008e-04
Loss = 3.6115e-01, PNorm = 45.8456, GNorm = 78.0370, lr_0 = 1.1037e-04
Loss = 2.8946e-01, PNorm = 45.8460, GNorm = 97.5341, lr_0 = 1.1066e-04
Loss = 3.5131e-01, PNorm = 45.8464, GNorm = 150.0127, lr_0 = 1.1095e-04
Loss = 5.1753e-01, PNorm = 45.8469, GNorm = 149.9218, lr_0 = 1.1123e-04
Loss = 4.9289e-01, PNorm = 45.8474, GNorm = 314.7243, lr_0 = 1.1152e-04
Loss = 4.3347e-01, PNorm = 45.8479, GNorm = 54.5401, lr_0 = 1.1181e-04
Loss = 4.3972e-01, PNorm = 45.8484, GNorm = 113.5237, lr_0 = 1.1209e-04
Loss = 3.9637e-01, PNorm = 45.8489, GNorm = 109.3104, lr_0 = 1.1238e-04
Loss = 4.0066e-01, PNorm = 45.8493, GNorm = 489.2171, lr_0 = 1.1267e-04
Loss = 4.6053e-01, PNorm = 45.8497, GNorm = 456.7465, lr_0 = 1.1296e-04
Loss = 3.8682e-01, PNorm = 45.8502, GNorm = 341.0389, lr_0 = 1.1324e-04
Loss = 3.3474e-01, PNorm = 45.8507, GNorm = 148.5933, lr_0 = 1.1353e-04
Loss = 3.3039e-01, PNorm = 45.8511, GNorm = 347.2986, lr_0 = 1.1382e-04
Loss = 2.8827e-01, PNorm = 45.8515, GNorm = 188.7479, lr_0 = 1.1411e-04
Loss = 3.8416e-01, PNorm = 45.8520, GNorm = 554.6025, lr_0 = 1.1439e-04
Loss = 4.2969e-01, PNorm = 45.8525, GNorm = 261.7367, lr_0 = 1.1468e-04
Loss = 4.4372e-01, PNorm = 45.8530, GNorm = 808.8601, lr_0 = 1.1497e-04
Loss = 5.7271e-01, PNorm = 45.8534, GNorm = 431.3995, lr_0 = 1.1525e-04
Loss = 4.9009e-01, PNorm = 45.8539, GNorm = 399.8549, lr_0 = 1.1554e-04
Loss = 6.5534e-01, PNorm = 45.8542, GNorm = 39.8499, lr_0 = 1.1583e-04
Loss = 5.4244e-01, PNorm = 45.8547, GNorm = 677.6573, lr_0 = 1.1612e-04
Loss = 3.4817e-01, PNorm = 45.8550, GNorm = 149.0799, lr_0 = 1.1640e-04
Loss = 3.0441e-01, PNorm = 45.8553, GNorm = 211.5555, lr_0 = 1.1669e-04
Loss = 2.9167e-01, PNorm = 45.8556, GNorm = 532.6154, lr_0 = 1.1698e-04
Loss = 4.8654e-01, PNorm = 45.8560, GNorm = 154.1552, lr_0 = 1.1727e-04
Loss = 3.2198e-01, PNorm = 45.8564, GNorm = 252.6975, lr_0 = 1.1755e-04
Loss = 4.0761e-01, PNorm = 45.8568, GNorm = 367.4275, lr_0 = 1.1784e-04
Loss = 4.3272e-01, PNorm = 45.8573, GNorm = 641.3480, lr_0 = 1.1813e-04
Loss = 3.2185e-01, PNorm = 45.8577, GNorm = 460.9133, lr_0 = 1.1841e-04
Loss = 3.4006e-01, PNorm = 45.8583, GNorm = 181.9102, lr_0 = 1.1870e-04
Loss = 3.3559e-01, PNorm = 45.8588, GNorm = 486.9673, lr_0 = 1.1899e-04
Loss = 3.6498e-01, PNorm = 45.8593, GNorm = 537.7550, lr_0 = 1.1928e-04
Loss = 6.6650e-01, PNorm = 45.8600, GNorm = 1168.2877, lr_0 = 1.1956e-04
Loss = 7.8992e-01, PNorm = 45.8606, GNorm = 333.1359, lr_0 = 1.1985e-04
Loss = 2.9784e-01, PNorm = 45.8613, GNorm = 266.7448, lr_0 = 1.2014e-04
Loss = 3.0585e-01, PNorm = 45.8618, GNorm = 191.8306, lr_0 = 1.2043e-04
Loss = 3.5246e-01, PNorm = 45.8622, GNorm = 324.7547, lr_0 = 1.2071e-04
Loss = 3.9194e-01, PNorm = 45.8628, GNorm = 311.8831, lr_0 = 1.2100e-04
Loss = 4.5628e-01, PNorm = 45.8633, GNorm = 741.6027, lr_0 = 1.2129e-04
Loss = 4.6039e-01, PNorm = 45.8636, GNorm = 851.9894, lr_0 = 1.2157e-04
Loss = 4.6748e-01, PNorm = 45.8641, GNorm = 248.0051, lr_0 = 1.2186e-04
Loss = 3.2439e-01, PNorm = 45.8645, GNorm = 289.6298, lr_0 = 1.2215e-04
Loss = 3.7538e-01, PNorm = 45.8650, GNorm = 655.5580, lr_0 = 1.2244e-04
Loss = 3.9598e-01, PNorm = 45.8654, GNorm = 115.8737, lr_0 = 1.2272e-04
Loss = 3.1581e-01, PNorm = 45.8659, GNorm = 192.4761, lr_0 = 1.2301e-04
Loss = 2.4936e-01, PNorm = 45.8665, GNorm = 365.9593, lr_0 = 1.2330e-04
Loss = 2.6736e-01, PNorm = 45.8672, GNorm = 358.5664, lr_0 = 1.2359e-04
Loss = 2.4981e-01, PNorm = 45.8677, GNorm = 203.7332, lr_0 = 1.2387e-04
Loss = 2.8901e-01, PNorm = 45.8683, GNorm = 418.7925, lr_0 = 1.2416e-04
Loss = 3.4538e-01, PNorm = 45.8688, GNorm = 147.6230, lr_0 = 1.2445e-04
Loss = 3.0618e-01, PNorm = 45.8693, GNorm = 213.4659, lr_0 = 1.2474e-04
Loss = 3.5933e-01, PNorm = 45.8698, GNorm = 297.5912, lr_0 = 1.2502e-04
Loss = 2.5750e-01, PNorm = 45.8704, GNorm = 368.4936, lr_0 = 1.2531e-04
Loss = 2.7517e-01, PNorm = 45.8710, GNorm = 295.5928, lr_0 = 1.2560e-04
Loss = 2.1263e-01, PNorm = 45.8714, GNorm = 50.2635, lr_0 = 1.2588e-04
Loss = 2.1959e-01, PNorm = 45.8720, GNorm = 311.7840, lr_0 = 1.2617e-04
Loss = 2.3259e-01, PNorm = 45.8725, GNorm = 353.6631, lr_0 = 1.2646e-04
Loss = 3.8505e-01, PNorm = 45.8733, GNorm = 604.6281, lr_0 = 1.2675e-04
Loss = 4.1779e-01, PNorm = 45.8740, GNorm = 244.8071, lr_0 = 1.2703e-04
Loss = 7.0865e-01, PNorm = 45.8747, GNorm = 949.2802, lr_0 = 1.2732e-04
Loss = 3.0328e-01, PNorm = 45.8754, GNorm = 131.5467, lr_0 = 1.2761e-04
Loss = 3.5123e-01, PNorm = 45.8761, GNorm = 265.9956, lr_0 = 1.2790e-04
Loss = 2.4790e-01, PNorm = 45.8767, GNorm = 34.9318, lr_0 = 1.2818e-04
Loss = 4.0758e-01, PNorm = 45.8774, GNorm = 848.5114, lr_0 = 1.2847e-04
Loss = 7.0749e-01, PNorm = 45.8778, GNorm = 816.5970, lr_0 = 1.2876e-04
Loss = 4.7562e-01, PNorm = 45.8783, GNorm = 164.5815, lr_0 = 1.2904e-04
Loss = 3.0403e-01, PNorm = 45.8787, GNorm = 434.5995, lr_0 = 1.2933e-04
Loss = 4.2783e-01, PNorm = 45.8792, GNorm = 116.3623, lr_0 = 1.2962e-04
Loss = 3.6259e-01, PNorm = 45.8798, GNorm = 657.6379, lr_0 = 1.2991e-04
Loss = 3.3782e-01, PNorm = 45.8804, GNorm = 255.9691, lr_0 = 1.3019e-04
Loss = 3.3130e-01, PNorm = 45.8811, GNorm = 491.1628, lr_0 = 1.3048e-04
Loss = 3.6534e-01, PNorm = 45.8817, GNorm = 97.1902, lr_0 = 1.3077e-04
Loss = 3.0275e-01, PNorm = 45.8824, GNorm = 493.3081, lr_0 = 1.3106e-04
Loss = 3.4734e-01, PNorm = 45.8829, GNorm = 486.6530, lr_0 = 1.3134e-04
Loss = 5.7556e-01, PNorm = 45.8835, GNorm = 164.4413, lr_0 = 1.3163e-04
Loss = 4.6999e-01, PNorm = 45.8841, GNorm = 647.3492, lr_0 = 1.3192e-04
Loss = 3.3291e-01, PNorm = 45.8846, GNorm = 419.5008, lr_0 = 1.3220e-04
Loss = 5.0835e-01, PNorm = 45.8853, GNorm = 492.9431, lr_0 = 1.3249e-04
Loss = 4.1199e-01, PNorm = 45.8860, GNorm = 428.0091, lr_0 = 1.3278e-04
Loss = 6.3739e-01, PNorm = 45.8866, GNorm = 1181.3686, lr_0 = 1.3307e-04
Loss = 6.4312e-01, PNorm = 45.8870, GNorm = 491.7040, lr_0 = 1.3335e-04
Loss = 3.9851e-01, PNorm = 45.8877, GNorm = 304.3549, lr_0 = 1.3364e-04
Loss = 2.7552e-01, PNorm = 45.8884, GNorm = 46.9393, lr_0 = 1.3393e-04
Loss = 3.5334e-01, PNorm = 45.8893, GNorm = 184.0537, lr_0 = 1.3422e-04
Loss = 2.3194e-01, PNorm = 45.8901, GNorm = 284.4294, lr_0 = 1.3450e-04
Loss = 2.1798e-01, PNorm = 45.8906, GNorm = 39.0462, lr_0 = 1.3479e-04
Loss = 1.9190e-01, PNorm = 45.8911, GNorm = 302.4348, lr_0 = 1.3508e-04
Loss = 2.8027e-01, PNorm = 45.8917, GNorm = 652.4797, lr_0 = 1.3536e-04
Loss = 2.4558e-01, PNorm = 45.8921, GNorm = 510.9676, lr_0 = 1.3565e-04
Loss = 5.6287e-01, PNorm = 45.8927, GNorm = 349.9927, lr_0 = 1.3594e-04
Loss = 5.4362e-01, PNorm = 45.8935, GNorm = 97.5693, lr_0 = 1.3623e-04
Loss = 3.1409e-01, PNorm = 45.8942, GNorm = 96.3542, lr_0 = 1.3651e-04
Loss = 4.4936e-01, PNorm = 45.8948, GNorm = 848.7245, lr_0 = 1.3680e-04
Loss = 4.1750e-01, PNorm = 45.8954, GNorm = 134.8183, lr_0 = 1.3709e-04
Loss = 5.1048e-01, PNorm = 45.8958, GNorm = 121.4636, lr_0 = 1.3738e-04
Loss = 5.5958e-01, PNorm = 45.8963, GNorm = 613.4991, lr_0 = 1.3766e-04
Loss = 3.6328e-01, PNorm = 45.8966, GNorm = 162.1319, lr_0 = 1.3795e-04
Loss = 2.1999e-01, PNorm = 45.8972, GNorm = 114.2536, lr_0 = 1.3824e-04
Loss = 2.6212e-01, PNorm = 45.8981, GNorm = 106.2996, lr_0 = 1.3852e-04
Loss = 3.4732e-01, PNorm = 45.8989, GNorm = 729.4758, lr_0 = 1.3881e-04
Loss = 4.3842e-01, PNorm = 45.8998, GNorm = 583.5370, lr_0 = 1.3910e-04
Loss = 7.0475e-01, PNorm = 45.9002, GNorm = 201.2690, lr_0 = 1.3939e-04
Loss = 7.1902e-01, PNorm = 45.9007, GNorm = 135.7517, lr_0 = 1.3967e-04
Loss = 5.3068e-01, PNorm = 45.9014, GNorm = 574.2703, lr_0 = 1.3996e-04
Loss = 1.2285e+00, PNorm = 45.9021, GNorm = 1243.6719, lr_0 = 1.4025e-04
Loss = 1.1304e+00, PNorm = 45.9027, GNorm = 352.8172, lr_0 = 1.4054e-04
Loss = 1.6604e+00, PNorm = 45.9032, GNorm = 634.1626, lr_0 = 1.4082e-04
Loss = 1.1540e+00, PNorm = 45.9038, GNorm = 947.8347, lr_0 = 1.4111e-04
Loss = 1.2895e+00, PNorm = 45.9041, GNorm = 682.3514, lr_0 = 1.4140e-04
Loss = 4.7861e-01, PNorm = 45.9047, GNorm = 390.9552, lr_0 = 1.4168e-04
Loss = 5.4675e-01, PNorm = 45.9054, GNorm = 447.6562, lr_0 = 1.4197e-04
Loss = 7.8154e-01, PNorm = 45.9061, GNorm = 1083.3912, lr_0 = 1.4226e-04
Loss = 1.0155e+00, PNorm = 45.9060, GNorm = 376.4298, lr_0 = 1.4255e-04
Loss = 1.3776e+00, PNorm = 45.9061, GNorm = 806.8471, lr_0 = 1.4283e-04
Loss = 6.0406e-01, PNorm = 45.9068, GNorm = 408.1811, lr_0 = 1.4312e-04
Loss = 5.2229e-01, PNorm = 45.9078, GNorm = 62.8056, lr_0 = 1.4341e-04
Loss = 4.1578e-01, PNorm = 45.9084, GNorm = 233.5518, lr_0 = 1.4370e-04
Loss = 2.3098e-01, PNorm = 45.9089, GNorm = 279.6183, lr_0 = 1.4398e-04
Loss = 3.0981e-01, PNorm = 45.9094, GNorm = 197.9013, lr_0 = 1.4427e-04
Loss = 3.1273e-01, PNorm = 45.9101, GNorm = 122.5697, lr_0 = 1.4456e-04
Loss = 3.8729e-01, PNorm = 45.9107, GNorm = 674.4285, lr_0 = 1.4484e-04
Loss = 3.1164e-01, PNorm = 45.9116, GNorm = 113.9223, lr_0 = 1.4513e-04
Loss = 2.4418e-01, PNorm = 45.9124, GNorm = 79.0484, lr_0 = 1.4542e-04
Loss = 3.8319e-01, PNorm = 45.9131, GNorm = 630.8470, lr_0 = 1.4571e-04
Loss = 3.6168e-01, PNorm = 45.9137, GNorm = 223.7638, lr_0 = 1.4599e-04
Loss = 5.1290e-01, PNorm = 45.9142, GNorm = 389.8592, lr_0 = 1.4628e-04
Loss = 2.6033e-01, PNorm = 45.9147, GNorm = 30.7478, lr_0 = 1.4657e-04
Loss = 2.3851e-01, PNorm = 45.9152, GNorm = 38.2078, lr_0 = 1.4686e-04
Loss = 2.3796e-01, PNorm = 45.9160, GNorm = 63.3761, lr_0 = 1.4714e-04
Loss = 1.7932e-01, PNorm = 45.9167, GNorm = 132.8812, lr_0 = 1.4743e-04
Loss = 2.3146e-01, PNorm = 45.9173, GNorm = 461.0336, lr_0 = 1.4772e-04
Loss = 2.0723e-01, PNorm = 45.9177, GNorm = 329.4103, lr_0 = 1.4800e-04
Loss = 4.1712e-01, PNorm = 45.9184, GNorm = 308.7624, lr_0 = 1.4829e-04
Loss = 4.2138e-01, PNorm = 45.9189, GNorm = 545.7871, lr_0 = 1.4858e-04
Loss = 2.0082e-01, PNorm = 45.9194, GNorm = 152.0740, lr_0 = 1.4887e-04
Loss = 2.3930e-01, PNorm = 45.9201, GNorm = 46.2062, lr_0 = 1.4915e-04
Loss = 1.5516e-01, PNorm = 45.9207, GNorm = 141.2603, lr_0 = 1.4944e-04
Loss = 3.8138e-01, PNorm = 45.9213, GNorm = 176.0034, lr_0 = 1.4973e-04
Loss = 4.6234e-01, PNorm = 45.9217, GNorm = 612.9902, lr_0 = 1.5002e-04
Loss = 5.9696e-01, PNorm = 45.9223, GNorm = 84.8022, lr_0 = 1.5030e-04
Loss = 7.7951e-01, PNorm = 45.9228, GNorm = 957.1303, lr_0 = 1.5059e-04
Loss = 6.8241e-01, PNorm = 45.9232, GNorm = 399.2898, lr_0 = 1.5088e-04
Loss = 3.7364e-01, PNorm = 45.9239, GNorm = 490.2011, lr_0 = 1.5117e-04
Loss = 7.8477e-01, PNorm = 45.9242, GNorm = 433.2841, lr_0 = 1.5145e-04
Loss = 6.1572e-01, PNorm = 45.9247, GNorm = 680.9193, lr_0 = 1.5174e-04
Loss = 3.9031e-01, PNorm = 45.9253, GNorm = 537.0423, lr_0 = 1.5203e-04
Loss = 5.9320e-01, PNorm = 45.9257, GNorm = 720.3264, lr_0 = 1.5231e-04
Loss = 2.9738e-01, PNorm = 45.9262, GNorm = 63.7291, lr_0 = 1.5260e-04
Loss = 1.8584e-01, PNorm = 45.9268, GNorm = 43.1292, lr_0 = 1.5289e-04
Loss = 2.1143e-01, PNorm = 45.9275, GNorm = 297.1457, lr_0 = 1.5318e-04
Loss = 2.1815e-01, PNorm = 45.9282, GNorm = 36.8085, lr_0 = 1.5346e-04
Loss = 2.5432e-01, PNorm = 45.9290, GNorm = 426.3236, lr_0 = 1.5375e-04
Loss = 1.9196e-01, PNorm = 45.9296, GNorm = 33.9832, lr_0 = 1.5404e-04
Loss = 2.3917e-01, PNorm = 45.9304, GNorm = 96.5307, lr_0 = 1.5433e-04
Loss = 2.0523e-01, PNorm = 45.9310, GNorm = 379.9280, lr_0 = 1.5461e-04
Loss = 3.5208e-01, PNorm = 45.9315, GNorm = 522.3959, lr_0 = 1.5490e-04
Loss = 3.6302e-01, PNorm = 45.9320, GNorm = 582.6952, lr_0 = 1.5519e-04
Loss = 3.2623e-01, PNorm = 45.9325, GNorm = 434.9586, lr_0 = 1.5547e-04
Loss = 3.1880e-01, PNorm = 45.9332, GNorm = 107.0046, lr_0 = 1.5576e-04
Loss = 3.2543e-01, PNorm = 45.9339, GNorm = 251.9078, lr_0 = 1.5605e-04
Loss = 4.3737e-01, PNorm = 45.9345, GNorm = 101.2669, lr_0 = 1.5634e-04
Loss = 3.4903e-01, PNorm = 45.9352, GNorm = 98.7389, lr_0 = 1.5662e-04
Loss = 2.2002e-01, PNorm = 45.9359, GNorm = 177.3689, lr_0 = 1.5691e-04
Loss = 2.4079e-01, PNorm = 45.9366, GNorm = 33.3353, lr_0 = 1.5720e-04
Loss = 2.3301e-01, PNorm = 45.9374, GNorm = 221.2319, lr_0 = 1.5749e-04
Loss = 2.7948e-01, PNorm = 45.9382, GNorm = 553.1138, lr_0 = 1.5777e-04
Loss = 3.5748e-01, PNorm = 45.9391, GNorm = 492.2707, lr_0 = 1.5806e-04
Loss = 1.9933e-01, PNorm = 45.9400, GNorm = 45.4338, lr_0 = 1.5835e-04
Loss = 1.6732e-01, PNorm = 45.9408, GNorm = 308.0158, lr_0 = 1.5863e-04
Loss = 1.8163e-01, PNorm = 45.9414, GNorm = 203.6943, lr_0 = 1.5892e-04
Loss = 1.6522e-01, PNorm = 45.9420, GNorm = 55.8843, lr_0 = 1.5921e-04
Loss = 1.8431e-01, PNorm = 45.9428, GNorm = 45.6509, lr_0 = 1.5950e-04
Loss = 1.8799e-01, PNorm = 45.9435, GNorm = 50.9551, lr_0 = 1.5978e-04
Loss = 2.8453e-01, PNorm = 45.9442, GNorm = 547.7258, lr_0 = 1.6007e-04
Loss = 2.7755e-01, PNorm = 45.9449, GNorm = 104.7087, lr_0 = 1.6036e-04
Loss = 2.0233e-01, PNorm = 45.9458, GNorm = 206.7916, lr_0 = 1.6065e-04
Loss = 2.0608e-01, PNorm = 45.9466, GNorm = 163.8263, lr_0 = 1.6093e-04
Loss = 2.3972e-01, PNorm = 45.9475, GNorm = 463.6962, lr_0 = 1.6122e-04
Loss = 1.5559e-01, PNorm = 45.9481, GNorm = 89.1457, lr_0 = 1.6151e-04
Loss = 2.7974e-01, PNorm = 45.9489, GNorm = 325.6535, lr_0 = 1.6179e-04
Loss = 2.0235e-01, PNorm = 45.9496, GNorm = 137.8458, lr_0 = 1.6208e-04
Loss = 1.6088e-01, PNorm = 45.9502, GNorm = 76.7560, lr_0 = 1.6237e-04
Loss = 1.8232e-01, PNorm = 45.9510, GNorm = 377.8867, lr_0 = 1.6266e-04
Loss = 1.7254e-01, PNorm = 45.9519, GNorm = 95.2946, lr_0 = 1.6294e-04
Loss = 1.9780e-01, PNorm = 45.9527, GNorm = 148.6419, lr_0 = 1.6323e-04
Loss = 1.4005e-01, PNorm = 45.9533, GNorm = 266.0828, lr_0 = 1.6352e-04
Loss = 2.4449e-01, PNorm = 45.9538, GNorm = 293.7495, lr_0 = 1.6381e-04
Loss = 2.3463e-01, PNorm = 45.9544, GNorm = 368.2960, lr_0 = 1.6409e-04
Loss = 4.5035e-01, PNorm = 45.9548, GNorm = 336.3241, lr_0 = 1.6438e-04
Loss = 4.1503e-01, PNorm = 45.9553, GNorm = 323.6383, lr_0 = 1.6467e-04
Loss = 1.7158e-01, PNorm = 45.9560, GNorm = 37.3975, lr_0 = 1.6495e-04
Loss = 3.0750e-01, PNorm = 45.9571, GNorm = 562.6486, lr_0 = 1.6524e-04
Loss = 2.4481e-01, PNorm = 45.9582, GNorm = 76.8515, lr_0 = 1.6553e-04
Loss = 4.0762e-01, PNorm = 45.9590, GNorm = 668.2060, lr_0 = 1.6582e-04
Loss = 2.3243e-01, PNorm = 45.9596, GNorm = 123.7253, lr_0 = 1.6610e-04
Loss = 6.4926e-01, PNorm = 45.9603, GNorm = 148.6368, lr_0 = 1.6639e-04
Loss = 2.1719e-01, PNorm = 45.9611, GNorm = 52.7132, lr_0 = 1.6668e-04
Loss = 3.3500e-01, PNorm = 45.9618, GNorm = 287.5046, lr_0 = 1.6697e-04
Loss = 4.3658e-01, PNorm = 45.9626, GNorm = 101.9422, lr_0 = 1.6725e-04
Loss = 3.0896e-01, PNorm = 45.9634, GNorm = 215.3043, lr_0 = 1.6754e-04
Loss = 2.2429e-01, PNorm = 45.9640, GNorm = 99.4060, lr_0 = 1.6783e-04
Loss = 1.7410e-01, PNorm = 45.9649, GNorm = 187.2136, lr_0 = 1.6811e-04
Loss = 3.9208e-01, PNorm = 45.9658, GNorm = 411.2657, lr_0 = 1.6840e-04
Loss = 2.3006e-01, PNorm = 45.9665, GNorm = 173.6117, lr_0 = 1.6869e-04
Loss = 1.7311e-01, PNorm = 45.9673, GNorm = 44.9547, lr_0 = 1.6898e-04
Loss = 1.6627e-01, PNorm = 45.9682, GNorm = 183.7952, lr_0 = 1.6926e-04
Loss = 2.0864e-01, PNorm = 45.9689, GNorm = 268.3632, lr_0 = 1.6955e-04
Loss = 2.7302e-01, PNorm = 45.9698, GNorm = 46.2205, lr_0 = 1.6984e-04
Loss = 2.1520e-01, PNorm = 45.9707, GNorm = 121.4924, lr_0 = 1.7013e-04
Loss = 2.6601e-01, PNorm = 45.9717, GNorm = 297.9076, lr_0 = 1.7041e-04
Loss = 4.1884e-01, PNorm = 45.9730, GNorm = 335.7556, lr_0 = 1.7070e-04
Loss = 3.9837e-01, PNorm = 45.9739, GNorm = 195.5566, lr_0 = 1.7099e-04
Loss = 4.0893e-01, PNorm = 45.9749, GNorm = 185.8066, lr_0 = 1.7127e-04
Loss = 2.7655e-01, PNorm = 45.9756, GNorm = 206.9833, lr_0 = 1.7156e-04
Loss = 5.4372e-01, PNorm = 45.9766, GNorm = 741.5056, lr_0 = 1.7185e-04
Loss = 6.1089e-01, PNorm = 45.9773, GNorm = 558.3288, lr_0 = 1.7214e-04
Loss = 2.5531e-01, PNorm = 45.9784, GNorm = 29.5285, lr_0 = 1.7242e-04
Loss = 3.4715e-01, PNorm = 45.9792, GNorm = 57.4877, lr_0 = 1.7271e-04
Loss = 4.5391e-01, PNorm = 45.9799, GNorm = 361.8042, lr_0 = 1.7300e-04
Loss = 1.2491e+00, PNorm = 45.9813, GNorm = 400.1843, lr_0 = 1.7329e-04
Loss = 1.0239e+00, PNorm = 45.9828, GNorm = 178.5893, lr_0 = 1.7357e-04
Loss = 8.0607e+00, PNorm = 45.9845, GNorm = 1549.5863, lr_0 = 1.7386e-04
Loss = 4.7944e+00, PNorm = 45.9870, GNorm = 684.6422, lr_0 = 1.7415e-04
Loss = 3.1570e+00, PNorm = 45.9893, GNorm = 1217.3723, lr_0 = 1.7444e-04
Loss = 1.2070e+00, PNorm = 45.9914, GNorm = 727.5022, lr_0 = 1.7472e-04
Loss = 4.4800e-01, PNorm = 45.9936, GNorm = 210.5208, lr_0 = 1.7501e-04
Loss = 4.1628e-01, PNorm = 45.9957, GNorm = 51.2796, lr_0 = 1.7530e-04
Loss = 3.0420e-01, PNorm = 45.9973, GNorm = 35.7931, lr_0 = 1.7558e-04
Loss = 2.1215e-01, PNorm = 45.9985, GNorm = 103.6525, lr_0 = 1.7587e-04
Loss = 2.3362e-01, PNorm = 45.9997, GNorm = 75.4214, lr_0 = 1.7616e-04
Loss = 2.9374e-01, PNorm = 46.0007, GNorm = 204.0694, lr_0 = 1.7645e-04
Loss = 3.4128e-01, PNorm = 46.0018, GNorm = 106.3545, lr_0 = 1.7673e-04
Loss = 2.7034e-01, PNorm = 46.0026, GNorm = 254.3567, lr_0 = 1.7702e-04
Loss = 2.6370e-01, PNorm = 46.0033, GNorm = 70.9788, lr_0 = 1.7731e-04
Loss = 2.0482e-01, PNorm = 46.0041, GNorm = 66.2439, lr_0 = 1.7760e-04
Loss = 2.4285e-01, PNorm = 46.0052, GNorm = 187.0934, lr_0 = 1.7788e-04
Loss = 1.9033e-01, PNorm = 46.0062, GNorm = 89.5803, lr_0 = 1.7817e-04
Loss = 1.9859e-01, PNorm = 46.0071, GNorm = 28.8996, lr_0 = 1.7846e-04
Loss = 1.8224e-01, PNorm = 46.0080, GNorm = 33.1196, lr_0 = 1.7874e-04
Loss = 1.7322e-01, PNorm = 46.0087, GNorm = 124.4364, lr_0 = 1.7903e-04
Loss = 1.5146e-01, PNorm = 46.0096, GNorm = 38.0021, lr_0 = 1.7932e-04
Loss = 1.7450e-01, PNorm = 46.0106, GNorm = 45.6135, lr_0 = 1.7961e-04
Loss = 1.5963e-01, PNorm = 46.0113, GNorm = 61.7560, lr_0 = 1.7989e-04
Loss = 2.7455e-01, PNorm = 46.0121, GNorm = 146.7702, lr_0 = 1.8018e-04
Loss = 2.0729e-01, PNorm = 46.0131, GNorm = 140.9411, lr_0 = 1.8047e-04
Loss = 1.6640e-01, PNorm = 46.0142, GNorm = 50.8492, lr_0 = 1.8076e-04
Loss = 1.6708e-01, PNorm = 46.0153, GNorm = 29.6172, lr_0 = 1.8104e-04
Loss = 2.0398e-01, PNorm = 46.0164, GNorm = 105.5174, lr_0 = 1.8133e-04
Loss = 1.9710e-01, PNorm = 46.0175, GNorm = 18.4678, lr_0 = 1.8162e-04
Loss = 1.9765e-01, PNorm = 46.0185, GNorm = 58.1277, lr_0 = 1.8190e-04
Loss = 2.1773e-01, PNorm = 46.0194, GNorm = 164.3224, lr_0 = 1.8219e-04
Loss = 2.1067e-01, PNorm = 46.0202, GNorm = 124.7308, lr_0 = 1.8248e-04
Loss = 1.7183e-01, PNorm = 46.0210, GNorm = 29.6007, lr_0 = 1.8277e-04
Loss = 1.4741e-01, PNorm = 46.0219, GNorm = 9.7499, lr_0 = 1.8305e-04
Loss = 1.5055e-01, PNorm = 46.0229, GNorm = 31.0247, lr_0 = 1.8334e-04
Loss = 1.8361e-01, PNorm = 46.0242, GNorm = 8.1725, lr_0 = 1.8363e-04
Loss = 1.4846e-01, PNorm = 46.0254, GNorm = 33.8041, lr_0 = 1.8392e-04
Loss = 1.6495e-01, PNorm = 46.0264, GNorm = 42.8721, lr_0 = 1.8420e-04
Loss = 1.6340e-01, PNorm = 46.0272, GNorm = 95.1941, lr_0 = 1.8449e-04
Loss = 2.0875e-01, PNorm = 46.0285, GNorm = 152.1955, lr_0 = 1.8478e-04
Loss = 2.6922e-01, PNorm = 46.0297, GNorm = 213.6508, lr_0 = 1.8506e-04
Loss = 2.3035e-01, PNorm = 46.0308, GNorm = 43.8793, lr_0 = 1.8535e-04
Loss = 1.4270e-01, PNorm = 46.0320, GNorm = 40.8516, lr_0 = 1.8564e-04
Loss = 1.5242e-01, PNorm = 46.0334, GNorm = 11.7687, lr_0 = 1.8593e-04
Loss = 1.3781e-01, PNorm = 46.0347, GNorm = 52.0494, lr_0 = 1.8621e-04
Loss = 1.2954e-01, PNorm = 46.0355, GNorm = 8.4050, lr_0 = 1.8650e-04
Loss = 1.6319e-01, PNorm = 46.0361, GNorm = 203.9463, lr_0 = 1.8679e-04
Loss = 2.2803e-01, PNorm = 46.0369, GNorm = 181.8618, lr_0 = 1.8708e-04
Loss = 2.6440e-01, PNorm = 46.0376, GNorm = 127.7606, lr_0 = 1.8736e-04
Loss = 2.3768e-01, PNorm = 46.0387, GNorm = 237.5827, lr_0 = 1.8765e-04
Loss = 1.6487e-01, PNorm = 46.0396, GNorm = 8.5974, lr_0 = 1.8794e-04
Loss = 1.5331e-01, PNorm = 46.0402, GNorm = 7.9420, lr_0 = 1.8822e-04
Loss = 1.2425e-01, PNorm = 46.0407, GNorm = 20.8398, lr_0 = 1.8851e-04
Loss = 1.2912e-01, PNorm = 46.0416, GNorm = 21.7799, lr_0 = 1.8880e-04
Loss = 1.5996e-01, PNorm = 46.0426, GNorm = 16.7925, lr_0 = 1.8909e-04
Loss = 2.0122e-01, PNorm = 46.0434, GNorm = 74.2636, lr_0 = 1.8937e-04
Loss = 1.7933e-01, PNorm = 46.0448, GNorm = 131.0819, lr_0 = 1.8966e-04
Loss = 1.3979e-01, PNorm = 46.0460, GNorm = 18.8778, lr_0 = 1.8995e-04
Loss = 1.3061e-01, PNorm = 46.0467, GNorm = 111.0188, lr_0 = 1.9024e-04
Loss = 1.1735e-01, PNorm = 46.0477, GNorm = 99.6732, lr_0 = 1.9052e-04
Loss = 1.6723e-01, PNorm = 46.0484, GNorm = 40.7697, lr_0 = 1.9081e-04
Loss = 1.4930e-01, PNorm = 46.0493, GNorm = 13.1938, lr_0 = 1.9110e-04
Loss = 1.3282e-01, PNorm = 46.0502, GNorm = 94.3150, lr_0 = 1.9138e-04
Loss = 1.6861e-01, PNorm = 46.0511, GNorm = 128.3411, lr_0 = 1.9167e-04
Loss = 1.5851e-01, PNorm = 46.0525, GNorm = 66.7924, lr_0 = 1.9196e-04
Loss = 1.7040e-01, PNorm = 46.0538, GNorm = 119.4039, lr_0 = 1.9225e-04
Loss = 1.3413e-01, PNorm = 46.0548, GNorm = 45.6376, lr_0 = 1.9253e-04
Loss = 1.3138e-01, PNorm = 46.0558, GNorm = 195.6523, lr_0 = 1.9282e-04
Loss = 1.9483e-01, PNorm = 46.0565, GNorm = 113.1649, lr_0 = 1.9311e-04
Loss = 1.4486e-01, PNorm = 46.0573, GNorm = 52.7281, lr_0 = 1.9340e-04
Loss = 1.7906e-01, PNorm = 46.0584, GNorm = 77.8665, lr_0 = 1.9368e-04
Loss = 1.4899e-01, PNorm = 46.0595, GNorm = 52.4724, lr_0 = 1.9397e-04
Loss = 1.3587e-01, PNorm = 46.0601, GNorm = 117.9223, lr_0 = 1.9426e-04
Loss = 2.4488e-01, PNorm = 46.0608, GNorm = 287.1434, lr_0 = 1.9454e-04
Loss = 1.5133e-01, PNorm = 46.0617, GNorm = 123.3199, lr_0 = 1.9483e-04
Loss = 1.3074e-01, PNorm = 46.0627, GNorm = 44.9621, lr_0 = 1.9512e-04
Loss = 1.5756e-01, PNorm = 46.0639, GNorm = 126.9913, lr_0 = 1.9541e-04
Loss = 1.7902e-01, PNorm = 46.0648, GNorm = 79.7630, lr_0 = 1.9569e-04
Loss = 1.5360e-01, PNorm = 46.0656, GNorm = 42.3083, lr_0 = 1.9598e-04
Loss = 1.8552e-01, PNorm = 46.0664, GNorm = 160.1035, lr_0 = 1.9627e-04
Loss = 1.8233e-01, PNorm = 46.0674, GNorm = 51.4835, lr_0 = 1.9656e-04
Loss = 2.1571e-01, PNorm = 46.0684, GNorm = 244.5728, lr_0 = 1.9684e-04
Loss = 1.8204e-01, PNorm = 46.0692, GNorm = 158.7627, lr_0 = 1.9713e-04
Loss = 1.5431e-01, PNorm = 46.0703, GNorm = 54.4951, lr_0 = 1.9742e-04
Loss = 1.2890e-01, PNorm = 46.0714, GNorm = 65.0239, lr_0 = 1.9770e-04
Loss = 1.3816e-01, PNorm = 46.0723, GNorm = 26.0134, lr_0 = 1.9799e-04
Loss = 2.0098e-01, PNorm = 46.0732, GNorm = 162.2868, lr_0 = 1.9828e-04
Loss = 1.6632e-01, PNorm = 46.0741, GNorm = 56.0383, lr_0 = 1.9857e-04
Loss = 1.4573e-01, PNorm = 46.0751, GNorm = 42.3364, lr_0 = 1.9885e-04
Loss = 1.2650e-01, PNorm = 46.0759, GNorm = 22.0308, lr_0 = 1.9914e-04
Loss = 2.4129e-01, PNorm = 46.0774, GNorm = 247.7878, lr_0 = 1.9943e-04
Loss = 1.8647e-01, PNorm = 46.0786, GNorm = 134.7766, lr_0 = 1.9972e-04
Loss = 1.8052e-01, PNorm = 46.0796, GNorm = 122.1364, lr_0 = 2.0000e-04
Loss = 1.8690e-01, PNorm = 46.0807, GNorm = 77.8511, lr_0 = 2.0029e-04
Loss = 1.9794e-01, PNorm = 46.0819, GNorm = 16.4512, lr_0 = 2.0058e-04
Loss = 1.7188e-01, PNorm = 46.0831, GNorm = 194.1206, lr_0 = 2.0087e-04
Loss = 1.6422e-01, PNorm = 46.0841, GNorm = 156.1654, lr_0 = 2.0115e-04
Loss = 2.1448e-01, PNorm = 46.0850, GNorm = 177.9088, lr_0 = 2.0144e-04
Loss = 2.5980e-01, PNorm = 46.0858, GNorm = 112.3888, lr_0 = 2.0173e-04
Loss = 2.8020e-01, PNorm = 46.0870, GNorm = 255.9019, lr_0 = 2.0201e-04
Loss = 3.0129e-01, PNorm = 46.0881, GNorm = 218.6120, lr_0 = 2.0230e-04
Loss = 1.5507e-01, PNorm = 46.0894, GNorm = 125.5444, lr_0 = 2.0259e-04
Loss = 1.7713e-01, PNorm = 46.0907, GNorm = 48.8043, lr_0 = 2.0288e-04
Loss = 1.8871e-01, PNorm = 46.0910, GNorm = 114.2186, lr_0 = 2.0316e-04
Loss = 2.2045e-01, PNorm = 46.0919, GNorm = 236.4737, lr_0 = 2.0345e-04
Loss = 2.0261e-01, PNorm = 46.0928, GNorm = 86.1596, lr_0 = 2.0374e-04
Loss = 1.6010e-01, PNorm = 46.0939, GNorm = 88.8939, lr_0 = 2.0403e-04
Loss = 1.9158e-01, PNorm = 46.0948, GNorm = 64.5202, lr_0 = 2.0431e-04
Loss = 2.5184e-01, PNorm = 46.0957, GNorm = 199.5598, lr_0 = 2.0460e-04
Loss = 1.7603e-01, PNorm = 46.0969, GNorm = 99.5522, lr_0 = 2.0489e-04
Loss = 1.6045e-01, PNorm = 46.0983, GNorm = 149.9106, lr_0 = 2.0517e-04
Loss = 1.4528e-01, PNorm = 46.0992, GNorm = 8.9291, lr_0 = 2.0546e-04
Loss = 1.8496e-01, PNorm = 46.1002, GNorm = 170.2216, lr_0 = 2.0575e-04
Loss = 1.9478e-01, PNorm = 46.1017, GNorm = 116.4485, lr_0 = 2.0604e-04
Loss = 1.7849e-01, PNorm = 46.1030, GNorm = 185.6732, lr_0 = 2.0632e-04
Loss = 1.7556e-01, PNorm = 46.1044, GNorm = 76.8904, lr_0 = 2.0661e-04
Loss = 1.6019e-01, PNorm = 46.1057, GNorm = 128.6048, lr_0 = 2.0690e-04
Loss = 1.3282e-01, PNorm = 46.1068, GNorm = 34.1094, lr_0 = 2.0719e-04
Loss = 1.2007e-01, PNorm = 46.1076, GNorm = 36.2321, lr_0 = 2.0747e-04
Loss = 1.2283e-01, PNorm = 46.1082, GNorm = 75.9539, lr_0 = 2.0776e-04
Loss = 1.6137e-01, PNorm = 46.1092, GNorm = 100.3299, lr_0 = 2.0805e-04
Loss = 1.1097e-01, PNorm = 46.1102, GNorm = 38.7488, lr_0 = 2.0833e-04
Loss = 1.5174e-01, PNorm = 46.1114, GNorm = 82.2791, lr_0 = 2.0862e-04
Loss = 1.5668e-01, PNorm = 46.1127, GNorm = 154.2777, lr_0 = 2.0891e-04
Loss = 1.9419e-01, PNorm = 46.1142, GNorm = 211.0932, lr_0 = 2.0920e-04
Loss = 2.5338e-01, PNorm = 46.1155, GNorm = 266.2007, lr_0 = 2.0948e-04
Loss = 3.3609e-01, PNorm = 46.1165, GNorm = 84.2787, lr_0 = 2.0977e-04
Loss = 1.5680e-01, PNorm = 46.1184, GNorm = 125.3251, lr_0 = 2.1006e-04
Loss = 1.3295e-01, PNorm = 46.1199, GNorm = 110.3684, lr_0 = 2.1035e-04
Loss = 1.8171e-01, PNorm = 46.1212, GNorm = 112.9886, lr_0 = 2.1063e-04
Loss = 1.9414e-01, PNorm = 46.1222, GNorm = 128.1342, lr_0 = 2.1092e-04
Loss = 2.4628e-01, PNorm = 46.1232, GNorm = 160.4691, lr_0 = 2.1121e-04
Loss = 1.8907e-01, PNorm = 46.1240, GNorm = 62.5528, lr_0 = 2.1149e-04
Loss = 1.4172e-01, PNorm = 46.1250, GNorm = 21.2599, lr_0 = 2.1178e-04
Loss = 1.8270e-01, PNorm = 46.1256, GNorm = 38.9737, lr_0 = 2.1207e-04
Loss = 1.3546e-01, PNorm = 46.1270, GNorm = 18.6426, lr_0 = 2.1236e-04
Loss = 1.3677e-01, PNorm = 46.1282, GNorm = 40.9439, lr_0 = 2.1264e-04
Loss = 1.6124e-01, PNorm = 46.1297, GNorm = 91.8218, lr_0 = 2.1293e-04
Loss = 1.0991e-01, PNorm = 46.1309, GNorm = 21.4867, lr_0 = 2.1322e-04
Loss = 1.3714e-01, PNorm = 46.1317, GNorm = 30.4584, lr_0 = 2.1351e-04
Loss = 1.2023e-01, PNorm = 46.1327, GNorm = 71.3272, lr_0 = 2.1379e-04
Loss = 2.1202e-01, PNorm = 46.1338, GNorm = 119.4801, lr_0 = 2.1408e-04
Loss = 1.8773e-01, PNorm = 46.1348, GNorm = 96.5283, lr_0 = 2.1437e-04
Loss = 1.4423e-01, PNorm = 46.1358, GNorm = 127.7188, lr_0 = 2.1465e-04
Loss = 1.3183e-01, PNorm = 46.1370, GNorm = 162.4906, lr_0 = 2.1494e-04
Loss = 1.6050e-01, PNorm = 46.1381, GNorm = 159.3096, lr_0 = 2.1523e-04
Loss = 2.5630e-01, PNorm = 46.1391, GNorm = 70.6891, lr_0 = 2.1552e-04
Loss = 1.7099e-01, PNorm = 46.1403, GNorm = 169.1909, lr_0 = 2.1580e-04
Loss = 2.3234e-01, PNorm = 46.1411, GNorm = 92.0435, lr_0 = 2.1609e-04
Loss = 3.7772e-01, PNorm = 46.1423, GNorm = 307.4953, lr_0 = 2.1638e-04
Loss = 1.6110e-01, PNorm = 46.1437, GNorm = 24.3776, lr_0 = 2.1667e-04
Loss = 1.8165e-01, PNorm = 46.1446, GNorm = 213.3317, lr_0 = 2.1695e-04
Loss = 2.2247e-01, PNorm = 46.1457, GNorm = 129.8966, lr_0 = 2.1724e-04
Loss = 1.6388e-01, PNorm = 46.1471, GNorm = 50.5748, lr_0 = 2.1753e-04
Loss = 1.8145e-01, PNorm = 46.1486, GNorm = 109.6604, lr_0 = 2.1781e-04
Loss = 1.6849e-01, PNorm = 46.1509, GNorm = 111.6237, lr_0 = 2.1810e-04
Loss = 1.6013e-01, PNorm = 46.1524, GNorm = 250.8412, lr_0 = 2.1839e-04
Loss = 2.5927e-01, PNorm = 46.1535, GNorm = 64.2243, lr_0 = 2.1868e-04
Loss = 1.8241e-01, PNorm = 46.1546, GNorm = 10.5745, lr_0 = 2.1896e-04
Loss = 2.4370e-01, PNorm = 46.1560, GNorm = 284.2980, lr_0 = 2.1925e-04
Loss = 3.4745e-01, PNorm = 46.1577, GNorm = 57.9085, lr_0 = 2.1954e-04
Loss = 2.9699e-01, PNorm = 46.1588, GNorm = 128.3527, lr_0 = 2.1983e-04
Loss = 1.7286e-01, PNorm = 46.1605, GNorm = 55.3620, lr_0 = 2.2011e-04
Loss = 1.6786e-01, PNorm = 46.1620, GNorm = 96.1123, lr_0 = 2.2040e-04
Loss = 1.9851e-01, PNorm = 46.1634, GNorm = 125.3432, lr_0 = 2.2069e-04
Loss = 1.2833e-01, PNorm = 46.1647, GNorm = 17.5832, lr_0 = 2.2097e-04
Loss = 1.6957e-01, PNorm = 46.1662, GNorm = 176.4921, lr_0 = 2.2126e-04
Loss = 2.8316e-01, PNorm = 46.1673, GNorm = 434.1585, lr_0 = 2.2155e-04
Loss = 3.4306e-01, PNorm = 46.1685, GNorm = 274.9074, lr_0 = 2.2184e-04
Loss = 4.0268e-01, PNorm = 46.1693, GNorm = 216.0876, lr_0 = 2.2212e-04
Loss = 3.0956e-01, PNorm = 46.1699, GNorm = 185.1468, lr_0 = 2.2241e-04
Loss = 2.6101e-01, PNorm = 46.1717, GNorm = 194.0885, lr_0 = 2.2270e-04
Loss = 1.4978e-01, PNorm = 46.1737, GNorm = 32.5200, lr_0 = 2.2299e-04
Loss = 1.4950e-01, PNorm = 46.1757, GNorm = 64.6161, lr_0 = 2.2327e-04
Loss = 1.3770e-01, PNorm = 46.1777, GNorm = 99.0926, lr_0 = 2.2356e-04
Loss = 1.4109e-01, PNorm = 46.1798, GNorm = 60.2475, lr_0 = 2.2385e-04
Loss = 1.1951e-01, PNorm = 46.1818, GNorm = 39.9099, lr_0 = 2.2413e-04
Loss = 1.2689e-01, PNorm = 46.1831, GNorm = 25.2838, lr_0 = 2.2442e-04
Loss = 9.8804e-02, PNorm = 46.1844, GNorm = 9.0520, lr_0 = 2.2471e-04
Loss = 1.6001e-01, PNorm = 46.1857, GNorm = 157.6091, lr_0 = 2.2500e-04
Loss = 2.1418e-01, PNorm = 46.1863, GNorm = 94.4307, lr_0 = 2.2528e-04
Loss = 1.1638e-01, PNorm = 46.1873, GNorm = 15.7026, lr_0 = 2.2557e-04
Loss = 1.2581e-01, PNorm = 46.1888, GNorm = 63.2150, lr_0 = 2.2586e-04
Loss = 1.5407e-01, PNorm = 46.1901, GNorm = 7.9471, lr_0 = 2.2615e-04
Loss = 1.4753e-01, PNorm = 46.1911, GNorm = 12.9773, lr_0 = 2.2643e-04
Loss = 1.1150e-01, PNorm = 46.1922, GNorm = 28.1732, lr_0 = 2.2672e-04
Loss = 1.5533e-01, PNorm = 46.1935, GNorm = 18.2419, lr_0 = 2.2701e-04
Loss = 1.2501e-01, PNorm = 46.1946, GNorm = 52.1149, lr_0 = 2.2730e-04
Loss = 1.5431e-01, PNorm = 46.1963, GNorm = 30.0017, lr_0 = 2.2758e-04
Loss = 1.3735e-01, PNorm = 46.1985, GNorm = 68.2033, lr_0 = 2.2787e-04
Loss = 1.9481e-01, PNorm = 46.1997, GNorm = 168.5525, lr_0 = 2.2816e-04
Loss = 2.8858e-01, PNorm = 46.2012, GNorm = 244.5398, lr_0 = 2.2844e-04
Loss = 4.7256e-01, PNorm = 46.2034, GNorm = 35.6663, lr_0 = 2.2873e-04
Loss = 6.8308e-01, PNorm = 46.2046, GNorm = 343.8964, lr_0 = 2.2902e-04
Loss = 2.9612e-01, PNorm = 46.2053, GNorm = 141.7748, lr_0 = 2.2931e-04
Loss = 1.6177e-01, PNorm = 46.2060, GNorm = 142.8614, lr_0 = 2.2959e-04
Loss = 1.8004e-01, PNorm = 46.2068, GNorm = 200.0167, lr_0 = 2.2988e-04
Loss = 2.7033e-01, PNorm = 46.2078, GNorm = 55.3605, lr_0 = 2.3017e-04
Loss = 1.4409e-01, PNorm = 46.2092, GNorm = 72.2949, lr_0 = 2.3046e-04
Loss = 1.0482e-01, PNorm = 46.2108, GNorm = 41.7872, lr_0 = 2.3074e-04
Loss = 1.3021e-01, PNorm = 46.2120, GNorm = 38.1592, lr_0 = 2.3103e-04
Loss = 1.2138e-01, PNorm = 46.2134, GNorm = 48.6562, lr_0 = 2.3132e-04
Loss = 1.2043e-01, PNorm = 46.2152, GNorm = 14.6474, lr_0 = 2.3160e-04
Loss = 1.2643e-01, PNorm = 46.2170, GNorm = 95.0382, lr_0 = 2.3189e-04
Loss = 1.3386e-01, PNorm = 46.2191, GNorm = 30.5728, lr_0 = 2.3218e-04
Loss = 1.1891e-01, PNorm = 46.2207, GNorm = 87.3003, lr_0 = 2.3247e-04
Loss = 1.1845e-01, PNorm = 46.2217, GNorm = 89.0708, lr_0 = 2.3275e-04
Loss = 1.3582e-01, PNorm = 46.2231, GNorm = 57.6764, lr_0 = 2.3304e-04
Loss = 1.3389e-01, PNorm = 46.2248, GNorm = 106.1760, lr_0 = 2.3333e-04
Loss = 8.4431e-02, PNorm = 46.2262, GNorm = 16.6680, lr_0 = 2.3362e-04
Loss = 1.8679e-01, PNorm = 46.2273, GNorm = 88.4867, lr_0 = 2.3390e-04
Loss = 1.2341e-01, PNorm = 46.2282, GNorm = 37.9754, lr_0 = 2.3419e-04
Loss = 1.1953e-01, PNorm = 46.2295, GNorm = 115.9412, lr_0 = 2.3448e-04
Loss = 1.0312e-01, PNorm = 46.2306, GNorm = 73.7560, lr_0 = 2.3476e-04
Loss = 1.5362e-01, PNorm = 46.2318, GNorm = 126.6041, lr_0 = 2.3505e-04
Loss = 1.4763e-01, PNorm = 46.2330, GNorm = 48.4877, lr_0 = 2.3534e-04
Loss = 2.6506e-01, PNorm = 46.2347, GNorm = 289.5416, lr_0 = 2.3563e-04
Loss = 3.5352e-01, PNorm = 46.2366, GNorm = 17.7555, lr_0 = 2.3591e-04
Loss = 2.2718e-01, PNorm = 46.2387, GNorm = 107.4163, lr_0 = 2.3620e-04
Loss = 1.9356e-01, PNorm = 46.2400, GNorm = 103.1035, lr_0 = 2.3649e-04
Loss = 1.9334e-01, PNorm = 46.2415, GNorm = 26.9355, lr_0 = 2.3678e-04
Loss = 2.6853e-01, PNorm = 46.2432, GNorm = 298.6870, lr_0 = 2.3706e-04
Loss = 4.5320e-01, PNorm = 46.2447, GNorm = 119.0536, lr_0 = 2.3735e-04
Loss = 6.7051e-01, PNorm = 46.2477, GNorm = 17.2273, lr_0 = 2.3764e-04
Loss = 4.7950e-01, PNorm = 46.2510, GNorm = 179.0013, lr_0 = 2.3792e-04
Loss = 2.3478e-01, PNorm = 46.2531, GNorm = 122.9053, lr_0 = 2.3821e-04
Loss = 1.7070e-01, PNorm = 46.2557, GNorm = 62.3262, lr_0 = 2.3850e-04
Loss = 1.5379e-01, PNorm = 46.2579, GNorm = 110.7147, lr_0 = 2.3879e-04
Loss = 1.6738e-01, PNorm = 46.2595, GNorm = 146.0101, lr_0 = 2.3907e-04
Loss = 1.2013e-01, PNorm = 46.2614, GNorm = 54.1333, lr_0 = 2.3936e-04
Loss = 1.6322e-01, PNorm = 46.2628, GNorm = 94.1657, lr_0 = 2.3965e-04
Loss = 1.6807e-01, PNorm = 46.2642, GNorm = 94.6691, lr_0 = 2.3994e-04
Loss = 1.1796e-01, PNorm = 46.2657, GNorm = 34.3103, lr_0 = 2.4022e-04
Loss = 1.1220e-01, PNorm = 46.2678, GNorm = 27.9177, lr_0 = 2.4051e-04
Loss = 1.1154e-01, PNorm = 46.2699, GNorm = 86.3650, lr_0 = 2.4080e-04
Loss = 1.2077e-01, PNorm = 46.2720, GNorm = 52.5755, lr_0 = 2.4108e-04
Loss = 1.2632e-01, PNorm = 46.2732, GNorm = 58.0423, lr_0 = 2.4137e-04
Loss = 1.4397e-01, PNorm = 46.2750, GNorm = 95.2906, lr_0 = 2.4166e-04
Loss = 1.4007e-01, PNorm = 46.2770, GNorm = 31.0579, lr_0 = 2.4195e-04
Loss = 1.5129e-01, PNorm = 46.2784, GNorm = 55.8993, lr_0 = 2.4223e-04
Loss = 1.2627e-01, PNorm = 46.2797, GNorm = 61.8430, lr_0 = 2.4252e-04
Loss = 1.2819e-01, PNorm = 46.2813, GNorm = 43.4656, lr_0 = 2.4281e-04
Loss = 1.3607e-01, PNorm = 46.2828, GNorm = 107.5691, lr_0 = 2.4310e-04
Loss = 1.7919e-01, PNorm = 46.2843, GNorm = 102.8178, lr_0 = 2.4338e-04
Loss = 1.7159e-01, PNorm = 46.2867, GNorm = 31.8468, lr_0 = 2.4367e-04
Loss = 1.8166e-01, PNorm = 46.2888, GNorm = 81.7445, lr_0 = 2.4396e-04
Loss = 1.4273e-01, PNorm = 46.2910, GNorm = 21.3323, lr_0 = 2.4424e-04
Loss = 9.4746e-02, PNorm = 46.2929, GNorm = 22.7499, lr_0 = 2.4453e-04
Loss = 9.9897e-02, PNorm = 46.2943, GNorm = 21.5147, lr_0 = 2.4482e-04
Loss = 9.4312e-02, PNorm = 46.2962, GNorm = 56.2791, lr_0 = 2.4511e-04
Loss = 1.2881e-01, PNorm = 46.2980, GNorm = 42.3565, lr_0 = 2.4539e-04
Loss = 1.0813e-01, PNorm = 46.3006, GNorm = 12.0756, lr_0 = 2.4568e-04
Loss = 9.7122e-02, PNorm = 46.3023, GNorm = 26.8420, lr_0 = 2.4597e-04
Loss = 1.3295e-01, PNorm = 46.3040, GNorm = 165.7381, lr_0 = 2.4626e-04
Loss = 1.2943e-01, PNorm = 46.3058, GNorm = 107.3706, lr_0 = 2.4654e-04
Loss = 1.2673e-01, PNorm = 46.3076, GNorm = 46.0193, lr_0 = 2.4683e-04
Loss = 1.0961e-01, PNorm = 46.3095, GNorm = 45.0690, lr_0 = 2.4712e-04
Loss = 9.0954e-02, PNorm = 46.3112, GNorm = 20.5187, lr_0 = 2.4740e-04
Loss = 1.0216e-01, PNorm = 46.3125, GNorm = 25.4433, lr_0 = 2.4769e-04
Loss = 8.4656e-02, PNorm = 46.3136, GNorm = 8.0193, lr_0 = 2.4798e-04
Loss = 1.1033e-01, PNorm = 46.3149, GNorm = 83.3563, lr_0 = 2.4827e-04
Loss = 1.1968e-01, PNorm = 46.3167, GNorm = 63.8245, lr_0 = 2.4855e-04
Loss = 1.7688e-01, PNorm = 46.3185, GNorm = 86.3009, lr_0 = 2.4884e-04
Loss = 1.1368e-01, PNorm = 46.3204, GNorm = 85.6743, lr_0 = 2.4913e-04
Loss = 1.7306e-01, PNorm = 46.3226, GNorm = 105.5974, lr_0 = 2.4942e-04
Loss = 2.1735e-01, PNorm = 46.3245, GNorm = 73.6549, lr_0 = 2.4970e-04
Loss = 1.3474e-01, PNorm = 46.3264, GNorm = 26.3277, lr_0 = 2.4999e-04
Loss = 9.5667e-02, PNorm = 46.3284, GNorm = 38.4342, lr_0 = 2.5028e-04
Loss = 1.0287e-01, PNorm = 46.3306, GNorm = 62.2658, lr_0 = 2.5056e-04
Loss = 1.0189e-01, PNorm = 46.3318, GNorm = 27.3748, lr_0 = 2.5085e-04
Loss = 1.4275e-01, PNorm = 46.3326, GNorm = 122.5838, lr_0 = 2.5114e-04
Loss = 1.5573e-01, PNorm = 46.3341, GNorm = 7.0778, lr_0 = 2.5143e-04
Loss = 1.4464e-01, PNorm = 46.3351, GNorm = 78.9045, lr_0 = 2.5171e-04
Loss = 1.1090e-01, PNorm = 46.3368, GNorm = 30.1884, lr_0 = 2.5200e-04
Loss = 1.3999e-01, PNorm = 46.3383, GNorm = 56.8174, lr_0 = 2.5229e-04
Loss = 1.4517e-01, PNorm = 46.3398, GNorm = 38.6869, lr_0 = 2.5258e-04
Loss = 1.0685e-01, PNorm = 46.3408, GNorm = 98.4921, lr_0 = 2.5286e-04
Loss = 1.5715e-01, PNorm = 46.3433, GNorm = 68.7493, lr_0 = 2.5315e-04
Loss = 1.2378e-01, PNorm = 46.3449, GNorm = 19.8392, lr_0 = 2.5344e-04
Loss = 1.5783e-01, PNorm = 46.3470, GNorm = 67.6049, lr_0 = 2.5373e-04
Loss = 1.3317e-01, PNorm = 46.3491, GNorm = 61.0484, lr_0 = 2.5401e-04
Loss = 1.2627e-01, PNorm = 46.3503, GNorm = 46.9454, lr_0 = 2.5430e-04
Loss = 1.3889e-01, PNorm = 46.3519, GNorm = 79.9168, lr_0 = 2.5459e-04
Loss = 1.1491e-01, PNorm = 46.3536, GNorm = 63.1998, lr_0 = 2.5487e-04
Loss = 1.0550e-01, PNorm = 46.3552, GNorm = 64.0718, lr_0 = 2.5516e-04
Loss = 1.1506e-01, PNorm = 46.3570, GNorm = 21.8494, lr_0 = 2.5545e-04
Loss = 1.2198e-01, PNorm = 46.3586, GNorm = 75.9838, lr_0 = 2.5574e-04
Loss = 1.0466e-01, PNorm = 46.3600, GNorm = 18.6885, lr_0 = 2.5602e-04
Loss = 1.2168e-01, PNorm = 46.3615, GNorm = 93.9877, lr_0 = 2.5631e-04
Loss = 1.2982e-01, PNorm = 46.3631, GNorm = 109.6651, lr_0 = 2.5660e-04
Loss = 2.0625e-01, PNorm = 46.3653, GNorm = 121.8381, lr_0 = 2.5689e-04
Loss = 1.6731e-01, PNorm = 46.3671, GNorm = 9.2306, lr_0 = 2.5717e-04
Loss = 1.8781e-01, PNorm = 46.3692, GNorm = 58.5603, lr_0 = 2.5746e-04
Loss = 1.0321e-01, PNorm = 46.3716, GNorm = 22.0468, lr_0 = 2.5775e-04
Loss = 1.1649e-01, PNorm = 46.3729, GNorm = 46.1145, lr_0 = 2.5803e-04
Loss = 1.8943e-01, PNorm = 46.3751, GNorm = 108.9326, lr_0 = 2.5832e-04
Loss = 1.5729e-01, PNorm = 46.3776, GNorm = 74.9696, lr_0 = 2.5861e-04
Loss = 1.7352e-01, PNorm = 46.3802, GNorm = 71.5911, lr_0 = 2.5890e-04
Loss = 1.5035e-01, PNorm = 46.3815, GNorm = 91.9704, lr_0 = 2.5918e-04
Loss = 1.5983e-01, PNorm = 46.3829, GNorm = 48.5237, lr_0 = 2.5947e-04
Loss = 1.1043e-01, PNorm = 46.3855, GNorm = 16.5659, lr_0 = 2.5976e-04
Loss = 1.1037e-01, PNorm = 46.3874, GNorm = 40.6477, lr_0 = 2.6005e-04
Loss = 1.1607e-01, PNorm = 46.3897, GNorm = 44.4021, lr_0 = 2.6033e-04
Loss = 1.1905e-01, PNorm = 46.3919, GNorm = 128.7489, lr_0 = 2.6062e-04
Loss = 1.5727e-01, PNorm = 46.3934, GNorm = 35.8320, lr_0 = 2.6091e-04
Loss = 1.6682e-01, PNorm = 46.3953, GNorm = 67.6978, lr_0 = 2.6119e-04
Loss = 2.2700e-01, PNorm = 46.3966, GNorm = 127.0575, lr_0 = 2.6148e-04
Loss = 2.3113e-01, PNorm = 46.3982, GNorm = 61.4400, lr_0 = 2.6177e-04
Loss = 1.5187e-01, PNorm = 46.4001, GNorm = 65.6191, lr_0 = 2.6206e-04
Loss = 1.8223e-01, PNorm = 46.4022, GNorm = 117.6875, lr_0 = 2.6234e-04
Loss = 2.8755e-01, PNorm = 46.4049, GNorm = 52.9343, lr_0 = 2.6263e-04
Loss = 2.8860e-01, PNorm = 46.4078, GNorm = 162.8188, lr_0 = 2.6292e-04
Loss = 1.8763e-01, PNorm = 46.4111, GNorm = 86.5115, lr_0 = 2.6321e-04
Loss = 1.3960e-01, PNorm = 46.4140, GNorm = 14.7350, lr_0 = 2.6349e-04
Loss = 1.0279e-01, PNorm = 46.4159, GNorm = 19.7604, lr_0 = 2.6378e-04
Loss = 1.7362e-01, PNorm = 46.4181, GNorm = 134.1927, lr_0 = 2.6407e-04
Loss = 3.7849e-01, PNorm = 46.4204, GNorm = 111.2007, lr_0 = 2.6435e-04
Loss = 1.5108e-01, PNorm = 46.4223, GNorm = 79.6851, lr_0 = 2.6464e-04
Loss = 1.7062e-01, PNorm = 46.4250, GNorm = 105.7286, lr_0 = 2.6493e-04
Loss = 1.7706e-01, PNorm = 46.4278, GNorm = 70.4386, lr_0 = 2.6522e-04
Loss = 1.8896e-01, PNorm = 46.4297, GNorm = 113.7215, lr_0 = 2.6550e-04
Loss = 2.1004e-01, PNorm = 46.4318, GNorm = 110.0771, lr_0 = 2.6579e-04
Loss = 1.4508e-01, PNorm = 46.4336, GNorm = 58.1555, lr_0 = 2.6608e-04
Loss = 1.4728e-01, PNorm = 46.4360, GNorm = 50.1832, lr_0 = 2.6637e-04
Loss = 9.7533e-02, PNorm = 46.4386, GNorm = 45.0914, lr_0 = 2.6665e-04
Loss = 1.0172e-01, PNorm = 46.4408, GNorm = 70.0227, lr_0 = 2.6694e-04
Loss = 1.0450e-01, PNorm = 46.4426, GNorm = 32.8237, lr_0 = 2.6723e-04
Loss = 1.0288e-01, PNorm = 46.4446, GNorm = 62.2171, lr_0 = 2.6751e-04
Loss = 9.7898e-02, PNorm = 46.4458, GNorm = 35.3350, lr_0 = 2.6780e-04
Loss = 7.5343e-02, PNorm = 46.4466, GNorm = 4.6073, lr_0 = 2.6809e-04
Loss = 8.5261e-02, PNorm = 46.4478, GNorm = 4.9381, lr_0 = 2.6838e-04
Loss = 9.8924e-02, PNorm = 46.4493, GNorm = 11.6663, lr_0 = 2.6866e-04
Loss = 9.5949e-02, PNorm = 46.4509, GNorm = 31.0883, lr_0 = 2.6895e-04
Loss = 1.0588e-01, PNorm = 46.4522, GNorm = 65.3145, lr_0 = 2.6924e-04
Loss = 1.0716e-01, PNorm = 46.4541, GNorm = 36.9788, lr_0 = 2.6953e-04
Loss = 1.4419e-01, PNorm = 46.4552, GNorm = 29.3205, lr_0 = 2.6981e-04
Loss = 1.0701e-01, PNorm = 46.4567, GNorm = 81.7743, lr_0 = 2.7010e-04
Loss = 1.6622e-01, PNorm = 46.4586, GNorm = 127.6129, lr_0 = 2.7039e-04
Loss = 1.0607e-01, PNorm = 46.4602, GNorm = 19.9953, lr_0 = 2.7067e-04
Loss = 9.6806e-02, PNorm = 46.4616, GNorm = 29.6915, lr_0 = 2.7096e-04
Loss = 8.9731e-02, PNorm = 46.4636, GNorm = 28.1431, lr_0 = 2.7125e-04
Loss = 8.5763e-02, PNorm = 46.4652, GNorm = 48.0933, lr_0 = 2.7154e-04
Loss = 1.1442e-01, PNorm = 46.4671, GNorm = 107.0886, lr_0 = 2.7182e-04
Loss = 1.5552e-01, PNorm = 46.4691, GNorm = 38.0938, lr_0 = 2.7211e-04
Loss = 1.7461e-01, PNorm = 46.4719, GNorm = 39.8436, lr_0 = 2.7240e-04
Loss = 1.1042e-01, PNorm = 46.4741, GNorm = 59.9008, lr_0 = 2.7269e-04
Loss = 9.8146e-02, PNorm = 46.4765, GNorm = 64.6345, lr_0 = 2.7297e-04
Loss = 8.7670e-02, PNorm = 46.4789, GNorm = 8.3704, lr_0 = 2.7326e-04
Loss = 8.2025e-02, PNorm = 46.4809, GNorm = 30.9661, lr_0 = 2.7355e-04
Loss = 1.1509e-01, PNorm = 46.4828, GNorm = 97.3137, lr_0 = 2.7383e-04
Loss = 2.0908e-01, PNorm = 46.4847, GNorm = 179.9032, lr_0 = 2.7412e-04
Loss = 2.5051e-01, PNorm = 46.4873, GNorm = 31.1799, lr_0 = 2.7441e-04
Loss = 1.0505e-01, PNorm = 46.4898, GNorm = 48.3222, lr_0 = 2.7470e-04
Loss = 1.1358e-01, PNorm = 46.4912, GNorm = 44.7454, lr_0 = 2.7498e-04
Loss = 1.1947e-01, PNorm = 46.4933, GNorm = 17.0901, lr_0 = 2.7527e-04
Loss = 1.3004e-01, PNorm = 46.4953, GNorm = 30.5662, lr_0 = 2.7556e-04
Loss = 2.0175e-01, PNorm = 46.4975, GNorm = 109.1523, lr_0 = 2.7585e-04
Loss = 1.0535e-01, PNorm = 46.5002, GNorm = 40.4340, lr_0 = 2.7613e-04
Loss = 9.5804e-02, PNorm = 46.5024, GNorm = 8.5758, lr_0 = 2.7642e-04
Loss = 9.9555e-02, PNorm = 46.5044, GNorm = 15.8970, lr_0 = 2.7671e-04
Loss = 8.7026e-02, PNorm = 46.5066, GNorm = 60.5621, lr_0 = 2.7700e-04
Loss = 1.2089e-01, PNorm = 46.5089, GNorm = 36.0990, lr_0 = 2.7728e-04
Loss = 8.7260e-02, PNorm = 46.5111, GNorm = 26.0672, lr_0 = 2.7757e-04
Loss = 8.1256e-02, PNorm = 46.5130, GNorm = 15.0867, lr_0 = 2.7786e-04
Loss = 8.5625e-02, PNorm = 46.5148, GNorm = 7.2144, lr_0 = 2.7814e-04
Loss = 1.3292e-01, PNorm = 46.5160, GNorm = 4.9249, lr_0 = 2.7843e-04
Loss = 1.4120e-01, PNorm = 46.5181, GNorm = 3.7943, lr_0 = 2.7872e-04
Loss = 1.2293e-01, PNorm = 46.5200, GNorm = 52.1471, lr_0 = 2.7901e-04
Loss = 8.4983e-02, PNorm = 46.5220, GNorm = 16.3435, lr_0 = 2.7929e-04
Loss = 7.3365e-02, PNorm = 46.5240, GNorm = 10.2017, lr_0 = 2.7958e-04
Loss = 8.9782e-02, PNorm = 46.5263, GNorm = 30.2069, lr_0 = 2.7987e-04
Loss = 1.1995e-01, PNorm = 46.5280, GNorm = 95.3815, lr_0 = 2.8016e-04
Loss = 1.2654e-01, PNorm = 46.5296, GNorm = 65.3408, lr_0 = 2.8044e-04
Loss = 1.3351e-01, PNorm = 46.5311, GNorm = 18.4844, lr_0 = 2.8073e-04
Loss = 1.1385e-01, PNorm = 46.5323, GNorm = 32.0077, lr_0 = 2.8102e-04
Loss = 9.5962e-02, PNorm = 46.5334, GNorm = 42.9526, lr_0 = 2.8130e-04
Loss = 8.5548e-02, PNorm = 46.5355, GNorm = 17.8085, lr_0 = 2.8159e-04
Loss = 8.6302e-02, PNorm = 46.5376, GNorm = 24.7296, lr_0 = 2.8188e-04
Loss = 7.9635e-02, PNorm = 46.5396, GNorm = 16.5606, lr_0 = 2.8217e-04
Loss = 8.8287e-02, PNorm = 46.5417, GNorm = 74.6858, lr_0 = 2.8245e-04
Loss = 1.0200e-01, PNorm = 46.5434, GNorm = 39.7923, lr_0 = 2.8274e-04
Loss = 1.7456e-01, PNorm = 46.5448, GNorm = 108.0104, lr_0 = 2.8303e-04
Loss = 1.4578e-01, PNorm = 46.5465, GNorm = 66.3745, lr_0 = 2.8332e-04
Loss = 1.3835e-01, PNorm = 46.5490, GNorm = 56.6608, lr_0 = 2.8360e-04
Loss = 3.1711e-01, PNorm = 46.5517, GNorm = 32.3176, lr_0 = 2.8389e-04
Loss = 2.3900e-01, PNorm = 46.5543, GNorm = 88.5265, lr_0 = 2.8418e-04
Loss = 1.9073e-01, PNorm = 46.5561, GNorm = 52.8219, lr_0 = 2.8446e-04
Loss = 1.0872e-01, PNorm = 46.5590, GNorm = 18.4833, lr_0 = 2.8475e-04
Loss = 8.8177e-02, PNorm = 46.5617, GNorm = 32.2345, lr_0 = 2.8504e-04
Loss = 8.3992e-02, PNorm = 46.5643, GNorm = 23.4009, lr_0 = 2.8533e-04
Loss = 1.0323e-01, PNorm = 46.5667, GNorm = 35.1748, lr_0 = 2.8561e-04
Loss = 1.1945e-01, PNorm = 46.5693, GNorm = 10.2828, lr_0 = 2.8590e-04
Loss = 8.2115e-02, PNorm = 46.5714, GNorm = 31.6152, lr_0 = 2.8619e-04
Loss = 1.0587e-01, PNorm = 46.5729, GNorm = 76.7830, lr_0 = 2.8648e-04
Loss = 1.4301e-01, PNorm = 46.5749, GNorm = 37.3375, lr_0 = 2.8676e-04
Loss = 1.2774e-01, PNorm = 46.5768, GNorm = 18.8647, lr_0 = 2.8705e-04
Loss = 1.0045e-01, PNorm = 46.5794, GNorm = 23.9655, lr_0 = 2.8734e-04
Loss = 8.3112e-02, PNorm = 46.5816, GNorm = 17.5946, lr_0 = 2.8762e-04
Loss = 8.3622e-02, PNorm = 46.5846, GNorm = 6.2741, lr_0 = 2.8791e-04
Loss = 1.0918e-01, PNorm = 46.5869, GNorm = 15.3441, lr_0 = 2.8820e-04
Loss = 9.8106e-02, PNorm = 46.5884, GNorm = 3.5014, lr_0 = 2.8849e-04
Loss = 8.6398e-02, PNorm = 46.5910, GNorm = 34.7782, lr_0 = 2.8877e-04
Loss = 8.8474e-02, PNorm = 46.5933, GNorm = 7.9206, lr_0 = 2.8906e-04
Loss = 1.2979e-01, PNorm = 46.5946, GNorm = 43.8975, lr_0 = 2.8935e-04
Loss = 1.0104e-01, PNorm = 46.5963, GNorm = 43.1461, lr_0 = 2.8964e-04
Loss = 7.2528e-02, PNorm = 46.5983, GNorm = 28.7515, lr_0 = 2.8992e-04
Loss = 6.8533e-02, PNorm = 46.6004, GNorm = 6.7344, lr_0 = 2.9021e-04
Loss = 1.2121e-01, PNorm = 46.6019, GNorm = 5.1383, lr_0 = 2.9050e-04
Loss = 7.2321e-02, PNorm = 46.6037, GNorm = 18.5640, lr_0 = 2.9078e-04
Loss = 1.0229e-01, PNorm = 46.6055, GNorm = 21.0223, lr_0 = 2.9107e-04
Loss = 1.0810e-01, PNorm = 46.6077, GNorm = 57.3326, lr_0 = 2.9136e-04
Loss = 1.7874e-01, PNorm = 46.6097, GNorm = 8.4974, lr_0 = 2.9165e-04
Loss = 2.0187e-01, PNorm = 46.6122, GNorm = 72.6718, lr_0 = 2.9193e-04
Loss = 1.2474e-01, PNorm = 46.6152, GNorm = 31.1021, lr_0 = 2.9222e-04
Loss = 7.9507e-02, PNorm = 46.6175, GNorm = 11.7971, lr_0 = 2.9251e-04
Loss = 9.0124e-02, PNorm = 46.6193, GNorm = 19.5845, lr_0 = 2.9280e-04
Loss = 1.0380e-01, PNorm = 46.6213, GNorm = 54.5501, lr_0 = 2.9308e-04
Loss = 1.1444e-01, PNorm = 46.6228, GNorm = 43.5388, lr_0 = 2.9337e-04
Loss = 7.8466e-02, PNorm = 46.6249, GNorm = 33.8145, lr_0 = 2.9366e-04
Loss = 1.1302e-01, PNorm = 46.6274, GNorm = 3.5097, lr_0 = 2.9394e-04
Loss = 9.5480e-02, PNorm = 46.6298, GNorm = 17.0271, lr_0 = 2.9423e-04
Loss = 9.5002e-02, PNorm = 46.6317, GNorm = 38.7902, lr_0 = 2.9452e-04
Loss = 8.5044e-02, PNorm = 46.6334, GNorm = 23.6949, lr_0 = 2.9481e-04
Loss = 7.9419e-02, PNorm = 46.6351, GNorm = 18.9036, lr_0 = 2.9509e-04
Loss = 1.0351e-01, PNorm = 46.6368, GNorm = 60.3187, lr_0 = 2.9538e-04
Loss = 1.1735e-01, PNorm = 46.6393, GNorm = 40.5293, lr_0 = 2.9567e-04
Loss = 8.7022e-02, PNorm = 46.6417, GNorm = 6.7720, lr_0 = 2.9596e-04
Loss = 1.0443e-01, PNorm = 46.6437, GNorm = 43.1828, lr_0 = 2.9624e-04
Loss = 1.0885e-01, PNorm = 46.6455, GNorm = 17.4706, lr_0 = 2.9653e-04
Loss = 1.0077e-01, PNorm = 46.6478, GNorm = 32.3923, lr_0 = 2.9682e-04
Loss = 8.0611e-02, PNorm = 46.6501, GNorm = 14.7374, lr_0 = 2.9710e-04
Loss = 7.5118e-02, PNorm = 46.6520, GNorm = 4.9253, lr_0 = 2.9739e-04
Loss = 6.7696e-02, PNorm = 46.6551, GNorm = 34.1099, lr_0 = 2.9768e-04
Loss = 8.4014e-02, PNorm = 46.6571, GNorm = 36.8539, lr_0 = 2.9797e-04
Loss = 7.6045e-02, PNorm = 46.6590, GNorm = 9.0608, lr_0 = 2.9825e-04
Loss = 7.1943e-02, PNorm = 46.6620, GNorm = 29.8403, lr_0 = 2.9854e-04
Loss = 8.7761e-02, PNorm = 46.6650, GNorm = 4.6319, lr_0 = 2.9883e-04
Loss = 8.3904e-02, PNorm = 46.6668, GNorm = 20.8613, lr_0 = 2.9912e-04
Loss = 6.2065e-02, PNorm = 46.6689, GNorm = 9.0663, lr_0 = 2.9940e-04
Loss = 7.9681e-02, PNorm = 46.6720, GNorm = 18.4290, lr_0 = 2.9969e-04
Loss = 1.1356e-01, PNorm = 46.6738, GNorm = 31.6446, lr_0 = 2.9998e-04
Loss = 1.2861e-01, PNorm = 46.6755, GNorm = 88.5489, lr_0 = 3.0026e-04
Loss = 1.0194e-01, PNorm = 46.6781, GNorm = 36.1718, lr_0 = 3.0055e-04
Loss = 1.1488e-01, PNorm = 46.6809, GNorm = 7.2372, lr_0 = 3.0084e-04
Loss = 1.5850e-01, PNorm = 46.6842, GNorm = 70.5148, lr_0 = 3.0113e-04
Loss = 2.4398e-01, PNorm = 46.6866, GNorm = 84.5762, lr_0 = 3.0141e-04
Loss = 4.6863e-01, PNorm = 46.6891, GNorm = 85.5242, lr_0 = 3.0170e-04
Loss = 6.1571e-01, PNorm = 46.6946, GNorm = 30.7156, lr_0 = 3.0199e-04
Loss = 5.3082e-01, PNorm = 46.7048, GNorm = 59.2184, lr_0 = 3.0228e-04
Loss = 2.9141e-01, PNorm = 46.7140, GNorm = 87.0176, lr_0 = 3.0256e-04
Loss = 1.7456e-01, PNorm = 46.7206, GNorm = 34.7922, lr_0 = 3.0285e-04
Loss = 1.0070e-01, PNorm = 46.7244, GNorm = 4.4909, lr_0 = 3.0314e-04
Loss = 9.9264e-02, PNorm = 46.7291, GNorm = 4.0189, lr_0 = 3.0343e-04
Loss = 1.0489e-01, PNorm = 46.7330, GNorm = 45.6251, lr_0 = 3.0371e-04
Loss = 1.1312e-01, PNorm = 46.7371, GNorm = 27.8730, lr_0 = 3.0400e-04
Loss = 1.3457e-01, PNorm = 46.7402, GNorm = 22.8037, lr_0 = 3.0429e-04
Loss = 1.3383e-01, PNorm = 46.7432, GNorm = 25.5089, lr_0 = 3.0457e-04
Loss = 1.0071e-01, PNorm = 46.7461, GNorm = 11.4036, lr_0 = 3.0486e-04
Loss = 1.1479e-01, PNorm = 46.7487, GNorm = 43.2686, lr_0 = 3.0515e-04
Loss = 1.1602e-01, PNorm = 46.7519, GNorm = 16.9800, lr_0 = 3.0544e-04
Loss = 1.1068e-01, PNorm = 46.7554, GNorm = 11.3007, lr_0 = 3.0572e-04
Loss = 1.0957e-01, PNorm = 46.7582, GNorm = 25.8848, lr_0 = 3.0601e-04
Loss = 7.9198e-02, PNorm = 46.7608, GNorm = 13.1713, lr_0 = 3.0630e-04
Loss = 1.0264e-01, PNorm = 46.7637, GNorm = 33.9910, lr_0 = 3.0659e-04
Loss = 1.4439e-01, PNorm = 46.7665, GNorm = 35.8259, lr_0 = 3.0687e-04
Loss = 8.3132e-02, PNorm = 46.7695, GNorm = 37.4011, lr_0 = 3.0716e-04
Loss = 7.4279e-02, PNorm = 46.7725, GNorm = 17.2509, lr_0 = 3.0745e-04
Loss = 9.4705e-02, PNorm = 46.7751, GNorm = 4.1355, lr_0 = 3.0773e-04
Loss = 7.9136e-02, PNorm = 46.7774, GNorm = 22.5697, lr_0 = 3.0802e-04
Loss = 8.4060e-02, PNorm = 46.7795, GNorm = 43.1269, lr_0 = 3.0831e-04
Loss = 1.1287e-01, PNorm = 46.7815, GNorm = 20.2509, lr_0 = 3.0860e-04
Loss = 9.6500e-02, PNorm = 46.7834, GNorm = 38.1177, lr_0 = 3.0888e-04
Loss = 1.2081e-01, PNorm = 46.7851, GNorm = 42.7047, lr_0 = 3.0917e-04
Loss = 8.7234e-02, PNorm = 46.7875, GNorm = 25.0884, lr_0 = 3.0946e-04
Loss = 1.0239e-01, PNorm = 46.7904, GNorm = 15.4801, lr_0 = 3.0975e-04
Loss = 8.8541e-02, PNorm = 46.7929, GNorm = 20.5360, lr_0 = 3.1003e-04
Loss = 9.3428e-02, PNorm = 46.7959, GNorm = 18.8412, lr_0 = 3.1032e-04
Loss = 8.8036e-02, PNorm = 46.7986, GNorm = 17.3979, lr_0 = 3.1061e-04
Loss = 8.8980e-02, PNorm = 46.8004, GNorm = 23.2901, lr_0 = 3.1089e-04
Loss = 7.3089e-02, PNorm = 46.8020, GNorm = 5.9313, lr_0 = 3.1118e-04
Loss = 7.0259e-02, PNorm = 46.8033, GNorm = 24.1165, lr_0 = 3.1147e-04
Loss = 7.6881e-02, PNorm = 46.8053, GNorm = 26.0042, lr_0 = 3.1176e-04
Loss = 1.1411e-01, PNorm = 46.8079, GNorm = 14.3304, lr_0 = 3.1204e-04
Loss = 9.0265e-02, PNorm = 46.8101, GNorm = 12.5849, lr_0 = 3.1233e-04
Loss = 7.3082e-02, PNorm = 46.8123, GNorm = 13.6513, lr_0 = 3.1262e-04
Loss = 7.3821e-02, PNorm = 46.8144, GNorm = 6.8102, lr_0 = 3.1291e-04
Loss = 7.6881e-02, PNorm = 46.8167, GNorm = 4.8666, lr_0 = 3.1319e-04
Loss = 7.3959e-02, PNorm = 46.8187, GNorm = 14.5500, lr_0 = 3.1348e-04
Loss = 8.0756e-02, PNorm = 46.8205, GNorm = 30.3266, lr_0 = 3.1377e-04
Loss = 6.9899e-02, PNorm = 46.8221, GNorm = 6.6456, lr_0 = 3.1405e-04
Loss = 7.8823e-02, PNorm = 46.8240, GNorm = 25.9123, lr_0 = 3.1434e-04
Loss = 7.0777e-02, PNorm = 46.8266, GNorm = 16.5826, lr_0 = 3.1463e-04
Loss = 7.0910e-02, PNorm = 46.8289, GNorm = 14.3984, lr_0 = 3.1492e-04
Loss = 6.7093e-02, PNorm = 46.8307, GNorm = 10.2185, lr_0 = 3.1520e-04
Loss = 6.6621e-02, PNorm = 46.8328, GNorm = 24.1562, lr_0 = 3.1549e-04
Loss = 8.7503e-02, PNorm = 46.8344, GNorm = 30.8126, lr_0 = 3.1578e-04
Loss = 8.2050e-02, PNorm = 46.8361, GNorm = 15.5375, lr_0 = 3.1607e-04
Loss = 8.0034e-02, PNorm = 46.8384, GNorm = 10.7304, lr_0 = 3.1635e-04
Loss = 8.0455e-02, PNorm = 46.8414, GNorm = 34.7981, lr_0 = 3.1664e-04
Loss = 7.9059e-02, PNorm = 46.8445, GNorm = 7.7935, lr_0 = 3.1693e-04
Loss = 7.2064e-02, PNorm = 46.8476, GNorm = 2.9960, lr_0 = 3.1721e-04
Loss = 8.4344e-02, PNorm = 46.8502, GNorm = 34.6748, lr_0 = 3.1750e-04
Loss = 9.1526e-02, PNorm = 46.8524, GNorm = 44.2087, lr_0 = 3.1779e-04
Loss = 9.5640e-02, PNorm = 46.8545, GNorm = 38.5709, lr_0 = 3.1808e-04
Loss = 8.2182e-02, PNorm = 46.8572, GNorm = 3.0426, lr_0 = 3.1836e-04
Loss = 7.3765e-02, PNorm = 46.8595, GNorm = 8.5010, lr_0 = 3.1865e-04
Loss = 7.1655e-02, PNorm = 46.8611, GNorm = 9.0153, lr_0 = 3.1894e-04
Loss = 7.1571e-02, PNorm = 46.8631, GNorm = 22.2964, lr_0 = 3.1923e-04
Loss = 6.5992e-02, PNorm = 46.8651, GNorm = 17.4602, lr_0 = 3.1951e-04
Loss = 8.8114e-02, PNorm = 46.8671, GNorm = 10.5777, lr_0 = 3.1980e-04
Loss = 6.1124e-02, PNorm = 46.8681, GNorm = 20.0782, lr_0 = 3.2009e-04
Loss = 6.6598e-02, PNorm = 46.8690, GNorm = 3.0306, lr_0 = 3.2037e-04
Loss = 8.5670e-02, PNorm = 46.8713, GNorm = 8.6266, lr_0 = 3.2066e-04
Loss = 9.0854e-02, PNorm = 46.8740, GNorm = 11.8794, lr_0 = 3.2095e-04
Loss = 6.5931e-02, PNorm = 46.8771, GNorm = 14.2101, lr_0 = 3.2124e-04
Loss = 6.6622e-02, PNorm = 46.8788, GNorm = 23.3180, lr_0 = 3.2152e-04
Loss = 5.7490e-02, PNorm = 46.8803, GNorm = 25.1322, lr_0 = 3.2181e-04
Loss = 8.5923e-02, PNorm = 46.8821, GNorm = 21.0653, lr_0 = 3.2210e-04
Loss = 7.8838e-02, PNorm = 46.8832, GNorm = 6.9921, lr_0 = 3.2239e-04
Loss = 7.1668e-02, PNorm = 46.8848, GNorm = 29.2889, lr_0 = 3.2267e-04
Loss = 6.3772e-02, PNorm = 46.8869, GNorm = 6.8224, lr_0 = 3.2296e-04
Loss = 6.2937e-02, PNorm = 46.8893, GNorm = 15.2934, lr_0 = 3.2325e-04
Loss = 7.9125e-02, PNorm = 46.8913, GNorm = 11.4723, lr_0 = 3.2353e-04
Loss = 7.9920e-02, PNorm = 46.8942, GNorm = 12.5887, lr_0 = 3.2382e-04
Loss = 7.3932e-02, PNorm = 46.8970, GNorm = 9.5691, lr_0 = 3.2411e-04
Loss = 6.6003e-02, PNorm = 46.8983, GNorm = 3.5749, lr_0 = 3.2440e-04
Loss = 7.0796e-02, PNorm = 46.8997, GNorm = 6.1804, lr_0 = 3.2468e-04
Loss = 8.5550e-02, PNorm = 46.9030, GNorm = 37.8760, lr_0 = 3.2497e-04
Loss = 8.4734e-02, PNorm = 46.9063, GNorm = 27.9837, lr_0 = 3.2526e-04
Loss = 7.9374e-02, PNorm = 46.9098, GNorm = 9.1445, lr_0 = 3.2555e-04
Loss = 6.9209e-02, PNorm = 46.9121, GNorm = 15.2793, lr_0 = 3.2583e-04
Loss = 6.9537e-02, PNorm = 46.9143, GNorm = 16.6233, lr_0 = 3.2612e-04
Loss = 6.9174e-02, PNorm = 46.9170, GNorm = 22.1685, lr_0 = 3.2641e-04
Loss = 6.2652e-02, PNorm = 46.9187, GNorm = 2.8989, lr_0 = 3.2669e-04
Loss = 6.7180e-02, PNorm = 46.9198, GNorm = 10.0379, lr_0 = 3.2698e-04
Loss = 7.8992e-02, PNorm = 46.9211, GNorm = 8.5610, lr_0 = 3.2727e-04
Loss = 1.0233e-01, PNorm = 46.9226, GNorm = 35.0586, lr_0 = 3.2756e-04
Loss = 7.0864e-02, PNorm = 46.9256, GNorm = 13.9599, lr_0 = 3.2784e-04
Loss = 7.5410e-02, PNorm = 46.9277, GNorm = 3.6882, lr_0 = 3.2813e-04
Loss = 6.9041e-02, PNorm = 46.9304, GNorm = 17.7148, lr_0 = 3.2842e-04
Loss = 7.9621e-02, PNorm = 46.9328, GNorm = 11.2949, lr_0 = 3.2871e-04
Loss = 9.3888e-02, PNorm = 46.9345, GNorm = 21.6644, lr_0 = 3.2899e-04
Loss = 1.0384e-01, PNorm = 46.9364, GNorm = 40.6154, lr_0 = 3.2928e-04
Loss = 9.1502e-02, PNorm = 46.9394, GNorm = 20.7349, lr_0 = 3.2957e-04
Loss = 6.3952e-02, PNorm = 46.9428, GNorm = 2.5338, lr_0 = 3.2986e-04
Loss = 7.0366e-02, PNorm = 46.9444, GNorm = 17.3117, lr_0 = 3.3014e-04
Loss = 7.5256e-02, PNorm = 46.9456, GNorm = 3.1407, lr_0 = 3.3043e-04
Loss = 1.0693e-01, PNorm = 46.9494, GNorm = 43.1637, lr_0 = 3.3072e-04
Loss = 1.0611e-01, PNorm = 46.9525, GNorm = 24.0079, lr_0 = 3.3100e-04
Loss = 8.6781e-02, PNorm = 46.9560, GNorm = 30.1825, lr_0 = 3.3129e-04
Loss = 6.8114e-02, PNorm = 46.9591, GNorm = 28.8518, lr_0 = 3.3158e-04
Loss = 7.6225e-02, PNorm = 46.9624, GNorm = 23.1560, lr_0 = 3.3187e-04
Loss = 7.2175e-02, PNorm = 46.9662, GNorm = 11.6301, lr_0 = 3.3215e-04
Loss = 1.0097e-01, PNorm = 46.9691, GNorm = 5.8646, lr_0 = 3.3244e-04
Loss = 7.5011e-02, PNorm = 46.9724, GNorm = 18.5778, lr_0 = 3.3273e-04
Loss = 7.1989e-02, PNorm = 46.9754, GNorm = 19.0676, lr_0 = 3.3302e-04
Loss = 7.8569e-02, PNorm = 46.9775, GNorm = 18.3555, lr_0 = 3.3330e-04
Loss = 9.0786e-02, PNorm = 46.9801, GNorm = 19.9100, lr_0 = 3.3359e-04
Loss = 5.7355e-02, PNorm = 46.9817, GNorm = 2.0472, lr_0 = 3.3388e-04
Loss = 6.8115e-02, PNorm = 46.9846, GNorm = 6.8257, lr_0 = 3.3416e-04
Loss = 6.8649e-02, PNorm = 46.9870, GNorm = 5.8149, lr_0 = 3.3445e-04
Loss = 9.0959e-02, PNorm = 46.9893, GNorm = 3.8309, lr_0 = 3.3474e-04
Loss = 9.7351e-02, PNorm = 46.9923, GNorm = 27.0869, lr_0 = 3.3503e-04
Loss = 7.6529e-02, PNorm = 46.9940, GNorm = 30.8382, lr_0 = 3.3531e-04
Loss = 1.0828e-01, PNorm = 46.9961, GNorm = 37.7947, lr_0 = 3.3560e-04
Loss = 1.3408e-01, PNorm = 46.9987, GNorm = 26.3722, lr_0 = 3.3589e-04
Loss = 1.5629e-01, PNorm = 47.0019, GNorm = 18.0066, lr_0 = 3.3618e-04
Loss = 1.1974e-01, PNorm = 47.0041, GNorm = 53.0676, lr_0 = 3.3646e-04
Loss = 1.3448e-01, PNorm = 47.0085, GNorm = 64.3862, lr_0 = 3.3675e-04
Loss = 1.3277e-01, PNorm = 47.0126, GNorm = 32.5068, lr_0 = 3.3704e-04
Loss = 1.0972e-01, PNorm = 47.0178, GNorm = 13.1611, lr_0 = 3.3732e-04
Loss = 9.8550e-02, PNorm = 47.0226, GNorm = 24.4246, lr_0 = 3.3761e-04
Loss = 1.5691e-01, PNorm = 47.0275, GNorm = 46.7785, lr_0 = 3.3790e-04
Loss = 1.0831e-01, PNorm = 47.0317, GNorm = 29.7844, lr_0 = 3.3819e-04
Loss = 8.0357e-02, PNorm = 47.0354, GNorm = 4.4623, lr_0 = 3.3847e-04
Loss = 8.1309e-02, PNorm = 47.0388, GNorm = 39.0970, lr_0 = 3.3876e-04
Loss = 8.8576e-02, PNorm = 47.0426, GNorm = 16.2828, lr_0 = 3.3905e-04
Loss = 7.8229e-02, PNorm = 47.0455, GNorm = 12.0766, lr_0 = 3.3934e-04
Loss = 7.6026e-02, PNorm = 47.0495, GNorm = 20.0464, lr_0 = 3.3962e-04
Loss = 6.0059e-02, PNorm = 47.0520, GNorm = 10.9298, lr_0 = 3.3991e-04
Loss = 8.5442e-02, PNorm = 47.0533, GNorm = 2.6214, lr_0 = 3.4020e-04
Loss = 7.7199e-02, PNorm = 47.0547, GNorm = 14.8177, lr_0 = 3.4048e-04
Loss = 7.5936e-02, PNorm = 47.0569, GNorm = 10.5545, lr_0 = 3.4077e-04
Loss = 7.7607e-02, PNorm = 47.0600, GNorm = 21.8136, lr_0 = 3.4106e-04
Loss = 7.1148e-02, PNorm = 47.0628, GNorm = 4.1254, lr_0 = 3.4135e-04
Loss = 6.1523e-02, PNorm = 47.0658, GNorm = 4.6281, lr_0 = 3.4163e-04
Loss = 6.3499e-02, PNorm = 47.0684, GNorm = 22.4349, lr_0 = 3.4192e-04
Loss = 6.7595e-02, PNorm = 47.0711, GNorm = 3.2139, lr_0 = 3.4221e-04
Loss = 6.6336e-02, PNorm = 47.0727, GNorm = 15.6174, lr_0 = 3.4250e-04
Loss = 7.6651e-02, PNorm = 47.0746, GNorm = 26.3491, lr_0 = 3.4278e-04
Loss = 6.8052e-02, PNorm = 47.0766, GNorm = 2.8032, lr_0 = 3.4307e-04
Loss = 8.0124e-02, PNorm = 47.0792, GNorm = 29.9806, lr_0 = 3.4336e-04
Loss = 7.7747e-02, PNorm = 47.0828, GNorm = 26.7212, lr_0 = 3.4364e-04
Loss = 7.1285e-02, PNorm = 47.0864, GNorm = 13.8724, lr_0 = 3.4393e-04
Loss = 6.2511e-02, PNorm = 47.0878, GNorm = 18.4009, lr_0 = 3.4422e-04
Loss = 5.9897e-02, PNorm = 47.0900, GNorm = 9.7412, lr_0 = 3.4451e-04
Loss = 6.0423e-02, PNorm = 47.0924, GNorm = 4.5250, lr_0 = 3.4479e-04
Loss = 6.0655e-02, PNorm = 47.0952, GNorm = 6.3857, lr_0 = 3.4508e-04
Loss = 5.3005e-02, PNorm = 47.0979, GNorm = 3.0872, lr_0 = 3.4537e-04
Loss = 5.8429e-02, PNorm = 47.1007, GNorm = 17.4254, lr_0 = 3.4566e-04
Loss = 6.6108e-02, PNorm = 47.1027, GNorm = 17.4952, lr_0 = 3.4594e-04
Loss = 7.6998e-02, PNorm = 47.1048, GNorm = 8.6016, lr_0 = 3.4623e-04
Loss = 6.6110e-02, PNorm = 47.1077, GNorm = 12.8717, lr_0 = 3.4652e-04
Loss = 1.1332e-01, PNorm = 47.1110, GNorm = 11.6610, lr_0 = 3.4680e-04
Loss = 7.8567e-02, PNorm = 47.1138, GNorm = 5.1646, lr_0 = 3.4709e-04
Loss = 7.6874e-02, PNorm = 47.1167, GNorm = 18.3847, lr_0 = 3.4738e-04
Loss = 1.1136e-01, PNorm = 47.1195, GNorm = 26.2076, lr_0 = 3.4767e-04
Loss = 9.9132e-02, PNorm = 47.1215, GNorm = 24.4903, lr_0 = 3.4795e-04
Loss = 9.4601e-02, PNorm = 47.1230, GNorm = 2.4956, lr_0 = 3.4824e-04
Loss = 1.3974e-01, PNorm = 47.1255, GNorm = 5.2410, lr_0 = 3.4853e-04
Loss = 9.1096e-02, PNorm = 47.1285, GNorm = 14.5012, lr_0 = 3.4882e-04
Loss = 6.8965e-02, PNorm = 47.1324, GNorm = 14.8082, lr_0 = 3.4910e-04
Loss = 6.7484e-02, PNorm = 47.1354, GNorm = 3.3430, lr_0 = 3.4939e-04
Loss = 5.1888e-02, PNorm = 47.1379, GNorm = 4.1818, lr_0 = 3.4968e-04
Loss = 5.5060e-02, PNorm = 47.1403, GNorm = 8.0264, lr_0 = 3.4996e-04
Loss = 6.1702e-02, PNorm = 47.1432, GNorm = 13.4401, lr_0 = 3.5025e-04
Loss = 6.8546e-02, PNorm = 47.1454, GNorm = 14.0741, lr_0 = 3.5054e-04
Loss = 7.8695e-02, PNorm = 47.1478, GNorm = 22.5842, lr_0 = 3.5083e-04
Loss = 8.1217e-02, PNorm = 47.1516, GNorm = 20.6986, lr_0 = 3.5111e-04
Loss = 6.8004e-02, PNorm = 47.1555, GNorm = 12.5927, lr_0 = 3.5140e-04
Loss = 7.4182e-02, PNorm = 47.1571, GNorm = 3.2332, lr_0 = 3.5169e-04
Loss = 5.9395e-02, PNorm = 47.1598, GNorm = 2.1207, lr_0 = 3.5198e-04
Loss = 6.7884e-02, PNorm = 47.1624, GNorm = 6.9249, lr_0 = 3.5226e-04
Loss = 6.5718e-02, PNorm = 47.1649, GNorm = 15.6287, lr_0 = 3.5255e-04
Loss = 6.8101e-02, PNorm = 47.1681, GNorm = 3.9969, lr_0 = 3.5284e-04
Loss = 6.8722e-02, PNorm = 47.1718, GNorm = 7.1596, lr_0 = 3.5312e-04
Loss = 5.1948e-02, PNorm = 47.1755, GNorm = 11.9145, lr_0 = 3.5341e-04
Loss = 7.2545e-02, PNorm = 47.1782, GNorm = 6.3737, lr_0 = 3.5370e-04
Loss = 7.7331e-02, PNorm = 47.1811, GNorm = 2.7885, lr_0 = 3.5399e-04
Loss = 5.9365e-02, PNorm = 47.1820, GNorm = 3.0280, lr_0 = 3.5427e-04
Loss = 5.9245e-02, PNorm = 47.1840, GNorm = 2.4572, lr_0 = 3.5456e-04
Loss = 5.9961e-02, PNorm = 47.1875, GNorm = 7.9344, lr_0 = 3.5485e-04
Loss = 6.2169e-02, PNorm = 47.1903, GNorm = 2.1946, lr_0 = 3.5514e-04
Loss = 8.0061e-02, PNorm = 47.1916, GNorm = 17.3162, lr_0 = 3.5542e-04
Loss = 7.3551e-02, PNorm = 47.1947, GNorm = 4.8410, lr_0 = 3.5571e-04
Loss = 6.1078e-02, PNorm = 47.1982, GNorm = 12.5404, lr_0 = 3.5600e-04
Loss = 6.9289e-02, PNorm = 47.2021, GNorm = 16.8738, lr_0 = 3.5629e-04
Loss = 6.3733e-02, PNorm = 47.2046, GNorm = 6.6316, lr_0 = 3.5657e-04
Loss = 5.7734e-02, PNorm = 47.2073, GNorm = 4.8618, lr_0 = 3.5686e-04
Loss = 7.5994e-02, PNorm = 47.2102, GNorm = 8.4362, lr_0 = 3.5715e-04
Loss = 6.5540e-02, PNorm = 47.2128, GNorm = 2.0067, lr_0 = 3.5743e-04
Loss = 6.4256e-02, PNorm = 47.2154, GNorm = 9.6466, lr_0 = 3.5772e-04
Loss = 5.6880e-02, PNorm = 47.2180, GNorm = 13.1934, lr_0 = 3.5801e-04
Loss = 5.6399e-02, PNorm = 47.2207, GNorm = 10.0234, lr_0 = 3.5830e-04
Loss = 5.5168e-02, PNorm = 47.2233, GNorm = 4.0635, lr_0 = 3.5858e-04
Loss = 4.9474e-02, PNorm = 47.2254, GNorm = 12.5983, lr_0 = 3.5887e-04
Loss = 5.6620e-02, PNorm = 47.2274, GNorm = 2.1478, lr_0 = 3.5916e-04
Loss = 5.5729e-02, PNorm = 47.2291, GNorm = 4.1596, lr_0 = 3.5945e-04
Loss = 6.0172e-02, PNorm = 47.2309, GNorm = 9.4481, lr_0 = 3.5973e-04
Loss = 6.5336e-02, PNorm = 47.2330, GNorm = 20.6742, lr_0 = 3.6002e-04
Loss = 5.8612e-02, PNorm = 47.2365, GNorm = 2.1606, lr_0 = 3.6031e-04
Loss = 6.0538e-02, PNorm = 47.2386, GNorm = 12.5043, lr_0 = 3.6059e-04
Loss = 4.7310e-02, PNorm = 47.2412, GNorm = 5.7865, lr_0 = 3.6088e-04
Loss = 5.9816e-02, PNorm = 47.2440, GNorm = 8.9994, lr_0 = 3.6117e-04
Loss = 6.2028e-02, PNorm = 47.2453, GNorm = 14.6021, lr_0 = 3.6146e-04
Loss = 6.5143e-02, PNorm = 47.2478, GNorm = 5.6956, lr_0 = 3.6174e-04
Loss = 6.1007e-02, PNorm = 47.2521, GNorm = 4.1572, lr_0 = 3.6203e-04
Loss = 5.4440e-02, PNorm = 47.2562, GNorm = 3.2396, lr_0 = 3.6232e-04
Loss = 7.0702e-02, PNorm = 47.2594, GNorm = 12.6135, lr_0 = 3.6261e-04
Loss = 7.2566e-02, PNorm = 47.2623, GNorm = 3.5243, lr_0 = 3.6289e-04
Loss = 6.1866e-02, PNorm = 47.2643, GNorm = 3.3187, lr_0 = 3.6318e-04
Loss = 7.3787e-02, PNorm = 47.2668, GNorm = 16.4440, lr_0 = 3.6347e-04
Loss = 6.6473e-02, PNorm = 47.2709, GNorm = 13.6192, lr_0 = 3.6375e-04
Loss = 5.7952e-02, PNorm = 47.2750, GNorm = 15.3315, lr_0 = 3.6404e-04
Loss = 8.0678e-02, PNorm = 47.2775, GNorm = 22.2916, lr_0 = 3.6433e-04
Loss = 8.6751e-02, PNorm = 47.2825, GNorm = 15.5436, lr_0 = 3.6462e-04
Loss = 6.9355e-02, PNorm = 47.2852, GNorm = 6.0663, lr_0 = 3.6490e-04
Loss = 6.0914e-02, PNorm = 47.2879, GNorm = 13.8324, lr_0 = 3.6519e-04
Loss = 6.3250e-02, PNorm = 47.2900, GNorm = 4.4313, lr_0 = 3.6548e-04
Loss = 6.8371e-02, PNorm = 47.2920, GNorm = 14.1100, lr_0 = 3.6577e-04
Loss = 7.1161e-02, PNorm = 47.2962, GNorm = 10.8557, lr_0 = 3.6605e-04
Loss = 5.1173e-02, PNorm = 47.2997, GNorm = 5.0543, lr_0 = 3.6634e-04
Loss = 4.9690e-02, PNorm = 47.3030, GNorm = 8.9315, lr_0 = 3.6663e-04
Loss = 5.8964e-02, PNorm = 47.3067, GNorm = 16.0229, lr_0 = 3.6691e-04
Loss = 7.2892e-02, PNorm = 47.3097, GNorm = 13.0898, lr_0 = 3.6720e-04
Loss = 6.3394e-02, PNorm = 47.3122, GNorm = 2.7746, lr_0 = 3.6749e-04
Loss = 7.0834e-02, PNorm = 47.3152, GNorm = 6.2384, lr_0 = 3.6778e-04
Loss = 5.0126e-02, PNorm = 47.3186, GNorm = 2.0450, lr_0 = 3.6806e-04
Loss = 5.3322e-02, PNorm = 47.3210, GNorm = 10.9753, lr_0 = 3.6835e-04
Loss = 5.0649e-02, PNorm = 47.3234, GNorm = 2.8474, lr_0 = 3.6864e-04
Loss = 5.8177e-02, PNorm = 47.3250, GNorm = 4.2614, lr_0 = 3.6893e-04
Loss = 6.0206e-02, PNorm = 47.3274, GNorm = 2.4484, lr_0 = 3.6921e-04
Loss = 5.6488e-02, PNorm = 47.3311, GNorm = 11.0551, lr_0 = 3.6950e-04
Loss = 6.5930e-02, PNorm = 47.3350, GNorm = 2.7557, lr_0 = 3.6979e-04
Loss = 6.5329e-02, PNorm = 47.3384, GNorm = 19.8785, lr_0 = 3.7007e-04
Loss = 6.1793e-02, PNorm = 47.3420, GNorm = 13.9098, lr_0 = 3.7036e-04
Loss = 4.9391e-02, PNorm = 47.3466, GNorm = 10.3297, lr_0 = 3.7065e-04
Loss = 7.4438e-02, PNorm = 47.3502, GNorm = 17.2914, lr_0 = 3.7094e-04
Loss = 8.2981e-02, PNorm = 47.3540, GNorm = 8.4726, lr_0 = 3.7122e-04
Loss = 7.7233e-02, PNorm = 47.3580, GNorm = 3.9532, lr_0 = 3.7151e-04
Loss = 4.9108e-02, PNorm = 47.3607, GNorm = 5.7378, lr_0 = 3.7180e-04
Loss = 5.8024e-02, PNorm = 47.3632, GNorm = 6.2895, lr_0 = 3.7209e-04
Loss = 5.7656e-02, PNorm = 47.3660, GNorm = 8.1200, lr_0 = 3.7237e-04
Loss = 4.8048e-02, PNorm = 47.3681, GNorm = 10.1655, lr_0 = 3.7266e-04
Loss = 5.0531e-02, PNorm = 47.3690, GNorm = 10.4133, lr_0 = 3.7295e-04
Loss = 4.8751e-02, PNorm = 47.3701, GNorm = 4.7337, lr_0 = 3.7323e-04
Loss = 5.6053e-02, PNorm = 47.3729, GNorm = 3.6067, lr_0 = 3.7352e-04
Loss = 5.9901e-02, PNorm = 47.3745, GNorm = 2.5616, lr_0 = 3.7381e-04
Loss = 6.0396e-02, PNorm = 47.3763, GNorm = 5.3848, lr_0 = 3.7410e-04
Loss = 5.5834e-02, PNorm = 47.3796, GNorm = 7.4093, lr_0 = 3.7438e-04
Loss = 5.8402e-02, PNorm = 47.3818, GNorm = 18.6238, lr_0 = 3.7467e-04
Loss = 6.4074e-02, PNorm = 47.3836, GNorm = 17.0433, lr_0 = 3.7496e-04
Loss = 7.2740e-02, PNorm = 47.3873, GNorm = 5.3935, lr_0 = 3.7525e-04
Loss = 5.9642e-02, PNorm = 47.3910, GNorm = 12.4677, lr_0 = 3.7553e-04
Loss = 6.6736e-02, PNorm = 47.3926, GNorm = 11.3247, lr_0 = 3.7582e-04
Loss = 8.4253e-02, PNorm = 47.3962, GNorm = 18.4001, lr_0 = 3.7611e-04
Loss = 7.8428e-02, PNorm = 47.4000, GNorm = 12.7305, lr_0 = 3.7639e-04
Loss = 5.7265e-02, PNorm = 47.4035, GNorm = 6.5624, lr_0 = 3.7668e-04
Loss = 4.8368e-02, PNorm = 47.4069, GNorm = 5.2215, lr_0 = 3.7697e-04
Loss = 4.9218e-02, PNorm = 47.4088, GNorm = 7.1528, lr_0 = 3.7726e-04
Loss = 6.3575e-02, PNorm = 47.4120, GNorm = 10.9730, lr_0 = 3.7754e-04
Loss = 7.8294e-02, PNorm = 47.4155, GNorm = 7.2209, lr_0 = 3.7783e-04
Loss = 7.7544e-02, PNorm = 47.4203, GNorm = 7.2578, lr_0 = 3.7812e-04
Loss = 6.3819e-02, PNorm = 47.4262, GNorm = 2.2350, lr_0 = 3.7841e-04
Loss = 5.1975e-02, PNorm = 47.4306, GNorm = 7.1342, lr_0 = 3.7869e-04
Loss = 6.5904e-02, PNorm = 47.4339, GNorm = 12.8801, lr_0 = 3.7898e-04
Loss = 5.2992e-02, PNorm = 47.4355, GNorm = 8.4740, lr_0 = 3.7927e-04
Loss = 5.4990e-02, PNorm = 47.4374, GNorm = 7.5752, lr_0 = 3.7956e-04
Loss = 5.6618e-02, PNorm = 47.4405, GNorm = 10.2107, lr_0 = 3.7984e-04
Loss = 6.1035e-02, PNorm = 47.4432, GNorm = 1.5138, lr_0 = 3.8013e-04
Loss = 7.4541e-02, PNorm = 47.4460, GNorm = 2.8672, lr_0 = 3.8042e-04
Loss = 9.3650e-02, PNorm = 47.4506, GNorm = 9.6059, lr_0 = 3.8070e-04
Loss = 7.8263e-02, PNorm = 47.4546, GNorm = 4.7002, lr_0 = 3.8099e-04
Loss = 1.1045e-01, PNorm = 47.4600, GNorm = 16.2703, lr_0 = 3.8128e-04
Loss = 7.1014e-02, PNorm = 47.4651, GNorm = 7.7256, lr_0 = 3.8157e-04
Loss = 7.3184e-02, PNorm = 47.4709, GNorm = 6.1986, lr_0 = 3.8185e-04
Loss = 5.4021e-02, PNorm = 47.4759, GNorm = 9.5374, lr_0 = 3.8214e-04
Loss = 6.6911e-02, PNorm = 47.4798, GNorm = 7.1419, lr_0 = 3.8243e-04
Loss = 5.2189e-02, PNorm = 47.4818, GNorm = 2.6841, lr_0 = 3.8272e-04
Loss = 4.6660e-02, PNorm = 47.4851, GNorm = 5.3178, lr_0 = 3.8300e-04
Loss = 4.3856e-02, PNorm = 47.4882, GNorm = 5.0476, lr_0 = 3.8329e-04
Loss = 4.6895e-02, PNorm = 47.4903, GNorm = 7.0867, lr_0 = 3.8358e-04
Loss = 6.2411e-02, PNorm = 47.4927, GNorm = 4.1393, lr_0 = 3.8386e-04
Loss = 7.0796e-02, PNorm = 47.4966, GNorm = 3.3037, lr_0 = 3.8415e-04
Loss = 5.1455e-02, PNorm = 47.4993, GNorm = 6.0761, lr_0 = 3.8444e-04
Loss = 5.8943e-02, PNorm = 47.5029, GNorm = 8.2707, lr_0 = 3.8473e-04
Loss = 4.5252e-02, PNorm = 47.5058, GNorm = 2.8827, lr_0 = 3.8501e-04
Loss = 4.8085e-02, PNorm = 47.5068, GNorm = 12.9599, lr_0 = 3.8530e-04
Loss = 5.9081e-02, PNorm = 47.5097, GNorm = 2.9531, lr_0 = 3.8559e-04
Loss = 5.7250e-02, PNorm = 47.5138, GNorm = 2.8655, lr_0 = 3.8588e-04
Loss = 5.3962e-02, PNorm = 47.5170, GNorm = 8.6117, lr_0 = 3.8616e-04
Loss = 5.2585e-02, PNorm = 47.5200, GNorm = 5.8482, lr_0 = 3.8645e-04
Loss = 6.2335e-02, PNorm = 47.5217, GNorm = 7.1818, lr_0 = 3.8674e-04
Loss = 5.2452e-02, PNorm = 47.5241, GNorm = 5.6033, lr_0 = 3.8702e-04
Loss = 4.4546e-02, PNorm = 47.5263, GNorm = 10.7107, lr_0 = 3.8731e-04
Loss = 4.9481e-02, PNorm = 47.5281, GNorm = 7.2157, lr_0 = 3.8760e-04
Loss = 6.1823e-02, PNorm = 47.5311, GNorm = 5.4959, lr_0 = 3.8789e-04
Loss = 5.5280e-02, PNorm = 47.5355, GNorm = 14.7112, lr_0 = 3.8817e-04
Loss = 6.3362e-02, PNorm = 47.5381, GNorm = 7.0311, lr_0 = 3.8846e-04
Loss = 5.4513e-02, PNorm = 47.5412, GNorm = 4.9953, lr_0 = 3.8875e-04
Loss = 5.0679e-02, PNorm = 47.5442, GNorm = 7.0906, lr_0 = 3.8904e-04
Loss = 5.6207e-02, PNorm = 47.5468, GNorm = 2.1917, lr_0 = 3.8932e-04
Loss = 5.9120e-02, PNorm = 47.5498, GNorm = 2.3279, lr_0 = 3.8961e-04
Loss = 5.9201e-02, PNorm = 47.5519, GNorm = 7.8225, lr_0 = 3.8990e-04
Loss = 7.2366e-02, PNorm = 47.5542, GNorm = 20.2591, lr_0 = 3.9018e-04
Loss = 6.6809e-02, PNorm = 47.5611, GNorm = 11.8205, lr_0 = 3.9047e-04
Loss = 6.3217e-02, PNorm = 47.5664, GNorm = 9.1019, lr_0 = 3.9076e-04
Loss = 6.6799e-02, PNorm = 47.5697, GNorm = 2.9250, lr_0 = 3.9105e-04
Loss = 5.6282e-02, PNorm = 47.5733, GNorm = 9.3005, lr_0 = 3.9133e-04
Loss = 6.0135e-02, PNorm = 47.5753, GNorm = 5.0242, lr_0 = 3.9162e-04
Loss = 6.2598e-02, PNorm = 47.5801, GNorm = 2.8594, lr_0 = 3.9191e-04
Loss = 5.2623e-02, PNorm = 47.5842, GNorm = 1.8644, lr_0 = 3.9220e-04
Loss = 6.4010e-02, PNorm = 47.5888, GNorm = 3.3685, lr_0 = 3.9248e-04
Loss = 6.9174e-02, PNorm = 47.5934, GNorm = 1.8854, lr_0 = 3.9277e-04
Loss = 6.4029e-02, PNorm = 47.5964, GNorm = 7.7434, lr_0 = 3.9306e-04
Loss = 6.2177e-02, PNorm = 47.5997, GNorm = 6.6353, lr_0 = 3.9334e-04
Loss = 5.1802e-02, PNorm = 47.6033, GNorm = 6.3560, lr_0 = 3.9363e-04
Loss = 5.7080e-02, PNorm = 47.6080, GNorm = 2.2521, lr_0 = 3.9392e-04
Loss = 5.8076e-02, PNorm = 47.6131, GNorm = 2.1648, lr_0 = 3.9421e-04
Loss = 5.3761e-02, PNorm = 47.6159, GNorm = 9.1701, lr_0 = 3.9449e-04
Loss = 6.5481e-02, PNorm = 47.6193, GNorm = 11.3167, lr_0 = 3.9478e-04
Loss = 6.1668e-02, PNorm = 47.6210, GNorm = 2.2716, lr_0 = 3.9507e-04
Loss = 7.5077e-02, PNorm = 47.6243, GNorm = 6.0432, lr_0 = 3.9536e-04
Loss = 4.3541e-02, PNorm = 47.6285, GNorm = 2.1197, lr_0 = 3.9564e-04
Loss = 5.3524e-02, PNorm = 47.6310, GNorm = 5.8179, lr_0 = 3.9593e-04
Loss = 6.4867e-02, PNorm = 47.6336, GNorm = 14.2653, lr_0 = 3.9622e-04
Loss = 5.6179e-02, PNorm = 47.6375, GNorm = 5.0116, lr_0 = 3.9650e-04
Loss = 4.8604e-02, PNorm = 47.6429, GNorm = 2.0381, lr_0 = 3.9679e-04
Loss = 4.5437e-02, PNorm = 47.6458, GNorm = 8.3377, lr_0 = 3.9708e-04
Loss = 6.9725e-02, PNorm = 47.6493, GNorm = 3.8984, lr_0 = 3.9737e-04
Loss = 6.3303e-02, PNorm = 47.6541, GNorm = 7.2819, lr_0 = 3.9765e-04
Loss = 6.3658e-02, PNorm = 47.6589, GNorm = 14.8072, lr_0 = 3.9794e-04
Loss = 5.7765e-02, PNorm = 47.6632, GNorm = 3.5088, lr_0 = 3.9823e-04
Loss = 5.4881e-02, PNorm = 47.6682, GNorm = 3.2121, lr_0 = 3.9852e-04
Loss = 4.7277e-02, PNorm = 47.6710, GNorm = 12.3817, lr_0 = 3.9880e-04
Loss = 4.8044e-02, PNorm = 47.6733, GNorm = 1.6287, lr_0 = 3.9909e-04
Loss = 5.0322e-02, PNorm = 47.6765, GNorm = 11.2179, lr_0 = 3.9938e-04
Loss = 4.7018e-02, PNorm = 47.6785, GNorm = 2.7410, lr_0 = 3.9966e-04
Loss = 5.6335e-02, PNorm = 47.6800, GNorm = 6.9815, lr_0 = 3.9995e-04
Loss = 5.9007e-02, PNorm = 47.6828, GNorm = 9.8119, lr_0 = 4.0024e-04
Loss = 6.1621e-02, PNorm = 47.6863, GNorm = 1.8709, lr_0 = 4.0053e-04
Loss = 5.5886e-02, PNorm = 47.6882, GNorm = 4.3368, lr_0 = 4.0081e-04
Loss = 6.5751e-02, PNorm = 47.6921, GNorm = 9.9028, lr_0 = 4.0110e-04
Loss = 6.5178e-02, PNorm = 47.6961, GNorm = 6.7687, lr_0 = 4.0139e-04
Loss = 5.0735e-02, PNorm = 47.6990, GNorm = 3.9463, lr_0 = 4.0168e-04
Loss = 5.3555e-02, PNorm = 47.7032, GNorm = 8.5279, lr_0 = 4.0196e-04
Loss = 4.7366e-02, PNorm = 47.7067, GNorm = 2.5393, lr_0 = 4.0225e-04
Loss = 5.6528e-02, PNorm = 47.7100, GNorm = 5.1670, lr_0 = 4.0254e-04
Loss = 5.2809e-02, PNorm = 47.7131, GNorm = 6.6177, lr_0 = 4.0282e-04
Loss = 6.3075e-02, PNorm = 47.7167, GNorm = 11.8694, lr_0 = 4.0311e-04
Loss = 5.1600e-02, PNorm = 47.7206, GNorm = 1.6124, lr_0 = 4.0340e-04
Loss = 5.3665e-02, PNorm = 47.7240, GNorm = 4.5255, lr_0 = 4.0369e-04
Loss = 6.4716e-02, PNorm = 47.7266, GNorm = 14.3535, lr_0 = 4.0397e-04
Loss = 6.0551e-02, PNorm = 47.7311, GNorm = 2.3899, lr_0 = 4.0426e-04
Loss = 5.8868e-02, PNorm = 47.7342, GNorm = 2.1085, lr_0 = 4.0455e-04
Loss = 4.2057e-02, PNorm = 47.7386, GNorm = 3.9653, lr_0 = 4.0484e-04
Loss = 4.3504e-02, PNorm = 47.7420, GNorm = 7.2513, lr_0 = 4.0512e-04
Loss = 5.8898e-02, PNorm = 47.7465, GNorm = 15.5309, lr_0 = 4.0541e-04
Loss = 5.9222e-02, PNorm = 47.7510, GNorm = 8.9074, lr_0 = 4.0570e-04
Loss = 6.1943e-02, PNorm = 47.7556, GNorm = 5.4378, lr_0 = 4.0599e-04
Loss = 5.6942e-02, PNorm = 47.7604, GNorm = 3.6185, lr_0 = 4.0627e-04
Loss = 5.6547e-02, PNorm = 47.7645, GNorm = 3.5849, lr_0 = 4.0656e-04
Loss = 5.8636e-02, PNorm = 47.7668, GNorm = 6.3738, lr_0 = 4.0685e-04
Loss = 5.7044e-02, PNorm = 47.7703, GNorm = 9.3883, lr_0 = 4.0713e-04
Loss = 6.0676e-02, PNorm = 47.7744, GNorm = 1.4986, lr_0 = 4.0742e-04
Loss = 5.3134e-02, PNorm = 47.7789, GNorm = 2.9981, lr_0 = 4.0771e-04
Loss = 4.3695e-02, PNorm = 47.7827, GNorm = 2.4825, lr_0 = 4.0800e-04
Loss = 5.3152e-02, PNorm = 47.7841, GNorm = 4.3191, lr_0 = 4.0828e-04
Loss = 4.8680e-02, PNorm = 47.7872, GNorm = 7.1387, lr_0 = 4.0857e-04
Loss = 4.6085e-02, PNorm = 47.7900, GNorm = 3.9102, lr_0 = 4.0886e-04
Loss = 4.7640e-02, PNorm = 47.7936, GNorm = 1.9617, lr_0 = 4.0915e-04
Loss = 4.7681e-02, PNorm = 47.7964, GNorm = 3.8752, lr_0 = 4.0943e-04
Loss = 4.5717e-02, PNorm = 47.7985, GNorm = 2.7820, lr_0 = 4.0972e-04
Loss = 5.8463e-02, PNorm = 47.8019, GNorm = 3.6768, lr_0 = 4.1001e-04
Loss = 5.0782e-02, PNorm = 47.8053, GNorm = 1.9622, lr_0 = 4.1029e-04
Loss = 5.3188e-02, PNorm = 47.8100, GNorm = 2.9948, lr_0 = 4.1058e-04
Loss = 6.1874e-02, PNorm = 47.8150, GNorm = 4.7407, lr_0 = 4.1087e-04
Loss = 6.7069e-02, PNorm = 47.8187, GNorm = 13.1135, lr_0 = 4.1116e-04
Loss = 5.0360e-02, PNorm = 47.8212, GNorm = 11.0546, lr_0 = 4.1144e-04
Loss = 6.0985e-02, PNorm = 47.8237, GNorm = 1.4601, lr_0 = 4.1173e-04
Loss = 4.7354e-02, PNorm = 47.8283, GNorm = 2.9299, lr_0 = 4.1202e-04
Loss = 5.4414e-02, PNorm = 47.8325, GNorm = 1.7409, lr_0 = 4.1231e-04
Loss = 6.4755e-02, PNorm = 47.8362, GNorm = 8.1180, lr_0 = 4.1259e-04
Loss = 5.6441e-02, PNorm = 47.8426, GNorm = 4.2140, lr_0 = 4.1288e-04
Loss = 5.0202e-02, PNorm = 47.8457, GNorm = 5.3151, lr_0 = 4.1317e-04
Loss = 5.3866e-02, PNorm = 47.8484, GNorm = 6.5790, lr_0 = 4.1345e-04
Loss = 5.0641e-02, PNorm = 47.8520, GNorm = 6.7555, lr_0 = 4.1374e-04
Loss = 5.0452e-02, PNorm = 47.8560, GNorm = 10.4307, lr_0 = 4.1403e-04
Loss = 4.0127e-02, PNorm = 47.8600, GNorm = 3.1079, lr_0 = 4.1432e-04
Loss = 5.2214e-02, PNorm = 47.8627, GNorm = 1.3075, lr_0 = 4.1460e-04
Loss = 4.6199e-02, PNorm = 47.8666, GNorm = 2.9638, lr_0 = 4.1489e-04
Loss = 6.4223e-02, PNorm = 47.8683, GNorm = 6.1303, lr_0 = 4.1518e-04
Loss = 5.6486e-02, PNorm = 47.8721, GNorm = 3.3671, lr_0 = 4.1547e-04
Loss = 4.4256e-02, PNorm = 47.8765, GNorm = 1.2989, lr_0 = 4.1575e-04
Loss = 5.2098e-02, PNorm = 47.8798, GNorm = 3.3490, lr_0 = 4.1604e-04
Loss = 4.0234e-02, PNorm = 47.8839, GNorm = 2.5779, lr_0 = 4.1633e-04
Loss = 5.3631e-02, PNorm = 47.8885, GNorm = 7.2713, lr_0 = 4.1661e-04
Loss = 5.8949e-02, PNorm = 47.8927, GNorm = 1.6913, lr_0 = 4.1690e-04
Loss = 4.3233e-02, PNorm = 47.8968, GNorm = 3.2163, lr_0 = 4.1719e-04
Loss = 4.4877e-02, PNorm = 47.9013, GNorm = 3.1470, lr_0 = 4.1748e-04
Loss = 6.7986e-02, PNorm = 47.9038, GNorm = 12.0489, lr_0 = 4.1776e-04
Loss = 4.4239e-02, PNorm = 47.9088, GNorm = 6.5260, lr_0 = 4.1805e-04
Loss = 5.5511e-02, PNorm = 47.9143, GNorm = 11.3290, lr_0 = 4.1834e-04
Loss = 6.4979e-02, PNorm = 47.9184, GNorm = 11.4725, lr_0 = 4.1863e-04
Loss = 5.5256e-02, PNorm = 47.9242, GNorm = 5.8809, lr_0 = 4.1891e-04
Loss = 9.1137e-02, PNorm = 47.9300, GNorm = 2.9699, lr_0 = 4.1920e-04
Loss = 6.3361e-02, PNorm = 47.9366, GNorm = 9.6625, lr_0 = 4.1949e-04
Loss = 6.3066e-02, PNorm = 47.9412, GNorm = 8.9297, lr_0 = 4.1977e-04
Loss = 5.2718e-02, PNorm = 47.9467, GNorm = 1.4412, lr_0 = 4.2006e-04
Loss = 5.2473e-02, PNorm = 47.9504, GNorm = 2.8675, lr_0 = 4.2035e-04
Loss = 4.7644e-02, PNorm = 47.9558, GNorm = 8.4251, lr_0 = 4.2064e-04
Loss = 3.9913e-02, PNorm = 47.9596, GNorm = 2.2312, lr_0 = 4.2092e-04
Loss = 4.6455e-02, PNorm = 47.9631, GNorm = 1.6936, lr_0 = 4.2121e-04
Loss = 5.4401e-02, PNorm = 47.9685, GNorm = 4.4206, lr_0 = 4.2150e-04
Loss = 6.7522e-02, PNorm = 47.9739, GNorm = 12.9041, lr_0 = 4.2179e-04
Loss = 5.9883e-02, PNorm = 47.9780, GNorm = 8.8117, lr_0 = 4.2207e-04
Loss = 5.1150e-02, PNorm = 47.9833, GNorm = 1.1751, lr_0 = 4.2236e-04
Loss = 6.3919e-02, PNorm = 47.9885, GNorm = 6.6218, lr_0 = 4.2265e-04
Loss = 4.9322e-02, PNorm = 47.9927, GNorm = 5.9570, lr_0 = 4.2293e-04
Loss = 4.5099e-02, PNorm = 47.9962, GNorm = 3.7831, lr_0 = 4.2322e-04
Loss = 5.8699e-02, PNorm = 47.9984, GNorm = 2.5889, lr_0 = 4.2351e-04
Loss = 5.4259e-02, PNorm = 48.0040, GNorm = 7.5465, lr_0 = 4.2380e-04
Loss = 7.2961e-02, PNorm = 48.0090, GNorm = 10.3236, lr_0 = 4.2408e-04
Loss = 1.0085e-01, PNorm = 48.0155, GNorm = 15.6452, lr_0 = 4.2437e-04
Loss = 5.5688e-02, PNorm = 48.0222, GNorm = 4.2089, lr_0 = 4.2466e-04
Loss = 5.2540e-02, PNorm = 48.0271, GNorm = 4.4261, lr_0 = 4.2495e-04
Loss = 4.9307e-02, PNorm = 48.0322, GNorm = 2.3847, lr_0 = 4.2523e-04
Loss = 4.3848e-02, PNorm = 48.0369, GNorm = 2.3097, lr_0 = 4.2552e-04
Loss = 5.1681e-02, PNorm = 48.0419, GNorm = 3.4298, lr_0 = 4.2581e-04
Loss = 4.8610e-02, PNorm = 48.0468, GNorm = 2.3376, lr_0 = 4.2609e-04
Loss = 4.4193e-02, PNorm = 48.0518, GNorm = 3.1665, lr_0 = 4.2638e-04
Loss = 4.7860e-02, PNorm = 48.0561, GNorm = 3.8767, lr_0 = 4.2667e-04
Loss = 4.7390e-02, PNorm = 48.0592, GNorm = 1.5820, lr_0 = 4.2696e-04
Loss = 4.4768e-02, PNorm = 48.0642, GNorm = 4.5283, lr_0 = 4.2724e-04
Loss = 3.6076e-02, PNorm = 48.0675, GNorm = 1.9536, lr_0 = 4.2753e-04
Loss = 3.9573e-02, PNorm = 48.0697, GNorm = 3.1936, lr_0 = 4.2782e-04
Loss = 5.0172e-02, PNorm = 48.0733, GNorm = 3.0503, lr_0 = 4.2811e-04
Loss = 4.3583e-02, PNorm = 48.0776, GNorm = 5.0000, lr_0 = 4.2839e-04
Loss = 4.6753e-02, PNorm = 48.0810, GNorm = 2.8777, lr_0 = 4.2868e-04
Loss = 4.3113e-02, PNorm = 48.0838, GNorm = 3.1889, lr_0 = 4.2897e-04
Loss = 4.7265e-02, PNorm = 48.0864, GNorm = 5.0565, lr_0 = 4.2925e-04
Loss = 4.3403e-02, PNorm = 48.0912, GNorm = 3.1903, lr_0 = 4.2954e-04
Loss = 4.2902e-02, PNorm = 48.0961, GNorm = 6.3926, lr_0 = 4.2983e-04
Loss = 4.1967e-02, PNorm = 48.0991, GNorm = 3.6310, lr_0 = 4.3012e-04
Loss = 4.6430e-02, PNorm = 48.1020, GNorm = 4.2981, lr_0 = 4.3040e-04
Loss = 5.5959e-02, PNorm = 48.1070, GNorm = 4.6868, lr_0 = 4.3069e-04
Loss = 5.1931e-02, PNorm = 48.1120, GNorm = 5.5090, lr_0 = 4.3098e-04
Loss = 4.2201e-02, PNorm = 48.1153, GNorm = 2.2072, lr_0 = 4.3127e-04
Loss = 3.9339e-02, PNorm = 48.1193, GNorm = 2.0665, lr_0 = 4.3155e-04
Loss = 4.5076e-02, PNorm = 48.1218, GNorm = 3.4705, lr_0 = 4.3184e-04
Loss = 4.2481e-02, PNorm = 48.1256, GNorm = 7.4682, lr_0 = 4.3213e-04
Loss = 4.7649e-02, PNorm = 48.1299, GNorm = 7.3225, lr_0 = 4.3242e-04
Loss = 4.1702e-02, PNorm = 48.1341, GNorm = 7.6504, lr_0 = 4.3270e-04
Loss = 5.3042e-02, PNorm = 48.1370, GNorm = 1.7156, lr_0 = 4.3299e-04
Loss = 4.2961e-02, PNorm = 48.1389, GNorm = 1.7683, lr_0 = 4.3328e-04
Loss = 4.5685e-02, PNorm = 48.1412, GNorm = 2.6157, lr_0 = 4.3356e-04
Loss = 4.6774e-02, PNorm = 48.1447, GNorm = 1.4086, lr_0 = 4.3385e-04
Loss = 4.0647e-02, PNorm = 48.1480, GNorm = 1.8854, lr_0 = 4.3414e-04
Loss = 4.2431e-02, PNorm = 48.1516, GNorm = 3.2155, lr_0 = 4.3443e-04
Loss = 4.5044e-02, PNorm = 48.1565, GNorm = 5.6509, lr_0 = 4.3471e-04
Loss = 4.5840e-02, PNorm = 48.1600, GNorm = 3.0135, lr_0 = 4.3500e-04
Loss = 7.1138e-02, PNorm = 48.1637, GNorm = 9.8520, lr_0 = 4.3529e-04
Loss = 6.6692e-02, PNorm = 48.1715, GNorm = 1.4216, lr_0 = 4.3558e-04
Loss = 5.4695e-02, PNorm = 48.1782, GNorm = 3.4312, lr_0 = 4.3586e-04
Loss = 5.0703e-02, PNorm = 48.1842, GNorm = 10.0519, lr_0 = 4.3615e-04
Loss = 7.4569e-02, PNorm = 48.1882, GNorm = 3.8930, lr_0 = 4.3644e-04
Loss = 4.8714e-02, PNorm = 48.1921, GNorm = 2.6721, lr_0 = 4.3672e-04
Loss = 5.8384e-02, PNorm = 48.1981, GNorm = 1.8045, lr_0 = 4.3701e-04
Loss = 3.9305e-02, PNorm = 48.2042, GNorm = 1.9056, lr_0 = 4.3730e-04
Loss = 3.9218e-02, PNorm = 48.2083, GNorm = 1.3175, lr_0 = 4.3759e-04
Loss = 4.9808e-02, PNorm = 48.2116, GNorm = 6.0995, lr_0 = 4.3787e-04
Loss = 5.0529e-02, PNorm = 48.2152, GNorm = 7.7258, lr_0 = 4.3816e-04
Loss = 5.3432e-02, PNorm = 48.2190, GNorm = 2.0395, lr_0 = 4.3845e-04
Loss = 5.0690e-02, PNorm = 48.2243, GNorm = 7.9145, lr_0 = 4.3874e-04
Loss = 6.1107e-02, PNorm = 48.2291, GNorm = 7.8066, lr_0 = 4.3902e-04
Loss = 6.5901e-02, PNorm = 48.2340, GNorm = 2.3459, lr_0 = 4.3931e-04
Loss = 6.3874e-02, PNorm = 48.2387, GNorm = 7.5020, lr_0 = 4.3960e-04
Loss = 7.5854e-02, PNorm = 48.2466, GNorm = 7.5870, lr_0 = 4.3988e-04
Loss = 8.0927e-02, PNorm = 48.2524, GNorm = 5.8921, lr_0 = 4.4017e-04
Loss = 7.0295e-02, PNorm = 48.2597, GNorm = 8.5476, lr_0 = 4.4046e-04
Loss = 5.5796e-02, PNorm = 48.2691, GNorm = 3.3719, lr_0 = 4.4075e-04
Loss = 4.3642e-02, PNorm = 48.2739, GNorm = 1.0148, lr_0 = 4.4103e-04
Loss = 4.3087e-02, PNorm = 48.2786, GNorm = 1.4692, lr_0 = 4.4132e-04
Loss = 3.5895e-02, PNorm = 48.2809, GNorm = 2.0711, lr_0 = 4.4161e-04
Loss = 6.0165e-02, PNorm = 48.2851, GNorm = 3.9758, lr_0 = 4.4190e-04
Loss = 4.7305e-02, PNorm = 48.2899, GNorm = 7.1697, lr_0 = 4.4218e-04
Loss = 6.0619e-02, PNorm = 48.2967, GNorm = 7.5289, lr_0 = 4.4247e-04
Loss = 5.1041e-02, PNorm = 48.3012, GNorm = 2.1246, lr_0 = 4.4276e-04
Loss = 4.2774e-02, PNorm = 48.3057, GNorm = 1.3584, lr_0 = 4.4304e-04
Loss = 3.7641e-02, PNorm = 48.3088, GNorm = 3.6933, lr_0 = 4.4333e-04
Loss = 4.0442e-02, PNorm = 48.3115, GNorm = 7.2315, lr_0 = 4.4362e-04
Loss = 4.5218e-02, PNorm = 48.3150, GNorm = 1.7834, lr_0 = 4.4391e-04
Loss = 4.8668e-02, PNorm = 48.3184, GNorm = 1.7227, lr_0 = 4.4419e-04
Loss = 4.1892e-02, PNorm = 48.3222, GNorm = 5.1766, lr_0 = 4.4448e-04
Loss = 4.6755e-02, PNorm = 48.3244, GNorm = 4.5380, lr_0 = 4.4477e-04
Loss = 3.5483e-02, PNorm = 48.3283, GNorm = 2.9349, lr_0 = 4.4506e-04
Loss = 3.9754e-02, PNorm = 48.3321, GNorm = 5.3512, lr_0 = 4.4534e-04
Loss = 4.3310e-02, PNorm = 48.3366, GNorm = 2.8841, lr_0 = 4.4563e-04
Loss = 3.6667e-02, PNorm = 48.3422, GNorm = 2.5448, lr_0 = 4.4592e-04
Loss = 4.1546e-02, PNorm = 48.3437, GNorm = 6.0222, lr_0 = 4.4620e-04
Loss = 4.8383e-02, PNorm = 48.3455, GNorm = 1.4443, lr_0 = 4.4649e-04
Loss = 4.8058e-02, PNorm = 48.3515, GNorm = 1.2577, lr_0 = 4.4678e-04
Loss = 3.9535e-02, PNorm = 48.3553, GNorm = 1.4061, lr_0 = 4.4707e-04
Loss = 4.2472e-02, PNorm = 48.3590, GNorm = 3.7178, lr_0 = 4.4735e-04
Loss = 5.0580e-02, PNorm = 48.3644, GNorm = 3.8714, lr_0 = 4.4764e-04
Loss = 4.7408e-02, PNorm = 48.3676, GNorm = 5.6717, lr_0 = 4.4793e-04
Loss = 5.0814e-02, PNorm = 48.3729, GNorm = 3.8799, lr_0 = 4.4822e-04
Loss = 4.6630e-02, PNorm = 48.3766, GNorm = 4.2166, lr_0 = 4.4850e-04
Loss = 4.6892e-02, PNorm = 48.3834, GNorm = 3.5668, lr_0 = 4.4879e-04
Loss = 4.1893e-02, PNorm = 48.3892, GNorm = 0.9067, lr_0 = 4.4908e-04
Loss = 4.6188e-02, PNorm = 48.3933, GNorm = 3.2452, lr_0 = 4.4936e-04
Loss = 4.9636e-02, PNorm = 48.4003, GNorm = 3.7469, lr_0 = 4.4965e-04
Loss = 3.8190e-02, PNorm = 48.4038, GNorm = 3.3395, lr_0 = 4.4994e-04
Loss = 4.1403e-02, PNorm = 48.4075, GNorm = 4.3861, lr_0 = 4.5023e-04
Loss = 3.9091e-02, PNorm = 48.4106, GNorm = 4.6152, lr_0 = 4.5051e-04
Loss = 4.0236e-02, PNorm = 48.4130, GNorm = 3.3412, lr_0 = 4.5080e-04
Loss = 4.3377e-02, PNorm = 48.4168, GNorm = 4.8411, lr_0 = 4.5109e-04
Loss = 3.8141e-02, PNorm = 48.4210, GNorm = 2.0643, lr_0 = 4.5138e-04
Loss = 3.7949e-02, PNorm = 48.4253, GNorm = 1.4495, lr_0 = 4.5166e-04
Loss = 4.0184e-02, PNorm = 48.4296, GNorm = 2.5001, lr_0 = 4.5195e-04
Loss = 5.6050e-02, PNorm = 48.4334, GNorm = 1.7979, lr_0 = 4.5224e-04
Loss = 4.5306e-02, PNorm = 48.4397, GNorm = 2.2504, lr_0 = 4.5252e-04
Loss = 3.6857e-02, PNorm = 48.4451, GNorm = 5.9740, lr_0 = 4.5281e-04
Loss = 3.8514e-02, PNorm = 48.4495, GNorm = 2.8988, lr_0 = 4.5310e-04
Loss = 4.3789e-02, PNorm = 48.4540, GNorm = 1.1172, lr_0 = 4.5339e-04
Loss = 3.8774e-02, PNorm = 48.4565, GNorm = 3.5720, lr_0 = 4.5367e-04
Loss = 4.0089e-02, PNorm = 48.4607, GNorm = 1.5000, lr_0 = 4.5396e-04
Loss = 4.8254e-02, PNorm = 48.4642, GNorm = 2.7515, lr_0 = 4.5425e-04
Loss = 5.2387e-02, PNorm = 48.4698, GNorm = 2.9516, lr_0 = 4.5454e-04
Loss = 4.3468e-02, PNorm = 48.4726, GNorm = 3.0572, lr_0 = 4.5482e-04
Loss = 3.8106e-02, PNorm = 48.4783, GNorm = 4.1658, lr_0 = 4.5511e-04
Loss = 4.0410e-02, PNorm = 48.4820, GNorm = 1.9332, lr_0 = 4.5540e-04
Loss = 4.2736e-02, PNorm = 48.4851, GNorm = 2.5569, lr_0 = 4.5569e-04
Loss = 3.5230e-02, PNorm = 48.4884, GNorm = 2.2289, lr_0 = 4.5597e-04
Loss = 3.5203e-02, PNorm = 48.4931, GNorm = 3.7464, lr_0 = 4.5626e-04
Loss = 4.8920e-02, PNorm = 48.4976, GNorm = 6.6404, lr_0 = 4.5655e-04
Loss = 4.2675e-02, PNorm = 48.5022, GNorm = 3.6580, lr_0 = 4.5683e-04
Loss = 4.2141e-02, PNorm = 48.5043, GNorm = 4.1796, lr_0 = 4.5712e-04
Loss = 4.5811e-02, PNorm = 48.5080, GNorm = 1.8215, lr_0 = 4.5741e-04
Loss = 3.7013e-02, PNorm = 48.5106, GNorm = 2.3715, lr_0 = 4.5770e-04
Loss = 3.6548e-02, PNorm = 48.5139, GNorm = 2.0790, lr_0 = 4.5798e-04
Loss = 4.3313e-02, PNorm = 48.5182, GNorm = 4.1804, lr_0 = 4.5827e-04
Loss = 3.9951e-02, PNorm = 48.5241, GNorm = 1.4625, lr_0 = 4.5856e-04
Loss = 4.8614e-02, PNorm = 48.5297, GNorm = 1.1838, lr_0 = 4.5885e-04
Loss = 3.6592e-02, PNorm = 48.5368, GNorm = 2.1813, lr_0 = 4.5913e-04
Loss = 4.1911e-02, PNorm = 48.5394, GNorm = 2.2444, lr_0 = 4.5942e-04
Loss = 5.1293e-02, PNorm = 48.5427, GNorm = 9.5839, lr_0 = 4.5971e-04
Loss = 6.0308e-02, PNorm = 48.5502, GNorm = 5.2834, lr_0 = 4.5999e-04
Loss = 3.7512e-02, PNorm = 48.5563, GNorm = 2.0383, lr_0 = 4.6028e-04
Loss = 4.3538e-02, PNorm = 48.5618, GNorm = 2.6879, lr_0 = 4.6057e-04
Loss = 5.6863e-02, PNorm = 48.5666, GNorm = 2.4438, lr_0 = 4.6086e-04
Loss = 5.2993e-02, PNorm = 48.5725, GNorm = 3.0978, lr_0 = 4.6114e-04
Loss = 4.7000e-02, PNorm = 48.5783, GNorm = 3.3379, lr_0 = 4.6143e-04
Loss = 5.4613e-02, PNorm = 48.5839, GNorm = 4.0423, lr_0 = 4.6172e-04
Loss = 4.0060e-02, PNorm = 48.5895, GNorm = 2.8959, lr_0 = 4.6201e-04
Loss = 3.7818e-02, PNorm = 48.5964, GNorm = 3.5634, lr_0 = 4.6229e-04
Loss = 4.1413e-02, PNorm = 48.5993, GNorm = 3.8648, lr_0 = 4.6258e-04
Loss = 4.0571e-02, PNorm = 48.6042, GNorm = 1.6913, lr_0 = 4.6287e-04
Loss = 3.5753e-02, PNorm = 48.6085, GNorm = 3.3599, lr_0 = 4.6315e-04
Loss = 3.5296e-02, PNorm = 48.6134, GNorm = 2.1793, lr_0 = 4.6344e-04
Loss = 3.4662e-02, PNorm = 48.6175, GNorm = 1.9460, lr_0 = 4.6373e-04
Loss = 4.3813e-02, PNorm = 48.6202, GNorm = 2.9609, lr_0 = 4.6402e-04
Loss = 3.2774e-02, PNorm = 48.6265, GNorm = 1.0354, lr_0 = 4.6430e-04
Loss = 3.7471e-02, PNorm = 48.6294, GNorm = 2.1527, lr_0 = 4.6459e-04
Loss = 3.9138e-02, PNorm = 48.6353, GNorm = 2.6905, lr_0 = 4.6488e-04
Loss = 3.7175e-02, PNorm = 48.6389, GNorm = 2.2215, lr_0 = 4.6517e-04
Loss = 3.8301e-02, PNorm = 48.6422, GNorm = 1.9153, lr_0 = 4.6545e-04
Loss = 3.4729e-02, PNorm = 48.6497, GNorm = 1.3741, lr_0 = 4.6574e-04
Loss = 4.8326e-02, PNorm = 48.6534, GNorm = 7.4806, lr_0 = 4.6603e-04
Loss = 5.0110e-02, PNorm = 48.6592, GNorm = 4.3017, lr_0 = 4.6631e-04
Loss = 4.6749e-02, PNorm = 48.6659, GNorm = 3.8375, lr_0 = 4.6660e-04
Loss = 4.6713e-02, PNorm = 48.6705, GNorm = 3.0563, lr_0 = 4.6689e-04
Loss = 4.6091e-02, PNorm = 48.6730, GNorm = 2.3989, lr_0 = 4.6718e-04
Loss = 4.0863e-02, PNorm = 48.6795, GNorm = 4.7318, lr_0 = 4.6746e-04
Loss = 4.1360e-02, PNorm = 48.6829, GNorm = 1.1942, lr_0 = 4.6775e-04
Loss = 3.4994e-02, PNorm = 48.6887, GNorm = 1.8074, lr_0 = 4.6804e-04
Loss = 3.8849e-02, PNorm = 48.6940, GNorm = 2.4470, lr_0 = 4.6833e-04
Loss = 4.3360e-02, PNorm = 48.6988, GNorm = 3.4834, lr_0 = 4.6861e-04
Loss = 3.9091e-02, PNorm = 48.7018, GNorm = 2.3471, lr_0 = 4.6890e-04
Loss = 4.1245e-02, PNorm = 48.7042, GNorm = 1.0201, lr_0 = 4.6919e-04
Loss = 3.8882e-02, PNorm = 48.7095, GNorm = 2.7426, lr_0 = 4.6947e-04
Loss = 4.9353e-02, PNorm = 48.7149, GNorm = 2.0511, lr_0 = 4.6976e-04
Loss = 4.7329e-02, PNorm = 48.7184, GNorm = 1.6157, lr_0 = 4.7005e-04
Loss = 5.8785e-02, PNorm = 48.7255, GNorm = 7.5608, lr_0 = 4.7034e-04
Loss = 5.7847e-02, PNorm = 48.7300, GNorm = 4.1737, lr_0 = 4.7062e-04
Loss = 4.9859e-02, PNorm = 48.7359, GNorm = 1.5385, lr_0 = 4.7091e-04
Loss = 4.5169e-02, PNorm = 48.7446, GNorm = 3.1818, lr_0 = 4.7120e-04
Loss = 5.0490e-02, PNorm = 48.7501, GNorm = 4.7902, lr_0 = 4.7149e-04
Loss = 4.1157e-02, PNorm = 48.7575, GNorm = 1.7042, lr_0 = 4.7177e-04
Loss = 4.0436e-02, PNorm = 48.7641, GNorm = 3.3924, lr_0 = 4.7206e-04
Loss = 3.6909e-02, PNorm = 48.7686, GNorm = 0.9070, lr_0 = 4.7235e-04
Loss = 4.3239e-02, PNorm = 48.7745, GNorm = 5.1357, lr_0 = 4.7263e-04
Loss = 5.4530e-02, PNorm = 48.7789, GNorm = 2.6642, lr_0 = 4.7292e-04
Loss = 5.5927e-02, PNorm = 48.7864, GNorm = 6.2166, lr_0 = 4.7321e-04
Loss = 5.0215e-02, PNorm = 48.7904, GNorm = 3.8315, lr_0 = 4.7350e-04
Loss = 5.7492e-02, PNorm = 48.7977, GNorm = 1.3928, lr_0 = 4.7378e-04
Loss = 4.4510e-02, PNorm = 48.8047, GNorm = 5.9259, lr_0 = 4.7407e-04
Loss = 5.2450e-02, PNorm = 48.8127, GNorm = 1.4437, lr_0 = 4.7436e-04
Loss = 5.2476e-02, PNorm = 48.8178, GNorm = 1.4486, lr_0 = 4.7465e-04
Loss = 7.5473e-02, PNorm = 48.8264, GNorm = 3.8016, lr_0 = 4.7493e-04
Loss = 5.0870e-02, PNorm = 48.8363, GNorm = 2.1439, lr_0 = 4.7522e-04
Loss = 5.1211e-02, PNorm = 48.8413, GNorm = 1.6307, lr_0 = 4.7551e-04
Loss = 4.4738e-02, PNorm = 48.8483, GNorm = 1.0935, lr_0 = 4.7579e-04
Loss = 3.6035e-02, PNorm = 48.8559, GNorm = 4.5180, lr_0 = 4.7608e-04
Loss = 4.0403e-02, PNorm = 48.8603, GNorm = 1.5470, lr_0 = 4.7637e-04
Loss = 3.8258e-02, PNorm = 48.8665, GNorm = 2.7586, lr_0 = 4.7666e-04
Loss = 4.3041e-02, PNorm = 48.8710, GNorm = 5.6101, lr_0 = 4.7694e-04
Loss = 5.4527e-02, PNorm = 48.8761, GNorm = 3.9770, lr_0 = 4.7723e-04
Loss = 4.1491e-02, PNorm = 48.8789, GNorm = 5.0825, lr_0 = 4.7752e-04
Loss = 4.1307e-02, PNorm = 48.8846, GNorm = 1.7310, lr_0 = 4.7781e-04
Loss = 4.1723e-02, PNorm = 48.8882, GNorm = 2.5715, lr_0 = 4.7809e-04
Loss = 3.6167e-02, PNorm = 48.8919, GNorm = 2.3318, lr_0 = 4.7838e-04
Loss = 3.2555e-02, PNorm = 48.8976, GNorm = 2.7773, lr_0 = 4.7867e-04
Loss = 2.9003e-02, PNorm = 48.9009, GNorm = 1.6983, lr_0 = 4.7895e-04
Loss = 3.8165e-02, PNorm = 48.9061, GNorm = 1.2908, lr_0 = 4.7924e-04
Loss = 3.9512e-02, PNorm = 48.9126, GNorm = 1.5613, lr_0 = 4.7953e-04
Loss = 4.7638e-02, PNorm = 48.9190, GNorm = 5.6926, lr_0 = 4.7982e-04
Loss = 4.0648e-02, PNorm = 48.9252, GNorm = 5.2370, lr_0 = 4.8010e-04
Loss = 4.3443e-02, PNorm = 48.9311, GNorm = 2.6281, lr_0 = 4.8039e-04
Loss = 4.5238e-02, PNorm = 48.9365, GNorm = 0.7499, lr_0 = 4.8068e-04
Loss = 4.5755e-02, PNorm = 48.9409, GNorm = 3.1745, lr_0 = 4.8097e-04
Loss = 4.0979e-02, PNorm = 48.9468, GNorm = 2.4258, lr_0 = 4.8125e-04
Loss = 4.1543e-02, PNorm = 48.9524, GNorm = 1.5417, lr_0 = 4.8154e-04
Loss = 3.1531e-02, PNorm = 48.9579, GNorm = 1.0449, lr_0 = 4.8183e-04
Loss = 3.9203e-02, PNorm = 48.9620, GNorm = 0.8466, lr_0 = 4.8212e-04
Loss = 3.0950e-02, PNorm = 48.9669, GNorm = 0.8513, lr_0 = 4.8240e-04
Loss = 4.7434e-02, PNorm = 48.9708, GNorm = 6.7038, lr_0 = 4.8269e-04
Loss = 4.7473e-02, PNorm = 48.9757, GNorm = 1.5722, lr_0 = 4.8298e-04
Loss = 3.8465e-02, PNorm = 48.9796, GNorm = 3.0680, lr_0 = 4.8326e-04
Loss = 3.9263e-02, PNorm = 48.9875, GNorm = 1.7164, lr_0 = 4.8355e-04
Loss = 4.1622e-02, PNorm = 48.9938, GNorm = 3.6126, lr_0 = 4.8384e-04
Loss = 4.1111e-02, PNorm = 48.9988, GNorm = 1.0285, lr_0 = 4.8413e-04
Loss = 3.2803e-02, PNorm = 49.0028, GNorm = 1.3126, lr_0 = 4.8441e-04
Loss = 4.3839e-02, PNorm = 49.0066, GNorm = 2.0898, lr_0 = 4.8470e-04
Loss = 5.0089e-02, PNorm = 49.0115, GNorm = 2.3988, lr_0 = 4.8499e-04
Loss = 4.3506e-02, PNorm = 49.0171, GNorm = 3.4541, lr_0 = 4.8528e-04
Loss = 5.0700e-02, PNorm = 49.0206, GNorm = 4.1283, lr_0 = 4.8556e-04
Loss = 4.7607e-02, PNorm = 49.0283, GNorm = 1.1664, lr_0 = 4.8585e-04
Loss = 4.2706e-02, PNorm = 49.0362, GNorm = 3.9855, lr_0 = 4.8614e-04
Loss = 3.7754e-02, PNorm = 49.0415, GNorm = 0.9429, lr_0 = 4.8642e-04
Loss = 3.7973e-02, PNorm = 49.0461, GNorm = 0.8100, lr_0 = 4.8671e-04
Loss = 4.2130e-02, PNorm = 49.0489, GNorm = 3.8908, lr_0 = 4.8700e-04
Loss = 4.7966e-02, PNorm = 49.0559, GNorm = 1.5444, lr_0 = 4.8729e-04
Loss = 3.4705e-02, PNorm = 49.0637, GNorm = 2.2500, lr_0 = 4.8757e-04
Loss = 3.4959e-02, PNorm = 49.0677, GNorm = 2.7981, lr_0 = 4.8786e-04
Loss = 4.2515e-02, PNorm = 49.0722, GNorm = 2.7383, lr_0 = 4.8815e-04
Loss = 3.9822e-02, PNorm = 49.0786, GNorm = 1.5978, lr_0 = 4.8844e-04
Loss = 3.7489e-02, PNorm = 49.0808, GNorm = 1.7998, lr_0 = 4.8872e-04
Loss = 3.8179e-02, PNorm = 49.0857, GNorm = 2.1714, lr_0 = 4.8901e-04
Loss = 3.9624e-02, PNorm = 49.0921, GNorm = 1.1587, lr_0 = 4.8930e-04
Loss = 3.9969e-02, PNorm = 49.0983, GNorm = 1.1171, lr_0 = 4.8958e-04
Loss = 3.2058e-02, PNorm = 49.1018, GNorm = 1.2444, lr_0 = 4.8987e-04
Loss = 3.7478e-02, PNorm = 49.1061, GNorm = 4.1612, lr_0 = 4.9016e-04
Loss = 3.7337e-02, PNorm = 49.1072, GNorm = 1.3032, lr_0 = 4.9045e-04
Loss = 4.3469e-02, PNorm = 49.1125, GNorm = 2.4469, lr_0 = 4.9073e-04
Loss = 4.5167e-02, PNorm = 49.1193, GNorm = 3.6890, lr_0 = 4.9102e-04
Loss = 4.9914e-02, PNorm = 49.1269, GNorm = 0.8932, lr_0 = 4.9131e-04
Loss = 3.7779e-02, PNorm = 49.1331, GNorm = 1.4559, lr_0 = 4.9160e-04
Loss = 3.0671e-02, PNorm = 49.1364, GNorm = 3.0894, lr_0 = 4.9188e-04
Loss = 2.9554e-02, PNorm = 49.1405, GNorm = 1.0855, lr_0 = 4.9217e-04
Loss = 4.0674e-02, PNorm = 49.1450, GNorm = 4.7016, lr_0 = 4.9246e-04
Loss = 3.8779e-02, PNorm = 49.1489, GNorm = 0.8724, lr_0 = 4.9274e-04
Loss = 3.3325e-02, PNorm = 49.1546, GNorm = 1.0720, lr_0 = 4.9303e-04
Loss = 3.3977e-02, PNorm = 49.1595, GNorm = 0.8135, lr_0 = 4.9332e-04
Loss = 3.6069e-02, PNorm = 49.1659, GNorm = 2.1357, lr_0 = 4.9361e-04
Loss = 4.3296e-02, PNorm = 49.1726, GNorm = 3.2034, lr_0 = 4.9389e-04
Loss = 4.5905e-02, PNorm = 49.1768, GNorm = 1.1139, lr_0 = 4.9418e-04
Loss = 3.7341e-02, PNorm = 49.1836, GNorm = 2.4147, lr_0 = 4.9447e-04
Loss = 2.7205e-02, PNorm = 49.1886, GNorm = 0.7676, lr_0 = 4.9476e-04
Loss = 3.1225e-02, PNorm = 49.1943, GNorm = 0.8411, lr_0 = 4.9504e-04
Loss = 3.6533e-02, PNorm = 49.1972, GNorm = 2.6290, lr_0 = 4.9533e-04
Loss = 3.5259e-02, PNorm = 49.2007, GNorm = 1.0630, lr_0 = 4.9562e-04
Loss = 3.6248e-02, PNorm = 49.2054, GNorm = 1.9354, lr_0 = 4.9590e-04
Loss = 4.3951e-02, PNorm = 49.2099, GNorm = 3.6964, lr_0 = 4.9619e-04
Loss = 5.3661e-02, PNorm = 49.2175, GNorm = 0.7557, lr_0 = 4.9648e-04
Loss = 4.1441e-02, PNorm = 49.2256, GNorm = 1.0305, lr_0 = 4.9677e-04
Loss = 3.9084e-02, PNorm = 49.2324, GNorm = 2.6105, lr_0 = 4.9705e-04
Loss = 4.3218e-02, PNorm = 49.2390, GNorm = 3.8281, lr_0 = 4.9734e-04
Loss = 5.0980e-02, PNorm = 49.2460, GNorm = 3.9222, lr_0 = 4.9763e-04
Loss = 4.5794e-02, PNorm = 49.2544, GNorm = 0.9397, lr_0 = 4.9792e-04
Loss = 5.1087e-02, PNorm = 49.2614, GNorm = 1.7142, lr_0 = 4.9820e-04
Loss = 4.1929e-02, PNorm = 49.2699, GNorm = 1.8380, lr_0 = 4.9849e-04
Loss = 4.1290e-02, PNorm = 49.2778, GNorm = 2.9984, lr_0 = 4.9878e-04
Loss = 3.7078e-02, PNorm = 49.2828, GNorm = 0.7397, lr_0 = 4.9906e-04
Loss = 3.5982e-02, PNorm = 49.2914, GNorm = 2.1143, lr_0 = 4.9935e-04
Loss = 3.4281e-02, PNorm = 49.2991, GNorm = 1.1698, lr_0 = 4.9964e-04
Loss = 3.3574e-02, PNorm = 49.3039, GNorm = 0.7576, lr_0 = 4.9993e-04
Loss = 3.7951e-02, PNorm = 49.3081, GNorm = 1.9680, lr_0 = 5.0021e-04
Loss = 4.4697e-02, PNorm = 49.3125, GNorm = 1.9205, lr_0 = 5.0050e-04
Loss = 4.0857e-02, PNorm = 49.3186, GNorm = 1.5065, lr_0 = 5.0079e-04
Loss = 3.0743e-02, PNorm = 49.3233, GNorm = 0.9370, lr_0 = 5.0108e-04
Loss = 3.9026e-02, PNorm = 49.3281, GNorm = 1.6514, lr_0 = 5.0136e-04
Loss = 3.1243e-02, PNorm = 49.3338, GNorm = 1.7444, lr_0 = 5.0165e-04
Loss = 3.8121e-02, PNorm = 49.3392, GNorm = 2.6983, lr_0 = 5.0194e-04
Loss = 4.0821e-02, PNorm = 49.3437, GNorm = 3.5780, lr_0 = 5.0222e-04
Loss = 4.9253e-02, PNorm = 49.3503, GNorm = 4.1223, lr_0 = 5.0251e-04
Loss = 4.6325e-02, PNorm = 49.3596, GNorm = 3.1364, lr_0 = 5.0280e-04
Loss = 4.6183e-02, PNorm = 49.3674, GNorm = 2.1300, lr_0 = 5.0309e-04
Loss = 4.5170e-02, PNorm = 49.3751, GNorm = 4.3734, lr_0 = 5.0337e-04
Loss = 3.7032e-02, PNorm = 49.3807, GNorm = 1.0838, lr_0 = 5.0366e-04
Loss = 3.9038e-02, PNorm = 49.3869, GNorm = 1.6088, lr_0 = 5.0395e-04
Loss = 3.4681e-02, PNorm = 49.3916, GNorm = 1.1006, lr_0 = 5.0424e-04
Loss = 3.7492e-02, PNorm = 49.3970, GNorm = 2.7648, lr_0 = 5.0452e-04
Loss = 3.4170e-02, PNorm = 49.4053, GNorm = 2.1878, lr_0 = 5.0481e-04
Loss = 3.0533e-02, PNorm = 49.4118, GNorm = 1.8596, lr_0 = 5.0510e-04
Loss = 3.9800e-02, PNorm = 49.4156, GNorm = 1.7376, lr_0 = 5.0538e-04
Loss = 3.8733e-02, PNorm = 49.4208, GNorm = 1.6977, lr_0 = 5.0567e-04
Loss = 3.7104e-02, PNorm = 49.4270, GNorm = 3.6598, lr_0 = 5.0596e-04
Loss = 3.3920e-02, PNorm = 49.4318, GNorm = 1.2375, lr_0 = 5.0625e-04
Loss = 3.1753e-02, PNorm = 49.4366, GNorm = 1.6846, lr_0 = 5.0653e-04
Loss = 3.2981e-02, PNorm = 49.4410, GNorm = 1.3866, lr_0 = 5.0682e-04
Loss = 3.1528e-02, PNorm = 49.4457, GNorm = 2.9442, lr_0 = 5.0711e-04
Loss = 3.6050e-02, PNorm = 49.4522, GNorm = 2.4444, lr_0 = 5.0740e-04
Loss = 3.1471e-02, PNorm = 49.4576, GNorm = 0.7532, lr_0 = 5.0768e-04
Loss = 3.6306e-02, PNorm = 49.4622, GNorm = 0.9576, lr_0 = 5.0797e-04
Loss = 3.2582e-02, PNorm = 49.4672, GNorm = 3.7741, lr_0 = 5.0826e-04
Loss = 3.6255e-02, PNorm = 49.4738, GNorm = 1.6465, lr_0 = 5.0855e-04
Loss = 3.4888e-02, PNorm = 49.4807, GNorm = 0.8441, lr_0 = 5.0883e-04
Loss = 3.8412e-02, PNorm = 49.4868, GNorm = 0.9252, lr_0 = 5.0912e-04
Loss = 3.2628e-02, PNorm = 49.4935, GNorm = 2.4223, lr_0 = 5.0941e-04
Loss = 4.0233e-02, PNorm = 49.4980, GNorm = 2.0536, lr_0 = 5.0969e-04
Loss = 3.6634e-02, PNorm = 49.5037, GNorm = 1.3629, lr_0 = 5.0998e-04
Loss = 5.2723e-02, PNorm = 49.5082, GNorm = 5.2380, lr_0 = 5.1027e-04
Loss = 4.8043e-02, PNorm = 49.5168, GNorm = 2.5818, lr_0 = 5.1056e-04
Loss = 3.8446e-02, PNorm = 49.5244, GNorm = 3.2582, lr_0 = 5.1084e-04
Loss = 4.3269e-02, PNorm = 49.5304, GNorm = 5.5086, lr_0 = 5.1113e-04
Loss = 4.5362e-02, PNorm = 49.5399, GNorm = 1.6793, lr_0 = 5.1142e-04
Loss = 4.9184e-02, PNorm = 49.5511, GNorm = 1.9476, lr_0 = 5.1171e-04
Loss = 3.6189e-02, PNorm = 49.5618, GNorm = 0.9303, lr_0 = 5.1199e-04
Loss = 3.8241e-02, PNorm = 49.5678, GNorm = 2.0417, lr_0 = 5.1228e-04
Loss = 3.1575e-02, PNorm = 49.5722, GNorm = 0.8071, lr_0 = 5.1257e-04
Loss = 3.1116e-02, PNorm = 49.5773, GNorm = 1.2094, lr_0 = 5.1285e-04
Loss = 3.6377e-02, PNorm = 49.5820, GNorm = 2.3232, lr_0 = 5.1314e-04
Loss = 3.6122e-02, PNorm = 49.5863, GNorm = 1.4803, lr_0 = 5.1343e-04
Loss = 3.0602e-02, PNorm = 49.5950, GNorm = 0.7906, lr_0 = 5.1372e-04
Loss = 4.0457e-02, PNorm = 49.6019, GNorm = 1.9037, lr_0 = 5.1400e-04
Loss = 3.1443e-02, PNorm = 49.6080, GNorm = 0.9797, lr_0 = 5.1429e-04
Loss = 3.0022e-02, PNorm = 49.6126, GNorm = 1.0210, lr_0 = 5.1458e-04
Loss = 3.6998e-02, PNorm = 49.6164, GNorm = 3.8944, lr_0 = 5.1487e-04
Loss = 4.8876e-02, PNorm = 49.6223, GNorm = 3.2836, lr_0 = 5.1515e-04
Loss = 6.1504e-02, PNorm = 49.6312, GNorm = 1.1144, lr_0 = 5.1544e-04
Loss = 4.0078e-02, PNorm = 49.6436, GNorm = 3.7589, lr_0 = 5.1573e-04
Loss = 4.2984e-02, PNorm = 49.6539, GNorm = 2.1800, lr_0 = 5.1601e-04
Loss = 4.0661e-02, PNorm = 49.6652, GNorm = 2.3336, lr_0 = 5.1630e-04
Loss = 3.0882e-02, PNorm = 49.6717, GNorm = 1.8517, lr_0 = 5.1659e-04
Loss = 3.4071e-02, PNorm = 49.6766, GNorm = 1.6670, lr_0 = 5.1688e-04
Loss = 3.5367e-02, PNorm = 49.6820, GNorm = 0.8011, lr_0 = 5.1716e-04
Loss = 3.6065e-02, PNorm = 49.6898, GNorm = 1.9002, lr_0 = 5.1745e-04
Loss = 3.1692e-02, PNorm = 49.6950, GNorm = 2.8904, lr_0 = 5.1774e-04
Loss = 3.7804e-02, PNorm = 49.7000, GNorm = 1.4647, lr_0 = 5.1803e-04
Loss = 2.8818e-02, PNorm = 49.7050, GNorm = 1.0707, lr_0 = 5.1831e-04
Loss = 3.9421e-02, PNorm = 49.7107, GNorm = 1.3402, lr_0 = 5.1860e-04
Loss = 4.1998e-02, PNorm = 49.7213, GNorm = 1.8054, lr_0 = 5.1889e-04
Loss = 3.4294e-02, PNorm = 49.7299, GNorm = 1.1290, lr_0 = 5.1917e-04
Loss = 3.3928e-02, PNorm = 49.7300, GNorm = 2.5479, lr_0 = 5.1946e-04
Loss = 3.4976e-02, PNorm = 49.7366, GNorm = 0.7724, lr_0 = 5.1975e-04
Loss = 3.3756e-02, PNorm = 49.7441, GNorm = 1.3519, lr_0 = 5.2004e-04
Loss = 2.9170e-02, PNorm = 49.7496, GNorm = 2.6971, lr_0 = 5.2032e-04
Loss = 3.2658e-02, PNorm = 49.7552, GNorm = 1.0368, lr_0 = 5.2061e-04
Loss = 2.8629e-02, PNorm = 49.7605, GNorm = 0.7904, lr_0 = 5.2090e-04
Loss = 3.2715e-02, PNorm = 49.7656, GNorm = 2.5454, lr_0 = 5.2119e-04
Loss = 3.4797e-02, PNorm = 49.7727, GNorm = 0.9105, lr_0 = 5.2147e-04
Loss = 3.1538e-02, PNorm = 49.7801, GNorm = 0.7610, lr_0 = 5.2176e-04
Loss = 3.5012e-02, PNorm = 49.7886, GNorm = 1.7762, lr_0 = 5.2205e-04
Loss = 3.8775e-02, PNorm = 49.7963, GNorm = 2.0663, lr_0 = 5.2233e-04
Loss = 3.6585e-02, PNorm = 49.8054, GNorm = 3.2241, lr_0 = 5.2262e-04
Loss = 2.8802e-02, PNorm = 49.8135, GNorm = 2.6264, lr_0 = 5.2291e-04
Loss = 3.1067e-02, PNorm = 49.8214, GNorm = 0.7903, lr_0 = 5.2320e-04
Loss = 3.2549e-02, PNorm = 49.8243, GNorm = 0.7887, lr_0 = 5.2348e-04
Loss = 2.8271e-02, PNorm = 49.8291, GNorm = 0.9019, lr_0 = 5.2377e-04
Loss = 3.2175e-02, PNorm = 49.8334, GNorm = 1.4875, lr_0 = 5.2406e-04
Loss = 3.2734e-02, PNorm = 49.8383, GNorm = 1.5035, lr_0 = 5.2435e-04
Loss = 3.5932e-02, PNorm = 49.8452, GNorm = 2.9772, lr_0 = 5.2463e-04
Loss = 4.4229e-02, PNorm = 49.8508, GNorm = 0.9415, lr_0 = 5.2492e-04
Loss = 3.9349e-02, PNorm = 49.8565, GNorm = 2.7988, lr_0 = 5.2521e-04
Loss = 4.0736e-02, PNorm = 49.8634, GNorm = 4.1019, lr_0 = 5.2549e-04
Loss = 3.8483e-02, PNorm = 49.8734, GNorm = 0.8566, lr_0 = 5.2578e-04
Loss = 3.6557e-02, PNorm = 49.8819, GNorm = 2.4330, lr_0 = 5.2607e-04
Loss = 3.2138e-02, PNorm = 49.8904, GNorm = 2.1874, lr_0 = 5.2636e-04
Loss = 3.5892e-02, PNorm = 49.8987, GNorm = 2.4798, lr_0 = 5.2664e-04
Loss = 4.0277e-02, PNorm = 49.9053, GNorm = 0.8446, lr_0 = 5.2693e-04
Loss = 3.1970e-02, PNorm = 49.9140, GNorm = 0.7686, lr_0 = 5.2722e-04
Loss = 3.6706e-02, PNorm = 49.9202, GNorm = 2.0853, lr_0 = 5.2751e-04
Loss = 3.0964e-02, PNorm = 49.9291, GNorm = 0.7280, lr_0 = 5.2779e-04
Loss = 3.0867e-02, PNorm = 49.9344, GNorm = 1.4232, lr_0 = 5.2808e-04
Loss = 3.0066e-02, PNorm = 49.9375, GNorm = 1.5833, lr_0 = 5.2837e-04
Loss = 2.8657e-02, PNorm = 49.9427, GNorm = 1.5993, lr_0 = 5.2865e-04
Loss = 3.7171e-02, PNorm = 49.9481, GNorm = 2.3833, lr_0 = 5.2894e-04
Loss = 3.2205e-02, PNorm = 49.9534, GNorm = 1.0460, lr_0 = 5.2923e-04
Loss = 3.4776e-02, PNorm = 49.9583, GNorm = 0.8093, lr_0 = 5.2952e-04
Loss = 3.5904e-02, PNorm = 49.9629, GNorm = 2.6559, lr_0 = 5.2980e-04
Loss = 3.8312e-02, PNorm = 49.9691, GNorm = 3.4115, lr_0 = 5.3009e-04
Loss = 3.6631e-02, PNorm = 49.9788, GNorm = 4.9784, lr_0 = 5.3038e-04
Loss = 4.5263e-02, PNorm = 49.9855, GNorm = 0.7550, lr_0 = 5.3067e-04
Loss = 4.4268e-02, PNorm = 49.9899, GNorm = 0.8921, lr_0 = 5.3095e-04
Loss = 3.6537e-02, PNorm = 50.0000, GNorm = 1.1061, lr_0 = 5.3124e-04
Loss = 3.4064e-02, PNorm = 50.0061, GNorm = 0.7837, lr_0 = 5.3153e-04
Loss = 3.6635e-02, PNorm = 50.0129, GNorm = 1.1280, lr_0 = 5.3181e-04
Loss = 3.3910e-02, PNorm = 50.0192, GNorm = 1.1186, lr_0 = 5.3210e-04
Loss = 3.4215e-02, PNorm = 50.0279, GNorm = 2.4793, lr_0 = 5.3239e-04
Loss = 3.3789e-02, PNorm = 50.0385, GNorm = 1.3923, lr_0 = 5.3268e-04
Loss = 3.1445e-02, PNorm = 50.0457, GNorm = 1.3399, lr_0 = 5.3296e-04
Loss = 3.1643e-02, PNorm = 50.0519, GNorm = 0.8600, lr_0 = 5.3325e-04
Loss = 3.5605e-02, PNorm = 50.0592, GNorm = 2.4976, lr_0 = 5.3354e-04
Loss = 3.1867e-02, PNorm = 50.0668, GNorm = 1.4007, lr_0 = 5.3383e-04
Loss = 3.7234e-02, PNorm = 50.0700, GNorm = 2.2693, lr_0 = 5.3411e-04
Loss = 3.1341e-02, PNorm = 50.0738, GNorm = 1.7220, lr_0 = 5.3440e-04
Loss = 2.6826e-02, PNorm = 50.0821, GNorm = 0.7632, lr_0 = 5.3469e-04
Loss = 3.0248e-02, PNorm = 50.0864, GNorm = 1.2414, lr_0 = 5.3498e-04
Loss = 2.8579e-02, PNorm = 50.0939, GNorm = 1.8536, lr_0 = 5.3526e-04
Loss = 3.0237e-02, PNorm = 50.0982, GNorm = 1.7386, lr_0 = 5.3555e-04
Loss = 2.4920e-02, PNorm = 50.1011, GNorm = 1.0145, lr_0 = 5.3584e-04
Loss = 2.9792e-02, PNorm = 50.1046, GNorm = 1.2156, lr_0 = 5.3612e-04
Loss = 4.0878e-02, PNorm = 50.1117, GNorm = 1.9977, lr_0 = 5.3641e-04
Loss = 2.9881e-02, PNorm = 50.1211, GNorm = 1.2452, lr_0 = 5.3670e-04
Loss = 2.4663e-02, PNorm = 50.1247, GNorm = 0.9878, lr_0 = 5.3699e-04
Loss = 3.7519e-02, PNorm = 50.1320, GNorm = 3.1818, lr_0 = 5.3727e-04
Loss = 3.1602e-02, PNorm = 50.1407, GNorm = 1.1183, lr_0 = 5.3756e-04
Loss = 3.2450e-02, PNorm = 50.1499, GNorm = 0.6586, lr_0 = 5.3785e-04
Loss = 3.3679e-02, PNorm = 50.1546, GNorm = 0.9392, lr_0 = 5.3814e-04
Loss = 4.5621e-02, PNorm = 50.1607, GNorm = 4.1927, lr_0 = 5.3842e-04
Loss = 3.6751e-02, PNorm = 50.1671, GNorm = 2.6850, lr_0 = 5.3871e-04
Loss = 3.1388e-02, PNorm = 50.1724, GNorm = 0.7368, lr_0 = 5.3900e-04
Loss = 3.0565e-02, PNorm = 50.1781, GNorm = 2.8065, lr_0 = 5.3928e-04
Loss = 3.1442e-02, PNorm = 50.1837, GNorm = 1.0143, lr_0 = 5.3957e-04
Loss = 3.0336e-02, PNorm = 50.1916, GNorm = 1.6806, lr_0 = 5.3986e-04
Loss = 3.2826e-02, PNorm = 50.1997, GNorm = 0.8618, lr_0 = 5.4015e-04
Loss = 3.1314e-02, PNorm = 50.2062, GNorm = 0.9927, lr_0 = 5.4043e-04
Loss = 3.3174e-02, PNorm = 50.2133, GNorm = 1.7452, lr_0 = 5.4072e-04
Loss = 3.3560e-02, PNorm = 50.2222, GNorm = 1.6498, lr_0 = 5.4101e-04
Loss = 3.7414e-02, PNorm = 50.2336, GNorm = 2.1280, lr_0 = 5.4130e-04
Loss = 3.9686e-02, PNorm = 50.2422, GNorm = 1.6892, lr_0 = 5.4158e-04
Loss = 3.1790e-02, PNorm = 50.2481, GNorm = 0.8003, lr_0 = 5.4187e-04
Loss = 3.3453e-02, PNorm = 50.2540, GNorm = 0.7381, lr_0 = 5.4216e-04
Loss = 2.7620e-02, PNorm = 50.2594, GNorm = 0.5357, lr_0 = 5.4244e-04
Loss = 2.6992e-02, PNorm = 50.2644, GNorm = 2.3347, lr_0 = 5.4273e-04
Loss = 3.5796e-02, PNorm = 50.2700, GNorm = 2.0480, lr_0 = 5.4302e-04
Loss = 2.6739e-02, PNorm = 50.2763, GNorm = 0.9676, lr_0 = 5.4331e-04
Loss = 2.4504e-02, PNorm = 50.2790, GNorm = 1.3265, lr_0 = 5.4359e-04
Loss = 3.0748e-02, PNorm = 50.2864, GNorm = 1.0437, lr_0 = 5.4388e-04
Loss = 2.9122e-02, PNorm = 50.2920, GNorm = 2.5252, lr_0 = 5.4417e-04
Loss = 3.3758e-02, PNorm = 50.2983, GNorm = 1.0374, lr_0 = 5.4446e-04
Loss = 3.4356e-02, PNorm = 50.3040, GNorm = 1.1329, lr_0 = 5.4474e-04
Loss = 2.8831e-02, PNorm = 50.3088, GNorm = 0.9851, lr_0 = 5.4503e-04
Loss = 3.2439e-02, PNorm = 50.3174, GNorm = 0.7547, lr_0 = 5.4532e-04
Loss = 2.8314e-02, PNorm = 50.3257, GNorm = 1.5382, lr_0 = 5.4560e-04
Loss = 4.5296e-02, PNorm = 50.3336, GNorm = 3.4707, lr_0 = 5.4589e-04
Loss = 4.7900e-02, PNorm = 50.3433, GNorm = 1.2461, lr_0 = 5.4618e-04
Loss = 3.3781e-02, PNorm = 50.3530, GNorm = 1.4548, lr_0 = 5.4647e-04
Loss = 3.8929e-02, PNorm = 50.3589, GNorm = 2.3433, lr_0 = 5.4675e-04
Loss = 3.4642e-02, PNorm = 50.3633, GNorm = 1.0620, lr_0 = 5.4704e-04
Loss = 2.4257e-02, PNorm = 50.3725, GNorm = 0.8023, lr_0 = 5.4733e-04
Loss = 2.9443e-02, PNorm = 50.3783, GNorm = 1.1321, lr_0 = 5.4762e-04
Loss = 2.4484e-02, PNorm = 50.3847, GNorm = 0.4660, lr_0 = 5.4790e-04
Loss = 3.4034e-02, PNorm = 50.3888, GNorm = 0.8644, lr_0 = 5.4819e-04
Loss = 3.7813e-02, PNorm = 50.3994, GNorm = 1.6279, lr_0 = 5.4848e-04
Loss = 2.9811e-02, PNorm = 50.4081, GNorm = 0.5765, lr_0 = 5.4876e-04
Loss = 3.2314e-02, PNorm = 50.4149, GNorm = 0.8314, lr_0 = 5.4905e-04
Loss = 3.1283e-02, PNorm = 50.4218, GNorm = 1.2909, lr_0 = 5.4934e-04
Loss = 3.1147e-02, PNorm = 50.4289, GNorm = 1.4308, lr_0 = 5.4963e-04
Loss = 3.0504e-02, PNorm = 50.4356, GNorm = 1.1791, lr_0 = 5.4991e-04
Validation r2 = 0.964223
Epoch 1
Loss = 2.9110e-02, PNorm = 50.4440, GNorm = 1.0589, lr_0 = 5.5023e-04
Loss = 3.1629e-02, PNorm = 50.4509, GNorm = 1.8647, lr_0 = 5.5052e-04
Loss = 3.1305e-02, PNorm = 50.4625, GNorm = 1.1785, lr_0 = 5.5080e-04
Loss = 2.6409e-02, PNorm = 50.4694, GNorm = 0.5986, lr_0 = 5.5109e-04
Loss = 3.2015e-02, PNorm = 50.4761, GNorm = 0.9623, lr_0 = 5.5138e-04
Loss = 2.7076e-02, PNorm = 50.4799, GNorm = 0.8541, lr_0 = 5.5167e-04
Loss = 3.1880e-02, PNorm = 50.4856, GNorm = 0.7009, lr_0 = 5.5195e-04
Loss = 3.1760e-02, PNorm = 50.4916, GNorm = 0.6545, lr_0 = 5.5224e-04
Loss = 3.0739e-02, PNorm = 50.5003, GNorm = 0.7903, lr_0 = 5.5253e-04
Loss = 3.7599e-02, PNorm = 50.5072, GNorm = 1.2072, lr_0 = 5.5282e-04
Loss = 2.9435e-02, PNorm = 50.5147, GNorm = 0.7131, lr_0 = 5.5310e-04
Loss = 3.8288e-02, PNorm = 50.5213, GNorm = 1.8896, lr_0 = 5.5339e-04
Loss = 2.7346e-02, PNorm = 50.5307, GNorm = 1.7217, lr_0 = 5.5368e-04
Loss = 3.0387e-02, PNorm = 50.5388, GNorm = 0.9341, lr_0 = 5.5396e-04
Loss = 3.7484e-02, PNorm = 50.5478, GNorm = 1.9626, lr_0 = 5.5425e-04
Loss = 3.0859e-02, PNorm = 50.5544, GNorm = 0.7994, lr_0 = 5.5454e-04
Loss = 3.1892e-02, PNorm = 50.5626, GNorm = 1.1470, lr_0 = 5.5483e-04
Loss = 3.2809e-02, PNorm = 50.5684, GNorm = 0.5327, lr_0 = 5.5511e-04
Loss = 4.0587e-02, PNorm = 50.5772, GNorm = 0.9046, lr_0 = 5.5540e-04
Loss = 3.3445e-02, PNorm = 50.5875, GNorm = 0.4750, lr_0 = 5.5569e-04
Loss = 3.0208e-02, PNorm = 50.5989, GNorm = 2.5294, lr_0 = 5.5598e-04
Loss = 3.2470e-02, PNorm = 50.6092, GNorm = 0.6163, lr_0 = 5.5626e-04
Loss = 3.1149e-02, PNorm = 50.6202, GNorm = 0.6165, lr_0 = 5.5655e-04
Loss = 3.3474e-02, PNorm = 50.6255, GNorm = 2.1371, lr_0 = 5.5684e-04
Loss = 2.8929e-02, PNorm = 50.6341, GNorm = 0.6911, lr_0 = 5.5712e-04
Loss = 2.6183e-02, PNorm = 50.6370, GNorm = 0.9170, lr_0 = 5.5741e-04
Loss = 3.4515e-02, PNorm = 50.6445, GNorm = 2.2554, lr_0 = 5.5770e-04
Loss = 3.2249e-02, PNorm = 50.6540, GNorm = 0.9649, lr_0 = 5.5799e-04
Loss = 2.9121e-02, PNorm = 50.6630, GNorm = 1.4244, lr_0 = 5.5827e-04
Loss = 2.9882e-02, PNorm = 50.6730, GNorm = 0.4625, lr_0 = 5.5856e-04
Loss = 2.9232e-02, PNorm = 50.6804, GNorm = 0.8196, lr_0 = 5.5885e-04
Loss = 3.1119e-02, PNorm = 50.6867, GNorm = 1.6121, lr_0 = 5.5914e-04
Loss = 2.8283e-02, PNorm = 50.6926, GNorm = 1.1976, lr_0 = 5.5942e-04
Loss = 3.2596e-02, PNorm = 50.6976, GNorm = 0.9631, lr_0 = 5.5971e-04
Loss = 2.4154e-02, PNorm = 50.7039, GNorm = 0.6939, lr_0 = 5.6000e-04
Loss = 3.4460e-02, PNorm = 50.7107, GNorm = 0.9000, lr_0 = 5.6028e-04
Loss = 3.5674e-02, PNorm = 50.7164, GNorm = 1.2852, lr_0 = 5.6057e-04
Loss = 2.7187e-02, PNorm = 50.7256, GNorm = 0.7704, lr_0 = 5.6086e-04
Loss = 2.2454e-02, PNorm = 50.7327, GNorm = 0.6222, lr_0 = 5.6115e-04
Loss = 3.3129e-02, PNorm = 50.7403, GNorm = 1.8831, lr_0 = 5.6143e-04
Loss = 3.0151e-02, PNorm = 50.7472, GNorm = 1.4430, lr_0 = 5.6172e-04
Loss = 3.2455e-02, PNorm = 50.7512, GNorm = 0.8640, lr_0 = 5.6201e-04
Loss = 2.5861e-02, PNorm = 50.7585, GNorm = 1.6724, lr_0 = 5.6230e-04
Loss = 3.7189e-02, PNorm = 50.7675, GNorm = 1.3370, lr_0 = 5.6258e-04
Loss = 2.8656e-02, PNorm = 50.7767, GNorm = 1.2299, lr_0 = 5.6287e-04
Loss = 3.4186e-02, PNorm = 50.7841, GNorm = 2.1839, lr_0 = 5.6316e-04
Loss = 2.6039e-02, PNorm = 50.7916, GNorm = 1.2959, lr_0 = 5.6344e-04
Loss = 3.2637e-02, PNorm = 50.7974, GNorm = 0.7006, lr_0 = 5.6373e-04
Loss = 4.1833e-02, PNorm = 50.8050, GNorm = 1.9883, lr_0 = 5.6402e-04
Loss = 3.3068e-02, PNorm = 50.8148, GNorm = 1.9992, lr_0 = 5.6431e-04
Loss = 2.5828e-02, PNorm = 50.8237, GNorm = 0.6666, lr_0 = 5.6459e-04
Loss = 2.5426e-02, PNorm = 50.8320, GNorm = 0.8747, lr_0 = 5.6488e-04
Loss = 2.7897e-02, PNorm = 50.8362, GNorm = 0.9982, lr_0 = 5.6517e-04
Loss = 2.4581e-02, PNorm = 50.8421, GNorm = 1.0403, lr_0 = 5.6546e-04
Loss = 2.7891e-02, PNorm = 50.8483, GNorm = 1.1343, lr_0 = 5.6574e-04
Loss = 2.3929e-02, PNorm = 50.8533, GNorm = 1.3360, lr_0 = 5.6603e-04
Loss = 2.7006e-02, PNorm = 50.8604, GNorm = 0.9102, lr_0 = 5.6632e-04
Loss = 3.0677e-02, PNorm = 50.8663, GNorm = 0.6578, lr_0 = 5.6660e-04
Loss = 2.6831e-02, PNorm = 50.8754, GNorm = 0.5269, lr_0 = 5.6689e-04
Loss = 2.5954e-02, PNorm = 50.8845, GNorm = 1.4996, lr_0 = 5.6718e-04
Loss = 3.0644e-02, PNorm = 50.8914, GNorm = 1.8153, lr_0 = 5.6747e-04
Loss = 4.0936e-02, PNorm = 50.8974, GNorm = 1.3079, lr_0 = 5.6775e-04
Loss = 2.9571e-02, PNorm = 50.9048, GNorm = 1.0870, lr_0 = 5.6804e-04
Loss = 3.4056e-02, PNorm = 50.9111, GNorm = 0.6530, lr_0 = 5.6833e-04
Loss = 2.6613e-02, PNorm = 50.9178, GNorm = 0.3663, lr_0 = 5.6862e-04
Loss = 2.6594e-02, PNorm = 50.9243, GNorm = 0.6214, lr_0 = 5.6890e-04
Loss = 3.3588e-02, PNorm = 50.9295, GNorm = 1.1821, lr_0 = 5.6919e-04
Loss = 2.7709e-02, PNorm = 50.9394, GNorm = 0.5981, lr_0 = 5.6948e-04
Loss = 2.9956e-02, PNorm = 50.9460, GNorm = 0.7698, lr_0 = 5.6977e-04
Loss = 2.8414e-02, PNorm = 50.9519, GNorm = 0.4279, lr_0 = 5.7005e-04
Loss = 3.3206e-02, PNorm = 50.9602, GNorm = 2.4202, lr_0 = 5.7034e-04
Loss = 2.9149e-02, PNorm = 50.9692, GNorm = 1.3440, lr_0 = 5.7063e-04
Loss = 2.7041e-02, PNorm = 50.9773, GNorm = 0.8082, lr_0 = 5.7091e-04
Loss = 2.7795e-02, PNorm = 50.9870, GNorm = 1.0362, lr_0 = 5.7120e-04
Loss = 3.0602e-02, PNorm = 50.9955, GNorm = 1.2374, lr_0 = 5.7149e-04
Loss = 4.1858e-02, PNorm = 51.0064, GNorm = 1.9019, lr_0 = 5.7178e-04
Loss = 4.0110e-02, PNorm = 51.0188, GNorm = 1.6851, lr_0 = 5.7206e-04
Loss = 3.4999e-02, PNorm = 51.0268, GNorm = 0.6900, lr_0 = 5.7235e-04
Loss = 3.0389e-02, PNorm = 51.0397, GNorm = 0.9945, lr_0 = 5.7264e-04
Loss = 3.6611e-02, PNorm = 51.0475, GNorm = 1.0460, lr_0 = 5.7293e-04
Loss = 3.5093e-02, PNorm = 51.0568, GNorm = 1.0705, lr_0 = 5.7321e-04
Loss = 2.4303e-02, PNorm = 51.0627, GNorm = 0.5793, lr_0 = 5.7350e-04
Loss = 2.6888e-02, PNorm = 51.0697, GNorm = 0.6097, lr_0 = 5.7379e-04
Loss = 3.2060e-02, PNorm = 51.0788, GNorm = 0.4821, lr_0 = 5.7407e-04
Loss = 2.7911e-02, PNorm = 51.0865, GNorm = 1.0404, lr_0 = 5.7436e-04
Loss = 2.6851e-02, PNorm = 51.0917, GNorm = 0.6918, lr_0 = 5.7465e-04
Loss = 3.0611e-02, PNorm = 51.0988, GNorm = 0.7901, lr_0 = 5.7494e-04
Loss = 2.5707e-02, PNorm = 51.1046, GNorm = 0.5059, lr_0 = 5.7522e-04
Loss = 3.2757e-02, PNorm = 51.1121, GNorm = 0.6644, lr_0 = 5.7551e-04
Loss = 3.6967e-02, PNorm = 51.1210, GNorm = 1.5799, lr_0 = 5.7580e-04
Loss = 2.8359e-02, PNorm = 51.1325, GNorm = 0.7940, lr_0 = 5.7609e-04
Loss = 3.0721e-02, PNorm = 51.1384, GNorm = 1.0100, lr_0 = 5.7637e-04
Loss = 3.5369e-02, PNorm = 51.1487, GNorm = 3.2305, lr_0 = 5.7666e-04
Loss = 4.0700e-02, PNorm = 51.1536, GNorm = 1.3401, lr_0 = 5.7695e-04
Loss = 3.7609e-02, PNorm = 51.1642, GNorm = 0.7321, lr_0 = 5.7723e-04
Loss = 2.4627e-02, PNorm = 51.1753, GNorm = 0.5648, lr_0 = 5.7752e-04
Loss = 2.7011e-02, PNorm = 51.1822, GNorm = 0.6155, lr_0 = 5.7781e-04
Loss = 2.9236e-02, PNorm = 51.1899, GNorm = 0.7114, lr_0 = 5.7810e-04
Loss = 2.7217e-02, PNorm = 51.1984, GNorm = 1.1724, lr_0 = 5.7838e-04
Loss = 3.7682e-02, PNorm = 51.2072, GNorm = 0.5529, lr_0 = 5.7867e-04
Loss = 2.6052e-02, PNorm = 51.2183, GNorm = 0.6903, lr_0 = 5.7896e-04
Loss = 2.8397e-02, PNorm = 51.2248, GNorm = 1.1606, lr_0 = 5.7925e-04
Loss = 2.6691e-02, PNorm = 51.2343, GNorm = 0.5371, lr_0 = 5.7953e-04
Loss = 2.6720e-02, PNorm = 51.2422, GNorm = 0.4462, lr_0 = 5.7982e-04
Loss = 2.7738e-02, PNorm = 51.2466, GNorm = 0.7274, lr_0 = 5.8011e-04
Loss = 2.3713e-02, PNorm = 51.2563, GNorm = 0.6756, lr_0 = 5.8039e-04
Loss = 2.9685e-02, PNorm = 51.2602, GNorm = 0.7784, lr_0 = 5.8068e-04
Loss = 2.7075e-02, PNorm = 51.2674, GNorm = 0.9503, lr_0 = 5.8097e-04
Loss = 2.6173e-02, PNorm = 51.2777, GNorm = 0.4522, lr_0 = 5.8126e-04
Loss = 3.6241e-02, PNorm = 51.2852, GNorm = 1.6241, lr_0 = 5.8154e-04
Loss = 3.4259e-02, PNorm = 51.2958, GNorm = 2.3948, lr_0 = 5.8183e-04
Loss = 3.0007e-02, PNorm = 51.3061, GNorm = 1.0498, lr_0 = 5.8212e-04
Loss = 2.9162e-02, PNorm = 51.3176, GNorm = 1.2616, lr_0 = 5.8241e-04
Loss = 2.7802e-02, PNorm = 51.3238, GNorm = 1.6879, lr_0 = 5.8269e-04
Loss = 3.1092e-02, PNorm = 51.3326, GNorm = 1.2311, lr_0 = 5.8298e-04
Loss = 3.5737e-02, PNorm = 51.3444, GNorm = 1.5766, lr_0 = 5.8327e-04
Loss = 3.2441e-02, PNorm = 51.3534, GNorm = 0.6789, lr_0 = 5.8355e-04
Loss = 3.3210e-02, PNorm = 51.3593, GNorm = 1.6833, lr_0 = 5.8384e-04
Loss = 3.7565e-02, PNorm = 51.3720, GNorm = 2.6400, lr_0 = 5.8413e-04
Loss = 3.3939e-02, PNorm = 51.3848, GNorm = 0.9590, lr_0 = 5.8442e-04
Loss = 2.6970e-02, PNorm = 51.3930, GNorm = 1.5980, lr_0 = 5.8470e-04
Loss = 2.7839e-02, PNorm = 51.4030, GNorm = 0.9630, lr_0 = 5.8499e-04
Loss = 2.6123e-02, PNorm = 51.4154, GNorm = 0.8932, lr_0 = 5.8528e-04
Loss = 2.6883e-02, PNorm = 51.4223, GNorm = 0.7458, lr_0 = 5.8557e-04
Loss = 2.4683e-02, PNorm = 51.4278, GNorm = 0.6245, lr_0 = 5.8585e-04
Loss = 2.3314e-02, PNorm = 51.4346, GNorm = 1.0008, lr_0 = 5.8614e-04
Loss = 2.9114e-02, PNorm = 51.4419, GNorm = 1.0629, lr_0 = 5.8643e-04
Loss = 2.9851e-02, PNorm = 51.4508, GNorm = 0.7513, lr_0 = 5.8671e-04
Loss = 2.9362e-02, PNorm = 51.4602, GNorm = 0.6199, lr_0 = 5.8700e-04
Loss = 2.3491e-02, PNorm = 51.4695, GNorm = 1.4431, lr_0 = 5.8729e-04
Loss = 3.0774e-02, PNorm = 51.4790, GNorm = 0.6881, lr_0 = 5.8758e-04
Loss = 3.1963e-02, PNorm = 51.4913, GNorm = 0.8436, lr_0 = 5.8786e-04
Loss = 2.9025e-02, PNorm = 51.5042, GNorm = 0.4411, lr_0 = 5.8815e-04
Loss = 2.5739e-02, PNorm = 51.5134, GNorm = 1.0003, lr_0 = 5.8844e-04
Loss = 3.3156e-02, PNorm = 51.5177, GNorm = 2.5740, lr_0 = 5.8873e-04
Loss = 3.2455e-02, PNorm = 51.5232, GNorm = 0.7429, lr_0 = 5.8901e-04
Loss = 2.2935e-02, PNorm = 51.5312, GNorm = 0.8949, lr_0 = 5.8930e-04
Loss = 3.1081e-02, PNorm = 51.5391, GNorm = 1.7913, lr_0 = 5.8959e-04
Loss = 2.7673e-02, PNorm = 51.5472, GNorm = 0.7053, lr_0 = 5.8987e-04
Loss = 2.3878e-02, PNorm = 51.5536, GNorm = 0.8687, lr_0 = 5.9016e-04
Loss = 2.1700e-02, PNorm = 51.5573, GNorm = 0.9855, lr_0 = 5.9045e-04
Loss = 2.6343e-02, PNorm = 51.5628, GNorm = 0.4746, lr_0 = 5.9074e-04
Loss = 2.6273e-02, PNorm = 51.5697, GNorm = 1.3114, lr_0 = 5.9102e-04
Loss = 3.1173e-02, PNorm = 51.5800, GNorm = 1.7095, lr_0 = 5.9131e-04
Loss = 3.1064e-02, PNorm = 51.5881, GNorm = 0.9453, lr_0 = 5.9160e-04
Loss = 3.7607e-02, PNorm = 51.5995, GNorm = 0.5010, lr_0 = 5.9189e-04
Loss = 3.1628e-02, PNorm = 51.6117, GNorm = 0.8422, lr_0 = 5.9217e-04
Loss = 3.0473e-02, PNorm = 51.6225, GNorm = 0.8884, lr_0 = 5.9246e-04
Loss = 2.3057e-02, PNorm = 51.6329, GNorm = 0.5117, lr_0 = 5.9275e-04
Loss = 3.4678e-02, PNorm = 51.6429, GNorm = 1.3313, lr_0 = 5.9303e-04
Loss = 2.3911e-02, PNorm = 51.6510, GNorm = 0.7357, lr_0 = 5.9332e-04
Loss = 2.6288e-02, PNorm = 51.6562, GNorm = 1.1125, lr_0 = 5.9361e-04
Loss = 2.0254e-02, PNorm = 51.6612, GNorm = 1.4377, lr_0 = 5.9390e-04
Loss = 2.6891e-02, PNorm = 51.6682, GNorm = 0.7049, lr_0 = 5.9418e-04
Loss = 2.5217e-02, PNorm = 51.6754, GNorm = 0.5498, lr_0 = 5.9447e-04
Loss = 2.2167e-02, PNorm = 51.6843, GNorm = 1.3363, lr_0 = 5.9476e-04
Loss = 2.5893e-02, PNorm = 51.6915, GNorm = 0.7686, lr_0 = 5.9505e-04
Loss = 2.7873e-02, PNorm = 51.6946, GNorm = 0.5339, lr_0 = 5.9533e-04
Loss = 2.8542e-02, PNorm = 51.7007, GNorm = 0.5284, lr_0 = 5.9562e-04
Loss = 3.0818e-02, PNorm = 51.7102, GNorm = 0.7130, lr_0 = 5.9591e-04
Loss = 2.8265e-02, PNorm = 51.7186, GNorm = 1.3095, lr_0 = 5.9620e-04
Loss = 3.3399e-02, PNorm = 51.7284, GNorm = 1.9042, lr_0 = 5.9648e-04
Loss = 3.2535e-02, PNorm = 51.7379, GNorm = 2.0260, lr_0 = 5.9677e-04
Loss = 3.1166e-02, PNorm = 51.7472, GNorm = 2.1568, lr_0 = 5.9706e-04
Loss = 2.5113e-02, PNorm = 51.7564, GNorm = 0.5042, lr_0 = 5.9734e-04
Loss = 2.7429e-02, PNorm = 51.7646, GNorm = 0.4183, lr_0 = 5.9763e-04
Loss = 2.3847e-02, PNorm = 51.7720, GNorm = 0.9733, lr_0 = 5.9792e-04
Loss = 1.9499e-02, PNorm = 51.7815, GNorm = 0.5142, lr_0 = 5.9821e-04
Loss = 2.5416e-02, PNorm = 51.7855, GNorm = 0.6230, lr_0 = 5.9849e-04
Loss = 2.8132e-02, PNorm = 51.7927, GNorm = 1.6412, lr_0 = 5.9878e-04
Loss = 2.7065e-02, PNorm = 51.7995, GNorm = 0.6507, lr_0 = 5.9907e-04
Loss = 2.5375e-02, PNorm = 51.8083, GNorm = 1.0545, lr_0 = 5.9936e-04
Loss = 3.4881e-02, PNorm = 51.8187, GNorm = 3.2304, lr_0 = 5.9964e-04
Loss = 2.8635e-02, PNorm = 51.8297, GNorm = 0.9855, lr_0 = 5.9993e-04
Loss = 3.3342e-02, PNorm = 51.8386, GNorm = 0.4381, lr_0 = 6.0022e-04
Loss = 2.6089e-02, PNorm = 51.8456, GNorm = 0.7934, lr_0 = 6.0050e-04
Loss = 2.9041e-02, PNorm = 51.8568, GNorm = 0.7160, lr_0 = 6.0079e-04
Loss = 2.7120e-02, PNorm = 51.8666, GNorm = 1.2838, lr_0 = 6.0108e-04
Loss = 3.0089e-02, PNorm = 51.8763, GNorm = 0.6591, lr_0 = 6.0137e-04
Loss = 2.7962e-02, PNorm = 51.8859, GNorm = 0.7022, lr_0 = 6.0165e-04
Loss = 2.1640e-02, PNorm = 51.8963, GNorm = 0.7558, lr_0 = 6.0194e-04
Loss = 2.0919e-02, PNorm = 51.9028, GNorm = 0.4233, lr_0 = 6.0223e-04
Loss = 2.1979e-02, PNorm = 51.9106, GNorm = 0.4622, lr_0 = 6.0252e-04
Loss = 3.4065e-02, PNorm = 51.9159, GNorm = 1.6564, lr_0 = 6.0280e-04
Loss = 2.7371e-02, PNorm = 51.9240, GNorm = 0.3592, lr_0 = 6.0309e-04
Loss = 3.0215e-02, PNorm = 51.9312, GNorm = 1.5915, lr_0 = 6.0338e-04
Loss = 2.8215e-02, PNorm = 51.9417, GNorm = 1.2767, lr_0 = 6.0366e-04
Loss = 3.1825e-02, PNorm = 51.9474, GNorm = 1.1987, lr_0 = 6.0395e-04
Loss = 2.5815e-02, PNorm = 51.9590, GNorm = 0.5426, lr_0 = 6.0424e-04
Loss = 3.2510e-02, PNorm = 51.9674, GNorm = 1.3807, lr_0 = 6.0453e-04
Loss = 3.5602e-02, PNorm = 51.9763, GNorm = 2.2566, lr_0 = 6.0481e-04
Loss = 3.4274e-02, PNorm = 51.9874, GNorm = 1.6440, lr_0 = 6.0510e-04
Loss = 3.4905e-02, PNorm = 52.0018, GNorm = 0.5487, lr_0 = 6.0539e-04
Loss = 2.5236e-02, PNorm = 52.0132, GNorm = 0.4911, lr_0 = 6.0568e-04
Loss = 2.7904e-02, PNorm = 52.0211, GNorm = 0.4720, lr_0 = 6.0596e-04
Loss = 2.4562e-02, PNorm = 52.0274, GNorm = 0.5236, lr_0 = 6.0625e-04
Loss = 2.6216e-02, PNorm = 52.0389, GNorm = 0.7006, lr_0 = 6.0654e-04
Loss = 2.7568e-02, PNorm = 52.0471, GNorm = 1.5342, lr_0 = 6.0682e-04
Loss = 2.8478e-02, PNorm = 52.0557, GNorm = 0.5385, lr_0 = 6.0711e-04
Loss = 2.7655e-02, PNorm = 52.0643, GNorm = 1.1386, lr_0 = 6.0740e-04
Loss = 2.1075e-02, PNorm = 52.0725, GNorm = 1.2207, lr_0 = 6.0769e-04
Loss = 2.3242e-02, PNorm = 52.0792, GNorm = 1.3403, lr_0 = 6.0797e-04
Loss = 3.2350e-02, PNorm = 52.0881, GNorm = 0.5695, lr_0 = 6.0826e-04
Loss = 2.6047e-02, PNorm = 52.0954, GNorm = 0.4621, lr_0 = 6.0855e-04
Loss = 2.0994e-02, PNorm = 52.1028, GNorm = 0.3387, lr_0 = 6.0884e-04
Loss = 2.4265e-02, PNorm = 52.1087, GNorm = 0.3714, lr_0 = 6.0912e-04
Loss = 2.6179e-02, PNorm = 52.1158, GNorm = 0.8109, lr_0 = 6.0941e-04
Loss = 2.9200e-02, PNorm = 52.1231, GNorm = 0.6686, lr_0 = 6.0970e-04
Loss = 2.2837e-02, PNorm = 52.1320, GNorm = 0.7210, lr_0 = 6.0998e-04
Loss = 2.6747e-02, PNorm = 52.1387, GNorm = 0.4396, lr_0 = 6.1027e-04
Loss = 2.9309e-02, PNorm = 52.1491, GNorm = 0.6490, lr_0 = 6.1056e-04
Loss = 2.8974e-02, PNorm = 52.1591, GNorm = 1.2976, lr_0 = 6.1085e-04
Loss = 2.0843e-02, PNorm = 52.1687, GNorm = 0.4277, lr_0 = 6.1113e-04
Loss = 2.3924e-02, PNorm = 52.1729, GNorm = 1.0502, lr_0 = 6.1142e-04
Loss = 2.4927e-02, PNorm = 52.1830, GNorm = 0.6500, lr_0 = 6.1171e-04
Loss = 2.5309e-02, PNorm = 52.1886, GNorm = 0.5807, lr_0 = 6.1200e-04
Loss = 2.9026e-02, PNorm = 52.2003, GNorm = 0.7813, lr_0 = 6.1228e-04
Loss = 2.8497e-02, PNorm = 52.2087, GNorm = 0.3611, lr_0 = 6.1257e-04
Loss = 3.0813e-02, PNorm = 52.2170, GNorm = 0.8728, lr_0 = 6.1286e-04
Loss = 3.3368e-02, PNorm = 52.2255, GNorm = 0.4681, lr_0 = 6.1314e-04
Loss = 3.0326e-02, PNorm = 52.2377, GNorm = 1.2729, lr_0 = 6.1343e-04
Loss = 2.6471e-02, PNorm = 52.2496, GNorm = 0.4524, lr_0 = 6.1372e-04
Loss = 3.5629e-02, PNorm = 52.2642, GNorm = 0.5295, lr_0 = 6.1401e-04
Loss = 3.6750e-02, PNorm = 52.2772, GNorm = 0.7116, lr_0 = 6.1429e-04
Loss = 3.8909e-02, PNorm = 52.2936, GNorm = 1.5774, lr_0 = 6.1458e-04
Loss = 2.9571e-02, PNorm = 52.3048, GNorm = 1.3868, lr_0 = 6.1487e-04
Loss = 2.7284e-02, PNorm = 52.3164, GNorm = 0.8077, lr_0 = 6.1516e-04
Loss = 3.1178e-02, PNorm = 52.3289, GNorm = 1.6558, lr_0 = 6.1544e-04
Loss = 3.1540e-02, PNorm = 52.3393, GNorm = 0.9325, lr_0 = 6.1573e-04
Loss = 2.3915e-02, PNorm = 52.3503, GNorm = 1.7044, lr_0 = 6.1602e-04
Loss = 2.5180e-02, PNorm = 52.3601, GNorm = 0.5613, lr_0 = 6.1630e-04
Loss = 2.1980e-02, PNorm = 52.3642, GNorm = 0.4772, lr_0 = 6.1659e-04
Loss = 2.2272e-02, PNorm = 52.3736, GNorm = 0.5809, lr_0 = 6.1688e-04
Loss = 2.5597e-02, PNorm = 52.3818, GNorm = 0.6874, lr_0 = 6.1717e-04
Loss = 2.5108e-02, PNorm = 52.3891, GNorm = 0.6455, lr_0 = 6.1745e-04
Loss = 2.7176e-02, PNorm = 52.4010, GNorm = 0.6665, lr_0 = 6.1774e-04
Loss = 2.0933e-02, PNorm = 52.4099, GNorm = 0.9013, lr_0 = 6.1803e-04
Loss = 2.2367e-02, PNorm = 52.4198, GNorm = 0.6045, lr_0 = 6.1832e-04
Loss = 2.8719e-02, PNorm = 52.4276, GNorm = 1.1785, lr_0 = 6.1860e-04
Loss = 3.2705e-02, PNorm = 52.4355, GNorm = 0.6715, lr_0 = 6.1889e-04
Loss = 2.8489e-02, PNorm = 52.4450, GNorm = 0.5013, lr_0 = 6.1918e-04
Loss = 2.5410e-02, PNorm = 52.4545, GNorm = 0.7953, lr_0 = 6.1947e-04
Loss = 2.8539e-02, PNorm = 52.4656, GNorm = 1.2344, lr_0 = 6.1975e-04
Loss = 2.6088e-02, PNorm = 52.4751, GNorm = 0.5109, lr_0 = 6.2004e-04
Loss = 2.7991e-02, PNorm = 52.4848, GNorm = 0.9925, lr_0 = 6.2033e-04
Loss = 2.7144e-02, PNorm = 52.4941, GNorm = 0.5626, lr_0 = 6.2061e-04
Loss = 2.0286e-02, PNorm = 52.5069, GNorm = 0.5535, lr_0 = 6.2090e-04
Loss = 2.7264e-02, PNorm = 52.5133, GNorm = 0.4945, lr_0 = 6.2119e-04
Loss = 2.8847e-02, PNorm = 52.5210, GNorm = 0.3798, lr_0 = 6.2148e-04
Loss = 2.4847e-02, PNorm = 52.5291, GNorm = 0.4529, lr_0 = 6.2176e-04
Loss = 2.3015e-02, PNorm = 52.5325, GNorm = 0.6187, lr_0 = 6.2205e-04
Loss = 3.0154e-02, PNorm = 52.5414, GNorm = 1.4446, lr_0 = 6.2234e-04
Loss = 3.2993e-02, PNorm = 52.5575, GNorm = 1.0424, lr_0 = 6.2263e-04
Loss = 2.3973e-02, PNorm = 52.5715, GNorm = 0.6896, lr_0 = 6.2291e-04
Loss = 2.4769e-02, PNorm = 52.5812, GNorm = 1.0128, lr_0 = 6.2320e-04
Loss = 2.9973e-02, PNorm = 52.5914, GNorm = 1.0806, lr_0 = 6.2349e-04
Loss = 3.0447e-02, PNorm = 52.6034, GNorm = 0.5911, lr_0 = 6.2377e-04
Loss = 2.8647e-02, PNorm = 52.6101, GNorm = 0.5524, lr_0 = 6.2406e-04
Loss = 2.1369e-02, PNorm = 52.6186, GNorm = 0.5119, lr_0 = 6.2435e-04
Loss = 1.8246e-02, PNorm = 52.6226, GNorm = 0.5842, lr_0 = 6.2464e-04
Loss = 2.5070e-02, PNorm = 52.6311, GNorm = 0.9554, lr_0 = 6.2492e-04
Loss = 2.7450e-02, PNorm = 52.6405, GNorm = 1.1010, lr_0 = 6.2521e-04
Loss = 2.3035e-02, PNorm = 52.6472, GNorm = 0.5168, lr_0 = 6.2550e-04
Loss = 2.5784e-02, PNorm = 52.6556, GNorm = 0.7016, lr_0 = 6.2579e-04
Loss = 2.1250e-02, PNorm = 52.6621, GNorm = 0.7433, lr_0 = 6.2607e-04
Loss = 2.3011e-02, PNorm = 52.6717, GNorm = 0.4464, lr_0 = 6.2636e-04
Loss = 2.6957e-02, PNorm = 52.6818, GNorm = 1.1315, lr_0 = 6.2665e-04
Loss = 2.7757e-02, PNorm = 52.6892, GNorm = 0.6413, lr_0 = 6.2693e-04
Loss = 2.7416e-02, PNorm = 52.6996, GNorm = 0.5626, lr_0 = 6.2722e-04
Loss = 2.9893e-02, PNorm = 52.7083, GNorm = 0.7353, lr_0 = 6.2751e-04
Loss = 2.4196e-02, PNorm = 52.7206, GNorm = 1.2978, lr_0 = 6.2780e-04
Loss = 2.9449e-02, PNorm = 52.7331, GNorm = 1.4639, lr_0 = 6.2808e-04
Loss = 2.6526e-02, PNorm = 52.7450, GNorm = 0.5346, lr_0 = 6.2837e-04
Loss = 2.2821e-02, PNorm = 52.7569, GNorm = 0.3665, lr_0 = 6.2866e-04
Loss = 2.7998e-02, PNorm = 52.7664, GNorm = 1.0656, lr_0 = 6.2895e-04
Loss = 2.1780e-02, PNorm = 52.7758, GNorm = 0.9972, lr_0 = 6.2923e-04
Loss = 2.4460e-02, PNorm = 52.7834, GNorm = 0.3747, lr_0 = 6.2952e-04
Loss = 3.2037e-02, PNorm = 52.7933, GNorm = 0.5772, lr_0 = 6.2981e-04
Loss = 4.1658e-02, PNorm = 52.8043, GNorm = 1.9882, lr_0 = 6.3009e-04
Loss = 3.9898e-02, PNorm = 52.8192, GNorm = 0.6868, lr_0 = 6.3038e-04
Loss = 2.6224e-02, PNorm = 52.8355, GNorm = 0.3840, lr_0 = 6.3067e-04
Loss = 2.8315e-02, PNorm = 52.8473, GNorm = 1.3557, lr_0 = 6.3096e-04
Loss = 3.0371e-02, PNorm = 52.8588, GNorm = 0.8253, lr_0 = 6.3124e-04
Loss = 2.3244e-02, PNorm = 52.8695, GNorm = 0.4982, lr_0 = 6.3153e-04
Loss = 2.4293e-02, PNorm = 52.8766, GNorm = 1.1800, lr_0 = 6.3182e-04
Loss = 2.7779e-02, PNorm = 52.8858, GNorm = 0.5696, lr_0 = 6.3211e-04
Loss = 2.5202e-02, PNorm = 52.8972, GNorm = 1.3738, lr_0 = 6.3239e-04
Loss = 2.7974e-02, PNorm = 52.9094, GNorm = 0.8863, lr_0 = 6.3268e-04
Loss = 3.2495e-02, PNorm = 52.9212, GNorm = 1.6288, lr_0 = 6.3297e-04
Loss = 2.8048e-02, PNorm = 52.9320, GNorm = 0.9013, lr_0 = 6.3325e-04
Loss = 2.7313e-02, PNorm = 52.9399, GNorm = 0.4107, lr_0 = 6.3354e-04
Loss = 2.3902e-02, PNorm = 52.9463, GNorm = 0.5937, lr_0 = 6.3383e-04
Loss = 2.3490e-02, PNorm = 52.9577, GNorm = 0.9877, lr_0 = 6.3412e-04
Loss = 2.6096e-02, PNorm = 52.9701, GNorm = 0.6491, lr_0 = 6.3440e-04
Loss = 1.9603e-02, PNorm = 52.9769, GNorm = 0.4757, lr_0 = 6.3469e-04
Loss = 3.1563e-02, PNorm = 52.9884, GNorm = 0.3822, lr_0 = 6.3498e-04
Loss = 2.7183e-02, PNorm = 52.9990, GNorm = 0.6888, lr_0 = 6.3527e-04
Loss = 2.5074e-02, PNorm = 53.0081, GNorm = 0.5931, lr_0 = 6.3555e-04
Loss = 2.3133e-02, PNorm = 53.0165, GNorm = 0.6062, lr_0 = 6.3584e-04
Loss = 2.2862e-02, PNorm = 53.0269, GNorm = 0.4738, lr_0 = 6.3613e-04
Loss = 1.8767e-02, PNorm = 53.0319, GNorm = 0.8977, lr_0 = 6.3641e-04
Loss = 2.2412e-02, PNorm = 53.0377, GNorm = 1.3036, lr_0 = 6.3670e-04
Loss = 2.3273e-02, PNorm = 53.0451, GNorm = 0.4567, lr_0 = 6.3699e-04
Loss = 1.7806e-02, PNorm = 53.0509, GNorm = 0.3901, lr_0 = 6.3728e-04
Loss = 2.3214e-02, PNorm = 53.0568, GNorm = 0.3705, lr_0 = 6.3756e-04
Loss = 2.4615e-02, PNorm = 53.0650, GNorm = 1.3833, lr_0 = 6.3785e-04
Loss = 2.4496e-02, PNorm = 53.0765, GNorm = 0.3407, lr_0 = 6.3814e-04
Loss = 2.4149e-02, PNorm = 53.0823, GNorm = 0.9030, lr_0 = 6.3843e-04
Loss = 2.4831e-02, PNorm = 53.0925, GNorm = 1.4495, lr_0 = 6.3871e-04
Loss = 2.4928e-02, PNorm = 53.1023, GNorm = 1.1667, lr_0 = 6.3900e-04
Loss = 2.1524e-02, PNorm = 53.1079, GNorm = 0.7512, lr_0 = 6.3929e-04
Loss = 2.7078e-02, PNorm = 53.1214, GNorm = 1.4722, lr_0 = 6.3957e-04
Loss = 3.0708e-02, PNorm = 53.1348, GNorm = 0.4935, lr_0 = 6.3986e-04
Loss = 2.6409e-02, PNorm = 53.1494, GNorm = 0.7949, lr_0 = 6.4015e-04
Loss = 2.2791e-02, PNorm = 53.1636, GNorm = 0.6416, lr_0 = 6.4044e-04
Loss = 2.2705e-02, PNorm = 53.1734, GNorm = 0.4742, lr_0 = 6.4072e-04
Loss = 2.5589e-02, PNorm = 53.1797, GNorm = 0.5417, lr_0 = 6.4101e-04
Loss = 2.4914e-02, PNorm = 53.1895, GNorm = 0.3913, lr_0 = 6.4130e-04
Loss = 2.2457e-02, PNorm = 53.2010, GNorm = 0.8394, lr_0 = 6.4159e-04
Loss = 3.6887e-02, PNorm = 53.2151, GNorm = 1.6865, lr_0 = 6.4187e-04
Loss = 2.8164e-02, PNorm = 53.2285, GNorm = 0.9172, lr_0 = 6.4216e-04
Loss = 2.7518e-02, PNorm = 53.2364, GNorm = 0.6932, lr_0 = 6.4245e-04
Loss = 2.5316e-02, PNorm = 53.2476, GNorm = 0.4330, lr_0 = 6.4273e-04
Loss = 2.4640e-02, PNorm = 53.2575, GNorm = 0.4373, lr_0 = 6.4302e-04
Loss = 2.8335e-02, PNorm = 53.2662, GNorm = 0.8062, lr_0 = 6.4331e-04
Loss = 3.0291e-02, PNorm = 53.2775, GNorm = 0.4645, lr_0 = 6.4360e-04
Loss = 3.8550e-02, PNorm = 53.2950, GNorm = 0.6743, lr_0 = 6.4388e-04
Loss = 2.5569e-02, PNorm = 53.3131, GNorm = 1.5340, lr_0 = 6.4417e-04
Loss = 2.4248e-02, PNorm = 53.3244, GNorm = 0.2795, lr_0 = 6.4446e-04
Loss = 2.2509e-02, PNorm = 53.3365, GNorm = 0.5749, lr_0 = 6.4475e-04
Loss = 2.9548e-02, PNorm = 53.3462, GNorm = 0.4845, lr_0 = 6.4503e-04
Loss = 2.9825e-02, PNorm = 53.3575, GNorm = 0.8613, lr_0 = 6.4532e-04
Loss = 2.8379e-02, PNorm = 53.3692, GNorm = 0.5646, lr_0 = 6.4561e-04
Loss = 2.5721e-02, PNorm = 53.3817, GNorm = 1.1516, lr_0 = 6.4590e-04
Loss = 2.5311e-02, PNorm = 53.3908, GNorm = 1.1156, lr_0 = 6.4618e-04
Loss = 2.5118e-02, PNorm = 53.3991, GNorm = 0.4033, lr_0 = 6.4647e-04
Loss = 2.3428e-02, PNorm = 53.4075, GNorm = 0.6243, lr_0 = 6.4676e-04
Loss = 2.3632e-02, PNorm = 53.4164, GNorm = 0.3445, lr_0 = 6.4704e-04
Loss = 2.3098e-02, PNorm = 53.4236, GNorm = 0.5225, lr_0 = 6.4733e-04
Loss = 2.3407e-02, PNorm = 53.4344, GNorm = 0.7014, lr_0 = 6.4762e-04
Loss = 2.9220e-02, PNorm = 53.4461, GNorm = 0.4759, lr_0 = 6.4791e-04
Loss = 2.4294e-02, PNorm = 53.4563, GNorm = 0.6957, lr_0 = 6.4819e-04
Loss = 2.2992e-02, PNorm = 53.4653, GNorm = 0.5649, lr_0 = 6.4848e-04
Loss = 2.3751e-02, PNorm = 53.4755, GNorm = 0.3973, lr_0 = 6.4877e-04
Loss = 2.0229e-02, PNorm = 53.4808, GNorm = 0.3482, lr_0 = 6.4906e-04
Loss = 2.4382e-02, PNorm = 53.4852, GNorm = 0.4538, lr_0 = 6.4934e-04
Loss = 2.5698e-02, PNorm = 53.4954, GNorm = 0.7985, lr_0 = 6.4963e-04
Loss = 1.8914e-02, PNorm = 53.5019, GNorm = 0.3079, lr_0 = 6.4992e-04
Loss = 2.2326e-02, PNorm = 53.5090, GNorm = 0.6733, lr_0 = 6.5020e-04
Loss = 2.3908e-02, PNorm = 53.5225, GNorm = 0.4772, lr_0 = 6.5049e-04
Loss = 2.5280e-02, PNorm = 53.5325, GNorm = 1.0164, lr_0 = 6.5078e-04
Loss = 2.2515e-02, PNorm = 53.5383, GNorm = 0.5108, lr_0 = 6.5107e-04
Loss = 2.2873e-02, PNorm = 53.5473, GNorm = 0.3663, lr_0 = 6.5135e-04
Loss = 2.1818e-02, PNorm = 53.5542, GNorm = 0.6263, lr_0 = 6.5164e-04
Loss = 2.6884e-02, PNorm = 53.5613, GNorm = 0.3196, lr_0 = 6.5193e-04
Loss = 2.0312e-02, PNorm = 53.5654, GNorm = 0.5557, lr_0 = 6.5222e-04
Loss = 2.6025e-02, PNorm = 53.5737, GNorm = 0.2913, lr_0 = 6.5250e-04
Loss = 2.2527e-02, PNorm = 53.5848, GNorm = 0.5178, lr_0 = 6.5279e-04
Loss = 2.2181e-02, PNorm = 53.5904, GNorm = 0.5605, lr_0 = 6.5308e-04
Loss = 1.9448e-02, PNorm = 53.5964, GNorm = 0.6060, lr_0 = 6.5336e-04
Loss = 2.8155e-02, PNorm = 53.6071, GNorm = 0.3519, lr_0 = 6.5365e-04
Loss = 2.3565e-02, PNorm = 53.6144, GNorm = 0.4082, lr_0 = 6.5394e-04
Loss = 2.6055e-02, PNorm = 53.6224, GNorm = 0.4569, lr_0 = 6.5423e-04
Loss = 2.2307e-02, PNorm = 53.6306, GNorm = 0.4248, lr_0 = 6.5451e-04
Loss = 2.2229e-02, PNorm = 53.6386, GNorm = 0.4865, lr_0 = 6.5480e-04
Loss = 2.7843e-02, PNorm = 53.6504, GNorm = 0.6142, lr_0 = 6.5509e-04
Loss = 2.1677e-02, PNorm = 53.6594, GNorm = 0.5910, lr_0 = 6.5538e-04
Loss = 2.6633e-02, PNorm = 53.6648, GNorm = 0.3898, lr_0 = 6.5566e-04
Loss = 3.0515e-02, PNorm = 53.6736, GNorm = 0.6259, lr_0 = 6.5595e-04
Loss = 2.8129e-02, PNorm = 53.6843, GNorm = 0.8575, lr_0 = 6.5624e-04
Loss = 2.7884e-02, PNorm = 53.6983, GNorm = 1.2352, lr_0 = 6.5652e-04
Loss = 2.9809e-02, PNorm = 53.7069, GNorm = 0.6915, lr_0 = 6.5681e-04
Loss = 2.7379e-02, PNorm = 53.7229, GNorm = 1.4339, lr_0 = 6.5710e-04
Loss = 3.2231e-02, PNorm = 53.7353, GNorm = 1.1759, lr_0 = 6.5739e-04
Loss = 2.6039e-02, PNorm = 53.7506, GNorm = 0.5460, lr_0 = 6.5767e-04
Loss = 3.0336e-02, PNorm = 53.7643, GNorm = 1.1419, lr_0 = 6.5796e-04
Loss = 2.9604e-02, PNorm = 53.7796, GNorm = 1.9921, lr_0 = 6.5825e-04
Loss = 2.8804e-02, PNorm = 53.8007, GNorm = 0.7012, lr_0 = 6.5854e-04
Loss = 3.2118e-02, PNorm = 53.8170, GNorm = 0.7459, lr_0 = 6.5882e-04
Loss = 2.4884e-02, PNorm = 53.8287, GNorm = 0.4109, lr_0 = 6.5911e-04
Loss = 2.3000e-02, PNorm = 53.8370, GNorm = 0.3030, lr_0 = 6.5940e-04
Loss = 2.7152e-02, PNorm = 53.8482, GNorm = 1.0267, lr_0 = 6.5968e-04
Loss = 2.8027e-02, PNorm = 53.8543, GNorm = 0.5987, lr_0 = 6.5997e-04
Loss = 2.2315e-02, PNorm = 53.8703, GNorm = 0.5962, lr_0 = 6.6026e-04
Loss = 3.0861e-02, PNorm = 53.8829, GNorm = 0.4442, lr_0 = 6.6055e-04
Loss = 2.0947e-02, PNorm = 53.8964, GNorm = 0.5085, lr_0 = 6.6083e-04
Loss = 2.3396e-02, PNorm = 53.9112, GNorm = 0.3821, lr_0 = 6.6112e-04
Loss = 2.2411e-02, PNorm = 53.9235, GNorm = 0.6908, lr_0 = 6.6141e-04
Loss = 2.4395e-02, PNorm = 53.9328, GNorm = 0.7092, lr_0 = 6.6170e-04
Loss = 2.7796e-02, PNorm = 53.9429, GNorm = 0.5829, lr_0 = 6.6198e-04
Loss = 2.3452e-02, PNorm = 53.9531, GNorm = 0.5737, lr_0 = 6.6227e-04
Loss = 2.7787e-02, PNorm = 53.9655, GNorm = 1.2763, lr_0 = 6.6256e-04
Loss = 2.2816e-02, PNorm = 53.9756, GNorm = 0.4774, lr_0 = 6.6284e-04
Loss = 2.3888e-02, PNorm = 53.9838, GNorm = 0.4008, lr_0 = 6.6313e-04
Loss = 2.1354e-02, PNorm = 53.9974, GNorm = 0.4309, lr_0 = 6.6342e-04
Loss = 2.3137e-02, PNorm = 54.0003, GNorm = 0.5453, lr_0 = 6.6371e-04
Loss = 2.5321e-02, PNorm = 54.0108, GNorm = 0.3690, lr_0 = 6.6399e-04
Loss = 2.3503e-02, PNorm = 54.0210, GNorm = 0.4637, lr_0 = 6.6428e-04
Loss = 2.8873e-02, PNorm = 54.0346, GNorm = 0.4805, lr_0 = 6.6457e-04
Loss = 3.3602e-02, PNorm = 54.0482, GNorm = 0.3984, lr_0 = 6.6486e-04
Loss = 2.3080e-02, PNorm = 54.0577, GNorm = 0.5078, lr_0 = 6.6514e-04
Loss = 2.8927e-02, PNorm = 54.0718, GNorm = 0.7216, lr_0 = 6.6543e-04
Loss = 3.1384e-02, PNorm = 54.0806, GNorm = 1.0379, lr_0 = 6.6572e-04
Loss = 2.8114e-02, PNorm = 54.0896, GNorm = 0.3828, lr_0 = 6.6600e-04
Loss = 2.0966e-02, PNorm = 54.0964, GNorm = 0.5552, lr_0 = 6.6629e-04
Loss = 2.4633e-02, PNorm = 54.1074, GNorm = 1.0259, lr_0 = 6.6658e-04
Loss = 2.2027e-02, PNorm = 54.1228, GNorm = 0.5384, lr_0 = 6.6687e-04
Loss = 3.1870e-02, PNorm = 54.1341, GNorm = 0.3730, lr_0 = 6.6715e-04
Loss = 2.2848e-02, PNorm = 54.1450, GNorm = 1.1907, lr_0 = 6.6744e-04
Loss = 2.7610e-02, PNorm = 54.1535, GNorm = 1.1059, lr_0 = 6.6773e-04
Loss = 2.2058e-02, PNorm = 54.1664, GNorm = 0.4478, lr_0 = 6.6802e-04
Loss = 2.2794e-02, PNorm = 54.1789, GNorm = 0.4668, lr_0 = 6.6830e-04
Loss = 2.7461e-02, PNorm = 54.1895, GNorm = 1.1108, lr_0 = 6.6859e-04
Loss = 2.2962e-02, PNorm = 54.1989, GNorm = 0.3156, lr_0 = 6.6888e-04
Loss = 1.9451e-02, PNorm = 54.2060, GNorm = 0.3870, lr_0 = 6.6916e-04
Loss = 2.1350e-02, PNorm = 54.2160, GNorm = 1.1602, lr_0 = 6.6945e-04
Loss = 2.0691e-02, PNorm = 54.2237, GNorm = 0.8675, lr_0 = 6.6974e-04
Loss = 2.4013e-02, PNorm = 54.2363, GNorm = 0.4543, lr_0 = 6.7003e-04
Loss = 2.0646e-02, PNorm = 54.2478, GNorm = 0.2767, lr_0 = 6.7031e-04
Loss = 2.1594e-02, PNorm = 54.2543, GNorm = 0.4110, lr_0 = 6.7060e-04
Loss = 1.8305e-02, PNorm = 54.2642, GNorm = 0.4342, lr_0 = 6.7089e-04
Loss = 2.2894e-02, PNorm = 54.2681, GNorm = 1.0216, lr_0 = 6.7118e-04
Loss = 2.2627e-02, PNorm = 54.2762, GNorm = 0.6036, lr_0 = 6.7146e-04
Loss = 2.6637e-02, PNorm = 54.2834, GNorm = 0.3334, lr_0 = 6.7175e-04
Loss = 3.2849e-02, PNorm = 54.2950, GNorm = 0.9252, lr_0 = 6.7204e-04
Loss = 2.2542e-02, PNorm = 54.3049, GNorm = 0.8539, lr_0 = 6.7233e-04
Loss = 2.4125e-02, PNorm = 54.3154, GNorm = 0.5747, lr_0 = 6.7261e-04
Loss = 2.0748e-02, PNorm = 54.3292, GNorm = 0.3644, lr_0 = 6.7290e-04
Loss = 2.4720e-02, PNorm = 54.3399, GNorm = 0.6640, lr_0 = 6.7319e-04
Loss = 2.7291e-02, PNorm = 54.3521, GNorm = 0.4066, lr_0 = 6.7347e-04
Loss = 2.2810e-02, PNorm = 54.3564, GNorm = 0.4730, lr_0 = 6.7376e-04
Loss = 2.4284e-02, PNorm = 54.3645, GNorm = 0.5295, lr_0 = 6.7405e-04
Loss = 2.1848e-02, PNorm = 54.3794, GNorm = 0.7734, lr_0 = 6.7434e-04
Loss = 2.6857e-02, PNorm = 54.3877, GNorm = 0.7848, lr_0 = 6.7462e-04
Loss = 2.2962e-02, PNorm = 54.3962, GNorm = 0.4467, lr_0 = 6.7491e-04
Loss = 2.0595e-02, PNorm = 54.4068, GNorm = 0.2839, lr_0 = 6.7520e-04
Loss = 1.7692e-02, PNorm = 54.4166, GNorm = 0.3849, lr_0 = 6.7549e-04
Loss = 2.3563e-02, PNorm = 54.4267, GNorm = 0.4832, lr_0 = 6.7577e-04
Loss = 2.5510e-02, PNorm = 54.4367, GNorm = 0.7895, lr_0 = 6.7606e-04
Loss = 2.3065e-02, PNorm = 54.4484, GNorm = 0.7788, lr_0 = 6.7635e-04
Loss = 2.7756e-02, PNorm = 54.4604, GNorm = 0.2357, lr_0 = 6.7663e-04
Loss = 2.8428e-02, PNorm = 54.4722, GNorm = 0.2982, lr_0 = 6.7692e-04
Loss = 2.9553e-02, PNorm = 54.4798, GNorm = 0.5794, lr_0 = 6.7721e-04
Loss = 2.4381e-02, PNorm = 54.4916, GNorm = 0.3583, lr_0 = 6.7750e-04
Loss = 2.6669e-02, PNorm = 54.5072, GNorm = 1.1409, lr_0 = 6.7778e-04
Loss = 3.1515e-02, PNorm = 54.5247, GNorm = 0.8098, lr_0 = 6.7807e-04
Loss = 2.7375e-02, PNorm = 54.5367, GNorm = 0.6269, lr_0 = 6.7836e-04
Loss = 2.1389e-02, PNorm = 54.5500, GNorm = 0.7365, lr_0 = 6.7865e-04
Loss = 2.8444e-02, PNorm = 54.5668, GNorm = 0.9125, lr_0 = 6.7893e-04
Loss = 2.8411e-02, PNorm = 54.5807, GNorm = 0.9756, lr_0 = 6.7922e-04
Loss = 2.7084e-02, PNorm = 54.5939, GNorm = 0.3555, lr_0 = 6.7951e-04
Loss = 2.7668e-02, PNorm = 54.6064, GNorm = 0.8055, lr_0 = 6.7979e-04
Loss = 2.3853e-02, PNorm = 54.6229, GNorm = 0.6916, lr_0 = 6.8008e-04
Loss = 2.7475e-02, PNorm = 54.6382, GNorm = 0.3490, lr_0 = 6.8037e-04
Loss = 2.5044e-02, PNorm = 54.6496, GNorm = 0.9348, lr_0 = 6.8066e-04
Loss = 2.7895e-02, PNorm = 54.6647, GNorm = 1.7267, lr_0 = 6.8094e-04
Loss = 3.2216e-02, PNorm = 54.6850, GNorm = 0.7203, lr_0 = 6.8123e-04
Loss = 2.8569e-02, PNorm = 54.7038, GNorm = 0.3931, lr_0 = 6.8152e-04
Loss = 2.4262e-02, PNorm = 54.7182, GNorm = 0.3029, lr_0 = 6.8181e-04
Loss = 2.6134e-02, PNorm = 54.7332, GNorm = 0.6331, lr_0 = 6.8209e-04
Loss = 1.8477e-02, PNorm = 54.7477, GNorm = 0.4588, lr_0 = 6.8238e-04
Loss = 2.0582e-02, PNorm = 54.7558, GNorm = 0.3424, lr_0 = 6.8267e-04
Loss = 1.8520e-02, PNorm = 54.7669, GNorm = 0.5491, lr_0 = 6.8295e-04
Loss = 2.1814e-02, PNorm = 54.7732, GNorm = 0.4300, lr_0 = 6.8324e-04
Loss = 2.5198e-02, PNorm = 54.7840, GNorm = 0.6056, lr_0 = 6.8353e-04
Loss = 2.1846e-02, PNorm = 54.7956, GNorm = 0.4841, lr_0 = 6.8382e-04
Loss = 2.6431e-02, PNorm = 54.8064, GNorm = 0.7061, lr_0 = 6.8410e-04
Loss = 2.0427e-02, PNorm = 54.8204, GNorm = 0.5139, lr_0 = 6.8439e-04
Loss = 1.8762e-02, PNorm = 54.8289, GNorm = 0.3709, lr_0 = 6.8468e-04
Loss = 2.0733e-02, PNorm = 54.8371, GNorm = 0.9631, lr_0 = 6.8497e-04
Loss = 2.1933e-02, PNorm = 54.8457, GNorm = 0.3595, lr_0 = 6.8525e-04
Loss = 2.8899e-02, PNorm = 54.8549, GNorm = 0.3674, lr_0 = 6.8554e-04
Loss = 1.8817e-02, PNorm = 54.8712, GNorm = 0.3667, lr_0 = 6.8583e-04
Loss = 2.3391e-02, PNorm = 54.8836, GNorm = 0.2854, lr_0 = 6.8611e-04
Loss = 2.4892e-02, PNorm = 54.8976, GNorm = 0.8857, lr_0 = 6.8640e-04
Loss = 2.5741e-02, PNorm = 54.9103, GNorm = 0.3434, lr_0 = 6.8669e-04
Loss = 2.1570e-02, PNorm = 54.9184, GNorm = 0.8257, lr_0 = 6.8698e-04
Loss = 2.3175e-02, PNorm = 54.9243, GNorm = 0.5463, lr_0 = 6.8726e-04
Loss = 2.3067e-02, PNorm = 54.9345, GNorm = 0.8435, lr_0 = 6.8755e-04
Loss = 2.3081e-02, PNorm = 54.9452, GNorm = 0.7703, lr_0 = 6.8784e-04
Loss = 2.1228e-02, PNorm = 54.9539, GNorm = 0.4341, lr_0 = 6.8813e-04
Loss = 1.9543e-02, PNorm = 54.9629, GNorm = 0.8568, lr_0 = 6.8841e-04
Loss = 1.7542e-02, PNorm = 54.9687, GNorm = 0.8709, lr_0 = 6.8870e-04
Loss = 1.5980e-02, PNorm = 54.9771, GNorm = 0.4516, lr_0 = 6.8899e-04
Loss = 1.9955e-02, PNorm = 54.9847, GNorm = 0.3483, lr_0 = 6.8927e-04
Loss = 2.5572e-02, PNorm = 54.9937, GNorm = 0.5649, lr_0 = 6.8956e-04
Loss = 2.1464e-02, PNorm = 55.0056, GNorm = 0.5888, lr_0 = 6.8985e-04
Loss = 2.1712e-02, PNorm = 55.0175, GNorm = 0.4902, lr_0 = 6.9014e-04
Loss = 2.7808e-02, PNorm = 55.0275, GNorm = 1.6031, lr_0 = 6.9042e-04
Loss = 2.6317e-02, PNorm = 55.0468, GNorm = 1.1448, lr_0 = 6.9071e-04
Loss = 2.0778e-02, PNorm = 55.0582, GNorm = 0.6522, lr_0 = 6.9100e-04
Loss = 2.4421e-02, PNorm = 55.0696, GNorm = 0.2925, lr_0 = 6.9129e-04
Loss = 1.9276e-02, PNorm = 55.0806, GNorm = 0.2940, lr_0 = 6.9157e-04
Loss = 2.3433e-02, PNorm = 55.0911, GNorm = 0.6046, lr_0 = 6.9186e-04
Loss = 2.8553e-02, PNorm = 55.0998, GNorm = 0.6788, lr_0 = 6.9215e-04
Loss = 3.0178e-02, PNorm = 55.1097, GNorm = 0.4160, lr_0 = 6.9243e-04
Loss = 2.1956e-02, PNorm = 55.1219, GNorm = 0.2340, lr_0 = 6.9272e-04
Loss = 2.2976e-02, PNorm = 55.1369, GNorm = 0.5479, lr_0 = 6.9301e-04
Loss = 2.7532e-02, PNorm = 55.1524, GNorm = 0.5017, lr_0 = 6.9330e-04
Loss = 2.5934e-02, PNorm = 55.1608, GNorm = 0.5715, lr_0 = 6.9358e-04
Loss = 2.4668e-02, PNorm = 55.1743, GNorm = 0.7197, lr_0 = 6.9387e-04
Loss = 3.1091e-02, PNorm = 55.1929, GNorm = 0.3842, lr_0 = 6.9416e-04
Loss = 2.4662e-02, PNorm = 55.2048, GNorm = 0.4734, lr_0 = 6.9445e-04
Loss = 2.2741e-02, PNorm = 55.2146, GNorm = 0.3646, lr_0 = 6.9473e-04
Loss = 2.3761e-02, PNorm = 55.2222, GNorm = 0.2175, lr_0 = 6.9502e-04
Loss = 2.5721e-02, PNorm = 55.2317, GNorm = 0.4653, lr_0 = 6.9531e-04
Loss = 2.3330e-02, PNorm = 55.2430, GNorm = 1.2731, lr_0 = 6.9559e-04
Loss = 2.8621e-02, PNorm = 55.2512, GNorm = 0.4938, lr_0 = 6.9588e-04
Loss = 2.7349e-02, PNorm = 55.2693, GNorm = 0.5767, lr_0 = 6.9617e-04
Loss = 2.3095e-02, PNorm = 55.2841, GNorm = 0.3807, lr_0 = 6.9646e-04
Loss = 2.2777e-02, PNorm = 55.2989, GNorm = 0.5535, lr_0 = 6.9674e-04
Loss = 2.1561e-02, PNorm = 55.3110, GNorm = 0.2268, lr_0 = 6.9703e-04
Loss = 2.7204e-02, PNorm = 55.3211, GNorm = 0.4040, lr_0 = 6.9732e-04
Loss = 2.7869e-02, PNorm = 55.3339, GNorm = 0.3335, lr_0 = 6.9761e-04
Loss = 2.5213e-02, PNorm = 55.3484, GNorm = 0.4440, lr_0 = 6.9789e-04
Loss = 2.1078e-02, PNorm = 55.3577, GNorm = 0.2951, lr_0 = 6.9818e-04
Loss = 2.8014e-02, PNorm = 55.3748, GNorm = 0.2283, lr_0 = 6.9847e-04
Loss = 2.8022e-02, PNorm = 55.3905, GNorm = 0.7071, lr_0 = 6.9876e-04
Loss = 2.5541e-02, PNorm = 55.4058, GNorm = 1.0626, lr_0 = 6.9904e-04
Loss = 2.0014e-02, PNorm = 55.4182, GNorm = 0.6229, lr_0 = 6.9933e-04
Loss = 2.0626e-02, PNorm = 55.4264, GNorm = 0.3128, lr_0 = 6.9962e-04
Loss = 2.7439e-02, PNorm = 55.4386, GNorm = 0.4343, lr_0 = 6.9990e-04
Loss = 2.3276e-02, PNorm = 55.4547, GNorm = 0.4460, lr_0 = 7.0019e-04
Loss = 1.9373e-02, PNorm = 55.4694, GNorm = 0.4456, lr_0 = 7.0048e-04
Loss = 2.4101e-02, PNorm = 55.4837, GNorm = 0.3314, lr_0 = 7.0077e-04
Loss = 2.3817e-02, PNorm = 55.4936, GNorm = 0.3618, lr_0 = 7.0105e-04
Loss = 2.1833e-02, PNorm = 55.5048, GNorm = 0.3508, lr_0 = 7.0134e-04
Loss = 2.3570e-02, PNorm = 55.5125, GNorm = 0.4128, lr_0 = 7.0163e-04
Loss = 2.1250e-02, PNorm = 55.5224, GNorm = 0.5643, lr_0 = 7.0192e-04
Loss = 2.2399e-02, PNorm = 55.5271, GNorm = 0.6704, lr_0 = 7.0220e-04
Loss = 3.1592e-02, PNorm = 55.5393, GNorm = 0.7134, lr_0 = 7.0249e-04
Loss = 3.4332e-02, PNorm = 55.5575, GNorm = 0.5582, lr_0 = 7.0278e-04
Loss = 3.2511e-02, PNorm = 55.5762, GNorm = 0.7474, lr_0 = 7.0306e-04
Loss = 2.2531e-02, PNorm = 55.5927, GNorm = 0.2379, lr_0 = 7.0335e-04
Loss = 2.0472e-02, PNorm = 55.6095, GNorm = 0.3660, lr_0 = 7.0364e-04
Loss = 3.0830e-02, PNorm = 55.6247, GNorm = 0.8813, lr_0 = 7.0393e-04
Loss = 3.0111e-02, PNorm = 55.6512, GNorm = 1.0419, lr_0 = 7.0421e-04
Loss = 2.2913e-02, PNorm = 55.6710, GNorm = 1.0167, lr_0 = 7.0450e-04
Loss = 2.0494e-02, PNorm = 55.6867, GNorm = 0.3979, lr_0 = 7.0479e-04
Loss = 2.2565e-02, PNorm = 55.6978, GNorm = 0.3580, lr_0 = 7.0508e-04
Loss = 2.4934e-02, PNorm = 55.7098, GNorm = 0.5826, lr_0 = 7.0536e-04
Loss = 2.0084e-02, PNorm = 55.7250, GNorm = 0.4058, lr_0 = 7.0565e-04
Loss = 2.2842e-02, PNorm = 55.7348, GNorm = 0.2829, lr_0 = 7.0594e-04
Loss = 1.8972e-02, PNorm = 55.7421, GNorm = 0.5575, lr_0 = 7.0622e-04
Loss = 2.4263e-02, PNorm = 55.7509, GNorm = 0.3475, lr_0 = 7.0651e-04
Loss = 2.5066e-02, PNorm = 55.7664, GNorm = 0.4189, lr_0 = 7.0680e-04
Loss = 1.8451e-02, PNorm = 55.7768, GNorm = 0.2830, lr_0 = 7.0709e-04
Loss = 2.0825e-02, PNorm = 55.7855, GNorm = 0.5788, lr_0 = 7.0737e-04
Loss = 1.8898e-02, PNorm = 55.7962, GNorm = 0.4137, lr_0 = 7.0766e-04
Loss = 1.7380e-02, PNorm = 55.8055, GNorm = 0.6903, lr_0 = 7.0795e-04
Loss = 2.0169e-02, PNorm = 55.8132, GNorm = 0.3157, lr_0 = 7.0824e-04
Loss = 2.2892e-02, PNorm = 55.8203, GNorm = 0.2814, lr_0 = 7.0852e-04
Loss = 1.9373e-02, PNorm = 55.8299, GNorm = 0.8193, lr_0 = 7.0881e-04
Loss = 2.0047e-02, PNorm = 55.8407, GNorm = 0.4478, lr_0 = 7.0910e-04
Loss = 2.5874e-02, PNorm = 55.8547, GNorm = 0.3888, lr_0 = 7.0938e-04
Loss = 2.1092e-02, PNorm = 55.8680, GNorm = 0.2675, lr_0 = 7.0967e-04
Loss = 1.9453e-02, PNorm = 55.8803, GNorm = 0.2890, lr_0 = 7.0996e-04
Loss = 1.9036e-02, PNorm = 55.8833, GNorm = 0.6556, lr_0 = 7.1025e-04
Loss = 2.3155e-02, PNorm = 55.8907, GNorm = 0.4164, lr_0 = 7.1053e-04
Loss = 2.3295e-02, PNorm = 55.8998, GNorm = 0.8432, lr_0 = 7.1082e-04
Loss = 1.9848e-02, PNorm = 55.9125, GNorm = 0.4106, lr_0 = 7.1111e-04
Loss = 2.2899e-02, PNorm = 55.9218, GNorm = 0.7136, lr_0 = 7.1140e-04
Loss = 2.2064e-02, PNorm = 55.9325, GNorm = 1.0245, lr_0 = 7.1168e-04
Loss = 2.3341e-02, PNorm = 55.9443, GNorm = 0.2119, lr_0 = 7.1197e-04
Loss = 2.3772e-02, PNorm = 55.9528, GNorm = 0.4302, lr_0 = 7.1226e-04
Loss = 2.9016e-02, PNorm = 55.9639, GNorm = 0.2617, lr_0 = 7.1254e-04
Loss = 2.2889e-02, PNorm = 55.9779, GNorm = 0.4827, lr_0 = 7.1283e-04
Loss = 3.0854e-02, PNorm = 55.9854, GNorm = 0.2913, lr_0 = 7.1312e-04
Loss = 2.5302e-02, PNorm = 55.9908, GNorm = 1.2744, lr_0 = 7.1341e-04
Loss = 2.0136e-02, PNorm = 56.0004, GNorm = 0.2931, lr_0 = 7.1369e-04
Loss = 2.0831e-02, PNorm = 56.0105, GNorm = 0.3879, lr_0 = 7.1398e-04
Loss = 2.4191e-02, PNorm = 56.0286, GNorm = 0.9127, lr_0 = 7.1427e-04
Loss = 1.9887e-02, PNorm = 56.0411, GNorm = 0.1855, lr_0 = 7.1456e-04
Loss = 2.1806e-02, PNorm = 56.0528, GNorm = 0.4613, lr_0 = 7.1484e-04
Loss = 2.3593e-02, PNorm = 56.0617, GNorm = 0.2105, lr_0 = 7.1513e-04
Loss = 2.5113e-02, PNorm = 56.0705, GNorm = 0.5831, lr_0 = 7.1542e-04
Loss = 2.1420e-02, PNorm = 56.0844, GNorm = 0.2733, lr_0 = 7.1570e-04
Loss = 2.5401e-02, PNorm = 56.0974, GNorm = 0.5057, lr_0 = 7.1599e-04
Loss = 2.3558e-02, PNorm = 56.1110, GNorm = 0.3450, lr_0 = 7.1628e-04
Loss = 2.1455e-02, PNorm = 56.1240, GNorm = 0.2735, lr_0 = 7.1657e-04
Loss = 2.6178e-02, PNorm = 56.1421, GNorm = 0.4151, lr_0 = 7.1685e-04
Loss = 1.7399e-02, PNorm = 56.1496, GNorm = 0.2310, lr_0 = 7.1714e-04
Loss = 1.9919e-02, PNorm = 56.1596, GNorm = 0.7550, lr_0 = 7.1743e-04
Loss = 2.5819e-02, PNorm = 56.1719, GNorm = 0.6454, lr_0 = 7.1772e-04
Loss = 2.2769e-02, PNorm = 56.1827, GNorm = 0.6417, lr_0 = 7.1800e-04
Loss = 1.7891e-02, PNorm = 56.1943, GNorm = 0.6558, lr_0 = 7.1829e-04
Loss = 2.6677e-02, PNorm = 56.2040, GNorm = 0.6846, lr_0 = 7.1858e-04
Loss = 2.0766e-02, PNorm = 56.2182, GNorm = 0.5094, lr_0 = 7.1886e-04
Loss = 2.4716e-02, PNorm = 56.2271, GNorm = 0.4018, lr_0 = 7.1915e-04
Loss = 2.3043e-02, PNorm = 56.2402, GNorm = 0.7800, lr_0 = 7.1944e-04
Loss = 3.0603e-02, PNorm = 56.2584, GNorm = 1.1016, lr_0 = 7.1973e-04
Loss = 2.2512e-02, PNorm = 56.2748, GNorm = 0.9468, lr_0 = 7.2001e-04
Loss = 2.5801e-02, PNorm = 56.2905, GNorm = 0.9989, lr_0 = 7.2030e-04
Loss = 2.2844e-02, PNorm = 56.3037, GNorm = 0.5525, lr_0 = 7.2059e-04
Loss = 2.1363e-02, PNorm = 56.3153, GNorm = 0.8537, lr_0 = 7.2088e-04
Loss = 2.6551e-02, PNorm = 56.3278, GNorm = 0.6496, lr_0 = 7.2116e-04
Loss = 2.2465e-02, PNorm = 56.3411, GNorm = 0.9757, lr_0 = 7.2145e-04
Loss = 1.5866e-02, PNorm = 56.3550, GNorm = 0.2579, lr_0 = 7.2174e-04
Loss = 2.1950e-02, PNorm = 56.3668, GNorm = 0.3923, lr_0 = 7.2203e-04
Loss = 2.1894e-02, PNorm = 56.3803, GNorm = 0.4500, lr_0 = 7.2231e-04
Loss = 2.7052e-02, PNorm = 56.3915, GNorm = 0.3724, lr_0 = 7.2260e-04
Loss = 2.3385e-02, PNorm = 56.4060, GNorm = 0.6368, lr_0 = 7.2289e-04
Loss = 2.4726e-02, PNorm = 56.4211, GNorm = 0.4797, lr_0 = 7.2317e-04
Loss = 1.9654e-02, PNorm = 56.4356, GNorm = 0.2374, lr_0 = 7.2346e-04
Loss = 2.7544e-02, PNorm = 56.4505, GNorm = 0.6786, lr_0 = 7.2375e-04
Loss = 2.2872e-02, PNorm = 56.4658, GNorm = 0.6698, lr_0 = 7.2404e-04
Loss = 2.0810e-02, PNorm = 56.4775, GNorm = 0.2405, lr_0 = 7.2432e-04
Loss = 2.1699e-02, PNorm = 56.4879, GNorm = 0.2379, lr_0 = 7.2461e-04
Loss = 2.8597e-02, PNorm = 56.5047, GNorm = 0.6548, lr_0 = 7.2490e-04
Loss = 1.6186e-02, PNorm = 56.5168, GNorm = 0.2800, lr_0 = 7.2519e-04
Loss = 2.2294e-02, PNorm = 56.5320, GNorm = 0.2210, lr_0 = 7.2547e-04
Loss = 2.7423e-02, PNorm = 56.5426, GNorm = 0.4760, lr_0 = 7.2576e-04
Loss = 2.9186e-02, PNorm = 56.5550, GNorm = 0.6169, lr_0 = 7.2605e-04
Loss = 2.7845e-02, PNorm = 56.5743, GNorm = 0.7648, lr_0 = 7.2633e-04
Loss = 2.2436e-02, PNorm = 56.5908, GNorm = 0.2540, lr_0 = 7.2662e-04
Loss = 3.1209e-02, PNorm = 56.6042, GNorm = 0.9742, lr_0 = 7.2691e-04
Loss = 2.5950e-02, PNorm = 56.6230, GNorm = 0.2445, lr_0 = 7.2720e-04
Loss = 2.4655e-02, PNorm = 56.6358, GNorm = 0.6905, lr_0 = 7.2748e-04
Loss = 2.1016e-02, PNorm = 56.6494, GNorm = 0.4259, lr_0 = 7.2777e-04
Loss = 2.6916e-02, PNorm = 56.6643, GNorm = 0.6679, lr_0 = 7.2806e-04
Loss = 2.2464e-02, PNorm = 56.6760, GNorm = 0.5823, lr_0 = 7.2835e-04
Loss = 2.2638e-02, PNorm = 56.6891, GNorm = 0.5799, lr_0 = 7.2863e-04
Loss = 2.1895e-02, PNorm = 56.7031, GNorm = 0.7705, lr_0 = 7.2892e-04
Loss = 2.1690e-02, PNorm = 56.7137, GNorm = 0.3881, lr_0 = 7.2921e-04
Loss = 2.1977e-02, PNorm = 56.7288, GNorm = 0.4880, lr_0 = 7.2949e-04
Loss = 1.9480e-02, PNorm = 56.7437, GNorm = 0.2536, lr_0 = 7.2978e-04
Loss = 2.7321e-02, PNorm = 56.7539, GNorm = 0.4261, lr_0 = 7.3007e-04
Loss = 2.3337e-02, PNorm = 56.7674, GNorm = 0.6274, lr_0 = 7.3036e-04
Loss = 2.5542e-02, PNorm = 56.7782, GNorm = 0.4694, lr_0 = 7.3064e-04
Loss = 2.3764e-02, PNorm = 56.7945, GNorm = 0.3529, lr_0 = 7.3093e-04
Loss = 2.6887e-02, PNorm = 56.8060, GNorm = 0.3287, lr_0 = 7.3122e-04
Loss = 2.1518e-02, PNorm = 56.8171, GNorm = 0.5617, lr_0 = 7.3151e-04
Loss = 2.5946e-02, PNorm = 56.8327, GNorm = 0.6732, lr_0 = 7.3179e-04
Loss = 2.9357e-02, PNorm = 56.8538, GNorm = 0.5478, lr_0 = 7.3208e-04
Loss = 2.6728e-02, PNorm = 56.8678, GNorm = 0.4221, lr_0 = 7.3237e-04
Loss = 2.1606e-02, PNorm = 56.8852, GNorm = 0.7593, lr_0 = 7.3265e-04
Loss = 2.4808e-02, PNorm = 56.9026, GNorm = 0.8095, lr_0 = 7.3294e-04
Loss = 2.1261e-02, PNorm = 56.9166, GNorm = 0.5817, lr_0 = 7.3323e-04
Loss = 2.2429e-02, PNorm = 56.9273, GNorm = 0.6303, lr_0 = 7.3352e-04
Loss = 2.3637e-02, PNorm = 56.9396, GNorm = 0.3788, lr_0 = 7.3380e-04
Loss = 2.8204e-02, PNorm = 56.9498, GNorm = 1.3367, lr_0 = 7.3409e-04
Loss = 1.9950e-02, PNorm = 56.9690, GNorm = 0.7123, lr_0 = 7.3438e-04
Loss = 2.2332e-02, PNorm = 56.9769, GNorm = 0.3985, lr_0 = 7.3467e-04
Loss = 2.0764e-02, PNorm = 56.9879, GNorm = 0.4492, lr_0 = 7.3495e-04
Loss = 2.2949e-02, PNorm = 57.0015, GNorm = 0.2114, lr_0 = 7.3524e-04
Loss = 2.6896e-02, PNorm = 57.0131, GNorm = 0.4985, lr_0 = 7.3553e-04
Loss = 2.7156e-02, PNorm = 57.0311, GNorm = 0.6771, lr_0 = 7.3581e-04
Loss = 2.4572e-02, PNorm = 57.0442, GNorm = 0.7139, lr_0 = 7.3610e-04
Loss = 2.1841e-02, PNorm = 57.0609, GNorm = 0.4952, lr_0 = 7.3639e-04
Loss = 2.4399e-02, PNorm = 57.0735, GNorm = 0.3070, lr_0 = 7.3668e-04
Loss = 2.4848e-02, PNorm = 57.0856, GNorm = 0.8498, lr_0 = 7.3696e-04
Loss = 2.4269e-02, PNorm = 57.0983, GNorm = 0.3336, lr_0 = 7.3725e-04
Loss = 2.2718e-02, PNorm = 57.1162, GNorm = 0.4600, lr_0 = 7.3754e-04
Loss = 1.7265e-02, PNorm = 57.1281, GNorm = 0.6106, lr_0 = 7.3783e-04
Loss = 1.8772e-02, PNorm = 57.1397, GNorm = 0.1703, lr_0 = 7.3811e-04
Loss = 1.8109e-02, PNorm = 57.1490, GNorm = 0.4393, lr_0 = 7.3840e-04
Loss = 2.0048e-02, PNorm = 57.1564, GNorm = 0.4273, lr_0 = 7.3869e-04
Loss = 2.1158e-02, PNorm = 57.1647, GNorm = 0.5665, lr_0 = 7.3897e-04
Loss = 1.9010e-02, PNorm = 57.1789, GNorm = 0.2406, lr_0 = 7.3926e-04
Loss = 2.1187e-02, PNorm = 57.1877, GNorm = 0.3933, lr_0 = 7.3955e-04
Loss = 2.2610e-02, PNorm = 57.1985, GNorm = 0.2875, lr_0 = 7.3984e-04
Loss = 2.6789e-02, PNorm = 57.2085, GNorm = 0.2900, lr_0 = 7.4012e-04
Loss = 2.0110e-02, PNorm = 57.2212, GNorm = 0.3599, lr_0 = 7.4041e-04
Loss = 2.2997e-02, PNorm = 57.2369, GNorm = 0.4194, lr_0 = 7.4070e-04
Loss = 2.3809e-02, PNorm = 57.2521, GNorm = 0.6637, lr_0 = 7.4099e-04
Loss = 2.1871e-02, PNorm = 57.2679, GNorm = 0.2148, lr_0 = 7.4127e-04
Loss = 2.7251e-02, PNorm = 57.2816, GNorm = 1.5765, lr_0 = 7.4156e-04
Loss = 2.4355e-02, PNorm = 57.3000, GNorm = 0.8321, lr_0 = 7.4185e-04
Loss = 2.2467e-02, PNorm = 57.3185, GNorm = 0.3024, lr_0 = 7.4213e-04
Loss = 2.2612e-02, PNorm = 57.3363, GNorm = 0.5312, lr_0 = 7.4242e-04
Loss = 1.8717e-02, PNorm = 57.3493, GNorm = 0.2334, lr_0 = 7.4271e-04
Loss = 1.9217e-02, PNorm = 57.3574, GNorm = 0.3362, lr_0 = 7.4300e-04
Loss = 2.0487e-02, PNorm = 57.3685, GNorm = 0.3552, lr_0 = 7.4328e-04
Loss = 2.3948e-02, PNorm = 57.3787, GNorm = 0.5902, lr_0 = 7.4357e-04
Loss = 2.5586e-02, PNorm = 57.3923, GNorm = 0.5209, lr_0 = 7.4386e-04
Loss = 2.3322e-02, PNorm = 57.4007, GNorm = 0.5025, lr_0 = 7.4415e-04
Loss = 2.2025e-02, PNorm = 57.4159, GNorm = 0.1710, lr_0 = 7.4443e-04
Loss = 1.6301e-02, PNorm = 57.4288, GNorm = 0.4059, lr_0 = 7.4472e-04
Loss = 2.1845e-02, PNorm = 57.4390, GNorm = 0.2688, lr_0 = 7.4501e-04
Loss = 2.0441e-02, PNorm = 57.4476, GNorm = 0.7136, lr_0 = 7.4529e-04
Loss = 1.7133e-02, PNorm = 57.4536, GNorm = 0.3955, lr_0 = 7.4558e-04
Loss = 2.1710e-02, PNorm = 57.4657, GNorm = 0.2752, lr_0 = 7.4587e-04
Loss = 2.2106e-02, PNorm = 57.4742, GNorm = 0.4650, lr_0 = 7.4616e-04
Loss = 2.0925e-02, PNorm = 57.4850, GNorm = 0.2476, lr_0 = 7.4644e-04
Loss = 1.8021e-02, PNorm = 57.4956, GNorm = 0.2588, lr_0 = 7.4673e-04
Loss = 1.5873e-02, PNorm = 57.5046, GNorm = 0.1791, lr_0 = 7.4702e-04
Loss = 2.1512e-02, PNorm = 57.5143, GNorm = 1.0904, lr_0 = 7.4731e-04
Loss = 2.0775e-02, PNorm = 57.5248, GNorm = 0.6385, lr_0 = 7.4759e-04
Loss = 2.3401e-02, PNorm = 57.5397, GNorm = 0.3688, lr_0 = 7.4788e-04
Loss = 1.8746e-02, PNorm = 57.5495, GNorm = 0.3522, lr_0 = 7.4817e-04
Loss = 1.9900e-02, PNorm = 57.5622, GNorm = 0.5811, lr_0 = 7.4846e-04
Loss = 2.0192e-02, PNorm = 57.5716, GNorm = 0.1638, lr_0 = 7.4874e-04
Loss = 1.8629e-02, PNorm = 57.5782, GNorm = 0.3491, lr_0 = 7.4903e-04
Loss = 2.5394e-02, PNorm = 57.5876, GNorm = 0.2470, lr_0 = 7.4932e-04
Loss = 2.1175e-02, PNorm = 57.6024, GNorm = 0.3000, lr_0 = 7.4960e-04
Loss = 2.8351e-02, PNorm = 57.6103, GNorm = 0.4662, lr_0 = 7.4989e-04
Loss = 3.0831e-02, PNorm = 57.6249, GNorm = 0.9439, lr_0 = 7.5018e-04
Loss = 2.0517e-02, PNorm = 57.6469, GNorm = 0.5951, lr_0 = 7.5047e-04
Loss = 2.5038e-02, PNorm = 57.6600, GNorm = 0.3962, lr_0 = 7.5075e-04
Loss = 2.0644e-02, PNorm = 57.6740, GNorm = 0.4322, lr_0 = 7.5104e-04
Loss = 2.5322e-02, PNorm = 57.6867, GNorm = 1.3653, lr_0 = 7.5133e-04
Loss = 3.6723e-02, PNorm = 57.7052, GNorm = 1.3804, lr_0 = 7.5162e-04
Loss = 2.6720e-02, PNorm = 57.7328, GNorm = 0.7169, lr_0 = 7.5190e-04
Loss = 1.8202e-02, PNorm = 57.7475, GNorm = 0.3265, lr_0 = 7.5219e-04
Loss = 2.1702e-02, PNorm = 57.7589, GNorm = 0.2752, lr_0 = 7.5248e-04
Loss = 1.8088e-02, PNorm = 57.7735, GNorm = 0.3601, lr_0 = 7.5276e-04
Loss = 2.0320e-02, PNorm = 57.7878, GNorm = 0.4456, lr_0 = 7.5305e-04
Loss = 2.2640e-02, PNorm = 57.8057, GNorm = 0.3202, lr_0 = 7.5334e-04
Loss = 2.2370e-02, PNorm = 57.8198, GNorm = 0.1873, lr_0 = 7.5363e-04
Loss = 2.3578e-02, PNorm = 57.8384, GNorm = 0.6591, lr_0 = 7.5391e-04
Loss = 2.5300e-02, PNorm = 57.8526, GNorm = 0.3619, lr_0 = 7.5420e-04
Loss = 2.2394e-02, PNorm = 57.8621, GNorm = 0.5440, lr_0 = 7.5449e-04
Loss = 1.9306e-02, PNorm = 57.8716, GNorm = 0.2771, lr_0 = 7.5478e-04
Loss = 2.0111e-02, PNorm = 57.8810, GNorm = 0.2092, lr_0 = 7.5506e-04
Loss = 2.1507e-02, PNorm = 57.8972, GNorm = 0.2741, lr_0 = 7.5535e-04
Loss = 1.9979e-02, PNorm = 57.9048, GNorm = 0.1756, lr_0 = 7.5564e-04
Loss = 1.9953e-02, PNorm = 57.9172, GNorm = 0.5532, lr_0 = 7.5592e-04
Loss = 1.9905e-02, PNorm = 57.9254, GNorm = 0.4768, lr_0 = 7.5621e-04
Loss = 2.1073e-02, PNorm = 57.9346, GNorm = 0.5230, lr_0 = 7.5650e-04
Loss = 1.9886e-02, PNorm = 57.9486, GNorm = 0.6735, lr_0 = 7.5679e-04
Loss = 1.8491e-02, PNorm = 57.9568, GNorm = 0.5009, lr_0 = 7.5707e-04
Loss = 2.2679e-02, PNorm = 57.9658, GNorm = 0.9265, lr_0 = 7.5736e-04
Loss = 2.5103e-02, PNorm = 57.9795, GNorm = 0.5042, lr_0 = 7.5765e-04
Loss = 2.5011e-02, PNorm = 57.9954, GNorm = 0.2900, lr_0 = 7.5794e-04
Loss = 2.0856e-02, PNorm = 58.0107, GNorm = 0.5109, lr_0 = 7.5822e-04
Loss = 2.9161e-02, PNorm = 58.0245, GNorm = 0.5525, lr_0 = 7.5851e-04
Loss = 1.9138e-02, PNorm = 58.0412, GNorm = 0.3669, lr_0 = 7.5880e-04
Loss = 1.7665e-02, PNorm = 58.0577, GNorm = 0.2524, lr_0 = 7.5908e-04
Loss = 2.0052e-02, PNorm = 58.0749, GNorm = 0.2766, lr_0 = 7.5937e-04
Loss = 2.1457e-02, PNorm = 58.0881, GNorm = 0.4609, lr_0 = 7.5966e-04
Loss = 2.6940e-02, PNorm = 58.1020, GNorm = 0.5125, lr_0 = 7.5995e-04
Loss = 2.1452e-02, PNorm = 58.1136, GNorm = 1.0096, lr_0 = 7.6023e-04
Loss = 1.5352e-02, PNorm = 58.1264, GNorm = 0.2810, lr_0 = 7.6052e-04
Loss = 2.1731e-02, PNorm = 58.1403, GNorm = 0.3819, lr_0 = 7.6081e-04
Loss = 2.1040e-02, PNorm = 58.1539, GNorm = 0.4187, lr_0 = 7.6110e-04
Loss = 2.2454e-02, PNorm = 58.1644, GNorm = 0.4507, lr_0 = 7.6138e-04
Loss = 2.2613e-02, PNorm = 58.1745, GNorm = 0.2128, lr_0 = 7.6167e-04
Loss = 2.3514e-02, PNorm = 58.1878, GNorm = 0.8920, lr_0 = 7.6196e-04
Loss = 2.1160e-02, PNorm = 58.2000, GNorm = 0.7065, lr_0 = 7.6224e-04
Loss = 2.0883e-02, PNorm = 58.2099, GNorm = 0.4527, lr_0 = 7.6253e-04
Loss = 2.5455e-02, PNorm = 58.2249, GNorm = 0.4396, lr_0 = 7.6282e-04
Loss = 2.0127e-02, PNorm = 58.2399, GNorm = 0.5320, lr_0 = 7.6311e-04
Loss = 2.2409e-02, PNorm = 58.2556, GNorm = 0.7196, lr_0 = 7.6339e-04
Loss = 2.6795e-02, PNorm = 58.2712, GNorm = 0.8747, lr_0 = 7.6368e-04
Loss = 1.9984e-02, PNorm = 58.2858, GNorm = 0.3310, lr_0 = 7.6397e-04
Loss = 1.9516e-02, PNorm = 58.2965, GNorm = 0.5580, lr_0 = 7.6426e-04
Loss = 2.4547e-02, PNorm = 58.3118, GNorm = 0.3239, lr_0 = 7.6454e-04
Loss = 2.1714e-02, PNorm = 58.3276, GNorm = 0.2932, lr_0 = 7.6483e-04
Loss = 2.2119e-02, PNorm = 58.3394, GNorm = 0.2586, lr_0 = 7.6512e-04
Loss = 2.2226e-02, PNorm = 58.3520, GNorm = 0.8978, lr_0 = 7.6540e-04
Loss = 2.0187e-02, PNorm = 58.3710, GNorm = 0.2330, lr_0 = 7.6569e-04
Loss = 2.0712e-02, PNorm = 58.3848, GNorm = 0.3930, lr_0 = 7.6598e-04
Loss = 2.5196e-02, PNorm = 58.3961, GNorm = 0.5525, lr_0 = 7.6627e-04
Loss = 2.0985e-02, PNorm = 58.4135, GNorm = 0.2072, lr_0 = 7.6655e-04
Loss = 2.4687e-02, PNorm = 58.4303, GNorm = 0.2224, lr_0 = 7.6684e-04
Loss = 1.7569e-02, PNorm = 58.4493, GNorm = 0.4767, lr_0 = 7.6713e-04
Loss = 1.9175e-02, PNorm = 58.4590, GNorm = 0.3397, lr_0 = 7.6742e-04
Loss = 2.3323e-02, PNorm = 58.4681, GNorm = 0.4130, lr_0 = 7.6770e-04
Loss = 2.3223e-02, PNorm = 58.4834, GNorm = 0.6449, lr_0 = 7.6799e-04
Loss = 1.9096e-02, PNorm = 58.4969, GNorm = 0.3531, lr_0 = 7.6828e-04
Loss = 2.3156e-02, PNorm = 58.5088, GNorm = 0.5433, lr_0 = 7.6856e-04
Loss = 2.4404e-02, PNorm = 58.5276, GNorm = 0.3832, lr_0 = 7.6885e-04
Loss = 2.2851e-02, PNorm = 58.5445, GNorm = 0.9800, lr_0 = 7.6914e-04
Loss = 2.3508e-02, PNorm = 58.5604, GNorm = 0.2989, lr_0 = 7.6943e-04
Loss = 2.6733e-02, PNorm = 58.5766, GNorm = 0.5638, lr_0 = 7.6971e-04
Loss = 1.8212e-02, PNorm = 58.5911, GNorm = 0.5481, lr_0 = 7.7000e-04
Loss = 1.7854e-02, PNorm = 58.5993, GNorm = 0.5490, lr_0 = 7.7029e-04
Loss = 1.8720e-02, PNorm = 58.6143, GNorm = 0.3881, lr_0 = 7.7058e-04
Loss = 2.8133e-02, PNorm = 58.6322, GNorm = 0.6927, lr_0 = 7.7086e-04
Loss = 2.4955e-02, PNorm = 58.6535, GNorm = 0.5955, lr_0 = 7.7115e-04
Loss = 2.2767e-02, PNorm = 58.6684, GNorm = 1.1341, lr_0 = 7.7144e-04
Loss = 2.0711e-02, PNorm = 58.6841, GNorm = 0.1847, lr_0 = 7.7172e-04
Loss = 2.2301e-02, PNorm = 58.6996, GNorm = 0.7845, lr_0 = 7.7201e-04
Loss = 2.2217e-02, PNorm = 58.7106, GNorm = 0.3202, lr_0 = 7.7230e-04
Loss = 2.6774e-02, PNorm = 58.7253, GNorm = 0.5428, lr_0 = 7.7259e-04
Loss = 2.6868e-02, PNorm = 58.7419, GNorm = 0.2807, lr_0 = 7.7287e-04
Loss = 3.0286e-02, PNorm = 58.7562, GNorm = 1.1474, lr_0 = 7.7316e-04
Loss = 2.9561e-02, PNorm = 58.7692, GNorm = 0.4356, lr_0 = 7.7345e-04
Loss = 2.3862e-02, PNorm = 58.7885, GNorm = 0.7889, lr_0 = 7.7374e-04
Loss = 2.4564e-02, PNorm = 58.8068, GNorm = 0.3487, lr_0 = 7.7402e-04
Loss = 2.3108e-02, PNorm = 58.8209, GNorm = 1.1094, lr_0 = 7.7431e-04
Loss = 1.8582e-02, PNorm = 58.8364, GNorm = 0.6178, lr_0 = 7.7460e-04
Loss = 2.7051e-02, PNorm = 58.8487, GNorm = 0.1996, lr_0 = 7.7489e-04
Loss = 2.7170e-02, PNorm = 58.8675, GNorm = 0.9958, lr_0 = 7.7517e-04
Loss = 2.7746e-02, PNorm = 58.8856, GNorm = 0.5112, lr_0 = 7.7546e-04
Loss = 2.6227e-02, PNorm = 58.9032, GNorm = 0.6119, lr_0 = 7.7575e-04
Loss = 2.2487e-02, PNorm = 58.9250, GNorm = 0.7582, lr_0 = 7.7603e-04
Loss = 2.5854e-02, PNorm = 58.9414, GNorm = 0.8567, lr_0 = 7.7632e-04
Loss = 2.1449e-02, PNorm = 58.9554, GNorm = 0.7123, lr_0 = 7.7661e-04
Loss = 2.1182e-02, PNorm = 58.9685, GNorm = 0.2537, lr_0 = 7.7690e-04
Loss = 2.7905e-02, PNorm = 58.9816, GNorm = 0.4958, lr_0 = 7.7718e-04
Loss = 2.2302e-02, PNorm = 58.9979, GNorm = 0.2860, lr_0 = 7.7747e-04
Loss = 2.1372e-02, PNorm = 59.0138, GNorm = 0.2827, lr_0 = 7.7776e-04
Loss = 1.9722e-02, PNorm = 59.0287, GNorm = 0.2498, lr_0 = 7.7805e-04
Loss = 1.6777e-02, PNorm = 59.0392, GNorm = 0.3487, lr_0 = 7.7833e-04
Loss = 2.0476e-02, PNorm = 59.0524, GNorm = 0.3644, lr_0 = 7.7862e-04
Loss = 1.9822e-02, PNorm = 59.0610, GNorm = 0.4212, lr_0 = 7.7891e-04
Loss = 2.1288e-02, PNorm = 59.0746, GNorm = 0.2771, lr_0 = 7.7919e-04
Loss = 1.5080e-02, PNorm = 59.0844, GNorm = 0.5522, lr_0 = 7.7948e-04
Loss = 1.7282e-02, PNorm = 59.0938, GNorm = 0.1609, lr_0 = 7.7977e-04
Loss = 2.1809e-02, PNorm = 59.1041, GNorm = 0.3035, lr_0 = 7.8006e-04
Loss = 2.4461e-02, PNorm = 59.1156, GNorm = 0.5435, lr_0 = 7.8034e-04
Loss = 2.1346e-02, PNorm = 59.1292, GNorm = 0.6447, lr_0 = 7.8063e-04
Loss = 2.3949e-02, PNorm = 59.1393, GNorm = 0.5601, lr_0 = 7.8092e-04
Loss = 1.8215e-02, PNorm = 59.1528, GNorm = 0.8211, lr_0 = 7.8121e-04
Loss = 2.1725e-02, PNorm = 59.1649, GNorm = 0.5503, lr_0 = 7.8149e-04
Loss = 2.1866e-02, PNorm = 59.1791, GNorm = 0.3161, lr_0 = 7.8178e-04
Loss = 1.9776e-02, PNorm = 59.1879, GNorm = 0.2278, lr_0 = 7.8207e-04
Loss = 1.4995e-02, PNorm = 59.1942, GNorm = 0.2354, lr_0 = 7.8235e-04
Loss = 1.7309e-02, PNorm = 59.2080, GNorm = 0.6108, lr_0 = 7.8264e-04
Loss = 1.9726e-02, PNorm = 59.2219, GNorm = 0.4948, lr_0 = 7.8293e-04
Loss = 2.6090e-02, PNorm = 59.2307, GNorm = 0.5437, lr_0 = 7.8322e-04
Loss = 2.1526e-02, PNorm = 59.2430, GNorm = 0.7222, lr_0 = 7.8350e-04
Loss = 2.1017e-02, PNorm = 59.2560, GNorm = 0.3964, lr_0 = 7.8379e-04
Loss = 1.5188e-02, PNorm = 59.2719, GNorm = 0.8138, lr_0 = 7.8408e-04
Loss = 2.2153e-02, PNorm = 59.2801, GNorm = 0.5651, lr_0 = 7.8437e-04
Loss = 1.8290e-02, PNorm = 59.2917, GNorm = 0.2551, lr_0 = 7.8465e-04
Loss = 1.9715e-02, PNorm = 59.3009, GNorm = 0.7190, lr_0 = 7.8494e-04
Loss = 1.8481e-02, PNorm = 59.3129, GNorm = 0.2827, lr_0 = 7.8523e-04
Loss = 1.8217e-02, PNorm = 59.3276, GNorm = 0.4019, lr_0 = 7.8551e-04
Loss = 1.6282e-02, PNorm = 59.3426, GNorm = 0.5164, lr_0 = 7.8580e-04
Loss = 2.0727e-02, PNorm = 59.3604, GNorm = 0.2638, lr_0 = 7.8609e-04
Loss = 1.9816e-02, PNorm = 59.3728, GNorm = 0.3071, lr_0 = 7.8638e-04
Loss = 1.8027e-02, PNorm = 59.3803, GNorm = 0.2753, lr_0 = 7.8666e-04
Loss = 1.8930e-02, PNorm = 59.3915, GNorm = 0.3842, lr_0 = 7.8695e-04
Loss = 1.8004e-02, PNorm = 59.4048, GNorm = 0.2477, lr_0 = 7.8724e-04
Loss = 2.0097e-02, PNorm = 59.4142, GNorm = 0.8378, lr_0 = 7.8753e-04
Loss = 1.9403e-02, PNorm = 59.4261, GNorm = 0.6148, lr_0 = 7.8781e-04
Loss = 2.3731e-02, PNorm = 59.4430, GNorm = 0.6124, lr_0 = 7.8810e-04
Loss = 1.6952e-02, PNorm = 59.4560, GNorm = 0.3734, lr_0 = 7.8839e-04
Loss = 2.2850e-02, PNorm = 59.4672, GNorm = 0.1893, lr_0 = 7.8867e-04
Loss = 2.2693e-02, PNorm = 59.4786, GNorm = 0.3911, lr_0 = 7.8896e-04
Loss = 2.1288e-02, PNorm = 59.4919, GNorm = 0.4316, lr_0 = 7.8925e-04
Loss = 1.8652e-02, PNorm = 59.5073, GNorm = 0.3008, lr_0 = 7.8954e-04
Loss = 2.4340e-02, PNorm = 59.5207, GNorm = 0.2161, lr_0 = 7.8982e-04
Loss = 2.3651e-02, PNorm = 59.5314, GNorm = 0.3587, lr_0 = 7.9011e-04
Loss = 1.7723e-02, PNorm = 59.5442, GNorm = 0.6312, lr_0 = 7.9040e-04
Loss = 1.9045e-02, PNorm = 59.5583, GNorm = 0.4589, lr_0 = 7.9069e-04
Loss = 2.2484e-02, PNorm = 59.5693, GNorm = 0.4178, lr_0 = 7.9097e-04
Loss = 2.5634e-02, PNorm = 59.5867, GNorm = 0.2368, lr_0 = 7.9126e-04
Loss = 2.0487e-02, PNorm = 59.5977, GNorm = 0.3872, lr_0 = 7.9155e-04
Loss = 1.8478e-02, PNorm = 59.6094, GNorm = 0.4768, lr_0 = 7.9183e-04
Loss = 1.9817e-02, PNorm = 59.6212, GNorm = 0.2887, lr_0 = 7.9212e-04
Loss = 2.1022e-02, PNorm = 59.6348, GNorm = 0.2005, lr_0 = 7.9241e-04
Loss = 1.7697e-02, PNorm = 59.6510, GNorm = 0.4273, lr_0 = 7.9270e-04
Loss = 2.7197e-02, PNorm = 59.6631, GNorm = 0.5834, lr_0 = 7.9298e-04
Loss = 2.2743e-02, PNorm = 59.6743, GNorm = 0.9998, lr_0 = 7.9327e-04
Loss = 2.2461e-02, PNorm = 59.6918, GNorm = 0.3498, lr_0 = 7.9356e-04
Loss = 2.0091e-02, PNorm = 59.7053, GNorm = 0.2256, lr_0 = 7.9385e-04
Loss = 1.7747e-02, PNorm = 59.7159, GNorm = 0.2606, lr_0 = 7.9413e-04
Loss = 2.4881e-02, PNorm = 59.7302, GNorm = 0.2073, lr_0 = 7.9442e-04
Loss = 2.3539e-02, PNorm = 59.7494, GNorm = 0.3443, lr_0 = 7.9471e-04
Loss = 2.1486e-02, PNorm = 59.7590, GNorm = 0.7837, lr_0 = 7.9499e-04
Loss = 2.3894e-02, PNorm = 59.7790, GNorm = 0.9603, lr_0 = 7.9528e-04
Loss = 2.3659e-02, PNorm = 59.8005, GNorm = 0.6663, lr_0 = 7.9557e-04
Loss = 2.1181e-02, PNorm = 59.8168, GNorm = 0.4997, lr_0 = 7.9586e-04
Loss = 2.4998e-02, PNorm = 59.8391, GNorm = 1.0947, lr_0 = 7.9614e-04
Loss = 2.4289e-02, PNorm = 59.8588, GNorm = 0.4609, lr_0 = 7.9643e-04
Loss = 1.6184e-02, PNorm = 59.8783, GNorm = 0.3268, lr_0 = 7.9672e-04
Loss = 2.6909e-02, PNorm = 59.8908, GNorm = 0.5926, lr_0 = 7.9701e-04
Loss = 2.5008e-02, PNorm = 59.9021, GNorm = 0.4802, lr_0 = 7.9729e-04
Loss = 2.0880e-02, PNorm = 59.9181, GNorm = 0.6944, lr_0 = 7.9758e-04
Loss = 2.1422e-02, PNorm = 59.9263, GNorm = 0.3494, lr_0 = 7.9787e-04
Loss = 2.6507e-02, PNorm = 59.9470, GNorm = 0.3806, lr_0 = 7.9816e-04
Loss = 1.9215e-02, PNorm = 59.9663, GNorm = 0.2445, lr_0 = 7.9844e-04
Loss = 2.3271e-02, PNorm = 59.9822, GNorm = 0.7368, lr_0 = 7.9873e-04
Loss = 2.3287e-02, PNorm = 60.0021, GNorm = 0.6687, lr_0 = 7.9902e-04
Loss = 1.8853e-02, PNorm = 60.0112, GNorm = 0.4222, lr_0 = 7.9930e-04
Loss = 1.9973e-02, PNorm = 60.0205, GNorm = 0.6423, lr_0 = 7.9959e-04
Loss = 2.3901e-02, PNorm = 60.0400, GNorm = 0.9700, lr_0 = 7.9988e-04
Loss = 2.2299e-02, PNorm = 60.0599, GNorm = 0.5800, lr_0 = 8.0017e-04
Loss = 3.2114e-02, PNorm = 60.0757, GNorm = 0.5458, lr_0 = 8.0045e-04
Loss = 2.4285e-02, PNorm = 60.0999, GNorm = 0.2784, lr_0 = 8.0074e-04
Loss = 2.4132e-02, PNorm = 60.1190, GNorm = 0.3341, lr_0 = 8.0103e-04
Loss = 2.3912e-02, PNorm = 60.1349, GNorm = 0.2770, lr_0 = 8.0132e-04
Loss = 1.9824e-02, PNorm = 60.1534, GNorm = 0.4332, lr_0 = 8.0160e-04
Loss = 2.3721e-02, PNorm = 60.1655, GNorm = 0.5748, lr_0 = 8.0189e-04
Loss = 2.1801e-02, PNorm = 60.1823, GNorm = 0.2340, lr_0 = 8.0218e-04
Loss = 2.3897e-02, PNorm = 60.1995, GNorm = 0.4665, lr_0 = 8.0246e-04
Loss = 1.9475e-02, PNorm = 60.2140, GNorm = 0.5109, lr_0 = 8.0275e-04
Loss = 2.0706e-02, PNorm = 60.2283, GNorm = 0.2317, lr_0 = 8.0304e-04
Loss = 2.0134e-02, PNorm = 60.2396, GNorm = 0.3060, lr_0 = 8.0333e-04
Loss = 2.0262e-02, PNorm = 60.2596, GNorm = 0.4488, lr_0 = 8.0361e-04
Loss = 1.9480e-02, PNorm = 60.2757, GNorm = 0.4920, lr_0 = 8.0390e-04
Loss = 2.0800e-02, PNorm = 60.2901, GNorm = 0.8479, lr_0 = 8.0419e-04
Loss = 2.1453e-02, PNorm = 60.3048, GNorm = 0.4116, lr_0 = 8.0448e-04
Loss = 2.1938e-02, PNorm = 60.3184, GNorm = 0.3771, lr_0 = 8.0476e-04
Loss = 2.3195e-02, PNorm = 60.3336, GNorm = 0.2643, lr_0 = 8.0505e-04
Loss = 1.9349e-02, PNorm = 60.3495, GNorm = 0.3393, lr_0 = 8.0534e-04
Loss = 1.9940e-02, PNorm = 60.3635, GNorm = 0.4075, lr_0 = 8.0562e-04
Loss = 1.9214e-02, PNorm = 60.3755, GNorm = 0.2434, lr_0 = 8.0591e-04
Loss = 1.8324e-02, PNorm = 60.3875, GNorm = 0.3125, lr_0 = 8.0620e-04
Loss = 1.5431e-02, PNorm = 60.3961, GNorm = 0.2296, lr_0 = 8.0649e-04
Loss = 1.9180e-02, PNorm = 60.4083, GNorm = 0.2704, lr_0 = 8.0677e-04
Loss = 1.6931e-02, PNorm = 60.4203, GNorm = 0.2677, lr_0 = 8.0706e-04
Loss = 2.0783e-02, PNorm = 60.4308, GNorm = 0.4963, lr_0 = 8.0735e-04
Loss = 2.1756e-02, PNorm = 60.4433, GNorm = 0.8095, lr_0 = 8.0764e-04
Loss = 1.7923e-02, PNorm = 60.4558, GNorm = 0.2305, lr_0 = 8.0792e-04
Loss = 1.8811e-02, PNorm = 60.4691, GNorm = 0.5240, lr_0 = 8.0821e-04
Loss = 1.5284e-02, PNorm = 60.4824, GNorm = 0.5273, lr_0 = 8.0850e-04
Loss = 1.6701e-02, PNorm = 60.4921, GNorm = 0.2740, lr_0 = 8.0878e-04
Loss = 1.7965e-02, PNorm = 60.5016, GNorm = 0.8978, lr_0 = 8.0907e-04
Loss = 1.8778e-02, PNorm = 60.5142, GNorm = 0.2681, lr_0 = 8.0936e-04
Loss = 1.9068e-02, PNorm = 60.5259, GNorm = 0.4433, lr_0 = 8.0965e-04
Loss = 2.0773e-02, PNorm = 60.5413, GNorm = 0.3824, lr_0 = 8.0993e-04
Loss = 2.5812e-02, PNorm = 60.5582, GNorm = 0.6131, lr_0 = 8.1022e-04
Loss = 2.4497e-02, PNorm = 60.5737, GNorm = 0.5773, lr_0 = 8.1051e-04
Loss = 2.1570e-02, PNorm = 60.5909, GNorm = 0.2573, lr_0 = 8.1080e-04
Loss = 1.7998e-02, PNorm = 60.6092, GNorm = 0.4190, lr_0 = 8.1108e-04
Loss = 1.7590e-02, PNorm = 60.6222, GNorm = 0.2991, lr_0 = 8.1137e-04
Loss = 2.1343e-02, PNorm = 60.6352, GNorm = 0.8042, lr_0 = 8.1166e-04
Loss = 1.7167e-02, PNorm = 60.6477, GNorm = 0.1638, lr_0 = 8.1194e-04
Loss = 2.5046e-02, PNorm = 60.6598, GNorm = 0.4967, lr_0 = 8.1223e-04
Loss = 1.8277e-02, PNorm = 60.6751, GNorm = 0.2182, lr_0 = 8.1252e-04
Loss = 2.2708e-02, PNorm = 60.6920, GNorm = 0.4843, lr_0 = 8.1281e-04
Loss = 2.1934e-02, PNorm = 60.7079, GNorm = 0.2118, lr_0 = 8.1309e-04
Loss = 2.2072e-02, PNorm = 60.7222, GNorm = 0.2770, lr_0 = 8.1338e-04
Loss = 1.8040e-02, PNorm = 60.7361, GNorm = 0.2272, lr_0 = 8.1367e-04
Loss = 2.1494e-02, PNorm = 60.7472, GNorm = 0.3202, lr_0 = 8.1396e-04
Loss = 2.5585e-02, PNorm = 60.7601, GNorm = 0.6232, lr_0 = 8.1424e-04
Loss = 2.4454e-02, PNorm = 60.7789, GNorm = 0.3719, lr_0 = 8.1453e-04
Loss = 2.5242e-02, PNorm = 60.7977, GNorm = 0.3551, lr_0 = 8.1482e-04
Loss = 2.8165e-02, PNorm = 60.8164, GNorm = 0.2155, lr_0 = 8.1510e-04
Loss = 2.0236e-02, PNorm = 60.8365, GNorm = 0.7081, lr_0 = 8.1539e-04
Loss = 2.2788e-02, PNorm = 60.8552, GNorm = 0.4197, lr_0 = 8.1568e-04
Loss = 2.2656e-02, PNorm = 60.8749, GNorm = 0.7230, lr_0 = 8.1597e-04
Loss = 1.8751e-02, PNorm = 60.8905, GNorm = 0.5199, lr_0 = 8.1625e-04
Loss = 2.3450e-02, PNorm = 60.9073, GNorm = 0.3124, lr_0 = 8.1654e-04
Loss = 2.3018e-02, PNorm = 60.9283, GNorm = 1.1043, lr_0 = 8.1683e-04
Loss = 2.0037e-02, PNorm = 60.9438, GNorm = 0.1874, lr_0 = 8.1712e-04
Loss = 1.7332e-02, PNorm = 60.9592, GNorm = 0.2186, lr_0 = 8.1740e-04
Loss = 2.2709e-02, PNorm = 60.9727, GNorm = 0.3800, lr_0 = 8.1769e-04
Loss = 1.9784e-02, PNorm = 60.9911, GNorm = 0.5462, lr_0 = 8.1798e-04
Loss = 2.5074e-02, PNorm = 61.0018, GNorm = 0.3380, lr_0 = 8.1826e-04
Loss = 2.3610e-02, PNorm = 61.0158, GNorm = 0.6248, lr_0 = 8.1855e-04
Loss = 1.9263e-02, PNorm = 61.0304, GNorm = 0.3839, lr_0 = 8.1884e-04
Loss = 2.0981e-02, PNorm = 61.0479, GNorm = 0.3213, lr_0 = 8.1913e-04
Loss = 1.7712e-02, PNorm = 61.0640, GNorm = 0.3767, lr_0 = 8.1941e-04
Loss = 1.9988e-02, PNorm = 61.0830, GNorm = 0.3699, lr_0 = 8.1970e-04
Loss = 2.2224e-02, PNorm = 61.0918, GNorm = 0.5060, lr_0 = 8.1999e-04
Loss = 2.6864e-02, PNorm = 61.1102, GNorm = 0.9850, lr_0 = 8.2028e-04
Loss = 2.3939e-02, PNorm = 61.1282, GNorm = 0.7478, lr_0 = 8.2056e-04
Loss = 1.9781e-02, PNorm = 61.1487, GNorm = 0.4537, lr_0 = 8.2085e-04
Loss = 1.7807e-02, PNorm = 61.1629, GNorm = 0.9120, lr_0 = 8.2114e-04
Loss = 1.5987e-02, PNorm = 61.1740, GNorm = 0.3564, lr_0 = 8.2142e-04
Loss = 1.8632e-02, PNorm = 61.1847, GNorm = 0.3481, lr_0 = 8.2171e-04
Loss = 2.1197e-02, PNorm = 61.1970, GNorm = 0.6854, lr_0 = 8.2200e-04
Loss = 1.7847e-02, PNorm = 61.2032, GNorm = 0.2903, lr_0 = 8.2229e-04
Loss = 2.0284e-02, PNorm = 61.2177, GNorm = 0.4113, lr_0 = 8.2257e-04
Loss = 1.7400e-02, PNorm = 61.2335, GNorm = 0.4754, lr_0 = 8.2286e-04
Loss = 1.7565e-02, PNorm = 61.2491, GNorm = 0.3630, lr_0 = 8.2315e-04
Loss = 1.5804e-02, PNorm = 61.2600, GNorm = 0.2733, lr_0 = 8.2344e-04
Loss = 1.8067e-02, PNorm = 61.2742, GNorm = 0.2408, lr_0 = 8.2372e-04
Loss = 1.9302e-02, PNorm = 61.2951, GNorm = 0.5536, lr_0 = 8.2401e-04
Loss = 1.9317e-02, PNorm = 61.3132, GNorm = 0.2413, lr_0 = 8.2430e-04
Loss = 2.2054e-02, PNorm = 61.3305, GNorm = 0.1856, lr_0 = 8.2459e-04
Loss = 2.3564e-02, PNorm = 61.3422, GNorm = 0.3716, lr_0 = 8.2487e-04
Loss = 1.8903e-02, PNorm = 61.3536, GNorm = 0.2268, lr_0 = 8.2516e-04
Loss = 2.1605e-02, PNorm = 61.3599, GNorm = 0.1882, lr_0 = 8.2545e-04
Loss = 1.8089e-02, PNorm = 61.3748, GNorm = 0.5614, lr_0 = 8.2573e-04
Loss = 2.1225e-02, PNorm = 61.3869, GNorm = 0.4477, lr_0 = 8.2602e-04
Loss = 2.0568e-02, PNorm = 61.4061, GNorm = 0.3985, lr_0 = 8.2631e-04
Loss = 1.8622e-02, PNorm = 61.4208, GNorm = 0.3896, lr_0 = 8.2660e-04
Loss = 2.0054e-02, PNorm = 61.4322, GNorm = 0.2185, lr_0 = 8.2688e-04
Loss = 2.0697e-02, PNorm = 61.4414, GNorm = 0.6413, lr_0 = 8.2717e-04
Loss = 2.3452e-02, PNorm = 61.4567, GNorm = 0.2846, lr_0 = 8.2746e-04
Loss = 2.0617e-02, PNorm = 61.4784, GNorm = 0.3230, lr_0 = 8.2775e-04
Loss = 2.2657e-02, PNorm = 61.4910, GNorm = 0.7943, lr_0 = 8.2803e-04
Loss = 2.1780e-02, PNorm = 61.5072, GNorm = 0.2604, lr_0 = 8.2832e-04
Loss = 1.9603e-02, PNorm = 61.5193, GNorm = 0.2455, lr_0 = 8.2861e-04
Loss = 1.7950e-02, PNorm = 61.5336, GNorm = 0.2541, lr_0 = 8.2889e-04
Loss = 1.9061e-02, PNorm = 61.5478, GNorm = 0.2049, lr_0 = 8.2918e-04
Loss = 2.4128e-02, PNorm = 61.5601, GNorm = 0.2348, lr_0 = 8.2947e-04
Loss = 1.7880e-02, PNorm = 61.5720, GNorm = 0.5250, lr_0 = 8.2976e-04
Loss = 1.7145e-02, PNorm = 61.5780, GNorm = 0.3633, lr_0 = 8.3004e-04
Loss = 1.8249e-02, PNorm = 61.5870, GNorm = 0.2724, lr_0 = 8.3033e-04
Loss = 1.6684e-02, PNorm = 61.6004, GNorm = 0.5195, lr_0 = 8.3062e-04
Loss = 1.6139e-02, PNorm = 61.6119, GNorm = 0.3436, lr_0 = 8.3091e-04
Loss = 1.7308e-02, PNorm = 61.6211, GNorm = 0.3624, lr_0 = 8.3119e-04
Loss = 1.9981e-02, PNorm = 61.6372, GNorm = 0.2751, lr_0 = 8.3148e-04
Loss = 2.1261e-02, PNorm = 61.6485, GNorm = 0.4719, lr_0 = 8.3177e-04
Loss = 2.6284e-02, PNorm = 61.6599, GNorm = 0.7060, lr_0 = 8.3205e-04
Loss = 2.0244e-02, PNorm = 61.6758, GNorm = 0.3047, lr_0 = 8.3234e-04
Loss = 1.7669e-02, PNorm = 61.6912, GNorm = 0.3552, lr_0 = 8.3263e-04
Loss = 2.0921e-02, PNorm = 61.7100, GNorm = 0.2323, lr_0 = 8.3292e-04
Loss = 2.5873e-02, PNorm = 61.7255, GNorm = 0.5604, lr_0 = 8.3320e-04
Loss = 2.0348e-02, PNorm = 61.7457, GNorm = 0.3537, lr_0 = 8.3349e-04
Loss = 1.5501e-02, PNorm = 61.7602, GNorm = 0.1349, lr_0 = 8.3378e-04
Loss = 1.7783e-02, PNorm = 61.7719, GNorm = 0.4578, lr_0 = 8.3407e-04
Loss = 1.9597e-02, PNorm = 61.7836, GNorm = 0.3777, lr_0 = 8.3435e-04
Loss = 1.7151e-02, PNorm = 61.7952, GNorm = 0.5811, lr_0 = 8.3464e-04
Loss = 2.3796e-02, PNorm = 61.8050, GNorm = 0.7929, lr_0 = 8.3493e-04
Loss = 2.5643e-02, PNorm = 61.8181, GNorm = 0.8025, lr_0 = 8.3521e-04
Loss = 2.8330e-02, PNorm = 61.8440, GNorm = 1.1771, lr_0 = 8.3550e-04
Loss = 2.5299e-02, PNorm = 61.8736, GNorm = 0.8352, lr_0 = 8.3579e-04
Loss = 2.3887e-02, PNorm = 61.8915, GNorm = 0.6747, lr_0 = 8.3608e-04
Loss = 2.2431e-02, PNorm = 61.9125, GNorm = 0.8209, lr_0 = 8.3636e-04
Loss = 1.9273e-02, PNorm = 61.9284, GNorm = 0.4510, lr_0 = 8.3665e-04
Loss = 2.0289e-02, PNorm = 61.9464, GNorm = 0.3581, lr_0 = 8.3694e-04
Loss = 2.6721e-02, PNorm = 61.9626, GNorm = 0.5338, lr_0 = 8.3723e-04
Loss = 2.1571e-02, PNorm = 61.9823, GNorm = 0.4716, lr_0 = 8.3751e-04
Loss = 2.4166e-02, PNorm = 62.0031, GNorm = 0.6289, lr_0 = 8.3780e-04
Loss = 1.9283e-02, PNorm = 62.0180, GNorm = 0.2278, lr_0 = 8.3809e-04
Loss = 1.6293e-02, PNorm = 62.0265, GNorm = 0.3248, lr_0 = 8.3837e-04
Loss = 1.8252e-02, PNorm = 62.0395, GNorm = 0.3601, lr_0 = 8.3866e-04
Loss = 2.8071e-02, PNorm = 62.0509, GNorm = 1.3669, lr_0 = 8.3895e-04
Loss = 2.0384e-02, PNorm = 62.0692, GNorm = 0.6045, lr_0 = 8.3924e-04
Loss = 2.0953e-02, PNorm = 62.0905, GNorm = 0.3965, lr_0 = 8.3952e-04
Loss = 2.8533e-02, PNorm = 62.1041, GNorm = 0.5681, lr_0 = 8.3981e-04
Loss = 1.9040e-02, PNorm = 62.1183, GNorm = 0.1968, lr_0 = 8.4010e-04
Loss = 1.9589e-02, PNorm = 62.1320, GNorm = 0.4614, lr_0 = 8.4039e-04
Loss = 1.6075e-02, PNorm = 62.1446, GNorm = 0.1993, lr_0 = 8.4067e-04
Loss = 2.0086e-02, PNorm = 62.1592, GNorm = 0.2497, lr_0 = 8.4096e-04
Loss = 1.7830e-02, PNorm = 62.1737, GNorm = 0.2458, lr_0 = 8.4125e-04
Loss = 2.1093e-02, PNorm = 62.1884, GNorm = 0.2608, lr_0 = 8.4153e-04
Loss = 1.7844e-02, PNorm = 62.2028, GNorm = 0.6489, lr_0 = 8.4182e-04
Loss = 2.0231e-02, PNorm = 62.2133, GNorm = 0.3350, lr_0 = 8.4211e-04
Loss = 2.3846e-02, PNorm = 62.2285, GNorm = 0.6958, lr_0 = 8.4240e-04
Loss = 2.0535e-02, PNorm = 62.2484, GNorm = 0.6059, lr_0 = 8.4268e-04
Loss = 2.2425e-02, PNorm = 62.2636, GNorm = 0.3101, lr_0 = 8.4297e-04
Loss = 2.3330e-02, PNorm = 62.2777, GNorm = 0.7098, lr_0 = 8.4326e-04
Loss = 2.3020e-02, PNorm = 62.2959, GNorm = 0.3245, lr_0 = 8.4355e-04
Loss = 2.7024e-02, PNorm = 62.3192, GNorm = 0.4157, lr_0 = 8.4383e-04
Loss = 1.7963e-02, PNorm = 62.3349, GNorm = 0.2770, lr_0 = 8.4412e-04
Loss = 2.2270e-02, PNorm = 62.3474, GNorm = 0.2476, lr_0 = 8.4441e-04
Loss = 2.2628e-02, PNorm = 62.3654, GNorm = 0.9650, lr_0 = 8.4469e-04
Loss = 2.3050e-02, PNorm = 62.3798, GNorm = 0.2933, lr_0 = 8.4498e-04
Loss = 2.0748e-02, PNorm = 62.3979, GNorm = 0.2523, lr_0 = 8.4527e-04
Loss = 2.5567e-02, PNorm = 62.4160, GNorm = 0.4886, lr_0 = 8.4556e-04
Loss = 2.2297e-02, PNorm = 62.4346, GNorm = 0.1363, lr_0 = 8.4584e-04
Loss = 1.8064e-02, PNorm = 62.4518, GNorm = 0.5960, lr_0 = 8.4613e-04
Loss = 1.6785e-02, PNorm = 62.4644, GNorm = 0.3515, lr_0 = 8.4642e-04
Loss = 1.9217e-02, PNorm = 62.4740, GNorm = 0.4508, lr_0 = 8.4671e-04
Loss = 1.6955e-02, PNorm = 62.4825, GNorm = 0.3425, lr_0 = 8.4699e-04
Loss = 2.0621e-02, PNorm = 62.4889, GNorm = 0.4920, lr_0 = 8.4728e-04
Loss = 1.7419e-02, PNorm = 62.5054, GNorm = 0.3170, lr_0 = 8.4757e-04
Loss = 2.3251e-02, PNorm = 62.5172, GNorm = 0.6869, lr_0 = 8.4785e-04
Loss = 1.8358e-02, PNorm = 62.5380, GNorm = 0.2568, lr_0 = 8.4814e-04
Loss = 2.1975e-02, PNorm = 62.5497, GNorm = 0.5743, lr_0 = 8.4843e-04
Loss = 1.8611e-02, PNorm = 62.5668, GNorm = 0.6351, lr_0 = 8.4872e-04
Loss = 1.9802e-02, PNorm = 62.5824, GNorm = 0.4427, lr_0 = 8.4900e-04
Loss = 2.0495e-02, PNorm = 62.5932, GNorm = 0.3578, lr_0 = 8.4929e-04
Loss = 2.2480e-02, PNorm = 62.6113, GNorm = 0.3372, lr_0 = 8.4958e-04
Loss = 1.9753e-02, PNorm = 62.6277, GNorm = 0.4142, lr_0 = 8.4987e-04
Loss = 1.9896e-02, PNorm = 62.6446, GNorm = 0.2795, lr_0 = 8.5015e-04
Loss = 2.0474e-02, PNorm = 62.6588, GNorm = 0.2688, lr_0 = 8.5044e-04
Loss = 2.1674e-02, PNorm = 62.6727, GNorm = 0.1656, lr_0 = 8.5073e-04
Loss = 2.0303e-02, PNorm = 62.6874, GNorm = 0.2665, lr_0 = 8.5102e-04
Loss = 2.0488e-02, PNorm = 62.7037, GNorm = 0.2238, lr_0 = 8.5130e-04
Loss = 1.6078e-02, PNorm = 62.7231, GNorm = 0.1632, lr_0 = 8.5159e-04
Loss = 1.5180e-02, PNorm = 62.7371, GNorm = 0.5627, lr_0 = 8.5188e-04
Loss = 2.2355e-02, PNorm = 62.7512, GNorm = 0.5568, lr_0 = 8.5216e-04
Loss = 2.0254e-02, PNorm = 62.7692, GNorm = 0.4221, lr_0 = 8.5245e-04
Loss = 2.0998e-02, PNorm = 62.7814, GNorm = 0.6918, lr_0 = 8.5274e-04
Loss = 2.3379e-02, PNorm = 62.7954, GNorm = 0.5922, lr_0 = 8.5303e-04
Loss = 1.8605e-02, PNorm = 62.8134, GNorm = 0.4164, lr_0 = 8.5331e-04
Loss = 1.8562e-02, PNorm = 62.8246, GNorm = 0.3243, lr_0 = 8.5360e-04
Loss = 1.8993e-02, PNorm = 62.8408, GNorm = 0.3405, lr_0 = 8.5389e-04
Loss = 1.8708e-02, PNorm = 62.8630, GNorm = 0.2819, lr_0 = 8.5418e-04
Loss = 1.9058e-02, PNorm = 62.8802, GNorm = 0.6474, lr_0 = 8.5446e-04
Loss = 1.7299e-02, PNorm = 62.8978, GNorm = 0.3907, lr_0 = 8.5475e-04
Loss = 2.1285e-02, PNorm = 62.9148, GNorm = 0.1645, lr_0 = 8.5504e-04
Loss = 2.6514e-02, PNorm = 62.9272, GNorm = 0.6823, lr_0 = 8.5532e-04
Loss = 1.8823e-02, PNorm = 62.9464, GNorm = 0.2555, lr_0 = 8.5561e-04
Loss = 2.1723e-02, PNorm = 62.9639, GNorm = 0.2678, lr_0 = 8.5590e-04
Loss = 1.7507e-02, PNorm = 62.9733, GNorm = 0.5656, lr_0 = 8.5619e-04
Loss = 2.5935e-02, PNorm = 62.9845, GNorm = 0.6218, lr_0 = 8.5647e-04
Loss = 1.5631e-02, PNorm = 63.0048, GNorm = 0.2128, lr_0 = 8.5676e-04
Loss = 1.7597e-02, PNorm = 63.0193, GNorm = 0.6445, lr_0 = 8.5705e-04
Loss = 1.9908e-02, PNorm = 63.0337, GNorm = 0.5796, lr_0 = 8.5734e-04
Loss = 2.3137e-02, PNorm = 63.0492, GNorm = 0.2560, lr_0 = 8.5762e-04
Loss = 1.6790e-02, PNorm = 63.0604, GNorm = 0.2538, lr_0 = 8.5791e-04
Loss = 2.1436e-02, PNorm = 63.0766, GNorm = 0.2214, lr_0 = 8.5820e-04
Loss = 2.3229e-02, PNorm = 63.0901, GNorm = 0.4677, lr_0 = 8.5848e-04
Loss = 1.8742e-02, PNorm = 63.1059, GNorm = 0.1731, lr_0 = 8.5877e-04
Loss = 2.7820e-02, PNorm = 63.1219, GNorm = 0.7832, lr_0 = 8.5906e-04
Loss = 2.4739e-02, PNorm = 63.1396, GNorm = 1.0886, lr_0 = 8.5935e-04
Loss = 2.3778e-02, PNorm = 63.1655, GNorm = 0.6220, lr_0 = 8.5963e-04
Loss = 2.3096e-02, PNorm = 63.1901, GNorm = 1.0048, lr_0 = 8.5992e-04
Loss = 1.9892e-02, PNorm = 63.2105, GNorm = 0.6985, lr_0 = 8.6021e-04
Loss = 1.8811e-02, PNorm = 63.2240, GNorm = 0.3870, lr_0 = 8.6050e-04
Loss = 2.0759e-02, PNorm = 63.2386, GNorm = 0.2002, lr_0 = 8.6078e-04
Loss = 1.6844e-02, PNorm = 63.2516, GNorm = 0.4343, lr_0 = 8.6107e-04
Loss = 2.2121e-02, PNorm = 63.2700, GNorm = 0.5019, lr_0 = 8.6136e-04
Loss = 1.7534e-02, PNorm = 63.2837, GNorm = 0.4209, lr_0 = 8.6164e-04
Loss = 2.0020e-02, PNorm = 63.2963, GNorm = 0.1900, lr_0 = 8.6193e-04
Loss = 1.4608e-02, PNorm = 63.3104, GNorm = 0.1502, lr_0 = 8.6222e-04
Loss = 1.7662e-02, PNorm = 63.3264, GNorm = 0.5226, lr_0 = 8.6251e-04
Loss = 1.7836e-02, PNorm = 63.3357, GNorm = 0.3667, lr_0 = 8.6279e-04
Loss = 1.9857e-02, PNorm = 63.3507, GNorm = 0.8791, lr_0 = 8.6308e-04
Loss = 1.9440e-02, PNorm = 63.3668, GNorm = 0.3017, lr_0 = 8.6337e-04
Loss = 2.1545e-02, PNorm = 63.3743, GNorm = 0.9530, lr_0 = 8.6366e-04
Loss = 1.9693e-02, PNorm = 63.3897, GNorm = 0.3425, lr_0 = 8.6394e-04
Loss = 2.6780e-02, PNorm = 63.4076, GNorm = 0.2279, lr_0 = 8.6423e-04
Loss = 2.1481e-02, PNorm = 63.4275, GNorm = 0.3765, lr_0 = 8.6452e-04
Loss = 2.4254e-02, PNorm = 63.4484, GNorm = 0.4797, lr_0 = 8.6480e-04
Loss = 2.0270e-02, PNorm = 63.4683, GNorm = 0.2550, lr_0 = 8.6509e-04
Loss = 2.3904e-02, PNorm = 63.4822, GNorm = 0.3978, lr_0 = 8.6538e-04
Loss = 1.7474e-02, PNorm = 63.4981, GNorm = 0.1609, lr_0 = 8.6567e-04
Loss = 2.4781e-02, PNorm = 63.5115, GNorm = 0.4346, lr_0 = 8.6595e-04
Loss = 2.2455e-02, PNorm = 63.5296, GNorm = 0.6140, lr_0 = 8.6624e-04
Loss = 2.0657e-02, PNorm = 63.5450, GNorm = 0.6351, lr_0 = 8.6653e-04
Loss = 1.7468e-02, PNorm = 63.5634, GNorm = 0.2245, lr_0 = 8.6682e-04
Loss = 1.9661e-02, PNorm = 63.5829, GNorm = 0.4033, lr_0 = 8.6710e-04
Loss = 1.5611e-02, PNorm = 63.5990, GNorm = 0.3557, lr_0 = 8.6739e-04
Loss = 1.5326e-02, PNorm = 63.6106, GNorm = 0.2430, lr_0 = 8.6768e-04
Loss = 2.0077e-02, PNorm = 63.6197, GNorm = 0.3148, lr_0 = 8.6796e-04
Loss = 1.5866e-02, PNorm = 63.6353, GNorm = 0.4767, lr_0 = 8.6825e-04
Loss = 2.1422e-02, PNorm = 63.6490, GNorm = 0.4119, lr_0 = 8.6854e-04
Loss = 1.6149e-02, PNorm = 63.6608, GNorm = 0.5436, lr_0 = 8.6883e-04
Loss = 1.7597e-02, PNorm = 63.6713, GNorm = 0.1560, lr_0 = 8.6911e-04
Loss = 2.0956e-02, PNorm = 63.6861, GNorm = 0.4378, lr_0 = 8.6940e-04
Loss = 2.2786e-02, PNorm = 63.6998, GNorm = 0.2836, lr_0 = 8.6969e-04
Loss = 1.8716e-02, PNorm = 63.7190, GNorm = 0.6358, lr_0 = 8.6998e-04
Loss = 1.8060e-02, PNorm = 63.7316, GNorm = 0.3106, lr_0 = 8.7026e-04
Loss = 2.3382e-02, PNorm = 63.7459, GNorm = 0.1901, lr_0 = 8.7055e-04
Loss = 2.5436e-02, PNorm = 63.7632, GNorm = 0.3804, lr_0 = 8.7084e-04
Loss = 2.2919e-02, PNorm = 63.7742, GNorm = 0.4781, lr_0 = 8.7112e-04
Loss = 2.0736e-02, PNorm = 63.7900, GNorm = 0.3804, lr_0 = 8.7141e-04
Loss = 1.9710e-02, PNorm = 63.8130, GNorm = 0.3205, lr_0 = 8.7170e-04
Loss = 2.2977e-02, PNorm = 63.8264, GNorm = 0.3195, lr_0 = 8.7199e-04
Loss = 1.7589e-02, PNorm = 63.8394, GNorm = 0.4920, lr_0 = 8.7227e-04
Loss = 1.6706e-02, PNorm = 63.8535, GNorm = 0.3672, lr_0 = 8.7256e-04
Loss = 2.0489e-02, PNorm = 63.8646, GNorm = 0.5524, lr_0 = 8.7285e-04
Loss = 1.7257e-02, PNorm = 63.8798, GNorm = 0.2848, lr_0 = 8.7314e-04
Loss = 1.9136e-02, PNorm = 63.8868, GNorm = 0.5200, lr_0 = 8.7342e-04
Loss = 1.9827e-02, PNorm = 63.9017, GNorm = 0.3066, lr_0 = 8.7371e-04
Loss = 1.8888e-02, PNorm = 63.9147, GNorm = 0.6405, lr_0 = 8.7400e-04
Loss = 2.1867e-02, PNorm = 63.9236, GNorm = 0.3074, lr_0 = 8.7428e-04
Loss = 1.9184e-02, PNorm = 63.9378, GNorm = 0.2803, lr_0 = 8.7457e-04
Loss = 2.0324e-02, PNorm = 63.9501, GNorm = 0.3182, lr_0 = 8.7486e-04
Loss = 2.1591e-02, PNorm = 63.9657, GNorm = 0.8350, lr_0 = 8.7515e-04
Loss = 1.8830e-02, PNorm = 63.9804, GNorm = 0.5039, lr_0 = 8.7543e-04
Loss = 1.8986e-02, PNorm = 63.9973, GNorm = 0.3917, lr_0 = 8.7572e-04
Loss = 2.1187e-02, PNorm = 64.0100, GNorm = 0.5708, lr_0 = 8.7601e-04
Loss = 1.7254e-02, PNorm = 64.0272, GNorm = 0.8209, lr_0 = 8.7630e-04
Loss = 2.1691e-02, PNorm = 64.0403, GNorm = 0.2218, lr_0 = 8.7658e-04
Loss = 2.2002e-02, PNorm = 64.0555, GNorm = 0.3883, lr_0 = 8.7687e-04
Loss = 2.0902e-02, PNorm = 64.0707, GNorm = 0.1698, lr_0 = 8.7716e-04
Loss = 1.6898e-02, PNorm = 64.0876, GNorm = 0.3890, lr_0 = 8.7745e-04
Loss = 1.9325e-02, PNorm = 64.0979, GNorm = 0.3524, lr_0 = 8.7773e-04
Loss = 1.8810e-02, PNorm = 64.1166, GNorm = 0.3152, lr_0 = 8.7802e-04
Loss = 1.8405e-02, PNorm = 64.1292, GNorm = 0.5389, lr_0 = 8.7831e-04
Loss = 1.6839e-02, PNorm = 64.1445, GNorm = 0.2842, lr_0 = 8.7859e-04
Loss = 2.5319e-02, PNorm = 64.1593, GNorm = 0.3487, lr_0 = 8.7888e-04
Loss = 2.3986e-02, PNorm = 64.1786, GNorm = 0.5154, lr_0 = 8.7917e-04
Loss = 1.8688e-02, PNorm = 64.2005, GNorm = 0.7220, lr_0 = 8.7946e-04
Loss = 1.6915e-02, PNorm = 64.2159, GNorm = 0.4022, lr_0 = 8.7974e-04
Loss = 1.8512e-02, PNorm = 64.2310, GNorm = 0.2570, lr_0 = 8.8003e-04
Loss = 2.6301e-02, PNorm = 64.2408, GNorm = 0.2852, lr_0 = 8.8032e-04
Loss = 1.6878e-02, PNorm = 64.2586, GNorm = 0.2468, lr_0 = 8.8061e-04
Loss = 2.2073e-02, PNorm = 64.2801, GNorm = 1.0108, lr_0 = 8.8089e-04
Loss = 1.7734e-02, PNorm = 64.2978, GNorm = 0.2495, lr_0 = 8.8118e-04
Loss = 1.9186e-02, PNorm = 64.3113, GNorm = 0.2098, lr_0 = 8.8147e-04
Loss = 2.1628e-02, PNorm = 64.3283, GNorm = 0.4857, lr_0 = 8.8175e-04
Loss = 2.1992e-02, PNorm = 64.3424, GNorm = 0.5416, lr_0 = 8.8204e-04
Loss = 1.6192e-02, PNorm = 64.3565, GNorm = 0.3216, lr_0 = 8.8233e-04
Loss = 2.1340e-02, PNorm = 64.3725, GNorm = 0.6378, lr_0 = 8.8262e-04
Loss = 1.8427e-02, PNorm = 64.3946, GNorm = 0.2063, lr_0 = 8.8290e-04
Loss = 1.7329e-02, PNorm = 64.4125, GNorm = 0.3456, lr_0 = 8.8319e-04
Loss = 1.4474e-02, PNorm = 64.4326, GNorm = 0.5646, lr_0 = 8.8348e-04
Loss = 1.5890e-02, PNorm = 64.4460, GNorm = 0.5767, lr_0 = 8.8377e-04
Loss = 1.6617e-02, PNorm = 64.4614, GNorm = 0.4095, lr_0 = 8.8405e-04
Loss = 2.6048e-02, PNorm = 64.4782, GNorm = 0.9195, lr_0 = 8.8434e-04
Loss = 1.9818e-02, PNorm = 64.4907, GNorm = 0.3796, lr_0 = 8.8463e-04
Loss = 1.6380e-02, PNorm = 64.5074, GNorm = 0.6898, lr_0 = 8.8491e-04
Loss = 2.1470e-02, PNorm = 64.5234, GNorm = 0.2361, lr_0 = 8.8520e-04
Loss = 2.3434e-02, PNorm = 64.5330, GNorm = 0.5770, lr_0 = 8.8549e-04
Loss = 2.0777e-02, PNorm = 64.5558, GNorm = 0.3053, lr_0 = 8.8578e-04
Loss = 2.1696e-02, PNorm = 64.5767, GNorm = 0.6222, lr_0 = 8.8606e-04
Loss = 2.4734e-02, PNorm = 64.5897, GNorm = 0.4516, lr_0 = 8.8635e-04
Loss = 2.1016e-02, PNorm = 64.6055, GNorm = 0.1878, lr_0 = 8.8664e-04
Loss = 1.9391e-02, PNorm = 64.6252, GNorm = 0.3037, lr_0 = 8.8693e-04
Loss = 1.8625e-02, PNorm = 64.6453, GNorm = 0.1992, lr_0 = 8.8721e-04
Loss = 1.8386e-02, PNorm = 64.6620, GNorm = 0.2202, lr_0 = 8.8750e-04
Loss = 2.0151e-02, PNorm = 64.6770, GNorm = 0.2718, lr_0 = 8.8779e-04
Loss = 2.3000e-02, PNorm = 64.6911, GNorm = 0.5247, lr_0 = 8.8807e-04
Loss = 2.1818e-02, PNorm = 64.7037, GNorm = 0.5847, lr_0 = 8.8836e-04
Loss = 2.0075e-02, PNorm = 64.7179, GNorm = 0.1041, lr_0 = 8.8865e-04
Loss = 2.0898e-02, PNorm = 64.7343, GNorm = 0.2983, lr_0 = 8.8894e-04
Loss = 2.2164e-02, PNorm = 64.7533, GNorm = 0.6418, lr_0 = 8.8922e-04
Loss = 2.3909e-02, PNorm = 64.7775, GNorm = 0.8281, lr_0 = 8.8951e-04
Loss = 1.9779e-02, PNorm = 64.7994, GNorm = 0.2490, lr_0 = 8.8980e-04
Loss = 2.0546e-02, PNorm = 64.8153, GNorm = 0.9405, lr_0 = 8.9009e-04
Loss = 2.2863e-02, PNorm = 64.8322, GNorm = 0.1384, lr_0 = 8.9037e-04
Loss = 1.9298e-02, PNorm = 64.8479, GNorm = 0.3224, lr_0 = 8.9066e-04
Loss = 2.4799e-02, PNorm = 64.8664, GNorm = 0.6524, lr_0 = 8.9095e-04
Loss = 2.4512e-02, PNorm = 64.8915, GNorm = 0.2336, lr_0 = 8.9123e-04
Loss = 2.2988e-02, PNorm = 64.9069, GNorm = 0.3160, lr_0 = 8.9152e-04
Loss = 1.9086e-02, PNorm = 64.9193, GNorm = 0.1954, lr_0 = 8.9181e-04
Loss = 1.9071e-02, PNorm = 64.9362, GNorm = 0.3387, lr_0 = 8.9210e-04
Loss = 2.2253e-02, PNorm = 64.9601, GNorm = 0.3591, lr_0 = 8.9238e-04
Loss = 2.1989e-02, PNorm = 64.9783, GNorm = 0.2597, lr_0 = 8.9267e-04
Loss = 2.2825e-02, PNorm = 64.9934, GNorm = 0.3012, lr_0 = 8.9296e-04
Loss = 2.1451e-02, PNorm = 65.0098, GNorm = 0.2762, lr_0 = 8.9325e-04
Loss = 2.3452e-02, PNorm = 65.0327, GNorm = 0.4072, lr_0 = 8.9353e-04
Loss = 2.4814e-02, PNorm = 65.0492, GNorm = 0.6271, lr_0 = 8.9382e-04
Loss = 1.6615e-02, PNorm = 65.0652, GNorm = 0.3205, lr_0 = 8.9411e-04
Loss = 1.4443e-02, PNorm = 65.0869, GNorm = 0.3234, lr_0 = 8.9439e-04
Loss = 2.2195e-02, PNorm = 65.0979, GNorm = 0.6665, lr_0 = 8.9468e-04
Loss = 2.2923e-02, PNorm = 65.1165, GNorm = 0.2170, lr_0 = 8.9497e-04
Loss = 1.8734e-02, PNorm = 65.1344, GNorm = 0.3377, lr_0 = 8.9526e-04
Loss = 2.4500e-02, PNorm = 65.1478, GNorm = 0.4973, lr_0 = 8.9554e-04
Loss = 2.6051e-02, PNorm = 65.1660, GNorm = 0.2287, lr_0 = 8.9583e-04
Loss = 2.1204e-02, PNorm = 65.1786, GNorm = 0.3469, lr_0 = 8.9612e-04
Loss = 2.5963e-02, PNorm = 65.1985, GNorm = 0.3878, lr_0 = 8.9641e-04
Loss = 2.3096e-02, PNorm = 65.2232, GNorm = 0.1997, lr_0 = 8.9669e-04
Loss = 1.5505e-02, PNorm = 65.2446, GNorm = 0.1423, lr_0 = 8.9698e-04
Loss = 2.1911e-02, PNorm = 65.2585, GNorm = 0.1854, lr_0 = 8.9727e-04
Loss = 2.1563e-02, PNorm = 65.2788, GNorm = 1.7543, lr_0 = 8.9755e-04
Loss = 2.6848e-02, PNorm = 65.3120, GNorm = 0.2203, lr_0 = 8.9784e-04
Loss = 2.1301e-02, PNorm = 65.3360, GNorm = 0.3968, lr_0 = 8.9813e-04
Loss = 1.9865e-02, PNorm = 65.3557, GNorm = 0.2704, lr_0 = 8.9842e-04
Loss = 2.0839e-02, PNorm = 65.3768, GNorm = 1.0657, lr_0 = 8.9870e-04
Loss = 1.9472e-02, PNorm = 65.3976, GNorm = 0.2537, lr_0 = 8.9899e-04
Loss = 2.2781e-02, PNorm = 65.4140, GNorm = 0.1671, lr_0 = 8.9928e-04
Loss = 2.2369e-02, PNorm = 65.4297, GNorm = 0.2070, lr_0 = 8.9957e-04
Loss = 1.9348e-02, PNorm = 65.4411, GNorm = 0.4413, lr_0 = 8.9985e-04
Loss = 1.5689e-02, PNorm = 65.4563, GNorm = 0.4655, lr_0 = 9.0014e-04
Loss = 2.1085e-02, PNorm = 65.4627, GNorm = 0.2198, lr_0 = 9.0043e-04
Loss = 2.3277e-02, PNorm = 65.4750, GNorm = 0.4272, lr_0 = 9.0072e-04
Loss = 2.1242e-02, PNorm = 65.4941, GNorm = 0.5995, lr_0 = 9.0100e-04
Loss = 2.1185e-02, PNorm = 65.5119, GNorm = 0.3078, lr_0 = 9.0129e-04
Loss = 1.7453e-02, PNorm = 65.5295, GNorm = 0.3451, lr_0 = 9.0158e-04
Loss = 1.7447e-02, PNorm = 65.5429, GNorm = 0.2688, lr_0 = 9.0186e-04
Loss = 2.3939e-02, PNorm = 65.5553, GNorm = 0.3302, lr_0 = 9.0215e-04
Loss = 2.0055e-02, PNorm = 65.5665, GNorm = 0.3406, lr_0 = 9.0244e-04
Loss = 1.7786e-02, PNorm = 65.5857, GNorm = 0.2221, lr_0 = 9.0273e-04
Loss = 2.1409e-02, PNorm = 65.6023, GNorm = 0.6426, lr_0 = 9.0301e-04
Loss = 2.0954e-02, PNorm = 65.6184, GNorm = 1.0363, lr_0 = 9.0330e-04
Loss = 1.6183e-02, PNorm = 65.6368, GNorm = 0.2128, lr_0 = 9.0359e-04
Loss = 2.0561e-02, PNorm = 65.6522, GNorm = 0.3543, lr_0 = 9.0388e-04
Loss = 2.2272e-02, PNorm = 65.6707, GNorm = 0.2572, lr_0 = 9.0416e-04
Loss = 2.1646e-02, PNorm = 65.6911, GNorm = 0.4766, lr_0 = 9.0445e-04
Loss = 1.7343e-02, PNorm = 65.7141, GNorm = 0.4860, lr_0 = 9.0474e-04
Loss = 1.5088e-02, PNorm = 65.7248, GNorm = 0.2599, lr_0 = 9.0502e-04
Loss = 1.8399e-02, PNorm = 65.7357, GNorm = 0.5735, lr_0 = 9.0531e-04
Loss = 1.7092e-02, PNorm = 65.7464, GNorm = 0.3478, lr_0 = 9.0560e-04
Loss = 1.7755e-02, PNorm = 65.7630, GNorm = 0.2615, lr_0 = 9.0589e-04
Loss = 2.2147e-02, PNorm = 65.7802, GNorm = 0.7663, lr_0 = 9.0617e-04
Loss = 2.8722e-02, PNorm = 65.7916, GNorm = 0.4706, lr_0 = 9.0646e-04
Loss = 2.3253e-02, PNorm = 65.8088, GNorm = 0.6751, lr_0 = 9.0675e-04
Loss = 2.4447e-02, PNorm = 65.8328, GNorm = 0.3937, lr_0 = 9.0704e-04
Loss = 2.3315e-02, PNorm = 65.8541, GNorm = 0.4600, lr_0 = 9.0732e-04
Loss = 2.6842e-02, PNorm = 65.8741, GNorm = 1.1173, lr_0 = 9.0761e-04
Loss = 1.9585e-02, PNorm = 65.8971, GNorm = 0.4154, lr_0 = 9.0790e-04
Loss = 1.7114e-02, PNorm = 65.9171, GNorm = 0.7084, lr_0 = 9.0818e-04
Loss = 2.3372e-02, PNorm = 65.9312, GNorm = 0.6796, lr_0 = 9.0847e-04
Loss = 2.0915e-02, PNorm = 65.9529, GNorm = 0.6134, lr_0 = 9.0876e-04
Loss = 2.2408e-02, PNorm = 65.9711, GNorm = 0.3258, lr_0 = 9.0905e-04
Loss = 2.7179e-02, PNorm = 65.9964, GNorm = 1.2640, lr_0 = 9.0933e-04
Loss = 2.0486e-02, PNorm = 66.0164, GNorm = 0.1880, lr_0 = 9.0962e-04
Loss = 2.5826e-02, PNorm = 66.0359, GNorm = 0.3465, lr_0 = 9.0991e-04
Loss = 1.9016e-02, PNorm = 66.0593, GNorm = 0.3820, lr_0 = 9.1020e-04
Loss = 2.2785e-02, PNorm = 66.0808, GNorm = 0.4459, lr_0 = 9.1048e-04
Loss = 1.8190e-02, PNorm = 66.1009, GNorm = 0.1587, lr_0 = 9.1077e-04
Loss = 1.8484e-02, PNorm = 66.1178, GNorm = 0.6219, lr_0 = 9.1106e-04
Loss = 1.9542e-02, PNorm = 66.1296, GNorm = 0.3729, lr_0 = 9.1134e-04
Loss = 1.8503e-02, PNorm = 66.1519, GNorm = 0.2467, lr_0 = 9.1163e-04
Loss = 1.8312e-02, PNorm = 66.1715, GNorm = 0.1052, lr_0 = 9.1192e-04
Loss = 2.1487e-02, PNorm = 66.1850, GNorm = 0.8883, lr_0 = 9.1221e-04
Loss = 2.1008e-02, PNorm = 66.2041, GNorm = 0.5588, lr_0 = 9.1249e-04
Loss = 2.2537e-02, PNorm = 66.2207, GNorm = 0.3157, lr_0 = 9.1278e-04
Loss = 1.9119e-02, PNorm = 66.2378, GNorm = 0.2152, lr_0 = 9.1307e-04
Loss = 1.4915e-02, PNorm = 66.2565, GNorm = 0.4243, lr_0 = 9.1336e-04
Loss = 1.9534e-02, PNorm = 66.2751, GNorm = 0.3214, lr_0 = 9.1364e-04
Loss = 1.9267e-02, PNorm = 66.2961, GNorm = 0.2672, lr_0 = 9.1393e-04
Loss = 1.9871e-02, PNorm = 66.3141, GNorm = 0.2235, lr_0 = 9.1422e-04
Loss = 2.1748e-02, PNorm = 66.3299, GNorm = 0.2320, lr_0 = 9.1450e-04
Loss = 2.0193e-02, PNorm = 66.3344, GNorm = 0.2161, lr_0 = 9.1479e-04
Loss = 2.6784e-02, PNorm = 66.3486, GNorm = 0.4525, lr_0 = 9.1508e-04
Loss = 1.9995e-02, PNorm = 66.3655, GNorm = 0.5080, lr_0 = 9.1537e-04
Loss = 1.7335e-02, PNorm = 66.3843, GNorm = 0.4968, lr_0 = 9.1565e-04
Loss = 2.1454e-02, PNorm = 66.4014, GNorm = 0.3312, lr_0 = 9.1594e-04
Loss = 2.1756e-02, PNorm = 66.4281, GNorm = 0.5721, lr_0 = 9.1623e-04
Loss = 1.8932e-02, PNorm = 66.4457, GNorm = 0.3386, lr_0 = 9.1652e-04
Loss = 2.0639e-02, PNorm = 66.4594, GNorm = 0.1712, lr_0 = 9.1680e-04
Loss = 1.6698e-02, PNorm = 66.4783, GNorm = 0.5570, lr_0 = 9.1709e-04
Loss = 1.8769e-02, PNorm = 66.4996, GNorm = 0.2447, lr_0 = 9.1738e-04
Loss = 2.2057e-02, PNorm = 66.5206, GNorm = 0.1764, lr_0 = 9.1766e-04
Loss = 1.8535e-02, PNorm = 66.5327, GNorm = 0.3180, lr_0 = 9.1795e-04
Loss = 1.4140e-02, PNorm = 66.5421, GNorm = 0.1326, lr_0 = 9.1824e-04
Loss = 1.7878e-02, PNorm = 66.5502, GNorm = 0.1990, lr_0 = 9.1853e-04
Loss = 1.5970e-02, PNorm = 66.5612, GNorm = 0.6132, lr_0 = 9.1881e-04
Loss = 1.6188e-02, PNorm = 66.5756, GNorm = 0.7237, lr_0 = 9.1910e-04
Loss = 1.9987e-02, PNorm = 66.5898, GNorm = 0.3576, lr_0 = 9.1939e-04
Loss = 1.9881e-02, PNorm = 66.6067, GNorm = 0.3878, lr_0 = 9.1968e-04
Loss = 1.6013e-02, PNorm = 66.6171, GNorm = 0.2889, lr_0 = 9.1996e-04
Loss = 2.1414e-02, PNorm = 66.6288, GNorm = 0.4726, lr_0 = 9.2025e-04
Loss = 1.6676e-02, PNorm = 66.6431, GNorm = 0.3452, lr_0 = 9.2054e-04
Loss = 2.3438e-02, PNorm = 66.6563, GNorm = 0.4914, lr_0 = 9.2082e-04
Loss = 2.0327e-02, PNorm = 66.6657, GNorm = 0.1985, lr_0 = 9.2111e-04
Loss = 1.9926e-02, PNorm = 66.6807, GNorm = 0.6334, lr_0 = 9.2140e-04
Loss = 1.9078e-02, PNorm = 66.6995, GNorm = 0.3029, lr_0 = 9.2169e-04
Loss = 1.7857e-02, PNorm = 66.7183, GNorm = 0.4244, lr_0 = 9.2197e-04
Loss = 1.9976e-02, PNorm = 66.7323, GNorm = 0.3557, lr_0 = 9.2226e-04
Loss = 1.3437e-02, PNorm = 66.7434, GNorm = 0.2148, lr_0 = 9.2255e-04
Loss = 2.6393e-02, PNorm = 66.7564, GNorm = 0.8555, lr_0 = 9.2284e-04
Loss = 2.0947e-02, PNorm = 66.7764, GNorm = 0.5995, lr_0 = 9.2312e-04
Loss = 2.3992e-02, PNorm = 66.7920, GNorm = 0.4686, lr_0 = 9.2341e-04
Loss = 2.3384e-02, PNorm = 66.8118, GNorm = 0.3569, lr_0 = 9.2370e-04
Loss = 1.8807e-02, PNorm = 66.8344, GNorm = 0.9631, lr_0 = 9.2398e-04
Loss = 2.0991e-02, PNorm = 66.8514, GNorm = 0.5318, lr_0 = 9.2427e-04
Loss = 1.7903e-02, PNorm = 66.8685, GNorm = 0.1411, lr_0 = 9.2456e-04
Loss = 1.5726e-02, PNorm = 66.8838, GNorm = 0.3543, lr_0 = 9.2485e-04
Loss = 2.2409e-02, PNorm = 66.9028, GNorm = 0.4977, lr_0 = 9.2513e-04
Loss = 1.8481e-02, PNorm = 66.9235, GNorm = 0.8399, lr_0 = 9.2542e-04
Loss = 1.9274e-02, PNorm = 66.9375, GNorm = 0.2109, lr_0 = 9.2571e-04
Loss = 1.8789e-02, PNorm = 66.9516, GNorm = 0.7435, lr_0 = 9.2600e-04
Loss = 1.5642e-02, PNorm = 66.9625, GNorm = 0.3105, lr_0 = 9.2628e-04
Loss = 2.2534e-02, PNorm = 66.9740, GNorm = 0.3650, lr_0 = 9.2657e-04
Loss = 1.9543e-02, PNorm = 66.9848, GNorm = 0.8311, lr_0 = 9.2686e-04
Loss = 1.8724e-02, PNorm = 66.9988, GNorm = 0.7704, lr_0 = 9.2715e-04
Loss = 1.5269e-02, PNorm = 67.0181, GNorm = 0.1509, lr_0 = 9.2743e-04
Loss = 1.7863e-02, PNorm = 67.0315, GNorm = 0.2443, lr_0 = 9.2772e-04
Loss = 1.9025e-02, PNorm = 67.0486, GNorm = 0.2219, lr_0 = 9.2801e-04
Loss = 2.1981e-02, PNorm = 67.0599, GNorm = 0.3228, lr_0 = 9.2829e-04
Loss = 2.2380e-02, PNorm = 67.0733, GNorm = 0.5902, lr_0 = 9.2858e-04
Loss = 2.0242e-02, PNorm = 67.0909, GNorm = 0.3714, lr_0 = 9.2887e-04
Loss = 1.9137e-02, PNorm = 67.1046, GNorm = 0.4532, lr_0 = 9.2916e-04
Loss = 2.1614e-02, PNorm = 67.1214, GNorm = 0.3229, lr_0 = 9.2944e-04
Loss = 1.9890e-02, PNorm = 67.1390, GNorm = 0.2606, lr_0 = 9.2973e-04
Loss = 1.9734e-02, PNorm = 67.1577, GNorm = 0.2810, lr_0 = 9.3002e-04
Loss = 2.0635e-02, PNorm = 67.1813, GNorm = 0.3509, lr_0 = 9.3031e-04
Loss = 1.7834e-02, PNorm = 67.1983, GNorm = 0.2430, lr_0 = 9.3059e-04
Loss = 1.6642e-02, PNorm = 67.2113, GNorm = 0.3549, lr_0 = 9.3088e-04
Loss = 1.8277e-02, PNorm = 67.2283, GNorm = 0.4308, lr_0 = 9.3117e-04
Loss = 1.5689e-02, PNorm = 67.2455, GNorm = 0.2117, lr_0 = 9.3145e-04
Loss = 1.9728e-02, PNorm = 67.2561, GNorm = 0.4746, lr_0 = 9.3174e-04
Loss = 2.0443e-02, PNorm = 67.2685, GNorm = 0.5753, lr_0 = 9.3203e-04
Loss = 2.1586e-02, PNorm = 67.2819, GNorm = 0.3211, lr_0 = 9.3232e-04
Loss = 1.6233e-02, PNorm = 67.2981, GNorm = 0.2875, lr_0 = 9.3260e-04
Loss = 2.3830e-02, PNorm = 67.3123, GNorm = 0.3799, lr_0 = 9.3289e-04
Loss = 2.1758e-02, PNorm = 67.3268, GNorm = 0.4430, lr_0 = 9.3318e-04
Loss = 1.6636e-02, PNorm = 67.3418, GNorm = 0.5687, lr_0 = 9.3347e-04
Loss = 1.9932e-02, PNorm = 67.3539, GNorm = 0.2397, lr_0 = 9.3375e-04
Loss = 1.4499e-02, PNorm = 67.3686, GNorm = 0.3317, lr_0 = 9.3404e-04
Loss = 1.9821e-02, PNorm = 67.3832, GNorm = 0.4105, lr_0 = 9.3433e-04
Loss = 2.3499e-02, PNorm = 67.3952, GNorm = 0.2362, lr_0 = 9.3461e-04
Loss = 2.3035e-02, PNorm = 67.4134, GNorm = 1.3280, lr_0 = 9.3490e-04
Loss = 2.3997e-02, PNorm = 67.4335, GNorm = 0.4375, lr_0 = 9.3519e-04
Loss = 2.0997e-02, PNorm = 67.4532, GNorm = 0.6533, lr_0 = 9.3548e-04
Loss = 1.8456e-02, PNorm = 67.4677, GNorm = 0.2495, lr_0 = 9.3576e-04
Loss = 1.8353e-02, PNorm = 67.4787, GNorm = 0.2386, lr_0 = 9.3605e-04
Loss = 2.0163e-02, PNorm = 67.5018, GNorm = 0.3122, lr_0 = 9.3634e-04
Loss = 2.0905e-02, PNorm = 67.5248, GNorm = 0.5006, lr_0 = 9.3663e-04
Loss = 2.0019e-02, PNorm = 67.5401, GNorm = 0.5050, lr_0 = 9.3691e-04
Loss = 1.7969e-02, PNorm = 67.5557, GNorm = 0.1880, lr_0 = 9.3720e-04
Loss = 1.7737e-02, PNorm = 67.5656, GNorm = 0.6538, lr_0 = 9.3749e-04
Loss = 1.7607e-02, PNorm = 67.5823, GNorm = 0.5204, lr_0 = 9.3777e-04
Loss = 2.5710e-02, PNorm = 67.6021, GNorm = 0.3156, lr_0 = 9.3806e-04
Loss = 1.8188e-02, PNorm = 67.6205, GNorm = 0.1823, lr_0 = 9.3835e-04
Loss = 1.9483e-02, PNorm = 67.6451, GNorm = 0.6919, lr_0 = 9.3864e-04
Loss = 2.0844e-02, PNorm = 67.6632, GNorm = 0.3393, lr_0 = 9.3892e-04
Loss = 1.7253e-02, PNorm = 67.6793, GNorm = 0.1338, lr_0 = 9.3921e-04
Loss = 2.3596e-02, PNorm = 67.6955, GNorm = 0.5070, lr_0 = 9.3950e-04
Loss = 2.2180e-02, PNorm = 67.7052, GNorm = 0.3985, lr_0 = 9.3979e-04
Loss = 1.8150e-02, PNorm = 67.7212, GNorm = 0.3577, lr_0 = 9.4007e-04
Loss = 1.7549e-02, PNorm = 67.7362, GNorm = 0.6031, lr_0 = 9.4036e-04
Loss = 2.3880e-02, PNorm = 67.7550, GNorm = 0.6831, lr_0 = 9.4065e-04
Loss = 2.0113e-02, PNorm = 67.7747, GNorm = 0.5627, lr_0 = 9.4093e-04
Loss = 2.5805e-02, PNorm = 67.7929, GNorm = 0.3124, lr_0 = 9.4122e-04
Loss = 1.9642e-02, PNorm = 67.8093, GNorm = 0.3081, lr_0 = 9.4151e-04
Loss = 1.6465e-02, PNorm = 67.8274, GNorm = 0.1067, lr_0 = 9.4180e-04
Loss = 1.8947e-02, PNorm = 67.8417, GNorm = 0.2055, lr_0 = 9.4208e-04
Loss = 2.2495e-02, PNorm = 67.8622, GNorm = 0.3996, lr_0 = 9.4237e-04
Loss = 2.0626e-02, PNorm = 67.8837, GNorm = 0.1758, lr_0 = 9.4266e-04
Loss = 1.8453e-02, PNorm = 67.9033, GNorm = 0.2189, lr_0 = 9.4295e-04
Loss = 1.9358e-02, PNorm = 67.9167, GNorm = 0.3483, lr_0 = 9.4323e-04
Loss = 2.0158e-02, PNorm = 67.9308, GNorm = 0.5474, lr_0 = 9.4352e-04
Loss = 2.5131e-02, PNorm = 67.9465, GNorm = 0.8211, lr_0 = 9.4381e-04
Loss = 1.5966e-02, PNorm = 67.9627, GNorm = 0.1973, lr_0 = 9.4409e-04
Loss = 1.9066e-02, PNorm = 67.9796, GNorm = 0.2932, lr_0 = 9.4438e-04
Loss = 2.0760e-02, PNorm = 68.0000, GNorm = 0.4469, lr_0 = 9.4467e-04
Loss = 2.1438e-02, PNorm = 68.0201, GNorm = 0.3189, lr_0 = 9.4496e-04
Loss = 1.9605e-02, PNorm = 68.0462, GNorm = 0.2623, lr_0 = 9.4524e-04
Loss = 1.9207e-02, PNorm = 68.0658, GNorm = 0.2235, lr_0 = 9.4553e-04
Loss = 1.5729e-02, PNorm = 68.0831, GNorm = 0.3733, lr_0 = 9.4582e-04
Loss = 2.0925e-02, PNorm = 68.1017, GNorm = 0.5063, lr_0 = 9.4611e-04
Loss = 1.7649e-02, PNorm = 68.1130, GNorm = 0.5342, lr_0 = 9.4639e-04
Loss = 1.8424e-02, PNorm = 68.1306, GNorm = 0.7040, lr_0 = 9.4668e-04
Loss = 1.9815e-02, PNorm = 68.1492, GNorm = 0.7437, lr_0 = 9.4697e-04
Loss = 2.1279e-02, PNorm = 68.1663, GNorm = 0.1984, lr_0 = 9.4725e-04
Loss = 1.5710e-02, PNorm = 68.1852, GNorm = 0.3739, lr_0 = 9.4754e-04
Loss = 2.0274e-02, PNorm = 68.2019, GNorm = 0.5708, lr_0 = 9.4783e-04
Loss = 1.7933e-02, PNorm = 68.2176, GNorm = 0.3290, lr_0 = 9.4812e-04
Loss = 2.3927e-02, PNorm = 68.2285, GNorm = 0.1461, lr_0 = 9.4840e-04
Loss = 1.8483e-02, PNorm = 68.2473, GNorm = 0.1926, lr_0 = 9.4869e-04
Loss = 2.0174e-02, PNorm = 68.2664, GNorm = 0.4316, lr_0 = 9.4898e-04
Loss = 1.6225e-02, PNorm = 68.2855, GNorm = 0.2351, lr_0 = 9.4927e-04
Loss = 1.7895e-02, PNorm = 68.3026, GNorm = 0.5042, lr_0 = 9.4955e-04
Loss = 2.1045e-02, PNorm = 68.3135, GNorm = 0.2714, lr_0 = 9.4984e-04
Loss = 2.7285e-02, PNorm = 68.3337, GNorm = 0.7346, lr_0 = 9.5013e-04
Loss = 2.2465e-02, PNorm = 68.3603, GNorm = 1.8016, lr_0 = 9.5041e-04
Loss = 3.3857e-02, PNorm = 68.3880, GNorm = 0.5764, lr_0 = 9.5070e-04
Loss = 3.1018e-02, PNorm = 68.4146, GNorm = 0.5957, lr_0 = 9.5099e-04
Loss = 2.2903e-02, PNorm = 68.4430, GNorm = 0.2696, lr_0 = 9.5128e-04
Loss = 2.4589e-02, PNorm = 68.4701, GNorm = 0.6454, lr_0 = 9.5156e-04
Loss = 2.1157e-02, PNorm = 68.4913, GNorm = 0.2052, lr_0 = 9.5185e-04
Loss = 2.0709e-02, PNorm = 68.5151, GNorm = 0.7237, lr_0 = 9.5214e-04
Loss = 1.9612e-02, PNorm = 68.5377, GNorm = 0.2305, lr_0 = 9.5243e-04
Loss = 1.9955e-02, PNorm = 68.5583, GNorm = 0.3476, lr_0 = 9.5271e-04
Loss = 2.0637e-02, PNorm = 68.5774, GNorm = 0.3112, lr_0 = 9.5300e-04
Loss = 1.9752e-02, PNorm = 68.6023, GNorm = 0.3352, lr_0 = 9.5329e-04
Loss = 1.8717e-02, PNorm = 68.6239, GNorm = 0.2935, lr_0 = 9.5358e-04
Loss = 1.8471e-02, PNorm = 68.6421, GNorm = 0.4651, lr_0 = 9.5386e-04
Loss = 1.9876e-02, PNorm = 68.6555, GNorm = 0.5216, lr_0 = 9.5415e-04
Loss = 2.2056e-02, PNorm = 68.6731, GNorm = 0.2089, lr_0 = 9.5444e-04
Loss = 1.8332e-02, PNorm = 68.6964, GNorm = 0.7915, lr_0 = 9.5472e-04
Loss = 1.7516e-02, PNorm = 68.7192, GNorm = 0.3317, lr_0 = 9.5501e-04
Loss = 1.9563e-02, PNorm = 68.7397, GNorm = 0.5108, lr_0 = 9.5530e-04
Loss = 1.8165e-02, PNorm = 68.7530, GNorm = 0.3618, lr_0 = 9.5559e-04
Loss = 1.8427e-02, PNorm = 68.7668, GNorm = 0.5716, lr_0 = 9.5587e-04
Loss = 1.9195e-02, PNorm = 68.7785, GNorm = 0.3253, lr_0 = 9.5616e-04
Loss = 2.1030e-02, PNorm = 68.7949, GNorm = 0.5850, lr_0 = 9.5645e-04
Loss = 1.4941e-02, PNorm = 68.8094, GNorm = 0.2673, lr_0 = 9.5674e-04
Loss = 1.9653e-02, PNorm = 68.8236, GNorm = 0.2654, lr_0 = 9.5702e-04
Loss = 1.8188e-02, PNorm = 68.8391, GNorm = 0.4970, lr_0 = 9.5731e-04
Loss = 1.8195e-02, PNorm = 68.8485, GNorm = 0.6309, lr_0 = 9.5760e-04
Loss = 1.8929e-02, PNorm = 68.8692, GNorm = 0.4342, lr_0 = 9.5788e-04
Loss = 1.4386e-02, PNorm = 68.8848, GNorm = 0.2359, lr_0 = 9.5817e-04
Loss = 2.0476e-02, PNorm = 68.9038, GNorm = 0.1517, lr_0 = 9.5846e-04
Loss = 1.8480e-02, PNorm = 68.9158, GNorm = 0.2838, lr_0 = 9.5875e-04
Loss = 2.5262e-02, PNorm = 68.9277, GNorm = 0.3290, lr_0 = 9.5903e-04
Loss = 1.8143e-02, PNorm = 68.9456, GNorm = 0.6573, lr_0 = 9.5932e-04
Loss = 1.8655e-02, PNorm = 68.9625, GNorm = 0.3303, lr_0 = 9.5961e-04
Loss = 1.9142e-02, PNorm = 68.9842, GNorm = 0.6499, lr_0 = 9.5990e-04
Loss = 1.7411e-02, PNorm = 69.0037, GNorm = 0.5366, lr_0 = 9.6018e-04
Loss = 1.7748e-02, PNorm = 69.0181, GNorm = 0.8305, lr_0 = 9.6047e-04
Loss = 1.9446e-02, PNorm = 69.0352, GNorm = 0.4884, lr_0 = 9.6076e-04
Loss = 2.0327e-02, PNorm = 69.0504, GNorm = 0.4647, lr_0 = 9.6104e-04
Loss = 2.3705e-02, PNorm = 69.0684, GNorm = 0.6460, lr_0 = 9.6133e-04
Loss = 2.2359e-02, PNorm = 69.0835, GNorm = 0.7802, lr_0 = 9.6162e-04
Loss = 1.8818e-02, PNorm = 69.1050, GNorm = 0.5494, lr_0 = 9.6191e-04
Loss = 1.7438e-02, PNorm = 69.1181, GNorm = 0.2461, lr_0 = 9.6219e-04
Loss = 1.7896e-02, PNorm = 69.1312, GNorm = 0.5811, lr_0 = 9.6248e-04
Loss = 1.6591e-02, PNorm = 69.1446, GNorm = 0.2604, lr_0 = 9.6277e-04
Loss = 1.9114e-02, PNorm = 69.1616, GNorm = 0.2796, lr_0 = 9.6306e-04
Loss = 1.7322e-02, PNorm = 69.1761, GNorm = 0.5135, lr_0 = 9.6334e-04
Loss = 2.1693e-02, PNorm = 69.1933, GNorm = 0.6839, lr_0 = 9.6363e-04
Loss = 1.8030e-02, PNorm = 69.2067, GNorm = 0.5192, lr_0 = 9.6392e-04
Loss = 1.9039e-02, PNorm = 69.2202, GNorm = 0.2656, lr_0 = 9.6420e-04
Loss = 1.6227e-02, PNorm = 69.2389, GNorm = 0.2466, lr_0 = 9.6449e-04
Loss = 1.5906e-02, PNorm = 69.2591, GNorm = 0.4020, lr_0 = 9.6478e-04
Loss = 1.7513e-02, PNorm = 69.2789, GNorm = 0.4423, lr_0 = 9.6507e-04
Loss = 1.9507e-02, PNorm = 69.2918, GNorm = 0.3090, lr_0 = 9.6535e-04
Loss = 1.9391e-02, PNorm = 69.3097, GNorm = 0.5955, lr_0 = 9.6564e-04
Loss = 1.9615e-02, PNorm = 69.3295, GNorm = 0.2058, lr_0 = 9.6593e-04
Loss = 1.8184e-02, PNorm = 69.3446, GNorm = 0.1629, lr_0 = 9.6622e-04
Loss = 1.5448e-02, PNorm = 69.3573, GNorm = 0.2394, lr_0 = 9.6650e-04
Loss = 2.1048e-02, PNorm = 69.3708, GNorm = 0.2922, lr_0 = 9.6679e-04
Loss = 1.8305e-02, PNorm = 69.3900, GNorm = 0.2265, lr_0 = 9.6708e-04
Loss = 1.5896e-02, PNorm = 69.4104, GNorm = 0.4786, lr_0 = 9.6736e-04
Loss = 2.0164e-02, PNorm = 69.4277, GNorm = 0.8921, lr_0 = 9.6765e-04
Loss = 1.9879e-02, PNorm = 69.4427, GNorm = 0.3149, lr_0 = 9.6794e-04
Loss = 2.2122e-02, PNorm = 69.4554, GNorm = 0.6246, lr_0 = 9.6823e-04
Loss = 1.7295e-02, PNorm = 69.4676, GNorm = 0.5129, lr_0 = 9.6851e-04
Loss = 2.1353e-02, PNorm = 69.4859, GNorm = 0.2946, lr_0 = 9.6880e-04
Loss = 2.9384e-02, PNorm = 69.5025, GNorm = 0.6951, lr_0 = 9.6909e-04
Loss = 2.1068e-02, PNorm = 69.5244, GNorm = 0.5108, lr_0 = 9.6938e-04
Loss = 1.7528e-02, PNorm = 69.5432, GNorm = 0.2357, lr_0 = 9.6966e-04
Loss = 1.5427e-02, PNorm = 69.5662, GNorm = 0.3944, lr_0 = 9.6995e-04
Loss = 1.8181e-02, PNorm = 69.5858, GNorm = 0.7416, lr_0 = 9.7024e-04
Loss = 1.7636e-02, PNorm = 69.6032, GNorm = 0.2785, lr_0 = 9.7052e-04
Loss = 2.5801e-02, PNorm = 69.6192, GNorm = 1.4016, lr_0 = 9.7081e-04
Loss = 1.3928e-02, PNorm = 69.6363, GNorm = 0.2980, lr_0 = 9.7110e-04
Loss = 1.8505e-02, PNorm = 69.6503, GNorm = 0.3289, lr_0 = 9.7139e-04
Loss = 1.4950e-02, PNorm = 69.6665, GNorm = 0.3727, lr_0 = 9.7167e-04
Loss = 1.8588e-02, PNorm = 69.6859, GNorm = 0.3638, lr_0 = 9.7196e-04
Loss = 2.3347e-02, PNorm = 69.7027, GNorm = 0.7124, lr_0 = 9.7225e-04
Loss = 1.7870e-02, PNorm = 69.7246, GNorm = 0.4743, lr_0 = 9.7254e-04
Loss = 2.1163e-02, PNorm = 69.7439, GNorm = 0.4561, lr_0 = 9.7282e-04
Loss = 2.1598e-02, PNorm = 69.7615, GNorm = 1.1872, lr_0 = 9.7311e-04
Loss = 2.4420e-02, PNorm = 69.7885, GNorm = 1.2099, lr_0 = 9.7340e-04
Loss = 2.3350e-02, PNorm = 69.8106, GNorm = 0.6188, lr_0 = 9.7368e-04
Loss = 1.8179e-02, PNorm = 69.8389, GNorm = 0.2386, lr_0 = 9.7397e-04
Loss = 1.9261e-02, PNorm = 69.8640, GNorm = 0.6307, lr_0 = 9.7426e-04
Loss = 1.8133e-02, PNorm = 69.8880, GNorm = 0.7626, lr_0 = 9.7455e-04
Loss = 1.5759e-02, PNorm = 69.9085, GNorm = 0.3392, lr_0 = 9.7483e-04
Loss = 1.6811e-02, PNorm = 69.9259, GNorm = 0.1377, lr_0 = 9.7512e-04
Loss = 1.8860e-02, PNorm = 69.9447, GNorm = 0.4467, lr_0 = 9.7541e-04
Loss = 1.9228e-02, PNorm = 69.9613, GNorm = 0.2396, lr_0 = 9.7570e-04
Loss = 1.8397e-02, PNorm = 69.9767, GNorm = 0.2868, lr_0 = 9.7598e-04
Loss = 2.3958e-02, PNorm = 69.9898, GNorm = 0.2316, lr_0 = 9.7627e-04
Loss = 1.9336e-02, PNorm = 69.9992, GNorm = 0.3105, lr_0 = 9.7656e-04
Loss = 1.6691e-02, PNorm = 70.0125, GNorm = 0.3332, lr_0 = 9.7684e-04
Loss = 1.7348e-02, PNorm = 70.0264, GNorm = 0.4080, lr_0 = 9.7713e-04
Loss = 1.6684e-02, PNorm = 70.0371, GNorm = 0.2738, lr_0 = 9.7742e-04
Loss = 2.0169e-02, PNorm = 70.0480, GNorm = 0.3606, lr_0 = 9.7771e-04
Loss = 2.2215e-02, PNorm = 70.0625, GNorm = 0.3028, lr_0 = 9.7799e-04
Loss = 1.9032e-02, PNorm = 70.0871, GNorm = 0.5761, lr_0 = 9.7828e-04
Loss = 1.8351e-02, PNorm = 70.1046, GNorm = 0.3113, lr_0 = 9.7857e-04
Loss = 1.7248e-02, PNorm = 70.1234, GNorm = 0.2278, lr_0 = 9.7886e-04
Loss = 1.7526e-02, PNorm = 70.1355, GNorm = 0.8827, lr_0 = 9.7914e-04
Loss = 1.9155e-02, PNorm = 70.1519, GNorm = 0.7638, lr_0 = 9.7943e-04
Loss = 2.3868e-02, PNorm = 70.1710, GNorm = 0.1588, lr_0 = 9.7972e-04
Loss = 2.2588e-02, PNorm = 70.1879, GNorm = 0.1781, lr_0 = 9.8001e-04
Loss = 1.7604e-02, PNorm = 70.2040, GNorm = 0.5876, lr_0 = 9.8029e-04
Loss = 2.1289e-02, PNorm = 70.2165, GNorm = 0.3840, lr_0 = 9.8058e-04
Loss = 1.9505e-02, PNorm = 70.2350, GNorm = 0.3412, lr_0 = 9.8087e-04
Loss = 1.8512e-02, PNorm = 70.2499, GNorm = 0.4863, lr_0 = 9.8115e-04
Loss = 1.5813e-02, PNorm = 70.2710, GNorm = 0.2526, lr_0 = 9.8144e-04
Loss = 2.0762e-02, PNorm = 70.2854, GNorm = 0.3553, lr_0 = 9.8173e-04
Loss = 2.0048e-02, PNorm = 70.2962, GNorm = 0.4261, lr_0 = 9.8202e-04
Loss = 1.5346e-02, PNorm = 70.3059, GNorm = 0.3959, lr_0 = 9.8230e-04
Loss = 2.3074e-02, PNorm = 70.3275, GNorm = 0.3229, lr_0 = 9.8259e-04
Loss = 2.2398e-02, PNorm = 70.3432, GNorm = 0.7338, lr_0 = 9.8288e-04
Loss = 2.3832e-02, PNorm = 70.3635, GNorm = 0.3730, lr_0 = 9.8317e-04
Loss = 1.9268e-02, PNorm = 70.3898, GNorm = 0.2195, lr_0 = 9.8345e-04
Loss = 2.0038e-02, PNorm = 70.4064, GNorm = 1.0387, lr_0 = 9.8374e-04
Loss = 2.3276e-02, PNorm = 70.4276, GNorm = 0.2589, lr_0 = 9.8403e-04
Loss = 1.6650e-02, PNorm = 70.4491, GNorm = 0.3060, lr_0 = 9.8431e-04
Loss = 1.9511e-02, PNorm = 70.4666, GNorm = 0.4282, lr_0 = 9.8460e-04
Loss = 2.0075e-02, PNorm = 70.4926, GNorm = 0.2957, lr_0 = 9.8489e-04
Loss = 1.9632e-02, PNorm = 70.5187, GNorm = 0.3239, lr_0 = 9.8518e-04
Loss = 2.1254e-02, PNorm = 70.5383, GNorm = 0.1280, lr_0 = 9.8546e-04
Loss = 2.0238e-02, PNorm = 70.5569, GNorm = 0.8095, lr_0 = 9.8575e-04
Loss = 1.8930e-02, PNorm = 70.5740, GNorm = 0.6450, lr_0 = 9.8604e-04
Loss = 1.5288e-02, PNorm = 70.5916, GNorm = 0.3105, lr_0 = 9.8633e-04
Loss = 1.7422e-02, PNorm = 70.6077, GNorm = 0.2829, lr_0 = 9.8661e-04
Loss = 1.6512e-02, PNorm = 70.6227, GNorm = 0.3358, lr_0 = 9.8690e-04
Loss = 1.9095e-02, PNorm = 70.6368, GNorm = 0.3624, lr_0 = 9.8719e-04
Loss = 1.8012e-02, PNorm = 70.6575, GNorm = 0.3960, lr_0 = 9.8747e-04
Loss = 1.8817e-02, PNorm = 70.6738, GNorm = 0.4796, lr_0 = 9.8776e-04
Loss = 2.1323e-02, PNorm = 70.6844, GNorm = 0.1831, lr_0 = 9.8805e-04
Loss = 2.0264e-02, PNorm = 70.7048, GNorm = 0.3788, lr_0 = 9.8834e-04
Loss = 1.4714e-02, PNorm = 70.7213, GNorm = 0.5050, lr_0 = 9.8862e-04
Loss = 2.2249e-02, PNorm = 70.7385, GNorm = 0.4146, lr_0 = 9.8891e-04
Loss = 1.6405e-02, PNorm = 70.7533, GNorm = 0.2283, lr_0 = 9.8920e-04
Loss = 1.5658e-02, PNorm = 70.7642, GNorm = 0.2019, lr_0 = 9.8949e-04
Loss = 1.6093e-02, PNorm = 70.7803, GNorm = 0.2407, lr_0 = 9.8977e-04
Loss = 1.9089e-02, PNorm = 70.7956, GNorm = 0.4427, lr_0 = 9.9006e-04
Loss = 2.1566e-02, PNorm = 70.8074, GNorm = 0.7693, lr_0 = 9.9035e-04
Loss = 1.8350e-02, PNorm = 70.8183, GNorm = 0.4355, lr_0 = 9.9063e-04
Loss = 2.1766e-02, PNorm = 70.8350, GNorm = 0.6056, lr_0 = 9.9092e-04
Loss = 1.8331e-02, PNorm = 70.8540, GNorm = 0.7004, lr_0 = 9.9121e-04
Loss = 1.8527e-02, PNorm = 70.8756, GNorm = 0.6553, lr_0 = 9.9150e-04
Loss = 1.5267e-02, PNorm = 70.8971, GNorm = 0.1912, lr_0 = 9.9178e-04
Loss = 1.9811e-02, PNorm = 70.9134, GNorm = 0.5487, lr_0 = 9.9207e-04
Loss = 1.3789e-02, PNorm = 70.9257, GNorm = 0.3147, lr_0 = 9.9236e-04
Loss = 1.8499e-02, PNorm = 70.9432, GNorm = 0.4725, lr_0 = 9.9265e-04
Loss = 1.8161e-02, PNorm = 70.9599, GNorm = 0.5394, lr_0 = 9.9293e-04
Loss = 1.7927e-02, PNorm = 70.9781, GNorm = 0.1279, lr_0 = 9.9322e-04
Loss = 1.6704e-02, PNorm = 70.9915, GNorm = 0.2983, lr_0 = 9.9351e-04
Loss = 1.7341e-02, PNorm = 71.0038, GNorm = 0.4511, lr_0 = 9.9379e-04
Loss = 2.4126e-02, PNorm = 71.0214, GNorm = 0.4295, lr_0 = 9.9408e-04
Loss = 1.7729e-02, PNorm = 71.0389, GNorm = 0.5488, lr_0 = 9.9437e-04
Loss = 1.8631e-02, PNorm = 71.0534, GNorm = 0.2931, lr_0 = 9.9466e-04
Loss = 1.7470e-02, PNorm = 71.0772, GNorm = 0.2783, lr_0 = 9.9494e-04
Loss = 1.7738e-02, PNorm = 71.0967, GNorm = 0.2571, lr_0 = 9.9523e-04
Loss = 1.5518e-02, PNorm = 71.1125, GNorm = 0.3149, lr_0 = 9.9552e-04
Loss = 1.7987e-02, PNorm = 71.1375, GNorm = 0.1786, lr_0 = 9.9581e-04
Loss = 2.1753e-02, PNorm = 71.1550, GNorm = 0.4741, lr_0 = 9.9609e-04
Loss = 1.7076e-02, PNorm = 71.1750, GNorm = 0.2389, lr_0 = 9.9638e-04
Loss = 1.6677e-02, PNorm = 71.1982, GNorm = 0.7237, lr_0 = 9.9667e-04
Loss = 2.0351e-02, PNorm = 71.2142, GNorm = 0.7044, lr_0 = 9.9695e-04
Loss = 1.6698e-02, PNorm = 71.2301, GNorm = 0.2464, lr_0 = 9.9724e-04
Loss = 1.9688e-02, PNorm = 71.2472, GNorm = 0.2603, lr_0 = 9.9753e-04
Loss = 1.9379e-02, PNorm = 71.2588, GNorm = 0.3954, lr_0 = 9.9782e-04
Loss = 1.7338e-02, PNorm = 71.2796, GNorm = 0.8046, lr_0 = 9.9810e-04
Loss = 1.5337e-02, PNorm = 71.2956, GNorm = 0.3768, lr_0 = 9.9839e-04
Loss = 1.8039e-02, PNorm = 71.3146, GNorm = 0.5024, lr_0 = 9.9868e-04
Loss = 1.7951e-02, PNorm = 71.3403, GNorm = 0.6866, lr_0 = 9.9897e-04
Loss = 1.5403e-02, PNorm = 71.3583, GNorm = 0.2055, lr_0 = 9.9925e-04
Loss = 2.2733e-02, PNorm = 71.3751, GNorm = 1.0985, lr_0 = 9.9954e-04
Loss = 2.1486e-02, PNorm = 71.3999, GNorm = 0.2960, lr_0 = 9.9983e-04
Validation r2 = 0.981558
Epoch 2
Loss = 1.7529e-02, PNorm = 71.4233, GNorm = 0.4848, lr_0 = 9.9980e-04
Loss = 1.9458e-02, PNorm = 71.4462, GNorm = 0.2273, lr_0 = 9.9931e-04
Loss = 2.3550e-02, PNorm = 71.4617, GNorm = 0.2015, lr_0 = 9.9882e-04
Loss = 2.2722e-02, PNorm = 71.4818, GNorm = 0.9261, lr_0 = 9.9834e-04
Loss = 1.8371e-02, PNorm = 71.4973, GNorm = 0.4107, lr_0 = 9.9785e-04
Loss = 1.8270e-02, PNorm = 71.5177, GNorm = 0.5124, lr_0 = 9.9736e-04
Loss = 1.8054e-02, PNorm = 71.5386, GNorm = 0.6128, lr_0 = 9.9687e-04
Loss = 1.8502e-02, PNorm = 71.5519, GNorm = 0.1216, lr_0 = 9.9638e-04
Loss = 1.8997e-02, PNorm = 71.5754, GNorm = 0.3822, lr_0 = 9.9589e-04
Loss = 1.9840e-02, PNorm = 71.5982, GNorm = 0.3614, lr_0 = 9.9540e-04
Loss = 2.2368e-02, PNorm = 71.6228, GNorm = 0.7767, lr_0 = 9.9492e-04
Loss = 1.5440e-02, PNorm = 71.6436, GNorm = 0.4504, lr_0 = 9.9443e-04
Loss = 1.8439e-02, PNorm = 71.6584, GNorm = 0.3943, lr_0 = 9.9394e-04
Loss = 1.6793e-02, PNorm = 71.6736, GNorm = 0.8650, lr_0 = 9.9346e-04
Loss = 1.7001e-02, PNorm = 71.6855, GNorm = 0.1271, lr_0 = 9.9297e-04
Loss = 1.7320e-02, PNorm = 71.6968, GNorm = 0.6575, lr_0 = 9.9248e-04
Loss = 1.8563e-02, PNorm = 71.7041, GNorm = 0.5003, lr_0 = 9.9200e-04
Loss = 1.9028e-02, PNorm = 71.7196, GNorm = 0.3293, lr_0 = 9.9151e-04
Loss = 1.5171e-02, PNorm = 71.7362, GNorm = 0.1712, lr_0 = 9.9102e-04
Loss = 1.3338e-02, PNorm = 71.7470, GNorm = 0.3365, lr_0 = 9.9054e-04
Loss = 1.4560e-02, PNorm = 71.7578, GNorm = 0.3298, lr_0 = 9.9005e-04
Loss = 2.1030e-02, PNorm = 71.7697, GNorm = 0.4599, lr_0 = 9.8957e-04
Loss = 1.8387e-02, PNorm = 71.7821, GNorm = 0.1891, lr_0 = 9.8908e-04
Loss = 1.7286e-02, PNorm = 71.7942, GNorm = 0.2091, lr_0 = 9.8860e-04
Loss = 1.8830e-02, PNorm = 71.8095, GNorm = 0.7439, lr_0 = 9.8812e-04
Loss = 1.4279e-02, PNorm = 71.8202, GNorm = 0.3457, lr_0 = 9.8763e-04
Loss = 2.0893e-02, PNorm = 71.8380, GNorm = 0.4087, lr_0 = 9.8715e-04
Loss = 1.2937e-02, PNorm = 71.8568, GNorm = 0.5219, lr_0 = 9.8666e-04
Loss = 2.2700e-02, PNorm = 71.8742, GNorm = 0.3031, lr_0 = 9.8618e-04
Loss = 2.0974e-02, PNorm = 71.8934, GNorm = 0.6976, lr_0 = 9.8570e-04
Loss = 2.1674e-02, PNorm = 71.9130, GNorm = 0.2144, lr_0 = 9.8521e-04
Loss = 1.7534e-02, PNorm = 71.9298, GNorm = 0.2191, lr_0 = 9.8473e-04
Loss = 1.5672e-02, PNorm = 71.9484, GNorm = 0.3302, lr_0 = 9.8425e-04
Loss = 1.5512e-02, PNorm = 71.9635, GNorm = 0.1936, lr_0 = 9.8377e-04
Loss = 1.7143e-02, PNorm = 71.9742, GNorm = 0.4267, lr_0 = 9.8329e-04
Loss = 2.2586e-02, PNorm = 71.9919, GNorm = 1.0108, lr_0 = 9.8280e-04
Loss = 2.2702e-02, PNorm = 72.0068, GNorm = 0.3157, lr_0 = 9.8232e-04
Loss = 1.9901e-02, PNorm = 72.0215, GNorm = 0.6190, lr_0 = 9.8184e-04
Loss = 2.4655e-02, PNorm = 72.0424, GNorm = 1.4217, lr_0 = 9.8136e-04
Loss = 2.2241e-02, PNorm = 72.0633, GNorm = 1.0568, lr_0 = 9.8088e-04
Loss = 1.9600e-02, PNorm = 72.0827, GNorm = 0.1982, lr_0 = 9.8040e-04
Loss = 1.9587e-02, PNorm = 72.1019, GNorm = 0.1958, lr_0 = 9.7992e-04
Loss = 1.7526e-02, PNorm = 72.1243, GNorm = 0.3013, lr_0 = 9.7944e-04
Loss = 1.4316e-02, PNorm = 72.1428, GNorm = 0.3268, lr_0 = 9.7896e-04
Loss = 1.6988e-02, PNorm = 72.1555, GNorm = 0.2238, lr_0 = 9.7848e-04
Loss = 1.3824e-02, PNorm = 72.1719, GNorm = 0.3443, lr_0 = 9.7800e-04
Loss = 1.8601e-02, PNorm = 72.1863, GNorm = 0.2403, lr_0 = 9.7752e-04
Loss = 1.9909e-02, PNorm = 72.2111, GNorm = 0.3146, lr_0 = 9.7704e-04
Loss = 2.1918e-02, PNorm = 72.2314, GNorm = 1.1079, lr_0 = 9.7656e-04
Loss = 2.1729e-02, PNorm = 72.2588, GNorm = 0.6372, lr_0 = 9.7608e-04
Loss = 2.2996e-02, PNorm = 72.2807, GNorm = 0.4563, lr_0 = 9.7561e-04
Loss = 2.2833e-02, PNorm = 72.3010, GNorm = 0.2827, lr_0 = 9.7513e-04
Loss = 1.9730e-02, PNorm = 72.3189, GNorm = 0.4404, lr_0 = 9.7465e-04
Loss = 2.1886e-02, PNorm = 72.3423, GNorm = 0.2312, lr_0 = 9.7417e-04
Loss = 1.9728e-02, PNorm = 72.3655, GNorm = 1.0525, lr_0 = 9.7370e-04
Loss = 1.6052e-02, PNorm = 72.3832, GNorm = 0.5140, lr_0 = 9.7322e-04
Loss = 2.2440e-02, PNorm = 72.4037, GNorm = 0.3753, lr_0 = 9.7274e-04
Loss = 1.9298e-02, PNorm = 72.4270, GNorm = 0.3223, lr_0 = 9.7227e-04
Loss = 1.9733e-02, PNorm = 72.4523, GNorm = 0.5951, lr_0 = 9.7179e-04
Loss = 2.1257e-02, PNorm = 72.4744, GNorm = 0.9496, lr_0 = 9.7131e-04
Loss = 2.6249e-02, PNorm = 72.4938, GNorm = 0.5183, lr_0 = 9.7084e-04
Loss = 2.3806e-02, PNorm = 72.5203, GNorm = 0.2219, lr_0 = 9.7036e-04
Loss = 2.5482e-02, PNorm = 72.5429, GNorm = 0.5726, lr_0 = 9.6989e-04
Loss = 1.9059e-02, PNorm = 72.5631, GNorm = 0.3787, lr_0 = 9.6941e-04
Loss = 2.1207e-02, PNorm = 72.5868, GNorm = 0.2462, lr_0 = 9.6894e-04
Loss = 2.1804e-02, PNorm = 72.6063, GNorm = 0.2289, lr_0 = 9.6846e-04
Loss = 1.7260e-02, PNorm = 72.6193, GNorm = 0.3388, lr_0 = 9.6799e-04
Loss = 1.7393e-02, PNorm = 72.6398, GNorm = 0.2734, lr_0 = 9.6751e-04
Loss = 2.5263e-02, PNorm = 72.6683, GNorm = 1.0054, lr_0 = 9.6704e-04
Loss = 2.0955e-02, PNorm = 72.6842, GNorm = 0.5213, lr_0 = 9.6657e-04
Loss = 1.5334e-02, PNorm = 72.7010, GNorm = 0.2313, lr_0 = 9.6609e-04
Loss = 1.9428e-02, PNorm = 72.7170, GNorm = 0.2730, lr_0 = 9.6562e-04
Loss = 1.6014e-02, PNorm = 72.7300, GNorm = 0.4479, lr_0 = 9.6515e-04
Loss = 1.6893e-02, PNorm = 72.7435, GNorm = 0.2460, lr_0 = 9.6467e-04
Loss = 1.6083e-02, PNorm = 72.7547, GNorm = 0.4504, lr_0 = 9.6420e-04
Loss = 1.6878e-02, PNorm = 72.7667, GNorm = 0.4150, lr_0 = 9.6373e-04
Loss = 1.7002e-02, PNorm = 72.7836, GNorm = 0.2500, lr_0 = 9.6326e-04
Loss = 2.2253e-02, PNorm = 72.7958, GNorm = 0.3961, lr_0 = 9.6278e-04
Loss = 2.0356e-02, PNorm = 72.8121, GNorm = 0.4498, lr_0 = 9.6231e-04
Loss = 1.9854e-02, PNorm = 72.8245, GNorm = 0.4792, lr_0 = 9.6184e-04
Loss = 1.9860e-02, PNorm = 72.8389, GNorm = 0.7152, lr_0 = 9.6137e-04
Loss = 1.9470e-02, PNorm = 72.8528, GNorm = 0.2215, lr_0 = 9.6090e-04
Loss = 1.8895e-02, PNorm = 72.8662, GNorm = 0.8012, lr_0 = 9.6043e-04
Loss = 1.7462e-02, PNorm = 72.8832, GNorm = 0.2487, lr_0 = 9.5996e-04
Loss = 1.9218e-02, PNorm = 72.9001, GNorm = 0.1931, lr_0 = 9.5949e-04
Loss = 1.9058e-02, PNorm = 72.9140, GNorm = 0.6219, lr_0 = 9.5902e-04
Loss = 2.3901e-02, PNorm = 72.9262, GNorm = 1.0749, lr_0 = 9.5855e-04
Loss = 1.8078e-02, PNorm = 72.9423, GNorm = 0.4293, lr_0 = 9.5808e-04
Loss = 1.7405e-02, PNorm = 72.9557, GNorm = 0.3503, lr_0 = 9.5761e-04
Loss = 1.6861e-02, PNorm = 72.9678, GNorm = 0.2283, lr_0 = 9.5714e-04
Loss = 1.7674e-02, PNorm = 72.9810, GNorm = 1.0760, lr_0 = 9.5667e-04
Loss = 2.2831e-02, PNorm = 72.9913, GNorm = 1.3398, lr_0 = 9.5620e-04
Loss = 1.9441e-02, PNorm = 73.0109, GNorm = 0.9399, lr_0 = 9.5573e-04
Loss = 2.2061e-02, PNorm = 73.0279, GNorm = 0.9223, lr_0 = 9.5527e-04
Loss = 2.3124e-02, PNorm = 73.0478, GNorm = 0.4730, lr_0 = 9.5480e-04
Loss = 1.5398e-02, PNorm = 73.0664, GNorm = 0.4867, lr_0 = 9.5433e-04
Loss = 1.5291e-02, PNorm = 73.0823, GNorm = 0.1878, lr_0 = 9.5386e-04
Loss = 1.7282e-02, PNorm = 73.0938, GNorm = 0.6562, lr_0 = 9.5340e-04
Loss = 1.6559e-02, PNorm = 73.1040, GNorm = 0.7065, lr_0 = 9.5293e-04
Loss = 1.4321e-02, PNorm = 73.1181, GNorm = 0.1608, lr_0 = 9.5246e-04
Loss = 1.5493e-02, PNorm = 73.1308, GNorm = 0.3235, lr_0 = 9.5199e-04
Loss = 1.6524e-02, PNorm = 73.1406, GNorm = 0.1718, lr_0 = 9.5153e-04
Loss = 1.8718e-02, PNorm = 73.1465, GNorm = 0.7816, lr_0 = 9.5106e-04
Loss = 2.0501e-02, PNorm = 73.1543, GNorm = 0.4067, lr_0 = 9.5060e-04
Loss = 1.4097e-02, PNorm = 73.1673, GNorm = 0.3894, lr_0 = 9.5013e-04
Loss = 1.7574e-02, PNorm = 73.1794, GNorm = 0.2512, lr_0 = 9.4967e-04
Loss = 1.8096e-02, PNorm = 73.1888, GNorm = 0.2178, lr_0 = 9.4920e-04
Loss = 1.6507e-02, PNorm = 73.2025, GNorm = 0.3670, lr_0 = 9.4874e-04
Loss = 1.7791e-02, PNorm = 73.2165, GNorm = 0.6051, lr_0 = 9.4827e-04
Loss = 1.5525e-02, PNorm = 73.2257, GNorm = 0.3450, lr_0 = 9.4781e-04
Loss = 1.8004e-02, PNorm = 73.2384, GNorm = 0.3635, lr_0 = 9.4734e-04
Loss = 1.3933e-02, PNorm = 73.2550, GNorm = 0.3899, lr_0 = 9.4688e-04
Loss = 1.6491e-02, PNorm = 73.2618, GNorm = 0.1234, lr_0 = 9.4641e-04
Loss = 1.4923e-02, PNorm = 73.2742, GNorm = 0.3279, lr_0 = 9.4595e-04
Loss = 1.9511e-02, PNorm = 73.2861, GNorm = 0.2392, lr_0 = 9.4549e-04
Loss = 1.7465e-02, PNorm = 73.2955, GNorm = 0.4078, lr_0 = 9.4502e-04
Loss = 1.9120e-02, PNorm = 73.3115, GNorm = 0.2167, lr_0 = 9.4456e-04
Loss = 1.2055e-02, PNorm = 73.3275, GNorm = 0.2298, lr_0 = 9.4410e-04
Loss = 1.7225e-02, PNorm = 73.3404, GNorm = 0.2216, lr_0 = 9.4364e-04
Loss = 2.1813e-02, PNorm = 73.3515, GNorm = 0.8627, lr_0 = 9.4317e-04
Loss = 1.8616e-02, PNorm = 73.3633, GNorm = 0.7805, lr_0 = 9.4271e-04
Loss = 1.8388e-02, PNorm = 73.3783, GNorm = 0.1807, lr_0 = 9.4225e-04
Loss = 1.9967e-02, PNorm = 73.3920, GNorm = 0.9317, lr_0 = 9.4179e-04
Loss = 1.4842e-02, PNorm = 73.4097, GNorm = 0.2680, lr_0 = 9.4133e-04
Loss = 1.7498e-02, PNorm = 73.4282, GNorm = 0.3449, lr_0 = 9.4087e-04
Loss = 1.3580e-02, PNorm = 73.4404, GNorm = 0.3652, lr_0 = 9.4040e-04
Loss = 1.3332e-02, PNorm = 73.4516, GNorm = 0.2003, lr_0 = 9.3994e-04
Loss = 1.4279e-02, PNorm = 73.4658, GNorm = 0.5553, lr_0 = 9.3948e-04
Loss = 1.5384e-02, PNorm = 73.4778, GNorm = 0.6170, lr_0 = 9.3902e-04
Loss = 1.6622e-02, PNorm = 73.4930, GNorm = 0.4226, lr_0 = 9.3856e-04
Loss = 1.7045e-02, PNorm = 73.5094, GNorm = 0.4098, lr_0 = 9.3810e-04
Loss = 1.8114e-02, PNorm = 73.5226, GNorm = 0.3109, lr_0 = 9.3764e-04
Loss = 1.6872e-02, PNorm = 73.5372, GNorm = 0.4760, lr_0 = 9.3718e-04
Loss = 1.7670e-02, PNorm = 73.5452, GNorm = 0.3603, lr_0 = 9.3673e-04
Loss = 1.8221e-02, PNorm = 73.5540, GNorm = 0.5231, lr_0 = 9.3627e-04
Loss = 1.6422e-02, PNorm = 73.5641, GNorm = 0.2072, lr_0 = 9.3581e-04
Loss = 1.9514e-02, PNorm = 73.5753, GNorm = 0.3364, lr_0 = 9.3535e-04
Loss = 1.6166e-02, PNorm = 73.5916, GNorm = 0.3315, lr_0 = 9.3489e-04
Loss = 2.0457e-02, PNorm = 73.6000, GNorm = 0.3477, lr_0 = 9.3443e-04
Loss = 2.2314e-02, PNorm = 73.6137, GNorm = 0.1642, lr_0 = 9.3398e-04
Loss = 1.8556e-02, PNorm = 73.6242, GNorm = 0.5548, lr_0 = 9.3352e-04
Loss = 2.1738e-02, PNorm = 73.6363, GNorm = 0.3049, lr_0 = 9.3306e-04
Loss = 1.4032e-02, PNorm = 73.6521, GNorm = 0.2112, lr_0 = 9.3260e-04
Loss = 1.8123e-02, PNorm = 73.6717, GNorm = 0.7622, lr_0 = 9.3215e-04
Loss = 2.0911e-02, PNorm = 73.6904, GNorm = 0.2248, lr_0 = 9.3169e-04
Loss = 1.4004e-02, PNorm = 73.7067, GNorm = 0.6410, lr_0 = 9.3123e-04
Loss = 1.6933e-02, PNorm = 73.7258, GNorm = 0.5529, lr_0 = 9.3078e-04
Loss = 1.6340e-02, PNorm = 73.7454, GNorm = 0.3404, lr_0 = 9.3032e-04
Loss = 1.9029e-02, PNorm = 73.7622, GNorm = 0.5844, lr_0 = 9.2987e-04
Loss = 1.8069e-02, PNorm = 73.7802, GNorm = 0.5645, lr_0 = 9.2941e-04
Loss = 1.9333e-02, PNorm = 73.7985, GNorm = 0.4310, lr_0 = 9.2895e-04
Loss = 1.8596e-02, PNorm = 73.8149, GNorm = 0.3869, lr_0 = 9.2850e-04
Loss = 1.6488e-02, PNorm = 73.8253, GNorm = 0.3277, lr_0 = 9.2804e-04
Loss = 1.9338e-02, PNorm = 73.8293, GNorm = 0.5852, lr_0 = 9.2759e-04
Loss = 1.8385e-02, PNorm = 73.8435, GNorm = 0.2257, lr_0 = 9.2714e-04
Loss = 1.9201e-02, PNorm = 73.8592, GNorm = 1.2203, lr_0 = 9.2668e-04
Loss = 1.9908e-02, PNorm = 73.8753, GNorm = 0.7976, lr_0 = 9.2623e-04
Loss = 1.5672e-02, PNorm = 73.8908, GNorm = 0.7000, lr_0 = 9.2577e-04
Loss = 1.8538e-02, PNorm = 73.9017, GNorm = 0.1948, lr_0 = 9.2532e-04
Loss = 1.8594e-02, PNorm = 73.9190, GNorm = 0.2896, lr_0 = 9.2487e-04
Loss = 1.7821e-02, PNorm = 73.9328, GNorm = 0.7564, lr_0 = 9.2441e-04
Loss = 1.7886e-02, PNorm = 73.9462, GNorm = 0.2244, lr_0 = 9.2396e-04
Loss = 1.6193e-02, PNorm = 73.9626, GNorm = 0.5260, lr_0 = 9.2351e-04
Loss = 2.1791e-02, PNorm = 73.9750, GNorm = 0.5564, lr_0 = 9.2306e-04
Loss = 1.9357e-02, PNorm = 73.9896, GNorm = 0.2594, lr_0 = 9.2260e-04
Loss = 1.9421e-02, PNorm = 74.0049, GNorm = 0.3718, lr_0 = 9.2215e-04
Loss = 1.9579e-02, PNorm = 74.0188, GNorm = 0.3274, lr_0 = 9.2170e-04
Loss = 1.8791e-02, PNorm = 74.0346, GNorm = 0.3039, lr_0 = 9.2125e-04
Loss = 1.6805e-02, PNorm = 74.0465, GNorm = 0.3627, lr_0 = 9.2080e-04
Loss = 1.7378e-02, PNorm = 74.0615, GNorm = 0.2291, lr_0 = 9.2035e-04
Loss = 1.5663e-02, PNorm = 74.0739, GNorm = 0.5893, lr_0 = 9.1990e-04
Loss = 1.5952e-02, PNorm = 74.0869, GNorm = 0.1558, lr_0 = 9.1944e-04
Loss = 1.8903e-02, PNorm = 74.0954, GNorm = 0.2776, lr_0 = 9.1899e-04
Loss = 1.8728e-02, PNorm = 74.1033, GNorm = 0.5692, lr_0 = 9.1854e-04
Loss = 1.9178e-02, PNorm = 74.1155, GNorm = 0.4318, lr_0 = 9.1809e-04
Loss = 1.8327e-02, PNorm = 74.1266, GNorm = 0.3940, lr_0 = 9.1764e-04
Loss = 2.0525e-02, PNorm = 74.1444, GNorm = 0.4311, lr_0 = 9.1720e-04
Loss = 1.6557e-02, PNorm = 74.1606, GNorm = 0.5140, lr_0 = 9.1675e-04
Loss = 1.5971e-02, PNorm = 74.1729, GNorm = 0.3200, lr_0 = 9.1630e-04
Loss = 1.4598e-02, PNorm = 74.1872, GNorm = 0.2617, lr_0 = 9.1585e-04
Loss = 1.9490e-02, PNorm = 74.2006, GNorm = 0.2172, lr_0 = 9.1540e-04
Loss = 2.0642e-02, PNorm = 74.2131, GNorm = 0.4386, lr_0 = 9.1495e-04
Loss = 2.0704e-02, PNorm = 74.2233, GNorm = 0.6169, lr_0 = 9.1450e-04
Loss = 2.1239e-02, PNorm = 74.2341, GNorm = 0.8922, lr_0 = 9.1405e-04
Loss = 2.1096e-02, PNorm = 74.2506, GNorm = 1.2659, lr_0 = 9.1361e-04
Loss = 1.7725e-02, PNorm = 74.2684, GNorm = 0.9130, lr_0 = 9.1316e-04
Loss = 1.6739e-02, PNorm = 74.2872, GNorm = 0.4699, lr_0 = 9.1271e-04
Loss = 1.8066e-02, PNorm = 74.2978, GNorm = 0.4994, lr_0 = 9.1226e-04
Loss = 2.3035e-02, PNorm = 74.3160, GNorm = 0.3919, lr_0 = 9.1182e-04
Loss = 1.6469e-02, PNorm = 74.3324, GNorm = 0.1973, lr_0 = 9.1137e-04
Loss = 1.6046e-02, PNorm = 74.3417, GNorm = 0.2201, lr_0 = 9.1092e-04
Loss = 1.8141e-02, PNorm = 74.3519, GNorm = 0.2687, lr_0 = 9.1048e-04
Loss = 1.4165e-02, PNorm = 74.3659, GNorm = 0.5707, lr_0 = 9.1003e-04
Loss = 1.6011e-02, PNorm = 74.3774, GNorm = 0.3981, lr_0 = 9.0959e-04
Loss = 1.6226e-02, PNorm = 74.3938, GNorm = 0.6353, lr_0 = 9.0914e-04
Loss = 1.4905e-02, PNorm = 74.4126, GNorm = 0.1989, lr_0 = 9.0870e-04
Loss = 1.6315e-02, PNorm = 74.4250, GNorm = 0.6724, lr_0 = 9.0825e-04
Loss = 1.6981e-02, PNorm = 74.4380, GNorm = 0.5044, lr_0 = 9.0781e-04
Loss = 1.6091e-02, PNorm = 74.4495, GNorm = 0.2160, lr_0 = 9.0736e-04
Loss = 1.7679e-02, PNorm = 74.4586, GNorm = 0.4770, lr_0 = 9.0692e-04
Loss = 1.7065e-02, PNorm = 74.4704, GNorm = 0.6590, lr_0 = 9.0647e-04
Loss = 2.0763e-02, PNorm = 74.4815, GNorm = 0.3034, lr_0 = 9.0603e-04
Loss = 2.2232e-02, PNorm = 74.4935, GNorm = 0.1953, lr_0 = 9.0558e-04
Loss = 1.5181e-02, PNorm = 74.5088, GNorm = 0.5885, lr_0 = 9.0514e-04
Loss = 2.0201e-02, PNorm = 74.5251, GNorm = 0.6547, lr_0 = 9.0470e-04
Loss = 1.9153e-02, PNorm = 74.5405, GNorm = 0.2161, lr_0 = 9.0425e-04
Loss = 1.8687e-02, PNorm = 74.5550, GNorm = 0.5065, lr_0 = 9.0381e-04
Loss = 1.5755e-02, PNorm = 74.5642, GNorm = 0.1317, lr_0 = 9.0337e-04
Loss = 1.4814e-02, PNorm = 74.5786, GNorm = 0.6425, lr_0 = 9.0293e-04
Loss = 1.6617e-02, PNorm = 74.5913, GNorm = 0.2671, lr_0 = 9.0248e-04
Loss = 1.7324e-02, PNorm = 74.6094, GNorm = 0.7484, lr_0 = 9.0204e-04
Loss = 2.0344e-02, PNorm = 74.6286, GNorm = 1.0122, lr_0 = 9.0160e-04
Loss = 1.5576e-02, PNorm = 74.6440, GNorm = 0.4560, lr_0 = 9.0116e-04
Loss = 1.8678e-02, PNorm = 74.6584, GNorm = 0.2101, lr_0 = 9.0072e-04
Loss = 1.9500e-02, PNorm = 74.6707, GNorm = 0.3618, lr_0 = 9.0028e-04
Loss = 2.1255e-02, PNorm = 74.6885, GNorm = 0.4294, lr_0 = 8.9983e-04
Loss = 2.1098e-02, PNorm = 74.7051, GNorm = 0.1781, lr_0 = 8.9939e-04
Loss = 1.8076e-02, PNorm = 74.7191, GNorm = 0.3847, lr_0 = 8.9895e-04
Loss = 1.8681e-02, PNorm = 74.7342, GNorm = 0.6172, lr_0 = 8.9851e-04
Loss = 2.0503e-02, PNorm = 74.7469, GNorm = 0.2395, lr_0 = 8.9807e-04
Loss = 1.5581e-02, PNorm = 74.7604, GNorm = 0.2503, lr_0 = 8.9763e-04
Loss = 1.8378e-02, PNorm = 74.7667, GNorm = 0.6326, lr_0 = 8.9719e-04
Loss = 1.9974e-02, PNorm = 74.7818, GNorm = 0.4326, lr_0 = 8.9675e-04
Loss = 2.0230e-02, PNorm = 74.7962, GNorm = 0.3205, lr_0 = 8.9631e-04
Loss = 1.9687e-02, PNorm = 74.8084, GNorm = 0.4575, lr_0 = 8.9587e-04
Loss = 1.5799e-02, PNorm = 74.8236, GNorm = 0.1849, lr_0 = 8.9544e-04
Loss = 1.5840e-02, PNorm = 74.8302, GNorm = 0.2342, lr_0 = 8.9500e-04
Loss = 1.6914e-02, PNorm = 74.8334, GNorm = 0.1989, lr_0 = 8.9456e-04
Loss = 1.6539e-02, PNorm = 74.8447, GNorm = 0.3721, lr_0 = 8.9412e-04
Loss = 1.7369e-02, PNorm = 74.8517, GNorm = 0.4132, lr_0 = 8.9368e-04
Loss = 1.9557e-02, PNorm = 74.8673, GNorm = 0.2079, lr_0 = 8.9324e-04
Loss = 1.4689e-02, PNorm = 74.8797, GNorm = 0.4894, lr_0 = 8.9281e-04
Loss = 1.5207e-02, PNorm = 74.8901, GNorm = 0.1381, lr_0 = 8.9237e-04
Loss = 2.1519e-02, PNorm = 74.8959, GNorm = 0.5370, lr_0 = 8.9193e-04
Loss = 1.7093e-02, PNorm = 74.9083, GNorm = 0.3514, lr_0 = 8.9150e-04
Loss = 1.6683e-02, PNorm = 74.9176, GNorm = 1.0274, lr_0 = 8.9106e-04
Loss = 1.8500e-02, PNorm = 74.9320, GNorm = 0.5267, lr_0 = 8.9062e-04
Loss = 2.2892e-02, PNorm = 74.9459, GNorm = 0.3126, lr_0 = 8.9019e-04
Loss = 2.0308e-02, PNorm = 74.9533, GNorm = 0.1614, lr_0 = 8.8975e-04
Loss = 2.1814e-02, PNorm = 74.9645, GNorm = 0.1634, lr_0 = 8.8931e-04
Loss = 1.5270e-02, PNorm = 74.9823, GNorm = 0.6027, lr_0 = 8.8888e-04
Loss = 1.7082e-02, PNorm = 74.9997, GNorm = 0.8015, lr_0 = 8.8844e-04
Loss = 1.7944e-02, PNorm = 75.0114, GNorm = 0.2062, lr_0 = 8.8801e-04
Loss = 1.3397e-02, PNorm = 75.0221, GNorm = 0.4160, lr_0 = 8.8757e-04
Loss = 1.3274e-02, PNorm = 75.0375, GNorm = 0.5049, lr_0 = 8.8714e-04
Loss = 1.6948e-02, PNorm = 75.0486, GNorm = 0.2528, lr_0 = 8.8670e-04
Loss = 1.6789e-02, PNorm = 75.0643, GNorm = 0.5530, lr_0 = 8.8627e-04
Loss = 2.0234e-02, PNorm = 75.0751, GNorm = 0.6621, lr_0 = 8.8583e-04
Loss = 1.7015e-02, PNorm = 75.0876, GNorm = 0.2280, lr_0 = 8.8540e-04
Loss = 1.9972e-02, PNorm = 75.1020, GNorm = 0.5300, lr_0 = 8.8497e-04
Loss = 1.6881e-02, PNorm = 75.1141, GNorm = 0.7512, lr_0 = 8.8453e-04
Loss = 2.2125e-02, PNorm = 75.1300, GNorm = 0.2436, lr_0 = 8.8410e-04
Loss = 2.2706e-02, PNorm = 75.1489, GNorm = 0.6487, lr_0 = 8.8367e-04
Loss = 2.1000e-02, PNorm = 75.1646, GNorm = 0.2386, lr_0 = 8.8323e-04
Loss = 1.7813e-02, PNorm = 75.1779, GNorm = 1.0771, lr_0 = 8.8280e-04
Loss = 1.8661e-02, PNorm = 75.1970, GNorm = 0.6121, lr_0 = 8.8237e-04
Loss = 1.7236e-02, PNorm = 75.2150, GNorm = 0.4080, lr_0 = 8.8194e-04
Loss = 2.0202e-02, PNorm = 75.2262, GNorm = 0.2361, lr_0 = 8.8150e-04
Loss = 1.5524e-02, PNorm = 75.2454, GNorm = 0.3812, lr_0 = 8.8107e-04
Loss = 1.5613e-02, PNorm = 75.2555, GNorm = 0.4478, lr_0 = 8.8064e-04
Loss = 1.3957e-02, PNorm = 75.2691, GNorm = 0.4557, lr_0 = 8.8021e-04
Loss = 1.6924e-02, PNorm = 75.2809, GNorm = 0.4985, lr_0 = 8.7978e-04
Loss = 1.6168e-02, PNorm = 75.2918, GNorm = 0.2537, lr_0 = 8.7935e-04
Loss = 1.5026e-02, PNorm = 75.2985, GNorm = 0.1813, lr_0 = 8.7892e-04
Loss = 1.8441e-02, PNorm = 75.3030, GNorm = 0.3271, lr_0 = 8.7849e-04
Loss = 1.4691e-02, PNorm = 75.3094, GNorm = 0.5051, lr_0 = 8.7806e-04
Loss = 1.8435e-02, PNorm = 75.3168, GNorm = 0.2313, lr_0 = 8.7763e-04
Loss = 2.3767e-02, PNorm = 75.3273, GNorm = 0.6793, lr_0 = 8.7720e-04
Loss = 1.7858e-02, PNorm = 75.3414, GNorm = 0.4513, lr_0 = 8.7677e-04
Loss = 1.5060e-02, PNorm = 75.3582, GNorm = 0.3104, lr_0 = 8.7634e-04
Loss = 1.7044e-02, PNorm = 75.3682, GNorm = 0.5882, lr_0 = 8.7591e-04
Loss = 1.5091e-02, PNorm = 75.3787, GNorm = 0.4685, lr_0 = 8.7548e-04
Loss = 1.7543e-02, PNorm = 75.3899, GNorm = 0.5089, lr_0 = 8.7505e-04
Loss = 1.4223e-02, PNorm = 75.4046, GNorm = 0.3954, lr_0 = 8.7462e-04
Loss = 1.8599e-02, PNorm = 75.4181, GNorm = 0.1494, lr_0 = 8.7419e-04
Loss = 1.7914e-02, PNorm = 75.4318, GNorm = 0.6282, lr_0 = 8.7376e-04
Loss = 1.6696e-02, PNorm = 75.4430, GNorm = 0.3909, lr_0 = 8.7334e-04
Loss = 1.6240e-02, PNorm = 75.4556, GNorm = 0.1486, lr_0 = 8.7291e-04
Loss = 1.7910e-02, PNorm = 75.4640, GNorm = 0.2263, lr_0 = 8.7248e-04
Loss = 2.0359e-02, PNorm = 75.4722, GNorm = 0.1690, lr_0 = 8.7205e-04
Loss = 1.5329e-02, PNorm = 75.4847, GNorm = 0.1815, lr_0 = 8.7163e-04
Loss = 1.6606e-02, PNorm = 75.4976, GNorm = 0.1888, lr_0 = 8.7120e-04
Loss = 1.4992e-02, PNorm = 75.5078, GNorm = 0.1578, lr_0 = 8.7077e-04
Loss = 1.6644e-02, PNorm = 75.5216, GNorm = 0.2080, lr_0 = 8.7035e-04
Loss = 1.7540e-02, PNorm = 75.5286, GNorm = 0.4358, lr_0 = 8.6992e-04
Loss = 1.6750e-02, PNorm = 75.5384, GNorm = 0.2184, lr_0 = 8.6949e-04
Loss = 1.3960e-02, PNorm = 75.5477, GNorm = 0.3357, lr_0 = 8.6907e-04
Loss = 2.1332e-02, PNorm = 75.5594, GNorm = 0.6279, lr_0 = 8.6864e-04
Loss = 2.0087e-02, PNorm = 75.5774, GNorm = 0.2138, lr_0 = 8.6822e-04
Loss = 1.9902e-02, PNorm = 75.5901, GNorm = 0.4590, lr_0 = 8.6779e-04
Loss = 1.8649e-02, PNorm = 75.6031, GNorm = 0.4802, lr_0 = 8.6737e-04
Loss = 1.4051e-02, PNorm = 75.6125, GNorm = 0.1142, lr_0 = 8.6694e-04
Loss = 2.0607e-02, PNorm = 75.6302, GNorm = 0.3306, lr_0 = 8.6652e-04
Loss = 1.6758e-02, PNorm = 75.6431, GNorm = 0.5298, lr_0 = 8.6609e-04
Loss = 1.9354e-02, PNorm = 75.6555, GNorm = 0.3857, lr_0 = 8.6567e-04
Loss = 2.0693e-02, PNorm = 75.6641, GNorm = 0.4028, lr_0 = 8.6524e-04
Loss = 1.9045e-02, PNorm = 75.6736, GNorm = 0.4753, lr_0 = 8.6482e-04
Loss = 1.3523e-02, PNorm = 75.6824, GNorm = 0.2106, lr_0 = 8.6440e-04
Loss = 1.7713e-02, PNorm = 75.6928, GNorm = 0.3004, lr_0 = 8.6397e-04
Loss = 1.4953e-02, PNorm = 75.7039, GNorm = 0.5339, lr_0 = 8.6355e-04
Loss = 1.7553e-02, PNorm = 75.7145, GNorm = 0.1555, lr_0 = 8.6313e-04
Loss = 1.9362e-02, PNorm = 75.7215, GNorm = 0.4260, lr_0 = 8.6270e-04
Loss = 1.8453e-02, PNorm = 75.7376, GNorm = 0.4192, lr_0 = 8.6228e-04
Loss = 1.6430e-02, PNorm = 75.7498, GNorm = 0.6649, lr_0 = 8.6186e-04
Loss = 1.6430e-02, PNorm = 75.7607, GNorm = 0.3754, lr_0 = 8.6144e-04
Loss = 1.3320e-02, PNorm = 75.7713, GNorm = 0.2428, lr_0 = 8.6101e-04
Loss = 1.7630e-02, PNorm = 75.7772, GNorm = 0.3444, lr_0 = 8.6059e-04
Loss = 1.9218e-02, PNorm = 75.7853, GNorm = 0.3752, lr_0 = 8.6017e-04
Loss = 1.9316e-02, PNorm = 75.7954, GNorm = 0.2075, lr_0 = 8.5975e-04
Loss = 1.5963e-02, PNorm = 75.8105, GNorm = 0.2307, lr_0 = 8.5933e-04
Loss = 1.6137e-02, PNorm = 75.8247, GNorm = 0.3302, lr_0 = 8.5891e-04
Loss = 1.7854e-02, PNorm = 75.8326, GNorm = 0.4047, lr_0 = 8.5849e-04
Loss = 2.1960e-02, PNorm = 75.8466, GNorm = 1.0118, lr_0 = 8.5807e-04
Loss = 1.8661e-02, PNorm = 75.8600, GNorm = 0.2712, lr_0 = 8.5765e-04
Loss = 1.4144e-02, PNorm = 75.8760, GNorm = 0.1757, lr_0 = 8.5723e-04
Loss = 1.5339e-02, PNorm = 75.8930, GNorm = 0.0924, lr_0 = 8.5681e-04
Loss = 1.6794e-02, PNorm = 75.9084, GNorm = 0.9481, lr_0 = 8.5639e-04
Loss = 1.9108e-02, PNorm = 75.9192, GNorm = 0.2182, lr_0 = 8.5597e-04
Loss = 1.6642e-02, PNorm = 75.9300, GNorm = 0.2889, lr_0 = 8.5555e-04
Loss = 1.7623e-02, PNorm = 75.9429, GNorm = 0.4963, lr_0 = 8.5513e-04
Loss = 1.7203e-02, PNorm = 75.9531, GNorm = 0.7471, lr_0 = 8.5471e-04
Loss = 2.0437e-02, PNorm = 75.9604, GNorm = 0.4479, lr_0 = 8.5429e-04
Loss = 1.4946e-02, PNorm = 75.9711, GNorm = 0.4169, lr_0 = 8.5387e-04
Loss = 2.1708e-02, PNorm = 75.9789, GNorm = 0.2256, lr_0 = 8.5345e-04
Loss = 1.5558e-02, PNorm = 75.9895, GNorm = 0.2637, lr_0 = 8.5304e-04
Loss = 1.5370e-02, PNorm = 75.9981, GNorm = 0.4078, lr_0 = 8.5262e-04
Loss = 1.5736e-02, PNorm = 76.0061, GNorm = 0.4461, lr_0 = 8.5220e-04
Loss = 1.5522e-02, PNorm = 76.0197, GNorm = 0.3123, lr_0 = 8.5178e-04
Loss = 2.0720e-02, PNorm = 76.0346, GNorm = 0.6145, lr_0 = 8.5136e-04
Loss = 2.2274e-02, PNorm = 76.0463, GNorm = 0.2520, lr_0 = 8.5095e-04
Loss = 2.0958e-02, PNorm = 76.0571, GNorm = 0.9976, lr_0 = 8.5053e-04
Loss = 1.6874e-02, PNorm = 76.0726, GNorm = 0.4041, lr_0 = 8.5011e-04
Loss = 2.0146e-02, PNorm = 76.0889, GNorm = 0.4609, lr_0 = 8.4970e-04
Loss = 2.5781e-02, PNorm = 76.1019, GNorm = 0.5362, lr_0 = 8.4928e-04
Loss = 2.1996e-02, PNorm = 76.1139, GNorm = 0.3664, lr_0 = 8.4887e-04
Loss = 1.6375e-02, PNorm = 76.1322, GNorm = 0.4087, lr_0 = 8.4845e-04
Loss = 2.3427e-02, PNorm = 76.1460, GNorm = 0.7943, lr_0 = 8.4803e-04
Loss = 1.7194e-02, PNorm = 76.1599, GNorm = 0.4061, lr_0 = 8.4762e-04
Loss = 1.6113e-02, PNorm = 76.1709, GNorm = 0.1710, lr_0 = 8.4720e-04
Loss = 1.7854e-02, PNorm = 76.1837, GNorm = 0.5696, lr_0 = 8.4679e-04
Loss = 1.4900e-02, PNorm = 76.1943, GNorm = 0.5248, lr_0 = 8.4637e-04
Loss = 1.6401e-02, PNorm = 76.2003, GNorm = 0.2443, lr_0 = 8.4596e-04
Loss = 1.7515e-02, PNorm = 76.2094, GNorm = 0.5389, lr_0 = 8.4554e-04
Loss = 1.7125e-02, PNorm = 76.2298, GNorm = 0.1786, lr_0 = 8.4513e-04
Loss = 1.4113e-02, PNorm = 76.2464, GNorm = 0.4464, lr_0 = 8.4472e-04
Loss = 1.8250e-02, PNorm = 76.2543, GNorm = 0.6877, lr_0 = 8.4430e-04
Loss = 1.6068e-02, PNorm = 76.2668, GNorm = 0.2164, lr_0 = 8.4389e-04
Loss = 1.3185e-02, PNorm = 76.2805, GNorm = 0.3582, lr_0 = 8.4348e-04
Loss = 2.0625e-02, PNorm = 76.2896, GNorm = 0.4933, lr_0 = 8.4306e-04
Loss = 1.6441e-02, PNorm = 76.3011, GNorm = 0.5376, lr_0 = 8.4265e-04
Loss = 2.1104e-02, PNorm = 76.3137, GNorm = 0.9695, lr_0 = 8.4224e-04
Loss = 1.2255e-02, PNorm = 76.3281, GNorm = 0.3470, lr_0 = 8.4182e-04
Loss = 1.5911e-02, PNorm = 76.3379, GNorm = 0.2310, lr_0 = 8.4141e-04
Loss = 1.3837e-02, PNorm = 76.3482, GNorm = 0.4556, lr_0 = 8.4100e-04
Loss = 1.2823e-02, PNorm = 76.3591, GNorm = 0.2206, lr_0 = 8.4059e-04
Loss = 1.6094e-02, PNorm = 76.3685, GNorm = 0.9080, lr_0 = 8.4018e-04
Loss = 1.7010e-02, PNorm = 76.3792, GNorm = 0.3022, lr_0 = 8.3976e-04
Loss = 1.5717e-02, PNorm = 76.3810, GNorm = 0.4101, lr_0 = 8.3935e-04
Loss = 1.4580e-02, PNorm = 76.3889, GNorm = 0.1803, lr_0 = 8.3894e-04
Loss = 2.1277e-02, PNorm = 76.3957, GNorm = 0.3029, lr_0 = 8.3853e-04
Loss = 2.0042e-02, PNorm = 76.4097, GNorm = 0.2381, lr_0 = 8.3812e-04
Loss = 1.7354e-02, PNorm = 76.4173, GNorm = 0.2811, lr_0 = 8.3771e-04
Loss = 1.3398e-02, PNorm = 76.4298, GNorm = 0.1267, lr_0 = 8.3730e-04
Loss = 2.1183e-02, PNorm = 76.4336, GNorm = 0.2948, lr_0 = 8.3689e-04
Loss = 1.8066e-02, PNorm = 76.4449, GNorm = 0.4431, lr_0 = 8.3648e-04
Loss = 1.6521e-02, PNorm = 76.4576, GNorm = 0.1175, lr_0 = 8.3607e-04
Loss = 1.6913e-02, PNorm = 76.4699, GNorm = 0.2105, lr_0 = 8.3566e-04
Loss = 1.9187e-02, PNorm = 76.4865, GNorm = 0.3054, lr_0 = 8.3525e-04
Loss = 1.4071e-02, PNorm = 76.5009, GNorm = 0.2308, lr_0 = 8.3484e-04
Loss = 1.2788e-02, PNorm = 76.5128, GNorm = 0.3598, lr_0 = 8.3443e-04
Loss = 1.5036e-02, PNorm = 76.5233, GNorm = 0.4678, lr_0 = 8.3402e-04
Loss = 1.8234e-02, PNorm = 76.5338, GNorm = 0.4154, lr_0 = 8.3361e-04
Loss = 2.0078e-02, PNorm = 76.5423, GNorm = 0.0860, lr_0 = 8.3321e-04
Loss = 1.4599e-02, PNorm = 76.5476, GNorm = 0.2460, lr_0 = 8.3280e-04
Loss = 1.6842e-02, PNorm = 76.5516, GNorm = 0.2988, lr_0 = 8.3239e-04
Loss = 1.4873e-02, PNorm = 76.5625, GNorm = 0.1094, lr_0 = 8.3198e-04
Loss = 1.8800e-02, PNorm = 76.5765, GNorm = 0.3851, lr_0 = 8.3157e-04
Loss = 1.3907e-02, PNorm = 76.5865, GNorm = 0.4086, lr_0 = 8.3117e-04
Loss = 1.3345e-02, PNorm = 76.5913, GNorm = 0.4111, lr_0 = 8.3076e-04
Loss = 2.0447e-02, PNorm = 76.5997, GNorm = 0.4872, lr_0 = 8.3035e-04
Loss = 1.9800e-02, PNorm = 76.6137, GNorm = 1.1346, lr_0 = 8.2995e-04
Loss = 2.2908e-02, PNorm = 76.6267, GNorm = 0.4543, lr_0 = 8.2954e-04
Loss = 1.5862e-02, PNorm = 76.6427, GNorm = 0.6079, lr_0 = 8.2913e-04
Loss = 1.8534e-02, PNorm = 76.6526, GNorm = 0.2987, lr_0 = 8.2873e-04
Loss = 1.5282e-02, PNorm = 76.6650, GNorm = 0.4106, lr_0 = 8.2832e-04
Loss = 1.4755e-02, PNorm = 76.6754, GNorm = 0.7136, lr_0 = 8.2792e-04
Loss = 1.9086e-02, PNorm = 76.6817, GNorm = 0.2139, lr_0 = 8.2751e-04
Loss = 1.7782e-02, PNorm = 76.6875, GNorm = 0.2548, lr_0 = 8.2710e-04
Loss = 1.6592e-02, PNorm = 76.6971, GNorm = 0.1497, lr_0 = 8.2670e-04
Loss = 1.6904e-02, PNorm = 76.7112, GNorm = 0.1543, lr_0 = 8.2629e-04
Loss = 1.4493e-02, PNorm = 76.7237, GNorm = 0.1423, lr_0 = 8.2589e-04
Loss = 1.1322e-02, PNorm = 76.7317, GNorm = 0.1634, lr_0 = 8.2549e-04
Loss = 1.5196e-02, PNorm = 76.7409, GNorm = 0.2572, lr_0 = 8.2508e-04
Loss = 1.4318e-02, PNorm = 76.7511, GNorm = 0.6441, lr_0 = 8.2468e-04
Loss = 1.7149e-02, PNorm = 76.7574, GNorm = 0.2908, lr_0 = 8.2427e-04
Loss = 1.6551e-02, PNorm = 76.7690, GNorm = 0.9013, lr_0 = 8.2387e-04
Loss = 1.6036e-02, PNorm = 76.7791, GNorm = 0.1666, lr_0 = 8.2347e-04
Loss = 1.5050e-02, PNorm = 76.7859, GNorm = 0.2345, lr_0 = 8.2306e-04
Loss = 1.6625e-02, PNorm = 76.7948, GNorm = 0.2619, lr_0 = 8.2266e-04
Loss = 1.8293e-02, PNorm = 76.8015, GNorm = 0.4039, lr_0 = 8.2226e-04
Loss = 1.7109e-02, PNorm = 76.8129, GNorm = 0.4878, lr_0 = 8.2185e-04
Loss = 1.6198e-02, PNorm = 76.8235, GNorm = 0.4205, lr_0 = 8.2145e-04
Loss = 1.5002e-02, PNorm = 76.8310, GNorm = 0.3611, lr_0 = 8.2105e-04
Loss = 1.4463e-02, PNorm = 76.8372, GNorm = 0.9424, lr_0 = 8.2065e-04
Loss = 1.6600e-02, PNorm = 76.8455, GNorm = 0.7764, lr_0 = 8.2024e-04
Loss = 1.7604e-02, PNorm = 76.8588, GNorm = 0.3099, lr_0 = 8.1984e-04
Loss = 1.8891e-02, PNorm = 76.8684, GNorm = 0.5446, lr_0 = 8.1944e-04
Loss = 2.2867e-02, PNorm = 76.8785, GNorm = 0.7888, lr_0 = 8.1904e-04
Loss = 2.0169e-02, PNorm = 76.8882, GNorm = 0.4021, lr_0 = 8.1864e-04
Loss = 1.8104e-02, PNorm = 76.9023, GNorm = 0.9047, lr_0 = 8.1824e-04
Loss = 2.0790e-02, PNorm = 76.9163, GNorm = 0.9038, lr_0 = 8.1784e-04
Loss = 1.7211e-02, PNorm = 76.9282, GNorm = 0.5509, lr_0 = 8.1743e-04
Loss = 1.5512e-02, PNorm = 76.9440, GNorm = 0.3511, lr_0 = 8.1703e-04
Loss = 1.7514e-02, PNorm = 76.9555, GNorm = 0.4204, lr_0 = 8.1663e-04
Loss = 1.6549e-02, PNorm = 76.9692, GNorm = 0.3222, lr_0 = 8.1623e-04
Loss = 1.9344e-02, PNorm = 76.9769, GNorm = 0.2911, lr_0 = 8.1583e-04
Loss = 1.1624e-02, PNorm = 76.9891, GNorm = 0.1416, lr_0 = 8.1543e-04
Loss = 2.1751e-02, PNorm = 76.9983, GNorm = 0.9738, lr_0 = 8.1504e-04
Loss = 1.4639e-02, PNorm = 77.0100, GNorm = 0.6470, lr_0 = 8.1464e-04
Loss = 1.3781e-02, PNorm = 77.0252, GNorm = 0.4359, lr_0 = 8.1424e-04
Loss = 1.5153e-02, PNorm = 77.0327, GNorm = 0.2840, lr_0 = 8.1384e-04
Loss = 1.5100e-02, PNorm = 77.0404, GNorm = 0.6297, lr_0 = 8.1344e-04
Loss = 1.5310e-02, PNorm = 77.0513, GNorm = 0.6048, lr_0 = 8.1304e-04
Loss = 1.6010e-02, PNorm = 77.0615, GNorm = 0.5076, lr_0 = 8.1264e-04
Loss = 1.7811e-02, PNorm = 77.0749, GNorm = 0.1673, lr_0 = 8.1224e-04
Loss = 1.4995e-02, PNorm = 77.0830, GNorm = 0.2608, lr_0 = 8.1185e-04
Loss = 1.6496e-02, PNorm = 77.0956, GNorm = 0.4061, lr_0 = 8.1145e-04
Loss = 1.2210e-02, PNorm = 77.1051, GNorm = 0.3065, lr_0 = 8.1105e-04
Loss = 1.4050e-02, PNorm = 77.1133, GNorm = 0.5254, lr_0 = 8.1065e-04
Loss = 1.6270e-02, PNorm = 77.1248, GNorm = 0.3469, lr_0 = 8.1026e-04
Loss = 1.5159e-02, PNorm = 77.1331, GNorm = 0.1840, lr_0 = 8.0986e-04
Loss = 1.5966e-02, PNorm = 77.1457, GNorm = 0.4867, lr_0 = 8.0946e-04
Loss = 1.9221e-02, PNorm = 77.1589, GNorm = 0.4966, lr_0 = 8.0907e-04
Loss = 1.5864e-02, PNorm = 77.1696, GNorm = 0.1799, lr_0 = 8.0867e-04
Loss = 1.4533e-02, PNorm = 77.1799, GNorm = 0.4408, lr_0 = 8.0827e-04
Loss = 1.3129e-02, PNorm = 77.1906, GNorm = 0.2833, lr_0 = 8.0788e-04
Loss = 2.0908e-02, PNorm = 77.1985, GNorm = 0.2238, lr_0 = 8.0748e-04
Loss = 1.5478e-02, PNorm = 77.2047, GNorm = 0.4420, lr_0 = 8.0709e-04
Loss = 1.3981e-02, PNorm = 77.2162, GNorm = 0.5640, lr_0 = 8.0669e-04
Loss = 1.5681e-02, PNorm = 77.2253, GNorm = 0.4687, lr_0 = 8.0630e-04
Loss = 1.7329e-02, PNorm = 77.2333, GNorm = 0.3728, lr_0 = 8.0590e-04
Loss = 1.9449e-02, PNorm = 77.2475, GNorm = 0.4893, lr_0 = 8.0551e-04
Loss = 1.8872e-02, PNorm = 77.2609, GNorm = 0.7783, lr_0 = 8.0511e-04
Loss = 1.7450e-02, PNorm = 77.2715, GNorm = 0.5997, lr_0 = 8.0472e-04
Loss = 1.7051e-02, PNorm = 77.2834, GNorm = 0.1817, lr_0 = 8.0432e-04
Loss = 1.9697e-02, PNorm = 77.3017, GNorm = 0.2042, lr_0 = 8.0393e-04
Loss = 2.0274e-02, PNorm = 77.3212, GNorm = 0.1606, lr_0 = 8.0354e-04
Loss = 1.3748e-02, PNorm = 77.3329, GNorm = 0.4323, lr_0 = 8.0314e-04
Loss = 1.4826e-02, PNorm = 77.3384, GNorm = 0.2273, lr_0 = 8.0275e-04
Loss = 1.4162e-02, PNorm = 77.3495, GNorm = 0.2312, lr_0 = 8.0236e-04
Loss = 1.4676e-02, PNorm = 77.3655, GNorm = 0.3773, lr_0 = 8.0196e-04
Loss = 2.4134e-02, PNorm = 77.3834, GNorm = 0.6461, lr_0 = 8.0157e-04
Loss = 1.8799e-02, PNorm = 77.3925, GNorm = 0.1627, lr_0 = 8.0118e-04
Loss = 1.8182e-02, PNorm = 77.4047, GNorm = 0.4154, lr_0 = 8.0078e-04
Loss = 2.1944e-02, PNorm = 77.4187, GNorm = 0.2647, lr_0 = 8.0039e-04
Loss = 1.7062e-02, PNorm = 77.4286, GNorm = 0.4503, lr_0 = 8.0000e-04
Loss = 2.0849e-02, PNorm = 77.4375, GNorm = 0.2302, lr_0 = 7.9961e-04
Loss = 1.9347e-02, PNorm = 77.4530, GNorm = 0.3283, lr_0 = 7.9922e-04
Loss = 1.8803e-02, PNorm = 77.4686, GNorm = 0.3273, lr_0 = 7.9882e-04
Loss = 1.6994e-02, PNorm = 77.4821, GNorm = 0.3464, lr_0 = 7.9843e-04
Loss = 1.6705e-02, PNorm = 77.4941, GNorm = 0.2469, lr_0 = 7.9804e-04
Loss = 1.6239e-02, PNorm = 77.5072, GNorm = 0.1594, lr_0 = 7.9765e-04
Loss = 1.6065e-02, PNorm = 77.5134, GNorm = 0.6581, lr_0 = 7.9726e-04
Loss = 1.6122e-02, PNorm = 77.5177, GNorm = 0.2471, lr_0 = 7.9687e-04
Loss = 1.7388e-02, PNorm = 77.5321, GNorm = 0.1966, lr_0 = 7.9648e-04
Loss = 2.2977e-02, PNorm = 77.5450, GNorm = 0.1860, lr_0 = 7.9609e-04
Loss = 1.4968e-02, PNorm = 77.5558, GNorm = 0.3536, lr_0 = 7.9570e-04
Loss = 1.6894e-02, PNorm = 77.5636, GNorm = 0.2303, lr_0 = 7.9531e-04
Loss = 1.1396e-02, PNorm = 77.5704, GNorm = 0.2202, lr_0 = 7.9492e-04
Loss = 1.4271e-02, PNorm = 77.5773, GNorm = 0.1500, lr_0 = 7.9453e-04
Loss = 1.7125e-02, PNorm = 77.5926, GNorm = 0.2962, lr_0 = 7.9414e-04
Loss = 1.8527e-02, PNorm = 77.6054, GNorm = 0.2515, lr_0 = 7.9375e-04
Loss = 1.1483e-02, PNorm = 77.6171, GNorm = 0.3530, lr_0 = 7.9336e-04
Loss = 1.5970e-02, PNorm = 77.6253, GNorm = 1.2857, lr_0 = 7.9297e-04
Loss = 1.5969e-02, PNorm = 77.6355, GNorm = 0.8085, lr_0 = 7.9259e-04
Loss = 1.8455e-02, PNorm = 77.6457, GNorm = 0.8070, lr_0 = 7.9220e-04
Loss = 1.4284e-02, PNorm = 77.6555, GNorm = 0.6187, lr_0 = 7.9181e-04
Loss = 1.9284e-02, PNorm = 77.6671, GNorm = 0.5645, lr_0 = 7.9142e-04
Loss = 1.8853e-02, PNorm = 77.6752, GNorm = 0.7558, lr_0 = 7.9103e-04
Loss = 2.2873e-02, PNorm = 77.6816, GNorm = 0.5375, lr_0 = 7.9065e-04
Loss = 2.2250e-02, PNorm = 77.6973, GNorm = 0.4376, lr_0 = 7.9026e-04
Loss = 1.9229e-02, PNorm = 77.7083, GNorm = 0.4278, lr_0 = 7.8987e-04
Loss = 1.6704e-02, PNorm = 77.7221, GNorm = 0.3152, lr_0 = 7.8949e-04
Loss = 1.4419e-02, PNorm = 77.7273, GNorm = 0.5005, lr_0 = 7.8910e-04
Loss = 1.6646e-02, PNorm = 77.7326, GNorm = 0.2466, lr_0 = 7.8871e-04
Loss = 1.6441e-02, PNorm = 77.7421, GNorm = 0.4616, lr_0 = 7.8833e-04
Loss = 1.9309e-02, PNorm = 77.7501, GNorm = 0.6494, lr_0 = 7.8794e-04
Loss = 1.3748e-02, PNorm = 77.7600, GNorm = 0.6247, lr_0 = 7.8755e-04
Loss = 1.5615e-02, PNorm = 77.7698, GNorm = 0.2491, lr_0 = 7.8717e-04
Loss = 1.4939e-02, PNorm = 77.7759, GNorm = 0.7539, lr_0 = 7.8678e-04
Loss = 1.3339e-02, PNorm = 77.7842, GNorm = 0.4484, lr_0 = 7.8640e-04
Loss = 1.3978e-02, PNorm = 77.7895, GNorm = 0.1853, lr_0 = 7.8601e-04
Loss = 1.2108e-02, PNorm = 77.7942, GNorm = 0.4356, lr_0 = 7.8563e-04
Loss = 1.5318e-02, PNorm = 77.8015, GNorm = 0.1400, lr_0 = 7.8524e-04
Loss = 1.9210e-02, PNorm = 77.8071, GNorm = 0.2691, lr_0 = 7.8486e-04
Loss = 2.1938e-02, PNorm = 77.8137, GNorm = 0.7781, lr_0 = 7.8447e-04
Loss = 1.5410e-02, PNorm = 77.8288, GNorm = 0.6275, lr_0 = 7.8409e-04
Loss = 1.8302e-02, PNorm = 77.8461, GNorm = 1.0297, lr_0 = 7.8370e-04
Loss = 2.1716e-02, PNorm = 77.8596, GNorm = 0.9027, lr_0 = 7.8332e-04
Loss = 1.4437e-02, PNorm = 77.8666, GNorm = 0.2104, lr_0 = 7.8294e-04
Loss = 1.6825e-02, PNorm = 77.8789, GNorm = 0.9798, lr_0 = 7.8255e-04
Loss = 1.7294e-02, PNorm = 77.8987, GNorm = 0.7905, lr_0 = 7.8217e-04
Loss = 1.5464e-02, PNorm = 77.9088, GNorm = 0.6330, lr_0 = 7.8179e-04
Loss = 1.8877e-02, PNorm = 77.9202, GNorm = 0.1912, lr_0 = 7.8140e-04
Loss = 1.5133e-02, PNorm = 77.9316, GNorm = 0.2943, lr_0 = 7.8102e-04
Loss = 1.6362e-02, PNorm = 77.9403, GNorm = 0.3382, lr_0 = 7.8064e-04
Loss = 2.0395e-02, PNorm = 77.9464, GNorm = 0.4486, lr_0 = 7.8026e-04
Loss = 1.8750e-02, PNorm = 77.9517, GNorm = 1.0065, lr_0 = 7.7987e-04
Loss = 1.4312e-02, PNorm = 77.9638, GNorm = 0.5570, lr_0 = 7.7949e-04
Loss = 1.4330e-02, PNorm = 77.9749, GNorm = 0.7168, lr_0 = 7.7911e-04
Loss = 1.5561e-02, PNorm = 77.9806, GNorm = 0.1432, lr_0 = 7.7873e-04
Loss = 1.7218e-02, PNorm = 77.9904, GNorm = 0.4266, lr_0 = 7.7835e-04
Loss = 1.7817e-02, PNorm = 78.0035, GNorm = 0.5698, lr_0 = 7.7797e-04
Loss = 1.5350e-02, PNorm = 78.0160, GNorm = 0.3473, lr_0 = 7.7758e-04
Loss = 1.4368e-02, PNorm = 78.0266, GNorm = 0.3336, lr_0 = 7.7720e-04
Loss = 1.5210e-02, PNorm = 78.0330, GNorm = 0.3067, lr_0 = 7.7682e-04
Loss = 1.3853e-02, PNorm = 78.0411, GNorm = 0.4348, lr_0 = 7.7644e-04
Loss = 1.8566e-02, PNorm = 78.0452, GNorm = 0.5057, lr_0 = 7.7606e-04
Loss = 1.6942e-02, PNorm = 78.0526, GNorm = 0.1431, lr_0 = 7.7568e-04
Loss = 1.6973e-02, PNorm = 78.0642, GNorm = 0.3497, lr_0 = 7.7530e-04
Loss = 1.6339e-02, PNorm = 78.0774, GNorm = 0.2638, lr_0 = 7.7492e-04
Loss = 1.7625e-02, PNorm = 78.0895, GNorm = 0.6361, lr_0 = 7.7454e-04
Loss = 1.7386e-02, PNorm = 78.0943, GNorm = 0.5597, lr_0 = 7.7416e-04
Loss = 1.7038e-02, PNorm = 78.1012, GNorm = 0.2750, lr_0 = 7.7378e-04
Loss = 1.6984e-02, PNorm = 78.1094, GNorm = 0.3192, lr_0 = 7.7340e-04
Loss = 1.5770e-02, PNorm = 78.1219, GNorm = 0.3866, lr_0 = 7.7303e-04
Loss = 1.8924e-02, PNorm = 78.1303, GNorm = 1.2852, lr_0 = 7.7265e-04
Loss = 1.7181e-02, PNorm = 78.1360, GNorm = 0.9017, lr_0 = 7.7227e-04
Loss = 1.8180e-02, PNorm = 78.1435, GNorm = 0.4111, lr_0 = 7.7189e-04
Loss = 1.7461e-02, PNorm = 78.1514, GNorm = 0.4071, lr_0 = 7.7151e-04
Loss = 1.7043e-02, PNorm = 78.1622, GNorm = 0.4351, lr_0 = 7.7113e-04
Loss = 1.8221e-02, PNorm = 78.1678, GNorm = 0.2752, lr_0 = 7.7076e-04
Loss = 1.6383e-02, PNorm = 78.1805, GNorm = 0.4316, lr_0 = 7.7038e-04
Loss = 1.9261e-02, PNorm = 78.1866, GNorm = 0.6277, lr_0 = 7.7000e-04
Loss = 1.2607e-02, PNorm = 78.1916, GNorm = 0.3717, lr_0 = 7.6962e-04
Loss = 2.1249e-02, PNorm = 78.1983, GNorm = 0.4624, lr_0 = 7.6925e-04
Loss = 1.8687e-02, PNorm = 78.2094, GNorm = 0.5454, lr_0 = 7.6887e-04
Loss = 1.8435e-02, PNorm = 78.2192, GNorm = 0.4566, lr_0 = 7.6849e-04
Loss = 1.8675e-02, PNorm = 78.2294, GNorm = 0.3440, lr_0 = 7.6812e-04
Loss = 1.6820e-02, PNorm = 78.2413, GNorm = 0.7458, lr_0 = 7.6774e-04
Loss = 1.8069e-02, PNorm = 78.2499, GNorm = 0.3566, lr_0 = 7.6736e-04
Loss = 1.8228e-02, PNorm = 78.2578, GNorm = 0.2297, lr_0 = 7.6699e-04
Loss = 1.5380e-02, PNorm = 78.2679, GNorm = 0.3619, lr_0 = 7.6661e-04
Loss = 1.8025e-02, PNorm = 78.2863, GNorm = 0.1452, lr_0 = 7.6624e-04
Loss = 1.4413e-02, PNorm = 78.2976, GNorm = 0.3748, lr_0 = 7.6586e-04
Loss = 1.4441e-02, PNorm = 78.3003, GNorm = 0.5953, lr_0 = 7.6549e-04
Loss = 1.6727e-02, PNorm = 78.3051, GNorm = 0.8354, lr_0 = 7.6511e-04
Loss = 1.3258e-02, PNorm = 78.3158, GNorm = 0.2694, lr_0 = 7.6474e-04
Loss = 1.4981e-02, PNorm = 78.3254, GNorm = 0.2689, lr_0 = 7.6436e-04
Loss = 1.4103e-02, PNorm = 78.3280, GNorm = 0.2631, lr_0 = 7.6399e-04
Loss = 1.4220e-02, PNorm = 78.3369, GNorm = 0.3224, lr_0 = 7.6361e-04
Loss = 1.5977e-02, PNorm = 78.3400, GNorm = 0.4997, lr_0 = 7.6324e-04
Loss = 1.8387e-02, PNorm = 78.3502, GNorm = 0.4445, lr_0 = 7.6287e-04
Loss = 2.0810e-02, PNorm = 78.3592, GNorm = 0.2059, lr_0 = 7.6249e-04
Loss = 1.5319e-02, PNorm = 78.3692, GNorm = 0.4429, lr_0 = 7.6212e-04
Loss = 1.4215e-02, PNorm = 78.3779, GNorm = 0.6194, lr_0 = 7.6175e-04
Loss = 1.1233e-02, PNorm = 78.3837, GNorm = 0.2897, lr_0 = 7.6137e-04
Loss = 1.6896e-02, PNorm = 78.3928, GNorm = 0.5310, lr_0 = 7.6100e-04
Loss = 1.9502e-02, PNorm = 78.3992, GNorm = 0.5788, lr_0 = 7.6063e-04
Loss = 1.3324e-02, PNorm = 78.4057, GNorm = 0.1677, lr_0 = 7.6025e-04
Loss = 1.6019e-02, PNorm = 78.4156, GNorm = 0.7863, lr_0 = 7.5988e-04
Loss = 1.7923e-02, PNorm = 78.4264, GNorm = 0.2339, lr_0 = 7.5951e-04
Loss = 1.9298e-02, PNorm = 78.4328, GNorm = 0.4490, lr_0 = 7.5914e-04
Loss = 1.4695e-02, PNorm = 78.4412, GNorm = 0.1771, lr_0 = 7.5876e-04
Loss = 1.7659e-02, PNorm = 78.4490, GNorm = 0.3541, lr_0 = 7.5839e-04
Loss = 1.9363e-02, PNorm = 78.4588, GNorm = 0.5760, lr_0 = 7.5802e-04
Loss = 1.7547e-02, PNorm = 78.4673, GNorm = 0.3233, lr_0 = 7.5765e-04
Loss = 1.9019e-02, PNorm = 78.4792, GNorm = 0.3156, lr_0 = 7.5728e-04
Loss = 1.6209e-02, PNorm = 78.4929, GNorm = 0.5548, lr_0 = 7.5691e-04
Loss = 1.7148e-02, PNorm = 78.5033, GNorm = 0.2567, lr_0 = 7.5654e-04
Loss = 1.6803e-02, PNorm = 78.5131, GNorm = 0.3735, lr_0 = 7.5617e-04
Loss = 1.6781e-02, PNorm = 78.5311, GNorm = 0.4742, lr_0 = 7.5580e-04
Loss = 1.8816e-02, PNorm = 78.5409, GNorm = 0.4784, lr_0 = 7.5543e-04
Loss = 1.4260e-02, PNorm = 78.5499, GNorm = 0.4093, lr_0 = 7.5506e-04
Loss = 1.4660e-02, PNorm = 78.5571, GNorm = 0.4060, lr_0 = 7.5469e-04
Loss = 1.2386e-02, PNorm = 78.5634, GNorm = 0.2998, lr_0 = 7.5432e-04
Loss = 1.8403e-02, PNorm = 78.5706, GNorm = 0.5944, lr_0 = 7.5395e-04
Loss = 1.5626e-02, PNorm = 78.5761, GNorm = 0.0889, lr_0 = 7.5358e-04
Loss = 1.5184e-02, PNorm = 78.5877, GNorm = 0.4591, lr_0 = 7.5321e-04
Loss = 1.3212e-02, PNorm = 78.5962, GNorm = 0.5337, lr_0 = 7.5284e-04
Loss = 1.5751e-02, PNorm = 78.6044, GNorm = 0.5322, lr_0 = 7.5247e-04
Loss = 1.6548e-02, PNorm = 78.6168, GNorm = 0.2864, lr_0 = 7.5210e-04
Loss = 1.3813e-02, PNorm = 78.6239, GNorm = 0.4210, lr_0 = 7.5173e-04
Loss = 1.2038e-02, PNorm = 78.6293, GNorm = 0.1812, lr_0 = 7.5137e-04
Loss = 1.7699e-02, PNorm = 78.6377, GNorm = 0.2018, lr_0 = 7.5100e-04
Loss = 1.7409e-02, PNorm = 78.6428, GNorm = 0.1528, lr_0 = 7.5063e-04
Loss = 1.7995e-02, PNorm = 78.6517, GNorm = 0.5878, lr_0 = 7.5026e-04
Loss = 1.6132e-02, PNorm = 78.6626, GNorm = 0.3151, lr_0 = 7.4989e-04
Loss = 1.6524e-02, PNorm = 78.6759, GNorm = 0.2406, lr_0 = 7.4953e-04
Loss = 2.0572e-02, PNorm = 78.6846, GNorm = 0.4268, lr_0 = 7.4916e-04
Loss = 1.4253e-02, PNorm = 78.6903, GNorm = 0.1555, lr_0 = 7.4879e-04
Loss = 1.7074e-02, PNorm = 78.6967, GNorm = 0.3996, lr_0 = 7.4843e-04
Loss = 1.6684e-02, PNorm = 78.7066, GNorm = 0.5080, lr_0 = 7.4806e-04
Loss = 1.6145e-02, PNorm = 78.7170, GNorm = 0.3484, lr_0 = 7.4769e-04
Loss = 1.5561e-02, PNorm = 78.7268, GNorm = 0.4513, lr_0 = 7.4733e-04
Loss = 1.5370e-02, PNorm = 78.7403, GNorm = 0.6206, lr_0 = 7.4696e-04
Loss = 1.6459e-02, PNorm = 78.7498, GNorm = 0.1931, lr_0 = 7.4659e-04
Loss = 1.7479e-02, PNorm = 78.7591, GNorm = 0.1478, lr_0 = 7.4623e-04
Loss = 1.9831e-02, PNorm = 78.7719, GNorm = 0.3566, lr_0 = 7.4586e-04
Loss = 1.7162e-02, PNorm = 78.7835, GNorm = 0.3946, lr_0 = 7.4550e-04
Loss = 1.7303e-02, PNorm = 78.7956, GNorm = 0.2604, lr_0 = 7.4513e-04
Loss = 2.0138e-02, PNorm = 78.8072, GNorm = 0.2840, lr_0 = 7.4477e-04
Loss = 2.1153e-02, PNorm = 78.8163, GNorm = 0.1554, lr_0 = 7.4440e-04
Loss = 1.6224e-02, PNorm = 78.8211, GNorm = 0.5245, lr_0 = 7.4404e-04
Loss = 1.6568e-02, PNorm = 78.8311, GNorm = 0.5111, lr_0 = 7.4367e-04
Loss = 2.1324e-02, PNorm = 78.8382, GNorm = 0.6331, lr_0 = 7.4331e-04
Loss = 1.5834e-02, PNorm = 78.8476, GNorm = 0.2383, lr_0 = 7.4295e-04
Loss = 1.4828e-02, PNorm = 78.8539, GNorm = 0.1260, lr_0 = 7.4258e-04
Loss = 1.6757e-02, PNorm = 78.8634, GNorm = 0.3329, lr_0 = 7.4222e-04
Loss = 1.6475e-02, PNorm = 78.8742, GNorm = 0.5094, lr_0 = 7.4185e-04
Loss = 1.5087e-02, PNorm = 78.8828, GNorm = 0.4478, lr_0 = 7.4149e-04
Loss = 1.0821e-02, PNorm = 78.8850, GNorm = 0.3162, lr_0 = 7.4113e-04
Loss = 1.8653e-02, PNorm = 78.8871, GNorm = 0.6350, lr_0 = 7.4076e-04
Loss = 1.8192e-02, PNorm = 78.8898, GNorm = 0.1892, lr_0 = 7.4040e-04
Loss = 1.5009e-02, PNorm = 78.8955, GNorm = 0.5289, lr_0 = 7.4004e-04
Loss = 1.5109e-02, PNorm = 78.9012, GNorm = 0.3729, lr_0 = 7.3968e-04
Loss = 1.6482e-02, PNorm = 78.9043, GNorm = 0.1460, lr_0 = 7.3931e-04
Loss = 1.5739e-02, PNorm = 78.9125, GNorm = 0.9013, lr_0 = 7.3895e-04
Loss = 1.7663e-02, PNorm = 78.9193, GNorm = 0.7069, lr_0 = 7.3859e-04
Loss = 1.6967e-02, PNorm = 78.9296, GNorm = 0.2842, lr_0 = 7.3823e-04
Loss = 1.7709e-02, PNorm = 78.9397, GNorm = 0.1685, lr_0 = 7.3787e-04
Loss = 1.6545e-02, PNorm = 78.9482, GNorm = 1.2311, lr_0 = 7.3750e-04
Loss = 1.5784e-02, PNorm = 78.9574, GNorm = 0.3827, lr_0 = 7.3714e-04
Loss = 1.7091e-02, PNorm = 78.9640, GNorm = 0.2611, lr_0 = 7.3678e-04
Loss = 2.0290e-02, PNorm = 78.9722, GNorm = 0.2728, lr_0 = 7.3642e-04
Loss = 2.1952e-02, PNorm = 78.9784, GNorm = 0.3864, lr_0 = 7.3606e-04
Loss = 1.6979e-02, PNorm = 78.9893, GNorm = 0.8992, lr_0 = 7.3570e-04
Loss = 1.3359e-02, PNorm = 79.0015, GNorm = 0.2529, lr_0 = 7.3534e-04
Loss = 1.6441e-02, PNorm = 79.0072, GNorm = 0.7550, lr_0 = 7.3498e-04
Loss = 1.9871e-02, PNorm = 79.0173, GNorm = 0.5050, lr_0 = 7.3462e-04
Loss = 1.9264e-02, PNorm = 79.0313, GNorm = 0.3741, lr_0 = 7.3426e-04
Loss = 1.5865e-02, PNorm = 79.0419, GNorm = 0.1143, lr_0 = 7.3390e-04
Loss = 1.4932e-02, PNorm = 79.0541, GNorm = 0.2851, lr_0 = 7.3354e-04
Loss = 1.5631e-02, PNorm = 79.0631, GNorm = 0.4805, lr_0 = 7.3318e-04
Loss = 1.8732e-02, PNorm = 79.0721, GNorm = 0.1597, lr_0 = 7.3282e-04
Loss = 1.6294e-02, PNorm = 79.0791, GNorm = 0.5907, lr_0 = 7.3246e-04
Loss = 1.8344e-02, PNorm = 79.0848, GNorm = 0.1615, lr_0 = 7.3210e-04
Loss = 1.6752e-02, PNorm = 79.0942, GNorm = 0.4557, lr_0 = 7.3175e-04
Loss = 1.3195e-02, PNorm = 79.1049, GNorm = 0.6093, lr_0 = 7.3139e-04
Loss = 1.7656e-02, PNorm = 79.1112, GNorm = 0.3586, lr_0 = 7.3103e-04
Loss = 1.8468e-02, PNorm = 79.1192, GNorm = 0.2592, lr_0 = 7.3067e-04
Loss = 1.3076e-02, PNorm = 79.1249, GNorm = 0.5507, lr_0 = 7.3031e-04
Loss = 1.9141e-02, PNorm = 79.1280, GNorm = 0.3504, lr_0 = 7.2995e-04
Loss = 1.8274e-02, PNorm = 79.1324, GNorm = 0.3257, lr_0 = 7.2960e-04
Loss = 1.5575e-02, PNorm = 79.1410, GNorm = 0.8338, lr_0 = 7.2924e-04
Loss = 1.4122e-02, PNorm = 79.1521, GNorm = 0.1350, lr_0 = 7.2888e-04
Loss = 1.6973e-02, PNorm = 79.1643, GNorm = 0.7184, lr_0 = 7.2853e-04
Loss = 1.6703e-02, PNorm = 79.1779, GNorm = 0.6660, lr_0 = 7.2817e-04
Loss = 1.5272e-02, PNorm = 79.1860, GNorm = 0.3026, lr_0 = 7.2781e-04
Loss = 1.4969e-02, PNorm = 79.1948, GNorm = 0.2593, lr_0 = 7.2746e-04
Loss = 1.4303e-02, PNorm = 79.2007, GNorm = 0.5240, lr_0 = 7.2710e-04
Loss = 1.8754e-02, PNorm = 79.2006, GNorm = 0.2480, lr_0 = 7.2674e-04
Loss = 1.2682e-02, PNorm = 79.2081, GNorm = 0.3420, lr_0 = 7.2639e-04
Loss = 1.7285e-02, PNorm = 79.2152, GNorm = 0.4473, lr_0 = 7.2603e-04
Loss = 1.3976e-02, PNorm = 79.2269, GNorm = 0.4117, lr_0 = 7.2568e-04
Loss = 1.4796e-02, PNorm = 79.2370, GNorm = 0.1776, lr_0 = 7.2532e-04
Loss = 1.5559e-02, PNorm = 79.2471, GNorm = 0.4779, lr_0 = 7.2496e-04
Loss = 1.6548e-02, PNorm = 79.2509, GNorm = 0.9693, lr_0 = 7.2461e-04
Loss = 1.4941e-02, PNorm = 79.2589, GNorm = 0.2529, lr_0 = 7.2425e-04
Loss = 1.5189e-02, PNorm = 79.2671, GNorm = 0.3216, lr_0 = 7.2390e-04
Loss = 1.9063e-02, PNorm = 79.2707, GNorm = 0.2767, lr_0 = 7.2354e-04
Loss = 1.9601e-02, PNorm = 79.2777, GNorm = 0.4542, lr_0 = 7.2319e-04
Loss = 1.6696e-02, PNorm = 79.2876, GNorm = 0.1930, lr_0 = 7.2284e-04
Loss = 2.1826e-02, PNorm = 79.3024, GNorm = 0.2331, lr_0 = 7.2248e-04
Loss = 1.6365e-02, PNorm = 79.3156, GNorm = 0.1819, lr_0 = 7.2213e-04
Loss = 1.6206e-02, PNorm = 79.3252, GNorm = 0.2122, lr_0 = 7.2177e-04
Loss = 1.3911e-02, PNorm = 79.3348, GNorm = 0.9316, lr_0 = 7.2142e-04
Loss = 2.0365e-02, PNorm = 79.3393, GNorm = 0.3139, lr_0 = 7.2107e-04
Loss = 1.1511e-02, PNorm = 79.3456, GNorm = 0.3983, lr_0 = 7.2071e-04
Loss = 1.5491e-02, PNorm = 79.3499, GNorm = 0.2329, lr_0 = 7.2036e-04
Loss = 1.7333e-02, PNorm = 79.3634, GNorm = 0.6117, lr_0 = 7.2001e-04
Loss = 1.5892e-02, PNorm = 79.3770, GNorm = 0.2850, lr_0 = 7.1966e-04
Loss = 1.4497e-02, PNorm = 79.3874, GNorm = 0.3510, lr_0 = 7.1930e-04
Loss = 1.0583e-02, PNorm = 79.3972, GNorm = 0.6903, lr_0 = 7.1895e-04
Loss = 2.1964e-02, PNorm = 79.4042, GNorm = 0.2509, lr_0 = 7.1860e-04
Loss = 1.4867e-02, PNorm = 79.4110, GNorm = 0.1396, lr_0 = 7.1825e-04
Loss = 1.2276e-02, PNorm = 79.4153, GNorm = 0.2461, lr_0 = 7.1789e-04
Loss = 1.4783e-02, PNorm = 79.4238, GNorm = 0.1474, lr_0 = 7.1754e-04
Loss = 1.7303e-02, PNorm = 79.4270, GNorm = 0.2144, lr_0 = 7.1719e-04
Loss = 1.7016e-02, PNorm = 79.4313, GNorm = 0.7430, lr_0 = 7.1684e-04
Loss = 1.2522e-02, PNorm = 79.4387, GNorm = 0.6126, lr_0 = 7.1649e-04
Loss = 1.6099e-02, PNorm = 79.4513, GNorm = 0.3570, lr_0 = 7.1614e-04
Loss = 1.8450e-02, PNorm = 79.4605, GNorm = 0.2562, lr_0 = 7.1579e-04
Loss = 1.3081e-02, PNorm = 79.4681, GNorm = 0.4143, lr_0 = 7.1544e-04
Loss = 1.5278e-02, PNorm = 79.4773, GNorm = 0.4403, lr_0 = 7.1509e-04
Loss = 1.4790e-02, PNorm = 79.4887, GNorm = 0.4163, lr_0 = 7.1474e-04
Loss = 1.8662e-02, PNorm = 79.4917, GNorm = 0.9613, lr_0 = 7.1439e-04
Loss = 1.4931e-02, PNorm = 79.4987, GNorm = 0.1170, lr_0 = 7.1404e-04
Loss = 1.5222e-02, PNorm = 79.5039, GNorm = 0.4941, lr_0 = 7.1369e-04
Loss = 1.8922e-02, PNorm = 79.5105, GNorm = 0.4022, lr_0 = 7.1334e-04
Loss = 1.6521e-02, PNorm = 79.5172, GNorm = 0.3936, lr_0 = 7.1299e-04
Loss = 1.5532e-02, PNorm = 79.5266, GNorm = 0.7961, lr_0 = 7.1264e-04
Loss = 1.6209e-02, PNorm = 79.5331, GNorm = 0.1243, lr_0 = 7.1229e-04
Loss = 1.5829e-02, PNorm = 79.5359, GNorm = 0.2981, lr_0 = 7.1194e-04
Loss = 2.1878e-02, PNorm = 79.5458, GNorm = 0.7358, lr_0 = 7.1159e-04
Loss = 1.9004e-02, PNorm = 79.5523, GNorm = 0.3652, lr_0 = 7.1124e-04
Loss = 1.7685e-02, PNorm = 79.5578, GNorm = 0.9265, lr_0 = 7.1089e-04
Loss = 1.3654e-02, PNorm = 79.5655, GNorm = 0.1428, lr_0 = 7.1055e-04
Loss = 1.3939e-02, PNorm = 79.5720, GNorm = 0.4207, lr_0 = 7.1020e-04
Loss = 1.7191e-02, PNorm = 79.5746, GNorm = 0.4366, lr_0 = 7.0985e-04
Loss = 1.7883e-02, PNorm = 79.5821, GNorm = 0.6694, lr_0 = 7.0950e-04
Loss = 1.3800e-02, PNorm = 79.5909, GNorm = 0.1486, lr_0 = 7.0915e-04
Loss = 1.7817e-02, PNorm = 79.6014, GNorm = 0.1821, lr_0 = 7.0881e-04
Loss = 1.6962e-02, PNorm = 79.6072, GNorm = 0.5175, lr_0 = 7.0846e-04
Loss = 1.6903e-02, PNorm = 79.6198, GNorm = 0.5247, lr_0 = 7.0811e-04
Loss = 1.5733e-02, PNorm = 79.6285, GNorm = 0.2601, lr_0 = 7.0777e-04
Loss = 1.7746e-02, PNorm = 79.6390, GNorm = 0.6527, lr_0 = 7.0742e-04
Loss = 1.3770e-02, PNorm = 79.6482, GNorm = 0.4385, lr_0 = 7.0707e-04
Loss = 1.4061e-02, PNorm = 79.6528, GNorm = 0.1413, lr_0 = 7.0673e-04
Loss = 1.5785e-02, PNorm = 79.6607, GNorm = 0.5246, lr_0 = 7.0638e-04
Loss = 1.5550e-02, PNorm = 79.6655, GNorm = 1.1377, lr_0 = 7.0603e-04
Loss = 1.8478e-02, PNorm = 79.6778, GNorm = 0.6365, lr_0 = 7.0569e-04
Loss = 1.4630e-02, PNorm = 79.6817, GNorm = 0.2168, lr_0 = 7.0534e-04
Loss = 1.4429e-02, PNorm = 79.6892, GNorm = 0.3148, lr_0 = 7.0500e-04
Loss = 1.7098e-02, PNorm = 79.6935, GNorm = 0.4249, lr_0 = 7.0465e-04
Loss = 1.4827e-02, PNorm = 79.6991, GNorm = 0.1830, lr_0 = 7.0431e-04
Loss = 1.7226e-02, PNorm = 79.7116, GNorm = 0.1738, lr_0 = 7.0396e-04
Loss = 1.8918e-02, PNorm = 79.7246, GNorm = 0.2855, lr_0 = 7.0362e-04
Loss = 1.4179e-02, PNorm = 79.7293, GNorm = 0.2073, lr_0 = 7.0327e-04
Loss = 1.3866e-02, PNorm = 79.7389, GNorm = 0.7743, lr_0 = 7.0293e-04
Loss = 1.3740e-02, PNorm = 79.7481, GNorm = 0.2566, lr_0 = 7.0258e-04
Loss = 1.5974e-02, PNorm = 79.7606, GNorm = 0.3127, lr_0 = 7.0224e-04
Loss = 1.2543e-02, PNorm = 79.7703, GNorm = 0.3386, lr_0 = 7.0189e-04
Loss = 1.4108e-02, PNorm = 79.7785, GNorm = 0.5456, lr_0 = 7.0155e-04
Loss = 1.6053e-02, PNorm = 79.7880, GNorm = 0.2635, lr_0 = 7.0121e-04
Loss = 1.6452e-02, PNorm = 79.7966, GNorm = 0.1372, lr_0 = 7.0086e-04
Loss = 1.0902e-02, PNorm = 79.8041, GNorm = 0.3448, lr_0 = 7.0052e-04
Loss = 1.6045e-02, PNorm = 79.8081, GNorm = 0.4126, lr_0 = 7.0018e-04
Loss = 1.6967e-02, PNorm = 79.8116, GNorm = 0.5351, lr_0 = 6.9983e-04
Loss = 1.6836e-02, PNorm = 79.8143, GNorm = 0.1969, lr_0 = 6.9949e-04
Loss = 1.6566e-02, PNorm = 79.8237, GNorm = 0.8229, lr_0 = 6.9915e-04
Loss = 1.9933e-02, PNorm = 79.8288, GNorm = 0.4454, lr_0 = 6.9881e-04
Loss = 1.7969e-02, PNorm = 79.8332, GNorm = 0.2192, lr_0 = 6.9846e-04
Loss = 1.4877e-02, PNorm = 79.8454, GNorm = 0.2746, lr_0 = 6.9812e-04
Loss = 2.0040e-02, PNorm = 79.8589, GNorm = 0.4251, lr_0 = 6.9778e-04
Loss = 1.5852e-02, PNorm = 79.8628, GNorm = 0.5806, lr_0 = 6.9744e-04
Loss = 1.7498e-02, PNorm = 79.8693, GNorm = 0.7631, lr_0 = 6.9710e-04
Loss = 1.1454e-02, PNorm = 79.8804, GNorm = 0.3027, lr_0 = 6.9675e-04
Loss = 1.5163e-02, PNorm = 79.8879, GNorm = 1.0384, lr_0 = 6.9641e-04
Loss = 1.8826e-02, PNorm = 79.8983, GNorm = 0.3854, lr_0 = 6.9607e-04
Loss = 1.9489e-02, PNorm = 79.9084, GNorm = 0.5204, lr_0 = 6.9573e-04
Loss = 1.8719e-02, PNorm = 79.9194, GNorm = 0.2809, lr_0 = 6.9539e-04
Loss = 1.4435e-02, PNorm = 79.9257, GNorm = 0.2418, lr_0 = 6.9505e-04
Loss = 1.5532e-02, PNorm = 79.9343, GNorm = 0.6685, lr_0 = 6.9471e-04
Loss = 1.7600e-02, PNorm = 79.9383, GNorm = 0.3496, lr_0 = 6.9437e-04
Loss = 1.5255e-02, PNorm = 79.9481, GNorm = 0.4150, lr_0 = 6.9403e-04
Loss = 1.7074e-02, PNorm = 79.9542, GNorm = 0.2616, lr_0 = 6.9369e-04
Loss = 1.5235e-02, PNorm = 79.9640, GNorm = 0.2448, lr_0 = 6.9335e-04
Loss = 1.3415e-02, PNorm = 79.9696, GNorm = 0.9381, lr_0 = 6.9301e-04
Loss = 1.4453e-02, PNorm = 79.9751, GNorm = 0.1568, lr_0 = 6.9267e-04
Loss = 2.2148e-02, PNorm = 79.9828, GNorm = 0.4410, lr_0 = 6.9233e-04
Loss = 1.6800e-02, PNorm = 79.9881, GNorm = 0.3377, lr_0 = 6.9199e-04
Loss = 1.6162e-02, PNorm = 79.9976, GNorm = 0.3905, lr_0 = 6.9165e-04
Loss = 1.6563e-02, PNorm = 80.0103, GNorm = 0.4739, lr_0 = 6.9131e-04
Loss = 1.9759e-02, PNorm = 80.0230, GNorm = 1.1274, lr_0 = 6.9097e-04
Loss = 1.6673e-02, PNorm = 80.0351, GNorm = 0.5320, lr_0 = 6.9064e-04
Loss = 1.1717e-02, PNorm = 80.0451, GNorm = 0.5817, lr_0 = 6.9030e-04
Loss = 1.9320e-02, PNorm = 80.0511, GNorm = 0.1586, lr_0 = 6.8996e-04
Loss = 1.8410e-02, PNorm = 80.0580, GNorm = 0.3658, lr_0 = 6.8962e-04
Loss = 1.5363e-02, PNorm = 80.0641, GNorm = 0.3931, lr_0 = 6.8928e-04
Loss = 1.1717e-02, PNorm = 80.0681, GNorm = 0.4836, lr_0 = 6.8895e-04
Loss = 1.2652e-02, PNorm = 80.0801, GNorm = 0.0950, lr_0 = 6.8861e-04
Loss = 1.5266e-02, PNorm = 80.0860, GNorm = 0.3335, lr_0 = 6.8827e-04
Loss = 1.2933e-02, PNorm = 80.0963, GNorm = 0.2667, lr_0 = 6.8793e-04
Loss = 1.4821e-02, PNorm = 80.1026, GNorm = 0.4801, lr_0 = 6.8760e-04
Loss = 1.3331e-02, PNorm = 80.1096, GNorm = 0.2515, lr_0 = 6.8726e-04
Loss = 1.7988e-02, PNorm = 80.1120, GNorm = 0.4111, lr_0 = 6.8692e-04
Loss = 1.4744e-02, PNorm = 80.1146, GNorm = 0.5382, lr_0 = 6.8659e-04
Loss = 1.5180e-02, PNorm = 80.1226, GNorm = 0.5039, lr_0 = 6.8625e-04
Loss = 1.5237e-02, PNorm = 80.1350, GNorm = 0.4022, lr_0 = 6.8591e-04
Loss = 1.3430e-02, PNorm = 80.1429, GNorm = 0.3505, lr_0 = 6.8558e-04
Loss = 1.2422e-02, PNorm = 80.1513, GNorm = 0.5578, lr_0 = 6.8524e-04
Loss = 1.5494e-02, PNorm = 80.1545, GNorm = 0.6379, lr_0 = 6.8491e-04
Loss = 1.4273e-02, PNorm = 80.1617, GNorm = 0.1790, lr_0 = 6.8457e-04
Loss = 1.5268e-02, PNorm = 80.1675, GNorm = 0.3337, lr_0 = 6.8424e-04
Loss = 1.7464e-02, PNorm = 80.1760, GNorm = 0.5286, lr_0 = 6.8390e-04
Loss = 1.6789e-02, PNorm = 80.1790, GNorm = 0.4143, lr_0 = 6.8357e-04
Loss = 1.8829e-02, PNorm = 80.1924, GNorm = 0.2999, lr_0 = 6.8323e-04
Loss = 1.3270e-02, PNorm = 80.2046, GNorm = 0.6516, lr_0 = 6.8290e-04
Loss = 1.9917e-02, PNorm = 80.2121, GNorm = 0.3586, lr_0 = 6.8256e-04
Loss = 1.5121e-02, PNorm = 80.2173, GNorm = 0.1171, lr_0 = 6.8223e-04
Loss = 1.7632e-02, PNorm = 80.2221, GNorm = 0.3219, lr_0 = 6.8189e-04
Loss = 1.0759e-02, PNorm = 80.2281, GNorm = 0.2759, lr_0 = 6.8156e-04
Loss = 1.5868e-02, PNorm = 80.2380, GNorm = 0.4101, lr_0 = 6.8123e-04
Loss = 1.5445e-02, PNorm = 80.2473, GNorm = 0.1704, lr_0 = 6.8089e-04
Loss = 1.3910e-02, PNorm = 80.2539, GNorm = 0.2376, lr_0 = 6.8056e-04
Loss = 1.8880e-02, PNorm = 80.2585, GNorm = 0.3500, lr_0 = 6.8022e-04
Loss = 1.5942e-02, PNorm = 80.2662, GNorm = 0.2542, lr_0 = 6.7989e-04
Loss = 1.8498e-02, PNorm = 80.2696, GNorm = 0.4752, lr_0 = 6.7956e-04
Loss = 1.5009e-02, PNorm = 80.2728, GNorm = 0.5305, lr_0 = 6.7923e-04
Loss = 1.5231e-02, PNorm = 80.2771, GNorm = 0.2804, lr_0 = 6.7889e-04
Loss = 1.6266e-02, PNorm = 80.2824, GNorm = 0.4886, lr_0 = 6.7856e-04
Loss = 1.1606e-02, PNorm = 80.2860, GNorm = 0.2339, lr_0 = 6.7823e-04
Loss = 1.8410e-02, PNorm = 80.2927, GNorm = 0.5011, lr_0 = 6.7790e-04
Loss = 1.4949e-02, PNorm = 80.2964, GNorm = 0.1609, lr_0 = 6.7756e-04
Loss = 1.6075e-02, PNorm = 80.3034, GNorm = 0.5997, lr_0 = 6.7723e-04
Loss = 1.7252e-02, PNorm = 80.3084, GNorm = 0.3852, lr_0 = 6.7690e-04
Loss = 1.6483e-02, PNorm = 80.3180, GNorm = 0.3924, lr_0 = 6.7657e-04
Loss = 1.2143e-02, PNorm = 80.3267, GNorm = 0.2852, lr_0 = 6.7624e-04
Loss = 1.4712e-02, PNorm = 80.3357, GNorm = 0.3895, lr_0 = 6.7591e-04
Loss = 1.4566e-02, PNorm = 80.3423, GNorm = 0.2482, lr_0 = 6.7557e-04
Loss = 1.6996e-02, PNorm = 80.3486, GNorm = 0.2634, lr_0 = 6.7524e-04
Loss = 1.5924e-02, PNorm = 80.3562, GNorm = 0.4565, lr_0 = 6.7491e-04
Loss = 1.6524e-02, PNorm = 80.3619, GNorm = 0.1634, lr_0 = 6.7458e-04
Loss = 1.2297e-02, PNorm = 80.3649, GNorm = 0.3840, lr_0 = 6.7425e-04
Loss = 1.7794e-02, PNorm = 80.3735, GNorm = 0.2694, lr_0 = 6.7392e-04
Loss = 1.3629e-02, PNorm = 80.3844, GNorm = 0.2225, lr_0 = 6.7359e-04
Loss = 1.7805e-02, PNorm = 80.3957, GNorm = 0.7110, lr_0 = 6.7326e-04
Loss = 1.7775e-02, PNorm = 80.4012, GNorm = 0.5124, lr_0 = 6.7293e-04
Loss = 1.7086e-02, PNorm = 80.4094, GNorm = 0.2852, lr_0 = 6.7260e-04
Loss = 1.4673e-02, PNorm = 80.4181, GNorm = 0.4679, lr_0 = 6.7227e-04
Loss = 1.9784e-02, PNorm = 80.4273, GNorm = 0.2926, lr_0 = 6.7194e-04
Loss = 2.1063e-02, PNorm = 80.4395, GNorm = 0.2475, lr_0 = 6.7161e-04
Loss = 1.4941e-02, PNorm = 80.4438, GNorm = 0.2271, lr_0 = 6.7128e-04
Loss = 1.5847e-02, PNorm = 80.4513, GNorm = 0.2912, lr_0 = 6.7096e-04
Loss = 1.9009e-02, PNorm = 80.4561, GNorm = 0.5596, lr_0 = 6.7063e-04
Loss = 1.6041e-02, PNorm = 80.4656, GNorm = 0.2744, lr_0 = 6.7030e-04
Loss = 1.7863e-02, PNorm = 80.4762, GNorm = 1.0354, lr_0 = 6.6997e-04
Loss = 1.6248e-02, PNorm = 80.4883, GNorm = 0.1839, lr_0 = 6.6964e-04
Loss = 1.6108e-02, PNorm = 80.5010, GNorm = 0.5460, lr_0 = 6.6931e-04
Loss = 1.6682e-02, PNorm = 80.5091, GNorm = 0.2056, lr_0 = 6.6899e-04
Loss = 1.8933e-02, PNorm = 80.5218, GNorm = 0.2616, lr_0 = 6.6866e-04
Loss = 1.7998e-02, PNorm = 80.5279, GNorm = 0.7186, lr_0 = 6.6833e-04
Loss = 1.2974e-02, PNorm = 80.5356, GNorm = 0.3348, lr_0 = 6.6800e-04
Loss = 1.5821e-02, PNorm = 80.5367, GNorm = 0.4329, lr_0 = 6.6768e-04
Loss = 2.0216e-02, PNorm = 80.5443, GNorm = 0.4160, lr_0 = 6.6735e-04
Loss = 1.9100e-02, PNorm = 80.5513, GNorm = 0.6164, lr_0 = 6.6702e-04
Loss = 1.7137e-02, PNorm = 80.5609, GNorm = 0.7228, lr_0 = 6.6670e-04
Loss = 1.5259e-02, PNorm = 80.5632, GNorm = 0.6366, lr_0 = 6.6637e-04
Loss = 1.7045e-02, PNorm = 80.5692, GNorm = 0.7044, lr_0 = 6.6604e-04
Loss = 1.6641e-02, PNorm = 80.5749, GNorm = 0.5936, lr_0 = 6.6572e-04
Loss = 1.2656e-02, PNorm = 80.5840, GNorm = 0.2159, lr_0 = 6.6539e-04
Loss = 1.8376e-02, PNorm = 80.5883, GNorm = 0.5173, lr_0 = 6.6506e-04
Loss = 1.5066e-02, PNorm = 80.5956, GNorm = 0.2504, lr_0 = 6.6474e-04
Loss = 1.3628e-02, PNorm = 80.6045, GNorm = 0.5496, lr_0 = 6.6441e-04
Loss = 1.9090e-02, PNorm = 80.6130, GNorm = 0.7590, lr_0 = 6.6409e-04
Loss = 1.3567e-02, PNorm = 80.6266, GNorm = 0.4172, lr_0 = 6.6376e-04
Loss = 1.3891e-02, PNorm = 80.6318, GNorm = 0.2041, lr_0 = 6.6344e-04
Loss = 1.4717e-02, PNorm = 80.6387, GNorm = 0.1819, lr_0 = 6.6311e-04
Loss = 1.5445e-02, PNorm = 80.6468, GNorm = 0.2197, lr_0 = 6.6279e-04
Loss = 1.9841e-02, PNorm = 80.6574, GNorm = 0.5746, lr_0 = 6.6246e-04
Loss = 1.2960e-02, PNorm = 80.6652, GNorm = 0.4052, lr_0 = 6.6214e-04
Loss = 1.5188e-02, PNorm = 80.6679, GNorm = 0.2097, lr_0 = 6.6181e-04
Loss = 2.0009e-02, PNorm = 80.6725, GNorm = 0.2892, lr_0 = 6.6149e-04
Loss = 1.4020e-02, PNorm = 80.6793, GNorm = 0.3909, lr_0 = 6.6116e-04
Loss = 1.8606e-02, PNorm = 80.6845, GNorm = 0.2211, lr_0 = 6.6084e-04
Loss = 1.7386e-02, PNorm = 80.6938, GNorm = 0.2619, lr_0 = 6.6052e-04
Loss = 1.8199e-02, PNorm = 80.7043, GNorm = 0.3219, lr_0 = 6.6019e-04
Loss = 1.4875e-02, PNorm = 80.7077, GNorm = 0.3186, lr_0 = 6.5987e-04
Loss = 1.3304e-02, PNorm = 80.7153, GNorm = 0.2388, lr_0 = 6.5955e-04
Loss = 1.8827e-02, PNorm = 80.7223, GNorm = 0.2330, lr_0 = 6.5922e-04
Loss = 1.2799e-02, PNorm = 80.7289, GNorm = 0.2565, lr_0 = 6.5890e-04
Loss = 1.7550e-02, PNorm = 80.7392, GNorm = 0.5403, lr_0 = 6.5858e-04
Loss = 1.6123e-02, PNorm = 80.7437, GNorm = 0.5988, lr_0 = 6.5826e-04
Loss = 1.6690e-02, PNorm = 80.7550, GNorm = 0.7941, lr_0 = 6.5793e-04
Loss = 1.4530e-02, PNorm = 80.7612, GNorm = 0.2637, lr_0 = 6.5761e-04
Loss = 1.4886e-02, PNorm = 80.7668, GNorm = 0.7263, lr_0 = 6.5729e-04
Loss = 1.5321e-02, PNorm = 80.7696, GNorm = 0.3158, lr_0 = 6.5697e-04
Loss = 1.6878e-02, PNorm = 80.7762, GNorm = 0.2082, lr_0 = 6.5664e-04
Loss = 1.5745e-02, PNorm = 80.7844, GNorm = 0.3042, lr_0 = 6.5632e-04
Loss = 1.6508e-02, PNorm = 80.7919, GNorm = 0.4522, lr_0 = 6.5600e-04
Loss = 1.5965e-02, PNorm = 80.7991, GNorm = 0.2455, lr_0 = 6.5568e-04
Loss = 1.7892e-02, PNorm = 80.8046, GNorm = 0.1965, lr_0 = 6.5536e-04
Loss = 1.8366e-02, PNorm = 80.8109, GNorm = 0.1689, lr_0 = 6.5504e-04
Loss = 1.0867e-02, PNorm = 80.8169, GNorm = 0.1508, lr_0 = 6.5472e-04
Loss = 1.5329e-02, PNorm = 80.8223, GNorm = 0.3458, lr_0 = 6.5440e-04
Loss = 1.7870e-02, PNorm = 80.8283, GNorm = 0.3911, lr_0 = 6.5408e-04
Loss = 2.0918e-02, PNorm = 80.8343, GNorm = 0.4197, lr_0 = 6.5376e-04
Loss = 1.6919e-02, PNorm = 80.8399, GNorm = 0.2942, lr_0 = 6.5344e-04
Loss = 1.8881e-02, PNorm = 80.8512, GNorm = 0.4118, lr_0 = 6.5312e-04
Loss = 1.5929e-02, PNorm = 80.8598, GNorm = 0.3752, lr_0 = 6.5280e-04
Loss = 1.4278e-02, PNorm = 80.8684, GNorm = 0.3480, lr_0 = 6.5248e-04
Loss = 2.1397e-02, PNorm = 80.8733, GNorm = 0.6839, lr_0 = 6.5216e-04
Loss = 1.6766e-02, PNorm = 80.8833, GNorm = 1.0099, lr_0 = 6.5184e-04
Loss = 1.7836e-02, PNorm = 80.8917, GNorm = 0.5338, lr_0 = 6.5152e-04
Loss = 1.5141e-02, PNorm = 80.8993, GNorm = 0.3481, lr_0 = 6.5120e-04
Loss = 1.5228e-02, PNorm = 80.9042, GNorm = 0.3399, lr_0 = 6.5088e-04
Loss = 1.7757e-02, PNorm = 80.9120, GNorm = 1.2861, lr_0 = 6.5056e-04
Loss = 1.6803e-02, PNorm = 80.9163, GNorm = 0.3690, lr_0 = 6.5024e-04
Loss = 1.9864e-02, PNorm = 80.9251, GNorm = 0.4223, lr_0 = 6.4992e-04
Loss = 1.3368e-02, PNorm = 80.9301, GNorm = 0.1193, lr_0 = 6.4960e-04
Loss = 1.5321e-02, PNorm = 80.9345, GNorm = 0.1782, lr_0 = 6.4929e-04
Loss = 1.6181e-02, PNorm = 80.9408, GNorm = 0.1536, lr_0 = 6.4897e-04
Loss = 1.4685e-02, PNorm = 80.9434, GNorm = 0.4242, lr_0 = 6.4865e-04
Loss = 1.7924e-02, PNorm = 80.9462, GNorm = 0.2107, lr_0 = 6.4833e-04
Loss = 1.4784e-02, PNorm = 80.9521, GNorm = 0.1234, lr_0 = 6.4801e-04
Loss = 1.3485e-02, PNorm = 80.9597, GNorm = 0.2099, lr_0 = 6.4770e-04
Loss = 1.3465e-02, PNorm = 80.9679, GNorm = 0.2709, lr_0 = 6.4738e-04
Loss = 1.9148e-02, PNorm = 80.9749, GNorm = 1.0113, lr_0 = 6.4706e-04
Loss = 1.6290e-02, PNorm = 80.9806, GNorm = 0.3892, lr_0 = 6.4675e-04
Loss = 1.7250e-02, PNorm = 80.9880, GNorm = 0.4255, lr_0 = 6.4643e-04
Loss = 9.5542e-03, PNorm = 80.9923, GNorm = 0.1905, lr_0 = 6.4611e-04
Loss = 1.4430e-02, PNorm = 80.9990, GNorm = 0.5711, lr_0 = 6.4580e-04
Loss = 1.1985e-02, PNorm = 81.0070, GNorm = 0.6439, lr_0 = 6.4548e-04
Loss = 1.0887e-02, PNorm = 81.0136, GNorm = 0.2633, lr_0 = 6.4516e-04
Loss = 1.8265e-02, PNorm = 81.0179, GNorm = 0.2239, lr_0 = 6.4485e-04
Loss = 1.2563e-02, PNorm = 81.0240, GNorm = 0.2670, lr_0 = 6.4453e-04
Loss = 1.6158e-02, PNorm = 81.0285, GNorm = 0.3239, lr_0 = 6.4422e-04
Loss = 1.8978e-02, PNorm = 81.0342, GNorm = 0.9353, lr_0 = 6.4390e-04
Loss = 1.3419e-02, PNorm = 81.0390, GNorm = 1.1333, lr_0 = 6.4358e-04
Loss = 1.8147e-02, PNorm = 81.0444, GNorm = 0.4387, lr_0 = 6.4327e-04
Loss = 1.5771e-02, PNorm = 81.0538, GNorm = 0.5034, lr_0 = 6.4295e-04
Loss = 1.6389e-02, PNorm = 81.0622, GNorm = 0.3824, lr_0 = 6.4264e-04
Loss = 1.4285e-02, PNorm = 81.0674, GNorm = 0.5379, lr_0 = 6.4232e-04
Loss = 1.6610e-02, PNorm = 81.0741, GNorm = 0.2394, lr_0 = 6.4201e-04
Loss = 1.7786e-02, PNorm = 81.0816, GNorm = 0.5315, lr_0 = 6.4170e-04
Loss = 9.4949e-03, PNorm = 81.0875, GNorm = 0.2646, lr_0 = 6.4138e-04
Loss = 1.2342e-02, PNorm = 81.0940, GNorm = 0.1862, lr_0 = 6.4107e-04
Loss = 1.2004e-02, PNorm = 81.0995, GNorm = 0.2585, lr_0 = 6.4075e-04
Loss = 1.4979e-02, PNorm = 81.1054, GNorm = 0.2697, lr_0 = 6.4044e-04
Loss = 1.4645e-02, PNorm = 81.1087, GNorm = 0.6834, lr_0 = 6.4013e-04
Loss = 1.3390e-02, PNorm = 81.1110, GNorm = 0.3849, lr_0 = 6.3981e-04
Loss = 1.5626e-02, PNorm = 81.1163, GNorm = 0.3053, lr_0 = 6.3950e-04
Loss = 1.4210e-02, PNorm = 81.1217, GNorm = 0.5864, lr_0 = 6.3918e-04
Loss = 1.3075e-02, PNorm = 81.1275, GNorm = 0.3168, lr_0 = 6.3887e-04
Loss = 1.3148e-02, PNorm = 81.1362, GNorm = 0.1551, lr_0 = 6.3856e-04
Loss = 2.3134e-02, PNorm = 81.1416, GNorm = 0.6911, lr_0 = 6.3825e-04
Loss = 1.5240e-02, PNorm = 81.1547, GNorm = 0.3386, lr_0 = 6.3793e-04
Loss = 1.6645e-02, PNorm = 81.1604, GNorm = 0.1389, lr_0 = 6.3762e-04
Loss = 1.6646e-02, PNorm = 81.1678, GNorm = 0.5533, lr_0 = 6.3731e-04
Loss = 1.7903e-02, PNorm = 81.1768, GNorm = 0.5400, lr_0 = 6.3700e-04
Loss = 1.7544e-02, PNorm = 81.1910, GNorm = 0.8037, lr_0 = 6.3668e-04
Loss = 1.6595e-02, PNorm = 81.2007, GNorm = 0.5582, lr_0 = 6.3637e-04
Loss = 1.7181e-02, PNorm = 81.2087, GNorm = 0.4827, lr_0 = 6.3606e-04
Loss = 1.3254e-02, PNorm = 81.2169, GNorm = 0.2028, lr_0 = 6.3575e-04
Loss = 1.6720e-02, PNorm = 81.2230, GNorm = 0.5425, lr_0 = 6.3544e-04
Loss = 1.7888e-02, PNorm = 81.2295, GNorm = 1.1132, lr_0 = 6.3513e-04
Loss = 1.6557e-02, PNorm = 81.2373, GNorm = 0.8646, lr_0 = 6.3482e-04
Loss = 1.4135e-02, PNorm = 81.2452, GNorm = 0.1979, lr_0 = 6.3450e-04
Loss = 1.4141e-02, PNorm = 81.2513, GNorm = 0.3409, lr_0 = 6.3419e-04
Loss = 1.3307e-02, PNorm = 81.2554, GNorm = 0.5224, lr_0 = 6.3388e-04
Loss = 1.7315e-02, PNorm = 81.2618, GNorm = 0.2001, lr_0 = 6.3357e-04
Loss = 1.2125e-02, PNorm = 81.2722, GNorm = 0.3134, lr_0 = 6.3326e-04
Loss = 1.8986e-02, PNorm = 81.2758, GNorm = 0.2878, lr_0 = 6.3295e-04
Loss = 1.7726e-02, PNorm = 81.2797, GNorm = 0.2748, lr_0 = 6.3264e-04
Loss = 1.5613e-02, PNorm = 81.2918, GNorm = 0.5387, lr_0 = 6.3233e-04
Loss = 1.2588e-02, PNorm = 81.3032, GNorm = 0.3502, lr_0 = 6.3202e-04
Loss = 1.3427e-02, PNorm = 81.3089, GNorm = 0.3583, lr_0 = 6.3171e-04
Loss = 1.6658e-02, PNorm = 81.3115, GNorm = 0.3238, lr_0 = 6.3140e-04
Loss = 1.7087e-02, PNorm = 81.3158, GNorm = 0.7599, lr_0 = 6.3109e-04
Loss = 1.5107e-02, PNorm = 81.3177, GNorm = 0.2229, lr_0 = 6.3078e-04
Loss = 1.3621e-02, PNorm = 81.3247, GNorm = 0.3237, lr_0 = 6.3048e-04
Loss = 1.5492e-02, PNorm = 81.3264, GNorm = 0.2555, lr_0 = 6.3017e-04
Loss = 1.3567e-02, PNorm = 81.3316, GNorm = 0.1273, lr_0 = 6.2986e-04
Loss = 1.3809e-02, PNorm = 81.3361, GNorm = 0.4786, lr_0 = 6.2955e-04
Loss = 1.1622e-02, PNorm = 81.3424, GNorm = 0.1740, lr_0 = 6.2924e-04
Loss = 1.3360e-02, PNorm = 81.3475, GNorm = 0.5166, lr_0 = 6.2893e-04
Loss = 1.7340e-02, PNorm = 81.3548, GNorm = 0.3347, lr_0 = 6.2862e-04
Loss = 1.8843e-02, PNorm = 81.3624, GNorm = 0.4657, lr_0 = 6.2832e-04
Loss = 1.3092e-02, PNorm = 81.3692, GNorm = 0.4489, lr_0 = 6.2801e-04
Loss = 1.4132e-02, PNorm = 81.3727, GNorm = 0.4366, lr_0 = 6.2770e-04
Loss = 1.2140e-02, PNorm = 81.3762, GNorm = 0.3547, lr_0 = 6.2739e-04
Loss = 1.5424e-02, PNorm = 81.3782, GNorm = 0.2103, lr_0 = 6.2709e-04
Loss = 1.3325e-02, PNorm = 81.3858, GNorm = 0.1645, lr_0 = 6.2678e-04
Loss = 1.4417e-02, PNorm = 81.3918, GNorm = 0.2708, lr_0 = 6.2647e-04
Loss = 1.4282e-02, PNorm = 81.4000, GNorm = 0.4161, lr_0 = 6.2617e-04
Loss = 1.5600e-02, PNorm = 81.4099, GNorm = 0.2391, lr_0 = 6.2586e-04
Loss = 1.3243e-02, PNorm = 81.4148, GNorm = 0.5749, lr_0 = 6.2555e-04
Loss = 1.4186e-02, PNorm = 81.4242, GNorm = 0.8322, lr_0 = 6.2525e-04
Loss = 1.6729e-02, PNorm = 81.4269, GNorm = 0.2577, lr_0 = 6.2494e-04
Loss = 1.8781e-02, PNorm = 81.4342, GNorm = 0.3536, lr_0 = 6.2463e-04
Loss = 1.8724e-02, PNorm = 81.4393, GNorm = 0.2774, lr_0 = 6.2433e-04
Loss = 1.6146e-02, PNorm = 81.4455, GNorm = 0.6441, lr_0 = 6.2402e-04
Loss = 1.4255e-02, PNorm = 81.4531, GNorm = 0.1512, lr_0 = 6.2372e-04
Loss = 1.8572e-02, PNorm = 81.4621, GNorm = 0.3172, lr_0 = 6.2341e-04
Loss = 1.7722e-02, PNorm = 81.4675, GNorm = 0.7841, lr_0 = 6.2310e-04
Loss = 1.7262e-02, PNorm = 81.4697, GNorm = 0.8107, lr_0 = 6.2280e-04
Loss = 1.5242e-02, PNorm = 81.4756, GNorm = 0.4380, lr_0 = 6.2249e-04
Loss = 1.4916e-02, PNorm = 81.4817, GNorm = 0.7404, lr_0 = 6.2219e-04
Loss = 1.3766e-02, PNorm = 81.4889, GNorm = 0.3682, lr_0 = 6.2188e-04
Loss = 1.4464e-02, PNorm = 81.4944, GNorm = 0.3983, lr_0 = 6.2158e-04
Loss = 1.6742e-02, PNorm = 81.5006, GNorm = 0.4144, lr_0 = 6.2128e-04
Loss = 1.7601e-02, PNorm = 81.5116, GNorm = 0.6665, lr_0 = 6.2097e-04
Loss = 1.4140e-02, PNorm = 81.5178, GNorm = 0.2927, lr_0 = 6.2067e-04
Loss = 1.3034e-02, PNorm = 81.5282, GNorm = 1.0387, lr_0 = 6.2036e-04
Loss = 1.4873e-02, PNorm = 81.5310, GNorm = 0.1994, lr_0 = 6.2006e-04
Loss = 1.9537e-02, PNorm = 81.5381, GNorm = 0.2310, lr_0 = 6.1975e-04
Loss = 1.9352e-02, PNorm = 81.5447, GNorm = 0.3258, lr_0 = 6.1945e-04
Loss = 1.6691e-02, PNorm = 81.5542, GNorm = 0.2225, lr_0 = 6.1915e-04
Loss = 1.5442e-02, PNorm = 81.5598, GNorm = 0.1796, lr_0 = 6.1884e-04
Loss = 1.2146e-02, PNorm = 81.5643, GNorm = 0.5348, lr_0 = 6.1854e-04
Loss = 1.3883e-02, PNorm = 81.5643, GNorm = 0.2381, lr_0 = 6.1824e-04
Loss = 1.1722e-02, PNorm = 81.5690, GNorm = 0.1973, lr_0 = 6.1794e-04
Loss = 1.7499e-02, PNorm = 81.5726, GNorm = 0.5951, lr_0 = 6.1763e-04
Loss = 1.1550e-02, PNorm = 81.5799, GNorm = 0.3067, lr_0 = 6.1733e-04
Loss = 1.4602e-02, PNorm = 81.5881, GNorm = 0.6245, lr_0 = 6.1703e-04
Loss = 1.5845e-02, PNorm = 81.5961, GNorm = 0.5327, lr_0 = 6.1673e-04
Loss = 1.7741e-02, PNorm = 81.6007, GNorm = 0.7992, lr_0 = 6.1642e-04
Loss = 1.4454e-02, PNorm = 81.6040, GNorm = 0.2785, lr_0 = 6.1612e-04
Loss = 1.3622e-02, PNorm = 81.6097, GNorm = 0.2458, lr_0 = 6.1582e-04
Loss = 1.2441e-02, PNorm = 81.6151, GNorm = 0.2736, lr_0 = 6.1552e-04
Loss = 1.2180e-02, PNorm = 81.6207, GNorm = 0.5221, lr_0 = 6.1522e-04
Loss = 1.5125e-02, PNorm = 81.6261, GNorm = 0.2283, lr_0 = 6.1492e-04
Loss = 1.4286e-02, PNorm = 81.6319, GNorm = 0.2686, lr_0 = 6.1461e-04
Loss = 1.4601e-02, PNorm = 81.6361, GNorm = 0.5382, lr_0 = 6.1431e-04
Loss = 1.5761e-02, PNorm = 81.6383, GNorm = 0.5350, lr_0 = 6.1401e-04
Loss = 1.6254e-02, PNorm = 81.6464, GNorm = 0.5705, lr_0 = 6.1371e-04
Loss = 1.4011e-02, PNorm = 81.6528, GNorm = 0.1926, lr_0 = 6.1341e-04
Loss = 1.4819e-02, PNorm = 81.6607, GNorm = 0.2747, lr_0 = 6.1311e-04
Loss = 1.4381e-02, PNorm = 81.6667, GNorm = 0.1756, lr_0 = 6.1281e-04
Loss = 1.7003e-02, PNorm = 81.6710, GNorm = 0.6045, lr_0 = 6.1251e-04
Loss = 1.2953e-02, PNorm = 81.6825, GNorm = 0.2153, lr_0 = 6.1221e-04
Loss = 1.4599e-02, PNorm = 81.6884, GNorm = 0.1658, lr_0 = 6.1191e-04
Loss = 1.4340e-02, PNorm = 81.6940, GNorm = 0.2292, lr_0 = 6.1161e-04
Loss = 1.0966e-02, PNorm = 81.6989, GNorm = 0.3682, lr_0 = 6.1131e-04
Loss = 1.3461e-02, PNorm = 81.7045, GNorm = 0.3686, lr_0 = 6.1101e-04
Loss = 1.9372e-02, PNorm = 81.7117, GNorm = 0.8214, lr_0 = 6.1071e-04
Loss = 1.2099e-02, PNorm = 81.7172, GNorm = 0.2849, lr_0 = 6.1041e-04
Loss = 1.2851e-02, PNorm = 81.7206, GNorm = 0.8571, lr_0 = 6.1011e-04
Loss = 1.3845e-02, PNorm = 81.7242, GNorm = 0.7671, lr_0 = 6.0981e-04
Loss = 1.6180e-02, PNorm = 81.7291, GNorm = 0.1659, lr_0 = 6.0952e-04
Loss = 1.2795e-02, PNorm = 81.7377, GNorm = 0.1750, lr_0 = 6.0922e-04
Loss = 1.2723e-02, PNorm = 81.7423, GNorm = 0.5108, lr_0 = 6.0892e-04
Loss = 1.1995e-02, PNorm = 81.7489, GNorm = 0.2433, lr_0 = 6.0862e-04
Loss = 1.5630e-02, PNorm = 81.7533, GNorm = 0.3458, lr_0 = 6.0832e-04
Loss = 1.8040e-02, PNorm = 81.7556, GNorm = 0.3983, lr_0 = 6.0802e-04
Loss = 1.2661e-02, PNorm = 81.7628, GNorm = 0.3149, lr_0 = 6.0773e-04
Loss = 1.3941e-02, PNorm = 81.7668, GNorm = 0.2945, lr_0 = 6.0743e-04
Loss = 1.3159e-02, PNorm = 81.7716, GNorm = 0.2919, lr_0 = 6.0713e-04
Loss = 1.3828e-02, PNorm = 81.7755, GNorm = 0.4125, lr_0 = 6.0683e-04
Loss = 1.6550e-02, PNorm = 81.7810, GNorm = 0.4341, lr_0 = 6.0654e-04
Loss = 1.9169e-02, PNorm = 81.7898, GNorm = 0.6047, lr_0 = 6.0624e-04
Loss = 1.5076e-02, PNorm = 81.7974, GNorm = 0.2387, lr_0 = 6.0594e-04
Loss = 1.6220e-02, PNorm = 81.8050, GNorm = 0.2548, lr_0 = 6.0565e-04
Loss = 1.3114e-02, PNorm = 81.8123, GNorm = 0.3402, lr_0 = 6.0535e-04
Loss = 1.6207e-02, PNorm = 81.8159, GNorm = 0.1497, lr_0 = 6.0505e-04
Loss = 9.8836e-03, PNorm = 81.8221, GNorm = 0.2899, lr_0 = 6.0476e-04
Loss = 1.1791e-02, PNorm = 81.8289, GNorm = 0.3639, lr_0 = 6.0446e-04
Loss = 1.5123e-02, PNorm = 81.8355, GNorm = 0.9279, lr_0 = 6.0416e-04
Loss = 1.5455e-02, PNorm = 81.8412, GNorm = 0.2499, lr_0 = 6.0387e-04
Loss = 1.4244e-02, PNorm = 81.8443, GNorm = 0.3687, lr_0 = 6.0357e-04
Loss = 1.5526e-02, PNorm = 81.8508, GNorm = 0.2397, lr_0 = 6.0328e-04
Loss = 1.3576e-02, PNorm = 81.8608, GNorm = 0.3421, lr_0 = 6.0298e-04
Loss = 1.6983e-02, PNorm = 81.8663, GNorm = 0.3795, lr_0 = 6.0268e-04
Loss = 1.7603e-02, PNorm = 81.8701, GNorm = 0.2905, lr_0 = 6.0239e-04
Loss = 1.8463e-02, PNorm = 81.8735, GNorm = 0.6528, lr_0 = 6.0209e-04
Loss = 1.3302e-02, PNorm = 81.8795, GNorm = 0.1143, lr_0 = 6.0180e-04
Loss = 1.5132e-02, PNorm = 81.8895, GNorm = 0.4503, lr_0 = 6.0150e-04
Loss = 1.7264e-02, PNorm = 81.8923, GNorm = 0.6326, lr_0 = 6.0121e-04
Loss = 1.4381e-02, PNorm = 81.9007, GNorm = 0.2929, lr_0 = 6.0092e-04
Loss = 1.3678e-02, PNorm = 81.9105, GNorm = 0.4955, lr_0 = 6.0062e-04
Loss = 1.0302e-02, PNorm = 81.9190, GNorm = 0.5788, lr_0 = 6.0033e-04
Loss = 1.5112e-02, PNorm = 81.9240, GNorm = 0.1826, lr_0 = 6.0003e-04
Loss = 1.1304e-02, PNorm = 81.9344, GNorm = 0.1800, lr_0 = 5.9974e-04
Loss = 1.2944e-02, PNorm = 81.9377, GNorm = 0.1831, lr_0 = 5.9945e-04
Loss = 1.0168e-02, PNorm = 81.9413, GNorm = 0.2999, lr_0 = 5.9915e-04
Loss = 1.4150e-02, PNorm = 81.9430, GNorm = 0.2961, lr_0 = 5.9886e-04
Loss = 1.1301e-02, PNorm = 81.9519, GNorm = 0.2375, lr_0 = 5.9856e-04
Loss = 1.3076e-02, PNorm = 81.9566, GNorm = 0.4667, lr_0 = 5.9827e-04
Loss = 1.3281e-02, PNorm = 81.9584, GNorm = 0.1936, lr_0 = 5.9798e-04
Loss = 1.0200e-02, PNorm = 81.9608, GNorm = 0.2693, lr_0 = 5.9769e-04
Loss = 1.4054e-02, PNorm = 81.9634, GNorm = 0.5363, lr_0 = 5.9739e-04
Loss = 1.8638e-02, PNorm = 81.9664, GNorm = 0.2917, lr_0 = 5.9710e-04
Loss = 1.2831e-02, PNorm = 81.9730, GNorm = 0.3179, lr_0 = 5.9681e-04
Loss = 1.5988e-02, PNorm = 81.9773, GNorm = 0.1511, lr_0 = 5.9652e-04
Loss = 1.3158e-02, PNorm = 81.9824, GNorm = 0.2982, lr_0 = 5.9622e-04
Loss = 1.5663e-02, PNorm = 81.9876, GNorm = 0.2707, lr_0 = 5.9593e-04
Loss = 1.6418e-02, PNorm = 81.9958, GNorm = 0.5205, lr_0 = 5.9564e-04
Loss = 1.8663e-02, PNorm = 82.0009, GNorm = 0.5766, lr_0 = 5.9535e-04
Loss = 1.2887e-02, PNorm = 82.0091, GNorm = 0.2030, lr_0 = 5.9506e-04
Loss = 1.5835e-02, PNorm = 82.0174, GNorm = 0.3644, lr_0 = 5.9476e-04
Loss = 1.5643e-02, PNorm = 82.0243, GNorm = 0.5527, lr_0 = 5.9447e-04
Loss = 1.4022e-02, PNorm = 82.0295, GNorm = 0.7960, lr_0 = 5.9418e-04
Loss = 1.7156e-02, PNorm = 82.0292, GNorm = 0.3337, lr_0 = 5.9389e-04
Loss = 1.5354e-02, PNorm = 82.0373, GNorm = 0.3200, lr_0 = 5.9360e-04
Loss = 1.6882e-02, PNorm = 82.0425, GNorm = 0.6807, lr_0 = 5.9331e-04
Loss = 1.5406e-02, PNorm = 82.0474, GNorm = 0.4185, lr_0 = 5.9302e-04
Loss = 2.0266e-02, PNorm = 82.0546, GNorm = 0.8357, lr_0 = 5.9273e-04
Loss = 1.6874e-02, PNorm = 82.0589, GNorm = 0.4859, lr_0 = 5.9244e-04
Loss = 1.6076e-02, PNorm = 82.0661, GNorm = 0.5044, lr_0 = 5.9215e-04
Loss = 1.2263e-02, PNorm = 82.0704, GNorm = 0.3203, lr_0 = 5.9186e-04
Loss = 1.6139e-02, PNorm = 82.0766, GNorm = 0.2452, lr_0 = 5.9157e-04
Loss = 1.3465e-02, PNorm = 82.0822, GNorm = 0.2980, lr_0 = 5.9128e-04
Loss = 1.4932e-02, PNorm = 82.0872, GNorm = 0.1744, lr_0 = 5.9099e-04
Loss = 1.2511e-02, PNorm = 82.0937, GNorm = 0.3847, lr_0 = 5.9070e-04
Loss = 1.4350e-02, PNorm = 82.0993, GNorm = 0.4838, lr_0 = 5.9041e-04
Loss = 1.2504e-02, PNorm = 82.1107, GNorm = 0.3813, lr_0 = 5.9012e-04
Loss = 1.2852e-02, PNorm = 82.1203, GNorm = 0.1872, lr_0 = 5.8983e-04
Loss = 1.4294e-02, PNorm = 82.1265, GNorm = 0.2225, lr_0 = 5.8954e-04
Loss = 1.4733e-02, PNorm = 82.1282, GNorm = 0.3286, lr_0 = 5.8925e-04
Loss = 1.2937e-02, PNorm = 82.1298, GNorm = 0.1467, lr_0 = 5.8896e-04
Loss = 1.3219e-02, PNorm = 82.1337, GNorm = 0.1949, lr_0 = 5.8868e-04
Loss = 1.5698e-02, PNorm = 82.1370, GNorm = 0.3511, lr_0 = 5.8839e-04
Loss = 1.2295e-02, PNorm = 82.1423, GNorm = 0.5731, lr_0 = 5.8810e-04
Loss = 1.4268e-02, PNorm = 82.1488, GNorm = 0.3418, lr_0 = 5.8781e-04
Loss = 1.3933e-02, PNorm = 82.1540, GNorm = 0.6452, lr_0 = 5.8752e-04
Loss = 1.2951e-02, PNorm = 82.1588, GNorm = 0.4098, lr_0 = 5.8723e-04
Loss = 1.6496e-02, PNorm = 82.1614, GNorm = 0.4361, lr_0 = 5.8695e-04
Loss = 1.3427e-02, PNorm = 82.1603, GNorm = 0.8893, lr_0 = 5.8666e-04
Loss = 1.3535e-02, PNorm = 82.1641, GNorm = 0.3058, lr_0 = 5.8637e-04
Loss = 1.5568e-02, PNorm = 82.1715, GNorm = 0.3666, lr_0 = 5.8608e-04
Loss = 1.8992e-02, PNorm = 82.1787, GNorm = 0.1503, lr_0 = 5.8580e-04
Loss = 1.3905e-02, PNorm = 82.1844, GNorm = 0.2293, lr_0 = 5.8551e-04
Loss = 1.4298e-02, PNorm = 82.1935, GNorm = 0.5268, lr_0 = 5.8522e-04
Loss = 1.5582e-02, PNorm = 82.1990, GNorm = 0.4637, lr_0 = 5.8494e-04
Loss = 1.8659e-02, PNorm = 82.2056, GNorm = 0.3251, lr_0 = 5.8465e-04
Loss = 1.3134e-02, PNorm = 82.2148, GNorm = 0.1696, lr_0 = 5.8436e-04
Loss = 1.7023e-02, PNorm = 82.2213, GNorm = 0.1295, lr_0 = 5.8408e-04
Loss = 1.7645e-02, PNorm = 82.2253, GNorm = 0.2146, lr_0 = 5.8379e-04
Loss = 1.4075e-02, PNorm = 82.2255, GNorm = 0.2739, lr_0 = 5.8351e-04
Loss = 1.2533e-02, PNorm = 82.2326, GNorm = 0.2895, lr_0 = 5.8322e-04
Loss = 1.4071e-02, PNorm = 82.2406, GNorm = 0.3947, lr_0 = 5.8293e-04
Loss = 1.3962e-02, PNorm = 82.2461, GNorm = 0.3452, lr_0 = 5.8265e-04
Loss = 1.3803e-02, PNorm = 82.2486, GNorm = 0.2730, lr_0 = 5.8236e-04
Loss = 1.3758e-02, PNorm = 82.2551, GNorm = 0.2071, lr_0 = 5.8208e-04
Loss = 1.5572e-02, PNorm = 82.2625, GNorm = 0.3910, lr_0 = 5.8179e-04
Loss = 1.1600e-02, PNorm = 82.2695, GNorm = 0.1315, lr_0 = 5.8151e-04
Loss = 1.5350e-02, PNorm = 82.2759, GNorm = 0.1383, lr_0 = 5.8122e-04
Loss = 1.8788e-02, PNorm = 82.2862, GNorm = 0.2316, lr_0 = 5.8094e-04
Loss = 1.5918e-02, PNorm = 82.2897, GNorm = 0.4446, lr_0 = 5.8065e-04
Loss = 1.2356e-02, PNorm = 82.2971, GNorm = 0.2835, lr_0 = 5.8037e-04
Loss = 1.3219e-02, PNorm = 82.3026, GNorm = 0.0924, lr_0 = 5.8009e-04
Loss = 1.4418e-02, PNorm = 82.3099, GNorm = 0.4318, lr_0 = 5.7980e-04
Loss = 1.2327e-02, PNorm = 82.3168, GNorm = 0.7692, lr_0 = 5.7952e-04
Loss = 1.2794e-02, PNorm = 82.3213, GNorm = 0.4637, lr_0 = 5.7923e-04
Loss = 1.4523e-02, PNorm = 82.3242, GNorm = 0.2767, lr_0 = 5.7895e-04
Loss = 1.3030e-02, PNorm = 82.3268, GNorm = 0.6756, lr_0 = 5.7867e-04
Loss = 1.9947e-02, PNorm = 82.3298, GNorm = 0.2697, lr_0 = 5.7838e-04
Loss = 1.3019e-02, PNorm = 82.3307, GNorm = 0.4831, lr_0 = 5.7810e-04
Loss = 1.1025e-02, PNorm = 82.3339, GNorm = 0.3512, lr_0 = 5.7782e-04
Loss = 1.2140e-02, PNorm = 82.3386, GNorm = 0.6990, lr_0 = 5.7753e-04
Loss = 1.8584e-02, PNorm = 82.3425, GNorm = 0.1208, lr_0 = 5.7725e-04
Loss = 1.5708e-02, PNorm = 82.3476, GNorm = 0.3430, lr_0 = 5.7697e-04
Loss = 1.2591e-02, PNorm = 82.3533, GNorm = 0.6029, lr_0 = 5.7668e-04
Loss = 1.6540e-02, PNorm = 82.3603, GNorm = 0.1236, lr_0 = 5.7640e-04
Loss = 1.2125e-02, PNorm = 82.3657, GNorm = 0.3701, lr_0 = 5.7612e-04
Loss = 1.6745e-02, PNorm = 82.3692, GNorm = 0.6089, lr_0 = 5.7584e-04
Loss = 1.4080e-02, PNorm = 82.3734, GNorm = 0.2510, lr_0 = 5.7555e-04
Loss = 1.5962e-02, PNorm = 82.3761, GNorm = 0.2576, lr_0 = 5.7527e-04
Loss = 1.3551e-02, PNorm = 82.3818, GNorm = 0.3337, lr_0 = 5.7499e-04
Loss = 1.5319e-02, PNorm = 82.3866, GNorm = 0.7733, lr_0 = 5.7471e-04
Loss = 1.8887e-02, PNorm = 82.3932, GNorm = 0.4196, lr_0 = 5.7443e-04
Loss = 1.3205e-02, PNorm = 82.4008, GNorm = 0.3672, lr_0 = 5.7415e-04
Loss = 1.5107e-02, PNorm = 82.4075, GNorm = 0.3569, lr_0 = 5.7387e-04
Loss = 1.5962e-02, PNorm = 82.4119, GNorm = 0.4223, lr_0 = 5.7358e-04
Loss = 1.3123e-02, PNorm = 82.4147, GNorm = 0.6620, lr_0 = 5.7330e-04
Loss = 1.4830e-02, PNorm = 82.4186, GNorm = 0.2397, lr_0 = 5.7302e-04
Loss = 1.3672e-02, PNorm = 82.4229, GNorm = 0.1718, lr_0 = 5.7274e-04
Loss = 1.3647e-02, PNorm = 82.4319, GNorm = 0.1403, lr_0 = 5.7246e-04
Loss = 1.3548e-02, PNorm = 82.4384, GNorm = 0.7595, lr_0 = 5.7218e-04
Loss = 1.2382e-02, PNorm = 82.4405, GNorm = 0.2273, lr_0 = 5.7190e-04
Loss = 1.5112e-02, PNorm = 82.4456, GNorm = 0.1439, lr_0 = 5.7162e-04
Loss = 1.4874e-02, PNorm = 82.4491, GNorm = 0.4115, lr_0 = 5.7134e-04
Loss = 1.6149e-02, PNorm = 82.4521, GNorm = 0.1865, lr_0 = 5.7106e-04
Loss = 1.3018e-02, PNorm = 82.4555, GNorm = 0.1925, lr_0 = 5.7078e-04
Loss = 1.2846e-02, PNorm = 82.4578, GNorm = 0.7206, lr_0 = 5.7050e-04
Loss = 1.2842e-02, PNorm = 82.4621, GNorm = 0.5351, lr_0 = 5.7022e-04
Loss = 1.6193e-02, PNorm = 82.4677, GNorm = 0.3709, lr_0 = 5.6994e-04
Loss = 1.4895e-02, PNorm = 82.4730, GNorm = 0.6008, lr_0 = 5.6966e-04
Loss = 1.5706e-02, PNorm = 82.4775, GNorm = 0.2658, lr_0 = 5.6938e-04
Loss = 1.7770e-02, PNorm = 82.4820, GNorm = 0.1717, lr_0 = 5.6910e-04
Loss = 1.1990e-02, PNorm = 82.4915, GNorm = 0.4334, lr_0 = 5.6883e-04
Loss = 1.2525e-02, PNorm = 82.4945, GNorm = 0.2896, lr_0 = 5.6855e-04
Loss = 1.2187e-02, PNorm = 82.5017, GNorm = 0.3597, lr_0 = 5.6827e-04
Loss = 1.6151e-02, PNorm = 82.5072, GNorm = 0.5450, lr_0 = 5.6799e-04
Loss = 1.1751e-02, PNorm = 82.5102, GNorm = 0.8286, lr_0 = 5.6771e-04
Loss = 1.6712e-02, PNorm = 82.5156, GNorm = 0.4728, lr_0 = 5.6743e-04
Loss = 1.3692e-02, PNorm = 82.5206, GNorm = 0.3067, lr_0 = 5.6716e-04
Loss = 1.5497e-02, PNorm = 82.5258, GNorm = 0.6797, lr_0 = 5.6688e-04
Loss = 1.3077e-02, PNorm = 82.5329, GNorm = 0.1581, lr_0 = 5.6660e-04
Loss = 1.3510e-02, PNorm = 82.5389, GNorm = 0.1530, lr_0 = 5.6632e-04
Loss = 1.3032e-02, PNorm = 82.5425, GNorm = 0.4445, lr_0 = 5.6605e-04
Loss = 1.6287e-02, PNorm = 82.5459, GNorm = 0.5684, lr_0 = 5.6577e-04
Loss = 1.2909e-02, PNorm = 82.5519, GNorm = 0.2503, lr_0 = 5.6549e-04
Loss = 1.4178e-02, PNorm = 82.5581, GNorm = 0.6688, lr_0 = 5.6521e-04
Loss = 1.7734e-02, PNorm = 82.5675, GNorm = 0.6753, lr_0 = 5.6494e-04
Loss = 1.4062e-02, PNorm = 82.5772, GNorm = 0.1550, lr_0 = 5.6466e-04
Loss = 2.2272e-02, PNorm = 82.5815, GNorm = 0.7524, lr_0 = 5.6438e-04
Loss = 1.9336e-02, PNorm = 82.5850, GNorm = 0.2597, lr_0 = 5.6411e-04
Loss = 1.3581e-02, PNorm = 82.5880, GNorm = 0.3624, lr_0 = 5.6383e-04
Loss = 1.7120e-02, PNorm = 82.5961, GNorm = 0.3623, lr_0 = 5.6356e-04
Loss = 1.7463e-02, PNorm = 82.5958, GNorm = 0.5547, lr_0 = 5.6328e-04
Loss = 1.2510e-02, PNorm = 82.6037, GNorm = 0.2095, lr_0 = 5.6300e-04
Loss = 1.3051e-02, PNorm = 82.6082, GNorm = 0.1883, lr_0 = 5.6273e-04
Loss = 1.7339e-02, PNorm = 82.6157, GNorm = 0.3104, lr_0 = 5.6245e-04
Loss = 1.1306e-02, PNorm = 82.6192, GNorm = 0.2110, lr_0 = 5.6218e-04
Loss = 1.0433e-02, PNorm = 82.6201, GNorm = 0.3844, lr_0 = 5.6190e-04
Loss = 1.4659e-02, PNorm = 82.6262, GNorm = 0.6999, lr_0 = 5.6163e-04
Loss = 1.6919e-02, PNorm = 82.6315, GNorm = 0.5447, lr_0 = 5.6135e-04
Loss = 1.5177e-02, PNorm = 82.6366, GNorm = 0.3477, lr_0 = 5.6108e-04
Loss = 1.4220e-02, PNorm = 82.6388, GNorm = 0.1725, lr_0 = 5.6080e-04
Loss = 1.3199e-02, PNorm = 82.6440, GNorm = 0.9667, lr_0 = 5.6053e-04
Loss = 1.3311e-02, PNorm = 82.6481, GNorm = 0.1003, lr_0 = 5.6025e-04
Loss = 1.2469e-02, PNorm = 82.6520, GNorm = 0.5159, lr_0 = 5.5998e-04
Loss = 1.0566e-02, PNorm = 82.6545, GNorm = 0.2168, lr_0 = 5.5970e-04
Loss = 1.3114e-02, PNorm = 82.6605, GNorm = 0.5590, lr_0 = 5.5943e-04
Loss = 1.2702e-02, PNorm = 82.6663, GNorm = 0.1527, lr_0 = 5.5915e-04
Loss = 1.2164e-02, PNorm = 82.6678, GNorm = 0.4563, lr_0 = 5.5888e-04
Loss = 1.3987e-02, PNorm = 82.6747, GNorm = 0.6673, lr_0 = 5.5861e-04
Loss = 1.3328e-02, PNorm = 82.6801, GNorm = 0.2650, lr_0 = 5.5833e-04
Loss = 1.4425e-02, PNorm = 82.6866, GNorm = 0.2314, lr_0 = 5.5806e-04
Loss = 1.4035e-02, PNorm = 82.6901, GNorm = 0.1777, lr_0 = 5.5779e-04
Loss = 1.0885e-02, PNorm = 82.6915, GNorm = 0.4077, lr_0 = 5.5751e-04
Loss = 1.4467e-02, PNorm = 82.6976, GNorm = 0.3017, lr_0 = 5.5724e-04
Loss = 1.6989e-02, PNorm = 82.7030, GNorm = 0.4659, lr_0 = 5.5697e-04
Loss = 1.7220e-02, PNorm = 82.7075, GNorm = 0.7239, lr_0 = 5.5669e-04
Loss = 1.4553e-02, PNorm = 82.7127, GNorm = 0.2075, lr_0 = 5.5642e-04
Loss = 1.8303e-02, PNorm = 82.7179, GNorm = 0.8243, lr_0 = 5.5615e-04
Loss = 1.6131e-02, PNorm = 82.7222, GNorm = 0.4664, lr_0 = 5.5588e-04
Loss = 1.3006e-02, PNorm = 82.7283, GNorm = 0.4128, lr_0 = 5.5560e-04
Loss = 1.4679e-02, PNorm = 82.7355, GNorm = 0.1825, lr_0 = 5.5533e-04
Loss = 1.8022e-02, PNorm = 82.7371, GNorm = 0.1585, lr_0 = 5.5506e-04
Loss = 1.7539e-02, PNorm = 82.7412, GNorm = 0.2619, lr_0 = 5.5479e-04
Loss = 1.6180e-02, PNorm = 82.7477, GNorm = 0.4460, lr_0 = 5.5452e-04
Loss = 1.4604e-02, PNorm = 82.7536, GNorm = 0.4964, lr_0 = 5.5424e-04
Loss = 1.0236e-02, PNorm = 82.7627, GNorm = 0.1597, lr_0 = 5.5397e-04
Loss = 1.4352e-02, PNorm = 82.7700, GNorm = 0.2766, lr_0 = 5.5370e-04
Loss = 1.6602e-02, PNorm = 82.7758, GNorm = 0.2084, lr_0 = 5.5343e-04
Loss = 1.5573e-02, PNorm = 82.7786, GNorm = 0.2457, lr_0 = 5.5316e-04
Loss = 1.4413e-02, PNorm = 82.7822, GNorm = 0.4387, lr_0 = 5.5289e-04
Loss = 1.3802e-02, PNorm = 82.7868, GNorm = 0.2023, lr_0 = 5.5262e-04
Loss = 1.3916e-02, PNorm = 82.7893, GNorm = 0.1299, lr_0 = 5.5235e-04
Loss = 1.2138e-02, PNorm = 82.7958, GNorm = 0.2646, lr_0 = 5.5208e-04
Loss = 1.4217e-02, PNorm = 82.8019, GNorm = 0.2115, lr_0 = 5.5181e-04
Loss = 1.6730e-02, PNorm = 82.8088, GNorm = 0.4124, lr_0 = 5.5153e-04
Loss = 1.7541e-02, PNorm = 82.8116, GNorm = 0.3126, lr_0 = 5.5126e-04
Loss = 1.4800e-02, PNorm = 82.8131, GNorm = 0.8585, lr_0 = 5.5099e-04
Loss = 1.2471e-02, PNorm = 82.8215, GNorm = 0.8618, lr_0 = 5.5072e-04
Loss = 1.2771e-02, PNorm = 82.8292, GNorm = 0.8293, lr_0 = 5.5046e-04
Loss = 1.4966e-02, PNorm = 82.8295, GNorm = 0.4853, lr_0 = 5.5019e-04
Loss = 1.5719e-02, PNorm = 82.8322, GNorm = 0.5854, lr_0 = 5.4992e-04
Loss = 1.3090e-02, PNorm = 82.8355, GNorm = 0.3691, lr_0 = 5.4965e-04
Loss = 1.2802e-02, PNorm = 82.8381, GNorm = 0.5612, lr_0 = 5.4938e-04
Loss = 1.6060e-02, PNorm = 82.8441, GNorm = 0.1595, lr_0 = 5.4911e-04
Loss = 1.5630e-02, PNorm = 82.8495, GNorm = 0.3946, lr_0 = 5.4884e-04
Loss = 1.2625e-02, PNorm = 82.8511, GNorm = 0.5189, lr_0 = 5.4857e-04
Loss = 1.2816e-02, PNorm = 82.8553, GNorm = 0.2132, lr_0 = 5.4830e-04
Loss = 1.4683e-02, PNorm = 82.8597, GNorm = 0.2488, lr_0 = 5.4803e-04
Loss = 1.2461e-02, PNorm = 82.8677, GNorm = 0.6771, lr_0 = 5.4776e-04
Loss = 1.4876e-02, PNorm = 82.8726, GNorm = 0.3191, lr_0 = 5.4750e-04
Loss = 1.9488e-02, PNorm = 82.8773, GNorm = 0.1820, lr_0 = 5.4723e-04
Loss = 1.3552e-02, PNorm = 82.8814, GNorm = 0.2777, lr_0 = 5.4696e-04
Loss = 1.2182e-02, PNorm = 82.8860, GNorm = 0.5625, lr_0 = 5.4669e-04
Loss = 1.9273e-02, PNorm = 82.8908, GNorm = 0.6934, lr_0 = 5.4642e-04
Loss = 1.2680e-02, PNorm = 82.8940, GNorm = 0.1828, lr_0 = 5.4616e-04
Loss = 1.8622e-02, PNorm = 82.8987, GNorm = 0.2317, lr_0 = 5.4589e-04
Loss = 1.2469e-02, PNorm = 82.9020, GNorm = 0.2134, lr_0 = 5.4562e-04
Loss = 1.4420e-02, PNorm = 82.9074, GNorm = 0.1433, lr_0 = 5.4535e-04
Loss = 1.3607e-02, PNorm = 82.9105, GNorm = 0.5322, lr_0 = 5.4509e-04
Loss = 1.8168e-02, PNorm = 82.9123, GNorm = 0.2784, lr_0 = 5.4482e-04
Loss = 1.1282e-02, PNorm = 82.9163, GNorm = 0.3696, lr_0 = 5.4455e-04
Loss = 1.3256e-02, PNorm = 82.9171, GNorm = 0.5413, lr_0 = 5.4429e-04
Loss = 1.0855e-02, PNorm = 82.9188, GNorm = 0.4553, lr_0 = 5.4402e-04
Loss = 1.1104e-02, PNorm = 82.9221, GNorm = 0.3909, lr_0 = 5.4375e-04
Loss = 1.7727e-02, PNorm = 82.9265, GNorm = 0.5382, lr_0 = 5.4349e-04
Loss = 1.5327e-02, PNorm = 82.9297, GNorm = 0.1787, lr_0 = 5.4322e-04
Loss = 1.4184e-02, PNorm = 82.9341, GNorm = 0.4190, lr_0 = 5.4295e-04
Loss = 1.4444e-02, PNorm = 82.9361, GNorm = 0.2756, lr_0 = 5.4269e-04
Loss = 1.7347e-02, PNorm = 82.9419, GNorm = 0.2004, lr_0 = 5.4242e-04
Loss = 1.4752e-02, PNorm = 82.9480, GNorm = 0.5729, lr_0 = 5.4216e-04
Loss = 1.3863e-02, PNorm = 82.9547, GNorm = 0.7518, lr_0 = 5.4189e-04
Loss = 1.5407e-02, PNorm = 82.9596, GNorm = 0.1948, lr_0 = 5.4163e-04
Loss = 1.3585e-02, PNorm = 82.9634, GNorm = 0.1511, lr_0 = 5.4136e-04
Loss = 1.6349e-02, PNorm = 82.9654, GNorm = 0.7170, lr_0 = 5.4110e-04
Loss = 1.7049e-02, PNorm = 82.9742, GNorm = 0.3447, lr_0 = 5.4083e-04
Loss = 1.1249e-02, PNorm = 82.9801, GNorm = 0.4387, lr_0 = 5.4057e-04
Loss = 1.2864e-02, PNorm = 82.9852, GNorm = 0.2184, lr_0 = 5.4030e-04
Loss = 1.2281e-02, PNorm = 82.9898, GNorm = 0.1102, lr_0 = 5.4004e-04
Loss = 1.4715e-02, PNorm = 82.9927, GNorm = 0.5421, lr_0 = 5.3977e-04
Loss = 1.3635e-02, PNorm = 82.9963, GNorm = 0.6543, lr_0 = 5.3951e-04
Loss = 1.3330e-02, PNorm = 82.9999, GNorm = 0.4014, lr_0 = 5.3924e-04
Loss = 1.6191e-02, PNorm = 83.0052, GNorm = 0.2778, lr_0 = 5.3898e-04
Loss = 1.6803e-02, PNorm = 83.0091, GNorm = 0.1816, lr_0 = 5.3871e-04
Loss = 1.3990e-02, PNorm = 83.0153, GNorm = 0.3909, lr_0 = 5.3845e-04
Loss = 1.2379e-02, PNorm = 83.0236, GNorm = 0.1223, lr_0 = 5.3819e-04
Loss = 1.3601e-02, PNorm = 83.0288, GNorm = 0.2765, lr_0 = 5.3792e-04
Loss = 1.7307e-02, PNorm = 83.0300, GNorm = 0.2174, lr_0 = 5.3766e-04
Loss = 1.1748e-02, PNorm = 83.0338, GNorm = 0.3875, lr_0 = 5.3740e-04
Loss = 1.5954e-02, PNorm = 83.0368, GNorm = 0.1120, lr_0 = 5.3713e-04
Loss = 1.3041e-02, PNorm = 83.0425, GNorm = 0.4384, lr_0 = 5.3687e-04
Loss = 1.8372e-02, PNorm = 83.0467, GNorm = 1.0410, lr_0 = 5.3661e-04
Loss = 1.4180e-02, PNorm = 83.0505, GNorm = 0.3964, lr_0 = 5.3634e-04
Loss = 1.2641e-02, PNorm = 83.0518, GNorm = 0.5055, lr_0 = 5.3608e-04
Loss = 1.5395e-02, PNorm = 83.0570, GNorm = 0.1979, lr_0 = 5.3582e-04
Loss = 1.1855e-02, PNorm = 83.0605, GNorm = 0.3484, lr_0 = 5.3556e-04
Loss = 1.4861e-02, PNorm = 83.0669, GNorm = 0.4321, lr_0 = 5.3529e-04
Loss = 1.1328e-02, PNorm = 83.0740, GNorm = 0.2898, lr_0 = 5.3503e-04
Loss = 1.3002e-02, PNorm = 83.0812, GNorm = 0.3961, lr_0 = 5.3477e-04
Loss = 1.2559e-02, PNorm = 83.0839, GNorm = 0.1467, lr_0 = 5.3451e-04
Loss = 1.2336e-02, PNorm = 83.0861, GNorm = 0.1668, lr_0 = 5.3425e-04
Loss = 1.3640e-02, PNorm = 83.0900, GNorm = 0.4914, lr_0 = 5.3398e-04
Loss = 1.6657e-02, PNorm = 83.0956, GNorm = 0.3986, lr_0 = 5.3372e-04
Loss = 1.8369e-02, PNorm = 83.1019, GNorm = 0.1592, lr_0 = 5.3346e-04
Loss = 1.4653e-02, PNorm = 83.1073, GNorm = 0.6402, lr_0 = 5.3320e-04
Loss = 1.4167e-02, PNorm = 83.1098, GNorm = 0.6673, lr_0 = 5.3294e-04
Loss = 1.5465e-02, PNorm = 83.1121, GNorm = 0.7658, lr_0 = 5.3268e-04
Loss = 1.3280e-02, PNorm = 83.1171, GNorm = 0.2379, lr_0 = 5.3242e-04
Loss = 1.0814e-02, PNorm = 83.1226, GNorm = 0.1265, lr_0 = 5.3216e-04
Loss = 1.4886e-02, PNorm = 83.1233, GNorm = 0.5874, lr_0 = 5.3189e-04
Loss = 1.4921e-02, PNorm = 83.1279, GNorm = 0.1645, lr_0 = 5.3163e-04
Loss = 1.6900e-02, PNorm = 83.1317, GNorm = 0.2725, lr_0 = 5.3137e-04
Loss = 1.4187e-02, PNorm = 83.1324, GNorm = 0.3104, lr_0 = 5.3111e-04
Loss = 1.2820e-02, PNorm = 83.1356, GNorm = 0.7319, lr_0 = 5.3085e-04
Loss = 1.3854e-02, PNorm = 83.1426, GNorm = 0.5952, lr_0 = 5.3059e-04
Loss = 1.3618e-02, PNorm = 83.1484, GNorm = 0.2030, lr_0 = 5.3033e-04
Loss = 1.0349e-02, PNorm = 83.1557, GNorm = 0.7278, lr_0 = 5.3007e-04
Loss = 1.8961e-02, PNorm = 83.1632, GNorm = 0.4655, lr_0 = 5.2981e-04
Loss = 1.4871e-02, PNorm = 83.1645, GNorm = 0.7536, lr_0 = 5.2955e-04
Loss = 1.0633e-02, PNorm = 83.1635, GNorm = 0.3445, lr_0 = 5.2929e-04
Loss = 1.9638e-02, PNorm = 83.1681, GNorm = 0.6143, lr_0 = 5.2904e-04
Loss = 1.3371e-02, PNorm = 83.1706, GNorm = 0.5079, lr_0 = 5.2878e-04
Loss = 1.7393e-02, PNorm = 83.1774, GNorm = 1.0519, lr_0 = 5.2852e-04
Loss = 1.2896e-02, PNorm = 83.1826, GNorm = 0.2821, lr_0 = 5.2826e-04
Loss = 1.2603e-02, PNorm = 83.1875, GNorm = 0.2100, lr_0 = 5.2800e-04
Loss = 1.4372e-02, PNorm = 83.1919, GNorm = 0.2626, lr_0 = 5.2774e-04
Loss = 1.2260e-02, PNorm = 83.1968, GNorm = 0.6704, lr_0 = 5.2748e-04
Loss = 1.3828e-02, PNorm = 83.1994, GNorm = 0.5155, lr_0 = 5.2722e-04
Loss = 1.7474e-02, PNorm = 83.2065, GNorm = 0.1365, lr_0 = 5.2697e-04
Loss = 1.5385e-02, PNorm = 83.2118, GNorm = 0.7898, lr_0 = 5.2671e-04
Loss = 1.2311e-02, PNorm = 83.2152, GNorm = 0.1230, lr_0 = 5.2645e-04
Loss = 1.7801e-02, PNorm = 83.2162, GNorm = 0.4027, lr_0 = 5.2619e-04
Loss = 1.5937e-02, PNorm = 83.2203, GNorm = 0.4057, lr_0 = 5.2593e-04
Loss = 1.3742e-02, PNorm = 83.2261, GNorm = 0.6981, lr_0 = 5.2568e-04
Loss = 1.4423e-02, PNorm = 83.2297, GNorm = 0.2223, lr_0 = 5.2542e-04
Loss = 1.7987e-02, PNorm = 83.2362, GNorm = 0.4496, lr_0 = 5.2516e-04
Loss = 1.3981e-02, PNorm = 83.2447, GNorm = 0.4530, lr_0 = 5.2490e-04
Loss = 1.2884e-02, PNorm = 83.2508, GNorm = 0.3643, lr_0 = 5.2465e-04
Loss = 1.5252e-02, PNorm = 83.2581, GNorm = 0.2337, lr_0 = 5.2439e-04
Loss = 1.3105e-02, PNorm = 83.2682, GNorm = 0.7052, lr_0 = 5.2413e-04
Loss = 1.4845e-02, PNorm = 83.2752, GNorm = 0.4097, lr_0 = 5.2388e-04
Loss = 1.3755e-02, PNorm = 83.2777, GNorm = 0.6393, lr_0 = 5.2362e-04
Loss = 1.5376e-02, PNorm = 83.2830, GNorm = 0.3235, lr_0 = 5.2336e-04
Loss = 1.7743e-02, PNorm = 83.2889, GNorm = 0.8906, lr_0 = 5.2311e-04
Loss = 1.6469e-02, PNorm = 83.2967, GNorm = 0.4372, lr_0 = 5.2285e-04
Loss = 1.3449e-02, PNorm = 83.3027, GNorm = 0.5760, lr_0 = 5.2259e-04
Loss = 1.4538e-02, PNorm = 83.3083, GNorm = 0.8756, lr_0 = 5.2234e-04
Loss = 1.5217e-02, PNorm = 83.3150, GNorm = 0.3338, lr_0 = 5.2208e-04
Loss = 1.3160e-02, PNorm = 83.3173, GNorm = 0.2926, lr_0 = 5.2183e-04
Loss = 1.1586e-02, PNorm = 83.3194, GNorm = 0.1757, lr_0 = 5.2157e-04
Loss = 1.1635e-02, PNorm = 83.3223, GNorm = 0.2163, lr_0 = 5.2132e-04
Loss = 1.2231e-02, PNorm = 83.3245, GNorm = 0.7228, lr_0 = 5.2106e-04
Loss = 1.3464e-02, PNorm = 83.3276, GNorm = 0.6163, lr_0 = 5.2081e-04
Loss = 1.1967e-02, PNorm = 83.3300, GNorm = 0.3411, lr_0 = 5.2055e-04
Loss = 1.4929e-02, PNorm = 83.3336, GNorm = 0.2203, lr_0 = 5.2029e-04
Loss = 1.7977e-02, PNorm = 83.3338, GNorm = 0.1610, lr_0 = 5.2004e-04
Loss = 1.2851e-02, PNorm = 83.3398, GNorm = 0.1787, lr_0 = 5.1979e-04
Loss = 1.4705e-02, PNorm = 83.3410, GNorm = 0.7013, lr_0 = 5.1953e-04
Loss = 1.4306e-02, PNorm = 83.3465, GNorm = 0.3793, lr_0 = 5.1928e-04
Loss = 1.3051e-02, PNorm = 83.3489, GNorm = 0.5972, lr_0 = 5.1902e-04
Loss = 1.6128e-02, PNorm = 83.3529, GNorm = 0.3306, lr_0 = 5.1877e-04
Loss = 1.3071e-02, PNorm = 83.3581, GNorm = 0.3714, lr_0 = 5.1851e-04
Loss = 1.3446e-02, PNorm = 83.3626, GNorm = 0.2214, lr_0 = 5.1826e-04
Loss = 1.1083e-02, PNorm = 83.3667, GNorm = 0.3066, lr_0 = 5.1801e-04
Loss = 1.4892e-02, PNorm = 83.3709, GNorm = 0.6796, lr_0 = 5.1775e-04
Loss = 1.0142e-02, PNorm = 83.3731, GNorm = 0.3974, lr_0 = 5.1750e-04
Loss = 1.1598e-02, PNorm = 83.3747, GNorm = 0.2335, lr_0 = 5.1724e-04
Loss = 1.6426e-02, PNorm = 83.3772, GNorm = 0.2531, lr_0 = 5.1699e-04
Loss = 1.2721e-02, PNorm = 83.3812, GNorm = 0.1719, lr_0 = 5.1674e-04
Loss = 1.4710e-02, PNorm = 83.3856, GNorm = 0.1728, lr_0 = 5.1648e-04
Loss = 1.2017e-02, PNorm = 83.3892, GNorm = 0.1652, lr_0 = 5.1623e-04
Loss = 1.5488e-02, PNorm = 83.3905, GNorm = 0.2088, lr_0 = 5.1598e-04
Loss = 9.2788e-03, PNorm = 83.3920, GNorm = 0.3000, lr_0 = 5.1573e-04
Loss = 1.3664e-02, PNorm = 83.3960, GNorm = 0.1409, lr_0 = 5.1547e-04
Loss = 1.2302e-02, PNorm = 83.4005, GNorm = 0.2488, lr_0 = 5.1522e-04
Loss = 1.3922e-02, PNorm = 83.4026, GNorm = 0.3870, lr_0 = 5.1497e-04
Loss = 1.1512e-02, PNorm = 83.4066, GNorm = 0.5434, lr_0 = 5.1472e-04
Loss = 1.4187e-02, PNorm = 83.4131, GNorm = 0.2345, lr_0 = 5.1446e-04
Loss = 1.1276e-02, PNorm = 83.4189, GNorm = 0.2394, lr_0 = 5.1421e-04
Loss = 1.3792e-02, PNorm = 83.4221, GNorm = 0.2586, lr_0 = 5.1396e-04
Loss = 1.5637e-02, PNorm = 83.4270, GNorm = 0.3461, lr_0 = 5.1371e-04
Loss = 1.2872e-02, PNorm = 83.4295, GNorm = 0.7823, lr_0 = 5.1346e-04
Loss = 1.0665e-02, PNorm = 83.4305, GNorm = 0.1823, lr_0 = 5.1321e-04
Loss = 1.1183e-02, PNorm = 83.4295, GNorm = 0.1518, lr_0 = 5.1295e-04
Loss = 1.5542e-02, PNorm = 83.4325, GNorm = 0.1694, lr_0 = 5.1270e-04
Loss = 1.5708e-02, PNorm = 83.4356, GNorm = 0.3506, lr_0 = 5.1245e-04
Loss = 1.4037e-02, PNorm = 83.4412, GNorm = 0.2030, lr_0 = 5.1220e-04
Loss = 1.3410e-02, PNorm = 83.4425, GNorm = 0.6298, lr_0 = 5.1195e-04
Loss = 1.3319e-02, PNorm = 83.4475, GNorm = 0.2391, lr_0 = 5.1170e-04
Loss = 1.4026e-02, PNorm = 83.4530, GNorm = 0.3866, lr_0 = 5.1145e-04
Loss = 1.3363e-02, PNorm = 83.4539, GNorm = 0.6489, lr_0 = 5.1120e-04
Loss = 8.5076e-03, PNorm = 83.4569, GNorm = 0.0984, lr_0 = 5.1095e-04
Loss = 1.3674e-02, PNorm = 83.4614, GNorm = 0.2844, lr_0 = 5.1070e-04
Loss = 1.4945e-02, PNorm = 83.4632, GNorm = 0.5705, lr_0 = 5.1045e-04
Loss = 1.5621e-02, PNorm = 83.4702, GNorm = 0.1867, lr_0 = 5.1020e-04
Loss = 1.5695e-02, PNorm = 83.4737, GNorm = 0.3042, lr_0 = 5.0995e-04
Loss = 1.1587e-02, PNorm = 83.4773, GNorm = 0.1960, lr_0 = 5.0970e-04
Loss = 1.5183e-02, PNorm = 83.4836, GNorm = 0.1453, lr_0 = 5.0945e-04
Loss = 1.3278e-02, PNorm = 83.4880, GNorm = 0.2160, lr_0 = 5.0920e-04
Loss = 1.4342e-02, PNorm = 83.4892, GNorm = 0.1447, lr_0 = 5.0895e-04
Loss = 1.7611e-02, PNorm = 83.4918, GNorm = 0.5246, lr_0 = 5.0870e-04
Loss = 8.4733e-03, PNorm = 83.4984, GNorm = 0.1095, lr_0 = 5.0845e-04
Loss = 1.7861e-02, PNorm = 83.5023, GNorm = 0.2997, lr_0 = 5.0820e-04
Loss = 1.3720e-02, PNorm = 83.5069, GNorm = 0.5518, lr_0 = 5.0795e-04
Loss = 1.6411e-02, PNorm = 83.5079, GNorm = 0.5736, lr_0 = 5.0770e-04
Loss = 1.4814e-02, PNorm = 83.5099, GNorm = 0.5228, lr_0 = 5.0745e-04
Loss = 1.4037e-02, PNorm = 83.5118, GNorm = 0.3079, lr_0 = 5.0721e-04
Loss = 1.1691e-02, PNorm = 83.5139, GNorm = 0.3814, lr_0 = 5.0696e-04
Loss = 1.3459e-02, PNorm = 83.5195, GNorm = 0.4659, lr_0 = 5.0671e-04
Loss = 1.1934e-02, PNorm = 83.5244, GNorm = 0.1956, lr_0 = 5.0646e-04
Loss = 1.6090e-02, PNorm = 83.5287, GNorm = 0.7824, lr_0 = 5.0621e-04
Loss = 1.7204e-02, PNorm = 83.5325, GNorm = 0.4259, lr_0 = 5.0596e-04
Loss = 1.4834e-02, PNorm = 83.5370, GNorm = 0.1982, lr_0 = 5.0572e-04
Loss = 1.1451e-02, PNorm = 83.5405, GNorm = 0.3839, lr_0 = 5.0547e-04
Loss = 1.3025e-02, PNorm = 83.5456, GNorm = 0.3520, lr_0 = 5.0522e-04
Loss = 1.4186e-02, PNorm = 83.5496, GNorm = 0.1893, lr_0 = 5.0497e-04
Loss = 1.4501e-02, PNorm = 83.5510, GNorm = 0.4632, lr_0 = 5.0473e-04
Loss = 1.4466e-02, PNorm = 83.5571, GNorm = 0.5301, lr_0 = 5.0448e-04
Loss = 1.5877e-02, PNorm = 83.5612, GNorm = 0.3932, lr_0 = 5.0423e-04
Loss = 1.3246e-02, PNorm = 83.5632, GNorm = 0.2006, lr_0 = 5.0398e-04
Loss = 1.3441e-02, PNorm = 83.5703, GNorm = 0.6501, lr_0 = 5.0374e-04
Loss = 1.6323e-02, PNorm = 83.5750, GNorm = 0.3939, lr_0 = 5.0349e-04
Loss = 1.1148e-02, PNorm = 83.5775, GNorm = 0.5079, lr_0 = 5.0324e-04
Loss = 1.1125e-02, PNorm = 83.5788, GNorm = 0.2781, lr_0 = 5.0300e-04
Loss = 1.3207e-02, PNorm = 83.5817, GNorm = 0.1290, lr_0 = 5.0275e-04
Loss = 1.5692e-02, PNorm = 83.5854, GNorm = 0.4877, lr_0 = 5.0251e-04
Loss = 9.7958e-03, PNorm = 83.5898, GNorm = 0.3888, lr_0 = 5.0226e-04
Loss = 1.6052e-02, PNorm = 83.5935, GNorm = 0.1929, lr_0 = 5.0201e-04
Loss = 1.5294e-02, PNorm = 83.6031, GNorm = 0.1596, lr_0 = 5.0177e-04
Loss = 1.2874e-02, PNorm = 83.6107, GNorm = 0.1440, lr_0 = 5.0152e-04
Loss = 1.7119e-02, PNorm = 83.6166, GNorm = 0.6252, lr_0 = 5.0128e-04
Loss = 1.5857e-02, PNorm = 83.6218, GNorm = 0.7932, lr_0 = 5.0103e-04
Loss = 1.6210e-02, PNorm = 83.6265, GNorm = 0.3369, lr_0 = 5.0078e-04
Loss = 1.4466e-02, PNorm = 83.6272, GNorm = 0.1866, lr_0 = 5.0054e-04
Loss = 1.7484e-02, PNorm = 83.6310, GNorm = 0.2879, lr_0 = 5.0029e-04
Loss = 1.1473e-02, PNorm = 83.6330, GNorm = 0.5834, lr_0 = 5.0005e-04
Loss = 1.5647e-02, PNorm = 83.6344, GNorm = 0.7392, lr_0 = 4.9980e-04
Loss = 1.2681e-02, PNorm = 83.6405, GNorm = 0.3090, lr_0 = 4.9956e-04
Loss = 1.5271e-02, PNorm = 83.6436, GNorm = 0.5829, lr_0 = 4.9931e-04
Loss = 1.3275e-02, PNorm = 83.6511, GNorm = 0.2606, lr_0 = 4.9907e-04
Loss = 1.3935e-02, PNorm = 83.6554, GNorm = 0.5295, lr_0 = 4.9883e-04
Loss = 1.7438e-02, PNorm = 83.6597, GNorm = 0.4743, lr_0 = 4.9858e-04
Loss = 1.1164e-02, PNorm = 83.6659, GNorm = 0.4424, lr_0 = 4.9834e-04
Loss = 1.2280e-02, PNorm = 83.6681, GNorm = 0.1911, lr_0 = 4.9809e-04
Loss = 1.1026e-02, PNorm = 83.6692, GNorm = 0.1216, lr_0 = 4.9785e-04
Loss = 1.3366e-02, PNorm = 83.6719, GNorm = 0.4284, lr_0 = 4.9760e-04
Loss = 1.8207e-02, PNorm = 83.6774, GNorm = 0.1249, lr_0 = 4.9736e-04
Loss = 1.4969e-02, PNorm = 83.6812, GNorm = 0.7199, lr_0 = 4.9712e-04
Loss = 1.5550e-02, PNorm = 83.6863, GNorm = 0.5143, lr_0 = 4.9687e-04
Loss = 9.4009e-03, PNorm = 83.6957, GNorm = 0.3096, lr_0 = 4.9663e-04
Loss = 1.2875e-02, PNorm = 83.6993, GNorm = 0.4857, lr_0 = 4.9639e-04
Loss = 1.2178e-02, PNorm = 83.7052, GNorm = 0.3031, lr_0 = 4.9614e-04
Loss = 1.9444e-02, PNorm = 83.7124, GNorm = 0.3867, lr_0 = 4.9590e-04
Loss = 1.4473e-02, PNorm = 83.7182, GNorm = 0.3676, lr_0 = 4.9566e-04
Loss = 1.2782e-02, PNorm = 83.7236, GNorm = 0.3007, lr_0 = 4.9542e-04
Loss = 1.5001e-02, PNorm = 83.7280, GNorm = 0.2656, lr_0 = 4.9517e-04
Loss = 1.1103e-02, PNorm = 83.7310, GNorm = 0.1287, lr_0 = 4.9493e-04
Loss = 1.3978e-02, PNorm = 83.7335, GNorm = 0.2553, lr_0 = 4.9469e-04
Loss = 1.4252e-02, PNorm = 83.7382, GNorm = 0.0898, lr_0 = 4.9445e-04
Loss = 1.6485e-02, PNorm = 83.7424, GNorm = 0.1792, lr_0 = 4.9420e-04
Loss = 1.4421e-02, PNorm = 83.7462, GNorm = 0.1868, lr_0 = 4.9396e-04
Loss = 1.5546e-02, PNorm = 83.7469, GNorm = 0.5159, lr_0 = 4.9372e-04
Loss = 1.4198e-02, PNorm = 83.7514, GNorm = 0.1116, lr_0 = 4.9348e-04
Loss = 1.2369e-02, PNorm = 83.7558, GNorm = 0.1291, lr_0 = 4.9324e-04
Loss = 1.0684e-02, PNorm = 83.7583, GNorm = 0.5057, lr_0 = 4.9299e-04
Loss = 1.5998e-02, PNorm = 83.7554, GNorm = 0.2081, lr_0 = 4.9275e-04
Loss = 1.5034e-02, PNorm = 83.7615, GNorm = 0.5146, lr_0 = 4.9251e-04
Loss = 1.1124e-02, PNorm = 83.7680, GNorm = 0.3959, lr_0 = 4.9227e-04
Loss = 1.4996e-02, PNorm = 83.7705, GNorm = 0.2164, lr_0 = 4.9203e-04
Loss = 1.5345e-02, PNorm = 83.7741, GNorm = 0.1632, lr_0 = 4.9179e-04
Loss = 1.2637e-02, PNorm = 83.7773, GNorm = 0.1158, lr_0 = 4.9155e-04
Loss = 1.1978e-02, PNorm = 83.7819, GNorm = 0.2096, lr_0 = 4.9131e-04
Loss = 1.1176e-02, PNorm = 83.7835, GNorm = 0.5410, lr_0 = 4.9106e-04
Loss = 1.4361e-02, PNorm = 83.7853, GNorm = 0.3854, lr_0 = 4.9082e-04
Loss = 9.7942e-03, PNorm = 83.7911, GNorm = 0.3788, lr_0 = 4.9058e-04
Loss = 1.4181e-02, PNorm = 83.7958, GNorm = 0.5769, lr_0 = 4.9034e-04
Loss = 1.1165e-02, PNorm = 83.8006, GNorm = 0.2273, lr_0 = 4.9010e-04
Loss = 1.2853e-02, PNorm = 83.8009, GNorm = 0.3275, lr_0 = 4.8986e-04
Loss = 1.2954e-02, PNorm = 83.8042, GNorm = 0.3186, lr_0 = 4.8962e-04
Loss = 1.4689e-02, PNorm = 83.8036, GNorm = 0.3627, lr_0 = 4.8938e-04
Loss = 1.4785e-02, PNorm = 83.8047, GNorm = 0.6693, lr_0 = 4.8914e-04
Loss = 1.3031e-02, PNorm = 83.8077, GNorm = 0.1488, lr_0 = 4.8890e-04
Loss = 1.0851e-02, PNorm = 83.8077, GNorm = 0.5617, lr_0 = 4.8866e-04
Loss = 1.1995e-02, PNorm = 83.8147, GNorm = 0.3435, lr_0 = 4.8843e-04
Loss = 1.1546e-02, PNorm = 83.8174, GNorm = 0.3074, lr_0 = 4.8819e-04
Loss = 1.2458e-02, PNorm = 83.8216, GNorm = 0.4732, lr_0 = 4.8795e-04
Loss = 1.5451e-02, PNorm = 83.8251, GNorm = 0.5802, lr_0 = 4.8771e-04
Loss = 1.5618e-02, PNorm = 83.8263, GNorm = 0.3897, lr_0 = 4.8747e-04
Loss = 1.1010e-02, PNorm = 83.8289, GNorm = 0.3670, lr_0 = 4.8723e-04
Loss = 1.3907e-02, PNorm = 83.8287, GNorm = 0.7238, lr_0 = 4.8699e-04
Loss = 1.2760e-02, PNorm = 83.8370, GNorm = 0.5960, lr_0 = 4.8675e-04
Loss = 9.3744e-03, PNorm = 83.8429, GNorm = 0.1602, lr_0 = 4.8651e-04
Loss = 1.3276e-02, PNorm = 83.8475, GNorm = 0.1701, lr_0 = 4.8628e-04
Loss = 1.1728e-02, PNorm = 83.8515, GNorm = 0.2889, lr_0 = 4.8604e-04
Loss = 1.0139e-02, PNorm = 83.8562, GNorm = 0.5160, lr_0 = 4.8580e-04
Loss = 1.5294e-02, PNorm = 83.8608, GNorm = 0.4326, lr_0 = 4.8556e-04
Loss = 1.4012e-02, PNorm = 83.8652, GNorm = 0.3442, lr_0 = 4.8532e-04
Loss = 1.3104e-02, PNorm = 83.8693, GNorm = 0.1592, lr_0 = 4.8509e-04
Loss = 1.2287e-02, PNorm = 83.8746, GNorm = 0.0867, lr_0 = 4.8485e-04
Loss = 1.3759e-02, PNorm = 83.8785, GNorm = 0.3442, lr_0 = 4.8461e-04
Loss = 1.3041e-02, PNorm = 83.8839, GNorm = 0.3408, lr_0 = 4.8437e-04
Loss = 1.2184e-02, PNorm = 83.8862, GNorm = 0.2151, lr_0 = 4.8414e-04
Loss = 1.1488e-02, PNorm = 83.8890, GNorm = 0.5906, lr_0 = 4.8390e-04
Loss = 1.2323e-02, PNorm = 83.8929, GNorm = 0.1685, lr_0 = 4.8366e-04
Loss = 1.0247e-02, PNorm = 83.8948, GNorm = 0.2411, lr_0 = 4.8343e-04
Loss = 1.4262e-02, PNorm = 83.8975, GNorm = 0.1828, lr_0 = 4.8319e-04
Loss = 1.0404e-02, PNorm = 83.8984, GNorm = 0.4580, lr_0 = 4.8295e-04
Loss = 1.2994e-02, PNorm = 83.8995, GNorm = 0.5111, lr_0 = 4.8272e-04
Loss = 1.2251e-02, PNorm = 83.9054, GNorm = 0.8768, lr_0 = 4.8248e-04
Loss = 1.5815e-02, PNorm = 83.9086, GNorm = 0.4187, lr_0 = 4.8224e-04
Loss = 1.5154e-02, PNorm = 83.9121, GNorm = 0.1391, lr_0 = 4.8201e-04
Loss = 1.5066e-02, PNorm = 83.9153, GNorm = 0.4654, lr_0 = 4.8177e-04
Loss = 1.6056e-02, PNorm = 83.9187, GNorm = 0.5727, lr_0 = 4.8153e-04
Loss = 1.4316e-02, PNorm = 83.9229, GNorm = 0.4695, lr_0 = 4.8130e-04
Loss = 1.4750e-02, PNorm = 83.9289, GNorm = 0.3914, lr_0 = 4.8106e-04
Loss = 1.2786e-02, PNorm = 83.9300, GNorm = 0.3856, lr_0 = 4.8083e-04
Loss = 1.3849e-02, PNorm = 83.9295, GNorm = 0.5520, lr_0 = 4.8059e-04
Loss = 1.3705e-02, PNorm = 83.9287, GNorm = 0.1259, lr_0 = 4.8036e-04
Loss = 8.8076e-03, PNorm = 83.9309, GNorm = 0.2249, lr_0 = 4.8012e-04
Loss = 1.2575e-02, PNorm = 83.9339, GNorm = 0.5118, lr_0 = 4.7989e-04
Loss = 1.6812e-02, PNorm = 83.9371, GNorm = 0.3214, lr_0 = 4.7965e-04
Loss = 1.4202e-02, PNorm = 83.9382, GNorm = 0.3686, lr_0 = 4.7941e-04
Loss = 1.1687e-02, PNorm = 83.9403, GNorm = 0.2459, lr_0 = 4.7918e-04
Loss = 1.4224e-02, PNorm = 83.9439, GNorm = 0.7986, lr_0 = 4.7895e-04
Loss = 1.4816e-02, PNorm = 83.9491, GNorm = 0.5651, lr_0 = 4.7871e-04
Loss = 1.4277e-02, PNorm = 83.9541, GNorm = 0.4073, lr_0 = 4.7848e-04
Loss = 1.2446e-02, PNorm = 83.9593, GNorm = 0.1548, lr_0 = 4.7824e-04
Loss = 1.4652e-02, PNorm = 83.9621, GNorm = 0.6611, lr_0 = 4.7801e-04
Loss = 1.4418e-02, PNorm = 83.9661, GNorm = 1.0663, lr_0 = 4.7777e-04
Loss = 1.4032e-02, PNorm = 83.9695, GNorm = 0.2735, lr_0 = 4.7754e-04
Loss = 1.3240e-02, PNorm = 83.9736, GNorm = 0.2593, lr_0 = 4.7731e-04
Loss = 1.4559e-02, PNorm = 83.9751, GNorm = 0.3036, lr_0 = 4.7707e-04
Loss = 1.8041e-02, PNorm = 83.9801, GNorm = 0.2052, lr_0 = 4.7684e-04
Loss = 1.4906e-02, PNorm = 83.9866, GNorm = 0.2020, lr_0 = 4.7660e-04
Loss = 1.0955e-02, PNorm = 83.9886, GNorm = 0.4697, lr_0 = 4.7637e-04
Loss = 1.3410e-02, PNorm = 83.9950, GNorm = 0.7790, lr_0 = 4.7614e-04
Loss = 1.5707e-02, PNorm = 83.9990, GNorm = 0.4036, lr_0 = 4.7590e-04
Loss = 1.3861e-02, PNorm = 84.0024, GNorm = 0.5865, lr_0 = 4.7567e-04
Loss = 1.1232e-02, PNorm = 84.0092, GNorm = 0.4717, lr_0 = 4.7544e-04
Loss = 1.4393e-02, PNorm = 84.0147, GNorm = 0.1994, lr_0 = 4.7521e-04
Loss = 1.5417e-02, PNorm = 84.0179, GNorm = 0.3695, lr_0 = 4.7497e-04
Loss = 1.4446e-02, PNorm = 84.0205, GNorm = 0.2806, lr_0 = 4.7474e-04
Loss = 1.3683e-02, PNorm = 84.0226, GNorm = 0.4656, lr_0 = 4.7451e-04
Loss = 1.5277e-02, PNorm = 84.0253, GNorm = 0.2696, lr_0 = 4.7427e-04
Loss = 1.5038e-02, PNorm = 84.0292, GNorm = 0.3506, lr_0 = 4.7404e-04
Loss = 1.3668e-02, PNorm = 84.0306, GNorm = 0.2223, lr_0 = 4.7381e-04
Loss = 1.5601e-02, PNorm = 84.0339, GNorm = 0.3212, lr_0 = 4.7358e-04
Loss = 1.3016e-02, PNorm = 84.0369, GNorm = 0.5995, lr_0 = 4.7335e-04
Loss = 1.3164e-02, PNorm = 84.0396, GNorm = 0.3156, lr_0 = 4.7311e-04
Loss = 1.4750e-02, PNorm = 84.0445, GNorm = 0.1556, lr_0 = 4.7288e-04
Loss = 1.5062e-02, PNorm = 84.0486, GNorm = 0.2906, lr_0 = 4.7265e-04
Loss = 1.6013e-02, PNorm = 84.0507, GNorm = 0.2850, lr_0 = 4.7242e-04
Loss = 1.6050e-02, PNorm = 84.0548, GNorm = 0.8195, lr_0 = 4.7219e-04
Loss = 1.6953e-02, PNorm = 84.0574, GNorm = 0.4195, lr_0 = 4.7196e-04
Loss = 1.5410e-02, PNorm = 84.0613, GNorm = 0.4345, lr_0 = 4.7173e-04
Loss = 1.4466e-02, PNorm = 84.0685, GNorm = 0.2175, lr_0 = 4.7149e-04
Loss = 1.9192e-02, PNorm = 84.0715, GNorm = 0.4473, lr_0 = 4.7126e-04
Loss = 1.1532e-02, PNorm = 84.0750, GNorm = 0.4355, lr_0 = 4.7103e-04
Loss = 1.3003e-02, PNorm = 84.0787, GNorm = 0.1467, lr_0 = 4.7080e-04
Loss = 1.4086e-02, PNorm = 84.0808, GNorm = 0.4909, lr_0 = 4.7057e-04
Loss = 1.5202e-02, PNorm = 84.0861, GNorm = 0.4774, lr_0 = 4.7034e-04
Loss = 1.2159e-02, PNorm = 84.0920, GNorm = 0.2007, lr_0 = 4.7011e-04
Loss = 1.4570e-02, PNorm = 84.0954, GNorm = 0.4907, lr_0 = 4.6988e-04
Loss = 1.3460e-02, PNorm = 84.1013, GNorm = 0.3861, lr_0 = 4.6965e-04
Loss = 1.2205e-02, PNorm = 84.1075, GNorm = 0.3386, lr_0 = 4.6942e-04
Loss = 1.3027e-02, PNorm = 84.1111, GNorm = 0.1786, lr_0 = 4.6919e-04
Loss = 1.6482e-02, PNorm = 84.1138, GNorm = 0.3051, lr_0 = 4.6896e-04
Loss = 1.3218e-02, PNorm = 84.1165, GNorm = 0.1544, lr_0 = 4.6873e-04
Loss = 1.5762e-02, PNorm = 84.1185, GNorm = 0.2245, lr_0 = 4.6850e-04
Loss = 1.5782e-02, PNorm = 84.1217, GNorm = 0.1694, lr_0 = 4.6827e-04
Loss = 1.4787e-02, PNorm = 84.1248, GNorm = 0.2942, lr_0 = 4.6804e-04
Loss = 1.6794e-02, PNorm = 84.1248, GNorm = 0.2990, lr_0 = 4.6781e-04
Loss = 1.4368e-02, PNorm = 84.1268, GNorm = 0.2249, lr_0 = 4.6758e-04
Loss = 1.4597e-02, PNorm = 84.1301, GNorm = 0.3194, lr_0 = 4.6735e-04
Loss = 1.1615e-02, PNorm = 84.1351, GNorm = 0.4671, lr_0 = 4.6712e-04
Loss = 1.1994e-02, PNorm = 84.1380, GNorm = 0.2512, lr_0 = 4.6690e-04
Loss = 1.2475e-02, PNorm = 84.1387, GNorm = 0.1840, lr_0 = 4.6667e-04
Loss = 1.3534e-02, PNorm = 84.1440, GNorm = 0.1318, lr_0 = 4.6644e-04
Loss = 1.2031e-02, PNorm = 84.1464, GNorm = 0.1503, lr_0 = 4.6621e-04
Loss = 1.1353e-02, PNorm = 84.1484, GNorm = 0.5815, lr_0 = 4.6598e-04
Loss = 1.5496e-02, PNorm = 84.1524, GNorm = 0.3312, lr_0 = 4.6575e-04
Loss = 1.2268e-02, PNorm = 84.1568, GNorm = 0.5847, lr_0 = 4.6553e-04
Loss = 1.3017e-02, PNorm = 84.1587, GNorm = 0.6509, lr_0 = 4.6530e-04
Loss = 1.1695e-02, PNorm = 84.1614, GNorm = 0.1836, lr_0 = 4.6507e-04
Loss = 1.7816e-02, PNorm = 84.1655, GNorm = 0.3195, lr_0 = 4.6484e-04
Loss = 1.5277e-02, PNorm = 84.1678, GNorm = 0.6836, lr_0 = 4.6461e-04
Loss = 1.2344e-02, PNorm = 84.1733, GNorm = 1.1454, lr_0 = 4.6439e-04
Loss = 1.5475e-02, PNorm = 84.1742, GNorm = 0.6939, lr_0 = 4.6416e-04
Validation r2 = 0.986715
Epoch 3
Loss = 9.7405e-03, PNorm = 84.1771, GNorm = 0.2864, lr_0 = 4.6391e-04
Loss = 1.2177e-02, PNorm = 84.1797, GNorm = 0.5765, lr_0 = 4.6368e-04
Loss = 1.1872e-02, PNorm = 84.1838, GNorm = 0.2834, lr_0 = 4.6345e-04
Loss = 1.0472e-02, PNorm = 84.1873, GNorm = 0.1576, lr_0 = 4.6323e-04
Loss = 1.1459e-02, PNorm = 84.1909, GNorm = 0.5852, lr_0 = 4.6300e-04
Loss = 1.4243e-02, PNorm = 84.1933, GNorm = 0.0949, lr_0 = 4.6277e-04
Loss = 8.7905e-03, PNorm = 84.1967, GNorm = 0.3179, lr_0 = 4.6255e-04
Loss = 9.2957e-03, PNorm = 84.1964, GNorm = 0.3589, lr_0 = 4.6232e-04
Loss = 1.3702e-02, PNorm = 84.2000, GNorm = 0.3720, lr_0 = 4.6209e-04
Loss = 1.3221e-02, PNorm = 84.2057, GNorm = 0.5135, lr_0 = 4.6187e-04
Loss = 1.3461e-02, PNorm = 84.2093, GNorm = 0.4621, lr_0 = 4.6164e-04
Loss = 1.4979e-02, PNorm = 84.2131, GNorm = 0.1323, lr_0 = 4.6142e-04
Loss = 1.2334e-02, PNorm = 84.2165, GNorm = 0.1959, lr_0 = 4.6119e-04
Loss = 1.3786e-02, PNorm = 84.2187, GNorm = 0.4749, lr_0 = 4.6096e-04
Loss = 1.2199e-02, PNorm = 84.2224, GNorm = 0.2310, lr_0 = 4.6074e-04
Loss = 9.4752e-03, PNorm = 84.2241, GNorm = 0.3719, lr_0 = 4.6051e-04
Loss = 1.3611e-02, PNorm = 84.2238, GNorm = 0.3451, lr_0 = 4.6029e-04
Loss = 1.5007e-02, PNorm = 84.2280, GNorm = 0.3249, lr_0 = 4.6006e-04
Loss = 1.2286e-02, PNorm = 84.2305, GNorm = 0.3783, lr_0 = 4.5984e-04
Loss = 1.4004e-02, PNorm = 84.2345, GNorm = 0.5240, lr_0 = 4.5961e-04
Loss = 1.4140e-02, PNorm = 84.2374, GNorm = 0.1298, lr_0 = 4.5938e-04
Loss = 1.0470e-02, PNorm = 84.2433, GNorm = 0.1423, lr_0 = 4.5916e-04
Loss = 8.7413e-03, PNorm = 84.2458, GNorm = 0.1821, lr_0 = 4.5893e-04
Loss = 1.0844e-02, PNorm = 84.2490, GNorm = 0.2251, lr_0 = 4.5871e-04
Loss = 1.3011e-02, PNorm = 84.2508, GNorm = 0.3848, lr_0 = 4.5849e-04
Loss = 1.1755e-02, PNorm = 84.2519, GNorm = 0.3870, lr_0 = 4.5826e-04
Loss = 1.1917e-02, PNorm = 84.2579, GNorm = 0.2285, lr_0 = 4.5804e-04
Loss = 1.3491e-02, PNorm = 84.2636, GNorm = 0.1906, lr_0 = 4.5781e-04
Loss = 1.6199e-02, PNorm = 84.2652, GNorm = 0.2708, lr_0 = 4.5759e-04
Loss = 1.4935e-02, PNorm = 84.2636, GNorm = 0.3381, lr_0 = 4.5736e-04
Loss = 1.0479e-02, PNorm = 84.2664, GNorm = 0.0992, lr_0 = 4.5714e-04
Loss = 1.1957e-02, PNorm = 84.2709, GNorm = 0.3962, lr_0 = 4.5692e-04
Loss = 1.2657e-02, PNorm = 84.2724, GNorm = 0.2364, lr_0 = 4.5669e-04
Loss = 1.4870e-02, PNorm = 84.2758, GNorm = 0.6504, lr_0 = 4.5647e-04
Loss = 1.3238e-02, PNorm = 84.2794, GNorm = 0.7547, lr_0 = 4.5624e-04
Loss = 1.6060e-02, PNorm = 84.2779, GNorm = 0.2395, lr_0 = 4.5602e-04
Loss = 1.4610e-02, PNorm = 84.2816, GNorm = 0.1511, lr_0 = 4.5580e-04
Loss = 1.4395e-02, PNorm = 84.2853, GNorm = 0.4896, lr_0 = 4.5557e-04
Loss = 1.0400e-02, PNorm = 84.2883, GNorm = 0.3565, lr_0 = 4.5535e-04
Loss = 1.1350e-02, PNorm = 84.2911, GNorm = 0.7617, lr_0 = 4.5513e-04
Loss = 1.1586e-02, PNorm = 84.2942, GNorm = 0.1373, lr_0 = 4.5490e-04
Loss = 1.0756e-02, PNorm = 84.2969, GNorm = 0.2529, lr_0 = 4.5468e-04
Loss = 1.3827e-02, PNorm = 84.3010, GNorm = 0.3749, lr_0 = 4.5446e-04
Loss = 1.5838e-02, PNorm = 84.3056, GNorm = 0.7101, lr_0 = 4.5424e-04
Loss = 1.4612e-02, PNorm = 84.3070, GNorm = 0.2778, lr_0 = 4.5401e-04
Loss = 1.2882e-02, PNorm = 84.3072, GNorm = 0.2110, lr_0 = 4.5379e-04
Loss = 1.5249e-02, PNorm = 84.3090, GNorm = 0.7226, lr_0 = 4.5357e-04
Loss = 1.3952e-02, PNorm = 84.3065, GNorm = 0.3226, lr_0 = 4.5335e-04
Loss = 1.2761e-02, PNorm = 84.3083, GNorm = 0.2236, lr_0 = 4.5313e-04
Loss = 1.1529e-02, PNorm = 84.3105, GNorm = 0.5245, lr_0 = 4.5290e-04
Loss = 1.2889e-02, PNorm = 84.3121, GNorm = 0.2410, lr_0 = 4.5268e-04
Loss = 1.3829e-02, PNorm = 84.3199, GNorm = 0.5951, lr_0 = 4.5246e-04
Loss = 1.5008e-02, PNorm = 84.3217, GNorm = 0.4144, lr_0 = 4.5224e-04
Loss = 1.6775e-02, PNorm = 84.3285, GNorm = 0.3040, lr_0 = 4.5202e-04
Loss = 1.3928e-02, PNorm = 84.3303, GNorm = 0.2673, lr_0 = 4.5179e-04
Loss = 1.3291e-02, PNorm = 84.3347, GNorm = 0.2549, lr_0 = 4.5157e-04
Loss = 1.6920e-02, PNorm = 84.3388, GNorm = 0.2833, lr_0 = 4.5135e-04
Loss = 1.0465e-02, PNorm = 84.3436, GNorm = 0.2724, lr_0 = 4.5113e-04
Loss = 1.4208e-02, PNorm = 84.3486, GNorm = 0.1660, lr_0 = 4.5091e-04
Loss = 1.3890e-02, PNorm = 84.3512, GNorm = 0.1735, lr_0 = 4.5069e-04
Loss = 1.2940e-02, PNorm = 84.3550, GNorm = 0.1871, lr_0 = 4.5047e-04
Loss = 1.6320e-02, PNorm = 84.3561, GNorm = 0.2292, lr_0 = 4.5025e-04
Loss = 1.1269e-02, PNorm = 84.3601, GNorm = 0.1572, lr_0 = 4.5003e-04
Loss = 1.3462e-02, PNorm = 84.3615, GNorm = 0.0990, lr_0 = 4.4981e-04
Loss = 1.4477e-02, PNorm = 84.3616, GNorm = 0.3178, lr_0 = 4.4959e-04
Loss = 1.2645e-02, PNorm = 84.3643, GNorm = 0.2441, lr_0 = 4.4937e-04
Loss = 1.2948e-02, PNorm = 84.3665, GNorm = 0.3231, lr_0 = 4.4915e-04
Loss = 1.2157e-02, PNorm = 84.3673, GNorm = 0.5139, lr_0 = 4.4893e-04
Loss = 1.3638e-02, PNorm = 84.3693, GNorm = 0.2882, lr_0 = 4.4871e-04
Loss = 1.4013e-02, PNorm = 84.3730, GNorm = 0.8187, lr_0 = 4.4849e-04
Loss = 1.4071e-02, PNorm = 84.3744, GNorm = 0.4578, lr_0 = 4.4827e-04
Loss = 9.0129e-03, PNorm = 84.3775, GNorm = 0.2132, lr_0 = 4.4805e-04
Loss = 1.1052e-02, PNorm = 84.3791, GNorm = 0.3288, lr_0 = 4.4783e-04
Loss = 1.4607e-02, PNorm = 84.3858, GNorm = 0.5910, lr_0 = 4.4761e-04
Loss = 1.4975e-02, PNorm = 84.3911, GNorm = 0.1490, lr_0 = 4.4739e-04
Loss = 1.3487e-02, PNorm = 84.3957, GNorm = 0.4174, lr_0 = 4.4717e-04
Loss = 1.2760e-02, PNorm = 84.4017, GNorm = 0.6279, lr_0 = 4.4695e-04
Loss = 1.0231e-02, PNorm = 84.4053, GNorm = 0.1738, lr_0 = 4.4673e-04
Loss = 1.4229e-02, PNorm = 84.4095, GNorm = 0.3776, lr_0 = 4.4651e-04
Loss = 1.5298e-02, PNorm = 84.4124, GNorm = 0.3113, lr_0 = 4.4629e-04
Loss = 1.4368e-02, PNorm = 84.4133, GNorm = 0.4027, lr_0 = 4.4608e-04
Loss = 1.0761e-02, PNorm = 84.4164, GNorm = 0.6515, lr_0 = 4.4586e-04
Loss = 1.5263e-02, PNorm = 84.4180, GNorm = 0.3527, lr_0 = 4.4564e-04
Loss = 1.2645e-02, PNorm = 84.4209, GNorm = 0.4705, lr_0 = 4.4542e-04
Loss = 1.3881e-02, PNorm = 84.4265, GNorm = 0.2274, lr_0 = 4.4520e-04
Loss = 1.7924e-02, PNorm = 84.4298, GNorm = 0.4493, lr_0 = 4.4498e-04
Loss = 1.3273e-02, PNorm = 84.4317, GNorm = 0.3162, lr_0 = 4.4477e-04
Loss = 1.3294e-02, PNorm = 84.4355, GNorm = 0.1812, lr_0 = 4.4455e-04
Loss = 1.2373e-02, PNorm = 84.4381, GNorm = 0.1690, lr_0 = 4.4433e-04
Loss = 1.4098e-02, PNorm = 84.4441, GNorm = 0.2469, lr_0 = 4.4411e-04
Loss = 1.4786e-02, PNorm = 84.4433, GNorm = 0.2284, lr_0 = 4.4390e-04
Loss = 1.7583e-02, PNorm = 84.4473, GNorm = 0.1809, lr_0 = 4.4368e-04
Loss = 1.6063e-02, PNorm = 84.4499, GNorm = 0.7826, lr_0 = 4.4346e-04
Loss = 1.1759e-02, PNorm = 84.4574, GNorm = 0.2043, lr_0 = 4.4324e-04
Loss = 1.3304e-02, PNorm = 84.4581, GNorm = 0.2164, lr_0 = 4.4303e-04
Loss = 1.4181e-02, PNorm = 84.4624, GNorm = 0.1564, lr_0 = 4.4281e-04
Loss = 1.5338e-02, PNorm = 84.4667, GNorm = 0.0963, lr_0 = 4.4259e-04
Loss = 1.2425e-02, PNorm = 84.4713, GNorm = 0.2722, lr_0 = 4.4238e-04
Loss = 1.4850e-02, PNorm = 84.4722, GNorm = 0.2741, lr_0 = 4.4216e-04
Loss = 1.3368e-02, PNorm = 84.4710, GNorm = 0.3545, lr_0 = 4.4194e-04
Loss = 1.4226e-02, PNorm = 84.4720, GNorm = 0.5169, lr_0 = 4.4173e-04
Loss = 1.3826e-02, PNorm = 84.4768, GNorm = 0.2541, lr_0 = 4.4151e-04
Loss = 1.1428e-02, PNorm = 84.4788, GNorm = 0.2052, lr_0 = 4.4129e-04
Loss = 1.5817e-02, PNorm = 84.4831, GNorm = 0.3536, lr_0 = 4.4108e-04
Loss = 1.5958e-02, PNorm = 84.4848, GNorm = 0.4978, lr_0 = 4.4086e-04
Loss = 1.1284e-02, PNorm = 84.4871, GNorm = 0.4495, lr_0 = 4.4064e-04
Loss = 1.1257e-02, PNorm = 84.4902, GNorm = 0.1272, lr_0 = 4.4043e-04
Loss = 1.4847e-02, PNorm = 84.4918, GNorm = 0.5467, lr_0 = 4.4021e-04
Loss = 1.0736e-02, PNorm = 84.4939, GNorm = 0.2537, lr_0 = 4.4000e-04
Loss = 1.5526e-02, PNorm = 84.4980, GNorm = 0.3286, lr_0 = 4.3978e-04
Loss = 1.5019e-02, PNorm = 84.4977, GNorm = 0.3222, lr_0 = 4.3957e-04
Loss = 1.3448e-02, PNorm = 84.5001, GNorm = 0.3702, lr_0 = 4.3935e-04
Loss = 1.1442e-02, PNorm = 84.4994, GNorm = 0.3495, lr_0 = 4.3914e-04
Loss = 1.2646e-02, PNorm = 84.5046, GNorm = 0.4024, lr_0 = 4.3892e-04
Loss = 1.5068e-02, PNorm = 84.5094, GNorm = 0.6201, lr_0 = 4.3871e-04
Loss = 9.5962e-03, PNorm = 84.5106, GNorm = 0.1902, lr_0 = 4.3849e-04
Loss = 1.4636e-02, PNorm = 84.5113, GNorm = 0.2815, lr_0 = 4.3828e-04
Loss = 1.0350e-02, PNorm = 84.5119, GNorm = 0.1078, lr_0 = 4.3806e-04
Loss = 1.1464e-02, PNorm = 84.5145, GNorm = 0.3534, lr_0 = 4.3785e-04
Loss = 9.6305e-03, PNorm = 84.5176, GNorm = 0.2900, lr_0 = 4.3763e-04
Loss = 1.4396e-02, PNorm = 84.5204, GNorm = 0.7379, lr_0 = 4.3742e-04
Loss = 1.5774e-02, PNorm = 84.5246, GNorm = 0.4262, lr_0 = 4.3720e-04
Loss = 1.5201e-02, PNorm = 84.5264, GNorm = 0.2268, lr_0 = 4.3699e-04
Loss = 1.0021e-02, PNorm = 84.5291, GNorm = 0.6408, lr_0 = 4.3678e-04
Loss = 1.4589e-02, PNorm = 84.5331, GNorm = 0.2099, lr_0 = 4.3656e-04
Loss = 1.3022e-02, PNorm = 84.5356, GNorm = 0.2794, lr_0 = 4.3635e-04
Loss = 1.0299e-02, PNorm = 84.5381, GNorm = 0.2384, lr_0 = 4.3613e-04
Loss = 1.1921e-02, PNorm = 84.5443, GNorm = 0.2138, lr_0 = 4.3592e-04
Loss = 1.6266e-02, PNorm = 84.5487, GNorm = 0.3102, lr_0 = 4.3571e-04
Loss = 1.2644e-02, PNorm = 84.5510, GNorm = 0.6702, lr_0 = 4.3549e-04
Loss = 1.4199e-02, PNorm = 84.5558, GNorm = 0.1675, lr_0 = 4.3528e-04
Loss = 1.3828e-02, PNorm = 84.5602, GNorm = 0.1800, lr_0 = 4.3507e-04
Loss = 1.5923e-02, PNorm = 84.5641, GNorm = 0.1476, lr_0 = 4.3485e-04
Loss = 1.1642e-02, PNorm = 84.5666, GNorm = 0.1831, lr_0 = 4.3464e-04
Loss = 1.5198e-02, PNorm = 84.5694, GNorm = 0.2231, lr_0 = 4.3443e-04
Loss = 1.3153e-02, PNorm = 84.5713, GNorm = 0.4366, lr_0 = 4.3421e-04
Loss = 1.0795e-02, PNorm = 84.5732, GNorm = 0.6512, lr_0 = 4.3400e-04
Loss = 1.3071e-02, PNorm = 84.5756, GNorm = 0.4218, lr_0 = 4.3379e-04
Loss = 1.0914e-02, PNorm = 84.5812, GNorm = 0.4588, lr_0 = 4.3358e-04
Loss = 1.5306e-02, PNorm = 84.5863, GNorm = 0.5225, lr_0 = 4.3336e-04
Loss = 1.0112e-02, PNorm = 84.5903, GNorm = 0.1914, lr_0 = 4.3315e-04
Loss = 1.5553e-02, PNorm = 84.5933, GNorm = 0.2428, lr_0 = 4.3294e-04
Loss = 1.2304e-02, PNorm = 84.5991, GNorm = 0.7029, lr_0 = 4.3273e-04
Loss = 1.6499e-02, PNorm = 84.6032, GNorm = 0.4914, lr_0 = 4.3252e-04
Loss = 1.2561e-02, PNorm = 84.6096, GNorm = 0.3117, lr_0 = 4.3230e-04
Loss = 1.5211e-02, PNorm = 84.6077, GNorm = 0.4229, lr_0 = 4.3209e-04
Loss = 1.8154e-02, PNorm = 84.6105, GNorm = 0.3731, lr_0 = 4.3188e-04
Loss = 1.2516e-02, PNorm = 84.6153, GNorm = 0.6854, lr_0 = 4.3167e-04
Loss = 1.5018e-02, PNorm = 84.6183, GNorm = 0.2082, lr_0 = 4.3146e-04
Loss = 9.3639e-03, PNorm = 84.6211, GNorm = 0.3565, lr_0 = 4.3125e-04
Loss = 1.4726e-02, PNorm = 84.6223, GNorm = 0.5132, lr_0 = 4.3103e-04
Loss = 1.0121e-02, PNorm = 84.6225, GNorm = 0.1680, lr_0 = 4.3082e-04
Loss = 1.3005e-02, PNorm = 84.6257, GNorm = 0.5205, lr_0 = 4.3061e-04
Loss = 1.1941e-02, PNorm = 84.6284, GNorm = 0.9105, lr_0 = 4.3040e-04
Loss = 1.3208e-02, PNorm = 84.6322, GNorm = 0.5344, lr_0 = 4.3019e-04
Loss = 1.2926e-02, PNorm = 84.6325, GNorm = 0.1851, lr_0 = 4.2998e-04
Loss = 1.2866e-02, PNorm = 84.6353, GNorm = 0.3749, lr_0 = 4.2977e-04
Loss = 1.3266e-02, PNorm = 84.6402, GNorm = 0.6870, lr_0 = 4.2956e-04
Loss = 1.3941e-02, PNorm = 84.6469, GNorm = 0.4545, lr_0 = 4.2935e-04
Loss = 1.1849e-02, PNorm = 84.6478, GNorm = 0.3942, lr_0 = 4.2914e-04
Loss = 1.0743e-02, PNorm = 84.6512, GNorm = 0.5861, lr_0 = 4.2893e-04
Loss = 1.3251e-02, PNorm = 84.6548, GNorm = 0.8762, lr_0 = 4.2872e-04
Loss = 1.3527e-02, PNorm = 84.6596, GNorm = 0.2539, lr_0 = 4.2851e-04
Loss = 1.1663e-02, PNorm = 84.6614, GNorm = 0.5941, lr_0 = 4.2830e-04
Loss = 1.7366e-02, PNorm = 84.6626, GNorm = 0.5775, lr_0 = 4.2809e-04
Loss = 1.2661e-02, PNorm = 84.6657, GNorm = 0.2482, lr_0 = 4.2788e-04
Loss = 1.3311e-02, PNorm = 84.6703, GNorm = 0.2027, lr_0 = 4.2767e-04
Loss = 1.1980e-02, PNorm = 84.6724, GNorm = 0.1560, lr_0 = 4.2746e-04
Loss = 1.1377e-02, PNorm = 84.6755, GNorm = 0.1824, lr_0 = 4.2725e-04
Loss = 1.2057e-02, PNorm = 84.6764, GNorm = 0.2724, lr_0 = 4.2704e-04
Loss = 1.4417e-02, PNorm = 84.6777, GNorm = 0.7210, lr_0 = 4.2683e-04
Loss = 1.3586e-02, PNorm = 84.6793, GNorm = 0.1780, lr_0 = 4.2662e-04
Loss = 1.5901e-02, PNorm = 84.6830, GNorm = 0.3109, lr_0 = 4.2641e-04
Loss = 1.2134e-02, PNorm = 84.6864, GNorm = 0.2384, lr_0 = 4.2620e-04
Loss = 1.3401e-02, PNorm = 84.6899, GNorm = 0.3481, lr_0 = 4.2600e-04
Loss = 1.3223e-02, PNorm = 84.6909, GNorm = 0.2693, lr_0 = 4.2579e-04
Loss = 1.1357e-02, PNorm = 84.6887, GNorm = 0.4721, lr_0 = 4.2558e-04
Loss = 1.2729e-02, PNorm = 84.6887, GNorm = 0.2025, lr_0 = 4.2537e-04
Loss = 1.1352e-02, PNorm = 84.6921, GNorm = 0.6209, lr_0 = 4.2516e-04
Loss = 1.6206e-02, PNorm = 84.6971, GNorm = 0.2658, lr_0 = 4.2495e-04
Loss = 1.4568e-02, PNorm = 84.7029, GNorm = 0.2040, lr_0 = 4.2474e-04
Loss = 1.1319e-02, PNorm = 84.7079, GNorm = 0.1880, lr_0 = 4.2454e-04
Loss = 1.4254e-02, PNorm = 84.7093, GNorm = 0.4177, lr_0 = 4.2433e-04
Loss = 1.7194e-02, PNorm = 84.7120, GNorm = 0.2793, lr_0 = 4.2412e-04
Loss = 1.1411e-02, PNorm = 84.7164, GNorm = 0.1459, lr_0 = 4.2391e-04
Loss = 1.2437e-02, PNorm = 84.7187, GNorm = 0.0955, lr_0 = 4.2371e-04
Loss = 1.4879e-02, PNorm = 84.7242, GNorm = 0.1983, lr_0 = 4.2350e-04
Loss = 1.2876e-02, PNorm = 84.7283, GNorm = 0.2233, lr_0 = 4.2329e-04
Loss = 1.4055e-02, PNorm = 84.7320, GNorm = 0.3511, lr_0 = 4.2308e-04
Loss = 1.3029e-02, PNorm = 84.7322, GNorm = 0.3715, lr_0 = 4.2288e-04
Loss = 1.2455e-02, PNorm = 84.7328, GNorm = 0.2301, lr_0 = 4.2267e-04
Loss = 1.1211e-02, PNorm = 84.7349, GNorm = 0.1888, lr_0 = 4.2246e-04
Loss = 1.2753e-02, PNorm = 84.7394, GNorm = 0.3183, lr_0 = 4.2225e-04
Loss = 1.2671e-02, PNorm = 84.7412, GNorm = 0.1043, lr_0 = 4.2205e-04
Loss = 1.2458e-02, PNorm = 84.7438, GNorm = 0.6159, lr_0 = 4.2184e-04
Loss = 1.3157e-02, PNorm = 84.7470, GNorm = 0.1496, lr_0 = 4.2163e-04
Loss = 1.1183e-02, PNorm = 84.7492, GNorm = 0.2150, lr_0 = 4.2143e-04
Loss = 1.5932e-02, PNorm = 84.7523, GNorm = 0.9110, lr_0 = 4.2122e-04
Loss = 1.2612e-02, PNorm = 84.7553, GNorm = 0.7568, lr_0 = 4.2102e-04
Loss = 1.1557e-02, PNorm = 84.7575, GNorm = 0.1889, lr_0 = 4.2081e-04
Loss = 1.1849e-02, PNorm = 84.7570, GNorm = 0.5142, lr_0 = 4.2060e-04
Loss = 8.8488e-03, PNorm = 84.7615, GNorm = 0.6859, lr_0 = 4.2040e-04
Loss = 1.4747e-02, PNorm = 84.7650, GNorm = 0.2399, lr_0 = 4.2019e-04
Loss = 1.3327e-02, PNorm = 84.7676, GNorm = 0.1536, lr_0 = 4.1998e-04
Loss = 1.2377e-02, PNorm = 84.7729, GNorm = 0.4489, lr_0 = 4.1978e-04
Loss = 1.7446e-02, PNorm = 84.7778, GNorm = 0.2430, lr_0 = 4.1957e-04
Loss = 1.4174e-02, PNorm = 84.7805, GNorm = 0.4471, lr_0 = 4.1937e-04
Loss = 1.8604e-02, PNorm = 84.7836, GNorm = 0.1809, lr_0 = 4.1916e-04
Loss = 9.2294e-03, PNorm = 84.7858, GNorm = 0.4083, lr_0 = 4.1896e-04
Loss = 1.4121e-02, PNorm = 84.7852, GNorm = 0.1610, lr_0 = 4.1875e-04
Loss = 1.4338e-02, PNorm = 84.7883, GNorm = 0.1828, lr_0 = 4.1855e-04
Loss = 1.0457e-02, PNorm = 84.7899, GNorm = 0.3318, lr_0 = 4.1834e-04
Loss = 1.2081e-02, PNorm = 84.7951, GNorm = 0.2735, lr_0 = 4.1814e-04
Loss = 1.4783e-02, PNorm = 84.7998, GNorm = 0.4395, lr_0 = 4.1793e-04
Loss = 1.3260e-02, PNorm = 84.8008, GNorm = 0.1418, lr_0 = 4.1773e-04
Loss = 1.1240e-02, PNorm = 84.8018, GNorm = 0.2103, lr_0 = 4.1752e-04
Loss = 1.3243e-02, PNorm = 84.8053, GNorm = 0.2257, lr_0 = 4.1732e-04
Loss = 1.2971e-02, PNorm = 84.8120, GNorm = 0.3046, lr_0 = 4.1711e-04
Loss = 1.4029e-02, PNorm = 84.8172, GNorm = 0.6529, lr_0 = 4.1691e-04
Loss = 1.5432e-02, PNorm = 84.8206, GNorm = 1.0444, lr_0 = 4.1671e-04
Loss = 1.2720e-02, PNorm = 84.8204, GNorm = 0.2359, lr_0 = 4.1650e-04
Loss = 1.2577e-02, PNorm = 84.8216, GNorm = 0.7471, lr_0 = 4.1630e-04
Loss = 1.3055e-02, PNorm = 84.8250, GNorm = 0.3193, lr_0 = 4.1609e-04
Loss = 1.2583e-02, PNorm = 84.8296, GNorm = 0.6642, lr_0 = 4.1589e-04
Loss = 1.8013e-02, PNorm = 84.8336, GNorm = 0.6418, lr_0 = 4.1569e-04
Loss = 1.6069e-02, PNorm = 84.8369, GNorm = 0.4729, lr_0 = 4.1548e-04
Loss = 1.3757e-02, PNorm = 84.8425, GNorm = 0.7906, lr_0 = 4.1528e-04
Loss = 1.0997e-02, PNorm = 84.8432, GNorm = 0.2746, lr_0 = 4.1507e-04
Loss = 1.2042e-02, PNorm = 84.8455, GNorm = 0.3150, lr_0 = 4.1487e-04
Loss = 1.3583e-02, PNorm = 84.8480, GNorm = 0.2358, lr_0 = 4.1467e-04
Loss = 1.0395e-02, PNorm = 84.8493, GNorm = 0.1387, lr_0 = 4.1447e-04
Loss = 1.3157e-02, PNorm = 84.8532, GNorm = 0.1949, lr_0 = 4.1426e-04
Loss = 1.4231e-02, PNorm = 84.8586, GNorm = 0.3404, lr_0 = 4.1406e-04
Loss = 1.2711e-02, PNorm = 84.8647, GNorm = 0.2972, lr_0 = 4.1386e-04
Loss = 1.3367e-02, PNorm = 84.8682, GNorm = 0.1739, lr_0 = 4.1365e-04
Loss = 1.3829e-02, PNorm = 84.8702, GNorm = 0.2678, lr_0 = 4.1345e-04
Loss = 1.1971e-02, PNorm = 84.8735, GNorm = 0.3265, lr_0 = 4.1325e-04
Loss = 1.5369e-02, PNorm = 84.8776, GNorm = 0.3509, lr_0 = 4.1305e-04
Loss = 1.5131e-02, PNorm = 84.8816, GNorm = 0.3861, lr_0 = 4.1284e-04
Loss = 1.3727e-02, PNorm = 84.8840, GNorm = 0.2530, lr_0 = 4.1264e-04
Loss = 1.2429e-02, PNorm = 84.8861, GNorm = 0.7427, lr_0 = 4.1244e-04
Loss = 1.4368e-02, PNorm = 84.8890, GNorm = 0.4079, lr_0 = 4.1224e-04
Loss = 1.4913e-02, PNorm = 84.8915, GNorm = 0.3340, lr_0 = 4.1204e-04
Loss = 1.1236e-02, PNorm = 84.8981, GNorm = 0.3271, lr_0 = 4.1183e-04
Loss = 1.3310e-02, PNorm = 84.9007, GNorm = 0.1868, lr_0 = 4.1163e-04
Loss = 1.1895e-02, PNorm = 84.9058, GNorm = 0.4885, lr_0 = 4.1143e-04
Loss = 1.0871e-02, PNorm = 84.9100, GNorm = 0.2605, lr_0 = 4.1123e-04
Loss = 1.3004e-02, PNorm = 84.9125, GNorm = 0.2187, lr_0 = 4.1103e-04
Loss = 1.1028e-02, PNorm = 84.9129, GNorm = 0.5044, lr_0 = 4.1083e-04
Loss = 1.5460e-02, PNorm = 84.9137, GNorm = 0.6886, lr_0 = 4.1062e-04
Loss = 1.3353e-02, PNorm = 84.9175, GNorm = 0.3565, lr_0 = 4.1042e-04
Loss = 1.0413e-02, PNorm = 84.9190, GNorm = 0.4148, lr_0 = 4.1022e-04
Loss = 9.9876e-03, PNorm = 84.9217, GNorm = 0.4475, lr_0 = 4.1002e-04
Loss = 1.0756e-02, PNorm = 84.9261, GNorm = 0.3143, lr_0 = 4.0982e-04
Loss = 1.0956e-02, PNorm = 84.9309, GNorm = 0.2330, lr_0 = 4.0962e-04
Loss = 1.1939e-02, PNorm = 84.9339, GNorm = 0.2997, lr_0 = 4.0942e-04
Loss = 1.4724e-02, PNorm = 84.9346, GNorm = 0.4331, lr_0 = 4.0922e-04
Loss = 1.3252e-02, PNorm = 84.9384, GNorm = 0.1278, lr_0 = 4.0902e-04
Loss = 1.3494e-02, PNorm = 84.9380, GNorm = 0.6337, lr_0 = 4.0882e-04
Loss = 1.3825e-02, PNorm = 84.9394, GNorm = 0.4389, lr_0 = 4.0862e-04
Loss = 1.3205e-02, PNorm = 84.9406, GNorm = 0.4048, lr_0 = 4.0842e-04
Loss = 1.2469e-02, PNorm = 84.9440, GNorm = 0.7932, lr_0 = 4.0822e-04
Loss = 1.0192e-02, PNorm = 84.9500, GNorm = 0.5749, lr_0 = 4.0802e-04
Loss = 1.2876e-02, PNorm = 84.9509, GNorm = 0.4890, lr_0 = 4.0782e-04
Loss = 1.3059e-02, PNorm = 84.9538, GNorm = 0.2792, lr_0 = 4.0762e-04
Loss = 1.3081e-02, PNorm = 84.9558, GNorm = 0.1477, lr_0 = 4.0742e-04
Loss = 1.4247e-02, PNorm = 84.9579, GNorm = 0.5714, lr_0 = 4.0722e-04
Loss = 1.2364e-02, PNorm = 84.9585, GNorm = 0.2218, lr_0 = 4.0702e-04
Loss = 9.1739e-03, PNorm = 84.9582, GNorm = 0.2158, lr_0 = 4.0682e-04
Loss = 1.7830e-02, PNorm = 84.9593, GNorm = 0.4540, lr_0 = 4.0662e-04
Loss = 1.4402e-02, PNorm = 84.9629, GNorm = 0.4904, lr_0 = 4.0642e-04
Loss = 1.7191e-02, PNorm = 84.9655, GNorm = 0.1999, lr_0 = 4.0622e-04
Loss = 1.3208e-02, PNorm = 84.9708, GNorm = 1.0475, lr_0 = 4.0602e-04
Loss = 1.4167e-02, PNorm = 84.9745, GNorm = 0.4267, lr_0 = 4.0582e-04
Loss = 1.3303e-02, PNorm = 84.9786, GNorm = 0.2972, lr_0 = 4.0563e-04
Loss = 1.4129e-02, PNorm = 84.9810, GNorm = 0.3922, lr_0 = 4.0543e-04
Loss = 1.0221e-02, PNorm = 84.9836, GNorm = 0.4536, lr_0 = 4.0523e-04
Loss = 1.6106e-02, PNorm = 84.9845, GNorm = 0.5903, lr_0 = 4.0503e-04
Loss = 1.6279e-02, PNorm = 84.9908, GNorm = 0.3982, lr_0 = 4.0483e-04
Loss = 1.5971e-02, PNorm = 84.9944, GNorm = 0.7644, lr_0 = 4.0463e-04
Loss = 1.2169e-02, PNorm = 84.9962, GNorm = 0.3380, lr_0 = 4.0443e-04
Loss = 1.5104e-02, PNorm = 84.9985, GNorm = 0.1422, lr_0 = 4.0424e-04
Loss = 1.0556e-02, PNorm = 85.0004, GNorm = 0.5921, lr_0 = 4.0404e-04
Loss = 9.6845e-03, PNorm = 85.0037, GNorm = 0.1784, lr_0 = 4.0384e-04
Loss = 1.1933e-02, PNorm = 85.0069, GNorm = 0.2696, lr_0 = 4.0364e-04
Loss = 1.2956e-02, PNorm = 85.0128, GNorm = 0.4767, lr_0 = 4.0344e-04
Loss = 9.9373e-03, PNorm = 85.0144, GNorm = 0.2247, lr_0 = 4.0325e-04
Loss = 1.1047e-02, PNorm = 85.0191, GNorm = 0.1709, lr_0 = 4.0305e-04
Loss = 1.2647e-02, PNorm = 85.0226, GNorm = 0.7326, lr_0 = 4.0285e-04
Loss = 1.4623e-02, PNorm = 85.0249, GNorm = 0.3380, lr_0 = 4.0265e-04
Loss = 1.2286e-02, PNorm = 85.0247, GNorm = 0.3324, lr_0 = 4.0246e-04
Loss = 1.2095e-02, PNorm = 85.0279, GNorm = 0.2884, lr_0 = 4.0226e-04
Loss = 1.1551e-02, PNorm = 85.0296, GNorm = 0.4256, lr_0 = 4.0206e-04
Loss = 1.4698e-02, PNorm = 85.0316, GNorm = 0.9326, lr_0 = 4.0187e-04
Loss = 1.3841e-02, PNorm = 85.0327, GNorm = 0.1342, lr_0 = 4.0167e-04
Loss = 1.4713e-02, PNorm = 85.0351, GNorm = 0.4757, lr_0 = 4.0147e-04
Loss = 1.2173e-02, PNorm = 85.0391, GNorm = 0.4559, lr_0 = 4.0128e-04
Loss = 1.1647e-02, PNorm = 85.0419, GNorm = 0.1313, lr_0 = 4.0108e-04
Loss = 1.2673e-02, PNorm = 85.0452, GNorm = 0.5744, lr_0 = 4.0088e-04
Loss = 1.2228e-02, PNorm = 85.0484, GNorm = 0.2058, lr_0 = 4.0069e-04
Loss = 1.3692e-02, PNorm = 85.0509, GNorm = 0.2147, lr_0 = 4.0049e-04
Loss = 1.3443e-02, PNorm = 85.0548, GNorm = 0.1924, lr_0 = 4.0029e-04
Loss = 1.5879e-02, PNorm = 85.0587, GNorm = 0.1711, lr_0 = 4.0010e-04
Loss = 1.4511e-02, PNorm = 85.0621, GNorm = 0.6876, lr_0 = 3.9990e-04
Loss = 1.5749e-02, PNorm = 85.0647, GNorm = 0.2799, lr_0 = 3.9971e-04
Loss = 1.2683e-02, PNorm = 85.0643, GNorm = 0.4348, lr_0 = 3.9951e-04
Loss = 1.2307e-02, PNorm = 85.0672, GNorm = 0.1327, lr_0 = 3.9931e-04
Loss = 1.4670e-02, PNorm = 85.0703, GNorm = 0.3303, lr_0 = 3.9912e-04
Loss = 1.5675e-02, PNorm = 85.0737, GNorm = 0.4086, lr_0 = 3.9892e-04
Loss = 1.3856e-02, PNorm = 85.0755, GNorm = 0.3554, lr_0 = 3.9873e-04
Loss = 1.3164e-02, PNorm = 85.0790, GNorm = 0.2928, lr_0 = 3.9853e-04
Loss = 1.0391e-02, PNorm = 85.0800, GNorm = 0.5054, lr_0 = 3.9834e-04
Loss = 1.1917e-02, PNorm = 85.0804, GNorm = 0.1861, lr_0 = 3.9814e-04
Loss = 9.8097e-03, PNorm = 85.0839, GNorm = 0.1369, lr_0 = 3.9795e-04
Loss = 9.5963e-03, PNorm = 85.0856, GNorm = 0.4368, lr_0 = 3.9775e-04
Loss = 1.4535e-02, PNorm = 85.0883, GNorm = 0.2045, lr_0 = 3.9756e-04
Loss = 7.9710e-03, PNorm = 85.0908, GNorm = 0.1588, lr_0 = 3.9736e-04
Loss = 1.1168e-02, PNorm = 85.0926, GNorm = 0.1623, lr_0 = 3.9717e-04
Loss = 1.2371e-02, PNorm = 85.0938, GNorm = 0.1043, lr_0 = 3.9697e-04
Loss = 1.2608e-02, PNorm = 85.0952, GNorm = 0.2208, lr_0 = 3.9678e-04
Loss = 1.7663e-02, PNorm = 85.0985, GNorm = 0.3132, lr_0 = 3.9658e-04
Loss = 1.7545e-02, PNorm = 85.1029, GNorm = 0.1664, lr_0 = 3.9639e-04
Loss = 1.6160e-02, PNorm = 85.1069, GNorm = 0.3928, lr_0 = 3.9620e-04
Loss = 1.1704e-02, PNorm = 85.1102, GNorm = 0.5780, lr_0 = 3.9600e-04
Loss = 1.0793e-02, PNorm = 85.1108, GNorm = 0.4116, lr_0 = 3.9581e-04
Loss = 1.1298e-02, PNorm = 85.1110, GNorm = 0.1399, lr_0 = 3.9561e-04
Loss = 1.3706e-02, PNorm = 85.1150, GNorm = 0.3153, lr_0 = 3.9542e-04
Loss = 1.2806e-02, PNorm = 85.1164, GNorm = 0.2028, lr_0 = 3.9523e-04
Loss = 1.3723e-02, PNorm = 85.1171, GNorm = 0.3766, lr_0 = 3.9503e-04
Loss = 1.0706e-02, PNorm = 85.1187, GNorm = 0.1832, lr_0 = 3.9484e-04
Loss = 1.3974e-02, PNorm = 85.1190, GNorm = 0.2246, lr_0 = 3.9465e-04
Loss = 1.2839e-02, PNorm = 85.1217, GNorm = 0.2321, lr_0 = 3.9445e-04
Loss = 1.3611e-02, PNorm = 85.1248, GNorm = 0.1883, lr_0 = 3.9426e-04
Loss = 1.3026e-02, PNorm = 85.1272, GNorm = 0.2263, lr_0 = 3.9407e-04
Loss = 1.2925e-02, PNorm = 85.1291, GNorm = 0.2321, lr_0 = 3.9387e-04
Loss = 1.2871e-02, PNorm = 85.1278, GNorm = 0.3842, lr_0 = 3.9368e-04
Loss = 1.3692e-02, PNorm = 85.1319, GNorm = 0.6027, lr_0 = 3.9349e-04
Loss = 1.2245e-02, PNorm = 85.1323, GNorm = 0.2718, lr_0 = 3.9329e-04
Loss = 1.2071e-02, PNorm = 85.1332, GNorm = 0.4183, lr_0 = 3.9310e-04
Loss = 1.3025e-02, PNorm = 85.1351, GNorm = 0.2358, lr_0 = 3.9291e-04
Loss = 1.5295e-02, PNorm = 85.1365, GNorm = 0.3707, lr_0 = 3.9272e-04
Loss = 1.1475e-02, PNorm = 85.1401, GNorm = 0.5167, lr_0 = 3.9252e-04
Loss = 1.4279e-02, PNorm = 85.1428, GNorm = 0.7535, lr_0 = 3.9233e-04
Loss = 1.2222e-02, PNorm = 85.1446, GNorm = 0.1258, lr_0 = 3.9214e-04
Loss = 1.3945e-02, PNorm = 85.1504, GNorm = 0.4230, lr_0 = 3.9195e-04
Loss = 1.5729e-02, PNorm = 85.1574, GNorm = 0.2366, lr_0 = 3.9176e-04
Loss = 1.2596e-02, PNorm = 85.1605, GNorm = 0.1721, lr_0 = 3.9156e-04
Loss = 1.4989e-02, PNorm = 85.1619, GNorm = 0.5713, lr_0 = 3.9137e-04
Loss = 1.2861e-02, PNorm = 85.1647, GNorm = 0.2187, lr_0 = 3.9118e-04
Loss = 1.4486e-02, PNorm = 85.1685, GNorm = 0.5847, lr_0 = 3.9099e-04
Loss = 1.5235e-02, PNorm = 85.1715, GNorm = 0.2240, lr_0 = 3.9080e-04
Loss = 1.3886e-02, PNorm = 85.1736, GNorm = 0.3285, lr_0 = 3.9061e-04
Loss = 1.4192e-02, PNorm = 85.1774, GNorm = 0.2442, lr_0 = 3.9041e-04
Loss = 1.4406e-02, PNorm = 85.1814, GNorm = 0.8293, lr_0 = 3.9022e-04
Loss = 1.6715e-02, PNorm = 85.1812, GNorm = 0.2629, lr_0 = 3.9003e-04
Loss = 9.9918e-03, PNorm = 85.1849, GNorm = 0.3906, lr_0 = 3.8984e-04
Loss = 1.7281e-02, PNorm = 85.1882, GNorm = 0.2873, lr_0 = 3.8965e-04
Loss = 1.3606e-02, PNorm = 85.1907, GNorm = 0.4683, lr_0 = 3.8946e-04
Loss = 1.4241e-02, PNorm = 85.1924, GNorm = 0.1860, lr_0 = 3.8927e-04
Loss = 1.3503e-02, PNorm = 85.1969, GNorm = 0.0989, lr_0 = 3.8908e-04
Loss = 1.0116e-02, PNorm = 85.2004, GNorm = 0.3786, lr_0 = 3.8889e-04
Loss = 1.3056e-02, PNorm = 85.1999, GNorm = 0.3141, lr_0 = 3.8870e-04
Loss = 1.3200e-02, PNorm = 85.2033, GNorm = 0.5485, lr_0 = 3.8851e-04
Loss = 1.4636e-02, PNorm = 85.2034, GNorm = 0.3585, lr_0 = 3.8832e-04
Loss = 1.0662e-02, PNorm = 85.2061, GNorm = 0.1476, lr_0 = 3.8813e-04
Loss = 8.8654e-03, PNorm = 85.2082, GNorm = 0.2513, lr_0 = 3.8794e-04
Loss = 1.1390e-02, PNorm = 85.2105, GNorm = 0.3263, lr_0 = 3.8775e-04
Loss = 1.0342e-02, PNorm = 85.2128, GNorm = 0.3490, lr_0 = 3.8756e-04
Loss = 1.4189e-02, PNorm = 85.2174, GNorm = 0.6032, lr_0 = 3.8737e-04
Loss = 1.6502e-02, PNorm = 85.2183, GNorm = 0.8354, lr_0 = 3.8718e-04
Loss = 1.4403e-02, PNorm = 85.2190, GNorm = 0.3843, lr_0 = 3.8699e-04
Loss = 1.5707e-02, PNorm = 85.2202, GNorm = 0.3630, lr_0 = 3.8680e-04
Loss = 1.0666e-02, PNorm = 85.2222, GNorm = 0.3154, lr_0 = 3.8661e-04
Loss = 1.2318e-02, PNorm = 85.2228, GNorm = 0.3783, lr_0 = 3.8642e-04
Loss = 1.3178e-02, PNorm = 85.2249, GNorm = 0.3674, lr_0 = 3.8623e-04
Loss = 1.7306e-02, PNorm = 85.2260, GNorm = 0.4910, lr_0 = 3.8604e-04
Loss = 1.2554e-02, PNorm = 85.2275, GNorm = 0.5454, lr_0 = 3.8585e-04
Loss = 1.1765e-02, PNorm = 85.2334, GNorm = 0.2530, lr_0 = 3.8566e-04
Loss = 1.0508e-02, PNorm = 85.2381, GNorm = 0.2877, lr_0 = 3.8547e-04
Loss = 1.3973e-02, PNorm = 85.2365, GNorm = 0.2730, lr_0 = 3.8528e-04
Loss = 1.1938e-02, PNorm = 85.2393, GNorm = 0.3293, lr_0 = 3.8509e-04
Loss = 1.2656e-02, PNorm = 85.2428, GNorm = 0.6047, lr_0 = 3.8491e-04
Loss = 1.2548e-02, PNorm = 85.2471, GNorm = 0.5856, lr_0 = 3.8472e-04
Loss = 1.2205e-02, PNorm = 85.2491, GNorm = 0.1333, lr_0 = 3.8453e-04
Loss = 1.1287e-02, PNorm = 85.2510, GNorm = 0.4538, lr_0 = 3.8434e-04
Loss = 1.1960e-02, PNorm = 85.2539, GNorm = 0.4504, lr_0 = 3.8415e-04
Loss = 1.2351e-02, PNorm = 85.2565, GNorm = 0.1828, lr_0 = 3.8396e-04
Loss = 1.3495e-02, PNorm = 85.2558, GNorm = 0.2865, lr_0 = 3.8378e-04
Loss = 1.1970e-02, PNorm = 85.2560, GNorm = 0.3448, lr_0 = 3.8359e-04
Loss = 1.4487e-02, PNorm = 85.2577, GNorm = 0.1101, lr_0 = 3.8340e-04
Loss = 1.1415e-02, PNorm = 85.2593, GNorm = 0.1958, lr_0 = 3.8321e-04
Loss = 9.8246e-03, PNorm = 85.2605, GNorm = 0.6016, lr_0 = 3.8302e-04
Loss = 1.2045e-02, PNorm = 85.2613, GNorm = 0.3403, lr_0 = 3.8284e-04
Loss = 1.0816e-02, PNorm = 85.2642, GNorm = 0.3736, lr_0 = 3.8265e-04
Loss = 1.5252e-02, PNorm = 85.2651, GNorm = 0.4701, lr_0 = 3.8246e-04
Loss = 1.4345e-02, PNorm = 85.2660, GNorm = 0.3823, lr_0 = 3.8227e-04
Loss = 1.2309e-02, PNorm = 85.2694, GNorm = 0.1548, lr_0 = 3.8209e-04
Loss = 1.1123e-02, PNorm = 85.2700, GNorm = 0.1763, lr_0 = 3.8190e-04
Loss = 1.7488e-02, PNorm = 85.2717, GNorm = 0.2724, lr_0 = 3.8171e-04
Loss = 1.1790e-02, PNorm = 85.2761, GNorm = 0.2268, lr_0 = 3.8153e-04
Loss = 1.2719e-02, PNorm = 85.2802, GNorm = 0.2567, lr_0 = 3.8134e-04
Loss = 1.3195e-02, PNorm = 85.2828, GNorm = 0.1441, lr_0 = 3.8115e-04
Loss = 1.4300e-02, PNorm = 85.2839, GNorm = 0.3568, lr_0 = 3.8097e-04
Loss = 1.2436e-02, PNorm = 85.2876, GNorm = 0.2909, lr_0 = 3.8078e-04
Loss = 1.2458e-02, PNorm = 85.2897, GNorm = 0.7232, lr_0 = 3.8059e-04
Loss = 1.1189e-02, PNorm = 85.2929, GNorm = 0.1189, lr_0 = 3.8041e-04
Loss = 1.2321e-02, PNorm = 85.2951, GNorm = 0.7427, lr_0 = 3.8022e-04
Loss = 9.2201e-03, PNorm = 85.2983, GNorm = 0.2034, lr_0 = 3.8003e-04
Loss = 1.2960e-02, PNorm = 85.3022, GNorm = 0.1374, lr_0 = 3.7985e-04
Loss = 1.5888e-02, PNorm = 85.3028, GNorm = 0.2417, lr_0 = 3.7966e-04
Loss = 1.2680e-02, PNorm = 85.3015, GNorm = 0.1398, lr_0 = 3.7948e-04
Loss = 9.2517e-03, PNorm = 85.3012, GNorm = 0.4286, lr_0 = 3.7929e-04
Loss = 1.3523e-02, PNorm = 85.3055, GNorm = 0.4655, lr_0 = 3.7910e-04
Loss = 1.4468e-02, PNorm = 85.3073, GNorm = 0.2198, lr_0 = 3.7892e-04
Loss = 1.2480e-02, PNorm = 85.3094, GNorm = 0.1158, lr_0 = 3.7873e-04
Loss = 1.3116e-02, PNorm = 85.3105, GNorm = 0.3611, lr_0 = 3.7855e-04
Loss = 1.4507e-02, PNorm = 85.3138, GNorm = 0.2848, lr_0 = 3.7836e-04
Loss = 1.3955e-02, PNorm = 85.3161, GNorm = 0.2482, lr_0 = 3.7818e-04
Loss = 1.1477e-02, PNorm = 85.3183, GNorm = 0.1623, lr_0 = 3.7799e-04
Loss = 1.4771e-02, PNorm = 85.3203, GNorm = 0.1995, lr_0 = 3.7781e-04
Loss = 1.0954e-02, PNorm = 85.3217, GNorm = 0.2217, lr_0 = 3.7762e-04
Loss = 1.0952e-02, PNorm = 85.3222, GNorm = 0.1970, lr_0 = 3.7744e-04
Loss = 1.1469e-02, PNorm = 85.3221, GNorm = 0.3192, lr_0 = 3.7725e-04
Loss = 1.0797e-02, PNorm = 85.3226, GNorm = 0.1029, lr_0 = 3.7707e-04
Loss = 9.8589e-03, PNorm = 85.3242, GNorm = 0.3065, lr_0 = 3.7688e-04
Loss = 1.3838e-02, PNorm = 85.3269, GNorm = 0.4947, lr_0 = 3.7670e-04
Loss = 1.0450e-02, PNorm = 85.3302, GNorm = 0.1308, lr_0 = 3.7651e-04
Loss = 1.4854e-02, PNorm = 85.3331, GNorm = 0.6234, lr_0 = 3.7633e-04
Loss = 1.3306e-02, PNorm = 85.3368, GNorm = 0.2384, lr_0 = 3.7614e-04
Loss = 1.4666e-02, PNorm = 85.3391, GNorm = 0.4302, lr_0 = 3.7596e-04
Loss = 1.2626e-02, PNorm = 85.3409, GNorm = 0.4635, lr_0 = 3.7577e-04
Loss = 1.1772e-02, PNorm = 85.3444, GNorm = 0.3287, lr_0 = 3.7559e-04
Loss = 1.3034e-02, PNorm = 85.3462, GNorm = 0.6512, lr_0 = 3.7541e-04
Loss = 1.1220e-02, PNorm = 85.3493, GNorm = 0.1660, lr_0 = 3.7522e-04
Loss = 9.9824e-03, PNorm = 85.3534, GNorm = 0.5168, lr_0 = 3.7504e-04
Loss = 1.0984e-02, PNorm = 85.3550, GNorm = 0.1155, lr_0 = 3.7486e-04
Loss = 1.0158e-02, PNorm = 85.3574, GNorm = 0.2047, lr_0 = 3.7467e-04
Loss = 1.5300e-02, PNorm = 85.3599, GNorm = 0.3801, lr_0 = 3.7449e-04
Loss = 1.7125e-02, PNorm = 85.3649, GNorm = 0.9686, lr_0 = 3.7430e-04
Loss = 1.2215e-02, PNorm = 85.3675, GNorm = 0.3148, lr_0 = 3.7412e-04
Loss = 1.6501e-02, PNorm = 85.3702, GNorm = 0.3233, lr_0 = 3.7394e-04
Loss = 1.1246e-02, PNorm = 85.3719, GNorm = 0.5240, lr_0 = 3.7375e-04
Loss = 1.0952e-02, PNorm = 85.3724, GNorm = 0.2551, lr_0 = 3.7357e-04
Loss = 1.3834e-02, PNorm = 85.3759, GNorm = 0.2740, lr_0 = 3.7339e-04
Loss = 1.4188e-02, PNorm = 85.3781, GNorm = 0.4638, lr_0 = 3.7321e-04
Loss = 1.1665e-02, PNorm = 85.3793, GNorm = 0.2916, lr_0 = 3.7302e-04
Loss = 1.3347e-02, PNorm = 85.3807, GNorm = 0.4112, lr_0 = 3.7284e-04
Loss = 1.1787e-02, PNorm = 85.3817, GNorm = 0.2997, lr_0 = 3.7266e-04
Loss = 1.4235e-02, PNorm = 85.3843, GNorm = 0.1825, lr_0 = 3.7248e-04
Loss = 1.0254e-02, PNorm = 85.3864, GNorm = 0.2173, lr_0 = 3.7229e-04
Loss = 1.3744e-02, PNorm = 85.3881, GNorm = 0.3250, lr_0 = 3.7211e-04
Loss = 1.3530e-02, PNorm = 85.3877, GNorm = 0.3302, lr_0 = 3.7193e-04
Loss = 1.2831e-02, PNorm = 85.3913, GNorm = 0.4873, lr_0 = 3.7175e-04
Loss = 9.5062e-03, PNorm = 85.3937, GNorm = 0.4199, lr_0 = 3.7156e-04
Loss = 1.5467e-02, PNorm = 85.3958, GNorm = 0.1163, lr_0 = 3.7138e-04
Loss = 1.1040e-02, PNorm = 85.3965, GNorm = 0.3485, lr_0 = 3.7120e-04
Loss = 1.1092e-02, PNorm = 85.3961, GNorm = 0.1481, lr_0 = 3.7102e-04
Loss = 1.3817e-02, PNorm = 85.3990, GNorm = 0.3554, lr_0 = 3.7084e-04
Loss = 1.0014e-02, PNorm = 85.4022, GNorm = 0.5109, lr_0 = 3.7065e-04
Loss = 9.6072e-03, PNorm = 85.4043, GNorm = 0.2870, lr_0 = 3.7047e-04
Loss = 1.3426e-02, PNorm = 85.4075, GNorm = 0.2786, lr_0 = 3.7029e-04
Loss = 1.3499e-02, PNorm = 85.4083, GNorm = 0.2547, lr_0 = 3.7011e-04
Loss = 1.0609e-02, PNorm = 85.4096, GNorm = 0.1313, lr_0 = 3.6993e-04
Loss = 9.0570e-03, PNorm = 85.4110, GNorm = 0.1515, lr_0 = 3.6975e-04
Loss = 7.5577e-03, PNorm = 85.4125, GNorm = 0.2037, lr_0 = 3.6957e-04
Loss = 1.8572e-02, PNorm = 85.4164, GNorm = 0.4822, lr_0 = 3.6939e-04
Loss = 1.1622e-02, PNorm = 85.4193, GNorm = 0.2497, lr_0 = 3.6920e-04
Loss = 1.1908e-02, PNorm = 85.4213, GNorm = 0.1565, lr_0 = 3.6902e-04
Loss = 1.2746e-02, PNorm = 85.4220, GNorm = 0.1074, lr_0 = 3.6884e-04
Loss = 9.2237e-03, PNorm = 85.4240, GNorm = 0.2080, lr_0 = 3.6866e-04
Loss = 1.1831e-02, PNorm = 85.4265, GNorm = 0.4628, lr_0 = 3.6848e-04
Loss = 9.4715e-03, PNorm = 85.4298, GNorm = 0.1364, lr_0 = 3.6830e-04
Loss = 8.8208e-03, PNorm = 85.4324, GNorm = 0.5878, lr_0 = 3.6812e-04
Loss = 1.3421e-02, PNorm = 85.4333, GNorm = 0.3128, lr_0 = 3.6794e-04
Loss = 1.2436e-02, PNorm = 85.4341, GNorm = 0.1431, lr_0 = 3.6776e-04
Loss = 1.2774e-02, PNorm = 85.4359, GNorm = 0.1239, lr_0 = 3.6758e-04
Loss = 1.6468e-02, PNorm = 85.4394, GNorm = 0.2228, lr_0 = 3.6740e-04
Loss = 1.2288e-02, PNorm = 85.4437, GNorm = 0.4431, lr_0 = 3.6722e-04
Loss = 1.4159e-02, PNorm = 85.4451, GNorm = 0.8476, lr_0 = 3.6704e-04
Loss = 1.1461e-02, PNorm = 85.4495, GNorm = 0.1493, lr_0 = 3.6686e-04
Loss = 1.1542e-02, PNorm = 85.4532, GNorm = 0.4558, lr_0 = 3.6668e-04
Loss = 1.3035e-02, PNorm = 85.4539, GNorm = 0.4809, lr_0 = 3.6650e-04
Loss = 1.3491e-02, PNorm = 85.4542, GNorm = 0.3617, lr_0 = 3.6632e-04
Loss = 1.3886e-02, PNorm = 85.4564, GNorm = 0.3305, lr_0 = 3.6614e-04
Loss = 1.6497e-02, PNorm = 85.4585, GNorm = 0.4591, lr_0 = 3.6596e-04
Loss = 1.0258e-02, PNorm = 85.4627, GNorm = 0.6394, lr_0 = 3.6578e-04
Loss = 1.3377e-02, PNorm = 85.4643, GNorm = 0.3967, lr_0 = 3.6560e-04
Loss = 1.6164e-02, PNorm = 85.4640, GNorm = 0.4093, lr_0 = 3.6542e-04
Loss = 1.2020e-02, PNorm = 85.4667, GNorm = 0.3937, lr_0 = 3.6525e-04
Loss = 1.4541e-02, PNorm = 85.4664, GNorm = 0.3081, lr_0 = 3.6507e-04
Loss = 1.4261e-02, PNorm = 85.4687, GNorm = 0.3665, lr_0 = 3.6489e-04
Loss = 1.4550e-02, PNorm = 85.4707, GNorm = 0.4043, lr_0 = 3.6471e-04
Loss = 1.0017e-02, PNorm = 85.4727, GNorm = 0.1963, lr_0 = 3.6453e-04
Loss = 1.1791e-02, PNorm = 85.4757, GNorm = 0.1231, lr_0 = 3.6435e-04
Loss = 1.3247e-02, PNorm = 85.4778, GNorm = 0.3473, lr_0 = 3.6417e-04
Loss = 1.5365e-02, PNorm = 85.4785, GNorm = 0.3426, lr_0 = 3.6400e-04
Loss = 1.1662e-02, PNorm = 85.4794, GNorm = 0.2875, lr_0 = 3.6382e-04
Loss = 9.7684e-03, PNorm = 85.4806, GNorm = 0.3760, lr_0 = 3.6364e-04
Loss = 1.4347e-02, PNorm = 85.4840, GNorm = 0.5736, lr_0 = 3.6346e-04
Loss = 1.0174e-02, PNorm = 85.4875, GNorm = 0.1816, lr_0 = 3.6328e-04
Loss = 1.0535e-02, PNorm = 85.4888, GNorm = 0.4933, lr_0 = 3.6310e-04
Loss = 1.5697e-02, PNorm = 85.4918, GNorm = 0.1554, lr_0 = 3.6293e-04
Loss = 1.2626e-02, PNorm = 85.4922, GNorm = 0.2401, lr_0 = 3.6275e-04
Loss = 1.5952e-02, PNorm = 85.4938, GNorm = 0.1600, lr_0 = 3.6257e-04
Loss = 1.1953e-02, PNorm = 85.4958, GNorm = 0.3943, lr_0 = 3.6239e-04
Loss = 1.2008e-02, PNorm = 85.4989, GNorm = 0.5668, lr_0 = 3.6222e-04
Loss = 1.5382e-02, PNorm = 85.5018, GNorm = 0.3333, lr_0 = 3.6204e-04
Loss = 1.7151e-02, PNorm = 85.5052, GNorm = 0.2799, lr_0 = 3.6186e-04
Loss = 1.1688e-02, PNorm = 85.5081, GNorm = 0.0990, lr_0 = 3.6168e-04
Loss = 1.2530e-02, PNorm = 85.5089, GNorm = 0.0961, lr_0 = 3.6151e-04
Loss = 1.0956e-02, PNorm = 85.5112, GNorm = 0.5434, lr_0 = 3.6133e-04
Loss = 1.3361e-02, PNorm = 85.5129, GNorm = 0.1929, lr_0 = 3.6115e-04
Loss = 1.1028e-02, PNorm = 85.5138, GNorm = 0.1201, lr_0 = 3.6098e-04
Loss = 1.5045e-02, PNorm = 85.5148, GNorm = 0.1705, lr_0 = 3.6080e-04
Loss = 1.4976e-02, PNorm = 85.5159, GNorm = 0.3150, lr_0 = 3.6062e-04
Loss = 8.1426e-03, PNorm = 85.5183, GNorm = 0.1722, lr_0 = 3.6045e-04
Loss = 1.0992e-02, PNorm = 85.5195, GNorm = 0.2958, lr_0 = 3.6027e-04
Loss = 1.4673e-02, PNorm = 85.5203, GNorm = 0.4429, lr_0 = 3.6009e-04
Loss = 1.5116e-02, PNorm = 85.5220, GNorm = 0.2014, lr_0 = 3.5992e-04
Loss = 1.3723e-02, PNorm = 85.5236, GNorm = 0.4037, lr_0 = 3.5974e-04
Loss = 1.4889e-02, PNorm = 85.5277, GNorm = 0.6145, lr_0 = 3.5956e-04
Loss = 1.4962e-02, PNorm = 85.5293, GNorm = 0.1619, lr_0 = 3.5939e-04
Loss = 1.1432e-02, PNorm = 85.5329, GNorm = 0.4064, lr_0 = 3.5921e-04
Loss = 1.2276e-02, PNorm = 85.5355, GNorm = 0.3026, lr_0 = 3.5904e-04
Loss = 8.3322e-03, PNorm = 85.5389, GNorm = 0.4483, lr_0 = 3.5886e-04
Loss = 1.5901e-02, PNorm = 85.5412, GNorm = 0.2970, lr_0 = 3.5868e-04
Loss = 1.0560e-02, PNorm = 85.5432, GNorm = 0.5881, lr_0 = 3.5851e-04
Loss = 1.1827e-02, PNorm = 85.5453, GNorm = 0.5005, lr_0 = 3.5833e-04
Loss = 1.3314e-02, PNorm = 85.5494, GNorm = 0.1538, lr_0 = 3.5816e-04
Loss = 1.3447e-02, PNorm = 85.5533, GNorm = 0.7471, lr_0 = 3.5798e-04
Loss = 1.3441e-02, PNorm = 85.5570, GNorm = 0.2882, lr_0 = 3.5781e-04
Loss = 1.0770e-02, PNorm = 85.5570, GNorm = 0.2717, lr_0 = 3.5763e-04
Loss = 1.4793e-02, PNorm = 85.5566, GNorm = 0.1840, lr_0 = 3.5746e-04
Loss = 1.3500e-02, PNorm = 85.5584, GNorm = 0.1015, lr_0 = 3.5728e-04
Loss = 9.6246e-03, PNorm = 85.5605, GNorm = 0.1356, lr_0 = 3.5711e-04
Loss = 1.1082e-02, PNorm = 85.5624, GNorm = 0.2669, lr_0 = 3.5693e-04
Loss = 1.4422e-02, PNorm = 85.5633, GNorm = 0.6716, lr_0 = 3.5676e-04
Loss = 1.2165e-02, PNorm = 85.5644, GNorm = 0.2314, lr_0 = 3.5658e-04
Loss = 1.6214e-02, PNorm = 85.5661, GNorm = 0.2203, lr_0 = 3.5641e-04
Loss = 1.0100e-02, PNorm = 85.5687, GNorm = 0.6640, lr_0 = 3.5623e-04
Loss = 1.1072e-02, PNorm = 85.5713, GNorm = 1.1876, lr_0 = 3.5606e-04
Loss = 1.2849e-02, PNorm = 85.5707, GNorm = 0.3762, lr_0 = 3.5588e-04
Loss = 1.1540e-02, PNorm = 85.5755, GNorm = 0.3649, lr_0 = 3.5571e-04
Loss = 1.1936e-02, PNorm = 85.5782, GNorm = 0.1822, lr_0 = 3.5553e-04
Loss = 9.4706e-03, PNorm = 85.5781, GNorm = 0.1752, lr_0 = 3.5536e-04
Loss = 1.1142e-02, PNorm = 85.5788, GNorm = 0.2909, lr_0 = 3.5519e-04
Loss = 1.0078e-02, PNorm = 85.5803, GNorm = 0.2074, lr_0 = 3.5501e-04
Loss = 1.3410e-02, PNorm = 85.5831, GNorm = 0.6539, lr_0 = 3.5484e-04
Loss = 1.5366e-02, PNorm = 85.5879, GNorm = 0.1863, lr_0 = 3.5466e-04
Loss = 1.2482e-02, PNorm = 85.5919, GNorm = 0.3031, lr_0 = 3.5449e-04
Loss = 1.0664e-02, PNorm = 85.5916, GNorm = 0.6992, lr_0 = 3.5432e-04
Loss = 1.2257e-02, PNorm = 85.5942, GNorm = 0.2135, lr_0 = 3.5414e-04
Loss = 1.5524e-02, PNorm = 85.5977, GNorm = 0.3884, lr_0 = 3.5397e-04
Loss = 1.3911e-02, PNorm = 85.5994, GNorm = 0.4207, lr_0 = 3.5380e-04
Loss = 1.0348e-02, PNorm = 85.6014, GNorm = 0.3274, lr_0 = 3.5362e-04
Loss = 1.2478e-02, PNorm = 85.6027, GNorm = 0.3383, lr_0 = 3.5345e-04
Loss = 1.2418e-02, PNorm = 85.6040, GNorm = 0.2465, lr_0 = 3.5328e-04
Loss = 1.0994e-02, PNorm = 85.6050, GNorm = 0.3380, lr_0 = 3.5310e-04
Loss = 1.2698e-02, PNorm = 85.6077, GNorm = 0.3566, lr_0 = 3.5293e-04
Loss = 1.4458e-02, PNorm = 85.6092, GNorm = 0.8959, lr_0 = 3.5276e-04
Loss = 1.5520e-02, PNorm = 85.6117, GNorm = 0.2319, lr_0 = 3.5258e-04
Loss = 1.3349e-02, PNorm = 85.6137, GNorm = 0.6312, lr_0 = 3.5241e-04
Loss = 1.1038e-02, PNorm = 85.6122, GNorm = 0.6878, lr_0 = 3.5224e-04
Loss = 1.2713e-02, PNorm = 85.6134, GNorm = 0.2555, lr_0 = 3.5207e-04
Loss = 1.1760e-02, PNorm = 85.6187, GNorm = 0.1976, lr_0 = 3.5189e-04
Loss = 9.5359e-03, PNorm = 85.6206, GNorm = 0.0996, lr_0 = 3.5172e-04
Loss = 9.5450e-03, PNorm = 85.6222, GNorm = 0.2293, lr_0 = 3.5155e-04
Loss = 1.4066e-02, PNorm = 85.6227, GNorm = 0.4405, lr_0 = 3.5138e-04
Loss = 1.5712e-02, PNorm = 85.6238, GNorm = 0.3754, lr_0 = 3.5121e-04
Loss = 1.3733e-02, PNorm = 85.6264, GNorm = 0.4977, lr_0 = 3.5103e-04
Loss = 1.2412e-02, PNorm = 85.6292, GNorm = 0.4291, lr_0 = 3.5086e-04
Loss = 1.6894e-02, PNorm = 85.6322, GNorm = 1.0201, lr_0 = 3.5069e-04
Loss = 1.4271e-02, PNorm = 85.6340, GNorm = 0.4168, lr_0 = 3.5052e-04
Loss = 1.1358e-02, PNorm = 85.6372, GNorm = 0.1223, lr_0 = 3.5035e-04
Loss = 1.1850e-02, PNorm = 85.6399, GNorm = 0.1590, lr_0 = 3.5017e-04
Loss = 1.2814e-02, PNorm = 85.6421, GNorm = 0.1363, lr_0 = 3.5000e-04
Loss = 9.6939e-03, PNorm = 85.6437, GNorm = 0.3055, lr_0 = 3.4983e-04
Loss = 1.0500e-02, PNorm = 85.6463, GNorm = 0.2451, lr_0 = 3.4966e-04
Loss = 1.5177e-02, PNorm = 85.6481, GNorm = 0.6046, lr_0 = 3.4949e-04
Loss = 1.3169e-02, PNorm = 85.6497, GNorm = 0.2930, lr_0 = 3.4932e-04
Loss = 1.5741e-02, PNorm = 85.6509, GNorm = 0.2500, lr_0 = 3.4915e-04
Loss = 1.4729e-02, PNorm = 85.6517, GNorm = 0.4329, lr_0 = 3.4898e-04
Loss = 1.7421e-02, PNorm = 85.6527, GNorm = 0.1958, lr_0 = 3.4880e-04
Loss = 1.5847e-02, PNorm = 85.6577, GNorm = 0.6319, lr_0 = 3.4863e-04
Loss = 1.4619e-02, PNorm = 85.6606, GNorm = 0.1595, lr_0 = 3.4846e-04
Loss = 1.7255e-02, PNorm = 85.6606, GNorm = 0.2993, lr_0 = 3.4829e-04
Loss = 1.1082e-02, PNorm = 85.6624, GNorm = 0.5423, lr_0 = 3.4812e-04
Loss = 1.1355e-02, PNorm = 85.6664, GNorm = 0.1342, lr_0 = 3.4795e-04
Loss = 1.2252e-02, PNorm = 85.6684, GNorm = 0.7875, lr_0 = 3.4778e-04
Loss = 1.1464e-02, PNorm = 85.6685, GNorm = 0.2855, lr_0 = 3.4761e-04
Loss = 1.2587e-02, PNorm = 85.6702, GNorm = 0.1973, lr_0 = 3.4744e-04
Loss = 1.2434e-02, PNorm = 85.6718, GNorm = 0.1941, lr_0 = 3.4727e-04
Loss = 1.4070e-02, PNorm = 85.6726, GNorm = 0.1980, lr_0 = 3.4710e-04
Loss = 1.4922e-02, PNorm = 85.6728, GNorm = 0.7024, lr_0 = 3.4693e-04
Loss = 1.4529e-02, PNorm = 85.6752, GNorm = 0.3070, lr_0 = 3.4676e-04
Loss = 9.7432e-03, PNorm = 85.6791, GNorm = 0.2605, lr_0 = 3.4659e-04
Loss = 1.6628e-02, PNorm = 85.6804, GNorm = 0.3357, lr_0 = 3.4642e-04
Loss = 1.5211e-02, PNorm = 85.6819, GNorm = 0.6835, lr_0 = 3.4625e-04
Loss = 9.9558e-03, PNorm = 85.6840, GNorm = 0.3030, lr_0 = 3.4608e-04
Loss = 1.2301e-02, PNorm = 85.6868, GNorm = 0.2660, lr_0 = 3.4591e-04
Loss = 1.1884e-02, PNorm = 85.6898, GNorm = 0.2870, lr_0 = 3.4574e-04
Loss = 1.1509e-02, PNorm = 85.6920, GNorm = 0.0869, lr_0 = 3.4557e-04
Loss = 1.7409e-02, PNorm = 85.6945, GNorm = 0.2711, lr_0 = 3.4540e-04
Loss = 1.3732e-02, PNorm = 85.6987, GNorm = 0.6025, lr_0 = 3.4523e-04
Loss = 1.4276e-02, PNorm = 85.6988, GNorm = 0.6946, lr_0 = 3.4506e-04
Loss = 1.3181e-02, PNorm = 85.6978, GNorm = 0.3692, lr_0 = 3.4490e-04
Loss = 1.4823e-02, PNorm = 85.7012, GNorm = 0.2942, lr_0 = 3.4473e-04
Loss = 1.2465e-02, PNorm = 85.7025, GNorm = 0.2705, lr_0 = 3.4456e-04
Loss = 1.0633e-02, PNorm = 85.7054, GNorm = 0.2971, lr_0 = 3.4439e-04
Loss = 1.0661e-02, PNorm = 85.7064, GNorm = 0.6002, lr_0 = 3.4422e-04
Loss = 1.3117e-02, PNorm = 85.7079, GNorm = 0.3741, lr_0 = 3.4405e-04
Loss = 1.0432e-02, PNorm = 85.7088, GNorm = 0.2718, lr_0 = 3.4388e-04
Loss = 9.1985e-03, PNorm = 85.7090, GNorm = 0.0807, lr_0 = 3.4371e-04
Loss = 1.1516e-02, PNorm = 85.7104, GNorm = 0.5490, lr_0 = 3.4355e-04
Loss = 1.2537e-02, PNorm = 85.7136, GNorm = 0.2800, lr_0 = 3.4338e-04
Loss = 1.1874e-02, PNorm = 85.7148, GNorm = 0.8723, lr_0 = 3.4321e-04
Loss = 1.2380e-02, PNorm = 85.7174, GNorm = 0.1290, lr_0 = 3.4304e-04
Loss = 9.3909e-03, PNorm = 85.7188, GNorm = 0.2523, lr_0 = 3.4287e-04
Loss = 9.8624e-03, PNorm = 85.7194, GNorm = 0.2965, lr_0 = 3.4271e-04
Loss = 1.1223e-02, PNorm = 85.7204, GNorm = 0.2605, lr_0 = 3.4254e-04
Loss = 1.4565e-02, PNorm = 85.7214, GNorm = 0.7409, lr_0 = 3.4237e-04
Loss = 1.2249e-02, PNorm = 85.7230, GNorm = 0.3055, lr_0 = 3.4220e-04
Loss = 1.0872e-02, PNorm = 85.7239, GNorm = 0.3243, lr_0 = 3.4203e-04
Loss = 1.2440e-02, PNorm = 85.7250, GNorm = 0.8179, lr_0 = 3.4187e-04
Loss = 1.0327e-02, PNorm = 85.7264, GNorm = 0.7846, lr_0 = 3.4170e-04
Loss = 1.4019e-02, PNorm = 85.7259, GNorm = 0.1859, lr_0 = 3.4153e-04
Loss = 1.0252e-02, PNorm = 85.7266, GNorm = 0.3307, lr_0 = 3.4136e-04
Loss = 1.2891e-02, PNorm = 85.7298, GNorm = 0.6299, lr_0 = 3.4120e-04
Loss = 1.2239e-02, PNorm = 85.7306, GNorm = 0.3027, lr_0 = 3.4103e-04
Loss = 1.2466e-02, PNorm = 85.7338, GNorm = 0.1188, lr_0 = 3.4086e-04
Loss = 1.3378e-02, PNorm = 85.7366, GNorm = 0.1150, lr_0 = 3.4070e-04
Loss = 1.6243e-02, PNorm = 85.7371, GNorm = 0.5531, lr_0 = 3.4053e-04
Loss = 1.1642e-02, PNorm = 85.7379, GNorm = 0.2055, lr_0 = 3.4036e-04
Loss = 1.1262e-02, PNorm = 85.7394, GNorm = 0.1547, lr_0 = 3.4020e-04
Loss = 1.2199e-02, PNorm = 85.7402, GNorm = 0.3047, lr_0 = 3.4003e-04
Loss = 1.2064e-02, PNorm = 85.7445, GNorm = 0.4943, lr_0 = 3.3986e-04
Loss = 1.3760e-02, PNorm = 85.7487, GNorm = 0.3433, lr_0 = 3.3970e-04
Loss = 9.6322e-03, PNorm = 85.7516, GNorm = 0.2709, lr_0 = 3.3953e-04
Loss = 1.2849e-02, PNorm = 85.7528, GNorm = 0.3848, lr_0 = 3.3936e-04
Loss = 1.2525e-02, PNorm = 85.7548, GNorm = 0.8387, lr_0 = 3.3920e-04
Loss = 1.1033e-02, PNorm = 85.7545, GNorm = 0.1321, lr_0 = 3.3903e-04
Loss = 1.0215e-02, PNorm = 85.7557, GNorm = 0.2894, lr_0 = 3.3886e-04
Loss = 1.2816e-02, PNorm = 85.7572, GNorm = 0.1594, lr_0 = 3.3870e-04
Loss = 1.1691e-02, PNorm = 85.7586, GNorm = 0.8234, lr_0 = 3.3853e-04
Loss = 1.3688e-02, PNorm = 85.7607, GNorm = 0.1193, lr_0 = 3.3837e-04
Loss = 1.3086e-02, PNorm = 85.7612, GNorm = 0.5585, lr_0 = 3.3820e-04
Loss = 1.0256e-02, PNorm = 85.7630, GNorm = 0.4039, lr_0 = 3.3804e-04
Loss = 1.3222e-02, PNorm = 85.7659, GNorm = 0.4741, lr_0 = 3.3787e-04
Loss = 7.9021e-03, PNorm = 85.7671, GNorm = 0.3322, lr_0 = 3.3770e-04
Loss = 9.2318e-03, PNorm = 85.7682, GNorm = 0.1755, lr_0 = 3.3754e-04
Loss = 1.3079e-02, PNorm = 85.7690, GNorm = 0.4285, lr_0 = 3.3737e-04
Loss = 1.1760e-02, PNorm = 85.7704, GNorm = 0.5644, lr_0 = 3.3721e-04
Loss = 1.5349e-02, PNorm = 85.7694, GNorm = 0.4882, lr_0 = 3.3704e-04
Loss = 1.2934e-02, PNorm = 85.7695, GNorm = 0.3107, lr_0 = 3.3688e-04
Loss = 1.0936e-02, PNorm = 85.7727, GNorm = 0.2584, lr_0 = 3.3671e-04
Loss = 1.0483e-02, PNorm = 85.7736, GNorm = 0.4829, lr_0 = 3.3655e-04
Loss = 1.3556e-02, PNorm = 85.7748, GNorm = 0.3888, lr_0 = 3.3638e-04
Loss = 1.1634e-02, PNorm = 85.7780, GNorm = 0.2806, lr_0 = 3.3622e-04
Loss = 1.1396e-02, PNorm = 85.7809, GNorm = 0.1633, lr_0 = 3.3605e-04
Loss = 1.8057e-02, PNorm = 85.7841, GNorm = 0.1211, lr_0 = 3.3589e-04
Loss = 1.1877e-02, PNorm = 85.7847, GNorm = 0.4053, lr_0 = 3.3572e-04
Loss = 1.5405e-02, PNorm = 85.7860, GNorm = 0.1566, lr_0 = 3.3556e-04
Loss = 1.4338e-02, PNorm = 85.7872, GNorm = 0.2530, lr_0 = 3.3540e-04
Loss = 1.0937e-02, PNorm = 85.7885, GNorm = 0.5149, lr_0 = 3.3523e-04
Loss = 1.0819e-02, PNorm = 85.7918, GNorm = 0.3337, lr_0 = 3.3507e-04
Loss = 1.0824e-02, PNorm = 85.7957, GNorm = 0.2901, lr_0 = 3.3490e-04
Loss = 1.3589e-02, PNorm = 85.7969, GNorm = 0.4077, lr_0 = 3.3474e-04
Loss = 1.1327e-02, PNorm = 85.7976, GNorm = 0.4500, lr_0 = 3.3458e-04
Loss = 1.2176e-02, PNorm = 85.8010, GNorm = 0.0747, lr_0 = 3.3441e-04
Loss = 1.1919e-02, PNorm = 85.8042, GNorm = 0.2345, lr_0 = 3.3425e-04
Loss = 9.0518e-03, PNorm = 85.8059, GNorm = 0.2218, lr_0 = 3.3408e-04
Loss = 1.6983e-02, PNorm = 85.8106, GNorm = 0.5699, lr_0 = 3.3392e-04
Loss = 1.5232e-02, PNorm = 85.8137, GNorm = 0.1901, lr_0 = 3.3376e-04
Loss = 1.1475e-02, PNorm = 85.8152, GNorm = 0.3919, lr_0 = 3.3359e-04
Loss = 1.3401e-02, PNorm = 85.8187, GNorm = 0.5167, lr_0 = 3.3343e-04
Loss = 1.2920e-02, PNorm = 85.8208, GNorm = 0.3110, lr_0 = 3.3327e-04
Loss = 1.0060e-02, PNorm = 85.8222, GNorm = 0.3019, lr_0 = 3.3310e-04
Loss = 1.2164e-02, PNorm = 85.8220, GNorm = 0.1448, lr_0 = 3.3294e-04
Loss = 1.1769e-02, PNorm = 85.8234, GNorm = 0.1379, lr_0 = 3.3278e-04
Loss = 1.3620e-02, PNorm = 85.8244, GNorm = 0.2826, lr_0 = 3.3261e-04
Loss = 1.2597e-02, PNorm = 85.8244, GNorm = 0.2674, lr_0 = 3.3245e-04
Loss = 1.4258e-02, PNorm = 85.8269, GNorm = 0.2052, lr_0 = 3.3229e-04
Loss = 1.5694e-02, PNorm = 85.8305, GNorm = 0.4669, lr_0 = 3.3212e-04
Loss = 9.3003e-03, PNorm = 85.8344, GNorm = 0.2316, lr_0 = 3.3196e-04
Loss = 1.2542e-02, PNorm = 85.8383, GNorm = 0.3063, lr_0 = 3.3180e-04
Loss = 1.2164e-02, PNorm = 85.8407, GNorm = 0.1062, lr_0 = 3.3164e-04
Loss = 1.4366e-02, PNorm = 85.8447, GNorm = 0.3655, lr_0 = 3.3147e-04
Loss = 1.1835e-02, PNorm = 85.8455, GNorm = 0.2310, lr_0 = 3.3131e-04
Loss = 1.2008e-02, PNorm = 85.8471, GNorm = 0.0884, lr_0 = 3.3115e-04
Loss = 1.2726e-02, PNorm = 85.8480, GNorm = 0.1345, lr_0 = 3.3099e-04
Loss = 1.2301e-02, PNorm = 85.8494, GNorm = 0.2778, lr_0 = 3.3083e-04
Loss = 1.0602e-02, PNorm = 85.8515, GNorm = 0.3034, lr_0 = 3.3066e-04
Loss = 1.2390e-02, PNorm = 85.8544, GNorm = 0.4019, lr_0 = 3.3050e-04
Loss = 1.0148e-02, PNorm = 85.8559, GNorm = 0.2518, lr_0 = 3.3034e-04
Loss = 1.2235e-02, PNorm = 85.8559, GNorm = 0.4400, lr_0 = 3.3018e-04
Loss = 9.4959e-03, PNorm = 85.8569, GNorm = 0.3301, lr_0 = 3.3002e-04
Loss = 1.1543e-02, PNorm = 85.8576, GNorm = 0.3574, lr_0 = 3.2985e-04
Loss = 1.0642e-02, PNorm = 85.8580, GNorm = 0.1858, lr_0 = 3.2969e-04
Loss = 1.4699e-02, PNorm = 85.8583, GNorm = 0.4821, lr_0 = 3.2953e-04
Loss = 9.9830e-03, PNorm = 85.8602, GNorm = 0.2344, lr_0 = 3.2937e-04
Loss = 1.1064e-02, PNorm = 85.8622, GNorm = 0.3276, lr_0 = 3.2921e-04
Loss = 1.4036e-02, PNorm = 85.8677, GNorm = 0.2613, lr_0 = 3.2905e-04
Loss = 1.4530e-02, PNorm = 85.8725, GNorm = 0.2097, lr_0 = 3.2889e-04
Loss = 1.3124e-02, PNorm = 85.8738, GNorm = 0.2034, lr_0 = 3.2872e-04
Loss = 1.0908e-02, PNorm = 85.8766, GNorm = 0.3247, lr_0 = 3.2856e-04
Loss = 1.1115e-02, PNorm = 85.8801, GNorm = 0.6164, lr_0 = 3.2840e-04
Loss = 1.1180e-02, PNorm = 85.8802, GNorm = 0.2201, lr_0 = 3.2824e-04
Loss = 1.4727e-02, PNorm = 85.8786, GNorm = 0.3234, lr_0 = 3.2808e-04
Loss = 1.0664e-02, PNorm = 85.8799, GNorm = 0.1457, lr_0 = 3.2792e-04
Loss = 1.3454e-02, PNorm = 85.8813, GNorm = 0.1346, lr_0 = 3.2776e-04
Loss = 1.1010e-02, PNorm = 85.8804, GNorm = 0.1328, lr_0 = 3.2760e-04
Loss = 1.1279e-02, PNorm = 85.8806, GNorm = 0.2072, lr_0 = 3.2744e-04
Loss = 1.5993e-02, PNorm = 85.8829, GNorm = 0.4015, lr_0 = 3.2728e-04
Loss = 1.4948e-02, PNorm = 85.8864, GNorm = 0.9526, lr_0 = 3.2712e-04
Loss = 1.3455e-02, PNorm = 85.8869, GNorm = 0.4508, lr_0 = 3.2696e-04
Loss = 9.6021e-03, PNorm = 85.8900, GNorm = 0.1849, lr_0 = 3.2680e-04
Loss = 1.3476e-02, PNorm = 85.8924, GNorm = 0.2510, lr_0 = 3.2664e-04
Loss = 1.1908e-02, PNorm = 85.8940, GNorm = 0.6538, lr_0 = 3.2648e-04
Loss = 9.6834e-03, PNorm = 85.8962, GNorm = 0.1976, lr_0 = 3.2632e-04
Loss = 1.5413e-02, PNorm = 85.9007, GNorm = 0.1488, lr_0 = 3.2616e-04
Loss = 1.3557e-02, PNorm = 85.9023, GNorm = 0.1462, lr_0 = 3.2600e-04
Loss = 9.9372e-03, PNorm = 85.9034, GNorm = 0.1576, lr_0 = 3.2584e-04
Loss = 1.3429e-02, PNorm = 85.9061, GNorm = 0.1450, lr_0 = 3.2568e-04
Loss = 1.1778e-02, PNorm = 85.9066, GNorm = 0.3901, lr_0 = 3.2552e-04
Loss = 1.1421e-02, PNorm = 85.9088, GNorm = 0.2454, lr_0 = 3.2536e-04
Loss = 1.0110e-02, PNorm = 85.9117, GNorm = 0.2586, lr_0 = 3.2520e-04
Loss = 1.0575e-02, PNorm = 85.9113, GNorm = 0.1552, lr_0 = 3.2504e-04
Loss = 1.4742e-02, PNorm = 85.9124, GNorm = 0.3728, lr_0 = 3.2488e-04
Loss = 1.3056e-02, PNorm = 85.9155, GNorm = 0.3292, lr_0 = 3.2472e-04
Loss = 1.9118e-02, PNorm = 85.9172, GNorm = 0.2598, lr_0 = 3.2456e-04
Loss = 1.6180e-02, PNorm = 85.9187, GNorm = 0.4831, lr_0 = 3.2440e-04
Loss = 1.1723e-02, PNorm = 85.9182, GNorm = 0.2301, lr_0 = 3.2425e-04
Loss = 8.8582e-03, PNorm = 85.9194, GNorm = 0.2794, lr_0 = 3.2409e-04
Loss = 1.0323e-02, PNorm = 85.9202, GNorm = 0.2951, lr_0 = 3.2393e-04
Loss = 1.0159e-02, PNorm = 85.9229, GNorm = 0.1882, lr_0 = 3.2377e-04
Loss = 1.3013e-02, PNorm = 85.9258, GNorm = 0.3180, lr_0 = 3.2361e-04
Loss = 9.8987e-03, PNorm = 85.9268, GNorm = 0.1512, lr_0 = 3.2345e-04
Loss = 9.4513e-03, PNorm = 85.9293, GNorm = 0.2698, lr_0 = 3.2329e-04
Loss = 1.2283e-02, PNorm = 85.9306, GNorm = 0.4190, lr_0 = 3.2314e-04
Loss = 1.1282e-02, PNorm = 85.9315, GNorm = 0.6014, lr_0 = 3.2298e-04
Loss = 1.5155e-02, PNorm = 85.9315, GNorm = 0.1812, lr_0 = 3.2282e-04
Loss = 1.1452e-02, PNorm = 85.9342, GNorm = 0.3190, lr_0 = 3.2266e-04
Loss = 1.4378e-02, PNorm = 85.9352, GNorm = 0.3443, lr_0 = 3.2250e-04
Loss = 1.6256e-02, PNorm = 85.9372, GNorm = 0.1393, lr_0 = 3.2234e-04
Loss = 1.3393e-02, PNorm = 85.9397, GNorm = 0.1812, lr_0 = 3.2219e-04
Loss = 1.4083e-02, PNorm = 85.9412, GNorm = 0.1789, lr_0 = 3.2203e-04
Loss = 1.2521e-02, PNorm = 85.9426, GNorm = 0.3680, lr_0 = 3.2187e-04
Loss = 1.6030e-02, PNorm = 85.9468, GNorm = 0.1196, lr_0 = 3.2171e-04
Loss = 1.2491e-02, PNorm = 85.9503, GNorm = 0.3874, lr_0 = 3.2156e-04
Loss = 1.0750e-02, PNorm = 85.9522, GNorm = 0.4019, lr_0 = 3.2140e-04
Loss = 1.7518e-02, PNorm = 85.9538, GNorm = 0.3407, lr_0 = 3.2124e-04
Loss = 1.0950e-02, PNorm = 85.9564, GNorm = 0.2815, lr_0 = 3.2108e-04
Loss = 1.3026e-02, PNorm = 85.9565, GNorm = 0.2912, lr_0 = 3.2093e-04
Loss = 1.1639e-02, PNorm = 85.9605, GNorm = 0.2349, lr_0 = 3.2077e-04
Loss = 1.4892e-02, PNorm = 85.9622, GNorm = 0.3898, lr_0 = 3.2061e-04
Loss = 1.3205e-02, PNorm = 85.9633, GNorm = 0.1338, lr_0 = 3.2045e-04
Loss = 1.4142e-02, PNorm = 85.9655, GNorm = 0.1756, lr_0 = 3.2030e-04
Loss = 1.1867e-02, PNorm = 85.9681, GNorm = 0.3812, lr_0 = 3.2014e-04
Loss = 1.1573e-02, PNorm = 85.9675, GNorm = 0.1682, lr_0 = 3.1998e-04
Loss = 1.2352e-02, PNorm = 85.9680, GNorm = 0.4428, lr_0 = 3.1983e-04
Loss = 1.2338e-02, PNorm = 85.9693, GNorm = 0.2031, lr_0 = 3.1967e-04
Loss = 1.0321e-02, PNorm = 85.9718, GNorm = 0.1525, lr_0 = 3.1951e-04
Loss = 1.1796e-02, PNorm = 85.9768, GNorm = 0.3798, lr_0 = 3.1936e-04
Loss = 9.0200e-03, PNorm = 85.9771, GNorm = 0.3760, lr_0 = 3.1920e-04
Loss = 1.3148e-02, PNorm = 85.9777, GNorm = 0.1590, lr_0 = 3.1904e-04
Loss = 1.5987e-02, PNorm = 85.9823, GNorm = 0.2209, lr_0 = 3.1889e-04
Loss = 1.3073e-02, PNorm = 85.9838, GNorm = 0.4209, lr_0 = 3.1873e-04
Loss = 1.2032e-02, PNorm = 85.9850, GNorm = 0.4318, lr_0 = 3.1858e-04
Loss = 1.1951e-02, PNorm = 85.9865, GNorm = 0.3116, lr_0 = 3.1842e-04
Loss = 9.0293e-03, PNorm = 85.9869, GNorm = 0.4466, lr_0 = 3.1826e-04
Loss = 1.1096e-02, PNorm = 85.9893, GNorm = 0.1021, lr_0 = 3.1811e-04
Loss = 1.1104e-02, PNorm = 85.9905, GNorm = 0.2035, lr_0 = 3.1795e-04
Loss = 1.1493e-02, PNorm = 85.9908, GNorm = 0.2077, lr_0 = 3.1780e-04
Loss = 1.3595e-02, PNorm = 85.9921, GNorm = 0.1955, lr_0 = 3.1764e-04
Loss = 1.3739e-02, PNorm = 85.9933, GNorm = 0.2022, lr_0 = 3.1749e-04
Loss = 1.1619e-02, PNorm = 85.9960, GNorm = 0.4350, lr_0 = 3.1733e-04
Loss = 1.2053e-02, PNorm = 85.9954, GNorm = 0.2997, lr_0 = 3.1717e-04
Loss = 1.5138e-02, PNorm = 85.9975, GNorm = 0.2415, lr_0 = 3.1702e-04
Loss = 1.4170e-02, PNorm = 85.9996, GNorm = 0.1255, lr_0 = 3.1686e-04
Loss = 1.2137e-02, PNorm = 86.0006, GNorm = 0.3308, lr_0 = 3.1671e-04
Loss = 1.4083e-02, PNorm = 86.0037, GNorm = 0.3973, lr_0 = 3.1655e-04
Loss = 9.7237e-03, PNorm = 86.0067, GNorm = 0.4844, lr_0 = 3.1640e-04
Loss = 1.2658e-02, PNorm = 86.0079, GNorm = 0.6363, lr_0 = 3.1624e-04
Loss = 1.1503e-02, PNorm = 86.0105, GNorm = 0.4990, lr_0 = 3.1609e-04
Loss = 1.4479e-02, PNorm = 86.0130, GNorm = 0.1341, lr_0 = 3.1593e-04
Loss = 1.0262e-02, PNorm = 86.0142, GNorm = 0.2479, lr_0 = 3.1578e-04
Loss = 1.0677e-02, PNorm = 86.0167, GNorm = 0.3519, lr_0 = 3.1562e-04
Loss = 1.1102e-02, PNorm = 86.0184, GNorm = 0.2907, lr_0 = 3.1547e-04
Loss = 1.4510e-02, PNorm = 86.0154, GNorm = 0.3616, lr_0 = 3.1531e-04
Loss = 1.3325e-02, PNorm = 86.0158, GNorm = 0.0910, lr_0 = 3.1516e-04
Loss = 1.4493e-02, PNorm = 86.0190, GNorm = 0.2647, lr_0 = 3.1501e-04
Loss = 1.0774e-02, PNorm = 86.0216, GNorm = 0.3196, lr_0 = 3.1485e-04
Loss = 1.0676e-02, PNorm = 86.0233, GNorm = 0.5273, lr_0 = 3.1470e-04
Loss = 1.0386e-02, PNorm = 86.0274, GNorm = 0.1804, lr_0 = 3.1454e-04
Loss = 1.2203e-02, PNorm = 86.0274, GNorm = 0.1739, lr_0 = 3.1439e-04
Loss = 1.1685e-02, PNorm = 86.0270, GNorm = 0.1356, lr_0 = 3.1424e-04
Loss = 1.1707e-02, PNorm = 86.0273, GNorm = 0.3688, lr_0 = 3.1408e-04
Loss = 1.0743e-02, PNorm = 86.0306, GNorm = 0.3489, lr_0 = 3.1393e-04
Loss = 1.2900e-02, PNorm = 86.0285, GNorm = 0.4771, lr_0 = 3.1377e-04
Loss = 1.1587e-02, PNorm = 86.0289, GNorm = 0.3044, lr_0 = 3.1362e-04
Loss = 1.0878e-02, PNorm = 86.0308, GNorm = 0.4816, lr_0 = 3.1347e-04
Loss = 1.3011e-02, PNorm = 86.0310, GNorm = 0.2361, lr_0 = 3.1331e-04
Loss = 1.3021e-02, PNorm = 86.0307, GNorm = 0.0983, lr_0 = 3.1316e-04
Loss = 9.8274e-03, PNorm = 86.0312, GNorm = 0.1637, lr_0 = 3.1301e-04
Loss = 1.5339e-02, PNorm = 86.0335, GNorm = 0.2366, lr_0 = 3.1285e-04
Loss = 1.1700e-02, PNorm = 86.0344, GNorm = 0.3534, lr_0 = 3.1270e-04
Loss = 1.6049e-02, PNorm = 86.0366, GNorm = 0.7063, lr_0 = 3.1255e-04
Loss = 1.2248e-02, PNorm = 86.0400, GNorm = 0.1468, lr_0 = 3.1239e-04
Loss = 1.5001e-02, PNorm = 86.0414, GNorm = 0.3104, lr_0 = 3.1224e-04
Loss = 1.0342e-02, PNorm = 86.0429, GNorm = 0.1367, lr_0 = 3.1209e-04
Loss = 9.7910e-03, PNorm = 86.0435, GNorm = 0.1859, lr_0 = 3.1193e-04
Loss = 1.1557e-02, PNorm = 86.0448, GNorm = 0.1702, lr_0 = 3.1178e-04
Loss = 1.1173e-02, PNorm = 86.0470, GNorm = 0.5521, lr_0 = 3.1163e-04
Loss = 1.0928e-02, PNorm = 86.0466, GNorm = 0.2828, lr_0 = 3.1148e-04
Loss = 1.1211e-02, PNorm = 86.0455, GNorm = 0.6449, lr_0 = 3.1132e-04
Loss = 1.1556e-02, PNorm = 86.0445, GNorm = 0.3372, lr_0 = 3.1117e-04
Loss = 9.5735e-03, PNorm = 86.0464, GNorm = 0.1668, lr_0 = 3.1102e-04
Loss = 8.0101e-03, PNorm = 86.0483, GNorm = 0.3008, lr_0 = 3.1087e-04
Loss = 1.3046e-02, PNorm = 86.0508, GNorm = 0.1484, lr_0 = 3.1071e-04
Loss = 1.3427e-02, PNorm = 86.0517, GNorm = 0.1054, lr_0 = 3.1056e-04
Loss = 1.0892e-02, PNorm = 86.0527, GNorm = 0.1364, lr_0 = 3.1041e-04
Loss = 1.1398e-02, PNorm = 86.0535, GNorm = 0.5909, lr_0 = 3.1026e-04
Loss = 1.2795e-02, PNorm = 86.0550, GNorm = 0.2570, lr_0 = 3.1011e-04
Loss = 1.3835e-02, PNorm = 86.0537, GNorm = 0.1415, lr_0 = 3.0995e-04
Loss = 1.3314e-02, PNorm = 86.0562, GNorm = 0.2035, lr_0 = 3.0980e-04
Loss = 1.0376e-02, PNorm = 86.0582, GNorm = 0.2946, lr_0 = 3.0965e-04
Loss = 1.2767e-02, PNorm = 86.0611, GNorm = 0.4636, lr_0 = 3.0950e-04
Loss = 1.0378e-02, PNorm = 86.0632, GNorm = 0.2403, lr_0 = 3.0935e-04
Loss = 1.1313e-02, PNorm = 86.0658, GNorm = 0.5496, lr_0 = 3.0919e-04
Loss = 1.3444e-02, PNorm = 86.0672, GNorm = 0.3849, lr_0 = 3.0904e-04
Loss = 1.0047e-02, PNorm = 86.0665, GNorm = 0.2813, lr_0 = 3.0889e-04
Loss = 1.6031e-02, PNorm = 86.0666, GNorm = 0.5335, lr_0 = 3.0874e-04
Loss = 1.4103e-02, PNorm = 86.0690, GNorm = 0.5705, lr_0 = 3.0859e-04
Loss = 1.0329e-02, PNorm = 86.0732, GNorm = 0.1448, lr_0 = 3.0844e-04
Loss = 1.2218e-02, PNorm = 86.0748, GNorm = 0.3081, lr_0 = 3.0829e-04
Loss = 1.2336e-02, PNorm = 86.0766, GNorm = 0.1366, lr_0 = 3.0814e-04
Loss = 1.1327e-02, PNorm = 86.0773, GNorm = 0.3716, lr_0 = 3.0799e-04
Loss = 1.5529e-02, PNorm = 86.0807, GNorm = 0.3787, lr_0 = 3.0783e-04
Loss = 1.0518e-02, PNorm = 86.0836, GNorm = 0.2939, lr_0 = 3.0768e-04
Loss = 1.3031e-02, PNorm = 86.0857, GNorm = 0.3738, lr_0 = 3.0753e-04
Loss = 1.5508e-02, PNorm = 86.0848, GNorm = 0.1590, lr_0 = 3.0738e-04
Loss = 1.2311e-02, PNorm = 86.0849, GNorm = 0.4803, lr_0 = 3.0723e-04
Loss = 1.0729e-02, PNorm = 86.0859, GNorm = 0.1905, lr_0 = 3.0708e-04
Loss = 7.6370e-03, PNorm = 86.0875, GNorm = 0.1042, lr_0 = 3.0693e-04
Loss = 1.1389e-02, PNorm = 86.0888, GNorm = 0.2915, lr_0 = 3.0678e-04
Loss = 1.1704e-02, PNorm = 86.0898, GNorm = 0.5274, lr_0 = 3.0663e-04
Loss = 1.2672e-02, PNorm = 86.0911, GNorm = 0.1898, lr_0 = 3.0648e-04
Loss = 1.2516e-02, PNorm = 86.0909, GNorm = 0.2804, lr_0 = 3.0633e-04
Loss = 1.2559e-02, PNorm = 86.0951, GNorm = 0.3521, lr_0 = 3.0618e-04
Loss = 1.1431e-02, PNorm = 86.0983, GNorm = 0.3698, lr_0 = 3.0603e-04
Loss = 1.1188e-02, PNorm = 86.0992, GNorm = 0.4031, lr_0 = 3.0588e-04
Loss = 1.3210e-02, PNorm = 86.0981, GNorm = 0.2056, lr_0 = 3.0573e-04
Loss = 1.0279e-02, PNorm = 86.1015, GNorm = 0.1873, lr_0 = 3.0558e-04
Loss = 1.0463e-02, PNorm = 86.1035, GNorm = 0.6527, lr_0 = 3.0543e-04
Loss = 1.2567e-02, PNorm = 86.1030, GNorm = 0.1854, lr_0 = 3.0528e-04
Loss = 1.2984e-02, PNorm = 86.1034, GNorm = 0.3347, lr_0 = 3.0513e-04
Loss = 1.4050e-02, PNorm = 86.1057, GNorm = 0.3065, lr_0 = 3.0498e-04
Loss = 1.2033e-02, PNorm = 86.1086, GNorm = 0.5261, lr_0 = 3.0483e-04
Loss = 1.1424e-02, PNorm = 86.1080, GNorm = 0.4685, lr_0 = 3.0468e-04
Loss = 1.2368e-02, PNorm = 86.1088, GNorm = 0.3523, lr_0 = 3.0453e-04
Loss = 1.2008e-02, PNorm = 86.1097, GNorm = 0.3829, lr_0 = 3.0438e-04
Loss = 1.1768e-02, PNorm = 86.1084, GNorm = 0.6841, lr_0 = 3.0424e-04
Loss = 1.2093e-02, PNorm = 86.1111, GNorm = 0.4959, lr_0 = 3.0409e-04
Loss = 1.2986e-02, PNorm = 86.1132, GNorm = 0.3671, lr_0 = 3.0394e-04
Loss = 1.2328e-02, PNorm = 86.1152, GNorm = 0.1456, lr_0 = 3.0379e-04
Loss = 8.8306e-03, PNorm = 86.1197, GNorm = 0.3122, lr_0 = 3.0364e-04
Loss = 1.2437e-02, PNorm = 86.1219, GNorm = 0.2419, lr_0 = 3.0349e-04
Loss = 1.2820e-02, PNorm = 86.1242, GNorm = 0.4197, lr_0 = 3.0334e-04
Loss = 1.2379e-02, PNorm = 86.1256, GNorm = 0.3874, lr_0 = 3.0319e-04
Loss = 1.0142e-02, PNorm = 86.1271, GNorm = 0.5894, lr_0 = 3.0305e-04
Loss = 1.1014e-02, PNorm = 86.1284, GNorm = 0.5568, lr_0 = 3.0290e-04
Loss = 1.2369e-02, PNorm = 86.1310, GNorm = 0.6516, lr_0 = 3.0275e-04
Loss = 1.1361e-02, PNorm = 86.1317, GNorm = 0.1767, lr_0 = 3.0260e-04
Loss = 1.0613e-02, PNorm = 86.1321, GNorm = 0.2846, lr_0 = 3.0245e-04
Loss = 1.0642e-02, PNorm = 86.1347, GNorm = 0.3634, lr_0 = 3.0230e-04
Loss = 1.1201e-02, PNorm = 86.1360, GNorm = 0.6182, lr_0 = 3.0216e-04
Loss = 1.2075e-02, PNorm = 86.1349, GNorm = 0.3741, lr_0 = 3.0201e-04
Loss = 9.6373e-03, PNorm = 86.1354, GNorm = 0.5411, lr_0 = 3.0186e-04
Loss = 1.0539e-02, PNorm = 86.1364, GNorm = 0.0904, lr_0 = 3.0171e-04
Loss = 1.3719e-02, PNorm = 86.1388, GNorm = 0.2845, lr_0 = 3.0156e-04
Loss = 1.2517e-02, PNorm = 86.1419, GNorm = 0.1352, lr_0 = 3.0142e-04
Loss = 1.1288e-02, PNorm = 86.1446, GNorm = 0.2614, lr_0 = 3.0127e-04
Loss = 1.2194e-02, PNorm = 86.1469, GNorm = 0.2471, lr_0 = 3.0112e-04
Loss = 1.3253e-02, PNorm = 86.1485, GNorm = 0.3068, lr_0 = 3.0097e-04
Loss = 1.5798e-02, PNorm = 86.1491, GNorm = 0.7331, lr_0 = 3.0083e-04
Loss = 1.3711e-02, PNorm = 86.1513, GNorm = 0.3920, lr_0 = 3.0068e-04
Loss = 1.2130e-02, PNorm = 86.1544, GNorm = 0.2401, lr_0 = 3.0053e-04
Loss = 1.6693e-02, PNorm = 86.1557, GNorm = 0.3962, lr_0 = 3.0038e-04
Loss = 1.3444e-02, PNorm = 86.1586, GNorm = 0.2915, lr_0 = 3.0024e-04
Loss = 1.2087e-02, PNorm = 86.1584, GNorm = 0.3728, lr_0 = 3.0009e-04
Loss = 1.4932e-02, PNorm = 86.1597, GNorm = 0.3733, lr_0 = 2.9994e-04
Loss = 7.1592e-03, PNorm = 86.1619, GNorm = 0.2784, lr_0 = 2.9980e-04
Loss = 1.1165e-02, PNorm = 86.1628, GNorm = 0.1203, lr_0 = 2.9965e-04
Loss = 1.1071e-02, PNorm = 86.1642, GNorm = 0.2595, lr_0 = 2.9950e-04
Loss = 1.0546e-02, PNorm = 86.1646, GNorm = 0.5070, lr_0 = 2.9936e-04
Loss = 1.0313e-02, PNorm = 86.1653, GNorm = 0.1375, lr_0 = 2.9921e-04
Loss = 1.0282e-02, PNorm = 86.1664, GNorm = 0.1277, lr_0 = 2.9906e-04
Loss = 1.5634e-02, PNorm = 86.1697, GNorm = 0.2895, lr_0 = 2.9892e-04
Loss = 1.5227e-02, PNorm = 86.1731, GNorm = 0.2589, lr_0 = 2.9877e-04
Loss = 1.0520e-02, PNorm = 86.1747, GNorm = 0.2277, lr_0 = 2.9862e-04
Loss = 1.1209e-02, PNorm = 86.1744, GNorm = 0.2543, lr_0 = 2.9848e-04
Loss = 1.0265e-02, PNorm = 86.1738, GNorm = 0.5291, lr_0 = 2.9833e-04
Loss = 1.1373e-02, PNorm = 86.1743, GNorm = 0.2480, lr_0 = 2.9818e-04
Loss = 1.1437e-02, PNorm = 86.1762, GNorm = 0.2446, lr_0 = 2.9804e-04
Loss = 1.0815e-02, PNorm = 86.1774, GNorm = 0.3758, lr_0 = 2.9789e-04
Loss = 1.0390e-02, PNorm = 86.1806, GNorm = 0.2655, lr_0 = 2.9775e-04
Loss = 1.4184e-02, PNorm = 86.1827, GNorm = 0.5178, lr_0 = 2.9760e-04
Loss = 1.2822e-02, PNorm = 86.1834, GNorm = 0.1653, lr_0 = 2.9745e-04
Loss = 1.0452e-02, PNorm = 86.1845, GNorm = 0.2302, lr_0 = 2.9731e-04
Loss = 1.0941e-02, PNorm = 86.1840, GNorm = 0.1265, lr_0 = 2.9716e-04
Loss = 1.2091e-02, PNorm = 86.1835, GNorm = 0.6250, lr_0 = 2.9702e-04
Loss = 1.2059e-02, PNorm = 86.1854, GNorm = 0.4982, lr_0 = 2.9687e-04
Loss = 1.3860e-02, PNorm = 86.1891, GNorm = 0.7653, lr_0 = 2.9673e-04
Loss = 1.2390e-02, PNorm = 86.1913, GNorm = 0.1478, lr_0 = 2.9658e-04
Loss = 1.2746e-02, PNorm = 86.1927, GNorm = 0.6614, lr_0 = 2.9644e-04
Loss = 1.0903e-02, PNorm = 86.1957, GNorm = 0.6134, lr_0 = 2.9629e-04
Loss = 1.1888e-02, PNorm = 86.1964, GNorm = 0.2678, lr_0 = 2.9615e-04
Loss = 1.2295e-02, PNorm = 86.1971, GNorm = 0.1365, lr_0 = 2.9600e-04
Loss = 1.4723e-02, PNorm = 86.1981, GNorm = 0.4075, lr_0 = 2.9586e-04
Loss = 1.2009e-02, PNorm = 86.1996, GNorm = 0.8102, lr_0 = 2.9571e-04
Loss = 9.9528e-03, PNorm = 86.2003, GNorm = 0.2418, lr_0 = 2.9557e-04
Loss = 1.0785e-02, PNorm = 86.2012, GNorm = 0.2305, lr_0 = 2.9542e-04
Loss = 1.0109e-02, PNorm = 86.2005, GNorm = 0.5400, lr_0 = 2.9528e-04
Loss = 1.0209e-02, PNorm = 86.2012, GNorm = 0.3020, lr_0 = 2.9513e-04
Loss = 1.5295e-02, PNorm = 86.2025, GNorm = 0.2023, lr_0 = 2.9499e-04
Loss = 1.1875e-02, PNorm = 86.2047, GNorm = 0.1564, lr_0 = 2.9484e-04
Loss = 1.4489e-02, PNorm = 86.2051, GNorm = 0.3413, lr_0 = 2.9470e-04
Loss = 1.2293e-02, PNorm = 86.2074, GNorm = 0.4885, lr_0 = 2.9455e-04
Loss = 1.2427e-02, PNorm = 86.2112, GNorm = 0.2674, lr_0 = 2.9441e-04
Loss = 1.1249e-02, PNorm = 86.2120, GNorm = 0.1820, lr_0 = 2.9427e-04
Loss = 1.0113e-02, PNorm = 86.2136, GNorm = 0.2977, lr_0 = 2.9412e-04
Loss = 1.1026e-02, PNorm = 86.2149, GNorm = 0.5352, lr_0 = 2.9398e-04
Loss = 1.2360e-02, PNorm = 86.2150, GNorm = 0.3240, lr_0 = 2.9383e-04
Loss = 1.0519e-02, PNorm = 86.2143, GNorm = 0.5020, lr_0 = 2.9369e-04
Loss = 9.9224e-03, PNorm = 86.2170, GNorm = 0.4820, lr_0 = 2.9355e-04
Loss = 1.2234e-02, PNorm = 86.2198, GNorm = 0.1426, lr_0 = 2.9340e-04
Loss = 1.2695e-02, PNorm = 86.2230, GNorm = 0.3309, lr_0 = 2.9326e-04
Loss = 1.2018e-02, PNorm = 86.2245, GNorm = 0.1874, lr_0 = 2.9311e-04
Loss = 1.4897e-02, PNorm = 86.2260, GNorm = 0.2443, lr_0 = 2.9297e-04
Loss = 8.4369e-03, PNorm = 86.2266, GNorm = 0.3812, lr_0 = 2.9283e-04
Loss = 1.1030e-02, PNorm = 86.2275, GNorm = 0.3315, lr_0 = 2.9268e-04
Loss = 1.1545e-02, PNorm = 86.2256, GNorm = 0.2655, lr_0 = 2.9254e-04
Loss = 1.2801e-02, PNorm = 86.2269, GNorm = 0.2665, lr_0 = 2.9240e-04
Loss = 1.4331e-02, PNorm = 86.2285, GNorm = 0.2096, lr_0 = 2.9225e-04
Loss = 1.2013e-02, PNorm = 86.2287, GNorm = 0.2875, lr_0 = 2.9211e-04
Loss = 1.6214e-02, PNorm = 86.2307, GNorm = 0.9801, lr_0 = 2.9197e-04
Loss = 1.2764e-02, PNorm = 86.2332, GNorm = 0.1969, lr_0 = 2.9182e-04
Loss = 1.1698e-02, PNorm = 86.2352, GNorm = 0.3269, lr_0 = 2.9168e-04
Loss = 1.8209e-02, PNorm = 86.2393, GNorm = 0.3903, lr_0 = 2.9154e-04
Loss = 1.4066e-02, PNorm = 86.2427, GNorm = 0.1982, lr_0 = 2.9140e-04
Loss = 1.1663e-02, PNorm = 86.2447, GNorm = 0.1338, lr_0 = 2.9125e-04
Loss = 9.9927e-03, PNorm = 86.2467, GNorm = 0.9561, lr_0 = 2.9111e-04
Loss = 1.3361e-02, PNorm = 86.2493, GNorm = 0.1677, lr_0 = 2.9097e-04
Loss = 1.1176e-02, PNorm = 86.2504, GNorm = 0.3301, lr_0 = 2.9083e-04
Loss = 1.1286e-02, PNorm = 86.2516, GNorm = 0.4348, lr_0 = 2.9068e-04
Loss = 1.0411e-02, PNorm = 86.2509, GNorm = 0.1385, lr_0 = 2.9054e-04
Loss = 1.1675e-02, PNorm = 86.2495, GNorm = 0.1196, lr_0 = 2.9040e-04
Loss = 9.7712e-03, PNorm = 86.2519, GNorm = 0.3144, lr_0 = 2.9026e-04
Loss = 1.2853e-02, PNorm = 86.2536, GNorm = 0.2633, lr_0 = 2.9011e-04
Loss = 1.5838e-02, PNorm = 86.2535, GNorm = 0.3544, lr_0 = 2.8997e-04
Loss = 1.1569e-02, PNorm = 86.2567, GNorm = 0.2952, lr_0 = 2.8983e-04
Loss = 8.2445e-03, PNorm = 86.2600, GNorm = 0.1418, lr_0 = 2.8969e-04
Loss = 1.4014e-02, PNorm = 86.2617, GNorm = 0.2217, lr_0 = 2.8955e-04
Loss = 1.3557e-02, PNorm = 86.2637, GNorm = 0.1183, lr_0 = 2.8940e-04
Loss = 9.8522e-03, PNorm = 86.2643, GNorm = 0.4919, lr_0 = 2.8926e-04
Loss = 1.0491e-02, PNorm = 86.2645, GNorm = 0.7795, lr_0 = 2.8912e-04
Loss = 9.4585e-03, PNorm = 86.2649, GNorm = 0.3264, lr_0 = 2.8898e-04
Loss = 9.6550e-03, PNorm = 86.2659, GNorm = 0.1404, lr_0 = 2.8884e-04
Loss = 1.1399e-02, PNorm = 86.2667, GNorm = 0.2119, lr_0 = 2.8870e-04
Loss = 1.1970e-02, PNorm = 86.2667, GNorm = 0.5841, lr_0 = 2.8855e-04
Loss = 1.1426e-02, PNorm = 86.2680, GNorm = 0.3590, lr_0 = 2.8841e-04
Loss = 1.1260e-02, PNorm = 86.2712, GNorm = 0.1612, lr_0 = 2.8827e-04
Loss = 1.5639e-02, PNorm = 86.2722, GNorm = 0.1292, lr_0 = 2.8813e-04
Loss = 1.4030e-02, PNorm = 86.2735, GNorm = 0.4441, lr_0 = 2.8799e-04
Loss = 1.2504e-02, PNorm = 86.2740, GNorm = 0.3552, lr_0 = 2.8785e-04
Loss = 1.5473e-02, PNorm = 86.2724, GNorm = 0.2223, lr_0 = 2.8771e-04
Loss = 1.1301e-02, PNorm = 86.2739, GNorm = 0.3020, lr_0 = 2.8757e-04
Loss = 1.1427e-02, PNorm = 86.2752, GNorm = 0.4526, lr_0 = 2.8743e-04
Loss = 8.9493e-03, PNorm = 86.2787, GNorm = 0.2621, lr_0 = 2.8728e-04
Loss = 1.3576e-02, PNorm = 86.2800, GNorm = 0.1273, lr_0 = 2.8714e-04
Loss = 1.4655e-02, PNorm = 86.2828, GNorm = 0.1489, lr_0 = 2.8700e-04
Loss = 1.0878e-02, PNorm = 86.2852, GNorm = 0.1929, lr_0 = 2.8686e-04
Loss = 1.2519e-02, PNorm = 86.2843, GNorm = 0.2037, lr_0 = 2.8672e-04
Loss = 9.3261e-03, PNorm = 86.2851, GNorm = 0.1502, lr_0 = 2.8658e-04
Loss = 1.2683e-02, PNorm = 86.2859, GNorm = 0.3024, lr_0 = 2.8644e-04
Loss = 1.0628e-02, PNorm = 86.2862, GNorm = 0.1238, lr_0 = 2.8630e-04
Loss = 1.1856e-02, PNorm = 86.2880, GNorm = 0.2158, lr_0 = 2.8616e-04
Loss = 1.3856e-02, PNorm = 86.2900, GNorm = 0.3172, lr_0 = 2.8602e-04
Loss = 1.2640e-02, PNorm = 86.2931, GNorm = 0.4538, lr_0 = 2.8588e-04
Loss = 1.2376e-02, PNorm = 86.2947, GNorm = 0.3610, lr_0 = 2.8574e-04
Loss = 1.2055e-02, PNorm = 86.2941, GNorm = 0.5456, lr_0 = 2.8560e-04
Loss = 1.4011e-02, PNorm = 86.2947, GNorm = 0.3065, lr_0 = 2.8546e-04
Loss = 9.9436e-03, PNorm = 86.2968, GNorm = 0.2169, lr_0 = 2.8532e-04
Loss = 8.7134e-03, PNorm = 86.2977, GNorm = 0.2794, lr_0 = 2.8518e-04
Loss = 1.2429e-02, PNorm = 86.3001, GNorm = 0.4132, lr_0 = 2.8504e-04
Loss = 1.0719e-02, PNorm = 86.3000, GNorm = 0.1408, lr_0 = 2.8490e-04
Loss = 1.1993e-02, PNorm = 86.3000, GNorm = 0.0755, lr_0 = 2.8476e-04
Loss = 1.1400e-02, PNorm = 86.3013, GNorm = 0.1172, lr_0 = 2.8462e-04
Loss = 1.0225e-02, PNorm = 86.3030, GNorm = 0.5024, lr_0 = 2.8448e-04
Loss = 1.5440e-02, PNorm = 86.3058, GNorm = 0.7979, lr_0 = 2.8434e-04
Loss = 8.9204e-03, PNorm = 86.3084, GNorm = 0.2502, lr_0 = 2.8420e-04
Loss = 1.4776e-02, PNorm = 86.3133, GNorm = 0.6327, lr_0 = 2.8406e-04
Loss = 9.4727e-03, PNorm = 86.3144, GNorm = 0.2250, lr_0 = 2.8393e-04
Loss = 1.3316e-02, PNorm = 86.3157, GNorm = 0.6535, lr_0 = 2.8379e-04
Loss = 1.0014e-02, PNorm = 86.3161, GNorm = 0.1178, lr_0 = 2.8365e-04
Loss = 9.6157e-03, PNorm = 86.3145, GNorm = 0.3888, lr_0 = 2.8351e-04
Loss = 9.8308e-03, PNorm = 86.3150, GNorm = 0.4780, lr_0 = 2.8337e-04
Loss = 1.4434e-02, PNorm = 86.3158, GNorm = 0.2234, lr_0 = 2.8323e-04
Loss = 1.4542e-02, PNorm = 86.3185, GNorm = 0.2067, lr_0 = 2.8309e-04
Loss = 1.1937e-02, PNorm = 86.3192, GNorm = 0.1615, lr_0 = 2.8295e-04
Loss = 1.1001e-02, PNorm = 86.3228, GNorm = 0.4979, lr_0 = 2.8281e-04
Loss = 9.7245e-03, PNorm = 86.3262, GNorm = 0.1867, lr_0 = 2.8268e-04
Loss = 1.0641e-02, PNorm = 86.3293, GNorm = 0.2028, lr_0 = 2.8254e-04
Loss = 7.8914e-03, PNorm = 86.3295, GNorm = 0.1782, lr_0 = 2.8240e-04
Loss = 1.4835e-02, PNorm = 86.3282, GNorm = 0.2979, lr_0 = 2.8226e-04
Loss = 1.3170e-02, PNorm = 86.3278, GNorm = 0.1734, lr_0 = 2.8212e-04
Loss = 1.0761e-02, PNorm = 86.3295, GNorm = 0.2484, lr_0 = 2.8198e-04
Loss = 1.5872e-02, PNorm = 86.3298, GNorm = 0.6293, lr_0 = 2.8185e-04
Loss = 1.3302e-02, PNorm = 86.3311, GNorm = 0.3461, lr_0 = 2.8171e-04
Loss = 1.2198e-02, PNorm = 86.3325, GNorm = 0.1878, lr_0 = 2.8157e-04
Loss = 1.1585e-02, PNorm = 86.3335, GNorm = 0.5026, lr_0 = 2.8143e-04
Loss = 1.0975e-02, PNorm = 86.3346, GNorm = 0.3673, lr_0 = 2.8129e-04
Loss = 1.0223e-02, PNorm = 86.3362, GNorm = 0.1899, lr_0 = 2.8116e-04
Loss = 1.0660e-02, PNorm = 86.3379, GNorm = 0.4282, lr_0 = 2.8102e-04
Loss = 1.2518e-02, PNorm = 86.3389, GNorm = 0.2016, lr_0 = 2.8088e-04
Loss = 1.2064e-02, PNorm = 86.3390, GNorm = 0.1520, lr_0 = 2.8074e-04
Loss = 1.0641e-02, PNorm = 86.3399, GNorm = 0.2313, lr_0 = 2.8061e-04
Loss = 8.8687e-03, PNorm = 86.3413, GNorm = 0.4772, lr_0 = 2.8047e-04
Loss = 1.1240e-02, PNorm = 86.3435, GNorm = 0.4480, lr_0 = 2.8033e-04
Loss = 1.1995e-02, PNorm = 86.3456, GNorm = 0.3334, lr_0 = 2.8019e-04
Loss = 1.2521e-02, PNorm = 86.3494, GNorm = 0.6252, lr_0 = 2.8006e-04
Loss = 1.7201e-02, PNorm = 86.3540, GNorm = 0.2015, lr_0 = 2.7992e-04
Loss = 1.1087e-02, PNorm = 86.3551, GNorm = 0.1487, lr_0 = 2.7978e-04
Loss = 1.1955e-02, PNorm = 86.3573, GNorm = 0.2877, lr_0 = 2.7965e-04
Loss = 1.3607e-02, PNorm = 86.3583, GNorm = 0.6099, lr_0 = 2.7951e-04
Loss = 1.2269e-02, PNorm = 86.3574, GNorm = 0.4981, lr_0 = 2.7937e-04
Loss = 1.3079e-02, PNorm = 86.3604, GNorm = 0.2841, lr_0 = 2.7923e-04
Loss = 1.2600e-02, PNorm = 86.3616, GNorm = 0.3606, lr_0 = 2.7910e-04
Loss = 1.0770e-02, PNorm = 86.3616, GNorm = 0.2632, lr_0 = 2.7896e-04
Loss = 1.6357e-02, PNorm = 86.3610, GNorm = 0.3321, lr_0 = 2.7882e-04
Loss = 1.3932e-02, PNorm = 86.3623, GNorm = 0.4165, lr_0 = 2.7869e-04
Loss = 1.4496e-02, PNorm = 86.3633, GNorm = 0.1913, lr_0 = 2.7855e-04
Loss = 1.2407e-02, PNorm = 86.3650, GNorm = 0.1350, lr_0 = 2.7842e-04
Loss = 1.1640e-02, PNorm = 86.3651, GNorm = 0.2179, lr_0 = 2.7828e-04
Loss = 1.2806e-02, PNorm = 86.3659, GNorm = 0.2858, lr_0 = 2.7814e-04
Loss = 1.2851e-02, PNorm = 86.3652, GNorm = 0.1966, lr_0 = 2.7801e-04
Loss = 1.1552e-02, PNorm = 86.3654, GNorm = 0.1580, lr_0 = 2.7787e-04
Loss = 1.2289e-02, PNorm = 86.3655, GNorm = 0.2340, lr_0 = 2.7773e-04
Loss = 1.7500e-02, PNorm = 86.3653, GNorm = 0.4607, lr_0 = 2.7760e-04
Loss = 1.1581e-02, PNorm = 86.3649, GNorm = 0.0976, lr_0 = 2.7746e-04
Loss = 1.3744e-02, PNorm = 86.3652, GNorm = 0.3527, lr_0 = 2.7733e-04
Loss = 1.2610e-02, PNorm = 86.3669, GNorm = 0.3535, lr_0 = 2.7719e-04
Loss = 1.1901e-02, PNorm = 86.3697, GNorm = 0.3775, lr_0 = 2.7705e-04
Loss = 1.4656e-02, PNorm = 86.3720, GNorm = 0.4543, lr_0 = 2.7692e-04
Loss = 1.0591e-02, PNorm = 86.3751, GNorm = 0.1540, lr_0 = 2.7678e-04
Loss = 1.0814e-02, PNorm = 86.3766, GNorm = 0.1719, lr_0 = 2.7665e-04
Loss = 1.3738e-02, PNorm = 86.3765, GNorm = 0.1829, lr_0 = 2.7651e-04
Loss = 9.4420e-03, PNorm = 86.3768, GNorm = 0.1958, lr_0 = 2.7638e-04
Loss = 1.0236e-02, PNorm = 86.3781, GNorm = 0.4238, lr_0 = 2.7624e-04
Loss = 1.3084e-02, PNorm = 86.3780, GNorm = 0.9081, lr_0 = 2.7611e-04
Loss = 9.6815e-03, PNorm = 86.3795, GNorm = 0.1993, lr_0 = 2.7597e-04
Loss = 1.0298e-02, PNorm = 86.3811, GNorm = 0.1167, lr_0 = 2.7584e-04
Loss = 1.2315e-02, PNorm = 86.3828, GNorm = 0.1364, lr_0 = 2.7570e-04
Loss = 1.1792e-02, PNorm = 86.3853, GNorm = 0.1630, lr_0 = 2.7556e-04
Loss = 9.7690e-03, PNorm = 86.3884, GNorm = 0.1993, lr_0 = 2.7543e-04
Loss = 1.1256e-02, PNorm = 86.3894, GNorm = 0.6132, lr_0 = 2.7529e-04
Loss = 1.5299e-02, PNorm = 86.3907, GNorm = 0.3356, lr_0 = 2.7516e-04
Loss = 1.6011e-02, PNorm = 86.3902, GNorm = 0.1961, lr_0 = 2.7503e-04
Loss = 1.2068e-02, PNorm = 86.3909, GNorm = 0.2235, lr_0 = 2.7489e-04
Loss = 1.1987e-02, PNorm = 86.3934, GNorm = 0.8697, lr_0 = 2.7476e-04
Loss = 1.4623e-02, PNorm = 86.3952, GNorm = 0.4080, lr_0 = 2.7462e-04
Loss = 1.1929e-02, PNorm = 86.3958, GNorm = 0.2634, lr_0 = 2.7449e-04
Loss = 1.2647e-02, PNorm = 86.3983, GNorm = 0.2246, lr_0 = 2.7435e-04
Loss = 1.3260e-02, PNorm = 86.4003, GNorm = 0.3795, lr_0 = 2.7422e-04
Loss = 1.3568e-02, PNorm = 86.4023, GNorm = 0.4785, lr_0 = 2.7408e-04
Loss = 9.5565e-03, PNorm = 86.4035, GNorm = 0.2738, lr_0 = 2.7395e-04
Loss = 1.3334e-02, PNorm = 86.4041, GNorm = 0.5471, lr_0 = 2.7382e-04
Loss = 1.2401e-02, PNorm = 86.4043, GNorm = 0.3542, lr_0 = 2.7368e-04
Loss = 1.0860e-02, PNorm = 86.4050, GNorm = 0.2658, lr_0 = 2.7355e-04
Loss = 1.8850e-02, PNorm = 86.4062, GNorm = 1.2139, lr_0 = 2.7341e-04
Loss = 1.1407e-02, PNorm = 86.4065, GNorm = 0.1609, lr_0 = 2.7328e-04
Loss = 1.3633e-02, PNorm = 86.4065, GNorm = 0.2486, lr_0 = 2.7315e-04
Loss = 1.4257e-02, PNorm = 86.4090, GNorm = 0.4031, lr_0 = 2.7301e-04
Loss = 1.6994e-02, PNorm = 86.4114, GNorm = 0.2733, lr_0 = 2.7288e-04
Loss = 1.6226e-02, PNorm = 86.4134, GNorm = 0.3577, lr_0 = 2.7274e-04
Loss = 1.0204e-02, PNorm = 86.4158, GNorm = 0.2331, lr_0 = 2.7261e-04
Loss = 1.4469e-02, PNorm = 86.4163, GNorm = 0.2155, lr_0 = 2.7248e-04
Loss = 1.2323e-02, PNorm = 86.4165, GNorm = 0.3080, lr_0 = 2.7234e-04
Loss = 1.1377e-02, PNorm = 86.4192, GNorm = 0.2246, lr_0 = 2.7221e-04
Loss = 1.0033e-02, PNorm = 86.4189, GNorm = 0.2781, lr_0 = 2.7208e-04
Loss = 1.1067e-02, PNorm = 86.4194, GNorm = 0.1317, lr_0 = 2.7194e-04
Loss = 1.0290e-02, PNorm = 86.4201, GNorm = 0.2548, lr_0 = 2.7181e-04
Loss = 9.2326e-03, PNorm = 86.4197, GNorm = 0.3268, lr_0 = 2.7168e-04
Loss = 1.1104e-02, PNorm = 86.4200, GNorm = 0.0901, lr_0 = 2.7154e-04
Loss = 1.2043e-02, PNorm = 86.4199, GNorm = 0.4070, lr_0 = 2.7141e-04
Loss = 9.4440e-03, PNorm = 86.4213, GNorm = 0.2682, lr_0 = 2.7128e-04
Loss = 1.4130e-02, PNorm = 86.4211, GNorm = 0.4315, lr_0 = 2.7114e-04
Loss = 1.2079e-02, PNorm = 86.4203, GNorm = 0.4534, lr_0 = 2.7101e-04
Loss = 1.1736e-02, PNorm = 86.4220, GNorm = 0.1761, lr_0 = 2.7088e-04
Loss = 1.2321e-02, PNorm = 86.4246, GNorm = 0.5329, lr_0 = 2.7075e-04
Loss = 9.5103e-03, PNorm = 86.4267, GNorm = 0.2541, lr_0 = 2.7061e-04
Loss = 1.1269e-02, PNorm = 86.4295, GNorm = 0.2030, lr_0 = 2.7048e-04
Loss = 1.0348e-02, PNorm = 86.4315, GNorm = 0.2576, lr_0 = 2.7035e-04
Loss = 1.1439e-02, PNorm = 86.4327, GNorm = 0.4252, lr_0 = 2.7022e-04
Loss = 1.2033e-02, PNorm = 86.4341, GNorm = 0.1849, lr_0 = 2.7008e-04
Loss = 1.2001e-02, PNorm = 86.4350, GNorm = 0.1584, lr_0 = 2.6995e-04
Loss = 1.2613e-02, PNorm = 86.4362, GNorm = 0.1355, lr_0 = 2.6982e-04
Loss = 1.2285e-02, PNorm = 86.4356, GNorm = 0.4142, lr_0 = 2.6969e-04
Loss = 1.1421e-02, PNorm = 86.4371, GNorm = 0.0583, lr_0 = 2.6956e-04
Loss = 1.3590e-02, PNorm = 86.4389, GNorm = 0.1726, lr_0 = 2.6942e-04
Loss = 1.2695e-02, PNorm = 86.4383, GNorm = 0.1596, lr_0 = 2.6929e-04
Loss = 1.2461e-02, PNorm = 86.4366, GNorm = 0.3218, lr_0 = 2.6916e-04
Loss = 7.6571e-03, PNorm = 86.4358, GNorm = 0.5030, lr_0 = 2.6903e-04
Loss = 1.1382e-02, PNorm = 86.4381, GNorm = 0.3238, lr_0 = 2.6890e-04
Loss = 1.4221e-02, PNorm = 86.4381, GNorm = 0.4029, lr_0 = 2.6876e-04
Loss = 8.7792e-03, PNorm = 86.4385, GNorm = 0.3650, lr_0 = 2.6863e-04
Loss = 7.7164e-03, PNorm = 86.4402, GNorm = 0.2933, lr_0 = 2.6850e-04
Loss = 1.0617e-02, PNorm = 86.4413, GNorm = 0.3753, lr_0 = 2.6837e-04
Loss = 1.1262e-02, PNorm = 86.4424, GNorm = 0.1797, lr_0 = 2.6824e-04
Loss = 8.3532e-03, PNorm = 86.4446, GNorm = 0.1594, lr_0 = 2.6811e-04
Loss = 1.3739e-02, PNorm = 86.4448, GNorm = 0.3432, lr_0 = 2.6797e-04
Loss = 1.1311e-02, PNorm = 86.4458, GNorm = 0.5402, lr_0 = 2.6784e-04
Loss = 9.7283e-03, PNorm = 86.4455, GNorm = 0.3570, lr_0 = 2.6771e-04
Loss = 1.1058e-02, PNorm = 86.4440, GNorm = 0.1558, lr_0 = 2.6758e-04
Loss = 9.0792e-03, PNorm = 86.4438, GNorm = 0.5634, lr_0 = 2.6745e-04
Loss = 8.3753e-03, PNorm = 86.4436, GNorm = 0.1823, lr_0 = 2.6732e-04
Loss = 1.3825e-02, PNorm = 86.4426, GNorm = 0.2936, lr_0 = 2.6719e-04
Loss = 1.0928e-02, PNorm = 86.4440, GNorm = 0.1441, lr_0 = 2.6706e-04
Loss = 9.1033e-03, PNorm = 86.4448, GNorm = 0.4856, lr_0 = 2.6693e-04
Loss = 1.4295e-02, PNorm = 86.4460, GNorm = 0.4456, lr_0 = 2.6680e-04
Loss = 1.4787e-02, PNorm = 86.4491, GNorm = 0.8202, lr_0 = 2.6667e-04
Loss = 8.7694e-03, PNorm = 86.4518, GNorm = 0.2726, lr_0 = 2.6653e-04
Loss = 1.4912e-02, PNorm = 86.4532, GNorm = 0.5830, lr_0 = 2.6640e-04
Loss = 1.3260e-02, PNorm = 86.4550, GNorm = 0.2041, lr_0 = 2.6627e-04
Loss = 9.2699e-03, PNorm = 86.4558, GNorm = 0.1457, lr_0 = 2.6614e-04
Loss = 1.0050e-02, PNorm = 86.4555, GNorm = 0.2397, lr_0 = 2.6601e-04
Loss = 1.0575e-02, PNorm = 86.4561, GNorm = 0.2436, lr_0 = 2.6588e-04
Loss = 1.3266e-02, PNorm = 86.4579, GNorm = 0.5651, lr_0 = 2.6575e-04
Loss = 1.3464e-02, PNorm = 86.4599, GNorm = 0.1609, lr_0 = 2.6562e-04
Loss = 1.2945e-02, PNorm = 86.4624, GNorm = 0.2406, lr_0 = 2.6549e-04
Loss = 7.4517e-03, PNorm = 86.4627, GNorm = 0.1638, lr_0 = 2.6536e-04
Loss = 1.4214e-02, PNorm = 86.4650, GNorm = 0.1195, lr_0 = 2.6523e-04
Loss = 1.6221e-02, PNorm = 86.4673, GNorm = 0.3699, lr_0 = 2.6510e-04
Loss = 1.3093e-02, PNorm = 86.4669, GNorm = 0.4711, lr_0 = 2.6497e-04
Loss = 1.5770e-02, PNorm = 86.4671, GNorm = 0.5552, lr_0 = 2.6484e-04
Loss = 1.0593e-02, PNorm = 86.4686, GNorm = 0.1043, lr_0 = 2.6471e-04
Loss = 1.3654e-02, PNorm = 86.4698, GNorm = 0.1223, lr_0 = 2.6458e-04
Loss = 9.7037e-03, PNorm = 86.4721, GNorm = 0.4337, lr_0 = 2.6445e-04
Loss = 9.4938e-03, PNorm = 86.4738, GNorm = 0.2648, lr_0 = 2.6432e-04
Loss = 1.1934e-02, PNorm = 86.4762, GNorm = 0.3084, lr_0 = 2.6419e-04
Loss = 1.1496e-02, PNorm = 86.4780, GNorm = 0.4332, lr_0 = 2.6406e-04
Loss = 1.3043e-02, PNorm = 86.4790, GNorm = 0.3490, lr_0 = 2.6394e-04
Loss = 1.2334e-02, PNorm = 86.4812, GNorm = 0.1804, lr_0 = 2.6381e-04
Loss = 1.3284e-02, PNorm = 86.4820, GNorm = 0.4192, lr_0 = 2.6368e-04
Loss = 1.3056e-02, PNorm = 86.4818, GNorm = 0.1989, lr_0 = 2.6355e-04
Loss = 1.1280e-02, PNorm = 86.4824, GNorm = 0.4205, lr_0 = 2.6342e-04
Loss = 1.2441e-02, PNorm = 86.4825, GNorm = 0.3927, lr_0 = 2.6329e-04
Loss = 1.0956e-02, PNorm = 86.4840, GNorm = 0.3805, lr_0 = 2.6316e-04
Loss = 8.6589e-03, PNorm = 86.4856, GNorm = 0.5382, lr_0 = 2.6303e-04
Loss = 1.3146e-02, PNorm = 86.4878, GNorm = 0.3153, lr_0 = 2.6290e-04
Loss = 8.8981e-03, PNorm = 86.4884, GNorm = 0.2400, lr_0 = 2.6277e-04
Loss = 1.1994e-02, PNorm = 86.4894, GNorm = 0.2959, lr_0 = 2.6265e-04
Loss = 1.1378e-02, PNorm = 86.4916, GNorm = 0.4762, lr_0 = 2.6252e-04
Loss = 1.1081e-02, PNorm = 86.4939, GNorm = 0.3130, lr_0 = 2.6239e-04
Loss = 1.0487e-02, PNorm = 86.4943, GNorm = 0.2908, lr_0 = 2.6226e-04
Loss = 1.0023e-02, PNorm = 86.4958, GNorm = 0.1854, lr_0 = 2.6213e-04
Loss = 1.6948e-02, PNorm = 86.4967, GNorm = 0.2589, lr_0 = 2.6200e-04
Loss = 1.2918e-02, PNorm = 86.4956, GNorm = 0.3044, lr_0 = 2.6187e-04
Loss = 9.0455e-03, PNorm = 86.4982, GNorm = 0.0868, lr_0 = 2.6175e-04
Loss = 1.3562e-02, PNorm = 86.4992, GNorm = 0.2721, lr_0 = 2.6162e-04
Loss = 9.3796e-03, PNorm = 86.4992, GNorm = 0.2151, lr_0 = 2.6149e-04
Loss = 8.3667e-03, PNorm = 86.5001, GNorm = 0.2353, lr_0 = 2.6136e-04
Loss = 1.1086e-02, PNorm = 86.5012, GNorm = 0.3594, lr_0 = 2.6123e-04
Loss = 1.7817e-02, PNorm = 86.5014, GNorm = 0.7144, lr_0 = 2.6111e-04
Loss = 8.8399e-03, PNorm = 86.5014, GNorm = 0.4148, lr_0 = 2.6098e-04
Loss = 1.2065e-02, PNorm = 86.5006, GNorm = 0.4416, lr_0 = 2.6085e-04
Loss = 5.3715e-03, PNorm = 86.5004, GNorm = 0.1412, lr_0 = 2.6072e-04
Loss = 1.2312e-02, PNorm = 86.4998, GNorm = 0.1729, lr_0 = 2.6059e-04
Loss = 1.2732e-02, PNorm = 86.5003, GNorm = 0.3195, lr_0 = 2.6047e-04
Loss = 1.1028e-02, PNorm = 86.5035, GNorm = 0.1111, lr_0 = 2.6034e-04
Loss = 1.3670e-02, PNorm = 86.5062, GNorm = 0.2989, lr_0 = 2.6021e-04
Loss = 1.0679e-02, PNorm = 86.5081, GNorm = 0.2688, lr_0 = 2.6008e-04
Loss = 9.7014e-03, PNorm = 86.5108, GNorm = 0.1282, lr_0 = 2.5996e-04
Loss = 9.9470e-03, PNorm = 86.5123, GNorm = 0.2176, lr_0 = 2.5983e-04
Loss = 1.3199e-02, PNorm = 86.5111, GNorm = 0.5519, lr_0 = 2.5970e-04
Loss = 1.8477e-02, PNorm = 86.5116, GNorm = 0.5674, lr_0 = 2.5957e-04
Loss = 1.2106e-02, PNorm = 86.5123, GNorm = 0.3821, lr_0 = 2.5945e-04
Loss = 1.1806e-02, PNorm = 86.5140, GNorm = 0.4059, lr_0 = 2.5932e-04
Loss = 1.1157e-02, PNorm = 86.5145, GNorm = 0.3047, lr_0 = 2.5919e-04
Loss = 1.1753e-02, PNorm = 86.5141, GNorm = 0.4263, lr_0 = 2.5907e-04
Loss = 1.0343e-02, PNorm = 86.5142, GNorm = 0.1794, lr_0 = 2.5894e-04
Loss = 1.5780e-02, PNorm = 86.5160, GNorm = 0.2022, lr_0 = 2.5881e-04
Loss = 9.6761e-03, PNorm = 86.5173, GNorm = 0.8389, lr_0 = 2.5869e-04
Loss = 1.4235e-02, PNorm = 86.5182, GNorm = 0.5886, lr_0 = 2.5856e-04
Loss = 1.3382e-02, PNorm = 86.5183, GNorm = 0.4382, lr_0 = 2.5843e-04
Loss = 9.3489e-03, PNorm = 86.5179, GNorm = 0.0589, lr_0 = 2.5831e-04
Loss = 1.4114e-02, PNorm = 86.5184, GNorm = 0.4246, lr_0 = 2.5818e-04
Loss = 9.3730e-03, PNorm = 86.5186, GNorm = 0.3334, lr_0 = 2.5805e-04
Loss = 1.6259e-02, PNorm = 86.5202, GNorm = 0.5664, lr_0 = 2.5793e-04
Loss = 1.1827e-02, PNorm = 86.5208, GNorm = 0.2886, lr_0 = 2.5780e-04
Loss = 1.5239e-02, PNorm = 86.5215, GNorm = 0.5616, lr_0 = 2.5767e-04
Loss = 1.0752e-02, PNorm = 86.5240, GNorm = 0.0931, lr_0 = 2.5755e-04
Loss = 1.3919e-02, PNorm = 86.5259, GNorm = 0.4148, lr_0 = 2.5742e-04
Loss = 1.0453e-02, PNorm = 86.5268, GNorm = 0.1669, lr_0 = 2.5730e-04
Loss = 1.1433e-02, PNorm = 86.5296, GNorm = 0.1595, lr_0 = 2.5717e-04
Loss = 1.4025e-02, PNorm = 86.5332, GNorm = 0.5811, lr_0 = 2.5704e-04
Loss = 1.4193e-02, PNorm = 86.5338, GNorm = 0.1420, lr_0 = 2.5692e-04
Loss = 1.2403e-02, PNorm = 86.5352, GNorm = 0.1908, lr_0 = 2.5679e-04
Loss = 1.1750e-02, PNorm = 86.5365, GNorm = 0.7180, lr_0 = 2.5667e-04
Loss = 1.2594e-02, PNorm = 86.5378, GNorm = 0.1113, lr_0 = 2.5654e-04
Loss = 9.0723e-03, PNorm = 86.5384, GNorm = 0.4446, lr_0 = 2.5641e-04
Loss = 1.5960e-02, PNorm = 86.5405, GNorm = 0.1129, lr_0 = 2.5629e-04
Loss = 1.2097e-02, PNorm = 86.5410, GNorm = 0.1962, lr_0 = 2.5616e-04
Loss = 1.2582e-02, PNorm = 86.5422, GNorm = 0.4017, lr_0 = 2.5604e-04
Loss = 1.3986e-02, PNorm = 86.5434, GNorm = 0.4112, lr_0 = 2.5591e-04
Loss = 1.3274e-02, PNorm = 86.5444, GNorm = 0.4786, lr_0 = 2.5579e-04
Loss = 9.8835e-03, PNorm = 86.5448, GNorm = 0.5718, lr_0 = 2.5566e-04
Loss = 9.8821e-03, PNorm = 86.5455, GNorm = 0.2468, lr_0 = 2.5554e-04
Loss = 1.1014e-02, PNorm = 86.5465, GNorm = 0.2393, lr_0 = 2.5541e-04
Loss = 1.2768e-02, PNorm = 86.5467, GNorm = 0.2783, lr_0 = 2.5529e-04
Loss = 1.4080e-02, PNorm = 86.5471, GNorm = 0.3735, lr_0 = 2.5516e-04
Loss = 1.0159e-02, PNorm = 86.5489, GNorm = 0.2789, lr_0 = 2.5504e-04
Loss = 1.0610e-02, PNorm = 86.5506, GNorm = 0.4970, lr_0 = 2.5491e-04
Loss = 1.1579e-02, PNorm = 86.5527, GNorm = 0.2721, lr_0 = 2.5479e-04
Loss = 9.7221e-03, PNorm = 86.5544, GNorm = 0.1997, lr_0 = 2.5466e-04
Loss = 1.1408e-02, PNorm = 86.5563, GNorm = 0.3162, lr_0 = 2.5454e-04
Loss = 8.6039e-03, PNorm = 86.5566, GNorm = 0.1899, lr_0 = 2.5441e-04
Loss = 1.1867e-02, PNorm = 86.5581, GNorm = 0.4589, lr_0 = 2.5429e-04
Loss = 1.4862e-02, PNorm = 86.5590, GNorm = 0.4658, lr_0 = 2.5416e-04
Loss = 1.0064e-02, PNorm = 86.5604, GNorm = 0.3860, lr_0 = 2.5404e-04
Loss = 1.7608e-02, PNorm = 86.5605, GNorm = 0.1483, lr_0 = 2.5391e-04
Loss = 1.1190e-02, PNorm = 86.5617, GNorm = 0.3492, lr_0 = 2.5379e-04
Loss = 1.1703e-02, PNorm = 86.5622, GNorm = 0.2454, lr_0 = 2.5366e-04
Loss = 1.1704e-02, PNorm = 86.5635, GNorm = 0.1859, lr_0 = 2.5354e-04
Loss = 1.3495e-02, PNorm = 86.5640, GNorm = 0.1008, lr_0 = 2.5342e-04
Loss = 1.1096e-02, PNorm = 86.5657, GNorm = 0.2455, lr_0 = 2.5329e-04
Loss = 9.1396e-03, PNorm = 86.5662, GNorm = 0.2163, lr_0 = 2.5317e-04
Loss = 1.2535e-02, PNorm = 86.5665, GNorm = 0.1298, lr_0 = 2.5304e-04
Loss = 1.1226e-02, PNorm = 86.5657, GNorm = 0.2030, lr_0 = 2.5292e-04
Loss = 1.0723e-02, PNorm = 86.5655, GNorm = 0.0949, lr_0 = 2.5280e-04
Loss = 9.2736e-03, PNorm = 86.5663, GNorm = 0.3790, lr_0 = 2.5267e-04
Loss = 1.0406e-02, PNorm = 86.5665, GNorm = 0.2991, lr_0 = 2.5255e-04
Loss = 1.0312e-02, PNorm = 86.5669, GNorm = 0.2646, lr_0 = 2.5242e-04
Loss = 1.1542e-02, PNorm = 86.5681, GNorm = 0.8916, lr_0 = 2.5230e-04
Loss = 1.2146e-02, PNorm = 86.5697, GNorm = 0.3495, lr_0 = 2.5218e-04
Loss = 1.1665e-02, PNorm = 86.5719, GNorm = 0.2718, lr_0 = 2.5205e-04
Loss = 8.5243e-03, PNorm = 86.5731, GNorm = 0.6557, lr_0 = 2.5193e-04
Loss = 1.1212e-02, PNorm = 86.5732, GNorm = 0.2939, lr_0 = 2.5181e-04
Loss = 1.1164e-02, PNorm = 86.5725, GNorm = 0.1347, lr_0 = 2.5168e-04
Loss = 1.3569e-02, PNorm = 86.5723, GNorm = 0.5218, lr_0 = 2.5156e-04
Loss = 1.2904e-02, PNorm = 86.5729, GNorm = 0.2017, lr_0 = 2.5144e-04
Loss = 1.1099e-02, PNorm = 86.5737, GNorm = 0.2291, lr_0 = 2.5131e-04
Loss = 1.2259e-02, PNorm = 86.5744, GNorm = 0.2980, lr_0 = 2.5119e-04
Loss = 9.7204e-03, PNorm = 86.5762, GNorm = 0.5447, lr_0 = 2.5107e-04
Loss = 1.6681e-02, PNorm = 86.5796, GNorm = 0.4555, lr_0 = 2.5095e-04
Loss = 1.5898e-02, PNorm = 86.5815, GNorm = 1.0291, lr_0 = 2.5082e-04
Loss = 1.6073e-02, PNorm = 86.5825, GNorm = 0.1911, lr_0 = 2.5070e-04
Loss = 1.2615e-02, PNorm = 86.5841, GNorm = 0.0467, lr_0 = 2.5058e-04
Loss = 1.0771e-02, PNorm = 86.5858, GNorm = 0.1416, lr_0 = 2.5045e-04
Loss = 1.2874e-02, PNorm = 86.5884, GNorm = 0.1883, lr_0 = 2.5033e-04
Loss = 1.2470e-02, PNorm = 86.5891, GNorm = 0.4311, lr_0 = 2.5021e-04
Loss = 1.0346e-02, PNorm = 86.5891, GNorm = 0.4043, lr_0 = 2.5009e-04
Loss = 1.1891e-02, PNorm = 86.5911, GNorm = 0.1036, lr_0 = 2.4996e-04
Loss = 1.2460e-02, PNorm = 86.5907, GNorm = 0.2734, lr_0 = 2.4984e-04
Loss = 1.5478e-02, PNorm = 86.5923, GNorm = 0.2037, lr_0 = 2.4972e-04
Loss = 1.6911e-02, PNorm = 86.5938, GNorm = 0.0754, lr_0 = 2.4960e-04
Loss = 8.2431e-03, PNorm = 86.5960, GNorm = 0.1417, lr_0 = 2.4947e-04
Loss = 9.7976e-03, PNorm = 86.5969, GNorm = 0.2557, lr_0 = 2.4935e-04
Loss = 1.3455e-02, PNorm = 86.5963, GNorm = 0.2892, lr_0 = 2.4923e-04
Loss = 9.3392e-03, PNorm = 86.5959, GNorm = 0.5765, lr_0 = 2.4911e-04
Loss = 9.5613e-03, PNorm = 86.5968, GNorm = 0.2494, lr_0 = 2.4899e-04
Loss = 9.1260e-03, PNorm = 86.5977, GNorm = 0.5518, lr_0 = 2.4886e-04
Loss = 1.4271e-02, PNorm = 86.5976, GNorm = 0.4601, lr_0 = 2.4874e-04
Loss = 1.3463e-02, PNorm = 86.6006, GNorm = 0.4295, lr_0 = 2.4862e-04
Loss = 1.0440e-02, PNorm = 86.6020, GNorm = 0.1500, lr_0 = 2.4850e-04
Loss = 1.0606e-02, PNorm = 86.6016, GNorm = 0.3080, lr_0 = 2.4838e-04
Loss = 1.0800e-02, PNorm = 86.6027, GNorm = 0.1747, lr_0 = 2.4825e-04
Loss = 1.3393e-02, PNorm = 86.6027, GNorm = 0.3191, lr_0 = 2.4813e-04
Loss = 1.2921e-02, PNorm = 86.6026, GNorm = 0.5031, lr_0 = 2.4801e-04
Loss = 1.4675e-02, PNorm = 86.6042, GNorm = 0.6140, lr_0 = 2.4789e-04
Loss = 1.1023e-02, PNorm = 86.6061, GNorm = 0.1727, lr_0 = 2.4777e-04
Loss = 1.0736e-02, PNorm = 86.6060, GNorm = 0.2522, lr_0 = 2.4765e-04
Loss = 1.4476e-02, PNorm = 86.6074, GNorm = 0.2719, lr_0 = 2.4753e-04
Loss = 1.5060e-02, PNorm = 86.6082, GNorm = 0.4002, lr_0 = 2.4740e-04
Loss = 1.0124e-02, PNorm = 86.6097, GNorm = 0.1612, lr_0 = 2.4728e-04
Loss = 1.1093e-02, PNorm = 86.6106, GNorm = 0.2041, lr_0 = 2.4716e-04
Loss = 1.4908e-02, PNorm = 86.6113, GNorm = 0.4136, lr_0 = 2.4704e-04
Loss = 1.7731e-02, PNorm = 86.6130, GNorm = 0.2602, lr_0 = 2.4692e-04
Loss = 1.1407e-02, PNorm = 86.6157, GNorm = 0.4143, lr_0 = 2.4680e-04
Loss = 1.1369e-02, PNorm = 86.6167, GNorm = 0.1918, lr_0 = 2.4668e-04
Loss = 8.4297e-03, PNorm = 86.6175, GNorm = 0.3979, lr_0 = 2.4656e-04
Loss = 8.9442e-03, PNorm = 86.6172, GNorm = 0.1276, lr_0 = 2.4644e-04
Loss = 1.3731e-02, PNorm = 86.6171, GNorm = 0.3937, lr_0 = 2.4632e-04
Loss = 1.1143e-02, PNorm = 86.6168, GNorm = 0.1245, lr_0 = 2.4620e-04
Loss = 1.6165e-02, PNorm = 86.6171, GNorm = 0.4493, lr_0 = 2.4607e-04
Loss = 1.2406e-02, PNorm = 86.6171, GNorm = 0.3532, lr_0 = 2.4595e-04
Loss = 1.1513e-02, PNorm = 86.6182, GNorm = 0.2328, lr_0 = 2.4583e-04
Loss = 1.4159e-02, PNorm = 86.6184, GNorm = 0.2724, lr_0 = 2.4571e-04
Loss = 1.0915e-02, PNorm = 86.6196, GNorm = 0.1777, lr_0 = 2.4559e-04
Loss = 1.3945e-02, PNorm = 86.6225, GNorm = 0.2411, lr_0 = 2.4547e-04
Loss = 1.1772e-02, PNorm = 86.6226, GNorm = 0.5418, lr_0 = 2.4535e-04
Loss = 1.5854e-02, PNorm = 86.6252, GNorm = 0.5404, lr_0 = 2.4523e-04
Loss = 8.4485e-03, PNorm = 86.6279, GNorm = 0.3772, lr_0 = 2.4511e-04
Loss = 1.1561e-02, PNorm = 86.6290, GNorm = 0.1534, lr_0 = 2.4499e-04
Loss = 1.3273e-02, PNorm = 86.6308, GNorm = 0.3826, lr_0 = 2.4487e-04
Loss = 1.1462e-02, PNorm = 86.6300, GNorm = 0.1185, lr_0 = 2.4475e-04
Loss = 1.3957e-02, PNorm = 86.6305, GNorm = 0.2300, lr_0 = 2.4463e-04
Loss = 1.0380e-02, PNorm = 86.6297, GNorm = 0.2697, lr_0 = 2.4451e-04
Loss = 1.5319e-02, PNorm = 86.6293, GNorm = 0.2527, lr_0 = 2.4439e-04
Loss = 1.2618e-02, PNorm = 86.6308, GNorm = 0.3208, lr_0 = 2.4427e-04
Loss = 1.1971e-02, PNorm = 86.6308, GNorm = 0.4265, lr_0 = 2.4415e-04
Loss = 1.0616e-02, PNorm = 86.6315, GNorm = 0.1428, lr_0 = 2.4403e-04
Loss = 8.0266e-03, PNorm = 86.6333, GNorm = 0.1310, lr_0 = 2.4391e-04
Loss = 1.1774e-02, PNorm = 86.6346, GNorm = 0.4336, lr_0 = 2.4379e-04
Loss = 1.4920e-02, PNorm = 86.6347, GNorm = 0.3334, lr_0 = 2.4367e-04
Loss = 1.3764e-02, PNorm = 86.6344, GNorm = 0.3301, lr_0 = 2.4356e-04
Loss = 1.1975e-02, PNorm = 86.6344, GNorm = 0.0667, lr_0 = 2.4344e-04
Loss = 9.8316e-03, PNorm = 86.6350, GNorm = 0.4354, lr_0 = 2.4332e-04
Loss = 1.0668e-02, PNorm = 86.6347, GNorm = 0.3379, lr_0 = 2.4320e-04
Loss = 1.4948e-02, PNorm = 86.6347, GNorm = 0.3032, lr_0 = 2.4308e-04
Loss = 1.3277e-02, PNorm = 86.6346, GNorm = 1.1315, lr_0 = 2.4296e-04
Loss = 1.2068e-02, PNorm = 86.6358, GNorm = 0.1705, lr_0 = 2.4284e-04
Loss = 1.0521e-02, PNorm = 86.6376, GNorm = 0.3056, lr_0 = 2.4272e-04
Loss = 1.4507e-02, PNorm = 86.6395, GNorm = 0.4828, lr_0 = 2.4260e-04
Loss = 1.1712e-02, PNorm = 86.6413, GNorm = 0.5632, lr_0 = 2.4248e-04
Loss = 1.3441e-02, PNorm = 86.6435, GNorm = 0.4256, lr_0 = 2.4236e-04
Loss = 1.4011e-02, PNorm = 86.6467, GNorm = 0.3499, lr_0 = 2.4225e-04
Loss = 7.9073e-03, PNorm = 86.6481, GNorm = 0.0705, lr_0 = 2.4213e-04
Loss = 1.0630e-02, PNorm = 86.6489, GNorm = 0.3695, lr_0 = 2.4201e-04
Loss = 9.4849e-03, PNorm = 86.6507, GNorm = 0.1550, lr_0 = 2.4189e-04
Loss = 1.1644e-02, PNorm = 86.6521, GNorm = 0.4437, lr_0 = 2.4177e-04
Loss = 1.2023e-02, PNorm = 86.6517, GNorm = 0.3075, lr_0 = 2.4165e-04
Loss = 1.1083e-02, PNorm = 86.6518, GNorm = 0.3143, lr_0 = 2.4154e-04
Loss = 1.3283e-02, PNorm = 86.6508, GNorm = 0.1749, lr_0 = 2.4142e-04
Loss = 1.4464e-02, PNorm = 86.6512, GNorm = 0.7342, lr_0 = 2.4130e-04
Loss = 1.0387e-02, PNorm = 86.6528, GNorm = 0.2054, lr_0 = 2.4118e-04
Loss = 1.2581e-02, PNorm = 86.6532, GNorm = 0.3533, lr_0 = 2.4106e-04
Loss = 1.3852e-02, PNorm = 86.6547, GNorm = 0.3242, lr_0 = 2.4094e-04
Loss = 9.1619e-03, PNorm = 86.6567, GNorm = 0.1834, lr_0 = 2.4083e-04
Loss = 1.0259e-02, PNorm = 86.6585, GNorm = 0.3329, lr_0 = 2.4071e-04
Loss = 1.0401e-02, PNorm = 86.6583, GNorm = 0.3095, lr_0 = 2.4059e-04
Loss = 1.0984e-02, PNorm = 86.6607, GNorm = 0.3448, lr_0 = 2.4047e-04
Loss = 1.2542e-02, PNorm = 86.6610, GNorm = 0.1118, lr_0 = 2.4035e-04
Loss = 1.0743e-02, PNorm = 86.6593, GNorm = 0.2438, lr_0 = 2.4024e-04
Loss = 1.4430e-02, PNorm = 86.6597, GNorm = 0.2619, lr_0 = 2.4012e-04
Loss = 1.0692e-02, PNorm = 86.6599, GNorm = 0.2118, lr_0 = 2.4000e-04
Loss = 1.3155e-02, PNorm = 86.6600, GNorm = 0.4232, lr_0 = 2.3988e-04
Loss = 1.1479e-02, PNorm = 86.6620, GNorm = 0.2259, lr_0 = 2.3977e-04
Loss = 1.5415e-02, PNorm = 86.6622, GNorm = 0.3036, lr_0 = 2.3965e-04
Loss = 1.0684e-02, PNorm = 86.6640, GNorm = 0.1255, lr_0 = 2.3953e-04
Loss = 1.0406e-02, PNorm = 86.6664, GNorm = 0.2316, lr_0 = 2.3941e-04
Loss = 1.4663e-02, PNorm = 86.6665, GNorm = 0.7762, lr_0 = 2.3930e-04
Loss = 7.7178e-03, PNorm = 86.6667, GNorm = 0.1901, lr_0 = 2.3918e-04
Loss = 1.1171e-02, PNorm = 86.6669, GNorm = 0.4036, lr_0 = 2.3906e-04
Loss = 8.1486e-03, PNorm = 86.6684, GNorm = 0.5158, lr_0 = 2.3895e-04
Loss = 9.2308e-03, PNorm = 86.6693, GNorm = 0.1491, lr_0 = 2.3883e-04
Loss = 1.2039e-02, PNorm = 86.6703, GNorm = 0.0899, lr_0 = 2.3871e-04
Loss = 8.2715e-03, PNorm = 86.6710, GNorm = 0.4629, lr_0 = 2.3859e-04
Loss = 1.1960e-02, PNorm = 86.6721, GNorm = 0.2621, lr_0 = 2.3848e-04
Loss = 1.1978e-02, PNorm = 86.6741, GNorm = 0.3056, lr_0 = 2.3836e-04
Loss = 9.9286e-03, PNorm = 86.6764, GNorm = 0.4930, lr_0 = 2.3824e-04
Loss = 1.1391e-02, PNorm = 86.6753, GNorm = 0.1894, lr_0 = 2.3813e-04
Loss = 1.3257e-02, PNorm = 86.6746, GNorm = 0.5484, lr_0 = 2.3801e-04
Loss = 1.0461e-02, PNorm = 86.6754, GNorm = 0.1448, lr_0 = 2.3789e-04
Loss = 1.2836e-02, PNorm = 86.6758, GNorm = 0.2481, lr_0 = 2.3778e-04
Loss = 1.5545e-02, PNorm = 86.6770, GNorm = 0.1991, lr_0 = 2.3766e-04
Loss = 1.4815e-02, PNorm = 86.6774, GNorm = 0.3019, lr_0 = 2.3754e-04
Loss = 6.7433e-03, PNorm = 86.6789, GNorm = 0.1749, lr_0 = 2.3743e-04
Loss = 1.1806e-02, PNorm = 86.6804, GNorm = 0.3402, lr_0 = 2.3731e-04
Loss = 1.0020e-02, PNorm = 86.6812, GNorm = 0.2702, lr_0 = 2.3720e-04
Loss = 9.2788e-03, PNorm = 86.6815, GNorm = 0.2467, lr_0 = 2.3708e-04
Loss = 1.0870e-02, PNorm = 86.6814, GNorm = 0.1836, lr_0 = 2.3696e-04
Loss = 1.1565e-02, PNorm = 86.6815, GNorm = 0.3344, lr_0 = 2.3685e-04
Loss = 1.3601e-02, PNorm = 86.6806, GNorm = 0.1055, lr_0 = 2.3673e-04
Loss = 1.0186e-02, PNorm = 86.6804, GNorm = 0.1538, lr_0 = 2.3662e-04
Loss = 1.3345e-02, PNorm = 86.6814, GNorm = 0.3485, lr_0 = 2.3650e-04
Loss = 1.0883e-02, PNorm = 86.6819, GNorm = 0.2853, lr_0 = 2.3638e-04
Loss = 1.0472e-02, PNorm = 86.6829, GNorm = 0.2281, lr_0 = 2.3627e-04
Loss = 5.7721e-03, PNorm = 86.6840, GNorm = 0.3396, lr_0 = 2.3615e-04
Loss = 1.1327e-02, PNorm = 86.6856, GNorm = 0.3793, lr_0 = 2.3604e-04
Loss = 1.3220e-02, PNorm = 86.6882, GNorm = 0.2115, lr_0 = 2.3592e-04
Loss = 1.6665e-02, PNorm = 86.6873, GNorm = 0.2271, lr_0 = 2.3580e-04
Loss = 1.1923e-02, PNorm = 86.6889, GNorm = 0.5248, lr_0 = 2.3569e-04
Loss = 1.2699e-02, PNorm = 86.6902, GNorm = 0.3138, lr_0 = 2.3557e-04
Loss = 9.9932e-03, PNorm = 86.6913, GNorm = 0.4627, lr_0 = 2.3546e-04
Loss = 1.1503e-02, PNorm = 86.6928, GNorm = 0.3354, lr_0 = 2.3534e-04
Loss = 1.0795e-02, PNorm = 86.6920, GNorm = 0.2976, lr_0 = 2.3523e-04
Loss = 1.0668e-02, PNorm = 86.6912, GNorm = 0.1512, lr_0 = 2.3511e-04
Loss = 1.3911e-02, PNorm = 86.6912, GNorm = 0.4724, lr_0 = 2.3500e-04
Loss = 1.2031e-02, PNorm = 86.6916, GNorm = 0.2411, lr_0 = 2.3488e-04
Loss = 1.2944e-02, PNorm = 86.6926, GNorm = 0.7621, lr_0 = 2.3477e-04
Loss = 1.2333e-02, PNorm = 86.6919, GNorm = 0.2392, lr_0 = 2.3465e-04
Loss = 1.2954e-02, PNorm = 86.6934, GNorm = 0.1765, lr_0 = 2.3454e-04
Loss = 1.2030e-02, PNorm = 86.6941, GNorm = 0.3800, lr_0 = 2.3442e-04
Loss = 1.1884e-02, PNorm = 86.6955, GNorm = 0.7460, lr_0 = 2.3431e-04
Loss = 1.3393e-02, PNorm = 86.6971, GNorm = 0.5135, lr_0 = 2.3419e-04
Loss = 1.1766e-02, PNorm = 86.6988, GNorm = 0.3980, lr_0 = 2.3408e-04
Loss = 1.0211e-02, PNorm = 86.6996, GNorm = 0.1975, lr_0 = 2.3396e-04
Loss = 1.3058e-02, PNorm = 86.7004, GNorm = 0.2345, lr_0 = 2.3385e-04
Loss = 1.2103e-02, PNorm = 86.7001, GNorm = 0.2751, lr_0 = 2.3373e-04
Loss = 1.5812e-02, PNorm = 86.7000, GNorm = 0.3255, lr_0 = 2.3362e-04
Loss = 1.4322e-02, PNorm = 86.7000, GNorm = 0.3907, lr_0 = 2.3351e-04
Loss = 1.2026e-02, PNorm = 86.7017, GNorm = 0.1495, lr_0 = 2.3339e-04
Loss = 1.3643e-02, PNorm = 86.7008, GNorm = 0.1069, lr_0 = 2.3328e-04
Loss = 9.9889e-03, PNorm = 86.7013, GNorm = 0.1773, lr_0 = 2.3316e-04
Loss = 1.1525e-02, PNorm = 86.7026, GNorm = 0.4583, lr_0 = 2.3305e-04
Loss = 1.2338e-02, PNorm = 86.7044, GNorm = 0.5512, lr_0 = 2.3293e-04
Loss = 1.2133e-02, PNorm = 86.7062, GNorm = 0.4425, lr_0 = 2.3282e-04
Loss = 9.0930e-03, PNorm = 86.7075, GNorm = 0.1841, lr_0 = 2.3271e-04
Loss = 1.3563e-02, PNorm = 86.7074, GNorm = 0.3220, lr_0 = 2.3259e-04
Loss = 8.4427e-03, PNorm = 86.7075, GNorm = 0.1534, lr_0 = 2.3248e-04
Loss = 1.0795e-02, PNorm = 86.7078, GNorm = 0.1653, lr_0 = 2.3236e-04
Loss = 1.1051e-02, PNorm = 86.7090, GNorm = 0.2034, lr_0 = 2.3225e-04
Loss = 1.1312e-02, PNorm = 86.7106, GNorm = 0.4282, lr_0 = 2.3214e-04
Loss = 7.9549e-03, PNorm = 86.7112, GNorm = 0.4575, lr_0 = 2.3202e-04
Loss = 1.2644e-02, PNorm = 86.7106, GNorm = 0.4751, lr_0 = 2.3191e-04
Loss = 1.5556e-02, PNorm = 86.7111, GNorm = 0.1481, lr_0 = 2.3180e-04
Loss = 1.5412e-02, PNorm = 86.7133, GNorm = 0.2846, lr_0 = 2.3168e-04
Loss = 1.3166e-02, PNorm = 86.7142, GNorm = 0.1449, lr_0 = 2.3157e-04
Loss = 1.0487e-02, PNorm = 86.7157, GNorm = 0.1963, lr_0 = 2.3145e-04
Loss = 1.3649e-02, PNorm = 86.7184, GNorm = 0.3282, lr_0 = 2.3134e-04
Loss = 1.8922e-02, PNorm = 86.7195, GNorm = 0.5725, lr_0 = 2.3123e-04
Loss = 8.1685e-03, PNorm = 86.7196, GNorm = 0.3816, lr_0 = 2.3111e-04
Loss = 1.1166e-02, PNorm = 86.7208, GNorm = 0.3570, lr_0 = 2.3100e-04
Loss = 1.3457e-02, PNorm = 86.7208, GNorm = 0.2109, lr_0 = 2.3089e-04
Loss = 1.1884e-02, PNorm = 86.7203, GNorm = 0.3208, lr_0 = 2.3078e-04
Loss = 1.2879e-02, PNorm = 86.7215, GNorm = 0.4249, lr_0 = 2.3066e-04
Loss = 1.0515e-02, PNorm = 86.7232, GNorm = 0.4077, lr_0 = 2.3055e-04
Loss = 9.7751e-03, PNorm = 86.7231, GNorm = 0.2213, lr_0 = 2.3044e-04
Loss = 8.2287e-03, PNorm = 86.7247, GNorm = 0.1151, lr_0 = 2.3032e-04
Loss = 1.3198e-02, PNorm = 86.7256, GNorm = 0.4441, lr_0 = 2.3021e-04
Loss = 1.0390e-02, PNorm = 86.7265, GNorm = 0.4390, lr_0 = 2.3010e-04
Loss = 1.2996e-02, PNorm = 86.7285, GNorm = 0.2260, lr_0 = 2.2999e-04
Loss = 9.6921e-03, PNorm = 86.7303, GNorm = 0.1639, lr_0 = 2.2987e-04
Loss = 9.7233e-03, PNorm = 86.7319, GNorm = 0.2165, lr_0 = 2.2976e-04
Loss = 1.1494e-02, PNorm = 86.7311, GNorm = 0.5028, lr_0 = 2.2965e-04
Loss = 1.6940e-02, PNorm = 86.7288, GNorm = 0.3239, lr_0 = 2.2953e-04
Loss = 9.7395e-03, PNorm = 86.7298, GNorm = 0.1173, lr_0 = 2.2942e-04
Loss = 1.1834e-02, PNorm = 86.7308, GNorm = 0.3100, lr_0 = 2.2931e-04
Loss = 1.1963e-02, PNorm = 86.7318, GNorm = 0.1473, lr_0 = 2.2920e-04
Loss = 1.3849e-02, PNorm = 86.7343, GNorm = 0.7687, lr_0 = 2.2909e-04
Loss = 1.3106e-02, PNorm = 86.7363, GNorm = 0.2427, lr_0 = 2.2897e-04
Loss = 1.2105e-02, PNorm = 86.7376, GNorm = 0.2491, lr_0 = 2.2886e-04
Loss = 9.5426e-03, PNorm = 86.7384, GNorm = 0.1829, lr_0 = 2.2875e-04
Loss = 1.0144e-02, PNorm = 86.7388, GNorm = 0.0930, lr_0 = 2.2864e-04
Loss = 1.1654e-02, PNorm = 86.7389, GNorm = 0.1559, lr_0 = 2.2852e-04
Loss = 1.3681e-02, PNorm = 86.7394, GNorm = 0.5779, lr_0 = 2.2841e-04
Loss = 1.2116e-02, PNorm = 86.7410, GNorm = 0.2738, lr_0 = 2.2830e-04
Loss = 9.7706e-03, PNorm = 86.7408, GNorm = 0.3570, lr_0 = 2.2819e-04
Loss = 1.3646e-02, PNorm = 86.7415, GNorm = 0.4808, lr_0 = 2.2808e-04
Loss = 1.2951e-02, PNorm = 86.7436, GNorm = 0.4444, lr_0 = 2.2797e-04
Loss = 9.0540e-03, PNorm = 86.7442, GNorm = 0.1476, lr_0 = 2.2785e-04
Loss = 8.2462e-03, PNorm = 86.7461, GNorm = 0.1801, lr_0 = 2.2774e-04
Loss = 1.0808e-02, PNorm = 86.7479, GNorm = 0.8438, lr_0 = 2.2763e-04
Loss = 1.2108e-02, PNorm = 86.7477, GNorm = 0.1159, lr_0 = 2.2752e-04
Loss = 1.2635e-02, PNorm = 86.7480, GNorm = 0.5485, lr_0 = 2.2741e-04
Loss = 1.2046e-02, PNorm = 86.7485, GNorm = 0.2101, lr_0 = 2.2730e-04
Loss = 1.0030e-02, PNorm = 86.7497, GNorm = 0.3696, lr_0 = 2.2719e-04
Loss = 1.2977e-02, PNorm = 86.7512, GNorm = 0.2972, lr_0 = 2.2707e-04
Loss = 1.0448e-02, PNorm = 86.7528, GNorm = 0.5111, lr_0 = 2.2696e-04
Loss = 9.5423e-03, PNorm = 86.7529, GNorm = 0.1753, lr_0 = 2.2685e-04
Loss = 1.3308e-02, PNorm = 86.7534, GNorm = 0.4938, lr_0 = 2.2674e-04
Loss = 1.1108e-02, PNorm = 86.7535, GNorm = 0.2520, lr_0 = 2.2663e-04
Loss = 1.1619e-02, PNorm = 86.7539, GNorm = 0.1819, lr_0 = 2.2652e-04
Loss = 1.0159e-02, PNorm = 86.7546, GNorm = 0.2061, lr_0 = 2.2641e-04
Loss = 1.4144e-02, PNorm = 86.7541, GNorm = 0.1237, lr_0 = 2.2630e-04
Loss = 9.9501e-03, PNorm = 86.7544, GNorm = 0.1035, lr_0 = 2.2619e-04
Loss = 1.3898e-02, PNorm = 86.7544, GNorm = 0.6374, lr_0 = 2.2607e-04
Loss = 1.0324e-02, PNorm = 86.7540, GNorm = 0.1768, lr_0 = 2.2596e-04
Loss = 7.7035e-03, PNorm = 86.7551, GNorm = 0.2210, lr_0 = 2.2585e-04
Loss = 1.3126e-02, PNorm = 86.7560, GNorm = 0.4790, lr_0 = 2.2574e-04
Loss = 1.5239e-02, PNorm = 86.7581, GNorm = 0.3777, lr_0 = 2.2563e-04
Loss = 1.2865e-02, PNorm = 86.7598, GNorm = 0.6997, lr_0 = 2.2552e-04
Loss = 1.2062e-02, PNorm = 86.7609, GNorm = 0.5189, lr_0 = 2.2541e-04
Loss = 9.6412e-03, PNorm = 86.7613, GNorm = 0.0976, lr_0 = 2.2530e-04
Loss = 9.2913e-03, PNorm = 86.7616, GNorm = 0.0541, lr_0 = 2.2519e-04
Loss = 1.4263e-02, PNorm = 86.7631, GNorm = 0.1412, lr_0 = 2.2508e-04
Loss = 1.3137e-02, PNorm = 86.7643, GNorm = 0.5170, lr_0 = 2.2497e-04
Loss = 1.5109e-02, PNorm = 86.7645, GNorm = 0.2322, lr_0 = 2.2486e-04
Loss = 1.3531e-02, PNorm = 86.7648, GNorm = 0.2514, lr_0 = 2.2475e-04
Loss = 1.3065e-02, PNorm = 86.7667, GNorm = 0.2679, lr_0 = 2.2464e-04
Loss = 1.3634e-02, PNorm = 86.7672, GNorm = 0.6134, lr_0 = 2.2453e-04
Loss = 1.5969e-02, PNorm = 86.7691, GNorm = 0.5882, lr_0 = 2.2442e-04
Loss = 1.2687e-02, PNorm = 86.7698, GNorm = 0.0790, lr_0 = 2.2431e-04
Loss = 1.1764e-02, PNorm = 86.7692, GNorm = 0.5033, lr_0 = 2.2420e-04
Loss = 1.2202e-02, PNorm = 86.7691, GNorm = 0.8268, lr_0 = 2.2409e-04
Loss = 9.7741e-03, PNorm = 86.7705, GNorm = 0.6985, lr_0 = 2.2398e-04
Loss = 1.2534e-02, PNorm = 86.7712, GNorm = 0.2028, lr_0 = 2.2387e-04
Loss = 7.4344e-03, PNorm = 86.7706, GNorm = 0.1128, lr_0 = 2.2376e-04
Loss = 1.3763e-02, PNorm = 86.7694, GNorm = 0.3970, lr_0 = 2.2365e-04
Loss = 1.2622e-02, PNorm = 86.7696, GNorm = 0.1978, lr_0 = 2.2354e-04
Loss = 1.0693e-02, PNorm = 86.7706, GNorm = 0.3033, lr_0 = 2.2343e-04
Loss = 1.2059e-02, PNorm = 86.7710, GNorm = 0.3313, lr_0 = 2.2332e-04
Loss = 1.0636e-02, PNorm = 86.7712, GNorm = 0.2076, lr_0 = 2.2321e-04
Loss = 1.0576e-02, PNorm = 86.7714, GNorm = 0.3877, lr_0 = 2.2310e-04
Loss = 1.2554e-02, PNorm = 86.7718, GNorm = 0.2539, lr_0 = 2.2299e-04
Loss = 1.2079e-02, PNorm = 86.7721, GNorm = 0.2524, lr_0 = 2.2288e-04
Loss = 9.9959e-03, PNorm = 86.7731, GNorm = 0.1128, lr_0 = 2.2278e-04
Loss = 7.1353e-03, PNorm = 86.7730, GNorm = 0.2023, lr_0 = 2.2267e-04
Loss = 1.0993e-02, PNorm = 86.7750, GNorm = 0.1719, lr_0 = 2.2256e-04
Loss = 8.7398e-03, PNorm = 86.7752, GNorm = 0.4210, lr_0 = 2.2245e-04
Loss = 8.8964e-03, PNorm = 86.7756, GNorm = 0.0888, lr_0 = 2.2234e-04
Loss = 8.8556e-03, PNorm = 86.7765, GNorm = 0.4635, lr_0 = 2.2223e-04
Loss = 1.0216e-02, PNorm = 86.7774, GNorm = 0.5012, lr_0 = 2.2212e-04
Loss = 1.0870e-02, PNorm = 86.7783, GNorm = 0.1009, lr_0 = 2.2201e-04
Loss = 7.7249e-03, PNorm = 86.7788, GNorm = 0.1831, lr_0 = 2.2190e-04
Loss = 1.2682e-02, PNorm = 86.7795, GNorm = 0.5078, lr_0 = 2.2180e-04
Loss = 1.1058e-02, PNorm = 86.7810, GNorm = 0.4241, lr_0 = 2.2169e-04
Loss = 1.3615e-02, PNorm = 86.7819, GNorm = 0.3972, lr_0 = 2.2158e-04
Loss = 7.9549e-03, PNorm = 86.7836, GNorm = 0.3680, lr_0 = 2.2147e-04
Loss = 1.4023e-02, PNorm = 86.7833, GNorm = 0.2219, lr_0 = 2.2136e-04
Loss = 1.1168e-02, PNorm = 86.7823, GNorm = 0.3191, lr_0 = 2.2125e-04
Loss = 1.3284e-02, PNorm = 86.7824, GNorm = 0.2891, lr_0 = 2.2114e-04
Loss = 1.2162e-02, PNorm = 86.7824, GNorm = 0.3600, lr_0 = 2.2104e-04
Loss = 1.3972e-02, PNorm = 86.7831, GNorm = 0.2509, lr_0 = 2.2093e-04
Loss = 1.1545e-02, PNorm = 86.7842, GNorm = 0.2579, lr_0 = 2.2082e-04
Loss = 9.0276e-03, PNorm = 86.7864, GNorm = 0.2110, lr_0 = 2.2071e-04
Loss = 1.1128e-02, PNorm = 86.7882, GNorm = 0.3988, lr_0 = 2.2060e-04
Loss = 1.0028e-02, PNorm = 86.7882, GNorm = 0.1051, lr_0 = 2.2050e-04
Loss = 9.3756e-03, PNorm = 86.7881, GNorm = 0.1754, lr_0 = 2.2039e-04
Loss = 1.3281e-02, PNorm = 86.7872, GNorm = 0.2403, lr_0 = 2.2028e-04
Loss = 1.3549e-02, PNorm = 86.7886, GNorm = 0.1932, lr_0 = 2.2017e-04
Loss = 1.2223e-02, PNorm = 86.7900, GNorm = 0.3437, lr_0 = 2.2006e-04
Loss = 1.2654e-02, PNorm = 86.7900, GNorm = 0.3628, lr_0 = 2.1996e-04
Loss = 1.2019e-02, PNorm = 86.7907, GNorm = 0.2641, lr_0 = 2.1985e-04
Loss = 1.3249e-02, PNorm = 86.7910, GNorm = 0.3387, lr_0 = 2.1974e-04
Loss = 1.1645e-02, PNorm = 86.7908, GNorm = 0.2917, lr_0 = 2.1963e-04
Loss = 1.0068e-02, PNorm = 86.7920, GNorm = 0.1199, lr_0 = 2.1952e-04
Loss = 1.1845e-02, PNorm = 86.7919, GNorm = 0.3452, lr_0 = 2.1942e-04
Loss = 9.4476e-03, PNorm = 86.7929, GNorm = 0.2340, lr_0 = 2.1931e-04
Loss = 1.1415e-02, PNorm = 86.7942, GNorm = 0.0869, lr_0 = 2.1920e-04
Loss = 1.3252e-02, PNorm = 86.7943, GNorm = 0.2065, lr_0 = 2.1909e-04
Loss = 1.0991e-02, PNorm = 86.7947, GNorm = 0.4409, lr_0 = 2.1899e-04
Loss = 1.4420e-02, PNorm = 86.7942, GNorm = 0.8728, lr_0 = 2.1888e-04
Loss = 1.1764e-02, PNorm = 86.7950, GNorm = 0.5851, lr_0 = 2.1877e-04
Loss = 1.4994e-02, PNorm = 86.7958, GNorm = 0.2073, lr_0 = 2.1867e-04
Loss = 1.2377e-02, PNorm = 86.7957, GNorm = 0.2441, lr_0 = 2.1856e-04
Loss = 9.2293e-03, PNorm = 86.7956, GNorm = 0.1589, lr_0 = 2.1845e-04
Loss = 9.2071e-03, PNorm = 86.7959, GNorm = 0.3844, lr_0 = 2.1834e-04
Loss = 1.1822e-02, PNorm = 86.7959, GNorm = 0.2573, lr_0 = 2.1824e-04
Loss = 1.0077e-02, PNorm = 86.7965, GNorm = 0.4022, lr_0 = 2.1813e-04
Loss = 9.9680e-03, PNorm = 86.7975, GNorm = 0.3151, lr_0 = 2.1802e-04
Loss = 1.1717e-02, PNorm = 86.7982, GNorm = 0.2086, lr_0 = 2.1792e-04
Loss = 1.3407e-02, PNorm = 86.7991, GNorm = 0.2484, lr_0 = 2.1781e-04
Loss = 1.0426e-02, PNorm = 86.8016, GNorm = 0.3026, lr_0 = 2.1770e-04
Loss = 1.3397e-02, PNorm = 86.8034, GNorm = 0.4841, lr_0 = 2.1760e-04
Loss = 1.2168e-02, PNorm = 86.8057, GNorm = 0.2366, lr_0 = 2.1749e-04
Loss = 1.0622e-02, PNorm = 86.8055, GNorm = 0.1750, lr_0 = 2.1738e-04
Loss = 1.3581e-02, PNorm = 86.8058, GNorm = 0.1358, lr_0 = 2.1728e-04
Loss = 9.8607e-03, PNorm = 86.8063, GNorm = 0.0937, lr_0 = 2.1717e-04
Loss = 1.1740e-02, PNorm = 86.8075, GNorm = 0.6334, lr_0 = 2.1706e-04
Loss = 1.2577e-02, PNorm = 86.8088, GNorm = 0.5009, lr_0 = 2.1696e-04
Loss = 1.2649e-02, PNorm = 86.8101, GNorm = 0.4068, lr_0 = 2.1685e-04
Loss = 1.1932e-02, PNorm = 86.8104, GNorm = 0.1844, lr_0 = 2.1675e-04
Loss = 1.0269e-02, PNorm = 86.8111, GNorm = 0.3125, lr_0 = 2.1664e-04
Loss = 1.0800e-02, PNorm = 86.8114, GNorm = 0.1315, lr_0 = 2.1653e-04
Loss = 1.0681e-02, PNorm = 86.8127, GNorm = 0.8266, lr_0 = 2.1643e-04
Loss = 1.2148e-02, PNorm = 86.8132, GNorm = 0.5500, lr_0 = 2.1632e-04
Loss = 1.2287e-02, PNorm = 86.8139, GNorm = 0.3077, lr_0 = 2.1622e-04
Loss = 9.9487e-03, PNorm = 86.8147, GNorm = 0.2070, lr_0 = 2.1611e-04
Loss = 1.3187e-02, PNorm = 86.8156, GNorm = 0.3925, lr_0 = 2.1600e-04
Loss = 1.1682e-02, PNorm = 86.8161, GNorm = 0.1833, lr_0 = 2.1590e-04
Loss = 1.1709e-02, PNorm = 86.8172, GNorm = 0.1993, lr_0 = 2.1579e-04
Loss = 1.2001e-02, PNorm = 86.8176, GNorm = 0.4481, lr_0 = 2.1569e-04
Loss = 1.2555e-02, PNorm = 86.8189, GNorm = 0.1698, lr_0 = 2.1558e-04
Loss = 1.4162e-02, PNorm = 86.8189, GNorm = 0.3293, lr_0 = 2.1548e-04
Validation r2 = 0.988409
Epoch 4
Loss = 1.0820e-02, PNorm = 86.8186, GNorm = 0.2228, lr_0 = 2.1537e-04
Loss = 1.6711e-02, PNorm = 86.8190, GNorm = 0.7072, lr_0 = 2.1526e-04
Loss = 1.3789e-02, PNorm = 86.8204, GNorm = 0.1530, lr_0 = 2.1516e-04
Loss = 1.2696e-02, PNorm = 86.8219, GNorm = 0.1948, lr_0 = 2.1505e-04
Loss = 1.4300e-02, PNorm = 86.8231, GNorm = 0.1524, lr_0 = 2.1495e-04
Loss = 1.2252e-02, PNorm = 86.8234, GNorm = 0.2681, lr_0 = 2.1484e-04
Loss = 1.0839e-02, PNorm = 86.8253, GNorm = 0.4808, lr_0 = 2.1474e-04
Loss = 1.2251e-02, PNorm = 86.8263, GNorm = 0.1280, lr_0 = 2.1463e-04
Loss = 1.2361e-02, PNorm = 86.8282, GNorm = 0.4768, lr_0 = 2.1453e-04
Loss = 1.3839e-02, PNorm = 86.8282, GNorm = 0.2389, lr_0 = 2.1442e-04
Loss = 1.1137e-02, PNorm = 86.8293, GNorm = 0.2927, lr_0 = 2.1432e-04
Loss = 8.4605e-03, PNorm = 86.8303, GNorm = 0.1890, lr_0 = 2.1421e-04
Loss = 1.0689e-02, PNorm = 86.8293, GNorm = 0.1034, lr_0 = 2.1411e-04
Loss = 1.2839e-02, PNorm = 86.8292, GNorm = 0.6906, lr_0 = 2.1400e-04
Loss = 1.0589e-02, PNorm = 86.8307, GNorm = 0.3539, lr_0 = 2.1390e-04
Loss = 1.0506e-02, PNorm = 86.8316, GNorm = 0.1327, lr_0 = 2.1379e-04
Loss = 9.0912e-03, PNorm = 86.8321, GNorm = 0.1402, lr_0 = 2.1369e-04
Loss = 9.8084e-03, PNorm = 86.8329, GNorm = 0.1427, lr_0 = 2.1358e-04
Loss = 1.4045e-02, PNorm = 86.8329, GNorm = 0.2379, lr_0 = 2.1348e-04
Loss = 1.2633e-02, PNorm = 86.8329, GNorm = 0.1664, lr_0 = 2.1337e-04
Loss = 1.2374e-02, PNorm = 86.8339, GNorm = 0.4116, lr_0 = 2.1327e-04
Loss = 1.2996e-02, PNorm = 86.8338, GNorm = 0.3585, lr_0 = 2.1316e-04
Loss = 1.2673e-02, PNorm = 86.8350, GNorm = 0.2864, lr_0 = 2.1306e-04
Loss = 8.5768e-03, PNorm = 86.8349, GNorm = 0.3122, lr_0 = 2.1296e-04
Loss = 1.5012e-02, PNorm = 86.8358, GNorm = 0.1413, lr_0 = 2.1285e-04
Loss = 8.9338e-03, PNorm = 86.8363, GNorm = 0.6237, lr_0 = 2.1275e-04
Loss = 8.3968e-03, PNorm = 86.8375, GNorm = 0.1282, lr_0 = 2.1264e-04
Loss = 7.8334e-03, PNorm = 86.8375, GNorm = 0.0642, lr_0 = 2.1254e-04
Loss = 1.6881e-02, PNorm = 86.8372, GNorm = 0.2025, lr_0 = 2.1243e-04
Loss = 1.1647e-02, PNorm = 86.8369, GNorm = 0.1384, lr_0 = 2.1233e-04
Loss = 1.2522e-02, PNorm = 86.8367, GNorm = 0.0856, lr_0 = 2.1223e-04
Loss = 8.9479e-03, PNorm = 86.8372, GNorm = 0.0927, lr_0 = 2.1212e-04
Loss = 1.2679e-02, PNorm = 86.8380, GNorm = 0.1493, lr_0 = 2.1202e-04
Loss = 1.2348e-02, PNorm = 86.8399, GNorm = 0.2229, lr_0 = 2.1192e-04
Loss = 1.2073e-02, PNorm = 86.8411, GNorm = 0.1724, lr_0 = 2.1181e-04
Loss = 9.9843e-03, PNorm = 86.8410, GNorm = 0.3497, lr_0 = 2.1171e-04
Loss = 8.2825e-03, PNorm = 86.8403, GNorm = 0.1541, lr_0 = 2.1160e-04
Loss = 1.1310e-02, PNorm = 86.8422, GNorm = 0.1362, lr_0 = 2.1150e-04
Loss = 1.2997e-02, PNorm = 86.8441, GNorm = 0.4422, lr_0 = 2.1140e-04
Loss = 1.3593e-02, PNorm = 86.8460, GNorm = 0.3839, lr_0 = 2.1129e-04
Loss = 1.1774e-02, PNorm = 86.8457, GNorm = 0.0984, lr_0 = 2.1119e-04
Loss = 9.4666e-03, PNorm = 86.8462, GNorm = 0.2145, lr_0 = 2.1109e-04
Loss = 1.0770e-02, PNorm = 86.8472, GNorm = 0.3712, lr_0 = 2.1098e-04
Loss = 1.1711e-02, PNorm = 86.8486, GNorm = 0.1181, lr_0 = 2.1088e-04
Loss = 1.0156e-02, PNorm = 86.8497, GNorm = 0.4531, lr_0 = 2.1078e-04
Loss = 1.0694e-02, PNorm = 86.8496, GNorm = 0.1431, lr_0 = 2.1067e-04
Loss = 1.0025e-02, PNorm = 86.8508, GNorm = 0.4466, lr_0 = 2.1057e-04
Loss = 9.8735e-03, PNorm = 86.8507, GNorm = 0.5713, lr_0 = 2.1047e-04
Loss = 1.0864e-02, PNorm = 86.8496, GNorm = 0.2281, lr_0 = 2.1036e-04
Loss = 1.0054e-02, PNorm = 86.8490, GNorm = 0.3531, lr_0 = 2.1026e-04
Loss = 1.0463e-02, PNorm = 86.8493, GNorm = 0.1292, lr_0 = 2.1016e-04
Loss = 1.2982e-02, PNorm = 86.8506, GNorm = 0.2106, lr_0 = 2.1005e-04
Loss = 1.2633e-02, PNorm = 86.8519, GNorm = 0.1025, lr_0 = 2.0995e-04
Loss = 1.1613e-02, PNorm = 86.8529, GNorm = 0.1993, lr_0 = 2.0985e-04
Loss = 1.3379e-02, PNorm = 86.8539, GNorm = 0.2992, lr_0 = 2.0975e-04
Loss = 1.3420e-02, PNorm = 86.8533, GNorm = 0.4387, lr_0 = 2.0964e-04
Loss = 1.0612e-02, PNorm = 86.8551, GNorm = 0.1664, lr_0 = 2.0954e-04
Loss = 8.3051e-03, PNorm = 86.8563, GNorm = 0.2261, lr_0 = 2.0944e-04
Loss = 1.1437e-02, PNorm = 86.8568, GNorm = 0.4037, lr_0 = 2.0933e-04
Loss = 1.4575e-02, PNorm = 86.8576, GNorm = 0.1758, lr_0 = 2.0923e-04
Loss = 1.1912e-02, PNorm = 86.8590, GNorm = 0.2163, lr_0 = 2.0913e-04
Loss = 1.0763e-02, PNorm = 86.8613, GNorm = 0.1816, lr_0 = 2.0903e-04
Loss = 1.0430e-02, PNorm = 86.8623, GNorm = 0.7673, lr_0 = 2.0893e-04
Loss = 1.2500e-02, PNorm = 86.8627, GNorm = 0.1741, lr_0 = 2.0882e-04
Loss = 9.9657e-03, PNorm = 86.8640, GNorm = 0.5653, lr_0 = 2.0872e-04
Loss = 1.1109e-02, PNorm = 86.8647, GNorm = 0.1550, lr_0 = 2.0862e-04
Loss = 1.1627e-02, PNorm = 86.8660, GNorm = 0.2044, lr_0 = 2.0852e-04
Loss = 1.3497e-02, PNorm = 86.8676, GNorm = 0.3615, lr_0 = 2.0841e-04
Loss = 9.4239e-03, PNorm = 86.8673, GNorm = 0.1668, lr_0 = 2.0831e-04
Loss = 8.8152e-03, PNorm = 86.8677, GNorm = 0.1428, lr_0 = 2.0821e-04
Loss = 1.3591e-02, PNorm = 86.8681, GNorm = 0.1593, lr_0 = 2.0811e-04
Loss = 1.2354e-02, PNorm = 86.8684, GNorm = 0.4865, lr_0 = 2.0801e-04
Loss = 1.0241e-02, PNorm = 86.8697, GNorm = 0.1729, lr_0 = 2.0790e-04
Loss = 1.0307e-02, PNorm = 86.8708, GNorm = 0.0663, lr_0 = 2.0780e-04
Loss = 1.0972e-02, PNorm = 86.8715, GNorm = 0.6022, lr_0 = 2.0770e-04
Loss = 7.4066e-03, PNorm = 86.8710, GNorm = 0.1445, lr_0 = 2.0760e-04
Loss = 1.3248e-02, PNorm = 86.8704, GNorm = 0.2141, lr_0 = 2.0750e-04
Loss = 1.3636e-02, PNorm = 86.8706, GNorm = 0.1025, lr_0 = 2.0740e-04
Loss = 9.8790e-03, PNorm = 86.8700, GNorm = 0.0639, lr_0 = 2.0729e-04
Loss = 1.1712e-02, PNorm = 86.8702, GNorm = 0.1854, lr_0 = 2.0719e-04
Loss = 1.2650e-02, PNorm = 86.8726, GNorm = 0.3242, lr_0 = 2.0709e-04
Loss = 1.4142e-02, PNorm = 86.8722, GNorm = 0.2956, lr_0 = 2.0699e-04
Loss = 1.4719e-02, PNorm = 86.8720, GNorm = 0.2750, lr_0 = 2.0689e-04
Loss = 1.4871e-02, PNorm = 86.8722, GNorm = 0.2385, lr_0 = 2.0679e-04
Loss = 1.1900e-02, PNorm = 86.8724, GNorm = 0.2544, lr_0 = 2.0669e-04
Loss = 1.1917e-02, PNorm = 86.8723, GNorm = 0.0891, lr_0 = 2.0658e-04
Loss = 1.2786e-02, PNorm = 86.8724, GNorm = 0.6604, lr_0 = 2.0648e-04
Loss = 9.6224e-03, PNorm = 86.8747, GNorm = 0.4225, lr_0 = 2.0638e-04
Loss = 1.0633e-02, PNorm = 86.8763, GNorm = 0.1890, lr_0 = 2.0628e-04
Loss = 1.3501e-02, PNorm = 86.8763, GNorm = 0.1709, lr_0 = 2.0618e-04
Loss = 1.2897e-02, PNorm = 86.8760, GNorm = 0.8524, lr_0 = 2.0608e-04
Loss = 1.1523e-02, PNorm = 86.8767, GNorm = 0.3105, lr_0 = 2.0598e-04
Loss = 1.0071e-02, PNorm = 86.8770, GNorm = 0.4889, lr_0 = 2.0588e-04
Loss = 1.1032e-02, PNorm = 86.8766, GNorm = 0.7599, lr_0 = 2.0578e-04
Loss = 9.3768e-03, PNorm = 86.8763, GNorm = 0.1425, lr_0 = 2.0567e-04
Loss = 9.1872e-03, PNorm = 86.8760, GNorm = 0.0922, lr_0 = 2.0557e-04
Loss = 8.8965e-03, PNorm = 86.8771, GNorm = 0.7464, lr_0 = 2.0547e-04
Loss = 7.6153e-03, PNorm = 86.8770, GNorm = 0.1016, lr_0 = 2.0537e-04
Loss = 1.1397e-02, PNorm = 86.8779, GNorm = 0.6258, lr_0 = 2.0527e-04
Loss = 1.2572e-02, PNorm = 86.8787, GNorm = 0.2610, lr_0 = 2.0517e-04
Loss = 1.0444e-02, PNorm = 86.8799, GNorm = 0.2020, lr_0 = 2.0507e-04
Loss = 1.1882e-02, PNorm = 86.8805, GNorm = 0.3150, lr_0 = 2.0497e-04
Loss = 1.3967e-02, PNorm = 86.8824, GNorm = 0.1018, lr_0 = 2.0487e-04
Loss = 1.4380e-02, PNorm = 86.8847, GNorm = 0.1640, lr_0 = 2.0477e-04
Loss = 1.1641e-02, PNorm = 86.8852, GNorm = 0.3192, lr_0 = 2.0467e-04
Loss = 1.0603e-02, PNorm = 86.8872, GNorm = 0.1849, lr_0 = 2.0457e-04
Loss = 8.3915e-03, PNorm = 86.8886, GNorm = 0.1720, lr_0 = 2.0447e-04
Loss = 1.2130e-02, PNorm = 86.8890, GNorm = 0.2523, lr_0 = 2.0437e-04
Loss = 1.2093e-02, PNorm = 86.8892, GNorm = 0.2326, lr_0 = 2.0427e-04
Loss = 1.1844e-02, PNorm = 86.8905, GNorm = 0.4004, lr_0 = 2.0417e-04
Loss = 1.0767e-02, PNorm = 86.8923, GNorm = 0.1068, lr_0 = 2.0407e-04
Loss = 1.3594e-02, PNorm = 86.8934, GNorm = 0.2137, lr_0 = 2.0397e-04
Loss = 1.2202e-02, PNorm = 86.8937, GNorm = 0.1610, lr_0 = 2.0387e-04
Loss = 1.0762e-02, PNorm = 86.8943, GNorm = 0.1609, lr_0 = 2.0377e-04
Loss = 1.0532e-02, PNorm = 86.8948, GNorm = 0.0640, lr_0 = 2.0367e-04
Loss = 1.0225e-02, PNorm = 86.8940, GNorm = 0.2008, lr_0 = 2.0357e-04
Loss = 1.2661e-02, PNorm = 86.8926, GNorm = 0.1745, lr_0 = 2.0347e-04
Loss = 1.0791e-02, PNorm = 86.8924, GNorm = 0.3760, lr_0 = 2.0337e-04
Loss = 9.5440e-03, PNorm = 86.8926, GNorm = 0.3496, lr_0 = 2.0327e-04
Loss = 1.2602e-02, PNorm = 86.8928, GNorm = 0.1291, lr_0 = 2.0317e-04
Loss = 1.4574e-02, PNorm = 86.8932, GNorm = 0.6731, lr_0 = 2.0307e-04
Loss = 9.2105e-03, PNorm = 86.8932, GNorm = 0.3554, lr_0 = 2.0297e-04
Loss = 1.4239e-02, PNorm = 86.8930, GNorm = 0.2125, lr_0 = 2.0287e-04
Loss = 1.6054e-02, PNorm = 86.8939, GNorm = 0.1937, lr_0 = 2.0277e-04
Loss = 1.2236e-02, PNorm = 86.8958, GNorm = 0.3114, lr_0 = 2.0267e-04
Loss = 8.7518e-03, PNorm = 86.8970, GNorm = 0.5372, lr_0 = 2.0257e-04
Loss = 7.6698e-03, PNorm = 86.8954, GNorm = 0.1390, lr_0 = 2.0247e-04
Loss = 1.1034e-02, PNorm = 86.8953, GNorm = 0.1048, lr_0 = 2.0238e-04
Loss = 1.0313e-02, PNorm = 86.8961, GNorm = 0.1166, lr_0 = 2.0228e-04
Loss = 1.0733e-02, PNorm = 86.8969, GNorm = 0.1743, lr_0 = 2.0218e-04
Loss = 1.3925e-02, PNorm = 86.8974, GNorm = 0.4077, lr_0 = 2.0208e-04
Loss = 1.3733e-02, PNorm = 86.8986, GNorm = 0.2037, lr_0 = 2.0198e-04
Loss = 1.0415e-02, PNorm = 86.8988, GNorm = 0.3084, lr_0 = 2.0188e-04
Loss = 1.2769e-02, PNorm = 86.8988, GNorm = 0.2771, lr_0 = 2.0178e-04
Loss = 1.2651e-02, PNorm = 86.8999, GNorm = 0.4170, lr_0 = 2.0168e-04
Loss = 8.5060e-03, PNorm = 86.9014, GNorm = 0.3087, lr_0 = 2.0158e-04
Loss = 9.5809e-03, PNorm = 86.9021, GNorm = 0.1354, lr_0 = 2.0149e-04
Loss = 1.0271e-02, PNorm = 86.9031, GNorm = 0.2923, lr_0 = 2.0139e-04
Loss = 8.8470e-03, PNorm = 86.9034, GNorm = 0.1102, lr_0 = 2.0129e-04
Loss = 1.2826e-02, PNorm = 86.9046, GNorm = 0.2435, lr_0 = 2.0119e-04
Loss = 1.6130e-02, PNorm = 86.9055, GNorm = 0.2824, lr_0 = 2.0109e-04
Loss = 9.5061e-03, PNorm = 86.9060, GNorm = 0.1687, lr_0 = 2.0099e-04
Loss = 1.0735e-02, PNorm = 86.9067, GNorm = 0.4269, lr_0 = 2.0089e-04
Loss = 1.4452e-02, PNorm = 86.9073, GNorm = 0.1822, lr_0 = 2.0080e-04
Loss = 1.0261e-02, PNorm = 86.9080, GNorm = 0.3412, lr_0 = 2.0070e-04
Loss = 8.7311e-03, PNorm = 86.9107, GNorm = 0.2608, lr_0 = 2.0060e-04
Loss = 1.3046e-02, PNorm = 86.9130, GNorm = 0.2433, lr_0 = 2.0050e-04
Loss = 1.0003e-02, PNorm = 86.9141, GNorm = 0.1546, lr_0 = 2.0040e-04
Loss = 1.3799e-02, PNorm = 86.9153, GNorm = 0.3503, lr_0 = 2.0030e-04
Loss = 1.7420e-02, PNorm = 86.9151, GNorm = 1.1304, lr_0 = 2.0021e-04
Loss = 1.0698e-02, PNorm = 86.9150, GNorm = 0.2340, lr_0 = 2.0011e-04
Loss = 1.1675e-02, PNorm = 86.9150, GNorm = 0.7857, lr_0 = 2.0001e-04
Loss = 1.0635e-02, PNorm = 86.9164, GNorm = 0.2883, lr_0 = 1.9991e-04
Loss = 1.0088e-02, PNorm = 86.9182, GNorm = 0.1951, lr_0 = 1.9981e-04
Loss = 9.4236e-03, PNorm = 86.9184, GNorm = 0.1709, lr_0 = 1.9972e-04
Loss = 1.2256e-02, PNorm = 86.9192, GNorm = 0.3266, lr_0 = 1.9962e-04
Loss = 1.1176e-02, PNorm = 86.9200, GNorm = 0.2127, lr_0 = 1.9952e-04
Loss = 1.0775e-02, PNorm = 86.9202, GNorm = 0.3610, lr_0 = 1.9942e-04
Loss = 1.2134e-02, PNorm = 86.9206, GNorm = 0.4070, lr_0 = 1.9932e-04
Loss = 1.2727e-02, PNorm = 86.9196, GNorm = 0.1636, lr_0 = 1.9923e-04
Loss = 9.4951e-03, PNorm = 86.9207, GNorm = 0.1587, lr_0 = 1.9913e-04
Loss = 8.5059e-03, PNorm = 86.9215, GNorm = 0.4642, lr_0 = 1.9903e-04
Loss = 8.8120e-03, PNorm = 86.9217, GNorm = 0.2055, lr_0 = 1.9893e-04
Loss = 1.0147e-02, PNorm = 86.9229, GNorm = 0.1652, lr_0 = 1.9884e-04
Loss = 1.1749e-02, PNorm = 86.9234, GNorm = 0.2120, lr_0 = 1.9874e-04
Loss = 1.1868e-02, PNorm = 86.9235, GNorm = 0.1339, lr_0 = 1.9864e-04
Loss = 8.7844e-03, PNorm = 86.9241, GNorm = 0.2155, lr_0 = 1.9855e-04
Loss = 1.2092e-02, PNorm = 86.9241, GNorm = 0.5751, lr_0 = 1.9845e-04
Loss = 1.1643e-02, PNorm = 86.9240, GNorm = 0.3043, lr_0 = 1.9835e-04
Loss = 9.3368e-03, PNorm = 86.9245, GNorm = 0.2504, lr_0 = 1.9825e-04
Loss = 1.3199e-02, PNorm = 86.9241, GNorm = 0.3095, lr_0 = 1.9816e-04
Loss = 1.1995e-02, PNorm = 86.9243, GNorm = 0.1877, lr_0 = 1.9806e-04
Loss = 9.2074e-03, PNorm = 86.9247, GNorm = 0.1713, lr_0 = 1.9796e-04
Loss = 1.0321e-02, PNorm = 86.9246, GNorm = 0.1344, lr_0 = 1.9787e-04
Loss = 1.2196e-02, PNorm = 86.9252, GNorm = 0.3126, lr_0 = 1.9777e-04
Loss = 1.1027e-02, PNorm = 86.9255, GNorm = 0.3112, lr_0 = 1.9767e-04
Loss = 1.0405e-02, PNorm = 86.9254, GNorm = 0.3198, lr_0 = 1.9757e-04
Loss = 9.8331e-03, PNorm = 86.9255, GNorm = 0.2774, lr_0 = 1.9748e-04
Loss = 1.1086e-02, PNorm = 86.9263, GNorm = 0.1501, lr_0 = 1.9738e-04
Loss = 1.4128e-02, PNorm = 86.9279, GNorm = 0.5191, lr_0 = 1.9728e-04
Loss = 1.1893e-02, PNorm = 86.9283, GNorm = 0.1060, lr_0 = 1.9719e-04
Loss = 9.9658e-03, PNorm = 86.9283, GNorm = 0.4979, lr_0 = 1.9709e-04
Loss = 1.5437e-02, PNorm = 86.9297, GNorm = 0.6510, lr_0 = 1.9699e-04
Loss = 1.5904e-02, PNorm = 86.9305, GNorm = 0.7408, lr_0 = 1.9690e-04
Loss = 8.1069e-03, PNorm = 86.9314, GNorm = 0.1682, lr_0 = 1.9680e-04
Loss = 1.1845e-02, PNorm = 86.9309, GNorm = 0.1679, lr_0 = 1.9671e-04
Loss = 1.2211e-02, PNorm = 86.9313, GNorm = 0.0499, lr_0 = 1.9661e-04
Loss = 1.2861e-02, PNorm = 86.9314, GNorm = 0.3416, lr_0 = 1.9651e-04
Loss = 1.1229e-02, PNorm = 86.9317, GNorm = 0.4920, lr_0 = 1.9642e-04
Loss = 1.2948e-02, PNorm = 86.9323, GNorm = 0.2148, lr_0 = 1.9632e-04
Loss = 1.0593e-02, PNorm = 86.9332, GNorm = 0.2655, lr_0 = 1.9622e-04
Loss = 1.1023e-02, PNorm = 86.9329, GNorm = 0.2986, lr_0 = 1.9613e-04
Loss = 1.0013e-02, PNorm = 86.9324, GNorm = 0.2504, lr_0 = 1.9603e-04
Loss = 1.0753e-02, PNorm = 86.9327, GNorm = 0.2407, lr_0 = 1.9594e-04
Loss = 1.0288e-02, PNorm = 86.9334, GNorm = 0.2751, lr_0 = 1.9584e-04
Loss = 7.6513e-03, PNorm = 86.9334, GNorm = 0.1058, lr_0 = 1.9574e-04
Loss = 1.4337e-02, PNorm = 86.9343, GNorm = 0.4809, lr_0 = 1.9565e-04
Loss = 1.3400e-02, PNorm = 86.9356, GNorm = 1.0380, lr_0 = 1.9555e-04
Loss = 1.1340e-02, PNorm = 86.9367, GNorm = 0.3301, lr_0 = 1.9546e-04
Loss = 1.2892e-02, PNorm = 86.9377, GNorm = 0.2437, lr_0 = 1.9536e-04
Loss = 9.1996e-03, PNorm = 86.9380, GNorm = 0.3709, lr_0 = 1.9526e-04
Loss = 1.3528e-02, PNorm = 86.9388, GNorm = 0.2488, lr_0 = 1.9517e-04
Loss = 1.1117e-02, PNorm = 86.9398, GNorm = 0.5123, lr_0 = 1.9507e-04
Loss = 1.2291e-02, PNorm = 86.9404, GNorm = 0.2239, lr_0 = 1.9498e-04
Loss = 1.4067e-02, PNorm = 86.9404, GNorm = 0.1864, lr_0 = 1.9488e-04
Loss = 1.1627e-02, PNorm = 86.9416, GNorm = 0.2342, lr_0 = 1.9479e-04
Loss = 8.9418e-03, PNorm = 86.9420, GNorm = 0.6102, lr_0 = 1.9469e-04
Loss = 1.0567e-02, PNorm = 86.9421, GNorm = 0.2476, lr_0 = 1.9460e-04
Loss = 7.5911e-03, PNorm = 86.9423, GNorm = 0.1743, lr_0 = 1.9450e-04
Loss = 1.1951e-02, PNorm = 86.9431, GNorm = 0.2151, lr_0 = 1.9441e-04
Loss = 1.1422e-02, PNorm = 86.9445, GNorm = 0.3172, lr_0 = 1.9431e-04
Loss = 8.2852e-03, PNorm = 86.9449, GNorm = 0.1810, lr_0 = 1.9422e-04
Loss = 1.1875e-02, PNorm = 86.9460, GNorm = 0.2712, lr_0 = 1.9412e-04
Loss = 8.6189e-03, PNorm = 86.9466, GNorm = 0.2844, lr_0 = 1.9402e-04
Loss = 1.0167e-02, PNorm = 86.9484, GNorm = 0.0826, lr_0 = 1.9393e-04
Loss = 1.4939e-02, PNorm = 86.9487, GNorm = 0.2001, lr_0 = 1.9383e-04
Loss = 1.5543e-02, PNorm = 86.9499, GNorm = 0.3125, lr_0 = 1.9374e-04
Loss = 1.0200e-02, PNorm = 86.9498, GNorm = 0.4031, lr_0 = 1.9365e-04
Loss = 1.2276e-02, PNorm = 86.9499, GNorm = 0.3793, lr_0 = 1.9355e-04
Loss = 1.1441e-02, PNorm = 86.9502, GNorm = 0.2460, lr_0 = 1.9346e-04
Loss = 1.1117e-02, PNorm = 86.9499, GNorm = 0.1875, lr_0 = 1.9336e-04
Loss = 1.4871e-02, PNorm = 86.9500, GNorm = 0.2146, lr_0 = 1.9327e-04
Loss = 1.3080e-02, PNorm = 86.9516, GNorm = 0.2384, lr_0 = 1.9317e-04
Loss = 1.2590e-02, PNorm = 86.9526, GNorm = 0.5885, lr_0 = 1.9308e-04
Loss = 1.0839e-02, PNorm = 86.9530, GNorm = 0.1189, lr_0 = 1.9298e-04
Loss = 8.9814e-03, PNorm = 86.9537, GNorm = 0.6276, lr_0 = 1.9289e-04
Loss = 1.3349e-02, PNorm = 86.9543, GNorm = 0.6377, lr_0 = 1.9279e-04
Loss = 9.6089e-03, PNorm = 86.9539, GNorm = 0.1525, lr_0 = 1.9270e-04
Loss = 1.1968e-02, PNorm = 86.9542, GNorm = 0.2537, lr_0 = 1.9260e-04
Loss = 1.1510e-02, PNorm = 86.9549, GNorm = 0.4262, lr_0 = 1.9251e-04
Loss = 9.2793e-03, PNorm = 86.9545, GNorm = 0.1995, lr_0 = 1.9242e-04
Loss = 1.1498e-02, PNorm = 86.9547, GNorm = 0.1869, lr_0 = 1.9232e-04
Loss = 1.0383e-02, PNorm = 86.9541, GNorm = 0.3663, lr_0 = 1.9223e-04
Loss = 8.0399e-03, PNorm = 86.9551, GNorm = 0.1051, lr_0 = 1.9213e-04
Loss = 1.1618e-02, PNorm = 86.9565, GNorm = 0.4306, lr_0 = 1.9204e-04
Loss = 1.3856e-02, PNorm = 86.9570, GNorm = 0.1958, lr_0 = 1.9194e-04
Loss = 8.7481e-03, PNorm = 86.9564, GNorm = 0.2876, lr_0 = 1.9185e-04
Loss = 1.3802e-02, PNorm = 86.9568, GNorm = 0.6331, lr_0 = 1.9176e-04
Loss = 9.3425e-03, PNorm = 86.9565, GNorm = 0.2379, lr_0 = 1.9166e-04
Loss = 9.4391e-03, PNorm = 86.9573, GNorm = 0.1164, lr_0 = 1.9157e-04
Loss = 1.4723e-02, PNorm = 86.9570, GNorm = 0.4401, lr_0 = 1.9147e-04
Loss = 1.0786e-02, PNorm = 86.9581, GNorm = 0.1386, lr_0 = 1.9138e-04
Loss = 1.0960e-02, PNorm = 86.9591, GNorm = 0.2356, lr_0 = 1.9129e-04
Loss = 1.2632e-02, PNorm = 86.9586, GNorm = 0.8290, lr_0 = 1.9119e-04
Loss = 1.4321e-02, PNorm = 86.9585, GNorm = 0.1720, lr_0 = 1.9110e-04
Loss = 1.3716e-02, PNorm = 86.9604, GNorm = 0.4113, lr_0 = 1.9101e-04
Loss = 1.2476e-02, PNorm = 86.9612, GNorm = 0.2725, lr_0 = 1.9091e-04
Loss = 1.4715e-02, PNorm = 86.9613, GNorm = 0.1979, lr_0 = 1.9082e-04
Loss = 1.2433e-02, PNorm = 86.9614, GNorm = 0.2045, lr_0 = 1.9073e-04
Loss = 1.0370e-02, PNorm = 86.9621, GNorm = 0.2422, lr_0 = 1.9063e-04
Loss = 1.2802e-02, PNorm = 86.9631, GNorm = 0.3618, lr_0 = 1.9054e-04
Loss = 7.1361e-03, PNorm = 86.9631, GNorm = 0.3199, lr_0 = 1.9045e-04
Loss = 1.0969e-02, PNorm = 86.9641, GNorm = 0.2502, lr_0 = 1.9035e-04
Loss = 7.5873e-03, PNorm = 86.9648, GNorm = 0.2565, lr_0 = 1.9026e-04
Loss = 1.0257e-02, PNorm = 86.9649, GNorm = 0.3105, lr_0 = 1.9017e-04
Loss = 8.1561e-03, PNorm = 86.9667, GNorm = 0.4812, lr_0 = 1.9007e-04
Loss = 1.1685e-02, PNorm = 86.9682, GNorm = 0.2171, lr_0 = 1.8998e-04
Loss = 1.0194e-02, PNorm = 86.9688, GNorm = 0.2729, lr_0 = 1.8989e-04
Loss = 9.5310e-03, PNorm = 86.9693, GNorm = 0.2642, lr_0 = 1.8979e-04
Loss = 1.0252e-02, PNorm = 86.9693, GNorm = 0.2777, lr_0 = 1.8970e-04
Loss = 8.6044e-03, PNorm = 86.9694, GNorm = 0.3310, lr_0 = 1.8961e-04
Loss = 1.1727e-02, PNorm = 86.9693, GNorm = 0.3516, lr_0 = 1.8951e-04
Loss = 1.1080e-02, PNorm = 86.9692, GNorm = 0.4064, lr_0 = 1.8942e-04
Loss = 1.1319e-02, PNorm = 86.9693, GNorm = 0.2527, lr_0 = 1.8933e-04
Loss = 1.2595e-02, PNorm = 86.9697, GNorm = 0.5718, lr_0 = 1.8924e-04
Loss = 1.0310e-02, PNorm = 86.9694, GNorm = 0.1354, lr_0 = 1.8914e-04
Loss = 1.3956e-02, PNorm = 86.9693, GNorm = 0.3282, lr_0 = 1.8905e-04
Loss = 1.2052e-02, PNorm = 86.9693, GNorm = 0.2488, lr_0 = 1.8896e-04
Loss = 1.0101e-02, PNorm = 86.9689, GNorm = 0.4238, lr_0 = 1.8887e-04
Loss = 8.2799e-03, PNorm = 86.9700, GNorm = 0.2441, lr_0 = 1.8877e-04
Loss = 1.1106e-02, PNorm = 86.9701, GNorm = 0.0822, lr_0 = 1.8868e-04
Loss = 9.1186e-03, PNorm = 86.9710, GNorm = 0.1676, lr_0 = 1.8859e-04
Loss = 1.0142e-02, PNorm = 86.9722, GNorm = 0.3676, lr_0 = 1.8850e-04
Loss = 1.1767e-02, PNorm = 86.9735, GNorm = 0.1993, lr_0 = 1.8840e-04
Loss = 1.2413e-02, PNorm = 86.9747, GNorm = 0.3504, lr_0 = 1.8831e-04
Loss = 1.1186e-02, PNorm = 86.9753, GNorm = 0.1127, lr_0 = 1.8822e-04
Loss = 1.0683e-02, PNorm = 86.9750, GNorm = 0.1537, lr_0 = 1.8813e-04
Loss = 1.5338e-02, PNorm = 86.9757, GNorm = 0.4929, lr_0 = 1.8803e-04
Loss = 1.5727e-02, PNorm = 86.9759, GNorm = 0.8682, lr_0 = 1.8794e-04
Loss = 1.2944e-02, PNorm = 86.9786, GNorm = 0.6968, lr_0 = 1.8785e-04
Loss = 1.2576e-02, PNorm = 86.9798, GNorm = 0.4828, lr_0 = 1.8776e-04
Loss = 1.2682e-02, PNorm = 86.9802, GNorm = 0.2196, lr_0 = 1.8767e-04
Loss = 1.2922e-02, PNorm = 86.9800, GNorm = 0.1893, lr_0 = 1.8757e-04
Loss = 1.0076e-02, PNorm = 86.9802, GNorm = 0.4964, lr_0 = 1.8748e-04
Loss = 1.2227e-02, PNorm = 86.9803, GNorm = 0.2145, lr_0 = 1.8739e-04
Loss = 9.8093e-03, PNorm = 86.9809, GNorm = 0.3000, lr_0 = 1.8730e-04
Loss = 1.4902e-02, PNorm = 86.9813, GNorm = 0.1853, lr_0 = 1.8721e-04
Loss = 1.6568e-02, PNorm = 86.9827, GNorm = 0.5881, lr_0 = 1.8712e-04
Loss = 1.1402e-02, PNorm = 86.9825, GNorm = 0.3122, lr_0 = 1.8702e-04
Loss = 1.1740e-02, PNorm = 86.9836, GNorm = 0.1333, lr_0 = 1.8693e-04
Loss = 1.0952e-02, PNorm = 86.9847, GNorm = 0.2405, lr_0 = 1.8684e-04
Loss = 1.4299e-02, PNorm = 86.9865, GNorm = 0.3719, lr_0 = 1.8675e-04
Loss = 1.0921e-02, PNorm = 86.9877, GNorm = 0.3891, lr_0 = 1.8666e-04
Loss = 7.5060e-03, PNorm = 86.9877, GNorm = 0.1889, lr_0 = 1.8657e-04
Loss = 7.9553e-03, PNorm = 86.9885, GNorm = 0.2354, lr_0 = 1.8647e-04
Loss = 1.4857e-02, PNorm = 86.9896, GNorm = 0.8110, lr_0 = 1.8638e-04
Loss = 9.5557e-03, PNorm = 86.9904, GNorm = 0.1909, lr_0 = 1.8629e-04
Loss = 9.7388e-03, PNorm = 86.9922, GNorm = 0.2612, lr_0 = 1.8620e-04
Loss = 1.4485e-02, PNorm = 86.9929, GNorm = 0.3207, lr_0 = 1.8611e-04
Loss = 1.0216e-02, PNorm = 86.9921, GNorm = 0.1878, lr_0 = 1.8602e-04
Loss = 9.7434e-03, PNorm = 86.9910, GNorm = 0.2134, lr_0 = 1.8593e-04
Loss = 1.3930e-02, PNorm = 86.9913, GNorm = 0.3158, lr_0 = 1.8584e-04
Loss = 1.2820e-02, PNorm = 86.9935, GNorm = 0.2410, lr_0 = 1.8575e-04
Loss = 8.9496e-03, PNorm = 86.9943, GNorm = 0.1882, lr_0 = 1.8565e-04
Loss = 1.6097e-02, PNorm = 86.9948, GNorm = 0.3629, lr_0 = 1.8556e-04
Loss = 1.1692e-02, PNorm = 86.9955, GNorm = 0.3203, lr_0 = 1.8547e-04
Loss = 1.2137e-02, PNorm = 86.9957, GNorm = 0.2553, lr_0 = 1.8538e-04
Loss = 8.4149e-03, PNorm = 86.9966, GNorm = 0.2501, lr_0 = 1.8529e-04
Loss = 1.0736e-02, PNorm = 86.9971, GNorm = 0.4220, lr_0 = 1.8520e-04
Loss = 8.4212e-03, PNorm = 86.9962, GNorm = 0.3583, lr_0 = 1.8511e-04
Loss = 1.3611e-02, PNorm = 86.9967, GNorm = 0.3364, lr_0 = 1.8502e-04
Loss = 8.2468e-03, PNorm = 86.9981, GNorm = 0.5738, lr_0 = 1.8493e-04
Loss = 1.3608e-02, PNorm = 86.9984, GNorm = 0.1259, lr_0 = 1.8484e-04
Loss = 1.3616e-02, PNorm = 86.9993, GNorm = 0.3121, lr_0 = 1.8475e-04
Loss = 9.8159e-03, PNorm = 86.9992, GNorm = 0.2360, lr_0 = 1.8466e-04
Loss = 1.0640e-02, PNorm = 86.9996, GNorm = 0.1196, lr_0 = 1.8457e-04
Loss = 1.3144e-02, PNorm = 87.0000, GNorm = 0.1894, lr_0 = 1.8448e-04
Loss = 1.2634e-02, PNorm = 86.9999, GNorm = 0.2332, lr_0 = 1.8439e-04
Loss = 1.4760e-02, PNorm = 87.0000, GNorm = 0.2979, lr_0 = 1.8429e-04
Loss = 1.2163e-02, PNorm = 86.9996, GNorm = 0.0777, lr_0 = 1.8420e-04
Loss = 1.1558e-02, PNorm = 86.9998, GNorm = 0.1547, lr_0 = 1.8411e-04
Loss = 1.1625e-02, PNorm = 87.0010, GNorm = 0.3699, lr_0 = 1.8402e-04
Loss = 9.9426e-03, PNorm = 87.0023, GNorm = 0.2532, lr_0 = 1.8393e-04
Loss = 1.1938e-02, PNorm = 87.0035, GNorm = 0.2978, lr_0 = 1.8384e-04
Loss = 1.0331e-02, PNorm = 87.0042, GNorm = 0.1989, lr_0 = 1.8375e-04
Loss = 9.4902e-03, PNorm = 87.0043, GNorm = 0.4620, lr_0 = 1.8366e-04
Loss = 6.9810e-03, PNorm = 87.0053, GNorm = 0.3543, lr_0 = 1.8357e-04
Loss = 1.1607e-02, PNorm = 87.0063, GNorm = 0.2002, lr_0 = 1.8348e-04
Loss = 1.4598e-02, PNorm = 87.0073, GNorm = 0.3470, lr_0 = 1.8339e-04
Loss = 9.6434e-03, PNorm = 87.0073, GNorm = 0.3496, lr_0 = 1.8330e-04
Loss = 1.1416e-02, PNorm = 87.0089, GNorm = 0.1654, lr_0 = 1.8321e-04
Loss = 1.1257e-02, PNorm = 87.0098, GNorm = 0.2929, lr_0 = 1.8312e-04
Loss = 1.0727e-02, PNorm = 87.0103, GNorm = 0.1157, lr_0 = 1.8303e-04
Loss = 7.1215e-03, PNorm = 87.0101, GNorm = 0.1319, lr_0 = 1.8295e-04
Loss = 7.3466e-03, PNorm = 87.0098, GNorm = 0.2109, lr_0 = 1.8286e-04
Loss = 1.2722e-02, PNorm = 87.0096, GNorm = 0.4634, lr_0 = 1.8277e-04
Loss = 1.1887e-02, PNorm = 87.0102, GNorm = 0.1715, lr_0 = 1.8268e-04
Loss = 9.2482e-03, PNorm = 87.0113, GNorm = 0.2496, lr_0 = 1.8259e-04
Loss = 1.3269e-02, PNorm = 87.0121, GNorm = 0.3491, lr_0 = 1.8250e-04
Loss = 1.2567e-02, PNorm = 87.0127, GNorm = 0.5402, lr_0 = 1.8241e-04
Loss = 1.7046e-02, PNorm = 87.0131, GNorm = 0.2361, lr_0 = 1.8232e-04
Loss = 1.1312e-02, PNorm = 87.0136, GNorm = 0.1584, lr_0 = 1.8223e-04
Loss = 1.2669e-02, PNorm = 87.0138, GNorm = 0.1362, lr_0 = 1.8214e-04
Loss = 1.0129e-02, PNorm = 87.0135, GNorm = 0.3628, lr_0 = 1.8205e-04
Loss = 1.2075e-02, PNorm = 87.0137, GNorm = 0.1422, lr_0 = 1.8196e-04
Loss = 1.7446e-02, PNorm = 87.0145, GNorm = 0.3395, lr_0 = 1.8187e-04
Loss = 1.0155e-02, PNorm = 87.0152, GNorm = 0.2542, lr_0 = 1.8178e-04
Loss = 1.2111e-02, PNorm = 87.0150, GNorm = 0.2057, lr_0 = 1.8169e-04
Loss = 1.3664e-02, PNorm = 87.0148, GNorm = 0.6060, lr_0 = 1.8161e-04
Loss = 1.0587e-02, PNorm = 87.0144, GNorm = 0.6235, lr_0 = 1.8152e-04
Loss = 1.2365e-02, PNorm = 87.0146, GNorm = 0.6447, lr_0 = 1.8143e-04
Loss = 1.4448e-02, PNorm = 87.0169, GNorm = 0.9590, lr_0 = 1.8134e-04
Loss = 1.2348e-02, PNorm = 87.0169, GNorm = 0.1146, lr_0 = 1.8125e-04
Loss = 1.4887e-02, PNorm = 87.0168, GNorm = 0.3205, lr_0 = 1.8116e-04
Loss = 1.2734e-02, PNorm = 87.0174, GNorm = 0.9542, lr_0 = 1.8107e-04
Loss = 1.4217e-02, PNorm = 87.0173, GNorm = 0.5138, lr_0 = 1.8098e-04
Loss = 9.7754e-03, PNorm = 87.0172, GNorm = 0.4363, lr_0 = 1.8090e-04
Loss = 1.4000e-02, PNorm = 87.0170, GNorm = 0.1968, lr_0 = 1.8081e-04
Loss = 1.4428e-02, PNorm = 87.0178, GNorm = 0.2607, lr_0 = 1.8072e-04
Loss = 1.1996e-02, PNorm = 87.0173, GNorm = 0.6608, lr_0 = 1.8063e-04
Loss = 9.7956e-03, PNorm = 87.0183, GNorm = 0.1852, lr_0 = 1.8054e-04
Loss = 1.2876e-02, PNorm = 87.0193, GNorm = 0.2116, lr_0 = 1.8045e-04
Loss = 9.2436e-03, PNorm = 87.0193, GNorm = 0.3368, lr_0 = 1.8036e-04
Loss = 9.9630e-03, PNorm = 87.0205, GNorm = 0.3118, lr_0 = 1.8028e-04
Loss = 1.4803e-02, PNorm = 87.0230, GNorm = 0.2159, lr_0 = 1.8019e-04
Loss = 1.1396e-02, PNorm = 87.0234, GNorm = 0.5149, lr_0 = 1.8010e-04
Loss = 1.1435e-02, PNorm = 87.0236, GNorm = 0.2873, lr_0 = 1.8001e-04
Loss = 1.1935e-02, PNorm = 87.0242, GNorm = 0.1872, lr_0 = 1.7992e-04
Loss = 1.4496e-02, PNorm = 87.0246, GNorm = 0.7086, lr_0 = 1.7983e-04
Loss = 9.0499e-03, PNorm = 87.0255, GNorm = 0.1079, lr_0 = 1.7975e-04
Loss = 1.1353e-02, PNorm = 87.0265, GNorm = 0.1427, lr_0 = 1.7966e-04
Loss = 1.1883e-02, PNorm = 87.0266, GNorm = 0.5145, lr_0 = 1.7957e-04
Loss = 1.1113e-02, PNorm = 87.0270, GNorm = 0.4103, lr_0 = 1.7948e-04
Loss = 9.0411e-03, PNorm = 87.0270, GNorm = 0.1447, lr_0 = 1.7939e-04
Loss = 1.2445e-02, PNorm = 87.0271, GNorm = 0.1307, lr_0 = 1.7931e-04
Loss = 1.0585e-02, PNorm = 87.0274, GNorm = 0.2692, lr_0 = 1.7922e-04
Loss = 1.0495e-02, PNorm = 87.0281, GNorm = 0.2405, lr_0 = 1.7913e-04
Loss = 1.4433e-02, PNorm = 87.0288, GNorm = 0.2551, lr_0 = 1.7904e-04
Loss = 1.6837e-02, PNorm = 87.0303, GNorm = 0.5431, lr_0 = 1.7896e-04
Loss = 8.3414e-03, PNorm = 87.0308, GNorm = 0.1623, lr_0 = 1.7887e-04
Loss = 1.2441e-02, PNorm = 87.0302, GNorm = 0.3477, lr_0 = 1.7878e-04
Loss = 1.3093e-02, PNorm = 87.0314, GNorm = 0.2226, lr_0 = 1.7869e-04
Loss = 1.0677e-02, PNorm = 87.0309, GNorm = 0.2155, lr_0 = 1.7861e-04
Loss = 1.1103e-02, PNorm = 87.0301, GNorm = 0.4507, lr_0 = 1.7852e-04
Loss = 1.3658e-02, PNorm = 87.0309, GNorm = 0.2828, lr_0 = 1.7843e-04
Loss = 1.1535e-02, PNorm = 87.0317, GNorm = 0.2059, lr_0 = 1.7834e-04
Loss = 1.0234e-02, PNorm = 87.0310, GNorm = 0.1635, lr_0 = 1.7826e-04
Loss = 1.2649e-02, PNorm = 87.0300, GNorm = 0.1620, lr_0 = 1.7817e-04
Loss = 1.0609e-02, PNorm = 87.0299, GNorm = 0.3722, lr_0 = 1.7808e-04
Loss = 1.2422e-02, PNorm = 87.0309, GNorm = 0.3640, lr_0 = 1.7799e-04
Loss = 1.2245e-02, PNorm = 87.0322, GNorm = 0.1312, lr_0 = 1.7791e-04
Loss = 1.2071e-02, PNorm = 87.0323, GNorm = 0.1116, lr_0 = 1.7782e-04
Loss = 1.0687e-02, PNorm = 87.0332, GNorm = 0.2965, lr_0 = 1.7773e-04
Loss = 9.8468e-03, PNorm = 87.0340, GNorm = 0.3873, lr_0 = 1.7765e-04
Loss = 1.0251e-02, PNorm = 87.0334, GNorm = 0.3359, lr_0 = 1.7756e-04
Loss = 9.0760e-03, PNorm = 87.0321, GNorm = 0.4911, lr_0 = 1.7747e-04
Loss = 9.6015e-03, PNorm = 87.0328, GNorm = 0.1710, lr_0 = 1.7738e-04
Loss = 9.8947e-03, PNorm = 87.0334, GNorm = 0.5250, lr_0 = 1.7730e-04
Loss = 8.9663e-03, PNorm = 87.0335, GNorm = 0.3130, lr_0 = 1.7721e-04
Loss = 1.0003e-02, PNorm = 87.0344, GNorm = 0.4631, lr_0 = 1.7712e-04
Loss = 1.2043e-02, PNorm = 87.0358, GNorm = 0.2255, lr_0 = 1.7704e-04
Loss = 1.3435e-02, PNorm = 87.0353, GNorm = 0.4030, lr_0 = 1.7695e-04
Loss = 1.2390e-02, PNorm = 87.0357, GNorm = 0.1419, lr_0 = 1.7686e-04
Loss = 1.1205e-02, PNorm = 87.0368, GNorm = 0.2401, lr_0 = 1.7678e-04
Loss = 1.0658e-02, PNorm = 87.0372, GNorm = 0.1109, lr_0 = 1.7669e-04
Loss = 1.2231e-02, PNorm = 87.0376, GNorm = 0.4306, lr_0 = 1.7660e-04
Loss = 9.5919e-03, PNorm = 87.0368, GNorm = 0.1023, lr_0 = 1.7652e-04
Loss = 8.9364e-03, PNorm = 87.0368, GNorm = 0.3526, lr_0 = 1.7643e-04
Loss = 1.1470e-02, PNorm = 87.0377, GNorm = 0.1575, lr_0 = 1.7634e-04
Loss = 8.3751e-03, PNorm = 87.0373, GNorm = 0.1424, lr_0 = 1.7626e-04
Loss = 8.9267e-03, PNorm = 87.0369, GNorm = 0.1932, lr_0 = 1.7617e-04
Loss = 8.3540e-03, PNorm = 87.0376, GNorm = 0.4554, lr_0 = 1.7609e-04
Loss = 1.2875e-02, PNorm = 87.0384, GNorm = 0.6367, lr_0 = 1.7600e-04
Loss = 1.1805e-02, PNorm = 87.0384, GNorm = 0.1749, lr_0 = 1.7591e-04
Loss = 9.6473e-03, PNorm = 87.0385, GNorm = 0.1348, lr_0 = 1.7583e-04
Loss = 1.2531e-02, PNorm = 87.0391, GNorm = 0.2932, lr_0 = 1.7574e-04
Loss = 1.2676e-02, PNorm = 87.0400, GNorm = 0.2705, lr_0 = 1.7565e-04
Loss = 1.1655e-02, PNorm = 87.0410, GNorm = 0.3388, lr_0 = 1.7557e-04
Loss = 1.2269e-02, PNorm = 87.0419, GNorm = 0.1275, lr_0 = 1.7548e-04
Loss = 7.3550e-03, PNorm = 87.0424, GNorm = 0.5901, lr_0 = 1.7540e-04
Loss = 6.9549e-03, PNorm = 87.0423, GNorm = 0.1981, lr_0 = 1.7531e-04
Loss = 1.3509e-02, PNorm = 87.0433, GNorm = 0.2480, lr_0 = 1.7522e-04
Loss = 7.0405e-03, PNorm = 87.0435, GNorm = 0.1393, lr_0 = 1.7514e-04
Loss = 1.4127e-02, PNorm = 87.0436, GNorm = 0.0945, lr_0 = 1.7505e-04
Loss = 1.3223e-02, PNorm = 87.0448, GNorm = 0.3556, lr_0 = 1.7497e-04
Loss = 1.0821e-02, PNorm = 87.0454, GNorm = 0.0969, lr_0 = 1.7488e-04
Loss = 1.2557e-02, PNorm = 87.0462, GNorm = 0.3075, lr_0 = 1.7480e-04
Loss = 9.1975e-03, PNorm = 87.0476, GNorm = 0.1883, lr_0 = 1.7471e-04
Loss = 1.1341e-02, PNorm = 87.0481, GNorm = 0.4632, lr_0 = 1.7462e-04
Loss = 7.6538e-03, PNorm = 87.0484, GNorm = 0.1423, lr_0 = 1.7454e-04
Loss = 9.7724e-03, PNorm = 87.0476, GNorm = 0.2486, lr_0 = 1.7445e-04
Loss = 1.8533e-02, PNorm = 87.0475, GNorm = 0.3801, lr_0 = 1.7437e-04
Loss = 8.6033e-03, PNorm = 87.0488, GNorm = 0.2052, lr_0 = 1.7428e-04
Loss = 1.0571e-02, PNorm = 87.0494, GNorm = 0.2921, lr_0 = 1.7420e-04
Loss = 1.0151e-02, PNorm = 87.0504, GNorm = 0.4254, lr_0 = 1.7411e-04
Loss = 1.0187e-02, PNorm = 87.0508, GNorm = 0.2267, lr_0 = 1.7403e-04
Loss = 9.9268e-03, PNorm = 87.0524, GNorm = 0.1709, lr_0 = 1.7394e-04
Loss = 1.1377e-02, PNorm = 87.0536, GNorm = 0.3310, lr_0 = 1.7386e-04
Loss = 1.2421e-02, PNorm = 87.0533, GNorm = 0.1528, lr_0 = 1.7377e-04
Loss = 1.2570e-02, PNorm = 87.0523, GNorm = 0.0865, lr_0 = 1.7369e-04
Loss = 9.6086e-03, PNorm = 87.0525, GNorm = 0.2044, lr_0 = 1.7360e-04
Loss = 1.3143e-02, PNorm = 87.0523, GNorm = 0.5557, lr_0 = 1.7352e-04
Loss = 9.0494e-03, PNorm = 87.0515, GNorm = 0.3258, lr_0 = 1.7343e-04
Loss = 1.1604e-02, PNorm = 87.0507, GNorm = 0.3364, lr_0 = 1.7335e-04
Loss = 7.7724e-03, PNorm = 87.0521, GNorm = 0.2753, lr_0 = 1.7326e-04
Loss = 1.0009e-02, PNorm = 87.0520, GNorm = 0.1414, lr_0 = 1.7318e-04
Loss = 1.1906e-02, PNorm = 87.0519, GNorm = 0.3710, lr_0 = 1.7309e-04
Loss = 1.0990e-02, PNorm = 87.0522, GNorm = 0.7158, lr_0 = 1.7301e-04
Loss = 1.1152e-02, PNorm = 87.0525, GNorm = 0.2208, lr_0 = 1.7292e-04
Loss = 1.0777e-02, PNorm = 87.0526, GNorm = 0.2256, lr_0 = 1.7284e-04
Loss = 9.3189e-03, PNorm = 87.0534, GNorm = 0.1828, lr_0 = 1.7275e-04
Loss = 1.0383e-02, PNorm = 87.0537, GNorm = 0.4670, lr_0 = 1.7267e-04
Loss = 1.0154e-02, PNorm = 87.0545, GNorm = 0.0970, lr_0 = 1.7258e-04
Loss = 8.3413e-03, PNorm = 87.0547, GNorm = 0.1950, lr_0 = 1.7250e-04
Loss = 1.0851e-02, PNorm = 87.0549, GNorm = 0.8959, lr_0 = 1.7241e-04
Loss = 1.1347e-02, PNorm = 87.0560, GNorm = 0.2559, lr_0 = 1.7233e-04
Loss = 9.0530e-03, PNorm = 87.0557, GNorm = 0.5764, lr_0 = 1.7224e-04
Loss = 1.2198e-02, PNorm = 87.0554, GNorm = 0.2309, lr_0 = 1.7216e-04
Loss = 1.4493e-02, PNorm = 87.0545, GNorm = 0.2303, lr_0 = 1.7208e-04
Loss = 8.3105e-03, PNorm = 87.0537, GNorm = 0.1229, lr_0 = 1.7199e-04
Loss = 1.0797e-02, PNorm = 87.0549, GNorm = 0.3891, lr_0 = 1.7191e-04
Loss = 9.3474e-03, PNorm = 87.0538, GNorm = 0.1286, lr_0 = 1.7182e-04
Loss = 9.8647e-03, PNorm = 87.0536, GNorm = 0.2005, lr_0 = 1.7174e-04
Loss = 1.0861e-02, PNorm = 87.0551, GNorm = 0.1269, lr_0 = 1.7166e-04
Loss = 1.1420e-02, PNorm = 87.0563, GNorm = 0.1828, lr_0 = 1.7157e-04
Loss = 8.9037e-03, PNorm = 87.0576, GNorm = 0.4260, lr_0 = 1.7149e-04
Loss = 1.4196e-02, PNorm = 87.0573, GNorm = 0.1485, lr_0 = 1.7140e-04
Loss = 1.2477e-02, PNorm = 87.0571, GNorm = 0.1114, lr_0 = 1.7132e-04
Loss = 9.5292e-03, PNorm = 87.0576, GNorm = 0.2079, lr_0 = 1.7124e-04
Loss = 1.3617e-02, PNorm = 87.0584, GNorm = 0.2068, lr_0 = 1.7115e-04
Loss = 1.5452e-02, PNorm = 87.0598, GNorm = 0.1644, lr_0 = 1.7107e-04
Loss = 9.1770e-03, PNorm = 87.0607, GNorm = 0.5622, lr_0 = 1.7098e-04
Loss = 9.5070e-03, PNorm = 87.0609, GNorm = 0.3411, lr_0 = 1.7090e-04
Loss = 1.2520e-02, PNorm = 87.0613, GNorm = 0.4117, lr_0 = 1.7082e-04
Loss = 1.1612e-02, PNorm = 87.0613, GNorm = 0.2319, lr_0 = 1.7073e-04
Loss = 1.2188e-02, PNorm = 87.0609, GNorm = 0.3023, lr_0 = 1.7065e-04
Loss = 1.4982e-02, PNorm = 87.0616, GNorm = 0.4918, lr_0 = 1.7057e-04
Loss = 1.4453e-02, PNorm = 87.0621, GNorm = 0.2867, lr_0 = 1.7048e-04
Loss = 1.1294e-02, PNorm = 87.0636, GNorm = 0.2097, lr_0 = 1.7040e-04
Loss = 1.2254e-02, PNorm = 87.0644, GNorm = 0.4924, lr_0 = 1.7031e-04
Loss = 9.3140e-03, PNorm = 87.0649, GNorm = 0.1883, lr_0 = 1.7023e-04
Loss = 1.2187e-02, PNorm = 87.0659, GNorm = 0.1268, lr_0 = 1.7015e-04
Loss = 1.1946e-02, PNorm = 87.0655, GNorm = 0.1877, lr_0 = 1.7006e-04
Loss = 9.9318e-03, PNorm = 87.0653, GNorm = 0.1800, lr_0 = 1.6998e-04
Loss = 5.3279e-03, PNorm = 87.0654, GNorm = 0.3307, lr_0 = 1.6990e-04
Loss = 1.6205e-02, PNorm = 87.0667, GNorm = 0.2492, lr_0 = 1.6981e-04
Loss = 1.0683e-02, PNorm = 87.0669, GNorm = 0.2080, lr_0 = 1.6973e-04
Loss = 9.6148e-03, PNorm = 87.0671, GNorm = 0.5560, lr_0 = 1.6965e-04
Loss = 1.3531e-02, PNorm = 87.0685, GNorm = 0.3236, lr_0 = 1.6957e-04
Loss = 1.1250e-02, PNorm = 87.0690, GNorm = 0.3933, lr_0 = 1.6948e-04
Loss = 8.0569e-03, PNorm = 87.0697, GNorm = 0.2218, lr_0 = 1.6940e-04
Loss = 7.6122e-03, PNorm = 87.0709, GNorm = 0.2839, lr_0 = 1.6932e-04
Loss = 1.1324e-02, PNorm = 87.0712, GNorm = 0.3938, lr_0 = 1.6923e-04
Loss = 1.0760e-02, PNorm = 87.0721, GNorm = 0.0952, lr_0 = 1.6915e-04
Loss = 1.0127e-02, PNorm = 87.0720, GNorm = 0.2726, lr_0 = 1.6907e-04
Loss = 9.8704e-03, PNorm = 87.0713, GNorm = 0.1944, lr_0 = 1.6898e-04
Loss = 1.1100e-02, PNorm = 87.0712, GNorm = 0.4426, lr_0 = 1.6890e-04
Loss = 1.2713e-02, PNorm = 87.0708, GNorm = 0.0660, lr_0 = 1.6882e-04
Loss = 9.8539e-03, PNorm = 87.0703, GNorm = 0.1654, lr_0 = 1.6874e-04
Loss = 1.1607e-02, PNorm = 87.0714, GNorm = 0.1804, lr_0 = 1.6865e-04
Loss = 1.2120e-02, PNorm = 87.0727, GNorm = 0.3005, lr_0 = 1.6857e-04
Loss = 1.1849e-02, PNorm = 87.0719, GNorm = 0.1278, lr_0 = 1.6849e-04
Loss = 9.6802e-03, PNorm = 87.0723, GNorm = 0.1101, lr_0 = 1.6841e-04
Loss = 1.1004e-02, PNorm = 87.0736, GNorm = 0.4178, lr_0 = 1.6832e-04
Loss = 1.1488e-02, PNorm = 87.0741, GNorm = 0.1861, lr_0 = 1.6824e-04
Loss = 1.3949e-02, PNorm = 87.0743, GNorm = 0.1968, lr_0 = 1.6816e-04
Loss = 1.0244e-02, PNorm = 87.0746, GNorm = 0.0921, lr_0 = 1.6808e-04
Loss = 1.0978e-02, PNorm = 87.0749, GNorm = 0.3872, lr_0 = 1.6799e-04
Loss = 1.2700e-02, PNorm = 87.0746, GNorm = 0.4148, lr_0 = 1.6791e-04
Loss = 1.0306e-02, PNorm = 87.0762, GNorm = 0.4765, lr_0 = 1.6783e-04
Loss = 1.0268e-02, PNorm = 87.0777, GNorm = 0.2835, lr_0 = 1.6775e-04
Loss = 7.0422e-03, PNorm = 87.0782, GNorm = 0.2640, lr_0 = 1.6767e-04
Loss = 1.1874e-02, PNorm = 87.0783, GNorm = 0.2071, lr_0 = 1.6758e-04
Loss = 9.1305e-03, PNorm = 87.0787, GNorm = 0.2306, lr_0 = 1.6750e-04
Loss = 9.8861e-03, PNorm = 87.0792, GNorm = 0.4402, lr_0 = 1.6742e-04
Loss = 1.0827e-02, PNorm = 87.0788, GNorm = 0.2481, lr_0 = 1.6734e-04
Loss = 1.0401e-02, PNorm = 87.0790, GNorm = 0.6147, lr_0 = 1.6725e-04
Loss = 1.3254e-02, PNorm = 87.0782, GNorm = 0.1895, lr_0 = 1.6717e-04
Loss = 1.0147e-02, PNorm = 87.0778, GNorm = 0.0860, lr_0 = 1.6709e-04
Loss = 1.1439e-02, PNorm = 87.0783, GNorm = 0.5260, lr_0 = 1.6701e-04
Loss = 1.2870e-02, PNorm = 87.0781, GNorm = 0.2606, lr_0 = 1.6693e-04
Loss = 1.1326e-02, PNorm = 87.0786, GNorm = 0.1253, lr_0 = 1.6685e-04
Loss = 1.0963e-02, PNorm = 87.0787, GNorm = 0.3541, lr_0 = 1.6676e-04
Loss = 1.3828e-02, PNorm = 87.0792, GNorm = 0.8202, lr_0 = 1.6668e-04
Loss = 1.1349e-02, PNorm = 87.0803, GNorm = 0.2832, lr_0 = 1.6660e-04
Loss = 1.1662e-02, PNorm = 87.0807, GNorm = 0.3457, lr_0 = 1.6652e-04
Loss = 1.1849e-02, PNorm = 87.0803, GNorm = 0.2743, lr_0 = 1.6644e-04
Loss = 1.1014e-02, PNorm = 87.0799, GNorm = 0.2029, lr_0 = 1.6636e-04
Loss = 1.2910e-02, PNorm = 87.0796, GNorm = 0.2837, lr_0 = 1.6627e-04
Loss = 1.3671e-02, PNorm = 87.0810, GNorm = 0.2814, lr_0 = 1.6619e-04
Loss = 8.4391e-03, PNorm = 87.0813, GNorm = 0.1628, lr_0 = 1.6611e-04
Loss = 1.1454e-02, PNorm = 87.0811, GNorm = 0.2118, lr_0 = 1.6603e-04
Loss = 1.2915e-02, PNorm = 87.0805, GNorm = 0.5670, lr_0 = 1.6595e-04
Loss = 1.0480e-02, PNorm = 87.0805, GNorm = 0.1557, lr_0 = 1.6587e-04
Loss = 1.0055e-02, PNorm = 87.0806, GNorm = 0.7628, lr_0 = 1.6579e-04
Loss = 1.1354e-02, PNorm = 87.0801, GNorm = 0.1348, lr_0 = 1.6570e-04
Loss = 7.6010e-03, PNorm = 87.0800, GNorm = 0.4777, lr_0 = 1.6562e-04
Loss = 1.0043e-02, PNorm = 87.0800, GNorm = 0.4427, lr_0 = 1.6554e-04
Loss = 1.0364e-02, PNorm = 87.0800, GNorm = 0.3735, lr_0 = 1.6546e-04
Loss = 8.5298e-03, PNorm = 87.0812, GNorm = 0.3371, lr_0 = 1.6538e-04
Loss = 1.0532e-02, PNorm = 87.0807, GNorm = 0.2990, lr_0 = 1.6530e-04
Loss = 1.3597e-02, PNorm = 87.0811, GNorm = 0.2723, lr_0 = 1.6522e-04
Loss = 8.2370e-03, PNorm = 87.0818, GNorm = 0.3769, lr_0 = 1.6514e-04
Loss = 9.4962e-03, PNorm = 87.0825, GNorm = 0.6056, lr_0 = 1.6506e-04
Loss = 1.1074e-02, PNorm = 87.0831, GNorm = 0.0621, lr_0 = 1.6498e-04
Loss = 1.3806e-02, PNorm = 87.0834, GNorm = 0.5080, lr_0 = 1.6489e-04
Loss = 1.3480e-02, PNorm = 87.0841, GNorm = 0.4881, lr_0 = 1.6481e-04
Loss = 1.0363e-02, PNorm = 87.0839, GNorm = 0.1935, lr_0 = 1.6473e-04
Loss = 7.7496e-03, PNorm = 87.0841, GNorm = 0.5547, lr_0 = 1.6465e-04
Loss = 1.2909e-02, PNorm = 87.0843, GNorm = 0.3460, lr_0 = 1.6457e-04
Loss = 1.0121e-02, PNorm = 87.0849, GNorm = 0.1591, lr_0 = 1.6449e-04
Loss = 1.1752e-02, PNorm = 87.0843, GNorm = 0.2293, lr_0 = 1.6441e-04
Loss = 1.1407e-02, PNorm = 87.0847, GNorm = 0.0866, lr_0 = 1.6433e-04
Loss = 1.4628e-02, PNorm = 87.0854, GNorm = 0.1291, lr_0 = 1.6425e-04
Loss = 1.2995e-02, PNorm = 87.0855, GNorm = 0.1654, lr_0 = 1.6417e-04
Loss = 1.3095e-02, PNorm = 87.0844, GNorm = 0.4147, lr_0 = 1.6409e-04
Loss = 9.0516e-03, PNorm = 87.0843, GNorm = 0.2465, lr_0 = 1.6401e-04
Loss = 1.2965e-02, PNorm = 87.0842, GNorm = 0.4537, lr_0 = 1.6393e-04
Loss = 1.1288e-02, PNorm = 87.0846, GNorm = 0.1938, lr_0 = 1.6385e-04
Loss = 1.5106e-02, PNorm = 87.0852, GNorm = 0.2518, lr_0 = 1.6377e-04
Loss = 1.3112e-02, PNorm = 87.0870, GNorm = 0.4751, lr_0 = 1.6369e-04
Loss = 1.1281e-02, PNorm = 87.0885, GNorm = 0.1370, lr_0 = 1.6361e-04
Loss = 1.4391e-02, PNorm = 87.0887, GNorm = 0.2155, lr_0 = 1.6353e-04
Loss = 9.3720e-03, PNorm = 87.0892, GNorm = 0.3775, lr_0 = 1.6345e-04
Loss = 1.0652e-02, PNorm = 87.0884, GNorm = 0.2533, lr_0 = 1.6337e-04
Loss = 1.1485e-02, PNorm = 87.0877, GNorm = 0.1398, lr_0 = 1.6329e-04
Loss = 1.3087e-02, PNorm = 87.0881, GNorm = 0.5716, lr_0 = 1.6321e-04
Loss = 1.1558e-02, PNorm = 87.0884, GNorm = 0.4518, lr_0 = 1.6313e-04
Loss = 1.4248e-02, PNorm = 87.0893, GNorm = 0.2768, lr_0 = 1.6305e-04
Loss = 8.6720e-03, PNorm = 87.0899, GNorm = 0.1651, lr_0 = 1.6297e-04
Loss = 1.1299e-02, PNorm = 87.0903, GNorm = 0.3334, lr_0 = 1.6289e-04
Loss = 1.0875e-02, PNorm = 87.0908, GNorm = 0.1475, lr_0 = 1.6281e-04
Loss = 1.0225e-02, PNorm = 87.0913, GNorm = 0.2545, lr_0 = 1.6273e-04
Loss = 9.4316e-03, PNorm = 87.0918, GNorm = 0.3012, lr_0 = 1.6265e-04
Loss = 1.2405e-02, PNorm = 87.0911, GNorm = 0.3797, lr_0 = 1.6257e-04
Loss = 1.2599e-02, PNorm = 87.0909, GNorm = 0.6424, lr_0 = 1.6249e-04
Loss = 9.4576e-03, PNorm = 87.0916, GNorm = 0.1631, lr_0 = 1.6241e-04
Loss = 1.2032e-02, PNorm = 87.0917, GNorm = 0.3768, lr_0 = 1.6233e-04
Loss = 9.6910e-03, PNorm = 87.0910, GNorm = 0.1288, lr_0 = 1.6225e-04
Loss = 1.4277e-02, PNorm = 87.0923, GNorm = 0.1509, lr_0 = 1.6217e-04
Loss = 1.3507e-02, PNorm = 87.0933, GNorm = 0.2770, lr_0 = 1.6209e-04
Loss = 1.0439e-02, PNorm = 87.0928, GNorm = 0.2755, lr_0 = 1.6201e-04
Loss = 1.4360e-02, PNorm = 87.0932, GNorm = 0.4104, lr_0 = 1.6193e-04
Loss = 1.2577e-02, PNorm = 87.0933, GNorm = 0.8655, lr_0 = 1.6185e-04
Loss = 1.0337e-02, PNorm = 87.0944, GNorm = 0.5626, lr_0 = 1.6177e-04
Loss = 1.4131e-02, PNorm = 87.0958, GNorm = 0.2097, lr_0 = 1.6169e-04
Loss = 6.3753e-03, PNorm = 87.0975, GNorm = 0.1616, lr_0 = 1.6162e-04
Loss = 1.0615e-02, PNorm = 87.0985, GNorm = 0.4121, lr_0 = 1.6154e-04
Loss = 9.6805e-03, PNorm = 87.0993, GNorm = 0.1190, lr_0 = 1.6146e-04
Loss = 1.1775e-02, PNorm = 87.0998, GNorm = 0.3697, lr_0 = 1.6138e-04
Loss = 1.0568e-02, PNorm = 87.0992, GNorm = 0.1655, lr_0 = 1.6130e-04
Loss = 1.2974e-02, PNorm = 87.0997, GNorm = 0.2470, lr_0 = 1.6122e-04
Loss = 1.4236e-02, PNorm = 87.1000, GNorm = 0.2900, lr_0 = 1.6114e-04
Loss = 1.1631e-02, PNorm = 87.1000, GNorm = 0.5008, lr_0 = 1.6106e-04
Loss = 6.8961e-03, PNorm = 87.1009, GNorm = 0.0837, lr_0 = 1.6098e-04
Loss = 8.4396e-03, PNorm = 87.1005, GNorm = 0.2376, lr_0 = 1.6090e-04
Loss = 1.4360e-02, PNorm = 87.1004, GNorm = 0.8358, lr_0 = 1.6083e-04
Loss = 1.1736e-02, PNorm = 87.1014, GNorm = 0.1740, lr_0 = 1.6075e-04
Loss = 1.3239e-02, PNorm = 87.1021, GNorm = 0.3957, lr_0 = 1.6067e-04
Loss = 8.4616e-03, PNorm = 87.1029, GNorm = 0.3570, lr_0 = 1.6059e-04
Loss = 9.9368e-03, PNorm = 87.1016, GNorm = 0.2844, lr_0 = 1.6051e-04
Loss = 1.3457e-02, PNorm = 87.1010, GNorm = 0.3295, lr_0 = 1.6043e-04
Loss = 1.6855e-02, PNorm = 87.1017, GNorm = 0.1477, lr_0 = 1.6035e-04
Loss = 1.1242e-02, PNorm = 87.1032, GNorm = 0.1404, lr_0 = 1.6027e-04
Loss = 1.2819e-02, PNorm = 87.1037, GNorm = 0.1978, lr_0 = 1.6020e-04
Loss = 1.1787e-02, PNorm = 87.1037, GNorm = 0.1468, lr_0 = 1.6012e-04
Loss = 1.0645e-02, PNorm = 87.1034, GNorm = 0.1278, lr_0 = 1.6004e-04
Loss = 1.5009e-02, PNorm = 87.1032, GNorm = 0.3453, lr_0 = 1.5996e-04
Loss = 1.0104e-02, PNorm = 87.1030, GNorm = 0.3057, lr_0 = 1.5988e-04
Loss = 1.0208e-02, PNorm = 87.1030, GNorm = 0.1600, lr_0 = 1.5980e-04
Loss = 1.0761e-02, PNorm = 87.1028, GNorm = 0.4409, lr_0 = 1.5973e-04
Loss = 9.6183e-03, PNorm = 87.1031, GNorm = 0.7203, lr_0 = 1.5965e-04
Loss = 8.7863e-03, PNorm = 87.1045, GNorm = 0.1165, lr_0 = 1.5957e-04
Loss = 9.6350e-03, PNorm = 87.1044, GNorm = 0.2123, lr_0 = 1.5949e-04
Loss = 1.1056e-02, PNorm = 87.1043, GNorm = 0.1965, lr_0 = 1.5941e-04
Loss = 1.2050e-02, PNorm = 87.1051, GNorm = 0.2261, lr_0 = 1.5933e-04
Loss = 1.1825e-02, PNorm = 87.1054, GNorm = 0.2895, lr_0 = 1.5926e-04
Loss = 1.0288e-02, PNorm = 87.1059, GNorm = 0.1057, lr_0 = 1.5918e-04
Loss = 9.6676e-03, PNorm = 87.1058, GNorm = 0.4296, lr_0 = 1.5910e-04
Loss = 1.1216e-02, PNorm = 87.1060, GNorm = 0.3112, lr_0 = 1.5902e-04
Loss = 1.1201e-02, PNorm = 87.1059, GNorm = 0.4210, lr_0 = 1.5895e-04
Loss = 1.2357e-02, PNorm = 87.1060, GNorm = 0.5217, lr_0 = 1.5887e-04
Loss = 8.6308e-03, PNorm = 87.1067, GNorm = 0.1760, lr_0 = 1.5879e-04
Loss = 9.4885e-03, PNorm = 87.1064, GNorm = 0.1463, lr_0 = 1.5871e-04
Loss = 1.0670e-02, PNorm = 87.1065, GNorm = 0.1407, lr_0 = 1.5863e-04
Loss = 1.2347e-02, PNorm = 87.1069, GNorm = 0.1895, lr_0 = 1.5856e-04
Loss = 1.1219e-02, PNorm = 87.1069, GNorm = 0.3910, lr_0 = 1.5848e-04
Loss = 1.4321e-02, PNorm = 87.1072, GNorm = 0.3670, lr_0 = 1.5840e-04
Loss = 1.3704e-02, PNorm = 87.1077, GNorm = 0.6446, lr_0 = 1.5832e-04
Loss = 1.0460e-02, PNorm = 87.1082, GNorm = 0.0882, lr_0 = 1.5825e-04
Loss = 1.0636e-02, PNorm = 87.1090, GNorm = 0.0980, lr_0 = 1.5817e-04
Loss = 1.1587e-02, PNorm = 87.1091, GNorm = 0.2199, lr_0 = 1.5809e-04
Loss = 1.0865e-02, PNorm = 87.1106, GNorm = 0.2716, lr_0 = 1.5801e-04
Loss = 1.4667e-02, PNorm = 87.1116, GNorm = 1.0310, lr_0 = 1.5794e-04
Loss = 1.3060e-02, PNorm = 87.1120, GNorm = 0.2360, lr_0 = 1.5786e-04
Loss = 9.6986e-03, PNorm = 87.1112, GNorm = 0.1862, lr_0 = 1.5778e-04
Loss = 1.1304e-02, PNorm = 87.1104, GNorm = 0.2355, lr_0 = 1.5770e-04
Loss = 1.0369e-02, PNorm = 87.1106, GNorm = 0.2291, lr_0 = 1.5763e-04
Loss = 1.1341e-02, PNorm = 87.1117, GNorm = 0.2089, lr_0 = 1.5755e-04
Loss = 1.1609e-02, PNorm = 87.1124, GNorm = 0.4891, lr_0 = 1.5747e-04
Loss = 1.0262e-02, PNorm = 87.1127, GNorm = 0.1400, lr_0 = 1.5740e-04
Loss = 9.5648e-03, PNorm = 87.1131, GNorm = 0.2846, lr_0 = 1.5732e-04
Loss = 9.3958e-03, PNorm = 87.1138, GNorm = 0.1228, lr_0 = 1.5724e-04
Loss = 1.1553e-02, PNorm = 87.1159, GNorm = 0.1071, lr_0 = 1.5716e-04
Loss = 8.1785e-03, PNorm = 87.1158, GNorm = 0.3511, lr_0 = 1.5709e-04
Loss = 1.1573e-02, PNorm = 87.1149, GNorm = 0.3491, lr_0 = 1.5701e-04
Loss = 1.3869e-02, PNorm = 87.1156, GNorm = 0.3506, lr_0 = 1.5693e-04
Loss = 9.0512e-03, PNorm = 87.1158, GNorm = 0.4366, lr_0 = 1.5686e-04
Loss = 1.3618e-02, PNorm = 87.1153, GNorm = 0.1242, lr_0 = 1.5678e-04
Loss = 9.3387e-03, PNorm = 87.1167, GNorm = 0.2515, lr_0 = 1.5670e-04
Loss = 1.2004e-02, PNorm = 87.1174, GNorm = 0.3496, lr_0 = 1.5663e-04
Loss = 1.1106e-02, PNorm = 87.1172, GNorm = 0.6364, lr_0 = 1.5655e-04
Loss = 1.1008e-02, PNorm = 87.1170, GNorm = 0.2980, lr_0 = 1.5647e-04
Loss = 1.1152e-02, PNorm = 87.1181, GNorm = 0.2313, lr_0 = 1.5640e-04
Loss = 1.1151e-02, PNorm = 87.1188, GNorm = 0.2885, lr_0 = 1.5632e-04
Loss = 8.5827e-03, PNorm = 87.1180, GNorm = 0.0758, lr_0 = 1.5624e-04
Loss = 1.0540e-02, PNorm = 87.1183, GNorm = 0.2726, lr_0 = 1.5617e-04
Loss = 1.0675e-02, PNorm = 87.1175, GNorm = 0.2049, lr_0 = 1.5609e-04
Loss = 9.6399e-03, PNorm = 87.1175, GNorm = 0.3443, lr_0 = 1.5601e-04
Loss = 1.0058e-02, PNorm = 87.1183, GNorm = 0.1896, lr_0 = 1.5594e-04
Loss = 1.2516e-02, PNorm = 87.1195, GNorm = 0.2178, lr_0 = 1.5586e-04
Loss = 1.3055e-02, PNorm = 87.1211, GNorm = 0.3811, lr_0 = 1.5578e-04
Loss = 1.1058e-02, PNorm = 87.1217, GNorm = 0.3054, lr_0 = 1.5571e-04
Loss = 1.5053e-02, PNorm = 87.1219, GNorm = 0.6518, lr_0 = 1.5563e-04
Loss = 8.1621e-03, PNorm = 87.1224, GNorm = 0.4016, lr_0 = 1.5555e-04
Loss = 8.5171e-03, PNorm = 87.1224, GNorm = 0.2109, lr_0 = 1.5548e-04
Loss = 1.4132e-02, PNorm = 87.1216, GNorm = 0.2720, lr_0 = 1.5540e-04
Loss = 1.3315e-02, PNorm = 87.1220, GNorm = 0.1522, lr_0 = 1.5533e-04
Loss = 1.1321e-02, PNorm = 87.1233, GNorm = 0.4919, lr_0 = 1.5525e-04
Loss = 1.2776e-02, PNorm = 87.1247, GNorm = 0.3743, lr_0 = 1.5517e-04
Loss = 1.2818e-02, PNorm = 87.1252, GNorm = 0.2886, lr_0 = 1.5510e-04
Loss = 8.7867e-03, PNorm = 87.1248, GNorm = 0.1846, lr_0 = 1.5502e-04
Loss = 1.6720e-02, PNorm = 87.1244, GNorm = 0.1447, lr_0 = 1.5495e-04
Loss = 1.2393e-02, PNorm = 87.1251, GNorm = 0.2740, lr_0 = 1.5487e-04
Loss = 9.8001e-03, PNorm = 87.1271, GNorm = 0.3620, lr_0 = 1.5479e-04
Loss = 9.0618e-03, PNorm = 87.1276, GNorm = 0.3428, lr_0 = 1.5472e-04
Loss = 1.1295e-02, PNorm = 87.1283, GNorm = 0.3002, lr_0 = 1.5464e-04
Loss = 1.0704e-02, PNorm = 87.1291, GNorm = 0.4952, lr_0 = 1.5457e-04
Loss = 1.4049e-02, PNorm = 87.1291, GNorm = 0.3187, lr_0 = 1.5449e-04
Loss = 1.1526e-02, PNorm = 87.1298, GNorm = 0.1928, lr_0 = 1.5442e-04
Loss = 9.0786e-03, PNorm = 87.1290, GNorm = 0.1466, lr_0 = 1.5434e-04
Loss = 1.3011e-02, PNorm = 87.1293, GNorm = 0.5034, lr_0 = 1.5426e-04
Loss = 1.0333e-02, PNorm = 87.1296, GNorm = 0.2443, lr_0 = 1.5419e-04
Loss = 1.3860e-02, PNorm = 87.1298, GNorm = 0.2298, lr_0 = 1.5411e-04
Loss = 7.8845e-03, PNorm = 87.1304, GNorm = 0.0794, lr_0 = 1.5404e-04
Loss = 9.3381e-03, PNorm = 87.1314, GNorm = 0.1608, lr_0 = 1.5396e-04
Loss = 8.8254e-03, PNorm = 87.1316, GNorm = 0.4254, lr_0 = 1.5389e-04
Loss = 1.2479e-02, PNorm = 87.1322, GNorm = 0.2683, lr_0 = 1.5381e-04
Loss = 1.3285e-02, PNorm = 87.1323, GNorm = 0.1154, lr_0 = 1.5374e-04
Loss = 1.0682e-02, PNorm = 87.1330, GNorm = 0.0707, lr_0 = 1.5366e-04
Loss = 1.2122e-02, PNorm = 87.1327, GNorm = 0.1379, lr_0 = 1.5359e-04
Loss = 1.2303e-02, PNorm = 87.1320, GNorm = 0.1642, lr_0 = 1.5351e-04
Loss = 1.0087e-02, PNorm = 87.1327, GNorm = 0.4722, lr_0 = 1.5344e-04
Loss = 9.6597e-03, PNorm = 87.1338, GNorm = 0.2997, lr_0 = 1.5336e-04
Loss = 1.3976e-02, PNorm = 87.1347, GNorm = 0.2053, lr_0 = 1.5329e-04
Loss = 1.3595e-02, PNorm = 87.1358, GNorm = 0.6143, lr_0 = 1.5321e-04
Loss = 1.1923e-02, PNorm = 87.1362, GNorm = 0.1786, lr_0 = 1.5313e-04
Loss = 8.1929e-03, PNorm = 87.1369, GNorm = 0.0831, lr_0 = 1.5306e-04
Loss = 1.1006e-02, PNorm = 87.1377, GNorm = 0.2184, lr_0 = 1.5298e-04
Loss = 1.2043e-02, PNorm = 87.1384, GNorm = 0.1948, lr_0 = 1.5291e-04
Loss = 1.2172e-02, PNorm = 87.1387, GNorm = 0.4469, lr_0 = 1.5284e-04
Loss = 1.2794e-02, PNorm = 87.1390, GNorm = 0.3884, lr_0 = 1.5276e-04
Loss = 1.2174e-02, PNorm = 87.1399, GNorm = 0.3547, lr_0 = 1.5269e-04
Loss = 1.2690e-02, PNorm = 87.1402, GNorm = 0.5215, lr_0 = 1.5261e-04
Loss = 7.9069e-03, PNorm = 87.1403, GNorm = 0.0846, lr_0 = 1.5254e-04
Loss = 7.8854e-03, PNorm = 87.1399, GNorm = 0.1210, lr_0 = 1.5246e-04
Loss = 9.0938e-03, PNorm = 87.1400, GNorm = 0.3004, lr_0 = 1.5239e-04
Loss = 8.3950e-03, PNorm = 87.1395, GNorm = 0.2240, lr_0 = 1.5231e-04
Loss = 1.0353e-02, PNorm = 87.1397, GNorm = 0.4582, lr_0 = 1.5224e-04
Loss = 8.3355e-03, PNorm = 87.1395, GNorm = 0.2731, lr_0 = 1.5216e-04
Loss = 1.0099e-02, PNorm = 87.1399, GNorm = 0.1431, lr_0 = 1.5209e-04
Loss = 9.7554e-03, PNorm = 87.1408, GNorm = 0.3111, lr_0 = 1.5201e-04
Loss = 1.0704e-02, PNorm = 87.1415, GNorm = 0.3273, lr_0 = 1.5194e-04
Loss = 9.4866e-03, PNorm = 87.1424, GNorm = 0.5657, lr_0 = 1.5186e-04
Loss = 1.1331e-02, PNorm = 87.1428, GNorm = 0.3558, lr_0 = 1.5179e-04
Loss = 9.4781e-03, PNorm = 87.1426, GNorm = 0.3313, lr_0 = 1.5172e-04
Loss = 1.2397e-02, PNorm = 87.1433, GNorm = 0.1057, lr_0 = 1.5164e-04
Loss = 1.0640e-02, PNorm = 87.1436, GNorm = 0.2633, lr_0 = 1.5157e-04
Loss = 1.0929e-02, PNorm = 87.1440, GNorm = 0.2359, lr_0 = 1.5149e-04
Loss = 1.1936e-02, PNorm = 87.1444, GNorm = 0.2070, lr_0 = 1.5142e-04
Loss = 1.0041e-02, PNorm = 87.1444, GNorm = 0.4942, lr_0 = 1.5134e-04
Loss = 9.8481e-03, PNorm = 87.1441, GNorm = 0.1487, lr_0 = 1.5127e-04
Loss = 1.1650e-02, PNorm = 87.1445, GNorm = 0.1813, lr_0 = 1.5120e-04
Loss = 1.1588e-02, PNorm = 87.1447, GNorm = 0.2781, lr_0 = 1.5112e-04
Loss = 9.3730e-03, PNorm = 87.1437, GNorm = 0.2946, lr_0 = 1.5105e-04
Loss = 7.8060e-03, PNorm = 87.1437, GNorm = 0.2362, lr_0 = 1.5097e-04
Loss = 1.0217e-02, PNorm = 87.1432, GNorm = 0.5587, lr_0 = 1.5090e-04
Loss = 1.2165e-02, PNorm = 87.1423, GNorm = 0.4727, lr_0 = 1.5083e-04
Loss = 7.4567e-03, PNorm = 87.1434, GNorm = 0.3007, lr_0 = 1.5075e-04
Loss = 1.1529e-02, PNorm = 87.1451, GNorm = 0.2062, lr_0 = 1.5068e-04
Loss = 1.0799e-02, PNorm = 87.1457, GNorm = 0.1122, lr_0 = 1.5060e-04
Loss = 1.0988e-02, PNorm = 87.1458, GNorm = 0.3350, lr_0 = 1.5053e-04
Loss = 9.6640e-03, PNorm = 87.1455, GNorm = 0.1561, lr_0 = 1.5046e-04
Loss = 1.1880e-02, PNorm = 87.1464, GNorm = 0.3150, lr_0 = 1.5038e-04
Loss = 1.3697e-02, PNorm = 87.1464, GNorm = 0.2137, lr_0 = 1.5031e-04
Loss = 1.2481e-02, PNorm = 87.1467, GNorm = 0.4019, lr_0 = 1.5024e-04
Loss = 1.1236e-02, PNorm = 87.1459, GNorm = 0.4660, lr_0 = 1.5016e-04
Loss = 1.4278e-02, PNorm = 87.1468, GNorm = 0.3851, lr_0 = 1.5009e-04
Loss = 1.6713e-02, PNorm = 87.1470, GNorm = 0.3689, lr_0 = 1.5002e-04
Loss = 9.4500e-03, PNorm = 87.1462, GNorm = 0.4191, lr_0 = 1.4994e-04
Loss = 1.0804e-02, PNorm = 87.1471, GNorm = 0.5817, lr_0 = 1.4987e-04
Loss = 1.1063e-02, PNorm = 87.1481, GNorm = 0.2994, lr_0 = 1.4980e-04
Loss = 9.9535e-03, PNorm = 87.1495, GNorm = 0.3193, lr_0 = 1.4972e-04
Loss = 1.1611e-02, PNorm = 87.1503, GNorm = 0.3407, lr_0 = 1.4965e-04
Loss = 9.2382e-03, PNorm = 87.1502, GNorm = 0.1084, lr_0 = 1.4958e-04
Loss = 1.5414e-02, PNorm = 87.1506, GNorm = 0.3355, lr_0 = 1.4950e-04
Loss = 1.1711e-02, PNorm = 87.1511, GNorm = 0.6919, lr_0 = 1.4943e-04
Loss = 1.0168e-02, PNorm = 87.1516, GNorm = 0.1074, lr_0 = 1.4936e-04
Loss = 1.0144e-02, PNorm = 87.1514, GNorm = 0.3595, lr_0 = 1.4928e-04
Loss = 1.2709e-02, PNorm = 87.1500, GNorm = 0.3966, lr_0 = 1.4921e-04
Loss = 1.2048e-02, PNorm = 87.1503, GNorm = 0.2393, lr_0 = 1.4914e-04
Loss = 1.6217e-02, PNorm = 87.1519, GNorm = 0.3113, lr_0 = 1.4906e-04
Loss = 1.2296e-02, PNorm = 87.1534, GNorm = 0.1051, lr_0 = 1.4899e-04
Loss = 1.5821e-02, PNorm = 87.1541, GNorm = 0.1413, lr_0 = 1.4892e-04
Loss = 1.0342e-02, PNorm = 87.1550, GNorm = 0.3110, lr_0 = 1.4884e-04
Loss = 9.8907e-03, PNorm = 87.1553, GNorm = 0.1753, lr_0 = 1.4877e-04
Loss = 1.5598e-02, PNorm = 87.1565, GNorm = 0.1535, lr_0 = 1.4870e-04
Loss = 1.3828e-02, PNorm = 87.1576, GNorm = 0.0609, lr_0 = 1.4863e-04
Loss = 9.9514e-03, PNorm = 87.1583, GNorm = 0.2121, lr_0 = 1.4855e-04
Loss = 9.7507e-03, PNorm = 87.1587, GNorm = 0.3338, lr_0 = 1.4848e-04
Loss = 1.0751e-02, PNorm = 87.1587, GNorm = 0.1480, lr_0 = 1.4841e-04
Loss = 1.0264e-02, PNorm = 87.1587, GNorm = 0.2572, lr_0 = 1.4833e-04
Loss = 1.1953e-02, PNorm = 87.1588, GNorm = 0.1990, lr_0 = 1.4826e-04
Loss = 1.1513e-02, PNorm = 87.1583, GNorm = 0.1883, lr_0 = 1.4819e-04
Loss = 1.4302e-02, PNorm = 87.1580, GNorm = 0.4806, lr_0 = 1.4812e-04
Loss = 1.1879e-02, PNorm = 87.1580, GNorm = 0.1761, lr_0 = 1.4804e-04
Loss = 9.7912e-03, PNorm = 87.1579, GNorm = 0.2698, lr_0 = 1.4797e-04
Loss = 1.2541e-02, PNorm = 87.1576, GNorm = 0.4886, lr_0 = 1.4790e-04
Loss = 1.0551e-02, PNorm = 87.1575, GNorm = 0.0991, lr_0 = 1.4783e-04
Loss = 9.9225e-03, PNorm = 87.1574, GNorm = 0.1592, lr_0 = 1.4775e-04
Loss = 9.1404e-03, PNorm = 87.1576, GNorm = 0.1839, lr_0 = 1.4768e-04
Loss = 1.1928e-02, PNorm = 87.1576, GNorm = 0.1947, lr_0 = 1.4761e-04
Loss = 1.3924e-02, PNorm = 87.1576, GNorm = 0.1034, lr_0 = 1.4754e-04
Loss = 1.0784e-02, PNorm = 87.1581, GNorm = 0.1471, lr_0 = 1.4746e-04
Loss = 1.0528e-02, PNorm = 87.1592, GNorm = 0.1771, lr_0 = 1.4739e-04
Loss = 1.2964e-02, PNorm = 87.1608, GNorm = 0.3171, lr_0 = 1.4732e-04
Loss = 9.4312e-03, PNorm = 87.1618, GNorm = 0.2486, lr_0 = 1.4725e-04
Loss = 9.4310e-03, PNorm = 87.1630, GNorm = 0.3191, lr_0 = 1.4718e-04
Loss = 9.8685e-03, PNorm = 87.1627, GNorm = 0.4267, lr_0 = 1.4710e-04
Loss = 9.0668e-03, PNorm = 87.1622, GNorm = 0.3369, lr_0 = 1.4703e-04
Loss = 9.1350e-03, PNorm = 87.1615, GNorm = 0.4409, lr_0 = 1.4696e-04
Loss = 9.8741e-03, PNorm = 87.1612, GNorm = 0.4105, lr_0 = 1.4689e-04
Loss = 1.1314e-02, PNorm = 87.1608, GNorm = 0.0943, lr_0 = 1.4682e-04
Loss = 1.3762e-02, PNorm = 87.1601, GNorm = 0.4412, lr_0 = 1.4674e-04
Loss = 9.9423e-03, PNorm = 87.1599, GNorm = 0.1983, lr_0 = 1.4667e-04
Loss = 1.4668e-02, PNorm = 87.1595, GNorm = 0.1213, lr_0 = 1.4660e-04
Loss = 1.2176e-02, PNorm = 87.1602, GNorm = 0.2661, lr_0 = 1.4653e-04
Loss = 1.0889e-02, PNorm = 87.1603, GNorm = 0.2472, lr_0 = 1.4646e-04
Loss = 1.7381e-02, PNorm = 87.1590, GNorm = 0.4237, lr_0 = 1.4638e-04
Loss = 1.2845e-02, PNorm = 87.1596, GNorm = 0.3508, lr_0 = 1.4631e-04
Loss = 7.4083e-03, PNorm = 87.1611, GNorm = 0.3597, lr_0 = 1.4624e-04
Loss = 1.2751e-02, PNorm = 87.1615, GNorm = 0.4840, lr_0 = 1.4617e-04
Loss = 1.0488e-02, PNorm = 87.1612, GNorm = 0.5948, lr_0 = 1.4610e-04
Loss = 9.1854e-03, PNorm = 87.1620, GNorm = 0.5339, lr_0 = 1.4603e-04
Loss = 1.2905e-02, PNorm = 87.1624, GNorm = 0.1077, lr_0 = 1.4596e-04
Loss = 1.0347e-02, PNorm = 87.1629, GNorm = 0.2458, lr_0 = 1.4588e-04
Loss = 1.1843e-02, PNorm = 87.1623, GNorm = 0.3030, lr_0 = 1.4581e-04
Loss = 1.4054e-02, PNorm = 87.1628, GNorm = 0.0942, lr_0 = 1.4574e-04
Loss = 1.2502e-02, PNorm = 87.1630, GNorm = 0.2955, lr_0 = 1.4567e-04
Loss = 1.1382e-02, PNorm = 87.1633, GNorm = 0.2111, lr_0 = 1.4560e-04
Loss = 1.3854e-02, PNorm = 87.1644, GNorm = 0.1202, lr_0 = 1.4553e-04
Loss = 1.4580e-02, PNorm = 87.1641, GNorm = 0.2468, lr_0 = 1.4546e-04
Loss = 1.0105e-02, PNorm = 87.1638, GNorm = 0.1512, lr_0 = 1.4538e-04
Loss = 1.2977e-02, PNorm = 87.1645, GNorm = 0.4925, lr_0 = 1.4531e-04
Loss = 1.5655e-02, PNorm = 87.1643, GNorm = 0.2191, lr_0 = 1.4524e-04
Loss = 9.1774e-03, PNorm = 87.1644, GNorm = 0.4810, lr_0 = 1.4517e-04
Loss = 1.3113e-02, PNorm = 87.1643, GNorm = 0.3452, lr_0 = 1.4510e-04
Loss = 1.1794e-02, PNorm = 87.1633, GNorm = 0.1518, lr_0 = 1.4503e-04
Loss = 1.0884e-02, PNorm = 87.1631, GNorm = 0.2198, lr_0 = 1.4496e-04
Loss = 1.2418e-02, PNorm = 87.1637, GNorm = 0.2967, lr_0 = 1.4489e-04
Loss = 1.4145e-02, PNorm = 87.1634, GNorm = 0.1661, lr_0 = 1.4482e-04
Loss = 8.9059e-03, PNorm = 87.1628, GNorm = 0.2468, lr_0 = 1.4474e-04
Loss = 1.2249e-02, PNorm = 87.1637, GNorm = 0.4901, lr_0 = 1.4467e-04
Loss = 9.0495e-03, PNorm = 87.1642, GNorm = 0.3832, lr_0 = 1.4460e-04
Loss = 1.1289e-02, PNorm = 87.1648, GNorm = 0.2639, lr_0 = 1.4453e-04
Loss = 1.1657e-02, PNorm = 87.1644, GNorm = 0.1950, lr_0 = 1.4446e-04
Loss = 1.5069e-02, PNorm = 87.1646, GNorm = 0.3692, lr_0 = 1.4439e-04
Loss = 8.4815e-03, PNorm = 87.1657, GNorm = 0.2074, lr_0 = 1.4432e-04
Loss = 1.2015e-02, PNorm = 87.1662, GNorm = 0.2103, lr_0 = 1.4425e-04
Loss = 1.0685e-02, PNorm = 87.1653, GNorm = 0.0889, lr_0 = 1.4418e-04
Loss = 1.1473e-02, PNorm = 87.1648, GNorm = 0.1898, lr_0 = 1.4411e-04
Loss = 1.2366e-02, PNorm = 87.1643, GNorm = 0.2157, lr_0 = 1.4404e-04
Loss = 1.1057e-02, PNorm = 87.1646, GNorm = 0.1094, lr_0 = 1.4397e-04
Loss = 9.5594e-03, PNorm = 87.1644, GNorm = 0.2781, lr_0 = 1.4390e-04
Loss = 9.4724e-03, PNorm = 87.1648, GNorm = 0.2337, lr_0 = 1.4383e-04
Loss = 1.2920e-02, PNorm = 87.1651, GNorm = 0.1538, lr_0 = 1.4375e-04
Loss = 9.6912e-03, PNorm = 87.1650, GNorm = 0.2027, lr_0 = 1.4368e-04
Loss = 1.3990e-02, PNorm = 87.1660, GNorm = 0.1317, lr_0 = 1.4361e-04
Loss = 1.2691e-02, PNorm = 87.1666, GNorm = 0.5100, lr_0 = 1.4354e-04
Loss = 1.2085e-02, PNorm = 87.1661, GNorm = 0.6698, lr_0 = 1.4347e-04
Loss = 1.1898e-02, PNorm = 87.1671, GNorm = 0.2481, lr_0 = 1.4340e-04
Loss = 1.2527e-02, PNorm = 87.1679, GNorm = 0.1084, lr_0 = 1.4333e-04
Loss = 1.1713e-02, PNorm = 87.1689, GNorm = 0.4384, lr_0 = 1.4326e-04
Loss = 1.3795e-02, PNorm = 87.1690, GNorm = 0.3390, lr_0 = 1.4319e-04
Loss = 9.9913e-03, PNorm = 87.1691, GNorm = 0.2268, lr_0 = 1.4312e-04
Loss = 1.2491e-02, PNorm = 87.1692, GNorm = 0.2971, lr_0 = 1.4305e-04
Loss = 1.3136e-02, PNorm = 87.1681, GNorm = 0.4518, lr_0 = 1.4298e-04
Loss = 1.3488e-02, PNorm = 87.1681, GNorm = 0.2165, lr_0 = 1.4291e-04
Loss = 8.1941e-03, PNorm = 87.1688, GNorm = 0.2485, lr_0 = 1.4284e-04
Loss = 9.1106e-03, PNorm = 87.1684, GNorm = 0.0641, lr_0 = 1.4277e-04
Loss = 1.2727e-02, PNorm = 87.1686, GNorm = 0.2948, lr_0 = 1.4270e-04
Loss = 9.5619e-03, PNorm = 87.1694, GNorm = 0.8701, lr_0 = 1.4263e-04
Loss = 1.1926e-02, PNorm = 87.1695, GNorm = 0.3567, lr_0 = 1.4256e-04
Loss = 1.2805e-02, PNorm = 87.1691, GNorm = 0.1417, lr_0 = 1.4249e-04
Loss = 1.3470e-02, PNorm = 87.1699, GNorm = 0.1595, lr_0 = 1.4242e-04
Loss = 1.1591e-02, PNorm = 87.1699, GNorm = 0.6663, lr_0 = 1.4235e-04
Loss = 1.4459e-02, PNorm = 87.1702, GNorm = 0.1508, lr_0 = 1.4228e-04
Loss = 9.5688e-03, PNorm = 87.1702, GNorm = 0.2702, lr_0 = 1.4221e-04
Loss = 8.4176e-03, PNorm = 87.1701, GNorm = 0.2763, lr_0 = 1.4214e-04
Loss = 1.3571e-02, PNorm = 87.1704, GNorm = 0.4172, lr_0 = 1.4207e-04
Loss = 1.0372e-02, PNorm = 87.1703, GNorm = 0.1170, lr_0 = 1.4200e-04
Loss = 1.1213e-02, PNorm = 87.1703, GNorm = 0.1362, lr_0 = 1.4194e-04
Loss = 9.9576e-03, PNorm = 87.1713, GNorm = 0.1537, lr_0 = 1.4187e-04
Loss = 1.0863e-02, PNorm = 87.1723, GNorm = 0.3505, lr_0 = 1.4180e-04
Loss = 1.1398e-02, PNorm = 87.1726, GNorm = 0.3251, lr_0 = 1.4173e-04
Loss = 7.9929e-03, PNorm = 87.1734, GNorm = 0.0842, lr_0 = 1.4166e-04
Loss = 1.0144e-02, PNorm = 87.1731, GNorm = 0.2061, lr_0 = 1.4159e-04
Loss = 1.0524e-02, PNorm = 87.1730, GNorm = 0.2280, lr_0 = 1.4152e-04
Loss = 1.2983e-02, PNorm = 87.1734, GNorm = 0.1480, lr_0 = 1.4145e-04
Loss = 1.4305e-02, PNorm = 87.1740, GNorm = 0.2536, lr_0 = 1.4138e-04
Loss = 1.0485e-02, PNorm = 87.1747, GNorm = 0.4170, lr_0 = 1.4131e-04
Loss = 1.2399e-02, PNorm = 87.1759, GNorm = 0.7501, lr_0 = 1.4124e-04
Loss = 1.4480e-02, PNorm = 87.1773, GNorm = 0.1939, lr_0 = 1.4117e-04
Loss = 1.4873e-02, PNorm = 87.1780, GNorm = 0.2520, lr_0 = 1.4110e-04
Loss = 1.0353e-02, PNorm = 87.1780, GNorm = 0.2998, lr_0 = 1.4103e-04
Loss = 1.4298e-02, PNorm = 87.1775, GNorm = 0.6161, lr_0 = 1.4096e-04
Loss = 1.0417e-02, PNorm = 87.1776, GNorm = 0.0810, lr_0 = 1.4090e-04
Loss = 9.1502e-03, PNorm = 87.1780, GNorm = 0.4189, lr_0 = 1.4083e-04
Loss = 1.2670e-02, PNorm = 87.1780, GNorm = 0.2758, lr_0 = 1.4076e-04
Loss = 8.9838e-03, PNorm = 87.1784, GNorm = 0.3271, lr_0 = 1.4069e-04
Loss = 1.8911e-02, PNorm = 87.1782, GNorm = 0.2763, lr_0 = 1.4062e-04
Loss = 9.5853e-03, PNorm = 87.1787, GNorm = 0.3690, lr_0 = 1.4055e-04
Loss = 6.6174e-03, PNorm = 87.1795, GNorm = 0.0869, lr_0 = 1.4048e-04
Loss = 1.0078e-02, PNorm = 87.1796, GNorm = 0.2520, lr_0 = 1.4041e-04
Loss = 1.0802e-02, PNorm = 87.1792, GNorm = 0.1295, lr_0 = 1.4034e-04
Loss = 1.0264e-02, PNorm = 87.1798, GNorm = 0.0845, lr_0 = 1.4028e-04
Loss = 1.1452e-02, PNorm = 87.1801, GNorm = 0.2932, lr_0 = 1.4021e-04
Loss = 9.9761e-03, PNorm = 87.1799, GNorm = 0.2514, lr_0 = 1.4014e-04
Loss = 1.2898e-02, PNorm = 87.1799, GNorm = 0.5162, lr_0 = 1.4007e-04
Loss = 1.3883e-02, PNorm = 87.1800, GNorm = 0.4701, lr_0 = 1.4000e-04
Loss = 1.1993e-02, PNorm = 87.1800, GNorm = 0.4733, lr_0 = 1.3993e-04
Loss = 1.2239e-02, PNorm = 87.1801, GNorm = 0.1192, lr_0 = 1.3986e-04
Loss = 1.0149e-02, PNorm = 87.1802, GNorm = 0.0855, lr_0 = 1.3980e-04
Loss = 1.2794e-02, PNorm = 87.1805, GNorm = 0.5239, lr_0 = 1.3973e-04
Loss = 1.0471e-02, PNorm = 87.1806, GNorm = 0.1423, lr_0 = 1.3966e-04
Loss = 1.4298e-02, PNorm = 87.1806, GNorm = 0.1807, lr_0 = 1.3959e-04
Loss = 1.2781e-02, PNorm = 87.1803, GNorm = 0.3376, lr_0 = 1.3952e-04
Loss = 9.2748e-03, PNorm = 87.1796, GNorm = 0.2674, lr_0 = 1.3945e-04
Loss = 1.1063e-02, PNorm = 87.1799, GNorm = 0.1332, lr_0 = 1.3938e-04
Loss = 1.2411e-02, PNorm = 87.1800, GNorm = 0.1279, lr_0 = 1.3932e-04
Loss = 1.5629e-02, PNorm = 87.1802, GNorm = 0.4074, lr_0 = 1.3925e-04
Loss = 1.2920e-02, PNorm = 87.1792, GNorm = 0.9738, lr_0 = 1.3918e-04
Loss = 1.2850e-02, PNorm = 87.1794, GNorm = 0.3386, lr_0 = 1.3911e-04
Loss = 1.1311e-02, PNorm = 87.1797, GNorm = 0.3194, lr_0 = 1.3904e-04
Loss = 1.0823e-02, PNorm = 87.1803, GNorm = 0.1283, lr_0 = 1.3898e-04
Loss = 1.3068e-02, PNorm = 87.1797, GNorm = 0.3752, lr_0 = 1.3891e-04
Loss = 8.8856e-03, PNorm = 87.1802, GNorm = 0.4296, lr_0 = 1.3884e-04
Loss = 9.9600e-03, PNorm = 87.1800, GNorm = 0.1934, lr_0 = 1.3877e-04
Loss = 1.4863e-02, PNorm = 87.1816, GNorm = 0.7170, lr_0 = 1.3870e-04
Loss = 1.0581e-02, PNorm = 87.1822, GNorm = 0.1533, lr_0 = 1.3864e-04
Loss = 1.0977e-02, PNorm = 87.1824, GNorm = 0.7281, lr_0 = 1.3857e-04
Loss = 1.0590e-02, PNorm = 87.1829, GNorm = 0.1983, lr_0 = 1.3850e-04
Loss = 1.3761e-02, PNorm = 87.1833, GNorm = 0.1992, lr_0 = 1.3843e-04
Loss = 1.2416e-02, PNorm = 87.1838, GNorm = 0.3561, lr_0 = 1.3836e-04
Loss = 1.0354e-02, PNorm = 87.1837, GNorm = 0.1177, lr_0 = 1.3830e-04
Loss = 1.4243e-02, PNorm = 87.1845, GNorm = 0.7229, lr_0 = 1.3823e-04
Loss = 1.4212e-02, PNorm = 87.1851, GNorm = 0.4473, lr_0 = 1.3816e-04
Loss = 1.1301e-02, PNorm = 87.1846, GNorm = 0.7113, lr_0 = 1.3809e-04
Loss = 9.0157e-03, PNorm = 87.1845, GNorm = 0.2764, lr_0 = 1.3803e-04
Loss = 1.3868e-02, PNorm = 87.1842, GNorm = 0.2690, lr_0 = 1.3796e-04
Loss = 1.0906e-02, PNorm = 87.1848, GNorm = 0.1943, lr_0 = 1.3789e-04
Loss = 9.4886e-03, PNorm = 87.1850, GNorm = 0.4872, lr_0 = 1.3782e-04
Loss = 9.7980e-03, PNorm = 87.1845, GNorm = 0.3292, lr_0 = 1.3776e-04
Loss = 7.0027e-03, PNorm = 87.1846, GNorm = 0.0832, lr_0 = 1.3769e-04
Loss = 1.0589e-02, PNorm = 87.1853, GNorm = 0.5955, lr_0 = 1.3762e-04
Loss = 1.1000e-02, PNorm = 87.1851, GNorm = 0.2932, lr_0 = 1.3755e-04
Loss = 1.2855e-02, PNorm = 87.1855, GNorm = 0.2748, lr_0 = 1.3749e-04
Loss = 1.3841e-02, PNorm = 87.1862, GNorm = 0.5920, lr_0 = 1.3742e-04
Loss = 1.1125e-02, PNorm = 87.1860, GNorm = 0.5167, lr_0 = 1.3735e-04
Loss = 1.2727e-02, PNorm = 87.1858, GNorm = 0.4281, lr_0 = 1.3728e-04
Loss = 1.0970e-02, PNorm = 87.1861, GNorm = 0.2672, lr_0 = 1.3722e-04
Loss = 1.0946e-02, PNorm = 87.1872, GNorm = 0.4925, lr_0 = 1.3715e-04
Loss = 1.5661e-02, PNorm = 87.1878, GNorm = 0.3451, lr_0 = 1.3708e-04
Loss = 8.4758e-03, PNorm = 87.1882, GNorm = 0.1916, lr_0 = 1.3701e-04
Loss = 1.1046e-02, PNorm = 87.1884, GNorm = 0.3569, lr_0 = 1.3695e-04
Loss = 8.3211e-03, PNorm = 87.1890, GNorm = 0.1668, lr_0 = 1.3688e-04
Loss = 1.4204e-02, PNorm = 87.1895, GNorm = 0.1910, lr_0 = 1.3681e-04
Loss = 9.3867e-03, PNorm = 87.1906, GNorm = 0.1952, lr_0 = 1.3675e-04
Loss = 1.1732e-02, PNorm = 87.1912, GNorm = 0.1605, lr_0 = 1.3668e-04
Loss = 1.0867e-02, PNorm = 87.1911, GNorm = 0.4262, lr_0 = 1.3661e-04
Loss = 1.2155e-02, PNorm = 87.1902, GNorm = 0.1211, lr_0 = 1.3655e-04
Loss = 1.0100e-02, PNorm = 87.1897, GNorm = 0.1975, lr_0 = 1.3648e-04
Loss = 1.1897e-02, PNorm = 87.1900, GNorm = 0.2787, lr_0 = 1.3641e-04
Loss = 1.5208e-02, PNorm = 87.1911, GNorm = 0.4553, lr_0 = 1.3635e-04
Loss = 1.2510e-02, PNorm = 87.1912, GNorm = 0.4124, lr_0 = 1.3628e-04
Loss = 9.6632e-03, PNorm = 87.1896, GNorm = 0.1920, lr_0 = 1.3621e-04
Loss = 1.0091e-02, PNorm = 87.1895, GNorm = 0.1799, lr_0 = 1.3614e-04
Loss = 1.2512e-02, PNorm = 87.1906, GNorm = 0.2982, lr_0 = 1.3608e-04
Loss = 8.6258e-03, PNorm = 87.1907, GNorm = 0.3738, lr_0 = 1.3601e-04
Loss = 9.4714e-03, PNorm = 87.1903, GNorm = 0.4119, lr_0 = 1.3594e-04
Loss = 1.3220e-02, PNorm = 87.1904, GNorm = 0.1707, lr_0 = 1.3588e-04
Loss = 1.2323e-02, PNorm = 87.1914, GNorm = 0.2132, lr_0 = 1.3581e-04
Loss = 6.6401e-03, PNorm = 87.1917, GNorm = 0.1978, lr_0 = 1.3575e-04
Loss = 1.0386e-02, PNorm = 87.1917, GNorm = 0.5447, lr_0 = 1.3568e-04
Loss = 1.4397e-02, PNorm = 87.1920, GNorm = 0.2179, lr_0 = 1.3561e-04
Loss = 1.1407e-02, PNorm = 87.1919, GNorm = 0.1991, lr_0 = 1.3555e-04
Loss = 1.5417e-02, PNorm = 87.1908, GNorm = 0.2631, lr_0 = 1.3548e-04
Loss = 8.5344e-03, PNorm = 87.1908, GNorm = 0.2443, lr_0 = 1.3541e-04
Loss = 1.1053e-02, PNorm = 87.1909, GNorm = 0.2721, lr_0 = 1.3535e-04
Loss = 1.1813e-02, PNorm = 87.1916, GNorm = 0.1756, lr_0 = 1.3528e-04
Loss = 1.2204e-02, PNorm = 87.1917, GNorm = 0.1505, lr_0 = 1.3521e-04
Loss = 1.0210e-02, PNorm = 87.1909, GNorm = 0.4735, lr_0 = 1.3515e-04
Loss = 1.2726e-02, PNorm = 87.1912, GNorm = 0.2241, lr_0 = 1.3508e-04
Loss = 1.5017e-02, PNorm = 87.1917, GNorm = 0.2995, lr_0 = 1.3502e-04
Loss = 1.0857e-02, PNorm = 87.1918, GNorm = 0.2989, lr_0 = 1.3495e-04
Loss = 9.1376e-03, PNorm = 87.1916, GNorm = 0.3047, lr_0 = 1.3488e-04
Loss = 9.9035e-03, PNorm = 87.1926, GNorm = 0.4077, lr_0 = 1.3482e-04
Loss = 1.0797e-02, PNorm = 87.1929, GNorm = 0.2459, lr_0 = 1.3475e-04
Loss = 9.7621e-03, PNorm = 87.1933, GNorm = 0.1487, lr_0 = 1.3469e-04
Loss = 1.4086e-02, PNorm = 87.1932, GNorm = 0.2347, lr_0 = 1.3462e-04
Loss = 9.3044e-03, PNorm = 87.1939, GNorm = 0.3219, lr_0 = 1.3455e-04
Loss = 7.2361e-03, PNorm = 87.1950, GNorm = 0.1260, lr_0 = 1.3449e-04
Loss = 8.4553e-03, PNorm = 87.1955, GNorm = 0.1223, lr_0 = 1.3442e-04
Loss = 1.2404e-02, PNorm = 87.1959, GNorm = 0.5053, lr_0 = 1.3436e-04
Loss = 6.9756e-03, PNorm = 87.1960, GNorm = 0.1406, lr_0 = 1.3429e-04
Loss = 1.1824e-02, PNorm = 87.1957, GNorm = 0.3735, lr_0 = 1.3422e-04
Loss = 1.2252e-02, PNorm = 87.1961, GNorm = 0.4673, lr_0 = 1.3416e-04
Loss = 9.5137e-03, PNorm = 87.1960, GNorm = 0.1798, lr_0 = 1.3409e-04
Loss = 9.4897e-03, PNorm = 87.1965, GNorm = 0.2139, lr_0 = 1.3403e-04
Loss = 7.9473e-03, PNorm = 87.1965, GNorm = 0.1185, lr_0 = 1.3396e-04
Loss = 1.1347e-02, PNorm = 87.1964, GNorm = 0.3530, lr_0 = 1.3390e-04
Loss = 1.1216e-02, PNorm = 87.1966, GNorm = 0.2956, lr_0 = 1.3383e-04
Loss = 1.1110e-02, PNorm = 87.1965, GNorm = 0.1995, lr_0 = 1.3376e-04
Loss = 8.0737e-03, PNorm = 87.1965, GNorm = 0.2569, lr_0 = 1.3370e-04
Loss = 1.1627e-02, PNorm = 87.1971, GNorm = 0.2067, lr_0 = 1.3363e-04
Loss = 1.0249e-02, PNorm = 87.1969, GNorm = 0.2473, lr_0 = 1.3357e-04
Loss = 1.0059e-02, PNorm = 87.1979, GNorm = 0.3171, lr_0 = 1.3350e-04
Loss = 1.3469e-02, PNorm = 87.1990, GNorm = 0.5512, lr_0 = 1.3344e-04
Loss = 8.1814e-03, PNorm = 87.1990, GNorm = 0.3931, lr_0 = 1.3337e-04
Loss = 1.0037e-02, PNorm = 87.1992, GNorm = 0.2369, lr_0 = 1.3331e-04
Loss = 1.1232e-02, PNorm = 87.1997, GNorm = 0.2011, lr_0 = 1.3324e-04
Loss = 1.2729e-02, PNorm = 87.1996, GNorm = 0.2458, lr_0 = 1.3318e-04
Loss = 1.0372e-02, PNorm = 87.1995, GNorm = 0.1878, lr_0 = 1.3311e-04
Loss = 1.3971e-02, PNorm = 87.1998, GNorm = 0.4599, lr_0 = 1.3305e-04
Loss = 1.2285e-02, PNorm = 87.2013, GNorm = 0.5902, lr_0 = 1.3298e-04
Loss = 1.0132e-02, PNorm = 87.2019, GNorm = 0.0859, lr_0 = 1.3292e-04
Loss = 1.0753e-02, PNorm = 87.2025, GNorm = 0.2675, lr_0 = 1.3285e-04
Loss = 1.4647e-02, PNorm = 87.2024, GNorm = 0.2997, lr_0 = 1.3278e-04
Loss = 1.0984e-02, PNorm = 87.2030, GNorm = 0.3011, lr_0 = 1.3272e-04
Loss = 7.9883e-03, PNorm = 87.2025, GNorm = 0.0747, lr_0 = 1.3265e-04
Loss = 1.2025e-02, PNorm = 87.2031, GNorm = 0.1490, lr_0 = 1.3259e-04
Loss = 1.6962e-02, PNorm = 87.2043, GNorm = 0.1142, lr_0 = 1.3252e-04
Loss = 1.2273e-02, PNorm = 87.2050, GNorm = 0.1960, lr_0 = 1.3246e-04
Loss = 1.0923e-02, PNorm = 87.2040, GNorm = 0.2125, lr_0 = 1.3240e-04
Loss = 1.0913e-02, PNorm = 87.2033, GNorm = 0.4616, lr_0 = 1.3233e-04
Loss = 1.0126e-02, PNorm = 87.2021, GNorm = 0.4705, lr_0 = 1.3227e-04
Loss = 9.6529e-03, PNorm = 87.2016, GNorm = 0.1711, lr_0 = 1.3220e-04
Loss = 1.2986e-02, PNorm = 87.2018, GNorm = 0.5786, lr_0 = 1.3214e-04
Loss = 1.4190e-02, PNorm = 87.2033, GNorm = 0.3998, lr_0 = 1.3207e-04
Loss = 1.0752e-02, PNorm = 87.2038, GNorm = 0.4128, lr_0 = 1.3201e-04
Loss = 1.1510e-02, PNorm = 87.2036, GNorm = 0.1636, lr_0 = 1.3194e-04
Loss = 1.5074e-02, PNorm = 87.2041, GNorm = 0.2216, lr_0 = 1.3188e-04
Loss = 1.2429e-02, PNorm = 87.2045, GNorm = 0.2798, lr_0 = 1.3181e-04
Loss = 1.2659e-02, PNorm = 87.2046, GNorm = 0.4938, lr_0 = 1.3175e-04
Loss = 1.0866e-02, PNorm = 87.2049, GNorm = 0.5784, lr_0 = 1.3168e-04
Loss = 8.3958e-03, PNorm = 87.2053, GNorm = 0.3846, lr_0 = 1.3162e-04
Loss = 1.1059e-02, PNorm = 87.2053, GNorm = 0.4085, lr_0 = 1.3155e-04
Loss = 1.0348e-02, PNorm = 87.2056, GNorm = 0.2198, lr_0 = 1.3149e-04
Loss = 1.1155e-02, PNorm = 87.2060, GNorm = 0.3129, lr_0 = 1.3143e-04
Loss = 1.4380e-02, PNorm = 87.2056, GNorm = 0.1836, lr_0 = 1.3136e-04
Loss = 1.2858e-02, PNorm = 87.2061, GNorm = 0.2129, lr_0 = 1.3130e-04
Loss = 8.6918e-03, PNorm = 87.2076, GNorm = 0.2726, lr_0 = 1.3123e-04
Loss = 1.5648e-02, PNorm = 87.2084, GNorm = 0.3461, lr_0 = 1.3117e-04
Loss = 9.4647e-03, PNorm = 87.2090, GNorm = 0.2453, lr_0 = 1.3110e-04
Loss = 1.1624e-02, PNorm = 87.2093, GNorm = 0.4168, lr_0 = 1.3104e-04
Loss = 1.2713e-02, PNorm = 87.2099, GNorm = 0.3593, lr_0 = 1.3098e-04
Loss = 1.4890e-02, PNorm = 87.2109, GNorm = 0.4288, lr_0 = 1.3091e-04
Loss = 1.1353e-02, PNorm = 87.2110, GNorm = 0.1118, lr_0 = 1.3085e-04
Loss = 1.3193e-02, PNorm = 87.2113, GNorm = 0.1558, lr_0 = 1.3078e-04
Loss = 9.5733e-03, PNorm = 87.2114, GNorm = 0.5132, lr_0 = 1.3072e-04
Loss = 1.1493e-02, PNorm = 87.2116, GNorm = 0.2121, lr_0 = 1.3066e-04
Loss = 1.3057e-02, PNorm = 87.2117, GNorm = 0.1762, lr_0 = 1.3059e-04
Loss = 1.0078e-02, PNorm = 87.2124, GNorm = 0.2652, lr_0 = 1.3053e-04
Loss = 1.2433e-02, PNorm = 87.2128, GNorm = 0.2209, lr_0 = 1.3046e-04
Loss = 9.7827e-03, PNorm = 87.2134, GNorm = 0.1778, lr_0 = 1.3040e-04
Loss = 1.1772e-02, PNorm = 87.2134, GNorm = 0.2299, lr_0 = 1.3034e-04
Loss = 1.1426e-02, PNorm = 87.2132, GNorm = 0.3253, lr_0 = 1.3027e-04
Loss = 1.2237e-02, PNorm = 87.2135, GNorm = 0.2480, lr_0 = 1.3021e-04
Loss = 1.2265e-02, PNorm = 87.2145, GNorm = 0.0804, lr_0 = 1.3014e-04
Loss = 1.1801e-02, PNorm = 87.2153, GNorm = 0.2198, lr_0 = 1.3008e-04
Loss = 1.1014e-02, PNorm = 87.2158, GNorm = 0.1843, lr_0 = 1.3002e-04
Loss = 8.8114e-03, PNorm = 87.2163, GNorm = 0.2349, lr_0 = 1.2995e-04
Loss = 9.0786e-03, PNorm = 87.2168, GNorm = 0.1667, lr_0 = 1.2989e-04
Loss = 1.3346e-02, PNorm = 87.2164, GNorm = 0.1133, lr_0 = 1.2983e-04
Loss = 1.6355e-02, PNorm = 87.2157, GNorm = 0.2654, lr_0 = 1.2976e-04
Loss = 9.5768e-03, PNorm = 87.2154, GNorm = 0.2161, lr_0 = 1.2970e-04
Loss = 7.5492e-03, PNorm = 87.2155, GNorm = 0.1383, lr_0 = 1.2963e-04
Loss = 1.5024e-02, PNorm = 87.2167, GNorm = 0.2560, lr_0 = 1.2957e-04
Loss = 1.2627e-02, PNorm = 87.2165, GNorm = 0.1820, lr_0 = 1.2951e-04
Loss = 1.4843e-02, PNorm = 87.2168, GNorm = 0.6261, lr_0 = 1.2944e-04
Loss = 8.8958e-03, PNorm = 87.2172, GNorm = 0.1642, lr_0 = 1.2938e-04
Loss = 1.1094e-02, PNorm = 87.2173, GNorm = 0.2598, lr_0 = 1.2932e-04
Loss = 1.0946e-02, PNorm = 87.2170, GNorm = 0.2129, lr_0 = 1.2925e-04
Loss = 1.1280e-02, PNorm = 87.2172, GNorm = 0.6878, lr_0 = 1.2919e-04
Loss = 1.2201e-02, PNorm = 87.2183, GNorm = 0.1550, lr_0 = 1.2913e-04
Loss = 1.2259e-02, PNorm = 87.2182, GNorm = 0.4145, lr_0 = 1.2906e-04
Loss = 1.2192e-02, PNorm = 87.2185, GNorm = 0.5539, lr_0 = 1.2900e-04
Loss = 1.3273e-02, PNorm = 87.2191, GNorm = 0.2617, lr_0 = 1.2894e-04
Loss = 9.8010e-03, PNorm = 87.2190, GNorm = 0.3086, lr_0 = 1.2887e-04
Loss = 8.9808e-03, PNorm = 87.2191, GNorm = 0.1800, lr_0 = 1.2881e-04
Loss = 1.3185e-02, PNorm = 87.2196, GNorm = 0.4701, lr_0 = 1.2875e-04
Loss = 1.1768e-02, PNorm = 87.2195, GNorm = 0.0822, lr_0 = 1.2869e-04
Loss = 1.0940e-02, PNorm = 87.2196, GNorm = 0.2035, lr_0 = 1.2862e-04
Loss = 1.4759e-02, PNorm = 87.2207, GNorm = 0.4963, lr_0 = 1.2856e-04
Loss = 1.2579e-02, PNorm = 87.2213, GNorm = 0.2044, lr_0 = 1.2850e-04
Loss = 1.1556e-02, PNorm = 87.2218, GNorm = 0.3784, lr_0 = 1.2843e-04
Loss = 1.5211e-02, PNorm = 87.2217, GNorm = 0.8168, lr_0 = 1.2837e-04
Loss = 1.5223e-02, PNorm = 87.2220, GNorm = 0.3722, lr_0 = 1.2831e-04
Loss = 1.0819e-02, PNorm = 87.2220, GNorm = 0.5620, lr_0 = 1.2824e-04
Loss = 1.3787e-02, PNorm = 87.2217, GNorm = 0.4473, lr_0 = 1.2818e-04
Loss = 1.1134e-02, PNorm = 87.2209, GNorm = 0.2692, lr_0 = 1.2812e-04
Loss = 1.2758e-02, PNorm = 87.2208, GNorm = 0.2719, lr_0 = 1.2806e-04
Loss = 9.2254e-03, PNorm = 87.2210, GNorm = 0.2277, lr_0 = 1.2799e-04
Loss = 1.1013e-02, PNorm = 87.2215, GNorm = 0.2362, lr_0 = 1.2793e-04
Loss = 1.1298e-02, PNorm = 87.2220, GNorm = 0.2126, lr_0 = 1.2787e-04
Loss = 1.2387e-02, PNorm = 87.2229, GNorm = 0.3624, lr_0 = 1.2781e-04
Loss = 1.3814e-02, PNorm = 87.2232, GNorm = 0.5296, lr_0 = 1.2774e-04
Loss = 9.9504e-03, PNorm = 87.2237, GNorm = 0.1622, lr_0 = 1.2768e-04
Loss = 1.3913e-02, PNorm = 87.2250, GNorm = 0.2469, lr_0 = 1.2762e-04
Loss = 1.0401e-02, PNorm = 87.2261, GNorm = 0.6450, lr_0 = 1.2756e-04
Loss = 9.7377e-03, PNorm = 87.2264, GNorm = 0.1907, lr_0 = 1.2749e-04
Loss = 9.7408e-03, PNorm = 87.2261, GNorm = 0.2033, lr_0 = 1.2743e-04
Loss = 9.5105e-03, PNorm = 87.2258, GNorm = 0.3016, lr_0 = 1.2737e-04
Loss = 1.1604e-02, PNorm = 87.2256, GNorm = 0.2219, lr_0 = 1.2731e-04
Loss = 8.1335e-03, PNorm = 87.2249, GNorm = 0.3005, lr_0 = 1.2724e-04
Loss = 1.1564e-02, PNorm = 87.2248, GNorm = 0.2359, lr_0 = 1.2718e-04
Loss = 1.1456e-02, PNorm = 87.2250, GNorm = 0.5585, lr_0 = 1.2712e-04
Loss = 1.0377e-02, PNorm = 87.2250, GNorm = 0.2485, lr_0 = 1.2706e-04
Loss = 1.0825e-02, PNorm = 87.2251, GNorm = 0.1606, lr_0 = 1.2699e-04
Loss = 1.0620e-02, PNorm = 87.2255, GNorm = 0.3632, lr_0 = 1.2693e-04
Loss = 9.6624e-03, PNorm = 87.2251, GNorm = 0.1364, lr_0 = 1.2687e-04
Loss = 9.6400e-03, PNorm = 87.2252, GNorm = 0.5754, lr_0 = 1.2681e-04
Loss = 1.3182e-02, PNorm = 87.2258, GNorm = 0.4298, lr_0 = 1.2675e-04
Loss = 8.4324e-03, PNorm = 87.2254, GNorm = 0.5465, lr_0 = 1.2668e-04
Loss = 8.5349e-03, PNorm = 87.2252, GNorm = 0.1311, lr_0 = 1.2662e-04
Loss = 9.7799e-03, PNorm = 87.2265, GNorm = 0.5358, lr_0 = 1.2656e-04
Loss = 1.1279e-02, PNorm = 87.2271, GNorm = 0.5234, lr_0 = 1.2650e-04
Loss = 9.4419e-03, PNorm = 87.2273, GNorm = 0.3189, lr_0 = 1.2644e-04
Loss = 1.1542e-02, PNorm = 87.2272, GNorm = 0.3267, lr_0 = 1.2637e-04
Loss = 8.6646e-03, PNorm = 87.2276, GNorm = 0.1026, lr_0 = 1.2631e-04
Loss = 7.3582e-03, PNorm = 87.2281, GNorm = 0.3486, lr_0 = 1.2625e-04
Loss = 1.1453e-02, PNorm = 87.2281, GNorm = 0.1923, lr_0 = 1.2619e-04
Loss = 1.1027e-02, PNorm = 87.2281, GNorm = 0.1109, lr_0 = 1.2613e-04
Loss = 1.4428e-02, PNorm = 87.2281, GNorm = 0.5227, lr_0 = 1.2606e-04
Loss = 1.4193e-02, PNorm = 87.2278, GNorm = 0.2460, lr_0 = 1.2600e-04
Loss = 1.2212e-02, PNorm = 87.2292, GNorm = 0.1945, lr_0 = 1.2594e-04
Loss = 8.4058e-03, PNorm = 87.2297, GNorm = 0.3765, lr_0 = 1.2588e-04
Loss = 9.5464e-03, PNorm = 87.2303, GNorm = 0.2757, lr_0 = 1.2582e-04
Loss = 1.3249e-02, PNorm = 87.2302, GNorm = 0.1198, lr_0 = 1.2576e-04
Loss = 1.2566e-02, PNorm = 87.2306, GNorm = 0.1148, lr_0 = 1.2569e-04
Loss = 9.2974e-03, PNorm = 87.2314, GNorm = 0.3513, lr_0 = 1.2563e-04
Loss = 9.7808e-03, PNorm = 87.2306, GNorm = 0.1761, lr_0 = 1.2557e-04
Loss = 9.3257e-03, PNorm = 87.2303, GNorm = 0.4524, lr_0 = 1.2551e-04
Loss = 1.1592e-02, PNorm = 87.2301, GNorm = 0.1535, lr_0 = 1.2545e-04
Loss = 1.6851e-02, PNorm = 87.2303, GNorm = 0.2179, lr_0 = 1.2539e-04
Loss = 1.1504e-02, PNorm = 87.2310, GNorm = 0.7403, lr_0 = 1.2533e-04
Loss = 9.4940e-03, PNorm = 87.2303, GNorm = 0.4095, lr_0 = 1.2526e-04
Loss = 9.9982e-03, PNorm = 87.2303, GNorm = 0.1993, lr_0 = 1.2520e-04
Loss = 9.7256e-03, PNorm = 87.2300, GNorm = 0.1035, lr_0 = 1.2514e-04
Loss = 1.3945e-02, PNorm = 87.2299, GNorm = 0.2811, lr_0 = 1.2508e-04
Loss = 1.3808e-02, PNorm = 87.2306, GNorm = 0.1247, lr_0 = 1.2502e-04
Loss = 1.2601e-02, PNorm = 87.2321, GNorm = 0.3824, lr_0 = 1.2496e-04
Loss = 1.1369e-02, PNorm = 87.2324, GNorm = 0.4181, lr_0 = 1.2490e-04
Loss = 1.1336e-02, PNorm = 87.2337, GNorm = 0.2894, lr_0 = 1.2483e-04
Loss = 1.0024e-02, PNorm = 87.2340, GNorm = 0.4652, lr_0 = 1.2477e-04
Loss = 8.5265e-03, PNorm = 87.2334, GNorm = 0.1964, lr_0 = 1.2471e-04
Loss = 1.4724e-02, PNorm = 87.2334, GNorm = 0.1910, lr_0 = 1.2465e-04
Loss = 1.2384e-02, PNorm = 87.2334, GNorm = 0.1274, lr_0 = 1.2459e-04
Loss = 6.7241e-03, PNorm = 87.2331, GNorm = 0.1963, lr_0 = 1.2453e-04
Loss = 1.4961e-02, PNorm = 87.2329, GNorm = 0.0588, lr_0 = 1.2447e-04
Loss = 1.5723e-02, PNorm = 87.2329, GNorm = 0.2214, lr_0 = 1.2441e-04
Loss = 1.1687e-02, PNorm = 87.2332, GNorm = 0.4555, lr_0 = 1.2435e-04
Loss = 1.1342e-02, PNorm = 87.2340, GNorm = 0.7553, lr_0 = 1.2429e-04
Loss = 1.0893e-02, PNorm = 87.2348, GNorm = 0.2502, lr_0 = 1.2422e-04
Loss = 1.3168e-02, PNorm = 87.2349, GNorm = 0.4825, lr_0 = 1.2416e-04
Loss = 1.2990e-02, PNorm = 87.2346, GNorm = 0.1030, lr_0 = 1.2410e-04
Loss = 9.8146e-03, PNorm = 87.2340, GNorm = 0.4152, lr_0 = 1.2404e-04
Loss = 8.9399e-03, PNorm = 87.2337, GNorm = 0.2487, lr_0 = 1.2398e-04
Loss = 9.5661e-03, PNorm = 87.2339, GNorm = 0.2901, lr_0 = 1.2392e-04
Loss = 7.7946e-03, PNorm = 87.2346, GNorm = 0.4002, lr_0 = 1.2386e-04
Loss = 1.0013e-02, PNorm = 87.2349, GNorm = 0.1626, lr_0 = 1.2380e-04
Loss = 1.4535e-02, PNorm = 87.2349, GNorm = 0.3789, lr_0 = 1.2374e-04
Loss = 1.6253e-02, PNorm = 87.2358, GNorm = 0.5565, lr_0 = 1.2368e-04
Loss = 1.1869e-02, PNorm = 87.2362, GNorm = 0.2699, lr_0 = 1.2362e-04
Loss = 1.3218e-02, PNorm = 87.2364, GNorm = 0.1444, lr_0 = 1.2356e-04
Loss = 1.3538e-02, PNorm = 87.2359, GNorm = 0.4449, lr_0 = 1.2350e-04
Loss = 1.0247e-02, PNorm = 87.2355, GNorm = 0.1852, lr_0 = 1.2344e-04
Loss = 1.0923e-02, PNorm = 87.2355, GNorm = 0.3897, lr_0 = 1.2338e-04
Loss = 6.7382e-03, PNorm = 87.2362, GNorm = 0.3443, lr_0 = 1.2331e-04
Loss = 9.4689e-03, PNorm = 87.2364, GNorm = 0.2583, lr_0 = 1.2325e-04
Loss = 1.0343e-02, PNorm = 87.2361, GNorm = 0.2350, lr_0 = 1.2319e-04
Loss = 9.6615e-03, PNorm = 87.2357, GNorm = 0.3072, lr_0 = 1.2313e-04
Loss = 1.0210e-02, PNorm = 87.2363, GNorm = 0.2992, lr_0 = 1.2307e-04
Loss = 1.1911e-02, PNorm = 87.2381, GNorm = 0.2603, lr_0 = 1.2301e-04
Loss = 9.8408e-03, PNorm = 87.2391, GNorm = 0.1849, lr_0 = 1.2295e-04
Loss = 9.2254e-03, PNorm = 87.2393, GNorm = 0.4971, lr_0 = 1.2289e-04
Loss = 1.0722e-02, PNorm = 87.2395, GNorm = 0.3259, lr_0 = 1.2283e-04
Loss = 1.2044e-02, PNorm = 87.2400, GNorm = 0.4245, lr_0 = 1.2277e-04
Loss = 9.6403e-03, PNorm = 87.2397, GNorm = 0.1863, lr_0 = 1.2271e-04
Loss = 7.3442e-03, PNorm = 87.2393, GNorm = 0.1192, lr_0 = 1.2265e-04
Loss = 1.1135e-02, PNorm = 87.2390, GNorm = 0.2659, lr_0 = 1.2259e-04
Loss = 7.8590e-03, PNorm = 87.2389, GNorm = 0.4583, lr_0 = 1.2253e-04
Loss = 1.3603e-02, PNorm = 87.2394, GNorm = 0.1133, lr_0 = 1.2247e-04
Loss = 1.0329e-02, PNorm = 87.2401, GNorm = 0.1073, lr_0 = 1.2241e-04
Loss = 9.4638e-03, PNorm = 87.2405, GNorm = 0.2302, lr_0 = 1.2235e-04
Loss = 9.1715e-03, PNorm = 87.2407, GNorm = 0.3534, lr_0 = 1.2229e-04
Loss = 1.0629e-02, PNorm = 87.2408, GNorm = 0.1398, lr_0 = 1.2223e-04
Loss = 1.4423e-02, PNorm = 87.2410, GNorm = 0.2955, lr_0 = 1.2217e-04
Loss = 8.3314e-03, PNorm = 87.2417, GNorm = 0.2104, lr_0 = 1.2211e-04
Loss = 1.0090e-02, PNorm = 87.2427, GNorm = 0.3341, lr_0 = 1.2205e-04
Loss = 7.3718e-03, PNorm = 87.2433, GNorm = 0.0617, lr_0 = 1.2199e-04
Loss = 1.2087e-02, PNorm = 87.2433, GNorm = 0.1500, lr_0 = 1.2193e-04
Loss = 1.1740e-02, PNorm = 87.2427, GNorm = 0.1586, lr_0 = 1.2187e-04
Loss = 9.8770e-03, PNorm = 87.2416, GNorm = 0.1095, lr_0 = 1.2181e-04
Loss = 1.0361e-02, PNorm = 87.2407, GNorm = 0.1961, lr_0 = 1.2175e-04
Loss = 1.0119e-02, PNorm = 87.2411, GNorm = 0.2815, lr_0 = 1.2169e-04
Loss = 1.1929e-02, PNorm = 87.2413, GNorm = 0.3038, lr_0 = 1.2163e-04
Loss = 8.4673e-03, PNorm = 87.2414, GNorm = 0.1521, lr_0 = 1.2157e-04
Loss = 8.4601e-03, PNorm = 87.2415, GNorm = 0.2816, lr_0 = 1.2152e-04
Loss = 8.8022e-03, PNorm = 87.2423, GNorm = 0.0801, lr_0 = 1.2146e-04
Loss = 1.0683e-02, PNorm = 87.2420, GNorm = 0.4592, lr_0 = 1.2140e-04
Loss = 9.9869e-03, PNorm = 87.2425, GNorm = 0.1899, lr_0 = 1.2134e-04
Loss = 1.3396e-02, PNorm = 87.2438, GNorm = 0.2178, lr_0 = 1.2128e-04
Loss = 1.5413e-02, PNorm = 87.2444, GNorm = 0.1513, lr_0 = 1.2122e-04
Loss = 9.5875e-03, PNorm = 87.2446, GNorm = 0.4967, lr_0 = 1.2116e-04
Loss = 1.0880e-02, PNorm = 87.2453, GNorm = 0.2024, lr_0 = 1.2110e-04
Loss = 1.2425e-02, PNorm = 87.2456, GNorm = 0.4164, lr_0 = 1.2104e-04
Loss = 8.9746e-03, PNorm = 87.2458, GNorm = 0.4624, lr_0 = 1.2098e-04
Loss = 1.4000e-02, PNorm = 87.2458, GNorm = 0.3755, lr_0 = 1.2092e-04
Loss = 1.1735e-02, PNorm = 87.2453, GNorm = 0.1770, lr_0 = 1.2086e-04
Loss = 1.5502e-02, PNorm = 87.2453, GNorm = 0.1235, lr_0 = 1.2080e-04
Loss = 1.4542e-02, PNorm = 87.2456, GNorm = 0.1840, lr_0 = 1.2074e-04
Loss = 9.4482e-03, PNorm = 87.2459, GNorm = 0.3158, lr_0 = 1.2068e-04
Loss = 1.0477e-02, PNorm = 87.2463, GNorm = 0.1000, lr_0 = 1.2063e-04
Loss = 1.1553e-02, PNorm = 87.2465, GNorm = 0.1246, lr_0 = 1.2057e-04
Loss = 1.2987e-02, PNorm = 87.2473, GNorm = 0.6896, lr_0 = 1.2051e-04
Loss = 9.3774e-03, PNorm = 87.2475, GNorm = 0.1213, lr_0 = 1.2045e-04
Loss = 1.0847e-02, PNorm = 87.2469, GNorm = 0.2967, lr_0 = 1.2039e-04
Loss = 1.5803e-02, PNorm = 87.2478, GNorm = 0.8612, lr_0 = 1.2033e-04
Loss = 8.9254e-03, PNorm = 87.2478, GNorm = 0.1918, lr_0 = 1.2027e-04
Loss = 1.5111e-02, PNorm = 87.2474, GNorm = 0.4744, lr_0 = 1.2021e-04
Loss = 1.2431e-02, PNorm = 87.2473, GNorm = 0.1244, lr_0 = 1.2015e-04
Loss = 7.8533e-03, PNorm = 87.2471, GNorm = 0.1406, lr_0 = 1.2009e-04
Loss = 1.0527e-02, PNorm = 87.2469, GNorm = 0.2312, lr_0 = 1.2004e-04
Loss = 1.4661e-02, PNorm = 87.2461, GNorm = 0.4477, lr_0 = 1.1998e-04
Loss = 9.8367e-03, PNorm = 87.2457, GNorm = 0.4064, lr_0 = 1.1992e-04
Loss = 1.2012e-02, PNorm = 87.2454, GNorm = 0.3820, lr_0 = 1.1986e-04
Loss = 1.2223e-02, PNorm = 87.2455, GNorm = 0.1793, lr_0 = 1.1980e-04
Loss = 9.4024e-03, PNorm = 87.2460, GNorm = 0.1431, lr_0 = 1.1974e-04
Loss = 1.1900e-02, PNorm = 87.2467, GNorm = 0.3397, lr_0 = 1.1968e-04
Loss = 1.0840e-02, PNorm = 87.2468, GNorm = 0.2232, lr_0 = 1.1962e-04
Loss = 1.2192e-02, PNorm = 87.2461, GNorm = 0.3413, lr_0 = 1.1957e-04
Loss = 1.0135e-02, PNorm = 87.2455, GNorm = 0.3026, lr_0 = 1.1951e-04
Loss = 1.2079e-02, PNorm = 87.2462, GNorm = 0.1815, lr_0 = 1.1945e-04
Loss = 7.9613e-03, PNorm = 87.2466, GNorm = 0.1108, lr_0 = 1.1939e-04
Loss = 9.3054e-03, PNorm = 87.2472, GNorm = 0.3724, lr_0 = 1.1933e-04
Loss = 1.1887e-02, PNorm = 87.2477, GNorm = 0.2937, lr_0 = 1.1927e-04
Loss = 1.0965e-02, PNorm = 87.2474, GNorm = 0.1381, lr_0 = 1.1922e-04
Loss = 6.9546e-03, PNorm = 87.2476, GNorm = 0.3679, lr_0 = 1.1916e-04
Loss = 1.0201e-02, PNorm = 87.2475, GNorm = 0.5572, lr_0 = 1.1910e-04
Loss = 1.1013e-02, PNorm = 87.2477, GNorm = 0.0979, lr_0 = 1.1904e-04
Loss = 1.4302e-02, PNorm = 87.2477, GNorm = 0.3053, lr_0 = 1.1898e-04
Loss = 1.1600e-02, PNorm = 87.2488, GNorm = 0.2327, lr_0 = 1.1892e-04
Loss = 1.0450e-02, PNorm = 87.2497, GNorm = 0.2512, lr_0 = 1.1887e-04
Loss = 1.0472e-02, PNorm = 87.2500, GNorm = 0.3951, lr_0 = 1.1881e-04
Loss = 1.2188e-02, PNorm = 87.2490, GNorm = 0.2369, lr_0 = 1.1875e-04
Loss = 1.1928e-02, PNorm = 87.2485, GNorm = 0.1168, lr_0 = 1.1869e-04
Loss = 1.0058e-02, PNorm = 87.2487, GNorm = 0.4397, lr_0 = 1.1863e-04
Loss = 9.4174e-03, PNorm = 87.2493, GNorm = 0.2344, lr_0 = 1.1857e-04
Loss = 1.1006e-02, PNorm = 87.2494, GNorm = 0.1641, lr_0 = 1.1852e-04
Loss = 1.2100e-02, PNorm = 87.2494, GNorm = 0.4510, lr_0 = 1.1846e-04
Loss = 1.0516e-02, PNorm = 87.2493, GNorm = 0.2756, lr_0 = 1.1840e-04
Loss = 1.1579e-02, PNorm = 87.2496, GNorm = 0.6434, lr_0 = 1.1834e-04
Loss = 1.0016e-02, PNorm = 87.2500, GNorm = 0.2705, lr_0 = 1.1828e-04
Loss = 1.2060e-02, PNorm = 87.2501, GNorm = 0.2913, lr_0 = 1.1823e-04
Loss = 1.0003e-02, PNorm = 87.2504, GNorm = 0.3219, lr_0 = 1.1817e-04
Loss = 1.3409e-02, PNorm = 87.2509, GNorm = 0.5563, lr_0 = 1.1811e-04
Loss = 1.5419e-02, PNorm = 87.2512, GNorm = 0.3113, lr_0 = 1.1805e-04
Loss = 1.0435e-02, PNorm = 87.2509, GNorm = 0.1321, lr_0 = 1.1799e-04
Loss = 1.2436e-02, PNorm = 87.2515, GNorm = 0.1355, lr_0 = 1.1794e-04
Loss = 8.1294e-03, PNorm = 87.2519, GNorm = 0.4040, lr_0 = 1.1788e-04
Loss = 1.1710e-02, PNorm = 87.2515, GNorm = 0.2740, lr_0 = 1.1782e-04
Loss = 1.0170e-02, PNorm = 87.2505, GNorm = 0.5382, lr_0 = 1.1776e-04
Loss = 1.0978e-02, PNorm = 87.2504, GNorm = 0.3017, lr_0 = 1.1771e-04
Loss = 1.3465e-02, PNorm = 87.2511, GNorm = 0.1305, lr_0 = 1.1765e-04
Loss = 7.2837e-03, PNorm = 87.2524, GNorm = 0.1259, lr_0 = 1.1759e-04
Loss = 1.3489e-02, PNorm = 87.2531, GNorm = 0.3420, lr_0 = 1.1753e-04
Loss = 9.8913e-03, PNorm = 87.2537, GNorm = 0.4500, lr_0 = 1.1748e-04
Loss = 1.2664e-02, PNorm = 87.2540, GNorm = 0.4003, lr_0 = 1.1742e-04
Loss = 6.9558e-03, PNorm = 87.2541, GNorm = 0.1550, lr_0 = 1.1736e-04
Loss = 1.0983e-02, PNorm = 87.2541, GNorm = 0.3681, lr_0 = 1.1730e-04
Loss = 1.4025e-02, PNorm = 87.2548, GNorm = 0.2048, lr_0 = 1.1725e-04
Loss = 1.2781e-02, PNorm = 87.2556, GNorm = 0.2381, lr_0 = 1.1719e-04
Loss = 1.4494e-02, PNorm = 87.2561, GNorm = 0.4336, lr_0 = 1.1713e-04
Loss = 1.0983e-02, PNorm = 87.2561, GNorm = 0.5319, lr_0 = 1.1707e-04
Loss = 9.7786e-03, PNorm = 87.2551, GNorm = 0.1965, lr_0 = 1.1702e-04
Loss = 1.1455e-02, PNorm = 87.2554, GNorm = 0.2683, lr_0 = 1.1696e-04
Loss = 9.1142e-03, PNorm = 87.2556, GNorm = 0.1322, lr_0 = 1.1690e-04
Loss = 1.2568e-02, PNorm = 87.2553, GNorm = 0.2621, lr_0 = 1.1684e-04
Loss = 1.0248e-02, PNorm = 87.2549, GNorm = 0.2422, lr_0 = 1.1679e-04
Loss = 1.1510e-02, PNorm = 87.2545, GNorm = 0.1608, lr_0 = 1.1673e-04
Loss = 1.3222e-02, PNorm = 87.2542, GNorm = 0.5138, lr_0 = 1.1667e-04
Loss = 1.0822e-02, PNorm = 87.2549, GNorm = 0.4837, lr_0 = 1.1662e-04
Loss = 1.0457e-02, PNorm = 87.2550, GNorm = 0.1956, lr_0 = 1.1656e-04
Loss = 8.5232e-03, PNorm = 87.2542, GNorm = 0.2572, lr_0 = 1.1650e-04
Loss = 8.5764e-03, PNorm = 87.2534, GNorm = 0.2545, lr_0 = 1.1644e-04
Loss = 1.2593e-02, PNorm = 87.2536, GNorm = 0.4737, lr_0 = 1.1639e-04
Loss = 1.2609e-02, PNorm = 87.2536, GNorm = 0.0881, lr_0 = 1.1633e-04
Loss = 1.1092e-02, PNorm = 87.2537, GNorm = 0.1687, lr_0 = 1.1627e-04
Loss = 6.9100e-03, PNorm = 87.2536, GNorm = 0.3133, lr_0 = 1.1622e-04
Loss = 1.0735e-02, PNorm = 87.2539, GNorm = 0.1070, lr_0 = 1.1616e-04
Loss = 1.1245e-02, PNorm = 87.2539, GNorm = 0.1381, lr_0 = 1.1610e-04
Loss = 1.0509e-02, PNorm = 87.2536, GNorm = 0.5703, lr_0 = 1.1605e-04
Loss = 1.3225e-02, PNorm = 87.2532, GNorm = 0.1867, lr_0 = 1.1599e-04
Loss = 1.0996e-02, PNorm = 87.2540, GNorm = 0.3991, lr_0 = 1.1593e-04
Loss = 9.6913e-03, PNorm = 87.2547, GNorm = 0.3741, lr_0 = 1.1587e-04
Loss = 1.2337e-02, PNorm = 87.2543, GNorm = 0.1591, lr_0 = 1.1582e-04
Loss = 1.0218e-02, PNorm = 87.2536, GNorm = 0.3201, lr_0 = 1.1576e-04
Loss = 1.4021e-02, PNorm = 87.2536, GNorm = 0.0772, lr_0 = 1.1570e-04
Loss = 1.1081e-02, PNorm = 87.2540, GNorm = 0.1443, lr_0 = 1.1565e-04
Loss = 1.2930e-02, PNorm = 87.2538, GNorm = 0.3182, lr_0 = 1.1559e-04
Loss = 1.5199e-02, PNorm = 87.2535, GNorm = 0.3196, lr_0 = 1.1553e-04
Loss = 8.7804e-03, PNorm = 87.2533, GNorm = 0.3599, lr_0 = 1.1548e-04
Loss = 1.2305e-02, PNorm = 87.2533, GNorm = 0.5445, lr_0 = 1.1542e-04
Loss = 1.1542e-02, PNorm = 87.2536, GNorm = 0.5987, lr_0 = 1.1537e-04
Loss = 1.2070e-02, PNorm = 87.2538, GNorm = 0.2713, lr_0 = 1.1531e-04
Loss = 1.0193e-02, PNorm = 87.2543, GNorm = 0.7081, lr_0 = 1.1525e-04
Loss = 1.5088e-02, PNorm = 87.2540, GNorm = 0.3127, lr_0 = 1.1520e-04
Loss = 1.1725e-02, PNorm = 87.2534, GNorm = 0.4345, lr_0 = 1.1514e-04
Loss = 1.0497e-02, PNorm = 87.2529, GNorm = 0.2246, lr_0 = 1.1508e-04
Loss = 1.0991e-02, PNorm = 87.2529, GNorm = 0.3227, lr_0 = 1.1503e-04
Loss = 1.0789e-02, PNorm = 87.2541, GNorm = 0.6335, lr_0 = 1.1497e-04
Loss = 1.1609e-02, PNorm = 87.2548, GNorm = 0.3832, lr_0 = 1.1491e-04
Loss = 1.3839e-02, PNorm = 87.2548, GNorm = 0.2276, lr_0 = 1.1486e-04
Loss = 1.1662e-02, PNorm = 87.2550, GNorm = 0.2903, lr_0 = 1.1480e-04
Loss = 1.1767e-02, PNorm = 87.2550, GNorm = 0.2079, lr_0 = 1.1474e-04
Loss = 1.6390e-02, PNorm = 87.2547, GNorm = 0.3585, lr_0 = 1.1469e-04
Loss = 1.2418e-02, PNorm = 87.2544, GNorm = 0.3079, lr_0 = 1.1463e-04
Loss = 1.3608e-02, PNorm = 87.2538, GNorm = 0.2062, lr_0 = 1.1458e-04
Loss = 1.1375e-02, PNorm = 87.2538, GNorm = 0.2023, lr_0 = 1.1452e-04
Loss = 1.0386e-02, PNorm = 87.2545, GNorm = 0.2672, lr_0 = 1.1446e-04
Loss = 1.0877e-02, PNorm = 87.2546, GNorm = 0.1468, lr_0 = 1.1441e-04
Loss = 1.4355e-02, PNorm = 87.2547, GNorm = 0.4947, lr_0 = 1.1435e-04
Loss = 8.6142e-03, PNorm = 87.2549, GNorm = 0.3622, lr_0 = 1.1430e-04
Loss = 9.2272e-03, PNorm = 87.2556, GNorm = 0.1853, lr_0 = 1.1424e-04
Loss = 9.0335e-03, PNorm = 87.2563, GNorm = 0.2587, lr_0 = 1.1418e-04
Loss = 1.3367e-02, PNorm = 87.2566, GNorm = 0.4234, lr_0 = 1.1413e-04
Loss = 1.1870e-02, PNorm = 87.2567, GNorm = 0.6194, lr_0 = 1.1407e-04
Loss = 1.4562e-02, PNorm = 87.2570, GNorm = 0.2797, lr_0 = 1.1402e-04
Loss = 1.3500e-02, PNorm = 87.2574, GNorm = 0.2298, lr_0 = 1.1396e-04
Loss = 1.1244e-02, PNorm = 87.2576, GNorm = 0.2402, lr_0 = 1.1390e-04
Loss = 8.6116e-03, PNorm = 87.2572, GNorm = 0.2296, lr_0 = 1.1385e-04
Loss = 1.2460e-02, PNorm = 87.2573, GNorm = 0.2284, lr_0 = 1.1379e-04
Loss = 1.4019e-02, PNorm = 87.2580, GNorm = 0.5229, lr_0 = 1.1374e-04
Loss = 1.3566e-02, PNorm = 87.2588, GNorm = 0.6903, lr_0 = 1.1368e-04
Loss = 9.2595e-03, PNorm = 87.2588, GNorm = 0.1523, lr_0 = 1.1363e-04
Loss = 1.0537e-02, PNorm = 87.2585, GNorm = 0.2622, lr_0 = 1.1357e-04
Loss = 1.1907e-02, PNorm = 87.2591, GNorm = 0.6851, lr_0 = 1.1351e-04
Loss = 1.6493e-02, PNorm = 87.2593, GNorm = 0.4806, lr_0 = 1.1346e-04
Loss = 9.3321e-03, PNorm = 87.2596, GNorm = 0.2209, lr_0 = 1.1340e-04
Loss = 1.1640e-02, PNorm = 87.2594, GNorm = 0.4308, lr_0 = 1.1335e-04
Loss = 9.4893e-03, PNorm = 87.2593, GNorm = 0.2725, lr_0 = 1.1329e-04
Loss = 7.5676e-03, PNorm = 87.2598, GNorm = 0.1068, lr_0 = 1.1324e-04
Loss = 9.9606e-03, PNorm = 87.2594, GNorm = 0.1860, lr_0 = 1.1318e-04
Loss = 8.3948e-03, PNorm = 87.2591, GNorm = 0.1413, lr_0 = 1.1313e-04
Loss = 1.2150e-02, PNorm = 87.2600, GNorm = 0.3126, lr_0 = 1.1307e-04
Loss = 1.0285e-02, PNorm = 87.2607, GNorm = 0.4102, lr_0 = 1.1302e-04
Loss = 1.2649e-02, PNorm = 87.2614, GNorm = 0.2036, lr_0 = 1.1296e-04
Loss = 1.4563e-02, PNorm = 87.2610, GNorm = 0.6886, lr_0 = 1.1290e-04
Loss = 1.5982e-02, PNorm = 87.2606, GNorm = 0.4203, lr_0 = 1.1285e-04
Loss = 1.2287e-02, PNorm = 87.2609, GNorm = 0.4437, lr_0 = 1.1279e-04
Loss = 9.7562e-03, PNorm = 87.2610, GNorm = 0.1546, lr_0 = 1.1274e-04
Loss = 1.3663e-02, PNorm = 87.2612, GNorm = 0.4132, lr_0 = 1.1268e-04
Loss = 9.7715e-03, PNorm = 87.2621, GNorm = 0.2040, lr_0 = 1.1263e-04
Loss = 1.2421e-02, PNorm = 87.2621, GNorm = 0.1586, lr_0 = 1.1257e-04
Loss = 1.2856e-02, PNorm = 87.2618, GNorm = 0.2043, lr_0 = 1.1252e-04
Loss = 8.4266e-03, PNorm = 87.2621, GNorm = 0.0763, lr_0 = 1.1246e-04
Loss = 1.2564e-02, PNorm = 87.2625, GNorm = 0.5062, lr_0 = 1.1241e-04
Loss = 1.2022e-02, PNorm = 87.2628, GNorm = 0.1694, lr_0 = 1.1235e-04
Loss = 1.0990e-02, PNorm = 87.2632, GNorm = 0.3188, lr_0 = 1.1230e-04
Loss = 1.3944e-02, PNorm = 87.2633, GNorm = 0.3615, lr_0 = 1.1224e-04
Loss = 1.2602e-02, PNorm = 87.2635, GNorm = 0.1641, lr_0 = 1.1219e-04
Loss = 1.1319e-02, PNorm = 87.2639, GNorm = 0.1044, lr_0 = 1.1213e-04
Loss = 8.9989e-03, PNorm = 87.2637, GNorm = 0.1361, lr_0 = 1.1208e-04
Loss = 1.3142e-02, PNorm = 87.2638, GNorm = 0.3137, lr_0 = 1.1202e-04
Loss = 9.4995e-03, PNorm = 87.2644, GNorm = 0.1726, lr_0 = 1.1197e-04
Loss = 1.1867e-02, PNorm = 87.2647, GNorm = 0.1675, lr_0 = 1.1191e-04
Loss = 1.5066e-02, PNorm = 87.2653, GNorm = 0.1578, lr_0 = 1.1186e-04
Loss = 1.3729e-02, PNorm = 87.2651, GNorm = 0.1756, lr_0 = 1.1180e-04
Loss = 1.2056e-02, PNorm = 87.2653, GNorm = 0.5369, lr_0 = 1.1175e-04
Loss = 1.0214e-02, PNorm = 87.2660, GNorm = 0.3657, lr_0 = 1.1169e-04
Loss = 8.2137e-03, PNorm = 87.2672, GNorm = 0.1432, lr_0 = 1.1164e-04
Loss = 1.0071e-02, PNorm = 87.2673, GNorm = 0.3890, lr_0 = 1.1158e-04
Loss = 9.0388e-03, PNorm = 87.2671, GNorm = 0.0901, lr_0 = 1.1153e-04
Loss = 1.1346e-02, PNorm = 87.2680, GNorm = 0.3994, lr_0 = 1.1148e-04
Loss = 8.0934e-03, PNorm = 87.2683, GNorm = 0.1373, lr_0 = 1.1142e-04
Loss = 9.2821e-03, PNorm = 87.2679, GNorm = 0.4069, lr_0 = 1.1137e-04
Loss = 8.1597e-03, PNorm = 87.2680, GNorm = 0.0895, lr_0 = 1.1131e-04
Loss = 9.8655e-03, PNorm = 87.2684, GNorm = 0.5485, lr_0 = 1.1126e-04
Loss = 1.0943e-02, PNorm = 87.2682, GNorm = 0.1521, lr_0 = 1.1120e-04
Loss = 1.1994e-02, PNorm = 87.2680, GNorm = 0.2727, lr_0 = 1.1115e-04
Loss = 1.2419e-02, PNorm = 87.2682, GNorm = 0.5018, lr_0 = 1.1109e-04
Loss = 9.2974e-03, PNorm = 87.2687, GNorm = 0.2887, lr_0 = 1.1104e-04
Loss = 9.2412e-03, PNorm = 87.2694, GNorm = 0.1010, lr_0 = 1.1098e-04
Loss = 1.1111e-02, PNorm = 87.2695, GNorm = 0.1801, lr_0 = 1.1093e-04
Loss = 1.2214e-02, PNorm = 87.2693, GNorm = 0.2461, lr_0 = 1.1088e-04
Loss = 1.2456e-02, PNorm = 87.2702, GNorm = 0.1508, lr_0 = 1.1082e-04
Loss = 1.1676e-02, PNorm = 87.2699, GNorm = 0.1539, lr_0 = 1.1077e-04
Loss = 9.5698e-03, PNorm = 87.2691, GNorm = 0.3011, lr_0 = 1.1071e-04
Loss = 1.3120e-02, PNorm = 87.2684, GNorm = 0.3510, lr_0 = 1.1066e-04
Loss = 1.0094e-02, PNorm = 87.2682, GNorm = 0.5970, lr_0 = 1.1060e-04
Loss = 9.7349e-03, PNorm = 87.2685, GNorm = 0.4974, lr_0 = 1.1055e-04
Loss = 1.1393e-02, PNorm = 87.2690, GNorm = 0.4225, lr_0 = 1.1050e-04
Loss = 1.4396e-02, PNorm = 87.2691, GNorm = 0.2274, lr_0 = 1.1044e-04
Loss = 9.8783e-03, PNorm = 87.2688, GNorm = 0.1740, lr_0 = 1.1039e-04
Loss = 1.0598e-02, PNorm = 87.2693, GNorm = 0.2064, lr_0 = 1.1033e-04
Loss = 9.7424e-03, PNorm = 87.2693, GNorm = 0.3010, lr_0 = 1.1028e-04
Loss = 1.0543e-02, PNorm = 87.2690, GNorm = 0.1446, lr_0 = 1.1023e-04
Loss = 1.1170e-02, PNorm = 87.2689, GNorm = 0.1002, lr_0 = 1.1017e-04
Loss = 1.3980e-02, PNorm = 87.2698, GNorm = 0.3946, lr_0 = 1.1012e-04
Loss = 9.3820e-03, PNorm = 87.2696, GNorm = 0.2779, lr_0 = 1.1006e-04
Loss = 9.1829e-03, PNorm = 87.2688, GNorm = 0.2145, lr_0 = 1.1001e-04
Loss = 9.6463e-03, PNorm = 87.2686, GNorm = 0.2935, lr_0 = 1.0996e-04
Loss = 9.8415e-03, PNorm = 87.2690, GNorm = 0.1376, lr_0 = 1.0990e-04
Loss = 7.8024e-03, PNorm = 87.2696, GNorm = 0.1405, lr_0 = 1.0985e-04
Loss = 1.1669e-02, PNorm = 87.2702, GNorm = 0.4340, lr_0 = 1.0979e-04
Loss = 9.0920e-03, PNorm = 87.2710, GNorm = 0.3367, lr_0 = 1.0974e-04
Loss = 1.3180e-02, PNorm = 87.2713, GNorm = 0.2437, lr_0 = 1.0969e-04
Loss = 1.0253e-02, PNorm = 87.2712, GNorm = 0.3686, lr_0 = 1.0963e-04
Loss = 1.3260e-02, PNorm = 87.2714, GNorm = 0.4001, lr_0 = 1.0958e-04
Loss = 1.1636e-02, PNorm = 87.2709, GNorm = 0.1404, lr_0 = 1.0953e-04
Loss = 1.4179e-02, PNorm = 87.2699, GNorm = 0.2384, lr_0 = 1.0947e-04
Loss = 9.9786e-03, PNorm = 87.2697, GNorm = 0.1345, lr_0 = 1.0942e-04
Loss = 8.3887e-03, PNorm = 87.2703, GNorm = 0.2632, lr_0 = 1.0937e-04
Loss = 9.5394e-03, PNorm = 87.2705, GNorm = 0.2299, lr_0 = 1.0931e-04
Loss = 1.0980e-02, PNorm = 87.2714, GNorm = 0.2075, lr_0 = 1.0926e-04
Loss = 1.0857e-02, PNorm = 87.2721, GNorm = 0.3366, lr_0 = 1.0920e-04
Loss = 1.4599e-02, PNorm = 87.2733, GNorm = 0.1984, lr_0 = 1.0915e-04
Loss = 1.1891e-02, PNorm = 87.2733, GNorm = 0.4287, lr_0 = 1.0910e-04
Loss = 1.1753e-02, PNorm = 87.2733, GNorm = 0.2789, lr_0 = 1.0904e-04
Loss = 6.7417e-03, PNorm = 87.2732, GNorm = 0.5669, lr_0 = 1.0899e-04
Loss = 1.1637e-02, PNorm = 87.2729, GNorm = 0.2718, lr_0 = 1.0894e-04
Loss = 9.2408e-03, PNorm = 87.2726, GNorm = 0.2736, lr_0 = 1.0888e-04
Loss = 6.0818e-03, PNorm = 87.2731, GNorm = 0.1892, lr_0 = 1.0883e-04
Loss = 1.0582e-02, PNorm = 87.2732, GNorm = 0.1552, lr_0 = 1.0878e-04
Loss = 1.2657e-02, PNorm = 87.2729, GNorm = 0.3937, lr_0 = 1.0872e-04
Loss = 1.3489e-02, PNorm = 87.2732, GNorm = 0.8141, lr_0 = 1.0867e-04
Loss = 9.5679e-03, PNorm = 87.2731, GNorm = 0.2919, lr_0 = 1.0862e-04
Loss = 1.0475e-02, PNorm = 87.2727, GNorm = 0.2053, lr_0 = 1.0856e-04
Loss = 1.1335e-02, PNorm = 87.2727, GNorm = 0.1327, lr_0 = 1.0851e-04
Loss = 1.0268e-02, PNorm = 87.2728, GNorm = 0.1278, lr_0 = 1.0846e-04
Loss = 9.9913e-03, PNorm = 87.2731, GNorm = 0.7959, lr_0 = 1.0840e-04
Loss = 7.4491e-03, PNorm = 87.2734, GNorm = 0.1443, lr_0 = 1.0835e-04
Loss = 1.1099e-02, PNorm = 87.2737, GNorm = 0.5335, lr_0 = 1.0830e-04
Loss = 1.0478e-02, PNorm = 87.2737, GNorm = 0.3361, lr_0 = 1.0825e-04
Loss = 1.1456e-02, PNorm = 87.2735, GNorm = 0.4170, lr_0 = 1.0819e-04
Loss = 1.1327e-02, PNorm = 87.2737, GNorm = 0.1404, lr_0 = 1.0814e-04
Loss = 1.6227e-02, PNorm = 87.2746, GNorm = 0.2824, lr_0 = 1.0809e-04
Loss = 8.5220e-03, PNorm = 87.2752, GNorm = 0.1189, lr_0 = 1.0803e-04
Loss = 1.0116e-02, PNorm = 87.2754, GNorm = 0.2382, lr_0 = 1.0798e-04
Loss = 9.7911e-03, PNorm = 87.2757, GNorm = 0.5107, lr_0 = 1.0793e-04
Loss = 6.8945e-03, PNorm = 87.2757, GNorm = 0.8512, lr_0 = 1.0787e-04
Loss = 1.2301e-02, PNorm = 87.2755, GNorm = 0.3091, lr_0 = 1.0782e-04
Loss = 7.6082e-03, PNorm = 87.2757, GNorm = 0.1387, lr_0 = 1.0777e-04
Loss = 1.2704e-02, PNorm = 87.2758, GNorm = 0.3281, lr_0 = 1.0772e-04
Loss = 1.2194e-02, PNorm = 87.2760, GNorm = 0.5634, lr_0 = 1.0766e-04
Loss = 1.1075e-02, PNorm = 87.2767, GNorm = 0.2410, lr_0 = 1.0761e-04
Loss = 9.6090e-03, PNorm = 87.2773, GNorm = 0.5210, lr_0 = 1.0756e-04
Loss = 1.3143e-02, PNorm = 87.2772, GNorm = 0.3822, lr_0 = 1.0751e-04
Loss = 1.0862e-02, PNorm = 87.2781, GNorm = 0.2589, lr_0 = 1.0745e-04
Loss = 1.1322e-02, PNorm = 87.2782, GNorm = 0.1984, lr_0 = 1.0740e-04
Loss = 1.3437e-02, PNorm = 87.2787, GNorm = 0.1445, lr_0 = 1.0735e-04
Loss = 1.1443e-02, PNorm = 87.2790, GNorm = 0.0827, lr_0 = 1.0730e-04
Loss = 8.7130e-03, PNorm = 87.2794, GNorm = 0.1815, lr_0 = 1.0724e-04
Loss = 1.2779e-02, PNorm = 87.2797, GNorm = 0.4393, lr_0 = 1.0719e-04
Loss = 1.1418e-02, PNorm = 87.2798, GNorm = 0.5143, lr_0 = 1.0714e-04
Loss = 7.0877e-03, PNorm = 87.2798, GNorm = 0.1085, lr_0 = 1.0708e-04
Loss = 1.0837e-02, PNorm = 87.2801, GNorm = 0.1443, lr_0 = 1.0703e-04
Loss = 1.2258e-02, PNorm = 87.2804, GNorm = 0.5638, lr_0 = 1.0698e-04
Loss = 9.2252e-03, PNorm = 87.2802, GNorm = 0.2301, lr_0 = 1.0693e-04
Loss = 1.2255e-02, PNorm = 87.2807, GNorm = 0.2232, lr_0 = 1.0688e-04
Loss = 1.1079e-02, PNorm = 87.2817, GNorm = 0.1846, lr_0 = 1.0682e-04
Loss = 1.0295e-02, PNorm = 87.2815, GNorm = 0.1948, lr_0 = 1.0677e-04
Loss = 9.8327e-03, PNorm = 87.2810, GNorm = 0.4643, lr_0 = 1.0672e-04
Loss = 1.0061e-02, PNorm = 87.2813, GNorm = 0.2327, lr_0 = 1.0667e-04
Loss = 1.3977e-02, PNorm = 87.2813, GNorm = 0.3265, lr_0 = 1.0661e-04
Loss = 6.6458e-03, PNorm = 87.2807, GNorm = 0.3150, lr_0 = 1.0656e-04
Loss = 1.0057e-02, PNorm = 87.2807, GNorm = 0.1801, lr_0 = 1.0651e-04
Loss = 1.1208e-02, PNorm = 87.2810, GNorm = 0.3351, lr_0 = 1.0646e-04
Loss = 1.3417e-02, PNorm = 87.2808, GNorm = 0.2175, lr_0 = 1.0641e-04
Loss = 1.0132e-02, PNorm = 87.2807, GNorm = 0.6628, lr_0 = 1.0635e-04
Loss = 1.1308e-02, PNorm = 87.2801, GNorm = 0.3911, lr_0 = 1.0630e-04
Loss = 1.0789e-02, PNorm = 87.2798, GNorm = 0.2588, lr_0 = 1.0625e-04
Loss = 9.9808e-03, PNorm = 87.2797, GNorm = 0.2553, lr_0 = 1.0620e-04
Loss = 9.1529e-03, PNorm = 87.2799, GNorm = 0.3209, lr_0 = 1.0614e-04
Loss = 1.0708e-02, PNorm = 87.2799, GNorm = 0.2379, lr_0 = 1.0609e-04
Loss = 8.7077e-03, PNorm = 87.2793, GNorm = 0.1958, lr_0 = 1.0604e-04
Loss = 1.0862e-02, PNorm = 87.2794, GNorm = 0.2155, lr_0 = 1.0599e-04
Loss = 9.7577e-03, PNorm = 87.2795, GNorm = 0.4843, lr_0 = 1.0594e-04
Loss = 8.1644e-03, PNorm = 87.2791, GNorm = 0.2847, lr_0 = 1.0588e-04
Loss = 1.2761e-02, PNorm = 87.2788, GNorm = 0.5860, lr_0 = 1.0583e-04
Loss = 1.1573e-02, PNorm = 87.2780, GNorm = 0.1497, lr_0 = 1.0578e-04
Loss = 1.2873e-02, PNorm = 87.2781, GNorm = 0.3889, lr_0 = 1.0573e-04
Loss = 1.0907e-02, PNorm = 87.2780, GNorm = 0.1919, lr_0 = 1.0568e-04
Loss = 1.1661e-02, PNorm = 87.2772, GNorm = 0.1391, lr_0 = 1.0563e-04
Loss = 8.4317e-03, PNorm = 87.2771, GNorm = 0.3934, lr_0 = 1.0557e-04
Loss = 1.0138e-02, PNorm = 87.2771, GNorm = 0.5027, lr_0 = 1.0552e-04
Loss = 8.9024e-03, PNorm = 87.2773, GNorm = 0.1071, lr_0 = 1.0547e-04
Loss = 1.2406e-02, PNorm = 87.2780, GNorm = 0.2629, lr_0 = 1.0542e-04
Loss = 1.2956e-02, PNorm = 87.2789, GNorm = 0.2720, lr_0 = 1.0537e-04
Loss = 1.0485e-02, PNorm = 87.2793, GNorm = 0.0600, lr_0 = 1.0532e-04
Loss = 1.1999e-02, PNorm = 87.2800, GNorm = 0.6587, lr_0 = 1.0526e-04
Loss = 1.2681e-02, PNorm = 87.2801, GNorm = 0.2237, lr_0 = 1.0521e-04
Loss = 1.4636e-02, PNorm = 87.2798, GNorm = 0.2351, lr_0 = 1.0516e-04
Loss = 1.0340e-02, PNorm = 87.2796, GNorm = 0.1382, lr_0 = 1.0511e-04
Loss = 1.3226e-02, PNorm = 87.2794, GNorm = 0.1524, lr_0 = 1.0506e-04
Loss = 1.2808e-02, PNorm = 87.2788, GNorm = 0.0941, lr_0 = 1.0501e-04
Loss = 1.0841e-02, PNorm = 87.2786, GNorm = 0.3077, lr_0 = 1.0496e-04
Loss = 6.7898e-03, PNorm = 87.2787, GNorm = 0.2316, lr_0 = 1.0490e-04
Loss = 1.1927e-02, PNorm = 87.2790, GNorm = 0.3662, lr_0 = 1.0485e-04
Loss = 9.6419e-03, PNorm = 87.2791, GNorm = 0.3658, lr_0 = 1.0480e-04
Loss = 1.3666e-02, PNorm = 87.2796, GNorm = 0.2273, lr_0 = 1.0475e-04
Loss = 1.3387e-02, PNorm = 87.2795, GNorm = 0.5900, lr_0 = 1.0470e-04
Loss = 1.3905e-02, PNorm = 87.2795, GNorm = 0.1194, lr_0 = 1.0465e-04
Loss = 9.9538e-03, PNorm = 87.2800, GNorm = 0.2179, lr_0 = 1.0460e-04
Loss = 9.5502e-03, PNorm = 87.2804, GNorm = 0.2878, lr_0 = 1.0454e-04
Loss = 1.2993e-02, PNorm = 87.2806, GNorm = 0.6396, lr_0 = 1.0449e-04
Loss = 1.0645e-02, PNorm = 87.2806, GNorm = 0.2645, lr_0 = 1.0444e-04
Loss = 1.1301e-02, PNorm = 87.2808, GNorm = 0.2871, lr_0 = 1.0439e-04
Loss = 1.1428e-02, PNorm = 87.2805, GNorm = 0.3284, lr_0 = 1.0434e-04
Loss = 1.0129e-02, PNorm = 87.2803, GNorm = 0.1839, lr_0 = 1.0429e-04
Loss = 1.0311e-02, PNorm = 87.2807, GNorm = 0.4014, lr_0 = 1.0424e-04
Loss = 1.3014e-02, PNorm = 87.2811, GNorm = 0.3579, lr_0 = 1.0419e-04
Loss = 1.0332e-02, PNorm = 87.2819, GNorm = 0.2204, lr_0 = 1.0414e-04
Loss = 8.3137e-03, PNorm = 87.2827, GNorm = 0.2484, lr_0 = 1.0408e-04
Loss = 8.2982e-03, PNorm = 87.2829, GNorm = 0.0761, lr_0 = 1.0403e-04
Loss = 1.3629e-02, PNorm = 87.2834, GNorm = 0.1994, lr_0 = 1.0398e-04
Loss = 1.1759e-02, PNorm = 87.2842, GNorm = 0.5124, lr_0 = 1.0393e-04
Loss = 9.1266e-03, PNorm = 87.2850, GNorm = 0.3745, lr_0 = 1.0388e-04
Loss = 1.0095e-02, PNorm = 87.2851, GNorm = 0.1660, lr_0 = 1.0383e-04
Loss = 1.1638e-02, PNorm = 87.2845, GNorm = 0.2287, lr_0 = 1.0378e-04
Loss = 1.1179e-02, PNorm = 87.2844, GNorm = 0.3372, lr_0 = 1.0373e-04
Loss = 1.1874e-02, PNorm = 87.2850, GNorm = 0.2528, lr_0 = 1.0368e-04
Loss = 1.0751e-02, PNorm = 87.2849, GNorm = 0.3519, lr_0 = 1.0363e-04
Loss = 9.6154e-03, PNorm = 87.2849, GNorm = 0.5363, lr_0 = 1.0358e-04
Loss = 1.1642e-02, PNorm = 87.2852, GNorm = 0.6253, lr_0 = 1.0352e-04
Loss = 1.0903e-02, PNorm = 87.2857, GNorm = 0.3953, lr_0 = 1.0347e-04
Loss = 1.0716e-02, PNorm = 87.2861, GNorm = 0.4717, lr_0 = 1.0342e-04
Loss = 8.4427e-03, PNorm = 87.2857, GNorm = 0.3534, lr_0 = 1.0337e-04
Loss = 1.1509e-02, PNorm = 87.2859, GNorm = 0.1524, lr_0 = 1.0332e-04
Loss = 1.4315e-02, PNorm = 87.2860, GNorm = 0.2866, lr_0 = 1.0327e-04
Loss = 1.1450e-02, PNorm = 87.2857, GNorm = 0.1726, lr_0 = 1.0322e-04
Loss = 8.3810e-03, PNorm = 87.2858, GNorm = 0.1951, lr_0 = 1.0317e-04
Loss = 1.3967e-02, PNorm = 87.2863, GNorm = 0.2796, lr_0 = 1.0312e-04
Loss = 1.3282e-02, PNorm = 87.2867, GNorm = 0.4072, lr_0 = 1.0307e-04
Loss = 1.1664e-02, PNorm = 87.2874, GNorm = 0.1780, lr_0 = 1.0302e-04
Loss = 9.9745e-03, PNorm = 87.2878, GNorm = 0.2467, lr_0 = 1.0297e-04
Loss = 9.8636e-03, PNorm = 87.2875, GNorm = 0.0774, lr_0 = 1.0292e-04
Loss = 8.4353e-03, PNorm = 87.2877, GNorm = 0.4331, lr_0 = 1.0287e-04
Loss = 9.6014e-03, PNorm = 87.2875, GNorm = 0.4775, lr_0 = 1.0282e-04
Loss = 8.9902e-03, PNorm = 87.2875, GNorm = 0.0922, lr_0 = 1.0277e-04
Loss = 1.0643e-02, PNorm = 87.2877, GNorm = 0.3842, lr_0 = 1.0272e-04
Loss = 1.1470e-02, PNorm = 87.2877, GNorm = 0.1778, lr_0 = 1.0267e-04
Loss = 9.4740e-03, PNorm = 87.2886, GNorm = 0.2535, lr_0 = 1.0262e-04
Loss = 1.0827e-02, PNorm = 87.2892, GNorm = 0.1748, lr_0 = 1.0257e-04
Loss = 1.3701e-02, PNorm = 87.2886, GNorm = 0.2475, lr_0 = 1.0252e-04
Loss = 9.0011e-03, PNorm = 87.2882, GNorm = 0.1288, lr_0 = 1.0247e-04
Loss = 9.5013e-03, PNorm = 87.2883, GNorm = 0.4304, lr_0 = 1.0241e-04
Loss = 5.4895e-03, PNorm = 87.2881, GNorm = 0.1148, lr_0 = 1.0236e-04
Loss = 9.1432e-03, PNorm = 87.2882, GNorm = 0.5509, lr_0 = 1.0231e-04
Loss = 9.4217e-03, PNorm = 87.2886, GNorm = 0.1557, lr_0 = 1.0226e-04
Loss = 1.1410e-02, PNorm = 87.2886, GNorm = 0.2280, lr_0 = 1.0221e-04
Loss = 1.1458e-02, PNorm = 87.2888, GNorm = 0.2430, lr_0 = 1.0216e-04
Loss = 1.3261e-02, PNorm = 87.2897, GNorm = 0.4024, lr_0 = 1.0211e-04
Loss = 1.3507e-02, PNorm = 87.2906, GNorm = 0.5721, lr_0 = 1.0206e-04
Loss = 1.6363e-02, PNorm = 87.2915, GNorm = 0.5533, lr_0 = 1.0201e-04
Loss = 8.3807e-03, PNorm = 87.2919, GNorm = 0.2277, lr_0 = 1.0196e-04
Loss = 7.6033e-03, PNorm = 87.2922, GNorm = 0.1412, lr_0 = 1.0191e-04
Loss = 8.0886e-03, PNorm = 87.2927, GNorm = 0.3441, lr_0 = 1.0186e-04
Loss = 1.0169e-02, PNorm = 87.2923, GNorm = 0.3843, lr_0 = 1.0181e-04
Loss = 1.0483e-02, PNorm = 87.2914, GNorm = 0.2452, lr_0 = 1.0176e-04
Loss = 1.1744e-02, PNorm = 87.2911, GNorm = 0.4700, lr_0 = 1.0171e-04
Loss = 1.0092e-02, PNorm = 87.2912, GNorm = 0.2625, lr_0 = 1.0166e-04
Loss = 8.6880e-03, PNorm = 87.2914, GNorm = 0.3191, lr_0 = 1.0162e-04
Loss = 1.4524e-02, PNorm = 87.2909, GNorm = 0.3599, lr_0 = 1.0157e-04
Loss = 1.1286e-02, PNorm = 87.2908, GNorm = 0.1032, lr_0 = 1.0152e-04
Loss = 8.7639e-03, PNorm = 87.2911, GNorm = 0.1919, lr_0 = 1.0147e-04
Loss = 8.2845e-03, PNorm = 87.2915, GNorm = 0.1046, lr_0 = 1.0142e-04
Loss = 9.9327e-03, PNorm = 87.2921, GNorm = 0.2496, lr_0 = 1.0137e-04
Loss = 1.1037e-02, PNorm = 87.2917, GNorm = 0.3110, lr_0 = 1.0132e-04
Loss = 1.1241e-02, PNorm = 87.2907, GNorm = 0.1098, lr_0 = 1.0127e-04
Loss = 1.3009e-02, PNorm = 87.2905, GNorm = 0.2367, lr_0 = 1.0122e-04
Loss = 1.3440e-02, PNorm = 87.2902, GNorm = 0.3779, lr_0 = 1.0117e-04
Loss = 1.0586e-02, PNorm = 87.2906, GNorm = 0.3325, lr_0 = 1.0112e-04
Loss = 1.1330e-02, PNorm = 87.2917, GNorm = 0.4639, lr_0 = 1.0107e-04
Loss = 1.2085e-02, PNorm = 87.2929, GNorm = 0.1860, lr_0 = 1.0102e-04
Loss = 1.1472e-02, PNorm = 87.2932, GNorm = 0.1056, lr_0 = 1.0097e-04
Loss = 9.7872e-03, PNorm = 87.2934, GNorm = 0.3196, lr_0 = 1.0092e-04
Loss = 1.1070e-02, PNorm = 87.2935, GNorm = 0.2394, lr_0 = 1.0087e-04
Loss = 1.1524e-02, PNorm = 87.2935, GNorm = 0.4016, lr_0 = 1.0082e-04
Loss = 8.9647e-03, PNorm = 87.2938, GNorm = 0.1180, lr_0 = 1.0077e-04
Loss = 1.1197e-02, PNorm = 87.2941, GNorm = 0.3525, lr_0 = 1.0072e-04
Loss = 1.1448e-02, PNorm = 87.2946, GNorm = 0.1515, lr_0 = 1.0067e-04
Loss = 1.2771e-02, PNorm = 87.2945, GNorm = 0.4673, lr_0 = 1.0062e-04
Loss = 1.1512e-02, PNorm = 87.2952, GNorm = 0.1986, lr_0 = 1.0057e-04
Loss = 6.1310e-03, PNorm = 87.2955, GNorm = 0.0834, lr_0 = 1.0053e-04
Loss = 1.1384e-02, PNorm = 87.2956, GNorm = 0.3078, lr_0 = 1.0048e-04
Loss = 9.0893e-03, PNorm = 87.2955, GNorm = 0.3861, lr_0 = 1.0043e-04
Loss = 1.4339e-02, PNorm = 87.2955, GNorm = 0.4400, lr_0 = 1.0038e-04
Loss = 1.0238e-02, PNorm = 87.2954, GNorm = 0.1417, lr_0 = 1.0033e-04
Loss = 1.1745e-02, PNorm = 87.2953, GNorm = 0.5293, lr_0 = 1.0028e-04
Loss = 1.2189e-02, PNorm = 87.2955, GNorm = 0.0669, lr_0 = 1.0023e-04
Loss = 1.0818e-02, PNorm = 87.2958, GNorm = 0.4917, lr_0 = 1.0018e-04
Loss = 1.1079e-02, PNorm = 87.2959, GNorm = 0.4006, lr_0 = 1.0013e-04
Loss = 8.3398e-03, PNorm = 87.2960, GNorm = 0.1801, lr_0 = 1.0008e-04
Loss = 1.2434e-02, PNorm = 87.2959, GNorm = 0.3779, lr_0 = 1.0003e-04
Loss = 1.0471e-02, PNorm = 87.2958, GNorm = 0.1292, lr_0 = 1.0000e-04
Validation r2 = 0.989047
Model 0 best validation r2 = -inf on epoch 4
Loading pretrained parameter "encoder.encoder.0.cached_zero_vector".
Loading pretrained parameter "encoder.encoder.0.W_i.weight".
Loading pretrained parameter "encoder.encoder.0.W_h.weight".
Loading pretrained parameter "encoder.encoder.0.W_o.weight".
Loading pretrained parameter "encoder.encoder.0.W_o.bias".
Loading pretrained parameter "encoder.encoder.1.cached_zero_vector".
Loading pretrained parameter "encoder.encoder.1.W_i.weight".
Loading pretrained parameter "encoder.encoder.1.W_h.weight".
Loading pretrained parameter "encoder.encoder.1.W_o.weight".
Loading pretrained parameter "encoder.encoder.1.W_o.bias".
Loading pretrained parameter "ffn.1.weight".
Loading pretrained parameter "ffn.1.bias".
Loading pretrained parameter "ffn.4.weight".
Loading pretrained parameter "ffn.4.bias".
Moving model to cuda
Model 0 provided with no test set, no metric evaluation will be performed.
Ensemble test r2 = nan
1-fold cross validation
	Seed 0 ==> test r2 = nan
Overall test r2 = nan +/- nan
Elapsed time = 2:21:35
