,Unnamed: 0,Smiles
0,0,[NH3+]Cc1ncc2ccccc2n1
1,1,CCOC(=O)c1cc(CC)sc1NC(=O)CN1C(=O)N(C)C2(CCCCC2)C1=O
2,2,CCCOC(=O)c1ccc(N2C(=O)C(=O)C(=C([O-])c3cccc(OCC(C)C)c3)C2c2cccs2)cc1
3,3,COc1c(F)ccc2c1C(CC(=O)[O-])CO2
4,4,COCCNC(=O)c1sc(NC(=O)c2ccccc2OC)nc1C
5,5,CCCc1nc2ccc(Br)cc2c(=O)n1N=Cc1ccc(OCC#N)c(OCC)c1
6,6,CCC12C=CC3C(C(C)C)CCC31CC[NH+](C)CO2
7,7,Cc1ccc(C(C[NH3+])N(C)Cc2cc(C)on2)s1
8,8,CCn1cccc1C=C1SC(=S)N(CC(=O)Nc2ccc(F)c(Cl)c2)C1=O
9,9,COc1cc2c(cc1Cl)-c1c(C(=O)NC3CCCCC3)cnn1CC2
10,10,COCCNS(=O)(=O)c1ccc2c(c1)C1C=CCC1C(c1ccc(Cl)cc1)N2
11,11,CC(C)(C(=O)Nc1nc2scc(c3ccc(F)cc3)n2n1)n1ccnn1
12,12,COc1ccc(NC(=O)C(=O)NN=Cc2ccc[nH]2)cc1
13,13,CC(C)C(CO)NS(=O)(=O)c1ccn[nH]1
14,14,Cc1noc(CC(=O)Nc2ccccc2C#N)n1
15,15,O=C(C=Cc1cc(Cl)cc(Cl)c1)NNC(=O)c1cc2cc(Cl)ccc2o1
16,16,CC(C)(C)OC(=O)CC1CN(C(=O)OC(C)(C)C)CC1C(=O)[O-]
17,17,COC(=O)C12COC(OC)(OC1)N(C(=O)C(C)NC(=O)OC(C)(C)C)C2
18,18,Cc1nnsc1C(=O)N(C)Cc1cc(C(=O)[O-])co1
19,19,CCc1ccc(NC(=O)CC(=O)Nc2ccc(F)cc2F)cc1
20,20,CC(C)(C)c1ccc(c2cn3c([nH+]2)C(N)N(c2ccc(c4ccccc4)cc2)C3)cc1
21,21,O=C(CC1CC[NH2+]CC1)N1CCC(O)(C(F)(F)F)CC1
22,22,Cc1ccc(c2cc(C(=O)NC3CCOCC3)nn2C)cc1
23,23,CCOC(=O)c1c(NC(=O)C[NH+]2CCN(S(=O)(=O)c3ccc(Cl)cc3)CC2)sc2c1CCC2
24,24,O=C(Cl)Nc1ccc(c2ccnc(Nc3cccc(Cl)c3Cl)n2)cc1
25,25,N#Cc1cc(F)cc(c2nc(C3C[NH2+]CCO3)no2)c1
26,26,Nc1cccc(OC(=O)NC2CC2)c1
27,27,Cc1ccc(Br)cc1Oc1ccc(C#N)cc1F
28,28,O=C([O-])c1c[nH+]c(c2ccc(C(F)(F)F)cc2)[nH]1
29,29,O=C(CCc1ccc(Cl)cc1)Nc1ccccc1SC(F)F
30,30,CC(c1cn(c2cccc(O)c2)nn1)C1CC1
31,31,Cc1cc(C(=O)[O-])c(C)n1C(C)C
32,32,CC1CC[NH+](Cc2cc(Cl)cc3c2OCC3)CC1
33,33,CCC1(CC)CCN(c2ccc(CC(C)[NH3+])cc2F)CC1
34,34,Cc1c(C(=O)[O-])oc2c(Cl)cccc12
35,35,Cc1ccc(CC(=O)NC(=S)Nc2cc(Cl)ccc2Cl)c(Cl)c1
36,36,CC(C)c1c(CBr)cnn1C(C)C
37,37,COC(=O)N(C)c1ccc(c2ccc(OC)c(NC(=O)Nc3ccc(C)cc3)c2)cc1
38,38,COC(=O)C(C)N(C(=O)C(OC(C)=O)C(C)C(C)C)C(C)C
39,39,CNc1cc(Oc2c(C)cc(C)cc2C)nc(N)n1
40,40,Cn1cc(CC(=O)c2cscc2Br)nn1
41,41,CCCc1cc(C(=O)[O-])cc(NCc2ncnn2C)n1
42,42,CC(C)(C)C1CCc2c(sc(NC(=O)CSc3ccccc3)c2C#N)C1
43,43,COc1ccc(C(=O)Nc2ccc(Nc3ccc(C)c(C)c3)nn2)cc1
44,44,N#Cc1ccnc(Oc2cc(Cl)cc(Cl)c2)c1
45,45,O=C([O-])C1OC(OCC2OC(OC3CCC4(CC3)OCCO4)C(O)C(O)C2O)C(O)C(O)C1O
46,46,COCC1OC(n2cc(CN=[N+]=[N-])c(=O)[nH]c2=O)C(O)C1O
47,47,COc1ccc(S(=O)(=O)N(C)CCO)cc1C(=O)N1CCCCC1
48,48,O=C(Nc1cc(Br)cc(C(F)(F)F)c1)C1c2ccccc2Oc2ccccc21
49,49,CCOc1cc(CCC(=O)NCc2ccccc2OC)cc(Cl)c1OCC
50,50,Cc1ccnc(C(=O)N2CCC(OC3CCN(S(C)(=O)=O)CC3)CC2)c1
51,51,CSCCC(C)[NH+](C)Cc1nc(Cl)ccc1Cl
52,52,COCC(O)CNC(=O)C1CCC(C(C)(C)C)CC1
53,53,CCC(C)C(NC(=O)C[NH3+])C(=O)NC(CCC[NH+]=C(N)N)C(=O)[O-]
54,54,Nc1cc(F)ccc1CN1CCCn2nncc21
55,55,CCOCC(=O)N(C)Cc1nc(CCl)cs1
56,56,Fc1cc(NC(=S)NCc2ccccc2)ccc1Cl
57,57,CCOc1ccc(C(=O)N2CC[NH+](Cc3cccc4cccnc34)CC2)cc1[N+](=O)[O-]
58,58,Fc1cc(F)c(Cl)c(Nc2nc(Cl)nc3nc[nH]c23)c1
59,59,C[N+](C)(C)CCc1ccc2ccc3cccc4ccc1c2c34
60,60,Cc1ccc(c2nc(NC(=O)CCc3c(C)[nH]c4ccccc34)n[nH]2)o1
61,61,O=C([O-])CC1CC([NH+]2CCCC2)CN1S(=O)(=O)c1ccccc1C(F)(F)F
62,62,CCC1OC(=O)C(C)C(OC2CC(C)(OC)C(OC(=O)NCCC[NH2+]CC(C)c3ccccc3)C(C)O2)C(C)C(OC2OC(C)CC([NH+](C)C)C2O)C(C)(O)CC(C)C(O)C1(C)O
63,63,Cc1cc(C(=O)[O-])cc(S(=O)(=O)NCc2ncn[nH]2)c1Cl
64,64,Nc1ccc(NC(=O)CCC(F)(F)F)cn1
65,65,O=C(CC(c1cccc(Br)c1)n1cccn1)N1CCCCCC1
66,66,COc1ccc(C([O-])=C2C(=O)C(=O)N(c3ccc(C(=O)OC(C)C)cc3)C2c2ccc(OCC(C)C)cc2)cc1OC
67,67,CC(CC(=O)[O-])CC(=O)Cc1ccc(Br)cc1
68,68,O=C(Nc1ccnn1C1CC[NH+](Cc2nc3ccccc3n2C2CCCCC2)CC1)c1cccc(Cl)c1
69,69,O=C1C(=Cc2cc([N+](=O)[O-])cc([N+](=O)[O-])c2[O-])Oc2ccc([N+](=O)[O-])nc21
70,70,COc1ccccc1n1cc(c2ccccc2)cn1
71,71,CCC1CCCCN1C(=O)c1ccc(NC2c3ccccc3CC2O)cc1
72,72,COc1ccc(CCC(=O)N2CCC(c3nnc(C[NH+](C)C)n3C)CC2)cc1
73,73,C=C(C[NH+]1CCCN(C)CC1)C(=O)[O-]
74,74,COCCNC(=O)c1cc2cn[nH]c2cn1
75,75,C[NH2+]C(C)c1ccc(c2cc(F)cc(Br)c2)cc1
76,76,CCn1c(SCC(=O)Nc2cccc(OC)c2)nnc1C(C)Oc1ccccc1C
77,77,Cc1cc(Br)c(C)c(NC(=O)C(NC(=O)c2ccco2)C(C)C)c1C
78,78,Cc1ccc(S(=O)(=O)N2CCCCC2)cc1C(=O)NCCOc1cccc(F)c1
79,79,Cc1cc(C)c(CNC(=O)Cc2c(Cl)cccc2Cl)c(=O)[nH]1
80,80,CCCCNC(=O)Cn1c(C)c(C)sc1=O
81,81,CCC1CCCC(N2CC[NH2+]C2c2cccc(F)c2)C1
82,82,CCCc1nc(N)c(C)c(c2cc(C)no2)n1
83,83,CC(=O)Nc1ccc(S(=O)(=O)NC(Cc2ccccc2)C(=O)NCc2ccccc2C)cc1
84,84,Cc1ccc(C(N)=[NH2+])c(Oc2ccccc2CO)n1
85,85,CCOC(=O)C=Cc1nc(C)cc(OC(F)(F)F)c1C#CCCO
86,86,CCOc1c(OC)cccc1C1=C(O)C(=O)N(c2ccc(OC)c(Cl)c2)C1c1cccc(OC)c1OC
87,87,C=CC[NH+]1CC(=O)N2C(Cc3ccc(OC(=O)NC)cc3)C(=O)N(Cc3cccc4sc(N)nc34)CC2N1C(=O)NCc1ccccc1
88,88,CCOC(=O)c1cnn(c2ccc(C(=O)Nc3ncn(Cc4c(F)cccc4Cl)n3)cc2)c1C(F)(F)F
89,89,CC(C)C(NC(=O)C1CC[NH+](C(C)C(=O)Nc2cc(C(=O)N3CCOCC3)ccc2Cl)CC1)C(=O)Nc1ccc(Cl)cc1C(=O)NC1CCCC1
90,90,COC(=O)C(NC(=O)CCCOCCc1ccccc1)C(C)C
91,91,O=C([O-])c1ncsc1c1cnccc1C(F)(F)F
92,92,O=C([O-])c1ccccc1C(=O)c1ccccc1
93,93,CCC1C[NH2+]C(C2CCCCC2)CN1CC1CCOCC1
94,94,COc1ccc(OCCOC(=O)c2cnn(c3ccccc3)c2n2cccc2)cc1
95,95,CC(=O)Nc1nc(C(=O)Nc2ccc(c3cn4ccccc4[nH+]3)cc2)cs1
96,96,CC(C)CNC(=O)NC(=O)CSc1nnc(N2CCOCC2)n1CC(C)C
97,97,O=c1ccc(c2ccc[nH]2)nn1CC[NH+]1CCN(c2ccccc2)CC1
98,98,Cc1nnsc1C(=O)Nc1c(F)ccc(Br)c1F
99,99,Cc1cc(C#N)nc(N2CC[NH+](Cc3cc(=O)n4ccccc4n3)CC2)n1
100,100,Cn1ncnc1NC(=O)N1CCOCC1
101,101,COc1ccc(CNC(=O)N2CCC(Oc3ccc(n4cccn4)nc3)CC2)cc1OC
102,102,[NH3+]C(CC1CC1)C1C2CC3CC(C2)CC1C3
103,103,CCCCCCC=COC(=O)CCC(=O)OCC=CCCCC
104,104,CCCc1occc1C(=O)c1ccc(C)c(Cl)c1
105,105,Cc1ccc(S(=O)(=O)N2Cc3ccc(C(=O)NCCCn4cccn4)cc3C2)cc1
106,106,CCC(C)(C([NH3+])Cc1cccc(F)c1)N1CCOCC1
107,107,CC[NH2+]CCCc1nnc(c2cccc(Cl)c2Cl)o1
108,108,NC(N)=[NH+]c1ccc(C(=O)OC2CCC(CNC(=O)C3c4ccccc4-c4ccccc43)CC2)cc1
109,109,CC(C)N(Cc1ccccc1)C(=O)C1CC(=O)N(CC(F)(F)F)C1
110,110,CC(C)S(=O)(=O)c1cccc(c2csc(Cl)n2)c1
111,111,CSCCCCn1cncc1C([NH3+])C(C)C
112,112,Cc1ccc(S(=O)(=O)NCC2CCCN(C(=O)NCc3csc(C)n3)C2)cc1
113,113,COC(=O)c1c(OC)c(C=O)cc2c1OCO2
114,114,N#CC1=Cc2cc([N+](=O)[O-])ccc2OC1c1ccc(C(F)(F)F)cc1
115,115,CNc1cnc(C(=O)NCCOC2CCCC2)cn1
116,116,Cc1cc(C)c(C)c(OCCC(C)CC[NH2+]C(C)C)c1
117,117,CC(=O)C(C)Oc1c(Br)cc(C)cc1Br
118,118,COc1ccc(F)c(OC)c1C(=O)C[NH3+]
119,119,COC(=O)c1cccc(CSc2ncnc3scc(c4ccccc4)c23)c1
120,120,COc1cccc(C(=O)NC2C3CC(C2C)C3(C)C)c1
121,121,CCOC(=O)C1=C(CSc2nnc(COc3ccc(C)c(Cl)c3)n2c2ccccc2)NC(=O)NC1C
122,122,CC(C)n1ncc2c1NC(=O)CC2C(=O)[O-]
123,123,COCC[NH2+]CC(=O)N1CCC(C(C)(C)C)C1
124,124,C=Cc1ccc(c2nc(C)nc(OC)n2)cc1
125,125,CCOC(=O)C=CC1CC(C(=O)OCC)=C(c2ccc(C=CC(N)=O)cc2)CC1
126,126,CC1CCC2(CC1)NC(=O)N(C1CCN(C(=O)Cc3ccccc3)C1)C2=O
127,127,CC(c1nnnn1C1CCCCC1)N1CC2CC(C1)c1cccc(=O)n1C2
128,128,C=C(CN1CC2CC(C1=O)[NH+]2C)C(=O)OC
129,129,CC(C)C([NH3+])C1CN(C(=O)OC(C)(C)C)C1
130,130,COCCC(C)Nc1cc(Br)ncn1
131,131,Cc1ccc2c(c1)C(=O)C(=O)N2CC[NH+]1CCOCC1
132,132,O=c1[nH]cccc1S(=O)(=O)Cl
133,133,CSc1ccc(C=C2SC(Nc3cccc(N(C)C)c3)=[NH+]C2=O)cc1
134,134,CCOC(=O)c1ccc(S(=O)(=O)N(CC)CC(C)CC)cc1
135,135,COc1ccc(OC)c(C(C)NC(=O)c2cc(S(=O)(=O)N3CCCCC3)ccc2Cl)c1
136,136,COc1ccc(C(C)=NNc2cnn(Cc3cccc(Br)c3)c(=O)c2Cl)cc1OC
137,137,O=C(C1CC1)N1CCCC1CC(O)c1cccs1
138,138,COc1c(C)cc(Br)cc1C([NH3+])c1c(C)cc(C)cc1C
139,139,O=C([O-])c1ccc2nnc(c3cccc(F)c3F)n2c1
140,140,Cc1ccc(C(C)C(=O)NC(C)(C)C[NH3+])cc1
141,141,N#CCCN(C(=O)COc1ccccc1)c1ccc(F)cc1
142,142,[NH3+]CC1CCC(COCC(F)F)O1
143,143,CC(=O)CCc1coc2cc(OCC(=O)N(C)C3CC[NH+](Cc4ccccc4)CC3)ccc12
144,144,CCC(C)(C)CNc1cc(OC)c(OC)cc1OC
145,145,CCC(C)NC(=O)c1ccc(Cl)c(NC(=O)C(C)[NH+]2CCC(C(=O)NCCC(=O)Nc3cccc(C(=O)Nc4ccc(F)cc4F)c3)CC2)c1
146,146,CC(Sc1n[nH]c2nc(=O)c3c(n12)CCCC3)C(=O)Nc1cccc([N+](=O)[O-])c1
147,147,O=C1C2CC2C(=O)N1CC[NH+]1CCN(S(=O)(=O)c2ccc(I)cc2)CC1
148,148,Cc1cc(Cl)ccc1OCCCC(=O)N(C)CCC([NH3+])C(C)C
149,149,CC(C)N1CCOc2ccc(C(=O)C(C)Br)cc21
150,150,COc1ccc(C[NH+]2CCN3C(=O)CCC3C2)cc1
151,151,Cc1nc(C2CCCN(C(=O)C3CC(=O)N(C4CCCCC4)C3)C2)n[nH]1
152,152,O=C(COC(=O)CC1SC(Nc2ccc(F)cc2)=[NH+]C1=O)Nc1ccccc1
153,153,COCCn1cc(S(=O)(=O)Nc2ncccn2)[nH+]c1C
154,154,CCOc1ccc(C(=O)C=Cc2cc(Cl)c(OC)c(OCC)c2)cc1
155,155,CC(C)(C)c1ccc(c2csc(NC(=O)CCSc3ncn[nH]3)n2)cc1
156,156,CC1CCC(C([NH3+])C(=O)NCc2cccc(F)c2F)CC1
157,157,COC(=O)C([NH2+]CC(C)C)c1c(OC)cccc1OC
158,158,CCOC(=O)c1cc(c2ccc(OC)c(c3ccc(OC)cc3)c2)n(c2ccc(Cl)cc2)n1
159,159,Cn1ccc(NC(=O)c2cc(CC[NH3+])ccc2N)n1
160,160,CCCCCC(CC)NC(=O)C1CC1c1cccc(Cl)c1
161,161,O=C(CCc1ccc(F)cc1)N1CCCC(Cn2cnc3ccccc32)C1
162,162,COc1ccc(C(C)C)cc1S(=O)(=O)NC1CCCN(C(=O)NCC2CCOC2C)C1
163,163,O=C(c1ccc2[nH]ccc2c1)N1CC2(CCCCC2)C1
164,164,CCOC(=O)c1c(C)[nH]c(C(=O)N2CCN(c3cccc(Cl)c3)CC2)c1C
165,165,CSCC(C)CNC(=O)c1cnc(Cl)c(Cl)c1
166,166,COc1ccccc1NC(=O)CN(c1cc(OC)ccc1OC)S(=O)(=O)c1ccc(C)cc1
167,167,Cc1cc(NC(=O)c2cc(S(=O)(=O)N3CCOCC3)ccc2C)n(Cc2ccccc2)n1
168,168,CCOC(=O)Oc1ccc(C(=O)N2CCC(NC(=O)C3CCCCC3)CC2)cc1
169,169,CC(C)n1ccnc(NCCOCC(=O)[O-])c1=O
170,170,Cc1nc(C2CCCN(C(=O)c3c(C)nn(Cc4cccc5ccccc45)c3C)C2)no1
171,171,CC(C)NC(=O)c1nc(C(=O)Nc2c(F)cccc2F)c2ccccn12
172,172,COc1ccc(C)cc1NC(=O)C(=O)NN=C(C)c1ccc(OCc2ccccc2)cc1
173,173,COCCNC(=O)CN(C)C(=O)c1cc([S-])ccc1Br
174,174,CC(C)CNC(=O)C[NH+](C)C(C)C(=O)Nc1ccc(F)c(F)c1F
175,175,Cc1ccc2c(c1)c1c(C(=O)[O-])cccc1n2C
176,176,O=C(CCNC(=O)c1ccc2c(c1)CCCC2)NCCc1cccc(Cl)c1
177,177,COc1c(C=O)ccc(Br)c1O
178,178,C=CCN1C(=O)C(=Cc2cc(Br)c(OCc3ccc(Br)cc3)c(OCC)c2)SC1=S
179,179,CCc1cc(Br)c2sccc2c1CCl
180,180,Cn1cc(NC(=O)c2cc3ccccc3oc2=O)cn1
181,181,Cc1cccc2c1-c1ccc(c3cc(N(c4ccc(c5ccccc5)cc4)c4ccc5ccccc5c4)cc(c4ccc5c(c4)C4(C)CCCCC4(C)N5c4ccccc4)c3)cc1C21c2ccccc2-c2ccccc21
182,182,COc1ccc(N2C(=S)NC(c3ccccn3)C2c2ccc([O-])c([N+](=O)[O-])c2)cc1[N+](=O)[O-]
183,183,CCc1ccc(C2(C)NC(=O)N(CC(=O)N3CCN(c4cccc(C(F)(F)F)c4)CC3)C2=O)cc1
184,184,Cc1cc(OC(F)(F)F)c(I)cc1N
185,185,COc1ccc(CSc2ccnc3cc(C(=O)[O-])ccc23)cc1
186,186,Cc1nc2ccc(c3noc(C)c3C)cc2o1
187,187,O=C(COC(=O)c1cc2ccccc2[nH]1)Nc1cc(C(F)(F)F)ccc1n1cccn1
188,188,CC(C)c1[nH+]ccn1CCC(=O)NCC1(c2ccc(Cl)cc2)CCCC1
189,189,O=C(CC1CCCC1)NC1CCC(c2ccc(O)cc2)CC1
190,190,CC(C)CN(CC(C)C)C(=O)COC(=O)c1ccc(c2ccc(F)cc2)s1
191,191,COc1ccccc1OCCC(=O)Nc1ccc(C#N)cc1
192,192,N#Cc1c(N)nsc1NCCc1ccsc1
193,193,C[NH2+]C(Cc1ccccc1C)c1ccncc1Cl
194,194,COC(=O)c1ccc(C(=O)OC)c(NC(=O)COC(=O)C=Cc2ccc(OC)c(OC)c2)c1
195,195,CCOc1ccc(NC(=O)N2CCC(C(N)=O)CC2)c(C)c1
196,196,CC(C)CC([NH3+])C(=O)N1CCC(C(=O)N(C)C)CC1
197,197,C[N+](C)(C)CCCOc1ccc(C(=O)NNC(=O)c2ccc(S(=O)(=O)N3CCOCC3)cc2)cc1
198,198,CC1CCCC(C)N1NCc1cncs1
199,199,C[NH2+]CC1CCN(C(=O)COc2ccccc2[N+](=O)[O-])CC1
200,200,COC(C)(C)CCCC(C)C1CCC2C3CC=C4CCCCC4(C)C3CCC12C
201,201,Cc1cc(C)cc(C(=O)N2CCC([NH+](C)C)C2C[NH3+])c1
202,202,O=C1CCc2c1ccn2Cc1c(Cl)cccc1Cl
203,203,O=P(c1ccccc1)(c1ccccc1)c1ccc(c2ccc3c(c2)c2cc(c4ccccc4)ccc2n3c2ccc(c3ccc(c4ccccc4)cc3)cc2)cc1
204,204,CC(C)(C)[Si]OC(C)(C)c1cc(B(O)O)cc2nnnn12
205,205,CC(C)(C)c1cc(NC(=O)Nc2ccccc2)n(c2ccc(F)cc2F)n1
206,206,Cc1nc(NN)c(C)c(Oc2ccc(Cl)cc2Br)n1
207,207,Cc1cc(Br)ccc1NC(C)c1ccccc1
208,208,[NH3+]CCCCSCc1ccc(O)c(O)c1
209,209,O=C([O-])NC(C(=O)N1CCCCC1)c1ccc(Cl)cc1
210,210,COc1c(C)cccc1c1cc(C(C)C(=O)[O-])ccc1O
211,211,Cc1ccc(Oc2ccc(Nc3cc(C(N)=O)nc(CC4(C)CCCN(C(C)=O)C4)n3)c([N+](=O)[O-])c2)cn1
212,212,Cc1ccc(S(=O)(=O)N(C)CCOCC(=O)NC2CC2)cc1
213,213,Cc1ccc(OCc2nnc(SCC(=O)Nc3cc(Cl)ccc3Cl)n2C)cc1C
214,214,N#Cc1cc(Oc2cccc(C(=O)[O-])c2)ncc1Cl
215,215,COc1ccc(NC(C)c2ccccc2F)cc1Cl
216,216,Cn1cc(Oc2ncc(I)cn2)cn1
217,217,COc1ccc(NC2=[NH+]C(=O)C(=Cc3cc(C)n(c4cccc([N+](=O)[O-])c4)c3C)S2)cc1Cl
218,218,Cc1cc(C2C(c3ccccn3)NC(=S)N2c2cccc(Cl)c2)cc(C)c1OCc1c(Cl)cccc1Cl
219,219,Cc1cc(C(C)NC(=O)N2CCCC2Cn2cnc3ccccc32)c(C)o1
220,220,CCCCN(C)c1[nH]cnc(=O)c1N
221,221,COc1ccc(C(=O)CSc2ncnc3sc(C)c(c4ccccc4)c23)cc1OC
222,222,CSc1nc(NCC(C)C)c2cnn(CCNC(=O)c3cccnc3)c2n1
223,223,Cc1cc(OCCC2CCN(S(C)(=O)=O)CC2)ccc1N1CCC([NH+]2CCCC2)CC1
224,224,CC(C)N(CCCC(=O)[O-])C(=O)NC1(CC(=O)[O-])CCC1
225,225,CC(=O)C1C(=O)C(C(=O)CCc2ccccc2)C(=O)C1C
226,226,O=S1(=O)CCC(S(=O)(=O)Cc2cccs2)C1
227,227,C[NH2+]CCCC[NH+](CC(N)=O)C1CCCC1
228,228,Cc1nn(CC(=O)Nc2cccc(Cl)c2)c(=O)c2cc3sccc3n12
229,229,Cc1ccnc(NC(=O)c2cnc(C)nc2C2CC2)c1
230,230,COc1cc(F)ccc1NCc1c(F)cccc1Cl
231,231,C[NH2+]C(C)c1ccc(OCc2ccccc2Br)cc1Cl
232,232,CCOc1cncc(N2CCC([NH3+])C(C)(C)C2)n1
233,233,Cn1nc(C(F)(F)F)c(N)c1c1ccccc1
234,234,C=CC(=O)Nc1ccc(B2OC(C)(C)C(C)(C)O2)cc1O
235,235,CC(C)OC(=O)ON1CCN(c2ncc(c3ccccc3Cl)cn2)CC1
236,236,CCOc1cccc(C(NN)c2ccc(Cl)cc2Cl)c1
237,237,CC(NC(=O)C(NC(=O)c1ccccc1)C(C)C)C(=O)Nc1ccc(N2CCOCC2=O)cc1
238,238,Nc1ccc(CC(=O)NCCOCC(F)(F)F)cn1
239,239,CC(C)(C)C1=CCN(CC[NH2+]C2CC2)CC1
240,240,COc1ccccc1CC(=O)Nc1ccc(N2CCCC2)nc1
241,241,CCn1nccc1CNc1ccc(S(=O)(=O)NC(C)C)cc1C
242,242,O=C(Cc1cccs1)NCCc1nc(c2ccncc2)no1
243,243,Cc1ccc(c2nc(C)c(I)c(Cl)n2)cc1Cl
244,244,FC(F)(F)COCCC[NH2+]CCc1ccsc1
245,245,Cn1c(CCl)c[nH+]c1Sc1ncc(Cl)cn1
246,246,NC(=[NH2+])c1ccc(SC2CCCCC2)cc1Cl
247,247,Cn1nc(c2ccc(F)c(OCC(O)C[NH2+]C(C)(C)C)c2)c2c1CC(F)C2
248,248,Nc1ccc(C[NH2+]C2CSc3ccccc32)cc1
249,249,COC1=CC2(O1)C(c1ccc(C)cc1)C(=O)N2S(=O)(=O)c1ccccc1
250,250,CCc1ccc(C([NH3+])c2cc(F)c(F)cc2F)o1
251,251,CCOc1ccc(C2=C(O)C(=O)N(c3cccc4ccccc34)C2c2ccc(OC)cc2OC)cc1
252,252,NC(=[NH2+])SCc1ccc(c2cc(C(=O)[O-])c3ccccc3n2)cc1
253,253,CCc1cnccc1C1CC[NH2+]1
254,254,COC(=O)C(CCCBr)CC(C)C
255,255,Cc1ccc(NC(=O)NCC2CCCO2)cc1Br
256,256,O=C(NCC1CCC[NH2+]C1)c1cccn1C1CCCCCC1
257,257,O=C(NCCc1ccc(OC(F)(F)F)cc1)c1cnn(c2ccc(C(F)(F)F)cc2Cl)c1C(F)(F)F
258,258,COc1ccc(C(N)=S)c(NC2CCCc3sccc32)c1
259,259,COc1cccc(C(=O)NCC2CCC(O)CC2)c1
260,260,Cc1c(C(=O)NC2CC[NH+](C3CCCCC3)CC2)cnn1c1ccc(C(F)(F)F)cn1
261,261,CCOc1cc(C(=O)NN=Cc2cc(Br)c(OCC(=O)[O-])c(OC)c2)ccc1OCc1ccccc1
262,262,O=C(Nc1cnccc1C1C[NH2+]C1)C1C[NH2+]CCN1S(=O)(=O)c1cccs1
263,263,Cc1ccc(O)c(C(=O)NCCC2C[NH2+]CCO2)c1
264,264,Cn1cc(C2C(C[NH2+]C(C)(C)C)C2(C)C)cn1
265,265,CC(=O)c1ccc(NC(=O)NC(C)c2ncn[nH]2)cc1
266,266,COc1c(CBr)cc(C(=O)N2CCCCC2C)cc1OCC(F)(F)F
267,267,CC1CCN(C(=O)c2ccc(NCC3CCCO3)nn2)CC1
268,268,COC(=O)C(C)C1CC(C)CC(C)(C)C1
269,269,CC1CCN(C(=O)C2CCN(C(=O)C[NH+](C)Cc3ccccc3)CC2)CC1
270,270,CC(C)(C)c1ccc(C2=NC(=Cc3ccc(O)cc3)C(=O)O2)cc1
271,271,CC(C)C[NH+](Cc1ncc(C[NH3+])s1)C(C)C
272,272,O=C([O-])NCCc1cnc[nH]1
273,273,Nc1cccc2nc3ccc(NC(=O)C4(c5ccc(Cl)cc5)CC4)cc3nc12
274,274,CC1CN(C(=O)C2CC(=O)N(C(C)C)C2)CC(C)(C)O1
275,275,[NH3+]CCCCC([NH3+])C(=O)NC(CCC[NH2+]C=CC(=O)[O-])C(=O)NC(CC(=O)[O-])C(=O)NC(Cc1cnc[nH]1)C(=O)[O-]
276,276,COc1ccc(C(=O)NC2CCCS(=O)(=O)C2)c(F)c1
277,277,CC(=O)c1ccc(NC(=O)c2c(C)oc3c(SC(C)C(=O)N4CCOCC4)ncnc23)cc1
278,278,O=c1nccc(C=Cc2ccc(SCc3ccccc3)cc2)[nH]1
279,279,COC(=O)c1ccc(Sc2ccc(OC)cc2)c(N)c1
280,280,Cc1cc(N2CCC(C(=O)Nc3ccnn3C3CCCC3)CC2)nc(N)n1
281,281,CC(C)C(C[NH3+])(CO)CCOc1c(Cl)cc(Cl)cc1Cl
282,282,CC(C)COc1ccc(C([O-])=C2C(=O)C(=O)N(c3ccc(OCc4ccccc4)cc3)C2c2cccc(OCC(C)C)c2)cc1
283,283,Cc1cc(N2CCC(C)CC2)ncc1C#N
284,284,O=C1CC2CC3CCCC(F)(F)CC(C1)C23
285,285,COc1cc2cc(C(=O)CC#N)ccc2c(F)c1F
286,286,Nc1cc(S(=O)(=O)NCc2ccccc2Br)ccn1
287,287,CC(C)Cc1cc(CC(C)CC(=O)[O-])nn1C(C)C
288,288,CC[NH2+]C(CO)(COCC(F)(F)C(F)F)C1CC1
289,289,[NH3+]C1(C(=O)NC2CCCC2O)CCCCC1
290,290,COc1ccc(N2CCN(C(=O)c3nnc(c4ccccc4)o3)CC2)cc1
291,291,Cc1cc(Cl)ccc1C(=O)N1CCCCC1CCBr
292,292,COC(=O)Cn1c(=NC(=O)CCS(=O)(=O)c2ccc(F)cc2)sc2cc(CC)ccc21
293,293,CS(=O)(=O)N(CCC[NH3+])Cc1ccc([N+](=O)[O-])cc1F
294,294,COCCOCCCOCc1ccc(Br)s1
295,295,CCOC(=O)c1sc2nc(COC(=O)Cc3ccc(C)cc3)[nH]c(=O)c2c1C
296,296,CCOc1ccc(Nc2ccc(C(=O)NC3CC3)nn2)cc1
297,297,Cn1nnc(C[NH2+]C2CCC(=O)NC2=O)n1
298,298,CC[NH2+]C(c1cc(C)c(Br)s1)C1CSCCS1
299,299,O=C(CCc1cccc(N2CCOCC2)c1)Nc1nnc(C2CCCO2)s1
300,300,Cc1ccc(S(=O)(=O)NC2CCCC2C#N)c(N)c1
301,301,Cn1c(C[NH+]2CCC(O)C2)nc2cc(C(=O)[O-])ccc21
302,302,CC(C)(C)c1ccccc1NC(=O)C1CC(=O)N(CC(F)(F)F)C1
303,303,C=CCNC(=O)c1ccccc1NC(=O)CCc1nc2ccsc2n1c1ccccc1
304,304,O=C(c1ccc(n2cccc2)cc1)N1CCN(S(=O)(=O)c2ccc(Br)s2)CC1
305,305,C=CCOCC(NC(=O)CC[NH3+])C(=O)[O-]
306,306,CCOC(=O)Cc1c(SC)n(Cc2ccccc2)c2ccccc12
307,307,COC(=O)c1cc(C(=O)OC)cc(F)c1N
308,308,COc1ccc(C)cc1C1C(c2ccncc2)=C(O)C(=O)N1c1cc(OC)c(OC)c(OC)c1
309,309,CC(C)CCNC(=O)c1cncc(c2ccc3c(c2)OCCO3)c1
310,310,[NH3+]CCCCC(NC(=O)C(CCCC[NH3+])NC(=O)C(CO)NC(=O)C[NH3+])C(=O)NC(CC(=O)[O-])C(=O)[O-]
311,311,COCCNc1cncc(C(=O)N2CC[NH+](C)CC2C)c1
312,312,CC(C)c1nnc(CNC(=O)c2c[nH]ccc2=O)o1
313,313,CCc1ccc2nc(C(=O)N3CCN(C(=O)C4CCCCC4)CC3)ccc2c1
314,314,CC[NH2+]Cc1nc(N(C)CC2CC2C)cs1
315,315,CCCCCNC(=O)C1CCC(Cn2c(=O)[nH]c3ccccc3c2=O)CC1
316,316,Cc1[nH]c2ccccc2c1C(=O)C(=O)c1ccc(F)cc1
317,317,O=C(NC(CNC(=O)c1cccc(=O)n1[O-])C(=O)[O-])c1cccc(Oc2ccccc2)c1
318,318,COc1cc2c(O)c(N=Cc3c(O)[nH]c4ccccc34)c(=O)oc2cc1OC
319,319,CCOc1ccc(C=CC(=O)N2CCC[NH+](Cc3cnn(C)c3)CC2)cc1OC
320,320,CC1CN(c2ccc(N)c(N)c2)CC(C)(C)O1
321,321,CC(=O)Nc1cc(NC=C(C=Cc2ccccc2)C(=O)N2CCC([NH+]3CCCCC3)CC2)ccc1C
322,322,O=C(NC(Cc1cnc[nH]1)C(=O)N1C(C(=O)[O-])=Cc2ccccc2C1(O)c1ccc(C(F)(F)F)cc1)OCc1ccccc1
323,323,O=C1NC(=O)N(c2ccccc2F)C(=O)C1=Cc1cc(Br)c(OCc2ccc(Cl)cc2Cl)c(I)c1
324,324,COc1ccc(Cn2nccc2NC(=O)Cn2nc(C)c([N+](=O)[O-])c2C)cc1
325,325,CN(CCCN1C=CN(CC[NH+]2CCOCC2)C1=O)S(=O)(=O)c1ccccc1
326,326,CCC(C)NC(=O)c1ccc(C)c(NC(=O)C[NH+]2CCC(C(=O)NCCC(=O)Nc3ccc(C)c(NC(=O)c4ccc(C)cc4)c3)CC2)c1
327,327,Cc1ccc(S(=O)(=O)N(C)CC(=O)N(C)Cc2ccccc2)s1
328,328,CCC(C)N(CCOC)c1ccc(C(C)O)cn1
329,329,Nc1c(Cl)c(S(N)(=O)=O)cc2sccc12
330,330,CC(C)S(=O)(=O)CC1CN(C(=O)C(Cc2ccc(O)cc2)NC(=O)N2CCC(N3CCCC3=O)CC2)C1
331,331,CCCCN(c1ccc(CCl)cc1)C(C)CC
332,332,O=C([O-])c1ccc2[nH]cc(C3CC[NH2+]CC3)c2c1
333,333,[NH3+]C(C(=O)[O-])(c1cccs1)C(O)c1ccccc1
334,334,COC(=O)C1=CC(c2ccccc2O)=C(c2ccccc2)C1=Nc1ccc(C)cc1C
335,335,O=C([O-])c1csc(c2ccc(C(F)(F)F)cc2)n1
336,336,C[Si](C)(C)OC(=O)C(O)CC[Si](O)(O)O
337,337,CC(C)N(CC1CC[NH+](C2CC[NH2+]Cc3ccccc32)CC1)C(=O)N1CC(F)(F)C1
338,338,CCCCCC=CCC=CCCCCCCCC(=O)OCC(COP(=O)([O-])OCC(O)COP(=O)([O-])OCC(COC(=O)CCCCCCC)OC(=O)CCCCCCCC=CCC=CCCCCC)OC(=O)CCCCCCCCCC=CCCCCCC
339,339,CC[NH2+]C(C1=CCCCC1)C1CC2CCC1C2
340,340,CC1CN(S(=O)(=O)Cc2cccc(NN)n2)CCO1
341,341,O=C(CO)Nc1nnc(SCCC2OCCCO2)s1
342,342,Cc1cc(C)c2nc(SCC(=O)NC(c3ccc(F)cc3)c3cccs3)[nH]c2c1
343,343,O=C([O-])NCCCCCCN=C=O
344,344,Nc1cc(OCCO)c(F)cc1Br
345,345,COC(=O)CC1C(c2ccc(c3ccc(C4(C)c5ccccc5-c5ccccc54)cc3)cc2)=CC=NC1C(c1ccccc1)c1ccccc1
346,346,CCCCc1ccc(NC(=O)C2CC[NH+](C(C)C(=O)Nc3cc(C(=O)N(C)C)ccc3Cl)CC2)cc1
347,347,Cc1ccc2c(c1)C(c1ccccc1)c1cc(O)ccc1-2
348,348,N#Cc1ccsc1NC(=O)CSc1nnc(c2ccccc2)o1
349,349,Cc1cc(C)cc(NS(=O)(=O)c2cc(C[NH3+])n(C)c2)c1
350,350,N#CCNC(=O)C(CC(=O)[O-])n1cnc2scc(C(=O)[O-])c2c1=O
351,351,[NH3+]Cc1cc([N+](=O)[O-])ccc1Oc1ccc([N+](=O)[O-])cn1
352,352,CCOC(=O)C1=C(CSc2ncccn2)N(C)C(=O)NC1c1ccc(C)cc1
353,353,COc1ccccc1N(C)S(=O)(=O)c1cccc(C(=O)N(C)CCOc2ccc(C)cc2C)c1
354,354,CC1CCCCC1NC(=O)COC(=O)c1ccccc1SCc1cscn1
355,355,CC(C)(C)C(=O)N1CC[NH+](CCNS(C)(=O)=O)CC1
356,356,Cc1c(O)cccc1C(=O)N1CC2CCC(C1)O2
357,357,CCc1ccc2c(c1)C(C)(c1ccccc1)C(=O)N2Cc1ccc(c2ccccc2)cc1
358,358,COc1ccc(CN(C)C(=O)CCc2nc(C3CCCCC3)no2)cc1
359,359,CCCc1nnc(C2CN(c3nc4n(c(=O)n3)CCCC4)CCO2)o1
360,360,CCc1c(C(=O)NCCc2ncno2)cnn1c1cccc(Cl)c1
361,361,Cc1c(Oc2ccc([N+](=O)[O-])cc2)ccc(C(C)(C)c2ccc(O)c(C34CC5CC(CC(C5)C3)C4)c2O)c1C[NH+]1CCCCC1C
362,362,COc1cccc(C(=O)N2CCN3C(=O)CCC3C2)c1F
363,363,FC(F)(C=CC[NH2+]Cc1ncc[nH]1)c1cccc(Cl)c1
364,364,COc1ccc(CC(=O)N2CCCC(C(=O)[O-])C2)cc1
365,365,Cc1nccn1CCOc1ccc(C#N)cc1
366,366,CCc1cc(C(Br)C2CCOC3(CCCCC3)C2)n(CC)n1
367,367,CC(=O)OC1C(=O)CC2C(C)(C)C(OC(C)=O)CCC2(C)C1C=C(C)C=CC(=O)OC#N
368,368,[NH3+]CCNc1cnn(c2ccccc2)c(=O)c1Cl
369,369,CCCc1nc(N(CCOC)C(C)C)sc1C[NH2+]C
370,370,[NH3+]C1CCCc2c1cnn2CC1CCSC1
371,371,COC(=O)c1ccc(Nc2ncnc(NNC(=O)c3ccccc3F)c2[N+](=O)[O-])c(C)c1
372,372,CCc1cc(Nc2nc(Nc3ccc(S(N)(=O)=O)cc3)ncc2F)c(C)cc1OCC(=O)[O-]
373,373,FC(F)(F)C1CC[NH+](CCCC(F)(F)F)CC1
374,374,Cn1cncc1C[NH+](C)Cc1nc(N)c2ccsc2n1
375,375,CCOC(=O)C(C=CC1CC2C1CC=C2)OCC
376,376,Cc1ccc(SC2=C(Nc3ccc4c(c3)OCCO4)C(=O)N(c3ccc(OC(C)C)cc3)C2=O)cc1
377,377,CCCCc1nc2sc(=Cc3c(C)n(C)c4ccccc34)c(=O)n2n1
378,378,C[NH2+]C(c1ccc(C)c(Br)c1)c1ccc(Cl)c(OC)c1
379,379,CC1CCN(C(=O)c2cccc(S(=O)(=O)NC(C)(C)C)c2)CC1
380,380,CCC(C)C([NH2+]C)c1ccccc1
381,381,CCCS(=O)(=O)c1nc2n(n1)C(c1ccccc1)C(C)=C([NH3+])N2
382,382,C=CC(C=CC=CC)N1CCCC1
383,383,CC(C)(C)C1CCC([NH2+]C2CCCc3[nH]c(=O)ccc32)C1
384,384,CC1CC(C)CN(S(=O)(=O)N(C)CC2CC[NH+](CCC(C)C)C2)C1
385,385,CCn1ncc(CNc2cnn(CC(C)C)c(=O)c2Cl)c1c1ccccc1
386,386,CCOc1cccc2cc(C(=O)Nc3nnc(c4ccccn4)o3)oc12
387,387,COc1cc2c(cc1C)-c1cc(=O)[nH]c(=O)n1C2
388,388,CC1=C(CCc2ccccc2C)C(=O)OC1=O
389,389,C[NH2+]C(c1ccc2c(c1)CCO2)C1CCCC(C)C1
390,390,CCOC(=Nc1ccc(C#N)cc1)NC#N
391,391,CC(C)(C)[Si](C)(C)Oc1ccc2c(c1)C(=O)C(I)CO2
392,392,CNc1ccc(C([NH3+])CC2CN3CCN2CC3C#N)cc1
393,393,COc1cccc(C(C)CC2(C[NH2+]C3CC3)CCOCC2)c1
394,394,O=C([O-])NCCCCCCN1C(=O)CCC1C=CC(O)Cc1ccccc1
395,395,Cc1[nH]c(S(=O)(=O)NC2C3CCOC3C2(C)C)c[nH+]1
396,396,CSc1ccc(CN(C)C(=O)c2n[nH]c3c2C[NH2+]CC3)cc1
397,397,CC(C)[NH+]1CCCC(Cc2cc(F)cc(F)c2)C1
398,398,O=C([O-])C1(CCl)CCCOC1
399,399,CCc1cccc(C)c1NC(=O)CN(c1cccc(OC)c1)S(=O)(=O)c1ccc(SC)cc1
400,400,N#Cc1ccc(c2ccc(S(=O)(=O)Nc3ccc(Cl)c(Cl)c3)o2)cc1
401,401,O=C(NCC(c1ccco1)[NH+]1CCCCC1)Nc1cc(C2CC2)[nH]n1
402,402,CC[NH2+]Cc1c(N2CCC[NH+](C)CC2)nc2sccn12
403,403,CCOC(C)C([NH3+])c1ccc(OC)c(OC)c1OC
404,404,CC(=O)Nc1cccc(C(=O)Nc2nc(c3ccc(S(C)(=O)=O)cc3)cs2)c1
405,405,COCCNC(=O)C[NH+](C)Cc1csc(c2ccccc2)n1
406,406,O=C(Nc1cccc(C2OC(C[NH+]3CCN(c4ncc(Cl)cc4Cl)CC3)CC(c3ccc(CO)cc3)O2)c1)C1CCCC1
407,407,COc1ccc(c2nnc(SCC(=O)c3nc(N)n[nH]3)o2)cc1
408,408,CC1C2CCCC1OC(=O)C2
409,409,CCOC(=O)C(C(C)C)C1OC(OC2C(I)OC(CI)C(OC3OC(CI)C(OC(C)=O)C(OC4OC(CI)C(OC5OC(CI)C(OC6OC(COC(C)=O)C(OC(C)=O)C(OC(C)=O)C6OC(C)=O)C(OC(C)=O)C5OC(C)=O)C(OC(C)=O)C4OC(C)=O)C3OC(C)=O)C(OC(C)=O)C2OC(C)=O)C(OC(C)=O)C(OC(C)=O)C1OC(C)=O
410,410,CC[NH2+]CC(COC)N1CC(C)C([NH+](C)C)C1
411,411,CC[NH2+]C(c1cscc1Br)C1CCCC1(C)C
412,412,CC(C)CC(C)CC(C)CC(C)C1CCC2C3CC=C4CC(C5C[NH+](CCN6CCCC6)C5)CCC4(C)C3CCC12C
413,413,CC1(C)C2C[NH2+]CC2C[NH+]1CC(=O)Nc1ccc2c(c1)OCCO2
414,414,CN(C(=O)N(C)C1CCSC1)C1CC2CCC(C1)[NH2+]2
415,415,COc1ccc(OCC(=O)NN=Cc2ccccc2OC)cc1
416,416,CC(C)c1cccc(C(C)C)c1NC(=O)COC(=O)c1cc[n+]([O-])cc1
417,417,CC(C)C(=O)NCC[NH2+]Cc1cn(c2ccccc2)nc1c1ccc([N+](=O)[O-])cc1
418,418,COC(=O)C1=CC(C(=O)OC)N(S(=O)(=O)c2ccc(C)cc2)C1
419,419,CCOc1ccc2[nH]c(C3CC3)c(C=C3SC(=S)N(Cc4ccc(O)cc4)C3=O)c2c1
420,420,CC(C)C(NC(=O)C(Cc1ccccc1)NC(=O)C(CCC(N)=O)NC(=O)C([NH3+])CCC[NH+]=C(N)N)C(=O)[O-]
421,421,Cc1ccc(CNc2c(C)cccc2C)cn1
422,422,CCCC(O)C[NH2+]C1CCCC1(C)O
423,423,COc1ccc2c(c1OC)OC(c1ccc(c3ccccc3)cc1)CC2=O
424,424,COc1ccc(OC)c(C2=C(O)C(=O)N(c3ccc(N4CCCC4)cc3)C2c2ccc(N(C)C)cc2)c1
425,425,Cc1cc(NC(=O)C(=O)NN=Cc2ccccc2)ccc1NC(=O)c1ccccc1C
426,426,CC(C)C[NH2+]Cc1coc(CSc2ccccn2)c1
427,427,COCC(C)NC(=O)C[NH+]1CCN(Cc2nc(c3cccnc3)no2)CC1
428,428,O=C1OC(Cn2cc(c3cnc(N4CC(F)C4)nc3)nn2)CN1c1ccc(Cl)cc1
429,429,CC(C)(C)NC(=O)N1CCC(NC(=O)C2(c3ccc(F)cc3)CC2)CC1
430,430,O=C1NC(=Cc2ccc(OCc3ccc(Cl)c(Cl)c3)c(Br)c2)C(=O)N1
431,431,COc1cccc(CC(NC(C)=O)C(=O)c2ccccc2)c1
432,432,O=C(C=Cc1ccccc1)Nc1nc2c(C(=O)NCc3cccs3)cnn2c(Cl)c1Cl
433,433,Cc1ccc(N2CCCC(O)(CC[NH3+])C2)cc1C
434,434,CC(C)Nc1cc(c2ccc3[nH]ncc3c2)nc(NC2CCCCC2)n1
435,435,Cc1cccc2c1NCC1(CC[NH+](CC3CCCCC3)CC1)O2
436,436,CCC(C)c1nc(N2CCCC2)sc1C[NH2+]C(C)(C)C
437,437,O=C(C1CCCc2c1n(Cc1ccccc1)nc2c1ccccc1)N(CCO)C1CCCCC1
438,438,CCCCN(CCC(=O)NCCOC)S(C)(=O)=O
439,439,[NH3+]CC(Sc1ccccc1Br)C1CCCC1
440,440,CC(C)c1[nH+]ccn1CC(=O)Nc1cccc(C2SCCS2)c1
441,441,[NH3+]C1CCc2c(C(=O)c3ccc(Br)c(Cl)c3)ccc(F)c21
442,442,CC1Oc2ccc(C(C)(C)C)cc2OC1C
443,443,COc1ccc(OCCCCC[NH+]=C(N)NCCc2ccsc2)cc1
444,444,CCn1ccc(c2nc(N3CCN(c4ccccn4)CC3)ncc2c2ccc(C)c(C)c2)n1
445,445,COC(=O)C(Cc1cccs1)NC(=O)C(CC(C)C)NC(=O)C(C)NC(=O)c1ccc(c2coc(C)n2)cc1
446,446,CC(C)(CCn1nnnc1c1cccs1)C(N)=S
447,447,CC1=NNC(=N[NH3+])S1
448,448,O=C(CCNC(=O)c1cccs1)N(Cc1ccccc1)c1ccccc1
449,449,C=CCn1c(=S)[nH]nc1c1sc(NC(=O)Cc2ccc(C)cc2)nc1C
450,450,Cc1cc(NC(=O)CSC2=[NH+]C3NNC(C)C3C(=O)N2c2ccccc2)ccc1Br
451,451,CC(C)(C)c1noc(CSc2ccc(C(=O)N3CC(=O)Nc4ccccc43)cc2)n1
452,452,CSc1ccccc1n1cc(C(=O)[O-])c(C)n1
453,453,CCC(C(=O)Cc1ccc(S(C)(=O)=O)cc1)c1ccc(Cl)cc1
454,454,Cc1nccn1CCC1CCC[NH2+]C1
455,455,C=CC(=O)OCCOCCOCCOC(=O)C=Cc1ccc(C=CCCCC)c(C=CCCCC)c1
456,456,C=C(C)COCC[NH2+]C(C)(C)CCCO
457,457,COc1ccc(CCC(=O)Nc2c(C(=O)Nc3ccccc3Cl)oc3ccccc23)cc1
458,458,COC(=O)c1cc(C(=O)OC)cc(N2C(=O)C(O)=C(c3ccc(OC)c(Cl)c3)C2c2ccc(N(C)C)cc2)c1
459,459,Nc1ccc2[nH]c(c3ccc([N+](=O)[O-])c(F)c3)cc(=O)c2c1
460,460,N#Cc1ccc(Nc2ccc(O)cc2F)cc1
461,461,Cc1ccc(SCCC[NH+]2CCCC(C(=O)[O-])C2)c(C)c1
462,462,Nc1cc(c2nnc(Cl)o2)cs1
463,463,CCCCCCOc1ccc(N)cc1F
464,464,COc1cc(n2c(C)nc3ccc(OC(F)F)cc32)c(F)cc1n1nnn(C)c1=O
465,465,CNC1CCC(C)(C)CC1S(=O)(=O)c1ccccc1F
466,466,Fc1ccc(Cn2nc(Nc3ccc(F)c(Cl)c3F)c3c(F)cccc32)cc1
467,467,Cn1c2c(c3ccc(C#N)cc31)CCCN2
468,468,CNc1nc(NC2(CO)CCCCCC2)c(Cl)cc1Cl
469,469,N#Cc1cccc(Cn2cc(C=C3C(=O)Nc4c(F)c(F)c(F)c(F)c43)c3ccccc32)c1
470,470,COc1ccc(N(CCC[NH+](C)C)C(=O)NC(C)C)cc1
471,471,Nc1cccc2sc(C(=O)NCCc3cccc(F)c3)nc12
472,472,Cc1ccc(NC(=O)Cc2ccc(NC(N)=O)cc2)c(Cl)c1
473,473,COCCCNC(=O)C(C)NS(=O)(=O)c1cccc(C[NH3+])c1
474,474,Cc1cc(Br)c2nc3c(c(C)c2c1)NCCC3
475,475,[NH3+]CCCCC(NC(=O)C(Cc1ccc(O)cc1)NC(=O)C(Cc1ccc(O)cc1)NC(=O)C(Cc1c[nH]c2ccccc12)NC(=O)C([NH3+])Cc1c[nH]c2ccccc12)C(=O)[O-]
476,476,CCCCCNc1nc2c(c(=O)n(C)c(=O)n2C)n1CCCCC
477,477,CC(C)C[NH+]1CCN(c2ccc(C(=O)N(Cc3ccccn3)c3nc4ccc(Br)cc4s3)cc2)CC1
478,478,O=C([O-])c1cccc(SCCSCc2ccc(F)c(Cl)c2)c1
479,479,C=CCNC(=O)C(=O)C(NC(=O)C1C2C(CN1C(=O)C(NC(=O)NC(CN1CC[NH2+]CC1)C(C)(C)C)C(C)(C)C)C2(C)C)C1(C)CC1
480,480,CCOC(=O)C(=CNc1ccc(F)c(F)c1)C(=O)OCC
481,481,Cc1nn(CCCNc2ncccc2C)cc1F
482,482,CCc1ccc(Nc2nncc(Nc3ccc(F)c(F)c3F)n2)cc1
483,483,CC1CCN(c2cnc(C(=O)[O-])cn2)CC1O
484,484,Cc1nc(N2CCN(c3noc4cc(F)ccc34)CC2)ncc1[N+](=O)[O-]
485,485,CC1(C(=O)[O-])CCCCN1S(=O)(=O)CC#N
486,486,Nc1cncc(NCCC2CCOC2)n1
487,487,CNc1nccc(n2cc(c3cnc(N)c(c4cscn4)c3)cn2)n1
488,488,COC(=O)c1ccc(CNC2CCCS(=O)(=O)C2)o1
489,489,COc1ccc(OC)c(NC(=O)C2CCCN2S(C)(=O)=O)c1
490,490,C[NH2+]Cc1ccc(Sc2nncs2)cc1C
491,491,COC(=O)C1=C(C[NH+]2CCCC(C(C)C)CC2)NC(C)=C(C(=O)OC)C1c1ccccc1Cl
492,492,Fc1ccc(C(OCC[NH+]2CCOCC2)c2nnc(c3cccc(Cl)c3)o2)cc1
493,493,N#Cc1ccc2c(c1)OCC(c1ccccc1)N2
494,494,Cc1nn(C(C)C)c(C)c1C[NH2+]CC1(CCO)CC1
495,495,CCCc1cc(Sc2ccccc2C)c(C(=O)[O-])s1
496,496,O=C(NCc1ccnc(n2cccn2)c1)N1CC(O)C(n2ccnn2)C1
497,497,COCCOc1cnn(C(C)C)c1I
498,498,CC(=O)NS(=O)(=O)c1ccc(C)c(NC(=O)C(=NOCC(=O)N2CCOCC2)c2ccccc2)c1
499,499,Cc1cccc2nc(C=Cc3ccccc3)c(N3CC[NH+](C4COC4)CC3)n12
500,500,CC(C)(CO)NS(=O)(=O)c1c(F)cc(Br)cc1F
501,501,CC(C)(Sc1ccc(Cl)cc1)C(=O)NCC1(CC(=O)[O-])CCC1
502,502,COC(=O)c1c(NC(=O)COc2cccc(C(=O)OC)c2)sc2c1CCCCCC2
503,503,CCOc1c(Br)cc(C[NH2+]C2CC3CCC2C3)cc1OC
504,504,CC1=NN(c2ccc(C(=O)OCC(=O)c3ccc(C(=O)OCC(=O)c4ccco4)cc3)cc2)CC1
505,505,COC(=O)c1cc(CON([O-])[O-])cnc1C(C)(C)C
506,506,O=C(C1=C(O)C(=O)N(c2ccc(F)c(F)c2)C1c1ccc([O-])c([N+](=O)[O-])c1)c1cc2ccccc2o1
507,507,Nc1ccc(C(=O)N2CCCC2Cc2ccccc2)nc1
508,508,O=C(Cn1nnc(c2ccco2)n1)NC(Cc1c[nH]c2ccccc12)C(=O)[O-]
509,509,COc1ccc2c(OC3CC(C(=O)NCC[NH+](C)C)N(C(=O)C(CC(C)C)NC(=O)OCc4ccccc4)C3)cc(c3ccccc3)nc2c1
510,510,CC(C)C(NC(=O)COc1cccc2c1OC(C)(C)C2)C(=O)[O-]
511,511,Cc1cc(F)c(F)cc1NC(=O)c1cccc(C#N)c1
512,512,C[NH2+]C(c1ccccc1Cl)c1cc(C)c(F)cc1F
513,513,Cc1cc(C(C)NC(=O)c2cc(C)n(C3CCS(=O)(=O)C3)c2C)c(C)o1
514,514,O=C(C1CCCN(S(=O)(=O)c2ccc(F)c(Cl)c2)C1)N1CCCCC1
515,515,CCn1nc(c2ccccc2)cc1C(=O)N(C)Cc1ccnc(N2CCCC2)n1
516,516,Nc1cc([N+](=O)[O-])cc(n2nnc3ccc(C(=O)[O-])cc32)n1
517,517,O=C(c1noc2c1CCCC2)N1CCCN(c2ncccn2)CC1
518,518,COc1cc(Br)cc(C[NH2+]CC2CC2)c1O
519,519,Cc1cc(C)c(S(=O)(=O)N2CCN(c3c(Cl)cccc3NC(=O)c3cccs3)CC2)c(C)c1
520,520,COc1cc(OC)c2c(c1C(=O)[O-])CCO2
521,521,CC(C)(NC(=O)NCc1ccccc1OCCO)C(N)=O
522,522,COC(=O)N1CCc2ccccc2C1C(=O)NCc1ccccc1
523,523,O=C(OCC(=O)N(Cc1ccccc1)Cc1ccco1)c1cc(c2ccccc2)nc2ccccc12
524,524,CC(C)c1c(NN)ncnc1NCC1CCCC(O)C1
525,525,Cc1cc(S(=O)(=O)Nc2ccccc2C(F)(F)F)sc1CO
526,526,O=C(COC(=O)C1CCN(S(=O)(=O)c2ccc(Cl)cc2)CC1)NC1CCS(=O)(=O)C1
527,527,CCCCCOC(=O)Oc1ccc(C(=O)Nc2ccc(C[NH3+])cc2)cn1
528,528,COc1ncccc1NC(C)CC1CC1
529,529,[NH3+]Cc1cccc(NC(=O)N2CCCC(C(F)(F)F)C2)c1
530,530,C=CC1CC1(NC(=O)C1CC(Oc2cc(c3ccccc3)nc3cc(OC)ccc23)CN1C(=O)C(C(C)C)NC(=O)OC1Cc2ccccc2C1)C(=O)NS(=O)(=O)C1CC1
531,531,CC(C)c1cc(=O)n2[nH]c(c3ccc(Cl)cc3)nc2n1
532,532,O=C(Cn1c2c(sc1=O)C(c1cccc(OCc3cccc(F)c3)c1)C1C(=O)N(c3cccc([N+](=O)[O-])c3)C(=O)C1S2)Nc1cccc(C(=O)NC2CC2)c1
533,533,O=C1[NH+]=C(Nc2ccc(O)cc2)SC1=Cc1ccncc1
534,534,Nc1ccccc1NC(=O)c1cc2ccccc2cc1O
535,535,Cc1ccc(S(=O)(=O)Nc2cn(S(=O)(=O)c3ccc(C)cc3)c3c(OCC(=O)N4CCOCC4)cccc23)cc1
536,536,O=c1[nH][nH]c2ccc(OC(F)(F)F)cc12
537,537,CC(C)(C(=O)NC1(C(=O)[O-])CCOCC1)S(C)(=O)=O
538,538,Cc1cc(F)c(Cl)cc1c1cc(O)cc(C(F)(F)F)c1
539,539,CCS(=O)(=O)N(CCC[NH+]1CCC2(CC1)SCCN2C(=O)c1ccccc1)Cc1ccccc1F
540,540,CCn1ccnc1C1OCCC1C(=O)NC(C)c1nc2ccccc2n1C(F)F
541,541,CCn1ncnc1C[NH+](C)C(C)c1ccc(F)cc1O
542,542,CCOC(=O)c1ccsc1NC(=O)C1CCCC1(C)C
543,543,COC(=O)c1cc(S(=O)(=O)NC2CC[NH2+]CC2)ccc1F
544,544,CC1CN(c2cc(C(F)(F)F)nc(c3ccccc3)n2)CC1[NH+](C)C
545,545,CCc1ccsc1C(NN)c1ccccc1C
546,546,Cn1cc(C(=O)NCC2(c3ccc(Cl)cc3)CCC2)c2ccccc21
547,547,O=C(COc1ccc2ccccc2c1)Nc1ncc(c2ccccc2)cn1
548,548,N#Cc1c(SCC(=O)N2CCN(c3ccccn3)CC2)nc2ccccc2c1c1ccccc1
549,549,Cc1c(Cl)cccc1S(=O)(=O)N1CCC(C)(C(N)=[NH+]O)CC1
550,550,FC(F)(F)Oc1ccc(Br)cc1C[NH2+]CC1CC=CCC1
551,551,[NH3+]CC1(C(O)c2c(F)c(F)c(F)c(F)c2F)CCC1
552,552,C[NH2+]Cc1ccc(SCc2cnc(C)cn2)cc1
553,553,CNC(CCCc1ccc(OC)cc1)C(F)(F)F
554,554,COc1ccccc1NC(=O)CSc1nnc(C[NH+](C)C2CCCC2)n1c1ccccc1
555,555,O=C([O-])c1c(NCCC2CCCO2)nc2ccccn12
556,556,Cc1cc(C)c(C#N)c(SC(C(=O)Nc2c(C)cccc2C)c2ccccc2)n1
557,557,N#Cc1ccccc1OCc1cccc(Cl)c1
558,558,[NH3+]Cc1ccc(S(=O)(=O)Nc2cncnc2)nc1
559,559,CN(C(=O)[O-])c1cccc(C(=O)Cc2cnc3[nH]cccc2-3)c1
560,560,O=C(Nc1cccnc1)c1ccc(C[NH+]2CCc3ccccc3C2)cc1
561,561,Cc1c(Br)ccc(C#N)c1F
562,562,COc1ccc(NC(=O)N2CCC(NC(=O)c3ccnc(n4cccn4)c3)C2)cc1
563,563,CC(C)CN(CC(C)C)c1cnc(C(C)C)nc1C[NH3+]
564,564,O=C1c2ccccc2C(=O)N1CC(=O)Nc1ccc(OC(F)F)c(Cl)c1
565,565,COc1nn(C(=O)c2ccc(NS(C)(=O)=O)cc2)c2nc(Nc3ccc(C(F)(F)F)cc3)ncc12
566,566,Cc1cc(F)ccc1Oc1cc(Br)cc(C[NH3+])c1
567,567,CC[NH2+]Cc1cncn1c1cccc(Br)c1
568,568,CC(=O)OCC1OC(Oc2ccc([N+](=O)[O-])cc2C(C)=O)C(O)C2OC(C)(C)OC12
569,569,CSCc1nsc(NC(=O)NCc2cccnc2)n1
570,570,COc1ccc(Nc2nccc(c3cc(OCCC4CCN(C(=O)Cc5cc(F)cc(F)c5)CC4)cc(C(F)(F)F)c3)n2)cc1
571,571,CC(C)(C)C(=O)N1CCc2nc(NC(=O)c3cc(Cl)ccn3)sc2C1
572,572,N#CCc1cc(F)cc(C=O)c1
573,573,Cc1nc(NC(C)CO)ccc1C[NH2+]C(C)(C)C
574,574,Cc1nnc(NC(=O)c2ccc3cccc(c4cc(Cl)cc(Cl)c4)c3n2)s1
575,575,Cc1ccc(S(=O)(=O)n2ccc(N3CCc4ccccc4C3)cc2=O)cc1
576,576,O=C(c1ccc2c(c1)SC(c1ccc(Cl)cc1)C1CC=CC21)N(Cc1ccc(F)cc1)C1CC1
577,577,Cc1coc(SC(C)CC[NH3+])n1
578,578,CC1CCCCC1Oc1ccc(C(N)=[NH+]O)cn1
579,579,CC(C)Nc1ccnc(Nc2cccc(Br)c2)n1
580,580,CC(C)c1ccc(c2cnc(C(=O)[O-])cn2)cc1
581,581,COc1ccc(C=CC(=O)NC(C)C(=O)[O-])cc1OC
582,582,Cc1nn(C2CCS(=O)(=O)C2)c2sc(C(=O)N3CCN(c4ccccc4O)CC3)cc12
583,583,Cc1cc([N+](=O)[O-])ccc1n1nnc(c2ccc(C(C)(C)C)cc2)n1
584,584,CC1CCC(CC(=O)N2CCCCC2c2nc(c3cccnc3)no2)O1
585,585,CCOC(=O)N1CCc2c(sc3c2C(=O)N(C(C)(C)C)C3=O)C1
586,586,O=C(NCc1ccc(Oc2ccc(Cl)cc2)c(F)c1)c1ccn(COc2ccc(F)cc2F)n1
587,587,O=C([O-])c1c(NCCc2ccc(Cl)cc2)ncnc1N1CCCC1
588,588,CC(=O)Nc1cccc(N2C(=O)C(Nc3cccc4ccccc34)=C(Sc3nc(C)cc(C)c3C#N)C2=O)c1
589,589,CCCCc1ccc(NC(=O)NCc2ccc(c3ccco3)o2)cc1
590,590,COc1ccc(N=Nc2c(N)[nH]c(=O)[nH]c2=O)cc1
591,591,CC(C)(C)c1ccc(C(O)C(CCSC2CCCCC2)c2cccs2)cc1
592,592,CCOC(=O)c1nn(c2ccc(C)cc2)c(=O)c2c(NC(=O)c3cccnc3)scc12
593,593,COc1ccc(CNC(=O)c2sc3[nH+]c(c4ccccc4Cl)cn3c2N)cc1F
594,594,Cc1cc(F)ccc1NC(=O)c1cccc(NC(=O)C[NH+]2CCC(C(=O)NC(C(=O)Nc3ccc(NC(=O)c4cccc(F)c4)cc3)C(C)C)CC2)c1C
595,595,Cc1cc(c2cc(N)ncn2)co1
596,596,CC(CC(=O)[O-])NC(=O)c1cc2c(s1)CCCCC2
597,597,CCC1CCC(C#N)(Cc2c(F)cccc2Cl)CC1
598,598,COCCn1ncc(Cl)c1C(NN)c1ncccc1F
599,599,CC1CCC(n2c(N3CC4CC3CO4)nc3cnc4c(c3c2=O)CCCC4)CC1
600,600,O=C(NCCc1ccncc1)C1CC12CC[NH2+]CC2
601,601,CCc1cccc(C)c1NC(=O)CSc1nnc(SC)s1
602,602,Cc1cc(F)ccc1NC(=O)c1ccc(NC(=O)C(C)[NH+]2CCC(C(=O)NC(C(=O)Nc3cc(C(=O)Nc4ccc(F)c(F)c4)ccc3C)C(C)C)CC2)c(C)c1
603,603,Cc1cc(C)c(NC(=O)COC(=O)c2ccc(c3nc(c4ccccc4)no3)cc2)c(C)c1
604,604,CCC1(c2nn[n-]n2)CCC(=O)N1
605,605,CCOc1cccc2c1nc(N)n2C(C)C(N)=O
606,606,COC(=O)c1nc(C2(C)CCCC2)cnc1N
607,607,Cc1ccc(Cn2c(C[NH2+]C(C)(C)C)nc3ccc(F)cc32)cc1
608,608,Cc1nc(C[NH2+]Cc2ccon2)cs1
609,609,[NH3+]Cc1cccc(Oc2cccc(C(=O)[O-])c2)c1
610,610,[NH3+]CCC1CCN(c2nc(C3CC3)ns2)CC1
611,611,Cc1c(NC(=O)N2CC[NH+](Cc3ccccc3)CC2)cnn1C
612,612,Cc1nnc(COc2ccc3c(c2)OCCN2CC[NH+](CC(=O)N2)CC3)n1C
613,613,[NH3+]C1CCc2c(NC(=O)C3CCCCC3)n[nH]c2C1
614,614,O=C(COc1ccc([N+](=O)[O-])cc1)Nc1ccc2nc(C[NH+]3CCCCCC3)[nH]c2c1
615,615,COc1ccccc1C=CC(=O)N1CC2C[NH+](C)CC2C1
616,616,Cc1ccc(C2=Nn3c(nnc3C(C)(C)C)SC2)cc1
617,617,O=C([O-])c1ccc(Cn2ccnc2)c(F)c1
618,618,COc1ccccc1C(=O)C[NH+](C)C1CCSCC1
619,619,Cc1nc(C(=O)NC2(C)CC[NH2+]C2)co1
620,620,Cc1cc(=O)n(c2ccc(C(=O)N3CCCCC3)cc2C)c(C)c1C(=O)OC(C)(C)C
621,621,O=CNC(c1ccccc1)C1CCCC1
622,622,CCC1CCC(C[NH3+])(N2CC(=O)Nc3ccccc32)CC1
623,623,COC(=O)c1ccc(C#N)c(Br)c1
624,624,COc1ccc(C(=O)C2CC[NH+](CC(=O)NCc3cccc(F)c3)CC2)cc1
625,625,CC(C)CC1(C(=O)Nc2cccc([N+](=O)[O-])c2)CC[NH2+]CC1
626,626,N#CSc1ccc(c2c(F)c(F)c(F)c(F)c2F)cc1
627,627,C=C(C)C(C)(CC)C(Br)CCCC
628,628,CN(CC(=O)N1CCN(c2ccccc2F)CC1)c1ncc(Br)cc1Cl
629,629,CC(C)(C)C1=CC(=Nc2nc(C3CCCCC3)nc(c3ccc(c4ccc(C(C)(C)C)cc4)c(c4ccc(C(C)(C)C)cc4)c3)n2)C=C(C(C)(C)C)C1
630,630,[NH3+]Cc1cn(Cc2cccc3ccccc23)c2ncccc12
631,631,CC(C)Cn1nc(C(=O)NCC(O)c2ccc(F)cc2)ccc1=O
632,632,Cn1nccc1S(=O)(=O)NCC1CC[NH2+]CC1
633,633,Cc1cc(Cl)ccc1N1C(=O)C2(COc3cc4c(cc32)OCO4)c2c1nc1ccccc1c2c1ccccc1
634,634,COCCOc1cc2ncnc(Nc3cccc(Br)c3)c2cc1NC(=O)c1coc(C2CCCC2)n1
635,635,CC(C)CC(NC(=O)C([NH3+])CCC[NH+]=C(N)N)C(=O)NC(CCC(=O)[O-])C(=O)N1CCCC1C(=O)NC(C(=O)NC(CC(=O)[O-])C(=O)[O-])C(C)C
636,636,CC[NH2+]CCCc1nc2cc(C)cnc2n1C1CC1
637,637,COCCOCOc1cccc(C=Cc2ccc3ncc(c4cnccn4)nc3c2)c1
638,638,COc1c(C)c(C)c(Br)c(C)c1C1(C[NH3+])CCCC1
639,639,CC(C)n1c(Cn2ccnc2)nc2cc(C(N)=O)ccc21
640,640,CCn1nc(C)c2nc(N)n(CCC(C)C)c21
641,641,COCCCNC(=O)C(C)[NH+]1CCC(OCC[NH3+])CC1
642,642,CCOC(=O)c1cn(c2ccc3ccsc3c2)c2nc(N3CCC(C)([NH+](C)C)CC3)ncc2c1=O
643,643,CC1CC1c1ccc(C(C)C)c(OCc2ccc(C(=O)[O-])o2)c1
644,644,COc1c(OC)ccc2cc(C(=O)N3CCCC3Cn3nc(C)cc3C)c(=O)oc12
645,645,CC(C)(C)N1CC(NC(=O)c2cnccn2)CC1=O
646,646,CCC12CCC3CCCCC3C1CCC1C3CCC(=O)C3(C)CCC12
647,647,Cc1[nH]nc(S(=O)(=O)NC2CCCC(C)C2C)c1C[NH2+]C(C)C
648,648,Cc1cc(S(=O)(=O)N2CCC(CC[NH+]3CCOCC3)CC2)ccc1F
649,649,COc1ccccc1NC(=O)c1cncc(NCCCc2ccccc2)c1
650,650,CCC(C)C(NC(=O)C([NH3+])CS)C(=O)NC(C(=O)NC(CCCC[NH3+])C(=O)NC(CC(N)=O)C(=O)NCC(=O)NC(CO)C(=O)NC(Cc1ccccc1)C(=O)NC(C(=O)NC(C(=O)NC(CS)C(=O)NC(CCC(=O)[O-])C(=O)NC(CCC(N)=O)C(=O)NC(CCC(N)=O)C(=O)NC(C)C(=O)NC(CC(C)C)C(=O)NC(Cc1ccccc1)C(=O)NC(CCCC[NH3+])C(=O)NC(CCC(=O)[O-])C(=O)NC(CCC(N)=O)C(=O)NC(CC(=O)[O-])C(=O)NC(C(=O)NC(CCCNC(N)=[NH2+])C(=O)NCC(=O)NC(C(=O)NC(CCCC[NH3+])C(=O)NC(CCC(N)=O)C(=O)NC(CCCC[NH3+])C(=O)NC(C)C(=O)NC(CC(N)=O)C(=O)NC(CCC(=O)[O-])C(=O)NC(CO)C(=O)NC(CC(C)C)C(=O)NC(C(=O)NCC(=O)NC(CS)C(=O)NC(C(=O)NC(CC(C)C)C(=O)NC(CCC(N)=O)C(=O)NC(CCCC[NH3+])C(=O)NC(C)C(=O)NC(CS)C(=O)NC(C)C(=O)NC(CCC(=O)[O-])C(=O)[O-])C(C)O)C(C)O)C(C)CC)C(C)O)C(C)C)C(C)CC)C(C)O
651,651,CCOC(=O)Oc1ccc(C(=O)Nc2ccnn2CC(=O)Nc2cccc(Br)c2)cc1
652,652,Fc1ccc(C(Br)c2cccc(Cl)c2Cl)cc1Cl
653,653,COC(=O)NCCN(C)C(=O)c1cc(C#N)ccc1F
654,654,CNc1ccc(OC2COCCC2C#N)cn1
655,655,COc1ccc(n2c(SCC(=O)NC3CCCCC3)nnc2c2ccc(C(C)(C)C)cc2)cc1OC
656,656,O=C(CCC1CCCO1)NCC1CCC1
657,657,CCC(C)c1ccc(N2C(=O)C(Cl)=C(Nc3cccc(C(=O)Nc4ccc(C)c(C)c4)c3)C2=O)cc1
658,658,CCOc1ccc2nc(N3C(=O)C(=O)C(=C([O-])c4cccc(OC(C)C)c4)C3c3ccc(OC)cc3)sc2c1
659,659,Nc1ccc2nc(c3cc4ccccc4s3)nc(NC3CCN(C(=O)c4ccccc4)CC3)c2c1
660,660,CC(c1ccccc1Cl)[NH+](C)CC(=O)Nc1ccccc1C(F)(F)F
661,661,Cc1ccc(S(=O)(=O)NCCc2csc(c3ccc(S(=O)(=O)N(C)C)s3)n2)cc1C
662,662,CCOC(=O)Oc1cnc(c2ccccc2)c(c2ccc(C(F)(F)F)cc2)c1
663,663,NC(CC(=O)N1CCC(OCCO)CC1)=[NH+]O
664,664,Cc1c(NC(=O)C[NH+]2CCC(C(=O)NC(C(=O)Nc3cccc(NC(=O)C4CCCCC4)c3)C(C)C)CC2)cccc1C(=O)NC1CCCC1
665,665,CC(C)OC(=O)COc1cnsn1
666,666,CCCC[NH+]1CC2CCCN2CC1C
667,667,[NH3+]CCN1CCN(c2cc(C3CC3)[nH]c(=O)n2)CC1
668,668,CCCCCCCOC(C)C(O)c1ccccc1
669,669,Cc1nc(NCC(F)(F)F)sc1C(=O)NCCC(=O)[O-]
670,670,O=C([O-])CCc1cn(C2CCCCO2)nn1
671,671,O=C(C=Cc1c([O-])n(c2ccccc2Cl)c(=O)[nH]c1=O)NCc1cccnc1
672,672,COC(=O)NC(C(=O)N1CCCC1c1[nH]c(c2ccc3c(c2)COc2cc(c4c[nH+]c(C5CCCN5C(=O)C([NH3+])Cc5ccccc5)[nH]4)ccc2-3)c[nH+]1)C(C)C
673,673,Cc1ncccc1C(=O)Nc1cc(F)c(F)cc1C(=O)[O-]
674,674,CCc1sc(NCCc2ccccc2OC)nc1C(=O)[O-]
675,675,Cc1ncc(CNc2c(Br)c[nH+]cc2Br)s1
676,676,Cc1ccc(N)c(S(=O)CC2CCC[NH+](C)C2)c1
677,677,COC(=O)c1ccc(COc2ccc(C(C)O)cc2C)o1
678,678,CC(C)[NH+]1CCCC1Cn1cc(c2ncccn2)c2cc(c3c(C(N)=O)nn4ccccc34)ccc21
679,679,Nc1cn[nH]c1C(O)C1([NH3+])CC1
680,680,Fc1ccc(C2CC3(CC[NH2+]CC3)CO2)cc1
681,681,CCC(C)C(NC(=O)C(C)N1C(=O)c2ccccc2C1=O)C(=O)NC(CCC(N)=O)C(=O)NC(Cc1ccccc1)C(=O)NC(C(=O)[O-])C(C)C
682,682,CC(=O)NCC1CN(c2ccc(n3cccn3)c(F)c2)C(=O)O1
683,683,Cc1c(C(=O)[O-])cccc1n1cc(Cl)cn1
684,684,C=CC(=O)CC1CCC(=O)C1(NC(=O)C1CC2CN1C(=O)C(C1CCCC1)NC(=O)OC1CC3CC1C1CC(CC1C3)C2)C(=O)NS(=O)(=O)C1CC1
685,685,COc1ccc(C(O)CNC(=O)c2cc(c3cccs3)nn2C)cc1
686,686,COc1cccc2c1OC(C)(C)CC2NC(=O)N1CC(O)CC1C
687,687,Nc1c(Br)cc(C(=O)Nc2ccc3c(c2)OCCO3)cc1Br
688,688,N#Cc1cnc(CCl)c(C(F)F)c1C#N
689,689,FC1(F)CC(NCC(F)F)C1
690,690,CCCCCCC=CC1CCC(=O)C1CC=CCCCC(=O)[O-]
691,691,Cc1cc(F)ccc1NC(=O)c1cccc(NC(=O)C2CCCN2C(=O)C2CC[NH+](C(C)C(=O)Nc3ccc(Cl)c(C(=O)NC(C)C)c3)CC2)c1
692,692,O=C1CC(C(=O)N2CCC3(CC2)CNC(=O)N3Cc2ccc(F)cc2)CCN1
693,693,C=CCc1cc(C(=O)NCC(=O)NCc2ccc(N3CCCC3=O)cc2)cc(OC)c1OC
694,694,O=C(COC(=O)c1ccc2c(c1)C(=O)N(Cc1ccco1)C2=O)NCC1CCCO1
695,695,CCOC(=O)c1c(C)[nH]c(C)c1C(=O)COC(=O)c1cc(c2ccco2)nc2c1c(C)nn2C
696,696,COC(=O)c1cn[nH]c1NS(=O)(=O)c1cn(C)c(C)[nH+]1
697,697,Cc1c(NC(=O)C(C)NC(=O)C2CC[NH+](CC(=O)Nc3cc(C(=O)Nc4ccc(F)cc4)ccc3Cl)CC2)cccc1C(=O)NC1CCCCC1
698,698,COC(=O)c1ccc2c(c1)C(=CC1=CCCCC1)C(c1ccc(F)cc1C)=N2
699,699,COc1ccc2c(c1)SCC(C)N(C(=O)c1cccc(Cl)c1)C2
700,700,Cc1c(C[NH2+]C2CC2)cnn1C(C)c1ccsc1
701,701,Cc1ccc(F)c(OCCNC(=O)c2ccc(C)c(S(=O)(=O)NCC3CCCO3)c2)c1
702,702,CS(=O)(=O)N1CCC(CNC(=O)NCC2(c3ccccc3)CCC2)C1
703,703,COCC[NH2+]CCNS(=O)(=O)c1cc(F)cc(F)c1
704,704,CC(=O)OC1CCC2(C)C(=CCC3C2CCC2(C)C(C(C)CCCC(C)C)CCC32)C1
705,705,O=C([O-])C1CN(C(=O)Cc2ccccc2)C2CCCCC2O1
706,706,COc1ccc(S(=O)(=O)NC(Cc2ccccc2)C(=O)NCCCc2ccc(NS(C)(=O)=O)cc2)cc1
707,707,COCC[NH2+]Cc1ccc(S(=O)(=O)NC(C)(C)C)o1
708,708,CC(=O)C1=NN(c2ccccc2C(=O)[O-])C2(CCCCC2)O1
709,709,Cc1c(C(C)NC(=O)Cc2ccccc2Br)oc2ccc(F)cc12
710,710,O=C(Nc1ccc(S(=O)(=O)Nc2ccc(Br)cc2)cc1)c1ccc(S(=O)(=O)Nc2ccc(Cl)cc2)cc1
711,711,C=CC(OC)C1CCCN1C(=O)OC(C)(C)C
712,712,COc1ccc(F)cc1C(C)NC(=O)NC(C)c1cccc(n2cccn2)c1
713,713,CCC(C)C(NC(=O)C(C)NC(=O)C([NH3+])CCSC)C(=O)NC(CCC(=O)[O-])C(=O)[O-]
714,714,CC(C)CN(C(=O)COC(=O)c1csc2c1CCCC2)c1c(N)n(CC(C)C)c(=O)[nH]c1=O
715,715,CCOc1ccc(NC(=O)C(C#N)=Cc2cc(I)c(OCC(=O)Nc3ccc(Cl)cc3)c(OCC)c2)cc1
716,716,COC(OC)c1ccc(OC2CC(C)(C)N(C(C)=O)C(C)(C)C2)cc1
717,717,CC(C)N(Cc1ccccc1)C(=O)C1(C(=O)NCCc2ccccc2)CC1
718,718,Nc1ccn(C2CC(O)C(CO)O2)c(=O)n1
719,719,Nc1ccc(OCc2ccc(C(F)(F)F)c(F)c2)cc1
720,720,CC1CC[NH+](Cc2cccc(NC(=O)CCNS(=O)(=O)c3ccc(F)c(F)c3F)c2)CC1
721,721,COC(=O)c1c(N=Cc2c(C)n(Cc3ccccc3)c3ccccc23)sc2c1CCCCC2
722,722,COc1ccc(C(=O)N2CCN(C(=O)CNc3cccc(C)c3C)CC2)cc1
723,723,CCOCCCNC(=O)CN1CCc2ccccc21
724,724,O=c1ccoc(N2CCC(Oc3ccc(F)cc3F)CC2)c1
725,725,CC(c1noc(c2ccncc2N)n1)[NH+]1CCN(C(=O)OC(C)(C)C)CC1
726,726,COc1ccccc1Cn1cc(C(=O)C(=O)[O-])ccc1=O
727,727,CCCc1nc(N)c(C)c(NCC(C)(C)c2ccccc2)n1
728,728,CC1CN(C(=O)NC(C2CC2)C2CC2)CCS(=O)(=O)C1
729,729,CC(C)c1noc(CCCC(=O)N2Cc3ccccc3CC2C(=O)[O-])n1
730,730,CC(=O)N(CCNC(=O)Cc1ccc(Cl)cc1Cl)Cc1ccccc1F
731,731,Cc1cc(C)cc(OC2CCN(c3c(C(=O)N(C)C)cnn4cc(c5cccc(S(=O)(=O)N(C)C)c5)cc34)CC2)c1
732,732,O=C1C(=Cc2cc(Br)cc(Br)c2O)C2CC1C1CCCC21
733,733,CC(C)S(=O)(=O)CCNC(=O)Nc1nnc(C(C)(C)C)s1
734,734,COCCCNC(=O)C[NH+]1CCCC1C(=O)[O-]
735,735,Cc1cc(Cl)ccc1NC(=O)Cn1c(=O)[nH]c2ccccc21
736,736,CNC(C)(C#N)CC(C)N1CC(C)N(C)C(C)C1
737,737,CC(C)n1ccc(CC(=O)c2ccc(Cl)cc2F)n1
738,738,CC(C)(C)OC(=O)ON1C(C2CCCCC2)COC1(C)C
739,739,COc1ccc(C)cc1S(=O)(=O)N(CCc1ccccc1)CC(=O)[O-]
740,740,CC(=O)NC1C(=O)OC(C2CC2)OC1C
741,741,N#CC1CNCCN1C(=O)CNC(=O)c1cc2cc(O)ccc2s1
742,742,CC(C)(C)C1CN(C(=O)c2cc(c3ccncn3)ccc2Cl)CC[NH+]1C(c1ccc(F)cc1)c1ccc(F)cc1F
743,743,CCCCC(CC)CNc1ccc(C[NH3+])cc1Br
744,744,O=C(CS(=O)(=O)C1CCCC1)N1CC[NH2+]CC1c1nccs1
745,745,CS(=O)(=O)N1CCc2nc3cc(C(=O)Nc4cccc(C[NH+]5CCOCC5)c4)ccc3cc2C1
746,746,CN(CC(=O)Nc1cccc(Cl)c1)C(=O)Nc1ccc(CC(=O)[O-])cc1
747,747,CCc1cn[nH]c1NC(=O)c1cc(F)c(F)c(F)c1
748,748,CC1(C(=O)[O-])CCN(C(=O)CCOc2ccc(Cl)cc2)C1
749,749,CC(C)(C)OC(=O)C1(O)CCOc2ccc(Br)cc21
750,750,CC(=O)Nc1cccc(NC(=O)C2CCN(S(=O)(=O)c3ccc(Br)s3)CC2)c1
751,751,CC(C)(C)c1cc(NC(=O)COC(=O)c2cccnc2Cl)on1
752,752,CCOC(=O)c1cc(c2ccc(N)c(COC)c2)c[nH]1
753,753,Cc1noc(CCNC(=O)c2ccc(O)cc2)n1
754,754,O=S1(=O)CCC(C2CCC(CBr)O2)C1
755,755,COc1ccc(S(=O)(=O)N(C)CCC2CCCC2)cc1NC(C)=O
756,756,CC[NH2+]C(CC1CCCCC1)c1ccc(Br)c(OC)c1
757,757,COCC1=C2C(CCC(C)=O)c3[nH]c4ccc([N+](=O)[O-])cc4c3CC2C2C(=O)N(Cc3cccs3)C(=O)C2C1
758,758,C=CC(=O)Oc1cc(O)ccc1O
759,759,[NH3+]C(c1ccc(F)cc1F)c1cccc2cccnc12
760,760,CCn1c(SCC(=O)Nc2cc(Cl)ccc2F)nnc1c1cccc(C)c1
761,761,CC(C)NC(=O)N1CCCC2C1C(=O)CN2S(=O)(=O)c1ccc(Cl)cc1
762,762,Cc1onc(c2ccccc2Cl)c1C(=O)N1CCOCC1C(=O)[O-]
763,763,CC1CCCC1[NH2+]C1C2CCCC1CC([NH3+])C2
764,764,COc1ccc(C)cc1N1CCC[NH2+]CC1(C)C
765,765,CCCCN(C)C(NCC(C)c1ccccc1OC)=[NH+]C
766,766,N#Cc1ccc(c2ccc(C=C3SC(Nc4ccccc4)=[NH+]C3=O)o2)cc1
767,767,NC(=[NH+]C(=O)c1ccccc1)N1CCc2sccc2C1
768,768,COC(=O)c1ccccc1S(=O)(=O)N(Cc1ccc2c(c1)OCO2)C(CC(=O)NCCC[NH3+])Cc1ccc(OC)c(OC)c1
769,769,O=C(Cn1cnc2ccccc21)NCc1nnc2n1CCCC2
770,770,C[NH2+]C(C)c1cc(F)ccc1OCc1csc(C)n1
771,771,CC(C)n1c(CNC(=O)c2ccc(F)cc2)nnc1SCC(=O)Nc1ccc(Cl)cc1
772,772,[NH3+]CC1CCCCC1[NH2+]C1CCCCCC1
773,773,CCOC(=O)c1oc(c2ccccc2)c(c2ccc3c(c2)OCO3)c1C(=O)OC
774,774,COc1nc(C)c(c2nc3ccccc3c(=O)n2N=Cc2ccc(OCC#N)cc2)c(C)n1
775,775,Nc1c(NCc2ccncc2)ncnc1N1CCc2sccc2C1
776,776,COc1cc(N2CCOCC2)ccc1C=C1N=C(c2ccccc2)OC1=O
777,777,CCOC(=O)Cc1csc(NC(=O)c2ccc(CN3CCCC3=O)cc2)n1
778,778,CSc1ccc(c2ccc(C3Oc4ccc(S(=O)(=O)[O-])cc4C(O)C3O)cc2)cc1
779,779,COc1ccc(CC2(CCBr)CCOC2)cc1C(C)C
780,780,[NH3+]C1(c2nc(c3cccc(Br)c3)no2)CCC1
781,781,Cc1ncnc(Nc2ccc(CCC(=O)[O-])c(Cl)c2)c1C
782,782,O=C([O-])c1cc(Br)c(OCc2cccc(Oc3ccc([N+](=O)[O-])cc3Cl)c2)c(Br)c1
783,783,CCCc1[nH+]ccn1Cc1nnnn1CCC
784,784,C=CCOc1ccc(C=NNC(=O)CSc2ccc(C)cc2)cc1OC
785,785,C=CC(=O)OCOC(=O)N(C)COC(=O)C=C
786,786,CC(OC=O)C(=O)Oc1ccccc1
787,787,COc1ccc(C(=O)Nc2ccc(N3CC[NH+](Cc4ccccc4C)CC3)nc2)cc1
788,788,FC(F)c1cccc([Sn](c2ccccc2)c2ccccc2)c1Br
789,789,COc1ccc(C([NH3+])c2cc(C)cc(F)c2)cc1O
790,790,CC(=O)c1cc([N+](=O)[O-])c(C)s1
791,791,CC(NC(=O)C(C)NC(=O)C(NC(=O)C(Cc1ccccc1)NC(=O)CNC(=O)C([NH3+])Cc1ccccc1)C(C)C)C(=O)[O-]
792,792,CC(OCC1CCCO1)C(=O)N1CC[NH2+]C(C)(C)C1
793,793,COC(=O)c1c(NC(=O)COC(=O)c2ccc(C)c(S(=O)(=O)N3CCOCC3)c2)sc2c1CCC(C)C2
794,794,COc1ccccc1Nc1cc(c2ccncc2)nc2c(c3cccnc3)c(C)nn12
795,795,CC(C)(C)C1=CC2(c3ccccc3)C(Cc3ccccc3)Nc3ccccc3N2C=C1
796,796,C=CCn1c(SC(C)C(=O)Nc2ccc(F)c(Cl)c2)nnc1c1ccoc1C
797,797,NC(=N[NH3+])c1ccc2c(c1)oc1ccccc12
798,798,COC(=O)C1(NC(=O)c2cc(OC)c(OC)c(OC)c2)CCCC(C)C1
799,799,CSc1ccc(Nc2ncc(Br)c(Nc3ccccc3)n2)cc1
800,800,Cc1ccc(CNC(=O)c2ccc(N)nc2)cc1Cl
801,801,CC(C)(C)[NH2+]Cc1ncc(c2ccccc2F)s1
802,802,CC(C)(C)C1CCc2c(C#N)sc(N)c2C1
803,803,COc1ccc(Br)cc1CN1CC([NH3+])C1=O
804,804,O=Cc1cc(F)ccc1N1CC[NH+]2CCCCC2C1
805,805,Cc1c(NC(=O)C[NH+]2CCC(C(=O)NC(C(=O)Nc3cc(NC(=O)c4ccc(F)cc4)ccc3F)C(C)C)CC2)cccc1C(=O)NC(C)C
806,806,CC(C)n1ncc2cc(C(=O)NCC3CN(c4ccc5c(c4)OCCO5)C(=O)O3)cnc21
807,807,COC(=O)c1ccc(NC(=O)CCc2ccc3[nH]ccc3c2)cc1
808,808,CCCCn1c(N)c(N(CCOC)C(=O)Cc2coc3cc4c(cc23)CCC4)c(=O)[nH]c1=O
809,809,C[NH2+]Cc1cnc(Sc2ncc[nH]2)nc1
810,810,CC(C)n1ncnc1CC(O)c1cccc(Br)c1F
811,811,CC(C)C(NC(=O)C1CC[NH+](CC(=O)Nc2ccc(Cl)c(C(=O)N3CCCC3)c2)CC1)C(=O)Nc1ccc(Br)cc1F
812,812,O=C(Nc1nc(c2cccc(Br)c2)cs1)C1CC1
813,813,COc1cc(OC)cc(C(=O)N2CCC(Oc3nc4c(F)cc(F)cc4s3)CC2)c1
814,814,Cc1ccc(c2csc3nc(SCC(=O)c4ccc(Cl)c([N+](=O)[O-])c4)[nH]c(=O)c32)cc1
815,815,COc1ccccc1NC(C)C1CCOC1
816,816,COc1ccc(C(C)=O)cc1COC(=O)CCc1ccc(C)cc1C
817,817,O=C(CC1CCCO1)N1CCc2nc(C3CCc4cccnc43)ncc2C1
818,818,O=C([O-])C1CSCN1C(=O)NCC1CC2CCC1C2
819,819,Cc1ccc(n2cnnc2SCC(=O)NCc2ccc(COC(C)C)cc2)cc1
820,820,CC(OCC1CCCCO1)C(=O)N(C)CC1CCN(S(C)(=O)=O)CC1
821,821,COc1ccc(C(C)NC(=O)NCCc2ccccn2)cc1OC
822,822,Cc1ccc(C2CCCN2C(=O)C2(C)CCCC2[NH3+])o1
823,823,CC(C)(C)c1cc(NC(=O)Nc2ccc(Oc3nc(n4cccn4)cc(C(F)(F)F)n3)cc2)n(c2cccc(Cl)c2)n1
824,824,O=C(CCc1ccc(F)cc1)NCC1(C(=O)[O-])CC1
825,825,CCc1c(C=C2CCCc3ccccc32)[nH]c(=S)n1C1CC1
826,826,COc1ccc2c(c1)SCC1CN(C(=O)c3nc4ccccc4s3)CCN21
827,827,Cc1cc(N2CCOCC2)nc(NCCNC(=O)c2sc(c3ncccn3)nc2C)n1
828,828,CNc1cc[nH+]cc1S(=O)(=O)NC1CCCC1C
829,829,CCOC(=O)c1c(NC(=O)COc2cccc(N(C)C)c2)sc(C(=O)NC)c1C
830,830,Cc1cc(F)c(NC(=O)C[NH2+]CC(C)C)c(F)c1
831,831,Cc1nsc2ncnc(NCC(C)(C)[NH+]3CCCC3)c12
832,832,Cc1c(NCc2cccc(C(=O)[O-])c2)ccc2[nH]nc(OCCO)c12
833,833,O=C(COC(=O)C=Cc1ccccc1F)Nc1ccc(Cl)c(C(F)(F)F)c1
834,834,Cc1cc(C)cc(NC(=O)c2cc(NC(=O)C(C)C)ccc2Cl)c1
835,835,COCC(C)NS(=O)(=O)Cc1ccccc1C#CCO
836,836,Cc1cc(NC(=O)CS(=O)C2CCCCCCC2)ccc1O
837,837,Cc1cc(C(=O)COCC(F)(F)F)c(C)n1c1ccccc1
838,838,O=c1oc2ccc(Cl)cc2cc1c1nnc(C[NH+]2CCCC2)o1
839,839,CCCOC(=O)C1=C(C)Nc2nc(c3ccc(C)cc3)nn2C1c1cc(Br)ccc1OC
840,840,CC1SCC[NH+](Cc2sccc2C#CC[NH3+])C1C
841,841,C=CCN(CC=C)C(=O)C[NH+]1CCC(C2CCCO2)CC1
842,842,CCOc1ccc(C2Nc3ccccc3C3C=CCC32)cc1OCC
843,843,CC(CC1CC1)[NH2+]C1CCOC2(CCCC2)C1
844,844,COC(=O)c1ccc(OC2CCN(C(=O)c3cccc4c(C)c(C)[nH]c34)C2)c(Cl)c1
845,845,CCC(C)NC(=O)c1cccc(NC(=O)C[NH+]2CCC(C(=O)NC(C(=O)Nc3ccc(NC(=O)C4CCCCC4)c(OC)c3)C(C)C)CC2)c1C
846,846,CC(C)(C(=O)N1CCCC1C[NH3+])c1ccc2c(c1)OCCO2
847,847,O=C(N1C2CCC1CC2)C1(c2ccc(Br)cc2)CCCC1
848,848,COc1ccc(C(=O)CCC(=O)N(C)c2ccc(N3CCCCC3)cc2)cc1
849,849,CC(C)n1ncc(Br)c1C(O)C1[NH2+]CCS1
850,850,Cc1cc(C)c(B(C=N)c2c(C)cc(C)cc2C)c(C)c1
851,851,O=C(CCN1C(=O)c2ccccc2C1=O)N1CCC(O)(c2cccc(F)c2)CC1
852,852,Cc1c(Cl)cccc1Nc1nc2ccc(c3ccno3)cc2c2nnnn12
853,853,Fc1ccccc1C1CN(c2nc3n(n2)CCCC3)CCN1CC1CC1
854,854,C[NH2+]C(c1ccc(Br)c(Cl)c1)c1cccc(Br)c1Cl
855,855,CCCCCc1ccc(C(F)(F)Oc2ccc(c3ccc(C4CCC(CC)CC4)c(F)c3F)cc2)c(F)c1F
856,856,CCC1CCCCCN1c1nc(N)cc(N)n1
857,857,CC(=O)NC(Cc1c[nH]c2ccccc12)C(=O)NCCCc1nc2ccccc2[nH]1
858,858,CC(C)Sc1nnc(NC(=O)c2ccc(CS(C)(=O)=O)cc2)n1CCc1ccccc1
859,859,CC(C)c1nc2c3c(nc2nn1c1ccccc1)CC[NH2+]C3
860,860,COc1cc(NCc2ccc(C#N)cc2)ccc1[N+](=O)[O-]
861,861,CC1CCC(N(C)S(=O)(=O)c2cccc(C(=O)[O-])c2)C1
862,862,CCn1ccnc1C[NH+](CC)CC(=O)N(Cc1ccccc1)C(C)C
863,863,FC(F)(F)C(F)(F)C(F)(F)C(F)(F)CCOCC(F)(F)C(F)(F)C(F)(F)C(F)(F)C(F)(F)C(F)(F)C(F)(F)C(F)(F)C(F)(F)C(F)(F)C(F)(F)F
864,864,COc1ccc(CNC(=O)c2nc(C(=O)NCCC[NH+]3CCOCC3)n3c2CCCC3)cc1
865,865,Cc1cc(C)c(CNc2cnc(C(=O)[O-])cn2)c(C)c1
866,866,COc1ccc(NC(=O)c2c(NCc3ccccc3Cl)[nH][nH]c2=O)cc1C
867,867,C=CC=CC(=CC)C(C)Oc1ccc(C#Cc2ccc(c3ccc(C4CCC(OC(C)=O)CC4)c(F)c3)cc2)cc1
868,868,COc1ccccc1n1ccc2cc(C(O)Cc3ccccc3)ccc21
869,869,CC(C)(C)SCC([NH3+])c1ccc(F)cn1
870,870,CC(C)C[NH2+]C(C)c1ccc(N(C)CC2CC2)cc1
871,871,CCc1cnc2c(cccc2c2nc3c(N)ncnc3n2C)n1
872,872,COC(=O)CCCCCCC(=O)C1CC1
873,873,O=C(Nc1cccc(OCC(O)C[NH+](Cc2ccccc2)Cc2ccccn2)c1)c1ccncc1
874,874,CC(C)CN(CC(=O)[O-])C(=O)c1ccc(F)c(F)c1F
875,875,CCC1=NN(c2c(F)c(F)c(F)c(F)c2F)C(=O)C1(C)c1ccc2c(c1)C(C)(C)CCC2(C)C
876,876,CC(C)COc1ccc(S(=O)(=O)Nc2ccccc2C(=O)N(C)Cc2ccco2)cc1
877,877,C=CC(C)(OC(=O)C1=C(C)NC(C)=C(C(=O)OC)C1c1cccc([N+](=O)[O-])c1)C(C)OC(=O)Cc1cccc2ccccc12
878,878,COC(=O)c1nccc(N2CCCC(C(C)C)CC2)n1
879,879,COCC(C)OC(=O)c1cc(F)c(F)cc1N
880,880,Cc1cc(=O)n(C(C)C(=O)N(C)Cc2ccccc2)cn1
881,881,N#Cc1ccc(NCC2COCC[NH2+]2)c(Cl)c1
882,882,CCCc1nc(C(=O)N2CCC3(CC2)CNC(=O)C3)n[nH]1
883,883,O=C([O-])C1COCCN1c1ncc(Br)cn1
884,884,Cc1cc(NC(=O)Nc2ccc(C#CC[NH3+])nc2)nn1C
885,885,COc1cccc(C(=O)Nc2ccc(O)c(C)c2)c1
886,886,Cc1cc(C(C)[NH2+]CCN(C)C)c(C)s1
887,887,CC(=O)Nc1cccc(S(=O)(=O)N(C)Cc2ccccc2N2CCCC2)c1
888,888,COc1ccc(N(C)Cc2ccc(Br)s2)nc1
889,889,COc1ccccc1NC(=O)NC(C[NH3+])C(C)C
890,890,CS(=O)(=O)Nc1ccccc1c1ccc(C=Cc2ccc(NC(=O)CCc3ccccc3Cl)cc2)cc1
891,891,CC(=O)c1cccc(NC(=O)c2nc(C(=O)NCC3CCCO3)c3ccccn23)c1
892,892,N#Cc1c(F)cccc1NCc1cccc([N+](=O)[O-])c1Br
893,893,CCCCc1ccc(NC(=O)CSc2nc3ccccc3c(=O)n2C)cc1
894,894,CC(C)OC(=O)C(C#N)=Cc1cn(c2ccccc2)nc1c1ccc([N+](=O)[O-])cc1
895,895,COc1ccc(N2CCN(C(=O)COc3ccc(C(C)=O)cc3)CC2)cc1
896,896,[NH3+]CC1(C(=O)[O-])CC[NH+](Cc2cccc(O)c2)CC1
897,897,CC(C)OC(=O)C(C)NP(=O)(Oc1ccc(F)cc1)Oc1ccc(Br)cc1
898,898,O=C(Nc1ccc2c(c1)OCCO2)c1cccnc1SCc1ccccc1
899,899,CSCCC(NC(=O)C(CCC(=O)[O-])NC(=O)C(Cc1c[nH]c2ccccc12)NC(=O)C([NH3+])CC(N)=O)C(=O)[O-]
900,900,CCc1cc(N2CCN(c3nccnc3N)CC2)nc(SCc2ccc3ccccc3c2)n1
901,901,N#Cc1ccc(N2CCC(O)C2)nc1Cl
902,902,O=C(COC(=O)C=Cc1cccc2cccnc12)NC(=O)NCc1ccco1
903,903,Cc1ccc([N+](=O)[O-])cc1Nc1ccnc(Nc2ccc(C3CC[NH+](C)CC3)cc2)n1
904,904,COc1ccc(OC)c(NC(=O)Cc2noc3c4ccccc4nc-3n2)c1
905,905,CC(NC(=O)C12CC3CC(CC(C)(C3)C1)C2)C(=O)Nc1ccc(C(N)=O)cc1
906,906,CCCCOC(=O)c1ccc(NC(=O)CSc2ccc(N)nn2)cc1
907,907,O=c1[nH]c2ccc(NC3CCSC3)nc2s1
908,908,O=C(COc1ccc(Br)cc1)NNC(=O)COc1ccc(Cl)c2cccnc12
909,909,C[NH2+]CCN(C)Cc1cnn(C)c1
910,910,CCCCCC=CCC=CCCCCCCCCCCCC(=O)OCC(COP(=O)([O-])OCC[N+](C)(C)C)OC(=O)CCCCCCCC=CCCCCCCCC
911,911,Cc1[nH]c(=O)[nH]c(=O)c1CC(=O)N1CCC(C(=O)N2CCOCC2)CC1
912,912,CC1CC(C)CC([NH3+])(c2nc3c(s2)CCCC3)C1
913,913,CCOC(=O)c1ccc(N2CC[NH+](C34CC5CC(CC(O)(C5)C3)C4)CC2)nc1
914,914,N#Cc1c(N)n[nH]c1c1ccccc1Cl
915,915,CC1CCC(C)N(c2nc3c(s2)CCCC3=O)C1
916,916,CC(C)c1ccc(OCc2nnc(SCC(=O)NC3CCCCC3)n2C)cc1
917,917,C=CC[n+]1ccc(C=C2C(=O)N(C)C(=S)N(C)C2=O)cc1
918,918,Cc1c(CCC(=O)[O-])nnn1CC(Cl)=CCl
919,919,N#Cc1cc(C(F)(F)F)ccc1NCCNC(=O)c1ccc(n2cccn2)cc1
920,920,CC(C)C(O)C1C(=O)N2C(C(=O)[O-])=C(SC3C[NH2+]C(C(=O)NCCCCNC(=O)OC4CCCC4)C3)C(C)C12
921,921,COCCCc1nnc(C[NH2+]C(C)(C)C)s1
922,922,COc1ccc(OC)c(C=C2SC(Nc3ccccc3)=[NH+]C2=O)c1
923,923,N#CCCN(C(=O)COC(=O)CNC(=O)c1ccc(Cl)c(Cl)c1)c1ccc(F)cc1
924,924,CC(C)(C)OC(=O)C(O[Si]O)=C1C2CCCC1CCC2
925,925,CC(Nc1nnc(C2CC2)s1)C(=O)NCC(F)(F)F
926,926,Cc1noc(CC(O)(CNc2cc(N3CCCC3)[nH+]cc2C(N)=O)C2CC2)n1
927,927,Cc1ccc(NC(=O)Cn2cc(NC(=O)CCc3cccc(Oc4ccc(F)cc4)c3)cn2)cc1
928,928,Cc1cc(N2CC3C[NH2+]CC3C2)cc[nH+]1
929,929,CC1(O)CCCN(C(=O)c2ccc(Br)c(N)c2)C1
930,930,N#Cc1ccc(S(=O)(=O)Nc2ccn[nH]2)cc1Cl
931,931,COC(=O)c1ccccc1NC(=O)c1ccc(NCCc2ccc(OC)cc2)cn1
932,932,Cc1cc(C(=O)[O-])cnc1c1ccccc1
933,933,CC(=O)C(CCCBr)c1cccc([N+](=O)[O-])c1
934,934,COc1ccccc1CC(=O)N1Cc2ccccc2CC1C(=O)[O-]
935,935,Cn1cccc1c1nnc(SCC(=O)Nc2c(C#N)c3ccccc3n2C)n1C
936,936,CC(NC(=O)C1CCN(C(=O)c2ccccc2F)CC1)c1ccccc1
937,937,COc1ccc(SCC(=O)NC2CCCN(C(=O)NC3CCCC3)C2)cc1
938,938,Cc1cc(Cl)cc2cc(C(=O)N3CC[NH+](CCNC(=O)c4ccccc4)CC3)oc12
939,939,CC1CN(c2ccc(C#N)c3ncccc23)CCC1O
940,940,Cc1cc(Br)cc(NC(=O)c2cn(C)c3ccc(S(=O)(=O)Nc4nc(C)cc(C)n4)cc3c2=O)c1
941,941,CC(=O)Nc1nc(C(=O)N(C)Cc2ccc(SC(F)(F)F)cc2C(F)(F)F)cs1
942,942,CCOc1ccc(C(C)(C)C(=O)NC(C)C)cc1
943,943,CCOC(=O)C1=C(C)N=c2sc(=Cc3cn(Cc4ccc(C#N)cc4)c4ccccc34)c(=O)n2C1c1ccc(OC)cc1
944,944,Cc1cc(Br)ccc1N1C(=O)CC(Sc2ccc([N+](=O)[O-])cc2C#N)C1=O
945,945,O=C1C=CC(=O)N1c1ccccc1
946,946,Cc1cc(C)c(NC(=O)COC(=O)c2cn[nH]c2c2ccc3c(c2)OCCO3)c(C)c1
947,947,Cc1c(C(=O)NCc2cccc(NC(=O)c3ccccc3F)c2)cnn1c1ccc(F)cc1
948,948,CCCCN(C(=O)CC1CCCCC1)C(C(=O)NC(C)(C)C)c1ccccc1
949,949,Cc1cc(CC(Nc2c(C(C)C)cccc2C(C)C)C(=O)[O-])cc(C(C)(C)C)c1O
950,950,COc1ccc(Br)c(C[NH+](C)C2CCCCC2C[NH3+])c1
951,951,COc1ccc([N+](=O)[O-])cc1CSc1nnc(c2ccoc2C)n1N
952,952,N#Cc1c(F)cccc1NC(=O)NCC(=O)[O-]
953,953,CCC(C)(CC)c1cc(I)cc(I)c1
954,954,C[NH2+]C(C)c1ccc(N(C)CC2CCCOC2)cc1O
955,955,COC(=O)c1ccc(C=CC(=O)c2ccc3c(c2)CCC3)cc1
956,956,O=C(CC1CCC[NH2+]1)N1CCN(C(=O)c2ccsc2)CC1
957,957,CCC1CN(c2ccc(Cl)cc2N)CC[NH2+]1
958,958,CC1(C(=O)[O-])CCCC[NH+]1CC(=O)NCC(F)(F)F
959,959,Cc1ccc(c2noc(C(C)[NH+]3CCN(C(=O)CN4CCCS4(=O)=O)CC3)n2)cc1F
960,960,Cc1ccc(N(c2ccccc2)c2ccc(N(c3ccc(c4ccccc4)cc3)c3ccc4c(c3)C(C)(C)c3cc(c5ccc6cc(N(c7ccc(C)cc7)c7ccc(C)cc7)ccc6c5)ccc3-4)cc2)cc1
961,961,Cn1nc(C(=O)N2CCC3(CCC3)CC2)cc1NC(=O)c1cccs1
962,962,CCC1(C(=O)[O-])CCC[NH+]1Cc1ccc(OC(C)C)cc1
963,963,Cc1cc(F)ccc1NS(=O)(=O)c1cnn(CCC#N)c1
964,964,COc1cc(N2CCC(Nc3cc(C)nc4nc(C)nn34)C2)c(F)cc1N
965,965,C=CCN1C(=O)C(=CC=C(C=Cc2ccccc2)c2ccccc2)SC1=[NH+]c1ccc(C(=O)OC)cc1
966,966,CCOC(=O)C1=C(COC(=O)c2nccc3ccccc23)NC(=O)NC1
967,967,CCCc1nc(CS(=O)(=O)CC)n[nH]1
968,968,CC1[NH2+]CCCC1C(=O)N1CCC[NH+](CCO)CC1
969,969,CCCCOC(=O)c1ccccc1NC1=C(Sc2ccccc2)C(=O)N(c2ccc(C)c(Cl)c2)C1=O
970,970,CCCCN(CC)C(=O)c1ccc(NC(=O)NC(C)C)cc1
971,971,CCCc1cc(C(=O)NCC2(O)CCCCC2)n[nH]1
972,972,COc1c(NCc2ccc(n3cccc3)nc2)[nH]cnc1=O
973,973,COC(=O)c1cc(OC)c(OCc2ccccc2)cc1N
974,974,COCCCOCCSc1ccc(C[NH2+]C(C)C)cc1Cl
975,975,CC1CN(C(=O)CNc2ccccc2Cc2ccccc2)CC(C)O1
976,976,CCCCCCCOc1ccc(C#N)cc1C[NH3+]
977,977,Cn1cc[nH+]c1CC1([NH3+])CC2CCC1O2
978,978,O=C(Nc1ccc(N2CCC(c3ccccc3)CC2)cc1)c1ccc(n2cccc2)cc1
979,979,O=C(Nc1nncs1)Oc1cc(Cl)c(Cl)c(c2nn[n-]n2)c1Cl
980,980,COc1ccccc1C1(O)C2CCCCC21
981,981,CCOC(=O)CSc1nc(Cc2ccccc2)c(NC(=O)CCCN2C(=O)c3ccccc3C2=O)s1
982,982,NC(N)=[NH+]CCCc1ncc2cc3c4c(sc3nc2n1)CCCC4
983,983,CCCCc1nc2ccc(Br)cc2c(=O)n1N=Cc1cc(Cl)cc([N+](=O)[O-])c1OCc1ccccc1C#N
984,984,N#Cc1c(Br)c(c2ccccc2)nc(=O)n1Cc1cccc2ccccc12
985,985,O=C([O-])Cn1cc(CNS(=O)(=O)c2cccs2)ccc1=O
986,986,COC(=O)C=Cc1ccc(COP(=O)(Oc2ccc3ccccc3c2)Oc2ccc(C)c(C)c2)cc1
987,987,COCC[NH2+]Cc1scnc1c1cccs1
988,988,CCCCC(=O)N(C)Cc1ccc(N(C)C)cc1
989,989,CC(C)C[NH2+]CCC(C)(O)C1CCCC1
990,990,COc1cccc(C(=O)N2CCC3(CC2)NC(=O)c2cccnc2S3)c1
991,991,COc1cc(NC(=O)CCCn2nc(C(F)(F)F)c(Br)c2C)ccc1Br
992,992,O=C(c1ccc2[nH]ccc2c1)N1CCC(Cl)CC1
993,993,CCOC(c1ccccc1)C(O)c1cc(C)on1
994,994,CC1CCCC(C)C1C=CCO
995,995,CCC(C)(OC)c1noc(C2CC[NH2+]CC2)n1
996,996,O=C([O-])c1nsc(COc2ccc(F)cc2Br)n1
997,997,C=CCC(C)NC(=O)N1CC2CCCC2(C(=O)[O-])C1
998,998,CCOc1c(I)cc(C=C2SC(Nc3ccc(C)c(Cl)c3)=[NH+]C2=O)cc1OC
999,999,COC(=O)c1sc(NCCSC)nc1Cl
1000,1000,Cc1nc(N)c(C#N)c(CC(C)C)c1C
1001,1001,Cc1ccc(NC(=O)C2CCCN(S(=O)(=O)c3ccc(c4ccccc4)o3)C2)cc1
1002,1002,O=C(Nc1ccc2c(c1)C(=O)N(c1ccccc1)C2=O)c1ccccc1OCc1ccccc1F
1003,1003,CC(C)CC1(CO)CCC1
1004,1004,COC(=O)C(C)S(=O)(=O)Nc1cc(Br)ccn1
1005,1005,C=CC1CC1(CC(=O)OC(C)(C)C)C(=O)OCCC
1006,1006,CC(C)n1c(C[NH2+]C2CCCCCC2)nc2ccccc21
1007,1007,C[NH2+]C(C)c1cc(Br)ccc1N(C)C1CC1
1008,1008,O=C([O-])CC1(NC(=O)c2ccn(c3ccccc3)n2)CCCC1
1009,1009,Cc1ccc(c2n[nH]c(=S)n2CC(=O)N(Cc2ccccc2)C2CC2)cc1
1010,1010,CC(C)C(C)NC(=O)c1n[nH]c(C2CCCC2)c1N
1011,1011,COc1ccc(OC)c(CCn2c(=S)[nH]c3ccsc32)c1
1012,1012,Fc1cc(CBr)ccc1C(Cl)c1cccc(F)c1Br
1013,1013,C=CC(=O)Oc1ccc(c2nc(c3ccccc3C)nc(c3ccccc3C=C)n2)cc1
1014,1014,Fc1cccc(Cl)c1CNc1cc(N2CC[NH2+]CC2)ncn1
1015,1015,CS(=O)(=O)Nc1cccc(NC(=O)Cn2cnc3c(cnn3c3cccc(Cl)c3)c2=O)c1
1016,1016,CCCCCCOc1ccc(C2OCC(C)(C)CO2)cc1
1017,1017,O=C([O-])C([NH2+]Cc1ccc(Br)c(Cl)c1)C1CC1
1018,1018,O=C(c1ccc2c(c1)OCCO2)N1CCOCC1c1ncc(Cc2ccccc2)o1
1019,1019,CC1=NN(c2ccccc2)C(=O)C1=C1C=C(Cc2ccccc2)OO1
1020,1020,NC(CC1CCCO1)=[NH+]C1CC=CCC1
1021,1021,O=C(NCc1ccco1)c1cc(N2CCc3ccccc32)cc[nH+]1
1022,1022,O=C1C(=Cc2ccccc2OCc2ccc(Cl)c(Cl)c2)SC(=S)N1c1ccccc1
1023,1023,COc1cc(F)ccc1NC(=O)C=Cc1ccc(OC(F)F)cc1
1024,1024,O=C(Nc1ccc2oc(=O)[nH]c2c1)c1ccoc1Cl
1025,1025,COc1ccc(NC(=O)COC(=O)Cc2c(C)nn(Cc3ccccc3)c2C)cc1
1026,1026,O=C(NCc1ccccc1)Nc1ccc(c2n[nH]c(C3CC3)n2)cc1
1027,1027,C=CCc1cc(c2nc(c3ccc(C(F)(F)F)cc3)no2)cc(OC)c1O
1028,1028,C[NH2+]CC(=O)NCCC(=O)N1CCCC1C(=O)NC(CC(C)C)C(O)CC(C)C(=O)NC(CC(=O)OC)C(=O)C(=O)NCC(=O)NC(CCCC[NH3+])C(=O)[O-]
1029,1029,CC[Si](CC)(CC)C1(O)CC2CCC1O2
1030,1030,Cc1cc(F)ccc1NC(=O)c1ccc(C)c(NC(=O)C(C)[NH+]2CCC(C(=O)NC(C)C(=O)Nc3ccc(Cl)cc3C(=O)N3CCC(C)CC3)CC2)c1
1031,1031,O=C(NCC1(O)CCCCCC1)C1COCC[NH2+]1
1032,1032,Cc1nnnn1C(c1ccccc1)(c1ccccc1)c1nc(=O)c2ccccc2[nH]1
1033,1033,CCCC(CCC)C(=O)N1CCCCC1C(N)=S
1034,1034,CCn1c(=S)n(CC[NH+](C)Cc2cc(C)no2)nc1c1cccs1
1035,1035,COC(=O)c1c(C)nc(C(F)(F)F)c(C)c1Oc1ccccc1
1036,1036,Cc1ccc(Sc2nnnn2Cc2ccnn2C)cc1C
1037,1037,CC(C)c1ccccc1NC(=O)C1(C(=O)Nc2ccc(F)cc2F)CC1
1038,1038,O=C(NNC(=O)c1cc(Cl)ccc1Br)c1ccccc1
1039,1039,CNc1nc(c2ccc(OCCOC)nc2)cs1
1040,1040,COc1ccccc1C(CNC(=O)N1CCn2ccnc2C1)[NH+]1CCCC1
1041,1041,CCCCN(CC)C(=O)c1ccc2[nH]ccc2c1
1042,1042,CCc1cccc(CC)c1N1C(=O)c2cccc([N+](=O)[O-])c2C1=O
1043,1043,CC(Sc1cccc(NC(=O)C(=Cc2cccc(Cl)c2)NC(=O)c2ccccc2)c1)C(=O)NCc1ccco1
1044,1044,CCC1OC(=O)C(C)C(OC2CC(C)(OC)C(OC(=O)c3ccccc3)C(C)O2)C(C)C(OC2OC(C)CC([NH+](C)C)C2O)C(C)(OC)CC(C)C(=O)C(C)C2N(CCCCn3cc(CCO)nn3)C(=O)OC12C
1045,1045,Cn1ccc(C([NH3+])C2Cc3ccccc32)n1
1046,1046,CC1CCN(c2ccc(C(F)(F)F)cc2C#N)C1
1047,1047,CC1CCCCC1NC(=O)C[NH+]1CCN(C(=O)C23CC4CC(CC(C4)C2)C3)CC1
1048,1048,CCOc1cc2ncnc(Nc3ccc(C)c(Cl)c3)c2cc1NC(=O)C1CCCN1c1ncccc1C
1049,1049,COc1ccc(CCc2nc(CCNS(=O)(=O)c3cccs3)no2)cc1
1050,1050,O=C(Nc1ccc(F)cc1F)c1cc(NC2CCS(=O)(=O)C2)cc[nH+]1
1051,1051,CC(C)CC1NC(=O)CN(C(=O)CC(C)(C)C)CCNC(=O)C(C(C)C)N(C)C(=O)C(Cc2ccccc2)NC(=O)C(C(C)C)NC(=O)C(C(C)C)N(C)C1=O
1052,1052,O=C([O-])c1cc2cc(Cl)sc2c(Br)c1O
1053,1053,Cc1c(C(=O)N(C)Cc2cnn(C)c2)cnn1c1ccc(S(C)(=O)=O)cc1
1054,1054,CC(C)(C)C1CCC(C[NH2+]CCN2CCCC2)CC1
1055,1055,CCC(CC(=O)[O-])NC(=O)NC(C)C1CC2CCC1C2
1056,1056,CCOc1cccc(C=NNC(N)=S)c1O
1057,1057,CCC(C)NC(=O)c1ccc(Cl)c(NC(=O)C[NH+]2CCC(C(=O)NC(C(=O)Nc3ccc(C)c(NC(=O)c4ccc(C)cc4)c3)C(C)C)CC2)c1
1058,1058,CC(C)(c1ccc(N)c(Br)c1)c1nnc(c2ccc([N+](=O)[O-])cc2)o1
1059,1059,CCc1ccc(C[NH2+]Cc2cnc(N)s2)cc1
1060,1060,Cc1cc(N2CCN(c3cccc(C)c3)CC2)nc(Nc2ccccc2F)n1
1061,1061,CCOC(=O)N1CCN(C(=O)c2ccc3nc(c4ccccc4)c(c4ccccc4)nc3c2)CC1
1062,1062,[NH3+]CC(CSc1ccccc1Cl)c1ccc2c(c1)OCO2
1063,1063,O=C(CCCc1c[nH]c2ccccc12)N1CC[NH+](Cc2ccc(Cl)s2)CC1
1064,1064,N#Cc1cc2c(nc1SCC(=O)N1N=C(c3cccs3)CC1c1ccco1)CCCC2
1065,1065,COc1ccc(OCCN2C(=O)C(Nc3ccc4cn[nH]c4c3)=C(Sc3ccc(Cl)cc3)C2=O)cc1
1066,1066,COc1ccc(C(=O)N2CC(c3ccccc3)CC2(C)C(=O)NCc2ccccc2)cc1OC
1067,1067,CC[NH2+]Cc1csc(S(=O)(=O)Nc2cc(C)ccc2C)c1
1068,1068,COc1ccc(OC)c(c2csc(N(CC3CCCO3)C(=O)c3ccccc3S(=O)(=O)c3ccc(C)cc3)n2)c1
1069,1069,CCC1OCCCC1C(=O)N(CC)CCC[NH3+]
1070,1070,CC(=O)NC1C(O)OC(CO)C(O)C1NC(C)=O
1071,1071,CCOc1cc(C(=O)NN=Cc2cc(Cl)c(OC)c(OCC)c2)ccc1OC
1072,1072,O=C([O-])c1ccccc1S(=O)(=O)NC(=O)c1ccc(N2CCOCC2)cc1
1073,1073,O=C(CN1C(=O)NC(=Cc2cn(c3ccccc3)nc2c2cccc(Br)c2)C1=O)Nc1ccc(Cl)c(Cl)c1
1074,1074,CCn1c(SCC(=O)NC(C)c2ccco2)nnc1c1cccc(C)c1
1075,1075,Cc1nsc(N2CCCC(C(=O)N(Cc3ccccn3)C3CC3)C2)n1
1076,1076,NC(=[NH2+])c1ccc(OCc2cccc(N)n2)cc1
1077,1077,Cc1cc(Cl)c(NC(C)c2ncccc2Cl)cc1F
1078,1078,O=C(OCc1csc(c2ccccc2)n1)c1ccc([N+](=O)[O-])cc1Cl
1079,1079,O=C(NCc1ccc2c(c1)CCC2)c1cc2nc(N3CCC([NH+]4CCOCC4)CC3)ccc2o1
1080,1080,O=C(CCCCC[NH+]1CCC([NH+]2CCCCC2)CC1)c1cccnc1
1081,1081,Cc1cc(O)c(C(N)=O)cc1Br
1082,1082,Cc1ccc(S(=O)(=O)n2ccc3c(N4CCOCC4)cc(Cl)cc32)cc1
1083,1083,CCOc1ccc(C2C(=C([O-])c3ccc(OCC(C)C)cc3)C(=O)C(=O)N2c2ccc(F)c(Cl)c2)cc1OCC
1084,1084,COc1cc2c(c(C=O)c1OC)OCO2
1085,1085,COc1cc2c(cc1OC)C(c1ccc(Cl)cc1)C1(CCN(C(=O)c3ccc4nccn4c3)CC1)OCC2
1086,1086,COc1cccc2c1C(=O)c1c([O-])c3c(c([O-])c1C2=O)CC(O)(C(=O)CO)CC3OC1CC(NC(=S)NC2CCC(C)CC2)C(O)C(C)O1
1087,1087,O=C(Nc1ccc(c2ccccc2)cc1)C1CN(C(=O)c2ccccc2Br)CCO1
1088,1088,O=C([O-])CC1CC[NH+](CC(O)c2ccc(F)cc2Cl)CC1
1089,1089,CCn1c(=NC(=O)c2cccc(S(=O)(=O)N3CCOCC3)c2)sc2cc(SC)ccc21
1090,1090,O=C(CCC(=O)N1CCN(C(=O)c2ccco2)CC1)c1ccc(F)cc1
1091,1091,COc1ncc(Br)cc1C(=O)NC(C)C(=O)N1CCCCCC1
1092,1092,CNc1cn2ccnc2c(NCC2(C)CCCC2)n1
1093,1093,CCc1cccc(NC(=O)C(CC)Sc2cccc(NC(=O)C(=Cc3cccc(OC)c3OC)NC(=O)c3ccccc3)c2)c1
1094,1094,CC(C)C(NC(=O)c1ccccc1)C(=O)NCC(O)(c1ccccc1)C(C)(C)C
1095,1095,Nc1ccc(CS(=O)(=O)CC2Cc3ccccc32)cc1
1096,1096,O=C([O-])c1cc([N+](=O)[O-])ccc1NCc1ccoc1
1097,1097,CC1(C)C2=C(CCC=C2)N(c2ccccc2)C1(c1ccccc1)c1ccccc1
1098,1098,CSCCC([NH3+])c1nc(C(=O)N(C)CCSC)cs1
1099,1099,[NH3+]CCC(=O)N1CCN(c2ncnc3c2CCCC3)CC1
1100,1100,NC(=S)C([NH2+]CCN)c1cc(Br)cs1
1101,1101,CC1CCN(C(=O)CCNC(=O)NC2CCCCC2)CC1
1102,1102,COc1ccccc1NC(=O)c1nnn(c2ccc(F)cc2)c1c1ccccc1
1103,1103,COc1ccc(C)cc1S(=O)(=O)Nc1cnc(N2CCOCC2)nc1
1104,1104,Cc1nc(C2CCCN(C(=O)C3CCC(F)C3)C2)n[nH]1
1105,1105,O=C(c1ccc2c(c1)C(=O)N(c1ccc(OC(F)(F)F)cc1)C2=O)N1CC[NH+](C2CCCCC2)CC1
1106,1106,COCCCS(=O)(=O)Nc1cc(C(=O)[O-])c(C)cc1F
1107,1107,NC(N)=[NH+]CCCC(NC(=O)CCCCCCCC=CCCCC[NH3+])C(=O)[O-]
1108,1108,Cn1nnnc1SCC1CS(=O)(=O)CCN1
1109,1109,CC(=O)Nc1ccc(C(O)C(=O)NCc2ccccc2)cc1
1110,1110,CCn1ccnc1C[NH2+]C(C)c1ccc2c(c1)CCO2
1111,1111,CC(C)CC(=O)Nc1cncc(c2ccc3[nH]nc(c4cc5c(cncc5c5ccncc5)[nH]4)c3n2)c1
1112,1112,COC(=O)c1ccc(CNc2cc(F)ccc2Br)cc1F
1113,1113,O=C([O-])CC1(S(=O)(=O)C2CCOCC2)CC1
1114,1114,CCC(C)CCCCCCCCC(=O)OCC(COP(=O)([O-])OCC(O)COP(=O)([O-])OCC(COC(=O)CCCCCCCCCC(C)C)OC(=O)CCCCCCCCC(C)CC)OC(=O)CCCCCCCCCCCCC(C)C
1115,1115,Cc1c(NC(=O)C(C)[NH+]2CCC(C(=O)NCCC(=O)Nc3cccc(Cl)c3)CC2)cccc1C(=O)NCC(C)C
1116,1116,Cc1cc(NC(=O)c2ccc(NC3CC3)cn2)n(c2ccccc2F)n1
1117,1117,COC(=O)C=CC(=O)OCCC[Si](C(C)C)(C(C)C)C(C)C
1118,1118,O=C(c1cc2ncccc2[nH]1)N1CCOC2CCCC21
1119,1119,COc1cccc(CC(=O)N2CCN(c3ccc(Cl)cn3)CC2)c1
1120,1120,[NH3+]CCN1CCC2(CC2)C1
1121,1121,Cc1nc2c(OCc3cn(c4ccc(Cl)cc4)nn3)cccc2[nH]1
1122,1122,[NH3+]C1(CCc2ccccc2)CCOc2ccccc2C1
1123,1123,CSC1(CNS(=O)(=O)c2cccc(C#N)c2)CCCCC1
1124,1124,COCCNc1cc(C(=O)Nc2cc(C)ccc2C)ncn1
1125,1125,O=C(OCc1cnn2ccc(N3CCCC3c3cc(F)ccc3F)nc12)N(Cc1ccccc1)C(=O)c1ccc(Cl)cc1
1126,1126,COc1ccccc1Nc1nc(C)nc(NCCc2ccc(OC)cc2)c1N
1127,1127,CCC(C)(CC)Nc1c(C#N)c(C)nn1C
1128,1128,[NH3+]C1(C(=O)[O-])CCN(Cc2cncn2C2CC2)C1
1129,1129,O=C(CN1CN(c2ccccc2)C2(CCN(C(=O)Cn3ccnc3)CC2)C1=O)N1CCOCC1
1130,1130,CCn1cc(S(=O)(=O)NCC(C)(C)C)cc1C[NH2+]CC(C)C
1131,1131,N#Cc1c[nH]c2ccc(Oc3c([N+](=O)[O-])cc(C(F)(F)F)cc3[N+](=O)[O-])cc12
1132,1132,COc1ccc(C(C)=CC(=O)[O-])c(C)c1C
1133,1133,Cc1nc(C(=O)N2CCCC2c2nc(c3ccc(C(N)=O)cc3)no2)n[nH]1
1134,1134,CNc1ncc(Br)cc1C(=O)Nc1c(F)cccc1Br
1135,1135,COc1ccc(F)cc1C(=O)C1CCCN(C(=O)c2ccccc2F)C1
1136,1136,COc1ccc(c2nc(Cn3ccnc3)cs2)cc1OC
1137,1137,O=C(COc1ccc(Br)cc1)NN=Cc1cc2c(cc1Cl)OCO2
1138,1138,CCCCNC(=O)c1ccc(NC(=O)CSc2ccccc2F)cc1
1139,1139,COc1ccc(Br)c(CC(Cc2ccccc2)NN)c1
1140,1140,Cc1onc(c2ccc(F)cc2)c1C(=O)NNC(=O)c1cc2c(s1)CCC2
1141,1141,CCCCC(NN)c1cccc(OC(F)(F)F)c1
1142,1142,CCCCn1c(CC)nc2cc(C(=O)N3CC4CC4(C(=O)[O-])C3)ccc21
1143,1143,CC(C)(C)c1ccccc1NC(=O)CN1CCOc2ccccc21
1144,1144,CCCCNC(=O)C(=O)NC(C)CC
1145,1145,Cc1nn(Cc2ccc(Cl)c(Cl)c2)c(C)c1NC(=S)Nc1ccc(Cl)cc1
1146,1146,Cn1ncc(Cl)c1c1cc(C(=O)[O-])c2occc2n1
1147,1147,CC(C)N(C(=O)COC(=O)c1cc2c(s1)CCCC2)C1CCS(=O)(=O)C1
1148,1148,Cn1ccc(S(=O)(=O)Nc2ncccc2N)n1
1149,1149,Cc1c(C(=O)NCc2ccccc2)cnn1c1cccc(Cl)c1
1150,1150,COc1ccc(OC)c(C(Br)c2cc3ccccc3o2)c1
1151,1151,CCCNC(=O)C1Cc2cc(OC)c(OC)cc2C1=O
1152,1152,COC(=O)c1cc(F)cc2[nH]c(=S)[nH]c12
1153,1153,[NH3+]C(c1cc(F)ccc1Br)C1CCCCCC1
1154,1154,COc1ccccc1C[NH+]1CCC2(CCc3cc(c4ccc5nc(C(N)=O)[nH]c5c4)ccc3O2)CC1
1155,1155,CCOC(=O)C1=C(C)[NH+]=C2SC=C(CC(=O)N3CCc4ccccc4C3)N2C1c1ccc(C(F)(F)F)cc1
1156,1156,CCOc1c(Cl)cc(C2C(c3cccs3)=C(O)C(=O)N2c2ccc(Cl)cc2C)cc1OC
1157,1157,O=C(C1CCc2ccccc21)N1CCOCC12CCC2
1158,1158,COCCN=C(N[NH3+])Nc1ccccc1[N+](=O)[O-]
1159,1159,CCn1cc[nH+]c1CC(O)c1cc(F)ccc1C
1160,1160,CCCc1ccc(C(O)Cc2ccccn2)cc1
1161,1161,Cc1cc(C)c(C#N)c(N2CCCC(C(C)(C)C)CC2)n1
1162,1162,CC(C)(C)c1[nH]c(c2ccccc2Br)nc(=S)c1Br
1163,1163,Cc1ccc(OCC(F)(F)C(F)(F)C(F)(F)C(F)(F)C(F)(F)C(F)(F)C(F)(F)C(F)(F)C(F)(F)F)cc1
1164,1164,C=CCN(CC=C)c1ncc([N+](=O)[O-])s1
1165,1165,N#Cc1ccccc1NC(=O)N(Cc1ccc(F)cc1)C1CC1
1166,1166,COC(=O)c1cc(CN(C)C(=O)c2cc3ccccc3[nH]2)oc1C
1167,1167,Cn1cc(C[NH+]2CCCC2c2nc3ccccc3s2)c(c2ccccc2)n1
1168,1168,CC(C)(C)C(c1[nH+]c(c2ccc3cnccc3c2)cn1Cc1cccc(C#N)c1)n1cccn1
1169,1169,Cc1[nH]nc(NC(=O)c2ccc(C(N)=O)cc2)c1C
1170,1170,Cc1nc2sccn2c1C=CC(=O)NCc1ccco1
1171,1171,Cc1cc(=O)n(C2CCC(C)(C(=O)[O-])O2)c(C)c1C
1172,1172,Cn1cc(c2ccc3nnc(C[NH3+])n3c2)c(C(C)(C)C)n1
1173,1173,CC(CC(=O)N(C)CC(=O)N1CCC2C(CCC(=O)N2C2CC2)C1)C(C)(C)C
1174,1174,COc1cc(F)cc(NC(=O)NCC(C)(O)C(=O)[O-])c1
1175,1175,CC1CCCN(S(=O)(=O)c2ccc3c(c2)CCN3C(=O)c2cc3cc(Cl)ccc3[nH]2)C1
1176,1176,Cn1nc(CC(F)F)cc1CC#N
1177,1177,CCCc1nc(SCC(=O)Nc2cc(S(=O)(=O)N(CC)CC)ccc2Cl)n[nH]1
1178,1178,O=C(Nc1ccccc1Cl)C1CCCN(c2nc3ccc(F)c(Cl)c3s2)C1
1179,1179,C=CCN(CC(=O)Nc1ccccc1C)C(=O)c1ccc(S(=O)(=O)N(C)C)cc1
1180,1180,CSc1nc2nc(C)c(CCC(=O)NC3CCCC3)c(C)n2n1
1181,1181,CCCC[NH2+]C1C(OC)C(C)OC(C)C1C
1182,1182,CCOC(=O)c1c(NC(=O)COC(=O)c2cc3c(C)nn(c4ccccc4)c3s2)sc2c1CCC2
1183,1183,Cc1nc(Cc2ccccc2)sc1C(=O)NCCC(=O)[O-]
1184,1184,O=C(Nc1cn[nH]c1)C(c1ccccc1)n1cnnn1
1185,1185,O=C(NC1CCc2ccccc21)c1cn(Cc2ccc(F)cc2)nc1c1ccc(Cl)cc1
1186,1186,O=CC(Cl)Cc1ccc(OCC2CC2)cc1
1187,1187,CC(C)(C)[NH2+]CCc1nnc(c2ccc(Br)c(F)c2)s1
1188,1188,Cc1n[nH]c(C)c1S(=O)(=O)NC1(CO)CCOCC1
1189,1189,CCn1ncc(C(=O)Nc2cc(OC(F)F)c(C)cc2C(F)(F)F)c1C
1190,1190,O=C([O-])c1c(NC2CCCC2)sc2ccccc12
1191,1191,CCc1cnc(CNC(=O)C2CC(C)CC(=O)N2)s1
1192,1192,COc1ncc(c2cccc(c3cncc(C4CCC[NH2+]C4)n3)c2)c(C)n1
1193,1193,COc1ccccc1CNC(=O)CSc1nc2cc([N+](=O)[O-])ccc2c(=O)n1C1CCCC1
1194,1194,Cc1ccc(C2CCCN2C(=O)C2CCN(C(=O)C3CCCCC3)CC2)cc1
1195,1195,CC(=O)N(CCNC(=O)c1ccc([N+](=O)[O-])c(C)c1)CCc1ccccc1
1196,1196,CCn1cc(CC(C[NH2+]C)c2ccc(C)o2)cn1
1197,1197,C[NH2+]CCC1CN(c2cc(C(F)(F)F)nc(c3ccccc3)n2)CCO1
1198,1198,C=CC(C)(CCC)C(O)O
1199,1199,O=C(Nc1ccc(N2CCCC2)nc1)C1CCN(c2cc(n3cncn3)ncn2)CC1
1200,1200,Cc1ccc(N(C)c2ccc(C#N)c(F)c2)c(Cl)c1
1201,1201,CC(C)c1ccc(n2nnnc2SCC(=O)N(Cc2ccccc2)Cc2ccco2)cc1
1202,1202,COC(=O)c1ccccc1NC(=O)CN1C(=O)NC(C)(c2ccccc2F)C1=O
1203,1203,CC(C)(C)C(=O)Cn1cc(C(N)=O)c2ccccc21
1204,1204,COc1cc(N)ccc1NC(=O)C1CCC(=O)N(C)C1
1205,1205,COC(=O)c1ccc2c(=O)nc(c3ccccc3OC)[nH]c2c1
1206,1206,Cn1cc(C(=O)Nc2cccc(Oc3ccccc3)c2)c(=O)c2cc(S(=O)(=O)N3CCCC3)ccc21
1207,1207,O=C(c1ccc(C[NH+]2CCOCC2)cc1)N1CCCC1c1ccncc1
1208,1208,COc1ccc(C=Nn2c(C(C)C)nc3ccc(Br)cc3c2=O)c(OC)c1
1209,1209,COc1ccc2c(c1)c(C(=O)c1nc(n3cnc4ccccc43)no1)c(C)n2C(C)C
1210,1210,C=CCN(C(=O)C1N(C(CO)Cc2ccccc2)C(=O)C2C(C(=O)OCC)C3(C)CCC21O3)c1ccccc1
1211,1211,COc1ccccc1NC(=O)c1c(C=NNc2nc(N3CCOCC3)nc(N3CCOCC3)n2)c(O)n(C)c1C
1212,1212,COc1ccc(CCC(=O)Nc2cccc(C[NH+]3CCN(C)CC3)c2)cc1
1213,1213,COc1cccc(CCNC(=S)NCCC[NH+]2CCOCC2)c1
1214,1214,CCOC(=O)c1c(C)sc(C(=O)NCc2ccc(F)c(F)c2F)c1c1ccccc1
1215,1215,CCc1cc(N2CCC(C(N)=[NH2+])C2)ncn1
1216,1216,Cc1ccc(C(O)C(C)[NH+](Cc2ccccc2)C(C)CCc2ccccc2)o1
1217,1217,CCc1cncc(C(C[NH3+])N(C)CC2CC[NH+](C)C2)c1
1218,1218,N#Cc1ccccc1Oc1ccc(S(=O)(=O)N2CCCCC2C)cc1
1219,1219,CCOC(=O)c1sc2c(O)cccc2c1C
1220,1220,CC(C)C(NC(=O)C(CC(C)C)NC(=O)C([NH3+])CC(C)C)C(=O)[O-]
1221,1221,O=C(NCc1nccn1C(F)F)c1cnc2c(c1)c(=O)[nH]c(=O)n2C1CC1
1222,1222,CCC1COC(C)C[NH+]1CCCC(C)(C)C(N)=[NH2+]
1223,1223,Cc1ccc(Sc2nnnn2C(C)C)c(N)c1
1224,1224,CC(=O)c1ccc(OCCCC(=O)OC(C)C(=O)Nc2cccc(Cl)c2C)cc1
1225,1225,CCOc1ccc(C[NH+]2C3CCC2CC(OC(=O)N(CC)CC)C3)cn1
1226,1226,C[NH2+]Cc1cccc(S(=O)(=O)N(C)C(C)C)c1
1227,1227,COC(=O)c1ccc(N2C(=O)C(O)=C(c3ccc(F)cc3)C2c2sccc2C)cc1
1228,1228,CC(C)CC(C)(C[NH2+]Cc1ccccn1)N(C)C
1229,1229,CCOP(=O)(CC(=O)C(C)Oc1ccc(OCc2ccc3c(n2)N(C(=O)NCc2ccc(F)cc2)CCS3)cc1C)OCC
1230,1230,CSc1nc(NN=Cc2ccc(OC(F)F)cc2)c2cnn(C)c2n1
1231,1231,CCCCCCNC(=O)Nc1cccc(C(=O)c2ccccc2)c1
1232,1232,N#Cc1c[nH]c(C(=O)NCC2CCOCC2)c1
1233,1233,C=CCC1OC2OC(C)(C)OC2C1C
1234,1234,COc1ccccc1OCCNC(=O)COc1ccc(Br)cc1C
1235,1235,Nc1cc(Br)ccc1C(=O)Nc1cc(Br)ccc1Br
1236,1236,Nc1ccc(NCCCCNc2ccccn2)cc1
1237,1237,CC[Si](CC)(CC)OC(=[N+]=[N-])SCCCCCO[Si](CC)(CC)CC
1238,1238,COc1cc(OC)c(OC)cc1C=C(C#N)S(=O)(=O)c1ccc(C)cc1
1239,1239,COc1ccc(C=NNC(=O)c2ccc(NC(=O)CCc3ccccc3)cc2O)cc1
1240,1240,COc1c(C)cnc(C[NH+](CCC[NH3+])C2CC2)c1C
1241,1241,Cc1ccc(NC(=O)C(C)Sc2nnc(Nc3ccccc3)n2C)cc1
1242,1242,Cc1nn(C(=O)c2cc(Br)cc(Br)c2)cc1[N+](=O)[O-]
1243,1243,CC1CCCN(C(=O)c2cccc(OCC(=O)[O-])c2)C1
1244,1244,CCOC(=O)C=C[NH2+]C(CO)(CO)CO
1245,1245,Cc1c(NC(=O)C(C)[NH+]2CCC(C(=O)Nc3cccc(C(=O)N4CCCC(C)C4)c3C)CC2)cccc1C(=O)Nc1ccc(F)cc1F
1246,1246,CC1(C(=O)NCCCCC(=O)[O-])CCCCC1
1247,1247,O=C(Cc1ccc(c2ccccc2)cc1)Sc1nc2ccccc2[nH]1
1248,1248,Cn1c(CCc2ccc(F)cc2)nnc1SCC(=O)Nc1cc(Cl)ccc1Cl
1249,1249,COc1cccc(C(=O)N2CCCC3(C2)OCc2ccccc23)c1
1250,1250,N#Cc1nc2ncc(Br)cc2o1
1251,1251,COc1ccc2c(c1O)C13CC[NH+](CCC2)C1C(Cc1ccccc1)C3
1252,1252,CS(=O)(=O)N1CCN(C(=O)c2cc(c3ccco3)nc3ccccc23)CC1
1253,1253,COCCOCCCNc1nc(Cl)nc(N2CCCCC2)n1
1254,1254,Cc1ccc(S(=O)(=O)N2C3C=CC(C3)C2C(=O)NO)cc1
1255,1255,COc1cc(O)c(C=O)c2c1C(C)CC2C(C)=O
1256,1256,O=CC=Nc1ccnn1Cc1cccc2ccccc12
1257,1257,O=C(Nc1nc2n(n1)C(c1ccc(Cl)cc1)C=C(c1ccc(F)cc1)C2)c1ccon1
1258,1258,COc1ccc(c2nn(c3ccccc3)cc2C(=O)NNC(=S)NC(=O)Cc2ccccc2)cc1
1259,1259,Cc1cc(O)ccc1C(=O)Nc1cccc([N+](=O)[O-])c1
1260,1260,C=CCn1c(SCC(=O)N(C)Cc2ccccc2)nc2sc3c(c2c1=O)CCCC3
1261,1261,CCCC(O)CNC(=O)C=Cc1cccc(OCc2ccccn2)c1
1262,1262,CC(C)C(C)S(=O)(=O)c1cccc(N)c1C#N
1263,1263,Cc1ccc(C#CC[NH3+])c(C(=O)N2CCCCC2CCO)c1
1264,1264,CCC1(CNS(=O)(=O)c2ccc(C)c(N)c2)CCCC1
1265,1265,CCCCS(=O)(=O)Nc1ccc(Nc2ccccc2Oc2ccccc2)nc1
1266,1266,COc1cc2c(cc1OC)-c1c(c(C(=O)NCCC[NH+](C)C)nn1c1nc3c(OC)cc(OC)cc3s1)CC2
1267,1267,C=CCNC(=O)CSc1nc2sc3c(c2c(=O)n1c1ccc(C)cc1)CC(C)(C)OC3
1268,1268,Cc1c(Cl)cccc1NC(=O)C(C)Sc1nnc(c2ccc(Cl)cc2)n1c1cccc(Cl)c1
1269,1269,CCCCCCn1nnc(NC(=O)c2cccc(S(C)(=O)=O)c2)n1
1270,1270,Cn1cc(C(C#N)N2CCN(C(=O)c3ccc(C(N)=O)cc3)CC2)cn1
1271,1271,COc1ccc(Nc2ccnc3nc(c4n[nH]c5ccc(c6cncc(NC(=O)CC7CC[NH2+]CC7)c6)nc54)[nH]c23)cn1
1272,1272,O=C(Nc1ccc(N2C(=O)C=CC2=O)cc1)c1cccc(N2CCNC2=O)c1
1273,1273,O=C(NN=Cc1ccc(OCc2ccc(Cl)cc2)cc1)c1ccccc1OCc1ccccc1
1274,1274,NC(N)=[NH+]CCCC(NC(=O)C(CO)NC(=O)C(CCCNC(N)=[NH2+])NC(=O)C(Cc1ccc(O)cc1)NC(=O)C(Cc1c[nH]c2ccccc12)NC(=O)C(CC(N)=O)NC(=O)C(CCC(N)=O)NC(=O)C(CCCC[NH3+])NC(=O)C(Cc1c[nH]c2ccccc12)NC(=O)C(CC(=O)[O-])NC(=O)C(CCCNC(N)=[NH2+])NC(=O)C(CCC(=O)[O-])NC(=O)C(CC(N)=O)NC(=O)C(CS)NC(=O)C([NH3+])Cc1c[nH]cn1)C(=O)NC(CCC(=O)[O-])C(=O)NC(CCCC[NH3+])C(=O)NC(Cc1c[nH]c2ccccc12)C(=O)NC(Cc1cnc[nH]1)C(=O)NC(CCC(N)=O)C(=O)NC(CS)C(=O)[O-]
1275,1275,CCc1ccc(C(C)NC(=O)C2CCc3[nH]c4ccc(Cl)cc4c3C2)cc1
1276,1276,CCCCNc1nnc(SCC(=O)c2c[nH]c(C(=O)N3CCCCC3)c2)s1
1277,1277,O=C(Nc1cnoc1)N1CCn2cnnc2C1
1278,1278,COC(=O)C=Cc1ccc(OC)c(CSc2ccncn2)c1
1279,1279,CC(C)C[NH+]1CCCC(C[NH2+]C2CCC2)C1
1280,1280,CCC1Oc2ccc(NC(=O)c3cc(S(=O)(=O)N4CCOCC4)ccc3Cl)cc2CN(Cc2cccc(C)c2)C1=O
1281,1281,CC1CN(c2cc(F)c(F)c(F)c2)CC[NH2+]1
1282,1282,[NH3+]C(C(=O)Nc1ccc(C(=O)[O-])cn1)C1CCOCC1
1283,1283,C[Si](Cl)(Cl)CCC[Si](Cl)Cl
1284,1284,CCCC(CCC)C(=O)Nc1ccc(c2nc3cnccc3o2)cc1C
1285,1285,O=C([O-])C1CCC(C(=O)N2CCCO2)CC1
1286,1286,O=C(NCC(c1ccccc1Br)[NH+]1CCCC1)c1cc(=O)[nH]c2ccccc12
1287,1287,O=C([O-])c1c(N(c2cccc(c3ccc(c4ccccc4)cc3)c2)c2cccc(c3cccc(c4ccccc4)n3)c2)c2ccccc2c2ccccc12
1288,1288,Cc1ccc(F)c(C(O)c2cccc3cnccc23)c1F
1289,1289,COCCCNC(=O)CNC(=O)N1CCCCc2ccccc21
1290,1290,N#Cc1ccc(OCC(=O)N2CCC(OCCC[NH3+])CC2)c([N+](=O)[O-])c1
1291,1291,COC1=CC(=O)C2=C(CC1C)Nc1nnc(C(C)=NCc3ccccc3)n1C2c1ccc(O)cc1
1292,1292,Cc1ccc(c2cn3c(CC(=O)NC(C)c4ccc(F)cc4)csc3[nH+]2)cc1
1293,1293,NC(=[NH+]O)C1CCN(C(=O)c2cc(Br)cc([N+](=O)[O-])c2)CC1
1294,1294,CCc1ccc(C(=O)COC(=O)c2ccc(C)cc2C)cc1
1295,1295,O=C(Cc1csc(c2ccccc2Cl)n1)Oc1ccc2c(c1)oc1ccccc12
1296,1296,COCCNS(=O)(=O)c1ccc(C)c(C(=O)Nc2ccc(OC)c(OC)c2)c1
1297,1297,C=CC(=O)NC1(C)CCN(S(=O)(=O)c2cc(C(=O)Nc3nc(C(=O)NC4CC4)cs3)ccc2C)C1
1298,1298,Cc1cc(C(=O)N2CCCC2(C)C(=O)[O-])c(C)n1C1CCCCC1
1299,1299,CC(C)C[NH+]=C(N)NC(C)C(C)C
1300,1300,Cn1ccc2c(C(=O)NC3CCCCCC3)cc(c3cccnc3)nc21
1301,1301,CC1CCC(C)[NH+](CC2CCC(C(=O)[O-])CC2)C1
1302,1302,Cn1cc(S(=O)(=O)NCc2ccco2)cc1CO
1303,1303,COc1c(N)cccc1C(=O)NCCC1CCCC1
1304,1304,CC(Sc1ccccc1)C(=O)Nc1ccccc1N1CCOCC1
1305,1305,CCOc1ccc(C=C(C#N)C(=O)NCc2ccccc2)cc1
1306,1306,Cn1ccn(C2CC3COCC(C2)N3c2ccc(CC#N)cc2)c1=O
1307,1307,CC(=O)OC([NH3+])=C(Sc1nc(N)nc(C(F)F)n1)C(OC(C)=O)C(=O)NCc1ccccc1
1308,1308,Cc1cc(C)c(C)c(C2(C(=O)[O-])CCOC2)c1C
1309,1309,CC(C)COC(=O)OC(C)COC(=O)OC(C)C
1310,1310,CC(CC(=O)[O-])C(O)C1CCCOC1
1311,1311,C=CC(O)(CC=C)OC1C=CCCCCC1
1312,1312,COc1ccc(CC(=O)NC(CC(=O)[O-])c2ccccc2)cc1OC
1313,1313,Cc1nc(C(=O)N(C)C(C)c2cccs2)no1
1314,1314,O=C(Nc1ccc(F)c(C(=O)[O-])c1)C1C2CCCCC21
1315,1315,O=C(Nc1ccc(F)cc1F)NC1=[NH+]C2CS(=O)(=O)CC2S1
1316,1316,CCCc1nc(c2ccc(F)c(Cl)c2)c(c2ccnc(Nc3cc(OCCO)cc(C(=O)N4CCOCC4)c3)n2)s1
1317,1317,CC(C)([NH3+])C(=O)NCC1CCOC1
1318,1318,Nc1ccc(NCC2CCC2)nc1c1cccnc1
1319,1319,COCCNc1nc(NC2CCC(NC(=O)c3cc(OC)c(OC)c(OC)c3)CC2)nc2ccccc12
1320,1320,CSC1CCCC(NC(=O)c2cccc(C=CC(=O)[O-])c2)C1
1321,1321,COc1cccc(CCNC(=O)N(C)c2ccccc2N(C)C)c1
1322,1322,O=C(COc1ccc(Br)cc1Cl)NCC(=O)Nc1cc(Cl)ccc1Cl
1323,1323,O=C(OCc1c(F)cccc1Cl)c1ccc([N+](=O)[O-])cc1Cl
1324,1324,C[NH2+]C(C)(CSc1nnc(C)o1)C(=O)OC
1325,1325,O=C1CCCc2cc(C(=O)N3CCS(=O)(=O)CC3)c(F)cc21
1326,1326,Cn1cc(C[NH2+]C2C3COCC32)c(C(C)(C)C)n1
1327,1327,CCC(C)C(=O)Nc1cc(C(C)(C)C)cc(C(C)(C)C)c1O
1328,1328,CCOC(=O)C(O)C(C(=O)OCC)C(NC(C)=O)C(C)O
1329,1329,Fc1ccccc1COc1cccc(CCl)c1
1330,1330,O=C1NCCN1c1ccc2nc(c3ccccc3F)oc2c1
1331,1331,CCC(C)(CC)NC(=O)C(C)(C)C(N)=S
1332,1332,O=C1C(c2ccc(F)cc2)=C([NH+]2CCOCC2)C(=O)N1c1ccc(F)c(F)c1
1333,1333,C=CCN(CC=C)C(=O)COC(=O)c1cnc(C)cn1
1334,1334,CC1CCC(C)C([NH+]2CC3CCCC3C2C(=O)[O-])C1
1335,1335,Cc1c(C(=O)NC(C)(C[NH3+])C2CC2)nnn1c1cccc2ncccc21
1336,1336,COC(=O)c1ccc(N)c(SCCn2nnc3ccccc32)c1
1337,1337,CC(C)CCOc1ccc(C(=O)N2CCN(C(=O)CC34CC5CC(CC(C5)C3)C4)CC2)cc1
1338,1338,COC(=O)C(C)(O)CNS(=O)(=O)c1cc(F)ccc1OC
1339,1339,CC(C)OC(=O)C1CCCN1c1cc(F)cc(F)c1[N+](=O)[O-]
1340,1340,O=C(NN=Cc1cc(Br)ccc1OC(=O)c1ccc(Cl)cc1)c1ccc(c2ccccc2)cc1
1341,1341,COc1c(Br)cc(Cl)cc1C(=O)C=Cc1cccc(O)c1
1342,1342,COCCCNC(=S)N(Cc1ccco1)Cc1cc2cc(C)cc(C)c2[nH]c1=O
1343,1343,C=CCc1cc(C=C2SC(=O)N(CCOc3cccc(C)c3)C2=O)cc(OCC)c1OCC
1344,1344,C[NH2+]C(C1CCOC2(CCOCC2)C1)C1CCCS1
1345,1345,Cc1cc(C)nc(N2CCCN(C(=O)Nc3cc(C)cc(C)c3)CC2)n1
1346,1346,O=Cc1cc(N2CCN(c3ccccn3)CC2)ccc1[N+](=O)[O-]
1347,1347,COc1ccc(OC)c(C=CC(=O)OC(C)c2nc3sc(C)c(C)c3c(=O)[nH]2)c1
1348,1348,COc1ccc(CN2CC3C[NH2+]CCN3c3ccccc32)cc1
1349,1349,FC(F)(F)c1cc(N2CC[NH+](Cc3ccsc3)CC2)nc(Nc2ccccc2)n1
1350,1350,COC(=O)Nc1ncc2cccc(S(=O)(=O)Nc3ccc(N4CCOCC4)cc3)c2n1
1351,1351,CC(C)C(CN(C)C)[NH2+]C1CCOC2(CCOCC2)C1
1352,1352,O=C(CC1CCCCC1)NC1CCN(C(=O)C2CCCN2C2=NS(=O)(=O)c3ccccc32)CC1
1353,1353,C=CCn1c(SCC(O)COc2cc(C)ccc2C)nnc1c1ccccc1C
1354,1354,CC1CC([NH2+]Cc2ccc(C(=O)[O-])cc2)CCO1
1355,1355,COc1ccc(OC)c(C=NNC(=O)c2cccc(S(=O)(=O)N3CCOCC3)c2)c1
1356,1356,CCOc1cncc(NC2CC3CC2C[NH2+]3)n1
1357,1357,CC(C)C(C(=O)Nc1cccc(N)c1)n1cc(Br)cn1
1358,1358,CC1(O)CC[NH+](C2CCN(c3ccc4[nH+]cc(c5ccc(F)nc5)n4n3)CC2)C1
1359,1359,CCCC(O)CNC(=O)C1CCC(C(F)(F)F)CN1C
1360,1360,COc1ccc(NC(=O)CNC(=O)c2cccc(NC(=O)C3CC3)c2)cc1
1361,1361,Cn1cc[nH+]c1CCC(O)c1ccc(C[NH3+])cc1
1362,1362,Cc1ncnc2c1nc(CCCl)n2C(C)CS(C)=O
1363,1363,CCCCN(C(=O)c1nn(CC)cc1N)C(C)CC
1364,1364,Cn1cc(C(O)C2CCCC2)cn1
1365,1365,C=CCCC(O)CS(=O)CCS(C)(=O)=O
1366,1366,Cc1cc(C)c(C)c(C[NH2+]Cc2ncc(Cl)s2)c1C
1367,1367,CCC1(CC)C2CCC[NH+]2CN1C(=O)OC(C)(C)C
1368,1368,CC(C)N(CC(=O)Nc1cc(C(C)(C)C)nn1c1cccc(Cl)c1)C(=O)C1CCCCC1
1369,1369,Fc1cccc(C[NH+]2CC=C(c3nnc(Cn4ccnc4)s3)CC2)c1
1370,1370,CC(C)CC(NC(=O)OC(C)(C)C)C(O)C(=O)COC(=O)c1ccc(Cl)cc1
1371,1371,CC(C)COc1ccc(NC(=O)c2ccc(OCC(C)C)cc2)cc1
1372,1372,Cn1cc([N+](=O)[O-])c(N2CCN(C(=O)C3CCC3)CC2)n1
1373,1373,COc1cncc(Oc2c(F)c(F)c(C)c(F)c2F)c1
1374,1374,CSc1ccc(NC(=O)c2ccc(NC(=O)NC3CC3)cc2)cc1
1375,1375,COc1ccc(c2nn(c3ccc(F)cc3)cc2C(=O)NCCC[NH+]2CCOCC2)cc1
1376,1376,COc1ccc(C[NH2+]C(c2ccc(C)cc2)c2ccncc2)cc1OC
1377,1377,Cc1nnc(C2=C(Cl)C(=O)N(c3cccc(C(F)(F)F)c3)C2=O)o1
1378,1378,COc1ccc(CC2NC(=O)c3oc4ccc(Cl)cc4c(=O)c32)cc1
1379,1379,CC1CN(C(=O)c2ccccc2C(F)(F)F)CC(C)[NH+]1C
1380,1380,O=C(OCCN1CCNC1=O)C1=NN=CC([N+](=O)[O-])=N1
1381,1381,Cc1ccc(OC(=O)Nc2c(Br)cccc2Br)cc1
1382,1382,O=C(c1n[nH]c2c1CCCC2)N1CCC2C[NH2+]CC2CC1
1383,1383,[NH3+]C(CC1CCOC1)C1(c2ccccc2)CCOCC1
1384,1384,CC1CCC[N+]1(CC(=O)[O-])CC(OC(=O)C1CCC(CNS(=O)(=O)C(C)C)CC1)C1CC1
1385,1385,CC1(C(=O)[O-])CCCCN1S(=O)(=O)CCOc1ccc(Cl)cc1
1386,1386,CC(C)CCOCCNC(=O)c1cc(N)n[nH]1
1387,1387,CCCCCc1ccc(c2ccc(C3CCC(C=CC#N)CC3)c(F)c2F)cc1
1388,1388,Cc1cc(C)cc(C(N)C(C)S(C)(=O)=O)c1
1389,1389,COc1ccccc1OCC(=O)OCC(=O)N1CCNC1=O
1390,1390,CCOc1ccc(C2=C(O)C(=O)N(c3cccc(OC)c3)C2c2ccc(C)cc2)cc1Cl
1391,1391,CCCCCCCOc1cccc(NC(=O)CNc2ccc(C(=O)Nc3ccccc3OC)cc2)c1
1392,1392,Cc1cc(F)ccc1NC(=O)c1ccc(C)c(NC(=O)C(C)[NH+]2CCC(C(=O)N3CCCC3C(=O)Nc3ccc(C(N)=O)c(Cl)c3)CC2)c1
1393,1393,CC(C)c1ccc(S(=O)(=O)NC(=O)N2CCC3(CC2)COc2ccccc23)cc1
1394,1394,Cc1c(NC(=O)C(C)[NH+]2CCC(C(=O)NC(C(=O)Nc3ccccc3C(=O)N3CCCC3)C(C)C)CC2)cccc1C(=O)N1CCCCC1
1395,1395,Cc1cc(C)c(C(O)c2cc3cccc(Br)c3o2)c(C)c1
1396,1396,CNc1nc(c2ccc(O)cc2)nc(C)c1I
1397,1397,COC(=O)c1ccc(CNc2ccc([N+](=O)[O-])cn2)c(Br)c1
1398,1398,O=C1CCN(C(=O)c2cc(C(=O)[O-])no2)CCN1
1399,1399,Cc1cc(C)cc(c2cn3ccsc3[nH+]2)c1
1400,1400,CC(C)(C)OC(=O)COCCNC(=O)CNC(=O)C([NH3+])Cc1ccc(O)cc1
1401,1401,CCCCC([NH3+])C1CCC(C(C)C)CC1
1402,1402,O=C(NCC1CC(O)C1)c1ccc(=O)[nH]c1
1403,1403,Cc1nn(c2cc(N)ccc2Cl)c(C)c1Cl
1404,1404,COc1ccc(NC(N)=[NH+]CCc2cccc(C#N)c2)cc1Cl
1405,1405,CC1CN(C(=O)C2(c3ccc4c(c3)OCCO4)CC2)CC(C)O1
1406,1406,O=C(C1CCCC1)N1CC[NH+](C2CCN(C(=O)CC3CCCCC3)CC2)CC1
1407,1407,CC(=O)Nc1onc(C)c1C(=O)[O-]
1408,1408,C=CCN(CC(=O)Nc1nc(C)c(C)s1)C(=O)C=Cc1ccc(OC)c(F)c1
1409,1409,COc1ccc(c2nc(C)c(C(=O)N3CCN(C(=O)CC4CCCCC4)CC3)s2)cc1OC
1410,1410,Cc1nc(CNc2cccc(C(=O)[O-])c2C)cs1
1411,1411,CCOC(=O)c1c(C)n2c(nc1=O)C(C(N)=O)CC2
1412,1412,CCC1(C)NC(=O)N(c2cccc([N+](=O)[O-])c2)C1=O
1413,1413,CCOC(=O)c1cc(C#N)cc(I)c1[O-]
1414,1414,O=C(COc1ccccc1c1ccccc1)NCCNC(=O)c1ccccc1Cl
1415,1415,CC(C)OC(=O)Cn1cc(C#N)c2ccccc21
1416,1416,Cc1cc(C(=O)CCC(=O)NC2CC[NH2+]CC2)cc(C)c1F
1417,1417,O=S1(=O)CC(O)C(NC2CCN(c3ccc(Cl)c(F)c3)CC2)C1
1418,1418,CC(C)(Br)C(=O)OC(=O)C([NH3+])Cc1ccc(OS(C)(=O)=O)cc1
1419,1419,COc1cc(Br)c(C(Cl)c2cc(C)c(Br)s2)cc1OC
1420,1420,CCOc1c(OC)cccc1C1=C(O)C(=O)N(c2ccc(OC(C)C)cc2)C1c1cccc(OC)c1OC
1421,1421,Cc1ccc(NC(=O)C2([NH3+])CCOC2)c(N)c1
1422,1422,CCc1ccc(C2([NH3+])CCCC(C(C)C)CC2)cc1
1423,1423,O=C(Nc1n[nH]c2c1CN(S(=O)(=O)c1cccc([N+](=O)[O-])c1)C2)c1ccccc1
1424,1424,Cc1nc(NCc2ccncc2)cc(N2CCc3cc(C(N)=O)ccc32)n1
1425,1425,C=CC(C)(CC)C(=O)OCC(COC(=O)c1ccccc1)C1COC1(C)C
1426,1426,Cc1ccc(S(=O)(=O)NN=C2CCCc3ccccc32)cc1
1427,1427,COc1c(C([NH3+])C(=O)[O-])cc(Cl)c(C)c1Cl
1428,1428,CCc1cc(=O)oc2cc(NC(=O)C(CC[NH3+])NC(=O)CCC(=O)[O-])ccc12
1429,1429,CSCCC(NC(=O)NCc1cccs1)C(=O)[O-]
1430,1430,C[NH2+]Cc1ccc(C23CC4CC(CC(C4)C2)C3)o1
1431,1431,CSc1ccc(c2nc(N)ncc2c2ccc(n3nc(C(=O)[O-])c(NC(C)C)c3C)cc2)cc1
1432,1432,Cc1cc(C)n(c2ccc(C(=O)N(C)Cc3ccncc3)cc2)n1
1433,1433,CCCCn1c(NCC(F)(F)F)c(C#N)c2nc3ccccc3nc21
1434,1434,O=C(COC(=O)c1ccc2c(c1)C(=O)N(CC1CCCO1)C2=O)Nc1ccc(Cl)cc1
1435,1435,O=CN(CCCn1ncc2ccccc21)C(=O)c1cccc(C[NH+]2CCCCC2)c1
1436,1436,Cc1cc(C2Nc3ccccc3O2)c(C)n1CCc1ccccc1
1437,1437,CCC1CCCCN1C(=O)C[NH+]1CCN(Cc2c(Cl)cccc2Cl)CC1
1438,1438,CC1CCC(OC(=O)c2c3occc3nc3ccccc23)CC1
1439,1439,CCCCn1nnnc1NCc1ccc(F)c(Br)c1
1440,1440,CC(C)(C)[NH2+]Cc1cc(Br)cnc1Oc1cccc(Cl)c1F
1441,1441,Cc1nnsc1C(=O)NCC(c1ccco1)[NH+]1CCN(C)CC1
1442,1442,Cc1ccnc(c2cc(C[NH+]3CCCCC3C(=O)[O-])no2)c1
1443,1443,CC(=O)Nc1ccc(c2csc(NC(=O)C(C)Oc3ccc(Cl)cc3)n2)cc1
1444,1444,Cc1cc(S(=O)(=O)Cl)ncc1C#N
1445,1445,O=C(CN1C(=O)C(=O)c2ccc(Cl)cc21)NCC1COc2ccccc2O1
1446,1446,COc1cc(NC(=O)c2cc3ccc(OC(=O)c4ccc(C(C)(C)C)cc4)cc3oc2=O)cc(OC)c1OC
1447,1447,CCOc1ccc(C([O-])=C2C(=O)C(=O)N(Cc3ccc(F)cc3)C2c2ccc(OC)c(OC)c2)cc1
1448,1448,CCS(=O)(=O)Nc1cccc(C[NH+]=C(N)NC2CCCCC2)c1
1449,1449,COc1ccccc1N1CCN(c2nc(Cc3ccccc3)nc3sc4c(c23)CCC4)CC1
1450,1450,CC(C)(C)c1ccc(CN(C(=O)C2C[NH+](C3CCCCC3)CCO2)C2CCS(=O)(=O)C2)cc1
1451,1451,CC(C)CN(CC[NH+](C)C)C(=O)C1CC(=O)N(C2CC[NH+](Cc3ccc4c(c3)OCO4)CC2)C1
1452,1452,Fc1cccc(CCNc2cnccn2)c1
1453,1453,Cc1nc(N)nc(Nc2ccc(N=[N+]=[N-])cc2)c1[N+](=O)[O-]
1454,1454,C[NH2+]C(c1ccc(SC(C)C)cc1)c1ccc(Cl)s1
1455,1455,COCC1CN(S(C)(=O)=O)CC1Nc1nn[n-]n1
1456,1456,Cc1nn(c2ccccc2)c(C)c1S(=O)(=O)Nc1ccc(C(F)(F)F)cc1
1457,1457,CC(F)(c1cccc(c2ccc(C#N)cc2)n1)C(CF)N=[N+]=[N-]
1458,1458,O=C(Cn1nnc2ccccc21)NC1CCCCCC1C(=O)[O-]
1459,1459,CC[NH2+]Cc1occc1C[NH+](C)C1CCCCC1
1460,1460,COC(=O)c1cc(S(=O)(=O)Nc2ccc(Cl)c(C#N)c2)cc(C(=O)OC)c1
1461,1461,Cc1ccc(Cn2nc(c3nc(c4ccc(Br)cc4)no3)cc2c2ccc(C)cc2)cc1
1462,1462,Cc1cc(=O)c(C(=O)N(C)CCOc2ccc(F)cc2)nn1c1ccccc1
1463,1463,CCOP(=O)(OCC)c1nc(C)sc1N
1464,1464,Cc1c(S(=O)(=O)[O-])[nH]c2ccccc12
1465,1465,COc1ccc(OC)c(NS(=O)(=O)c2ccc(NC(=O)CCl)cc2)c1
1466,1466,CCCCN(CCC(=O)NCCC(C)C)C(C)=O
1467,1467,CCC1CN(c2ncc(F)cn2)C(C(=O)[O-])C[NH2+]1
1468,1468,CC(OC(=O)CCC(=O)OC1CCC2(C)C(CCC3(C)C2CC=C2C4CC(C)(C)CCC4(C(=O)OC4OC(CO)C(O)C(O)C4O)CCC23C)C1(C)C)C(=O)COC(=O)CCC(=O)OC1CCC2(C)C(=CCC3C4(C)CCC(O)C(C)(C)C4CCC32)C1
1469,1469,CNc1cc(NC2(C)CCS(=O)(=O)C2)nc(C2CC2)n1
1470,1470,COc1ccc(C(C)(C)O)cc1CS(=O)(=O)CCCl
1471,1471,Cc1nc(COc2ccc(S(C)(=O)=O)cc2)no1
1472,1472,CNc1snc(C)c1C(=O)OCC(=O)N(C)Cc1ccccc1Cl
1473,1473,O=C(CCNS(=O)(=O)c1cccc(F)c1)N1CC[NH+](C2CCCC2)CC1
1474,1474,N#Cc1c(F)c(F)c(CO)c(F)c1F
1475,1475,O=C(CCc1c[nH]c2ccc(F)cc12)N1CCN(S(=O)(=O)c2cccs2)CC1
1476,1476,COC(=O)c1cncc(Nc2cc(C)ccc2Cl)n1
1477,1477,O=C(NO)c1ccc2cccc(Oc3ccccc3)c2n1
1478,1478,O=C(C=Cc1ccc(I)o1)NCCc1cccc(Cl)c1Cl
1479,1479,CC1=C(C)C2C(=O)OC(C)=CC2C(=O)O1
1480,1480,O=C(Nc1ccccc1C(=O)N1CCc2ccccc21)c1ccncc1
1481,1481,O=c1cc(c2ccc(O)c(F)c2)c2c(F)c(O)c(c3cc(O)c(O)c(O)c3)c(F)c2[nH]1
1482,1482,CCCC[NH+](CCCC)Cc1ccc(NS(=O)(=O)c2ccccc2)cc1
1483,1483,Cn1nnnc1SCC1=C(C(=O)[O-])N2C(=O)C(NC(=O)CSc3ccccc3)C2SC1
1484,1484,Cc1nnc(N2CC(O)(C3CC3)C2)c(C#N)c1C
1485,1485,CCC1(C[NH2+]Cc2ccc(Br)cc2)CCC1
1486,1486,CC(=O)Nc1ccc(NC(=O)CSc2nncn2C2CC2)cc1
1487,1487,CCCCCCCNC(=O)Nc1ccc(OCC[NH+]2CCOCC2)c(OC)c1
1488,1488,O=C(CCc1cccc(Cl)c1)N1CCC[NH+](Cc2csc(c3ccccn3)n2)CC1
1489,1489,COc1ccc(C(CNC(=O)COc2ccc(Cl)c(C)c2)[NH+]2CCCC2)cc1
1490,1490,COC(=O)c1c(C)n(c2ccccc2)c2cc(Oc3ccc(Cl)cc3[N+](=O)[O-])ccc12
1491,1491,CC(C)(C)[NH2+]Cc1ncoc1c1ccc(F)c(Br)c1
1492,1492,COCCN(Cc1ccccc1)C(=O)C1CCC[NH+](Cc2c(Cl)cccc2Cl)C1
1493,1493,CNc1ccc(S(=O)(=O)NC2CCC(C)CC2)cc1
1494,1494,Cn1c(C[NH+]2CCN(c3ccc([N+](=O)[O-])cc3)CC2)nc2cc(N)ccc21
1495,1495,COc1ccccc1N1CCN(C(=O)CN2C(=O)C(C)(C)Oc3ccc(C(=O)NCCc4cccs4)cc32)CC1
1496,1496,COc1c(CNCC(F)(F)CO)ccc2c1OCO2
1497,1497,COCCNc1ncnc2c1cnn2CCNC(=O)c1ccc(OC)c(O)c1
1498,1498,CC(CCCCO)C1CCC2C3CCC4CCCCC4(C)C3CCC12C
1499,1499,O=C(Cc1csc(COc2ccc(F)cc2)n1)NC1CC[NH+](Cc2ccccc2)CC1
1500,1500,COc1ccccc1C1C(C(=O)Nc2ccc(C(C)C)cc2)OCC(=O)N1Cc1ccc(C)cc1
1501,1501,COC(=O)C(CCCC[NH3+])[NH2+]Cc1ccc2ncccc2c1
1502,1502,COc1cc(Nc2nc3c(cc2C#N)CCC3)ncn1
1503,1503,N#CC1(NC(=O)c2cc(N)c3ccccc3[nH+]2)CCCCCC1
1504,1504,CCOc1ccc(NC(N)=[NH+]CC2(CC)CCCC2)cc1
1505,1505,CCCCC(CC)COC(=O)C=CC(=O)OCCCC
1506,1506,CC(C)(Sc1ccc(C(F)(F)F)cc1)C(=O)[O-]
1507,1507,O=C(CCNS(=O)(=O)c1cccs1)NCCC[NH+]1CCCCC1
1508,1508,O=C([O-])c1cccc(CN2CCC[NH2+]CCC2=O)c1
1509,1509,CC(C)c1cccc(C(C)C)c1Nc1ccc(C(=O)NCCC[NH+]2CCOCC2)cn1
1510,1510,CC(C)NC(=O)C(=O)NCC(O)c1ccsc1
1511,1511,CC(C)CSc1nnc(NC(=O)c2oc3ccccc3c2CSc2ccccc2)s1
1512,1512,CCc1cnc(CCNS(=O)(=O)c2ccc(n3cnnn3)cc2)s1
1513,1513,COCCn1c(=NC(=O)CS(=O)(=O)CC(=O)Nc2nccs2)sc2cc(Cl)ccc21
1514,1514,Nc1cc(C(F)(F)F)nn1c1ccc2c(c1)OCCO2
1515,1515,O=C(Cn1nc(c2ccc(F)cc2)ccc1=O)N1CCc2ccccc21
1516,1516,O=C([O-])N1CCCCC1CNc1cc[nH+]c2c(N)cccc12
1517,1517,Cn1ncnc1NC(=O)c1noc2c1COCC2
1518,1518,O=C(NCc1nnc2n1CCCC2)NC1CCOC(C2CC2)C1
1519,1519,CCn1c(SCC(=O)Nc2nnc(C3CC3)s2)nnc1c1ccc(N(C)C)cc1
1520,1520,O=C(Oc1ccccc1c1ccccc1)C1=CCCCC1
1521,1521,C=CCNC(=O)C(C)[NH2+]C(C)c1ccc(C)c(C)c1
1522,1522,CCNC(=O)Nc1nc(c2ccc(F)c(Cn3cnc4c(N)ncnc43)c2)cs1
1523,1523,Cc1cc(Cl)ccc1c1nc2nc(N(C)C)ncc2[nH]1
1524,1524,CCOC(=O)c1c(NC(=O)C=Cc2cccc3cccnc23)sc(C(=O)N(C)C)c1C
1525,1525,COc1cccc2c1NC(CC(=O)C(C)C)CS2
1526,1526,O=C1SC(=Cc2ccc(Cl)c(Cl)c2)C(=O)N1Cc1ccc2ccccc2c1
1527,1527,Nc1cc[nH+]c(CN2CCC[NH+]3CCCC3C2)c1
1528,1528,CS(=O)(=O)N(CC(=O)Nc1ccccc1Sc1ccccc1)c1ccc(F)cc1F
1529,1529,CCC(C)NC(NCC)=[NH+]Cc1ccnc(N2CCCCC2)c1
1530,1530,COc1ccc(N)c(Oc2cc(C)ccc2F)c1
1531,1531,CS(=O)(=O)Nc1cc(C2=CC(O)(C(F)(F)F)ON2)ccn1
1532,1532,O=C(Nc1ccccc1SC(F)F)c1ccccc1Br
1533,1533,COc1ccccc1C=C(NC(=O)c1ccccc1)C(=O)Nc1ccc(SC(C)C(=O)Nc2ccc(C)c(C)c2)cc1
1534,1534,CC1(O)CCC2C3CCC4=CC(=O)CCC4=C3C(c3ccc(N4CCCCC4)cc3)CC21C
1535,1535,CCC(C)C([NH3+])C(=O)NC(C(=O)NC(CCC(=O)[O-])C(=O)[O-])C(C)O
1536,1536,COc1c(Cl)cc(Cl)cc1NC(=O)C1CCC[NH2+]C1
1537,1537,Cn1nccc1C(=O)NCc1ccccc1C[NH+]1CCC(C(N)=O)CC1
1538,1538,O=C(CCn1cnc2c(cnn2c2ccc(F)cc2)c1=O)N1CCOc2ccccc21
1539,1539,COCC[NH2+]Cc1ccc(OCc2ccc(Cl)cc2)c(OC)c1
1540,1540,COc1ccc(C[NH+]2CCc3cnccc3C2C2CCN(C(C)=O)CC2)cc1
1541,1541,O=C(NCCn1nc(C(F)(F)F)c2c1CCC2=O)NC1CCCCC1
1542,1542,COc1ccc(CN2C(=O)c3ccc(Br)cc3C2C=O)cc1
1543,1543,CC(=O)c1cccc(NC(=O)COC(=O)COc2ccccc2c2ccccc2)c1
1544,1544,CC(Sc1cccc(NC(=O)c2ccc(Cl)cc2)c1)C(=O)Nc1ccc(Cl)cc1Cl
1545,1545,NC(=S)c1ccc(Oc2ccc(Br)cc2[N+](=O)[O-])cc1Br
1546,1546,C=CCn1c(SCc2coc(c3ccc(C)o3)n2)nnc1C(C)Oc1ccc(C)cc1C
1547,1547,COc1ccccc1N1CC[NH+](CCCNC(=O)C2CCN(c3cccc(Br)c3)C2=O)CC1
1548,1548,CCC1C2C[NH+](Cc3ccc4c(n3)NC(=O)C4(C)C)CC21
1549,1549,CC(C)C(C)C(O)c1ccc2c(c1)OCCCO2
1550,1550,CC(C)CC(=O)Nc1cccc(CNC(=O)CCCOc2ccccc2)c1
1551,1551,C=CCN(C(=O)C=Cc1cc(Br)ccc1OC)c1nc(c2ccccc2)cs1
1552,1552,Fc1ccccc1Nc1nccc(Nc2ccccc2Br)n1
1553,1553,C[NH2+]CCCc1c(C)nn(C)c1C
1554,1554,CC(C)c1nc(C(=O)N(C)Cc2ccc(C(=O)[O-])cc2)n[nH]1
1555,1555,CC(C)C(C)(O)CNC(=O)C1C2CC3CC(C2)CC1C3
1556,1556,COc1cc(O)c(C)cc1C=Cc1nc2ccccc2c(=O)n1c1ccccc1C
1557,1557,Cc1cc(NC(=O)Nc2cccc(Br)c2)sc1C(=O)NC(C)c1cccnc1
1558,1558,CCOC(=O)C(O)c1ccc(Oc2cc(C(=O)OC)ccn2)cc1
1559,1559,O=c1nc[nH]c(NC23CC4CC(C2)CC(n2cc(c5cnc(C(F)(F)F)nc5)cn2)(C4)C3)n1
1560,1560,CN(CCO)c1nc(N)nc(c2cccc(OC3COC3)c2)n1
1561,1561,CCC(C)C([NH2+]C)c1c(F)c(F)c(F)c(F)c1F
1562,1562,Cc1ccc(n2c(CN3CCCc4cnccc43)nc3cccc(Cl)c32)cc1
1563,1563,CCC(C)[NH+]1CCN(S(=O)(=O)c2c(C[NH3+])n[nH]c2C)CC1
1564,1564,CCC(C)(CC)Nc1nccnc1C#N
1565,1565,O=C([O-])C=Cc1ccc(C[NH+]2CCSCC2CO)o1
1566,1566,COc1ccc(S(=O)(=O)N(C)C)cc1NC(=O)CSc1nnnn1C(C)C
1567,1567,COC(=O)c1nc2n(c1c1ccccc1)CC(c1ccccc1)OC2=O
1568,1568,COc1ccccc1C(=O)Nc1ccc(Nc2ccc(C)cc2C)cn1
1569,1569,Cc1cc(Cl)nc(C2CCCCCC2[NH3+])n1
1570,1570,CC(C)(C[NH2+]CC(O)C(Cc1ccccc1)NC(=O)OC(C)(C)C)C[NH+]1CCN(c2ccc(N3CC(CNC(=O)OCc4ccccc4)OC3=O)cc2F)CC1
1571,1571,Cc1ccc(n2nnc(CO)c2c2ccncc2)cc1F
1572,1572,CCOc1cccc(C([O-])=C2C(=O)C(=O)N(c3ccc(C(=O)OCC(C)C)cc3)C2c2ccc(F)cc2)c1
1573,1573,COc1ccc(F)cc1C([O-])=C1C(=O)C(=O)N(C2CCCCC2)C1c1ccc(O)c(OC)c1
1574,1574,CNc1nnc(C(=O)Nc2ccc(F)cc2Cl)s1
1575,1575,O=Cc1c(C23CC4CC(CC(C4)C2)C3)nc2sccn12
1576,1576,O=C(NCc1ccccc1Br)C1CCCN1C(=O)c1cccs1
1577,1577,CNc1cc(NCC[NH3+])[nH+]c2ccccc12
1578,1578,Cn1c(=O)[nH]c(=O)c2c1nc(Oc1cccc(Cl)c1Cl)n2Cc1ccc(OC(F)(F)F)cc1
1579,1579,CC(C)(C(=O)Nc1ccccc1C(=O)N1CCCCC1)c1cccc(C#N)c1
1580,1580,COc1cc(N2C=C[NH+]3CNC=CC3=C2)ccc1Nc1ncc2ccc(C(=O)[O-])cn12
1581,1581,CC(=O)N(C)CCc1cccc(c2cc(N)c(=O)n(C)n2)c1
1582,1582,Cc1cc(c2nc(=O)cc(CC3(CO)CC3)[nH]2)ccc1Br
1583,1583,Cc1nc2c(C(N)=O)cccc2n1C1CCN(C(=O)Cc2ccc(Cl)cc2)CC1
1584,1584,O=C([O-])Cc1c2ccccc2[nH]c1c1ccccn1
1585,1585,CC1CCCN(C(=O)C2(C(N)=S)CCOCC2)C1
1586,1586,CC(C)n1nc(c2ccc(F)cc2)nc1N1CCN(c2ncccc2C#N)CC1
1587,1587,Cc1cc(NC(=O)c2ccn(COc3ccccc3Cl)n2)on1
1588,1588,CC(Cl)c1nc2ccc(Cl)cc2n1C1CCOC1C
1589,1589,COc1ncccc1CNC(=O)CCn1cnc2ccccc2c1=O
1590,1590,CC1CCN(c2ccc(NCc3cccnc3)nn2)CC1
1591,1591,COc1cc(OC)c(C[NH+]2CCCN(C(=O)C3(c4ccccc4)CC3)CC2)c(OC)c1
1592,1592,O=C1C(=O)N(c2nnc(SCc3ccc(F)cc3)s2)C(c2ccc(Cl)cc2)C1=C([O-])c1ccc(F)cc1
1593,1593,COc1ccc(C(C)NC(=O)Nc2ccnn2Cc2ccco2)c(OC)c1
1594,1594,[NH3+]CCc1ccc(OCCCc2ccncc2)cc1
1595,1595,CC(C)(C)[NH2+]Cc1ccccc1Sc1ccc(Cl)cc1
1596,1596,CC(CC1CC1)N1CCC([NH2+]C2CCSC2)CC1
1597,1597,CCc1c(C)[nH]c(c2cncc(F)c2)nc1=S
1598,1598,FC(F)c1ncc(c2ccccc2)c(C2CC2)n1
1599,1599,CC(Sc1ccc([N+](=O)[O-])cc1)C(=O)NC(N)=O
1600,1600,C=CCNC(=O)c1ccccc1SCc1nc(Nc2ccc(C(F)(F)F)cc2)c2c(n1)scc2c1ccccc1
1601,1601,Cc1cc(NC(=O)c2cnn(c3ccc(Cl)cc3)c2C)n(c2nc3n(c4ccccc4)[nH]cc-3c(=O)n2)n1
1602,1602,CSCCC([NH3+])C(=O)NC(Cc1ccc(O)cc1)C(=O)NC(Cc1cnc[nH]1)C(=O)NC(CCC(N)=O)C(=O)[O-]
1603,1603,CCC1COCCN1S(=O)(=O)c1cc(C[NH3+])oc1C
1604,1604,CC(C)CNC(=O)c1cc(NC(=O)C(C)[NH+]2CCC(C(=O)NC(C)C(=O)Nc3ccc(C(=O)NCc4ccc(F)cc4)cc3)CC2)ccc1Cl
1605,1605,COC(=O)C([NH3+])CI
1606,1606,CC(=O)Nc1ccc(n2c(C)cc(C(=O)N(Cc3ccccc3)c3nc4c(F)cccc4s3)c2C)cc1
1607,1607,Cc1ccc(CNC(=O)c2ccccc2NC(=O)C(=O)Nc2ccc(C)c([N+](=O)[O-])c2)cc1
1608,1608,O=C(Cn1cnc2c(nnn2c2ccc(O)cc2)c1=O)Nc1cccc2ncccc12
1609,1609,CC(C)CN1CCC([NH2+]CC2CCCCC2)C1=O
1610,1610,CC1(C(=O)NC2CCC(O)CC2)Cc2ccccc2C(=O)O1
1611,1611,Nc1ccc(C=CC(=O)NCc2ccccc2Oc2ccccc2)cc1
1612,1612,CCOC(=O)N1CCN(C(=O)c2cnn3c2nccc3c2cnn(Cc3ccccc3)c2)CC1
1613,1613,CCCOC(=O)C1=C(C)Nc2nc(SCc3ccccc3C)nn2C1c1cccc(Br)c1
1614,1614,O=C([O-])c1cc(S(=O)(=O)N2CCCc3ccccc32)c(Br)o1
1615,1615,C=CCOC1C(O)C(CO)OC(OC2C(OCC)C(C(O)CO)OC(OCC=C)C2OC)C1O
1616,1616,Cn1cc(C(=O)Nc2ccc(Br)c(C(F)(F)F)c2)cn1
1617,1617,COc1ccc(C(=O)NC(C(=O)OCC(=O)N(C)C2CCCCC2)C(C)C)cc1
1618,1618,CCCCCNc1nccn1c1ccc(Br)cc1
1619,1619,CCCc1noc(C2CCC(C[NH2+]C(C)(C)C)O2)n1
1620,1620,CC(=O)NC1CN(C(=O)c2ccc(C(F)(F)F)cc2)CC1O
1621,1621,[NH3+]CCC(C(=O)[O-])N(Cc1ccccc1)C(=O)c1ccccc1
1622,1622,CCC1OC(=O)C(C)C(OC2CC(C)(OC)C(O)C(C)O2)C(C)C(OC2OC(C)CC([NH+](C)CCc3cn(C(CO)c4ccccc4)nn3)C2O)C(C)(OC)CC(C)C(=O)C(C)C2NC(=O)OC12C
1623,1623,COc1ccc(C(C)=O)cc1COC(=O)CCn1cnc2ccccc2c1=O
1624,1624,COc1cc2c(cc1F)nc(CCCl)n2CC1CCCO1
1625,1625,COc1cc(OC)c2cc(c3ccc(OC)cc3)c(=O)oc2c1
1626,1626,C=C(Cn1c(C)c(C)c(C(C=C)N(C=C)N=CCC)c1C)[NH+]1CCC(c2c[nH]c3c(C)c(C)ccc23)CC1
1627,1627,N#CCCN(CCC#N)C(=O)CN1CC[NH2+]CC1
1628,1628,O=C(Nc1ccccc1F)NC1CCCCC1O
1629,1629,CC(Sc1nnc(c2ccc(C(C)(C)C)cc2)n1C1CCCC1)C(=O)Nc1ccc2c(c1)OCO2
1630,1630,O=C1CCc2cc(S(=O)(=O)N3CCC(C(=O)Nc4ccc(Br)cn4)CC3)ccc2N1
1631,1631,Cc1nc(SCc2cc(F)cc3c2OCC3)c2c3c(sc2n1)CCCC3
1632,1632,CC1C(=O)NCCN1C(=O)c1cc(Cl)cc(Br)c1
1633,1633,COc1ccc(C)cc1N(CC(=O)N(Cc1ccc(F)cc1)C(C)C(=O)NC(C)(C)C)S(=O)(=O)c1ccc(C)c([N+](=O)[O-])c1
1634,1634,COCCCn1c(SCC(=O)Nc2ccccc2F)nc2sc3c(c2c1=O)CCCC3
1635,1635,COc1ccc2c(c1)nc(CN(CCCO)C(=O)c1cccnc1)n2C
1636,1636,COc1ccc(NC(=O)c2cc(C)n3nccc3n2)cc1OC
1637,1637,COc1ccc(Cl)cc1S(=O)(=O)Nc1ccc(NS(=O)(=O)c2ccc(Cl)s2)cc1
1638,1638,CC(C)CCOc1ccc(C(=O)Nc2ccccc2C(=O)[O-])cc1
1639,1639,CC(C)c1ccccc1Oc1ncc(Br)cc1C=O
1640,1640,Cc1c(NC(=O)C[NH+]2CCC(C(=O)NCCC(=O)Nc3ccc(C(=O)NC4CCCCC4)cc3C)CC2)cccc1C(=O)NC1CCCCC1
1641,1641,Nc1cc(CCC(=O)c2ccncc2F)c(F)cc1F
1642,1642,COc1c(OC(=O)N(C(C)C)C(C)C)ccc2c1C(C=C(C)C)=C(C)C2=O
1643,1643,N#Cc1c(F)cccc1N1CC[NH+](Cc2ccccc2)CC1
1644,1644,CC(C)c1cc(=S)nc(c2ccc(Cl)cc2Br)[nH]1
1645,1645,CCCCCCC(C)[NH+](CC(O)COc1ccccc1)C1CCCC1
1646,1646,O=C(c1c2c(nc3c1CCC3)CCCC2)N1CC2CC3CC2C1C3O
1647,1647,Cc1c(I)c(C(F)(F)F)nn1CC(=O)N1CCN(c2cccc(Cl)c2)CC1
1648,1648,CC(C)(C)OC(=O)C1CSC(C2COC(C)(C)O2)[NH2+]1
1649,1649,Cc1c(NC(=O)C[NH+]2CCC(C(=O)NC(C(=O)Nc3cccc(C(=O)NC4CCCC4)c3)C(C)C)CC2)cccc1C(=O)N(C)C
1650,1650,CC(C)c1cc(=O)n2nc(CSc3nnc(C4CC4)n3c3ccccc3F)sc2n1
1651,1651,Cc1ccc(S(=O)(=O)CCC(=O)N2CC[NH+](Cc3ccc(Cl)cc3Cl)CC2)cc1
1652,1652,CC(C)(C)C1CN(Cc2ccccc2)C(=O)c2c(O)cccc2O1
1653,1653,Cn1cc(CNc2ccc(I)cc2Cl)cn1
1654,1654,CC(=O)c1ccc(NC(=O)NCC2CCC[NH+]2C)cc1
1655,1655,CC1CC(C)N(C2(C[NH2+]Cc3cc(Br)cs3)CCCC2)C1
1656,1656,CCCc1c(CCC)c(CCC)c(CCC)c(CCC)c1CC
1657,1657,CCc1ccc(C2[NH2+]C(C)C(=O)N2C2CC2)cc1
1658,1658,CCOc1ccc(C=CC(=O)N(C)Cc2nnsc2Cl)cc1OC
1659,1659,Cc1cc(C(=O)Cn2cnc3c2CCCC3)co1
1660,1660,C=CCN(C)C(=O)C1C2C(=O)N(C(CO)Cc3ccccc3)C(C(=O)N(CC=C)C(C)(C)CC(C)(C)C)C23CCC1(C)O3
1661,1661,Cc1ccc(OCC(C)NC(=O)Cc2ccc(n3nc(C)cc3C)cc2)cc1C
1662,1662,Cc1c(NC(=O)N2CCC(C)CC2)nnn1Cc1c(F)cccc1Cl
1663,1663,CC(C)C(C)NC(=O)CSc1nnc(c2c[nH]c3ccccc32)n1N
1664,1664,N#Cc1ccc(S(=O)(=O)OCCNC(=O)c2ccc(N3CC[NH+](Cc4ccccc4)CC3)nc2)cc1F
1665,1665,CC(C)(C)c1cc(C[NH2+]CCCCCO)c(O)c(C(C)(C)C)c1
1666,1666,COCCCNC(=O)Cn1nnc2cc(C(=O)[O-])ccc21
1667,1667,COc1ccc(CC(=O)NCC2(c3ccccc3)NC(=O)N(Cc3ccccc3C)C2=O)cc1
1668,1668,O=C=NC1(c2ccc3c(c2)OCCO3)CCCC1
1669,1669,O=C(C[NH+]1CCCC(C(=O)N2CCOCC2)C1)Nc1cccc(C(F)(F)F)c1
1670,1670,COc1ccc(NS(=O)(=O)c2cccc(NC(=O)c3cc(OC)cc(OC)c3)c2)cc1
1671,1671,C=CC(=O)Nc1cc2c(Nc3ccc(F)c(Cl)c3)ncnc2cc1OCC1CCN(C(=O)[O-])C1
1672,1672,COc1ccc(S(=O)(=O)N(CC(=O)N(Cc2cccc(OC)c2)C(C)C(=O)NC2CCCCC2)c2ccccc2)cc1OC
1673,1673,CC(C)C(=O)N1CCC(S(=O)(=O)c2ccc(F)cc2)CC1
1674,1674,O=C(CNC(=O)c1cn(c2ccc(F)c(F)c2)nn1)Nc1ccccc1
1675,1675,Nc1ccc(c2cncc3[nH]c(c4n[nH]c5ccc(c6cncc(OC7CCCCC7)c6)c(F)c54)cc32)cc1
1676,1676,Cc1c(CCCBr)sc(=O)n1C
1677,1677,Cn1cc(C2CCCN2C(=O)NCc2ccon2)cn1
1678,1678,O=C([O-])c1cc(Oc2ccc(C(F)(F)F)cn2)ccc1Cl
1679,1679,C[NH2+]C(c1ccc(F)c(C)c1)C1(CC(C)C)CCCC1
1680,1680,CC(=O)c1ccnc(c2c(Cl)ccc(Cl)c2Cl)c1
1681,1681,COc1ccc(C(=O)COC(=O)CCC(=O)Nc2cc([N+](=O)[O-])ccc2Cl)cc1OC
1682,1682,CC(=O)Nc1nc(CCl)c(C=O)s1
1683,1683,COC(=O)c1ccc(CN(CCCO)CC(F)(F)F)cc1
1684,1684,CCC(C)NC(=O)C(C)NC(=O)c1c(C)noc1C
1685,1685,CC(C)n1c(N(C)C)nc2nc(N3CCC(C(=O)[O-])CC3)nc(c3ccccc3)c21
1686,1686,CCC(C)(CC(C)(CC(C)(C)C(=O)OC1CCCCC1=O)C(=O)OC1(C)CC2CCC1C2)C(=O)OC1(C)CC2CCC1(C)C2(C)C
1687,1687,CCc1cc(N2Cc3cnc4nc(N)ncc4c3C2)ncn1
1688,1688,CCC#CCC(O)c1ccc(C)s1
1689,1689,O=C(Oc1c(Cl)cc(Cl)cc1Cl)c1csnn1
1690,1690,CC1=C(C(=O)OCC(C)C)C(c2ccccn2)NC(=S)N1
1691,1691,Cc1cc(N2CCOCC2)ccc1NC(=O)C1CC=CCC1C(=O)[O-]
1692,1692,CC(C)c1noc(COc2ccc(CC[NH3+])cc2Cl)n1
1693,1693,CC(C)OC(=O)C1CCC[NH+]1CC(=O)c1ccccc1F
1694,1694,CC(C)S(=O)(=O)c1ccc(CC(=O)NCC(c2cccnc2)[NH+](C)C)cc1
1695,1695,Cn1ccc(Nc2ccc(C#N)cc2C#N)n1
1696,1696,Cn1cc(CC([NH3+])c2ccc(F)c(Br)c2)cn1
1697,1697,CC(=O)Nc1ccc(N2C(=O)C(Sc3ccc(Cl)cc3)=C([NH+]3CC(C)CC(C)C3)C2=O)cc1
1698,1698,C=CCNC(=O)c1ccccc1NC(=O)CN(c1cccc([N+](=O)[O-])c1)S(C)(=O)=O
1699,1699,CCOC(=O)c1ccccc1NC(=S)Nc1ccccc1OCCOc1cc(C)cc(C)c1
1700,1700,CCC1(CC)OCC(N(C)C(=O)N2CC3OCC[NH+](C)C3C2)CO1
1701,1701,CC(C)n1ncc2c(C(=O)N(C)Cc3ccco3)cc(C3CC3)nc21
1702,1702,C[NH2+]Cc1cc(S(=O)(=O)NC(C)C2CCOCC2)c[nH]1
1703,1703,Cc1cc(Cl)cnc1NS(=O)(=O)c1cnn(CCl)c1
1704,1704,O=C(NCC(O)c1ccsc1)c1cc2c(s1)CCC2
1705,1705,CC1SCCSC1C([NH3+])Cc1cccc(Cl)c1Cl
1706,1706,CCC1CCC(C#N)(C(O)c2cn(C)nn2)CC1
1707,1707,Cc1ccc(SCCC(=O)Nc2nnc(C3CC3)s2)cc1
1708,1708,C=CCOc1ccc(C(=O)Oc2ccc3ccccc3c2C=C2SC(=O)N(CC3CCCO3)C2=O)cc1
1709,1709,CC(C)N(Cc1nccn1C)C(=O)CSc1ccccc1
1710,1710,CC1OCCC1CNc1cc(F)cc(C[NH3+])c1
1711,1711,Cc1c(C(=O)NCC2C[NH2+]CCO2)nnn1c1ccccn1
1712,1712,CS(=O)(=O)N1CCN(c2ccc(C(N)=S)cc2F)CC1
1713,1713,O=C(c1csc(c2cccs2)n1)N1CCC(C2CCOC2)CC1
1714,1714,CC(C)N(Cc1ccco1)S(=O)(=O)c1cccc(C#N)c1
1715,1715,O=C1[NH+]=C2CCCC=C2CC1Oc1ccc(Cl)cc1
1716,1716,C=C(NOC)C(C=C)=CC(=CC)OC
1717,1717,Cc1cc(c2cncc(N)c2)nc(C(C)(C)C)n1
1718,1718,Cc1ccc(S(=O)(=O)N(CC(=O)NCC2COc3ccccc3O2)c2cc(C)ccc2C)cc1
1719,1719,O=C([O-])c1scnc1Cn1cncn1
1720,1720,O=C(CCCc1nc2ccccc2s1)Nc1cccc(S(=O)(=O)NC2=NCCC2)c1
1721,1721,CC(C)N(C(=O)CN1Cc2cc(C3C=NNC3c3ccccc3C#N)ccc2OCC1=O)C(C)C
1722,1722,CC1C(c2ccccc2)OCCN1C(=O)c1cnn(c2cccc(F)c2)c1C
1723,1723,Cc1cc(C)c(C(=O)N2CCN(C(=O)c3ccccc3Br)CC2)c(C)c1
1724,1724,CCCCc1nnc(SCc2ccccc2F)n1N=Cc1ccc(OCC)c(OC)c1
1725,1725,COc1ccc(NC(=O)C(C)NC(=O)C2CC[NH+](CC(=O)Nc3cccc(C(=O)N4CCC(C)CC4)c3C)CC2)cc1NC(=O)C(C)C
1726,1726,Cc1cc(CCC(=O)NC(C)c2nncn2C)no1
1727,1727,CCOC(=O)c1ccc(N2CCN(C(=O)OC(C)(C)C)CC2)c(NC(=O)c2ccc(CS(=O)(=O)c3ccc(C)cc3)cc2)c1
1728,1728,CC(C)COCC[NH2+]C1CC(c2ccccc2Cl)C1
1729,1729,C[Si](C)(C)ON(N[Si](C)(C)C)[Si](C)(C)C
1730,1730,Cc1ncc(CNc2cc(C)c(C)cc2[N+](=O)[O-])s1
1731,1731,COc1ccc(Br)cc1CC(=O)C1(C)CCC[NH2+]1
1732,1732,O=C(OCc1ccc([N+](=O)[O-])cc1)c1ccc(Cn2ccc(=O)[nH]c2=O)cc1
1733,1733,O=C(c1ccc(Cl)cc1)N1CCC(OCCO)CC1
1734,1734,Cc1ccsc1C([NH3+])C(C)O
1735,1735,Cc1cc(F)ccc1NC(=O)c1coc(C2CCCN2C(=O)Cc2ccccc2)n1
1736,1736,O=C(CC(c1cc(Br)cs1)Nc1cc(Cl)cc(Cl)c1)N1CC[NH+](CCO)CC1
1737,1737,Cc1ccc2c(c1)N(C1(C)CC[NH2+]C1)CC2
1738,1738,O=C(OC1CC[NH+](Cc2ccccc2)CC1)C(c1ccccc1)c1ccccc1
1739,1739,CCCC(O)C(Cc1ccccc1)NC(=O)C(CCCNC(N)=O)NC(=O)C(NC(=O)C(NC(=O)C(NC(=O)C1CCCCC1C(=O)[O-])C(C)C)C(C)O)C(C)CC
1740,1740,C=CC(F)=C(C#Cc1ccccc1)N=C=S
1741,1741,O=C(Nc1nc2c(s1)CCCC2)N1CC2CCCC2(C(=O)[O-])C1
1742,1742,CCOc1cccc2sc(=NC(=O)Cc3ccc(S(=O)(=O)N(C)C)cc3)n(CC(=O)OC)c12
1743,1743,COC(=O)C1=CC(=O)C(C(=O)Oc2ccc(OC)cc2OC)=C([O-])C1=O
1744,1744,Cc1ncc(S(=O)(=O)N(C)c2cccc(C(=O)[O-])c2)s1
1745,1745,Cc1cc(NC(=O)COC(=O)c2sc3ccccc3c2Cl)no1
1746,1746,CC(=O)NC1CC[NH+](CCCC(=O)NN)C1
1747,1747,COc1ccc(C[NH+]2CCC(n3nccc3NC(=O)C3CC3)CC2)cc1
1748,1748,CCOC(=O)C[n+]1ccc(C=Cc2ccc(N(C)c3cc(C)ccn3)cc2)cc1
1749,1749,Cc1ccc(S(=O)(=O)N(CC(=O)NCc2ccc(F)cc2)c2ccc(F)cc2)cc1
1750,1750,C[NH2+]CCC1C(=O)NCC[NH+]1CC(=O)Nc1c(C)cccc1C
1751,1751,COCC1CN(c2ccc(C(O)C(F)(F)F)c(F)c2)C(=O)O1
1752,1752,Cc1ccc(c2cc(c3nc(c4ccccc4)cc(c4ccccc4)n3)c3cc(c4ncccc4c4ccccc4)ccc3n2)cc1
1753,1753,Cc1[nH]c(C(=O)N2CCC(Cn3ccnn3)CC2)c(C)c1C
1754,1754,C=CC(=O)Nc1cc(Nc2nccc(n3c(C)nc4ccccc43)n2)c(OC)cc1N(C)CC[NH+](C)C
1755,1755,COC(=O)c1c(C)oc2nc(C[NH+](C)Cc3cccc(Oc4ccccc4)c3)nc(N)c12
1756,1756,O=C(COc1cccc2ccccc12)Nc1ccc(Cl)c(Cl)c1
1757,1757,O=C(Nc1cccc(Br)c1)C1CCN(C(=O)c2ccc(Cl)cc2)CC1
1758,1758,N#Cc1ccc(N2CCC[NH+](Cc3nc(c4ccc(Cl)cc4)oc3C)CC2)cc1
1759,1759,O=C1N=C2C=CC=C3C=CC(=[N+]4C=CC=CC4)C=C3C2[NH2+]1
1760,1760,Cc1nc(Oc2ccc(S(=O)(=O)Cl)cc2)cc(=O)[nH]1
1761,1761,COc1ccccc1C(=O)Nc1ccc(NC(=O)CCNC(=O)C2CC[NH+](C(C)C(=O)Nc3ccc(C(=O)Nc4ccc(C)c(F)c4)cc3C)CC2)cc1
1762,1762,C[NH2+]CC1C(=O)N(C)CC(C)[NH+]1Cc1ccc(OC)cc1
1763,1763,Cc1nnc(CC(=O)N(C)C(C)CO)s1
1764,1764,Cc1cc(NC(=O)CSCC(=O)NC(C)c2ccccc2F)no1
1765,1765,Cc1ccc(OCCNC(=O)C2([NH3+])CCOC2)cc1
1766,1766,CC(=O)c1ccc(NC(=O)COC(=O)c2ccccc2OCCOc2ccccc2)cc1
1767,1767,COC(CNC(=O)c1ccc2c(c1)OCC(=O)N2)OC
1768,1768,CCn1nccc1NC(=O)NC1CC(C)(OC)C1(C)C
1769,1769,COc1ccccc1C(=O)OCC(=O)Nc1cc(S(=O)(=O)N2CCSCC2)ccc1C
1770,1770,CC(C)(C)c1ccc(S(=O)(=O)NC2CCC(C(=O)N3CCCCC3)CC2)cc1
1771,1771,CC(=O)OCC12COP(=O)(NCC(=O)OCC3c4ccccc4-c4ccccc43)C2OC(C)(C)OC1(C)C
1772,1772,CC(C)CC1(C(=O)OC23CC4CC(CC(C4)C2)C3)CCCC1
1773,1773,Cn1c(=O)c2c(c3ncc(c4ccccc4)c(=O)n3Cc3ccc(F)cc3)ncn2C(C)C(=O)N(C)c1=O
1774,1774,COc1ccc(c2cc(C(=O)NCc3ccc(Cl)cc3Cl)c3c(C)noc3n2)cc1
1775,1775,COc1nccc2c1ncn2C1CC(COc2ccc(C(N)=O)c(C3=CC[NH2+]CC3)c2)C(O)C1O
1776,1776,COCCN(CC(=O)Nc1c(Cl)cccc1Cl)C(=O)CCc1ncc(c2ccccc2)o1
1777,1777,COc1ccc(Cl)cc1C([O-])=C1C(=O)C(=O)N(c2ccc(F)cc2F)C1c1cccc(OC(C)C)c1
1778,1778,[NH3+]C(Cc1ccccc1)c1nc(c2ccc3c(c2)OCCO3)cs1
1779,1779,Cc1cc(C)c2c(c1)C(C#N)=C([NH3+])O2
1780,1780,COc1ccc(CCc2nnc(SC3CCCCC3)o2)cc1OC
1781,1781,Cc1ccc(N(c2ccccc2)c2ccc(C3(c4ccc(c5ccccc5)cc4)c4ccccc4-c4ccccc43)cc2)cc1
1782,1782,Cn1c(C2CC2)nn(CC(O)(c2ccc(Br)cc2)C(F)(F)F)c1=O
1783,1783,COCC(=O)NCC1CC[NH+](Cc2noc(C[NH3+])n2)CC1
1784,1784,COc1ccc(NC(=O)C2CC2C(=O)Nc2ccc(F)cc2)cc1OC
1785,1785,COc1ccccc1CNc1cnc(C(=O)Nc2ccc(F)cc2)cn1
1786,1786,CSC1(C[NH+]2CC(n3cc(C(=O)[O-])nn3)C2)CCCC1
1787,1787,COCCN(Cc1nccn1Cc1cccc(C(F)(F)F)c1)C(=O)c1ccccc1Br
1788,1788,CC(C)CN(CCC#N)Cc1ccc(Br)c2cccnc12
1789,1789,Cc1cc(C)c(C([NH3+])c2ccccc2Br)c(F)c1
1790,1790,CCCCCCc1ccc(C(=O)c2ccc(CCCCCC)cc2)cc1
1791,1791,C=CCN(CC=C)C(=O)c1ncoc1C(C)C
1792,1792,CC(CCCC(C)(C)O)NC(=O)NC(C)CCc1cccs1
1793,1793,CCc1cc2c(C(=O)C(F)(F)F)c(C=O)ccc2s1
1794,1794,CC1CC[NH+](Cc2ccncc2N)CC1
1795,1795,CCOc1cccc(C2=C(O)C(=O)N(c3cc(Cl)ccc3Cl)C2c2cc(OC)ccc2OC)c1
1796,1796,Cc1cc(Cl)ccc1N(C)C
1797,1797,CCC1CCC([NH2+]C2CCCCC2NC(=O)OC(C)(C)C)CC1
1798,1798,C=C(C)CNC(=O)c1ccccc1N
1799,1799,COc1ccccc1NC(=O)c1cc(F)cc(N2CCN(C(C)=O)CC2)c1
1800,1800,Cc1[nH]nc(C)c1C1CCN(C(=O)Cc2ccc(OC(F)(F)F)cc2)CC1
1801,1801,COc1cc(OC)cc(c2ncc(N)o2)c1
1802,1802,COc1ccc(Br)c(C(=O)N2CCCc3ccccc32)c1
1803,1803,CCCc1c(Br)cnn1C
1804,1804,CC(C)(C)c1ccc(CN(CC2Cc3ccccc3S2)C(=O)CN(CC2Cc3ccccc32)C(=O)Cc2ccccc2)cc1
1805,1805,COCC[NH2+]Cc1cc(c2ccc(C)cc2C)on1
1806,1806,CC(C)(C(=O)N1CCN(c2nc3c(cc2F)c(=O)c(C(=O)[O-])cn3C2CC2)CC1)c1ccccc1
1807,1807,CCC(C)(CNC(=O)c1ccc[nH]c1=O)C(=O)[O-]
1808,1808,CCC(C)NC(=O)C(C)N(Cc1cccc(C)c1)C(=O)CN(c1ccc(OC(C)C)cc1)S(=O)(=O)c1ccc(C)cc1
1809,1809,Cc1cc(C)c(C)c(COc2cc(C)c(Br)cc2C(=O)[O-])c1
1810,1810,COc1ccc(NC(=O)CN(C)C(=O)C[NH+]2CCN(Cc3ccccc3F)CC2)cc1
1811,1811,CC(=O)OCC1OC(n2cc(C=CC(=O)[O-])c3c(N)ncnc32)C(OC(C)=O)C1OC(C)=O
1812,1812,CCOc1ccc(CN(C)C(=O)CN2C(=O)NC(C)(c3ccc(Cl)cc3)C2=O)cc1OCC
1813,1813,[NH3+]CCc1nnc2ccc(c3ccc(CO)cc3)nn12
1814,1814,CC(C)CC(NC(=O)NC(CCO)C1CC1)C(C)C
1815,1815,O=C(NCCCc1ncn[nH]1)c1ccc(F)c(F)c1F
1816,1816,CCOc1cc(OCC)c(C(CC)CC(=O)[O-])cc1[N+](=O)[O-]
1817,1817,CCCCCCC(Br)Oc1ccc(C(C)(C)c2ccc(C(C)(C)c3ccc(N(c4ccc(C(C)(C)C)cc4)c4ccc(C(C)(C)C)cc4)cc3)cc2)cc1
1818,1818,CC(C)CC(C[NH3+])CN1CCC(C)(C)C1
1819,1819,COc1ccc(OCC[NH+]2CCCC(Nc3ccc4nnc(C(C)(F)F)n4n3)C2)cc1
1820,1820,COCCCN(C)c1ccc(C=Cc2nn[n-]n2)cc1
1821,1821,Cc1n[nH]c(C)c1NCc1cccnn1
1822,1822,N#CC(C#N)=C1N=NC2C=CC(Br)=CC2=C1C(=O)c1ccccc1
1823,1823,O=S([O-])NCc1ccc(OC(F)(F)F)cc1
1824,1824,CCOC(=O)N1CCN(C(=O)c2cc(C(C)C)nc3c2cnn3C(C)(C)C)CC1
1825,1825,CC1Oc2cc(NC(=O)C3(n4cccn4)CC[NH2+]CC3)ccc2N(C)C1=O
1826,1826,Cc1cc(C)c(C[NH3+])c(Sc2nnc(C)o2)n1
1827,1827,CCOP(=O)(OCC)C(CCOP(=O)(OCC)OCC)P(=O)(OCC)OCC
1828,1828,COc1ccc(C(=O)N2CCOCC2)cc1NC(=O)CNC(=O)C1CC[NH+](C(C)C(=O)Nc2ccc(Cl)c(C(=O)N3CCCC3)c2)CC1
1829,1829,COC(=O)c1ncsc1S(=O)(=O)NCc1ccc(F)c(F)c1
1830,1830,C=CCN1C(=O)C(C)(C)NC(=O)C1CC(C)C
1831,1831,O=C([O-])N1CC(Oc2ncc3ccc(Cl)cc3n2)CC1C(=O)[O-]
1832,1832,Cc1ccc(S(=O)(=O)n2cc(c3ccc(N4CC[NH+](C5CC5)CC4)cc3)c3c(N)ncnc32)cc1
1833,1833,Cn1nccc1CNc1ccc(C(N)=S)c(F)c1F
1834,1834,Cc1ccc(C(C)(C)CC(=O)NCCC2CCCO2)o1
1835,1835,CCCc1noc(C(C)Oc2ccc(C#N)cc2)n1
1836,1836,COc1cc(O)c(C=NNC(N)=S)c(OC)c1
1837,1837,CC(C)[NH+]1CCC(C(O)(C(N)=O)c2cccc(C(F)(F)F)c2)CC1
1838,1838,C=CCOC(=O)C(C#N)=C1SCCS1
1839,1839,CC(=O)CCc1csc2c(N)cccc12
1840,1840,CCOP(=O)(OCC)C(C(C)=O)N(CC)C(C)=O
1841,1841,CCC(=O)N1CCC2(CC1)OOC1(O2)C2CC3CC(C2)CC1C3
1842,1842,COCC1CN(c2ccc(C)cc2Br)CC(C)O1
1843,1843,CCC1CCC(C(O)Cc2ccccc2C)CC1
1844,1844,Nc1ccc(C(=O)N2CCCOCCc3ccccc32)nn1
1845,1845,Cc1ccc(NS(=O)(=O)c2ccc(NC(=O)Cc3nc(C)no3)cc2)cc1
1846,1846,[NH3+]CC(O)c1ccc(CCc2cc(F)cc(Br)c2)cc1
1847,1847,C[NH2+]Cc1n[nH]c(C)c1S(=O)(=O)NCc1ccsc1
1848,1848,CC(=O)Nc1ccc(S(=O)(=O)N(CC(=O)NCc2ccc(C[NH+]3CCCCC3)cc2)c2cccc(C)c2C)cc1
1849,1849,Nc1c(c2ccccc2)[nH]c2cc(O)c(C(F)(F)F)cc12
1850,1850,COc1ccc(CCC(=O)[O-])cc1OC1CCC1
1851,1851,CC(=O)C1C(=O)C(C)=Cc2ccc(N3CCCC4=C(C(=O)NC(C)CCc5ccc(N)cc5)CC43)cc21
1852,1852,CC(=O)c1cccc(NS(=O)(=O)c2cc(Cl)c(Br)s2)c1
1853,1853,COc1ccc(Cc2nnc(SCc3c(F)cccc3Cl)n2C)cc1
1854,1854,CC(=O)N(C)C1CC[NH+](CCCC[NH+]=C(N)Nc2ccccc2Oc2ccccc2)CC1
1855,1855,COc1ccc(O)c(NC(=O)C2(C)CCCCC2)c1
1856,1856,CC(=O)c1nn(CC(=O)N2CCC([NH2+]CC(O)COc3ccccc3)CC2)c2ccc(c3ccc(c4ccc(C(F)(F)F)cc4)cc3)cc12
1857,1857,C[NH2+]C(CC[NH+](C)CC1CCC1)c1c(C)cc(C)cc1C
1858,1858,Cc1nc(NC(=O)c2ccc(CNS(C)(=O)=O)cc2)cc(n2cccn2)n1
1859,1859,CC1CN(c2ccc(C(F)(F)F)nc2)C(=O)c2cc(C#CC(C)(C)O)sc21
1860,1860,O=C1CCC(c2ccccc2)=NN1
1861,1861,Cc1ccc(F)c(Nc2nc(C3CC3)nc(Cl)c2C)c1
1862,1862,COc1ccc(C(=O)N2CCN(c3cccc(Cl)c3C)CC2)cc1I
1863,1863,CCc1c(C(=O)OC(C)C(=O)Nc2cc(Cl)cc(Cl)c2)cnn1c1cccc(Cl)c1
1864,1864,CC(C)c1ncc(C[NH2+]C(C)c2ccc(F)cc2)cn1
1865,1865,N#CC1(C#N)C(C#N)C1c1ccccc1
1866,1866,O=C([O-])C=Cc1ccccc1OCCCCCCO
1867,1867,CC(C)c1nc2sc(C(=O)Nc3cccc(C(F)(F)F)c3)c(N)c2nc1c1ccccc1F
1868,1868,C=CCn1cc(C[NH2+]Cc2ccc(C)nc2C)c(C)n1
1869,1869,N#Cc1ccc(OC2CCN(C(=O)NC3CCS(=O)(=O)C3)CC2)nc1
1870,1870,O=C(C=Cc1cn(Cc2cccc(F)c2)nn1)Nc1ccc(CC(=O)N2CCCC2C[NH+]2CCOCC2)cc1
1871,1871,Cc1cc(NS(=O)(=O)c2ccc(CNC(N)=O)cc2)ccc1F
1872,1872,CCCCn1c(C(C)N(C(=O)c2cc(C(F)(F)F)ccc2[N+](=O)[O-])C(C)C)c[nH+]c1S(=O)(=O)CCC
1873,1873,Cc1nc(C)c(C(C)Nc2cc(F)c(Br)cc2N)s1
1874,1874,CC(=O)N(CC(=O)Nc1c(F)cccc1F)c1ccc(N(C)C)cc1
1875,1875,COc1cccc(C(=O)Nc2ccc(N3CCN(C(=O)c4cccs4)CC3)nn2)c1
1876,1876,CCCCN1c2ccccc2Sc2ccccc21
1877,1877,N#Cc1n[nH]nc1NCCCOCC1CC1
1878,1878,CC(C)CC(=O)NC(=S)Nc1cccc(C(=O)Nc2ccc(Cl)cc2)c1
1879,1879,Nc1ccc2nc(N3CCN(c4ccccc4F)CC3)oc2c1
1880,1880,CSC1(CNc2cc(F)cc(F)c2N)CCCC1
1881,1881,O=c1c(Cl)ccc2n1NCN2
1882,1882,COc1ccc(CSCCNC(=O)CCc2ccccc2)cc1OC
1883,1883,O=C(c1ccc(Cn2cccn2)cc1)N1CCOCC1c1ncn[nH]1
1884,1884,CCCc1n[nH]c(=S)n1N=Cc1ccccc1OCc1ccc(Cl)cc1
1885,1885,Cc1nccn2c1nnc2c1ccccc1
1886,1886,Cn1ccn(c2cc(Oc3ccc(NC(=O)NCc4ccn(C(C)(C)C)n4)cc3)c(CO)cc2F)c1=O
1887,1887,C=C(C[NH2+]C)CN1CCC(CC)C1
1888,1888,CC(C)CC(NC(=O)C(Cc1ccccc1)N(Cc1ccccc1)C(=O)CN(Cc1ccccc1Cl)C(=O)OC(C)(C)C)C(=O)NC(CC(C)C)C(=O)OC(C)(C)C
1889,1889,Cc1[nH]c2ccc(F)cc2c1CC(=O)Nc1nc(c2cccc(Cl)c2)cs1
1890,1890,O=C(CNc1cccc(OCc2ccccc2)c1)NN=Cc1ccccc1OCc1ccccc1
1891,1891,COC(=O)c1ccc(CN2C(=O)NC(C)(c3cccc4ccccc34)C2=O)cc1
1892,1892,Cn1nccc1C1OCCC1CNC(=O)N1CCCC(c2[nH]cc[nH+]2)C1
1893,1893,Cc1nc2c([nH]1)CC(C(=O)N1CC3(CCCCC3)C1)CC2
1894,1894,CCCCCN(C(=O)CN1C(=O)NC2(CCC(CC)CC2)C1=O)C1CC1
1895,1895,CC(C)(C)c1csc(CCNC(=O)c2cncc(C#CCO)c2)n1
1896,1896,O=C1C=CC(=O)Nc2cccc(O)c21
1897,1897,COC(=O)c1coc2c(OC)ccc([N+](=O)[O-])c12
1898,1898,Cn1c(Cc2ccccc2)nnc1SCC(=O)Nc1cccc2ccccc12
1899,1899,Cc1ccc(CNC(=O)c2cc(C)nc(NCc3ccc(F)cc3)n2)cc1
1900,1900,COc1ccc(CC2NC(=O)C3(CCCCC3)[NH2+]2)cc1
1901,1901,C=CCOc1cccc(NC(=S)NC(c2ccccc2)c2ccccn2)c1
1902,1902,CC1C[NH+](Cc2ccccc2)C(C)CN1C(=O)CC1Oc2ccccc2NC1=O
1903,1903,COc1ccccc1n1ncc(NCCOCC(C)C)c(Cl)c1=O
1904,1904,[NH3+]CCOCCNC(=O)c1ccc(C(F)(F)F)cc1
1905,1905,CC(C)n1ccc(CC(O)c2cc(Cl)ccc2I)n1
1906,1906,CC(C)C(C)C1(C)C(O)C(C(C)(C)C)C23CCC(=O)C2CC(C(C)(C)C)CC1C3
1907,1907,Nc1c(Cl)ncnc1NCC[NH+]1CCCCC1
1908,1908,CC1CN(S(=O)(=O)c2ccc(Cl)nc2)CCC1O
1909,1909,COc1ccc(C=CC(=O)Nc2ccc(C)cc2OC(F)F)cc1S(=O)(=O)N1CCOCC1
1910,1910,O=C([O-])c1cc(S(=O)(=O)NCCc2cnc[nH]2)cs1
1911,1911,CC(C)(C)c1c(C(=O)[O-])[nH]c(C(=O)[O-])c1Cl
1912,1912,O=C([O-])C1CC2CCCCC2N1C(=O)C1Cc2ccccc2S1
1913,1913,COC(=O)c1cccc(NC(=O)N2CCCC(NC(=O)C=Cc3ccc(OC)c(Cl)c3)C2)c1
1914,1914,Nc1c(N=Nc2ccc(Nc3ncc([N+](=O)[O-])cn3)cc2)c(S(=O)(=O)[O-])cc2cc(S(=O)(=O)[O-])c(N=Nc3ccc(Nc4ccc(S(=O)(=O)[O-])cc4)cc3)c(O)c12
1915,1915,CSc1nccc(C)n1
1916,1916,COC(=O)c1c(Cl)c(Cl)c(OCC#N)c(F)c1S(=O)(=O)C(F)(F)F
1917,1917,CC(C)COC(=O)c1c(NC(=O)c2ccc(Cl)cc2Br)sc2c1CCC(C(C)(C)C)C2
1918,1918,Cc1nc2c(cc(C)cc2c2ccc(C)o2)[nH]1
1919,1919,C=CCC12OC(C(=O)OCc3ccccc3)=CC(c3ccccc3)C1OC2=O
1920,1920,O=C(CCC(=O)N1CCSC2COCCC21)c1cccc([N+](=O)[O-])c1
1921,1921,O=C(c1cc(Br)c(Cl)s1)N1CCC(OCCO)CC1
1922,1922,CCn1c(C)c(C2CCC[NH+]2C)c2cc(F)ccc21
1923,1923,COc1ccccc1n1nc(c2ccccc2OCc2ccccc2)c2c1NCC2
1924,1924,CC(=O)OCC1=C(C(=O)OC(C)c2ccccc2)N2C(=O)C(NC(=O)COc3ccc(Cl)cc3)C2SC1
1925,1925,CCC(C)Oc1cccc(CNc2ccccc2C(=O)NC)c1
1926,1926,O=C([O-])Cc1ccc(c2ccccc2C2CCCN2C(=O)Cc2cccc(O)c2)cc1
1927,1927,CCc1cccc(OC(Br)C(Br)C(C)(C)C)c1
1928,1928,COc1ccc(CNc2nnc(SCC(=O)Nc3ccccc3C(C)C)s2)cc1
1929,1929,CC(C)c1ccc(C=NNC(=O)c2ccccc2OCCc2ccccc2)cc1
1930,1930,O=C(NCc1ccc(S(=O)(=O)N2CCCCC2)cc1)C1CCCN(S(=O)(=O)CCCc2ccccc2)C1
1931,1931,CCC(=O)N1CC(c2ccccc2)n2nc(C3CCC[NH+](Cc4cccnc4)C3)cc2C1
1932,1932,CCCc1cc(=O)oc2c3c(cc(OCC(=O)N(CC)CC)c12)OCN(c1ccccc1)C3
1933,1933,CCc1cc(F)c2nc(c3cncc(OC)c3)n(C3CCCC3)c2c1
1934,1934,CC(=O)NC1C(OCC(OC(C)=O)C(COC(C)=O)OC(C)=O)OC(COC(C)=O)C(OC(C)=O)C1OC(C)=O
1935,1935,O=C(c1cnc[nH]c1=O)N1CC[NH+](CCOc2ccccc2C(F)(F)F)CC1
1936,1936,COc1ccc(COC(=O)c2cc(N)ccc2N)c(OC)c1
1937,1937,CCC(C)C(NC(=O)C([NH3+])CO)C(=O)NC(CCC(=O)[O-])C(=O)[O-]
1938,1938,Nc1ccc(SCC(=O)Nc2cccc(N3CCCC3=O)c2)cc1
1939,1939,CCn1c(SCC(=O)N(C)Cc2ccc(Cl)cc2)nnc1c1ccc(OC)cc1
1940,1940,Cc1c(C(C)C)ccc(C=Nc2ccccc2N=Cc2cc(C(C)(C)C)cc(C(C)(C)C)c2O)c1O
1941,1941,CCCCc1noc(C2CN(C(=O)CCc3c(C)noc3C)C2)n1
1942,1942,NC(NCC1CC[NH+](C2CC2)C1)=[NH+]CC1CCC1
1943,1943,CC(C)(C[NH+]1CCC(C(=O)[O-])CC1)C(N)=O
1944,1944,C=CCOc1ccccc1C1C(C(=O)Nc2cccc(C)c2C)=C(C)Nc2nc(c3ccc(OC)c(OC)c3)nn21
1945,1945,COc1cc(NC(=O)C[NH+](C)Cc2ccoc2)ccc1N1CCCC1=O
1946,1946,COC(=O)c1ccc2cc(C(=O)NCc3c(C)nn(C)c3C)c(=O)oc2c1
1947,1947,CCOC(=O)c1cccc(NC(=O)N(CC)Cc2ccccc2C)c1
1948,1948,CC1CN(C(=O)C2CC[NH+](Cc3cccc4sccc34)CC2)CC(C)O1
1949,1949,COc1cc(Nc2nc(Nc3ccc(C)cc3)nc3c2C(=O)CCC3)cc(OC)c1OC
1950,1950,CCOC(=O)c1ccccc1S(=O)(=O)Nc1ccc2oc(c3ccc(C(C)C)cc3)nc2c1
1951,1951,CC1CC(C)CC(NS(=O)(=O)c2c[nH]c(C[NH3+])c2)C1
1952,1952,COc1ccc(Cl)cc1NC1=C(Sc2ccc(Cl)cc2)C(=O)N(c2ccccc2F)C1=O
1953,1953,CC(=O)NC1C2CC(C)(OCc3ccccc3)C(OCc3ccccc3)C2OC1(C)C(OC(C)=O)C(COC(C)=O)OC(C)=O
1954,1954,CC(C)n1c(=N)n(CCC(=O)OCC(=O)N(C)C)c2ccccc21
1955,1955,CC[NH2+]C(c1cc(C)cc(F)c1)C1CSCCO1
1956,1956,C=CCN1C(=O)c2ccc(C(=O)OCc3nnc(c4ccccc4)o3)cc2C1=O
1957,1957,CC(C)NC(=O)c1ccc(Cl)c(NC(=O)C(C)[NH+]2CCC(C(=O)NCCC(=O)Nc3ccc(C(=O)Nc4cccc(F)c4)cc3)CC2)c1
1958,1958,COc1c(C(=O)[O-])cc(Cl)cc1c1ccccc1
1959,1959,N#Cc1ccc(C(=S)CCl)cc1F
1960,1960,COC(=O)c1cc(C2C3=CCC4C(=O)N(c5ccc(F)cc5)C(=O)C4C3CC3(Cl)C(=O)N(CBr)C(=O)C23Cl)cc(Cl)c1O
1961,1961,CCCCC(CC)C(=O)Oc1ccc(C#Cc2cc(C(=O)OCC(CC)CCCC)c(O)c(C#Cc3cc(C(=O)OCC(CC)CCCC)c(O)cc3O)c2)cc1
1962,1962,COC(=O)C(C)=CCSC1=NS(=O)(=O)c2ccccc2N1
1963,1963,Cc1cc(C)n(CCC(=O)NNC(=O)c2ccccn2)n1
1964,1964,CC(=O)OC1C=CC(=O)C(OC(C)=O)C1OC(C)=O
1965,1965,O=C(NCC[NH+]1CCc2ccccc2C1)C1CCCN(S(=O)(=O)c2ccc(F)cc2)C1
1966,1966,C=CCOc1ccc(C[NH2+]CCc2ccccn2)cc1OC
1967,1967,NC(=[NH2+])Cc1ccc(OCC2CCCCC2)cc1
1968,1968,Cc1nc(CNc2cc(Cl)ccc2C#N)no1
1969,1969,CC(=O)C1=C(C)NC(=O)NC1c1cccc(OCc2ccc(Cl)cc2Cl)c1
1970,1970,CC(C)(C)C([NH3+])C(=O)Nc1ccc(Cl)cc1Cl
1971,1971,CCOC(=O)c1ccc(NC(=O)c2ccccc2SCc2c(C)noc2C)cc1
1972,1972,CCC(C)C(NC(C)=O)C(=O)NC1N=C(c2ccccc2Cl)c2cc([N+](=O)[O-])ccc2-n2cccc2C1C
1973,1973,O=C([O-])C1CN(C(=O)Nc2ccc3c(c2)OCO3)C1
1974,1974,CSC1CCC(NC(=O)NC2CCCS(=O)(=O)C2)CC1
1975,1975,COc1ccc(C(C)=NNC(=O)C(=CC=Cc2ccccc2)c2ccccc2)cc1
1976,1976,CNS(=O)(=O)c1ccc(C(=O)NCC(c2ccccc2)[NH+]2CCCC2)cc1
1977,1977,Cc1nc(=O)c(CCC(=O)NCC2([NH3+])CCOC(C)(C)C2)c(C)[nH]1
1978,1978,CC(=O)C1=C(C)N=c2sc(=Cc3cc(Br)c(Sc4ccc(Cl)cc4)o3)c(=O)n2C1c1ccc(N(C)C)cc1
1979,1979,CC(C)=CCOc1c(Br)cc(C[NH2+]C(C)C)cc1Br
1980,1980,C[NH2+]C(c1cc(C)c(C)cc1OC)C1(C)CCCC1
1981,1981,O=C1CCN(C(=O)c2cncc(N3CCCCC3)c2)CC1
1982,1982,O=c1[nH]cc(CNc2cccc(S(=O)(=O)N3CCOCC3)c2)c(=O)[nH]1
1983,1983,COCCN(Cc1ccc(OC)c(OS(=O)(=O)c2ccc(F)cc2)c1)C(C)=O
1984,1984,O=C(C1CCC1)N(CCC[NH+]1CCOCC1)c1nc2c(C(F)(F)F)cccc2s1
1985,1985,COc1ccc(c2noc(CCC(=O)NCCc3nnc(C)o3)n2)cc1
1986,1986,CCC(C)NC(=O)c1ccc(Cl)c(NC(=O)C(C)[NH+]2CCC(C(=O)N3CCCC3C(=O)Nc3cc(C(=O)N(C)C)ccc3Cl)CC2)c1
1987,1987,Cc1ccc(O)c2c1C(O)CO2
1988,1988,CC(C)Cc1nnc(NC(=O)C2CC3CCC2O3)s1
1989,1989,COC(=O)c1c(NC(=O)CN2C(=O)SC(=Cc3cc(I)c(OCc4ccccc4C)c(OC)c3)C2=O)sc2c1CCCC2
1990,1990,CC(C)N1CCC(N2CC(C[NH3+])CCC2=O)C1=O
1991,1991,Cc1cc(Cl)c(C2(C[NH3+])CCCC2)cc1C
1992,1992,CC(C)(C)S(=O)NC1CC(S(=O)(=O)c2ccccc2)CCC1NC(=O)OC(C)(C)C
1993,1993,O=C=Nc1nnnn1CC1CCCCC1
1994,1994,CC(C)(C)NS(=O)(=O)c1cccc(NC(=O)c2c3c(nc4ccccc24)CCCC3)c1
1995,1995,CS(=O)(=O)N1CCN(C(=O)C=Cc2ccco2)CC1
1996,1996,CCOc1ccc(C(C)[NH2+]Cc2cccnc2)cc1
1997,1997,COc1ccc(C([NH3+])c2coc(C)c2)cc1Br
1998,1998,CC(c1nc2ccccc2c(=O)n1c1ccc(Cl)cc1)N(Cc1ccco1)C(=O)Nc1cccc(Cl)c1
1999,1999,CCc1cccc(NC(=O)Cc2ccc(NC)cc2)c1
2000,2000,CC1CN(Cc2ccccc2OC(F)(F)F)S(=O)(=O)c2cc(C[NH3+])ccc2N1C
2001,2001,COC(=O)c1ccc(N2C(=O)C(Cl)=C(Nc3cccc(C(C)=O)c3)C2=O)cc1
2002,2002,COC(=O)N1CCN(C(=O)COC2CCCCC2)CC1
2003,2003,Cc1cc(Br)ccc1NC(=O)COc1ccc(F)c(C#N)c1
2004,2004,COC(=O)c1ccc(NCC2(C)CC[NH+](C)CC2)cc1N
2005,2005,NC(=[NH2+])c1ccccc1CN1CCC[NH+](CCO)CC1
2006,2006,COc1ccc(OC)c(CCNC(=O)C2CCc3nc[nH]c3C2)c1
2007,2007,CC(c1cccc([N+](=O)[O-])c1)N(C)C(=O)C1CC12CC[NH2+]CC2
2008,2008,COC(=O)C(C)CN(C)c1ncnc(N)c1C(C)C
2009,2009,[NH3+]C(Cc1ccsc1)Cc1cc(Br)cs1
2010,2010,Cc1cc(NC(=O)CCNC(=O)C2CC[NH+](C(C)C(=O)Nc3cc(C(=O)NC(C)C)ccc3Cl)CC2)ccc1NC(=O)c1ccccc1Cl
2011,2011,COCCNC(=O)CSc1nnc(NN=Cc2cc(OC)c(OC)cc2OC)s1
2012,2012,CC1SCCC1[NH2+]C1CC(c2ccc(Br)cc2)C1
2013,2013,CCCOCc1cc(OC)ccc1OC
2014,2014,Cc1c(Cl)cccc1NC(=O)CNC(=O)C1CC[NH+](C(C)C(=O)Nc2ccc(C(=O)Nc3ccc(F)cc3F)cc2C)CC1
2015,2015,Cn1ncc(N2CCC3(CC2)C[NH2+]CC3C(=O)Nc2ccnc(Cl)c2)c1C#N
2016,2016,C=CCNC(=O)c1ccccc1NC(=O)C(C)CC
2017,2017,C=CCCCCCC([NH3+])c1cc(C)c(Br)cc1C
2018,2018,COc1cc2c3c([nH]c2cc1Br)CCN(c1ncc(C(N)=O)c(Nc2ccc(C(=O)[O-])cc2C)n1)C3
2019,2019,CCS(=O)CCNC1CCOC2(CCC2)C1
2020,2020,FC(F)(F)c1ccccc1NCC[NH+]1CCCCC1
2021,2021,CSC1=[NH+]c2cccc3c2CN1C(=C3NC#N)[Se]
2022,2022,CC(C)(C)c1ccc(C[NH2+]CC2CCC[NH2+]C2)cc1
2023,2023,O=C(NC1CCOC2(CCOC2)C1)NC1CCC2(CC1)OCCO2
2024,2024,Cc1nc2c(n1C1CCOCC1[NH3+])CCCC2
2025,2025,COc1cc(N2CCC(OCC3CC3)CC2)nc(N)n1
2026,2026,CCC(=O)N1CCCN(C(=O)c2cc3c(F)cccc3n2C)CC1
2027,2027,Cn1cnc2c(=O)n(Cc3ccc(Cl)c(Cl)c3)cnc21
2028,2028,CC(C)[NH+]1CCN(C(=O)c2ccnc(F)c2)CC1
2029,2029,Cc1cccc2nc(N)n(CCC3CC3)c12
2030,2030,CC(C)([NH3+])CNC(=O)c1cc2ccccc2o1
2031,2031,O=C(CCCCl)N1CCN(c2ccc(Cl)cc2)CC1
2032,2032,CC(C)C(NC(=O)c1cc2ccccc2s1)C(=O)NC(C)c1ccc(C#N)cc1
2033,2033,C[NH2+]Cc1cn(c2ccccc2C(F)(F)F)nn1
2034,2034,Cc1c(CC2([NH3+])CCC2)cccc1C(=O)[O-]
2035,2035,CC(C)SCC(O)c1cc2ccccc2s1
2036,2036,COc1ccc(S(=O)(=O)Nc2ccc(Nc3ccc([N+](=O)[O-])cc3C)nn2)cc1
2037,2037,O=C(Cn1cnc2ccccc2c1=O)NC1CCOc2ccccc21
2038,2038,CC1C[NH+](Cc2ccc(CNC(=O)C(C)[NH3+])cc2)CCO1
2039,2039,COCCCNC(=O)c1ccc([N-]S(=O)(=O)c2ccc(C)c([N+](=O)[O-])c2)cc1
2040,2040,Cc1cc(=O)c(C(=O)NCc2ccsc2)nn1c1ccccc1Cl
2041,2041,COCC1CCN(C(=O)NC(C)C(C)C)C1
2042,2042,CC(C)n1cc[nH+]c1CC(NN)c1cscn1
2043,2043,CC(C)c1ccc(C=C2SC(=S)[N-]C2=O)cc1
2044,2044,COc1ccc(C=C2SC(Nc3cc4c(cc3Br)OCO4)=[NH+]C2=O)cc1
2045,2045,CC(=O)c1ccc(CCc2ccc(C#N)cc2)cc1
2046,2046,CC(C)([NH3+])c1noc(C2CN(C(=O)c3ccc(C(F)F)cc3)C2)n1
2047,2047,CCOc1cc(C(=O)Nc2nc(c3cc(C)c(C)cc3C)cs2)cc(OCC)c1OCC
2048,2048,CCCCCC(O)CCCCC(O)CCC
2049,2049,CCOC(Cn1cc(F)c(N)nc1=O)OCC
2050,2050,COc1ccc(C(=O)N(C)CC2CCC[NH2+]2)c(OC)c1
2051,2051,CC1CN(C(=O)COc2cccc(C(N)=O)c2)CC(C)[NH+]1Cc1ccc(F)cc1
2052,2052,CCc1cccc(C)c1n1c(C(C)(C)C)c[nH]c1=S
2053,2053,O=C(C=Cc1ccc(Cl)cc1)Nc1nc(CCl)cs1
2054,2054,Cc1ccc(C(C)[NH2+]C(C)c2ccc(O)cc2)cn1
2055,2055,CC(C)(C)c1ccc(S(=O)(=O)N2CCC(Oc3ncccc3Cl)CC2)cc1
2056,2056,CC(=O)OC1C(C)C2C(O[Si](C)(C)C(C)(C)C)C(CCn3cnc4c(N)ncnc43)C2(C)OC12CO2
2057,2057,COc1cc2c(cc1OC)C(c1cccs1)N(CC(=O)Nc1ccc(OCC(F)(F)F)cc1)C2=O
2058,2058,C=CCn1c(COc2cccc(C)c2)nnc1SCC(=O)Nc1sc2c(c1C(=O)OC)CCCC2
2059,2059,Cc1ccc(CNC(=O)c2cc(S(N)(=O)=O)ccc2F)cc1
2060,2060,CC(C)c1ccccc1N(CC(=O)N(Cc1ccc(Cl)cc1)C(C)C(=O)NC(C)(C)C)S(C)(=O)=O
2061,2061,CC(C)N(C(C)C)S(=O)(=O)c1ccc(C(=O)NCc2cnoc2C2CC2)cc1
2062,2062,CCOC(OCC)=C(OCC)C(=O)OP
2063,2063,O=C(Cl)c1ccc(c2ccc(OCC(F)(F)F)cc2)cc1F
2064,2064,C=CCN(C)C(=O)C1C2C(=O)N(C(CO)CC(C)C)C(C(=O)N(CC=C)CC[NH+]3CCOCC3)C23CC(C)C1(C)O3
2065,2065,CCn1ncc2c(NC3CCN(C(C)=O)C3)c(c3nnc4n3CCCC4)c[nH+]c21
2066,2066,COc1ccc(CCn2nnc(N)c2C)cc1OC
2067,2067,CCC(C)(NC(=O)c1cccc(C)c1)C(N)=S
2068,2068,CCn1ccnc(N(C)Cc2ccc(C)cc2)c1=O
2069,2069,CC(C)(C)C1CCc2c(sc3ncnc(SCc4cc5c(cc4[N+](=O)[O-])OCO5)c23)C1
2070,2070,Cc1ccc(S(=O)(=O)CCC(=O)Nc2ccc(C#N)c(Cl)c2)cc1
2071,2071,CCOC(=O)c1sc(NC(=O)CSc2ccc(NC(=O)Nc3ccccc3)cc2)nc1C
2072,2072,CC(C)c1c(Cc2ccc(c3ccccc3c3nn[n-]n3)cc2)c2c(C(N)=O)cn(C3CCN(C(=O)OC(C)(C)C)CC3)c2n1C(C=O)CCO
2073,2073,CCc1ccc(C2(C)CCc3ccccc3C2=O)cc1
2074,2074,CCCCn1c(C[NH+](CCCC)CCCC)c(c2ccccc2)nc1c1ccccc1
2075,2075,Cc1c[nH+]c(C2CCCN(C(=O)NC3CCN(c4ccccc4)CC3)C2)n1C
2076,2076,O=C(CCC1Cc2ccccc2NC1=O)NCC1C[NH2+]CCO1
2077,2077,Cc1ncsc1CCOc1cc(F)cc(C[NH2+]C(C)(C)C)c1
2078,2078,COc1nnc(C2(O)CC[NH+](CCCc3ccccc3)CC2)s1
2079,2079,CCC1CCC(C[NH3+])(C(O)c2ccc(F)cc2OC)CC1
2080,2080,CCC(C)C(C)C(=O)N1CCC(c2cc(=O)nc(Nc3ccc(C)c(Cl)c3)[nH]2)C1
2081,2081,COC(=O)C12C(c3ccccc3)OC1C(c1ccccc1)[NH2+]C(c1ccccc1)C2O
2082,2082,COCC[NH2+]Cc1c(C)nn(C)c1N1CCCC(CC(N)=O)C1
2083,2083,C[NH2+]Cc1cccc(N2CC3CCC(C2)O3)n1
2084,2084,CCCC(O)CC=C(Br)CC
2085,2085,COc1cccc(CC[NH2+]CC(O)c2ccccc2Cl)c1
2086,2086,O=C(C1CC(n2cc(C(F)(F)F)cn2)C1)N1CCC(O)(C[NH+]2CCN(c3cc(C(F)(F)F)ncn3)CC2)CC1
2087,2087,O=C(CCCc1nc(c2ccccc2)no1)OCc1cc(=O)oc2cc(O)ccc12
2088,2088,COC(=O)C(O)CSc1nc2sc(c3ccccc3)cc2c(=O)n1C
2089,2089,CCOC(=O)c1c(C=O)cc2c(c1Cl)CCC2
2090,2090,CC1CCC(N2CC3(CCCC3)[NH2+]CC2C(C)C)C1
2091,2091,[NH3+]C(CCc1cccs1)c1cc(F)c(Cl)cc1F
2092,2092,CC(C)(C)N1CC(Nc2ccn3nccc3n2)C1=O
2093,2093,COc1ccc(c2nc(C(Cl)=Cc3ccc(Cl)cc3)c(Nc3cccc(C(F)(F)F)c3)s2)cc1
2094,2094,Cc1ccc([N+](=O)[O-])cc1NC(=O)CSc1nnc(N)s1
2095,2095,Cc1nn2cc(c3ccc4c(c3)OCCO4)[nH+]c2s1
2096,2096,Cc1ccc(CN2CC(C(=O)NC(CC(=O)N(C)C)C(=O)NC(C)(C)C)CC2=O)cc1
2097,2097,CC[NH2+]C(C)CCCc1ccc(C)c(F)c1F
2098,2098,CS(=O)(=O)NCCNc1ccc(S(=O)(=O)C(F)F)cc1
2099,2099,O=C(CCCc1ccccc1)Nc1nnc(Cc2ccc(F)cc2)s1
2100,2100,COCCn1c(Sc2nc(C3CC3)nc3sc4c(c23)CCCC4)nnc1c1ccoc1C
2101,2101,COc1cc(NC(=O)COc2ccc(S(=O)(=O)NCc3ccccc3)cc2)c(OC)cc1Cl
2102,2102,C=CCc1c(N2CCOCC2)onc1c1ccccc1Cl
2103,2103,C=CCN(CCC)C(=O)c1cnn(c2ccc(Br)cc2)c1C(F)(F)F
2104,2104,O=C(NC(c1ccccc1)c1ccc2nc[nH]c2c1)c1cccc(S(=O)(=O)N2CCCC2)c1
2105,2105,O=C([O-])C1CCC(COc2ccc(c3ncc(F)cc3Cl)cc2)O1
2106,2106,CCc1ccc(C(Br)c2ccc(Cl)cc2F)cc1
2107,2107,COC(=O)c1cc(Oc2ccc(CO)cc2)c([N+](=O)[O-])cc1F
2108,2108,O=C(NCc1ccc(c2ccn[nH]2)cc1)c1cc[nH]c(=O)c1
2109,2109,C=CCn1c(SC(C)C(=O)NCCOC)nnc1c1ccccc1OC
2110,2110,C=CCC(CC(=O)[O-])NC(=O)C1=CC=CC=C1
2111,2111,COC(=O)c1sccc1NC(=O)COC(C)(C)C
2112,2112,COc1ccc(C(C)[NH2+]CC(=O)N2CCCC2C(=O)N(C)C)c(OC)c1OC
2113,2113,CCOc1ccc(C2=C(Nc3ccccc3OC)C(=O)N(c3ccc(C#N)cc3)C2=O)cc1
2114,2114,Cc1[nH+]cc(C[NH2+]C2CCOC(C)C2)n1C
2115,2115,C=Cc1ccc(N(c2cccc(c3ccccc3)c2)c2cc(c3cccc4ccccc43)c3ccc4c(c5ccc(N(c6ccc(N(c7ccccc7)c7ccc(N(c8ccccc8)c8ccc(C)cc8)cc7)cc6)c6ccc(C=C)cc6)cc5)cc(N(c5ccc(N(c6ccccc6)c6ccc(N(c7ccccc7)c7ccc(C)cc7)cc6)cc5)c5ccc(c6ccccc6)cc5)c5ccc2c3c54)cc1
2116,2116,CC(C)(CC1CCOCC1)[NH2+]Cc1ccc2c(c1)OCCCO2
2117,2117,O=C(Nc1cc([N+](=O)[O-])c(F)cc1F)C1C[NH2+]C1
2118,2118,CC(=O)c1ccc(N2CC[NH+](CC(=O)c3ccccc3)CC2)cc1
2119,2119,CC1C2CC(F)CC2CN1C(=O)NC1CC(C)(C)C2CCC1O2
2120,2120,COc1ccc(C=CC=NOC(=O)c2ccc(c3ccccc3)cc2)cc1O
2121,2121,CC(C)CC([NH3+])C(=O)N(C)Cc1cscn1
2122,2122,O=C(COc1ccc(Cl)cc1Br)NNC(=O)C1CCC1
2123,2123,Cc1cc(C(=O)CCl)c(C)n1c1nnc(NC2CC2)s1
2124,2124,Cc1cc(Cl)ccc1C([NH3+])c1ccncc1
2125,2125,CCc1ccc(C(=O)Cc2ccncc2Cl)cc1
2126,2126,COc1ccc(N2C(=O)C(=O)C(=C([O-])c3cccc(OC(C)C)c3)C2c2cccc(C)c2)cc1
2127,2127,CC(=O)N(CCC(=O)Nc1cccc(C#N)c1)Cc1ccncc1
2128,2128,O=C(CCn1ccc2ccccc21)NCC1CCN(S(=O)(=O)c2ccccc2)CC1
2129,2129,CC(C)Cn1ncc(Br)c1C(O)c1cc(Br)ccc1Cl
2130,2130,C=C(COCC(C)OC(=O)CSC1CC(=O)N(c2ccc(OC)c(OC)c2)C1)C(=O)OC
2131,2131,CCOc1ccc(C(C)[NH3+])cc1C[NH+]1CCOCC1(C)C
2132,2132,COC(=O)c1ccc(NC(=O)Nc2ccc3cc(C(C)NC(=O)c4cccn4C)ccc3c2)cc1
2133,2133,O=C1CC2(CCC(CNc3ccc([N+](=O)[O-])c(Cl)c3)CC2)Oc2ccccc21
2134,2134,COc1c(C)cc(C)cc1C(C)[NH2+]C1CC1
2135,2135,C[NH2+]C(Cc1csc2ccccc12)C(OC)C1CC1
2136,2136,CC(C)(C)C1CCC2(CC1)NC(=O)N(CC(=O)OCC(=O)Nc1cccc(Br)c1)C2=O
2137,2137,CC(=O)NC1CCN(C(=O)NC2CCN(c3nccs3)CC2)CC1
2138,2138,CSc1ccccc1NC(=O)CN1C(=O)c2ccc([N+](=O)[O-])cc2C1=O
2139,2139,CSc1ccnc2c(I)cccc12
2140,2140,CCCCOC(=O)CN1C(=O)NC(C)(CCC(C)C)C1=O
2141,2141,CC(C)(C)c1ccc(Oc2ccc(N)cc2Br)cc1
2142,2142,CC(C)c1nc(=O)cc(NC(C)(C)CC[NH3+])[nH]1
2143,2143,CC(C)(C)NC(=O)N1CCc2ccccc2CC1C(=O)[O-]
2144,2144,CCC1CCCCN1S(=O)(=O)c1ccc(C(=O)Nc2nnc(c3ccoc3C)o2)cc1
2145,2145,O=C(NCCCc1nnc2ccccn12)Nc1ccccc1
2146,2146,COCCCNC(=O)Cn1cc(C[NH3+])cn1
2147,2147,COc1ccccc1CCNS(=O)(=O)c1cccc(C(=O)[O-])c1
2148,2148,COc1ccc(C(=O)n2c(=S)[nH]c3cc(C(=O)Nc4cccc(NC(=O)c5ccc(N)cc5)c4)ccc32)cc1
2149,2149,CCC(C)C(NC(=O)C(Cc1ccccc1)NC(=O)C([NH3+])CCC(=O)[O-])C(=O)NC(CCC(N)=O)C(=O)[O-]
2150,2150,COC(=O)CCCCN1CCCc2ccccc2C1=O
2151,2151,Fc1ccc(c2nc(Cl)c3cc(Br)sc3n2)cc1
2152,2152,Cc1cc(C)c(C(O)C2CCCC2(C)C)s1
2153,2153,COc1ccc(c2noc3c4ccccc4nc(c4ccccc4)c32)cc1
2154,2154,C[NH2+]C(Cc1ccc(I)c(Cl)c1)c1snnc1C(C)C
2155,2155,CC(Sc1nnc(c2ccc(Cl)cc2)n1N)C(=O)Nc1nc(c2ccc(Cl)c(Cl)c2)cs1
2156,2156,CCn1c(SCC(=O)NC2CCCC2)nnc1c1ccc(OC)c(OC)c1
2157,2157,C=C(N=C(C)C)c1nonc1NC(=C)c1ccoc1
2158,2158,O=C1NC(=Cc2cc(Br)c([O-])c(Br)c2)C(=O)N1Cc1ccc(Cl)cc1
2159,2159,Cc1nc(Nc2ccccc2)cc(Nc2ccc(S(N)(=O)=O)cc2)n1
2160,2160,COc1cc(OC)cc(C(=O)N(CCC(=O)[O-])Cc2cccc(C(F)(F)F)c2)c1
2161,2161,CC(=NNC(=O)Cc1ccccc1)c1cccc(C(C)=Nc2ccccc2)c1O
2162,2162,O=C(NCC1CCC(C(=O)[O-])CC1)c1ccncc1F
2163,2163,CCc1ccc(OCCC2([NH3+])CC2)c([N+](=O)[O-])c1
2164,2164,CCCc1cc(C(=O)Cc2cc(CC)cc(CCC)c2O)c(O)c(C(C)(C)C)c1
2165,2165,O=S1(=O)CCC(NC2CCc3cc(F)ccc32)C1
2166,2166,FC(F)(C(F)F)C(F)(F)I
2167,2167,O=C(c1cnc(N2CCOCC2)nc1)N1CCCC(C(=O)N2CCOCC2)C1
2168,2168,CN(C(=O)NC1(C(=O)[O-])CCOC1C)C1CCC1
2169,2169,Cc1cc(C(=O)COC(=O)CNC(=O)COc2c(C)cccc2C)c(C)n1Cc1ccco1
2170,2170,O=C1Cc2ccc(C(=O)Nc3ccccc3Sc3ccc(Cl)cc3)cc2N1
2171,2171,COc1ccc(c2nc(c3cccc([N+](=O)[O-])c3)sc2C(=O)Nc2ccc(OC)cc2)cc1
2172,2172,C=CC(CNC(=O)N1CCCC(O)C1)OC
2173,2173,CC(C)CN(C(=O)C1(C#N)CCC1)C1CCS(=O)(=O)C1
2174,2174,O=C(OCC1c2ccccc2-c2ccccc21)N(CCCNC(=S)c1ccccc1)CCO
2175,2175,CC1=NN(c2ccc(Cl)cc2)C(=O)C1=Cc1ccc(OCc2ccccc2C#N)cc1
2176,2176,Cc1ccc(S(=O)(=O)N2CCCC2)cc1C(=O)OCC(=O)c1ccc(Br)cc1
2177,2177,C=C(C)C[NH+]=C(NCCc1ccco1)NCCc1c(C)nn(C)c1C
2178,2178,CC1Cc2ccccc2N1C(=O)C[NH+]1CCN(c2cnn(c3ccccc3)c(=O)c2Cl)CC1
2179,2179,Cc1ccc(C2=CC(=S)C([N+](=O)[O-])=CC(c3ccccc3)=N2)cc1
2180,2180,O=C(CNC(=O)c1ccccc1)Nc1cc(S(=O)(=O)N2CCCCC2)ccc1F
2181,2181,CCCCCCOC(CCC=CCC(O)CO)(OCCCCCC)C(=O)OCCCCCC
2182,2182,CCCCNC(=O)c1cc(OC)c(O)c(OC)c1
2183,2183,CC1CCN(c2nc3c(s2)c(=O)n(C)c(=O)n3C)CC1
2184,2184,CCC(C)NC(=O)CCNC(=O)c1cn[nH]c1C
2185,2185,CC(=O)Nc1cccc(NC2=C(Cl)C(=O)N(c3ccccc3OC(C)C)C2=O)c1
2186,2186,Cc1cc(F)c(Br)cc1NCc1c(Cl)c(CC)nn1C
2187,2187,CCCc1cc(SCC(=O)Nc2ccccc2SCC)n2nccc2n1
2188,2188,Cc1cc(Cl)ccc1C(=O)NNC(=O)c1[nH+]c(c2ccccc2)cn1C
2189,2189,O=S1(=O)CCC(C[NH+]2CCC(c3cc(F)cc(F)c3)CC2)CC1
2190,2190,COCCOc1cccc(C2=C(O)C(=O)N(c3cc(Cl)ccc3OC)C2c2cccc(Cl)c2Cl)c1
2191,2191,CCCCCCn1c(C)nc2c(C)nn(Cc3ccccc3)c2c1=O
2192,2192,COCCn1c(=NC(=O)c2ccc(S(=O)(=O)N3CCC(C)CC3)cc2)sc2ccc([N+](=O)[O-])cc21
2193,2193,COc1ccc(C)cc1NC(=O)COC(=O)c1ccc([N+](=O)[O-])o1
2194,2194,O=C(c1ccccc1OCc1cscn1)c1ccccc1
2195,2195,COc1cc2c(cc1OC)C(c1cccs1)N(C(=O)C[NH+]1CC(C)CCC1C)CC2
2196,2196,CC(C)N1CC(=O)N(CC[NH3+])C(=O)C1
2197,2197,CCCc1nc(NN)cc(NCC[NH+](C)C2CC2)n1
2198,2198,O=C(OC1COC2C(OS(=O)(=O)[O-])COC12)c1ccccc1
2199,2199,[NH3+]C1(CC(=O)Nc2ncc[nH]2)CCC1
2200,2200,N#Cc1cc(Br)c(OCc2cc(Br)ccn2)c(Br)c1
2201,2201,Cn1cc(c2cncc(C3C[NH2+]C3)c2)cn1
2202,2202,C=CC(=O)NCCCC[NH+]=C(N)N
2203,2203,CC(C)(CCc1ccccc1)NC(=O)c1ccccc1n1cnnn1
2204,2204,CCc1cc(CCl)cc2scc(F)c12
2205,2205,CCCCCCc1ccc2c(c1)sc1nc(c3ccccc3)[nH]c12
2206,2206,C=CC(=O)OC1(C(F)(F)F)CCC=C(C)C=C1
2207,2207,CC(C)(CC1CCCCCN1C(=O)OC(C)(C)C)C(=O)[O-]
2208,2208,Cc1cc(Br)cnc1N1CCCC(C(C)O)C1
2209,2209,Cc1cc(N2CCOCC2)ccc1NC(=O)c1ccc(Cn2cncn2)cc1
2210,2210,CCC(C)NC(=O)c1cc(NC(=O)C[NH+]2CCC(C(=O)NC(C)C(=O)Nc3c(C)cccc3C(=O)N(C)C)CC2)ccc1Cl
2211,2211,Cc1ncccc1C(=O)NCc1nc(C(=O)[O-])cs1
2212,2212,CCOC(=O)CNC(=O)COCC(=O)NCc1ccccc1
2213,2213,CCOc1cccc2cc(C(C)NC(=O)Cn3ncc(=O)c4ccccc43)oc12
2214,2214,C[NH2+]C(CN(C)C(C)C)c1cc(OC)cs1
2215,2215,CC(=O)Nc1cc(NC(=O)C(C)NC(=O)C2CC[NH+](CC(=O)Nc3ccc(Cl)c(C(=O)N4CCC(C)CC4)c3)CC2)ccc1C
2216,2216,CC1CCN(c2cc(c3c[nH]c(=O)c4ccccc43)ncn2)C1
2217,2217,CCOC(=O)c1cccc(Oc2cncc(C#CCCl)c2)c1
2218,2218,CC(C)NC(=O)c1cn2cc(c3ccoc3)nc(NCCc3cccs3)c2c1
2219,2219,CCCCCC(CC)(C[NH3+])N1CC(C)Cc2ccccc21
2220,2220,COc1nc(OC)nc(N2CCOCC3(CCOCC3)C2)n1
2221,2221,COCC(O)CN1NC(C(C)C)=[NH+]CC1(C)c1cccc(C(F)(F)F)c1
2222,2222,CCOc1ccc(C=NNC(=O)C(=O)Nc2ccc(CC#N)cc2)cc1OC
2223,2223,Cc1ccc(C2[NH2+]CCc3ccccc32)c(C)c1
2224,2224,CSc1ccc(S(=O)(=O)N(CC(=O)NN=Cc2ccccc2C)c2ccc(C)cc2)cc1
2225,2225,O=C(CC1SC(N2CCc3ccccc32)=[NH+]C1=O)Nc1ccc(F)cc1F
2226,2226,[NH3+]CCCCC(=O)Nc1ccc(c2nc3ccc(C(=O)NCc4ccccc4)cc3n2CCc2ccccc2)cc1
2227,2227,N#Cc1cc(C(=O)N2CCC3(CCC3)S(=O)(=O)CC2)ccc1F
2228,2228,CC(=O)c1ccc(S(=O)(=O)N2CCN(c3cccc(C(F)(F)F)c3)CC2)cc1
2229,2229,CC1CN(C(=O)C2(C)CC[NH2+]CC2)CCO1
2230,2230,COC(=O)C1(NC(=O)CNC(=O)c2ccc(OC)cc2)CCCCCC1
2231,2231,O=C(Cc1ccsc1)N(Cc1ccccc1)C(C(=O)NCc1ccccc1)c1cccs1
2232,2232,O=C1OC(c2cccc(Cl)c2)=NC1=Cc1ccccc1OCc1ccccc1Br
2233,2233,COC(=O)c1ccc(c2ccc(C=C(C#N)C(=O)Nc3ccc(C(=O)OCC(C)C)cc3)o2)cc1
2234,2234,CC(C)N1CC=CC23OC4C=CCN(Cn6nnc7ccccc76)C(=O)C4C2C(=O)N(C(CO)C(C)O)C3C1=O
2235,2235,Cc1nc(C)c(c2[nH]c(CC(=O)[O-])c[nH+]2)s1
2236,2236,CC(C)(CBr)CNC(=O)c1cccc(Cl)c1Cl
2237,2237,O=C1Cc2ccc(OC(=O)C=Cc3ccccc3)cc2N1
2238,2238,CCc1cc(CC([NH3+])c2cc(Cl)ccc2Cl)n(C)n1
2239,2239,CCc1cnc(N2CCC(C(=O)N3CCC(Oc4ncccn4)CC3)CC2)s1
2240,2240,CC1CCCCC1Nc1ccnc(NC2CCCC2)n1
2241,2241,COc1ccc(SCC(=O)N2CCc3c(cccc3NC(=O)Nc3ccc(Cl)c(C)c3)C2)cc1
2242,2242,O=C([O-])Cn1cc(C=C2C=C(c3cccs3)N(c3cccc(Cl)c3)C2=O)c2ccccc21
2243,2243,Cc1c(C(=O)Nc2cc(N)ccc2Cl)cccc1[N+](=O)[O-]
2244,2244,CC(NC(=O)NC1CC2(CCC2)Oc2ccccc21)c1nncn1C
2245,2245,C[NH2+]Cc1ccccc1NC(=O)c1cc(c2ccccc2)on1
2246,2246,C[NH2+]C(c1cccc(Cl)c1)c1cc(Br)c(C)cc1OC
2247,2247,COc1ccc(C=NOCC[NH+](C)C)cc1N
2248,2248,COC(=O)c1ccc(C=NNC(=O)CN(CCc2ccccc2)S(=O)(=O)c2ccccc2)o1
2249,2249,CC(C)CC(NC(=O)NC1CCC(=O)NC1=O)C(=O)[O-]
2250,2250,Fc1cc(Oc2ccc(CCl)cc2Cl)ncn1
2251,2251,CC(C)(C)C(O)CC1CCSCC1
2252,2252,CC(Cl)Oc1ccccc1OC(F)F
2253,2253,[NH3+]CCNC(=O)C1CC(=O)N(c2ccccc2OC(F)(F)F)C1
2254,2254,O=C(Nc1cccc(n2cnnn2)c1)c1cc(Cl)ccc1I
2255,2255,N#CC(=Cc1ccc(OCc2ccc(Cl)c(Cl)c2)c(Cl)c1)C(=O)Nc1ccc(Br)cc1
2256,2256,CC(=O)Nc1ccc2nc(NC(=O)CCCOc3ccc(Cl)cc3Cl)sc2c1
2257,2257,CCCCCC(=O)Nc1nccc(C)c1C(=O)[O-]
2258,2258,Cc1cc(C)c(C)c(S(=O)(=O)NCCc2cccc(n3cncn3)c2)c1C
2259,2259,CCC(C)c1ccccc1OCC(=O)Nc1sc2c(c1C(=O)OC)CCCC2
2260,2260,COC(=O)c1ccccc1NC(N)=[NH+]Cc1cccc(Cn2cccn2)c1
2261,2261,C=C(C[NH2+]C(C)(C)C)C[NH+]1CCN(C)C(C)(C)C1
2262,2262,COCC[NH2+]Cc1ccc(F)c(C2(C)COC2)c1
2263,2263,COc1ccccc1NC(=S)Nc1cc(S(=O)(=O)N2CCCCC2)ccc1C
2264,2264,CC(C)(C)OC(=O)CN=Cc1c(Cl)ccc2ccccc12
2265,2265,Cc1cc(S(=O)(=O)N2CCS(=O)C(C)C2)sc1C
2266,2266,N#Cc1ccc2c(c1)[nH]c1ncc(C(F)(F)F)cc12
2267,2267,COC(=O)c1ccccc1NC(=O)C(C#N)=CNc1cccc(Cl)c1Cl
2268,2268,COc1ccc(C=C(C#N)C(=O)Nc2ccccc2Br)cc1
2269,2269,CC1CCC(N(C)C(=O)CCCl)C(C)C1
2270,2270,CC(C)(C)S(=O)(=O)C1CC([NH2+]Cc2cc([N+](=O)[O-])ccc2F)C1
2271,2271,CC(=O)Nc1ccccc1C[NH2+]CCOc1cccc(C(F)(F)F)c1
2272,2272,Fc1ccc(COc2c(Cl)cc(Cl)cc2CBr)cc1Cl
2273,2273,C=CCOc1ccc(C2c3c(oc4ccccc4c3=O)C(=O)N2CCc2ccccc2)cc1OC
2274,2274,C=CCNC(=O)C(C)Nc1[nH+]c(C)cn1CC
2275,2275,Cc1cc(CCC(=O)NC2CCCCC2)ccc1OCC(F)(F)F
2276,2276,Cc1cc(C(=O)N2CCCC(C)C2)ccc1NC(=O)C[NH+]1CCC(C(=O)NC(C)C(=O)Nc2ccc(Cl)cc2C(=O)NC(C)C)CC1
2277,2277,CSCCC(NC(=O)C(C)NC(=O)C(CCC[NH+]=C(N)N)NC(=O)C(NC(=O)C(CC(C)C)NC(=O)C(CCC(N)=O)NC(=O)C1CCCN1C(=O)C(CCC(N)=O)NC(=O)C1CCCN1C(=O)C(CCC(N)=O)NC(=O)C([NH3+])C(C)O)C(C)C)C(=O)[O-]
2278,2278,COc1ccc2c(c1)c(Cc1nnc(C)n1C)c(C)n2Cc1ccncc1
2279,2279,O=c1cc(CSc2nnc(N3CCCC3)n2C2CC2)nc2ccccn12
2280,2280,Cn1cnc2c(c1=O)CC(C(=O)N1CCc3ccccc3C1)CC2
2281,2281,Cc1nnc(SCC(=O)N(Cc2ccccc2)Cc2ccccn2)s1
2282,2282,CCc1ccc(CNc2cc(c3ccc(CC)cc3)nc(C)n2)cc1
2283,2283,COc1ccc(c2cncc(C3=CCN(C(=O)Cc4ccc(F)cc4)CC3)n2)cn1
2284,2284,Cc1cc(NC(=O)c2cccc(N3CCc4ccccc4C3)c2)n(C2CCCC2)n1
2285,2285,COC(=O)c1cc(C(=O)[O-])cc(Br)c1Oc1cc(Br)ccc1C
2286,2286,CCOc1nonc1C(NO)=[NH+]C
2287,2287,CC1CCC[NH+](C(C)(C)CNC(=O)N2CCCC([NH+](C)CC(=O)[O-])CC2)C1
2288,2288,O=C(c1cccnc1Oc1ccccc1)N(Cc1ccc(C(F)(F)F)cc1)C1CCS(=O)(=O)C1
2289,2289,Cn1ccc(NC(=O)N2CCS(=O)(=O)C3CCCCC32)n1
2290,2290,CC(C)(C)c1ccc(OCc2ccc(C(=O)NCCCn3nccc3COc3ccccc3)cc2)cc1
2291,2291,O=C(CNC(=O)C12CC3CC(CC(C3)C1)C2)OCc1ccc(c2ccccc2)cc1
2292,2292,O=C(NCC1(c2ccccc2)CC1)c1cc(c2ccc(F)cc2)nc2ccccc12
2293,2293,N#CC(C(=O)c1ccc2c(c1)OCCCO2)c1ccc(Br)s1
2294,2294,CCC(C)Sc1ccc(C(C)[NH2+]C)cc1
2295,2295,Cc1c(S(=O)(=O)N2CCC(C(=O)N3CCCC3)CC2)cnn1C
2296,2296,COc1ccc(C[NH2+]CCNc2ccccc2[N+](=O)[O-])cc1Br
2297,2297,Cc1c(Cl)cccc1NC(=O)COC(=O)c1cccc(S(=O)(=O)N2CCCCC2)c1
2298,2298,COc1c(C(F)(F)F)cccc1c1nc(Cl)c2c(C)c(C)sc2n1
2299,2299,CC1CCCC([NH2+]Cc2ccc(OC(F)F)cc2)C1
2300,2300,CC(C)(C)C1=C(C(C)(C)C)NC(C(C)(C)C)C1(C)C
2301,2301,COc1ccc(CN2C(=O)N(c3cccnc3)C(=O)C23CCN(C(=O)c2ccco2)CC3)cc1
2302,2302,COc1ccc(CCNc2nc(NCc3ccc(F)cc3)nc(NCc3ccccc3C)n2)cc1OC
2303,2303,CCC1(CC)Oc2cc(N)ccc2N(CC[NH+](C)C)C1=O
2304,2304,Nc1[nH]nc2nc(SCC(=O)N3CCN(c4cccc(Cl)c4)CC3)nc(c3ccco3)c12
2305,2305,CCn1cc(COc2nc(Cl)nc(Cl)n2)cn1
2306,2306,COC(=O)c1ccc([N-]S(=O)(=O)c2ccc(N3C(=O)c4ccc(C(=O)c5ccc(C(=O)c6ccc(C(C)=O)cc6)s5)cc4C3=O)cc2)cc1
2307,2307,O=C([O-])C(O)COc1ccc(Cl)cc1C(=O)[O-]
2308,2308,Cc1ccc(CN(C)C(=O)c2nnn(c3ccc4ccccc4c3)c2N)s1
2309,2309,N#CC1(C#N)C2C=CC1(c1ccccc1)c1c(C3=C[NH2+]CC=C3)c3ccccc3n12
2310,2310,CCCc1nc2c(C)cc(Br)cn2c1C(=O)Nc1cccc(C)c1
2311,2311,Cc1ccc(c2csc(NC(=O)CSc3nnc(c4cccnc4)n3Cc3ccccc3)n2)cc1C
2312,2312,COc1ccc(Cl)cc1NC(=O)C1CCC(=O)N1c1ccccc1C
2313,2313,CCOC(=O)c1cnn2c1nccc2c1cccc(OC)c1
2314,2314,O=C(Nc1cc(Br)cnc1Cl)N1CCCCCC1
2315,2315,Cc1ccc(C(C)C)c(Oc2ccc(S(=O)(=O)Cl)cc2Cl)c1
2316,2316,CCCCOC(=O)CSc1nnc(CNC(=O)Cc2ccccc2)o1
2317,2317,O=CNc1c(c2ccc3ccccc3c2)nc2n1C1CCC2CC1
2318,2318,COCCN(C1CC1)S(=O)(=O)c1c(N)nc2sccn12
2319,2319,O=C1CCC(=O)N1c1ccc(C(F)(F)F)cc1NCC1CCC[NH2+]C1
2320,2320,CC1CCCc2nnc(CNC(=O)NCC3(O)CCC3)n21
2321,2321,CC[NH2+]C(C)(C)c1noc(Cc2ccccn2)n1
2322,2322,COC(=O)Nc1cc(CSC2CC[NH2+]CC2)ccc1OC(C)C
2323,2323,CC1CCC(CNC(=O)N2CCCC3(CC3)C2)C1
2324,2324,COc1ccc(NC(=O)Cc2noc3cc(OC)c(Br)cc23)c(OC)c1
2325,2325,CCCCCCCc1ccccc1N=c1sc2cc(S(=O)(=O)N3CCCC3CO)ccc2n1CC
2326,2326,C=C(C)COCCNc1nccs1
2327,2327,CCCC[NH2+]CC(=O)NC(C)c1nc2ccccc2n1CC
2328,2328,CC(=O)c1ccc2nccc(c3ccc(OCc4ccccc4)cc3)c2c1
2329,2329,CC(C)C(C=O)NP1(C)=NP(N)(=S)=NP(Cl)(=S)=NP(Cl)(Cl)=N1
2330,2330,CCC(C)NC(=O)c1ccc(C)c(NC(=O)C(C)[NH+]2CCC(C(=O)NCCC(=O)Nc3cc(Cl)ccc3C(=O)NC3CCCC3)CC2)c1
2331,2331,O=S(CC(F)(F)F)Oc1ccc(C=NNc2ccccc2)cc1
2332,2332,Cc1c(C(=O)N(CC(C)C)C2CCS(=O)(=O)C2)sc2ncn(C)c(=O)c12
2333,2333,[NH3+]C1CCC(C[NH3+])(N2CCc3cccnc32)CC1
2334,2334,C=CCN(CC=C)S(=O)(=O)c1ccc(C(=O)NC(C)c2ccc3c(c2)OCCO3)cc1
2335,2335,CSC1(CNc2ccc(C#N)c(C)c2)CCC1
2336,2336,Cc1ccc(C=C2SC(=O)N(c3ccccc3)C2=O)cc1
2337,2337,C[NH2+]Cc1ccc(O)c(C(=O)NC2CCCCCC2)c1
2338,2338,Cc1ccc(Br)cc1Nc1ncnc(NN)c1[N+](=O)[O-]
2339,2339,CCc1cc2c(=O)n(Cc3ccccc3)c(=O)n(Cc3ccccc3)c2s1
2340,2340,COc1ccc(CCNC(=O)C(=O)NCC(C)(O)c2ccccc2F)cc1
2341,2341,CC(=O)c1ccc(c2nc3cc(c4ccnc(NC(=O)c5ccncc5)c4)ccc3n2Cc2ccc(c3nnc(c4ccc5c(c4)OCO5)o3)cc2)cc1
2342,2342,NC(N)=[NH+]CCCC(NC(=O)C1CCCN1C(=O)C([NH3+])CCC(=O)[O-])C(=O)NC(CCC[NH+]=C(N)N)C(=O)[O-]
2343,2343,C[NH2+]C(C)c1nnc(Nc2ccccc2[N+](=O)[O-])o1
2344,2344,C=C(C[NH2+]C1CC1)CN1C(=O)CN(C)C1=O
2345,2345,COc1ccc(OCc2cccc(CBr)c2)c(C(C)(C)C)c1
2346,2346,O=C1CC2CC1C(C(=O)N1CCSCC1c1ccccc1)C2
2347,2347,O=C([O-])N1CCC(O)C(n2cnc(c3ccc(F)cc3)n2)C1
2348,2348,O=Cc1ccc(N2C=CC(c3ccccc3)(c3ccccc3)[NH2+]2)cc1
2349,2349,NC(=[NH2+])c1ccc(OCC(=O)N2CCCCCC2)cc1
2350,2350,CCCC(CCC)C(=O)Nc1cncc(Cl)n1
2351,2351,Cc1nc2c(c(=O)n1C)CCN(C(=O)CC1NC(=O)N(C)C1=O)C2
2352,2352,Cc1ccc(C[NH+]2CCC3(CCC(=O)N(CC(N)=O)C3)C2)cc1
2353,2353,Cc1ccc(OCCOC(=O)c2cccc(N)c2)cc1C
2354,2354,CC(=O)NCC(=O)N(C)Cc1ccccc1OCC(F)(F)F
2355,2355,CC(C)C(C(=O)N1CCCC1c1[nH]c(c2ccc3c(c2)OC(F)(F)O3)c[nH+]1)c1ccccc1
2356,2356,CC[NH2+]Cc1cccc(Oc2ccc(C)cc2[N+](=O)[O-])c1
2357,2357,COC(=O)c1c(CBr)sc2c(C(F)(F)F)cccc12
2358,2358,COC(=O)c1ccc2nc(C[NH+]3CCN(C(=O)COc4cccc(C)c4F)CC3)[nH]c2c1
2359,2359,COC(=O)C(C)N1C(=O)C2(C(=Nc3ccc(C)cc3)N=C(C)S2)c2ccccc21
2360,2360,C[NH2+]C(CC(C)C)c1ccc([N+](=O)[O-])o1
2361,2361,COC(=O)C(O)c1cc(Br)c2c(c1)OCO2
2362,2362,O=C(Nc1cc(=O)[nH]c(=O)n1CCC1=CCCCC1)c1cc(C(F)(F)F)cc(C(F)(F)F)c1
2363,2363,O=C1NC2(CCCCC2)C(=O)N1CC1CCS(=O)(=O)C1
2364,2364,CC(C)N1CCN(C(C[NH3+])CC(=O)Nc2ccccc2)CC1
2365,2365,COC(C)(C)CCC1(CCl)CC1
2366,2366,CCCCN1C(=O)C(O)=C(C(=O)c2cc3cc(Cl)ccc3o2)C1c1cccc(O)c1
2367,2367,COC(=O)c1c(N)nsc1NCC1CCOCC1
2368,2368,CC(C)C[NH2+]Cc1nnc(C2C3C4CCC(C4)C23)o1
2369,2369,C=CCOc1c(CC=C)cc(C#N)cc1CC=C
2370,2370,COc1c(F)c(F)cc(Cn2c(=O)[nH]c3cc(F)ccc32)c1F
2371,2371,CCS(=O)(=O)Nc1ccc(C[NH+]2CCCN(C)C(=O)C2)cc1
2372,2372,Cc1ccc2c(c1)-c1[nH]nc(NC(=O)c3c(Cl)cccc3Cl)c1CO2
2373,2373,C=CCN1C(=O)C(CC(=O)Nc2cc(C)ccc2C)SC1=[NH+]c1cccc(C)c1
2374,2374,CC1CCCCC1(O)Cc1cnco1
2375,2375,CC(C)Sc1nnc(SCC(=O)N(C)Cc2ccc(C(C)C)cc2)s1
2376,2376,Cc1cc(NS(=O)(=O)c2cccc(Br)c2)ccc1C(=O)OCCOc1ccccc1
2377,2377,COC(=O)c1ccc([N-]S(=O)(=O)c2ccc(C(=O)OC)cc2)cc1
2378,2378,COc1c(C)cc2c(c1O)C13CC[NH+](C)C(C2)C1(O)CC3
2379,2379,CCOc1c([O-])c(=O)c1=O
2380,2380,CCCCCCCOC(=O)C1=Cc2cc(Br)ccc2OC1
2381,2381,COc1ccc(C(C)NC(=O)c2ccccc2[N+](=O)[O-])cc1
2382,2382,COc1ccc(c2noc(CCC(=O)N(C)C3(C#N)CCC3)n2)cc1
2383,2383,Cc1ccc(Oc2cccc(C(N)=S)c2)c(F)c1
2384,2384,C[NH2+]CC1CCN(C(=O)c2oc3ccccc3c2C)CC1
2385,2385,N#CC(C#N)=Cc1ccc(OCC(=O)c2ccc([N+](=O)[O-])cc2)cc1
2386,2386,O=C1C=C(n2c(CO)n[nH]c2=S)CC1
2387,2387,CN(CC(=O)Nc1ccccc1Cl)c1ncccn1
2388,2388,CC(C)c1nc2c(c(c3ccnc(C#N)c3)c1CO)CCCCC2
2389,2389,Nc1cc(F)ccc1C(=O)NCC1(C2CC2)CC1
2390,2390,Cc1cc(Cl)ccc1S(=O)(=O)N1CCCC(C[NH2+]C(C)C)C1
2391,2391,O=C(c1cn(CCNc2ncnc3cc(OCCC[NH+]4CCCCC4)ccc23)cn1)N1CCCC(O)C1
2392,2392,Cc1ccc2c(c1)-c1c3cc(C)cc(C)c3oc1CC2
2393,2393,CCn1c(C2CCN(c3ncccc3Cl)CC2)nn(Cc2ccccc2)c1=S
2394,2394,COc1ccc(CNC(=O)N2CCCC(C(=O)[O-])C2)cc1F
2395,2395,COCCCOCCOc1ccc(C[NH3+])cc1OC
2396,2396,CC(C)NC(=O)C(=O)NN=Cc1ccc(O)c(I)c1
2397,2397,CSC1(C[NH2+]C2CCCCC2C)CCCCC1
2398,2398,CCCCCC(CC)COP(O)(O)=S
2399,2399,Nc1ccc(C[NH+](CCO)Cc2ccccc2)cc1
2400,2400,Nc1ccc(NCC[NH+]2CCSCC2)c2ccncc12
2401,2401,FC(F)(F)c1ccc(c2[nH]ncc2c2ccnc(c3nn[n-]n3)c2)cc1
2402,2402,O=C(C1C[NH2+]CCO1)N1CCN(c2ccc([N+](=O)[O-])cc2)CC1
2403,2403,Cc1nc(NCC[NH+](C)C)cc(N2CCN(C(=O)c3ccc(Cl)cc3)CC2)n1
2404,2404,CC(C)CC(C(=O)OC(C)(C)C)C(=O)NCCC(=O)[O-]
2405,2405,COc1ccccc1C([O-])=C1C(=O)C(=O)N(c2cccc(C(=O)OC)c2)C1c1ccc(O)c(O)c1
2406,2406,Cc1cc(Br)c(NC(=O)CN2C(=O)c3cccc([N+](=O)[O-])c3C2=O)cc1C
2407,2407,CNS(=O)(=O)Nc1ccc(N(C)C)c(C(=O)NC(C)C)c1
2408,2408,[NH3+]C(CCCCNC(=O)C1CCCN1C(=O)C(CCC(=O)[O-])NC(=O)C([NH3+])CC(=O)[O-])C(=O)[O-]
2409,2409,CNc1nc(NCCC2CCCO2)cc(C(F)(F)F)n1
2410,2410,Cc1nc(C[NH+]2CCOC(C[NH+](C)CC(=O)[O-])C2)no1
2411,2411,O=C(COC(=O)c1ccccc1NCCO)NC(=O)c1cccs1
2412,2412,CC1CN(C(=O)CSc2ncccc2C#N)CCS1
2413,2413,C=CCn1c(SCC(=O)Nc2cc(C(=O)OC)ccc2Cl)nnc1c1cc2ccccc2oc1=O
2414,2414,C=CCn1c(CC)nnc1SCC(=O)N(C)CC(=O)Nc1ccc(Cl)c(Cl)c1
2415,2415,C[NH2+]C(C)(C)C1CC[NH+](CC(C)(C)O)CC1
2416,2416,CCC1(C)[NH2+]C(C)(CC)C(=O)N1CC1C2C3CCC(C3)C21
2417,2417,CCOCCCN(CC(=O)N(Cc1ccccc1)Cc1cccn1C)C(=O)Nc1cccc(OC)c1
2418,2418,CC1Cc2ccccc2N1CCCNC(=O)C(C)Oc1ccc(C(=O)[O-])cc1
2419,2419,COC(=O)CC1C[NH+](Cc2cc(=O)oc3cc(C)c(C)cc23)CCO1
2420,2420,CC(=N[NH+]=C(N)N)c1ccc(F)cc1
2421,2421,O=C(Cn1c(=O)onc1c1ccccc1)NCC1(c2ccc(F)cc2)CCC1
2422,2422,CC(OCC1CCCCO1)C(=O)Nc1ccc(S(C)(=O)=O)cc1
2423,2423,C=CCC([NH2+]C(C)(C)C)C(C)(C)CC
2424,2424,CCOc1ccc(C2C(=C([O-])c3cc(C)ccc3C)C(=O)C(=O)N2c2nnc(SCc3ccccc3F)s2)cc1OCC
2425,2425,CCCC[NH2+]CC1OC(OC)C(O)C1O
2426,2426,CCc1ccc(Oc2cc(CO)c(Br)cn2)c(OC)c1
2427,2427,CC(C)CNc1noc(CSc2n[nH]c(N)n2)n1
2428,2428,Cc1ccc(C2=C(O)C(=O)N(c3ccc(N(C)C)cc3)C2c2ccc(N(C)C)cc2)cc1
2429,2429,CC(C)c1ccccc1NC(=O)C1CCN(c2ncccc2C(F)(F)F)CC1
2430,2430,Cc1cc(C(C)Nc2ccc(C#N)nc2)c(C)o1
2431,2431,Cc1cc(S(=O)(=O)Nc2ccccc2C(=O)N2CCCCC2)c(C)s1
2432,2432,CCOC(=O)c1c(NC(=O)COc2cccc(C=C(C#N)C(=O)Nc3ccccc3OC)c2)sc2c1CCC2
2433,2433,COc1ccccc1N1CCN(C(=S)SCC(=O)Nc2cc(C(F)(F)F)ccc2Cl)CC1
2434,2434,CC(C)n1c(C[NH3+])nnc1c1ccc(F)cc1Br
2435,2435,CCOC(=O)C([NH3+])C(=O)N(C)c1ccc(OC)cc1
2436,2436,CCOC(=O)c1cc(C(=O)OC)cc(N2C(=O)C(O)=C(c3ccc(OC)cc3)C2c2ccc(O)c(Cl)c2)c1
2437,2437,Cc1cc(C)cc(C(=O)Nc2ccccc2C(=O)N2CCCC(c3nc4ccccc4s3)C2)c1
2438,2438,CC(C)(C)c1cc(C2=CC=C3CCCCC3C2=O)c(O)c(C2=CCCCC2(C)C)c1
2439,2439,FC(F)(F)c1nc(Cl)c2ccc(Br)cn12
2440,2440,CCC(C)NC(NC1CCS(=O)CC1)=[NH+]C
2441,2441,COC(CNC(=O)c1ccco1)CC(=O)[O-]
2442,2442,COC(=O)c1ccccc1NC(=O)N1CCCC(NC(=O)COc2ccc(O)cc2)C1
2443,2443,C=CCOc1ccc(C2C(=C([O-])c3ccncc3)C(=O)C(=O)N2CC[NH+]2CCOCC2)cc1OCC
2444,2444,Cc1c[nH]c2c(CC(=O)N3CCCN(C(=O)c4ccco4)CC3)coc12
2445,2445,Cc1ccc(C=CC(=O)NCc2cccc(OCC(N)=O)c2)o1
2446,2446,Cc1c(NC(=O)C(C)[NH+]2CCC(C(=O)N3CCCC3C(=O)Nc3ccc(C(=O)NC4CCCCC4C)cc3)CC2)cccc1C(=O)Nc1ccc(F)cc1
2447,2447,CC1=C(C(=O)Nc2ccccc2F)C(c2cccs2)n2nc(c3ccc(Cl)cc3)nc2N1
2448,2448,CC(C)(C#N)c1ccccc1CC1CCC[NH2+]1
2449,2449,N#Cc1cnc2[nH]c(=O)n(Cc3ccc(C#N)cc3)c2n1
2450,2450,CC(C)C[NH+](C(C)CN(C)C)C1CC1
2451,2451,CCCC(CC)Nc1cccc(C)c1C(=O)[O-]
2452,2452,O=C([O-])c1ccc(N=Cc2c(O)[nH]c3ccc([N+](=O)[O-])cc23)cc1
2453,2453,CCn1c(SCC(=O)c2cc(C)n(Cc3ccco3)c2C)nnc1C(C)NC(=O)c1ccccc1C
2454,2454,C=CCn1c(SCc2ccc(C#N)cc2Cl)nnc1c1ccc(C(C)(C)C)cc1
2455,2455,COCCN(CC(=O)[O-])C(=O)CC1CCS(=O)(=O)C1
2456,2456,O=C(Oc1ccc2cc(OC(=O)C3CCCO3)ccc2c1)C1CCC[NH2+]1
2457,2457,CCCCN(C)c1cncc(C(=O)Nc2ccc(OC(C)C)cc2)c1
2458,2458,N#Cc1ccc(C(=O)N2CCc3ccc(C(=O)N4CC[NH+](CCO)CC4)cc3C2)cc1
2459,2459,Cc1cc(C)cc(N(C)S(=O)(=O)c2ccc(C[NH3+])s2)c1
2460,2460,COc1ccc(C=CC(=O)N(CC(C)C)C2CCN(C(=O)OC(C)(C)C)CC2)cc1
2461,2461,COc1ccccc1C([O-])=C1C(=O)C(=O)N(Cc2ccccn2)C1c1ccccc1C
2462,2462,CC1CCC([NH2+]CC(C)(C)CCC#N)CC1C
2463,2463,O=C([O-])COc1cccc2c1-c1cc(c3ccc(CO)c(Cc4ccccc4)c3)ccc1C2
2464,2464,O=C([O-])CNC(=O)Oc1cccc2[nH]cc(C=Cc3cccc(F)c3)c12
2465,2465,CSc1ccc(C(O)C[NH2+]C2CCC(C)CC2)cc1
2466,2466,CC(C)(C)OC(=O)n1cc(CC(=O)N2CCN(C(=O)OC(C)(C)C)CC2)c2ccc(c3ccncc3)cc21
2467,2467,COc1cncc(C(O)C2C[NH2+]CCO2)c1
2468,2468,CCCCOC(=O)C1C2SC3(CC2Br)C1C(=O)N(C(CO)C(C)CC)C3C(=O)N(CC=C)c1cc(C)ccc1C
2469,2469,CC(C)CC(NC(=O)Nc1cccc(C(F)(F)F)c1)C(=O)Nc1ccccc1C(C)C
2470,2470,Nc1cn(CCOCC(F)(F)F)nc1c1ccc(Br)o1
2471,2471,CCC(C)C(=O)Nc1cc(NC(=O)C2CCCN2C(=O)C2CC[NH+](CC(=O)Nc3cccc(C(=O)NCC(C)C)c3C)CC2)ccc1F
2472,2472,CNc1cc(COC)nc(c2c(F)cccc2Cl)n1
2473,2473,COc1ccc(C(=O)N2CCc3[nH]c4c(Br)cc(Br)cc4c3C2)cc1[N+](=O)[O-]
2474,2474,C=CCn1c(SCC(=O)NCC2(O)CCCCC2)nnc1c1ccco1
2475,2475,Cc1cc([N+](=O)[O-])c(Cl)cc1NC(=O)c1ccc(Br)nc1
2476,2476,COC(=O)c1cccc(S(=O)(=O)NC2CCCCC2C[NH3+])c1
2477,2477,Cc1nn(c2ccccc2)c(C)c1NC(=O)c1cc([N+](=O)[O-])cc(S(C)(=O)=O)c1C
2478,2478,O=C(CCNC(=O)c1ccc(c2ccc(Cl)cc2)s1)NCc1ccc(S(=O)(=O)Nc2ccccn2)cc1
2479,2479,Cc1[nH]c(=O)[nH]c(=O)c1CCO
2480,2480,Fc1ccc(CNc2ccccc2OC(F)(F)F)cc1
2481,2481,FC(F)(F)c1ccc(c2nnc3sc(c4nnn(c5ccccc5)n4)nn32)cc1
2482,2482,Cc1nn(C(C)C)c(N(CCO)CCO)c1N
2483,2483,CC[NH2+]Cc1ccc(N(C)CCc2ccccc2)nc1
2484,2484,CC(=O)OCN(C(=O)OC(C)C)C(CC=O)C(=O)OC(C)(C)C
2485,2485,CCOc1cc(NC(C)c2nn[n-]n2)ccc1[N+](=O)[O-]
2486,2486,CCCCN(Cc1ccc(C[NH3+])cc1)C(=O)c1cncnc1
2487,2487,CCCC(O)CNS(=O)(=O)c1cc(C(=O)[O-])oc1Br
2488,2488,Cc1ccc(CN(C(=O)Cn2ccc(C)n2)C(C)C(=O)NC2CCCCC2)cc1
2489,2489,CCCCN(CC(=O)N1CCc2sccc2C1c1ccc(C)cc1)S(C)(=O)=O
2490,2490,O=C(Cc1ccc(Cl)cc1)Nc1cc(NC(=O)C2CCC(=O)N2)ccc1F
2491,2491,COc1ccccc1CNC(=O)Cn1ccnc1SCc1nnnn1c1ccccc1
2492,2492,N#CCCN(CCn1cc(Br)cn1)c1ccccc1
2493,2493,Cc1cc(C)c(N(CC(O)C(Cc2ccccc2)NC(=O)Cc2cccs2)S(=O)(=O)c2ccccc2)c(C)c1
2494,2494,COc1ccc(NC2=[NH+]C(=O)C(=Cc3ccc(OCc4ccc([N+](=O)[O-])cc4)cc3)S2)cc1
2495,2495,CSc1nccc(=O)n1c1ccccc1Oc1ccccn1
2496,2496,Cc1ccc(C=C[Si](C)(C)O[Si](C)(C)CCC[Si](C)(C)O[Si](C)(C)CCCOc2ccc(C(=O)[O-])cc2)cc1
2497,2497,C=CC[NH2+]Cc1oc2c(c1C)C(=O)CCC2
2498,2498,COc1ccc(Cl)cc1S(=O)(=O)NCCC(=O)Nc1ccc(c2nc3ccccc3s2)cc1
2499,2499,O=C(CCCc1ccc(Cl)cc1)Nc1cc(S(=O)(=O)N2CCCCC2)ccc1[O-]
2500,2500,O=C(CC(c1ccccc1)c1ccccn1)c1ccccc1
2501,2501,O=C(CC1CC2CCC(C1)[NH2+]2)NCc1nnc2ccccn12
2502,2502,COc1ccc(C[NH+]2CC3(CCOCC3)c3[nH]c4ccccc4c3C2)c(OC)c1
2503,2503,N#CCOc1ccc(C=CC(=O)[O-])cc1F
2504,2504,CC(C)n1ccnc(Sc2ncccn2)c1=O
2505,2505,CC(C)C(O)(c1ccccc1F)C1(C[NH3+])CCCCC1
2506,2506,CCCC(O)(c1ccccc1)c1cccnc1
2507,2507,O=C(CC1CC[NH2+]CC1)N1CCC(c2ccc(O)cc2)CC1
2508,2508,Cn1nnc(CC(O)c2ccccc2I)n1
2509,2509,COCCN(CCOC)c1nc(N)nc(C)c1[N+](=O)[O-]
2510,2510,Cn1cc(C(=O)OC2C(O)C(CO)OC(OCCSSCCNC(=O)CN=[N+]=[N-])C2O)c(=O)n(C)c1=O
2511,2511,O=C([O-])C=CNc1cccc(n2cccc2)c1
2512,2512,Cc1ccc(C([NH3+])c2ccccc2SC(C)C)cc1C
2513,2513,CCOC(=O)c1c(C)[nH]c(C(=O)NCC2=CC[NH2+]CC2)c1C
2514,2514,CC(C)=CC=CC(C)CC=CC=C(C)CC1OC(=O)C(O)=CC1O
2515,2515,Cc1cc(N2CCC(C(F)(F)F)CC2)ccc1NC(=O)c1ccc(c2ccc(C(F)(F)F)cc2)cc1F
2516,2516,O=C(OCC1OC(n2cnc3c(NC(c4ccccc4)c4ccccc4)nc(NCCc4ccccc4)nc32)C(O)C1O)c1ccccc1
2517,2517,C[NH2+]C(c1cc(C)c(Cl)s1)C1CC2CC2C1
2518,2518,Cc1ccc(CN2CC(C(=O)N3CCC[NH+](C)CC3)CC2=O)cc1
2519,2519,[NH3+]Cc1cnc(N2CC(O)C2)nc1
2520,2520,CCC1(CC)CCN(c2ccc(C(C)=O)cc2)CC1
2521,2521,O=C([O-])c1cc(c2nc(C3CC3)cs2)ccn1
2522,2522,Cc1cc(S(=O)(=O)Cl)cnc1NC(C)CC(C)C
2523,2523,COc1ccc(C(C)C)cc1NCc1nc(C)c(C)o1
2524,2524,CSc1nnc(CCCNC(=O)c2cc(c3ccc(Cl)cc3)on2)n1C1CCCCC1
2525,2525,CC[NH2+]C(C)(CC(C)n1nc(C)cc1C)C(=O)OC
2526,2526,COc1c(OC(F)(F)F)cnc(CBr)c1S(N)(=O)=O
2527,2527,Cc1cc(O)ccc1C(=O)Nc1ccc(I)cc1
2528,2528,O=C([O-])c1onc(c2cccc(O)c2)c1C(=O)[O-]
2529,2529,O=C(Cc1csc(COc2ccc(Cl)cc2)n1)Nc1ccc(Cl)c(C(F)(F)F)c1
2530,2530,CC(c1nnc(C(=O)NCc2ccc3c(c2)OCO3)s1)N1CCS(=O)(=O)CC1
2531,2531,Cc1c(N=CC2C(=O)Nc3ccc(O)cc32)c(=O)n(c2ccccc2)n1C
2532,2532,Cc1c(C)n(c2ccc(F)cc2)c2ncn(CCCC[NH+]3CCN(c4ccc(Cl)cc4)CC3)c(=O)c12
2533,2533,O=C(NCC1CCSCC1)c1ccc(Cl)cc1Cl
2534,2534,CC(=O)Nc1ccc(C(=O)NC2CCCCC2C)cc1
2535,2535,CCCCn1c(N=Nc2ccc(N(C)C)cc2OC)c(C#N)c2c(=O)[nH]c(=O)n(CCO)c21
2536,2536,CCc1cc2c(Nc3ccc(OC)c(OC)c3)nc(NC)nc2s1
2537,2537,O=C(CNC(=O)c1ccc(Cl)cc1Cl)NCc1ccc(OCc2ccccn2)cc1
2538,2538,COc1c(I)cc(CCl)cc1I
2539,2539,COC(=O)c1cccc(c2ccc(c3cc(C(=O)NC4CC(C)(C)[NH2+]C(C)(C)C4)ccc3Cl)nc2)c1
2540,2540,CC(CC(=O)N1CCOCC1)[NH+]1CCN(C(=O)c2cc([N+](=O)[O-])ccc2N2CCOCC2)CC1
2541,2541,COc1ccc(C=C2SC(=O)N(Cc3ccc(Br)cc3)C2=O)c(OCc2ccccc2Cl)c1
2542,2542,O=C(Cc1csc2[nH+]c(c3ccccc3F)cn12)NC1CCCC1
2543,2543,CC(C)(C)C1CCc2c(sc(NC(=O)c3ccc(Br)cc3)c2C(=O)NCc2ccco2)C1
2544,2544,O=C(C1COCC[NH2+]1)N1CCc2ccccc21
2545,2545,CC[Si](CC)(CC)OC1CC(=O)OC1COC(=O)c1ccccc1
2546,2546,CC(C)(c1cc2ccccc2o1)N(c1ccc(C(F)(F)F)cc1)c1ccc2c(c1)c1cc(N(c3ccc(C(C)(C)C)cc3)c3ccc(C=Cc4ccc(N(c5ccc(C(C)(C)C)cc5)c5ccc(C(C)(C)C)cc5)cc4)cc3)ccc1c1cc(N(c3ccccc3)c3ccc(C=Cc4ccc(N(c5ccc(C(C)(C)C)cc5)c5ccc(C(C)(C)C)cc5)cc4)cc3)ccc12
2547,2547,COc1ccc(C(=O)N2CC[NH+](CCn3cnc4c3c(=O)n(C)c(=O)n4C)CC2)cc1
2548,2548,O=C1COC2CCN(S(=O)(=O)c3ccc(C4CCCCC4)cc3)CC2N1
2549,2549,CCOC(=O)C(O)(c1ccc(OC(=O)OCC(C)(C)C)cc1)C(F)(F)F
2550,2550,Cc1nc(Nc2ccccc2C)ncc1CCl
2551,2551,COc1ncccc1Cn1c(N)nc2ccc(C)cc21
2552,2552,O=C(Cc1cn2ccsc2[nH+]1)N1CCCC(C[NH+]2CCOCC2)C1
2553,2553,COCCOCCCNc1cc(Br)ccc1Br
2554,2554,C=CC(=C=O)c1ccc(CC(CC)CC)cc1
2555,2555,O=C(CCCl)NC(C[NH+]1CCC(CO)CC1)c1ccccc1
2556,2556,O=C1CSC(Cc2cn(CC3CCc4sccc4C3)cc2)N1c1cccc(OC(F)(F)F)c1
2557,2557,C[NH2+]CC1(O)CCCC(C)(C)C1
2558,2558,CSCCC(NC(=O)C(C)NC(=O)C(C)[NH3+])C(=O)[O-]
2559,2559,C=CCc1c(NC(=O)OC(C)(C)C)sc2c(C(N)=O)cccc12
2560,2560,CNC(=S)NN=C1CC(c2ccccc2Cl)Nc2ccc(OC)cc21
2561,2561,COC(=O)c1c(NC(=O)C(C)Sc2cccc(NC(=O)C(=Cc3cccc(OC)c3)NC(=O)c3ccccc3)c2)sc2c1CCCCC2
2562,2562,CC(=O)NC1C(OC(=O)Nc2ccc3oc(=O)ccc3c2)OC(CO)C(O)C1O
2563,2563,CC(C)CC(NC(=O)C(Cc1cnc[nH]1)NC(=O)C([NH3+])CC(=O)[O-])C(=O)NC(C(=O)NC(CCC[NH+]=C(N)N)C(=O)[O-])C(C)C
2564,2564,[NH3+]C1CCCCC1NC(=O)CCn1ccc2ccccc21
2565,2565,Cc1nc2ccccc2c(=O)n1CC(=O)N(Cc1ccccc1Cl)C1CC1
2566,2566,Cc1ccc(S(=O)(=O)NC(Cc2ccccc2)C(=O)N2CCOCC2)cc1
2567,2567,CC(=O)Nc1ccc(c2ccc(OCC(=O)N(Cc3ccccn3)CC3CCCO3)cc2)cc1
2568,2568,[NH3+]CCC(=O)N1CCc2cc(Br)ccc21
2569,2569,O=C(NCCc1cccs1)C1CCN(S(=O)(=O)c2ccc(C(F)(F)F)cc2)CC1
2570,2570,O=C(c1ccc(Cl)cn1)N1CCN(C(=O)C(c2ccc3c(c2)OCO3)n2cccc2)CC1
2571,2571,O=C([O-])c1ccccc1NC(=O)C1CNc2ccccc2C1
2572,2572,COc1ccc(N2CC[NH+](Cc3nnnn3C3CCOCC3)CC2)cc1
2573,2573,O=C([O-])C1CCC(S(=O)(=O)C2CCCCC2)CC1
2574,2574,O=C([O-])C1(C(=O)NCc2ccco2)CCCC1
2575,2575,O=C(Nc1cc([N+](=O)[O-])ccc1[O-])c1ccc(COc2ccccc2Cl)o1
2576,2576,Cc1cc(C(=O)N2CCCC2)ccc1NC(=O)C(C)[NH+]1CCC(C(=O)NC(C)C(=O)Nc2cc(NC(=O)C(C)C)ccc2Cl)CC1
2577,2577,[NH3+]C1(CN2CCCC2=O)CC1
2578,2578,CSc1ccc(S(=O)(=O)N(CC(=O)N2CCN(c3ccc([N+](=O)[O-])cc3)CC2)c2ccc(F)cc2)cc1
2579,2579,O=C1CCCN1CC(=O)N1CCC2(C1)C(=O)NCC2c1ccccc1
2580,2580,Cn1cc(C(=O)N2CCC(CNS(=O)(=O)c3ccc(Cl)cc3)CC2)c2ccccc21
2581,2581,COc1cc(OC)cc(c2nn(c3ccccc3)cc2C=C2NC(=O)N(Cc3ccccc3)C2=O)c1
2582,2582,CC1C[NH2+]C(c2ccccc2)CN1C(=O)CSc1cccc(Br)c1
2583,2583,COc1cccc2c1OCC1C2=CCC2C(=O)C=CC1(C)C2C
2584,2584,CCC1CC(CC(=O)N2CCCC2CCCO)CCO1
2585,2585,CCn1c(=O)n(CC(=O)Nc2ccn(Cc3ccc(Cl)cc3)n2)c2ccccc21
2586,2586,Cc1c(NC(=O)Cn2ncc(Cl)c(Cl)c2=O)ccc(C#N)c1C
2587,2587,COc1ccc(OC)c(NC(=O)CSc2n[nH]c(c3ccccc3C)n2)c1
2588,2588,CCOC(=O)C([NH3+])CSCc1cc(C)cc(C)c1
2589,2589,C=C(C)Cn1nnc(CO)c1CC(C)C
2590,2590,COc1ccc(C[NH+](C)CC(=O)N(C)c2ccccc2)c(OC)c1OC
2591,2591,O=C1OC(c2ccccc2)=NC1=Cc1coc2ccc(Br)cc12
2592,2592,Cc1oc(=O)oc1C[NH+]1CCN(C(=S)Nc2ccc(N(C)C)cc2)CC1
2593,2593,N#Cc1cccc(C2=CC3=C(C2)CC(O)CC=C3)c1
2594,2594,CCC1(CC)CC(=O)C2=CCCCC2C1=O
2595,2595,NC(=[NH2+])c1ccn(CC(=O)[O-])n1
2596,2596,COc1ccc(N(CC(=O)N(Cc2ccc(Cl)c(Cl)c2)C(Cc2ccccc2)C(=O)NC(C)(C)C)S(=O)(=O)c2ccccc2)cc1OC
2597,2597,O=C([O-])COCC(=O)OCc1ccc(Cl)cc1
2598,2598,CC1C[NH+](Cc2csc(NC(=O)c3ccccc3S(=O)(=O)NC3CC3)n2)CC(C)O1
2599,2599,CCOC(=O)c1c(C)noc1NC(=O)C1CCN(S(=O)(=O)c2ccc(C(C)=O)cc2)CC1
2600,2600,O=C([O-])C1CN(C(=O)Nc2cnn3c2CCCC3)C1
2601,2601,CCCCCC(C)NC(=O)Nc1ccccc1N1CC[NH+](Cc2ccccc2)CC1
2602,2602,Cn1cnnc1SCc1cc(c2ccc(F)cc2)on1
2603,2603,Cc1ccn2nc(NC3CCCCCC3)nc2n1
2604,2604,CCOC(=O)Cn1c(=O)c(C(=O)N(CC)CC)c([O-])c2ncc(Cc3ccc(C(F)(F)F)cc3)nc21
2605,2605,CCC1(C)NC(=O)CN(Cc2nc(C)no2)C1=O
2606,2606,CCCCN(CCO)c1cc(NC)nc(N)n1
2607,2607,Cc1ccc(OC2OC(COCc3ccccc3)C(O)C(OCc3ccccc3)C2N=[N+]=[N-])cc1
2608,2608,COc1cc(OC)c(C(=O)NN=C(c2ccccc2)C2CNN(c3ccccc3)C2)cc1OC
2609,2609,O=C(C1CC(=O)N(c2ccc(F)c([N+](=O)[O-])c2)C1)N1CCOCC1
2610,2610,CC(C)([NH2+]Cc1ccc2c(c1)OCO2)c1cccs1
2611,2611,CC1CCCC1CNC(=O)c1cc(S(N)(=O)=O)ccc1N
2612,2612,[NH3+]Cc1ccnc(OCCC2CCC2)c1
2613,2613,COc1ccc(F)cc1C[NH+]1CCN(CC(C)(C)O)CC1
2614,2614,CC(C)([NH3+])CCNC(=O)C1CC=CCC1
2615,2615,CCC(C)(C[NH3+])c1noc(Cc2cc(C)nn2C)n1
2616,2616,O=C(Nc1ccc(OC(F)F)cc1)C1c2ccccc2C(=O)N1C1CCC1
2617,2617,CSCCC(NC(=O)C(C)NC(=O)C(NC(=O)C([NH3+])C(C)C)C(C)O)C(=O)[O-]
2618,2618,COc1ccc(Oc2c(CO)c(C)nn2C)cc1
2619,2619,Cc1c(C(=O)NCC2CCN(C(=O)c3ccco3)CC2)sc2ccc(F)cc12
2620,2620,COC(=O)c1c(NC(=O)COC(=O)c2ccc3c(c2)OCO3)sc(C)c1c1ccccc1
2621,2621,CC(C)[NH+](CCO)CCCOC1CC[NH2+]CC1
2622,2622,Nc1cc(NC(=O)c2cc(C(F)(F)F)ccn2)ccc1Cl
2623,2623,CC(C)[NH+](CCC(c1ccccc1)c1ccccc1)C(C)C
2624,2624,CC(C)Cc1cc(c2cccc(n3cccn3)n2)co1
2625,2625,COc1ccc(C)cc1S(=O)(=O)N(CC(=O)N1N=C(c2ccco2)CC1c1ccco1)c1ccc2c(c1)OCO2
2626,2626,CCCCCOc1ccc(CNc2ccc(Cl)c(Cl)c2)cc1
2627,2627,Fc1ccc(N(CCBr)Cc2ccccc2Cl)c(F)c1
2628,2628,O=C([O-])CN(CC(=O)Oc1ccc([N+](=O)[O-])cc1)S(=O)(=O)c1ccc(Br)cc1
2629,2629,[NH3+]CCCCC(NC(=O)C(CC(N)=O)NC(=O)C(Cc1cnc[nH]1)NC(=O)C(CO)NC(=O)C[NH3+])C(=O)[O-]
2630,2630,O=C1Nc2c(cccc2C(=O)N2CCC(C(=O)c3ccc(O)cc3)CC2)C1=O
2631,2631,Cc1nc(C2(NS(=O)(=O)c3ccc(C(=O)CC4CCCCC4)cc3)CCCC2)no1
2632,2632,CCCCCCOc1ccc(NCC(=O)Nc2ccc3c(c2)OCCO3)cc1
2633,2633,Cn1cc(NC(=O)c2ccnc(N3CCc4ccccc4C3)n2)cn1
2634,2634,COc1ccc(CN2CC3CN(C(=O)c4csc(C5CC5)n4)CC3C2=O)cc1
2635,2635,Cn1cc(C2CN(C(=O)NC3CC[NH+](Cc4ccncc4)CC3)CC2CO)cn1
2636,2636,Cc1nc(NC(=O)C(C)Oc2ccc(C(C)(C)C)cc2)sc1C(=O)OCC(C)C
2637,2637,C=CCCCCC(=O)NC(CCSC)C(=O)[O-]
2638,2638,COC(=O)c1ccc(Cn2cc(c3cccc(NC(=O)NCc4ccccn4)c3)cn2)cc1
2639,2639,CC[NH2+]Cc1nccn1Cc1ccc(F)cc1F
2640,2640,COc1cc2c(cc1F)nc(N)n2c1cccc([N+](=O)[O-])c1
2641,2641,CC1CCC2(CC1)Cc1ccc(c3ccc(C(N)=O)cc3)cc1C21NC(=O)NC1=O
2642,2642,CCOC(=O)C(=Cc1c[nH]c2ccccc12)C[NH3+]
2643,2643,CCOC(=O)C(CCCc1cccs1)C(CCC(F)(F)F)C(=O)[O-]
2644,2644,COc1ccc(C(=O)N2CCN(c3nc(C(C)C)nc4scc(c5ccccc5)c34)CC2)cc1
2645,2645,CC1CC(C)CC([NH2+]C2CC(c3ccccc3)C2)C1
2646,2646,O=C(CC(c1ccc(Cl)cc1)c1cc(F)cc(F)c1)NO
2647,2647,COc1cc(N)cc(CSc2nc3ccccc3n2C)c1
2648,2648,COC(=O)c1c(C[NH2+]CC2CCCOC2)oc2ccccc12
2649,2649,Cc1ccc(Sc2ccc(S(C)(=N)=O)cc2)cc1
2650,2650,CCc1ccc(CNC(NCc2ccc(C)s2)=[NH+]C)s1
2651,2651,CCC1C(=O)NCCN1C(=O)c1csc(C#CCCO)c1
2652,2652,N#Cc1cc(Cn2c(CCl)nc3ccc(Cl)nc32)ccc1F
2653,2653,O=C(c1ccc(Cn2cccn2)cc1)N1CCCC(c2nncn2C2CC2)C1
2654,2654,C[NH2+]Cc1ccc(Sc2ccc(C(C)(C)C)cc2)nn1
2655,2655,NC(=[NH+]Cc1ccc(OCC(F)(F)F)nc1)N1CCCCC1
2656,2656,COc1ccc(Cl)cc1NC(=O)C(=O)NCCc1ccccc1
2657,2657,CCOc1ccc(C(=O)NC2CCCN(C(=O)c3ccc(OC)cc3)C2)cc1
2658,2658,Cc1ccc(C(C)[NH2+]CC(O)CC2CCCC2)c(C)c1
2659,2659,O=S1(=O)C=Cc2ccc(NCC3(c4nc(c5cccc(OC(F)(F)F)c5)cs4)CCCCC3)cc21
2660,2660,COc1c(Br)cccc1C(C(=O)c1ccccc1)[NH+]1CCCCC1
2661,2661,COCCOCC[NH2+]Cc1cc(Cl)ccc1F
2662,2662,N#Cc1cc(F)ccc1NCC(=O)Nc1ccc(Cl)cc1
2663,2663,Cc1ccc(C(N)=[NH+]O)c(N2CCC(O)C2)c1
2664,2664,CCCCNc1ccc(NC(=O)Cc2cccc3ccccc23)cc1
2665,2665,CCCc1c(OCCOC(=O)C(CCC)(CCC)c2ccccc2)ccc(C(C)=O)c1O
2666,2666,COC(=O)c1sc2nccc(OC)c2c1NC(=O)C[NH+]1CCCCC1C
2667,2667,CCc1cccc(CC)c1n1c(CC)nc2cc(c3nc(C4CC4)no3)ccc21
2668,2668,CCc1ccc(C([NH3+])c2ccnc(C)c2)cc1
2669,2669,CC(C)C[NH2+]Cc1ccccc1C[NH+]1CCC(C)C1
2670,2670,CC(C)[NH+]1CCc2[nH]cnc2C12CC[NH+](Cc1coc3ccccc3c1=O)CC2
2671,2671,O=C([O-])CCC1CCCC[NH+]1C1CCc2cc(O)ccc2C1
2672,2672,CCOC(=O)C1=C(O)C(=O)N(c2cccc([N+](=O)[O-])c2)C1c1cccc(OCCc2ccccc2)c1
2673,2673,C=C(C)C[NH+]=C(N)NCCCC(C)C
2674,2674,Cn1cc(S(=O)(=O)Nc2ccc(F)c(F)c2F)c(N)n1
2675,2675,COc1ccccc1N(CC(=O)N(Cc1ccc(F)cc1)C(Cc1ccccc1)C(=O)NCC(C)C)S(C)(=O)=O
2676,2676,Nc1ccc2ncn(Cc3c(Cl)ccc(Oc4ccc(Br)cc4F)c3Cl)c(=O)c2c1
2677,2677,O=c1nc[nH]c2c(C3CCCCC3)coc12
2678,2678,O=C(CCNC(=O)c1ccc(F)cc1)NCCc1nc2ccccc2s1
2679,2679,CCOC(=O)c1nn(c2ccc(Cl)cc2)c(=O)cc1C
2680,2680,COc1ccccc1N1CCN(C(=O)CSc2nnc(Cc3ccccc3)o2)CC1
2681,2681,Cc1nc2cc(NC(=O)NC3CC4C=CC3C4)ccc2o1
2682,2682,CCCCN(C)C(=O)c1ccnc(NCc2ccco2)c1
2683,2683,O=C([O-])C(Cc1nc2ncccc2o1)=NNc1ccc(Cl)cc1
2684,2684,O=Cc1cnc2ccccc2c1OC1CCCCO1
2685,2685,CC(NS(=O)(=O)c1cc(N)c(F)cc1F)c1cccc(Cl)c1
2686,2686,CC1C[NH+](C(C)CC[NH3+])CCN1C
2687,2687,Nc1cc(c2cn[nH]c2)ccc1OCC1CO1
2688,2688,Cc1nn(Cc2ccccc2Cl)c(C)c1NC(=O)CCNC(=O)c1ccc(Cl)cc1
2689,2689,COc1cc(c2nc(COC(=O)C=Cc3ccccc3)cs2)cc(OC)c1OC
2690,2690,C=CC1CC1(CC(=O)C1CC(ON2CC[NH+](C)CC2)CN1C(=O)OC(C)(C)C)C(=O)NS(=O)(=O)c1ccc(c2ccc(C#N)cc2)cc1
2691,2691,COC(=O)c1ccc(c2ccc3nc(N)[nH]c3c2)cn1
2692,2692,O=C(Nc1cccc(Br)c1)N1CCCN(C(=O)c2cccc3cn[nH]c23)CC1
2693,2693,Cc1c(C(=O)NCCCn2ccnc2)cnn1c1ccccc1Cl
2694,2694,COc1ccc(NC(=O)C(C#N)=Cc2cc(Cl)c(OCC(=O)Nc3ccccc3)c(OC)c2)cc1
2695,2695,CCn1cc(OCc2ccccc2)c(=O)n(CC(OCc2ccccc2)C(C)=O)c1=O
2696,2696,C[NH2+]C(CCO)CN1CC2(CCC2)Nc2cc(C)c(C)cc21
2697,2697,C[Si](Cl)(C=O)CCCF
2698,2698,Cc1ncsc1c1nnc(C(N)=O)o1
2699,2699,Cc1ccc(F)c(C(=O)NC2(CCl)CCOCC2)c1
2700,2700,N#CC(=Cc1cn2cc(Cl)ccc2[nH+]1)C(=O)Nc1cccc(S(N)(=O)=O)c1
2701,2701,CC(=O)Nc1cc(NC(=O)Cc2ccc(F)cc2Cl)ccc1C
2702,2702,CC(C)(C)c1c[nH+]c(CC[NH2+]C2CC2)[nH]1
2703,2703,CC(=O)c1cccc(NC(=O)c2ccc(C(=O)Nc3ccc(F)cc3)cc2)c1
2704,2704,CC[NH2+]Cc1ccc(OCCCOC)c(Br)c1
2705,2705,Cc1nn(CCO)c(C)c1C[NH2+]C(C)CN1CCCC1
2706,2706,CCCCCCCOc1ccc(S(=O)(=O)N(C)CC(=O)Nc2ccc(OC)c(C(N)=O)c2)cc1
2707,2707,O=C(Nc1ccc(OC2CCOC2)c(F)c1)c1ccnc(Cl)c1
2708,2708,COc1ccc(C=C2[NH+]=C(SCC(=O)Nc3cc(F)ccc3F)N(c3ccccc3)C2=O)cc1
2709,2709,CC(C)NC(C)(C#N)CCCOc1ccc(Cl)c(Cl)c1
2710,2710,CCOC(=O)c1ccc([N+](=O)[O-])c(Sc2ccc(C(F)(F)F)cn2)c1
2711,2711,COCCCn1c(SCC(=O)[O-])nc2cc(C)cnc21
2712,2712,CCCc1noc(CCCC(=O)Nc2ccc(N3CCC(C)CC3)c(Cl)c2)n1
2713,2713,N#Cc1cccc(S(=O)(=O)Nc2ccc3c(c2)OCCO3)c1
2714,2714,CC1C(=O)NCCCN1S(=O)(=O)c1ccc2ncsc2c1
2715,2715,COC(=O)c1c(C(O)CC(C)C)[nH]c2ncc(Br)cc12
2716,2716,CC(C)(C)OC(=O)n1nc(NC(=O)OCc2ccccc2)cc1C(=O)OC(C)(C)C
2717,2717,C=CC(=O)Nc1ccc(c2nc(N3CCOCC3)nc3c2CCN(S(C)(=O)=O)CC3)cc1
2718,2718,O=C(Nc1ccccc1SCC(F)(F)F)c1ccc(CS(=O)(=O)c2ccccc2)o1
2719,2719,CCCCC([NH3+])C(=O)NCC(=O)NC(CCC(N)=O)C(=O)N(C)CCC[NH3+]
2720,2720,NNc1ncc(Br)cc1S(=O)(=O)NCC1CCCS1
2721,2721,COc1ccc(C)cc1C(C)NC(=O)c1nn(C)c(C)c1N
2722,2722,Cc1ccc2c(N)nccc2c1S(C)(=O)=O
2723,2723,COc1ccccc1C(=O)CNc1c2c([nH+]c3ccccc13)CCCC2
2724,2724,C[NH2+]C(CCC(C)C)c1ccc2c(c1)CCO2
2725,2725,CCOC(c1ncc(Br)s1)N1CC(COC)CC1=O
2726,2726,O=C(NCCn1nc(C(F)(F)F)cc1C1CC1)c1cc2scnc2s1
2727,2727,O=C1CN(CCC2CCCCC2)CC(=O)N1
2728,2728,CCCCCOc1ccc(C2C(C#N)=C([NH3+])Oc3cc(OC(=O)COc4ccc(Cl)cc4OC)ccc32)cc1OC
2729,2729,O=C(NCC1CCCCC1)C(Cc1ccccc1)NS(=O)(=O)c1ccc(S(=O)(=O)N2CCN(c3ccc(F)cc3)CC2)s1
2730,2730,C=C(C)Cn1c(C2CC2)nc(c2ccc(OC)cc2)c1N
2731,2731,CC1CCC(C2(CBr)CC(C)C2)C1
2732,2732,[NH3+]C(CCC(=O)NC(CS)C(=O)N(CCC(=O)[O-])CC(=O)[O-])C(=O)[O-]
2733,2733,C[NH2+]CCC1CCN(C(=O)C(C)(C)S(=O)(=O)c2ccc(OC)cc2)CC1
2734,2734,CCC(C)(Nc1ncc(C(F)(F)F)cc1Cl)C(=O)[O-]
2735,2735,COc1ccc(NC(=O)C(C#N)=Cc2cc(Br)cc(Br)c2O)cc1
2736,2736,CC(NS(=O)(=O)c1cccc2nsnc12)C(=O)[O-]
2737,2737,COC(=O)NC(C(=O)NN(Cc1cccc(c2cccc(CC(C)C)c2)c1)CC(O)C(Cc1ccccc1)NC(=O)[O-])C(C)(C)C
2738,2738,O=C(CC1CCOC1)NCCC1CCN(c2ncccn2)CC1
2739,2739,COc1ccc(CNC(=O)N2CCN(c3nc4c(F)cccc4s3)CC2)cc1OC
2740,2740,N#Cc1cccc2c1ccn2CCCC(F)(F)F
2741,2741,CC1CN(C(=O)c2ccc(C(N)=S)cc2)CC(C)S1
2742,2742,O=C([O-])C1(c2ccc(c3ccccc3)cc2)CCCCC1
2743,2743,C=CCOCC(NC(=O)C=C(C)C=CC(C)C(C=O)CC=C(C)C(OCC=C)C(=O)NC)N(C)C(=O)C(C=CC(C)C(O)C(C)C=CC=C(C)C=CC1=C(C)CCCC1(C)C)NC(=O)C=C
2744,2744,Cc1c(NC(=O)C2CCCN2C(=O)C2CC[NH+](C(C)C(=O)Nc3cc(C(=O)N4CCC(C)CC4)ccc3Cl)CC2)cccc1C(=O)N1CCCC1
2745,2745,Cn1cc(S(=O)(=O)N2CCCC(Cn3ccnn3)C2)c(=O)n(C)c1=O
2746,2746,COc1ccc(NCc2c(Cl)cccc2Cl)cc1Cl
2747,2747,COC(=O)c1cc2sccc2c(Cl)c1C=O
2748,2748,CC1CCN(C(=O)CC2NC(=O)NC2=O)CC12CCC2
2749,2749,O=C([O-])c1ccc2cc(CCF)sc2n1
2750,2750,O=C(Cc1ccnc(N2CCCCC2)c1)Nc1ccccc1N1CCCCC1
2751,2751,CC(=O)OCC1OC(n2cc(C)c(=O)[nH]c2=O)C2OC(C)(C)OC12
2752,2752,CC(C)n1ccc(CC(O)C2CSCCS2)n1
2753,2753,CC(C)(C(O)Cc1ccoc1)[NH+]1CCCCC1
2754,2754,CC[NH2+]C(c1ccc(F)c(C)c1)c1cnc(C)s1
2755,2755,CC1CCN(c2ccc(C(=O)NCc3ccc(Cl)cc3)cn2)CC1
2756,2756,N#Cc1ccccc1Cn1c(=S)[nH]nc1c1ccc(Cl)cc1Cl
2757,2757,O=C(Cc1ccccc1F)NC1CC[NH+](CC2CCCCC2)CC1
2758,2758,Fc1ccc2c(c1)CCC2[NH2+]CCc1cnc[nH]1
2759,2759,CCCCNc1cc(C(=O)Nc2ccc(N3CCC(C)CC3)cc2)ncn1
2760,2760,N#Cc1ccc(S(=O)(=O)Nc2ccc(C(F)(F)F)cc2)cc1
2761,2761,COc1cc(NC(=O)c2ccc(COc3ccc(F)cc3)o2)ccc1NC(=O)C(C)(C)C
2762,2762,CC(C)COC(=O)N1CCC(NC(=O)c2nn(c3ccccc3)c(=O)cc2[O-])CC1
2763,2763,O=C(c1ccc(F)cc1)C1CC[NH+](CC(=O)NC2(C#N)CCCC2)CC1
2764,2764,CSc1nsc(NC(=O)Nc2nc3ccc(c4ccc5ccccc5c4)cc3s2)n1
2765,2765,CCCNC(=O)C(C)[NH2+]C(CC)C(C)C
2766,2766,O=C(Nc1ccc(N2CCCCC2)c(C(F)(F)F)c1)C1CC=CC1
2767,2767,CCCCOC(=O)c1ccccc1NS(=O)(=O)c1ccc(F)c(C)c1
2768,2768,NC(Nc1cc[nH+]cc1)=[NH+]CC(O)c1cc2ccccc2o1
2769,2769,O=C1NCC(c2cccc(F)c2)Cc2[nH]c3ccc(F)cc3c21
2770,2770,C[NH2+]CC1C(=O)N(CCC(=O)Nc2cccc(Cl)c2)CCN1S(C)(=O)=O
2771,2771,COc1ccc(C(=O)NCC2CCOC2C)c(OCC2CC2)c1
2772,2772,COc1cc2c(cc1OC)CN(S(=O)(=O)CCNC(=O)c1ccc(Cn3nc(C)cc3C)cc1)CC2
2773,2773,O=C(COc1ccc(Cl)cc1)Nc1ccnn1Cc1ccc(Cl)cc1Cl
2774,2774,O=C([O-])C1CCC([NH2+]C2CCCSC2)CC1
2775,2775,CCCCCCOc1ccc(C(=O)Nc2ccc(n3cnc4ccccc43)cc2)cc1
2776,2776,O=C([O-])c1ccc(SCC(O)CO)c([N+](=O)[O-])c1
2777,2777,CC1CCN(C(=O)c2ccc3c(c2)nnn3C)CC1
2778,2778,CCOc1ccc(C2=C(O)C(=O)N(c3cccc(C)c3C)C2c2ccc(OC)c(OC)c2)cc1Cl
2779,2779,CC1CCCN(S(=O)(=O)N2CCCC(CC(=O)[O-])C2)C1
2780,2780,CCOCCn1c(=NC(=O)c2ccc(Cl)cc2)sc2cc3c(cc21)OCCO3
2781,2781,CC(C)OC(=O)C(Cc1c[nH]c2ccccc12)NC(=O)C1CCCN1C(=O)C(F)(F)F
2782,2782,CC1CN(C(=O)c2cc([N+](=O)[O-])ccc2Br)CC(CO)O1
2783,2783,N#Cc1ccc(C(=O)OCC(=O)Nc2ccccc2Cl)cc1
2784,2784,CC(C)C(=O)N1CCN(C(=O)c2ccc(CNC(=O)OC(C)(C)C)cc2)CC1
2785,2785,CC(=O)N(CCC(=O)NCCc1ccc2c(c1)OCO2)C1CCCCCC1
2786,2786,CN(C(=O)NC1C2CC3CC1CC(O)(C3)C2)C1CC2CCC(C1)[NH2+]2
2787,2787,CCC1OCCC1C([NH3+])C(C)OC
2788,2788,CSc1ccc(C=CC(=O)OC(C)C(=O)Nc2c(C)cc(C)cc2C)cc1
2789,2789,N#Cc1ccc(C=CC(=O)NCC2(c3ccccc3)CC2)cc1
2790,2790,COC(=O)c1ccc(C(=O)OC)c(NC(=O)C2CCN(C(=O)C3CCCC3)CC2)c1
2791,2791,CC(C)C(NC(=O)Cc1ccccc1)C(=O)Nc1ccc2c(c1)C[NH2+]CC2
2792,2792,C=CC1CC2(C)CCCC(C)C2(CC)N1OCC
2793,2793,Cc1ncn(c2ccc(Cl)c(C(=O)N(C)c3c(C)nn(C)c3C)n2)c1C
2794,2794,CCOc1cccc(C2=C(O)C(=O)N(c3cccc(C(=O)OC)c3)C2c2ccc(OCCC)cc2)c1
2795,2795,CCOC(=O)Nc1ccc(S(=O)(=O)NCCNC(=O)c2c(Cl)c(Cl)c(Cl)c(Cl)c2Cl)c(C(F)(F)F)c1
2796,2796,O=C1Nc2ccccc2NC(c2ccccc2)=[NH+]1
2797,2797,CCc1ccc(NC(=O)C(C#N)=Cc2ccc(OCC(=O)Nc3cccc(Cl)c3)cc2)cc1
2798,2798,CCC1(C)C([NH2+]C)CC1Oc1cc(C)ccc1[N+](=O)[O-]
2799,2799,Cc1ccc(Br)c(C(=O)Nc2cc(S(N)(=O)=O)ccc2Cl)c1
2800,2800,CC(C)(C)NC(=O)Oc1cc2ccccc2[nH]1
2801,2801,CCOc1ccc(C[NH+]2CCc3nc(c4ccc(CC)cc4)n(C)c(=O)c3C2)cc1
2802,2802,COc1ccc(C(=O)Nc2nc(c3cc(C)n(Cc4ccc(F)cc4Cl)c3C)cs2)cc1
2803,2803,CCc1sc(NCC2CCOC(C)(C)C2)nc1C(=O)[O-]
2804,2804,COCC(O)C[NH2+]C(C)c1ccc(Cl)c(Cl)c1Cl
2805,2805,CC1=NC(C)=C(C(=O)OC(C)C)C(c2ccc(C(C)C)cc2)C1C(=O)OC(C)C
2806,2806,O=c1[nH][nH]c(c2ccccc2Br)c1C=O
2807,2807,C[NH2+]C(COc1ccc(F)cc1)Cc1cccc(Cl)c1
2808,2808,CCCCC(CC)COc1c(C)cc(Br)cc1C[NH2+]C1CC1
2809,2809,O=C(CCCc1ccccn1)NCc1ccccc1Cn1cccn1
2810,2810,Nc1cccc(OCC(O)C2CCOC3(CCSC3)C2)c1
2811,2811,CC[NH2+]C(c1ccc(OC)nc1)c1cccc(OC(F)F)c1
2812,2812,O=C(Nc1ccccc1Oc1ccccc1)C1CC(c2ccc(F)cc2)=NO1
2813,2813,Cc1nccn1c1ccc(Nc2ncc3c(n2)-c2ccccc2C(c2ccc(O)c(F)c2)C3)nc1
2814,2814,CC(C)CC(C#N)(NC(=O)COC(=O)CNC(=O)c1ccccc1)c1ccccc1
2815,2815,COc1ccccc1NC(=O)N1CCC(CN2CC3(CCCC3)c3ccccc32)CC1
2816,2816,Cc1ccc(Cn2cc(NC(=O)c3cn(C)c4ccccc34)cn2)cc1
2817,2817,CC(=O)c1ccc(N2CCN(S(=O)(=O)c3c(F)cccc3F)CC2)c(F)c1
2818,2818,Cc1cc(F)c2[nH+]c(C(C)(C)C(=O)[O-])cn2c1
2819,2819,C=CCn1c(=NC(=O)C2CCCN2S(=O)(=O)c2ccc(F)cc2)sc2cc(S(N)(=O)=O)ccc21
2820,2820,O=C(CCCn1cnnn1)Nc1ccc(F)c(C(=O)[O-])c1
2821,2821,CC(=NNC(=O)c1cc(c2ccc(Cl)cc2Cl)[nH]n1)c1cccc(NC(=O)C(C)C)c1
2822,2822,COc1ccc2c(c1)C1(CCCCC1)C(OC(=O)c1ccccc1)C=CC2=O
2823,2823,O=C(NCC(F)(F)F)c1ccn(c2ccc(F)cc2F)n1
2824,2824,C=CCOC(=O)C1=C(C(C)C)NC(=O)NC1c1ccc(OC)cc1
2825,2825,CC(C)(C)NC(=O)CNC(=O)COC(=O)c1cc(Br)ccc1OC(F)F
2826,2826,CSCCC([NH3+])C(=O)NC(CCC(=O)[O-])C(=O)NC(CC(=O)[O-])C(=O)NC(Cc1c[nH]c2ccccc12)C(=O)[O-]
2827,2827,O=C(c1ccccc1)N1CCN(c2ccc(C[NH+]3CCCC3)cc2)CC1
2828,2828,COC(=O)CC1(Nc2ccc(OC)cc2)CCC1
2829,2829,CC1CCC(C(C)C)C(OP(=O)(Cl)Cl)C1
2830,2830,CCCCN(CC(=O)N1CCn2cccc2C1c1ccc(C(C)(C)C)cc1)C(=O)Nc1ccc(OC)cc1
2831,2831,CCOC(=O)C(=Cc1ccc(O)c2ccccc12)CC
2832,2832,CC(c1nnnn1C1CC1)[NH+]1CCOCC2(CCC2)C1
2833,2833,COCCN(CC(C)C)S(=O)(=O)c1ccc(N(C)C)c(C[NH3+])c1
2834,2834,Cc1cc(NC(=O)C2CCN(C(=O)c3ccc4c(c3)OCO4)CC2)no1
2835,2835,CCOC(=O)CNc1cncc(c2ccc3[nH]nc(c4cc5c(cncc5c5cccnc5)[nH]4)c3n2)c1
2836,2836,CCc1cc2c(=O)n3ccccc3nc2n(CCc2ccccc2)c1=[NH+]C(=O)c1ccco1
2837,2837,COc1ccc(Cl)cc1NC(=O)CSc1nnc(C(C)Oc2ccccc2C)n1C
2838,2838,CCCCC(CC)CNc1c(Br)cc(Br)cc1Br
2839,2839,CC(C)N(CC(=O)N(Cc1ccccc1)Cc1cccs1)C(=O)COc1ccccc1
2840,2840,CC(=O)c1ccc(OCC=CCO[Si](C)(C)C(C)(C)C)cc1
2841,2841,O=C([O-])c1ccc(NCCCc2ccc(F)cc2)c(F)c1
2842,2842,Cc1ccsc1c1nc(c2ccc(C(C)(C)C)cc2)no1
2843,2843,CCc1ccc(C(C)NC(=O)C2CSCC[NH2+]2)cc1
2844,2844,CC(C)Cc1c(C(=O)Nc2ccccc2)c2ccccc2nc1c1cccc([N+](=O)[O-])c1
2845,2845,COc1ccc(C(=O)NCCCc2nc3ccccc3s2)cc1OC
2846,2846,O=C(Nc1ccc(Cl)cc1)C1CCCN(S(=O)(=O)c2cccc([N+](=O)[O-])c2)C1
2847,2847,CC1CN(S(C)(=O)=O)CC1c1ncc2cc(F)ccc2n1
2848,2848,COC(=O)Cn1c(=NC(=O)c2cc([N+](=O)[O-])ccc2Cl)sc2cc3c(cc21)OCO3
2849,2849,Cc1ccc(c2ccc(OCCNC(=O)C3CC3c3ccc(F)c(F)c3)nn2)cc1
2850,2850,CC(OC(=O)c1n[nH]c(=O)c2ccccc12)C(=O)NC1CC(C)(C)[NH2+]C(C)(C)C1
2851,2851,N#Cc1[nH]c2cc(F)cc(F)c2c1OCC(O)C[NH+]1CCN(C(=O)C2CCC2)CC1
2852,2852,COC(=O)CC1C[NH+](C(c2ccccc2)c2ccccc2)CCO1
2853,2853,Cc1cc(Br)c(CO)c(C(F)F)c1
2854,2854,CC(C)c1nn(c2ccccc2)cc1CCCNC(=O)Cn1cnc2scc(c3ccc(Cl)cc3)c2c1=O
2855,2855,CCC1(CC)C[NH2+]C(C)(c2ccsc2)CN1Cc1cccs1
2856,2856,CCn1cnnc1C[NH2+]C(C)(C)CCO
2857,2857,O=C([O-])c1ccc(Nc2cc(Oc3ccccc3)ncn2)cc1
2858,2858,[NH3+]C(CO)C(=O)N1CCN(c2nc(n3c(C=O)nc4cc(Cl)ccc43)ccc2O)CC1
2859,2859,CCOc1ccc(NC(=O)COc2ccc(C=NNC(=O)C(=O)Nc3ccc(CC)cc3)cc2)cc1
2860,2860,O=C(C[NH+](CCO)C1CCC1)N1CCc2ccccc2C1
2861,2861,O=C(c1cn(C2C[NH2+]C2)nn1)c1ccc(F)c(Cl)c1
2862,2862,Cc1ccc2c(c1)C([NH2+]CCC1CCCCN1C)CC(C)(C)O2
2863,2863,COc1ccc(C=c2sc3n(c2=O)C(c2ccc(OC(C)C)cc2)C2=C(N=3)c3ccccc3CC2)cc1OC
2864,2864,COc1ccc(C=NNC(=O)c2ccc(C)c(C)c2)cc1C
2865,2865,COC(=O)c1cc(Br)c(OC)c(c2cnccc2C(=O)Nc2cc(C)cc(C3=[NH+]C(c4ccccn4)NC3C(N)=O)c2)c1
2866,2866,CC(c1ccccn1)N1CCCC([NH3+])C1
2867,2867,Cc1cc(C)c(C(=O)COC(=O)c2ccccc2c2nc3ccccc3s2)cc1C
2868,2868,COc1cccc(C(=O)Nc2ccc(NCc3ccccc3C)cc2)c1
2869,2869,CCOCCn1c(CCCl)nc2cc(Br)ccc21
2870,2870,C=CCCNC(=O)Nc1cccc(CCC(=O)[O-])c1
2871,2871,Cc1cc(c2nnc(C(=O)[O-])o2)ccc1F
2872,2872,CCCCn1c(SCc2nc(N)c3ccsc3n2)n[nH]c1=O
2873,2873,COc1ccccc1NC(=O)CNC(=O)c1sc2ncnn2c1C
2874,2874,O=C1NCC(c2[nH]c(c3ccc(Cl)c(F)c3)c[nH+]2)N1
2875,2875,CC(C)CC(C)NC(=O)CSc1nnc(c2cccs2)n1N
2876,2876,O=C(CCC(=O)N1CCC[NH+](Cc2ccccc2)CC1)Nc1ccc2c(c1)NC(=O)CO2
2877,2877,CCC1(C)CN(S(=O)(=O)c2ccc(C#N)nc2)CCO1
2878,2878,CC(C)c1ccc(C(O)CSc2ccc(F)c(F)c2)cc1
2879,2879,COC(=O)c1sc(NC(=O)N2CCC(c3ccsc3)CC2)c(C(=O)OC)c1C
2880,2880,CC1CCC(c2noc(c3cc(N)ccc3O)n2)CC1C
2881,2881,COC(=O)c1ccc(CNC(=O)C23CC4CC(CC(C4)C2)C3)cc1
2882,2882,CCOC(CCNC(NC1CC[NH+](C2CCCC2)C1)=[NH+]C)C(C)C
2883,2883,CC(C)COc1cc(F)cc(CBr)c1
2884,2884,CC1CN(C(=O)CCc2cccc(N)c2)CCN1c1ncc(Cl)cn1
2885,2885,CNC(=O)Nc1cc(c2cn(C)c(=O)c3ccccc32)ccc1C(=O)[O-]
2886,2886,O=c1[nH]c(=O)n(Cc2ccc(F)cc2F)cc1C=Cc1ccc(Br)cc1
2887,2887,NNC(=O)c1c(F)ccc(S(=O)(=O)Cc2ccc(Cl)cc2)c1F
2888,2888,O=C(Cl)C1=CC=C(C(F)(F)F)CC1
2889,2889,O=c1c2c([nH]n1c1ccccc1Cl)CN(c1cccnc1)CC2
2890,2890,NC(c1ccc2c(c1)COC2)C(F)(F)F
2891,2891,Nc1cc(Br)ccc1NC(=O)C1C2C3CCC(C3)C12
2892,2892,COc1ccc(c2nn(CC(=O)c3ccccc3C(=O)NC(C)(C)C)c(=O)cc2OC)cc1
2893,2893,CC(=O)NCCc1ccc(OCCCCCOc2ccc(C(c3ccc(NC(C)=O)cc3)(C(F)(F)F)C(F)(F)F)cc2)c(F)c1
2894,2894,CCCC(C)CN1Cc2c(ccc(Br)c2OC2CCOC2)C(C)(C)C1=O
2895,2895,COc1ccc(C(=O)N2CCC([NH+]3CCC(NC(=O)CCn4ncc(c5cnn(C)c5)c(C(N)=O)c4=O)CC3)C2)cc1
2896,2896,O=C([O-])C1=CC2OC=C(C3=CN4C(=O)c5cccc(c5)C4C3C2F)C1=O
2897,2897,CCn1c(C)nnc1C1CCN(C(=O)C2CCC([NH3+])CC2)CC1
2898,2898,N#Cc1c(S(=O)(=O)Cl)ccc(NN)c1Cl
2899,2899,CC(C)CNC(=O)N1CC(C)[NH+](C)C(C)C1
2900,2900,COc1cccc(C(=O)Nc2ccc(N(C)C)c(C(N)=O)c2)c1OC
2901,2901,C[NH2+]C(c1cc(F)c(F)cc1F)C(C)C1CC1
2902,2902,O=C(CCc1ncc(c2ccc(F)cc2)o1)OCC(=O)c1ccc(Cl)cc1
2903,2903,CCn1cncc1CNc1nc2cc(Oc3ccc(NC(=O)Nc4cc(C(C)(C)C)nn4c4ccccc4)cc3)ccc2o1
2904,2904,O=S1(=O)CCN(S(=O)(=O)c2cccc(C(F)(F)F)c2)CC1
2905,2905,C[NH2+]CC1CCN(C(=O)c2ccc(N3CCCC3=O)cc2)CC1
2906,2906,COc1ccc(CN(C)C(=O)CCCc2nc(c3ccc(F)cc3)no2)cc1
2907,2907,O=C(OC(C(=O)Nc1ccc(Cl)c(C(F)(F)F)c1)c1ccccc1)c1ccccc1C(F)(F)F
2908,2908,O=C1CC2(CCCN(C(=O)CCOc3ccc4c(c3)OCO4)C2)CN1C1CC1
2909,2909,CCCc1nn(C)c2c(=O)nc(N3CCn4c(nnc4C(F)(F)F)C3)[nH]c12
2910,2910,COc1cccc2c1NCC2=O
2911,2911,O=C(C1CC=CC1)N1CCN(c2ccc(O)cc2)CC1
2912,2912,CCCCC(CC)COCCOCC(CC)CCCC
2913,2913,CC(C)CN(CC(C)C)c1ccc(C(C)O)cc1
2914,2914,CC(C)NC(=O)c1ccccc1NC(=O)CN1C(=O)NC2(CCCCCC2)C1=O
2915,2915,C[NH2+]C(CC1CCSCC1)c1cc(Br)c(Cl)s1
2916,2916,COc1cc(NC(=O)C2CC[NH+](CC(=O)Nc3cc(C(=O)NC4CCCCC4C)ccc3C)CC2)ccc1NC(=O)c1cccc(F)c1
2917,2917,CC(C)(C(=O)N1CCC2(C1)OC(=O)Nc1ccc(Cl)cc12)c1ccccc1
2918,2918,CCC(C)(OC)C(=O)N1CCC(O)(C(=O)[O-])CC1
2919,2919,N#CCC1CCC(Nc2ccc3nccn3n2)CC1
2920,2920,Cc1cc(=O)c(C(=O)NC2CCC(=O)N(C)C2=O)nn1c1ccccc1F
2921,2921,CC[NH2+]Cc1ccc(S(=O)(=O)Nc2cncnc2)o1
2922,2922,O=C([O-])c1ccccc1n1c2ccccc2c2cc(Nc3ccc(C(F)(F)F)cc3)ccc21
2923,2923,CC(Sc1ccccc1F)C(=O)N1CCC(N2CC[NH2+]CC2)C1
2924,2924,CC[NH2+]C(c1cccs1)c1ccnnc1CC
2925,2925,O=C(Nc1ccc(F)cc1F)N1CC[NH+](Cc2ccco2)CC1
2926,2926,N#CC(=CNc1ccc(F)c(F)c1F)C(=O)NCc1ccco1
2927,2927,COc1cc(NC(=O)c2sccc2c2ccccc2)c(C(=O)N2CCCCC2)cc1OC
2928,2928,COc1c(Cl)cc(C2=C(O)C(=O)N(c3ccc4cn[nH]c4c3)C2c2cc(Cl)c(O)c(OC)c2)cc1Cl
2929,2929,CCC1(CNC(=O)c2ccc(C#N)cn2)CCCC1
2930,2930,CNc1ncccc1C(=O)NC1CCCCC1C(C)C
2931,2931,CC(C)C[NH2+]Cc1ccccc1OCCc1ccc(Br)cc1
2932,2932,CC(C)c1c(C(=O)N2CCC(c3nc(C(=O)N4CC5CCC(C4)O5)cs3)CC2)cnn1c1ccc(F)cc1
2933,2933,C[Si](C)(C)CCOCn1ccc2c(c3cncc4nc[nH]c43)cccc21
2934,2934,CC(C)CCCC(C)C1CCC2C3CC=C4CC(OC(=O)C(F)(F)F)CCC4(C)C3CCC12C
2935,2935,[NH3+]CC#Cc1ccc(CSc2nc3ccccc3s2)s1
2936,2936,O=C([O-])NCCCCC(O)c1cc(F)c(F)c(F)c1
2937,2937,CCCCSCC(=O)NC(Cc1ccccc1)C(=O)NC(CCC)c1ccccc1
2938,2938,[NH3+]CCc1nc(C(=O)N2CCC(c3ccccc3)C2)cs1
2939,2939,CC(=O)c1nccc2c(Br)cccc12
2940,2940,COc1ccc(c2cc(C(=O)NNC(=O)c3ccccc3Br)c3ccccc3n2)cc1
2941,2941,Cc1ccc2c(c1)CCC1C2C(c2ccc3ccccc3c2)C1(C)c1ccc(c2cccc3ccccc32)cc1
2942,2942,CC1(C)C2CCC1(C)C(OC(=O)C1CC3C=CC1C3)C2
2943,2943,CCc1ccnc(NC)c1CNC(=O)C=Cc1ccc(Br)cc1
2944,2944,CCOc1ccc(C([O-])=C2C(=O)C(=O)N(c3ccccc3O)C2c2cccc(Oc3ccccc3)c2)cc1C(C)C
2945,2945,CNc1c2c([nH+]c3c(Cl)c(F)ccc13)CCCC2
2946,2946,COC(=O)c1cc(N)ccc1S(=O)(=O)NC1C[NH+](C)C1
2947,2947,C=C(C)COC1C(O)C(COCc2ccccc2)OC1(C)O
2948,2948,COc1cc(F)cc(c2cc(N)c(C)s2)c1
2949,2949,CCC1(CC)NC(=O)CN(CCC(F)F)C1=O
2950,2950,O=C(C=Cc1ccc([N+](=O)[O-])s1)Nc1cccc(Br)c1
2951,2951,CCCCCN1C(=O)C(O)=C(C(=O)c2cccs2)C1c1c(C)n(C)c2ccccc12
2952,2952,Cc1cc(=O)c(C(=O)N2CCCC(NC(=O)c3cc4cc(c5ccc(Cl)cc5)ccc4o3)C2)nn1c1ccccc1[N+](=O)[O-]
2953,2953,COC(=O)c1ccc(c2nc(N)sc2C)cc1
2954,2954,COC(=O)c1cc(c2cc(Cl)cc(Cl)c2)n[nH]1
2955,2955,O=C(c1cc(F)cc(Cl)c1)N1CCCC2(CC(OCc3ccncc3)CO2)C1
2956,2956,CC(C)CNC(=O)C(C#N)=Cc1ccc(OS(=O)(=O)c2cccc3ccccc23)cc1
2957,2957,COc1ccccc1C1C(C[NH+]2CCC(C(N)=O)CC2)[NH+](C)CCC1c1ccccc1
2958,2958,[NH3+]CC1CCC(CS(=O)(=O)NC2CCOC3(CCC3)C2)O1
2959,2959,O=C(NCCCOCCc1ccccc1)c1cc2c(s1)CCCCC2
2960,2960,Cc1nc(Nc2ccc(NC(=O)c3cc4ccccc4o3)cc2)cc(n2ccnc2)n1
2961,2961,C=CC[NH2+]C=C(C#N)C(=O)N(CC)CC
2962,2962,COc1ccccc1C(=O)OCC(=O)Nc1ccc(C)c(C)c1
2963,2963,Cn1c(CSc2cnn(C)c2)nnc1C1COc2ccccc2O1
2964,2964,O=C(NCc1ccc(Oc2cccc(F)c2)cc1)c1cc2ncc(Br)cn2n1
2965,2965,CC(C)CC(NC(=O)N(C)CC(C)[NH+]1CCOCC1)C(=O)[O-]
2966,2966,O=C([O-])c1ccc(SC2COC2)c([N+](=O)[O-])c1
2967,2967,COC(=O)C12CC(C(=O)OC(C)(C)C)=C(C)CC1C1=CCC3C4(C)CCC(O)C(C)(C)C4CCC3(C)C1(C)CC2
2968,2968,CCc1cc(C[NH3+])cc(Oc2cc(Cl)c(Br)cc2Cl)n1
2969,2969,COCC(O)CCNC(=O)c1ccc2c(c1)S(=O)(=O)N=C1CCCCCN12
2970,2970,Cc1cc(NC(=O)c2ccc(Cl)nc2Cl)cnc1N1CCC(O)C1
2971,2971,COc1ccc(c2cc(=O)nc(C[NH3+])[nH]2)cc1F
2972,2972,CC(C)([NH3+])COc1c(Br)cc(Cl)cc1[N+](=O)[O-]
2973,2973,COC(=O)C(CCCc1ccccc1)C1CCC2CCCCC2C1
2974,2974,Cc1c(C(=O)[O-])cc(c2ccc(N)cn2)n1C
2975,2975,COc1ccc2c(c1)N(C)C(=O)C1CC(Oc3cccnc3)CN1C2=O
2976,2976,COC(=O)CNC(=O)C(C[NH3+])CC(C)C
2977,2977,CS(=O)(=O)N1CCC[NH+](CCC(O)c2ccccc2)CC1
2978,2978,Nc1ccc2nc(S(=O)Cc3nnnn3c3ccc(S(=O)(=O)C(F)F)cc3)[nH]c2c1
2979,2979,Cc1nc2c(ncn2C2CC(F)C(COP(=O)([O-])OP(=O)([O-])OP(=O)([O-])OP(=O)([O-])[O-])O2)c(=O)n1C
2980,2980,COc1ccc(C(=O)Nc2ccc(NCCc3ccc(F)cc3)nc2)cc1
2981,2981,O=C(COc1ccc(Cl)cc1Cl)c1ccc(F)cc1
2982,2982,Cc1c(C(=O)NNC(=O)c2ccccc2)nc2ccc(Br)cn12
2983,2983,CC1CCC(NC(=O)C2(C(N)=[NH+]O)CC2)CC1
2984,2984,CC(=O)NC1CCC(c2nc(C3CC3)no2)CC1
2985,2985,O=C1C2COc3ccccc3C2=NN1c1ccccc1
2986,2986,Cc1cc(C)cc(NS(=O)(=O)c2c(C)noc2C)c1
2987,2987,CC(Br)CCNC(=O)C(C)c1ccccc1
2988,2988,COc1ccc(C(=O)N2CCC3(CC2)OCCc2ccsc23)cc1Cl
2989,2989,COc1ccc(OC)c(C=NNC(=O)CCC(=O)Nc2ccc(C)c(C)c2)c1
2990,2990,O=C1NCCCc2cc3c(cc21)OCO3
2991,2991,COc1ccc2c(c1)C(c1ccccc1)(c1ccccc1)N(O)C2=O
2992,2992,CC(C)c1ccc(S(=O)(=O)N2CCC(C(=O)NC3CC[NH+](Cc4ccccc4)CC3)CC2)cc1
2993,2993,Cc1cc(N2CC[NH+](Cn3nc(c4cccs4)n(c4ccccc4)c3=S)CC2)n2ncnc2n1
2994,2994,CCOCC(=O)Nc1ccccc1OCC
2995,2995,CC1CCc2cc(CO)c(Cl)c(F)c2C1=O
2996,2996,O=C(NCc1ccc2c(c1)OCO2)c1ccc(=O)[nH]c1
2997,2997,CCC(C)NC(=O)c1cc(Cl)ccc1NC(=O)CNC(=O)C1CC[NH+](CC(=O)Nc2cccc(C(=O)N3CCCC3)c2C)CC1
2998,2998,C=CCCCCCC(NC(=O)OC(C)(C)C)C(=O)N(C)C(CSCC(NC(=O)C1CO1)C(C)O)C(=O)NC(CC(C)C)C(=O)NC(CSC(c1ccccc1)(c1ccccc1)c1ccccc1)C(=O)OC
2999,2999,COc1ccccc1NC(=O)c1cc(c2ccccc2)nc2ccc(F)cc12
3000,3000,O=C([O-])c1cccc(CNC(=O)CCC[NH+]2CCN(c3ccccc3)CC2)c1
3001,3001,CC(=NNS(=O)(=O)c1ccc2c(c1)CCC2)c1ccc[nH]1
3002,3002,CC[NH2+]C(c1cc(Cl)ccc1Br)c1cc2sccc2s1
3003,3003,Cc1c(c2nc(Cc3ccc(Cl)cc3)no2)nnn1CC1COc2ccccc2O1
3004,3004,CCC1(CC)CC(NC(=O)C2CSCN2C(=O)C(NC(=O)COCCOCCOCCOCCOCCNC(=O)COCCC(=O)NCC2COC(=O)C2)C(C)C)CCO1
3005,3005,CC(NC(=O)N(CC[NH+](C)C)C(C)C)C1CCC[NH+](C2CCCC2)C1
3006,3006,O=C(C[NH+]1CCC(C(=O)N2CCCC2C(=O)Nc2cc(NC(=O)c3cccc(F)c3)ccc2F)CC1)Nc1cc(C(=O)N2CCCC2)ccc1Cl
3007,3007,CSc1ccc(C2Nc3ccccc3NC3=C2C(=O)CC(c2cccs2)C3)cc1
3008,3008,CCCS(=O)(=O)Nc1cccc(c2csc(c3ccco3)n2)c1
3009,3009,CC(C)c1cc(Br)c(F)cc1[N+](=O)[O-]
3010,3010,CCOCCCNc1ccc(C(=O)NC2CC2)cc1
3011,3011,CCC(C)Nc1ncnc(NCc2ccc(Cl)cc2)c1N
3012,3012,O=C(NN=Cc1cnc[nH]1)c1cccc(I)c1
3013,3013,CC1CN(C(=O)CNC(=O)C([NH3+])C(C)C)CC(C)O1
3014,3014,O=C([O-])CCNC(=O)Nc1ccccc1OCC(F)F
3015,3015,Cc1c(Br)cc(Br)cc1C=O
3016,3016,CC(=O)Nc1cc(NC(=O)CNC(=O)C2CC[NH+](CC(=O)Nc3cccc(C(=O)Nc4ccc(C)cc4F)c3C)CC2)ccc1Cl
3017,3017,Cc1[nH]c2ccccc2c1C1Nc2ccccc2NC1=O
3018,3018,CC1CC(OCc2cnc(N3CCCC3)nc2)CC(OCc2cccc(C(=O)NCCc3ccccc3)c2)O1
3019,3019,COc1cccc(CC(C)NC(=O)N2Cc3cnn(c4ccccc4)c3COC(C[NH3+])C2)c1
3020,3020,CC(NC(=O)C1CCCN(S(=O)(=O)c2ccc(F)cc2)C1)c1ccc(F)cc1
3021,3021,Cc1[nH]nc(S(=O)(=O)N(C)C(C)CC#N)c1C[NH3+]
3022,3022,O=C(c1ccc(n2cccc2)cc1)N1CCN(c2cnccn2)CC1
3023,3023,CCC1(CC)CN(c2cc(Cl)nc(C)n2)C(C2CC2)C[NH2+]1
3024,3024,COC(=O)c1nc(C)cc(C#N)c1OC(F)(F)F
3025,3025,Cc1ccc(C(N)=S)cc1S(=O)(=O)N(C)Cc1csc(Br)c1
3026,3026,NNC(=O)c1ccnc(N2CCCC2)n1
3027,3027,O=C(c1csc(c2cc(Br)cs2)n1)N1CCC2(CC1)OCCO2
3028,3028,N#Cc1ccccc1CN1C(=O)C(=O)N(Cc2ccco2)C1=O
3029,3029,O=Cc1c(CCl)ncc(Cl)c1C(F)F
3030,3030,COc1ccc(Cl)cc1NC(=O)c1cccc([N+](=O)[O-])c1Cl
3031,3031,N#Cc1ccc(Br)cc1NCC1C2CC3CC(C2)CC1C3
3032,3032,CC1CCCC(Sc2ncccc2Br)C1
3033,3033,O=C(NCCCc1nc2ccccc2s1)C1CC(c2ccccc2Cl)NN1
3034,3034,COc1cc(NCc2csc(c3ccsc3)n2)c([N+](=O)[O-])cc1F
3035,3035,O=C([O-])C1[NH2+]CC2C1CN2S(=O)(=O)Cc1ccccc1
3036,3036,O=CC(c1ccccc1)N1CCC(C2CC(=O)N(c3ccc(Br)cc3)C2=O)CC1
3037,3037,CC(C)Cc1noc(C[NH+]2CCCCC2c2nccn2C)n1
3038,3038,CNc1ccc(C(=O)Nc2cc(C)nn2C2CC2)nc1
3039,3039,CSCCNc1nc(C2CC2)nc(Cl)c1C
3040,3040,O=C([O-])C=Cc1cn(CCOc2cccc3ccccc23)nn1
3041,3041,Cn1ccnc1CN(C(=O)C(C)(C)S(C)(=O)=O)c1ccccc1
3042,3042,CC(=O)N(CCC(=O)NCc1ccccc1Cl)Cc1ccccc1
3043,3043,CC(C)[NH+](Cc1nc(C(C)(C)C)c(C[NH2+]C(C)(C)C)s1)C1CCCC1
3044,3044,COC(=O)C1=C(C)NC(C)=C(C(=O)OCCC[NH+]2CCC(C)CC2)C1c1cccc([N+](=O)[O-])c1
3045,3045,CC[NH2+]C(C)c1ccc(N2CCCOC(C)C2)cn1
3046,3046,CCOC(=O)CC1CC[NH+](C(c2cccc(O)c2)C2CC2)CC1
3047,3047,CCOC(=O)c1ccoc1CSc1nnc(NC(=O)c2ccc3c(c2)OCO3)s1
3048,3048,N#Cc1cc(Cl)ncc1Nc1cc(OC(F)(F)F)c(F)cc1N
3049,3049,COc1c(Br)cc(C)cc1C(O)c1cccc(O)c1
3050,3050,O=C1NC(C2CCCC2)C(=O)N1Cc1nccs1
3051,3051,CC(C)C(NC(=O)c1ccccc1Cl)C(=O)Nc1ccc(n2ccnc2)cc1
3052,3052,O=C1CN(CC(=O)Nc2ccc3c(c2)OCO3)c2ccc(Cl)cc2N1
3053,3053,Nc1c(C(=O)NC2CCCC2)cc(c2ccc(C[NH+]3CCCC3)c(C(F)(F)F)c2)n1CC1CCCCC1
3054,3054,COc1ccc(c2oc(C[NH+]3CCOCC3)nc2C)cc1F
3055,3055,CC(=O)Nc1nccc(c2sccc2O)n1
3056,3056,CC(C)c1noc(C2CN(S(C)(=O)=O)C2c2ccccc2)n1
3057,3057,C=CCN(c1ccc(C[NH2+]C)cc1F)C(C)C
3058,3058,CCOc1ccc(Oc2c(F)c(F)c(F)c(F)c2F)cc1
3059,3059,CCOC(=O)c1ccc(NC(=S)Nc2ccc(N(CC)CC)cc2)cc1
3060,3060,O=C(COc1ccc(C=NNC(=O)c2ccc(F)cc2)cc1)Nc1ccc(Cl)cc1
3061,3061,Cc1cc(Br)cc(C)c1Oc1ccc(CCl)cc1
3062,3062,COc1cc(NCc2ccco2)cc[nH+]1
3063,3063,C=CCn1c(=NC(=O)c2ccc([N+](=O)[O-])o2)sc2ccc(Cl)c(Cl)c21
3064,3064,CC(C)=CCOC(=O)Nc1cccc(N2C(=O)C(Cl)C(c3ccc([N+](=O)[O-])cc3)C2c2cccc(O)c2)c1
3065,3065,COc1c(O)cc(Cl)c(F)c1[N+](=O)[O-]
3066,3066,Cc1ccc(CNc2ccnc(Nc3cc(Cl)ccc3C)n2)cc1
3067,3067,O=C(NCc1cccs1)c1nc(c2ccc(Cl)cc2)n(c2ccc(Cl)cc2)n1
3068,3068,O=C(c1ccc2cc[nH]c2c1)N1CCOC(CO)C1
3069,3069,CC(C)(C)c1ccccc1OCC(O)CNc1cccc(C(F)(F)F)c1
3070,3070,Nc1cc2sc(Br)cc2c(Br)c1C(=O)[O-]
3071,3071,Cc1ccc(S(=O)(=O)Cc2cccc(C#N)c2)cc1
3072,3072,Cc1ccc(N)c(C(=O)OC2CCCC(C)C2)c1
3073,3073,O=C(CNC(=S)Nc1ccc(F)cc1)OCc1c(F)cccc1Cl
3074,3074,CCOc1cc(c2ccoc2CC)ccc1OC
3075,3075,O=C(Oc1ccc([N+](=O)[O-])cc1)C1CC[NH+](Cc2ccc(F)cc2)CC1
3076,3076,Cn1cccc1c1cnc(C(=O)NC(Cc2cnc[nH]2)C(=O)[O-])cc1Cl
3077,3077,CCn1ncc(Cl)c1C([NH3+])CCc1ccccn1
3078,3078,CC1CN(C(NCc2cccc(NC(=O)C3CCCO3)c2)=[NH+]C2CC3CCC2C3(C)C)CCO1
3079,3079,CCCCCCCCC1CCCC1OC(=O)[O-]
3080,3080,CC(C)NC(=O)N1CC2CCCC(c3ccccc3)C21
3081,3081,CCCc1nc(NCC)c(C)c(N2CCSC(C)(C)C2)n1
3082,3082,COc1ccc(C([NH2+]CC(O)COc2ccc(CC(C)C)cc2)C2SC(=O)[N-]C2=O)cc1
3083,3083,O=C1NC(=O)C(CC2CCCC2)(Cc2cccc(F)c2)C(=O)N1
3084,3084,COc1ccc(C(O)c2oc3ccc(Br)cc3c2C)cc1OC
3085,3085,CCOC(=O)c1cnc(NCc2ccon2)cn1
3086,3086,COc1cc2nccc(Oc3ccc(N4CC[NH+](C)CC4)cc3)c2cc1OC
3087,3087,O=C(COc1cccc(OC(F)(F)F)c1)Nc1cnn(CC2CCCO2)c1
3088,3088,O=C(NC(=S)Nc1ccc(I)cc1C(=O)[O-])c1ccc2c(c1)OCO2
3089,3089,CCC1CCCCN1C(=O)C(C)S(=O)(=O)Cc1nc2ccccc2n1C(F)F
3090,3090,CCC(C)(Br)C(=O)c1c(C(C)C)cccc1C(C)C
3091,3091,CC(C)(C)[NH2+]CCCc1c[nH]c2ccccc12
3092,3092,O=C(Nc1ccccc1Br)C1CCN(C(=O)c2ccccc2F)CC1
3093,3093,CC(=O)c1ccc2oc(c3nc(NCc4ccccc4Cl)c4cccn4n3)nc2c1
3094,3094,CCCC[NH2+]C1=C(C)N(CC)CC1
3095,3095,CCCCCCC(Cl)C(=O)OCC
3096,3096,CC1CCc2nc(C3CCCCCS3)nc(Cl)c2C1
3097,3097,CCCCN1CC(C(=O)Nc2nc(c3ccc(F)cc3)cs2)CC1=O
3098,3098,CNC(=O)N(C)C1CN(c2cc[nH+]c3ccc(C(=O)[O-])cc23)C1
3099,3099,O=C(NCCc1ccc(F)cc1)c1csc(Nc2ccccc2F)n1
3100,3100,CC1C[NH+](C(C)C(=O)Nc2ccc3c(c2)C(=O)CC(C)(C)O3)CC(C)O1
3101,3101,Cc1ccc2c(c1)CCCN2c1nc(Cl)ncc1Br
3102,3102,COC(=O)c1c(NC(=O)c2ccnc(C(=O)N3CCCC(C)C3)c2)scc1c1cccs1
3103,3103,CC1CCCC([NH+](Cc2cc(=O)n3[nH]c(C4CC4)cc3n2)CC(C)c2ccccc2)C1C
3104,3104,C=CCN(CC=C)c1ccccc1S(=O)(=O)NC(=O)NCC
3105,3105,CC(OC1C=CCCCCC1N(O)C=O)c1cccc(OCc2cccc(OS(C)(=O)=O)c2)c1
3106,3106,Cn1cc(C(=O)N2CCCC2c2nc3ccccc3s2)c(C2CCOC2)n1
3107,3107,CCc1cccc(NS(=O)(=O)c2cn[nH]c2N)c1
3108,3108,CC(C)c1nc(C(C)S(C)(=O)=O)sc1C[NH2+]C(C)(C)C
3109,3109,Cc1nn(C(C)C)c(C)c1C[NH+]1CCn2c(n[nH]c2=O)C1
3110,3110,COc1cc2c(cc1OC)CN(C(=O)CNc1ccc(Oc3ccccc3)cc1)CC2
3111,3111,CC(=O)c1ccc(C(F)(F)c2ccc(C)cc2)cc1
3112,3112,Cc1cc(N2CCC3CCCCC32)ccc1C(=O)[O-]
3113,3113,CC(C)C(C(=O)N1CCCS(=O)(=O)CC1)C(N)=S
3114,3114,O=C(NCc1cccnc1)C(=O)N1CCN(c2ccccn2)CC1
3115,3115,Cc1cc(OCCCC(F)(F)F)cc(C)c1c1nn(C)c(N)c1Br
3116,3116,O=C(C[NH+]1CCN(S(=O)(=O)c2ccc(I)cc2)CC1)NC1CC1
3117,3117,CC1C2Cc3cc(C)ccc3NC2C(C)C1C
3118,3118,COc1ccccc1NC(=O)c1cc(NC(=O)C2CCCN2C(=O)C2CC[NH+](CC(=O)Nc3ccc(Cl)c(C(=O)NC4CCCC4)c3)CC2)ccc1Cl
3119,3119,COc1ccc(CNc2nc(=O)c3c([nH]2)NC(=O)CC3C(=O)NC2CCCCCC2)cc1
3120,3120,Cc1cc(NC(=O)C2CC[NH+](CC(=O)Nc3cc(C(=O)NC(C)C)ccc3Cl)CC2)ccc1NC(=O)c1ccccc1Cl
3121,3121,Cc1c(Br)cccc1C(=O)N1CCCC(Oc2ncccn2)C1
3122,3122,Cc1ccc(Oc2cc(C)nc3ccccc32)cc1C
3123,3123,Cc1ccc(OC2CCN(C(=O)C3C[NH2+]CCO3)C2)nn1
3124,3124,CCC(C)n1ccc(CNc2cccc(F)c2C(=O)[O-])n1
3125,3125,COc1ccc(N2CC[NH2+]C(CC(=O)[O-])C2)cc1C(C)C
3126,3126,CNc1nc(C)cc(Nc2ccc(C)cc2C)n1
3127,3127,Cc1ccc(C2(c3ccc(OC(C)C)cc3)c3cc(c4cc5c6cc(c7ccc(OC(C)C)cc7)ccc6n(c6ccccc6)c5c5ccccc45)ccc3-c3ccc(c4ccccc4)cc32)cc1
3128,3128,O=C(NCC1CCCO1)c1cccc(NCc2ccco2)c1
3129,3129,Cc1cc(C)c(OCC(=O)N2CCC(O)(C[NH+]3CCCCC3)CC2)c(C)c1
3130,3130,COc1cc(Br)c(C(CC(=O)[O-])NC(=O)C2CC2)cc1OC
3131,3131,N#Cc1ccc(CNc2ccc(C(=O)c3cccs3)cn2)c(F)c1
3132,3132,COc1ccc(NC(=O)NCc2ncc(C)s2)cc1NS(C)(=O)=O
3133,3133,CCC1=Nc2cc(OC)c(OC)cc2C(O)(c2ccc(C)cc2C)C1
3134,3134,CCC1(OC(=O)C(O)C2CC3CCC2O3)C(C)C(C)(C)CC2OC2(C)C1OC(=O)OC
3135,3135,Cn1nccc1S(=O)(=O)NC(CCl)C(C)(C)C
3136,3136,COC(=O)c1ccc(N2C(=O)c3ccc(C(=O)OCC(=O)Nc4ccc(C)c(F)c4)cc3C2=O)cc1
3137,3137,O=c1[nH]c2ccccc2c2nnc(Cl)cc12
3138,3138,CCCCC(CC)CN(CC(CC)CCCC)S(=O)(=O)c1ccc2[nH]c(C(=O)N(CC(CC)CCCC)Cc3ccc(N)cc3)c(c3ccccc3)c2c1
3139,3139,O=C([O-])C=Cc1cc(I)c(OCc2ccccc2Cl)c(I)c1
3140,3140,CCCCCCn1cc(I)c2c(N)cccc21
3141,3141,O=C(C(=O)c1ccccc1)C(Cl)(C(=O)c1ccccc1)P(=O)(c1ccccc1)c1ccccc1
3142,3142,O=C1CCCN1CCCCSc1nnc(c2c[nH]c3ccccc32)o1
3143,3143,COC(=O)c1nc(SC)nc2c1CCCCC2
3144,3144,COc1cc2c3c(c1OC)C1CN(C(=O)c4ccco4)CC1CC3[NH2+]2
3145,3145,O=Cc1cccn1c1ccc([N+](=O)[O-])nc1
3146,3146,COc1ccc(CCC(=O)Nc2cnccn2)c(OC)c1OC
3147,3147,CCOC(OCC)C(=O)c1ccc(SCCCO)c(C)c1
3148,3148,Cc1cccc2c1NC(C)(C1=CC(C)(OC(N)=O)c3ccccc31)c1ccccc1-2
3149,3149,COc1ccc(CNC(=O)c2cc(SC)c(OC)c(OC)c2)c(OC)c1
3150,3150,O=C([O-])c1cncc(NC(=O)c2cc(Br)ccc2F)c1
3151,3151,CC(C)(C#N)Nc1cc(Br)ccc1Cl
3152,3152,COc1cc2oc(c3ccc(O)c(O)c3)c(O)c([O-])c-2c(=O)c1
3153,3153,[NH3+]C1(CN2C(=O)C(=O)c3cccc(Cl)c32)CCSC1
3154,3154,C=CC1CC1(NC(=O)C1CC(Oc2cc(c3nc(C(C)C)cs3)nc3c(Cl)c(OCC[NH+]4CCCCC4)ccc23)CN1C(=O)C(NC(=O)OC1CCCC1)C(C)(C)C)C(=O)OC
3155,3155,CC(CCC1CCCC1)[NH2+]C1CC(c2ccccc2Cl)C1
3156,3156,COC(=O)c1cccc(N2C(=O)C(=O)C(=C([O-])c3cccc(OC(C)C)c3)C2c2cccc(Oc3ccccc3)c2)c1
3157,3157,CC(OC(=O)c1ccccc1OCc1ccc2c(c1)OCCO2)C(=O)Nc1ccc(F)cc1F
3158,3158,Cc1ccc(S(=O)(=O)NC(C)C(=O)Nc2ccccc2SC2CCCC2)cc1
3159,3159,CCCCc1n[nH]c(=S)n1N=Cc1cc(C)n(c2cccc(O)c2)c1C
3160,3160,O=C([O-])CNC(=O)N1CCN(C(=O)c2cccs2)CC1
3161,3161,CC(=O)c1c(C)nn2c1nc(C)c2=O
3162,3162,CCCCCCn1c(N2CCN(C(=O)c3ccc4c(c3)OCO4)CC2)nc2c1c(=O)[nH]c(=O)n2C
3163,3163,Cc1cc(N2CCCC(NC(=O)N3CCc4nc[nH]c4C3)C2)n[nH]1
3164,3164,O=C([O-])C1C[NH2+]CCN1C1CCOC2(CCSCC2)C1
3165,3165,O=C(c1csc(c2ccccc2F)n1)N1CCN(S(=O)(=O)c2ccc(Br)s2)CC1
3166,3166,COCOc1ccc(C2NC(=S)NC(c3ccc(F)cc3)[NH2+]2)cc1OC
3167,3167,CCOC(=O)C(C#N)C1CSc2ccccc2O1
3168,3168,CC(NC(=O)C1CCCO1)C(=O)NCCc1cccc(Cl)c1
3169,3169,Fc1ccc(C2([NH2+]CC(=Cc3ccccc3F)c3ccccc3)CC2)cc1
3170,3170,CC[NH2+]Cc1ccc(OCCOc2ccc(F)cc2)nc1
3171,3171,CC(=O)C1C(c2ccccc2)C(CO)N(C(C)=O)C(C(C)=O)C1C
3172,3172,COC(=O)c1ccc(N2C(=O)C(Cl)=C(Nc3ccc([N+](=O)[O-])cc3)C2=O)cc1
3173,3173,CS(=O)(=O)N1CCC(c2nc(c3ccc(C(=O)N4C5CCC4CC5)c(F)c3)c3c(N)n[nH]n23)CC1
3174,3174,CC(C)SC1=C(C(=O)OCc2ccccc2)C(c2ccccc2)C(C(=O)OCc2ccccc2)=C(C)N1
3175,3175,CSCCC(NC(=O)C(CC(=O)[O-])NC(=O)C(CCC(N)=O)NC(=O)C([NH3+])CS)C(=O)[O-]
3176,3176,Cc1ccc(CN(C(=O)CSc2n[nH]c(C3CC3)n2)C2CC2)o1
3177,3177,O=C(NC(=S)Nc1nc(c2ccccc2)cs1)c1ccc2c(c1)OCCO2
3178,3178,CC1CCc2c(sc(NC(=O)CCCOc3ccc(Cl)cc3)c2C(N)=O)C1
3179,3179,C=CC(=O)OC(C)C(C)C(O)C([NH3+])Cc1cccc2ccccc12
3180,3180,Cc1ccc(F)c(NC(=O)C2([NH3+])CCC2)c1
3181,3181,COc1ccc(Cl)cc1C(=O)N1CCC(C(=O)NCc2ccccc2F)CC1
3182,3182,N#CC(CNc1ccc([N+](=O)[O-])cc1)c1ccccc1
3183,3183,Cc1ccc(S(=O)(=O)NCCC(=O)NC(C)C(C)C)cc1C
3184,3184,O=C(COC(=O)c1ccccc1NCCO)Nc1ccc([N+](=O)[O-])cc1
3185,3185,Cc1cc(c2ccsc2)sc1C(=O)N1CCN(C(=O)c2ccco2)CC1
3186,3186,O=C(COc1cccc2ccccc12)Nc1cc(n2cccn2)ccn1
3187,3187,CNS(=O)(=O)c1ccc(Sc2nnc(C)s2)cc1N
3188,3188,CC(CC(=O)NO)Nc1cc(F)c(Br)cc1[N+](=O)[O-]
3189,3189,O=C(CN1C(=O)NC2(CCCC2)C1=O)N1CCc2c([nH]c3ccccc23)C1
3190,3190,C=CCc1cc(C2SCC(=O)N2c2ccccc2C(F)(F)F)ccc1OC
3191,3191,COc1ccccc1Oc1ccc(S(=O)(=O)N2CCCCC2)cc1NC(=O)c1ccccc1
3192,3192,N#Cc1cccc(CSc2n[nH]c(Cc3ccccc3)n2)c1
3193,3193,Cc1cc(C)c(NC(=O)CN2C(=O)NC(C)(c3ccc4ccccc4c3)C2=O)c(C)c1
3194,3194,[NH3+]C1C2CCC(C2)C1C(=O)NCC1CCCC1O
3195,3195,COCCn1c(=S)[nH]c2cc(C(=O)NC3CC3)ccc2c1=O
3196,3196,O=C(C1CC1)N1CCN(c2cc(n3c(C(F)F)nc4ccccc43)ncn2)CC1
3197,3197,CC1(O)C(OP(OCCC#N)N(Cc2ccccc2)Cc2ccccc2)OC1n1cnc2c(N)ncnc21
3198,3198,CC(C)CC(NC(=O)C(CS)NC(=O)C1CCCN1C(=O)C(Cc1ccc(O)cc1)NC(=O)C([NH3+])C(C)C)C(=O)[O-]
3199,3199,CN(CC(=O)NCC1CC1)c1cc(N)ccc1C(=O)NC(C)(C)C
3200,3200,Cc1ccc(Cn2c(C)nnc2SCC(=O)c2ccc(OCc3ccc(F)cc3)cc2)cc1
3201,3201,CC(C)CC(C)N(C)c1ccc(C(N)=[NH2+])cc1F
3202,3202,C[NH2+]C(Cc1ccn(C2CCCC2)n1)C1CCCC(C)C1
3203,3203,O=C(NCC(O)c1cccc(Oc2ccccc2)c1)c1ccco1
3204,3204,CCCc1ccc(S(=O)(=O)NC2=[NH+]C(=O)C(=Cc3ccc(c4ccc(Cl)cc4Cl)o3)S2)cc1
3205,3205,CCS(=O)(=O)N1CCC(NC(=O)NCc2cccc(C)c2)CC1
3206,3206,NC(Nc1cc(I)ccc1Cl)=[NH+]CCc1c[nH]c2ccccc12
3207,3207,O=C=NC1C2C3CC(C4OC34)C1C2
3208,3208,CCc1ccc(C([O-])=C2C(=O)C(=O)N(c3ccc(C(C)(C)C)cc3)C2c2ccc(O)cc2)cc1
3209,3209,Cc1cc(F)ccc1NC(=O)c1ccc(C)c(NC(=O)C(C)[NH+]2CCC(C(=O)NCC(=O)Nc3ccccc3C(=O)NC3CCCC3)CC2)c1
3210,3210,O=C(COC(=O)CCc1ccc2ccccc2c1)Nc1ccccc1F
3211,3211,Cc1nn(c2nc3ccccc3o2)cc1C=CC(=O)OCC(=O)Nc1ccccc1SC(F)F
3212,3212,COC(=O)Cn1c(=NC(=O)C2CCCCN2S(=O)(=O)c2ccc(C)cc2)sc2cc(F)cc(F)c21
3213,3213,CSCCC(NC(=O)c1cnc(C)cn1)C(=O)[O-]
3214,3214,CC(OC(=O)c1cccs1)C(=O)Nc1ccc(N2CCCC2=O)cc1
3215,3215,COc1ccccc1C(CNC(=O)c1cnn(C(C)(C)C)c1)[NH+](C)C
3216,3216,COc1ccc(C=C(C#N)C(=O)Nc2cccc(Cl)c2Cl)c(OCc2ccc(Br)cc2)c1
3217,3217,O=C([O-])CCCCC(=O)c1ccc2c(c1)CCO2
3218,3218,O=C(c1cc(F)c(F)cc1Cl)N1CCCSCC1C[NH+]1CCCC1
3219,3219,O=C([O-])C=Cc1ccc(Sc2nncs2)cc1
3220,3220,COC(=O)C(c1ccccc1)n1cccn1
3221,3221,CCn1nc(C)c(Br)c1CC(CC(C)C)[NH2+]C
3222,3222,Cc1nc(C2CC3CCC2C3)sc1C(C)O
3223,3223,Cc1ccc(C#CCO)cc1C(=O)N(CCO)CCO
3224,3224,CCC1CC2C(=O)CC1(C)C2(C)C
3225,3225,CC(=O)Nc1cccc(C(=O)N(C)Cc2ccccc2N)c1
3226,3226,COc1ccccc1c1nsc(C2([NH3+])CCCC(C)C2)n1
3227,3227,CNc1cnc(C[NH+]2CCCC2)cn1
3228,3228,CC(C)([NH3+])CC(=O)NC1CCc2ncsc2C1
3229,3229,CCCCN(CCC)S(=O)(=O)c1ccc(OCC(=O)Nc2ccccc2OC)cc1
3230,3230,CC1CCC(C)N1C(=O)CN1Cc2ccccc2-c2ccccc2S1(=O)=O
3231,3231,Cc1c[nH+]c(SCC(=O)[O-])n1C1CCC1
3232,3232,CCOc1ccc2[nH]c3c(c2c1)CC(NC(=O)CCCl)C3
3233,3233,C=CC1CC1(NC(=O)C1CC(OC(=O)Nc2cc(Cl)ccc2Cl)CN1C(=O)C(NC(=O)OC(C)(C)C)C(C)(C)C)C(=O)NS(=O)(=O)C1CC1
3234,3234,Nc1cc(C=O)c(CC(=O)[O-])cc1F
3235,3235,Cc1nnc2c(NC3CC3)nccn12
3236,3236,O=C(Nc1cc(c2ccco2)nn1c1ccc(F)cc1)c1csc(C2CCN(C(=O)C3CC3)CC2)n1
3237,3237,CC1CN(C(=O)NC2CCC3CCCC3C2)CCS1(=O)=O
3238,3238,COC(=O)c1c(C2CC2)csc1NC(=O)COC(=O)CNC(=O)c1cccc([N+](=O)[O-])c1
3239,3239,CSc1ncccc1C(=O)N(C)C(C)c1ccc(C)s1
3240,3240,CCOC(=O)[N-]C(=O)C[NH+]1CCN(Cc2ccccc2)CC1
3241,3241,CCC(C)C(=O)Nc1cc(NC(=O)CNC(=O)C2CC[NH+](C(C)C(=O)Nc3ccc(C(=O)NC)cc3C)CC2)ccc1Cl
3242,3242,Cc1cc(C)cc(N(C)c2ccc3nc(C4CC4)oc3c2)c1
3243,3243,CCOC(=O)Cc1csc(NC(=O)c2ccc(OC)nn2)n1
3244,3244,CC1CN(c2cc(N3CCN(c4ccccc4Cl)CC3)ncn2)CC(C)[NH2+]1
3245,3245,Cc1nccc(C[NH2+]Cc2cn3cc([N+](=O)[O-])ccc3[nH+]2)n1
3246,3246,COC(=O)c1cc(NC(=O)COc2ccccc2C#N)nn1C
3247,3247,O=C(NCCC1=CCCCC1)C1CCN(c2ncccn2)CC1
3248,3248,O=C(c1ccccc1)C1(c2ccccc2)CC[NH+](CCc2ccccc2)CC1
3249,3249,COc1ccc(C(OCC2OC(n3cnc4c(=O)nc(N)[nH]c43)CC2O)(c2ccccc2)c2ccc(OC)cc2)cc1
3250,3250,C[NH2+]C(C)(C)C(=O)NC(Cc1cnc[nH]1)C(=O)N(C)C(CCC(=O)[O-])C(N)=O
3251,3251,CC(C)C[NH+]1CCN(c2cncc(NN)n2)CC1
3252,3252,COc1ccc(OC)c(NS(=O)(=O)CCNC(=O)c2c(C)onc2c2c(F)cccc2Cl)c1
3253,3253,CC(=O)NCc1ccc(C(=O)COC(=O)Cc2nc(c3ccsc3)no2)cc1
3254,3254,COc1ccc(c2cc3ccncc3[nH]2)cc1C(C)C
3255,3255,Cc1cc(C)n(c2ncnc(NC3CC(C)(C)[NH2+]C(C)(C)C3)c2N)n1
3256,3256,COc1ccc(c2ccsc2C(=O)[O-])cc1F
3257,3257,CCC(C)N(Cc1cccs1)C(=O)c1oc2ccc(Cl)cc2c1C
3258,3258,O=C(OCC[NH+]1CCOC(c2cccnc2)C1)c1ccc(F)cc1
3259,3259,CCc1cn[nH]c1NC(=O)c1cc2ccccc2[nH]1
3260,3260,COCC1CNC([NH+](CCN(C)C)CC(C)C)=[NH+]C1
3261,3261,CCCCCCc1c(C)[nH]c2cc(O)ccc12
3262,3262,[NH3+]CCc1nccc(c2cccc(F)c2)n1
3263,3263,CCc1cnccc1C(O)c1ccc(OC)c(F)c1
3264,3264,CCCCC(C(=O)[O-])N(N)C(CC)C(=O)[O-]
3265,3265,CC[NH2+]C(CC)C(C)Sc1ccc2c(c1)CCC2
3266,3266,COC(=O)c1ccccc1N1C(=O)C(O)=C(c2cccc(OC)c2)C1c1ccc(OCC(C)C)cc1
3267,3267,CCC1(CC)NC(=O)N(CC(=O)OCC(=O)Nc2cc(Cl)ccc2C#N)C1=O
3268,3268,C=CCc1ccc(C=CC2C3=CCC4C(=O)N(c5ccc(c6ccc(N)cc6)cc5)C(=O)C4C3CC3C(=O)N(Nc4ccc(Cl)cc4)C(=O)C32c2ccc(Cl)cc2)cc1O
3269,3269,Cc1oc(c2ccccc2)nc1CCOc1ccc(CC(C)([NH3+])C(=O)[O-])cc1
3270,3270,CC[NH2+]C(c1cc(C)oc1C)C1CC1(C)C
3271,3271,O=C([O-])c1ccccc1CC(=O)Nc1ccc(N2CCCCC2)cc1
3272,3272,O=C(NCc1ccc2c(c1)OCO2)c1ccc(NC2CCCC2)nc1
3273,3273,O=C(NCCc1cccs1)C(c1ccccc1)[NH+]1CCN(CC(=O)NCCc2cccs2)CC1
3274,3274,CCCCCCCOc1cc(N(C(=O)C2C[NH2+]CC2NC(=O)OC)C2CC2)cc(OC)c1
3275,3275,CCCCN(CC)c1cc[nH+]c2cc(F)ccc12
3276,3276,CC(C)NC(=O)c1cn(CC(=O)N(C)CCc2ccccc2)nn1
3277,3277,CC(C)COc1cccc(C2=C(O)C(=O)N(c3ccccc3)C2c2ccccc2C(=O)[O-])c1
3278,3278,CCCCNc1ccc(OC)c(I)c1
3279,3279,CCOC(=O)c1nn(Cc2ccc(OC)cc2)c2c1CN(S(=O)(=O)c1ccccc1Cl)CC2
3280,3280,COc1ccc(Cl)cc1S(=O)(=O)N1CCC(C(=O)NC2CCCC2)CC1
3281,3281,COc1ccc(N2CC(c3nc4ccccc4n3CCC[NH+](C)C)CC2=O)cc1
3282,3282,[NH3+]C(c1cccc2ccccc12)C1CCCCC1
3283,3283,CCCCC(NC(=O)N(CCC)CCC)C(=O)[O-]
3284,3284,Cc1ncsc1C[NH+](C)CCN1C(=O)NC(C)(c2ccc(Cl)cc2)C1=O
3285,3285,C=CCn1c(SCC(=O)NCCOC)nc2c(c1=O)SCC2
3286,3286,COCCOCCOCCOCCOc1ccc(C#Cc2ccc(OCC(C)OCCOCCOCCOCCOCCOCCOCCOCCOCCOCCOC(=O)C(=[N+]=[N-])C(=O)OC)cc2)cc1
3287,3287,CCOC(=O)c1c(NC(=O)c2ccn(COc3ccc(F)cc3F)n2)scc1c1ccc(C)cc1
3288,3288,O=C(NCC1(CO)CC1)c1ccc([N+](=O)[O-])c(F)c1
3289,3289,FC(F)(F)c1cc(c2ccc(Cl)cc2)nc(Cl)n1
3290,3290,CCCCCC(F)c1ccc(c2ccc3c(F)c(c4ccc(OC(F)C(C)F)cc4)ccc3c2)cc1
3291,3291,Cn1ccc(NC(=O)c2nnn(c3cccc(Cl)c3)c2C(F)(F)F)n1
3292,3292,O=C([O-])CCC1CCCN(C(=O)c2cc(c3ccccc3Cl)n[nH]2)C1
3293,3293,Cc1cc(Oc2ccc(F)cc2C[NH2+]C(C)C)c(Cl)cc1Cl
3294,3294,O=C([O-])c1cccc(NC(=O)N(CCC(c2ccccc2)c2ccccc2)C(=O)C(F)(F)F)c1
3295,3295,CCn1cc(I)c(C(=O)Nc2c(C(=O)N3CCC(F)(F)CC3)oc3ccccc23)n1
3296,3296,CC(NC(=O)C(NC(=O)C([NH3+])Cc1ccc(O)cc1)C(C)O)C(=O)NC(CC(=O)[O-])C(=O)[O-]
3297,3297,C=C(C[NH2+]C(C)C)CN1CC(C)CC1C
3298,3298,CCOC(=O)c1sc(NC(=O)CSc2nnnn2C2CC2)cc1C
3299,3299,Cc1c(NC(=O)C(C)[NH+]2CCC(C(=O)NCC(=O)Nc3ccc(C(N)=O)c(Cl)c3)CC2)cccc1C(=O)NCc1ccc(F)cc1
3300,3300,CCC(C(=O)[O-])C1CC2CCC(C1)[NH+]2C
3301,3301,CCC1CCC2(CC1)NC(=O)N(CC(=O)Nc1ccc(S(=O)(=O)N3CC(C)CC(C)C3)cc1)C2=O
3302,3302,O=C([O-])C1(C[NH+]2CCC3CCCCC3C2)CCCC1
3303,3303,O=C(CCCCc1ccccc1)N1CCC2(CCCCc3ccccc3OCC[NH+](Cc3cn4c([nH+]3)CCC4)C2)CC1
3304,3304,CCCc1nnc(NC(=O)c2cc(C)n(CCOC)c2C)s1
3305,3305,Nc1c(Nc2ccc(F)cc2F)ncnc1N1CCCC1
3306,3306,N#Cc1ccc(Nc2ncnc(Cl)n2)cc1
3307,3307,CCCC[Sn](CCCC)(CCCC)OC(=O)C(CC(N)=O)(CCCC)CCCC
3308,3308,C[Si](C)(C)OC(C#N)=C[Se]c1ccccc1
3309,3309,CC(C)(C#N)c1ccc(S(=O)(=O)Cl)cc1
3310,3310,CC(C)(C)C1NC(=O)CN(C2CCCSC2)C1=O
3311,3311,Cc1ccc(C(=CC2=CCCC2)c2cccc(C#N)c2)cc1
3312,3312,CC(c1ccccc1)N1CC(C[NH3+])OC1=O
3313,3313,COc1cccc(C(=O)N2CCC(C(=O)c3ccc(F)cc3)CC2)c1
3314,3314,COc1ccc(c2cc(C(=O)OCC(=O)N3CCN(c4ccccc4OC)CC3)c3ccccc3n2)cc1
3315,3315,COC(=O)CC1(C(=O)OC)CC(c2ccc(C)c(Cl)c2)=NO1
3316,3316,O=C(Cc1ccccc1)N(Cc1ccccc1)Cc1nc2ccc(F)cc2[nH]1
3317,3317,Cc1ccc(c2nc(=O)o[nH]2)cc1
3318,3318,COc1cc(OC)c2c(c1OC)C(c1ccc(Br)cc1)=NC2
3319,3319,CCc1cc(=O)nc(SCc2cccc([N+](=O)[O-])c2N)[nH]1
3320,3320,N#CCCN(Cc1cccnc1)C(=O)c1ccccc1C[NH3+]
3321,3321,CC1CCCN(C(=O)c2ccnc(C(=O)Nc3cccc(Cl)c3Cl)c2)C1
3322,3322,C=CCNC(=O)N(c1cccc(Oc2ccccc2)c1)S(=O)[O-]
3323,3323,C=CCCCC(O)C[NH+]1CCN(CC=Cc2ccccc2)CC1
3324,3324,CC1CC(C)CN(S(=O)(=O)c2ccc(C(=O)NNC(=O)c3ccc(c4ccccc4)cc3)o2)C1
3325,3325,CC1CN(C(=O)C=Cc2cn(Cc3ccccc3)nn2)CC(C)O1
3326,3326,COCCCn1cnc2cc(NCc3nonc3C)ccc21
3327,3327,COc1ccc(C(=O)Oc2ccc(C(=O)CSc3nc4n(C)[nH]cc-4c(=O)n3)cc2)cc1
3328,3328,O=C(Nc1ccc(Cl)cc1Cl)C1CCN(C(=O)c2ccccc2C(F)(F)F)CC1
3329,3329,CC(C)C(NC(=O)c1ccc(COc2ccccc2)o1)C(=O)NCC(=O)[O-]
3330,3330,CC(=O)N(C)CCCOCCc1cc(F)cc2c1OCOC2
3331,3331,Cc1cc(Cl)ccc1NC(=O)CCNC(=O)C1CC[NH+](CC(=O)Nc2cccc(C(=O)NC3CCCCC3C)c2C)CC1
3332,3332,[NH3+]CCN1CCN(CC2COc3ccccc32)C(=O)C1
3333,3333,O=C(OCC(=O)N1c2ccccc2Sc2ccccc21)c1ccccc1Cc1ccccc1
3334,3334,COC(=O)C(C)Sc1nc(N(C)C)nc(N(C)C)n1
3335,3335,Cc1nnnn1C(=Cc1cccs1)C(=O)Nc1ccc(N(C)C)cc1
3336,3336,O=C1Nc2ccc(Cl)cc2C1=Cc1c([O-])n(c2ccc(F)c(F)c2)c(=O)c2ccccc12
3337,3337,COCCCn1c(C)cc(C(=O)COC(=O)C2COc3ccccc3O2)c1C
3338,3338,CNS(=O)(=O)CCNC(=O)c1ccc([N+](=O)[O-])c(N)c1
3339,3339,CCOC(=O)c1cc2cc([N+](=O)[O-])ccc2n1Cc1ccc(OC)cc1
3340,3340,O=C(OCC(=O)c1ccc(OC(F)F)cc1)c1ccccc1Cl
3341,3341,Cc1ccnc(NC(=O)CN2C(=O)CSc3ccccc32)c1
3342,3342,COc1cc(N)c(Cl)cc1C(=O)NCC1CCCC1CO
3343,3343,O=NN(Cc1ccccc1)c1ccccc1
3344,3344,CCC1CCC(Nc2cncc(Br)c2)CC1
3345,3345,NC(=S)c1ncccc1S(=O)(=O)NCC1CCC1
3346,3346,O=C([O-])C(O)c1cccc2c1NCC2
3347,3347,Fc1ccc(OCc2c(Cl)cccc2Cl)cc1
3348,3348,CC(CCCO)NC(=O)c1ccnc(OC2CCCCC2)c1
3349,3349,COc1ccc(C)cc1N1C(=O)CSC1=[NH+]C(=O)Nc1cccc(c2nnnn2C)c1
3350,3350,O=c1nc[nH]c(NCc2ccc3c(c2)OCCO3)c1Br
3351,3351,COc1ccc(C=c2sc3nc4ccccc4n3c2=O)cc1
3352,3352,Cc1cc(C(=O)CCl)c(C)n1c1ccc(F)cc1
3353,3353,CCCCCn1c(=O)c(C(C)C)nnc1c1ccccc1
3354,3354,CC(C)C[NH+]1CCOC(COc2cccc(F)c2)(c2cccc(C(F)(F)F)c2)C1
3355,3355,Cc1ccc(c2nc3ccc(c4ccccc4)cc3n2c2ccc(O)cc2)cc1
3356,3356,CC(c1ccnc(Cl)c1)N(C)C(=O)C1CSCN1C(=O)C1CCCC1
3357,3357,CC1C(=O)N(CC(=O)Nc2ccc(F)c([N+](=O)[O-])c2)C(=O)N1c1ccccc1
3358,3358,Cc1ccnc(n2cc(C(F)(F)F)cn2)c1
3359,3359,COc1ccccc1CCC(=O)NCCO
3360,3360,COc1ccc(n2c(=O)c3c(nc4c5ccccc5c(C(C)C)nn43)n(C)c2=O)cc1
3361,3361,Cc1cc(C)nc([N-]S(=O)(=O)c2ccc(NC(=O)C3([NH3+])CCCC3)cc2)n1
3362,3362,CCCC(CCC)(NC(=O)NC1CCOc2ccccc21)C(=O)[O-]
3363,3363,O=C1ON(c2ccccc2)C(=O)N1OS(=O)(=O)c1ccc(c2ccccc2)cc1
3364,3364,O=C(COC(=O)c1sccc1n1cccc1)Nc1cccc(Cl)c1Cl
3365,3365,COC(=O)N(C(=O)c1c2cc(n3cnc(C(=O)NC4CC[NH+](C)CC4)c3)c(N(C)S(C)(=O)=O)cc2oc1c1ccc(F)cc1)C(C)C
3366,3366,O=C([O-])c1ccc(CNC(=O)C23CCCC2C[NH2+]CC3)cc1
3367,3367,CCCOCc1nc(N)c2c3c(sc2n1)CCC3
3368,3368,CC(C)C(NC(=O)C1CCCCCC1)c1nc(c2ccncc2)no1
3369,3369,CC1CC(C)CN(S(=O)(=O)c2ccc3c(c2)NC(=O)CCN3C(=O)Cc2ccc(c3ccccc3)cc2)C1
3370,3370,C=CCC1CCCC(CC)CC1
3371,3371,O=C([O-])c1cccc(N2C(=O)C(O)=C(c3ccc(Cl)cc3Cl)C2c2ccc([O-])c([N+](=O)[O-])c2)c1
3372,3372,O=C(c1cnc[nH]1)N1CC(F)(c2ccc(C3CC3)cc2)C1
3373,3373,O=c1nc(C2CC2)[nH]c2c1C[NH+](Cc1ccc([N+](=O)[O-])o1)CC2
3374,3374,COc1ccc(n2c(SCC(=O)NCCc3ccc(F)cc3)nnc2c2cccnc2)cc1
3375,3375,CCO[Si](OCC)(OCC)Oc1cccc2[nH]c(c3ccccc3C)nc12
3376,3376,CCOC(=O)c1ccc(S(=O)(=O)[O-])cc1C#N
3377,3377,CCC(C)CCCCCCCCCCC(=O)OCC(COP(=O)([O-])OCC(O)COP(=O)([O-])OCC(COC(=O)CCCCCCCCCCC(C)C)OC(=O)CCCCCCCCCCCCC(C)C)OC(=O)CCCCCCCCC(C)CC
3378,3378,O=C([O-])C1OC(Oc2ccc(C=C3SC(=O)N(Cc4ccc(F)cc4)C3=O)o2)C(O)C(O)C1O
3379,3379,CCOC(=O)c1nn(c2ccc(N3CCCCC3)cc2)c(=O)c2c(NC(=O)c3ccco3)scc12
3380,3380,O=C([O-])Cn1cccc(S(=O)(=O)CC2CCC2)c1=O
3381,3381,C=CCOC(=O)CCc1cc(=O)[nH][nH]1
3382,3382,CCC(C)C([NH3+])C(=O)Nc1ccc(n2ccnc2)nc1
3383,3383,CC(C)(C#N)CNC(=O)c1ccccc1CC[NH3+]
3384,3384,Cc1ccc(S(=O)(=O)NCC2(C)CO2)cc1C[NH3+]
3385,3385,O=C(NCc1cccnc1)C1CCCN(C(=O)CSc2nncn2Cc2ccco2)C1
3386,3386,C=CC1CCC(CC(C)=O)C1(C)CCCO
3387,3387,Cc1ccc(NC(=O)C2CCN(C(=O)C=Cc3ccc(Cl)cc3)CC2)nc1
3388,3388,CC(C)CNC(=O)C[NH+](CC(N)=O)C1CC[NH2+]CC1
3389,3389,Cc1ccc(S(=O)(=O)NC(C)C2CC3CCCCC3[NH2+]2)cc1C
3390,3390,CC(=O)N(c1nnc(SCC(=O)OC(C)(C)C)s1)C1CC1
3391,3391,CCCOC(=O)CS(=O)CC(=O)Nc1ccc(Cl)cc1
3392,3392,CC(=O)NC(CS)C(=O)N1CC[NH2+]CC1
3393,3393,COc1ccc(c2noc(CCC(=O)NC(C)c3ccc(n4cccc4)cc3)n2)cc1
3394,3394,Cc1nc(C)c(C(=O)NC(C)C2CCC[NH+](C)C2)s1
3395,3395,Cc1nnc(C2CC2C(=O)N2CCN(c3cccnc3)CC2)o1
3396,3396,[NH3+]CC1CCC(C[NH2+]Cc2cccc([N+](=O)[O-])c2)O1
3397,3397,CC(C)C(=O)OCC[NH2+]CCOC(=O)NCCCCCCNC(=O)c1ccc(N=[N+]=[N-])cc1
3398,3398,O=C([O-])C(Sc1ccccc1F)c1ccc(O)cc1
3399,3399,COc1cccc(CCC(=O)Nc2ccc3[nH]c(C)c(C)c3c2)c1
3400,3400,CCOc1ccc(C=C2SC(=O)N(c3cccc(Cl)c3)C2=O)cc1OS(=O)(=O)c1ccc(OC)cc1
3401,3401,N#Cc1cnc(Nc2cc(Nc3cnn(Cc4ccccc4)c3)ccc2O)cn1
3402,3402,Cc1c(C=Nn2c(C)nnc2SCc2c(Cl)cccc2Cl)cccc1[N+](=O)[O-]
3403,3403,C[NH2+]CC(O)c1ccccc1
3404,3404,CCCCC=CC(O)C=CC1C=CC(CCc2ccccc2)O1
3405,3405,CCOCCCN=C(N[NH3+])Nc1cn[nH]c1
3406,3406,CC(C)c1noc(C2CN(C(=O)C3CCCCC3)CC[NH+]2Cc2nccs2)n1
3407,3407,CC(=O)NC1C(O)CC(O)(C(=O)[O-])OC1C(O)C(O)C[NH3+]
3408,3408,O=C(Oc1ccc(F)cc1F)c1ccc(F)c(F)c1
3409,3409,O=C(Nc1ccc2c(c1)oc1ccccc12)c1ccc([N-]S(=O)(=O)c2cccs2)cc1
3410,3410,CCC1CCCC1Nc1ccc(I)c(Cl)c1
3411,3411,O=C([O-])C1CC2CCC1N2C(=O)Nc1ccc(OC(F)F)cc1
3412,3412,CC(C)(C)n1ccc(c2nn(c3cccc(Cl)c3)c3cnccc23)n1
3413,3413,COc1ccc(COc2nc(=O)c3c[nH+]c4nc(c5ccnc(OC)c5)nn4c3[nH]2)cc1OC
3414,3414,COc1ccc(CC(=O)Nc2ccc(N3CCNC3=O)cc2)cc1
3415,3415,COc1c(Cl)nc(C)nc1OCCC1CCCC[NH+]1C
3416,3416,COC(CC(=[NH+]C1C=CC=CCC1)OC)c1ccccc1
3417,3417,CCOC(=O)Cc1csc(NC(=O)c2nc[nH]c2C(=O)[O-])n1
3418,3418,COc1ccccc1OCC(=O)Nc1ccc(CC(=O)N2CCOCC2)cc1
3419,3419,COc1cc(NC(=O)N2CCCN(S(=O)(=O)c3ccc(C)c(C)c3)C2)cc(OC)c1OC
3420,3420,Cc1ccnc(CS(=O)Cc2cn3ccccc3[nH+]2)c1
3421,3421,COC(=O)c1ccc(NC(=O)CNc2ccc(C)c([N+](=O)[O-])c2)cc1
3422,3422,C=CCCCCCC([NH2+]C)c1ccoc1C
3423,3423,Cc1c(Cl)cccc1NC(=S)Nc1cccc(S(=O)(=O)N(C)C)c1
3424,3424,N#Cc1cc(C[NH+]2CCN(c3cccc(C(F)(F)F)c3)CC2)ccc1NC(=O)c1ccn(c2ccc([N+](=O)[O-])cc2)n1
3425,3425,COc1ccc(NC(=O)COC(=O)CN2C(=O)c3cc(Cl)c(Cl)cc3C2=O)cc1Cl
3426,3426,Cc1ccc(OC(C)C(=O)NC2CCCC2C)cc1
3427,3427,CCC1C[NH2+]C2(CCCC2)CN1CC1(C)CCCCC1
3428,3428,CC(C)(C)N(Cl)C(=O)C(Cc1ccc(Cl)cc1)C(Br)(Br)Br
3429,3429,[NH3+]C1CCC(NC(=O)C2CC[NH+](C3CCC3)CC2)CC1
3430,3430,COc1ccc(Nc2cc(C)nc(C[NH+]3CCCC(C)C3)n2)cn1
3431,3431,CCc1ccc(C2=C(c3ccccc3)CC3(CC[NH2+]CC3)C2)cc1
3432,3432,COCC(C)Nc1nncc(N2CCCC2)n1
3433,3433,COC(=O)CNC(=O)Cc1ccc(n2nc(C)cc2C)cc1
3434,3434,O=C(NN=Cc1cc(Br)c([O-])c(Br)c1)c1ccncc1
3435,3435,CC1CCN(c2ccc(NC(=O)Cc3csc(c4ccccc4)n3)cc2)CC1
3436,3436,CC1CCN(C(=O)C2CC2C(=O)Nc2ccccc2)CC1
3437,3437,CC1=C(C(=O)Nc2ccccc2Cl)C(c2ccc3c(c2)OCO3)n2nc(c3ccco3)nc2N1
3438,3438,COc1ccc(C=C2Oc3cc(OC(=O)c4cc(Br)c(OC)c(Br)c4)ccc3C2=O)cc1OC
3439,3439,CCc1c(C)sc2nc(SCc3c(F)cccc3Cl)n(Cc3ccco3)c(=O)c12
3440,3440,Cc1c(C2CC[NH2+]CC2)noc1C1CCCCC1
3441,3441,N#Cc1ccc(NC(=O)CSc2nnc(c3cccs3)n2C2CC2)cc1Cl
3442,3442,COCCOCCOCOCC1CC1
3443,3443,COc1ccc(OC)c(Nc2cncc(C(=O)NCC(C)C)c2)c1
3444,3444,Cc1cc(O)ccc1Nc1ccnc(N)n1
3445,3445,COc1cc(S(=O)(=O)Nc2ccc(N3CC[NH+](C)CC3)cn2)cc(OC)c1OC
3446,3446,Cn1c(=O)c2c(ncn2CC(=O)NCC2CCN(c3nc4ccccc4s3)CC2)n(C)c1=O
3447,3447,CC1(C(=O)[O-])CC[NH+](Cc2cccc3ccccc23)C1
3448,3448,CCCS(=O)(=O)NC1CCN(C(=O)C2CCCO2)CC1
3449,3449,CS(=O)(=O)Nc1ccc2c(c1)CN(C(=O)C1CCN(C(=O)c3ccno3)CC1)CC2
3450,3450,CC1OC(c2ccc(OCCCO)cc2)=NC1(CC=Cc1ccccc1)C(=O)Nc1nc2ccc(S(C)(=O)=O)cc2s1
3451,3451,C[NH2+]CCCC(=O)Nc1cccc(c2n[nH]c(C)n2)c1
3452,3452,Cc1cc(N2CC(C(C)(C)C)NC2=O)ccc1Br
3453,3453,N#Cc1c(F)c(F)c(C(F)F)c(F)c1F
3454,3454,CSc1ccc(N(CC(=O)Nc2ccccc2C(F)(F)F)S(C)(=O)=O)cc1
3455,3455,COC(=O)CCc1cc(F)cc(Br)c1
3456,3456,Cc1cc(F)cc2[nH]c3c(=O)n(c4cccc(Br)c4)ccc3c12
3457,3457,CC[NH2+]C(CSc1ccc(Cl)cc1)CC1CC1
3458,3458,C=CCn1ncc(NCCCOCC(C)C)c(Br)c1=O
3459,3459,O=C(Cn1c(=O)cnc2ccccc21)N1CC[NH+](Cc2ccc(Cl)c(Cl)c2)CC1
3460,3460,CC1CN(C(=O)CCn2ncc3cc([N+](=O)[O-])ccc32)CCO1
3461,3461,Cc1ccc(C2CC[NH2+]CC2C)o1
3462,3462,Cn1nc(c2ccc3c(c2)OCO3)cc1NC(=O)CC1CCCO1
3463,3463,CCc1cnc(CCNc2cc(OC)cc(C)n2)s1
3464,3464,[NH3+]CCC1CCC[NH+](Cc2ccc(F)cn2)C1
3465,3465,CC1CCCCC1Oc1cc(F)cc(C#N)c1
3466,3466,CCOC(=O)c1nn(c2cccc([N+](=O)[O-])c2)c(N)c1[N+]1(C)CCCC(Nc2ccccc2)C1
3467,3467,CCOP(=O)(OCC)C(C#N)=Cc1ccccc1OC(F)(F)F
3468,3468,CCOC(=O)c1ccc(OCc2cc(c3ccc(Cl)cc3)on2)cc1
3469,3469,CCOc1ccc(C=C(C(=O)OC)P(=O)(OCC)OCC)cc1
3470,3470,CCOC(=O)c1csc(S(=O)(=O)[N-]c2ccc(C)cc2OC)n1
3471,3471,COCCCn1c(SCc2cccc3cccnc23)nc2cc(Cl)ccc2c1=O
3472,3472,CC(=O)Nc1ccc(NC(=O)CSc2nc3cc4c(cc3cc2C#N)OCO4)cc1
3473,3473,COc1ccc(C=CC(=O)N2CCCC2)cc1Cl
3474,3474,COc1c(N)ncnc1c1ccc(F)cc1
3475,3475,COc1ccc(c2cn[nH]c2N)c(OC)c1
3476,3476,CCC(=O)N1CCC(NC(=O)c2c(C)[nH]c3c(F)ccc(F)c23)CC1
3477,3477,CCCCCCCc1c(C)nn(C(=O)c2cccc(C)c2)c1C
3478,3478,CC1CN(C(=O)CC2CC3CCC(C2)[NH2+]3)CC1[NH+](C)C
3479,3479,[NH3+]CC#Cc1cc(NC(=O)c2ccc(Br)s2)ccn1
3480,3480,[NH3+]CC1CCCCC1Sc1nncs1
3481,3481,Fc1cccc(Cl)c1CNc1nc2c(c(c3ccccc3)n1)CCC2
3482,3482,Cc1nn(C2CCS(=O)(=O)C2)c(C)c1CCC(=O)N1CCOCC1
3483,3483,CC(C)n1ccc(CSCC([NH3+])(CO)CO)n1
3484,3484,CC(NS(=O)(=O)c1ccc(F)cc1)C(=O)Nc1ccc(N2CCCC2)cc1C(F)(F)F
3485,3485,CC(Nc1ncc(C(=O)NCC[NH+](C)C)cn1)c1ccccc1
3486,3486,Cc1nc(C)c(S(=O)(=O)NCCc2ccccc2c2ccccc2)s1
3487,3487,Cc1ccc(CNC(=O)CC(=O)Nc2cc(Cl)ccc2C)cc1
3488,3488,COc1c(O)cccc1NC(=S)N(C)C1CCN(c2cc(n3ccnc3C)ncn2)CC1
3489,3489,CC(C)N(CC(=O)N1CCc2sccc2C1c1ccc(Cl)cc1)C(=O)c1ccco1
3490,3490,Cc1cc(C)cc(C(=O)Nc2ccc(F)c(F)c2F)c1
3491,3491,O=C(Nc1nc(C2CC2)cs1)c1ccn(C2CCC[NH2+]C2)n1
3492,3492,COc1ccc(Br)c(CNc2ccc(N3CCC(C)CC3)c(F)c2)c1OCc1ccccc1
3493,3493,CC1=C(C(=O)OCc2ccccc2)C(c2ccc(C(C)(C)C)cc2)C2=C(CC(C)(C)CC2=O)N1
3494,3494,CC(C)(C)[NH2+]CC1CCC(C(C)(C)C)CC1
3495,3495,CCOC(=O)C1(c2ccc(NC(=O)C3CC3)c(C)c2)CC1
3496,3496,CSc1ccccc1C(=O)OCC(=O)NC(C)c1ccc(OC(C)C)cc1
3497,3497,CC(C)(C)C(O)C(C[NH3+])N1CCC2CCCCC21
3498,3498,Nc1ccc(CC(=O)N2CCC[NH+](Cc3ccccc3)CC2)cc1
3499,3499,C=CC(=O)OCCCCOC(=O)C(C)OCCCOc1ccc(N=Nc2ccc(SOOO)cc2)cc1
3500,3500,COC(OC)C1=COCC1=O
3501,3501,Cc1c(C)c2c(c(C)c1OCC(=O)NCCOCCO)CCC(C)(COc1ccc(c3ccc(NS(C)(=O)=O)nc3)cc1Cl)O2
3502,3502,CCC1CN(C(=O)C2CCCN2C(=O)C2CCCO2)CCO1
3503,3503,Nc1ccc(C(=O)NC2CCCCC2C(=O)[O-])nc1
3504,3504,Cc1[nH]ncc1C[NH2+]C(C)c1ccc(F)cc1
3505,3505,O=C(CN1C(=O)C(=Cc2ccc(OCc3ccccc3Cl)c(Cl)c2)SC1=S)Nc1nnc(SCc2ccc(Cl)cc2)s1
3506,3506,CC(=O)OC1CC2(CCCCC2)CO1
3507,3507,CC(C)CC(=O)Nc1ccc(N2CCN(C(=O)c3cccs3)CC2)c(C(=O)NC2CC2)c1
3508,3508,CCCCS(=O)(=O)NC1CCCN(C(=O)c2cc(c3cccc(Cl)c3)on2)C1
3509,3509,Cc1cc(Oc2nc(N)nc3c2ncn3C2OC(CO)C(O)C2O)cc(C)c1Cl
3510,3510,CC1[NH2+]C(C(C)C)C(=O)N1CC1CCCCS1
3511,3511,CC(C)c1ccc(C[NH2+]CCCCO)cc1
3512,3512,COc1ccc(C[NH2+]C2CC[NH+](C3C4CC5CC(C4)CC3C5)CC2)cc1OC
3513,3513,COc1cnn(C(C)C)c1C(O)c1ccc(Cl)cc1C
3514,3514,Cn1ccc2cc(NC(=O)C3CCCCC3C(=O)[O-])ccc21
3515,3515,CCC(C)C(NC(=O)C(Cc1c[nH]c2ccccc12)NC(=O)C([NH3+])Cc1ccc(O)cc1)C(=O)NC(C(=O)NC(CCC(N)=O)C(=O)NC(CO)C(=O)NC(C(=O)NC(CCC(N)=O)C(=O)NC(CCC(N)=O)C(=O)NC(CCC(N)=O)C(=O)NC(CCCC[NH3+])C(=O)NC(CC(N)=O)C(=O)NC(CC(C)C)C(=O)NC(C(=O)NC(CC(N)=O)C(=O)NC(Cc1cnc[nH]1)C(=O)NC(C)C(=O)NC(C)C(=O)NC(CC(C)C)C(=O)NC(CCCC[NH3+])C(=O)NC(CCC(N)=O)C(=O)NC(CC(N)=O)C(=O)NC(CC(=O)[O-])C(=O)NC(CO)C(=O)NCC(=O)NC(CC(C)C)C(=O)NC(C(=O)NC(CC(C)C)C(=O)NC(CCC(=O)[O-])C(=O)NC(C)C(=O)NC(CC(N)=O)C(=O)NC(CCCC[NH3+])C(=O)NC(CCCC[NH3+])C(=O)NC(Cc1c[nH]c2ccccc12)C(=O)NCC(=O)NC(CO)C(=O)NC(C)C(=O)[O-])C(C)CC)C(C)C)C(C)C)C(C)C
3516,3516,CC(CCCC#N)[NH2+]C1CCCNC1=O
3517,3517,CC1CN(C(=O)Cc2ccc(Cl)nc2)CC2(CCOC2)O1
3518,3518,O=C([O-])c1cccc(C[NH2+]Cc2cc(F)ccc2O)c1
3519,3519,COc1cc(OC)cc(c2csc(NC(=O)c3cc(c4cnn(C(C)C)c4)nc(C)n3)n2)c1
3520,3520,Cn1ncc(NC(=O)c2ccc(C3CC3)cc2)c1C(=O)N1CCSCC1
3521,3521,O=C(NCCc1ccccn1)c1ccc(I)cc1
3522,3522,O=C(C=Cc1ccc(Cl)c(Cl)c1)NO
3523,3523,N#Cc1ccccc1N1CCCC(CCl)C1
3524,3524,CC(C)(C)c1ccc(OCCCC(=O)N2CCNC(=O)C2CC(=O)c2ccc(C(F)(F)F)cc2)cc1
3525,3525,COc1cc2c(cc1OC)C(c1cccs1)N(C(=O)c1cnccn1)CC2
3526,3526,Cc1cc(C(=O)[O-])c2nc(C(F)(F)F)nn2c1
3527,3527,CC(C)C(NC(=O)C(Cc1ccccc1)NC(=O)C([NH3+])Cc1c[nH]c2ccccc12)C(=O)NC(CCC(=O)[O-])C(=O)[O-]
3528,3528,CCCc1ccc(n2c(SC(C)C(=O)[O-])nnc2C(C)(C)C)cc1
3529,3529,Cc1ccc(N2CC(C)CC(C(=O)[O-])C2)c(C)n1
3530,3530,COC(=O)C(C)=Cc1oc2cc(OC)ccc2c(=O)c1c1cccc(F)c1
3531,3531,CC(=NO)c1ccc(N2CCC3CCC(C2)[NH+]3C)cc1
3532,3532,O=C(c1ccccc1O)N1CCC(c2ccccc2)(c2ccccc2)C1
3533,3533,O=C(Nc1cccnc1)C1CN(C(=O)Cc2cccc3ccccc23)CC1c1ccc(F)c(F)c1
3534,3534,CC(=O)NC(C)C(=O)N1CCCC1C(=O)OCC(=O)c1cccs1
3535,3535,C[NH2+]C(C)c1cc(Br)ccc1OCc1ccc(F)cc1Cl
3536,3536,CCC(C)n1ncc2c1CCCC2=O
3537,3537,O=C(Nc1ccc2c(c1)C[NH2+]CC2)NC1CCCC1
3538,3538,Cc1oc2ccccc2c1C[NH+]1CC(O)CC1C(=O)N1CCc2sccc2C1
3539,3539,CCOc1cc(c2nn(C)c3ncnc(Nc4ccc(F)c(Cl)c4)c23)ccc1O
3540,3540,Fc1ccc(c2nn3c(nnc3c3cccs3)s2)cc1
3541,3541,CC(C)CC(NC(=O)C(C)NC(=O)C(Cc1ccccc1)NC(=O)OCc1ccccc1)C(=O)C(F)(F)F
3542,3542,COc1cc(OC)c(OC)cc1C=NNC(=O)c1cccc(OCCOc2ccccc2)c1
3543,3543,CCc1cc(N)c2c(Cl)csc2c1
3544,3544,CCCCCOc1cccc(C2c3c(oc4ccc(C)cc4c3=O)C(=O)N2CCC)c1
3545,3545,O=C(CCC(=O)c1ccc2c(c1)CCCC2)C1CCC1
3546,3546,CCn1ccc(C(=O)N2CCCC(c3ccnc(N)n3)C2)n1
3547,3547,CC(C)c1nc(N)nc(c2ccc(C(F)(F)F)cc2)n1
3548,3548,CNc1cc(C(=O)NCc2ccc(F)cc2)cc(C)n1
3549,3549,Cc1nc(N2CCOCC2)cc(N2CCN(C(=O)c3cccc(F)c3)CC2)n1
3550,3550,CCn1c(SCC(=O)N2CCC(Cc3ccccc3)CC2)nnc1c1ccncc1
3551,3551,[NH3+]Cc1ccc(N2C(=O)C3=C(CCCC3)C2=O)cc1
3552,3552,CCC1C(=O)NCCN1C(=O)c1cc(C2CC2)nc2ccccc12
3553,3553,CC(=O)c1cccc(S(=O)(=O)[N-]c2ccc(C(=O)N3CCN(c4ccccc4F)CC3)cc2)c1
3554,3554,CNS(=O)(=O)NC1CC(=O)N(c2ccc3c(c2)N(C)C(=O)CO3)C1
3555,3555,O=C1C2C=CC(C=c3sc(=Cc4ccc([N+](=O)[O-])cc4)c(=O)n32)C(=O)N1c1ccc2nc(Cl)ccc2c1
3556,3556,COc1ccc(Br)c(CN2CC[NH+](Cc3cn(c4ccccc4)nc3C)CC2)c1
3557,3557,COC(=O)CC1C(=O)NC(=O)N1C
3558,3558,COC(=O)c1cnc(c2ccc(OC)cc2)nc1N1CCN(S(C)(=O)=O)CC1
3559,3559,CCCc1ccc(C(O)C2CC3CCC2O3)cc1
3560,3560,Cc1nnsc1C(=O)Nc1ccc(F)c(C#CC[NH3+])c1
3561,3561,COc1ccc(NC(c2ccc(C)cc2)C([NH3+])C(C)C)cc1Cl
3562,3562,C=CCn1c(SCc2ccccc2Cl)nnc1C(C)Oc1cc(C)c(Cl)c(C)c1
3563,3563,[NH3+]C(CCC(=O)Cl)C(=O)[O-]
3564,3564,COc1ccc(C(=O)COC(=O)CCC(=O)Nc2ccc(OC)c(Cl)c2)cc1OC
3565,3565,CC(C)OC(=O)CCc1[nH+]cc(Cl)n1COCC[Si](C)(C)C
3566,3566,Nn1c(SCC23CC4CC(CC(C4)C2)C3)nnc1c1ccc(F)cc1
3567,3567,CC1CCC2(CC1)SC(C)(C)C2=O
3568,3568,CCC(C)C(NC(=O)C(NC(=O)C([NH3+])CCSC)C(C)C)C(=O)NC(Cc1cnc[nH]1)C(=O)[O-]
3569,3569,CCCCNC(=O)C[NH+]1CCN(C(=O)c2cc(C)ccc2C)CC1
3570,3570,COC(=O)c1ccccc1N1C(=O)C(Nc2cccc(Br)c2)=C(Sc2ccc(NC(=O)c3ccccc3)cc2)C1=O
3571,3571,C=CCN(Cc1cc2cc3c(cc2[nH]c1=O)OCO3)S(=O)(=O)c1ccccc1Cl
3572,3572,CC(C)OC(=O)c1nnn(Cc2ccc(C(N)=[NH2+])cc2)c1C(F)F
3573,3573,CC(C)(CNC(=O)C1(C(N)=S)CCC1)c1cccs1
3574,3574,C=CCN(CC=C)C(=S)NC(=O)c1ccc(Cl)cc1Cl
3575,3575,Cc1cc(C)n(CC(=O)NCC2(c3ccc(F)cc3F)CCCCC2)c(=O)n1
3576,3576,CCCCCOc1cccc(C2C(c3ccc(OCC)cc3)=C(O)C(=O)N2c2ccc(F)cc2)c1
3577,3577,O=C(NCc1ccccn1)C1CCN(c2nc(c3ccccc3)nc3ccccc23)CC1
3578,3578,CCc1c(C(=O)NC2CCOc3cc(F)ccc32)cnn1c1ccccn1
3579,3579,FC(F)(F)c1ccc(n2c(Cl)nnc2C2CC[NH2+]CC2)cc1
3580,3580,Cc1ccc(Br)c2sc(NC(=O)Cc3ccc(Cl)cc3)nc12
3581,3581,C[NH2+]C(Cc1cc(C)cc(C)c1)c1cc(C)ccc1C
3582,3582,O=C([O-])C1C2C=CC(C2)C1C(=O)N1CCCC1c1nc2ccccc2s1
3583,3583,O=c1[nH]c2cnc(NCc3ccc(Oc4ccc(Cl)c(Cl)c4)cc3)nc2n1C1CC[NH2+]CC1
3584,3584,COc1c(Br)cc(Br)cc1C(=O)NC(=S)Nc1nc(C)c(SCc2ccccc2)s1
3585,3585,CCCCc1nc2ccc(N3CCC(c4nc(C(=O)NCc5ccccc5OC)cs4)CC3)cc2n1Cc1ccc(c2ccccc2c2nn[n-]n2)cc1
3586,3586,Cc1cc(NC(=O)C[NH+]2CCN(S(=O)(=O)c3ccc4c(c3)OCCO4)CC2)no1
3587,3587,Cc1cc(OC(F)(F)F)c(CO)cc1[N+](=O)[O-]
3588,3588,CCOc1cccc(C([O-])=C2C(=O)C(=O)N(c3nc4cc(Cl)cc(C)c4s3)C2c2ccncc2)c1
3589,3589,O=C(OCCCCBr)c1ccc(Cl)cc1[N+](=O)[O-]
3590,3590,Cc1ccc(N2C(=O)CC(N(CCc3ccc(F)cc3)S(=O)(=O)c3ccccc3)C2=O)cc1C
3591,3591,C=CCOC(=O)CC1C(=O)NCCN1C(=O)c1ccc(C)o1
3592,3592,CC[NH2+]Cc1cc(Cl)cc(Cl)c1OCc1cscn1
3593,3593,Cc1ccc(NC(=O)C2CCC[NH+](Cc3nc(=O)c4ccccc4[nH]3)C2)nc1
3594,3594,CC1CC(C)CN(S(=O)(=O)c2ccc(C(=O)N3CCCCC3)cc2)C1
3595,3595,COc1ccc(NC2CC(C)CC(C)C2)cc1F
3596,3596,N#Cc1c(Br)cccc1Sc1ccc(Cl)cc1
3597,3597,Nc1c(Cl)cccc1NC1(C(F)(F)F)CC1
3598,3598,COC(=O)c1sccc1CSc1ccc(Cl)cc1
3599,3599,Cc1cc(C)cc(C(=O)c2ccncc2F)c1
3600,3600,COc1cc(NC(=S)N2CCN(c3nc4c(C)cc(C)cc4s3)CC2)cc(OC)c1OC
3601,3601,COC1=CC(=O)C(OC)=CC1=O
3602,3602,CC(C)c1ccc(SCCC(=O)N2CC[NH+](Cc3ccccc3)CC2)cc1
3603,3603,CC(=O)NC(CSC(Cn1ccc(=O)[nH]c1=O)OS(=O)(=O)c1ccc(C)cc1)C(=O)[O-]
3604,3604,FC1C(F)C(F)(F)CN1C1CCOCC1
3605,3605,CCC(C)C(=O)Nc1cc(NC(=O)CCNC(=O)C2CC[NH+](C(C)C(=O)Nc3ccc(Cl)c(C(=O)N4CCCC4)c3)CC2)ccc1C
3606,3606,CCOC(=O)c1c(NC(=O)Cn2cnc3sc4c(c3c2=O)CCCC4)sc2c1CCCC2
3607,3607,COc1ccc2c(c1)nc(CCl)n2C1CCCCC1(C)C
3608,3608,CN(CCO)S(=O)(=O)c1ccc(C(=O)Nc2nnc(C3CC3)s2)cc1
3609,3609,C=CCn1c(=S)[nH]c2cc(C(=O)NCc3nc(C)no3)ccc2c1=O
3610,3610,CCCCN(C)C(=O)c1cccc(C(=O)NCc2ccccc2OC)c1
3611,3611,CCCS(=O)(=O)N1CC[NH+](C2CN(C(=O)c3ccc([N+](=O)[O-])c(C)c3)C2)CC1
3612,3612,O=CC1CSC(Nc2ccc(Cl)c(Cl)c2)=[NH+]1
3613,3613,CN=CC1CC2CN(S(=O)(=O)c3cccc4cc(OCC(C)(C)OC(=O)[O-])ccc34)CC2O1
3614,3614,O=C(CC1CC1)N1CCOC2(CCCCC2)C1
3615,3615,CC(=O)Nc1cccc(NC(=O)c2cncc(C#N)c2)c1
3616,3616,CCCS(=O)(=O)Nc1ccccc1c1nnc(COc2cccc(OC)c2)o1
3617,3617,CCCC(C)COC(=O)c1occc1CNCC(F)(F)F
3618,3618,CC(=NNS(=O)(=O)c1ccc(C)cc1)c1cc(Br)ccc1O
3619,3619,CC(C)c1nc(C2CNc3ccccc3O2)no1
3620,3620,CC(c1nc2ccccc2c(=O)n1c1cccc(Cl)c1)[NH+](C)C
3621,3621,CC(c1nnc2n1CC[NH2+]C2)N(C)c1ccccc1
3622,3622,O=C(Nc1ccccc1SC(F)F)c1cccc(CSc2cccc(F)c2)c1
3623,3623,COc1ccc(O)c(C[NH+]2CCCC(C[NH3+])C2)c1
3624,3624,O=c1ccnc2ccc(N3CCOCC3)nn12
3625,3625,CCC1(OC(=O)C23CC4CC(CC(C4)C2)C3)CC1
3626,3626,COc1ccc(CCC(=O)N(C)CC(=O)[O-])cc1
3627,3627,CCCCC(CC)CC1CCC(C2CCC(CC=C)CC2)CC1
3628,3628,O=C([O-])c1cc([O-])c(C=Nc2cccc3c(O)cccc23)c(=O)o1
3629,3629,CC1(O)CCC(Nc2c(Cl)cc([N+](=O)[O-])cc2C(=O)[O-])CC1
3630,3630,CC(C)CC(NC(=O)C(CCC[NH+]=C(N)N)NC(=O)C1CCCN1C(=O)C(CCC(N)=O)NC(=O)C(CC(=O)[O-])NC(=O)CNC(=O)C(C)NC(=O)C([NH3+])CC(=O)[O-])C(=O)[O-]
3631,3631,O=C(c1ccc2c(c1)CCCO2)N1CCN(c2ccc(C(F)(F)F)cc2[N+](=O)[O-])CC1
3632,3632,O=C([O-])C1CCCN(C(=O)NCCS(=O)(=O)NCc2cccs2)C1
3633,3633,O=c1c(I)cncn1CC(O)CO
3634,3634,CCOc1cc(C)c(Cl)cc1S(=O)(=O)NC(C)CC
3635,3635,COC(=O)c1sc(c2ccccc2)cc1NC(=O)CCn1c(COc2ccccc2)nc2ccccc21
3636,3636,Cc1nc(C)c2c(C)c(C(=O)N(C)Cc3cccc(NC(=O)C4CC4)c3)sc2n1
3637,3637,O=C([O-])c1ccc(c2c(C(F)(F)F)cnn2Cc2ccc(F)c(Br)c2)cc1F
3638,3638,O=C(c1cccnc1OCC(F)(F)F)N1CCCC([NH+]2CCOCC2)CC1
3639,3639,C=CCCOCC[NH2+]C(Cn1ccnc1)C1CC1
3640,3640,CC1CCC(C[NH3+])(N(C)CC(F)F)C1
3641,3641,CCCCOC(=O)Cn1cnc2sc(C(=O)c3ccccc3)c(C)c2c1=O
3642,3642,COc1ccc(Nc2nc(N)nc(C3(OCc4cccc(OC)c4)CC3)n2)cc1OC
3643,3643,CCOC(=O)c1c(C)[nH]c(C(=O)C(C)Sc2cccc(NC(=O)C(=Cc3cccc(Cl)c3)NC(=O)c3ccccc3)c2)c1C
3644,3644,COc1ccc(NCCNC(=O)N(C)C)c([N+](=O)[O-])c1
3645,3645,Cc1c(NC(=O)c2cc3ccccc3o2)cccc1S(N)(=O)=O
3646,3646,CCCCOC(=O)c1cccc(NC(=O)C(C#N)=Cc2cc(Cl)c(OCC)c(OCC)c2)c1
3647,3647,COc1ccc(S(=O)(=O)CCC(=O)Nc2ccn(Cc3ccc(Cl)c(Cl)c3)n2)cc1
3648,3648,COC(=O)c1cnn(c2c(Cl)cccc2C[NH2+]C(C)C)c1
3649,3649,Cc1ccc(S(=O)(=O)N(Cc2ccc(Cl)c(Cl)c2)C(Cc2ccccc2)C(=O)NC(CC(C)C)C(=O)N2CCN(c3cccc(C)c3C)CC2)cc1
3650,3650,Cc1cc(C)nc(N2CCN(C(=O)Nc3cc(Cl)ccc3C)CC2)n1
3651,3651,C=CC1CC1(CC(=O)C1CC(Oc2cc(c3csc(c4n[nH]c(CC)n4)n3)nc3cc(OC)ccc23)CN1C(=O)C(NC(=O)OC1CCCC1)C(C)(C)C)C(=O)NS(=O)(=O)C1CC1
3652,3652,C[NH2+]Cc1ccoc1Cn1nc(C)c(Br)c1N
3653,3653,O=C(NN=Cc1ccccc1)C(O)(c1ccccc1)[NH+]1CC(c2ccc(Cl)c(Cl)c2)C(c2ccc(Cl)cc2)C1
3654,3654,CC(Cl)CN(C)C(=O)c1cccc2ncccc12
3655,3655,CCc1ccc2scc(C=O)c2c1
3656,3656,COC(=O)Nc1ccc(OCc2ccccc2)cc1C#CCNC(=O)OC(C)(C)C
3657,3657,O=C1COC2CCN(C(=O)N3CCC(CCO)C3)CC2N1
3658,3658,Cc1nc(COc2ccc(Cl)cc2)sc1C(=O)Nc1ccccc1C(=O)N1CCCC1
3659,3659,COc1ccc(OCC(O)Cn2c(CCNC(=O)C=Cc3ccc(Cl)cc3)nc3ccccc32)cc1
3660,3660,CC(C)CC([NH3+])C(=O)Nc1ccc2c(c1)OCC(=O)N2
3661,3661,CCC(C)C1[NH2+]CC(=O)N1C1CCOC1
3662,3662,CCCCC(CC#N)=C(S)CC
3663,3663,COc1ccc2c(c1)c(C(=O)C(=O)N(C)CC1CC1)cn2C
3664,3664,CCCCc1ccc(NC(=O)Cn2nnc(c3ccc(C(C)C)cc3)n2)cc1
3665,3665,CC(C)C(O)CNC(=O)c1cccc(C2CCOC2)c1
3666,3666,O=C(Cc1ccccc1F)Nc1ncncc1Br
3667,3667,CC(C)CC(C[NH+](C)C)Nc1cc(OC(F)(F)F)ccc1[N+](=O)[O-]
3668,3668,O=C(COc1cccc2cccnc12)Nc1ccc(F)c(F)c1
3669,3669,CC1CC2C=CC3CCCCC3N2C1
3670,3670,Cc1cc(C2(O)c3ccccc3-c3ccccc32)cc(C)c1C
3671,3671,CCCCN(C(=O)COC(=O)CNS(=O)(=O)c1cccc2ccccc12)c1c(N)n(CCC)c(=O)[nH]c1=O
3672,3672,CSc1ccccc1C[NH+]1CCN(c2cc[nH+]c3c2C(=O)c2ccccc2-3)CC1
3673,3673,CCn1nc(C)c(Cl)c1CC1(C#N)CCCOC1
3674,3674,O=C(CC[NH+]1CCN(C(=O)c2ccc(C(F)(F)F)cc2)CC1)N1CCOCC1
3675,3675,Cc1cc(C)c(NC(=O)c2ccnc(Cl)c2)c(Cl)c1
3676,3676,O=Cc1cn(Cc2cccnc2)c2ccccc12
3677,3677,O=CC1=C(S)C(C(F)(F)F)O[B-](F)(F)C1
3678,3678,CCC(C)C(NC(=O)C(Cc1ccccc1)NC(=O)C([NH3+])CCC[NH+]=C(N)N)C(=O)NC(Cc1c[nH]c2ccccc12)C(=O)[O-]
3679,3679,O=C(CC1CC2CCC1C2)Nc1cc(F)cc(F)c1F
3680,3680,C=CCOc1c(Cl)cc(C=C2N=C(c3cccc(Cl)c3)OC2=O)cc1OC
3681,3681,COC(C)c1noc(c2cc(Cl)c(C)c(N)c2)n1
3682,3682,COc1ccc(C(=O)C2CCN(c3ccc(C)cc3)CC2)c(F)c1
3683,3683,CC(C)n1ccc(C[NH2+]CC2CC[NH2+]CC2)n1
3684,3684,O=C(NCc1ccccc1)c1cccc(NC(=O)c2cc(c3ccc(Cl)cc3)on2)c1
3685,3685,CCCCCOc1ccc(c2ccc(C=O)o2)cc1
3686,3686,O=C(C[NH+]1CCc2c([nH]c3ccccc23)C1)Nc1ccc2c(c1)OCCCO2
3687,3687,C[N+]1(Cc2noc(C3CCCc4ccc(F)cc43)n2)CCC2(CO2)C1
3688,3688,COC(=O)c1cnc(NC(=O)N2CC3CCCC3C2)s1
3689,3689,O=C(NCC1COCCO1)N1CCOC2(CCCOC2)C1
3690,3690,CCC(C)C(O)CNS(=O)(=O)CCC(=O)[O-]
3691,3691,CC1CN(C(=O)C2=CN(C(Cc3ccc(O)cc3)C(=O)NCc3cn(CC(=O)[O-])nn3)c3ccccc3N2)CC(C)[NH+]1CC(C)(C)O
3692,3692,CC(C)(C)c1ccc(Oc2ccc(C(N)=O)cc2F)cc1
3693,3693,C[NH2+]CCN(C)C(=O)c1c(C)oc([N+](=O)[O-])c1
3694,3694,COc1ccc(C(=O)Nc2cccc(Nc3cc(c4ccncc4)nc(C)n3)c2)c(OC)c1OC
3695,3695,CCCCCCC1CCCC=C1OC(=O)CC
3696,3696,CC(C)COCCNC(=O)N1CCOC(CO)C1
3697,3697,CCOC(=O)N1CCN(C(=O)c2cc(C3CC3)[nH]n2)CC1
3698,3698,Cc1nc(C(=O)NCCC[NH3+])ccc1Br
3699,3699,FC(F)(F)c1cc(C(F)(F)F)nc(c2c(NCc3ccc(F)cc3)nc3ccccn32)c1
3700,3700,CC[NH2+]Cc1ccccc1NC(=O)N1CCC(C(C)C)CC1
3701,3701,CSc1ncccc1C(=O)Nc1ccc(N2CCOCC2)cc1
3702,3702,CC(C)(c1ccc(OCC2CO2)cc1)c1ccc(c2ccc(C(C)(C)c3cccnc3)nc2)s1
3703,3703,CC(C)c1nc2cc(=O)[nH]n2c(NCc2ccccc2)c1C#N
3704,3704,CC(=O)c1ccc(Nc2cc(C)nc(C3CCC(F)(F)CC3)n2)cc1
3705,3705,CCCCCCOc1ccc(C(=O)Oc2ccc(C(=O)Oc3ccc(C(=O)Oc4ccc(OCCCC)cc4)cc3)cc2)cc1
3706,3706,CCOC(=O)c1nc(NC(=O)C2CC(=O)N(C(C)C)C2)sc1C
3707,3707,CCS(=O)(=O)Nc1ccccc1C(=O)N1CCc2nc(N3CCCCC3)nc(NC3CC3)c2C1
3708,3708,Cc1[nH]nc2ccc(CNC(=O)c3ccc(c4cc5ccccc5[nH]4)cc3)cc12
3709,3709,CCCCC(CC)COc1cnc(C(N)=[NH+]O)cn1
3710,3710,O=C([O-])c1csc2nc(CSc3[nH+]cc(c4ccccc4)n3C3CCCC3)nn12
3711,3711,Cn1nnnc1Sc1ccccc1C(=O)Nc1cccc(CSC2CCCC2)c1
3712,3712,Cc1cc(Br)cnc1N1CCCC(Br)C1=O
3713,3713,O=C(OCc1cccc(F)c1)C1CCc2nnnn2C1
3714,3714,CCCCCCC(C)NC(=O)C=Cc1ccc(OC)c(F)c1
3715,3715,O=C(NCC1(O)CCOC1)N1CCc2c([nH]c3ccc(F)cc23)C1
3716,3716,COC(=O)C=Cc1ccccc1NC(=O)C=CC1CCCC1
3717,3717,CC1OCCC1(CO)Nc1ccccc1[N+](=O)[O-]
3718,3718,COC(=O)c1sc(NC(=O)Nc2cc([N+](=O)[O-])ccc2Cl)c(C(=O)OC)c1C
3719,3719,CC1CCC(NC(=O)CS(=O)(=O)CC(=O)[O-])CC1C
3720,3720,Nc1c(C(=O)NC2CC[NH+](Cc3ccc(Cl)cc3)CC2)cccc1[N+](=O)[O-]
3721,3721,O=C1NCC2(CC2)C(=O)N1CC1COCCO1
3722,3722,Cc1ccncc1S(=O)(=O)NC1CCC([NH3+])C1
3723,3723,COC(=O)C1=C(C[NH+](C)Cc2cn[nH]c2c2cccs2)NC(c2nccn2C)=NC1c1ccc(F)cc1
3724,3724,Cc1cc(NC(=O)c2cccc(Nc3nncs3)c2)no1
3725,3725,COc1ccc(C[NH2+]CCCN2CCCC2=O)cc1O
3726,3726,CSCCC(C)N(C)C(=O)c1cc(Cl)ccc1NN
3727,3727,Cc1cc(Oc2ncccc2N)cc(C(F)(F)F)c1
3728,3728,COc1ccc(COP(=O)(OCc2cccc(NC(=O)C3CC(OC)=NO3)c2)OCc2cccc(OC)c2)c(OC)c1
3729,3729,COc1c(C)cc(C)cc1C1(C[NH3+])CCC(C)(C)CC1
3730,3730,Nc1cncc(c2cc3c(cn2)[nH]nc3c2cc3c(cccc3c3cc(F)cc(N4CCOCC4)c3)[nH]2)c1
3731,3731,Cc1ccc(n2cc(c3ccccc3Cl)[nH+]c2NC(=O)CN(CC[NH+]2CCOCC2)C(=O)c2ccc(Br)o2)cc1
3732,3732,O=C([O-])c1nn(c2ccc(Cl)c(Cl)c2)c2c1CCCC2
3733,3733,CCc1cnc(CNc2ccc(n3cccn3)nc2)s1
3734,3734,O=c1c2ccc(c3ccc4c(c3)Oc3ccccc3O4)cc2oc2cc3c(cc12)OC(F)(F)O3
3735,3735,CC(C)(C)c1nc(Br)cc(Oc2cc(F)ccc2F)n1
3736,3736,C=CCCCCCCOC1C2CCC(C2)C1CCCCC([NH3+])C(=O)OC
3737,3737,CCOC(=O)C(C#N)=CNc1ccc(S(=O)(=O)[N-]c2no[n+]([O-])c2C)cc1
3738,3738,COCC(C)N1CC(C(C)c2ccccc2)[NH2+]CC1(C)C
3739,3739,CCOC(=O)c1n[nH]c2c1CN(C(=O)C[NH3+])CC2
3740,3740,O=P([O-])([O-])C[NH2+]Cc1ccc(Cl)s1
3741,3741,CNc1cnc(CSc2nc(C)c(C)c(C)n2)cn1
3742,3742,O=C(Nc1cccc(COc2cccc(Cl)c2)c1)c1ccc(F)cc1Cl
3743,3743,O=C(NCc1ccc2c(c1)OCO2)N1CC[NH+](C2CCOCC2)CC1
3744,3744,O=C(CCn1cccc1)NCCCc1nc2ccccc2s1
3745,3745,COc1cccc2c1CC[NH2+]C2c1cc(O)c(NC(N)=O)c(O)c1
3746,3746,COc1ccc([N+](=O)[O-])cc1NC1=C(Sc2ccc(C)cc2)C(=O)N(c2ccccc2C#N)C1=O
3747,3747,CSCc1nc2c(s1)C[NH+](Cn1nnc3ccccc31)CC2
3748,3748,O=C(CCNC(=O)c1ccc(F)cc1Cl)NCc1ccccc1Cl
3749,3749,CCCC(O)C[NH2+]C(C)C1(C)CC1
3750,3750,COc1ccc(S(=O)(=O)C2CS(=O)(=O)CC2Nc2ccc(C)cc2[N+](=O)[O-])cc1
3751,3751,CC(C)(C)CC(CC(=O)C=[N+]=[N-])(Cc1ccccc1F)C(=O)[O-]
3752,3752,Cc1nc(C)c(C(=O)N2CC[NH+](Cc3ccccc3)CC2)s1
3753,3753,COc1cc2occ(c3ccc(Cl)cc3)c2cc1C(C)=CC(=O)Nc1ccc2c(c1)OC(F)(F)O2
3754,3754,CC1C[NH+](CC(=O)Nc2n[nH]c(C3CCOCC3)n2)CC(C)O1
3755,3755,CC(=O)OC1C(Cc2ccccc2)C2OC(c3ccccc3)OCC12
3756,3756,CC(C)(C)OC(=O)C(C(=Cc1c[nH]c2ccccc12)C(=O)Nc1ccccc1[N+](=O)[O-])[NH+]1CCOCC1
3757,3757,O=C([O-])c1cn(CCn2ccc3ccccc32)cn1
3758,3758,[NH3+]C1CCN(C(=O)C2CCC[NH+]2C2CCOCC2)C1
3759,3759,CCOC(=O)C(=N)C1CC(Br)=CC(O[Si](C)(C)C(C)(C)C)C1O[Si](C)(C)C(C)(C)C
3760,3760,O=C(CCSc1ccc(Cl)cc1)NNC(=O)Cn1cccnc1=O
3761,3761,CCC1(CO)CCN(C(=O)C=Cc2ccc(OCc3cccnc3)cc2)CC1
3762,3762,Cc1ccsc1C(=O)N1CC(CO)C(C[NH+]2CCCC2)C1
3763,3763,Cc1ccc(F)c(C(=O)NC(C[NH3+])C(C)C)c1
3764,3764,N#Cc1cc(NCCc2ccccc2)ccc1N
3765,3765,Nc1ccc(c2ccc(N)cc2)c(F)c1
3766,3766,CCc1ccc(Oc2cccc(C#N)c2)cn1
3767,3767,Fc1ccc(OC2CC[NH+](C3COC3)C2)cc1
3768,3768,O=C(Nc1cccc(c2nnc3ccccn23)c1)Nc1cccc(Cl)c1
3769,3769,CC(Sc1ccccc1)C(=O)Nc1ccc(S(N)(=O)=O)cc1
3770,3770,CCOC(=O)c1ccccc1OCCCCc1ccccc1OC
3771,3771,COC(=O)c1cc(C[NH3+])nc(C(F)F)c1C#N
3772,3772,CCc1ccc(C(C)NC(=O)c2ccc(CSc3ccccc3)o2)cc1
3773,3773,COCCOc1cc(CC(OCc2ccc(C#N)cc2)C(=O)[O-])c(C)cc1OC
3774,3774,CC1[NH2+]CCC1c1nc2cccnc2n1C1CC1
3775,3775,CCOC(=O)c1cc(OC)c(OCC2CC2)c(N)c1
3776,3776,CN(CC(=O)Nc1nc2ccc(Cl)cc2s1)C(=O)c1ccc(Cl)cc1Cl
3777,3777,C=CC(=O)COCCC[Si](C)C
3778,3778,Cc1cc(NC(=O)c2ccccc2Br)ccc1SCC(=O)Nc1sc2c(c1C#N)CCCC2
3779,3779,CC(C)NC(=O)C[NH+]1CCC(Nc2nc(C(c3ccccc3)c3ccccc3)ns2)CC1
3780,3780,CC(C)(C#N)c1c2c(nn1CC(F)(F)F)CCC2
3781,3781,O=C(NCc1ccccn1)C(Cc1ccccc1)NS(=O)(=O)c1ccc(Cl)cc1
3782,3782,Cc1ccc(c2ccc(O)cc2[N+](=O)[O-])cc1
3783,3783,Cn1ccc2ccc(Cl)cc21
3784,3784,COc1ccc(C[NH2+]CCC[NH+]2CCCC2)c(OC)c1
3785,3785,C=CCCCCCC([NH2+]CC)C1Cc2ccccc2S1
3786,3786,Nc1c(S(=O)(=O)[O-])cc(Nc2ncc(S(=O)(=O)[O-])c(N)n2)cc1N=Nc1cccc(S(=O)(=O)[O-])c1
3787,3787,CCCC[NH+]1CCN(C(=O)C(c2ccc(O)cc2)C(C)(C)C)CC1
3788,3788,COCCOCCOC(=O)CSc1ccc(F)c(F)c1
3789,3789,N#Cc1ccc2c(c1)CCC2NS(=O)(=O)N1CCCCC1
3790,3790,O=C(c1cncc(Br)c1)N1CCC(c2[nH]cc[nH+]2)CC1
3791,3791,O=C(NCC1CCC[NH+](Cc2cccs2)C1)c1ccccc1SC1CC1
3792,3792,O=C(N1CC2C[NH+](CCCOc3ccc(C(F)(F)F)cc3)CC(C1)O2)N1CCC(N2CC[NH2+]CC2)C1
3793,3793,COC(=O)c1c(NC(=O)C(C#N)=Cc2cc(Br)c(OS(=O)(=O)c3ccc(Cl)cc3)c(Br)c2)sc(C(=O)OC)c1C
3794,3794,Cc1cc(Cl)c(N(C)CCC(=O)[O-])cc1Cl
3795,3795,CCOC(=O)CNC(=O)C(Cc1ccccc1)(NC(=O)C(NC(C)=O)C(=O)OCC)C(F)(F)F
3796,3796,COc1ccccc1SC(=NS(=O)(=O)c1c(C)cc(C)cc1C)c1ccc(Cl)cc1
3797,3797,C[NH2+]Cc1cnc(N2CC[NH+](CC3CC3)CC2)s1
3798,3798,CCCCCCCCC1=CC(CO[Si](C)(C)C(C)(C)C)C(C)O1
3799,3799,Cc1nc(C2CCN(C(=O)C3CC(O)C3)CC2)cc(=O)n1Cc1ccccc1
3800,3800,O=C([O-])C=Cc1ccc(NC(=O)Cc2ccsc2)c(Cl)c1
3801,3801,C[NH2+]CCc1cn(CC2CCOCC2)cn1
3802,3802,O=C(c1ccccc1)C1C(=O)C(=O)c2ccccc21
3803,3803,CC(C)C(=O)Nc1nc(C(=O)NCCc2c[nH]c3ccccc23)co1
3804,3804,O=C(c1ccc2c(c1)OCCCO2)N1CCN(C(=O)c2cccc(Cl)c2Cl)CC1
3805,3805,CNc1ncc(Br)c(NC2(C)CCOCC2)n1
3806,3806,O=C(CN1C(=O)c2ccccc2C1=O)N1CCc2sccc2C1
3807,3807,O=C(Cn1nnc(c2ccccc2Cl)n1)NCCc1c[nH]c2ccccc12
3808,3808,COCC(C)N1C(=O)C(Nc2ccc(NC(C)=O)cc2)=C(c2ccccc2)C1=O
3809,3809,CC(C)C(C)NC(=O)Cn1nnc(C(=O)[O-])c1CC(C)C
3810,3810,CCOP(=O)(Cc1ccccc1OC)OCC
3811,3811,COC(=O)C1(NC(=O)C=Cc2ccc(OC)cc2)CC1C
3812,3812,NC(=S)c1ccc(S(=O)(=O)NC2CCCCC2)cc1Cl
3813,3813,Cc1ccc(S(=O)(=O)N(CCc2ccccc2)CC(=O)N2CCc3ccccc32)cc1
3814,3814,Cc1c(C(=O)[O-])sc2c(Cl)cccc12
3815,3815,CCC(C)C(NC(=O)C(Cc1ccccc1)NC(=O)C(CC(C)C)NC(=O)C([NH3+])C(C)O)C(=O)[O-]
3816,3816,CC(C)C(C)(C=O)CN=NCBr
3817,3817,CC[NH2+]C(c1ccccc1C)c1sc(C)cc1Br
3818,3818,Cc1ccc(CN(Cc2ccccc2)C(=O)C2CCCN(c3ncccn3)C2)cc1
3819,3819,N#Cc1c(N)[nH+]c2ccccc2c1NCc1ccccc1OC(F)F
3820,3820,COc1cc(Nc2nc3ccccc3nc2NS(=O)(=O)c2ccccc2)cc2c([N+](=O)[O-])cc([N+](=O)[O-])cc12
3821,3821,CCOc1ccc(Oc2ccc(CN3CCC[NH2+]CC3)cc2F)cc1
3822,3822,CC1CCC[NH+](CCCNC(=O)CCn2c(=O)oc3ccccc32)C1
3823,3823,CC(=NOCc1ccccn1)C1C=CC(Cl)=CC1
3824,3824,Cc1ccc(Sc2ccccc2C(=O)NC2CCN(C(=O)C3CC3)CC2)cc1
3825,3825,COC(=O)c1sc(c2cccc(S(=O)(=O)N3CCCCC3C)c2)nc1C
3826,3826,COc1cc(NS(=O)(=O)c2ccc(C)c(CCl)c2)ccc1F
3827,3827,COc1cc(N)c(NCCOC2CCCC2)cc1OC
3828,3828,CC(NC(=O)NC1(C)CCCOC1)c1nc(C(=O)[O-])cs1
3829,3829,O=C(NCCc1csc(c2ccncc2)n1)c1ccc(F)cc1
3830,3830,CC(C)(C)C(=O)C[NH+]1CC2CCCC2C1
3831,3831,CC(Nc1nc(N)nc(Cl)n1)c1nc2ccccc2s1
3832,3832,COC(=O)C(C)(C)Oc1c(C)cc(C)cc1C=CC(=O)[O-]
3833,3833,O=C(c1ccccc1)N1CCn2nc(C(=O)N3CCCC3c3ccc(F)c(F)c3)cc2C1
3834,3834,Cc1ccc2c(c1)CC(C[NH2+]CCC1=CCCC1)O2
3835,3835,COC(=O)c1ccc2[nH]c3c(c2c1)CCN1C(=O)C(NC(=O)C(OC(C)=O)c2ccccc2)C1C3
3836,3836,O=C(C(=O)c1ccccc1)c1ccccc1
3837,3837,Cc1[nH]c(=O)[nH]c(=O)c1CCC(=O)NC(c1cccc(F)c1)c1nccn1C
3838,3838,CC1=NOC(Cn2cnc3c(N)ncnc32)C1
3839,3839,Cn1nnc2cc(C(=O)NC3(C(=O)[O-])CCC3)ccc21
3840,3840,O=C([O-])C1(Nc2ccc(Cl)c(Br)c2)CCOC1
3841,3841,N#Cc1cc(OC(F)(F)F)ccc1C(=O)[O-]
3842,3842,COc1ccc(C(=O)N2CCOCC2)cc1NC(=O)C1CCCN1C(=O)C1CC[NH+](C(C)C(=O)Nc2ccc(Cl)c(C(=O)N(C)C)c2)CC1
3843,3843,CCn1cncc1CNc1nc(NN)ncc1[N+](=O)[O-]
3844,3844,COc1c(OC)ccc(C(=O)c2ccccc2)c1NC(=O)OC(C)c1ccccc1
3845,3845,Cc1ccc(OCC(=O)NNc2ncnc(N3CCCCCC3)c2N)cc1C
3846,3846,Cc1ccnc(c2nc(C)c(CCC(=O)[O-])o2)c1
3847,3847,COCCn1ncc2cc(NC(=O)COc3cc(C)ccc3C)ccc21
3848,3848,O=C(c1cc2[nH]c(=O)[nH]c2cc1[N+](=O)[O-])N1CCn2cncc2C1
3849,3849,CC(C)C(=O)CC(=O)c1ccc2[nH]c(=O)[nH]c2c1
3850,3850,CC(=O)N(CCC(=O)Nc1cc(C)c(Cl)cc1OC)c1ccc(Cl)cc1
3851,3851,Cc1cc(NC(=O)CCNC(=O)C2CC[NH+](C(C)C(=O)Nc3ccc(Cl)c(C(=O)NC4CCCC4)c3)CC2)ccc1NC(=O)c1ccccc1Cl
3852,3852,Cc1ccc(F)c(S(=O)(=O)Nc2ccccc2CCC(=O)[O-])c1
3853,3853,CCCCCC(O)C(C)C(O)c1ccccc1
3854,3854,CC(=O)c1c(OCC2CO2)ccc(F)c1F
3855,3855,CCOC(=O)c1ccc(NC(=O)CC2C(=O)N(c3cccc(Br)c3)C(=S)N2c2ccc(OC)cc2)cc1
3856,3856,O=C(c1cnc(c2ccccc2F)s1)N1CCC(C2OCCO2)CC1
3857,3857,CC(=O)Nc1ccc(F)c(NC(=O)CCNC(=O)C2CC[NH+](CC(=O)Nc3ccc(C(=O)Nc4cccc(F)c4)cc3C)CC2)c1
3858,3858,COc1cc2[nH]c3c(c2cc1Br)CCCC3NC(=O)N1CCC(CC(=O)N(C)C)CC1
3859,3859,O=C(CC1CCCC1)N1CCSC1c1ccc([N+](=O)[O-])cc1
3860,3860,CCOC(=O)c1coc(NCC2(C)CCC2)n1
3861,3861,CC(C)[NH+]1CCC=C(c2cnc3[nH]cc(c4cncc(C[NH+]5CCN6CCCN6C5)c4)c3c2)C1
3862,3862,O=C(NCCCc1ccccc1)c1ccc(NC2CCS(=O)(=O)C2)nc1
3863,3863,Cc1c(Cl)cccc1C(=O)NNC(=O)c1sc(c2ccccc2)nc1C
3864,3864,COc1ccc(Sc2nnnn2c2ccccc2)cc1
3865,3865,Nc1cc2cc3c4c(c2s1)CCCN4CCC(C(=O)[O-])C3
3866,3866,CCCCn1c(N(C)CC)c(C=C2C(=O)N(CCCC)C(C)=C2C(=O)OCC)c(=O)[nH]c1=O
3867,3867,C=CCN1C(=O)C2C(c3ccc(C(C)C)cc3)[NH2+]C(C(=O)[O-])(C(C)(C)C)C2C1=O
3868,3868,O=C(Nc1ccc(F)cc1F)N1CCCC12CCC2
3869,3869,O=C([O-])Nc1ccccc1N1CC[NH2+]CC1
3870,3870,COc1ccc(OC)c(C(=O)OCC(=O)Nc2c(C)cccc2C)c1
3871,3871,N#Cc1ccc(Br)cc1NCC1CCCCC1O
3872,3872,N#CC1CN(C(=O)NC2C3CCCC2CCC3)CCO1
3873,3873,O=C(COC(=O)c1ccn(c2ccc([N+](=O)[O-])cc2)n1)Nc1cc(Cl)ccc1N1CCOCC1
3874,3874,Fc1cccc(CCNc2cnnc(NCc3ccc(Cl)cc3)n2)c1
3875,3875,COCCNC(=O)NC(=O)COC(=O)c1ccccc1SCC(=O)N1CCOCC1
3876,3876,CC(C)S(=O)(=O)c1ccc(C(=O)N2CCC(O)(c3cn(Cc4ccccc4)nn3)CC2)cc1
3877,3877,COc1ccc2c(c1NCCCO)C(=O)N(C)C2=O
3878,3878,FC(F)Oc1ccc(n2c(C=Cc3ccccc3)nnc2SCc2cc(=O)n3ccccc3n2)cc1
3879,3879,CC(=O)c1ccc(NC(=O)COC(=O)COc2ccccc2)cc1
3880,3880,CC(C)Sc1cccc(C(=O)N(C)C(c2cccs2)C(C)C)c1
3881,3881,O=C(N1CCCCC1)N1CCN(c2cc[nH+]c3c(F)cccc23)CC1
3882,3882,Cc1ccc(Cn2ncc3c(NC4CCOCC4)ncnc32)cc1
3883,3883,O=C(COc1ccc2ccccc2c1)NC(=S)Nc1cccc(S(=O)(=O)NC2=NCCC2)c1
3884,3884,CC(C)(C)c1cc(C2(c3cc(C(C)(C)C)c(O)c(C(C)(C)C)c3)C=CC=C2)c(O)c(C(C)(C)C)c1
3885,3885,CC(C)N(CC1CCC[NH2+]1)C(=O)c1cnccc1Cl
3886,3886,CCCCn1nccc1NC(=O)COC(=O)c1ccc(OC(C)C)c(OC)c1
3887,3887,Cc1c(C(=O)OCc2nc(=O)c3ccccc3[nH]2)sc2nccn12
3888,3888,CC(C)C(C)(CBr)NC(=O)c1cc2cc(F)ccc2s1
3889,3889,CCOC(=O)CCc1csc(N(C)Cc2csc(Br)c2)n1
3890,3890,Nc1ccc(C(=O)Cc2ccc(F)c(Cl)c2)cc1
3891,3891,Cn1cc[nH+]c1CCC([NH3+])c1ccccn1
3892,3892,O=C(Nc1ccc(OC(F)(F)F)cc1)C1(c2ccc(Cl)cc2)CC1
3893,3893,O=C(NCC(O)COCC1CC1)Nc1ccc(Cl)c(Cl)c1
3894,3894,COc1cccc2c1[nH]c(=S)n2CC(=O)NC1CCCC1
3895,3895,Cn1nc(c2nc(C(=O)[O-])cs2)c(c2ccc(F)cc2)c1C(=O)N(C)CCC[NH3+]
3896,3896,Cc1cc(N2CCC([NH+]3CCOCC3)C2)ccc1N
3897,3897,COc1nc(C)ccc1c1noc(C[NH3+])n1
3898,3898,N#Cc1ccsc1NC(=O)C[NH+]1CCC(C(=O)N2CCCC2C(=O)Nc2ccc(Cl)c(NC(=O)c3ccccc3)c2)CC1
3899,3899,COc1ccc(c2csc(=Nc3ccco3)n2CCO)cc1
3900,3900,CCC1COC(CC(F)c2ccc(c3cc(F)c(F)c(F)c3)c(F)c2)OC1
3901,3901,CCCC(C)COCc1cc(F)ccc1C(C)=O
3902,3902,O=C([O-])CCCCC[NH+]1CCN(c2ccc([N+](=O)[O-])cc2)CC1
3903,3903,CN=c1oc(=Cc2c(F)cccc2F)[nH]c(=O)c1=C[NH3+]
3904,3904,COc1ccccc1N1CC[NH+](CCCOc2ccc(C(=O)n3cc(C)c4cc(Cl)ccc43)cc2)CC1
3905,3905,CCOC(=Nc1cc(CC)ccc1O)c1ccccc1
3906,3906,CCOC(=O)Oc1cn(CC)c2c(ncn2C)c1=O
3907,3907,CCc1cccc(N(Cc2cc(c3c(C)cccc3C)oc2C)C(=O)CN(CCC(C)C)C(=O)CC(C)C)c1
3908,3908,CC(=NNC(=O)c1ccc(Cn2nc(c3ccccc3)cc2C)cc1)c1ccc(F)cc1
3909,3909,CCC(C)C(=O)Nc1cc(NC(=O)C(NC(=O)C2CC[NH+](CC(=O)Nc3cccc(C(=O)Nc4ccc(F)cc4C)c3C)CC2)C(C)C)ccc1Cl
3910,3910,COc1nn(c2ncc(c3nnn(C(c4ccccc4)(c4ccccc4)C4CC[NH2+]CC4)n3)cc2Cl)c(C)c1Cl
3911,3911,Cn1ncc(Br)c1S(=O)(=O)NCC1COCCO1
3912,3912,CC(C)(C)OC(=O)Cn1cccc1
3913,3913,Cc1cc(F)cc(C)c1S(=O)(=O)N(C)C1C[NH2+]CC1O
3914,3914,COC(=O)c1sccc1NC(=O)N1CCC([NH+]2CCc3ccccc3C2)CC1
3915,3915,CCOC(=O)c1ccc(NC(=O)C(CC)Sc2ccc(NC(=O)c3ccc(C)c([N+](=O)[O-])c3)cc2)cc1
3916,3916,O=C(C1CCCC1)C1(c2ccccc2)CC1
3917,3917,COc1ccc(C([O-])=C2C(=O)C(=O)N(CC[NH+]3CCOCC3)C2c2cccc([N+](=O)[O-])c2)cc1Cl
3918,3918,CC[NH2+]Cc1cc(c2cnnn2C)on1
3919,3919,CCS(=O)(=O)Nc1cccc(C(=O)OCc2nnc(c3ccc(OC)cc3)o2)c1
3920,3920,[NH3+]C1(C(=O)NCC(O)C(F)(F)F)CCCC1
3921,3921,COc1cc(Br)c(NC2CCCC(C)CC2)cc1OC
3922,3922,CCCC[NH+]1CCC(NC(NCC2(C3CC3)CC2)=[NH+]C)CC1
3923,3923,Cc1c(F)cccc1C(=O)c1ccoc1Cl
3924,3924,CCCCCCOc1ccc(C=Nn2c(=S)[nH]nc2c2ccccn2)cc1OCC
3925,3925,[NH3+]Cc1cn(CCCC(F)(F)F)nn1
3926,3926,O=C(Cc1csc(Cc2ccccc2)n1)Nc1ccn(Cc2ccccc2)n1
3927,3927,O=C([O-])C1=NOC(O)(O)C1
3928,3928,COC(=O)c1c(NC(=O)CSc2cccc(NC(=S)Nc3ccccc3OC)c2)sc2c1CCC(C)C2
3929,3929,O=C=Nc1ccc2cnsc2c1
3930,3930,CCC(C)NC(=O)c1cc(NC(=O)C2CCCN2C(=O)C2CC[NH+](C(C)C(=O)Nc3cccc(C(=O)NC4CCCCC4)c3C)CC2)ccc1Cl
3931,3931,COc1cc(Nc2ncc(F)c(NC3COC(C)(C)OC3)n2)cc(OC)c1
3932,3932,CCn1cc(C2NC(=O)CCC2NC(=O)CNC(=O)Cc2cccc(OC(F)(F)F)c2)c(C)n1
3933,3933,O=C([O-])CCCS(=O)(=O)Nc1ccc(Cl)cc1
3934,3934,CC(=O)c1ncc([N+](=O)[O-])n1CCO
3935,3935,CCC(C)SCc1c(C(=O)NC)cnn1c1ccccn1
3936,3936,CCC(C)(CC)[NH2+]CCC1CCC[NH2+]C1
3937,3937,CCOc1ccc(C2=C(O)C(=O)N(c3ccc(NC(C)=O)cc3)C2c2cc(OC)c([O-])c([N+](=O)[O-])c2)cc1OC
3938,3938,COc1cc([N+](=O)[O-])c([N+](=O)[O-])c([N+](=O)[O-])c1
3939,3939,CCCCSC(=CC(=O)OC)NC(=O)C(C)(C)C
3940,3940,Cc1ccc(c2cc(C(C)[NH3+])c(C)s2)cc1
3941,3941,CCOC(=O)c1[nH]c(C)c(CN(Cc2ccncc2)C(=O)C2CC2)c1C
3942,3942,CCOc1ccc(NCC(=O)NCc2cccnc2)cc1
3943,3943,CNS(=O)(=O)c1cccc(NS(=O)(=O)CCc2ccccc2)c1C
3944,3944,COc1ccc(Br)c(C(=O)Nc2cc(N(C)C)nc(C)n2)c1
3945,3945,CCc1cc(CCC(F)(F)F)c(O)c(C(C)(C)C)c1
3946,3946,COCCn1cnnc1SCc1nc2sc3c(c2c(=O)[nH]1)CCCC3
3947,3947,COc1ccc(S(=O)(=O)N(CC(=O)Nc2ccc(Cl)cc2C)Cc2ccc(OC)c(OC)c2)cc1OC
3948,3948,N#Cc1ccc2c(c1)OCCN2C(=O)c1ccc2ncccc2c1
3949,3949,CN(C)c1[nH+]c(C(N)=O)cn1C
3950,3950,COc1cc(c2cnc3n(c2=O)C(c2ccc(C(F)(F)F)cc2)C(C(=O)N2CCC([NH+](C)CCC(=O)[O-])C2)N3)ccc1F
3951,3951,CCOc1ccc(C=NNC(=O)CC(=O)NCc2ccco2)cc1OC
3952,3952,CC1CC(C)C[NH+](Cc2cnc(Cl)cn2)C1
3953,3953,C=CC1CCC(C2CCC(C#N)(c3ccccc3)CC2)CC1
3954,3954,Cn1cc([N+](=O)[O-])c(C(=O)NC2CC[NH+](C3CCCC3)CC2)n1
3955,3955,O=S(CC1CO1)CC1CNCC[NH2+]1
3956,3956,CC1CN(c2ncccc2C#N)CCCO1
3957,3957,CC(C)c1nc2n(n1)CC(NC(=O)Cn1ccnc1)CC2
3958,3958,O=C([O-])c1ccc(CO)c(c2c(Cl)c(Cl)c(Cl)c(Cl)c2Cl)c1
3959,3959,CC(C)CNc1cc(C(=O)CCl)ccn1
3960,3960,CCOC(=O)c1sc(NC(=O)C(C#N)=Cc2cc(Br)c(OCc3cccc(Br)c3)c(OCC)c2)c(C(=O)OCC)c1C
3961,3961,Cc1cc(Br)cc(C)c1OCC(O)CC1CCCC1
3962,3962,CCCCCCc1ccc(C(=O)Oc2ccc(C=C(C#N)C(=O)Nc3ccc(C#N)cc3)cc2OCC)cc1
3963,3963,CCCCCCC(S)(CC(S)C(C)=O)S
3964,3964,C=CCn1c(SCC(=O)NC(=O)Nc2ccccc2C)nnc1c1cccs1
3965,3965,CC1Oc2cc(O)ccc2N(CC(=O)NCCC[NH+]2CCOCC2)C1=O
3966,3966,O=C(OCc1ccccc1)N1CCCC(c2ccc(c3ccc(Oc4ccccc4)nn3)cc2)C1
3967,3967,CS(=O)(=O)NCC1CCN(C(=O)NC2CCC3CCCCC3C2)C1
3968,3968,COc1cccc(C(=O)NCC(=O)OCc2cc(OC)c(OC)c(OC)c2)c1
3969,3969,O=P(ONC=CCO)(ONC=[NH+]CCO)ONC=O
3970,3970,Cc1nc2c(c(SCC(=O)NCCc3ccc(F)cc3)n1)CCCC2
3971,3971,CSc1ccccc1NC(=O)C[NH+](C)C(C)C(=O)Nc1ccc(C(C)(C)C)cc1
3972,3972,Cc1cc(C(=O)C2CCC2)n(C)n1
3973,3973,O=C(Nc1n[nH]c2ccccc12)C1(c2cccnc2)CCCC1
3974,3974,CC1CCC2(CCCCN2C(=O)CN2C(=O)C3CCCCC3C2=O)C2CCC3(C)C(C(C)CCCC(C)C)CCC3C12
3975,3975,COCC[NH2+]CC(C)(O)C1CCOC1
3976,3976,O=C(NCc1cccnc1)Nc1ccc(C(=O)Nc2cccc(F)c2)cc1
3977,3977,Cc1ccc(c2nnc(SC(C)C(=O)NC3CCCCC3C)o2)cc1
3978,3978,O=C(NCC(Cl)C1CC1)c1c(Cl)nc2ccccn12
3979,3979,CC1CN(C(=O)c2cn[nH]c2c2cccnc2)CCC1=O
3980,3980,COCCOCCOCCOC(=O)N(C)CC(=O)OC
3981,3981,C=CC1CC1(NC(=O)C1CC(Oc2cc(c3nc(COC4CC4)cs3)nc3cc(OC)ccc23)CN1C(=O)C(NC(=O)OC1CCCC1)C(C)(C)C)C(=O)[O-]
3982,3982,N#CCCc1c(Cl)c(Cl)c(Cl)c(Cl)c1Cl
3983,3983,O=C(COc1ccc(C=NNC(=O)c2cc3cccc([N+](=O)[O-])c3o2)cc1Cl)Nc1ccccc1Cl
3984,3984,COc1ccc(S(=O)(=O)N2CCCC2)cc1NC(=O)c1cc([N+](=O)[O-])ccc1F
3985,3985,CCOC(=O)c1cc(=O)c2ccc(OC(C)C)cc2o1
3986,3986,C=CCOC(=O)C1CCCN1C(=O)C1C2C(CN1C(=O)C(NC(=O)NC(C(=O)OC(C)(C)C)C(C)(C)C)C(C)(C)C)C2(C)C
3987,3987,CSc1nnc(N(Cc2nc(=O)c3ccccc3[nH]2)C(C)C)s1
3988,3988,CC(C(=O)NC(=O)NC12CC3CC(CC(C3)C1)C2)[NH+]1CCN(c2ccccc2Cl)CC1
3989,3989,COc1ccc(F)cc1S(=O)(=O)N1CC(Oc2cccc(Cl)c2)C2(CCOCC2)C1
3990,3990,CCC1(C)C[NH2+]C(C(C)CC)CN1Cc1ccccc1C
3991,3991,C=CCOc1ccccc1NCC(=O)NN=Cc1scc2ccccc12
3992,3992,CC(C)CC([NH3+])C(=O)NCC(=O)NC(Cc1ccccc1)C(=O)NC(CC(=O)[O-])C(=O)NC(CC(=O)[O-])C(=O)NC(Cc1ccccc1)C(=O)NC(CO)C(=O)[O-]
3993,3993,[NH3+]C1CC2CCC(C1)[NH+]2CC(=O)N1CCN(c2cc(C(F)(F)F)nc(N)n2)CC1
3994,3994,O=C(NCC1COc2ccccc2O1)NC1CCCOc2ccccc21
3995,3995,Fc1ccc(C=CC[NH+]2CCC(c3c[nH]c4ncc(Cl)cc34)CC2)cc1
3996,3996,NC(=S)c1ccc(NCCOC2CCCC2)cc1F
3997,3997,COC(=O)C(Cc1cc(O)cc(C(O)c2ccc(c3ccccc3)cc2)c1O)Sc1ccccc1
3998,3998,Nc1c(Nc2ccc(I)cc2)ncnc1N1CCOCC1
3999,3999,O=C(NCc1ccccc1F)Nc1ccc2c(c1)Cc1ccccc1-2
4000,4000,[NH3+]C(C(=O)[O-])C1CCN(S(=O)(=O)c2cc(C(F)(F)F)ccc2Cl)CC1
4001,4001,CC(C)(C)C1=CN(c2ccccc2)C(c2ccccc2)=NC1[NH3+]
4002,4002,COc1ccccc1N1CCN(C(=O)C2CCN(c3cc(C(C)(C)C)ncn3)CC2)CC1
4003,4003,CCCC(CCC)C(=O)N1CCCC(NC(=O)c2c(C)noc2C)C1
4004,4004,COc1ccc(C(=O)N2CCC(C(=O)c3ccccc3)CC2)c(OC)c1OC
4005,4005,NC(=[NH+]O)c1cc(Br)ccc1OCCn1cncn1
4006,4006,CCOc1cccc(C(O)C2(C#N)CCC(C)(C)CC2)c1
4007,4007,C=CC=C(C=CC)NC(=O)c1cnc(N2CC[NH+](C)CC2)cn1
4008,4008,COCCONCc1c(C)[nH]n(c2ccccc2)c1=O
4009,4009,CCCc1ccc(OCC(=O)N2CCN(C(=O)Nc3ccccc3)CC2)cc1
4010,4010,Cc1[nH]n(C)c2ncc(NC(=O)c3c([O-])c4ccc(CO)cc4oc3=O)c1-2
4011,4011,COC(=O)C(C)[NH2+]C1CONC1=O
4012,4012,O=C(OCC1c2ccccc2-c2ccccc21)N1CCc2[nH]nc(c3cc(F)ccc3O)c2C1
4013,4013,CCc1occc1C(=O)Nc1nnns1
4014,4014,CCOc1ccc(Nc2cc(NCCc3ccccc3OC)ncn2)cc1
4015,4015,CC(C)(CCC(=O)[O-])C(=O)NCc1ncccn1
4016,4016,Cc1ccn2c(=O)cc(COc3ccc(C(=O)n4cnnn4)cc3)nc2c1
4017,4017,CC(C)NC(=O)N1CCCC1C(=O)N1CCC[NH+](C(C)C)CC1
4018,4018,CC(C)(C)c1cc(NC(=O)c2ccc(N)c(O)c2)n[nH]1
4019,4019,COc1cc2c(cc1OC)C(c1cccnc1)[NH+](CCCC[NH+](C)CCc1cnc[nH]1)CC2
4020,4020,[NH3+]CC(Cn1[nH]c(=O)ccc1=O)c1ccccc1
4021,4021,C=CC=C1C=C(n2c3ccccc3c3c4c5ccccc5n(c5ccccc5)c4ccc32)C=CN1c1ccc(c2ccc3nc4ccccc4nc3c2)cc1
4022,4022,O=C(CN1C(=O)C2CC=CCC2C1=O)Nc1ccccc1
4023,4023,CC(=O)N(CCNC(=O)Cc1cccc(C(F)(F)F)c1)c1ccc(C)cc1C
4024,4024,CCCCCNC(=O)Nc1ccc(N(CC)CC)c(C(=O)[O-])c1
4025,4025,CCCCC([NH3+])C(=O)N(C)C1CCS(=O)(=O)C1
4026,4026,Cc1nc2ccc(NC(=O)NC(C)c3ccc(OCC#N)cc3)cc2s1
4027,4027,COc1ccccc1CNc1nc(C[NH+]=C(N)N2CCN(C(=O)c3cccc(C(F)(F)F)c3)CC2)cs1
4028,4028,Cn1nccc1c1noc(CO)n1
4029,4029,O=C([O-])c1cc(=O)c2cc(NCc3ccc4cc[nH]c4c3)cc(F)c2[nH]1
4030,4030,O=C(NCCc1ccc2c(c1)OCO2)C1CCCN1C(=O)c1cccs1
4031,4031,Cc1nn(c2ccccc2)c(C)c1C=NNC(=O)c1cccnc1
4032,4032,O=C(NCc1ccccn1)c1cc(c2cccs2)on1
4033,4033,CCOC(=O)c1c([O-])c2c(=O)cc(c3ccccc3CC)oc2c2oc(=O)ccc12
4034,4034,Cc1ccc(C2CCCN2C(=O)C[NH+]2CCOCC3(CC3)C2)cc1
4035,4035,COc1ccc(CN2C(=O)C(O)(CC(=O)c3cccs3)c3ccccc32)cc1OC
4036,4036,Cc1ccc(N2C(=O)NC(=O)C(=Cc3ccccc3OCC(=O)Nc3ccc(F)cc3C)C2=O)cc1
4037,4037,C=C(C)COc1ccc(C(=O)Oc2ccc(C=C3SC(=O)N(CC(=O)N4CCC(C)CC4)C3=O)cc2OC)cc1
4038,4038,C[NH2+]C(C)C(=O)NC(C(=O)NC(Cc1ccc(c2c(C(C)C)c3ccccc3n2C)cc1)C(=O)[O-])C(C)(C)C
4039,4039,COC(=O)C1([NH2+]C(C)C)CCC(Sc2cccc(F)c2)C1
4040,4040,COC(=O)Cc1c(O)ccc2c(=O)c3ccccc3oc12
4041,4041,CCOc1ccc(C(=O)NCC(=O)N(C)c2ccc3c(c2)OCCO3)cc1OC
4042,4042,CC(=O)NC(C)C1=N[NH+]([O-])N(C)[NH+]([O-])N(C)N1[O-]
4043,4043,COc1ccc(C(C)(C)CNC(=O)C2(c3ccc4c(c3)OCO4)CC2)cc1
4044,4044,COC(=O)C(C)n1c(=S)[nH]c2cccnc21
4045,4045,COC(=O)c1c(NC(=O)C(C)OC(=O)C=Cc2ccc(Br)s2)scc1c1ccccc1
4046,4046,CCOC(=O)CNC(=O)N1CCC2(CCCC2)CC1
4047,4047,Cc1ccc(CC(=O)N(C)Cc2cccc(C(N)=O)c2)cn1
4048,4048,Cc1cc(C)c2c(c1)OCCCC2=O
4049,4049,COc1ccc(NC(=O)CCc2ccc(OC(F)F)cc2)c(OC)c1
4050,4050,Cc1cc(NC(=O)C[NH2+]C(C)C)ccc1O
4051,4051,COc1cccc(C(=O)Nc2ccc(C34CC5CC(CC(C5)C3)C4)cc2)c1
4052,4052,CCOc1ccc(C([O-])=C2C(=O)C(=O)N(c3ccc(F)c(F)c3)C2c2cccc(O)c2)c(OCC)c1
4053,4053,Cc1nc(N2CC[NH+](Cc3ccccc3)CC2)cc(N2CCN(C(=O)C3CC(=O)N(C)C3)CC2)n1
4054,4054,Nc1cccc(c2nc(CCC(=O)[O-])no2)c1
4055,4055,[NH3+]Cc1ccc(N2CCC3(CCCCC3)CC2)nc1
4056,4056,Cc1ccc(OCn2ccc(C(=O)Nc3ccc(C)c(C)c3)n2)c(C(C)(C)C)c1
4057,4057,Cc1nc(NCCNC(=O)N2CCC3CCCCC32)sc1C
4058,4058,FC(F)(F)Oc1cncc2c1NC(C1CC1)O2
4059,4059,CC(=O)c1scc(C(C)=O)c1C
4060,4060,CC(C)(CCn1cc(NC(=O)Nc2ccc(C#N)c(C(F)(F)F)c2)cn1)[NH2+]CC(O)c1cccc(C(F)(F)F)c1
4061,4061,Cc1cc(C)n(CC(=O)Nc2nc(CC(=O)Nc3nccs3)cs2)n1
4062,4062,COc1ccc(c2nnc(C[NH+]3CCN(CCNC(=O)c4cccs4)CC3)o2)cc1
4063,4063,COc1cccc(CCC(=O)N2CCN(c3ncc(C(F)(F)F)cc3Cl)CC2)c1OC
4064,4064,CSCCC(NC(=O)C([NH3+])CS)C(=O)N1CCCC1C(=O)[O-]
4065,4065,NC(N)=[NH+]c1nc(=O)[nH]c2c1ncn2C1OC(COCc2ccc(Cl)cc2)C2OC(c3ccccc3)OC21
4066,4066,O=C(NCCC(=O)N1CCN(c2cccc(Cl)c2)CC1)c1ccoc1
4067,4067,CCCCCCCOc1ccc(C(=O)Oc2ccc(C(=O)OC(CC(=O)[O-])c3ccc(Cl)cc3)cc2)cc1
4068,4068,CC(c1ccccc1)N(C)C(=O)COc1ccc2c(c1)OC(C)(C)O2
4069,4069,CNc1cc(N)n(c2nc3ccccc3s2)n1
4070,4070,CCOC(=O)C(C)(Cc1ccc(OCC[NH+](C)C)cc1)c1cccc([N+](=O)[O-])c1
4071,4071,CCCC[NH+](CCCC)CCNC(=[NH+]C)N1CCC(COCCOC)C1
4072,4072,COc1ccc(C(=O)Nc2cc(Nc3cc(OC)c(OC)c(OC)c3)ccn2)cc1
4073,4073,CC(C)CC([NH3+])C(=O)NC(CCCC[NH3+])C(=O)NC(CCC[NH+]=C(N)N)C(=O)N1CCCC1C(=O)N1CCCC1C(=O)[O-]
4074,4074,Cc1nc2ccccc2n1C1CCN(C(=O)c2n[nH]c(=O)c3ccccc23)CC1
4075,4075,O=C(NCc1ccccc1)C(Sc1ccccc1)c1ccccc1
4076,4076,CC1C2CCC1c1c(sc(c3ccsc3Br)c1C(=O)[O-])C2
4077,4077,CCOc1cc(Sc2ccc(CC#N)cc2)ccc1N
4078,4078,CCc1cccc(C)c1NC(=O)Cn1c(=O)n(Cc2ccccc2)c(=O)c2sccc21
4079,4079,COc1ccc(OC)c(NC(=O)c2n[nH]c3cc(c4cncc(C[NH+]5CCOCC5)c4)ccc23)c1
4080,4080,O=C(NCC1CCCO1)C1CCN(S(=O)(=O)c2ccc(Cl)s2)CC1
4081,4081,Cc1c(F)cc(C#N)cc1NC(C)c1cnsn1
4082,4082,CC(C)C[NH2+]Cc1cc(Cl)nc(c2cccc(O)c2)c1
4083,4083,N#Cc1cc2sc(CO)cc2cc1F
4084,4084,CC(C)C([NH3+])C(=O)N(C)Cc1cccc(C(N)=O)c1
4085,4085,COCC[NH+]1CCC2[NH2+]CCC2C1
4086,4086,CCCCCC(F)(OC(F)(OC(F)(F)C(F)(F)OC(F)(F)C(F)(OC(F)(F)C(F)(F)C(F)(OC(F)(F)C(F)(OC(F)(F)C(F)(F)C(F)(F)C(F)(F)C(F)(F)F)C(F)(F)F)OC(F)(F)C(F)(F)C(F)(OC(F)(F)C(F)(F)C(F)(F)C(F)(F)C(F)(F)F)C(F)(F)F)OC(F)(F)C(F)(F)C(F)(F)F)C(F)(F)F)C(F)(F)C(F)(F)F
4087,4087,COc1cc(S(=O)(=O)N2CCN(c3cc(C)ccc3C)CC2)cc(OC)c1OC
4088,4088,CC[NH2+]CCc1cc(OC)c(OCCCO)cc1Br
4089,4089,NNC(=O)c1cc([N+](=O)[O-])cc(F)c1N
4090,4090,CCCCOC(=O)[N-]S(=O)(=O)NCCC(C)=O
4091,4091,CCCCN(CC)c1ccc(C[NH2+]C2CC2)cc1F
4092,4092,Cc1cc(Cl)ccc1OCc1csc(c2ccccc2)n1
4093,4093,Cc1ccc(C(C)NS(=O)(=O)c2cc(Br)cnc2NN)o1
4094,4094,Cc1ccnc(C[NH3+])c1OCc1ccc(Cl)s1
4095,4095,CC(c1cccs1)[NH+](C)C1COCC1C(=O)[O-]
4096,4096,COc1ccc(C[NH+]=C(N)NCC2(c3ccccc3)CCCCC2)cc1
4097,4097,CCCCC=CCCCCCCCC(=O)OC(COC(=O)CCCCCCCCCCCCCCCCCCCCC)COP(=O)([O-])OCC[NH3+]
4098,4098,COC(=O)c1c(C)[nH]c(=S)nc1N
4099,4099,COC(=O)c1ccc(OC(=O)c2cc(C(=O)OC)cc([N+](=O)[O-])c2)c([N+](=O)[O-])c1
4100,4100,CCCCNC(=[NH+]C)N(C)Cc1cc2ccccc2o1
4101,4101,CCCCCCCOc1ccc(C(=O)Oc2ccc(C=NNC(=O)C(=O)Nc3ccc(C)cc3C)cc2)cc1
4102,4102,COCC[NH+]1CCC(N(CC2CC2)C(=O)CC(C)(C)C)CC1
4103,4103,O=C(NN=Cc1ccc(Oc2ccc([N+](=O)[O-])cc2[N+](=O)[O-])cc1)c1ccccc1F
4104,4104,CC1CN(C(=O)CCC2CCCC[NH2+]2)CC(C)O1
4105,4105,COC(=O)C([NH2+]CC(C)C)c1cc(Br)ccc1F
4106,4106,CC(C)=CCCC(C)=CCCC(C)=CCCC(C)=CCCC(C)=CCCC(C)=CCCC(C)=CCCC(C)=CCCC(C)=CCCC(C)=CCCC(C)=CCCC(C)=CCCC(C)=CCCC(C)=CCOP(=O)([O-])[O-]
4107,4107,COC(=O)c1cc(Cn2c(C)c(C(=O)OC)sc2=S)oc1C
4108,4108,Cn1cccc1C(=O)N(CCC[NH+]1CCOCC1)Cc1ccco1
4109,4109,O=C(c1csc(Cc2ccccc2)n1)N(CCCl)CCCl
4110,4110,NC(N)=[NH+]CCCC(NC(=O)C(CO)NC(=O)C([NH3+])CCC(=O)[O-])C(=O)NCC(=O)[O-]
4111,4111,C=CCOCC(O)C[NH+](Cc1cc2cc3c(cc2[nH]c1=O)OCCO3)CC1CC1
4112,4112,CCOC(=O)[N-]S(=O)(=O)NC(C1CC1)C(C)[NH3+]
4113,4113,Cc1ccncc1CNC(=O)c1cc(Cl)nc(C(C)C)c1
4114,4114,Cc1ccc(OC2CCC(C)CC2)c(C[NH2+]C(C)C)c1
4115,4115,O=C(CCNC(=O)OCc1ccccc1)Nc1ccc2nn(c3cncc(F)c3)nc2c1
4116,4116,CC(=O)N(Cc1cc(Oc2ccccc2)ccc1C=O)c1ccccc1C
4117,4117,CC1CC(C)C[NH+](CC(C)NC(=O)CN2C(=O)C3CC=CCC3C2=O)C1
4118,4118,O=C1c2ccccc2C(=O)N1CCCCCS(=O)(=O)[O-]
4119,4119,CSc1sc(C(N)=[NH+]C(=O)[O-])cc1S(=O)(=O)c1cccc(C(F)(F)F)c1
4120,4120,CC(Sc1nnc2ccccn12)C(=O)NC(C)c1ccc(F)cc1F
4121,4121,Cc1ccc(C=NNc2ccc([N+](=O)[O-])cc2[N+](=O)[O-])cc1
4122,4122,CC(C)(CCBr)C(=O)NCCc1cnc[nH]1
4123,4123,COc1cccc(C(=O)N(Cc2cccs2)c2nc3c(SC)cccc3s2)c1
4124,4124,CCOc1ccc(C2C(c3cc(Cl)c(OCC)c(Cl)c3)=C(O)C(=O)N2c2cccc(F)c2)cc1
4125,4125,CC(C)CN(C(=O)CCC(=O)[O-])C(C)C
4126,4126,CCn1cc(C2OCCC2CNc2ncc(Br)cc2Cl)cn1
4127,4127,O=C(NCC(F)(F)F)N1CC(O)C(Cc2ccncc2)C1
4128,4128,CC(C)(C)[NH+]1CCCC(Nc2ccc3ncsc3c2)C1
4129,4129,O=C(Nc1ccc(Cl)c(Cl)c1)N1CCOCC2(CCOCC2)C1
4130,4130,O=C(c1ccc2c(c1)CCO2)N1CCc2ccc(NS(=O)(=O)c3ccccc3F)cc2C1
4131,4131,CCc1cnc(CN2C(=O)C(=O)c3c(F)ccc(F)c32)o1
4132,4132,O=C(C1CCCN1S(=O)(=O)c1ccc(F)cc1)N1CCCC1Cn1cccn1
4133,4133,O=C(Nc1ccc(c2cnco2)cc1)c1cccc(C[NH+]2CCCCC2)c1
4134,4134,O=C([O-])C1CC[NH+](Cc2cccc(C3OCCc4sccc43)c2)CC1
4135,4135,O=C(c1cccc(S(=O)(=O)NCC2CCCO2)c1)N1CCC(O)CC1
4136,4136,Cc1c(N)cccc1NC(=O)CN1CCN(C)c2ccccc21
4137,4137,CCCNC(=O)C(C)N(Cc1c(Cl)cccc1Cl)C(=O)CCCN(c1ccc2c(c1)OCO2)S(C)(=O)=O
4138,4138,COc1ccc(CNc2nc(C(=O)NCc3ccccc3Br)cs2)cc1
4139,4139,C[NH2+]C(C(=O)Nc1ccc(N2CC[NH+](C)CC2)cc1)c1cnn(C)c1
4140,4140,COC(=O)CCc1ccc(N2CCN(c3ccc(I)cc3)CC2)nc1
4141,4141,CC(C)n1nc(N2CCCC(C(C)(C)C)CC2)c2cnc(C3=C(C(=O)[O-])CCC3)nc21
4142,4142,NC(=[NH2+])c1cccc(Cn2ccnc2)c1
4143,4143,COCCOCC(=O)N(CCC[NH3+])C1CCCCC1
4144,4144,CCCCNC(=O)c1cc2ccccc2c(c2cc(OC)ccc2OC)n1
4145,4145,COc1ccc(CSc2nc3cc(Cl)c(Cl)cc3[nH]2)cc1F
4146,4146,CCOC(=O)On1c(C)nc2c(oc3ccccc32)c1=O
4147,4147,COc1ccc(Cc2nonc2N)cc1OC(F)F
4148,4148,O=C(C=Cc1ccc2c(c1)OCO2)N1CCN(S(=O)(=O)c2ccc3c(c2)CCCC3)CC1
4149,4149,CC(C)N(CC1CC1)S(=O)(=O)c1cccc(CO)c1C
4150,4150,Cc1ccc(Br)cc1Oc1ccc(CCl)cc1Br
4151,4151,O=C(Nc1ccccc1)C(c1ccccc1Cl)[NH+]1CCCC1c1ccco1
4152,4152,O=C([O-])C1(CS(=O)(=O)c2ccccc2Br)CC1
4153,4153,COC(=O)CSc1nnc(NC(=O)c2c(C)nn(Cc3ccccc3Cl)c2Cl)s1
4154,4154,O=C1Nc2ccc(Cl)cc2SCC1Sc1nnnn1C1CC1
4155,4155,Cc1ccc(NC(=O)NCC2CCC[NH+]2C2CC2)c2cccnc12
4156,4156,O=C(NCC1CC1C1CCN(c2ncccn2)CC1)c1occc1c1ccccc1
4157,4157,O=C(NCC[NH+]1CCc2ccccc2C1)C1CC(=O)N(Cc2cccs2)C1
4158,4158,CCCCOC(=O)C1CC(C)CCC1C(=O)[O-]
4159,4159,CCC1CCC([NH2+]Cc2occc2C(=O)[O-])C1C
4160,4160,N#Cc1c(N)nc(SCc2cccc(S(=O)(=O)Nc3ccccc3)c2)c(C#N)c1c1ccc(O)c(Cl)c1
4161,4161,CC(=O)Nc1ccc(C(=O)NC(C)COc2ccc(F)cc2)cc1
4162,4162,CC(C)C(Sc1ccc(OCc2ccccc2)cc1)C(O)CC(=O)[O-]
4163,4163,O=C(c1cn(C2CCC(F)(F)CC2)nn1)N1CCC(CO)C1
4164,4164,CC(=O)Nc1ccc(S(=O)(=O)Oc2cccc3ccccc23)cc1
4165,4165,CCc1ccsc1C(=O)N1CCC(C)(O)CC1
4166,4166,N#Cc1cnn(C2CCCN(C(=O)Nc3ccc4ccccc4c3)C2)c1
4167,4167,CCC(C)NC(=O)c1ccccc1NC(=O)C1CCCN1C(=O)C1CC[NH+](C(C)C(=O)Nc2cc(C(=O)N3CCC(C)CC3)ccc2Cl)CC1
4168,4168,Cc1c(CC(=O)[O-])c2oc(C(C)(C)C)cc2n1C(=O)c1ccc(Cl)o1
4169,4169,CC(C)CN(C(=O)N1CC[NH+](C2CC2)CC1)C1CCS(=O)(=O)C1
4170,4170,O=c1c(Br)cncn1C1CC(O)C(CO)O1
4171,4171,Cc1c(NC(=O)N2CCN(c3ccccc3C#N)CC2)cccc1[N+](=O)[O-]
4172,4172,Cc1nn(c2ccccc2)c(Cl)c1C(=O)Nc1ccccc1
4173,4173,CCC(=O)N1CCC(c2nc(CCl)cs2)C1
4174,4174,O=C(C1CCCC[NH2+]1)N1CCN(C2=[NH+]C(=O)C(=Cc3ccccc3)S2)CC1
4175,4175,CC(C)(C)NS(=O)(=O)c1ccc2c(c1)CCN2C(=O)Cn1c(=O)oc2ccccc21
4176,4176,O=C(NCC(c1ccccc1)[NH+]1CCCCC1)C1CCCO1
4177,4177,COc1ccc(CNC(=O)CN2CCOc3ccccc32)cc1
4178,4178,Cc1cc(=O)n2[nH]c(C(=O)OC(C)C(=O)Nc3ccccc3C(C)C)c(c3ccccc3)c2n1
4179,4179,O=C(c1ccc(=O)[nH]n1)N1CCc2nc(N3CCOCC3)nc(N3CCCC3)c2CC1
4180,4180,CCOc1cc(C(C)(C)C)ncc1Cl
4181,4181,O=C(Nc1ccc(C(=O)N2CCCCC2)cc1)c1cc(S(=O)(=O)N2CCOCC2)ccc1F
4182,4182,CC(C)CC(NC(=O)C([NH3+])CC(N)=O)C(=O)NC(Cc1ccccc1)C(=O)NC(CCCC[NH3+])C(=O)[O-]
4183,4183,Cc1c(C)c(C)c(Br)c(NS(=O)(=O)c2cc(NC(=O)OC(C)(C)C)cc(c3nnco3)c2C#N)c1C
4184,4184,CC1C[NH2+]CCN1C(=O)Nc1ncc(Br)cc1Br
4185,4185,O=C([O-])C1(c2cncc3ccc(O)cc23)COC1
4186,4186,O=C(NCC(O)C[NH+]1CCc2ccccc2C1)c1ccc(F)c(F)c1
4187,4187,Cc1c(Cl)cccc1NC(=O)N1CCC(NC(=O)C2CC2)CC1
4188,4188,CC(C)n1ncc2c(C(=O)NC3(c4ccc(Cl)cc4)CC3)cc(c3cccs3)nc21
4189,4189,CCC(C)C(=O)Nc1ccc(NC(=O)C2CCCN2C(=O)C2CC[NH+](CC(=O)Nc3ccc(Cl)c(C(N)=O)c3)CC2)cc1
4190,4190,CC1=NC(C(C)C)C(=O)N1C(C)C(C)(C)C
4191,4191,C=CC(=O)N1CCc2ccc(S(N)(=O)=O)cc2C1
4192,4192,O=C([O-])N1CCOC(c2cccnn2)C1
4193,4193,COc1c(N)nsc1N(C)CCOC(N)=O
4194,4194,CC(C)CNC(=O)N1CCC(Oc2ccc(C(=O)NC(C)C)cc2)C1
4195,4195,CC(=O)c1ccc(SCC2CCCO2)cc1C
4196,4196,CCNC(=O)N(C1CC(=O)N(c2ccc(C)c(C)c2)C1=O)S(=O)(=O)CCC
4197,4197,CC(C)C[NH+]1CCC(NC(=O)CC2CC3CCC2C3)CC1
4198,4198,CC(C)CC(C[NH3+])C(=O)Nc1ccc(CCC#N)cc1
4199,4199,CCC1OC(=O)C(C)C(=O)C(C)C(OC2OC(C)CC([NH+](C)C)C2O)C(C)(OC)CC(C)C(=O)C(C)C2N(CCCCn3cnc(c4ccncc4)c3)C(=O)OC12C
4200,4200,CC(C)=CCCC(C)=CCCC(C)=CCC1C(=O)OC2COC(C)(C)OC21C
4201,4201,CC1CCCC(Nc2ccc(F)cc2Br)C1C
4202,4202,COc1ccc(n2cc3c(n2)CCCC3[NH3+])cc1OC
4203,4203,CCOC(=O)c1sc(NC(=O)CSc2nc3ncccc3[nH]2)nc1C
4204,4204,CC(C)[NH+]1CCC(CNC(=O)NCc2cccc(Cn3cccn3)c2)CC1
4205,4205,COCCNC(=O)c1ccc([N-]S(=O)(=O)c2ccc(Br)cc2)cc1
4206,4206,C[NH2+]C(CC1CCCCC1)c1ccc2nccnc2c1
4207,4207,O=C1C(=O)N(CC[NH+]2CCOCC2)c2ccc(Cl)cc21
4208,4208,Nc1cnc(C2CSCCO2)o1
4209,4209,C=CCCCC(C#CCCCCC)OC(=O)CCCCCCCCCCCCC
4210,4210,CCOc1ccc(NC(=O)c2ccnc(NCc3ccccc3Cl)n2)cc1
4211,4211,COC(=O)Cc1c(CCCBr)ccc(Br)c1O
4212,4212,CNC(=S)NNC(=S)NCC1CCCO1
4213,4213,Cc1ccc(F)c(NC(C)c2ccccn2)c1
4214,4214,CCCCN=C(N[NH3+])Nc1ccc(C)nn1
4215,4215,CCCc1c(NC)ncnc1N(CCC(C)C)C1CC1
4216,4216,COc1ccc(SCC(=O)Nc2ccccc2C(=O)NC2CC2)cc1
4217,4217,CC(C)c1ccc(S(=O)(=O)Nc2cnn(c3ccccc3)c2)cc1
4218,4218,CCCCSC(C)C(=O)OCCC
4219,4219,Cc1cc(OC2CN(C(=O)c3cnccn3)C2)cc(=O)n1C
4220,4220,COC(=O)c1c(C(F)(F)F)cccc1[N+](=O)[O-]
4221,4221,Cn1nc(CC(O)c2c(F)cccc2Cl)c2ccccc21
4222,4222,Cc1nc(C)n(CC2CC[NH+](Cc3nc(Cc4cccc(C(F)(F)F)c4)no3)CC2)n1
4223,4223,CCOC(=O)C=CCOc1ccc(C)cc1C(F)(F)F
4224,4224,Cc1cc(C)cc(N2N=C(C(=O)N3CCOCC3)CCC2=O)c1
4225,4225,CCC1CCC(C(C)C)C(OCC(=O)N(CCOC)C2CCC2)C1
4226,4226,CC(C)NC(=O)c1nc(C(=O)N(C)Cc2ccccc2)c2n1CCCC2
4227,4227,CC(C)(C)[Si](C)(C)OC(=O)CNC(=O)Oc1ccc2ncccc2c1
4228,4228,Cc1cc(N2CCCCc3ccccc32)ccc1O
4229,4229,COc1ccc(Cn2cc(C=CC3=CCCCC3)c3cc([N+](=O)[O-])ccc32)cc1
4230,4230,C=CCSCCNc1ccc(C(=O)[O-])c(F)c1F
4231,4231,COc1n[nH]c(NC(=O)c2cnc(CC[NH3+])s2)n1
4232,4232,[NH3+]C1CCC(n2cncn2)CC1
4233,4233,COc1ccc(C(=O)Nc2cccc(SC(C)C(=O)Nc3ccc([N+](=O)[O-])cc3)c2)cc1
4234,4234,CCOC(=O)COc1cccc(C(=O)N2CCN(c3cccc(Cl)c3)CC2)c1
4235,4235,COc1c(C(O)C[NH2+]C(C)(C)C)c(C)nn1C
4236,4236,O=C(C[NH+]1CCC(C(=O)N2CCCC2C(=O)Nc2ccc(C(=O)NC3CCCCC3)cc2)CC1)Nc1cc(C(=O)Nc2ccccc2)ccc1Cl
4237,4237,COc1ccc(n2nnc(C(=O)NC3CCCC3)c2COc2ccc(C)cc2)cc1
4238,4238,Cc1ccc(C(C)(C)C)cc1S(=O)(=O)Cl
4239,4239,COCCOc1ccc(Nc2ncc(C)c(Nc3ccc(F)c(F)c3F)n2)cc1
4240,4240,CCCc1c(OCCCOc2ccc(c3cc(c4ccccc4OC)nc(c4ccc(C(C)(C)C)cc4)c3C#N)cc2Cl)ccc(C(C)=O)c1O
4241,4241,CCOc1cccc(CC(C)=O)c1O
4242,4242,Cc1cc(Oc2c(F)cccc2C[NH3+])ccc1Br
4243,4243,O=C(NCc1ccncc1)c1onc(C2CC2)c1Br
4244,4244,COC(=O)C([NH2+]C1CC1)c1ccc(Br)cc1Br
4245,4245,NNC(=O)c1cnc(Sc2ccc(Cl)cc2)nc1
4246,4246,CC(=O)c1cc(C#N)c(SCC(=O)Nc2cc(C(F)(F)F)ccc2Cl)nc1C
4247,4247,CC(C)C[NH2+]Cc1ccc(OCc2ccc(Br)cc2)cn1
4248,4248,CC(Sc1nnc(Cc2ccccc2)n1c1ccccc1)C(=O)N(C)c1ccccc1
4249,4249,COc1ccc(C(=O)N2CCCC(C(=O)Nc3ccccc3F)C2)cc1OC
4250,4250,CCC1CCCCN1C(=O)CSc1nc2ccccc2c(=O)n1c1ccc(C)cc1C
4251,4251,Nc1ccc(NCc2ccc(F)cc2)c(C(F)(F)F)c1
4252,4252,CCc1ccc(CN2C(=O)C(C)CC2C)nc1
4253,4253,COc1ccc2c(c1OC)C(=O)OC2C1CCN(C(=O)CCCF)CC1
4254,4254,Cc1[nH]c(=O)n(CCCC[NH+]2CCOCC2)c1C(=O)[O-]
4255,4255,COC(=O)C(C)(CSc1cc(Cl)ccc1Cl)[NH2+]C1CC1
4256,4256,CC(=O)c1sc(NC(=O)C(Sc2cccc(NC(=O)C(=Cc3ccc(N(C)C)cc3)NC(=O)c3ccccc3)c2)c2ccccc2)nc1C
4257,4257,Nc1ccc(CC(=O)NC(C[NH3+])c2ccccc2)cc1
4258,4258,O=C([O-])c1cc2cc(NC(=O)c3ccc(F)cc3)ccc2[nH]1
4259,4259,CC1CCCC(NC(=O)CC2CC3CCC(C2)[NH2+]3)C1C
4260,4260,CCc1oc2ccccc2c1C=CC(=O)N1CCNC(=O)C1CC(=O)OCCOC
4261,4261,O=C(OC1CCCCC1)c1ccc2cccnc2c1O
4262,4262,C[NH2+]C(C)c1ccc(n2ccc(C(F)(F)F)n2)cc1
4263,4263,Nc1ccc2c(c1)OCCCCO2
4264,4264,CCOC(=O)Cn1c(=NC(=O)c2cc(Cl)cc(Cl)c2)sc2cc(F)cc(F)c21
4265,4265,CC(C)(C)c1ccc(C(=O)Nc2ccc(N3CCCS3(=O)=O)cc2)cc1
4266,4266,Cc1cc(N)c(Cl)cc1OCc1cc(F)ccc1Br
4267,4267,Nc1ccn(C2OC(CO)(CO[P+](=O)O)C(O)C2(F)C(O)CO)c(=O)n1
4268,4268,CCc1ccc(NC(=O)CN2C(=O)NC(CC)(c3ccc(F)cc3)C2=O)cc1
4269,4269,CC(=O)SCC(=O)Nc1ccc(S(=O)(=O)Nc2cc(Cl)cc(Cl)c2)cc1
4270,4270,CNS(=O)(=O)c1cc(Oc2cc(C)on2)ccc1Cl
4271,4271,N#Cc1ccc(C(=O)Nc2nc(c3ccc(Cl)cc3Cl)cs2)cc1
4272,4272,COc1ccc(Cl)cc1CNc1ccnc(NCCc2c[nH]c3ccccc23)n1
4273,4273,CCC1CC1[NH2+]C1CCCC1C[NH3+]
4274,4274,Cn1ccc(CNc2ccc(C(F)(F)F)cc2[N+](=O)[O-])n1
4275,4275,COC(CNc1cc(C#N)ccc1C)CC(=O)[O-]
4276,4276,[NH3+]CC1C[NH+](C2COCC2O)CCO1
4277,4277,Cc1[nH]nc(NC2CCS(=O)(=O)C2)c1C
4278,4278,Cn1ccc(C(=O)NC2(CO)CCCC2)n1
4279,4279,CN(CCC(F)(F)F)C(=O)c1ccc(C#CCO)cc1
4280,4280,Cn1ccn2cc(CO)[nH+]c12
4281,4281,Cc1ccc(S(=O)(=O)c2c3c(c(N)c4c2C(=O)c2ccccc2C4=O)C(=O)c2ccccc2C3=O)cc1
4282,4282,O=C(Cc1ccc(F)cc1)NC1CCN(c2cnccn2)CC1
4283,4283,CC(C)CC(NC(=O)OC(C)(C)C)C(=O)N(CCc1ccc(c2ccc(C(=O)NC(CCC(=O)[O-])C(=O)[O-])cc2)cc1)C(=O)OC(C)(C)C
4284,4284,CC(C)(C)NS(=O)(=O)Nc1nc2c(s1)C[NH2+]C2
4285,4285,CC(C)(C)N1CC([NH+]2CCN(C(=O)c3ccc(C4CCOC4)cc3)CC2)CC1=O
4286,4286,O=C(Cn1cnc2ccc(Br)cc2c1=O)NCc1ccc(O)cc1
4287,4287,O=CN1CCN(c2ccc(N3C(=O)NCc4ccc(N5CCOCC5)cc4C3=O)cc2F)CC1
4288,4288,COc1cc(n2c(C)cc(C=Nc3ccc4oc5c(c4c3)CCCC5)c2C)c([N+](=O)[O-])cc1Cl
4289,4289,O=C(Cc1cn(CC(O)COCCc2ccc(c3ccccc3)cc2)nn1)Nc1ccccc1
4290,4290,CSC1CCCC(NC(=O)N2CC(C)(C)C2C2CCCO2)C1
4291,4291,COc1ccc(Cl)cc1NC(=O)c1cncc(C(=O)Nc2ccc(F)cc2)c1
4292,4292,CCCCc1nc(C)c(CC[NH3+])c(C)n1
4293,4293,COc1ccc(c2noc(CN(C)C(=O)c3cc(C)cc(C(F)(F)F)c3)n2)cc1
4294,4294,CC1CCCN(C(=O)C2([NH+](C)C)CCC2)C1
4295,4295,N#Cc1ccc(C(=O)Nc2ccc3[nH]c(=O)[nH]c3c2)cc1
4296,4296,CCCOCc1ccc(C2CC=C(c3ccc(F)c(F)c3)CC2)c(F)c1F
4297,4297,CC(C)(C)c1ccccc1NC(N)=[NH+]CCC[NH+]1CCOCC1
4298,4298,O=C(CCc1ncc(c2ccc(F)cc2)o1)c1cc2ccccc2o1
4299,4299,O=C([O-])CC1CCc2cccc(OC(F)(F)F)c21
4300,4300,Cc1c(NC(=O)C(C)[NH+]2CCC(C(=O)Nc3ccc(NC(=O)C4CCCCC4)c(Cl)c3)CC2)cccc1C(=O)Nc1ccccc1
4301,4301,O=C(OC1CCN(C(=O)OCc2ccc([N+](=O)[O-])cc2)CC1)N1CCCC(c2nc3ccccc3s2)C1
4302,4302,CCCCOC(=O)c1ccc(NC(=O)C(C#N)=Cc2cc(OC)c(OCc3ccc(C)cc3)cc2Br)cc1
4303,4303,O=C(CC1C(=O)Nc2ccccc21)OC12CC3CC(CC(C3)C1)C2
4304,4304,O=C1CSc2ccc(NC(=O)C3CCc4cc(Br)ccc43)cc2N1
4305,4305,O=C(CCc1nc(c2ccncc2)no1)NCc1cccnc1n1cccn1
4306,4306,CCOC(=O)CC1C(=O)NCCN1C(=O)COc1ccc(c2nnn(CC3CCC3)n2)cc1
4307,4307,FC(F)Oc1c(I)ccc(I)c1I
4308,4308,NC(C(=S)Cc1ccccc1)c1nc(c2ccccc2)no1
4309,4309,CCOC(=O)CSc1nc2c(c(=O)n1CCCOC)C1(CCCC1)Cc1ccccc1-2
4310,4310,CC(C)CC(NC(=O)C(CCCC[NH3+])NC(=O)C(CCC(=O)[O-])NC(=O)C(CC(N)=O)NC(=O)C([NH3+])CCC(N)=O)C(=O)NC(C(=O)NC(CO)C(=O)NC(CS)C(=O)NCC(=O)NCC(=O)NC(CC(N)=O)C(=O)NC(CCCNC(N)=[NH2+])C(=O)NC(C(=O)NC(CO)C(=O)NCC(=O)[O-])C(C)O)C(C)O
4311,4311,O=C(CBr)Cc1ccc(I)cc1C=CC(=O)[O-]
4312,4312,CC(C)[NH+](CCCC(=O)[O-])Cc1cccs1
4313,4313,CCC(C)C(C)[NH2+]CCSc1ccc(F)cc1
4314,4314,Cc1cc(NC(=O)NC(C)(C[NH3+])C(C)C)ccc1[N+](=O)[O-]
4315,4315,CC(C)Cn1c(N2CCOCC2)nnc1c1ccoc1C
4316,4316,O=C([O-])C1C2C=CC=CC2=CCC1c1ccccc1
4317,4317,O=c1[nH]c(Cl)nc(c2cccc3ccccc32)c1Cl
4318,4318,O=C(NCc1ccccc1F)C1(O)CCSC1
4319,4319,CCOc1ccc(C(C)NC(=O)c2ccc3c(c2)C(=O)CC(C)(C)O3)cc1
4320,4320,COC(=O)C(Cc1c[nH]c2ccccc12)NC(=O)CSCc1cc(C(C)=O)ccc1O
4321,4321,[NH3+]C(C(=O)[O-])(Cc1cccc(F)c1Cl)c1ccccc1
4322,4322,Cc1ccc(OCCNC(=O)c2ccc(Cl)c(Cl)c2)cc1
4323,4323,Cc1ccc(NS(=O)(=O)c2ccc3[nH]c(=O)oc3c2)cc1F
4324,4324,CCC(C)N(Cc1csc(c2ccc(F)cc2)n1)C(=O)c1ccc(c2ccccc2)cc1
4325,4325,CC(NC(=O)C([NH3+])CO)C(=O)NC(Cc1ccc(O)cc1)C(=O)NC(Cc1ccccc1)C(=O)NC(CS)C(=O)[O-]
4326,4326,CSc1ccn(c2ccc(C)cc2)c(=O)c1
4327,4327,Cc1[nH+]c(S(=O)(=O)Nc2cccc(N3CCCCCC3)n2)cn1C
4328,4328,CC1CC2(CC[NH2+]CC2)C1
4329,4329,Cc1ncccc1C(=O)N1CCC(N2CC([NH3+])C(c3cc(F)c(F)cc3F)C2)C1
4330,4330,O=C(C1CC1c1ccc(Cl)cc1Cl)N1CCCCC1
4331,4331,O=C(CNC(=O)c1cccc([N+](=O)[O-])c1)NCC(c1ccccc1)[NH+]1CCCC1
4332,4332,CC(=O)c1c(C)[nH]c(C(=O)COC(=O)C(C)N2C(=O)C3C4C=CC(C4)C3C2=O)c1C
4333,4333,O=C(c1ccccc1)C1(C(=O)OCc2ccccc2)CSC2C(NC(=O)Cc3cccc(F)c3)C(=O)N2C1
4334,4334,CCCCN(c1nc(Cl)c(C=O)s1)C1CC1
4335,4335,[NH3+]CC(O)Cc1nnc(c2ccccc2I)o1
4336,4336,COC(C)c1nc(C)c(C(C)(C)[NH3+])s1
4337,4337,Cc1ccc(S(=O)(=O)Nc2ccccc2C(=O)OCc2csc(c3ccsc3)n2)cc1
4338,4338,C=CC=c1oc2c(c1=C)CCC2[NH2+]CCNS(C)(=O)=O
4339,4339,O=C(Nc1ccccc1N1CCCCC1)c1ccc(Oc2cccc(N3CCCC3)c2)cc1
4340,4340,O=c1ccc2cc(CO)c(c3ccc(F)cc3)cc2o1
4341,4341,CCOC(=O)c1cnn(c2cccc(C)c2)c1NC(=O)c1cnccn1
4342,4342,CC(C)c1ccc(S(=O)(=O)Nc2ccc3nc[nH]c3c2)cc1
4343,4343,CCOC(=O)C(Cc1ccc(OCC(=O)OC(C)(C)C)c(C(F)(F)F)c1)[NH2+]C(C)C
4344,4344,Cc1ccc(S(=O)(=O)C(Br)CBr)cc1
4345,4345,COc1ccc(OC)c(S(=O)(=O)N2CCC(F)(C(=O)N3CCC(O)C3)CC2)c1
4346,4346,CCC(C)NC(=O)c1ccc(C)c(NC(=O)C(C)[NH+]2CCC(C(=O)NC(C(=O)Nc3cccc(C(=O)NC4CCCCC4)c3C)C(C)C)CC2)c1
4347,4347,C=CCCOCCNS(=O)(=O)c1ccc(C[NH2+]C2CC2)o1
4348,4348,CCCCNC(=O)Cn1ccc2ccc(C[NH2+]C(C)C)cc21
4349,4349,Cn1cc2cc(C3CC[NH2+]CC3)ccc2n1
4350,4350,O=C(NCc1ccccc1Cl)c1cc(N2CCC3(CC2)OCCO3)cc[nH+]1
4351,4351,O=C(C1CCN(c2ccc(C(F)(F)F)cn2)CC1)N1CCN(c2nccs2)CC1
4352,4352,Cc1cc(C)c2c(n1)c(C(=O)Nc1ccc(C3C[NH+](C)C4CCCN43)cc1)nn2C
4353,4353,Cc1cc(Sc2ccccc2)c2ccn(Cc3ccc(Cl)cc3)c2n1
4354,4354,CCC(C)C(C)(O)C#CC1=C(C)CCCC1(C)C
4355,4355,CCC1CCCC(Nc2ccc(I)cc2[N+](=O)[O-])C1
4356,4356,CCC(C)NC(=O)c1cccc(NC(=O)C(C)NC(=O)C2CC[NH+](C(C)C(=O)Nc3ccc(C(=O)N4CCOCC4)cc3C)CC2)c1C
4357,4357,Cc1c(Cl)cccc1NC(=O)COC(=O)CCNC(=O)C1CCN(S(C)(=O)=O)CC1
4358,4358,CC(C)C(C)NC(=O)Cn1nc(c2cccs2)cc1C1CC1
4359,4359,Cn1ncc2c1CCCN(C(=O)c1ccco1)C2
4360,4360,Fc1ccccc1C1C([NH2+]C2CCCCC2)CCN1CC1CCCCC1
4361,4361,COc1ccc(F)cc1C(C)(O)CC[NH3+]
4362,4362,Cc1ccc(n2ncc(C(=O)NCCc3c(C)[nH]c4ccccc34)c2C(F)(F)F)cc1
4363,4363,CCOc1cc(C(=O)Nc2nc(c3ccc(F)cc3)c(C)s2)cc(OCC)c1OCC
4364,4364,CCCCCOc1ccc(c2ccc(c3cc(F)c(C(F)(F)Oc4cc(F)c(c5ccc(F)c(F)c5)c(F)c4)c(F)c3)cc2)c(F)c1
4365,4365,CCCc1c(Cc2ccccc2C(=O)[O-])c2c(n1c1ccc(OC)cc1)OCCC2
4366,4366,CC(NC(=O)C12CC3CC(CC(C3)C1)C2)C(=O)Nc1ccc(Oc2ccc(Cl)cc2)cc1
4367,4367,CCCCN(C(=O)COC(=O)c1csc(I)c1)c1c(N)n(CCCC)c(=O)[nH]c1=O
4368,4368,CCCCn1c(N)c(N(CCOC)C(=O)CN(CCCOC)C(=O)c2ccc(OCC)cc2)c(=O)[nH]c1=O
4369,4369,O=C(Nc1nc(c2ccc3ccccc3c2)cs1)C1CCN(c2ccccn2)CC1
4370,4370,COc1ccccc1C1(C(=O)NCc2cccc(O)c2)CC1
4371,4371,CC(C)(C)c1ccc2c(c1)C1(c3ccccc3)CCCC[NH+]1C=C2
4372,4372,CC1C[NH+](C2CC2)CCN1C(=O)CSc1ncnc2ccsc12
4373,4373,NC(=[NH+]c1ccc2c(c1)OCCC2)N(CCO)CCO
4374,4374,CC1CC[NH+](C(CNC(=O)c2ccc(Cl)s2)c2ccccc2)CC1
4375,4375,CS(=O)(=O)NCCc1ccc(C(=O)Nc2nc3c(Cl)cccc3s2)s1
4376,4376,CCCCCC=CC1=C(c2cccs2)NC(=O)NC1
4377,4377,O=C(c1ccc2ncccc2c1)N1Cc2nnnn2CC1Cc1ccccc1
4378,4378,[NH3+]C1(C(=O)N2CCN(C(=O)C(F)(F)F)CC2)CCCCCC1
4379,4379,O=C(COc1ccc(Cl)cc1Cl)Nc1cccc(c2nc(c3ccccc3)no2)c1
4380,4380,COC(=O)c1ccc(Cn2nc3c4c(nc(N)nc42)C[NH+](C)C3)cc1
4381,4381,O=C(NCc1nc2ccccc2[nH]1)C1CCCC[NH2+]1
4382,4382,CCC(C)(C[NH3+])C(=O)Nc1c(C)cccc1C
4383,4383,O=C(OCCSCCO)C(F)(F)C(F)(F)F
4384,4384,CC(C)c1nc(Cl)cc(Oc2cc(Br)cc(Cl)c2)n1
4385,4385,Cn1nc(C(=O)Nc2cccc(C3(C)NC(=O)NC3=O)c2)c(=O)c2ccccc21
4386,4386,N#Cc1ccc2nc(N3CCCCC3)nn2c1
4387,4387,C=CCCCCCC(Sc1nc2ccccc2s1)C(=O)N(CC)CC
4388,4388,N#Cc1ccccc1Sc1cnc(NC(=O)c2ccc3ncnc(Nc4ccc(OCc5cccc(F)c5)c(Cl)c4)c3c2)s1
4389,4389,CC(=O)NC(Cc1c[nH]c2ccccc12)C(=O)NCC1CCC(C(=O)NC(C)c2ccccc2)CC1
4390,4390,C=CCn1c(=S)n(C[NH+]2CCC(C(=O)OC)CC2)nc1c1sccc1C
4391,4391,CCC(C)c1ccc(c2ccc(CCCO)c(B(O)O)c2)cc1
4392,4392,Cc1c(N)cc(Br)cc1C(=O)N1CCC2CCCC21
4393,4393,CC(C)CC(C)(OOC(C)(C)c1ccccc1)C(=O)[O-]
4394,4394,CNc1nnc(SCC(=O)Nc2sc3c(c2C#N)CCCC3)s1
4395,4395,COc1cccc(C(=O)NCCc2nnc3n2CC[NH+](C2CCC2)CC3)c1
4396,4396,COc1ccc(C(=O)Nc2nc(CC(=O)N3CCN(c4nc5ccccc5s4)CC3)cs2)cc1
4397,4397,CC(=O)NC(CC(=O)NC1CC[NH+](C2CCCCC2)C1)c1ccc(F)cc1
4398,4398,COCCN(C1CC1)S(=O)(=O)c1c(NN)nc2sccn12
4399,4399,C=C(COc1ccc(C=CC=c2sc3n(c2=O)C(c2ccc(OC(C)C)cc2)C2=C(N=3)c3ccccc3CC2)cc1)[N+](=O)[O-]
4400,4400,COc1ccc(NC(=O)c2oc3ccc(C)c(C)c3c2C)cc1
4401,4401,COc1ccc(N2CCN(C(=O)C(C)c3c[nH]c4ccccc34)CC2)cc1
4402,4402,COc1ccc(C(=Cc2c(C)cc(C)[nH]c2=O)C(=O)NO)cc1OC
4403,4403,CNS(=O)(=O)c1ccc(C(=O)N2CCN(c3nc(C)nc4sc(C)c(C)c34)CC2)cc1
4404,4404,CC(C)(CCC[NH2+]CCCC(F)(F)F)C(N)=O
4405,4405,[NH3+]CC1CCCC1C(=O)N1CCCC1c1cccnc1
4406,4406,C[NH2+]C1CCCc2c1cnn2CCc1cscn1
4407,4407,COc1ccc(C(=O)NC(=Cc2ccco2)C(=O)NCC(c2cccc(C)c2)[NH+]2CCCC2)cc1OC
4408,4408,CC(=O)c1ccc(N2C(=O)CC(N(CC[NH+]3CCOCC3)C(=O)c3ccco3)C2=O)cc1
4409,4409,Cc1cc([N+](=O)[O-])cn1Cc1nnc(c2ccccc2Cl)o1
4410,4410,O=C([O-])c1ccc(NCCc2cccs2)c(Br)c1
4411,4411,COc1ccc(NC(=O)N2CC[NH+](C3CC[NH+](Cc4cccs4)CC3)CC2)cc1OC
4412,4412,COc1ccc(C)cc1C([O-])=C1C(=O)C(=O)N(c2ccc(OC(C)C)cc2)C1c1ccccc1C
4413,4413,CSc1nc2nc(=O)n(C)c(=O)n2[nH]1
4414,4414,CC(C)C(NC(=O)c1ccc[nH]1)C(=O)N1CCCC(O)(C[NH+]2CCN(c3cnccn3)CC2)C1
4415,4415,CC(=O)c1ccccc1OCC[NH+](C)C1CCC1
4416,4416,O=C(CNC(=O)c1ccccc1F)NCc1cccc(NC(=O)c2ccccc2)c1
4417,4417,Cc1cc([N+](=O)[O-])ccc1c1cnc(C(C)(C)C)o1
4418,4418,C=CCOc1cc(C(=O)OC2C3CCC4(O3)C2C(=O)N(C(CO)c2ccccc2)C4C(=O)N(CC=C)CCCCC)ccc1OC
4419,4419,O=C1NC(=[NH+]C2CCCCC2)SC1=Cc1ccc(c2cccc(Cl)c2Cl)o1
4420,4420,CCOc1ccc(C[NH+]2CCC3C2CCN3C(=O)C[NH+]2CCC(C)CC2)cc1
4421,4421,COc1ccc(c2cn3ccc(N4CC(C)OC(C)C4)cc3[nH+]2)cc1
4422,4422,Cc1ccc(C(CNC(=O)c2cccc(C#N)c2)[NH+]2CCCCC2)cc1
4423,4423,CC(C)Cn1nc(C(=O)N(Cc2nc(C(C)(C)C)no2)C(C)C)cc1C(F)(F)F
4424,4424,Fc1ccc(Cn2cc(c3ccnc(Nc4cccnc4)n3)cn2)c(F)c1
4425,4425,CCNC(=O)NC1CCN(C(=O)c2cc3cc(Br)ccc3o2)C1
4426,4426,COc1cnccc1C(=O)N(C)CC(N)=[NH+]O
4427,4427,CCCCN(C1CC1)S(=O)(=O)c1cccnc1C
4428,4428,CSc1ccc(C(C)NCC#N)cc1
4429,4429,CNc1cc(C(=O)[O-])cc(n2cc(Cl)cn2)n1
4430,4430,Cc1c(Cl)cccc1Nc1c(C#N)nnc2ccccc12
4431,4431,O=C(Nc1cccc(F)c1)c1ccnc(NCc2ccc(F)cc2)c1
4432,4432,COc1ccc(OC)c(CCC(=O)Nc2c(Cl)cccc2Cl)c1
4433,4433,COc1ccc(C[NH2+]CCc2nnc3ccccn23)cc1
4434,4434,COc1c(C(=O)Nc2ccc(Cl)c(C(=O)NC3CCCCC3)c2)cc2ccccc2c1Br
4435,4435,CN(CCO)S(=O)(=O)c1ccc2c(c1)oc(=O)n2C
4436,4436,COc1ccc(Br)c(C(=O)N2CCC(c3nc4ccccc4[nH]3)CC2)c1
4437,4437,CC(C)c1ccc(CCC(=O)Nc2ccc(C(=O)[O-])c(Cl)c2)cc1
4438,4438,CCOC(=O)c1nn(c2ccc(Cl)cc2)c2c(N)ncnc12
4439,4439,Cc1nc(COc2cc(Br)cc(C=O)c2)cs1
4440,4440,CC1CCCc2sc(c3nnc(CC(=O)Nc4ccc(F)cc4)o3)nc21
4441,4441,CC1CCC(N(Cc2cccnc2)C(=O)Nc2cccc(OCC(=O)[O-])c2)CC1
4442,4442,O=C(NCC1CC1)N1CCN(C(=O)c2cccc(O)c2O)CC1
4443,4443,[NH3+]CC(Cc1cc(Br)cs1)c1ccc(Cl)cc1
4444,4444,Cc1nn(CC(=O)Nc2ccnn2CC2CC2)c(C)c1S(=O)(=O)N1CCCC1
4445,4445,CCCCCC=CCC=CCCCCCCCCCCCC(=O)OCC(COC(=O)CCCCCCCC=CCCCCCC)OC(=O)CCCCCCCC=CCCCCCCCC
4446,4446,N#CCc1[nH+]c(c2ccc3[nH]ccc3c2)cn1C1CC1
4447,4447,CC(C)C[NH+]1CCN(C(=O)c2ccc3nc(C(F)(F)F)[nH]c3c2)CC1
4448,4448,Cc1cccc2nc(N)n(C)c12
4449,4449,CCCCN(C)C(=O)c1ccc(NCC(=O)Nc2ccc(C(=O)N3CCC(C)CC3)cc2)cc1
4450,4450,CC1CN(S(=O)(=O)c2ccc(CCNc3ncc(Br)cc3Cl)cc2)CC(C)O1
4451,4451,CCCCC([NH2+]CCC)C1CCS(=O)(=O)C1
4452,4452,CNC(C1CCC1)C(C)S(C)(=O)=O
4453,4453,C=Cc1c(C)c2cc3[nH]c(cc4nc(cc5nc(cc1[nH]2)C(C)=C5CC=C(C)C)C(CCC(=O)OC)C4C)c(C)c3C=C
4454,4454,CC(C)CC1(C(=O)NCc2cccc(OC(F)F)c2)CC[NH2+]C1
4455,4455,Nc1ccc(S(=O)(=O)NCCOc2ccccc2)cc1Cl
4456,4456,CC(c1cccs1)N(C)C(=O)Cn1cnccc1=O
4457,4457,Cc1ccc2c(c1)N(C(=O)c1ccco1)CCC2
4458,4458,[NH3+]C(C(=O)[O-])c1cc(O)c2c(c1)OC(c1cc(O)c(O)c(O)c1)C(O)C2
4459,4459,CCOc1ccc(Oc2c(N)cccc2OC)c(C)c1
4460,4460,C=CC(=O)Nc1cccc(Oc2cc(Nc3ccc(NC(=O)C4CCN4C(=O)OC(C)(C)C)cn3)nc(Nc3cccc(OC)c3)n2)c1
4461,4461,CSC1(CNS(=O)(=O)c2sc(=O)[nH]c2C)CCCC1
4462,4462,Cc1nc(OCC(O)C[NH2+]C(C)C)nc2ccccc12
4463,4463,Cc1nc2ncc3c(n2n1)CC1[NH2+]CCC3C1=O
4464,4464,COCC[NH+]1CCN(C(=O)NC2CC(=O)N(C(C)C)C2)CC1
4465,4465,CCCc1nc(Br)cc(Nc2cc(Br)ccc2C)n1
4466,4466,Cn1ncc(C(=O)Nc2ccc(C3CC3)cc2)c1N
4467,4467,CCOC(=O)c1c(NC(=O)Cc2ccccc2Cl)sc(C(=O)OCc2ccccc2)c1C
4468,4468,CC(C)Cn1c(N2CCc3ccccc3C2)nnc1c1ccc(Cl)cc1Cl
4469,4469,N#CCCc1ccc(OCc2ccccc2)cc1
4470,4470,CC(=O)c1c(C)c(C(=O)c2ccc(S(N)(=O)=O)cc2)c(C)n1CCc1ccc(Cl)cc1
4471,4471,Cc1c(NC(=O)C[NH+]2CCC(C(=O)NC(C)C(=O)Nc3ccc(C(=O)NC4CCCCC4)cc3Cl)CC2)cccc1C(=O)NC1CCCCC1C
4472,4472,COc1ccccc1CNc1cncc(C(=O)N2CCCC(C)C2)c1
4473,4473,C=CC(=O)SCc1ccc(Oc2ccc(OC(=O)C(=C)C)cc2)c(OC)c1
4474,4474,CC(=NNc1ccccc1C(=O)[O-])c1ccc(O)cc1O
4475,4475,CSc1[nH+]cc(C(=O)Nc2cccc(C)c2Br)n1c1ccc(F)cc1
4476,4476,Cc1[nH]c(=S)sc1CCC(=O)Nc1ccc(c2nc3ccc(C)cc3s2)cc1
4477,4477,CCn1cc(C[NH3+])c2c(N)nc(C)nc21
4478,4478,CC1CN(C(C)(C[NH3+])C(C)C)CC(C)S1
4479,4479,[NH3+]C1CC2CCCC(C1)[NH+]2CCN1CCCC1
4480,4480,CCc1cc(CCl)cc(N2CCC(C)C(C)C2)n1
4481,4481,O=C(NCc1ccccc1C[NH+]1CCCCC1)c1csc(CNc2ccc(Cl)cc2)n1
4482,4482,CCCCC(CC)CN(CC(CC)CCCC)C(=O)CNC(C)=O
4483,4483,COC(=O)c1noc(C2CCCC[NH2+]2)n1
4484,4484,CCn1nc(C)c(Cl)c1CC(NN)c1cc(OC)cs1
4485,4485,CCOc1cccc2cc(C(=O)Nc3ccc(NC(=O)Nc4ccccc4)cc3)c(=O)oc12
4486,4486,COCC[NH2+]Cc1cccc(Cl)c1OCCC(=O)N(C)C
4487,4487,Cc1ccc(n2c(SCC(=O)NC3CCCCC3)nc3ccccc3c2=O)c(C)c1
4488,4488,Nc1c(Cl)ncc(C(F)F)c1Cl
4489,4489,CCOC(=O)C1=C(C)NC(=S)NC1c1ccccc1OCC(=O)NN=Cc1ccc(C(C)C)cc1
4490,4490,CB(O)N1CCC2(CC1)CN(c1ccccn1)c1cc(c3nnc(C)o3)c(F)cc12
4491,4491,Cc1cc(Oc2nc3c(c(N)n2)CSCC3)cc(C)c1Br
4492,4492,Cc1c(C(=O)OCC(=O)c2ccc3c(c2)OCO3)oc2ccccc12
4493,4493,Cc1c(C)[n+](CC(=O)c2ccc(C(C)C)cc2)c(C)n1c1ccccc1
4494,4494,CC(C)CCOc1cc(O)c(CC(C)CCO)cc1C
4495,4495,CN(CC(=O)N1CCCC1)C(=O)c1ccc(N)cc1
4496,4496,CSC1(C(N)=[NH+]O)CCN(C(=O)c2ccccc2C)CC1
4497,4497,COc1cccc(C(=O)Nc2cc(NC(=O)C3CCCN3C(=O)C3CC[NH+](C(C)C(=O)Nc4cc(C(=O)N5CCOCC5)ccc4Cl)CC3)ccc2F)c1
4498,4498,C=CCOCC(NC(=O)OCC1c2ccccc2-c2ccccc21)C(=O)NS(=O)(=O)c1ccc(OC)c2ccccc12
4499,4499,Nc1ccc2c(c1)C(=[NH2+])c1cc(O)ccc1-2
4500,4500,O=C(Cn1cnc2cc(c3ccncc3)sc2c1=O)N1CCN(c2ccccc2)CC1
4501,4501,Cc1nn(CCC(=O)NC2CCCC2)c(C)c1N
4502,4502,CCC1C[NH+](C2CN(c3ncnc4ccsc34)C2)CC1O
4503,4503,O=C(Nc1ccc(SC(C(=O)Nc2nnc(SCc3ccccc3)s2)c2ccccc2)cc1)c1ccc(Cl)cc1Cl
4504,4504,N#Cc1ccc(C2CC3CCC(C2)[NH+]3C2CCCC2)cc1
4505,4505,O=C(NCc1nc(C23CC4CC(CC(C4)C2)C3)cs1)C1CCC1
4506,4506,NC(Nc1ccccc1)=[NH+]Cc1ccnc(OCc2ccccc2)c1
4507,4507,CC(=O)NCC1CC[NH+](Cc2nccn2C)CC1
4508,4508,O=C(Nc1ccc(c2nnc3n2CCCCC3)cc1)c1ccc(S(=O)(=O)N2CCCC2)cc1
4509,4509,C[Si](C)(C)OC(C#N)c1ccc(Cl)c(F)c1
4510,4510,CC1(C(=O)[O-])CC2CC2C1
4511,4511,CCCCCNc1nccc(c2c(NCCO)sc3c2CC[NH+](Cc2cccs2)C3)n1
4512,4512,CC(C)(C)n1[nH]cc2c(=O)nc(N3CC[NH+](CC4CCOC4)CC3)nc1-2
4513,4513,CCOC(=O)c1cn(CC#N)c2c1C[NH+](Cc1cc(C(=O)OC)co1)CC2
4514,4514,N#Cc1ccccc1S(=O)(=O)N1CCCN(C(=O)COc2ccccc2F)CC1
4515,4515,O=C1CCC2(CC[NH+](CCNC(=O)c3coc(C4CC4)n3)CC2)CN1C1CC1
4516,4516,O=C(Nc1ccc(OCCn2cncn2)c(F)c1)c1cccc([N+](=O)[O-])c1
4517,4517,C=CCN(CC(=O)N(Cc1cccn1Cc1ccccc1)C(C)C)S(C)(=O)=O
4518,4518,COc1c(C)cnc(C[NH+]2CCC(O)CC2C)c1C
4519,4519,COCCC(C)N1C(=O)C[NH2+]C1C1CCCC1
4520,4520,CCOC(=O)c1ccc(Nc2ncc(Cl)cc2C)c(Br)c1
4521,4521,Cc1ccc(S(=O)(=O)N(CC(=O)N(Cc2ccccc2)C(C)C(=O)NC2CCCC2)c2cc(C)cc(C)c2)cc1
4522,4522,Cc1nc(N2CCCN(C(=O)c3cccc4nonc34)CC2)cc(N2CCCC2)n1
4523,4523,COc1ccc(S(=O)(=O)N2CCCCCC2)cc1NC(=O)COC(=O)c1cc([N+](=O)[O-])ccc1N1CCCC1
4524,4524,CC1OCCC1C(=O)Cc1ccsc1
4525,4525,CCC(C)C([NH3+])C(=O)NC(CCC(N)=O)C(=O)NC(CO)C(=O)NC(CO)C(=O)[O-]
4526,4526,O=C(CC1(C(=O)[O-])CCCCC1)NCc1ccccc1Cn1ccnc1
4527,4527,COc1ccc(Br)c(NC(=O)NCCc2ccccc2C(=O)[O-])c1
4528,4528,C=CCCOCCN(C)c1cc(N)cc(Br)c1
4529,4529,CC(CC1CC1)NS(=O)(=O)c1cc(C(=O)[O-])oc1Br
4530,4530,Cc1nccc(c2cc(N3CCCCCC3CO)nc3c(C)[nH]nc32)n1
4531,4531,CCCCC(NC(=O)C(CCC(=O)[O-])NC(=O)C([NH3+])CS)C(=O)NC(Cc1ccc(O)cc1)C(=O)[O-]
4532,4532,[NH3+]C1(Cc2ccccc2c2cnn(c3ccccc3F)c2)CC1
4533,4533,COc1cccc2sc(N(Cc3cccnc3)C(=O)Cn3nnc(c4ccccc4)n3)nc12
4534,4534,COc1ccc(C(=O)c2cn(Cc3ccccc3F)c3cc(S(=O)(=O)NC4CC4)ccc23)cc1F
4535,4535,O=C([O-])CCCCNc1nccn2cnnc12
4536,4536,Cc1nnc(SCc2csc(CC(=O)NCC3CCCO3)n2)n1N
4537,4537,COc1[nH+]ccc(N(C)C)c1C(=O)[O-]
4538,4538,CNC1(C#N)CCC(S(=O)(=O)c2ccc(F)cc2)C1
4539,4539,CCOC(=O)c1c(NC(=O)c2oc3ccccc3c2C)sc(C)c1C
4540,4540,COc1cc2c(cc1O)C(C(C)(C)C)[NH2+]CC2
4541,4541,CCOC(=O)c1ccc(N2C(=O)C(O)=C(c3ccc(Cl)cc3)C2c2ccc(CC)cc2)cc1
4542,4542,Cc1ccc(C2(C[NH2+]C(C)(C)C)CCOC2)s1
4543,4543,CCCCn1c(SC(C)C(=O)Nc2cc(C)on2)nc2sc(C)c(C)c2c1=O
4544,4544,CC1CC(C)OC(CCNC(=O)NC2CCCC2(C)C)C1
4545,4545,C=C(CN1CCNC1=O)c1ccccc1OCC
4546,4546,O=C1SC(=Cc2ccccc2OCc2ccc(F)cc2)C(=O)N1Cc1ccccc1
4547,4547,CCCCOC(=O)c1c(NC(=O)c2ccc([N+](=O)[O-])cc2)sc2c1CC[NH+](C(C)C)C2
4548,4548,CC1CCc2cc(C(=O)Oc3cc(Cl)cc(Cl)c3)ccc2N1C(=O)c1ccccc1F
4549,4549,N#CC(C#N)=C1c2ccccc2C(O)(c2ccc(c3ccccc3)cc2)N(c2ccccc2)C(c2ccccc2)C1(c1ccccc1)c1ccccc1
4550,4550,Cc1ccc(c2cnn(C)c(=O)c2C(=O)[O-])s1
4551,4551,CCCCN1C(=O)c2[nH]nc(c3ccc(Cl)cc3)c2C1c1cc(OC)c(O)c(OC)c1
4552,4552,CC(NC(=O)C1(C)CC[NH2+]C1(C)C)c1ccnn1C
4553,4553,Cc1cc(NC(=O)NC(=O)C(C)Cl)n(C)n1
4554,4554,Cc1ccc(c2cc(C(=O)Oc3ccc4ccc(=O)oc4c3)c3ccccc3n2)cc1
4555,4555,CC[NH2+]Cc1cc(Cl)ccc1Sc1nnc(C)n1C
4556,4556,CC1CCN(c2cc(Nc3cccc(F)c3)ncn2)CC1
4557,4557,CC(C(=O)OC(C)(C)C)C1=NCC2(CCC2)O1
4558,4558,O=C(C[NH+]1CCN(S(=O)(=O)c2cccnc2)CC1)N1CC[NH+](Cc2cccnc2)CC1
4559,4559,CCc1cc([S-])c2cc([S-])sc2c1
4560,4560,CCC(=O)N1CCC(NC(NCCc2cnn(C)c2)=[NH+]C)C1
4561,4561,COC(=O)c1cc(NC(=O)Cc2ccc(OC)c(Cl)c2)ccc1Cl
4562,4562,CCn1c(N2CCOCC2)n[nH]c1=S
4563,4563,C=CCSc1nc2n(n1)C(c1ccc(OCc3ccc(C)cc3)cc1)C(C(=O)Nc1ccccc1C)=C(C)N2
4564,4564,NC(=[NH+]O)c1cc(Cn2cc(C(F)(F)F)cn2)on1
4565,4565,CCOC(=O)c1c(CC)nc2c(c1[O-])C(=O)c1ccccc1-2
4566,4566,CSC(C)(C)C[NH2+]CCCCCCO
4567,4567,C=CCN(CC(=O)Nc1cc(c2ccccc2)nn1c1ccc([N+](=O)[O-])cc1)C(=O)c1cccs1
4568,4568,CCCCN(C(=O)c1cccc(N)c1C)C1CC1
4569,4569,CCC(C(=O)OC(C)CC(C)(F)F)N1C(=O)C2C3C=CC(O3)C2C1=O
4570,4570,CCOC(=O)c1ccc([N-]S(=O)(=O)c2ccc(Nc3nc(c4ccnc(C)c4)cnc3N)cc2)cc1
4571,4571,O=C(c1cn[nH]n1)N(Cc1ccccc1F)Cc1ccco1
4572,4572,Nc1[nH]ncc1c1c2ccccc2cc2ccccc21
4573,4573,CCCCCOc1ccc(C2C(c3ccc(OCC)c(OC)c3)=C(O)C(=O)N2c2cc(NC(C)=O)ccc2C)cc1OC
4574,4574,COC(=O)c1ccc(C=NNC(=O)c2cc3ccccc3cc2OC)cc1
4575,4575,COc1ccc(OCC(=O)Nc2sc3c(c2C#N)CCN(C(=O)OC(C)C)C3)cc1
4576,4576,C[NH2+]CC1Oc2ccc(Cl)cc2N(CC(F)(F)F)C1=O
4577,4577,O=C(NC1CCCC1)c1nc(Br)cnc1Nc1ccc(N2CCOCC2)cc1
4578,4578,O=C1OCCNC1=Cc1ccccc1Br
4579,4579,COc1cc(S(=O)(=O)N(C)CC(=O)N2CCN(c3ccc(F)cc3)CC2)cc(OC)c1OC
4580,4580,COC(=O)NN(C(=O)C(Cc1ccc(OCc2c(C)nn(c3ccc(C(F)(F)F)cc3)c2C)cc1)NC(C)=O)C1CCCC1
4581,4581,CCCc1ccc(S(=O)(=O)N2CCC3(CC2)CC2(CC[NH+](Cc4cccc(OCC)c4)CC2)CN3C(=O)c2ccc(OC)c(OC)c2)cc1
4582,4582,Cc1cc(NC(=O)C2CCCN2C(=O)C2CC[NH+](CC(=O)Nc3ccc(C(=O)N(C)C)cc3C)CC2)ccc1NC(=O)c1ccccc1C
4583,4583,CCCCN(C)C(=O)C(C)S(=O)(=O)c1ccc(C#N)cc1Cl
4584,4584,O=C([O-])CC1CN(C(=O)NCCc2cccnc2)CCO1
4585,4585,C=CCn1c(SC(C(=O)Nc2ccccc2C)c2ccccc2)nnc1C(C)NC(=O)c1ccc(Cl)cc1
4586,4586,CCC(C)N(C)CC[NH2+]C(C(N)=O)C(C)(C)C
4587,4587,CC1(C(=O)[O-])CCCC1NC(=O)c1cccc(C#N)c1
4588,4588,O=C(Oc1ccccc1C=NNC(=O)c1[nH]c2c(C(F)(F)F)cccc2c1c1ccccc1)c1ccc(Cl)cc1
4589,4589,C=CCN(Cc1ccc(Cl)s1)C(=O)c1ccc(Cl)c(S(=O)(=O)Nc2ccc(C)cc2)c1
4590,4590,COc1ncc(C[NH+]2CCCCC2c2nnc3n2CC[NH+](Cc2ccccc2C(F)(F)F)C3)cc1Cl
4591,4591,COC(=O)c1ccoc1C[NH2+]CCc1ccccn1
4592,4592,Cc1cc(F)ccc1C1CN(S(=O)(=O)c2ccc(C(C)C)s2)CC1CO
4593,4593,Cn1nncc1C(NN)c1ccsn1
4594,4594,Cc1ccc(Cn2nc(C)c(NC(=O)c3cccc(S(=O)(=O)NC(C)(C)C)c3)c2C)cc1
4595,4595,CCC(C)(CC#N)Nc1nc(C2CC2)ns1
4596,4596,Nc1ccc2[nH]c(c3cccc([N+](=O)[O-])c3Br)nc2n1
4597,4597,C=CCNc1nnc(SCc2ccc([N+](=O)[O-])cc2)s1
4598,4598,C=CC1CCC2C(C(C)=O)CCC12
4599,4599,O=C(CCc1ccc(Br)cc1)NCCCc1nc2ccccc2[nH]1
4600,4600,Cn1nccc1C[NH+]1CCCC(n2cc(C[NH3+])nn2)C1
4601,4601,CC(C)CC(NC(=O)C([NH3+])CS)C(=O)NC(CC(N)=O)C(=O)NC(Cc1ccc(O)cc1)C(=O)[O-]
4602,4602,CCc1ccc(C(C)NC(=O)N2CCC(OCc3ccccc3)CC2)cc1
4603,4603,CC1(O)CCN(c2cc(C#N)ccn2)C1
4604,4604,CCOC(=O)c1c(NC(=O)C[NH+]2CCN(C(=O)c3ccccc3C)CC2)scc1c1ccccc1
4605,4605,CC1CCCC(C)N1Nc1ccc(N)c(OC(C)C)c1
4606,4606,CNS(=O)(=O)c1ccc(c2cnn(C)c2)c(Nc2ccnc(c3cnc(N4CCOCC4)nc3)n2)c1
4607,4607,CC(C)(C)S(=O)(=O)CCNC1CC[NH+](Cc2ccccc2)C1
4608,4608,O=C(NCCc1ccc(F)cc1)c1cncc(Nc2ccc(Cl)c(Cl)c2)c1
4609,4609,CC1C[NH+](Cc2nnc(C3CC3)n2C)CCN1C(=O)c1ccc(F)cc1
4610,4610,C=C(C=CC=Cc1ccccc1)OCC
4611,4611,COc1ccc(O)c(C(=O)NC(C(=O)[O-])C2CCCCCC2)c1
4612,4612,O=C(Nc1ccc2ncccc2c1)c1cc([N+](=O)[O-])cc([N+](=O)[O-])c1
4613,4613,O=C1Nc2ccccc2C1C=NOCc1ccccc1
4614,4614,COc1cc(OC)c(OC)cc1CNC(=O)c1cc(N2CCOCC2)nc2ccccc12
4615,4615,O=C1NC2(CCCC2)C(=O)N1C1CCS(=O)CC1
4616,4616,Cc1ccc([N+](=O)[O-])cc1S(=O)(=O)NCc1ccc(c2nn[n-]n2)cc1
4617,4617,COc1ccc2c(c1)C(=Cc1c[nH]c3ccc(O)cc13)C(=O)N2C(C)C
4618,4618,Cc1ccc(C2CC(c3ccc(O)cc3)=NN2c2ccccc2C)cc1
4619,4619,COc1cc2cc(c1Cl)N(C)C(=O)CC(OC(=O)C(C)C)C1(C)OC1C(C)C1CC(O)(NC(=O)O1)C(OC)C=CC=C(C)C2
4620,4620,Cc1ccc(c2nnn(Cc3ccc(C(F)(F)F)cc3Cl)n2)cc1
4621,4621,CC(C)C[NH2+]CC1(Cc2cc(F)ccc2Cl)CCC1
4622,4622,O=C([O-])c1cc2oc3ccc(O)cc3c2cc1O
4623,4623,CC(C)CC([NH3+])c1nnc(C([NH3+])CO)o1
4624,4624,CC(C)(C)C([NH3+])CC(=O)NCCc1[nH+]ccn1Cc1ccccc1
4625,4625,C[NH2+]Cc1ccc(N(C)CC(C)(C)C)nc1C
4626,4626,COC(=O)c1ccc(S(=O)(=O)N2CCN(c3nc(N4CCc5ccccc5C4)nc(n4cncn4)n3)CC2)s1
4627,4627,COc1ccccc1C(=O)Nc1ccc(CC(=O)NCC(O)(c2cc3c(c(OC)n2)OC(C)(C)C3)C(F)(F)F)cc1
4628,4628,CC1OCCC1C(=O)NCCc1ccc(C(=O)[O-])cc1
4629,4629,CC(C)CN(C1CC1)S(=O)(=O)c1cc(C(=O)[O-])sc1Br
4630,4630,O=C1NC(=O)C2(CCN(C(=O)C=Cc3ccccc3F)C2)N1
4631,4631,COC(=O)CC1=NCC(C(=O)N2CC(C)(C)C2c2ncn[nH]2)C1
4632,4632,COC(=O)c1c(NC(C)=O)sc(C)c1C
4633,4633,O=C(CC[NH+]1CCCCC1)NCc1ccc(c2noc(c3ccc(Cl)cc3)n2)cc1
4634,4634,C[NH2+]C(c1ccc2c(c1)CCO2)c1cc(Cl)cc(Br)c1
4635,4635,CC(C)C(C)C(O)c1ccc(C(F)(F)F)cn1
4636,4636,CC(C)(C)OC(=O)CC(COC(=O)C(Cc1ccccc1)NC(=O)C(CC(=O)[O-])NC(=O)c1ccc(B(O)O)cc1)N=[N+]=[N-]
4637,4637,CC(=O)Nc1ccccc1N1CCCNC1=O
4638,4638,COc1cc2c(cc1OCc1ccccc1)C(c1ccccc1)C(=O)N2
4639,4639,CSc1cc(CC#N)c(Br)cc1F
4640,4640,CC(C)CNC(=O)C(C)N(Cc1cccc(Cl)c1)C(=O)CN(c1cccc(Cl)c1)S(=O)(=O)c1ccccc1
4641,4641,CNc1nc(Cc2ccc(C)cc2)nc(C(C)(C)C)c1Br
4642,4642,COc1cc(Br)c(OCc2c(Cl)cccc2Cl)nn1
4643,4643,CC(OC(=O)c1cccc(S(=O)(=O)NCC2CCCO2)c1)C(=O)NCc1ccco1
4644,4644,CCC1CCCC([NH2+]Cc2nncn2C)C1
4645,4645,CCCCNC(NCC1(C)CCCO1)=[NH+]C
4646,4646,Cc1nccn1C1CCN(Cc2ccccn2)CC1O
4647,4647,FC(F)(F)c1ccc(NC(=S)Nc2cnn(CC3CCCO3)c2)cc1
4648,4648,CCC1CN(c2cccc(C(=O)[O-])c2F)CC[NH+]1C
4649,4649,O=C([O-])CC1CCCCC1CNC(=O)C1CCCOC1
4650,4650,CCCCCCCc1cnc(C2CCC(CCC)CC2)nc1
4651,4651,N#Cc1cc(OC(F)(F)F)c(C(F)(F)F)cc1C#N
4652,4652,Nc1cn[nH]c1C(=O)Nc1cccc(C(F)(F)F)c1
4653,4653,CCOc1ccc(NC(=O)C(C#N)=Cc2ccc(C)o2)cc1OCC
4654,4654,Cc1nc2c(N)ncnc2n1C1OC(CO)C(O)C1O
4655,4655,CC1CCC2(CC[NH+](CC(=O)NCc3nnco3)CC2)O1
4656,4656,COCCC(C)OS(=O)(=O)c1ccc(C)cc1
4657,4657,CCCc1nc(c2ccc(S(=O)(=O)N3CCC(C(=O)Nc4ccccc4C#N)CC3)cc2)no1
4658,4658,O=C(CCCc1cccs1)NNC(=O)c1ccccn1
4659,4659,CCCCN(C(=O)c1ccc(Cl)cn1)C(C)C
4660,4660,COc1c(F)c(F)c(C(=O)NC(=S)Nc2ccc(C(=O)[O-])cc2C)cc1F
4661,4661,O=C(Nc1ccccc1Oc1ccccc1)C1CCC[NH+](CCc2ccccc2)C1
4662,4662,COc1ccc(C(=O)Nc2ncccn2)c(F)c1
4663,4663,CC(C)(CNC(=O)Cc1ccc(S(=O)(=O)N2CCCCCC2)cc1)[NH+]1CCOCC1
4664,4664,CCOC(=O)C=CC(=O)N(Cc1cccnc1)Cc1ccco1
4665,4665,CC1CCCC1NC(=O)c1cc(F)cc([N+](=O)[O-])c1F
4666,4666,Fc1cc2c(cc1Br)N=C(c1ccccc1)C(c1ccc(F)cc1)N2
4667,4667,CCCCCCc1conc1O
4668,4668,O=C([O-])C1CCC(c2cc(c3ccc[nH]c3=O)on2)CC1
4669,4669,C=C(C)C(=O)NCCC[SiH2]CCC
4670,4670,CCOC(=O)c1csc(NC(=O)Nc2cccc3cccnc23)n1
4671,4671,CC(C)(C)n1c2c(c3ccccc31)C(=O)C(C(=O)[O-])C2
4672,4672,COc1ccc(C(SC2C(C)C(OC(C)=O)OC(COC(C)=O)C2OC(C)=O)(c2ccccc2)c2ccc(OC)cc2)cc1
4673,4673,COc1cc2c(cc1OC)CN(C(=O)C1CCN(C(=O)CCc3ccccc3)CC1)CC2
4674,4674,COc1ccc(C(=O)Nc2ccc(NC(=O)C(NC(=O)C3CC[NH+](CC(=O)Nc4ccc(Cl)c(C(=O)NC(C)C)c4)CC3)C(C)C)cc2)cc1
4675,4675,CC(C)n1c2ccccc2c2cc(NC(=O)c3ccc(C(=O)N4CCCCC4)cc3)ccc21
4676,4676,CCCc1ccc(C(Br)C23CC4CC(CC(C4)C2)C3)cc1
4677,4677,CCC(C)C(C)[NH2+]C(C)c1ccc(F)cc1Cl
4678,4678,CC1CCC(CN2C(=O)CC(C(C)(C)C)[NH2+]C23CCCCC3)CC1
4679,4679,O=C(Cn1cnc2ccc(F)cc2c1=O)N1CCN(c2ncc(C(F)(F)F)cc2Cl)CC1
4680,4680,CC(C)c1nc(=O)cc(N2CC3(CCC[NH2+]C3)C2)[nH]1
4681,4681,COc1ccc(OC)c(CN(C(=O)CCc2c(C)nc3c(c4ccccc4C)c(C)nn3c2C)C2CC2)c1
4682,4682,COc1ccc(C(=O)Cc2ccc(Cl)cc2Cl)cc1N
4683,4683,CCC1CCC(C[NH3+])(C[NH+]2CCCC(C)(C)C2)CC1
4684,4684,Cc1nc2ccccc2c(=O)n1CC(=O)NCC(=O)Nc1ccccc1C(F)(F)F
4685,4685,Cc1ccc(S(=O)N2CC[NH+](C(c3ccccc3)c3ccccc3)CC2)cc1
4686,4686,CC(C)=CCCC(C)(O)C=C(C)C(=O)OCC(C)C
4687,4687,O=c1nc(NC2CC[NH+](Cc3ccccc3)CC2)[nH]c2cnccc12
4688,4688,CC[NH2+]C(CC[NH+](C)C1CCCCC1C)c1ccccn1
4689,4689,CCCC(C)COS(=O)(=O)[O-]
4690,4690,COCC[NH2+]Cc1ccc(Cl)cc1N(C)C1CCCC1
4691,4691,COC(=O)Cc1c(F)cccc1[N+](=O)[O-]
4692,4692,CCOC(=O)c1c(NC(=O)C[NH+](C)Cc2ccc(C)o2)sc2c1CCC(c1ccccc1)C2
4693,4693,CC1=C(C(=O)Nc2ccccc2OC)C(c2cccc([N+](=O)[O-])c2)NC(=S)N1
4694,4694,CCc1cccc(Oc2ncnc(NN)c2C(C)C)c1
4695,4695,CCCCn1c(SCC(=O)N(Cc2ccc(F)cc2)Cc2ccco2)nc2ccccc2c1=O
4696,4696,C=CCOc1ccc(NC(=O)COc2ccc(C)cc2C(C)=O)cc1OC
4697,4697,CC(=NNC(=O)COc1ccc(F)cc1)c1ccc(C#N)cc1
4698,4698,CCCCCCOc1ccc(C(=O)NN=Cc2cc(Cl)c(OCC(=O)Nc3ccccc3)c(Cl)c2)cc1
4699,4699,C[NH2+]C(Cc1ccc(Br)cc1Cl)c1sc(C)cc1Br
4700,4700,O=C(OCc1ccc(F)cc1)c1csc(c2ccsc2)n1
4701,4701,CC(=CNC(=O)N(C)C(C)c1cccs1)C(=O)[O-]
4702,4702,CCCCCC(O)C=CC1C(O)CC(=O)C1CC=CCC=CC(=O)OC
4703,4703,C[NH2+]CCCc1csc(c2ccc(Cl)cc2Cl)n1
4704,4704,Cn1ncc2c(N3CCOCC3)nc(c3ccccc3)nc21
4705,4705,O=C(c1ccc2c(c1)ncn2C1CC1)N1CCC(OCC2CC2)C1
4706,4706,CC(C)CNc1nc(C(=O)NCC2Cc3ccccc3O2)cs1
4707,4707,O=c1c(=O)nc[nH]n1c1ccccc1O
4708,4708,CC(C)(C#N)CCCC[NH+]1CCC([NH+](C)C)CC1
4709,4709,O=C([O-])c1cc(C2CC2)c(n2c(O)c3c(c2O)C([O-])=C2C(=O)C4(O)C([O-])=C(C(O)CC4C2CO)OC3=O)cc1F
4710,4710,Cc1c(c2ccncc2)cccc1S(=O)(=O)NCC[NH+]1CCN(c2ccc(F)cc2)CC1
4711,4711,Cc1cc(OCC(=O)Nc2ccnn2Cc2ccc(F)cc2)cc(C)c1Cl
4712,4712,O=c1cc2oc3ccc(Br)cc3nc-2c(Br)c1
4713,4713,COc1ccc(C(=O)NNC(=O)c2cccc(S(=O)(=O)N3CC(C)CC(C)C3)c2)c(OC)c1
4714,4714,[NH3+]C1CCCC1CC(=O)N(Cc1ccsc1)C1CC1
4715,4715,CC(=NNC(=O)c1ccccc1Cl)c1ccc(COc2ccc(C#N)cc2)cc1
4716,4716,Cn1cnc(C(=O)NCCC2CCCC2)c1
4717,4717,Cc1ccnc(N2CCN(c3ccccc3)CC2)c1C#N
4718,4718,O=C([O-])CNC(=O)CNC(=O)C1CCC(NS(=O)(=O)c2ccc(Oc3ccc(F)cc3)cc2)CC1
4719,4719,CC1CN(C(=O)C2CC2c2ccccc2Cl)CC2(CCOC2)O1
4720,4720,O=C(CCCc1cn(C(c2ccccc2)(c2ccccc2)c2ccccc2)nc1C(F)(F)F)NCCc1cccc(Cl)c1
4721,4721,C[NH2+]C(C)(C)C(=O)NCC(=O)NC(C)(C)C
4722,4722,Cn1cc[nH+]c1CCNc1cc(Cl)ncn1
4723,4723,CC(=O)NC(c1ccccc1)c1csc(NC(=O)Nc2ccc(C)cc2)n1
4724,4724,CC1CC[NH+](Cc2ccc3c(c2)CN(C(=O)C(C)(C)C)CCC3=O)CC1
4725,4725,O=C([O-])CC1CSCCN1C(=O)C1CC1c1ccc2c(c1)OCCO2
4726,4726,CCOc1cc(NCc2cccc(OC)c2)c(N)cc1F
4727,4727,COc1cc(Br)c(C(C)=O)c(OCCC(F)(F)F)c1
4728,4728,O=S(Cc1nc(c2ccc(Br)cc2)no1)c1ccccc1
4729,4729,Cc1ncccc1Oc1cccc(N2CCCC2=O)c1C(=O)[O-]
4730,4730,CCOc1ccc(NC(=O)CCCc2ccc(OC)cc2OC)cc1S(=O)(=O)N1CCCCC1
4731,4731,O=C1[N-]C(=S)SC1=Cc1ccc(c2ccccc2C(=O)[O-])o1
4732,4732,CCCc1c(CO)nc2c(c3ccc(C(C)C)cc3)nccn12
4733,4733,CCCCC(C)(C)C(=O)OC(C)(C)C
4734,4734,CC(C)(CCC(=O)[O-])NS(=O)(=O)c1ccc(C(F)(F)F)cc1
4735,4735,COc1cccc(CC(=O)Nc2nc(c3cccnc3)cs2)c1
4736,4736,CCCc1nc(c2ccc(C(F)(F)F)cc2)sc1C[NH2+]CC
4737,4737,CCn1c(c2cc(S(=O)(=O)NC)ccc2Cl)nc2cnc(NC3CC3)cc21
4738,4738,COC(=O)NCCNC(=O)c1cc(c2ccco2)nn1c1ccc(F)cc1
4739,4739,O=C(NN=CC1CCCCC1)Nc1ccc(SC(F)F)cc1
4740,4740,O=C(Nc1nc(c2ccc3c(c2)OCCO3)cs1)c1ccc(Br)o1
4741,4741,CCOc1ccc(C(=O)NNC(=O)C=Cc2ccc([N+](=O)[O-])cc2)cc1OC
4742,4742,CC(C)C([NH3+])C(=O)NCC(=O)NCC(=O)NC(CO)C(=O)NC(CCC[NH+]=C(N)N)C(=O)[O-]
4743,4743,CCOc1ccc(C([O-])=C2C(=O)C(=O)N(CC[NH+](CC)CC)C2c2ccc(OC)cc2)cc1C
4744,4744,CSC1(C)CC(O)CC(C)(C)C1
4745,4745,O=C(NCc1ccncc1)c1sccc1S(=O)(=O)N1CCCCCC1
4746,4746,O=C(NCC1CCCN(C(=O)c2nn(c3ccc(F)cc3)c3c2CCC3)C1)c1ccoc1
4747,4747,CC(C)NC(=O)c1ccc(CNc2ccc(S(=O)(=O)N(C)C)cc2)cc1
4748,4748,COC(OC)(C(F)F)C(C)(C#N)C#N
4749,4749,Fc1ccc(C(CBr)(CBr)Cc2c(F)cccc2Br)cc1
4750,4750,CCCCn1c(N)c(N(CCC(C)C)C(=O)Cn2nnc3ccccc32)c(=O)[nH]c1=O
4751,4751,Cc1cc(Sc2nc(C3CC3)ns2)c(C)cc1N
4752,4752,CCc1cc(C(=O)N2CCN(c3cnn(C(C)C)c3)CC2)no1
4753,4753,O=C1OC(c2cccc(I)c2)=NC1=Cc1cc(Br)c(OCc2ccccc2)c(Br)c1
4754,4754,COc1ccc(c2nnc(SCC(=O)NN=Cc3ccc(OCc4ccc([N+](=O)[O-])cc4)c(Cl)c3)o2)cc1
4755,4755,CCCCNc1nc(N)nc(CSc2nnc(c3ccc(F)cc3)c3ccccc23)n1
4756,4756,O=C(Nc1ccc(SC2CCCCC2)cn1)c1ccnc(Cl)c1
4757,4757,C=CC(=O)OC(C)(OC(=O)C=C)c1ccccc1
4758,4758,CC(NS(=O)(=O)c1c[nH]ccc1=O)C1CCCO1
4759,4759,COc1ccc(OC)c(C(=O)CSc2nnc(c3ccco3)n2Cc2ccco2)c1
4760,4760,CCOc1cc(OCC)ccc1NCC1(O)CCCCC1
4761,4761,O=C(Nc1ccc(Cl)c(S(=O)(=O)N2CCOCC2)c1)c1ccccc1I
4762,4762,CC(C)c1cc(Br)ccc1OCCCO
4763,4763,[NH3+]Cc1ccc(N2Cc3cccc(F)c3C2)cc1
4764,4764,COc1cc(OC)c(NC(=O)CCNC(=O)c2ccc3c(c2)OCCO3)cc1Cl
4765,4765,CC(=O)Nc1ccc(c2csc(NC(=O)C=Cc3ccccc3F)n2)cc1
4766,4766,C=CCn1c(SCc2ccc(Br)cc2F)nnc1c1ccccc1
4767,4767,Cc1cc(OCC(=O)Nc2ccccc2C)c(C)c(C)c1N
4768,4768,CN(C)C=[NH+]c1cc(N(C)C)ccc1N
4769,4769,Cc1cc(C)cc(NC(=O)c2cncc(Nc3ccccc3Cl)c2)c1
4770,4770,CC(C)CCS(=O)(=O)Nc1cc(C=O)ns1
4771,4771,FC(F)c1cnc(CCCl)c(I)c1
4772,4772,CCC1(C(=O)Nc2cccc(N3CCCC3=O)c2)CC[NH2+]C1
4773,4773,COc1ccc(NC(=O)C(=O)NN=Cc2ccccc2OC)cc1
4774,4774,CC(C)n1nccc1NC(=O)C1CC1C(=O)Nc1ccc(C(F)(F)F)cn1
4775,4775,O=C(COC(=O)c1ccccc1NC(=O)c1cccs1)Nc1ccc(C(F)(F)F)cc1
4776,4776,CC(C)N(CCCO)C(=O)c1ccc(F)cc1I
4777,4777,N#Cc1ccc(C#CCCCCOc2ccc(OCCCO)nc2)cc1
4778,4778,COc1ccc(NC(=O)c2coc(C[NH3+])c2)cc1F
4779,4779,CC(C)c1n[nH]c(=S)n1N=Cc1c([O-])n(c2ccccc2)c(=O)[nH]c1=O
4780,4780,COC(=O)c1cc(C#N)c(OC(F)(F)C(F)F)cc1I
4781,4781,C=CC(CCCCCC=O)O[Si](C)(C)C(C)(C)C
4782,4782,COc1cnccc1c1cnc(C)c2c1CN(C(N)=O)CC2
4783,4783,COC(=O)c1ccc2nc(NC(=O)CN3C(=O)CNC3=O)sc2c1
4784,4784,CC1CN(C(=O)COC(=O)c2cccc([N+](=O)[O-])c2)CCO1
4785,4785,Cc1ccc(c2cc(C(=O)NC(C)CO)c3c(C)nn(C)c3n2)cc1C
4786,4786,CC[NH2+]C(c1ccc(Br)cc1C)c1ccc(F)cc1I
4787,4787,C=CCC1(O)CCC(C)C1
4788,4788,CC(C)CC(=O)Nc1ccc(Oc2ncccn2)cc1
4789,4789,C=CCn1c(SC(C)C(=O)Nc2ccc(F)c(F)c2F)nnc1c1ccoc1C
4790,4790,COC(=O)CC1Sc2ccc(Cl)cc2N1C(=O)OC
4791,4791,CC(C)(C)OC(=O)C1CC(O)CN1C(=O)C(Cc1ccccc1)NC(=O)C(CCc1ccccc1)NC(=O)c1ccccc1
4792,4792,CCc1ccc(C([NH2+]C)c2cn(C)cn2)s1
4793,4793,Cc1ccc(OCc2ccc(C(=O)NN=Cc3cc(Br)cc(Br)c3OC(=O)c3ccc(C)cc3)o2)cc1
4794,4794,O=C(C=Cc1ccc(Cl)s1)Nc1cccc(N2CCNC2=O)c1
4795,4795,CCC#Cc1ccccc1CCC
4796,4796,O=C(NCC1CCCO1)c1cccc(C(=O)Nc2ccccc2)n1
4797,4797,Nc1cc(I)ccc1C(=O)OCc1cccc(Cl)c1
4798,4798,[NH3+]C(C(=O)[O-])c1nccc(c2ccc(C(F)(F)F)cc2)n1
4799,4799,CCC(C)NC(=O)c1ccc(Cl)c(NC(=O)C[NH+]2CCC(C(=O)Nc3ccccc3C(=O)Nc3ccccc3)CC2)c1
4800,4800,COc1ccc(C[NH+]2C3=Cc4cnoc4C(CNc4nccs4)C3S2(=O)=O)cc1
4801,4801,CCCOC(=O)c1ccc(N2C(=S)N(c3cccc(C(=O)OC)c3)C(=O)C2(C)C)cc1
4802,4802,[NH3+]C(CS)C(=O)Nc1cc(Br)ccc1C(=O)[O-]
4803,4803,Cc1nc(C)c(C(=O)NCC2CCC[NH+]2C2CCC2)s1
4804,4804,Cc1nc2c(c(C)c1CCC#N)CC[NH2+]C2
4805,4805,O=c1c2ccccc2ncn1Cc1cccc(OCC[NH2+]CC2CC2)c1
4806,4806,CC[NH2+]Cc1csc(N2CCn3cnnc3C2)n1
4807,4807,O=C(CC1CCCCC1)C1=C(O)C(=O)N2CC[NH+](Cc3ccccc3Cl)CC12
4808,4808,Cc1cc(C)c(c2csc3nc(C[NH2+]C(C)C)[nH]c(=O)c32)cc1C
4809,4809,Cc1c(Cl)cccc1NC(=O)CN1C(=O)C(OC(=O)NCc2ccc(F)cc2)N=C(c2ccc(Cl)cc2)c2cc(Cl)ccc21
4810,4810,Cc1coc(Sc2cc(F)cc(C[NH3+])c2)n1
4811,4811,Cc1cc(NC(=O)C[NH+](C)CC(=O)Nc2cccc(Cl)c2)no1
4812,4812,COCCCNc1cnn(CC(=O)NC(C)(C)C)c(=O)c1
4813,4813,Cn1cnnc1c1ccccc1NS(=O)(=O)c1ccc(Br)cc1F
4814,4814,CCC1CC1Nc1ccc(N)cc1F
4815,4815,C[NH2+]Cc1cnc(N(C)C(C)c2cccs2)cn1
4816,4816,COc1ccc(OC)c(C(NN)c2scnc2C)c1
4817,4817,COCCC(C)NC(=O)c1ccccc1N
4818,4818,COC(=O)c1cc(CNC(=O)CCn2nc(C)c([N+](=O)[O-])c2C)cc(C(=O)OC)c1
4819,4819,COc1ccc(CNC(=O)CN2C(=O)SC(=Cc3cc([N+](=O)[O-])ccc3N3CCCCC3)C2=O)cc1
4820,4820,CC1C[NH2+]CC1C(=O)N(C)CC(=O)NC(C)(C)C
4821,4821,O=C(Nc1ccc(F)cc1)Nc1ccnn1Cc1ccc(Cl)c(Cl)c1
4822,4822,N#Cc1ccc(C[NH2+]CCCS(N)(=O)=O)cc1
4823,4823,CCOc1ccc(NC(=O)CN2CC[NH+](Cc3ccccc3Br)CC2)cc1
4824,4824,CCCCN(CC)C(=O)COC(=O)CCc1nc2ccccc2c(=O)n1c1ccccc1
4825,4825,CCS(=O)C1CCCC(NC(NC(C)c2ccc(C)c(F)c2)=[NH+]C)C1
4826,4826,Cc1cc(C)c(C(=O)CN2C(=O)c3ccccc3C2=O)cc1C
4827,4827,CCCCCOc1ccc(C=C2C(=O)N(CC(=O)N3CCN(c4ccccc4)CC3)C(=O)C(C#N)=C2C)cc1
4828,4828,CC(=O)OC1=C(c2cnn(C)c2)C=C(C(C)(C)C)C1C
4829,4829,CC(C)CC(NC(=O)C(Cc1ccccc1)NC(=O)C1CCCN1C(=O)C([NH3+])Cc1ccc(O)c(O)c1)C(=O)NC(CCC[NH+]=C(N)N)C(=O)[O-]
4830,4830,CC(C)(C)c1nc(Br)cc(NC2CCCS(=O)(=O)C2)n1
4831,4831,COc1cccc2cc(C(=O)NN=Cc3cc(C)n(Cc4ccccc4)c3C)oc12
4832,4832,CC1CCC(C[NH2+]C(C)C(=O)N(C)C)CC1
4833,4833,C[NH2+]C(C)c1ccc(N2CCCOC(C)C2)cc1O
4834,4834,CCCC[NH+](CCCC)C(C)Cn1nc(c2ccc(C(F)(F)F)cc2)nc1N
4835,4835,[NH3+]C1CCC([NH2+]Cc2ncccn2)C1
4836,4836,CCC(C)c1nc2c(n1CCC[NH3+])COC2
4837,4837,COc1ccccc1C(C)Nc1ccc(OCC(F)(F)F)nc1
4838,4838,Cc1c[nH+]c(c2ccncc2)n1C1CCN(S(=O)(=O)c2cc(F)ccc2F)CC1
4839,4839,O=C(Nc1ccc(SC(F)F)cn1)c1ccc(O)c(O)c1
4840,4840,COC(=O)c1ccccc1NC(=O)CCn1ccnc1
4841,4841,O=C(c1cn[nH]c1c1ccccc1)N1CCC(n2c(=O)[nH]c3ccccc32)CC1
4842,4842,Cc1cc(C)c(NC(=O)CNC(=O)CN(C2CCCCC2)S(C)(=O)=O)c(C)c1
4843,4843,O=C(CCNC(=O)c1ccc(Br)cc1)Nc1nc(c2ccccc2)cs1
4844,4844,Cc1cc(C)n(CC(=O)Nc2cnn(Cc3cccc([N+](=O)[O-])c3)c2)n1
4845,4845,COc1ccc(CNC(=O)N2CCN(c3nc4ccccc4n4cccc34)CC2)cc1OC
4846,4846,CCn1ncc(N2CCN(c3cnccn3)CC2C)c(Cl)c1=O
4847,4847,Cc1c(N)cccc1Sc1nc(C(C)(C)C)ns1
4848,4848,Cn1cnc(C(=O)NCC2CCC(O)C2)n1
4849,4849,COC(=O)N1c2ccccc2C2CC(OC)CC21
4850,4850,COc1ccc(c2ccon2)c(C2CC2)c1
4851,4851,Cc1ccc(S(=O)(=O)N(CCc2ccccc2)CC(=O)Nc2c(C)cccc2C)cc1
4852,4852,O=C(NC1CCc2ccccc2C1)N1CCCC(C2OCCO2)C1
4853,4853,N#Cc1ccnc(NC2CCCC2CO)c1
4854,4854,CC1CCN(c2ccc(C(=O)NCC3CCCO3)cc2[N+](=O)[O-])CC1
4855,4855,C=C(C[NH+]1CCC(n2ncnc2c2ccncn2)CC1)C(O)c1ccc(F)cc1
4856,4856,CCCCC(C)(C)C(OC(=O)CC)P(=O)([O-])[O-]
4857,4857,CSCCC([NH3+])c1nnc(CCCc2ccccc2)o1
4858,4858,O=C(CN1CCS(=O)(=O)CC1)N1CCCC(c2ccccc2)C1
4859,4859,COCCC(C)([NH2+]Cc1ccc(Br)c(F)c1)C(=O)[O-]
4860,4860,COc1ccc(N)cc1C(=O)N1CCSCC1
4861,4861,C[NH2+]C(C1CCOCC1)C1(C)CCCC1
4862,4862,COc1ccc(OC)c2sc(N(CCC[NH+](C)C)C(=O)c3cccc(S(C)(=O)=O)c3)nc12
4863,4863,CCOC(=O)c1ccc(NC(=NCC2CCCO2)NC#N)cc1
4864,4864,Cc1nc(C[NH2+]CC(C)(O)CSC)cs1
4865,4865,Cc1ccc(S(=O)(=O)N(C)C)cc1NC(=O)CSc1nnc(N2CCOCC2)n1CC(C)C
4866,4866,CCC(C)(CCNC(=O)N1CCC(CO)CC1)C(=O)[O-]
4867,4867,CCOC(Cc1ccc(OCCN(C(=O)COc2ccccc2OC)c2ccc(OC)c(OC)c2)cc1)C(=O)[O-]
4868,4868,Fc1cccc(Cl)c1C[NH+]1CCOC2CCCCC21
4869,4869,Cc1cc(C(C)Nc2ccccc2C(F)(F)F)ccc1F
4870,4870,O=C(Nc1ccc2c(c1)CCCN2C(=O)c1ccco1)C(=O)Nc1cccc(C(F)(F)F)c1
4871,4871,CCCCCCC=CC1C(CCC=CCCCCCCCC(=O)[O-])C(=O)N1C(O)CCCCCCCCCCCCCC
4872,4872,CC(=O)Nc1cc(NC(=O)CCNC(=O)C2CC[NH+](CC(=O)Nc3ccc(C(=O)Nc4ccc(F)c(F)c4)cc3C)CC2)ccc1F
4873,4873,Cc1nc(NCC[NH+](C)C)nc(C)c1NC(=O)c1ccc(N(C)C)cc1
4874,4874,CC(C)c1ccc(OCc2ccc(C[NH3+])cc2)cc1
4875,4875,O=C(C=Cc1ccc(O)c(O)c1)NCCc1cccc(F)c1
4876,4876,CCOC(=O)N1CCN(C(=O)N2CC3(C)CC(OC)CC3C2)CC1
4877,4877,O=C([O-])c1cccc(c2cc(OC3CCC(C(=O)[O-])CC3)ccc2C2=CC(Cl)CCC2)c1
4878,4878,COCC(C)NC(=O)CCC(=O)N1CCC(c2ccccc2)CC1
4879,4879,Cc1ccoc1C(=O)NCC#N
4880,4880,COc1ccc(C)cc1Nc1cc(Nc2ccccc2OC)ncn1
4881,4881,Cn1c(C(=O)NCc2cccc(Cl)c2)cc2cc(C[NH+]3CCCC3)cc(F)c21
4882,4882,Cc1nc2sc(Cc3ccccc3)c(N)c2c(c2ccnn2c2ccccc2)c1C(=O)[O-]
4883,4883,COc1ccc(Cn2c(CCNC(=O)C3CC3)nc3ccccc32)cc1
4884,4884,CCn1c(CS(=O)(=O)c2ccccc2)nnc1SCC(=O)Nc1nc(C)cs1
4885,4885,O=C(COc1ccc(S(=O)(=O)N2CCOCC2)cc1)Nc1cccc([N+](=O)[O-])c1
4886,4886,[NH3+]C(Cc1cccc(Br)c1)c1cccc(F)c1F
4887,4887,COc1cc(Br)cc(N(C)Cc2ccccc2F)c1
4888,4888,Cc1cc(OC(=O)c2cccc(Br)c2)cc(C)c1Cl
4889,4889,[NH3+]C1(CCc2ccccc2C(F)(F)F)CCCC1
4890,4890,O=C(Nc1cccc(Br)c1)c1cnccn1
4891,4891,CC1CN(c2ncc(Br)cc2Cl)C(C)C[NH2+]1
4892,4892,NC(N)=[NH+]CCCC([NH3+])(C(=O)[O-])c1nc2cccc(Cl)c2c(=O)n1C1CC1
4893,4893,CC1CCN(C(=O)c2ccc3[nH]c(=O)c(=O)[nH]c3c2)CC(C)C1
4894,4894,CCCCCn1nnc(CO)c1c1cccc(Cl)c1
4895,4895,Cc1c(O)cccc1C(=O)Nc1ccc(Cl)c(C(F)(F)F)c1
4896,4896,CCCCC(CC)C(Br)c1cccc([N+](=O)[O-])c1Br
4897,4897,O=c1cc(N2CC(O)C(O)C2)nc2cc([N+](=O)[O-])c(I)cn12
4898,4898,COCCCNC(=O)Nc1cc(c2nc(C(F)(F)F)cs2)cc(c2c[nH+]c(C(CCCCCC(=O)NCCCOC)NC(=O)OC(C)(C)C)[nH]2)c1
4899,4899,Cc1c(C(C)C)nnn1c1cc(NC(=O)c2ccc(C#N)cc2)ccc1C(F)(F)F
4900,4900,Cc1ccc(OC2(C(=O)[O-])CCN(C(=O)Nc3ccc(OC(F)(F)F)cc3)CC2)cc1
4901,4901,COC(=O)c1ccc(N2C(=O)NC(=O)C(=Cc3ccc(c4ccccc4[N+](=O)[O-])o3)C2=O)cc1
4902,4902,CSCC(C)CNC(=O)N1CCC[NH2+]CC1
4903,4903,Cc1cc(C)cc(C(Cc2nc(C)no2)NN)c1
4904,4904,CCOC(=O)c1c[nH+]c2c(C(=O)OC)csc2c1NC1CC[NH+](C)C1
4905,4905,COc1ccc(S(=O)(=O)Nc2ccc(Nc3cc(C)cc(C)c3)nn2)cc1C
4906,4906,Cc1[nH]ncc1CCCNC(=O)N1CCCC(CCC(=O)[O-])C1
4907,4907,O=C(c1ccc2n[nH]nc2c1)N1CCC2(CC[NH2+]C2)C1
4908,4908,CC1C2=C(CCCO1)C1(C)CCCC2(C)C1(C)C
4909,4909,Cc1ccc(NC(=O)N(C)CCC#N)c(Br)c1
4910,4910,CCC(C)Oc1ccc(C(=O)NC2CC[NH2+]C(C)C2)cc1
4911,4911,CC[NH2+]CCc1c(C)cc(C)cc1OC
4912,4912,Cc1ccc(C[NH2+]Cc2ccc(C(N)=O)cc2)cc1C
4913,4913,Cc1cc(C(=O)OCC(=O)Nc2ccc(C)c(Cl)c2)c(C)n1Cc1ccco1
4914,4914,O=C(c1csnn1)N1CCc2cccc(Br)c2C1
4915,4915,CC(C)[NH+]1CCN(c2cc3[nH]c(c4ccc(N)c(Br)c4)nc3cc2F)CC1
4916,4916,CCc1c(C)[nH+]c2n(c1=O)CC(C(=O)Nc1ccccn1)CO2
4917,4917,C=CCOc1ccc(C(=O)NN=Cc2cc(Br)cc(Br)c2OCC)cc1
4918,4918,CC(C)C(CO)Nc1ccc(C(=O)[O-])c(O)c1
4919,4919,Cc1ccsc1C[NH+](Cc1ccc(N)cc1)C1CC1
4920,4920,[NH3+]CC1CC(c2ccc(F)cc2)CN1c1ncc(Br)cc1F
4921,4921,CCC1CCCCC12C[NH+]=C(N)N2C(C)C
4922,4922,CC(=O)c1ccc(SCC2(O)CC2)cn1
4923,4923,CC1CCCCC1[NH+](C)CCc1ccc(N)cc1
4924,4924,O=C(NCc1ccc(NC(=O)C2COc3ccccc3O2)cc1)c1ccccc1[N+](=O)[O-]
4925,4925,CCS(=O)(=O)N1CCC(c2n[nH]c(C3CCCCC3)n2)CC1
4926,4926,[NH3+]Cc1nc(C(=O)NC2(C[NH+]3CCOCC3)CCSCC2)cs1
4927,4927,CC(C)(C)c1cc(C(C)(C)C)cc(N2C(c3ccccc3)[NH2+]CC2(c2ccncc2)c2cccc(F)c2)c1
4928,4928,N#CC1CNCCN1CC(=O)NC1C=CC(CO)C1
4929,4929,O=C1CCCN1c1ccc(S(=O)(=O)NCc2cccc(S(=O)(=O)NCCc3ccccc3)c2)cc1
4930,4930,CC(C)(c1ccccc1Oc1ccccc1Cl)C([NH3+])C(=O)[O-]
4931,4931,CC(C)C(NC(=O)c1cccs1)C(=O)Nc1ccc2c(c1)OCCO2
4932,4932,C[NH2+]C(CCc1ccc2c(c1)CCO2)c1ccoc1
4933,4933,COc1ccc(S(=O)(=O)N2CCCC2)cc1NC(=O)c1ccc(n2nc(C)cc2C)nc1
4934,4934,O=C1NC(c2cccc(F)c2F)CO1
4935,4935,Cn1ncc(Br)c1C(C[NH3+])N(C)C(C)C1CC1
4936,4936,C=CC(CC(=O)OCC)[Si](C)(C)CC1OC(n2cnc3c(N)ncnc32)C(O)C1O
4937,4937,CC(C)(C)C1CC(c2nc(N3CCOCC3)cc(Oc3ccc4[nH]ccc4c3)n2)CCN1C(=O)[O-]
4938,4938,C=CCOc1cccc(NC(=O)COc2cc(C)ccc2C)c1
4939,4939,COc1ccccc1C(=O)Nc1ccccc1C(=O)OCc1nc(C)no1
4940,4940,COc1ccc(C)cc1CNC(=O)c1csc(C[NH+](Cc2ccc(F)cc2)Cc2cccc(Cl)c2)n1
4941,4941,COc1ccc(C([O-])=C2C(=O)C(=O)N(Cc3cccnc3)C2c2ccc(C(C)C)cc2)cc1
4942,4942,Cc1oc(c2ccccc2)nc1CC(=O)NCCc1cc(F)cc(Br)c1
4943,4943,Cc1nn(CC(C)C)c(Cl)c1CC(=O)c1cccs1
4944,4944,O=C([O-])CC1CN(C(=O)Cc2ccn(c3ccccc3)n2)C1
4945,4945,CCOC(=O)CNC(=O)NCc1ccc(Cn2cccn2)cc1
4946,4946,COCC[NH2+]Cc1cccc(OC)n1
4947,4947,O=C1NC(=Cc2ccc([N+](=O)[O-])cc2)C(=O)N1C[NH+]1CCN(c2ccccc2)CC1
4948,4948,Cc1ccc(C(C)N(C)C(=O)C2CCN(S(=O)(=O)c3ccc(F)cc3F)CC2)o1
4949,4949,CCC1CCC2C(CC(O)C3CC(Cl)C4=CCC34)C1C2CO
4950,4950,Cc1ccc(C(C[NH3+])N2CC(C)C(C)C2)cc1C
4951,4951,COc1ccc(C(C)([NH3+])c2ccc(Br)c(F)c2)c(F)c1
4952,4952,Cc1cc(N2CC(C3CC3)[NH2+]CC2C)cc[nH+]1
4953,4953,Fc1ccc(C2=CCC3(CC2)OCCO3)cc1
4954,4954,COC(=O)c1cc(c2csc(c3ccc(C(F)(F)F)cc3)n2)cn1C
4955,4955,COc1ccc(N)c(C[NH+]2CCN(C)CC2C)c1
4956,4956,CC(=O)Nc1ccc(NC(=O)COc2ccc(C=Nc3ccc(NC(C)=O)cc3)cc2)cc1
4957,4957,Cc1c(S(=O)(=O)[O-])cc(c2ccccc2)c2occ(c3ccc(Cl)cc3)c12
4958,4958,O=C([O-])CN(CC(=O)[O-])c1ncc(c2ccccc2)c2ccccc12
4959,4959,CC(C)(C)c1ccc(OCCCC(=O)Nc2ccc(C(=O)[O-])c(Cl)c2)cc1
4960,4960,CC(C)([NH3+])CCNc1nccc2c(Br)cccc12
4961,4961,CCOc1cc(c2nn(C)c(=O)c3ccccc32)ccc1OCc1ccccc1
4962,4962,C[NH2+]C(CSC(C)(C)C)Cc1c(Cl)c(C)nn1C
4963,4963,CCC(C)NC(=O)c1ccc(C)c(NC(=O)C[NH+]2CCC(C(=O)NC(C)C(=O)Nc3cccc(C(=O)Nc4ccc(F)cc4)c3)CC2)c1
4964,4964,CC(C)NC(=O)NC(=O)C[NH+]1CCN(c2nc3ccccc3s2)CC1
4965,4965,COCCCNc1ncc(C(=O)NCc2ccccc2Cl)cn1
4966,4966,COc1ccc(c2csc(NC(=O)c3cc4c(s3)CCC(C)C4)n2)cc1OC
4967,4967,CC(C)N(C(=O)c1ccc(Cl)c([N+](=O)[O-])c1)c1c(N)n(Cc2ccccc2)c(=O)[nH]c1=O
4968,4968,CCn1cc(C=O)c2c(OC)cc(c3ccccc3)cc21
4969,4969,C[NH2+]C(Cc1cccc(F)c1)c1cn(C)nc1C
4970,4970,Nc1ccc(Oc2cccc(Oc3nsnc3F)c2)cc1
4971,4971,CC(C)(C)C(Sc1nc2ccccc2c(=O)n1CCC1CCCO1)C(=O)[O-]
4972,4972,COc1cccc(CCC(=O)N2CCCC2c2nnc3n2CCCCC3)c1
4973,4973,CC1C([NH+]2CCC3(CCCN(C)C3)C2)CCC(=O)N1Cc1ccccc1
4974,4974,COC(=O)C(C)=CCCc1cc(OCCc2cccs2)ccc1OCc1ccccc1
4975,4975,COCCOCC(=O)N1CCC(n2c(C)nc3nc(N(C)C)ncc3c2=O)CC1
4976,4976,O=C1CCc2c(c3ccccc3n2S(=O)(=O)c2ccccc2[N+](=O)[O-])N1
4977,4977,COC(=O)c1c(NC(=O)CCn2nnc3ccccc3c2=O)sc2c1CCCC2
4978,4978,COc1ccc(F)cc1c1c[nH+]c2c(N3CCc4ccccc4C3)nccn21
4979,4979,Cc1ccc(C(CNC(=O)Nc2cnc3c(c2)c(=O)[nH]c(=O)n3C(C)C)[NH+](C)C)cc1
4980,4980,CSc1nc(Cl)cc(N2CCC(C(N)=O)CC2)n1
4981,4981,CCCCN(C)C(=O)c1cc(c2csc(C)n2)n(c2ccc(C)c(C)c2)n1
4982,4982,O=C([O-])c1cc(C2CC2)ncc1Cl
4983,4983,CCOc1cc(C)c(C(=O)Cn2c3ccccc3c3nc4ccccc4nc32)cc1C(C)C
4984,4984,CCC(C)(CC(C)=O)OOOC(=O)C(=CN(CC)CC)C(CCCOCC(C)C)OC(C)=O
4985,4985,CCC(=O)N1CCCCC1C(=O)NC1(C)CCOC1
4986,4986,COc1ccc(CC(=O)Nc2cnn(CCC(=O)[O-])c2)cc1
4987,4987,C=CC(=O)Oc1cccc(S(=O)(=O)Nc2ccc(Oc3ccc(C)c4ccn(CC)c34)cc2)c1
4988,4988,CCCCOC(=O)C(C)NC(=O)C1CCCC1[NH2+]C
4989,4989,CCc1c(NN)ncnc1NC(C)c1nccs1
4990,4990,Cc1ccsc1C[NH2+]C(C)c1cncc(F)c1
4991,4991,FC(F)(F)c1ccc(c2nc3ccnc(c4ccco4)c3cc2c2ccccc2)cc1
4992,4992,O=Cc1cc(=O)c2cc(OC(F)(F)F)ccc2[nH]1
4993,4993,COc1ccc(n2nnnc2C[NH+]2CCN(C(=O)Cc3ccc(OC)cc3)CC2)cc1
4994,4994,Cc1nc2n(n1)CCN(C(=O)C1CCSC1)C2
4995,4995,CCCc1cc(c2cnn(CC(C)(C)O)c2)n[nH]1
4996,4996,COc1ccc2c(c1)N(C(C)=O)C(C(c1ccc(C(=O)N(CCCl)CCCl)cc1)C(C)C)=N2
4997,4997,COc1c(C(C)C)cc(F)cc1C(C)=O
4998,4998,CCCCOC(=O)c1cccc(NC(=O)c2sc3ncn(C)c(=O)c3c2C)c1
4999,4999,CC[NH2+]C(CCc1ccc(F)cc1Br)C(C)C1CC1
5000,5000,Cc1nc(NC(=O)c2ccco2)sc1c1ccc(F)cc1
5001,5001,CN(CC(=O)N1CCCC1)c1nccc(C[NH3+])n1
5002,5002,CC(C)COc1cccc(C([O-])=C2C(=O)C(=O)N(c3ccc4ccccc4c3)C2c2ccc(O)cc2)c1
5003,5003,COc1ccc(NS(=O)(=O)c2ccc(C(=O)NCCc3c[nH]c4ccccc34)cc2)cc1
5004,5004,Cc1ccc(c2ccc(OCC(=O)NNC(=O)c3ccc(c4ccccc4)o3)nn2)cc1
5005,5005,CCc1cc2c(=O)n(C)c(CC)nc2s1
5006,5006,O=C(CN1CCN(c2cccc(Cl)c2)C1=O)N1CCC2C[NH2+]CC2CC1
5007,5007,O=C1C(c2ccc(Cl)cc2)=C([NH+]2CCN(c3ccccn3)CC2)C(=O)N1c1cccc([N+](=O)[O-])c1
5008,5008,Cc1nc(NC(=O)c2cc[nH]c3nccc2-3)ccc1Br
5009,5009,O=C([O-])c1ccc2c(c1)S(=O)(=O)CC2
5010,5010,C[NH2+]CCc1c(Br)nn2nccnc12
5011,5011,CCCC(C)CN1CC[NH2+]CC1c1ccccc1
5012,5012,O=C(CCCOc1ccc(Cl)cc1Cl)Nc1ccc(S(=O)(=O)N2CCCC2)cc1
5013,5013,COc1ccc(C(=O)N2CCCN(C(=O)c3ccc[nH]c3=O)CC2)c(OC)c1
5014,5014,CCC(=O)N1CCCC1C(=O)N1CCC2(CC1)CNC(=O)C2
5015,5015,CCC1CN(S(=O)(=O)N(C)CCC[NH3+])CCO1
5016,5016,O=C(C[NH+]1CCCC(Nc2ccccc2)C1)NC(=O)NCc1cccs1
5017,5017,CSCCC(NC(=O)OCc1ccccc1)C(=O)NCCCc1nc2ccccc2[nH]1
5018,5018,O=C([O-])C1CN(C(=O)C2CC3C=CC2C3)c2ccccc21
5019,5019,O=C(Cc1ccc(Cl)cc1F)c1ccc(Br)cc1F
5020,5020,Cc1nn(CC(C)C)c(C)c1CC(=O)NCC(c1cccc(F)c1)[NH+](C)C
5021,5021,CCn1nc(CC(C)=O)nc1C1CCN(S(C)(=O)=O)CC1
5022,5022,CCc1[nH]n(c2ccc([N+](=O)[O-])cc2)c(=O)c1N=Nc1cccc(N)c1
5023,5023,CNc1ncnc(OC2CCOC2)c1C(C)C
5024,5024,CC(C)(C(=O)NC1CCC(C(=O)[O-])CC1)c1ccccc1
5025,5025,COc1ccc(OC)c(CC(=O)NC(c2ccc(F)cc2)c2nccn2C)c1
5026,5026,Cc1ccc(S(=O)(=O)Nc2cccc(c3ccc(N4CCOCC4)nn3)n2)cc1
5027,5027,CC(C)(C)c1ccc2c(c1)C(=O)N(CC(NC(=O)C1CC[NH+](Cc3ccc(C#N)cc3)CC1)C(=O)N1CCOCC1)C2=O
5028,5028,Cc1ccc(N2CC[NH2+]C(C(C)C)C2)cc1Cl
5029,5029,C=CCN(c1cc(N2CCOCC2)nc(C)n1)C(C)C
5030,5030,C[NH2+]C(Cc1ccc(Cl)cc1Cl)C1CCCCCCC1
5031,5031,CCC(C)C(NC(=O)c1ccccc1)C(=O)N1CC[NH+](CC(=O)c2cc(C)n(C)c2C)CC1
5032,5032,CC(C)(C)c1ccc(C(=O)NC(=S)Nc2ccc(N3CCN(C(=O)c4cccs4)CC3)cc2)cc1
5033,5033,CCCCC(CC)COCC1(CC)CC[NH2+]C1
5034,5034,O=C(COc1ccc(Cl)cc1Cl)NCC(O)c1ccccc1
5035,5035,CCOC(=O)Cc1csc(NC(=O)C(Cc2c[nH]c3ccccc23)n2cnnn2)n1
5036,5036,CCC(C)NC(=O)c1ccc(C)c(NC(=O)C[NH+]2CCC(C(=O)NCCC(=O)Nc3ccc(C)c(NC(=O)c4ccccc4OC)c3)CC2)c1
5037,5037,CC(C)C(NC(=O)COC(=O)c1sccc1c1ccccc1)c1cccs1
5038,5038,O=C(C=Cc1ccccc1)OCC(O)C[NH+](Cc1ccco1)Cc1cccs1
5039,5039,FC(F)(F)CN1N=C(c2ccccc2Br)c2cc(Cl)ccc21
5040,5040,C[NH2+]C(c1cc(F)c(F)cc1F)c1ccccc1C
5041,5041,N#Cc1cc2c(nc1NCC1(CCO)CC1)CCC2
5042,5042,COCC(C)NC(=O)CSc1nc2ccccc2[nH]1
5043,5043,Nc1cc(C(F)F)c(CBr)c(CC(=O)[O-])n1
5044,5044,CC(C)(CC[NH3+])CNS(=O)(=O)CCCc1ccccc1
5045,5045,CC(C)CNC(N)=[NH+]CC1CCC2(CCCCC2)O1
5046,5046,COCC1(O)CCCCC1n1cncn1
5047,5047,Cn1nccc1CNc1cc(N)cc(S(C)(=O)=O)c1
5048,5048,O=C(NC(=S)Nc1ccc(Br)cc1F)c1ccc(Br)cc1Cl
5049,5049,CSCCC([NH3+])C(=O)Nc1ccc(OC(C)C)cc1
5050,5050,CC(=O)N(CC[NH3+])C(=O)c1ccccc1Br
5051,5051,O=C(CNC(=O)c1ccc(S(=O)(=O)N2CCCCCC2)cc1)NCc1ccccc1Cl
5052,5052,C=CC(=O)N1CCN(c2nc(n3ccnc3)nc(Oc3cc(CO)cc(OCC)c3)c2F)CC1
5053,5053,Cc1cc(C)c(C([NH3+])CN2CCN3C(=O)NCC3C2)c(C)c1
5054,5054,O=C(NCc1cccnc1c1cccs1)C1CC(=O)N(c2ccccc2F)C1
5055,5055,CCCCC(O)c1cc(Br)ccc1OC
5056,5056,COc1cc(OC)c(C[NH+]2CCC3(CC[NH+](CCCNc4ccccn4)CC3)C2)c(OC)c1
5057,5057,CC(=O)c1cccc(NC(=O)c2ccccc2SCc2cc(C)no2)c1
5058,5058,N#CCc1ccc(NC(=O)CCCCl)cc1
5059,5059,CCc1ccc(NCC(=O)Nc2cccc(OC)c2)cc1
5060,5060,O=c1[nH]c(C=Cc2ccncc2)c([O-])c2c1CC1CC2CCC1(O)CO
5061,5061,Cc1ccc(C2SCC(CC(=O)NC(=O)NCc3ccc(Cl)cc3)S2)cc1
5062,5062,[NH3+]Cc1ccc(c2ccc3[nH]ccc3c2)cc1F
5063,5063,CC(=O)c1cc(C(=O)N2CCSCC2)n(C)c1
5064,5064,CC(C)C(NC(=O)c1cc([N+](=O)[O-])ccc1Cl)C(=O)N(C)C
5065,5065,COc1ccc(C(OCC2OC(n3ccc(N)nc3=O)CC2OP(OCCC#N)N(C(C)C)C(C)C)(c2ccccc2)c2ccc(OC)cc2)cc1
5066,5066,O=C([O-])CNc1ncc(S(=O)(=O)N(Cc2ccccc2)c2ccccc2)cn1
5067,5067,O=C(NCCC(=O)N1CCN(c2ccccc2)CC1)c1cnccn1
5068,5068,CCc1ccc(C[NH+]2CCC(C)CC2)nc1
5069,5069,CCCCc1nc2ccc(Br)cc2c(=O)n1N=Cc1ccc(OCC(=O)Nc2ccc(F)cc2)c(Br)c1
5070,5070,CCc1ccc(C(O)Cn2cc(c3ccccc3)cn2)cc1
5071,5071,CCCCN(C(=O)c1cc(Br)ccc1Br)C(C)CC
5072,5072,Cc1ccc(OCC(=O)c2cccc(N)c2)cc1
5073,5073,Cn1cc(C2OCCCC2NC(=O)CC2CCC2)cn1
5074,5074,COc1cc(NC(=O)c2csc(Br)c2)c(N)cc1F
5075,5075,O=C1Nc2cc(NS(=O)(=O)c3ccc(N4CCOCC4)c([N+](=O)[O-])c3)ccc2OC1C(F)(F)F
5076,5076,COC(=O)CC(C(=O)OCc1ccccc1)S(=O)(=O)c1ccc(OC)cc1
5077,5077,Cc1cc(C)n(c2cc(c3noc(Cn4cccn4)n3)ncn2)n1
5078,5078,Cc1ncc(C[NH2+]Cc2cccc(Br)c2O)s1
5079,5079,Cc1nccn1c1ccc(C(=O)NC2CCS(=O)(=O)C2)cc1F
5080,5080,CCOc1cccc(C[NH3+])c1OC1CCOC1
5081,5081,COc1ccc(c2nc(NC(=O)COc3cccc4ccccc34)sc2C)cc1
5082,5082,Cc1cc(C2CCCC[NH2+]2)ccc1[N+](=O)[O-]
5083,5083,COc1ccccc1C(=O)NNc1ccc(N(CC)c2ccccc2)cc1
5084,5084,COc1ccc(Cl)cc1NC(=O)CN1C(=O)C(c2ccccc2)N=C(c2ccccc2)c2ccccc21
5085,5085,COc1cc(N)ccc1S(=O)(=O)CC(=O)NCC(C)C
5086,5086,COc1ccc(n2cc([N+](=O)[O-])c(CC[NH3+])n2)cc1F
5087,5087,CC(=O)NC(=Nc1ccccc1N(C)C)c1ccc(C)cc1
5088,5088,CC(CC1CC1)[NH2+]C1CCc2ccccc2C1
5089,5089,Cn1c(=O)n(CC(N)=[NH2+])c2c(C(=O)[O-])cccc21
5090,5090,CC(C)CC(NC(=O)C(CCCC[NH3+])NC(=O)C1CCCN1C(=O)C(CC(C)C)NC(=O)C(CCCC[NH3+])NC(=O)C(C)[NH3+])C(=O)NC(CCCC[NH3+])C(=O)[O-]
5091,5091,O=c1cc(c2cccnc2)c2c([nH]1)CCC2
5092,5092,NC(=[NH2+])c1c(OCCCCOC(=O)CCCCCSc2cc(O)c(O)c(O)c2)cc(O)c(O)c1O
5093,5093,COc1ccc(C(C)[NH2+]C(CO)c2ccccc2F)cc1F
5094,5094,CC(C)C([NH3+])C(=O)NC(Cc1cnc[nH]1)C(=O)NC(CC(=O)[O-])C(=O)NC(Cc1c[nH]c2ccccc12)C(=O)[O-]
5095,5095,COCCCNC1C[NH2+]CC1O
5096,5096,CC(C)CNc1nc2ccccc2nc1N1CC[NH2+]CC1
5097,5097,Cn1nccc1CCNC(=O)c1cnn(c2ccccc2)n1
5098,5098,CCOC(=O)NN=C1c2ccccc2-c2nccnc21
5099,5099,COc1cc2nc(Nc3nc(NCCc4ccc(Cl)cc4)c(F)cc3C(N)=O)nc(NC3CCCC3)c2cc1OC
5100,5100,O=C(Nc1cccc(S(=O)(=O)C2CCCC2)c1)c1ccc(F)cc1F
5101,5101,Cn1ccc(N2CC[NH+](CC(N)=O)CC2)n1
5102,5102,C[NH2+]C(Cc1ccc(F)cc1F)c1ccc(Cl)cc1C
5103,5103,CCOP(=O)(OCC)c1ccccc1OC(=O)c1ccccc1NS(C)(=O)=O
5104,5104,Cc1cc(I)ccc1NC1=[NH+]CCN1
5105,5105,O=C1CC2(CCC[NH+](C3CCCOC3)C2)CN1
5106,5106,COCCOCC[NH2+]Cc1c[nH+]c(c2cccs2)[nH]1
5107,5107,NC(=[NH2+])c1cccc(c2cccc3c2CNC(=O)N3)c1
5108,5108,COc1cc(OC)c(OC)cc1CNC(=O)CNC(=O)c1ccc(Cl)c(Cl)c1
5109,5109,COc1cncc(NCc2cccc(OC)c2)c1
5110,5110,COc1ccc(C(=O)NCCNC(=O)C2CCCO2)c(OC)c1
5111,5111,CCc1cc(c2nc(c3cccc4c3CCCC4)no2)ccc1OC
5112,5112,CC(C)CC(NC(=O)C([NH3+])Cc1c[nH]c2ccccc12)C(=O)NC(CC(N)=O)C(=O)NC(CO)C(=O)[O-]
5113,5113,CCOc1cc(c2csc(NC(=O)NCc3ccc(C[NH+]4CCCCC4)cc3)n2)ccc1OC
5114,5114,CCC1CCCC(Nc2nc(C(=O)[O-])cs2)CC1
5115,5115,CC(C)C(=O)Nc1ccc(CNC(=O)c2cccnc2)cc1
5116,5116,O=C([O-])CSc1nn(c2ccccc2F)c(=S)s1
5117,5117,COc1ccc(n2c(=S)sc3ccccc32)cc1
5118,5118,CC(C)CN(C(=O)c1sc2ncn(C)c(=O)c2c1C(C)C)C1CCS(=O)(=O)C1
5119,5119,Cc1cccc2c1CC[NH2+]C2C(C)C
5120,5120,CS(=O)(=O)N(CC(=O)NN=Cc1ccc(OCC(=O)NC2CCCCC2)cc1)c1cccc(Cl)c1
5121,5121,CCOC(=O)C(=CNc1cnn(C)c1)C(=O)OCC
5122,5122,O=C(NCc1ccccc1)C1CCN(C(=O)CCc2ccccc2)CC1
5123,5123,CNC(CS(=O)c1cc(Cl)ccc1Cl)C1CCCC1
5124,5124,CC1(C(=O)NCC(=O)Nc2ccc(Br)cc2F)CCCC[NH2+]1
5125,5125,CCCc1cc(C(=O)OCC(=O)c2ccc3c(c2)OCO3)on1
5126,5126,CCOc1cncc(c2cc(F)c(F)c(F)c2)c1
5127,5127,O=C(c1ccco1)c1cnns1
5128,5128,CC1CCCCC1NC(=O)COc1ccccc1C(N)=O
5129,5129,O=C(COc1ccc(Br)cc1)NCCNS(=O)(=O)c1ccc(F)cc1
5130,5130,CSc1nc(N)cc(Oc2ccc(C)cc2Br)n1
5131,5131,CC1CCCN(C(=O)c2ccc(Cl)c(NC(=O)C(C)[NH+]3CCC(C(=O)NCCC(=O)Nc4ccccc4C(=O)Nc4ccc(F)c(F)c4)CC3)c2)C1
5132,5132,CCS(=O)(=O)N1CCc2cc(S(=O)(=O)N(C)C)ccc21
5133,5133,O=C(Nc1cc(N2CCNC2=O)ccc1N1CCOCC1)c1cccc(N2CCc3ccccc3C2)n1
5134,5134,CCC1CCCC(n2c(=S)[nH]c3ccc(Cl)cc32)C1
5135,5135,Cc1cc(NC(=O)CSc2nc3sc4c(c3c(=O)n2N)CCCC4)n(C)n1
5136,5136,C=CCn1c(COc2cc(C)c(Cl)c(C)c2)nnc1SCC(=O)Nc1nccs1
5137,5137,CCc1c(C(=O)N2CCN(c3ccc(Cl)cn3)CC2)cnn1c1ccccc1
5138,5138,Cc1ccc(S(=O)(=O)N2CCN(C(=O)Cc3ccccc3F)CC2)cc1Cl
5139,5139,CCC1CN(C(=O)c2csc(Br)c2)CCC1[NH3+]
5140,5140,CCc1csc2ccc(C#N)c(Br)c12
5141,5141,CCC1CN(C(=O)CCc2c(C)nc3c(C(N)=O)cnn3c2C)CC[NH+]1C1CC[NH+](C)CC1
5142,5142,COc1ccccc1N1CCC(CNC(=O)C(=O)Nc2cccc(C)c2C)C1
5143,5143,CSc1[nH+]cc(c2cccc(Cl)c2)n1C(C)C
5144,5144,CCOC(=O)Nc1cccc(C(=O)OCc2cc(=O)n3c(C)cccc3n2)c1
5145,5145,Cc1ccc(CNC(=O)c2nc(C(=O)N3CCC(C(=O)[O-])C(C)C3)c3ccccn23)cc1
5146,5146,Cn1ccc(CNc2nnc(Cl)c3ccccc23)n1
5147,5147,CC1=NN(c2ccccc2)C(=O)C1=Cc1ccc(c2ccc(Cl)cc2)o1
5148,5148,COC(=O)C(Sc1nnc(c2ccc([N+](=O)[O-])cc2)o1)C1CCCC1
5149,5149,Nc1cc(SC2OC(CO)C(O)C2O)c(F)cc1O
5150,5150,COc1cc(F)cc(C(O)C2CC2C)c1
5151,5151,O=C(Cn1nc2c(cc1=O)CCC2)Nc1cccc(OCC(F)(F)F)c1
5152,5152,CC(C)N(CCO)C(=O)C([NH3+])CC(N)=O
5153,5153,Cc1c(NC(=O)C(C)[NH+]2CCC(C(=O)NCC(=O)Nc3ccccc3C(=O)N(C)C)CC2)cccc1C(=O)Nc1cccc(F)c1
5154,5154,CC(C)Cn1ncc(Br)c1C(=O)C(C)Oc1ccc(F)cc1
5155,5155,CCc1cccc(n2c(C)cc(C(=O)COC(=O)c3[nH]c(C)c(C(=O)OC(C)C)c3C)c2C)c1
5156,5156,Cc1ccc(Sc2c(CSc3nnc(c4cccs4)n3N)c(C)nn2C)cc1
5157,5157,Cc1c(O)c(C)c(O)c(C)c1Cl
5158,5158,Nc1c(Br)cc(CC(=O)[O-])cc1[N+](=O)[O-]
5159,5159,Cc1cc(C)cc(c2nc(NC(=O)N3CCC(F)(F)CC3)sc2c2ccnc(NCCC(=O)[O-])n2)c1
5160,5160,CC1CCC(C)N1C(C[NH3+])c1cc(Br)c(Br)o1
5161,5161,Cc1ccc(n2nc3c(c2NC(=O)c2ccsc2)CSC3)cc1
5162,5162,CC1CC1c1noc(CC2CNc3ccccc32)n1
5163,5163,COCC(O)CNS(=O)(=O)c1cnccc1Cl
5164,5164,C=CCN(CC=C)c1ccc2c(C)c(C)c(=O)oc2c1
5165,5165,COc1ccc(NS(=O)(=O)c2cc(C(=O)Nc3cccc(Br)c3)ccc2Cl)c(OC)c1
5166,5166,CC(C)C(=O)N(C)c1ccccc1C(=O)NCc1ccncc1
5167,5167,Cc1ccc(n2nc(C(=O)N3CCCC3)nc2c2cccc(Cl)c2)cc1
5168,5168,Cc1c(C(=O)[O-])c(c2ccccc2)c(Cc2ccc(Cl)cc2)c2sc(c3ccc(C#N)cc3)cc12
5169,5169,COC(=O)C=CC(=O)OCC(C)C(O[Si](C)(C)C(C)(C)C)C(C)C
5170,5170,CC(=O)N(C(=S)Nc1ccc(C)cc1)c1ccc(Oc2ccccc2)cc1
5171,5171,CNc1cc(Br)c(OCc2nnnn2C)c(OC)c1
5172,5172,O=C(Nc1ccc(F)c(Br)c1)c1cc(c2ccc(O)cc2)nc2ccc(F)cc12
5173,5173,COCC1CCC(C#N)(C2(O)CCc3cc(Br)ccc3C2)CC1
5174,5174,Cc1ccc(C(Cl)c2cncc(F)c2)c(C)c1
5175,5175,CCCS(=O)(=O)NC(C)C(=O)NCC(C)C
5176,5176,CSc1cccc(NC(=O)C(C)OC(=O)CNC(=O)c2cccc(Cl)c2)c1
5177,5177,CC(C)CN(CC(=O)N(Cc1cccn1Cc1cccc(Cl)c1)C1CCCCC1)C(=O)c1cccc(Cl)c1
5178,5178,COc1c(C)cc(C)cc1C(O)c1cc(C)c(F)cc1F
5179,5179,Cc1cc(C)c(S(=O)(=O)N2CC[NH+](CC(=O)Nc3cc(C(F)(F)F)ccc3Cl)CC2)c(C)c1
5180,5180,CNc1c(C#N)c[nH+]c2c(Cl)cc(NC(c3cccnc3)c3cn[nH]n3)cc12
5181,5181,COCCn1cc(C(=O)N(CC(C)C)C2CCS(=O)(=O)C2)cn1
5182,5182,Cc1ccc(CNC(=O)C2CCC[NH+]2Cc2ccc(Cl)c(Cl)c2)cc1
5183,5183,Cn1cccc1C[NH2+]CC(=O)N1CCCC1
5184,5184,CCCCC(C)[NH2+]C(C)c1ccc2c(c1)OCCO2
5185,5185,CN(CCO)C(=O)NCC1CCN(C(=O)C2CCCCC2)CC1
5186,5186,CCCNC(=O)C(C)NC(=O)COC(=O)c1sc2cc(F)ccc2c1Cl
5187,5187,Cc1cc(C)c(Nc2[nH]c(c3cn4cccc(C)c4[nH+]3)c[nH+]2)c(C)c1
5188,5188,N#Cc1ccccc1OCC(=O)N1CCCC(NC(=O)CN2CCS(=O)(=O)CC2)C1
5189,5189,CCn1cc(C2OCCC2C(=O)N2CCCC2CO)cn1
5190,5190,COC(=O)c1ccc(CSc2nnc(c3ccc(OC)cc3)o2)o1
5191,5191,O=C([O-])CC1CN(c2ccc(c3cccc(F)c3)nn2)CCN1c1ncc(Cl)cn1
5192,5192,C[Si](C)OC(C1CC1)C1C(=O)N2C(C(=O)OC(c3ccccc3)c3ccccc3)=C(COCc3ccco3)C(C)C12
5193,5193,COC(=O)N1c2ccccc2-c2nn(C)c(C(=O)N3CC[NH+](CC4CCCC4)CC3)c2C1c1ccccc1
5194,5194,CC1CN(c2nc(c3ccc(Nc4ncc(c5nnco5)cn4)cc3)cnc2N)CCO1
5195,5195,COc1ccc(CC(=O)NCCCc2ccccc2)cc1
5196,5196,O=C([O-])Cc1c(Cl)cc2c(c1Br)OCCO2
5197,5197,O=C(NCC1CCC1)c1cccc(S(=O)(=O)Nc2cccc(C(F)(F)F)c2)c1
5198,5198,CC1[NH2+]CCCC1NC(=O)c1ccc(=O)[nH]n1
5199,5199,CC(C)CC(C)Nc1ncc(N)c(C)c1Br
5200,5200,Cc1cccc2c1N(CC(=O)NCc1ccc(Br)cc1F)c1ccccc1S2
5201,5201,COc1ccc(N2CCN(C(N)=NCC3CCOCC3)CC2)cc1OC
5202,5202,CCCCCCOc1c(CBr)cnc(CC)c1F
5203,5203,Cn1cncc1c1cc(Oc2ccc(C#N)cc2F)ccn1
5204,5204,COc1ccc(C(CNC(=O)c2ccc([N+](=O)[O-])c(C)c2)[NH+]2CCCC2)cc1
5205,5205,CCCC[NH+](CC)Cc1ccc(B(O)O)cc1
5206,5206,O=C(NC1CCCC1)c1ccc2nc(Nc3ccccc3)n(Cc3ccccc3)c2c1
5207,5207,Cn1nccc1C1C(NC(=O)C2CCC2)CCCN1C(=O)[O-]
5208,5208,Cc1c(Cl)cccc1N1CC[NH+](CC(=O)Nc2ccc(Cl)cc2C(=O)N2CCCC2)CC1
5209,5209,CSCCC(NC(=O)c1ccccc1Cl)C(=O)Nc1ccc(N2CC[NH+](C)CC2)cc1
5210,5210,COC(=O)C1=C(C)N(c2cccc(C(F)(F)F)c2)C(=O)C1=Cc1cccc2ccccc12
5211,5211,Cc1ccc(Br)cc1C[NH+]1CCc2ccc(C(=O)[O-])cc21
5212,5212,COc1cc(OC)cc(NC2(C[NH3+])CCC2)c1
5213,5213,CC(C)C([NH3+])C(=O)NCC(=O)NCC(=O)NC(CCC(N)=O)C(=O)NC(Cc1c[nH]c2ccccc12)C(=O)[O-]
5214,5214,O=C(Cn1ccccc1=O)NNC(=O)c1cc2ccccc2s1
5215,5215,COc1ccc(Br)c(NCC2CCCC(C)C2)c1
5216,5216,Cn1cnc([N+](=O)[O-])c1NCCCCCC[NH3+]
5217,5217,Cc1c(Br)c(N(C)C)nn1CC(=O)N(C)C1CC[NH+](C)CC1
5218,5218,CC(C)(C)C(=O)Nc1ccccc1NC(=O)C=Cc1ccc(F)c(F)c1
5219,5219,C=CCN(CCO)C(=O)c1cnc(Cl)c(Cl)c1
5220,5220,NC(=S)c1ccc(Cl)cc1C[NH+]1Cc2ccccc2C1
5221,5221,CCOC(=O)c1c(NC(=O)CN(c2cccc(C)c2)S(=O)(=O)c2ccc(Cl)cc2)sc2c1CCC(C)C2
5222,5222,Nc1[nH]nc2cc(c3cccc(CN(C(=O)[O-])S(=O)(=O)c4ccccc4)c3)ccc12
5223,5223,COC(=O)C(C1CCCCC1)C1CCCC1O
5224,5224,CSC(C)C(C)[NH+](C)C
5225,5225,CC(C)NC(=O)N1CCC(NC(=O)N(C)Cc2cc(=O)oc3cc(C(C)C)ccc23)CC1
5226,5226,CSc1ccc(C2C(=C([O-])c3cccc(OCC(C)C)c3)C(=O)C(=O)N2c2ccc3c(c2)OCCO3)cc1
5227,5227,CC(Sc1nnc(c2ccccc2)n1C)c1nnc(c2cccs2)o1
5228,5228,CC(C)c1cc(O)cc2c1OCCC2[NH3+]
5229,5229,COc1ccc(c2noc(C3CN(S(=O)(=O)c4cccs4)CC[NH2+]3)n2)cc1
5230,5230,CCOc1cccc(N2CC(C(=O)NCc3cccc(C(=O)NC4CC4)c3)CC2=O)c1
5231,5231,Cc1ccc(OCCC(=O)N2CC[NH2+]CC2)c(C(C)(C)C)c1
5232,5232,Fc1ccc(C2OCCCC2CBr)c(Cl)c1
5233,5233,CCC(C)NC(NCC1CCC[NH+]1C)=[NH+]Cc1nnc(C)n1C
5234,5234,O=C(Nc1ccn(c2ccc(F)cc2)n1)N1CCCC(c2nc(c3ccc(F)cc3)no2)C1
5235,5235,CC(C)(C)OC(=O)n1c(=O)c(C=Nn2cnnc2)cc2cc([N+](=O)[O-])ccc21
5236,5236,COCCN(CC(=O)[O-])C(=O)CSCc1cccc(C)c1
5237,5237,Cc1ccc(n2c(SCC(=O)NC3(C#N)CCCCC3)nnc2c2ccc(Cl)cc2)cc1C
5238,5238,CC1CC[NH+](C(C)CNS(=O)(=O)N(C)C)CC1
5239,5239,COc1ccc(C[NH+](C)CCOc2ccc3c(c2)OC(C(=O)N2CCCC2)CO3)c(OC)c1
5240,5240,Cc1nc(C)c2c(C)c(C(=O)N3CC([NH+](C)CCO)C3)sc2n1
5241,5241,O=C(C[NH+]1CCN(C(=O)c2cccc(Cl)c2Cl)CC1)Nc1ccc(SC(F)F)cc1
5242,5242,CCOc1cccc(OCc2nnc(Cc3ccccc3)o2)c1
5243,5243,COc1c(Br)cc(Br)cc1C=C(C#N)C(=O)Nc1ccc(Cl)c(Cl)c1
5244,5244,COc1ccc(Br)c(C[NH2+]CCCCn2ccnc2)c1
5245,5245,COc1ccc(Oc2ccc(C(=O)[O-])c(c3ccccc3)n2)cc1
5246,5246,CCc1c(C)nc2n(c1=O)CC(NC(=O)Nc1ccc(Cl)cc1)CS2
5247,5247,COc1cccc(C(C)[NH2+]CC2CCCCO2)c1
5248,5248,COc1ccc(S(=O)(=O)Nc2cccc(c3ccc4nccnc4c3)c2)cc1OC
5249,5249,O=C([O-])C1CCN(c2nc(N3CCCC3c3cccnc3)c3ccccc3n2)CC1
5250,5250,CCn1cncc1C[NH2+]C1CCN(C(=O)OC(C)(C)C)CC1
5251,5251,COc1ccc(NS(=O)(=O)c2cccc3cccnc23)cc1Cl
5252,5252,N#Cc1ccc(N2CCCC(n3cc(C#N)cn3)C2)c([N+](=O)[O-])c1
5253,5253,O=C(c1ccc(Cl)nc1)N1CCc2ccccc2C1
5254,5254,Cc1ccnc2nc(c3ccc(OC(F)(F)F)cc3F)[nH]c12
5255,5255,O=C(OCC(=O)C12CC3CC(CC(Br)(C3)C1)C2)c1ccc(OCc2ccccc2)cc1
5256,5256,COC(=O)c1ccccc1CSc1cccc[n+]1[O-]
5257,5257,COC(=O)c1sccc1S(=O)(=O)NCCc1ccc(F)cc1
5258,5258,COCC1C(OC(=O)NC2CC3CCC2C3)CC23CCC4C(C)(C(=O)[O-])CCCC4(C)C2CCC1C3
5259,5259,O=c1cc(Br)[nH]c(=O)n1CCSCCCO
5260,5260,COC(=O)CCS(=O)(=O)N1CC(OC)CC1C(=O)[O-]
5261,5261,CC(C)c1ccc(c2nc3sccc3c(=O)n2CC(=O)NC(C)c2cccs2)cc1
5262,5262,C[NH2+]C(CCC(C)C)C1CCC(OC)CC1
5263,5263,C=CCN(CC=C)S(=O)(=O)c1cccc(C(=O)Nc2cccc(C)c2)c1
5264,5264,Cc1nn(c2ccccc2)c(C)c1CNC(=O)c1ccnc(OC(C)C)c1
5265,5265,CNS(=O)(=O)c1ccc(Cl)c(C(=O)Nc2ccnn2C(C)(C)C)c1
5266,5266,C=CC(=CC=C(C)C(O)(CC=C(C)C(=O)[O-])c1ccccc1)C(C(=O)OC1CCCC1)c1ccccc1
5267,5267,O=C(CCBr)NC1CCC1
5268,5268,COCC[NH2+]Cc1cn(Cc2cscn2)nn1
5269,5269,O=C(Cc1c(F)cccc1Cl)N1CC2CC[NH2+]C2C1
5270,5270,O=C(NCC1COc2ccccc2O1)c1ccc(COc2ccccc2)o1
5271,5271,CC(=O)Nc1cc(C(=O)N2CCC(C(=O)[O-])C2)ccn1
5272,5272,COc1cc(NC(=O)Cc2coc3cc(C)c(C(C)C)cc23)cc(OC)c1OC
5273,5273,O=C(Cc1cnc(Nc2ccc(Cl)cc2)s1)Nc1cccc(C(F)(F)F)c1
5274,5274,O=C(NCCc1cn2ccccc2[nH+]1)c1ccc(c2nccs2)s1
5275,5275,O=C(Nc1ccc(c2ccc(OCC3COc4ccccc4O3)nn2)cc1F)c1cccnc1
5276,5276,CC(CCCl)NC(=O)c1c(F)cccc1F
5277,5277,O=C(CN1C(=O)NC(=Cc2ccc(OCc3cccc(F)c3)cc2)C1=O)Nc1ccc(F)c(Cl)c1
5278,5278,COc1ccc(CNC(=O)COC(=O)CCC(=O)Nc2ccccc2C(F)(F)F)cc1
5279,5279,Cc1ccc(N2C(=O)C(=Cc3cccn3c3cccc([N+](=O)[O-])c3)C(=O)NC2=S)c(C)c1
5280,5280,C[Si]1(C)CCC(N2C=C([NH3+])C(C3CC3)C2O)C1
5281,5281,CC(C)C(O)CNC(=O)c1csc(I)c1
5282,5282,Nc1cc[nH+]c(OC(F)(F)F)c1C(F)F
5283,5283,Nc1cc(N2CCCC2C2CCCC2)nc(C2CC2)n1
5284,5284,O=C1NC(=O)N(Cc2ccccc2)C(=O)C1=Cc1cc([N+](=O)[O-])ccc1N1CCCC1
5285,5285,COc1ccccc1SCC1(O)CC1
5286,5286,CC(C)NC(=O)CC[NH2+]CC(=O)Nc1ccccc1F
5287,5287,CCn1cc(S(=O)(=O)NCCn2ccnn2)cn1
5288,5288,CCCCn1c(SCC(=O)N2CC[NH+](C)CC2)n[nH]c1=O
5289,5289,CC1CC1c1noc(c2ccc([N+](=O)[O-])c(N)c2)n1
5290,5290,CC(C)[NH+]1CCOC(CNC(=O)N2CCC(OCCO)CC2)C1
5291,5291,COc1ccc(CN2C(=O)C3CN4CCC3(COC(=O)N4)C2CO)cc1
5292,5292,Cc1occc1C(=O)OCC(=O)NC(=O)Nc1ccc2c(c1)CCC2
5293,5293,CC(C)(CC#N)C[NH2+]CCOC(N)=O
5294,5294,C=CCN(C(=O)CC1CCC1)C(C)C
5295,5295,CCOCCn1cc(C([NH2+]C)C2CCCC2(C)C)cn1
5296,5296,CC[N+](CC)(CC)CC(CC(=O)CC)S(=O)(=O)[O-]
5297,5297,C=CCN(CC(F)(F)F)S(=O)(=O)c1cc(N)cc(F)c1
5298,5298,CC1CCCC(C)N1N=Nc1ccccc1
5299,5299,CCC(C)NC(C#N)c1ccccc1
5300,5300,O=C(Cc1cn(c2ccc(Cl)cc2)c2ccccc12)NCCc1ccc(Cl)cc1Cl
5301,5301,Cc1nc(NC(=O)C(C)(C)[NH3+])sc1SCC(N)=O
5302,5302,O=C(Nc1nncs1)c1ccc2c(=O)n(c3ccccc3)c(=O)[nH]c2c1
5303,5303,C[NH2+]CCC1CCN(c2ccc(=O)n(C)n2)CC1
5304,5304,CC1(C(=O)[O-])CC2CCC(C1)[NH2+]2
5305,5305,CC(C)c1cc(C(=O)N2CCc3ccccc3C2c2ccccc2)cc(Cl)n1
5306,5306,Cc1occc1CN(C)C(=O)c1coc(C[NH3+])c1
5307,5307,COc1cc2c(cc1F)Oc1cc(OCCCCC(=O)[O-])ccc1C21OC(=O)c2ccccc21
5308,5308,CCOC(=O)C(C)NC(=O)COC(=O)c1cc2c(s1)CCC(C)C2
5309,5309,Cc1cc(C)c(NC(=O)CN(C)C(=O)CSc2nc3ccccc3s2)c(C)c1
5310,5310,CCOC(=O)CNc1ccc(C[NH+](C)C)cc1
5311,5311,Cc1nc(NC(=O)N2CC3COCC2C[NH+]3C)nn1C
5312,5312,COc1ccc(CCC(=O)N2CCCC(OCc3cccnc3)C2)cc1OC
5313,5313,CSc1[nH+]cc(C(=O)N(C)Cc2ccccc2)n1c1ccccc1
5314,5314,Cc1nc(NN)c(C)c(N(CCC#N)C(C)C)n1
5315,5315,CC1CC(C)CN(C(=O)CCc2ccc(N)cc2)C1
5316,5316,Cc1cc(F)ccc1S(=O)(=O)N1Cc2ccccc2CC1C(=O)N1CCNC(=O)C1
5317,5317,COc1ccc(NC(=O)c2cc(C(F)(F)F)ccc2Cl)c(Cl)c1
5318,5318,Cc1cc(C)cc(P(c2cc(C)cc(C)c2)(c2cc(C)cc(C)c2)C2CCCCC2)c1
5319,5319,CCn1c(CCC(=O)N2CCC(NC(=O)C3CC3)CC2)nc2ccccc21
5320,5320,Cc1c(c2ccc3c(c2)CC(=O)N3)c2c(n1Cc1ccccc1Cl)SCC(=O)N2CC(=O)NC(C)(C)C
5321,5321,O=C(NCc1nnc2n1CCC2)c1ccc(Cn2cc(Br)c([N+](=O)[O-])n2)cc1
5322,5322,CC1CCC(C)N(c2ccc(C(N)=S)cc2C(F)(F)F)C1
5323,5323,COc1ccc(NC(=O)N2CCCCC2CCO)cc1C
5324,5324,C[NH2+]C(c1ccc(OC)c([N+](=O)[O-])c1)c1c(F)cccc1F
5325,5325,COCC[NH2+]C(c1ccsc1)c1cccc(OC)c1F
5326,5326,CCC1CCC(N(C)c2cc(C(N)=S)c3ccccc3n2)C1
5327,5327,CC(C)COC(=O)N1CCCC1C(=O)NCC(O)COc1cccc(C(F)(F)F)c1
5328,5328,CCCCCCC1(OCCO)OC=CC(C)O1
5329,5329,CCOc1cc(C(=O)N(C)Cc2ccoc2)cc(OCC)c1OCC
5330,5330,O=C(Cc1coc2cc(O)ccc12)NC1CC[NH+](Cc2ccccc2)CC1
5331,5331,COc1ccc(Nc2nc(N)nc(Nc3ccc(C(=O)c4cc(C(C)(C)C)c(O)c(C(C)(C)C)c4)cc3)n2)cc1OC
5332,5332,Cc1cc(C)cc(N(C)CC([NH3+])c2cc(C)c(C)cc2C)c1
5333,5333,COC(=O)c1ccc(NC(=O)C(C#N)=Cc2c(C)cc(C)[nH]c2=O)cc1
5334,5334,COc1ccc(OCc2nnc(SCC(=O)N3CCc4ccccc4C3)n2N)cc1
5335,5335,COc1ccc(C(=O)CSc2cccc(NC(=O)C(=Cc3cccs3)NC(=O)c3ccccc3)c2)c(OC)c1
5336,5336,COc1ccc(c2cc(c3ccc(OC)nc3)n(C(=O)c3ccc(OC)c(OC)c3)n2)cc1
5337,5337,CSc1c(N)nsc1N1CCCNC(=O)C1
5338,5338,CCCCN1C2=C(C(=O)CC(C)(C)C2)C(c2cc(Cl)c(OCc3c(F)cccc3Cl)c(OCC)c2)C2=C1CC(C)(C)CC2=O
5339,5339,CCc1ccc(C(NC(=O)Cc2ccc(OC)cc2)C(C)C)cc1
5340,5340,CCc1cccc(C)c1NC(=O)Nc1cncnc1
5341,5341,CCCCN(CCCC)C(=O)c1cc(C)n(c2ccccc2OCC)n1
5342,5342,COC(=O)c1ccc(C(=O)[O-])cc1N1CCC(C)CC1
5343,5343,Cn1nccc1S(=O)(=O)NCc1ccccc1C[NH+]1CCCCC1
5344,5344,COc1ccccc1C(=O)Nc1cccc(NC(=O)CNC(=O)C2CC[NH+](CC(=O)Nc3ccc(Cl)c(C(N)=O)c3)CC2)c1
5345,5345,CC(=O)c1ccc2c(c1)c1c(n2CC2CCC2)CC[NH+](C)C1
5346,5346,Cc1cc(n2ncc3cnc(Nc4ccc(N5CC[NH+](C)CC5)cc4)nc32)ccn1
5347,5347,CC(C)CC1NC(=O)C(C)N(C2CC2C)C1=O
5348,5348,CCC(C)[NH2+]C(CC(=O)[O-])c1ccoc1
5349,5349,CCC1(C)C[NH2+]C(C2CC2)CN1CCCCSC
5350,5350,O=C(NCc1cccnc1)c1cnc(NC2CC2c2ccccc2)cn1
5351,5351,CC1CC1c1nc(c2cc(Br)c(Cl)s2)no1
5352,5352,COc1cc(NC2CC[NH+]3CCC23)ccc1C#N
5353,5353,CC(C)CNC(=O)CNC(NC1CC(C)[NH+](C2CC2)C1)=[NH+]Cc1ccccc1
5354,5354,COc1ccc(NC(=O)c2cncc(NCCC(C)C)c2)cc1
5355,5355,Cn1nc(C[NH+]2CC(F)CC2Cn2cc(C(=O)Nc3ccc(F)cc3)nn2)c(=O)c2ccccc21
5356,5356,CCc1ccc(C2NC(=S)NC3=C2C(=O)CC(c2ccc(OC)c(Br)c2)C3)cc1
5357,5357,C[NH2+]CCC1CC[NH+](CC(=O)Nc2ccc(Br)cc2)CC1
5358,5358,O=C([O-])c1ccc(CN(c2cccc(c3cccnc3)n2)S(=O)[O-])cc1
5359,5359,COc1cc(OC)c2c(c1Cl)-c1nc(c3n[nH]c(=O)o3)n(C)c1CC2
5360,5360,O=C(COC(=O)c1ccccc1c1nc2ccccc2s1)Nc1cc(C(F)(F)F)ccc1F
5361,5361,O=C(COC(=O)CC1CCS(=O)(=O)C1)Nc1ccccc1F
5362,5362,CC(C)n1nccc1C1(O)CC[NH+](CC(=O)Nc2ccc3c(c2)CCC3)CC1
5363,5363,COc1cccc(C(=O)Nc2ccc(NC(=O)C3CC[NH+](CC(=O)Nc4cc(C(=O)NC5CCCCC5)ccc4C)CC3)cc2)c1
5364,5364,O=C1CC2(CCC2)C(=O)N1Cc1ccc(Br)cc1
5365,5365,COc1ccc(C(=O)N2CCc3c([nH]c(c4ccc(Br)cc4)nc3=O)C2)c(OC)c1
5366,5366,[NH3+]C1(C(=O)[O-])CCN(C(=O)c2ccccc2S(=O)(=O)C(F)F)C1
5367,5367,Cc1cc(C)c(C#N)c(SC2=C(N3CCc4ccccc43)C(=O)N(c3ccccc3F)C2=O)n1
5368,5368,N#Cc1ccc(C[NH+]2CCc3nc(C4CCCCC4)ncc3C2)nc1
5369,5369,Cc1cc(=O)oc2c3c(ccc12)OC[NH+](Cc1ccccn1)C3
5370,5370,Cc1c(Cl)cccc1OCC(C)NC(=O)c1ccccc1Br
5371,5371,CC(OC(=O)c1ccc(N)c(Cl)c1)C(=O)Nc1ccccc1Cl
5372,5372,Cc1ccc2c(c1)CCCN2CCl
5373,5373,CCOc1ccc(C(=O)NCC(=O)NC2CCOC2C)cc1
5374,5374,CC(=O)Nc1ccc(C(=O)COC(=O)CCNS(=O)(=O)c2cc([N+](=O)[O-])ccc2C)cc1
5375,5375,Cc1cc(C)c2onc(CC(=O)NCc3ccccc3)c2c1
5376,5376,CCCNC(=O)C(C)N(Cc1cccc(C)c1)C(=O)CCCN(c1ccc2c(c1)OCCO2)S(C)(=O)=O
5377,5377,CCOC(=O)C(Cc1ccc(c2cccc([N+](=O)[O-])c2)c(N)c1)NC(=O)N1CCN(c2ccc(N3C(=O)c4cccc5cccc(c45)C3=O)cc2)CC1
5378,5378,CC(C)[NH+]1CCN(C(=O)N2CC[NH+](CC(=O)c3cc(C)n(C)c3C)CC2)CC1
5379,5379,COCCOCCOc1ccc(C=Cc2nc(c3ccc(N=Nc4c(S(=O)(=O)[O-])cc(S(=O)(=O)[O-])cc4N)cc3OC)oc2O)cc1C
5380,5380,O=C(CN1C(=O)SC(=Cc2ccc(OCC(=O)OC3CCCCC3)cc2)C1=O)Nc1cccc(C(F)(F)F)c1
5381,5381,COc1ccc(Cl)cc1c1nnc(C=O)o1
5382,5382,CC(C)(C)C(=O)CN1CCCC1=O
5383,5383,Cc1ccc(C2[NH2+]C(C(C)C)(C(=O)[O-])C3C(=O)N(c4ccc(Br)cc4)C(=O)C23)cc1
5384,5384,Cn1ccnc1SCC(=O)C(C#N)=CNc1ccc(F)c(F)c1
5385,5385,Cc1cc(S(N)(=O)=O)cc(NS(=O)(=O)c2cnc[nH]2)c1C
5386,5386,CCOc1cc(Br)c2c(c1OCC)C(=O)CC2
5387,5387,O=C(C[NH+]1CCN(C(=S)Nc2cccc(Br)c2)CC1)Nc1ccccc1
5388,5388,CC(C)(C[NH2+]C1CSCc2ccc([N+](=O)[O-])cc21)N1CCCCC1
5389,5389,O=C1C[NH2+]C(c2ccc(Cl)c(Cl)c2)N1C1CCSC1
5390,5390,N#Cc1c(N)nc(N)nc1c1cccc(F)c1
5391,5391,O=C1OCCN1CCCNc1nccc(Nc2c(F)cccc2F)n1
5392,5392,COc1ccccc1n1c(=O)c2ccccc2n(CC(=O)N2CCN(C(=O)c3ccc(C)cc3)CC2)c1=O
5393,5393,CSc1ccc(C(C)Nc2ccc(O)cc2)cc1
5394,5394,CC(C)(C(=O)N1CC2C[NH2+]CC2C1)n1ccnn1
5395,5395,CCOc1ccc(C=NNC(=O)COc2ccc(C3SCCS3)cc2)cc1[N+](=O)[O-]
5396,5396,N#CC1=C(N)C(C#N)(C#N)C(c2cccc(Cl)c2)c2c(ncn2c2ccccc2)C1(C#N)C#N
5397,5397,Cc1cc(I)ccc1NC(=O)N1CCN(C(=O)c2cc([N+](=O)[O-])ccc2Cl)CC1
5398,5398,CCCCN(C(=O)CN1C(=O)N(c2ccc(S(=O)(=O)C(F)(F)F)cc2)C(C)(c2ccccc2OC)C1=O)c1ccccc1
5399,5399,CC(C)CNC(=O)CC[NH2+]Cc1ccc(F)c(Cl)c1
5400,5400,CCCCOCCOCCNC(NCCCc1nnc2n1CCCC2)=[NH+]C
5401,5401,C[NH2+]C(c1cnn(c2ccccc2)n1)C1SCCSC1C
5402,5402,CCOC(=O)c1ccsc1NS(=O)(=O)c1cn(CC)c(C)[nH+]1
5403,5403,CC1CCN(C(=O)c2cnc(NCCc3ccccc3F)nc2)CC1
5404,5404,CC(=O)OC1CCC2(C)C(CCC3C2CCC2(C)C(C(C)CCCC(=O)[O-])CCC32)C1
5405,5405,CC1CC(C[NH3+])(C(=O)N(C)C(C)c2ccccn2)CC(C)(C)C1
5406,5406,CCOc1cccc(C2=C(O)C(=O)N(c3ccccc3C(=O)OC)C2c2ccc(OCC(C)C)c(OC)c2)c1
5407,5407,CC(=Cc1ccc(Cl)nc1)C[NH2+]C1CC1
5408,5408,COc1ccc(Br)c(CC(=O)C2CCCCCC2C)c1
5409,5409,COc1cc(NC(=O)C(NC(=O)c2ccccc2Cl)C(C)C)cc(OC)c1
5410,5410,COc1nn(c2ccc(Cl)cc2)c(OC(C)=O)c1C1CC(c2ccc3c(c2)OCO3)=NN1c1ccccc1
5411,5411,CCCCn1c(C2CC(=O)N(c3cccc4ccccc34)C2)nc2ccccc2c1=O
5412,5412,O=C(Cc1cccc(O)c1)N1CC[NH+](Cc2cccc(Cl)c2)CC1
5413,5413,Cc1ccc(N2CCC([NH+](C)Cc3nc(=O)c4sccc4[nH]3)CC2)cc1C
5414,5414,COc1ccc2c(c1C(C)C)C(=O)c1ccccc1C2=O
5415,5415,C=CCOC(=O)c1ccccc1SC(C)O
5416,5416,CCn1nc(C)c(NC(=S)Nc2ccc(C)c(C)c2)c1C
5417,5417,COc1nn(C)cc1C(=O)N1CCOC2(CCCOC2)C1
5418,5418,CCCCN(CCCC)C(=O)NCC(=O)Nc1ccccc1
5419,5419,Nc1ccc(OCCCS(=O)(=O)c2ccccc2F)cc1
5420,5420,CC1(C(=O)NCC2C[NH2+]CCO2)CC1
5421,5421,CCCS(=O)(=O)N1CCCC(C(=O)NCC(C)[NH+]2CCc3ccccc3C2)C1
5422,5422,CC(C)[NH+](Cc1ccccn1)CC1CCC[NH2+]C1
5423,5423,CCOC(=O)C1=C(C)N(Cc2ccc(C(=O)NN=Cc3cccc(OC)c3OC)cc2)C1c1ccccc1
5424,5424,COc1cccc2c1OCC(NC(=O)N1CC(C)CC(C(=O)[O-])C1)C2
5425,5425,CC(C)(C#N)CCCNC(=O)COc1ccc(C(=O)c2ccccc2)cc1
5426,5426,O=C(CCc1nnc(c2ccccc2)o1)N1CCc2ccccc21
5427,5427,Cc1nc(COc2ccc(C(=O)Nc3ccc(Sc4nccn4C)cc3)cc2)cs1
5428,5428,CNC(c1ccc(S(C)(=O)=O)cc1)C(F)F
5429,5429,COc1cc(NC(=O)C[NH+](C)Cc2ccc(Br)cc2)cc(OC)c1OC
5430,5430,COc1ccc(C(=O)CC2(O)C(=O)N(Cc3cccc(c4ccccc4)c3)c3ccccc32)cc1
5431,5431,Cc1cc(N)cnc1N1CCSC(C)(C)C1
5432,5432,CCOc1cccc(N2CC[NH2+]C(C)(C)CC2)n1
5433,5433,O=C(Nc1ccc(F)cc1)C1CCN(c2ccc3nnc(c4ccccc4Cl)n3n2)CC1
5434,5434,CC1CN(C(=O)CNC(=O)NC2CC2)CC1C(=O)[O-]
5435,5435,CCCCN(C)C(C[NH3+])c1ccc(C(F)(F)F)cc1
5436,5436,Cc1[nH]c2ccccc2c1C1CC(c2cccc(F)c2)NN1
5437,5437,O=C([O-])c1cc(N2CCC(F)C2)ncc1[N+](=O)[O-]
5438,5438,O=C(CN1C(=O)CC2(CCCCC2)C1=O)Nc1ccc2[nH]c(=O)[nH]c2c1
5439,5439,Cc1cc(C2CCCN(C(=O)c3c[nH]c(=O)[nH]c3=O)C2)n[nH]1
5440,5440,CC(C)n1cc(NC(=O)c2nn(c3ccccc3)c3c2CCCC3)cn1
5441,5441,CC(Sc1ccc(S(=O)(=O)N2CCCC2)cc1)C(=O)N1c2ccccc2CC1C
5442,5442,CC(C)NC(=O)CNc1cn[nH]c1
5443,5443,CCCCCCC(C)OC(=O)c1ccnc(NN)c1
5444,5444,COc1cc2c(Nc3cccc(Cl)c3F)ncnc2cc1OC(C)C(=O)N1CC[NH+](Cc2ccccc2)CC1
5445,5445,Cc1ccc(CNc2ccc(N)c(Br)c2)cc1F
5446,5446,CCOC(=O)c1sc(NC(=S)Nc2c(C)nn(Cc3ccccc3F)c2Cl)nc1C
5447,5447,CC(C)C(=O)Nc1cccc(NC(=O)CCNC(=O)C2CC[NH+](CC(=O)Nc3ccc(Cl)c(C(=O)N4CCOCC4)c3)CC2)c1
5448,5448,CCCCCCC([NH2+]C)c1ccnc2ccccc12
5449,5449,[NH3+]Cc1noc(CC2CCCCC2)n1
5450,5450,NC(=S)c1cccc(NC(=O)c2ccc3c(c2)OCCCO3)c1
5451,5451,CCn1nccc1c1nc(C2CC2)n(C(=S)SCc2cccc(OC)c2)c1C
5452,5452,COc1ccccc1N1CC(C(=O)NCc2csc(CC(=O)N3CCCc4ccccc43)n2)CC1=O
5453,5453,CC(C)Cc1noc(c2cnc(NN)cn2)n1
5454,5454,CCC1CCCC([NH2+]C(C)c2cccc(NC(C)=O)c2)C1
5455,5455,O=C(NN=Cc1ccc(Cl)cc1)C(O)(c1ccccc1)c1ccccc1
5456,5456,Cn1cnnc1C[NH+]1CCC2(CCCCC2)CC1
5457,5457,COc1ccc(CNc2nnc(CC#N)n2C)cc1
5458,5458,[NH3+]C1(C(=O)N2CCC3(CCCN(Cc4ccc(C(F)(F)F)cc4)C3=O)CC2)CC1
5459,5459,Cn1c(CC(=O)[O-])cc(=O)n2c1c[nH+]c2c1ccc(c2ccc(O)c(F)c2)s1
5460,5460,CC(c1nnc(SCC(=O)[O-])n1C1CCCCC1C)S(C)(=O)=O
5461,5461,CCCS(=O)(=O)N1CCCCC1c1nc(=O)[nH][nH]1
5462,5462,O=C([O-])C1CCN(C(=O)c2ccc(N)cc2O)C1
5463,5463,CC(=O)C1=C(C)NC(=S)NC1c1ccc(c2cc(C(F)(F)F)ccc2Cl)o1
5464,5464,O=C([O-])c1c(OCc2ccccc2)cc(C(=O)OCc2ccccc2)c(=O)n1CC(=O)N1CCOCC1
5465,5465,N#CC1CCCN1C(=O)C1CCC(Cn2c(CN3CCCC3=O)nc3ccccc32)CC1
5466,5466,O=C1C(=Cc2cn(Cc3ccccc3)c3ccccc23)NC(=S)N1c1ccccc1
5467,5467,O=C1CCN(C(=O)C2(c3ccc(Cl)cc3)CC2)CC1
5468,5468,O=C([O-])c1c(CCl)cc(I)c([O-])c1Br
5469,5469,CNc1ncc(C(=O)NCc2cccc(Cl)c2)cc1Cl
5470,5470,COc1ccc(C)cc1N1CC(C(=O)NC(C)CCC(=O)[O-])CC1=O
5471,5471,COc1nccc(NC(=O)N2CCC(NS(=O)(=O)c3cccs3)CC2)n1
5472,5472,NC(=[NH+]O)c1ccc(C(=O)NCCOCC(F)(F)F)cc1
5473,5473,CCOc1ccc(NC(=O)c2cn3cc(C)cc(C)c3[nH+]2)cc1Cl
5474,5474,O=C(NCc1ccccn1)NC1CCS(=O)(=O)C1
5475,5475,Cc1ccc2c(c1)C(C)(C)C1CC3(C)OC2(CC3)C2CCC(=O)N12
5476,5476,CC(C)(C)CC(C)(C)C(=O)Nc1ccc(N)cc1Br
5477,5477,Cc1nc(CNC(=O)NCC2C(C)(C)C2(C)C)cs1
5478,5478,Cc1c(Br)cc(C(=O)NC(C)C(=O)N2CCOCC2)cc1[N+](=O)[O-]
5479,5479,O=C(Nc1ccc(S(=O)(=O)Nc2ccccc2Cl)cc1)c1cccc(NC(=O)C2CC2)c1
5480,5480,Cn1cnnc1COc1ccc(C(=O)Nc2ccc(OCC[NH+](C)C)cc2)cc1
5481,5481,COc1ccc(c2nc(SCc3cc(=O)n4cccc(C)c4n3)n[nH]2)cc1
5482,5482,C[NH2+]C(Cc1ccc(F)c(Br)c1)c1ccccc1C(C)(C)C
5483,5483,O=C(NCC[NH+]1CCOCC1)c1ccc(C=C2SC(=[NH+]c3c(Cl)cc(Cl)cc3Cl)N(Cc3cccc(Cl)c3)C2=O)cc1
5484,5484,CCCc1ncc(C[NH+]2CCC(c3nc(c4ccc(OC)cc4)no3)CC2)cn1
5485,5485,CCOC(CC)c1nc(Cl)c(Br)c(C(C)(C)C)n1
5486,5486,CCCc1nc(CCCOC)nc(Cl)c1I
5487,5487,Cc1cc(C(=O)N2CCCC(C(N)=O)C2)cnn1
5488,5488,COc1ccc2c(c1)C(=O)C(=O)N2C(=O)C(C)C
5489,5489,Cc1ccc(c2csc(NC(=O)c3ccc(C(=O)c4ccccc4)cc3)n2)c(C)c1
5490,5490,O=C(NCCCO)c1sc2ncccc2c1C1CC1
5491,5491,Cc1ccc(O)c(c2cnc3c(c2N[O-])C(=O)c2ccccc2C3=O)c1
5492,5492,COc1ccc(CN2C(=O)CSC2c2cn(c3ccc(C(F)(F)F)cc3)nc2c2ccccc2)cc1
5493,5493,COCCN(Cc1cccs1)C(=O)Nc1ccccc1
5494,5494,COc1ccc(C[NH+](Cc2ccccn2)Cc2cccc(C3C[NH+](Cc4ccccc4)CC3c3cccc(C(F)(F)F)c3)c2)cc1
5495,5495,Nc1cccc(C[NH2+]CCC2COCC[NH2+]2)c1
5496,5496,C=CCSCCNC(=O)c1cccc(c2nc(C3CC3)no2)c1
5497,5497,O=C(Nc1ccc(c2noc(C(F)(F)F)n2)cc1F)c1ccc(Cl)s1
5498,5498,COc1ccc(NC(=O)c2cnn3c2C(=O)N(c2cccc(c4ccccc4)c2)CC3)cc1
5499,5499,COc1ccccc1N1CC(CNC(=O)c2ccn(C)c(=O)c2)CC1=O
5500,5500,Cc1cc(=O)n(c2ccncn2)c(C)c1C(=O)[O-]
5501,5501,CC(C)(COCCCCCCC1CCC2OC2C1)COCCCCCCC1CCC2OC3=C(CCC=C3)OC2C1
5502,5502,CCCCCNC(=O)C1CCN(C(=O)COc2ccc(Br)cc2F)CC1
5503,5503,CCCCn1c(=S)[nH]c2cc(C(=O)N(Cc3ccccc3F)C3CC3)ccc2c1=O
5504,5504,Cc1cc(S(=O)(=O)NCC(O)C(C)(C)C)ccc1N1CCN(c2ccc(Cl)cn2)CC1
5505,5505,CC(=O)C1CCC(n2cc(C(C)C)cn2)CC1
5506,5506,Cc1cc(C)nc(SCC(=O)c2cnn(c3ccccc3Cl)c2C2CC2)c1
5507,5507,Fc1ccc(c2ccc(C3([NH2+]C4CCOCC4)CC3)cc2)c(Cl)c1
5508,5508,Cc1nccn1c1ccc(N2CCCC2)c(C(=O)Nc2ccccc2Sc2ccccc2)c1
5509,5509,C=C(C)COC1(SC)CCOC(C)(C)C1O
5510,5510,COC(=O)c1ccc(C(=O)OC)c(OC(=O)Cc2ccccc2)c1
5511,5511,CCOC(=O)c1c(NC(=O)C=Cc2cn(CC(C)C)nc2c2cccnc2)scc1c1ccc(C)cc1
5512,5512,O=C(c1ccc(Cl)cc1)N1CCN(c2ccc(Nc3cc(Cl)ccc3Cl)nn2)CC1
5513,5513,CC(=O)OC1CC2=CC(CC(C)C3C(O[Si](C)(C)C(C)(C)C)CC(O)C2(C)C3OC(=O)c2ccccc2)O1
5514,5514,O=C(C[NH+]1CCCCCC1c1nc2ccccc2[nH]1)NCC1CCCO1
5515,5515,CCCCCC(=O)NS(=O)(=O)c1ccccc1
5516,5516,O=C(CNC(=O)C1CCN(S(=O)(=O)c2cccc(F)c2)CC1)NC1CCCCC1
5517,5517,COc1ccc(OC)c2c1NC(C)CC2
5518,5518,Cn1cc(C(=O)c2cccc(N)c2)cc1C(=O)C(F)(F)F
5519,5519,CCC(C)SCc1noc(c2c(Cl)nsc2NC)n1
5520,5520,CC(C)=CCCC(C)[NH2+]C(C)C(=O)NCc1ccc(F)cc1
5521,5521,C[NH2+]CCCCc1ccc2nc(Cc3ccccc3)[nH]c2c1
5522,5522,CC(F)(C(F)F)C(F)(F)C(F)(F)F
5523,5523,COC1=CC2C(C(C=O)=C(C(=O)OC)C1=O)C(C)CC(C(C)=O)[NH+]2C
5524,5524,CC(C)CNC(Nc1ccc2c(c1)CCC2)=[NH+]Cc1nnc(C)n1C
5525,5525,CCCCNc1ccccc1N1CCNC(=O)C1c1ccccc1
5526,5526,COc1ccc(CNC(=O)COc2ccc(N(C)S(=O)(=O)c3ccc(C)cc3)cc2)cc1
5527,5527,COC(=O)c1sccc1NC(=O)COC(=O)c1cc([N+](=O)[O-])cc([N+](=O)[O-])c1
5528,5528,CCOc1ccc(C(=O)CCC(=O)N2CCN(C(=O)c3cccc(F)c3)CC2)cc1
5529,5529,Cc1cc(C)c(S(=O)(=O)NC2COCC2OCC2CCCc3ccccc32)c(C)c1
5530,5530,COc1ccc(C(=O)NC2CCN(C(=O)COc3cccc(C(F)(F)F)c3)CC2)cc1[N+](=O)[O-]
5531,5531,C=CCn1c(=S)[nH]c2cc(C(=O)Nc3ccc(OCC)cc3)ccc2c1=O
5532,5532,O=Nc1ccc(c2ccccc2)cc1
5533,5533,Cc1ccc(Oc2ccsc2C2CCC[NH2+]2)cc1
5534,5534,COc1ccc(NC(=O)Cn2nnc(c3ccccc3OC)n2)c(OC)c1
5535,5535,CSCCC(NC(=O)CNC(=O)CNC(=O)CSc1ccccc1)C(=O)[O-]
5536,5536,Cc1cc(C)c(C(=O)Nc2nc(c3ccc(F)cc3)ns2)c(C)c1
5537,5537,O=C(COC(=O)CCC(=O)c1ccc(F)cc1)Nc1ccc(Oc2ccccc2)cc1
5538,5538,O=C1C=C(S(=O)(=O)c2ccccc2)CC2=C1C1C=CCC1C2
5539,5539,Cc1ccc(C=Nc2ccccc2C(=O)NN=Cc2ccc(c3ccccc3)o2)o1
5540,5540,COC(=O)c1cc(S(=O)(=O)NC2CCC(C)CC2)ccc1[N+](=O)[O-]
5541,5541,Cc1nn(c2ccccc2)cc1S(=O)(=O)Nc1ccccc1SC
5542,5542,CCCCCCC1(C[NH2+]C(C)(C)C)CCOC1C
5543,5543,CC1CCC2(CC1)NC(=O)N(NC(=O)CN1CC[NH+](CC(=O)N3CCOCC3)CC1)C2=O
5544,5544,CCC1CN(c2nnc(C[NH2+]C)o2)CC[NH+]1C
5545,5545,O=C(Nc1ccccc1N1CCCC1)C1CSCC[NH2+]1
5546,5546,O=C(Nc1nc(c2ccccc2Cl)cs1)C1COc2ccccc2O1
5547,5547,O=C1C(=Cc2cn(Cc3ccccc3)nc2c2ccccc2)SC(=S)N1Cc1cccnc1
5548,5548,O=C1COC2CCN(C(=O)c3csnn3)CC2N1
5549,5549,O=C([O-])C1CCC(C(=O)N(Cc2ccc(F)cc2)C2CC2)CC1
5550,5550,CC[NH2+]Cc1ccnc(Oc2cc(Cl)ccc2F)c1
5551,5551,COc1ccc(OC)c(C2=C(O)C(=O)N(c3ccc(F)c(Cl)c3)C2c2cccc(C)c2)c1
5552,5552,Cc1cc(C)c(Oc2ccc([N+](=O)[O-])c(N)n2)c(C)c1
5553,5553,COc1ccc(Cl)cc1NC(=O)c1ccc(Nc2cc(C)nc3c(F)cccc23)nc1
5554,5554,O=C(CCc1ccc2c(c1)OCO2)Nc1ccc(c2nc3ccccc3[nH]2)cc1
5555,5555,O=C(CCC1CCC[NH2+]C1)NCCc1cc(Br)ccc1F
5556,5556,NC(=[NH2+])c1cc2[nH]ccc2c(c2cncc(CNC(=O)c3nc(C4CC4)n(c4ccc(Cl)cc4)n3)c2)c1
5557,5557,O=C(Nc1cccc(C(F)(F)F)c1)C1=NC2C3CC4CC(C3)CC2C(C4)C1
5558,5558,CC1CCCC(NC(=O)Nc2nc3c(s2)CCCC3C(=O)[O-])C1C
5559,5559,O=C(Nc1nc(c2ccc(Cl)cc2)cs1)c1cccc(S(=O)(=O)N2CCCc3ccccc32)c1
5560,5560,CCCCC(N=C1NS(=O)(=O)c2ccccc21)C(=O)N1CC[NH+](CCCOc2ccccc2)CC1
5561,5561,CCCC[NH+]1CCOC(CC[NH3+])C1
5562,5562,O=C1CC(c2nc(c3ccc(O)cc3)no2)CN1c1cccc(F)c1
5563,5563,Cc1nc(N2CCCCC2)c2c(C)c(C(=O)Nc3nc(C)c(C)s3)sc2n1
5564,5564,COCCOc1cccc(NS(=O)(=O)c2ccc(Br)cc2)c1
5565,5565,CCOc1ccc(C(C)NC(=O)N2CCCC2c2noc(C)n2)cc1OCC
5566,5566,C[NH2+]C(C)c1ccn(c2ccc(OC)cc2)c1
5567,5567,CCOC(=O)c1cccc(N)c1Oc1ccc(C(F)(F)F)cc1C
5568,5568,CCC(C)NC(=O)c1cc(NC(=O)C[NH+]2CCC(C(=O)N3CCCC3C(=O)Nc3ccc(C(=O)N4CCOCC4)c(Cl)c3)CC2)ccc1Cl
5569,5569,CCc1cc2ccccc2c(c2ccc3cccnc3c2)c1
5570,5570,CCn1ncc(c2ccnc(NCc3ccc(F)cc3)n2)c1C1CC1
5571,5571,C=CC(C)=CC=CCCC=CCCC
5572,5572,O=C(NCc1ccc2c(c1)OCO2)c1nn(c2ccccc2)c2c1CCC2
5573,5573,O=C(Nc1ccccc1C[NH+]1CCCCC1)c1ccc(S(=O)(=O)NCCc2cccs2)cc1
5574,5574,CCOC(=O)c1c(C)c(CN2Cc3ccccc3C2=O)c(C)n1C
5575,5575,CCn1c(C[NH+]2CCCC2)nnc1C1CCN(S(=O)(=O)Cc2cccc(C)c2)CC1
5576,5576,COCC1(C(=O)NC(C[NH3+])C2CC2)CCC1
5577,5577,CC(=O)NC1CCN(C(=O)c2cccc(N3CCNC3=O)c2)C1
5578,5578,Cc1cc(F)cc(CC(C)(C)[NH2+]CC(O)c2cccc(O)c2)c1
5579,5579,CC(C)CNC(=O)c1ccccc1OCC[NH+]1CCCC1
5580,5580,CCOc1ccc(C2=C(O)C(=O)N(c3cccc(Cl)c3)C2c2ccc(OCc3ccc(C)cc3)c(OC)c2)cc1Cl
5581,5581,Cn1nc(c2ccc(Cl)c(F)c2)cc1N
5582,5582,O=C1[NH+]=C(Nc2ccccc2Br)SC1=Cc1ccc2c(c1)OCCO2
5583,5583,CC1CCC2(CC1)OC1CC3C4CCC(=O)C4(C)CCC3C1C2C
5584,5584,CC(OCC1CCCCO1)C(=O)Cl
5585,5585,COC(=O)C([NH2+]CCN=[N+]=[N-])C(O)c1ccc(OC)cc1
5586,5586,Cc1nc(C[NH2+]Cc2ccccc2CC[NH3+])no1
5587,5587,Cc1ccc(N2C(=O)C(=Cc3cn(Cc4ccccc4)c4ccccc34)C(=O)NC2=S)c(C)c1
5588,5588,Cc1ccc(NC(=O)N(Cc2ccccc2)C(C)Cc2ccccc2)cc1C
5589,5589,CC1CCCC(C)N1NCc1ccc(S(C)(=O)=O)cc1
5590,5590,COc1ccc(c2nnc(SCC(=O)Nc3ccc(F)cc3F)o2)cc1
5591,5591,Cn1cc(c2ccnc3[nH]ccc32)c2c(N)ncnc21
5592,5592,NC(=S)c1ccc(S(=O)(=O)NCCOCC2CC2)s1
5593,5593,COc1ccc(NCc2cc(C)c(C)cc2C)cn1
5594,5594,COC(=O)c1ccc(S(=O)(=O)N2CCOC(c3ccccc3)C2)cc1
5595,5595,Cc1cc(c2ccc(S(=O)(=O)N(C)Cc3cccnc3)s2)on1
5596,5596,CC(=O)OC1CC2C(C(=O)c3ccc([N+](=O)[O-])c(C(C)C)c3)C3CC(C)C23C(=O)OC1
5597,5597,CC(=O)c1cc([N+](=O)[O-])cc(C(C)(C)C)c1[O-]
5598,5598,CC(OC(=O)c1cccc(S(=O)(=O)N2CCCCCC2)c1)C(=O)Nc1c(F)cccc1F
5599,5599,C[NH2+]C(C)c1cccc(S(=O)(=O)C(C)C)c1
5600,5600,Cc1ccc2c(c1)N(C)C(=C1CCC(=Cc3cccc(Cl)c3)S1)S2
5601,5601,CCOC(=O)C1=C(COC(=O)c2ccc(C(=O)OC3CCCCC3)cc2)NC(=O)NC1c1ccc(OC)cc1
5602,5602,COC(=O)CCc1oc(c2ccccc2)c([N+](=O)[O-])c1C(=O)OC
5603,5603,CCCCc1c(C(C)C)cc(OC)cc1[N+](=O)[O-]
5604,5604,CC1CC(C)CN(S(=O)(=O)c2ccc(NC(=S)NCCC[NH+](C)C)cc2)C1
5605,5605,CCCc1nc2cc(C(=O)OC)ccc2n1C(CC)(CC)CNC
5606,5606,Nc1ccc2c(c1)C[NH2+]CCC2NC(=O)c1ccc(F)c(Br)c1
5607,5607,O=C=Nc1ccc2nn(c3cc(F)cc(F)c3)nc2c1
5608,5608,N#CC(c1ccccc1)N1C(=O)C2SC3(CC2Br)C1C(=O)N(CCCCCO)C3C(=O)NCC[NH+]1CCOCC1
5609,5609,O=C1NCCN1CC1CC[NH+](Cc2nc(c3ccccc3)n[nH]2)CC1
5610,5610,O=C(Nc1cnn(Cc2ccccc2F)c1)c1cccc(F)c1
5611,5611,O=CC1CC[NH+](C2CCCC2O)CC1
5612,5612,Cc1cc(C)nc(NC(=O)N2CC[NH+](C3CCSC3)CC2)n1
5613,5613,O=C(Oc1ccc([N+](=O)[O-])cc1)c1ccccn1
5614,5614,N#Cc1cccc(c2ccc(N(c3ccc(c4ccccc4)cc3)c3ccc4c5c(cccc53)-c3ccccc3-4)cc2)c1
5615,5615,COC(=O)C(Cc1ccc(O)cc1)NC(=O)C=Cc1ccc(OCc2ccccc2)c(OC)c1
5616,5616,[NH3+]CCNS(=O)(=O)c1ccc(Cl)c(CO)c1
5617,5617,CCC1(C(=O)[O-])CCN(C(=O)C2CCOc3ccccc32)C1
5618,5618,COCC(O)CC[NH2+]C1COCC1O
5619,5619,COC(=O)C(C)(N=[N+]=[N-])C(=O)c1cc(S(=O)(=O)[O-])c([N+](=O)[O-])cc1[N+](=O)[O-]
5620,5620,CCC1OCCC1C[NH2+]CCC(C)(C)C
5621,5621,CCCNC(=O)C(CC)N(Cc1c(Cl)cccc1Cl)C(=O)CN(c1cc(Cl)ccc1Cl)S(=O)(=O)c1ccc(C)cc1
5622,5622,CC1CCN(C(=O)c2ccc(c3nc4ccccc4o3)cc2)CC1
5623,5623,COc1ccc(NC(=O)NCC(c2cccs2)[NH+]2CCOCC2)c(OC)c1
5624,5624,O=C(Oc1c2n(cc(C(=O)NCC3COc4ccccc4O3)c1=O)CCCC2)c1cccs1
5625,5625,CC[NH2+]Cc1ccc(Br)cc1OCc1nc(CC)cs1
5626,5626,COCC(C)N1CC(C)C[NH2+]CC1C
5627,5627,CC1C[NH+](Cc2ccccc2)CC(c2ccc(Cl)cc2)N1C(=O)OC(C)(C)C
5628,5628,Nc1ccccc1C[NH2+]CC1CC=CCC1
5629,5629,COc1ccc(CCn2c(C#N)cc3cc(F)ccc32)cc1
5630,5630,CCCCC=CCCCCOc1ccc(C(=O)Oc2ccc(c3ccc(C4CCC(CCCCC)CC4)c(F)c3)cc2)nc1
5631,5631,O=C1CC(C(=O)NCCCn2c(=O)oc3ccccc32)c2ccccc2N1
5632,5632,COc1ccc(C)cc1NC(=O)C(C)n1cnc2sc(C(=O)OCC(C)C)c(C)c2c1=O
5633,5633,O=C([O-])C=CC(=O)NC1C(=O)N2C(C(=O)[O-])=C(CSCc3cccnc3)CSC12
5634,5634,CC(C)C(C)(C)C[NH2+]C1CCCC1CNC(=O)OC(C)(C)C
5635,5635,O=C(Nc1cnc(Cl)nc1)Nc1ccn(C2OC(CO)C(O)C2(F)F)c(=O)n1
5636,5636,CC1CCC(CO)(NC(=O)CNC(=O)c2ccoc2)CC1
5637,5637,COc1ccc(Nc2cncc(C(=O)Nc3ccccc3OC)c2)cc1Cl
5638,5638,COc1ccc(C(=O)C2CNc3ccccc3C2)cc1
5639,5639,CCOC(CC)C(=O)NC(C(=O)[O-])c1cccc(OC)c1
5640,5640,O=C1NCCc2[nH]c(c3ccnc(OC4CCOCC4)c3)cc21
5641,5641,C[NH2+]C(C)c1cccc(Oc2ccccc2CO)c1
5642,5642,N#Cc1cc(N)ccc1NCC1CCCCC1O
5643,5643,O=C([O-])C1CCN(S(=O)(=O)N2CCCC2)CC1
5644,5644,Cc1nc(C[NH+]2CCC3NNCC3C2Cc2ccccn2)cs1
5645,5645,Cc1cc(=O)oc2c(C)c(OCC(=O)NC(C)c3ccc(F)cc3)ccc12
5646,5646,CCOC(=O)C(O)c1cc(C)sc1C
5647,5647,CC(=O)C=Cc1ccccc1OCCC1CCCC[NH+]1C
5648,5648,O=C([O-])C1=C(F)Cn2c(c(c3ccccc3C(F)(F)F)c3ccc(c4ccccc4)cc32)O1
5649,5649,COc1ccc(Cl)cc1NC(=O)CC1NC(=O)N(CC(=O)NCc2ccc3c(c2)OCO3)C1=O
5650,5650,N#Cc1ccccc1S(=O)(=O)NCC1CCCCC1Cl
5651,5651,COc1nn(C)cc1C(=O)N1CC(S(=O)(=O)NCc2ccccc2)C1
5652,5652,C[Si](C)(C1=C[Si](CC[Si](C)(C)C)(c2ccccc2)C1)[Si](C)(C)C
5653,5653,COCC1(C(=O)Nc2ccc(OC(F)F)cc2)CC[NH2+]CC1
5654,5654,Cc1cc(C)c(NC(=O)COC(=O)C2CCN(S(=O)(=O)c3ccc(C)c(C)c3)CC2)c(C)c1
5655,5655,CCC(=O)N1CCC([NH2+]CC2CCCCC2C)CC1
5656,5656,O=C(Nc1cccc(S(=O)(=O)[O-])c1)Oc1cc(Cl)c2c(c1)OCO2
5657,5657,CC1C[NH2+]C2(CCCC2)CN1c1c(F)cc(F)cc1F
5658,5658,Cc1cc(C)cc(n2nnc(c3ccccc3)c2NC(=O)CN(CC[NH+]2CCOCC2)C(=O)c2cccs2)c1
5659,5659,CCOC(=O)c1cnc(SCC(=O)N2CCc3cc(S(N)(=O)=O)ccc32)nc1N
5660,5660,COC(=O)CCCCNC(=O)c1cccn1C1CC[NH2+]CC1
5661,5661,COc1ccc(CN(C)C(=O)CSc2nc3ccccc3[nH]2)cc1F
5662,5662,CC(C)(C)c1ccc2c(c1)C(=O)OC2=O
5663,5663,CNc1nccnc1C[NH3+]
5664,5664,Cc1nc(NCCCOC(C)C2CCC2)cc(C(=O)N2CCCCC2)n1
5665,5665,CC(C)(C)[NH2+]CC1CCCC1Cc1cccc(Cl)c1Cl
5666,5666,O=Cc1cc2c(nc1NCC1CC(O)C1)CCC2
5667,5667,COc1cc(OC)c(NC(=O)c2cc3ccccc3[nH]2)cc1Cl
5668,5668,[NH3+]C1CC2CCCC(C1)[NH+]2C1CCSc2ccccc21
5669,5669,COc1ccc(C(=O)NC(C)C)cc1NC(=O)C1CC[NH+](CC(=O)Nc2cccc(C(=O)N3CCC(C)CC3)c2C)CC1
5670,5670,N#Cc1cccc2c1NCCC2=O
5671,5671,Fc1cccc(COc2c(Br)cc(C3=CCOCC3)cc2Br)c1
5672,5672,O=C(C1CC[NH+](Cc2cc(=O)n3cc(Br)ccc3n2)CC1)N1CCCCC1
5673,5673,C=CC=C(C=CC)C(C=CCC)=C(C)C=CC
5674,5674,COc1ccc(S(=O)(=O)NC2CCN(C(=O)Nc3ccccc3)CC2)cc1C
5675,5675,O=C(Nc1nnc(C2CCCO2)o1)c1ccccc1C(=O)c1ccc(F)cc1
5676,5676,COc1ccc(CCNC(=O)CN2C(=O)SC(=Cc3ccccc3OCc3ccccc3F)C2=O)cc1OC
5677,5677,COc1c(N)ncnc1Sc1ncn[nH]1
5678,5678,[NH3+]CCN1CCOc2ccccc2C1=O
5679,5679,CC(=O)c1c(C)[nH]c(C(=O)OCC(=O)NC(C)c2cccc(C(F)(F)F)c2)c1C
5680,5680,COc1ccc2c(c1)C1(C)CCC(C2)C1(C)C
5681,5681,O=C(NCc1ccc(Br)s1)c1ccc(=O)n(CCOc2ccccc2)n1
5682,5682,O=C([O-])Cc1occc1Cc1ccccc1[N+](=O)[O-]
5683,5683,N#Cc1cc(Sc2ccccc2)c([S-])c(Cl)c1
5684,5684,CC(=O)c1cccc(N(CC(=O)N(Cc2ccc(Br)cc2)C(Cc2ccccc2)C(=O)NC(C)C)C(C)=O)c1
5685,5685,CCn1cc(c2[nH]ncc2C(=O)N2CCC3(CC3)C2)cn1
5686,5686,CCOC(=O)c1cc(=O)oc2cc(OCc3ccccc3)c(Cl)cc12
5687,5687,CC(C)(C)c1nc(CCNC(=O)CCCc2cccs2)no1
5688,5688,Cc1cc(C)n(CC(=O)Nc2nn(Cc3ccccc3F)cc2Br)n1
5689,5689,COC(=O)c1c(C(F)F)ncc(C(F)(F)F)c1C#N
5690,5690,CSc1ccc(C(=O)Nc2ccc(C(=O)OC3CCCCC3)cc2)cc1
5691,5691,Cc1ccc2c(c1)C(=O)N(CC(C)C)C(c1nc3ccccc3s1)C2
5692,5692,O=C(Cc1cccc2ccccc12)NN=CC1C(=O)NC(=S)N(c2ccccc2)C1=O
5693,5693,CCOc1ccc2nc(N3C(=O)C(=O)C(=C([O-])c4ccc5c(c4)OCCO5)C3c3cccc(OC)c3)sc2c1
5694,5694,CC(C)CC(C)N(C)S(=O)(=O)c1ccc(C[NH3+])s1
5695,5695,CCCCCN(CCCCC)C(=O)c1c(C(F)(F)F)nn(CC(C)C)c1c1ccc(Cl)cc1
5696,5696,CC(C)C(=O)Nc1cccc(S(=O)(=O)Nc2cccc(Cl)c2)c1
5697,5697,FC(F)(F)c1cc(C(F)(F)F)cc(Cl)n1
5698,5698,O=P([O-])([O-])OC1C(O)C(CO)OC(OCCSc2nc3ccccc3o2)C1O
5699,5699,O=C([O-])CC1CN(C(=O)C2CC2)CCO1
5700,5700,Cc1ccc2c(c1)c1ccccc1n2c1cc(c2ccccc2)nc(c2ccc(n3c4ccccc4c4c5ccccc5ccc43)cc2)n1
5701,5701,CC(C)c1ccccc1Nc1ncnc(NNc2ccc(Br)cc2[N+](=O)[O-])c1N
5702,5702,O=C(COC(=O)CCc1ccc(F)c(F)c1)NCC1CCCO1
5703,5703,CC(C)C=CC(O)CCC12CC3CC(CC(C3)C1)C2
5704,5704,Cc1c(NC(=O)C(C)[NH+]2CCC(C(=O)NC(C)C(=O)Nc3cc(Cl)ccc3C(=O)NC3CCCC3)CC2)cccc1C(=O)NCc1ccc(F)cc1
5705,5705,O=C(OC1CCCc2c(O)cc3c(c21)OCO3)c1ccccc1
5706,5706,Cc1[nH]c2ccccc2c1C(c1cc(Br)ccc1O)N1CCC[NH2+]CC1
5707,5707,COc1ccc(c2nc(NC(=O)c3cccc([N+](=O)[O-])c3)sc2C)cc1
5708,5708,Cc1ccc(C2=NOC3(CCN(c4ncnc(N)c4C(C)C)CC3)C2)cn1
5709,5709,CC(C)C(CO)(CO)C(O)CO
5710,5710,CCCC=CCC=CCC=CCC=CCCCCCC(=O)OCC(COP(=O)([O-])OCC(O)COP(=O)([O-])OCC(COC(=O)CCCCCCC)OC(=O)CCCCCCCCCCCC)OC(=O)CCCCCCCCCC=CCCCCCC
5711,5711,[NH3+]C1c2ccccc2CCC1Sc1ccc2c(c1)OCCO2
5712,5712,Cc1cc(C)cc(CCNC(=O)C2CC(OC3CCCC3)CN2C(=O)C(c2cccc(F)c2)C2CCCCC2)c1
5713,5713,CCCCCC(O)c1ccccc1[N+](=O)[O-]
5714,5714,CC(C)c1nc(=O)cc(N2CCCC2C[NH3+])[nH]1
5715,5715,Cc1c(Cl)cccc1Nc1cncc(C(N)=O)n1
5716,5716,O=C(NCc1ccco1)c1cnn(c2ccccc2Cl)n1
5717,5717,O=CNCC1CN(C(=O)c2ccsc2)CCO1
5718,5718,CC(C)n1nccc1NC(=O)N1CCCN(S(=O)(=O)N2CCCC2)CC1
5719,5719,CC(C)CC(NC(=O)C(NC(=O)C(CC(=O)[O-])NC(=O)C1CCCN1C(=O)C([NH3+])CCCC[NH3+])C(C)O)C(=O)NC(C(=O)NC(Cc1ccccc1)C(=O)NC(CCCC[NH3+])C(=O)NC(CCC(=O)[O-])C(=O)NC(Cc1ccc(O)cc1)C(=O)NC(CC(C)C)C(=O)NC(CO)C(=O)NC(C(=O)[O-])C(C)O)C(C)C
5720,5720,Nc1c(Oc2cccc(Cl)c2)nc(=O)[nH]c1c1ccccc1
5721,5721,[NH3+]Cc1cnn(c2ccncc2)c1C1CC1
5722,5722,CCc1cccc(C)c1NC(=S)NC(C)C
5723,5723,C=CCN(CC(=O)Nc1[nH+]c(c2ccccc2)cn1c1cc(C)ccc1C)C(=O)c1ccccc1
5724,5724,CCc1ccsc1C(=O)N1CC[NH+](Cc2ccsc2)CC1
5725,5725,COc1cc(Nc2nncc(Nc3ccc(N(C)C)cc3)n2)cc(OC)c1OC
5726,5726,C[NH2+]C(c1cc2cc(C)ccc2o1)C1CCCCCCC1
5727,5727,CC(C)c1ccc(c2csc(NC(=O)C3CCN(S(=O)(=O)c4ccccc4F)CC3)n2)cc1
5728,5728,CC(C)C(C)C(O)CNC(=O)NCCc1cnn(C)c1
5729,5729,Cc1cc(C)n(c2cccc(C(N)=[NH+]O)c2)n1
5730,5730,CCn1cc(COc2c(Br)cccc2CCl)cn1
5731,5731,CSc1ccccc1NC(=S)NC1CCC(C)CC1
5732,5732,CC(C)(C(=O)NCC1CCSCC1)C(N)=[NH+]O
5733,5733,COC(=O)c1cc(OC(F)(F)F)c(C)nc1Cl
5734,5734,CS(=O)CCCNC(=O)N1CCc2ccccc21
5735,5735,CC[NH2+]C(C)c1ccc(OCC(=O)N(C)C)cc1C
5736,5736,CC(C)(C)C(O)C[NH2+]C1(CO)CCCC1
5737,5737,C[Si](C)(C)C1(C#N)CC2CCCOC2C(c2ccccc2)C1
5738,5738,CCC(CCO)[NH2+]Cc1cc(C(=O)[O-])sc1C
5739,5739,Cc1oc(c2cccs2)nc1C[NH+]1CCN(c2cccc3[nH]ccc23)CC1
5740,5740,COc1cc(c2cnc(N3CCOCC3)nc2)ccc1Nc1ccc2nnc(C3CC3)n2n1
5741,5741,CC(C)(C)c1ccc(c2c3ccccc3c(c3ccc(c4ccccc4)cc3)c3ccccc32)cc1
5742,5742,COc1ccc(c2cc(C(=O)N3CCC(C(=O)NCC[NH+]4CCOCC4)CC3)c3c(C)noc3n2)c(OC)c1
5743,5743,Cc1ccnc(C(O)C2(C[NH3+])CCC2)c1
5744,5744,CC1CN(C(=O)c2cnc(NN)nc2)CCS1
5745,5745,COC(=O)c1cc(Br)cc([N+](=O)[O-])c1NCc1cnn(C)c1
5746,5746,O=C(OCCN1C(=O)c2ccccc2C1=O)c1cccc(S(=O)(=O)c2ccc(Cl)cc2)c1
5747,5747,Cc1ccc2c(c1)C(=Cc1sc(N3CCCC3)nc1C)C(=O)N2
5748,5748,COc1ccc(n2c(=O)c3c(nc2n2nc(C)cc2C)CN(C(=O)C2CC2)C3)cc1
5749,5749,CCOC(=O)C1=C(C(F)(F)F)N=c2sc(=Cc3ccc(c4cc([N+](=O)[O-])ccc4F)o3)c(=O)n2C1c1ccc(OCC(=O)OC)c(OC)c1
5750,5750,O=C(c1[nH+]cc2ccc(c3cccs3)nn12)N1CC[NH+](CC2CCOC2)CC1
5751,5751,COc1ccc(F)cc1C(C)[NH2+]Cc1ccnc(N2CCOCC2)c1
5752,5752,CCCCNC(=O)ON1CC[NH+](Cc2ccc(C=NN3C(=O)C4C5C=CC(C5)C4C3=O)cc2)CC1
5753,5753,COC(=O)c1c[nH+]c(C)n1C(C)CO
5754,5754,N#CC(C#N)C(=O)c1cc(Br)ccc1Cl
5755,5755,CC(C)[NH+]1CCC([NH+]2CCC(NC(=O)c3ccc4nccnc4c3)C2)CC1
5756,5756,COc1ccccc1C(=O)NCCc1csc(NC(=O)c2cccc(C)c2)n1
5757,5757,COc1ccc2c(c1)c(c1ccccc1)cn2CC(=O)Nc1ccc(Cl)cc1
5758,5758,Cc1ncsc1C(=O)N(C)Cc1cnccn1
5759,5759,C=CCC1C2CC(C(O)(C(F)(F)F)C(F)(F)F)C(C2)C1C
5760,5760,CCCCSc1nc(NC)ncc1Br
5761,5761,NC(=S)c1ncccc1Oc1ccc(C(F)(F)F)nc1
5762,5762,COc1ccc2c(c1)C(O)CCC2
5763,5763,[NH3+]Cc1cnc(Oc2cccc([N+](=O)[O-])c2)nc1
5764,5764,COc1ccc(C(NC(=O)C2(NC(=O)c3ccc(Cl)c(Cl)c3)CC2)c2ccc(OC)cc2)cc1
5765,5765,COc1ccc2c(c1)OC(CCC(=O)[O-])C=C2C#N
5766,5766,Cc1cc(C)cc(NC(=O)c2cccc(NC(=O)CN3CCCC3=O)c2)c1
5767,5767,COc1ccc(S(=O)(=O)N2CCC3(COCc4ccccc43)C2)cc1
5768,5768,[NH3+]CC1CCCC1Nc1cnccn1
5769,5769,COc1ccc(C(=O)OCC(=O)c2cc(C)n(CC3CCCO3)c2C)cc1OC
5770,5770,NC(=[NH2+])c1cccc(c2cccc3c2Oc2ccccc2C32c3ccccc3-c3ccccc32)c1
5771,5771,O=C1CCC(N2Cc3cnc(Nc4ccc5c(c4)C(=O)N(CC4CCCO4)CO5)nc3C2=O)C(=O)N1
5772,5772,Cc1ccc(S(=O)(=O)Nc2cc(N3CCOCC3)nc(C)n2)cc1
5773,5773,O=C(C1CCCN1c1nc(CCl)cs1)C(F)F
5774,5774,N#Cc1ccc(NC(=S)NCCCO)cc1Cl
5775,5775,Cc1cc(=O)nc2n1N=C(c1ccc(Br)cc1)CS2
5776,5776,CC1CCCCC12NC(=O)N(C(=S)NCc1ccc3c(c1)OCO3)C2=O
5777,5777,COc1cc2nc(C(C)(C)C)n(c3cc(C(C)(C)C)ccc3C)c2cc1C
5778,5778,CC(=O)N(C)C(C[NH+]1CCN(C)C(C)C1)c1ccccc1
5779,5779,CNC1(C#N)CCCC1CC[NH+](C)C1COCC1OC
5780,5780,N#Cc1ccncc1Oc1ccc2c(c1)CCC(=O)N2
5781,5781,Cc1c(Cl)cccc1NC(=S)N(C)Cc1nc2ccccc2s1
5782,5782,CCCCCOc1ccc(C=NNC(=O)c2ccc(N3CCCC3)cc2)cc1OC
5783,5783,CC(C)CC(CBr)NC(=O)c1ccc(Cl)cc1F
5784,5784,CCC1CCC(CNC(=O)C2CSCC[NH2+]2)CC1
5785,5785,O=C(Nc1cccc(c2nc3c(C4CC4)nc4ccccc4c3o2)c1)c1ccco1
5786,5786,CCCc1nn(C)c(NC(C)c2ccc(C)o2)c1N
5787,5787,[NH3+]C(Cc1ccccc1)C(O)CCc1cccs1
5788,5788,COc1ccc(NC(=O)CSc2nnc(Nc3cccc(F)c3)s2)c(OC)c1
5789,5789,CC1CCC2C(C)(C)CCCC2(C)C1(C)CC(=O)[O-]
5790,5790,COC(=O)CNC(=O)c1ccc(C=C2C(=O)Nc3ccc([N+](=O)[O-])cc32)cc1
5791,5791,O=C1OC(C(Cl)(Cl)Cl)C(Cl)=C1Cl
5792,5792,CCC1CCCC1[NH2+]CC1CSc2ccccc21
5793,5793,Cc1cc(NC(=O)N2CC(C)OC(CO)C2)ccc1F
5794,5794,COc1ccc(C(C)=NNc2nc3ccccc3s2)cc1
5795,5795,COc1c(C)cnc(CC(CCO)c2ccccc2)c1C
5796,5796,O=C(NC1CCCCCC1)c1cc2c(nc3sccn32)[nH]1
5797,5797,CC1CCN(c2nnc(SCC(=O)Nc3cccc(Cl)c3)n2CC2CCCO2)CC1
5798,5798,C=CCN1C(=O)C2(OC(CC(=O)N3Cc4ccccc4CC3CO)C([Si](C)(C)O)C2C)c2cc(N3C(=O)NC(C)(C)C3=O)ccc21
5799,5799,COc1ccc(COC(=O)c2sc(N)nc2C)cc1F
5800,5800,O=C(Nc1ccc2c(c1)OCCO2)N1CCc2ccc(OCC3CC3)nc2C1
5801,5801,CCC(C)C([NH3+])C(=O)NC(CCSC)C(=O)NC(Cc1ccc(O)cc1)C(=O)NC(CO)C(=O)[O-]
5802,5802,CCc1cc(=O)n2[nH]cc(C(C)=O)c2n1
5803,5803,Cc1cccc2c1nc(N)n2C1CCCCCC1
5804,5804,CCOC(=O)c1ccc(NC2CC(C)N(C(C)=O)C2)nc1
5805,5805,Cc1c2c(cc3c1C(c1ccccc1)=NCC(C)C3)OCCC2=O
5806,5806,COc1cc(Br)ccc1C(NN)c1coc(C)c1
5807,5807,C=CCn1c(COc2ccc(Cl)c(C)c2)nnc1SCC(=O)Nc1sccc1C(=O)OC
5808,5808,CC(C)CN(CC(C)C)C(C[NH3+])c1cc(Br)c(Br)s1
5809,5809,COC(=O)N1Cc2cc(Nc3nc(C)cc(c4cnn(c5ccccc5)c4)n3)ccc2CC1(C)C
5810,5810,O=C(Nc1nc(C(F)(F)F)cs1)C1CC12CCCC2
5811,5811,CC(C)=C(F)C(=O)Oc1ccc(C(F)(F)F)cc1
5812,5812,O=C1NC(c2ccccc2OCC2CCC2)=NC1=Cc1ccccn1
5813,5813,CCCCN1CCN(c2cccc(Cl)c2C#N)CC1
5814,5814,O=C(NCc1ccccc1)c1ccc2c(c1)S(O)(O)NC2=O
5815,5815,O=C(c1ccccc1Br)N1CCC(Cl)CC1
5816,5816,O=C(Nc1ccccc1N1CCCC1)N1CCC2(CC1)OCCO2
5817,5817,COc1ccc(NC2=[NH+]C(=O)C(=Cc3cc(Cl)c(OCc4cccc(F)c4)c(Br)c3)S2)cc1
5818,5818,O=C(NN=Cc1cn(Cc2ccccc2)c2ccccc12)c1cccc(NS(=O)(=O)c2ccccc2)c1
5819,5819,CCc1ccc(C(O)CSC(C)(C)CO)cc1
5820,5820,Cc1cc(C)c(B(c2ccc(C)cc2)c2ccc(C)cc2)c(C)c1
5821,5821,CC(OC(=O)c1cc2c(F)cccc2[nH]1)C(=O)Nc1ccc(N2CCOCC2)cc1
5822,5822,N#Cc1ccc(Cn2c(CCCl)nc3cc(Br)cnc32)cc1
5823,5823,CC(=O)c1ccc(NC(=O)CSc2nc3c(oc4ccccc43)c(=O)n2C)cc1
5824,5824,CC(=NO)c1cc2cc(F)ccc2n1C
5825,5825,CSCC(C)(O)CNc1cc[nH+]c(C(=O)N(C)C)c1
5826,5826,CCCCCCc1ccc(C(=O)NCc2nnc(SCc3ccc(Cl)cc3)n2c2ccc(C)cc2)cc1
5827,5827,O=C(C[NH2+]C1C2CC3CC(C2)CC1C3)Nc1nccs1
5828,5828,O=C(C1CCCCC1)N1CCOC2(C1)C[NH+](Cc1cn[nH]c1)CC2CO
5829,5829,COc1ccc(Br)c(C(=O)OC(C)C(=O)Nc2ccccc2[N+](=O)[O-])c1
5830,5830,Nc1ccc(Cl)c(C(=O)[O-])c1Cl
5831,5831,Cc1nc2cc(I)c(F)cc2n1C(C)c1ccccc1
5832,5832,C[NH2+]CC(=O)N(C)CC(C)C#N
5833,5833,CCCNC(=O)C(C)OC(=O)c1cn(c2ccccc2)nc1c1ccccc1C
5834,5834,NC(N)=[NH+]C(=O)c1ccc2nc[nH]c2c1
5835,5835,O=C(Nc1ccccc1Cl)C1=CCCCC1
5836,5836,CC(C)C[NH+]1CCOC(C[NH2+]CC2CCCO2)C1
5837,5837,O=C(c1ccc(OCc2ccccc2)cc1)N1CCC(N2CCCCC2)C1
5838,5838,O=C(Nc1ccc(OC(F)(F)F)cc1)NC1CCN(C(=O)COc2ccccc2)CC1
5839,5839,Fc1ccc2c(c1)nc(C1CCCO1)n2CCCl
5840,5840,Cc1nn2c(sc3ncccc32)c1NC(=O)Cc1ccc([N+](=O)[O-])cc1
5841,5841,CC(S)C(=O)NC(Cc1ccccc1)C(=O)NC(CCC(N)=O)C(=O)NC(CO)C(=O)[O-]
5842,5842,COc1ccc(OCC[NH+]2CCN(c3ncnc4c3ncn4c3ccc(OC)c(OC)c3)CC2)cc1
5843,5843,CC(C)C[NH2+]Cc1ccn(CCc2cnn(C)c2)c1
5844,5844,COC(=O)C(C)CN(CC(C)C)C(=O)CBr
5845,5845,COCCCNC(=O)COc1cccnc1N
5846,5846,Cn1cc(CC(C)(O)C(=O)[O-])c(c2ccc(F)cc2)n1
5847,5847,Nc1ccc(COCCO)c(F)c1F
5848,5848,Cc1nc2c(cc1C(=O)NC1(CO)CCCCC1)ncn2C
5849,5849,Fc1ccc(CN2CCc3nc(c4ccccc4)nc(N4CCOCC4)c3C2)c(F)c1
5850,5850,NC(=[NH+]O)C1(C(=O)NCc2ccc(O)cc2)CCCC1
5851,5851,COC(=O)c1cc(F)cc(C)c1NC(=O)Cn1ccc(=O)[nH]c1=O
5852,5852,CC(C)(C)[Si](C)(C)OCc1cncnc1C(=O)[O-]
5853,5853,CC(=O)c1ccc(c2ccc(C3=CCN(C(=O)[O-])CC3)cc2C)s1
5854,5854,Cc1cc(C)cc(OCCNC(=O)COc2ccc([N+](=O)[O-])cc2C)c1
5855,5855,CCOC(=O)c1sc(C)c(NC(=S)Nc2nn(Cc3ccc(F)cc3)cc2Br)c1C
5856,5856,C=C(C)Cn1c(N2CC[NH2+]CC2)nc(=O)c2c(C)c(Cn3cnnn3)sc21
5857,5857,Cc1nc(NCCNC(=O)C2CC(=O)Nc3ccccc32)sc1C(=O)Nc1ccccc1F
5858,5858,C[NH2+]Cc1ccc(N2CCOC(C)(C)C2)nn1
5859,5859,Cc1cc(C(=O)CSc2nnnn2c2ccccc2)c(C)n1Cc1ccco1
5860,5860,CC(=O)Nc1ccc(NC(=O)CCc2nc(c3ccccc3C)no2)cc1
5861,5861,CC(C)Cn1c(SCc2cc(=O)n3ccsc3n2)nnc1c1ccc(Cl)cc1Cl
5862,5862,NC(=[NH+]O)c1ccc(C(=O)NCCCC(F)(F)F)cc1
5863,5863,Fc1ccc(CC(Cl)c2ccc(Cl)s2)cc1Br
5864,5864,Cc1cc(C)cc(NC(=O)c2ccc(=O)n(Cc3ccccc3C)c2)c1
5865,5865,CCOC(=O)NCC1CCCC1[NH3+]
5866,5866,Cc1ccc(OCC(=O)Nc2cccc(C(=O)NCCC[NH+]3CCOCC3)c2)cc1
5867,5867,Cc1ccc(SC2=C(Nc3ccccc3Cl)C(=O)N(c3cccc(F)c3)C2=O)cc1
5868,5868,CCc1c(Cl)nnc(NCCc2nccs2)c1Cl
5869,5869,CCCCCCC(Br)c1cc(C)c(Br)cc1Cl
5870,5870,CCOC(=O)C=CN=c1scc(c2ccc3ccccc3c2)n1N=C(C)c1ccc(OC)c(OC)c1
5871,5871,CCOc1ccc(C(c2c([O-])n(c3ccc(OCC)cc3)c(=O)[nH]c2=O)c2c([O-])cc(C)oc2=O)cc1
5872,5872,COC(=O)C(Cc1[nH+]ccn1Cc1ccccc1)NC(=O)OC(C)(C)C
5873,5873,COc1cc2c(cc1OC)C1CC(=O)C3CC1C(OC(=O)N1CCCC1)C(COc1ccccc1)C[NH+](CCCc1ccccc1)C3C2
5874,5874,COC(=O)Cn1c(=NC(=O)c2ccc(C(C)(C)C)cc2)sc2cc(S(N)(=O)=O)ccc21
5875,5875,O=C(c1cccnc1)N1CCCC(C(=O)N2CCC(c3c[nH]c4ccccc34)CC2)C1
5876,5876,COCCNc1nc2c(cccc2c2cnc(C(F)(F)F)cc2c2ccon2)[nH]1
5877,5877,C=CCOC(=O)C(C)C1(O)C(C)CCC2C3CCC4=CC(=O)C=CC4(C)C3CCC21C
5878,5878,O=C(NCC1CCC(Br)CC1)c1ccc2c(c1)COC2
5879,5879,CCOc1ccc2nc(NC(=O)c3cccc(C(F)(F)F)c3)sc2c1
5880,5880,CC(C)(C)[Si](C)(C)OC1CCC2OCC([N+](=O)[O-])=C2C1
5881,5881,CCOC(=O)Nc1ccc(S(=O)(=O)NCc2cn(c3ccccc3)nc2c2ccccc2OC)cc1
5882,5882,O=C1CCC(c2ccccc2)N2c3[nH]c(c4ccccc4)cc3C3CCC[NH+]1C32
5883,5883,COc1ccc(n2c(SCc3cccc(C)c3)nnc2c2ccc(F)cc2)cc1
5884,5884,CC(C)C(CC(=O)[O-])NC(=O)C(c1ccccc1)C1CCCCC1
5885,5885,O=C(NC1CCc2sc(Cl)cc2C1)c1ccc(OCC(F)(F)F)nc1
5886,5886,O=C(OCCCCCCCCOC(=O)c1cccc(F)c1)c1cc(F)c(F)c(F)c1
5887,5887,C[NH2+]CC1CCCN1C(=O)c1c(F)ccc(C)c1F
5888,5888,CCn1cc(NC(=O)c2cc(C)oc2C)c(C(=O)OC)n1
5889,5889,CC[NH2+]C(C)(C)C(=O)NCCc1cccc2cccnc12
5890,5890,O=C(NC(=S)Nc1ncc(Cc2ccccc2)s1)c1ccc(N2CCCCCC2)c([N+](=O)[O-])c1
5891,5891,CCOc1ccc(OCCNc2nc(Nc3ccc(C)cc3)nc(n3ccnc3)n2)cc1
5892,5892,CCC(C)C(NC(=O)C(CCCC[NH3+])NC(=O)C(CCC(N)=O)NC(=O)C(NC(=O)C([NH3+])CC(N)=O)C(C)O)C(=O)[O-]
5893,5893,O=C1CCc2cc(S(=O)(=O)N3CCC(C(=O)Nc4ccccc4F)CC3)ccc2N1
5894,5894,[NH3+]CCCCCCn1c2c(c3cc(C(=O)[O-])ccc31)CCCC2
5895,5895,Cc1cc(C(=O)N2CCCC(C)C2)ccc1NC(=O)CNC(=O)C1CC[NH+](CC(=O)Nc2ccc(Cl)c(C(=O)N3CCCC(C)C3)c2)CC1
5896,5896,CC1CCN(C(=O)C(C)Sc2nc(C(F)(F)F)cc(c3ccccc3)n2)CC1
5897,5897,O=C(OCc1ccc(Br)cc1)c1c[nH]c2ccc(N3CCN(C(=O)c4ccco4)CC3)cc12
5898,5898,CCCS(=O)(=O)c1ccccc1NCC1CCOCC1
5899,5899,CCCCc1ccc(n2nnc(C(=O)NCc3cnn(c4ccccc4)c3)c2C)cc1
5900,5900,COC(=O)c1ccc(Cl)c(NC(=O)CSc2nc3sc4c(c3c(=O)n2c2ccc(C)cc2)CCC4)c1
5901,5901,CCCC[NH+](CC)CCn1ccc(=O)c([O-])c1
5902,5902,COC(=O)C(C)(NC(=O)NCc1ccccc1)C(F)(F)F
5903,5903,CC(C)(C)CC(=O)NC(=S)Nc1ccccc1C(=O)[O-]
5904,5904,Cc1c(C(=O)N(C)CC2CCCO2)oc2c1C(=NNC(=O)c1ccc3ncccc3n1)CCC2
5905,5905,CC(C)(C)[NH+]1CCC(C(=O)[O-])(N2CCC2)C1
5906,5906,Cc1ccc(c2cc(C(F)(F)F)c3c(n2)-c2ccccc2C([O-])=C2C(=O)C4(O)C([O-])=C(C(N)=O)C(=O)C([NH+](C)C)C4CC2C3)nc1
5907,5907,Cn1c(SCCC[NH+]2CCc3ccccc3C2)nnc1C1CC1
5908,5908,Cc1nn(CCc2nnc(N)o2)c(C)c1Br
5909,5909,COCC(Cl)CN(C)S(=O)(=O)c1cnc[nH]1
5910,5910,COc1ccc2c(c1)sc(=NC(=O)CSCC(=O)Nc1ccc(I)cc1)n2C
5911,5911,COc1ccc(Br)cc1C(=O)NN=C(C)c1ccc(Cl)c([N+](=O)[O-])c1
5912,5912,Cn1c(=O)cc(NCCOCCC[NH3+])[nH]c1=O
5913,5913,CCC1C(=O)NCC[NH+]1Cc1cnc(N)s1
5914,5914,O=C(c1ccc2[nH]ccc2c1)N1CC(Oc2ncccc2F)C1
5915,5915,NC(=[NH2+])c1ccc(C(F)(F)F)cc1N
5916,5916,CS(=O)(=O)Nc1nc2cc(NC(=O)c3cc(Oc4nc(Nc5cc(C(F)(F)F)cc(C(F)(F)F)c5)nc(OCC(F)(F)F)n4)ncn3)ccc2s1
5917,5917,CCC(C)C(=O)Nc1ccc(NC(=O)C(NC(=O)C2CC[NH+](C(C)C(=O)Nc3cc(C(=O)NC4CCCC4)ccc3Cl)CC2)C(C)C)cc1OC
5918,5918,COC(=O)C1=C(C)[NH+]=C2SC=C(CC(=O)N3CC[NH+](Cc4ccccc4)CC3)N2C1c1ccc(C)cc1
5919,5919,CCc1cc(F)c(N)c2c1C(=O)N=C2
5920,5920,C[NH2+]C(CCCC(F)(F)F)c1cnns1
5921,5921,O=C([O-])C1CCCCN1C(=O)Nc1cc(Cl)ccc1N1CCCC1
5922,5922,CCc1ccc(C[NH2+]CC2(CO)CCC2)s1
5923,5923,CCc1cccc2c(C(=O)C3CC3)c[nH]c12
5924,5924,Cc1nc(C(Cc2nnn(C)n2)NN)no1
5925,5925,N#CCCN(C(=O)COC(=O)CSc1ccc(Cl)cc1Cl)c1ccccc1
5926,5926,O=C([O-])COCCNC(=O)C1CCCO1
5927,5927,Cc1ccc(c2csc(NC(=O)CCc3nc4ccccc4c(=O)n3C(C)C)n2)cc1
5928,5928,CNc1ncc(C(=O)N2CCCC2C(N)=O)c(C)c1Cl
5929,5929,CN(CC(=O)N1CCCCC1CCO)S(=O)(=O)c1ccc(C(C)(C)C)cc1
5930,5930,COC(=O)c1c(OCc2ccc(c3cn4c(C)cccc4[nH+]3)cc2)sc(c2ccc3c(c2)OCO3)c1c1ccc([N+](=O)[O-])cc1
5931,5931,O=C(CCn1cnc2ccccc2c1=O)Nc1ccc(F)cc1
5932,5932,Nc1cn(c2c(F)ccc(C3(C[NH3+])CCCCC3)c2F)nn1
5933,5933,O=C1C(=O)N(c2ccccn2)C(c2ccncc2)C1=C([O-])c1ccc2c(c1)OCO2
5934,5934,O=C(NCC(c1ccccc1)S(=O)(=O)c1ccccc1)c1cccc(Br)c1
5935,5935,O=c1nc(SCc2cc(c3ccc(Cl)cc3)cs2)[nH]c2ccccc12
5936,5936,COc1c(C(F)(F)F)cccc1C([O-])=C1C(=O)C(=O)N(Cc2cccs2)C1c1ccc(C(C)C)cc1
5937,5937,C=CCC(C)[NH2+]CCOCCCCCCC
5938,5938,O=C(Nc1cc(Br)cc(Br)c1)N1CCCC1CCCO
5939,5939,CCOC(=O)N1c2ccc(c3ccc(C(=O)N4CCCCC4)cc3)cc2N(C(=O)OCC)CC1C
5940,5940,CC(C)N(C(=O)Cn1c(CCCl)nc2ccccc21)C(C)C
5941,5941,Cc1nc2sc(C(=O)OCc3ccc(c4ccccc4)cc3)c(N)c2s1
5942,5942,COc1ccc(OC)c(NC(N)=[NH+]Cc2ccc(C)c(F)c2)c1
5943,5943,COc1ccc(Cn2cc(c3cc(N4CC=C(c5cc(C#N)ccn5)CC4)nc(N4CCOCC4)n3)cn2)cc1
5944,5944,CC(=O)c1cccc(NC(=O)CCNC(=O)C2CC[NH+](C(C)C(=O)Nc3ccc(C(=O)Nc4cc(F)ccc4F)cc3C)CC2)c1
5945,5945,CCc1oc2ccccc2c1CN(C)C(=O)NCCS(=O)(=O)N1CCCC1
5946,5946,Cn1cc(NC(=O)c2cccc(Br)c2)ccc1=O
5947,5947,CC(C)c1nnc(C2(C)CCCC2)n1c1ccc(OCc2cccnc2)cc1
5948,5948,[NH3+]C1(CC(=O)NCC2(c3cccc(Cl)c3)CCOCC2)CCC1
5949,5949,C[NH2+]Cc1ccccc1S(=O)(=O)NCC1CCC(C)O1
5950,5950,CN(CC(=O)NC(C)(C)C)S(=O)(=O)c1cc(CO)sc1Br
5951,5951,Cc1ccc(S(=O)(=O)NCc2cccc(C(=O)[O-])n2)c(C)c1
5952,5952,COc1ccc(CNC(=O)C2(C)CCN(C(=O)c3c(Cl)cccc3Cl)CC2)cc1OC
5953,5953,Nc1cnc(N2Cc3ccccc3C2)c(Br)c1
5954,5954,Cc1cc(Cl)cc(Cl)c1OCc1ccc(C(N)=O)cc1Cl
5955,5955,COc1ccc(C(=O)NCCc2cccc(c3nc4cc(OCC(O)CO)ccc4o3)c2)cc1OC
5956,5956,C=CCN(Cc1ccccc1)C(=O)C1C2CCC3(S2)C1C(=O)N(CCCO)C3C(=O)N(CC=C)CCCCC
5957,5957,CCC(C)OC(=O)c1cc(Br)c(N=Nc2c(O)ccc3cc(S(=O)(=O)[O-])cc(NC(C)=O)c23)cc1[N+](=O)[O-]
5958,5958,COc1ccc(C(Cl)c2sccc2Br)c(F)c1
5959,5959,CCC(C)C(=O)Nc1cc(NC(=O)CNC(=O)C2CC[NH+](CC(=O)Nc3ccc(Cl)c(C(=O)NCC(C)C)c3)CC2)ccc1Cl
5960,5960,CC(C)c1cccc(C(C)C)c1NC(=O)COC(=O)c1cc(S(=O)(=O)N2CCCCC2)ccc1Cl
5961,5961,COC(C)(C)CNc1ncc(Cl)cc1Cl
5962,5962,CC(=O)Nc1cc(C(=O)N2CCCCC2)ccc1F
5963,5963,Cc1ccc(c2csc(N(Cc3ccccn3)C(=O)C3CCN(S(=O)(=O)c4ccc(Cl)cc4)CC3)n2)cc1
5964,5964,CC(C)c1cc(=O)nc(c2noc(c3ncccc3N)n2)[nH]1
5965,5965,Cc1cc(C(=O)N2CC3CCC([NH3+])C3C2)sc1C
5966,5966,O=c1nc(C2CC3CCC2C3)[nH]c2c1C[NH+](Cc1cccs1)CC2
5967,5967,COc1ccccc1C(Oc1ccc(CO)cc1)C(=O)[O-]
5968,5968,CCc1[nH]c2ccccc2c1C=C1SC(=S)N(NC(=O)Nc2ccc(C)cc2)C1=O
5969,5969,O=C(NC(Cc1ccccc1)C(=O)N1Cc2cccnc2C1)c1cccc(N2CCCCC2)c1
5970,5970,O=S1(=O)CCC(N2CCCc3ccc(Nc4nnc(c5ccsc5)c5ccccc45)cc32)CC1
5971,5971,CCNC(=O)Nc1cccc(n2[nH]c(C=O)c(C)c2=O)c1
5972,5972,CC(=O)Nc1ccc(F)c(NC(=O)CCNC(=O)C2CC[NH+](CC(=O)Nc3ccc(C(=O)N4CCCC4)cc3C)CC2)c1
5973,5973,Cc1ccc(Br)cc1C(Br)c1cccc(Br)c1F
5974,5974,O=P(OCS)(OC=S)OCc1ccccc1
5975,5975,CNS(=O)(=O)c1cc(C(=O)N2CCC(CCc3ccccc3)(c3ccccc3)CC2)n(C)c1
5976,5976,CCOC(=O)C([NH3+])c1cnc(c2ccccc2)s1
5977,5977,CCCC(CCC)(C(=O)NCC1(O)CCOC1)C(N)=S
5978,5978,CCCCC(CNC(=O)NC(C)(C)C)C(=O)[O-]
5979,5979,Cc1cc(=O)c(C(=O)Nc2ccc(OCC[NH+]3CCCC3)cc2)nn1c1cccc(C(F)(F)F)c1
5980,5980,C[NH2+]C(C)C(=O)NC(C(=O)N1CCCC1C(=O)NCc1cc(C(C)NC(=O)NC(C)Cc2ccccc2)cc(C(C)(C)C)c1)C(C)C
5981,5981,O=C([O-])CC1(Nc2cc(Cl)c(Br)cc2Br)CCC1
5982,5982,CC(C)Cc1noc(C[NH+](CCO)CCc2cccc(Cl)c2)n1
5983,5983,COC(=O)c1ccc(c2nc(C)sc2N)c(C)c1
5984,5984,COc1ccc(CN2C(=O)c3ccccc3C2(C)C(=O)Nc2cccc(C)c2)cc1
5985,5985,CCC1=CC(c2ccccc2)=C[NH+]=C1C
5986,5986,COc1ccc(CSc2ncnc(N)c2C#N)c(OC)c1
5987,5987,CCOC(=O)c1cnc(c2nn(C)c3cc(Cl)ccc32)nc1Cl
5988,5988,CC(C)CN1C(=O)CCc2cc(NS(=O)(=O)c3c(Cl)cccc3Cl)ccc21
5989,5989,O=C(CNC(=O)c1cccc([N+](=O)[O-])c1)Nc1ccc2c3c(cccc13)CC2
5990,5990,O=C1CC(c2cccc(F)c2)CN1
5991,5991,COc1ccc(OC)c(Nc2ncnc3ccc(OCCC[NH+]4CCOCC4)cc23)c1
5992,5992,O=C(CNc1ccc(F)cc1)NC1COc2ccccc21
5993,5993,COc1ccc(NC(=O)CN(c2ccc(Br)cc2)S(=O)(=O)c2ccc(C)cc2)cc1
5994,5994,O=Cc1ccc(C(F)F)cc1
5995,5995,O=C(NO)c1cc(S(=O)(=O)N2CCCCC2)c2cccccc1-2
5996,5996,O=C(COC(=O)c1cc([N+](=O)[O-])ccc1N1CCCC1)Nc1ccccc1
5997,5997,COc1nc(N)nc(N2CCOCC2C(=O)N(C)C)n1
5998,5998,CC(C)(C)c1cc(N2CCOCC2)nc(C(F)(F)F)n1
5999,5999,Cc1ccc(C(C)(O)CNC(=O)Cc2cnccn2)cc1
6000,6000,CC(OC(=O)CC1COCCO1)C(=O)c1ccc2c(c1)CCC2
6001,6001,Cc1ccc(C2=[NH+]C(C(C)C)CS2)cc1
6002,6002,CCC1C[NH+](CCOc2ccc(C#CCCO)cc2C)CCO1
6003,6003,Cc1nn(CCO)c(C)c1C[NH2+]Cc1cn(C)nc1C(C)C
6004,6004,CCC(C)C(NC(=O)C(CS)NC(=O)C(CCCC[NH3+])NC(=O)C(CCCC[NH3+])NC(=O)C(CC(C)C)NC(=O)C(CCC(N)=O)NC(=O)C(CC(N)=O)NC(=O)C(CC(N)=O)NC(=O)C(CO)NC(=O)C(CCC(N)=O)NC(=O)C(CO)NC(=O)C([NH3+])CCCC[NH3+])C(=O)N1CCCC1C(=O)NC(CCC(=O)[O-])C(=O)NC(CO)C(=O)[O-]
6005,6005,C[NH2+]CC1CCCN(C(=O)NC2CC2C)C1
6006,6006,CC(C)(C)C(O)C(=O)N1CCN(c2ccc(F)cc2)CC1
6007,6007,COc1ccc(CC(=O)N(CC(=O)Nc2ccccc2C(F)(F)F)Cc2ccccc2)cc1
6008,6008,C[NH2+]CC1CCCN1c1ncc(Cl)cc1[N+](=O)[O-]
6009,6009,COCCOc1cccc(NCC2CCCC2O)c1
6010,6010,O=C(Nc1nc(c2ccc3c(c2)CCCC3)cs1)c1sc2ccccc2c1Cl
6011,6011,CCOC(=O)c1nnn(C2c3ccccc3CCC2C)c1C
6012,6012,Cc1cc(C(=O)N2CCN(c3cc(n4cccc4)nc(C)n3)CC2)ccn1
6013,6013,CCC1OC(=O)C(C)C(OC2CC(C)(OC)C(O)C(C)O2)C(C)C(OC2OC(C)CC([NH+](C)Cc3ccc(OCC#Cc4ccccc4)cc3)C2O)C(C)(O)CC(C)C[NH+](C)C(C)C(O)C1(C)O
6014,6014,CC(C)(c1cccs1)C([NH3+])CCC(=O)[O-]
6015,6015,CCOc1ccc(CNC(=O)C2CCN(C(=O)c3ccoc3C)CC2)cc1OCC
6016,6016,Cc1cc(CC(CC[NH3+])(CC(C)(C)C)C(C)(C)C)ccc1F
6017,6017,Cc1ccc(C2=C([NH+]3CCC(C)CC3)C(=O)N(c3ccccc3)C2=O)cc1C
6018,6018,CC1(O)CCC[NH+](CC2CCC3(CCCC3)O2)CC1
6019,6019,CC1=C(C(=O)[O-])C(c2cccc(Cl)c2)NC(=O)N1C
6020,6020,O=C([O-])CCCCCn1c(=S)[nH]c2ccc(C(F)(F)F)cc2c1=O
6021,6021,CCCCc1nc2ccc(NS(=O)(=O)c3ccccc3C#N)cc2n1Cc1ccc(c2ccccc2C(=O)[O-])cc1
6022,6022,Cc1ccc(S(=O)(=O)N2CC3CCCC3(c3ccc(F)cc3)C2)c(C)c1
6023,6023,CCOc1ccc(NC(=O)COc2cc(S(=O)(=O)N(CC)CC)ccc2OC)cc1S(=O)(=O)N(C)C
6024,6024,COC(C)(C)CNc1ccc(N)nc1
6025,6025,COc1c(Br)cc(Br)cc1C(=O)NC(=S)Nc1cc(Br)cc(C)c1C
6026,6026,Nc1c(c2ncccn2)cc2cccc(C3C=NN(O)C3)c2c1Cl
6027,6027,COCC(=O)Nc1nnc(SCC(=O)Nc2ccccc2)s1
6028,6028,[NH3+]Cc1cc(Br)ccc1OCC1CCCCO1
6029,6029,COc1ccc(C(=O)NC(=S)Nc2ccc(Sc3n[nH]c(c4ccco4)n3)cc2)cc1I
6030,6030,C=CCOc1c(Br)cc(C=C(C#N)C(=O)NC(C)c2ccccc2)cc1OCC
6031,6031,C=CCn1c(=O)c2sccc2n2c(SC(C)C(=O)N3CCC(C)CC3)nnc12
6032,6032,CCCc1ccc(c2cc(F)c(OC(F)(F)F)c(F)c2)c(F)c1F
6033,6033,CCOc1ccc(NC(=O)C=Cc2cc(C)ccc2C)cc1
6034,6034,CCc1csc(C(=O)N2CCCC(CC(N)=O)C2)n1
6035,6035,CC(=NO)c1cccc(NC(=O)N2CCCC([NH+](C)C)C2)c1
6036,6036,CC1CCCC(C)[NH+]1CC(O)CNc1cccc(F)c1C#N
6037,6037,CCn1c(CCC(=O)c2ccc(C)cc2)nc2ccccc21
6038,6038,CCC(C)C1CN(CCc2cccc(Cl)c2)C(C)(CC)C[NH2+]1
6039,6039,C=CCC(C)Nc1cc(C)[nH+]c(C)c1C(=O)OC
6040,6040,CCC(=O)N1CCCC(CN(C(=O)OC(C)(C)C)c2ccccc2)(C(=O)OC(C)(C)C)C1
6041,6041,Cc1cc(F)ccc1CC(O)c1ccc(F)cn1
6042,6042,COc1ccc(n2[nH]c3c(c2=S)C2C4CCC(C4)C2C3)cc1
6043,6043,CCC1(COc2c(O)c(O)c(O)c(C(C)C)c2C(C)C)COC1
6044,6044,N#Cc1ccc2c(c1)c1cc(C#N)ccc1n2c1ccc(c2cc(c3ccccc3)nc(c3cccc(c4cc5ccccc5c5ccccc45)n3)c2)cc1
6045,6045,FC(F)(F)c1cc(C2CC[NH2+]CC2)c2c(n1)CCO2
6046,6046,O=c1cc(c2ccccc2)c2cc(Cl)c(c3ccccc3)nc2o1
6047,6047,CC(C)C(C)(C)c1ccc(OCC(=O)c2oc3ccccc3c2NC(=O)C(C)(C)C)cc1
6048,6048,Cn1ccnc1C[NH+]1CCCC1CC(O)c1cccs1
6049,6049,COc1cc2c(cc1OC)C(C)[NH+](CC(=O)N1CC[NH+](Cc3ccccc3)CC1)CC2
6050,6050,COc1ccc(C=CC2(O)C3=CCC4(O)C(C5=C(C(=O)CC6=C(CCC=C(C)C)CC6)CCC54)C3=CCC2=O)cc1
6051,6051,Cc1ccc(c2nc(CN(C(=O)c3ccc(Cl)o3)C(C)C)cs2)cc1
6052,6052,O=C1C2SC3C=CC(C3)C2C(=O)N1CCCO
6053,6053,CC(C)N(CCO)S(=O)(=O)c1ccc(N)c(F)c1
6054,6054,COc1cnn(C)c1C([NH3+])Cc1ccncc1Cl
6055,6055,COc1ccc(OC)c(S(=O)(=O)N2CC3CN(c4ncnc5sc(C)c(C)c45)CC3C2)c1
6056,6056,Cc1cc(F)ccc1c1nc2c([nH]1)C=C[NH2+]C2
6057,6057,CC(OC(=O)CNC(=O)c1ccc(c2ccccc2)cc1)C(=O)N1c2ccccc2CC1C
6058,6058,CCOC(=O)c1c(N)sc2nc(SCC(=O)N3CCc4ccccc4C3)n(c3ccc(OCC)cc3)c(=O)c12
6059,6059,Nc1ccccc1S(=O)(=O)c1ccc(C(F)(F)P(=O)([O-])[O-])cn1
6060,6060,CCOC(=O)c1c(NC(=O)c2ccc(C#N)cc2)scc1c1ccc(F)cc1
6061,6061,Cc1ccc(C#N)cc1S(=O)(=O)N1CC[NH+](C)CC1
6062,6062,CCc1ccc(C(=O)OCC(=O)c2ccc3c(c2)CCC3)cc1
6063,6063,COc1ccc(C[NH+]2CCCC(C3CCC[NH2+]3)C2)cc1
6064,6064,CC(C)S(=O)(=O)c1ncc2c(n1)CN(C(=O)c1cccc(F)c1)C2
6065,6065,Fc1ccccc1Nc1nccc(Nc2cccc(C(F)(F)F)c2)n1
6066,6066,NC(CCOc1cccc(Br)c1)=[NH+]O
6067,6067,CC(C)(C)C1=NC([NH+]2CCN(c3cc[nH+]cc3)CC2)=C(C#N)C(c2ccccn2)S1
6068,6068,Cc1cc(Br)c(NC(=O)COC(=O)Cn2c(=O)[nH]c(=O)c3ccccc32)cc1C
6069,6069,CC(=O)OCc1noc2nc(c3ccccc3)cc(C(=O)Nc3ccc(C(=O)[O-])cc3)c12
6070,6070,COc1cccc2sc(N(CCC[NH+](C)C)C(=O)c3ccc(C)c(C)c3)nc12
6071,6071,O=C([O-])CC1CCN(C(=O)Cc2cccs2)CC1
6072,6072,CNS(=O)(=O)CCNS(=O)(=O)c1c(C)cc(NC)cc1C
6073,6073,O=C1C=CC2=C(C=C1)OCCC2
6074,6074,COc1ccc(S(=O)(=O)NC(c2ccccc2)C2CCCCC2)cc1
6075,6075,COc1ccc(C(=O)NC2CCCC2)cc1NC(=O)C1CCCN1C(=O)C1CC[NH+](C(C)C(=O)Nc2ccc(C(=O)Nc3cccc(F)c3)cc2C)CC1
6076,6076,O=C(CC1(C(=O)[O-])CCC1)Nc1ccccc1SC(F)F
6077,6077,Cn1ccnc1C(NC(=O)COc1ccccc1Cl)c1ccc(F)cc1
6078,6078,Cc1oc(Br)nc1COCCC=Cc1cccc(OC(F)(F)F)c1
6079,6079,CC(C)C(C=O)=CNc1cccc(n2c(=O)n(c3ccc(O)cc3)c(=O)n(C3CC4CCC3C4)c2=O)c1
6080,6080,CC(C)(C)c1ccc(CN(CC[NH+]2CCOCC2)C(=O)Nc2cccc(OC(F)F)c2)cc1
6081,6081,CC[NH2+]C(Cc1cc(C)nn1C)C(C)(C)OC
6082,6082,O=c1c([N+](=O)[O-])c(NCCc2ccc(Cl)cc2)nc2ccccn12
6083,6083,C=COCCCOc1cc(C#CC)cc2occ(c3cscn3)c12
6084,6084,CCC(C)C([NH2+]Cc1n[nH]nc1c1ccccc1)C(=O)[O-]
6085,6085,O=C(c1ccc(Cl)cc1Cl)C(Br)Br
6086,6086,CC(C)(C)c1cc(C#CCCCCl)cc(C(C)(C)C)c1O
6087,6087,Cn1cc(C(=O)NC2(c3cccs3)CC2)c(C(F)(F)F)n1
6088,6088,Cc1nnnn1c1cc(NC(=O)c2cc(F)cc(Cl)c2)ccc1F
6089,6089,Cc1nc(CN2CCc3ccc(F)cc32)cs1
6090,6090,Nc1cc(C(=O)N(CC2CC2)C2CC2)ccc1[N+](=O)[O-]
6091,6091,C=CC1CC1C1CC(CCC)CCC1O
6092,6092,CCCC(C)CNc1cc(OC(F)F)c(F)cc1N
6093,6093,[NH3+]C(CO)C1CC2C=CC1C2
6094,6094,CC(C)Cc1nnc(SCc2ccc(C(=O)c3ccccc3)cc2)n1N=Cc1cc(I)c(OCc2ccc(F)cc2)c(I)c1
6095,6095,Cn1ncc(NC(=O)c2c(F)cccc2F)c1N
6096,6096,CC(=O)Nc1ccc(F)c(NC(=O)C[NH+]2CCCC(c3nc(C)no3)C2)c1
6097,6097,C=COCCC[NH2+]Cc1cc(Cl)ccc1Cl
6098,6098,O=C(Nc1ccc(c2nnc3n2CCCCC3)cc1)c1ccc(OC(F)(F)F)cc1
6099,6099,[NH3+]C1CCC2CN(C(=O)CCc3ncc(c4ccc(F)cc4)o3)CC12
6100,6100,[NH3+]CC(O)c1cc2[nH]c(=O)[nH]c2cc1[N+](=O)[O-]
6101,6101,C=CCC(C)(CNC(=O)OC(C)(C)C)COC(=O)Nc1ccc(C(F)(F)F)cc1
6102,6102,Cc1ccc(F)c(OCCCS(C)(=O)=O)c1
6103,6103,CCOC(=O)C1=C(COCc2ccccc2)NC(c2nccs2)=[NH+]C1c1ccccc1Cl
6104,6104,Nc1ccccc1NC(=O)CCCCCCC[NH3+]
6105,6105,Cn1c(C2CC[NH2+]C2)nc2ccc(C#N)cc21
6106,6106,O=C(C1CCn2cc[nH+]c2C1)N1CC(Oc2ccccn2)C1
6107,6107,COc1ccccc1NC(=O)NC1CCN(C(=O)C2CCOC2c2ccc(Cl)cc2)CC1
6108,6108,Cn1ncc2c1CCCN(C(=O)C1(C)CCCC1)C2
6109,6109,Cn1cc(c2cnc(N3CCC(C[NH3+])CC3)nc2)cn1
6110,6110,CC1CCCN(S(=O)(=O)c2ccc3c(c2)OCCCO3)C1
6111,6111,COc1cc2c(cc1OC)C(=[NH2+])N(CC(=O)c1cc(NC(C)=[NH+]CC3CCCN3c3ccccc3)c(O)c(C(C)(C)C)c1)C2
6112,6112,COc1ccccc1OCc1ccc(C(=O)NC(C)c2ccc(F)c(F)c2)o1
6113,6113,O=C(Nc1ccccc1Sc1ccccc1)c1ccc(S(=O)(=O)NC2CCCCC2)cc1
6114,6114,CC(=O)Nc1cccc(OCc2csc(C3CCOC3)n2)c1
6115,6115,CC1OCCC1(O)CNC(=O)Cn1nc2ccccn2c1=O
6116,6116,C=CC1CCN(c2nc(NCc3ccc(C)cc3)c3cnn(CC)c3n2)CC1
6117,6117,NC(=[NH+]O)c1ccc(Cl)cc1OC(F)(F)F
6118,6118,CCOC(=O)c1c(C)c(C)c(C)c(c2ccccc2)c1N
6119,6119,C[NH2+]C(C)c1cnn(Cc2c(C)cc(C)cc2C)c1
6120,6120,Cc1ccc(NS(=O)(=O)c2ccc(C(=O)Nc3ccc(F)cc3)cc2)cc1C
6121,6121,CP(C)OC(CC(C)C)C(C)(C)C
6122,6122,CCOCC(C)NC(NCCc1cccc(F)c1)=[NH+]C
6123,6123,O=C(CCn1ccnn1)Nc1ccc(F)c(C(=O)[O-])c1
6124,6124,CCOc1cccc(C=NNC(=O)C(C[NH3+])NC(=O)c2cccc(Cl)c2)c1
6125,6125,COc1c(C2=[NH+]C(O)Nc3n[nH]nc32)cc2cccnc2c1F
6126,6126,COc1ccc(C(=O)COC(=O)c2ccccc2NC(=O)c2ccco2)cc1
6127,6127,C=CC=C(c1ccccc1)C(O[Si](C)(C)C)C(OP(=O)(OCC)OCC)C(=O)OCc1ccccc1
6128,6128,CCCC[NH+](CC)CCNS(=O)(=O)c1cc(OC)c(OC)cc1N
6129,6129,Cc1ccc(CC2NC(=O)C(C(=O)NCc3cccc(c4nn[n-]n4)c3)CC(=O)N2C)cc1
6130,6130,COC(=O)c1ccccc1NC(=O)C1CCN(S(=O)(=O)c2ccc3c(c2)CCC3)CC1
6131,6131,COc1cc(c2n[nH]c(=S)n2CCC(=O)Nc2ccc(N3CCC([NH+](C)C)CC3)cc2)cc(OC)c1OC
6132,6132,C=CCCc1ccc(C2CCC(C3CCC(CCc4ccc(CCC)cc4)CC3)CC2)c(F)c1F
6133,6133,CCCc1noc(c2cn(C3CCN(C(=O)c4ccnc5[nH]ccc45)CC3)nn2)n1
6134,6134,COC(=O)c1ccc(OCc2ccc(B(O)O)cc2)cc1
6135,6135,CC1CCN(c2ccc(C(=O)Nc3[nH]ncc3NC(=O)c3ccc(Cl)cc3)cc2[N+](=O)[O-])CC1
6136,6136,Cc1cc(C(=O)Cc2c(C)cccc2C)on1
6137,6137,CCC(C)C(NC(=O)C(CCCC[NH3+])NC(=O)C(C)NC(=O)C(CC(=O)[O-])NC(=O)C(Cc1ccc(O)cc1)NC(=O)C(CC(C)C)NC(=O)C(CC(C)C)NC(=O)C(CCC(N)=O)NC(=O)C(NC(=O)CNC(=O)C(CO)NC(=O)C(CCC(=O)[O-])NC(=O)C(CCCNC(N)=[NH2+])NC(=O)C(CC(C)C)NC(=O)C(CCSC)NC(=O)C(CCCNC(N)=[NH2+])NC(=O)CNC(=O)CNC(=O)C(CC(N)=O)NC(=O)C(CCC(=O)[O-])NC(=O)C(CC(N)=O)NC(=O)C(NC(=O)C(CC(=O)[O-])NC(=O)C(Cc1ccc(O)cc1)NC(=O)C(CC(=O)[O-])NC(=O)C(NC(=O)C(NC(=O)C(Cc1ccccc1)NC(=O)C(NC(=O)C(NC(=O)C(Cc1c[nH]c2ccccc12)NC(=O)C(CCC(=O)[O-])NC(=O)CNC(=O)C(CC(C)C)NC(=O)C([NH3+])C(C)C)C(C)C)C(C)C)C(C)C)C(C)C)C(C)C)C(=O)NC(CCC(=O)[O-])C(=O)NC(C)C(=O)NC(CC(N)=O)C(=O)NC(C(=O)NC(CCCC[NH3+])C(=O)NC(Cc1ccc(O)cc1)C(=O)NC(CCCC[NH3+])C(=O)NC(CCCNC(N)=[NH2+])C(=O)[O-])C(C)C)C(C)O
6138,6138,NC(=[NH2+])c1cccc(C2CN(S(=O)(=O)c3ccccc3)CCO2)c1
6139,6139,Cc1cc(C)c(S(=O)(=O)N2CCN(C(=O)c3ccnnc3)CC2)cc1C
6140,6140,CCOC(=O)C=CC(=O)OCC(=O)C(C#N)=C1Sc2ccccc2N1c1ccccc1
6141,6141,COCCCN(CC(=O)N(CCc1c[nH]c2ccccc12)Cc1ccc(F)cc1)C(=O)c1ccccc1F
6142,6142,COCCCNc1cncc(C(=O)NCc2ccc(Cl)cc2)c1
6143,6143,COc1ccc(C([O-])=C2C(=O)C(=O)N(c3cccc(C)c3)C2c2ccco2)cc1Br
6144,6144,C=C(C)CN(CC)C(=O)CCc1ccc(C)cc1
6145,6145,COc1ccc(N2CCN(CC(=O)N(C)c3ccccc3)C2=O)cc1
6146,6146,CCOC(=O)N1CCN(C(=O)C2(C)CCCC[NH2+]2)CC1
6147,6147,O=C(Nc1ccc(N2CCCCC2)nc1)C1CC[NH2+]CC1
6148,6148,COC(=O)c1sc(N)c2c1CC(c1ccc3c(c1)OCO3)C2
6149,6149,CSCCC(NC(=O)C(NC(=O)C([NH3+])CO)C(C)C)C(=O)NC(CCC[NH+]=C(N)N)C(=O)[O-]
6150,6150,CC1CC[NH+](Cc2cccc(c3cc(C(N)=O)c4[nH]c5ccc(C6=CC[NH2+]CC6)cc5c4n3)c2)CC1
6151,6151,[NH3+]CCCCCc1nc(=O)c2cc3c(=O)cccc-3[nH]c2[nH]1
6152,6152,O=C(NCC1CCC1)Nc1ccc2c(c1)C([NH2+]CC1CC1)CCC2
6153,6153,COC(=O)c1ccc(C(=O)OC)c(NC(=O)c2cnc3c(ccc[n+]3CCO)c2C(F)(F)F)c1
6154,6154,CC(=O)N(CCNS(=O)(=O)c1cccc(C(C)=O)c1)c1cc(Cl)cc(Cl)c1
6155,6155,C=CCOc1cc(OCC=C)cc(C=NO)c1
6156,6156,COc1cc(N2CCC(OCc3ccccc3)CC2)c(F)cc1[N+](=O)[O-]
6157,6157,COCC[NH2+]Cc1cncn1Cc1cccc(Cl)c1F
6158,6158,[NH3+]CC1CC1CC1c2ccccc2-c2ccccc21
6159,6159,C=CCC1(C(=O)NCc2cccs2)N=C(c2ccc(OCCCO)cc2)OC1c1ccc(c2ccccc2)cc1
6160,6160,COc1cc(OC)cc(N(CCNC(=O)C2COCCO2)S(C)(=O)=O)c1
6161,6161,Cc1ccc(CC2(CO)CCC2)cc1C
6162,6162,COc1ccc(S(=O)(=O)N(CC(=O)NCCOc2ccc(Cl)cc2)c2cc(Cl)ccc2OC)cc1
6163,6163,O=c1c2ccccc2c(CBr)nn1c1ccc(Cl)cc1
6164,6164,CC(=O)c1cccc(N2C(=O)C(=O)C(=C([O-])c3ccc(OCc4ccc(Cl)cc4)cc3)C2c2ccc(C(C)(C)C)cc2)c1
6165,6165,CC(C)(C)OC(=O)n1cc(Oc2ccc(C(F)(F)F)cc2)c2cc(S(=O)(=O)[O-])ccc21
6166,6166,CC1CCCC(Oc2cccc(C[NH3+])c2F)C1
6167,6167,CCOCCn1c(=NC(=O)CCCS(=O)(=O)c2ccccc2)sc2ccc([N+](=O)[O-])cc21
6168,6168,CC(=O)OCC1=CC23C(OC(=O)c4ccccc4)COC2C2OC(C)(C)OC2C13C
6169,6169,Cc1c(C2OCCC2NC(=O)N2CCC(C3(C)NC(=O)NC3=O)CC2)cnn1C
6170,6170,CNc1nc(C)cc(NCC2CC(O)C2)n1
6171,6171,CCCCSc1ccc(C[NH2+]C2CC2)cc1Br
6172,6172,CCC(C)C([NH3+])c1nc(C(=O)NC2CC[NH+](C)CC2)co1
6173,6173,CCn1cc(C(C)NC(=O)c2nn(c3ccccc3)ccc2=O)c(C)n1
6174,6174,COc1ncc(C2C[NH2+]CC(=O)N2C(C)(C)C)s1
6175,6175,CC(OC(=O)C=Cc1ccccc1Br)C(=O)Nc1ccc(OC(F)(F)F)cc1
6176,6176,Cc1ccc(S(=O)(=O)NN=C2CCc3cc(C[NH2+]CCOS(C)(=O)=O)ccc32)cc1
6177,6177,Cc1cccc2c(=O)n(CCCC[NH+](C)C)cnc12
6178,6178,CCC1(CC)CCN(C(=O)CC2CCCC[NH2+]2)C1
6179,6179,CCOC(=O)c1cc(NC(=O)C2CCN(S(C)(=O)=O)CC2)ccc1N1CCCCC1
6180,6180,CCOc1cccc(CNc2nc(C)cc(C)c2C#N)c1
6181,6181,CC(C)CSCC(NN)c1ccncc1F
6182,6182,C=CCC(C(C)O[Si](C)(C)C(C)(C)C)C(=O)NCc1ccccc1
6183,6183,O=C1C2C(c3ccc(Cl)cc3)Sc3nnnn3C(c3ccccc3O)C2C(=O)N1CCc1ccccc1
6184,6184,COc1ccc(C(=O)[O-])cc1OCC1CCOC1
6185,6185,C=CCOc1ccc(C=C2SC(=S)N(c3ccc(C#N)cc3)C2=O)cc1
6186,6186,CCc1cc(CCl)cc(Oc2cccc(C(C)(C)C)c2)n1
6187,6187,CC(C)n1ccnc1NCCc1ccccn1
6188,6188,CSCCC(NC(=O)C([NH3+])C(C)C)C(=O)NCC(=O)NC(C)C(=O)[O-]
6189,6189,O=C([O-])Cc1ccc(OCC(F)(F)F)c(C=Nc2ccc(Cl)c(Cl)c2)c1
6190,6190,C[Si](C)(C)c1ccc([Si](C)(C)[Si](C)(C)c2ccc([Si](C)(C)c3ccc([Si](C)(C)c4ccc([Si](C)(C)c5ccc6ccccc6c5)cc4)cc3)cc2)cc1
6191,6191,C[NH2+]C(CSCC1CCCCO1)c1cc(C)cc(C)c1
6192,6192,Nc1cccc2c1-c1ccccc1C2c1ccccc1
6193,6193,CCCc1cc(OCCCc2ccc(CCC)cc2)c(C(=O)CCCc2ccccc2)cc1OCCC
6194,6194,Cc1cc(NC(=O)C2(C(=O)Nc3ccc(F)c(F)c3)CC2)ccc1Br
6195,6195,O=C(NCC[NH+]1CCC(NS(=O)(=O)c2ccc(F)cc2)CC1)c1ccc2ccccc2c1
6196,6196,Cn1c(C[NH+]2CCCC(C(=O)Nc3cccc(Cl)c3Cl)C2)cc2ccccc21
6197,6197,COc1cn(c2ccc3c(c2)CCC3)c(c2ccccc2)[nH+]1
6198,6198,O=C(Nc1ccc(Cl)cc1Cl)c1c[nH]c2c(NC3CC[NH2+]CC3)nccc12
6199,6199,O=C(C1CCCCC1)N1CCCC(S(=O)(=O)N2CCc3sccc3C2)C1
6200,6200,COc1ccc(N(CC(=O)NN=Cc2cccc(Br)c2)S(=O)(=O)c2ccc(C)cc2)cc1Cl
6201,6201,COc1ccc(C(=O)N(CCc2ccccc2)C2CC(=O)N(c3ccc(c4ccccc4)cc3)C2=O)cc1
6202,6202,Cc1ccc(C[NH2+]CC(C)N2CCCCC2)c(F)c1
6203,6203,O=c1c2c(ncn1CCc1ccc(Cl)c(Cl)c1)scc2c1ccccc1Cl
6204,6204,Cc1ccc(N2C(=O)CC(Nc3ccc(C(=O)N4CCC5(CC4)OCCO5)cc3)C2=O)cc1
6205,6205,O=C(CNC(=O)C1CC[NH+](CC(=O)Nc2cccc(C(=O)Nc3ccc(F)cc3F)c2C)CC1)Nc1ccc(Cl)c(C(=O)N2CCCCC2)c1
6206,6206,CCc1onc(C)c1NC(=S)NC1CCCC(C)C1
6207,6207,COC(=O)C(C)NP(=O)(OCC1OC(n2ccc(N)nc2=O)C(C)C1O)Oc1ccccc1
6208,6208,CC(C)CNC(=O)c1cncc(C(=O)Nc2ccc(Br)cc2)c1
6209,6209,CCCCc1nc2c(N)nc3c(c2n1Cc1ccccc1)N(CCC)C(=O)C(C)N3
6210,6210,C=CC(=O)OCC[NH2+]Cc1ccc(Sc2ccccc2C)cc1
6211,6211,CCCCC(Nc1cccc(C)n1)C(C)(C)C
6212,6212,CCCCCN(CCCCC)c1ccc2c(c1)OCCC21C=CC(=O)C1
6213,6213,CCc1cccc(N2C(=O)C(=O)C(=C([O-])c3ccc(OC)cc3)C2c2cccc(O)c2)c1
6214,6214,CC(C)C(C[NH3+])N1CCc2sccc2C1C
6215,6215,CCCCN1C(=O)C(c2ccccc2)=C(Cl)C1=O
6216,6216,CCc1cc(=O)nc(n2nc(c3ccc(C)cc3)cc2NC(=O)c2cccn(Cc3ccco3)c2=O)[nH]1
6217,6217,Cc1ccc(C(C)(C)C(=O)NC(C)C#N)cc1
6218,6218,CCOC(=O)c1[nH]c2c(c1C)C(=O)CC2
6219,6219,COC(=O)NCCc1ccc(Cl)c(Cl)c1
6220,6220,CC(C)C(=O)N(C)c1ccc(NC(=S)NC(=O)c2ccc([N+](=O)[O-])cc2)cc1
6221,6221,CC(C)C(NC(=O)C1CC[NH+](CC(=O)Nc2cc(C(=O)NC3CCCCC3)ccc2Cl)CC1)C(=O)Nc1ccc(NC(=O)c2cccc(F)c2)cc1
6222,6222,Cn1c(C2CCC[NH+](C3CCN(C(=O)c4ccc(Cl)cc4)CC3)C2)nc2ccccc21
6223,6223,Cn1c(=O)n(C(C)(C)C(=O)Nc2cc(c3ccnc(N)c3)cc(c3ccsc3)n2)c2ccccc21
6224,6224,CCOC(=O)C(O)(OCC)C(OCC(F)(F)C(F)(F)C(F)(F)C(F)F)c1ccc(C)cc1
6225,6225,CC(C)C(CO)Nc1nc(n2nc(C(C)(C)C)cc2NC(=O)C2CC2)nc(c2ncccn2)c1C#N
6226,6226,CCc1ccc(C=C2SC(=O)N(CC(=O)Nc3cccc(C)c3)C2=O)cc1
6227,6227,Cn1cc(N2CCCC(NS(=O)(=O)c3cccc(C(F)(F)F)c3)C2=O)cn1
6228,6228,CCC1CCC(C[NH3+])C(c2nc(C)cs2)C1
6229,6229,O=C1NC(C(O)C(=O)Nc2ccc(CC[NH2+]CC(O)c3ccc(O)c4[nH]c(=O)ccc34)cc2)CO1
6230,6230,Cc1cc(C)cc(C(=O)N2CCCC(NC(=O)Nc3ccccc3Cl)C2)c1
6231,6231,CC(C)n1c(=O)c(=O)n(CC(=O)N2CCCC2Cn2cc([N+](=O)[O-])cn2)c2ccccc21
6232,6232,Cc1ccc(S(=O)(=O)N2CCC(C(=O)Nc3cccc(c4csnn4)c3)CC2)cc1
6233,6233,CC(C)NC(=O)COC(=O)c1c2c(nc3ccccc13)C(=Cc1cccc([N+](=O)[O-])c1)CCC2
6234,6234,COc1ccccc1C=CC(=O)Nc1cc(OC)c(OC)c(OC)c1
6235,6235,CCn1ncc(NC2CCCCC2SC)c(Cl)c1=O
6236,6236,N#Cc1ccc(CCC(=O)NN=Cc2cccc(OCC(=O)Nc3ccc(F)cc3)c2)cc1
6237,6237,[NH3+]CC1CCCc2c(O)cccc21
6238,6238,CCc1cnc(CCNC(NCC(=O)NC(C)CC)=[NH+]C)s1
6239,6239,O=C(CC1CCCC1)NC1CCN(C(=O)Nc2ccccc2)CC1
6240,6240,CCCc1ccccc1N1CCCCC1C[NH2+]C
6241,6241,COc1ccc(Cl)cc1C1CNc2cc(Nc3ncc4cc(OC)ccc4n3)nn21
6242,6242,CCc1cccc2c1NCCC2Cl
6243,6243,COC(=O)c1ccc(N)c(NC(C)CC(N)=O)c1
6244,6244,CC(C)Cc1ccc(S(=O)(=O)N2CCCCC2C[NH3+])cc1
6245,6245,CNc1ccc(c2nc(c3ccc(Br)cc3C)no2)cc1
6246,6246,CCC1CCC2(CC1)OC(=O)C(C)=C2C(=O)Oc1ccccc1
6247,6247,CCOc1cc2c(cc1CNC(=O)COc1ccccc1F)OC(C)C2
6248,6248,COc1cc2nc(NCC3CCCO3)ncc2cc1NS(=O)(=O)c1ccccc1
6249,6249,Cn1c(C(=O)NCc2csc(=O)[nH]2)cc2oc(Br)nc21
6250,6250,COCC(O)C[NH+](CCC(=O)[O-])C(C)C
6251,6251,CCC1C(=O)NCCN1c1nc(C(C)C)c(C(=O)[O-])s1
6252,6252,Cc1nc(NC(=O)c2ccc(Cn3cc(Br)cn3)cc2)sc1C
6253,6253,CCCCSc1ccc(C[NH3+])c(F)c1F
6254,6254,CC(C)c1c(C[NH3+])nnn1Cc1cc(Cl)ccc1Cl
6255,6255,N#Cc1ccc(S(=O)(=O)N2CCN(c3ncc(Cl)cc3[N+](=O)[O-])CC2)cc1
6256,6256,COC(=O)C(NS(=O)(=O)c1ccc(OC)c(F)c1)C(C)C
6257,6257,CCOC(=O)c1c(C=O)ccn1Cc1ccccc1C
6258,6258,CCC(C)NC(=O)c1cc(NC(=O)C[NH+]2CCC(C(=O)NC(C)C(=O)Nc3ccccc3C(=O)NCc3ccc(F)cc3)CC2)ccc1Cl
6259,6259,CC(C)(C)c1ccccc1OCC(=O)Nc1ccc(c2cn3cccc(C(=O)[O-])c3[nH+]2)cc1
6260,6260,O=C([O-])C(O)c1ccc(c2ccc3cc(C(F)(F)F)ccc3c2)[nH]1
6261,6261,Cc1ncsc1CNS(=O)(=O)c1c(Cl)nc2sccn12
6262,6262,CCS(=O)(=O)Nc1cnc2c(ccn2Cc2ccc(C(F)(F)F)cc2)c1
6263,6263,Cc1nc2c([nH]1)C[NH+](Cc1cc3cc(F)ccc3s1)CC2
6264,6264,CC1CCC(C[NH3+])(N2CCS(=O)CC2)CC1
6265,6265,CCC1([NH+]2CCC(Nc3nc(N(C)C)c4ccccc4n3)CC2)CCC1
6266,6266,C[NH2+]C(Cc1cccc(Cl)c1)C(C)(C)N1CCCC1
6267,6267,COC(C)c1noc(C[NH+]2CCCC(c3[nH+]ccn3Cc3ccncc3)C2)n1
6268,6268,Cc1ccc(C#CC[NH3+])c(C(=O)N2CCCCC2CC)c1
6269,6269,COCCCOCCOCC(=O)C1CCCC1
6270,6270,Cn1cc(C2C[NH+](CC(=O)NC3CC3)CC2c2ccccc2)cn1
6271,6271,O=c1nc[nH]n1CC1CCC[NH+]2CCCCC12
6272,6272,Cc1ccc(NC(=O)C(OC(=O)CCNC(=O)OC(C)(C)C)c2ccccc2)cc1F
6273,6273,Cc1ccc(C(C)[NH+]2CCN(C)C(=O)C2)s1
6274,6274,O=S1(=O)CCc2cnc(NCC3CC[NH+](C4CC4)CC3)nc2C1
6275,6275,COCCNc1cncc(c2ccc3[nH]nc(c4nc5c(ccnc5c5ccsc5)[nH]4)c3n2)c1
6276,6276,COc1ccc(C=c2[nH]c(=O)c(=Cc3cc(OC)c(OC)c(OC)c3)[nH]c2=CCc2ccc(C)cc2)cc1
6277,6277,C[NH2+]CCCN(C)S(=O)(=O)Nc1c(F)cccc1F
6278,6278,COC(=O)C(C)N1C(=O)SC(=Cc2ccc(OCC(N)=O)cc2)C1=O
6279,6279,CC1=C(c2nc3ccc(c4ncn(CC#N)n4)nc3n2C2CC2)C(C)C2CCC3(C)CCCC(C)C3C1C2
6280,6280,O=C([O-])C1CN(C(=O)CCC2CCCC2)CC1C(F)(F)F
6281,6281,O=C(CC1CCOC2(CCN(C(=O)c3ccn[nH]3)CC2)C1)c1ccccc1
6282,6282,CCC(C)n1nccc1NC(=O)Cn1c(=O)oc2ccccc21
6283,6283,COc1ccc(NC(=O)CCc2ccc(S(=O)(=O)N3CCCCC3)cc2)cn1
6284,6284,CCCCCCC[n+]1ccn(CC)c1
6285,6285,CC1CCC(N(C)c2cccc(C(O)(c3ccc4cc[nH]c4c3)c3cnn(C)c3)c2)CC1
6286,6286,[NH3+]C1CCCc2nc(c3ccccc3Cl)sc21
6287,6287,O=C(Nc1cnc(N2CCOCC2)nc1)c1noc2c1CCCCC2
6288,6288,COc1ccc(CNc2nc(c3c[nH]c(C(=O)NC4CCCCC4)c3)nc3ccccc23)cc1
6289,6289,Cc1cc(C(=O)OCc2nnc(c3ccco3)o2)c(C)n1c1ccccc1Br
6290,6290,COc1ccc2c(c1)c1c(n2C)C(C(C)C)CC(C(C)C)C1
6291,6291,Cc1[nH]c(C[NH2+]C2CCCC2)c(C)c1C(=O)N1CCS(=O)(=O)CC1
6292,6292,CCC1CCC(Nc2nnc(C(C)Cl)o2)CC1
6293,6293,CC(C)(C)C(c1ccccc1Br)C([NH3+])c1ccccc1
6294,6294,COCC[NH2+]Cc1ccncc1N1CCC(C(C)C)C1
6295,6295,O=c1[nH][nH]c2cc(Cl)ccc12
6296,6296,Cc1cc(F)ccc1C(=O)NCCC(C)(C)CO
6297,6297,C=CCN1C(=O)COc2ccc(c3csc(CC[NH3+])n3)cc21
6298,6298,O=C(Nc1ccccc1c1ccccc1)N1CCN(c2ccc(O)cc2)CC1
6299,6299,CCOC(=O)N1CCN(C(=O)C[NH+](C)Cc2ccc(OC)c(F)c2)CC1
6300,6300,N#CC1=C(Nc2cccc(Cl)c2)OC(c2ccccc2)(c2ccccc2)C1=O
6301,6301,COc1cccc2c1C(c1nc3ncncc3[nH]1)CCC2
6302,6302,Cc1nn(Cc2c(F)cccc2Cl)c(C)c1NC(=O)c1ccc([N-]S(=O)(=O)c2cccs2)cc1
6303,6303,C=CCn1c(CCCCC(=O)[O-])nc2ccccc21
6304,6304,CC(C)(C)[NH2+]CCC(=O)Nc1ccc(Br)c(Cl)c1
6305,6305,COCCN(CCOC)S(=O)(=O)c1ccc(C(=O)Nc2c(C#N)cnn2c2ccccc2)cc1
6306,6306,Cn1cc[nH+]c1CCC[NH2+]CCc1ccncc1
6307,6307,COc1ccc(C(=O)NCCn2nc(c3ccncc3)ccc2=O)cc1
6308,6308,CC1C=CC(I)=CC1
6309,6309,CC1CCC(NC(=O)C2(C)CC[NH2+]C2)CC1C
6310,6310,Cc1c(OCC(=O)[O-])cccc1S(=O)(=O)N(C)C(C)C
6311,6311,CCC1CCCC[NH+]1CCNC(NCc1ccc(OC2CCCC2)cc1)=[NH+]C
6312,6312,C=CCc1cc(C=C2SC(=O)N(Cc3c(Cl)cccc3Cl)C2=O)cc(OCC)c1O
6313,6313,CCOC(=O)Cn1c(=NC(=O)Cc2coc(c3cccs3)n2)sc2cccc(Cl)c21
6314,6314,COc1ccccc1C(=O)CSc1nnc(C)n1c1cccc(C)c1C
6315,6315,COC(=O)c1c(NC(=S)NC(=O)C=Cc2ccco2)cc1c1ccccc1
6316,6316,COc1ccccc1N1C(=O)CSC1=S
6317,6317,O=C([O-])c1nc(C2CCOCC2)ncc1[N+](=O)[O-]
6318,6318,CCOC(=O)C(C)(C(O)CCc1ccccc1)S(C)(=O)=O
6319,6319,Cc1ccnc(N2CCCC2c2nnc(C(F)(F)F)o2)c1
6320,6320,Fc1cc(Cl)c(Cl)cc1c1nc2ccc(Br)cn2c1Nc1ccccc1
6321,6321,O=C1CCC(C(=O)NCC2(CBr)CC2)CC1
6322,6322,Cc1nccn1CC[NH+]1CCN(C(=O)COc2cc(Cl)ccc2Cl)CC1
6323,6323,CCCC(C)C(CSc1ccsc1)[NH2+]CC
6324,6324,COC(=O)c1cc2ccccc2cc1C=Cc1ccc(Br)s1
6325,6325,COC(=O)c1cc2[nH]nc(NCc3cccc(C)c3)c2s1
6326,6326,COc1nc(SC#N)nc2c(C(F)(F)F)cccc12
6327,6327,CCC(C)(OC)C([NH2+]C)c1cccc(OC)c1OC
6328,6328,CN(CC(=O)[O-])C(=O)CCn1cc(Br)cn1
6329,6329,O=c1nc(Nc2nn(Cc3cccc(C(F)(F)F)c3)cc2Cl)[nH]c2ccsc12
6330,6330,O=C1NC(=O)C2CN(C(=O)NCC3CCC[NH+]4CCCC34)CC12
6331,6331,O=C(C[NH+]1CCN(C(=O)c2ccc3oc(=O)[nH]c3c2)CC1)NCc1ccccc1
6332,6332,COc1ccc(Nc2ccnc(NCCC[NH+](C)C)n2)cc1
6333,6333,C=CCn1c(SCC(=O)Nc2c(C(C)C)cccc2C(C)C)nc2c([nH]c3ccccc32)c1=O
6334,6334,O=C([O-])C1CCC(C(=O)Nc2nc3cc(S(=O)(=O)N4CCCC4)ccc3n2Cc2ccco2)C1
6335,6335,O=C(C[NH+]1CCC(C(=O)c2ccc(F)cc2)CC1)NC1CCCC1
6336,6336,Cc1ccc(c2nc(=O)c(CC(=O)[O-])c(C)[nH]2)cc1
6337,6337,Cc1c(CNc2ncc(C(=O)NO)cn2)cccc1c1ccccc1
6338,6338,O=C1C(=Cc2cc(Br)ccc2OCc2ccccc2Cl)SC(=S)N1c1ccc(F)cc1
6339,6339,Cc1ccc(C(c2ccc(C)cc2C)[NH+]2CCN(Cc3ccccn3)CC2)cc1
6340,6340,NC(=S)C1(C(=O)N2CC3CCC(O)C3C2)CCOCC1
6341,6341,CCC1(CNS(=O)(=O)c2cccc(CCl)c2)CCCC1
6342,6342,C=CCN1C(=O)C(COc2cccc(C)c2C)SC1=[NH+]c1ccc(OC)cc1
6343,6343,CCCCCN1CCCn2cc(C)[nH+]c21
6344,6344,C=Cc1[nH]c2ccccc2c1C(=NC#N)C(=O)NCCC
6345,6345,Cc1ccc(Oc2ccc(CC(C)[NH3+])cc2)c(C)n1
6346,6346,Cn1cncc1c1noc(C2CCCC2[NH3+])n1
6347,6347,CC(C)CC([NH3+])C(O)c1ccc(C(F)(F)F)cc1
6348,6348,CCc1ccc(C(C)[NH2+]C(C)c2cccc(Br)c2)cc1
6349,6349,COCCCNc1cc(N)nc(COC)n1
6350,6350,CC(C)(CCl)C(=O)Nc1ccc(S(=O)(=O)N2CCCC2)cc1
6351,6351,O=C(Nc1ccc2oc(c3ccccc3Cl)nc2c1)c1cccc(n2cnnn2)c1
6352,6352,NC(=S)c1ncccc1OCC1CC1
6353,6353,Cn1cnnc1C1C[NH+](Cc2ccn(C3CCCC3)n2)CCO1
6354,6354,Cc1ccc(C2CN(C(=O)NCCc3ccncc3)CC23CCC3)cc1
6355,6355,Cc1cc(Cl)ccc1OC(=O)N(CC[NH3+])C(=O)OC(C)(C)C
6356,6356,COc1ncc(c2ccc3nccc(c4ccc(N(C)CC[NH+](C)C)c(C#N)c4)c3c2)cc1NS(C)(=O)=O
6357,6357,Cn1nccc1C1CCN(C(=O)c2ccccc2Nc2ccccc2)CC1
6358,6358,CCCCc1ccc(NC(=O)N2CCCC(n3nc(c4ccco4)ccc3=O)C2)cc1
6359,6359,O=C(COC(=O)c1oc2ccccc2c1CSC1=NCCS1)Nc1ccc(F)cc1
6360,6360,O=C(Nc1ccc(N2CC[NH+](Cc3ccccc3)CC2)cn1)c1ccccc1F
6361,6361,Cc1nnc(N2CCC3(CCCC3)CC2)n1C
6362,6362,CC1COc2ccccc2C12NC(=O)N(CC(=O)NCc1ccc(OCC(F)(F)F)cc1)C2=O
6363,6363,Cc1ccc(S(=O)(=O)N2CCCC(c3noc(C4CCCO4)n3)C2)cc1
6364,6364,O=C1OCCN1CCn1c(CCCc2ccccc2)nc2ccccc21
6365,6365,COCCn1cc(NS(=O)(=O)c2c(C)oc(C)c2C(=O)OC)cn1
6366,6366,Cc1cc(=O)c(C(=O)Nc2ccccc2C#N)nn1c1ccccc1F
6367,6367,CCCc1noc(CSc2nnc(CNC(=O)c3ccc(Cl)cc3)n2c2cccc(C)c2)n1
6368,6368,COc1c(Cl)cc(C=CC(=O)NC(C)C)cc1Cl
6369,6369,COC(=O)c1sccc1NC(=O)Cn1nc(Cc2ccccc2)c2c1CCC2
6370,6370,Nc1ccn2cc(c3cc(Cl)cc(Cl)c3)[nH+]c2c1
6371,6371,Cn1cnc(S(=O)(=O)N2CCN(c3cc(Nc4cccnc4)ncn3)CC2)c1
6372,6372,O=S1(=O)CCC(O)(CNc2cc(Br)cc(F)c2F)CC1
6373,6373,CCOC(=O)Cn1c(=O)cc(c2ccccc2)nc1c1ccccc1
6374,6374,Cc1c(OCCc2ccccc2)ccc2c1OC(=Cc1ccc([N+](=O)[O-])cc1)C2=O
6375,6375,O=C(C[NH+]1CCOCC(O)C1)NCc1cccnc1Oc1ccccc1
6376,6376,CCCCCn1nc(C(=O)NNC(=O)c2ccc(Cl)cc2Cl)c2ccccc2c1=O
6377,6377,O=C(c1cc2ccccc2oc1=O)N1CCC(O)CC1
6378,6378,CC(=O)OC(CC(CO[Si](C(C)C)(C(C)C)C(C)C)C(C)C(=O)OC(C)(C)C)CC(C)C(=O)OCc1ccccc1
6379,6379,CCOC(=O)Nc1ccc(OC)c(NC(=O)NC2(c3ccncc3)CCCCC2)c1
6380,6380,Cc1ccc(F)c(NCc2c(Cl)ccc(Cl)c2Cl)c1F
6381,6381,COC(=O)c1ccc(c2cn(C3CCN(C(C)=O)CC3)nn2)o1
6382,6382,CC1CN(C(=O)NCc2nc(C(=O)[O-])cs2)CC1[NH+](C)C
6383,6383,CCCC(C)CNC(=O)c1cccc(N)c1[N+](=O)[O-]
6384,6384,CCOC(=O)C(Cc1nc(C)ccc1N)[NH2+]C1CC1
6385,6385,Cc1ccnc(NC(=O)c2c(NCC3CCCO3)sc3c2CCC(C)C3)c1
6386,6386,CC(=O)OC1(c2ccc(C)cc2C)CC2COC(c3ccc(C)cc3)=C2C1
6387,6387,Cn1nnc(CC(=O)C2CC2c2ccccc2)n1
6388,6388,CC1CC[NH+](C(CNC(=O)c2ccc(=O)n(C)n2)c2cccs2)CC1
6389,6389,CNc1nc(Cc2ccccn2)nc(C)c1C
6390,6390,CCOC(=O)Cn1c(=NC(=O)c2ccc([N+](=O)[O-])o2)sc2cccc(F)c21
6391,6391,Cc1ccc(n2ncc3c(=O)n4c(nc32)SCC4CC(=O)Nc2c(C)cc(C)cc2C)cc1C
6392,6392,N#Cc1ccc(c2ccc(C3=NOC(C[NH+]4CCCCC4)C3)cc2)cc1C(F)(F)F
6393,6393,CSc1cccc(OCC(C)CO)c1C(N)=[NH+]O
6394,6394,COCCNC(=O)C[NH2+]Cc1cn(CC(=O)[O-])nn1
6395,6395,CC(Nc1nncs1)C1CCC[NH2+]C1
6396,6396,COc1ncc(C[NH+]2CCC(C)C(O)C2)cc1NS(=O)(=O)c1cc(OC(F)(F)F)ccc1Cl
6397,6397,CC(C)[NH+](CCCO)Cc1cncc(Br)c1
6398,6398,CCCS(=O)(=O)N1CCN(C(=O)c2cc(OC)c(OC)cc2Br)CC1
6399,6399,C[NH2+]Cc1cc(S(=O)(=O)Nc2nc(C)ns2)c(Br)s1
6400,6400,Cc1cc(C)c(NC(=O)CNC(=O)C2CC(=O)N(Cc3ccccc3)C2)c(C)c1
6401,6401,O=C(Cn1c(=O)[nH]c2ccccc2c1=O)Nc1ccc(OC2CCCC2)nc1
6402,6402,Cc1nccn1Cc1ccc(C(=O)Nc2ccc(N(C)C)cc2)o1
6403,6403,Nc1ccccc1Nc1c(C(N)=S)c[nH+]c2ccccc12
6404,6404,CNc1nc(NC(C)C)nc(NC2CCSCC2)n1
6405,6405,O=C(Nc1cccc(OC(F)(F)F)c1)C1CCS(=O)(=O)C1
6406,6406,O=C(Nc1ccccc1N1CCCC1)c1ccc(OC2CC[NH+](CCc3ccccc3)CC2)cc1
6407,6407,COC(=O)c1c(NC(=O)CSc2nnc(CNC(=O)c3cccc(F)c3)n2C)sc2c1CCC(C)C2
6408,6408,CC(C)C[NH2+]CC(C(C)C)N(C)Cc1csc(Br)c1
6409,6409,CC(C)(C#N)CCCn1ccc2ccc(C(=O)[O-])cc21
6410,6410,O=C(Cc1cn[nH]c1)N1CCC2(CC[NH2+]CC2)C1
6411,6411,N#Cc1cccc(OCCn2c(CO)nc3ccccc32)c1
6412,6412,CC(C)c1ccc(CN(C)C(=O)C2(c3ccc4c(c3)OCCO4)CCCCC2)cc1
6413,6413,COc1ccc(Br)c(C([NH3+])CC2CSCCO2)c1
6414,6414,COC(=O)C(Cc1ccccc1)NC(=O)Nc1c(C)cc(C)cc1C
6415,6415,COc1ccc(CNC(=O)C(C)(C)[NH3+])cc1Br
6416,6416,Cn1cnnc1CNC(=O)Cn1[nH]c(=O)ccc1=O
6417,6417,CC(C)c1nc2cc(NC(=O)COc3ccc(F)cc3Br)ccc2o1
6418,6418,COc1cc(Br)ccc1C(=O)NCC1(O)CCCC1
6419,6419,Cc1nnc2ccc(C(=O)N3CCC4(CC[NH+](Cc5ccccc5)C4)C3)cn12
6420,6420,CC(C)C(C[NH2+]C1CC1)OC1CCCC(C)C1
6421,6421,C[NH2+]CCC=Cc1cc(Br)c(OC)c(OC)c1
6422,6422,CCOc1cccc(C=NNc2nc(=O)cc(N)[nH]2)c1O
6423,6423,Cc1nc(Nc2cc(N(C)CCO)c(N=Nc3n[nH]c4c3C(=O)C3(C)CCC3CC4)cc2C)c(CO)c(N=Nc2nc3ccc(N(C)S(=O)(=O)c4cccnc4)cc3s2)n1
6424,6424,N#CC1(C#N)C(C#N)(C#N)C(c2cccc3ccccc23)Oc2ccccc21
6425,6425,Cc1c(Cl)cccc1NC(=O)CNC(=O)C1CC[NH+](C(C)C(=O)Nc2ccc(C(=O)N3CCCCC3)cc2C)CC1
6426,6426,COCC(O)CCNC(=O)c1nn(c2ccccc2)c(C)cc1=O
6427,6427,COc1ccccc1OCc1noc(CNC(=O)Nc2cccc(OC)c2)n1
6428,6428,Nc1ccc(N2CC[NH+]3CCCC3C2)nc1
6429,6429,COc1ccc(Oc2cc(F)cc(F)c2)c(Nc2ncnc(Cl)n2)c1
6430,6430,COc1ccc(C(=O)NC(=S)Nc2sc3c(c2C#N)CCC(C(C)(C)C)C3)cc1I
6431,6431,Cc1cc(C(C)(C)C)cc(C)c1S(=O)(=O)Nc1ccnn1C1CCN(C(=O)C2CCCC2)CC1
6432,6432,Cc1c(Cl)cccc1NC(=S)Nc1ccc(C(=O)N2CCCC2)cc1
6433,6433,COC(=O)c1ccccc1S(=O)(=O)NCC1(O)CCOC1
6434,6434,CCCc1c(OCC2CSc3ccccc32)cccc1c1n[nH]c(C)c1Cl
6435,6435,COc1ccc(C)cc1C(CNC(=O)C(C)NC(=O)c1ccccc1)[NH+](C)C
6436,6436,COc1cc(Br)cc(C(C)(C)[NH3+])c1O
6437,6437,CC(C)(C)[NH+]1CCN(c2ccc(Nc3nc(Cl)nc4c3ncn4Cc3ccc(F)c(Cl)c3)cc2)CC1
6438,6438,COc1ccc(c2nc(NC(=O)CCSc3nccn3C)sc2C)cc1
6439,6439,O=C(NCC1CCCO1)Nc1ccnn1Cc1ccc(F)cc1Cl
6440,6440,CCn1cc(Oc2ccc(CC(C)[NH3+])cc2Cl)cn1
6441,6441,CC(C)c1ccc(c2ncc(C[NH2+]C3CC3)s2)cc1
6442,6442,C=CC(=O)OCCC[Si](C)(OC(=C)C)OC(=C)OC
6443,6443,Cc1ccc(Oc2c(C)cccc2C(=O)[O-])c(Br)c1
6444,6444,COC(=O)C(Cc1ccsc1)NC(=O)C1(Cc2ccccc2)CCCN1C(=O)Cc1c(C)noc1C
6445,6445,Cc1ccc(NC(=O)NC(C)c2ncc(C)s2)cc1N(C)C
6446,6446,COc1ccc(C[NH+]2CCCN(C(=O)CCn3nc(C4CC4)cc3C)CC2)cc1
6447,6447,[NH3+]C(Cc1cccc(Br)c1)c1csc(Br)c1
6448,6448,CCCC(O)CNc1cc[nH+]c2ccccc12
6449,6449,CC(Sc1nnc(CNC(=O)c2ccccc2F)n1c1ccccc1)C(=O)N1CCCCC1
6450,6450,CC[NH2+]C(c1ccc(Cl)s1)c1sccc1CC
6451,6451,CCn1c(=NC(=O)c2ccc(S(=O)(=O)N(CC)CC)cc2)sc2cc(Cl)ccc21
6452,6452,Cc1ccc(CCC(=O)N2CCN(c3ccc4nncn4n3)CC2)cc1
6453,6453,FC(F)(F)c1ccccc1c1nnc2[nH]c(Cc3ccccc3)cn21
6454,6454,COC(=O)Cc1c(C)n(C2CC[NH+](Cc3ccc(C4CC[NH+](Cc5ccc(Br)cc5)CC4)cc3)CC2)c2ccc(O)cc12
6455,6455,CC(C)C[NH2+]CC(OCCOC(C)(C)C)c1ccccc1Cl
6456,6456,O=C([O-])C1CCC[NH+]1Cc1cn2cc(Cl)ccc2[nH+]1
6457,6457,C[NH2+]CCCCCC[NH2+]C
6458,6458,CS(=O)(=O)NCCCc1ccc(c2ccc(C(=O)NC(Cc3ccccc3)C(=O)NO)cc2)cc1
6459,6459,Cc1cc([N+](=O)[O-])ccc1n1nnnc1C([NH3+])C(C)C
6460,6460,CN(CC(=O)NCc1ccco1)C(=O)c1ccc(n2cncn2)cc1
6461,6461,Cc1cc(N2CCC(C(C)C)C2)ncc1[N+](=O)[O-]
6462,6462,CC(=O)Nc1cc(NS(=O)(=O)c2cccc(F)c2)ccc1F
6463,6463,CC(C)n1ncc2c(NC3CC[NH+](Cc4ccccc4Cl)CC3)c(C(=O)NC3CC3)c[nH+]c21
6464,6464,CC(C)CC(C(=O)OC1CC(C)(C)[NH+](C)C(C)(C)C1)n1cc(c2cnc(NCC3(C)OCCO3)c(F)c2)cn1
6465,6465,CCOC(=O)c1ccc(Nc2ccc(N(C)C)cc2)cc1
6466,6466,COc1ccc(C(C[N+](=O)[O-])=NO)cc1
6467,6467,O=C(CN1CC[NH+](CC(=O)Nc2cccc(C(=O)N3CCOCC3)c2)CC1)Nc1cc(C(=O)N2CCCC2)ccc1Cl
6468,6468,FC(F)(F)C1CCC(Nc2nccc(C(F)(F)F)n2)CC1
6469,6469,Cc1ccc(c2noc(Cn3cc(C(=O)[O-])cn3)n2)cc1
6470,6470,CCn1c(SCC(=O)NCCc2ccccc2)nnc1c1cccnc1
6471,6471,CCn1c(SCC(=O)N2c3ccccc3Sc3ccccc32)nc2cc(Cl)ccc2c1=O
6472,6472,CCS(=O)(=O)Nc1cc(c2ccc(n3ccnc3)cc2)ccn1
6473,6473,O=C(Nc1nc(c2ccccc2)cs1)C1CCCN(S(=O)(=O)Cc2ccccn2)C1
6474,6474,CCCC(O)CNC(=O)C(C)[NH3+]
6475,6475,Cc1c(C(=O)C(F)(F)F)ccc2c1NCC2
6476,6476,O=C(Nc1ccn(S(=O)(=O)c2ccc(CC3COCCO3)cc2)n1)C1CCCCC1
6477,6477,CCOc1c(Br)cc(C=C(C#N)C(=O)Nc2c(C)cccc2CC)cc1OC
6478,6478,CC1CCCC(C)N1NC1=[NH+]C(C)(C)CS1
6479,6479,Cn1nc(C2=CC3(C)C(CCC4C5CCC6=Cc7c(CCc8ccccc8)cccc7CC6(C)C5CCC34C)C2(C)C)nc1N
6480,6480,COc1ccccc1C(O)(c1ccc(C(=O)Nc2ccccc2N)cc1)C(F)(F)F
6481,6481,C[NH2+]C(c1cc(Cl)ccc1C)c1c(Cl)cnn1C(C)C
6482,6482,Cc1ccc(OCC(=O)OCC(=O)c2cc(C)n(Cc3ccco3)c2C)c(C)c1
6483,6483,CCC(C)NC(=O)c1ccc(Cl)c(NC(=O)C[NH+]2CCC(C(=O)NCC(=O)Nc3ccc(NC(=O)c4ccccc4)c(C)c3)CC2)c1
6484,6484,CC(C)c1ccc(OCc2cccc(Oc3ccccc3)c2)cc1
6485,6485,COc1ccc(CN2C(=O)c3ccccc3CC2(C)C(=O)NCC2CCCO2)cc1
6486,6486,CCCCc1ccc(N2C(=O)C(Nc3ccc(C)cc3)=C(Sc3nc(C)cc(C)n3)C2=O)cc1
6487,6487,CC(C)c1ccc(C(O)(C[NH3+])CC2CCCO2)cc1
6488,6488,CC1CC(N(Cc2cc(C(F)(F)F)cc(C(F)(F)F)c2)c2ncc(C(O)(c3cc(C(F)(F)F)nn3C(C)(C)C)c3nccn3C)cn2)C=NC1
6489,6489,Cc1cc(NC(=O)C[NH+]2CCC(C(C)O)C2)no1
6490,6490,COc1cc2ncnc(Nc3ccc(F)c(Cl)c3)c2cc1OC1CC[NH+](CC2CC2)CC1
6491,6491,CCC(C)NC(=O)C[NH2+]C(C)C(=O)N1CCC(C)CC1
6492,6492,O=C([O-])c1cnccc1n1cc(c2ccc3c(c2)OCO3)cn1
6493,6493,CC1CCC[NH+](C(C)C(=O)NC2CCCC2)C1
6494,6494,COc1ccc(Cl)cc1S(=O)(=O)NC(C)C1CCCO1
6495,6495,CC1CC(C)CC(NC(=O)C(C)N2C(=O)NC(c3ccccc3)(c3ccccc3)C2=O)C1
6496,6496,COc1ccc(OCCCCn2c(CCNC(=O)C34CC5CC(CC(C5)C3)C4)nc3ccccc32)cc1
6497,6497,CCn1cc(C(=O)[O-])c(=O)c2cc(C(=O)OCC[NH+]3CCOCC3)ccc21
6498,6498,COC(=O)C(OC(C)(C)C)c1c(C)n(c2ccc(OC(F)(F)F)cc2)c2ccc(OC(F)(F)F)cc12
6499,6499,CCCc1ccc(C(=O)Oc2ccc3cc(C(=O)NCCc4ccc(OC)cc4)c(=O)oc3c2)cc1
6500,6500,COc1cc2cc(C(=O)NC(C)c3cccc(NC(=O)c4c(C)onc4c4c(C)cccc4Cl)c3)[nH]c2c(OC)c1OC
6501,6501,Cc1ccc([N+](=O)[O-])c(C(=O)NC2(C(=O)[O-])CCOCC2)c1
6502,6502,O=C(NCc1ccccc1C[NH+]1CCOCC1)c1cccc(C(F)(F)F)c1
6503,6503,CCOC(=O)c1cccc(N=c2scc(c3cccc([N+](=O)[O-])c3)n2CC[NH+]2CCOCC2)c1
6504,6504,CC(=O)c1cn(C2CC(OC3CC(n4cc(C5CCC(C(=O)[O-])CC5)nn4)C(O)C(O)C3O)C(CO[Si](c3ccccc3)(c3ccccc3)C(C)(C)C)O2)c(=O)[nH]c1=O
6505,6505,Cc1c(CNS(=O)(=O)N2CCOC(C#N)C2)cnn1C
6506,6506,CCCCCC(C)(OC(=O)C1C2C(=O)N(C(CO)Cc3ccccc3)C(C(=O)N(C)c3ccccc3)C23CC(C)C1(C)O3)c1ccccc1
6507,6507,COc1ccc(S(=O)(=O)Nc2ccc3c(c2)C(SC)C(SC)CCS3(=O)=O)cc1
6508,6508,COc1ccccc1NS(=O)(=O)c1cccc(C(=O)Nc2nc(c3ccccc3)cs2)c1
6509,6509,Cc1cc(c2nnc3ccc(C(=O)[O-])cn23)n(C)n1
6510,6510,CS(=O)(=O)N1CCCC(C(=O)Nc2ccc(S(=O)(=O)Nc3ccccn3)cc2)C1
6511,6511,CCOC(OCC)C(C)([NH2+]C)c1cc(Br)ccc1F
6512,6512,CSCC(C)CNC(=O)C1CCC([NH3+])C(C)C1(C)C
6513,6513,Cc1nn(c2ccccc2)c(C)c1C=CC(=O)OCc1nc(c2ccc(Cl)cc2)no1
6514,6514,CC1CCC([NH2+]Cc2cc(N(C)C)nc(c3ccccc3)n2)CC1
6515,6515,O=C(Oc1ccn2nccc2c1)c1cc(S(=O)(=O)N2CCOCC2)ccc1Cl
6516,6516,CC1CCN(S(=O)(=O)N2CC(n3c(C[NH+](C)C)nc4ccccc43)C2)CC1
6517,6517,Cc1ccc(CSc2nnc(c3ccco3)cc2C(=O)Nc2cccc(F)c2)cc1
6518,6518,CC(C)N(CCC(N)=[NH2+])c1n[nH]c(=O)[nH]c1=O
6519,6519,CCCCCNC(=O)C1CN(C(=O)C(C)(C)C)CCN1C(=O)c1cccc(F)c1
6520,6520,Cc1c(C(=O)Nc2n[nH]c(C)c2C)cnn1C1CCOCC1
6521,6521,CCC(C)C([NH3+])C(=O)Nc1cc(C(=O)OC)ccc1OC
6522,6522,CC1CN(C(=O)c2csnn2)CC(=O)N1C
6523,6523,Cc1[nH]nc(C[NH+]2CCCC2CO)c1C(=O)[O-]
6524,6524,CCCCNC(=O)COc1c(I)cc(I)cc1OC
6525,6525,O=C(Nc1nc2ccc(C[NH+]3CCOCC3)cc2s1)c1cccc(C(F)(F)F)c1
6526,6526,CCCCC=CCCCCCCCCCCCC(=O)OCC(COC(=O)CCCCCCCCCCCCC)OC(=O)CCCCCCCC=CCCCCCCCC
6527,6527,O=C([O-])C1CN(C(=O)c2cc3ccc(Br)cc3s2)CC1C(F)(F)F
6528,6528,COc1ccc(CC(=O)NCCC[NH+]2CCC(C)CC2)cc1
6529,6529,COc1ccc(c2nc3c([nH]2)C[NH2+]CC3)cc1C
6530,6530,CC(OC(=O)c1ccc(S(=O)(=O)N2CCCCCC2)cc1)C(=O)NC1(C#N)CCCCC1
6531,6531,Cc1cc(C)c(S(=O)(=O)NC2C3C[NH2+]CC32)cc1C
6532,6532,O=C(COc1ccccc1Cl)NC1CCN(c2cccc(Cl)c2)C1
6533,6533,Cn1nnnc1C[NH+]1CC(CF)C(c2cccc(C(F)(F)F)c2)C1
6534,6534,COC(=O)C([NH3+])CCCCNc1ccccc1
6535,6535,O=C(Nc1ccc(NC(=O)C2CC2)cc1)c1ccc(n2cccc2)cc1
6536,6536,COc1cc(NC(C)c2ccc(Cl)s2)c(N)cc1F
6537,6537,CC(C)C[NH2+]Cc1sc(N2CCNC(=O)C2)nc1C
6538,6538,CC1CCC(C[NH3+])CN1c1nccc2c(Br)cccc12
6539,6539,C=Cc1ccc(C[N+](C)(C)CCCOC(=O)C=Cc2ccc(OC(=O)C(=C)C)c(CCC)c2)cc1
6540,6540,COc1ccc(Br)cc1CC(=O)c1cn(C)nc1C
6541,6541,COc1cc2c(cc1OC)C1CC(=Cc3ccc(OC(C)=O)cc3)C(=O)C(=NOC)C(=O)C1CC2
6542,6542,COc1ccccc1C1C(=C([O-])c2ccc(F)cc2)C(=O)C(=O)N1CCC[NH+]1CCOCC1
6543,6543,CC(C)CC(NC(=O)c1ccccc1)C(=O)NCC(c1ccccc1)c1ccccc1
6544,6544,COc1cc(Br)cc(C=NNc2nc(=O)cc(N)[nH]2)c1O
6545,6545,CCCCN(C)C(NCC)=[NH+]CC(C)(C)C(=O)NC
6546,6546,CCC1(c2nc(C3CCC3)no2)CCC[NH2+]1
6547,6547,O=C(NCc1ccc(S(=O)(=O)C2CCCC2)cc1)N1CCCCC1
6548,6548,Cc1cc(C)c(c2cncc(Nc3ccc(OC(F)(F)F)cc3)n2)cc1C(=O)NC1CCC([NH3+])C(C)C1
6549,6549,O=C(N1CCCC1)C1(NS(=O)(=O)c2cccc3ccccc23)CCCCC1
6550,6550,CC1(C)C2CCC1(CS(=O)(=O)N(CCC(N)=[NH+]O)C1CC1)c1nnc(c3ccccc3)n12
6551,6551,CC(C)C(NC(=O)C(Cc1ccccc1)NC(=O)C([NH3+])CCC[NH+]=C(N)N)C(=O)[O-]
6552,6552,Cc1ccc2c(c1)c1c(n2C(=O)C(F)(F)F)CC2CC[NH+](C)CC21
6553,6553,Cc1cc(S(=O)(=O)NCCC2=CCCCC2)sc1Br
6554,6554,COc1ccc(N=C(c2cccc(C3CCC[NH2+]C3)n2)C2C[NH2+]C2)cc1
6555,6555,CC(C)CCc1c(C(=O)N(C)CC(C)(C)O)cnn1c1cccc(Cl)c1
6556,6556,O=C(CCc1nc2ccccc2s1)NCC1(c2ccccc2)CCC1
6557,6557,COc1ccc(CNC(=O)c2cc3n(n2)CCCC32CCCCC2)cc1
6558,6558,Cn1nc(C(C)(C)C)cc1NS(=O)(=O)c1ccccc1Br
6559,6559,Cc1ccc(Br)cc1C(NN)C1([NH+](C)C)CCCCC1
6560,6560,Cc1ccc(F)c2c(NC3CC3)c3c(=O)[nH]sc3nc12
6561,6561,CSc1ccc(C=CC(=O)NCCCCCCl)cc1
6562,6562,COC(=O)C(C)=CC(C(C)=O)c1ccc(OC)cc1
6563,6563,FC(F)CN1CCC2(C1)OCCCO2
6564,6564,CC1CN(Cc2ccc3c(c2)OCCN3)CC[NH2+]1
6565,6565,Cc1[nH]c(=O)[nH]c(=O)c1NC(=O)c1cnn(C)c1
6566,6566,Cc1nc(Nc2nc3c(s2)CCCC3)cc(C2CC[NH+](Cc3ccc(Cl)cc3)C2)n1
6567,6567,O=C(C1CCCC(O)C1)N1CCOC2(CCCCCC2)C1
6568,6568,CCn1ncc2cc(C(=O)N3CCN(C(=O)C45CC6CC(CC(C6)C4)C5)CC3)c(C)nc21
6569,6569,COc1ccc(NC(=O)c2ccc(=O)n(CC(F)F)n2)cc1
6570,6570,O=C(CCC(=O)N1CCCc2cccc(F)c21)NCc1ccc(F)cc1
6571,6571,O=C1CCCN1C1CC2CCCC(C1)[NH+]2CCSC1=Cc2cc(Cl)ccc2OC1
6572,6572,O=C([O-])CCC1(c2cccc(c3cncc4ccccc43)c2)COC1
6573,6573,C=CC1CCC(OC(=O)C2CCC(COc3ccc(CC)cc3)CC2)CC1
6574,6574,CCCCCCNC(=O)Oc1cncn1CCC
6575,6575,O=C(NC(Cc1c[nH]c2ccccc12)C(=O)c1nc(C2C[NH2+]C2)cs1)c1ncccn1
6576,6576,CSC1CCC(NC(=O)c2ccc3c(=O)n4c(nc3c2)CCCCCC4)CC1
6577,6577,CCc1ccc2[nH+]cc(C[NH2+]CCCC[NH3+])n2n1
6578,6578,O=C1Nc2c(C(=O)NCC[NH+]3CCOCC3)cccc2C12CCC2
6579,6579,C=CC(=C)C(=NC)c1ccc(c2cc(c3ccc(c4cc(c5cnc(C6CCCCC6)nc5)cc(c5cccc(c6cncc(C[NH+]7CCCCC7)c6)c5)c4)cc3)cc(c3ncc(C)cn3)c2)cc1
6580,6580,COc1ccc(Nc2nc(C3CCCC3)ns2)cc1OC1CCCC1
6581,6581,Cc1occc1C(=O)NNC(=O)c1cc(Br)ccc1O
6582,6582,Cc1ccc(C=CC(=O)Nc2cc(C)nn2c2nc3c(Cl)cccc3s2)cc1
6583,6583,Cc1cc(C(C)(C)C)ccc1CSc1ncn[nH]1
6584,6584,Cc1ccc(Br)c(CNc2ccc(Cl)nn2)c1
6585,6585,CC(C)NC(=O)C[NH2+]C(C)Cc1ccccc1Cl
6586,6586,Cc1ncccc1NC(=O)N1CCC2(CC[NH2+]CC2)C(C)C1
6587,6587,C[NH2+]C(c1cc(Cl)ccc1C)c1c(C)cccc1C
6588,6588,COC(=O)Cn1c(=NC(=O)c2cccc3ccccc23)sc2c(C)cc(C)cc21
6589,6589,CCOc1cccc(N2CCC[NH2+]CC2)c1N
6590,6590,CCOC(=O)N1CC(OCc2ccccc2)C1
6591,6591,COc1ccc(Cl)cc1n1c(SCC(=O)Nc2ccc(F)c(F)c2F)nnc1C(C)Oc1ccc(Br)cc1C
6592,6592,COc1ccc(Cl)cc1N1C(=O)C(c2ccccc2)=C([NH+]2CCc3ccccc3C2)C1=O
6593,6593,CCC1(COCc2cccc(COC)n2)COC1
6594,6594,CCCCNC(=O)c1cc2cc(Cl)ccc2oc1=O
6595,6595,O=C(COc1ccccc1)NCC(=O)NNC(=O)c1ccoc1
6596,6596,CCOC(=O)c1cnc(NC(=O)NC2(C(=O)[O-])CCCCCC2)s1
6597,6597,CC(=O)c1ccccc1NC(=O)CSc1nnc(COc2ccc(Cl)cc2)o1
6598,6598,CC(=O)Nc1oc(c2ccc(C)cc2)nc1C(=O)N(C)Cc1cccc(Oc2ccccc2)c1
6599,6599,CCOC(=O)c1ccc(NS(=O)(=O)c2ccc(F)c(Cl)c2)cc1Cl
6600,6600,COCCn1c(C(C)NC(=O)c2cccn2C)nc2ccccc21
6601,6601,N#CCCNc1ccc(C(=O)NCc2ccccc2)nc1
6602,6602,COC(=O)C(Cc1ccccc1)N(C(=O)OC(C)(C)C)c1ccc([N+](=O)[O-])cc1C(=O)C(C)C
6603,6603,O=C1C(=O)N(c2cccc3ccccc23)C(c2ccccn2)C1=C([O-])c1ccc(Cl)cc1
6604,6604,O=c1cc(c2ccc(O)cc2)nc2cc(C3CC3)[nH]n12
6605,6605,CCOC(=O)c1sc2ncnc(Nc3cc(Cl)ccc3OCc3c(C)noc3C)c2c1C
6606,6606,CC(=O)OCC1=CCC2(C1)CC(O)C1C2CCC2(C)C1CCC21OCCO1
6607,6607,C[NH2+]C(c1cscn1)c1ccc(F)cc1
6608,6608,CCCc1nn(C)c2c(=O)nc(c3cc(S(=O)(=O)Nc4c(C)cccc4C)ccc3OCC)[nH]c12
6609,6609,O=C(NCC1C[NH2+]C1)C1COc2ccccc2C1
6610,6610,CC(C)c1nc(C2CCC2)nn1CC1(O)CCCN(c2ncnc3[nH]ccc23)C1
6611,6611,Cc1ccc(NC(=O)Cc2csc(NC(=O)c3csc(c4ccco4)n3)n2)c(C)c1
6612,6612,COc1ccc(OC)c(C[NH+]2CCc3nc4ccccc4c(=O)n3CC2)c1
6613,6613,Cc1ccc(c2nc(COC(=O)C3CC(=O)N(c4nc5ccc([N+](=O)[O-])cc5s4)C3)cs2)cc1
6614,6614,N#Cc1c(F)cccc1S(=O)(=O)NCCCc1nc(c2ccncc2)cs1
6615,6615,O=CNc1c(Cl)ccc2sc(Nc3cccc(C(F)(F)F)c3)nc12
6616,6616,COc1c(C(=O)N(C)CCC2CC2)oc2ccc(F)cc12
6617,6617,CCOC(=O)C1=C(C[NH+]2CCN(c3cccc(C)c3C)CC2)NC(=O)NC1c1ccco1
6618,6618,CCC1(CC)CSC(=[NH+]Cc2ccn(C3CCCC3)n2)N1
6619,6619,CC(=O)c1ccc(OC(=O)c2cccc(I)c2)cc1
6620,6620,N#Cc1ccccc1C[NH+]1CCC(CCl)C1
6621,6621,COC(=O)c1c(N)scc1c1ccco1
6622,6622,Nc1ccc(SCC(=O)Nc2nncs2)c(Cl)c1
6623,6623,O=C(NCC1C[NH+](Cc2ccccc2)CCO1)C1CN(S(=O)(=O)Cc2ccccc2)CCN1c1ccccc1
6624,6624,O=C(Nc1cc(S(=O)(=O)N2CCOCC2)ccc1N1CCCC1)NC1CCCCC1
6625,6625,Cc1ccc(Oc2c(N)cc(Br)cc2Br)nn1
6626,6626,O=C(C[NH+]1CCCCCC1)NCCC1=CCCC1
6627,6627,Cc1cc(c2nc(c3ccc4[nH]ncc4c3)no2)nn1Cc1cccc(N2CC[NH+](CCO[Si](C)(C)C(C)(C)C)CC2)c1
6628,6628,COc1ccccc1NC(=O)C1CC(=O)N(c2ccc(Cl)cc2)C1
6629,6629,Cn1cncc1CNc1ccc(C#N)cn1
6630,6630,Cc1[nH]c(=O)[nH]c1C(=O)C(C#N)=Cc1ccncc1
6631,6631,Cc1ccc(c2c(NCCc3c[nH]c4ccccc34)c(=O)c2=O)cc1
6632,6632,CC(=O)Nc1ccc(c2csc(C=CC(=O)[O-])n2)cc1
6633,6633,CCOc1cc(Br)c(C=C2C(=O)NN(c3ccccc3)C2=O)cc1OCC
6634,6634,O=C(NCC1CCSCC1)NC1CC=CC1
6635,6635,O=C1Nc2ccccc2C(=O)N1Cc1cccc(O)c1
6636,6636,Cc1ccc(C#N)cc1Oc1nc(C(F)(F)F)ns1
6637,6637,CC1CCCCC1CNC(=O)N1CCN(C(=O)c2ccncc2)CC1
6638,6638,CCOc1ccc(C([NH3+])Cc2cc(F)ccc2Br)cc1Br
6639,6639,CCOC(=O)C(C)Oc1ccc2c(=O)c(c3ccccc3Cl)coc2c1
6640,6640,O=C1C(=Cc2cccc(OCc3ccccc3Cl)c2)[NH+]=C(N2CCN(c3cccc(Cl)c3)CC2)N1c1cccc(Cl)c1
6641,6641,CC(C)(C)C(=O)N1CCCC(c2nnc(c3ccc4c(c3)OCO4)o2)C1
6642,6642,CCc1ccc2c(c1)c(C(=O)C(=O)NCC1CC1)c(C)n2Cc1ccccc1
6643,6643,COC(=O)c1cc(NC(=O)COc2ccc(N(C)S(=O)(=O)c3ccc(Cl)cc3)cc2)c(F)cc1F
6644,6644,CC1=C(C(=O)Nc2cccc(Cl)c2)C(c2ccco2)C2=C(CC(C)(C)CC2=O)N1
6645,6645,COc1ccc(Oc2ccc(C([NH3+])C=O)cc2F)cc1
6646,6646,CC1C([Si](C)(C)F)C(CC(=O)N2Cc3ccccc3CC2CO)OC12C(=O)N(Cc1ccc(N3C(=O)c4ccccc4C3=O)cc1)c1ccccc12
6647,6647,COCC(=O)NCC1CCN(C(=O)OC(C)(C)C)CC1
6648,6648,CNc1ncccc1S(=O)(=O)NCCc1ncon1
6649,6649,Cn1c(S(N)(=O)=O)nnc1c1cc(Br)ccc1Cl
6650,6650,CCCCN(C)C(=O)c1nc(C(=O)NCc2ccc(F)cc2)c2n1CCCC2
6651,6651,CC(C)c1ccccc1OCCNC(=O)NCCCCCC(=O)[O-]
6652,6652,CCc1cc(O)cc2c1C([NH3+])CCO2
6653,6653,CCOC(=O)Oc1cccn2c1nnc2c1cccc(C)c1
6654,6654,O=C1C(Cl)=C([NH+]2CCCCCC2)C(=O)N1c1ccc(Br)cc1Cl
6655,6655,Nc1cnc(Sc2cccc(F)c2)c(C(F)(F)F)c1
6656,6656,CCC(C)C(NC(=O)C=Cc1ccc(S(=O)(=O)N(C)C)s1)C(=O)[O-]
6657,6657,COc1cc(Br)cc(C=Nc2cccc(c3nc4ccccc4s3)c2)c1O
6658,6658,Cc1ccc(Sc2ncccc2C(=O)[O-])nn1
6659,6659,CC(C)(CNS(=O)(=O)CCN)c1cccc(F)c1
6660,6660,Cc1nnc(NC(=O)C2CC3CCC2[NH2+]3)nc1C
6661,6661,CC1CC1CNS(=O)(=O)c1cc(Br)ccc1N
6662,6662,CCc1csc2c(CBr)cc(OC)cc12
6663,6663,CC(=O)NCCN(C(C)=O)c1cccc(C#N)c1
6664,6664,CC(C)N(CCC(N)=[NH2+])C(=O)Nc1cc(F)cc(F)c1
6665,6665,Cc1ccc2c(c1)Oc1ccccc1C21Oc2c(cc(C)cc2N(C)C)-c2c(c(C)ccc2C)C1(C)C
6666,6666,CC(C)n1cc(Br)cc1C(=O)NC1CCCC1CCl
6667,6667,CC(CC(=O)[O-])OC(=O)C1(Cc2ccc(F)cc2)N=NNN1
6668,6668,FC(F)(F)c1c(c2nc3cc(C(F)(F)F)cnc3o2)nc2c(Cl)cccn12
6669,6669,Cc1ccc2c(c1)c1c(n2Cc2ccccc2)C=CCC1
6670,6670,CCC(C)C(O)CNC(=O)CCc1ccc(Cl)cc1Cl
6671,6671,CC(C)(CCC(=O)[O-])NC(=O)C1CC2CCCCC2[NH2+]1
6672,6672,O=C([O-])C1CCC[NH+](Cc2nnnn2c2cc(F)cc(F)c2)C1
6673,6673,Cc1ccc(NC(=O)Cn2ncc3c(N4CCc5ccccc5C4)ncnc32)cc1Cl
6674,6674,CC(C)CC([NH3+])c1noc(c2coc3ccccc32)n1
6675,6675,COCC(=O)NC(C)c1cccc(N2CCNC2=O)c1
6676,6676,Cc1ncc(c2ccc3nc(N)nc(N(C)C)c3c2)cn1
6677,6677,COc1ccc2c(c1)C(=O)NCCC2
6678,6678,CC(=O)Nc1ccc(CSC2=C(Nc3c(C)cc(C)cc3C)C(=O)N(c3cccc(C)c3)C2=O)cc1
6679,6679,O=C([O-])CC1CCN(C(=O)C2CCCCC2)C1
6680,6680,[NH3+]CCCCCNC(=O)C(=O)NC1CC1
6681,6681,CC1CCCC1C(=O)N(C)CC(=O)N1CCC2C1C(=O)CN2C(=O)c1ccccn1
6682,6682,Cc1ccc(NS(=O)(=O)c2ccc(NC(=O)C3CCCN(S(=O)(=O)c4ccc(F)cc4)C3)cc2)c(C)c1
6683,6683,CCc1cc(N2CCc3c(nnn3C)C2)ccc1Cl
6684,6684,CCC1(C(=O)Nc2ccc(OC)nc2C)CCC[NH2+]1
6685,6685,O=C1CC(c2cccn2c2ncccn2)Cc2occc21
6686,6686,O=C([O-])C=Cc1cc(F)cc(NCc2ccno2)c1
6687,6687,CC(C)Cn1c(=O)c(N2CCOCC(Cc3ccccc3)C2)nc2cccnc21
6688,6688,Cc1cc(C)c(S(=O)(=O)N2CCN(C(=O)C3CCCOC3)CC2)c(C)c1
6689,6689,CCOC(=O)C(C)[NH+](CC1CCCCC1)C(C)C
6690,6690,N#Cc1ccc(OCCCOc2cccc3c2OCC3CC(=O)C2CC2)cc1
6691,6691,CC(=O)c1cccc(S(=O)(=O)N2CCC(C3CCC[NH2+]3)CC2)c1
6692,6692,O=C([O-])c1ncc(C(F)F)c(OC(F)(F)F)c1CCl
6693,6693,COc1ccccc1C1C[NH2+]CCN1C(=O)c1ccc2n[nH]c(=O)n2c1
6694,6694,COc1cccc(CCNC(=O)C(=O)Nc2ccc(Br)cc2)c1
6695,6695,Cc1ccsc1CNC(=O)C1CC(=O)N(c2cccc3ccccc23)C1
6696,6696,CCOC(=O)c1ccc(N2C(=O)CC(N(CC(C)C)S(=O)(=O)Cc3ccccc3)C2=O)cc1
6697,6697,CC(C)NC(=O)Cn1ncc2cc(S(=O)(=O)N3CCC(C(=O)c4ccccc4)CC3)ccc21
6698,6698,CCOc1ccc(CNC(=O)Nc2ccc(C34CC5CC(CC(C5)C3)C4)cc2)cc1OC
6699,6699,C=CCC(C)NS(=O)(=O)c1ccc(Br)cc1C
6700,6700,COc1ccc(NC(=O)c2ccnc(Nc3ccccc3F)c2)cc1
6701,6701,CC(=O)c1c(NC(=O)C[NH+]2CCc3sccc3C2)n(C)c2ccccc12
6702,6702,CC(C)C(CCCCCCC(=O)CCCO)OC(C)(C)C(C)OC(=O)CCC(=O)[O-]
6703,6703,C=CC(=O)Oc1ccc(C(=O)Oc2ccc(c3ccc(OC(=O)C4CCCC4C)cc3)cc2)cc1
6704,6704,CCn1cc(C(=O)N2CCC[NH+](CC(=O)[O-])CC2)c2ccccc21
6705,6705,COc1ccc(n2c(SCC(=O)NC3CCCC3)nc3sc4c(c3c2=O)CCCC4)cc1
6706,6706,O=C1NC(C2(O)CCCC2)C(=O)O1
6707,6707,CNc1nc(OC(C)C)nc(N(C)C2CCC[NH+](C)C2)n1
6708,6708,O=C(COc1ccccc1)NCC(=O)N1CC[NH+](Cc2ccc3c(c2)OCO3)CC1
6709,6709,CC1CCN(C(=O)c2cc(N)ccc2[N+](=O)[O-])C1
6710,6710,CCCC(C)COCCC1(C(=O)[O-])CCCCCC1
6711,6711,Cc1ccc(OC2OC(COC3OCC3(c3ccc(Cl)cc3)c3ccccc3F)C(O)C(O)C2O)c2ccccc12
6712,6712,O=c1nc(CNc2ccc3[nH]c(=O)[nH]c3c2)[nH]o1
6713,6713,COc1ccc(c2nc3ccc(C(=O)OC(C)C(=O)Nc4ccc(F)cc4)cc3nc2c2ccccc2)cc1
6714,6714,O=C(Nc1cc(Br)cc(S(=O)(=O)[O-])c1O)N(CCO)CCO
6715,6715,CCOc1ccc(C2=C(Nc3ccc(N4CCCC4)cc3)C(=O)N(c3ccc(F)cc3F)C2=O)cc1OC
6716,6716,Cn1cc(c2ccc(N(c3ccc(c4ccc(n5c6ccccc6c6ccccc65)cc4)cc3)c3ccc(c4ccc5c(c4)c4ccccc4n5c4ccccc4)cc3)cc2)c2ccccc21
6717,6717,Cc1ccc(c2nc(SCCOc3ccc(F)cc3F)oc2c2ccc(C)cc2)cc1
6718,6718,COc1ccc(CN(C)C(=O)C(C)[NH+]2CC3CC[NH2+]CC3C2)cc1
6719,6719,CCCCCNC(=O)c1ccc(C(=O)Nc2ccc(N3CC[NH+](C)CC3)cc2)cn1
6720,6720,COCCOCCCOc1ccc(C[NH2+]C(C)(C)C)c(C)n1
6721,6721,CC(OC(=O)c1ccccc1c1nc2ccccc2o1)C(=O)Nc1ccc(Cl)cn1
6722,6722,COc1ccc(NC(=S)NCCSCc2ccccc2)cc1
6723,6723,O=c1n(c2ccc([N+](=O)[O-])cc2)c([O-])cn1Cc1ccc2c(c1)OCCO2
6724,6724,C[NH2+]C(COCC(F)(F)C(F)F)c1cc(F)c(F)c(F)c1
6725,6725,Cc1cc(C)cc(n2nc(C)cc2NC(=O)CSCc2ccc([N+](=O)[O-])cc2)c1
6726,6726,CCCCOC(=O)c1ccc(NC(=O)Cc2csc(c3cccnc3)n2)cc1
6727,6727,CCCOC(=O)C(C)Oc1cnc2c(c1)c(=O)n(C)c(=O)n2C
6728,6728,O=C(CCC(=O)N1CCC(O)C1)NCC1CCCO1
6729,6729,COc1cccc2c1CC1c3ccccc3N(C(=O)COc3ccccc3)CCC1O2
6730,6730,CC[NH2+]CC(C)C(=O)N1CCN(c2ccccn2)CC1
6731,6731,CC1CCCN(C(=O)c2ccc(Cl)c(NC(=O)C(C)[NH+]3CCC(C(=O)NC(C(=O)Nc4c(F)cccc4F)C(C)C)CC3)c2)C1
6732,6732,COc1ccc(S(=O)(=O)N2CC[NH+](CC(=O)NN=Cc3ccc(OCc4ccc(Cl)cc4)cc3)CC2)cc1OC
6733,6733,CCOc1cc2c(cc1CNC(=O)c1ccc(=O)n(C)n1)OC(C)C2
6734,6734,O=C(C[NH+]1CCc2nc(c3ccc(F)cc3)sc2C1)N1CCCC1
6735,6735,CCOc1ccc(C([O-])=C2C(=O)C(=O)N(Cc3cccnc3)C2c2ccc(N(C)C)cc2)cc1
6736,6736,CC(=O)NCCc1ccc(C(=O)CSc2nc3sc4c(c3c(=O)n2c2ccccc2)CCC(C(C)(C)C)C4)cc1
6737,6737,Cn1ccnc(N(C)c2cccnc2)c1=O
6738,6738,Cc1nc2cc(NC3(C(=O)[O-])CCCCC3)ccc2s1
6739,6739,[NH3+]C1C2CCCC1CC(C(=O)NC1CC1)C2
6740,6740,Cc1nc(N)sc1C(=O)NCC(C)(C)CCO
6741,6741,CC1CCCCC1N(C)C(=O)CC1([NH3+])CCCC1
6742,6742,O=C1CC([NH+]2CCN(C(=O)c3ccc(C#CC4(O)CCCCCC4)cc3)CC2)C(=O)N1
6743,6743,CCC(C)C(C)Nc1cccc(S(=O)(=O)NC)c1
6744,6744,CCC(C(=O)c1ccccc1Br)[NH+]1CCN(C(=O)OC(C)(C)C)CC1
6745,6745,Cc1nc(NCc2ccc(O)cc2)cc(Nc2ccccn2)n1
6746,6746,COCC(O)CN(C)c1nc(NN)ncc1Cl
6747,6747,CCCCCOc1ccc(C2C(=C([O-])c3cc(C)ccc3OC)C(=O)C(=O)N2c2cccc(OC)c2)cc1
6748,6748,C=CC(=O)OCCCCCCOc1ccc(OC(=O)c2ccc(c3ccc(C4CCC(CC)CC4)c(F)c3F)cc2)c(F)c1F
6749,6749,N#Cc1ccccc1S(=O)(=O)c1ccccc1CBr
6750,6750,N#Cc1cc(F)ccc1NCC(O)c1ccccc1F
6751,6751,CCOc1cccc(OCc2ccccc2)c1C(=O)[O-]
6752,6752,O=C(Cl)c1ccc(OCC(=O)NNC(=O)COc2ccco2)cc1
6753,6753,CC1CN(C(=O)C(C)[NH2+]C2CC2(C)C)CC(C)O1
6754,6754,O=C(NN=Cc1ccc(OCc2ccc(Br)cc2)c(I)c1)c1ccccc1[N+](=O)[O-]
6755,6755,CCCCCOC(=O)c1ccc(NC(=O)COc2ccc(C(C)(C)CC)cc2)cc1
6756,6756,COC(C)=C1C(=O)CC(C)CC1=O
6757,6757,CC(=O)Nc1cccc(C(C)NC(=O)c2ccnc(C(=O)NCc3ccco3)c2)c1
6758,6758,COC(=O)c1sc(NC(=O)COc2ccccc2)c(C(N)=O)c1C
6759,6759,CC(=O)OCn1nc(C#Cc2ccc(Cn3cc(C[NH+]4CCN(C(=O)c5ccccc5C)CC4)nn3)cc2)nc1c1ccc(F)cc1
6760,6760,[NH3+]C1CCCCCC1Nc1nccc2ccccc12
6761,6761,CCc1ccc(C(C)[NH2+]CC(C)(C)C(N)=O)cc1
6762,6762,COc1ccc(C[NH+]2CCCN(C(=O)COc3ccc(F)cc3)CC2)c(OC)c1OC
6763,6763,CCC1(CC)COCCN1C(=O)Nc1cnn(CC2COc3ccccc3O2)c1
6764,6764,Cc1cc(Cl)cc(C)c1C([NH3+])c1ccncc1F
6765,6765,CCOc1cc(C(=O)NCc2cccc(N(C)C)c2)ccc1OCc1cccnc1
6766,6766,COc1ccc(N(CC(=O)NN=Cc2cc(Br)c(OCc3ccc(F)cc3)c(OC)c2)S(=O)(=O)c2ccc(C)cc2)c(OC)c1
6767,6767,O=C(NCC1CCCC1CO)c1ccc(F)cn1
6768,6768,COc1c(O)cnc(OC(F)(F)F)c1C[NH3+]
6769,6769,COCC(C)(NC(=O)c1cn[nH]c1C1CCCO1)C(=O)[O-]
6770,6770,CC(C)c1c(NN)ncnc1NCC1(CO)CC1
6771,6771,O=C([O-])Cc1ccc(CCC(=O)[O-])cc1C(F)(F)F
6772,6772,CCc1cc(=O)n2nc(N3CC(c4ccc(C)cc4)N(C(C)=O)C3)sc2n1
6773,6773,CCOC(=O)c1c2c(nn1C)CCC2
6774,6774,O=C(NC1CCCC(O)C1)c1cccc(N2CCCS2(=O)=O)c1
6775,6775,CCCCN(CC(=O)Nc1cc(C(C)(C)C)nn1c1ccc(C)cc1)C(=O)C(c1ccccc1)c1ccccc1
6776,6776,Cc1ccc(CCC(=O)N2CCC3(CC2)C(=O)N(CC(=O)N2CCCCC2)CN3c2ccccc2)o1
6777,6777,Cc1ccc(N)c(NCc2cccc(F)c2)n1
6778,6778,C=CCOC(=O)N1CC(c2nc(Cc3ccccc3)n(C(=O)c3ccccn3)n2)C(C(=O)[O-])C1CCc1ccccc1
6779,6779,COC(=O)Cn1c(=O)n(C)c2cnc(Nc3ccc(C4CC[NH2+]CC4)cc3)cc21
6780,6780,CC(C)(C)OC(=O)C([NH3+])=Cc1ccc(CCC(=O)[O-])o1
6781,6781,CC(C)(C)NC(=O)c1cccc(NC(=O)c2ccccc2SCC2CCCO2)c1
6782,6782,COC(=O)c1ccc([N+](=O)[O-])c(N2CCCC(CO)C2)c1
6783,6783,COc1c(CN2OC(CO)C(C(C)O)C2C(=O)NC2COC3OCCC23)ccc2c1COCO2
6784,6784,CC1[NH2+]CCC1C(=O)Cc1ccc(C(F)(F)F)cc1
6785,6785,CC(Cl)C(=O)N1CCCC1(C)C(=O)[O-]
6786,6786,CCCS(=O)(=O)N1CCC(C(=O)NCc2ccc(C)cc2Cl)CC1
6787,6787,CCOC(=O)c1ccnc(Sc2nnnn2C)c1N
6788,6788,O=C1CCC(C(=O)Nc2ccc(N3CCCC3=O)cc2)CC1
6789,6789,C=CCCCN(C)C(NCC)=[NH+]CC1CC[NH+](CC)C1
6790,6790,O=C(c1ccc(N2C(=O)CCS2(=O)=O)cc1)c1ccc2nsnc2c1
6791,6791,CCOC(=O)CON=C1CC[NH+](Cc2ccccc2)CC1
6792,6792,COc1ccc(OC)c(c2nn3c(nnc3c3cccc(C)c3)s2)c1
6793,6793,COc1ccc(C[NH+]2CCC(Nc3nc(C)cc(C)n3)CC2)cc1
6794,6794,C[Si](Cl)(Cl)O[Si][Si]
6795,6795,CCS(=O)C1=C(c2ccc(Cl)cc2)C2(C(=O)N(CCc3ccc(F)cc3)c3ccccc32)C(=O)CC1
6796,6796,COC(=O)c1ccc2c(c1)[nH]c1c(CO)cc(C(C)C)cc12
6797,6797,CCc1ccc(OCCCCNC(=O)N2CCCC(C)C2)nc1
6798,6798,COc1ccc(C(C)NC(=O)CN(c2cc(Cl)ccc2OC)S(=O)(=O)c2ccc(C)cc2)cc1
6799,6799,CC(C)(C)OC(=O)C1=CC2SCCSC2C2C(=O)N(C3CC[NH+](Cc4ccccc4)CC3)C(=O)C2C1
6800,6800,O=C(Cn1nc(c2ccco2)oc1=O)N1CCCC1C1COCCC1O
6801,6801,Cc1nc(CN(C)C(=O)Nc2ccc(F)c(C3(C)CCOC3=O)c2)no1
6802,6802,CC(=O)Nc1cccc(NC(=S)Nc2ccc(N3CCOCC3)nn2)c1
6803,6803,CCc1occc1C(NN)C(C)(C)[NH+](C)C
6804,6804,COCCOc1ccc(CNc2ccc(C(=O)[O-])cc2)cc1OC
6805,6805,Cc1cc(C)c(S(=O)(=O)N2CCCC2C(=O)NCc2ccc(Cl)cc2)c(C)c1
6806,6806,CSCCCN(CC(C)C(=O)[O-])C(=O)NC(C)C
6807,6807,CC(C)Nc1c(C(=O)N(C)CC2CCCCO2)sc2ncccc12
6808,6808,Cc1ccc(Oc2cccc(c3nn(c4cccc(F)c4)c(N)c3C(N)=O)c2)cc1
6809,6809,C[NH2+]C(C)c1cccnc1Oc1ccc(Br)cc1Br
6810,6810,Cc1cc(C)n2ncc(C(=O)N3CCCC(NC(=O)c4cncn4C)C3)c2n1
6811,6811,COc1ccc(CNc2nc3c(c(=O)n(C)c(=O)n3C)n2Cc2cccc(C)c2)cc1OC
6812,6812,[NH3+]C(Cc1ccc(OC(F)(F)F)cc1)c1cc(F)cc(F)c1
6813,6813,COc1ccccc1CNC(=O)Cn1ccnc1NCc1ccc(F)cc1
6814,6814,CCOc1ccc(CNC(=O)c2ccccc2SCC(=O)N2CCCc3ccccc32)cc1OC
6815,6815,CCCc1n[nH]c(=S)n1CC(=O)NCC(C)C
6816,6816,COc1ccccc1OCCC[NH+]1CCCC(C(N)=S)C1
6817,6817,CC1CCN(C(=O)c2cccc(CNC(=O)c3cccs3)c2)CC1
6818,6818,CCCCOC(=O)c1cc(c2ccc(c3ccc(CC)cc3)cc2)sc1n1cccc1
6819,6819,COc1ccc(c2nc(COC(=O)c3ccc(F)c(S(=O)(=O)N(C)C)c3)cs2)cc1
6820,6820,CCCCNC(=O)c1cc(SC)nc2ccccc12
6821,6821,C=C(Nc1[nH+]c(c2ccc3c(c2)C(C)(C)C(=O)N3C)cc(N)c1F)C1=CC=CC1
6822,6822,CCC1CN(c2ccc(c3cc(F)cc(OCc4cccc(N)c4)c3)cc2)CC(C)O1
6823,6823,O=C(CNc1cc(N2CCOCC2)ccc1F)NCc1ccco1
6824,6824,CCC(C)C(NC(=O)C(CC(=O)[O-])NC(=O)C1CCCN1C(=O)C([NH3+])C(C)O)C(=O)[O-]
6825,6825,CCOC(=O)C(=CCc1ccccc1)C(=O)Oc1cccc2ccccc12
6826,6826,C=C(C[NH2+]C(C)C)CSc1ccncc1
6827,6827,CCC1CCCC1Nc1cc(Cl)ccc1C
6828,6828,Cc1cc(C(C)(C)C)cc(C)c1Oc1cc(N)ccn1
6829,6829,O=C(NC1CCc2cc(Br)ccc21)N1CCn2ccnc2C1
6830,6830,N#Cc1ccnc(NCCOc2ccccc2F)c1
6831,6831,COc1cc(OC)c(OC)cc1CNC(=O)CC1SC(c2ccccc2)N(Cc2ccco2)C1=O
6832,6832,CCOC(=O)N1CCC(NC(=[NH+]C)N2CCC(C[NH+]3CCc4ccccc4C3)C2)CC1
6833,6833,COc1ccc(NC(=O)COC(=O)c2c3c(nc4ccccc24)CC[NH+](C)C3)cc1OC
6834,6834,Nc1ccc(Oc2ccc([N+](=O)[O-])cc2)cc1C(=O)[O-]
6835,6835,Cc1ccc(S(=O)(=O)NC(CCC(=O)NO)C(=O)N2CCc3ccccc3C2)cc1
6836,6836,CCOc1cccc(C[NH2+]CC(O)C(Cc2cc(F)cc(F)c2)NC(=O)c2ccc(C(C)(C)C)cc2C(C)(C)C)c1
6837,6837,O=C(c1ccc(F)cc1[N+](=O)[O-])N1CCC([NH+]2CCCC2)CC1
6838,6838,CCCCC(CC)C[NH2+]CC(O)COc1ccccc1Cl
6839,6839,[NH3+]CC1(Nc2ccc3nccnc3c2)CCOCC1
6840,6840,CC(C)CNC(=O)c1ccc(NC(=O)CN2CCCCCC2=O)cc1
6841,6841,CCC(C)C([NH3+])C(=O)NC(CC(N)=O)C(=O)NC(CC(C)C)C(=O)NC(C(=O)NC(CCC(N)=O)C(=O)NC(C(=O)NC(CCC(=O)[O-])C(=O)NC(CC(N)=O)C(=O)NC(CC(C)C)C(=O)NC(C(=O)NC(CCC(N)=O)C(=O)NC(CC(C)C)C(=O)[O-])C(C)C)C(C)CC)C(C)C
6842,6842,COc1ccccc1NC(=O)N1CCC(NC(=O)c2cc([N+](=O)[O-])ccc2N2CCCCC2)CC1
6843,6843,O=C(NCc1ccc(C(=O)N2CCCC(O)C2)cc1)c1c(F)cccc1F
6844,6844,CSCCC([NH3+])C(=O)NC(CCC(=O)[O-])C(=O)NC(CCC(=O)[O-])C(=O)NC(C)C(=O)[O-]
6845,6845,CC(C)NC(=O)CCNc1ccc(C(N)=O)cc1F
6846,6846,Cn1c(=O)oc2ccc(C[NH+]3CCC(Nc4ccccn4)C3)c(c3ccccc3)c21
6847,6847,CCC1CCCC(C[NH3+])(N(CC)CCOC)C1
6848,6848,COC(=O)c1cc(c2cnn(C(Cc3ccccc3)C(=O)Nc3cc(Cl)cc(C#N)c3)c2)on1
6849,6849,O=C(NC(=S)Nc1cccnc1)c1ccc2ccccc2c1
6850,6850,C=CC(=O)OCCCCCCOc1ccc(c2cc(c3ccc(N4C(=O)C=C(C)C4=O)cc3)cc3cn[nH]c32)cc1
6851,6851,Cc1cc([N+](=O)[O-])ccc1N=Cc1c(C)c(C#N)c(=O)n(Cc2cccc(Cl)c2)c1[O-]
6852,6852,COCCOCCCCNc1ccc(C#N)c(Br)c1F
6853,6853,O=C(C=Cc1cccs1)NC(=S)Nc1ccc(S(=O)(=O)N2CCCCC2)cc1
6854,6854,CCCOC(=O)c1ccccc1N1C(=O)C(Cl)=C(Nc2ccc(Oc3ccccc3)cc2)C1=O
6855,6855,COc1ccc(OC)c(Nc2oc(c3ccccc3)nc2S(=O)(=O)c2ccc(F)cc2)c1
6856,6856,N#Cc1nc(N2CC3CCC(C2)O3)ccc1[N+](=O)[O-]
6857,6857,COc1ccc(c2nn(Cc3ccccc3)c(=O)n2c2ccc(S(=O)(=O)NC(=O)c3ccc(N4CC[NH+](C)CC4)cc3)cc2)cc1
6858,6858,O=C(Nc1cc(Br)cc([N+](=O)[O-])c1)c1cc(Br)ccc1I
6859,6859,Cc1cc(CC[NH3+])ccc1N1CC2CCC1C2
6860,6860,COc1ccccc1Cn1c(SCCCCNC(=O)C=Cc2cccc(OC)c2)nc2ccccc21
6861,6861,Cn1c(N)c(C(=O)C[NH+]2CCN(Cc3ccc([N+](=O)[O-])cc3)CC2)c(=O)n(C)c1=O
6862,6862,CCC(C(=O)Oc1cccc(C)c1)n1cccn1
6863,6863,COC(=O)c1cc(COc2ccccc2C#N)ccn1
6864,6864,O=c1nc(NC2CCC(C[NH2+]CCO)CC2)cn[nH]1
6865,6865,Cc1c(OC(=O)c2cccc(S(N)(=O)=O)c2)ccc2c(=O)cc(c3ccccc3)oc12
6866,6866,COc1ccccc1NC=C(C#N)C(=O)Nc1ccc(S(=O)(=O)Nc2cc([N+](=O)[O-])ccc2Cl)cc1
6867,6867,CC(C)n1cc(CNC(=O)c2cnn3c(C(F)F)cc(c4ccc(F)cc4)nc23)cn1
6868,6868,COc1cc(NCCCN2CCCC2=O)cc[nH+]1
6869,6869,Nc1cccc(C(O)C(=O)[O-])c1F
6870,6870,CN(CC(=O)N1CCC[NH+](CC2CC2)CC1)C1=NS(=O)(=O)c2ccccc21
6871,6871,COCCNC(=O)c1ccc(NCC(=O)Nc2ccccc2)cc1
6872,6872,O=C(NCCc1ccncc1)c1ccc(CN2C(=O)CCC2=O)cc1
6873,6873,Cc1cccc2c1NC(C)CN2C
6874,6874,O=C(Nc1ccsc1C(=O)[O-])c1cccc(Cl)c1F
6875,6875,Cc1ncc(C(=O)NCc2cnn(C)c2)s1
6876,6876,CCOC(=O)c1sc(NC(=O)Cn2nc(C(F)(F)F)c(Br)c2C2CC2)c(C(=O)OCC)c1C
6877,6877,O=C(Nc1ccc(Cl)c(C(F)(F)F)c1)c1ccc2c(c1)C(=O)N(Cc1ccccc1)C2=O
6878,6878,CCC1C(=O)NC(=O)CN1c1ccnc(N)n1
6879,6879,Nc1cc(S(=O)(=O)NCC2CCOCC2)ccc1F
6880,6880,CCOc1ccc(C([O-])=C2C(=O)C(=O)N(c3cccc(OC)c3)C2c2cccc(O)c2)cc1C(C)(C)C
6881,6881,Cc1cc(C2C[NH2+]CC2O)c(C)s1
6882,6882,COc1ccc(c2nc(Cn3nnc(C(=O)Nc4ccc(C)c(F)c4)c3C)cs2)cc1
6883,6883,O=C(C1CCCCN1C(=O)NC1CCCC1)N1CCN(c2ccccc2)CC1
6884,6884,CCc1cccc(C(=O)C2(C)CCCCC2)c1
6885,6885,CSc1ccc(N2C(=O)C(O)=C(c3ccc(Cl)c(Cl)c3)C2c2cccc(O)c2)cc1
6886,6886,Cn1cc(C2=C(c3csc4ccccc34)C(=O)NC2=O)c2c(N)ncnc21
6887,6887,COc1ccc(c2nc3cc(NC(=O)Nc4c(C)cccc4Cl)ccc3o2)cc1OC
6888,6888,COC(=O)c1cccc(NC(=O)CCc2cn(C)c3ccccc23)c1
6889,6889,CCCS(=O)(=O)CC(C)NCc1ccc(S(C)(=O)=O)cc1
6890,6890,CCS(=O)c1cccc(CC(=O)c2cnc3ccsc3c2)c1
6891,6891,Cc1cc(C)nc(SCC(=O)NNC(=O)c2ccncc2)n1
6892,6892,Cn1cnnc1CNC(=O)C1CC12CC[NH2+]CC2
6893,6893,COCC1(C(=O)[O-])CCN(C(=O)N(C)CCC(F)(F)F)CC1
6894,6894,CC[NH2+]C(c1cc(F)c(F)c(F)c1)c1cc(Br)sc1Br
6895,6895,Cn1cc(S(=O)(=O)NC2CCN(C(=O)c3cc(c4ccc(Cl)cc4)nc4c3cnn4C)CC2)cc1C(=O)[O-]
6896,6896,Nc1ccc(c2c3c(F)cccc3oc2c2ccc(OCc3ccc(C(F)(F)F)cc3)cc2)cc1
6897,6897,CCC(C)C1OC2(C)CC(O)C1(C)C(O)C2O
6898,6898,CC(Br)CN(C)C(=O)c1cc(O)ccc1O
6899,6899,O=C=NCc1ccc(S(=O)(=O)[O-])cc1
6900,6900,COc1ccc(C(=O)CN2C(=O)C(=Cc3cc(C)n(C4CCCC4)c3C)SC2=S)cc1
6901,6901,COC(=O)c1ccn(c2cccc(F)c2C[NH2+]C2CC2)c1
6902,6902,O=C(NCC[NH+]1CCCC1C(=O)Nc1ccc(C(O)(C(F)(F)F)C(F)(F)F)cc1)Nc1ccsc1
6903,6903,CCn1nncc1C([NH3+])c1cc(C)nnc1C
6904,6904,CSC1(C[NH2+]CC(O)C[NH+]2CCN(C)CC2)CCC1
6905,6905,C=C(C)CN1C(=O)C(C)Oc2ccc(NC(=O)c3cc(c4ccco4)on3)cc21
6906,6906,O=C(NCc1ccccc1)c1cc2ccc(F)cc2nc1N1CCOCC1
6907,6907,O=C(NCCc1csc2nc(c3ccncc3)nn12)c1cccs1
6908,6908,Cc1cc(C(=O)CSc2nnc(c3ccc(C(C)(C)C)cc3)n2C)c(C)n1c1nccs1
6909,6909,CCOC(=O)C(Cc1ccccc1)NC(=O)N(Cc1ccccc1)Cc1ccc(OC)c(OC)c1
6910,6910,O=C1C2CC=C3C(CC4C(=O)N(c5ccc(F)c(Cl)c5)C(=O)C4C3c3ccc(O)cc3O)C2C(=O)N1c1ccc(Cl)c(Cl)c1
6911,6911,CCCc1nc(N)sc1Cc1ccc(F)c(Br)c1
6912,6912,Cc1ccc(n2c(=S)sc3c(=O)n(c4cccc(Cl)c4)c(SCC(=O)NCCc4ccccc4)nc32)cc1C
6913,6913,CCO[Si](CC)(CC)N=C=N[NH+](C)C
6914,6914,Cc1ccc(S(=O)(=O)NC2CC3C(=O)NC4(C(=O)NS(=O)(=O)C5CC5)CC4C=CCCCCCC(NC(=O)OC(C)(C)C)C(=O)N3C2)cn1
6915,6915,Cn1ncc(N)c1NS(=O)(=O)c1cccnc1C#N
6916,6916,C=CCn1c(SCC(=O)NC(C)c2ccc(Cl)cc2)nnc1c1ccc(OC)cc1
6917,6917,CC1(C)C2CCC1(CS(=O)(=O)Nc1cccnc1)C(=O)C2
6918,6918,O=C([O-])N1CCC(CCc2nnc(Cc3ccc(F)cc3)o2)CC1
6919,6919,COc1ccc2c(c1)SC(c1ccc(C3CC3)cc1)C2
6920,6920,O=c1nc(c2cccc(Cl)c2)[nH]c2c1CC[NH+](Cc1ccc(C(F)(F)F)cc1)CC2
6921,6921,CCCCS(=O)(=O)Nc1ccc(NC(C)=O)cc1
6922,6922,CCCc1cc(=O)nc(SC(C)C(=O)c2cccn2C)[nH]1
6923,6923,CCOc1ccc(C(=O)Nc2ccc3c(c2)NC(=O)C(C)O3)cc1
6924,6924,Cc1ccc(OCc2c(NC(=O)C3CC3)sc(C)c2C)cc1
6925,6925,COC(=O)c1cccc(CSCc2cc(C)on2)c1
6926,6926,CCC(C)C1C[NH2+]CCN1Cc1ccc(OC)cc1
6927,6927,C=CCN(C(=O)c1ccco1)C(C)C
6928,6928,O=C(CNS(=O)(=O)c1ccccc1)NCc1ccc(Cl)s1
6929,6929,CCC(C)NC(=O)c1cccc(NC(=O)C[NH+]2CCC(C(=O)Nc3cc(Cl)ccc3C(=O)NCC(C)C)CC2)c1C
6930,6930,Cc1cc(Oc2cc(NC(=O)c3ccc(C(F)(F)F)cc3)ccc2C)cc(C)c1OCC(=O)[O-]
6931,6931,O=C(CCNC(=O)c1cccs1)NCCc1ccc(Cl)cc1
6932,6932,CCCCN(C)C(=O)C1CSC(C=C(C)C)[NH2+]1
6933,6933,O=C([O-])c1ccc(c2nnc(N3CCC(Oc4ccc(F)cc4)CC3)c3ccccc32)cc1
6934,6934,CC(C)n1ccc(C[NH2+]C2CC3CCC2O3)n1
6935,6935,O=C(Nc1ccc([N+](=O)[O-])c(C(F)(F)F)c1)c1coc(C[NH+]2CCC(C(=O)NCc3ccccc3)CC2)n1
6936,6936,COc1ccc(C(=O)NC2CC2)cc1NC(=O)C1CC[NH+](CC(=O)Nc2cccc(C(=O)Nc3ccc(F)cc3F)c2C)CC1
6937,6937,O=c1c2ccccc2oc2ccc(Cl)cc12
6938,6938,COc1ccc(COc2cccc(C(=O)NC3CCCCC3)c2)cc1
6939,6939,Cn1c(CCC(=O)NCc2ccc(CO)cc2)nc2cc(S(=O)(=O)N3CCOCC3)ccc21
6940,6940,CCC1=C(OCCOC(=O)C=N)C=CC=CC1(C)F
6941,6941,O=C(Cc1ccc(Cl)cc1)Nc1ccc([N+](=O)[O-])c(c2nnnn2C2CC2)c1
6942,6942,N#Cc1ccccc1COc1ccc(C(=O)Nc2ccc(F)cc2)cc1
6943,6943,Cc1cc(=O)[nH]cc1C(=O)N(C)Cc1ccccc1C
6944,6944,Cc1c(C(=O)OC(C)C(=O)N(C)Cc2ccc(C#N)cc2)sc2ncn(C)c(=O)c12
6945,6945,Cn1c(SCC(=O)[O-])nnc1C1CCCCC1
6946,6946,COc1cccc2c1SC(C)C(C=O)O2
6947,6947,O=C(c1cn(c2ccccc2)nn1)N1CCOC(COCc2ccco2)C1
6948,6948,O=C1[NH+]=C(Nc2ccc3ccccc3c2)SC1=Cc1cccc(Cl)c1
6949,6949,COc1ccc(F)cc1S(=O)(=O)Nc1ccc(C)c(C)c1
6950,6950,C=CC(=O)OCCNC(=O)OCC(C)OC(=O)OCC(C)OC(=O)C=CC
6951,6951,COC(c1ccc(Cl)cc1)C([NH3+])Cc1cccc(Cl)c1
6952,6952,Cc1ccc(C(C)C)c(OP(Oc2cccc(C(C)(C)C)c2)Oc2cccc(C)c2C)c1C
6953,6953,Cc1cc(C(C)NC(=O)C(C)C2CCC[NH2+]C2)c(C)o1
6954,6954,COc1ccc(NS(=O)(=O)c2ccc3ccccc3c2)cc1NC(=O)C(C)(C)C
6955,6955,CC1(O)CCN(c2nc(NN)nc3ccccc23)C1
6956,6956,CSc1ccccc1C[NH+]1CCCC(CNC(=O)CCc2ccccc2)CC1
6957,6957,O=c1[nH]nc(N2CCCC2)c(=O)[nH]1
6958,6958,COc1ccc(NC(=O)C(=O)NN=Cc2c(C)nn(C)c2Cl)c(C)c1
6959,6959,Cc1ccc(N)c(NCCCC(C)C)c1
6960,6960,NC(=[NH+]O)c1ccc([N+](=O)[O-])c(I)c1
6961,6961,CCCCCCn1c(Cn2cc(C)c(=O)[nH]c2=O)nc2ccccc21
6962,6962,[NH3+]CC#Cc1cc(Cl)ccc1Sc1nnnn1C1CC1
6963,6963,O=C([O-])COCC(=O)N1c2ccccc2Sc2ccccc21
6964,6964,COc1ccc(c2noc(C[NH+]3CCCC3c3cnn(C)c3)n2)cc1
6965,6965,CCOC(=O)c1c(NC(=O)C(C)Sc2cccc(NC(=O)C(=Cc3ccc(Cl)cc3)NC(=O)c3ccccc3)c2)sc2c1CCN(C(C)=O)C2
6966,6966,O=C(C[NH+]1CCCN(Cc2ccc(CO)cc2)CC1)Nc1ccc(F)cc1
6967,6967,Cc1ncsc1CCC(=O)Oc1cccc(Br)c1
6968,6968,C[NH2+]C(CCCOC)c1cc(C)c(C)cc1C
6969,6969,CC(C)N(CC1CC1)C(=O)C1([NH3+])CCCCCC1
6970,6970,COc1ccccc1C=CC[NH+]1CCC(CNC(=O)C2CC23CC[NH2+]CC3)CC1
6971,6971,Cc1nn(CC(O)CO)c(C)c1Br
6972,6972,CC1CCC(C(C)C)C(OC(=O)c2ccn3c(c2)nnc3c2cncn2Cc2ccccc2)C1
6973,6973,COc1ccc(OC)c(N2C(=O)CSC2=[NH+]C(=O)Nc2cc(c3nc4ccc(C)cc4s3)ccc2Cl)c1
6974,6974,O=c1cc2c(nn1CC[NH+]1CCCC1c1cn[nH]c1)CCC2
6975,6975,CC(C)CCc1cccc(c2ccc(c3nc4ccc(C5(O)CCC5)cc4cc3c3ccccc3)cc2)c1
6976,6976,CC(C)C(NC(=O)C1CC[NH+](C(C)C(=O)Nc2cc(C(=O)Nc3ccccc3)ccc2Cl)CC1)C(=O)Nc1ccccc1F
6977,6977,COC(=O)C(CC(C)C)NC(=O)c1c(I)cc(I)cc1I
6978,6978,CCC[Si](C#CC(C)O)(C(C)C)C(C)C
6979,6979,CC(=O)c1ccc2c(c1)CCCC2
6980,6980,CCCC[NH2+]C(CCC)COCCC
6981,6981,CC(C)(c1cnc(c2ccc(c3cc(C4=CCN(C(=O)[O-])CC4)cc(C#N)c3)cc2)o1)S(C)(=O)=O
6982,6982,COc1ccc(C(O)COc2ccc(C=O)c(F)c2)cc1F
6983,6983,Cc1cc(C)c2c(c1)-c1c([nH]c3ccccc13)C(C)(C)CC2C
6984,6984,CC(C)(C)[Si](C)(C)OCc1ccc(c2nc(Br)c3n2CCCC3)cc1
6985,6985,CC(=O)NS(=O)(=O)c1ccc(NC(=O)c2ccccc2SCC2CCCO2)cc1
6986,6986,CCC1CCCCN1C(=O)c1csc(C[NH3+])n1
6987,6987,CCc1ccc(NC(=O)N2CCc3cc(OC)c(OC)cc3C2CC(=O)OC)cc1
6988,6988,C[NH2+]C(C)c1ccc(N2CCCC(C)(C)C2)c(F)c1
6989,6989,Cc1ccc(NC(=O)NCCc2ccc(c3ccccc3)o2)cc1O
6990,6990,Cc1cc(C)n(c2ccc(C(=O)NCc3ccccc3Cn3ccnc3)cn2)n1
6991,6991,N#Cc1ccccc1COC(=O)c1sccc1S(=O)(=O)N1CCCC1
6992,6992,O=C(c1ccc(C(F)(F)F)cc1)N1CC(Oc2ncccc2c2ccncc2)C1
6993,6993,CC(C)N(C(=O)C[NH2+]C(C)c1cccnc1)C(C)C
6994,6994,O=C(CCNc1ccc(Cl)cc1[N+](=O)[O-])N1CCN(C(=O)c2ccoc2)CC1
6995,6995,O=C1CCc2c1ccc1c2OC2COCCC21
6996,6996,CCn1cc(c2cnn(c3ccccc3)n2)c2cc(c3ccnc(N)c3)ccc2c1=O
6997,6997,Cc1c(C)c2c(c(C)c1OCCCOc1ccc(CC(C)=O)cc1)CCC(C)(C(=O)NCCC[NH+](C)C)O2
6998,6998,CCCCC(CC)Cn1ccn2ncc(c3ccc4c(c3)OCCO4)c12
6999,6999,Cc1ccc(CN(C)C(=O)C2(C(=O)[O-])CC2)c(C)c1
7000,7000,CC(C)CC(C)N(C)C1(C[NH3+])CCCN(C)C1
7001,7001,COc1ccc(SCC(=O)c2oc3ccccc3c2C)cc1
7002,7002,CCC(Cl)c1ccc(S(=O)(=O)OC)cn1
7003,7003,O=C1CC(=Cc2ccccc2C(=O)[O-])C(=O)O1
7004,7004,C[NH2+]C(CC1CCCC1)c1ccc(Br)cc1C(F)(F)F
7005,7005,COc1cc2ncn(CCNC(=O)c3ccccc3Br)c(=O)c2cc1OC
7006,7006,Cc1cc(C)c(c2csc(NC(=O)COc3ccccc3C)n2)c(C)c1
7007,7007,CC=C(CC)SCCC(=O)[O-]
7008,7008,CCC1COCCN1c1nc(C)c(C[NH3+])s1
7009,7009,COC(=O)c1cc2ccccc2nc1SCC(=O)N(C)Cc1ccccc1
7010,7010,CCc1sc(C(=O)Nc2ccc(c3nc4cc(C5CC[NH2+]CC5)ccc4n3C(C)C)cc2)cc1C
7011,7011,CCOP(=O)(OCC)n1c(=O)sc(c2ccccc2)c1c1ccccc1
7012,7012,Cc1ccc(CNc2cc(C)nc(N3CCN(C(=O)Nc4ccc(F)cc4)CC3)n2)cc1
7013,7013,O=C(CCCl)Nc1cc(F)c(Br)cc1F
7014,7014,CC(C)C(CO)Nc1nc(N)ncc1Br
7015,7015,CN(C(=O)NCc1nccnc1C#N)C(c1ccc(Cl)cc1Cl)c1ccc(Cl)c(Cl)c1
7016,7016,Cc1nn(C2CCCOC2)c(C)c1NC(=O)c1cnc2c(cnn2C(C)C)c1
7017,7017,CC(C)C(CNC(=O)N(C)Cc1ccco1)[NH+]1CCCCC1
7018,7018,Cc1ccc(c2nc(C)c(CC(=O)N3CCN(C(=O)c4ccco4)CC3)s2)s1
7019,7019,CC(=O)NCCCCNC(NCc1ccccc1)=[NH+]CC(=O)N(C)C
7020,7020,COc1ccc(C(=O)N2CCN(C(=O)c3cc4c(C)nn(c5ccccc5Cl)c4s3)CC2)cc1
7021,7021,CC1CCCCC1NC(=O)C[NH+](C)CC(O)COCc1ccccc1
7022,7022,Cn1cc(C2CS(=O)CCN2Cc2occc2C(=O)[O-])cn1
7023,7023,COc1ccccc1NC(=O)CN(c1cc(C)cc(C)c1)S(=O)(=O)c1ccc(C)cc1
7024,7024,COC(=O)c1ccccc1NC(=S)N(C)c1ccccc1
7025,7025,O=C([O-])CC1C(=O)NCCN1C(=O)c1cc(Br)c2c(c1)OCO2
7026,7026,CC(C)(C)C1CC(n2cnc3c2CCCC3)CCO1
7027,7027,Cc1noc(CCNC(=O)C2(c3ccccc3)CC2)n1
7028,7028,CCOC(=O)NC1CC=C(c2cccc(c3ccccn3)c2C(N)=O)CC1
7029,7029,COc1ccc(Cn2c(=O)c(C=O)cn(Cc3ccc(F)c(F)c3)c2=O)cc1C
7030,7030,COc1ccc(C)cc1NC(=O)CCN(C(C)=O)c1cc(C)ccc1C
7031,7031,Cc1ccc(C2=NC(=Cc3ccc(N(C)C)cc3)C(=O)O2)cc1
7032,7032,C=CCC1(C)CC(c2ccccc2)=C(c2ccccc2)O1
7033,7033,CNS(=O)(=O)c1ccccc1S(=O)(=O)N(C)C(c1ccccc1)c1ccccc1
7034,7034,CCCCCN(C)C(=O)c1cc(N)cnc1NCC
7035,7035,Cc1nnc(c2csc(S(N)(=O)=O)c2)o1
7036,7036,O=C(C[NH+]1CCN(c2ccccc2)CC1)NC(c1cccs1)C1CC1
7037,7037,COc1ccc(C)cc1S(=O)(=O)N1CC[NH+](Cc2nc(c3ccccc3)no2)CC1
7038,7038,CC(C)CN1CC(Cc2ccccc2)N(CC(C)=O)C1=O
7039,7039,Cc1cc(C)cc(n2nc(C(=O)N3CCC4C[NH2+]CC4C3)c(C)c2C)c1
7040,7040,COc1c(C(C)(F)F)cc(C)cc1c1ccc2cc(N)sc2c1
7041,7041,CC(C)CN(CC(C)C)C(=O)c1cccc(C(N)=S)c1
7042,7042,CC(C)(CCNS(=O)(=O)N1CCCC1)C(N)=[NH+]O
7043,7043,[NH3+]C1CCCCC1NC(=S)Nc1cccc2cnccc12
7044,7044,Cc1nn(Cc2ccccc2Cl)c2sc(C(=O)Nc3cc(Cl)ccc3F)cc12
7045,7045,CC(C)N(C(=O)COC(=O)c1ccccc1OCc1ccccc1)C(C)C
7046,7046,Cc1ccncc1Oc1cc(Oc2ccc(NC(=O)Nc3cc(C(F)(F)F)ccc3N(C)C)cc2F)cc(F)c1
7047,7047,CC(=O)C1(C2CCC[NH2+]2)COC1
7048,7048,Cc1c(C(=O)Nc2cccc(CS(C)=O)c2)nnn1C1CC[NH2+]CC1
7049,7049,O=C(C=Cc1ccccn1)C1=C(O)C(=O)N(c2cc(F)ccc2F)C1c1cccc(O)c1
7050,7050,CCCCCCCOc1ccc(C2=[NH+]C(=Cc3ccc(OC)cc3)C(=O)N2CCOC)cc1
7051,7051,FC(F)=C(F)C(=Nc1ccc(Cl)cc1)c1ccccc1
7052,7052,C=CCNC(=O)c1sc2nc(C)nc(C)c2c1C
7053,7053,CCC(C)C(NC(=O)c1nn[n-]n1)C(=O)[O-]
7054,7054,O=C(Nc1ccc(N2CCN(C(=O)c3cccs3)CC2)c(Cl)c1)c1ccccc1
7055,7055,C=C(C)COCC[NH2+]CC(O)COC(C)C
7056,7056,O=C(NCc1ccc(Br)cc1)Nc1ccc2c(c1)OC(F)(F)O2
7057,7057,O=C1NC(=O)N(c2ccc3c(c2)OCCO3)C(=O)C1=Cc1cc(Br)cc(Br)c1OCc1ccc(Cl)cc1Cl
7058,7058,O=Cc1[nH]cc2c1-c1ccc(S(=O)(=O)NCC3CCC[NH+]3Cc3ccc(C(F)(F)F)cc3)cc1CC2
7059,7059,C=CC(=O)Oc1ccc(C=NN(c2ccccc2)c2ccccc2)cc1
7060,7060,Cc1ccc(C(C)NS(=O)(=O)c2ccc(CCl)s2)o1
7061,7061,COc1ccc(S(=O)(=O)NCCc2ccc(n3cccn3)c(OC)c2)cc1Br
7062,7062,O=C([O-])C1(CNc2cccc(F)c2C(F)(F)F)CCOC1
7063,7063,Fc1cc(F)c(F)c(NC2CCOC2)c1
7064,7064,CCCCCC(=O)N(Cc1ccccc1)Cc1cccs1
7065,7065,CCOc1n[nH]c(NC(=O)c2ccn(COc3ccc(OC)cc3)n2)n1
7066,7066,CC(C)NC(=O)c1ccc(N(C)C2CCS(=O)(=O)C2)nn1
7067,7067,COCCNc1ncnc(NCCn2ccnc2)c1[N+](=O)[O-]
7068,7068,CSC1=[NH+]C(=O)C2C=CC1C2
7069,7069,COC(=O)Cc1c(C)c2ccc(O)cc2oc1=O
7070,7070,Cc1ccc(CNC(=O)c2c(C)n(c3ccccc3)c3nc4cc5c(cc4nc32)OCCO5)cc1
7071,7071,CCOC(=O)N1C2CCC1CC([NH+]1CC(OCc3ccc(C(F)(F)F)cc3)CCC1(C)C)C2
7072,7072,CC(=NNC(=O)c1ccccc1Cl)c1cc2cc(Br)ccc2o1
7073,7073,CSCCCC[NH2+]Cc1ccc(CO)o1
7074,7074,CC(=O)Nc1ccc(S(=O)(=O)NCC(=O)NC2CCCCC2C)cc1
7075,7075,N#Cc1ccccc1NC(=O)C=CC(=O)OCC(=O)c1ccccc1
7076,7076,C=C(C)C(C)(CC)N1C(=O)C(C)=C(C)C1C
7077,7077,CCC(C)C(NC(=O)NC(C(=O)N1CC2C(C1C(=O)NC(CC1CC1)C(=O)C(=O)NCC(=O)NC(CCCC[NH3+])C(N)=O)C2(C)C)C(C)(C)C)C(=O)C(=O)NCC(=O)NC(C)C(N)=O
7078,7078,C=C(C)COc1cccc(NC(=S)NC(=O)c2ccc(OC(C)C)c(OC)c2)c1
7079,7079,CC(C)c1ccc(CCNC(=O)CSc2nc3ccccc3c(=O)n2CCc2ccccc2)cc1
7080,7080,C[n+]1ccn(C(=O)Nc2ccc(Cl)c3ccccc23)c1
7081,7081,CCCC(CC)NC(=O)N(C)CC(O)C(C)(C)C
7082,7082,Nc1ccc2c(c1)CCN2c1nnc2ccccc2n1
7083,7083,CCCCCC=CCC=CCC=CCC=CCCCCCC(=O)OC(COC(=O)CCCC=CCC=CCC=CCCCCCCCC)COC(=O)CCCCCCCCCCCCC=CCC=CCC=CCC=CCC=CCC
7084,7084,COCCn1nc(C(=O)NCC(=O)Nc2cccc(C(=O)OC(C)(C)C)c2)ccc1=O
7085,7085,COCCNC(=O)CC[NH2+]C1CCc2ccccc21
7086,7086,Cc1nc(NCc2nccs2)c(C)c(Oc2ccc(C(C)(C)C#N)cc2)c1C
7087,7087,Cc1c(C2C[NH2+]CC(=O)N2C)n(C)c2ccccc12
7088,7088,COc1ccccc1OCc1nn(C)cc1[N+](=O)[O-]
7089,7089,CCCCC(CCC)Nc1ccccc1S(N)(=O)=O
7090,7090,Nc1ccc(NC2CCN(c3ncccn3)C2)cc1F
7091,7091,C=C(C(=C(F)c1ccccc1)C(F)(F)F)c1ccc2c(=O)cc(OC(=O)c3cccnc3F)oc2c1
7092,7092,O=C(Cc1cn2cc(F)ccc2[nH+]1)NC1CCC(C(=O)[O-])CC1
7093,7093,O=C(CCCCCl)c1ccc(O)c(Cl)c1Cl
7094,7094,N#Cc1ccc(NC2CCCCC2Oc2cccc(C#N)c2)c(F)c1
7095,7095,CC(=O)C=Cc1ccccc1
7096,7096,Nc1ccc(c2nn[n-]n2)cn1
7097,7097,CCc1cc(OC(F)F)c(Br)c(C[NH3+])n1
7098,7098,CCn1cncc1CNc1ccc(Cl)cc1[N+](=O)[O-]
7099,7099,O=C([O-])N1CC=C(c2nc(C3=NOC(c4cc(F)c(F)c(F)c4)(C(F)(F)F)C3)[nH]c2Cl)CC1
7100,7100,CCOC(=O)COc1c(F)c(F)cc(F)c1F
7101,7101,O=C(Cn1c(=O)oc2ccccc21)NC1CC[NH+](Cc2ccccc2)CC1
7102,7102,CC(=O)NCc1ccc(C(=O)COC(=O)C2CCN(S(=O)(=O)c3ccc(C(N)=O)cc3)CC2)s1
7103,7103,CC(=O)Nc1ccc(S(=O)(=O)N(Cc2ccccc2)C2CC(=O)N(c3ccc(Cl)cc3)C2=O)cc1
7104,7104,O=C(c1cccc(n2cccc2)c1)N1CCN(C(=O)C23CC4CC(CC(C4)C2)C3)CC1
7105,7105,CCC(C)(O)CNS(=O)(=O)c1c[nH]c(C[NH3+])c1
7106,7106,CC(C)N1CC(NC(=O)N(Cc2ccccc2)C2CC2)CCC1=O
7107,7107,COC(=O)c1sccc1NC(=O)c1cc(Br)cn1C1CC1
7108,7108,COc1ccc(Nc2nc(SC)nc3c2cnn3C)c(OC)c1
7109,7109,CCCCN(C)c1ccc(Nc2ccc(Nc3cc(NCCc4ccccc4Cl)ncn3)cc2)cc1
7110,7110,CC(=O)N(CC1CN(c2ccccc2)C(=O)O1)c1cccc(OCC2CCC[NH+](CCCN3CCN(c4cc[nH+]cc4)CC3)C2)c1
7111,7111,O=C1c2ccccc2C(=O)N1CCCC[NH+]1CCN(c2cccc(Cl)c2)CC1
7112,7112,CNc1nc(c2ccc(OC)nc2)ncc1I
7113,7113,CSc1ccc(OCc2ccccn2)cc1
7114,7114,CCC1CN(C(=O)C2CC[NH2+]C2C)CCCO1
7115,7115,CC(=O)OCC1OC(OC(C)=O)C2OC12
7116,7116,Cc1cc(C)n(CC[NH2+]C(C)c2cc(C)sc2C)c(=O)n1
7117,7117,Cc1nn(c2cccc(C(F)(F)F)c2)c(Cl)c1C=CC(=O)Nc1ccc(OC(F)F)cc1
7118,7118,Cc1cc(C)cc(COc2ccc(Br)cc2CBr)c1
7119,7119,Cc1nn(Cc2c(Cl)cccc2Cl)c(C)c1NC(=O)c1cc(C2CC2)n(C(C)(C)C)n1
7120,7120,CSc1ccc([N+](=O)[O-])c(C(=O)NCCn2cc[nH+]c2C2CC2)c1
7121,7121,O=C(Nc1ccc(Cl)cc1[N+](=O)[O-])C1CCC1
7122,7122,CC(C)NC(=O)C[NH2+]C(c1ccccc1)C(C)C
7123,7123,Cc1nc(C)n(c2ccc(C[NH2+]C(C)C)cc2Cl)n1
7124,7124,CC(C)(C)c1csc(NS(=O)(=O)c2ccsc2C#N)n1
7125,7125,Cc1c[nH]c2c1C(=O)N(CCCCCCOS(=O)(=O)c1cccc3ccccc13)C2=O
7126,7126,COC(=O)c1cc(C(=O)OC)cc(N2C(=O)C(O)=C(c3ccc(Cl)cc3Cl)C2c2ccc(C(C)(C)C)cc2)c1
7127,7127,COc1ccc(NC2CCN(c3ccc(c4nccs4)cc3)C2=O)c(OC)c1
7128,7128,CCOC(=O)C1=C(C)N=c2sc(=Cc3ccc(Sc4nc5ccccc5s4)o3)c(=O)n2C1c1ccccc1OC
7129,7129,CCn1ccnc1C(O)C1CCOCC1
7130,7130,O=C([O-])COc1ccc(C(=O)C=Cc2cccnc2)cc1Cl
7131,7131,COCCn1cc(NCc2csc(C)n2)cn1
7132,7132,Cn1cc(CC2CCc3ccccc3N2)nn1
7133,7133,CC(C)(C)N1CC(c2ccccc2)=[N+]([O-])C12c1ccccc1-c1c2cccc1c1ccc(N)cc1
7134,7134,COc1cnn(C(C)C)c1C(=O)C(C)Br
7135,7135,CS(=O)(=O)N1CCC(NC(=O)COC2CC[NH2+]CC2)CC1
7136,7136,CCOc1ccc(C=C2SC(=O)N(Cc3ccc4ccccc4c3)C2=O)cc1OCC
7137,7137,CC1[NH2+]CCC1C(=O)N1CCSCC1
7138,7138,O=C(NCC1CCCN(C(=O)c2ccccn2)C1)c1cc(c2cccnc2)n[nH]1
7139,7139,COc1ccc(c2noc(CCC(=O)N3CCN(c4ccc(Cl)cc4)CC3)n2)cc1OC
7140,7140,CC(C)=CC=C(C)C(=O)OCC(=O)c1ccc(N(C)C)cc1
7141,7141,COc1ccc(OC)c(C(=O)C(C)OC(=O)c2csc(c3ccc(C)cc3)n2)c1
7142,7142,O=C(C1=CCCCC1)C1CCS(=O)(=O)C1
7143,7143,O=C(CN1CCCC1=O)Nc1cccc(Oc2cccc(F)c2)c1
7144,7144,CCOc1ccc(C(=O)N2CCN(c3ncccc3C)CC2)cc1
7145,7145,O=C1CCCC2=C1C(c1ccc(Cl)c(Cl)c1)n1nc(c3cccc(F)c3)cc1N2
7146,7146,O=C(Nc1cccc(C(F)(F)F)c1)C1CC12CC[NH2+]CC2
7147,7147,CCn1c(CNC(=O)c2cccc(NS(=O)(=O)c3ccc(F)cc3)c2)nnc1SCC(=O)N1CCCC1
7148,7148,CC[NH2+]Cc1cc(OC)ccc1OCCC1CCC1
7149,7149,O=C1C(=Cc2c(F)cccc2Cl)SC(=[NH+]N=Cc2cccc(Cl)c2)N1Cc1ccco1
7150,7150,CC(C)n1nccc1NC(=O)N1CCOC(C)C1
7151,7151,Cc1cc(C(=O)N2CCCC(C)C2)sc1C#CCCO
7152,7152,C[NH2+]CC1CN(C(=O)c2cc(c3ccc(OC)cc3OC)n[nH]2)CCO1
7153,7153,CCCC(CC[NH3+])CNS(=O)(=O)c1cc(Cl)c(Br)s1
7154,7154,CC(C)n1nccc1C1OCCC1C(=O)N1CCC[NH+](Cc2cccs2)CC1
7155,7155,COCCOc1ccc(NC(=O)Cn2cnc3sc4c(c3c2=O)CCCCC4)cc1
7156,7156,COc1cc(NS(=O)(=O)c2ccc(NC(=S)NCc3ccccc3Cl)cc2)nc(OC)n1
7157,7157,C[NH2+]C(CN1CCCC(C)(C)C1)c1ccc(C)cc1C
7158,7158,CC1CCCCC1(NC(=O)C1([NH3+])CCOC1)C(N)=O
7159,7159,O=C(c1ccno1)N(CCc1ccccc1)C1CCC2(C1)OCCO2
7160,7160,CCCOC(=O)c1ccc(N2C(=O)C(O)=C(c3cccs3)C2c2ccc(O)c(OC)c2)cc1
7161,7161,CC(C)CNC(=S)NCCc1ccc(Cl)cc1Cl
7162,7162,O=C(Cn1nc(c2cccs2)ccc1=O)c1ccc2c(c1)CCCC2
7163,7163,COC(=O)c1cnc(N2CC[NH+](C)CC2)[nH]c1=O
7164,7164,Cc1cc(C)nc(N2CCC(C(=O)Nc3csc(CC(C)C)n3)CC2)n1
7165,7165,COc1c(O)c2c(c([O-])c1OC)C(=O)OC2
7166,7166,Cc1c(Cl)cccc1N1C(=O)C(Sc2ccccc2)=C(N2CCc3ccccc32)C1=O
7167,7167,Cn1c2ccccc2c2c1ccc1c3ccc-2oc2cc(N4CCN(c5cccc6ccccc56)CC4)ccc2c13
7168,7168,COc1ccc([N+](=O)[O-])cc1C[NH+]1CCCCC1
7169,7169,CC(C)(C)c1ccc2c(c1)C(=O)N(CC(=O)N1CCC(N3C(=O)OCc4ccccc43)CC1)C2=O
7170,7170,COc1cc2c(Nc3ccc(F)c(Cl)c3)ncnc2cc1OCCC[NH+]1CCC2(CC1)CNC(=O)N2C
7171,7171,Cc1nc(NCCNC(=O)Cc2coc(c3ccc(F)cc3)n2)nc(N2CCCCC2)n1
7172,7172,COC(C)C(=O)N(C)Cc1ccc(Cl)s1
7173,7173,CNS(=O)(=O)CCNS(=O)(=O)C(C)CN
7174,7174,CCCC(CCC)(C(=O)[O-])c1ccc(OC)cc1
7175,7175,Cc1cc(C)c(C2(C)CCC[NH2+]2)c(C)c1
7176,7176,CCn1ncc(OC)c1C(=O)C(C)C[NH3+]
7177,7177,Cc1ccc(C2C(C#N)=C([NH3+])Oc3n[nH]c(c4ccc(F)cc4)c32)cc1
7178,7178,CCOC(=O)Cn1c(=NC(=O)c2ccc(Cl)cc2)sc2cc(C)c(C)cc21
7179,7179,Cc1ccc(CC2(C3CCS(=O)(=O)C3)CO2)cc1
7180,7180,CC(=O)NC(Cn1nccc1C)C(=O)[O-]
7181,7181,O=C(COc1ccccc1F)Nc1cccc(C(=O)NCC2CCCO2)c1
7182,7182,CCC(C)C(O)CNC(=O)C1CCN(S(=O)(=O)c2cc(C)ccc2C)CC1
7183,7183,CCn1cc(c2cc(C(=O)NCC[NH+]3CCOCC3)c3ccccc3n2)cn1
7184,7184,CCCC(CC[NH3+])CNC(=O)c1ccc(Br)c(O)c1
7185,7185,CC(C)C([NH3+])C(=O)NC(CSC(=O)C([NH3+])CS)C(=O)CCC(=O)[O-]
7186,7186,COC(=O)c1ccc(NC(=O)N2CCN(c3oc(C(C)C)nc3C#N)CC2)c(OC)c1
7187,7187,C=CCNC(=O)C(C)Nc1ccc(N)cc1Br
7188,7188,CCOC(=O)C(Cc1ccc(NC(=O)c2ccc(C3=[NH+]CCN3)cc2)cc1)NC(=O)c1cnc2ccccc2n1
7189,7189,CC(=O)OC1CC2=CC(C(=O)OC(C)(C)C)=CC34C(=CC(OC(C)=O)C3C1OC(=O)c1ccccc1)C4C21CCC(=O)O1
7190,7190,COCC[NH2+]Cc1cc(Cl)ccc1OCc1ccc(Cl)s1
7191,7191,NC(=[NH2+])c1ccc(NC(=O)Nc2ccc(c3ccccc3)cc2)c2ccccc12
7192,7192,CC(C)(C)c1cc(NC(=O)Nc2ccc(Oc3ccccc3)cc2F)cc(c2cccc(C(N)=[NH2+])c2)c1
7193,7193,CCOc1ccc(NC(=S)N2CC[NH+](Cc3ccncc3)CC2)cc1
7194,7194,CSCCC(NC(=O)C(CC(=O)[O-])NC(=O)C1CCC[NH2+]1)C(=O)NCC(=O)[O-]
7195,7195,O=C(CN(Cc1ccccc1Cl)S(=O)(=O)c1ccc(Cl)cc1)NN=Cc1ccc(Cl)cc1Cl
7196,7196,Cc1ccc(c2ccc(c3cc4ccccc4oc3=O)o2)cc1
7197,7197,Cc1nc(NC(=O)CSc2nnc3sc4ccccc4n23)sc1C
7198,7198,Cc1nn(CCC(=O)NC2CCOC(C3CC3)C2)cc1Cl
7199,7199,COC(=O)NC(C(=O)N1CCCC1c1[nH]c(c2cc(F)c3c(c2)OC(C2=CN(C4CCCN4C(=O)C(NC(=O)OC)C(C)C)CC2)n2c-3cc3cc(c4c[nH+]c(C5CCCN5C(=O)C(NC(=O)OC)C(C)C)[nH]4)ccc32)c[nH+]1)C(C)C
7200,7200,[NH3+]CC1COc2ccc(Cl)cc2C1
7201,7201,O=C(NCc1ccc(C(=O)[O-])cc1)N1CC2CCCC2C1
7202,7202,CC1CCc2[nH]c3c(C(=O)Nc4ccccc4)cc3c2C1
7203,7203,CC(Nc1ncccn1)N1C(=O)c2ccc(C(=O)OCC(=O)Nc3ccc([N+](=O)[O-])cc3)cc2C1=O
7204,7204,O=C(C=Cc1ccc(CN(Cc2ccccn2)S(=O)(=O)c2ccccc2)cc1)NO
7205,7205,COc1ccc2c(c1)-c1sc(C)cc1C(c1cccs1)N2
7206,7206,O=C(CCN1C(=O)c2ccccc2C1=O)Oc1ccc(F)cc1Cl
7207,7207,C=C(CO[Si](C)(C)C(C)(C)C)C(C=O)c1ccccc1
7208,7208,CC(C)(C)N(CC(=O)[O-])C(=O)N1CCOCC1
7209,7209,O=C1C(=O)N(c2cc(Cl)ccc2Cl)C(c2ccco2)C1=C([O-])c1ccncc1
7210,7210,O=C(COC(=O)Cc1c(Cl)cccc1Cl)NNC(=O)c1ccc(Br)cc1
7211,7211,O=C(NCc1ncon1)NCC1(C(=O)[O-])CCOCC1
7212,7212,CC(NC(=O)C1CC1)c1cccnc1
7213,7213,CCC(=O)N1N=C(c2ccc(OC(F)(F)F)cc2)OC1(c1ccccc1)c1ccccc1
7214,7214,CC1CC1C(=O)OC1C[NH+]2CCC1CC2
7215,7215,CC1CCCC([NH3+])(C(=O)NCc2ccc(Cl)cc2Cl)C1
7216,7216,O=C1CSc2cc(C(=O)Nc3nc4cc(Cl)ccc4s3)ccc2N1
7217,7217,CC1CC(C)CN(c2nnc(SCc3ccc(Br)cc3)n2CC2CCCO2)C1
7218,7218,COc1ncccc1Nc1ncnc(Oc2cccc3ncccc23)c1N
7219,7219,COc1ccc2c(c1OC)NC(C)(C)C(=O)N2
7220,7220,CC(C)C(NC(=O)C([NH3+])Cc1ccccc1)C(=O)NC(Cc1ccc(O)cc1)C(=O)NC(CO)C(=O)N1CCCC1C(=O)[O-]
7221,7221,Cc1ccc(S(=O)(=O)N(CC(=O)N(Cc2ccc(Cl)cc2)C(C)C(=O)NC2CCCC2)c2ccc(Cl)c(C(F)(F)F)c2)cc1
7222,7222,NC(=[NH+]O)C(C[NH+]1CCCC1CO)c1ccccc1
7223,7223,CC[NH2+]Cc1cc(Cl)ccc1N1CC(O)C1
7224,7224,CCOC(=O)c1cccc(Br)c1NC(=O)C1CCN(S(=O)(=O)c2ccc(C(C)C)cc2)CC1
7225,7225,FC(F)(F)c1cnc(c2c(Cl)cc(Cl)cc2Cl)nc1
7226,7226,Cc1c(NC(=O)C(C)[NH+]2CCC(C(=O)Nc3ccc(NC(=O)c4cccc(F)c4)cc3)CC2)cccc1C(=O)Nc1ccc(F)c(F)c1
7227,7227,CC(C)C(O)(C#Cc1cccc([N+](=O)[O-])c1)C(C)c1ccccc1
7228,7228,Cc1ccc(OCc2csc(C(=O)NCC[NH+]3CCCCCC3)c2)cc1
7229,7229,COc1cc(NCC(=O)Nc2ccccc2OC)c(OC)cc1Cl
7230,7230,O=C1C(c2ccc(F)cc2)C(c2ccc(Cl)cc2)N1c1ccccc1
7231,7231,COc1cc(N2CCC(NC(=O)c3ccc(F)cc3)CC2)c([N+](=O)[O-])cc1F
7232,7232,CC(C)c1ccc(OCCNC(=O)C[NH+]2CCC3(CC2)OCc2ccccc23)cc1
7233,7233,CC(C(=O)OCC(C)(OC(=O)Nc1ccc(OC(F)(F)F)cc1)c1ccc(Cl)cc1)n1ncnn1
7234,7234,CCC(C)(C(N)=O)[NH+]1CCN(CC[NH3+])CC1
7235,7235,CCOc1c(Br)cc(Cl)cc1NC(C)C[NH3+]
7236,7236,FC(F)(F)c1cccc(c2nnc3ccc(NCCc4c[nH]c5ccccc45)nn32)c1
7237,7237,Cc1nc(Nc2ccc(F)cc2)cc(C(=O)Nc2ccc(Cl)cc2C)n1
7238,7238,N#Cc1cc(Br)cc(CC(=O)[O-])c1CO
7239,7239,CCCCCCC1(CCCCCC)c2cc(C#Cc3ccccn3)ccc2-c2ccc(c3ccc4c(c3)C(CCCCCC)(CCCCCC)c3cc(c5ccc6ccc7ccccc7c6c5)ccc3-4)cc21
7240,7240,C=CCNC(=O)Nc1ccc(CCNC(=O)NCc2ccc(F)cc2)cc1
7241,7241,COc1ccc(OC)c(Nc2ncc(C(=O)N3CCCCC3)cn2)c1
7242,7242,Cc1ccc(C(O)C2Cc3ccccc3O2)cc1C
7243,7243,Cc1nc(C(C)(C)C)sc1C(=O)Nc1cccc(Cl)n1
7244,7244,COC1=CC2OC3C(=O)C(C(=O)OC3=O)C2C=C1
7245,7245,CC(OC(=O)c1ccccc1S(C)(=O)=O)C(=O)Nc1cc(F)ccc1F
7246,7246,Cc1ccsc1C(=O)N(CC(C)C)CC(O)c1ccccc1
7247,7247,CCn1cc[nH+]c1CC([NH3+])c1cccc2ncccc12
7248,7248,CC[NH2+]C(c1ccc(C)s1)c1ccn(C)n1
7249,7249,COC(=O)C(C[NH3+])NC(=O)c1ccc(Br)s1
7250,7250,CC1CCN(C(=O)c2ccc3ccccc3c2)CC1[NH3+]
7251,7251,Cn1ccc2ccc(Br)cc21
7252,7252,Nn1c(SCC(=O)NC(=O)c2ccccc2)nnc1c1ccccc1F
7253,7253,COc1ncccc1C[NH2+]C1CC2CCC1(C)C2(C)C
7254,7254,O=C1C2Cc3c([nH]c4ccccc34)C(c3ccccc3Cl)N2C(=O)N1Cc1ccccc1F
7255,7255,[NH3+]C1(C(=O)Nc2nnc(C(F)F)s2)CCCC1
7256,7256,O=C([O-])CC1(NC(=O)c2cc([N+](=O)[O-])ccc2O)CCCCCC1
7257,7257,O=C(C=Cc1ccc(OCCO)c(OCCO)c1[N+](=O)[O-])c1ccc([N+](=O)[O-])cc1
7258,7258,COCCc1cnc(CC[NH2+]C(C)(C)C)o1
7259,7259,CSCCCCCCNc1ccc(Cl)c(C(=O)[O-])n1
7260,7260,CC(C)c1ccc(NC(=O)Nc2ccc(C(F)(F)F)nn2)cc1
7261,7261,CCOC(=O)c1ccc(NC(=O)c2nnn3c2nc(Nc2cccc(C#N)c2)c2ccccc23)cc1
7262,7262,Cc1nn2c(CN(C)C(=O)CCc3nc(=O)c4c([nH]3)CCOC4)cnc2s1
7263,7263,C[NH2+]Cc1cc(S(=O)(=O)NCC(C)[NH+](C)C2CC2)c[nH]1
7264,7264,Fc1ccc(C=Cc2nnc(CCCl)s2)cc1
7265,7265,N#CCCCSc1ccc(Br)cc1N
7266,7266,CC(=O)Nc1cc(C(C)Nc2ccc(C#N)cc2N2CCOCC2)c(C)s1
7267,7267,Cc1nc(N)sc1C(=O)N1CCC(Cl)CC1
7268,7268,CC(CCC[NH3+])C1CCC2C3CCC4CC(OC(=O)NCc5ccccc5)CCC4(C)C3CCC12C
7269,7269,CC1CC(C)CC(OC2Cc3ccccc3C2)C1
7270,7270,Cn1c(SCCC(=O)N2CCCC(C(=O)N3CCOCC3)C2)nc2sc3c(c2c1=O)CCCC3
7271,7271,Cc1ccc([N+](=O)[O-])c(OCC(=O)Nc2cccc(N)c2)c1
7272,7272,COc1ccc(S(=O)(=O)N(C)c2ncc(Br)nc2C)cc1
7273,7273,CCC(C)C([NH3+])C(=O)NC(CCCC[NH3+])C(=O)NC(CCSC)C(=O)NC(C(=O)[O-])C(C)C
7274,7274,N#Cc1ccc(NC(=O)NCCc2ccccc2F)cc1
7275,7275,CC(C)([NH3+])CCC(=O)N1Cc2ccccc2CC1C(=O)[O-]
7276,7276,CCCc1cc(c2nc(C(=O)[O-])cs2)no1
7277,7277,COc1ccc(C(C)=O)cc1CC(=O)Nc1cccc(C(C)=O)c1
7278,7278,Cc1ccc(F)c(C[NH+](Cc2nn(C)c3c2CCCC3)CC2(O)CCCC2)c1
7279,7279,Cn1cc(Oc2cc(N3CCC4[NH2+]CCC4C3)nc(N)n2)cn1
7280,7280,CC(=O)Nc1ccc(NS(=O)(=O)c2ccc(N3CCCC3=O)cc2)cc1
7281,7281,O=C(NCC1(CO)CC1)N1CCc2sccc2C1
7282,7282,O=C([O-])c1ccnc(Oc2ccc(F)c(F)c2)c1
7283,7283,CCn1ccnc1C(=O)CC1CCS(=O)(=O)C1
7284,7284,Nc1cc2c(O)c(c1)Cc1cc(C(=O)[O-])cc(c1O)Cc1cc(c(CO)cc1O)Cc1cc(C(=O)[O-])cc(c1O)Cc1cc(C(=O)[O-])cc(c1O)Cc1cc(C(=O)[O-])cc(c1O)C2
7285,7285,COC(=O)C(C)=CC[NH2+]C(C)Cc1ccc(Br)cc1
7286,7286,CC(C)c1ccccc1NC(N)=[NH+]Cc1ccc(OC(F)(F)F)cc1
7287,7287,O=C(CCC(=O)OCCOCCO)Nc1ccccc1n1cccc1
7288,7288,Cc1cc(n2nnnc2SCC(=O)NCC(=O)NCc2ccc3c(c2)OCO3)no1
7289,7289,O=C([O-])c1ccccc1C(=O)NCC[NH+]1CCCCCC1
7290,7290,Cn1nc(Br)nc1C1CC[NH2+]CC1
7291,7291,Cc1ccc(Br)c(NC(=O)Nc2ccc(CC(=O)[O-])cn2)c1
7292,7292,N#Cc1cccc(NC(=O)c2cc([N+](=O)[O-])ccc2N2CCCC2=O)c1
7293,7293,CC[NH2+]C(CCc1ccnn1C)Cc1ccccc1Cl
7294,7294,COCCOc1ccc(NCc2ccc(C)nc2)cc1
7295,7295,COc1ccc(Br)cc1C(O)C1(C[NH3+])CCC1
7296,7296,C=CCCOC1CCC(C(O)CCCCCCCC)CC1
7297,7297,O=C1CCCc2nc(N3CCN(c4ccccn4)CC3)nc(Oc3ccccc3C(F)(F)F)c21
7298,7298,CC(C)[NH+]1CCC(CNC(=O)CC2CCC[NH2+]2)C1
7299,7299,CC(C)CC(NC(=O)C(NC(=O)C1CCC[NH2+]1)C(C)C)C(=O)[O-]
7300,7300,COc1ccc(OC)c(S(=O)(=O)NCCNC(=O)c2ccoc2)c1
7301,7301,CCc1cccc(C[NH2+]Cc2cc(C)n(C)c2C)c1
7302,7302,Fc1cc(Br)ccc1Cn1cnc2sc3c(c2c1=O)CCC3
7303,7303,O=C(Nc1ccsc1C(=O)NCC1CC1)c1cc2ccccc2oc1=O
7304,7304,NNC(=O)c1cnc(NCCc2ccsc2)cn1
7305,7305,Cc1cc(C#N)nc(NCCn2ccnc2)c1
7306,7306,CC(C)c1n[nH]c(CNC(=O)N2CCC(C)(C(=O)[O-])C2)n1
7307,7307,CC(C)CCCC(C)[NH2+]Cc1ccc(C#N)cc1
7308,7308,Nc1cccc(S(=O)(=O)NCCC[NH+]2CCCC2)c1
7309,7309,CC1COCCN1c1nnccc1C[NH3+]
7310,7310,O=C([O-])c1cnn(CC(O)CO)c1
7311,7311,CC(C)n1nccc1C1(O)CC[NH+](C2CCCC2)CC1
7312,7312,C=CC=C(C=CC)C1=C(O)C(=O)N(C(=O)Oc2ccc(c3cc4ccccc4o3)cc2)C1c1ccc(CO)cc1
7313,7313,CC(C)(C(O)CCc1ccc(Cl)cc1)[NH+]1CCCC1
7314,7314,COc1ccc(Br)c(c2nc(COC(=O)c3csc(NC(C)=O)n3)c(C)o2)c1OC
7315,7315,CC(C)CC1NC(=O)C(C)(C)N(c2cccc(F)c2)C1=O
7316,7316,O=C(Nc1ccn(Cc2cccc(F)c2)n1)C(=O)Nc1cccnc1Cl
7317,7317,CCOC(=O)N(CC[NH3+])S(=O)(=O)c1ccc(C)cc1
7318,7318,CS(=O)(=O)N(CCC#N)c1ccc(C(=O)NCc2ccc(F)cc2)cc1
7319,7319,O=c1oc2ccccc2c2c1SC(c1ccc(O)cc1)C(c1cc(Br)ccc1O)N2
7320,7320,COCCOCC[NH2+]CC(=O)C(C)C
7321,7321,Nc1cccc(c2noc(C3CNC(=O)O3)n2)c1
7322,7322,CC[NH2+]C(CC(C)CC)c1cncc(C)c1
7323,7323,COc1ccc(NC2=C(c3ccc(C)cc3)C(=O)N(c3ccccc3OC(C)C)C2=O)cc1OC
7324,7324,CC(=O)c1ccc(NC(=O)CSc2nc(=O)c(Cc3cccs3)n[nH]2)cc1
7325,7325,O=C(NCCCc1ccccn1)C1CCCN(S(=O)(=O)c2ccc(F)cc2)C1
7326,7326,Cn1cc2c(n1)C(O)CCC2
7327,7327,CCc1[nH+]ccn1CCNc1cnc(C(=O)NC(C)C)cn1
7328,7328,Cc1ccc(S(=O)(=O)Nc2cncc(C(=O)[O-])c2)cc1C
7329,7329,COC(=O)c1ccc(C=C2SC(=O)N(CC(=O)Nc3ccc([N+](=O)[O-])cc3)C2=O)cc1
7330,7330,CCOC(=O)c1c(NC(=O)C2CC(=O)N(c3ccccc3F)C2)scc1c1ccc(C)c(C)c1
7331,7331,CSc1cccc(NCCC(F)(F)F)c1C(=O)[O-]
7332,7332,CC(=O)c1ccc(N2CC[NH+](Cc3ccc(C(=O)NCc4ccc(N5CC[NH+](C)CC5)cc4)s3)CC2)cc1
7333,7333,CC(C)(CO)NC(=O)c1cccc(Br)c1
7334,7334,CCCCCC=CCC=CCCCCCCCCCCCC(=O)OC(COC(=O)CCCCCCCC=CCC=CCC=CCC)COC1OC(CS(=O)(=O)[O-])C(O)C(O)C1O
7335,7335,Cn1cc(C[NH2+]C2CCC(c3ccccc3)CC2)cn1
7336,7336,O=C(Nc1ncc(Cc2ccccc2Cl)s1)c1ccc([N+](=O)[O-])cc1Cl
7337,7337,CCC1CCCCC1Oc1nc(C(C)(C)C)nc(Cl)c1C
7338,7338,COc1ccc(C(=O)Nc2cccc(N3CCCN(Cc4ccc(F)c(F)c4)C3=O)c2)cc1OC
7339,7339,CC(C)(C)OC(=O)n1cc(Cl)c(c2ccccc2)n1
7340,7340,COc1cc2[nH+]c3c(cnn3C3CCCC3)c(NC3CCCC3)c2cc1C
7341,7341,CC1C[NH+](Cc2ccccc2)C(C)CC(C)O1
7342,7342,CCOc1ccc(Cc2cc(C34CC5CC(CC(C5)C3)C4)c(C=O)nc2Cl)cc1
7343,7343,COC(=O)C(CSc1cccc(Cl)c1)[NH2+]C(C)C
7344,7344,CCCCCNC(=O)c1cccc(C(=O)Nc2ccc(N(C)C)cc2)c1
7345,7345,Cc1nnsc1C(=O)N1CC2CCC(C1)O2
7346,7346,C=CC=C(C=CC)C(N[O-])=[NH+]C(C)(c1ccc2nc[nH]c2c1)C(C)CC
7347,7347,CCn1c(CNc2ccccc2)nnc1SCC(=O)Nc1cccc2ccccc12
7348,7348,CCc1cc(CC)n(c2nc(C)ccc2C(=O)[O-])n1
7349,7349,O=C(NC(Cc1ccccc1)C(O)CBr)OCc1ccccc1
7350,7350,CCC1C(=O)NC(=O)CN1C(=O)c1cncc(Br)c1
7351,7351,C=CCOc1ccc(NC(=O)CNC(=O)NCc2ccccc2)cc1
7352,7352,CC(C)C(=O)c1cnc(c2ccc(N3CCC4(CC3)OCCO4)nc2)s1
7353,7353,Cn1nncc1C(=O)CCl
7354,7354,CCCCC(CCC1C(Br)C(CBr)C1CCC(O)CC(O)CC(=O)[O-])OC1CCCCO1
7355,7355,O=c1c2c(c3ccccc3)cccc2oc2cc3c(cc12)c1ccccc1n3c1ccc(c2ccccc2)cc1
7356,7356,COC(=O)c1c(SC)cc(C(=O)[O-])cc1OC
7357,7357,Cc1cc(N2CCC(NC(=O)COc3ccc(Br)c(C)c3)CC2)nc(C(C)C)n1
7358,7358,COC(C)(C)Cn1c(N)nc2c(C)cccc21
7359,7359,Cc1cc(C)n(c2ccc(C(=O)NCc3ccc(N4CCOCC4)cc3)cc2)n1
7360,7360,CCC(C)N(CC(=O)OC)C(=O)c1sc2cc(F)ccc2c1Cl
7361,7361,CCCCC(Oc1ccc(Cl)cc1)P(=O)(OCC)OCC
7362,7362,CCCS(=O)(=O)NCC1C[NH2+]CCO1
7363,7363,O=C(Nc1cccc(c2nc3cc(Cl)ccc3o2)c1)C1CCCCC1
7364,7364,CC(C)(C)c1nnc2n1CCN(C(=O)c1n[nH]c(C3CC3)n1)C2
7365,7365,CCOc1cccc2cc(C(C)NC(=O)N3CCCCC3C)cc(Br)c12
7366,7366,CCOC(=O)c1c(OC)c(c2ccc(N)nc2)nc2cc(Cl)ccc12
7367,7367,COc1ccc(C=C2SC(Nc3ccc(C)c(Cl)c3)=[NH+]C2=O)cc1
7368,7368,Cc1ccc(c2ccc(C=C3SC(=S)N(NC(=O)c4cccc5ccccc45)C3=O)o2)cc1Cl
7369,7369,N#CC(C#N)=C(c1ccccc1)c1cccc2ccccc12
7370,7370,Cc1ccc(CNC(=O)C2CCCC[NH+]2C)cc1F
7371,7371,O=C(Cn1cnc2sccc2c1=O)NCCc1ccc(F)cc1
7372,7372,CC(C)C(CI)Cc1ccc(F)cc1
7373,7373,O=C1C(=O)N(c2ccc(Oc3ccccc3)cc2)C(c2ccc(O)c(Cl)c2)C1=C([O-])c1ccc([N+](=O)[O-])cc1
7374,7374,O=C([O-])C1CCC[NH+]1CC(=O)N1CCCC1
7375,7375,N#Cc1cccc(NCC2([NH+]3CCCC3)CCCCC2)n1
7376,7376,COc1ccc(C(=O)N2CCC(C)C2CO)c(OC)c1
7377,7377,O=C(NCCc1cc(Cl)c2c(c1)OCO2)c1nn(C2CCCC2)cc1[N+](=O)[O-]
7378,7378,COc1ccc(C(=O)NCc2ccc3c(c2)Cc2ccccc2-3)cc1S(=O)(=O)N1CCOCC1
7379,7379,CC(C)([NH3+])C(=O)N1CCC2CCCCC2C1
7380,7380,C=CCN1C(=O)NC(c2ccc(OC)cc2)C2=C1CN(C(Cc1ccccc1)c1nnnn1Cc1ccc(F)cc1)C2=O
7381,7381,CCO[Si](CCCS(=O)(=O)C(=[N+]=[N-])S(=O)(=O)O)(OCC)OCC
7382,7382,COc1cc(N)ccc1CNC(=O)C(C)NC(=O)C(C)NC(=O)OC(C)(C)C
7383,7383,CCCS(=O)(=O)CC1(CCl)CC1
7384,7384,CC(C)NC(=O)CC[NH2+]C(C)CC1OCCc2ccccc21
7385,7385,C=CCC(C)NC(=O)N1CCCCCC1C(=O)[O-]
7386,7386,O=C(Cn1cnc2ccccc21)NC1CCOC2(CCOC2)C1
7387,7387,[NH3+]Cc1cccc(S(=O)(=O)[N-]c2ncccn2)c1
7388,7388,CC(C)c1ccc(COc2c(F)cccc2C=CC(=O)[O-])cc1
7389,7389,O=S1(=O)CCCN(c2ccc(NCCC3CCC[NH2+]C3)cc2)CC1
7390,7390,Cn1cc(c2cc3c(cn2)cnn3C2CCOC2)c(C2CCOC2)n1
7391,7391,CC1COCC[NH+]1CC1(CO)CCN(C(=O)C=Cc2ccccc2)CC1
7392,7392,COC(C)C(=O)N(C)c1ccc2c(c1)ncn2Cc1cccc(F)c1
7393,7393,Cn1ccnc1C1OCCCC1NC(=O)NC1CC1c1c(F)cccc1F
7394,7394,Cc1cccc2c(=O)n(CCC(=O)Nc3ccc(c4noc(C5CC5)n4)cc3)cnc12
7395,7395,CC(NC(=O)C1CC(=O)N(c2ccc(F)c(F)c2)C1)c1ccc(Cl)cc1Cl
7396,7396,Cn1cc(CC(=O)NCc2ccc(N3CCCC3)nc2)c2ccccc21
7397,7397,COc1ccccc1Oc1ccc(NC(=O)CCc2nc3sc4c(c3c(=O)[nH]2)CCC4)cc1
7398,7398,CCOC(=O)C1=C(C)N(C2CCCC2)C(=O)C1=Cc1cc([N+](=O)[O-])c(OCC)o1
7399,7399,CCOc1cc(N2CCOCC2)c(OCC)cc1NC(=O)Cc1ccc(OC)cc1
7400,7400,COc1ccc(CC(=O)N(Cc2cccs2)c2nc3c(C)c(Cl)ccc3s2)cc1
7401,7401,CCc1c(C(=O)NC2CCOC2C)cnn1c1cccc(F)c1
7402,7402,CCOc1c[nH+]ccc1NC(Cc1cccc(Cl)c1)C(=O)OC
7403,7403,CCCCSC1CCC(C2CCC(c3ccc(CCC4CCC(CCC)OC4)c(F)c3F)OC2)CC1
7404,7404,COc1ccc(N2CCC(NC(=O)c3ccc(NC(=O)C(C)C)cc3)C2=O)cc1
7405,7405,COCC1CCCN(C(=O)NC2CC[NH+](C3CCCCC3)CC2)C1
7406,7406,CC1CCN(S(=O)(=O)N2CCCc3occc3C2)CC1
7407,7407,COc1cc2nccc(Oc3ccc(NC(=O)C4([NH3+])CCCC4)cc3)c2cc1OC
7408,7408,CCC(C)C(=O)C[NH+]1CCC(C)C1CO
7409,7409,CNc1ccc(CC(F)(F)F)nn1
7410,7410,Cc1ccc(C(C)N2CC[NH2+]CC2C(C)C)cc1F
7411,7411,CC(C)(C)NNC(=O)CCCc1ccccc1
7412,7412,O=C(NCCc1ccc(F)cc1)c1cc(c2cccc([N+](=O)[O-])c2)no1
7413,7413,O=C(Nc1ccn(C2OC(COP(=O)([O-])OP(=O)([O-])OP(=O)([O-])[O-])C(O)C2O)c(=O)n1)Nc1cccc(c2c3ccc([nH]3)c(N3CCOCC3)c3ccc(Nc4ncc(Cl)c(Nc5ccc6c(c5)OCCCO6)n4)cc32)c1
7414,7414,Fc1ccccc1CSc1nnc(c2cnccn2)o1
7415,7415,CCCCCCC(C)[NH2+]CC(=O)NC(C)(C)C
7416,7416,CSc1ccc(CNc2ccc(C#N)nc2)cc1
7417,7417,CCn1c(SCC(=O)N(Cc2ccc(Cl)c(Cl)c2)C2CC2)nnc1c1ccc(Br)cc1
7418,7418,O=C(NCc1ccc(n2cccn2)nc1)c1cc(c2cccnc2)nc2ccccc12
7419,7419,COC(=O)c1ccc(CNC(=O)c2cc(c3cnccn3)nc(c3cnccn3)c2)s1
7420,7420,Cc1cc(C)c(c2ncc(c3ccc(C(=O)NC(C)(C)C)cc3)cn2)c(C)c1
7421,7421,CN=CC(O)=Nc1nc(Nc2ccc3cn(C(=O)OC(C)(C)C)nc3c2)nc(Oc2cccc(C#N)c2)n1
7422,7422,CCOc1cc(C(=O)N(CC)CC(=O)Nc2c(C)cc(C)cc2C)cc(OCC)c1OCC
7423,7423,Cc1[nH]c(CNc2ccc(I)cc2Cl)c[nH+]1
7424,7424,CCC1CN(CCCC(F)(F)F)CC[NH2+]1
7425,7425,Nc1c(Sc2ccccc2)ncnc1N1CC[NH+](CC2CCC2)CC1
7426,7426,Nc1cc(=O)n(CC(=O)N2CCCC2c2nc3cc(c4ccc5c(n4)COC5=O)ccc3o2)cn1
7427,7427,CCc1cccc(C)c1NCCC(=O)NCCc1ccc(F)cc1
7428,7428,CC(=O)Nc1cccc(C(C)NC(=O)CN2C(=O)SC(=Cc3ccccc3Cc3ccccc3)C2=O)c1
7429,7429,Cc1c(N)cc(S(=O)(=O)N2CCSC(C)(C)CC2)cc1F
7430,7430,C=CCN(CCO)C(=O)Nc1cc(OC)c(Cl)cc1OC
7431,7431,Cc1ccc(S(=O)(=O)NCCC(=O)N2CC[NH+](C3CCCC3)CC2)cc1C
7432,7432,COCC[NH2+]Cc1nccn1CCC(F)(F)F
7433,7433,NC(N)=[NH+]C(=[NH2+])c1c(NCC[NH+]2CCCCC2)cccc1C(F)(F)F
7434,7434,O=C(NCc1ccccc1)C(=O)Nc1ccc(n2cnc3ccccc32)cc1
7435,7435,COc1ccc(OCC(=O)Nc2nnc(SCC(=O)Nc3cc(C)ccc3C)s2)cc1
7436,7436,CCCc1cnc(c2cccnc2C)nc1
7437,7437,O=C(C=Cc1ccc(F)cc1)N1CCc2c(c(C(=O)N3CCOCC3)nn2c2ccccc2)C1
7438,7438,CCCCCN(C(=O)C(CC(N)=O)NC(=O)OC(C)(C)C)C(C(=O)Nc1c(C)cccc1Cl)c1ccc(O)cc1
7439,7439,CC(=O)c1c[nH]c(C(=O)Nc2cc(C(F)(F)F)ccc2C)c1
7440,7440,O=c1cc(c2ccccc2Cl)c2cc3c(cc2o1)OCO3
7441,7441,CC(=O)c1ccc(NC(=O)COC(=O)C(Cc2ccccc2)N2C(=O)c3ccccc3C2=O)cc1
7442,7442,[NH3+]C(CCCC1CCCO1)C1CCC[NH2+]C1
7443,7443,O=C(Nc1ccc(F)c([N+](=O)[O-])c1)N1CC2C[NH2+]CC2C1
7444,7444,CC(C)c1ccc(n2c(Cc3ccccc3)nnc2SCC(=O)c2ccc(Br)cc2)cc1
7445,7445,NC(=[NH2+])c1ccc2nc(Cl)c(=O)[nH]c2c1
7446,7446,CC(OC1(c2nc(C3CC3)cs2)CCC1)c1cc(C(F)(F)F)ccc1F
7447,7447,CCCCC(CC)(C[NH3+])N1CC(C)CC1C
7448,7448,CC1(O)CCN(c2ccc(C#N)cc2Br)CC1
7449,7449,O=C(CC[NH+]1CCCCCC1)Nc1cnn(CC2CCOCC2)c1
7450,7450,Cc1noc(c2ccnc3c(C(=O)NC4CCc5cc(S(C)(=O)=O)ccc54)cnn32)n1
7451,7451,COc1cc2c(cc1OC)C[NH+](CCN1C(=O)COc3ccc(Br)cc31)CC2
7452,7452,C[NH2+]C(c1ccc(OC)c(Cl)c1)c1cc(Br)c(Br)s1
7453,7453,Cc1ccc(c2nc(c3cccc4c3c3ccccc3n4c3ccccc3)nc(c3cccc4c3c3ccccc3n4c3ccccc3)n2)cc1
7454,7454,C[NH2+]C1CCCc2nc3c(C(=O)Nc4nc5cc6cc(C)ccc6cc5s4)cccc3nc21
7455,7455,CC1CCN(c2ccc(C[NH2+]C(C)C(C)C)cn2)CC1
7456,7456,Cn1ncc(Cl)c1C([NH3+])Cc1ccc(Cl)s1
7457,7457,Fc1ccc(Nc2nc3ccccc3nc2NCc2cccnc2)c(F)c1
7458,7458,Cc1ccc(n2c(SCC(=O)Nc3cccc(C#N)c3)nnc2c2ccccc2O)cc1
7459,7459,CCc1ccc(C(=O)NC2CCC(C(=O)[O-])CC2)cc1
7460,7460,O=C(CCCCCCC(=O)N(O)CCCS(=O)(=O)[O-])OCCCCCOC(=O)c1cc2ccc(C(O)[NH2+]CCCc3ccccc3)cc2oc1=O
7461,7461,O=C(CCCOc1ccccc1)Nc1cn2ccccc2[nH+]1
7462,7462,CCOc1ccc(C(=O)Nc2ccc(C(C)(C)C)cc2)cc1COc1ccccc1
7463,7463,Cn1c(=O)n(C)c2cc(S(=O)(=O)N3CCC(C[NH3+])C3)ccc21
7464,7464,Cc1c(Br)cc(CC([NH2+]CC(O)COc2ccc(Cl)cc2Cl)C(=O)Cn2ccc3ccccc32)cc1Br
7465,7465,CCn1nnc2c(NC(=O)COc3ccc(Cl)cc3)cncc21
7466,7466,CC(C)[NH+]1CCCC1CNC(=O)N1CCCCC1
7467,7467,CC(C)(C)c1ccc(S(=O)(=O)N2CCC(C(=O)N3CCC(F)(C(=O)[O-])C3)CC2)cc1
7468,7468,CCCCc1c(Cl)ncnc1N(C)Cc1ccc(OC)cc1
7469,7469,CCC1OC(OC)CC2C=CC1C2
7470,7470,CNc1cc(NC2CCCC2C)ncn1
7471,7471,Cc1ccc(c2nc3cc(C(C)C)ccc3n2CC(=O)[O-])o1
7472,7472,CCCCC(C)C1OC(=O)C=CC1=O
7473,7473,COc1ccc(c2nc(Cn3cccc3C(=O)NCC3CCCO3)c(C)o2)cc1
7474,7474,COc1ccc2c(c1)C1(CC2)CC(=O)Nc2c1c(C)nn2c1ccccc1
7475,7475,COc1ccc(NC(=O)c2ccc3c(c2)N(c2ncc([N+](=O)[O-])c(OC)n2)CC3)cc1
7476,7476,O=C([O-])c1ccc(COc2cccc(C(=O)Oc3cc(OCc4ccccc4)ccc3Cl)c2)cc1
7477,7477,CC(C)c1c(=O)nc[nH]c1c1ccc(Cl)cc1Br
7478,7478,N#CC1(c2ccccc2)C(c2ccccc2)(c2ccccc2)C(c2ccccc2Cl)N1c1ccccc1
7479,7479,CCC1(CC)C(c2occc2C[NH2+]C(C)C)C(C)(C)OC1(C)C
7480,7480,CS(=O)(=O)N1CCCC1c1nnc(C(=O)Nc2ccc(F)cc2)s1
7481,7481,C=CC[NH2+]C(C)(CC)CCO
7482,7482,CC1=C(c2nc3ccc(Br)cc3[nH]2)C(c2ccc(OCC#N)cc2)NC(=O)N1C
7483,7483,CCC1CCCC(Oc2ccc(C[NH2+]C3CC3)cc2Cl)C1
7484,7484,Cc1ccc(n2c(SCC(=O)N3CCCC(C)C3)nc3cc(Cl)ccc3c2=O)cc1
7485,7485,CCOC(=O)C(CC)C1(C=O)CCCC(C)(C)O1
7486,7486,CCOC(=O)c1nn(c2ccccc2)cc1NS(=O)(=O)c1ccc(C)cc1
7487,7487,CCc1cc(C(F)(C(F)(F)F)C(F)(F)F)cc(CC)c1NC(=O)c1ccc(COc2c(F)c(F)c(F)c(F)c2F)o1
7488,7488,COc1ccc(OC)c(CCNC(=O)C2CNc3ccccc3O2)c1
7489,7489,COCCNS(=O)(=O)c1ccc([O-])c([N+](=O)[O-])c1
7490,7490,COCCCOCC(=O)NCC1CCC2C(c3ccccc3)Nc3nc(NC(=O)C4CC4)nn3C2O1
7491,7491,[NH3+]CCCCC(NC(=O)CNC(=O)C([NH3+])CCC[NH3+])C(=O)NC(CCCC[NH3+])C(=O)[O-]
7492,7492,[NH3+]CC1COCCN1CC(=O)Nc1ccc(Br)cc1Br
7493,7493,Cn1ncc(N2CCC([NH3+])CC2C(N)=O)c(Cl)c1=O
7494,7494,O=C(Nc1cccc(C[NH+]2CCCCC2)c1)c1cccc(OCc2cscn2)c1
7495,7495,CC(C)CC(NC(=O)N1CCC2NC(=O)CCC2C1)C(=O)N1CCCC1C(=O)[O-]
7496,7496,N#Cc1ccc(S(=O)(=O)N2CCC(CN3C(=O)COc4ccccc43)CC2)cc1
7497,7497,CCCC(CCC)C(=O)NCc1ccc(c2noc(C(C)C)n2)cc1
7498,7498,CC(=O)C1=C([O-])C(C(C)C)N(c2cc(C)ccn2)C(=O)C1=O
7499,7499,C[NH2+]C(CC[NH+]1CCC(COC)C1)(C(=O)[O-])C1CC1
7500,7500,COC(=O)c1cccc(CS(=O)(=O)Nc2ncc(Cc3ccc(Cl)s3)s2)c1
7501,7501,C=CC(CCC)[NH+]1CCC23c4c5ccc(O)c4OC2C(=O)CCC3C1C5
7502,7502,O=C([O-])C(c1ccoc1)[NH+]1CCOCC1
7503,7503,Cc1ccc(NC(=O)Nc2ccc(Nc3ccccc3)cc2)cc1Oc1ccccc1
7504,7504,Cc1nn(CC(=O)N2CCCC(C(=O)N3CCCCC3)C2)c(C)c1S(=O)(=O)N(C)C
7505,7505,CCCCS(=O)(=O)NC(C)C(O)c1ccc(OC)cc1
7506,7506,CC(C)(C)c1ccccc1NC(=O)Cn1nc(C(F)F)c(Br)c1C#N
7507,7507,[NH3+]C1CC2CCC1[NH+](Cc1ccccc1)C2
7508,7508,Cc1ccc(S(=O)(=O)C2(C(N)=S)CCC(C)CC2)c(C)c1
7509,7509,CC(=O)OC1C(C)CC2C3CCC4=CC(=O)C=CC4(C)C3(Cl)C(O)CC21C
7510,7510,CSCC(C)C(=O)NCC(c1cccc(O)c1)[NH+]1CCCC1
7511,7511,Cc1c(C(=O)N2CCCC(C(=O)[O-])C2)nnn1c1ccccc1F
7512,7512,Cc1cc(C)c(C#N)c(Sc2nc(C(C)C)ns2)n1
7513,7513,Cc1cc(C)c(Nc2nccn3cnnc23)c(C)c1
7514,7514,COC(=O)Cn1c(=NC(=O)c2c(C)nn(c3ccccc3)c2Cl)sc2cc([N+](=O)[O-])ccc21
7515,7515,CCC1CCCCC1C(NN)C(C)(C)[NH+]1CCCC1
7516,7516,CC(C)CC1[NH2+]C(C)C(=O)N1CC1(S(C)(=O)=O)CC1
7517,7517,CC1CCN(c2ccc(C(N)=O)cc2[N+](=O)[O-])CC1O
7518,7518,CC(C)(C)c1ccc(c2nc3ccc(c4ccc(Cl)cc4)cc3o2)cc1
7519,7519,CC[NH2+]C(CN(C)C)c1cc(C)ccc1F
7520,7520,CCOC(=O)c1c(OCCCCl)cc(OC)c(OC)c1Sc1ccc(Cl)cc1
7521,7521,CC(C)CC(CC(=O)NO)C(=O)NC(CCC(N)=O)C(=O)NC(CCC(=O)[O-])C(=O)c1nc2ccccc2s1
7522,7522,CCC(C)Nc1cc(C(=O)Nc2cccc(Cl)c2C)ncn1
7523,7523,Cc1cc(S(=O)(=O)NC(CCC[NH+]=C(N)N)C(=O)NC(Cc2ccccc2)C(=O)[O-])c(c2cnc(N)c(C(N)=O)n2)s1
7524,7524,CC(c1ccccc1)[NH+]1CCCN(Cc2nnc(c3ccccc3)o2)CC1
7525,7525,O=C1c2ccccc2C(=O)c2c1cccc2[N+](=O)[O-]
7526,7526,CCOC(=O)C(C)(CC(C)[NH+](CC)CC)[NH2+]C(C)C
7527,7527,NC(=S)c1cnccc1N1CC[NH+]2CCCC2C1
7528,7528,C=CC1C[NH+]2CCC1CC2C(SC1CCC1)c1ccnc2ccc(OC)cc12
7529,7529,[NH3+]CCn1cc2nc(c3ccnc(N4CCOCC4)c3)sc2c1
7530,7530,COc1cc2ncn(C3CC3)c2cc1OC
7531,7531,COc1ccc(C(=O)NCCC(C)C)c(N)c1
7532,7532,COc1ccc(CCNC(=O)c2ccc(N)cc2Cl)cc1OC
7533,7533,O=C([O-])c1cn(c2ccc(O)cc2)nc1c1ccsc1
7534,7534,CCCC(O)C[NH+](CC1CC1)CC1CCCC1
7535,7535,CCOC(=O)CSc1nnc(C)s1
7536,7536,CC(=O)c1cccc(Oc2nc(Cl)nc(n3ccnc3)n2)c1
7537,7537,COc1ccc(C([NH3+])C(=O)N2CCCCC2CCO)cn1
7538,7538,COc1ccc(OC)c(C2=C(O)C(=O)N(c3ccccc3N3CCOCC3)C2c2cccc(O)c2)c1
7539,7539,CCOc1ccc2[nH]c(=O)c(CN(Cc3cccnc3)C(=S)Nc3ccccc3)cc2c1
7540,7540,Cc1noc(CCNc2nc(NN)ncc2Cl)n1
7541,7541,Cn1nc(NC(=O)c2ccc(OCCC3CCCCO3)cc2)c2ccccc2c1=O
7542,7542,CCc1cnc(C(C)NC(=O)c2cccc(N)c2[N+](=O)[O-])s1
7543,7543,C=CCn1c(SCc2cccc(C(=O)OC)c2)nc2scc(c3ccc(C)cc3)c2c1=O
7544,7544,Cc1cc(C)nc(SC2=C(Nc3ccc(C(C)C)cc3)C(=O)N(c3ccc([N+](=O)[O-])cc3)C2=O)n1
7545,7545,CC(C)CC1COC(c2ccccc2Cl)NC1=O
7546,7546,CCCCN(C)c1nc(N)c(C(=O)NCc2cccnc2OC)s1
7547,7547,Cc1ccc([N+](=O)[O-])cc1NC(=O)C(=O)NCCC[NH+]1CCOCC1
7548,7548,CC1CCCCC1Nc1cc(Br)ccc1Br
7549,7549,CSc1nnc(NC(=O)c2cc3cc(C)ccc3nc2C)s1
7550,7550,CCCCc1ccc(N2C(=O)NC(=O)C(=Cc3cc(Br)c(OCc4ccc(Cl)cc4Cl)c(OC)c3)C2=O)cc1
7551,7551,CCOC(=O)C(C=Nc1ccccc1)=C(OC)OCc1ccccc1
7552,7552,COc1ccccc1C(=O)NCc1nnc(SCc2ccc(Cl)cc2Cl)n1C
7553,7553,CCc1occc1C([NH2+]C)c1cc(C)cc(Cl)c1
7554,7554,O=C([O-])C1CCCN(c2cccc3c2CC[NH2+]C3)C1
7555,7555,Cc1ccc(C(C[NH3+])N(C)Cc2cccs2)c(C)c1
7556,7556,Cc1[nH]ncc1S(=O)(=O)N(C)CC(=O)Nc1ccc(Cl)cc1C(=O)c1ccccc1
7557,7557,CC(C)N(CC1COCC[NH2+]1)C(=O)C1CC(c2ccc(F)cc2)NN1
7558,7558,O=C(NCc1ccco1)C1CC(=O)N(c2ccc3c(c2)CCC3)C1
7559,7559,COc1ccc(C(=O)N2CCCCCC2CBr)c(O)c1
7560,7560,CC(C)(C)[NH2+]Cc1ccccc1C[NH+]1CCOCC1CO
7561,7561,COCCOCCCn1cc(CC(C)C(=O)[O-])nn1
7562,7562,CC(C)(C)C(=O)Nc1nc2ccc(c3ccc(NC(=O)c4cc(Br)c([N+](=O)[O-])s4)c(C(=O)[O-])c3)cc2s1
7563,7563,Cc1ccn(c2nc(N)nc(Cl)n2)n1
7564,7564,C[NH2+]C(Cc1cnn(C)c1)C1CCC2CCCCC2C1
7565,7565,C=CC1CCC(C2CCC(C3CC=C(c4ccc(F)c(F)c4)CC3)CC2)CO1
7566,7566,O=C([O-])N1CCCC(CCSc2ccccc2)C1
7567,7567,COc1ccc(S(=O)(=O)CCC(=O)NCCCN2CCCC2=O)cc1
7568,7568,Fc1cccc(C[NH+]=C(NCCc2ccco2)NC2CCCCC2)c1
7569,7569,CCOc1ccc(N(CC(=O)N(Cc2ccc(Cl)c(Cl)c2)C(CC)C(=O)NCC(C)C)S(=O)(=O)c2ccc(F)cc2)cc1
7570,7570,Cc1nc(C2CCCN2C(=O)Cn2cc(C(F)(F)F)ccc2=O)no1
7571,7571,COCC[NH+]1CC(C)=CC1Nc1ccccc1OC
7572,7572,O=C(CCC(=O)c1cccs1)Nc1ccc(Br)cc1
7573,7573,CC1CC(C)CN(C(=O)C(C)Oc2ccc(C#N)cc2)C1
7574,7574,Cn1cnc(S(=O)(=O)NCCn2cc(N)cn2)c1Cl
7575,7575,Cc1ccc(C[NH+]2CCCC2C(=O)[O-])cc1
7576,7576,CC(=O)N(Cc1ccc(c2ccc(C(=O)[O-])cc2)cc1)c1sccc1C
7577,7577,CS(=O)(=O)N(c1ccc(C#N)cc1)C(C(=O)[O-])c1ccc(F)c(Cl)c1
7578,7578,COCCn1c(SCC(=O)NCc2ccc(C)cc2)nc2ccccc2c1=O
7579,7579,CCOc1ccc(C(=O)CCC(=O)N2CCC(C)CC2)cc1OCC
7580,7580,CC(C)C(C)(c1ncccn1)N1CC[NH2+]CC1
7581,7581,COc1cc(NC(C)CC(C)C)cc([N+](=O)[O-])c1
7582,7582,CCC(C)NC(=O)c1ccc(NC(=O)C(C)[NH+]2CCC(C(=O)NCC(=O)Nc3ccc(C(=O)N(C)C)c(Cl)c3)CC2)c(C)c1
7583,7583,COCCNC(=O)C[NH+]1CCC(Cn2cnc(C3CC3)cc2=O)CC1
7584,7584,CCCc1cc(N)n(c2c(Cl)cccc2[N+](=O)[O-])n1
7585,7585,CN(CCC#N)c1nccc(N(Cc2ccccc2)S(=O)(=O)c2ccccc2F)n1
7586,7586,Cc1ccc(NC(=O)C2CC[NH+](C(C)C(=O)Nc3cccc(C(=O)Nc4cc(F)ccc4C)c3C)CC2)cc1NC(=O)c1ccccc1
7587,7587,O=S1(=O)CCCC(CNS(=O)(=O)C2CCS(=O)(=O)CC2)C1
7588,7588,CCc1ccc2nc(c3c(Nc4ccccc4)nn(CC)c3NC(=O)c3ccccc3OC)sc2c1
7589,7589,O=c1c(Cc2ccccc2)nn(C2CCCCO2)c(=O)n1C1CC[NH+](C2CC2)CC1
7590,7590,CCCc1nnsc1C(O)c1c(Cl)cnn1CCOC
7591,7591,CCC1C[NH+](CCC(C)[NH3+])CCCO1
7592,7592,Cc1nn(C(=O)CCn2ncc(c3ccccc3)cc2=O)c(C)c1[N+](=O)[O-]
7593,7593,CCOC(=O)c1c(C(=O)c2ccc(Br)c(Cl)c2)c(c2ccccc2)nc2ccccc12
7594,7594,COc1ccc(C)cc1S(=O)(=O)Nc1cc(c2nnc3n2CCCCC3)ccc1C
7595,7595,C=CCOC(=O)C1=C(C)NC(C)=C(C(=O)OCCCC)C1c1ccc(OCc2ccccc2)cc1
7596,7596,O=C(Nc1ccc(F)c(Cl)c1)c1cc(c2ccncc2)n[nH]1
7597,7597,O=C([O-])C1CCCN1C(=O)CC1[NH2+]CCOC1C1CC1
7598,7598,CC(C)CC(NS(=O)(=O)c1cccc2c(O)cccc12)C(=O)NCCCOC(C)C
7599,7599,CC(C)(C)C1CCC2(CC(O[Si](C)(C)C(C)(C)C)CCC2=O)O1
7600,7600,O=C(CCC(=O)c1cccs1)OCC(=O)c1ccc(Cl)cc1Cl
7601,7601,C=CCOc1ccc(NC(=S)NC(=O)Cc2ccccc2F)cc1Cl
7602,7602,Nc1cc(F)ccc1NC(=O)c1ccc(CO)c(Cl)c1
7603,7603,CC[NH2+]C(Cc1ccc(F)cc1F)c1ncc(C)cn1
7604,7604,CSc1ccc(C(=O)C2CC2(C)C)cc1
7605,7605,Cn1cc(S(=O)(=O)NCc2ccncc2)ccc1=O
7606,7606,O=C(NCc1ccc(c2ccccc2)cc1)Nc1ccc(C(=O)N2CCCC2)cc1
7607,7607,Cc1[nH]ncc1CCCNC(=O)c1ccnc(C(=O)[O-])c1
7608,7608,CCOP(=O)(OCC)C1C(=O)CC2(CCCC2)C1C
7609,7609,CCc1ccsc1C(Cc1ccc(Cl)cc1Cl)NN
7610,7610,Cc1ccc(CNc2ccc3c(c2)N(Cc2ccccc2Cl)C(=O)CO3)cc1
7611,7611,Cn1cccc1S(=O)(=O)C1CCN(C(=O)OCc2ccccc2)CC1
7612,7612,CCCCC[NH+](CCO)Cc1cncs1
7613,7613,CCC1(CC)NC(=O)CCN(C(C)c2ccc(Cl)cc2Cl)C1=O
7614,7614,CCCc1nc2c(N3CCN(C(=O)c4ccc(C)cn4)CC3)nccn2c1Cc1ccc(c2ccccc2C(=O)[O-])cc1
7615,7615,CC(C)N1CC(C(=O)NC2CCN(c3cnccn3)C2)CC1=O
7616,7616,CCOC(=O)C(C)Sc1nnc(c2ccc(Cl)cc2)n1c1ccc(Cl)cc1
7617,7617,C[NH2+]C(C)C(=O)NC(C(=O)N1C(c2nc3ccc(c4ccc5nc(C6CCCN6C(=O)C(NC(=O)OC)C(C)C)[nH]c5c4)cc3[nH]2)CC2CCCC21)C(C)C
7618,7618,Cc1ccc(S(=O)(=O)NC(CCC(N)=O)C(=O)OCC(C)C)cc1Cl
7619,7619,C[NH2+]C(c1cc(C)c(C)cc1C)c1ncc[nH]1
7620,7620,CC(=O)c1ccc2oc(SCC(=O)c3ccccc3)nc2c1
7621,7621,CC[Si](CC)(CC)OCC1OC(Oc2ccc(C=Cc3ccc(c4ncccn4)cc3)cc2)C(O)(OCc2ccccc2)C1OCOCC[Si](C)(C)C
7622,7622,Nc1cnccc1CN1CCCc2ccccc21
7623,7623,Cc1c(NC(=O)C[NH+]2CCC(C(=O)NCCC(=O)Nc3cc(C(=O)N4CCCC(C)C4)ccc3Cl)CC2)cccc1C(=O)NCC(C)C
7624,7624,Cc1nc(C)c(Cc2ccccc2)c(N2CCN(c3ccnc(C(N)=O)n3)CC2)n1
7625,7625,CC(C)=CC(C)=CCOP(=O)([O-])OCC1OC(n2ccc(N)nc2=O)C(O)C1O
7626,7626,COC(=O)C(Cc1ccc(c2ccccc2)cc1)N(C(=O)OCc1ccccc1)c1ccc2nc(Cc3ccc(NC(=O)C=CC[NH+](C)C)cc3)sc2c1
7627,7627,CCOc1cnc(C(=O)NCc2ccc(OC)cc2OC)cn1
7628,7628,[NH3+]Cc1ccc(F)c(C2=CCCC2)c1
7629,7629,O=C(COc1ccc2cc(Br)ccc2c1)N(Cc1ccsc1)C1CC1
7630,7630,C[NH2+]C(C)C(C)(C)C[NH+](C)CC1CCCN1C
7631,7631,COc1ccc(COc2cncc(c3nn[n-]n3)c2)cc1
7632,7632,CCOc1ccc(C2C(=C([O-])c3ccc(F)cc3)C(=O)C(=O)N2c2ccc(CC(=O)OC)cc2)cc1
7633,7633,O=C([O-])Cc1c(c2cccc(Cl)c2Cl)nc2ccc(c3ccc(c4nc(C5CC5)cs4)cc3)nn12
7634,7634,CCCCCC(=O)NCCCCC(N)=[NH+]O
7635,7635,O=C(NCC1CCOC1)c1cc(Cl)ccc1O
7636,7636,C=COCCC[NH2+]Cc1cc(Br)ccc1O
7637,7637,CC1CCC(CN(C)C(=O)NCC2CCCC[NH+]2C)O1
7638,7638,C[NH2+]CCC=Cc1ncc(C)nc1OC
7639,7639,CC(C)(C)c1cnc(CCC[NH2+]CCCc2nc3ccccc3s2)o1
7640,7640,CCOC(=O)c1ccnc(NC(C)C(N)=O)c1
7641,7641,CCCc1nnsc1C(=O)Nc1nnc(C2CCOCC2)s1
7642,7642,O=C(Nc1ccccc1)C1CCN(C(=O)NC2CCC(=O)NC3(CCCCC3)C2)CC1
7643,7643,CCOC(=O)c1c(C)[nH]c(C(=O)OCC(=O)NCc2ccc(OC)c(OC)c2)c1C
7644,7644,Cc1c(Cl)cccc1NC(=O)COC(=O)c1ccc(C(F)(F)F)cc1
7645,7645,CC(=Cc1ccco1)C(=O)NCC[NH3+]
7646,7646,CC(c1nc(c2cccc(O)c2)no1)[NH+]1CCn2cccc2C1c1ccc(Cl)cc1
7647,7647,COc1ccc(Cc2nn(c3ccc(C)c(C)c3)c3c2CCCCN3)cc1
7648,7648,Cn1cc2c(Oc3ccc4[nH]ccc4c3)nc(c3ccccc3O)nc2n1
7649,7649,COc1ccc2c(c1)C(c1nc3nccc(C)c3s1)CN2S(=O)(=O)c1ccc(C)cc1
7650,7650,CC1CC(C)CC(NC(=O)C(C)(C)N2CC[NH2+]CC2)C1
7651,7651,C=C(C)CN1C(=O)c2[nH]nc(c3ccncc3)c2C1c1cccs1
7652,7652,CC(C)(C)[Si](C)(C)OCCCC[NH2+]Cc1ccc(Br)cc1
7653,7653,COc1c(C(C)C)cc(Nc2nc(=O)c(OC)n[nH]2)cc1C(C)(C)C
7654,7654,Cc1c(N)cccc1SCc1ccc(C(C)(C)C)cc1
7655,7655,CCCc1sc(C(=O)Nc2ccnn2Cc2ccccc2)cc1CC
7656,7656,CCc1[nH]c(S(=O)(=O)N2CCC(C[NH2+]C)C2)c[nH+]1
7657,7657,N#Cc1ccccc1NCc1ccc(C[NH+]2CCC(O)CC2)cc1
7658,7658,Cc1ccc(NC(=O)Nc2cccc(C(=O)[O-])c2)cn1
7659,7659,CC(C)CC(C)[NH+]1CC2CCC(C1)O2
7660,7660,C[NH2+]C(C)Cc1noc2c1CCCCC2
7661,7661,COc1ccc(SCC(=O)Nc2nc(c3ccc(C)cc3)cs2)cc1
7662,7662,CCn1ccc2ccc([N+](=O)[O-])cc21
7663,7663,Fc1ccc(C[NH2+]C2CCN(c3ccc4nccn4n3)CC2)c2ccccc12
7664,7664,C[NH2+]C(CSc1nc(C)cc(C)n1)c1ccc(C)c(C)c1
7665,7665,O=C(Nc1ccc(Cl)c(C(F)(F)F)c1)Nc1cccc2c(O)cccc12
7666,7666,COc1ccc(Br)c(NC(=O)Nc2ccccc2Cc2ccccc2)c1
7667,7667,Cc1occc1C(=O)Nc1nc2c(s1)C([NH3+])CCCC2
7668,7668,O=C([O-])CCC(C(=O)c1ccccc1)C1CO1
7669,7669,Cc1ccc(S(=O)(=O)N(C)c2nnc(C)s2)cc1C(=O)[O-]
7670,7670,COc1ccc(S(=O)(=O)n2cc(C3CC3C)c3ccc(C4CCOCC4)cc32)cc1
7671,7671,O=C(C=Cc1ccc([N+](=O)[O-])s1)Nc1ccc(N2CCCCC2=O)cc1
7672,7672,CNc1nc(N(C)CCc2ccccn2)c2cnn(C)c2n1
7673,7673,O=C(NCCn1ncc2c1CCCC2)c1ccc(n2cccc2)cc1
7674,7674,CCOC(=O)c1c(NC(C)=O)sc(C(=O)c2ccc(C)cc2)c1N
7675,7675,COc1ccc(C(C)NC(=O)Nc2ccc3c(c2)NC(=O)C(C)O3)cc1
7676,7676,CSc1nnc(NC(=O)CSc2nnc(c3c[nH]c4ccccc43)n2N)s1
7677,7677,[NH3+]CC1(C(=O)NCC2(Sc3ccccc3)CCC2)CCOCC1
7678,7678,Cc1cc(C)n2ncc(C(=O)N3CCCC3c3cccc(OC(F)F)c3)c2n1
7679,7679,CC(C)c1ccc(c2nnc(SCC(=O)C(C#N)c3nc4ccccc4s3)n2C)cc1
7680,7680,C=CC(=O)OCCC[Si]1(C)OCCC(C)O1
7681,7681,CCCCC(OC(C)=O)(c1ccccc1)C(C)(C)O
7682,7682,CC(C)COc1ccc(C(=O)N(C)CC(C)C(=O)[O-])cc1
7683,7683,Cc1nn(C2CCS(=O)(=O)C2)c(C)c1C(=O)NCC(O)c1ccccc1
7684,7684,O=C([O-])C1(Cc2c(F)cccc2Cl)CCOC1
7685,7685,CCOC(=O)N1CCN(c2ccnc(NC3CCCCCC3)n2)CC1
7686,7686,Cc1oc(C)c(C(=O)NC2CCc3[nH+]c(C(C)(C)C)cn3C2)c1C
7687,7687,Cc1ccc(CNC(=O)c2ccc(NS(=O)(=O)c3ccc(Cl)c(Cl)c3)cc2)cc1
7688,7688,CC(=O)Nc1ccc(NC(=O)CNC(=O)C2CC[NH+](CC(=O)Nc3cccc(C(=O)NC4CCCCC4C)c3C)CC2)cc1C
7689,7689,O=C([O-])c1cc(I)cc2[nH]ccc12
7690,7690,CCOC(=O)c1sc2ncnc(N3CCN(C(=O)c4ccc(C(F)(F)F)cc4)CC3)c2c1C
7691,7691,CCC(C)C([NH3+])C(=O)NC(CS)C(=O)NC(CCCC[NH3+])C(=O)NC(Cc1cnc[nH]1)C(=O)NC(CCC(=O)[O-])C(=O)[O-]
7692,7692,CC(C)(C)S(=O)(=O)CC(=O)N1CCC(C(=O)OCc2ccccc2)CC1
7693,7693,CC(C)OC(=O)C(C)(C)NP(=O)(OCCCl)OCCCl
7694,7694,O=C([O-])C([NH2+]C1CC1)c1ccc(S(=O)(=O)Nc2nccs2)cc1
7695,7695,O=C(COC(=O)c1ccc2nc(c3ccccc3)c(c3ccccc3)nc2c1)NCC1CCCO1
7696,7696,Cc1ncc(C[NH2+]CC(O)C(C)C)s1
7697,7697,N#Cc1ccc(NC(=S)N2CCN(S(=O)(=O)c3cccc(C(F)(F)F)c3)CC2)cc1
7698,7698,COc1ccccc1CNC(=O)CC1NC(=O)N(C23CC4CC(CC(C4)C2)C3)C1=O
7699,7699,O=C1CCCCN1CC(=O)N1CCCC1c1nnc2n1CCCCC2
7700,7700,CC(=O)C1CCC2C3CCC4C(NC(=O)Cc5c[nH]c6ccccc56)CCC4(C)C3CCC12C
7701,7701,COC(=O)CC1CC2C(CC(O[Si](C)(C)C(C)(C)C)C(O)C=O)C1C2(Cl)Cl
7702,7702,CC(C)CN(CC(=O)N(Cc1ccco1)Cc1cccn1C)C(=O)c1ccc(c2ccccc2)cc1
7703,7703,CSCCC(NC(=O)C(C)NC(=O)C(CC(C)C)NC(=O)C(CC(=O)[O-])NC(=O)C(CO)NC(=O)C([NH3+])Cc1ccc(O)cc1)C(=O)NC(Cc1ccc(O)cc1)C(=O)[O-]
7704,7704,COc1ccc(OCC(O)Cn2nc(n3ccc(OCc4ccccc4)cc3=O)ccc2=O)cc1
7705,7705,COc1ccc(CN2C(=O)SC(=Cc3cc(Br)ccc3O)C2=O)cc1
7706,7706,CC(C)=CCOC(=O)C(C)C1OC(=O)C(C)C(O)C1C
7707,7707,O=C([O-])CSCc1ccc(NS(=O)(=O)c2ccccc2[N+](=O)[O-])cc1
7708,7708,O=C([O-])c1ccccc1NC(=O)CC1CC2CCC(C1)[NH2+]2
7709,7709,CNc1nc(OC2CCCC(C)C2)ncc1F
7710,7710,COc1ccc(C(=O)N2CCCC(c3nc(c4cccc(C(F)(F)F)c4)no3)C2)c2ccccc12
7711,7711,Cc1ccn2cc(C(O)Cc3ncoc3C)[nH+]c2c1
7712,7712,[NH3+]C1(C(=O)Nc2ccnc(Cl)n2)CCCCCC1
7713,7713,Cc1ccnn1c1ccc(C=O)cc1
7714,7714,CCCC[NH+](CCCC)Cc1cc(C[NH2+]CCC)c(C)o1
7715,7715,CCS(=O)(=O)N(c1cccc(C(F)(F)F)c1)c1cnc(NCCc2ccccc2OC)nc1
7716,7716,Cc1cc(C)cc(CNCC(F)F)c1
7717,7717,CCn1nc(C)c(Br)c1CC([NH3+])C1(OC)CCCC(C)C1
7718,7718,O=P1(c2ccccc2)CCCC1
7719,7719,N#Cc1cc(COc2ccc(Cl)cc2Br)ccc1[N+](=O)[O-]
7720,7720,COCCOc1ccc(C=C(C#N)c2nc(c3ccccc3)cs2)cc1[N+](=O)[O-]
7721,7721,CC(C)(C)c1ccc(C[NH+](CCO)Cc2nnnn2c2ccccc2)cc1
7722,7722,CCOc1ccc(C(=O)Nc2ccc(n3cnnn3)cc2)cc1OC
7723,7723,Cn1cc(C(=O)NCc2ccc(C[NH+]3CCCCC3)cc2)cn1
7724,7724,CC(C)([NH3+])CNc1ccc(S(=O)(=O)NC2CC2)cc1
7725,7725,CCn1ncc(C[NH+]2CCN(C(=O)c3ccc(C)[nH]c3=O)CC2)c1C
7726,7726,COc1ccc(C=CC(=O)Nc2cc(C(=O)[O-])ccc2C)cc1C
7727,7727,O=C(CCC1CCCC[NH2+]1)N1CC[NH+](CCO)CC1
7728,7728,Cc1cc(Oc2ccc(C#N)cc2)cc2c1C(=O)C(=Cc1ccc([N+](=O)[O-])cc1)O2
7729,7729,CCC(C)[NH+](CC)Cc1cc(C[NH2+]C2CC2)co1
7730,7730,N#Cc1ccc(OCC(=O)Nc2ccc(n3ccnc3)c(F)c2)cc1
7731,7731,CC1CC(C)CC(NC(=O)N2CCN(c3nnc(C(C)C)s3)CC2)C1
7732,7732,CCCC[NH+](CC)C1CCC(=O)C1
7733,7733,[NH3+]CCNS(=O)(=O)c1ccc(c2csc(C3CCN(C(=O)COc4ccccc4Cl)CC3)n2)cc1
7734,7734,COCCNC(=[NH+]CC(=O)N(C)C)N1CC[NH+](CC(=O)NC2CC2)CC1
7735,7735,COc1ccc(c2nnc(SC(C)C(=O)N3CCN(c4cccc(C(F)(F)F)c4)CC3)n2c2ccc(OC)cc2)cc1
7736,7736,CCOc1cncc(C(O)c2scc(C)c2Cl)c1
7737,7737,CCCCCC(O)CCC1CC(C(C)(C)C)CCC1[NH2+]CC
7738,7738,CCCC[NH2+]CCC1CC[NH+](Cc2ccncc2)CC1
7739,7739,C=C(C)CN(C)C(=O)c1ccc2scnc2c1
7740,7740,[NH3+]CCc1ccc(C(O)(c2ccc(c3ccc(N)cc3)cc2)c2ccc(OCc3ccc4ccccc4n3)cc2)cc1
7741,7741,O=[P+](O)OCC(C1=CCCCC1)P(=O)(O)O
7742,7742,Cc1nc(N2CCOCC2)nc(C)c1CCC(=O)N1CCC(c2[nH+]ccn2Cc2ccccc2)CC1
7743,7743,CC(C)C(CNc1nccc(C(F)(F)F)n1)[NH+]1CCCCC1
7744,7744,Cc1ccc(C(O)C[NH+]2CCCC(C(C)(C)C)CC2)o1
7745,7745,CNc1ncnc(N(C)C(C)c2ccco2)c1[N+](=O)[O-]
7746,7746,CC(=O)Nc1nc2ccc(NC(=O)Cc3csc(c4ccccc4Cl)n3)cc2s1
7747,7747,Cc1cc(C)c2[nH]c(=O)cc(C(=O)N3CC(O)(C[NH+]4CCCC4)C3)c2n1
7748,7748,NC(NCCC[NH+]1CCOCC1)=[NH+]Cc1cccc(OCc2ccccc2)c1
7749,7749,[NH3+]C1(C(=O)NC2CC[NH+](CCOc3ccccc3)CC2)CCOCC1
7750,7750,CCC1(CC)CN(C(=O)c2cc(F)cc(F)c2)CCS1(=O)=O
7751,7751,Cc1nc2cc(NC(=O)c3cc(S(=O)(=O)N4CCCCC4)c(C)o3)cc(Cl)c2o1
7752,7752,C=C(NNC(=O)c1ccccc1C(=O)c1ccccc1)c1ccc(SCc2ccccc2)o1
7753,7753,COC(=O)C1=C(C[NH+]2CCN(Cc3cccc(Cl)c3)CC2)NC(C)=C(C(=O)OC)C1c1cccc([N+](=O)[O-])c1
7754,7754,Cc1nccc(CNc2nc(Cl)nc(N(C)C)n2)n1
7755,7755,Cc1nc(C2(NC(=O)C3CCCN(C(=O)C(C)(C)C)C3)CCCCC2)no1
7756,7756,COc1cc(c2c(=O)[nH][nH]c2c2ccc(OCC[NH+](C)C)cc2)cc(OC)c1OC
7757,7757,CCOC(=O)c1c(NC(=O)c2ccccc2I)sc2c1CCC(CC)C2
7758,7758,CCC1OC(=O)CC(O)C(C)C(OC2OC(C)C(OCCCN3C(=O)c4ccccc4C3=O)C(O)C2O)C(CC[NH+]2CCCCC2)CC(C)C(=O)C=CC1C
7759,7759,Cc1nn(C2CCS(=O)(=O)C2)c(C)c1NC(=O)c1sc2ncccc2c1N
7760,7760,COC(=O)NNC(=S)c1ccccc1
7761,7761,CC1(C(=O)[O-])CCN(C(=O)NCC2(O)CCC2)CC1
7762,7762,CCn1cc(C(=O)N2CCCCC2c2nc(c3ncccn3)no2)c(C)n1
7763,7763,O=C1NC(C(=O)N2CC[NH+](C3CC3)CC2)CS1
7764,7764,COC(=O)c1ccc(N)c(OCC(=O)NCCC(C)C)n1
7765,7765,Nc1ccc(C(=O)Oc2c(I)cc(C=NNC(=O)Cc3ccccc3)cc2I)cc1
7766,7766,CC(=O)N(c1nc(C[NH+]2CCCC(O)C2)cs1)C1CC1
7767,7767,CNc1ncc(C)c(N(C)c2cccc(OC)c2)n1
7768,7768,Cc1ccc(N2CCC[NH+](C)C(C)C2)nc1C#N
7769,7769,COCC(CC(=O)c1c(C)cc(C)cc1OC)OC
7770,7770,CCOCCn1c(=NC(=O)c2ccc(Cl)cc2)sc2cccc(OCC)c21
7771,7771,CS(=O)(=O)N(CC(=O)N1CCN(c2ccc(Cl)c(C(F)(F)F)c2)CC1)c1ccc(Cl)c(C(F)(F)F)c1
7772,7772,CCOC(=O)C(CCCCOC(=O)C(C)(C)C)[NH2+]C(C)C(N)=O
7773,7773,CCC1(CC)Oc2ccc(C[NH3+])cc2N(CC(C)C)C1=O
7774,7774,COc1cccc2sc(N(CC3CCCO3)C(=O)c3ccc(S(=O)(=O)N4CC(C)CC(C)C4)cc3)nc12
7775,7775,CC(C)(C)OC(=O)CN(C(=O)Nc1ccnc(Cl)c1)C(C)(C)C
7776,7776,CC(C)c1cc(Br)ccc1OCC#N
7777,7777,NNC(=O)c1cc(COc2ccccc2F)on1
7778,7778,O=C1C=C2OC3C(=O)C(C[NH+]4CCN(c5ccccc5)CC4)=CC3OC2CC1
7779,7779,CCC(C)Nc1ccccc1C(=O)N1CCSCC1
7780,7780,COc1cc2c(cc1O)-c1c(oc(C)c1C(=O)N1CCN(c3ccccn3)CC1)CC2
7781,7781,CC(CC(=O)N1CCC([NH+]2CCCC2)CC1)c1cccc(F)c1
7782,7782,O=C(Nc1n[nH]c(c2ccccc2)n1)c1cccc(Br)c1
7783,7783,CC(=O)Nc1ccc(C)c(NC(=O)C2CCN(S(=O)(=O)c3ccc4c(c3)OCCO4)CC2)c1
7784,7784,COc1ccc(N2CCN(S(=O)(=O)c3ccnn3c3ccccc3)CC2)cc1
7785,7785,Nc1cc(CCl)c2oc3ccccc3c2c1
7786,7786,CCC1CCC(C2CCC(c3ccc(C4CCC(C)CC4)c(F)c3F)CC2)OC1
7787,7787,COCCC(C)C([NH2+]C)C1COc2ccccc2O1
7788,7788,O=C(Nc1ccccc1)c1ccc(N2CCOC2=O)cc1
7789,7789,CC(C)(CBr)CN1C(=O)CC1=O
7790,7790,Cc1ccc(c2nnc(SCC(=O)NCc3ccccc3Cl)n2C)o1
7791,7791,CCOC(=O)C(C=Nc1ccccc1[N+](=O)[O-])=C([NH3+])C[NH3+]
7792,7792,Cn1nnc2cc(C(=O)N3CCCC(C(=O)[O-])C3)ccc21
7793,7793,O=C(NCCCc1nc2ccccc2[nH]1)C1CC(=O)N(Cc2ccccc2)C1
7794,7794,CCCCN(C)c1ccc(CC)cc1
7795,7795,Cc1ccc2c(c1)C(NC(=O)COc1ccccc1)CC2
7796,7796,C=C(NOCC[NH+](C)C)N1CCCCC1C[NH+]1CCCC1C
7797,7797,COc1ccccc1N1CCN(C(=O)c2cc3n(n2)CCN(Cc2cccnc2)C3=O)CC1
7798,7798,CC(N=[N+]=[N-])c1nc(C(C)(C)C)cs1
7799,7799,Cc1c(Cl)cccc1NC(=O)CNC(=O)CSc1nc2ccccc2o1
7800,7800,O=C([O-])CCc1cccc(NC(=O)c2ccc(Br)cn2)c1
7801,7801,C=CCn1c(=NC(=O)c2cc(OC)ccc2OC)sc2cc(S(C)(=O)=O)ccc21
7802,7802,O=C(Nc1ccccc1OCCCCl)c1ccc(F)cc1
7803,7803,COc1c(C)c(C)c(Br)c(C)c1C1(C=O)CC1
7804,7804,CC(C)CN1CCC2(CCCCC2)[NH2+]CC1C(C)C
7805,7805,COc1cc(NC(=O)COc2ccc(Cl)cc2C)ccc1NS(C)(=O)=O
7806,7806,CC[N+]1=CN2C(=CC(=O)C(=C3Nc4ccc(S(=O)(=O)O)cc4C3(C)C)c3ccccc3)C(C1)c1cc(S(=O)(=O)O)ccc1-2
7807,7807,C=CCC(F)(F)C(F)(F)C(F)(F)C(F)(F)OC(F)=C(F)F
7808,7808,COc1cc2c(NC(C)c3cc(F)cc(F)c3)ccnc2cc1OCC1CCN(C(=O)C(C)(C)C)CC1
7809,7809,C[NH2+]C(c1ccc(C)cc1)C1CCS(=O)(=O)C1
7810,7810,O=C([O-])c1ccc(NC(=O)C2[NH2+]CCc3ccccc32)cc1
7811,7811,O=C([O-])C1=Cc2cc(Br)ccc2OC1C(F)(F)F
7812,7812,Cc1ccc(c2nn(Cc3ccccc3)cc2C=C(C#N)C(=O)Nc2ccc(Cl)cc2)cc1
7813,7813,CCn1nc(C)cc1C(=O)NC(C)(C)CCC(=O)[O-]
7814,7814,C=CCn1c(SCC(=O)Nc2ccc(Cl)c(Cl)c2)nnc1c1ccc(NC(C)=O)cc1
7815,7815,CCc1ccc(C[NH2+]CCOCCC(C)C)o1
7816,7816,COc1ccccc1C([O-])=C1C(=O)C(=O)N(c2ccccn2)C1c1ccc(O)c(Cl)c1
7817,7817,O=C1OCCC1SCc1ccccc1
7818,7818,COc1ccc(NC(C)c2occc2C)cc1
7819,7819,O=CN1CCN(c2ccc(Nc3ncc4c(n3)-c3c(C(N)=O)cccc3C(C=O)NC4=O)cc2F)CC1
7820,7820,COc1ccc(C([O-])=C2C(=O)C(=O)N(c3ccc(C(C)(C)C)cc3)C2c2ccc(Cl)c(Cl)c2)cc1
7821,7821,Cc1cc(NC(=O)C(=O)NN=Cc2ccccc2O)no1
7822,7822,O=C1NC2CCCCC2Nc2ccccc21
7823,7823,CCc1ccc(CN2CC3CCC[NH2+]C3C2)cc1
7824,7824,CSCCCCNC(=O)c1csc(C#CCO)c1
7825,7825,CC(C)C(=O)N1C(=O)C(c2cccc3ccccc23)=C(N(C)CCC#N)C1=O
7826,7826,CCCOC(=O)C(C)=C(Cl)P(=O)(OC)OC
7827,7827,CCCc1ccc(N)cc1C(=O)Nc1cn[nH]c1
7828,7828,N#CCc1ccc(NCC2CCCCC2C[NH3+])cc1
7829,7829,COc1ccccc1n1c(SCc2cc(=O)n3occ(c4ccccc4)c3n2)nnc1c1ccccc1C
7830,7830,O=C(Nc1cccc(c2cn3ccsc3[nH+]2)c1)c1ccc(S(=O)(=O)NC2CC2)cc1
7831,7831,Cc1cc(S(=O)(=O)NCC(O)c2ccccc2Cl)c(Cl)cc1F
7832,7832,CCCCOC(=O)c1ccc(NC(=O)CSc2nnc(NC(=O)c3ccccc3C)s2)cc1
7833,7833,CCCCN(CC)C(=O)c1ccc(CN2CCCc3ccccc32)cc1
7834,7834,O=C1CC(c2ccc(Cl)cc2)C2=C(C[NH+](Cc3ccc(Br)cc3)CC2)N1
7835,7835,CC(C)C([NH2+]C1CCCc2ccc(O)cc21)C(=O)[O-]
7836,7836,CC(C)CNC(=O)C(C)N(Cc1ccc(Cl)cc1Cl)C(=O)COc1ccccc1
7837,7837,CC(C)c1nnc2n1CC[NH+](Cc1nnc3n(c4ccccc4)c(=O)c4ccccc4n13)CC2
7838,7838,O=C(NC1CCCCCCC1)C1CC(=O)N(Cc2ccco2)C1
7839,7839,O=C([O-])c1ccc(SCCC[NH+]2CCCC2)c(Br)c1
7840,7840,Cc1ncc(C(=O)NC(C)CC2CC2)s1
7841,7841,CCCCCCCOc1ccc2cc(Br)ccc2c1
7842,7842,COc1ccc(OC)c(NC(=O)C(C)Sc2nnc(c3ccncc3)n2c2cccc(Cl)c2)c1
7843,7843,COC(=O)c1cc(O)c(N)cc1OC(F)(F)F
7844,7844,Cc1c[nH]c(=S)n1c1ccc(Cl)o1
7845,7845,CCc1ccc(C(=O)NNC(=O)c2cc3c(s2)-c2ccccc2OC3)cc1
7846,7846,CCCCCCOc1cccc(C=NNC(=O)CSc2nnc(N)s2)c1
7847,7847,O=C(CCCc1ccccc1)Nc1ccc(n2cnc3ccccc32)cc1
7848,7848,Cn1c2ccccc2c2c(C#N)cccc21
7849,7849,COc1cc(OC)c2c(c1)C(=O)C(C)CC2
7850,7850,CCOC(CC)(CC)c1nc(=O)c2c([nH]1)CC(C)CC2
7851,7851,Cc1ccc(C(C)Nc2nc(c3ccsc3)cc(NCCC(=O)[O-])n2)cc1
7852,7852,CC(C)CC(NC(=O)CNC(=O)C(NC(=O)C([NH3+])C(C)C)C(C)O)C(=O)[O-]
7853,7853,Cc1ccc(COc2ccc(Nc3nc(Nc4ccccc4)nc(Nc4ccccc4)n3)cc2)cc1
7854,7854,COC(=O)C(Cc1ccccc1)NC(=O)C(C)NC(=O)C(CC(C)C)NC(=O)OC(C)(C)C
7855,7855,Cc1ccc(CNC(=O)c2cnc(N3CCCc4ccccc43)nc2)cc1
7856,7856,CCc1ccc2c(=O)c(I)c(C)oc2c1
7857,7857,Cc1c(C[NH3+])cc(C(=O)[O-])cc1S(=O)(=O)NC1CCCC1(C)C
7858,7858,C[N+]1(c2cccc(C(F)(F)F)c2)C=CN=C1
7859,7859,CC(C)n1nnc2cc(C(=O)N(Cc3ccc(Cl)cc3)C3CCCCC3)ccc21
7860,7860,CCOC(=O)c1cc(OC)cnc1Oc1cccc(C(C)(C)C)c1
7861,7861,CCC1(CNC(=O)CC2CSCC[NH2+]2)CC1
7862,7862,C=CCN(CCC)S(=O)(=O)c1ccc(S(=O)(=O)N=c2sc3cc(OC)ccc3n2CC(=O)OC)cc1
7863,7863,CC(C)(C)N=C(NS(=O)(=O)c1c(Cl)cc(Cl)cc1Cl)C(Cl)(Cl)Cl
7864,7864,Cc1c(Cl)cccc1OCC(=O)C(C#N)=C1N(C)c2ccccc2C1(C)C
7865,7865,Cn1cc(N2CC(NC(=O)NC3C=CC(CO)C3)CC2=O)cn1
7866,7866,CC(C)(C)C([NH3+])C(=O)N1CCC(NC(=O)C2CC2)CC1
7867,7867,CCOc1c(Br)ccc(C(C)[NH3+])c1O
7868,7868,COc1c(C[NH3+])ccc(C)c1OCc1ncccn1
7869,7869,CCOC(=O)C1=C(COC(=O)CNC(=O)OC(C)(C)C)NC(=O)NC1c1ccccc1OC
7870,7870,O=C(NCC1CCCO1)Nc1cc(C(=O)[O-])ccc1F
7871,7871,Cc1c(C(=O)NC2C3CC4CC2CC(O)(C4)C3)[nH]c2c1C(=O)CC(C)(C)C2
7872,7872,COc1cc(Br)c(C=O)cc1[N+](=O)[O-]
7873,7873,Cc1cc(C)cc(C(=O)NCc2nnc(NC(=O)c3cccnc3)s2)c1
7874,7874,Cc1cc(C(=O)N2CC[NH2+]C(C)C2)cc(S(N)(=O)=O)c1C
7875,7875,O=C([O-])c1nc2c(s1)-c1ccccc1OC2
7876,7876,C=CCCOC(=O)N(CC)c1ccc(C(COc2ccc3c(c2)OC(=C)C3=O)=NOC(C)C)cc1
7877,7877,Cn1nnc(Br)c1C(=O)c1cccc(Cl)c1
7878,7878,CC(C)(C)SNc1cc(F)cc(Cl)c1
7879,7879,C=CC(=O)N1CCCC(Nc2nc(Nc3cnn(C4CCN(C(=O)OCC[Si](C)(C)C)CC4)c3)ncc2F)C1
7880,7880,Cc1ccc(S(=O)(=O)N(C)CC(=O)NCc2ccc(C(=O)OC(C)C)s2)cc1
7881,7881,CC(C)(C)c1ccc(NC(=S)N(Cc2cccs2)Cc2cc3cc4c(cc3[nH]c2=O)OCCO4)cc1
7882,7882,CCCCN(C1CC1)S(=O)(=O)c1ccc(Br)cc1Cl
7883,7883,COC(=O)C1=CN=CCC1C(F)(F)F
7884,7884,COc1ccc(C(=O)NCCc2nc3ccccc3n2CCOc2cccc(C)c2)cc1OC
7885,7885,CCOC(=O)Cn1nc(c2ccc(F)cc2)sc1=Nc1c(C)cc(C)cc1C
7886,7886,CCCCOC(=O)c1ccc(NC(=O)CCc2nc3sc4c(c3c(=O)[nH]2)CCC(C)C4)cc1
7887,7887,COCC(C)n1c(C)cc(C(=O)C[NH+]2CCCCC2C)c1C
7888,7888,CSCCC(NC(=O)OCC1c2ccccc2-c2ccccc21)C(=O)N(C)C(Cc1ccccn1)C(=O)NC(C)C(=O)NC(CCCC[NH3+])C(N)=O
7889,7889,Cc1cc(F)cc(NC(C)c2cccc([N+](=O)[O-])c2Cl)c1
7890,7890,COc1ncc(c2ccn(C)c(=O)c2C)cc1C[NH3+]
7891,7891,Cc1c(C(=O)N2CCC3(CCCCC3)C2)cnn1C1CCOCC1
7892,7892,FC(F)(F)Cn1cnc2c1CC[NH2+]C2
7893,7893,CCOC(=O)c1cc(CCl)cc(OC(F)(F)F)c1C[NH3+]
7894,7894,O=C(NC(=S)Nc1c(Cl)c(Cl)cc(Cl)c1Cl)c1cc2ccccc2oc1=O
7895,7895,CC(=O)C1=C(C)Oc2c(C)n(c3ccccc3)c(C)c2C1c1cccc([N+](=O)[O-])c1
7896,7896,CC(C)CN(CCC#N)S(=O)(=O)c1cn(C)nc1N
7897,7897,O=C1C(=Cc2ccc(O)c(Cl)c2)SC(=[NH+]c2ccc([N+](=O)[O-])cc2Cl)N1c1ccc(Cl)cc1
7898,7898,COCC1(C(=O)N2CCCC2c2nc(C)c3c(n2)CCC3)CC[NH2+]CC1
7899,7899,C[NH2+]C(CC[NH+](C)CC(C)C)c1ccc(C)cc1F
7900,7900,COc1cccc2c(=O)n(CCC(=O)N3CCNC(=O)C3(C)C)cnc12
7901,7901,O=C(C=Cc1cccs1)NNC(=O)c1ccccc1OC(F)F
7902,7902,COc1ccc(C)cc1NC(=O)c1ccccc1OCc1ccc(F)cc1
7903,7903,C=C(COP)CO[Si](C)(C)C
7904,7904,COc1ccc(c2cc(C(=O)NCC3C[NH+]4CCC3CC4)[nH]n2)cc1
7905,7905,CCOc1ccc(C(=O)NNC(=O)c2cc(Cl)ccc2O)cc1
7906,7906,Cc1cc(C)n(CC(=O)Nc2cnc(c3ccccc3S(=O)(=O)NC(C)(C)C)nc2)n1
7907,7907,CC(=O)C(OC(C)(C)C)c1c(C)cc2ccc(NC(=O)C3(NC(=O)[O-])CC3)cc2c1c1cncc2ccccc21
7908,7908,Cc1cc(C)c(NC(=O)c2c(C)cc(C)n2C)c(Cl)c1
7909,7909,COCC[NH2+]Cc1ccc(OCCCCOC)c(Br)c1
7910,7910,CCOC(=O)c1cc(F)c(F)nc1C(F)F
7911,7911,O=C(c1cnc(Cl)c(Cl)c1)N1CCC(c2cccs2)CC1
7912,7912,CC(C)Cc1ccc(C(Cl)c2csc(Br)c2)cc1
7913,7913,COC(=O)c1ccc(Cl)c(NCc2ccc3c(c2)OCO3)c1
7914,7914,CCn1c(=O)c(C[NH2+]C(C)C(N)=O)ccc1c1ccc(C)cc1
7915,7915,FC(F)(F)c1ccc(n2cc(c3nc(C4C[NH2+]C4)no3)nn2)cc1
7916,7916,Nc1c[nH+]ccc1NCC1CCCC1
7917,7917,Cc1ccc2c(c1)C(=O)N(CCCC(=O)Nc1cc3c(cc1N1CC[NH+](C)CC1)OCO3)C2=O
7918,7918,C=CCC(NC(=O)C(CC=CCCCCC)NC(=O)OC(C)(C)C)C(=O)OC
7919,7919,Cc1c(C=NN2CCOCC2)c2ccccc2n1CC(=O)N1CCCC1
7920,7920,COc1ccc(C(O)Cn2cnc3c(cnn3C)c2=O)cc1
7921,7921,O=C([O-])C(c1ncc(Br)cc1F)C1CC1
7922,7922,COCC(C)NC(=O)c1csc(c2cnn(C)c2)n1
7923,7923,CC1(C(=O)[O-])CCCN(c2nnc(C(F)(F)F)s2)C1
7924,7924,CCn1cc(C(=O)NC2CC[NH+](C3CCCCC3)CC2)c(C)n1
7925,7925,COC(=O)c1ccccc1NC(=O)CSc1n[nH]c(c2ccc(Cl)cc2Cl)n1
7926,7926,COc1ccccc1C(C)[NH2+]CC(=O)NC(C)(C)C
7927,7927,COC(=O)C(C)S(=O)(=O)Nc1ccc(N)cc1OC
7928,7928,Cc1ccc2c(c1)c(c1ccccc1)c1ccccc1c2c1ccccc1
7929,7929,Cc1ccc(C[NH+]2CC(O)(C[NH+]3CCCC3c3ccc4c(c3)OCCO4)C2)cc1
7930,7930,CCOC(=O)c1ccc(NC(=O)C(Cc2ccccc2)NS(=O)(=O)c2ccc(C)cc2C)cc1
7931,7931,COc1ccc(CNc2cc(C(=O)NCc3ccccc3)ccn2)cc1OC
7932,7932,CC(=O)c1cccc(OCCNC(=O)CCN2C(=O)c3ccccc3C2=O)c1
7933,7933,Cc1c(NC(=O)C(C)[NH+]2CCC(C(=O)NC(C(=O)Nc3ccc(Cl)cc3C(=O)N(C)C)C(C)C)CC2)cccc1C(=O)NC1CCCCC1
7934,7934,O=C(OC1=CNC=[NH+]C1)c1ccccc1Br
7935,7935,Fc1cc(NCc2cccc(Cl)c2)cc(F)c1F
7936,7936,CC(C)COc1ccc(NC(=O)CNc2ccccc2N2CCCCC2)cc1
7937,7937,COc1ccc(Nc2nc(C[NH+]3CCN(C(=O)COc4ccc(Cl)cc4)CC3)cs2)cc1
7938,7938,C=CCn1c(SC(C)C(=O)Nc2sc3c(c2C(=O)OC)CCCC3)nnc1C(C)Oc1ccccc1C
7939,7939,COC(=O)NC(CC(C)C)C(=O)N1CCSCC1
7940,7940,C=CC(=O)Nc1cccc(Oc2cccnc2)c1
7941,7941,COc1ccc(C)cc1S(=O)(=O)[O-]
7942,7942,Cc1c(Cl)cccc1N1C(=O)C(O)=C(c2ccc(Cl)cc2)C1c1c(C)n(C)c2ccccc12
7943,7943,O=C(NNC(=O)c1csc(C2CCN(C(=O)c3ccc(F)cc3)CC2)n1)c1ccc[nH]c1=O
7944,7944,CC1CCC(N2C(=O)c3cccc(Oc4cc(N)nc(NC5CC5)n4)c3C2=O)CC1
7945,7945,COc1ccccc1C1c2c(cc(OC)c(OC)c2OC)C(=O)OC12CCCC2
7946,7946,COC(=O)c1ccc(NC(=O)c2cc(c3ccc(F)cc3)nc3c(C)cc(C)cc23)cc1
7947,7947,CC(=O)c1cccc(NC(=O)COC(=O)c2cnn(c3ccc(Cl)cc3)c2)c1
7948,7948,CC[NH2+]CCc1nnc(c2ccc3c(c2)OCO3)s1
7949,7949,Cc1ccc(CNc2nc3cc(F)ccc3cc2C#N)o1
7950,7950,CC1CCC(n2cnc(c3cc(I)ccc3N)cc2=O)C1
7951,7951,O=C([O-])C1([NH2+]C2CC2)CCC([NH+](CCc2cccs2)C2CCCCC2)C1
7952,7952,Cc1cc(C)c(n2c(=O)[nH]c(Cl)c(C(C)C)c2=O)c(C)c1
7953,7953,O=C(Cn1cc(c2noc(COc3ccc(F)cc3)n2)cn1)NC1CC1
7954,7954,Cc1ccc(N2CCC(NC(=O)C3CCc4c3cnn4C)CC2)nn1
7955,7955,O=S1(=O)CCCN(c2nc3c(s2)CCC3)CC1
7956,7956,Nc1ccc2c(c1)nc(CCl)n2c1c(F)cccc1F
7957,7957,[NH3+]C(CSCc1cccc(F)c1F)c1ccccc1
7958,7958,CC(C)(C)c1cc(NC(=O)COC(=O)CCNC(=O)c2ccco2)n(C(C)(C)C)n1
7959,7959,Cn1c(COc2ccccc2)nnc1SCC(=O)Nc1ccccc1
7960,7960,O=C(NCc1cccc(Cl)c1)c1cnc(N2CCC[NH2+]CC2)cn1
7961,7961,CCOC(=O)N1CCN(C(=O)C2CC[NH+](Cc3ccco3)CC2)CC1
7962,7962,O=C(NCCc1ccccn1)c1ccc(n2cc(C3CCC3)cn2)cc1
7963,7963,CC(C)(C)OC(=O)Cn1cc(C(=O)NCc2ccccc2)c2cccc(O)c21
7964,7964,O=C(Cl)C1=CC=CC2N=CN[NH+]=C12
7965,7965,CC1CC2CC(C)CC(C2)C1C
7966,7966,Nc1ccc(Sc2cccc(Br)c2)c(C(F)(F)F)c1
7967,7967,COc1cc(OC)cc(c2noc(C3=C(C)N(Cc4cccc(OC)c4)C(=O)NC3c3ccccc3)n2)c1
7968,7968,Cc1ccc(C2C(C#N)=C([NH3+])N(c3nnc(SCC(=O)Nc4ccc(Cl)cc4)s3)C3=C2C(=O)CCC3)o1
7969,7969,CCCCCOc1ccc(C(=O)N2CCN(c3cc(C)nc(C)n3)CC2)cc1OC
7970,7970,COc1cc(Sc2ccc(N)c(C)c2)ncn1
7971,7971,O=C(CCCCBr)NCCCOCC1CC1
7972,7972,O=c1c(=Cc2ccccc2OCc2cccc(Cl)c2)sc2n1C(c1ccc(F)cc1)C1=C(N=2)c2ccccc2CC1
7973,7973,O=C(c1ccc(n2ccnc2)cc1)N1CCOC2(C[NH2+]C2)C1
7974,7974,CCn1cc(CN(C)C(=O)c2cc3ccc(SC)cc3s2)cn1
7975,7975,COc1ccc(NC(=O)C(C)(C)C(=O)N2CC[NH+](Cc3csc(C)n3)CC2)cc1OC
7976,7976,C=CCn1c(=O)n(Cc2cc(c3ccco3)on2)c(=O)c2c1nc(N1CCOCC1)n2C
7977,7977,CCCc1ccc(S(=O)(=O)N(C)Cc2ccccc2N)cc1
7978,7978,COCCCNC(=O)C1CCCN1C(=O)C12CC3CC(CC(C3)C1)C2
7979,7979,CC(C)(C)c1nnc(SCC(=O)N2CCN(c3ccccc3)CC2)n1N
7980,7980,CCCCn1cc[n+](CCOCCOCC[NH3+])c1
7981,7981,N#CNC(N)=NCCCC(NC(=O)c1cccc(N2CCNC2=O)c1)C(=O)NCC[NH3+]
7982,7982,Cc1ccc(c2nc(CC(=O)N3CCC(C(=O)Nc4ccc(C)c(C)c4)CC3)cs2)cc1
7983,7983,COc1cc2oc(=O)cc(CSc3nnnn3c3ccc(OC)cc3)c2cc1C
7984,7984,Cc1cc(I)cc(C)c1Sc1ccc(CO)c(C(F)(F)F)c1
7985,7985,CCOc1ccc(NC(=O)CNC(=O)C=Cc2ccc(OC(F)F)c(OC)c2)cc1OCC
7986,7986,Cc1ccc(C#CCCO)cc1C(=O)N(C)CCc1ccncc1
7987,7987,CCOc1ccc(C=NNC(=O)C(NC(=O)c2ccc(Br)cc2)C(C)C)cc1OC
7988,7988,COc1ccc(c2cc(c3ccc(C)cc3)nc3sc(C(=O)N4CCN(C(=O)c5ccncc5)CC4)c(N)c32)cc1
7989,7989,O=C([O-])c1ccccc1c1nnn(Cc2ccc(Cl)cc2)n1
7990,7990,COc1ccc(NC(N)=[NH+]CCN2C(=O)c3ccccc3C2=O)cc1Cl
7991,7991,O=C(C1CCCCS1(=O)=O)N1CCCC2(CCOCC2)C1
7992,7992,CCc1cc(NC(C[NH3+])C2CCCC2)nc(C)n1
7993,7993,COCC[NH2+]C(C)c1ccccc1N1CCC(OC)C1
7994,7994,O=C(NNC(=O)c1ccc(O)cc1)C(=Cc1ccc(Cl)c([N+](=O)[O-])c1)NC(=O)c1ccccc1
7995,7995,COCCN(CC(C)C)C(=O)CSc1nnnn1C1CC1
7996,7996,O=c1c2ccccc2nc(C2CCCCC2)n1CC1CC1
7997,7997,O=C(Nc1cccc(CSc2ccccc2)c1)c1cc([N+](=O)[O-])ccc1Nc1cccc(Br)c1
7998,7998,NC(=[NH2+])c1cccc(CSc2n[nH]c(=O)n2C2CCCCC2)c1
7999,7999,C=CC(=O)OCC(C)[Si](OC(C)CC)(OC(C)CC)OC(C)[Si](OC(C)CC)(OC(C)CCC)OC(C)CC
8000,8000,CC(C)C(=O)Nc1ccc(CNC(=O)C(C)Oc2cccc3cccnc23)cc1
8001,8001,CCOc1ccc(N=Cc2ccc(C=O)o2)cc1
8002,8002,N#Cc1ccccc1C=C(CS(=O)(=O)c1ccccc1)C(=O)NCc1ccccc1
8003,8003,Cc1ccc(C(C[NH3+])N2CCC(C(C)C)C2)c(Br)c1
8004,8004,CC1Oc2ccccc2OC1C(=O)N1CCCC(CCC(=O)[O-])C1
8005,8005,CC1C(c2ccccc2)=NC2=[NH+]C(=O)C(=Cc3ccc(OCC(=O)N4CCCC4)cc3)C(=[NH2+])N21
8006,8006,O=C(COc1cccc(c2nnnn2C2CC2)c1)Nc1ccc(Cl)c(C(F)(F)F)c1
8007,8007,O=S1(=O)CCC(S(=O)(=O)NCc2ccccc2OCCO)C1
8008,8008,CC(C)COCCC[NH2+]Cc1cccc([N+](=O)[O-])c1Br
8009,8009,CC(=O)NCC1COCC[NH+]1CC1CC2CCC1C2
8010,8010,Cc1oc(C[NH+](C)CCCn2ccnc2)nc1C
8011,8011,Cc1ccnc(NCc2ccc(C(C)C)cc2)n1
8012,8012,C[NH2+]C(C)c1cc(F)ccc1OC(C)C(=O)NC(N)=O
8013,8013,COc1ccc(c2nc(C(=O)N3CC[NH+](CCCc4ccccc4)CC3)cs2)cc1OC
8014,8014,COc1ccccc1OCCC(=O)Nc1ccc(Nc2ccccc2OC)nc1
8015,8015,COC(C)c1noc(C2CCCCC2C[NH3+])n1
8016,8016,CCC(C)C(NC(=O)C(CCC(N)=O)NC(=O)C([NH3+])CC(C)C)C(=O)NC(Cc1cnc[nH]1)C(=O)[O-]
8017,8017,CSc1nc(N2CCCC2)c2[nH]c(=O)n(c3ccccc3C(F)(F)F)c2n1
8018,8018,C=CCN(Cc1ccc(OC)c(OS(C)(=O)=O)c1)C(=O)Nc1ccc(F)cc1F
8019,8019,O=C([O-])CC(NC(=O)Nc1nncs1)C(=O)[O-]
8020,8020,CC(C)n1c(=O)[nH]c(=O)c2c1ncn2C1OC(CO)C(O)C1O
8021,8021,Cc1cc(C2=CC3C=CNOC3C=C2)ccc1C=O
8022,8022,N#CCC1(Nc2cccc(Cl)c2)CCCCC1
8023,8023,C[Si](C)(C)O[Si]c1ccccc1
8024,8024,CCOc1ccc(C(Br)C(F)(F)C(F)F)cc1
8025,8025,CCC1CCC(Nc2ccc(Cl)nc2C)C1C
8026,8026,CC(C)CNc1nc(C(=O)NCc2cccnc2N2CCOCC2)cs1
8027,8027,COCCOCC(=O)N1CC(C(=O)[O-])Cc2ccccc21
8028,8028,COCCn1cc(NS(=O)(=O)CCC[NH3+])cn1
8029,8029,CCCCN(Cc1cccn1Cc1ccc2c(c1)CCN2C(=O)CC(C)(C)C)C(=O)OC(C)(C)C
8030,8030,Cc1ccc(COc2cccc(C(=O)N3CCN(c4nc5ccccc5s4)CC3)c2)cc1
8031,8031,CCc1ccc(C(CBr)Cc2cc(C)nn2C)s1
8032,8032,CCC(C)C(=O)Nc1cc(NC(=O)C2CC[NH+](C(C)C(=O)Nc3ccc(Cl)c(C(=O)NC(C)C)c3)CC2)ccc1Cl
8033,8033,O=C(Nc1ccc(C(F)(F)F)cc1)C1CCN(c2ncnc3occc23)CC1
8034,8034,CC(C)CC1C[NH+]=C(NC2CCC[NH+](C(C)C)C2)S1
8035,8035,CCC(C)NC(=O)c1cccc(NC(=O)C(C)NC(=O)C2CC[NH+](C(C)C(=O)Nc3cccc(C(=O)NCc4ccc(F)cc4)c3C)CC2)c1
8036,8036,CC(=O)NCC(=O)NC1=[NH+]CCS1
8037,8037,CC1CCC([NH+]2CCN(C(=O)C[NH3+])CC2)CC1
8038,8038,COC(=O)N1C=CC(=C2N=C(c3ccccc3)c3ccccc3N2)CC1
8039,8039,O=C(c1cccnc1)N1CC2CCC[NH2+]C2C1
8040,8040,Cc1c(c2cc(Cl)cc(Cl)c2)ncnc1Nc1ccccc1C(=O)[O-]
8041,8041,COc1ccc(CNC(=O)c2cn(C3C[NH+](Cc4cnc(c5ccccc5)s4)C3)nn2)cc1
8042,8042,CC(NS(=O)(=O)c1ccc2c(c1)OCCO2)C1CCCOC1
8043,8043,O=C(c1ccccc1Cl)C1CC[NH+](CCC(Cc2ccccc2)NC(=O)c2cc(c3ccccc3Cl)n(c3ccccn3)n2)CC1
8044,8044,CC(C)Cc1ccc(CC2C(=O)NC3(CCN(C(=O)Nc4ccc(Cl)c([N+](=O)[O-])c4)CC3)C(=O)N(C)C2=O)cc1
8045,8045,CCOC(=O)C(Oc1ccc(F)c(F)c1)c1ccccn1
8046,8046,COc1ccc(SC2CC3C(=O)NC4(C(=O)NS(=O)(=O)C5CC5)CC4C=CCCCCCC(Nc4ccc(c5ccc(OC)c(OC)c5)cc4)C(=O)N3C2)cc1
8047,8047,CC(C)(C)c1nc2cc(NC(=O)c3cnsn3)ccc2s1
8048,8048,COC(=O)CS(=O)(=O)N(CCO)C1CCCC1
8049,8049,CCC1(CC)CCc2cc(N)ccc2O1
8050,8050,O=C1SC(=Cc2ccccc2OCC(=O)[O-])C(=O)N1Cc1ccc(Cl)cc1Cl
8051,8051,CC1CC(C)CN(S(=O)(=O)c2cccc(C(=O)Nc3ccn(Cc4ccccc4F)n3)c2)C1
8052,8052,CC[Si](CC)(CC)OC(C1=CCCCCCC1)C(OC)C1CCC2(C)C(C(C)CCC(=O)OCC)=CCCC2C1
8053,8053,CC(C)c1ccc(C=NNC(=O)CCC(=O)Nc2cc(Cl)cc(Cl)c2)cc1
8054,8054,C=CCOc1ccc(Br)cc1C=C1SC(=O)N(CC(=O)Nc2cc(C)ccc2C)C1=O
8055,8055,O=C(c1ccc(c2ccc3ncccc3c2)cc1)N1CCN(c2ccccn2)CC1
8056,8056,Cc1cc(NC(=O)COC(=O)c2ccccc2C(=O)c2ccc(F)cc2)no1
8057,8057,COc1ccccc1C1=C([NH+]2CCOCC2)C(=O)N(c2ccc(C#N)cc2)C1=O
8058,8058,COC(=O)C1=C(C)NC(C)=C(C(=O)OC2CCC(C(=O)OC)CC2)C1c1cccc([N+](=O)[O-])c1
8059,8059,COc1ccc(S(=O)(=O)N(C)C)cc1NC(=O)COc1ccc(S(=O)(=O)Cl)cc1
8060,8060,Nc1ccc(NCc2ccc(SC(F)(F)F)cc2)cn1
8061,8061,Cc1ccc(C=CC(=O)NNC(=S)Nc2ccccc2F)o1
8062,8062,Cc1[nH]ncc1C(=O)N1CCc2ccccc21
8063,8063,O=C([O-])CCc1ccc(CNC(=O)c2cnn(c3ccc(Cl)cc3)c2)cc1
8064,8064,CC1CCN(C(=O)c2ccc(NC3=NS(=O)(=O)c4ccccc43)cc2)CC1
8065,8065,Cc1ccc(C(C)(C)C2CCC3C4CCC(C5CCCCC5)C4(C)CCC3C2(C)CCC2CCC(OC3CCC4C(C)C5CC=C(c6cccnc6)CC5C=CC34)CC2(C)C)cc1
8066,8066,C=CCN(CCO)S(=O)(=O)c1cc(C(=O)[O-])oc1Br
8067,8067,O=C([O-])c1cccc(NC(=O)C2CCC[NH2+]C2)n1
8068,8068,CCCCCCc1cc(=O)oc2cc(O)c(O)cc12
8069,8069,CC(C)(C(=O)NCCC(=O)N1CCCCC1)C(N)=S
8070,8070,Cc1ccc(CNc2ccccc2Oc2ccccc2)cc1F
8071,8071,[NH3+]CCNc1c2c([nH+]c3ccc(F)cc13)CCCC2
8072,8072,NC(N)=[NH+]CCCCn1c2ccccc2c2c(N)ncnc21
8073,8073,CCC(C)NS(=O)(=O)c1cc(C(=O)Nc2sc3c(c2C(N)=O)CCC(C)C3)n(C)c1
8074,8074,Cc1cc(=O)n(CC(=O)N2c3ccccc3NC(=O)CC2C)c(C)c1C
8075,8075,COCCn1ncc(Br)c1C(CCc1cccc(C)c1)[NH2+]C
8076,8076,CC(C(=O)n1c(=O)n(S(=O)(=O)c2cccc(Cl)c2)c2ccc(Cl)cc21)N1CCN(c2ncccc2C(F)(F)F)CC1
8077,8077,CC1CCCC(OCc2ccc(F)c(C(=O)[O-])c2)C1C
8078,8078,CCOc1cccc(OCc2nnc(SCC(=O)Nc3nc(c4ccccc4)cs3)o2)c1
8079,8079,O=C(CC1C[NH2+]CCO1)NC1CCOC2(CCOC2)C1
8080,8080,COc1ccc(N2C=C3C=CC=C3[As]2)cc1
8081,8081,CC(C)(C)c1ccc(c2c[nH+]c(SCC(=O)N3CCCCCC3)n2c2ccc(F)cc2)cc1
8082,8082,CCC(C)C(NC(=O)OC(C)(C)C)C(=O)N(CCc1ccccc1)C(C)C
8083,8083,CC(CCCO)NC(=O)C1CCCC1C(=O)[O-]
8084,8084,CC(CC1CCC(C)C(C)C1)C(=O)OC(C)(C)C
8085,8085,CC(C)(C)OC(=O)C[NH+]1CCOCC1C(=O)Cl
8086,8086,Cc1nc2c([nH]1)CC1CC(C1)CC2=O
8087,8087,O=C([O-])c1cccc(C[NH+]2CCOCC2CO)n1
8088,8088,O=C(C[NH+]1CCCC1)N1CCN(c2ccc(C3CC3)nn2)CC1
8089,8089,CCCCC([NH3+])c1n[nH]c(C2CCCC(C)C2)n1
8090,8090,CCCCC(C)(Cc1ccccc1)CP(=O)([O-])[O-]
8091,8091,CC(=O)OCC1OC(OCCCOc2ccc(c3noc(C)n3)cc2C[NH3+])C(OC(C)=O)C(OC(C)=O)C1OC(C)=O
8092,8092,CC(C)COC(=O)C(C)Sc1ccccc1C(=O)Nc1ccc(F)cc1
8093,8093,CNc1nc(c2ccc(Cl)c(Cl)c2)c(Cl)cc1Cl
8094,8094,Cc1oc(COc2cc(CO)ccc2Br)cc1C(=O)[O-]
8095,8095,CC[NH2+]CCCc1ccc(S(=O)(=O)[N-]c2cc(C)on2)cc1
8096,8096,CCCCC(CC)C[NH+]=C(N)N(CC)CC
8097,8097,COc1ccc(C(=O)Nc2ccc(c3nnc4ccc(C(F)(F)F)cn43)cc2)cc1
8098,8098,COC(C[NH3+])CC(=O)Nc1ccccc1Br
8099,8099,COCCn1c(C)cn2c3c(=O)n(Cc4ccccn4)c(=O)n(C)c3nc12
8100,8100,C[N+](C)(CCC(P(=O)([O-])[O-])P(=O)([O-])[O-])CC(N)=O
8101,8101,CCCCCCC[Si](Cl)(Cl)CC
8102,8102,CCc1ccc(C(CO)[NH2+]CC2CCCC2)s1
8103,8103,CC(C)(C)c1ccc(CC(=O)N(CCN2C(=O)CNC2=O)CC(=O)[O-])cc1
8104,8104,Cc1c(Cl)cccc1NC(=O)c1cnc(NCCc2ccc(F)cc2)cn1
8105,8105,CC1CCC(n2nnnc2c2cccnc2)CC1
8106,8106,COc1ccc(C(O)Cn2ccnn2)c(F)c1
8107,8107,CCn1nccc1C(=O)N1CCN(c2cc(C3CCCOC3)nc(C)n2)CC1
8108,8108,Cc1c(N)cccc1S(=O)(=O)NC(C)c1ccc(Cl)s1
8109,8109,CNc1nc(NC2(C)CCC2)nc(OC)n1
8110,8110,COc1ccccc1NC(=O)COC(=O)CNC(=O)c1ccc(C(C)(C)C)cc1
8111,8111,CCOC(=O)C(C)Oc1cc(C[NH3+])ccc1F
8112,8112,CC1CCN(C(=O)c2ccccc2NC(=O)C[NH+](CCC[NH3+])Cc2ccsc2)CC1
8113,8113,Cc1cc(NC(=O)C(C)(C)C)sc1c1nncn1C
8114,8114,N#CC(=Cc1ccc(OCc2cccc([N+](=O)[O-])c2)cc1)C(=O)Nc1ccc(Cl)c(Cl)c1
8115,8115,O=C([O-])N1CCOC(c2ccc(F)cn2)C1
8116,8116,CC[NH2+]C(Cc1csc(C)n1)c1csc(Br)c1
8117,8117,O=C(Nc1ccon1)NC1(CO)CCCC1
8118,8118,O=C(c1ccc(n2cncn2)cc1)N1CCOCC1
8119,8119,Cc1cc(C(C)Nc2cccc(S(=O)(=O)N3CCCCC3)c2)c(C)s1
8120,8120,CCOc1ccc(CNC(=O)Cn2nnc(c3cccc(OC)c3)n2)cc1OC
8121,8121,CCC(=O)N1CCCC1C(=O)N1CCC(N(C)S(=O)(=O)c2ccccn2)CC1
8122,8122,COC(=O)CNC(=O)c1c(Br)cccc1Br
8123,8123,CC1(C)C2CCC1(CS(=O)(=O)N1CCCN(C(=O)c3ccc4cc[nH]c4c3)CC1)C(=O)C2
8124,8124,Cc1n[nH]c(C)c1NC(=O)CCn1c(=O)n(C)c2ccccc21
8125,8125,Cc1ccc(C2CC(=O)C3C(c4ccc5c(c4)CC(=O)N5c4ccc(C)cc4)c4oncc4CC32)cc1
8126,8126,CCC(C)NC(NCC1CCCS1)=[NH+]CC(=O)N(C)C
8127,8127,O=C([O-])CC1CC[NH+](Cc2ccoc2)CC1
8128,8128,Cc1ccoc1C(=O)NCC(C)(C)[NH+]1CCc2ccccc2C1
8129,8129,Cn1ccnc1Sc1ccc(NC(=O)c2ccccc2n2nccn2)c(Cl)c1
8130,8130,O=S1(=O)CCCC1CNC1CCOc2ccc(Br)cc21
8131,8131,CCn1ncc2cc(C(=O)NCC3CCCO3)cnc21
8132,8132,Cc1cccc2c(=O)n(CCC(=O)NCc3ccccc3Cl)cnc12
8133,8133,COc1ccccc1Oc1ccc(NC(=O)C(Sc2nc(C)cc(C)n2)c2ccccc2)cc1
8134,8134,CCCCN(Cc1ccccc1Cl)C(=O)Cn1cnc2sccc2c1=O
8135,8135,CCOC(=O)Oc1ccc(C(=O)Nc2ccc(S(=O)(=O)NCC3CC3)cc2)cc1
8136,8136,Cc1ccnc(=O)n1Cc1c(F)cccc1F
8137,8137,Cc1ncc(Cl)c(C(=O)NC(C)Cc2cccs2)n1
8138,8138,Cc1oncc1CNc1cc(C#N)ccn1
8139,8139,Fc1cncc(C[NH+]2CCC(CNc3ncnc4sc(CC5CC[NH2+]CC5)nc34)C2)c1
8140,8140,O=C(CCNC(=O)c1ccc(Cl)cc1Cl)NCc1ccc(n2cccn2)cc1
8141,8141,CCCNC(=O)C1CC(CC)CCC1[NH2+]C
8142,8142,COC(C)C(=O)N(C)C(C(N)=O)c1ccccc1
8143,8143,CC(C)C(NC(=O)OCc1ccccc1)C(=O)NC(C(=O)N1CCCC1C(=O)NC1N=C(c2ccccn2)C1=O)C(C)(C)C
8144,8144,CCC1SCC(C(=O)NC(C)(COC)C(=O)[O-])N1C(=O)OC(C)(C)C
8145,8145,CCCCNC(=O)C=Cc1cn(Cc2ccccc2)nc1c1ccccc1
8146,8146,COCCN(Cc1cccn1Cc1cccc(C)c1)C(=O)Nc1ccc(Cl)c(Cl)c1
8147,8147,COC(=O)C(CCSC)NC(=S)Nc1cc(Cl)ccc1C
8148,8148,CCc1c(C)c(O)c(C)c(C)c1O
8149,8149,COC(=O)NC(C(=O)N1CCCC1c1nc2ccc(C3CCC(c4ccc5nc(C6CCCN6C(=O)C(C(C)C)N(C)C(=O)[O-])[nH]c5c4)N3c3ccc(c4ccc5nc(C6CCCN6C(=O)C(NC(=O)[O-])C(C)C)[nH]c5c4)cc3)cc2[nH]1)C(C)C
8150,8150,CCOC(=O)c1c(C)oc(NC(=O)Cn2c(=O)n(c3cccc(C(F)(F)F)c3)c(=O)c3ccccc32)c1C(N)=O
8151,8151,COc1ccc(C(=O)NC2CCN(c3ccc(C(F)(F)F)cn3)CC2)cc1F
8152,8152,CCCCCCOCC(O)C[NH2+]C(C)CCSC
8153,8153,Cc1ccc(CNC(=O)c2cn(c3ccccc3)nc2c2cccnc2)s1
8154,8154,CC(=NNC(=O)c1cc2c(s1)CCCC2)c1ccc(OCC#N)cc1
8155,8155,COc1ccc(F)c(C(=O)NC2CC[NH2+]C2)c1
8156,8156,COC(=O)C(C(C)=O)c1c[nH]c2ccc(C)cc12
8157,8157,CC(C)=CCCC(C)=CCCC(C)=CCC1=C(C)C(=O)OC1=O
8158,8158,CC1CCN(C(=O)Cn2cnc3ccc(Br)cc3c2=O)CCS1
8159,8159,N#Cc1ccc(C=CC(=O)NCc2cccc(C(F)(F)F)c2)cc1
8160,8160,Cn1nc(c2cccc(Br)c2)nc1CO
8161,8161,COC(=O)C(Cc1ccc(O)cc1)Nc1cc(OC)nc(N)n1
8162,8162,CC(C)(C)C1C2CC1CN2c1nc(Nc2ccc(N3CCOCC3)cc2)ncc1F
8163,8163,COc1ccccc1n1[nH]c(C)cc1=S
8164,8164,O=C1COc2ccc(C(=O)N(Cc3ccccc3Cl)C3CCCCC3)nc2N1
8165,8165,CC1C[NH2+]CCN1C(=O)Cc1c[nH]c2ccccc12
8166,8166,COc1ccc(NC(=S)N2CCN(c3ccccn3)CC2)c(OC)c1
8167,8167,O=C(c1cc(c2ccccn2)nc2ccccc12)N1CCC(O)C1
8168,8168,CC1CCC2(C(=O)[O-])CCC3(C)C(=CCC4C5(C)CC(O)C(OC6OCC(O)C(O)C6O)C(C)(CO)C5CCC43C)C2C1C
8169,8169,Cn1c(SCC(=O)NCc2ccccc2Cl)nnc1C1COc2ccccc2O1
8170,8170,CC1Oc2c(C(=O)c3ccccc3)cccc2N(Cc2c(F)cccc2Cl)C1=O
8171,8171,CCn1cc(CNC(=O)c2c(C)[nH]c3ccc(Cl)cc23)c(C)n1
8172,8172,Cc1nnc(c2ccccc2NC(=O)N2CCCC(C(=O)NC3CCC3)C2)s1
8173,8173,COCCNc1nsnc1C(=O)[O-]
8174,8174,Cc1cc(Br)ccc1OCCCC(=O)OCC(=O)NNC(=O)c1cccs1
8175,8175,C=COCCC1(OC(=O)CCCCCCCCC(=O)OCC=C)CCCCC1
8176,8176,Cc1c(Cl)ccc2c1NC(C(=O)[O-])C2
8177,8177,COCCOc1ccc(NC(=O)c2ccc(C)cc2Br)cn1
8178,8178,CCCCCC=CCC=CCCCCCCCC(=O)OCC(COC1OC(CS(=O)(=O)[O-])C(O)C(O)C1O)OC(=O)CCCC=CCCCCCCCCCCCCC
8179,8179,COc1ccc(Cl)cc1CN(C)C(=O)C(C)n1nc(C)c(N)c1C
8180,8180,CCOc1cc(N(CC)CCOC)ccc1C=O
8181,8181,CCCCc1ccc(NC(=O)C(=O)N(C)CC(=O)Nc2cc(Cl)ccc2C)cc1
8182,8182,Cc1cc(N2CCC(Cc3ccccc3)CC2)nc(NCCC(C)C)n1
8183,8183,CC(C)=CCCC(C)=CCCC(C)=CCCC(C)=CCOc1cc(NC(=O)c2ccccc2C#N)cc(NC(=O)[O-])c1
8184,8184,Cc1ccc(CNc2nccc(NCc3ccc(S(=O)(=O)N(C)C)cc3)n2)cc1
8185,8185,CC(=O)N(CCC(=O)NCC[NH+]1CCCCC1)c1ccccc1C(C)C
8186,8186,COC(CNC(=O)c1cccc(I)c1Cl)c1ccccc1Cl
8187,8187,CCCCC(=O)Nc1ncc([N+](=O)[O-])c(N2CCN(c3ccc(C)cc3)CC2)n1
8188,8188,O=C(COC(=O)c1ccccc1N=Nc1c(O)[nH]c2ccc(F)cc12)c1ccc(OCC2CCCCC2)cc1
8189,8189,CC(C)n1ncnc1C[NH+]1CCC(F)(C(=O)[O-])C1
8190,8190,O=C(Cc1cccc2ccccc12)N1CCCC(Cn2ccnc2)C1
8191,8191,Cc1nnc(NC(=O)CSCC2CCOCC2)s1
8192,8192,CC(C)CC1CN(CC2Cc3ccccc3S2)CC(C)[NH2+]1
8193,8193,CCC1(CC)CCN(c2ccc(C[NH2+]C(C)(C)C)c(C)n2)C1
8194,8194,CCCS(=O)(=O)N1CCCC1C(=O)Nc1ccc(N(C)C)cc1
8195,8195,CC1C[NH+](C2CN(c3nc(=O)c4c([nH]3)CCC4)CC2O)CC(C)O1
8196,8196,COc1ccc(N)cc1SCC(=O)NCc1ccccc1
8197,8197,CCOP1OCCc2cc(C(c3c(C)cc(C)cc3C)c3c(C)cccc3C)ccc2O1
8198,8198,CCOC(=O)c1sc(NC(=O)CS(=O)Cc2ccc(Cl)cc2Cl)nc1C
8199,8199,CCC1CN(C(=O)c2cc3cc(OC)ccc3o2)Cc2nc3ccccc3n21
8200,8200,CC(C)CC([NH3+])C(=O)N(C(=O)C([NH3+])CS)C(C(O)C(O)CO)C(O)C(CO)NC(=O)C(O)C(O)C(O)C(O)CO
8201,8201,COc1cc(Br)c(CC(C)[NH3+])cc1OC(C)C
8202,8202,COc1ccc(C)cc1NC(=O)C(C)OC(=O)CNS(=O)(=O)c1ccc2c(c1)CCN2S(C)(=O)=O
8203,8203,COc1cc(c2n[nH]c(C3CCCOCC3)n2)ccc1OCc1ccccc1
8204,8204,CCOC(=O)c1ccc(OCc2cccc(N)c2)cc1
8205,8205,CCn1c2ccccc2c2cc(NC(=O)c3cccc(COc4ccc(C(C)(C)C)cc4)c3)ccc21
8206,8206,CC(=O)c1cccc(NCCC(=O)Nc2ccc3c(c2)OCCO3)c1
8207,8207,C=CCN1CC2=C(C1=O)C(c1ccc(Cl)cc1)c1c(cnn1CCOC)N2
8208,8208,Cc1ccc(Br)c(NCc2ccc(C(=O)[O-])s2)c1
8209,8209,CCCc1nc2c(n1C)CN(C(=O)c1cn3ccccc3[nH+]1)CC2
8210,8210,Cc1ccc(c2ccncc2NS(=O)(=O)c2cccc3nsnc23)cc1
8211,8211,CC(C)C(C)N(C)CC1(O)CC[NH2+]C1
8212,8212,Cc1ccc(n2[nH]nc3c(=O)nc4c(c23)C[NH+](CCBr)C4)cc1
8213,8213,COC(=O)CCc1c(C(=O)[O-])ccc(OC)c1OC
8214,8214,C=CCOC1C(O[Si](C)(C)C(C)(C)C)C(C(O)C(COCc2ccccc2)OC)OC1C(OCc1ccccc1)C(COCc1ccccc1)OCc1ccccc1
8215,8215,CCCCN1C(=O)C(=O)C(=C([O-])c2ccc3c(c2)OCCO3)C1c1ccc(O)c(Cl)c1
8216,8216,CCCCCNC(=O)c1ccc(NCc2cccc(OC)c2)nc1
8217,8217,[NH3+]C(CCC(=O)[O-])C(=O)NC(CS)C(=O)NC(CS)C(=O)NC(CS)C(=O)[O-]
8218,8218,CC(=O)c1ccccc1NC(=O)COC(=O)CSc1ccc(Cl)cc1
8219,8219,CC1CN(c2ncccc2Br)CCC1C(=O)[O-]
8220,8220,Cc1ncc(CNC(=O)N2CC3CCC(C2)O3)s1
8221,8221,C=CCN(CC(=O)[O-])C(=O)NC(C)c1ccccc1C
8222,8222,CC1COCCN1C1=[NH+]C(=O)C2CN(C(=O)OC(C)(C)C)CCC2S1
8223,8223,Cc1ccc(CNC(=O)C2CCN(S(=O)(=O)c3c(C)noc3C)CC2)o1
8224,8224,C=CC1CCC2OC(=O)C3OC(C)(C)OC3C2C1
8225,8225,CC1C(=O)NCCCN1c1ccc([N+](=O)[O-])cc1C#N
8226,8226,O=C(Cn1nnc2ccccc21)Nc1ccc2c(c1)C(=O)c1ccccc1-2
8227,8227,COc1noc2c1c(=O)n(CC(=O)N1CC[NH+](C)CC1)c(=O)n2Cc1cccc(OC)c1
8228,8228,CCOc1ccc(N(CCC#N)C(=O)COC(=O)C=Cc2ccsc2)cc1
8229,8229,C[NH2+]CC(C)CNC(=O)C(C)C([NH3+])c1ccccc1
8230,8230,O=C(C1CCCCC1)N1CC[NH+](C2CCCc3ccccc32)CC1
8231,8231,COc1ccccc1OCCNC(=O)N1Cc2ccccc2-c2ccccc2C1
8232,8232,CC(C)C(C[NH3+])Nc1nccc(C(F)(F)F)n1
8233,8233,CCc1c(C)nc2n(c1=O)CN(C(=O)NC1CCCCC1)CC2
8234,8234,N#Cc1ccc(N2CCCc3cc(N)ccc32)cc1
8235,8235,CNC(=O)Nc1cc(N)c(Cl)c(c2ccc[n+](O)c2)n1
8236,8236,CCCCCCNC(=O)c1cc(=O)[nH]c(=O)[nH]1
8237,8237,N#Cc1ccc(OC(F)F)nc1S(=O)(=O)Cl
8238,8238,CC(C)(Sc1ccc(OCC[NH3+])cc1F)C(=O)[O-]
8239,8239,CCCCCOc1ccc(C=C2SC(=[NH+]C3CCCCC3)N(C3CCCCC3)C2=O)cc1OC
8240,8240,COC(=O)c1cn(Cc2c(C)cc(C)[nH]c2=O)c2ccccc12
8241,8241,CCOC(=O)C1=C(C)[NH+]=C2SC(CC(=O)NCCc3ccccc3)C(=O)N2C1c1ccccc1F
8242,8242,COc1ccc(N)c(N2CCn3cnnc3C2)c1
8243,8243,CCc1ccc(Nc2nc(C)cc(Nc3ccc(OC)c(OC)c3)n2)cc1
8244,8244,O=C1OC(=Cc2ccc(O)c(O)c2)C=C1Cc1ccc(F)cc1
8245,8245,COC(=O)c1c(C)c(C(=NN(C)C)c2cccc(OC(F)(F)F)c2)c(N)[nH]c1=O
8246,8246,COc1ccc2c(CC(=O)OCC(=O)Nc3nc(c4ccccc4C(F)(F)F)cs3)coc2c1
8247,8247,CCCC(O)C(O)C=CC1C(O)CC2C=C(CCCCC)CC21
8248,8248,CC(C)N(C(=O)COC(C)(C)C)C(C(=O)Nc1ccccc1Cl)c1cccc(C)c1
8249,8249,Cc1ccc(CNC(=S)NCC[NH+]2CCCCC2C)cc1
8250,8250,COC(=O)c1ccc(CSc2nnc(c3ccncc3)n2c2ccccc2)o1
8251,8251,C[NH2+]CC1OB(O)c2cc(CC3CC3)ccc21
8252,8252,CCOC(=O)N(C)Cc1noc(c2cccc(F)c2)n1
8253,8253,[NH3+]C1(CO)CCCC1CCOCC(F)(F)F
8254,8254,Cc1ccc2c(c1)nc(c1cccc(F)c1)n2CC1CCCO1
8255,8255,CC1OC(OC2CCC3(C)C(CCC4(C)C3CC=C3C5CC(C)(C)CCC5(C(=O)[O-])CCC43C)C2(C)C)C(OC(=O)C(C)C(C)O)C(O)C1O
8256,8256,C[NH2+]CC1CCN(c2n[nH]c(c3ccccc3)n2)CC1
8257,8257,CC(C)(C)[Si](OCCCCCC(CC(=O)C(C)(C)C)O[Si](C)(C)C(C)(C)C)(c1ccccc1)c1ccccc1
8258,8258,O=C(CCl)Nc1ccc(F)c(Br)c1
8259,8259,O=C([O-])CCCNC(=O)Nc1ccc(F)c(F)c1
8260,8260,C[NH2+]Cc1cc(F)c(N2CCOC(CO)C2)c(F)c1
8261,8261,Cc1nc2c(C(C)(C)C)c[nH]n2c(=O)c1C[NH+]1CCCC1
8262,8262,COC(=O)N(C)Cc1cc(c2ccn(C(C)c3cc(OCCCCCBr)ccc3OC)n2)n[nH]1
8263,8263,COc1ccc(C(=O)Nc2ccc(NC(=O)CCNC(=O)C3CC[NH+](CC(=O)Nc4ccc(Cl)c(C(=O)N(C)C)c4)CC3)cc2)cc1
8264,8264,O=C(c1ccc(Cl)cn1)N(CCO)C1CCC1
8265,8265,CC1CC[NH+](C2=COC=C(C(Cl)(Cl)Cl)O2)CC1
8266,8266,Cc1cc(=O)c(c2nnc(SCC(=O)N3CCCCC3)o2)nn1c1ccccc1[N+](=O)[O-]
8267,8267,CC(C)C(=O)Nc1ccc2[nH]c3c(c2c1)C(=O)CC(C)(C)C3=O
8268,8268,O=C1NC(c2ccccc2)(c2ccccc2)C(=O)N1Cc1ccc(I)cc1
8269,8269,CC(C)CCCC(C)NC(=O)CN1CCCS1(=O)=O
8270,8270,COc1ncccc1C(O)c1cscc1Br
8271,8271,Cc1cc(C)n2nc(C(=O)N3CCC(c4ncc(C)o4)CC3)nc2n1
8272,8272,Cc1ccn2c(NCc3ccccc3)c(c3ccc(c4ccc(Cl)cc4)c(C)c3)nc2c1
8273,8273,COc1ccc2c(c1)c(CC(=O)NO)c(c1ccccc1)n2C(=O)c1ccc(Cl)cc1
8274,8274,COCCCNC(=O)c1ccccc1NC
8275,8275,O=C1CCCC2=C1C(c1ccc(Cl)c(Cl)c1)CC(=O)N2c1ccc2c(c1)OCCO2
8276,8276,CC(C)C(=O)Nc1ccc(CN2C(=O)CCC2C[NH3+])c(Cl)c1
8277,8277,CC1CCCC(NC(=O)NC(CC(=O)[O-])C(C)(C)C)C1C
8278,8278,CCc1ccc(N(C(=O)Cn2cccc(NC(=O)c3cc(OC)c(OC)c(OC)c3)c2=O)C(C)C)cc1
8279,8279,Cc1ccc(S(=O)(=O)NCCC(=O)N2CCC(c3nc4ccccc4o3)CC2)cc1C
8280,8280,CCCCC(CC)COc1c(Cl)cc(C=C2C(=O)NC(=O)N(c3ccc(C)cc3)C2=O)cc1OC
8281,8281,CCCCc1ccc(S(=O)(=O)NN=C2CCCCCC2)cc1
8282,8282,O=c1c(Br)cccn1Cc1cn2c(C[NH+]3CCCC3)cccc2[nH+]1
8283,8283,COc1ccc(Br)cc1C=C(C#N)C(=O)NCc1ccccc1
8284,8284,N#Cc1ccc(CC2CCCC2[NH3+])c(Br)c1
8285,8285,O=C(NCc1ccco1)C1=CN(c2ccccc2)NN1
8286,8286,CSc1ccc(c2ccnn2C)cc1C
8287,8287,O=C1CCC(C[NH+]2CCC(C(O)(c3ccccc3)c3ccccc3)CC2)O1
8288,8288,Cc1ccc(S(=O)(=O)NNC(=O)c2cc3c(C)nn(c4ccc(F)cc4)c3s2)cc1
8289,8289,C=C(C)COCCNS(=O)(=O)c1c(N)ncn1C
8290,8290,COC(=O)c1ccc(COc2ccc(C=NNC(=O)CN(c3cccc(Br)c3)S(=O)(=O)c3ccc(C)cc3)cc2)cc1
8291,8291,O=C1NC2(CCC[NH2+]C2)C(=O)N1CC1CSCCS1
8292,8292,Cc1ccc(C#CCO)cc1C(=O)NCCc1cccs1
8293,8293,COc1ccc(Cl)cc1C[NH2+]CCOCC(F)F
8294,8294,Cc1cccc2c(=O)n(C3CC[NH2+]CC3)cnc12
8295,8295,COc1cccc(C(=O)OCC(=O)Nc2ccc(F)c(c3nc4cc(C)cc(C)c4o3)c2)c1OC
8296,8296,CC(C)OC(=O)[N-]S(=O)(=O)N(C)C1C[NH2+]CC1O
8297,8297,Cc1ccc2c(c1)nc(N)n2CCOCCC(C)C
8298,8298,CC1(C(=O)NCc2ccco2)COC(c2nc(c3ccc(C4=[NH+]CCN4)cc3)c3c(N)ncnn23)OC1
8299,8299,CSC1(C(=O)Nc2ccccc2C(=O)N2CCCC(C(C)O)C2)CCCCC1
8300,8300,CC(C)CNc1nccn1c1ccc(Br)cc1F
8301,8301,CCCC(O)c1noc(C2CCSC2)n1
8302,8302,COc1cc(N)ccc1S(=O)C(C)C1CC1
8303,8303,O=C(N1CCN(c2ncccn2)CC1)C1(Cn2cccc2)CCOCC1
8304,8304,CCOC(=O)Cc1csc(NC(=O)Cn2[nH]c(=O)c3ccccc3c2=O)n1
8305,8305,N#Cc1ccc(N(c2ccc3cc(c4ccccc4)c4c5c(sc4c3c2)CCC5(C)C)c2ccc3cc(N(c4ccc5c(c4)CCC=C5)c4ccc5ccccc5c4)ccc3c2)cc1
8306,8306,O=P([O-])([O-])C(O)(C=Cc1cccc(F)c1)CP(=O)(Oc1ccccc1)Oc1ccccc1
8307,8307,CC(=O)N(CC(=O)NCC(C)C)c1ccc2c(c1)OCCO2
8308,8308,COc1ccc(CNC(=O)c2nn(c3ccc(C)c(Cl)c3)c(C)cc2=O)c(OC)c1
8309,8309,Cc1occc1C([NH3+])c1ccc(Cl)cc1
8310,8310,Cc1cc(C)c(NC(C)CN2CC[NH2+]CC2)c(Br)c1
8311,8311,CSc1nc(C)cc(=O)n1CC(=O)N1CCN(S(=O)(=O)c2ccc(Cl)cc2)CC1
8312,8312,COc1cccc2cc(C(=O)C3=C(O)C(=O)N(c4ccc(Cl)cc4)C3c3ccc(Cl)cc3)oc12
8313,8313,CCCCN1C(=O)NC(=O)C(=Cc2cc(C)n(c3c(C)nc4ccccn4c3=O)c2C)C1=O
8314,8314,Cc1[nH]ncc1CCCNC(=O)CC1([NH3+])CCCCC1
8315,8315,CC(C)CC1CN(c2ccc3cc(N)ccc3n2)CCO1
8316,8316,O=C(CN1C(=O)C(=CC=Cc2ccccc2)SC1=S)NC1CC(=O)N(c2ccccc2)C1=O
8317,8317,CC(=O)N(C)c1ccc(NC(=O)C2CCN(C(=O)C3CCC3)CC2)cc1
8318,8318,COc1ccc(c2oc3cc(C)cc(C)c3c(=O)c2OCc2ccc(C(=O)OCC(C)NC(=O)OC(C)(C)C)cc2)cc1
8319,8319,FC(F)(F)c1cccc(c2ccc(c3cccc4ccccc43)cc2)c1
8320,8320,C[NH2+]Cc1cncc(Oc2ccc(Br)cc2[N+](=O)[O-])c1
8321,8321,CC(C)(C)c1cc(Br)ccc1OCC1(C[NH3+])CC1
8322,8322,Cc1ccc([N+](=O)[O-])cc1NC(=S)Nc1ccc(I)cc1
8323,8323,N#Cc1cc(N)ccc1N1CCC(C(N)=O)CC1
8324,8324,O=S1(=O)CCC(NC2CCC(c3noc4cc(F)ccc34)CC2)C1
8325,8325,NC(=[NH2+])c1cccc(OCc2nc(c3ccccc3Cl)no2)c1
8326,8326,COc1ccc(CNc2ccnc(c3cccc(N)c3)n2)cc1
8327,8327,Cc1nn(c2ccccc2)c(C)c1NC(=O)C[NH+]1CCN(CC(=O)N(C)C)CC1
8328,8328,CCCCN(c1ccccc1)S(=O)(=O)c1ccc(C(=O)N=c2sc3cc(OC)c(OC)cc3n2CC(=O)OC)cc1
8329,8329,CCn1c(Sc2nc(C(F)(F)F)cc(=O)n2CC)nnc1c1cccnc1
8330,8330,O=C(Nc1ccccc1Oc1ccccc1)C1C2CCC(C2)C1C(=O)Nc1ccc(F)cc1
8331,8331,CC1CCC([NH2+]Cc2cc(Cl)ccc2Br)C1
8332,8332,O=C(Cn1c(C(F)(F)F)nc2ccccc21)NC1CC[NH+](CC2CC2)CC1
8333,8333,O=C(CCCl)NC(=O)Nc1cccc(F)c1
8334,8334,Cc1c(C(=O)NNC(=O)CCCOc2ccc(C(C)(C)C)cc2)oc2c1ccc1ccccc12
8335,8335,CCC1OCCC1C(Br)c1cc(I)ccc1OC
8336,8336,CCOCCCN(CC(=O)N(CCc1ccc(OC)c(OC)c1)Cc1cccs1)C(=O)c1ccco1
8337,8337,COC(C1CCCCC1)C([NH3+])Cc1c(Br)c(CC)nn1C
8338,8338,CCOC(=O)N1CCC(N2CC[NH2+]CC2)C1
8339,8339,CSC1(CNc2cc(N)nc(NC(C)C)n2)CCC1
8340,8340,Fc1ccc2c(c1)C([NH2+]C1C3CC4CC(C3)CC2C4)CC(Cl)C1
8341,8341,CC(C)C(NC(=O)N1CCCC1)C(=O)NC(Cc1cncn1C)C(=O)[O-]
8342,8342,O=C(NCCC1CCCO1)C1CCCN(c2ccc3nnc(C(F)(F)F)n3n2)C1
8343,8343,Cc1cc(C)cc(C(=O)N2CCCC(Nc3ccccn3)C2)c1
8344,8344,COC(=O)C(C[NH+]1CCCCCCC1)c1ccccc1
8345,8345,CNc1nccc(Sc2cc(C#N)ccc2C)n1
8346,8346,COc1ccccc1n1cc(C[NH+]2CC=C(c3nc(C)c(C)s3)CC2)cn1
8347,8347,CCCC(CC)NC(=O)c1ccc2c(c1)C(=O)c1ccccc1-2
8348,8348,N#Cc1ccn2nc(C(F)(F)F)nc2c1
8349,8349,CCCCC(O)COc1c2n(c(CC#N)c1c1ccccc1)NCCC2
8350,8350,[NH3+]C(c1cccc(F)c1)c1ccc(O)c(F)c1
8351,8351,CCc1cc2c(=O)n(C(C)C)c(SCC(=O)NC(=O)NCC(C)C)nc2s1
8352,8352,COC(=O)C(CS)NC(C)=O
8353,8353,CC(C)C(NC(=O)OC(C)(C)C)C(=O)NCCC(=O)N1CCCC1C(=O)N1CCCC1C(=O)NCC(=O)OCCOCc1ccccc1
8354,8354,CC(C)(C)NC(=O)c1ccc(Cl)c(NC(=O)C2CCCN2C(=O)C2CC[NH+](CC(=O)Nc3cc(C(=O)NC4CCCCC4)ccc3Cl)CC2)c1
8355,8355,Cc1ncccc1c1cc2sc(C3CCCCC3)nc2c2c(Cl)nccc12
8356,8356,Cn1ncc(C([NH3+])C2CCc3ccccc32)n1
8357,8357,O=C(CCc1cccc(Cl)c1)NCCSc1ccc(Cl)cc1
8358,8358,COc1ccc(NC(=O)c2cc3c(C)nn(c4ccccc4)c3s2)c(OC)c1
8359,8359,COc1ccc(S(=O)(=O)Nc2nc(C)c(C(=O)N3CCCC3)s2)cc1
8360,8360,Cc1ccc(N(c2ccc(N(c3ccc(C)cc3)c3ccc(c4cc5c(cc4C)C(C)(C)c4cc6c(cc4-5)C(C)(C)c4cc6c(cc4-6)C(C)(C)c4cc7c(cc4-5)C(C)(C)c4cc6c(cc4-5)C(C)(C)c4cc(C)ccc4-7)cc3)cc2)c2cccc(C)c2)cc1
8361,8361,CCc1cc2c(Oc3ccc(F)cc3[N+](=O)[O-])ncnc2s1
8362,8362,COc1c(CO)cc(C)c(CCC(=O)[O-])c1C
8363,8363,Cc1[nH]c(=O)[nH]c(=O)c1CC(=O)NC(C)c1cccc2ccccc12
8364,8364,CCCS(=O)(=O)Nc1ccc(F)c(C(=O)c2c[nH]c3ncnc(Nc4ccc(C)cc4)c23)c1F
8365,8365,CCCCNC(=O)NC(=O)COC(=O)CN1C(=O)NC(CC)(CC)C1=O
8366,8366,O=C([O-])CC1C[NH2+]CCC1NC(=O)C1CC2CCC1C2
8367,8367,COC(=O)c1nc(N2CCCC2)n2c1CCCC2(C)[NH3+]
8368,8368,O=C(NCCC1CCCCC1)N1CCN(C(=O)C2CC2c2ccccc2)CC1
8369,8369,Cn1cc(C2NC(=O)CCC2NC(=O)C2C3C4CCC(C4)C23)cn1
8370,8370,CCOC(=O)c1cc(CO)c(C(F)F)c(OC(F)(F)F)n1
8371,8371,O=C(Cn1ccc(COc2ccccc2Cl)n1)NCc1ccccc1Cl
8372,8372,Cc1ccc(Cn2cc(S(=O)(=O)NCc3cccc(Cl)c3)ccc2=O)cc1
8373,8373,CCC(C)(OC)C(=O)N1CCC(OCCO)CC1
8374,8374,COC(=O)C(CSCC(=O)c1ccccc1)NC(=O)OCc1ccccc1
8375,8375,COc1ccc(C(=O)NC2CCN(c3ccc4nnc(C(C)C)n4n3)C2)c(OC)c1
8376,8376,COc1c(C)cc(Br)c(C)c1N(C)C(N)=S
8377,8377,COc1ccc(CN(C)c2nnc(C[NH3+])o2)c(OC)c1
8378,8378,Cc1nc2ccccc2nc1NC(=O)CCn1ccc(C(F)(F)F)n1
8379,8379,O=C(c1ccc2nccnc2c1)N1CCN(c2ncccn2)CC1
8380,8380,CC(C)(C)OC(=O)C[NH+]1CCCC1CCC(=O)[O-]
8381,8381,O=C(Nc1cccc(c2nc3ccccc3[nH]2)c1)c1ccccc1[N+](=O)[O-]
8382,8382,Cc1ccn2cc(c3ccc(NS(=O)(=O)c4ccc(SC(F)(F)F)cc4)c(C)c3)[nH+]c2c1
8383,8383,CC1CC(C)CN(C(=O)c2cc(NN)ccc2Cl)C1
8384,8384,Cc1ccc(CC2(C[NH3+])CCCC2)cc1
8385,8385,Nc1cc(Cn2cncn2)[nH]n1
8386,8386,COc1ccc(C(=O)NCCCN2CC[NH2+]CC2)cc1F
8387,8387,Cc1cc(C)cc(C[NH+](Cc2nccn2Cc2ccccc2)CC2CCCO2)c1
8388,8388,COc1ccc(C(Cc2ccccc2)C(=O)NC(CO)C(C)C)cc1
8389,8389,COc1ccc(Cn2c(C)c(C(=O)Nc3ccccc3)c3cnc(C)nc32)cc1
8390,8390,Cc1oc(c2ccccc2)nc1COc1ccc(C(N)=[NH2+])nc1
8391,8391,CC(C)C(NC(=O)c1ccc(Cl)cc1)C(=O)N1CC[NH+](C2CCCC2)CC1
8392,8392,COc1ccc2c(c1)C(c1ccccc1Cl)[NH2+]CC2
8393,8393,CCCCNC(=O)CNS(=O)(=O)c1ccc(C(=O)OC(C)C)cc1
8394,8394,O=C(Nc1ccc(Cc2n[nH]c(=O)c3c2CCCC3)cc1)c1ccc([N+](=O)[O-])o1
8395,8395,CC(c1ccccc1)C(O)C(=O)Nc1ccccc1C(C)C
8396,8396,Cc1ccc(OCC(=O)N2CC[NH+](C)CC2)c(C)c1
8397,8397,Cc1ccsc1CNC(=O)c1ccnc(F)c1
8398,8398,COC(=O)c1cc(NCc2ccc(OC)c(OC)c2)cc(C)c1Cl
8399,8399,Cc1cc(NC(=O)C[NH+]2CCN(c3ccc(F)cc3)CC2)ccc1Br
8400,8400,COc1ccc(C(=O)NCC2Cc3ccccc32)cc1F
8401,8401,COc1cc(NC(=O)c2n[nH]c3c2C[NH2+]CC3)ccc1NC(C)=O
8402,8402,C=CCOc1ccccc1CNC(NCC1CCN(S(=O)(=O)CC)CC1)=[NH+]C
8403,8403,FC(F)(F)c1csc(Sc2ncco2)n1
8404,8404,CCn1cnc(C[NH2+]Cc2cccc(C#N)c2)c1
8405,8405,O=C([O-])C1CSCCN1c1ncnc2c1CCCCC2
8406,8406,CC(=O)Nc1ccc(S(=O)(=O)Nc2ccccc2Oc2ccccc2)cc1
8407,8407,CNS(=O)(=O)c1cc([N+](=O)[O-])ccc1NCc1ncc[nH]1
8408,8408,CCCCc1nn(C(=O)c2ccccn2)c(=O)n1Cc1ccc(c2ccccc2c2nn[n-]n2)cc1
8409,8409,CC1CC(C[NH3+])(N2CCC([NH+](C)C)C2)C1
8410,8410,COc1ccc(C(=O)Oc2ccc3cc(C(C)=O)c(=O)oc3c2)cc1
8411,8411,CCCc1cc(C(O)(C(F)(F)F)C(F)(F)F)cc(c2ccc(CCC(=O)[O-])c(Cl)c2)c1
8412,8412,Cc1cccc2c1CCC1(CC[NH+]1C)C2=O
8413,8413,O=C(Nc1ccc(c2nccs2)cc1)N1CC2CN(c3cc(N4CCOCC4)ncn3)CC2C1
8414,8414,[NH3+]CC(Cc1ccc(F)cc1)C1CCCC1
8415,8415,O=C1COc2cc(C(=O)N3CC4CC(C3)c3cccc(=O)n3C4)ccc2N1
8416,8416,O=C(Nc1ccccn1)Nc1ccccc1c1ccns1
8417,8417,CC(C)C(NC(=O)C(Cc1cnc[nH]1)NC(=O)CNC(=O)CNC(=O)C([NH3+])Cc1ccccc1)C(=O)NC(C)C(=O)[O-]
8418,8418,Cc1oc(C(=O)Nc2ccc(N3CCCCCC3)nc2)c(C)c1S(=O)(=O)N1CCOCC1
8419,8419,O=CN1CC[NH+](Cc2ccc(CNC(=O)C3CC3C)cc2)CC1
8420,8420,O=C(NCCCO)c1cn[nH]c1c1ccccc1F
8421,8421,COC(=O)C(Cc1ccccc1)NC(=O)CSCC(=O)[O-]
8422,8422,CC(C)(C)c1nc2cc(C(=O)[O-])ccc2o1
8423,8423,Cn1ccc(C(=O)CC2CSc3ccccc32)n1
8424,8424,CCCCCCCOc1ccc(c2ccc(C3CCC(CCC)CC3)nc2)c(F)c1F
8425,8425,FC(F)(F)c1ccccc1c1nc2n(n1)CCC2
8426,8426,COc1cnc(C(=O)N(C)CCc2ccccc2)c(OC)n1
8427,8427,COc1ccc(c2nc(C(C)C)ncc2C[NH3+])cc1
8428,8428,COC(=O)C(C)(CCOCCC(C)C)[NH2+]C(C)C
8429,8429,COCCN(CC(C)C)C(=O)C1CCN(c2cccc3cccnc23)CC1
8430,8430,CC(Sc1ncnc2sc(c3ccccc3)cc12)C(=O)N(C)CC(=O)NC(C)(C)C
8431,8431,O=C(Nc1ccc(F)c(F)c1)N(Cc1cccs1)CC1CCCO1
8432,8432,CC(Sc1ccccc1C(=O)NC(C)c1ccccc1)C(=O)NC(CCC[NH+]=C(N)N)C(N)=O
8433,8433,CC(C)N1CCN(C2(C[NH3+])CCC2)n1
8434,8434,Cc1ccc(NC(=O)N(Cc2cccnc2)C2CC2)c(C(=O)[O-])c1
8435,8435,CCCCCCOc1c(C)cc(Br)cc1C(C)[NH3+]
8436,8436,CC1=Nc2ccccc2N(C)C1=C(C)C
8437,8437,CC(C)(C)OC(=O)CC(CCCC[NH3+])C(=O)OC(C)(C)C
8438,8438,C=CCOc1cccc(n2c(SCc3ccc(C#N)cc3)nnc2c2cccnc2)c1
8439,8439,Cc1c(C[NH+]2CCOCC2)[nH]c(C=C2C(=O)Nc3ccc(F)cc32)n1
8440,8440,COc1ccc(C(C)[NH2+]CC2CC[NH+](C)CC2)cc1F
8441,8441,CC(C)Nc1cc(OCc2ccc(Br)cc2)c(F)cc1N
8442,8442,CC(C)CC(NC(=O)NC(C(=O)N1CCCC1C(N)=O)C(C)C)C(=O)[O-]
8443,8443,CCn1c(SC2CCCCC2)nc2sc(C)c(C)c2c1=O
8444,8444,[NH3+]CC1(Cc2c(F)cccc2Cl)CC1
8445,8445,CC(Cl)c1nc2cc(C(=O)[O-])ccc2n1C1CC1
8446,8446,CCOC(=O)Cn1c(=NC(=O)CN2C(=O)CCC2=O)sc2cc(C)ccc21
8447,8447,CC1CCC(C2CCC(C3(C)CC(C#N)C([N+](=O)[O-])C3)CC2)CC1
8448,8448,Cc1cc(S(=O)(=O)NC(C)(C)C)cc(C(N)=S)c1F
8449,8449,CC(C)(CO)CNc1snc(N)c1C(N)=O
8450,8450,COC(=O)C(COC(=O)Nc1ccc(C)cn1)N=C(C)c1ccccc1
8451,8451,Cc1nc(N2CCN(c3ncc(C(F)(F)F)cc3Cl)CC2)nc(N(C)C2CC[NH2+]CC2)c1C
8452,8452,CCn1c(SC2=C(Nc3ccc(N4CCCC4)c(OC)c3)C(=O)N(c3ccc(OCC(C)C)cc3)C2=O)nc2ccccc21
8453,8453,C[NH2+]Cc1ccc(S(=O)(=O)N(C)CC2CCCCC2)cc1
8454,8454,CCOc1ccc(NC(=O)c2ccccc2NC(=O)c2ccc(COc3ccc(Cl)cc3)cc2)cc1
8455,8455,CCC12C=CC(=O)C=C1CCC1C2CCC2(C)C(OCC(=O)[O-])CCC12
8456,8456,C=CCCCOC(=O)C1C2CCC3(S2)C1C(=O)N(C(CO)CC(C)C)C3C(=O)N(CC=C)c1ccc2ccccc2c1
8457,8457,CC1(C(=O)[O-])CCCN1C(=O)c1cccc(OC(F)F)c1
8458,8458,Cc1ccc(N)c(C)c1S(=O)(=O)NC1CC1
8459,8459,COc1ccccc1OCC(=O)Nc1ccc(NC(=O)c2ccc[nH]c2=O)cc1
8460,8460,Cc1cc(NC(=O)c2cnn(c3ccc(C(F)(F)F)cn3)c2C(F)(F)F)n[nH]1
8461,8461,Cn1cncc1c1noc(C2CCC[NH+](Cc3cc(F)cc(F)c3)C2)n1
8462,8462,COc1ccc(C(=NO)c2ccc(OCCCCCCCOC(=O)c3ccc(O)c(O)c3)cc2OCc2cccc(O)c2)cc1O
8463,8463,COc1ccc(Cl)cc1NC(=O)CNc1cccc(C)c1
8464,8464,O=P(OCc1cccc(C(F)(F)F)c1)(C(F)(F)F)C(F)(F)F
8465,8465,COc1ccccc1n1c(C)cc(C=C2SC(=O)N(CC(=O)Nc3ccc(Cl)cc3)C2=O)c1C
8466,8466,CC(C)(C)c1ccc(CN(CC[NH+]2CCOCC2)C(=O)c2ccccc2)cc1
8467,8467,Cc1cc(C(=O)CSc2nnc(c3cccnc3)n2N)c(C)n1C1CC1
8468,8468,CC(C)n1ccc(CC(O)COC(C)(C)C)n1
8469,8469,O=C(c1ccc(c2ccc3c(c2)CCO3)cc1)N1CC[NH+](C2CC3CCC2C3)CC1
8470,8470,CC1SCCSC1C(=O)N1CCC(C(=O)[O-])C1
8471,8471,Nc1[nH]c(=O)c(Br)cc1C(N)=S
8472,8472,CC(=O)C1(O)COc2c(OC3CC(C(=O)[O-])N(C(=O)OC(C)(C)C)C3)cccc21
8473,8473,CC(C)N(C)C(C[NH3+])c1ccccn1
8474,8474,O=C([O-])c1cc(S(=O)(=O)NC2CCSC2=O)c[nH]1
8475,8475,O=C(CCc1ccsc1)NC1CCC(Oc2ccncn2)CC1
8476,8476,CCC(=O)N1C(=O)OC(c2ccccc2)C1c1ccccc1
8477,8477,O=c1[nH]c(c2c(F)ccc3c2OCC3)nc([O-])c1c1ccc(Cl)cc1
8478,8478,COc1ccc(OC)c(c2nnc(SC(C)C(=O)Nc3cc(C)on3)n2N)c1
8479,8479,COc1ccc(C(=O)C=Cc2cc(Cl)cc(Cl)c2OCc2ccc(Cl)c(Cl)c2)c(OC)c1
8480,8480,COC(C)(CON)OC
8481,8481,COc1ccc2c(Oc3ccc(NC(=O)c4cccc(C#N)c4)cc3F)ccnc2c1
8482,8482,CNc1ccc(S(=O)(=O)NC(=O)Nc2c(Cl)cccc2Cl)cc1
8483,8483,CC(C)c1nc2c(c(c3ccnc(NC4CCCCC4O)c3)c1CO)CCOCC2
8484,8484,CC(C)CC(C[NH3+])NC(=O)c1cnn(C)c1
8485,8485,C=CCOc1ccc(C(=O)Nc2ccccc2CC)cc1OC
8486,8486,COCCN(CCO)C(=O)CCC1CC[NH2+]C1
8487,8487,N#CCCN(C(=O)COC(=O)c1c2c(nc3ccccc13)C(=Cc1cccs1)CC2)c1ccccc1
8488,8488,Cc1nnc(CN2C(=O)CNC(=O)C2C)o1
8489,8489,CSCCCCN1CCCc2c(N)cccc21
8490,8490,Cc1cc(Cl)ccc1OCCCC(=O)NC(C)c1ccccc1C
8491,8491,COC(=O)c1cc([N+](=O)[O-])c(Oc2ccc3nnc(C4CC4)n3n2)cc1C
8492,8492,CSc1nc(=O)c(NC(=O)C=Cc2ccccc2Cl)c(N)[nH]1
8493,8493,N#Cc1ccc(N2CC[NH+](C(c3ccc(Cl)cc3)c3cnc[nH]3)CC2)nc1
8494,8494,CSc1ccccc1C(=O)N1CCC(Cc2nnc(Cc3ccccc3)o2)CC1
8495,8495,C=CCC(C(=O)[O-])C(=O)C=Cc1cc(Cl)ccc1OC
8496,8496,CCC(C)(C[NH3+])C(=O)NCc1ccc(F)c(Cl)c1
8497,8497,CCC(CCO)NC(=O)c1ccccc1Br
8498,8498,Cc1occc1C(=O)NCC(O)c1ccccc1
8499,8499,Cc1ccnc(SCc2ccc(C(=O)Nc3nc(C(C)(C)C)cs3)cc2)n1
8500,8500,CCCCCCc1ccc(C[NH2+]C(Cc2ccc3ccccc3n2)C(=O)[O-])cc1
8501,8501,O=C=NC1(c2ccc(n3cncn3)cc2)CCC1
8502,8502,CC1Cc2ccccc2N1C(=O)CCc1nc(c2ccc(O)cc2)no1
8503,8503,C[NH2+]C(c1cnccn1)c1cc(C)cc(C)c1
8504,8504,Cc1ccc(C2=NOC(c3ccc(C4CCC(C)CC4)cc3)C2)cc1
8505,8505,COc1ccc(C(NC(=O)CCc2c(C)[nH]c(N3CCc4ccccc4C3)nc2=O)C(C)C)cc1
8506,8506,CNc1cc([N+](=O)[O-])cc(NCCc2ccsc2)n1
8507,8507,O=C(CC1CCC[NH2+]1)NC(c1ccco1)C1CCCCC1
8508,8508,CC1CCCC(C)C1NS(=O)(=O)c1ccc(Br)c(F)c1
8509,8509,CB(O)N1CC[NH+](Cc2nc(c3ccc(F)cc3)c(c3ccccc3)o2)CC1
8510,8510,CC1CN(C(=O)NCC2CCC(C(=O)[O-])O2)CC(C)S1=O
8511,8511,CCCCC(COC=O)O[Si](C)(C)C(C)(C)C
8512,8512,CCCCC(CC)CC1=NCC(CC(=O)[O-])SCCS1
8513,8513,O=C(Nc1nc(c2ccc(Oc3ccccc3)cc2)cs1)c1ccc2ocnc2c1
8514,8514,FC(F)c1cc2c(Br)scc2s1
8515,8515,[NH3+]Cc1cc(Cl)ccc1n1cnc2ccccc21
8516,8516,COc1ccc(S(=O)(=O)C(F)(F)F)cc1NC(=O)c1ccc(COc2ccccc2Br)o1
8517,8517,COc1ccc(N)cc1NC(=O)NCCSC
8518,8518,COc1ccccc1NCC(=O)Nc1cccc(C)c1
8519,8519,COc1ccc(C=NNC(=O)C(=O)NCCc2ccc(F)cc2)cc1Cl
8520,8520,Cn1cc[nH+]c1CC[NH+]1CCC(O)C1(C)C
8521,8521,CC(C)NC(=O)c1ccc(c2ccccc2Br)nc1N
8522,8522,FC(F)(F)c1cc(Br)cnc1c1nnc(NCC2CCCCO2)o1
8523,8523,O=C1CCC(C(=O)N2CCN(c3cc[nH+]cc3)CC2)=NN1
8524,8524,O=C(NC(c1ccccc1)c1ccccc1)c1cccc(SC2CC(=O)N(c3ccccc3Cl)C2=O)c1
8525,8525,COC(=O)c1cc(F)c(C)c(C(=O)[O-])c1
8526,8526,Cc1ccc(S(=O)(=O)OCC2CC(n3cc(C)c(=O)n(Cc4ccccc4)c3=O)OC2CO[Si](C)(C)C(C)(C)C)cc1
8527,8527,CCC(C)Oc1ccc(S(=O)(=O)N(C)c2ccc(C(=O)NCC3CCCO3)cc2)cc1
8528,8528,FC(F)(F)c1ccc(c2csc(Nc3cccnc3)n2)cc1
8529,8529,CC(OCc1ccccc1)C1C2C=CC(C2)C1C=CC(O)CCc1ccccc1
8530,8530,CCCCc1oc(=O)oc1C(=O)c1cccc(c2ccccc2)c1
8531,8531,COc1cc(F)ccc1NCc1sccc1N
8532,8532,COCCCNC(=O)c1ccccc1NC(=O)CSc1nnc(c2ccc(C)o2)n1Cc1ccccc1
8533,8533,COc1ccc(c2nnc(C([NH3+])CCO)o2)cc1
8534,8534,O=C(CCc1c2ccccc2[nH]c1c1ccccc1)N1CCOCC1
8535,8535,CCCCCC[n+]1c(N)n(c2ccccc2)c2ccccc21
8536,8536,CC(=O)c1ccc(c2cc(CC(=O)Oc3c(F)c(F)c(F)c(F)c3F)on2)cc1
8537,8537,CCCCOCCOCCOCCOCCOCCOCCNC(=O)C(O)C(C)(C)COP(=O)([O-])OP(=O)([O-])OCC[N+](C)(C)C
8538,8538,CSc1ccc([N+](=O)[O-])c(C(=O)Nc2ccc(N(C)C)c(C(=O)N(C)C)c2)c1
8539,8539,N#Cc1c2n(nc1c1ccc(Cl)cc1)CC[NH+](Cc1ccc(C(F)(F)F)cc1)C2
8540,8540,CCOC(=O)C(CCSC)NC(=O)c1ccccc1
8541,8541,CCOC(=O)Nc1cccc(NC(=O)C2(c3ccc(Cl)cc3)CCC2)c1
8542,8542,CC[NH2+]C(C)(CCOC1CCCCCC1C)C(=O)OC
8543,8543,Nc1ccccc1C(=O)c1ccccc1S(=O)(=O)[O-]
8544,8544,CCC(C)OC(=O)N1CCC(Cn2nnc3ccccc3c2=O)CC1
8545,8545,Cc1nccn1CC[NH+]1CC2CN(C(=O)c3ccccc3)CC2C1
8546,8546,O=C(NCc1ccccc1C[NH+]1CCOCC1)c1nc(c2ccc(Cl)cc2)n(c2ccccc2)n1
8547,8547,CC(C)CC1C(=O)NCCN1c1ccc(C=O)o1
8548,8548,CCc1cc(C2CC[NH+](C(C(=O)[O-])C(C)C)CC2)nc(C)n1
8549,8549,CCC(C)C([NH3+])C(=O)NC(C(=O)NC(CCCC[NH3+])C(=O)[O-])C(C)C
8550,8550,O=C(NCc1nnc(c2ccccc2)o1)C1CCN(S(=O)(=O)c2ccccc2)CC1
8551,8551,O=C(CN1C=CN(Br)C1=O)NO
8552,8552,N#Cc1c(NC(=O)COC(=O)c2cc([N+](=O)[O-])cc([N+](=O)[O-])c2)sc2c1CCCC2
8553,8553,Cc1c(N)cc(Cl)cc1S(=O)(=O)Nc1cncnc1
8554,8554,Cc1ccc(c2cc(=O)c3c([O-])cc(OC4OC(CO)C(O)C(O)C4O)cc-3o2)cc1
8555,8555,CCOC(=O)C(CCCCCC(=O)OCCOCC)C(=O)OCC
8556,8556,CCOc1cn(c2cccc(F)c2)nc1C(=O)Nc1ccccc1
8557,8557,Cc1ccc(Cn2cc(CNC(=O)C(=O)N3CCCCCC3)c3ccccc32)cc1
8558,8558,O=C(NCC(O)c1cc(Cl)cc(Cl)c1)C(=O)NC1CC1
8559,8559,O=C1CCN(C(=O)c2coc(Br)c2)CC1
8560,8560,Cc1nc(C[NH+]2CCCC(COc3ccc(F)cc3Cl)C2)cs1
8561,8561,Cc1ccc(CCC(=O)N2CCC(C(=O)N3CCCCC3)CC2)cc1
8562,8562,O=CC(=NCc1ccccc1)c1ccccc1
8563,8563,O=C(CC1CSc2nc3c(cnn3c3cccc(F)c3)c(=O)n21)Nc1cccc(F)c1
8564,8564,CC(Sc1nnc(C2COc3ccccc3O2)n1N)C(=O)Nc1sccc1C#N
8565,8565,CC(=O)NCC1CN(c2ccc(c3ccc(C4CC4)cc3)cc2)C(=O)O1
8566,8566,CC(=O)OCC1OC(OCCCCCCNC(=O)Nc2cc(O)c(O)c(O)c2O)C(O)C(O)C1O
8567,8567,CC(C)n1nnnc1SC(C(=O)N(C)C)c1ccccc1
8568,8568,COc1ccc(S(=O)(=O)NC(Cc2ccccc2)C(=O)NCC(C)C)cc1Cl
8569,8569,COc1ccc(NC(=O)CSc2nc3c(cc2C#N)CCC(C(C)(C)C)C3)cc1
8570,8570,COc1ccc2c(OCCCOS(C)(=O)=O)c(C(=O)c3ccccc3)cc(O)c2c1
8571,8571,CC(C)CC1NC(=O)CC12CCC1C2CCC2(C)C(C(C)CCC(C)(C)C)CCC12
8572,8572,O=C(C[NH2+]CC1(O)CCCC1)Nc1cccc(Cl)c1
8573,8573,CCOC(C)OC(=O)N(C)C(CCC(C)(CC)C(=O)OC1CC(C)(C)OC1=O)C(C)O
8574,8574,Cc1cc(C)cc(NC(=O)Cn2c(C[NH+]3CCC(C(=O)N4CCC(C)CC4)CC3)nc3ccccc32)c1
8575,8575,COc1cccc(CCN2C(=O)NC(=Cc3cccc(OC)c3OCc3cccc(Cl)c3)C2=O)c1
8576,8576,CC(C)N(Cc1ccccc1)S(=O)(=O)c1cccc(C(=O)Nc2cccc(Br)c2)c1
8577,8577,[NH3+]Cc1ccc(NC(=O)Cc2csc(c3cccs3)n2)cc1Cl
8578,8578,C=C(Cn1nc(C)c(Cl)c1C)C(=CC(=NC)OS(C)(=O)=O)c1ccccc1
8579,8579,CC(C)COc1cccc(NCC(=O)NC2(C#N)CCCCC2)c1
8580,8580,COC(=O)c1ccn2c(n1)c(C(C=Cc1scnc1c1ccccc1)c1ccccc1)c(C)c2c1ccccc1
8581,8581,O=C([O-])c1ccc(NC2(CO)CCCCC2)cc1Cl
8582,8582,CCOC(=O)c1c(C)[nH]c(C(=O)CSc2nc3cc(Cl)ccc3c(=O)n2c2ccccc2Cl)c1C
8583,8583,CC(=O)Nc1cccc(NC(=O)c2ccc3ncsc3c2)c1
8584,8584,O=C(NN=Cc1cc(Cl)ccc1OCc1ccc(Cl)cc1)c1ccncc1
8585,8585,CC(C)CC(C)(C[NH3+])NC(=O)C1CC1c1cccc(Cl)c1Cl
8586,8586,CC1CCC2(CC1)NC(=O)N(CC(=O)N1CCN(c3ccc(C(F)(F)F)cn3)CC1)C2=O
8587,8587,CC(C)C(C)[NH+]1CCN(C(=O)CSCc2cccs2)CC1
8588,8588,O=C(c1ccc(c2ccccn2)[nH]c1=O)N1CCN(c2cccc(C(F)(F)F)c2)CC1
8589,8589,CC[NH2+]CC(CC1CCOC1)c1ccccc1
8590,8590,Cc1cc(C(C)NC(=O)c2cn[nH]c2N)c(C)o1
8591,8591,Cc1cc(Cl)cc(Cl)c1Oc1ncnc(Nc2ccccc2OC(F)(F)F)c1N
8592,8592,O=C(CCCc1c[nH]c2ccccc12)NCc1cccc(NC(=O)c2ccco2)c1
8593,8593,C[NH2+]C(c1cc(C)c(Br)s1)c1c(F)cc(F)cc1F
8594,8594,Cn1c(=O)c2cc(C(=O)Nc3nc4ccccc4n3Cc3ccc(F)cc3)sc2n(C)c1=O
8595,8595,CC(C)NC(=O)C(=O)NN=Cc1ccc(OCc2ccc(Cl)cc2)c(I)c1
8596,8596,CCOc1ccc(C2=C(O)C(=O)N(c3ccc(F)c(F)c3)C2c2c(C)n(C)c3ccccc23)cc1OCC
8597,8597,Nc1ccc([N+](=O)[O-])c(Nc2cc(F)c(Cl)cc2F)n1
8598,8598,CC(C)CC(NC(=O)C(C(C)C)N1Cc2ccccc21)C(=O)NC(C(=O)NC(Cc1cnc[nH]1)C(=O)N1CCCC1C(=O)[O-])c1ccccc1
8599,8599,CCCCCCC#Cc1ccccc1C=O
8600,8600,CCC(C)Nc1ncc(F)cc1F
8601,8601,Cc1ccc(CNC(=O)NC2CCN(C(=O)CCc3ccc(C)cc3)CC2)cc1
8602,8602,COc1ccc(C(=O)Nc2cccc(SC(C(=O)Nc3ccc(F)c(Cl)c3)c3ccccc3)c2)cc1
8603,8603,CC1=NC2=C(C(=O)CCC2)C(c2cccc([N+](=O)[O-])c2)C1C(=O)OCC(=O)NC(C)(C)C
8604,8604,[NH3+]C1c2ccccc2CCC1NC1CC[NH+]2CCC1C2
8605,8605,CSc1ccc(C(=O)CCCc2ccccc2)cc1
8606,8606,CSc1nc(N)c2ccsc2n1
8607,8607,COc1cc2ncnc(Oc3cccc(NC(=O)Oc4ccccc4)c3)c2cc1N
8608,8608,CC(C)(C)[Si](C)(C)OC1C(=O)C(N2C(=O)N=NC23CCCCC3)=C(C(=O)c2ccccc2)C1=O
8609,8609,COc1ccccc1C(=O)NCC1CCCN(C(=O)COc2ccc(C)cc2)C1
8610,8610,C[NH2+]C(C)(CCC[NH+](Cc1cccs1)C1CC1)C(=O)[O-]
8611,8611,CC(C)C(NC(=O)CON=Cc1cc([N+](=O)[O-])ccc1Cl)c1ccc2c(c1)OCCO2
8612,8612,[NH3+]C(Cc1cc(Br)cs1)c1ccc(F)cc1I
8613,8613,O=C1CC(c2ccc(Br)s2)SC2(C(=O)N(Cc3ccncc3)c3ccccc32)N1
8614,8614,CC(=O)Nc1cccc(Nc2nc3c(c(Nc4ccc(C)cc4)n2)CN(C(=O)OC(C)C)C3)c1
8615,8615,Cc1c(C(=O)N(C)C2CCc3ccccc32)[nH]c2c1C(=O)CCC2
8616,8616,COC(=O)c1ccc(C[NH2+]C(C)(C)C(N)=O)cc1
8617,8617,CCC(C)NC(=O)c1cc(NC(=O)CNC(=O)C2CC[NH+](C(C)C(=O)Nc3ccc(C(=O)NC4CCCC4)cc3C)CC2)ccc1Cl
8618,8618,O=Cc1ccc2nc(Cl)ccc2c1
8619,8619,CC1C[NH+](CC2CC2)CC1NC(=O)NC1CC[NH+](Cc2ccccn2)CC1
8620,8620,CCS(=O)(=O)N1CCc2[nH]c(Cc3ccccc3OC(F)F)nc(=O)c2C1
8621,8621,O=C(Cn1cnc2scc(c3cccs3)c2c1=O)Nc1ccc(F)cc1F
8622,8622,Cc1cc(F)c(Br)cc1Nc1ncncc1Br
8623,8623,C=CC(C)(Cc1ccccc1)C(=O)OC1C(O)CC23CC1CC(OC(=O)CCC(=O)[O-])C2CCC3C
8624,8624,O=C(CC1C[NH2+]CCO1)NCCc1nc2ccccc2[nH]1
8625,8625,COc1ccccc1NC(=O)Cc1csc(NC(=O)c2ccccc2OC(F)F)n1
8626,8626,CC(NS(=O)(=O)c1ccc(Cl)cc1)C(=O)NNC(=O)c1ccccc1
8627,8627,CCCNC(=O)C(C)NC(=O)Cn1[nH]c(=O)ccc1=O
8628,8628,O=C(C=Cc1ccc(C(F)(F)F)cc1)c1cccc(I)c1
8629,8629,CCCCSc1cc(C(=O)[O-])ccn1
8630,8630,CC(C)(C)OC(=O)n1[nH]cc2c(=O)nc(NC3CCN(c4ccccc4)CC3)nc1-2
8631,8631,COc1ccc2c(c1)c(C(=O)CC[NH3+])cn2C
8632,8632,COc1ccc(C(=O)NC2CCOCC2)cc1NC(=O)C(C)NC(=O)C1CC[NH+](CC(=O)Nc2cccc(C(=O)NC(C)C)c2C)CC1
8633,8633,COc1ccc(S(=O)(=O)NCCCCCCC(=O)[O-])cc1OC
8634,8634,Cc1ccc(n2cnc(C[NH3+])c2)cc1Cl
8635,8635,Cn1cc(C([NH3+])c2nc(c3cccnc3)no2)cn1
8636,8636,COc1c(C(O)c2ccccc2)cc(C(C)(C)C)cc1C(O)c1ccccc1
8637,8637,O=C(NCCc1cc(Br)cs1)c1cn[nH]c1c1ccccc1
8638,8638,CC(=O)c1cccc(NC(=O)CCNC(=O)C2CC[NH+](CC(=O)Nc3ccc(Cl)c(C(=O)N4CCOCC4)c3)CC2)c1
8639,8639,CC1CCCC12C(O)C(c1cccc(Cl)c1)=NO2
8640,8640,Cc1c(CCC(=O)NC2COC3(CCN(C(=O)Cn4c(=O)sc5ccccc54)CC3)C2)c(=O)oc2c(C)c3occc3cc12
8641,8641,CCn1c(CO)nnc1SCc1cc(Cl)ccc1[N+](=O)[O-]
8642,8642,COCCS(=O)(=O)N(C)CC(=O)OC
8643,8643,FC(F)(F)Sc1cccc(OCc2ccccc2)c1
8644,8644,C=CCN1C(=O)COc2ccc(c3csc(c4cccc(C)c4)n3)cc21
8645,8645,CNc1[nH]c(c2cccc(C)c2)nc(=O)c1C(C)=O
8646,8646,Cn1nnc(c2ccc3c(c2)c2ccccc2n3C)n1
8647,8647,COC(OC)C1CC(CC2CCCCC2)C[NH2+]1
8648,8648,N#Cc1cc(C[NH+]2CCC(c3nnc4n3-c3ccc(Cl)cc3CN(CC3CC3)C4)CC2)cc(OC2CCN(C(=O)OCc3ccccc3)CC2)c1
8649,8649,Cn1c(=O)nc2n(CCCN3CC(=O)NC4(CCCC4)C3=O)[nH]nc-2c1=O
8650,8650,O=Cc1cn(c2ccccc2)nc1c1ccc(Br)s1
8651,8651,O=C(CNc1cccc(NC(=O)C2CC2)c1)c1ccc([N+](=O)[O-])cc1
8652,8652,Cc1c(NC(=O)CNC(=O)C2CC[NH+](CC(=O)Nc3ccc(C(=O)N4CCCCC4)cc3C)CC2)cccc1C(=O)Nc1cccc(F)c1
8653,8653,COc1cc(N)ccc1S(=O)(=O)Nc1ccc(F)cc1I
8654,8654,CCOC(=O)Cc1oc2c(OCC)cc(Cl)cc2c1Cl
8655,8655,N#CC1(NC(=O)C2(c3cccc(F)c3)CC2)CC1
8656,8656,COc1ccc(C(=O)Nc2ccncc2F)cc1S(=O)(=O)N1CCCCC1
8657,8657,O=C([O-])c1cnc(NCCc2ccccc2F)c2ccccc12
8658,8658,CC(C)c1ccc(S(=O)(=O)NCCC2(O)CCCC2)cc1
8659,8659,COc1ccc(OC)c(NC(=O)c2sc(N)nc2C)c1
8660,8660,Fc1ccc(Cl)cc1Cn1c(NN=Cc2ccccc2)nc2ccccc21
8661,8661,COc1cc([N+](=O)[O-])ccc1NC(=O)c1ccc(N)cc1OC
8662,8662,CSC1(C[NH2+]Cc2cncc3ccccc23)CC1
8663,8663,[NH3+]C(CC(=O)Nc1ccccc1I)c1ccccc1
8664,8664,CCC1(CO)CCN(C(=O)NC2CC3CCC2O3)CC1
8665,8665,COC(=O)c1c(C)[nH]c(C(=O)COC(=O)C=Cc2ccc(OC(F)F)c(OC)c2)c1C
8666,8666,CCC(C)C(=O)Nc1ccc(Cl)c(NC(=O)C2CCCN2C(=O)C2CC[NH+](C(C)C(=O)Nc3cc(C(=O)NC4CCCC4)ccc3C)CC2)c1
8667,8667,O=C1CCC(C(=O)N2CC[NH+](C(c3ccc(F)cc3)c3ccc(F)cc3)CC2)CN1
8668,8668,O=C(Nc1cncnc1)N1CCCCc2ccccc21
8669,8669,CCOCCCNC(NCCCOCC1CCOCC1)=[NH+]C
8670,8670,O=C([O-])c1ccc(N=Cc2ccc(Oc3ccc(C(F)(F)F)cc3[N+](=O)[O-])c(Br)c2)cc1
8671,8671,COCCNC(=O)COc1ccc(C(=O)Nc2ccccc2)cc1
8672,8672,CC(=O)c1ccc(N2CC[NH+](CC(=O)Nc3ccc4c(c3)CCC4)CC2)c(F)c1
8673,8673,Cc1ccc(SCC(=O)OCC(=O)N(C)Cc2cccs2)cc1
8674,8674,COc1ccc(C(=O)NCc2ccco2)cc1OC
8675,8675,CC(C)(C)NS(=O)(=O)c1ccc(Br)c(C(=O)Nc2nc(c3ccc(F)cc3)cs2)c1
8676,8676,CC(C)CSc1nc(N)nc(N(C)C)n1
8677,8677,CC1CCC(C2CC=C(c3ccc(F)c(C(F)(F)Oc4cc(F)c(F)c(F)c4)c3)CC2)CC1
8678,8678,CCC(C)C1NC(=O)C(C(C)CC)OC(=O)C(Cc2ccc(O)cc2)NC(=O)C(CO)NC(=O)C(CC(C)C)NC1=O
8679,8679,CC(C)c1ccc(c2ccnc(NC(=O)C3(c4ccccn4)CC3)c2)cc1
8680,8680,CCC(C)NC(=O)c1cccc(C)c1NC(=O)C1CCCN1C(=O)C1CC[NH+](C(C)C(=O)Nc2ccc(Cl)c(C(=O)NCC(C)C)c2)CC1
8681,8681,O=C(c1ccc(Cl)cc1)N1CCCC1c1nc(c2ccc(F)cc2F)no1
8682,8682,COC(=O)N1N=C(c2ccc(Cl)cc2)CC1c1ccc(Cl)cc1
8683,8683,O=C(Oc1ccc(Cl)cc1)c1ccn[nH]1
8684,8684,Cc1nc(NC(=O)c2ccc(=O)[nH]c2)c(Cl)cc1Cl
8685,8685,COc1ccc(S(=O)(=O)Oc2ccc3c(c2)C([NH2+]CC(=O)Nc2ccc([N+](=O)[O-])cc2)=[NH+]CC3)cc1OC
8686,8686,CC1CC(C)CN(S(=O)(=O)c2ccc(C(=O)NC34CC5CC(CC(C5)C3)C4)cc2)C1
8687,8687,CC[NH2+]CC(C)C(=O)NCC1([NH+](C)C)CCCCC1
8688,8688,N#Cc1cnc(N)nc1OCc1ccccc1
8689,8689,COC(=O)CCCCNc1cc(OC)c(Cl)cc1Cl
8690,8690,CCn1cc(C[NH+]2CCc3nc(c4cccc(C)c4)ncc3C2)cn1
8691,8691,CC(C)(C)S(=O)(=O)Cc1cccc(NC(=O)c2cnc(COc3ccc(F)cc3)s2)c1
8692,8692,COCCOCCC[NH2+]C1CC(c2ccc(OC)cc2)C1
8693,8693,COC(=O)c1sc(NCc2ccccc2C)c(SC)c1N
8694,8694,COc1ccc(C)cc1NC(=O)CNC(=O)CCNC(=O)c1ccc(Cl)cc1
8695,8695,O=C(c1ccc2c(c1)CCCC2)N1CCCC(C2CCC[NH2+]2)C1
8696,8696,COC(=O)c1ccc(N)c(NC2CC(OC)C2)c1
8697,8697,Cc1nn(C(C)C)c(C)c1CC(=O)NC1CCC2(CC1)NC(=O)NC2=O
8698,8698,CCOc1ccc(C2C(=C([O-])c3ccc4c(c3)CC(C)O4)C(=O)C(=O)N2CCOC(C)C)cc1
8699,8699,O=c1[nH]c2cc(S(=O)(=O)N3CC[NH+](Cc4ccccc4OC(F)(F)F)CC3)ccc2o1
8700,8700,CC1(C(=O)NCCc2nc3ccccc3[nH]2)CCC[NH2+]C1
8701,8701,CC(C)=CCC(OCc1ccccc1)C(OCc1ccccc1)C1C(CO[Si](c2ccccc2)(c2ccccc2)C(C)(C)C)C(CO[Si](c2ccccc2)(c2ccccc2)C(C)(C)C)OC(OCc2ccccc2)C(OCc2ccccc2)C1OCc1ccccc1
8702,8702,CCc1c(N)ncnc1Nc1cccc(C(C)=O)c1
8703,8703,CSC1(C#N)CCN(S(=O)(=O)c2c(C)noc2C)CC1
8704,8704,CC1CCCN(c2cc(NCCc3cccc(Cl)c3)ncn2)C1
8705,8705,CCn1ccnc1C([NH2+]CC(C)C)C1CCCC1(C)C
8706,8706,CC1CCCC(c2nc(C(C)(C)[NH3+])no2)C1
8707,8707,CCC(C)([NH3+])C(=O)OCCS(C)(=O)=O
8708,8708,O=C(Cn1c(C(F)F)nc2cnc(Nc3ccc(N4CC[NH+](CC5=C(c6ccc(Cl)cc6)CC(C)(C)CC5)CC4)cc3)nc21)Nc1ccon1
8709,8709,O=C(Cc1csc(c2cccnc2)n1)N(Cc1ccccc1)Cc1ccc(OCc2ccccc2)cc1
8710,8710,O=C(Nc1cccc(C#Cc2nccs2)c1)N1CCN(c2ccc(c3noc(C(F)(F)F)n3)cn2)CC1
8711,8711,O=C(CCNS(=O)(=O)c1cccs1)NC1(C(=O)[O-])CCOC1
8712,8712,Cn1nc(C(=O)NCCc2c[nH]c3ccc(F)cc23)c2c1CCCC2
8713,8713,CCc1cc(CC)n(c2ccc([N+](=O)[O-])c3cnccc23)n1
8714,8714,CCCOCCSc1nnc(SC)s1
8715,8715,COc1ccc(C(=O)Nc2sc3c(c2C(=O)NCc2ccc(F)cc2)CCCC3)cc1OC
8716,8716,CCOc1cccc(CNC(=O)CCc2nnc3ccc(N4CCCCCC4)nn23)c1
8717,8717,O=S1CCC(n2c(C3CC[NH2+]C3)nc3cccnc32)CC1
8718,8718,O=S1(=O)OCCCC1n1cccc1
8719,8719,O=C(CC1CC[NH2+]CC1)NCc1ccc(S(=O)(=O)N2CCCC2)cc1
8720,8720,Cc1cccc2sc(N(Cc3ccco3)C(=O)COc3ccc(Br)cc3)nc12
8721,8721,O=C(NCC(O)C[NH+]1CCc2ccccc2C1)c1cc(S(=O)(=O)NCc2ccco2)ccc1Cl
8722,8722,[NH3+]C1CC(CC(=O)[O-])CN(C(=O)c2ccnc(Cl)c2)C1
8723,8723,CCOC(=O)C1=C(C)NC(CSc2nc(C)c(C)s2)=C(C#N)C1c1cccc([N+](=O)[O-])c1
8724,8724,COc1ccc(C(Br)Cc2cccc(F)c2Cl)cc1Cl
8725,8725,CC(C)(C)CC(=O)Nc1cc(Br)cnc1Cl
8726,8726,CC(C)(C)OC(=O)n1cccc1COS(=O)(=O)[O-]
8727,8727,COc1ccc(OC)c(Nc2ncccc2[N+](=O)[O-])c1
8728,8728,CC1CC1C(=O)Nc1cccc(NC(=O)CCNC(=O)C2CC[NH+](CC(=O)Nc3ccc(Cl)c(C(=O)N4CCOCC4)c3)CC2)c1
8729,8729,C[NH2+]C(C)(CC(C)Sc1nnc(C)s1)C(=O)[O-]
8730,8730,C=CCCCC(CC)C(C)CC(C)=O
8731,8731,Nc1c(NNC(=O)COc2ccccc2)ncnc1N1CC[NH+](C(c2ccccc2)c2ccccc2)CC1
8732,8732,Cc1c(Cl)cccc1NC(=O)c1ccc(N)c(OC(C)C)c1
8733,8733,O=C1C2CCCN2C(=O)CN1CC1CCC1
8734,8734,CC1C[NH2+]C(c2ccccc2)CO1
8735,8735,CCCCC(CCC)(C(N)=O)N1C(=O)C(=Cc2ccc(F)cc2)Oc2ccc(OCC)cc21
8736,8736,CC(C)OC(=O)[N-]S(=O)(=O)c1ccc(C(=O)Oc2cccc(C(N)=[NH+]O)c2)cc1
8737,8737,C[NH2+]C(c1ccc(Cl)cc1)C1(CC(C)C)CCCC1
8738,8738,CCc1ccc(NC(=O)c2ccc(S(=O)(=O)Nc3ccccc3F)o2)cc1
8739,8739,FC(F)(F)c1ccc(c2cncnc2C2CCC[NH2+]2)o1
8740,8740,CCOc1ccc2nc(NC(=O)C=Cc3ccc(OC)c(OC)c3)sc2c1
8741,8741,CC(C)(C)c1ccc(S(=O)(=O)NCCC(=O)NC2CCCC2)cc1
8742,8742,CC1CC1C(=O)Nc1ccc(N2C(=O)C3C4C=CC(C4)C3C2=O)c(Cl)c1
8743,8743,CCOC(=O)C(=O)c1cc(Br)c(Cl)c2c1OCCO2
8744,8744,CCC1=C([Si](C)(C)C)C2(CCCC2)OC1C
8745,8745,COC(=O)c1ccc2c(c1)CCN2C(=O)c1cnn(c2ccccc2)c1
8746,8746,COc1ccccc1N1C(=O)NC(=O)C(=Cc2cc(Cl)c(OCc3ccccc3)c(Cl)c2)C1=O
8747,8747,CCCS(=O)(=O)N1CCC2(CC1)CC(=O)c1cc(c3ncns3)ccc1O2
8748,8748,Cn1ncnc1CC(CBr)c1ccccc1F
8749,8749,CC(=O)Nc1cccc(C(=O)NCc2nc(C)c(C)s2)c1
8750,8750,COc1cc(OC)c2c(=O)cc(C(C)C)[nH]c2c1
8751,8751,O=C(Cn1c(C2CC2)nc2c1CCCC2)NCC(O)COc1ccc(F)cc1
8752,8752,O=C([O-])CC1CN(C(=O)Cc2ccc(Cl)cc2Cl)CCO1
8753,8753,CCOC(=O)N1CC[NH+](C(c2ccc(C(C)C)cc2)c2ccccc2O)CC1
8754,8754,COC(=O)c1c(NC(=O)CC2CCCCC2)sc(C(=O)Nc2cccc(C)c2C)c1C
8755,8755,COc1ccc(COc2ccc(C=C(C#N)C(=O)Nc3ccc(OC)cc3)cc2OCC[NH2+]CC(N)CC(=O)[O-])cc1
8756,8756,O=C(Nc1ccc(OC2CCCCC2)cc1)N1CCC([NH+]2CCCCC2)C1
8757,8757,CC1(C(=O)NC2CCCC2)CCCC1[NH3+]
8758,8758,COC(=O)c1ccc(C[NH2+]Cc2cccc(C(=O)N(C)c3ccccc3)c2)cc1
8759,8759,Cc1nc(NS(=O)(=O)c2ccc(C(C)C)cc2)sc1C
8760,8760,[NH3+]CCCCC(NC(=O)C(CCC(=O)[O-])NC(=O)C(Cc1cnc[nH]1)NC(=O)C1CCCN1C(=O)C(CCC[NH+]=C(N)N)NC(=O)C(Cc1c[nH]c2ccccc12)NC(=O)CNC(=O)C(CC(=O)[O-])NC(=O)C([NH3+])CCCC[NH3+])C(=O)[O-]
8761,8761,CC(=O)OC1CC2C3CC(C)C4=CC(=O)C=CC4(C)C3(Cl)C(O)CC2(C)C1C(OC(C)=O)C=C1CCCCC1
8762,8762,CC(C)c1ccc(C[NH+]2CCN(c3nc(N)c(C)cc3Cl)CC2)cc1
8763,8763,O=C1C(c2ccc(Cl)cc2)=C([NH+]2CCOCC2)C(=O)N1Cc1ccc(c2ccccc2)cc1
8764,8764,CC1(C)C2CCC1(CS(=O)(=O)Nc1nnc(c3ccccc3)s1)C(=O)C2
8765,8765,O=C1C(c2ccccc2)=NC([NH+]2CCCC2)=[NH+]C1=Cc1ccc2c(c1)CC2
8766,8766,CSCCC(C)[NH+](C)Cc1c(F)cc(C[NH2+]CC(C)C)cc1F
8767,8767,CSC1(CNS(=O)(=O)c2cccnc2C(N)=S)CCCC1
8768,8768,CC(C)(C)c1ccccc1Nc1ccc(C#N)cc1Cl
8769,8769,CCOC(=O)C(C)(C#N)CCCC[NH+]1CCC([NH+](C)C)C1
8770,8770,CCC1OCCC1NC(=O)N1CCn2nc(C(F)(F)F)nc2C1
8771,8771,FC(F)(F)Oc1ccc(c2nnc(SCc3nc4ccccc4c(=O)n3c3ccccc3F)n2c2ccc(Cl)cc2)cc1
8772,8772,COC(=O)Cc1c[nH]c2c(Oc3ccc(F)cc3F)cc(C)nc12
8773,8773,O=C([O-])c1ccc(NC2CCCCC2O)c(Cl)c1
8774,8774,C=CC(C)C(O)CCC(C)=CCc1ccccn1
8775,8775,Cn1c(C2CCC[NH2+]2)nc2cc([N+](=O)[O-])ccc21
8776,8776,N#Cc1cc(N)cnc1NCC(F)(F)C(F)F
8777,8777,COc1ccc(C#N)cc1CSCC(=O)[O-]
8778,8778,Cc1ccc(NS(=O)(=O)c2ccc(C(C)C)cc2)c(F)c1
8779,8779,O=C(CCCCl)N(Cc1cccs1)C1CC1
8780,8780,CCOC(=O)c1cnn2c1nccc2c1cccc(NC(=O)c2oc3ccc(F)cc3c2C)c1
8781,8781,NC(=[NH+]O)c1c(Cl)cccc1Sc1nnc(SCc2ccc(F)cc2)s1
8782,8782,CCOC(=O)CSc1nnc2c(n1)-c1sc(=S)n(CCCC)c1CC2
8783,8783,O=C(NCc1ccccc1F)C1CCN(C(=O)c2ccco2)CC1
8784,8784,CCOc1nc(C)c([N+](=O)[O-])c(C(F)F)n1
8785,8785,NC(CNC(=O)c1ccc([N+](=O)[O-])c(F)c1)=[NH+]O
8786,8786,O=C(CCc1oc(c2ccccc2)nc1c1ccccc1)OCc1cccc(Br)c1
8787,8787,COc1cc2c(ccc3cc(F)cnc32)cc1F
8788,8788,COc1cc(Nc2nccc(NCCc3ccc(S(N)(=O)=O)cc3)n2)cc(OC)c1
8789,8789,CCCCOCCOc1ccc(c2ccc(CC(C)C(=O)[O-])cc2)cc1
8790,8790,CCOc1ccc(C=C2SC(=S)N(CC(=O)[O-])C2=O)cc1
8791,8791,[NH3+]C1CCCC2CN(C(=O)c3ccc([N+](=O)[O-])[nH]3)CCC21
8792,8792,COC(=O)c1ccc2c(C3CCCCC3)c3n(c2c1)CCCNC3=O
8793,8793,O=C(Nc1nc(CC(=O)N2CCSc3ccccc32)cs1)c1ccccc1
8794,8794,N#CC(C#N)=C1CCN(C(=O)c2ccc3c(c2)OCCO3)CC1
8795,8795,CC(C)N1CCN(C2C[NH2+]CC2OC)CC1
8796,8796,CC(=NO[Si](C(C)C)(C(C)C)C(C)C)c1ccc(Br)cc1
8797,8797,Cc1c(NC(=O)C[NH+]2CCC(C(=O)NCCC(=O)Nc3cccc(C(N)=O)c3)CC2)cccc1C(=O)Nc1cccc(F)c1
8798,8798,CN(CCC#N)CC(=O)Nc1cc(S(C)(=O)=O)ccc1F
8799,8799,CCc1cc2ocnc2cc1CO
8800,8800,CCn1cc(N)c(C(=O)N2CCOCC2C2CCCC2=O)n1
8801,8801,CCC(C)C([NH3+])c1nnc(C2CCS(=O)(=O)C2)o1
8802,8802,CC(C)n1c(SCc2nc(N)nc(N)n2)n[nH]c1=O
8803,8803,O=c1[nH]nc2n1CC[NH2+]C2
8804,8804,CCC(C)c1ccc(c2nc(N)nc(NC3CC3)n2)cc1
8805,8805,O=C1NC(c2ccc[nH]2)NC(CC2CC2)=[NH+]C12CC2
8806,8806,C[NH2+]C(C)(CC(C)N1CCC2C(CCCN2C)C1=O)C(=O)[O-]
8807,8807,COCCOc1ccc(NC(=O)C=Cc2cn(CCC#N)c3cc(OC)ccc23)cn1
8808,8808,CCc1csc(Sc2c(Cl)cc(N)cc2C(N)=O)n1
8809,8809,COc1ccc(NC(=O)CSc2nnc(N3C([NH3+])=C(C#N)C(c4ccc(Cl)cc4)C4=C3CCCC4=O)s2)cc1
8810,8810,COc1cc2scc(C(=O)[O-])c2cc1OC
8811,8811,CC(C)(C)[Si](OCC1OC(OC2C(C(O)C(CO[Si](c3ccccc3)(c3ccccc3)C(C)(C)C)O[Si](c3ccccc3)(c3ccccc3)C(C)(C)C)OC(n3ccc(=O)[nH]c3=O)C2OC(=O)c2ccccc2)C(O[Si](C)(C)C(C)(C)C)C1[Se]c1ccccc1)(c1ccccc1)c1ccccc1
8812,8812,CCOC(=O)c1c(NC(=O)C2CCCC2)sc(C)c1C
8813,8813,CC(C)(C)c1cc(c2ccc(n3c4ccc(C(C)(C)C)cc4c4cc(C(C)(C)C)ccc43)cc2)cc(C(C)(C)C)c1O
8814,8814,Cc1ccc(C(C)(C)C(=O)N2CC[NH+](C)CC2)cc1
8815,8815,COc1ccccc1CNC(=O)COc1c(C)cc(C(c2ccc(C)cc2)[NH+]2CCN(Cc3ccc(Cl)c(Cl)c3)CC2)cc1C
8816,8816,COC(=O)c1cc(NC(=O)N2CC3CC(C2)c2ccc(=O)n([O-])c2C3)nn1C
8817,8817,N#CC1(NC(=O)NC2CCS(=O)CC2)CCCCCC1
8818,8818,O=C(Nc1ccc2[nH]ncc2c1)c1ccc(c2cnco2)cc1
8819,8819,O=C([O-])c1ccc2nc(NC(=O)C3CCOCC3)sc2c1
8820,8820,CCOc1cccc(C2C(=C([O-])c3cc(Cl)c(OC)cc3OC)C(=O)C(=O)N2c2nnc(SCc3ccccc3F)s2)c1
8821,8821,CCOc1ccc(N(CC(=O)NN=Cc2ccc(N(C)C)cc2)S(=O)(=O)c2ccc(Cl)cc2)cc1
8822,8822,COc1ccc(C)cc1N(CC(=O)NN=Cc1cc(OC)c(O)c(OC)c1)S(=O)(=O)c1ccccc1
8823,8823,COCCNC(=O)c1n[nH]c2cc(c3ccc(OC)cc3F)ccc12
8824,8824,COC(=O)C(C)C(C)N1CCC(=O)NC1=O
8825,8825,O=C(NCc1ccccn1)C1CCN(C(=O)N2CCN(c3ccccc3Cl)CC2)CC1
8826,8826,CSc1ccc(NC(=O)c2ccccc2SCC(=O)Nc2cccc(C)c2)cc1
8827,8827,Cc1cc(N2CC3CCC(C2)O3)c2cccc(N)c2n1
8828,8828,O=C([O-])c1ccc(C#CC=C2CCN(C(=O)C3CC3)C2)cc1
8829,8829,CC(=NNC(=O)CN(c1ccc(I)cc1)S(=O)(=O)c1ccccc1)c1ccc(NC(=O)c2ccccc2C)cc1
8830,8830,C[NH2+]CC1CN(C(=O)C2CCOC2)CCO1
8831,8831,N#CC(=Cc1cccc([N+](=O)[O-])c1)C(=O)Nc1ccccc1[N+](=O)[O-]
8832,8832,CCC(C)N(C)c1ccc(Cl)cc1C(N)=[NH2+]
8833,8833,CCOC(=O)C(C)NC(=O)c1cc(C)n(c2cccc(OC)c2)c1C
8834,8834,CNc1cc(CO)c(Cl)cn1
8835,8835,CC(C)CN(Cc1ccc(F)cc1)C(=O)COC(=O)c1ccccc1C(=O)c1ccccc1Cl
8836,8836,CCCCN(CC)S(=O)(=O)c1ccc(NC(=O)CN(c2ccc(Cl)cc2)S(=O)(=O)c2ccc(OC)cc2)cc1
8837,8837,CC(C)(C)[Si](OCC1OC(n2cnc3c(Nc4ccc(O)cc4)ncnc32)C(O[Si](c2ccccc2)(c2ccccc2)C(C)(C)C)C1O)(c1ccccc1)c1ccccc1
8838,8838,CCOc1cccc(C2C3=CCC4C(=O)N(C5CCCCC5)C(=O)C4C3CC3C(=O)C(c4ccccc4)=CC(=O)C32c2ccccc2)c1O
8839,8839,O=C(Oc1ccc2c(c1)OC(=Cc1cccc3ccccc13)C2=O)c1cccnc1
8840,8840,CCC(C)c1ccc(OCC(=O)Nc2ccnn2Cc2ccc(Cl)cc2)cc1
8841,8841,Cc1nc2c(N)cccc2n1Cc1csc(c2ccccc2)n1
8842,8842,CC(C)CCCC(C)C1CCC2C3CCC4CC(OS(=O)(=O)[O-])CCC4(C)C3CCC12C
8843,8843,[NH3+]C(CSCc1ccco1)C(=O)[O-]
8844,8844,O=c1n(Cc2cscn2)nc([O-])n1CC1CC2CCC1C2
8845,8845,CCOc1ccc(NS(=O)(=O)c2c(C)nn(CCC#N)c2C)cc1S(=O)(=O)N1CCOCC1
8846,8846,CCCCS(=O)(=O)Nc1ccc(Nc2ccc(C(C)C)cc2)cc1
8847,8847,Cn1cc(CC(=O)N(CC[NH+]2CCOCC2)Cc2ccccc2F)c2ccccc21
8848,8848,O=C1c2ccccc2C(=O)N1CC[NH+]1CCN(c2cc(C3CC3)[nH]n2)CC1
8849,8849,Cn1cc(C2OCCCC2C(=O)NCC2CCC(=O)N2)cn1
8850,8850,O=c1cc(c2ccc(OC3CCSCC3)c(C[NH+]3CCCC3)c2)oc2ccccc12
8851,8851,CCOC(=O)c1cc(=O)c2cc(OC)ccc2o1
8852,8852,CC(C)CN(C(C)C)S(=O)(=O)N1CC(F)CC1C(=O)[O-]
8853,8853,CC(C)(C)c1cc(C(C)(C)C)cc(c2cc(c3cccc4ccccc43)nc(c3cccc(c4cccc5c6ccccc6oc45)c3)n2)c1
8854,8854,CC1CC(C)[NH+](CC(O)C[NH2+]C(C)c2ccc(F)cc2F)C1
8855,8855,COc1ccc(N2CC(C(=O)Nc3ncnn3c3ccccn3)CC2=O)c(OC)c1
8856,8856,COc1ccc(C(N)=O)cc1NC(=O)C(NC(=O)C1CC[NH+](CC(=O)Nc2cccc(C(=O)N3CCC(C)CC3)c2C)CC1)C(C)C
8857,8857,C=CC(=O)N1CCCC(n2cc(c3cc4nccc(Oc5ccc(CC(=O)C6CCCCC6)cc5F)c4s3)c(c3cc(Cl)ccc3F)n2)C1
8858,8858,O=C(C1CCC1)N1CCC([NH2+]CC2CC2)C(F)C1
8859,8859,COC(=O)C(Br)CN1C(=O)Cc2ccccc21
8860,8860,Cc1cc(C)c(CO)c(N2CC[NH+](C)CC2)n1
8861,8861,O=C(CN1C(=O)c2ccccc2C1=O)NCCc1nc2ccccc2[nH]1
8862,8862,[NH3+]C(c1cncc(F)c1)c1ccc(F)c(Br)c1
8863,8863,CC(C)n1ncc(Cl)c1C(O)c1ccc(Br)c(Br)c1
8864,8864,O=C([O-])c1csc(c2cncc(c3ccccc3)c2)n1
8865,8865,C=CC(=CC=C1N(C)c2ccc(C)cc2C1(C)C)c1ccc2cc(C=Cc3cccc(CC)c3)ccc2c1
8866,8866,NC(=S)NN=C(C(=O)NC1C(=O)N2C(C(=O)[O-])=C(C=CCNc3cccc[n+]3[O-])CSC12)c1nsc(N)n1
8867,8867,O=C1Cc2cc(C(=O)CCc3ccccc3)ccc2N1
8868,8868,Cc1cc(O)ccc1c1n[nH]c(=S)n1C
8869,8869,Cc1cc(C)cc(OCCCC(=O)Nc2sc3c(c2C(N)=O)CCC3)c1
8870,8870,O=C(COc1ccc(C=NOCC(=O)Nc2ccc3c(c2)OCO3)cc1Br)N1CCCCC1
8871,8871,[NH3+]C(CCC(F)(F)F)c1ccc(Cl)c2ccccc12
8872,8872,O=C([O-])NC(Cc1ccccc1)C(=O)N1CCC([NH+]2CCCC2)CC1
8873,8873,CC(C)C(C)(C)CNC(=O)C1(C[NH3+])CC1
8874,8874,Cc1ccc(C#N)cc1NC1CCOC(C)(C)C1
8875,8875,CC(C)n1cc(CC(=O)Cc2ccc3c(c2)CCC3)cn1
8876,8876,Cc1ccc(S(=O)(=O)N2CCN(C(=O)Nc3ccccc3Oc3ccccc3)CC2)cc1
8877,8877,CCOc1cccn2c(C(=O)Nc3ccc(Br)c(C)c3)c[nH+]c12
8878,8878,C=CC[NH2+]CCN1CCCC(C)C1
8879,8879,CCOC(=O)Cc1c(C(F)F)oc(=O)c(C(=O)OC)c1C
8880,8880,Cc1cc(Oc2ccc(C(N)=O)cc2Cl)ccc1C(N)=[NH2+]
8881,8881,CCOC(=O)[N-]S(=O)(=O)N1CCCCCC1CBr
8882,8882,N#Cc1ccc(Nc2cnc(C(=O)Nc3ccccc3C(F)(F)F)cn2)cc1
8883,8883,CCOC(=O)c1cnn(C2CCCC2[NH3+])c1
8884,8884,Cc1ccc(S(=O)(=O)NC(C)C(C)C)cn1
8885,8885,CC(C)([NH3+])CCC(=O)NCCOc1ccc(F)cc1
8886,8886,COc1ccc(C)cc1N1C(=O)C(Nc2cccc(C)c2)=C(SCc2ccco2)C1=O
8887,8887,O=C(CCC(=O)N1CCCc2ccccc21)Nc1ccc2c(c1)OC1(CCCC1)O2
8888,8888,O=C(NN=Cc1ccc(Cl)c([N+](=O)[O-])c1)c1ccc2nc(c3ccccc3)c(c3ccccc3)nc2c1
8889,8889,C=CCn1c(C2CC(=O)N(c3cccc([N+](=O)[O-])c3)C2)nc2ccccc21
8890,8890,CC(NS(=O)(=O)c1ccc([O-])c(S(=O)(=O)c2cccc(Cl)c2)c1)C(=O)Nc1ccc2c(c1)OCCO2
8891,8891,C=CCNc1cc(N2CC3CCC(C2)O3)nc(N)n1
8892,8892,CCC1(C)CN(C(C)COC)C(c2cccs2)C[NH2+]1
8893,8893,Cc1onc(c2ccc(Cl)cc2)c1c1cnc(CCC(C(=O)[O-])c2ccccc2)o1
8894,8894,CCc1cnc(CNC(=S)NCC(C)C)o1
8895,8895,CCCCc1nc2ccc(NC(=O)NC3CC[NH+](C)CC3)cc2n1Cc1ccc(c2ccccc2C(=O)[O-])cc1
8896,8896,CC[NH2+]C(C)c1nnc(N(CCC(C)C)C2CC2)o1
8897,8897,CCC1CCC([NH2+]C2CC(c3ccc(OC)cc3)C2)CC1
8898,8898,COc1ccccc1CCNC1(C#N)CCC1
8899,8899,C[NH2+]C(CC1CC1)c1cc(F)c(Cl)cc1F
8900,8900,CC(C)c1ccc(C(NC(=O)CNC(=O)c2ccc(C(C)(C)C)cc2)C(C)C)cc1
8901,8901,C=CCCCCOC(=O)C1C2SC3(CC2Br)C1C(=O)N(C(CO)c1ccccc1)C3C(=O)N(CC=C)c1ccccc1Cl
8902,8902,O=C([O-])CC1CN(Cc2ccccn2)C1
8903,8903,CCCCCOc1ccc(C([O-])=C2C(=O)C(=O)N(CCC)C2c2ccc(F)cc2)cc1C
8904,8904,Cc1ccc(NC(=O)C2(C#N)CCCC2)cc1Br
8905,8905,CCCCN(CC)C(=O)c1ccc(OC)c(NS(=O)(=O)c2ccc(OCC)c(F)c2)c1
8906,8906,CC(C)n1ncc2c(=O)n(CC3CCCS3(=O)=O)cnc21
8907,8907,CC[NH2+]C(c1ccc(C)c(C)c1)c1cc(F)ccc1OC
8908,8908,O=C([O-])C(O)c1cc(C(F)(F)F)nc(C(=O)C2COC(c3cc(F)c(F)c(F)c3F)O2)c1
8909,8909,O=C([O-])N1CCCCC12CCOCC2
8910,8910,CCn1nc(C(C)(C)C)cc1NC(=O)NC1C=CC(C(=O)[O-])C1
8911,8911,O=C(c1ccc(I)cc1)N1CC2C[NH2+]CC2C1
8912,8912,CC1CC(C)CN(c2cnccc2C[NH3+])C1
8913,8913,Cc1nc(SC(C)c2nn[n-]n2)n[nH]1
8914,8914,Cc1ccc(CNc2ccc(NC(=O)C3CC3)cn2)cc1
8915,8915,COc1cc(N2CCN(C(=O)Cc3cccc(F)c3)CC2)nc(OC)n1
8916,8916,C=CC(=O)OCC1CCCCC1=O
8917,8917,COc1ccc(C)cc1C(C)[NH2+]C1CCc2cc(Br)ccc21
8918,8918,O=C(Nc1cnccn1)C1(O)CC1
8919,8919,CCOC(=O)C1=CC(C(=O)OC)C(C2C=CCCC2)C([N+](=O)[O-])(C(F)(F)F)N1
8920,8920,Cc1ccc(N2C(=O)C(=Cc3ccccc3OCc3ccc(C(=O)[O-])cc3)NC2=S)cc1C
8921,8921,CCCCC(CC(C)OCC)NN
8922,8922,Cn1nccc1C1OCCC1C(=O)NCC1(c2ccc(Cl)cc2)CCOCC1
8923,8923,CCc1ccc(C(C[NH3+])N(C)C2CC(C)SC2)cc1
8924,8924,COc1ccc(N=Nc2ccc(OCCOCCOCCO)cc2)cc1
8925,8925,FC(F)(F)CN1CCC(Br)C1
8926,8926,COCCNCC[NH2+]Cc1c(F)ccc(Br)c1F
8927,8927,COCCNC(=O)C[NH2+]CCOCC[NH+](C)C
8928,8928,CC1CN(C(=O)NCc2nnc(C3CC3)o2)CCS(=O)(=O)C1
8929,8929,Cc1c(NC(=O)CCNC(=O)C2CC[NH+](C(C)C(=O)Nc3ccc(Cl)c(C(N)=O)c3)CC2)cccc1C(=O)Nc1cc(F)ccc1F
8930,8930,O=C([O-])c1cn(Cc2ccsc2)ccc1=O
8931,8931,CCOP(=O)(OCC)C(CC(=O)c1ccccc1)c1ccccc1
8932,8932,CC(=O)NC(CC(=O)Nc1ccccc1C(=O)NCc1ccccc1)c1ccc(C)cc1
8933,8933,O=C(C1CCN(c2ccc(Cl)cc2[N+](=O)[O-])CC1)N1CCCC1
8934,8934,CC1CN(C(=O)C2CCCCS2(=O)=O)CC(c2ccccc2)O1
8935,8935,COc1cc(Br)ccc1C=CC(=O)c1ccc(F)cc1
8936,8936,CC1CN(C(=O)c2coc(NC(=O)C3CC3)n2)CCC1C(=O)[O-]
8937,8937,O=C(NN=Cc1cc(Cl)cc(Cl)c1O)C1CCC1
8938,8938,COc1ccc(CCNC(=O)c2ccc(c3cccc(C)c3)o2)cc1OC
8939,8939,O=C(CC1COCC[NH2+]1)NCc1cncs1
8940,8940,CC(C)CCOCC[NH2+]C(C)c1cccc(F)c1
8941,8941,Cc1cc(C(=O)N2CCCC2)ccc1NC(=O)C[NH+]1CCC(C(=O)NC(C(=O)Nc2cccc(C(=O)Nc3ccccc3)c2C)C(C)C)CC1
8942,8942,Nc1ccc(Sc2n[nH]c(Cc3ccccc3)n2)cn1
8943,8943,O=C(c1cnccn1)N1CCC2(CC1)OCc1cc(C3CC3)ccc12
8944,8944,COc1ccc(C[NH+](CCO)Cc2ccncc2)cn1
8945,8945,CC(=O)Nc1cccc(NC(=O)CCNC(=O)C2CC[NH+](CC(=O)Nc3ccc(Cl)c(C(=O)N4CCCC(C)C4)c3)CC2)c1
8946,8946,CC(=O)NCCNC(=O)c1cc(N)cc(F)c1F
8947,8947,CC(C)(C(O)c1cccc(Br)c1)[NH+]1CCCCCC1
8948,8948,Cc1nc(C2CCCN(C(=O)c3ccc(C#N)cn3)C2)no1
8949,8949,O=c1c2ccccc2c(c2nc3nc(Br)ncc3[nH]2)cn1CC1CC1
8950,8950,COc1ccc2c(c1)c(C=C1C(=O)NC(=S)N(c3ccc(C(=O)Oc4ccc(C(=O)OC(C)C)cc4)cc3)C1=O)c(C)n2S(=O)(=O)c1ccccc1
8951,8951,Cc1nn(c2ccccc2C)c(N(C)S(=O)(=O)c2ccc(C(C)C)cc2)c1C
8952,8952,O=C(NC(c1ccncc1)c1ncccc1F)c1ccccc1
8953,8953,CCn1c(CBr)nnc1C1C(C)(C)C1(C)C
8954,8954,CC(C)c1cc([N+](=O)[O-])cc(C(C)C)c1NO
8955,8955,Cc1ccc(c2ccn3c(=O)c(C(=O)Nc4ccc(C)c(C)c4)nnc3c2)cc1
8956,8956,CC1CN(C(=O)c2cccc(N)n2)CCS1
8957,8957,COc1ccc(c2n[nH]c3c2C(c2ccc(OC)cc2)N(CCc2ccccc2)C3=O)cc1
8958,8958,Cn1ccnc1C[NH+](C)Cc1ccccc1C#CCCO
8959,8959,CNc1ncc(Br)c(N2CCCCCC2)n1
8960,8960,COc1ccc(C(O)CNC(=O)C2CCC(C[NH3+])CC2)cc1
8961,8961,CCOC(=O)c1nn(c2nc(C)c(CCc3ccco3)s2)c(=O)c2c(NC(=O)c3cccc(C)c3)scc12
8962,8962,Cc1ccc(N2CCN(C(=O)CCCc3nc(C)cs3)CC2)cc1
8963,8963,Cc1ccc([N+](=O)[O-])c(NCCC(C)C)n1
8964,8964,CCCS(=O)(=O)N(CC(=O)NN=Cc1ccc(OCC(=O)N2CCOCC2)cc1)c1ccc(Br)cc1
8965,8965,CCCCN1C(=O)c2[nH]nc(c3ccc(OC)cc3)c2C1c1ccc([N+](=O)[O-])o1
8966,8966,Cc1oc(c2ccccc2)nc1COc1ccc(C=NNC(=O)c2cccnc2)cc1
8967,8967,C=CC(C)(CCC=C)[NH+]1CCCCC1
8968,8968,COc1cnccc1C([NH3+])C1CSCCS1
8969,8969,COc1ccc(c2nnc(C3(C)CCCC3)o2)cc1N
8970,8970,CC[NH2+]Cc1ccccc1OCc1ccc(F)cc1F
8971,8971,CC(C)([NH3+])Cc1nc(C2CCC2)no1
8972,8972,CCOc1ccc(Nc2nc(C)cc(Nc3ccccc3C(=O)OC)n2)cc1
8973,8973,O=C(CNc1cc(F)cc(F)c1)NN=Cc1cc(Cl)c(OCc2ccccc2F)c(Cl)c1
8974,8974,[NH3+]C(CCO)c1cc(I)c(OCc2ccccc2)c(I)c1
8975,8975,[NH3+]CC1(CC(=O)N2CCCC2c2cccnn2)CCCC1
8976,8976,C[NH2+]C(CN(C)CC(C)(C)C)c1cccc(F)c1
8977,8977,CC[N+](C)(C)CCOC(=O)C(C)Br
8978,8978,CCCc1ccc(C(=O)CSc2nc3ccccc3c(=O)n2CCC)cc1
8979,8979,CCCC[NH2+]CC(O)COc1ccccc1
8980,8980,CC1CCCN(C(=O)C2CCc3[nH]c4ccc(Br)cc4c3C2)C1
8981,8981,COc1ccc(CCNS(=O)(=O)c2ccc3c(c2)CCCC(=O)N3)cc1OC
8982,8982,CS(=O)(=O)NCCc1ccccn1
8983,8983,CS(=O)(=O)N1CCCC(CNC(=O)NCC2CC3C=CC2C3)C1
8984,8984,CC1CCN(C(=O)c2ccccc2NC(=O)CCc2c[nH]c3ccccc23)CC1
8985,8985,CC(C)(C)c1ccc(C(CNC(=O)Nc2ccc(OC(F)(F)F)cc2)c2c[nH]c3ccccc23)cc1
8986,8986,[NH3+]C(Cc1ccncc1)c1cc(F)ccc1Cl
8987,8987,N#Cc1nc(N2CCC(n3cnc4c(N)ncnc43)CC2)ccc1C(F)(F)F
8988,8988,O=C1NC(=O)C2C1C(c1cccc(Br)c1)C2Br
8989,8989,CC1C[NH+](CC2CC[NH+](Cc3ccc(Cl)nc3)CC2)CC(C)O1
8990,8990,CC[Si](CC)(OC1CC2CCC1(C)C2(C)C)c1ccccc1
8991,8991,CC(C)(C)C1C=CCC(NS(=O)(=O)c2ccccc2)(S(=O)(=O)c2ccccc2)CC1
8992,8992,Cc1ccc(c2cc(CC(=O)N3CC(C)CC(C)C3)no2)cc1
8993,8993,CC(C)NC(=O)c1ccc(Cl)c(NC(=O)CNC(=O)C2CC[NH+](C(C)C(=O)Nc3ccc(C(=O)N4CCOCC4)cc3C)CC2)c1
8994,8994,CC(C)CC(NC(=O)C(CO)NC(=O)C(Cc1cnc[nH]1)NC(=O)C(Cc1ccccc1)NC(=O)C(Cc1ccccc1)NC(=O)C(C)NC(=O)C(Cc1ccccc1)NC(=O)C(Cc1ccccc1)NC(=O)C(C)NC(=O)C(Cc1ccccc1)NC(=O)C([NH3+])Cc1ccccc1)C(=O)NC(CCCC[NH3+])C(=O)NC(CCC(=O)[O-])C(=O)N1CCCC1C(=O)NC(CC(C)C)C(=O)NC(CS)C(=O)NC(CC(=O)[O-])C(=O)NC(Cc1ccc(O)cc1)C(=O)N1CCCC1C(=O)NC(C(=O)NC(Cc1cnc[nH]1)C(=O)NC(Cc1ccccc1)C(=O)NC(Cc1ccccc1)C(=O)NC(C(=O)NC(Cc1cnc[nH]1)C(=O)NC(CCCC[NH3+])C(=O)NC(CO)C(=O)NC(C)C(=O)NC(CCCC[NH3+])C(=O)[O-])C(C)C)C(C)O
8995,8995,Cc1cc([N+](=O)[O-])ccc1NC(=O)NCc1nncn1C
8996,8996,Cc1cc(C(=O)N2CCC(c3[nH]nc4cnc5ccc(c6cnn(C)c6)cc5c34)CC2)n[nH]1
8997,8997,O=C1OC2(CCN(C(=O)N3CCCC(O)C3)CC2)c2ccccc21
8998,8998,CC1CC[NH+](C2=C(c3ccccc3)C(=O)N(Cc3cccc(F)c3)C2=O)CC1
8999,8999,Cc1cc(N2CCOC(c3nnc(C[NH+]4CCOCC4)o3)C2)n2ncnc2n1
9000,9000,CCOP(=O)(OCC)C(O)(OC(=O)C(F)(F)F)C(F)(F)C(F)(F)F
9001,9001,O=C(Nc1cc(S(=O)(=O)N2CCCCCC2)ccc1N1CCCC1)c1ccccc1Cl
9002,9002,C=CCn1c(SCC(=O)c2ccc(Br)s2)nnc1C1CC1
9003,9003,COc1ccc(NC(=O)C(=O)NCCCO)cc1Cl
9004,9004,O=C([O-])C=CC(=O)NCCC(=O)N1CCCCC1
9005,9005,N#Cc1ccc(C2CCCOC2)cc1
9006,9006,[NH3+]Cc1ccc(COCCC2CC2)cc1
9007,9007,Cc1cc(F)cc(c2nc(Cl)c3c(n2)CCCCC3)c1
9008,9008,Cc1nc(Nc2ccc(NC(=O)c3ccccc3)cc2)cc(N2CCCC2)n1
9009,9009,COc1ccccc1C1(CNC(=O)CSc2nnnn2C)CC1
9010,9010,Cc1cc(CC(Cc2cc(F)ccc2F)NN)ccc1O
9011,9011,Cc1cc(NC(=O)C2CCCN2C(=O)C2CC[NH+](C(C)C(=O)Nc3ccc(C(=O)NCc4ccc(F)cc4)cc3C)CC2)ccc1NC(=O)c1ccccc1F
9012,9012,O=C([O-])c1c(C(F)(F)F)[nH]n2c(=O)cc(c3ccc(Oc4ccccc4)cc3)nc12
9013,9013,O=P(CC1CC[NH2+]CC1)(c1ccccc1)c1ccccc1
9014,9014,O=C([O-])c1cc2cnn(Cc3cccnc3Cl)c2nc1C(F)(F)F
9015,9015,CSCCC(C)N(C)C1CCC[NH2+]C1
9016,9016,CCCCNC(=O)N1CCn2cccc2C1c1ccccc1C
9017,9017,CCc1ccc(C[NH+](C)CC2C[NH2+]CC2C)cc1
9018,9018,COCC(=O)Nc1c(C(=O)Nc2ccc(C)cc2)oc2ccccc12
9019,9019,CCC(C)C([NH3+])C(=O)NC(CC(=O)[O-])C(=O)NC(C)C(=O)NC(C(=O)[O-])C(C)C
9020,9020,Cc1ccc(N2C(=O)C(=Cc3ccc(COc4ccc(Br)cc4)o3)C(=O)NC2=S)cc1
9021,9021,CC1CCCCC1Nc1ncc(C(=O)Nc2cccc(C(F)(F)F)c2)cn1
9022,9022,Cc1noc(c2ccc(NC(=O)c3cc(C4CC4)nc4c3cnn4C(C)C)c(C)c2)n1
9023,9023,CNc1cc(Oc2ccccc2I)nc(C(F)(F)F)n1
9024,9024,CC[NH2+]C(c1ccc(F)c(F)c1F)c1nccs1
9025,9025,CC(C)(C)OC(=O)C1CCC(c2nc(c3ccccc3)c(c3ccccc3)[nH]2)CC1
9026,9026,O=C(NCc1ncc[nH]1)c1ccc2c(c1)COC2
9027,9027,O=C1C(c2cccc(NS(=O)(=O)c3ccccc3)c2)=C(c2c[nH]c3ccccc23)C(=O)N1CC1CCCO1
9028,9028,COc1ncc(c2cc3c(cc2C)C(C)(C)C=C3)cn1
9029,9029,COCC(C)NC(=O)C[NH+]1CCN(S(=O)(=O)c2ccc3c(c2)OCCO3)CC1
9030,9030,Cc1nc(Sc2ncc(N)cn2)oc1C
9031,9031,CCOC(=O)c1cc(Br)cnc1NC
9032,9032,CCOC(=O)c1nnsc1NC(=O)N1C2CCC1COCC2
9033,9033,CSC(=NC#N)Nc1ccc(CC(=O)Nc2cncnc2)cc1
9034,9034,CCCCn1c(C)c(C=CC(=O)OCC(=O)c2cc(C)n(c3ccc(Cl)c(Cl)c3)c2C)c2ccccc21
9035,9035,O=C(NCC(F)(F)F)C(=O)NCC(O)c1ccsc1
9036,9036,COC(=O)c1ccc(C(=O)OC)c(NC(=O)C2CCCN2C(=O)c2ccc(C(N)=O)cc2)c1
9037,9037,Fc1cc(OCC(F)CBr)ccc1F
9038,9038,COc1ccccc1S(=O)(=O)Nc1ccc(N2CCCC2=O)nc1
9039,9039,COc1ccc(c2csc(=Nc3ccccc3OC)n2NC(=O)c2ccc(Br)o2)cc1
9040,9040,C[N+](C)(CCC(P([O-])[O-])P(=O)([O-])[O-])CCCCCC(=O)NCc1ccccc1
9041,9041,Cc1cc(Cl)ccc1C(=O)N1CCCN(C(=O)c2ccc3c(c2)OCO3)CC1
9042,9042,Cn1c(N)c(C(=O)C[NH+]2CCN(c3cc(Cl)ccc3Cl)CC2)c(=O)n(C)c1=O
9043,9043,CC(NC(=O)NC(C)c1nccs1)c1nc(C(=O)[O-])cs1
9044,9044,O=C(NCc1cccc(Cl)c1F)c1cnns1
9045,9045,CCCCNC(=O)CN1C(=O)CCc2cc(S(=O)(=O)N3CCCC3)ccc21
9046,9046,Cc1ccc(C[NH2+]CC2(CO)CCC2)s1
9047,9047,Cc1cc(Br)cc(Cl)c1NCc1ccoc1
9048,9048,CC(C)c1c(C=O)nnn1Cc1ccccc1Cl
9049,9049,CC(C)(C)[NH+]1CCC(NC(=O)c2cn(CC[NH3+])nn2)CC1
9050,9050,CCOc1cncc(C2=CCC(CCc3cc(F)c(CC)c(F)c3)CC2)c1
9051,9051,COC(=O)C(c1ccccc1)n1cc(C)c(=O)[nH]c1=O
9052,9052,CC1C[NH+](C(C(=O)Nc2ccn(Cc3ccc(Cl)cc3)n2)C(C)C)CC(C)O1
9053,9053,O=C([O-])N1CCCc2cc(c3cccnc3)c(I)cc21
9054,9054,CCOC(=O)c1cccc(N)c1N1CCC(C)CC1
9055,9055,Cc1c(C)c(C)c2c(c1C)CCC(C)(C)O2
9056,9056,CCc1cc(C(=O)Nc2ccc(C#N)cc2)n(C)n1
9057,9057,C=CCC([NH2+]CC)c1c(OC)cccc1OC
9058,9058,N#Cc1ccc(N2CCCN(C(=O)C3CCC[NH2+]3)CC2)nn1
9059,9059,O=C([O-])CCCCCNC(=O)NCC1CCCO1
9060,9060,O=C([O-])c1ccc([N+](=O)[O-])c(Oc2ccc(CO)cc2)c1
9061,9061,O=S1(=O)CCCCC1CNc1ccnc(C2CC2)n1
9062,9062,NC(=[NH+]O)c1cc(C[NH+]2CCc3ccccc3C2)on1
9063,9063,COc1ccc(CN(Cc2ccc(OC)cc2)C(=S)Nc2cc(F)cc(F)c2)cc1
9064,9064,Cn1nccc1C1C([NH2+]Cc2cccnc2N2CCOCC2)CC(=O)N1C1CC1
9065,9065,CC1CC(C)N(c2nc(c3ccc(Cl)cc3)ns2)C1
9066,9066,Cc1nnc(c2cn(C3Cc4ccccc4C3)cn2)o1
9067,9067,CC(=O)c1cccc(N2C(=O)NC(=O)C(=Cc3cc(OC)c(OCc4cccc(C(=O)[O-])c4)cc3Br)C2=O)c1
9068,9068,CCCC=C=CCP(=O)([O-])C(CC(=O)[O-])C(=O)[O-]
9069,9069,CC1OB(c2ccc(c3ccc(c4cc(F)c(F)cc4F)cc3)cc2)OC1(C)C
9070,9070,CSCCNc1cc(C(F)(F)F)nc(NC(C)C)n1
9071,9071,COc1ccc(n2nnn(C)c2=O)c(F)c1
9072,9072,N#Cc1ccc(NCC2CCCCN2)c(F)c1Br
9073,9073,COC1=CC(=O)CC([Si](C)(C)O)=C1
9074,9074,CC(C)C(=O)OCC#CCS
9075,9075,O=c1c2ccccc2[nH]c(=S)n1C1CCOCC1O
9076,9076,O=C([O-])CCCCCNC(=O)c1cscn1
9077,9077,Cc1ccc(C(Cl)C2CCOC3(CCC3)C2)c2ccccc12
9078,9078,Cc1cc(CC2CN(C(=O)c3cccc(C(=O)NC(C)C)c3)CC2O)on1
9079,9079,FC(F)=C(F)CC(F)(F)C(F)(F)C(F)(F)C(F)(F)C(F)(F)C(F)(F)F
9080,9080,CC(=O)Nc1cc(NC(=O)c2cc(C)sn2)ccc1Cl
9081,9081,C=CC[N+](CC)(C(C)=O)S(=O)(=O)c1ccc(C)cc1
9082,9082,Cc1ccc(C2c3c(oc4ccc(F)cc4c3=O)C(=O)N2Cc2ccc3c(c2)OCO3)o1
9083,9083,Nc1ccn(C2OC(COP(=O)([O-])OP(=O)([O-])OP(=O)([O-])[O-])C(O)C2O)c(=O)n1
9084,9084,CCCc1ccc(S(=O)(=O)Nc2ccccc2C(=O)NC(C)c2ccccc2)cc1
9085,9085,Fc1ccc(CCNc2cc(c3ccccc3Cl)ncn2)cc1
9086,9086,Cc1cc(Cl)ccc1C[NH2+]CCc1ccc(Cl)s1
9087,9087,CC(C)CC1COCCN1c1cncc(CCl)n1
9088,9088,CCCCN(CC(=O)N1CCCN(c2ccc(c3ccc(C)cc3)nn2)CC1)C(=O)Nc1ccc(F)cc1
9089,9089,CC(F)C(C)(C)O
9090,9090,COc1cc(Nc2nc(C)ns2)ccc1NC(=O)C[NH+]1CCCCCC1
9091,9091,Cc1cc(C)cc(N(C)CC2(CBr)CCCC2)c1
9092,9092,O=C1Nc2ccccc2OC1C1=NS(=O)(=O)c2ccccc21
9093,9093,C=CCN(CC=C)S(=O)(=O)c1ccc(C(=O)N(CC[NH+]2CCOCC2)c2nc3c(C)cc(C)cc3s2)cc1
9094,9094,CC1CN(S(=O)(=O)C2CN(C(=O)Cn3cnnn3)C2)CC1C(=O)[O-]
9095,9095,Cn1c2c(c3cnccc31)C(=O)N(CC(=O)Nc1ccc(C(N)=[NH2+])cc1)C2
9096,9096,COc1ccccc1C(=O)Nc1nnc(CC(C)C)s1
9097,9097,CC(=O)c1cc(CCl)c(OC(F)(F)F)nc1[N+](=O)[O-]
9098,9098,C=CCCCC([NH2+]CCC)C1CN(C)CCN1C
9099,9099,CCc1cc(CC)c(C(Cl)c2cc(Br)ccc2Cl)c(CC)c1
9100,9100,CC(=O)Nc1ccc(NC(=O)CSc2nccn2Cc2ccccc2)cc1Cl
9101,9101,Cn1c2ccccc2c2ccc(c3ccc(N(c4ccc(c5ccccc5)cc4)c4cccc(c5ccccc5)c4)cc3)cc21
9102,9102,CC(C)(C)NC(=O)N1CCc2c([nH]c(N3CCCCCC3)nc2=O)C1
9103,9103,COc1ccccc1c1nnc(SCc2nc(N)nc(N(C)C)n2)o1
9104,9104,CC(Cl)c1nc2cc(I)ccc2n1c1ccoc1Br
9105,9105,CCCc1cccc(C2[NH2+]CCc3cc(F)cc(F)c32)c1
9106,9106,C=CCNC(=O)CN1CN(c2ccccc2)C2(CC[NH+](Cc3ccccn3)CC2)C1=O
9107,9107,Cc1nc2c3c(ccc2n1C1CCN(C(=O)[O-])C1)c(=O)c1c(Cl)cnn1C3
9108,9108,Cc1cc(C)c(S(=O)(=O)NCC2(Cn3cccn3)CCCC2)n1C
9109,9109,Cc1[nH]ncc1CNS(=O)(=O)c1cccc(F)c1[N+](=O)[O-]
9110,9110,CC1CC(C)C(C)[NH+](Cc2ccc(C#N)cc2)C1
9111,9111,CSCCCCNc1ncc(C(=O)[O-])cc1N
9112,9112,COc1ccc(S(=O)(=O)NC2CC2C)cc1F
9113,9113,CCC1(C)C(Br)CC1Oc1ccc(C(C)C)cc1
9114,9114,COCCN(CCO)C(=O)c1cccc(C#CCCO)c1
9115,9115,Cn1c(=O)oc2cc(C(O)CSc3nc4ccccc4c(=O)n3c3cccnc3)ccc21
9116,9116,O=C([O-])C(NS(=O)(=O)Cc1ccccc1F)c1ccccc1
9117,9117,CCCCCC=CCC=CCCCCCCCC(=O)OCC(COC(=O)CCCCCCCC=CCCCCCCCC(=O)[O-])OC(=O)CCCCCCCCCCCCCCC
9118,9118,Cc1cc(C)c2[nH+]c(CC[NH3+])cn2c1
9119,9119,CCOC(=O)c1ccc(N2CCN(C(=O)c3cc(c4ccccc4)no3)CC2)nc1
9120,9120,CCOC(=O)N1CCC(Nc2cnc(C(=O)Nc3ccccc3C)cn2)CC1
9121,9121,CCOc1c(C(C)[NH3+])cc(Cl)c2c1CCC2
9122,9122,CCCCN1C(=O)[NH+]=C(N)C1c1ccnn1C
9123,9123,Cc1ccc(c2cc(c3cc(C(F)(F)F)nn3C)c3c(N)ncnn23)cc1
9124,9124,Cc1cc(N(C)CCC#N)nc(c2ccc([N+](=O)[O-])o2)n1
9125,9125,O=C(CN(c1ccccc1)S(=O)(=O)c1ccc(SCc2cccnc2)cc1)NCC1CCCO1
9126,9126,COc1ccc(C(=O)N2CCc3[nH]c4ncc(C)cc4c3C2)cc1
9127,9127,O=C(C=Cc1ccc(OC(=O)c2ccc(Br)o2)cc1)c1cc(Cl)ccc1Cl
9128,9128,CCCCN(CC(F)(F)F)C(=O)C1Cc2ccccc2C1
9129,9129,CCOc1cccc(N)c1c1nc(C)cs1
9130,9130,Cc1ccc(C(O)(CC(=O)NCc2ccccn2)C(F)(F)F)o1
9131,9131,CC(Sc1ncn(c2ccccc2)n1)C(=O)NCCc1cccs1
9132,9132,CC1CN(c2cc3c(cc2Br)-c2c(noc2c2ccc(F)cc2)CO3)CCO1
9133,9133,Cc1ccc(OC(C)C(=O)NCc2nc(C3CC3)n[nH]2)cc1
9134,9134,Cn1cncc1C[NH+]1CCOC(C(N)=S)C1
9135,9135,CCC(C)C([NH3+])C(=O)NC(CCC(N)=O)C(=O)NC(C(=O)[O-])C(C)CC
9136,9136,O=C1c2ccccc2C(=O)c2c1ccc1ccccc21
9137,9137,Cc1ccc(S(=O)(=O)N(CC(=O)N(Cc2ccc(Cl)c(Cl)c2)C(Cc2ccccc2)C(=O)NC2CCCCC2)c2ccc(C)c(Cl)c2)cc1
9138,9138,Cc1ccoc1C1C(C[NH3+])CC[NH+]1C
9139,9139,CC[NH2+]C(Cc1cncs1)c1c(F)cc(F)cc1F
9140,9140,Cc1cc(F)cc(C)c1c1cc(F)cc2[nH]c(c3[nH]nc4ccccc43)nc21
9141,9141,CCCC(CCC)(C[NH2+]C)c1ccccc1Cl
9142,9142,CCc1cc2c(=O)n(CC(=O)Nc3ccc(C)c(Cl)c3)cnc2s1
9143,9143,N#Cc1nc(c2ccco2)n(CCCC#N)c1Sc1ccccc1
9144,9144,O=C(CC[NH+]1CCOCC1)N1CCC2(CC(n3nc(c4ccc(OC(F)(F)F)cc4)c4c(N)ncnc43)C2)C1
9145,9145,O=C1OC2CCC3(CC2)c2c([nH]c4ccc([N+](=O)[O-])cc24)C13
9146,9146,CCn1c(C2CCCN2C(=O)Nc2ncc(Cc3ccco3)s2)nc2ccccc21
9147,9147,C=C(C)COCCNc1cc(OC)c(Cl)cc1N
9148,9148,N#Cc1cc2ccccc2nc1SCc1ccc(Br)s1
9149,9149,CC(C)Cc1[nH]c(=O)c(CC(=O)[O-])c(C)c1CCC(=O)[O-]
9150,9150,CC(C)COCCNC(=O)Nc1cn[nH]c1
9151,9151,C[Si](C)(C)C#Cc1ccnc(c2ccnc(c3ccc(c4nc(c5ccccc5)nc(c5ccccc5)n4)cc3)c2)c1
9152,9152,CCC(C)C(NC(=O)C(CO)NC(=O)C(Cc1ccccc1)NC(=O)CNC(=O)C([NH3+])Cc1c[nH]c2ccccc12)C(=O)NC(Cc1c[nH]c2ccccc12)C(=O)NC(Cc1c[nH]c2ccccc12)C(=O)NC(CCCC[NH3+])C(=O)NC(CC(C)C)C(=O)NC(Cc1ccccc1)C(=O)NC(CCC(N)=O)C(=O)NC(C(=O)NC(CC(=O)[O-])C(=O)NC(C(=O)NC(Cc1ccccc1)C(=O)N1CCCC1C(=O)NC(CCC(N)=O)C(=O)NC(CCCNC(N)=[NH2+])C(=O)NC(CCCNC(N)=[NH2+])C(=O)NCC(=O)NC(CC(C)C)C(=O)NC(CCCC[NH3+])C(=O)NC(C(=O)NC(CC(C)C)C(=O)NC(CCCNC(N)=[NH2+])C(=O)NC(CCCNC(N)=[NH2+])C(=O)NC(CC(C)C)C(=O)NC(Cc1ccc(O)cc1)C(=O)[O-])C(C)CC)C(C)CC)C(C)O
9153,9153,Cc1cc(F)ccc1NC(=O)c1ccc(NC(=O)C(C)NC(=O)C2CC[NH+](C(C)C(=O)Nc3cc(C(=O)NC4CCCCC4)ccc3C)CC2)cc1
9154,9154,O=c1ccc(S(=O)(=O)Nc2cnc(Br)cn2)c[nH]1
9155,9155,CCc1cc(NC2CC[NH+](CCOC)CC2)ncn1
9156,9156,O=C(CN1C(=O)COc2ccc([N+](=O)[O-])cc21)NCCc1c[nH]c2ccccc12
9157,9157,CC(C)(C)c1ccc(CCC(=O)NCC2(C[NH+](C)C)CCOCC2)cc1
9158,9158,COc1ccc(Cl)cc1S(=O)(=O)N(CC(=O)Nc1cccc(C)c1)c1ccccc1
9159,9159,CCc1ccsc1C(=O)N(C)CC1COc2ccccc2O1
9160,9160,O=C(C1COc2ccccc2O1)N1CCCCC1
9161,9161,CC(C)(C)c1ccc(C2CC(=O)N(CC(=O)NCC3CCCO3)C(=O)N2)cc1
9162,9162,CCn1nc(C)cc1C(=O)N(CCC(=O)[O-])CC(C)C
9163,9163,Cc1ccc(NC(=O)N(CCC(=O)N2CCC(NS(=O)(=O)c3ccccc3)CC2)Cc2ccc(F)cc2)cc1
9164,9164,COc1ccc2c(c1)N(CCC(=O)Nc1ccn(C)n1)C(=O)CO2
9165,9165,CCC(C)C(=O)Nc1cnn(CC(=O)NCc2ccc(C)cc2)c1
9166,9166,Cc1ccsc1C(Br)c1ccc(I)cc1
9167,9167,COc1ccc(NC2=[NH+]c3ccc(Br)cc3C(c3cnc[nH]3)=N2)cc1
9168,9168,CCCc1cc(O)cc2scc(CO)c12
9169,9169,[NH3+]C(C(=O)[O-])c1cccc(C[NH+]2CCCC2)c1
9170,9170,CCOC(C1CCC(C)N(C(=O)OC(C)(C)C)C1)[N+](=O)[O-]
9171,9171,CCOC(=O)c1cc(CC#N)ccc1OS(=O)(=O)C(F)(F)F
9172,9172,CCCCC#CC=CC=CC(CCCC)CC(=O)[O-]
9173,9173,CC(C)[NH+]1CCCC1c1ncc2[nH]nc(NC(=O)c3cnccn3)c2n1
9174,9174,Cc1nsc(N2CCN(C(=O)NC3CCCOC3)CC2)n1
9175,9175,O=C1COc2cc(c3cn4cccnc4[nH+]3)ccc2N1
9176,9176,CCOC(=O)c1sc2ncnc(NCc3ccco3)c2c1C
9177,9177,Cc1ncc(S(=O)(=O)N2CCN(C(=O)Cn3ncc4c(=O)n(Cc5ccc(F)cc5)ccc43)CC2)s1
9178,9178,CCC(C)C(NC(=O)C([NH3+])Cc1ccccc1)C(=O)NC(CCC[NH+]=C(N)N)C(=O)NC(CCCC[NH3+])C(=O)[O-]
9179,9179,COc1ccccc1N(CC(=O)NN=Cc1ccc(OCc2cccc([N+](=O)[O-])c2)c(Br)c1)S(=O)(=O)c1ccc(C)cc1
9180,9180,COc1ccc(S(=O)(=O)N(C)c2ccccc2C(=O)NCc2cccnc2)cc1
9181,9181,CC(=O)Nc1ccc2nc(NS(=O)(=O)c3ccc(F)c(C)c3)sc2c1
9182,9182,Cc1cc(O)c(C(C)C)cc1C1(O)CCC1
9183,9183,CC(=O)N(CCC(=O)NCc1ccc(F)cc1)c1ccc(C(C)C)cc1
9184,9184,CC(C)C(=O)NCCNC(=O)COc1cccc(Cl)c1
9185,9185,COc1cc(Nc2ncc(C#N)cc2C#N)c(Br)cc1Cl
9186,9186,C=CC[NH2+]C(c1ccc(F)cc1)c1ccc(F)cc1F
9187,9187,CCOc1ccc(C([O-])=C2C(=O)C(=O)N(c3ccc(C(=O)OCC(C)C)cc3)C2c2cccs2)cc1C
9188,9188,CCCCC(C)CC(C)CCC(C)CC
9189,9189,Fc1cc(Br)cc(CN2CC3CCCC(c4nn[n-]n4)C3C2)c1
9190,9190,CCc1ccc(C2NC(=O)N(CCOC)C(C)=C2c2nc(c3cccc(C)c3)no2)cc1
9191,9191,CCCC(O)CNC(=O)c1cc(Br)ccc1N
9192,9192,Cc1ccc(SC(c2ccco2)C(C)[NH3+])cc1C
9193,9193,CC(C)(C)[NH2+]Cc1ccn(Cc2cccc(Br)c2F)c1
9194,9194,C=CCc1cccc(C(=O)C=Cc2cc(C)cc(C=C)c2)c1O
9195,9195,CCCC(C)COc1ccc(F)cc1CBr
9196,9196,O=C(CCCc1cccs1)NCc1ccc(C[NH+]2CCOCC2)cc1
9197,9197,CC(=NNC(=O)C(=O)Nc1ccc(C)cc1)c1c(N)n(Cc2ccccc2)c(=O)n(C)c1=O
9198,9198,O=C(NCC1(O)COC1)c1cccc(COc2cccc(Br)c2)c1
9199,9199,CC1CCCC(NC(=O)CSc2nnc(NC3CCCCC3)s2)C1C
9200,9200,CC1CC[NH+](Cc2ccnc3cc(C(F)(F)F)ccc23)CC1
9201,9201,CC(C)Sc1ccc(CC(C)[NH3+])cc1
9202,9202,O=C(CCN1C(=O)C2CCCCC2C1=O)Nc1ccc2oc(=O)[nH]c2c1
9203,9203,Cc1ccc(C=C2C(=O)N(C)c3ccccc32)cc1
9204,9204,CC(C)([NH3+])CC(=O)Cc1cn2ccsc2[nH+]1
9205,9205,CCC1(CC)CCN(C(=O)c2ccc(NC)c([N+](=O)[O-])c2)C1
9206,9206,CCC(C)C(OC(=O)Nc1ccccc1)C(=O)ON1C(=O)CCC1=O
9207,9207,COC(=O)c1ccsc1NC(=O)c1cncc(C)c1
9208,9208,CC(=O)Nc1cccc(N2C(=O)C(O)=C(c3ccc(OCC(C)C)cc3)C2c2ccc(Cl)c([N+](=O)[O-])c2)c1
9209,9209,CCOc1ccc(OCCOC(=O)c2ccc(S(=O)(=O)N(C)c3ccccc3)cc2)cc1
9210,9210,CCCCN(CCCC)C(=O)C(C)(C)C(=O)Nc1ccc(NC)cc1
9211,9211,CS(=O)(=O)N(Cc1cccc(C(=O)NO)c1)CC1CC(c2cccs2)=NO1
9212,9212,CCn1c(C2(NS(=O)(=O)c3ccc4c(c3)OCO4)CCCCC2)nc2ccccc21
9213,9213,CCOc1ccc(NC(=O)c2c(C)nn(C)c2C)cc1S(=O)(=O)N(C)C
9214,9214,CCCc1c(NC)ncnc1N(C)C1CCCCC1
9215,9215,O=C(Cc1cccc2ccccc12)N(Cc1ccccc1)C1CCS(=O)(=O)C1
9216,9216,O=c1c(Br)cc(OC(F)(F)F)c[nH]c1=Cc1ccc(N2CCOCC2)cc1
9217,9217,O=C(CN1C(=O)C=CC1=O)Nc1cc(n2cnnn2)ccc1N1CCCCC1
9218,9218,O=C([O-])C1(CCc2ccc3c(c2)CCC3)C[NH2+]CCO1
9219,9219,COc1cc(SC(F)(F)F)ccc1C1C[NH2+]C1
9220,9220,Cc1c(C)c(C)c(S(=O)(=O)N2CCCC2CNC(=O)c2ccnn2C)c(C)c1C
9221,9221,COCC1(C(=O)NCCC(C)C)CCC[NH2+]C1
9222,9222,Cc1ccc(O)c(CNc2nn[n-]n2)c1
9223,9223,COC(=O)C(C)(C)c1nnnn1CC[NH3+]
9224,9224,COCCCNc1cc[nH+]c(C(=O)Nc2ccc(Cl)c(Cl)c2)c1
9225,9225,CCC(C)C(=O)CCc1c(C)cccc1C
9226,9226,CCOc1cncc(C(NC(=O)N2CCC(N3CCc4ccccc4NC3=O)CC2)c2cccs2)c1
9227,9227,CCc1cc(CC)n(Cc2cccc(F)c2)n1
9228,9228,[NH3+]CCc1c(Oc2ccc3c(c2)CCC3)nc2sccn12
9229,9229,COc1ccc(N2CCN(C(=O)c3ccc(n4cc(CO)nn4)cc3)CC2)cc1
9230,9230,[NH3+]C1CCCC(C(=O)[O-])(c2ccc(Cl)c(Cl)c2)C1
9231,9231,COCC(=O)N(CC1CC2CC[NH+]1CC2)C(C)C
9232,9232,C=CCOc1cccc(C=NNC(=O)c2ccc(C)c(Cl)c2)c1
9233,9233,CC1CN(C(C[NH3+])c2ccc(O)cc2F)CCS1
9234,9234,Cc1cc(C)n(CC[NH+]2CCC(C)(O)C(Oc3ccc(C#N)cn3)C2)n1
9235,9235,NC(=[NH2+])SCc1cc(Cl)no1
9236,9236,CCC(C)c1ccc(OCc2ccc(C(=O)Nc3ccccc3SCC#N)cc2)cc1
9237,9237,COc1nc2c(cc1CNC(=O)C1C[NH2+]CC3OCCOC31)CCC2
9238,9238,O=C(Cc1ccccc1Cl)Cc1ccc(Cl)s1
9239,9239,O=C(COc1ccccc1)NCC(c1cccc(F)c1)[NH+]1CCCC1
9240,9240,COc1ccc(CN(C)C(=O)C[NH+]2CCCC(CNC(N)=O)C2)cc1
9241,9241,COc1ccc(NC(=O)CSCC2CCCO2)c(N)c1
9242,9242,O=c1n(CC2CCC[NH2+]2)c2ccccc2n1c1ccccc1
9243,9243,CC(C)c1nnc(N2CCN(c3ccc(Cl)cc3F)CC2)o1
9244,9244,Cc1nnc(N2CCCC2CC(O)c2ccsc2)o1
9245,9245,[NH3+]C(CO)c1nnc(c2cnccc2Cl)o1
9246,9246,Cc1cc(Oc2cccc(C(=O)[O-])c2)nc(Cl)n1
9247,9247,O=C1NC2=C(CCOc3ccccc32)C(c2cccc3ccccc23)=C1F
9248,9248,CC1CN(c2cc(Cl)c(Cl)cc2N)CCO1
9249,9249,[NH3+]CCCCCCC(=O)Nc1cc(Br)ccc1Cl
9250,9250,CCc1ccc(Nc2nccc(c3ccc(N4CCOCC4)c(F)c3)n2)cc1
9251,9251,Cc1cc(Oc2ccc(N)cc2C(=O)[O-])c(C(N)=[NH+]O)c(C)n1
9252,9252,CCOC(=O)c1cnc2n(c1=O)CC1(CCC(=Cc3ccc(OC)cc3)CC1)C2
9253,9253,COc1ccc(C=CC(=O)Oc2ccc3ccccc3c2)c(OC)c1
9254,9254,Cc1ccc(OC(C)C(=O)NCc2ccc(S(N)(=O)=O)cc2)cc1
9255,9255,O=C(CCl)Nc1ccsc1Cl
9256,9256,Cc1cc(N(C)CC2CC2)ccc1C[NH2+]C(C)C
9257,9257,COc1ccc(CNC(=O)CCNC(=O)c2cc(C)cc(C)c2)cc1F
9258,9258,CC(C)c1nc(N)c2c(n1)SCC2
9259,9259,Nc1ccc2cnn(Cc3ccc(F)c(F)c3)c2c1
9260,9260,COc1cc(O)cc(OC)c1NC(=S)Nc1ccc(S(N)(=O)=O)cc1
9261,9261,CC(C)(C)c1ccc(C2C(=C([O-])c3cc(Br)ccc3Cl)C(=O)C(=O)N2c2ccc(Cl)cc2)cc1
9262,9262,COC(=O)c1oc(C(C)Nc2ccc(OC(C)C)cc2)c(C)c1C(=O)OC
9263,9263,Cc1nn(C2CCS(=O)(=O)C2)c(C)c1CCC(=O)N1CCn2c(n[nH]c2=O)C1
9264,9264,COc1cc2c(cc1NC(=O)c1cc(c3cccs3)nc3ccc(Cl)cc13)oc1ccccc12
9265,9265,Cc1cc(C(=O)N2CC(n3cc(c4ccccc4)nn3)C2)c2cnn(C(C)C)c2n1
9266,9266,O=Cc1cn(Cc2ccc(c3ccccc3)cc2)cn1
9267,9267,CC(C)C[NH2+]Cc1cc(Cl)ccc1Sc1cccc(F)c1
9268,9268,Fc1cccc(Cl)c1C1C[NH2+]CCN1
9269,9269,O=C(c1cnn(Cc2ccccc2F)c1)N1CCN(S(=O)(=O)c2cnc3[nH]cccc2-3)CC1
9270,9270,COC(=O)C(C)(CN(C)c1cc(C)cc(C)c1)[NH2+]C(C)C
9271,9271,Cc1c(CC(=O)NCCCBr)c(=O)oc2c(C)c3oc(=O)c(CCC(=O)[O-])cc3cc12
9272,9272,O=C([O-])c1cc(F)cc(NC(=O)c2cc(F)cc(Br)c2)c1
9273,9273,Cn1nc(c2cnn3c2OCCC3NC(=O)NC2CCCCC2)c(Cl)c1Cl
9274,9274,N#Cc1ccc(F)c(C[NH+]2CCC(Cn3cncn3)CC2)c1
9275,9275,CC1CC(C2C[NH2+]CCO2)CO1
9276,9276,CC(=O)Nc1ccc(C)c(N2C(=O)C(Cl)=C(Nc3ccccc3C(F)(F)F)C2=O)c1
9277,9277,CCc1cc(c2ccccc2)c(O)c(C2CCCC2)c1
9278,9278,CCS(=O)(=O)N1CCCc2cc(C(=O)COC(=O)C(C)NS(=O)(=O)c3ccccc3)ccc21
9279,9279,C=CCN1C(=O)C(O)=C(C(=O)C(C)C)C1c1ccc(O)c(OC)c1
9280,9280,CC(=O)NC1C(O)CC(OP(=O)([O-])[O-])(C(=O)[O-])OC1C(OC(=O)NCCCCCC(=O)NCCCCCCCCCCCCCCCCCO)C(O)COC(=O)NCCCCCCCCCCC(=O)[O-]
9281,9281,O=C(CN1CCCN(c2ccccc2)C1=O)Nc1ccc(Cl)c(c2nnc3n2CCCCC3)c1
9282,9282,CCOC(=O)C1=C(C)N(C)C(=S)NC1c1ccc([O-])c([N+](=O)[O-])c1
9283,9283,O=C(Nc1cc([N+](=O)[O-])ccc1Cl)C1CCN(C(=O)C=Cc2ccccc2)CC1
9284,9284,COc1ccc(C[NH+](C)C2CCN(c3cnccc3C)CC2)cc1F
9285,9285,Cc1ccc(SCC(=O)N2CCSC(C)C2C(=O)NCc2ccccc2)cc1
9286,9286,C=C(C=CC)c1ccc(OC)c(c2ccc3c(=O)n(CC(CC)CCCC)c(=O)[nH]c3c2)c1
9287,9287,Cc1cc(C)c2sc(N(CCCn3ccnc3)C(=O)C34CC5CC(CC(C5)C3)C4)nc2c1
9288,9288,COc1cc(NC(=O)C(C)Oc2ccc(C(C)C)cc2)cc(OC)c1
9289,9289,CC(C)C(O)CNC(=O)Nc1ccc2c(c1)OCCO2
9290,9290,Cc1ccc2c(c1)nc(CCCl)n2Cc1cccc(C)c1
9291,9291,CCc1ccc(CN(C)c2ccc(Br)c(C)n2)nc1
9292,9292,CC1CCCC1CNC(=O)NC1CCC(C(=O)[O-])CC1
9293,9293,COc1c(C)cnc(Cn2cnc3c(NCC[NH+]4CCOCC4)nc(N)nc32)c1C
9294,9294,CCC(C)(CCO)NS(=O)(=O)c1cc(F)ccc1N
9295,9295,CC1Cc2ccccc2N(C(=O)c2cccs2)C1
9296,9296,CC1C[NH+](C(C)(C)CNS(=O)(=O)c2cnccc2Cl)CC(C)O1
9297,9297,CCn1cc(S(=O)(=O)Nc2cccc(C[NH+]3CCN(C)CC3)c2)[nH+]c1C
9298,9298,[NH3+]CCc1nc(c2cccs2)c(c2ccncc2)s1
9299,9299,O=C(c1cncc(O)c1)C1CCOCC1
9300,9300,Cc1ccc(CNC(=O)NCCCC[NH3+])nc1
9301,9301,COC(O[Si](c1ccccc1)c1ccccc1)C([Si](C)(C)C(C)(C)C)C1C(C)C(O[Si](C)(C)C(C)(C)C)CC1C(C)CCCC(C)C
9302,9302,O=Cc1nn(CC2Cc3ccccc3S2)cc1Br
9303,9303,O=C(OCc1ccc(F)cc1)c1cccn(Cc2ccc(Cl)c(F)c2)c1=O
9304,9304,Cc1c(C(N)=[NH+]O)ccc2c1CCC(=O)N2
9305,9305,CC(C)Cc1ccc(N2C(=O)C(O)=C(c3ccc(C)cc3)C2c2ccc(O)c(Cl)c2)cc1
9306,9306,CCn1c(=NC(=O)CS(=O)(=O)CC(=O)N2CCCC2)sc2cccc(OC)c21
9307,9307,[NH3+]CC(O)COc1cccc2ccccc12
9308,9308,COc1ccc2c(c1)CCC(c1ccc3c(c1)OCO3)C2=O
9309,9309,Cc1cc(C(=O)CSc2ncnc3c2cnn3c2cccc(Cl)c2)c(C)n1c1ccc(Cl)cc1
9310,9310,CCC(C)NC(=O)c1ccc(NC(=O)C(C)NC(=O)C2CC[NH+](C(C)C(=O)Nc3ccc(C(=O)Nc4cccc(F)c4)cc3C)CC2)c(C)c1
9311,9311,O=C(NN=Cc1ccc(Sc2cccc[n+]2[O-])cc1)c1ccc(Cl)cc1Cl
9312,9312,CC1(C(=O)NC2CC[NH2+]CC2)CCCO1
9313,9313,COc1ccccc1N1CC[NH+](Cc2cccc(NC(=O)CCc3ncc(c4ccc(F)cc4)o3)c2)CC1
9314,9314,Cc1nc(C)c(c2csc(NC(=O)c3cccc([N+](=O)[O-])c3C)n2)s1
9315,9315,CCOC(=O)c1cc2c(O)csc2cc1O
9316,9316,COc1cc(OC)c(OC)cc1CNS(=O)(=O)c1c(Cl)cnn1C
9317,9317,CC(=O)c1cc2ccnc-2c[nH]1
9318,9318,COC(=O)c1sc(N(C)CCOCC(F)(F)F)c(C#N)c1N
9319,9319,C=CCn1c(C)c(C)c(C#N)c1NC(=O)Cn1ncc([N+](=O)[O-])c1C
9320,9320,CC(=O)c1ccc(NC(=O)c2ccc(c3nc4cc(C)ccc4o3)cc2)cc1
9321,9321,Cc1cc(F)cc(NS(=O)(=O)c2cc(F)ccc2N)c1
9322,9322,CC(=Nc1ccc(c2csc(Nc3ccccc3)n2)cc1)c1cc2ccccc2oc1=O
9323,9323,O=C1CC2(CCCCC2)CC(=O)N1CC1CCCCC1
9324,9324,Cc1ncsc1CC[NH+](CCO)CC(F)F
9325,9325,O=C(COc1ccc(Cl)cc1)Nc1nc2c(s1)CCCC2
9326,9326,Cc1cc(C)n(C(C)C(=O)Nc2cc(S(=O)(=O)N(C)C)ccc2Cl)n1
9327,9327,O=C([O-])CN(C(=O)Nc1ccc(F)c(Cl)c1)c1ccccc1
9328,9328,[NH3+]C(Cc1cccc(F)c1)c1nc2c(s1)CCC2
9329,9329,CC(=O)NC(Cc1ccccc1)C(=O)NC(Cc1ccccc1)C(=O)NC(CC(C)C)C(=O)[O-]
9330,9330,CCn1c(=O)c2ccccc2n(CC(=O)N2CCSc3ccccc32)c1=O
9331,9331,Cc1cc(C)nc(SCC(=O)NCC#N)c1
9332,9332,CC(C)(C)c1cnc(c2cc(N3CCC4(CC[NH2+]C4)CC3)cc[nH+]2)s1
9333,9333,CCOC(=O)C=C(C)C=CC(C)C1C(O)CC(O[Si](C(C)C)(C(C)C)C(C)C)C1C=CC(C)C(C(=O)OCC)C(=O)OCC
9334,9334,O=C(NCCC1CCC[NH2+]C1)c1cccc(O)c1O
9335,9335,O=C(Nc1cnc(Br)cn1)c1ccccc1O
9336,9336,CCn1c(=O)c(=O)[nH]c2cc(C(=O)N3CCC(NC(=O)c4ccco4)CC3)ccc21
9337,9337,CC(C)C(C(N)=O)[NH+]1CCN(C(=O)COc2ccc([N+](=O)[O-])cc2)CC1
9338,9338,O=C(Cn1cc(COc2ccccc2Cl)nn1)Nc1ccc(Cl)c(C(F)(F)F)c1
9339,9339,Cc1ccc(N)c(NC(=O)c2cnn(c3ccccc3)n2)c1
9340,9340,CC1OCCC1(O)CNC(=O)C1(C[NH3+])CCOCC1
9341,9341,CC(C)Cc1c(C(=O)[O-])nnn1c1ccccc1
9342,9342,[NH3+]Cc1n[nH]c2c1CC=C2
9343,9343,CCCCCCOc1ccc(Br)cc1C(=O)NC(=S)Nc1ccc(NC(=O)Cc2ccccc2)cc1
9344,9344,COc1cc2nccc(Oc3ccc(NC(=O)Oc4ccnc(N5CCN(C(=O)Oc6cc(OC)c(OCCc7ccoc7)cn6)CC5)c4)cc3F)c2cc1OC
9345,9345,CC1CN(c2cc(Cl)nc(N)n2)CC1C
9346,9346,Cn1ccnc1C1OCCC1NC(=O)NC1CC2CCC1O2
9347,9347,N#CC1(NC(=O)CSC2CC[NH2+]C2)CCCCC1
9348,9348,O=C(CCCCCCN1C(=O)C2CCCCC2C1=O)NNC(=O)c1ccccc1Br
9349,9349,C=CCOc1ccccc1CNC(NCC)=[NH+]Cc1csc(N(C)C)n1
9350,9350,COCCNc1nccc(c2c(c3ccc(F)cc3)nn3c(N)nc(C)nc23)n1
9351,9351,Cc1ccc(C(C)C)c(OC(C)C(=O)Nc2ccccc2C#N)c1
9352,9352,O=C1CCCN1CCCn1cc(Br)cc(Br)c1=O
9353,9353,CC(c1nc(C2C[NH+](C(C)C)CCO2)no1)[NH+]1CCN(c2ccc(F)cc2)CC1
9354,9354,CCC1(C)CC(=O)N(c2ccc(N)cc2)C1=O
9355,9355,O=c1c2c3c(sc2ncn1Cc1ccc(Cl)c(Cl)c1)CCCC3
9356,9356,Cc1nn(CC(=O)Nc2ccc3c(c2)NC(=O)C(C)O3)c(=O)c2ccccc12
9357,9357,[NH3+]C1CCC2CN(C(=O)NC3CCC(O)CC3)CC12
9358,9358,Cc1cc(C)c(n2cc3c(n2)CCC(NC(=O)c2cncnc2N2CCC(O)C2)C3)c(C)c1
9359,9359,Cn1cnc(CCNC(=O)c2cc3cc(N)ccc3o2)n1
9360,9360,COc1ccccc1N1CCN(C(=O)C2CCCN(S(=O)(=O)c3ccccc3)C2)CC1
9361,9361,O=C(COc1ccc(Cl)cc1)N(Cc1ccccc1)Cc1ccccc1F
9362,9362,Cc1ccc(N2CC(C(=O)N3CCCCC3c3nn[n-]n3)CC2=O)c(F)c1
9363,9363,O=C([O-])C(Sc1nc2ccccc2s1)c1ccccc1
9364,9364,Cc1nc(Cc2ccccc2)sc1C(=O)NC(C)Cc1c(C)nn(C)c1C
9365,9365,CCOC(=O)c1cn(c2ccc3c(c2)CCC3)c2c(F)c(F)c(F)c(F)c2c1=O
9366,9366,CCCCOC(=O)c1c(NC(=O)c2ccc(NC(C)=O)cc2)sc2c1CCCC2
9367,9367,COC(=O)C(C(=O)OC)C(c1ccccc1)C(NS(=O)(=O)c1ccc(C)cc1)c1ccccc1
9368,9368,Nc1ccc(Cl)c(NC(=O)C2CC3CCC2[NH2+]3)c1
9369,9369,COc1ccc(C(C)C)cc1NC(=O)C1CCCN(c2ncccn2)C1
9370,9370,COc1c(CCO)c(O)c(CCc2ccccc2)c2c1C(=O)OC2=O
9371,9371,Cc1cc(OCc2ccccc2C)c2c(C)nn(CC(=O)Nc3ccc(OC(F)(F)F)cc3)c2n1
9372,9372,COc1ccc(C(OCC2CC(n3ccc4c(N5CCC(c6ccc(C)cc6)CC5)ncnc43)O2)(c2ccccc2)c2ccc(OC)cc2)cc1
9373,9373,CCC1CC1NC1=[NH+]C(C(C)C)CS1
9374,9374,CC1C[NH+](Cc2ccc(Cl)c(C#CC[NH3+])c2)CCO1
9375,9375,[NH3+]CC(O)c1c(O)c(Cc2ccc(F)cc2)nc2c(Oc3ccc(Cl)cc3)cccc12
9376,9376,CCCC(CCC)C(=O)N1CCC(Cc2nc(C)cs2)CC1
9377,9377,Cc1[nH]c(=O)[nH]c(=O)c1C[NH+]1CCCC(CO)C1
9378,9378,CCOC(=O)c1cnc(SC)nc1c1cn(Cc2ccccc2)nc1C(F)(F)F
9379,9379,O=C([O-])c1ccc(CNS(=O)(=O)N2CCOCC2)nc1
9380,9380,Cc1ccc(C(=C(c2ccccc2)c2ccc([S+](C)C)cc2)c2ccc([Se]c3ccccc3)cc2)cn1
9381,9381,C[N+](=CNc1ccc2c(c1)CN(c1ccccc1)C(=O)N2)NS(=O)(=O)c1ccc(Oc2ccccc2)cc1
9382,9382,CCCCCOc1ccc(C(=O)C=Cc2ccc(OCCc3ccccc3)cc2)cc1
9383,9383,COC(=O)C(CCC(F)(F)F)C(=O)OC(C)(C)C
9384,9384,O=C1C(=Cc2cccc(Cl)c2)SC(=S)N1CCc1c[nH]c2ccccc12
9385,9385,O=C(NNC(=O)c1ccno1)c1ccc([N+](=O)[O-])c(F)c1
9386,9386,CC(=O)c1ccccc1N1C(=O)C(O)=C(c2cccc(OCC(C)C)c2)C1c1ccc(C(C)(C)C)cc1
9387,9387,Cc1[nH+]cc2n1CCC(C(=O)N1CC[NH+](Cc3ccccc3)CC1)C2
9388,9388,NC(=S)NN=Cc1ccc(OCc2cccc(Cl)c2)c(Cl)c1
9389,9389,O=C(Cc1ccccc1)Nc1ccc(OC2CCOC2)cc1
9390,9390,CC(C)C(NC(=O)c1ccc(F)cc1)C(=O)Nc1nnc(c2cccnc2)s1
9391,9391,COc1ccc(CC(=O)N2CCCC(c3[nH+]cc4n3CCCC4)C2)cc1
9392,9392,COC(=O)c1cn(CCNC(=O)C2CSCN2C(=O)C(NC(=O)OC)C(C)C)nn1
9393,9393,Cc1cc(C)c(NC(=O)c2cccc[n+]2[O-])c(C)c1
9394,9394,[NH3+]C1CCCC1C[NH+]1CCC2(O)CCCCC2C1
9395,9395,CC(C)(NC(=O)C1CCN(C(=O)c2ccccc2F)CC1)C(=O)[O-]
9396,9396,COCCCNC(=S)Nc1ccccc1C(=O)N(C)c1ccccc1
9397,9397,CC[NH2+]C(c1cc(Br)ccc1OC)C(OC)C1CCCCC1
9398,9398,O=C(C=Cc1ccccc1Br)Nc1ccccc1C(=O)Nc1ccc2c(c1)OCO2
9399,9399,COc1ccccc1CNC(=O)COC(=O)CSc1ccc(F)c(F)c1
9400,9400,O=NC(CC[NH+]1CCCC1)c1ccccc1
9401,9401,COCCn1cc(CN(CC(C)C)C(=O)Nc2cccc(C(=O)NC(C)C)c2C)cn1
9402,9402,COC(=O)CC1C(=O)NCCN1C(=O)Cc1c(C)nn(Cc2ccc(F)cc2)c1C
9403,9403,Cc1ccc(NC(=O)N(CC(=O)N(Cc2cccc(Br)c2)Cc2cccc3ccccc23)CC(C)C)cc1
9404,9404,COCCNC(=O)CC1CCCCC1NC(=O)N1CCC(C(=O)N2CCCCC2)CC1
9405,9405,O=C(CNC(=O)N1CCC(n2cnc3ccc(F)cc3c2=O)CC1)c1ccco1
9406,9406,CC(=O)OCc1ccc(C[NH+]2CCC(Nc3nccc(c4cccnc4)n3)CC2)cc1
9407,9407,CCOc1ccc(C2=C(O)C(=O)N(c3ccc(F)c(F)c3)C2c2ccc(OCCC(C)C)c(OCC)c2)cc1Cl
9408,9408,Cc1ccncc1C(=O)N1CC(CC(=O)[O-])C1
9409,9409,Cc1c(C(=O)N2CC3CCC(C2)O3)cnn1c1ccccc1
9410,9410,O=C([O-])C1(c2nc3c(s2)CCC3)CCCOC1
9411,9411,COc1ccc(C)cc1NC(=O)C(C)OC(=O)C1CCN(C(C)=O)CC1
9412,9412,O=C(NC(CCCO)c1ccccc1)c1ccc(CCO)cc1
9413,9413,CC(C)(C)C1CN(C(=O)c2csc(c3cccs3)n2)CC1O
9414,9414,CCCCC(CC)COc1c(OC)c(OCC(CC)CCCC)cc2c(OC)cc(C)nc12
9415,9415,COC(C)c1ccccc1NC(=O)N1CCC(C(=O)[O-])(C(F)(F)F)C1
9416,9416,CC(=O)C1=C(C[NH+]2CCN(C(=O)C3CCc4cc(Br)ccc4C3)C(C)C2)N(C)C(=O)NC1c1ccc(F)cc1F
9417,9417,COC(=O)c1ccccc1Nc1ncnc2c1cnn2c1ccc(C)c(C)c1
9418,9418,CCCc1cc(NC(=O)c2sccc2S(C)(=O)=O)n[nH]1
9419,9419,COC(=O)c1ccc(CNC(=O)N2CC3C4C=CC(C4)C3C2)cc1
9420,9420,Cn1nnnc1c1ccc(c2nc(NC(=O)c3ccc4c(c3)OCO4)sc2C(N)=O)cc1
9421,9421,CCc1c(c2ccccc2)ccnc1c1ccc2c(c1)nc(Cc1ccc(OC)c(OC)c1)n2C(CC)C(=O)OCCOC
9422,9422,COc1ccc(NC(C)c2ccc(S(C)=O)cc2)cc1Br
9423,9423,CC(C)(CNc1cc(F)cc([N+](=O)[O-])c1)C(N)=O
9424,9424,CCCc1nc2ccc(NS(=O)(=O)c3cccc(C(=O)OC)c3)cn2n1
9425,9425,CC[NH2+]C(c1cccc(C)c1F)C1(OCC)CCOCC1
9426,9426,O=c1oc2ccccc2c2nc(c3ccccc3OC(F)F)nn12
9427,9427,CCOc1cccc2c1nc(C1CC[NH2+]CC1)n2CC1CCCCC1
9428,9428,COCCOc1c(C(=O)NCC[NH+]2CCN(C)CC2)cc(Cl)cc1NC(=O)c1ccc(Cl)nc1
9429,9429,O=C(Cn1nc(C(F)F)c(Br)c1C(F)F)Nc1ccc(Cl)cc1C(F)(F)F
9430,9430,N#CCCCNC(=O)c1cc(Br)sc1Br
9431,9431,CC(C)(C)c1c[c-](C2[CH][CH][CH][CH]2)[CH]1
9432,9432,CC(C)CC(NC(=O)C([NH3+])Cc1cnc[nH]1)C(=O)NC(CC(=O)[O-])C(=O)NC(Cc1ccc(O)cc1)C(=O)[O-]
9433,9433,COc1cc(OC)nc(N2CCC[NH+](C)CC2C)n1
9434,9434,COC(=O)c1ccc(C#Cc2c(C)cc(OC)cc2C)c(OC(C)=O)c1
9435,9435,CC(Cl)c1nc2c(F)cccc2n1Cc1ccccc1Br
9436,9436,Nc1cnc(N2CCOCC2CO)cn1
9437,9437,CCC1(CC)CSC(=[NH+]CCC[NH+](C)C(C)C)N1
9438,9438,O=C(Cc1c[nH]c2ccccc12)NCc1ccc(OCc2ccccc2)cc1
9439,9439,O=C(C=Cc1ccc(c2ccc(Cl)cc2)o1)NCc1ccco1
9440,9440,CCn1cc(C(=O)[O-])c(=O)c2cccc(OC(C)=O)c21
9441,9441,O=C(COc1ccc(Cl)cc1)Nc1nnc(N2CCOCC2)s1
9442,9442,Cc1ccc(n2nnnc2SC(C)C(=O)Nc2ccnn2Cc2ccccc2Cl)cc1
9443,9443,O=C(ON=C1C=Cc2ccccc21)C12CC3CC(CC(C3)C1)C2
9444,9444,O=C(COc1ccc(Br)cc1Br)NNC(=O)c1ccc(OCCc2ccccc2)cc1
9445,9445,O=C(NC1CCCCCC1O)c1cccc(n2cccn2)c1
9446,9446,Cc1nc(C(C)NC(=O)c2cncc(C(=O)NC(C)C)c2)cs1
9447,9447,Cc1cc(S(=O)(=O)NC(C)(C(=O)[O-])C2CC2)cc(N)c1Cl
9448,9448,COC(=O)c1ccc2c(C=NNc3ccc(C)cc3[N+](=O)[O-])cc(=O)oc2c1
9449,9449,CS(=O)(=O)N(CC(=O)NCc1ccc(S(=O)(=O)N2CCCCC2)cc1)c1ccc(F)c(F)c1
9450,9450,COc1ccc(C(=O)OCC(=O)N2c3ccccc3CC2C)c(OC)c1
9451,9451,Cc1cc(C(F)(F)F)n2ncc(C(=O)N3CCCCC3C)c2n1
9452,9452,CC(C)(C#N)OP(=O)(CC(O)C[NH+]1CC(C)OCC1C(C)(F)C(F)(F)F)OC(F)(n1ccc(=O)[nH]c1=O)C1C(C)(F)CC1CF
9453,9453,COc1cc2c(cc1Br)C1C=CCC1C(c1cccc(Cl)c1)N2
9454,9454,CC1CCCCC1NC(=O)CN1CCC2(CCC1=O)CN(c1ccc(F)cc1)C(=O)O2
9455,9455,CC1COCC[NH+]1CCC1CCCC1([NH3+])CO
9456,9456,COC(=O)C(CC(C)C)NC(=O)C1C2CC(C)C3(S2)C1C(=O)N(C(CO)CC(C)C)C3C(=O)Nc1c(C)cccc1C
9457,9457,CCOC(=O)c1ccc(NC(=O)CSc2nnc(NC(=O)c3ccc(C(C)(C)C)cc3)s2)cc1
9458,9458,O=C(NCc1nnc(c2ccccc2)o1)c1ccc([N+](=O)[O-])cc1
9459,9459,Cc1c(C(=O)N2CC[NH+](Cc3nnc(c4ccc(Cl)cc4)o3)CC2)oc2ccccc12
9460,9460,[NH3+]C1CCc2c(O)c(Br)c(O)n2C1
9461,9461,COC(=O)C1([NH+]2CCOCC2)CC(c2ccc(Cl)c(Cl)c2)=NO1
9462,9462,CCc1ccc(C(=O)Cn2c(=O)oc3ccccc32)cc1
9463,9463,CCC1(n2c(C(C)O)nc3cc(N)ccc32)CCC1
9464,9464,COc1ccc(Cc2nc(C)c(C(=O)Nc3cc(C)on3)s2)cc1
9465,9465,Cc1cc(=O)oc2cc(OS(=O)(=O)c3cccc([N+](=O)[O-])c3)ccc12
9466,9466,COc1cc(OC)cc(N2C(=O)Nc3c(N)cccc3C2=O)c1
9467,9467,O=C(CNC(=O)Cc1ccccc1F)NCC1(c2cccc(Cl)c2)CCOCC1
9468,9468,O=C([O-])C(Oc1cccc2c1ccn2S(=O)(=O)c1ccccc1Cl)c1ccncc1
9469,9469,O=C([O-])CCCCCn1[nH]c(=O)ccc1=O
9470,9470,C=C(C=CC=C[NH3+])C1=C[NH2+]CC(Cl)CC1
9471,9471,CC1=NC(CF)=C(C)CS1
9472,9472,COc1cc([N+](=O)[O-])ccc1NC(=O)CSc1nccn1C1CCCCC1
9473,9473,COC(=O)Cn1ncc(Cl)c(NCc2cnn(CCO)c2)c1=O
9474,9474,O=C(CC1c2ccccc2CCN1C(=O)C(F)(F)F)OCC(=O)c1ccc(Cl)cc1
9475,9475,O=C(Oc1c(Cl)c(Cl)c(Cl)c(Cl)c1Cl)c1cc([N+](=O)[O-])cc([N+](=O)[O-])c1
9476,9476,[NH3+]C1CCc2nc(NCc3ccccn3)ncc2C1
9477,9477,CCCC=CCCCCCC=CCCC(=O)OCC(COP(=O)([O-])OCC(O)COP(=O)([O-])OCC(COC(=O)CCCCCCCCCC=CCCCCCC)OC(=O)CCCCCCCC=CCCCCCCCC)OC(=O)CCCCCCCC=CCCCCCC
9478,9478,Cn1ncc(C(=O)[O-])c1NC(=O)CSc1cc(Cl)ccc1Cl
9479,9479,CCCCCNc1nc(N2CCN(c3ccccc3)CC2)nc2ccccc12
9480,9480,CC1C[NH+](C(C)(C)CNC(=O)N(C)CC(=O)N2CC[NH+](C)CC2)CC(C)O1
9481,9481,O=C(C1CCCOC1)N1CCOC2(CC[NH2+]C2)C1
9482,9482,O=C(OC1CCN(C(=O)OCc2ccccc2)CC1)c1ccc(CSc2ncn[nH]2)cc1
9483,9483,CC(=O)C1(Cc2ccc(Br)cc2)CC[NH2+]CC1
9484,9484,Cc1c(Br)cnn1C1CCCN(C(=O)OC(C)(C)C)C1
9485,9485,COc1ccc(CCNC(=O)CNc2ccccc2C(=O)c2ccccc2)cc1
9486,9486,COc1ccc(CN(C2CCC[NH2+]C2)S(=O)(=O)c2cc(F)cc(F)c2)cc1
9487,9487,CC(=O)c1cccc(S(=O)(=O)N2CCOCC2CC(C)C)c1
9488,9488,COc1nc2c(s1)-c1c(sc(C(=O)Nc3cc(C)n(C)n3)c1C)CC2
9489,9489,Cc1ccc(C(C(=O)NC2CCCCC2)N(Cc2ccccc2)C(=O)c2snc(C(N)=O)c2N)cc1C
9490,9490,CCC(C)NC(=O)c1ccc(Cl)c(NC(=O)C[NH+]2CCC(C(=O)NC(C(=O)Nc3ccc(F)c(Cl)c3)C(C)C)CC2)c1
9491,9491,[NH3+]CC1(NC(=O)NC2CC[NH+](C3CC3)C2)CCCC1
9492,9492,COc1ccccc1CNC(=O)c1ccc(NC(C)c2ccccc2)nn1
9493,9493,O=c1cc(CSc2nnc(NC3CCCC3)s2)nc2scc(c3ccccc3)n12
9494,9494,CCC(C)NC(=O)c1cccc(CNC(=O)CN(c2cccc(C)c2)S(=O)(=O)c2ccc(C)cc2)c1
9495,9495,COCC(C)NC(=O)N1CCN(S(=O)(=O)c2c(C)noc2C)CC1
9496,9496,O=C([O-])c1ncsc1S(=O)(=O)N1CCOCC1
9497,9497,C[NH2+]C(c1ccn(C)n1)C1CCOC2(CCOC2)C1
9498,9498,CC(C)[NH+](Cc1c(C(=O)[O-])sc2ccccc12)C1CCCC1
9499,9499,CCC(=O)N1CCN(c2nn3c(=O)c(C)nnc3s2)CC1
9500,9500,CC(=O)n1cc(C2CC2)c2c(Br)cccc21
9501,9501,CC(C)c1cc(=O)nc(n2nc(c3ccco3)cc2NC(=O)Cc2noc3ccccc23)[nH]1
9502,9502,CSC1=NC(C)(C(F)(F)F)NC(C(=N)c2cccc(C#N)c2)O1
9503,9503,CCOC(=O)Cn1c(=NC(=O)c2ccc(OC(C)C)cc2)sc2c(OC)ccc(OC)c21
9504,9504,CC(C)(C)n1nccc1C[NH2+]C1CCCCC1C(F)(F)F
9505,9505,COc1ccc(C(=O)COC(=O)CNC(=O)c2ccc(Cl)cc2Cl)cc1
9506,9506,Cn1cnnc1C1CCC[NH+](CCC(=O)Nc2ccccc2F)C1
9507,9507,CC(=O)Nc1cc(NCc2cn3ccsc3[nH+]2)cc(OC)c1
9508,9508,CC(=O)NC1=[NH+]C2(CC[NH2+]CC2)C(c2ccc(C)cc2)=N1
9509,9509,CCC(C)N(C)C(=O)N1CCC(C)(O)C1C(=O)[O-]
9510,9510,COc1ccc(Cn2nc(C)c(C=O)c2C)cc1
9511,9511,CCn1cnnc1CC1CCN(C(=O)C2CCCCS2)CC1
9512,9512,CCC(C)C(NC(=O)C([NH3+])CC(C)C)C(=O)NC(Cc1ccc(O)cc1)C(=O)NC(C)C(=O)[O-]
9513,9513,O=C(NCC(O)C(F)(F)F)c1cc(F)c(F)c([O-])c1F
9514,9514,Cc1ccc(OCC(=O)Nc2ccc3c(c2)N(C(=O)c2ccc(Cl)cc2)CCC3)c(C)c1
9515,9515,Cc1c(NC(C)c2ccccc2N)cc(Br)cc1C(=O)[O-]
9516,9516,N#Cc1ccc(CNC(=O)C2Cc3c(n(c4ccc(Oc5ccccc5)cc4)c(=O)n3c3ccc(Cl)cc3)O2)cc1
9517,9517,COC(=O)Cn1c(=NC(=O)C=Cc2cccs2)sc2cc(F)cc(F)c21
9518,9518,CCOC(=O)C(C#N)=Cc1ccc(OC)nc1
9519,9519,Nc1cccc2oc(NCCCOCC3CC3)nc12
9520,9520,CCC(C(=O)c1ccccc1)[NH+]1CCC(O)CC1
9521,9521,O=C([O-])c1cn(Cc2cc(c3ccco3)on2)c2cc(Cl)cc(Cl)c2c1=O
9522,9522,[NH3+]C(CSSCCNC(=O)C(CCC(=O)[O-])NC(=O)COCC(=O)NC(CCCNC(=O)OCc1ccccc1)C(=O)NC(CNC(=O)OCc1ccccc1)C(=O)[O-])C(=O)[O-]
9523,9523,O=C1c2ccccc2C(=O)N1CCn1cnc(c2ccccc2)c1c1ccccc1
9524,9524,COc1ccc(OC)c(C(C)NC(=O)CN(c2ccc(C)c(Cl)c2)S(=O)(=O)c2ccccc2)c1
9525,9525,Cc1c(OC(F)(F)F)ccc2scc(CC#N)c12
9526,9526,Cc1cc(S(=O)(=O)Cl)c(S(=O)(=O)NCc2ncn[nH]2)s1
9527,9527,CCOc1cc(N)cc(NCCn2cccn2)c1
9528,9528,CB1c2ccccc2-c2cccc(c3c4ccccc4c(c4ccc(c5cccc6ccccc65)cc4)c4ccccc43)c21
9529,9529,CSc1ncccc1C(=O)O[NH+]=C(N)c1ccc(c2ccc(C#N)cc2)cc1
9530,9530,CCOC(=O)N1CCN(C(=O)COC(=O)C2CC(=O)N(CCc3ccccc3)C2)CC1
9531,9531,CCCC(CCCl)CNC(=O)c1ccc(C(F)(F)F)cc1
9532,9532,CCCCn1c(=O)c(C(=O)Nc2ccccc2O)c(C)n1c1ccccc1C(F)(F)F
9533,9533,COc1c(N2CCc3cc(OC)c(OC)cc3C2c2ccc(C3CC[NH2+]C3)cc2)cc2c(=O)nc[nH]c2c1Cl
9534,9534,COc1ccc(C)cc1CSc1nccn2nc(c3ccco3)cc12
9535,9535,CC(C)CC(=O)N(CC(=O)N1CCc2sccc2C1c1ccc(C(C)(C)C)cc1)CC(C)C
9536,9536,O=C(CCC(=O)c1ccccc1Cl)OCC(=O)N1CC[NH+](Cc2ccc3c(c2)OCO3)CC1
9537,9537,Cc1ccc(C=C2SC(=O)N(CC(=O)Nc3cc(C)cc(C)c3)C2=O)o1
9538,9538,O=C(C=Cc1cccc([N+](=O)[O-])c1)NCC1CCC(O)C1
9539,9539,O=C(Cc1coc2ccc(Br)cc12)N(Cc1ccccc1)c1ccccc1
9540,9540,Cc1cc(NC(=O)c2c(N)cccc2Cl)cc(C)n1
9541,9541,CC1CC1C[NH+](C)CCS(=O)c1ccc2c(c1)OCCO2
9542,9542,O=C([O-])Cc1ccc(N2C(=O)C(=Cc3ccccc3O)SC2=S)cc1
9543,9543,Cc1c(NC(=O)C[NH+]2CCC(C(=O)N3CCCC3C(=O)Nc3cccc(C(=O)N(C)C)c3C)CC2)cccc1C(=O)N1CCCC(C)C1
9544,9544,CCOc1c(Cl)cc(C(=O)NCCc2nc(C)c3c(n2)CCCC3)cc1OC
9545,9545,Cc1cc(NC(=O)NC2CC[NH+](C3CC3)C2)ccc1F
9546,9546,Cc1nc(C2CCCN(S(=O)(=O)Cc3ccccc3)C2)n[nH]1
9547,9547,C[NH2+]C(c1ccc(OC)c(F)c1)c1ncc(Br)cc1Br
9548,9548,CC(C)N1C(N)=[NH+]CC12CCCCC2
9549,9549,O=C(NCC(c1ccc(F)cc1)[NH+]1CCCCC1)c1nn(c2ccccc2)c(=O)c2ccccc12
9550,9550,Cc1cc(C)n(CC2CN(C(=O)C3CC=CCC3)CCO2)n1
9551,9551,COC(=O)CC1C[NH+](Cc2ccccc2)C(C(=O)OC)C1c1ccc(OC)cc1
9552,9552,O=C(C=Cc1ccccc1)Oc1ccc(n2cnnn2)cc1
9553,9553,COc1ccc(n2c(CS(=O)(=O)c3ccc(C)cc3)nc3cccnc32)cc1
9554,9554,Cc1cc(C)cc(C2C(=C([O-])c3ccc4c(c3)CCCO4)C(=O)C(=O)N2CC[NH+]2CCOCC2)c1
9555,9555,CC1CCC(C[NH2+]Cc2nc3ccccc3[nH]2)CC1
9556,9556,O=Nc1cccc(Cl)n1
9557,9557,COc1ccc2c(c1)CCCC2CC(=O)N1CCC(C(=O)c2ccc(F)cc2)CC1
9558,9558,CCC1=CC2(C)CCC3C4CCC(=O)C4(C)CCC3C2(C)C1
9559,9559,CNc1cc(c2nnnn2CC(F)F)nc(C2CC2)n1
9560,9560,O=C(Cl)C=CC1Cc2ccccc2CS1
9561,9561,CCCCNC(=O)c1ccc(C[NH+](Cc2ccccc2)Cc2cccn2C)o1
9562,9562,COc1ccc(c2cc(C(=O)Nc3nnc(SCC(=O)Nc4cccc(F)c4)s3)no2)cc1
9563,9563,Cn1cnc(CCNc2ncc(N)cn2)n1
9564,9564,O=C1CCCCc2c(ccn2C2CCOCC2)N1
9565,9565,CCOc1cc(CC(C[NH3+])C(C)C)ccc1F
9566,9566,COc1cc2[nH]ncc2cc1c1cn2c([nH+]1)CCCC2
9567,9567,COc1ccc(C(=O)CCC(=O)OCCOc2cccc3c2C(=O)N(Cc2ccccc2C)C3=O)cc1
9568,9568,COC(=O)c1cc(NCC2CCC[NH+]2C)cc([N+](=O)[O-])c1
9569,9569,CSCCC([NH3+])C(=O)NC(Cc1ccccc1)C(=O)NC(C(=O)NC(CC(C)C)C(=O)[O-])C(C)C
9570,9570,COc1ccc(NC(=O)C(C)(C)C(=O)Nc2ccccc2F)cc1
9571,9571,Cc1cc(C)c(C#N)c(SCC(=O)Nc2cccc(NC(=O)C3CC3)c2)n1
9572,9572,Cc1c([N+](=O)[O-])cccc1c1nc(C2CCCCN2C(=O)OC(C)(C)C)no1
9573,9573,CCCCNC(=O)N1CCN(S(=O)(=O)c2cc(C)sc2Br)CC1
9574,9574,COc1cccc(C(=O)Oc2ccc(C(C)=NNC(=O)CNc3ccc([N+](=O)[O-])cc3)cc2)c1
9575,9575,Cc1ccc(S(=O)(=O)N2CCCC(C(=O)Nc3ccc(S(=O)(=O)Nc4ccccc4C)cc3)C2)s1
9576,9576,CC(C)(C)c1ccc(c2c(C(=O)[O-])cccc2[N+](=O)[O-])cc1
9577,9577,CCCC(O)C(O)COCC(O)CO
9578,9578,CNc1ncc2c(n1)CC[NH+](C1COC(C)C1)C2
9579,9579,COCCS(=O)(=O)NCC1CCCCC1CCl
9580,9580,CNc1cc(N(C)CC2(O)CCCC2)nc(C(C)C)n1
9581,9581,CC(=O)NC1CC2CCCC(C1)[NH+]2Cc1nc(c2cccs2)oc1C
9582,9582,O=C(Nc1ccnn1C1CCCCC1)c1ccc(Cl)c(S(=O)(=O)N2CCCC2)c1
9583,9583,CCCCNC(=O)NC(=O)COC(=O)c1ccc(Cl)cc1Cl
9584,9584,C[NH2+]Cc1nnc(N2CC(O)C([NH+](C)C)C2)o1
9585,9585,NC(=[NH+]O)c1ccc(OCCCCC(F)(F)F)c(F)c1
9586,9586,CC(C)SC1CCCC(SC2CCCCC2)C1
9587,9587,Cc1ccc(Cn2nc(C)c(C3CC3)c2Oc2ccc(Br)cc2)cc1
9588,9588,O=C1C=CN=CC=CN1c1ccc(Cl)cc1
9589,9589,COc1cc(c2noc(C[NH2+]C34CC5CC(CC(C5)C3)C4)n2)ccc1F
9590,9590,CC(C)(C)[Si](C)(C)OC1=C(CCC2(C=O)CCCCC2)CCC1
9591,9591,Cc1cc(N2CCC(NC(=O)N3CCC([NH+](C)C)CC3)C2=O)no1
9592,9592,CC[NH2+]CC(=Cc1cc(Br)ccc1F)C1CC1
9593,9593,CC1OC(OC2C(O)C(CO)OC(OC3C(CO)OC(O)C(O)C3O)C2O)C(O)C(O)C1O
9594,9594,[NH3+]C1CC(COc2cccc(Cl)c2Cl)C1
9595,9595,Cc1nn2c(cccc2c2cncc(Nc3ccc(F)cc3)n2)c1C
9596,9596,COC(=O)c1ccc(NC(=O)Cn2nnc3c(cnn3c3ccccc3)c2=O)cc1
9597,9597,Cn1ccnc1C1C[NH2+]CCN1C(=O)CCc1ccsc1
9598,9598,CC(C)(C)[Si](OCC12CCC(CC1)C2)(c1ccccc1)c1ccccc1
9599,9599,Cc1cc(OCc2cccc(N)c2)ccc1Br
9600,9600,C=CCc1ccc(C=CC(=O)Oc2c(I)cc(C=C3SC(=O)N(CC(=O)Nc4ccc(OC)cc4)C3=O)cc2OC)cc1O
9601,9601,CCOC(C1CCCCC1)C(NN)c1ccc(C)c(C)c1
9602,9602,Cc1ccc(Oc2cc(C)c(C[NH3+])cc2C)cc1C
9603,9603,CCOC(=O)Nc1ccc(c2ccc(c3ccccc3c3nn[n-]n3)cc2)cc1
9604,9604,COc1ccccc1NC(=O)C1CC(=O)N(c2ccccc2OC)C1
9605,9605,O=c1cc(c2ccccc2)nc2c(c3ccc(Cl)cc3Cl)c[nH]n12
9606,9606,O=c1c2c3c(sc2nc(SCc2ccc(Cl)cc2Cl)n1CC1CCCO1)CCC3
9607,9607,CSCC(C)[NH+](C)CC1CCC(C)CC1[NH2+]C
9608,9608,CCCCc1nc2c(N)nc3ccccc3c2n1CCCCNC(=O)Nc1cccc(C(F)(F)F)c1
9609,9609,CC[NH2+]C(c1cncc(F)c1)c1ncccc1C
9610,9610,CCOC(=O)c1ccc(NC(=O)N2CCN(c3ccc(c4cc(F)cc(F)c4)nn3)CC2)cc1
9611,9611,O=C(Nc1ccc(F)c([N+](=O)[O-])c1)c1cccc(S(=O)(=O)N2CCOCC2)c1
9612,9612,CC(C)(C)c1ccc(NC(=S)Nc2ccc(Cl)cc2I)cc1
9613,9613,O=C(NCCn1cccn1)c1ccnnc1
9614,9614,Cc1cc([N+](=O)[O-])cc(S(=O)(=O)N(C)CC2CCC[NH+]2C)c1Cl
9615,9615,CCc1occc1C(=O)c1ccc(Cl)cc1Br
9616,9616,O=C(NCCn1nc(c2nonc2c2ccccc2)ccc1=O)c1ccc2c(c1)OCO2
9617,9617,COc1ccc(CN(C)C2(C[NH3+])CC2)cc1N(C)C(C)C
9618,9618,N#Cc1ccc(NCC2CCCC2O)nc1
9619,9619,[NH3+]Cc1ccc(CNC(=O)c2cc(Cl)cc(Br)c2)nc1
9620,9620,CCC1OC(=O)C(C)C(OC2CC(C)(OC)C(OC(=O)c3ccccc3)C(C)O2)C(C)C(OC2OC(C)CC([NH+](C)C)C2OC)C(C)(OC)CC(C)C(=NOCCNC(=O)c2nc(C3CC3)ccc2Cl)C(C)C(O)C1(C)O
9621,9621,O=S([O-])C1OC(c2ccccc2)C=CC1CI
9622,9622,CCn1c(COc2cccc(C#N)c2)nnc1SCC(=O)Nc1nnc(C)s1
9623,9623,CC(OC(=O)c1cc(S(=O)(=O)N2CCOCC2)c[nH]1)C(=O)Nc1ccccc1Cl
9624,9624,CCCCN1C(=O)SC(=Cc2cc(Cl)c(OC)c(OCC)c2)C1=O
9625,9625,COc1cccc(CC(=O)N2CCCC(Cn3nc(C)nc3C)C2)c1
9626,9626,[NH3+]CCc1ccc(NC(=O)c2cc(F)c(F)cc2F)cc1
9627,9627,C=Cc1c(C(F)F)ccnc1OCC(F)(F)F
9628,9628,COCCN(CCOC)c1nc(C)cc(C)c1C(N)=[NH2+]
9629,9629,CC(C)(C)C(c1nc(c2ccc(F)cc2)nn1Cc1ccccc1)[NH+]1CC2C[NH2+]CC2C1
9630,9630,CCOc1ccc(NC(=O)CCNC(=O)C2CC[NH+](CC(=O)Nc3cc(C(=O)N4CCCCC4)ccc3Cl)CC2)cc1
9631,9631,Cc1cc(C)cc(C(C(=O)Nc2c(C)cccc2C)N(C(=O)C(CS)NC(=O)OC(C)(C)C)C(C)C)c1
9632,9632,CC(C)=CC[NH2+]C=C(C#N)C(=O)Nc1ccccc1
9633,9633,[NH3+]C(CO)c1ccc2nc[nH]c2c1
9634,9634,O=C(Nc1ccccc1S(=O)(=O)C(F)F)c1ccncc1
9635,9635,COc1ccc(C(=O)N2CCN(c3cc(N4CCCCCC4)nc(C)n3)CC2)cc1OC
9636,9636,CSCCC(NC(=O)C(NC(=O)Oc1ccc(OC(F)(F)F)cc1)C(C)C)C(=O)NC(CC(=O)[O-])C(O)C(O)C(O)C(O)CO
9637,9637,CCOC(=O)CCC(=O)N1CCC(c2nc(C(=O)N(C)Cc3nccn3C)cs2)CC1
9638,9638,[NH3+]C1CCCN(C2CC[NH+](Cc3cnn(Cc4ccccc4)c3)CC2)C1
9639,9639,C=CCc1c(C)c(OC)c(CC=C(C)C)c(CC=C)c1O
9640,9640,CCCCCCC=CCCCCCCCC(=O)OCC(COP(=O)([O-])OCC[N+](C)(C)C)OC(=O)CCCCCCCCCCCCCCCCC
9641,9641,CC(C)c1c(Cl)ncnc1N1CCN(C(=O)c2ccc(C(F)(F)F)cc2)CC1
9642,9642,CCOC(=O)c1c(NC(=O)c2ccc(OC(C)C)cc2)scc1c1ccc(OC)c(OC)c1
9643,9643,O=C(NCc1nc2ccccc2[nH]1)c1cccc([N+](=O)[O-])c1
9644,9644,Nc1c(I)ccc2scc(F)c12
9645,9645,O=C([O-])CCCCCCCc1cnc[nH]1
9646,9646,CCC1CC1[NH2+]Cc1cc(C#N)n(C)c1
9647,9647,O=C(Nc1cnc2c(c1)CCCC2)N1CCN(c2cc[nH+]cc2)CC1
9648,9648,COc1ccc(N)cc1NC(=O)CCc1ccc(Cl)cc1Cl
9649,9649,COc1ccc(C[NH+]2CCCCC2CNc2nc(Cl)ncc2C)cc1
9650,9650,O=C(Nc1cccc(Br)c1)c1cc(c2cccs2)[nH]n1
9651,9651,Nc1ccc(OCC2CCOCC2)c(F)c1
9652,9652,CC1C[NH2+]CCN1c1cncc(Br)c1
9653,9653,Cc1nc2cc(NC(=O)Nc3ccnn3C)ccc2s1
9654,9654,Cc1c[nH+]c(C(=O)OC(C)C(N)=O)c(C)c1N
9655,9655,C[NH2+]C(Cc1ccco1)c1sccc1C
9656,9656,O=C(CBr)c1ccc2c(C(F)(F)F)cc(c3cccs3)nc2c1
9657,9657,COC(=O)C1=C(C)N(c2cccc(Br)c2)C(=O)C1=Cc1ccc(C(=O)OC)cc1
9658,9658,CCOC(=O)C(CC)C1C[NH2+]C(C)C1
9659,9659,COc1ccc(C(C)=O)cc1COC(=O)C=Cc1cccc2cccnc12
9660,9660,CCOC(=O)C1=C(COC(=O)c2cncs2)NC(=O)NC1c1cccs1
9661,9661,CC(=O)NC1C(OC2C(OCCc3[nH]nc4c3CCc3cc(O)cc([O-])c3-4)OC(COC(C)=O)C(OC3OC(COC(C)=O)C(OC(C)=O)C(OC(C)=O)C3OC(C)=O)C2OC(C)=O)OC(COC(C)=O)C(OC(C)=O)C1OC(C)=O
9662,9662,[NH3+]C(Cc1cc(F)cc(F)c1)c1cc(Cl)ccc1Br
9663,9663,COCC[NH+]1CCN(S(=O)(=O)c2cc(N)c(F)cc2C)CC1C
9664,9664,Cc1cc(C)c(S(=O)(=O)NCC2(C(=O)[O-])CCC2)c(C)c1
9665,9665,COc1ccc(CN2CC(C(=O)OCC(=O)Nc3cccc4ccccc34)CC2=O)cc1
9666,9666,Cc1cc(Br)c(F)cc1NC(=O)N(C)C1CCOC1C
9667,9667,Cn1cc(Cl)cc1C(=O)N1CCC2(CC1)C[NH+](C1CCOC1)C2
9668,9668,CC(C)c1ccc(CN(C(=O)c2cn3ccc(Cl)cc3[nH+]2)C(C)Cc2ccccc2)cc1
9669,9669,COCCn1cc(NC(=O)C2CCCO2)cn1
9670,9670,CCC1=CC2C(=O)N(CC)C(=O)C2C=C1
9671,9671,CC(C)(CNC(=O)C=Cc1ccc(Br)o1)C(=O)[O-]
9672,9672,Cn1nc(c2cccnc2)nc1c1cc(NC(=O)Nc2cc(C(F)(F)F)ccc2Cl)ncn1
9673,9673,CC(Sc1ccc(N)cc1)C(=O)Nc1ccc(S(N)(=O)=O)cc1
9674,9674,CCOc1ccc(C=C2C(=O)N(C)C(=S)N(C)C2=O)cc1OCC
9675,9675,CC1CCN(C(=O)C2CCC3C(=O)c4c(ccc(NC(=O)c5ccccc5F)c4[O-])CC3C2)CC1
9676,9676,Cc1c(Cl)cccc1NC(=O)c1cnc(NCC[NH+]2CCOCC2)cn1
9677,9677,COC(=O)C(NC(=O)OC(C)(C)C)c1csc(N(C(=O)OC(C)(C)C)C(=O)OC(C)(C)C)n1
9678,9678,CCC1(CO)CCN(C(=O)c2ccc3[nH]ncc3c2)CC1
9679,9679,CCOc1cccc(COc2cccc(C3CC(c4cc(OC)c(OC)c(OC)c4)=NN3c3ccc(OCC[NH+]4CCCC4)cc3)c2)c1
9680,9680,Cc1cc(Cl)ccc1c1nc(C2CC2(C)C)c(C(=O)[O-])o1
9681,9681,CN(CC(=O)N1CCCC1)c1nc(C(C)(C)C)ncc1N
9682,9682,COc1ccc(C(C)(C)C[NH2+]CC(O)CO)cc1
9683,9683,COCCn1c(C)c(CC[NH2+]C(C)(C)C)c2ccccc21
9684,9684,COc1ccc(c2n[nH]c3cc(C(=O)NCCc4ccc(Cl)cc4)cc(C)c32)cc1
9685,9685,C=CCCOCC[NH2+]CC(O)COc1ccc(OC)cc1
9686,9686,O=C(c1ccc([N+](=O)[O-])s1)N1CCC(Cc2noc(C3CCOCC3)n2)CC1
9687,9687,Nc1cc(=O)c2cc(NC(=O)c3ccc(F)c(I)c3)ccc2[nH]1
9688,9688,C=CCN(C)C(=O)C1C2C(=O)N(CCCO)C(C(=O)N(CC=C)c3ccc(OCC)cc3)C23CCC1(C)O3
9689,9689,O=C([O-])CNC(=O)CNC(=O)Cn1nc([N+](=O)[O-])nc1Cl
9690,9690,CC(C)[NH+](Cc1ccc(F)cc1)CC(C)(C)C[NH3+]
9691,9691,C[N+](C)(C)CC1CCCC1NC(=O)c1ccc(c2ccc(CC(OC(=O)C(F)(F)F)C(=O)[O-])cc2)cc1
9692,9692,N#Cc1ccc2c(c1F)=CNC=2C#N
9693,9693,COc1cc(OC)cc(C(=O)NCc2ccc(OC)nc2OC)c1
9694,9694,Cc1c(CNc2ccc3nnc(c4ccccc4Cl)n3n2)cnn1C
9695,9695,CC(C)CC(=O)Nc1ccc(N2CCN(c3ccccc3Cl)CC2)c(C(=O)NCCc2ccccc2)c1
9696,9696,O=C(CC[NH+]1CCOCC1)N1CCN(C(=O)c2ccco2)CC1
9697,9697,C=CC(=O)Oc1ccc(C(F)(F)Oc2cc(F)c(OCC3CO3)c(F)c2)c(F)c1F
9698,9698,CCOC(=O)N1CCN(C(=O)C(CCC(=O)[O-])NC(=O)c2cc(OC3CCOC3)nc(c3ccccc3)n2)CC1
9699,9699,Cc1nnc(SCC(=O)Nc2c(C#N)cnn2c2ccccc2)s1
9700,9700,C=CC=C(C=C)C=CC(=O)Nc1cnc(C)cn1
9701,9701,COc1ccc(CNc2cnn(Cc3ccccc3)c2)cc1OC
9702,9702,CC[NH2+]C(c1c(Cl)cnn1CC)C1CCOC1
9703,9703,CC(C)N1CC(NC(=O)c2ccc(F)c(C(F)(F)F)c2)CCC1=O
9704,9704,COc1ccc(C(=O)OCC(=O)c2ccc(c3ccc(OC(=O)c4ccc(c5cc(C)ccc5C)cc4)cc3)c(Cl)c2Cl)cc1OC
9705,9705,Cc1nnc(C(C)[NH+]2CCN3C(=O)NC(=O)C3C2)o1
9706,9706,O=C(COc1cccc2cccnc12)NCCSCc1ccccc1
9707,9707,O=C([O-])Cn1ncc2c1CCN(C(=O)c1ccccc1)C2
9708,9708,N#CCNC(=O)COc1cccc(Cl)c1C=O
9709,9709,N#CC(CBr)(COc1ccc(Cl)c2cccnc12)c1ccc(Cl)cc1
9710,9710,O=C([O-])C(Br)Cc1ccc([N+](=O)[O-])cc1
9711,9711,Nc1c(Nc2ccc(Br)c(Cl)c2)cc[nH]c1=O
9712,9712,COc1ccc(NC(=O)N2CCc3ccccc3C2)cc1OC
9713,9713,COc1ccc(c2noc(CNC(=O)c3cc(S(=O)(=O)N4CCCC4)ccc3OC)n2)cc1
9714,9714,Cc1ccc(S(=O)(=O)N(CC(C)C)C2CC2)cc1C(=O)[O-]
9715,9715,CNc1nc(Nc2c(C)cc(C)cc2C)nc(N2CCCCC2)n1
9716,9716,Cc1cc(c2nc(NC=O)c3ccccc3n2)ccc1F
9717,9717,CC(C)C(C)(CC(=O)[O-])NC(=O)c1coc(C2CCCC2)n1
9718,9718,Cc1nc(C2(c3cccc(C#N)c3)CCOCC2)no1
9719,9719,Cn1cnnc1C1CC[NH+](CC(=O)c2c(F)cccc2Cl)CC1
9720,9720,CC1CC(C)CN(S(=O)(=O)c2ccc(NC(=O)c3ccc(CN4C(=O)CCC4=O)cc3)cc2)C1
9721,9721,Nc1ccc(C[NH+]2C3CCC2CC(S(=O)(=O)c2cc(S(=O)(=O)C4CC4)ccc2[O-])C3)c2c1C(=O)CC(S(=O)(=O)c1ccc(C(N)=O)cc1)O2
9722,9722,COC(=O)c1c(NC(=O)Cn2nnc(c3ccccc3)n2)scc1c1ccc(Cl)cc1
9723,9723,O=C(c1ccccc1)C(CC(=O)c1ccccc1)N1CCCC1=O
9724,9724,N#CCC1(N2C(=O)C3CCC(O3)C2CO)CC1
9725,9725,O=C(c1cccc(Oc2cnn(c3ccc(O)cc3)c2)c1)N1CCC(O)CC1
9726,9726,O=C(NCc1ccc(C(=O)N2CCCCC2)cc1)c1cccc(OCc2ccc(Cl)cc2)c1
9727,9727,CCc1cccc(NS(=O)(=O)CCC(=O)[O-])c1
9728,9728,Cc1cc(C)cc(CN2CC([NH3+])Cc3ccccc32)c1
9729,9729,C=C(CS)CN1CC[NH+](C2CC2)CC1
9730,9730,COc1cc(OC)c(NC(=O)CSc2nnc(c3ccc4c(c3)OCO4)n2N)cc1Cl
9731,9731,O=C(c1ccc(F)cc1)N1CCN(S(=O)(=O)c2cccc(Cl)c2)CC1
9732,9732,CC1CN(c2cc(c3cc(=O)n(C)c4ccccc34)ccn2)CC(C)[NH2+]1
9733,9733,COc1ccc(S(=O)(=O)N(CCC(N)=O)Cc2cc(OC)ccc2OC)cc1
9734,9734,O=C(O[P+](c1ccccc1)(c1ccccc1)c1ccccc1)c1ccco1
9735,9735,CC1CN(c2ccc(C(=O)c3cccc(n4ncc(Nc5ccccc5F)c4N)c3)cc2[N+](=O)[O-])CCO1
9736,9736,CCC(C)c1ccc(n2c(O)c(C=C3C=Nc4ccccc43)sc2=S)cc1
9737,9737,CCOC(=O)c1ccc(NC(=S)Nc2ccc(C#N)c(C(F)(F)F)c2)cc1
9738,9738,CC1(O)CCC[NH+](C2Cc3ccccc3C2)C1
9739,9739,COCCCN(C)S(=O)(=O)c1ccc(C#N)cc1F
9740,9740,CC(C)NC(C)(C#N)COc1cccc(Cl)c1Cl
9741,9741,CCOc1nc(Cl)nc(N2CCCCC2)n1
9742,9742,COCCCN(CC(=O)N(CCc1ccc(OC)c(OC)c1)Cc1ccc(C)o1)C(=O)C(C)C
9743,9743,Cc1cc(Cl)nc2sc(Br)cc12
9744,9744,COC(=O)C1=CC(C(=O)N2CCCCCC2)NC(c2nccs2)=NC1c1ccc(F)cc1Cl
9745,9745,CC1CCN(C(=O)CC2CCN(C(=O)c3ccc(F)c(Cl)c3)CC2)CC1
9746,9746,Cc1ccc(CN(C)C(=O)C2(S(C)(=O)=O)CC[NH2+]CC2)c(C)c1
9747,9747,N#Cc1cccnc1N1CCC(Nc2ccccc2)CC1
9748,9748,CC(=O)OC12COC1CC(O)C1(C)C(=O)C(O)C3=C(C)C(OC(=O)C(O)C(NC(=O)OC(C)(C)C)c4ccccc4)CC(O)(C(OC(=O)c4ccccc4)C21)C3(C)C
9749,9749,CC[NH2+]CCNC(=O)c1ccc(c2ccc3c(c2)OCO3)s1
9750,9750,CN(CC(=O)Nc1ccnn1C1CCCC1)S(=O)(=O)c1ccc(Cl)cc1Cl
9751,9751,Cc1cccc2cnn(CC3CCC(C(N)=O)O3)c12
9752,9752,Cc1cc(C)cc(N2CC(C(=O)Nc3nc4ccccc4n3C)CC2=O)c1
9753,9753,CCCCC(=CC=C1C2CC3C(C4C(=O)N(Nc5ccc(Cl)cc5)C(=O)C43)C12C)C(=O)[O-]
9754,9754,COC(=O)c1ccc(Cl)c(NC(=O)CSc2nc(N)c(C#N)c(c3ccc(OC)c(Br)c3)c2C#N)c1
9755,9755,N#Cc1ccc(NC(=O)C[NH+]2Cc3ccccc3CC2C(=O)[O-])cc1
9756,9756,N#Cc1ccc(Nc2ccc(I)cc2Cl)c(F)c1
9757,9757,C=CCN1C(=O)C(=Cc2cc(OC)c(OC)c(OC)c2)SC1=[NH+]c1ccc(OC)cc1
9758,9758,Cc1c(N)cc(C#N)n1Cc1ccc(C(=O)[O-])cc1
9759,9759,CCC1=C(C(=O)OC)C(c2ccc(OCc3ccc(C)cc3)cc2)n2ncnc2N1
9760,9760,CC1CN(c2cccc(S(C)(=O)=O)c2N)CCCO1
9761,9761,O=C(NC1CCCCNC1=O)C1CCCN(S(=O)(=O)c2ccc3ccccc3c2)C1
9762,9762,O=C(NCc1cccnc1c1ccncc1)C(S)Cc1ccccn1
9763,9763,CCc1ccc(C(=O)OC2=CC=CC2)cc1
9764,9764,CN(CC(=O)NC1CCOc2ccc(Cl)cc21)C(=O)c1ccc(Cl)c([N+](=O)[O-])c1
9765,9765,Cc1cccc2sc(N3CC[NH+](CCNC(=O)C4CC(=O)N(c5ccc(Cl)c(Cl)c5)C4)CC3)nc12
9766,9766,COCCCOCCNc1c(N)c[nH+]cc1Br
9767,9767,CSc1nc(=O)c(CCC(=O)N2CCCc3cc(S(=O)(=O)N(C)C)ccc32)c(C)[nH]1
9768,9768,Nc1cc(Br)ccc1S(=O)(=O)Nc1cccc(Cl)c1Br
9769,9769,Cc1ccc(CSc2nnc(COc3cc(C)ccc3C)n2CC2CCCO2)cc1
9770,9770,C=C(C(C)C)C(C)C(C)CO
9771,9771,CCC(C)C(C)(OCC)OC
9772,9772,FC(F)Oc1ccccc1CNc1ccccc1I
9773,9773,[NH3+]C(CC(=O)NCCCCC(NC(=O)C(CC(N)=O)NC(=O)C([NH3+])CCCC[NH3+])C(=O)[O-])C(=O)[O-]
9774,9774,CC1C[NH+](Cc2noc(c3ccccc3C#N)n2)CC(C)O1
9775,9775,CC(C)(C)OC(=O)CCC(C#N)(C1OCCO1)C1CCCC1
9776,9776,CC(C)n1c(N)c(C(=O)COC(=O)c2c(Cl)cccc2Cl)c(=O)[nH]c1=O
9777,9777,O=C(CC1CCC[NH2+]1)Nc1cccc(C(F)(F)F)c1F
9778,9778,COC(=O)Cn1ncc2c(N)nc(c3ccc(Cl)c(Cl)c3)nc21
9779,9779,[NH3+]CC(=O)NC(Cc1ccc2ccccc2c1)C(=O)NCC(O)COCC1CCCCC1
9780,9780,CSC1(C[NH2+]Cc2ccnc(N)c2)CC1
9781,9781,C[N+]1(C=Cc2ccc(c3ccc(C(F)(F)F)cc3)cn2)CC=C(c2cnc(N)nc2)C1
9782,9782,Cc1ccc(n2c(SC(C)C(=O)Nc3ccccc3F)nc3ccccc3c2=O)c(C)c1
9783,9783,CC(C)N(C(=O)CCl)C(=O)C1(C)CCCO1
9784,9784,Cc1nc2n(n1)CCCC2NC(=O)N1CCOCC1c1ccnn1C
9785,9785,O=Cc1cc(Cl)c(Cl)c(CBr)c1
9786,9786,Cc1ccc(OCC[NH2+]C(C)c2ccc(C)o2)cc1
9787,9787,[NH3+]CC1CCC(C[NH+]2CCN(CCO)C(=O)C2)O1
9788,9788,Cc1ccc(C=NNC(=O)CNc2cccc3ccccc23)o1
9789,9789,O=C(Nc1cccc(CCl)c1)C1CCCCC1
9790,9790,Cc1cc(C(=O)COC(=O)c2cc(c3ccc(F)cc3)nc3c2c(C)nn3C)cc(S(=O)(=O)N2CCOCC2)c1C
9791,9791,[NH3+]CC1(c2ccc3c(c2)OCO3)CCOCC1
9792,9792,O=C1CC(c2ccsc2Br)CN1Cc1ccco1
9793,9793,[NH3+]C1COCC1C(=O)Nc1cnns1
9794,9794,COC(=O)c1cccc(n2nc(c3cccc(I)c3)c3c2NCC3)c1
9795,9795,O=C(Nc1ccsc1C(=O)NN=Cc1cc(Br)c([O-])c(Br)c1O)c1ccccc1
9796,9796,Cc1ccnc(COc2cccc3c2ccn3S(=O)(=O)c2ccccc2)n1
9797,9797,Cc1c2c(nn1CC(=O)N1CCN(C(=O)c3ccco3)CC1)CCC2
9798,9798,CCn1c(C)cc(C(=O)COC(=O)C2CCN(S(=O)(=O)c3ccccc3)CC2)c1C
9799,9799,CCC1CCCCN1C(=O)c1cc(C(=O)N(C)c2ccccc2)n(C)n1
9800,9800,CCC1CCCCC1Oc1ccccc1CNc1ccc(O)c(C(=O)[O-])c1
9801,9801,Cc1nn(CC(C)C)c(C)c1CC(=O)NCC(O)c1cccs1
9802,9802,COc1ccc(C(=S)C(OC)(c2ccc(C)cc2)C(c2ccc(O)cc2)c2ccc3ccccc3c2)cc1
9803,9803,CCC(C)[NH2+]Cc1ccccc1COC(C)C
9804,9804,O=C1COc2ccc(Cl)cc2N1
9805,9805,O=C(Cl)c1sc2ccccc2c1C(F)F
9806,9806,CC(C)CC(C[NH3+])NC(=O)c1ccc(Cl)cc1Cl
9807,9807,CCCCN(Cc1cccn1Cc1ccccc1Cl)C(=O)COC
9808,9808,COC(=O)c1cc(Cn2cc(C=C3C(=[NH2+])N4N=C(c5ccc(OC)cc5)SC4=[NH+]C3=O)c3ccccc32)cc(C(=O)OC)c1
9809,9809,CC(C)n1cc(C[NH+]2CCCC2c2nnnn2Cc2ccccc2)cn1
9810,9810,COC(=O)c1ccc(CN2CCCCC2=O)o1
9811,9811,CC(C)CC(CC(=O)[O-])CC(=O)NC(=O)CC=O
9812,9812,Cc1nc2nc3c(n2c(C)c1Cl)CC1(CCCCC1)COC3
9813,9813,C[NH2+]C(C)c1cc(Br)ccc1N(C)C1CCC1
9814,9814,C=CCOC(=O)C(O[Si](C)(C)C(C)(C)C)(c1cccc(Br)c1)P(=O)(OC)OC
9815,9815,CCOc1cccc(C2OCC(C)(C)CO2)c1
9816,9816,CCOC(=O)Cc1c(c2ccc(OS(C)(=O)=O)cc2)nc2c(c1N)CN(c1ccc(c3ccc(OC)cc3)nc1)CC2
9817,9817,CC(C)(C)c1ccc(C=C(C#N)C(=O)OCC(=O)Nc2cccc(Cl)c2Cl)cc1
9818,9818,CC(C)Cc1cc(C(=O)N2CCCC(c3nc(=O)[nH][nH]3)C2)no1
9819,9819,COc1ccc(C(=O)OCC(=O)c2cc(C)n(c3ccc(F)cc3)c2C)c(OC)c1
9820,9820,N#Cc1c(NCc2cccc(Cl)c2Cl)n[nH]c1N
9821,9821,CC(C)OC(=O)c1cccc(NC(=O)CNc2cccc(OCC(C)C)c2)c1
9822,9822,COCCCc1ccc(c2cncc(C(=O)c3ncn[nH]3)c2)cc1
9823,9823,O=C(NCC1CCCO1)C(=O)N1CCN(c2ncccn2)CC1
9824,9824,CCCCOC(=O)C(C)NC(=O)C1CCCCN1C(=O)C(NC(=O)C(NC(=O)C([NH3+])C(C)C)C(C)C)C(C)CC
9825,9825,CC(SC1CC1)C(=O)NCCOCC(=O)[O-]
9826,9826,O=C([O-])c1ccc(CN2C(=O)COc3ccccc32)cc1
9827,9827,CC(=O)c1cn(CC(=O)N2CCC([NH+]3CCc4c([nH]c5ccc(C(F)(F)F)cc35)CC4)CC2)c2ccc(O)cc12
9828,9828,CC1OCCC1c1noc(c2cnn(C)c2N)n1
9829,9829,Cc1ccc2c(c1)OCC(C)(C(=O)NCc1ccco1)C2
9830,9830,COc1ccc(NCc2nnc(SCC(=O)Nc3ccc([N+](=O)[O-])cc3)n2N)cc1
9831,9831,O=C(C[NH+]1CCN(C(=O)c2cc(Cl)ccc2OC(F)F)CC1)NC1CC1
9832,9832,COc1ccc(Nc2nc(C)nc(NCc3ccc(OC)c(OC)c3)n2)c(OC)c1
9833,9833,CC(c1ccc(F)cc1)N(C)c1nc(Cl)nc2sccc12
9834,9834,CC(=O)CC1CCCN1C(=O)C1CCCN(C(=O)[O-])C1
9835,9835,Cc1ccc2c(c1)C1=CSCN1CN2
9836,9836,O=C(NCC1CCOC1)NC1CCC2CCCCC2C1
9837,9837,O=C(c1ccccc1F)N1CCN(S(=O)(=O)c2ccccc2F)CC1
9838,9838,Cc1occc1c1nnc(SC(C(=O)Nc2cccc(F)c2)c2ccccc2)o1
9839,9839,CC(=O)N(CC[NH3+])C(=O)NC(C)C
9840,9840,O=C(Nc1ccc(CCO)cc1)c1cnc2ccccc2n1
9841,9841,COC(=O)c1c(NC(=S)NCc2ccc(N(C)C)cc2)sc2c1CCC2
9842,9842,CC[NH2+]C1CCCCCC1C[NH+]1CCCC(C)C1
9843,9843,Cc1ccc(Br)c(C(=O)NC2CC[NH+](CC(N)=O)CC2)c1
9844,9844,O=C([O-])c1ccc(NCC2(C3CC3)CC2)c2ccccc12
9845,9845,O=C(COC(=O)c1ccccc1OCCOc1ccccc1)Nc1ccc(F)cc1F
9846,9846,O=C([O-])C1CCCN1C(=O)c1ccc(CSc2ccc(Cl)cc2)cc1
9847,9847,C=CCn1c(C)cc(C(=O)CSc2nnc(CCOC)n2CC2CCCO2)c1C
9848,9848,[NH3+]C(c1cccc(C(F)F)c1)c1cc2cccc(F)c2o1
9849,9849,COc1ccc(CCc2n[nH]c(C[NH2+]C(C)(C)C)n2)cc1
9850,9850,CCn1cc(C(O)c2ccns2)cn1
9851,9851,COCCn1c(SCC(=O)Nc2c(C)cc(C)cc2C)nc2ccccc2c1=O
9852,9852,CC(C)C(=O)N1CCCC(Nc2ccccc2)C1
9853,9853,CC(C)C(NC(=O)c1ccc(c2ccc(c3ccc4c(c3)COC4=O)cc2)o1)C(=O)[O-]
9854,9854,Cc1cc(NC(=O)C2CC2)ccc1N1CCSC1=O
9855,9855,COc1cc(c2nnc(C(C)[NH3+])s2)ccc1C
9856,9856,CC(C)(OC=O)C(=O)c1ccc(Oc2ccc(C(N)=O)cc2)cc1
9857,9857,COC(=O)c1c(NC(=O)CSc2nnc(NC3CC3)s2)sc2c1CCCCC2
9858,9858,Cc1ccc(N2CCC(C)(C[NH3+])C2)cc1C
9859,9859,COc1ccc(C(OC2C(OC3C(COCc4ccccc4)OC(OC4C(COCc5ccccc5)OC(OC5C(COCc6ccccc6)OC(OCc6ccccc6)C(OCc6ccccc6)C5OCc5ccccc5)C(OCc5ccccc5)C4OCc4ccccc4)C(N=[N+]=[N-])C3OCc3ccccc3)OC(COCc3ccccc3)C(OCc3ccccc3)C2OCc2ccccc2)(c2ccccc2)c2ccc(OC)cc2)cc1
9860,9860,COc1ccc(Cc2nnc3nc(C)cc(C)n23)cc1
9861,9861,CCC1CCCCC1Oc1cc(NN)nc(N)n1
9862,9862,CC1CCN(C(=O)C(=O)N2CCCc3ccccc32)CC1
9863,9863,O=C(CNC(=O)c1ccc2c(c1)CCCC2)OCC(=O)N1CCOCC1
9864,9864,CSc1ccccc1NC(=O)c1ccc(N)c(C)c1
9865,9865,CCOc1cccc(C2=C(O)C(=O)N(c3ccc(C#N)cc3)C2c2c(C)[nH]c3ccccc23)c1
9866,9866,Cc1nnc(SCC(=O)NN=Cc2ccc(OC(F)F)cc2)n1Cc1ccccc1
9867,9867,Cc1cc(C)c(NC(=O)c2cc(NC(C)c3ccccc3)nc(C)n2)c(C)c1
9868,9868,CC(C)C[NH+]1CCN(C(=O)c2csc(CC[NH3+])n2)CC1
9869,9869,CCC(C)(O)C[NH2+]Cc1ccc(Cl)c(F)c1
9870,9870,COc1ccc(Br)cc1C1=NC(=Cc2ccco2)C(=O)O1
9871,9871,CCOCCn1c(=NC(=O)c2ccc(S(=O)(=O)N(CCOC)CCOC)cc2)sc2cc(S(N)(=O)=O)ccc21
9872,9872,Cc1nn(c2ccccc2)c(Cl)c1CO
9873,9873,COc1ccccc1NC(=O)c1c(NC(=O)c2cccc([N+](=O)[O-])c2)sc2c1CCCC2
9874,9874,CCC(C)(C(NN)c1ccc(Cl)cc1F)[NH+]1CCCC1
9875,9875,CNS(=O)(=O)Cc1ccc(C[NH2+]C(C)c2ccc3c(c2)CCCC3)cc1
9876,9876,CC(C)S(=O)(=O)c1ccc(CC(=O)NCCc2cnc[nH]2)cc1
9877,9877,CCC(C)NC(=O)CNC(=O)CC1CSCC[NH2+]1
9878,9878,CC1[NH2+]CCCC1NC(=O)N1CCOCC1CC(=O)[O-]
9879,9879,CC1CN(C(=O)C2CCC(C(=O)[O-])O2)CCN1S(C)(=O)=O
9880,9880,CC1CCC(C(C)C)C(O[P+](=O)OCc2c(C(C)C)ccc(O)c2O)C1
9881,9881,Cn1nccc1C1C([NH2+]Cc2nc(Cc3ccccc3)no2)CC2CCC1[NH+]2C
9882,9882,CC(=O)c1c(C)[nH]c(C(=O)C[NH+]2CCCC2)c1C
9883,9883,CCC1C2C[NH2+]CC2C[NH+]1Cc1cc(Cl)ccc1F
9884,9884,COCCN=C(N[NH3+])N(C)Cc1cccc(C)c1
9885,9885,CC(C)(CNC(=O)C1CC[NH2+]CC1)S(C)(=O)=O
9886,9886,CC1=C(C(=O)OCCOc2ccccc2)C(c2ccc(Cl)cc2)n2nc(SCc3ccccc3)nc2N1
9887,9887,CCC(C)(CCO)NC(=O)c1c(C)n[nH]c1C
9888,9888,Cc1nc(N(C)C)ncc1C(=O)N1CC[NH+](C(C)C)CC1
9889,9889,CCc1cc(CC)n(CC(C)CS(N)(=O)=O)n1
9890,9890,CCCC(O)CNS(=O)(=O)c1c(C)noc1C
9891,9891,CCCCc1ccc(c2ccc(C3CCC(C(Br)CCC)CC3)cc2)c(F)c1F
9892,9892,C=CCn1c(=S)n(C[NH+](CCO)Cc2cccc(F)c2)nc1c1ccc(Cl)cc1
9893,9893,Cc1cc(C)n2nc(SCC(=O)c3cc(C)n(C(C)C)c3C)nc2n1
9894,9894,[NH3+]CCCN(Cc1ccccc1)C(=O)C1CCCN1C(=O)C([NH3+])Cc1ccccc1
9895,9895,CCOc1ccc(C(C)[NH2+]CCCC(C)CO)cc1
9896,9896,COc1ccc(Br)cc1C=CC(=O)c1ccc(I)cc1
9897,9897,[NH3+]C(CCC(F)(F)F)CC1CCC2(CCCC2)O1
9898,9898,[NH3+]C1CN(C(=O)c2ccoc2)c2ccccc21
9899,9899,Nc1onc(C=Cc2ccccc2F)c1c1ccc(Cl)cc1Cl
9900,9900,C[NH2+]C(C)C(=O)NC(C(=O)N1CC2Oc3ncccc3C=C2CC1c1nccc2cc(Cc3ccc(OC(F)(F)F)cc3)cnc12)C(C)C
9901,9901,CCCCn1c(C)c(C=Nc2ccc(N)cc2)c2ccccc21
9902,9902,CC1C[NH+](Cc2ccccc2CNC(=O)C2CCOCC2)CCO1
9903,9903,CC(C)n1ccn(Cc2ccc(Cl)o2)c1=S
9904,9904,CC1CCCCC1Oc1ccc(S(=O)(=O)Cl)cc1Cl
9905,9905,Cn1c(=O)c2c(ncn2CC(=O)c2ccn(CCc3ccccc3)n2)n(C)c1=O
9906,9906,CCC(C)[NH2+]Cc1cnc(c2nc(C)cs2)s1
9907,9907,CNc1ccccc1C(=O)NCCOCC(F)(F)F
9908,9908,Cc1ccc(S(=O)(=O)CCC(=O)[O-])c(C)c1C
9909,9909,CC(C)CC(C)NC(=O)C1CC1c1ccc(S(C)(=O)=O)cc1
9910,9910,CC1CCC(C)(CNC(=O)NCC2CCSCC2)CC1
9911,9911,C[NH2+]C(CC(C)OC)c1nccc(C)c1Br
9912,9912,Cc1ccc(OCCC(=O)N(C)CC(C)C(=O)[O-])c(C)c1
9913,9913,Cn1c(=O)[nH]c(=O)c2c1nc(C1CCC[NH2+]C1)n2C
9914,9914,[NH3+]C(Cc1ccc(F)cc1)C(=O)NCC1(CO)CC1
9915,9915,CCCC(C)COc1cccc(Br)c1N
9916,9916,Cc1ccc(CNC(=O)c2cnn(c3ccccc3)c2N)cc1
9917,9917,Cc1ccc(c2noc(C[NH+]3CCCC(C(=O)NCCC[NH+]4CCOCC4)C3)n2)cc1
9918,9918,COC(=O)c1c(C)[nH]c(C(=O)NCCc2ccc(OC)c(OC)c2)c1C
9919,9919,Cc1cc(Oc2ccccc2C#N)c(C(C)[NH3+])cc1Br
9920,9920,Fc1ccccc1N1CC(c2nc(c3ccccc3OC(F)F)no2)CC1=O
9921,9921,O=C([O-])c1c([N+](=O)[O-])cnc(F)c1C(F)F
9922,9922,CC(C)([NH3+])CNC(=O)c1cccc(Oc2ccccc2)c1
9923,9923,[NH3+]CC1CN(C(=O)NC2(c3noc(C4CCCC4)n3)CCC2)CCO1
9924,9924,O=C1CCC(c2ccc(Cl)cc2)=NN1
9925,9925,O=c1nc(c2n[nH]c3ccccc23)[nH]c2c1C[NH+](Cc1nccs1)CC2
9926,9926,Cc1[nH]n(c2nc(N3CCCCC3)c3c(ncn3C)n2)c(=O)c1N=Nc1ccc([N+](=O)[O-])cc1
9927,9927,C=C(C)CNC(NCC(C)[NH+]1CCOCC1)=[NH+]C
9928,9928,NC(=[NH2+])c1ccc(N2CCC3(CCCC3)CC2)nc1
9929,9929,[NH3+]CCCCCCC(=O)Nc1cc(C(=O)[O-])c(Cl)cn1
9930,9930,O=C1OC23C=CC(C4CC4)C1CC2(C3)OCCO
9931,9931,CC(C)(C)C1CCc2c(sc3ncn4nc(COc5ccc(C(C)(C)C)cc5)nc4c23)C1
9932,9932,CCC1CCC(C([NH3+])CCCc2ccco2)C1
9933,9933,COc1ccc(c2noc(COc3cccc(C)c3C[NH3+])n2)cc1
9934,9934,COc1cccc(C(=O)Nc2ccc(SCC(=O)Nc3ccc(Cl)cc3)cc2C)c1
9935,9935,Cn1ncc2c1CCCC2Nc1cccc2cccnc12
9936,9936,CC(C)C[NH+]1CCCC1CNC(N)=[NH+]CC(C)(O)c1cccs1
9937,9937,O=Cc1ccccc1NC(=O)N1CCN(c2ncnc3c2cnn3c2ccccc2)CC1
9938,9938,CCc1cc(C#N)cc(C)c1N
9939,9939,COCCCNC(=O)c1oc2c(c1C)C(=NNC(=O)c1cccc([N+](=O)[O-])c1)CCC2
9940,9940,COc1cc(OC)cc(N(CCCC(=O)N2CCN(c3cccc(Cl)c3)CC2)S(C)(=O)=O)c1
9941,9941,CC(C)n1ccc(CC(O)c2ccc(F)cc2F)n1
9942,9942,CNc1ncc(c2ccnc(C)c2)cc1C[NH+]1CCC1
9943,9943,CCC(C)C1CN(Cc2csc(C)n2)CCC[NH2+]1
9944,9944,COc1ccc([N+](=O)[O-])cc1NC(=O)c1cn(Cc2ccco2)nn1
9945,9945,CC(C)c1nccc(N2CCC(C(C)O)CC2)n1
9946,9946,CC(C)COc1ccc(Nc2nccc(C(=O)NC(C)C)n2)cc1
9947,9947,O=c1c2c(nc(SCCc3ccccc3)n1Cc1ccccc1)scc2c1ccc(F)cc1
9948,9948,COC(=O)c1ccc(C(=O)OC)c(N(C)C(=O)C23CC4CC(CC(C4)C2)C3)c1
9949,9949,Cc1cc(NC(=O)c2cccc(N3CCCC3=O)c2)ccc1Br
9950,9950,CS(=O)(=O)N1CCN(S(=O)(=O)N2CCC(C3CC3)CC2)CC1
9951,9951,O=C(Cl)CCCNC(=O)C1CCCCC1C=O
9952,9952,CC(C)CC(C[NH3+])C(=O)NCc1ccn[nH]1
9953,9953,CCCCc1c(C(=O)OC)nc2nc(c3ccc(OC)cc3Cl)nn2c1COC
9954,9954,Cc1c(C(=O)N(C)CCCC(=O)[O-])sc2nccn12
9955,9955,CC(C)(C)C1CCC(C#N)(N2CCSCC2)CC1
9956,9956,CC(C)n1cc2c(n1)C1(CCN(C(=O)c3ccnc4ccccc34)CC1)CC2
9957,9957,O=C1c2ccccc2C(=O)N1C1c2ccccc2CCC12OCCO2
9958,9958,CCCCCC(C)Nc1cc(Br)cc(C(=O)OC)c1
9959,9959,C[NH2+]C(Cc1ccn(C(C)C)n1)c1nnn(C)n1
9960,9960,O=C(OCCc1ccc(Cl)cc1)c1ccc(=O)[nH]n1
9961,9961,O=C(NCc1ccccc1)OCCC1CC[NH2+]CC1
9962,9962,CCOC(=O)C(C)=CC(=O)NCc1ccc(Br)cc1
9963,9963,Cn1cnnc1CCNC(=O)c1ccc(F)c(C(F)(F)F)c1
9964,9964,COc1ccc(CCc2ccccc2C)cc1OC
9965,9965,N#CC(N)Cc1ccc(OCc2ccccn2)cc1
9966,9966,COC(=O)c1ccc(NC(=O)COC(=O)CCNS(=O)(=O)c2ccc(OC)cc2)cc1
9967,9967,Cc1cccc2[nH]cc(NC(=O)NC3CC4CCC(C3)[NH2+]4)c12
9968,9968,CC[NH2+]Cc1ccc(Oc2cc(C)ccc2OC)c(C)c1
9969,9969,CCCCCCCCC1=NCCOc2ccccc2OCC(COCC(O)C[N+](C)(C)C)O1
9970,9970,COc1ccc(S(=O)(=O)NCC2CCCN(C(=O)c3ccccc3Br)C2)cc1
9971,9971,Cc1c(NCc2ccc(OC(F)F)cc2)cccc1C1=C2C=Nc3ncccc3C2C(C)[NH+](C)N1
9972,9972,COC(C[NH3+])C(=O)Nc1cccc(Oc2ccncc2)c1
9973,9973,CSC1CCC(Nc2nn3c(=O)ccnc3s2)C1
9974,9974,COCCOc1ccc(C(=O)NNC(=O)C=Cc2cccc([N+](=O)[O-])c2)cc1
9975,9975,O=c1c2c(n(c3ccccc3)c(=O)n1c1ccccc1)C[NH+](Cc1ccc(Cl)cc1Cl)CC2
9976,9976,CCCCCNc1ncc(F)c(Nc2cnn(C)c2)n1
9977,9977,CCc1cccc2cc(C#N)c(=O)[nH]c12
9978,9978,C=CCN(c1ccc(Br)cc1C[NH2+]CC(C)C)C(C)C
9979,9979,CSc1ccc(C(=O)c2cn(CC3CCCO3)c3ccccc23)cc1
9980,9980,Cn1ccnc1SCc1ccc(F)c(C#N)c1
9981,9981,Cc1nc2c(N3CC[NH2+]CC3)nccn2n1
9982,9982,COC(=O)c1sccc1NC(=O)CSc1cc(C)nc2ncnn12
9983,9983,Cc1ccc(S(=O)(=O)N2CCCN(C(=O)C3CCCN3C(=O)c3ccco3)CC2)cc1
9984,9984,Cc1ccc(SC2=C(Nc3ccc(Sc4ccccn4)cc3)C(=O)N(c3ccc4ccccc4c3)C2=O)cc1
9985,9985,CC1CCCCC1(C[NH3+])OC1CCOCC1
9986,9986,CC(C)c1nc(C(=O)N(C)C(C)(C)C(=O)[O-])nn1c1ccc(Cl)cc1
9987,9987,CC1C(=O)NCCN1C(=O)c1cccnc1
9988,9988,C[N+](C)(S)CCCCCCBr
9989,9989,O=C(c1ccc2c(c1)COC2)N1CCCCC1CCO
9990,9990,C[NH2+]C(C)(CO)CC(C)[NH+](Cc1cccs1)C(C)C
9991,9991,CCOC(=O)CNc1cnccc1C(=O)[O-]
9992,9992,CCOc1ccc(C(=O)N2CCC(CNc3cc(C)cc(C)n3)CC2)cc1
9993,9993,Cn1c(C2CCCN2S(=O)(=O)c2ccc(Br)cc2)cc2ccccc21
9994,9994,CCn1cc(CN(C)c2ccccc2)nn1
9995,9995,CC[NH2+]C(CCC(F)(F)F)c1sccc1OC
9996,9996,CC(=O)NC1C(OC2C(OCc3ccccc3)OC(COC(C)=O)C(OC3OC(COC(C)=O)C(OC(C)=O)C(OC(C)=O)C3OC(C)=O)C2OC(C)=O)OC(COC(C)=O)C(OC(C)=O)C1OC(C)=O
9997,9997,Cc1cc(F)ccc1S(=O)(=O)N1CCC2(CC1)[NH+]=C(c1ccccn1)NC2=O
9998,9998,COCCN(Cc1cccn1Cc1ccc(C)cc1)C(=O)Cn1nnc2ccccc21
9999,9999,O=C(Nc1ccc2c(c1)CCCO2)C1CCN(C(=O)C2COc3ccccc3O2)CC1
