,Unnamed: 0,Smiles
0,0,O=C([O-])CCc1csc(Nc2ccc(Cl)c(Br)c2)n1
1,1,COc1cc(NC(=O)c2ccco2)c(OC)cc1NC(=O)c1cccc([N+](=O)[O-])c1
2,2,O=C(NCCc1[nH]cc[nH+]1)c1ccc(N2CCCC2)c([N+](=O)[O-])c1
3,3,Cc1ccc(S(=O)(=O)NCCC(=O)Nc2nn(Cc3ccc(Br)cc3)cc2Cl)cc1C
4,4,Nn1c(SCc2nc3ccccc3[nH]2)nnc1c1cccc(Cl)c1
5,5,CC(C)C(NC(=O)CON=C1c2ccccc2-c2ccccc21)C(=O)[O-]
6,6,CCOC(C)Oc1ccc(C=Cc2ccc(c3ccc(OC(=O)C(CC)Oc4ccc(C=Cc5ccc(OCCC(C)CC)cc5)cc4)cc3)nc2)cc1
7,7,C[NH2+]C(C)CC(C)c1cccc(OC(C)C)c1
8,8,CC(C)N1CC(NC(=O)N2CCOC(C3CCC3)C2)CCC1=O
9,9,Cn1cc(C2=CC=C(c3oncc3C(=O)Nc3ccc(F)c(F)c3)CC2)cn1
10,10,O=C1c2ccccc2CN1CC1CCCCC1CO
11,11,O=C(C1CCCC[NH2+]1)N1CCSCC1
12,12,Cn1nc(c2ccccc2)nc1CN1CCCc2cc(N)ccc21
13,13,Cn1cc[nH+]c1CCC1=CC[NH2+]CC1
14,14,Cn1c(=O)oc2cc(N)ccc21
15,15,COc1cc(c2nc(C)c(C(=O)NC3(CO)CCCC3C)s2)cc(OC)c1OC
16,16,O=C(Nc1ccc(S(=O)(=O)Nc2cccc(F)c2)s1)c1csc(c2ccccc2Cl)n1
17,17,O=C(OC1COC2C(OC3CCCCO3)COC12)C(F)(F)F
18,18,CCOc1ccc(C(=O)NC(=S)Nc2ccc(C(=O)NC(C)c3ccccc3)cc2)cc1Br
19,19,COc1ccc(C(=O)[O-])c(N(CC2CC2)C(C)C)c1
20,20,C[NH2+]C(c1ccc2c(c1)CCC(=O)N2)c1ccnc(C)c1
21,21,COc1ccc(CCNC(=O)Nc2ccc(Oc3cccc(C)c3)cc2)cc1
22,22,O=C1COc2ccc(CNC(=O)N3CCC(c4ccccc4)C3)cc2N1
23,23,FC(F)(F)Oc1ccc(C(Br)c2cc(Cl)ccc2Br)cc1Br
24,24,CCCCCCC(CCCCCC)[NH2+]CC(N)=O
25,25,CCC(C)C(NC(C)=O)C(=O)NC1(C(=O)NC(Cc2ccccc2)C(=O)NC(Cc2ccc(O)cc2)C(N)=O)CCc2[nH]ccc2C1
26,26,CCOc1cc(C)c(c2csc(N)n2)c(C)c1C
27,27,Cc1ccc(c2cc(C(=O)NC(C)C)cc(c3nc(c4ccccn4)no3)c2)cc1
28,28,CCCCNC(=O)Cn1cccc1C(C)O
29,29,Cn1c(=O)c2ccccc2n(C2(C)CCS(=O)(=O)C2)c1=O
30,30,Cn1cncc1C([NH3+])Cc1ccccc1F
31,31,Cc1onc(c2ccccc2)c1C(=O)N1CCC(NC(=O)C2CC2)CC1
32,32,CC1CCc2sc(C(=O)Nc3ccc(N4CCC(CCO)CC4)cc3)cc2C1
33,33,COc1ccc(OCC(=O)N(Cc2ccc(Cl)c(Cl)c2)C(C)C(=O)NC(C)C)cc1
34,34,COC(=O)c1cnc(NC(=O)Nc2c(Cl)cccc2Cl)s1
35,35,Cc1c(N)cccc1SCC(=O)N(C)c1ccccc1
36,36,CC(=O)OC12COC1CC(O)C1(C)C(=O)C(OC(C)=O)C(OC(=O)OCC(Cl)(Cl)Cl)C3=C(C)C(OC(=O)C(O)C(NC(=O)OC4C[NH+]5CCC(CO)CC5N4)C(C)C)CC(O)(C(OC(=O)c4ccccc4)C21)C3(C)C
37,37,CCOC(=O)Nc1nnc(S(N)(=O)=O)s1
38,38,CCCCOC(=O)CSc1nnnn1Cc1ccccc1F
39,39,Cc1c(N=Cc2ccc[nH]2)c(=O)n(c2ccccc2)n1C
40,40,Cc1ccc(S(=O)(=O)Oc2ccc([N+](=O)[O-])cc2)cc1N
41,41,COC(=O)c1cc(C(F)F)c(Br)nc1Br
42,42,O=C1CC2(CCC2)[NH2+]CCN1C1CCC[NH+](Cc2ccccc2)C1
43,43,CCOP(=O)(CN1c2ccccc2C(=O)NCC1CO)OCC
44,44,Fc1ccc(Br)cc1c1nc(COc2ccccc2Cl)no1
45,45,CC(C)c1noc(CSc2ccc(C#N)cn2)n1
46,46,Cc1cc(Oc2cncc(Cl)c2)cc(C)c1C(C)C
47,47,O=C(C1CSCN1C(=O)c1cccs1)N1CCC(n2cccn2)CC1
48,48,CCC1CCc2[nH]c3ccc(F)cc3c2C1
49,49,CCOC(=O)c1c(NC(=O)CCn2ccc3ccccc32)sc(C(=O)NCC)c1C
50,50,COc1ccc(Cl)cc1C(=O)CSc1n[nH]c(=O)n1CC1CCCO1
51,51,CN(CC(=O)NC(=O)NC(C)(C)C)c1ccccc1O
52,52,Cc1c(NC(=O)C[NH+]2CCC(C(=O)NC(C)C(=O)Nc3cc(C(=O)NC4CCCC4)ccc3Cl)CC2)cccc1C(=O)N1CCC(C)CC1
53,53,CC(=NNC(=O)COc1ccc(C)c(C)c1)c1ccc(O)cc1
54,54,CCOC(=O)c1c(NC(=O)COC(=O)c2ccc3c(c2)C(=O)N(Cc2ccccc2Cl)C3=O)sc2c1CCC(c1ccccc1)C2
55,55,Cc1ccncc1CNC(=O)C1CNc2ccccc2O1
56,56,COC(=O)c1ccnc(C(C)=O)c1C
57,57,CCOC(=O)CSc1nnc(NC(=O)c2ccccc2SCC)s1
58,58,CCC(C)Oc1c(OC)cccc1c1nc(=S)o[nH]1
59,59,CCOC(=O)C1=C(C)N=c2sc(=Cc3cn(C)c4ccccc34)c(=O)n2C1c1ccc(OC(C)C)cc1
60,60,CC1CC2(CCC2)CC2(C1)CC(C)(C)CC2[NH3+]
61,61,Cc1cc(NC(=O)C(C)[NH+]2CCN(c3ccccc3Cl)CC2)no1
62,62,Cc1cc(NC(=O)c2ccc(Cl)c(Cl)c2)ccc1NC(=O)c1cnc(N2CCOCC2)cn1
63,63,O=C(CCc1ccccc1)NCCNc1ncnc2scc(c3ccccc3)c12
64,64,CC(C)CCNC(=O)C(C)[NH+]1CC(CC(=O)[O-])C1
65,65,Cc1cc(c2coc(C)n2)n(c2ccc(S(=O)c3nccn3C)cc2)n1
66,66,COc1ccc(C(=O)NC2CCCC2)cc1NC(=O)C(C)NC(=O)C1CC[NH+](C(C)C(=O)Nc2ccc(C(=O)N3CCCC3)cc2C)CC1
67,67,CSc1nc(C)cc(NC(=O)CCc2c(C)nc3ccccn23)n1
68,68,CCCc1cc(NCCCOC)nc(N)n1
69,69,CCn1cc[nH+]c1CC(C)C(O)COC
70,70,CC(C)N1CC([NH3+])CC1C(=O)[O-]
71,71,CCCCCOc1ccc(C[NH2+]C(C)C)c(F)c1
72,72,CCCCCNC(=O)C1(NC(=O)C(CC(C)C)NC(=O)C(C(C)C)N2C(=O)c3ccccc3C2=O)CC1
73,73,O=C(c1n[nH]c2c1C[NH+](Cc1c[nH]c3ccccc13)CC2)N1CCCCC1
74,74,CCCc1cc(C(=O)N2CCc3ccccc3C2)sc1C
75,75,COc1ccc(CCNC(=O)C2CCN(C(=O)c3ccc4ccccc4c3)CC2)cc1
76,76,CC[NH2+]C(C)c1c(F)cccc1N1CC(C)OC(C)C1
77,77,CS(=O)(=O)Nc1ccc(OCC2CN(Cc3ccc(Cl)nc3)C(=O)O2)cc1
78,78,CC(C)(CC#N)CNC(=O)c1cccc(N)n1
79,79,[NH3+]CCCCCC(=O)NCC1Cc2ccccc2O1
80,80,CCOC(Cn1c(CCCl)nc2cc(I)ccc21)OCC
81,81,CC1CCC(C#N)C(N2Cc3ccccc3NC2=O)C1
82,82,O=C(Nc1ccc(F)c(F)c1)c1c(Cl)ccc(Cl)c1Cl
83,83,COc1ccccc1c1c[nH+]c(c2ccccc2)n1Cc1ccccc1
84,84,C[NH2+]C(c1ccc(Br)cn1)c1scc(C)c1Cl
85,85,Cc1cc(c2ccc(NC(=O)Nc3cccc(C)c3)c(C(F)(F)F)c2)nn1CCO
86,86,N#Cc1ccsc1NC(=O)COC(=O)CCc1ccc(Cl)cc1Cl
87,87,CN=C=NC(=N[NH3+])c1cc(c2ccc(c3ccc(NC)nc3)s2)c[nH]1
88,88,CC(C)([NH3+])c1ccc(c2cc3cc(Cl)ccc3[nH]2)cc1
89,89,CCOc1cc(C(=O)NN=Cc2cc(Br)c(OCc3ccccc3Cl)c(OCC)c2)ccc1OCc1ccccc1
90,90,Cc1ccc(C2=C([NH+]3CCOCC3)C(=O)N(c3ccc(F)c(Cl)c3)C2=O)c(C)c1
91,91,CC(C)CC(NC(=O)OC(C)(C)C)C(=O)NC(C(=O)NC(CCC(=O)[O-])C(=O)[O-])C(C)O
92,92,[NH3+]C1CCCCCC1NC(=O)c1cn[nH]n1
93,93,COc1ccc(Cn2c(=O)n(Cc3nnc(C(C)C)o3)c(=O)c3ccccc32)cc1
94,94,COc1ccccc1CCNC(=O)c1ccc(NCc2ccccc2OC)nn1
95,95,Cc1nc(Cl)nc(N2CCC3(CC2)OCCO3)c1[N+](=O)[O-]
96,96,C[Si](C)(O[Si](C)(C)C)O[Si](C)(C)C
97,97,Cc1cc(CC(C)[NH3+])ccc1OCCOc1ccccc1
98,98,O=C(NCc1ccc(F)c(Br)c1)c1ccc(Br)s1
99,99,CC(C)N(CCC(N)=[NH2+])C(=O)N(C)CC1CCCC1
100,100,CC[NH2+]C(Cc1ccsc1)c1c(OC)cnn1C(C)C
101,101,O=C([O-])Cc1ccc(Sc2ccc(F)cc2[N+](=O)[O-])cc1
102,102,COc1c(OC(F)(F)F)ncc(S(=O)(=O)Cl)c1C[NH3+]
103,103,[NH3+]CCc1cc(Br)ccc1N1CCCC2CCCCC21
104,104,CNc1cc(N(C)CC(C)O)cc[nH+]1
105,105,COc1cc(n2c(N)nc3c(OC)ncnc32)c(F)cc1F
106,106,CC(=O)Nc1cc(NC(=O)C2CCCN2C(=O)C2CC[NH+](CC(=O)Nc3cccc(C(=O)Nc4ccc(C)cc4F)c3C)CC2)ccc1C
107,107,COc1ccc(C[NH+]2CCN(C(=O)Cc3nsc4ccccc34)CC2)cc1
108,108,CS(=O)(=O)N(CC(=O)Nc1ccc(Cl)cc1)c1ccc(F)c(F)c1
109,109,C[NH2+]CCC1CCN(C(=O)c2cn[nH]c2)CC1
110,110,COc1c(Cl)cc(C2=C(O)C(=O)N(c3ccccc3N(C)C)C2c2cccc(OC(C)C)c2)cc1Cl
111,111,C[Si](C)(c1cnc(c2ccccc2)c(Cl)c1)c1ccc(C=O)cc1
112,112,Cc1c(F)cc(CC(C)[NH3+])cc1S(=O)(=O)NC(C)CCC(C)C
113,113,CCOc1ccc(C(=O)Nc2ccc(F)c(F)c2)cc1COc1ccc(C)cc1Br
114,114,O=C(CNC(=O)c1ccc(Cl)c(Cl)c1)NC(Cc1ccccc1)C(=O)Cn1ncnn1
115,115,NC(=[NH+]OCC(=O)Nc1ccccc1)N1CCN(c2ccccc2)CC1
116,116,CC(C)(C)c1csc(NC(=O)c2ccc3c(c2)C[NH2+]CC3)n1
117,117,CCC1(C)CC(=O)N(Cc2cc(C(C)(C)C)c(O)c(C(C)(C)C)c2)C1
118,118,Cn1ncnc1NC(=O)c1cc(N)n[nH]1
119,119,CSc1ccc(C=NNc2nc(Cl)nc(Nc3c(Cl)cccc3Cl)n2)cc1
120,120,CC1CC1c1ccc(C=C2SC(=O)N(Cc3ccccc3Cl)C2=O)o1
121,121,CCCOC(=O)c1c(N)nsc1N(C)CC(F)(F)F
122,122,O=C([O-])C=CC(=O)Nc1cnc2ccccc2c1
123,123,Cn1cc(c2nc(C(=O)NC3C4(C)CCC(C4)C3(C)C)cs2)cn1
124,124,CC(C)=CC(=C[NH3+])C1=CCC(c2nc3cc(N4CCCC4=O)ccc3n2Cc2ccc(O)c(F)c2)C=C1
125,125,O=C(Nc1cnc(c2ncc[nH]2)nc1)NC1CCN(C(=O)c2ccco2)CC1
126,126,CC1CCN(C(=O)C[NH+]2CCC(C(=O)c3ccccc3)CC2)CC1
127,127,O=C([O-])N1CC[NH+](C2(c3cn[nH]c3)CCOC(c3ccc(F)cc3)C2)CC1
128,128,C=CCCCCCN(C)C(NCCCC[NH+]1CCC(C)CC1)=[NH+]C
129,129,O=C(Nc1nc2c(s1)COCC2)C1C[NH2+]CCO1
130,130,C=CCN(CCO)C(=O)NC(CCC(=O)[O-])C(=O)[O-]
131,131,CC(C)(C)CC(=O)NC(CC(=O)[O-])c1ccc(F)cc1F
132,132,CSc1nc(NC2CC2)cc(N2CCN(c3ccccc3)CC2)n1
133,133,CCOC(=O)C(C)(c1ccc(F)cc1)c1ccc(OC)c(OC)c1
134,134,CCCCN1C(=O)CCC(C(=O)Nc2cccc(I)c2)C1c1ccccc1OC
135,135,Cc1ccc(Br)cc1OCc1ccc(I)cc1
136,136,Cc1cc(C)cc(Oc2ncccc2NC(=O)C(C)Oc2ccc(F)cc2)c1
137,137,CCCCC(C[NH3+])N(C)C1CCC(C)CC1
138,138,O=C(C=Cc1cccnc1)Nc1nc(c2ccoc2)cs1
139,139,COc1ccc2c(c1)NCC(Cl)C(=O)N2
140,140,C=CCOc1ccc2c(=O)c(c3ccccc3)coc2c1CC
141,141,Cc1cc(C)nc(n2nc(C)c(CC(=O)N3CCc4ccccc4C3)c2C)n1
142,142,COc1cc(NC(=O)C(=O)Nc2cccc(C(=O)OC(C)C)c2)cc(OC)c1
143,143,CCC1CCCC(NC(=O)c2cn(C3CC[NH2+]CC3)nn2)C1
144,144,O=C(COC(=O)c1cn(c2ccccc2)nc1c1cccs1)c1ccc2c(c1)OCO2
145,145,COCCNC(=O)C(C)Oc1ccc2c(c1)OCC2=O
146,146,O=C([O-])CNC(=O)C(CC1CCCCC1)NS(=O)(=O)c1cccc(C(F)(F)F)c1
147,147,CCC(C)NC(=O)c1ccc(NC(=O)CNC(=O)C2CC[NH+](C(C)C(=O)Nc3cccc(C(=O)Nc4ccc(F)c(F)c4)c3C)CC2)cc1Cl
148,148,O=C1CN(c2ccccc2)C(=O)C(C2CC[NH2+]CC2)N1
149,149,Cc1nc(N(C)CC(C)C#N)ccc1Cl
150,150,Cc1cc(C)c(C#N)c(Oc2c(Br)cc(C=C(C#N)C(=O)Nc3cccc(Cl)c3)cc2I)n1
151,151,Cc1nn(c2ccccc2)c2nc(C3CC3)cc(C(=O)NC3(c4ccc(Cl)cc4)CCCC3)c12
152,152,Cc1nn(c2cccc(Cl)c2)c(C)c1C(=O)C(=O)N1CCCC1C
153,153,Cc1c(Br)cc(F)cc1C(=O)CCl
154,154,CCc1cccc(C)c1NC(=O)C(C)NC(=O)C1CC[NH+](C(C)C(=O)Nc2ccc(C(=O)Nc3ccccc3F)cc2C)CC1
155,155,O=C([O-])C1CC(O)(c2cc(Br)ccc2F)CO1
156,156,[NH3+]C1CCC(Oc2ccc([N+](=O)[O-])cc2Br)CC1
157,157,Cn1ccc(C(=O)NCc2ccccc2C2COCCO2)n1
158,158,CCC(C)c1nc2ccc(Br)cc2c(=O)n1N=Cc1c(C)nc2ccccn12
159,159,O=C(NCc1ccc(OC(F)F)cc1)N1CC[NH+](C2CCNC2=O)CC1
160,160,O=C([O-])C1COCC[NH+]1Cc1cc(Cl)cc2c1OCOC2
161,161,C=CCSCCNC(=O)C1([NH3+])CCCC(C)C1
162,162,O=C(CCCc1cccc(Cl)c1)N1CC[NH+](C2CC2)CC1
163,163,O=C(Cc1cccs1)NCC1CCCC1Br
164,164,O=C([O-])c1cc2cc(C(=O)NC3CCCC3)ccc2s1
165,165,Cc1cc(O)ccc1C(=O)NC1CCCC(C(=O)[O-])C1
166,166,CCOc1cc(N2CCC(n3cccc3)C2)nc(C)n1
167,167,N#Cc1cncc2c1NCC(CF)C2
168,168,CCCCOCCOCC(O)C[NH2+]Cc1ccoc1
169,169,O=C(c1ccccc1F)N1CC[NH+](Cc2nc(c3ccccc3)cs2)CC1
170,170,COc1ccc(c2cc(C(=O)Nc3cc(C)cc(C)c3OC)c3ccccc3n2)cc1
171,171,COc1ccc(C(N)=O)cc1NC(=O)C=Cc1ccc(OCc2cccc(F)c2)c(OC)c1
172,172,CCOC(=O)N1CCC(NC(NCCc2ccccc2)=[NH+]Cc2nnc(C)n2C)CC1
173,173,COc1ccc(C)cc1NC(=O)CN(c1ccccc1)S(=O)(=O)c1ccccc1
174,174,O=C(Nc1nc2cc(S(=O)(=O)N3CCOCC3)ccc2o1)c1ccco1
175,175,O=C([O-])C(Cc1ccccc1)[NH2+]CCc1ccncc1
176,176,C=CC1CC1(NC(=O)C1CC(Oc2cc(c3csc(N(C)C(=O)OCc4ccccc4)n3)nc3c(C)c(OC)ccc23)CN1C(=O)C(NC(=O)OC1CCCC1)C(C)(C)C)C(=O)NS(=O)(=O)C1CC1
177,177,C=CC(=O)Nc1cc(Nc2ncc(c3c(C)cccc3C)cn2)c(OC)cc1N1CCCCS1(=O)=O
178,178,CC(C)([NH3+])CCNC(=O)CC1C=CCC1
179,179,O=C(C1CCCN1c1ccccc1)N1CCN(S(=O)(=O)c2ccc(Cl)c(Cl)c2)CC1
180,180,COc1ccccc1C1C[NH2+]CCN1C(=O)Cc1ccc(F)c(F)c1
181,181,O=C(COc1ccccc1)N1CCOc2c1cccc2c1ccncc1
182,182,O=C(NCC1CCOC2(CCC2)C1)NC1CC[NH+](Cc2ccccc2)CC1
183,183,COc1ccc(C(=O)N(CCCc2ccccc2)CC(=O)NC(c2ccc(F)cc2)c2cccs2)cc1
184,184,CCOC(=O)Cc1c(Cl)nc(c2ccc(C(F)(F)F)cc2)nc1Cl
185,185,CC1CCN(C(=O)CCn2nc(c3ccccc3Cl)ccc2=O)c2ccccc21
186,186,Cc1cc(Oc2cccc(F)c2)c(CC[NH3+])cn1
187,187,CCOC(=O)c1c(NC(=O)CNc2cc(Cl)cc(Cl)c2)sc(C(=O)NC)c1C
188,188,COc1cc(NC(=O)COC(=O)c2ccc(n3cccc3)cc2)c(OC)cc1Cl
189,189,Cc1ccc(Cn2c(=O)c3c(cc(SCC(=O)N(C)C4CCCCC4)n3CC(C)C)n(C)c2=O)cc1
190,190,CC1CC=C(c2ccccc2C2CC(=O)N=N2)CC1
191,191,Cc1cc(C)cc(N2C(=O)C(O)=C(c3cccc4ccccc34)C2c2ccc(N(C)C)cc2)c1
192,192,CCCCc1ccc(N2C(=O)C(Cl)=C(Nc3cccc(C(=O)N4CCCCC4)c3)C2=O)cc1
193,193,CC(NC(=O)NCc1cccc2c1OCO2)c1nnc2ccccn12
194,194,COc1ccc(S(=O)(=O)Nc2c(C)cccc2Cl)cc1C(=O)[O-]
195,195,C=C(C)CNC(=O)c1ccc(Br)c(Cl)c1
196,196,CC(C)(C)C(=O)NCCNS(=O)(=O)c1ccccc1OC(F)(F)F
197,197,Cc1ccc(CNc2nccc(Nc3ccccc3Cl)n2)cc1
198,198,O=C1C(=O)N(c2ccccc2)C(c2ccc(O)cc2)C1=C([O-])c1ccc2c(c1)OCCO2
199,199,COc1cccc(CC(=O)N2CCN(c3ccccc3F)CC2)c1
200,200,CCC(C(=O)OCCOc1ccccc1)c1ccc(F)cc1
201,201,CC(CC(=O)[O-])CC(=O)NC(=O)NCc1cccnc1
202,202,Nc1ccc(CCNC(=O)c2cn[nH]n2)cc1
203,203,COC(=O)c1c(NC(=O)C(Sc2cccc(NC(=O)C(=Cc3ccc(Br)cc3)NC(=O)c3ccccc3)c2)c2ccccc2)sc2c1CCC(C)C2
204,204,Cc1c(Nc2c(C#N)cncc2c2ccccc2)ncnc1OC1CCN(C(=O)OC(C)(C)C)CC1
205,205,Cn1nncc1COc1nc(Cl)c(I)c(C(F)F)n1
206,206,Cc1cc(C)cc(OCC(=O)Oc2ccc(N3CCCC3=O)cc2)c1
207,207,CCOC(=O)c1c(C)nnn1Cc1ccc(OC)c(Br)c1
208,208,CC1CC(NC(=O)C2CCCCCC2[NH3+])CC[NH2+]1
209,209,[NH3+]CCOc1ccc(NCc2cc(F)c(Br)cc2F)cc1
210,210,Cn1cc(S(=O)(=O)N2CCCCC2CC[NH3+])cn1
211,211,Nc1ccc(NCc2ccccc2Br)c2ncccc12
212,212,Fc1ccc(OCC[NH2+]C2CC2)c(I)c1
213,213,CC(NS(=O)(=O)c1cc(N)c(F)cc1Br)c1ccccn1
214,214,Cc1oc(C(C)(C)C)nc1C(=O)N1CCCN(S(C)(=O)=O)CC1
215,215,Nc1ccc2ncnc(Nc3ccc4c(c3)OCCCO4)c2c1
216,216,CC(C)C[NH+]=C1NC(=O)C(=O)N1
217,217,COCC(C)n1cc(C)[nH+]c1N1CCCC1C[NH3+]
218,218,COC(=O)c1sc2nc(SC)nc(N)c2c1C
219,219,COc1ccc(Cn2nc(C)c(C=CC(=O)Nc3nnc(C)s3)c2C)cc1
220,220,Cc1nn(c2ccc(Cl)cc2)c2nccc(c3ccc(Cl)cc3)c12
221,221,Cc1ccc(n2ncc3c(N4CCC(C(=O)NCC[NH+](C)C)CC4)ncnc32)cc1C
222,222,Cc1nc(C)n(c2ccncc2C[NH3+])n1
223,223,CNc1cc([N+](=O)[O-])cc(OCCCC#N)n1
224,224,O=C([O-])c1ccc(OCC[NH2+]Cc2ccccc2)cc1
225,225,O=C(OCc1cncc(Br)c1)c1cc([N+](=O)[O-])ccc1N1CCOCC1
226,226,COC(=O)c1ccc(N)c(NCc2ccncc2)n1
227,227,CCOc1cccc(C[NH2+]CCc2[nH+]ccn2C)c1
228,228,Cc1nn(CC(=O)N2CCCC3CCCCC32)c(C)c1N
229,229,Cc1cc(Cl)ccc1NC(=O)CSc1nnc(c2ccco2)n1N
230,230,CCCCCCC(C)NC(=O)N1CCOCC1C(=O)[O-]
231,231,CCC1CCC(C2CCC(c3cc(F)c(OC=CC(F)(F)F)c(F)c3)CC2)CC1
232,232,Cc1ccc(S(=O)(=O)N(C)c2ccc(C)nc2)cc1
233,233,Cc1occc1C(=O)NCC1CCC[NH2+]C1
234,234,Cc1ccc(c2nc(NC(=O)C34CCCCC3C[NH2+]C4)sc2C)cc1
235,235,COCCN(CCOC)C(=O)c1cnccc1Cl
236,236,COc1ncccc1C[NH2+]C1(C)CCOC1C
237,237,CC(C)c1nnc(COc2c(N)cc(F)cc2Br)o1
238,238,CC1CCN(C(=O)c2cc(NC(=O)C[NH+]3CCC(C(=O)NCC(=O)Nc4cccc(F)c4)CC3)ccc2Cl)CC1
239,239,CCOc1cc(C(=O)NCc2cc(Br)cs2)cc(OCC)c1OCC
240,240,Cc1cc(F)ccc1NC(=O)c1cccc(C)c1NC(=O)C1CCCN1C(=O)C1CC[NH+](C(C)C(=O)Nc2cc(C(=O)N3CCCC3)ccc2Cl)CC1
241,241,COc1ccc(CN2C(=O)C([NH2+]C(CO)c3cc(OC)ccc3OC)C(OC(C)=O)([NH+]3CCOCC3)C2c2ccccc2)cc1
242,242,CC(OC(=O)c1cnc2n(c1=O)CCS2)C(=O)NC1CCCC1
243,243,Cn1ccc(C(=O)NCc2ccnc(n3cccn3)c2)n1
244,244,O=C1NCC2C1CCCN2C(=O)NCc1cccs1
245,245,CC(Br)CCNc1nccn2nc(C(F)(F)F)cc12
246,246,C=CCC1(Cc2ccc(F)cc2)SCCCS1
247,247,COc1ccc(S(=O)(=O)N2CCCC2)cc1C(=O)Nc1ccc(N2CCCCC2)cc1
248,248,COc1cccc(C(=O)N2CC[NH+](Cc3ccccc3)CC2)c1OC
249,249,COc1ccc(C(N)=O)cc1NC(=O)C1CC[NH+](C(C)C(=O)Nc2ccc(C(=O)Nc3ccc(C)c(F)c3)cc2C)CC1
250,250,Cc1ncc(C[NH+]2CCCC2Cn2ccnn2)s1
251,251,O=C([O-])C(O)c1ccsn1
252,252,COc1ccc(NS(=O)(=O)c2ccc(C#N)cc2)cc1S(=O)(=O)N(C)C
253,253,O=C(Nc1cnc(Cl)c(Br)c1)c1cc2c(s1)CCCCC2
254,254,N#Cc1cccc(NC(=O)CN2CCN(Cc3cccc(Cl)c3)C(=O)C2=O)c1
255,255,O=Cc1ccc(C#CC2CCCC2)cc1
256,256,CNc1cc(N(C)CC(F)F)nc(C(F)(F)F)n1
257,257,O=C(Nc1cccc(c2ncc[nH]2)c1)c1ccc(OC2CCOC2)cc1
258,258,CNc1cnccc1C(=O)NCCCC[NH+]1CCCC1
259,259,O=c1c(=Cc2ccc(c3ccncc3)o2)sc2nc(C=Cc3cccs3)nn12
260,260,Cc1ccc(S(=O)(=O)NC(Cc2ccccc2)C(=O)C(=O)C(=O)[O-])cc1
261,261,COc1ccc(Br)cc1C1C(C[NH3+])CC(=O)NC1(C)C
262,262,CCc1c(C(=O)N(C)CC(C)O)cnn1Cc1ccccc1
263,263,Cc1cc(=O)[nH]c(SC(C)C(=O)c2ccc3c(c2)CCC3)n1
264,264,CNc1cnc(COc2cc(Br)cc(C)c2C)cn1
265,265,COCCOCCOCCOCCC(C)(C)C[NH2+]C(C)(C)C
266,266,CCC(C)NC(=O)c1cc(NC(=O)CCNC(=O)C2CC[NH+](C(C)C(=O)Nc3cc(C(=O)N4CCC(C)CC4)ccc3Cl)CC2)ccc1Cl
267,267,Cc1nc(C)c(N=Nc2c(C#N)c(C)[nH]c2C#N)s1
268,268,CS(=O)(=O)Nc1c(C(=O)NCc2ccc(OCC3CC3)nc2)sc2ncccc12
269,269,Cc1[nH]nc(c2ccncc2NC(=O)c2cnn3cccnc23)c1c1ccncc1
270,270,CC(=O)OC1C2COC(O2)C1OP1(=O)OC1
271,271,Cc1cccc2[nH]c(c3ccc(C(F)(F)F)cc3)nc12
272,272,Cc1ccc(c2cc(C(=O)NCc3cccc(CNC(=O)c4ccccc4)c3)[nH]n2)cc1C
273,273,NC(N)=[NH+]CCCCC(=O)N(CC(=O)NCC(C=O)Cc1ccc(Br)s1)C(=O)C([NH3+])Cc1ccc(Br)s1
274,274,CC(C)[NH+]1CCN(C(=O)c2ccc(CNC(=O)c3cccnc3Cl)cc2)CC1
275,275,CC(=O)c1cnn2ccc(N3CCCC3)cc12
276,276,CNC(=O)Nc1ncc(C2CCN(C(=O)c3coc(C)n3)CC2)s1
277,277,C[NH2+]CCCNC(=O)C1(c2cccc(F)c2)CC1
278,278,CCOC(=O)c1cc(Br)cc2[nH]c3c(C(C)C)nc(N)nc3c12
279,279,CCOc1cc(c2nc(c3ccccc3C)no2)cc(OCC)c1OCC
280,280,C=CC1CC1(NC(=O)C1CC(Oc2nccc3cc(OC)ccc23)CN1C(=O)C(C)NC(=O)OCc1ccccc1)C(=O)OC1CC2(C)C(=CCC3C4CC=C5CC(O)CCC5(C)C4CCC23C)O1
281,281,CC1(C(=O)NC2CCOCC2)COC(c2nc(c3ccc(F)cc3)c(c3ccnc(c4cnc[nH]4)n3)[nH]2)OC1
282,282,CC1CCC2CC1CC2Br
283,283,Nc1cc(F)c(Br)cc1Nc1ccc(Cl)cc1F
284,284,CC1C=CC=C(c2ccc(c3ccc4c(c3)c(c3cccc5ccccc53)c3ccccc3c4c3cccc4c5ccccc5sc43)cc2)C1
285,285,COc1ccc(Br)c(C(=O)Nc2ccc(N3CC[NH+](C)CC3)cc2)c1
286,286,CC(CCC[NH3+])C(=O)Nc1nncs1
287,287,CC1CN(C(=O)NC2CCc3n[nH]c(=O)n3C2)CC(C)O1
288,288,Cc1ccc(n2nc(C(F)F)cc2C2CCCN2C(=O)c2csc(c3nccn3C)n2)cc1
289,289,O=C(C=Cc1ccc(Cl)cc1Cl)N1CC[NH+](Cc2ccc(F)cc2)CC1
290,290,C[NH2+]Cc1cnc(OCCOCCOC)cn1
291,291,COc1cc2cc(c1Cl)N(C)C(=O)CC(OC(=O)CCc1ccc3c(c1)OCO3)C1(C)OC1C(C)C1CC(O)(NC(=O)O1)C(OC)C=CC=C(C)C2
292,292,Cc1ccc(Cn2ccc3c(C)cccc32)cc1
293,293,CCOC(=O)c1c(NC(=O)COc2cc(C)ccc2[N+](=O)[O-])sc(C(C)=O)c1C
294,294,COC(=O)Cn1nnnc1C[NH+](C)Cc1ccccc1
295,295,CC(c1nnc(C2CCc3ccccc3O2)o1)C(O)(Cn1cncn1)c1ccc(F)cc1F
296,296,CC1CCN(c2ncccc2C(=O)N2CCC(c3ccccc3)CC2)CC1
297,297,N#CC1(NC(=O)C2CCCO2)CCOC2(CCOCC2)C1
298,298,CC1CCCN(S(=O)(=O)c2cccc(C(=O)N(Cc3ccc(F)cc3)Cc3cccs3)c2)C1
299,299,Cc1ccc(S(=O)(=O)N(CC(=O)N(Cc2ccc(F)cc2)C(C)C(=O)NC2CCCCC2)c2ccc(Cl)cc2)cc1
300,300,O=c1[nH]c2cc[nH]c2c(=S)n1C1CCCC1
301,301,O=C([O-])C1CCCN1c1ncc(Cl)cc1[N+](=O)[O-]
302,302,COc1cc(Nc2nccc(NC3COCC3O)n2)ccn1
303,303,CC(=O)NC(CC(=O)NCC(=O)NCC(=O)[O-])c1ccc(Cl)cc1
304,304,CCOc1cc(N2CCCC3CCCC32)nc(C)n1
305,305,CC(C)n1cc(C([NH3+])c2c(Cl)cnn2C)nn1
306,306,COC(=O)C1=C(C)NC(C)=C(C(=O)OCCOC)C1c1cccc([N+](=O)[O-])c1
307,307,Cn1cc(C(NN)c2cc3c(s2)CCCCC3)cn1
308,308,CC(C)COc1ccc(C(=O)NNC(=O)Cc2ccccc2Cl)cc1
309,309,Cc1ccc(N2CC(C(=O)Nc3ccc(c4nnc5n4CCCCC5)cc3)CC2=O)cc1
310,310,N#CC(=CNc1cc(Cl)ccc1Cl)C(=O)Nc1cccc([N+](=O)[O-])c1
311,311,C[NH2+]C(C)C(=O)Nc1ccc(SCC(=O)OC)c(c2ccoc2)c1
312,312,O=C(COc1ccc(Cl)cc1Cl)N1CCCCC1CCO
313,313,CCCCNC(=O)c1ccc(N2c3ccccc3CC2C)cn1
314,314,COCCn1nnnc1c1cc(N)ccc1O
315,315,COc1ccc(C[NH2+]Cc2cccc(COc3ccccc3)c2)cc1OC
316,316,Cc1cc(=O)oc2c(C[NH+](C)CCOCC(=O)N3CCN(C=O)CC3)c(O)ccc12
317,317,COC(=O)c1ccc(C(=O)OC)c(NC(=O)c2nnn(c3ccc(Br)cc3)c2C(F)(F)F)c1
318,318,Cc1nnc2n1-c1sc(C(C)(C)C)cc1C(c1ccc(F)cc1)NC2[NH3+]
319,319,CC(C)(C)C(=O)OCO[Si](C)(C)CCCO[Si](C)(C)C(C)(C)C
320,320,O=C([O-])Cc1ccc(OCCCCc2cccc(NC(=O)C3CCC[NH2+]3)c2)cc1
321,321,NC(=S)N(CCc1ccccn1)Cc1cc2cc3nc(c4cc(NC(=O)C56CC7CC(CC(C7)C5)C6)n[nH]4)cc(=O)n3cc2[nH]1
322,322,CSCCC(NC(=O)C(CCCC[NH3+])NC(=O)C([NH3+])Cc1c[nH]c2ccccc12)C(=O)N1CCCC1C(=O)NC(C(=O)NC(CC(N)=O)C(=O)NC(CCC(N)=O)C(=O)NC(C(=O)[O-])C(C)C)C(C)C
323,323,CCOc1cc(NCc2ccc(Br)cc2)nc(C)n1
324,324,COc1cc(NC(C)=O)cc(C(=O)NNC(=O)c2cc(O)ccc2Cl)c1
325,325,CCOC(=O)c1n[nH]nc1S(=O)(=O)Nc1ccc(O)c(O)c1
326,326,CCCCNC(=O)NC(=O)C[NH+](C)Cc1cccn1Cc1c(F)cccc1F
327,327,Cc1ccc(C2=CN3C(=O)c4cc(O)cc(O)c4C=CC3C(OC(=O)c3ccc(Cl)cc3)C2)cc1
328,328,CC[NH2+]C(C)(CCC[NH+](C)CC(C)CC)C(=O)OCC
329,329,COc1c(N)nsc1N1CCOCC1C
330,330,CC(C)(C)c1ccc(c2nnc(SCC(=O)Nc3ccc(NC(=O)C4CC4)cc3)n2c2ccccc2)cc1
331,331,COc1cccc(C(=O)COc2ccc(Cl)cc2Cl)c1
332,332,C[NH2+]C(C)Cc1ccc(c2cccc(C)n2)s1
333,333,CC1(C(=O)[O-])CCN(C(=O)NCc2ccc(OC(F)(F)F)cc2)C1
334,334,CCOc1cc(C(=O)N(C)c2ccc(OC)cc2)ccc1OCC(=O)[O-]
335,335,O=C(C[NH2+]C(c1ccccc1)c1ccccc1)NC1(c2ccccc2)CCC1
336,336,CN(C(=O)NCC1CCN(C(=O)c2ccc(Cl)cc2)C1)C1CC[NH+](C)CC1
337,337,CC(C)C(NC(=O)[O-])C(=O)N1CCC2(CC1)CC(=O)c1ccc(c3cnccc3C(F)(F)F)c(=O)n1C2
338,338,Cc1cc(C)cc(C(NN)c2cccc3cnccc23)c1
339,339,COc1ccc(c2nc(CCNC(=O)C(C)C)cs2)cc1
340,340,Cc1cc(C)cc(NC(=O)C[NH+]2CCN(C(=O)c3nc(c4cccc(N5CCOCC5)c4)oc3C)CC2)c1
341,341,COc1ccc(CSc2ncnc3c2ncn3C2OC(CO)C(O)C2O)cc1
342,342,CC(C)(C)OC(=O)C1(OC(=O)c2ccccc2)CCC2C3CCC4=CC(=O)C=CC4(C)C3C(O)CC21C
343,343,COc1ccc(S(=O)(=O)N(C)CC(=O)Nc2ccc(Oc3cccc(C)c3)cc2)cc1OC
344,344,CCC1(C[NH2+]CC2Cc3cc(c4c(F)cccc4F)ccc3O2)CC1
345,345,CCOC(C1CCCCC1)C(NN)c1cc(F)c(F)cc1F
346,346,CC(C)SC1CCCC([NH3+])C1
347,347,COC(=O)c1ccnc(NC(=O)C2CCCC2[NH3+])n1
348,348,Cc1ccc(N)c(C)c1S(=O)(=O)N1CCC(C(N)=O)C1
349,349,C=CCCCCCC([NH2+]CC)c1ccn(Cc2cncn2C)n1
350,350,O=c1c2c3c(sc2nc(N2CCCC2)n1c1ccccc1)CCCC3
351,351,Nc1cn(c2cccc3ccccc32)nc1c1cccc(OC(F)(F)F)c1
352,352,Cc1ccc2c(c1)c(=O)c(C(=O)NCC[NH+](C)C)cn2C
353,353,CC(C)CC1CC1NC(=O)N1CCCC(n2cccn2)C1
354,354,Cc1c(COc2ccccc2c2nn(C)c(N)c2C#N)cnn1C
355,355,CC(C)CSc1nc2c(c(c3ccc(C(F)(F)F)cc3)n1)CS(=O)CC2
356,356,CSc1nc2nc(C)c(CC(=O)N3CC[NH+](C4CCCCC4)CC3)c(C)n2n1
357,357,CCCS(=O)(=O)CCNCCOc1ccc(F)cc1
358,358,CSc1ccc(C(=O)CCCn2cnc3ccccc32)cc1
359,359,O=C([O-])c1ccc(NCc2cccc3c2OCO3)cc1Br
360,360,Cc1nc(C)n(C2CN(C(=O)c3ccc(n4cccc4)cc3)C2)n1
361,361,O=C(NCCC1CCC[NH2+]C1)c1ccc(F)cc1
362,362,CCCCCCCOCC(O)C[NH2+]Cc1ccccc1
363,363,O=C1COc2cc(C(=O)N3CCN(C(=O)C4CCCC4)CC3)ccc2N1
364,364,CCCCCC=CCC=CCCCCCCCCOC(=O)CCCC(=O)OCC(CO)OC(=O)CCCCCCC=CCC=CCC=CCC=CCC=CCCCCC
365,365,CNc1ncnc(N(C)CC(F)F)c1[N+](=O)[O-]
366,366,COc1ccc(CNc2ccc(n3nnnc3SC)cc2)cc1
367,367,CSc1cccc(NC(=O)CN(c2ccc(S(=O)(=O)N3CCOCC3)cc2)S(C)(=O)=O)c1
368,368,COCCNS(=O)(=O)NC1CCN(S(C)(=O)=O)CC1
369,369,CCC(CCO)NC(=O)NC1CCOC2(CCCCC2)C1
370,370,O=C(NCCc1ccc(OC(F)(F)F)cc1)c1cccc(Oc2ccccc2)c1
371,371,COC(=O)C(C)(CN1CCc2ccccc21)[NH2+]C1CC1
372,372,CCCCOC(=O)c1ccc(N2C(=O)C(O)=C(c3ccc(C)cc3)C2c2ccc(OCCC)c(OC)c2)cc1
373,373,CCCCC(NC(=O)OC(C)(C)C)C(=O)N1CCCC1c1[nH]c(c2ccc(c3ccc(c4c[nH+]c(C5CCCN5C(=O)C(NC(=O)OC)C(C)C)[nH]4)cc3)cc2)c[nH+]1
374,374,CC1(C(=O)Nc2ccc(Br)c(C=CC(=O)[O-])c2)CC[NH2+]C1
375,375,COc1ccc(Cl)cc1NC(=O)Cn1ccccc1=O
376,376,CCOC(=O)c1cc(NC(=O)CN2C(=O)C(=Cc3ccc(c4ccc(F)c(Cl)c4)o3)SC2=S)ccc1Cl
377,377,C=C(C(C)C)C1CC(C(CCC)C(=C)C)CC=CC1C
378,378,Cc1c(C#N)cc(C(F)F)c(N)c1C#N
379,379,O=C(Nc1nc(c2ccc3c(c2)CCO3)cs1)c1ccc(N2CCCCC2)c([N+](=O)[O-])c1
380,380,O=C(OCc1cc2c(cc1Br)OCO2)C1CC[NH+](Cc2cccc(F)c2)CC1
381,381,O=C(Cn1cnc2ccccc2c1=O)N1CCN(c2cc[nH+]cc2)CC1
382,382,CCOCCn1c(=NC(=O)Cc2ccc(OC)cc2)sc2cc(OCC)ccc21
383,383,COc1ccc(c2nnc(SCC(=O)Nc3ccc(Br)cc3OC)n2N)cc1
384,384,CC(C)C(C)([NH3+])Cc1nc(C2CCCCCC2)no1
385,385,CNS(=O)(=O)c1ccccc1C[NH2+]Cc1nc(C)no1
386,386,O=C([O-])CCC1CN(C(=O)CCn2cccn2)CC1C1CC1
387,387,Nc1c(Cl)cc(C(O)C[NH+]2CCN(c3ccc4c(c3)OCO4)CC2)cc1C(F)(F)F
388,388,CN(C(=O)NC1(C(=O)[O-])CCCC1)C1CC1
389,389,COc1ccc(C(C)C)cc1NS(=O)(=O)c1ccc(C(=O)NCCc2ccc(n3cncn3)cc2)cc1
390,390,O=C([O-])c1cc(Br)ccc1Oc1ccc(C(F)(F)F)nn1
391,391,CCOC(=O)c1cc2cc(S(=O)(=O)NC3CC3)ccc2s1
392,392,O=C(CCCn1c(=O)oc2cc([N+](=O)[O-])ccc21)Nc1ccc2[nH]cc(C(=O)[O-])c(=O)c2c1
393,393,Cn1c(SCC(=O)OCc2ccccc2)nnc1c1ccc(F)cc1F
394,394,CC1CCC(C(N)=O)CN1C(=O)CCc1csc(N)n1
395,395,CC1OC(c2ccc(OCCCO)cc2)=NC1(CCSc1ccccc1)C(=O)NNc1ccccc1
396,396,Cc1ccc(S(=O)(=O)n2c(C(N)=O)c(NC3CC[NH+](Cc4ccccc4)C3)c3cc([N+](=O)[O-])ccc32)cc1
397,397,Cc1cc([N+](=O)[O-])cnc1OC1CCC[NH2+]C1
398,398,CCC(C)C(NC(=O)C([NH3+])CCC(N)=O)C(=O)NC(Cc1ccccc1)C(=O)NCC(=O)NCC(=O)NC(C)C(=O)NC(CCSC)C(=O)NC(CC(C)C)C(=O)NC(CCSC)C(=O)[O-]
399,399,CCCc1c(Cl)ncnc1Oc1cccc(SC)c1C#N
400,400,CC(C)(C)c1ccc(S(=O)(=O)NCCc2nncn2C2CC2)cc1
401,401,COC(CNc1cccc(Cl)c1)OC
402,402,COc1cc(Br)c(CC2(O)CC[NH+]3CCCC3C2)cc1OC
403,403,COc1ccc([N+](=O)[O-])cc1NC(=O)C[NH2+]CC(N)=O
404,404,COC(=O)CCS(=O)(=O)Nc1cc(Br)ccc1F
405,405,CCc1csc(SCC(=O)c2ccc3c(c2)OCO3)n1
406,406,CCCc1ccc(C2(C)NC(=O)N(CC(=O)N(CCC)C(C)C(=O)[O-])C2=O)cc1
407,407,CCCc1c(C(=O)[O-])nnn1CCOc1ccc(C(C)(C)C)cc1
408,408,COc1cccc(C(=O)N2CCCc3cccnc32)c1OC
409,409,Cc1nc2c(cc1F)c(CCC#N)cn2C
410,410,CNc1cc(F)c(C(=O)OC)nn1
411,411,COCCOCCC(=O)N(CC[NH2+]C1CC(=O)N(c2ccc(CCCCNC(C)=O)cc2)C1=O)C1CC1
412,412,COc1ccc(SCCC(=O)N(C)Cc2cccc3ccccc23)cc1
413,413,COc1cccc(CC(=O)N2CCC(C(=O)N3CCCCC3)CC2)c1
414,414,O=C([O-])C(CCCc1ccccc1)C1CCCC1
415,415,CC(=O)N(C)C1CN(c2cc(C(F)(F)F)nc3sc4c(c23)CCCC4)C1
416,416,CC(C)COc1c(C[NH2+]C(C)CO)cccc1OCc1ccc(Cl)cc1
417,417,O=C(NCCCc1ccccc1)c1ccc2[nH]ccc2c1
418,418,C=CCN(C(=O)C1CCCCCC1[NH3+])C(C)C
419,419,Cc1cc(C)n(CC(=O)N2CCC(CCNS(C)(=O)=O)CC2)n1
420,420,O=C(c1ccc(Cl)c(Cl)c1)N1CCCC1c1nnc(c2ccccc2)o1
421,421,O=C([O-])c1ccc(CCc2ccccc2C(F)(F)F)s1
422,422,Cn1c(=O)c(N2CCC(C(=O)N3CCC(NC(=O)C4=CCC(C(C)(C)C)C=C4)CC3)CC2)nc2ccccc21
423,423,CC(=O)NCCCCCC(=O)N(C)CC(=O)Nc1ccccc1C
424,424,CS(=O)(=O)N(CCNS(=O)(=O)c1ccccc1F)c1ccc(Br)cc1
425,425,C=CCNc1nccn2nc(C(C)(C)C)cc12
426,426,COCCOc1ccc(NCC2CCC[NH2+]2)cc1
427,427,Cc1c[nH]c(OC(F)(F)F)c1I
428,428,C[NH2+]C(c1ccc(Br)c(Cl)c1)c1cccc(OC(F)(F)F)c1
429,429,C[NH2+]C(C)(CC(C)Oc1ccc(F)cc1F)C(=O)[O-]
430,430,COC(=O)c1c(NC(=O)c2cc(c3ccc4c(c3)OCCO4)nc3ccccc23)sc(C)c1C
431,431,C=CCc1cc(C=C2SC(=O)N(CC(=O)Nc3cccc(C(=O)OC)c3)C2=O)ccc1OCc1cccc(C(=O)[O-])c1
432,432,COc1ccc(CNc2ncnc(Sc3ccccc3C)c2[N+](=O)[O-])cc1
433,433,Cc1ccc(O)c(C(=O)C2C3CCCC2CC([NH3+])C3)c1
434,434,O=C(CCc1ccc(F)cc1)N1CCN(C(=O)C2COc3ccccc3O2)CC1
435,435,Cc1nc(CNC(=O)c2sccc2Cl)no1
436,436,CC(C)NC(=O)CCNc1cc(Cl)c(Cl)cc1Cl
437,437,CNc1nc(C(C)(C)C)nc(OCC2CCCCO2)c1C
438,438,Cc1c(Cl)cccc1Nc1nc(Nc2ccc(C(F)(F)F)cc2)c2ncn(C3CCN(C(=O)OC(C)(C)C)C3)c2n1
439,439,O=C(NCCCc1nc2ccccc2s1)C1CC(=O)N(Cc2ccccc2)C1
440,440,Cc1ccc(c2cnn(C)c2N)cc1C(=O)[O-]
441,441,Cc1ccc(SCCOCC[NH3+])c(C)c1
442,442,C[NH2+]CC(Cc1cc(Br)ccc1F)c1ccccc1Br
443,443,N#Cc1ccc(NCCc2nc(c3ccc(F)cc3)n[nH]2)cc1Cl
444,444,C=CCOC1CCN(c2cc[nH+]cc2)CC1
445,445,Cc1cc(C)cc(C(O)CCC[NH3+])c1
446,446,O=C([O-])CCCc1nnc(c2cc3ccccc3[nH]c2=O)o1
447,447,O=C(CNC(=O)c1cccc([N+](=O)[O-])c1)NN=Cc1ccccc1F
448,448,Cc1ccc(c2nc(SCC(=O)Nc3cccc(C(F)(F)F)c3)n[nH]2)cc1
449,449,Nc1cc([N+](=O)[O-])ccc1S(=O)(=O)NCC[NH+]1CCCC1
450,450,CC(=O)c1ccc(OCCNc2cc[nH+]c(C(N)=O)c2)cc1
451,451,COC(=O)c1ccc(CN2C(=O)OC(c3cc(Cl)c4c(c3)OCCO4)C23C(=O)Nc2ccc(Cl)cc23)cc1
452,452,Cc1ccc(C(O)c2cc(C)c(Br)s2)o1
453,453,Cc1nn(c2ccccc2)c(C)c1C=CC(=O)Nc1ccccc1C(=O)NCc1ccco1
454,454,CCC(C)Nc1nc(Nc2ccc(C#N)c(Cl)c2)c2nnn(C3CCCN(C(=O)OC(C)(C)C)C3)c2n1
455,455,CC[NH2+]C(c1cc2cccc(Cl)c2o1)C1CCC(C)O1
456,456,COc1ccccc1NC(=S)Nc1sc2c(c1C(=O)c1ccccc1)CCCCC2
457,457,Cc1cc(C(=O)N2CCCC2)ccc1NC(=O)C1CCCN1C(=O)C1CC[NH+](C(C)C(=O)Nc2cccc(C(=O)Nc3ccccc3F)c2C)CC1
458,458,Cc1c(C(=O)Nc2nc(c3ccc(Br)cc3)cs2)oc2ccccc12
459,459,CC1Cc2ccccc2N1C1CCSC1
460,460,O=C(NC(Cc1cc(=O)oc2cc(N3CCCCCC3)ccc12)C(=O)[O-])c1ccc(C(F)(F)F)nc1
461,461,CCC1COC(C)CN1c1ncc2nnc(=O)n-2[nH]1
462,462,Cn1ncc2c1CCCC2[NH2+]Cc1ccc(Br)o1
463,463,Cc1nc(CNS(=O)(=O)c2cccnc2Cl)n[nH]1
464,464,CC(C)(C)[NH2+]CC1CCCN(S(=O)(=O)NCc2ccccc2)C1
465,465,Cc1cc([N+](=O)[O-])ccc1OCC(=O)Nc1cccc(Cl)c1C
466,466,CCOc1cccc2cc(C(=O)Nc3cccc(n4cnnn4)c3)c(=O)oc12
467,467,Fc1ccc(CSc2nncn2N=Cc2c(Cl)cccc2Cl)cc1
468,468,COCCNC(=O)CCn1cc(C)c(C)n1
469,469,Cc1cc(N2CCCC2)ccc1C=CCl
470,470,Cc1cc(NC(=O)C[NH2+]C2CCCCCC2)n(C)n1
471,471,COC(=O)c1cncc(N(C)c2ccc(OC)c(OC)c2)n1
472,472,COc1ccc(C)cc1CC(=O)Cc1c(F)cccc1Cl
473,473,CC(=O)C1=C([O-])C2(O)C(=O)C3=C([O-])c4c(ccc(C)c4O)CC3C(O)C2([NH3+])C1=O
474,474,Cc1cc(F)ccc1C(O)c1cn[nH]c1
475,475,Cc1ccc2c(c1)N(CC(=O)Nc1ccc(I)cc1)C(=O)C(C)O2
476,476,N#Cc1cnc2c(F)c(F)c(F)cc2c1
477,477,CCC1CCCC(Oc2ccc(C[NH2+]C)cc2)C1
478,478,Cc1cc(C)cc(Oc2ccnc(C(=O)[O-])c2)c1
479,479,CCCc1ccc(OCc2c(C[NH3+])c(C)nn2C)cc1
480,480,[NH3+]CC1CCCc2oc(C3CCOCC3)nc21
481,481,CC(=O)c1ccc(N2C(=O)C(O)=C(c3ccc(Cl)c(Cl)c3)C2c2ccc([O-])c([N+](=O)[O-])c2)cc1
482,482,Fc1cc(Br)cc(F)c1OC(F)F
483,483,COc1ccc(N2C(=O)C3(Oc4nc5cc(OC)c(OC)cc5n42)C2C(c4ccc(OC)cc4)C4CC5CC(C2)C3(C5)C4)cc1
484,484,CC(C)(C)C(=O)CCc1cnc2ccccc2c1
485,485,CC1CCC(C)C(C)([Si](Cl)Cl)C1
486,486,O=C(C1CC1)N1CCC(c2nnc(c3ccncc3)o2)CC1
487,487,COc1ccc(C(N)=[NH2+])cc1COC
488,488,O=C(NC(c1ccccc1)c1ccccc1)Oc1ccccc1
489,489,COc1ccccc1c1nn(C[NH+]2CCN(Cc3ccccc3)CC2)c(=S)o1
490,490,N#CCCc1csc2c(O)cccc12
491,491,CC(C)C(NC(=O)C(CC(=O)[O-])NC(=O)CNC(=O)C([NH3+])Cc1ccccc1)C(=O)NC(CS)C(=O)NCC(=O)[O-]
492,492,CC(C)(C)[NH2+]Cc1c(Cl)ccc2cccnc12
493,493,CC(C)[NH+](CCC(N)=[NH+]O)C1CCOC2(CCOCC2)C1
494,494,COC(c1nc(N)nc(C2CCOCC2)n1)C1CC1
495,495,CC(C)C[NH2+]CC(Cc1ccc(F)cc1)Cc1ccc(F)cc1
496,496,Cc1[nH]nc(C(=O)N2CC(CO)OCC2C)c1[N+](=O)[O-]
497,497,CCc1cccc(C)c1NC(=O)c1ccc(COc2ccc3c(c2)CCC3)o1
498,498,Cc1cc([N+](=O)[O-])cnc1N1CC[NH+](CCF)CC1
499,499,CCOC(=O)c1c(NC(=O)COC(=O)c2ccc(Cl)c(S(=O)(=O)N3CCCCCC3)c2)sc2c1CCC2
500,500,CCCOCCC(=O)NC(C1CC1)C1CC1
501,501,CC(C)C[NH+]1CCN(c2ccc(C[NH2+]C(C)(C)C)cc2F)CC1
502,502,CC(C)CS(=O)(=O)c1ccccc1C(=O)Nc1ccc(Oc2ccc3c(c2)C(=O)NC3=O)nc1
503,503,CCC(C)C(O)C(=O)NCC1CN(c2ccc(N3CCN(C(N)=O)CC3)c(F)c2)C(=O)O1
504,504,Nc1cnc(c2cc(Cl)cc(Cl)c2)nc1N
505,505,O=C([O-])CCCS(=O)(=O)NC1(C(=O)[O-])CCOC1
506,506,CC(=NNC(=O)Cn1cnnn1)c1ccccc1Cl
507,507,C[NH2+]C(C)c1nnc(N(CC2CC2)C2CC2)o1
508,508,CC1=NN(c2ccc(Cl)cc2)C(=O)C1=Cc1cc(I)c(OCc2ccc3ccccc3c2)c(I)c1
509,509,CC(C)CNc1nncc(Nc2ccc(F)cc2)n1
510,510,CC(C)(C(=O)N1CCCC(CO)C1)c1ccc(Br)cc1
511,511,COc1ccc(OC(F)(F)F)cc1C[NH+]1CCc2[nH]c(c3ccncc3)cc2C1
512,512,Cc1cc(C)cc(N2C(=O)C(Sc3nc(C)cc(C)n3)=C([NH+](C)Cc3ccccc3)C2=O)c1
513,513,Cc1c(C(=O)[O-])nnn1Cc1ccccc1F
514,514,NC(=[NH2+])c1ccc(OCCCC(=O)Nc2nccs2)cc1
515,515,C[NH2+]C(CCS(C)(=O)=O)c1c(C)cc(C)cc1OC
516,516,CCOc1ccc(C=C2SC(=S)N(c3cccc([N+](=O)[O-])c3)C2=O)cc1Cl
517,517,CC(C)C(C)[NH2+]CC(=O)NC1CC1
518,518,C=CCOC12Oc3ccc(Oc4ccc([N+](=O)[O-])cc4)cc3C3C(CCCCO)C(CCCCO)C=C(C(=NOCC)CC1N(Cc1ccc4c(c1)OCO4)C(=O)OCCCl)C32
519,519,C=CCN1C(=O)C(=Cc2ccc(C)cc2)SC1=[NH+]c1c(C)cccc1C
520,520,Cc1ccc(N2C(=O)C(=Cc3ccc(N4CCOCC4)cc3)C(=O)N(c3ccc(C)c(C)c3)C2=O)cc1C
521,521,C[NH2+]CC(c1ccc(C)c(C)c1)c1c[nH]c2cc(Cl)ccc12
522,522,COc1ccc(C(=O)C=Cc2cccc(C)c2)c(O)c1
523,523,Cn1cc(CCNC(=O)NC2CCC(C(=O)[O-])CC2)cn1
524,524,CC1CCC(CNc2ncncc2I)CC1
525,525,O=S1(=O)CCCN(CCC2CCC2)c2ccc(F)cc21
526,526,CCCc1cc(=O)n2nc(Nc3ccc(Oc4ncccc4C#N)cc3)sc2n1
527,527,COc1cc(NC(=O)C(C)Sc2nc3sc4c(c3c(=O)n2CCc2ccccc2)CCC4)c(OC)cc1Cl
528,528,CCc1ccc(N(Cc2cn(C3C[NH2+]C3)nn2)c2nc3c(F)cc(F)cc3s2)cc1
529,529,Cc1cc(C)cc(OCCOC(=O)CNC(=O)c2ccco2)c1
530,530,CSc1ccc(NC(=O)CN(c2cc(Cl)ccc2C)S(=O)(=O)c2ccc(C)cc2)cc1
531,531,CC(C)(C#N)CCC[NH2+]Cc1c(Cl)ccc(F)c1Cl
532,532,C=CCN(CC=C)S(=O)(=O)c1ccc(C(=O)Nc2ccc3c(c2)CCN3C(=O)C2CC2)cc1
533,533,CSCC(C)CNc1c(F)ccc(C)c1F
534,534,CCc1[nH+]ccn1Cc1ccc(C(N)=O)cc1Br
535,535,O=C(CN1C(=O)CSc2ccccc21)Nc1ccc2c(c1)OCCO2
536,536,Cc1cc(NC(=O)CC2(CC(=O)[O-])CCC2)ccc1C(=O)NC1CC1
537,537,Cc1cc(F)c(C[NH+]2CCc3c(c(C(=O)N4CCOCC4)nn3c3ccccc3)C2)cc1F
538,538,COc1c(Cl)cc(Cl)c(C)c1C(=O)N1CC[NH+](Cc2cccs2)CC1
539,539,CC(=O)Nc1cc(c2onc(C)c2Nc2ccc(NC(=O)Nc3cc(C(F)(F)F)ccc3F)c(F)c2)ccn1
540,540,COc1ccc(CCNc2ccnc(Nc3ccccc3OC)n2)cc1
541,541,CCCC=CCC=CCC=CCC=CCCCCCC(=O)OCC(COP(=O)([O-])[O-])OC(=O)CCCCC=CCC=CCC=CCC
542,542,COc1ccc(CN(C(=O)CSc2nnnn2C2CCCCCCC2)C2CC2)cc1
543,543,CCOc1ccc(NC(=O)c2cccc(S(=O)(=O)N3CCN(C=O)CC3)c2)cc1
544,544,COC(=O)c1ccc(NC(=O)CN(c2ccc(Oc3ccccc3)cc2)S(C)(=O)=O)cc1
545,545,O=C(CN1C(=O)COc2ccc(C(=O)C[NH2+]CC3CCCO3)cc21)N1CCC(C[NH+]2CCOCC2)CC1
546,546,Cc1c(C(=O)NCc2cccc(Oc3ccc(F)cc3)c2)oc2c1C(=NNC(=O)c1ccncc1)CCC2
547,547,CCOC(=O)C1=C(C)NC(C)=C(C(=O)OCCC#N)C1c1ccc(c2ccccc2C#N)cc1
548,548,O=C(C=Cc1c(Cl)nc2ccccn12)NCc1ccc(N2CCCCC2)cc1
549,549,COc1ccc(S(=O)(=O)N2CCCC2C(=O)NCc2ccc(Cl)cc2)cc1
550,550,Cc1c(Cl)cccc1NCc1c(C)n[nH]c1C
551,551,O=Cc1cc(c2ccc3c(c2)OCO3)oc1C(F)(F)F
552,552,CC(C)CC([NH3+])C(=O)NC(CC(C)C)C(=O)NC(C(=O)NC(CC(C)C)C(=O)NC(CCCC[NH3+])C(=O)NC(CC(C)C)C(=O)NC(CCC(N)=O)C(=O)NC(CCC(=O)[O-])C(=O)NC(CC(=O)[O-])C(=O)NC(CCCC[NH3+])C(=O)NC(CC(C)C)C(=O)NC(C)C(=O)NC(CCC(N)=O)C(=O)NC(CCC[NH+]=C(N)N)C(=O)NC(CC(C)C)C(=O)NCC(=O)NC(CC(C)C)C(=O)NC(CCC[NH+]=C(N)N)C(=O)NCC(=O)NC(CC(C)C)C(=O)NC(C)C(=O)NC(CCC(N)=O)C(=O)[O-])C(C)O
553,553,O=C([O-])COCC(=O)c1ccc(C2CCCCC2)cc1
554,554,O=C(COc1c(Cl)c(Cl)c(Cl)c(Cl)c1Cl)Nc1cccc(C(F)(F)F)c1
555,555,CC1CN(c2nc3n(n2)CCCC3)CC1C(=O)[O-]
556,556,CC(C)NC(=O)C(=O)NN=Cc1ccccc1Cl
557,557,COc1ccc(C[NH2+]Cc2ccccc2C[NH+](C)C)cc1Cl
558,558,COc1ccc(C(=O)Nc2cccc(C(=O)c3nn(C)c(=O)c4ccccc34)c2)cc1
559,559,CC[NH2+]C(CN1CCCC(CCO)C1)c1ccc(C)cc1
560,560,O=C(CC1CCC[NH2+]C1)C1CCC1
561,561,CC(=O)NC(Cc1c[nH]c2ccccc12)C(=O)NC(Cc1c[nH]c2ccccc12)C(=O)NC(CC(=O)[O-])C(=O)NC(CO)C(=O)NC(CCC[NH+]=C(N)N)C(=O)NC(CCC(N)=O)C(=O)[O-]
562,562,Cc1cc(C)c(S(=O)(=O)NCCC(=O)NC2c3ccccc3CC2O)c(C)c1
563,563,Cc1ccc(n2ncc(C#N)c2NC(=O)CNC(=O)c2cc(C)cc(C)c2)cc1
564,564,COc1cc2c(C(N)=O)ccc(C3=CC(C#N)=CCC3C)c2c(F)c1C1C2CC(C[NH+]=C(N)N2)C1C
565,565,COc1ccc2c(c1)N(C)C(=O)N(C)C(CO)C(c1cccc(F)c1)O2
566,566,Cc1cc(C)cc(OC(C)C(=O)N2CCC3CCCCC3C2)c1
567,567,COC(=O)C(C[NH3+])Cc1cnc(c2cccc(Cl)c2)nc1
568,568,CC(C)CC(NC(=O)CNC(=O)c1ccc(C(F)(F)F)cc1)C(=O)[O-]
569,569,Cc1onc(c2ccccc2Cl)c1C(=O)N1CCC(n2c(=O)[nH]c3ccccc32)CC1
570,570,CC1=C(C(=O)N(C)C)C(c2ccc(C)c([N+](=O)[O-])c2)n2nc(c3ccc(Br)cc3)nc2N1
571,571,Cn1c(CNC(=O)C2(C)CC[NH2+]CC2)nc2cnc(N3CCN(C(=S)NCc4ccco4)CC3)nc21
572,572,Cc1cc([N+](=O)[O-])ccc1NC(=O)COC(=O)c1c2c(nc3ccccc13)CCCC2
573,573,Cn1ncnc1CC(NN)c1ccc(F)c(Cl)c1
574,574,CCNC(=O)Nc1cc(C(C)(C)C)nc2ccccc12
575,575,Cn1nnc(Br)c1S(=O)(=O)N1CCOCC1C(N)=O
576,576,Cc1cc(C(=O)COC(=O)c2ccccn2)c(C)n1Cc1ccco1
577,577,O=C([O-])C(O)COc1ccc(Cl)cc1
578,578,O=C(NC(c1ccccc1)c1cccs1)c1ccc2c(c1)C[NH2+]C2
579,579,CCn1nc(C)c(Br)c1CNc1cccc(n2cnnn2)c1
580,580,O=C(NCC1(CO)CC1)c1ccc(Cl)cc1Br
581,581,CC[NH2+]C(c1snnc1CC)C1CSc2ccccc2O1
582,582,Cc1cc(SC#N)cc(C)c1NC(=O)CSc1n[nH]c2c3ccccc3nc-2n1
583,583,C=CCN(CC=C)c1ccc(N)c(OCC=C)n1
584,584,Cc1ccc(C(C)[NH2+]C(C)c2cc(C)oc2C)s1
585,585,CCC(C)c1nnc(N2CCC(c3noc(C)n3)CC2)n1C
586,586,CCOC(=O)c1ccc(NC(=O)CSc2nnc(C3CCN(C(=O)OCC)CC3)n2N)cc1
587,587,N#CCc1sc2cccc([S-])c2c1I
588,588,Cc1[nH]c(C(C)Cl)nc1c1ccc2c(c1)CCO2
589,589,CSCC(C)C[NH2+]Cc1cc(Br)c(Br)s1
590,590,COCCOc1ccc(NCc2ccc(S(=O)(=O)N(C)C)cc2)cc1
591,591,CC(C)N(C(=O)c1ccnc(NN)c1)C1CCCC1
592,592,CCOC(=O)c1c(C(F)F)nc(C(F)(F)F)cc1N
593,593,C=C(C[NH2+]C)C[NH+](C)C1CC[NH+](C)CC1
594,594,COc1ccc(CN(CCC[NH+]2CCOCC2)C(=S)NCc2ccc(Cl)cc2Cl)cc1OC
595,595,CCC(C)(OC)C(Cc1cccc(Br)c1)NN
596,596,COc1ccc(NC(=S)N2CCS(=O)CC2)cc1
597,597,O=C1NCCCc2[nH]c(c3cncs3)cc21
598,598,CCOc1nc(N)nc(NCCc2[nH+]ccn2C)n1
599,599,Cc1nn(c2ccccc2C(=O)[O-])c2c1CCN(C(=O)CC(C)C)C2
600,600,Cc1cc([N+](=O)[O-])ccc1Oc1cc(Cl)ccc1C#N
601,601,COc1cnc(Cl)nc1NCc1ccn(C)n1
602,602,CC1CCCC(NC(=O)c2cccc(N)c2)C1C
603,603,Cn1cncc1C1CN(C(=O)C2CCCCC2CN2CC[NH2+]CC2=O)CCO1
604,604,COc1ccc(Cc2nnc(SCc3cc(=O)n4c(C)csc4n3)n2CC2CCCO2)cc1
605,605,CC(C)COc1ccc(C=CC(=O)NC(=S)Nc2ccc(Oc3ccccc3)cc2)cc1
606,606,CCOC(=O)c1ccsc1NC(=O)COC(=O)c1cnc(c2ccccc2)s1
607,607,O=C(Nc1ccc(CO)cc1)c1ccccc1
608,608,O=C1C(=O)N(CCCl)c2ccccc21
609,609,CCCCCN1C(=O)C(O)=C(C(=O)C(C)(C)C)C1c1ccccc1OC
610,610,O=c1nc[nH]c(NCCSC(F)(F)F)c1Br
611,611,COc1c(Cl)cc(Br)cc1C(Br)c1cc(Br)ccc1C
612,612,COc1ccc(C=CC(=O)NC(C)C(O)c2ccc(F)cc2)cc1F
613,613,CCOC(=O)Oc1ccc(CC(NC(=O)Cc2ccccc2)C2C(=O)CCCC2=O)cc1
614,614,CC(C)(C)[Si](C)(C)OCCn1c(=O)oc2cc(CN3C(=O)C4(CC[NH2+]CC4)c4cc(Cl)ccc43)ccc21
615,615,O=C(CC1CCC[NH2+]1)Nc1ccc(Cl)cn1
616,616,FC(F)(F)SSc1ccccc1
617,617,CC1(C(=O)NCc2ccccc2)C(c2ccccc2)=NN1c1ccccc1
618,618,COc1ccc(C(=C2C=C(c3ccc(OC)cc3)CC(=NCc3ccc(OC)c(OC)c3)C2=O)C(=O)OC)cc1OC
619,619,CC1=C(C(=O)OCC(C)C)C(c2ccc(C(C)(C)C)cc2)NC(=O)N1
620,620,CC(C)NC(=O)N1CCOc2ccc(c3cccc(NC(=O)c4ccc(Cl)c(Cl)c4)c3)cc2C1
621,621,[NH3+]CC1CN(c2ncncc2Cl)CCO1
622,622,Cc1cc(C)c(C(=O)c2occc2C)s1
623,623,CCC1=NOC(c2ccccc2)C1
624,624,O=Cc1cc(I)cc([N+](=O)[O-])c1OC(F)(F)F
625,625,CC1CCC([NH2+]C2CCOC2C2CC2)CC1
626,626,Nc1ccc(C[NH+]2CCCC2c2ccccn2)nc1
627,627,O=C1C(=Cc2cc(Cl)ccc2Oc2ccc([N+](=O)[O-])cc2Cl)SC(=S)N1CC1CCCO1
628,628,COc1ccc(C=NNC(=O)c2[nH]c3c4ccccc4ccc3c2C)cc1[N+](=O)[O-]
629,629,C=CCSCCNC(=O)N(C)CCC#N
630,630,CC1CN(C(=O)C2(C#N)CC3CCC2C3)CCS(=O)(=O)C1
631,631,CC(C)(C(O)c1ccncc1)N1CC[NH2+]CC1
632,632,Cc1ccc(NS(=O)(=O)c2cc(C(=O)Nc3c(C)n(C)n(c4ccccc4)c3=O)ccc2C)cc1C
633,633,COc1ccc(Nc2nc(NC3CCCCC3)c3cnn(C(C)(C)C)c3n2)cc1
634,634,Cc1nnsc1C(=O)Nc1ccnn1Cc1cc(Cl)c2c(c1)OCCCO2
635,635,C[Si](C)(C)CCOCn1nc(c2ccccc2)c2c(=O)ncn(C3CC3)c21
636,636,CC(C)=CC(CO[N+](=O)[O-])[N+](=O)[O-]
637,637,O=C1NC(=O)C(=Cc2cn(c3ccccc3)nc2c2ccc3c(c2)OCO3)C(=O)N1
638,638,CC1CCC[NH+](Cc2cccc(CNC(=O)C3CCN(S(=O)(=O)c4ccc(Cl)cc4)CC3)c2)C1
639,639,CC(C)OC(=O)CSc1nc(=O)cc(N)[nH]1
640,640,CC(=O)OC(C(=N)c1ccccc1)c1ccccc1
641,641,Cc1cc(Br)cc(C)c1Nc1cnnc(N(C)C2CCS(=O)(=O)C2)n1
642,642,O=C(Cc1ccc(OCc2ccccc2)cc1)NCC1CC[NH+](Cc2ccc(Cl)cc2Cl)CC1
643,643,CC1CC(Cc2ccccc2)[NH2+]1
644,644,CCCCc1c2ccccc2nc(c2ccc(OC)c(Br)c2)[n+]1C
645,645,COc1cccc(CC(=O)c2cc(Br)cnc2N(C)C)c1F
646,646,CC1CCN(c2nc(Cl)nc(N3CCCCC3)n2)CC1
647,647,COc1ccc(C(C)C)cc1S(=O)(=O)NCC1CCC[NH+](Cc2cscn2)C1
648,648,CC(=O)Nc1cccc(C)c1Nc1nccc(C(=O)Nc2ccc(N(C)C)cc2)n1
649,649,COC(=O)C=Cc1cnc(n2cccn2)c(c2ccccc2OC)n1
650,650,CC(C)OC(=O)C=Cc1ccccc1NC(=O)C(C)C
651,651,CCOC(=O)c1c(C)n(CC(=O)N(C)CCc2ccc(C(C)(C)C)cc2)c2ccccc12
652,652,O=C1CN(C2CCCCC2)C(=O)N1Cc1cncnc1
653,653,CCC(C)c1ccc(OCCNC(=O)COC(=O)c2c(C)cc(n3cnnn3)cc2C)cc1
654,654,O=C(CS(=O)(=O)c1ccc(Cl)cc1)Nc1ccccc1C(=O)N1CCN(c2ncccn2)CC1
655,655,Cc1ccc(S(=O)(=O)OCCC2CCCC=C2c2ccc(C[NH+]3CCOCC3)cc2)cc1
656,656,[NH3+]C1(c2csnn2)CC1
657,657,CCOCCCNc1ccc([N+](=O)[O-])cn1
658,658,C=CCOC(=O)c1c(C)nc2c(sc3nc(C)cc(C)c32)c1N
659,659,O=C(Nc1ccccc1O)c1ccc(CN2C(=O)CCC2=O)cc1
660,660,COC(=O)C(Cc1cnc[nH]1)[NH2+]C(C(=O)OC(C)(C)C)C(C)C
661,661,COC(=O)c1c(C)cc(COc2cccc3c2CCC3=O)cc1Cl
662,662,COc1ccc(C(c2c([O-])c3ccccc3oc2=O)c2coc3ccccc3c2=O)cc1
663,663,COCCOc1nccc(C(=O)[O-])c1Cl
664,664,O=C(NCc1cccs1)c1coc(C[NH+](Cc2ccc3c(c2)OCO3)Cc2cccc(C(F)(F)F)c2)n1
665,665,COc1ccc(C(=O)N2CCC(NS(=O)(=O)c3ccc(C)cc3)CC2)cc1C
666,666,O=C(NCC1(CO)CCC1)NC1C2CCOC2C12CCCC2
667,667,Nc1ccc(Sc2nccc(=O)[nH]2)c(C(F)(F)F)c1
668,668,O=C([O-])c1cc(S(=O)(=O)[N-]c2ncco2)ccc1F
669,669,C=CC1CC1(NC(=O)C1CC(Oc2nc(c3ccccc3Oc3ccccc3)nc3ccccc23)CN1C(=O)C(NC(=O)OC1CCCCC1)C(C)(C)C)C(=O)NS(=O)(=O)C1CC1
670,670,C=CCN1C(=O)C(=Cc2ccc(OCc3c(Cl)cccc3Cl)c(OC)c2)SC1=S
671,671,[NH3+]C1CCC(n2nccc2NC(=O)c2ccsc2)CC1
672,672,CCOC(=O)c1cccc(N)c1N1CCN(c2cc(C)ncn2)CC1
673,673,CC(C)C(NC(=O)C(CCC(N)=O)NC(=O)C([NH3+])Cc1ccccc1)C(=O)NC(CCC[NH+]=C(N)N)C(=O)[O-]
674,674,CC1[NH2+]CCn2c(C(=O)CCl)cc(=O)c([O-])c21
675,675,CC(C)n1ncnc1CC(=O)C1(C[NH3+])CCCCC1
676,676,N#Cc1ccccc1Cn1c(=O)[nH]c2ccc(C(=O)[O-])cc21
677,677,CN(C)c1[nH+]cc2cc(Cl)ccc2c1NC
678,678,Cc1ccc(CN2CC(C(F)(F)F)n3nc(C(=O)NC4CC[NH+](Cc5ccccc5)CC4)cc3C2=O)cc1
679,679,Cc1nc(NCc2ccno2)ccc1N
680,680,CC(C)(CO)C[NH2+]CC(=O)Nc1ccccc1
681,681,COC(C[NH3+])CC(=O)NCC1(O)CCOC1C
682,682,CC(C)C(=O)C(C)(C)N1CC[NH2+]CC1
683,683,O=C([O-])C1CN(C(=O)C2(c3cccc(F)c3)CC2)c2ccccc21
684,684,COc1ccc(C(OCC2OC(n3ccc(=O)[nH]c3=O)C(O[P+](=O)O[P+](=O)O)C2O)(c2ccccc2)c2ccc(OC)cc2)cc1
685,685,CCC1CN(C(=O)OC(C)(C)C)CCN1C(=O)c1cc2cnc3c(c2s1)CCCN3C(=O)c1cc(F)c(F)c(F)c1
686,686,COC(=O)C([NH2+]CC1CCCCC1)c1cc(F)ccc1F
687,687,CC(C)CC(NC(=O)c1ccc(N2CCC(O)CC2)c(n2nc(c3cccnc3)ccc2=O)c1)C(=O)[O-]
688,688,Cn1c(CCCCCC[NH2+]C2CC2)nc2ccccc21
689,689,O=C([O-])C1CCC(CNc2ncc([N+](=O)[O-])s2)CC1
690,690,COC(=O)c1ccc(S(=O)(=O)Nc2nn(Cc3ccc(F)cc3)cc2C)cc1
691,691,CC(C)(CO)Cn1ccc2cc(Br)ccc21
692,692,COc1cc2ncnc(Nc3ccc(F)c(Cl)c3)c2cc1OCCC[NH+]1CCC(OC)CC1
693,693,O=C(c1cnn(c2ccccc2)n1)N1CCCC1Cn1ccnn1
694,694,CCc1c(C[NH2+]C2CCC(C(=O)OC)CC2)oc2ccccc12
695,695,Cc1c(NC(=O)C(C)[NH+]2CCC(C(=O)NC(C)C(=O)Nc3cccc(C(=O)N4CCCC4)c3C)CC2)cccc1C(=O)NC1CCCCC1C
696,696,COc1c(C)c(F)c(S(=O)(=O)Cl)c(C)c1C
697,697,COc1ccc(S(=O)(=O)N(C)CC(=O)N(Cc2ccc(F)cc2)C2CC2)cc1C
698,698,CC(C)(C)c1ccc(C2(C)OCC(CC(=O)[O-])O2)cc1
699,699,Cc1ccc(N(c2ccc(C3(c4ccccc4)c4ccccc4-c4c3ccc3sc5ccccc5c43)cc2)c2ccccc2c2ccccc2)cc1
700,700,CCc1sc(C(=O)OCC(=O)N2CCN(C(=O)OCC)CC2)cc1C
701,701,O=C1CCN(C(=O)c2cn3cnc4c(c3[nH+]2)CCCC4)CCN1
702,702,COc1cccc2c1OC(c1ccccc1)CC2(O)c1ccc(OC(C)C)cc1
703,703,COc1ccc2c(c1)C1(CC[NH+](C3CC3)CC1)CN2C(=O)c1ccc(Cl)cc1
704,704,Cc1cc(NC(=O)c2ccccc2)ccc1NC(=O)c1ccccc1NC(=O)c1ccco1
705,705,CCCCC(C)Nc1cccc(C[NH+]2CCC(Cc3ccccc3)CC2)n1
706,706,COc1cccc(CC2(C3(n4c(=O)[nH]c5cc(OC)c(OC)cc54)NC(=O)NC3=O)CC(=O)N(C3CC3)C2=O)c1
707,707,O=C([O-])C1CC[NH+](C(c2cccc(OC(F)(F)F)c2)C2CC[NH+](C3=CC=CCC3)CC2)CC1
708,708,CSc1ncc(NC(=O)N2CCOCC2C(=O)[O-])cn1
709,709,CC1Oc2ccc(c3ccc4cc(c5ccc(c6nc7ccccc7c7ccccc67)cc5)ccc4n3)cc2NC1=O
710,710,CCn1cc(CNc2ccc(C)cc2[N+](=O)[O-])cn1
711,711,CC(C)c1cc(C(=O)N2CCOC(c3ncon3)C2)n[nH]1
712,712,Fc1ccccc1Cc1nc(C2CCCCC2)c(C[NH2+]C2CC2)s1
713,713,CCOc1ccc(N(CCC(=O)NCc2ccc(Cn3cccn3)cc2)C(C)=O)cc1
714,714,CC(C)(C)C([NH3+])CC(=O)Nc1ccccc1C(=O)NCc1ccco1
715,715,CC(C)(C)[Si](C)(C)OC1CCCCCCC1=O
716,716,CCOc1cc(F)c(Cn2cc(C(=O)[O-])c(=O)c3cc(Oc4nc5ccccc5[nH]4)ccc32)cc1F
717,717,CC(=O)c1ccc(OCC2COc3ccccc3O2)c(Cl)c1
718,718,Cc1nnnn1C(=Cc1cccc(Cl)c1Cl)C(=O)NNC(=S)Nc1ccc([N+](=O)[O-])cc1C
719,719,CCCCC(=O)Nc1nc(c2ccc3c(c2)OCO3)cs1
720,720,O=C1CCC(c2ccccc2)[NH+]2CCc3c([nH]c4ccccc34)C12
721,721,Cc1ccc(O)c(NCc2c(Cl)cnn2C)c1
722,722,O=C1CC([NH+]2CCC(C(=O)Nc3cccc(N4CCCC4)c3)CC2)CN1c1ccc(F)cc1
723,723,CC1CC1NC(=O)N1C2CCC1C(CO)C2
724,724,FC(F)(F)c1ccc(C(Br)CCc2ccco2)s1
725,725,[NH3+]CC1(NC(=O)c2c(F)c(F)c(F)c(F)c2Cl)CCC1
726,726,CCOc1cccc(C2C(=C([O-])c3cccc4ccccc34)C(=O)C(=O)N2c2ccc(F)cc2)c1
727,727,CC(=O)c1cccc(NC(=O)c2cccc(I)c2)c1
728,728,CNc1nccc(Oc2ccccc2OC)n1
729,729,C[NH2+]C(C)C(=O)NC1CN(C(=O)OCc2ccccc2)CCC1(C)c1cc(c2ccc(NS(=O)(=O)CCO)cc2)c(Cl)cn1
730,730,CC[NH2+]C(Cc1ccco1)c1cncc(Br)c1
731,731,COc1ccccc1N(C)S(=O)(=O)c1ccc(C(=O)N(Cc2ccsc2)c2nc3ccc(Br)cc3s2)cc1
732,732,COc1ccc(S(=O)(=O)N(C)C)cc1NC(=O)CSc1nnc(c2ccco2)n1c1ccc(C)cc1
733,733,[NH3+]CCOC(=O)N1CCC(F)C1
734,734,CC(C)C(=O)N1CCCc2cc(C[NH+](Cc3cccnc3)Cc3ccco3)ccc21
735,735,CC(C)=CCC(O)C(C)(C)NC(=O)OC(C)(C)C
736,736,N#CC(C#N)=C(C(=S)Nc1ccccc1Cl)c1ccncc1
737,737,NC(N)=[NH+]CCCC([NH3+])C(=O)NC(CS)C(=O)NC(Cc1ccc(O)cc1)C(=O)[O-]
738,738,Cc1cc(OCCCC(=O)Oc2c(Cl)cc(Br)cc2Cl)ccc1Cl
739,739,Nc1cccc(CCC(=O)OCc2nonc2C(NC=O)=[NH+]c2cccc(Cl)c2)c1
740,740,CC[NH2+]Cc1cccc(F)c1N1CCCC(COC)C1
741,741,CC(=NNS(=O)(=O)c1ccc(C)cc1)c1ccccc1
742,742,CCc1cnc(C[NH+]2CCC3(CCCN(CC(F)(F)F)C3=O)C2)o1
743,743,CCOC(=O)c1cnn(c2ccc(C(=O)NC(CCCCNC(=O)[O-])C(=O)[O-])cn2)c1C(F)(F)F
744,744,CCc1ccsc1C(=O)N1CC(C)([NH3+])C1
745,745,CCCCCCOCC(O)CP(=O)(OCC)OCC
746,746,COC(=O)NC(C(=O)N1CCCC1c1[nH]c(c2ccc(c3ccc(c4c[nH+]c(C5CCCN5C(=O)C(NC(=O)OC)C(C)OC)[nH]4)cc3)cc2)c[nH+]1)c1ccccc1
747,747,CC1CCc2nc3sc(C(=O)N4CCCC4)c(N)c3c(=O)n2C1
748,748,Cc1cc(C)n(c2cccc(C[NH+]3CCC4(CCN(C(=O)c5ccccn5)CC4)CC3)c2)n1
749,749,CCCCCCC(C)Nc1ccc(S(C)(=O)=O)cc1N
750,750,CCOc1ccc(C(=O)NCCc2csc(c3ccncc3)n2)cc1OC
751,751,O=C(Nc1ccc(N2CCNC2=O)cc1)c1sccc1c1ccccc1
752,752,CC1CC(C)N(S(=O)(=O)c2ccc(I)cc2)C1
753,753,CC(c1nc2ccccc2s1)N(C)C(=O)CCNC(=O)c1cc2ccccc2[nH]1
754,754,CCc1ccc(C(=O)[O-])c(c2cccc(C#N)c2)c1
755,755,Cc1ccn(c2nc3c(F)cc(F)cc3cc2N)n1
756,756,COc1ccccc1n1c(SCc2noc(c3ccccc3Cl)n2)nnc1c1ccccc1
757,757,CC(C)(C)c1ccccc1C(=O)Cc1cc(Cl)cc2c1OCOC2
758,758,COc1ccc(NC2=C(c3ccc([N+](=O)[O-])cc3)C(=O)N(C3CCCCC3)C2=O)cc1Cl
759,759,CCOC(=O)C1=C(COC(=O)c2ccccc2n2nnn(C)c2=O)NC(=O)NC1c1ccccc1
760,760,[NH3+]C(c1cncnc1)c1ncccc1Cl
761,761,CC[NH2+]C(CCC1CCCCC1)c1ccc(C)c(C)c1
762,762,CCOC(=O)C=Cc1ccccc1COCCC[Si](C)(C)O[Si](C)(C)C
763,763,Cc1ccc(CN2CC(NC(=O)N3CCCN(C)c4ccccc43)CC2=O)cc1
764,764,CC(=O)OC1CCC2(C)C3(C)CCC4C(C)(C)C(O)CCC4(C)C3CCC2(C)C1(O)CO
765,765,C[Si](C)(C)c1cscn1
766,766,N#CC1(C(=O)OCc2ccccc2)CSC2C([NH3+])C(=O)N2C1
767,767,CC(C)CN(c1nc(C[NH2+]C2CC2)cs1)C1CC1
768,768,Cc1[nH]cnc1CNc1nc(N)ncc1[N+](=O)[O-]
769,769,Fc1cccc(Cl)c1COc1ccc(CBr)cc1Cl
770,770,CSCC(C)C(=O)N1CCC(n2ccc(N)n2)C1
771,771,CSc1ccc(CNC(=O)c2scnc2C)cc1
772,772,Cc1ccc(c2cc(C(=O)NCC(=O)Nc3ccc(F)c(F)c3F)[nH]n2)cc1
773,773,CC(C)c1c(C(=O)NN=Cc2ccc(O)cc2O)cnn1c1nc(=O)cc(c2ccccc2)[nH]1
774,774,O=C1C=CC(=O)C2C1c1ccccc1C21CCCC1
775,775,Nc1ccc2[nH]c(c3cc4ccccc4[nH]3)cc(=O)c2c1
776,776,C=CCN1C(=O)C(=CC=C2CCC(C=CC3=[N+](C)c4ccc5ccccc5c4C3(C)C)=C2Cl)SC1=S
777,777,Cc1ccc(c2nc(COc3ccc(NC(=O)C4CCN(S(=O)(=O)c5cccnc5)CC4)cc3)c(C)o2)cc1
778,778,CC(C)(C)c1cc2cc(C(O)(c3cncs3)C(C)(C)C)ccc2[nH]1
779,779,Cc1nn(CC(C)C)c(Cl)c1C=CC(=O)N1CCC(c2nc3ccccc3o2)CC1
780,780,CC(C)c1ccc(CCc2ccc([S-])cc2)cc1
781,781,CCn1nc(C)c(Br)c1CC(C)(C[NH3+])N(C)C(C)C1CC1
782,782,C=CCC1(C(=O)OCC)c2ccccc2-c2cc3c(cc21)OC(F)(F)C3(O)F
783,783,CC1CC[NH+](Cc2ccnc(Cl)c2)CC1[NH3+]
784,784,Cc1nc2c(c(N3CCOCC3)n1)CN(C(=O)c1ccc(COc3ccc(C)cc3)cc1)CC2
785,785,CC(C)C(NS(=O)(=O)c1ccc(N2CCCC2)c([N+](=O)[O-])c1)C(=O)[O-]
786,786,COCCOCCOCCOCCOCCOCCOCCOCCOCCOCCOCCOCCOCCOCCOCCOCCOCCOCCOCCOCCOCCOCCOCCNC(=O)CCC(C)C1CCC2C3C(OC)CC4CC(OC(=O)CC5CCC6OC(C(C)OC)C65)CCC4(C)C3CC(OC)C12C
787,787,CC(C)C(C[NH3+])NS(=O)(=O)c1cccc(C(F)(F)F)c1
788,788,Cc1nc(C(=O)N2CC3(CCC3)c3ccccc32)c(C)s1
789,789,CC(C)C(=O)C(C#N)=C[NH+]1CCN(c2ccccc2)CC1
790,790,CC1C[NH+](CCNC(=O)c2sc(N(C)Cc3ccccc3)nc2N)CCO1
791,791,Cn1nc(C(=O)N2CCC(C)(C)C2)c(=O)c2ccccc21
792,792,Cn1cc(CCC=O)c(c2cccc(Br)c2)n1
793,793,Cc1ccc(S(=O)(=O)NCCC(=O)N(CCc2ccccc2)Cc2ccccc2)cc1
794,794,CC(C)(C)CC1[NH2+]C(C(=O)Nc2ccccc2NS(C)(=O)=O)C(c2cccc(Cl)c2F)C12C(=O)Nc1cc(Cl)ccc12
795,795,Cc1c(C#N)nn(c2ccccc2Cl)c1c1ccccc1
796,796,CCC1CCC2C(C)C(=O)CCC2C2(C)CCC(O)CC12
797,797,C[NH2+]CCCC[NH+]1CCC(C2CC2)CC1
798,798,CCCCCn1c(N)c(N(C)C(=O)C=Cc2cn(c3ccccc3)nc2c2ccccc2)c(=O)[nH]c1=O
799,799,CC(C)C[NH2+]CC1(c2ccc(Br)s2)CCCCC1
800,800,NC(=[NH2+])c1ccccc1CSc1ccccc1Cl
801,801,O=C([O-])CC1Nc2ccccc2Sc2ccccc21
802,802,O=C(c1cc2ccccc2o1)N1CCN(C(=O)N2CCCC2)CC1
803,803,O=C(Cc1ccccc1)Nc1ccnn1Cc1ccncn1
804,804,COc1ncc(c2cc(N(C)c3ccc(NC(=O)Nc4cc(C(C)(C)C)nn4c4ccccc4C)cc3)ccn2)cc1OC1COC1
805,805,O=C(CN(c1ccc(Br)cc1)S(=O)(=O)c1ccccc1)NN=Cc1ccc(OC(=O)c2ccc([N+](=O)[O-])cc2)cc1
806,806,O=C(Nc1ccc(I)cn1)C1CCCO1
807,807,O=C1NC(=O)C(CC(=O)N2CC[NH+](C3CCCCCCC3)CC2)N1
808,808,NC(=N[NH3+])c1ccc(NC(=O)COc2nnco2)cc1
809,809,COC(=O)c1ccc(n2c(C)cc(C=C3C(=O)NC(=O)N(c4cccc(Cl)c4)C3=O)c2C)cc1
810,810,CSCCNc1cc(Cl)c(F)cc1N
811,811,CCc1cc2cccc(NCc3ccc4c(c3)OCO4)c2o1
812,812,CC(C)(C)[NH2+]Cc1ccn(c2ccccc2F)n1
813,813,CC1CN(C(=O)CC2(c3ccc(F)cc3)CCCCC2)C(C(C)C)CO1
814,814,CCOC(=O)C1(c2ccc(c3ccccc3c3nnn(C(c4ccccc4)(c4ccccc4)c4ccccc4)n3)cc2)COC1
815,815,O=C(Nc1cccc(Cl)c1)C1CC[NH+](Cc2ccc(c3ccccc3Cl)o2)CC1
816,816,COc1ccc(C=CC(=O)c2ccc(Cl)s2)cc1COc1cc(C)ccc1Cl
817,817,CC(C)NC(C#N)COc1ccc(C(F)(F)F)cc1
818,818,C[NH2+]Cc1ncccc1C[NH+]1CCSC(C)C1C
819,819,C=CCN(CCC)C(=O)C1C2OC3(CC2Br)C1C(=O)N(C(CO)C(C)C)C3C(=O)N(CC=C)c1ccc2ccccc2c1
820,820,CC(OC(=O)c1cc(S(N)(=O)=O)ccc1Cl)C(=O)Nc1cccc(C(F)(F)F)c1
821,821,Cc1ccnc([N-]S(=O)(=O)c2ccc(NC(=O)c3cccnc3)cc2)n1
822,822,CC(Sc1nnc(C2CC2)n1C1CC1)C(=O)Nc1ccc(F)cc1
823,823,COc1cc2c(cc1OC)C(COc1ccc(C)cc1)[NH2+]CC2
824,824,CCOc1cc(C(=O)OCC(=O)Nc2ccc(Cl)cc2F)cc(OC)c1OC
825,825,CSc1nc2c(c(NCc3ccccc3C(F)(F)F)n1)C(=O)N(CC(C)(C)C)C2
826,826,Cc1cc(C)c(C)c(S(=O)(=O)Oc2cccc(C)c2C)c1C
827,827,Cc1ccc(CN2CC[NH+](Cc3nc(=O)cc(N)[nH]3)CC2)cc1
828,828,CC1CCn2nc(C(=O)NCc3cccnc3)cc2C1
829,829,O=C([O-])c1ccc(COc2cccc(Cl)c2Br)cc1
830,830,[NH3+]C(CCC(=O)[O-])C(=O)NCCCCC(NC(=O)C(Cc1ccc(O)cc1)NC(=O)CNC(=O)C(CCC[NH+]=C(N)N)NC(=O)C([NH3+])Cc1ccc(O)cc1)C(=O)[O-]
831,831,CC(C)(C)OC(=O)n1c(=O)c2ccccc2nc1c1ccccc1
832,832,COCCCN(C)c1nc(C)c(C(C)[NH2+]C)s1
833,833,CC(C)CC1C(=O)NCCN1C(=O)C(C)[NH+]1CCC(n2cc(c3ccncc3)nn2)CC1
834,834,CC(=O)N(Cc1cccc(OS(=O)(=O)Cc2ccccc2)c1)C1CC1
835,835,COc1nn(C)cc1C(=O)Nc1ccc(NC(C)=O)cc1
836,836,CCOC(c1noc(c2cc(C(C)C)on2)n1)C(C)C
837,837,CC(=O)C(CC1=C(C(=O)OCc2ccccc2)N2C(=O)C(NC(=O)CC(=O)OC(C)(C)C)C2SC1)NC(=O)C1CCCCC1
838,838,Cc1cc(C(=O)N2CC[NH+](C(C)C)CC2)nc(N2CCCC2)n1
839,839,Cc1cc(C(=O)C2C(C)OC(C)C2(C)C)ccc1N
840,840,O=C(Nc1ccc(Cl)c(Cl)c1)Nc1nnc(Cl)cc1Cl
841,841,N#CC1CC2C=CC1C2
842,842,COc1cc(NC(=O)N2CCC(NC(=O)c3ccc(F)cc3Cl)CC2)cc(OC)c1
843,843,Cc1cc(c2cc(S(=O)(=O)Nc3ccc(C[NH3+])cc3)c(C)n2C)ccn1
844,844,Nc1c(Cl)cc(C(=O)NCc2noc(C3CC3)n2)cc1Cl
845,845,O=C(NCCc1cccc(F)c1)c1cccnc1Br
846,846,O=C(C=Cc1ccc(OCc2cc(Cl)cc3c2OCOC3)c(I)c1)c1ccccc1
847,847,COCC(C)Nc1cc(C(=O)OC)c(F)cc1N
848,848,COc1ccc(C[NH2+]C2CCCN(C)C2)cc1O
849,849,COC(C)Oc1c(Br)cccc1C1CC[NH2+]CC1
850,850,Cn1ccnc1C(O)(CC(=O)NCc1cccc(OCc2ccccc2)c1)C(F)(F)F
851,851,CCOC(=O)CC1OC(n2ccc(N)nc2=O)CC1O
852,852,COc1c(Br)ccc(Cl)c1C1(C(=O)[O-])CCCCC1
853,853,COCC(=O)Nc1cc(C(=O)[O-])ccc1OC
854,854,Cc1ccc(NC(=O)NC2CC(c3ccc(F)cc3)[NH+](Cc3ccncc3)C2CCC(=O)[O-])cc1Cl
855,855,O=C(NNC(=O)c1ccccc1)c1ccc(I)cc1
856,856,CCOc1cc(C(=O)Nc2nc3c(s2)CCCCCC3)cc(OCC)c1OCC
857,857,Cc1ccc(Br)c(Nc2nc3ccccn3c2C=O)c1
858,858,CCc1ccsc1C(=O)N1CCCCC1(C)C(=O)[O-]
859,859,CCCCC[NH+]1CCC(C[NH2+]C(C)(C)C)C1
860,860,Cn1nccc1N1CCCC(COc2ccc3ncc(c4cnn(C)c4)nc3c2)C1
861,861,CCOc1c(Br)cc(C=NNC(=O)c2ccc(F)cc2)cc1OC
862,862,COc1ccccc1CCC(=O)Nc1nc2c(C)cc(Cl)cc2s1
863,863,Cc1cc(C(=O)C2CC2c2ccc(C(C)(C)C)cc2)no1
864,864,N#Cc1cc(F)c2c(c1)NCCO2
865,865,C[NH2+]CC(Cc1ccccn1)Cc1c(Br)c(C)nn1C
866,866,COC(=O)c1ccc(C[NH+](CC(=O)Nc2cccc(OC)c2)Cc2ccco2)o1
867,867,C=C(COc1ccc(C(C)(C)CC(C)(C)C)cc1)C[NH+]=C[NH+]=CN(C)C1C2CC3CC(C2)CC1C3
868,868,Cc1ccc([N+](=O)[O-])cc1NC(=O)c1ccc(CN(Cc2ccc(C)cc2)C(=O)c2cccnc2)cc1
869,869,COc1cc(OC)cc(N2CCCC(c3cc(Cn4cccn4)ccn3)C2)c1
870,870,CCCCCCOc1ccc2sc(C)nc2c1
871,871,CCn1c2ccccc2c2cc(NC(=O)Cc3cccc4ccccc34)ccc21
872,872,CC(C)(C)N(C(=O)[O-])C1(C(=O)NC(Cc2ccccc2)Cc2ccccc2)CC[NH+](Cc2ccc(c3ccccc3)cc2)CC1
873,873,COCC(O)C[NH2+]CC1CCCCC1C
874,874,CC(C)[NH+]1CCN(c2ccc(C3CCc4c(N)cccc4N3)cn2)CC1
875,875,CCC1(c2ccc(NC(=O)c3ccc(OC(C)C)cc3)cc2)CCC(=O)NC1=O
876,876,O=C(CCNC(=O)c1ccsc1)NC1CC[NH+](CCc2ccccc2)CC1
877,877,COC(=O)C(C)(CCCCN1C(=O)C2C3C=CC(C3)C2C1=O)NC(=O)OC(C)(C)C
878,878,Cc1nc(N)sc1C(=O)Nc1cnn(CC(=O)N(C)C)c1
879,879,C=CCn1c(SCC(=O)c2c[nH]c3ccccc23)nnc1c1ccncc1
880,880,Cc1cc(C(=O)C[NH2+]CCN)c(C)n1c1cccc(F)c1
881,881,COc1ccc(CNC(=O)COC(=O)c2ccc(C)c(S(=O)(=O)N3CCOCC3)c2)cc1OC
882,882,C=COP(=O)(OCC(OC=C)COC=C)OCC(OC=C)OC1(C)OC(CC)C(O)C(OC)C1O
883,883,COc1ccc(NC2CSCC(C)(C)C2)c(Cl)c1
884,884,O=C(CCCOc1ccccc1)NCC(O)(c1ccsc1)C1CC1
885,885,CSc1nc(C)c(C)c(NC(=O)N2CCC(NC(=O)c3ccccc3)CC2)c1C#N
886,886,COc1cc(OC)c(OC)cc1C=CC(=O)OCC(=O)Nc1ccc(Cl)cc1Cl
887,887,Nc1cc(F)c2nc(N3CCC(c4ccccc4F)C3)nc(Nc3ccc(N4CCOCC4)c(Cl)c3)c2c1
888,888,O=C([O-])CNC(=O)CC1(O)CCCCC1
889,889,CS(=O)(=O)N1CCC(C(=O)Oc2ccc(Cn3nnc4ccccc43)cc2)CC1
890,890,COc1cc(NCC2C[NH2+]CCO2)ncn1
891,891,Cc1ccc(c2csc3ncnc(SCC(=O)N(Cc4ccccc4)C4CCS(=O)(=O)C4)c32)cc1
892,892,CCOc1ccc(C2C(c3cccc(OC)c3OCC)=C(O)C(=O)N2c2ccc(C)c(C)c2)cc1Cl
893,893,CCOc1ccc(C(=O)NCCc2ccc(OC)cc2)cc1Cl
894,894,O=C(Nc1cccc(C(F)(F)F)c1)c1ccccc1c1ccccc1
895,895,Nc1c(C(=O)c2cccc3ccccc23)sc2nnccc12
896,896,N#Cc1cccc(Nc2ncc(Br)cc2Br)c1
897,897,N#Cc1cccc(CNc2nccn2C2CCCC2)c1
898,898,COC(=O)c1cccc(S(=O)(=O)N(C)CC(C)CCl)c1
899,899,[NH3+]C(CCC(=O)NC(CCC(=O)[O-])C(=O)NC(CCC(=O)[O-])C(=O)[O-])C(=O)[O-]
900,900,O=[P+](O)C(CC1CCC(c2ccccc2)CC1)CNc1ccc2ccccc2c1
901,901,CSc1nnc(CNC(=O)COc2ccc3ccccc3c2C)s1
902,902,COc1ccc(N2CCN(c3nc(Nc4ncn(Cc5ccc(OC(F)(F)F)cc5)n4)c(C(N)=O)s3)CC2)cc1
903,903,C[NH2+]Cc1c(S(=O)(=O)NC(C)c2ccco2)n[nH]c1C
904,904,[NH3+]CC(Nc1nc(C(=O)[O-])cs1)NC1CC1
905,905,COC(=O)C(Br)C[NH+]1CCC(C2CCCO2)CC1
906,906,O=C(NCc1ccnc(n2cccn2)c1)N1CC(c2ccccc2)C2C1C1CC[NH+]2CC1
907,907,Cc1cc(C)cc(Nc2nc(C([NH3+])C(C)C)cs2)c1
908,908,CSCCC(NS(=O)(=O)c1ccc2c(c1)CCCC2)C(=O)NCCC(=O)[O-]
909,909,C=C(C=CC1CCC(c2cccc(c3cccc(C#N)c3)n2)CC1)C[NH2+]CC(C)C
910,910,CCCc1cc(c2[nH]c(c3ccc(Cl)cc3)c[nH+]2)no1
911,911,COc1ccc([N+](=O)[O-])cc1NC(=O)Nc1ccc(C)c(Cl)c1
912,912,O=C(NC(=S)Nc1ccc(c2nc3cc(Cl)ccc3o2)c(Cl)c1)c1ccc(c2nc3ccccc3s2)o1
913,913,CC1CCCC(N(C)c2cc[nH+]cc2CCl)C1
914,914,Cc1cc(Oc2ccc(F)cc2N)nc(C)n1
915,915,COc1ccc(Nc2nc3cc(NS(=O)(=O)c4cccc(F)c4)ccc3c(=O)n2c2ccccc2)cn1
916,916,CCOC(CCNC(NCc1nnc(C)n1Cc1ccccc1)=[NH+]C)C(C)C
917,917,Cc1nc(C([NH2+]Cc2ccc3[nH]ccc3c2)c2ccccc2)cs1
918,918,COc1cc(N2CCOCC2)ccc1Nc1nc(Nc2ccc(N3CCOCC3)cc2)nc2c1C(=O)CC2
919,919,Cn1nccc1C1OCCCC1C(=O)N1CCC(C(C)(C)C)C(C)(C)C1
920,920,COc1ccc(OC)c(C(O)C[NH+]2CC(C)CC2C(C)C)c1
921,921,COc1ccc(NC(=O)Cn2cnnn2)cc1S(=O)(=O)Nc1ccccc1
922,922,COc1ccc(OC)c(N(Cc2cccnc2)C(=O)CN(CCC(C)C)C(=O)NCC(C)C)c1
923,923,COc1ccc(C=NNc2nc(c3ccc([N+](=O)[O-])cc3)cs2)c(OC)c1
924,924,COC(=O)CC1CC2CCC1C(O)C2(C)C
925,925,COc1c(Br)cc([N+](=O)[O-])c(F)c1C(N)=O
926,926,CC(=O)C(C)(I)C(=O)[O-]
927,927,COCCCN(C)C(=O)c1ccc2c(c1)NC(=O)C2
928,928,COc1cc(NC2CCC([NH+]3CCCC3C)CC2)ccc1Br
929,929,CSc1ccc(S(=O)(=O)Nc2nc3cc(C)ccc3s2)cc1C(=O)N1CCCCC1
930,930,O=C([O-])c1ncsc1S(=O)(=O)N(CCO)CC(F)(F)F
931,931,CC(C)C(NC(=O)C(CC(=O)[O-])NC(=O)CNC(=O)C([NH3+])Cc1c[nH]c2ccccc12)C(=O)NC(CCC[NH+]=C(N)N)C(=O)N1CCCC1C(=O)NC(Cc1ccccc1)C(=O)NC(Cc1ccccc1)C(=O)NC(CCC[NH+]=C(N)N)C(=O)[O-]
932,932,CCCCN(C)c1nncc(NC2CCS(=O)(=O)C2)n1
933,933,CC(C)(CNC(=O)N1CCOCC1c1ncon1)c1ccc2c(c1)OCCO2
934,934,CC(C)CC(NC(=O)C1CCC[NH+]1C(C)O)C(=O)[O-]
935,935,Cc1cc(NC(=O)Cn2cc(S(=O)(=O)Cc3cccc(Br)c3)c3ccccc32)no1
936,936,CC1CC(c2nc(c3ccccc3)nn2Cc2cccnc2)CC[NH2+]1
937,937,CCCCCCc1c(CCCC)c(C(N)=O)c(C(N)=O)c(C(OC(C)(C)C)C(=O)c2ccccc2)c1Cc1ccc(c2ccccc2C(=O)[O-])cc1
938,938,COc1ccc(CNc2ccc(Cl)c(C(=O)[O-])n2)cc1O
939,939,O=C(CCC(=O)N1CCN(c2ncccn2)CC1)Nc1ccc2c(c1)OCO2
940,940,CC(C)OC(=O)C1C2C=CC(OC(=O)[O-])(OC(=O)[O-])C1(C)OO2
941,941,CCc1ccsc1C(=O)NC(CCC(=O)[O-])c1ccccc1
942,942,CS(=O)(=O)NCC1CCCCN1S(=O)(=O)CC1CCCC1
943,943,COCCOc1ccc(CNC(=O)CNC(=O)c2ccc(Cl)cc2)cc1
944,944,COC(OC)(OC)C1CCC(Cl)CC1
945,945,O=C(C[NH+]1CCN(Cc2ccc(Cl)s2)CC1)N1CCN(c2ccc([N+](=O)[O-])cc2)CC1
946,946,C=CC(=O)Nc1cc(S(=O)(=O)c2ccc(NC(=O)c3cc(C(F)(F)F)ccc3n3cccc3)cc2)ccc1F
947,947,COc1cc(OC)nc(NCCCn2ccnc2)n1
948,948,CC(C)(CNS(=O)(=O)c1ccc2[nH]c(=O)oc2c1)c1ccccc1
949,949,CCC1[NH2+]C(c2ccccc2)N(C2CCCSC2)C1=O
950,950,Cc1ccc2c(OCCC[NH+](C)C)ncnc2c1
951,951,O=C(c1cccnc1)C1C(c2ccccc2)C1c1ccccc1
952,952,O=C(c1ccn[nH]1)N1CC[NH+](C2(c3ccc(F)cc3)CCCC2)CC1
953,953,COc1ccc2c(c1)C(=O)N(CC1(c3cc4[nH]c(C)nc4cc3F)C(=O)NC1=O)C2
954,954,FC1(F)CC[NH+](Cc2csc(NC3CC3)n2)CC1
955,955,C[NH2+]Cc1cc(S(=O)(=O)Nc2ccc(F)c(F)c2F)ccc1C
956,956,CCCCC(CC)Cn1c(NN=Cc2ccc(Oc3ccc(C(F)(F)F)cc3)cc2)nc2ccccc2c1=O
957,957,O=C([O-])c1n[nH]nc1c1ccccc1Br
958,958,O=C(c1ccc(C[NH+](Cc2cccc(F)c2)Cc2n[nH]c(=O)c3ccccc23)cc1)N1CCOCC1
959,959,CCCC[NH2+]C(CC(=O)c1ccccc1)C(=O)C(=O)c1ccccc1
960,960,CCCc1ccc(C2COc3cc(OC)cc(OC)c3C2=O)cc1
961,961,Cc1c(NC(=O)C[NH+]2CCC(C(=O)NC(C(=O)Nc3cccc(C(=O)Nc4ccccc4)c3C)C(C)C)CC2)cccc1C(=O)NCC(C)C
962,962,Cc1cc(c2nnc(SCC(=O)Nc3ccc(S(N)(=O)=O)cc3)n2C2CCCCC2)c(C)o1
963,963,O=C1CC2(CCC2)CC(=O)N1C1C2C3CCC(C3)C12
964,964,Cn1nccc1N1CC[NH+](CCOc2ccc(c3cnc(OC(=O)[O-])o3)cc2)CC1
965,965,C=C(C)C(C)(C)C=CC=CC(=C)C(CC(=C)C)=C(CC(=C)C)OC
966,966,Cn1nnnc1CNC(=O)C(C(N)=S)c1ccccc1
967,967,O=C([O-])CCc1ccc(C=c2sc3n(c2=O)C(c2ccc(Br)cc2)C(C(=O)c2ccccc2)=CC(c2ccc4ccccc4c2)N=3)cc1
968,968,O=C([O-])c1csc(CCc2ccc3c(c2)CCCN3)n1
969,969,O=Cc1c(Cl)nc2ccccc2c1Oc1cc(Cl)cc(Cl)c1
970,970,CNc1nc(c2nccc(C(F)(F)F)n2)c(C(C)=NCc2ccccc2)s1
971,971,CCOc1ccc(C(=O)NNC(=O)c2ccc(OC(C)C)c(OC)c2)cc1Br
972,972,COc1ccc(CN(Cc2ccccc2)c2ccccc2)cc1
973,973,CCC(C)C(C)(O)C[NH2+]C(C)c1cccc(Br)c1
974,974,O=C(Cc1ccc(I)cc1)N1CCN(c2ccc(Cl)cc2)CC1
975,975,COc1ccc(C(=O)CSc2nc3sc(C)cc3c(=O)n2Cc2ccccc2)cc1
976,976,Cc1ccc(C2(C)NC(=O)N(CC(=O)Nc3ccccc3I)C2=O)cc1
977,977,COc1c(N)cc([N+](=O)[O-])cc1S(=O)(=O)NC(C)C(C)(C)C
978,978,O=C([O-])CCCC=CCC1C(O)CCC1CCC1CCCCO1
979,979,O=C(NNC(=O)c1nn[n-]n1)c1cccc2cccnc12
980,980,COC(=O)c1ccc(NS(=O)(=O)c2cc(C(=O)OC)ccc2OC)c(C)c1
981,981,CCn1nc(C)c(Cl)c1CC(C)CC[NH3+]
982,982,CC1=C(C(=O)NC2CC[NH+](Cc3ccccc3)CC2)Nc2[nH+]c(c3ccccc3)cn2N1
983,983,CCOC(C=O)C(OC(=O)C(C)[NH3+])c1ccccc1
984,984,Cc1ccc(O)c(C(C)N2CCCC2C[NH3+])c1
985,985,CCOc1nccc2c(C)ccc(OC)c12
986,986,[NH3+]CCCc1noc(c2csnn2)n1
987,987,CC1[NH2+]CCCC1NC(=O)c1cccc2ccncc12
988,988,Cc1ccc(c2csc(NC(=O)Cn3c(=O)[nH]c(=O)c4ccccc43)n2)cc1C
989,989,O=C(NC1CCCCNC1=O)c1cn2c(c([O-])c1=O)C(=O)NCC2
990,990,Cc1cc(C(=O)N2CC(CC(=O)[O-])C2)c(C)s1
991,991,COCCCOc1cc(CC(CC2CC(=O)C(N3C(=O)c4ccccc4C3=O)C2=O)C(C)C)ccc1OC
992,992,CCCCCCn1cnc2c(N3CCOCC3)nc(N)nc21
993,993,Cc1ccc2c(c1)CCCN2C(=O)COC(=O)c1ccc(S(=O)(=O)N(C)C)cc1
994,994,COC(=O)C1=C(C)N(c2ccc(C)c(C)c2)C(=O)C1=Cc1ccccc1OCc1ccc(F)cc1
995,995,CCCCCOc1ccc(NC(=O)Oc2ccccc2)cn1
996,996,Cc1cc(N)nc(SCCC(=O)Nc2ccc(C)cc2C)n1
997,997,CCC(Cl)CCCc1ccccc1N
998,998,O=C(Nc1ccc(F)cc1)C1CCN(S(=O)(=O)c2cccc3nsnc23)CC1
999,999,[NH3+]C1(C(=O)NCCc2cccc(Cl)c2)CCCCC1
1000,1000,COc1ccc(OCc2cc(C3CC3c3n[nH]c(=O)n3C)ccc2OC)cc1
1001,1001,COc1cccc(C(=O)Nc2c(Cl)cc(F)cc2Br)c1O
1002,1002,CCCCOC(=O)C1C2Sc3ccccc3C2N1C(=O)c1ccco1
1003,1003,CC(=O)c1ccc(OC(C)C(=O)Nc2ccc(C(=O)OCC(C)C)cc2)cc1
1004,1004,CCOC(=O)N1CCC(NC(=O)c2cn(C3CC[NH2+]CC3)nn2)CC1
1005,1005,COc1cc(OC)cc(C(=O)N2CCC(Cc3nc4cc(Cl)ccn4n3)CC2)c1
1006,1006,Cc1ccc(Br)cc1c1nn(C)c(N)c1c1cccc(Cl)c1
1007,1007,CC(CC1CC1)Nc1ncc2c(n1)CCCC2C(N)=O
1008,1008,O=c1nc[nH]c2c1ncn2C1CC2OC(COP3(=O)Oc4ccccc4-c4ccccc43)C(O)C2O1
1009,1009,CNc1ccccc1c1c(F)c(F)c(Cl)c(F)c1F
1010,1010,COc1ccc(C(OC=O)c2ccc(C(=O)[O-])cc2)c(OC)c1
1011,1011,CCc1ccc(C(C)[NH2+]CCOc2cccc(C)c2)cc1
1012,1012,COc1cccc2c1CC[NH2+]C2c1ccc(I)c(Cl)c1
1013,1013,C[NH2+]CC1CCCN1S(=O)(=O)c1cnccc1Cl
1014,1014,CC(C)(C[NH2+]Cc1cccc2cccnc12)C(=O)[O-]
1015,1015,Cc1ccc(C2=C(O)C(=O)N(c3cccc(N(C)C)c3)C2c2ccc(C(C)C)cc2)cc1
1016,1016,COc1c(Cl)cc(C2=C(O)C(=O)N(c3ccc(C(C)(C)C)cc3)C2c2sccc2C)cc1Cl
1017,1017,NC(=[NH2+])c1cc2c(Oc3ccc(F)cc3)nccc2s1
1018,1018,N#CC(=Cc1ccc(c2ccc(Br)cc2)cc1)C(=O)NCCc1cccs1
1019,1019,CC1C[NH2+]C(C2CC2)C(=O)N1CC1CCCS1(=O)=O
1020,1020,Cc1ccc(S(=O)(=O)N2CCOCC2)cc1C(=O)N1CCCC(c2[nH+]ccn2CC(=O)[O-])C1
1021,1021,O=C([O-])CNC(=O)C(Sc1nc(C2CC2)n(c2ccccc2Cl)n1)c1ccccc1
1022,1022,O=C(Nc1ccc(Cl)cc1Cl)C1CCN(C(=O)C2CC2)CC1
1023,1023,CC(=O)c1cn2nc(COC(=O)COc3c(C)cccc3C)sc2[nH+]1
1024,1024,O=C(NCc1ccc(n2cnc3ccccc32)nc1)c1ccc2c(c1)OCO2
1025,1025,Cc1ccc(Cn2nc(C)c(C=CC(=O)Nc3cccc(C)c3)c2Cl)cc1
1026,1026,O=C([O-])c1cnc(NC2CCCCC2(F)F)s1
1027,1027,CCOc1cc(O)cc(Br)c1C(=O)OCCC#N
1028,1028,O=CN1CCN(C(=O)c2ccc(N3CCN(Cc4ccccc4)CC3)cc2)CC1
1029,1029,[NH3+]C1(C(=O)[O-])CCN(C(=O)C2CCCOC2)C1
1030,1030,O=C(c1cccc(S(=O)(=O)NCC2CCCO2)c1)N1CC[NH+](Cc2ccccc2)CC1
1031,1031,COc1ccc(NC(=O)c2cc(Nc3ccc(NC(C)=O)cc3)ncn2)cc1
1032,1032,COc1ccccc1CNc1nc(C)cc(C)c1C#N
1033,1033,C=CC(=O)OCCc1cc(Br)ccc1O
1034,1034,Cc1ccc(C(Nc2ccc3nc[nH]c3c2)c2ccco2)cc1C
1035,1035,O=C(c1ccccc1)N1CCc2ccccc2C1c1cccs1
1036,1036,COc1ccc(C(C)(C)F)cc1S(=O)(=O)N1C2CC[NH2+]CC1CC2
1037,1037,CC(Br)c1cc(F)c(F)cc1C(=O)[O-]
1038,1038,Nc1cnc(c2ccc(Cl)cc2)nc1C(=O)Nc1cccc(Cl)c1
1039,1039,CCc1cc(C(=O)Nc2cc(OC)ncn2)nn1Cc1ccccn1
1040,1040,CC1CCN(c2nc3ccc(C(=O)OC(C(=O)Nc4ccc(F)cc4)c4ccccc4)cc3s2)CC1
1041,1041,O=Cc1ccc(n2ccccc2=O)cc1C(F)(F)F
1042,1042,C[NH2+]C(Cc1c(C)cccc1C)c1cc(Cl)ccc1OC
1043,1043,Nc1ccc([N+](=O)[O-])c(C(=O)Nc2ccc(Cl)c(C(F)(F)F)c2)c1
1044,1044,CCC(=O)N1CCN(S(=O)(=O)c2ccc(Br)cc2)CC1
1045,1045,CC1CCCC([NH2+]Cc2ncnn2C)(C(=O)[O-])C1
1046,1046,CC(C)C(=O)OCOP(=O)(OCCOS(C)(=O)=O)Oc1ccc(C=O)cc1
1047,1047,Cc1nc(C2CCCN(S(C)(=O)=O)C2)nc2c1CCC(=O)N2C
1048,1048,Cc1cc(C(=O)N2CCC(c3ccccc3Cl)CC2)nc(C)n1
1049,1049,CCCC[NH2+]CC(=O)N(CCC(C)C)c1c(N)n(Cc2ccccc2)c(=O)[nH]c1=O
1050,1050,CCOC(=O)C(C)Sc1nc2c(=O)n(C)c(=O)n(C)c2s1
1051,1051,Cc1nnc(c2ccc(N)c(Cl)c2)n1C1CC1
1052,1052,O=C([O-])C1CCC(C(=O)N2CCc3[nH]cnc3C2)C1
1053,1053,CSc1c(Br)cc(C[NH2+]C(C)C)cc1Br
1054,1054,COc1ccc(Cl)cc1NCCC(=O)Nc1ccc2c(c1)OCCO2
1055,1055,CCOC(=O)c1cncc(C=c2sc3nc4cc(C)ccc4n3c2=O)c1
1056,1056,CCCCCCCOC(=O)CC1C(=O)NCCN1C(=S)NC(=O)c1cccc(OCc2ccccc2)c1
1057,1057,O=C(NNC(=O)c1ccccc1OC(F)F)c1ccc(CN2C(=O)CCC2=O)cc1
1058,1058,CC(C)c1ccc(CC(=O)C2=CCCC2)cc1
1059,1059,CCc1cccc2c1OCCC2NC(=O)c1cn(c2ccccc2)nc1c1ccc([N+](=O)[O-])cc1
1060,1060,O=C(NCCc1cccc(Cl)c1Cl)c1ccccc1S(=O)(=O)N1CCCCC1
1061,1061,CC(C)(C)C(O)CCNC(=O)C1CC1c1ccccc1Cl
1062,1062,CCC(C)(CO)[NH2+]Cc1ccc(O)c(O)c1
1063,1063,CC(C)(CNC(=O)c1ccc(OCC(F)(F)F)nc1)c1ccc2c(c1)OCO2
1064,1064,CC(=O)c1cccc(S(=O)(=O)N(C)CC2CCCO2)c1
1065,1065,Cc1nn(c2ccccc2)c(C)c1C(=O)NC(C)(C(=O)[O-])C(F)(F)F
1066,1066,COc1cc(c2cc(N)no2)cc(OC)c1C
1067,1067,COc1cccc(CCNC(=O)CCn2cnc3c(cnn3C)c2=O)c1
1068,1068,CC(C)(C)c1ccc(CC2[NH2+]CCc3cc(F)c(F)cc32)cc1
1069,1069,O=C(CC1CC1)NC(COc1ccc(c2cnc3onc(C4=CCCO4)c3c2)cc1)C(=O)[O-]
1070,1070,O=C(c1ccnn1C1CC[NH2+]CC1)N1CCCC1
1071,1071,Fc1ccc(Br)cc1CC1CCC[NH2+]C1
1072,1072,COC(=O)C(C)CN(c1cccc(C(F)(F)F)c1)S(=O)(=O)c1ccc(Cl)c(Cl)c1
1073,1073,COc1cccc2c(=O)n(C)cc(c3cc(N)c(c4ccc(F)cc4)cc3OC(F)F)c12
1074,1074,O=C1C2SC3(CC2C(=O)N1c1ccc(Oc2ccccc2)cc1)SC3c1ccc(F)cc1
1075,1075,COC(OC)C(C)[NH2+]C(C)c1cccc2ccccc12
1076,1076,Cc1ccc(S(=O)(=O)N2CCCC2C(=O)NCCc2nnc3ccccn23)cc1
1077,1077,O=C1CC(c2cccc(OC3CCC3)c2)C2(C(=O)Nc3cc(Cl)ccc32)C(=O)N1c1ccc(F)cc1
1078,1078,COc1cc2nccc(Oc3ccc(C(=O)Nc4ccncn4)cc3)c2cc1OC
1079,1079,O=C(CN1C(=O)c2ccccc2C1=O)N1CCSC(c2ccccc2F)CC1
1080,1080,Cn1ccc(S(=O)(=O)Cl)c1F
1081,1081,CCC(C)NC(=O)c1ccc(Cl)c(NC(=O)C[NH+]2CCC(C(=O)NC(C)C(=O)Nc3cccc(C(=O)NC4CCCC4)c3)CC2)c1
1082,1082,CC(C)(C)C1(CNC(=O)C2CCC(C(=O)[O-])C2)CCC1
1083,1083,COc1ccc(C(=O)NC(C)c2ccccc2)cc1NC(=O)C1CC[NH+](C(C)C(=O)Nc2ccc(C(=O)Nc3ccc(F)cc3F)cc2C)CC1
1084,1084,CC(=O)c1ccc(CS(=O)c2nc3c(C)c(C)ccc3[nH]2)cc1
1085,1085,Nc1ccccc1Oc1ccccc1C1CCC1
1086,1086,CSc1ccc(NC(=O)C(C)n2ccc(C(F)(F)F)n2)cc1
1087,1087,COCCN(CC(C)C)c1ccc(CC(C)[NH3+])cc1Cl
1088,1088,O=C([O-])CC1COCC[NH+]1Cc1ccc(F)c(Cl)c1
1089,1089,COc1cc2c(cc1OC)CN(S(=O)(=O)c1c(C)noc1C)CC2
1090,1090,O=C(NCc1ccc2c(c1)CCCC2)c1sccc1c1ccccc1
1091,1091,CC[NH2+]CCc1ncc(c2ccc3ccccc3c2)o1
1092,1092,CC[NH2+]C(c1ccc(Cl)s1)c1cccc2nccnc12
1093,1093,O=C(CCl)NCC1CN(c2ccc(N3CC(CN4Cc5ccccc5NC4=O)OC3=O)c(F)c2)C(=O)O1
1094,1094,Cc1ccc(N2CCN(C(=O)Cn3cc(C(F)(F)F)ccc3=O)CC2)cc1
1095,1095,COc1ccc(OCC(=O)Nc2cc([N+](=O)[O-])ccc2OC)cc1
1096,1096,COc1cccc(CC(NN)c2cccc(OC)c2OC)c1
1097,1097,COc1ccc(C(=O)Nc2ccc(NC(=O)Cc3ccccc3)cc2)cc1OC
1098,1098,Cc1nc(C(C)NC(=O)c2n[nH]c(C(C)C)n2)n[nH]1
1099,1099,Cc1ccc(SCC(=O)OCc2ncc(c3ccc(C)cc3)o2)c(C)c1
1100,1100,O=C(NCc1nnc2n1CCCC2)N1CCOCC2(CC2)C1
1101,1101,O=C(CCCCl)NCC1CCOCC1
1102,1102,CC(=O)NCCNC(=O)C(C)n1ncn(C)c1=O
1103,1103,Cc1[nH]ncc1CNC(=O)C(=O)Nc1cccc(F)c1
1104,1104,CCOc1ccc2c(c1)sc(=NC(=O)c1cc(C)on1)n2CCOC
1105,1105,CC(C)[NH+]1CCN(c2ccc(NS(=O)(=O)c3cccc(Cl)c3)cc2NC(=O)c2ccco2)CC1
1106,1106,CCC1(C(=O)Nc2cnc(c3ccc(F)c(F)c3)cn2)CCC[NH2+]1
1107,1107,O=C(Cc1cc(F)c(Oc2ccc([N+](=O)[O-])cn2)c(F)c1)NC(c1ccccc1)c1ccccc1
1108,1108,Nc1ccc(S(=O)(=O)CCCOc2ccc(Cl)c3ccccc23)cc1
1109,1109,CCCCCC(=O)Nc1ccc(NCc2ccc(F)cc2)cn1
1110,1110,O=C(Nc1ccc(Oc2ccc(NC(=O)c3ccco3)cc2)cc1)c1cccc([N+](=O)[O-])c1
1111,1111,COCC[NH+]1CCCC(C(C)(C)C(=O)N2CC(F)CC2C(=O)N(C)C)C1
1112,1112,Cc1cc(C)c(NC(=O)C(C)OC(=O)C2CCN(S(C)(=O)=O)CC2)c(C)c1
1113,1113,COC(=O)c1ccc(NC(=O)CC2SC(NN=Cc3cc(Br)cc(Br)c3O)=[NH+]C2=O)cc1
1114,1114,CC(C)C(C)Nc1nccc(C(N)=[NH+]O)n1
1115,1115,O=C1CC(c2noc(c3ccc(=O)[nH]n3)n2)CN1Cc1ccccc1
1116,1116,O=C1NCCN(C(=O)C2CCN(C(=O)c3cnn4cc(Cl)ccc34)CC2)C1c1cccnc1
1117,1117,CSc1cccc(NC(=O)c2ccc(CS(=O)(=O)c3ccccc3)o2)c1
1118,1118,CC(=O)NCC1CN(c2ccc(c3c[nH+]c(C4CCCN4C(=O)OC(C)(C)C)[nH]3)c(F)c2)C(=O)O1
1119,1119,CC1CCCCC1NC(=O)CSc1nnc(COc2ccc(C(C)C)cc2)n1c1ccccc1
1120,1120,O=C([O-])c1ccc2c(NC3CCC3)cc[nH+]c2c1
1121,1121,COCC1(C(=O)NCCc2ncn[nH]2)CC[NH2+]CC1
1122,1122,Cc1nc(C(=O)N(C)C(C)c2ccccn2)nn1c1ccccc1Cl
1123,1123,CCCC(CC)(CC)N1CC(C)(C)[NH2+]CC1(C)C
1124,1124,CC(=O)NCc1ccc(c2csc(NC(=O)Cn3cc([N+](=O)[O-])c(C)n3)n2)o1
1125,1125,COc1ccc(C)cc1CC(=O)Nc1nc(c2ccccc2)c(c2ccccc2)s1
1126,1126,CC(C)(Cc1ccccc1)C([NH3+])COC(Cc1ccccc1)c1ccccc1
1127,1127,COc1cc2ncnc(N3CC4COCC(C3)O4)c2cc1OCCCN1CC[NH2+]CCN1
1128,1128,CCOc1ccc(C(=O)N2CCC(c3noc(C[NH+]4CCCCCC4)n3)CC2)cc1OCC
1129,1129,Fc1cccc(C#CCCCl)c1
1130,1130,Cc1ccc(CN2CCN(c3cc(Br)ccc3C)C(=O)C2=O)cc1
1131,1131,CC1CC([NH2+]Cc2ccc(F)c(Cl)c2)CC[NH+]1C
1132,1132,CCOc1c(N)cc(Cl)cc1C(=O)N(C)CCSC
1133,1133,CSc1ccc(S(=O)(=O)N2CCCC(Oc3ccc(C)nn3)C2)cc1
1134,1134,COC(=O)c1ccc(COc2ccc(C)cc2Br)nc1
1135,1135,CCCCCNC(=O)N1CCC(C)(C(=O)[O-])C1
1136,1136,CC(C)(C)c1ncc(C2=Nc3ccccc3C2(C)C)s1
1137,1137,CSCCC([NH3+])c1nc(C(=O)N(C)Cc2ccc(F)cc2)cs1
1138,1138,N#CC(N)Cc1c(Cl)cc(Cl)cc1Cl
1139,1139,Nc1ccc2c(c1)CCCC2NC(=O)Cc1ccccc1
1140,1140,O=C([O-])NC(Cc1ccccc1)C(=O)C(=O)[O-]
1141,1141,CC1Oc2ccc(Cl)cc2N(CC[NH3+])C1=O
1142,1142,CCC1CCC(C(NN)c2ccc(OC)c(F)c2)CC1
1143,1143,Cc1cc(=O)oc2cc(OCC(=O)N3CCC(C(=O)N4CCCCC4)CC3)ccc12
1144,1144,CCc1ccc(NC(=O)Cn2c(=O)n(c3ccccc3)c(=O)c3sc4ccccc4c32)cc1
1145,1145,NNC(=O)c1ccc(COc2ccc(O)cc2)cc1
1146,1146,O=C(COc1ncnc2ccccc12)Nc1ccc2c(c1)OCCO2
1147,1147,COc1ccc(C)cc1NC(=O)C(C)Sc1nnc(COc2ccc(F)cc2)n1C
1148,1148,CC(=O)OCC1OC(OCC2OCC(OC(C)=O)C(NC(C)=O)C2OC(C)=O)C(OC(C)=O)C(OC(C)=O)C1OC(C)=O
1149,1149,Cc1ccc(c2cnc(C[NH3+])o2)cc1F
1150,1150,CCS(=O)(=O)N1CC(COc2ccccc2F)C1
1151,1151,CCCCN(C)C(=O)C1C2OC3(CC2Br)C1C(=O)N(C(CO)Cc1ccccc1)C3C(=O)N(CC=C)c1cc(C)ccc1C
1152,1152,O=C1C2C3CC(C2C(=O)N1c1ccc(F)c(F)c1)C1C(c2ccc(Cl)cc2Cl)N(c2ccccc2Cl)C(=O)C1C3c1ccccc1
1153,1153,O=C(COc1ccccc1[N+](=O)[O-])NNC(=O)CC12CC3CC(CC(C3)C1)C2
1154,1154,CCCCNC(=O)c1c(N)cnn1C
1155,1155,O=C(OCCO)c1cc(N2C(=O)C3C(C(=O)OCCO)C4(Cl)C(Cl)=CC=CCC4C3C2=O)ccc1Cl
1156,1156,Nc1cncc2nc(Oc3ccc(N)cc3)nc(NC3CCCCC3)c12
1157,1157,CCCCc1nnc(SCc2c(F)cccc2Cl)n1N=Cc1cc(OC)c(OCC)cc1Br
1158,1158,N#CC1(C#N)C(c2ccccc2)C1(C#N)C#N
1159,1159,O=C([O-])Cc1ccc(Sc2nccn2C2CC2)c(Cl)c1
1160,1160,FC(F)(F)c1ccc(c2nc(c3ccc(CCc4ccccc4)cc3)c3c4ccccc4c4ccccc4c3n2)cc1
1161,1161,Cc1ccc(C(c2ccccc2O)[NH+]2CCCC2)c(O)c1
1162,1162,COc1ccc(NC(N)=[NH+]Cc2ccccc2C[NH+](C)C)cc1
1163,1163,COCC(O)CN(C)C(=O)c1cccc(N)c1Cl
1164,1164,CC(=O)NC1C(C)OC(OC2C(O)C(CO)OC(OC3C(CO)OC(O)C([NH3+])C3O)C2O)C(O)C1O
1165,1165,CCC1CC1NS(=O)(=O)c1cc(C[NH2+]C2CC2)cs1
1166,1166,Cc1nccn1CCCNc1cccc(S(C)(=O)=O)c1
1167,1167,O=C(Cc1ccc(Cl)cc1)NC(=S)Nc1ccc(NC(=O)c2ccc3ccccc3c2)cc1
1168,1168,Nc1c(NCC2CCC(O)C2)ncnc1Nc1cccnc1Cl
1169,1169,CNS(=O)(=O)c1ccc(C(=O)Nc2ccc(C(C)=O)cc2)cc1
1170,1170,CC1C[NH+](Cc2cccc(NC(=O)COc3ccc(Cl)c(Cl)c3)c2)CC(C)O1
1171,1171,C=CCn1c(SCC(=O)Nc2ccc(Cl)c([N+](=O)[O-])c2)nnc1c1cc(c2ccccc2)nc2ccccc21
1172,1172,O=C(c1cc2ccccc2o1)N1CCN(c2cn[nH]c2c2ccccc2)CC1
1173,1173,O=C1NCCN1c1ccc(C(F)(F)F)cc1Br
1174,1174,COc1ccc(CNc2nncc(Nc3ccc(C)cc3C)n2)cc1OC
1175,1175,CCOC(=O)c1cc2cc(CC(=O)c3ccc(OC(F)(F)F)cc3F)cc(C(=O)OCC)c2cc1C(=O)OC
1176,1176,Cc1ccc(c2nc3cc(NC(=O)c4cc(C)ccc4C)ccc3o2)cc1
1177,1177,Cc1ccc(CC(=O)NC(c2ccccc2)c2nccn2C)cc1
1178,1178,O=C1C(O)=C(c2ccc(Cl)cc2)C(c2cccc3ccccc23)N1c1ccc(N2CCCCC2)cc1
1179,1179,Cn1c(=O)[nH]cc(C(=O)N2CCOC3(CCOCC3)C2)c1=O
1180,1180,COc1cc(NC(C)C(C)CCC(=O)[O-])ccc1F
1181,1181,CC(NC(=O)C(C)Oc1cccc(Cl)c1)C(O)Cc1ccccc1
1182,1182,C=C(C)C=CC1CC1(CC(=O)C1CC(Oc2nnccc2c2ccccc2)CN1C(=O)C(NC(=O)OC1CCCC1)C(C)(C)C)C(=O)NS(=O)(=O)C1CC1
1183,1183,O=C(CCC1CCCC1)N1CCCn2c(nnc2C2CC2)C1
1184,1184,CNC(=O)Nc1ccc(c2nc3cc(OCC(F)(F)F)c(C(F)(F)F)cc3[nH]2)cc1
1185,1185,COc1cc(Nc2nc3cc(c4ccc5c(c4)C(=O)N(c4cc(c6cccc7sc8ccccc8c76)cc(c6cccc7oc8ccccc8c76)c4)C5)ccc3o2)cc(OC)c1
1186,1186,NC(N)=[NH+]CCCC1NC(=O)C(CCCN=C(N)N[N+](=O)[O-])CSSCC(C(=O)[O-])NC(=O)C(CCCNC(N)=[NH2+])NC1=O
1187,1187,CC1CCC(C)[NH+](CCC(O)c2cccc(F)c2)C1
1188,1188,Cc1ccc(n2c([O-])c(C=C3C=Nc4ccccc43)c(=O)[nH]c2=O)cc1C
1189,1189,Cc1nc(C2(NS(=O)(=O)c3ccc(C(C)C)cc3)CCCCC2)no1
1190,1190,COc1ccc2c(c1)N(CC(C)C)C(=O)CC2C(=O)Nc1ccc(F)c(F)c1
1191,1191,CCC1CCCCN1c1ncnc2sc3c(c12)CCCC3
1192,1192,COCC1CCC[NH+](CC(=O)c2ccc([N+](=O)[O-])o2)C1
1193,1193,O=C(Nc1cc(N2CCOCC2)ncn1)c1cc(=O)nc(c2ccco2)[nH]1
1194,1194,COc1cncc(c2ccc3nc(c4cccc(OC)c4)c(C)nc3c2)c1
1195,1195,CC(=O)NCC1CCN(C(=O)c2cc(C3CC3)on2)CC1
1196,1196,Cc1c[nH+]c2n1CCC2NC(=O)c1oc2ccccc2c1C
1197,1197,O=C1C=CC(=O)N1OS(=O)(=O)C(F)(F)C(F)(F)F
1198,1198,COc1cccc(C(=O)N2CCN(C(=O)c3sc4nc(C(F)(F)F)ccc4c3N)CC2)c1
1199,1199,N#Cc1cccc(NC2(C3CC3)CC2)n1
1200,1200,C[NH2+]C(C)c1ccccc1OCc1ccn(C(C)C)n1
1201,1201,Cc1cc(S(=O)(=O)Cl)cc2cn(C3OCC(O)CC3O)c(O)c12
1202,1202,Cn1cncc1C([NH3+])N1CCC2(CCCC2)CC1
1203,1203,O=C(c1ccc(=O)[nH]c1)N1CCC2(CC1)SCCN2C(=O)c1ccncc1
1204,1204,O=C([O-])c1ccccc1C1CCN(C(=O)c2ccc(S(=O)(=O)C3CC3)cc2)CC1
1205,1205,COc1cc2nccc(Oc3ccc(NC(=S)NC(=O)C=Cc4ccc(C(F)(F)F)cc4)cc3C)c2cc1OC
1206,1206,O=C(COC(=O)C1CCN(S(=O)(=O)c2cccs2)CC1)Nc1cc(F)cc(F)c1
1207,1207,COc1ccccc1c1n[nH]c(CN2CC[NH+](CC(O)COc3ccccc3C)CC2)n1
1208,1208,CCc1cc2cc(C#N)c(Oc3ncnc4nc[nH]c34)nc2cc1OC
1209,1209,CCOc1ccc2nc(NC(=O)CCc3nc(c4cccc(Br)c4)no3)sc2c1
1210,1210,CCc1ccc2nc(N(CC3CCCO3)C(=O)c3ccc([N-]S(=O)(=O)c4ccc(C)cc4)cc3)sc2c1
1211,1211,Cc1[nH]c(=O)n(C)c(=O)c1CCC(=O)Nc1ccc(OCc2ccc(Cl)cc2)cc1
1212,1212,CC(C)C(=O)C(C)(C)NC(=O)C(F)(F)F
1213,1213,CCn1cncc1C(C[NH3+])N1CCCC([NH+](C)C)C1
1214,1214,CC(C)c1ccnc(C(C)n2c(=O)cc(C(F)(F)F)[nH]c2=O)c1
1215,1215,COc1ccc(CSc2nc3sc4c(c3c(=O)n2C)CCCC4)cc1
1216,1216,O=C(Cc1cccc(F)c1)Nc1ccc2c(c1)C(=O)N(CCc1ccccc1)C2=O
1217,1217,COC(=O)c1ccc(CON=C(COC(C)=O)Cc2ccc(OCC[NH+](C)C)cc2)cc1
1218,1218,O=C(CC1CCCCC1)NC(Cn1cccn1)c1ccccc1
1219,1219,Cn1cncc1CN1CCCCC1C1CCC[NH2+]1
1220,1220,Cc1noc(c2nn(C)c3c2CN(C(=O)Cn2cc([N+](=O)[O-])cn2)CC3)n1
1221,1221,COc1cccc(C(=O)NC2CC(c3ccc(O)cc3)=NO2)c1
1222,1222,CCCc1oc(C=CC(=O)N2CCOCC2)cc1C(=O)[O-]
1223,1223,COc1ccc(NC=[NH+]c2ccccc2OC)cc1
1224,1224,COC(=O)c1sc(NCc2ccccn2)nc1Cl
1225,1225,CCOc1cc2c(cc1C[NH2+]C1CCC1)OC(C)C2
1226,1226,CC1CCCC(Nc2ccc(Cl)c([N+](=O)[O-])c2)(C(=O)[O-])C1
1227,1227,C[Si](C)(C)CC=CCC1CC2OC1(O)CCC2O
1228,1228,CS(=O)(=O)N1CCC(C(=O)N2CCCC(CCO)C2)CC1
1229,1229,CCCC(O)CNC(=O)C(C)C1CCCC([NH3+])C1
1230,1230,Cc1occc1C(=O)Nc1ccc(C(=O)N2CCCC(NC(=O)c3ccccc3)C2)cc1
1231,1231,COc1ccc(C(=O)c2oc3ccc(C)cc3c2C)cc1OC
1232,1232,COc1ccc(C(=O)OCc2cc([N+](=O)[O-])ccc2Cl)cc1S(=O)(=O)N1CCOCC1
1233,1233,Cc1cc(Cl)cc(C(=O)Nc2ccc(N)cc2Cl)c1
1234,1234,COc1ccc(Nc2cc(c3ccc(OC)c(OC)c3OC)nc(NC(C)C)n2)cc1
1235,1235,C[NH2+]CCCc1nnc(c2c(C)oc(C)c2C)s1
1236,1236,O=C=NC1(c2cccc(Br)c2)CC1
1237,1237,COc1cccc2sc(C(=O)N3CC[NH+](C)C(c4ccccn4)C3)c(N)c12
1238,1238,CC(C)(C#N)CCCC[NH2+]Cc1cc[nH]c1
1239,1239,[NH3+]C1(c2ccc(C(F)(F)C(F)F)cc2)CCCCC1
1240,1240,Nc1cccc2c1ncn2CCCCn1ccnc1
1241,1241,COc1ccc(OC)c(C2C(=C([O-])c3ccncc3)C(=O)C(=O)N2CC2CCCO2)c1
1242,1242,COc1ccc(C(=O)NC2CCN(c3cc(C)nc(C(C)(C)C)n3)CC2)cc1
1243,1243,N#CC1=C([NH3+])Oc2n[nH]c(c3ccccn3)c2C1c1cccc(Oc2ccccc2)c1
1244,1244,Fc1ccc(Br)c(Nc2ncc(Cl)cc2Br)c1
1245,1245,[NH3+]Cc1c[nH+]c(Cc2cccc(F)c2)[nH]1
1246,1246,C=C(C[NH2+]C(C)C(C)(C)C)C(=O)[O-]
1247,1247,O=C(c1ccc2c(=O)n(C3CCCCC3)cnc2c1)N1CCc2ccccc2C1
1248,1248,O=C([O-])C(C1CCC1)N1CCCC1
1249,1249,CC(c1ccccc1F)n1c(CCl)nc2cc(I)ccc21
1250,1250,CCCNC(=O)C(C)NC(=O)N1CCC(CCC(=O)[O-])CC1
1251,1251,CCn1ncc(Cl)c1C(=O)Nc1ccccc1C[NH+](C)C
1252,1252,COc1ccc(c2cc(C(=O)NN=Cc3cc(Br)ccc3O)[nH]n2)cc1
1253,1253,O=C([O-])C1CCC(C(=O)NCc2cc[nH]c2)CC1
1254,1254,COc1ccc(NC(=O)C(C)NC(=O)C2CC[NH+](C(C)C(=O)Nc3ccc(C(=O)Nc4ccc(F)cc4C)cc3C)CC2)cc1NC(=O)c1ccccc1F
1255,1255,COc1cccc(CCC(=O)NCCCC[NH+]2CC3CC3(C(=O)[O-])C2)c1
1256,1256,Cc1nc(C2(NC(=O)CSC3CCCCC3)CCCCC2)no1
1257,1257,CSc1cc(Br)cc(C)c1NC(=O)c1ccccc1C(F)(F)F
1258,1258,CS(=O)CCNc1ccc(C#N)cc1
1259,1259,Cc1ccc2c(c1)C(=O)N(C(C)C(=O)OCC(=O)Nc1sc3c(c1C(=O)Nc1ccc(F)cc1)CCCC3)C2=O
1260,1260,Cc1cc(OCc2c(F)cccc2F)c(F)c(c2cc3cncc(CNC(=O)C4CCC([NH3+])CC4)c3[nH]2)c1
1261,1261,CCn1c(SCCC(=O)N(C)CCOC)nc2sc(C)c(C)c2c1=O
1262,1262,CC1(C)C2CCC13CS(=O)(=O)N(C(=O)C1CCCCC1)C3C2
1263,1263,Cn1cc2c(c1)C(=O)N(C(=O)CCc1ccncc1)CC2
1264,1264,COc1ccc(c2nc(C)c(C(=O)N3CCCC(C(C)[NH3+])C3)s2)cc1
1265,1265,CC(C)C(O)CNC(=O)c1ccc2scnc2c1
1266,1266,CCCCNC(=O)N1CCCC(C(C)[NH3+])C1
1267,1267,CC(C)C(Sc1ccc2c(c1)OC1(CCCC1)O2)C(=O)NN
1268,1268,Cn1c(CC2CSCC[NH2+]2)nc2ccccc21
1269,1269,COCCN(CC(=O)N(Cc1ccc(F)cc1)Cc1cccn1C)C(=O)Nc1ccc(C(C)C)cc1
1270,1270,Cn1c(C[NH+]2CCc3[nH]cnc(=O)c3C2)nc2cc(Cl)ccc21
1271,1271,CC(CC(=O)[O-])C(=O)c1cncc2ccccc12
1272,1272,O=C([O-])C1CCCC[NH+]1C(c1ccccc1)c1ccccc1
1273,1273,CCc1c(CO)ccc2c1OCO2
1274,1274,C=CC(C(=O)OCC)=C(CC=C)C(O[Si](C)(C)C)c1ccc(OC)cc1
1275,1275,[NH3+]C1(c2ccc(n3ncc(Cl)c(Cl)c3=O)cc2)CCC1
1276,1276,CS(=O)(=O)N1CCC(C[NH2+]C23CC4CC(CC(C4)C2)C3)CC1
1277,1277,CCc1cccc(NC(=O)CSCc2ccc([N+](=O)[O-])cc2)c1
1278,1278,CC(C)c1nn(c2ccc(Br)cc2)c(Cl)c1CO
1279,1279,Cc1c(C(=O)OCC(=O)Nc2cccc(OC(F)F)c2)oc2ccccc12
1280,1280,O=C(CC[NH+]1CCN(S(=O)(=O)c2ccc3c(c2)OCCO3)CC1)NCC1CCOCC1
1281,1281,COc1ccc(C)cc1C(C)[NH2+]CCOCC(=O)[O-]
1282,1282,O=C([O-])c1ccc2ncnn2c1Br
1283,1283,CC(=O)N(CC(=O)Nc1ccc(Cl)cc1Cl)c1cccc(Cl)c1Cl
1284,1284,Cc1cc(N)nc(C[NH+](C)Cc2nc3ccccc3n2C)n1
1285,1285,CC(C)Sc1nc(=O)c2cc(C(=O)[O-])ccc2[nH]1
1286,1286,CSCCCC[NH2+]C(C)c1ccc(F)c(F)c1
1287,1287,COC(=O)C(Cc1ccccc1F)NC(=O)NC(CNC(=O)OCc1ccccc1)C(=O)OC
1288,1288,CCCCCCC(C)(O)COC(C)=O
1289,1289,CCOC(=O)Cn1c(=O)c(N(C(=O)OC(C)(C)C)C(=O)OC(C)(C)C)c(c2ccccc2)c2ccccc21
1290,1290,CC1C2CC(C(=O)OCCO)C1C2
1291,1291,CNc1nccc(c2[nH]c(CN(C(=O)Nc3ccccc3C(F)(F)F)C3CCCCC3)nc2c2ccc(OC)c(OC)c2)n1
1292,1292,Nc1ccc(c2cnn(c3ccc4oc(=O)[nH]c4c3)c2)cc1
1293,1293,CCOc1cccc(C[NH2+]CC2CCCC2C)c1
1294,1294,CC1CC(C)CN(C(=O)C[NH+]2CCN(C(=O)C3CCCO3)CC2)C1
1295,1295,CCOc1cccc(C(O)c2cc(Br)c(Br)s2)c1
1296,1296,COCC(=O)NCCNc1ccc(NS(C)(=O)=O)c2c1C(=O)c1cccc([O-])c1C2=O
1297,1297,O=C(NCC(c1ccccc1)[NH+]1CCOCC1)c1ccc(Cn2nc(C(F)F)c(Cl)c2C2CC2)o1
1298,1298,Cc1ccc(c2cc(CC(C)C(=O)[O-])c(=O)[nH]n2)cc1C
1299,1299,N#CCCN(Cc1cccnc1)c1cnn(CCO)c1
1300,1300,CC(=O)NC(Cc1cnc[nH]1)C(=O)NC(CCC(=O)[O-])C(=O)N1CCCC1C(=O)NC(C(=O)NC(CS)C(=O)[O-])C(C)O
1301,1301,N#CC(C(=O)c1cccc2ccccc12)C(F)(F)F
1302,1302,Cc1nc(SCc2csc(COc3ccc(F)cc3)n2)n(CC(C)C)c1C
1303,1303,Cc1ccc(S(=O)(=O)N2CCN(C(=O)Nc3cccc(C(F)(F)F)c3)CC2)cc1C
1304,1304,N#CCNC(=O)c1cc(F)ccc1C[NH3+]
1305,1305,CC1CCCN(S(=O)(=O)c2cccc(C(=O)Nc3nn(Cc4cccc([N+](=O)[O-])c4)cc3)c2)C1
1306,1306,CCc1cccc(Oc2ccc(Br)cc2S(N)(=O)=O)c1
1307,1307,C=C(C)COc1cccc(N)c1C(=O)N(C)C
1308,1308,CCOC(=O)C1=C(C)N=c2sc(=Cc3cc(C)n(c4cc(C)ccc4C)c3C)c(=O)n2C1c1cc(OC)c(OC)cc1Br
1309,1309,COc1cc2c(Oc3ccc(C=O)cc3F)ccnc2cc1OCC1([NH3+])CCC1
1310,1310,COC(=O)CCc1csc(c2ccoc2C)n1
1311,1311,COC(=O)c1c(NC(=O)C=Cc2cccc([N+](=O)[O-])c2)sc2c1CCC2
1312,1312,O=C1CN=C(c2ccccc2)c2c(c3ccccc3n2COCc2ccccc2)O1
1313,1313,COCCNC(=O)COC(=O)CSCc1c(C)noc1C
1314,1314,O=C([O-])CC1(NC(=O)c2cc(F)c(F)c(F)c2F)CCC1
1315,1315,CCCCC(=Cc1ccccc1)C(=O)Nc1ccc(S(=O)(=O)N2CCSCC2)cc1
1316,1316,COc1ccccc1c1nnc(CNC(=O)Cc2csc(C)n2)s1
1317,1317,O=Cc1cc2ccccc2nc1NCC1CC1
1318,1318,COc1ccccc1NC(=O)COc1ccc(C(=O)OCCC[NH+]2CCN(c3ccccc3)CC2)cc1
1319,1319,CCCNC(=O)C(C)N(Cc1c(Cl)cccc1Cl)C(=O)CN(c1ccc2c(c1)OCCO2)S(=O)(=O)c1ccc(Cl)cc1
1320,1320,CCOC(=O)C=CC[NH2+]C(C)CN1CCOCC1
1321,1321,O=C([O-])C1CSCCN1C(=O)c1ccc(Br)o1
1322,1322,CC(C)C(NC(=O)C1CC[NH+](C(C)C(=O)Nc2ccc(Cl)c(C(=O)NC3CCCCC3)c2)CC1)C(=O)Nc1cc(Cl)cc(Cl)c1
1323,1323,CCCCCCOc1ccc(C2C(=C([O-])c3ccc(Cl)cc3)C(=O)C(=O)N2c2ccc(C(=O)OCC)cc2)cc1
1324,1324,COc1ccc(OC)c(CCC(=O)NNC(=O)CCNC(=O)c2ccc(C(C)(C)C)cc2)c1
1325,1325,O=C1NC(COc2ccc(C3CC3)cc2)C(=O)N2CC[NH+](Cc3ccccc3c3ccccc3)CC2N1
1326,1326,C[NH2+]CC1(O)CCCC(Oc2nccc(C)c2C(N)=O)C1
1327,1327,Cc1oc2ncnc(N(C)CCc3ccccn3)c2c1C
1328,1328,N#Cc1ccc(C2Oc3ccccc3OC3(CC[NH+](Cc4nccn4C4CCOCC4)CC3)C2Oc2ccc3scnc3c2)cc1
1329,1329,C[NH2+]Cc1ccc(Oc2ccc(OC)cc2)nn1
1330,1330,CCOC(=O)N1CCC(n2nc(c3ccc(OCC(C)(C)C(=O)[O-])cc3F)cc2C(F)(F)F)CC1
1331,1331,CC1CN(c2ncccc2C#N)CC(C)[NH+]1C
1332,1332,CC(C)C[NH2+]CC(C)C[NH+]1CCN(CC#N)CC1
1333,1333,COc1ccc(N2CCN(C3CCC[NH2+]C3)CC2)nc1
1334,1334,CC(C)c1ccccc1OCC(=O)OCC(=O)N(CCC#N)c1ccc(F)cc1
1335,1335,C=CCn1c(SCc2noc(c3ccc(Cl)cc3)n2)nnc1c1csc(C)c1c1ccc(C)cc1
1336,1336,CCCCCCOc1ccc(C=NNC(=O)COc2cccc(OC)c2)cc1OC
1337,1337,CC(=O)C1CCN(C(=O)c2ccnnc2)c2ccccc21
1338,1338,O=C([O-])c1ccc([N+](=O)[O-])c(N2CC3(CCCC3)C2)c1
1339,1339,CCC(C)(CC)Nc1c(Cl)cc(N)cc1C(N)=O
1340,1340,CCOc1ccc(C(O)c2ccnn2CCOC)cc1
1341,1341,COc1ccc(OC)c(N(CC(=O)N(Cc2ccc(Cl)cc2)C(Cc2ccccc2)C(=O)NCC(C)C)S(=O)(=O)c2ccc(C)cc2)c1
1342,1342,CSc1cccc(NC(=O)NC2CCOC3(CCSC3)C2)c1
1343,1343,O=C([O-])c1ccc(O)c(c2cccc(S(F)(F)(F)(F)F)c2)c1
1344,1344,N#Cc1ccc(C[NH2+]Cc2ccc(Br)cc2Cl)cc1
1345,1345,COc1ccc(NC(=O)c2nn(C)c(=O)c3ccccc23)c(OC)c1
1346,1346,CCc1ccc(C(C(=O)Nc2ccc3ccccc3c2)N(CC#N)C(=O)C(CCC(N)=O)NC(=O)OC(C)(C)C)cc1
1347,1347,CCCCCc1ccc(c2cc(c3ccc(c4cc(F)c(OC(F)(F)F)c(F)c4)c(F)c3)ccc2F)cc1
1348,1348,COC(=O)C(C)N1CCCCCCC1=O
1349,1349,O=C(NCc1ccccc1Cl)C1CC1C(=O)Nc1ccc(Cl)cc1
1350,1350,CCOC(=O)C1=C(C)N=c2sc(=Cc3cccc(OC)c3OCC)c(=O)n2C1c1ccc(F)cc1
1351,1351,Cc1cc(NC(=O)C2(c3ccc4c(c3)OCO4)CCC2)n(c2cccc(Cl)c2)n1
1352,1352,CC(C)c1ccc(S(=O)(=O)Oc2ccc(C=C(C#N)C(=O)NC(N)=O)cc2)cc1
1353,1353,CCn1nc(c2ccc(F)cc2)nc1CC1CCN(C(=O)NC2CC3CCC2C3)CC1
1354,1354,C=CCn1c(CC(=O)NCc2ccccc2)nnc1SCC(=O)Nc1sc2c(c1C#N)CCC(C(C)(C)C)C2
1355,1355,COc1ccc(C(=O)Nc2cc(NC(=O)CNC(=O)C3CC[NH+](CC(=O)Nc4cc(C(=O)N5CCOCC5)ccc4Cl)CC3)ccc2C)cc1
1356,1356,O=C([O-])CCNC(=O)C1CCCN(S(=O)(=O)c2ccccc2)C1
1357,1357,Cc1cc(NC(=O)c2ccc(N3CCOCC3)c([N+](=O)[O-])c2)ccc1NC(=O)c1ccccc1
1358,1358,CCc1cc(OC(F)(F)F)cc2cc(CO)oc12
1359,1359,CSCCC(NC(=O)CNC(=O)C([NH3+])Cc1ccccc1)C(=O)NC(CCC(N)=O)C(=O)[O-]
1360,1360,Cc1ccc(S(=O)(=O)OCCOc2cccc(C=C3C(=O)NC(=S)N(c4ccc(C)cc4)C3=O)c2)cc1
1361,1361,CCn1c(CC(=O)NC2CCCCC2)nnc1SCC(=O)Nc1cccc([N+](=O)[O-])c1
1362,1362,CCCC(CCC)C(=O)CC1CC[NH2+]C1
1363,1363,CCn1c(C(C)Cl)nc2cc(C(F)(F)F)ccc21
1364,1364,Cc1ccc(C=CC(=O)N2CCN(c3ncnc4c3cnn4C)CC2)cc1
1365,1365,CC(=O)C(Cc1ccccc1)NC(=O)C(C[NH3+])C(=O)[O-]
1366,1366,CC1CCCN(S(=O)(=O)c2ccc(C(=O)[O-])c(Cl)c2)C1
1367,1367,O=C([O-])C1CCN(C(=O)c2ccc(N3CC[NH+](Cc4ccccc4)CC3)cc2)CC1
1368,1368,CC(C)=CCc1c(C=O)[nH]c2c1C(=O)CC2
1369,1369,CCCC=CC=CC=CC=CC=CC=CC=CC=CCCCC(=O)OC(COC(=O)CCCCCCCCCCCCCCC)COC1OC(CO)C(O)C(O)C1O
1370,1370,CCC(C)([NH3+])C(=O)NCCc1[nH+]ccn1C
1371,1371,CC(C)CCCC(C)NC(=S)NNC(=O)C(=O)Nc1cccc(Cl)c1
1372,1372,Cc1ccnn1c1ccccc1C(=O)NC1C2CCC(C2)C1C(=O)[O-]
1373,1373,O=C1C(=Cc2cc(I)c(OCc3ccccc3Cl)c(I)c2)SC(=[NH+]c2ccccc2)N1Cc1ccccc1
1374,1374,CC(Sc1nnc(c2ccccc2)n1c1ccccc1)C(=O)Nc1sc2c(c1C#N)CCCC2
1375,1375,Cn1c(=O)n(CCC(F)(F)C(F)(F)C(F)(F)C(F)(F)C(F)(F)C(F)(F)C(F)(F)C(F)(F)C(F)(F)C(F)(F)F)c(=O)c2cc(C(N)=O)ccc21
1376,1376,CCCc1nc(N)cc(Nc2ccc(Br)cc2Cl)n1
1377,1377,CC(C)c1nnc(N2CC[NH2+]CC2)s1
1378,1378,COc1ccc(C=C2SC(=S)N(CCC(=O)Nc3cccc(O)c3)C2=O)cc1
1379,1379,CCOc1ccc(C(=O)Nc2cccc(N3C(=O)c4ccc(Cl)cc4C3=O)c2)cc1
1380,1380,CCOc1ccc(NC(=O)CSc2nnc(Cc3cccnc3)n2C)cc1
1381,1381,COCCN(CC(C)C(=O)OC)C(=O)C1CCN(c2ncnc3scc(c4ccccc4)c23)CC1
1382,1382,Cn1cc(C2(C)CN(c3c([N+](=O)[O-])cccc3[N+](=O)[O-])CCO2)cn1
1383,1383,CC(C)(C)c1cc(CBr)c([O-])c([N+](=O)[O-])c1
1384,1384,CCOC(=O)c1ccc(Nc2cc(C)nc(Nc3ccccc3OC)n2)cc1
1385,1385,Cc1nn(c2ccccc2F)cc1C(=O)NCc1ccc(N2CCCCC2)nc1
1386,1386,CCC(C)NS(=O)(=O)c1ccc(OCC(=O)Nc2c(Cl)cccc2Cl)cc1
1387,1387,COC(=O)c1ccc(CC2CCN(C(=O)C(Oc3ccc(CN4CCc5ccccc54)cc3)C(C)(C)C)CC2)cc1
1388,1388,CS(=O)(=O)N1CCN(C(=O)C2CC[NH2+]CC2)C2COCC21
1389,1389,CC(C)CC([NH3+])c1nnc(CC2CCCCC2)o1
1390,1390,CCCCOC(=O)c1cccc(N2C(=O)C(=O)C(=C([O-])c3cc(C)ccc3C)C2c2cccc(Oc3ccccc3)c2)c1
1391,1391,Cc1cc(OCc2ccccc2C(=O)[O-])ccc1F
1392,1392,CC1CN(c2cc(F)c(Br)cc2[N+](=O)[O-])CCC1=O
1393,1393,O=C(OC1=CN=CC(c2ccc3ccccc3c2)=C1)c1ccncc1
1394,1394,CC(C)CC(C[NH3+])C(=O)N1CCC(C(C)C)C1
1395,1395,COc1c(C)cc(S(=O)(=O)N(C)CC(=O)Nc2ccccc2)cc1C
1396,1396,CC(NC(=O)C1CC[NH+](CC(=O)Nc2cc(C(=O)NC3CCCC3)ccc2Cl)CC1)C(=O)Nc1ccc(NC(=O)c2ccccc2F)cc1
1397,1397,COc1cc(F)cc(CC2([NH3+])CCC(C)CC2)c1O
1398,1398,CC[NH2+]Cc1nnc(SCc2c(Cl)c(C)nn2C)o1
1399,1399,CC(C)(C)C(NC(=O)CCc1ccncc1)C(=O)N1CCC2C1C(=O)CN2C(=O)c1ccc(=O)[nH]c1
1400,1400,CC(C)CC1C(=O)NCCN1C(=O)C(C)c1ccccc1
1401,1401,CC(C)CCS(=O)(=O)Nc1nc(C(=O)[O-])cs1
1402,1402,CC(C)(C)c1cc(O)ccc1CO
1403,1403,CC(C)c1nc(C2CCCCCN2C(=O)c2ccc(Cn3cncn3)cc2)no1
1404,1404,Cc1nc(C)c(C(=O)Oc2ccccc2c2nc3ccccc3[nH]2)s1
1405,1405,O=C(NCC[NH+]1CCc2ccccc2C1)C1(c2ccccc2)CCOCC1
1406,1406,C=CC(=O)OCCCCCCOc1ccc(N=Nc2ccc(OC(=O)C=C)cc2)cc1
1407,1407,COc1ccc(c2nc(C[NH+]3CCN(c4nccc(c5ccc(OC)c(OC)c5)n4)CC3)co2)cc1
1408,1408,O=C([O-])NCC(=O)Nc1cc(Br)ccn1
1409,1409,CCOC(=O)C1=C(COC(=O)CNC(=O)c2ccc(OC)c(OC)c2)NC(=O)NC1C
1410,1410,COc1ccc(NC(=O)NCC(O)COCC2CC2)cc1OC(F)F
1411,1411,CCOc1cccc2sc(N(Cc3ccccc3)C(=O)c3ccc(F)cc3F)nc12
1412,1412,CCOC(=O)c1ccc(N2C(=O)NC(=O)C(=Cc3ccc(OCc4ccc(Cl)c(Cl)c4)c(OC)c3)C2=O)cc1
1413,1413,Cc1ccc(OCC(=O)NC2(C#N)CCOCC2)cc1C
1414,1414,CCOC(=O)c1sc2nc(C[NH+](C)Cc3cccc(Cl)c3)[nH]c(=O)c2c1C
1415,1415,Cn1nc2c(c1NC(=O)c1cc(c3ccccc3)no1)CS(=O)(=O)C2
1416,1416,COc1ccccc1C(=O)Nc1ccc(F)c(NC(=O)CCNC(=O)C2CC[NH+](CC(=O)Nc3ccc(C(=O)Nc4ccc(C)c(F)c4)cc3C)CC2)c1
1417,1417,Cc1ccc(Oc2nnccc2C[NH3+])c(C)c1
1418,1418,CCC(C)NC(=O)c1cc(NC(=O)C(C)[NH+]2CCC(C(=O)NCCC(=O)Nc3cc(C(=O)NC4CCCC4)ccc3C)CC2)ccc1Cl
1419,1419,[NH3+]CCCCCCC(=O)NC(CCC(=O)[O-])C(=O)NC(Cc1cnc[nH]1)C(=O)[O-]
1420,1420,CC(C)(CNC(=O)CCC1CC[NH2+]CC1)C(N)=O
1421,1421,Cc1nc(C(F)(F)F)ccc1C(=O)N1CC2Oc3ncc(NC(=O)C(C)C)cc3C2C1
1422,1422,CC[NH2+]C(C)(C)C(=O)NC(C(C)C)C(O)c1ccccc1
1423,1423,COc1cccc(CC(CCC(=O)[O-])c2ccccc2)c1
1424,1424,CCC1C[NH+](CC(=O)Nc2ccc(C#N)cc2Cl)CCC1[NH3+]
1425,1425,CCC(C(=O)[O-])C1Nc2ccc(Br)cc2C1(C)C
1426,1426,CCOC(=O)c1ccccc1NC(=O)CSc1nnc(C(C)[NH+]2CCCC(C)C2)n1CC
1427,1427,CCOC(=O)[N-]C(=O)CSc1cnccn1
1428,1428,CC(C)CC(C)(C[NH3+])N1CCSC(C)C1
1429,1429,[NH3+]C1(CC=Cc2ccc(Br)cc2)CCC1
1430,1430,CSC(C)CN1CC(C(=O)[O-])CC1=O
1431,1431,COc1nccc(OC2CN(C(=O)c3cnc(C4CC4)s3)C2)n1
1432,1432,COc1ccc(OC)c(c2cc(C(=O)Nc3nnc(C)s3)n(C)n2)c1
1433,1433,CC1CCC2(CC1)OC(=O)C(C#N)=CC2c1ccc(F)cc1
1434,1434,Cc1cc(OC2CCN(C(=O)C3CC(O)C[NH2+]3)C2)nc(C)n1
1435,1435,COc1ccc(C(Cl)c2ccc(F)c(F)c2F)cc1Br
1436,1436,COc1cc(N2CCCC2)ccc1C=C1C(=O)NC(=O)N(c2ccc(Cl)cc2)C1=O
1437,1437,CC(C)CC(NC(=O)C(CCC(N)=O)NC(=O)C([NH3+])CC(=O)[O-])C(=O)NC(CC(N)=O)C(=O)[O-]
1438,1438,COC(=O)c1ccccc1c1ccc(C=NNc2ccc(C(F)(F)F)cc2[N+](=O)[O-])o1
1439,1439,CSc1c(N)ccc(F)c1Cl
1440,1440,CC1CCC(CNS(=O)(=O)CC2CCCN2)CC1
1441,1441,CC(C)(C)n1ncnc1CC(O)c1cc(F)cc(F)c1
1442,1442,COC(=O)C(CC[NH+]1CCCCC1)NC(=O)c1cccc(C#N)c1
1443,1443,CC(C)(C)C(=O)C(O)(CO)C(O)C(C)(C)CO
1444,1444,C=CCCCN(C)C(=O)c1sc(NCC(C)C)nc1N
1445,1445,C=CCOC1(C(=O)OC)CC(OC(C)=O)C(NC(C)=O)C(C(OC(C)=O)C(COC(C)=O)OC(C)=O)O1
1446,1446,Cn1cnc(S(=O)(=O)N2CCN(C(=O)c3ccc(=O)[nH]n3)CC2)c1
1447,1447,CC1CC(C)CN(C(=O)C2CCN(C(=O)c3ccccc3Cl)CC2)C1
1448,1448,CC(C)n1cc(S(=O)(=O)NCC2(C)CC2)cc1CCl
1449,1449,C=CCNC(=O)C(=O)C(CCC)NC(=O)C1C2C(CN1C(=O)C(NC(=O)NC(CN1CCCC1=O)C(C)(C)C)C(C)(C)C)C2(C)C
1450,1450,CCCc1nc2c(C)cc(C(=O)NCc3ccc(N(C)C)cc3)cc2n1Cc1ccc(c2ccccc2C#N)cc1
1451,1451,O=C(C=Cc1ccc2c(c1)NC(=O)CO2)NCC1(c2ccccc2)CCOCC1
1452,1452,COc1ccc(n2c(=O)c3ccccc3n3c(SCC(=O)Nc4ccc(Cl)c(C(F)(F)F)c4)nnc32)cc1
1453,1453,Cc1ccc(S(=O)(=O)n2c(C(C)Cl)c(c3ccc(Cl)cc3Cl)c3cc(C(=O)N(Cc4ccccc4)c4ccccc4)ccc32)cc1
1454,1454,CC1CCN(C(=O)c2ccc3c(c2)c(=O)n(c2ccccc2)c(=O)n3Cc2ccccc2F)CC1
1455,1455,COc1ccc(S(=O)(=O)N(C)CC(=O)NC2CC2)cc1C
1456,1456,CC(C)N(CC(=O)Nc1[nH+]c(c2ccccc2)cn1c1ccc(S(N)(=O)=O)cc1)S(C)(=O)=O
1457,1457,O=C(c1ccccc1)N1CC=C(c2ccc(NS(=O)(=O)c3cccs3)cc2)CC1
1458,1458,CCCCC(CC)C(=O)Nc1cccc(CN2C(=O)NC(C)(C)N(C)C2=O)c1
1459,1459,CCCCCOC(=O)C(C)Oc1ccc(Br)cc1N
1460,1460,O=C(Nc1ccccc1C[NH+]1CCOCC1)Nc1cccnc1Oc1ccccc1
1461,1461,CC(C)[NH+](CCNC(=O)N1CCOC2(CCC2)C1)C(C)C
1462,1462,O=C(C[NH+]1CCC(NC(=O)c2ccc(F)cc2)CC1)N1CCc2ccccc2C1
1463,1463,Cc1noc(c2ccccc2NC(=O)CSc2nnc(N3CCCCC3)n2Cc2ccco2)n1
1464,1464,Cn1cc(C(=O)N2C3CCCC2CC3OCC(=O)[O-])ccc1=O
1465,1465,CC(=O)C(C)C(O)c1cccc(C(F)(F)F)c1
1466,1466,COC(=O)C(C)[NH2+]C(C)c1ccc2c(c1)NC(=O)CO2
1467,1467,CC(C)(CNC(=O)Cc1csc(N2CCOCC2)n1)C(=O)[O-]
1468,1468,CC1CCc2ccccc2N1C(=O)CSc1nnc(N2CCOCC2)n1c1ccccc1
1469,1469,O=c1c(CSc2nnc(C3CC3)n2Cc2ccc(Cl)cc2)coc2ccc3ccccc3c12
1470,1470,O=C(COc1ccc(Br)cc1)NN=Cc1ccc(OC(F)F)cc1OC(F)F
1471,1471,O=C(c1nn(c2ccccc2)c2c1CCC2)N1CCC[NH+](C2CCSC2)CC1
1472,1472,O=C(COc1ccccc1)N1CCN(S(=O)(=O)C=Cc2ccccc2)CC1
1473,1473,CC(=O)Nc1ccc(C([NH3+])CC2CCOCC2)cc1
1474,1474,O=C(c1ccsc1)c1coc2ccccc12
1475,1475,COc1ccc(Cl)cc1NC(=O)CSCc1cccc(C)c1
1476,1476,CCCCCNC(=O)C(C)n1c(C)nc2scc(c3cccs3)c2c1=O
1477,1477,CC(=O)NC1CCC(NC(=O)c2ccncc2O)CC1
1478,1478,Cc1ccc(N2CC=CC34OC5C6(C)C=C(C#N)C(=O)C(C)(C)C6C(O)C5C3C(=O)N(C(CO)C(C)C)C4C2=O)cc1C
1479,1479,O=Cc1cccc([N+](=O)[O-])c1OCCOCCO
1480,1480,COc1ccc(C(O)C2(CO)CCCCC2)cc1OC
1481,1481,[NH3+]C1(c2ccc(C3COCCO3)cc2)CC1
1482,1482,Cc1cc(C)cc(NC(=O)C(=O)NCc2ccc(c3nc4ccccc4s3)cc2)c1
1483,1483,CC[NH2+]C(CC1CCCO1)c1cc(C)c(F)cc1F
1484,1484,COc1ccc(C(=O)N2CCCC(C)C2)cc1NC(=O)C1CC[NH+](CC(=O)Nc2cccc(C(=O)Nc3ccc(F)cc3C)c2C)CC1
1485,1485,CC(=O)Nc1ccc(C(=O)COC(=O)c2cc3c(s2)CCC3)c(F)c1
1486,1486,Cc1occc1C(=O)N(C)CCC(C)O
1487,1487,CCCS(=O)(=O)Nc1ccc2c(c1)nc(C(N)=O)n2CC
1488,1488,O=C(Cc1cccs1)NC1(C(=O)[O-])CCCC1
1489,1489,Cc1cc(N2CCOCC2)nc(Nc2ccc(NC(=O)Oc3ccccc3)cc2)n1
1490,1490,O=C1Nc2ccc(S(=O)(=O)CCN3CCOCC3)cc2C1=O
1491,1491,CC(C)[NH+]1CCC(Oc2ccc(c3cccc(CNC(=O)NC4(c5ncccn5)CC4(F)F)c3)cc2)CC1
1492,1492,COc1ccc(C(=O)N2CCC(c3nc(c4ccc(OC)cc4)no3)CC2)cc1
1493,1493,CC1Cc2ccccc2N1C1CCN(c2ncnc3c2C[NH2+]CC3)CC1
1494,1494,CSCCC(NC(=O)OCc1ccccc1)C(=O)NC(CCC[NH+]=C(N)N)C(=O)N(C(=O)CNC(=O)C[NH3+])C1CCCCC1
1495,1495,CC1CC([NH+]2CCOCC2)CN1C(=O)CC1CCCCC1
1496,1496,CCC(C)OC(=O)CSc1ncnc2sc(C)c(C)c12
1497,1497,CNc1[nH]c(c2ccc(C)o2)c[nH+]1
1498,1498,Cn1c(CNS(=O)(=O)c2ccc3c(c2)OCC(=O)N3)n[nH]c1=S
1499,1499,Cc1cccc2c3c(n(C)c12)C(C)(C)c1ccccc1N3C
1500,1500,O=C([O-])c1cc(OC(F)F)cc(NC2CCC2)c1
1501,1501,CNC(=O)Nc1ccc(c2ccc3c(=O)n(c4ccccc4)c(C)nc3c2)nn1
1502,1502,CC[NH2+]C(CCc1ccsc1)c1cc(C)ccc1OC
1503,1503,CC(C)(CNC(=O)c1cn(CCO)c(=O)c2ccccc12)C1CC(O)C1
1504,1504,Cc1nccn1c1cc(C[NH+]2CC3CCC(C2)O3)ccc1C(=O)NN
1505,1505,COc1ccc(C[NH+](Cc2c(C)nn(C)c2Cl)C2CC2)cc1
1506,1506,COC(=O)N(C)c1cccc(Sc2nnc(NC3CCCCC3)s2)c1
1507,1507,O=c1c(Br)c(NCc2cccc(F)c2O)cnn1c1ccncn1
1508,1508,COc1ccccc1c1ncc(C=O)c(N)n1
1509,1509,COc1ccc(C[NH+]2CCN(C(=O)CCCc3nc(C)no3)CC2)cc1F
1510,1510,CC(C)(C)C(=O)OC1(C(=O)COC(=O)c2ccccc2OC(F)F)CCC2C3CC(F)C4=CC(=O)C=CC4(C)C3(F)C(O)CC21C
1511,1511,CC1C[NH+](CCSC(F)(F)F)CCC1=N
1512,1512,COc1c(C=Cc2ccc(N(C)C)cc2)c(c2ccccc2C)cc2cccnc12
1513,1513,O=C(NCC1CCCO1)c1ccc(N2CCOCC2=O)cc1
1514,1514,CC(=O)OCC1OC(Sc2ccccc2)C(OC2OC(COC(C)=O)C(OC(C)=O)C(OC(C)=O)C2OC(C)=O)C(OC(C)=O)C1OC(C)=O
1515,1515,CC(C)(COCc1cccc(C(F)(F)F)c1)C([NH3+])C(=O)[O-]
1516,1516,CCCCC[NH2+]CCN(C)C1CC[NH+](CC)CC1
1517,1517,COCCNc1cc(C(F)(F)F)ccc1C(=O)[O-]
1518,1518,Cc1nnc(NC(=O)N2CCCCC2c2nc(c3ccccc3)no2)s1
1519,1519,CC(Br)=CCCC(Cl)(Cl)Cl
1520,1520,O=C([O-])C(c1ccccn1)N1C(=O)c2c(Br)c(Br)c(Br)c(Br)c2C1=O
1521,1521,COCCONC(C)C1CC[NH+](C)CC1
1522,1522,O=C([O-])C1CN(C(=O)Nc2cnns2)CCO1
1523,1523,CCOc1ccc(NC2=CCC(C3CC=CC(C4CC=CCC4)C3F)=CC2=O)cc1
1524,1524,CS(=O)CCNC1CCc2cc(N)ccc21
1525,1525,[NH3+]CCCCC(NC(=O)C(Cc1ccccc1)NC(=O)C([NH3+])CCC[NH+]=C(N)N)C(=O)NC(Cc1c[nH]c2ccccc12)C(=O)[O-]
1526,1526,C=CC=CC(=C)CNC=C[NH2+]C
1527,1527,O=C(NCCc1ccccn1)c1sccc1S(=O)(=O)N1CCc2ccccc21
1528,1528,Cc1cc(Cl)nc(C2CCN(C(=O)OC(C)(C)C)C2)n1
1529,1529,COc1cc2c(cc1OC)C(COc1ccc(C(C)(C)C)cc1)[NH+](C)CC2
1530,1530,Cc1ccc(C=CC(=O)NC2(C(=O)[O-])CCCCC2)o1
1531,1531,COc1ccc(N2CCC(C(=O)[O-])C2)cc1O
1532,1532,Cc1ccnc(Cl)c1NC(=O)N1CCCC(Oc2ncc(F)cn2)C1
1533,1533,Nc1cc(C([NH3+])C2CC2)ccn1
1534,1534,Cc1c(NC(=O)C[NH+]2CCC(C(=O)NC(C)C(=O)Nc3ccc(C(=O)N4CCCC4)c(Cl)c3)CC2)cccc1C(=O)Nc1ccccc1F
1535,1535,CC(C)(NC(=O)NCC1(O)CCCC1)c1ccc(Br)cc1
1536,1536,Cc1ccc(C2C[NH2+]CC(C)N2)cc1F
1537,1537,CCOc1ccc(C=NNC(=O)Cc2ccc(Br)cc2)cc1
1538,1538,Cc1cc(C)c(C=CC(=O)NCCc2ccncn2)cc1C
1539,1539,CCC(C)Sc1ccc(CCC(C)[NH3+])cc1
1540,1540,COc1c(Cl)cc(C([O-])=C2C(=O)C(=O)N(c3ccc(Cl)cc3)C2c2ccccn2)cc1Cl
1541,1541,CCOCCCN(CC(=O)N(CCc1ccc(OC)c(OC)c1)Cc1ccc(C)s1)C(=O)c1ccc(OC)c(OC)c1
1542,1542,COc1ccc(N2CCN(C(=O)N3CCN(c4nc(C)cc(C)n4)CC3)CC2)cc1
1543,1543,FC(F)(F)c1cc(CCl)ccc1N1CCCCC1
1544,1544,CCc1oc2ccccc2c1C[NH+]1CC(C(N)=O)CCC1C
1545,1545,Cc1ccc(C#N)c(N2CCC(CBr)CC2)n1
1546,1546,C=CCC1(C)C(=O)C(C)=C(C)C2C(C)C(CC(=O)OC)C3(O)CC(OC(=O)C(OC)c4ccco4)C(C)C(OC(=O)Cc4cn5ccccc5[nH+]4)C(C)(O)CC(OC(C)=O)C3(C)CCC(C(C)C1C)C2C
1547,1547,COc1cc2nccc(NC3CC4CCC3C4)c2cc1OC
1548,1548,COc1ccc(C(=O)Cc2ccc(F)cc2F)c(Cl)c1
1549,1549,Cc1n[nH]c(C)c1NC1CCCS(=O)(=O)C1
1550,1550,COCC[NH2+]Cc1nnc(c2ccc(F)cn2)o1
1551,1551,Cc1ccc(C=C2SC(Nc3cccc(Cl)c3)=[NH+]C2=O)cc1
1552,1552,CCCCCC=CCC=CCC=CCC=CCCCC(=O)NC(C)C(=O)OCCOCCOCCOCCOCCO
1553,1553,[NH3+]CC(=O)NCC(=O)N1CCCCCC1
1554,1554,C=CCN1C(=O)C(=Cc2cccn2c2cccc([N+](=O)[O-])c2)SC1=S
1555,1555,N#CC1CNCC[NH2+]1
1556,1556,CSCC(=O)Nc1ccccc1C(C)O
1557,1557,COc1cc(OC)cc(C(=O)N2CCN(S(=O)(=O)c3cc(C(F)(F)F)ccc3Cl)CC2)c1
1558,1558,C[NH2+]C(CC(C)C)C(=O)NC1C(=O)NC(CC(N)=O)C(=O)NC2C(=O)NC3C(=O)NC(C(=O)NC(C(=O)N(C)C(CC(C)C)C(=O)N(C)C)c4cc(O)cc(O)c4-c4cc3ccc4O)C(O)c3ccc(c(Cl)c3)Oc3cc2cc(c3OC2OC(CO)C(O)C(O)C2OC2CC(C)([NH2+]Cc3ccc(OC)cc3)C(O)C(C)O2)Oc2ccc(cc2Cl)C1O
1559,1559,NNC(=O)c1c(N=Nc2ccc(N)c(S(=O)(=O)[O-])c2c2nc(=O)c(=NNc3ccc(N=Nc4ccccc4)cc3)[nH]2)c(=O)c1=O
1560,1560,Cc1cc(C)c(NC(=O)c2cc(OC3CCCC3)nc(C)n2)c(C)c1
1561,1561,CCOC(=O)c1csc(N(C)CC(O)COc2cccc(C)c2)n1
1562,1562,C=CCN(c1cccc(N)c1)C1CC1
1563,1563,O=C(COc1ccc(c2ccccc2)cc1)Nc1ccc(COCc2ccccc2)cc1
1564,1564,COc1ccc(COC(=O)c2ccc(n3cccc3)cc2)cc1OC
1565,1565,CCOC(=O)c1ccccc1n1c(C)cc(C2C(c3ccccn3)NC(=S)N2c2ccc(C(C)C)c(C)c2)c1C
1566,1566,CCCCCCC=C1[NH2+]CCc2ccccc21
1567,1567,CCCCn1nc(NC(=O)c2ccc(Cl)c(Cl)c2)ccc1=O
1568,1568,CC[NH2+]C(c1cncc(F)c1)c1nc2c(s1)CCCC2
1569,1569,O=C(c1ccc(F)cc1)N1CCN(c2cnccn2)CC1
1570,1570,Cc1ccc(c2nc(CN(C(=O)CCn3nc(C)cc3C)C3CC3)cs2)cc1
1571,1571,Cc1ccc(NC(=O)C(Cl)c2cccc(OCC(C)C)c2)c(Cl)c1
1572,1572,O=C([O-])c1ccccc1NC(=S)N1CC2CCCN2c2ccccc21
1573,1573,Cc1ccc(S(=O)(=O)N2CC(C(=O)Nc3cccc(C(=O)[O-])c3)Oc3ccc(Cl)cc32)cc1
1574,1574,CCOC(=O)c1c(NC(=S)Nc2ccc(OC)cc2)sc2c1CCN(C(C)=O)C2
1575,1575,Cc1nc(C)n(c2ccc(C#N)c(C(F)(F)F)c2)n1
1576,1576,COc1ccc(CNC(=O)c2cnc(NCCc3ccncc3)cn2)cc1OC
1577,1577,COc1ccc(O)c(C(C)[NH2+]CC2(O)CCCC2)c1
1578,1578,CCc1ccc(CNc2cccc(n3cnnc3)c2)s1
1579,1579,CC(C)(C)c1cc(c2nc(N3CC[NH2+]CC3)n[nH]2)cc(C(C)(C)C)c1O
1580,1580,N#Cc1ccc(n2[nH]c(Cc3ccccc3C(F)(F)F)nc2=O)cc1
1581,1581,NC(=[NH2+])c1ccc(OCCCC(F)(F)C(F)(F)C(F)(F)C(F)(F)C(F)(F)C(F)(F)F)cc1
1582,1582,COc1cc(I)c(C=C2N=C(c3ccc(OC(C)C)c(C)c3)OC2=O)cc1OC
1583,1583,Cc1ccc(O)c(NC(=O)c2ccc(=O)[nH]n2)c1
1584,1584,N#Cc1ccc(N2CCC([NH3+])CC2)nc1
1585,1585,CC(=O)c1ccc(OCC(=O)c2ccc3c(c2)CCC3)cc1
1586,1586,CCc1cc(C2([NH3+])CC2)ccc1OC
1587,1587,Cc1nc(N2CCN(C(=O)c3ccc(F)cc3)CC2)c2nnn(Cc3ccccc3Cl)c2n1
1588,1588,COc1ccc2c(c1)c(CC1SC(=O)N(c3cc(Cl)ccc3Cl)C1=O)c(C)n2CC(=O)c1ccc(Cl)cc1
1589,1589,Cc1oc(c2cccs2)nc1CC(=O)Nc1ccc(N(C)C)nc1
1590,1590,COc1ccc(C(=O)N2CC[NH+](Cc3nc4ccccc4[nH]3)CC2)cc1
1591,1591,CCCS(=O)(=O)N1CC[NH+](CCOc2cccc(C(=O)N3CCCC3)c2)CC1
1592,1592,O=P(c1ccc(c2ccccc2)cc1)(c1ccc(c2ccccc2)cc1)c1cc(Br)ccc1F
1593,1593,CNS(=O)(=O)c1cc(C(=O)NCC2(c3cccc(F)c3)CCOCC2)ccc1OC
1594,1594,CCCCNc1nc(c2ccc(F)cn2)nc2c(C)c(F)c(F)cc12
1595,1595,COCCNC(=O)C(C)Sc1nnc(COc2ccc(C)cc2)n1c1ccc(C)cc1
1596,1596,Cn1c(NN=Cc2cccc(Cl)c2Cl)nc2c1c(=O)n(C)c(=O)n2C
1597,1597,Cc1[nH+]cc(c2cc(C(F)F)nc3sc(C(N)=O)c(NC(=O)COc4cccc(F)c4)c32)n1C
1598,1598,COc1ccc(N2CC[NH+](CC(=O)NCC3COc4ccccc4O3)CC2)cc1
1599,1599,C=CCC1=C(C)C(=O)OC1=O
1600,1600,COc1ccc2c(c1)C([NH2+]C1CC=CC1)CCC2
1601,1601,COc1ccc(C(N)=S)cc1COc1ccc(Cl)cc1
1602,1602,CCc1cc(=O)[nH]n1CC(=O)NC(C)c1ccc(F)cc1
1603,1603,CCCOC(=O)c1cn(CC#N)cn1
1604,1604,O=C(C1CCOCC1)N1CCC(Oc2ccc3ccccc3n2)C1
1605,1605,O=Cc1c(CO)ccc(OC(F)(F)F)c1C(=O)[O-]
1606,1606,C=CCCCCCC1OC1CC#CC(=O)OC
1607,1607,CCc1ccc(C(O)Cc2c(C)nn(C)c2Cl)cc1
1608,1608,Cn1nccc1C(=O)CC1CCCO1
1609,1609,N#Cc1cc(COc2c(F)cc(S(=O)(=O)Cl)c(F)c2F)ccc1F
1610,1610,CCC(C)C(NC(=O)C(CC(C)C)NC(=O)C(C)NC(=O)C([NH3+])CC(=O)[O-])C(=O)NC(CO)C(=O)NC(CC(=O)[O-])C(=O)NC(C)C(=O)[O-]
1611,1611,COc1ccc(C(=O)N(Cc2ccc(N3CCCCC3)cc2)c2ccccc2C)cc1OC
1612,1612,COc1cc(O)c(C(C)[NH3+])cc1Cl
1613,1613,Nc1cc(C=Cc2ccc(OCC(=O)[O-])cc2)ccc1C(=O)c1ccc(F)cc1
1614,1614,CN(CC(=O)Nc1cccc(c2nn[n-]n2)c1)C(=O)OC(C)(C)C
1615,1615,CC(=O)c1cc2c(cc1NC(=O)CN1C(=O)COc3ccccc31)OCO2
1616,1616,Cn1cncc1C([NH3+])CC1CCOc2ccccc21
1617,1617,NNC(=O)c1cc(c2ccccc2)nc2ccccc12
1618,1618,CC1OC(OC2C(C(=O)[O-])OC(O)C(O)C2O)C(O)C(O)C1O
1619,1619,O=C(Cc1ccc(OCc2ccccc2)cc1)N1CCN(C(=O)C2CCC2)CC1
1620,1620,CCOc1cc(OCC)c(c2cc(C(F)(F)F)nn2c2ccc(S(C)(=O)=O)cn2)cc1C(=O)[O-]
1621,1621,Cc1ccc(SC(Oc2ccc(N)cc2N)C(C)c2ccc(C=CC(=O)NCC[NH+](C)C)cc2)cc1
1622,1622,Cc1ccc(SC2CC(=O)N(c3ccc(Br)cc3)C2=O)cc1C
1623,1623,[NH3+]Cc1cccc(OCCC2CCCC[NH2+]2)c1
1624,1624,CCOC(=O)C(C(C)C)N1C(=O)COCC1C[NH3+]
1625,1625,CC(C)C([NH3+])CC(=O)N1CC[NH+](CC(=O)Nc2ccccc2)CC1
1626,1626,Cc1nc2ccccc2c(=O)n1c1ccc(C(=O)Nc2ccc3c(c2)CCC(=O)N3)cc1
1627,1627,CC(=O)NC(Cc1ccccc1)C(=O)NC(Cc1c(Cl)c(C)nn1CCO)C(=O)NC(Cc1ccc2ccccc2c1)C(=O)[O-]
1628,1628,O=C([O-])CC1CN(C(=O)c2csc(c3ccccn3)n2)CCO1
1629,1629,Cc1ccc(C(C)NC(=O)c2cccc(S(=O)(=O)N3CCOCC3)c2)cc1C
1630,1630,CC(C)(C)C(=O)NCC(=O)NC1CC(c2ccccc2)([NH+]2CCOCC2)C1
1631,1631,O=C1CC(c2ccc(Br)s2)c2sc(=O)[nH]c2N1
1632,1632,O=C(C1CC2CCC1C2)N1CCN(c2c3c(nc4ncnn24)CCCC3)CC1
1633,1633,CC[NH2+]C(C)c1nnn(CC2CCCOC2)c1C(C)C
1634,1634,CC(C)CC(NC(=O)C(Cc1ccc(O)cc1)NC(=O)C(CC(N)=O)NC(=O)C(NC(=O)C([NH3+])CC(N)=O)C(C)C)C(=O)[O-]
1635,1635,Cc1c(C(=O)N(C)Cc2cccc(F)c2)[nH]c2c1C(=O)CCC2
1636,1636,Cc1cc(OCc2ccccc2NC(=O)c2c(C)nn(C)c2C)ccc1Cl
1637,1637,CC1C=CC=C(c2ccccc2N(c2ccc(c3ccccc3)cc2)c2ccc(c3ccccc3)cc2)C=C1
1638,1638,Cc1cc(=O)nc([NH+]=C(N)N)[nH]1
1639,1639,COc1ccc(OCCNC(=O)CSc2nnc(c3ccccc3F)n2c2ccc(C)cc2)cc1
1640,1640,Nc1cc(Cl)[nH+]c(Oc2ccc(F)c(F)c2)c1
1641,1641,Cc1nc2ccc(CCC[NH3+])cc2[nH]1
1642,1642,CCC1(CC)CCc2cccc([O-])c2C(=O)C1
1643,1643,CCOC(=O)c1ccccc1NC(=O)Cn1nc(C)c2c(c1=O)SCC2
1644,1644,CSc1cc([S-])c2ccsc2c1[S-]
1645,1645,CC(C)c1ccc(c2nc3cc(N=Cc4ccc(C(=O)[O-])cc4)ccc3o2)cc1
1646,1646,CC(C)OC(=O)CN1C(=O)SC(=Cc2ccc(c3ccccc3)s2)C1=O
1647,1647,NC(=[NH+]CCC1CCC1)N1CCCCC1
1648,1648,COC(=O)c1cn(S(=O)(=O)c2cccc(c3nc(C)c(C(C)=O)o3)c2)c2cc(C)c(C)cc12
1649,1649,COCCN(CC(=O)N(Cc1ccccc1)Cc1cccs1)C(=O)c1ccccc1
1650,1650,C=C(C)C(=O)Nc1ccccc1c1ccc(O)c(O)c1
1651,1651,CC(C)C([NH3+])C(=O)OCC[NH+](C)C
1652,1652,CCOC(=O)c1cc(c2ccc(N3CCOCC3)cc2)nc(C)c1F
1653,1653,CC1=C(C(=O)OCc2ccccc2)C(c2ccc(Cl)cc2)n2c(sc(=Cc3ccc([N+](=O)[O-])cc3)c2=O)=N1
1654,1654,C=CCSc1nnc(NC(=O)c2cccc(S(=O)(=O)N(C)C)c2)s1
1655,1655,CC(=O)Nc1ccc(Nc2cc(Nc3cc(C)ccc3C)ncn2)cc1
1656,1656,COc1ccc2c(c1)C(O)(c1cc(Br)cc3c1OCC3)C2
1657,1657,CCCCCCc1oc2ccccc2c1C(O)CCCC
1658,1658,CC(=O)c1ccc(OCC(=O)OC2CC(n3ccc(NC(=O)c4ccccc4)nc3=O)OC2CO)cn1
1659,1659,Cc1c(N)cccc1S(=O)(=O)N(C)CCOCC1CC1
1660,1660,O=C(Nc1cc(F)c(Br)cc1F)c1ccc(COc2c(Cl)c(Cl)c(Cl)c(Cl)c2Cl)o1
1661,1661,O=C(CNC(=O)c1cccnc1)Nc1ccc(F)c(CN2CCSC2=O)c1
1662,1662,Cc1cc(Br)ccc1n1nc(c2ccncc2)c2c1NCC2
1663,1663,CCC1=C(c2ccccc2)C(c2ccc(Cl)cc2)O[Si]1(C)C
1664,1664,COc1ccc(Cl)cc1C(C)NC(=S)Nc1ccc(C)c(Cl)c1
1665,1665,C[NH2+]C(C)c1c(Cl)ccc(Cl)c1Cl
1666,1666,C=C(C)C[NH+]1CCC2(CC1)CN(c1ncccn1)c1ccccc12
1667,1667,Cc1c2c(nn1c1ccc(F)cc1)CCN(C(=O)NCCc1ccccn1)C2
1668,1668,CCCc1cc(c2ccccc2)c(N)nn1
1669,1669,CC(=O)Nc1ccc(C(=O)Nc2ccccc2N2CCCCC2)s1
1670,1670,NNC(=O)c1ccc(c2ccccc2)c(F)c1
1671,1671,CCCC(CC)N1C(=O)C(CC)[NH2+]C1C1CCCC1
1672,1672,CCn1cc(c2n[nH]c(=S)n2C2(C)CCOCC2)cn1
1673,1673,O=C([O-])CNC(=O)c1ccc(S(=O)(=O)NCC2CCC2)cc1
1674,1674,O=C(Nc1ccc2c(c1)C(=O)CC2)c1cc(Cl)ccc1O
1675,1675,Cc1ccc(C2=C([NH+](C)C3CC[NH+](C)CC3)C(=O)N(Cc3cccs3)C2=O)cc1
1676,1676,CSc1sc(C)c2c1C(C)(C)C13CC(C)(C[N+](C)(C2)C1)C(C)C3C
1677,1677,Cc1onc(c2ccc(F)cc2)c1NC(=O)c1ccc(S(N)(=O)=O)cc1
1678,1678,CNS(=O)(=O)c1ccc(CCC(=O)NCc2ccccc2Cn2cccn2)cc1
1679,1679,COc1ccc(c2cc(C(=O)N3CCCC([NH+](C)C)C3)n(c3cccc(C)c3C)n2)cc1
1680,1680,CC(C)C([NH2+]C1CCCCC1)C(=O)OCCn1ncc(Cl)c(Cl)c1=O
1681,1681,Nc1ccc(Cl)c(SCC(=O)Nc2ccccc2OC(F)F)c1
1682,1682,CC[Si](CC)(CC)OCC[N+](C)(CCOCCOCCOCCOCCOCCOC)CCOCCOCCOCC
1683,1683,Nc1ccc(COc2cccc(O)c2CF)cn1
1684,1684,CC(=O)c1n[nH]c2ccc(NC(=O)c3cccc(F)c3)cc12
1685,1685,CC1C[NH+](CC(O)COCc2ccccc2)CCC1=NO
1686,1686,O=C(C[NH+]1CCN(C(=O)C2CCCCC2)CC1)N1CCCCC1
1687,1687,COC(=O)c1ccc(C[NH2+]C2CCCCC2C[NH3+])[nH]1
1688,1688,CC(C)(C)C([NH3+])C(O)c1cc(C(F)(F)F)ccc1F
1689,1689,FC(F)C1(c2ccccc2)CCN=C1Cl
1690,1690,CC(=O)OCC1OC(OC2OC(COC(=O)c3ccccc3)C(OC(C)=O)C(OC(C)=O)C2OC(C)=O)C(OC(C)=O)C(OC(C)=O)C1OC(C)=O
1691,1691,Cn1ccc(C(=O)N2CCC(c3nnc4ccc(C(C)(C)C)nn34)CC2)cc1=O
1692,1692,CC(C)[NH+]1CCC2(CC1)NC(=O)N(C1CCC1)C2=O
1693,1693,COc1cc2nc(CCCl)n(CC(C)(C)O)c2cc1OC
1694,1694,CC(C)(C)c1nnc(COc2c(Cl)cccc2CC[NH3+])o1
1695,1695,O=C(C[NH+]1CCCCC1C1OCCO1)NC(=O)NC12CC3CC(CC(C3)C1)C2
1696,1696,CN(CCCc1ccccc1)S(=O)(=O)c1ccc(Br)cc1Cl
1697,1697,COc1c(C(C)=CC(=O)Nc2ccc(C)cn2)cc2c(C)coc2c1C
1698,1698,CC1CC(C)C[NH+](CCCC(N)=[NH+]O)C1
1699,1699,O=C([O-])C1CCC(C(=O)NCCc2ccc(Br)s2)C1
1700,1700,O=C1CCCC2=C1C(c1ccc(Br)cc1)CC(=O)N2c1cc(F)ccc1F
1701,1701,COc1ccc(S(=O)(=O)NCCOc2cc(C)nn2c2ccccc2)cc1C
1702,1702,Cc1ccc(C[NH2+]CC(=O)NCc2ccoc2)cc1
1703,1703,CCOc1c(C(C)=CC(=O)N(C)C)cc2c(occ2c2ccc(C)cc2)c1C
1704,1704,COC(=O)N1CCN(C(=O)c2sc(NC(=O)c3ccc(Br)cc3)cc2C)CC1
1705,1705,CCOC(=O)c1c(NC(=O)COC(=O)c2ccc3nncn3c2)sc(C)c1CC
1706,1706,[NH3+]C1CCCCC1CC(=O)NCCc1ccccn1
1707,1707,CCC(C)C(NC(=O)C(C)NC(=O)C(CC(C)C)NC(=O)C(CC(C)C)NC(=O)C(CC(N)=O)NC(=O)C(Cc1ccc(O)cc1)NC(=O)C(CCCC[NH3+])NC(=O)C([NH3+])Cc1ccccc1)C(=O)NC(Cc1ccc(O)cc1)C(=O)NC(C)C(=O)NC(CC(N)=O)C(=O)[O-]
1708,1708,CCC(CCO)CNc1ncc(Cl)cc1Cl
1709,1709,O=C(Nc1ccc(S(=O)(=O)C2CS(=O)(=O)C2)cc1)N1CC2COCC(C1)O2
1710,1710,Cc1cc(C)c(NC(=O)C(C)Sc2nnc(NCc3ccccc3)s2)c(C)c1
1711,1711,Cc1ccc([N+](=O)[O-])cc1S(=O)(=O)N1CCN(C(=O)c2nn(C3CCCC3)c(=O)c3ccccc23)CC1
1712,1712,COc1ccccc1CC(=O)NC(C)c1ccccc1OC(F)F
1713,1713,CC1(C(=O)Nc2cc(N)ccc2Cl)CCCS1
1714,1714,CCC1=NNC(C2(c3ccc(C)c(c4cc(C)ccc4OCC(=O)[O-])c3)CC2)=[NH+]C1C
1715,1715,COC(=O)c1cccc(C[NH+](Cc2cccs2)Cc2ccccn2)c1
1716,1716,COc1ccccc1c1noc(c2cc(c3ccccc3C)nc(=O)[nH]2)n1
1717,1717,Nc1cncc(OCC(O)C[NH+]2CCc3sccc3C2c2ccccc2)c1
1718,1718,O=C1c2ccccc2C(=O)N1CCCOc1ccccc1O
1719,1719,O=C1C2C[NH2+]CC2C(=O)N1c1nncs1
1720,1720,O=C(Nc1ccc(C(F)(F)F)cn1)c1ccc2c(c1)nc1n2CCCCC1
1721,1721,COc1ccc(N)c(NCCC2CC[NH+](C)CC2)n1
1722,1722,COc1ccccc1Oc1ncccc1C[NH3+]
1723,1723,CC(C)(C)c1csc(C[NH2+]CCc2ccccn2)n1
1724,1724,CCC1C2C[NH2+]CC1CN(C(=O)C1CCC1)C2
1725,1725,Cc1[nH]c(C(=O)NCc2cccnc2OCC(F)(F)F)c(C)c1C(=O)OC(C)C
1726,1726,CCCNC(=O)C(C)N(Cc1cccc(Cl)c1)C(=O)CN(c1ccc(OCC)cc1)S(=O)(=O)c1ccc(Cl)cc1
1727,1727,CSCCC([NH3+])C(=O)N(C)C1CCC(C)CC1
1728,1728,C=CC(C)(COS(C)(=O)=O)C(=O)[O-]
1729,1729,COc1ccc(CCNC(=O)COc2cccnc2[N+](=O)[O-])cc1OC
1730,1730,O=C(Oc1ccc(Cl)cc1Cl)C12COc3ccc(Cl)cc3C13OCOC23
1731,1731,COc1ccc(C(NC(=O)C(CC(=O)[O-])NC(=O)OCc2ccccc2)C(C)C)cc1
1732,1732,N#CC1(c2cc(F)cc(Cl)c2)CC1
1733,1733,CC(=O)c1ccc(Nc2ncc3c(n2)CC[NH+](C)C3)cc1
1734,1734,CCC1(C)CC(OCc2ccccc2)Cc2cc(Cl)cc3ccc1nc23
1735,1735,O=C(Nc1ccc2nc(c3cc4ccccc4o3)oc2c1)NC1CCOCC1
1736,1736,CCCc1nc2c(n1C)C([NH2+]C)CC(C)(C)C2
1737,1737,C[NH2+]C(C)(CO)CCCCOc1c(Cl)cc([N+](=O)[O-])cc1Cl
1738,1738,CCOC(=O)c1c(C)[nH]c(C(=O)Nc2c(C)cccc2C(C)C)c1C
1739,1739,C[NH2+]C(C)c1ccn(Cc2cncc(Br)c2)c1
1740,1740,Cc1cc(NC(=O)N2CC[NH+](C3CCOCC3)CC2)ccc1N1CCCC1=O
1741,1741,CCOc1ccc(C=C2NC(=O)N(Cc3ccc(C)cc3)C2=O)cc1OCC
1742,1742,CC1(O)CCN(S(=O)(=O)c2cccc(c3nnc(N)s3)c2)CC1
1743,1743,Cc1nn(C2CCCOC2)c(C)c1N
1744,1744,O=C1C(Br)(Br)C(=O)N1c1ccc(Br)c(Cl)c1
1745,1745,COc1cc(N)ccc1NC(=O)CC1CCCC1
1746,1746,COc1c(C)cnc(CC([NH3+])c2cccc(C)c2)c1C
1747,1747,COc1ccccc1c1nn(c2ccccc2)cc1C(=O)NC(C)c1ccc2c(c1)OCO2
1748,1748,N#Cc1cnn(c2cc(C(F)(F)F)nc3cc(Cl)c(Cl)cc23)c1
1749,1749,COCCN(CC(=O)Nc1cc(c2ccccc2)nn1c1ccc(C)cc1)C(=O)C1CCCCC1
1750,1750,O=C(Nc1cccc(C(F)(F)F)c1)Nc1cc(c2ccnc(N3CC[NH+](C)CC3)c2)[nH]n1
1751,1751,O=c1cc(CO)occ1Br
1752,1752,CC(=NO)c1ccc(F)cc1Sc1ccc(Cl)cc1
1753,1753,Cc1cc(O)cc2c1OC(C)(C)CC2(C)O
1754,1754,CC(C)=CC(O)C(C)(O)C1C(O)CC2(C)C3CC=C4CC(OC(C)=O)CCC45CC35CCC21C
1755,1755,CCc1ccc(C[NH2+]C2CC[NH+](CC(C)C)CC2)cc1
1756,1756,O=C(NC(Cc1ccccc1)C(=O)OCN1C(=O)c2ccccc2C1=O)OCc1ccccc1
1757,1757,COc1ccc(C=CC(=O)c2cc(C#N)ccc2OC(=O)C=Cc2ccc(C=O)cc2)cc1
1758,1758,CCOc1ccc(C2=NC(=Cc3cc(OC)ccc3OC)C(=O)O2)cc1
1759,1759,CCCCNC(=S)Nc1cc(C)ccc1OCC
1760,1760,Cc1ccc(c2cc(c3cccs3)nn2c2ccc(c3ccc(NS(=O)(=O)c4cc(Cl)ccc4C)cc3)cn2)cc1
1761,1761,Cc1cc(N2CCN(c3nc(NC4CCS(=O)(=O)C4)c4nc(C(F)(F)F)sc4n3)CC2)nc(N(C)C)n1
1762,1762,COc1cccc(CCNc2ncc3cc(C(=O)N4CC=C(c5ccccn5)CC4)sc3n2)c1
1763,1763,CC(C)S(=O)(=O)c1ccc2[nH+]cc(Oc3cccc(C[NH3+])c3)n2c1
1764,1764,COc1ccccc1N(C)S(=O)(=O)c1ccc(CCl)cc1
1765,1765,CC(C)(c1ccc(O)cc1)c1ccccc1O
1766,1766,CCCCc1ccc(c2csc(NC(=O)C=Cc3ccc(OC)c(OCC)c3)n2)cc1
1767,1767,CCOC(=O)C(=O)C=CC(=O)OCc1ccccc1
1768,1768,Cc1ccc(NS(=O)(=O)c2ccc(C(=O)N3CCCc4ccccc43)cc2)cc1C
1769,1769,CC1C[NH+](CC2CC2)CC1NC(=O)NC1CCOc2ccccc21
1770,1770,Cc1nn(c2cccc(C#N)c2)c(C)c1NC(=O)CC1CCCO1
1771,1771,Cc1ccc(c2ccc(C[NH+]3CCc4c(nc(n5ccnc5C)nc4N4CCC4)C3)s2)s1
1772,1772,CCS(=O)(=O)N1CCc2cc(NC(=O)c3ccc(S(=O)(=O)C(C)C)cc3)ccc21
1773,1773,C=CCn1c(SCc2cc(=O)n3c(C)csc3n2)nnc1c1cccs1
1774,1774,CCOC(=O)C(C)N1CCCCC1C(C)[NH3+]
1775,1775,Cc1cc(Cl)ccc1CNC(=O)N1CC2CCC[NH+]2CC1C(C)C
1776,1776,O=Cc1ccc(C(=O)c2ccc3c(c2)CC(=O)N3)o1
1777,1777,CC(=O)c1ccc2cc(Oc3cc(=O)[nH]c4ccccc34)ccc2c1
1778,1778,Cc1ccc(NC(=O)C2CC[NH+](C(C)C(=O)Nc3cc(C(=O)N(C)C)ccc3Cl)CC2)cc1NC(=O)c1ccccc1Cl
1779,1779,FC(F)(F)c1ccc(c2nnc(NCCOc3ccccc3Br)c3ccccc32)cc1
1780,1780,CC1CC(C)C[NH+](CC2COCC2[NH3+])C1
1781,1781,Cc1cc(Cl)ccc1Nc1c(C(=O)NC(C)(C)C)cnn2c(C)c(C)nc12
1782,1782,C=CCNC(=O)NC1CC(=O)N(c2ccc(OCC)cc2)C1
1783,1783,COc1ccc(Cl)cc1C(=O)NCCCc1nc2ccccc2n1CCc1ccccn1
1784,1784,N#Cc1cnc(OC2COC3C(Nc4ccc(c5cnc(N)nc5)c(F)c4)COC23)cc1C(F)(F)F
1785,1785,CC(F)c1cn(C2CC(O)C(CO)O2)c(=O)[nH]c1=O
1786,1786,CC1CC(C)CN(C(=O)C(=O)NCCc2ccccc2)C(C[NH3+])C1
1787,1787,CCn1nc(C)cc1CC([NH2+]C)c1cc(Cl)ccc1Br
1788,1788,COc1c(Cl)cc(C2=C(O)C(=O)N(c3ccc(F)c(Cl)c3)C2c2ccc([O-])c([N+](=O)[O-])c2)c(OC)c1Cl
1789,1789,CCCCN(CC)C(=O)c1ccnc(C(=O)Nc2ccc(C(=O)OCC)cc2)c1
1790,1790,CC[NH2+]C(c1cccs1)C1CCC(C)C(C)C1
1791,1791,CC1=C(C(=O)NC2CC[NH+](Cc3ccccc3)CC2)SCCO1
1792,1792,Cc1[nH]c(NCc2ccco2)nc(=O)c1CCO
1793,1793,CCOC(=O)C=CC(C(C)C)n1c(C(=O)OCC)nc2ccccc21
1794,1794,CCCCCCC1C2CCC(O2)C1C1CC2OC2C=C1C
1795,1795,N#Cc1c(NC(=O)CC2CC[NH2+]C2)sc2c1CCCCC2
1796,1796,Nc1c(Br)cccc1COCC1CCCCO1
1797,1797,O=C([O-])CCc1csc(N2CCc3ccccc3CC2)n1
1798,1798,CCOC(=O)N1c2ccc(S(N)(=O)=O)cc2C(N(C)C(N)=S)CC1C
1799,1799,CCn1c(SCC(=O)Nc2cccc(Br)c2)nnc1c1ccccc1OC
1800,1800,COc1ccc(c2cc(CC(=O)N3CCN(c4ccccc4C)CC3)no2)cc1
1801,1801,CC(C)c1cc(NC(=O)N2CC3CCCC3(C(=O)[O-])C2)n(C)n1
1802,1802,O=C1C=CC=C([N+](=O)[O-])C1
1803,1803,CCCCCNC(=O)c1ccc(N2CCN(C=O)CC2)c([N+](=O)[O-])c1
1804,1804,CSc1c(CC#N)ncc(I)c1C#N
1805,1805,COc1ccc(C=NOCC(=O)NCCc2ccc(F)cc2)cc1F
1806,1806,COc1ccc(C([NH3+])CCC(F)(F)F)c(OC)c1
1807,1807,Fc1ccc(Br)cc1C[NH2+]CC1CCSC1
1808,1808,Nc1ccccc1c1c[nH+]c2cccnn21
1809,1809,CC(=O)OC1CC2CC1CC2(C)C
1810,1810,COC(=O)c1ccc(N2C(=O)C(Nc3ccc(F)c(Cl)c3)=C(Sc3nc(C)cc(C)c3C#N)C2=O)cc1
1811,1811,CSCCC([NH3+])C(=O)NC(CC(C)C)C(=O)NC(Cc1cnc[nH]1)C(=O)NC(Cc1cnc[nH]1)C(=O)[O-]
1812,1812,CC[NH2+]C(c1c(Cl)cnn1C)c1cc(OC)c(OC)cc1OC
1813,1813,COCCC(C)(C[NH3+])N1CCN2CCCC2C1
1814,1814,CC(C)S(=O)Nc1cn(CC(=O)N2CCCC2c2nccs2)nn1
1815,1815,CC[NH2+]CC(Cc1ccc(F)c(F)c1)c1cccc(Cl)c1Cl
1816,1816,O=C1CCC2C(COc3ccccc3F)c3ccccc3N12
1817,1817,O=C(CN1C(=O)c2ccccc2C1=O)Nc1nc(c2cc(Cl)cc(Cl)c2)cs1
1818,1818,CC(C)N(CC1CCC[NH2+]C1)C(=O)NCC1CCCS1
1819,1819,CCn1c(=O)n(CCC(=O)N2CCOCC2)c2ccccc21
1820,1820,FC(F)Oc1ccc(C2(c3ccccc3)Nc3ccccc3N2)cc1
1821,1821,Cc1cc(OCC(=O)Nc2ccccc2)cc(C)c1Cl
1822,1822,CNS(=O)(=O)c1ccc(C)c(NC(=O)c2csc(I)c2)c1
1823,1823,COc1ccc(OC)c(NC(=O)CNC(=O)C2CC[NH+](CC(=O)Nc3ccc(Cl)c(C(=O)NC4CCCC4)c3)CC2)c1
1824,1824,NC(=Nc1ccccc1)C(=O)CC(=O)c1ccc(Cl)cc1
1825,1825,Cc1ccc(c2csc3nc(NC(=O)c4c(OC)cccc4OC)nn32)cc1
1826,1826,CCOc1cccc(C(NN)C2CCOC3(CCCC3)C2)c1
1827,1827,CCOc1ccc(NC(=O)C[NH+](C)Cc2ccc(C)o2)cc1
1828,1828,O=C1CCC(C(=O)NC(CC[NH+]2CCC(O)CC2)C(=O)NCc2ccc(Cl)c(Cl)c2)N1
1829,1829,COc1ccc(C(=O)C(C)Oc2ccc(S(=O)(=O)[O-])cc2)cc1
1830,1830,Nc1cc2ccccc2cc1I
1831,1831,COc1ccccc1OCCN1C(=O)C(O)=C(C(=O)CC(C)C)C1c1ccccc1OC
1832,1832,CC(=O)OCC1OC(Oc2ccc(c3nc4nc(c5ccc6[nH]c(C)cc6c5)ccc4[nH]3)cc2)C(OC(C)=O)C(OC(C)=O)C1OC(C)=O
1833,1833,CC1OC(OC2C(CO)OC(OC3C(C(=O)[O-])OC(O)C(O)C3O)C(N3C(=O)c4ccccc4C3=O)C2O)C(O)C(O)C1O
1834,1834,CCOC(=O)c1c(C)oc(NC(=O)c2cnn(c3ccccc3)c2C)c1C#N
1835,1835,Nc1cc(C(=O)Oc2ccc(C=NNc3ccc(Cl)cc3)cc2)ccc1Cl
1836,1836,O=C(c1ccc(F)cc1Br)N1CC2CCC(O)C2C1
1837,1837,CCOc1ccc2nc(C3CNCC[NH2+]3)[nH]c2c1
1838,1838,COc1cc2c(c(C(O)c3ccccc3)c1OC)OCC2
1839,1839,CC[NH2+]CCNC(=O)c1cnn(c2ccccc2)c1C
1840,1840,COc1cccc(C(=O)N2CCN(C(=S)Nc3cccc(OC)c3)CC2C)c1
1841,1841,CCOC(=O)c1c(N)scc1c1ccoc1Cl
1842,1842,O=C([O-])NCC1(C(=O)[O-])OC(O)(c2coc(Cc3ccccc3)n2)OC1(O)C(=O)NCc1ccccc1
1843,1843,COC(=O)c1cc(NC(=O)C2CCCN2S(=O)(=O)c2cc(Cl)ccc2Cl)ccc1Cl
1844,1844,Cc1ccc(CCC(=O)NC(C)(C[NH3+])C(C)C)cc1
1845,1845,COC(=O)C12CCC(C1)[NH+](CC(O)c1ccco1)CC2
1846,1846,CC(C)CC1NC(=O)C(C(C)C)NC(=O)C(Cc2ccccc2)N(C)C(=O)C(CC(C)C)NC(=O)C(C(C)C)NC(=O)C(CC(C)C)NC(=O)C2C(C(=O)OC(C)(C)C)CN2C(=O)C(Cc2ccc(O)cc2)NC1=O
1847,1847,O=C(Oc1ccccc1)N1CCc2cc(S(=O)(=O)NCCc3ccc(Cl)cc3)ccc21
1848,1848,Cc1ccsc1C[NH2+]C1(C(=O)[O-])CCCC1C
1849,1849,[NH3+]C(CCC(=O)NC(CCCC[NH3+])C(=O)[O-])C(=O)[O-]
1850,1850,Cc1ccc(OC2CCOC3(CCN(C(=O)c4c(C)cc(C)cc4C)CC3)C2)nn1
1851,1851,CC(C)CC(NC(=O)OCc1ccccc1)C(=O)NC(C)C(=O)OC1Cc2c(sc3c2OCC3)CS1
1852,1852,CCc1cc2c(N3CCC(c4nc(C(=O)NC5CC5)cs4)CC3)ncnc2s1
1853,1853,COC(OC)c1nn(C)cc1NC(=O)N1CCN(c2ncccn2)CC1
1854,1854,O=C([O-])C(O)c1cc(F)ccc1Cl
1855,1855,CCOc1ccc(NC(=O)N2CCC(c3nnc(C(=O)Nc4ccc(C)c(F)c4)s3)CC2)cc1
1856,1856,Cc1cc(C)c(C(C)[NH2+]C(C)c2c(C)n[nH]c2C)cc1C
1857,1857,Nc1ccc(C(=O)NCCS(=O)(=O)NCC2CCC2)cc1
1858,1858,Cc1nc(SCC(=O)Nc2ccccc2C(=O)NCC(C)C)c2c(C)c(C)sc2n1
1859,1859,COCCNc1ccc(C(=O)NC2CC2)cc1[N+](=O)[O-]
1860,1860,O=C(Nc1cccc(CNC(=O)c2ccc(F)c(F)c2F)c1)C1CC1
1861,1861,Cc1n[nH]c(C)c1S(=O)(=O)NCCc1cocn1
1862,1862,Cc1ccc(OC(C)C(=O)NCc2cc(c3ccc(Cl)cc3)n[nH]2)c(C)c1
1863,1863,CCOc1cc(NCCNc2cc(C)ccc2C)ncn1
1864,1864,CN(C)C(C[NH3+])c1ccc2c(c1)CCO2
1865,1865,CCC(C)NC(=O)c1ccc(Cl)c(NC(=O)C[NH+]2CCC(C(=O)Nc3cc(Cl)ccc3C(=O)N3CCC(C)CC3)CC2)c1
1866,1866,O=C(OC(C(=O)Nc1ccc2c(c1)OCCO2)c1ccccc1)c1sc2ccccc2c1Cl
1867,1867,CC(C)C(NC(=O)c1ccc(Cl)cc1Cl)C(=O)NN=Cc1cccc(OCc2ccc(Cl)c(Cl)c2)c1
1868,1868,CC(=O)c1cc2c(cc1NC(=O)COc1ccc(F)cc1)OCO2
1869,1869,Fc1ccc(OCc2ncc[nH]2)cc1NCc1cc(Cl)c2c(c1)OCCCO2
1870,1870,CCC1SCCSC1C(=O)Nc1ccc(N)cc1
1871,1871,CC[NH2+]C(Cc1cc(Br)cs1)C1CC1(C)C
1872,1872,CCOP(=O)(OCC)C(OCC)(OCC)C(C)(CC)CC
1873,1873,CC(C)CC([NH3+])C(=O)NC(Cc1ccc(O)cc1)C(=O)NC(Cc1c[nH]c2ccccc12)C(=O)NCC(=O)[O-]
1874,1874,Cc1ccc(Sc2ccc(C(=O)[O-])o2)cc1C
1875,1875,COC(=O)C(CCCC[NH3+])NC(=O)C([NH3+])CCC(=O)[O-]
1876,1876,Cc1cc(OCC(=O)NCc2sccc2C)c(C(C)C)cc1Cl
1877,1877,O=C1c2ccccc2C(=O)N1Cc1nnc(Cl)s1
1878,1878,COC(=O)c1cc(O)c(OC)cc1O
1879,1879,COC(=O)CNC(=O)C(Cc1ccccc1)NS(=O)(=O)c1c(C)ccc(C)c1Cl
1880,1880,Cc1ccc(SCC(=O)NNC(=O)c2ccccc2N(C)S(C)(=O)=O)cc1
1881,1881,CCCCC(C)(C=O)C(=O)O[Sn](CCCC)(CCCC)CCCC
1882,1882,CC(C)([NH3+])CN1CCCC(C(=O)[O-])C1
1883,1883,CCc1ccc(C(NN)c2cccc3ccsc23)cc1
1884,1884,CCc1c(C(=O)N2CCC(C)C3(CCC3)C2)cnn1c1ccccc1
1885,1885,COc1cc2ncnc(Nc3ccc(F)c(F)c3)c2cc1NC(=O)NCCc1ccc(F)cc1
1886,1886,COc1cc(OC)c(NC(=O)Cn2c(=O)cc(C)c3cccc(C)c32)c(OC)c1
1887,1887,CCCCN1C=C(C(=O)NCc2ccc(C(=O)OCC(=O)NCC)cc2)C1N=Nc1ccccc1Cl
1888,1888,CC(=O)Nc1c(C#N)c(C)[nH]c1c1ccccn1
1889,1889,CCOc1ccc2c(c1)C(O)(C[NH3+])CC(C)(C)O2
1890,1890,COCCOc1ccc(NC2CCCc3occc32)cc1OC
1891,1891,C=C(C)C(Cc1ccccc1)C(=O)N1CC2C[NH+](CC(C)C)CC2(C(=O)[O-])C1
1892,1892,CC(C)C[NH+]1CC(F)CC1CNC(=O)c1cnn2ccncc12
1893,1893,COc1c(C(=O)[O-])cn(C)c1C
1894,1895,CCOC(=O)C1=C(COC(=O)Cn2c(=O)oc3ccccc32)NC(=O)NC1c1ccc2c(c1)OCO2
1895,1896,[NH3+]C1CCC(Oc2nc(Nc3c(C4CC4)onc3c3ccccc3)nc3cc(c4c(F)cccc4Cl)ccc23)CC1
1896,1897,O=C1C=C(c2ccccc2)C(=O)C=C1Cl
1897,1898,Cc1ccc(O)c(NCc2cscn2)c1
1898,1899,O=C(CCn1c(=O)oc2ccccc21)Nc1cc(c2ccccc2)nn1c1ccccc1
1899,1900,CC(CC(=O)[O-])SC1CC2CCC1C2
1900,1901,CC(C)(CO)OB(O)c1ccc(N2CCCS2(=O)=O)cc1
1901,1902,COc1ccc(c2noc(COC(=O)c3cnc4ncc(C)cc4c3)n2)cc1
1902,1903,CC(CC(=O)[O-])NC(=O)N1CCOCC1
1903,1904,O=C(NCCc1ccc2c(c1)OCCO2)NCC1(CCO)CC1
1904,1905,CC(=O)C1CCC2C3CCC4=CC(=O)C(c5ccc6c(c5)OCO6)C4(C)C3CCC12C
1905,1906,Cc1ccc(C2=Nc3cccnc3Oc3ccc(N4CC[NH+](C(C)C)CC4)cc32)cn1
1906,1907,Cc1c(CO)cccc1S(=O)(=O)NCC(C)[NH+](C)C
1907,1908,CCC1CCCCN1C(=O)c1ccnc(NCc2ccccc2F)c1
1908,1909,N#Cc1cc2n(n1)CCCN(S(=O)(=O)c1cncc(F)c1)C2
1909,1910,N#Cc1cc(F)cc(OCc2cc(C[NH3+])oc2Br)c1
1910,1911,O=C(OCC1OC(O)C(OC2OC(COC(=O)c3ccccc3)C(OCc3ccccc3)C(OCc3ccccc3)C2OCc2ccccc2)C(OCc2ccccc2)C1OCc1ccccc1)c1ccccc1
1911,1912,CCC(C)c1ccc(c2ccc(C(C)=O)o2)cc1
1912,1913,COc1ccc(OC)c(C2CCCN2S(=O)(=O)c2ccc(F)c(C)c2)c1
1913,1914,CC(=O)C(C)=C(C)c1cccc(Br)c1
1914,1915,CCc1occc1C([NH3+])Cc1ccc(OC)cc1
1915,1916,CCOC(=O)[N-]C(=O)COC(=O)CNC(=O)c1ccsc1
1916,1917,COc1cc(OC)c(OC)cc1C=C1C(=O)NC(=S)N(c2cc(Cl)cc(Cl)c2OC)C1=O
1917,1918,Cc1c(NC(=O)C(C)[NH+]2CCC(C(=O)NC(C(=O)Nc3cccc(NC(=O)c4ccc(F)cc4)c3)C(C)C)CC2)cccc1C(=O)N1CCCCC1
1918,1919,CCn1nc(C)cc1CC([NH3+])C(C)c1ccncc1
1919,1920,CS(=O)(=O)NCCc1ccc(C(=O)COC(=O)c2ccc(Cl)c(N)c2)cc1
1920,1921,CCC1(CC)COC2(CCN(C(=O)c3ccco3)CC2)O1
1921,1922,COC(=O)c1ccc(S(=O)(=O)NCCC[NH+]2CCC3(CCCCC3)CC2)cc1
1922,1923,COc1ccccc1C([O-])=C1C(=O)C(=O)N(c2cc(C)ccc2C)C1c1ccc(OC(C)C)cc1
1923,1924,[NH3+]CC1CCCN1c1nc2c(F)c(F)cc(c3ccc(NC(=O)C4CCC[NH2+]C4)cc3)c2s1
1924,1925,COCC[NH+]1C(C)CN(C(=O)c2nc3c(C(F)(F)F)cccc3n2Cc2cc(c3nc(C(C)C)no3)ccc2C)CC1C
1925,1926,Cc1ccc(S(=O)(=O)N(C)CC(=O)N2CCOC(c3cccnc3)C2)cc1C
1926,1927,CCCCN(CCCC)C(=O)c1ccccc1O
1927,1928,COC(=O)c1ccc(COc2cccc3c2CCC3[NH3+])o1
1928,1929,O=C(NC1CCCCCC1)c1ccc(Nc2ncc(c3cccc(Cl)c3)s2)cc1
1929,1930,CC(C)(C)c1ccc(S(=O)Cc2ccc3c(c2)OCO3)cc1
1930,1931,Cc1cc(F)ccc1C1(C)CCC(C)(NS(=O)[O-])CC1
1931,1932,CC1CCN(C(=O)c2ccccc2NC(=O)C[NH+]2CCC(C(=O)NC(C(=O)Nc3ccccc3C(=O)Nc3ccccc3F)C(C)C)CC2)CC1
1932,1933,CC1(C(=O)[O-])CCCCN1C(=O)NCC1CCS(=O)(=O)C1
1933,1934,CC(C)[NH+]1CCOC(COC(=O)c2csc(S(=O)(=O)NCC(F)(F)F)c2)C1
1934,1935,CCC(C)(CCl)NC(=O)C1CCOC1
1935,1936,COC(=O)NC(C(=O)N1CCCC1c1[nH]c(c2ccc(c3ccc(c4c[nH+]c(C5CCCN5C(=O)C(NC(=O)OC)C5CCOCC5)[nH]4)c4c3C3CCC4C3)c3c2O3)c[nH+]1)C(C)C
1936,1937,Cc1cc(NC(=O)COCC(F)(F)F)nn1Cc1cccc(C(F)(F)F)c1
1937,1938,COc1ccc(Cl)cc1S(=O)(=O)N(CC(=O)N(Cc1ccc(Cl)cc1Cl)C(C)C(=O)NC(C)C)c1ccccc1Cl
1938,1939,Cc1ccc(C2C(=C([O-])c3cc(C(C)(C)C)ccc3C)C(=O)C(=O)N2c2nc3ccc(F)cc3s2)cc1
1939,1940,CC1CN(C(=O)CCc2ccc(S(=O)(=O)NC3CC3)cc2)CC(C)[NH+]1C
1940,1941,COc1ccc(C(=O)C2(C)CC2)c(F)c1
1941,1942,COc1ccc(C)cc1NC(=O)CNC(=O)COC(=O)CCc1nc(c2ccccn2)no1
1942,1943,O=C([O-])CCC(=O)N1CCc2[nH]cnc2C12CC[NH+](Cc1ccc(OC(F)(F)F)cc1)CC2
1943,1944,Cc1n[nH]c(C)c1C(=O)NC1CCc2cc(F)ccc21
1944,1945,CC(C)(C)c1ccc(C(=O)Nc2nnc(c3cc(Cl)cc(Cl)c3)o2)cc1
1945,1946,CCOC(=O)C1=C(C)N=c2sc(=Cc3cccc(OCC#N)c3)c(=O)n2C1c1ccc(OC)c(OCC)c1
1946,1947,Cc1ccc(SC2=C(Nc3ccc(Br)cc3)C(=O)N(c3cccc4ccccc34)C2=O)cc1
1947,1948,CC(=NNc1nc2ccccc2s1)c1ccc(OC(C)C)cc1
1948,1949,CC(C)C(OC(=O)OCc1ccccc1)C(O)C(O)COC(=O)CP(=O)(OCCBr)OCC(F)(F)F
1949,1950,COc1ccc(C=CC(=O)N2CC[NH+](CC(=O)Nc3cccc(C#N)c3)CC2)cc1
1950,1951,Cc1cc(C)nc(NC(=O)NC(CO)C(C)(C)C)n1
1951,1952,CCOc1cc(NC2CCCC2C[NH3+])ncn1
1952,1953,CC(Sc1c(=O)o[nH][n+]1c1ccccc1)C(=O)N1CCN(C(=O)c2ccco2)CC1
1953,1954,CNc1cc(N(C)Cc2ccccc2)nc(CC)n1
1954,1955,CCc1c(Br)c(CC)c(C(=O)OC)n1CCC[NH3+]
1955,1956,CCOC(=O)Nc1cc(c2nc(C(=O)NC3CCOCC3)cs2)ccc1C
1956,1957,Cc1c(NC(=O)C[NH+]2CCC(C(=O)NC(C(=O)Nc3ccc(Cl)cc3C(F)(F)F)C(C)C)CC2)cccc1C(=O)N(C)C
1957,1958,CCCCc1nc(=O)c2c([nH]1)CN(C(=O)CC1CCCCC1C)CC2
1958,1959,C=CCc1cc(C=CC(=O)c2ccc(OCCC)cc2)cc(OC)c1OCc1ccc(Cl)c(Cl)c1
1959,1960,CSC(C)CNc1ccnc(Cl)n1
1960,1961,O=C(Nc1ccc(F)c(F)c1)c1nncc(c2ccccc2)n1
1961,1962,COC(=O)Cc1c(C(F)F)ncc(OC(F)(F)F)c1C#N
1962,1963,CC(C)c1noc(CCCC(=O)N2CCCC(c3nnnn3C3CC3)C2)n1
1963,1964,Cn1ncc(C=CC(=O)NCC(O)C(=O)[O-])n1
1964,1965,N#Cc1ccc(C[NH+]2CC3OCC[NH+](CCc4cccc(OCC(=O)[O-])c4)C3C2)cc1
1965,1966,CSCCC(C)N(C)C(=O)C1([NH3+])CCCC1
1966,1967,CCc1sc(c2cc(C)sc2C)nc1C(=O)[O-]
1967,1968,CCn1c(N)c(C(C)=O)c(=O)n1CCOc1cccnc1
1968,1969,COc1ccccc1n1c(SCC(=O)NC(C)c2ccccc2)nnc1c1ccc(Cl)cc1Cl
1969,1970,Cc1cc(OC(=O)c2ccc(F)cc2)ccc1OC(=O)c1ccc(F)cc1
1970,1971,Cc1ccc(Oc2ccc(S(=O)(=O)N(C)CCc3ccncc3)cc2)cc1
1971,1972,CCOC(=O)c1cc[n+](CC(=O)c2ccccc2)cc1
1972,1973,CCOC(=O)c1c(I)c(C(=O)OC)c(S(=O)(=O)[O-])c(C(=O)N(C)CC)c1c1ccccc1
1973,1974,[NH3+]Cc1ccc(N2CCC3CCCCC32)nc1
1974,1975,COCCCNS(=O)(=O)c1cnc(NN)c(Cl)c1
1975,1976,C=CCNC(=O)N1CCCC(NC(=O)c2ccc(OC(C)C)cc2)C1
1976,1977,CCn1cc(Oc2c(C)cccc2C=O)cn1
1977,1978,Cc1ccc(C(C)N(C)C(=O)CC2COCC[NH2+]2)o1
1978,1979,CC(OCC1CCCC[NH2+]1)C(N)=O
1979,1980,COc1ccc(CNC(=O)C2C3C=CC(C3)C2C(=O)N2CCN(c3ccccc3OC)CC2)cc1
1980,1981,COc1ccc(Cn2c(=O)cc(C(=O)Nc3ccc(C(C)(C)C)cc3)c3ccccc32)cc1
1981,1982,Cc1nc2nc(N)nn2c(C)c1CCC(=O)NCc1cccs1
1982,1983,CN(CCC#N)C(=O)c1ccccc1O
1983,1984,O=C(Nc1ccc(c2ccnc(Nc3ccc(F)c(Cl)c3)n2)cc1)c1ccco1
1984,1985,CCCCCCc1ccc(C2CCC(CCc3ccc(C4CCC(CCCCC)CC4)c(F)c3F)CC2)c(F)c1F
1985,1986,COCCOc1ccc(CNc2ccc(I)cc2C)cc1
1986,1987,COc1ccc(S(=O)(=O)NCCc2[nH]nc3ccccc23)cc1Cl
1987,1988,Cn1nc(C(=O)NCCn2ccnc2)c2c1CCN(C(=O)c1cscn1)C2
1988,1989,CC1CCC[NH+](CC2CCCN2C(=O)CC2CCCO2)C1
1989,1990,COc1ccccc1NCc1c(C)nn(C)c1C
1990,1991,CCc1ccc2nc(N(CC[NH+](CC)CC)C(=O)c3cccc([N+](=O)[O-])c3)sc2c1
1991,1992,CCC1(C)CC(NC(=O)C2C[NH2+]C2)c2ccccc2O1
1992,1993,C=CCN1C(=O)NC2(CCc3cc(Br)ccc32)C1=O
1993,1994,COc1cc(O)c(C(C)=NNc2ncc3ccccc3n2)cc1C
1994,1995,CCC1CCCCN1C(=O)Cn1nnc(c2ccsc2)n1
1995,1996,COCCOCCOCC[NH+]1C(C)(C)CC(Nc2nsc(c3cc(OCC(C)(C)O)ccc3C)n2)CC1(C)C
1996,1997,CC1CCN(c2nnc(SCC(=O)NNC(=O)c3ccc([N+](=O)[O-])cc3)n2Cc2ccco2)CC1
1997,1998,COc1cc([N+](=O)[O-])ccc1NC(=O)CSC1=NS(=O)(=O)c2ccccc2N1
1998,1999,COC(=O)c1ccc(OC(=O)c2ccc(NC3=C(Cl)C(=O)N(c4ccc(F)c(Cl)c4)C3=O)cc2)cc1
1999,2000,COc1ccc(S(=O)(=O)N2CCC(c3nc(c4ccccc4C)no3)CC2)cc1
2000,2001,CNc1nc(Oc2cc(Br)ccc2F)c(Cl)cc1Cl
2001,2002,[NH3+]C(c1nc(C2CCCOC2)no1)C1CCCC1
2002,2003,CC(=O)OCC1OC(OC)C(OC(C)=O)CC1OC(C)=O
2003,2004,CCOC(=O)c1c(NC(=S)Nc2ccc3oc(c4ccc5ccccc5c4)nc3c2)sc2c1CCC(C(C)(C)C)C2
2004,2005,O=c1[nH]c2ncccc2n1C1CC[NH+](C2CCCCC2)C1
2005,2006,COCC[NH+]1CCN(S(=O)(=O)c2cc(N)ccc2Br)CC1
2006,2007,CCC1CCC([NH+]2CCCC([NH2+]C3CC3)C2)CC1
2007,2008,Cc1nc(C(c2ccc(F)cc2)[NH+]2CCN(S(=O)(=O)c3ccccc3Cl)CC2)sc1C
2008,2009,O=C(Nc1cccc(Br)c1)C1CCN(C(=O)c2ccccc2Br)CC1
2009,2010,Cc1cc(Br)cc(C)c1OCC(=O)NNC(=O)c1ccc(CN2CCCC2=O)cc1
2010,2011,N#CC(N)Cc1c(N)ncc2ccsc12
2011,2012,CS(=O)(=O)N1CCCC1C(=O)N1CCC(C(=O)[O-])(C(F)(F)F)C1
2012,2013,C=CCN(Cc1cccs1)C(=O)C1N(C(CO)CC(C)C)C(=O)C2C(C(=O)OCC)C3(CC)CCC21O3
2013,2014,C[NH2+]CCCC[NH+](C)CCOC
2014,2015,Cc1cc(C)c(C(Br)c2cnnn2C)c(F)c1
2015,2016,CC(C)CC(C[NH2+]C(C)c1ccco1)c1ccccc1
2016,2017,CCOc1cc2occ(c3ccc(OC)c(OC)c3)c2cc1C(C)=CC(=O)N1CCN(c2ccc(Cl)cc2)CC1
2017,2018,O=C1[NH+]=C(Nc2ccc(Cl)cc2)SC1=Cc1ccc(c2cc(Cl)cc(Cl)c2)o1
2018,2019,CCCc1ccc(CCC2CCN(C(=O)COCC(=O)[O-])CC2)cc1
2019,2020,CCOc1ccc(C2=C(O)C(=O)N(c3cccc(F)c3)C2c2ccco2)cc1Cl
2020,2021,O=C(Cc1ccccc1)Nc1cnn(CC(=O)N2CCCCCC2)c1
2021,2022,Cc1cc(C)c(C[NH2+]C(C)c2cc(C)c(Br)s2)c(C)c1
2022,2023,CCCCCOc1ccc(C=C2NC(=O)N(Cc3ccc(Br)cc3)C2=O)cc1
2023,2024,O=C(CC1CCCCC1)NC1CCCN(C(=O)NCCc2cccs2)C1
2024,2025,C[NH2+]CC(COc1ccc(C)cc1F)C(C)C
2025,2026,CC(Sc1nc2ccccc2o1)C(=O)Nc1ccc(S(=O)(=O)Nc2ccccc2Cl)cc1
2026,2027,O=C(c1ccccc1)C1CCN(C(=O)c2ccccc2n2cccc2)CC1
2027,2028,C[NH2+]C(C)c1c(OC)cccc1N1CC(C)[NH+](C)C(C)C1
2028,2029,CC1CC(NC(=O)NC(CC(=O)[O-])C(=O)[O-])CO1
2029,2030,CCc1onc(C)c1C(=O)NC1CC(C)[NH+](Cc2ccccc2)C1
2030,2031,Cc1oc(C2CCCCC2)nc1C(=O)N(C)C1CC1
2031,2032,CC(C)=CCOC1CCC2(S(=O)(=O)c3ccc(F)cc3)c3c(F)ccc(F)c3OCC12
2032,2033,CCOc1ccc(NC(=O)CSc2nc3ccc(NC(=O)c4cccc([N+](=O)[O-])c4)cc3s2)cc1
2033,2034,O=C(CN(c1ccc(Cl)cc1Cl)S(=O)(=O)c1ccccc1)NN=Cc1ccc2c(c1)OCO2
2034,2035,CC1CCN(C(=O)c2ccc(F)c(S(=O)(=O)N3CCCC3)c2)CC1
2035,2036,COCCNC(=O)c1ccccc1NC(=O)c1cc(C)no1
2036,2037,O=NCC1=C(C(=O)[O-])N2C(=O)C(NC(=O)C(=NO)c3nc(N)sc3Cl)C2SC1
2037,2038,O=C([O-])c1ccn(C(=O)N2CCS(=O)(=O)CC2)c1
2038,2039,COCC1(C(=O)N2Cc3ccnn3CC(C3CC3)C2)CC[NH2+]C1
2039,2040,O=C([O-])C1CCC([NH2+]Cc2cccnn2)CC1
2040,2041,CC(C)Cn1cc(C2CN(C(=O)CCn3cccn3)CCO2)cn1
2041,2042,COc1ccccc1CCNC(=O)CCn1c(=O)c2ccccc2n(CC(=O)N2CCCC2)c1=O
2042,2043,COc1cc(Nc2ncc3ccn(c4ccc(C5(O)CCCCC5)cc4)c3n2)cc(OC)c1OC
2043,2044,Cc1ocnc1CN1CC([NH3+])CCC1C
2044,2045,COc1ccc(C[NH2+]CC(O)c2ccsc2)cc1
2045,2046,CCCC[NH+]1CCC(NC(=O)Nc2ccc3[nH]c(=O)oc3c2)CC1
2046,2047,CCCCN(C)C(=O)c1csc(C[NH3+])n1
2047,2048,O=C(Nc1ccc2nc(N3CCC4(CC3)OCCO4)sc2c1)c1ccno1
2048,2049,CC1CCC(N(C(=O)C[NH2+]C2CCCc3sc(Br)cc32)C2CC2)CC1
2049,2050,CCOC(=O)c1noc(C2COc3ccccc32)n1
2050,2051,CC(C)(C)[Si](C)(C)OC1CC(n2cc(CI)c(=O)[nH]c2=O)OC1CO[Si](C)(C)C(C)(C)C
2051,2052,Cn1nnc2cc(C(=O)NCCOc3ccc4c(c3)CCC(=O)N4)ccc21
2052,2053,CCCS(=O)(=O)c1ccc(NC(C)CSC)cc1
2053,2054,CC(=O)N(C)c1cncc(N2CCC([NH+]3CCCC(CNC(=O)c4cncc(Br)c4)C3)CC2)n1
2054,2055,Nc1c(Br)sc2ccc(Cl)cc12
2055,2056,O=C([O-])c1ccc(Cn2cc(NC(=O)CC3Cc4ccccc4C3)nn2)o1
2056,2057,COc1ccc(OC)c(S(=O)(=O)NC2CCN(C(=O)COc3ccc(Cl)cc3)CC2)c1
2057,2058,Cc1ccc(S(=O)(=O)NC2CCN(c3ccccc3)C2)cc1C
2058,2059,[NH3+]CC#Cc1ccsc1C(=O)Nc1nc(C2CC2)cs1
2059,2060,O=C([O-])C=Cc1cccc(NC(=O)c2nn3c(C(F)(F)F)cc(c4ccco4)nc3c2Cl)c1
2060,2061,CC(C)c1noc(COc2ccc3c(c2)CCC3)n1
2061,2062,CC(C)C(CO)Nc1ccc(C(=O)N(C)C)cc1[N+](=O)[O-]
2062,2063,Cc1ccc(S(=O)(=O)N(CC(=O)N(C)Cc2ccccc2Br)c2cccc(Cl)c2)cc1
2063,2064,CC1CC(C(C)(C)O)CCC1Br
2064,2065,CC(C)N(C(=O)[O-])c1nccc2cccc(c3cccc(F)c3)c12
2065,2066,CC(=O)Nc1ccc(C(=O)OCC(=O)NC2CCCCCCC2)c(Cl)c1
2066,2067,O=C(C1CC12CC[NH+](Cc1cccs1)CC2)N1CCCC(O)C1
2067,2068,CCc1cc2c(Cl)cc(C)c(C)c2c(Cl)n1
2068,2069,O=C1C(=Cc2ccc3ccccc3n2)Oc2ccc([N+](=O)[O-])cc21
2069,2070,COc1ccc(N2CCN(c3ncnc(Oc4ccccc4)c3N)CC2)cc1
2070,2071,O=C([O-])CC1CN(C(=O)c2ccccc2CC2CC2)CC1c1ccccc1
2071,2072,CCc1sccc1Oc1ccc(CBr)cc1[N+](=O)[O-]
2072,2073,CC(NC(=O)C1(C)CC=C1)(C(=O)[O-])C1CC1
2073,2074,COc1ccc(NC(OC)=CC2=N[N+](c3c(C)cc(C)cc3C)c3ccc4ccccc4c3C23CCCCC3)cc1
2074,2075,CC(C)(C)c1ccc(c2nc3cc(Cl)c(Cl)cc3[nH]2)cc1
2075,2076,Cc1ccc(CNc2cc(C(=O)[O-])cc(C(C)C)n2)o1
2076,2077,CCCCN(C(=O)Cn1ccc2ccccc21)c1c(N)n(CCCC)c(=O)[nH]c1=O
2077,2078,CCOC(=O)C(CNC(=O)c1cc(Oc2ccccc2)ccn1)c1ccccc1
2078,2079,CC(=O)Nc1ccc(S(=O)(=O)NCCC(=O)Nc2cc([N+](=O)[O-])ccc2Cl)cc1
2079,2080,COC(=O)c1sccc1NC(=O)CBr
2080,2081,O=C(NCc1nnc2ccccn12)NC(CCCO)C(=O)[O-]
2081,2082,CC(C)(C)[Si](C)(C)OC(C(=O)c1cccc2ccccc12)[Si](C)(C)C
2082,2083,CCOC(C)c1nnc(NC(=O)c2cc([N+](=O)[O-])cc([N+](=O)[O-])c2)s1
2083,2084,C=CC(=O)OCCCCOc1ccc(C(=O)Oc2ccc(c3ccc(C4CCC(OC)CC4)c(F)c3F)cc2)c(F)c1F
2084,2085,Cc1nc(Oc2ccc(Br)cc2C[NH2+]C(C)(C)C)ccc1Br
2085,2086,CC1C[NH2+]CCN1Cc1cc(F)ccc1F
2086,2087,COc1ccc(C(=O)CSc2nnc(c3ccc4c(c3)OCO4)o2)cc1OC
2087,2088,COC1=CC2=C(C=C1)C(=O)C(=C(C)C)C(=O)C2(C)O
2088,2089,Cc1nc2c(cnn2Cc2ccc(C(C)(C)C)cc2)c(=O)n1CC(=O)NCc1ccccc1
2089,2090,CCS(=O)(=O)Nc1cc(C(=O)N2CC(C)OC(C)C2)cc(C(=O)NC2CCCN(C)C2=O)c1
2090,2091,NC(=[NH+]O)C1(C(=O)NCc2ccccc2OC(F)(F)F)CCCC1
2091,2092,COC(=O)c1ccc(N(CC(O)COc2ccc(C=C3SC(=S)N(c4cccc([N+](=O)[O-])c4)C3=O)cc2)S(C)(=O)=O)c(C)c1
2092,2093,CC1CC1C(C)(O)C1(C#N)COCCC1
2093,2094,COc1ccccc1CNC(=O)c1cc(C)cc(NC(C)=O)c1
2094,2095,O=C(Nc1ccc(n2ccnc2)c(F)c1)c1cccc(Cn2cccn2)n1
2095,2096,CC1CCC(N(C)c2ncccc2C[NH2+]C2CC2)CC1
2096,2097,CC(C)[NH+]1CCN(C(=O)c2ccc(O)cc2F)CC1
2097,2098,COc1ccc(OC)c(c2cc(c3ccc(C)[nH]c3=O)[nH]n2)c1
2098,2099,CCCCC([NH3+])C(=O)NC(CCC(=O)OC)C(=O)[O-]
2099,2100,Cc1oc(C)c(C(=O)OCC(=O)Nc2cccc(Br)c2)c1Br
2100,2101,CC(=O)NC(C)c1ccc(OC(C)C(=O)NCc2cccc(OC(F)F)c2)cc1
2101,2102,O=C(NCCn1ccc2ccc(Br)cc2c1=O)c1ccc(F)cc1
2102,2103,CC(c1ccccc1)S(=O)(=O)C1CSc2ccccc21
2103,2104,COC(=O)c1ccc(C[NH2+]C(C)(C)Cc2cccs2)cc1
2104,2105,C=CC(=O)Oc1ccc(c2ccc(OC(=O)C=C)c(F)c2)cc1F
2105,2106,Cc1nn(CC[NH3+])c(C)c1S(=O)(=O)N1CCn2cnnc2C1
2106,2107,CC(C)(C)c1ccc(c2n[nH]c(=O)c3c2C[NH2+]CC3)s1
2107,2108,COc1ccc(CN(C)C(=O)c2ccc(n3ccnc3)c(F)c2)cc1F
2108,2109,COCCCN(C)C(=O)C1(C)CC[NH2+]CC1
2109,2110,Nc1ccc(N2C(=O)c3ccncc3C2CCO)cc1
2110,2111,CCC(C)c1ccc(C(O)c2ccoc2Br)cc1
2111,2112,CC1CN(S(=O)(=O)N2CCC3(CC2)NC(=O)NC3=O)CC(C)O1
2112,2113,CC(C)(C)NC(=S)NN=Cc1cc(Br)ccc1OCc1ccccc1
2113,2114,O=C([O-])CNC(=O)CNC(=O)c1ccc([N+](=O)[O-])o1
2114,2115,O=C(CC1CC[NH2+]CC1)NCCOc1ccc2nccnc2c1
2115,2116,C=CCc1c(c2ccc(O)cc2)c2ccncc2n1Cc1ccccc1
2116,2117,CCOC(=O)c1ccc(c2ccc(C=c3sc(=Cc4cn(c5ccccc5)nc4c4ccc(OCc5ccccc5Cl)c(OC)c4)c(=O)n3C)o2)cc1
2117,2118,O=C([O-])c1cccc(SC2CC(=O)N(c3ccc(Cl)c(C(=O)[O-])c3)C2=O)c1
2118,2119,Cc1[nH]c(C)c(C(=O)Cc2cnc(C)nc2N)c1c1ccccc1
2119,2120,Cc1cc(Br)ccc1NC(=O)C1CC[NH+](CC(=O)Nc2ccc(Cl)c(C(=O)NC3CCCCC3)c2)CC1
2120,2121,CC(C)(C)c1nn(c2ccccc2)c2nc(=O)c3ccccc3nc12
2121,2122,CC(=O)SC(Cc1c(Cl)cncc1Cl)C(=O)OC(C)(C)C
2122,2123,COC(=O)C(C)NP(=O)(OCC1OC(n2ccc(=O)[nH]c2=O)C(C)(F)C1OC(=O)C(C)(C)C)Oc1ccccc1
2123,2124,CCC1(C(=O)N(C)CC[NH+]2CCCC2)CC[NH2+]C1
2124,2125,CC1=C(C(=O)[O-])C(c2cccc([N+](=O)[O-])c2)C(C(=O)OCC(C)C)=C(C)N1
2125,2126,O=C(COC(=O)C=Cc1ccccc1)c1ccc2c(c1)OCCO2
2126,2127,CC(C)(Cc1ccccc1)C(=O)OC(=O)OC1CCCC1
2127,2128,Nc1ccc(C=O)c(I)c1OC(F)(F)F
2128,2129,COC(=O)c1cc(C(C)C)nn1CCO
2129,2130,CC(Nc1nccn1C)C(=O)Nc1cccc(C#N)c1
2130,2131,CCc1cnc(c2noc(c3cccc(N)c3C)n2)o1
2131,2132,O=C1[NH+]=C(Nc2cccc3ccccc23)SC1=Cc1ccc(O)c(Br)c1
2132,2133,C=CCn1c(C)nnc1SCC(=O)Nc1ccc(S(=O)(=O)Nc2cccc(Cl)c2)cc1
2133,2134,Cc1c(Cl)cccc1NC(=O)c1cc(c2ccccc2)n[nH]1
2134,2135,[NH3+]CC1(C2CCCO2)CC2CCC1O2
2135,2136,CNc1cc(C(O)C(C)[NH3+])ccc1[N+](=O)[O-]
2136,2137,COc1ccc(c2nn(c3ccccc3)cc2C(=O)OCC(=O)NCCCN2CCCC2=O)cc1
2137,2138,CCC1(COc2ccc(N)cc2F)CC1
2138,2139,CC1CC1c1ccc(C=C(C#N)c2cccc(F)c2)o1
2139,2140,COc1cc(NC(=O)Nc2cc(C(=O)[O-])ccc2OCC(F)(F)F)cc(OC)c1OC
2140,2141,O=C([O-])c1c(C(F)(F)F)cc(c2ccc(Br)cc2)n(Cc2ccc(Cl)cc2)c1=O
2141,2142,Nc1ccc(N2CC(O)C(O)C2)c2cccnc12
2142,2143,COc1ccc(Oc2ccccc2NC(=O)C(C)N2C(=O)c3ccccc3C2=O)cc1
2143,2144,CSC1(C[NH2+]Cc2ccoc2)CC1
2144,2145,O=C(Nc1cccc(S(=O)(=O)C2CC2)c1)c1cc([N+](=O)[O-])c[nH]1
2145,2146,CC1CCCC(n2nnnc2c2cc(N)ccc2F)C1
2146,2147,COc1ccc(C=NNc2nc(c3cccs3)cs2)c(OCc2ccc(Cl)cc2)c1OC
2147,2148,CCCC[NH2+]C(CC)C1CCCO1
2148,2149,Fc1cccc2c(C3CC[NH+](Cc4ccc5nncn5n4)CC3)ccnc12
2149,2150,CCCCOC(=O)C=CC(=O)OCC(=O)OC(C)C
2150,2151,CCCCCCCOc1ccc(c2c(C#N)c(OCCCCCCC)nc(Nc3ccc(OCCC[NH+](CC)CC)cc3)c2C#N)cc1
2151,2152,CCCCCOc1ccc(C2C(=C([O-])c3ccc(C)cc3)C(=O)C(=O)N2c2cc(C)ccc2OC)cc1OC
2152,2153,CCCCCNC(=O)C(C)[NH+]1CCC(N2CC[NH2+]CC2)C1
2153,2154,CCCCSc1ccc(C#CCCCO)cc1F
2154,2155,CC1CCN(C(=O)C(C#N)=Cc2cc(I)c(OCc3ccc(Br)cc3)c(I)c2)C1
2155,2156,CC(C)C(C[NH+](C)C)Nc1cncc(Cl)n1
2156,2157,O=C1COc2ccc(NC(=O)NCc3ccccc3F)cc2N1
2157,2158,CCc1cccc(CC)c1N1C(=O)C(Nc2ccc(Cl)cc2)=C(Sc2ccccc2)C1=O
2158,2159,COc1ccccc1NC(=O)CC1SC(NN=Cc2cc(I)c(OCC(=O)Nc3cccc(C)c3)c(I)c2)=[NH+]C1=O
2159,2160,Cc1ccc(C(C)(C)C(=O)N2CCCC3(CCOCC3)C2)cc1
2160,2161,O=C(CCC1CCCCC1)Nc1cncc(c2cc3c(cn2)[nH]nc3c2nc3c(ccnc3c3ccncc3)[nH]2)c1
2161,2162,CC(C)(C)C(=O)N1CCN(c2cccc3c2C(=O)N(CCc2ccccc2)C3=O)CC1
2162,2163,Cc1cc(C(=O)N2CCOC(C#N)C2)ccc1n1cc(c2cn(C)nc2C)cn1
2163,2164,CCc1cc(I)ccc1NC=C(C#N)C(=O)NCCc1c[nH]c2ccccc12
2164,2165,CCOc1ccc(CNC(=O)NCC(C)n2cccn2)cc1
2165,2166,CCn1cc(Cn2c(C)nc(C(=O)OC)c2N)cn1
2166,2167,Cc1cc([N+](=O)[O-])nn1CCCC(F)(F)F
2167,2168,O=C(CCc1ncc(c2ccc(F)cc2F)o1)NCC1CC1
2168,2169,CCc1ccc(C(=O)NCC(O)COC)cc1
2169,2170,CC(C)(CNC(=O)C1CC[NH+](Cc2cc(=O)n3ccsc3n2)CC1)[NH+]1CCCC1
2170,2171,COc1ccc(CN(C)C(=O)C(C[NH3+])C(C)C)cc1OC
2171,2172,O=C(Nc1ccc(N2CCCC2)c(C(F)(F)F)c1)c1ccc(Cn2cccn2)cc1
2172,2173,O=C(Nc1ccc(Oc2ccc(F)cc2)cc1)c1ccc(CN2CCCC2=O)cc1
2173,2174,COc1ccc(OCC#CCNC(=O)c2ccc(N3CCCS3(=O)=O)cc2)cc1
2174,2175,CC(C)C([NH3+])C(=O)N(C(=O)Cc1ccccc1)C(C(=O)NCc1ccccc1)c1ccccc1
2175,2176,CCC1Oc2ccc(C)cc2N(CC(=O)NCc2ccncc2)C1=O
2176,2177,CCOc1ccc(NS(=O)(=O)c2ccc(OC)c(NS(=O)(=O)C3CC3)c2)cc1
2177,2178,COCCNc1cc(C[NH+]2CCCC2CO)nc2c(C(=O)NC3CCC(OC)C3)cnn12
2178,2179,O=C1Nc2ccccc2OCC1(O)CCc1ccc(Br)cc1
2179,2180,Fc1cc(NC2CC2)cc(N2CC[NH+](C(c3ccc(F)cc3)c3ccc(Cl)cc3)CC2)c1
2180,2181,O=C(N1CCCC1)N1CCC2(CCN(C(=S)Nc3ccccn3)C2)C1
2181,2182,CNc1ccccc1C(=O)Nc1cnn(Cc2cccc(C(F)(F)F)c2)c1
2182,2183,COC(=O)c1ccccc1N(C(C)=O)S(=O)(=O)c1ccc(C)cc1
2183,2184,CCCCN(C)c1cc(SCC)nc(CC)n1
2184,2185,CC(C)C[NH+]1CCN(CC(=O)c2ccc(Br)cc2)CC1
2185,2186,Fc1ccc2c(c1)C1(CC[NH+](Cc3nn(c4ccccn4)c4c3CCC4)CC1)CN2
2186,2187,CC(c1ccccc1)N(C(=O)COc1cccc(F)c1)C1CCS(=O)(=O)C1
2187,2188,COC(=O)c1c(NC(=O)NC2CC2)sc2c1CCCCC2
2188,2189,Cn1nccc1CNC(=O)c1cc(=O)c2ccccc2o1
2189,2190,CC(C)c1nn(C)c(NCC2CCCC2CO)c1N
2190,2191,COC(=O)c1ccccc1NCc1cc(OC)ccc1OC
2191,2192,N#CCS(=O)(=O)N1CC(c2ccccc2)C(c2ccccc2)C1
2192,2193,CSc1nc(Cl)c2c(n1)OCCCO2
2193,2194,C=CCC12CCCC=C1C1C(=O)N(CCCCO)C(=O)C12
2194,2195,NC(=[NH2+])SCC(=O)NCc1ccccc1
2195,2196,Nc1cc(C=Cc2ccc(C=N[NH+]=C(N)N)o2)ccc1O
2196,2197,Cc1ccc(NC(=O)C2CCN(c3ccc(c4ccc([N+](=O)[O-])cc4)nn3)CC2)cc1C
2197,2198,O=C(Cn1ccc(=O)[nH]c1=O)Nc1ncccn1
2198,2199,O=C(Nc1ccc(F)cc1F)N1CCN(C(=O)c2ccc3c(c2)OCCO3)CC1
2199,2200,Cc1ccc(c2ccc(O)c(NS(=O)(=O)c3ccccc3)c2)cc1
2200,2201,COCCn1c(C)cc(C(=O)COC(=O)c2ccc(SCC(N)=O)cc2)c1C
2201,2202,COc1nc(N2CCC(C(C)O)C2)ccc1N
2202,2203,CC1CC(NC(=O)Nc2cnn(Cc3ccccc3)c2)CC[NH2+]1
2203,2204,C=CC1C[NH+]2CCCC2CC1C(C)C
2204,2205,Cc1ccc(c2csc(NC(=O)c3cc(c4nc5ccccc5o4)nn3C)n2)cc1
2205,2206,CC[NH2+]C(c1ccc(OC)cc1OC)C1CCC(C)O1
2206,2207,O=P(c1ccccc1)(c1ccccc1)c1ccc2sc3ncccc3c2c1
2207,2208,Cc1ccc(OCC(=O)Nc2ccc(S(=O)(=O)NC(C)(C)C)cc2)cc1C
2208,2209,COc1ccc(Cl)cc1NS(=O)(=O)c1ccc(NC(=O)C(C)CSc2ccc(C)cc2)cc1
2209,2210,CCC1OCCC1CNC(=O)N1CCC([NH+]2CCCCC2)C1
2210,2211,O=C([O-])N1CC(O)C(O)C(c2c(Cl)cccc2Cl)C1
2211,2212,CCc1cnc(C[NH2+]Cc2cc(Br)cc3c2OCC3)s1
2212,2213,CCCCc1ccc(c2csc(NC(=O)CCCl)n2)cc1
2213,2214,C[Si](C)(C)C#Cc1ccsc1
2214,2215,CC(C)n1ccc(NC2CCCCCCC2)n1
2215,2216,O=C(Nc1ccccc1)c1n[nH]c(COc2ccccc2Cl)n1
2216,2217,CC[NH2+]Cc1cccc(OCC)c1OC(C)C(N)=O
2217,2218,COCC(C)n1c(SCc2ccc(F)cc2)nc2ccccc2c1=O
2218,2219,COc1cncc(NCc2ccc(C=CC(=O)[O-])cc2)c1
2219,2220,CCC1OCCC1C([NH3+])c1ccoc1C
2220,2221,Cc1cc(C)nc(SCC(=O)N(C)Cc2cc(c3ccncc3)no2)n1
2221,2222,Cc1c(N)ncnc1N1CC2CCC1C2
2222,2223,O=C(OCCCCl)c1cc[n+]([O-])cc1
2223,2224,CC(=O)c1ccc2c(c1)C1(Cc3ccccc3C1=O)c1cc([N+](=O)[O-])ccc1O2
2224,2225,O=C(NCc1cccnc1OCC1CC1)c1ccc(C#CCO)cn1
2225,2226,O=c1cc(C[NH2+]C2CCCCC2C(F)(F)F)nc2ccc(Cl)cn12
2226,2227,O=C(NN=Cc1cccc(Cl)c1Cl)c1ccccc1O
2227,2228,CCCc1n[nH]c(=S)n1NCc1ccc([N+](=O)[O-])o1
2228,2229,O=C([O-])CNC(=O)c1c(O)cc(Br)cc1O
2229,2230,Cc1n[nH]c(C)c1C(=O)NC1COCC1n1ccnn1
2230,2231,CC(C)CC(NC(=O)C(CS)NC(=O)C([NH3+])CCCC[NH3+])C(=O)NC(CCCC[NH3+])C(=O)NC(CO)C(=O)[O-]
2231,2232,CCCCCC(O)c1ccc(C2=CCC(OCCCC)C=C2)nc1
2232,2233,CC(C)(C)c1cc(C#N)c(=O)[nH]c1Cl
2233,2234,Cc1c(Cl)cccc1n1c(SCC(=O)N(C)Cc2cnn(C)c2C)nc2ccccc2c1=O
2234,2235,CCC1C[NH2+]CC1N1CCCOCC1
2235,2236,CC1C(=O)N(C(C)(C)C)C(C)CN1C(=O)NCc1ccccc1[N+](=O)[O-]
2236,2237,CCCCOC(=O)C1C2C(=O)N(CCCCCO)C(C(=O)N(CC=C)Cc3ccccc3)C23CCC1(C)S3
2237,2238,COc1cc2c(cc1OCCCOc1cccc(c3cccc(C(=O)[O-])c3)c1)C(COc1cnccn1)CC2
2238,2239,CC(Sc1nnc(c2ccccc2)n1C)C(=O)c1ccc(OC(F)F)cc1
2239,2240,[NH3+]C1CC(NC(=O)C2CCCOC2)c2ccccc21
2240,2241,COc1cc(NC(=O)NCc2cnc(CC3CCOCC3)nc2)cc(OC)c1OC
2241,2242,C=CCOP(=O)(C=C)OCn1cc(I)c(=O)n(CCCC#N)c1=O
2242,2243,COCC(C)(NC(=O)c1cnn(C)c1Cl)C(=O)[O-]
2243,2244,Cc1cc(NC(=O)NC(c2nc3ccc(S(=O)(=O)Nc4cc(C(F)(F)F)ccn4)cc3n2C)C(C)C)ccc1F
2244,2245,CCCCCCC1(CCCCCC)c2ccccc2-c2ccc(c3ccc4c(c3)C(C)(C)c3ccc(c5ccc(c6ccc7c(c6)C(C)(C)c6ccccc6-7)cc5)cc3-4)cc21
2245,2246,Cc1c(C(=O)OC(C)(C)C)c2ccccc2n1C(=O)c1cccc(CBr)c1
2246,2247,CCn1c(=O)c(=O)[nH]c2cc(C(=O)NCc3ccc(OC(F)(F)F)cc3)ccc21
2247,2248,N#CCc1ccc(C=C2[NH+]=C(c3ccccc3)N(c3nc4ccccc4[nH]3)C2=O)cc1
2248,2249,CC(=O)C(C)[NH2+]C(Cc1ccc(OC(=O)C(F)(F)F)c(OC(=O)OC(C)(C)C)c1)C(=O)NCCCCCCNC(=O)OC(C)(C)C
2249,2250,Nc1cc[nH+]c(CN2CCCCc3ccccc32)c1
2250,2251,Cc1ccc(S(=O)(=O)NCC(SC)C(=O)OCc2ccccc2F)cc1
2251,2252,COc1ccc(C=NNC(=O)c2[nH]c3c(C)cc(C)cc3c2c2ccccc2OC)cc1
2252,2253,Cc1ccc(C(N)=O)cc1NC(=O)C(C)NC(=O)C1CC[NH+](C(C)C(=O)Nc2ccc(Cl)c(C(=O)N3CCOCC3)c2)CC1
2253,2254,Cc1cc(=O)oc2cc(OCC(=O)[O-])ccc12
2254,2255,O=C(C1CCC1)N1CCC(CCN2C(=O)c3ccccc3C2=O)CC1
2255,2256,O=C(COC(=O)c1ccc(n2cnnn2)cc1)Nc1cccc(Br)c1
2256,2257,C=C(C)C[NH2+]Cc1ccccc1OC(F)(F)F
2257,2258,CC(C)c1ccc(OCCNC(=O)C[NH+]2CCC(C3OCCO3)CC2)cc1
2258,2259,C[N+](C)(C)CCSCC1OC(n2ccc(=O)[nH]c2=O)C2OC(C)(C)OC12
2259,2260,CCOC(=O)c1sc(N2C(=O)C(O)=C(C(=O)c3sc(C)nc3C)C2c2ccc(C(C)C)cc2)nc1C
2260,2261,CC1CCCC1C([NH3+])c1ccsc1
2261,2262,Cc1ccc(c2nnc3ccc(C)cn32)cc1NC(=O)C1CC[NH+](C)CC1
2262,2263,COc1ccc2c(c1)CC([NH2+]CCc1cccs1)CC2
2263,2264,CCOP(C)(CC)Sc1ccccc1
2264,2265,COCCCNC(=O)C(=O)NN=Cc1c(C)n(Cc2ccccc2Cl)c2ccccc12
2265,2266,COc1cccc2c1CCCC21CC[NH2+]CC1
2266,2267,O=C([O-])c1ccc(Cn2cc(NC(=O)c3ccc(Cl)cc3Cl)cn2)cc1
2267,2268,CC1CN(S(=O)(=O)N2CCC3(CC2)OC(=O)c2ccccc23)C(C)CO1
2268,2269,CC1CCN(C(=O)c2cncc(N3CCN(C=O)CC3)c2)CC1
2269,2270,CCC1C[NH2+]CCC1(O)CCc1ccc(F)cc1
2270,2271,CC[NH2+]C(C)c1sc(N(C)C2CCCCC2)nc1C
2271,2272,Cc1ccc(SC2=c3ccc([nH]3)=C(c3ccc(OC(C)C)cc3)c3ccc2[nH]3)cc1
2272,2273,CCC(C)C(C)n1c(=S)[nH]nc1c1ccccn1
2273,2274,O=C(c1ccco1)c1ccc(n2cncn2)c2ccccc12
2274,2275,CC(C)(C)n1[nH]cc2c3ccccc3nc1-2
2275,2276,O=C(CCl)NC1CCC([NH+]2CCC(C(O)(c3ccc(F)cc3)c3ccc(F)cc3)CC2)CC1
2276,2277,O=c1oc2ccccc2c(Nc2cccc(c3nccn3C3CC3)c2)c1Cl
2277,2278,Cc1ccsc1C[NH2+]C(C)CCS(C)=O
2278,2279,[NH3+]CCCCCn1nnc2ccccc2c1=O
2279,2280,Cc1ccc(SCC(C)(C#N)NC(C)C)c(Br)c1
2280,2281,Cc1cc(=O)n(CC[NH+]2CCN(C(=O)c3ccc(c4ccco4)o3)CC2)cn1
2281,2282,COCC[NH2+]Cc1c[nH+]c(C)cc1N1CCCSCC1
2282,2283,O=C(C1=CC2(O)C(=O)CC1O)OC(O)C1OC3OC3C21
2283,2284,CCC(C)NC(=O)c1ccc(NC(=O)C(C)[NH+]2CCC(C(=O)NC(C(=O)Nc3cccc(C(=O)Nc4ccccc4F)c3C)C(C)C)CC2)c(C)c1
2284,2285,CC(C)(CC[NH3+])CNC(=O)CCc1ccc2ccccc2c1
2285,2286,CCC1(O)CN(C(=O)c2nn(c3cccc(Cl)c3F)cc2Br)C1
2286,2287,CC(=O)C(C)CC(=O)c1c(F)c(F)c(F)c(F)c1F
2287,2288,Cc1cc(Br)c(NC(=O)c2ccc(NN)nn2)c(Br)c1
2288,2289,COc1ccc(CN(C(=O)CCCc2cccs2)C2CC2)cc1OCC(N)=O
2289,2290,C[NH2+]CC(O)c1cc(F)c(O)cc1OC
2290,2291,O=C(Nc1cccc(Br)n1)c1n[nH]c(C2CC2)n1
2291,2292,CCOC(=O)C1=C(C)N=c2sc(=Cc3c4ccccc4cc4ccccc34)c(=O)n2C1c1cc(OC)c(OC)cc1Br
2292,2293,CC(C)C[NH2+]Cc1oc2ccc(Cl)cc2c1C(C)C
2293,2294,O=C(NO)c1cccc(Sc2[nH+]cc3ccccn23)c1
2294,2295,O=C(C1CC=CC1)N1CC(O)(C2CC2)C1
2295,2296,CC1CC(C)CC(C[NH3+])(N(C)CCc2ccccc2)C1
2296,2297,N#Cc1ccnc(NCCn2ccnn2)c1[N+](=O)[O-]
2297,2298,N#CC1=C([NH3+])N(c2nccs2)C(c2ccccc2)C(C(=O)Oc2ccc(O)c(Cl)c2)C1c1c(F)cccc1Cl
2298,2299,CCc1cccc(OC(C)C(=O)Nc2ccc3c(c2)C(=O)NC3)c1
2299,2300,[NH3+]CCCc1nc2c([nH]1)Cc1cc(Cl)cc(Cl)c1-2
2300,2301,COc1cc(c2nc3ccc(C(=O)OC(C)C)cn3c2Nc2ccc(C)cc2OC)ccc1OCc1ccccc1
2301,2302,COc1ccc(NC(=O)N(C)CC2(O)CCCC2)cc1
2302,2303,CCC1OCCC1NC(=O)c1cnc(N)c2ccccc12
2303,2304,CCOc1ccc(C(=O)C(C)(O)C2CCCC2)cc1
2304,2305,Cc1cc(Br)cc(N2CC(=O)NC(=O)C2=O)c1
2305,2306,CCn1c(=NC(=O)c2ccccc2S(C)(=O)=O)sc2cc3c(cc21)OCO3
2306,2307,Cc1ccc(S(=O)(=O)Nc2ccccc2OC(F)(F)F)c(Br)c1
2307,2308,N#Cc1c(NC(=O)C=Cc2ccc(F)cc2)sc2c1CCN(C(=O)Cn1ncc3ccccc3c1=O)C2
2308,2309,CC(CC(=O)NCC1CCN(S(C)(=O)=O)CC1)C1CCC[NH2+]C1
2309,2310,Cc1cc(SCC(=O)NCc2cc(C(=O)[O-])c(C)o2)ccc1C(C)C
2310,2311,CC(C)(CCl)C[NH2+]Cc1ccc(Br)cc1
2311,2312,COCC(C)[NH+]1CCC(CNc2cc[nH+]c(C(=O)N(C)C3CCCCC3)c2)CC1
2312,2313,CC(=O)OCC1=C(C)C(C)(C)c2c(OC(C)=O)c(C=O)ccc12
2313,2314,N#CC(=Cc1ccc(Sc2nc3ccccc3n2C(F)F)cc1)c1nc2ccccc2[nH]1
2314,2315,[NH3+]CC(O)C[NH2+]CCCCCC[NH2+]Cc1cccc(Cl)c1F
2315,2316,Cc1c(I)ccc2sc(N)cc12
2316,2317,COCCNc1nccc(Nc2cc(Cl)cc(Cl)c2)n1
2317,2318,Cc1oc(N)nc1c1ccccc1Br
2318,2319,Cc1c(CC(=O)[O-])oc2c(C#N)cccc12
2319,2320,COc1ccccc1OCCNC(=O)C(C)Oc1ccccc1Cl
2320,2321,CC(Sc1nnc(C2CC2)n1c1ccccc1)C(=O)NC(=O)NC1CCCC1
2321,2322,[NH3+]C1CC(C([NH2+]C2=CCCCCC2)c2ccccc2)=CC=C1Cl
2322,2323,CCCCCCNC(=O)Oc1ccc2nc(C)c(C(C)=O)n2c1
2323,2324,O=C1CCC(=O)N1C1CCN(S(=O)(=O)c2ccccc2)CC1
2324,2325,CC(C)(C)c1ccc(Oc2ncccc2C=O)cc1
2325,2326,COc1ccc(NC2CCN(C(=O)c3cccc(OC)c3OC)CC2)c(OC)c1
2326,2327,COc1ccc(COc2ccc(C[NH+]3CCCCC3)cc2OC)cc1
2327,2328,CCOc1ccc(C(=O)NCC2CCN(c3nc4cc(C)cc(C)c4o3)CC2)cc1
2328,2329,Cc1cc(N2C(=O)C3CCCCN3C(=O)C2C)ccc1C(C)C
2329,2330,COc1ccc(c2noc(CN(C)C(=O)C3CCC3)n2)cc1
2330,2331,CC(C)(C)[NH2+]CC1(CCSC(F)(F)F)CC1
2331,2332,CC(=NO)c1cccc(NC(=O)c2cc([N+](=O)[O-])ccc2F)c1
2332,2333,CC(C)C(NC(=O)NC(C(=O)N1CCCC1C(=O)NC(C)C(=O)N1CCCC1C(=O)NC(C)C(=O)N1CCCC1C(=O)[O-])C(C)C)C(=O)NC(CS)C(=O)[O-]
2333,2334,CC(NS(=O)(=O)C(C)C)C12CC3CC(CC(C3)C1)C2
2334,2335,Nc1ccc(NCCc2ccco2)nc1
2335,2336,COc1cc2c(=O)n(CC(=O)Nc3ccc(F)cc3)cnc2cc1OC
2336,2337,[NH3+]C(CN1CCCC1=O)c1ccc(Br)cc1
2337,2338,NC(=[NH+]O)c1cc(COc2cccc(F)c2F)ccn1
2338,2339,COc1ccc2c(c1)c(=O)c1c(C(F)F)ccc(C(N)=O)c1O2
2339,2340,Cc1c(C(=O)Nc2ccnn2Cc2ccc(Cl)cc2)cnn1c1cccc(Cl)c1
2340,2341,COc1ccc(C(=O)N2CCN(c3ccccc3[N+](=O)[O-])CC2)cc1
2341,2342,CCCCN(CCCC[NH3+])C(=O)C1CCSC1
2342,2343,CC[NH2+]C(C)CC(C)(C)c1c(Br)cnn1CC
2343,2344,Cc1ccc(c2cn3c(CC(=O)NCCc4cn5ccccc5[nH+]4)csc3[nH+]2)cc1
2344,2345,CCCCN1C(=O)C(=O)C(=C([O-])c2ccc(OC)c(C(C)C)c2)C1c1cccc(C)c1
2345,2346,O=C([O-])CCC1CCCN(C(=O)c2cccc(n3cnnn3)c2)C1
2346,2347,COc1ccc(OC)c(NC(=O)C2CCCN(c3nc4ccc(Cl)cc4s3)C2)c1
2347,2348,COc1cc2nc(C(C)(C)C)n(CCNC(=O)NC3(c4cccnc4)CC3)c2cc1OC
2348,2349,CC(=O)NC1C(OC(C)=O)C2(CO)C(O)CC3(C)C(C(C)CCCC(C)C)CCC2(C)C3CC1OC1OC(CO)C(O)C(O)C1O
2349,2350,Cc1ccc(S(=O)(=O)NC(Cc2ccc(c3nc4ncccc4s3)cc2)C(=O)[O-])cc1
2350,2351,Cc1ccc(c2nc(COC(=O)C(C)NS(=O)(=O)c3cccs3)cs2)cc1
2351,2352,Cn1c(C[NH+]2CCC(C(=O)NCc3ccc4c(c3)OCO4)CC2)nc2ccccc21
2352,2353,COCCOCCOCCN1C(=O)C(C)(Cc2cc(F)cc(Br)c2)[NH+]=C1N
2353,2354,CSc1ncccc1C(=O)OCC(=O)c1cc(C)n(c2ccc3c(c2)OCCO3)c1C
2354,2355,CC(C)N(CC(=O)NC1CCCCC1)C(=O)CN1C(=O)c2ccccc2S1(=O)=O
2355,2356,Nc1ccc2c(c1)ncn2CC[NH+]1CCCC1
2356,2357,CCCCC(=O)Nc1ccnc(Cl)n1
2357,2358,O=C(Cn1cc(C(=O)[O-])nn1)Nc1cccc(F)c1
2358,2359,COc1ccc(c2c3oc(=O)n(CCC[NH+](C)C)c3c(O)n(C)c2=O)cc1
2359,2360,[NH3+]CC(=O)NCC(=O)N1CCN(c2ccccc2)C(=O)C1
2360,2361,O=C1C([NH2+]C2CC2)CCCN1c1ccc2c(c1)OCCCO2
2361,2362,Cc1nnc(NC(=O)c2ccc3nc(N)sc3c2)o1
2362,2363,CC[NH2+]C(C)c1sc(N2CCSC(C)C2)nc1C
2363,2364,Cn1cc(CCNc2ccccc2CO)c2ccccc21
2364,2365,[NH3+]C1CCCN(S(=O)(=O)c2ccc(C(F)(F)F)cc2)C1
2365,2366,CC(C)(C)c1ccc(C2(C(=O)Nc3cccc(C#N)c3)CC2)cc1
2366,2367,CCCc1nc(C)c(C[NH+](CCCC(=O)[O-])C2CCCCC2)c(C)n1
2367,2368,CC1CC(c2ccccc2)ON(C(N)=O)C1
2368,2369,C=CCn1c(=NC(=O)c2ccc(S(=O)(=O)N(C)c3ccccc3)cc2)sc2cccc(F)c21
2369,2370,CC(C)C([NH3+])C(=O)N1CC[NH+](C2CCCC2)CC1
2370,2371,CC(C)(C)c1ccc(c2nc3c(C(=O)Nc4cccnc4)cccn3c2Nc2ccc(Cl)c(Cl)c2)cc1
2371,2372,C=CCCCCC[NH2+]CC(O)COc1ccc(Br)cc1Br
2372,2373,CC(C)C[NH+]1CCC(C[NH2+]Cc2cnc[nH]2)C1
2373,2374,Cc1onc(c2ccccc2)c1C(=O)NNC(=O)c1csc(C2CCN(C(=O)c3ccc(Br)cc3)CC2)n1
2374,2375,COc1cc(OC)c(F)c(N(CC(=O)NCCc2ccc(F)cc2)C(=O)c2ccc(C(C)(C)C)cc2)c1F
2375,2376,Cc1ccc(C(C)Nc2cccc(c3nnco3)c2)cc1
2376,2377,CSc1ccc(SCCS(C)(=O)=O)cc1
2377,2378,CCC1(C)C(Cl)CC1Oc1cccc2ccccc12
2378,2379,O=C(c1cnccc1C(F)(F)F)N1CCCC(CO)C1
2379,2380,COc1cccc2c1OC1(CC[NH+](C3CCCCC3)CC1)CC2=O
2380,2381,O=P(OCc1cccc(Oc2ccccc2)c1)(Oc1ccccc1)Oc1ccccc1
2381,2382,O=C1CCC([NH2+]Cc2ccc(OC(F)(F)F)cc2)CN1
2382,2383,CCC1CCCCN1C(=O)C[NH+]1CCC(NC(=O)CCc2ccccc2)CC1
2383,2384,CC(C)C(=O)N1CCCN(C(=O)C2CCCO2)CC1
2384,2385,N#Cc1ccc(Oc2ccc(Cl)cc2C=O)cc1C(F)(F)F
2385,2386,CC(C)c1ccn(c2ccc(C(=O)[O-])c(N)c2)n1
2386,2387,O=C(Nc1ccc(F)c(F)c1F)c1n[nH]c2c1CCC2
2387,2388,CC(C)CC1[NH2+]C(C)N(CC(C)C2CC2)C1=O
2388,2389,CC(=O)c1sc(Nc2ccccc2Br)c(C(N)=O)c1N
2389,2390,NNc1ncc(Cl)cc1C(=O)NC1CCCCCC1
2390,2391,CC(C)(C)[NH2+]CC(c1ccccc1)N1CCC([NH+](C)C)C1
2391,2392,CCC1OC(=O)C(C)C(OC2CC(C)(OC)C(O)C(C)O2)C(C)C(OC2OC(C)CC([NH+](C)CCc3cn(CCOCCn4cc(C)c(=O)[nH]c4=O)nn3)C2O)C(C)(O)CC(C)C[NH+](C)C(C)C(O)C1(C)O
2392,2393,O=C(Nc1cccc(O)c1)Nc1ccc(C(F)(F)F)cn1
2393,2394,CCCCCCc1cc([O-])c(C(=O)C(C)C=Cc2ccc3ccccc3n2)c(=O)o1
2394,2395,C=C(C)C[NH2+]Cc1ccc(F)c(C#N)c1
2395,2396,Cc1c(C(=O)OCC(=O)Nc2cccc(S(=O)(=O)N(C)C)c2)sc2cccc(F)c12
2396,2397,COc1c(Cl)cc(C(=O)CCCc2ccc(C(C)NC(N)=O)cc2)c(OC)c1Cl
2397,2398,COC(=O)C(Cc1ccc(O)cc1)N=[N+]=[N-]
2398,2399,N#CC1=C([NH3+])OC2=C(C(=O)CCC2)C1c1cccnc1
2399,2400,Cc1cc(C2(C3CCCC3)NC(=O)N(CC(=O)Nc3cc([N+](=O)[O-])ccc3Cl)C2=O)no1
2400,2401,CC(C)N(Cc1ccccc1)C(=O)C[NH+]1CCCC1C(=O)Nc1nccs1
2401,2402,CC(=O)NCC1CCN(c2ccc(Nc3nc(NC4CCC(C)CC4)c4[nH+]cc(C#N)n4n3)cc2)CC1
2402,2403,CCc1ccc(OCCCNC(=O)NC(C)c2ccc3c(c2)CCCC3)cc1
2403,2404,Cn1cccc1C(=O)C(=O)NCCC[NH+]1CCN(c2ccccc2)CC1
2404,2405,CCOc1ccc(C=CC(=O)N2CCCc3cc(C(=O)NC)ccc32)cc1OC
2405,2406,FC1(F)CCC(COC2CCOCC2)CC1
2406,2407,Cc1ccc(S(=O)(=O)Nc2cnc(N3CCOCC3)nc2)cc1
2407,2408,O=C(CCc1cccc(F)c1)NCCc1csc2nc(c3ccc(F)cc3)nn12
2408,2409,CCCCC(NC(=O)c1cn(c2ccccc2)nc1c1ccc(OC)cc1)C(=O)OC
2409,2410,COc1ccc(COC2C(OCc3ccccc3)CC(O)C2Sc2ncn[nH]2)cc1
2410,2411,COc1ccc(N2CCN(C(NCCNS(=O)(=O)c3ccc(C)cc3)=[NH+]Cc3ccccc3)CC2)cc1
2411,2412,CCOC(=O)N(CC)CC(=O)Nc1nc(c2cccc(OC)c2)cs1
2412,2413,CC(C)[NH+]1CCN(c2ccc3ccnc-3[nH]2)CC1
2413,2414,O=C(OC1CCCCC1)C1=Nn2c(nnc2c2ccccc2)SC1
2414,2415,Cn1ncc2c(OC3CCOc4ccccc43)ccnc21
2415,2416,O=C(Nc1nnc(SCc2ccccc2Cl)s1)c1cccc(Cl)c1
2416,2417,Cc1ccc(S(=O)(=O)NCCC(=O)Nc2ccccc2I)cc1C
2417,2418,CC(C)n1cc(S(=O)(=O)NCc2ncon2)c(c2cccs2)n1
2418,2419,CCOC(=O)c1cc(NC(=O)C=Cc2ccc(OC(F)F)cc2)ccc1Cl
2419,2420,Cc1cc(N)n(C(=O)C=Cc2ccc(c3ccccc3[N+](=O)[O-])s2)n1
2420,2421,C[Si](C)(C)C[NH+]1CC=C(CO[Si](C)(C)C(C)(C)C)CC1
2421,2422,CC(C)([NH3+])C(=O)NC(Cc1c[nH]c2ccccc12)C(=O)c1ncco1
2422,2423,CCOc1ccc(C(F)(F)F)cc1NC(=O)c1nn(C)c2c1CN(C(=O)OC(C)(C)C)C2
2423,2424,CCc1c(C(=O)N2CCOC3(CCCOC3)C2)cnn1c1ccccn1
2424,2425,COC(=O)c1ccc(c2noc(CC(C)NC(=O)CCc3ccoc3)n2)c(C)c1
2425,2426,O=C1CCCC2=C1C(c1ccc(Cl)cc1)c1ccc3c(c1N2c1ccccc1)OCO3
2426,2427,O=C(N1CCCN(S(=O)(=O)c2ccc(Br)cc2)CC1)C12CC3CC(CC(C3)C1)C2
2427,2428,Cn1c(SCC(=O)N2CCCC2)nc2sc3c(c2c1=O)CCC3
2428,2429,COc1ccccc1CN(C)C(=O)C1(C(=O)[O-])CCC1
2429,2430,CCC(C)c1ccc(OCc2nc3ccccc3c(=O)n2c2ccccc2)cc1
2430,2431,COc1ccccc1C1C2=C(CC(C)(C)CC2=O)NC2=C1C(=O)CC(C)(C)C2
2431,2432,COc1c(C=O)cc([N+](=O)[O-])c2c1OCO2
2432,2433,CCC(C)([NH3+])c1noc(C2CC3CCC2C3)n1
2433,2434,CCCCC(CC)COC(=O)OC1=CC(OC(=O)C(C)C)C(OC(=O)CC)C(OC(=O)C(C)C)C(OC(=O)C(C)C)C1OC(=O)C(C)(C)C
2434,2435,CNc1nc(c2ccc(SC)cc2)nc(C)c1CC(C)C
2435,2436,CCOC(=O)C(C)(C)C(=O)COC(C)=O
2436,2437,O=C(NCC1(C(=O)[O-])CCC1)c1cn[nH]c1c1ccc(F)cc1
2437,2438,COC(=O)C(Br)CNC(=O)c1ccc(F)cn1
2438,2439,CCc1ccc(C2CC2C(=O)N2CCCC(C)(C)CC2)s1
2439,2440,Cc1ccc(c2nc(=O)c(C)c(C[NH3+])[nH]2)cc1
2440,2441,Cc1cc(C)cc(N2CCC([NH2+]CC3CCOCC3)C2=O)c1
2441,2442,COc1ccc(n2c(CC(=O)N3CCCC(c4nc5ccccc5o4)C3)nc3ccccc32)cc1
2442,2443,CC1=C(C(=O)Nc2ccccc2)C(c2c(F)cccc2Cl)C(C#N)=C(SCC(=O)Nc2cccc(Cl)c2Cl)N1
2443,2444,CC(C)(C)c1cc2c(O)c(c1)Cc1cc(C(C)(C)C)cc(c1OS(=O)(=O)c1cccc3ccccc13)Cc1cc(C(C)(C)C)cc(c1OS(=O)(=O)c1cccc3ccccc13)Cc1cc(C(C)(C)C)cc(c1OS(=O)(=O)c1cccc3ccccc13)C2
2444,2445,CC[NH2+]Cc1cn(Cc2ccc(C(=O)[O-])cn2)nn1
2445,2446,CC(C)(C)c1ccc(c2nnc(SCC(=O)N3CCSc4ccccc43)n2Cc2ccccc2)cc1
2446,2447,Cn1cc(NC(=O)c2cc(C3CC3)on2)c(C(N)=O)n1
2447,2448,CC1=Cc2c(Br)cccc2NC1(C)c1ccccc1
2448,2449,COc1ccc(C(=O)NC(C)C2CC3CCC2C3)cc1OC(F)F
2449,2450,N#Cc1c(NC(=O)COC(=O)c2ccc(n3cccc3)cc2)sc2c1CCCC2
2450,2451,Cc1cc(C)cc(n2c(SCC(=O)c3ccc(F)cc3)nc3cccnc32)c1
2451,2452,Cc1ccc(SCC(=O)Nc2ccnn2CC(F)(F)F)cc1C
2452,2453,CS(=O)(=O)NCCc1ccc(NC(=O)c2noc3c2CCCC3)cc1
2453,2454,Cc1ccc(CNc2ccc(C(=O)Nc3cccnc3)cn2)cc1
2454,2455,O=C(Nc1ccccc1C(F)(F)F)NC1CCCC1
2455,2456,Cc1cc(C(=O)N2CC3CCCC3C2C)ccc1N
2456,2457,CC(C)(C)c1cn(c2ccccc2)c(N=NC(Cc2ccccc2)C(=O)[O-])[nH+]1
2457,2458,CCOC(=O)c1ccccc1C(=O)OCC(=O)Nc1ccc(S(N)(=O)=O)cc1
2458,2459,Cc1ccc(C(C)(C)C)cc1C([O-])=C1C(=O)C(=O)N(c2cccc(OC(F)(F)F)c2)C1c1cccs1
2459,2460,O=C([O-])CC1(NC(=O)c2ccc(n3cncn3)cc2)CCC1
2460,2461,CC1C=CC=CC1c1c(O)c(O)n(CCCCCCO)c1O
2461,2462,CCCCN(CC[NH3+])S(=O)(=O)C1CC1
2462,2463,O=C(CC(c1cccc(C(F)(F)F)c1)c1c[nH]c2ccc([N+](=O)[O-])cc12)NCCc1cc(F)cc(F)c1
2463,2464,N#Cc1cccc(C(=O)NNC(=O)COc2ccc(Br)cc2Br)c1
2464,2465,Cc1c(Br)ccc2sc(N(CCC[NH+](C)C)C(=O)C3CCCN3S(=O)(=O)c3cccs3)nc12
2465,2466,CCOc1ccc(C=CC(=O)Nc2ccc(c3nc4ccc(C)cc4s3)cc2)cc1OC
2466,2467,O=C([O-])CSCc1nnc(C=Cc2ccc(Cl)cc2)o1
2467,2468,CS(=O)(=O)N1CCC(C(=O)N(Cc2ccccc2)Cc2ccccc2)CC1
2468,2469,CC(C)n1cc([N+](=O)[O-])cc1C(=O)N1CC2CCC(C1)O2
2469,2470,O=C1C(=Cc2cccs2)SC(=S)N1Cc1ccco1
2470,2471,O=C(Nc1nc2ccc(S(=O)(=O)Nc3ccc(Cl)cc3)cc2s1)c1cccs1
2471,2472,Fc1ccccc1CNC(=S)N1CC[NH2+]CC1
2472,2473,CC1CN(C(=O)C2CCN(S(=O)(=O)c3ccc(F)c(F)c3)CC2)CC(C)O1
2473,2474,Cc1nc(C=CC(=O)NCC2(C(=O)[O-])CCCCC2)cs1
2474,2475,COc1ccc(C(O)c2cc(C)c(F)cc2OC)cc1OC
2475,2476,CCCc1oc(c2ccc(OCC)cc2)cc1C[NH2+]CC
2476,2477,[NH3+]CCCCNc1ccc(S(=O)(=O)NCCO)cc1
2477,2478,CCOC(=O)c1c(NC(=O)c2nn(c3ccccc3F)ccc2=O)sc2c1CC(C)(C)[NH2+]C2(C)C
2478,2479,CC(=O)c1cccc(S(=O)(=O)NCC2CC[NH2+]CC2C)c1
2479,2480,N#CC(=Cc1cccc(OCc2ccc(F)cc2)c1)C(=O)Nc1cccc(Cl)c1
2480,2481,Cn1cccc1Cn1nnnc1
2481,2482,COc1ccc(C(=O)N2CCCC(C)C2)cc1NC(=O)C(C)NC(=O)C1CC[NH+](CC(=O)Nc2cc(C(=O)Nc3ccccc3C)ccc2C)CC1
2482,2483,Cc1ccc2c(c1)C([NH2+]CC(O)C(Cc1ccccc1)NC(=O)OC(C)(C)C)CC(C)(C)O2
2483,2484,CNS(=O)(=O)c1ccc(S(=O)(=O)N(C)C(C)C(C)C)cc1NC
2484,2485,CCC(C(=O)[O-])[NH+]1CCOCC1
2485,2486,CC(=O)C1=C(O)C(=O)N(Cc2ccco2)C1c1ccc(Cl)c(Cl)c1
2486,2487,Cc1ncccc1C(=O)N1CCC(S(=O)(=O)c2ccc([O-])cc2)C1
2487,2488,NC(=S)c1ccnnc1n1ccc(C(F)(F)F)n1
2488,2489,[NH3+]C(Cc1cccs1)C1COCCO1
2489,2490,CCc1cc(OC2CN(C(=O)Cc3c(C)noc3C)C2)cc(=O)o1
2490,2491,COc1cc(O)c(C(O)Cc2cccc(Cl)c2Cl)cc1OC
2491,2492,O=C(Nc1ncc(C2CCCCC2)s1)C1CCN(S(=O)(=O)c2ccc(Cl)c(Cl)c2)CC1
2492,2493,O=C(NCC(=O)N1CCN(c2ccc(Cl)cc2F)CC1)c1ccccc1
2493,2494,CCCS(=O)(=O)Nc1ccc(F)c(C(=O)NC2CC2)c1
2494,2495,Cc1onc(c2ccccc2Cl)c1C(=O)Nc1nc(c2ccc3c(c2)OCO3)cs1
2495,2496,COc1ccc(OC)c(N2CC(C(=O)Nc3cc(n4nc(C)cc4C)ccc3OC)CC2=O)c1
2496,2497,COc1ccccc1CCNC(=O)c1ccc(c2noc(C)n2)nn1
2497,2498,CCOC(=O)c1nnn(c2cc(C)ccc2[N+](=O)[O-])c1C
2498,2499,COc1cccc(C(=O)Nc2nc(c3cccc([N+](=O)[O-])c3)cs2)c1OC
2499,2500,[NH3+]CCCc1cn(CC(=O)c2ccccc2)nn1
2500,2501,COc1c2cc(C(C)(C)C)cc1Cc1cc(C(C)(C)C)cc(c1OC)Cc1cc(C(C)(C)C)cc(c1OC)Cc1cc(C(C)(C)C)cc(c1OC)Cc1cc(C(C)(C)C)cc(c1OC)Cc1cc(C(C)(C)C)cc(c1OC)C2
2501,2502,CC[NH2+]C(C)CCc1ccc(C)cc1C
2502,2503,O=C([O-])C1Cc2ccccc2C[NH+]1C1CCSCC1
2503,2504,CCOC(=O)c1ccsc1NC(=O)c1cccc(OC)c1O
2504,2505,CCOC(=O)Nc1cccc(C(=O)NC(C)c2ccc(C)cc2)c1
2505,2506,COC(CNC(=O)NC1CC[NH+](C(C)(C)C)C1)CC(=O)[O-]
2506,2507,CC1C[NH2+]CCN1Cc1cc(C(=O)[O-])on1
2507,2508,O=C([O-])C1CCN(C(=O)Nc2ccc(F)cc2F)CC1
2508,2509,CSCCC([NH3+])C(=O)NC(C(=O)NC(CC(C)C)C(=O)NC(Cc1c[nH]c2ccccc12)C(=O)[O-])C(C)O
2509,2510,CC1C2C3CCC(C3)C12
2510,2511,[NH3+]C1CC2(CCCCC2)Oc2ccc(Cl)cc21
2511,2512,O=C(CC1NC(=O)N(Cc2ccccc2)C1=O)N1CC[NH+](Cc2ccco2)CC1
2512,2513,CC(C)C(NC(=O)N(C)Cc1csc(COc2ccc(F)cc2)n1)C(=O)[O-]
2513,2514,CCOC(=O)c1cccc(c2ccccc2OC)n1
2514,2515,COC(=O)C(Br)CNC(=O)C(C)(C)S(C)(=O)=O
2515,2516,CCOC(=O)C(CC)C(=O)NCC1(CCO)CC1
2516,2517,C=CC(O)(C(=S)Nc1ccccc1C)c1ccc(Cl)cc1Cl
2517,2518,Cc1ccc(OCc2csc(C(=O)Nc3cccc(Cl)c3)c2)cc1
2518,2519,Cc1ccc(S(=O)(=O)Nc2cc(=O)oc3cc(NC(=O)c4ccc(S(=O)(=O)N5CCOCC5)cc4)ccc23)cc1
2519,2520,COc1cc(Br)ccc1C(O)c1cncc(Br)c1
2520,2521,COc1ccc(Cl)cc1CNc1ncc(c2ccncc2)cn1
2521,2522,CC(=O)Nc1ccc(NC(=O)CCNC(=O)C2CC[NH+](CC(=O)Nc3ccc(C(=O)Nc4ccc(F)cc4F)cc3C)CC2)cc1Cl
2522,2523,CCCCCNc1ccc(C(=O)Nc2cccc(C)c2)cn1
2523,2524,COCC1(O)CCCC2C[NH+](CC(C)C)CCC21
2524,2525,O=C1C[NH2+]CCN1C1CCC1
2525,2526,CCCCCCOc1ccc(NCC=O)cc1
2526,2527,Cn1nccc1CCC(O)c1ccc(Cl)s1
2527,2528,Cc1nc(NC(=O)C[NH+](C)Cc2ccc(Br)cc2)sc1C
2528,2529,CNC1C(c2ccccc2)=CC(C(C)C)CC1[NH3+]
2529,2530,CC(C)c1nnc(C2CN(C(=O)OC(C)(C)C)CC2C[NH3+])o1
2530,2531,O=C(NCCC1=CCCCC1)Oc1ccc(OC(=O)c2ccccc2Cl)cc1
2531,2532,COc1ccc(C(C)(C)C(=O)NCC2C[NH2+]CCO2)cc1F
2532,2533,CCOC(=O)C1=C(COC(=O)COc2ccc3ccccc3c2)NC(=O)NC1c1cccs1
2533,2534,O=c1c(I)c[nH]c2ccc(Cl)cc12
2534,2535,O=C(CCc1ncc(c2ccc(Cl)cc2Cl)o1)NC1CCCCC1
2535,2536,CC(OC(=O)c1ccccc1OCc1ccc(F)cc1)C1CC(=O)N(c2ccccc2)C1=O
2536,2537,Cc1noc(c2ccc(CNC(=O)NC3CCOC3c3nccn3C)cc2)n1
2537,2538,CCOc1cc2c(cc1OC)C(c1ccc(Br)cc1)=NN(C(C)=O)CC2
2538,2539,CC1CCc2c(sc3nc(C[NH+]4CCC(O)C4)[nH]c(=O)c23)C1
2539,2540,N#CC(=Cc1ccccc1F)C(=O)Nc1ccc(S(=O)(=O)Nc2ccc([N+](=O)[O-])cc2Cl)cc1
2540,2541,O=C(COc1ccc(Cl)cc1)N1CCOC(C(F)(F)F)C1
2541,2542,Nc1cncc(COc2cccc(F)c2Br)c1
2542,2543,N#Cc1cc(C2CC2)n(c2cccc(Br)c2)n1
2543,2544,COc1ccc(C(NN)c2cc(Cl)ccc2Br)cc1Br
2544,2545,Cc1c(N)nc(C(C)(C)C)nc1NC(C)(C)CCO
2545,2546,Cc1coc(SCC([NH3+])CCO)n1
2546,2547,C=C(C1=CCCCO1)C1CCC2C(C1)c1c([nH]c3ccccc3c1=O)CC2C(C)C
2547,2548,Cc1ccc(S(=O)(=O)C2CS(=O)(=O)CC2N2CCC(C(N)=O)CC2)cc1C
2548,2549,CC1=C(C)C2CC3(C)CC(O)CCC3CC2(C(O)COc2ccc(C(N)=O)cc2)O1
2549,2550,C=Cc1c(c2ccccc2)c(=O)on1C
2550,2551,Cc1c(NC(=O)C[NH+]2CCC(C(=O)NCCC(=O)Nc3ccc(C(=O)Nc4ccc(F)c(F)c4)cc3)CC2)cccc1C(=O)Nc1cccc(F)c1
2551,2552,COc1ccc(S(=O)(=O)CCCC(=O)NCc2n[nH]c3c2CCC3)cc1
2552,2553,Cn1c(=O)n(CC(=O)NCc2ccc(COCc3ccccc3)cc2)c2ccccc21
2553,2554,Nc1cnccc1Oc1cc(F)ccc1[N+](=O)[O-]
2554,2555,Cc1c(Cl)cccc1NC(=O)c1ccc(NCc2ccncc2)nn1
2555,2556,CCC1C2CC(C#CCO[Si](C)(C)C(C)(C)C)=CC1C1OC(=O)OC12
2556,2557,Cc1ccc([N+](=O)[O-])c(C)c1CBr
2557,2558,COC(=O)Nc1ncc(c2cnc(N)s2)nc1C(F)(F)F
2558,2559,CCCCC(CC)COc1ccc(B(O)O)c(C(=O)[O-])c1
2559,2560,CC(Sc1nc2scc(c3ccccc3)c2c(=O)[nH]1)C(=O)Nc1ccc(F)cc1F
2560,2561,N#CCCN(C(=O)COc1ccccc1)c1nc2ccccc2s1
2561,2562,CC(=O)c1ccc(OCc2cccc(Br)n2)c([N+](=O)[O-])c1
2562,2563,CC1CCC(C(O)c2ccccc2C2CCC2)CC1
2563,2564,N#CC1=C(SCC(=O)Nc2nc(c3cccnc3)cs2)NC(C2CC2)=[NH+]C1c1cccs1
2564,2565,Cc1c(Cl)nc(C(C)C)nc1OCCC1CC1
2565,2566,O=C(C[NH+]1CCCC1)N(CC1CC1)CC1CC(=O)N(c2ccccc2)C1
2566,2567,CCC1OCCC1CNC(=O)c1cnc(N)c2ccccc12
2567,2568,CC(C)(C)[Si](C)(C)OCC(=O)C1CCC2C3CC=C4CCCCC4(C)C3CCC12C
2568,2569,C=CC(=O)OCC(CO)(COC(=O)C=C)COC(=O)C=CC
2569,2570,CCOP(=O)(OCC)SCCCCC[NH2+]C(C)(C)C
2570,2571,CC1CCN(c2ccc([N+](=O)[O-])cc2C=NNC(=O)CCc2nc3ccccc3n2C)CC1
2571,2572,FC(F)(F)c1cccc(SCC2C[NH2+]C2)c1
2572,2573,COc1cc(n2c(=O)cc(C(F)(F)F)n(C)c2=O)cc(OC)c1OC
2573,2574,COCCN(CC(=O)Nc1nc(C)cs1)S(=O)(=O)c1ccc(Cl)c([N+](=O)[O-])c1
2574,2575,O=C(CNC(=O)c1ccc(Cl)cc1)NCC1CCC[NH2+]1
2575,2576,O=C(c1ccccc1I)N1CCCC1c1cccnc1
2576,2577,O=C(COC(=O)C1CCN(C(=O)c2ccc(Cl)cc2)CC1)Nc1cc(C(F)(F)F)ccc1n1cncn1
2577,2578,CCCCC=CCCCCCCCC(=O)OC(CCCCCCCCCCCCCCC)CC(=O)N(C)OC
2578,2579,O=C(Cc1ccccc1)Nc1ccc(c2cnc3[nH]cc(c4cccs4)c3c2)cc1
2579,2580,N#Cc1c(F)cccc1S(=O)(=O)N1CCC2(CC1)NC(=O)c1ccccc1N2
2580,2581,Cc1ccc(C(O)CCCOC2CCCCC2)cc1C
2581,2582,CC(C)(CC(N)=O)NC(=O)c1ccc(NN)cc1N
2582,2583,Cc1ccc(CC2NC(=O)C(CCC[NH+]=C(N)N)NC(=O)C(Cc3ccccc3)NC(=O)C(C(C)C)NC(=O)CN(C)C(=O)C(CC(C)C)NC(=O)C(COCc3ccco3)NC(=O)C(C(C)C)NC(=O)C(CC(C)C)NC(=O)C(C(C)O)NC(=O)C(CCCC[NH3+])N(C)C2=O)cc1
2583,2584,O=C([O-])C1=NNC2(CCCCC2(F)F)C1
2584,2585,CCc1ccc(NC(=O)CSc2cc(NC(=O)c3cccc(OC)c3)ccc2Cl)cc1
2585,2586,Fc1ccc(Br)c(CNc2ccc(Cl)c(C(F)(F)F)c2)c1
2586,2587,N#Cc1ccc(OCC2CCC(C#N)(NC3CC3)C2)cc1
2587,2588,CC(=O)c1cccc(NC2=C(Sc3nc(C)cc(C)c3C#N)C(=O)N(c3cc(F)ccc3F)C2=O)c1
2588,2589,CC(C)NC(C)(C#N)CC(C)OCCC(C)(C)O
2589,2590,O=C(Nc1nnc(Cc2ccccc2)s1)C(=O)NC1CCCC1
2590,2591,Cc1cc(NC(=O)C(=O)NCC(C)CO)ccc1F
2591,2592,CC(C)C(CC(=O)[O-])NS(=O)(=O)c1ccc(CC#N)cc1
2592,2593,CC[NH2+]C(Cc1cccs1)c1ccc2c(c1)CCC2
2593,2594,O=C(C1CCCN1C(=O)[O-])N1CCCCC1
2594,2595,CC(C)S(=O)(=O)CCNC(c1cccs1)c1cccs1
2595,2596,Fc1ccc(NC2CCSCC2)c(C#CCCl)c1
2596,2597,O=C([O-])CC(c1cc(OC(F)(F)F)cc(OC(F)(F)C(F)F)c1)C1CC1
2597,2598,CC(C)(C)CC(C)(C)c1cc(F)c(NC(=O)Nc2ccc(C3(S(=O)(=O)c4ccc(Cl)cc4Cl)CCOCC3)c(Cl)c2)cc1F
2598,2599,CCC1CN(c2ccc(C(N)=[NH2+])cn2)CCO1
2599,2600,CCCc1cc(Br)c([O-])c(F)c1
2600,2601,CCOc1cncc(N2CCN(C(=O)NCc3cn(C)nc3CC)CC2)n1
2601,2602,CC(C(=O)Oc1ccc(Br)cc1Cl)C(=O)Nc1ccc2c(c1)OCO2
2602,2603,COc1c(C)cc(F)cc1C1(C(=O)[O-])CCC1
2603,2604,COc1cccc(C(=O)NCC(=O)OCC(=O)NC(C)c2ccc(Br)cc2)c1OC
2604,2605,CCCCN1C(=O)C(=O)N(CC(=O)c2ccc(OC)c(Cl)c2)C1=O
2605,2606,Cn1nnnc1SCC1OC(n2ccc(NC(=O)OC(C)(C)C)nc2=O)CC1OC(=O)OCc1ccc([N+](=O)[O-])cc1
2606,2607,CCOC(=O)c1ccc(N2C(=O)C(O)=C(c3ccc(OC)c(OC)c3)C2c2ccco2)cc1
2607,2608,CC(=O)c1cccc(NC(=O)Cn2c(=O)[nH]c(Cl)c(C)c2=O)c1
2608,2609,Cc1c[nH+]c(CC2CCN(C(=O)OC(C)(C)C)C2)[nH]1
2609,2610,CCc1c(C(=O)Cl)c2ccccc2n1S(=O)(=O)c1ccc(C)cc1
2610,2611,C=CCOC(=O)C(=CC(CC)C1CCC2(C)C3=CCC4C(C)(C)C(=O)CCC4(C)C3CCC12C)C1=CC(=O)OC(C)(C)O1
2611,2612,CS(=O)(=O)N1CCC(NC(=O)CCN2C(=O)CSc3ccccc32)CC1
2612,2613,CC(C)CC([NH3+])C(=O)NC(Cc1ccc(O)cc1)C(=O)NC(CCCC[NH3+])C(=O)NC(C)C(=O)[O-]
2613,2614,COC(=O)c1ccc(S(=O)(=O)N(C)CCOc2ccccc2Cl)cc1
2614,2615,CC(C)C(O)CNC(=O)C1CC1c1ccccc1Cl
2615,2616,O=C(COc1ccccc1Cl)NC(=S)Nc1ccc(c2nccs2)cc1
2616,2617,O=C(CC(c1ccccc1)c1ccccc1)Nc1cccc(Oc2ccnc(C3CC3)c2)c1
2617,2618,COc1ccc(C#N)cc1CS(=O)CC(C)C(=O)[O-]
2618,2619,O=C([O-])c1cc(c2ccc(OCC3CC[NH+](C4CCCC4)CC3)c(F)c2)cc(NC(=O)c2cc3ccccc3[nH]2)c1
2619,2620,COc1ccc(CC(=O)N2CCC3(CCCC3)CC2)cn1
2620,2621,Cc1cc(N2CCOCC2)ccc1C=Cc1ccc(N2CC[NH+](Cc3ccccc3)CC2)c(Cl)c1
2621,2622,Nc1ccc2c(c1)CCC(=O)N2Cc1nc2ccccc2[nH]1
2622,2623,O=C1CC(=Cc2ccc(O)cc2)C(=O)N1
2623,2624,CCCCc1nc(C2CC2C)sc1CO
2624,2625,Cc1cc(=O)oc2cc(OS(=O)(=O)c3ccc(C(F)(F)F)c([N+](=O)[O-])c3)ccc12
2625,2626,COc1ccc(CN2C3=[NH+]C(c4ccccc4)ON3C(c3cccc([N+](=O)[O-])c3)C23CCCCC3)cc1
2626,2627,CC(C)Cc1[nH]c(Br)nc1C(F)F
2627,2628,COc1ccc(OC)c(C=CC=NNC(=S)Nc2c(Cl)cccc2Cl)c1
2628,2629,Cn1c(C2CCC2)nnc1N1CCC(C2CC2)(C(N)=O)CC1
2629,2630,CCOC(=O)c1cn(c2cc(OC)cc(OC)c2)nn1
2630,2631,Cc1cc(N2CCC([NH+](C)C)C2)c(C(N)=S)c(C)[nH+]1
2631,2632,CC(C)Sc1nc(N)nc(Cc2cccs2)n1
2632,2633,CNc1cc(NCCCS(C)(=O)=O)nc(COC)n1
2633,2634,O=C(Cc1ccsc1)N(Cc1cccs1)C1CC1
2634,2635,Nc1cc(S(=O)(=O)NCc2cccs2)c(F)cc1F
2635,2636,N#Cc1c(=S)nc(C2=NCCCC2)n2[nH]c3c(c12)CCC3
2636,2637,Cc1ccc(OCCNC(=O)Cn2nc(C)c(Br)c2C)cc1
2637,2638,O=C(Nc1cc(N2CCCCC2)ncn1)C1CC[NH2+]CC1
2638,2639,CC(C)(C)C(=NOCc1ccc(Cl)cc1)C1CC[NH2+]CC1
2639,2640,COc1ccc(OCc2nnc(SCc3ccc(Cl)c(Cl)c3)n2N)cc1
2640,2641,O=C(NC1CCCC1)c1cc(Nc2ccc(Cl)c(C(F)(F)F)c2)ccn1
2641,2642,O=C(NCc1nc2ccccc2[nH]1)c1cn[nH]c1C1CCC1
2642,2643,CC1CC(C[NH3+])C[NH+]1CC(=O)N1CCOCC1
2643,2644,Fc1cccc(Nc2nccc(NCc3cccnc3)n2)c1
2644,2645,CC(OC(=O)COc1ccc(Oc2ccc([N+](=O)[O-])cc2)cc1)C(=O)NC1CCCCC1C
2645,2646,CC(C)(NS(=O)(=O)C(F)(F)F)C(C)(C)C(=O)[O-]
2646,2647,CC(C)=CC[NH+]1CCC2(CC1)OCC(C(=O)Nc1ccc(F)cc1)O2
2647,2648,COc1ccc(COc2ccc(c3nnc(c4ccccc4C)o3)cc2)cc1
2648,2649,O=C(NCCCl)c1ccc2c(c1)CC(=O)N2
2649,2650,CC(=O)NC(CC(=O)N1CCN(c2ccccc2F)CC1)c1ccc(Cl)cc1
2650,2651,CCCCN(C(=O)C(CC(C)C)NC(=O)OC(C)(C)C)C(C(=O)NCCCCC)c1cc(C)ccc1C
2651,2652,O=C([O-])c1c(C[NH+]2CCCCC2)c(c2ccccc2)c(c2ccccc2)c(c2ccccc2)c1c1ccccc1
2652,2653,CCOCCCNC(=O)COc1ccc2c(c1)OC(=Cc1cc(Br)ccc1O)C2=O
2653,2654,CC(C)c1ccc(CN(C)C(=O)CSc2ccccc2F)cc1
2654,2655,Cc1cc(C)nc(NC2=C(c3ccc(F)cc3)C(=O)N(c3cc(Cl)ccc3Cl)C2=O)n1
2655,2656,CC(=O)Nc1ccc(CNC(=O)CNc2cc(C)ccc2C)cc1
2656,2657,NC(=[NH2+])c1cc(NC(=O)CCC2CCCC2)c(F)cc1F
2657,2658,N#Cc1cccc(Nc2ccccc2NC2CCN(C(=O)[O-])CC2)c1
2658,2659,Cc1cc([N+](=O)[O-])cc(C)c1OC1CCCCC1CO
2659,2660,COc1ccc(C=C2C(=O)NC(=S)N(c3cccc(C)c3)C2=O)cc1
2660,2661,O=C(CCc1nc(c2ccsc2)no1)NCc1ccccc1Cl
2661,2662,COc1ccc(n2c(C)cc(C=NNC(=O)C(=O)NCc3ccco3)c2C)cc1Br
2662,2663,COc1cc(NC(=O)c2oc3ccc(Cl)cc3c2C)c(OC)cc1Cl
2663,2664,CCCCCC(C)NS(=O)(=O)c1cccc(F)c1C[NH3+]
2664,2665,O=C1NCC2(CCN(C(=O)COc3ccccc3Br)CC2)O1
2665,2666,C=C(NOC(=O)NCCCC)C1(CC)CC1
2666,2667,FC(F)c1nccc(I)c1OC(F)F
2667,2668,O=C(NCC1(CO)CCC1)c1ccccc1C#CCO
2668,2669,C=CCc1cn(CC(=O)N(CC(C)C)C(CC)CC)c2ccccc12
2669,2670,Cc1ccc(C(C[NH3+])N(C)C2CCCCCC2)cc1
2670,2671,N#CC(=Cc1ccc(N2CCCC2)cc1)C(=O)N1CCc2ccccc21
2671,2672,O=C(Nc1ccc(OCC(F)(F)F)c(C#CCCO)c1)C1CCCCS1(=O)=O
2672,2673,CC(C)(C)OC(=O)CC(C(=O)Oc1ccccc1)=C1SCCS1
2673,2674,CCC1CN(C(=O)CCc2ccc(S(=O)(=O)N3CCCCC3C)cc2)CCC1[NH3+]
2674,2675,COCC(O)CCNC(=O)C1CCSC1
2675,2676,CCC1C2CN(C(=O)C(C(C)(C)C)NC(=O)C3CCC(C(CC(C)C)NC(=O)OC)CC3)C(C(=O)NC)C(C)OC21
2676,2677,COC(=O)N1CCc2c(c(c3noc(C=Cc4ccc(c5cnc(C)nc5)cc4)n3)nn2CCC[NH+]2CCC(C)CC2)C1
2677,2678,CC(C)C(CCC[NH3+])[NH+]1CCN(CCC2CCC2)CC1
2678,2679,CC(C)C(NC(=O)c1ccc(Cl)cc1Cl)C(=O)OCc1cc(=O)oc2ccc3ccccc3c12
2679,2680,CC(C)Sc1nnc2c3ccccc3nc(Nc3ccc([N+](=O)[O-])cc3)n12
2680,2681,COc1cc(c2nnc(SCc3nc4ccccc4s3)o2)ccc1C
2681,2682,O=C(NCC1(O)C2C3CC4C5C3CC2C5C41)c1cccnc1NC1CC(F)(F)C1
2682,2683,O=C(C1=CN(c2ccccc2)c2ccccc2S1)N(Cc1cccs1)Cc1cccs1
2683,2684,CC(C)C[NH2+]CC1CCc2cc(O)ccc2C1
2684,2685,O=C(C1CCN(C(=O)c2ccco2)CC1)N1CCCC1
2685,2686,O=C1COc2ccc(C([NH3+])c3ccncc3)cc2N1
2686,2687,CS(=O)(=O)NCCNS(=O)(=O)c1cc(N)cc(F)c1
2687,2688,C=CC=C(C=CC=CC(C)=CC)c1noc2ccc(c3ccc(N4CC[NH+](C)CC4)cc3)nc12
2688,2689,COCCC(C)C([NH3+])C1CCC(C)C1
2689,2690,Cc1cc(N2CCC(n3nc(C)cc3C)C2)ncc1N
2690,2691,CSC1(C(=O)[O-])CCN(C(=O)CCC2CCCC2)C1
2691,2692,CCC(C)(CC)n1c(C2CC2)nc(c2ccc(SC)cc2)c1N
2692,2693,O=C([O-])C=Cc1cc(Cl)cc(Cl)c1
2693,2694,COc1ccccc1N1CC[NH+](Cn2nc(C(F)F)n(C)c2=S)CC1
2694,2695,COC(OC)c1ccc2c(Nc3ccc(OC)c(Cl)c3F)nc(Sc3cc(CC(C)C)ccn3)nc2c1
2695,2696,COC(=O)c1nnc2n1CC[NH+](CCC(=O)Nc1sc3c(c1C#N)CCCC3)C2
2696,2697,Cn1cccc1c1nc2cccc(C(=O)[O-])n2c1Cl
2697,2698,O=C(NN=Cc1cc(Br)ccc1O)c1ccc2nc[nH]c2c1
2698,2699,O=C(c1cnc2n[nH]nc2c1)c1cccc2c1Nc1ccccc1S2(=O)=O
2699,2700,CC(C)c1ccccc1OCC(=O)OCC(=O)N(C)Cc1ccccc1Cl
2700,2701,CC1CCCN(S(=O)(=O)c2ccc(NC(=O)CSC3=NS(=O)(=O)c4ccccc4N3)o2)C1
2701,2702,CC(C)(C)[Si](C)(C)OCCC1(C(=O)[O-])C2C=CC1C2
2702,2703,CCC(C)C(NC(=O)C(Cc1ccc(O)cc1)NC(=O)C([NH3+])CCCC[NH3+])C(=O)NC(CC(N)=O)C(=O)[O-]
2703,2704,Cn1c(=O)n(C)c2cc(c3cnc(C(O)c4ccc(c5cncnc5)cc4)nc3CO)ccc21
2704,2705,CNc1nc(Nc2ccc(N3CCCN3CCc3sccc3C)cc2)ncc1C(F)(F)F
2705,2706,O=C(Nc1cncc(C(=O)[O-])c1)Nc1nc2cc(C(F)(F)F)ccc2s1
2706,2707,COc1ccc(NCC(=O)NCc2ccc(C)cc2)cc1OC
2707,2708,CCOc1c(Cl)c(C)c2nc[nH]c2c1I
2708,2709,CC(=O)SC(C)C(C(=O)[O-])C(C[N+](=O)[O-])OS(C)(=O)=O
2709,2710,CSCCC(C)NS(=O)(=O)c1ccc(Cl)c(C(=O)[O-])c1Cl
2710,2711,CC(C)(C[NH3+])N1CCCN(C(=O)c2cn[nH]c2)CC1
2711,2712,COC(=O)C(SSC(C=O)CC(C)C)C(C)C
2712,2713,Cc1ccc(C2(C(=O)N3CCC([NH3+])C(C)C3)CCCCC2)cc1
2713,2714,C[NH2+]C(CC1CCCCC1)C1CN2CCN1CC2
2714,2715,C=CCN(CC(=O)Nc1nnc(SCC(=O)Nc2ccccc2F)s1)C(=O)Cc1cccs1
2715,2716,CCc1ccc(C2C(c3ccc(Cl)cc3)=C(O)C(=O)N2c2ccccc2C)cc1
2716,2717,CCC1(C)NC(=O)N(CC2(C)CCCS2)C1=O
2717,2718,[NH3+]C(CC(=O)c1ccccc1F)C(=O)[O-]
2718,2719,Nc1ccn(C2CC(CO)OC(N3CCOCC3)C2O)c1
2719,2720,CCc1ccc(N(C)C(=O)CSc2ccc(S(=O)(=O)N3CCCCC3)cc2)cc1
2720,2721,CC(C)CCNC(=O)c1cncc(C(=O)NCc2ccncc2)c1
2721,2722,CCC(C)N(CC(=O)[O-])C(=O)Cn1cc(C)cn1
2722,2723,COc1ccc(S(=O)(=O)N(Cc2ccccc2)c2ccccc2C(=O)NCCC[NH+]2CCOCC2)cc1OC
2723,2724,CCCCN(C)C(=O)c1oc(c2cccs2)nc1C
2724,2725,COc1ccccc1OCc1c(C(=O)NC(C)C)oc2ccccc12
2725,2726,CC(C)(C)[NH2+]CCc1ccc(F)c(S(=O)(=O)NCc2ccco2)c1
2726,2727,CC[NH2+]Cc1cccc(OCCc2cccs2)c1
2727,2728,CC1CN(c2nnc(C(F)(F)F)s2)CC(c2cccs2)C1
2728,2729,CC(OC(=O)c1cc(F)c(Cl)cc1Cl)C(=O)Nc1ccc(C(N)=O)cc1
2729,2730,CCC(C)[NH+]1CCN(C(=O)c2cn[nH]c2c2ccc(OC)cc2)CC1
2730,2731,COCCOCCOCCOCCOCCOc1ccc(C#Cc2ccc(OCC(O)COCCOCCOCCO)cc2)cc1
2731,2732,Cc1cc(OCCSc2ccccn2)ccc1C(C)C
2732,2733,Fc1ccccc1CNc1nccc(NCc2ccccc2)n1
2733,2734,CCC1C(=O)NC(=O)CN1S(=O)(=O)c1c[nH]c(C(=O)[O-])c1
2734,2735,CC1CC(C(C)(C)C)C(c2ccc(c3cc(C(F)(F)F)nn3C)cc2)C1
2735,2736,CCCCC(NC(C)=O)C(=O)NC(CC(C)C)C(=O)NC(C(=O)NC(Cc1ccccc1)C(=O)[O-])C(C)O
2736,2737,CC(C)Cn1nc(CC(C)C)cc1C(=O)NN
2737,2738,C=CCOC(=O)COCC(=O)NC1CCN(C(=O)COc2ccccc2OC)CC1
2738,2739,C[NH2+]C(C)c1cccn1CC1CN(C)CC[NH+]1C
2739,2740,COc1ccccc1CC(=O)N1CCC(Cc2n[nH]c(=O)n2C)CC1
2740,2741,Cc1ccc(CN(C(=O)CN(c2ccc(C)c(C)c2)S(=O)(=O)c2ccccc2)C(Cc2ccccc2)C(=O)NC(C)C)cc1
2741,2742,CC1CC1CNc1ccc([N+](=O)[O-])cc1C(=O)[O-]
2742,2743,CCC(C)NC(=O)c1cc(NC(=O)C[NH+]2CCC(C(=O)NCCC(=O)Nc3ccc(NC(=O)c4ccc(Cl)cc4)c(C)c3)CC2)ccc1Cl
2743,2744,Cc1cc(C)cc(C(=O)N(C)CC(C)C(N)=[NH+]O)c1
2744,2745,CCCCN(CCC(=O)OC)C(=O)c1cc(Br)ccc1O
2745,2746,Cc1cc(C#N)nc(c2ccccc2I)n1
2746,2747,Fc1ccc(Nc2nc(Cl)nc3[nH]ncc23)cc1
2747,2748,CCc1cccc2ccn(CC3CC[NH2+]C3)c12
2748,2749,CC(C)CNC(=O)CNS(=O)(=O)c1c(N)cc(Cl)cc1Cl
2749,2750,NC(=[NH2+])c1cncc(F)c1
2750,2751,O=C(CCC1CCCCC1)Nc1nc2ccc(N3CCCC3=O)cc2s1
2751,2752,CCC1CCN(c2snc(N)c2SC)C1
2752,2753,COc1ccccc1NC(=O)C1CC[NH+](C(C)C(=O)Nc2cccc(C(=O)N3CCC(C)CC3)c2C)CC1
2753,2754,N#Cc1c(F)ccc(S(=O)(=O)N2CC(F)C2)c1F
2754,2755,CC1CC(C(=O)N2CCCC2c2ccc3c(c2)OCO3)CC(C)O1
2755,2756,CCCCC(NC(=O)C(CO)NC(=O)C(NC(=O)C(CC(C)C)[NH2+]C)C(C)C)C(=O)[O-]
2756,2757,O=C1CC2(CCN(c3ccc(F)cn3)CC2)N1
2757,2758,Cc1nc(NS(=O)(=O)c2ccccc2C#N)ccc1Br
2758,2759,CC1C2CC3(O[Si](C)C)CC(CC2)C1C31SCCCS1
2759,2760,COc1cccc(C(C)NC(=O)C2C[NH2+]CC2C)c1
2760,2761,Cc1ccc(C2=C([NH+]3CCC(C)CC3)C(=O)N(Cc3ccco3)C2=O)c(C)c1
2761,2762,O=C(NC(Cc1c[nH]c2ccccc12)C(=O)[O-])c1cc(O)ccc1Cl
2762,2763,Cc1ccc(S(=O)(=O)Nc2ccc(S(=O)(=O)NC(=O)c3cccc4c(N(C)C)ccnc34)cc2)cc1
2763,2764,N#Cc1cccnc1NCCNC(=O)C1CC1
2764,2765,CC1CCC(C)C(Nc2cc(C#N)c([N+](=O)[O-])cn2)C1
2765,2766,O=C(c1ccc(C(F)(F)F)cc1)N1CCC(C(OCc2ccccc2F)c2ccc(Cl)cc2)CC1
2766,2767,Nc1cncnc1n1ccc(C(F)(F)F)n1
2767,2768,Cc1ccc(C(OC2CC(=O)N(c3ccccc3)C2=O)C2=Cc3ccccc3CC2)cc1
2768,2769,COCCN(CC(=O)N(Cc1cccn1Cc1ccccc1C)CC(C)C)C(=O)Nc1ccccc1OC
2769,2770,CCCc1nnc(SCc2ccc(C(=O)OCC)o2)n1N=Cc1cccc(OCC)c1O
2770,2771,CCOCCCNC(=O)C(C#N)=C[NH+](CC)CC
2771,2772,CC1CN(C(=O)C2(C)CCC[NH2+]2)CCC1O
2772,2773,COCCNC(=O)c1c(NS(=O)(=O)c2cccc(Cl)c2Cl)sc2c1CCCC2
2773,2774,O=C(OCc1nc2ccccc2n1Cc1ccccc1F)c1cc([N+](=O)[O-])ccc1N1CCCC1
2774,2775,O=C(COc1ccccc1F)Nc1ccc(N2CCN(C(=O)c3ccco3)CC2)cc1
2775,2776,[NH3+]CC1(C(O)c2cccc(O)c2)CCOCC1
2776,2777,CC(C)C(C(=O)NC(Cc1ccccc1)C(=O)NC(Cc1ccccc1)C(=O)[O-])N1C(=O)C2C3C=CC(C3)C2C1=O
2777,2778,CCOC(=O)C1(CCOc2ccc(F)cc2F)CC1
2778,2779,CC1CCC(CO)(NS(=O)(=O)c2cc(Cl)cc(N)c2F)CC1
2779,2780,CCC(C)C([NH2+]C)c1cc(C)nc2cnccc12
2780,2781,CCOC(CC[NH2+]C(C)C(=O)OC)OCC
2781,2782,CCCc1cc(C[NH2+]C(C)(C)C)ccc1OC
2782,2783,CC(S)C(=O)NC(C)C(=O)OC(C)(C)C
2783,2784,Cc1cc(C)cc(NC(=O)N2CCC(NC(=O)c3ccc(C)c(C)c3)CC2)c1
2784,2785,C[NH2+]C(Cc1nc2ccccc2s1)c1ccccn1
2785,2786,CCOC(=O)c1c(NC(=O)COc2ccc(Cl)cc2Cl)sc2c1CCCCC2
2786,2787,COc1ccc(C#N)cc1COC(=O)c1cc(Br)ccc1I
2787,2788,Cc1cc(C)cc(C(C(=O)Nc2c(C)cccc2C)N(CCO)C(=O)C(CO)NC(=O)OC(C)(C)C)c1
2788,2789,CCCCCNC(=O)C1CN(c2ncc(OC)cn2)C1
2789,2790,COc1cc(NC(=O)C2(c3cccc(C)c3)CC2)c(OC)cc1Cl
2790,2791,COCCN(CC[NH3+])C(=O)c1ccccc1SCC(=O)NC(C)C
2791,2792,CCCCN(CCCC)S(=O)(=O)c1ccc(C(=O)Nc2cc(S(=O)(=O)N3CCOCC3)ccc2C)cc1
2792,2793,COc1ccccc1C(=O)N1CCC2(CC1)N=C(SCC(=O)Nc1nc(C)cs1)C(NC(C)=O)=[NH+]2
2793,2794,Fc1ccc(COc2c(Cl)c(Cl)c(Cl)c(Cl)c2Cl)cc1Cl
2794,2795,NNc1nc(c2ccccn2)nc2c1COCC2
2795,2796,Cc1cc(F)ccc1CC([NH3+])C(C)C
2796,2797,CCc1cccc(NC(=O)NC2C3CCC(C3)C2C(=O)[O-])c1
2797,2798,COc1ccc(C[NH2+]C2CCC(C(=O)[O-])CC2)cc1O
2798,2799,O=C([O-])NCC1CCC(c2cc(C(F)(F)F)c3c(=O)n(c4ccc(C(F)(F)F)cn4)[nH]c3n2)N1
2799,2800,NNc1ncnc(NCc2ccc(F)cc2)c1Br
2800,2801,CCOP(=S)(OCC)SCc1oc2ccccc2c1OC
2801,2802,Cc1c(C)c(C2(C)CC2)c(I)c(C2(C)Nc3ccccc3C2)c1C(C)C
2802,2803,CCOC(=O)c1sc(N)c(C#N)c1COC(=O)COc1cccc(C)c1
2803,2804,CCc1cnc(N2CCC(CNC(=O)C3CC[NH2+]C3)CC2)nc1
2804,2805,O=C(Nc1ccc(Cl)c(Cl)c1)c1cc(NCc2ccccc2F)ncn1
2805,2806,COc1c(O)cc(c2cc(N)ccc2C)c(C(C)C)c1OC
2806,2807,O=C(NCCc1ccccc1)c1cccc(NC(=O)c2ccccc2I)c1
2807,2808,CCCC[NH+](CC)CC(=O)c1ccccc1OC
2808,2809,CC(C)(C)C(Oc1ccc(Cl)cc1O)(C(=O)[O-])C(=O)[O-]
2809,2810,Cc1nc(N(C)C)ncc1C(=O)N1CCC(OC2CCCC2)CC1
2810,2811,Cc1cccc2c(=O)n(CC(=O)Nc3cccc(C(F)(F)F)c3)cnc12
2811,2812,COc1cc(OC)c(c2nc(NC(=O)c3cccc(C#N)c3)sc2C)cc1Cl
2812,2813,NC(N)=[NH+]N=CC=Cc1ccc(COc2ccc(S(=O)(=O)[O-])cc2)cc1
2813,2814,C[NH2+]CC1CCC1c1cncc2ccccc12
2814,2815,CCc1[nH+]ccn1c1ccc(CBr)cc1F
2815,2816,COc1ccc(S(=O)(=O)NC2CCCCC2C[NH3+])cc1OC
2816,2817,[NH3+]C(c1ccc2c(c1)CCCO2)C1CCOCC1
2817,2818,Cc1c(C)n(Cc2ccc(F)cc2)c2ncnc(N3CCC(Cc4ccccc4)CC3)c12
2818,2819,Cc1c(O)ccc2c(C)cc(=O)oc12
2819,2820,CC(C)c1ccccc1Nc1nc(Nc2ccc(CC[NH3+])cc2)ncc1Cl
2820,2821,CCOC(=O)C(C)NC(=O)c1ccc(n2cc(c3cc4ccccc4o3)nn2)cc1
2821,2822,O=C(CCc1ccccc1)NC1C(=O)N2C(C(=O)O)=C(C=CC3(C=C4CCOCC4)SCCS3)CSC12
2822,2823,N#Cc1ccc(OCc2ccccc2)c2c(CBr)cccc21
2823,2824,COc1ccccc1CNC(=O)CSC(C)C(=O)Nc1ccc(F)cc1
2824,2825,O=C(COc1ccccc1[N+](=O)[O-])NC1(CO)CCCCC1
2825,2826,CCC(C)OC(=O)c1ccccc1NC1=[NH+]C(=O)C(=Cc2cccc(OC)c2OCc2ccccc2C#N)S1
2826,2827,CCc1oc(C(=O)NCc2c(C)noc2C)cc1C(=O)[O-]
2827,2828,O=C(NCc1ncn[nH]1)C1(Cc2ccc(Br)cc2)N=C(c2ccc(OCCCO)cc2)OC1c1ccccc1N=[N+]=[N-]
2828,2829,CC(C)CN(CC[NH+](C)C)C(=O)NC1CC(C)(C)Oc2ccc(OC)cc21
2829,2830,COc1ccccc1CNC(=O)c1ccnc(C(=O)Nc2cccc(F)c2)c1
2830,2831,Cc1cc(C)c2c(c1)C(Nc1ccccc1)C(=O)C(=O)N2CCc1c[nH]c2ccccc12
2831,2832,C=CCNc1cc(C(=O)Nc2ccccc2OC)ncn1
2832,2833,COCCOCCOCCOc1ccc([N+](=O)[O-])c(C=O)c1
2833,2834,CC(C)C(C)C(O[Si])([SiH](C)CC(C)(C)C)[SiH](O[Si]C)O[Si](C)(C)CC(C)CC(C)C
2834,2835,Nc1ccc(CC2CCC[NH2+]C2)cc1
2835,2836,C=CCN(C(=O)C1C2CCC3(S2)C1C(=O)N(C(CO)C(C)CC)C3C(=O)N(CC=C)c1ccc2ccccc2c1)c1ccccc1
2836,2837,CCOc1ccc(N)cc1C[NH+](C)C1CCCN(C)C1
2837,2838,O=C(c1cc2ccc(F)cc2s1)N1CCC2(CCCCCC2)C1
2838,2839,O=C(CCCn1c(=O)oc2ccccc21)N1CCn2c(cc3ccccc32)C1
2839,2840,CCOc1ccc2c(c1)C[NH+](CC(=O)Nc1ccc(OC)c(OC)c1)CC2
2840,2841,CC(C)NC(=O)C[NH2+]Cc1nncn1C
2841,2842,CSCCC(NC(=O)C(Cc1c[nH]c2ccccc12)NC(=O)C([NH3+])C(C)C)C(=O)NC(CC(N)=O)C(=O)[O-]
2842,2843,Cn1ccnc1C[NH2+]C1CCC1
2843,2844,COC(=O)C1=C(C)N(c2ccc(Cl)cc2)C(=S)NC1c1ccccc1OC
2844,2845,CC(C)(Cn1c(CCl)nc2c(Cl)cccc21)C(N)=O
2845,2846,CCC1COCCN1C(=O)N(CCC(=O)[O-])C1CC1
2846,2847,N#Cc1ccc(Cl)c(NC(=O)CCc2ccc(OC(F)F)cc2)c1
2847,2848,CCOc1ncc(c2ccc(O)c(O)c2)cc1C1=C([O-])C2(CO1)C(C)C1C(=O)N(c3ccc(Oc4ccccc4)cc3)C(=O)C21
2848,2849,O=C(c1cnccn1)N1CCCCO1
2849,2850,C=CC=C(C(C)=O)c1ccccc1c1ccccc1
2850,2851,CCCNC(=O)C(C)[NH2+]C1CCOC(CC)(CC)C1
2851,2852,Cc1c(NC(=O)C(C)[NH+]2CCC(C(=O)NC(C)C(=O)Nc3ccc(NC(=O)c4ccccc4F)c(Cl)c3)CC2)cccc1C(=O)Nc1c(F)cccc1F
2852,2853,COc1ccc(NC(=O)N2CCc3c([nH]c4ccccc34)C2C(=O)NC2CCCCC2)cc1Cl
2853,2854,CCOc1ccc(C=C(C#N)c2nc3cc(Cl)ccc3o2)cc1OC
2854,2855,O=C([O-])c1cc(Br)ccc1NCc1ccc(F)cc1
2855,2856,COC(=O)c1ccc2cnn(CC3CC[NH+]4CCCC34)c2c1
2856,2857,O=C(NC(c1ccccc1)c1cccs1)c1cnc2ccccc2c1
2857,2858,CCC(C(=O)[O-])(c1ccc(Oc2ccccc2)cc1)c1ccc(N2CCC(C(C)(C)C)CC2)cc1
2858,2859,CCCC[NH2+]CC1OC(n2cnc3c(N)ncnc32)C(O)C1O
2859,2860,O=C(NCCC(=O)N1CCSc2ccccc21)c1cc(C2CC2)nc2ccccc12
2860,2861,O=C([O-])C(c1ccccc1)[NH+]1CCN(C(=S)Nc2ccc(F)c([N+](=O)[O-])c2)CC1
2861,2862,O=C(C1=CN(C2CCOC2)c2ccccc2N1)c1ccc(Br)cc1
2862,2863,O=C(Cc1cccs1)Nc1ccc(CNC(=O)c2ccc(I)c(O)c2)cc1
2863,2864,O=NN(c1ccc([N+](=O)[O-])cc1)c1ccc([N+](=O)[O-])cc1
2864,2865,COC(=O)C([NH3+])CCc1cccc(Br)c1
2865,2866,Cc1ncccc1C(=O)NC(C)(CC(=O)[O-])C(C)C
2866,2867,O=C(NCCC(=O)N1CCC(C2CCOC2)CC1)c1cn(Cc2ccccc2)nn1
2867,2868,CC1Cc2ccccc2N1C(=O)C1CCC[NH+](CCc2c[nH]c3ccccc23)C1
2868,2869,O=C1N(Cc2ccccc2)C(Cc2ccccc2)CN1Cc1c(c2ccccc2)nc2ccccn12
2869,2870,Cc1cc(C)c(C(C[NH3+])CO)c(c2cccs2)c1
2870,2871,Cc1nc2c(c(C)c1CCC(=O)N1CCOCC1)c(=O)[nH]n2C
2871,2872,O=C(C[NH+]1CCCN(C(=O)c2csc(Br)c2)CC1)Nc1nccs1
2872,2873,CCc1ccc(NS(=O)(=O)c2cccc(C(=O)N3CCC(Oc4ccc(C)nn4)CC3)c2)cc1
2873,2874,COCCNC(=O)c1ccc(C[NH+](Cc2ccccc2)Cc2cccc(NC(=O)c3ccccc3C)c2)cc1
2874,2875,Cc1nnc(C[NH+]2CCCC3(CCCCc4ccccc4OCCCN(C)C3=O)C2)o1
2875,2876,C[NH2+]C(Cc1c[nH+]ccc1N)c1sccc1Br
2876,2877,COC(=O)c1c(C)nn2c(C)cc(C)nc12
2877,2878,CSc1ccc(CNc2ccc(c3nc4ccccc4s3)cn2)cc1
2878,2879,O=C(Nc1ccc(I)cc1Cl)N1CC[NH+](Cc2ccc(Cl)cc2)CC1
2879,2880,Cc1ccc(S(=O)(=O)N2CC(C3=CC=CC3)Oc3ccc(NS(=O)(=O)c4ccc5c(c4)OCCO5)cc32)cc1
2880,2881,Cn1ncc(C(=O)Nc2cccc(NC(=O)OC(C)(C)C)c2)c1N
2881,2882,O=C(CC(F)(F)F)NC1(C(=O)[O-])CCC1
2882,2883,O=C(Nc1cccc(C(=O)N2CCCCC2C(=O)[O-])c1)c1ccccc1F
2883,2884,CCn1c(=O)n(C)c(=O)c2[nH]c(c3cccc(CNS(=O)(=O)c4cccc5cccnc45)c3)nc21
2884,2885,[NH3+]C(c1ccccc1)(c1ncc(I)s1)C1CC1
2885,2886,[NH3+]C(Cc1ccccc1)C(=O)NC(CO)C(=O)NC(Cc1c[nH]c2ccccc12)C(=O)NC(Cc1ccccc1)C(=O)NC(CC(=O)[O-])C(=O)NC(CO)C(=O)[O-]
2886,2887,CC(C)n1ncc2cc(C(=O)N3CCCC(Oc4ncc(Cl)cn4)C3)cnc21
2887,2888,O=C(c1ccc(c2cnc(N3CCOCC3)nc2)cc1)N1CCC(Oc2ccccc2)CC1
2888,2889,CC[NH2+]C(CCCC(C)C)c1cc(C)c(OC)cc1C
2889,2890,Cc1ccc(COc2ccc(C(=O)OC(C)C(=O)Nc3cc(C(C)(C)C)no3)cc2)cc1
2890,2891,Cc1ccc(C=C2Oc3c(ccc(OC(=O)C(C)(C)C)c3C)C2=O)o1
2891,2892,Cn1nc(c2ccoc2)nc1C(=O)Nc1cnn(Cc2ccccn2)c1
2892,2893,C=CC(=O)Nc1ccc(CNC(=O)COc2ccc(Cl)cc2)cc1
2893,2894,O=C([O-])c1ccc2c(c1)C[NH+](Cc1ccsc1)CC2
2894,2895,CCCCNc1nccn1Cc1cncn1C
2895,2896,Cc1nc(NC2CC[NH2+]CC2)cc(N2CCOC(C#N)C2)n1
2896,2897,O=c1[nH]c(=S)[nH]c2c1C[NH+](Cc1cc([N+](=O)[O-])ccc1[O-])CC2
2897,2898,O=C(Cn1nnc(c2ccsc2)n1)Nc1nc(c2cccc([N+](=O)[O-])c2)cs1
2898,2899,CC(C)CC(NC(=O)CNC(=O)C[NH3+])C(=O)NC(CCC[NH+]=C(N)N)C(=O)[O-]
2899,2900,CCC1(n2nncc2CC2CCC2)CCC1
2900,2901,Cn1ccnc1C(NC(=O)N1CCC(Cc2nc(=O)[nH][nH]2)CC1)c1ccccc1
2901,2902,CNc1nc(N2CC[NH+](C)CC2)ncc1Br
2902,2903,O=C(NN=Cc1cc(Br)ccc1O)c1cccc(OCc2ccccc2Cl)c1
2903,2904,CC(OC(=O)c1cc2ccccc2cc1O)C(=O)N1CCc2ccccc21
2904,2905,CC(C)C(NC(=O)Cc1ccc2ccccc2c1)C(=O)NCc1ccccn1
2905,2906,CC(=O)OC1C(CO)OC(n2cnc3c(NC(=O)c4ccccc4)ncnc32)C1OC(C)=O
2906,2907,CC(C)CC(C=O)n1cccn1
2907,2908,CC(C)(C)c1n[nH]c(C2CCCN2C(=O)[O-])n1
2908,2909,CC1(C(=O)Nc2cc(Cl)ccc2Br)CC1
2909,2910,COc1cc(Br)ccc1C(=O)CCc1ccccn1
2910,2911,COc1ccc(Br)c2oc(CC#N)nc12
2911,2912,NC(=[NH+]O)C1(C(=O)NCCC2CCCO2)CCCCCC1
2912,2913,COc1ccccc1C(=O)Nc1ccn(Cc2ccc(Cl)c(Cl)c2)n1
2913,2914,CC(C)=CC[NH+]1CCC(C)(O)CC1
2914,2915,O=C([O-])C1CC(n2cnc3c(NCC(c4ccccc4)c4ccccc4)ncnc32)C(O)C1O
2915,2916,CCCCCCC(CCCC)OS(=O)(=O)C(F)(F)C(F)(F)C(F)(F)C(F)(F)C(F)(F)C(F)(F)C(F)(F)C(F)F
2916,2917,CC(C)CC1C(=O)Nc2cc(c3ccncc3)ccc2N1C(=O)c1ccccc1
2917,2918,CC(C)c1nc(C(=O)NC(C)c2ccncc2F)n[nH]1
2918,2919,Cc1c(NC(=O)C(C)[NH+]2CCC(C(=O)NC(C)C(=O)Nc3cccc(C(=O)Nc4cc(F)ccc4F)c3)CC2)cccc1C(=O)N(C)C
2919,2920,CC[NH2+]C(c1cc(C)cc(C)c1)c1cccc(Cl)c1C
2920,2921,CCCCCCCOc1ccc(C2Oc3ccc(c4ccc(C)cc4)cc3CC2C)cc1
2921,2922,Cc1ccc(n2nc(C(=O)N3CC[NH+]4CCCCC4C3)c([O-])cc2=O)cc1Cl
2922,2923,O=C([O-])C(C1COC1)[NH+]1CCN(CCO)CC1
2923,2924,CC(C)N(Cc1ccccc1Cl)C(=O)c1cccc(S(=O)(=O)NCc2ccccc2)c1
2924,2925,CC(C)CC(Nc1ncccc1C#N)C(=O)N1CCC(O)C1
2925,2926,O=C1NC(SCCCO)=CC(c2ccccc2)N1
2926,2927,O=C(Nc1ccccc1)c1cc(=O)c2cc(Br)ccc2o1
2927,2928,[NH3+]CCCc1ncc(c2cccc(F)c2F)o1
2928,2929,CCn1c(=O)c(C)nc2cc(C(=O)Nc3ccc(C(C)C)cc3)ccc21
2929,2930,N#Cc1n[nH]nc1N1CCN(c2ncc(Br)cn2)CC1
2930,2931,O=C(c1ccc(I)cc1)c1cnc[nH]1
2931,2932,Cc1ccc2c(c1)CCCN2CC1CC[NH2+]CC1
2932,2933,CC(=O)Nc1cc(NC(=O)CCNC(=O)C2CC[NH+](C(C)C(=O)Nc3cc(C(=O)NCC(C)C)ccc3C)CC2)ccc1F
2933,2934,CC(C)(C)NC(=O)c1cccc(OCc2nc(C(=O)NCc3ccc4c(c3)OCO4)co2)c1
2934,2935,CNc1nc(CC(C)C)nc(C2CCCCC2)c1I
2935,2936,CC(C)=CCc1c(N(C)C)cc(N)c(N)c1N
2936,2937,Cc1cc(NC(=O)C(C)(C)O)nn1Cc1ccccc1Cl
2937,2938,O=C(Nc1cccc(c2nccs2)c1)c1ccc(Br)o1
2938,2939,COc1cc(NC2=[NH+]CCCS2)ccc1C(=O)[O-]
2939,2940,Cc1ccc2c(c1)CCCN2CC(=O)NCc1ccc(C(=O)[O-])cc1
2940,2941,CCOC(=O)C1=C(C)N=c2sc(=Cc3cc(C)n(c4ccc(C(=O)OCC)cc4)c3C)c(=O)n2C1c1cc(OC)c(OC)c(OC)c1
2941,2942,CC(C)CC(=O)N(CC[NH3+])C1CC1
2942,2943,COc1cc(c2nc3n(n2)C(O)C(c2cccc(C)c2)NC3=O)cnc1OC
2943,2944,CCOC(=O)C(C(=O)OCC)c1cc(C)cc(OC(F)(F)F)c1
2944,2945,CC(c1nc2ccccc2c(=O)n1c1ccc(Cl)cc1)N(C)C(=O)c1ccc(S(=O)(=O)Nc2ccc(Cl)cc2)cc1
2945,2946,Cc1onc(c2ccccc2Cl)c1C(=O)Nc1ccc2c(c1)C(=O)N(Cc1ccco1)C2=O
2946,2947,C=CC=CC(=CC=C)n1c(C#N)ccc1c1ccc2c(c1)C1(CC[NH+](CC)CC1)c1cc(c3ccc(C)nc3)ccc1-2
2947,2948,CC(=O)c1ccccc1NC(=O)C(C)Sc1nc2ccccc2s1
2948,2949,CC1SCCN(C(=O)c2ccc(C(N)=[NH+]O)cn2)C1C
2949,2950,COC(=O)C(C)CN(Cc1ccccc1)C(=O)Nc1cc(OC)ccc1OC
2950,2951,CC(CCC=O)c1ccc(n2ncc3c(c4ccn[nH]4)nc(N4CCCCC4)nc32)cc1
2951,2952,CCOC(=O)c1c(C)[nH]c(C(=O)COc2cc(Cl)ccc2Cl)c1C
2952,2953,O=C([O-])c1ccc(C[NH+]2CCN(CCO)CC2)cc1
2953,2954,CC1CCCN(S(=O)(=O)c2ccsc2CCl)CC1
2954,2955,CCCCCc1ccc(c2ccc(C(C)(F)C(=O)[O-])cc2)cc1
2955,2956,O=Cc1ccc(C(=O)OCCCc2ccccc2)cc1
2956,2957,Cc1nn(c2ccccc2)c(C)c1CNC(=O)C[NH+]1CCN2C(=O)NCC2C1
2957,2958,CS(=O)(=O)Nc1ccc(C(=O)NCCc2ccc3c(c2)CCO3)cc1
2958,2959,O=C([O-])CCCCCNC(=O)CCCOc1ccc2c(c1)CCC(=O)N2
2959,2960,COC(=O)c1cnc(N2CCCC(c3[nH+]ccn3CC3CCCCN3C(=O)OC(C)(C)C)C2)cn1
2960,2961,O=C(C=Cc1cn(c2ccccc2)nc1c1cccnc1)Nc1ccccc1c1nc2ncccc2[nH]1
2961,2962,CC(C)c1nn(C)c2[nH+]cc(C[NH3+])c(N3CCOC(c4ccc(F)cc4)C3)c12
2962,2963,O=C(NCC[NH+]1CCCCC1)c1ccnc(C(=O)NC2CCCCC2)c1
2963,2964,Cn1cnnc1CNC(=O)C1CCN(S(C)(=O)=O)CC1
2964,2965,CC(C)(C)c1ccc(S(=O)(=O)CCO)cc1
2965,2966,CC(=O)OCC1OC(OC2C(OC(C)=O)OC(COC(C)=O)C(OC(C)=O)C2OC(C)=O)C(OC(C)=O)C(OC(C)=O)C1OC(C)=O
2966,2967,O=C([O-])CC1COC(=O)N1CC1COCCO1
2967,2968,O=C([O-])CC(CC(=O)NC1CC1)Cc1ccccc1
2968,2969,O=C1NC(=O)C2Cc3ccccc3C2N1C1CC[NH+](C2CCCC2)CC1
2969,2970,CCC(C)[NH+]1Cc2cnn(Cc3cnccn3)c2C1
2970,2971,CC(=O)OCC1OC(Sc2ccccc2)C(OC(C)=O)C(N=[N+]=[N-])C1OC(C)=O
2971,2972,O=S1(=O)c2ccccc2S(=O)(=O)C12C(c1ccccc1)C2c1ccccc1
2972,2973,CC(C)C(C)(O)CNC(=O)C1CCCCCC1
2973,2974,COC(=NNc1ccc([N+](=O)[O-])cc1)C(=O)OC(C)(C)C
2974,2975,COC(=O)c1ccc(C=CC(=O)N(Cc2ccc(F)cc2)C2CCCCC2)cc1
2975,2976,C=CCOc1ccc(C=NNC(=O)CSc2nc(C)cc(C)n2)cc1OC
2976,2977,N#Cc1ccc(NCCC(=O)Nc2ccccc2N2CCCC2)cc1
2977,2978,CSc1ccccc1NC(=O)N(C)CC(C)CO
2978,2979,CC(C)c1nnc(N2CC3CCCC(C2)[NH+]3C)s1
2979,2980,Cn1ccc(C2CC[NH+](Cc3ccc(C(F)F)cc3)CC2)n1
2980,2981,COCC[NH+]1CCN(C(=O)C(Sc2ccccc2)c2ccccc2)CC1
2981,2982,CC(CC(=O)N1CC2C(C1)C2(Cl)Cl)c1ccccc1
2982,2983,CC1CCCC([NH2+]C2CCCc3sccc32)C1
2983,2984,Cn1nnnc1SCc1ccc(Br)cc1Cl
2984,2985,N#Cc1ccnc(c2ccc3[nH]c(=O)oc3c2)c1F
2985,2986,CCn1nc(c2ccc(c3ccc(CO)o3)cc2)n(c2cccc(c3ccccn3)c2)c1=O
2986,2987,CCC(=O)N1CCCN(C(=O)C=Cc2ccc(F)cc2)CC1
2987,2988,Cc1cc(C)n(c2cc(N3CCN(S(=O)(=O)c4c(Cl)cccc4Cl)CC3)ncn2)n1
2988,2989,CCS(=O)(=O)N1CCC(C(=O)NCc2cc(C(F)(F)F)cc(C(F)(F)F)c2)(C2CCC(C(F)(F)F)CC2)C1
2989,2990,CCOC(=O)c1c(NC(=O)C(C#N)=Cc2ccc(OCc3ccc(Br)cc3)c(OC)c2)sc2c1CCCC2
2990,2991,CC(C)(C)C1CN(c2c(F)cc(F)cc2Br)CCN1C(=O)[O-]
2991,2992,CCOc1ccc2cc(CC)c(C(=O)N3CCc4[nH]c5ccccc5c4C3)c(CC)c2c1
2992,2993,CC(C)(C)N(C(=O)[O-])C(Cc1ccccc1)C(=O)Nc1ccc(S(=O)(=O)[N-]c2ncccn2)cc1
2993,2994,CC(C)c1nc(C2CCCN(S(=O)(=O)CCc3ccccc3)C2)no1
2994,2995,CC(=O)N(CCC(=O)Nc1ccc(C)cc1C)Cc1ccco1
2995,2996,COc1ccc(NC(=S)Nc2nc(c3ccccc3OC)cs2)cc1
2996,2997,[NH3+]CCc1ccc2oc(COc3cccc(C(F)(F)F)c3)nc2c1
2997,2998,Cc1ccc(C2C[NH2+]CC2C)c(Cl)c1
2998,2999,O=C1NCCCCC1[NH+]1CCCCC1CCO
2999,3000,Cc1ccc(n2cncc2C([NH3+])(C(=O)[O-])C(C)C)cc1
3000,3001,N#CC(=Cc1csc([N+](=O)[O-])c1)C(=O)Nc1ccccc1[N+](=O)[O-]
3001,3002,CC(C)c1noc(C(C)[NH+]2CCCC2C(N)=O)n1
3002,3003,C=CCNc1oc(c2cc(OC)cc(OC)c2)nc1C#N
3003,3004,Cc1ccc(n2nnc(C#N)c2c2ccccc2O)cc1
3004,3005,COCCOCCOCCOCCOCCOCCOCCOCCOCCOC
3005,3006,C=CCCCN(C)C(=O)NC(CC(=O)[O-])C1CC1
3006,3007,CCOc1cc(N)nc(CC(F)F)n1
3007,3008,Cc1ccc(C(Nc2ccccc2C#N)c2ccccc2)cc1
3008,3009,O=C(c1ccc(Cl)nc1)C1C2CCCCC21
3009,3010,CCn1nc(C(=O)NC2(C(=O)[O-])CCSC2)c(=O)c2ccccc21
3010,3011,CCOC(=O)CC1C(=O)NCC(=O)N1CC(=O)N1CCCC1
3011,3012,COc1c(C)cnc(CN(C)C(=O)C2=NN(c3cc(C)ccc3OC)C(=O)CC2)c1C
3012,3013,COc1ccccc1OCCn1ccc2c(N3CCN(c4ccc([N+](=O)[O-])cc4)CC3)ncnc21
3013,3014,O=C(Nc1ccnn1Cc1ccccn1)c1cscn1
3014,3015,CC1CCc2[nH]nc(N)c2C1
3015,3016,CC(C)n1ccn(CC(=O)NCC2CCCO2)c1=O
3016,3017,CCOC(CNC(=O)c1ccc(N)c(I)c1)OCC
3017,3018,COc1cc(OC)cc(c2c(c3ccc(F)cc3)nc(N)nc2c2cccnc2)c1
3018,3019,CC1CCN(c2ccc(NC(=O)c3cc(c4ccc(Cl)c(Cl)c4)on3)cc2)CC1
3019,3020,Cc1ccc(C(C)(C)c2ccc(O)cc2)cc1
3020,3021,Cc1cc(Cl)nc(NC(=O)NS(=O)(=O)C2CC2)c1
3021,3022,CC(CC(=O)[O-])S(=O)(=O)CC1CCOCC1
3022,3023,[NH3+]C1CCC(NC(=O)c2c[nH]c(=O)n(c3ccc(C(F)(F)F)c(Cl)c3)c2=O)CC1
3023,3024,CC(Sc1nnc(C(F)F)n1N)C(=O)N1CCCC1
3024,3025,NC(=[NH+]O)C(NC(=O)c1c(F)cc(F)cc1F)C1CC1
3025,3026,COC(=O)c1c(OC)c(n2cc(C#N)c3cccc(O)c32)c(c2ccc(Cl)cc2)n[n+]1[O-]
3026,3027,CC(C)COc1ccc(C(=O)NC(=S)Nc2ccc(N(C)C)cc2)cc1
3027,3028,CCC(=O)N1CCN(C(=O)C2CCN(S(=O)(=O)c3cc(c4ccon4)sc3C)CC2)CC1
3028,3029,COc1ccc(c2csc(NC(=O)CSc3cccc(NC(=O)C(=Cc4ccc(F)cc4)NC(=O)c4ccccc4)c3)n2)cc1OC
3029,3030,COc1ccc(C=C2SC(=S)N(CC(=O)N3CCN(c4cccc(C)c4C)CC3)C2=O)cc1
3030,3031,CC(C)(C)[Si](C)(C)OC1(C(=O)Cc2ccccc2)CCC2C3CC=C4CC(OC5OCC(O[Si](c5ccccc5)(c6ccccc6)c6ccccc6)C(O[Si](c6ccccc6)(c6ccccc6)c6ccccc6)C5OCc5ccccc5)CCC4(C)C3=CCC21C
3031,3032,Cc1cc(NC(=O)c2ccnc(N3CCCC3)c2)n(c2cccc(Cl)c2)n1
3032,3033,CC(=O)c1ccc(Sc2nc3cc(C(=O)c4cc5n(n4)CCC(C)N5S(=O)(=O)c4cc(Cl)c(Cl)cc4Cl)ccc3n2C)cc1
3033,3034,COCCCNC(=O)CN1C(=O)CN(c2ccccc2OC)C1=O
3034,3035,CCOC(=O)CN(CC)C(=O)C1(C[NH3+])CCCCCC1
3035,3036,O=C1CC2(C[NH+](Cc3ncc[nH]3)C2)CN1CC1CCCO1
3036,3037,CC1CCC(NC(=O)C2(C)CCCC[NH2+]2)CC1
3037,3038,Fc1cc(Cl)c(Nc2nc(Cl)ncc2Br)cc1Cl
3038,3039,O=C([O-])C1CN(C(=O)C2C[NH2+]C2)C1
3039,3040,[NH3+]Cc1ccc(O)c(Cn2c3ccccc3nc2c2ccccc2)c1
3040,3041,Cc1nc(CN(C)C(=O)CCc2ncc(c3ccc(Cl)cc3)o2)cs1
3041,3042,CCCC(CCc1ccccc1)Oc1ccc(C=O)cn1
3042,3043,COc1ccc(Nc2ccc(Br)c(F)c2)cc1Cl
3043,3044,CC1CN(S(=O)(=O)c2cc(Cl)cc(N)c2F)CC[NH+]1C
3044,3045,Cc1cc(N2C(=O)C3CC4C(=CCC5C(=O)N(C)C(=O)C54)C(c4ccccn4)N3C2=S)c(Br)cc1Cl
3045,3046,[NH3+]C1CCc2c1cccc2c1cccc(Br)c1
3046,3047,COc1ccc(C(O)C([NH3+])CP(=O)([O-])[O-])cc1
3047,3048,Cc1cc(CCNC(=O)CC2(O)CCCCC2)n[nH]1
3048,3049,O=C1Nc2cc(Cl)ccc2CC1[NH2+]C1CCSCC1
3049,3050,CC(CC(=O)N1CC(C(=O)[O-])C(C(F)(F)F)C1)c1ccccn1
3050,3051,CCCCC([NH3+])(CC)CC1CCCc2ccccc21
3051,3052,Nc1ccc(N2CCNc3ccccc32)cc1
3052,3053,Cc1ccsc1CNS(=O)(=O)c1c(C)noc1C
3053,3054,CCOC(=O)c1cnn(C)c1C[NH2+]Cc1cnn(C)c1
3054,3055,CC(C)CC(CC(=O)[O-])(Sc1cccc(F)c1)C([NH3+])CC(=O)[O-]
3055,3056,Cn1nnnc1S(=O)(=O)C1CN(C(=O)Cc2ccccc2)CCC1c1ccc(Cl)cc1
3056,3057,CC(=O)NC1CCN(c2n[nH]c(C3CCCC3)n2)CC1
3057,3058,Cc1ncc(NS(=O)(=O)c2cn(C3CCOC3)nc2C)s1
3058,3059,CCc1c(C[NH2+]CC(O)c2ccc(F)c(F)c2)cnn1c1ccc(C(F)(F)F)cn1
3059,3060,CC(C)(CBr)NC(=O)c1ccc(I)c(O)c1
3060,3061,CC(C)C(C=O)Nc1ccc(C(F)(F)F)c(c2nc(C(C)C)cs2)c1
3061,3062,CCOc1ccc(C2=C(O)C(=O)N(c3ccc(C#N)cc3)C2c2ccncc2)cc1OC
3062,3063,CC[NH2+]C(CC)c1ccc(N2CC(C)OC(C)C2)cc1Br
3063,3064,CC(=O)Nc1ccc(C=CC(=O)N(C)CC2CCC[NH+](C)C2)cc1
3064,3065,NC(=[NH2+])N1CCCC(CC[NH+]2CCN(c3ncccn3)CC2)C1
3065,3066,CCc1cc(S(=O)(=O)NCC(=O)Nc2ccc(n3cncn3)cc2)c(C)o1
3066,3067,COc1c(Br)cc(Cl)cc1NC(C)c1cccc(O)c1
3067,3068,CC(C)C(C)C1(C)CCC23C=CC(=O)CC2(C)C1=CCC1C3=CCC2(C)C1(C)CCC1C(C)(I)CCC21C
3068,3069,O=C(COc1c(Cl)cccc1Cl)Nc1cnn(Cc2ccccc2F)c1
3069,3070,CC(C)C(=O)N1CCCN(C(=O)c2cc(c3ccccc3)no2)CC1
3070,3071,COc1ccc(S(=O)(=O)NCc2ccnc(n3ccnc3)c2)cc1OC
3071,3072,N#Cc1c(N)sc2c1CCCC2
3072,3073,COC(=O)c1nnn(C2CCCC(C)C2)c1C#N
3073,3074,Cc1nc(C)c(C(=O)C2=C(O)C(=O)N(Cc3ccc4c(c3)OCO4)C2c2ccc(O)cc2)s1
3074,3075,CC(C)C(C[NH3+])NC(=O)c1cc[nH]c(=O)c1
3075,3076,CCOC(=O)c1cnn(c2ccc(OCC)cc2)c1C
3076,3077,Cc1ccc(C=CS(=O)(=O)N2CC=C(c3ccc(F)cc3)CC2)cc1
3077,3078,[NH3+]C1CCn2c(nc3cc(F)cc(Br)c32)C1=O
3078,3079,Cc1nn(C(C)(C)C)c2nc(C3CC3)cc(C(=O)N3CC(O)C3)c12
3079,3080,Cc1ccc(CC2COCC2Nc2cc(C)c(N)c(C)c2)cc1
3080,3081,C[NH2+]C(Cc1cccc(Cl)c1Cl)c1c(F)ccc(Br)c1F
3081,3082,C[N+](C)(C)CC(S)CO
3082,3083,COc1ccc(N2CCN(C(=O)CCNc3ccccc3)CC2)cc1
3083,3084,Cc1cc(Br)c(C(=O)Cc2cccs2)cc1C
3084,3085,COc1ccc(CNC(=O)N2CCC(C[NH+]3CCN(C(=O)CC(C)C)CC3)CC2)cc1OC
3085,3086,CS(=O)(=O)Nc1ccc(c2nc(Nc3cc(C[NH+]4CCOCC4)[nH]n3)c3[nH]cnc3n2)cn1
3086,3087,Cc1ccc(S(=O)(=O)Oc2c3ccccc3nn2C)cc1
3087,3088,COc1ccc(C)cc1Nc1nnc(SCc2nc(c3cccs3)no2)s1
3088,3089,COc1ccc(CN(C(=O)Cc2c[nH]c3ccccc23)C2CC2)cc1
3089,3090,Nc1c(I)c[nH+]c(OC(F)(F)F)c1N
3090,3091,Cc1ccc(C2CCCN2C(=O)C2CCC(F)(F)CC2)o1
3091,3092,CCC(C)C([NH3+])C(=O)NC(C(=O)NC(C(=O)NC(C)C(=O)NC(C(=O)[O-])C(C)C)C(C)O)C(C)C
3092,3093,C=CCn1c(=NC(=O)Cc2ccc(OC)c(OC)c2)sc2cc(OCC)ccc21
3093,3094,CCOc1nc2c(cc1CNC(=O)C1CC1)c(=O)n(C)c(=O)n2C
3094,3095,Cc1c(CC(=O)NC(C(=O)[O-])C(C)O)cc(C#N)c(=O)n1c1cccc(C(F)(F)F)c1
3095,3096,COc1ncccc1c1nc(C(=O)[O-])c(C(C)C)s1
3096,3097,[NH3+]C1CCN(C(=O)c2cscn2)CC1
3097,3098,Cc1ccc(Br)c(CC([NH3+])C2C3CC4CC(C3)CC2C4)c1
3098,3099,Cc1nc(C)c2c3c(sc2n1)C[NH2+]CC3
3099,3100,Cc1ccc(OS(=O)(=O)c2ccc(C)c(C)c2)cc1C
3100,3101,CCn1c(SCC(=O)N(C)Cc2c(C)nn(C)c2Cl)nnc1c1cccnc1
3101,3102,CC[NH2+]Cc1c(C)nn(Cc2cccc(F)c2)c1C
3102,3103,CC[NH2+]C(C1=CCCO1)c1cccc2ccsc12
3103,3104,COc1ccc(F)c(N2CCC([NH3+])(C(=O)[O-])CC2)c1
3104,3105,C[NH2+]C(Cc1ccccc1N)c1cc(Cl)ccc1OC
3105,3106,O=C(NC(Cc1c[nH]c2ccccc12)C(=O)[O-])Nc1cnccn1
3106,3107,CC(C)C(=O)CN1CCC(F)(F)CC1
3107,3108,C=CCn1c(SCCC(=O)N(C)Cc2ccc3c(c2)OCO3)nnc1c1ccc(OCC(C)C)cc1
3108,3109,COc1cc2ccccc2cc1C(=O)Nc1ccccc1C(=O)NC1CCCCCCC1
3109,3110,Nc1cnc(C([NH3+])c2cn[nH]c2)cn1
3110,3111,COc1cccc(CCC(=O)NCCNc2nncc(c3ccc4c(c3)CCO4)n2)c1
3111,3112,Fc1cncc(c2nnc(c3ccccc3Cl)o2)c1
3112,3113,CCOc1nc(N)nc(NC(CO)(CO)CO)n1
3113,3114,CCC1CC1NC(=O)N1CCCCCC1
3114,3115,Cc1ncsc1C(=O)NCC(C)(C)C(N)=S
3115,3116,COCCOCCOCCOCCCC[NH2+]CC(=O)NCCOCCOCCOCCCC[NH2+]Cc1ccccc1
3116,3117,CCOC(=O)C([NH3+])Cc1c[nH]c2ccc(F)cc12
3117,3118,Cc1nc(C2CC2)oc1C(=O)N1CCC(C(=O)[O-])(C(F)(F)F)C1
3118,3119,CC1CCC[NH+](Cc2cc(F)cc(C#CCCO)c2)C1C
3119,3120,CCOC(=O)C1=C(C)N=c2sc(=Cc3cccc(OC)c3OCc3ccc(C(=O)[O-])cc3)c(=O)n2C1c1ccc(Cl)cc1
3120,3121,CC(C)n1ncc2c(N3CCN(C(=O)C(C)(C)C)CC3)ncnc21
3121,3122,Cc1cc(c2c[nH+]c(C3CC3)[nH]2)ccn1
3122,3123,CC1OCCC1(O)CNC(=O)C1C2C3CCC(C3)C1C2
3123,3124,C[NH2+]C(c1nc(C)c(C)s1)c1c(Cl)cnn1CCOC
3124,3125,Cc1cc(C(=O)C[NH+]2CCN(c3cc(C)[nH]c(=O)n3)CC2)c(C)n1C1CCCC1
3125,3126,COc1ccc(C(C)(C)C[NH2+]C2CC3CCC2C3)c(F)c1
3126,3127,COc1cc2c(cc1C=C1SC(=O)N(CCc3ccccc3)C1=O)C(C)=CC(C)(C)N2C
3127,3128,COc1ccc(Cl)cc1Nc1ncc2c(n1)N(C1CCCC1)CC(OC)C2
3128,3129,C=CCN1C(=O)N(CCC(C)C)C(=O)C1=Cc1cn(c2ccccc2)nc1c1ccc(OC)c(OC)c1
3129,3130,CC(C)C(=O)Nc1ccn(CCc2ccccc2)c(=O)c1
3130,3131,CCOC(=O)CNC(=O)C(c1cccc(C)c1O)N(C)C(=O)C(CC(C)C)NC(=O)OC(C)(C)C
3131,3132,NNc1ncccc1C(=O)N1CC2CCC(C1)O2
3132,3133,COc1ccc(C(=O)Cc2cn(C)nc2C2CCCCC2)cc1C
3133,3134,CC(NC(=O)NC1CCC(CO)CC1)c1ncn(C)n1
3134,3135,Cc1oc(C(=O)[O-])cc1C[NH+]1CC2CCC1C2
3135,3136,COC(=O)CCCCCC=CC(CCCCOC(C)=O)OS(=O)(=O)c1ccc(C)cc1
3136,3137,CCn1c(SCC(=O)Nc2cc([N+](=O)[O-])ccc2C)nnc1c1ccc(C)cc1
3137,3138,CC(=O)NC(Cc1ccccc1F)C(=O)NCCC#N
3138,3139,C=CC(=O)OCC(COP(=O)([O-])[O-])OC(=O)C=C
3139,3140,O=C1CCC2(CC[NH+](CC(=O)Nc3ccc(F)c(F)c3F)CC2)CN1
3140,3141,C=CCNC(=O)C(=O)C(CC1CCCCC1)NC(=O)C1C2C(CN1C(=O)C(NC(=O)NC(CN(C)S(=O)(=O)N1CCCC1CNC(C)=O)C(C)(C)C)C(C)(C)C)C2(C)C
3141,3142,CCc1ccc(Cn2nnc(C(=O)[O-])c2CC(C)C)cc1
3142,3143,CC(C)CC(=O)Nc1ccc(Nc2cccc(Cl)c2)nn1
3143,3144,O=C(c1ccc(Cn2nnc(c3ccc(OC(F)(F)F)cc3)n2)cc1)N1CC[NH+](C2CCC2)CC1
3144,3145,Cc1ccc(C2COC3=C(CCCC3)O2)cc1
3145,3146,COC(=O)c1ccc(c2nc3c(c(C(F)(F)F)n2)CN(c2ccccn2)CC3)cc1
3146,3147,Cc1ccc(OCc2ccc(C(=O)[O-])cn2)cc1C
3147,3148,Cc1ncsc1C(=O)N1CCC(C2CCN(C(=O)c3cnc(C)nc3)CC2)CC1
3148,3149,COc1ccc(CCn2cc(C(O)c3ccc(Cl)cc3)nn2)cc1
3149,3150,N#Cc1c(N2CCOCC2)nc(c2ccc3c(c2)OCO3)c2c1CCCC2
3150,3151,Cc1ccc(N)c(NC(=O)C2(C)CCCC2[NH3+])c1
3151,3152,Cc1nn(CC([NH3+])c2ccccn2)c(C)c1C
3152,3153,CN(CC(=O)NCc1ccc(F)cc1)C(=O)CNC(=O)OC(C)(C)C
3153,3154,CSCCC([NH3+])C(=O)NC(CC(C)C)C(=O)NC(Cc1c[nH]c2ccccc12)C(=O)NC(CC(N)=O)C(=O)[O-]
3154,3155,CC1CCCN(C(=O)c2ccc3c(c2)nnn3C)C1CO
3155,3156,CCn1c(CCCNC(=O)Cc2ccccc2C)nnc1SCC(=O)NCc1ccccc1
3156,3157,C[NH2+]CC(O)COc1cc(Cl)ccc1C#N
3157,3158,CCOCCn1c(=NC(=O)c2cc3ccccc3oc2=O)sc2cc([N+](=O)[O-])ccc21
3158,3159,CCCc1c(N)ncnc1N1CC(C)[NH+](C)C(C)C1
3159,3160,CCCCN1CC(C(=O)Oc2ccc(c3c(C)c(C)nc4nc(SC)nn43)cc2)CC1=O
3160,3161,Cc1cc(Cl)c(C(C)C)cc1C(=O)NC(CCC(=O)[O-])C(C)(C)C
3161,3162,CCCCC[NH2+]CC(C)Oc1ccc(OC(F)(F)F)cc1
3162,3163,CCOc1cccc(CNC(=O)NC(CC(N)=O)c2ccc(OC)cc2)c1
3163,3164,CC(C)(C)c1ccc(c2csc3ncnc(Nc4ccc(Cc5cc(Cl)ccc5Cl)c(Cl)c4)c32)cc1
3164,3165,CCCCC(C)(C[NH3+])N1CC(OCC)C(OC)C1
3165,3166,Cc1cc(N2CC(C(=O)N3CCC(c4ccc(C(F)(F)F)nc4Cl)CC3)CC2=O)ccc1F
3166,3167,Cc1nc(CN(C)C(=O)C(c2ccc(F)cc2)[NH+](C)C)no1
3167,3168,CSCC(C)NC(=O)c1sc2cc(Br)ccc2c1N
3168,3169,CC(=O)c1ccc(NC(=O)c2oc3c(F)cccc3c2C)cc1
3169,3170,CC(=O)N(CC1CN(c2ccc(N3CC(F)C3)c(F)c2)C(=O)O1)C1CC[NH2+]C1
3170,3171,CC[NH2+]CC(C)C(=O)NCC1(c2ccccc2F)CC1
3171,3172,COc1ccc(CNC(=O)CNC(=O)Cc2cc(C)cc(C)c2)cc1
3172,3173,CCOC(=O)C(NS(=O)(=O)c1ccc(C#N)s1)C1CCCCC1
3173,3174,FC(F)Oc1ccccc1C[NH+]1CCN(Cc2ccc(c3cccnc3)o2)CC1
3174,3175,C[NH2+]C(c1ccc(Cl)s1)c1ccc(OC)c(F)c1
3175,3176,O=C(CCNS(=O)(=O)c1ccccc1)NCCSc1ccc(Cl)cc1
3176,3177,[NH3+]C1(c2cncs2)CCCC1
3177,3178,CCC(C)(C)CNC(=O)NC(C)c1c(C)noc1C
3178,3179,O=C([O-])c1ccccc1OCCCCOc1ccccc1CBr
3179,3180,Cc1cc(C)c(S(=O)(=O)NCC(c2ccccc2Cl)[NH+]2CCCC(C)C2)cc1C
3180,3181,Cc1nc2ccccc2n1CC(O)C[NH+]1CCC2(CCCCC2)CC1
3181,3182,Cc1cc(Cl)c(C(=O)N2CCSCC2CO)cn1
3182,3183,CC(=O)OCC1OC(n2c3ccccc3c3cccc(OC(F)(F)F)c32)C(OC(C)=O)C1OC(C)=O
3183,3184,O=C(NCCCS(=O)(=O)c1ccccc1)c1coc(C2CCOCC2)n1
3184,3185,C=CCc1cc(C=NNC(=O)CC(=O)Nc2cc(C(=O)OC)ccc2OC)ccc1OCc1ccccc1Cl
3185,3186,CC(C)CC([NH3+])C(O)c1cn(C(c2ccccc2)(c2ccccc2)c2ccccc2)cn1
3186,3187,O=C(Cn1ccc2cc(NC(=O)C3CSC34CC4)ccc21)NCC1CCCC1
3187,3188,Cc1cc(Br)c(C)cc1NC(=O)CSc1nnnn1c1ccccc1
3188,3189,Cc1ccc(C(N)=S)c(n2cc(Cl)cn2)n1
3189,3190,C[N+](C)(C)CCCC(F)(F)F
3190,3191,O=C(CCCCl)Nc1ccc(N2CCCC2=O)nc1
3191,3192,CC1=C(c2ccc(C(F)(F)F)c(C(N)=O)c2)N(c2ccc(Cl)cc2)C1=O
3192,3193,CCOC(=O)C(C(=O)OCC)C(C)(O)C(F)(F)F
3193,3194,O=C(NCC(F)(F)F)c1csc(C2CCCN2C(=O)c2ccno2)n1
3194,3195,COc1cc(N2CCN(c3ncc(C)c4ccccc34)CC2)cc(OC)c1OC
3195,3196,CN(CC(=O)[O-])C(=O)CCc1cccc([N+](=O)[O-])c1
3196,3197,Cc1cc(F)ccc1S(=O)(=O)N1CCC(Oc2ccnc(C)n2)C1
3197,3198,COC(=O)C12C=CCCC13C=C(C1=CCC(C)C(C)=C1O)C(=O)C(C)(C)C3C(O)=C2
3198,3199,CC(C)OC(=O)C(C)NP(C)(=O)Oc1ccccc1
3199,3200,CCCCn1ncc(NC2CC(OC)C2)c(Cl)c1=O
3200,3201,N#CCc1c(O)ccc2occc12
3201,3202,O=C(Nc1cccc(F)c1)C1CC1c1ccccc1Cl
3202,3203,CC1CCN(C(=O)C[NH+]2CCC(O)CC2)CC1O
3203,3204,N#Cc1cccc(OC2CN(C(=O)Cn3nc(C(F)F)cc3C(F)F)C2)n1
3204,3205,CC(C)C(=O)Nc1cccc(c2nnc3n2-c2ccc(Cl)cc2C(c2ccccc2F)=NC3)c1
3205,3206,Cn1c(=O)n(c2cccc(c3ccnc(Cl)n3)c2)c2nc(c3ccccc3Cl)ncc21
3206,3207,Cc1nc(SCC(=O)Nc2nc3ccc(C(C)C)cc3s2)n(CC(C)C)c1C
3207,3208,COCC1(C(=O)c2ccccc2)[NH2+]C(C)N(C2C3CC4CC2CC(OC)(C4)C3)C1=O
3208,3209,CC1CCCC([NH2+]CCn2cc(C(=O)[O-])nn2)C1
3209,3210,CC(OCC1CC1)C(=O)N(C)CC(O)C(C)(C)C
3210,3211,CC(=O)Nc1ccc(C(=O)C(C)Sc2nnc(C(F)(F)F)n2C)cc1
3211,3212,O=C(Nc1ccc(S(=O)(=O)N2CCc3ccccc32)cc1)c1ccc(F)cc1Cl
3212,3213,CCCCCCCOC(=O)CCC(=O)OC(CC)CCCCCC
3213,3214,Cc1nc(N)ccc1S(=O)(=O)NCC1CCOC1C
3214,3215,O=C(Cc1ccc(Cl)cc1)NCC1COCCO1
3215,3216,CCOC(=O)c1cccc(N2C(=O)C(O)=C(c3ccc(F)cc3)C2c2cc(OCC)c(O)c(OC)c2)c1
3216,3217,CSc1cccc(Br)c1NC(=O)c1ccc(F)cc1
3217,3218,CCOC(CC)(CC)c1nc(C2CCC([NH3+])C2C)no1
3218,3219,COc1ccc(CNC(=O)c2cc(C)c(C)c(S(N)(=O)=O)c2)cc1
3219,3220,CCC(C)c1ccc(CN2CC[NH2+]CC2)cc1
3220,3221,CC1CCC2(CC1)OCCCC2NC(=O)C1CC[NH+](C(C)C)CC1
3221,3222,O=C(NC(c1ccccc1)C(Cl)(Cl)Cl)c1ccccc1[N+](=O)[O-]
3222,3223,C=CCOC(=O)C12OC3CC(OCOC)(C1)CC(OCc1ccccc1)C(C(OCc1ccccc1)C(OCc1ccccc1)C(C)=CCOCCO)(C2)CC3OCc1ccc(OC)cc1
3223,3224,Cc1ccc(c2csc3ncn(CCC(=O)Nc4ccc5c(c4)NC(=O)CO5)c(=O)c32)cc1
3224,3225,O=C([O-])c1ccc2c(c1)nc(c1ccc3c(c1)CCO3)n2Cc1ccccc1O
3225,3226,CCn1cc(C(=O)NCCC[NH+]2CCC(C)CC2)cn1
3226,3227,COc1c(C)cc(C)cc1C[NH2+]CCCC(C)C
3227,3228,Cc1ccc(NC(=O)C2([NH3+])Cc3ccccc3C2)c([N+](=O)[O-])c1
3228,3229,N#Cc1ccc(NC(=O)C(C#N)=C[NH2+]CCc2ccccc2)c([N+](=O)[O-])c1
3229,3230,COc1ccc(OC)c(C2=C(O)C(=O)N(c3cccc(NC(C)=O)c3)C2c2cc(Cl)c(O)c(OC)c2)c1
3230,3231,CC(=O)Nc1ccc(NC(=O)C2CCCN2C(=O)C2CC[NH+](CC(=O)Nc3ccc(C(=O)Nc4ccc(F)cc4C)cc3C)CC2)cc1Cl
3231,3232,CC(=O)N(C)Cc1csc(NS(=O)(=O)c2cccc(Cl)c2Cl)n1
3232,3233,CC(C)C(NC(=O)C1CC[NH+](CC(=O)Nc2ccc(Cl)c(C(=O)NC3CCCC3)c2)CC1)C(=O)Nc1cccc(C(=O)NC(C)C)c1
3233,3234,Cc1cc(S(=O)(=O)OCC(F)(F)C(F)(F)C(F)(F)C(F)(F)C(F)(F)C(F)(F)C(F)(F)C(F)(F)F)ccc1COCC1CCCCC1
3234,3235,CCOc1ccc(C2=C(O)C(=O)N(c3cc(C)c(Cl)cc3OC)C2c2ccc(O)c(Cl)c2)cc1OC
3235,3236,CNc1cc(S(=O)(=O)N(CCOC)CCOC)nc(C2CC2)n1
3236,3237,O=C([O-])Cn1c(C[NH+]2CCSCC2)nc2c(Br)cccc21
3237,3238,COc1ccc(S(=O)(=O)C(CNC(=O)c2ccc(c3ccccc3)cc2)C(=O)[O-])cc1
3238,3239,O=C(NCCCOCCO)c1ccc2cc(Br)ccc2c1
3239,3240,O=C(c1ccc(n2cnnn2)nc1)N1CCc2[nH]c3ccc(F)cc3c2C1
3240,3241,O=C(NCc1ccc2c(c1)OCO2)c1ccc(Cn2cc(Br)c([N+](=O)[O-])n2)o1
3241,3242,COC(=O)c1ccccc1Sc1c(N)cccc1Cl
3242,3243,O=C(CC1CCC[NH2+]1)NC(c1ccccc1)c1ccccc1
3243,3244,O=C(NCCc1csc2nc(c3ccccc3F)nn12)c1ccc(F)cc1
3244,3245,CCc1[nH]c(=O)c(C#N)cc1C(=O)OC
3245,3246,CC(Sc1ccccc1C(=O)NC1CC1)C(O)=C(C#N)c1nc2ccccc2[nH]1
3246,3247,COc1ccc(NC(=O)c2ccc(S(=O)(=O)N3CCC(C)CC3)cc2)cc1OC
3247,3248,Cc1ccc(C2OCCCC2C(=O)NCc2ccccc2Cl)s1
3248,3249,COc1ccccc1NC(=O)C(=O)NN=Cc1ccc(OCc2ccccc2F)c(OC)c1
3249,3250,C=C(C[NH2+]C1CC1)CN1CC(C)CCC1C
3250,3251,O=C(c1ccc2ncoc2c1)N(Cc1ccoc1)C1CC1
3251,3252,CCOc1ccc(NC2=C(c3ccc(OC)cc3)C(=O)N(c3ccc(N(CC)CC)cc3)C2=O)cc1
3252,3253,Cn1nc(CNC(=O)NC2C3CC4CC(C3)CC2C4)cc1C(F)(F)F
3253,3254,Cc1ccc(N)c(S(=O)(=O)N(C)c2cccc(Br)c2)c1
3254,3255,COCCCOCC[NH+]1CCc2nn(C)cc2C1
3255,3256,O=C1C(=O)N(c2ccc(C(=O)[O-])cc2)C(c2ccccn2)C1=C([O-])c1ccc2c(c1)CCO2
3256,3257,CNc1nc(Nc2ccc(C(C)(C)C)cc2)ncc1Br
3257,3258,O=C([O-])c1ccc(SCCC[NH+]2CCOCC2)c(F)c1
3258,3259,Cc1ccc(CSc2nnc(SCC3CSCC[NH2+]3)s2)cc1
3259,3260,CC[NH2+]CC(O)CSc1cccs1
3260,3261,CC(=O)NC(CS)C(=O)OC(C)C(OC(C)=O)C(OC(C)=O)C(OC(C)=O)C(=O)[O-]
3261,3262,CC(C)(C)[NH2+]Cc1cc(Cl)ccc1Oc1ccc(F)cc1F
3262,3263,CCCc1cc(=O)nc(n2nc(C)cc2NC(=O)c2cccc(Cl)c2)[nH]1
3263,3264,CC(=NNC(=O)CN(c1ccc(F)cc1)S(=O)(=O)c1ccc(C)cc1)c1cccs1
3264,3265,COc1c(Cl)cc2occ(c3ccccc3)c2c1C=O
3265,3266,O=C1NC(=S)N(c2ccccc2Cl)C(=O)C1=Cc1ccc(Br)cc1
3266,3267,CCc1cc2c(COC(=O)CCC(=O)OC)cc(OC)cc2[nH]c1=O
3267,3268,CC(c1ccccc1F)N(C)C(=O)Cn1ccc([N+](=O)[O-])n1
3268,3269,O=S1(=O)N=C(Nc2cnn(Cc3ccc(F)cc3Cl)c2)Nc2ccc(Nc3ccccc3)cc21
3269,3270,Cc1ccc(NC(=O)Cc2csc(NC(=O)c3cc(=O)[nH]c4ccccc34)n2)cc1
3270,3271,CC(C)C(NC(=O)C([NH3+])C(C)O)C(=O)NC(CCC(N)=O)C(=O)[O-]
3271,3272,Cn1ccnc1C([NH3+])c1cc2c(s1)CCCC2
3272,3273,CCOc1ccc(NC(=O)C(C#N)=Cc2cc(Br)c(OCc3ccc([N+](=O)[O-])cc3)c(Br)c2)cc1
3273,3274,C[NH2+]C(C)c1ccc(N2CCCC2(C)C)cc1Cl
3274,3275,CC(C)(C)c1ccc(c2nnc(C3CCN(C(=O)c4cnco4)CC3)o2)cc1
3275,3276,CNc1nc(c2cc(C)oc2C)nc(c2ccccc2)c1I
3276,3277,COc1ccc(OC)c(NC(=O)C[NH+]2CCN(Cc3cc(OC)ccc3OC)CC2)c1
3277,3278,O=C(CCC1CC[NH+](Cc2ccccc2)CC1)NCc1ccccc1
3278,3279,Fc1cccc(COc2ccc3ccc(C[NH2+]CCCc4ccccc4)cc3c2)c1
3279,3280,CCc1c(C)[nH]c(C2CCCN(C(=O)c3csc(C)n3)C2)nc1=O
3280,3281,CS(=O)(=O)N(CC(=O)Nc1ccc(OC(F)F)cc1)c1ccc(N2CCCCC2)cc1
3281,3282,CCOC(=O)C(=O)C(C(=O)OCC)=C1CCC(c2ccccc2)CC1
3282,3283,CC1CCCN(C(=O)c2cccc(NS(=O)(=O)c3ccc(Cl)cc3)c2)C1
3283,3284,CCOC(=O)c1ccc(NC(=O)c2ccc(NC)c([N+](=O)[O-])c2)cc1
3284,3285,CNS(=O)(=O)c1ccc(NC(=O)CN2CSCC2=O)cc1
3285,3286,CC(Nc1nccc(c2sc(C(C)(C)O)nc2c2ccccc2)n1)C1CCCO1
3286,3287,CC(C)(C)OC(=O)C1(c2ccccc2)C2(c3ccccc3)SC(c3ccccc3)SC2(Sc2ccccc2)[NH+]1Cc1ccccc1
3287,3288,CC(C)(C[NH2+]Cc1cc(N)c2c(c1)C(=O)c1cccc(Br)c1C2=O)C(=O)[O-]
3288,3289,CC1Oc2ccccc2N(CC(=O)NC23CC4CC(CC(C4)C2)C3)C1=O
3289,3290,CCC(C)C([NH3+])C(=O)NCC(=O)NC(CCC(=O)[O-])C(=O)NC(CCC(=O)[O-])C(=O)[O-]
3290,3291,Cc1cc(F)cc(NC=O)c1OC(C)C
3291,3292,[NH3+]CC(Sc1ccc(F)c(F)c1)c1ccccc1Cl
3292,3293,COC(=O)c1occc1Cn1nc(c2ccccc2)c(Cl)c1C
3293,3294,COC(=O)c1ccc(Cl)c(NC(C)c2ccc(Cl)s2)c1
3294,3295,CCOP(=O)(OCC)C(C=O)NC(=O)c1ccc(C)cc1
3295,3296,CCCCC[NH2+]CC(O)c1ccc(OC)cc1
3296,3297,CC(NC(=O)C(CCC(=O)[O-])NC(=O)C([NH3+])Cc1ccc(O)cc1)C(=O)NC(CCC(N)=O)C(=O)[O-]
3297,3298,O=C(NO)c1ccc(c2cnc(C3CC[NH+](C4CCC4)CC3)s2)nc1
3298,3299,CCOC(=O)c1c(NC(=O)c2ccccc2S(=O)(=O)C(F)F)scc1c1ccc(C)cc1
3299,3300,COc1ccc(Cl)cc1NC(=O)c1ccc(n2cnnn2)cc1
3300,3301,COC(=O)c1ccc(C2CC(c3ccccc3F)=NN2C(=O)c2ccco2)cc1
3301,3302,Cc1ccc(Oc2ccc(Cl)cc2NC(=O)C2CC[NH2+]C2)cc1
3302,3303,N#Cc1cc(C[NH+]2CCC(F)(Cn3nc(c4cccc(O)c4)ccc3=O)CC2)ccc1F
3303,3304,COc1cc(Br)c(C(Cl)CC2CCCC2)cc1OC
3304,3305,CCOC(COc1ccc(Sc2ccc(C(C)(C)c3ccc(OCC4CO4)c(C)c3)cc2F)cc1Cl)OCC
3305,3306,O=C(NCc1ccc(S(=O)(=O)N2CCCC2)cc1)c1coc(NC(=O)c2cccs2)n1
3306,3307,[NH3+]CC1(c2ccc3c(c2)OCCO3)CCCC1
3307,3308,O=C([O-])c1cc(C[NH+]2CCc3nc[nH]c3C2)on1
3308,3309,N#CC(=CNc1cc([N+](=O)[O-])ccc1[O-])C(=O)Nc1ccc(S(N)(=O)=O)cc1
3309,3310,CCOC(=O)c1cc(OC)ccc1NC(=O)CSC1=NCCS1
3310,3311,Cc1c(NC(=O)C(C)[NH+]2CCC(C(=O)NC(C(=O)Nc3c(C)cccc3C(=O)NC3CCCCC3)C(C)C)CC2)cccc1C(=O)N1CCC(C)CC1
3311,3312,CCOc1ncc(S(=O)(=O)Nc2c(Cl)cccc2Cl)cc1Cl
3312,3313,CC(=O)N(c1ccccn1)C1CCCN(C(=O)Cc2noc3c2CCCC3)C1
3313,3314,CC(C)CC(NS(=O)(=O)c1ccc(CC#N)cc1)c1ccc(c2ccccc2)cc1
3314,3315,O=C(NCCn1ccc2c(c1=O)CC[NH2+]C2)c1ccncc1
3315,3316,CCCCC(C)C(NC(=O)C1CCCN1C(=O)C([NH3+])CC(=O)[O-])C(=O)[O-]
3316,3317,COC(=O)c1cc(N)cnc1NC(C)c1cncs1
3317,3318,CC(C)CC(NC(=O)C(CCC(N)=O)NC(=O)C(CCC(=O)[O-])NC(=O)C([NH3+])Cc1ccc(O)cc1)C(=O)NCC(=O)[O-]
3318,3319,O=C([O-])CN(CC(=O)[O-])C(=O)c1ccc(I)cc1
3319,3320,O=C(COC(=O)C=Cc1ccc2c(c1)OCO2)NCCc1ccc(OC(F)F)cc1
3320,3321,CC(C)(C)[Si](C)(C)Oc1ccccc1N(CCCCCCCCO)C(=O)[O-]
3321,3322,COc1cc2c(Oc3cc(Cl)cc(Cl)c3)ccnc2cc1OC1CC[NH+](C(C)C)CC1
3322,3323,Cc1ccc(S(=O)(=O)NC(=O)c2cc(F)cc(Cl)c2)cc1
3323,3324,CC(NC(=O)C1CCCCC1(C)[NH3+])C1CCC[NH2+]C1
3324,3325,CCOc1cc(NC(=O)c2ccc(OC)cc2)c(OCC)cc1NC(=O)C=Cc1ccc(OC)c(OC)c1
3325,3326,Cc1ccc(Oc2ccc(N(c3ccc(C(C)C)cc3)c3ccc(N(c4ccc(C)c(c5ccc(F)cc5)c4)c4ccc5c(c4)C(c4ccccc4)(c4ccccc4)c4cc(N(c6ccc(C)c(c7ccc(Nc8ccc(C)c(C)c8)cc7)c6)c6cccc7c6oc6ccccc67)ccc4-5)cc3)cc2)cc1
3326,3327,COc1ccc(OC)c(C=NNC(=O)C(=O)Nc2ccccc2C#N)c1
3327,3328,C[NH2+]C(C)c1ccc(N2CCCC(C)C2)nc1
3328,3329,COc1nc(C2CC2)nc(N2CCOCC2C(=O)[O-])c1C
3329,3330,CC(C)CCCC(C)C1CCC2C3CC=C4CC(O)CCC4(C)C3CCC12C
3330,3331,COC(=O)c1ccc(Nc2nc(C)cc(Nc3cc(C)ccc3OC)n2)cc1
3331,3332,CCc1cc2c(=O)n(C)c(N3CCOCC4(CC4)C3)nc2s1
3332,3333,CCCc1nsc(NCCc2ccc(O)cc2)n1
3333,3334,COc1ccc(NCc2cccc(NC(=O)OCc3ccccc3)c2)cn1
3334,3335,Cc1cc(F)c(C(C)(O)c2cc(Br)ccc2Cl)cc1F
3335,3336,CC(C)c1nnsc1C(=O)N1CCC(C[NH+]2CCOCC2)CC1
3336,3337,CC(C)(Cn1ccc2cnccc21)C(=O)[O-]
3337,3338,COc1ccc(OC)c(C2=C(O)C(=O)N(c3cccc4ccccc34)C2c2cccc(O)c2)c1
3338,3339,COCCn1c(SCc2nc(c3ccccc3OC)no2)nc2ccccc21
3339,3340,[NH3+]C1(C(=O)[O-])Cc2ccccc2C1
3340,3341,CC(C)(C)[Si](C)(C)Oc1ccc(c2oc(N)c3c2C(=O)CCC3)cc1
3341,3342,Nc1ccccc1C(=O)N(CCc1ccccc1)C1CC[NH+](Cc2ccccc2)CC1
3342,3343,CC(C)CCOc1ccc(C(=O)NC(=S)Nc2ccccc2C(=O)NCc2ccccc2)cc1Br
3343,3344,CCCc1cc(OCc2cc(OC)ccc2C(=O)[O-])ccc1OCCCCn1c(CC)nc2c(c1=O)COC(=O)C2(C)C
3344,3345,CCc1ccc(Nc2nc(c3cccnc3)cc3cnn(CC[NH+]4CCC(O)(c5cc6c(cc5OC)OCCO6)CC4)c23)cc1
3345,3346,Cc1ccc2c(c1C)N(C(=O)c1nc(=O)c3ccccc3[nH]1)CC2
3346,3347,CC(C)(C)c1nsc(N(Cc2ccccc2)C(=O)c2ccc(S(=O)(=O)N3CCCCCC3)cc2)n1
3347,3348,O=C(Nc1ccc(c2nnco2)cc1)OCC[NH+]1CCC(C(=O)N2CCCCC2)CC1
3348,3349,COCCCOc1ccc(C(C)(C)C)cc1Br
3349,3350,C=CCSCCNC(=O)c1ccc([N+](=O)[O-])c(C)c1
3350,3351,O=C([O-])c1ccccc1C(=O)Nc1ncc(Cc2ccc(Br)cc2)s1
3351,3352,CCCNC(=O)C1CCN(C(=O)C(C)[NH+]2CCC(C(=O)NCC(=O)Nc3cc(NC(=O)c4ccccc4OC)ccc3Cl)CC2)CC1
3352,3353,O=C(c1csc(C2CCN(C(=O)CC3CCOCC3)CC2)n1)N1CCCCC1
3353,3354,CC1CC(C)CC(OC2OC(CO)C(O)C(OC3OC(CO)C(O)C(O)C3O)C2O)C1
3354,3355,CCCCc1c(Cl)nnn1Cc1ccc(c2ccccc2c2nnnn2C(c2ccccc2)(c2ccccc2)c2ccccc2)cc1
3355,3356,O=C(NCc1cccnc1)c1cc(C2CC2)ns1
3356,3357,Cc1c(C(=O)NCC(C)O)oc2ccccc12
3357,3358,O=C(CC1CCOCC1)N1CCN(C(=O)C2CCC2)CC1
3358,3359,CCC(C)(C)C(=O)OCC(F)(OC(F)(F)C(O)(C(F)(F)F)C(F)(F)F)C(F)(F)F
3359,3360,CC(=O)NCC1CCN(c2nc3ccccc3nc2C#N)CC1
3360,3361,CSCC(=O)Nc1ncc([N+](=O)[O-])c(C)c1C
3361,3362,C[N+]12CCC(COc3nccc(c4cc(F)cc(F)c4)n3)(CC1)CC2
3362,3363,O=C(Nc1ccc(NC(=O)C2CCCN2C(=O)C2CC[NH+](CC(=O)Nc3ccc(Cl)c(C(=O)N4CCCCC4)c3)CC2)cc1)C1CCCCC1
3363,3364,CCOc1ccc(NC(=O)CNS(=O)(=O)c2ccc(NS(C)(=O)=O)cc2)cc1
3364,3365,CCC(CC(=O)[O-])C1CCS(=O)(=O)C1
3365,3366,O=C(Cn1ncc2c(=O)n(Cc3ccc(Br)cc3)cnc21)N1CCN(c2ccc(F)cc2)CC1
3366,3367,COCCOCC(=O)NC1COCC1O
3367,3368,CC(=O)C1CC2C(CC[NH+]2Cc2ccccc2)[NH+]1C
3368,3369,COC(=O)CCc1c(O)ccc(C#N)c1OC
3369,3370,COc1ccc(c2cc(c3ccccc3)nc(=O)n2CC(=O)NNC(=O)CNC(=O)c2cccc(Cl)c2)cc1OC
3370,3371,COc1ccc(N2C(=O)C(O)=C(c3ccc(Cl)cc3Cl)C2c2ccc(C)cc2)cc1
3371,3372,O=C([O-])CCNC(=O)c1cnoc1C1CC1
3372,3373,[NH3+]C1CCN(c2nc3c(s2)CCc2c(Cl)cccc2-3)CC1
3373,3374,CCOC(=O)c1ccc(NC(=S)Nc2ccccc2F)cc1
3374,3375,Cn1c(SCC2(C(=O)[O-])CC2)nnc1C1CCC1
3375,3376,CC(=O)C1CCC2C3CCC4=CC(=O)C=CC4(C)C3CCC12C
3376,3377,CC1=NN(c2c(F)c(F)c(F)c(F)c2F)C(=O)C1=Cc1ccc(SC)cc1
3377,3378,O=C(COc1ccccc1F)NC1CCCN(C(=O)N2CCCCC2)C1
3378,3379,CCc1cccc(C)c1NC(=O)N1CC[NH+](Cc2ccccn2)CC1
3379,3380,COc1ccc(C(=O)OC(C)C(=O)Nc2ccccc2OC(F)F)cc1S(N)(=O)=O
3380,3381,COc1c(C)c(Cl)c(n2nncc2Br)c(C)c1Cl
3381,3382,O=C(C=Cc1cccnc1)NNC(=O)c1nnn(Cc2ccccc2Cl)c1C1CC1
3382,3383,Cc1ccc(NC(=O)C2CCCN(C(=O)CCc3ccccc3)C2)nc1
3383,3384,O=C(Nc1ccccn1)C1C2CC(CN1S(=O)(=O)c1ccccc1Cl)C2
3384,3385,O=C(CCNC(=O)C1CC[NH+](CC(=O)Nc2cc(C(=O)N3CCCCC3)ccc2Cl)CC1)Nc1ccc(Cl)c(C(=O)NC2CCCCC2)c1
3385,3386,[NH3+]C(Cc1ccc(F)cc1)c1ncccc1Cl
3386,3387,CC[NH2+]C(C)c1ccc(N(C)C2CCSC2)c(F)c1
3387,3388,COC(=O)NC(C(=O)N1C(COCc2cccc(C)c2)CC2CCCCC21)C(C)(C)C
3388,3389,CNS(=O)(=O)c1ccc(C(C)(O)CNC(=O)C2CC(=O)N(c3ccc(Br)cc3)C2)cc1
3389,3390,CC(C)C(NC(=O)c1ccc(c2cccc(C(F)(F)F)c2)cc1)C(=O)NO
3390,3391,O=C([O-])C1(C2Nc3ncc(Cl)cc3C2C(F)(F)F)CO1
3391,3392,CCCCc1nc2c(N)ncnc2n1CCCCOC
3392,3393,CCCCn1c(C(=O)Nc2ccc(c3ccccc3S(N)(=O)=O)cc2)c(C)c2ccccc21
3393,3394,CC(C)c1noc(C[NH+]2CCC(COc3cccc(C(=O)N(C)C)c3)CC2)n1
3394,3395,CC(C)C[NH2+]CC1(C[NH+]2CC(O)C(O)C2)CCOCC1
3395,3396,Cc1nn(CC(=O)N2CCCC2)c(C)c1Cl
3396,3397,Cc1cc(C)cc(OCC(=O)Nc2ccc(N3CCCCCC3)cn2)c1
3397,3398,[NH3+]CCc1cnc(C2CCSCC2)s1
3398,3399,Cc1ccc(n2nc(C)c3c(C(=O)Nc4ccc(F)cc4)cn(c4ccc(Br)cc4)c3c2=O)cc1C
3399,3400,COc1cc(OC)c(C2c3c(oc4c(C)cc(C)cc4c3=O)C(=O)N2c2ccc(F)cc2)cc1OC
3400,3401,CS(=O)(=O)N(Cc1ccc(C(=O)NCC2C[NH+](Cc3ccccc3)CCO2)cc1)c1ccccc1
3401,3402,CCCCOC(=O)c1cccc(NC(=O)C(OC(=O)c2ccccc2C)c2ccccc2)c1
3402,3403,CCCC(C)COc1nc(NCC)c(F)cc1F
3403,3404,COc1ccc(CNC(=O)C(C)(C)N2CCC[NH2+]CC2)cc1OC
3404,3405,CCCCCC(=O)Nc1cccc(c2csc(CC#N)n2)c1
3405,3406,Cc1cc(N(C)CC(=O)NC2CC2)ncc1Br
3406,3407,CC(C)(C)C1CCC(C(O)C(CS(C)(=O)=O)NC(=O)OC(C)(C)C)C1
3407,3408,CCOC(=O)c1ccc(n2c(=O)c3ccccc3n3c(SCC(=O)c4ccc(N(C)C)cc4)nnc32)cc1
3408,3409,Nc1cc(Br)c(OC(F)F)nc1C[NH3+]
3409,3410,COC(=O)C(C)(C)NC(=O)c1nccc2occc12
3410,3411,O=C([O-])c1cccc(n2nc(Cc3ccc(O)cc3)c3c2-c2ccccc2CC3)c1
3411,3412,CC(C)NC(=O)N1CCc2ccccc2C1
3412,3413,CC(C)[NH+]1Cc2cnn(c3cccc(C#N)c3)c2C1
3413,3414,CCCc1cc(CCC)cc(C(N)=O)c1
3414,3415,Cc1cc(F)c(F)c(c2cccc(c3[nH]c(c4[nH]nc5ncc(c6cncc(NC(C)C)c6)cc54)nc3c3ccc4c(c3)CCO4)c2)c1F
3415,3416,CNc1cc(C2CCN(C(=O)c3cccc(C)n3)CC2)nc(c2cccnc2)n1
3416,3417,CC[NH2+]C(Cc1cc(Cl)ccc1OC)c1ccncc1F
3417,3418,COc1ccc(NC(=O)c2cc(C)n(Cc3ccccc3)c2C)c(OC)c1
3418,3419,CCOc1cc(C(=O)NCC2(C)CCCCC2)ccc1OCc1ccncc1
3419,3420,CC(C)(C)C(Br)CCC(F)(F)F
3420,3421,Cc1ccc(N(C)c2cnn(C(C)C(=O)[O-])c(=O)c2[N+](=O)[O-])cc1
3421,3422,CC(C)C(C)NC(=O)c1ccccc1NC(=O)CNc1ccccc1
3422,3423,COc1ccc(N2CC[NH+](CC(=O)Nc3nn(Cc4ccc(Cl)cc4Cl)cc3Cl)CC2)cc1
3423,3424,O=C(c1cccc(NC(=O)C2CC(=O)N(c3ccc4c(c3)OCCO4)C2)c1)N1CCOCC1
3424,3425,Cc1nn(Cc2ccccc2)c(Cl)c1C=Nn1c(=O)c2ccccc2nc1c1cc2ccccc2o1
3425,3426,O=C(c1cnc(Nc2cccc(F)c2)nc1)N1CCOCC1
3426,3427,CNc1cc(NCCCC#N)nc(C2CC2)n1
3427,3428,CC1=C(C(=O)Nc2cccc(Cl)c2C)C(c2ccc(OC(F)F)cc2)C2=C(CCCC2=O)N1
3428,3429,CCOc1ccc(C(=O)NNC(=O)c2cccc(NC(C)=O)c2)cc1
3429,3430,CC1CC2C[NH2+]CC(CO1)C21OC(=O)c2c(Cl)ccc(Cl)c21
3430,3431,CC1CN(C(=O)C2CCCC2(C)C)CC(CO)O1
3431,3432,COc1ccc(C)cc1CC(=O)NCCc1ccc(OCC(=O)[O-])cc1
3432,3433,O=C1NC2(C(=O)Nc3ccc(Cl)cc32)C(c2ccccn2)N1
3433,3434,CC(NC(=O)C1CC[NH+](CC(=O)Nc2cc(C(=O)N3CCCC3)ccc2Cl)CC1)C(=O)Nc1ccc(F)cc1Cl
3434,3435,CC(C)(C)C(=O)Nc1ccccc1Oc1ccccc1
3435,3436,CCn1c(SCC(=O)Nc2ccc(S(=O)(=O)N3CCOCC3)cc2)nnc1c1cccs1
3436,3437,COc1ccc(S(=O)(=O)NCC(=O)N(Cc2ccccc2)Cc2ccc(C)o2)cc1
3437,3438,CCCCN(CC)C(=O)Cn1cnc2c(cnn2c2ccccc2C(F)(F)F)c1=O
3438,3439,Cc1ccc(S(=O)(=O)NC(=O)NC2CCCCC2)cc1
3439,3440,FC(F)(F)c1c(I)ccc(I)c1I
3440,3441,Cn1cc(CC[NH2+]CC2CCN(c3cccc(Cl)c3)C2)cn1
3441,3442,O=C(c1ccc2ncsc2c1)N1CCC(O)(c2noc(C3CCCC3)n2)CC1
3442,3443,COc1ccccc1C1CC(=O)Nc2c(c3ccc(F)cc3)c(C)nn21
3443,3444,CC(C)([NH3+])c1noc(CCC(=O)Nc2ccc(N3CCOCC3)cc2)n1
3444,3445,COc1cnc(OC)cc1C(=O)NS(=O)(=O)CC1CC1
3445,3446,Cn1c(C2CCCO2)nnc1N1CCCCCCC1
3446,3447,C=C(C[NH3+])COc1ccc(F)c(F)c1
3447,3448,CC(C)C(C#N)C(=O)N1CCC(C(C)(C)C)C1
3448,3449,CC(NS(=O)(=O)c1ccccc1)C(=O)OCC(=O)Nc1cccc(Cl)c1Cl
3449,3450,CC1OCCC1Nc1c(N)ccc2ccncc12
3450,3451,Cn1c(C=Cc2ccc(c3c(C=Cc4cccs4)nn(Cc4ccccc4)c3Cl)cc2)n[nH]c1=S
3451,3452,CCOc1ccc(N(C(=O)CC)C2CCS(=O)(=O)C2)cc1
3452,3453,CCCc1cc(NC(=O)N2Cc3cccc(OC)c3C2)n[nH]1
3453,3454,COc1ccc(NC(=O)CSc2nnc(NC(=O)c3ccc(Cl)cc3)s2)cc1Cl
3454,3455,COCCCN(C)S(=O)(=O)c1c[nH]c2ccc(N)cc12
3455,3456,CSCCC(NC(=O)C=CC(=O)[O-])C(N)=O
3456,3457,COc1ccccc1OCCCCn1ccc2ccc(Cl)cc21
3457,3458,CCCCOC(=O)CCC(=O)c1ccc2c(c1)C(=O)NCC2
3458,3459,O=C(CCC1CCCC1)NC1C2COCC21
3459,3460,CCCCNC(=O)C[NH+]1CCN(Cc2csc(CC)n2)CC1
3460,3461,Cc1cc(c2nnc(C(Cl)Cl)o2)n[nH]1
3461,3462,FC(F)(F)COc1c(Cl)cccc1CNc1cccc(c2nnnn2C2CCCCC2)c1
3462,3463,COc1ccccc1N1CCN(C(=O)Cn2cc(CC3CCCCC3)c3ccc(Br)cc32)CC1
3463,3464,O=C1SC(=Cc2cc(Br)cc([N+](=O)[O-])c2[O-])C(=O)N1Cc1ccccc1Cl
3464,3465,COc1ccc(c2cc(c3ccc(C)cc3)c3ccccc3[n+]2O)cc1
3465,3466,COCC[NH2+]Cc1cc(Cl)cc(OC)c1OCc1cncs1
3466,3467,CCc1ccc(OCCCC(=O)N2CCCC2)cc1
3467,3468,CCCCCCc1ccc(OCCC[NH+]2CCN(c3ccc(c4cc(CCCCCC)no4)cc3)CC2)cc1
3468,3469,Cn1cc(NC(=O)C2CCC[NH+]2Cc2cccnc2)cn1
3469,3470,CS(=O)(=O)NCCNc1ccc(C(F)(F)F)nn1
3470,3471,CCc1ccc(OC(F)F)c(OC(F)(F)F)c1CC[NH3+]
3471,3472,CCC1(CC)C[NH2+]C(C(C)C)CN1Cc1sccc1Br
3472,3473,O=C(c1cc(c2ccco2)nn1c1ccc(F)cc1)N1CCN(c2ccccc2)CC1
3473,3474,COC(=O)c1ccccc1NC(=O)c1n[nH]c2c1CCC(C)C2
3474,3475,COCCC(=O)N1CCC(CC(=O)N2CCC(c3cccc(Cl)c3)C(C)(C)C2)CC1
3475,3476,C=CC(C)(OC(C)=O)C1CC(C)(CC)C1
3476,3477,CCCCn1c(CC)c(C(=O)NCC(CC)CC)c2c1c(=O)[nH]c(=O)n2CC
3477,3478,COC(=O)C=Cc1ccccc1C(=O)OC
3478,3479,O=C(NC(c1ccc(Br)cc1)c1ccc(Cl)cc1)c1cccc2ccccc12
3479,3480,COc1ccc(NC(=O)C(=O)NCC2CC[NH+](Cc3cn4ccccc4n3)CC2)cc1
3480,3481,COc1cccc2c1nc(C(F)F)n2c1nc(C(=O)NCc2cnc3[nH]cccc2-3)cs1
3481,3482,O=C([O-])C1CCC2C3CC=C4CC(=O)CCC4(C)C3CCC12C
3482,3483,CC(C)=CCNc1c(F)cc(F)cc1F
3483,3484,C=CC(CC1CCC(CCCCCCCCCCC)CC1)c1ccc(c2ccccc2)cc1
3484,3485,CC(C)c1nn(C)c(NC2(C)CCOC2C)c1[N+](=O)[O-]
3485,3486,O=C1CCCc2cc(C(=O)CCn3cncn3)ccc2N1
3486,3487,O=C([O-])Cc1ccc(NC(=O)C2Cc3ccccc3O2)cc1Cl
3487,3488,CCCCC(C)Nc1cc(C)c(OC)cc1Cl
3488,3489,C[NH2+]C(c1ccc(C)c(C)c1)C1SCCSC1C
3489,3490,CCn1cc(C(=O)[O-])c(=O)c2cc(F)c(N3CC[NH2+]CC3)cc21
3490,3491,CC(C)CC1CN(CC2CCCS2(=O)=O)C(CC(C)C)C[NH2+]1
3491,3492,CCOC(=O)N1c2ccc(OC)nc2C(N(C)c2cc(C(C)(C)OC)cc(Cl)n2)CC1CC
3492,3493,CCOC(=O)c1c(C)[nH]c(C(=O)Nc2ccc(OCC(=O)N3CCC(C)CC3)cc2)c1C
3493,3494,Cc1cccc2c(C(N)=[NH2+])cc(C)nc12
3494,3495,COCCc1ccc(C[NH2+]C2(CO)CCCCC2)cc1
3495,3496,COc1ccc(OCC(=O)NNC(=O)c2ccno2)cc1
3496,3497,O=C(C1CCOC1)N1CCCC2(CC[NH2+]C2)C1
3497,3498,O=C(CNC(=O)C1CC1)NCc1ccn[nH]1
3498,3499,CC[NH2+]C(c1cccc(Br)c1F)c1c(C)cc(C)cc1F
3499,3500,CS(=O)CC(=O)NC1CCOCC1
3500,3501,Cc1cc(NC(=O)c2cccc(S(=O)(=O)N3CCCC3)c2)n(c2cccc(Cl)c2)n1
3501,3502,C=C(C=CCc1c(CO)cccc1[N+](=O)[O-])C(=O)OC
3502,3503,CCOc1cccc(C2C(=C([O-])c3ccc(OCC(C)C)c(C)c3)C(=O)C(=O)N2c2cccc(C)c2)c1
3503,3504,CC1CN(C(=O)c2ccccc2NS(=O)(=O)c2ccc3c(c2)OCCO3)CC(C)(C)O1
3504,3505,CCCCN(c1ccccc1)c1nc(C)nc(CC)c1C[NH3+]
3505,3506,[NH3+]CCc1cccc(OCc2ccc(F)c(Cl)c2)c1
3506,3507,CC(=O)c1c(=O)nc(c2cccc(Cl)c2)[nH]c1c1ccccc1
3507,3508,[NH3+]C1(C(=O)N2CCCC(NC(=O)c3ccc(Cl)c(Cl)c3)C2)CCCCCC1
3508,3509,O=C(NCc1ccc(S(=O)(=O)N2CCOCC2)s1)C1CCC[NH2+]C1
3509,3510,CCOC(=O)ON1C=C2C=CC(C)(C)CCC2C1
3510,3511,CCCS(=O)(=O)CCOc1ccc([N+](=O)[O-])cc1C(=O)[O-]
3511,3512,CC1CCC2(OC1)OC1CC3C4CCC5CC(OC6OC(C(=O)[O-])C(O)C(O)C6O)CCC5(C)C4CCC3(C)C1C2C
3512,3513,CCOCC(=O)NCC1(O)CCC1
3513,3514,Nc1cccc(C2CCN(C(=O)c3ccc(=O)n(CCCF)n3)CC2)c1
3514,3515,COc1ccc(C(CNC(=O)c2coc(C[NH3+])c2)[NH+]2CCOCC2)cc1
3515,3516,CCc1ccsc1C([NH2+]C)C1CCCOC1
3516,3517,CCC(C(=O)[O-])N(C)C(=O)C(C)Sc1nnc(c2ccc(Cl)cc2)n1C
3517,3518,O=C(NCC(c1cccs1)[NH+]1CCOCC1)C1C2C=CC(C2)C1C(=O)[O-]
3518,3519,COc1ccc(c2nnc3cnccn32)cc1NC(=O)C=Cc1ccc(F)cc1
3519,3520,Cc1c(N)ncnc1SCc1ccccc1F
3520,3521,COC(=O)C=Cc1ccc(NC(=O)CC2CCCCC2)nc1
3521,3522,C[NH2+]C(CC[NH+]1CCCC(OC)C1)c1ccccc1OC
3522,3523,CCCOC(=O)c1ccc(NC(=O)C2CCN(S(=O)(=O)c3cccs3)CC2)cc1
3523,3524,Cc1ccc2c(c1C)CCc1sc-2cc1c1ccc2c(c1)CCO2
3524,3525,CCC(C)C(NC(=O)C([NH3+])CCCC[NH3+])C(=O)NC(CCC(=O)[O-])C(=O)NC(CC(N)=O)C(=O)[O-]
3525,3526,COc1nn(CC(=O)NCc2cccnc2)c(=O)cc1I
3526,3527,CC(=O)Nc1ccc(CC(=O)N(C)CC(O)C2CC2)c(C)c1
3527,3528,Cc1cc(C(=O)N2CCOCC2C2CCCC2)cc(S(=O)(=O)N(C)C)c1C
3528,3529,C=CCCC(CCC(F)(F)C(F)(F)C(F)(F)F)C(=O)N1C(c2nc3nc(C(F)(F)F)ncc3[nH]2)CC2CC21
3529,3530,O=C(CCc1nc(c2cccnc2)no1)NC1(C(=O)[O-])CC1
3530,3531,CCOC(=O)c1c(NC(=O)CCSc2ccc3ccccc3n2)sc(C(=O)Nc2ccc(Cl)cc2)c1C
3531,3532,CCc1cccc(OCC([NH3+])C(C)CC)c1
3532,3533,Nc1c2c(nc(NCc3ccc(F)cc3)nc2c2ccc(F)cc2)nn1c1ccc(F)cc1F
3533,3534,O=C(NN=Cc1cccc(Br)c1)c1cccc(S(=O)(=O)N2CCOCC2)c1
3534,3535,C=CCNC(=O)c1ccccc1OCc1ccc(Cl)cc1
3535,3536,COC(=O)c1ccc(c2ccc(c3cc(C(=O)NC4CCCc5ccccc54)ccc3C)cc2)nc1
3536,3537,Cc1c(C=C2SC(=S)N(c3ccccc3)C2=O)c2ccccc2n1Cc1ccccc1Cl
3537,3538,COc1cncc(C(Cc2ccccn2)NN)c1
3538,3539,O=c1nc(c2c(Cl)cccc2Cl)[nH]c2c1C[NH+](Cc1ccccc1)CC2
3539,3540,CCCCCCCc1ccc(C(=O)CCCCCC(CCCCCC)N(C)N=Cc2ccc(OCCCCCCCC)cc2)cc1
3540,3541,CC(C)COc1c(F)ccc(F)c1C(N)=O
3541,3542,O=C(NCc1ccnc2ccccc12)N1CCC2(CCOCC2)C1
3542,3543,CC[NH2+]Cc1cc(S(=O)(=O)NC2CCC(O)CC2)ccc1F
3543,3544,COc1ccc(CSc2nnnn2c2ccccc2F)cc1F
3544,3545,C=CCn1c(O)c(N=NC(=S)N(CC)CC)c2ccccc21
3545,3546,COc1c(C)cc(C([NH2+]C2CC2)C(C)C)c(C)c1C
3546,3547,CCC1CCCCC1Oc1cccc(CCl)c1
3547,3548,CC(C)CNc1c(C#N)c[nH+]c2c(Cl)cc(Br)cc12
3548,3549,C[Si](C)(C)CCOCn1cc([N+](=O)[O-])c(=O)c([N+](=O)[O-])n1
3549,3550,CSc1nsc(NC2CC(c3ccc(F)cc3)C2)n1
3550,3551,O=C(C[NH+]1CCN(C(=S)Nc2ccccc2Cl)CC1)Nc1ccccc1
3551,3552,O=C(Nc1cccc(Cl)c1)C1CCCN(C(=O)c2ccc3nc[nH]c3c2)C1
3552,3553,COc1ccc(OC)c(C2=C(O)C(=O)N(c3ccc(F)c(Cl)c3)C2c2ccc(C(C)C)cc2)c1
3553,3554,NC(=[NH2+])c1ccnc(Sc2ccccc2Cl)c1F
3554,3555,CCOc1ccc(C=C(C#N)C(=O)Nc2cc(Cl)ccc2C)cc1
3555,3556,Cc1ccc(F)c(C2(C)CCC[NH2+]2)c1F
3556,3557,CCOC(=O)c1ccc(NC(=O)Cn2c(=O)n(Cc3cccs3)c(=O)c3sccc32)cc1
3557,3558,COc1cnc2c(OC)c(N)c(OC)nc2n1
3558,3559,O=c1c2c([nH]n1c1ccccn1)CCC2
3559,3560,O=C(COC(=O)c1ccc(Cl)c(S(=O)(=O)N2CCCCCC2)c1)NCc1ccccc1Cl
3560,3561,CCC(C)C(=O)Nc1ccc(NC(=O)C(C)NC(=O)C2CC[NH+](C(C)C(=O)Nc3ccc(Cl)c(C(=O)NCC(C)C)c3)CC2)cc1OC
3561,3562,CC1CCC[NH+](C(C)(C)CNC(=O)C2CCCO2)C1
3562,3563,[NH3+]C(Cc1ccc(O)cc1)c1nc(C(=O)NCCC(=O)[O-])co1
3563,3564,Cc1ccc(Oc2ncnc(NCCC(C)C)c2[N+](=O)[O-])cc1
3564,3565,CCc1cc(C(=O)Nc2c(C)cccc2C)cc(NN)n1
3565,3566,CCOC(SCc1ccnc(Cl)c1)C(N)=O
3566,3567,Cc1cc(=O)[nH]c2cc(C3(C(=O)Nc4ccc(S(=O)(=O)NC(C)C)cc4)CCC3)ccc12
3567,3568,COc1ccc(C([NH3+])C2CSc3ccccc32)c(OC)c1
3568,3569,Nc1ccc(CCc2ccc(c3cc(C(=O)[O-])c4ccccc4n3)cc2C(=O)[O-])cc1
3569,3570,COCC[NH2+]CCCS(=O)(=O)C1CCCCC1
3570,3571,Cc1nc(C[NH+]2CCCN(C(=O)C3CCN(S(=O)(=O)c4ccccc4F)CC3)CC2)cs1
3571,3572,Cc1cc(OCC(=O)NNC(=S)Nc2ccccc2Oc2ccccc2)c(C(C)C)cc1Cl
3572,3573,COc1cc(N)ccc1S(=O)(=O)N1CCCC(C)(O)C1
3573,3574,CC(C)n1ccc(C[NH2+]CC2(O)CCCCCC2)n1
3574,3575,O=C(C=Cc1ccc2c(c1)OCCCO2)N1CCCC1c1nc2ccccc2s1
3575,3576,O=C(c1ccc(N2C(=O)C3CC=C4C(CC5(Cl)C(=O)N(CBr)C(=O)C5(Cl)C4c4cc(Cl)ccc4O)C3C2=O)cc1)C1=Cc2cc(Cl)cc(Cl)c2OC1
3576,3577,O=C(c1cccnc1OC1CCSC1)N1CCC(O)(c2ccc(Cl)cc2)CC1
3577,3578,COc1ccc(OC)c(C(C)NC(=O)C2(c3ccc4c(c3)OCO4)CC2)c1
3578,3579,CC1C[NH2+]CCC1[NH+]1CCN(Cc2ccccc2)CC1
3579,3580,C=CCN1C(=O)C(=Cc2c(OCc3ccccc3Cl)ccc3ccccc23)C(=O)NC1=S
3580,3581,C=CCN(C(=O)c1sc2ncn(C)c(=O)c2c1C)c1nc(c2ccccc2)cs1
3581,3582,CC1CC1C([NH3+])c1ccc(C(F)(F)F)cc1
3582,3583,Cc1ccc(c2cn3cc(C4CCN(C(=O)c5ccc(Cl)cc5)CC4)ccc3[nH+]2)cc1
3583,3584,C=C(C)CN1C(=O)CCc2cc(NC(=O)Nc3ccccc3C)ccc21
3584,3585,COC(=O)c1cc(OC)c(OC(F)F)nc1C(=O)[O-]
3585,3586,C=CCNC(=O)C(C)Oc1ccccc1CC[NH3+]
3586,3587,CC(C)NC(=O)c1ccnc(Nc2c(F)cccc2F)c1
3587,3588,COc1cccc(CCNc2cc(C(=O)Nc3cc(Cl)c(Cl)cc3OC)ccn2)c1
3588,3589,N#CSCc1ccc(c2ccc(C(=O)[O-])cc2)cc1
3589,3590,CCOc1ccc(CNC(=O)c2ccc3c(c2)OCO3)cc1
3590,3591,O=C(c1ccc(C(F)(F)F)cc1)N1CC[NH+](Cc2nnnn2c2cc(Cl)ccc2Cl)CC1
3591,3592,Cc1cccc2c1CCN2c1cnc(C)nc1
3592,3593,COc1ccccc1OCC(=O)N1CCN(c2ccc(c3cccnc3)nn2)CC1
3593,3594,O=C(Nc1ccccc1)c1cc(NCc2ccccc2Cl)ncn1
3594,3595,CC1(O)CCC2(C)C(CCC3C2CCC2(C)C3CC3OC32O)C1
3595,3596,C=C(C=C([NH3+])c1c(C)cc(C)cc1C)C1C2=CCC3(OCCO3)C21C
3596,3597,COc1ccc(C(C)[NH2+]C2CCCC(C)C2)cc1OC
3597,3598,O=C(c1ccc(=O)n(c2ccccc2)n1)N1CCC(C2CCOCC2)C1
3598,3599,O=c1ccc(c2ccncc2)nn1CC1CC[NH+](Cc2cc(C3CC3)on2)CC1
3599,3600,CC(=O)n1cc(CN2C(=O)c3ccccc3C2=O)c2cc(F)ccc21
3600,3601,CC(C)(C)OC(=O)Oc1ccc(C#Cc2cccc(OCCC[Si](c3ccc(C(=O)On4c(O)ccc4O)[nH]3)(c3ccc(C(=O)On4c(O)ccc4O)cc3)c3ccc(C(=O)On4c(O)ccc4O)cc3)c2)cc1
3601,3602,N#Cc1ncccc1COc1c(Cl)cc(C=O)cc1Cl
3602,3603,COc1ccc(C(C)=NNC(=O)COc2cc(C)ccc2C(C)C)cc1C
3603,3604,CC(C)CCNC(=O)C[NH+]1CCN(S(=O)(=O)c2ccc(C(F)(F)F)cc2)CC1
3604,3605,O=C(Nc1ccc(NC(=O)C2CC2)cc1)NC1CCCCC1
3605,3606,CC(OC(=O)c1cc2c(s1)CCC2)C(=O)NC1CCS(=O)(=O)C1
3606,3607,COc1ccccc1NC(=O)CN1CCN(CC(=O)N(C)c2ccccc2)CC[NH+](CC(=O)c2cc(C)n(c3ccccc3OC)c2C)CC1
3607,3608,COc1ccc(c2noc(CS(=O)(=O)CCC(=O)Nc3ccc(Cl)cn3)n2)cc1
3608,3609,CC1C([NH+](C)CCCOc2ccc(C3=C(C(=O)[O-])N4C(=O)C([NH3+])C4SC3)cc2)CC1(C)C
3609,3610,O=C([O-])C1=NOC(C(=O)N2CCC(O)(Cc3ccccc3)CC2)C1
3610,3611,O=C([O-])C(O)c1c(Br)sc2c1CCC2
3611,3612,CN(CC(=O)Nc1cccc(S(=O)(=O)[O-])c1)C(=O)c1ccccc1I
3612,3613,CCOc1ccc(C2C(c3ccc(OCC(C)C)c(OC)c3)=C(O)C(=O)N2c2ccc(OC)cc2OC)cc1
3613,3614,C=CCNc1cc(C(=O)Nc2ccccc2Cl)ccn1
3614,3615,O=C(NCC1COCCO1)N1CCCC1Cn1ccnn1
3615,3616,Cc1ccoc1C(=O)Nc1cccc(NC(=O)NCC2CCCO2)c1
3616,3617,COc1ccc2c(c1)CC([NH2+]C1CCC1)CC2
3617,3618,Cn1ccc(C(=O)Nc2ccc(Oc3ccc(n4ccc(C(F)(F)F)n4)nn3)cc2)n1
3618,3619,Cc1oc(C(O)C(C)C)cc1S(=O)(=O)Cl
3619,3620,CCC(C)C(NC(=O)C(CCC(N)=O)NC(=O)C([NH3+])C(C)C)C(=O)NC(C(=O)[O-])C(C)C
3620,3621,Cc1cc(C)c(N(CCNC(=O)c2ccccc2Br)S(C)(=O)=O)c(C)c1
3621,3622,O=C(CCc1csc(c2ccsc2)n1)NCCCc1ccc(n2ccnc2)cc1
3622,3623,Fc1cnc(C(F)(F)F)c(CCl)c1
3623,3624,Cc1ccc(OC(F)F)c(c2nn(C3CC4CCC(C3)[NH2+]4)cc2C)c1
3624,3625,COCCN(Cc1ccc(OS(C)(=O)=O)cc1)C(=O)CNC(=O)c1cccc(C(F)(F)F)c1
3625,3626,Cc1cc(Br)ccc1Nc1ccn2ncc(c3ccc(OC4CCOCC4)cc3)c2n1
3626,3627,CC(C)(C)c1ccc(C(=O)NC2CCN(C(=O)c3cc(Br)ccc3Cl)CC2)cc1
3627,3628,COc1c(C)c(C2(O)CC2)cc(O)c1Cl
3628,3629,CC(C)(C)C(=O)N1CCC2(CC1)C[NH+](C1CCCC1)C(CO)O2
3629,3630,CSCCCCCCNc1ccccc1Br
3630,3631,COc1ccc(C=NN=C(c2ccc(C)cc2)c2c(O)[nH]c3ccccc23)cc1OC
3631,3632,CC(C)COCCC(=O)Nc1sccc1C(=O)[O-]
3632,3633,O=C(CCC(=O)N1CCCCCC1)OCc1csc(c2ccc(F)cc2)n1
3633,3634,C=CCOc1c(I)cc(C=C(C#N)C(=O)Nc2ccc(OC)cc2)cc1OC
3634,3635,O=C(Nc1nc(CC(=O)N2CCOCC2C(=O)[O-])cs1)c1cccc(Br)c1
3635,3636,O=C(c1cnn2ccncc12)N1CCCC(C(=O)N2CCCC2)C1
3636,3637,C=CC1C(CCC)C1C(=O)[Se]c1ccccc1
3637,3638,CC(=O)Nc1cc(NC(=O)CNC(=O)C2CC[NH+](C(C)C(=O)Nc3cc(C(=O)Nc4ccc(F)cc4)ccc3C)CC2)ccc1F
3638,3639,CCOc1ccc2c(c1)CCC1C2CCC2(C)C(=O)C3(C)C(OC(=O)CC4CCOCC4)CCCC3C12
3639,3640,CC[NH2+]C(CN(CC)C1CC1)c1ccccc1
3640,3641,CCC(C)(OC)c1noc(CC([NH3+])c2ccccc2)n1
3641,3642,C=CCn1c(SCc2nnc(c3ccsc3)o2)nnc1c1cccnc1
3642,3643,CC(C)N1CC[NH+](C(CO)c2ccc(O)cc2O)CC1
3643,3644,C=CCC1CC2CC1CC2O
3644,3645,CC(C)(C)c1ccc(NC2CCCS(=O)(=O)C2)nc1
3645,3646,CC(C)C(NC(=O)C(Cc1ccccc1)NC(=O)C(C)NC(=O)C1CCCN1C(=O)C([NH3+])C(C)C)C(=O)[O-]
3646,3647,Cc1cc(C(=O)c2ccccc2C)cc(C)c1C1=[NH+]C2(CCOCC2)C(=O)N1CC1CC[NH2+]CC1
3647,3648,O=C([O-])c1cc(OCc2cccs2)ccn1
3648,3649,CCCCN(CCCC)c1nc2c(c(N(C)CC[NH+](C)C)n1)CN(C(C)C)C2=O
3649,3650,O=C(NCCc1cccc(F)c1)c1cnc(NCc2ccccc2)s1
3650,3651,COc1ccc(N2C(=O)NC(=O)C(=Cc3cccc(OCc4ccccc4)c3)C2=O)cc1
3651,3652,CC1=Cc2c(ccc(c3ccc4c5ccc6cc(C)ccc6c5n(c5ccccc5)c4c3)c2c2cccc3c2oc2ccccc23)OC1
3652,3653,Cc1ccn(c2ccc(O)c(C(=O)[O-])c2)n1
3653,3654,Cc1c(C(=O)Nc2ccccc2C(=O)NCc2ccccc2)nnn1c1ccccc1
3654,3655,CCCc1noc(COC(=O)c2ccc3c(c2)NC(=O)CS3)c1C(=O)[O-]
3655,3656,CCC1(CC)CN(CC2COCCO2)C(CC)C[NH2+]1
3656,3657,O=c1cc2c(nn1CC1C[NH+](C3CC[NH+](C4CC4)CC3)C1)CCC2
3657,3658,CC(C)(c1cccc(N2CCOC2=O)c1)S(C)(=O)=O
3658,3659,COc1cc(OC)c(OC)cc1CNC(=O)Cn1c(=O)n(C)c2ccccc21
3659,3660,CC(=O)NC(CSC1CC(=O)N(c2ccc([N+](=O)[O-])c(OC(C)C)c2)C1=O)C(=O)[O-]
3660,3661,COc1ccc(c2csc(NC(=O)C3CC(c4ccccc4)=NO3)n2)cc1
3661,3662,Cc1c(NC(=O)C(C)[NH+]2CCC(C(=O)NCC(=O)Nc3ccccc3C(=O)NC(C)C)CC2)cccc1C(=O)Nc1ccccc1F
3662,3663,COC(=O)c1cnc(N(CCc2cccc(Cn3nc(C)c(Cl)c3C)c2)Cc2ccccc2C)nc1C
3663,3664,COc1ccc(C(C)=O)c(OCCCCl)c1
3664,3665,Cc1ccc(c2noc(CCC(=O)N3CCCCCC3C[NH3+])n2)cc1C
3665,3666,Cc1nnc(NC(=O)CSc2ncccn2)s1
3666,3667,COc1ccc(C(=O)Nc2cccc(S(=O)(=O)NC3=NCCCCC3)c2)nn1
3667,3668,CC1=C(c2ccc(F)cc2)S(=O)(=O)N(CC(=O)Nc2ccccc2C(F)(F)F)C1=O
3668,3669,Cc1ccc(C([NH3+])Cc2nc(C)cs2)cn1
3669,3670,Cc1cc(NC(=O)N2CC3CC2CN3c2nc3ccccc3s2)no1
3670,3671,CCC1(C(O)C(C)(C)CC)CC1
3671,3672,COC(=O)C(Cc1ccccc1)NC(=O)COc1ccc(O)cc1
3672,3673,C=CC(=O)N1CCN(C(=O)c2ccc(OC)c(Oc3cc(C#N)ccn3)c2)CC1
3673,3674,CC1(C)C2CCC1(C)C(Oc1ccc([N+](=O)[O-])cc1[N+](=O)[O-])C2
3674,3675,COc1cc2c(cc1C)c(=O)cc(Nc1ccccc1)n2c1ccccc1
3675,3676,O=c1ccc2cccc(O)c2o1
3676,3677,COC(=O)c1cc(NC(=O)c2ccc(COc3cc(C)c(Cl)c(C)c3)o2)ccc1Cl
3677,3678,CCCOC(=O)c1ccc(OC(=O)C2CCC(C(=O)OCC(Cl)Cl)CC2)cc1
3678,3679,Cn1cc(CCNC(=O)c2ccc(Cl)c(C(F)(F)F)c2)nn1
3679,3680,O=C(CCC(=O)N1CCc2sccc2C1c1cccs1)NC12CC3CC(CC(C3)C1)C2
3680,3681,CCCCC(CC)CPP(C(CC(CC)CCCC)C(CC)CCCC)C(C)CC
3681,3682,O=C(Nc1nc(c2cc3cccc(Cl)c3o2)cs1)c1ccc(F)cc1Cl
3682,3683,COc1ccc(C(=O)Nc2cc(NC(=O)CNC(=O)C3CC[NH+](C(C)C(=O)Nc4cc(C(=O)NC5CCCC5)ccc4C)CC3)ccc2F)cc1
3683,3684,O=C(COC(=O)C1(c2ccccc2F)CCCCC1)Nc1ccc(F)cc1
3684,3685,O=C(COc1ncnc2scc(c3ccccc3)c12)Nc1ccc2c(c1)OCCO2
3685,3686,Nc1ccc(S(=O)(=O)N(CCO)CC(F)(F)F)c(F)c1
3686,3687,O=C([O-])Nc1ccc2ncc(c3cn4ccccc4[nH+]3)cc2c1
3687,3688,Cc1ccc2c(c1)CCCN2C(=O)C1CSC2(C)CCC(=O)N12
3688,3689,COC(=O)c1cc2oc3cc(OCCCCCCn4ccnc4)ccc3c([O-])c-2c(=O)c1
3689,3690,C=CC(=O)OCOC(=O)C([NH3+])C(C)CC
3690,3691,Cc1c(N)cc(N)c(O)c1N
3691,3692,N#Cc1ccccc1OCc1ccc(C(=O)NCc2cccnc2)o1
3692,3693,C=CCNc1cc(OC)ncn1
3693,3694,COc1ccc(NC(=O)c2ccc(NCc3ccccn3)nc2)cc1OC
3694,3695,CC1CCCN(C(=O)c2ccc(Cl)c(NC(=O)C[NH+]3CCC(C(=O)Nc4ccc(C(=O)N5CCCC(C)C5)c(Cl)c4)CC3)c2)C1
3695,3696,[NH3+]CC(Cc1ccoc1)c1ccc2c(c1)OCCO2
3696,3697,CCC1(CC)CN(Cc2ccc(I)cc2)C(CC)(CC)C[NH2+]1
3697,3698,Cc1cc(C)n(CC(C)CNC(=O)c2cc(C(C)C)nc3c2c(C)nn3C(C)(C)C)n1
3698,3699,CCc1c(N)c(C(=O)[O-])sc1c1ccsc1C
3699,3700,O=c1c2c3c(sc2ncn1CCCl)CCCC3
3700,3701,CC1C[NH2+]CCC1NC(=O)NC1(C)CCOC1C
3701,3702,COc1ccc(CNc2ncc(C(=O)NCc3ccccc3)cn2)cc1
3702,3703,COc1cccc(CC(=O)N(C)Cc2ccccc2OC)c1
3703,3704,Cc1c2c(cc3c1OC(=Cc1ccc4c(c1)OCO4)C3=O)C[NH+](Cc1ccccc1)CO2
3704,3705,CC1CC1C(=O)Nc1cccc(C(=O)NC2CCCc3c2cnn3C)c1
3705,3706,C=CC(O)C(O)C(O)C=CC(O)C(C)=CC=C(C)CCCCC=CC
3706,3707,COC(=O)C(C)C[NH+](C)C1CCOC(C)C1
3707,3708,CCC1CCC2(CC1)NC(=O)N(CC(=O)OCC(=O)Nc1ccc(OC(F)F)cc1)C2=O
3708,3709,CC(C)(C)c1ccc(Nc2c(Cl)cc(N)cc2C(=O)[O-])cc1
3709,3710,COc1ccc(S(=O)(=O)c2ccc(CC(=NOCc3ccccc3)c3ccc(O)cc3)c(OS(=O)(=O)c3ccc(C)cc3)c2)cc1
3710,3711,CC(CC1CCCCC1)NC(=O)c1nn(c2ccc(Cl)cc2Cl)c2c1CCCC2
3711,3712,O=C1NC2(CCCCCC2)C(=O)N1C1CC[NH+](C2CCCC2)CC1
3712,3713,CCOc1ccc(NC2=C(c3cccs3)C(=O)N(c3cccc(C)c3)C2=O)cc1
3713,3714,N#Cc1c(NC(=O)C2CC[NH2+]CC2)sc2c1CCCCC2
3714,3715,COC(=O)c1cncc(Nc2cc(Br)cc([N+](=O)[O-])c2)n1
3715,3716,CCOC(=O)c1[nH]c(c2ccc(Cl)cc2)c(C(=O)OCC)c1CC
3716,3717,NC(=[NH2+])c1ccc2c(c1)c1ccccc1n2c1ccc(c2ccc(c3ccccc3)cc2)cc1
3717,3718,CCOC(=O)c1c(NC(=O)CCc2cc3cc([N+](=O)[O-])ccc3o2)sc(C)c1C
3718,3719,CCOC(=O)N1CCN(c2nnc(SCC(=O)Nc3ccc(NC(C)=O)cc3)n2CCOC)CC1
3719,3720,CCC(C)n1ccc(C[NH2+]CC2CCCO2)n1
3720,3721,CC(C)(C(N)=O)[NH+]1CCN(c2ccc(C(N)=O)cc2[N+](=O)[O-])CC1
3721,3722,COc1ccc(Nc2nc(N)ncc2C)c(C)c1C
3722,3723,CCOC(=O)c1ccc(N2CC[NH+](Cc3ccccc3)CC2)cc1
3723,3724,CC(=O)Nc1ccc(Sc2ncnc3ccsc23)cn1
3724,3725,Cc1ccc(CN(C)C(=O)CNC(=O)C[NH3+])o1
3725,3726,CC(CC1CCC1)Nc1ncccc1C[NH3+]
3726,3727,Fc1ccccc1Nc1nccc(Cl)n1
3727,3728,CCc1cccc(C2(N=C=O)CCC2)c1
3728,3729,COCC[NH2+]CCNC(=O)c1ccccc1OC1CCCC1
3729,3730,COc1cccc2[nH]c(C(=O)Nc3ccc(C(=O)N4CCCCC4)cc3)cc12
3730,3731,O=P([O-])([O-])OP(=O)([O-])OCCCCCCl
3731,3732,CC(C)=CCCC(C)=CCc1cccc(C(=O)N2CCCC2)c1
3732,3733,CCc1cccc(C)c1NC(=S)NCCc1ccc(F)cc1
3733,3734,CCCc1nc(NN)cc(N(C)Cc2cccc(C)c2)n1
3734,3735,CCn1c(C(C)NC(=O)c2ccc(Cl)cc2Cl)nc2ccccc21
3735,3736,CC(Br)C(C)NC(=O)C1([NH+]2CCOCC2)CCCC1
3736,3737,CCC1C[NH2+]C(C)(C)CN1Cc1ccncc1
3737,3738,N#Cc1cccc(Nc2nc(N)nc(Cl)n2)c1
3738,3739,CC(=O)OCC[NH2+]Cc1ccc([N+](=O)[O-])c(Nc2ccc(S(=O)(=O)[O-])cc2)c1
3739,3740,O=C(Oc1ccccc1C(=O)[O-])Oc1ccc([N+](=O)[O-])cc1
3740,3741,Cc1ccc(C([NH3+])c2ccn(C)n2)cc1Cl
3741,3742,C=C(C1CC(C)(C)N([O-])C(C)(C)C1)C1CC(C)([N+](=O)[O-])C(C)(C2CC2)C(C)O1
3742,3743,C=CCN(CCC)C(=O)C1C2C(=O)N(C(CO)CC(C)C)C(C(=O)N(CC=C)c3ccc(C(C)C)cc3)C23CCC1(C)S3
3743,3744,CC(C)COc1ccc2c(C(=O)Nc3ccccc3)cc(=O)oc2c1
3744,3745,CC(C)(C)C1CNC(C2([NH3+])CC2)CS1
3745,3746,CC(C)[NH+]1CC(NC(=O)NC2CC3CCC2C3)C1
3746,3747,Cc1nc2nc(N)cc(C3CC[NH2+]CC3)n2n1
3747,3748,COc1ccccc1OCC(=O)c1ccc2c(c1)C(=O)N(C)C2=O
3748,3749,O=C(C=Cc1ccc(F)cc1)NC1COC(c2cnc(N)nc2)C(O)C1O
3749,3750,COC(=O)c1c(NC(=O)c2snnc2C(C)C)sc(C(N)=O)c1C
3750,3751,O=C(CCC1CCC[NH2+]1)c1cc2cc(Cl)ccc2o1
3751,3752,CCC(C)C(O)C[NH2+]C1CCC1
3752,3753,N#Cc1ccc(COC(=O)C(Cc2ccccc2)N2C(=O)C3C4CCC(C4)C3C2=O)cc1
3753,3754,O=C([O-])c1cc(S(=O)(=O)NC2CC3CCC2C3)ccc1Cl
3754,3755,Cc1c(C)c(C)c2c(c1C)OC(=CC(=O)c1ccccc1Cl)C2=O
3755,3756,CCOC(=O)c1cnc(SC(CC)C(=O)Nc2cccc3ccccc23)nc1N
3756,3757,CCCCc1nc2ccc(NS(=O)(=O)c3cc(F)ccc3F)cc2[nH]1
3757,3758,Cn1cnnc1C[NH+]1CCC2OCCN(c3ccccc3)C2C1
3758,3759,Cn1ncc(N)c1C(=O)NCC1CCC1
3759,3760,Cc1cc(Oc2ncccc2C[NH2+]C(C)C)n(C)n1
3760,3761,O=C1C=C2C(=CC(=O)c3ccccc32)C(C2CCCCC2)c2ccccc21
3761,3762,N#CC1CN(S(=O)(=O)c2ccoc2)CCO1
3762,3763,COc1cc(n2c(C)nnc2SCc2cscn2)ncn1
3763,3764,C[NH2+]CC1CCC(C)CC1c1ccc(F)cc1C
3764,3765,COc1ccc(CNC(=O)c2ccc3c(c2)N(CC(=O)N2CCCCC2)C(=O)CO3)cc1
3765,3766,CCC1OCCC1NC(=O)NCC1CCCC1C
3766,3767,CCCCc1nn(c2ccccc2C(C)C)c(=O)n1Cc1ccc(c2ccccc2c2nn[n-]n2)cc1
3767,3768,O=C([O-])c1ccc2c(c1)CCN2C(=O)C1COc2ccccc2O1
3768,3769,C=C(NC(C)=O)C(=O)NC(C)C(=O)NCC(=O)NC(CC(=O)[O-])C(=O)NC1C=CCCC1C(=O)[O-]
3769,3770,O=C1C2C3C=CC(C3)C2C(=O)N1CCNc1ncccn1
3770,3771,Cc1[nH]ncc1C(=O)Nc1cc(C(=O)[O-])ccc1F
3771,3772,O=C(NC(Cc1ccccc1)C(=O)Nc1ccc2c(c1)CCO2)c1ccco1
3772,3773,O=C(CCc1nc(c2ccc3c(c2)OCO3)no1)Nc1nc2ccc(Br)cc2s1
3773,3774,O=C(c1ccc([N+](=O)[O-])s1)N(C1CC1)C1CC(=O)N(Cc2ccccc2F)C1
3774,3775,COC(=O)c1ccnc(N2CCc3ccccc3C2)c1N
3775,3776,CCCCc1ccc(n2c(C#N)cc(N)c2NC(=O)c2cccc(OCC)c2)cc1
3776,3777,Cc1cc(F)ccc1N1CCCC1C#N
3777,3778,C=Cc1ccc(COc2ccc(C34CCC(CCCCC)(CC3)CC4)cc2)cc1
3778,3779,Cc1c(NC(=O)C2CC[NH+](CC(=O)Nc3cc(C(=O)NC4CCCCC4C)ccc3Cl)CC2)cccc1C(=O)NC1CCCCC1C
3779,3780,COC(=O)C(NS(=O)(=O)c1ccc(Cl)s1)C(C)C
3780,3781,CC(C)n1cc(N)cc1C(=O)N1CCCCC1
3781,3782,O=C(Cc1cccs1)NCC(O)C[NH+]1CCN(c2ccccn2)CC1
3782,3783,CS(=O)(=O)Nc1ccccc1n1ccnc1
3783,3784,CCOC(=O)c1nn(c2ccc(F)cc2)c2c1C[NH+](Cc1ccc(F)cc1)CC2
3784,3785,CC(C)CNC(=O)N1CCC(c2c[nH]c3ccccc23)CC1
3785,3786,CC1CN(C(=O)NCC2CC3CCCCC3[NH2+]2)CC(C)(C)O1
3786,3787,CCCCc1nc(C)cc(C2=C(O)C(=O)N(c3cccc(C)c3)C2c2cccnc2)c1O
3787,3788,CCC(C)NC(=O)c1cc(NC(=O)C[NH+]2CCC(C(=O)N3CCCC3C(=O)Nc3cccc(C(=O)Nc4ccc(C)cc4F)c3)CC2)ccc1Cl
3788,3789,COc1cccc(CCC(=O)N2CCN(c3ccccc3C)CC2)c1
3789,3790,O=C(NCc1ccccc1)c1ccc2nc(c3ccccc3)[nH]c2c1
3790,3791,CC(C)(Cc1ccccc1)[NH2+]C1CCNC1
3791,3792,Cc1ccc(C(C)NC(=O)c2cc(C(=O)[O-])on2)o1
3792,3793,Cc1cc(CC(O)C(C)C)n(C)n1
3793,3794,Cc1ccc(F)c(CN2CCC(=O)NCC2=O)c1
3794,3795,Nc1cc(Cl)ccc1NC(=O)c1cncc(Br)c1
3795,3796,COc1ccccc1SC1(CO)C=C2C=CC=CC2SN1
3796,3797,COc1ccc(CN(Cc2ccc(OC)cc2)S(=O)(=O)c2ccc3[nH]c(=O)c4ccccc4c3c2)cc1
3797,3798,CC(C)(C)c1ccc(c2ccncc2C=O)cc1
3798,3799,Cc1cc(C)nc(N2CC3CN(c4nc(C)no4)CC3(C(=O)[O-])C2)n1
3799,3800,CCCCCCCOc1cccc(S(=O)(=O)Cl)c1
3800,3801,CC(=O)c1cnc(C)nc1N1CCCC1
3801,3802,[NH3+]CCC(C(=O)[O-])(c1ccccc1)[NH+]1CCCCC1
3802,3803,O=C(Nc1ccccc1SC1CCCC1)C1CCN(C(=O)Nc2ccccc2)CC1
3803,3804,CC(C)(CO)C(=O)NCC1(CO)CCCC1
3804,3805,COc1cc(OC)c(C(=O)NC2(CO)CCCCC2)cc1OC
3805,3806,CC(C)(C)c1cc(=O)oc2cc(OCCCC(=O)N3CCCC3C(=O)Nc3cc(F)ccc3F)ccc12
3806,3807,CC(C)(C)OC(=O)n1ncc2cc(N3CCCC(c4ccccn4)C3)ccc21
3807,3808,Cc1nc(C(C)(C)C)sc1C(C)CC(=O)[O-]
3808,3809,CCCNC(=O)C(C)N(Cc1c(Cl)cccc1Cl)C(=O)CN(c1ccccc1OC)S(=O)(=O)c1ccccc1
3809,3810,O=C([O-])c1ccccc1S(=O)(=O)NCc1ccccc1Cl
3810,3811,CCCCc1nc2ccc(Br)cc2c(=O)n1N=Cc1ccc(OC(C)C(=O)OCC)c(OC)c1
3811,3812,CC1OC(OCCCCCC=O)C(C)C(C)C1O
3812,3813,Cc1cc(F)ccc1C(=O)N1CCC(N2CC[NH2+]CC2)C1
3813,3814,C=CCC(C)[NH2+]CC1(O)CCCCC1
3814,3815,O=C(Nc1ccccc1n1ccnn1)c1cc2c(s1)-c1ccccc1N(C1CCCC1)CC2
3815,3816,CCCCc1ccc(NC(=O)c2ccc(Br)c(N)c2)cc1
3816,3817,CC(=O)NCCc1ccc(C(=O)CSc2nnc3n(CCC(C)C)c(=O)c4ccccc4n23)cc1
3817,3818,O=C1CC2(CCCN(C(=O)C3CCCC3)C2)CN1C1CCCC1
3818,3819,Cc1cc(C(=O)N2CCCC(C)C2)ccc1NC(=O)C(C)[NH+]1CCC(C(=O)Nc2ccccc2C(=O)NCC(C)C)CC1
3819,3820,O=C(NCc1cccc(Cl)c1Cl)c1nn(c2ccc(F)cc2)c2c1CCCC2
3820,3821,CCOc1cccc(C=NNC(=S)NCCc2ccccc2)c1O
3821,3822,COc1cc2c(cc1O)C(c1ccc3nccnc3n1)[NH2+]CC2
3822,3823,COCCCn1ccnc1Nc1c(C)cccc1C
3823,3824,CCOc1ccc(NC2CCCc3ccc(OC)cc32)cc1
3824,3825,N#CCCC(C#N)C1CC=CCC1
3825,3826,COC(=O)C(C)(CN1CCC(OC)CC1)[NH2+]C(C)C
3826,3827,Cc1c(C(N)=O)sc(NC(=O)CCC2CC[NH2+]CC2)c1C(=O)OC(C)C
3827,3828,C=CC[NH+]1C(C=CC)C=CC(O)=C([NH3+])C1(O)c1cc(O)ccc1C
3828,3829,COC(=O)c1c(CC(=O)NCC[NH+]2CCN(C(=O)C3CC3)C(C)C2)[nH]c(C(C)=O)c1C
3829,3830,COC(=O)C=CC(=O)Oc1ccccc1N=Nc1ccc(C)cc1
3830,3831,O=C([O-])CCc1c2c(nc3ccc(O)cc13)CCCC2
3831,3832,COc1ccc(C(=O)NCCCc2nc(c3ccc(Cl)cc3)cs2)cc1
3832,3833,CCOc1ccc2oc(C(=O)NC(C)c3cccc4ccccc34)cc2c1
3833,3834,CC1=NN(c2ccccc2)C(=O)C1=Cc1cc(I)cc(I)c1O
3834,3835,O=C(C[NH+]1CCC(C(O)c2ccccc2)CC1)Nc1ccc(F)cc1
3835,3836,CC(C)(C)Sc1cc(C(F)(F)F)nc(Cl)n1
3836,3837,CC(C)(C)C([NH3+])CCC(=O)Nc1ccc(F)cc1F
3837,3838,CCOC(=O)C(C)=NNC(c1ccccc1)=[NH+]C(=O)c1ccccc1
3838,3839,Cc1cc(C)cc(S(=O)(=O)N2CCN(c3ccc(C(F)(F)F)cc3[N+](=O)[O-])CC2)c1
3839,3840,CC(C)CC(CC(=O)OC(C)(C)C)OC(=O)COc1c(Br)cc(Br)cc1C(=O)[O-]
3840,3841,COc1ccc(N)c(S(=O)(=O)C2CCCC2)c1
3841,3842,Cn1nccc1C(=O)NCc1ccc(C(=O)N2CCC(C(=O)[O-])CC2)o1
3842,3843,COc1cc2c(cc1OC)C(CC(=O)c1cccnc1)[NH2+]CC2
3843,3844,Cc1c(CC2CC2)n(C)c2ccc(Cl)cc12
3844,3845,Cc1ccnc(N2CCCN(C(=O)c3ccncc3)CC2)c1
3845,3846,CC1CCC(CNC(=O)CC2(C[NH3+])CCCCC2)C1C
3846,3847,O=C([O-])Cc1c(C(F)F)cnc(CCl)c1C(F)F
3847,3848,Cc1cc(C(F)(F)F)nn1CC(=O)N1CCc2ccccc2C1
3848,3849,CCCCOC(=O)c1ccc(S(=O)(=O)Oc2ccc(C(c3ccc(C)cc3)(c3ccc(C)cc3)c3ccc(C)cc3C)cc2)cc1
3849,3850,Cn1ccnc1C1C[NH2+]CCN1Cc1cc(c2ccc(F)cc2)no1
3850,3851,COc1ccc(c2cc(=O)c3c([O-])c4c(c([O-])c3o2)C(=O)C([NH+](C)C)C4=O)cc1OC
3851,3852,NC(=[NH2+])c1ccc2oc(SCC[NH+]3CCOCC3)nc2c1
3852,3853,CC(=O)OCCn1c(C#Cc2ccccc2)cc2cccc(c3ccccc3)c21
3853,3854,O=C(CCc1ccc(Cl)cc1)N1CCN(S(=O)(=O)c2cccc3nsnc23)CC1
3854,3855,O=C1CC(C(=O)NC2(C(=O)[O-])CCC2)CN1
3855,3856,Cc1ccc(n2nnnc2SCC(=O)N2CCCC(C(N)=O)C2)cc1
3856,3857,CSCC(C)NC(=O)c1c(N)cnn1C
3857,3858,COc1cc2ncnc(N3CCN(c4ccccc4)CC3)c2cc1NC(=O)C=Cc1c(C)ccn1C
3858,3859,CCOc1ccc2nc(N3C(=O)C(=O)C(=C([O-])c4cccc(C)c4)C3c3cccnc3)sc2c1
3859,3860,O=C(C=Cc1cn(Cc2ccccc2)nc1c1ccccc1)OCC(=O)N1CCCC1
3860,3861,Cc1ccc([N+](=O)[O-])c(NCc2cc(Br)cs2)c1C
3861,3862,FC(F)(F)c1ccc(CSc2nnnn2c2ccccc2Cl)cc1
3862,3863,CCC1C[NH2+]CCN1Cc1c(Cl)c(CC)nn1C
3863,3864,CCCCc1nc(Cl)c(C[NH2+]CCN(C)C)[nH]1
3864,3865,CC(=O)NC1C(=O)OC2C(C)C(O)OC2C2OC3(C4CC(OC5OC(CO)C(O)C(O)C5O)C(OC5OC(C)C(O)C(O)C5O)C4C(C)(C)O3)OC12
3865,3866,O=C([O-])Nc1ccc(c2ccc(C=Nn3ccnc3)cc2)cc1
3866,3867,O=C([O-])c1cnc(NCc2cc(Br)ccc2F)cn1
3867,3868,CCCCCCOc1ccc(C(=O)NC(=S)N2CCc3sccc3C2c2ccccc2)cc1
3868,3869,Cc1ccc(S(=O)(=O)OCC2OC(n3cnc4c(=O)nc(N)[nH]c43)C(F)C2O)cc1
3869,3870,O=C(c1cc2ncc(Br)cn2n1)N1CCC(O)C1
3870,3871,Cn1c(=O)c2cc(C(=O)[O-])sc2n(C)c1=O
3871,3872,Cc1nc(C(C)[NH+]2CCN(C(=O)NCCCn3nc(C)cc3C)CC2)no1
3872,3873,O=C(CCn1ncc2ccccc21)Nc1nc(c2ccco2)cs1
3873,3874,Cc1c(NC(=O)C[NH+]2CCC(C(=O)NCC(=O)Nc3cccc(C(=O)Nc4ccccc4F)c3C)CC2)cccc1C(=O)NC(C)C
3874,3875,COc1ccc(OC(=O)N2CCC(C)CC2)cc1
3875,3876,CC(=O)N(CCNC(=O)c1ccc(F)cc1)C(C)C
3876,3877,C=CCN1C(=O)NC(c2cccc(NC(=O)CCc3ccccc3)c2)C(C(=O)OC)=C1C[NH+]1CCN(c2ccccc2)CC1
3877,3878,Cc1cc(C)cc(N(C)c2ccnc3cc(N)ccc23)c1
3878,3879,O=C(c1cc(c2ccccc2)on1)N(Cc1ccccc1)c1ccccc1
3879,3880,Fc1ccccc1CN1CCC[NH2+]C(Cc2ccccc2)C1
3880,3881,CC1OCCC1NC(=O)CC1(C#N)CCCC1
3881,3882,O=C([O-])Nc1ccc(OCc2ccccc2F)cc1
3882,3883,FC(F)(F)c1ccc(NC(=S)N2CCCC2c2nc3ccccc3s2)cc1
3883,3884,Cc1ccncc1NC(=O)Nc1nc(C(C)(C)C)cs1
3884,3885,COCCONC(=O)c1cccc(COc2ccc(C)c(C)c2)c1
3885,3886,O=C([O-])c1cc(Br)ccc1NCC1Cc2ccccc2O1
3886,3887,Cc1c(C(=O)NC2CCOC3(CCCC3)C2)nnn1c1cccc2cccnc21
3887,3888,CC(=O)OC(CNC(=O)OC(C)(C)C)(C1CC1)[NH+](C)C
3888,3889,Cc1ncsc1CN(C)c1ccc(C(N)=[NH2+])nc1
3889,3890,Nc1cccc(S(=O)(=O)NC(=O)c2nc(N3Cc4cncn4CC3CO)ncc2Cl)c1
3890,3891,CC(=O)N(C)c1ccc(C(=O)Nc2ccc(F)c(NC(=O)C[NH+](C)C)c2)cc1
3891,3892,Cc1ccc(OC2CC2)c(CCl)n1
3892,3893,CC(C)(C)SCC1(O)CCCCC1S(C)(=O)=O
3893,3894,COc1c(C)ccc(N(C)Cc2ccoc2NC(=O)[O-])c1C
3894,3895,Cc1nc(C[NH+]2CCCC2)sc1C(=O)NCc1ccc(N2CCOCC2)cc1
3895,3896,CC(c1ccccc1)[NH+]1CCCC1CNc1nn2c(c1C(=O)NCc1cccs1)NC(=O)C2
3896,3897,COc1ccc(CCC(=O)NCCCN2CC[NH2+]CC2)cc1OC
3897,3898,Cc1ccc(c2c[nH+]c3c(Nc4ccc(NC(=O)C5CCCC5)cc4)nccn32)cc1
3898,3899,CC(C)Cc1oncc1C[NH2+]C(C)(C)C
3899,3900,CCOC(=O)c1csc(COc2cc(OC)cc3c(=O)c(C(=O)NC4CC4)coc23)n1
3900,3901,CCc1cc(C[NH3+])ccc1N1CCSC(C)(C)CC1
3901,3902,O=C(C=Cc1ccccc1)Nc1ccc(NC(=O)c2ccc3c(c2)OCCO3)cn1
3902,3903,CCCc1nc(C(=O)[O-])c(C2CC2)o1
3903,3904,Cc1nn(c2ccc(F)cc2)c2sc(C(=O)NC3CCCC3C)cc12
3904,3905,Cc1c(F)cc(C(=O)NC2CC2)cc1c1ccc2[nH]c(S(=O)(=O)C3CC3)cc2c1
3905,3906,COC(=O)CCS(=O)(=O)NC1CCC(C)(C)CC1
3906,3907,COCCn1cc(NC(C)c2cc(C)sc2C)cn1
3907,3908,O=C(COc1ccc(Cl)cc1[N+](=O)[O-])Nc1nc(c2ccc(Cl)cc2)cs1
3908,3909,N#Cc1cc(Br)ccc1OC1CC[NH2+]CC1
3909,3910,COc1cccc2cc(C(=O)C(C)C[NH3+])oc12
3910,3911,COc1ccc(c2nc(C)c(C=C3SC(=O)N(CCCc4ccccc4)C3=O)s2)cc1
3911,3912,Cc1ccc(c2csc(NC(=O)CSc3nnc(COc4ccc(F)cc4)n3N)n2)cc1
3912,3913,Cc1ccc(CN(Cc2ccccc2)C(=O)CN(CC2CCCO2)C(=O)c2ccc(C#N)cc2)cc1
3913,3914,Cc1coc(C2CCCN2C(=O)OC(C)(C)C)n1
3914,3915,O=C([O-])c1ccc(CNc2ccccc2C(F)(F)F)cc1
3915,3916,Nc1cc(F)ccc1C(=O)Nc1ccc(F)c(Br)c1
3916,3917,COCCn1cccc1C(=O)NC1(C)CC[NH2+]C1
3917,3918,Nc1ccc(CNc2cccc(F)c2)cc1Br
3918,3919,COc1ccc2c(c1)C13CCCCC1(O)C(C2)[NH+](C)CC3
3919,3920,Cc1cc(C(=O)N2CCOCC3(CCOCC3)C2)no1
3920,3921,COCC1CCC(C#N)(C(O)c2c(F)cccc2Br)CC1
3921,3922,Cc1cc(C)cc(C2(C(=O)NCCNS(C)(=O)=O)CCCC2)c1
3922,3923,Cc1ncc(COc2c(F)c(F)nc(F)c2F)c(CO)c1I
3923,3924,CCCCN(CCC)C(=O)N(C)c1nnc(SCC(=O)Nc2ccc(N3CCOCC3)cc2)s1
3924,3925,O=C(CN1C(=O)COc2ccc([N+](=O)[O-])cc21)Nc1cccc(Cl)c1Cl
3925,3926,O=C1CCC2CN(C(=O)C3CC3(Cl)Cl)CCC2N1
3926,3927,CCCCCn1cc(C(=O)[O-])c(c2ccc(Cl)cc2Cl)c1
3927,3928,COC(=O)NC(C(=O)NN(Cc1cc(C(C)(C)C)cc(C(C)(C)C)c1O)CC(=O)[O-])C(C)C
3928,3929,CCCCC[NH+](CC)CCOc1ccc(C(O)CCCO)cc1
3929,3930,Cc1nc(C2([NH2+]C(C)C3CCCCC3)CCC2)no1
3930,3931,CNS(=O)(=O)c1ccc(CCC(=O)Nc2cc(C(C)(C)C)nn2c2cccc(C#N)c2)s1
3931,3932,O=C1[NH+]=C(Nc2ccccc2)SC1=Cc1ccc(c2ccc([N+](=O)[O-])cc2Cl)o1
3932,3933,CC(C)(C)c1ccc(C[NH2+]C2CCN(c3ccc(Cl)cn3)CC2)cc1
3933,3934,Cc1ccc(C(c2ccc(C(C)(C)C)cc2)[NH+]2CCCCC2C)c(C)c1
3934,3935,CCC1CCCC(OC2CCCC([NH2+]C)(C3CC3)C2)C1
3935,3936,[NH3+]C(CCCC1CCCO1)Cc1nc2ccccc2s1
3936,3937,O=C([O-])c1ccc(c2ccccc2Sc2ccc(C(F)(F)F)cc2Cl)cc1
3937,3938,CCCCn1nc(C(=O)NN=Cc2ccc(Cl)c(Cl)c2)c2ccccc2c1=O
3938,3939,Cc1ccc(NS(=O)(=O)c2cccc(C(=O)NC(C)c3cccs3)c2)cc1
3939,3940,CC(C)(C)C(=O)Nc1c(C(=O)NC(C[NH3+])C2CC2)oc2ccccc12
3940,3941,C[NH2+]CCCc1cc(N2CCCCC2)ncn1
3941,3942,O=C(NNC(=O)c1nc(c2ccco2)n(c2cccc(C(F)(F)F)c2)n1)c1cc(Cl)ccc1Cl
3942,3943,O=C1Cc2cc(S(=O)(=O)Nc3ccc(Oc4cccc5ccccc45)cc3)c(Cl)cc2N1
3943,3944,COc1ccc(Cl)cc1CC(=O)Nc1ccc(S(=O)(=O)Nc2ccc(F)cc2)cc1
3944,3945,CCc1cc(F)c(O)cc1CC(=O)[O-]
3945,3946,Cc1cc(NC(=O)CNC(=O)C2CC[NH+](C(C)C(=O)Nc3ccc(Cl)c(C(N)=O)c3)CC2)ccc1NC(=O)c1ccc(Cl)cc1
3946,3947,COCC[NH2+]CCC(C)[NH+](C)CC1CCCCC1
3947,3948,O=C(NCCC1CC[NH2+]CC1)C(=O)NCC1CCCO1
3948,3949,Cc1c(C(=O)[O-])cc(Cl)c2c1CCC2
3949,3950,CC(C)Nc1ccccc1C(=O)N(C)C
3950,3951,O=C(NC(Cc1ccc(c2ccccn2)cc1)C(=O)[O-])OCC1c2ccccc2-c2ccccc21
3951,3952,COC(=O)C1=C(C)NC(C)=C(C(=O)OCC(C)C)C1c1ccc([N+](=O)[O-])cc1
3952,3953,COc1ccc(S(=O)(=O)N(CC[NH+]2CCCC2)Cc2ccc(C)o2)cc1
3953,3954,Cc1ccc(S(=O)(=O)NCC(=O)NN=Cc2cc(I)c(OCc3ccc(Cl)c(Cl)c3)c(I)c2)cc1
3954,3955,CC(C)CNC(=O)c1cncc(C(=O)Nc2ccc(F)c(Cl)c2)c1
3955,3956,CC(=O)Nc1ccc(CC(=O)Nc2ccnn2Cc2ccc(Cl)cc2)cc1
3956,3957,COCC1OC(n2cc(C)c(=O)[nH]c2=O)CC1O
3957,3958,Cc1cc(F)cc(C(=O)NC(C)C(C)CCl)c1
3958,3959,CC(c1ccccc1)c1c([O-])c2ccccc2[nH]c1=O
3959,3960,Nc1ccc2nnn(Cc3ccoc3)c2c1
3960,3961,CCOc1cc(c2cc(N)on2)sc1Br
3961,3962,CC(=NNc1nc(C)cs1)c1ccc(NC(N)=O)cc1
3962,3963,CC(C)(CNC(=O)CCc1nc(c2ccccc2)no1)[NH+]1CCOCC1
3963,3964,Cc1cc(C(=O)N2CCn3c(nnc3C(C)C)C2)c(C)s1
3964,3965,COc1cccc(C(=O)CSc2ccc(C(C)(C)C)cc2)c1F
3965,3966,CCC1CN(c2ccccc2C)C(C(C)C)C[NH2+]1
3966,3967,O=C1CSC(c2ccccc2Cl)N1C1CCN(C(=O)C2CC2)CC1
3967,3968,CCc1cc(NCCc2ccc(Br)s2)nc(C)n1
3968,3969,CCOc1ccc(C(=O)NCC(=O)OCC(=O)N(C)CC(=O)Nc2cccc(C)c2C)cc1
3969,3970,CC1CCN(S(=O)(=O)N2CCN(C(=O)C3CCC(=O)NC3)CC2)CC1
3970,3971,CCCc1c(O)ccc(C(C)=O)c1OC
3971,3972,O=C(c1ccc(C(F)(F)F)cc1)N1CC(S(=O)(=O)NC2CCSCC2)C1
3972,3973,COc1ccc(NC(=O)N2CCN(c3ccccc3Cl)CC2)cc1Cl
3973,3974,CC(=O)c1sc(NC2CCSC2)nc1C
3974,3975,N#Cc1c(S(=O)(=O)c2ccccc2)nc(c2ccccc2)nc1c1ccc(Br)cc1
3975,3976,Nc1ccc2[nH]c(=S)sc2c1
3976,3977,CC1CCC(C(=O)Cc2cccnc2)CC1C
3977,3978,COc1ccc(NC(=O)NC(C)(COC)C(=O)[O-])cc1
3978,3979,O=S(c1ccc(F)cc1)c1ccc2nc3n(c2c1)CCc1ccccc1-3
3979,3980,Cc1nc(C)n(c2ccc(Nc3ccc(NC(=O)C4CCN(C(=O)OC(C)(C)C)CC4)cc3)nn2)n1
3980,3981,COc1cccc2sc(NC(=O)c3ccc(S(=O)(=O)N4CCOCC4)cc3)nc12
3981,3982,Cc1nc(N2CCN(C(=O)Nc3cc(Cl)ccc3Cl)CC2)c2c(C)c(C)sc2n1
3982,3983,Cc1cc(O)c([S-])c2sccc12
3983,3984,N#Cc1cccc(C(F)(F)F)c1Br
3984,3985,CC(C)(C)[NH2+]Cc1ccnc(OCC2CCCCC2)c1F
3985,3986,C=CC(O)C(=O)OC1C2CC3C(=O)OC1C3O2
3986,3987,N#CC(=Cc1c(Cl)cccc1Cl)Sc1nc2ncccc2[nH]1
3987,3988,COc1ccc(Cn2nc(C(=O)Nc3ccc(F)cc3)nc2c2ccc(Cl)cc2)cc1OC
3988,3989,CCCCCC(C)OC(=O)c1ccccc1C(=O)OC(CC)CCCC
3989,3990,C=CCn1c(CNC(=O)c2ccccc2C)nnc1SC(C)C(=O)NC(C)CCCCCC
3990,3991,Cc1cc(C)cc(n2nnn(C)c2=O)c1
3991,3992,COc1cccc(C(=O)C2([NH3+])CC2)c1Cl
3992,3993,O=C(NCc1cccnc1c1ccco1)c1cn2c3c(c(N4CCCCCC4)c(F)cc3c1=O)Oc1cc(F)ccc12
3993,3994,Cn1c(=O)c2c(nc(SCCC(=O)NC3CCCC3)n2CCc2ccccc2)n(C)c1=O
3994,3995,CCCCc1[nH+]ccn1Cc1ccccc1C[NH3+]
3995,3996,COc1ccc(C([NH3+])Cc2[nH+]ccn2C)c(Cl)c1
3996,3997,CC(C)C(=O)NCCNC(=O)c1ccc2c(=O)n3c(nc2c1)CCCCC3
3997,3998,NC(=S)NNc1ccc(S(=O)(=O)Nc2cccc(Cl)c2Cl)cc1[N+](=O)[O-]
3998,3999,CSC(C)(C)CNc1ccc(C#N)c(Br)c1F
3999,4000,Cc1ccc(SC2=C([NH+]3CCCC(C)C3)C(=O)N(c3ccc(C(C)C)cc3)C2=O)cc1
4000,4001,CSc1c(N)nc(C(C)(C)C)cc1c1cnn(C)c1
4001,4002,COc1cc(NC(=O)CCc2cccc(C)c2)c(OC)cc1Cl
4002,4003,CS(=O)(=O)N1CCCC1CNc1nc(NC2CC[NH+](C3CC3)CC2)ncc1C(F)(F)F
4003,4004,CC(CCCc1ccccc1)C(=O)NC(C)c1ccc(Cl)cc1
4004,4005,O=C(C1CSCC[NH2+]1)N1CCCc2ccccc2C1
4005,4006,CCOC(=O)C1=C(C)N=C(C)C(C(=O)OC)C1c1cccnc1Nc1ccccn1
4006,4007,COc1ccc(n2ncc3c(=O)n4c(nc32)SCC4CC(=O)Nc2ccccc2)cc1
4007,4008,CC1CCCCC1NC(=O)CN1C(=O)C(c2ccccn2)Oc2ccccc21
4008,4009,CSC(CO)C(C)Nc1cc(Cl)c(Cl)cc1[N+](=O)[O-]
4009,4010,COC(=O)c1cc(OC(F)(F)F)c(F)cc1C(C)=O
4010,4011,CCOC(=O)NCC1(O)CCc2ccccc2C1
4011,4012,CCn1cnc2c1c(=O)[nH]c(=O)n2C(C)C
4012,4013,O=C(NCc1ccncc1)C1CCN(S(=O)(=O)c2cccc3nsnc23)CC1
4013,4014,CC1C[NH2+]CC1C(=O)Nc1ccc(F)c([N+](=O)[O-])c1
4014,4015,FC(F)(F)c1ccc(n2ccnc2SCCOc2ccccc2)cc1
4015,4016,Cc1ccc(S(=O)(=O)NC(Cc2ccccc2)C(=O)N2CCOC(C)(C)C2)cc1
4016,4017,COCCNC(=S)Nc1nc(OC)nc(OC)n1
4017,4018,Cc1ccc(COc2ccc(NC(=S)NC(C)C)cc2Cl)cc1
4018,4019,CCCS(=O)(=O)CCNC1CCCC1C#N
4019,4020,COCC(C)(CC(=O)[O-])NC(=O)NCc1ncc(C)o1
4020,4021,O=C(CN(c1cc(Cl)cc(Cl)c1)S(=O)(=O)c1ccccc1)Nc1ccc(S(=O)(=O)Nc2nccs2)cc1
4021,4022,CCCCCCc1oc(=O)cc2c1C(C(=O)OC)C(=O)N2
4022,4023,C=C(COc1ccc(Br)cc1)C(=O)[O-]
4023,4024,Cc1cc(C)cc(Cn2cc(CCO)nn2)c1
4024,4025,Cn1ccnc1C(O)C1CC[NH+](Cc2cccc(Br)c2)CC1
4025,4026,COc1c(C)cc(C(O)c2cc(Br)c(Cl)s2)cc1C
4026,4027,C[Si](C)OCCCCCCCOc1ccc(C#CC#Cc2cccc(OCCCCCCCOc3ccc(C#CC#CC[Si](C)(C)C)cc3)c2)cc1
4027,4028,CCC12CC3CC(CC(Br)(C3)C1)C2
4028,4029,CNC(C)(C#N)CCCCOCC1CCCO1
4029,4030,COCC[NH+]1CC2CCC(C1)N2C(=O)Nc1ccc2nc(C)ccc2c1
4030,4031,O=C([O-])C1CN(C(=O)Nc2ncc(C3CCOCC3)s2)C1
4031,4032,CC(C)c1ccc(NC(=O)NCC(c2ccccn2)[NH+]2CCCC2)cc1
4032,4033,O=C([O-])c1nc[nH]c1C1CCCCC1
4033,4034,Cc1c(C(=O)[O-])sc2nc(Cc3ccccc3Br)nc(N(C)C)c12
4034,4035,O=C([O-])c1cc([N+](=O)[O-])cnc1NC1C2CC3CC(C2)CC1C3
4035,4036,O=C([O-])c1coc(CNS(=O)(=O)c2cc(Cl)ccc2Cl)c1
4036,4037,COC(=O)c1cc(Br)cc(NC(C)c2ccc(Cl)s2)c1
4037,4038,CC(C)c1noc(CCC(=O)N2CC3CC(C2)C2CCCC(=O)N2C3)n1
4038,4039,C[NH2+]C(C)C(c1ccccc1)c1ccc(OC)c(OC)c1
4039,4040,CCS(=O)(=O)Nc1ccc(c2cnc(N)c(C(=O)NCc3ccccn3)n2)cc1
4040,4041,Cc1ccc(C#N)cc1OCC(=O)NCc1cccnc1c1ccncc1
4041,4042,COC(C)(C)CC(C)NC(=O)NCC(O)C(=O)[O-]
4042,4043,CCC1CCC(N(C)C(=O)c2cc(OC)c(Cl)cc2N)CC1
4043,4044,N#Cc1c(NC(=O)Cc2ccccc2)sc2c1CCC2
4044,4045,Cc1cc(C#N)cnc1C(=O)N1CCC(C)(c2ccc(C#N)cc2)CC1
4045,4046,Cc1ccc(S(=O)(=O)N(C)C)cc1NC(=O)COC(=O)c1sccc1n1cccc1
4046,4047,CN(CC(=O)NCC1CC1)S(=O)(=O)C=Cc1ccccc1
4047,4048,O=c1oc2cc(c3ccccc3)ccc2c2oc3ccc(Br)cc3c12
4048,4049,COc1cc2c(cc1OC)C(=Cc1[nH]c3c(c1c1ccccc1)CC(C(C)(C)C)C3)[NH2+]CC2
4049,4050,C=CCN(CC(=O)Nc1ccon1)C(=O)c1ccc(Cl)cc1
4050,4051,O=C(C=Cc1cn(Cc2ccccc2)nn1)Nc1cccc(NC(=O)C2CC2)c1
4051,4052,CCC1OCCC1C(=O)NCC1C[NH2+]Cc2ccccc21
4052,4053,Cc1c(F)cc(C#N)cc1NC(=O)CC#N
4053,4054,Cc1cc(NC(=O)c2ccc(C(=O)[O-])cc2)n(C)n1
4054,4055,Cc1c(C#N)c(NC(=O)C[NH+](C)Cc2cscn2)n(Cc2ccc(F)cc2)c1C
4055,4056,CC(C)(CC[NH3+])C(=O)Nc1nnc(C2CC2)o1
4056,4057,Cc1nc2c(OCc3cc(C(=O)[O-])c(C)o3)cccc2o1
4057,4058,CC(C)Cc1nc(=O)cc(NCC2CCC[NH+](C)C2)[nH]1
4058,4059,COc1cc(OC)c(C([NH3+])C2CCCOC2)c(OC)c1
4059,4060,CCCCSc1nnc(Cc2ccccc2)n1N=Cc1ccc(OCc2c(F)cccc2Cl)cc1
4060,4061,O=C(COc1ccc(F)cc1F)NCCn1cccc1
4061,4062,CC(=O)NC(CCC[NH+]=C(N)N)C(=O)NC(CCC(N)=O)C(=O)NC(CC(C)C)C(=O)NC(CCCC[NH3+])C(=O)NC(CCC[NH+]=C(N)N)C(=O)NC(CCCC[NH3+])C(=O)NC(CCC[NH+]=C(N)N)C(=O)NC(Cc1ccccc1)C(=O)NC(CC(N)=O)C(=O)NC(CCCC[NH3+])C(=O)N1CCCC1C(=O)NC(CC(C)C)C(=O)NC(C)C(=O)NC(CCCC[NH3+])C(=O)NC(CCCC[NH3+])C(=O)NC(C)C(=O)NC(CCC(=O)[O-])C(=O)NC(CCCC[NH3+])C(=O)[O-]
4062,4063,COc1cccc(C(=O)N2CCC(NC(=O)c3csc(c4ccncc4)n3)CC2)c1
4063,4064,O=C(NCCc1cccc(Cl)c1)C1CC(=O)N(c2ccc(Cl)cc2Cl)C1
4064,4065,CC1CCC(C[NH3+])C[NH+]1CCOCC(F)(F)F
4065,4066,NC(=[NH2+])c1cc(Br)cc2c1OCCC2
4066,4067,O=C(NNC(=O)c1ccc(S(=O)(=O)NC2CCCC2)cc1)c1ccco1
4067,4068,COc1ccc(NC2CC[NH2+]CC2)cc1Cl
4068,4069,CCC(C)NC(=O)CN1CCOc2ccc(N)cc21
4069,4070,C=CCNC(=O)Nc1cccc(NC(=O)Cc2cccc(F)c2)c1
4070,4071,N#Cc1c(F)cccc1Sc1nn[n-]n1
4071,4072,CCn1nccc1C1OCCC1C(=O)N1CCOCC1
4072,4073,CCCNC(=O)C(C)N(Cc1cccc(Br)c1)C(=O)CN(c1ccc(I)cc1)S(=O)(=O)c1ccc(C)cc1
4073,4074,COc1cc(NC(=O)c2cccc(NC(=O)C3C(c4cc(Cl)cc(Cl)c4)CCC3(C)C)c2)cc(OC)c1OC
4074,4075,O=c1[nH]c2ccccc2c(=O)n1c1ccc(S(=O)(=O)N2CCCC2)cc1
4075,4076,CCn1c(NNC(=O)c2cccc(S(=O)(=O)N3CCc4ccccc43)c2)nc2ccccc2c1=O
4076,4077,CCCCCCCOc1cc2c(cc1Br)C(=O)C(=O)N2
4077,4078,O=C(CCc1ccccc1)NC1CCCN(C(=O)c2ccc3c(c2)OCO3)C1
4078,4079,COc1ccccc1NS(=O)(=O)c1ccc(OCC(=O)Nc2ccc(OCC(C)C)cc2)cc1
4079,4080,CCOC(=O)c1ncoc1c1ccccc1C(F)(F)F
4080,4081,Nc1ccc(NCC2Cc3ccccc32)cc1Cl
4081,4082,Cc1cc(Cl)ccc1OCCCC(=O)Nc1ccccc1C#N
4082,4083,O=C([O-])C1CCCC(NC(=O)c2ccnc(C(F)(F)F)c2)C1
4083,4084,O=C(CNC(=O)C1CC[NH+](CC(=O)Nc2cc(C(=O)NC3CCCC3)ccc2Cl)CC1)Nc1ccc(Cl)c(C(=O)NC2CCCC2)c1
4084,4085,Cc1cc(OC2CCS(=O)(=O)C2)ccc1C[NH2+]C1CC1
4085,4086,CCOc1cccc(C2C(=C([O-])c3cccc(OCC(C)C)c3)C(=O)C(=O)N2CC2CCCO2)c1
4086,4087,Cc1ccc(C[NH+]2CCc3nc(C(=O)NCc4ccnc(NC(=O)c5ccc(Cl)cc5)c4)c(C#N)cc3C2)c(C)c1
4087,4088,CC(=O)c1ccc(N(C(=O)c2ccccc2C(=O)c2ccc(Cl)cc2)C(C(=O)Nc2ccccc2)c2ccc(C(C)C)cc2)cc1
4088,4089,COc1ccccc1C(=O)NC(=O)COC(=O)c1c(C)nn(c2ccccc2)c1C
4089,4090,C[NH2+]CC(C)COc1ccc(C(C)(C)C)cc1
4090,4091,CC[NH2+]C(Cc1cccc(C)c1)Cc1cc(C)ccc1C
4091,4092,O=C(CCc1ccncc1)N1CCCC(c2ccncc2)C1
4092,4093,COC(=O)Cn1c(=NC(=O)c2ccc(C)c(C)c2)sc2cc(F)ccc21
4093,4094,CCC(C)(CC)Nc1nc(N)nc(C)c1[N+](=O)[O-]
4094,4095,CCC1(O)CN(C(=O)c2cnn3ncccc23)C1
4095,4096,CC(C)NC(=O)c1cc(NCc2ccc(Cl)cc2)cc[nH+]1
4096,4097,CC(C)N(C(=O)C[NH+]1CCCC1)C1CCS(=O)(=O)C1
4097,4098,O=C1C(c2cccs2)=C([NH+]2CCN(Cc3ccccc3)CC2)C(=O)N1Cc1ccccn1
4098,4099,O=C1CCC(C(=O)NCC2(CO)CCOCC2)CC1
4099,4100,NC(=S)c1ccccc1NC(=O)c1ccc2c(c1)OCCO2
4100,4101,COc1cccc(C(=O)Nc2ccc3nc(C4CCCO4)n(C)c3c2)c1
4101,4102,CC(=O)c1ccc(N2CC(C)NS2(=O)=O)cc1
4102,4103,CCCCN(CCCC)S(=O)(=O)c1ccc(C(=O)NCc2nc3sc4c(c3c(=O)[nH]2)CCC4)cc1
4103,4104,CCOC(=O)N1CCC(NC(NCCCOCC)=[NH+]CC(=O)NCCOC)CC1
4104,4105,C[NH2+]CC(O)c1coc2ccccc12
4105,4106,CCOCCCNS(=O)(=O)c1ccc(OC)c(C[NH2+]C)c1
4106,4107,COC(=O)c1c(OC)c(c2ccccc2OC)n2ccccc12
4107,4108,COc1cccc(CC(Cl)c2cc(C)ccc2OC)c1
4108,4109,COC(=O)c1ccccc1Nc1ncnc(Nc2ccc(N(C)C)cc2)c1N
4109,4110,Cc1nn(c2ccccc2)c2c1C1(C)CC2c2ccccc21
4110,4111,C[NH2+]C(c1cc(C)cc(F)c1)c1ccc2c(c1)OCCO2
4111,4112,COC(=O)c1ccc(Nc2ncc([N+](=O)[O-])cn2)cc1F
4112,4113,CCCCc1ccc(NC(=O)Cn2cnc3ccc(Br)cc3c2=O)cc1
4113,4114,CCC(=O)N1Cc2ccccc2CC1C(=O)NC(C)c1nc(C)no1
4114,4115,CCCCCCn1ccnc1C[NH2+]C(C)C
4115,4116,Nc1cc(F)ccc1C(=O)N1CCCS(=O)(=O)CC1
4116,4117,COc1ncc(NC(=O)[O-])cn1
4117,4118,COc1cc2ncn(CC(=O)Nc3ccc(Cl)cc3)c(=O)c2cc1OC
4118,4119,[NH3+]C(CSCC1CCCCC1)c1ccccc1
4119,4120,CC1CCC([NH2+]Cc2cccc(COCc3ccccc3)c2)(C(=O)[O-])CC1
4120,4121,COC(=O)N1CCc2c(cccc2NCC#N)C1
4121,4122,O=C1C=c2ccccc2=CC1C=NN=Cc1cc2c(cc1O)OCO2
4122,4123,COc1cnn(Cc2ccccc2)c1C1([NH3+])CCOCC1
4123,4124,CC(OC(=O)c1ccc(N)cc1Br)C(=O)NC(C)(C#N)C(C)C
4124,4125,Cc1ncsc1C[NH+](C)Cc1cn(c2ccccc2)nc1c1cccnc1
4125,4126,COc1c(O)ccc(N)c1NC(=O)OC(C)(C)C
4126,4127,CC(=O)c1ccccc1NC(=O)CSc1nnnn1Cc1ccccc1F
4127,4128,COc1ccc(N2C(=O)C(Oc3ccc(F)c(F)c3)C2c2ccccc2F)cc1
4128,4129,CC[N+](CC)(CC)C(C(C)=O)c1ccccc1
4129,4130,Cc1ccc(n2c(SCC(=O)N3CCCC(C)C3)nc3cc(Cl)ccc3c2=O)cc1
4130,4131,COC(=O)c1ccccc1C(=O)N1CC(C)OC2CCCCC21
4131,4132,COc1ccc(NC(C)=O)cc1NS(=O)(=O)c1cn(C)nc1OC
4132,4133,CC(C)CNC(=O)CNc1nc(NN)ncc1[N+](=O)[O-]
4133,4134,O=C([O-])C1C[NH2+]C(c2cccc(F)c2F)C1
4134,4135,CCOC(OCC)C1CCC([NH2+]C)CC1
4135,4136,CCCc1nc(=O)c2c([nH]1)CC[NH+](Cc1cn[nH]c1C)C2
4136,4137,CCC1CCCC[NH+]1CCCNC(NCCC[NH+]1CCN(c2ncccn2)CC1)=[NH+]C
4137,4138,COc1ccc(N2CC[NH+](CCCCNC(=O)c3ccc4c(=O)n(C)c(=O)[nH]c4c3)CC2)cc1
4138,4139,C[n+]1cc(c2ccccn2)c(c2ccc(OCC(=O)[O-])cc2)cc1c1ccc(C(F)(F)F)cc1
4139,4140,O=CNC(Cc1ccccc1)C(O)(C1CCc2ccccc2C1)[NH+]1CCCC1(C(Cc1ccccc1)c1ccccc1)c1ccccc1
4140,4141,Cc1cc(NC(=O)C[NH+]2CCN(CC(F)(F)F)CC2)n(Cc2ccccc2)n1
4141,4142,Cc1ccnc(NC(=O)c2ccc(NC(=O)C=Cc3ccccc3)cc2C(F)(F)F)c1
4142,4143,CCOC(=O)c1c(C)c(C(=O)COC(=O)c2noc3c2CCC3)c(C)n1C
4143,4144,COc1ccc(S(=O)(=O)NCC2([NH+]3CCCCC3)CCOCC2)cc1F
4144,4145,CCc1cc(C[NH3+])cc(OCc2noc(C)n2)n1
4145,4146,COCCNC(=O)C1CCN(c2cccc(Br)c2)C1=O
4146,4147,NNc1nc(NCc2ccccc2Cn2cccn2)c2[nH]cnc2n1
4147,4148,O=C(Nc1nnc(C(F)F)s1)NC1(c2ccc(F)cc2)CCOCC1
4148,4149,CCOC(=O)CSc1nc(N)cc(N2CCSCC2)n1
4149,4150,CC(C)c1ccccc1OCc1nnc(SCC(=O)Nc2ccc([N+](=O)[O-])cc2)n1N
4150,4151,C=COC(CCCCCCCCCCCCCCCC)O[Si](C)(C)C(C)(C)C
4151,4152,Cc1ccc([N+](=O)[O-])c(N(C)CC2CC(O)C2)c1
4152,4153,O=C(NCCc1cc(F)cc2c1OCOC2)NC1CCOc2c1ccc(Cl)c2Cl
4153,4154,Cc1nn(Cc2ccccc2)c(C)c1CNC(=O)NCCOc1cccc2ccccc12
4154,4155,Cc1ccc2c(c1)CCC1C(C)CN(C(=O)OC(C)(C)C)C1C2
4155,4156,Cc1ncn(Cc2occc2C[NH2+]C(C)(C)C)c1C
4156,4157,CCCCCCn1cc(C(O)c2ccccc2c2ccccc2)c2ccccc21
4157,4158,COCC(C)OC(=O)C1=CSC2C(NC(=O)C(=NOCc3ccccc3C#N)c3csc(N)n3)C(=O)N12
4158,4159,COC(=O)c1ccc(C=NNC(=O)c2sc(c3ccccc3)nc2C)cc1
4159,4160,Cc1ccc(c2cc(C(=O)Nc3ccc(Br)cc3C(F)(F)F)c3ccccc3n2)s1
4160,4161,CC1CN(S(=O)(=O)c2ccc(C(=O)N3CCN(c4ccc(Cl)cc4)CC3)cc2)CC(C)O1
4161,4162,CC(C)c1nnc(SCC2=C(C(=O)[O-])N3C(=O)C(NC(=O)C([NH3+])c4ccc(O)cc4)C3SC2)s1
4162,4163,CCCCCCCOCc1cc(C[NH2+]C)no1
4163,4164,CC1CCCC(C)[NH+]1Cc1ccc(C(=O)N2CCC[NH+](CC3CCCCCC3)CC2)cc1
4164,4165,COc1ccccc1C1C(C#N)=C([NH3+])OC2=C(C(=O)CC(C)(C)C2)C1c1ccc(c2cccc(Cl)c2)o1
4165,4166,CC1CCC(C(C)C)C(NC(=O)N2CCCC2Cc2ccccc2)C1
4166,4167,Cc1[nH]c2c(C(N)=[NH+]O)cccc2c(=O)c1Cl
4167,4168,N#CC1CCc2nc3cc(C(F)(F)F)ccc3c(=O)n2CC1
4168,4169,CCCOC(=O)c1cc(NC(=O)c2ccc(OC)c(C)c2)ccc1Cl
4169,4170,Cc1cc(O)ccc1NCC(=O)Nc1ccc(F)cc1
4170,4171,Cc1c(C(F)F)ncc(Br)c1I
4171,4172,Cc1ccc(CC2Nc3ccc(S(=O)(=O)N4CCCC4)cc3C2C(=O)[O-])cc1
4172,4173,CC(C)CC(=O)N(CCc1ccccc1)C(C)C(=O)OC(C)(C)C
4173,4174,O=C(C[NH+]1CCN(Cc2ccccc2)CC1)NN=Cc1cc(Br)ccc1OCc1ccc2ccccc2c1
4174,4175,COc1ccccc1OCc1csc(C(=O)Nc2cccc(Cl)c2F)c1
4175,4176,Cc1c(NC(=O)C(C)[NH+]2CCC(C(=O)NCCC(=O)Nc3c(C)cccc3C(=O)N(C)C)CC2)cccc1C(=O)N1CCCC(C)C1
4176,4177,O=C(NCc1ccccc1F)c1cccc(N2CC[NH+](C(c3ccc(F)cc3)c3ccc(F)cc3)CC2)c1
4177,4178,NC(N)=[NH+]CCCCCC(=O)NCC(=O)N1CCc2ccc(OCC3CC4(CC3)CN4C(=O)C(Cc3ccccc3)[NH2+][O-])cc21
4178,4179,COc1ccc(OCC(=O)Nc2cc(C(=O)[O-])ccc2OC)cc1
4179,4180,O=C1C=CC2(CC2)C2=CCC=C12
4180,4181,CCCC(CCC)c1nc2c(c(N3CCN(C(=O)OC(C)(C)C)CC3)n1)CN(C(=O)C(F)(F)F)CC2
4181,4182,O=C1CCC(C(=O)N2CCc3c2cccc3C(F)(F)F)CN1
4182,4183,O=C(NCC1CCN(C(=O)C=Cc2ccc(F)cc2)CC1)NCc1ccccc1
4183,4184,FC(F)(F)Oc1ccccc1NC(=S)Nc1ccccc1
4184,4185,COc1ccc(C(O)C2=COCC2O)cc1
4185,4186,FC(F)Oc1ccc(Cl)cc1CSc1cn[nH]n1
4186,4187,CCOC(=O)c1[nH]c2ccccc2c1NC(=O)COC(=O)CCc1nc(c2ccco2)no1
4187,4188,O=C(NCc1nnc2ccccn12)c1ccc(S(=O)(=O)N2CCCCC2)s1
4188,4189,O=C(Nc1ccccc1N1CC[NH+](CCc2ccccc2)CC1)c1ccccc1[N+](=O)[O-]
4189,4190,COc1ccc(N2C(=O)Nc3c(OCc4ccccc4)cc(OCc4ccccc4)cc3C2C)cc1
4190,4191,O=C(CCCc1ccccc1)NCCc1nc2ccccc2[nH]1
4191,4192,CCCCOC(=O)C(C)[NH2+]CCc1cccs1
4192,4193,CC1CN(C(=O)N2CCCCCC2)CCS1
4193,4194,CCOC(=O)c1cn[nH]c1NC(=O)C(CC)(CC)CCO
4194,4195,C=Cc1ccc(C=Cc2ccc(O)cc2)cc1
4195,4196,CCC12CCC(O)CC1CCC1C2CCC2(C)C(c3ccc(=O)oc3)CCC12O
4196,4197,COc1ccc(N)c(C(=O)OCC(=O)NC(C)C)c1
4197,4198,O=C([O-])C1=Cc2cc([N+](=O)[O-])ccc2OC1
4198,4199,Cc1c(N=c2ccn(C3CCCC3)[nH]2)c(=O)n(c2ccccc2)n1C
4199,4200,O=C(NCCCO)NCc1ccccc1
4200,4201,Cc1nc(N)sc1S(=O)(=O)NC(C)C1CCC1
4201,4202,O=C(Cn1nnc(c2ccsc2)n1)NNC(=O)c1ccccc1c1ccccc1
4202,4203,CC(C)C(C)(C[NH2+]C1CC1)Cc1ccsc1
4203,4204,COCCCNC(=O)CSc1nnc(c2cccc(C)c2)n1N
4204,4205,CCn1c(C(C)NC(=O)Cn2ccc([N+](=O)[O-])n2)nc2ccccc21
4205,4206,O=S1(=O)c2ccccc2-c2cc(n3c4ccccc4c4cc(n5c6ccccc6c6ccccc65)ccc43)ccc21
4206,4207,Cc1ccc(N(C)CC2(O)CC[NH2+]CC2)cc1C
4207,4208,Cc1c(N)cccc1NC(=O)CC(C)CC(C)(C)C
4208,4209,O=C1CCCc2[nH]c(CC3CCC(C(=O)[O-])CC3)nc21
4209,4210,COc1ccc(Oc2nc(N3CCOCC3)nc3c2CN(S(=O)(=O)c2ccc(C)cc2)C3)cc1
4210,4211,Cc1ccc(OCCN2CC(C(=O)NCC3CCCO3)CC2=O)cc1C
4211,4212,C[NH2+]C(Cc1cc(C)ccc1C)c1c(F)cccc1Br
4212,4213,[NH3+]C1CCC(Nc2nc(Cc3ccc4c(c3)OCO4)nc3c2C[NH2+]C3)CC1
4213,4214,CC(C)CCOc1ccc(Br)cc1C(=O)NC(=S)Nc1ccccc1C(=O)c1ccccc1
4214,4215,CC(=O)OC1C=C2Nc3c(F)cc(Br)cc3CN2C=C1
4215,4216,N#CC1(C(=O)N2CC[NH+](CCCC#N)CC2)CCCC1
4216,4217,CNS(=O)(=O)c1cc(C(=O)NCCCc2ccc(S(C)(=O)=O)cc2)n(C)c1
4217,4218,N#Cc1c(c2ccc(c3ccccc3)cc2)nc2ccc(c3cc(C(=O)[O-])c(c4ccncc4)c(Cl)c3)cc2c1c1ccccc1
4218,4219,O=Cc1ccc2ccc3ccc(C=O)cc3c2n1
4219,4220,O=C1C[NH2+]C(C(=O)Nc2ccc(Cl)c([N+](=O)[O-])c2)CN1
4220,4221,Cc1ccc(SC2(C(=O)Nc3ccccc3)CC[NH+](CC(=O)Nc3ccc(C)cc3C)CC2)cc1
4221,4222,O=C(COc1cccc(NC(=O)C2CC2)c1)N1CC(O)CC1c1ccc(F)c(F)c1
4222,4223,O=C(COC(=O)c1ccc(F)cc1)Nc1cc([N+](=O)[O-])ccc1F
4223,4224,CNc1ncnc(n2nc(c3ccco3)c(C)c2C)c1C
4224,4225,CCOC(=O)c1ccc(c2ccc(C=NNC(=O)CN(Cc3ccccc3)S(C)(=O)=O)o2)c([N+](=O)[O-])c1
4225,4226,CCCc1cc(C(=O)N(CCC)CC)cc(Cl)n1
4226,4227,[NH3+]C1(CNC(=O)NC2CC3CCC2C3)CCC1
4227,4228,Cc1ccc(c2c[n+]3ccccc3cc2N2CCCCC2)cc1
4228,4229,COc1cc(NC(=O)COC(=O)CCc2c(C)nn(c3ccccc3)c2C)c(OC)cc1Cl
4229,4230,Cc1cc(C)cc(NC(=O)C23CCC(C)(O)CC2C2CCC4C5(C)CCC(OC(=O)C6CC(C(=O)[O-])C6(C)C)C(C)(C)C5CCC4(C)C2(C)CC3)c1
4230,4231,[NH3+]C1CCC(C(=O)Nc2ccc(C3CCCO3)cn2)C1
4231,4232,CCOC(=O)CNC(=O)Nc1ccc(S(=O)(=O)[N-]c2ncccn2)cc1
4232,4233,COC(C[NH3+])CC(=O)Nc1ccc2nc(c3ccc(O)c(Cl)c3)[nH]c2c1
4233,4234,CC(C)CNC(=O)c1ccc(C=CC(=O)[O-])s1
4234,4235,C=CCN(CC1CC1)C(=O)CC1(C(=O)[O-])CCCCCC1
4235,4236,CCCOCc1nc(NC)nc(c2cccc(Cl)c2F)n1
4236,4237,CC(C)c1cc(Oc2ccc(N)cc2)nc(C(C)C)c1
4237,4238,Cc1ocnc1COc1ccc(OC(F)F)cc1
4238,4239,[NH3+]CCCc1[nH+]cc2n1CCCC2
4239,4240,CC(C)COCCNc1ncnc(Cl)c1[N+](=O)[O-]
4240,4241,O=Cc1c(C=Cc2ccccc2O)sc2ccccc12
4241,4242,C=CCOC1C(CO[Si](C)(C)C(C)(C)C)OC(n2cc(I)c3c(N)ncnc32)C1C
4242,4243,CC1C[NH2+]CC(C)N1C(=O)c1ccc2nc[nH]c2c1
4243,4244,COC(=O)C(C(C)=O)N(C)C(=O)C(NS(=O)(=O)c1ccc(Cl)cc1)c1ccccc1
4244,4245,CC(C)N(C(C)C)S(=O)(=O)c1ccc(N2C(=O)C(Cl)=C(Nc3ccc(CC(=O)N4CC[NH+](C)CC4)cn3)C2=O)cc1
4245,4246,CC1CN(C(=O)c2coc(COc3ccccc3Cl)n2)CC2(CCCOC2)O1
4246,4247,CC[NH2+]Cc1cc(F)c(Oc2ccc(I)cc2)c(F)c1
4247,4248,Cc1cc(C)cc(NC(=O)C2(C(=O)Nc3cccc(C)c3)CC2)c1
4248,4249,FC(F)(F)c1cccc(OC2CCN2)c1
4249,4250,O=C([O-])c1cc(S(=O)(=O)NC2CCN(c3nccs3)CC2)cc(Cl)c1Cl
4250,4251,CC(=O)CCC(=O)N1CCC(c2nc(C(=O)Nc3ccc(C#N)cc3)cs2)C1
4251,4252,COCC[NH2+]Cc1c(C)nn(C)c1Oc1ccc(F)c(Cl)c1
4252,4253,CCCCC(CC)CNC(NC1CC2CCC1O2)=[NH+]C
4253,4254,CC(C)(C)c1ccc(C[NH+]=C(N)NC2CCc3ncnn3C2)cc1
4254,4255,CCCc1ccc(OCCNC(=O)CN(c2ccccc2)S(=O)(=O)c2ccc(C)cc2)cc1
4255,4256,Fc1ccccc1CC1(CBr)CCCC1
4256,4257,O=C([O-])CNC(=O)C1CCC(CSC2=[NH+]C(c3ccncc3)CC(c3ccco3)N2)CC1
4257,4258,Cc1cc(Br)cc(C(=O)Nc2ccc(Cl)c(C(=O)[O-])c2)c1
4258,4259,Cn1cc(c2cnn(C)c2)c2cc(C3CCN(C(=O)C4CC4)C3)cnc21
4259,4260,Cc1nsc(N2CC[NH+](CC(=O)N(C3=CCCCC3)C3CC3)CC2)n1
4260,4261,COCCOCOP(=O)(OC(C=Cn1cnc2c(=O)nc(N)[nH]c21)COCCc1ccccc1)OC(C)(C)C
4261,4262,COc1ccccc1C1C[NH2+]CCN1C(=O)CCc1c(C)nc2ccccc2c1Cl
4262,4263,Nc1ccc(C(=O)NCCCn2cncn2)c(Cl)c1
4263,4264,Cc1ccc(C(C)(C)CNC(=O)c2cnc(NN)c(Cl)c2)o1
4264,4265,O=C(C=Cc1cnc2ccccc2n1)c1oc2ccccc2c1COc1ccccc1
4265,4266,Cn1ccc(C2CCCCN2C(=O)C2Cc3ccccc3O2)n1
4266,4267,Cc1ccc(CNC(=O)C2CCCN2C(=O)OCc2ccccc2)cc1
4267,4268,Cc1ccc(OCC(=O)Nc2ccc(C(C)C)cc2)c(C)c1
4268,4269,CC[NH2+]C(CC)c1ccc(N2CCCCCC2)cc1
4269,4270,CC[NH2+]C(C)c1ccc(S(=O)(=O)N(CC)Cc2ccccc2)cc1
4270,4271,O=C(C[NH2+]CCc1ccc(F)cc1F)NC1CCC2(CCCC2)Oc2ccc(F)cc2C1
4271,4272,O=C(N1CC[NH2+]CC1)N1CCC(O)C1
4272,4273,COc1ccc(F)cc1C([O-])=C1C(=O)C(=O)N(c2cccc(C)c2)C1c1ccc(C)o1
4273,4274,CC(=NNc1ccc([N+](=O)[O-])cn1)c1ccccn1
4274,4275,O=c1oc2ccccc2c([O-])c1C=NCCC[NH+]1CCOCC1
4275,4276,CNc1cc(Oc2cc(C)cc(F)c2)ncn1
4276,4277,Cc1[nH]c2c(c1C(=O)NC(C)C1CC1)C(=O)CCC2
4277,4278,CC(C)CC(NC(=O)C(Cc1ccccc1)NC(=O)C(NC(=O)C([NH3+])Cc1c[nH]c2ccccc12)C(C)O)C(=O)[O-]
4278,4279,CCC1CC1[NH2+]Cc1cncc(Br)c1
4279,4280,N#Cc1cc(SSC2CCCCC2)ccc1N
4280,4281,CC[NH2+]CCCS(=O)(=O)N1CCCc2ccccc2C1
4281,4282,O=C(C[NH+]1CCn2cccc2C1c1cccc(Cl)c1)N1CCCC1
4282,4283,O=C(c1cc(c2ccc(F)cc2F)nc2ccccc12)N1C2CCC1CN(c1ncccn1)C2
4283,4284,CCCCC=CC1C(COC(=O)CCC(=O)OC)=Cc2cc(O)ccc2C1=CI
4284,4285,Cc1cc(O)ccc1NC(=O)Nc1ccc2c(c1)OC(C)C(=O)N2
4285,4286,CSc1cc([O-])c2c(c1)OC1(C(=O)c3ccccc3C1=O)C2=O
4286,4287,[NH3+]C1CCCC1SCc1ccccc1F
4287,4288,COc1cccc(C(=O)Nc2nc(c3ccccc3)c(C)s2)c1
4288,4289,CC(C)(CNS(=O)(=O)c1cnc[nH]1)C(=O)[O-]
4289,4290,O=C1Nc2ccc(Cl)cc2C1=Nc1ccc(O)cc1
4290,4291,CC(=O)c1cn(CC(=O)N2CCN(C(=O)CC(C)C)CC2)c2ccc(F)cc12
4291,4292,O=C(CC[NH+]1CCCC1c1ccc2c(c1)OCCO2)Nc1ccc(Cl)cc1Cl
4292,4293,CC(C)C(O)C(CC(=O)[O-])SC(c1ccccc1)c1ccccc1
4293,4294,CC1C[NH+](CC2CC3CCCCC3C2)CC(C[NH3+])O1
4294,4295,CC(OC(=O)CSc1nccc(C(F)(F)F)n1)C(=O)c1c[nH]c2ccccc12
4295,4296,N#CC(=Cc1ccsc1)C(=O)NC(c1ccccc1)c1ccccc1
4296,4297,CCOc1ccc(C(C)(O)CO)cc1Br
4297,4298,COc1ccc(NC(=O)C(C)(C)C(=O)Nc2ccc(C)cc2C)cc1Cl
4298,4299,CC(C)([NH3+])c1cc2[nH]ncc2o1
4299,4300,COc1c(Br)cc(Cl)cc1NC(C)c1ccc(Br)s1
4300,4301,CC1CC(C)CN(C(=O)CNS(=O)(=O)c2ccc(Cl)cc2)C1
4301,4302,O=C(Nc1ccc2c(c1)OCCO2)N1CCCC(NS(=O)(=O)c2ccc(OC(F)(F)F)cc2)C1
4302,4303,CC1CC2C3CCC4=CC(=O)CCC4(C)C3(O)C(=O)CC2(C)C1(O)C(=O)COCc1ccccc1
4303,4304,CCCOCOC(CCC)CC1CCC(=O)C1
4304,4305,O=C(Nc1ccc(Cl)c(S(=O)(=O)N2CCCC2)c1)c1cccc(S(=O)(=O)NCc2ccco2)c1
4305,4306,COc1ccccc1C=NNC(=O)C(C)n1cnc2sc(C)c(c3ccccc3)c2c1=O
4306,4307,Nc1ccc(OCC(O)CN2CC[NH+](C3CC3)CC2)cc1F
4307,4308,O=C(C1CC1)N1CC(Oc2ccnc(N3CCCC3)n2)C1
4308,4309,COCCOCCOCC(=O)N1CCN(c2nc3c(C)ccc(C)c3s2)CC1
4309,4310,CCOc1c(Cl)cc(Cl)cc1C[NH2+]C
4310,4311,CCOc1ccc(C[NH+]2CCN(C(=O)c3cc(F)cnc3N3CCCC3)CC2)cc1
4311,4312,C[NH2+]CC1CCN(S(=O)(=O)N2CC(C)CC(C)C2)CC1
4312,4313,CCCCNC(=O)c1cccc(S(=O)(=O)N(CC)c2ccccc2)c1
4313,4314,COc1c(N)cc(C(C)(C)C)cc1C(=O)N1CCN(C(C)=O)CC1
4314,4315,Cc1ncc([N+](=O)[O-])n1c1ccc(C(F)(F)F)cc1NS(=O)(=O)c1ccc(C(F)(F)F)nc1
4315,4316,CC(=O)Nc1ccc(CN2C(=O)NC(=Cc3ccc([N+](=O)[O-])cc3)C2=O)cc1
4316,4317,COc1ccc2c(c1)CC(CCC(F)(F)F)N2
4317,4318,CC(C)(C)C([NH3+])C(=O)NC(CCC(=O)[O-])C(=O)NC(Cc1cnc[nH]1)C(=O)NC(Cc1ccccc1)C(=O)[O-]
4318,4319,CCC1CCCCC1OC(=O)C=Cc1ccc(N2CCCC2=O)cc1
4319,4320,COc1ccccc1Oc1ccc(NC(=O)NCC(C)C(=O)[O-])cc1
4320,4321,FC(F)(F)C1COCCN1CC1CO1
4321,4322,CCCCOC(=O)c1cc(I)ccc1OC(=O)C(c1ccccc1)c1ccccc1
4322,4323,COc1ccc(C(C)[NH2+]Cc2cc(C)n(C)c2C)cc1OC
4323,4324,COc1ccc(c2nc(C)c(C(=O)Nc3ncc(Cc4ccccc4)s3)s2)cc1
4324,4325,Cc1cc(C)cc(C(C)[NH2+]CC(C)N2CCCC2)c1
4325,4326,O=C([O-])c1cc(S(=O)(=O)F)c(Br)cc1C(F)F
4326,4327,CC(C)c1c(Cl)ncnc1Oc1cccc(S(C)(=O)=O)c1
4327,4328,O=C(NCc1cccs1)c1cc(COc2ccccc2Cl)cs1
4328,4329,COc1ccc(C=CC(=O)c2ccc(O)cc2)cc1C[NH+]1CCCC1
4329,4330,Cc1ccc(S(=O)(=O)NCCC(=O)Nc2ccc(C)c(S(=O)(=O)N3CCOCC3)c2)cc1C
4330,4331,Cc1nc(Cc2nnc(SCC(=O)NC3CCCC3)n2c2ccccc2)cs1
4331,4332,FC(F)(F)c1cc(Cl)cc2c(Nc3ccc(Cl)cc3Cl)ncnc12
4332,4333,CCOc1ccc2cc(C(C)[NH+]3CCC(NC(=O)Cc4cccc(Cl)c4)CC3)c(Cl)nc2c1
4333,4334,O=C(Cc1ccc(c2ccno2)cc1)NNC(=O)c1ccc(COc2ccccc2)o1
4334,4335,CC[NH2+]C(C)(CO)CC[NH+](C)CCOC(C)C
4335,4336,CCOC(=O)c1c(C)noc1NC(=O)CSc1nc2ccccc2c(=O)n1c1cccc(Cl)c1
4336,4337,Cc1coc2c1C(=O)N(c1ccccc1)C2C
4337,4338,CC[NH2+]C(CC)C(C)c1nc(C2CN(C)CC[NH+]2C)no1
4338,4339,CCCCC(C[NH2+]C)C(Oc1c(CC)cc(CC(C)=O)cc1CC)c1ccccc1
4339,4340,CCOC(OCC)C(F)(Sc1ccccc1)P(=O)(OCC)OCC
4340,4341,COc1c(C)c2c(c([O-])c1CC=C(C)CCC(=O)OCC1COC(C)(C)O1)C(=O)OC2
4341,4342,CC(C)C(=O)Nc1ccc(N2CC[NH+](C)CC2)nc1
4342,4343,C[NH2+]Cc1ccc(C=Cc2cc(C)cc(C)c2)o1
4343,4344,COc1ccc(C(=O)OCC(=O)NCc2ccccc2)cc1S(=O)(=O)N(C)C
4344,4345,Cc1c(C(=O)N(C)CC(C)C(=O)[O-])cnn1c1cccc(C(F)(F)F)c1
4345,4346,O=C(CC(Br)=NOC(F)(F)F)Nc1ccc(F)cc1
4346,4347,O=C(NCC(O)C1CC1)C(=O)Nc1cccc(OC(F)(F)F)c1
4347,4348,CC(C)C(C#N)NC(=O)c1ccc(Cl)nc1
4348,4349,CCOc1ccc(NC(=O)CN(c2ccccc2F)S(=O)(=O)c2ccc(C)cc2)cc1
4349,4350,O=C(Cc1csc(NC(=O)c2ccccc2Cl)n1)NCc1ccc(F)cc1
4350,4351,CCOC(=O)N1CCN(C(=O)c2ccc3cccc(c4cc(c5ccc6cccnc6c5)cc(c5cccnc5)c4)c3n2)CC1
4351,4352,COC(=O)c1ncc2cc(C(=O)OC)c(=O)n(Cc3cccc(OCC#N)c3)c2n1
4352,4353,FC(F)(F)c1cc(Oc2ccc3c(c2)OC(c2ccc(F)cc2)CC3)cc(C(F)(F)F)c1
4353,4354,COCCN(CC(=O)Nc1[nH+]c(c2ccc(F)cc2)cn1c1cc(C)ccc1C)C(=O)c1ccc([N+](=O)[O-])cc1
4354,4355,CCOC(=O)c1cnc(N)nc1NCCC1=CCCC1
4355,4356,CCC12CCC(=O)C=C1CCC1C3CCC(OC(C)=O)C3(C)CC(O)C12C
4356,4357,FC(F)(F)c1cccc(NC(=S)NN=Cc2ccc(Br)cc2)c1
4357,4358,O=C1C=C(Br)C(=O)CC1
4358,4359,COc1ccc(CCC(=O)NCc2cc(c3ccccc3)no2)cc1Cl
4359,4360,CC(C)(C)[NH+]1CCN(Cc2ccc3[nH]ccc3c2)CC1
4360,4361,CCCCCOc1cccc(C2c3c(oc4ccc(Cl)cc4c3=O)C(=O)N2c2ccc(C(C)(C)C)cc2)c1
4361,4362,CCCOCCNC(=O)c1sc(N)cc1OC
4362,4363,C[N+]12CCC(CCOCc3ccccc3)(CC1)C2
4363,4364,COc1ccc(Cl)cc1NC(=O)C(=O)NCCc1ccc(C(=O)[O-])cc1
4364,4365,O=C(Nc1ccc(c2cn3c([nH+]2)CCCC3)cc1)c1sccc1COCc1ccc(F)cc1
4365,4366,CC(C)CC(NC(=O)C(NC(=O)C([NH3+])CC(C)C)C(C)O)C(=O)NC(Cc1cnc[nH]1)C(=O)[O-]
4366,4367,COCCn1cnc2c(sc(NC(=O)C(Sc3cccc(NC(=O)C(=Cc4ccc(OC)cc4)NC(=O)c4ccccc4)c3)c3ccccc3)c2C#N)c1=O
4367,4368,COc1ccc(Cn2c(COc3ccc(C)cc3)nc3nc(c4cnn(C)c4)ccc32)cc1
4368,4369,CCn1ccc(CNS(=O)(=O)c2ccc(N)cc2)n1
4369,4370,COc1cc2nc(c3ccc(CNC(=O)c4cc(c5ccc(Cl)cc5)on4)cc3)oc2cc1OC
4370,4371,COc1ccc(C)cc1S(=O)(=O)N1CCC2C(CCC[NH+]2C2CC2)C1
4371,4372,C=CC(O)CCCCCC=C
4372,4373,CC1CCCC(Sc2ccc(C#N)c(Br)c2)C1C
4373,4374,NC(=[NH+]O)c1ccc(Sc2ccc(Br)cc2)nc1
4374,4375,CC(Cl)CCS(=O)C1CCCC1
4375,4376,Cn1nc(C(F)(F)F)cc1c1nccc2cc(C(F)(F)F)cc(Cl)c21
4376,4377,Cc1ccc(N2C(=S)NC(c3ccccn3)C2c2ccc(c3cccc([N+](=O)[O-])c3)o2)cc1Cl
4377,4378,O=C(CNc1ccccc1N1CCCCC1)NNC(=O)c1ccc(Cl)c(Cl)c1
4378,4379,CN(CCC#N)C(=O)N1CCCC1(C)C(=O)[O-]
4379,4380,COc1cc(NC(C)C[NH3+])ccc1c1nc2c(Cl)ncnc2[nH]1
4380,4381,CC(c1cccc(N)c1)N(C)CC1CC2CCC1C2
4381,4382,Cc1cc(C2=NOC(c3cc(Cl)c(Cl)s3)(C(F)(F)F)C2)ccc1C(=O)NCCO
4382,4383,COc1ccc(C=NNC(=O)COc2cccc(C=O)c2)c(OC)c1
4383,4384,COc1c(CCC(=O)[O-])ccc2cc(CC(C)C)sc12
4384,4385,O=Cc1ccccc1NCC1CCSCC1
4385,4386,COc1ccc(C(NC(=O)C[NH+]2CCCCCC2)C(C)C)cc1
4386,4387,Cc1cc(Cl)ccc1NC(=O)C1CCCN1S(=O)(=O)N(C)C
4387,4388,O=C(Cn1cc(Br)ccc1=O)NCc1ccc(N2CCCCCC2)nc1
4388,4389,CNc1cc(C(F)(F)F)cc(N(C)C(C)(C)CO)n1
4389,4390,COc1ccc(C(=O)Nc2ccc(c3nc4ccccc4o3)cc2)cc1S(=O)(=O)NC1CCCC1
4390,4391,CP(C)(=O)c1ccc(C[NH2+]C2CC2)cn1
4391,4392,CCCCCCC=CC1CCC(=O)C1CCCCCCC(=O)OC1CCCCC1
4392,4393,CC(C)Cn1ccc2cc(NC(=O)Cn3cc(Cl)cn3)ccc21
4393,4394,CCOC(=O)N1C2CCC1C(OC(=O)Nc1ccc(C)c(N)c1)CC2
4394,4395,Cc1c(C(=O)[O-])nnn1CC1CSCCS1
4395,4396,CC(C)(CC=O)c1ccc(C(F)(F)F)cc1
4396,4397,CCOC(=O)N1C=C(Nc2cc(OCC)cc(OCC)c2OC)OC1CC
4397,4398,O=C1c2ccccc2C23NC(N)=[NH+]C(O)CC21Nc1ccc([N+](=O)[O-])cc1C3c1cccc([N+](=O)[O-])c1
4398,4399,C=CCCCN(C)S(=O)(=O)c1ccc(C[NH3+])cc1Br
4399,4400,CC1Cc2ccccc2N1C(=O)c1ccc(NCc2ccccc2)cc1
4400,4401,CC(C)(C)C1CCC(NC(=O)c2cc(N)ccc2F)CC1
4401,4402,CC(=O)c1c(C2CCCCC2)cc(F)c(C)c1F
4402,4403,O=C([O-])C(Cc1ccnc2ccccc12)NC(=O)N1CCN(C(=O)COc2ccccc2)CC1
4403,4404,C=CCOC(=O)Nc1cc2c(Nc3ccc4c(c3)OCCO4)ncnc2cc1OCC[NH+](C)C
4404,4405,COc1ccc(C=CC(=O)NCCC(=O)NC2CCCC2)cc1F
4405,4406,COc1ccc(C(C)NC(=O)C2(C)CC[NH2+]C2)cc1F
4406,4407,Cc1nccc(NCc2ccc(Cl)s2)n1
4407,4408,O=c1c2ccccc2ncn1CC1CCCN1c1ccc2nnc(C(F)(F)F)n2n1
4408,4409,CCOC(=O)c1cn(c2cccc(n3nnc(C)c3C)c2)c2cc(N3CC[NH+](C)CC3)c(F)cc2c1=O
4409,4410,Nc1cccc(C(=O)[O-])c1NC(=O)C1CCCS1
4410,4411,FC(F)(F)c1ccc(Nc2ccc(OCC3CCCO3)cc2)nc1
4411,4412,CCOC(=O)c1ccc(c2nc(Nc3cc(F)ccc3O)sc2C(=O)[O-])cc1
4412,4413,CSc1ccc(C(=O)NC(C)CC2CCC2)cc1[N+](=O)[O-]
4413,4414,Cc1cc(N2CCOCC2)nc(N2CCN(c3ccc(C)c(C)c3)CC2)n1
4414,4415,Cc1c(C(=O)N2CCN(C(=O)C(C)C)CC2)cnn1c1ccccc1
4415,4416,O=C(C=Cc1ccc2c(c1)OCCO2)N1CCN(c2ccc(Cl)cc2)CC1
4416,4417,CC(C)Cc1ccc(CC(=O)Nc2ccccc2S(=O)(=O)C(F)F)cc1
4417,4418,CC(C)n1cc(N)cc1C(=O)OCc1cn2cc(Cl)ccc2[nH+]1
4418,4419,CCOC(=O)c1ccc(Nc2nc(N3CCC(C(=O)OC)CC3)nc(N3CCCCCC3)n2)cc1
4419,4420,O=C(C1COc2ccccc2O1)N1CCC2(CC1)OCCO2
4420,4421,COc1ccccc1C=CC(=O)NCCc1cc(F)cc(F)c1
4421,4422,O=C([O-])c1oc2c(c1C1CCC[NH2+]C1)CCC2
4422,4423,COc1ccc(C(=O)CSc2nc(c3ccccc3)cc(C(F)(F)F)c2C#N)cc1
4423,4424,[NH3+]C(CN1CCCC1)c1ccc(Br)cc1
4424,4425,COc1ccc(N2C(=O)C(Nc3ccc(F)cc3F)=C(Sc3ccc(C)cc3)C2=O)cc1OC
4425,4426,CNc1ncnc(Nc2ccc(F)cc2Cl)c1C
4426,4427,Cc1ccc(Br)cc1OCc1cc(F)ccc1F
4427,4428,CCCC(CC)NC(=O)NC(C(=O)[O-])C1CC1
4428,4429,CC1=C(c2ccc(O)cc2)C(c2ccc(O)cc2)NC(=S)N1C1CCCC1
4429,4430,O=C(Nc1ccccc1C(=O)N1CCOC(c2ccc(Cl)cc2)C1)c1ccc(F)cc1
4430,4431,CCOC(C)O[P+](O)(O)Oc1ccccc1
4431,4432,CCOC(Cc1cccc(OCc2ccccc2C(F)(F)F)c1)C(=O)[O-]
4432,4433,CC(C)n1ncnc1C[NH2+]C(c1cccs1)C1CC1
4433,4434,Cc1ccc(C(O)COc2ccccc2N)cc1C
4434,4435,[NH3+]C1(Cc2ccncc2[N+](=O)[O-])CCOCC1
4435,4436,Cc1nn(C(C)C)c(N(C)CCc2ccccn2)c1N
4436,4437,CC1CCCN(S(=O)(=O)c2cnc(NN)nc2)CC1
4437,4438,O=C(Nc1ccc(N2CC[NH2+]CC2)nc1)c1ccc(Cl)c(N2CCCC2=O)c1
4438,4439,O=C(Nc1ncc(Br)cn1)C1CCCCS1(=O)=O
4439,4440,COc1ccc(CCNC(=O)NCC2CC2)cc1
4440,4441,CCOC(=O)c1sc2nc3c(Nc4ccccc4)ncnc3n2c1N
4441,4442,C[NH2+]Cc1ncoc1c1ccc(Br)cc1Br
4442,4443,COc1c(Br)cc(C[NH2+]C2CCCC2CO)cc1Br
4443,4444,C[NH2+]CC(C)C(=O)N(C)Cc1cc(C#N)ccc1F
4444,4445,COc1ccccc1SCC(=O)Nc1ccc(NC(C)=O)cc1
4445,4446,Nc1ccccc1OCC(=O)N1CCCC1C1CCCCC1
4446,4447,O=C(Nc1nc2c(s1)CCCC2)N1CC2CCCC2C1
4447,4448,Cc1c(N2CCN(C(=O)c3cccnc3)C(C)C2)nnc2c1c(=O)n(C)c(=O)n2C
4448,4449,O=C(CNS(=O)(=O)c1cccs1)c1c[nH]c2ccccc12
4449,4450,COc1cnccc1C(=O)N(C)Cc1ccc(C[NH2+]C(C)C)cc1
4450,4451,O=C1OC(C=Cc2ccccc2)C([O-])=C1[O-]
4451,4452,O=C1C(c2ccc(Cl)cc2)=CC=C(c2ccc[nH]2)C1c1ccccc1
4452,4453,COC(=O)CSc1nc2ccc(NC(=O)c3ccc(NC(=O)C(C)C)cc3)cc2s1
4453,4454,CC(C)CS(=O)(=O)CCCS(=O)C(C)(C)C
4454,4455,O=C(Nc1cc(c2ccnc3c(C(=O)c4ccc(Cl)cc4)cnn32)ccc1C(=O)[O-])c1ccc(Cl)cc1
4455,4456,CNc1nc(NCC2CCSC2)nc(OC(C)C)n1
4456,4457,CCOC(=O)c1nn(c2cccc(Cl)c2)c(=O)c2c(NC(=O)c3ccc(OC(C)C)cc3)scc12
4457,4458,CC1CCC2C(C)(C)CCCC2(C)C1CCC(C)CCCC(C)(O)O[Si](C)(C)C(C)(C)C
4458,4459,CC(C)[NH+](CCNc1ccc(Cl)cc1)C(C)C
4459,4460,Cc1ccc(c2cc(N)n(c3ccc(F)c(F)c3)n2)cc1C
4460,4461,CCC(C)(Cc1ccccc1)C([NH2+]C)c1nccs1
4461,4462,Cn1cnc(S(=O)(=O)N2CCCC2c2ccnc(Cl)c2)c1Cl
4462,4463,C=CCn1c(SCC(=O)Nc2ccccc2C(=O)NCc2ccc(F)cc2)nnc1C(NC(=O)c1ccccc1Cl)C(C)C
4463,4464,O=C(OCc1ccccc1)C1CC1(C(=O)C1CCCO1)C(=O)c1ccccc1
4464,4465,Cn1ccc(C(=O)CSc2ncnc3ccccc23)n1
4465,4466,COC(=O)c1ccc(NC(=O)Cc2ccc3c(c2)CN(C(=O)C2CC2)CC3)cc1
4466,4467,CC1SCC[NH+](Cc2ccccc2C[NH3+])C1C
4467,4468,NC(=[NH+]O)C1(NC(=O)c2cnns2)CCCC1
4468,4469,O=C1C(Sc2ccccc2)=C(c2ccccc2)C(=O)N1c1ccc(F)cc1F
4469,4470,Cc1cc(C)c(COc2ccc(C(F)(F)F)cc2)c(C)c1
4470,4471,O=C(C[NH2+]C1CCCCC1)OC1CCOC1
4471,4472,COc1ccc(F)cc1CN1CCN(C)C(=O)C1=O
4472,4473,CCOc1ccc(NC(=O)CSc2ccc(NC(=O)c3ccc(C)cc3Cl)cc2)cc1
4473,4474,CC(C)Nc1cc[nH+]c2c1c(=O)c1c-2ccc([N+](=O)[O-])c1
4474,4475,Cn1cc(S(=O)(=O)N2CCC(O)(Cn3cccn3)C2)cn1
4475,4476,CC(=O)NC1C(OCc2ccccc2)C(OCc2ccccc2)OC(COCc2ccccc2)C1OCc1ccccc1
4476,4477,CCOC(=O)CSCC(=O)NC(=O)NCc1ccco1
4477,4478,COc1cc(F)ccc1NC(=O)C1C[NH2+]CC1C
4478,4479,CC(C)(CNC(=O)OC(C)(C)C)C1COCCO1
4479,4480,COc1ccccc1CNC(=O)c1cccc(C(=O)NC2CCCC2)n1
4480,4481,CC1CCC(C)N1C(=O)c1cc(F)c([O-])c(F)c1
4481,4482,CC1CCCN(C(=O)c2ccc(Sc3nccn3C)cc2)C1
4482,4483,COC(=O)c1ccc2nc(C)n(Cc3cccc(C#N)c3)c2c1
4483,4484,CSCCC(NC(=O)C(NC(=O)C([NH3+])CCC[NH+]=C(N)N)C(C)O)C(=O)NC(C(=O)[O-])C(C)O
4484,4485,Fc1ccc2[nH]cc(C[NH+]3CCc4nc(c5ccc(Cl)cc5)ncc4C3)c2c1
4485,4486,O=C(CC(F)(F)F)C1(Cc2ccccc2)Nc2ccccc2N1
4486,4487,CCCC[NH+](CCCC)CCCc1cnc(c2ccc(CCCC)cc2)nc1
4487,4488,Cc1nn(c2cc(C(C)(C)C)cc(C(C)(C)C)c2)nc1c1ccnc(NCC2CCCO2)c1
4488,4489,CC(C)CCNC(=O)C1(Cc2cccc(c3cncnc3)c2)CCCN(C(=O)c2cc(C)cc(F)c2)C1
4489,4490,Cc1ccc(S(=O)(=O)N2CCc3nc(NC(=O)NC4CCC4F)sc3C2)c(C)c1
4490,4491,O=C(c1csc(c2ncccn2)n1)N1CC2CCC(O)C2C1
4491,4492,COc1cccc(C(=O)Nc2ccc(SC3CCS(=O)(=O)C3)nc2)c1
4492,4493,CCOc1ccc(NC(=O)CNc2ccc(OCC(F)(F)F)cc2)cc1
4493,4494,N#Cc1cccc(C(=O)Oc2ccc(Br)cc2C=Nc2cccc(N=Cc3cc(Oc4ccc([N+](=O)[O-])cc4[N+](=O)[O-])ccc3O)c2)c1
4494,4495,CN(C)c1c(C[NH3+])nnn1c1ccccc1
4495,4496,CC(C)S(=O)(=O)c1ccc(CC(=O)NCC(O)(c2ccco2)C2CC2)cc1
4496,4497,CC[NH2+]C(Cc1ccc(F)c(F)c1)c1ccc(Br)c(Cl)c1F
4497,4498,CCc1c(C(=O)NCc2cc(C)no2)cnn1c1cccc(Cl)c1
4498,4499,O=c1cc(C[NH+](CC2CCCO2)C2CCCC2)nc2ccccn12
4499,4500,COc1ccc(C(=O)Nc2cccc(c3csc(c4cccs4)n3)c2)cc1OC
4500,4501,CSc1ccc(Cl)c(C(=O)C2CCCN2C(=O)C2CC2)c1
4501,4502,O=C(COC(=O)c1ccc[nH]1)Nc1ccc(OC(F)F)cc1
4502,4503,COC(=O)CSc1ccc(NC(=O)C2CCC[NH2+]2)cc1[N+](=O)[O-]
4503,4504,O=C([O-])Cc1ccc(S(=O)C2CCOC2C2CC2)cc1
4504,4505,Cc1c([S-])cccc1C(=O)[O-]
4505,4506,CC1(C(=O)NC2CCCC[NH2+]C2)CCCC1[NH3+]
4506,4507,CC(F)c1nc(N)sc1c1cc(Br)ccc1Cl
4507,4508,CCc1oc(c2ccccc2C)cc1C(=O)C(=O)NCCCc1ccncc1
4508,4509,CC(=O)N(CCC(=O)NC1CCCCC1)c1cc(C)ccc1C
4509,4510,CCC1CCC(C)N1S(=O)(=O)c1cnc(Cl)nc1
4510,4511,CCCc1ccc(c2ccc(c3cc(F)c(c4cc(F)c(C(F)(F)F)c(F)c4)c(F)c3)c(F)c2)cc1
4511,4512,COC(=O)C(NC(=O)c1cncc(Br)c1)c1cnn(C)c1
4512,4513,COc1c(C)c(C)ccc1c1nc(=S)[nH][nH]1
4513,4514,CC1CCN(C(=O)COCC[NH3+])C(C)C1
4514,4515,CC(OC(=O)c1ccc([N+](=O)[O-])cc1Cl)C(=O)N1CCN(c2ccccc2)CC1
4515,4516,CC(C)(C)c1cc2c(O)cc(N3CCC([NH+]4CCN(C(=O)Cc5ccccc5)CC4)CC3)c(O)c2c([O-])c1
4516,4517,CCc1ccc2[nH]c(=O)c(CN(Cc3ccc4c(c3)OCO4)C(=S)Nc3ccccc3)cc2c1
4517,4518,CC(C)(C)OC(=O)C1=C(C)OC([NH3+])=C(C#N)C1c1ccccc1Cl
4518,4519,CCOc1ccc(CNC(=O)C2(c3cccc(Cl)c3)CCOCC2)cc1OC
4519,4520,Cc1cc(Cl)nc(Cl)c1NC(=O)c1cncn1C1CC1
4520,4521,CC(C)CN(C(=O)c1c[nH+]c2ccc(N3CCC(C)CC3)nn12)c1ccccc1
4521,4522,CCC(=O)N1CCCC(NC(=O)c2cc3n(n2)CCCO3)C1
4522,4523,N#CCc1ccc(NC(=O)c2ccc(N)cc2)cc1
4523,4524,CCC(C)C(=O)OC12CC3CC(C1)CC(OC(=O)C(F)(F)C(F)(F)C(F)(F)F)(C3)C2
4524,4525,COc1cc2[nH]cc(CC([NH3+])C(N)=O)c2cc1OC
4525,4526,COc1ccc(NC(=O)NCC(N2CC[NH2+]CC2)C(F)(F)F)cc1
4526,4527,O=C([O-])C1CN(C(=O)C[NH+]2CCc3sccc3C2)CCO1
4527,4528,CCCCNC(=O)c1c(COc2cc(OC)cc(OC)c2)oc2cc(OC)ccc12
4528,4529,CCC(C)N(CCC(=O)OC)C(=O)C1C(C)OC(C)C1C
4529,4530,CC(C)c1nc(=O)cc(N2CC[NH2+]CC2)[nH]1
4530,4531,COCCOCCOCCOCCOC(=O)c1cccc(O)c1
4531,4532,Cc1ncnc(NC2CCCC(C)(O)C2)c1F
4532,4533,CCCCn1c(C[NH+](C2CCCCC2)C(C)C(=O)[O-])c(C)nc1c1ccc(OC)cc1
4533,4534,CC[NH2+]C(Cc1ccc(OC)nc1)c1cccc(C)c1C
4534,4535,COc1ncc(NS(=O)(=O)c2ccc(Cl)cc2)cn1
4535,4536,CC(C)C(C#N)NC(=O)c1cccn1CC(F)(F)F
4536,4537,O=P1([O-])SCCS1
4537,4538,Cc1ccc(Cc2nsc(N3CCN(C(=O)c4cc(C)cc(C)c4)CC3)n2)cc1
4538,4539,O=C([O-])N1CCOC(C(Cc2ccccc2)NC(=O)OCc2ccccc2)C1
4539,4540,O=C1OC(c2cccc(Br)c2)CN1c1ccc(Br)cc1
4540,4541,O=C(OCc1ccccc1)c1cc(=O)[nH]nc1N1CC[NH+](CC(OCc2ccccc2)c2ccccc2)CC1
4541,4542,CC1CCC(c2noc(C3([NH3+])CCCC3)n2)C1
4542,4543,COCC[NH2+]Cc1ccn(Cc2c(F)c(F)cc(F)c2F)c1
4543,4544,Cc1ccc(OC2CCCC2C[NH3+])nc1
4544,4545,COC(=O)c1c(C(=O)OC)[nH]c2c1C1CCC2C1
4545,4546,CCCCC(C)=NNc1nnc(C)n1C
4546,4547,COc1ccc(CCNC(=O)CN(C(C)=O)c2cccc(Cl)c2Cl)cc1OC
4547,4548,COc1cncc(OC2CCN(C(=O)c3ccnn3C(C)C)C2)n1
4548,4549,O=C(CNc1ccccc1Cl)NNC(=O)c1ccc(n2cccn2)cc1
4549,4550,CS(=O)(=O)N1CCN(C(=O)COC(=O)CNC(=O)c2cc(c3ccccc3)on2)CC1
4550,4551,O=C(C1CC1)N1CCC(OCCBr)CC1
4551,4552,CCCCNc1ncc2c(n1)CC(c1ccccc1)CC2=O
4552,4553,COc1cnc2c(NN)nc(NCC(C)O)nc2c1
4553,4554,COCCn1ncc(Br)c1C(=O)c1cc(C)cc(C)c1
4554,4555,Cc1ccc(c2nc(c3cccc4c3CCC4[NH2+]Cc3ccccn3)no2)cc1
4555,4556,CC(=O)N(CC(N)=O)CC(=O)Nc1ccc(C)cc1C
4556,4557,Cc1ccc(CN2CC(C(=O)N(C)Cc3ccc(F)cc3F)CC2=O)cc1
4557,4558,O=C(OCC(=O)N1CCCC1)c1ccc(Oc2ccc(Cl)cc2[N+](=O)[O-])cc1
4558,4559,Cc1cc(=O)c(c2c(C)[nH][nH]c2=O)c(C)[nH]1
4559,4560,COc1cc([N+](=O)[O-])ccc1NCc1cccc2cccnc12
4560,4561,C=CCN(CC(=O)[O-])C(=O)N(C)CCOC
4561,4562,Cc1nn(C(C)(C)C)cc1C(C)[NH2+]CC1(CCO)CC1
4562,4563,COC(=O)c1ccc2[nH]c3c(c2c1)CN(S(C)(=O)=O)CC3
4563,4564,CCC(C)C([NH3+])c1noc(C2CCCN2S(=O)(=O)c2c(C)noc2C)n1
4564,4565,CCOC(=O)c1c(N)sc(N(CC)CC(=O)OCC)c1N
4565,4566,CCOc1ccc(C(=O)N2CCOCC2)cc1COc1ccc([N+](=O)[O-])c(OC)c1
4566,4567,COc1ccc(COC(=O)c2cccc(N3C(=O)CCC3=O)c2)cc1F
4567,4568,Cc1ccc(C2C3=C(Nc4c(=O)n(C)c(=O)n(C)c42)c2ccccc2CC3)cc1
4568,4569,Cc1ccc(C=CC[NH+]2CCN(C(=O)C3CC3)C(C)C2)cc1
4569,4570,CCC(C)NC(=O)c1cncc(C(=O)N2CCCC2)c1
4570,4571,Cc1c(Cl)cccc1NC(=O)CNC(=O)N1CC[NH+](Cc2cccnc2)CC1
4571,4572,COc1ccc(C=CC(=O)NC(=S)Nc2cccc(NC(=O)CCNC(=O)OC(C)(C)C)c2)cc1
4572,4573,O=C(NCC[NH+]1CCCC1)c1cnn2c(C(F)F)cc(c3ccc(Br)cc3)nc12
4573,4574,COc1ccc(NC(=O)CN2C(=O)SC(=Cc3cc(Cl)c(OCc4ccc(Cl)cc4)c(OC)c3)C2=O)cc1
4574,4575,COc1ccc(Cn2c(CC3CC[NH2+]CC3)nc3cccnc32)cc1
4575,4576,O=C(CCc1cccc(O)c1)Nc1ccc(Cl)cn1
4576,4577,COCCOc1ccc(C2(C[NH2+]Cc3cc(F)cc(Br)c3)CCOCC2)cc1
4577,4578,Cc1c(C(=O)Nc2ccc(Oc3ccccc3)cc2)sc2ncn(CC(=O)NCc3ccccc3)c(=O)c12
4578,4579,COc1ccc(C(=O)N2CCN(C(=O)COc3cc(C)ccc3C)CC2)cc1OC
4579,4580,O=C1NC(=[NH+]Cc2cccs2)SC1CC(=O)N1CCN(c2ccccc2)CC1
4580,4581,COCCn1c(C)cc(C=C(C#N)C(=O)OCC(=O)N2CCCCCC2)c1C
4581,4582,CCCc1nnsc1C(=O)NC(C[NH3+])C1CC1
4582,4583,C=C(C)COCC[NH2+]C1CC(SC)C1
4583,4584,COc1ccc(CNC(=O)c2ccc3c(c2)CCCN3S(C)(=O)=O)cc1
4584,4585,Cn1cc[nH+]c1CCNc1ccc(n2cccn2)cc1
4585,4586,Cc1c(C2C(c3ccccn3)NC(=S)N2CCC[NH+](C)C)c2ccccc2n1C
4586,4587,CC(C)CC1NC(=O)C(C(C)C)NC(=O)C2(CCCCC2)NC(=O)CNC(=O)C(CC(N)=O)NC(=O)C(CO)NC(=O)C2CCCN2C1=O
4587,4588,Cn1c(C[NH2+]C2CCN(C(=O)OC(C)(C)C)CC2)nc2c1NC(c1ccccc1)CC2
4588,4589,COc1ccc(C[NH+](Cc2ccccn2)Cc2nccn2C)cc1
4589,4590,CCCC[Sn](CCCC)(CCCC)C(C)(CC)C(=O)[O-]
4590,4591,CCCCNC(=O)C[NH+]1CCCN(C(=O)c2ccco2)CC1
4591,4592,CC(C)(CO)CNC1CS(=O)(=O)c2ccccc21
4592,4593,CC(C)CC(NC(=O)c1cn(Cc2cccs2)nn1)C(=O)[O-]
4593,4594,Cc1ccc(S(=O)(=O)Oc2ccccc2C(=O)Nc2ccccc2N)cc1
4594,4595,COCCCN(C)C(=O)c1cc(C)cc(C)c1
4595,4596,Cc1ccnc(Cl)c1NCCC(=O)N1CCCCCC1
4596,4597,C=C(C=CC(=N)n1cc(CCC(=O)NCCC[NH+]2CCN(C)CC2)cn1)CC1[NH2+]C(C)(C)CC(C)CC1C
4597,4598,COc1ccc(COC2C(COCc3ccccc3)OC(O)C(O[Si](C)(C)C(C)(C)C)C2OCc2ccc(OC)cc2)cc1
4598,4599,CC(C)(CO)CNS(=O)(=O)c1cc(C(=O)[O-])n(C2CC2)c1
4599,4600,COc1cc2c(cc1OC)-c1cc(O)c(c3cc4ccccc4s3)c(=O)cc1C(c1ccccc1Cl)=NC2
4600,4601,N#Cc1cccc(C(=O)NCCn2ncc3ccc(F)cc32)c1
4601,4602,CSc1ccc([N+](=O)[O-])c(C(=O)N(C)CCC(=O)[O-])c1
4602,4603,Cc1nc(N)cc(C[NH+]2CCCN(C)CC2C)n1
4603,4604,C[NH2+]C(CCC1CCCC1)Cc1ccc(Br)cn1
4604,4605,COc1cccc(CC(=O)N2CCN(C(=O)C=Cc3ccc([N+](=O)[O-])s3)CC2)c1
4605,4606,COCCCN(C)C(=O)c1cn2ccnc2s1
4606,4607,COc1cccc2c1CCc1c-2nc2nc(OC)nn2c1C
4607,4608,Nc1cccc(Oc2ccc(OC(=O)C3CCCN3S(=O)(=O)c3ccc(Cl)s3)cc2)c1
4608,4609,CCC1(O)C(=O)OCc2c1cc1n(c2=O)Cc2c-1nc1ccccc1c2CC[N+]1(CC)CCCC1
4609,4610,CC(c1ccccc1)[NH+]1CCC(NC(=O)N2CC3(CCC3)c3ccc(F)cc32)C1
4610,4611,Cn1nnc(CC(=O)[O-])c1C1CCCCC1
4611,4612,COc1ccc(CN(C(=O)NC2CC[NH+](Cc3ccccc3)CC2)C2CC2)cc1
4612,4613,CCC(C)(C)C(=O)O[Si](OC(C)OC(=O)C(C)Br)(OC(C)OC(=O)C(C)[NH2+]C)OC(C)OC(=O)C(C)OC
4613,4614,COc1cc2c(c3c1OC(C)(C)C3)-c1c(nn(C)c1C)CSC2C
4614,4615,Cn1ccc(CCNc2ccc(N)cc2)n1
4615,4616,CCCCCCC(C)Nc1ccc(Cl)cc1OC
4616,4617,Cc1cc(C(=O)[O-])nn1c1ccc(Cl)cc1Cl
4617,4618,Cn1nc(c2ccc(Cl)cc2Cl)cc1C(=O)Nc1cnn(C)c1
4618,4619,CSc1ccc(CC(=O)NC(C[NH3+])C2CC2)cc1
4619,4620,C=C(C)COCC[NH2+]Cc1ccc(F)c(Br)c1
4620,4621,CCOC(=O)ON1CCCC([NH3+])C1
4621,4622,Cn1cccc1C=Nn1c(=S)scc1c1ccc(Cl)cc1
4622,4623,CSC1CCCC(Nc2cccc3c2C[NH2+]C3)C1
4623,4624,COc1c(C)cc(F)cc1C(C)(CC(=O)[O-])S(C)(=O)=O
4624,4625,Cn1cc([N+](=O)[O-])c(N2CC3(C2)OCCO3)n1
4625,4626,CC(=O)C(Br)c1cccc(Cl)n1
4626,4627,O=c1nc(Nc2ccc(Cl)c(Cl)c2)[nH]c2ccsc12
4627,4628,O=C1CCC([NH+]2CCC(Cc3ccccc3)C2)C(c2nc3n(n2)CCO3)N1
4628,4629,O=C(NC1CCCC1)c1cc2ccccc2o1
4629,4630,CC1=C(C(=O)OC(C)C)C(c2ccc(N(C)C)cc2)C(C(=O)OC(C)C)=C(C)N1
4630,4631,CC1=C(C(=O)OC(C)C)C(c2cccc([N+](=O)[O-])c2)C(C#N)=C(Sc2ccccc2)N1
4631,4632,Cc1cc(NC(=O)CNC(=O)C2CC[NH+](CC(=O)Nc3ccc(C(=O)NC(C)C)cc3C)CC2)ccc1NC(=O)c1cccc(F)c1
4632,4633,Cc1nc(C(=O)N2CCC(COc3ccc(C)nn3)CC2)c(C)s1
4633,4634,Cc1ccc(CC(=O)Nc2ccccc2N2CCOCC2)cc1
4634,4635,CC(C)(C)n1[nH]c(C=Cc2ccccc2)cc1=O
4635,4636,O=C(CC1Sc2ccccc2NC1=O)Nc1ccc(Cl)c(S(=O)(=O)N2CCOCC2)c1
4636,4637,CC(C)C(C)N(C)C(=O)c1cnc(Cl)c(Cl)c1
4637,4638,C[NH2+]Cc1cnc(c2c[nH+]c(c3ccc(OC(C)C)c(C(F)(F)F)c3)[nH]2)nc1
4638,4639,COc1n[nH]c(NC(=O)c2ccco2)n1
4639,4640,CNc1cc(C(=O)NC(C)c2nccs2)cc(Cl)n1
4640,4641,CCOCCCNC(N)=[NH+]CC1([NH+]2CCSCC2)CCCC1
4641,4642,N#CC(=Cc1ccc(N2CCOCC2)cc1)C(=O)Nc1cc(Cl)ccc1Cl
4642,4643,COC(=O)c1ccc(C[NH2+]CCc2[nH]cc[nH+]2)c(Br)c1
4643,4644,COc1ccccc1c1nnc2n1N=C(CCC(=O)[O-])CS2
4644,4645,COc1cc(NC(=O)C2CCCN2C(=O)C2CC[NH+](C(C)C(=O)Nc3cc(C(=O)Nc4ccccc4C)ccc3Cl)CC2)ccc1NC(=O)C1CCCCC1
4645,4646,N#Cc1cc(NC(=O)c2ccncc2Cl)ccn1
4646,4647,CC[NH2+]Cc1nc(C)ccc1Oc1cccc(CC)c1
4647,4648,N#Cc1cccc(Nc2ncc3ccc(c4ccoc4)cc3n2)c1
4648,4649,O=C(C[NH+]1CCN(Cc2ccccc2Cl)CC1)NCCc1ccccc1
4649,4650,FC(F)(F)c1cc(N2CCCCC2c2cccnc2)nc(NC2CC3CCC2C3)n1
4650,4651,Cc1ccc(CNC(=O)C2CCCN2C(=O)C2CC[NH+](CC(=O)Nc3cc(C(=O)N4CCCCC4)ccc3C)CC2)c(C)c1
4651,4652,CC(C)S(=O)(=O)c1ccccc1c1nnn(c2ccncc2F)n1
4652,4653,CCCC(CCBr)CNC(=O)c1ccc(F)c(F)c1
4653,4654,CCOC(=O)c1ccc(S(=O)(=O)N2CCC(C[NH2+]C)C2)cc1
4654,4655,O=C1Nc2c(cc(Br)c3c2CCCC3)C(c2ccc(C(F)(F)F)cc2)N1
4655,4656,COCCNS(=O)(=O)c1cccc(C(=O)N(Cc2ccccc2)c2ccccn2)c1
4656,4657,Cc1ccc(F)c(Oc2ccc3nc(Nc4ccc5[nH]ncc5c4)[nH]c3c2)c1
4657,4658,COc1c(C(C)O)cc(CBr)cc1C(C)(C)C
4658,4659,Cc1cccc2c(COC(=O)c3cccc(S(C)(=O)=O)c3)cc(=O)oc12
4659,4660,COc1ccc(NC(=O)C(C#N)=Cc2ccccc2OCC(=O)Nc2ccccc2C)cc1
4660,4661,[NH3+]C(CC(=O)[O-])C(=O)NC(CCC(=O)[O-])C(=O)NC(CCC(=O)[O-])C(=O)NC(CCC(=O)[O-])C(=O)[O-]
4661,4662,CC1CCN(C(=O)C2CCN(S(=O)(=O)C3CC3)CC2)CC1
4662,4663,COc1ccc(NC(=O)C(C)Sc2cccc(NC(=O)C(=Cc3ccco3)NC(=O)c3ccccc3)c2)cc1
4663,4664,CCOc1cccc(C2=C(O)C(=O)N(c3cc(C)ccc3OC)C2c2ccc([N+](=O)[O-])cc2)c1
4664,4665,COc1ccc(CCNC(=O)C2CCN(C(=O)NC3CCCCCC3)CC2)cc1OC
4665,4666,Cc1ccc(C(NN)C2([NH+](C)C)CCCC2)cc1C
4666,4667,CC(Sc1nnc(C2CC2)n1C1CC1)C(=O)N1CCC([NH+]2CCCCC2)C1
4667,4668,CSC(CO)C(C)NC(=O)c1oc2c(F)cccc2c1C
4668,4669,CC(=O)OC1C=COC1
4669,4670,C[NH2+]CCNc1cnc(C#N)cn1
4670,4671,CC1CN(c2cc(c3cccc(C#N)c3)ncn2)CC(C)O1
4671,4672,Cn1c(=O)cc(NCc2cnn3ccccc23)[nH]c1=O
4672,4673,Cc1cc(C)cc(C(=O)N2CC[NH+](CCCCCl)CC2)c1
4673,4674,C=CCCCCC[NH2+]C1CCCC1C
4674,4675,Cc1ccc(C(O)c2ccc(Br)c(Cl)c2Cl)c(Cl)c1
4675,4676,CC(=O)c1c[nH]c(=O)c(c2cccc(C(F)(F)F)c2)c1[O-]
4676,4677,COCC(C)N1C(=O)C(c2cccc(OC)c2)=C([NH+]2CCCC2)C1=O
4677,4678,Nc1c(CCl)cc2sccc2c1[S-]
4678,4679,O=C(c1cn(C2CC[NH2+]C2)nn1)N1CCCCC1
4679,4680,COc1ccc(OC)c(c2nnnn2Cc2cn3ccsc3[nH+]2)c1
4680,4681,O=C(CN(CCO)CC(F)F)NC(=O)NC1CCCCC1
4681,4682,Cn1cc(S(=O)(=O)N2CC3OCC[NH+](C)C3C2)c(=O)n(C)c1=O
4682,4683,CC(C)(C)C1=C(C(=O)[O-])C(C(=O)[O-])=C([NH3+])N1[NH3+]
4683,4684,O=C(CNc1cccc(C(F)(F)F)c1)NN=Cc1cc(Br)c(OCc2ccc(F)cc2)c(Br)c1
4684,4685,O=C([O-])C1CC(O)CN1C(=O)c1cn(C2CCOC2)nn1
4685,4686,Cc1ccc(N)c(S(=O)CC(=O)N(C)C)c1
4686,4687,Cc1cc(NC(=O)N2CCC(NS(C)(=O)=O)CC2)nn1C
4687,4688,O=C(CBr)c1cnn2ccccc12
4688,4689,N#Cc1c(F)cccc1OCC1(CS)CC1
4689,4690,CC(=NNC(=O)Cc1ccccc1)c1ccc([N+](=O)[O-])cc1
4690,4691,O=C(C1CSCN1C(=O)Cn1nnc(c2cccs2)n1)N1CCCC1
4691,4692,COc1cc2c(cc1OC)C[NH+](CCNS(=O)(=O)C1CCS(=O)(=O)CC1)CC2
4692,4693,[NH3+]Cc1ccc(c2occc2Br)o1
4693,4694,COC(=O)C(C)NS(=O)(=O)c1c(F)cc(N)cc1F
4694,4695,CSc1ccc(S(=O)(=O)N(C)c2ccc(C3CCN(C(=O)Nc4ccccc4Cl)CC3)cc2)cc1
4695,4696,Cn1ccnc1CNc1ccc(C(N)=S)c(Cl)c1F
4696,4697,CC(C)CC(NC(=O)C([NH3+])CCCC[NH3+])C(=O)NC(C)C(=O)NC(Cc1ccc(O)cc1)C(=O)NC(CO)C(=O)NCC(=O)[O-]
4697,4698,C[NH2+]CC1CCCN1C(=O)c1ccc(Cl)c(F)c1
4698,4699,Cc1c(C(=O)N(C)CC[NH2+]C2CC2)nnn1c1cccc([N+](=O)[O-])c1
4699,4700,CSc1ccc(c2nc3c(C)cccn3c2N)cn1
4700,4701,CCC(=O)N1CCc2ncc(CN3C(=O)CNC3=O)cc2C1
4701,4702,CCC(C)c1ccc(C(Br)c2ccc(Cl)s2)cc1
4702,4703,C[NH2+]C(c1sc(C)cc1C)c1coc(C)c1C
4703,4704,O=C(NCC1C[NH2+]CCO1)C1CSC[NH2+]1
4704,4705,COc1cc2c(cc1c1c(C)noc1C)[nH]c1nc(Oc3ccc4cnccc4c3)nc(N3CC4CC4C3)c12
4705,4706,COC(=O)c1c(C)oc2ccc(Nc3nc(=O)cc(CSc4nnnn4C)[nH]3)cc12
4706,4707,O=C(CN1C(=O)COc2ccc(c3cncnc3)cc21)Nc1ccccc1C(F)(F)F
4707,4708,Cn1nnc2cc(C(=O)[O-])ccc2c1=O
4708,4709,Cc1cccc2[nH]cc(CC(=O)Nc3c(C(C)C)onc3c3ccccc3Cl)c12
4709,4710,CC1OCCC1C(O)c1cc2cccc(Cl)c2o1
4710,4711,COC(=O)c1cccc(N2C(=O)C(O)=C(c3cccc(OCC(C)C)c3)C2c2cccc(C)c2)c1
4711,4712,O=C([O-])C=Cc1nc2cc(F)ccc2n1C1CC1
4712,4713,Cc1nc2n(n1)CCN(C(=O)Nc1ccccc1F)C2
4713,4714,C=CCNC(=O)NC(=O)CN1C(=O)NC(C)(c2ccc3c(c2)OCO3)C1=O
4714,4715,Cc1ccc(c2nc(N)ncc2[N+](=O)[O-])c(C)c1
4715,4716,Cc1nc(C)c(NC(=O)Nc2cnc3ncc(c4ccc(C(C)(C)C)cc4)[nH]c2-3)s1
4716,4717,CCCCCC(O)C=CC1CC=C(c2ccc(c3ccc(C(F)(F)F)cc3)c(F)c2)C=N1
4717,4718,O=C(CNc1ccc(F)cc1)Nc1ccc2oc(c3ccc4c(c3)OCO4)nc2c1
4718,4719,C=CCc1cc(OC)c(OC)cc1OC(=O)N1CC[NH+](Cc2ccccn2)CC1
4719,4720,COc1cccc2[nH]c(CN3CC[NH+](CC(=O)NC4CCCCC4)CC3)nc12
4720,4721,COc1ccc(NC(=O)CCN(C(C)=O)c2cccc(Cl)c2)cc1OC
4721,4722,Cc1cc(N)ncc1c1ccc2[nH]c(=O)[nH]c2c1
4722,4723,COC(=O)C=C(C)C=CC1CC=C(C2=CC=C(C)CC2)CC1
4723,4724,CCC(C)Oc1cccc(NC(=O)CNc2ccc(OCCOC)cc2)c1
4724,4725,CC1COc2cc(N)ccc2N1C(=O)C1C2CCCCC21
4725,4726,COCC[NH+]1CCOC(CNC(=O)Nc2nnc(C(C)(C)[NH3+])o2)C1
4726,4727,COC(=O)c1cccc(OS(=O)(=O)c2cccc(OC)c2OC)c1
4727,4728,Cc1cc(N2CCC([NH2+]C(C)c3cccc4ccccc34)CC2)cc[nH+]1
4728,4729,CC(C)c1cc(OCC(F)(F)F)nc(NN)n1
4729,4730,CCCCCC=CCCC(=O)CC(C=CCCCCCCCC)OC(=O)NCC[NH+](C)C
4730,4731,CCCC(CCC)C(O)C=CC1CCC(=O)C1CCCCCCC(=O)OCc1ccccc1
4731,4732,COCCCOc1cc(C(=O)N(CC2CCCC2)C2CCC2)cc(C(=O)N(CCOC(=O)NC(C)(C)C)C2CCC(CO)CC2)c1
4732,4733,COc1ccc(N2C(=O)NC(=O)C(=Cc3cc(Cl)c(OCc4ccccc4C#N)c(Br)c3)C2=O)cc1OC
4733,4734,Cc1ccc(CN(C(=O)C2CC=CCC2)C2CC(=O)N(c3ccc(Br)cc3C)C2=O)cc1
4734,4735,COc1ccc(C(=O)COC(=O)CCc2cccc3ccccc23)cc1F
4735,4736,CCCC(O)CNc1cncc2nnnn12
4736,4737,COc1ccc(C(=O)c2scc(c3ccc(C)cc3)c2OC(=O)c2ccc(OC)cc2)cc1
4737,4738,C[NH2+]CC1CCN(C(=O)c2ccnc(OCc3ccccc3)c2)C1
4738,4739,CC1CN(C(=O)C2CCOC2c2cnn(C)c2)CCC1(O)C1CCOCC1
4739,4740,Cc1oc(c2ccccc2)nc1COC(=O)c1cccc(OCc2ccc(Cl)cc2)c1
4740,4741,Cc1c(N)cc(Cl)cc1S(=O)(=O)NC(C)(C)c1ccc(F)cc1F
4741,4742,COc1ccccc1C(C)NC(=O)C1CCC([NH3+])C1
4742,4743,COc1cccc(C(=O)Nc2c3c(nn2C)C2(CCCCC2)C3)c1
4743,4744,O=C(c1ccccc1)c1ccc(N(Cc2cccc(Oc3ccccc3)c2)C(=O)c2cccnc2)cc1
4744,4745,CC(CCC[NH3+])CC(=O)NCc1ccco1
4745,4746,CSc1ccc(C(=O)OCC(=O)c2ccc(N3CCCC3=O)cc2)cc1
4746,4747,CC(CC1CC1)NC(=O)c1ccoc1Cl
4747,4748,Fc1cncc(c2nnc(C3CCCC[NH2+]3)o2)c1
4748,4749,CCCCCCCCC1(C(OC(=O)c2ccccc2)C(O)CCCCC)c2cc(OCc3ccccc3)ccc2-c2ccc(O)cc21
4749,4750,CC(C)Cn1c(N)c(NC(C)C2CCCC(C)C2)c(=O)[nH]c1=O
4750,4751,Cc1ccc(S(=O)(=O)N(C)Cc2cccc(C(=O)N3CCN(c4ncccc4C#N)CC3)c2)cc1
4751,4752,C=CCn1c(SC(C)C(=O)N2CCCCCC2)nc2sccc2c1=O
4752,4753,Cc1ccnc(NCC2CCSC2)c1C(=O)[O-]
4753,4754,[NH3+]C(Cc1ccc(O)cc1)C(=O)CC1([NH3+])CCCC1
4754,4755,CCOc1cc(c2noc(C3CC3)n2)ccc1OCC(=O)Nc1ccc(Cl)cc1
4755,4756,COCCCN(Cc1ccccn1)C(=O)CNC(=O)c1cccc(C(F)(F)F)c1
4756,4757,COc1ccc(NC(=O)CN2CCCC(O)C2)cn1
4757,4758,CC(C)NC(=O)c1ccc(N(C)CC2CCCC2)nn1
4758,4759,CC1CC[NH+](Cc2ccc(CNC(=O)C3CC[NH2+]CC3)cc2)CC1
4759,4760,Cc1ccc(Oc2ccc(NC(=O)N3CCCC4(CCCCC4)C3)cc2)nn1
4760,4761,O=C(CN1C(=O)CSc2nccnc21)OCc1nc(c2cccs2)no1
4761,4762,CC(C)C(C#N)(Nc1cccc(F)c1F)C1CC1
4762,4763,CSc1ccccc1NC(=O)COC(=O)c1nn(c2ccccc2)c(=O)c2ccccc12
4763,4764,Cn1c(=O)c2c(nc(SC3CCCCC3)n2C)n(C)c1=O
4764,4765,CCc1cc2ccnc(N(CCO)C3CC3)c2s1
4765,4766,Cc1c[nH]cc1C(=O)N1CCCC1C1NNC(C2CCCC[NH2+]2)C1C1CCC1
4766,4767,CSc1cccc(NC(=O)CC2SC(Nc3ccc(Cl)c(Cl)c3)=[NH+]C2=O)c1
4767,4768,CCCCCCCCC1CCC(c2ccc(C(=O)Oc3cc(F)c(F)c(F)c3)c(F)c2)CC1
4768,4769,CC(C)(C(=O)N1CCOC(c2cccc(Cl)c2)C1)N1C(=O)c2ccccc2C1=O
4769,4770,CCCCCCCOc1c(OC)cc(C=C(C#N)c2ccc(Br)cc2)cc1OC
4770,4771,COC(=O)C1([NH2+]C(C)C)CCC(C)CC1
4771,4772,Cc1ccc(Br)cc1NC1(CO)CCCCC1
4772,4773,CC(C)C[NH+]1CCC(N(C(=O)CC2CCCCCC2)C2CC2)CC1
4773,4774,Cc1[nH]nc(C(=O)N2CC[NH2+]CC2c2ccccc2)c1C
4774,4775,CCCCCCC=CCCCCC=CCCCCCCCC(=O)OC(CO)COP(=O)([O-])OCC(O)CO
4775,4776,CCOC(C)O[Si](CC1CCC(I)CC1)(OCC)OCC
4776,4777,COc1ccc(C[NH+](C)C(C)C(=O)N2CCCC2C)c(OC)c1
4777,4778,CC(C)(C)[Si](C)(C)OCC1OC1Cn1cnc2c(NC(=O)c3ccccc3)ncnc21
4778,4779,CSC(CO)C(C)NC(=O)c1coc(C[NH+]2CCC(O)C2)n1
4779,4780,COc1ccc(COc2c(Cl)cc(N)cc2C(=O)[O-])cc1
4780,4781,C=CCP(=S)(OCC(CCCC)NC(C)=O)OCC(O)CO
4781,4782,Fc1cccc(CNc2ccc(Cl)c(CO)c2)c1
4782,4783,[NH3+]Cc1cn(Cc2ccc(n3cccn3)cc2)nn1
4783,4784,CCCCN1C(=O)NC(c2ccc(OC)c(OC)c2)C(c2nc(c3ccc(F)cc3)no2)=C1C
4784,4785,Cc1nn(CC(C)C)c(C)c1CCC(=O)N1CC(C(=O)[O-])C(c2ccccc2)Cc2ccccc21
4785,4786,COc1cccc(C(=O)Oc2cc(N)ccc2F)c1OC
4786,4787,CCC(C)C(C)NC(=O)c1cc(Br)ccc1O
4787,4788,Cc1nc(NN)cc(N(CC(F)(F)F)C(C)C)n1
4788,4789,N#Cc1ccc(Oc2ncc(Br)cc2C(=O)[O-])cc1
4789,4790,[NH3+]CCc1ccc2c(c1)OCCN2S(=O)(=O)c1ccccc1
4790,4791,CCOC(=O)c1cn(c2ccccc2C)c2nc(N3CCCCC3)ncc2c1=O
4791,4792,Cc1ccoc1C(=O)N1CC[NH+](Cc2c[nH+]c(c3ccccc3)[nH]2)CC1
4792,4793,O=C(c1ccc(c2ccc(Cl)cc2)s1)N1CCN(c2cc(c3ccccc3)ccn2)CC1
4793,4794,CC(=O)Nc1ccccc1C(=O)Nc1cccc(c2ccc3nnc(c4cccc(F)c4)n3n2)c1
4794,4795,CCOC(=O)Cc1csc(NC(=O)COC(=O)c2ccccc2NS(=O)(=O)c2ccc(C)cc2)n1
4795,4796,O=C(CCC1CCCO1)c1ccccc1C(F)(F)F
4796,4797,CC(C)(C)c1ccccc1NCc1cc(Cl)c2c(c1)OCO2
4797,4798,N#Cc1ccc(C(=O)NCc2ccco2)cc1
4798,4799,N#CCC1(Cc2cccc(c3ccc4ccccc4n3)c2)CCC(n2ccc3ccccc32)CC1
4799,4800,O=C(CCc1cnn(c2ccccc2)c1)NCC1CCCO1
4800,4801,Cc1nc(N2CCc3c(c(c4ccc(Cl)cc4)nn3C)C2)sc1C
4801,4802,COc1ccc(C(C)[NH2+]CC2(C)CCCO2)c(F)c1
4802,4803,N#Cc1ccc(c2cc(c3ccc(c4ccccc4)cc3)nc(c3ccc(n4c5ccccc5c5cc(c6ccccc6)ccc54)cc3)c2)cc1
4803,4804,CC(=O)C(Br)=CNc1cc(C(F)(F)F)cc(C(F)(F)F)c1
4804,4805,COC(=O)c1cnc(Sc2nnnn2C)nc1N
4805,4806,COc1ccc(NC(=O)Cn2ncc(c3ccccc3)n2)cc1OC
4806,4807,COc1cc(I)c(C(=O)NCCCOC)cc1OC
4807,4808,Cc1ccc(CNC(=O)c2ccc(n3nc(C)cc3C)nc2)s1
4808,4809,Cc1nc(Cc2ccccc2)sc1C(=O)N(C)Cc1cccc(O)c1
4809,4810,O=C(Nc1ccccc1C(F)(F)F)c1ccc(S(=O)(=O)N2CCCC2)cc1
4810,4811,CC[NH2+]C(Cc1ccccc1)C(CC)c1ccccc1
4811,4812,CC(C)[NH+]1CCC(NC(=O)c2csc(C#CCCO)c2)CC1
4812,4813,COc1ccc(n2ncc(C(=O)N3CCOCC3)c2C2CCN(C(=O)OC(C)(C)C)CC2)cc1
4813,4814,O=P([O-])([O-])OCCSCCSSc1ccccc1
4814,4815,O=C(C1CC12CC[NH2+]CC2)N1CCCC1C1CCCC1
4815,4816,O=C(NCc1cccnc1N1CCCC1)C1CCN(c2ccccc2)CC1
4816,4817,CC(C)n1ccnc1Cn1cnc([N+](=O)[O-])n1
4817,4818,CC[NH2+]C(CC)CSc1ccccc1OC
4818,4819,CCC1CCN(c2cnccc2C[NH2+]C(C)C)C1
4819,4820,CC(NC(=O)NCc1ccccc1OCC1CC1)c1ccc(Cl)s1
4820,4821,CCC(C)NC(=O)CCNc1nccc(C#N)c1Cl
4821,4822,COc1cc2cc(CNc3ncnc4c3c(c3ccccc3)nn4C)c(=O)[nH]c2cc1OC
4822,4823,O=C1CN(c2ccc(CNC(=O)c3ccc4cc[nH]c4c3)c(C(F)(F)F)c2)CCN1
4823,4824,Cc1cc(CCC(=O)NCC(F)(F)F)cc(C(F)(F)F)c1
4824,4825,CC(CCC#N)NC(=O)c1cccc(F)c1Br
4825,4826,Cc1ccc(N2C(=O)CSC2c2cccc(CN(C(=O)C(C)C)C3CCCC3)c2)cc1C
4826,4827,N#CCc1nc(C(F)(F)F)ccc1NC1C2COCC21
4827,4828,C=CCOP(=O)(OCC=C)N1C(=O)C2CC(c3ccccc3)N(c3ccccc3)C(c3ccccc3)C2C1=O
4828,4829,Cc1cc(c2n[nH]c(=S)n2CC(=O)NCc2ccc(C3CCC3)cc2)on1
4829,4830,N#Cc1nc(Oc2ccc(F)c(Cl)c2)ccc1N
4830,4831,COC(=O)c1c(NC(=O)CSc2nnc(c3cccs3)n2C)sc(C(N)=O)c1C
4831,4832,Cc1ccc(COc2ccc(C=NNC(=S)NCCC[NH+](C)C)cc2)cc1
4832,4833,CSCCC(NC(=O)C([NH3+])CCC(=O)[O-])C(=O)NC(CCC[NH+]=C(N)N)C(=O)N1CCCC1C(=O)[O-]
4833,4834,Cc1cc(S(=O)(=O)N2CCCCC2)ccc1OCC(=O)Nc1ccc(N2CCCCC2)cc1
4834,4835,COc1ccc(CCNC(=O)C2CCN(c3nc4c(cc3C#N)CCC4)CC2)cc1
4835,4836,CC(C)(C)c1csc(C[NH+]2CCN(C(=O)CNC(=O)c3ccsc3)CC2)n1
4836,4837,Cc1cc(C(=O)COC(=O)c2ccc(C=C3SC(=O)N(Cc4ccc(Cl)c(Cl)c4)C3=O)o2)c(C)n1CC(C)C
4837,4838,CC(C)(C)C1CCC2C(CC(c3ccc(O)cc3)C34CCC(O)(CC3)CC4)C2C1
4838,4839,CCOC(=O)C(Cc1ccccc1)C1(O)CCCCC1
4839,4840,CC[NH2+]C(Cc1[nH+]ccn1CC)c1ccc([N+](=O)[O-])o1
4840,4841,CC(=O)OC1(C)CC2OCC2(OC(C)=O)C2C(OC(=O)C(OC(=O)C3CCCCC3)C(NC(=O)c3ccccc3)c3ccccc3)C(C)=C1C2(C)C
4841,4842,CC(C)(CNc1ccc(C(N)=S)nc1)C(=O)[O-]
4842,4843,CC(C)[NH+]1CC2CC1CN2C(=O)NCc1ccccc1
4843,4844,Cc1ccc(NC(=O)NCc2cc(C)n(C)n2)cc1
4844,4845,COc1ccc([N+](=O)[O-])cc1NC1CCN(c2cc(Cl)ccc2C#N)C1
4845,4846,Cc1nc(C)c(C(=O)N2CCC(NC(=O)NC(C)C)CC2)s1
4846,4847,CC(=O)N(CC(=O)NCc1ccccc1Cl)c1cccc(Cl)c1C
4847,4848,Cn1c(=O)c2ccccc2n2c(SCC(=O)N3CCCc4ccccc43)nnc12
4848,4849,CCCCCOc1ccc(C(=O)CCC(=O)OCC(=O)NC(C)c2ccc(C)cc2)cc1
4849,4850,COc1ccc(NC(=O)c2cc(OC)ccc2O)cn1
4850,4851,O=C1CCCc2cc3c(cc21)CCO3
4851,4852,CCc1oc2ccccc2c1C=CC(=O)NC1CCN(C(=O)OCC)CC1
4852,4853,O=C(Nc1cccc(C(=O)[O-])c1)Nc1ccc(I)cc1Cl
4853,4854,COc1ccc(CCNC(=O)COC(=O)c2c3c(nc4ccccc24)CCC3)cc1OC
4854,4855,CC(C)c1cc(S(N)(=O)=O)cc(Cl)c1OCc1ccc(C(=O)[O-])cc1
4855,4856,CCOC(=O)C=Cc1c(OCc2ccccc2)ccnc1OCOC
4856,4857,CCCCN(CC(F)(F)F)c1ccccc1CCl
4857,4858,[NH3+]C1CCCN(Cc2ccc(c3noc(c4ccncc4)n3)cc2)C1
4858,4859,CC(=O)Nc1cc(NC(=O)CNC(=O)C2CC[NH+](C(C)C(=O)Nc3ccc(C(=O)Nc4c(F)cccc4F)cc3C)CC2)ccc1Cl
4859,4860,CCCCCC(C)NC(=O)N1CC(O)CC1C(=O)[O-]
4860,4861,Cc1cc(NC(=O)NCCC(=O)[O-])no1
4861,4862,[NH3+]CCc1nc(C(=O)NCCc2ncno2)cs1
4862,4863,CC(C)n1cc(NC2CCCC2C(C)(C)C)cn1
4863,4864,COc1ccc(CN(C)c2nc(c3ccccc3Cl)nc3ccccc23)cc1
4864,4865,O=C(NCCC(=O)N1CCCCCC1)NCC1(C(=O)[O-])CCCCCC1
4865,4866,CCCc1cnc(N2CCC(CCc3nc(c4cccnc4)no3)([NH+]3CCc4sccc4C3)C2)nc1
4866,4867,COc1ccc(CN(C(=O)Cc2ccc3c(c2)OCO3)C2CC[NH+](C)CC2)cc1OC(F)F
4867,4868,CCOC(=O)N1CCC2(CC1)CC([NH+]1CCCN(C)CC1)C(=O)N2CC
4868,4869,CCCC(CC)[NH2+]C1CCCOC1
4869,4870,Cc1ccc(C=NNc2nc(c3ccccc3)c(C)s2)cc1
4870,4871,O=C([O-])N1CCN(c2ncccc2CCc2ccc(F)cc2)CC1
4871,4872,Nc1cnn(CC[NH+]2CCOCC2)c1
4872,4873,Cc1ccc(c2csc(NC(=O)CNc3ccc(C)c(Cl)c3)n2)o1
4873,4874,COC(=O)NC(C(=O)N1CCCC1c1nc2ccc(c3ccc4c(c3)c(c3ccc(c5c[nH+]c(C6CCCN6C(=O)C(NC(=O)OC)C(C)C)[nH]5)cc3)c3ccc(c5c[nH+]c(C6CCCN6C(=O)C(NC(=O)OC)C(C)C)[nH]5)cc3c4c3ccc(c4c[nH+]c(C5CCCN5C(=O)C(NC(=O)OC)C(C)C)[nH]4)cc3)cc2[nH]1)C(C)C
4874,4875,C=CCn1c(C)nnc1SCC(=O)Nc1ccccc1OC
4875,4876,CCc1ccc2[nH]c(O)c(C(=NN)Sc3nc4sccn4c(=O)c3C#N)c2c1
4876,4877,Cc1cc(C)c(NC2=[NH+]CC(C)(C)CS2)c(Cl)c1
4877,4878,CCC(=O)N1CCCCC1c1nc(CCOCC)no1
4878,4879,CC1CN(C(=O)c2cn(C3CCCC3)nn2)CC[NH2+]1
4879,4880,COc1ccccc1N1CCN(c2ccc3ncc(C(=O)N4CCN(c5ccccc5OC)CC4)cn23)CC1
4880,4881,CCC(C)C([NH3+])C(=O)NCC(=O)NC(Cc1ccccc1)C(=O)N1CCCC1C(=O)[O-]
4881,4882,CCOC(=O)C(=CNc1cc(C)c(Cl)cn1)C(=O)OCC
4882,4883,CC(C)c1c(Cl)[nH]c(=O)n(c2ccc(C#N)cc2)c1=O
4883,4884,COCCC(C)(C)C[NH2+]Cc1cc(Br)cs1
4884,4885,Nc1cc2ccccc2cc1C(=O)OCCC1CO1
4885,4886,CCCCCS(=O)(=O)On1nnc2cc(C(O)C(CCC)n3cc(C(=O)NC(CCC(=O)[O-])C(=O)[O-])nn3)ccc21
4886,4887,Cc1ncsc1CNc1ccccc1C(F)(F)F
4887,4888,O=C(NCCc1c[nH]c2ccc(Cl)cc12)c1ccc2c(c1)CCO2
4888,4889,COc1ccc(N=NC(C(C)=Nc2c(C(C)C)cccc2C(C)C)C(=O)c2ccccc2OC)cc1
4889,4890,COc1ccc(C(O)CNC(=O)c2ccccc2F)cc1
4890,4891,CCC1[NH2+]CC(=O)N1CC(C)(C)CCOC
4891,4892,CCCCCC=CCC=CCCCCCCCC(=O)OC(COC(=O)CCCCCCCCCC=CCCCCCCCC)COP(=O)([O-])OCC[N+](C)(C)C
4892,4893,CCC(C)C(=O)OCC(CO)OC(=O)OCC(CO)(CO)COC(=O)CC
4893,4894,Cn1cnc(CNc2cccc(c3nccs3)c2)n1
4894,4895,Cc1ccc(n2nc(C(=O)N3CC4CCC(C3)O4)c3c2CCC3)cc1
4895,4896,Cc1coc(Sc2nc(NN)c(F)cc2Cl)n1
4896,4897,CC(C)(I)C1(O)CCC2C3CCC4=CC(=O)CC([NH+]5CCC(NC(=O)CC(F)(F)F)CC5)CC4=C3CCC21C
4897,4898,CC1C[NH+](Cc2ccsc2)C(C)CN1C(=O)C=Cc1cccs1
4898,4899,CSc1nc(=O)c2nc(SCc3ccccc3)n(Cc3ccccc3)c2[nH]1
4899,4900,COC(=O)c1ccc(N2C(=O)C(Cl)=C(Nc3cccc(C(=O)Nc4ccccc4OC)c3)C2=O)c(C)c1
4900,4901,CCc1ccc(Cn2nccc2NC(=O)CN2C(=O)C3CCCCC3C2=O)cc1
4901,4902,Fc1ccc(Oc2ccc3c(c2)OCCC3)cc1Cl
4902,4903,COCCN(C)c1c(Cl)cccc1C[NH2+]C(C)C
4903,4904,COc1ccccc1NC(=O)C1=CC(=O)N(c2cc(Cl)ccc2C)C1
4904,4905,CC1CN(C(=O)c2ccc(C[NH3+])o2)CC(CO)O1
4905,4906,COc1cc(NC(=O)NCCCN2CCCC2=O)cc(OC)c1
4906,4907,O=C(CCCn1cccn1)NC1CCN(C(=O)C=Cc2ccccc2)C1
4907,4908,CCn1nc(C)c(Cl)c1CC(NN)c1ccc(F)c(Cl)c1
4908,4909,CCC(C)(CO)C[NH2+]Cc1cccc(CS(C)(=O)=O)c1
4909,4910,CCc1ccc(CN2C(=O)C(=O)C(=C([O-])c3cc(Cl)c(OC)c(Cl)c3)C2c2ccccn2)cc1
4910,4911,Cc1ccc(NC(=O)Cn2cnc([N+](=O)[O-])c2C)cc1
4911,4912,CCCCCCc1ccc(OCC2CO2)c(O)c1O
4912,4913,CC1Cc2ccccc2N(CC[NH2+]CC2CCCOC2)C1
4913,4914,O=C(NCc1ccccc1)c1cc2c(s1)CCN(C(=O)c1ccc(F)cc1)C2
4914,4915,O=C([O-])CCCC=CCC1C(O)CC(O)C1CCCCCCCCCCCCCCCCCCCCC(=O)NC(Cc1ccc(OCc2ccccc2)c(OCc2ccccc2)c1)C(=O)[O-]
4915,4916,O=C(c1ccc(Cl)cn1)N1CCC(Oc2ccncn2)CC1
4916,4917,CC1CN(c2n[nH]c(=S)n2C)CCS1
4917,4918,O=C(NCc1ccc(OCC(F)(F)F)nc1)c1ccccc1S(=O)(=O)N1CCCCC1
4918,4919,CCC1(c2nc3cc(F)ccc3n2C)CC[NH2+]C1
4919,4920,COc1ccc(Br)c(CC(O)C2CC3CC3C2)c1
4920,4921,CC(C)n1ccc(CNc2ccnc(C[NH3+])c2)n1
4921,4922,COc1cc(Br)ccc1C(=O)NC1CCC[NH2+]C1
4922,4923,FC(F)(F)c1ccccc1Nc1ncc(I)cn1
4923,4924,[NH3+]CC(c1ccc(Cl)cc1Cl)C(O)c1cccnc1
4924,4925,CCOC(=O)CC1CCC(c2ccc(c3ccc(C(F)(F)F)cc3)cc2)CC1
4925,4926,C=CC1CC12CCCCC2
4926,4927,COc1cc(OC)cc(C(CC(=O)NC2CCCCC2)c2ccc3ccccc3n2)c1
4927,4928,NC(=[NH2+])c1ccc(NC(=O)c2ccoc2)c(Cl)c1
4928,4929,CC(C)(C(=O)N1CCC(C2CC[NH2+]C2)C1)c1ccccc1
4929,4930,CC(c1nc(=O)c2ccccc2[nH]1)N(C)C(=O)c1ccccc1C(F)(F)F
4930,4931,CCOC(=O)C1=C(C)N(CC(=O)NCCC[NH+]2CCc3ccccc3C2)C(=O)C1=Cc1ccc(c2cccc([N+](=O)[O-])c2)o1
4931,4932,CCc1c(Cl)ncnc1NC1(CO)CCCCC1
4932,4933,CCC1=C(C)C=CC(OC(=O)CCC(=O)[O-])C1
4933,4934,CCOC(=O)N1CCN(C(=O)C(CCC(=O)[O-])NC(=O)OC(C)(C)C)CC1
4934,4935,COC(=O)c1c(O)c(OC(C)=O)c(OCc2ccccc2)c(C(=O)OC)c1OC(C)=O
4935,4936,C=CCSc1ccccc1NC(=O)C(=O)Nc1ccc(Cl)cc1C
4936,4937,Cc1ccc(OCCn2c(CCNC(=O)Cc3cccc(Br)c3)nc3ccccc32)cc1
4937,4938,CC[NH2+]C(C)C1CCN(c2ccc(C)nc2)CC1
4938,4939,CCC(C)C(Oc1cccc(O)c1)C(=O)[O-]
4939,4940,CC(C)C(CO)N(C)C(=O)Nc1ccc(F)c(C#N)c1
4940,4941,CCCCOC(=O)c1ccc(NC(=O)c2ccc(C(=O)OC)cc2)cc1
4941,4942,FC(F)(F)c1cccc(NCc2cc(Br)c(Cl)s2)c1
4942,4943,CCOC(=O)c1cc2ccc(OS(=O)(=O)c3ccc(Cl)cc3)cc2oc1=O
4943,4944,COC(=O)C(Cc1ccccc1)NS(=O)(=O)c1cccs1
4944,4945,CCCCCOc1ccc2c(c1)C=CC(c1ccccc1)(c1ccc(OC)c(Cl)c1)O2
4945,4946,COc1ccc(Br)cc1c1nc(COC(=O)Cc2ccc3ccccc3c2)cs1
4946,4947,Cc1oc(C2CCCN2S(=O)(=O)c2ccc3c(c2)C(=O)N3)nc1C(=O)NCCc1ccccn1
4947,4948,Cc1ccc(c2cc(C(F)(F)F)nn2c2cccc(C(=O)Nc3ccc(C)cn3)c2)cc1Cl
4948,4949,COc1ccc(S(=O)(=O)NCC2CC(=O)N(C)C2c2cnn(C)c2)c(C)c1C
4949,4950,COc1cc(F)ccc1Oc1c(F)cc(C#N)cc1F
4950,4951,COc1ccc(Cl)cc1NCC(=O)N1CCCCCC1
4951,4952,CCCc1ccc(C(C)C(C)C[NH2+]CC)cc1
4952,4953,Cc1cc(C(=O)N2CCN(C(=O)c3cnn(c4ccc(Cl)cc4)c3C)CC2)ccc1C#N
4953,4954,Cc1cc(C)cc(N=Nc2c(S(=O)(=O)[O-])cc3ccc(N)cc3c2O)c1
4954,4955,CC(=O)OCOC(=O)C1C2SC3(CC2Br)C1C(=O)N(CCCCCCO)C3C(=O)Nc1ccc2ccccc2c1
4955,4956,O=C(Nc1ccc2c(c1)OCCO2)C1CCC[NH2+]C1
4956,4957,CC(C)N(C(=O)C[NH+]1CCC(c2ccccc2)CC1)c1ccccn1
4957,4958,CCC(C)c1ccccc1OCC(=O)N1CCCC2(CCCCO2)C1
4958,4959,COc1ccc(C(OC(=O)C23CC4CC(CC(C4)C2)C3)c2ccc(OC)cc2)cc1
4959,4960,CCC1OCCC1C(=O)N(C)CCCC(=O)[O-]
4960,4961,CC(C)C(NC(=O)c1cccs1)C(=O)OCc1ccc2ccccc2c1
4961,4962,Cc1c(C(C)O)c2ccccc2n1C(=O)c1cccc(Cl)n1
4962,4963,CNc1ncncc1C(=O)N(C)Cc1cnc(C)s1
4963,4964,O=c1nc[nH]c(NC2C3CCc4ccccc4C32)c1Cl
4964,4965,N#CC(C#N)=C([NH3+])SC1NC(=O)NC1Cc1ccccc1
4965,4966,Cn1cc(COc2c(Br)cc(CBr)cc2Br)cn1
4966,4967,Fc1cc(F)cc(c2ncc(Br)c(Cl)n2)c1
4967,4968,C=C(C)CNS(=O)(=O)c1ccc(NC(=O)c2cnn(c3nc4ccccc4s3)c2C)cc1
4968,4969,COc1ccc2c(c1)nc(CCl)n2C1CC(O)C1(C)C
4969,4970,N#Cc1nc(C(=O)NC2CCCCCC2)ccc1OC1CCCC1
4970,4971,CC(C)c1cc(=O)n2c(n1)SCC2CC(=O)NC1CCCC1
4971,4972,Cn1c(=O)sc2cc(NC(=O)N3CC(C[NH3+])CC3(C)C)ccc21
4972,4973,COC(=O)c1ccc(C=Cc2ccc(C=Cc3cccc(OC)c3O)o2)cc1
4973,4974,CC(C)(NC(=O)Nc1cccnc1)c1ccc(Cl)c(Cl)c1
4974,4975,Cc1c(C(=O)OCC(C)C)[nH]c(C[NH3+])c1C
4975,4976,O=C(NCc1ncc[nH]1)C1C[NH2+]CCO1
4976,4977,CC1CCC(C[NH2+]C(C)C(C)(C)C)CC1
4977,4978,O=C1NC(=O)N(c2ccccc2)C(=O)C1=Cc1cccn1c1ccc(F)cc1
4978,4979,Cc1ccc(C2CC2CNc2c(N)cccc2Cl)c(F)c1F
4979,4980,O=C(COC(=O)Cn1nnc(c2ccccc2)n1)Nc1c(Cl)cccc1Cl
4980,4981,Cc1cc(C(=O)C2CCCc3sccc32)c(C)n1CCc1cccc(Cl)c1
4981,4982,CCOC(=O)c1c(NC(=O)C2CC2)sc2c1CCCCCC2
4982,4983,COCCN(CC(=O)N(Cc1cccn1C)CC(C)C)C(=O)Nc1cccc(Cl)c1
4983,4984,CC(CC(=O)NC1CCC[NH2+]C1)c1ccccc1F
4984,4985,Cc1ccc(F)c(NC(=O)C=Cc2ccc(Cl)cc2Cl)c1
4985,4986,Cn1cc(C2CCN(C(=O)NC3C4CCOC4C34CCCC4)CC2)cn1
4986,4987,CC(C)C(CC(=O)[O-])NC(=O)C=Cc1ccc(Cl)cc1Cl
4987,4988,CC1CN(C(=O)N2CCOCC2)CC(C)(C)C1
4988,4989,O=C(c1ccc(C(F)(F)F)cc1)N1CCC(Oc2nc3ccc(Br)cc3s2)C1
4989,4990,O=C([O-])c1ccccc1C(=O)OC(=O)c1ccccc1C(=O)[O-]
4990,4991,O=C(Nc1ccc(F)c(Cl)c1)c1cncc(Nc2ccc3c(c2)OCO3)c1
4991,4992,CC(=O)c1c(C)[nH]c(C(=O)COC(=O)Cn2c(=O)sc3ccccc32)c1C
4992,4993,CC(=O)N(C)C(CC1CC1)C(=O)NCC(=O)NC(C(=O)NC(CS)C(=O)[O-])C(C)C
4993,4994,O=C([O-])C1CCC(N2C(=O)CCC2=O)CC1
4994,4995,CC1C[NH+](CCC(=O)[O-])CCS(=O)C1
4995,4996,Cc1ccc(S(=O)(=O)N2CCCC2C(=O)NN=Cc2ccc(OCc3cccc(Cl)c3)cc2)cc1
4996,4997,CCOC(=O)C(Br)CSc1cc(Cl)ccc1Cl
4997,4998,Cn1cc(C2C(=C([O-])c3ccc4c(c3)OCO4)C(=O)C(=O)N2c2ccccc2)c2ccccc21
4998,4999,COC(=O)c1ccccc1C(=O)c1c(F)c(F)cc(F)c1F
4999,5000,COc1c(Cl)cccc1NC(=O)CCc1ccc(C(=O)[O-])cc1
5000,5001,CC[Si](CC)(CC)OC(COC(=O)c1ccccc1)C1Oc2ccccc2S1(=O)=O
5001,5002,[NH3+]C(CC(=O)NCCc1cccs1)C1CC1
5002,5003,N#Cc1ccc(Cn2ccc3cc(Cl)ccc32)cc1
5003,5004,Nc1ccc(c2ccc3[nH+]c(NC(=O)c4ccc(C[NH+]5CCC(O)CC5)cc4)cn3n2)cc1
5004,5005,Cc1cc(F)c(N)cc1S(=O)(=O)NC1(C)CCCOC1
5005,5006,CC(C)C(CCCCNS(C)(=O)=O)C(Oc1ccccc1)c1ccccc1
5006,5007,Cc1ccc(N)c(Nc2cc(F)cc(F)c2)c1
5007,5008,O=C([O-])C=Cc1c(c2ccc(I)cc2)nc2sccn12
5008,5009,C[N+]1(CCCCc2ccc(NC(=O)NC(CCc3ccccc3)C(=O)[O-])cc2)CCc2ccccc2C1c1ccccc1
5009,5010,NNc1ncc([N+](=O)[O-])c(Oc2cc(F)ccc2[N+](=O)[O-])n1
5010,5011,C[NH2+]C(C)c1nc(C2CCCCCC2)no1
5011,5012,CCC1=CC(=O)NC(=CC)N(C(=O)NC(C)c2ccc(C)c(C)c2)C1
5012,5013,Cc1cc(O)ccc1C(Cc1ccc(I)cc1)C(C)C
5013,5014,COc1ccc(Br)cc1NC1CCOC2(CCSC2)C1
5014,5015,CC(CC1COCC[NH2+]1)[NH2+]Cc1csnn1
5015,5016,COc1ccc(c2nnc3ccc(OCCNC(=O)c4cccc(F)c4F)nn32)cc1
5016,5017,COc1ccc(NC(=O)N2CCc3c([nH]c4c3CCC(C)(C)C4)C2)cc1
5017,5018,O=C(NCCc1ccccc1)c1ccccc1NC(=O)C1CCN(C(=O)C=Cc2ccccc2)CC1
5018,5019,C=CC1C[NH+]2CCC1CC2C(OC(=O)C(C)C)c1ccnc2ccc(OC)cc12
5019,5020,N#CC1(NC(=O)COC(=O)c2csc(c3ccccc3)n2)CCCC1
5020,5021,O=C(NO)c1ccc(NC(=S)Nc2cccc(C(=O)NC3CCCCC3[NH2+]CCF)c2)c(Cl)c1
5021,5022,Nc1cnccc1SC1CCOC2(CCSC2)C1
5022,5023,Cc1ccc(C=Cc2cc(CC=Cc3cc(C=Cc4cc(CC=Cc5ccc(C=Cc6ccc(C)cc6)cc5)cc(C=Cc5ccc(C=Cc6ccc(C=Cc7ccc(C)cc7)cc6)cc5)c4)cc(C=Cc4ccc(C=Cc5ccc(C=Cc6ccc(C=Cc7ccc(C)cc7)cc6)cc5)cc4)c3)cc(C=Cc3ccc(C(C)(C)C)cc3)c2)cc1
5023,5024,Cn1cnc2c1CN(S(=O)(=O)C1CN(C(=O)c3ccccc3)C1)CC2
5024,5025,CC1=C([NH+]2CCOCC2)CC2(C)C1CCC1(C)C2CCC2C3(C)CCC(=O)C(C)(C)C3CCC12C
5025,5026,CCCCCNC(=O)C(C)[NH+]1CCC([NH2+]CC)CC1C
5026,5027,CCOc1ccc(Oc2ncnc(Nc3cccc(Cl)c3C)c2[N+](=O)[O-])cc1
5027,5028,CC1CC(C)CN(C(=O)Cn2c(=O)n(Cc3cccnc3)c(=O)c3sccc32)C1
5028,5029,Cn1c(=O)oc2ccc(C(=O)[O-])cc21
5029,5030,CCn1cc(NC(=O)c2cc3cnn(CC)c3n(Cc3ccc(C[NH3+])cc3)c2=O)cn1
5030,5031,O=C(COc1ccc(Cl)cc1)NCCNS(=O)(=O)c1ccccc1[N+](=O)[O-]
5031,5032,Cc1ccc([N+](=O)[O-])c(C)c1NC(C)CC1CC1
5032,5033,CC(C)CNC(=O)CCNc1cc(F)cc(F)c1F
5033,5034,O=C(C=Cc1ccc(Cl)c(Cl)c1)NC(=S)Nc1cccc(C(=O)Nc2ccc3ncccc3c2)c1
5034,5035,COC(=O)c1cccc(Sc2ccc(N)c(F)c2)c1
5035,5036,CSc1cc(SC)c(F)c(S(=O)(=O)NC)c1
5036,5037,NC(N)=[NH+]C(=O)c1cc(C(F)F)c(F)cc1F
5037,5038,COCC1C(c2cc(OC)c(OC)cc2OC)C[NH+](C2CCCN(C(=O)CC(C)(C)C)C2)C1c1ccc(C#N)cc1OC
5038,5039,Cc1ccc(CNC(=S)NC2CCN(c3ccccc3Br)C2)cc1
5039,5040,CCC(C)c1ccccc1OC(C)C(=O)NNC(=O)c1ccc(Cl)cc1
5040,5041,C=CC(=O)N1CCc2cc(CC[NH3+])ccc21
5041,5042,Cn1cnc(N)c1S(=O)(=O)N1CCCCCCC1
5042,5043,CC(C)[NH+]1CCOC(COc2cncc(NN)n2)C1
5043,5044,O=Cc1ccc(OCCCC[NH+]2CCN(c3ccccc3)CC2)c(C(F)(F)F)c1
5044,5045,CCCCN(C)c1cc(Sc2ccccc2)nc(NC)n1
5045,5046,COC(=O)c1ccc(Cn2cnc3c(C)nn(C4CCS(=O)(=O)C4)c3c2=O)cc1
5046,5047,CC(C)C([NH3+])c1nnc(C2Cc3ccccc3C2)o1
5047,5048,O=C(CC1c2ccccc2-c2ccccc21)OCC(=O)c1c[nH]c2ccccc12
5048,5049,O=C([O-])CC(NC(=O)C1CC1)c1cccs1
5049,5050,O=C([O-])c1cnc(Sc2ncccn2)c(Cl)c1
5050,5051,COC(=O)CCCCC(=O)Nc1nc(c2c(C)cc(C)cc2C)cs1
5051,5052,O=S([O-])ON1CCN(CCCCSCCO)CC1
5052,5053,N#CC1CNNC1C1CC[NH2+]CC1
5053,5054,CCCc1nc(c2ccc(S(=O)(=O)NCCCO)cc2)oc1C(C)O
5054,5055,CC(=O)Nc1ccc(F)c(C(=O)NC(C)c2ncc[nH]2)c1
5055,5056,C=CCCCN1Cc2ccc(CCCC)cc2C1=O
5056,5057,CNC(=O)N(C)c1cc(OC)cc(S(=O)(=O)Cl)c1
5057,5058,COc1ccc(COC(=O)c2cc(C)ccc2F)c(Br)c1
5058,5059,O=C1NC(=O)N(c2ccc(Cl)cc2)C(=O)C1=Cc1cc(Br)c(OCc2ccc(F)cc2)c(Br)c1
5059,5060,Cc1c(C(=O)N(Cc2ccccc2)C(C)C(C)(C)C)nnn1c1cccc([N+](=O)[O-])c1
5060,5061,COCCCNC(=O)CN(c1ccccc1F)S(C)(=O)=O
5061,5062,COC(=O)c1c(C(F)(F)F)cc(c2ccc3c(c2)OCCO3)[nH]c1=O
5062,5063,CC(C)CC(C#N)C(=O)NCc1ccccc1n1ccnc1
5063,5064,O=C([O-])CCCc1csc(Nc2ccc3ncccc3c2)n1
5064,5065,COc1ccc(OC)c(c2csc(NC(=O)c3cn[nH]c3c3ccc(C)cc3)n2)c1
5065,5066,C=CCCC(O)c1cnn(c2ccccc2)c1
5066,5067,Cc1ccc(OCC(=O)NNC(=O)c2ccc(S(=O)(=O)Nc3ccc(Cl)cc3)cc2)cc1C
5067,5068,Cc1nn(c2ccccc2)c2c1C(c1ccccc1)[NH+](CC(=O)NCc1ccco1)CC2
5068,5069,COc1cccc(CC[NH2+]CC2CCC(O)CC2)c1
5069,5070,Cc1nc(C)c(C(=O)[O-])c(SCC2CCCN2C)n1
5070,5071,O=C1CCCN1c1ccc(CS(=O)(=O)C2CCOCC2)s1
5071,5072,CCc1c(C(=O)NC2CCOC(C)C2)cnn1c1cccc(Cl)c1
5072,5073,CC[NH2+]C(CCCS(C)(=O)=O)c1cncc(F)c1
5073,5074,Cc1c(NC(=O)C2CCC2)oc2c(Cl)cccc12
5074,5075,COCCn1c(SCC(=O)NCc2cc(C(=O)OC)c(C)o2)nc2sc3c(c2c1=O)CCCC3
5075,5076,COc1ccccc1n1nc(C(=O)NCC2CCCO2)c([O-])cc1=O
5076,5077,CCOC(=O)c1sc2ncn(CC(=O)c3cc4ccccc4n3C)c(=O)c2c1C
5077,5078,CCn1nc(c2ccc(F)cc2)c(NC(=O)c2ccc(S(=O)(=O)N(C)C)cc2)c1C(F)(F)F
5078,5079,O=C(Nc1ccc(c2nn3c(C(F)F)nnc3s2)cc1)c1ccc(Cl)c([N+](=O)[O-])c1
5079,5080,CC1=C(C(=O)N2CCN(c3ccc(F)cc3)CC2)COC(c2ccc(NC(=O)CNc3ccc(C(F)(F)F)cc3)cc2)=N1
5080,5081,CC(=O)c1cccc(NC(=O)NCC[NH+]2CCCCC2)c1
5081,5082,Cc1cccc2nc(N)n(C3(C)CCC3)c12
5082,5083,Cc1nn(Cc2ccccc2Cl)c(C)c1NC(=O)C[NH+]1CCN(c2ccccc2)CC1
5083,5084,CCC(C)[NH2+]CC(=O)Nc1cc(C(N)=O)ccc1F
5084,5085,CCc1ccc2nc(NC(=O)C3CC3c3ccc(C)cc3)sc2c1
5085,5086,C=CCCCCOC(=O)C1C2C(=O)N(C(CC)CO)C(C(=O)N(CC=C)c3c(C)cccc3C)C23CC(C)C1(C)O3
5086,5087,CNc1nc(NCCC(F)(F)F)nc(n2cccn2)n1
5087,5088,Cc1c(NC(=O)CN2C(=O)CCc3ccccc32)cccc1[N+](=O)[O-]
5088,5089,C=CC1CC1(CC(=O)C1CC(Oc2cc(c3csc(NC(C)C)n3)nc3cc(OC)ccc23)CN1C(=O)C(CC(=O)N1CCCCC1)C(C)(C)C)C(=O)NS(=O)(=O)C1CC1
5089,5090,CCc1ccc2c(c1)c(C)cn2CC[NH3+]
5090,5091,Cc1c(NC(=O)C(C)[NH+]2CCC(C(=O)NCC(=O)Nc3ccc(NC(=O)C4CCCCC4)c(Cl)c3)CC2)cccc1C(=O)Nc1cc(F)ccc1F
5091,5092,COc1cc2nc(N3CCC(C(=O)NCc4ccc(F)cc4Cl)CC3)sc2cc1OC
5092,5093,COc1ccc(CNC(=O)CN(c2cc(OC)ccc2OC)S(C)(=O)=O)cc1
5093,5094,O=C([O-])c1nn(CCc2ccccc2)c(=O)n1N=C(c1ccccc1)c1ccccc1
5094,5095,N#Cc1cc2cc(C(=O)C(F)(F)F)ccc2n1c1ccccc1
5095,5096,[NH3+]C(c1ccc(Cl)c(Cl)c1)c1ccc(Br)cc1Cl
5096,5097,CCn1c(=O)c(C(=O)COC(=O)c2ccccc2OC)c(N)n(Cc2ccccc2)c1=O
5097,5098,CC(C)C([NH3+])C(=O)C(=O)[N-]C(=O)OC(C)C
5098,5099,CCOC(=O)c1c(C(F)(F)F)cc(=O)[nH]c1Br
5099,5100,CC1CCCC(c2nc(C[NH+]3CCNC(=O)C3)cs2)C1
5100,5101,O=C([O-])C1CNc2cc(Cl)c(F)cc21
5101,5102,CCCCC(C)Nc1cc2c(cc1N)CC(=O)N2
5102,5103,COc1ccc(C(=O)COC(=O)COc2ccc(C)c(C)c2)c(OC)c1
5103,5104,COc1cccc2c1CCC1C3CCC(C3)C21C
5104,5105,C=CCn1c(COc2ccccc2)nnc1SCC(=O)N(C)Cc1cn(c2ccccc2)nc1c1ccccc1
5105,5106,Cn1c(=O)oc2ccc(c3cccnc3N)nc21
5106,5107,COc1ccc(C(=O)OCc2cccc(OC)c2OC)cc1S(=O)(=O)N1CCCC1
5107,5108,COc1ccc2c(Oc3ccc(NC(=O)Nc4cccc(CC(F)(F)F)c4)cc3F)ccnc2c1
5108,5109,CCC#CC[NH+]1CCC(OC)C1
5109,5110,O=C(c1ccsc1)N1CCN(C(=O)c2ccc3nc[nH]c3c2)CC1
5110,5111,COc1ccc(N2CC[NH+](CCCNC(=O)CSCc3ccccc3Cl)CC2)cc1
5111,5112,CCC(C)NC(=O)c1ccc(C)c(NC(=O)C(C)[NH+]2CCC(C(=O)NC(C)C(=O)Nc3cccc(Br)c3)CC2)c1
5112,5113,CCOC(OCC)C1(C(O)CC2CCC2)CCC1
5113,5114,Cc1ccc(CNc2cnnc(NCc3cccnc3)n2)cc1
5114,5115,Cc1ccc(C2(O)CCCc3ccccc32)cc1C
5115,5116,Cc1cc(C#N)c(NC(=O)C(C)Oc2ccc(Cl)cc2Br)s1
5116,5117,Cn1c(N2CCC3(CCCCC3)C2)nc2cccc(C(=O)[O-])c21
5117,5118,O=C(CCSc1ccc(Cl)cc1)NCC1CCC[NH2+]1
5118,5119,CCOC(=O)c1cnn(C)c1NC(=O)CCCOc1ccccc1
5119,5120,FC1(F)Oc2ccc(Cl)cc2Oc2ccccc21
5120,5121,Cn1c(=O)[nH]cc(CC(=O)NCC2CCCO2)c1=O
5121,5122,O=C(OCc1ccccc1)N1CCCC(CNc2ncc(C(F)(F)F)c(c3ccnc(Nc4ccncc4)n3)n2)C1
5122,5123,CSc1ccc(C2=NC(=Cc3ccc(c4cccc([N+](=O)[O-])c4)o3)C(=O)O2)cc1
5123,5124,CCCCC=CCCCCCCCC(=O)OCC(COP(=O)([O-])OCC[NH3+])OC(=O)CCCCCCCC=CC=CCCCCCCCC
5124,5125,COc1cc(S(=O)(=O)n2cc[nH]c2=O)c(F)cc1Nc1ncc(Cl)c(Nc2ccccc2S(=O)(=O)C(C)C)n1
5125,5126,CCCc1[nH]nc(N)c1c1ccc(Br)cc1C
5126,5127,CC1C[NH+](Cc2nccn2CC(F)(F)F)CC(CCl)O1
5127,5128,CC1CCCC(C)N1Nc1cccc(C#N)c1
5128,5129,Cc1ccc(C#N)cc1NCCCF
5129,5130,CCc1cccc(OCC(=O)Nc2nnn(c3ccc(Cl)cc3)n2)c1
5130,5131,O=C(CC1CCCCC1)N1CCC(c2nnc(c3ccco3)o2)CC1
5131,5132,CCCCCCC(C)[NH2+]CC(O)c1ccc(Cl)cc1
5132,5133,O=C(CN(Cc1ccc2c(c1)OCO2)S(=O)(=O)c1ccccc1)Nc1ccc(Cl)cc1Cl
5133,5134,COC(=O)c1cccc(CSc2nc3ccccc3c(=O)n2Cc2ccco2)c1
5134,5135,COC(=O)NC(C(=O)N1CCCC1c1[nH]c(c2ccc(c3ccc(c4c[nH+]c(C5C6CCC(C6)N5C(=O)C(NC(=O)OC)C(C)C)[nH]4)cc3)cc2)c[nH+]1)c1ccccc1
5135,5136,CC(C)(C)C1C2(C)CCCCC12
5136,5137,C[NH2+]C(CSC1CCCC1)C1=CCCCCCC1
5137,5138,COc1ccc(NC(=O)N2CCCC(NC(=O)C=Cc3ccccc3)C2)c(OC)c1
5138,5139,CCn1c2ccccc2c2cc(NC(=O)C(C)n3cc(Cl)c(C)n3)ccc21
5139,5140,COc1cc(c2cnoc2)ccc1OCC(=O)OCC(=O)Nc1c(C)cccc1C
5140,5141,CC1CC(C)C[NH+](CC(O)CC2CC[NH2+]CC2)C1
5141,5142,O=C(CCn1cnc2ccccc2c1=O)Nc1ccc(Cl)c(Cl)c1
5142,5143,O=C(Nc1ccc(S(=O)(=O)NC2CC2)cc1)C1CCN(C(=O)c2ccccc2)CC1
5143,5144,O=c1occ([O-])n1c1ccc(Cl)cc1I
5144,5145,Nc1ccc(S(=O)(=O)[O-])c2cc(c3ccccc3)[nH]c12
5145,5146,CCC(C(=O)[O-])n1c(=O)[nH]c2ccccc2c1=O
5146,5147,O=C(CC1SC(SC2OC(CO)C(O)C(O)C2O)C(O)C(O)C1O)OC1OC2COC(c3ccccc3)OC2C(OC(=O)c2ccccc2O)C1O
5147,5148,COc1ccc(Cl)cc1C([NH3+])c1csnn1
5148,5149,CC(C)C[NH2+]Cc1cc(c2cccc(F)c2)on1
5149,5150,Cc1cc(c2onc(C)c2C)ccc1C#N
5150,5151,CCc1cccc(C[NH2+]CC(O)C(Cc2cc(F)cc(F)c2)NC(=O)c2nn(C)c3cc(c4cccc(C(F)(F)F)c4)cnc23)c1
5151,5152,COc1cccc(C(=O)c2sc3nc(C(F)F)cc(C)c3c2N)c1
5152,5153,CC(C)(CO)CCCC1C2CCC(O2)C1CC=CCCCC(=O)[O-]
5153,5154,COc1c(C(C)Nc2ncc(C(=O)N3CCOCC3)cn2)cc(Cl)c(F)c1F
5154,5155,COCCCNC(=O)Cn1c(=O)[nH]c2c(Cl)cccc2c1=O
5155,5156,CCCCn1c(=NC(C)=O)scc1c1sc2c(c1C#N)CCCC2
5156,5157,CCCCC(CC)C(C(=O)OCC)C(O)(C(=O)OCC)c1ccc(C)cc1
5157,5158,CC1C[NH2+]CCC1(O)c1ccc2ncccc2c1
5158,5159,CCOC(=O)C=Cc1ccc(NC(=O)N2CCN(S(C)(=O)=O)CC2)cc1
5159,5160,[NH3+]CC1(c2ccc3c(c2)CCCO3)CC2(CCCC2)C1
5160,5161,C[NH2+]C(Cc1ccncc1)c1snnc1C(C)(C)C
5161,5162,CCOP(=O)(OCC)Oc1cc(OC)cc(c2cc3ccccc3nc2N2CCC(C(=O)N(C)C)C2)c1
5162,5163,Cc1ccc(c2nc(C)no2)c(C[NH2+]C(C)C)c1
5163,5164,Cc1c(C([NH3+])CCC2CCCCC2)sc2ccc(F)cc12
5164,5165,CCCCC(NC(=O)C(Cc1cc(C(C)(C)C)c(O)c(C(C)(C)C)c1)C(=O)[O-])C(=O)OC(C)(C)C
5165,5166,O=C(NC(Cc1ccccc1)(N1CC[NH2+]CC1)C(F)(F)F)c1ccccc1
5166,5167,CC[NH2+]C(Cc1nc(C)cs1)C1CCC(C)(C)CC1
5167,5168,CC(=O)C(Cc1ccccc1)n1cc[nH]c1=O
5168,5169,CCC(C)C(NC(=O)C([NH3+])CO)C(=O)NC(C(=O)NC(CCC(=O)[O-])C(=O)[O-])C(C)O
5169,5170,O=C(CCCc1nc(c2cccs2)no1)NCC[NH+]1CCOCC1
5170,5171,CC1CC(C)CC(C(=O)Nc2cccc(Nc3cc(C(F)(F)F)ccc3Cl)c2)C1
5171,5172,O=C(c1cnccn1)N1CCc2cocc2C1
5172,5173,CC(C)=CC(=O)Oc1ccccc1C(=O)OCCCOc1ccc2ccc(=O)oc2c1
5173,5174,CCOC(=O)C([NH2+]C1CCC(C(C)C)CC1)C1CC1
5174,5175,O=C1C2C3c4ccccc4C(C4C(=O)N(CCCCCO)C(=O)C43)C2C(=O)N1c1ccc([N+](=O)[O-])cc1
5175,5176,Cc1cc(F)ccc1NC(=O)c1cccc(NC(=O)C(C)[NH+]2CCC(C(=O)NC(C(=O)Nc3cc(F)ccc3F)C(C)C)CC2)c1C
5176,5177,COCCCNC(=O)C[NH+]1CCN(C(=O)C2CC(=O)N(Cc3ccco3)C2)CC1
5177,5178,CCCCCOC(=O)c1ccc(C(=O)OC(C)CCC)c([N+](=O)[O-])c1
5178,5179,CC(C)c1ccc(NC(=O)C2CCN(S(=O)(=O)Cc3cccc(Cl)c3)CC2)cc1
5179,5180,CCn1nc(C)cc1C([NH3+])c1cc(OC)ccc1Br
5180,5181,CCOC(=O)C(CC)C(=O)N(CC)CC
5181,5182,O=C1CCCCN1Cc1ccc(NC(=O)NCc2ccc(OC(F)F)cc2)cn1
5182,5183,CC(C)(CCC(=O)[O-])[NH2+]Cc1c(F)cccc1F
5183,5184,O=C(COc1ccccc1)N1CC[NH+](Cc2noc(c3ccc(Cl)cc3)n2)CC1
5184,5185,O=C([O-])c1cc(Sc2cccc(OC(F)(F)F)c2)ccn1
5185,5186,Cc1nc(C(C)[NH2+]C(c2ccccc2)C2CC2)c(C)s1
5186,5187,O=C(Nc1ccccc1F)c1cnc(NCCc2ccc(Cl)cc2Cl)cn1
5187,5188,CC(C)C(Oc1ccc(Cl)cc1Cl)C(=O)NC1N=C(c2ccccc2F)c2cc(Cl)ccc2N(C)C1=O
5188,5189,COc1c(C)cc(C)cc1C([O-])=C1C(=O)C(=O)N(c2ccc(N(C)C)cc2)C1c1cccc(O)c1
5189,5190,[NH3+]C1CCC([NH2+]Cc2csc(N3CCCCC3)n2)CC1
5190,5191,COCCn1c(CO)nnc1C(C)C
5191,5192,COc1ccc(C(=O)NCC2(c3ccccc3)CCC2)c2ccccc12
5192,5193,C[NH2+]CC(c1ccsc1)N1CCN2CCCCC2C1
5193,5194,CCC1(C(=O)Nc2ccc(F)c(N3CCCC3=O)c2)CCC[NH2+]1
5194,5195,COc1ccc(NC(=O)c2cc([S-])ccc2NC(=S)NC(=O)c2ccc(C)cc2OC)cc1
5195,5196,Cc1ccc(S(=O)(=O)N2CCC(c3nc4ccc(C(=O)Nc5ccccc5F)cc4[nH]3)CC2)cc1
5196,5197,Cc1cc(c2nc(Cl)c3c(n2)CC(C)(C)CC3O)n[nH]1
5197,5198,CC(=O)Nc1ccc(C=CC(=O)OCC(=O)c2cc(C)n(CC(C)C)c2C)cc1
5198,5199,COc1ccc2c(c1)C([NH2+]CC1CCC(C(=O)[O-])CC1)CCC2
5199,5200,CC(C)C(C)([NH2+]Cc1ncccc1Br)C(N)=O
5200,5201,Cc1cc(C)c(NC(=O)N(C)CCO)c(Cl)c1
5201,5202,CC(C)N(CC(=O)N(Cc1ccc(F)cc1)Cc1cccs1)C(=O)c1ccccc1
5202,5203,N#CSc1c(O)c(Br)cc2sccc12
5203,5204,O=C(Nc1cncc(Cl)n1)c1sccc1Br
5204,5205,Cc1nc(=O)cc(C2CCN(C(=O)c3cnc4oc(C(C)C)nc4c3)CC2)[nH]1
5205,5206,CSCCC([NH3+])C(=O)Nc1nnc(C)s1
5206,5207,CCOC(=O)CSc1nnc(c2cccc([N+](=O)[O-])c2)n1N
5207,5208,CC(C)COC(=O)[NH+]=C(N)c1ccccn1
5208,5209,CCCCn1c(=O)c(CCC(=O)Nc2sc(CC)cc2C(=O)OCC)nc2ccccc21
5209,5210,CC(C)CCCC(C)Nc1nc(N)nc2sccc12
5210,5211,COc1cc(N)c(Cl)cc1C(=O)N1CC[NH+](C(C)C)CC1
5211,5212,CCCc1nc(C[NH+](CCC)CC2CCCO2)cs1
5212,5214,N#Cc1ccc(C=CC(=O)NCc2cccc(Cl)c2)cc1
5213,5215,[NH3+]CC1CC1c1ccc(F)cc1Br
5214,5216,CC(C)(C)OC(=O)n1ccc2cc(F)ccc21
5215,5217,CC(C)CNc1nccc(NCCC2CCOC2)n1
5216,5218,CCC(C)[NH2+]CC(C)N1CCC([NH+](C)C)CC1
5217,5219,O=C(Nc1ncc(Br)nc1Br)c1ccccc1OC(F)(F)F
5218,5220,CC(C)(CO)c1nnc(C(F)(F)F)s1
5219,5221,CC(C)C(NC(=O)C=Cc1nccn1C)c1ccc2c(c1)OCCO2
5220,5222,Cc1cc(CC(C)[NH3+])cc(NC2CCCCCC2)n1
5221,5223,CCOc1ccc(C(=O)Nc2cc(C(F)(F)F)ccc2N2CCOCC2)cc1C
5222,5224,CCOc1ccc(N2CC=CC3(C)OC45C=CCN(c6ccc(C)c(C)c6)C(=O)C4N(CCCCCCO)C(=O)C5C3C2=O)cc1
5223,5225,CCOc1ccc(C2C(c3ccc(Cl)cc3Cl)=C(O)C(=O)N2c2ccc(OC)cc2OC)cc1OCC
5224,5226,Cc1ccc(N2CCCn3c(cc4c3CCCC4)C2=O)cc1
5225,5227,CCc1ccc(C[NH2+]CC(CC)(CO)CO)s1
5226,5228,[NH3+]C1(c2ccc(S(=O)(=O)NCCc3ccco3)cc2)CC1
5227,5229,CC(C)CC1[NH2+]C(c2ccccn2)N(C2CCCCC2)C1=O
5228,5230,Cc1ccsc1C=C(NC(=O)c1ccccc1)C(=O)Nc1cccc(SC(C(=O)Nc2ccc(Cl)cc2)c2ccccc2)c1
5229,5231,COCCCOc1ccc(N)c2ccncc12
5230,5232,O=C([O-])C=Cc1ccc(Br)c(COCc2ccc(Br)cc2)c1
5231,5233,COC(=O)c1scc(C)c1NC(=O)N1CCC(C)C2(CCC2)C1
5232,5234,CCC(C)N(CC(=O)[O-])C(=O)CSCc1ccc([N+](=O)[O-])cc1
5233,5235,Cn1c(=O)n(CC(=O)N2CCc3cncnc3C2)c2ccccc21
5234,5236,O=C(OCC(=O)c1ccc(Cl)s1)c1ccc(C(F)(F)F)cc1
5235,5237,COCCCN(C)S(=O)(=O)c1cc(CO)n(C(C)C)c1
5236,5238,N#Cc1ccc(Cl)cc1N1CCC2C(CCC[NH+]2Cc2ccc(F)cc2)C1
5237,5239,CCOC(=O)c1cnc(c2ccccc2)nc1NC
5238,5240,CCC(C)(C)C(=O)OCCOC(=O)C([NH3+])Cc1ccc(OC(=O)OC)c(OC(=O)OC)c1
5239,5241,CC1CN(C(=O)CSc2nccn2c2ccc(C)c(F)c2)CC(C)O1
5240,5242,CCOC(=O)c1cc(c2ccccc2)sc1NC(=S)Nc1ccccc1C(F)(F)F
5241,5243,Cc1ccc(CCC(=O)N(C)CC(C)(C)O)cc1
5242,5244,CC1=NC(Nc2cc(C#N)c3cc(c4cccnc4)cnc3c2Cl)(C(F)(F)c2ccccc2)CO1
5243,5245,O=C1C=c2c(ccc(O)c2O)=CC1
5244,5246,COc1ccc(NC2=C(Sc3ccc(Cl)cc3)C(=O)N(c3ccc(F)c(Cl)c3)C2=O)cc1OC
5245,5247,COc1cccc(CCNC(=O)NC2CCc3ccccc3NC2=O)c1
5246,5248,CCCCNC(=O)C(=O)Nc1ccccc1C(C)C(=O)[O-]
5247,5249,COc1cc(OC)c(c2cc(N)nc(N)n2)cc1Cl
5248,5250,CCOC(=O)c1ccccc1N1C(=O)C(O)=C(c2cccc(OCC)c2)C1c1cccc(OCCC)c1
5249,5251,[NH3+]CC#Cc1ccc(F)c(F)c1
5250,5252,CC(CC(=O)[O-])N1Cc2ccc(Nc3ccc(NC(=O)Nc4cnn(C)c4)cc3)cc2C1=O
5251,5253,COCC(C)NS(=O)(=O)c1ccc(NC(=S)NC(=O)Cc2ccccc2F)cc1
5252,5254,Cc1ccnc(NCC2(C)CCOCC2)n1
5253,5255,C[NH2+]CC(=O)Nc1ccc(c2nc(Cn3cnc(C#N)c3C)co2)cc1
5254,5256,Cc1ccc(n2nc(C)nc2C2CCN(C(=O)CCc3ccccc3)CC2)cc1
5255,5257,CCC(C)NC(=O)c1ccc(Cl)c(NC(=O)C(C)[NH+]2CCC(C(=O)NCC(=O)Nc3cccc(NC(=O)c4ccc(F)cc4)c3)CC2)c1
5256,5258,COc1ccc(C(=O)N(C)c2cccc(O)c2)c(O)c1
5257,5259,Cc1cc(NS(=O)(=O)c2ccc(Cl)s2)n[nH]1
5258,5260,[NH3+]CCN(C(=O)[O-])c1ccc(OC2OC(CO)C(O)C(OC3OC(CO)C(O)C(O)C3O)C2O)cc1
5259,5261,Cc1oc(Br)cc1CBr
5260,5262,COc1cc(N2CCN(C(=O)c3cccc(C)c3)CC2)ncn1
5261,5263,CCC(C)(OC)c1nc(COC)c(CC[NH2+]C(C)C)s1
5262,5264,O=C(N1CCN(C2C[NH2+]C2)CC1)C12CC3CC(CC(C3)C1)C2
5263,5265,CCOC(=O)c1c(C)oc(NC(=O)C=Cc2cccc(F)c2)c1C(N)=O
5264,5266,Cc1ccc([N+](=O)[O-])c(C(=O)N(CCO)C2CCC2)c1
5265,5267,O=C(Nc1ccc2sc3ccccc3c2c1)c1sc(c2cccs2)nc1c1ccccc1
5266,5268,O=C(C1CCCO1)N1CCCC(Nc2ccccc2N2CCOCC2)C1
5267,5269,CCOc1c(C(C)[NH3+])cc(Cl)cc1S(=O)(=O)NCC1CCCO1
5268,5270,CCc1cc(C(C)(C)CC(=O)[O-])ccc1OC
5269,5271,C[NH2+]C(CC[NH+]1CCC(C)CC1)c1cccc(C)c1C
5270,5272,Cn1c(=O)oc2cc(S(=O)(=O)NC3(CO)CCOC3)ccc21
5271,5273,CC1CCC(N(Cc2ccc(C(N)=O)cc2)c2ccc(C(=O)[O-])cc2)C(=O)C1
5272,5274,CNc1c(N(C)C2CCCCC2)c(=O)c1=O
5273,5275,CC[NH2+]Cc1ccnc(c2ccco2)n1
5274,5276,O=[P+](O)OCCCCN1CC[NH2+]CC1
5275,5277,CCCCOC(=O)C1=C(C)Nc2nc(SCC)nn2C1c1ccc(OCc2ccc(Br)cc2)c(OC)c1
5276,5278,COc1cccc2c1ccn2CC(C)=O
5277,5279,NNC(=O)c1ccc(S(=O)(=O)CC2CCCCC2)cc1
5278,5280,COc1ccc(C(=O)Nc2ccccc2C)cc1CSC1CCS(=O)(=O)C1
5279,5281,C[NH2+]C(Cc1csc2ccccc12)c1cc(F)cc(Br)c1
5280,5282,CCC(C)NC(=O)C(C)N(Cc1ccc(C)cc1)C(=O)CCCN(c1cccc(Cl)c1)S(C)(=O)=O
5281,5283,CCCc1ccc(NC(=O)C2CCn3cc[nH+]c3C2)cc1
5282,5284,CC(C)C(NC(=O)C(Cc1ccc(O)cc1)NC(=O)C([NH3+])CC(=O)[O-])C(=O)NC(Cc1cnc[nH]1)C(=O)[O-]
5283,5285,CC(C)Cn1cnc2c1c(=O)n(C)c(=O)n2C
5284,5286,CC(=O)c1cccc(Nc2ncnc(NNc3cccc(NC(=O)c4cccc(Cl)c4)c3)c2[N+](=O)[O-])c1
5285,5287,Nc1cccc(SCC2CCOC3(CCCC3)C2)c1
5286,5288,COc1ccc(C(=O)CSc2nnc(c3ccc(C)cc3C)o2)cc1OC
5287,5289,N#Cc1cnn(C2CC2)c1NC(=O)[O-]
5288,5290,CCCc1nc(C[NH2+]C2CCCC2)cs1
5289,5291,CC1C[NH2+]C(C)C(C)N1C(=O)c1ccc(Br)cn1
5290,5292,CC1CCCC(OCC(=O)N2CCCC2C[NH3+])C1
5291,5293,Cc1cc(S(N)(=O)=O)cc(CNC(=O)C2C[NH2+]C2)c1C
5292,5294,CC1CC(C)CC(OCC(O)Cn2cnc3c(N)nccc32)C1
5293,5295,CCOC(=O)c1csc(CN(CC(C)C)C(=O)COc2ccccc2)c1
5294,5296,Cc1cc(C)c(S(=O)(=O)N(C)CC(=O)OCC(=O)NC2CCCCCCC2)c(C)c1
5295,5297,CCCCC(CCC)OC(=O)Nc1ccc(NC(=O)C2C(c3ccc(C(F)(F)F)cc3)CC2C(=O)NC2(C(=O)NS(=O)(=O)C3CC3)CCC2)cc1
5296,5298,O=C([O-])C([NH2+]Cc1cc(Br)ccc1F)C1CC1
5297,5299,Cc1ccc(Br)cc1Nc1ncc(Br)cc1N
5298,5300,O=C([O-])c1ccccc1Oc1ccc(n2cc(c3ccccc3)[nH+]c2NC(=O)C2CCCN2C(=O)c2ccccc2)cc1
5299,5301,Cc1nc2c3ccccc3nn2c(C)c1CCC(=O)NCCS(=O)(=O)N1CCc2ccccc21
5300,5302,[NH3+]C1CCCN(Cc2cc(C(F)(F)F)cc(C(F)(F)F)c2)C1
5301,5303,COc1cccc(C(=O)N2CCCC2C[NH+]2CCCCC2)c1N
5302,5304,CCCCn1nc(CN(C(=O)CCc2cccc(OC)c2)C2CC[NH2+]CC2)c2c1CC1CC3C([NH+](C)C)C(=O)C(C(N)=O)=C([O-])C3(O)C(=O)C1=C2[O-]
5303,5305,CCCCC(c1ccccc1c1ccccc1C)C1C(=O)C(c2cccc(Cc3ccccc3)c2)[NH+]1CCCC
5304,5306,CC(C)C[NH2+]CCC(C)(O)c1ccncn1
5305,5307,Cc1cc(C(C)Nc2ncc(C#N)cc2F)c(C)o1
5306,5308,C=CCCCCOC(=O)C1C2CCC3(S2)C1C(=O)N(C(CO)Cc1ccccc1)C3C(=O)N(CC=C)c1ccc(Cl)cc1
5307,5309,CCCc1nc(COC)sc1C(C)=O
5308,5310,O=C([O-])CC(NC(=O)N(Cc1c(F)ccc(Br)c1F)C1CC1)C(=O)[O-]
5309,5311,CCOc1ccc(C2=C(O)C(=O)N(c3cccc(C)c3C)C2c2cc(Cl)c(O)c(OC)c2)cc1Cl
5310,5312,C[Si](C)(C)CCOCn1nnc2ccccc2c1=O
5311,5313,Cn1nc(c2cc(C(=O)[O-])nn2c2ccccc2F)cc1N
5312,5314,CC(C)(C)OC(=O)[NH+]=C(N)c1ccc(NC(=O)CCCCCCCOCc2ccccc2)cc1
5313,5315,[NH3+]C(c1cc(F)ccc1Cl)c1cc(Cl)ccc1Cl
5314,5316,COCCC(C)(O)CNC(=O)c1cc(S(=O)(=O)N2CCOCC2)ccc1C
5315,5317,C=CC(C)NC(=O)c1ccc2c(c1)C1C=CCC1C(c1ccc(C#N)cc1)N2
5316,5318,CC(C)(C)[Si](C)(C)OCCOCCOCCOCn1cc(CNC(=O)c2ccc3cn[nH]c3c2)nn1
5317,5319,CC(C)C[NH2+]Cc1ccccc1Oc1cnn(c2ccccc2Cl)c1
5318,5320,COC(=O)C(CC1CC(C)C(O[Si](C)(C)C(C)(C)C)O1)C(=O)OC
5319,5321,O=C(CCn1cnc2ccccc2c1=O)N1CCC(C[NH+]2CCOCC2)CC1
5320,5322,O=C1CC(C(=O)Nc2ccnc3cc(C(F)(F)F)cc(C(F)(F)F)c23)n2c(nnc2C2COC2)N1
5321,5323,CCOc1cccc2cc(C(C)[NH2+]CCC(=O)NCc3ccco3)oc12
5322,5324,O=C([O-])C1=CC=CC2(C1)C(O)C1CC2CC1
5323,5325,CC1Oc2ccc(NS(=O)(=O)c3cc(Cl)cc(Cl)c3)cc2NC1=O
5324,5326,COCCOCCCOC(=O)c1cnn2c1NC(c1ccccc1)CC2C(F)(F)F
5325,5327,CCOC(=O)CNS(=O)(=O)c1cc(O)ccc1Cl
5326,5328,Cc1cc(C)c(C(=O)COc2ccc(C#N)cc2Cl)cc1C
5327,5329,C[NH2+]CCCC(=O)Nc1cnc(Cl)c(C)c1
5328,5330,Fc1cc2c(cc1Sc1nc(OCC[NH+]3CCOCC3)c(C(F)(F)F)cc1N1CCCC1)N=CC1CC=CC21
5329,5331,Cc1nc(NCC[NH+](C)C)cc(N2CCOCC2)n1
5330,5332,CC(NS(=O)(=O)c1ccc(C[NH3+])cn1)c1cccc(Cl)c1
5331,5333,COc1ccc(Cl)cc1N1CC(C(=O)Nc2cc(Cl)ccc2OCC2CCCO2)CC1=O
5332,5334,Cc1cc(F)c(c2ccc(C=O)cc2)cc1F
5333,5335,CC[NH2+]CCCS(=O)(=O)NC1(C)CCCCC1
5334,5336,COc1cccc(CC(=O)N(CCC(N)=O)c2ccc(C)cc2C)c1
5335,5337,FC(F)C1CCCN(c2ccc(SC3CCOC3)cc2)CC1
5336,5338,CCCCOC(=O)c1ccc2nc(NC(=O)c3ccc4c(c3)OCO4)sc2c1
5337,5339,COc1ccc(C(C)(C)C(=O)Nc2ccc(CCl)cc2)cc1
5338,5340,C=CCN(Cc1cccn1Cc1ccccc1Cl)C(=O)C(C)C
5339,5341,CCOC(=O)C(O)C1CC[NH+](Cc2ccccc2)CC1
5340,5342,C=CC(=O)OCC(O)C1OC(F)(CBr)C(F)(CF)C1(CF)OF
5341,5343,Fc1ccc(COc2ccccc2C[NH2+]Cc2coc(c3cccs3)n2)c(Cl)c1
5342,5344,Cc1nc(C2CCCCC2)sc1C(=O)N1CCN(c2ccc(OCC(C)C)nn2)CC1
5343,5345,CCCC(CCC)C(=O)N1CC[NH2+]CC1C(N)=O
5344,5346,O=C(COc1ccccc1F)NCCSCc1ccco1
5345,5347,CC(C)CC(NC(=O)C(Cc1ccccc1)NC(=O)C(Cc1ccccc1)NC(=O)C(Cc1cnc[nH]1)NC(=O)C([NH3+])Cc1ccc(O)cc1)C(=O)[O-]
5346,5348,Cc1ccc(CC2CCc3cc(Br)ccc3N2C(=O)[O-])cc1
5347,5349,C[NH2+]Cc1ccc(Oc2ccc([N+](=O)[O-])c(I)c2)cc1
5348,5350,CC(C)CN(CCC(=O)[O-])c1nc(Cl)nc(n2cncn2)n1
5349,5351,COc1coc(C(=O)CC[NH3+])c1
5350,5352,O=C(NCc1nnc2ccccn12)c1ccc(COc2ccc(Br)cc2)o1
5351,5353,O=S1(=O)CC(O)C(N(CCO)Cc2cc3ccccc3[nH]2)C1
5352,5354,O=C(NCCc1ccccn1)c1ccc([N-]S(=O)(=O)c2ccc3c(c2)OCCO3)cc1
5353,5355,CCOC(=O)C=CC(=O)OCCCCOc1ccc(c2c3nc(c(c4ccc(C)cc4)c4ccc([nH]4)c(c4ccc(C)cc4)c4nc(c(c5ccc(C)cc5)c5ccc2[nH]5)C=C4)C=C3)cc1
5354,5356,N#Cc1cccc(NC(=O)N2CCC(NC(=O)CN3C(=O)c4ccccc4C3=O)CC2)c1
5355,5357,O=C(OCc1ccc2nn(c3ccncc3)nc2c1)c1ccccc1Br
5356,5358,CCOc1c(Cl)cc(C=CC(=O)N2CCC(C)CC2)cc1OC
5357,5359,CCc1c(N)ncnc1N1CC(C)C(C)C1
5358,5360,Cc1cc(C(=O)N2CCCNC(=O)C2Cc2cccs2)cc(S(N)(=O)=O)c1C
5359,5361,CC1CCCN(S(=O)(=O)c2cc(C[NH3+])sc2Br)C1
5360,5362,CCC(C)(Pc1ccc(C)cc1C)N(C)C
5361,5363,COc1ccc(C(O)CNC(C)C(C)=O)cc1F
5362,5364,C=CC1CCC2C3C(=O)OC(=O)C3CCC12
5363,5365,[NH3+]C(Cc1cc(F)cc(Br)c1)C1CCC1
5364,5366,O=C(CN1C(=O)COc2ccc(Cl)cc21)Nc1cnc(c2ccccc2)nc1
5365,5367,O=C(C[NH+]1CCC(C(=O)N2CCCC2C(=O)Nc2c(Cl)cccc2C(=O)N2CCCC2)CC1)Nc1ccc(C(=O)Nc2ccc(F)c(Cl)c2)cc1
5366,5368,CC(C)C(O)CCNC(=O)c1cnn(c2ccc(Br)cc2)c1C(F)(F)F
5367,5369,CCc1oc2c(c1C(=O)Nc1nc3cc(C)ccc3s1)CCCC2
5368,5370,CC(=O)Nc1cccc(NC(=O)CC2C(=O)NCCN2c2ccc(F)cc2)c1
5369,5371,Cc1nn(Cc2ccccc2)c(C)c1CN(C)C(=O)C(C)Oc1ccc(F)cc1F
5370,5372,COc1n[nH]c2cc(NC(=O)c3cccc(C(F)(F)F)c3)ccc12
5371,5373,O=C([O-])c1ccc(NC(=O)C2CCCN(S(=O)(=O)c3cc(F)cc(F)c3)C2)cc1
5372,5374,Cc1c(Cl)cnn1CC(=O)N(Cc1ccc(Cl)cc1)Cc1ccco1
5373,5375,C=CC1CCC(C(C)(C)C)CC1
5374,5376,O=C([O-])c1snnc1CCOc1ccc(Cl)cc1
5375,5377,Cc1oc2cc(OC(=O)C3CCCN3S(=O)(=O)c3ccc(Cl)cc3)ccc2c(=O)c1C
5376,5378,CC(OCc1ccccc1)C(CC1Cc2ccccc2C1O)OS(C)(=O)=O
5377,5379,Cc1ccc(S(=O)(=O)NC(=O)c2ccco2)cc1
5378,5380,O=C(NCCCc1ccccc1)NNC(=O)c1ccc(Cl)cc1
5379,5381,CCC(=O)N1c2ccccc2OCC1(C)C
5380,5382,CC(C)(C)OC(=O)c1oc(C(C)(C)C)c2c1CCC2
5381,5383,CC(C)(CNC(=O)c1cc(c2ccco2)on1)[NH+]1CCOCC1
5382,5384,CC(=O)c1ccc(S(=O)(=O)N2CCN(c3ccc(C(=O)N4CC[NH2+]CC4)cc3Cl)CC2)cc1
5383,5385,Cn1nnnc1SCC(=O)N1CCN(c2ncccn2)CC1
5384,5386,Cc1ccsc1CN(C)C(=O)C1(C(N)=S)CC1
5385,5387,COc1ccc(S(=O)(=O)N(CC(=O)Nc2ccc(N3CCCCC3)cc2)c2ccc(C)cc2)cc1OC
5386,5388,CC(=O)c1c(C)cc(C)c(C(O)c2ccc(Cl)cc2)c1C
5387,5389,Cc1nnc(C2CCN(C(=O)CCc3ccc4c(c3)OCO4)CC2)o1
5388,5390,COC(C)(C)C(=O)NCC#N
5389,5391,CCC1CCCCN1C(=O)CSc1nnc(COc2ccccc2Cl)n1C1CCCCC1
5390,5392,COc1cc(Oc2ccc(c3nc4ccccc4c(=O)n3c3ccccc3)cc2)ccc1C(=O)[O-]
5391,5393,CNC(=O)N(C)C(=O)N(C)c1ccc(c2ccc3ncnc(Nc4ccc(F)c(Cl)c4)c3c2)cc1
5392,5394,CCC(C)Oc1ccc(CC#N)cc1C=O
5393,5395,CC(C)([NH3+])C(=O)C1=CCCCCC1
5394,5396,Fc1ccc(COc2cccc(CNc3nc(C4CC4)ns3)c2)cc1
5395,5397,CC1CC(C)CC([NH2+]C2CCc3sccc32)C1
5396,5398,C=CCN(Cc1ccccc1)C(=O)C1C2SC3(CC2Br)C1C(=O)N(C(CO)C(C)C)C3C(=O)N(CC=C)c1ccc2ccccc2c1
5397,5399,CCNC(=O)Nc1nc2cc(c3cnn(C4CCN(C(=O)OC(C)(C)C)CC4)c3)ccc2o1
5398,5400,O=C(NCCCc1ccccc1)c1cnc(NCc2ccco2)nc1
5399,5401,CC(C)CCC(=O)N1CCC2(CCC(=O)N2C(C)(C)C)C1
5400,5402,CCCc1cc(=O)nc(CSc2ccccc2)[nH]1
5401,5403,CCCCCCn1cccc1C[NH2+]C(C)C
5402,5404,CC(C)C(C)[NH+]=C(N)NC(C)(C)C
5403,5405,CC(OC(=O)CNC(=O)C1(c2ccccc2)CCC1)c1nnc(c2cccs2)o1
5404,5406,Cc1c(C(C)C)nn(c2cc(N)cc(Cl)c2)c1C
5405,5407,COc1cc(Br)c(CC(=O)CCc2ccccc2)cc1OC
5406,5408,CC(C)C([NH2+]Cc1cccnc1)C(=O)[O-]
5407,5409,CCOc1c(N2CCC(C(=O)[O-])CC2)c(F)cc2c(=O)c(C(=O)[O-])cn(C3CC3)c12
5408,5410,NNC(=O)c1ccccc1CSc1ccc(F)cc1
5409,5411,CCOCCCNC(=O)C(=O)NN=Cc1cccc(OCC(=O)Nc2cccc(C)c2C)c1
5410,5412,COCC(=O)Nc1cc(c2cnc3n[nH]c(c4cc5c(cccc5c5ccccc5F)[nH]4)c3c2)cn(C)c1=O
5411,5413,Cc1ccc(N(C)S(=O)(=O)c2cccc(C(=O)N(C)Cc3ccco3)c2)cc1
5412,5414,CCc1ccnc(Oc2c(Cl)cccc2CC(C)[NH3+])c1
5413,5415,CC(=O)N(CC(=O)NCc1cccc(C)c1)c1ccc(N(C)C)cc1
5414,5416,CC[N+]1(C)C2CCC(C2)C1[Si](C)C
5415,5417,CC1CC(NC(=O)C2CCC(=O)NC2)CC[NH2+]1
5416,5418,CC(C)C(OC(=O)C(C)N1C(=O)c2ccccc2C1=O)C(=O)NC(N)=O
5417,5419,Cc1cc(N2CCC(C(C)[NH3+])C2)n2ncnc2n1
5418,5420,FC(F)(F)c1cc(Cl)c(Oc2ccc(C[NH+]3CCOCC3)cc2)c(Cl)c1
5419,5421,O=C(C1CC1)N1CCC(CN2CC(=O)N(c3ccccc3)C(=O)C2=O)CC1
5420,5422,O=C(Cc1ccsc1)Nc1cnn(Cc2ccc(F)cc2)c1
5421,5423,C[Si](C)(C)c1ccc([Si](O[Si](C)C)(O[Si](C)C)O[Si](O[Si](C)C)(O[Si](C)C)C(C)(C)C)c(Br)c1
5422,5424,CCc1c(C(=O)NC(C)c2cccc(Br)c2)cnn1C1CCOCC1
5423,5425,Cc1ccc(SCC(=O)NC(c2ccc(Cl)cc2)c2ccco2)cc1
5424,5426,CC1OC(c2ccccc2)OC2OC(COCc3ccccc3)COC12
5425,5427,N#CCc1cc(Cl)c(CO)c(I)c1
5426,5428,Cc1cc(N(C)CC(C)(C)CO)c2ccccc2[nH+]1
5427,5429,[NH3+]C(CS)C(=O)NC(CC(=O)[O-])C(=O)NC(Cc1ccc(O)cc1)C(=O)NC(CO)C(=O)[O-]
5428,5430,CC[NH2+]Cc1cc(c2ccc3ncsc3c2)on1
5429,5431,CCOc1ccc(C([O-])=C2C(=O)C(=O)N(CC[NH+](C)C)C2c2cccs2)cc1C
5430,5432,COc1cc2c(cc1CNc1ccc(C(N)=O)cc1Cl)OC(C)C2
5431,5433,CCCc1cnc(N2CCC(Oc3ccc(N)cc3)CC2)nc1
5432,5434,O=C1CCCC2(CO)CCCN12
5433,5435,COc1ccc(OC)c2sc(N(Cc3cccnc3)C(=O)c3ccc(S(=O)(=O)N4CCCc5ccccc54)cc3)nc12
5434,5436,CCc1[nH]nc(C(=O)NCC2CCCS2)c1C
5435,5437,CCc1ccc(Cn2c(=O)n(c3ccccn3)c(=O)c3sccc32)cc1
5436,5438,C=CCN(CC(=O)Nc1[nH+]c(c2ccccc2)cn1c1ccccc1)S(=O)(=O)c1c(C)cc(C)cc1C
5437,5439,O=C([O-])C(Cc1ccccc1C(=O)[O-])NC(=O)c1cccc([N+](=O)[O-])c1
5438,5440,Cc1c2c(c(CN3CCCCC3)c3c1CCCC3)C[NH+](Cc1c3ccccc3cc3ccccc13)C2
5439,5441,CN(CCCc1ccccc1)c1c(F)cccc1N
5440,5442,O=C([O-])c1ccc(c2cnc3ccc(c4cccc(OS(=O)(=O)C(F)(F)F)c4)cc3c2)s1
5441,5443,CC(C)(C)OC(=O)C=Cc1ccc(OCc2cn(C(=O)OC(C)(C)C)cn2)cc1
5442,5444,CC(c1nnc(SCC(=O)Nc2cccc(F)c2)n1c1ccc(F)cc1)[NH+](C)C
5443,5445,CC1CCN(C(=O)C2CCN(C(=O)Nc3ccccc3)CC2)CC1O
5444,5446,CCOC(=O)c1c(C)[nH]c(C(=O)NC2CCC(Oc3ccc(N4CC(=O)NC(C)(C)C4=O)cc3)CC2)c1C
5445,5447,COCCN(CCO)C(=O)C([NH3+])Cc1cccs1
5446,5448,O=C(CN1CCN(Cc2ccc(Cl)cc2Cl)C1=O)N1CCC(O)CC12CCC2
5447,5449,N#Cc1cc(OC(F)(F)F)c(CF)c([N+](=O)[O-])n1
5448,5450,C=CCNC(=S)NNC(=O)COc1ccc(CC)cc1
5449,5451,[NH3+]CCc1cnn(Cc2c(Cl)cccc2Cl)c1
5450,5452,CC1C([Si](C)(C)O)C(CC(=O)N(CCO)Cc2ccccc2)OC12C(=O)N(c1ccccc1N=[N+]=[N-])C(=O)c1ccc(Br)cc12
5451,5453,CCC1CN(C(=O)c2nc(Cl)ccc2Cl)CCO1
5452,5454,O=C(NCc1ccc(n2cccn2)cc1)c1cc2c(nc3sccn32)s1
5453,5455,COCCNS(=O)(=O)c1ccc(C)c(NC(=O)c2ccc(OC)cc2OC)c1
5454,5456,CC(OCC1CC1)C(=O)N(CC(=O)[O-])CC(=O)[O-]
5455,5457,Cc1ccc(N2CC(CNC(=O)c3ccccc3)OC2=O)cc1
5456,5458,C=CC1CCC(c2ccc(c3cncc(CCc4ccc(OCC)c(F)c4)c3)cc2F)CC1
5457,5459,CCC1(CC)CN(C(=O)C2CCC(=O)N(CC3CC3)C2)CCS1(=O)=O
5458,5460,N#Cc1cc(F)ccc1NC1CCC[NH+](C2CCCC2)C1
5459,5461,Nc1ccc(N2C(=O)CCSC2=S)nc1
5460,5462,CCOC(=O)c1nnn(Cc2cccs2)c1C(C)C
5461,5463,CCCCc1ccc(NC(=O)C(C=NC)OC)cc1
5462,5464,Cc1cc(C(=O)N2CCCC(C)C2)ccc1NC(=O)CCNC(=O)C1CC[NH+](C(C)C(=O)Nc2cccc(C(=O)Nc3ccc(F)cc3C)c2C)CC1
5463,5465,Cc1nsc2ncnc(N3CCN(C(=O)c4cc5cc([N+](=O)[O-])ccc5[nH]4)CC3)c12
5464,5466,CC[NH2+]C(Cc1ccc(C)c(C)c1)c1cc(CC)nn1C
5465,5467,CC(NS(=O)(=O)c1ccc(Cl)s1)C(=O)N1CCN(c2ncccn2)CC1
5466,5468,CCCCN(CC)S(=O)(=O)c1ccc(C(=O)Nc2ccc3c(c2)n(C)c(=O)n3C)cc1
5467,5469,CCCC[NH+](CC)CCC(O)c1ccc(C)s1
5468,5470,CC1CCc2c(sc(NC(=O)CSCC(=O)Nc3ccc(F)cc3)c2C(N)=O)C1
5469,5471,CCCCCCCCC1(CCCCCCCC)c2ccccc2-c2cc(N(c3ccccc3)c3ccccc3)ccc21
5470,5472,O=C(C=Cc1cccc(F)c1)NCCCc1ccc(I)cc1
5471,5473,CCC(C)([NH3+])C(=O)NCCc1nc(c2cccs2)no1
5472,5474,COCC(Cl)CN(C)C(=O)C1CCCCS1
5473,5475,CC(C)[NH+]1CCOC(CNC(=O)c2csnn2)C1
5474,5476,CC1CN(C(=O)N(C)CCC(=O)[O-])CC(C)S1(=O)=O
5475,5477,Cc1nc(C2CCCOC2)sc1C(=O)N1CCC(C)(C(=O)[O-])C1
5476,5478,Cc1cc(F)ccc1NC(=O)c1ccc(NC(=O)C(C)[NH+]2CCC(C(=O)NC(C)C(=O)Nc3ccccc3Cl)CC2)c(C)c1
5477,5479,O=Cc1c(CCl)ccc(CBr)c1F
5478,5480,CNc1ccc([N+](=O)[O-])c(OCc2ccc(Cl)c(Cl)c2)n1
5479,5481,CCOc1ccc(C(=O)N2CCC(C(=O)NC3CCCCC3)CC2)cc1
5480,5482,COc1cccc(C(C)NC(=O)c2cc3sccc3n2CC2CC2)c1
5481,5483,COc1cc(NC(=O)c2cc(C)nc3ccccc32)cc(OC)c1OC
5482,5484,COc1ccc(C)cc1NC(=O)CN(C)C(=O)C(C)NC(=O)c1ccccc1
5483,5485,O=C(C1COCC[NH2+]1)N1CCCC(CO)C1
5484,5486,COC(=O)CSc1cc(CBr)c(C)cc1OC
5485,5487,Nc1ccc2nc(SCC3COCCO3)oc2c1
5486,5488,CCc1[nH+]c2c(cnn2CC)c(NC(C)CC)c1NCc1cccc(C#N)c1
5487,5489,Cn1cc(S(=O)(=O)[N-]c2ncn[nH]2)cn1
5488,5490,COCCN(CCOC)c1cc(C)nc(Nc2ccc(NC(C)=O)cc2)n1
5489,5491,O=C(Cn1cc(NC(=O)c2csnn2)nn1)NCc1ccccc1
5490,5492,Cc1cc(NC(=O)C(C)NC(=O)C2CC[NH+](C(C)C(=O)Nc3ccc(Cl)c(C(=O)Nc4ccccc4C)c3)CC2)ccc1NC(=O)c1cccc(Cl)c1
5491,5493,CC(=O)NC(Cc1c[nH]c2ccccc12)C(=O)NCC1CCCO1
5492,5494,Cc1c(C(=O)OCC(=O)N(c2ccccc2)C(C)C)sc2ccccc12
5493,5495,CN(CC(=O)NC(=O)NC(C)(C)C)c1ccccc1
5494,5496,CCCc1nc(N(C)C(C)C(C)(C)C)sc1C[NH2+]C1CC1
5495,5497,CCn1ncc(Br)c1C([NH3+])C1Cc2ccccc2O1
5496,5498,Cc1ccc(NC(=O)C2CCCCS2)c(Br)c1
5497,5499,Cc1ccc(C2=C(O)C(=O)N(c3cc(Cl)ccc3Cl)C2c2cccc(Br)c2)cc1
5498,5500,Cc1cc(C)n(CC(O)C2CCCCC2)c1
5499,5501,CSc1ccc(C(=O)COC(=O)c2cc3c(cc2O)CCCC3)cc1
5500,5502,COc1ccc(C=C(Cl)c2nc(=O)c3cccc(C)c3[nH]2)cc1
5501,5503,COc1ccc(Br)cc1NC=CC(=O)c1ccc(N)s1
5502,5504,CCCCC(CN(O)C=O)C(O)CCO
5503,5505,CCCCCN(C(=O)CNC(=O)OC(C)(C)C)C(C(=O)Nc1ccc(OC)cc1)c1ccc(CC)cc1
5504,5506,CC(=O)OC1=CC2CC1C1C(=O)OC(=O)C12
5505,5507,CCOc1ccc(C([NH3+])C2(C)CCCCC2)cc1
5506,5508,COc1ccccc1N1CCN(c2ncnc3c2ncn3C2CCc3ccccc3C2)CC1
5507,5509,CCOC(=O)N1CCCC(Oc2nc(OC)cc(OC)n2)C1
5508,5510,CC[NH2+]C(C)(C)C(=O)Nc1ccc(C#N)cc1Br
5509,5511,Cc1cc(F)ccc1CC1C[NH2+]CC(C)(C)O1
5510,5512,COC(=O)C([NH3+])C1COc2ccccc2O1
5511,5513,Cc1ccn(c2c(Cl)cccc2C[NH2+]C(C)C)n1
5512,5514,CCOC(=O)c1nn(c2cccc(C)c2)c(=O)cc1OS(=O)(=O)c1ccccc1
5513,5515,COc1ccc(c2c(NCCc3c[nH]c4ccccc34)c(=O)c2=O)cc1
5514,5516,CCCC(CC[NH3+])CCc1ncccc1C
5515,5517,COc1ccc(C(OCC2OC(n3ccc(=O)[nH]c3=O)CC2OP(O)OCC2OC(n3cc(C)c(=O)[nH]c3=O)CC2OP(O)(=S)OCCSC(C)=O)(c2ccccc2)c2ccc(OC)cc2)cc1
5516,5518,Cc1ccc(CN(C)c2nccc(C#N)c2N)o1
5517,5519,COc1ccc(c2nc(NC(=O)c3c(C)onc3c3ccccc3C)sc2C)cc1
5518,5520,CSc1[nH+]cc(C(=O)NCc2cccc(C[NH+]3CCCC3)c2)n1c1ccc(F)cc1
5519,5521,O=C1CCC(C(=O)NC2(C(=O)[O-])CCC2)CC1
5520,5522,COC(=O)c1ccc([N+](=O)[O-])c(N2CC[NH2+]CC2)n1
5521,5523,CCC1(C)OC2OC(C(C)OC(=O)c3ccccc3)C3OC(C)(C)OC3C2O1
5522,5524,O=C([O-])C(Cc1ccccc1)[NH2+]C1CC12CCOCC2
5523,5525,O=C([O-])C1CCCN1C(=O)Nc1c(Cl)cc(F)cc1Br
5524,5526,COC(=O)c1ccc(CNc2ccc(C(C)C)cc2)cc1
5525,5527,N#Cc1ccc(Nc2nc(N)nc(C3CC3)n2)cc1
5526,5528,CCC(CCO)[NH2+]Cc1ccc(F)c(F)c1
5527,5529,O=P([O-])([O-])OCCCCCCOc1ccc2ccc3cccc4ccc1c2c34
5528,5530,Cc1nc(COc2cncc(B3OC(C)(C)C(C)(C)O3)c2)no1
5529,5531,Cc1ccc(C2C(C#N)=C([NH3+])N(c3cccc(Cl)c3Cl)C3=C2C(=O)CC(C)(C)C3)cc1
5530,5532,O=C(Cn1c2ccccc2c2ccccc21)Nc1ccc2c(c1)nc(c1ccncc1)n2Cc1ccccc1
5531,5533,CC(C)(C)[NH2+]CC(COc1ccccc1Br)C(C)(C)C
5532,5534,Cc1ccc(F)c(c2cnc(N)nc2C2CCCN(C(=O)CSc3ccc(Cl)cc3)C2)c1
5533,5535,Cc1cc(N)sc1c1nnc2ccc(C(F)(F)F)cn21
5534,5536,COc1ccc(Cl)cc1c1noc(Cn2c(=O)[nH]c3ccccc32)n1
5535,5537,COc1nc(N2CC[NH2+]CC2)nc(OC)n1
5536,5538,COc1ccccc1OCc1nc2ccccc2cc1C(=O)NCc1ncc[nH]1
5537,5539,Cc1ccc(S(=O)(=O)Nc2ccc3[nH]c(=O)oc3c2)cc1NC(=S)NC(=O)c1ccc(Cl)c([N+](=O)[O-])c1
5538,5540,CCc1cccc(OCC(O)CSCc2ccccc2C)c1
5539,5541,CC(C)(CNC(=O)NCc1ccc(S(=O)(=O)N2CCCCC2)cc1)[NH+]1CCc2ccccc2C1
5540,5542,N#CC1=C([NH3+])N(c2nnc(SCC(=O)Nc3c(Cl)cc(Cl)cc3Cl)s2)C2=C(C(=O)CCC2)C1c1ccccc1Cl
5541,5543,COC(=O)C1=C(C)NC(=S)NC1c1ccc([N+](=O)[O-])cc1
5542,5544,CC[NH2+]C(c1cc(C)c(C)cc1C)C1CCCC(C)C1
5543,5545,O=C(Cc1ccccc1)Nc1nc2c(s1)C[NH+](Cc1ccccc1)CC2
5544,5546,Cc1cc(C)c(C(=O)c2ccccc2[N+](=O)[O-])s1
5545,5547,CCOc1ccc(C(=O)NCCCc2[nH]cc[nH+]2)cc1N
5546,5548,CSc1ccc(C=Nn2cnnc2SCc2cccc3ccccc23)cc1
5547,5549,CCS(=O)(=O)Nc1cc(N2CC[NH2+]CC2)cc(C(F)(F)F)c1
5548,5550,COc1cc(NC(=O)C2(C)CC(c3ccc(Cl)cc3)=NO2)ccc1n1cnc(C)c1
5549,5551,CC(C)(C)CCS(=O)(=O)N1CCN(C(=O)COc2ccccc2C(C)(C)C)CC1
5550,5552,CC(=O)Nc1cccc(NC(=O)CSc2nnc(Cc3ccc(C(C)(C)C)cc3)o2)c1
5551,5553,CCCNC(=O)C(C)N(Cc1cccc(Cl)c1)C(=O)CN(c1ccc(C)cc1C)S(=O)(=O)c1ccc(C)cc1
5552,5554,Nc1ccc2nc(c3cccnc3)n(CC[NH+]3CCOCC3)c2c1
5553,5555,COc1ccc(C=C2SC(Nc3ccccc3Cl)=[NH+]C2=O)cc1OC
5554,5556,CC(=O)c1csc(C[NH3+])c1
5555,5557,Cc1ccc(C([NH3+])c2ccc(C)cc2C)c(F)c1F
5556,5558,CCOP(=O)(OCC)Oc1cnc(Oc2c(Cl)c(C)ccc2Cl)nc1C
5557,5559,O=C(Oc1cccc(Cl)c1)c1cc[n+]([O-])cc1
5558,5560,O=C(c1ccc2c(c1)CCC2)N(CC1CCC[NH2+]1)C1CC1
5559,5561,CCOC(=O)c1c(O)[nH]c2c1C[NH+](C)CC2
5560,5562,Cc1c(c2ccnn2C)cccc1n1cc(CCCO)nn1
5561,5563,O=C1CC(c2ccccc2)Nc2ccc(Cl)cc21
5562,5564,COc1ccc(C=NNC(=O)Cc2cccc(Br)c2)c(Cl)c1O
5563,5565,CCCCN(C)C(=O)Cn1nnc(c2nn(C)c(=O)c3ccccc32)n1
5564,5566,Cc1ncc(C(O)c2cnn(C)c2)s1
5565,5567,COc1ccc(CNC(=O)CN2CCOCC2=O)cc1
5566,5568,COc1ccc(N2CCN(C(=O)CSc3nnc(c4ccc(OCC5CCCO5)cc4)n3C)CC2)cc1
5567,5569,CCOC(=O)c1ccccc1NC(=O)C1Cc2cc(C(F)(F)F)ccc2N2CC(C)C[NH+](CC)C2C1
5568,5570,Cc1nc(C(=O)N(C)CCC(C)(C)C)cs1
5569,5571,Cc1c(NC(=O)C[NH+]2CCC(C(=O)Nc3ccc(F)c(NC(=O)c4cccc(Cl)c4)c3)CC2)cccc1C(=O)N1CCCCC1
5570,5572,N#Cc1ccn(c2ccc(N)cc2)n1
5571,5573,O=C(CN1CCSC1=O)Nc1ccc(F)c(F)c1
5572,5574,COc1ccc(C=NNc2nc(c3cccs3)cs2)c(OC)c1
5573,5575,CC(C)c1nnc2n1CCN(C(=O)c1cccc(Cn3cncn3)c1)C2
5574,5576,O=c1cc(CSc2nnnn2Cc2cccc(Cl)c2)nc2ccc(Cl)cn12
5575,5577,FC(F)(F)c1ccc(C2(Cn3cncn3)CCC2)cc1
5576,5578,C=CC(=O)Nc1cncc(c2ccc3c(ccn3C)c2)c1
5577,5579,Cc1ccsc1CN(C)C(=O)c1ccccc1
5578,5580,CC(C)C(C(N)=O)n1cncn1
5579,5581,COc1cc(Br)cc2c1C(=O)OC21C2=C(CC(C)(C)CC2=O)Nc2ccccc21
5580,5582,Cc1ccc(S(=O)(=O)Oc2cccc(c3ccc(C(=O)N(C)c4ccc(C)c(C)c4)c(F)c3)c2)cc1
5581,5583,COC(=O)c1c(C)oc2ccc(c3ccccc3C(F)(F)F)cc12
5582,5584,O=C(CCNC(=O)C1CC[NH+](CC(=O)Nc2cc(C(=O)Nc3ccccc3)ccc2Cl)CC1)Nc1ccc(Cl)c(C(=O)N2CCCCC2)c1
5583,5585,[NH3+]C(CSc1ccccc1F)c1cc(F)cc(Br)c1
5584,5586,O=C([O-])C1CC2(CCC2)CN1C(=O)C1CCCCS1(=O)=O
5585,5587,CC(Sc1nc2scc(c3ccccc3)c2c(=O)[nH]1)C(=O)NC(C)(C)C
5586,5588,CC1CN(S(=O)(=O)N2CCCC2C(=O)NCc2cn3ccsc3[nH+]2)CC(C)O1
5587,5589,Cc1cc(C(=O)N2CCCCC2C(=O)NC(C)c2ccc(c3ncn(Cc4ccccc4)n3)cc2)no1
5588,5590,Cc1ccsc1CNc1c(F)cc(F)cc1F
5589,5591,Cc1cc(C)cc(N(C)S(=O)(=O)c2cc(C(=O)[O-])sc2C)c1
5590,5592,Cn1c(N2CCCC(C(O)C(F)(F)F)C2)nc(C(C)(C)C)c1N
5591,5593,COc1ccc(S(=O)(=O)N(C)c2cccc(C(=O)Nc3ccn(Cc4ccccc4Cl)n3)c2)cc1OC
5592,5594,CCOC(=O)C1=C(C)NC(=Cc2cc(Cl)c(OCc3ccccc3Cl)c(OC)c2)C1=O
5593,5595,CC(C)(C)n1cc(C[NH2+]CC(=O)[O-])c(c2cc(Br)cs2)n1
5594,5596,CCC(C)(O)CN1Cc2cc(C#N)ccc2-c2ccc(C)cc2S1(=O)=O
5595,5597,COc1ccc(NC(C)C2CCCC2)cc1F
5596,5598,O=C(Nc1ccc2cn[nH]c2c1)c1ccc(C[NH+]2CCC(O)C2)cc1
5597,5599,Cn1c(Nc2ccccc2)nnc(C(=O)Nc2ccc(Cl)cn2)c1=O
5598,5600,N#Cc1ccc(S(=O)(=O)N2CCCc3ccsc32)cc1Cl
5599,5601,Cc1cc(F)c(C2CC2)cc1C=O
5600,5602,COc1ccc(NC(=O)Cn2cnc3c(cnn3Cc3ccccc3)c2=O)cc1Cl
5601,5603,C=CCOC(CBr)OCC
5602,5604,Cc1nc(C)c(C(=O)OC(C)C(=O)NCc2ccccc2C)s1
5603,5605,CCOC(=O)N1CCN(C(=O)C(CCC(=O)[O-])NC(=O)c2cc(NC3CCC(F)(F)CC3)nc(c3ccccc3)n2)CC1
5604,5606,Cc1c(C(=O)c2cnc(c3ccccc3)nc2)oc2ccccc12
5605,5607,O=C1SC(=Cc2cc(Cl)c(OCc3cccc4ccccc34)c(Br)c2)C(=O)N1c1cccc(Cl)c1
5606,5608,CCc1oc(C(=O)NC23CC4CC(CC(C4)C2)C3)cc1C(=O)[O-]
5607,5609,O=Cc1ccc(Br)cc1OCc1[nH+]cc(Cl)n1C
5608,5610,O=C(c1ccc(c2cccc(Br)c2)o1)N1CC=C(c2c[nH]c3ccc([N+](=O)[O-])cc23)CC1
5609,5611,CCOC(=O)C(C)(C)C(=O)C[NH2+]CCCCOC
5610,5612,COc1ccc(c2csc(NC(=O)CSc3nnc(c4ccc(I)cc4)n3C)n2)cc1OC
5611,5613,COc1ccc(C(=O)Nc2cccc(CSc3nnc(Nc4ccc(C(C)(C)C)cc4)s3)c2)cc1
5612,5614,CC1(O)C[NH+](Cc2ccc(C#N)cc2F)C1
5613,5615,CCC1=C(C(=O)OC)C(c2ccc([N+](=O)[O-])cc2)N2C(CC(=O)NCc3ccccc3)=CSC2=[NH+]1
5614,5616,CCC(C)(C(N)=O)[NH+]1CCCC(C(C)(C)C(=O)[O-])C1
5615,5617,C[NH2+]C(c1ccc(OC)c(Cl)c1)c1cncc(F)c1
5616,5618,CCOC(=O)C(Cc1ccc(c2ccc(Br)s2)cc1)C(=O)NO
5617,5619,Cc1cc(C)c(S(=O)(=O)N2CCN(C(=O)C(C)NC(=O)c3ccccc3)CC2)c(C)c1
5618,5620,COc1ccc(CC(=O)NC(C)(C[NH3+])C(C)C)cc1F
5619,5621,O=C(CCc1cccc(F)c1)NCCNC(=O)c1ccccc1F
5620,5622,O=C(c1cnn(c2ncc(c3ccc(NC(=O)c4cn5ccsc5[nH+]4)cc3)cn2)c1C(F)(F)F)N1CCC[NH2+]CC1
5621,5623,CC1CC2CCCCC2C1C(C)(O)O
5622,5624,C=CCn1c(=S)n(C[NH+](C)Cc2sccc2C)nc1c1ccncc1
5623,5625,COc1ccc(NC(=O)CN2C(=O)SC(=Cc3ccc(OCc4ccc(Cl)cc4)c(I)c3)C2=O)cc1
5624,5626,Cc1ccc(NC(=O)Cc2csc(NC(=O)c3ccnc(Cl)c3)n2)cc1
5625,5627,CC1Cc2ccccc2N1C(=O)COc1ccc(NC(=O)c2cccs2)cc1
5626,5628,COc1ccc(CN2C(=O)CNc3ncccc32)c(F)c1
5627,5629,Nc1cccc(N)c1C(=O)Nc1cnc2ccccc2c1
5628,5630,CC(C)c1nsc(N(C)C(C)(C)CO)n1
5629,5631,[NH3+]C(Cc1c[nH]c2ccccc12)C(=O)NC(Cc1c[nH]c2ccccc12)C(=O)N1CCC2(CCN(C(=O)c3ccc(c4ccc(Cl)cc4)cc3)CC2)CC1
5630,5632,CCC1CCCCN1c1ccc(C=NNc2nccs2)cc1
5631,5633,CC(C)(C)[NH+]1CC(=Cc2ccco2)C2(CCN(C(=O)c3ccc(Cl)cc3)CC2)C1
5632,5634,CC(C)C(C)N(C)c1nc(N)nc(n2cccn2)n1
5633,5635,C=CCCOCC[NH2+]C1CCC(C(=O)OCC)CC1
5634,5636,COc1cccc(C(=O)N2CCCc3ccc(C(=O)NC4C5CC6CC(C5)CC4C6)cc32)c1
5635,5637,CCCCCCc1ccc(C=Nc2cc(NC(=O)c3ccccc3)c(Cl)cc2C)cc1
5636,5638,Cc1ccc(c2cc(C(=O)N3CCC(O)(c4ccc(Cl)cc4)CC3)c3ccccc3n2)cc1
5637,5639,CCn1cc(c2[nH]ncc2C(=O)N2CCC(C(N)=O)CC2)cn1
5638,5640,Cn1cnnc1SCC(=O)NC1CCOCC1
5639,5641,O=c1[nH]c2cccc([S-])c2s1
5640,5642,CCCCCN1C(=O)C(CC)[NH2+]C1c1ccccc1
5641,5643,COC(=O)CNC(=O)C(C)n1cnc(C)cc1=O
5642,5644,Cc1ccc(c2c(C)cccc2N(c2ccc(c3ccc(c4ccc5c(c4)c4ccccc4n5c4ccccc4)cc3)cc2)c2ccc(c3ccc4c(c3)-c3ccccc3C43c4ccccc4-c4ccccc43)cc2)cc1
5643,5645,CC(CC1CC1)NC(=O)C1(C#N)CCOCC1
5644,5646,Cn1nnc(Br)c1C1(F)CC[NH2+]CC1
5645,5647,COC(=O)c1c(NC(=O)COC(=O)C=Cc2ccc(Br)s2)sc(C)c1C
5646,5648,Cc1ccnc(Sc2ccccc2CCO)n1
5647,5649,COc1ccc(CCNc2cc(Nc3ccc4c(c3)OCCO4)ncn2)cc1OC
5648,5650,COc1ccc(NC(C)=O)cc1NC(=O)c1cn(c2ccccc2)nn1
5649,5651,CCCc1ccc(c2ccc(C(=O)NCCOC)c(F)c2)c(F)c1F
5650,5652,CC(CCCl)SCc1ccc(Br)cc1
5651,5653,CC1CCC(=NNC(=O)c2ccccc2I)CC1
5652,5654,Cc1[nH]c(=O)[nH]c(=O)c1CCC(=O)NCc1ccsc1
5653,5655,COc1ccc(S(=O)(=O)N(C)CC(=O)NCc2ccc(S(N)(=O)=O)cc2)cc1C
5654,5656,COC(=O)c1cccc(NC(=O)c2cccc(NC(=O)c3cc(=O)[nH]c(=O)[nH]3)c2)c1
5655,5657,COC(C)(C)CC[NH2+]Cc1cc(Cl)c2c(c1)OCCCO2
5656,5658,O=C(OCc1cccc2ccccc12)C1(c2ccc(Br)cc2)CCC1
5657,5659,CC(C)C[NH+](CCCl)Cc1csc2ccccc12
5658,5660,CC(C)(C)C1CCC2(CC1)[NH+]=C(Nc1ccc(NC(=O)NCC(F)(F)F)cc1)NC2=O
5659,5661,CSc1nc(C(=O)Nc2nc(C)cs2)c2ccccn12
5660,5662,CNc1ccc2c3c(cccc13)C(=O)N(c1ccc(S(N)(=O)=O)cc1)C2=O
5661,5663,C=CC1OCCC1NC(=O)N1CCC(OCCOC)CC1
5662,5664,O=C(c1cc(c2cn[nH]c2)ccn1)N1CCSCC1C1CC1
5663,5665,Cc1nc2c(C(=O)[O-])cc(N(C)C)cc2n1c1ccc(Br)cc1
5664,5666,CCOC(=O)c1noc2c1C(=O)CC(c1ccc(F)cc1)C(=O)C2
5665,5667,CC(C)(C)[Si](C)(C)OC1C=CC(O)C2OC21
5666,5668,COCCCNc1nnc(SCC(=O)NC(=O)NC(C)(C)C)s1
5667,5669,CCn1cc(C[NH+]2CCN(c3ccc(OC)cc3OC)CC2)c(C)n1
5668,5670,CC(C)(C)c1nc(C(=O)NC2C[NH+]3CCC2CC3)n[nH]1
5669,5671,C[NH2+]Cc1ccc(S(=O)(=O)NC2(C)CC2)c(F)c1
5670,5672,COCCC(C)Nc1cc(Cl)nc(C)n1
5671,5673,O=P(OCc1ccccc1Cl)(OCC(F)(F)F)OCC(F)(F)F
5672,5674,Cc1nn(C(C)C)c(C)c1NC(=O)c1ccoc1C
5673,5675,CC1=C(c2ccccc2)C(c2ncc(c3ccccc3)o2)NC(=S)N1c1ccc(C)cc1
5674,5676,[NH3+]CC#Cc1cc(Cl)ccc1Sc1nnc2ccccn12
5675,5677,Nc1ccc(C(=O)c2ccc3ccccc3c2)cc1[N+](=O)[O-]
5676,5678,O=C(C=Cc1cccc([N+](=O)[O-])c1)n1nnc2ccccc21
5677,5679,Cc1cc(C)c(S(=O)(=O)N(C)C)cc1NS(=O)(=O)c1ccc(C(=O)[O-])s1
5678,5680,C[NH2+]C(c1ccc(F)c(F)c1)c1cc(F)c(Br)cc1F
5679,5681,CC1CCN(c2ccc(C(=O)Nc3nnc(c4ccccc4)s3)cc2[N+](=O)[O-])CC1
5680,5682,C=CC=CC(=CC)C(O)C#CC1OC(CO[Si](C)(C)C(C)(C)C)CC2OC(C)(C)OC12
5681,5683,Cn1ncc(Br)c1C(=O)c1ccc(Cl)o1
5682,5684,CCCCC[NH+](CCOC)C1CCc2c(OC)c(OC)cc(Cl)c21
5683,5685,[NH3+]Cc1nccn1Cc1ccc(F)c(F)c1
5684,5686,COc1ccc(CNC(=O)COc2ccccc2Cl)cc1OC
5685,5687,CSc1ccc(c2noc(C[NH+]3CCN(C(=O)c4ccncc4)CC3)n2)cc1
5686,5688,Cc1nnc(C2CCCN2C(=O)C2CC[NH2+]CC2)o1
5687,5689,Cc1ccc(S(=O)(=O)Nc2ccn(CCn3cccn3)n2)s1
5688,5690,O=C(NCC1CCCCC1C(=O)[O-])c1cccc(F)c1F
5689,5691,CC[NH2+]C(Cc1ccc(CC)s1)c1cccc(C)c1F
5690,5692,COc1cc(OC)c(OC)cc1CNC(=O)c1ccc2c(C3CCCCC3)c3n(c2c1)CC(NC(=O)c1ccncc1)CC3
5691,5693,CCCC[Sn](Cl)(Cl)Cl
5692,5694,CCCCCCCOC1C(C)C(=O)N1S(=O)(=O)c1ccc(C)cc1
5693,5695,COCC(=O)Nc1cc(C=CC(=O)[O-])c(C)cc1C
5694,5696,O=C(Nc1nc2ccc(c3ccc4[nH]ccc4c3)nc2s1)c1ccccc1
5695,5697,O=C1CC(c2nc3ccccc3[nH]2)CN1c1ccc(Cl)cc1
5696,5698,CN(CC(=O)NC1CC1)c1ccc(C#N)c(C(F)(F)F)c1
5697,5699,Cc1ccc(C(C)(C)CNC(=O)C[NH+]2CCN(CC(=O)N3CCCCC3)CC2)o1
5698,5700,C=CCC1(C(=O)NCc2nn(C3CCN(C(C)=O)CC3)c3ccccc23)CC1
5699,5701,C=Cc1c(CN(C2CCCC2)S(=O)(=O)c2ccc(OC)cc2)ccc2ccccc12
5700,5702,CCCCCCC(C)NS(=O)(=O)c1cn[nH]c1N
5701,5703,N#Cc1ccccc1S(=O)(=O)Nc1ccc2c(c1)C(=O)OC21c2ccc(O)cc2Oc2cc(O)ccc21
5702,5704,CC(=NNC(=O)CSc1nc2ccccc2[nH]1)c1ccc(F)cc1
5703,5705,COCC[NH2+]Cc1nnc(N(CCC#N)C2CC2)o1
5704,5706,Cc1cc(Cl)c(OC(F)(F)F)cc1C
5705,5707,CCCc1cc(C(=O)OCC(=O)NCc2ccccc2Cl)sc1C
5706,5708,CC1CCCN(S(=O)(=O)c2cc(N)cc(Br)c2)C1C
5707,5709,CC1CCC[NH+](CC2CCC(C[NH3+])O2)C1C
5708,5710,Cc1cc(C)c(S(=O)(=O)N2CCC(n3cccn3)C2)c(C)c1
5709,5711,COc1ccc(C([NH3+])Cc2ccncc2)c(Br)c1
5710,5712,COc1cc2c(N3CCC(CO)CC3)ncnc2cc1OC
5711,5713,CC1CC1NC(=O)N1CCC(C2(C)NC(=O)N(Cc3ccc(F)cc3)C2=O)CC1
5712,5714,CCc1ccc(C(=O)CSc2nc3ccccc3c(=O)n2c2c(C)cccc2C)cc1
5713,5715,C=C(C)C(=O)N(C=O)CCc1ccc(OCC(O)C[NH3+])cc1
5714,5716,COc1nn(c2ccc(C(=O)Nc3ccc(OC(F)(F)F)cc3)cc2)c2ncc(OC)cc12
5715,5717,CC1CCCC(NC(=O)C2CCCC[NH2+]2)C1C
5716,5718,O=C(C[NH+]1CCCN(CC(F)F)CC1)Nc1nc2c(s1)CCCC2
5717,5719,[NH3+]C1C2CN(S(=O)(=O)C3CC3)CC12
5718,5720,CC(=O)c1ccc(NC(=O)CSc2nnc(NC(=O)CCC(C)C)s2)cc1
5719,5721,CNc1cncc(N2CCCSCC2)c1
5720,5722,COc1ccccc1CNC(=O)CNC(=O)c1cccs1
5721,5723,N#CC(=Cc1c(OCc2ccc(Br)cc2)ccc2ccccc12)C(=O)N1CCN(c2ccccc2)CC1
5722,5724,CCCCN(CCO)c1cc[nH+]c(CNC)c1
5723,5725,O=C(COc1ccc2ccccc2c1)Nc1ccc(NC(=O)Nc2cccc3ccccc23)cc1
5724,5726,CC1CCCCC1NC(=O)COC(=O)c1cc(=O)c2ccccc2o1
5725,5727,Fc1ccc(Nc2ncccc2Br)cc1Br
5726,5728,C=CCOc1ccccc1C(=O)Nc1cc(OC)ccc1OC
5727,5729,Cc1cc(Br)ccc1N1CCN(c2nc3cc(NC(=O)Cc4ccccc4)ccc3n(C)c2=O)CC1
5728,5730,CCc1ccc(C(=O)N2CCC(Nc3ncnc4[nH]cc(OC(=O)N5CCOCC5)c34)CC2)cc1
5729,5731,CCCCCC(C)(CCCC)C(=O)NS(=O)(=O)c1ccc(Cl)cc1
5730,5732,COc1ccccc1C1=C(Nc2ccc3c(c2)OCCO3)C(=O)N(c2ccccc2OC(C)C)C1=O
5731,5733,COc1ccc2c(c1)N(CC(C)(C)[NH3+])C(=O)C2
5732,5734,[NH3+]C1(CC(=O)NC2CCOC2)CCC1
5733,5735,C=CCn1c(COc2ccccc2F)nnc1SCC(=O)c1ccc(S(=O)(=O)C(C)C)cc1
5734,5736,COc1ccc(Cl)cc1CC(=O)C(C)CCl
5735,5737,O=C1NC(=Cc2ccc(OCc3ccc4ccccc4c3)cc2)C(=O)N1Cc1ccc(Cl)cc1
5736,5738,O=Cc1cc2c(cc1C(=O)[O-])CCCC2
5737,5739,[NH3+]C(C=O)Cc1ccn(C2CCCC2)n1
5738,5740,O=C([O-])C1CCC(C(=O)NC2CCCC(F)(F)C2)CC1
5739,5741,Nc1ccc(CC(=O)NCc2ccon2)cc1
5740,5742,CSCCC(NC(=O)C(Cc1ccccc1)NC(=O)C(NC(=O)C(CS)NC(=O)C([NH3+])CCC(=O)[O-])C(C)O)C(=O)NC(CS)C(=O)[O-]
5741,5743,Cc1nnsc1C(=O)Nc1nc(C2CC2)cs1
5742,5744,COc1cncc(c2cccc(n3cnc(c4ccc(F)c(C)c4)c3)n2)c1
5743,5745,Cc1cc(C)c(Nc2ccc(C(=O)NCc3ccccc3F)cn2)c(C)c1
5744,5746,COc1ccc(Cl)cc1NC(=O)CSc1nc2ccccc2c(=O)n1C(C)C
5745,5747,COC(=O)Nc1ccc(c2nc(C3CC4CCC3O4)ns2)cc1
5746,5748,O=C(CCCCn1nc(c2ccc(C(F)(F)F)cc2)c2c1CCCC2)NCc1ccccc1
5747,5749,CC1CCC(CO)(Nc2nc3c(cc2C#N)CCCC3)CC1
5748,5750,C=C(N=C=O)C(=O)Nc1ccc(OC2CCN(C(=O)C=Cc3ccc(O)cc3)CC2)cc1
5749,5751,COCOc1ccc(C=CC(=O)[O-])cc1OCOC
5750,5752,COc1ccc(C(=O)Nc2ccccc2C(=O)N2CCC2)cc1Cl
5751,5753,Cn1cc(c2nc(c3ccncn3)c(N)[nH]2)cn1
5752,5754,CC(=O)OC1C(Oc2nccc3oc(C)cc23)OC(CO)C(O)C1OC=C(C)C
5753,5755,CC(C)c1nnsc1C(=O)Cc1cc(Cl)ccc1F
5754,5756,O=C(NCc1ccco1)C(=O)NCc1ccccc1OC(F)(F)F
5755,5757,CCCCc1ccc(NC(=O)CSc2nnc(c3ccccc3)c(c3ccccc3)n2)cc1
5756,5758,Cn1cnc2c(OCCC[NH+]3CCC(Cc4cccnc4)(c4ccccc4)CC3)cccc21
5757,5759,O=C(C1CCCCCCC1)N1CCC(c2ncn[nH]2)C1
5758,5760,CC[NH2+]C(C)c1ccc(N(C)CC2CCCC2)c(Br)c1
5759,5761,COc1ccccc1N(C(C)=O)c1nc(COC(=O)c2cccc(NC(N)=O)c2)cs1
5760,5762,CCc1cc(Br)ccc1NC(=O)C[NH2+]CC1CCSCC1
5761,5763,NC(=S)C1(C(=O)Nc2cc(Br)ccc2Br)CC1
5762,5764,Cc1cc(C)c(Oc2ccc(S(=O)(=O)N(C)C)cc2C(=O)[O-])c(C)c1
5763,5765,C[NH2+]C(Cc1cc(C)nn1C)C1CCC(C)O1
5764,5766,CC(=O)C1=C(C)N(c2cccc(C(F)(F)F)c2)C(=O)C1=CNc1cc(=O)n(c2ccccc2)[nH]1
5765,5767,COc1ccc(c2nn(Cc3ccccc3)cc2C(=O)N(C)Cc2occc2C)cc1
5766,5768,[NH3+]C(c1ccsc1)c1ccc(Cl)s1
5767,5769,CCOc1ccc(C=C2C(=O)N(c3ccc(C)cc3)C(=O)c3ccccc32)cc1
5768,5770,COC(=O)c1cc(F)c(C(F)F)nc1C(=O)[O-]
5769,5771,Nc1cc(I)c(F)cc1OCC(=O)NC1CCS(=O)(=O)C1
5770,5772,CCC1CCCC(C(=O)c2cc(CC(C)C)cnc2N)C1
5771,5773,CCOC(=O)c1ccc(NC(=O)N2CCN(c3ccc(c4ccc(OC)c(OC)c4)nn3)CC2)cc1
5772,5774,Cc1nc2c(c(N3CCN(c4ccccc4F)CC3)n1)CCCC2
5773,5775,COCCC(=O)N1CCCC2(CCN(c3ncccc3C)CC2)C1
5774,5776,CC(C)c1nnc(N2CC[NH+](C3=COOC3)CC2)s1
5775,5777,Cc1nccn1c1ccc(CNC(=O)N2CCCC(C(=O)[O-])C2)cn1
5776,5778,CC(NC(=O)C([NH3+])CC(N)=O)C(=O)NC(C(=O)NC(Cc1ccc(O)cc1)C(=O)[O-])C(C)O
5777,5779,CCOC(=O)c1c(Cc2ccccc2)c(C(F)(F)F)cc2c1ccn2C(C)=O
5778,5780,COc1cc(NC(=O)COC(=O)CCCN2CCc3ccccc32)ccc1OC(F)F
5779,5781,O=C(CCc1ncc(c2ccc(Cl)cc2)o1)Nc1ccc2nncn2c1
5780,5782,CCn1ccnc1C(C)Nc1c(N)cc(N)c(Cl)c1F
5781,5783,COc1ccc(NC(=O)c2ncoc2c2cccc(C)c2)cc1S(=O)(=O)Nc1cccc(C)c1C
5782,5784,COc1ccc(C(C)(C)c2cc(OC)c(OC)c(OC)c2)c(OC)c1OC
5783,5785,CC(C)CC(CC(=O)N1CC(c2ccccc2)=CC1c1ccccc1)C(=O)NC(Cc1ccccc1)C(=O)N1CC(O)CC1C(=O)NCc1ccccc1
5784,5786,Cc1ncc([N+](=O)[O-])n1CCCNc1ncnc2c1ccn2c1c(F)cccc1F
5785,5787,Cc1ccc(F)c(C2(C3C[NH2+]C3)COC2)c1F
5786,5788,CCOc1ccc(N(C(C)C(=O)N(C)Cc2ccc(C)cc2)S(=O)(=O)c2ccc(Br)cc2)cc1
5787,5789,CCn1ncc(Br)c1C(=O)c1ccc(C)c(F)c1F
5788,5790,O=c1c2ccccc2n(c2ccccc2)c2nc(c3ccncc3)nn12
5789,5791,C=CCOc1ccc2nc(NC(=O)Cc3ccc(OC)cc3)sc2c1
5790,5792,Cc1ccc(SCC(=O)Nc2sc(c3ccccc3)c(C)c2C(N)=O)cc1
5791,5793,CC(C)(C)C1(C)CCC(C(C)(C)CP(c2cc(Nc3ccccc3)cnc2c2ccccc2)(c2cc(C(C)(C)C)c(O)c(C(C)(C)C)c2)c2cc(C(C)(C)C)c(O)c(C(C)(C)C)c2)CC1
5792,5794,COc1ccc(F)cc1C([O-])=C1C(=O)C(=O)N(c2ccc(S(N)(=O)=O)cc2)C1c1ccccc1C
5793,5795,Nc1cc(c2ccnc(N3CCC4(CC3)CC(NC(=O)[O-])C4)n2)ccc1O
5794,5796,O=C([O-])CC1CCCc2c1cnn2CCF
5795,5797,Cc1coc(SCc2ccnc(C(N)=S)c2)n1
5796,5798,C=C(C)COc1ccc(CNC(=O)c2ccc(C)c(F)c2)cc1OC
5797,5799,C[NH2+]C(C)c1csc(Nc2cccc(OC)c2)n1
5798,5800,CC(C)[NH+]1CCN(C(=O)c2cn(C3CC[NH+](Cc4cccs4)CC3)nn2)CC1
5799,5801,Cc1cc(OCC(=O)Oc2ccc(C34CC5CC(CC(C5)C3)C4)cc2)ccc1C(C)C
5800,5802,CCCCC[NH+](CC)CC(=O)c1c(OC)cccc1OC
5801,5803,O=C1[N-]C(=O)C(=Cc2cc(N3CCCCC3)cc(NCCc3ccccc3)[nH+]2)S1
5802,5804,Nc1ccc(NC(=O)CCn2ccnn2)cn1
5803,5805,CC(C)N(Cc1ccccc1)C(=O)Cc1csc(c2cccs2)n1
5804,5806,Cc1cc(OCC(F)(F)C(F)(F)C(F)(F)F)ccc1C(=O)OCC(F)(F)C(F)(F)C(F)(F)C(F)F
5805,5807,COC(=O)C(C)(C)Oc1ccc(c2ccc(C(=O)OC)cc2)c(O)c1
5806,5808,CC1SC2C(NC(=O)Cc3cccs3)C(=O)N2C1C(=O)[O-]
5807,5809,CC1C([NH+]2CCC(C(N)=[NH+]O)CC2)CCN1C(=O)[O-]
5808,5810,Cc1[nH]nc(C(=O)N2CCC(C(=O)NCC[NH+]3CCOCC3)CC2)c1C
5809,5811,Cc1c(C(=O)N2Cc3ccccc3Cn3cccc3C2c2ccccc2Cl)oc2ccc(F)cc12
5810,5812,C[NH2+]Cc1nnc(c2ccc(Cn3cncn3)cc2)s1
5811,5813,C=C(C12CC(C(C)C)CC(C1(C)C)C2(C)C)[NH+](CC)CC
5812,5814,O=C(OCC1CCCCC1)OC1(C(F)F)CCCC1
5813,5815,O=C1CC(c2ccccc2)CCN1
5814,5816,C=C(NOCc1ccc(OC)cc1)c1cccc(c2ccnc(c3ccc(OC)c(OC)c3)n2)c1
5815,5817,C[NH2+]C(C)c1c(F)cccc1n1ccc(C(C)C)n1
5816,5818,COc1ccc(NC(=O)N2CCC3CCC(C2)[NH+]3C)cc1
5817,5819,COC(=O)C(NC(=O)C(C)N(C)C(=O)C([NH3+])Cc1ccc(O)cc1)C(C)C
5818,5820,COC(=O)C(CC(C)C)NC(=O)c1c(C)n(c2ccc(Cl)cc2)nc1c1ccccn1
5819,5821,Cc1ccc(NC(=O)C(c2ccccc2)N(Cc2ccccc2)C(=O)Cn2cnc3c2c(=O)n(C)c(=O)n3C)cc1
5820,5822,CC(NC(=O)C1CC(=O)N(c2ccccc2C(C)C)C1)C(=O)N1CCOCC1
5821,5823,Cc1c(C(=O)Nc2cccc(S(=O)(=O)NC(C)(C)C)c2)cnn1c1ccccn1
5822,5824,CCn1cnnc1C[NH2+]CC1CC[NH+](C(C)C)C1
5823,5825,Cc1nc(C(F)F)c(CBr)c(C=O)c1F
5824,5826,Cc1cc(c2oncc2N)cnc1Br
5825,5827,CC(C)n1nnnc1c1cccc(N)c1Br
5826,5828,Fc1cc(F)c(C2CC[NH2+]CC2)cc1Br
5827,5829,Cc1c(N)cccc1C(=O)Nc1c(F)cc(F)cc1Cl
5828,5830,O=C([O-])CCCCNC(=S)Nc1cccc2cccnc12
5829,5831,CC[NH2+]C(CCc1ccsc1)Cc1cc(Cl)ccc1Br
5830,5832,Nc1cc(N)cc(NC2CC[NH2+]C2)c1
5831,5833,CC1CN(C(=O)C2CCCC[NH2+]2)CCCO1
5832,5834,C=CCN(CC(F)(F)F)C(=O)COCC
5833,5835,Cc1n[nH]c(C)c1C1CCCN1C(=O)NCc1nnc2ccccn12
5834,5836,Nc1cccc2c1C(=O)C(=O)C=C2
5835,5837,CC1(C(=O)[O-])CCN(C(=O)C2CC3CCCCC3N2C(=O)c2ccccc2)C1
5836,5838,CC(C)(C)NS(=O)(=O)c1cccc(C(=O)N2CCn3cccc3C2c2ccccc2Cl)c1
5837,5839,CC[NH2+]Cc1cccc(Cl)c1N1CCCC(OCC)C1
5838,5840,Nc1cc[nH+]cc1CC(=O)c1cnsn1
5839,5841,CC(C)C[NH+]1CCCC(Cn2c(C(C)Cl)nc3cccnc32)C1
5840,5842,COc1ncc(c2ccc(S(=O)(=O)Nc3ccc(F)cc3C)cc2C(F)(F)F)cn1
5841,5843,CSc1ccc(C(CC(=O)[O-])NC(=O)C2CCCN2S(=O)(=O)c2ccc3c(c2)oc(=O)n3C)cc1
5842,5844,COc1nc(Cl)nc(N(CC(C)C)C2CCCC2)n1
5843,5845,CCCCCCOc1cc(N)cc(c2nc3c(s2)CCCC3CC)c1
5844,5846,CCOC(=O)C(C[NH3+])CCSc1nnc2ccccn12
5845,5847,Cc1nc(C([NH3+])C2(O)COC(CO)C(O)C2O)sc1C
5846,5848,[NH3+]CCCCCCC(=O)Nc1cccc(Br)c1
5847,5849,CCOC(=O)c1c(C)[nH]c(C=C2C(=O)Nc3ncccc32)c1C
5848,5850,CC(C)C[NH2+]CC(O)CNc1ccc(Cl)cc1C(F)(F)F
5849,5851,O=C(NCc1ccccc1CO)c1cc(C(F)(F)F)ccc1Br
5850,5852,COc1ccc(N2CCN(c3nccnc3OCc3cc(C(=O)[O-])on3)CC2)cc1
5851,5853,CC(C)(C)[NH2+]CC1COCCN1CCC(=O)N1CCOCC1
5852,5854,O=C(c1ccc(F)cc1)N1CCC2C(CCC(=O)N2Cc2ccccc2)C1
5853,5855,CCOC(=O)C1=C(C)NC(C)=C(C(=O)OCC)C1c1ccccc1Nc1ncnc2c1CCCC2
5854,5856,NNC(=O)c1cc(c2ccccn2)nn1c1ccc(Cl)c(Cl)c1
5855,5857,CC(C)C(NC(=O)N1CC[NH+](C2CCCC2)CC1)c1nc2ccccc2[nH]1
5856,5858,CSc1ccc(C=C(C#N)C(=O)Nc2ccc(C(=O)OC(C)C)cc2)cc1
5857,5859,C=CCN(C(=O)c1ccc(n2nc(C)cc2C)cc1)C1CC(=O)N(c2cccc(I)c2)C1=O
5858,5860,Cn1cc[nH+]c1CC[NH2+]C1CCCN(C)C1
5859,5861,CCCCN(CCO)C(=O)Nc1cccc(SC)c1
5860,5862,Cc1ncn(c2ncccc2N)c1C
5861,5863,O=C(NC(=S)Nc1ccc2oc(c3ccc(Cl)cc3)nc2c1)c1ccccc1
5862,5864,Cc1c(C(=O)N2CCCCC2)oc2c1C(=NNC(N)=O)CCC2
5863,5865,C=CC[Si](Cl)(Cl)C(C)=O
5864,5866,O=c1nc(C(F)(F)F)[nH]c2c1C[NH+](Cc1ccccc1F)C2
5865,5867,CCCCCOc1c(N)c(C)nn1CC
5866,5868,Cc1oc(C)c(S(=O)(=O)N2CCCCCCC2)c1CO
5867,5869,Cn1ccc(NC(=O)NCCn2cc(c3ccccc3)nn2)n1
5868,5870,Cc1ccc(NC(=O)C(NC(=O)C2CC[NH+](CC(=O)Nc3ccc(C(=O)N4CCC(C)CC4)cc3C)CC2)C(C)C)cc1NC(=O)c1cccc(F)c1
5869,5871,CCn1c(Cc2ccccc2)nnc1SCC(=O)c1ccc(OC)cc1
5870,5872,O=C(COC(=O)c1cc2ccccc2s1)Nc1ccccc1C(F)(F)F
5871,5873,C=CCN(CC=C)C(=O)N(CC(=O)[O-])CC(=O)[O-]
5872,5874,COCCn1c(SCC(=O)c2ccc(Cl)c(Cl)c2)nc2cc(Cl)ccc2c1=O
5873,5875,CCC1OC(=O)C(C)C(=O)C(C)C(OC2OC(C)CC([NH+](C)C)C2O)C(C)(OC)CC(C)C(=O)C(C)C2N(NCc3ccnc(C)c3)C(=O)OC12C
5874,5876,COc1ccc(N2C(=O)C(=Cc3ccc(OC(C)=O)cc3)SC2=S)cc1
5875,5877,CC(=O)c1nnc(C2(c3ccc(OC(F)(F)F)cc3)CCCN2C(C)=O)o1
5876,5878,COC(=O)C(Cc1c[nH]c2ccccc12)NC(=O)C(NC(C)=O)C(C)C
5877,5879,Nc1cc(N2CCC(CO)C2)nc(N)n1
5878,5880,CC(C)CN(C(=S)SC(C)(C)C)C(Cc1ccc(OCC(=O)NCCOCCN=[N+]=[N-])cc1)C(=O)Oc1ccccc1
5879,5881,COc1cc(NC(=O)C(=O)NCc2ccco2)cc(OC)c1
5880,5882,CCOc1ccc2c(COC(=O)C3=Cc4ccccc4OC3)coc2c1
5881,5883,N#Cc1ncn(CC(=O)NCCOCC(=O)[O-])n1
5882,5884,N#Cc1cnc(OC(F)(F)F)cc1F
5883,5885,COc1cc(OC)c(N2CCN(C(C)=O)CC2)c(OC)c1
5884,5886,CCC1CCCC(O)(Cc2ncnn2CC)CC1
5885,5887,CC(=O)N(CCC(=O)Nc1ccccc1C(C)C)CC[NH+]1CCOCC1
5886,5888,O=c1ccc(c2ccco2)nn1CC1C[NH+](Cc2cccnc2)CC1O
5887,5889,O=C(C=Cc1cnc2ccccc2n1)NC1(C(=O)[O-])CCOCC1
5888,5890,O=C(c1ccc(Cl)cc1[N+](=O)[O-])N1CC[NH+](Cc2coc(c3ccccc3)n2)CC1
5889,5891,COc1ccc(C(C)Nc2nc3c(c(N4CCCC4)n2)CCCC3)cc1
5890,5892,CC(C)CC1CCCC(NC(=O)CC2COCC[NH2+]2)C1
5891,5893,COc1ccc2c(c1)N(C(=O)NCC[NH+]1CCCCCC1)CCC2
5892,5894,CCn1cc(S(=O)(=O)Nc2ccnn2C)cc1C[NH2+]C
5893,5895,CCC1CCC(C([NH2+]C)c2nccn2C)CC1
5894,5896,CCC1[NH2+]C(CCCOC)N(CC2CCCO2)C1=O
5895,5897,CC(C)C([NH3+])C(=O)NCC(=O)NCC(=O)NC(CCC(=O)[O-])C(=O)NC(CCC(N)=O)C(=O)[O-]
5896,5898,COc1ccc(NC(=S)Nc2ccc(Oc3ccc(C)cc3)cc2)c(Cl)c1
5897,5899,CCC(=O)N1CCCN(C(=O)C2COCC2[NH3+])CC1
5898,5900,COc1ccc(Cl)cc1S(=O)(=O)Nc1ccc(Oc2ccc(NC(=O)Nc3cccc(C)c3)cc2)c(O)c1
5899,5901,CCOC(=O)c1[nH]c(C)c(C(=O)Nc2ccccn2)c1C
5900,5902,C[NH2+]C(C)Cc1noc(c2ccnnc2)n1
5901,5903,Nc1c(NCc2ccccc2F)ncnc1N1CCC2(CCCC2)CC1
5902,5904,CC(C)C(OC(=O)c1cncs1)C(=O)Nc1ccc(Cl)cc1
5903,5905,COc1cccc(C(=O)Nc2ccc(NC(=O)C3CC[NH+](C(C)C(=O)Nc4ccc(C(=O)Nc5cc(F)ccc5F)cc4C)CC3)cc2C)c1
5904,5906,O=C(NC(Cc1ccc(Cl)cc1)C(=O)N1CCCC1)C1CCCO1
5905,5907,O=C1OC(c2ccc3c(c2)OCO3)=NC1=Cc1ccc(OCC(=O)N2CCOCC2)c(Br)c1
5906,5908,[NH3+]C1(C(=O)NCC2CCCCO2)CCOCC1
5907,5909,CC(C)CN(C(=O)NCC(=O)NCC(=O)[O-])C(C)C
5908,5910,COc1ccc(C)cc1n1c(=O)[nH]c2[nH]c(C)c(C=O)c2c1=O
5909,5911,Cn1nc(C(C)(C)C)cc1C(=O)NC1CCCN(c2cccc(F)c2)C1
5910,5912,O=C1NCCCCC1C1COC(=O)N1
5911,5913,CC(C)C(C)(C#N)NC(=O)C1C2C3CCC(C3)C12
5912,5914,CCOC(=O)Nc1cccc(OC(=O)[O-])c1
5913,5915,COc1ccc(CC(=O)Nc2ccc3oc(Cc4ccccc4)nc3c2)cc1F
5914,5916,Cn1nccc1C1CN(C(=O)NC2(C(=O)[O-])CC2)CCS1
5915,5917,CCOc1cccc(C[NH2+]C(C)(C)CCO)c1
5916,5918,O=C(C1CCOC1)N1CCCn2nc(C(O)c3ccccc3)cc2C1
5917,5919,O=C(c1ccc2c(c1)CCC(=O)N2)C1CCC1
5918,5920,C=CC(=O)Nc1cccc(c2nc(NCc3ccncc3)ncc2c2ccccc2)c1
5919,5921,CCOc1cccc2sc(N(Cc3cccnc3)C(=O)c3ccc(S(=O)(=O)N4CC(C)CC(C)C4)cc3)nc12
5920,5922,CC(C)(C)C1=CS(=O)(=O)C(C(N)=O)=N1
5921,5923,CC1(C)C2CC=C(c3ccnc(c4cccc5ccccc54)n3)C1C2
5922,5924,O=C([O-])c1cnc(c2ccc(C=C3SC(=S)[N-]C3=O)cc2)s1
5923,5925,CC1CN(S(=O)(=O)CCCl)CC(C)N1C
5924,5926,CC[NH2+]C(C)(COc1cccc(Br)c1)C(N)=O
5925,5927,CC[NH2+]C(c1cccc(Cl)c1)c1ccc2c(c1)COC2
5926,5928,C[NH2+]Cc1cccc(S(=O)(=O)N(C)c2cccc(OC)c2)c1
5927,5929,CC(C)(C)c1n[nH]c2c1C[NH+](Cc1ccc(F)cc1)CC2
5928,5930,NC(=[NH+]O)c1nccnc1N(CCO)C1CC1
5929,5931,CC(C)CCOc1cc(Br)c(CC2C[NH2+]CCO2)cc1Br
5930,5932,COc1c(OCC[NH3+])cc(C(=O)NC2CCc3ccccc32)cc1[N+](=O)[O-]
5931,5933,Cn1c(CCl)nnc1c1ccc(C(F)(F)F)c(F)c1
5932,5934,N#Cc1ccc(CNc2nnnn2CC(F)(F)F)cc1
5933,5935,CCOC(=O)c1cc(c2ccccc2)nn1Cc1ccc(OC)cc1
5934,5936,COc1ccc(OC)c(C=CC(=O)N(C)c2ccc(N3CCC(C)CC3)nc2)c1
5935,5937,[NH3+]CCc1cncc(Oc2ccc([N+](=O)[O-])cc2[N+](=O)[O-])c1
5936,5938,Cn1cc(I)c2cc(C(=O)[O-])ccc21
5937,5939,COc1ccccc1NCc1nc(C)c(c2ccccc2)s1
5938,5940,COc1ccc(N2CCN(C(=O)c3ccccc3NS(C)(=O)=O)CC2)cc1
5939,5941,CC(C)c1ccc(NC(=O)C2(C(=O)NCc3ccccc3Cl)CC2)cc1
5940,5942,CC(C)(C)C(=O)Nc1nc2ccc(OC(F)F)cc2s1
5941,5943,CCCCN(CC(F)(F)F)c1cc(F)c(C=O)cc1F
5942,5944,CCOc1ccc(C(=O)Nc2ccccc2c2nc3ccccc3s2)cc1
5943,5945,CSc1nnc(C2CSCC[NH+]2C)o1
5944,5946,Nc1c([O-])nsc1N
5945,5947,CCOC(=O)[N-]C(=O)C[NH+]1CCCN(c2ncccn2)CC1
5946,5948,CC(C)n1cc(N)cc1C(=O)Nc1cn[nH]c1
5947,5949,CCOC(=O)c1cnn(C)c1C[NH+](C)Cc1ccc(OCc2ccccc2)c(OCC)c1
5948,5950,Cn1cc(C(=O)NCc2ccc(N3CCC(C(N)=O)CC3)cc2)c(=O)c(C(=O)NCc2ccccc2Cl)c1
5949,5951,CCCCn1ncc(NCCC(=O)NCC)c(Br)c1=O
5950,5952,CS(=O)(=O)N(CC(=O)N1CCCCC1Cc1ccccc1)c1ccc(F)cc1
5951,5953,CCCCN(C)S(=O)(=O)c1c(C)nn(CC[NH3+])c1C
5952,5954,CCOC(=O)c1cc(C(C)CC)n(CC)n1
5953,5955,Cc1cc(NC(=O)COc2ccc(C(=O)[O-])cc2)n(CCC(C)C)n1
5954,5956,Cc1ccc(C=CC(=O)[O-])c(I)c1C
5955,5957,CC(=NNC(=O)c1ccccc1)c1c(C)[nH]n(c2ccc(C)cc2)c1=O
5956,5958,CCc1[nH+]ccn1CC(=O)N1CCCC(C)(O)CC1
5957,5959,Fc1cc(Cl)cc(c2cn[nH]c2)c1
5958,5960,O=C([O-])C1CN(C(=O)c2ccc3c(Cl)c4c(cc3c2)OCCO4)CCO1
5959,5961,CCc1c(C)[nH]c(=O)c(C(=O)NC(c2ccccc2C)C(C)C)c1C
5960,5962,Cc1cc(C)c(C#N)c(SCC(=O)NCc2cc(c3ccco3)on2)n1
5961,5963,CS(=O)(=O)N(CC(=O)N1CC[NH2+]CC1)c1ccc(OCc2ccccc2)cc1
5962,5964,Nc1c([N+](=O)[O-])cc(O)c2sccc12
5963,5965,CCCCCNC(=O)CN(c1ccc(F)cc1)S(=O)(=O)c1ccc(OC)c(Cl)c1
5964,5966,CC(NC(=O)NC1CCOC1C1CC1)C1CCOCC1
5965,5967,CNc1cc(Nc2ccc(NC(=O)NC3CC3)cc2)ncn1
5966,5968,Cc1ccc(N2CCC(C(=O)N3CC[NH+](Cc4cccc(Cl)c4)CC3)C2=O)c(F)c1
5967,5969,CC1CCc2c(sc3nc(CSc4nnc(c5cccs5)n4Nc4cccs4)[nH]c(=O)c23)C1
5968,5970,CSCCCCNC(=O)CC1CC2CCC(C1)[NH2+]2
5969,5971,CCCCNC(=O)c1cccc(C(=O)NCCc2ccc(F)cc2)n1
5970,5972,CCc1cc(NC(=O)c2ccccc2Br)cc(S(N)(=O)=O)c1
5971,5973,Cc1cc(C)c2[nH]c(c3ccc4c(c3)OCCO4)c(CC[NH+](C)C)c2c1
5972,5974,COC(=O)c1ccc(COc2ccc(C=O)cc2Br)cc1
5973,5975,CSc1ccc(C(O)CCC#N)c(Br)c1
5974,5976,Nc1cnc(c2ccsc2)nc1N(CCO)C1CC1
5975,5977,Nc1ccc(OCCCCn2ccnc2)c(Cl)c1
5976,5978,C=CC(C)[NH+](CC=C(C)C(=O)OC)C(CC)CC(C)C
5977,5979,C=CC(CC(=O)OCc1ccccc1)OC(=O)C(O)C(C)C
5978,5980,CC(C)CON=C(I)c1ccc(F)cc1
5979,5981,COCCn1c(SC(C)C(=O)N2CCc3ccccc32)nnc1c1ccccc1
5980,5982,CCCCn1c(C[NH+](CC)CC)nc2c1c(=O)[nH]c(=O)n2CCC
5981,5983,CC1CCCCC1N(C)c1ncc(C[NH3+])c2ccccc12
5982,5984,O=C(CCNS(=O)(=O)c1cccc(Cl)c1)NCc1ccc(N2CCCC2)cc1
5983,5985,COc1ccc(Nc2ncnc(N3CCN(C(=O)c4ccccc4OC)CC3)c2N)cc1
5984,5986,CC1CCCC1C[NH2+]CC1CCCCC1C
5985,5987,Cn1nnc(Br)c1C(O)C1CC2CCCCC2N1C(=O)OC(C)(C)C
5986,5988,CC[NH2+]Cc1ccc(S(=O)(=O)NC2CCOC2C)s1
5987,5989,COc1ccc(Cc2nsc(N3CCN(C(=O)Nc4ccccc4)C(C)C3)n2)cc1OC
5988,5990,CC(C)C([NH3+])c1noc(C2CC(=O)N(C)C2c2ccc(Cl)cc2)n1
5989,5991,CC1CCN(c2nc(C3CC3)nc(Cl)c2N)CC1C
5990,5992,COCCCn1nc(C)c2c1CCCC2[NH3+]
5991,5993,Cn1cnc(C(=O)NCC2(Cn3cccn3)CC2)n1
5992,5994,CCC1Oc2ccc(C[NH3+])cc2N(CC(=O)OC)C1=O
5993,5995,Cc1n[nH]c(C)c1C1COCCN1C(=O)NC1CC[NH+](C2CC2)CC1
5994,5996,Cc1ccc(OC2CCCCC2[NH+]2CCCCC2)c(N)c1
5995,5997,Cc1cc(Br)ccc1C[NH2+]C1CCC(CC(C)C)CC1
5996,5998,O=C(c1cnccn1)N1CCOC(c2noc(c3cccc(F)c3)n2)C1
5997,5999,CCc1c(C)nn(C2CCN(C(=O)Nc3cc(C)sc3C(=O)OC)CC2)c1C
5998,6000,N#Cc1cc(N2CCCC2)c(c2nc(COc3ccccc3Cl)cs2)cc1N
5999,6001,O=C([O-])c1cnn2ccc(OCc3ccccc3)cc12
6000,6002,CCOc1ccc(NC(=O)COc2ccc(Cl)cc2C=C2SC(=S)N(C3CCCCC3)C2=O)cc1
6001,6003,CCc1sc2nc(C)nc(N(C)c3ccc(OC)cc3)c2c1C
6002,6004,Cc1ccc(NC(=O)C(C)S(=O)CC(=O)Nc2ccc(Cl)cc2C)c(C)c1
6003,6005,O=C1C2C3C=CC(C3)C2C(=O)N1O
6004,6006,CC(C)C(NC(=O)OCc1ccccc1)C(=O)NC(CCC(=O)[O-])C(=O)NC(Cc1ccc(O)cc1)C(=O)NC(Cc1ccccc1)C(=O)NC(CC(=O)[O-])C(=O)NC(Cc1ccccc1)C(=O)NC(CCCC[NH3+])C(=O)NC(Cc1ccccc1)C(=O)NC(CCCC[NH3+])C(=O)[O-]
6005,6007,Cc1oc(c2ccc(Br)cc2)nc1C[NH+]1CCC(c2c[nH]c3ccccc23)CC1
6006,6008,O=C(OCc1ccccc1)N1CCCCNc2ccccc21
6007,6009,O=C([O-])C1=C(Cl)ON2CCCCC12
6008,6010,CCOCCn1c(=NC(=O)c2cnn(C)c2)sc2cc(C(=O)OCC)ccc21
6009,6011,CCOP(=O)(CC)C(=CC)N(N)C(N)=O
6010,6012,CCOC(OCC)C(C)([NH2+]C(C)C)C(C)C
6011,6013,CCc1ccc(C(=O)N(CC)Cc2ccc(Br)cc2)o1
6012,6014,O=C(C1CC1)N1CC[NH+](CCCOc2ccc3c(n2)CCCC3)CC1
6013,6015,Cc1ccc(N2C(=O)c3ccccc3S2(=O)=O)cc1
6014,6016,Nc1ccc(C[NH2+]CCc2cccc(Br)c2)c(Cl)c1
6015,6017,COc1ccc2c(c1)C(O)(c1c(O)c(c3ccccc3)nc3nc4ccccc4n13)C(=O)N2
6016,6018,CC(C)N(CCCl)S(=O)(=O)C1CCCC1
6017,6019,COC(=O)Nc1cccc(C2CC[NH+](CC(C)(C)[NH3+])CC2)c1
6018,6020,CC(C)CNC(=S)N1CCC(C(N)=O)CC1
6019,6021,CCCC[NH+]1CCC(CNC(=O)Cn2c(=O)[nH]c3ccccc32)C1
6020,6022,COC(=O)c1ccc(OC(=O)c2ccc(OC)c(N(C)S(=O)(=O)c3ccccc3)c2)c([N+](=O)[O-])c1
6021,6023,COCCOC(=O)Nc1cccc(NC(=O)c2sccc2C)c1
6022,6024,FC(F)(F)COCCNc1cc(Br)ccc1Cl
6023,6025,O=C([O-])C1CN(C(=O)COc2cc(Cl)cc(Cl)c2)CCO1
6024,6026,O=C(CN(c1cccc(C(F)(F)F)c1)S(=O)(=O)c1ccccc1)NCc1cccnc1
6025,6027,CNc1oc(c2ccc([N+](=O)[O-])c(F)c2)nc1S(=O)(=O)c1ccccc1
6026,6028,Cc1ccc(c2cn3c(CC(=O)NC4C[NH+]5CCC4CC5)csc3[nH+]2)cc1
6027,6029,O=CN1CCN(c2ccc(C(=O)Nc3cccc(Cl)c3)cn2)CC1
6028,6030,COc1ccc(C(=O)NC2CC2C)cc1OC
6029,6031,Cc1cc(F)cc(c2n[nH]c(C[NH3+])n2)c1
6030,6032,O=C(c1csc(C2CC[NH+](Cc3cccs3)CC2)n1)N1CCOCC1
6031,6033,O=C([O-])c1cn(C2CCS(=O)(=O)C2)c2cccc(OCc3ccccc3)c2c1=O
6032,6034,CCCC(CC)NC(=O)c1ccccc1NCC[NH3+]
6033,6035,C[NH2+]C(Cc1ccccc1)C(=O)NC1(CO)CCCCC1
6034,6036,COc1cc(OC)c(C=C2C(=[NH2+])N3N=C(SCc4ccco4)SC3=[NH+]C2=O)c(OC)c1
6035,6037,[NH3+]CCCC[NH2+]C1CNC1
6036,6038,O=C(NCc1ccncc1)c1ccnc(OC2CC[NH+](C3CCC3)CC2)c1
6037,6039,CCCc1nnc(C(=O)N2CC[NH+](Cc3ccccc3)CC2)s1
6038,6040,Cc1cc(N2CCN(C(=O)c3cc(Br)ccc3Br)CC2)cc[nH+]1
6039,6041,CC(C)(CC(O)(Cc1cc2cc(Cl)ccc2[nH]1)C(F)(F)F)C(F)(F)F
6040,6042,O=C(CCCl)NCc1ccc(N2CCCCC2)cc1
6041,6043,Cc1c(CC(=O)N(C)C)c2ccccc2n1CC(=O)NCc1ccc(F)cc1
6042,6044,CCOc1ccc(C[NH2+]CCc2ncno2)cc1
6043,6045,COc1cc(I)c(C(=O)NCc2csc(N)n2)cc1OC
6044,6046,Cn1cc(Br)cc1C(=O)NCC[NH+]1CCCC1
6045,6047,O=C(Cc1cccc(OCc2ccccc2)c1)NCc1ccc(n2ccnc2)c(F)c1
6046,6048,CCCCCCCCC1CCC(C2CCC(CCc3ccc(O)cc3)CC2)CC1
6047,6049,COc1cc(N2CCC3(CC2)CC2(COC(N)=[NH+]2)C3(F)F)ccc1OCC[NH+]1CCOCC1
6048,6050,CC(=O)Nc1ccc(SCc2cnc(C)cn2)cc1
6049,6051,Nc1ccc(C(=O)N2CCS(=O)(=O)CC2)cn1
6050,6052,COC(CNC(=O)c1nn(C)cc1N)c1ccccc1
6051,6053,CC1COc2ccccc2C(=O)OCC2CC(c3ccc(C(F)(F)F)cc3)=NN12
6052,6054,O=C(CC(NC(=O)Nc1ccc2c(c1)OCCO2)C(=O)[O-])NC(=O)NC1CCc2ccccc2C1
6053,6055,COC(=O)N1CC[NH+](CCCC2CCCc3ccccc32)CC1C
6054,6056,CC(C)(CO)NC(=O)c1cccc(OCC(F)(F)F)c1
6055,6057,COc1ccc2c(c1)OCCN(C(=O)C1CSC[NH2+]1)C2
6056,6058,N#CCc1cc(C(F)(F)F)nc(I)c1CBr
6057,6059,COc1ccc(Cl)cc1CNC(=O)C(C)S(=O)(=O)Cc1c(Cl)cccc1Cl
6058,6060,O=C(Cn1cccn1)N(Cc1ccccc1)Cc1ccc2c(c1)OCO2
6059,6061,COCC1CC[NH+](C2CCC([NH2+]C3CC(n4ccc(=O)[nH]c4=O)C3)CC2)C1
6060,6062,O=C1NC(=O)C2(CCC(C(=O)OCC(F)(F)C(F)(F)C(F)(F)C(F)(F)F)CC2)C(=O)N1
6061,6063,O=C1OC(c2ccccc2Cl)=NC1=Cc1cccc([N+](=O)[O-])c1
6062,6064,COC(=O)c1cc(NC(C)CCCO)c(F)cc1F
6063,6065,[NH3+]CCc1nnc(c2ccncc2Cl)s1
6064,6066,CC(=O)N(CCC(=O)NCc1ccc(F)cc1)c1ccc(F)c(F)c1F
6065,6067,CCC(C)Nc1nc(NN)nc(N(C)CCCCCO)c1[N+](=O)[O-]
6066,6068,COC(=O)c1cc(NC(=O)Nc2ccc(N3CC[NH2+]CC3)cc2F)cc(C(=O)OC)c1
6067,6069,CCC(C)NC(=O)c1cccc(NC(=O)C(C)[NH+]2CCC(C(=O)NC(C(=O)Nc3ccc(C(=O)N(CC)CC)cc3)C(C)C)CC2)c1C
6068,6070,COc1ccc(NC(=O)N2CCCC(NC(=O)C=Cc3cccc(Cl)c3)C2)cc1
6069,6071,CC1CCC(C[NH+]=C(N)Nc2ccsc2)O1
6070,6072,COc1cc2nccc(Oc3ccc(OCc4cccc(C)n4)cc3)c2cc1OC
6071,6073,CC(C)C([NH3+])C(=O)c1ccc2c(c1)CC(=O)N2
6072,6074,COC(=O)c1cc(C#N)c([O-])[nH]c1=O
6073,6075,CCCCOC(=O)CC1C(=O)NCCN1C(=O)c1sc2nc(C)nc(C)c2c1C
6074,6076,CCC1COC(=O)N1C1CCN(S(=O)(=O)c2ccc(Cl)s2)CC1
6075,6077,O=C(C[NH+]1CCN(S(=O)(=O)c2ccc(Cl)s2)CC1)Nc1ccnn1Cc1ccccc1Cl
6076,6078,CC(C)C(C)OCC(=O)OC(C)(C)C
6077,6079,C=CCC(C(=O)OCC)C(=O)C(C)(C)[NH+](C)C
6078,6080,CC(CC(=O)[O-])N1CCCNc2ccccc21
6079,6081,CC1CCC(CO)(Cc2cn3ccccc3[nH+]2)CC1
6080,6082,CC(Sc1ncnc2scc(c3ccc(F)cc3)c12)C(=O)NC1CCCCC1
6081,6083,CS(=O)CCNCC1CC[NH2+]CC1
6082,6084,CNS(=O)(=O)c1cccc(C(=O)N2CCc3cc(S(=O)(=O)N4CCCC4)ccc32)c1
6083,6085,O=C(NC(=S)Nc1ccc2oc(c3cccc4c(Br)c(Br)c(Br)c(Br)c43)nc2c1C(F)(F)F)c1ccc(Cl)cc1
6084,6086,CC(=O)NC(c1ccc(F)cc1)C(C)C(=O)c1ccc(Br)cc1
6085,6087,CCOc1cccc(C(C[NH3+])CC(=O)[O-])c1OC
6086,6088,Cc1[nH]nc(C(=O)N2CC[NH+](Cc3ccccc3Cl)CC2)c1C
6087,6089,COC(=O)NC(C(=O)N1CCCC1c1[nH]c(C2=CCC(c3ccc(c4ccc(c5c[nH+]c(C6CCCN6C(=O)C(NC(=O)OC)C(C)C)[nH]5)cc4)nc3)CC2)c[nH+]1)C(C)C
6088,6090,CC[NH2+]C(C)(CCC[NH+]1CCc2ccccc2C1)C(=O)[O-]
6089,6091,O=C(CCC1CC[NH2+]CC1)Nc1ccc(c2nc3ccccc3s2)cc1
6090,6092,Fc1cc(Br)cc(CNc2cc(NC3CC3)ncn2)c1
6091,6093,O=C(CCC(=O)N1CCCCC1)OC12CC3CC(CC(C3)C1)C2
6092,6094,O=C(Cn1nccc1C(=O)NC1CC1)N1CCN(c2ccc(F)cc2)CC1
6093,6095,CCCCC(CC)C[NH2+]CC1(O)CCC(CC)CC1
6094,6096,COc1ccc(c2oc3cc(=O)c(OC)c([O-])c-3c([O-])c2OCC(=O)OC2CC(C)CCC2C(C)C)c(F)c1
6095,6097,Cc1ccc2c(c1)CCC=C2NC(=O)c1ccc(OCC(F)(F)F)nc1
6096,6098,COC(=O)c1c(NC(=O)CCn2nnc3ccccc32)sc2c1CCC2
6097,6099,CC(C)Nc1cncc(c2ccsc2)c1
6098,6100,CCOC(C)(CC)C(Cl)c1ccc(OC)c(Br)c1
6099,6101,COc1ccc2c(c1)c(C=NO)cn2CCc1cn[nH]c1C
6100,6102,CCCS(=O)(=O)N1CCC(NC(=O)c2ccc(OCc3csc(C)n3)cc2)CC1
6101,6103,CC1CN(C(=O)c2ccc(N(C)CC(F)(F)F)nc2)CC(C)O1
6102,6104,CCC1CCCC1NC(=O)N1CCCC(C(=O)N2CCOCC2)C1
6103,6105,CCCCN(CC[NH3+])CC(=O)N(C)CC
6104,6106,Cc1nc(C2CCCN2C(=O)C2CCOc3ccccc32)cs1
6105,6107,O=C(COc1ccccc1[N+](=O)[O-])Nc1ccc(N2CCN(C(=O)c3ccccn3)CC2)cc1
6106,6108,CCOc1ccc2[nH]c(c3ccccc3O)cc2c1
6107,6109,CS(=O)(=O)N1CCc2c(cncc2C(=O)Nc2cnn(c3ccc4ccccc4n3)c2)C1
6108,6110,CC(C)COc1ccc(C(=O)NC(=S)NNC(=O)CNC(=O)c2ccc(Br)o2)cc1
6109,6111,O=C(NCc1cccnc1Oc1ccc(F)cc1F)N1CCN(C(=O)c2ccccn2)CC1
6110,6112,Cc1cc(C(=O)N2Cc3ccccc3C2)c(C)n1C(C)C
6111,6113,CCCCCC(C)([NH3+])C(N)=O
6112,6114,Cc1nccn1CCCNc1ncncc1Cl
6113,6115,CCOC(=O)c1c(C)c(C(=O)Nc2ccc(Cl)cc2N)c(C)n1CC
6114,6116,CCc1cc(=O)n2nc(NN=Cc3ccc4c(c3)OCCO4)sc2n1
6115,6117,Cc1ccc2c(c1)nc(C(C)(C)C[NH3+])n2C(C)C
6116,6118,CCCc1cc(=O)n2nc(N3CCN(C(=O)C4CCCO4)CC3)sc2n1
6117,6119,Cc1ccc(N2CC[NH+](Cc3ccccc3)CC2)c(F)c1
6118,6120,CCOC(=O)c1cc2cc(OC)ccc2nc1c1ccccc1C
6119,6121,C[NH2+]C(Cc1ccc(Cl)c(F)c1)c1ccc(Cl)c(Br)c1
6120,6122,COC(=O)C(C)(Nc1cc([N+](=O)[O-])cc(Nc2ccnc(Cl)c2C(C)=O)c1)c1ccccc1
6121,6123,C=CC1CCC2C3CCC4=CC(OC(C)=O)CCC4C3CCC12C
6122,6124,Cc1ccc(c2noc(C[NH+]3CCN(C(=O)C(C)Oc4ccccc4C(C)C)CC3)n2)cc1
6123,6125,CCCCN(C)C(=O)NCc1ccc(C(=O)OC)o1
6124,6126,CCCCn1nnnc1COC(=O)C1CCN(S(=O)(=O)c2ccccc2)CC1
6125,6127,CC(=O)OC1CCC2(C)C(=CCC3C2CCC2(C)C(C(C)CCCC(C)C)CCC32)C1
6126,6128,COc1cccc2c(C(=O)N3CCC(C[NH3+])C3)cn(S(=O)(=O)c3ccccc3)c12
6127,6129,[NH3+]CC1CCCC1NS(=O)(=O)CC1CCCOC1
6128,6130,CC1COCCN1c1nc(N)nc2sccc12
6129,6131,CC(C)c1noc(Cn2nc(Cl)cc(C3CC3)c2=O)n1
6130,6132,CCc1cc(C(=O)N(CC)C(C)C[NH3+])n(CC)n1
6131,6133,CC(c1ccccc1)N(C)C(=O)c1cncc(N)n1
6132,6134,CCOC(=O)C(O)(C1CCCC1)C1C2C3CCC(C3)C12
6133,6135,O=C(Nc1ccc(c2ccccc2)cc1)ON1CCCC1C(=O)Oc1ccccc1
6134,6136,COc1ccc(C(NC(=O)Cc2ccc(C(C)(C)C)cc2)C(=O)NO)cc1OC
6135,6137,O=C1C(=Cc2ccc(COc3ccccc3)o2)SC(=S)N1C1CCCCC1
6136,6138,CNc1cccc(Oc2cc(OC)ccc2Br)n1
6137,6139,CCOc1cc(Br)c(C(O)CCC2CC2)cc1OCC
6138,6140,CCOC(=O)c1c(NCc2ccc(C)cc2)sc(C(N)=O)c1N
6139,6141,COc1ccc(C(=O)CSc2nnc(C(F)(F)F)n2c2cccc(Cl)c2)cc1
6140,6142,N#CC(=Cc1cc(Br)ccc1OCC(=O)Nc1ccccc1)C(=O)Nc1ccccc1O
6141,6143,COc1ccc(c2nc(S(=O)(=O)c3ccccc3OC(F)F)[nH]c2c2ccc(OC)cc2)cc1
6142,6144,Cc1c(OC2CCN(C(=O)C[NH+]3CCN(Cc4ccccc4)CC3)CC2)cccc1[N+](=O)[O-]
6143,6145,CC[NH2+]Cc1oc2c(F)cc(Br)cc2c1C
6144,6146,CC(C)COc1cccc(NC(=O)C2(C)CCCC2[NH3+])c1
6145,6147,C=Cc1c2c3c(cccc3n1C)-c1ccc(c3ccccc3)c(=O)n1C2
6146,6148,CCOc1cc(N)c(Cl)cc1C(=O)NC1COc2ccccc2C1
6147,6149,C=CCc1cc(C=C2SC(=O)N(Cc3ccc([N+](=O)[O-])cc3)C2=O)cc(OCC)c1OCc1ccc(C)cc1
6148,6150,CC(C)(C)OC(=O)C(OP)c1ccccc1
6149,6151,Cc1ccc(C2C(C(=O)C(C)C)=C(O)C(=O)N2c2ccc3c(c2)OCO3)cc1
6150,6152,Cc1ccc(Oc2ccc(NC(=O)CNC(=O)C([NH3+])c3ccccc3)cc2Cl)c(C)c1
6151,6153,[NH3+]C1C2CCCC1CC(C(=O)NCc1ccnc3ccccc13)C2
6152,6154,COc1ccc(c2noc(CNc3ccc(SC(F)(F)F)c(F)c3)n2)cc1OC
6153,6155,COc1cccc(CCC(=O)NCCc2noc(c3ccccn3)n2)c1
6154,6156,CCOc1ncccc1c1noc(C(C)[NH3+])n1
6155,6157,C=Cc1ccc(COc2ccccc2C[NH3+])c(OC)c1
6156,6158,CCCCc1ccc(NC(=O)C[NH+](C)Cc2c(C)noc2C)cc1
6157,6159,COc1ccc(Cl)cc1NC(=O)c1onc(C(N)=O)c1N
6158,6160,FC(F)(F)c1cc(CBr)cc(C(F)(F)F)c1
6159,6161,Cc1ccc(n2c(C)cc(C(=O)COC(=O)c3ccsc3)c2C)cc1
6160,6162,Cc1ccc(NC(=O)NC2CCN(C(=O)c3cn[nH]c3C)CC2)cc1
6161,6163,COc1ccc(NC(=O)c2c(C)nn(c3ccccc3)c2n2cccc2)cc1OC
6162,6164,C=CC(c1ccccc1)C(OC)C1CCCCC1
6163,6165,CCC1OCCC1C[NH2+]Cc1ccc(F)c(Br)c1
6164,6166,C=CCC(C)[NH2+]C(CC)c1ccco1
6165,6167,CCOC(=O)c1c(N)sc2c1CCN(C(=O)OC(C)(C)C)C2
6166,6168,Cc1cc(C)cc(NC(=O)c2nnn(c3cc(F)cc(F)c3)c2C)c1
6167,6169,Cc1cc(O)cc(C[NH+]2CC=C(c3ccc(OCC4CC4)cc3C(N)=O)CC2)c1
6168,6170,O=C1C(=Cc2ccccc2F)SC(=S)N1c1ccccc1
6169,6171,O=C(CBr)c1cccc2cccnc12
6170,6172,Cc1ccc(CN2C(=O)SC(=Cc3cc(Br)c(OCc4ccccc4)c(Br)c3)C2=O)cc1
6171,6173,CCC1CCCC(NC(=O)c2n[nH]c(C)n2)C1
6172,6174,CC(NC(=O)C(C)NC(=O)C(Cc1ccccc1)NC(=O)C(Cc1c[nH]c2ccccc12)NC(=O)CNC(=O)C([NH3+])Cc1cnc[nH]1)C(=O)[O-]
6173,6175,COC(=O)c1ccc(NCC2(O)CCC(C)(C)CC2)c(Br)c1
6174,6176,CCC1Oc2ccc(C(F)(F)F)cc2N(C(C)CO)C1=O
6175,6177,COC(=O)c1ccc(COc2ccccc2C=C(C#N)C(=O)Nc2cccc(C)c2C)cc1
6176,6178,CCOc1ccc(C2C(c3ccc(OC)c(OC)c3)=C(O)C(=O)N2c2ccc(N3CCCCC3)cc2)cc1OC
6177,6179,Cn1c(=O)c2cc(c3ccc(C#Cc4ccccc4)cc3)ccc2n2c(SCc3ccccc3)nnc12
6178,6180,CCc1cccc(C2C3=CCC4C(=O)N(C(C)(C)C)C(=O)C4C3CC3=C2C(=O)C=C(C)C3=O)c1
6179,6181,COc1cc2c(c(OC)c1OC)-c1ccc(OC)c(=O)cc1C(NC(C)=O)CC2
6180,6182,O=C(Nc1ncc(Br)s1)c1ccc(Br)cc1O
6181,6183,COC(=O)C(Cc1ccccc1F)NC(=O)c1c(C)[nH]c(c2ccc(OC)c(OC)c2)c1c1ccc(C(F)(F)F)cc1
6182,6184,Cc1ccc(NC(=O)C2CCCN2C(=O)C2CC[NH+](C(C)C(=O)Nc3ccc(Cl)c(C(=O)N4CCOCC4)c3)CC2)cc1NC(=O)C(C)C
6183,6185,CC(CC1CCC1)[NH2+]CCC1CC2CCC1C2
6184,6186,CCc1[nH]nc(C(=O)NCC(C)SC)c1N
6185,6187,Cc1ccc(C2C(c3ccc(Cl)cc3)=C(O)C(=O)N2c2cccc(C)c2C)cc1
6186,6188,CCCCNC(=O)CNC(=O)c1c(C)nn(Cc2ccccc2Cl)c1C
6187,6189,Cc1occc1Sc1ccc(C#N)c(N)c1
6188,6190,COC(=O)c1cccc(NC(=O)CNC(=O)c2ccc(C(C)(C)C)cc2)c1
6189,6191,Cc1ccc(Cn2nc(C)c3c(N4CCN(C(=O)c5ccco5)CC4)nc(C#CCc4cc(F)cc(F)c4)nc32)cc1
6190,6192,CC(C)(C)c1ccc(n2nnnc2SCC(=O)NCCCc2ccccc2F)cc1
6191,6193,O=C(C=Cc1ccc(Cl)cc1Cl)NC(=S)Nc1cccc([N+](=O)[O-])c1
6192,6194,CC(C)NC(=O)c1cc(NC(=O)C[NH+]2CCC(C(=O)Nc3ccc(F)c(F)c3F)CC2)ccc1Cl
6193,6195,COCCN(C)C(=O)CC1CS(=O)(=O)CCN1
6194,6196,O=C(OCc1ccc(c2ccc(C(=O)[O-])cc2)cc1)N1CCOCC1
6195,6197,CC1OCCC1N(C)C(=O)NC1CCCCC1O
6196,6198,CCc1cc(C(=O)CSc2ncco2)n(C)n1
6197,6199,CSC(C)CCNc1nc(C)cnc1C
6198,6200,N#Cc1cc(C(=O)[O-])c(C(=O)[O-])cc1C(F)F
6199,6201,Cc1nc(COc2cccc(C3(C)NC(=O)N(Cc4ccccc4)C3=O)c2)cs1
6200,6202,CC[NH2+]C(c1ccc(Br)cc1)C1(N(C)C)CCCCCC1
6201,6203,CCc1cc(OCc2c(C)cccc2N)cc(F)c1n1c(=O)ccc2ccc(S(=O)(=O)NC(CO)CC(C)C)cc21
6202,6204,O=C([O-])c1ccc(CSc2ccc(F)cc2F)o1
6203,6205,COCCOc1ccn2c(C(=O)Nc3ccc(Cl)cn3)c(C)nc2c1
6204,6206,COc1ccc(c2nnc(SC(C)C(=O)N(C)C)n2N)cc1OC
6205,6207,CC[NH2+]Cc1ccc(N2CCOC(C#N)C2)cc1F
6206,6208,Cc1ccc(c2nn3c(CNC(=O)C45CC6CC(CC(C6)C4)C5)nnc3s2)c(C)c1
6207,6209,CCCCCOc1ccc(c2ccc(c3ncc(CCCC)cn3)cc2)cc1
6208,6210,CCn1nc(C)c([N+](=O)[O-])c1NC(C)c1ccncc1
6209,6211,CC(C)C(NC(=O)c1cccs1)C(=O)N1CCC(N2CCCS2(=O)=O)CC1
6210,6212,Cc1cc(N2CCN(C(=O)c3sc(c4ccccc4)nc3C)CC2)nc(C)n1
6211,6213,Fc1cccc(c2noc(C3C[NH+](Cc4ccccc4)CC3COc3ccccc3)n2)c1F
6212,6214,O=C(c1cc(c2ccc(F)cc2)nc2ccccc12)N1CCCCCC1
6213,6215,COc1c(N2CC[NH+](Cc3ccnc(C4(c5ccc([N+](=O)[O-])cc5)COC4)c3)CC2)cc(C)c(OCCO)c1S(C)(=O)=O
6214,6216,CCC1CCCCN1C(=O)Cn1c(C)nc2ccccc2c1=O
6215,6217,[NH3+]CC1CC(=O)N(C2CC2)C1c1ccc(Cl)c(F)c1
6216,6218,Cc1n[nH]c(C)c1S(=O)(=O)NC1CCN(S(C)(=O)=O)CC1
6217,6219,CCCc1cnc(N2CCC(N3CCNC3=O)CC2)nc1
6218,6220,CCCCc1c(C2CC2)nn(C)c1N
6219,6221,O=C(c1ccc(COc2ccc(F)cc2)cc1)N1CCCN(c2cccc(n3ccnc3)c2)CC1
6220,6222,O=C([O-])c1cncc(NS(=O)(=O)CC2CCS(=O)(=O)C2)c1
6221,6223,COC(=O)c1cccc(Oc2cc(Nc3ccc(NC(=O)Cc4ccccc4)cc3)ccn2)c1
6222,6224,COc1cc(c2nnc(SCc3cn4cc(Cl)ccc4[nH+]3)n2C)cc(OC)c1OC
6223,6225,CSc1ccc(NC(=O)CN2C(=O)C(C)Oc3ccc(c4csc(c5ccccc5)n4)cc32)cc1
6224,6226,CC(C)(C)c1ccc(S(=O)(=O)n2nc(c3cc(F)ccc3F)cc2N=O)cc1
6225,6227,COc1ccc(C[NH+]=C(N)NC2CCCCC2)cc1Br
6226,6228,O=C(NN=Cc1ccc(OCc2ccccc2Cl)c(Br)c1)c1cccc([N+](=O)[O-])c1
6227,6229,COc1ccc(NC(=O)CN(CC(=O)NCc2ccccc2)S(C)(=O)=O)cc1
6228,6230,C=CCNC(=O)C[NH+]1CCN(c2ccc(C#N)cn2)CC1
6229,6231,C=CCOc1c(I)cc(I)cc1C=NNC(=O)C(=O)Nc1cc(C)cc(C)c1
6230,6232,Cc1cc(C(=O)N2CCCC(C)C2)ccc1NC(=O)C[NH+]1CCC(C(=O)NCC(=O)Nc2ccc(NC(=O)c3ccccc3)c(C)c2)CC1
6231,6233,O=Cc1cn(c2ccc(Cl)cc2Cl)nc1c1cccnc1
6232,6234,CS(=O)Cc1cccc(C(=O)N2CCCN(C(=O)C(C)(C)C)CC2)c1
6233,6235,C=CC=CC(=C)C(=O)C(=C)CCC(=O)N1C=CS1
6234,6236,O=C(NCC(O)c1ccccc1F)c1ccc2c(c1)CCCS2
6235,6237,Cc1ccc(c2nc(C(=O)N3CCC4(COC4)C3)c(C)o2)cc1
6236,6238,COc1ccc(c2cc(C(F)(F)F)c3c(=O)[nH]sc3n2)cc1F
6237,6239,Cc1c(Cl)cccc1NCCC(=O)Nc1ccc(N2CCCCC2)cc1
6238,6240,C[NH2+]Cc1ccc(N2CC(O)CC2(C)C)c(Br)c1
6239,6241,CCCC(CC[NH3+])CCC(=O)Nc1ccccc1
6240,6242,Cn1c(CNC(=O)c2ccc3c(c2)OCCCO3)nnc1C1CC[NH2+]CC1
6241,6243,COc1ccc(CN2CCN(C(=O)Cn3cnc4sc5c(c4c3=O)CCCC5)CC2)cn1
6242,6244,Cc1nc2ccccc2c(C)c1CC(=O)N1CC(C)CC(C)C1
6243,6245,COc1ccc(Cl)cc1NC(=O)c1cc(NC(=O)c2ccc(OC(C)C)c(OC)c2)ccc1N1CCC(C(N)=O)CC1
6244,6246,CC1=NN(c2ccccc2)C(=O)C1=Cc1cc([N+](=O)[O-])cc([N+](=O)[O-])c1[O-]
6245,6247,Cc1ccc(Br)cc1NC(=O)c1nn(C)cc1N
6246,6248,O=C1C[NH2+]C(C(=O)NC2CCC(C(=O)[O-])C2)CN1
6247,6249,COC(=O)N1CCC([NH2+]CCc2ccc(OC)c(OC)c2)CC1
6248,6250,O=C(NCc1cccc(F)c1)C1=NN(C2CCS(=O)(=O)C2)C(=O)CC1
6249,6251,CC1Oc2cc(NC(=O)c3cccnc3NC(=O)C3CC3)ccc2NC1=O
6250,6252,CCC1(C)CC2(CC)OC(=N)C1(C)CC(C(C)=O)(C(=O)OCC)O2
6251,6253,CCC1(C(=O)[O-])CCN(C(=O)Nc2nc(C3CC3)cs2)C1
6252,6254,CCOCCCNC(=O)c1cc(NCc2ccco2)ncn1
6253,6255,CCOc1ccc(C2=C(O)C(=O)N(c3ccccc3C)C2c2ccc([N+](=O)[O-])s2)cc1OC
6254,6256,COc1ccc(OC)c(CN(C(=O)COc2ccccc2OC)C2CC2)c1
6255,6257,N#Cc1c(C2CC[NH2+]CC2)ccc(Cl)c1F
6256,6258,C[NH2+]C(Cc1cccs1)c1cc(C)c(Br)c(C)c1
6257,6259,COC(=O)NC(C(=O)NC1C(=O)N2C(C(=O)OC(c3ccccc3)c3ccccc3)=C(COc3nc4ccccc4s3)CSC12)C(C)C
6258,6260,CSC1(Cn2c(CCCl)nc3ccccc32)CCCC1
6259,6261,C=C(C)CN(CC)C(=O)COC(=O)CNC(=O)c1ccc(Cl)c(Cl)c1
6260,6262,CC(C)(C(=O)N1CCCC(Oc2ncc(Br)cn2)C1)c1ccccc1
6261,6263,COc1ccc(OC)c(C(=O)NCc2ccc(O)cc2)c1
6262,6264,Cc1nccc(CNC(=O)N2CCN(c3ccc(N4CCOCC4)nn3)CC2)n1
6263,6265,Cc1c(C)[nH]n2c(=O)cc(CSc3ncnc4sc(c5ccccc5)cc34)nc12
6264,6266,Cc1nc2c(C(=O)[O-])cc(c3ccc(Oc4ccccc4)cc3)cc2n1C
6265,6267,COC(=O)C1=CN(Cc2cccc(C(=O)N3CC[NH+](C)CC3)c2)C=C(C(=O)OC)C1c1ccc(C)cc1
6266,6268,O=C(Cc1csc(c2ccccn2)n1)C1CC1
6267,6269,COc1ccc(S(=O)(=O)N2CCOCC2)cc1NC(=O)C=Cc1ccc(Cl)cc1Cl
6268,6270,N#CC1(C(=O)OCCc2ccc(O)c(O)c2)CCC1
6269,6271,CNc1cc(F)cc2cc(c3ccncc3)oc12
6270,6272,CC[NH2+]CCCS(=O)(=O)NC1COCC1C(=O)[O-]
6271,6273,CC[NH2+]C(C)C1CCCC(n2cnc(C)c2C)C1
6272,6274,CCOCCn1c(=NC(=O)c2c(C)nn3c(C)cc(C)nc23)sc2cccc(OCC)c21
6273,6275,O=Cc1cccc(N(c2ccccc2c2ccccc2)c2cccc(c3cc(c4ccccc4)nc(c4ccccc4)n3)c2)c1
6274,6276,CCc1[nH]c(SCC(=O)NC2CC23CCCC3)nc(=O)c1C
6275,6277,O=C(Nc1nc2n(n1)CCCC2)N1CCC(Oc2ncccc2C(F)(F)F)CC1
6276,6278,COc1ccc(C[NH+]2CCC(C(O)c3ccccc3)CC2)c(O)c1
6277,6279,COc1ccc(Nc2ncc(S(=O)(=O)N3CCCCC3)cn2)cc1OC
6278,6280,O=C([O-])c1ccnc(C(=O)NC2COc3ccccc3O2)c1
6279,6281,Fc1ccccc1C[NH2+]CC1CCC1
6280,6282,Cc1c(C(=O)N(C)C2CCCCC2C[NH3+])nnn1CC1CCCCC1
6281,6283,CC1C[NH2+]CCN1C(=O)C1CCCCO1
6282,6284,O=C(C[NH+]1CCCCC1)Nc1cccc2sccc12
6283,6285,CC(C)(C)C(=O)N1CC(O)C([NH+]2CC3COCC(C2)O3)C1
6284,6286,CCOC(C[NH2+]Cc1ccc(N2CCOCC2)cc1)OCC
6285,6287,CCn1ccnc1C=CC(=O)Nc1ccc(N2CCC(OC)CC2)cc1
6286,6288,C=CCn1c(SCc2cc(=O)n3c(C)cccc3n2)nnc1c1ccccc1F
6287,6289,Cc1c(Cl)cccc1S(=O)(=O)N1CCN(c2ccc(S(=O)(=O)N3CCCC3)cn2)CC1
6288,6290,CC(C)(C)NC(=O)COC(=O)c1ccc(NC(=O)Cc2ccc(Cl)cc2)cc1
6289,6291,C[NH2+]Cc1c(F)cccc1Oc1cccc(Cl)c1F
6290,6292,CC(C)(C)C(c1ccc(Cl)cc1)[NH+]1CCN(C(=O)c2ccc(C(=O)c3ccccc3)s2)CC1
6291,6293,NC(=[NH2+])c1ccc(CCCCc2cccc(OCc3ccccc3)c2)cc1
6292,6294,Cc1cc(C(=O)N2CCC(C)CC2)ccc1NC(=O)C(C)[NH+]1CCC(C(=O)N2CCCC2C(=O)Nc2ccccc2C(=O)N2CCCC2)CC1
6293,6295,O=C(NCCC1=CCCCC1)c1cccc2nccnc12
6294,6296,NC(=S)c1cccc(N2CCc3ccccc3C2)n1
6295,6297,CC(C)NC(=O)Cn1cccc1C[NH2+]C(C)(C)C
6296,6298,Cc1ccc2c(c1)C1(CC[NH+](C)CC1)C(=O)N2Cc1nc2ccccc2s1
6297,6299,C[NH2+]C(Cc1ccc(F)c(Cl)c1)c1occc1Br
6298,6300,CC(C)CC1C[NH2+]CC(=O)N1CCc1[nH]cc[nH+]1
6299,6301,CC1CCn2c(c(C[NH3+])nc2c2ccccc2)C1
6300,6302,O=C(NC1CCOC2(CCSC2)C1)c1nn(c2ccc(F)cc2)c2c1CCCC2
6301,6303,Cc1ccc(S(=O)(=O)N2CCC(C(=O)NC(C)CSc3ccccc3)CC2)c(C)c1
6302,6304,COc1c(S(=O)(=O)Cc2ncc(F)cn2)ccc2cnn(c3ccccc3)c(=O)c12
6303,6305,COc1cc2ncc(NC(=O)c3cc4ccccc4s3)nc2cc1OC
6304,6306,CCn1nc(C(=O)N2CCC3(CC2)OC(=O)C(C)O3)cc1C
6305,6307,CCC1(CN2C(=O)CC(C)(C(C)C)C2=O)CC1
6306,6308,CCOc1ccc(NC(=S)NCCc2ccc(O)cc2)cc1
6307,6309,CC(=O)NC1C(O)CC(OCCCCCCOC2CCCCO2)C1OC(C)=O
6308,6310,CC(C)(CO)NC(=O)Cc1ccc(NC(=O)NC2CCCCC2)cc1
6309,6311,C=CC(=C(C)C=CC)C(=O)C(=CCC)OC(=O)Nc1ccc(NC(=O)C(N=Nc2ccc(c3nnc4n3CCCCC4)cc2)C(C)C)cc1
6310,6312,Nc1ccccc1Oc1ccccc1N1CCOCC1
6311,6313,O=C(CNC(=O)c1ccc(Cl)cc1Cl)Nc1nncs1
6312,6314,CC(C)(C)c1ccc(C(=O)NC2CCN(C(=O)c3cccs3)CC2)cc1
6313,6315,CCOC(=O)c1ccc(NC(=O)CSc2nnc(NC(=O)c3sc4ccccc4c3Cl)s2)cc1
6314,6316,CC1CCCC(Nc2cc(C(F)(F)F)ccc2Cl)CC1
6315,6317,O=C(NCC1CCCCC1F)c1ccnc(Nc2cccc(C(F)(F)F)c2)c1
6316,6318,COC(C)(C)CCOc1nsnc1Cl
6317,6319,C=CCOC12Oc3ccc(OC(=O)Nc4ccccc4CC)cc3C3C(CCCCO)C(CCCCO)C=C(C(=NOC)CC1N(CCOCCO)C(=O)Oc1ccc([N+](=O)[O-])cc1)C32
6318,6320,CC1CCCCC1CNC(=O)NC1CC2CCC1O2
6319,6321,CC(C)(C)[Si](C)(C)OC1C(O)C(CO)OC1n1ccc2ccccc21
6320,6322,CC(C)CNc1ncc(I)cn1
6321,6323,CC[NH2+]Cc1nc(C)ccc1Oc1cccc(F)c1
6322,6324,CN(CCC[NH+](C)C)S(=O)(=O)c1cc(F)cc(CO)c1
6323,6325,CC(C)([NH3+])C(=O)NC(Cc1ccc(OC(=O)C([NH3+])Cc2ccc(O)cc2)cc1)C(=O)[O-]
6324,6326,O=C([O-])c1cc(S(=O)(=O)[O-])c2cc(S(=O)(=O)[O-])ccc2c1[O-]
6325,6327,CC(C)CC([NH3+])C(=O)N(C)CC1CCOCC1
6326,6328,COC(C)(C)CCOc1ncc(C[NH2+]C(C)(C)C)cc1C
6327,6329,CC(C)N(CCO)c1ccccc1C=CC(=O)[O-]
6328,6330,CC(C)[NH+]1CCC(CNC(=O)NC2CCCOc3ccccc32)CC1
6329,6331,CC(C)CC(C)(C[NH3+])N(C)Cc1ccc(Cl)s1
6330,6332,COc1cc(N)ccc1NC(=O)c1cc(Br)cn1C
6331,6333,CCOC(=O)N1CCN(C(=O)CSc2nc3ccccc3c(=O)n2c2ccc(C)c(C)c2)CC1
6332,6334,Cc1c(C#N)c(NC(=O)CSc2nnc(SCc3ccc(Cl)cc3)s2)n(C2CCCCC2)c1C
6333,6335,CC(C)Sc1ccccc1C(=O)NCC(O)Cc1ccccc1
6334,6336,CC(C)c1ccc(CC(=O)NCCOc2ccc(Br)cc2)cc1
6335,6337,COC(=O)Nc1ccc(S(=O)(=O)Nc2cnc(C)cn2)cc1
6336,6338,COc1ccc(Cl)cc1C(O)C1(N(C)C)CCC(C)CC1
6337,6339,CCc1ccc(C(C)(O)Cc2c(C)nn(C)c2Cl)cc1
6338,6340,O=C(c1cn[nH]c1c1cccc([N+](=O)[O-])c1)N1CC(O)C1
6339,6341,CCOC(=O)c1cc(CSc2ccccc2N)oc1C
6340,6342,O=C(CCCCl)Nc1cnc(Cl)nc1
6341,6343,[NH3+]Cc1cc(F)ccc1Sc1nncs1
6342,6344,NC(=S)c1ccc(C(=O)NCC(F)(F)F)cc1
6343,6345,COC(=O)c1ccc(Cl)c(NC(=O)c2ccccc2C(=O)NCCC[NH+]2CCOCC2)c1
6344,6346,COc1ccc(C[NH2+]C(C)CC2CC2)cn1
6345,6347,CCOc1ncccc1C(=O)N(C)CCC(=O)[O-]
6346,6348,COc1ccc(c2coc(n3cc(C(=O)Nc4ccccc4C)c4cc(C(F)(F)F)ccc43)n2)cc1
6347,6349,CC(C)(C)[NH2+]Cc1ccncc1OCC1CCCC1
6348,6350,CC(C)N(CC1CC2CCC1C2)C1(C[NH3+])CCCCC1
6349,6351,Cc1ccc(C=CC(=O)NNC(=O)COc2ccccc2C)cc1
6350,6352,O=C(Nc1ccc(CC(=O)N2CCc3ccccc3C2)cc1)c1cc(c2ccco2)on1
6351,6353,CCOC(=O)C(C(=O)OCC)c1nc(CC[NH3+])no1
6352,6354,Cc1cc(S(=O)(=O)C(C)C)cc2scc(C(F)F)c12
6353,6355,C[NH2+]Cc1sccc1S(=O)(=O)NCC1(SC)CCC1
6354,6356,COc1ccc2c(c1)CCN(S(=O)(=O)Nc1ccc(C(F)(F)F)nc1)CC2
6355,6357,COc1cc(OC)cc(C(=O)NNC(=O)c2ccc(CN(c3cccc(Cl)c3)S(C)(=O)=O)cc2)c1
6356,6358,CC(=NNC(=O)c1ccco1)c1ccc(O)c(O)c1
6357,6359,O=C(CC[NH+]1CCN(S(=O)(=O)c2cccc(F)c2)CC1)NCc1ccco1
6358,6360,Cc1c(NCC(=O)Nc2cccc(C(=O)N(C)C)c2)cccc1[N+](=O)[O-]
6359,6361,CC1C[NH+](CCCNC(=O)c2cccc(S(=O)(=O)N3CCCCC3)c2)CC(C)O1
6360,6362,Cc1ccc(CNc2ccc3c(c2)CCN3S(C)(=O)=O)cn1
6361,6363,COc1ccc2c(c1)N(C(=O)NCC1CCSC1)CCC2
6362,6364,[NH3+]C(CCO)C(=O)NCC1(CO)CC1
6363,6365,CCCCC(NC(=O)C(CO)NC(=O)CNC(=O)OCc1ccccc1)C(=O)NC(Cc1ccccc1)C(=O)NC(CC(C)C)C(=O)NC(C=O)Cc1ccccc1
6364,6366,CCC(C)C(O)CNC(=O)C1(C)CC[NH2+]CC1
6365,6367,COCC1C[NH+](CC(=O)NCc2ccc(F)cc2)CCO1
6366,6368,C=C(C)COCCNC(=O)N1CCC(c2ncn[nH]2)CC1
6367,6369,CC(=O)Nc1cccc(C(=O)OCC(=O)NC2CCCCC2)c1
6368,6370,C[NH2+]CC(C)C(=O)CC1CC2CCC1C2
6369,6371,CC(C)(C)C(=O)Nc1cccc(C(=O)NCCCc2cccs2)c1
6370,6372,N#CC(CC1CCCO1)C1CCCS1
6371,6373,CC(C)S(=O)(=O)CCNc1c(Cl)cc(Cl)cc1Cl
6372,6374,O=Cc1cc(F)nc(Br)c1I
6373,6375,CC(C)(C)C1CCC(=NNC(=O)c2ccc(C#N)cc2)CC1
6374,6376,CN(CC(=O)NC(C)(C)C)C(=O)COC(=O)CNC(=O)c1cccs1
6375,6377,O=S1(=O)CCC([NH2+]CC2CCC(C(=O)[O-])O2)C1
6376,6378,CCC(C)C(C)Nc1cc(C#N)ccc1C
6377,6379,O=C(Cc1ocnc1c1ccc(F)cc1)NCc1cccc(F)c1
6378,6380,CCOC(=O)Oc1cc(C(=O)OCC)c(N=Nc2c(N)[nH]c(=O)[nH]c2=O)cc1Cl
6379,6381,Cc1ccc(NS(=O)(=O)CCC(=O)[O-])cc1
6380,6382,CCCCCOc1ccc(C2C(c3cccs3)=C(O)C(=O)N2c2cccc(F)c2)cc1OC
6381,6383,O=C(Nc1cc(c2cccs2)nn1c1nc(=O)cn[nH]1)C1(c2ccc(F)cc2F)CCCC1
6382,6384,COc1ccc(OC)c(C[NH2+]CC(O)C[NH+]2CCOCC2)c1
6383,6385,N#Cc1ccc(N2c3ccccc3-c3[nH]c4ccccc4c3-c3c(c4nc(C#N)nc(c5ccccc5)n4)ccc[n+]32)cc1
6384,6386,Cc1cc(C)cc(C(Cc2cc(C)ccc2C)NN)c1
6385,6387,CCOc1ncc(Br)cc1NC(=O)c1ccc(C#N)cn1
6386,6388,Cc1cc(N2CCC(CO)C2)ccc1C#N
6387,6389,N#Cc1ccccc1Cn1c(CCNC(=O)COc2ccc(Cl)cc2)nc2ccccc21
6388,6390,CCC(C)CCCCCCCCCCCCCCCCCCCCC(=O)OCC(COP(=O)([O-])OCC(O)COP(=O)([O-])OCC(COC(=O)CCCCCCCCCCC(C)C)OC(=O)CCCCCCCCCCCCCCCCCCCCC(C)C)OC(=O)CCCCCCCCCCCCCCCCCC(C)C
6389,6391,O=c1[nH]c2cc(Cl)c(c3ccc(F)c(C(F)(F)F)c3)cc2s1
6390,6392,COc1ccc(n2c(=O)[nH]c3c(C(=O)OC)cc(N4CCOCC4)nc32)cc1
6391,6393,N#CC(C#N)=NNc1ccccc1
6392,6394,Cc1cc(O)ccc1C1CC(=O)NC(=O)C1O
6393,6395,CC1CC1CN(C)C(=O)c1ccccc1Br
6394,6396,O=C(NC(C[NH+]1CCCC1)C(O)c1ccccc1)c1cnc(c2cccnc2)s1
6395,6397,CC(=O)NC(Cc1ccc(O)cc1)C(=O)NC(Cc1ccc(O)cc1)C(=O)NC(CCC[NH+]=C(N)N)C(=O)NC(C)C(=O)NC(CC(=O)[O-])C(=O)[O-]
6396,6398,COc1ccc(C(=O)NCc2nc3ccccc3n2CCCCOc2ccccc2C)cc1OC
6397,6399,FC(F)=C(F)C(F)(F)C(F)(F)C(F)(F)CCCCCl
6398,6400,COc1ccc(N2CCN(C(=O)COC(=O)c3cc(S(=O)(=O)N4CCOCC4)ccc3Cl)CC2)cc1
6399,6401,N#Cc1ccc(NCC2CCOC3(CCCCC3)C2)cc1
6400,6402,O=C(c1ccccc1)N1CC(CNc2ncc(Br)cc2C(F)(F)F)C1
6401,6403,CC(C)CC(C[NH3+])C(=O)NCC(C)[NH+](C)Cc1ccccc1
6402,6404,C[NH2+]C(c1ncccn1)c1cnn(C)c1
6403,6405,COc1nc(Cl)nc(NC2C3C4CCC(C4)C23)n1
6404,6406,O=C(C[NH+]1CCN(C(=O)NC2CCOC(C3CC3)C2)CC1)Nc1ccccc1
6405,6407,Cc1ccc(S(=O)(=O)N2CCC(Cn3ccnn3)CC2)cc1Cl
6406,6408,NC(N)=[NH+]N=C(c1ccccc1)c1ccc(SS)cc1
6407,6409,COCCCN=C(N[NH3+])Nc1cccc(C(F)(F)F)c1
6408,6410,COc1cc2ncnc(Sc3ccccc3)c2cc1OC
6409,6411,O=C1NC(CO)C(=O)N2CCN(C(=O)c3ccccc3)CC12
6410,6412,CC(=O)c1ccc(C(=O)NCC2CCC[NH+](C)C2)cc1
6411,6413,O=C([O-])C1C[NH+](Cc2ccccc2OCc2ccc(Cl)cc2Cl)CCO1
6412,6414,[NH3+]CC(O)c1cc2ccncc2o1
6413,6415,CCC(C)C(NC(=O)N(C)Cc1cc(C)no1)C(=O)[O-]
6414,6416,COC(=O)c1ccc2nc(NC(=O)c3cc(c4cccs4)on3)sc2c1
6415,6417,O=C(COc1ccccc1C1c2sc(=O)[nH]c2SC2C(=O)N(c3ccc(Br)cc3)C(=O)C21)Nc1ccc(Cl)cc1
6416,6418,CC1CCC(c2ccc(C3CCC(C(=O)CBr)O3)cc2)CC1
6417,6419,O=c1c2ccccc2n(c2ccncc2)c2c1ncn2Cc1ccccc1
6418,6420,CCOc1ccc(NS(=O)(=O)c2c(C)c(C)c(C)c(C)c2C)cc1F
6419,6421,CSc1c(CCl)cc2ccsc2c1CO
6420,6422,CCCCCCc1cc(O)c(C(=O)[O-])c(O)c1CCCCCC
6421,6423,Cc1c(Br)cccc1NCC1CCCCC1C(=O)[O-]
6422,6424,COc1cccc(C(=O)Nc2ccc(Br)c(OC)c2)c1
6423,6425,Cc1cc(c2noc(c3ccc(C)c(S(=O)(=O)N4CCCCC4)c3)n2)ccn1
6424,6426,CCOC(OCC)C(NN)c1c(F)cccc1F
6425,6427,CCn1nnc2cc(c3noc(c4c[nH]c5ccc(F)cc45)n3)ccc21
6426,6428,COc1cc2c(cc1OCc1ccccc1)CCC1C2C(C(=O)NNC(=O)c2ccccc2)CC2(C)CC(=O)C=C12
6427,6429,CCOC(=O)c1ccc(NC(C)C)cc1OCCCC#N
6428,6430,Cc1nc2sc(C(C)(C)C)nn2c1C[NH2+]C1CCCCC1C
6429,6431,Nc1ccccc1NC(=O)c1cnn(c2ccccc2)c1C1CC1
6430,6432,CCOC(=O)ON1CCCC1C1N=C(c2ccc3ncc(C(N)=O)cc3c2)c2ccccc2NC1=O
6431,6433,Cc1cc(C23CC4CC(CC(C4)C2)C3)ccc1O
6432,6434,Nc1ccccc1c1nc(N2CC[NH+](CCO)CC2)n[nH]1
6433,6435,CC(C)(C)CC(=O)Nc1cccc(OCC(=O)Nc2cc(C(F)(F)F)ccc2Cl)c1
6434,6436,O=P([O-])([O-])OCCCOc1cccc2ccccc12
6435,6437,CCOC(=O)c1ccc(CNC(=O)C[NH+]2CCN(C(=O)C3CC3)CC2)cc1
6436,6438,COc1ccc(NC(=S)N(CCC[NH+]2CCOCC2)CC(=O)N(Cc2ccccc2)Cc2ccc(OC)cc2)cc1
6437,6439,CC(=NOCc1cc2ccccc2[nH]c1=O)c1ccccc1O
6438,6440,C[NH2+]CCc1nc2cccnc2n1C1CCCCCC1
6439,6441,COCCN(CC[NH3+])c1nccc2cc(C)cnc12
6440,6442,O=C1CC(C(=O)N2CC[NH+](C(c3ccccc3)c3ccccc3)CC2)CN1C1CCCCC1
6441,6443,CC[NH2+]Cc1cccc(Cl)c1Sc1ccncc1
6442,6444,CC(C)CC(NC(=O)C([NH3+])CO)C(=O)NC(CS)C(=O)NC(C)C(=O)NC(C(=O)[O-])C(C)C
6443,6445,O=C(c1cn[nH]c1)N1CCC(Oc2ccc(Cl)cn2)CC1
6444,6446,O=C(CC1CCCCC1)NCCn1ncc2c(NCc3ccncc3)ncnc21
6445,6447,COc1ccc(C(=O)NC(=S)Nc2cccc(Cl)c2Cl)cc1
6446,6448,C=C(NNC(=O)CCC(=O)Nc1ccccc1OCC)c1ccc(C)c(C)c1
6447,6449,COc1ccc(C(=O)NNc2ncnc(Nc3ccc(C)cc3)c2N)cc1
6448,6450,Cc1cc(S(=O)(=O)Cn2nnc3ccccc32)ccc1C(N)=O
6449,6451,COC(=O)c1nsc(NCC2CCC2)n1
6450,6452,CC(C)N(CCCC(=O)[O-])c1ccc(C#N)cc1F
6451,6453,Nc1ccc(NC(=O)C2C3CCCCC32)nc1
6452,6454,Cc1n[nH]c(C)c1S(=O)(=O)Nc1ccccc1C(=O)NCc1ccco1
6453,6455,O=C(Nc1cc(F)cc(F)c1)N1CC[NH+](CC2CCOCC2)CC1
6454,6456,Cc1ccc(Oc2ccc3c(C)cc(=O)oc3c2)cc1
6455,6457,COC(=O)C=C(Nc1ccc(Cl)cc1)C1=COCCC1
6456,6458,COCC1CN(c2ccc(N)c(C)n2)CC1C
6457,6459,Cc1cc(=O)n(CC(=O)N2CCCC2)c(c2ccc(F)cc2)n1
6458,6460,O=C(OCc1ccccc1[N+](=O)[O-])C1CCS(=O)(=O)C1
6459,6461,COc1ccc(NC(C)=O)cc1NC(=O)CNC(=O)Cc1ccccc1
6460,6462,COc1cc(NC(=O)C(NC(=O)C2CC[NH+](CC(=O)Nc3ccc(Cl)c(C(=O)NC(C)C)c3)CC2)C(C)C)ccc1NC(=O)c1ccc(F)cc1
6461,6463,Cc1ccc(CSCC(=O)NCC(=O)Nc2cc(Cl)ccc2Cl)cc1
6462,6464,CC(C)N(CC(=O)[O-])C(=O)N1CCOC(C)C1
6463,6465,CC(C)n1ncc2c1CC(C1Cc3ccccc3CN1C(=O)CO)C2
6464,6466,Cc1cc(C(C)N2CCC(F)(F)C2)oc1C[NH2+]C1CCN(C(=O)[O-])C1
6465,6467,N#CC(=Cc1cc(Cl)cc(Cl)c1O)C(=O)Nc1ccc(I)cc1
6466,6468,C[NH2+]C(CC1CCOc2ccccc21)C1CSCCS1
6467,6469,O=Cc1ccc(OCCCC(F)(F)F)c([N+](=O)[O-])c1
6468,6470,CCC(C)C(=O)OC(C)C1CC2(CCC2=O)C1
6469,6471,N#Cc1cc(c2cnc(N3CC(n4cc(c5ccccc5)cn4)C3)nc2)cc(OC2CCC2)c1
6470,6472,COc1ccccc1CCC(=O)Nc1ccn(C)n1
6471,6473,Cc1ccc(S(=O)(=O)N(CCCc2ccccc2)C(CC(=O)N(C(C)C)C(C)C)C(=O)N2CCC(c3ccccc3)CC2)cc1
6472,6474,CC(C)C(NC(=O)CSCc1ccccc1)C(=O)N1CCN(c2ccccc2)CC1
6473,6475,C[NH2+]CC1CCCN1C(=O)c1cc(C)cc(C)c1
6474,6476,C[NH2+]CCc1ccc(NC(=O)CCc2nc(C(C)C)no2)cc1
6475,6477,O=C([O-])c1cc(I)ccc1Oc1cc(Cl)c(Br)cc1Cl
6476,6478,Cc1cccc2c1C(=O)N(c1cccc(c3c(C)nc(Nc4ccc(Cl)cn4)nc3NCC3CC3)n1)C2
6477,6479,O=C([O-])C1CCC(CO)([NH2+]CC2CCCO2)CC1
6478,6480,O=C1Nc2ccccc2C1[NH+]1CCN(c2nc(c3ccccc3)cs2)CC1
6479,6481,Cc1ccnc(NCC(C)[NH+](C)C)c1[N+](=O)[O-]
6480,6482,CC(CC(=O)[O-])SCc1cc(Cl)c2c(c1)OCCO2
6481,6483,CC1CC(C([NH3+])c2ccc(F)c(F)c2F)CS1
6482,6484,COc1ccc(n2c(CNc3ccccc3C(=O)NCC3CCCO3)nc3ccccc3c2=O)c(OC)c1
6483,6485,N#CC1CCN(C(=O)C2CCCN2c2ncccn2)CC1
6484,6486,COC(=O)CCCCCCC1(OC(C)=O)C(=O)OC(=O)C1C
6485,6487,O=C(NCC1CCOC2(CCOCC2)C1)c1ccc(=O)[nH]n1
6486,6488,[NH3+]C1C=C(CNC(=O)c2ccccc2OC(F)F)CC1
6487,6489,O=Cc1ccccc1OCc1cccc(O)c1O
6488,6490,Cn1c(CSc2nnc(c3ccccc3)n2C)nc2ccccc2c1=O
6489,6491,COc1cncc(c2cc(NCC(F)(F)F)n3ncc(C4CC4)c3n2)c1
6490,6492,O=C(Nc1ccccc1)N1CC(S(=O)(=O)c2ccc(F)cc2)C1
6491,6493,COC(=O)c1ccc(OCC(=O)NC(C)c2ccccc2)cc1
6492,6494,O=C(Nc1ccc(N2CCCCC2)cc1)c1c[nH]c(=O)n(Cc2ccc(Br)cc2)c1=O
6493,6495,COc1ccc(C=NNC(=O)CCC(=O)Nc2ccccc2)cc1
6494,6496,COC(=O)NC(C(=O)N1CCCC1c1[nH]c(c2ccc(c3ccc(c4c[nH+]c(C5CCCN5C(=O)C(NC(=O)OC)c5ccccc5)[nH]4)c4c3SCCC4)cc2)c[nH+]1)c1ccccc1
6495,6497,COCC[NH2+]Cc1ccn(c2c(C)cc(C)cc2F)n1
6496,6498,N#Cc1ccccc1NC(=O)c1nn(Cc2ccccc2)c(=O)c2ccccc12
6497,6499,COCCN(CC(=O)N1N=C(c2ccc(Cl)cc2)CC1c1cccs1)C(=O)c1ccc(Br)cc1
6498,6500,COCC[NH2+]CCCCc1ccc(OC(C)C)cc1
6499,6501,CC(C)CC(CBr)NC(=O)Nc1cnn(CC(F)F)c1
6500,6502,Cc1ccc(N2CCOC(C[NH+](C)CC3CCC[NH+]3C)C2=O)cc1
6501,6503,Cc1nc(C(=O)Nc2cccc(c3nncn3C)c2)nn1c1ccccc1Cl
6502,6504,CCOC(=O)C(=C(C)N=O)C(C)=NNc1nc(c2ccncc2)cs1
6503,6505,COc1ccccc1C(=O)Nc1ccc(N2C(=O)c3ccc(C(=O)Nc4ccccc4)cc3C2=O)cc1
6504,6506,CCOC(=O)C(C)[NH2+]CC(O)COCc1ccccc1Cl
6505,6507,COc1ccc(C(=O)Nc2c3c(nn2C)CCCC3)cn1
6506,6508,Cn1c(C2CC2)nc(Br)c1C(F)(F)F
6507,6509,C=CCONC(C)C
6508,6510,COc1ccc(OCCS(=O)C(C)C(=O)Nc2ccc(Cl)cc2)cc1
6509,6511,O=C(NCC(O)C(=O)[O-])c1ccc(n2cc(c3nccn3c3ccc(F)cc3)cn2)cc1
6510,6512,CC(=O)NC(c1ccccc1)C(c1ncccn1)[NH+]1CC(O)CC1C(=O)NC(C(C)C)C(=O)NC(Cc1ccccc1)C(=O)NCCCCc1ccccc1
6511,6513,CC(C)[NH+]1CCN(c2ccc(NC(=O)C3CCCCC3)cc2)CC1
6512,6514,CCCCC(CCC1CO1)C(=O)[O-]
6513,6515,COc1ccc(CCNC(=O)CNc2cc(C)cc(C)c2)cc1
6514,6516,O=C([O-])C1(c2cc(N3CCCC3)ncn2)CCCC1
6515,6517,COc1cc(NC(=O)c2ccc(N3CC[NH2+]CC3)c([N+](=O)[O-])c2)cc(Cl)c1OC
6516,6518,NC(CCCCNC(=O)c1ccc(NN)c([N+](=O)[O-])c1)=[NH+]O
6517,6519,Cc1cc(Br)c(NS(=O)(=O)c2ccn[nH]2)cc1N
6518,6520,C=CC(O)C(C)CCCC(C)CCCC
6519,6521,O=C(Nc1ccccc1SC(F)F)c1ccc(=O)[nH]c1
6520,6522,Cc1cc(C(F)(F)F)nn1CC(=O)OCC(=O)Nc1ccc(N2CCCC2)cc1
6521,6523,O=c1ncc2ccc3ccc(CN4CCCC4)cc3c-2[nH]1
6522,6524,Cc1ccc2c(n1)CCC2[NH2+]Cc1cn(c2cccnc2)nn1
6523,6525,COc1ccc(Cl)cc1NC(=O)C(C)n1nc(C)c(S(=O)(=O)N2CCN(c3cccc(Cl)c3)CC2)c1C
6524,6526,COc1ccccc1NC(=O)CSc1nc2ccccc2c(=O)n1c1ccccc1
6525,6527,CCOc1ccc(C(F)(F)F)cc1NC(=O)c1cc(S(=O)(=O)NC(C)C)ccc1C
6526,6528,Cc1nc2n(n1)CC(NC(=O)C[NH+]1CCc3ccccc3C1)CC2
6527,6529,CCOC(=O)Cc1csc(NC(=O)COC(=O)C(C)NS(=O)(=O)c2ccccc2F)n1
6528,6530,CC(C)c1ccc(C(Br)c2cc(Br)cc3c2OCC3)cc1
6529,6531,CCC1CCC(CNC(=O)CC2(C(=O)[O-])CCCCC2)CC1
6530,6532,COCCOCCNC(=O)N1CCNC(=O)C1C1CC1
6531,6533,CCC1CCC(C)[NH+]1Cc1ccc(C[NH2+]CC(C)C)cn1
6532,6534,O=Cc1cnn(c2ccccc2)n1
6533,6535,CCCCC(CC)CC([NH2+]CC)c1ccc(Cl)s1
6534,6536,CC(=O)Nc1ccc(S(=O)(=O)NN=Cc2ccc(OCc3ccccc3)cc2)cc1
6535,6537,Nc1cccc2c1CN(c1cc(F)ccc1F)CC2
6536,6538,CNC1(C#N)CCCC(Sc2nnnn2C)C1
6537,6539,COc1cc2c(cc1c1c(C)noc1C)nc(CCC[NH3+])n2C(C)C
6538,6540,Fc1cc(F)c(C[NH+]2CCCC2)cc1F
6539,6541,O=C([O-])C=CCc1c(Cl)cc(F)cc1Cl
6540,6542,CC(C)(C)C(=O)NCCCC(=O)Nc1ccccc1
6541,6543,NNc1nnc(COC2CCCCC2)s1
6542,6544,COC(=O)c1cc2cc(O)c(Oc3cccc(CC[NH+]4Cc5ccc(F)cc5C4)c3C)cc2o1
6543,6545,CC(=O)NC1CCN(C(=O)C2CCN(C(=O)C3CC3c3ccccc3Cl)CC2)CC1
6544,6546,CC(C)(C)OC(=O)CNC(=O)NC(Cc1cn(C(=O)OC(C)(C)C)c2ccccc12)C(=O)OCCCCN1CCN=C1N
6545,6547,CCc1c(C=O)ccc(C(=O)[O-])c1[N+](=O)[O-]
6546,6548,Cc1nn(c2cncc(OCCO)c2)c(C)c1C
6547,6549,COc1ccc(c2nc(c3ccc(C)c(CO)c3)no2)cc1
6548,6550,Cc1ccc(C2CCCN2C(=O)c2ccc(C(=O)[O-])cc2)cc1
6549,6551,CCCCN(Cc1cccn1C)C(=O)Nc1cccc(C#N)c1
6550,6552,COc1ccc(C(C)=NNc2nc(=O)n(c3cc(C)ccc3C)cc2[N+](=O)[O-])cc1
6551,6553,CCn1nc(C(=O)[O-])cc1c1ccc(c2ccc(c3ccccc3)cc2)cc1
6552,6554,Cc1ccc(CN2C(=O)NC(=O)C2C)cc1N
6553,6555,O=C(Cc1ccc(F)cc1)N1CCC(N2CCNC2=O)CC1
6554,6556,Cc1nccn1CCC(=O)NC(C)C(C)C(=O)[O-]
6555,6557,Cc1ccc(c2nsc(NC(=O)c3cc4c(s3)-c3ccccc3CCC4)n2)cc1
6556,6558,Nc1cc(Cl)c2c(c1)C(=O)c1ccccc1C2=O
6557,6559,N#Cc1ccc(Br)cc1NC1CCCCC1
6558,6560,C=CC=C(C(N)=O)C(=O)C=CC=C(C)F
6559,6561,CC(C)=CC[NH+]1CCC(NC(=O)N2CCC(C)CC2)CC1
6560,6562,C=CCOc1c(C)c(C)c2c(c1C)CCC(C)(CCCC(C)CCCC(C)CCCC(C)C)O2
6561,6563,COC(C)(C)CC[NH2+]CCc1ccncc1
6562,6564,COc1ccc(C(=O)Nc2ccc(NC(=O)C(NC(=O)C3CC[NH+](CC(=O)Nc4cc(C(=O)N5CCC(C)CC5)ccc4C)CC3)C(C)C)cc2C)cc1
6563,6565,CC1CCC(Cc2nc(NN)c3c(C)cccc3n2)O1
6564,6566,COc1ccc(C)cc1S(=O)(=O)N1CCN(C(=O)c2ccoc2C)CC1
6565,6567,CCc1cc(C(N)=O)c(NC(=O)C[NH+]2CCN(C(=O)Cc3cccs3)CC2)s1
6566,6568,CCC(C)(CCl)NC(=O)c1cccc(F)c1F
6567,6569,O=C(C1CCC1)N1CCSC1c1ccccc1Cl
6568,6570,CCOc1cccc(C2=C(O)C(=O)N(c3ccc(C(C)=O)cc3)C2c2ccc(OC)c(O)c2)c1
6569,6571,CC(=O)N(c1nnc(SCC(=O)Nc2cc([N+](=O)[O-])ccc2C)s1)C1CC1
6570,6572,Cn1c(=O)c2c(nc(C3CCCC3)n2Cc2ccc(C(F)(F)F)cc2)n(C)c1=O
6571,6573,C=CCOC(=O)N1CCC(N2CC(=O)N(c3ccc(c4nc5ccc(Cl)cn5c4)cc3)C2=O)CC1
6572,6574,C=CCCOc1cccc(NN)n1
6573,6575,COc1ccc(OC)c(c2cn3c([nH+]2)SCC3CC(=O)Nc2ccc(F)cc2)c1
6574,6576,CC(OC1CCCCCC1)C(=O)NC1CCc2cn[nH]c2C1
6575,6577,CCCCC(=O)N(CCCO)C1CC[NH2+]C1
6576,6578,Cc1nc(C(F)(F)F)cc(c2ccncc2)c1C(N)=O
6577,6579,CS(=O)(=O)N(CCCC(=O)NC1CCCCCC1CO)c1ccc(Br)cc1
6578,6580,CC(C)NC(C)(C#N)COc1ccc2c(c1)CCCC2
6579,6581,CC(C)c1cc(C(=O)N2CCCC(C(C)[NH3+])C2)no1
6580,6582,O=C(NCC1(c2ccccc2)CCCCC1)C1CC(c2ccc3c(c2)OCO3)NN1
6581,6583,Cc1cc(C)c(C(N)C(F)(F)C(F)F)c(C)c1
6582,6584,COCC(C)n1c(C)cc(C(=O)COc2nn(Cc3ccccc3)cc2Cl)c1C
6583,6585,CCCCCC=CCC=CCC=CCC=CCCCCCC(=O)OCC(COC(=O)CCCCCCCCCCCCCCC)OC(=O)CCCCCCCC=CCCCCCCCCCC
6584,6586,CCc1cc(OC2CC[NH2+]CC2)nc(C)n1
6585,6587,CCC(F)c1ccc(c2ccc(C3CCC(c4ccc(F)c(F)c4)CC3)c(F)c2F)c(F)c1
6586,6588,O=C(NN=Cc1ccco1)c1ccc(CSc2nncn2c2ccccc2)cc1
6587,6589,C=CC[Si]1(C)O[Si](C)(CCC=C)O[Si](C)(CCCc2ccccc2)O[Si](C)(CCCc2ccccc2)O[Si](C)(CCCc2ccccc2)O[Si](C)(CCCc2ccccc2)O[Si](C)(CCCc2ccccc2)O1
6588,6590,N#Cc1ccc(Cl)cc1NCc1cc(Br)ccc1F
6589,6591,CC(C)C[NH2+]Cc1scc(Cl)c1Cl
6590,6592,Fc1ccc(CNc2nccs2)c(F)c1
6591,6593,Cn1ncc(C(O)C[NH+]2CCN(C(=O)Nc3ccco3)CC2)c1C(F)(F)F
6592,6594,O=C(NCc1ccccc1)C1=NN(C(=O)Nc2cccc3ccccc23)CC1
6593,6595,CC1CC(C)CN(S(=O)(=O)c2ccc(CC[NH3+])cc2)C1
6594,6596,COc1ccc(NC(=O)Nc2nc3ccc(C(=O)[O-])cc3n2C)cc1OCC(O)C[NH+]1CCC(O)C1
6595,6597,CCC1CC1Nc1nc(C(N)=O)cs1
6596,6598,O=C1CCCN1c1cc(N2CCN(c3cccc(Cl)c3Cl)CC2)ncn1
6597,6599,Cc1ccc2c(c1)N(C(=O)c1ncccn1)CCC2
6598,6600,Cc1[nH]n(c2ccccc2Cl)c(=O)c1C=Nc1ccc(NC(=O)c2cc(Cl)cc(Cl)c2)cc1
6599,6601,COc1c(C=Nn2c(Cc3ccccc3)nnc2SCc2ccccn2)cccc1[N+](=O)[O-]
6600,6602,Cc1oc2ccc(NC(=O)NCc3cccc(c4ccc[nH]c4=O)c3)cc2c1C
6601,6603,CC(C)N(Cc1cnn(C)c1)c1ncc(Br)cc1Br
6602,6604,C[NH2+]C(c1ccc(Br)cc1)c1cc(OC)cs1
6603,6605,CN(C)c1c(C=CC(=O)[O-])sc2ccc(F)cc12
6604,6606,Cc1ccc(Br)cc1NC(=O)NC(CC(=O)[O-])C(C)(C)C
6605,6607,CCCCNC(=O)c1cnc(c2cccs2)s1
6606,6608,C=C(Cc1ccccc1)OCCOCc1ccccc1
6607,6609,O=C(COc1ccccc1)NCc1ncnn1c1ccc(O)cc1
6608,6610,Cc1c(F)cccc1NC(=O)c1ccc(Cl)c(Cl)c1
6609,6611,COc1ccc(C(O)c2c(C)ccnc2N)c(C)c1
6610,6612,CCC(C)NC(=O)C[NH+]1CCN(c2nc(c3ccc(C)cc3)c3c(c2C#N)CC(C)(C)OC3)CC1
6611,6613,Cc1cc(NC(=O)CCl)ccc1Oc1cccc([N+](=O)[O-])c1
6612,6614,CNS(=O)(=O)Cc1ccc(CNC(=O)c2sc3cccc(Cl)c3c2Cl)cc1
6613,6615,COC(=O)c1ccc(NC(=S)Nc2cccc(NC(=O)c3ccccc3Cl)c2)cc1
6614,6616,CNc1nnc(CNS(=O)(=O)N(C)C)n1CC
6615,6617,COC(=O)c1cn(CC(=O)Nc2cc(C(F)(F)F)ccc2Cl)c2ccccc12
6616,6618,C=C(C)COc1cccc(NCC(=O)Nc2ccc(C(=O)N3CCCC3)cc2)c1
6617,6619,CC[NH2+]Cc1occc1CN1CCCN(CC)CC1=O
6618,6620,Nc1ccc(C(=CCCc2ccccc2)c2ccccn2)cc1
6619,6621,CSc1c2c(nn1C)C(=NC1CCC(C(F)(F)F)CC1)CC2
6620,6622,CC1CN(C(=O)c2ccccn2)CCC1C(=O)[O-]
6621,6623,O=C(OC1COC(OC2C(O)COC(OC3C=C(Cl)C=C(C4CC4)C3CO)C2OC(=O)c2ccccc2)C(OC(=O)c2ccccc2)C1OC(=O)c1ccccc1)c1ccccc1
6622,6624,CC(C)(C)c1cc2[nH]c(N)nc(=O)c2[nH]1
6623,6625,COc1ccc(C[NH+]=C(NCCc2ccco2)NC2CC2c2ccccc2)cn1
6624,6626,CC(=O)NC(Cc1ccccc1)C(=O)N1CCCC(C(=O)NC(c2ccccc2)c2ccccc2)C1
6625,6627,C[NH2+]C(c1ccccc1F)c1c(C)cc(F)cc1C
6626,6628,CCOc1cccc(N2C(=O)C(CC(=O)Nc3ccccc3[N+](=O)[O-])N(C3CC3)C2=S)c1
6627,6629,COc1ncccc1C[NH2+]CC(O)CC(C)C
6628,6630,COc1ccc(NS(=O)(=O)c2ccc(C)cc2)c(NS(=O)(=O)c2ccc(C)cc2)c1
6629,6631,COC(=O)c1cc(S(=O)(=O)Nc2cc(Cl)cc(Cl)c2)ccc1Cl
6630,6632,O=C(Oc1ccccc1C=NNC(=O)c1[nH]ccc1Sc1ccccc1)c1ccco1
6631,6633,Nc1cc[nH+]cc1CCc1ccc2c(c1)OCCO2
6632,6634,CC(C)C[NH+]1CCc2c(c3cc(F)ccc3n2C2CCN(C(=O)CC#N)CC2)C1
6633,6635,CCOc1ccnc(NCC(C)[NH+](C)CCOC)n1
6634,6636,O=C(C=CCBr)NC1CCCOCC1
6635,6637,COc1ccc(c2nnc(C(C)Sc3nnc(c4ccncc4)n3C)o2)cc1
6636,6638,O=C(c1ccc(COc2ccc3cc(Br)ccc3c2)o1)N1CCN(c2cccc(Cl)c2)CC1
6637,6639,C=CCn1c(SCC(=O)Nc2c(C)cccc2C(C)C)nnc1c1ccoc1C
6638,6640,CC1Cc2ccccc2N1C(=O)c1ccc2c(c1)nnn2C
6639,6641,COc1ccc(C(=O)CSc2n[nH]c(c3cccnc3)n2)cc1Cl
6640,6642,CCn1cc(C(=O)[O-])c(=O)c2cc(F)c(N3CCC[NH2+]CC3)c(F)c21
6641,6643,Cc1cc(C)c2c(=O)cc(c3cc(Br)ccc3Cl)[nH]c2c1
6642,6644,CCC1COCC[NH+]1CC1(C[NH2+]C(C)(C)C)CCC(C)CC1
6643,6645,Cc1cc(C)n(CCCNC(=O)N2CCCC3(CC=CCC3)C2)n1
6644,6646,[NH3+]C1CCc2cnc(NC(=O)CCc3ccccc3)nc21
6645,6647,Cc1c(C(=O)Nc2ccc(Oc3ccncc3)cc2)nnn1c1ccc(OC(F)F)cc1
6646,6648,CCCCN(CCC#N)S(=O)(=O)c1ccc([N+](=O)[O-])s1
6647,6649,CC[NH2+]C(CC)Cn1nc(C)c([N+](=O)[O-])c1C
6648,6650,CCC(C)C(=O)Nc1cc(NC(=O)CCNC(=O)C2CC[NH+](CC(=O)Nc3ccc(C(=O)NC4CCCCC4C)cc3C)CC2)ccc1OC
6649,6651,C=CC[NH2+]C=C(C#N)C(=O)NC(C)C
6650,6652,COc1c(Br)cc2cccnc2c1Cl
6651,6653,COc1ccc(n2c(SCC(=O)c3ccc(F)cc3)nnc2c2ccccc2F)cc1
6652,6654,O=C(NC(c1ccccc1)C1CC1)N1CC[NH+](CC2CCCO2)CC1
6653,6655,Cc1nsc(NC2CCCC2C[NH3+])c1C(=O)[O-]
6654,6656,C=C(C=CC=CC(O)c1ccccc1)c1nn(C)c2ccccc12
6655,6657,CC(C)(C)c1ccc(Nc2nc(Cl)nc(Nc3ccccc3)n2)cc1
6656,6658,Cn1nc(C(F)(F)F)c(C(=O)NC2CCN(C(=O)OCC(F)(F)F)CC2)c1Cl
6657,6659,Cc1cc(S(=O)(=O)NC(CC(=O)[O-])C(=O)[O-])ccc1Cl
6658,6660,CCOC(=O)c1ccc(NC(=O)C(C#N)=C[NH2+]CCOc2ccc(C(C)C)cc2)cc1
6659,6661,COc1cc2cn(c3cncc4ccccc43)c(=O)nc2c2ccccc12
6660,6662,O=C(COC(=O)c1cncc(Br)c1)c1ccc(Cl)c(Cl)c1
6661,6663,CC(C)([NH3+])C(C)(C)C(=O)Nc1cc(C(F)(F)F)ccc1N1CCOCC1
6662,6664,CC(=O)C(=NOCc1ccc(NC(C)=O)cc1)C(=O)N(C)C
6663,6665,Cn1cncc1C[NH+]1CCN(c2ccccc2[N+](=O)[O-])CC1
6664,6666,COc1ccccc1OCCNC(=O)c1ccsc1
6665,6667,CC(=O)Nc1ccc(F)c(NC(=O)CSc2nc3ccsc3c(=O)n2c2ccccc2C)c1
6666,6668,Cc1ncn(Cc2cc(C(F)(F)F)cc3c2OCC3)c(=O)c1C
6667,6669,COC(=O)C12CC(c3ccc(Br)cc3)=NN1C(=O)C(CC(=O)Nc1ccc(C)cc1)C2
6668,6670,C=CC1CCC(CCCCc2ccc(C3CCC(C=CCC)CC3)nc2)CO1
6669,6671,O=Cc1cc2cccc3c4cc(C56CC7CC(CC(C7)C5)C6)ccc4n1c23
6670,6672,COC(=O)c1cc(N=Nc2cc(C)c(N=Nc3c(S(=O)(=O)[O-])cc4cc(S(=O)(=O)[O-])c(N)cc4c3O)cc2C)c(OC)cc1N=Nc1c(S(=O)(=O)[O-])cc2cc(S(=O)(=O)[O-])cc(O)c2c1O
6671,6673,CC(=O)c1cccc(NC(=O)CC2=CCCCC2)c1
6672,6674,Cc1nnnn1C(=Cc1ccccc1)C(=O)Nc1ccc2c(C=Cc3ccccn3)n[nH]c2c1
6673,6675,C=CC=C(C=C)n1ccnc1C
6674,6676,CCC1(c2nc(N)ncc2Br)CCCC1
6675,6677,Nc1ccc(NC(=O)Cc2ccc(F)cc2)cc1
6676,6678,Cc1ccc(CNC(=O)C2CCCN(c3nc4ccc(Br)cc4s3)C2)cc1
6677,6679,COc1cccc(CC(=O)NCc2cc(C(=O)[O-])ccn2)c1
6678,6680,Nc1ccc2[nH]c(c3ccncc3)nc2n1
6679,6681,COc1c(CO)cc(Cl)c(C)c1C
6680,6682,COc1c(C(C)=CC(=O)N(C)C)cc2c(C)c(C)oc2c1C
6681,6683,CC(C)CCOCC[NH+]1CCCC(CO)C1
6682,6684,Cc1nc(CSc2ccc(C(=O)NC(c3ccccn3)c3nccn3C)cc2)cs1
6683,6685,CCCCC(CCCC)C(=O)N(C)CC(=O)Nc1ccc(OCC(=O)[O-])cc1
6684,6686,CC1CC(C)C(C([NH3+])CCc2cccs2)C1
6685,6687,CC(=O)Nc1ccc(NC(=O)C(C)NC(=O)C2CC[NH+](CC(=O)Nc3cc(C(=O)NCC(C)C)ccc3Cl)CC2)cc1Cl
6686,6688,C=CCOC(SSSC(c1ccccc1)(c1ccccc1)c1ccccc1)(c1ccccc1)c1ccccc1
6687,6689,C[NH2+]Cc1ncc(c2cc(F)c(F)c(F)c2)o1
6688,6690,CC(C)CC([NH3+])C(=O)NC(Cc1ccc(O)cc1)C(=O)NC(CO)C(=O)NC(CCC[NH+]=C(N)N)C(=O)[O-]
6689,6691,Cc1ccc(NS(=O)(=O)c2ccc3c4c(cccc24)C(=O)N3)c(Cl)c1
6690,6692,CC(C)(CO)Oc1cc(C(O)(C(=O)[O-])C(C)(O)CO)ccc1O
6691,6693,COc1ccc(N)c(N(C)C2CCCCC2C)c1
6692,6694,CC(=O)Nc1ccc(C(=O)CSc2nc3c(c(=O)n2C)SC(=Cc2ccco2)N3)cc1
6693,6695,C=CCc1cc(C(C)(C)c2cc(C(C)(C)c3cc(CC)cc(C(C)(C)c4ccc(CC)cc4)c3)cc(C(C)(C)c3cc(C)c(O)c(C)c3)c2O)cc(C(C)(C)c2cc(CC)cc(C(C)(C)c3cc(CC)cc(C(C)(C)c4ccc(CC)cc4)c3)c2)c1O
6694,6696,CC(C)CC(C)(C[NH3+])NC(=O)c1ccc(Br)c(O)c1
6695,6697,Nc1ccc(C(=O)NCC2CCOC3(CCOCC3)C2)cc1
6696,6698,COCCC(=O)N1CC[NH+](Cc2nc(NCc3ccccc3)c3c(C)c(C)sc3n2)CC1
6697,6699,C=CCN(C)C(=O)c1ccccc1NC(=O)c1ccc(NCC(F)(F)F)c([N+](=O)[O-])c1
6698,6700,CC(C)c1ccc(C=NNC(=O)Cc2ccc3c(c2)OCO3)cc1
6699,6701,C=CCNC(=O)c1cc(NCc2ccc3c(c2)OCO3)ncn1
6700,6702,CCn1c(NC(C)c2ccccc2)cc2cccnc21
6701,6703,O=C1c2ccccc2CN1CCCS(=O)c1ccc2ccccc2c1
6702,6704,O=C([O-])c1ccc(NCC2CCCO2)c(F)c1F
6703,6705,C=CC(=O)Nc1cc(Nc2nccc(c3cn(C4CC(C[NH+]5CCSCC5)C4)c4ccccc34)n2)c(OC)cc1N(C)CC[NH+](C)C
6704,6706,CNc1cc(c2ccc(C#N)o2)ccc1[N+](=O)[O-]
6705,6707,COCCCn1ncc(Cl)c1C(O)c1cc2cc(F)ccc2o1
6706,6708,CCCC[NH+](CCCC)CCNC(=O)c1cn[nH]n1
6707,6709,[NH3+]C1CCCCCC=CC2CC2(C(=O)NS(=O)(=O)C2(CCF)CC2)NC(=O)C2CCCN2C(=O)C(Cc2ccccc2)NC1=O
6708,6710,COC(=O)c1nc(N)nc2c1CSC2
6709,6711,COC(=O)Cc1c(C(F)(F)F)nc2ccccc2c1Br
6710,6712,Cc1ccsc1C(O)c1ccc(Cl)c(F)c1
6711,6713,N#CC(=Cc1ccc(OC(=O)c2ccc(Cl)c([N+](=O)[O-])c2)c(I)c1)C(=O)Nc1cccc(Cl)c1
6712,6714,CCC1CCCC[NH+]1CCCNC(=O)CCC(=O)N1CCCN(c2ccccn2)CC1
6713,6715,Cc1cc(F)cc(C(C(=O)Nc2c(C)cccc2Cl)N(C(=O)C(CC(C)C)NC(=O)OC(C)(C)C)C2CC2C)c1
6714,6716,NC(N)=[NH+]CCCC(NC(=O)C1CCCN1C(=O)C(CCC[NH+]=C(N)N)NC(=O)C([NH3+])Cc1c[nH]c2ccccc12)C(=O)[O-]
6715,6717,COc1c(C)ccc(NC(=O)N2CCCC2c2cc(C)on2)c1C
6716,6718,CC(C)C(NC(=O)C1CC[NH+](C(C)C(=O)Nc2cc(C(=O)N3CCCC(C)C3)ccc2Cl)CC1)C(=O)Nc1cc(C(=O)N2CCCCC2)ccc1Cl
6717,6719,Nc1ccc(Nc2nc(N3C(=O)c4ccc(F)c(F)c4C3=O)c(F)cc2F)cn1
6718,6720,C=CCOC(=O)c1cc(Oc2ccc(CCCC)cc2)c2c(C3CCCCC3)nn(CC=C)c2n1
6719,6721,CCOC(=O)Nc1ccc(N(C)Cc2nc(C)oc2C)c([N+](=O)[O-])c1
6720,6722,Cn1ccc(C[NH+]2Cc3ccccc3C(C(=O)[O-])C2)n1
6721,6723,Cc1cc(Br)ccc1NC(=O)C(C)[NH+](C)CCC(=O)[O-]
6722,6724,CC(C)[NH+](CCc1ccccn1)Cc1ccc(Br)cc1
6723,6725,Cc1c(C)c(C)c(S(=O)(=O)Nc2ccccc2C(=O)N2CCCCC2)c(C)c1C
6724,6726,CCc1cc(Br)ccc1NC(=O)c1ccncc1O
6725,6727,O=C(NCC1CCC(F)(F)CC1)N1CCCC(n2ccnn2)C1
6726,6728,COC(=O)C([NH2+]C1CC1)c1cc(Cl)sc1Cl
6727,6729,CC1CN(C(C)(C[NH3+])C2CCOCC2)CCCO1
6728,6730,Cc1cccc2c1C(NS(=O)(=O)c1ccc(Cl)cc1)(C(F)(F)F)[NH+]=C(c1ccc(Br)cc1)N2
6729,6731,CC(=O)OC1CCC2(C)C(=CCC3C2CCC2(C)C3CCC2C(C)(CO)CO)C1
6730,6732,Cc1ccc(S(=O)(=O)N2CCOCC2)cc1C(=O)NCCC[NH+]1CCOCC1
6731,6733,CCCc1ccc(S(=O)(=O)N2CC[NH+](CC(C)C)CC2)cc1
6732,6734,O=C(NC(Cc1ccccc1)C(=O)NC1CC1)c1ccco1
6733,6735,CCC1CCC(C)N1C(=O)N(CC)C1CCS(=O)(=O)C1
6734,6736,N#Cc1nccnc1OC1CCN(S(=O)(=O)c2ccc(Cl)cc2)CC1
6735,6737,CCCCCc1ccc(S(=O)(=O)N(C)CC(=O)Nc2ccc(C)cc2)cc1
6736,6738,Cc1ccc(COc2ccc(C=C3C(=O)NC(=O)N(c4ccc(C)c(C)c4)C3=O)cc2OC)cc1C
6737,6739,CCOC(=O)c1csc(NC(=O)C(CC(C)C)n2nc(c3ccccc3)cc2C(=O)NC)c1
6738,6740,O=C1NC(=O)N(c2ccccc2F)C(=O)C1=Cc1ccc(OCc2ccccc2F)c(Br)c1
6739,6741,CCCCCCOc1ccc(C(=O)Nc2cccc(C[NH+]3CCN(C)CC3)c2)cc1
6740,6742,CCCCCCOc1ccc(C(=O)Nc2ccc3c(c2)C(=O)N(C)C3=O)cc1
6741,6743,CC(=O)Nc1cccc(NC(=O)CC2C(=O)NCC[NH+]2C2CCCC2)c1
6742,6744,O=C(COC(=O)c1ccccc1S(=O)(=O)C(F)F)Nc1ccc2c(c1)OCCO2
6743,6745,C=COCCCCn1c(=O)c(C(F)(F)F)cc2cnc(Nc3ccc(N4CC[NH+](C)CC4)cc3)nc21
6744,6746,COc1ccc(NC(=O)Cn2c3c(sc2=O)C(c2ccc(OC)c(OC)c2)C2C(=O)N(c4ccc(C)c(C)c4)C(=O)C2S3)cc1
6745,6747,CCCCNC(=O)C[NH2+]CC1(O)CCCC1
6746,6748,[NH3+]CCOCCNC(=O)c1ccc2[nH]c(=O)[nH]c2c1
6747,6749,CC(C)(CN1CCC2CCC(C1)[NH2+]2)S(C)(=O)=O
6748,6750,COCCOCCOCCOCCOCCOCCOCCOCCOCCOCCCNC(=O)c1ccc(CCl)cc1
6749,6751,CCCCOC(=O)c1ccc(OCc2ccc(Cl)cc2)cc1
6750,6752,O=C([O-])c1cc(CS(=O)(=O)c2ccccc2F)cs1
6751,6753,CC(C)(C)c1noc(CNC(=O)c2ccn(Cn3nnc(c4ccccc4)n3)n2)n1
6752,6754,COc1ccc(NC(=O)C(=O)NN=Cc2cc(O)c(OC)c(OC)c2)cc1
6753,6755,CC(C)(C)C1CN(Cc2cccnc2)CCS1
6754,6756,NC(Nc1ccccc1)=[NH+]Cc1ccc(COCc2ccccc2)cc1
6755,6757,O=C(Nc1ccc(c2nc(Cn3cccn3)no2)cc1)c1cc2ccccc2o1
6756,6758,O=C(NNC(=O)c1ccc(COc2ccc3c(c2)OCO3)o1)c1ccc(O)cc1
6757,6759,Cc1ccnc(CC2CCCN(C(=O)c3ccc(n4cncn4)cc3)C2)n1
6758,6760,C=C(C[NH2+]C)CN1CC(C)N(C)C(C)C1
6759,6761,Cc1cc([N+](=O)[O-])cc(S(=O)(=O)NC(c2nccn2C)C(C)C)c1
6760,6762,Nc1c(C(=O)NCCc2cscn2)c2nc3ccccc3nc2n1c1cccc(Br)c1
6761,6763,CCOC(=O)N1CCN(S(=O)(=O)c2ccc(C(=O)Nc3ccc(Br)cc3CC)cc2)CC1
6762,6764,CCn1cc(C2OCCCC2C(=O)NCC2(C)CCCO2)cn1
6763,6765,N#Cc1c(NC(=O)C2CCc3nncn3C2)sc2c1CCCCC2
6764,6766,COC(=O)NC(C)C(=O)NC(CC(=O)[O-])C(=O)Nc1ccc(N2CCNC2=O)cc1
6765,6767,CC(C)c1c(C(=O)OC(C)C)nnn1c1cc(F)cc(F)c1F
6766,6768,Nc1cccc(c2ccnc(Cl)n2)c1
6767,6769,CCCc1nnsc1C[NH2+]CCNC(=O)N(C)C
6768,6770,CCOC(=O)c1ccn(C2CN(S(=O)(=O)C3CCCC3)C2)n1
6769,6771,CNc1ncnc(NCc2ccc[nH]2)c1C(C)C
6770,6772,Cc1c(c2ccccc2)nn(c2ccccc2)c1C(=O)N(C)c1ccccc1
6771,6773,CC[Si](CC)(CC)OC(C)C(O[Si](C)(C)C(C)(C)C)C(C)C(O)C1OC(C)(C(=O)COC(C)=O)C(O[Si](C)(C)C(C)(C)C)C1O
6772,6774,CC1CN(C(=O)NC2CCCN(c3ncccn3)C2)CCN1S(=O)(=O)c1ccccc1
6773,6775,C=CCn1c(SCC(=O)N(CC)Cc2ccccc2)nnc1C(C)Oc1cc(C)cc(C)c1
6774,6776,CC[NH2+]C(Cc1cn(C)nn1)c1snnc1C
6775,6777,C=CCOc1cccc(C2c3c(oc4ccc(F)cc4c3=O)C(=O)N2Cc2ccco2)c1
6776,6778,CCC1C2OCCCC2C1C(C)C
6777,6779,CCCCSc1nc(=O)c2c([nH]1)NC(C)=C(C(=O)OCC)C2c1cccc(OCc2ccccc2)c1
6778,6780,COc1ccc(c2csc3nc(c4ccc(Cl)cc4)nc(N4CCN(c5ccccc5F)CC4)c32)cc1
6779,6781,CCn1cc(CC2[NH2+]CCC2C)cn1
6780,6782,COC(=O)c1cc(C(C)C)n(C)c1C(C)=O
6781,6783,O=C(Nc1cccc(CSc2ccccn2)c1)C1CCN(c2ncccn2)CC1
6782,6784,CCn1c(SCC(=O)NCCc2ccc(OC)c(OC)c2)nnc1c1ccncc1
6783,6785,Cn1c(=O)c(c2c(Cl)cccc2Cl)cc2cnc(Nc3ccc(N4CC[NH+](C)CC4)c(F)c3)nc21
6784,6786,CC(C)CC(C[NH3+])C(=O)Cc1ccc(F)cc1F
6785,6787,COc1cncc2cc(C3CN(S(=O)(=O)c4cccc5cccnc45)CC[NH2+]3)sc12
6786,6788,Cn1c(CO)nnc1C1CCN(C(=O)Cc2cccc(Br)c2)CC1
6787,6789,C[NH2+]C(Cc1ncnn1C)c1ccc(F)c(Br)c1
6788,6790,CC1C2CCCC2=N[NH+]1Cc1ccc(F)c(F)c1
6789,6791,Cc1cccc2[nH]c(=S)n(C(C)c3ccc(O)cc3)c12
6790,6792,CCC1CCCC(n2c(C[NH2+]C3CC3)nc3cc(OC)ccc32)C1
6791,6793,Cc1cc(SC(C)(C)C)cc(S(=O)(=O)Cl)c1
6792,6794,O=C(NCc1ncn[nH]1)c1cccc(O)c1
6793,6795,Cc1c(C(=O)N(C)CCc2ccncc2)cnn1c1ccccc1Cl
6794,6796,CC(C)n1c(SCC(=O)Nc2ccccc2Sc2ccccc2)nc2c([nH]cc2c2ccccc2)c1=O
6795,6797,N#Cc1nn(C2CC2)c2c1C[NH+](CC=Cc1cccc(F)c1)CC2
6796,6798,CCCCCC=CCC=CCC=CCC=CCC=CCCC(=O)OCC(COC1OC(COC2OC(CO)C(O)C(O)C2O)C(O)C(O)C1O)OC(=O)CCCC=CCC=CCC=CCC=CCCCCC
6797,6799,CC(C)c1nc2c(C(=O)NCC3CCCOC3)cccc2o1
6798,6800,O=C(CCC(=O)c1ccc(c2ccccc2)cc1)NC1CCCN(C(=O)c2cccs2)C1
6799,6801,Cc1ccc(Cn2nnc(S(=O)(=O)N3CCC(C(=O)NC(C)C)CC3)c2C)cc1
6800,6802,Cc1ccc(CN(C)c2cccc(F)c2CC(C)[NH3+])cc1
6801,6803,CCc1ccc(C(=O)C=Cc2cccc(C)c2)cc1
6802,6804,Cc1ccc(N)c(N(C)c2cccc(F)c2)c1
6803,6805,Cc1ncccc1NCc1cc[nH]c1
6804,6806,CCOC(=O)N1CCN(C(=O)CN2C(=O)COc3ccc(C(=O)COc4ccccc4Cl)cc32)CC1
6805,6807,COC(=O)c1ccc2c(c1)CCN2C(=O)c1cn(C)cn1
6806,6808,C[NH2+]C(c1cc(C)cc(C)c1)c1cc(Br)c(C)s1
6807,6809,CCOc1cc(C)c(S(=O)(=O)N2CCCC(CC(=O)N3CC(C)OC(C(=O)[O-])C3)C2)c(C)c1
6808,6810,Cc1nn(CC(=O)c2cccs2)c(C)c1N
6809,6811,CCC(C)N(CCOC)C(=O)CCl
6810,6812,CC(C)(C)OC(=O)CC(c1ccco1)n1c(=O)[nH]c(=O)c2cnc21
6811,6813,CC(C)CCOCC[NH2+]CC(O)CC(=O)[O-]
6812,6814,O=C([O-])CCCC=CCC1C(OCc2ccccc2)CC(O)C2C1C=CC(O)C2C=CCCO
6813,6815,COC(CNC(=O)C(=O)Nc1cccc2ccccc12)OC
6814,6816,CC(C)[NH+]1CCN(C2CCC(C#N)CC2)CC1
6815,6817,CC(=O)N(C)C1CCN(C(=O)CC2CCCC([NH3+])C2)CC1
6816,6818,CCOC(=O)C1=C(C)N=c2sc(=Cc3ccc(OCc4cccc5ccccc45)cc3)c(=O)n2C1c1ccc(OC(C)=O)cc1
6817,6819,N#Cc1cc(F)ccc1NCc1ccc(Cl)s1
6818,6820,CC1CC(NC(=O)NC(C)Cn2cccn2)CC[NH2+]1
6819,6821,C=CCN(CC=C)C(=O)COc1cccc2c1OC(C)(C)C2
6820,6822,O=C(Nc1ccccc1C(=O)N1CCOCC1)c1cc(c2cccnc2)nc2ccccc12
6821,6823,O=C1SC(=Cc2ccccc2OCc2ccc(Cl)cc2Cl)C(=O)N1Cc1ccc(Br)cc1
6822,6824,CCOc1ccc(NC2=C(c3ccc(F)cc3)C(=O)N(c3cccc4cccnc34)C2=O)cc1
6823,6825,CCCCCS(=O)(=O)NC(=O)c1ccc(S(=O)(=O)c2ccc(OCC)c(Cl)c2)cc1
6824,6826,Cc1ccnc(SCc2ccc(C(=O)Nc3ccc(Br)c(Cl)c3)cc2)n1
6825,6827,COc1ccccc1C(O)Cn1ccc(C(F)(F)F)n1
6826,6828,CCn1c(C=O)c(C)c2cc(C(=O)Nc3ccc(F)cc3F)ccc21
6827,6829,C[NH2+]Cc1c[nH+]c(C)cc1N1CCC(C)C(OC)C1
6828,6830,Cc1cc(C(=O)OC(C)C(=O)NCCc2ccccc2)c(C)n1c1ccccc1
6829,6831,Cc1ccc(C(C)[NH2+]CC(=O)N2CCNC2=O)s1
6830,6832,C[NH2+]C(c1ccncc1)c1ccc2c(c1)CCC2
6831,6833,[NH3+]CCCCC([NH3+])C(=O)NC(CO)C(=O)NC(Cc1ccccc1)C(=O)NCC(=O)NC(CCCC[NH3+])C(=O)[O-]
6832,6834,CC(C)(CCOc1cccc([N+](=O)[O-])c1)C(N)=[NH+]O
6833,6835,O=C(Nc1cccc(c2nc(C3CC3)co2)c1)N1CC2C(C1)C2c1ncccn1
6834,6836,COc1ccc([N+](=O)[O-])cc1N=Nc1c(C)[nH]n(c2ccc(C(=O)[O-])cc2)c1=O
6835,6837,O=C(NCCc1csc2nc(c3cccc(Cl)c3)nn12)c1ccncc1
6836,6838,Cc1ccc(C[NH+]2CCC(O)(CN(C)S(=O)(=O)Cc3ccccc3)CC2)s1
6837,6839,CC(OC(=O)C=Cc1ccc(OC(F)F)cc1)C(=O)NC(C)(C)C
6838,6840,O=C(NCc1ccccc1F)c1cc(=O)c(OCc2ccccc2Cl)co1
6839,6841,O=C(CCCCCN1C(=O)C2C3C=CC(CC3)C2C1=O)N1CCN(c2ccccn2)CC1
6840,6842,Cc1cc(NC(=O)COC(=O)CCc2c(C)noc2C)no1
6841,6843,CC(=O)Nc1ccc(S(=O)(=O)N2CCN(c3cc(n4cccn4)nc(C)n3)CC2)cc1
6842,6844,C=CCOC1C(COC(c2ccccc2)(c2ccccc2)c2ccccc2)OC(Sc2ccccc2)C(O)C1OC1OC(COC2OC(COCc3ccccc3)C(OCc3ccccc3)C(OCc3ccccc3)C2OCc2ccccc2)C(OCc2ccccc2)C(OCc2ccccc2)C1N=[N+]=[N-]
6843,6845,CCC(C)NC(=O)C(CC)N(Cc1cccc(OC)c1)C(=O)CN(c1ccc(C(C)(C)C)cc1)S(C)(=O)=O
6844,6846,Cc1cccc2[nH]c(C[NH2+]Cc3ccc(Br)cc3)cc12
6845,6847,Nc1cc(Cl)c2[nH]c(=O)oc2c1
6846,6848,O=C1NC(=O)C(c2ccc(C=CO)cc2)=C1c1ccc(OCC(F)(F)C(F)(F)C(F)(F)C(F)(F)C(F)(F)C(F)(F)F)cc1
6847,6849,O=C(Nc1ccc2[nH]ccc2c1)c1cncc(Nc2ccc(F)cc2F)c1
6848,6850,Cn1ncc(C#N)c1NC(=O)C1CCC(C[NH3+])O1
6849,6851,[NH3+]CC1(Nc2ncc([N+](=O)[O-])cc2Cl)CCCC1
6850,6852,CC1C(=O)NCCCN1C(=O)c1cccc(Br)n1
6851,6853,Cn1ccnc1SCCNC(=O)c1cccc(N)c1
6852,6854,COC(=O)C(C)([NH3+])CC(C)[NH+](CC(C)C)CC(C)C
6853,6855,CC(=O)c1ccc(NC(=O)COc2ccc3[nH]c(=O)ccc3c2)cc1
6854,6856,CN(C(=O)NC1CCC(=O)N(C)C1)C1CCOCC1
6855,6857,CCOC(=O)C(=CNc1cc(Cl)c(C)cc1[N+](=O)[O-])C(=O)OCC
6856,6858,N#CC(=C[NH+]1CCOCC1)c1nc2scc(c3ccc(F)cc3)c2c(=O)[nH]1
6857,6859,CC(C)NC(=O)c1cc(S(=O)(=O)N(C)C)ccc1Cl
6858,6860,CCc1ccc(NC(=O)CSc2cn(C3CCCCC3)c3ccccc23)cc1
6859,6861,CC1[NH2+]NC(C(C)(C)c2ccccc2)S1
6860,6862,CN(CCCNC(=O)CSc1nnc(C2CC2)n1C1CC1)c1ccccc1
6861,6863,COc1cccc(CCC(=O)NCCOc2ccc(C(C)(C)C)cc2)c1
6862,6864,CC(=O)c1ccccc1OS(=O)(=O)c1ccc(Br)cc1
6863,6865,Cc1cc(C)c(CC(=O)C2C3C4CCC(C4)C23)c(C)c1
6864,6866,CCCCC(CC)CN1C(=O)C(C)Oc2ccc(C(=O)C=CC(=O)[O-])cc21
6865,6867,O=C(NCCCO)c1cc(F)cc([N+](=O)[O-])c1Cl
6866,6868,O=C(NN=Cc1cc([N+](=O)[O-])ccc1[O-])c1cc(Cl)ccc1Cl
6867,6869,COC(=O)c1c(NC(=O)C2CCN(S(=O)(=O)c3ccc(F)c(F)c3)CC2)sc2c1CCC(C(C)(C)C)C2
6868,6870,COc1ccc(C)cc1C(C[NH3+])N1CCC2CCCCC21
6869,6871,Cc1nccc(NC(=O)c2c(Br)cnn2C)n1
6870,6872,CSc1ccc(Sc2ccc(C#Cc3ccncc3)cc2)nc1
6871,6873,Cc1nc2c(c(=O)n(C(C)C)c(=O)n2CCCBr)n1C
6872,6874,COc1cc(NC2=[NH+]C(=O)C(=Cc3cc(Cl)c(Oc4ccc([N+](=O)[O-])cc4)c(OC)c3)S2)cc(OC)c1OC
6873,6875,CC1CCC[NH+](Cc2csc(NC(=O)c3sccc3NS(=O)(=O)c3cccs3)n2)C1
6874,6876,COc1cccc(C(=O)OCC(=O)N(Cc2ccccc2)C(C)C)c1
6875,6877,CNc1cc[nH+]cc1S(=O)(=O)N(C)C1CCC(C)CC1
6876,6878,Cc1ccnc(c2ccccn2)c1N
6877,6879,C=CCOC(=O)C(CC(=O)OCc1ccccc1)NC(=O)C1C(C)C(=O)OC(c2ccccc2)C1c1ccc([N+](=O)[O-])cc1
6878,6880,CC(OC(=O)c1ccc2c(c1)COC2)C(N)=O
6879,6881,CCOC(=O)CNC(=O)N(CCC(=O)OCC)C1CCCC1
6880,6882,CC(C)c1cc(N2CCCC2=O)ccc1Oc1cccc(c2[nH]cnc3nccc2-3)c1
6881,6883,O=C(N1CCC(c2ccc(F)cc2)CC1)C1(c2ccccc2)CC1
6882,6884,COC(C)c1nc(CC(=O)Nc2ccccc2C(C)C)cs1
6883,6885,CC[NH2+]CCN(C)Cc1sccc1Br
6884,6886,Cc1ccc(C2=C(Nc3ccc(N(C)C)cc3)C(=O)N(Cc3ccccc3)C2=O)cc1C
6885,6887,CC1CCCCC1CNC(=O)c1ccc2oc(=O)n(C)c2c1
6886,6888,O=C(C=Cc1ccco1)NC(=S)Nc1ccccc1C(=O)N1CCCCC1
6887,6889,N#Cc1nccnc1OC1CCCN(C(=O)c2cc3ccccc3[nH]2)C1
6888,6890,C=CCN(C(=O)Cn1nc(c2cccs2)oc1=O)C(C)(C)C
6889,6891,COC(=O)C(CC(C)C)NC(=O)COC(=O)c1cc(Br)cc(Br)c1
6890,6892,CC(NC(=O)C1CCN(C(=O)C2CC2)CC1)c1ccc(n2ccnc2)cc1
6891,6893,O=C1CCc2cc(NS(=O)(=O)c3ccc(Br)s3)ccc2N1
6892,6894,COC(=O)c1cc(=O)[nH]nc1C(=O)Nc1nc2c(s1)CCCC2
6893,6895,CC(C)c1ccc(C([NH3+])C2(N3CCCCC3=O)CCCC2)cc1
6894,6896,CCOC(=O)C(Cc1nc2ncccc2[nH]1)NC(=O)c1cn(c2ccc(C)cc2C)cn1
6895,6897,O=C(CCl)NC1COc2ccccc2C1
6896,6898,CC(CC(=O)[O-])c1ccc(N(C)C)nc1
6897,6899,Cn1c(COc2ccccc2)cc(=O)c([O-])c1C[NH+]1CCc2ccc(Br)nc2C1
6898,6900,CCc1c(C#N)ccc(C(F)F)c1S(=O)(=O)Cl
6899,6901,CC(=O)C(OC(C)=O)C1COc2cc(OCc3c(F)ccc(NS(=O)(=O)C4CC4)c3F)ccc21
6900,6902,O=C(NCC1CCOC2(CCC2)C1)Nc1cccc(OCCn2cccn2)c1
6901,6903,Cc1cc(C)nc(NC(C)CC2CCCC2)n1
6902,6904,Cn1c(SCC(=O)Nc2sc(c3ccccc3)cc2C(N)=O)nc2ccsc2c1=O
6903,6905,Cc1ccc(C=NNC(=O)c2ccccc2Br)s1
6904,6906,CC1CCCCC1NC(=O)NC(=O)COC(=O)COc1ccccc1
6905,6907,O=C(Oc1ccc2ccc(=O)oc2c1OC(=O)c1cccc(Cl)c1)c1cccs1
6906,6908,CC(=O)c1cccc(S(=O)(=O)NC2CCC3CCCC3C2)c1
6907,6909,CC(C)c1ccc(c2nc(CC(=O)Nc3ccc4c(c3)OCO4)cs2)cc1
6908,6910,O=C([O-])C1CN(c2nc(c3cncc(Cl)c3)nc3c2CCC3)CCN1S(=O)(=O)c1ccc(Cl)c(Cl)c1
6909,6911,[NH3+]CC(OCC(F)(F)F)c1ccc(OC2CC2)cc1
6910,6912,O=C1c2ccccc2C2(c3ccccc3-c3ccccc32)c2ccccc21
6911,6913,CCCc1ccccc1OCOCC
6912,6914,Cc1nn(c2ccccc2)c(C)c1NC(=O)COC(=O)c1ccccc1NC(=O)c1ccco1
6913,6915,O=C(Cl)c1coc2ccc([N+](=O)[O-])cc12
6914,6916,COc1ccc(C(=O)NC(C)c2ccccc2Br)cc1S(=O)(=O)N1CCOCC1
6915,6917,CC1CC(N(C)S(=O)(=O)N2CCCCC2)C2(CCC2)O1
6916,6918,CC1CC(C)N(c2ccc(C[NH3+])cc2F)C1
6917,6919,Cn1nccc1C([NH3+])CC1CC2CCC1C2
6918,6920,CC(C)CNC(=O)CN1CC[NH+](CC(=O)NC2CCS(=O)(=O)C2)CC1
6919,6921,O=C(N1CC[NH+](Cc2csc(c3ccccc3)n2)CC1)N1CCCCCC1
6920,6922,CCC(C)C(NC(=O)C(Cc1ccccc1)NC(=O)CNC(=O)C(NC(=O)C(CC(C)C)NC(=O)C(CC(C)C)NC(=O)C(CCC[NH+]=C(N)N)NC(=O)C([NH3+])Cc1ccccc1)C(C)C)C(=O)NC(CCCC[NH3+])C(N)=O
6921,6923,Cc1nn(Cc2ccc(Cl)s2)c(C)c1NC(=S)NC(=O)CC(C)C
6922,6924,N#Cc1ccc(NC(=O)c2ccc3ccn(S(=O)(=O)c4ccc(C(C)(C)C)cc4)c3c2)cc1F
6923,6925,Cc1c(C(=O)NCC2(C)CCCCC2)cccc1c1nc(=O)c2c([nH]1)CC[NH+](Cc1ccncc1)C2
6924,6926,Cn1nnnc1SCc1cc(=O)nc(SCc2cccc(F)c2)[nH]1
6925,6927,CCc1[nH+]ccn1C1CCCN(C(=O)NC2CCCc3cc(O)ccc32)C1
6926,6928,Cc1cc(C)c(C(N)=[NH2+])c(Sc2nccn2C)n1
6927,6929,[NH3+]CC1(C2CCC2)CCc2cc(F)ccc21
6928,6930,COc1ccc(C(=O)COc2ccccc2C2C(C#N)=C([NH3+])Oc3cc(OC(=O)c4cc5ccccc5s4)ccc32)cc1
6929,6931,CCOc1nccc2cc(NC(=O)Nc3ccc(Cn4nc(C)c(Br)c4C(F)(F)F)nc3)c(OC)cc12
6930,6932,CCC1(CC)CC[NH+](CCC([NH2+]C)C(=O)OC)CC1
6931,6933,CC1CCCCC1NC(N)=[NH+]CCNC(=O)C(C)(C)C
6932,6934,O=c1ccc(c2cccnc2)nn1CC[NH+]1CCN(c2ccccc2O)CC1
6933,6935,CC(=O)OCC=C(C)C(CCOC(=O)C(C)NC(=O)OC(C)(C)C)c1nnnn1c1ccccc1
6934,6936,C[NH2+]C(Cc1ccc(OC)c(F)c1)C1CCCCO1
6935,6937,Cc1[nH]nc(S(=O)(=O)NCC2(C)CC[NH2+]C2)c1C
6936,6938,[NH3+]C(Cc1cc(F)ccc1Br)c1ccc(Br)c(Cl)c1
6937,6939,O=C(Nc1ccc(c2nc3c([nH]2)CCCC3)cc1)C1CC[NH+](C2CCC2)CC1
6938,6940,CC1CN(c2ccc(C#N)c(F)c2)CC[NH2+]1
6939,6941,O=C(NCCC1=CCCCC1)c1ccc(S(=O)(=O)NCc2ccco2)cc1
6940,6942,COc1ccc(CC(=O)N2CCCC2C(=O)Nc2ccccc2OCc2ccccc2)cc1
6941,6943,CC(C)Cc1nc(C2CN(C(=O)c3ccccc3)C2)nn1CC(C)C
6942,6944,CNc1nccn1C(C)c1cccc(Br)c1
6943,6945,Cc1ccc(C(C)Nc2cc(F)c(C)cc2N)o1
6944,6946,Cc1ccc(N2CC(C(=O)NNC(=O)c3ccsc3)CC2=O)c(F)c1
6945,6947,CSc1nc2nc(C)c(CC(=O)N(C)Cc3nc4ccccc4s3)c(C)n2n1
6946,6948,CCc1ccc(Oc2ccc(N=Cc3ccccc3F)cc2)cc1
6947,6949,CC(C)C(C)Sc1nc(Cl)nc2ncn(C3OC(CO)C(O)C3O)c12
6948,6950,O=C([O-])c1ccc(Cn2cc(c3ccoc3)cn2)cc1
6949,6951,COc1ccc([N+](=O)[O-])cc1COC(=O)c1ccccc1N
6950,6952,Cc1ccc(S(=O)(=O)Nc2ccc(C#N)cc2)c(Br)c1
6951,6953,C=CCc1cc(C=C2SC(=O)N(CC(=O)Nc3ccccc3Cl)C2=O)cc(OCC)c1OCc1cccc([N+](=O)[O-])c1
6952,6954,CCC1C(=O)NCCN1c1ccc(N)c(N)n1
6953,6955,Cc1nn(Cc2cccc(C(=O)OC(C)C)c2)c(C)c1[N+](=O)[O-]
6954,6956,COc1cc2c(=O)n(CCNC(=O)c3ccccc3N)c(=O)[nH]c2cc1OC
6955,6957,CCn1c(SCC(=O)Nc2cc([N+](=O)[O-])ccc2Cl)nnc1c1ccco1
6956,6958,O=C(Nc1cccc(n2cnnn2)c1)c1c(F)cccc1F
6957,6959,CCCCCCOc1ccc(C=Cc2ccc(c3ccc(CCCCC)cc3F)cc2)cc1
6958,6960,[NH3+]CC(O)c1cnn(c2ccc(F)cc2)c1
6959,6961,CC(C)CN(CC(F)(F)F)C(=O)C1CCC(C[NH3+])CC1
6960,6962,COC(=O)CSc1ccc(NC(=O)c2cccc(S(=O)(=O)N3CCc4ccccc4C3)c2)cc1
6961,6963,CC(C)CC(NC(=O)C(CC(=O)[O-])NC(=O)C(CCC(N)=O)NC(=O)C(C)[NH3+])C(=O)[O-]
6962,6964,COC(=O)c1sc(N2C(=O)C(=O)C(=C([O-])c3ccc(OC)c(Br)c3)C2c2cccnc2)cc1C
6963,6965,O=C1CCCc2nccc(N3CCC(F)(F)C3)c21
6964,6966,C[NH2+]C(C)c1ncc(c2ccc(F)cc2C)o1
6965,6967,CCCCC(CC)C(Cc1cc(Br)ccc1F)[NH2+]C
6966,6968,COc1cccc(C(=O)N2CCN(S(=O)(=O)c3cc(OC)ccc3OC)CC2)c1
6967,6969,O=C(C1CC1)N(Cc1cccc(C(F)(F)F)c1)C1C=C(C(=O)NCCO)C2c3cc(CO)cc(OC)c3OC2C1O
6968,6970,CC1CCC2(C(=O)[O-])CCC3(C)C(=CCC4C5(C)CCC(OC(=O)CC(C)(C)C(=O)[O-])C(C)(C)C5CCC43C)C2C1C
6969,6971,O=C(Cc1noc2ccccc12)NCCC(=O)N1CCCc2ccccc21
6970,6972,O=C(CN1CCSC1=O)Nc1ccc(c2ccc(N3CCCC3=O)cc2)cc1
6971,6973,CCc1oc2ccccc2c1C(Br)c1ccc(F)c2ccccc12
6972,6974,O=C(Cc1cccc(F)c1)Nc1ccn(Cc2ccncc2)n1
6973,6975,CC(C)NC(=O)c1ccc(Cl)cc1NC(=O)C1CCCN1C(=O)C1CC[NH+](C(C)C(=O)Nc2ccc(C(=O)N3CCCC(C)C3)cc2C)CC1
6974,6976,COc1ccc(NCc2nc(N)nc(Nc3cccc(C)c3)n2)cc1
6975,6977,CC(C)N(CCC#N)C(=O)c1ccc(F)c(N)c1
6976,6978,N#Cc1ccc(NCCC(=O)N2CCCCCC2)cc1Cl
6977,6979,COc1ccccc1N1CCN(C(=O)Cc2c[nH]c3ccccc23)CC1
6978,6980,COc1cc(Nc2ncnc3ccc(c4ccnc(N5CC[NH+](C)CC5)c4)cc23)c(OC)cc1Cl
6979,6981,O=C(Cc1ccon1)c1cc(Br)ccc1F
6980,6982,COc1ccc(S(=O)(=O)NCc2cccc(C)c2)cc1OC
6981,6983,O=C([O-])c1cc(C2C=CC=C3OCCCC32)ccc1F
6982,6984,Cc1c(OC2CCCC(C)C2)ccc2cnccc12
6983,6985,CCOc1ccc(NC(=O)CSc2n[nH]c(=O)n2C)cc1
6984,6986,Fc1ccc(Br)cc1Oc1ccc(I)c(C(F)(F)F)c1
6985,6987,CC(C)(C(=O)Nc1cccc(c2ncc[nH]2)c1)c1cccs1
6986,6988,O=C([O-])C=Cc1cc(C(=O)c2cc3ccccc3s2)cc(C(=O)C=C[NH+](CCO)CCO)c1
6987,6989,C=CC(=O)OC(OCCCC)(OCCCC)C(C[NH3+])OCCCCCC
6988,6990,O=C(NCc1nnc2n1CC[NH+](Cc1nc(C3CC3)no1)CC2)c1cccc(Br)c1
6989,6991,O=C([O-])c1cc(N2CCOCC2)cc[nH+]1
6990,6992,CC(C)COCCN(C)C(=O)C1COCC[NH2+]1
6991,6993,COc1ccc(NC(C)C)cc1OC(F)F
6992,6994,CCOC(=O)N1CCN(C(=O)C(C#N)=Cc2cc(Br)c(OCc3ccccc3F)c(OC)c2)CC1
6993,6995,Cc1ccc(Sc2nc(N3CCCC3)nc3c2CN(C(=O)c2ccco2)CC3)cc1
6994,6996,Nc1oncc1c1c(F)cccc1Cl
6995,6997,COC(=O)c1ccc(C2=CCC3(CC2)OCCO3)c(Br)c1
6996,6998,COCC[NH2+]Cc1sc(Cc2ccc(F)cc2Cl)nc1C
6997,6999,CC(=O)c1c(C)[nH]c(C(=O)COC(=O)c2cc(C)oc2C)c1C
6998,7000,CC(C)(C)c1ccccc1N1CCC(C(=O)NCCC(=O)Nc2ccccc2)CC1
6999,7001,O=C(c1ccc(n2cnc3ccccc32)nc1)N1CCC2(CC1)OCCO2
7000,7002,CCOC(=O)Cc1c(C(F)F)ncc(CBr)c1I
7001,7003,COc1ccc(CCNC(=O)C2CCCN(c3ccc(=O)n(C)n3)C2)cc1
7002,7004,CC(C)(C)c1ccc(Oc2ccc(C(=O)C=Cc3cc(C(C)(C)C)c(O)c(C(C)(C)C)c3)cc2)cc1
7003,7005,O=C(NN=Cc1cccc([N+](=O)[O-])c1)c1ccc(Cn2nnnc2N)cc1
7004,7006,CC(C)=CCCCCOC(=O)C1CCCCC1C(=O)OCCCC(C)(Cn1cncn1)OC(=O)C(F)(F)F
7005,7007,CC(CCCO)NC(=O)c1cnc(Cl)c2ccccc12
7006,7008,CCC1CN(c2ccc(S(=O)(=O)n3c(CCc4ccccc4)nc4ccccc43)cc2)CC[NH2+]1
7007,7009,O=CC1CCC(c2ccc(C(=O)C=O)c(F)c2)CC1
7008,7010,COc1ccc(C(C)Nc2ncc(Br)cn2)cc1
7009,7011,Cc1cc([N+](=O)[O-])ccc1N=NC1C=CC(CO)CC1
7010,7012,CC1CN(C(=O)c2cn3ccnc3s2)CC[NH+]1CC(=O)N1CCCc2ccccc21
7011,7013,CCC1CN(Cc2ccsc2)C(C)(c2ccccc2)C[NH2+]1
7012,7014,CC(=O)Nc1cccc(n2nnnc2SC(C)C(=O)NC2CC2)c1
7013,7015,N#Cc1cc2ccccc2cc1NC1CCN(c2ccccc2)C1
7014,7016,Cc1ccc(NC(=O)NC2CCC(Oc3nc4ccc(C#N)cc4[nH]3)CC2)nc1
7015,7017,Cc1cc(Oc2ncnc(N)c2[N+](=O)[O-])ccc1C(C)C
7016,7018,O=C1[NH+]=CN(c2cccc(C(F)(F)F)c2)C12CC[NH+](C1CCCCO1)CC2
7017,7019,COc1cncc(OC2CCN(S(=O)(=O)c3ccc(F)cc3)C2)n1
7018,7020,Cc1ccncc1c1noc(C2CCOC2C)n1
7019,7021,CS(=O)(=O)N(CC(=O)NCc1ccccc1OC(F)(F)F)c1ccccc1F
7020,7022,CCc1ccc(C(=O)CN(CC)C(=O)COC(=O)CCc2c(Cl)cccc2Cl)cc1
7021,7023,CCC(C)C([NH3+])C(=O)NC(Cc1cnc[nH]1)C(=O)NC(Cc1c[nH]c2ccccc12)C(=O)N1CCCC1C(=O)[O-]
7022,7024,O=C([O-])C(CSc1cccc(Cl)c1)OC(=O)NCc1ccccc1F
7023,7025,CC1CCCC([NH3+])(Cc2cccc(Cl)c2F)C1
7024,7026,NC(=[NH2+])c1ccc(CNC(=O)C2CCN(c3ccc(c4ccc(C(=O)NCCc5ccccc5)c(C(F)(F)F)c4)cc3)CC2)cc1
7025,7027,COc1ccc(C(=O)N2CCN(S(=O)(=O)N(C)C3CCS(=O)(=O)C3)CC2)cc1OC
7026,7028,CC1CCN(C(=O)C2CCc3nncn3C2)CC12CCC2
7027,7029,COc1ccc(C(O)C[NH2+]CC(C)O)c(OC)c1
7028,7030,CC1=C(C(=O)Nc2ccc(F)cc2)C(c2ccc3c(c2)OCO3)n2nc(C=O)nc2N1
7029,7031,CC1CC1C(=O)NCCC(=O)Nc1cc(Cl)cc(Cl)c1
7030,7032,CC(=O)c1ccc(N2CCN(C(=O)Cc3ccc4c(c3)OCO4)CC2)c(F)c1
7031,7033,COc1ccc(S(=O)(=O)N2CCCC(C(=O)NC34CC5CC(CC(C5)C3)C4)C2)cc1
7032,7034,CC(C)C(NC(=O)C(CCC(N)=O)NC(=O)C1CCC[NH2+]1)C(=O)NC(CCC(=O)[O-])C(=O)[O-]
7033,7035,CC(=O)Nc1ccccc1OCC(O)C[NH+]1CCC(NC(=O)NCc2ccco2)CC1
7034,7036,CC(C)C(=O)C[As]
7035,7037,Cn1c(NCc2ccccc2)nc2cc(C(=O)Nc3ccccc3)ccc21
7036,7038,O=C(c1ccc(c2ccc(C(F)(F)F)nc2)cc1)N1CC[NH+](C2CCCCC2)CC1
7037,7039,CC1CCC(C)(C(O)CCc2cccs2)C1
7038,7040,O=C(Nc1ccccc1)OC1Cc2c([nH]c3ccccc23)C(c2ccc(Br)cc2)C1O
7039,7041,NC(C[NH+]1CCN(C(=O)CO)CC1)=[NH+]O
7040,7042,CN(C(=O)Nc1ccccc1)C1CCN(C(=O)OCc2ccccc2)C(c2ccccc2)C1
7041,7043,Cc1cc(C)n(c2ccc(NCCNC(=O)N3Cc4ccccc4C3)nn2)n1
7042,7044,COC(=O)c1scc(C)c1S(=O)(=O)NC1CCCOC1
7043,7045,COc1ccc(c2cc(CC[NH3+])c(C(C)(C)C)o2)cc1
7044,7046,CCn1c(CNC(=O)c2ccco2)nnc1SC(C)c1ccccc1
7045,7047,Cc1ccc(n2[nH]c(CNc3cccc(Cl)c3)cc2=O)cc1C
7046,7048,Cc1ccc(S(=O)(=O)N(CC(=O)NN=C2CCCCC2)c2ccccc2F)cc1
7047,7049,COc1ccc(Cl)cc1c1nnc(SCC(=O)N2CCc3sccc3C2c2ccccc2C)n1c1ccccc1
7048,7050,CC(C)CC(C[NH3+])c1nc(c2ccc(Br)s2)no1
7049,7051,CC(C)NC(=O)CNC(=O)CC1(C[NH3+])CCCCC1
7050,7052,O=c1cc(c2ccncc2)nnn1CC1COCCO1
7051,7053,O=C1NCCC1[NH+]1CCN(S(=O)(=O)Cc2ccccc2)CC1
7052,7054,CC(C)COC(=O)C([NH3+])Cc1ccc(OC(=O)C(C)C)c(OC(=O)C(C)C)c1
7053,7055,C[NH2+]C(Cc1ccc(F)c(Cl)c1)c1cc(OC)cs1
7054,7056,O=C(NN=Cc1c(F)cccc1Cl)c1ccccc1Br
7055,7057,CC(=O)NCC1CN(c2ccc(OC3CC[NH2+]C3)c(F)c2)C(=O)O1
7056,7058,CC(C)=CC[NH+]1CCN(C(=O)c2nn(c3ccc(Br)cc3)c3c2CCC3)CC1
7057,7059,Cc1cc(C)cc(NC(=O)Cn2nc3nc(c4ccc(Cl)cc4)[nH]n3c2=O)c1
7058,7060,CC(=O)OC1(OC(C)=O)C(OC(C)=O)C(CO)OC(COC(C)=O)C1OC(=O)C(C)C
7059,7061,CCn1cncc1CSC1COC1
7060,7062,CC1=C(C(=O)Nc2cccnc2)C(c2cccc(F)c2)n2nc(SCc3ccccc3Cl)nc2N1
7061,7063,CCOC(=O)C1=C(C)N(CC(=O)Nc2nnc(SC)s2)C(=O)CC1c1ccccc1
7062,7064,O=P([O-])([O-])OC(OCCCCCCCCCCCC=CCCC=CCCCl)c1ccc(I)cc1
7063,7065,Cn1nccc1C(=O)Nc1ccc(C(=O)NC2CC2)cc1
7064,7066,O=C(NCC(O)Cc1ccccc1)c1cccc(F)c1F
7065,7067,[NH3+]C(Cc1ccc(Br)cc1)c1cccc(Br)c1
7066,7068,C[NH2+]CCCC(=O)Nc1ccc(F)c([N+](=O)[O-])c1
7067,7069,CCCCCC=CCC=CCC=CCCCC(=O)OCC(COP(=O)([O-])OCC[N+](C)(C)C)OC(=O)CCCCC=CCC=CCC=CCCCCC
7068,7070,Cc1c(C)n(c2cccnn2)c2ncnc(C(=O)Nc3cccnc3)c12
7069,7071,Cc1nccc(OC2CCN(S(=O)(=O)c3ccc(Cl)c(Cl)c3)C2)n1
7070,7072,CC(c1ccc(F)cc1F)N(C)C(=O)C1(C#N)CCCC1
7071,7073,CC(C)Cn1c(SCC(=O)NCCc2ccco2)nnc1c1cccs1
7072,7074,CCCCN(CC(N)=O)C(=O)c1cc(C)n(c2cccc(Cl)c2)n1
7073,7075,CC(c1ccc(Cl)cc1)N(C)c1ncnc(Cl)c1Cl
7074,7076,COc1cccc(CC(=O)N2CCCN(C(=O)CSc3ccc(F)cc3)CC2)c1
7075,7077,COC(=O)c1cc2c(Nc3cccc(C(=O)N(C)C)c3)nccc2s1
7076,7078,Fc1ccccc1C1NC(=S)N(c2ccc(F)cc2)C2=C1CCCC2
7077,7079,CC(C)CS(=O)(=O)CC1CCC(C[NH3+])CC1
7078,7080,CC(C)C(C)NS(=O)(=O)c1ccc(N)c([N+](=O)[O-])c1
7079,7081,O=C([O-])c1cc(c2ncc3c(n2)CC[NH2+]C3)ccc1F
7080,7082,Cc1occc1c1noc(c2ccc3c(c2)N(C)C(=O)C(C)O3)n1
7081,7083,O=C([O-])CCCc1ccc2occ(CN[O-])c2c1
7082,7084,CCC(C)(CO)Nc1nc(Nc2ccc(C)c(C)c2)c(C(N)=O)cc1F
7083,7085,O=C1C(c2ccccc2)=[N+](c2ccccc2)C2=[NH+]CCN12
7084,7086,CCC(C)(O)C(=O)N1CCCC(C(=O)[O-])C1C
7085,7087,CC(C)n1cc(C=O)c(c2cc(Cl)ccc2Cl)n1
7086,7088,CC(CCCC[NH3+])NC(=O)C1CC=CCC1
7087,7089,Cc1nn(Cc2ccc(C(=O)Nc3cnn(CCn4cccn4)c3)cc2)c(C)c1Cl
7088,7090,CC1CCCN(C(=O)c2ccc3c(c2)NC(=O)CCS3)C1
7089,7091,O=C([O-])C1CSC2(CCCCC2)[NH2+]1
7090,7092,Cc1ccc(OCC(=O)N2C3CCC2CC(n2c(C4CC4)nc4ccccc42)C3)nc1
7091,7093,CCc1cn2c3c(cc(C)cc13)OCC2
7092,7094,CC(C)(C)c1nc(CC2(Br)CCC2)n(C)n1
7093,7095,COC(OC)[Si][Si]C(OC)OC
7094,7096,COC(=O)c1cc(NC(=O)c2ccc(S(=O)(=O)N(C)C)cc2)cc(C(=O)OC)c1
7095,7097,CCn1ncnc1CC1(O)CCC(C(=O)[O-])CC1
7096,7098,Cc1nc(C2CCCN(C(=O)c3cn(C)nc3c3ccccc3)C2)n[nH]1
7097,7099,N#Cc1ccc(Cn2cncc2CNC(=O)c2cc(c3ccccc3)nn2c2ccccc2)cc1
7098,7100,O=C(NC(=S)Nc1ccc(Cl)cc1C(F)(F)F)c1ccoc1
7099,7101,O=C([O-])C1CC([NH2+]Cc2ccc(Cl)cc2Cl)CN1Cc1ccccc1
7100,7102,Cc1ccc(COc2c(Br)cc(C=NNc3nc4ccccc4[nH]3)cc2Br)cc1
7101,7103,CCCc1cc(N2CCC(NC(=O)C3(C)CCCCC3)CC2)ncn1
7102,7104,COCCn1c(C)cc(C=C(C#N)C(=O)OCC(=O)Nc2cc(C)on2)c1C
7103,7105,O=C1CSC(=O)N1C(c1ccccc1)c1ccccn1
7104,7106,C=CC(=O)N1CCC(n2nc(c3ccc(Oc4ccc(C(C)NC(=O)OCC5CC5)cc4)cc3)c3c(N)ncnc32)C1
7105,7107,CCOc1c(Br)cc(Cl)cc1NC(=O)COc1ccc(Cl)cc1
7106,7108,O=S(Cc1ccc(Cl)cc1)Cc1ncc(c2ccccc2)o1
7107,7109,CS(=O)(=O)NC1CCN(c2ncccc2C(=O)N2CCOC3(CCCC3)C2)CC1
7108,7110,[NH3+]C(Cc1ccc(F)c(Br)c1)c1c(F)cccc1Cl
7109,7111,CCCCCCc1cc(CCCCCCCC)cc(C(=O)OCC)c1
7110,7112,O=C1CN(c2ccc(NC(=O)COc3ccccc3Cl)cc2)CCN1
7111,7113,COc1ccc(C)cc1C(C)NC(=O)C(C)[NH+]1CCN(CCc2ccccc2)CC1
7112,7114,COc1ccc2c(n1)CCCC2[NH2+]CCc1ncno1
7113,7115,O=C([O-])CSCC(=O)N1CCCC(CO)C1
7114,7116,[NH3+]C1(Cc2cccc([N+](=O)[O-])c2)CCCC1
7115,7117,CC(C)c1nc(C(C)[NH+]2CCC(C)(C(=O)[O-])C2)cs1
7116,7118,Cc1cc(Br)cnc1NC(=O)c1ncc(Br)cc1Br
7117,7119,COc1cc(NC(=O)C(C)NC(=O)C2CC[NH+](C(C)C(=O)Nc3ccc(C(=O)Nc4ccc(F)cc4C)cc3C)CC2)ccc1NC(=O)c1cccc(F)c1
7118,7120,CC(C)C(=O)Nc1nc(C(=O)Nc2c(Cl)cccc2Cl)cs1
7119,7121,CCC(C)c1ccc(CC(Cl)C2CCOC2)cc1
7120,7122,Cn1cc(C[NH+]2CCN(c3ccc(C(F)(F)F)cn3)CC2)c(c2cccc(Cl)c2)n1
7121,7123,COC(=O)C(C)(I)Oc1cc(Cl)c(C)cc1Br
7122,7124,C=CCn1c(=NC(=O)c2ccc(S(=O)(=O)N3CCCCC3C)cc2)sc2cc(OC)ccc21
7123,7125,O=C(c1cnn2cccnc12)N1CCC(n2cc(Cl)cn2)C1
7124,7126,COCC[NH2+]CC(=O)NCC(C)(C)c1ccc(OC)cc1
7125,7127,CS(=O)(=O)N(Cc1csc(c2ccsc2)n1)c1ccc(F)cc1
7126,7128,C[NH2+]C(CCc1ccc(OC)cc1)Cc1cn(C)cn1
7127,7129,CCOC(C(C)C)C(Br)c1ccc(C(F)(F)F)cc1
7128,7130,CCC(C)C1NC(=O)CCCN(CCOCCOC)C1=O
7129,7131,[NH3+]C(CCC1CC1)Cc1cc(Cl)ccc1Cl
7130,7132,Cc1ccc2c(c1)cc(c1cccc(Cl)c1)c1cc(C)c(C)cc12
7131,7133,O=C(COc1ccc(c2cnco2)cc1)NNC(=O)Cc1ccc([N+](=O)[O-])cc1
7132,7134,COc1ccc(C(=O)Nc2nc3c(s2)C(=O)CC(C)C3)cc1OC
7133,7135,O=C(CCc1ncc(c2ccc(F)cc2F)o1)NC1(CO)CCOC1
7134,7136,O=C([O-])C(O)c1ccc2c(c1)OCCO2
7135,7137,N#CC(N)CN1CCCCCC1
7136,7138,CCOC(=O)C(CC)C(=O)c1coc(C)c1
7137,7139,COC(=O)c1ccc(OC(=O)C=Cc2ccc(S(=O)(=O)N3CCCCCC3)cc2)c(OC)c1
7138,7140,Cc1c(NC(=O)C(C)[NH+]2CCC(C(=O)N3CCCC3C(=O)Nc3cc(C(=O)N4CCCC(C)C4)ccc3Cl)CC2)cccc1C(=O)Nc1ccccc1F
7139,7141,CNc1ccc(S(=O)(=O)NCc2cnc[nH]2)cc1
7140,7142,COc1ccccc1OCCn1cc(CNc2cncnc2)nn1
7141,7143,C[NH2+]Cc1cc(S(=O)(=O)N2CCn3cnnc3C2)c(C)o1
7142,7144,COc1ccc(C(C)=O)cc1NC(=S)NC(=O)C(C)Oc1cccc(C)c1C
7143,7145,Cc1ccc(CN2CC3(CC[NH+](Cc4ccc(OCc5cccc(F)c5)c(F)c4)CC3)OCC2=O)cc1
7144,7146,COc1cc2c(Oc3ccc(NC(=O)Cc4cccs4)cc3F)ccnc2cc1OCC1CCC[NH+]1C
7145,7147,CC(=O)NC1CC(n2cc(c3cnccn3)c3c(Cl)nc(N)nc32)OC1CO
7146,7148,COCCCNC(=O)c1c([O-])n(c2ccccc2OC)c(=O)[nH]c1=O
7147,7149,O=C([O-])C1CCCN(C(=O)C=Cc2cc(Cl)c3c(c2)OCCO3)C1
7148,7150,CCCCCOc1ccc(C2C(c3ccc(C)cc3)=C(O)C(=O)N2c2ccc(NC(C)=O)cc2)cc1
7149,7151,CN(CC(=O)Nc1ccc(F)cc1)C(=O)C=Cc1cnc2ccccc2n1
7150,7152,O=C([O-])c1cc(Oc2cc(Br)ccc2Cl)ncc1Cl
7151,7153,CCCC(C)CN1CCC(C)C1C[NH3+]
7152,7154,CCOC(=O)c1cc(c2cc(N)nc(C(=O)[O-])c2)n(Cc2cccc(F)c2)n1
7153,7155,Cc1nnc(SCC2=C(C(=O)[O-])N3C(=O)C([NH3+])C3SC2)s1
7154,7156,CCC[Si](OC(C(F)(F)S(=O)(=O)[O-])(C(F)(F)F)C(F)(F)F)(c1ccccc1)c1ccccc1
7155,7157,O=C1NCCN1CC[NH2+]Cc1cn2c(n1)SCC2
7156,7158,Cc1cc(C)cc(S(=O)(=O)n2nc(C(=O)Nc3ccc(Cl)c(Cl)c3)c3ccccc3c2=O)c1
7157,7159,CC1(C(=O)NCc2ccc(OCCCC(=O)[O-])cc2)COc2ccccc2O1
7158,7160,COc1ccc([N+](=O)[O-])cc1NC=C(C#N)C(=O)Nc1ccccc1C(=O)c1ccccc1
7159,7161,Cc1cc(Br)cc(NCc2ccc3c(c2)OCCCO3)c1
7160,7162,O=C(Nc1cccc(N2CCCNC2=O)c1)C1COCC[NH+]1Cc1cccs1
7161,7163,Cc1nn(CC(=O)Nc2nccs2)c2nccc(c3ccco3)c12
7162,7164,COc1ccc(F)c(OC)c1C1=[NH+]C(c2ccc(Cl)cc2)C(c2ccc(Cl)cc2)N1C(=O)N1CCC([NH+]2CCOCC2)C1
7163,7165,O=Cc1cccc2occ(F)c12
7164,7166,CCOc1ccc(C=CC(=O)NCC(=O)Nc2ccc(C(=O)N(C)C)cc2)cc1
7165,7167,Cc1ccc(n2nc(C(=O)NCC3CCCOC3)c3ccccc3c2=O)cc1
7166,7168,O=C(c1ccc2nc(c3ccccc3[N+](=O)[O-])[nH]c2c1)N1CCCc2ccccc21
7167,7169,O=C(CNc1ccc(c2nc3ccc(Br)cc3s2)cc1)Nc1ccc(F)cc1
7168,7170,COc1ccc(c2nnc3ccc(OC(=O)Cc4ccc(OC)c(OC)c4)nn32)cc1OC
7169,7171,O=C(CCCOc1ccc(Cl)cc1Cl)Nc1nnc(C2CCCCC2)s1
7170,7172,CC(=O)Nc1cccc(S(=O)(=O)NCC2CCN(C(=O)c3ccco3)CC2)c1
7171,7173,CC(C)=CC=CC(=O)Nc1nc(c2ccc(F)cc2)cs1
7172,7174,CCc1cccc(C)c1NCc1ccc(OC)c(OC)c1
7173,7175,CC(C)(CC[NH2+]C1CC1)C1CCOCC1
7174,7176,CCCCSc1nc(N)cc(N2CCOCC2CC)n1
7175,7177,Cc1c(Cl)cccc1Nc1cc(Nc2ccccc2C#N)ncn1
7176,7178,CCCCCCOc1ccc(C2Nc3ccccc3C(=O)N2CCc2ccccc2)cc1OC
7177,7179,Cc1ccc2c(c1)cc(C(=O)N1CC[NH2+]CC1)n2C
7178,7180,CC(=O)Nc1ccc(NC(=O)C(NC(=O)C2CC[NH+](C(C)C(=O)Nc3ccc(Cl)c(C(=O)Nc4ccccc4)c3)CC2)C(C)C)cc1C
7179,7181,CC(Nc1ncnc(NNC(=O)c2ccncc2)c1N)c1ccccc1
7180,7182,CSc1ccccc1C(=O)NC(C)C[NH3+]
7181,7183,COC(=O)c1cc(NC(C)=O)cc(Oc2ccc([N+](=O)[O-])cc2[N+](=O)[O-])c1
7182,7184,O=C(Nc1ccc(Cl)cc1)C1(C(=O)c2ccc(F)cc2)COC1
7183,7185,O=C(OCCCn1cc(Br)cn1)C1CCCCC1
7184,7186,C[NH2+]CCC1C(=O)N(C)CC[NH+]1C
7185,7187,O=C(NCc1ccco1)c1cnc(NCc2ccccc2Cl)cn1
7186,7188,O=C(CCn1c(=O)sc2ccccc21)NCc1nn[n-]n1
7187,7189,CCS(=O)(=O)N1CC2C3CC4C(CC(=O)C43)C2C1
7188,7190,CCCc1[nH+]ccn1CC(=O)Nc1cnn(Cc2ccccc2)c1
7189,7191,O=C(CCNC(=O)C1CC[NH+](CC(=O)Nc2cc(C(=O)Nc3ccc(F)cc3)ccc2Cl)CC1)Nc1ccc(C(=O)NC2CCCC2)cc1
7190,7192,CC1CN(C(=O)NC(C)(C(=O)[O-])C2CC2)CCC1O
7191,7193,O=C(Nc1nc(c2ccc3c(c2)OCO3)cs1)c1ccccc1OC(F)F
7192,7194,O=C([O-])CCNC(=O)CSc1nnc(NC2CC2)s1
7193,7195,CCCc1cc([O-])c(c2c(=O)oc(c3cc(OC)c(OC)c(OC)c3)cc2OC)cc1Cl
7194,7196,O=C(Nc1ccc(F)c(C(F)(F)F)c1)c1cccc(N2CCCC2=O)c1
7195,7197,Cc1nc(=O)c(CCC(=O)N(C)CC(O)CC(C)C)c(C)[nH]1
7196,7198,CCc1c(CC[NH3+])n(c2ccc3ccccc3c2)c(=O)[nH]c1=O
7197,7199,O=C([O-])C([NH2+]Cc1cc(Cl)ccc1Cl)C1CC1
7198,7200,Cn1cc(C2CN(C(=O)c3ccn(c4ccccc4)n3)Cc3ccccc32)cn1
7199,7201,CC(C)(C)NC(=S)N1CCC(C(=O)NC2CCOCC2)CC1
7200,7202,CC(=O)Nc1cc(c2ccnc(Nc3ccc(N4CC[NH+](C)CC4)cn3)n2)[nH]n1
7201,7203,CC1CCC(OCC(=O)NC2CC2c2ccccc2)CN1C(=O)c1cccs1
7202,7204,COC(=O)c1cc(CN(C)C(=O)C=Cc2c(C)nn(C)c2Cl)oc1C
7203,7205,CC1OCCC1CNC(=O)c1ccc(Br)cc1N
7204,7206,COc1c(C)cc(C)cc1C([O-])=C1C(=O)C(=O)N(c2cccc(C)c2)C1c1ccncc1
7205,7207,O=Cc1cc(Oc2ccc(O)c(C(=O)Nc3n[nH]c(=S)s3)c2)ccc1O
7206,7208,COc1ccc(C[NH+]2CCCC2(C)C(=O)[O-])c([N+](=O)[O-])c1
7207,7209,COCC(=O)Nc1ccc(NC(=O)CCNC(=O)C2CC[NH+](C(C)C(=O)Nc3ccc(Cl)c(C(=O)NC(C)C)c3)CC2)cc1
7208,7210,CC(C)=CC[NH2+]C(CO)c1ccccc1
7209,7211,COCCOCCOCCOCCN1CC[NH+](C23CC4CC(CC(C4)C2)C3)CC1
7210,7212,O=C(Cc1cccc2ccccc12)NN=Cc1cccc(OCc2ccc(F)cc2)c1
7211,7213,Fc1cccc(CCl)c1CCl
7212,7214,Cc1ccc(N2C(=O)C(=O)C(=C([O-])c3ccc(Cl)c(Cl)c3)C2c2ccc(O)c(Br)c2)cc1
7213,7215,N#Cc1ccc(OC2OC(CO)C(O)C(OC3OC(CO)C(O)C(O)C3O)C2O)cc1
7214,7216,Cc1oc(N=Cc2cc(Cl)cc(Cl)c2O)c(C#N)c1C
7215,7217,COC(OC)C(C)[NH2+]CCC1CCC1
7216,7218,CC(=O)Nc1cccc(Nc2nc(NC3CCCCC3)c3oc(C)cc3n2)c1
7217,7219,Cc1ccc2c(n1)N(C(=O)c1cccs1)CC2
7218,7220,[NH3+]C1CCCc2sc(C(CS)c3ccccc3)nc21
7219,7221,Cc1ccc2c(c1)Sc1cc(C)ccc1n2C
7220,7222,CCc1cccc2c(C(=O)COC(=O)C3CCN(S(=O)(=O)c4ccc(Cl)s4)CC3)c[nH]c12
7221,7223,CC(=O)Nc1nc(CCNC(=O)N(C)C(C)C[NH+]2CC3CCC2C3)cs1
7222,7224,O=C(Nc1ccccc1)N1CCOC(Cc2ccccc2)C1
7223,7225,COc1ccccc1CNC(=O)CSc1nncn1c1ccc(Cl)cc1
7224,7226,CC(=O)NC(Cc1ccc(Cl)cc1)C(=O)NN
7225,7227,COc1ccc(Cl)cc1C(C[NH3+])N(CC(C)C)C(C)C
7226,7228,[NH3+]C(Cc1ccc(O)cc1)C(=O)NCC(=O)N1CCCC1C(=O)NC(Cc1ccc(O)cc1)C(=O)[O-]
7227,7229,CNC(=S)N(CCCl)Cc1ccc(C)o1
7228,7230,Cn1c(=O)c2[nH]c(c3ccc([N+](=O)[O-])cc3)nc2n(C)c1=O
7229,7231,CC(C)(C)C1CCN(C(=O)c2ccc(Br)c(Cl)c2Cl)C1
7230,7232,COc1ccc(C=CC(=O)NC(C)C(=O)OCC(=O)Nc2ccccc2C(=O)NC(C)C)cc1OC
7231,7233,O=Cc1c(F)cccc1Oc1ccc(Br)cc1F
7232,7234,[NH3+]C1(C2(O)CCc3cccnc32)CCOCC1
7233,7235,Cc1cc(Br)ccc1OCC(=O)OC(C)C(=O)N1CCCC1
7234,7236,CC(C)c1ccc(S(=O)(=O)N2CCC([NH+]3CCOCC3)C2)cc1
7235,7237,Cc1ccc(C(N)=[NH2+])c(Sc2ccccc2Cl)n1
7236,7238,COc1cc(OC)c(C([O-])=C2C(=O)C(=O)N(c3ccc(Oc4ncccc4C(F)(F)F)cc3)C2c2ccc(F)cc2)cc1Cl
7237,7239,C=C(C)C(=O)NCCCCNC(=O)Oc1ccc(Cl)cc1
7238,7240,CNc1ncc([N+](=O)[O-])c(Nc2ccc(Br)cc2C#N)n1
7239,7241,COc1ccc(CNC(=O)N2CC[NH+]3CCCC3C2)cc1
7240,7242,C=CC(C)NC(=O)NC1CC2C=CC1C2
7241,7243,CCCc1cc(C(=O)NCC2CCCCC2)cc(N)n1
7242,7244,Cc1ccc(N2C(=O)CCS2(=O)=O)cc1S(=O)(=O)Nc1ccccc1C#N
7243,7245,CC(C)c1ccccc1Nc1cc(N(C)CCO)nc(N)n1
7244,7246,Cc1ccc(c2nnnn2CCC(=O)N(Cc2ccccc2)c2nc3c(C)ccc(Cl)c3s2)cc1
7245,7247,Cc1ccsc1CNC(=O)c1cn(C2C[NH2+]C2)nn1
7246,7248,COCCN(CCOC)S(=O)(=O)c1ccc(C(=O)N(N=Cc2ccccc2OC)c2nc3ccc(Br)cc3s2)cc1
7247,7249,Cc1ccc(NS(=O)(=O)c2cccc(C(=O)Nc3ccc(C)c(C(N)=O)c3)c2)cc1
7248,7250,Cc1cc(N2CCOCC2)nc(CNC(=O)N2CCC(c3ccccn3)CC2)n1
7249,7251,Cc1cc(C)cc(n2nc(C(=O)N3CCC(C[NH3+])CC3)c3c2CCC3=O)c1
7250,7252,CC(C)(C)c1cc(C#N)cc(n2ccc(OCc3ccc(C[NH2+]CCCNS(=O)(=O)C(C)(C)C)cc3OCc3ccc(C[NH2+]CCNC4=NS(=O)(=O)CC4)cc3)c(Cl)c2=O)c1
7251,7253,CC(=O)C1CCC[NH+](CC(=O)Nc2ccc(N(C)C)cc2)C1
7252,7254,COc1ccccc1CNc1nccc(Nc2ccc(OC(C)C)cc2)n1
7253,7255,C=CCNC(=O)C(C)Nc1cccc(I)c1
7254,7256,Cn1cc(C=NNc2ccc(C(F)(F)F)cn2)c2cc(CO)ccc21
7255,7257,CC(C)[NH+](CC(O)C[NH3+])C(C)(C)C(=O)[O-]
7256,7258,COc1cc([N+](=O)[O-])ccc1NC(=O)CCC(=O)N1CCCCCC1
7257,7259,CCOCCCNc1ncnc(Nc2cc(Cl)ccc2OC)c1N
7258,7260,Cc1nn(Cc2c(Cl)cccc2Cl)c(C)c1NC(=O)Cc1ccccc1F
7259,7261,CS(=O)(=O)N1CCN(C(=O)C(c2ccccc2)N2CCCC2=O)CC1
7260,7262,O=C(C=Cc1c(F)cccc1Cl)NCC(O)c1cc2ccccc2s1
7261,7263,CCc1ccc(C([NH3+])CN2CCCCC2C(N)=O)o1
7262,7264,O=C([O-])CC(c1ccc2c(c1)oc(=O)n2S(=O)(=O)c1ccc(Cl)cc1)C1CC1
7263,7265,CCCC[NH+](CC)Cc1nnc(NC(C)C)s1
7264,7266,CC(=O)N(CCC(=O)NCC(C)C)c1[nH+]c(c2ccccc2)cn1c1ccc(C#N)cc1
7265,7267,C[NH2+]Cc1ccc(Oc2ccc(C)nc2C)c(Cl)c1
7266,7268,COc1ccc(Br)cc1CC1([NH3+])CCCc2ccccc21
7267,7269,COc1ccccc1C(CNC(=O)C(C)Oc1ccc(Cl)cc1Cl)OC
7268,7270,CCCc1ccc(S(=O)(=O)Nc2ccc3c(c2)OCCO3)cc1
7269,7271,Cc1[nH]ncc1CNC(=O)C1CCC(=O)N(CC(F)(F)F)C1
7270,7272,CCOc1cc(c2cnc3c(c2)c(c2ccc(F)cc2)nn3COCC[Si](C)(C)C)ccc1Cl
7271,7273,CCOC(=O)C1=C(C[NH+]2CCCN(C)CC2)NC(=O)NC1c1ccccc1
7272,7274,O=C(COc1ccccc1F)Nc1nnc(SCc2cccc3ccccc23)s1
7273,7275,COc1ccc(C(=O)Nc2ccc(C(C)(C)C)cc2O)cc1
7274,7276,Cc1ccc(N2CCC(C(=O)N3CCC(C(=O)N4CCN(c5cc6c(nn5)CCCC6)CC4)CC3)C2=O)cc1C
7275,7277,CCC1CC1N1CC([NH3+])CC1=O
7276,7278,CCC12COC(C(c3ccccc3)c3ccccc3)(OC1)O2
7277,7279,C[Si](C)(C)CCOCn1ccc2c(C(F)(F)F)cccc21
7278,7280,COc1ccc(NC(=O)NCCC(=O)[O-])c(C)c1C
7279,7281,Cn1cc(NC(=O)c2ccc(COc3ccccc3)cc2)cn1
7280,7282,CC(C)CNC(=O)c1nnn(c2ccc(Br)cc2)c1CSc1ccccc1
7281,7283,[NH3+]C(CC(=O)NC1CCOc2ccc(F)cc21)C1CC1
7282,7284,[NH3+]CCN1CCC(n2cc(CCCOCc3ccccc3)c3c(Cl)ncnc32)C1
7283,7285,Cn1c(SCC(=O)Nc2ncc(Cl)cc2Cl)nnc1c1cc(Cl)ccc1Cl
7284,7286,CCCCNC(=O)c1ccc2ncoc2c1
7285,7287,C=CCNC(=O)Nc1sc(C)c(C)c1C(=O)OC
7286,7288,CCOC(=O)N1CCC(NC(=O)CCc2cn(Cc3ccccc3)nc2c2ccccc2)CC1
7287,7289,CC(C)CN(C)c1nc(NN)nc(n2cccn2)n1
7288,7290,COc1cc([N+](=O)[O-])ccc1Nc1ncc(C)c(NC2CCCCC2NS(C)(=O)=O)n1
7289,7291,CCCCCCCc1cnc(C2CCC(CCCCC)CC2)nc1
7290,7292,CCCCCCOc1ccc(C(=O)Oc2ccc(c3noc(CNC(=O)CCCc4ccccc4)n3)cc2)cc1
7291,7293,CC(=O)OC(C1COC(C)(C)O1)C(O)COC(=O)C(C)(C)C
7292,7294,CC(C)([NH3+])CNC(=O)C1CCCN1C(=O)C(CCC[NH+]=C(N)N)NC(=O)C(Cc1cccc2ccccc12)NC(=O)OCc1ccccc1
7293,7295,N#CC(=Cc1cn(c2ccccc2)nc1c1cccs1)C(=O)N1CC[NH+](Cc2ccc3c(c2)OCO3)CC1
7294,7296,CC(C)(C)[Si](C)(C)OCCOCCSc1ccc(OC2OC(CO[Si](C)(C)C(C)(C)C)C(O[Si](C)(C)C(C)(C)C)C(O[Si](C)(C)C(C)(C)C)C2I)cc1
7295,7297,COCCCNC(=O)C1(C(N)=S)CCC1
7296,7298,Fc1ccccc1n1c(=S)[nH]nc1c1ccccc1
7297,7299,COC(=O)Nc1cc(c2c3n(c(c4ccncc4)cn2C(C)=O)CSC3)ccc1OC
7298,7300,Cc1cc(NC(=O)C[NH+](C)C(C)CO)no1
7299,7301,Cc1cc(C)c(NC(=O)CNC(=O)C(C)Oc2ccc(Cl)cc2Cl)c(C)c1
7300,7302,COc1ccc(OC)c(NC(=O)c2conc2c2ccccc2)c1
7301,7303,Cc1cc(n2nc(C(=O)Nc3ccccc3)cc2C2CC2)ccc1Br
7302,7304,O=C([O-])c1ccc(c2cc(C(F)(F)F)ccc2I)cc1
7303,7305,COc1ccc(COC(=O)c2occc2C)cc1
7304,7306,COc1ccc(NC(=O)C(C)OC(=O)c2cc3c(s2)CCCC3)cc1
7305,7307,C=CC(=O)Nc1cc(Nc2nccc(n3c4ccccc4c4cc(c5ccc(C[NH+]6CCCC6)nc5)ccc43)n2)c(OC)cc1N(C)CC[NH+](C)C
7306,7308,CCc1ccsc1C(=O)N1CCN(c2ccc(c3cccc(C)c3)nn2)CC1
7307,7309,CCOC(=O)c1ccc(CNC(=O)NCC2COc3ccccc3O2)cc1
7308,7310,O=Cc1c(I)cnc(OC(F)(F)F)c1[N+](=O)[O-]
7309,7311,CCc1cc2c(C#N)cccc2[nH]c1=O
7310,7312,O=C(Nc1nc2ccc(C(F)(F)F)cc2[nH]1)c1cc(c2cccnc2)on1
7311,7313,CCOc1ccc2nc(N(CC[NH+]3CCOCC3)C(=O)CS(=O)(=O)c3ccc(F)cc3)sc2c1
7312,7314,COCCn1c(CCCl)nc2ccc(OC)nc21
7313,7315,CCC(C)C1[NH2+]C(c2cccc(C)c2)N(C(C)C[NH+](C)C)C1=O
7314,7316,CN(CC(=O)N1CCCCCC1)C(=O)c1cc(N)c[nH]1
7315,7317,COCC(=O)NCCc1ccc2c(c1)OCCCO2
7316,7318,CC(NC(=O)N(C)CCC#N)c1ccc2c(c1)CCC2
7317,7319,CCOC(=O)C(Cn1nccn1)(Oc1ccc(OC)cc1)c1ccccc1
7318,7320,Cc1c(C(=O)[O-])c2c(n1c1ccccc1Cl)CCCC2
7319,7321,CC(C)(C)OC(=O)C(C)(C)C(O)(c1ccccc1)c1ccccc1
7320,7322,COc1ccc(S(=O)(=O)N(CC(O)C(Cc2ccccc2)NC(=O)OC2COC3OCCC23)c2ccccc2)cc1
7321,7323,COc1ccc(NC(=O)CN(C)C(=O)CCc2cnn(c3ccccc3)c2)cc1
7322,7324,CC(Sc1cccc(NC(=O)C(=Cc2ccc([N+](=O)[O-])cc2)NC(=O)c2ccccc2)c1)C(=O)Nc1ccc(S(N)(=O)=O)cc1
7323,7325,Cc1ccnc(Nc2ncnc(Nc3cccc(N4CC[NH+](Cc5cccc(Cl)c5C)CC4)c3)n2)c1
7324,7326,O=C(CCc1nc(c2ccccc2)no1)NCC(O)c1cc(Cl)cc(Cl)c1
7325,7327,Cc1ccc2c(CC(=O)NC(CC(=O)[O-])C(=O)OC3Cc4ccccc4C3)c[nH]c2c1C
7326,7328,Cc1cc(N2CCCC(c3[nH]ncc3c3ccccc3F)C2)n(C)n1
7327,7329,N#Cc1c(N)nc(SCC(=O)NC2CCC(C(=O)[O-])CC2)c(C#N)c1c1ccco1
7328,7330,CCCCc1nc2ccc(N3CCN(C(=O)c4cc5cc(Br)ccc5oc4=O)CC3)cc2n1Cc1ccc(c2ccccc2C(=O)[O-])nc1
7329,7331,COc1ccc(c2nc(SCC(=O)c3ccc(C)cc3)c3c(=O)n(C)c(=O)n(C)c3n2)cc1
7330,7332,COC(=O)c1c(NC(=O)c2cc(=O)c3cc(C)ccc3o2)sc2c1CCCCCC2
7331,7333,Cc1ccc(C[NH2+]C(C)C)cc1F
7332,7334,O=C(OCc1ccccc1)C(c1ccc(F)cc1)c1ccc(OS(=O)(=O)c2ccc(OC(F)(F)F)cc2)cc1
7333,7335,COc1ccc(C(Br)c2ccc(F)c(C(F)(F)F)c2)c(F)c1
7334,7336,CC(C)(CCC(=O)[O-])NC(=O)CC1CC2CCC1C2
7335,7337,CCc1cccc(C)c1NC(=O)C(C)OC(=O)c1ccccc1c1nc2ccccc2s1
7336,7338,CCCOC(=O)c1c(N)cccc1Cl
7337,7339,N#Cc1nc(N)ccc1C(F)(F)F
7338,7340,O=c1c(Cc2ccc(Cl)cc2)nn(C2CC[NH+](C3CCCCC3)CC2)n1Cc1ccco1
7339,7341,CC(C)c1ccc(CC2(C[NH3+])CCCCC2)cc1
7340,7342,Cc1coc(SCc2cc(Br)ccc2F)n1
7341,7343,O=C1COc2cc(C(=O)N3CCC4(CC3)OCCO4)ccc2N1
7342,7344,CCCCC(CC)COCc1c(Cl)c(C)nn1CC
7343,7345,Nc1ccc(CC(=O)NC2CCCCC2)cc1
7344,7346,Cc1ccnc([N-]S(=O)(=O)c2ccc(NC(=O)c3cccnc3N)cc2)c1
7345,7347,[NH3+]CCN1CC([NH2+]Cc2cnc[nH]2)CC1=O
7346,7348,O=C(CCC1CC[NH2+]CC1)NC1CCCCC1
7347,7349,CCc1ccc(C=C2SC(=S)N(c3ccccc3)C2=O)cc1
7348,7350,COCC(=O)Nc1ccc(NC(=O)c2ccc(C)c(C)c2)cc1
7349,7351,COC(=O)CC1CCN(C(C)c2ccc(Cl)c(Cl)c2)C(=O)CC(c2ccc(Cl)cc2)[NH+]1Cc1cccc(F)c1
7350,7352,Cc1noc(c2ccc(N3CC[NH+](C)CC3)c(NC(=O)c3ccc(c4ccccc4)o3)c2)n1
7351,7353,CC(C)CC(=O)Nc1cccc(C=Cc2ccccn2)c1
7352,7354,C[NH2+]Cc1cc(Br)cnc1N(CCO)C1CCCC1
7353,7355,Cc1occc1SCC(=O)OCC(=O)Nc1c(Cl)cc(Cl)cc1Cl
7354,7356,[NH3+]C(Cn1ccnc1)c1ccc(F)cc1Br
7355,7357,C=CC(CC)n1c(=O)c2ccccc2n2c(C[NH+]3CCCCC3CC)nnc12
7356,7358,COc1ccc(C(C[NH3+])N(C)C2CC2)c(F)c1
7357,7359,Cc1ccc(c2noc(c3ccccc3N=Nc3c(C#N)cnn3c3ccccc3)n2)cc1
7358,7360,COc1c(Br)cc(C2C3=CCC4C(=O)N(c5ccc(C(=O)[O-])cc5)C(=O)C4C3CC3C(=O)N(Nc4ncc(C(F)(F)F)cc4Cl)C(=O)C32c2ccccc2)cc1Br
7359,7361,CC(CC1CCC1)n1c(=O)n(CC2CC2)c(=O)c2c1nc(Oc1cccc(OC(F)F)c1)n2CC(C)C
7360,7362,COc1ccc(CC(=O)NCC(=O)Nc2ccc(Br)cc2Cl)cc1
7361,7363,COc1cc(OC)cc(C(=O)NC(c2ccccc2)c2ccc(Br)s2)c1
7362,7364,O=C(COc1ccccc1F)Nc1ccc(F)c(C(F)(F)F)c1
7363,7365,CC(=O)c1sc(NC(=O)CNC(=O)c2ccccc2)nc1c1ccccc1
7364,7366,CCn1c(=O)n(CC(C)[NH3+])c(=O)c2c1nc(N1CCN(c3ncccn3)CC1)n2C
7365,7367,COC(=O)c1cc(N2CCC3(CCOC3)C2)c2c(F)cn(c3ccccc3Cl)c2[nH+]1
7366,7368,CCCCCCNC(=O)C(C)NC(=O)C1CCC[NH2+]1
7367,7369,CCOc1ccc(C2=C(SC)C(=O)N(c3ccc(Cl)cc3C)C2=O)cc1
7368,7370,COc1ccc(COC(=O)C2=C(C)NC3=C(C(=O)CC(C)(C)C3)C2c2cccc3ccccc23)cc1
7369,7371,COCCCN(CCOC)c1ccc(C[NH3+])cc1Cl
7370,7372,CN(CC(=O)Nc1ccc(C[NH+]2CCCC2)cc1)S(=O)(=O)c1ccccc1
7371,7373,CC1CCC(C)C([NH2+]CCc2ncn[nH]2)C1
7372,7374,CC1CC(C[NH3+])CN1c1nc2ccccn2c(=O)c1[N+](=O)[O-]
7373,7375,COc1ccc2c(OC3CC4C(=O)NC5(C(=O)NS(=O)(=O)C6(C)CC6)CC5C=CCCC(C)CC(C)C(NC(=O)OCC5(C(F)(F)F)CC5)C(=O)N4C3)ncc(OC)c2c1
7374,7376,CCn1c(SCC(=O)Nc2cccc(Cl)c2Cl)nnc1c1ccccc1OC
7375,7377,CC(CC(=O)[O-])SCC(=O)Nc1ccc(Br)cc1F
7376,7378,O=C1c2ccccc2C(=O)N1CCCC[NH+]1CCN(CCCc2ccccc2)CC1
7377,7379,CCOC(=O)c1ccc(NC(CC)(CO)CO)nc1C
7378,7380,Cc1cc(F)ccc1NC(=O)c1ccc(NC(=O)C(NC(=O)C2CC[NH+](C(C)C(=O)Nc3cc(C(=O)NC(C)C)ccc3Cl)CC2)C(C)C)cc1
7379,7381,CC(C)(C)OC(=O)CC1CSCC1O
7380,7382,CCC1CCCC[NH+]1C(CC)CC(=O)[O-]
7381,7383,Cc1ccc([N+](=O)[O-])c(CS(=O)(=O)C(C)C)c1C
7382,7384,CCC1OCCC1NC(=O)NC1CCC2(CCOCC2)C1
7383,7385,COC(=O)c1sccc1NC(=O)C[NH+](CCO)Cc1ccco1
7384,7386,Fc1ccc(Nc2ncnc(Nc3ccccc3F)c2Nc2cccc(F)c2)cc1
7385,7387,Cc1c(C)c2c(c(C)c1O)CCC(C)(CCCC(C)CCCC(C)CCCC(C)C)O2
7386,7388,CC(C)(C)c1cc(NC(=O)c2ccc3nc(NC(=O)c4cncn4C4CC4)ccc3c2)n(c2cccc(C#N)c2)n1
7387,7389,N#Cc1ccccc1S(=O)(=O)N1CCCCC1C#N
7388,7390,CCc1cc(=O)nc(C2CCCN(S(=O)(=O)c3cnc[nH]3)C2)[nH]1
7389,7391,Cc1ccc(CNC(=O)c2cnc(N3CCOCC3)nc2)cc1F
7390,7392,COC(=O)c1ccccc1NC(=O)CN(c1ccc(F)cc1)S(=O)(=O)c1ccc(F)cc1
7391,7393,Cc1cc(CC(C)(C)C)sc1C(=O)N1CC[NH+](Cc2cn(C)nc2C)CC1
7392,7394,C=CC(=O)NC1CN(S(=O)(=O)c2ccc(C(=O)NCCCOC(=O)C=C)c(Cl)c2)c2cc(OC)ccc2O1
7393,7395,COC(=O)Nc1ccc(n2cc(c3ccc(N4CC(Cn5ccnc5)OC4=O)nc3)cn2)cc1
7394,7396,CNc1cc(C2CCN(C(=O)CCC3CCCCC3)CC2)ccn1
7395,7397,Cc1cc(F)ccc1CC1(O)CCCC(C(C)C)CC1
7396,7398,O=C(C=Cc1cccc(OCc2ccccc2)c1)NC1CC[NH+](C2CCCC2O)CC1
7397,7399,Cc1ccc(n2nccn2)c(C(=O)N2CC3CCC[NH2+]C3C2)c1
7398,7400,FC(F)(F)Oc1ccc(c2c(Cl)cccc2Cl)cc1
7399,7401,O=C(Cc1ccccc1)Nc1nc(CC(=O)N2CCN(c3ccccc3)CC2)cs1
7400,7402,CC(=O)NCc1ccc(c2csc(NC(=S)NC(=O)c3ccc(c4ccc([N+](=O)[O-])cc4)o3)n2)cc1
7401,7403,COc1cc(OC)cc(n2nnnc2NCCC[NH+]2CCCC2)c1
7402,7404,COc1cc(OC)c(S(=O)(=O)N2CCN(C(=O)c3ccccc3Cl)CC2)cc1Cl
7403,7405,O=C(Nc1ccc(I)cc1)NC1(C(=O)[O-])CC1
7404,7406,O=C(c1ccc(c2ccccc2)cc1)N1CCc2c(ncnc2Nc2ccc3c(c2)CCC3)C1
7405,7407,CCC1(CC)CC[NH+](CC(O)C[NH2+]C(C)C)CC1
7406,7408,O=C(C1CCC1)N1CCC(OC2CCOC2)CC1
7407,7409,Cc1ccc(S(=O)(=O)Oc2ccc(C=C3C(=O)NC(=O)N(c4ccc(C)c(C)c4)C3=O)cc2)cc1
7408,7410,CCOCCCNC(=O)C(Cc1cnc[nH]1)NC(=O)c1ccccc1
7409,7411,[NH3+]C1CN(Cc2cc(c3cccs3)no2)C1
7410,7412,O=C(C=Cc1ccccc1)NCC(=O)Nc1ccc(c2csc(Nc3ccccc3)n2)cc1
7411,7413,O=C(Cn1cnc2scc(c3ccccc3)c2c1=O)Nc1ccccc1F
7412,7414,CCOC(=O)c1nn(c2ccc(C)cc2)c(=O)cc1OS(=O)(=O)c1cccc2ccccc12
7413,7415,Cc1ccc(S(=O)(=O)NCC2Cn3cccc3C(=O)N2c2ccc(Cl)cn2)cc1
7414,7416,Cc1nc(SCCCC#N)nc(C)c1C
7415,7417,Cc1ccc(S(=O)(=O)Nc2ccc(CNC(=O)CC#N)cc2)cc1C
7416,7418,CC(C)Sc1ccc(CC(=O)NC(c2nc(C(C)C)no2)C(C)C)cc1
7417,7419,Cc1cc(C(=O)[O-])cc(Cl)c1OCc1cccc(F)c1
7418,7420,CC(C)[NH+](CCC[NH3+])C1CCOC2(CCOC2)C1
7419,7421,O=C([O-])C1CCC(CNS(=O)(=O)CCc2ccccc2)CC1
7420,7422,Cc1ccc(N2C=CCC(C(=O)c3ccccc3)C2)cc1
7421,7423,CCn1cc(CNC(=O)c2cc(C)nc3c2cnn3C(C)C)cn1
7422,7424,COC(=O)c1c(C(F)(F)F)cc(c2cc(C(=O)OC)cc(C(N)=O)c2)nc1Cl
7423,7425,Cc1cc(S(=O)(=O)C(C)C)ccc1NC(=O)C(C)Oc1ccc(Cl)cc1Cl
7424,7426,COc1ccc(c2nnc(SCC(=O)Nc3cccc4cccnc34)n2N)c(OC)c1
7425,7427,CC1CC1CNS(=O)(=O)C1COC1
7426,7428,COc1ccc(NC(=O)N(C)CC(=O)Nc2c(C)cccc2C)c(OC)c1
7427,7429,CCOC(=O)c1ccc(NC(=O)COc2c(C)cc(C)cc2Br)cc1
7428,7430,O=C(Nc1ccccc1Cl)c1ccc(C[NH+]2CCCC(O)C2)cc1
7429,7431,Nc1ccc2c(c1)C(O)(C1=C(c3ccc4ccccc4c3)C(=O)N1)C(=O)N2
7430,7432,COc1cccc(C(=O)Nc2ccc(c3cn4ccsc4[nH+]3)cc2)c1OC
7431,7433,[NH3+]C1CCN(c2cccc3c2CCN3)CC1
7432,7434,Cc1ccc(C2([NH3+])CC2)c(C)c1
7433,7435,O=C(CCc1cccnc1)Nc1ccccc1SCC1CCCO1
7434,7436,CCn1nc(C)c(CN(C)C(=O)c2ccc(OC3CCC(C)C3)cc2)c1C
7435,7437,O=C([O-])COc1cccc2c1OCC[NH+](Cc1ccon1)C2
7436,7438,O=C(c1ccc(OCc2noc(C3CC3)n2)cc1)C(F)(F)F
7437,7439,N#Cc1ccc(OCc2nc(C(=O)Nc3cccc(OC(F)(F)F)c3)cs2)cc1
7438,7440,CC1CN(c2ccc3c(c2)C(=O)CC3)CCN1S(=O)(=O)c1ccc(Cl)cc1Cl
7439,7441,COc1ccc(C([O-])=C2C(=O)C(=O)N(c3ccc(C(C)(C)C)cc3)C2c2ccc(Cl)cc2)cc1C(C)(C)C
7440,7442,O=CN1CCN(C(=O)CSc2[nH+]cc(c3ccccc3)n2c2ccccc2F)CC1
7441,7443,CC1CN(C(C[NH+]2CCCC2)c2cccc(C(F)(F)F)c2)C(C)C[NH2+]1
7442,7444,CC1CN(c2ncc(F)cn2)CC1[NH3+]
7443,7445,FC(F)(F)c1nnc(N2CCCC2C2CC2)o1
7444,7446,Cc1cc(F)ccc1C([NH3+])Cc1ccsc1
7445,7447,CC1CCN(C(=O)CC2CC[NH2+]C2)CC1O
7446,7448,N#CC1CN(C2CCC(F)(F)CC2)CC1C1CC1
7447,7449,COCCCNC(=O)c1cc(NC(=O)NC2CCCC2)ccc1N1CCCC1
7448,7450,C=CCNc1sc(C(=O)c2ccccc2)c(N)c1C(=O)OC
7449,7451,COc1ccc(C(=O)[O-])cc1NCc1sccc1C
7450,7452,Cc1cccc2c(=O)n(CC(=O)N3CC[NH+](C)CC3)cnc12
7451,7453,Cc1c(C2=NOC(c3ccc(F)cc3)C2)sc2[nH+]c(c3ccc(F)cc3)cn12
7452,7454,CNc1cc(Nc2cc(c3ccsc3)[nH]n2)nc(c2cccnc2)n1
7453,7455,COc1cccc2cc(c3nc4ccccc4nc3N)c(=O)oc12
7454,7456,COc1ccc(C=CC(=O)C2=C(C=C3N(CCCc4ccccc4)c4ccccc4N3CCc3ccccc3)C(CO)C3C(=O)N(C(=O)OC)C(=O)C23)cc1OC
7455,7457,Cc1cc(c2ccc(Br)c3ccccc32)c(Cl)cc1F
7456,7458,COc1cc(Br)c(c2nc(NN)ncc2C)cc1OC
7457,7459,CC(C)n1cc(C=NNC(=O)Cc2nc3ccccc3[nH]2)c2ccccc21
7458,7460,O=C([O-])c1cc(S(=O)(=O)NC2CC[NH+](C3CC3)C2)cs1
7459,7461,Cc1ccc(C(C)Nc2nc(C)nc(Cl)c2C)o1
7460,7462,O=c1c2ccccc2n(c2ccccc2)n1Cc1cccnc1
7461,7463,Cc1cc(C)c(NC(=O)N2CCCC(NC(=O)c3cccc([N+](=O)[O-])c3)C2)c(Cl)c1
7462,7464,COC(=O)CC1CCN(C(=O)C2(c3ccc(Br)cc3)CC2)C1
7463,7465,COCC(=O)NCc1ccc(Oc2ccc(C#N)cc2)cc1
7464,7466,CCC(C)NC(=O)c1ccc(C)c(NC(=O)C(C)[NH+]2CCC(C(=O)N3CCCC3C(=O)Nc3ccc(OC)c(NC(=O)c4ccc(F)cc4)c3)CC2)c1
7465,7467,Cc1cc(C(=O)N2CCc3ccccc3C2)sc1C#CCCO
7466,7468,CC(C)C(C)Cn1c(=S)[nH]c2c(F)cc(F)cc21
7467,7469,COC(=O)C(C)CN(C)S(=O)(=O)c1ccccc1C#N
7468,7470,O=C(Nc1cnccn1)C1CCC2CCCCC2[NH2+]1
7469,7471,CCCCCOc1ccc(C=CC(=O)Nc2ccc3nc(Cl)[nH]c3c2)cc1OCC
7470,7472,CC1C2CC(F)C[NH+]1C1C3CCC(CC3)C12
7471,7473,COc1ccc(OC)c(N(CCC[NH+](C)C)CC(=O)c2ccc(Cl)cc2)c1
7472,7474,CC(C)(CCNC(=O)C1CC12CCOC2=O)C(=O)[O-]
7473,7475,O=C(NC1CCOC2(CCC2)C1)N1CCOCC1C1CCCCC1O
7474,7476,C=CCS(=O)c1ccccc1C(=O)NC(C)c1ccccc1
7475,7477,COc1ccc(C(=O)N(CC[NH+](C)C)c2nc3c(C)ccc(Cl)c3s2)cc1
7476,7478,Cc1ccc(CCC(=O)N2CC[NH+](CCO)CC2)cc1
7477,7479,O=C(Nc1ccn(Cc2ccc(F)cc2)n1)C(=O)Nc1cccnc1
7478,7480,CCn1cc(Oc2ncncc2Br)cn1
7479,7481,COCCn1cc(S(=O)(=O)NCC2CCCC2O)cc1C
7480,7482,CCOCCCNC(NCCC[NH+]1CCc2ccccc2C1)=[NH+]C
7481,7483,CC(C)CC(NC(=O)CSc1nnc(C2CC2)n1C1CC1)c1ccccc1
7482,7484,COCC1C2CC3CC1CC(C2)C3(C)C
7483,7485,CCc1[nH]c2c(Br)ccc(Cl)c2c1Cl
7484,7486,Cc1ccc(c2c(NCCCO)c3ccc[nH]c-3nc2=O)cc1
7485,7487,CC(C)C([NH2+]Cc1c(F)cccc1Cl)C(=O)[O-]
7486,7488,CC1CCCN(c2cnn(c3ccc(C(F)(F)F)cc3)c(=O)c2C=CC(=O)N2CCCCC2CO)C1
7487,7489,CCOC(=O)c1ccc(NC(=O)CSC2=NC3(CCCCC3)N(C(C)=O)c3ccc(OC)cc32)cc1
7488,7490,COC(=O)C(C)(C)Oc1ccc(C=Cc2ccc([N+](=O)[O-])cc2)cc1
7489,7491,COc1ccc(C(=Cc2ccccc2)Sc2ccccc2)c(C)c1
7490,7492,CCOC(=O)C(CSC(C)C(C)C)[NH2+]C
7491,7493,CC1=NN(c2ccc(C(F)(F)F)cc2)C(=O)C1=Cc1ccc(N(C)C)cc1
7492,7494,CC1CCC([NH+](C)CCc2cccc(C(=O)[O-])c2)C1
7493,7495,Fc1ccc(C2CNc3c(c4ccccc4)cc(c4ccccc4)n32)cc1
7494,7496,C[NH2+]C(c1cncnc1)c1ccnn1C
7495,7497,CCCCN(CC)S(=O)(=O)c1ccc(C(=O)Nc2sc3c(c2C(=O)OC)CCCC3)cc1
7496,7498,Cc1ccc(NC(=O)C2(c3ccc(Cl)cc3)CCCC2)c(C)c1
7497,7499,Cc1cc(C)c(C#N)c(SC2=C([NH+]3CCCCC3)C(=O)N(c3ccc(Br)c(C)c3)C2=O)n1
7498,7500,COCCOCCOC(=O)Nc1cccc(CNc2nccs2)c1
7499,7501,COc1ccc(NC(=O)N2CC(Oc3ccccc3Cl)C2)cc1
7500,7502,Cc1cc(Br)c(NS(=O)(=O)c2cccc3ncccc23)c(Br)c1
7501,7503,CN(CC(=O)[O-])C(=O)c1ccc2c(c1)NC(=O)CCO2
7502,7504,CCCC=CCOC(=O)C(OC(C)=O)C(C=NN(CC)c1ccccc1)=NN(CC)CC
7503,7505,CC(C)NC(=O)COC(=O)CSCc1c(F)cccc1Cl
7504,7506,CCOC(=O)Cn1cc(C(=O)c2ccc(Cl)cc2)c2cc(c3ccsc3)cnc21
7505,7507,COc1ccc(C(CNC(=O)C2CCC(=O)N2)[NH+]2CCCC2)cc1
7506,7508,O=C([O-])C1CCN(c2c(F)cc3c(=O)c(C(=O)[O-])cn(c4ccc(F)cc4)c3c2F)CC1
7507,7509,CCC(C)C(NC(=O)C(Cc1c[nH]c2ccccc12)NC(=O)C(CS)NC(=O)C([NH3+])C(C)O)C(=O)[O-]
7508,7510,COC(=O)c1cc2ccc(C=C(C)C)cc2n1c1ccccc1
7509,7511,Cc1cc(O)c(O)cc1CNC(=O)c1cccc(N)c1
7510,7512,N#CCC1(O)COc2c(cccc2[N+](=O)[O-])C1
7511,7513,N#Cc1ccc(N2C(=O)c3ccccc3C2=O)nc1Sc1ccc(Cl)cc1
7512,7514,CC(=O)c1cccc(OC(=O)c2cccc([N+](=O)[O-])c2C)c1
7513,7515,COc1ccc(NC(=O)CNC(=O)C2CC[NH+](C(C)C(=O)Nc3ccc(Cl)c(C(=O)NC4CCCCC4)c3)CC2)cc1NC(=O)c1ccccc1C
7514,7516,O=C([O-])C1(c2ccc(OC3CC3)c(Br)c2)CC1
7515,7517,Cc1c(C(=O)[O-])sc2ncn(Cc3ccccc3)c(=O)c12
7516,7518,COCCC(C)NC(=S)Nc1ccnn1C(C)C
7517,7519,CCOc1cc(C(=O)Nc2cccc(N3CCCNC3=O)c2)ccc1OC(F)F
7518,7520,COc1ccc(n2c(=S)oc3cc(C)ccc32)cc1Cl
7519,7521,CC(=O)Nc1cccc(Nc2nccc(N3CCc4ccccc43)n2)c1
7520,7522,C[Si](C)(C)[Si](Cc1ccccc1)(C1CCCCC1)C1CCCCC1
7521,7523,O=C(Nc1ccc(F)c(F)c1F)c1nc2ncccn2n1
7522,7524,COCC1=C(C(=O)[O-])N2C(=O)C(NC(=O)Cc3cccs3)C2SC1
7523,7525,O=C(NCC1(C2CCC2)CCC1)c1cc(C(F)(F)F)cc(C(F)(F)F)c1
7524,7526,CCCc1noc(COC(=O)c2ccc(=O)n(CCOc3ccccc3)n2)n1
7525,7527,CC(C)c1ncc(c2nnc(N3CCC4(CC3)CC(=O)N(CC3CC3)C4)c3ccccc23)o1
7526,7528,O=C(CN1CCCS1(=O)=O)N1CCSC2CCCCC21
7527,7529,O=C(NCc1cccnc1)c1ccc2c(=O)n(C3CCCOC3)c(=S)[nH]c2c1
7528,7530,CC1CN(C(=O)Nc2cncc(Br)c2)CC[NH+]1C
7529,7531,C=CCNC(=O)C(C)(C)C(=O)NC(C)c1ccc(Br)cc1
7530,7532,COc1ccc(c2cn3ccc4ccccc4c3[nH+]2)cc1NC(=O)c1snnc1C
7531,7533,CC(C)(Br)C(=O)Nc1ccc([N+](=O)[O-])cn1
7532,7534,O=P([O-])([O-])Nc1ccc(C=Cc2ccc([N+](=O)[O-])cc2)cc1
7533,7535,CCCc1c(OCCCOc2cccc(C(N)=[NH2+])c2)ccc(C(C)=O)c1O
7534,7536,FC(F)(F)COCCC1(Br)CC(Cl)C1
7535,7537,O=C(COc1ccc(F)cc1)Nc1ccc(C(=O)NCc2ccco2)cc1
7536,7538,Cc1nc(CN2CC[NH+](CC(=O)NC(C)c3ccccc3)CC2)cs1
7537,7539,O=C(C[NH+]1CCN(c2ccc([N+](=O)[O-])cc2)CC1)Nc1nc2ccc(Br)cc2s1
7538,7540,COc1ccc(CCC(=O)N(CCC(=O)NCCc2ccccc2)Cc2ccccc2)cc1
7539,7541,Cc1nsc(Sc2c[nH+]ccc2N)n1
7540,7542,O=C(C[NH+]1CCCC1CC(O)c1ccco1)Nc1c(Cl)cccc1Cl
7541,7543,COC(=O)C(NC(=O)c1ccc(S(C)(=O)=O)cc1)c1ccccc1
7542,7544,CNc1nc(N)c(C(=O)N2CC(C)N(C)C(C)C2)s1
7543,7545,CC1CC1NC(=S)Nc1ccc(Cl)cc1F
7544,7546,[NH3+]CCCN(C1CC1)S(=O)(=O)c1c(Cl)nc2sccn12
7545,7547,N#Cc1ccc(c2csc3[nH+]cc(C(=O)Nc4ccc(OC5CC[NH2+]CC5)cc4)n32)cc1
7546,7548,CC(C)(C)C1CCc2[nH][nH]c(=O)c2C1
7547,7549,CCCCCCn1c(=O)c2c(ncn2CCC(=O)NCCOC)n(CC2CCC2)c1=O
7548,7550,CCOC(=O)CC1=C(O[Si](C)(C)C)C(C)(SC)C(=O)N1C
7549,7551,Cc1nnc(SCc2cccc(C(=O)NN)c2)n1C
7550,7552,Cc1ccc(n2ncc3c(=O)n4c(nc32)sc2ccccc24)cc1
7551,7553,COc1ccccc1NC(=O)N1CCC(NC(=O)c2cc(C(F)(F)F)ccc2Cl)CC1
7552,7554,CCOc1ccc(NC(=O)CNC(=O)c2cccc(NC(=O)c3ccccc3Cl)c2)cc1
7553,7555,CCOC(=O)c1cnc(N2CCC(NC(=O)CC#N)CC2)c(Cl)c1
7554,7556,FC(F)(F)c1ccnc(Nc2nc3ccc(N4CCN(c5ccc(Cl)cc5)CC4)cc3s2)n1
7555,7557,COc1ccc2c(c1)C([NH2+]CC(O)C(Cc1ccc3ccccc3c1)NC(=O)[O-])CCC2
7556,7558,Cc1ccnc(c2cc(Nc3ccnc(c4nc5ccc(Br)cc5o4)n3)c3cnccc3c2)n1
7557,7559,CC1CN(S(=O)(=O)N(C)C2CCCC2)CC(C)O1
7558,7560,Cc1cc(C)c(CNC(=O)Cn2cc(C)ccc2=O)c(=O)[nH]1
7559,7561,O=C(C(SCc1ccccc1[N+](=O)[O-])c1ccc(Cl)c(Cl)c1)c1ccc(Cl)cc1
7560,7562,N#CCc1c(c2ccc(Cl)cc2)c2ccccc2n1CCO
7561,7563,Cc1[nH]c(C(=O)N(C)CC2(CO)CC2)c(C)c1C(=O)OC(C)C
7562,7564,CCCCCNC(=O)C1CC[NH+](CC(=O)Nc2ccccc2Cc2ccccc2)CC1
7563,7565,Cc1c(COc2cc(C#CC[NH3+])ccc2F)cnn1C
7564,7566,CC[NH2+]C(Cc1cccc(OC)c1F)C(C)(CC)OCC
7565,7567,O=C1CC(C(=O)Nc2ccccc2)N(CCC2=CCCCC2)C1
7566,7568,Cc1c(C(=O)N2CCN(c3ccc(F)cc3)CC2)sc2ncn(CC(=O)NC3CCCC3)c(=O)c12
7567,7569,CCOC(=O)c1c(NC(=O)C(=O)NN=Cc2c(C)nn(c3ccccc3)c2C)scc1c1cccs1
7568,7570,CC1CCc2[nH]c(Cn3ccnc3C(C)(C)C)nc21
7569,7571,CCCc1noc2nc(C3CC3)cc(C(=O)N3CCC(C(=O)Nc4ccncn4)CC3)c12
7570,7572,COc1ccc(C(O)C(C)[NH2+]C2CCCCC2)cc1OC
7571,7573,COC(=O)C12COCC1C[NH+](Cc1ccccc1)C2
7572,7574,COc1ccc(OCCOC(=O)c2ccc(NC(C)=O)cc2)cc1
7573,7575,O=C1C2C3C=CC(C3)C2C(=O)N1c1ccc2[nH]c(=S)sc2c1
7574,7576,C[NH2+]C(Cc1nc(C)c(C)s1)C1CC1
7575,7577,Nc1cccc(C[NH+]2CCCCC2CNC(=O)c2ccccc2)n1
7576,7578,Cc1cc(OC(=O)COc2ccc(Cl)cc2Cl)ccc1[N+](=O)[O-]
7577,7579,COc1ccc(C(=O)N2CC(n3c(Cn4nc(C)cc4C)nc4cccnc43)C2)cc1OC
7578,7580,CC1=C(C(=O)OCCc2ccc(c3ccccc3)cc2)C(c2ccc(C(C)C)cc2)NC(=S)N1
7579,7581,Cc1ncn(Cc2cn[nH]c2N)c(=O)c1I
7580,7582,N#Cc1ccc(CS(=O)(=O)c2nc3cc(Cl)ccc3s2)cc1
7581,7583,FC1(F)CCN(c2ccc3ncc(c4c[nH]c5ncc(Cl)cc54)n3n2)C1
7582,7584,CCc1c(C)sc(NC(=O)CSc2nc(C)nc3cc(=O)[nH]n23)c1C(=O)OCC
7583,7585,COc1ccc(NS(=O)(=O)c2c(Cl)cccc2Cl)cc1S(=O)(=O)N1CCCCC1
7584,7586,Nc1cc(N)cc(C(=O)Nc2cccnc2)c1
7585,7587,CCC(C)C(NC(=O)C([NH3+])C(C)O)C(=O)NC(C(=O)NC(CCC(=O)[O-])C(=O)[O-])C(C)C
7586,7588,C=CCn1c(COc2ccc(F)cc2)nnc1SCc1ccccc1Cl
7587,7589,COc1ccc(C)cc1CC(=O)NC(C)c1nc2ccccc2n1CCOc1cccc2ccccc12
7588,7590,Cc1cc(=O)nc(SCc2cccc(Cl)c2F)[nH]1
7589,7591,CCCCCn1c(=O)n(CC(C)(C)C)c(=O)c2[nH]c(Cl)nc21
7590,7592,Cc1nc(CNS(=O)(=O)c2cc(Br)c(Br)s2)cs1
7591,7593,CC[NH2+]Cc1cncc(Oc2ccc(CC)cc2)c1
7592,7594,CCn1nc(c2ccc(F)cc2)c(C=NNc2nc(=O)cn[nH]2)c1C
7593,7595,CC(C)Cc1nc2c3c(ccc2[nH]1)OCCOC3
7594,7596,Cc1ccc(S(=O)(=O)NCCNC(=O)c2ccc(N3Cc4ccccc4C3=O)cc2)cc1
7595,7597,Cc1ccc(Oc2cc(C)c(C(=O)[O-])cn2)c(Br)c1
7596,7598,C=CCN1CCC2(CCCN(C(=O)c3ccco3)C2)CCC1=O
7597,7599,O=C([O-])C1CCC(NC(=O)C2CCCO2)C1
7598,7600,COC(=O)Cn1c(=NC(=O)COc2ccc(OC)cc2)sc2cc(Br)ccc21
7599,7601,CCCCOC(=O)C(Cc1c(F)c(F)c(F)c(F)c1F)NC(=O)OC(C)(C)C
7600,7602,Cc1ccc(CNC(=O)CN(c2ccc(S(=O)(=O)Nc3ccccc3)cc2)S(C)(=O)=O)cc1
7601,7603,CC(C)([NH3+])CCCc1ccc(OC(F)(F)F)cc1
7602,7604,O=C1CSc2ccc(C(=O)CSc3nnc(CC4CC4c4ccccc4)n3c3ccccc3Cl)cc2N1
7603,7605,CCc1ccc2oc(c3ccc(NC(=O)c4ccccc4I)cc3)nc2c1
7604,7606,CCOc1cc(N)cc(NCc2nc(C)cs2)c1
7605,7607,CCCCCC(=O)N(CCCl)CCCl
7606,7608,O=C(Nc1ccc(F)c(Cl)c1)c1ccc(CS(=O)(=O)c2ccccc2)o1
7607,7609,Cc1nc(SCc2cc(=O)oc3c(C)c(O)ccc23)oc1C
7608,7610,O=C(NCc1ccc(n2cccn2)nc1)c1cccc(Br)c1
7609,7611,COC(C([NH3+])Cc1cnn(C)c1)C(C)(C)C
7610,7612,CCCc1cc(NN)nc(C2CCC(C)O2)n1
7611,7613,Cc1cc(NC(=O)c2noc(C)c2COc2cccc(C(N)=O)c2)no1
7612,7614,COc1cc(Br)c(S(=O)(=O)NCCC(C)C)cc1OC
7613,7615,CC(=O)OCC1=C(C(=O)[O-])N2C(=O)C(NC(=O)C(=NOCC(C)F)c3csc(N)n3)C2SC1
7614,7616,COc1ccc(Br)cc1C=C1C(=O)NC(=S)N(c2ccc(OC)cc2)C1=O
7615,7617,CCC(C)C(NC(=O)C(Cc1c[nH]c2ccccc12)NC(=O)C([NH3+])C(C)C)C(=O)NCC(=O)[O-]
7616,7618,CC1OCCC1S(=O)(=O)NCC(C)(O)CC(=O)[O-]
7617,7619,CCCCOCCOc1ccc(C2C(=C([O-])c3cc(C)ccc3OC)C(=O)C(=O)N2c2ccc(C(=O)OCC)cc2)cc1
7618,7620,COC(=O)c1cc2ccc(C(C)(C)C)cc2nc1N1CCN(C(=O)C[NH3+])CC1
7619,7621,COc1ccc(C(=O)c2ccccc2C(=O)Nc2ccc(C(C)=O)cc2)cc1
7620,7622,COC(=O)C1=C(C)NC2=C(C(=O)CCC2)C1c1c(Oc2ccc(F)cc2)nc2sccn12
7621,7623,N#Cc1cc(Br)ccc1NC(C1CC1)C1CC1
7622,7624,N#CCc1cc(C(F)(F)F)ccc1Br
7623,7625,O=C(NCCc1ccccc1)c1cccc(NS(=O)(=O)c2cccc(Cl)c2)c1
7624,7626,COCC(C)[NH+]1CC2CC1C(=O)N2C
7625,7627,Cc1cc(Cl)cc(C)c1C1[NH2+]CCc2c1[nH]c1ccccc21
7626,7628,CCCC(C)COC1(C(=O)[O-])CCC(C2CCC(c3ccc(C(F)(F)F)cc3)CC2)CC1
7627,7629,O=C([O-])C(CNC(=O)C1CCCC1)c1ccccc1
7628,7630,CCn1nc(C)cc1C[NH+]1CCC(CO)CC1
7629,7631,O=C(Nc1ccc2c(c1)OCCO2)c1cnn(c2ccc([N+](=O)[O-])cc2)c1C(F)(F)F
7630,7632,C=CC1OCCC1C(=O)N1CCSCC1C(=O)NCc1ccccc1
7631,7633,Nc1cccc2c1C[NH2+]C(c1ccc(F)c(Cl)c1)C2
7632,7634,COC(=O)c1cnc(N(C)c2ccc(C)cc2C)cn1
7633,7635,CC(C)CC1CN(CC(=O)N2CC(O)CC2C(=O)NC(CCc2ccccc2)C(=O)N(C)CC2CC2C)C(=O)N1
7634,7636,CC1OC(Oc2ccccc2)=NC1=O
7635,7637,CC1(O)CCCN(c2cc(C#N)ccc2N)CC1
7636,7638,COC(=O)c1ccc2oc(SCC(=O)NCCc3c[nH]c4ccccc34)nc2c1
7637,7639,Fc1cccc(C[NH+]2CCC3(CCC[NH+](Cc4ccccc4Br)C3)C2)c1
7638,7640,O=C(Nc1nc(c2ccc(Br)cc2)cs1)c1ccc(OCC(F)(F)F)nc1
7639,7641,CCc1sc(c2ccc(OC)c(OC)c2)cc1C=O
7640,7642,O=c1[nH]c(C=Nc2cccc(OC3CCCC3)c2)nc2sc3c(c12)CCCC3
7641,7643,O=C1CCC(C(=O)N(c2ccc(Sc3cccnc3)cc2)C2(C(=O)NCc3ccccc3)CCCCC2)N1
7642,7644,C[NH2+]C(C)CNC(=O)CCCc1nc(c2cccs2)no1
7643,7645,CC(C)c1c(Cl)ncnc1NCc1ccncn1
7644,7646,CCOC(=O)c1cnn(c2ccc(C(=O)N3CC(C)OC(C)C3)cc2)c1
7645,7647,C=CC(C)(C[NH3+])N(C)CC(=O)NC1CC1
7646,7648,CC(C)C[NH2+]CC(C)N(C)C1CCCCCC1
7647,7649,COc1ccc(OC)c(CC(=O)Nc2ccc(NC(=O)C(C)n3cc(C)cc3C)cc2)c1
7648,7650,CCCCC(CC)CC1COCC(C2COC(C)(C)OC2)O1
7649,7651,CC(C)C(=O)Nc1ccc(Oc2cccc3c2OCCN3C(=O)Nc2cccc(C(F)(F)F)c2)cc1
7650,7652,Cc1cc(OCc2nnc(c3ccc(Br)o3)o2)ccc1Cl
7651,7653,Cc1ccc(S(=O)(=O)Oc2ccc(C=C3NC(=O)N(CC(=O)Nc4ccc(C)cc4)C3=O)cc2)cc1
7652,7654,COc1ccccc1CCNC(=O)c1cc(NCCc2ccccc2F)nc(C)n1
7653,7655,CCOC(=O)c1c(NC(=O)C23CC4CC(C2)CC(n2nccc2C)(C4)C3)sc(C(=O)OC)c1C
7654,7656,COc1cc(N)c(Cl)cc1c1nc(C2CCc3ccccc3C2)no1
7655,7657,CCOC(=O)c1c(NC(=O)CSc2nnc(CNC(=O)c3cc(Cl)ccc3Cl)n2C)scc1c1ccccc1
7656,7658,CCCCOC(=O)c1cccc(NC(=O)CNc2ccc(C(N)=O)cc2)c1
7657,7659,[NH3+]CCC1(O)COc2ccc(F)cc21
7658,7660,CC(C)[NH+]1CCC(N(C)C(=O)C2(c3cccc(Cl)c3)CCOCC2)CC1
7659,7661,Cc1oc(c2cccc(Cl)c2)nc1CC(=O)NCCc1cccc(Cl)c1
7660,7662,COCC(C)Nc1cnn(CCO)c1
7661,7663,Cc1ccc(C[NH+]2CCN(C(=O)Cc3ccn(C)n3)CC2)o1
7662,7664,CCC(=O)N1CC(n2cc(c3ccc(OC)cc3)c(c3ccc(S(=O)(=O)NC4CC4)c(C(F)(F)F)c3)n2)CCC1C(=O)NCc1ccccc1
7663,7665,FC(F)(F)COCC[NH2+]CC1CCCC1
7664,7666,C[NH2+]Cc1ccc(COc2cc(F)cc(Br)c2)o1
7665,7667,CCCCc1ncc2c(n1)CC[NH+](Cc1ccc(OC(F)(F)F)cc1)C2
7666,7668,COC(=O)c1ccc(CSc2nnc(c3ccccc3)n2N=Cc2ccc(O)c(Cl)c2)cc1
7667,7669,CC(C)c1ncc(OCC2Cc3ccccc3C2)c(C[NH3+])n1
7668,7670,CC(=O)SCCCCC(=O)Cl
7669,7671,CCOC(=O)C(Cc1ccccc1)NC(=O)C(OC)C(O)c1ccccc1
7670,7672,CC1CN(S(=O)(=O)N2CCN(C(=O)CCC3CCCC3)CC2)CC(C)O1
7671,7673,O=C(NCc1ccn[nH]1)c1cccc(OC(F)F)c1
7672,7674,CC(C)(Cc1ccccc1)NC(=O)c1ccc(n2ccnc2)nc1
7673,7675,COc1ccc(C[NH+]2CCN(C(=O)CCc3cccc(F)c3)CC2)cc1
7674,7676,Cc1cc(Br)c(C(Cl)C2CCCO2)cc1F
7675,7677,Cc1ccc(c2noc(C[NH+]3CCCC(C(=O)N4CC[NH+](Cc5ccc(Cl)cc5)CC4)C3)n2)cc1
7676,7678,O=C(Nc1ccc(Cl)cc1N1CCCC1=O)Nc1ccc(Cl)c([N+](=O)[O-])c1
7677,7679,COC(CSC(=O)Nc1ccccc1)C(=O)[O-]
7678,7680,O=C(CC1SC(=[NH+]C2CCCCC2)N(C2CCCC2)C1=O)Nc1ccccc1
7679,7681,CCC1COCCN1C(=O)c1nnn(c2ccc(Cl)cc2)c1C1CC1
7680,7682,O=Cc1cccc(I)c1OC(F)(F)F
7681,7683,CC(C)(C)C1CCC(Nc2nc(Cl)c(Cl)cc2Cl)CC1
7682,7684,N#Cc1ccc(C[NH2+]CCOc2ccccc2)cc1
7683,7685,COc1ccc(CCNC(=S)NC(=O)c2cccc(C)c2)cc1OC
7684,7686,CCC1(C)[NH2+]C(c2cccs2)N(CC2CCC[NH+](C)C2)C1=O
7685,7687,CCc1ccc(C(CNC(=O)c2nn3c(=O)cc(C)nc3s2)[NH+](C)C)cc1
7686,7688,CC1CCCN(c2cc(N3CCN(C(=O)c4cccc(c5ccccc5)c4)CC3)ncn2)C1
7687,7689,CCOc1c(F)c(F)cc(F)c1N
7688,7690,COc1cc(OC)c(NCc2cccc(O)c2)c(OC)c1
7689,7691,CC(C)c1ncc(N(C)CC(F)(F)F)cc1Cl
7690,7692,Cc1ccc(CCC(=O)Nc2cc(S(=O)(=O)N3CCOCC3)ccc2N2CCOCC2)cc1
7691,7693,COc1ccc(C(=O)OCc2csc(c3ccccc3Cl)n2)cc1S(=O)(=O)N1CCOCC1
7692,7694,Cc1ccc(C(O)CC2CCCCC2)c(F)c1F
7693,7695,Cc1ccc(S(=O)(=O)n2cc(c3cnc4[nH]cccc3-4)c3cccc(F)c32)cc1
7694,7696,N#Cc1ccccc1S(=O)(=O)Nc1ccccc1c1nc(c2cccs2)no1
7695,7697,COc1cc2c(cc1OC)C(Cc1ccccc1)[NH+](C)CC2
7696,7698,O=C(CN1CCN(c2ccccc2F)C1=O)N1CCN(c2ccc(c3cccs3)nn2)CC1
7697,7699,CC(=O)OCC1OC(n2cnc3c(N)ncnc32)CC1OP(O)(=S)OP(=O)([O-])[O-]
7698,7700,CC(Cl)c1nc2cccc(Cl)c2n1CC(C)C
7699,7701,O=C([O-])C1(c2ccsc2)CC12CCCCCC2
7700,7702,COc1ccccc1NC(=S)Nc1nc2c(s1)CCC2
7701,7703,Cc1ccc(Cn2c(=O)[nH]c3ccc(Br)cc3c2=O)cc1
7702,7704,Nc1c(Nc2cccc(C(=O)Nc3cccc(C(F)(F)F)c3)c2)ncnc1Nc1cccc(C(=O)Nc2cccc(C(=O)Nc3cccc(C(=O)Nc4cccc(C(N)=O)c4)c3)c2)c1
7703,7705,CC(C)(C)c1nc2ccc(Br)cc2c(=O)n1N=Cc1cc(Cl)cc(Br)c1OCC(=O)Nc1cccc(F)c1
7704,7706,COc1ccc(C(=O)Nc2cccc(C(=O)OC(C)C)c2)cc1F
7705,7707,CCOC(=O)C([NH2+]C(C)C)c1cn(C)nc1C
7706,7708,CCOc1cc(C(=O)NN=Cc2ccccc2OCc2ccccc2)cc(OCC)c1OCC
7707,7709,COc1cccc2c(N3CCC4(CC3)CNc3ccccc34)cccc12
7708,7710,COC(=O)c1cc(C=O)ccc1C(=O)[O-]
7709,7711,Nc1cc(N)c2[nH]c(=O)n(Cc3cc(c4n[nH]c5ccc(F)cc54)cc(F)c3F)c2n1
7710,7712,Cc1ccc(C[NH+](C)C(C)C(N)=S)s1
7711,7713,Cc1ccc(CNc2ccc(S(=O)(=O)NCC#N)cc2)c(C)c1
7712,7714,O=C(NCc1cccnc1c1ccco1)c1ccc(COc2ccccc2)cc1
7713,7715,Cc1ccc(OCC(=O)Nc2ncc(c3nc4c(C)c(Cl)ccc4[nH]3)s2)c(C)c1
7714,7716,C=CC(=O)N(CCC)C(CC)COC
7715,7717,COc1cc(OC)cc(N(CCC(=O)[O-])C(=O)c2ccc3ncccc3c2)c1
7716,7718,COCCNc1ncc(c2cc(NCc3ccc(C)cc3)ncn2)c(N(C)CC[NH3+])n1
7717,7719,CCOC(=O)C=Cc1ccc(OCCCCCN2CC[NH+](Cc3ccccc3)CC2)c(Br)c1
7718,7720,CCCS(=O)(=O)N1CCCc2ccc(NC(=O)c3ccncc3)cc21
7719,7721,CNc1cc[nH+]c(COc2ccc(F)cc2C)c1
7720,7722,CC(C)c1ccc(c2nnc(N3CCc4cc(C#CC(=O)[O-])ccc4C3)s2)cc1
7721,7723,COc1ccc(NC(C)=O)cc1C(=O)NCCOc1cccc(C)c1
7722,7724,CC(C)CN1C(=O)CC(SCC2=C(C(=O)[O-])N3C(=O)C(NC(=O)C(=NOCCNC(=O)OC(C)(C)C)c4csc(N)n4)C3SC2)C1=O
7723,7725,Cn1nc(C(=O)N2CCC3(CCCC3S(C)(=O)=O)CC2)c2c1CCCC2
7724,7726,CCOC(=O)c1c(C)nsc1N
7725,7727,CC(C)(C)C(=O)Nc1nc2n(n1)C(Cc1ccc(F)cc1)(c1cn[nH]n1)CCS2
7726,7728,COc1cc(OC)c(C(=O)OCC(=O)NC(=O)NCCC(C)C)cc1OC
7727,7729,COc1ccc(OC)c(c2cc(Nc3ccc(NC(=O)c4cn[nH]n4)cc3)c(=O)[nH]n2)c1
7728,7730,COc1ccccc1C(=O)COC(=O)c1ccccc1NS(=O)(=O)c1ccc(F)cc1
7729,7731,O=C1c2ccccc2C(=O)N1CCCNC(=S)Nc1ccccc1Cl
7730,7732,CC1C[NH+](C(C)C(=O)N2CC(C)(C)C2c2ccnn2C)CCO1
7731,7733,CC(C)C(C(Br)Br)Nc1cccc(Cl)c1Br
7732,7734,Cc1c(C(=O)[O-])[nH]c2cccc(OCc3ccccc3)c12
7733,7735,CC[NH2+]C(c1cccc(C)c1F)c1cc(Br)sc1Br
7734,7736,CCOC(=O)c1c(NC(=O)CC23CC4CC(CC(C4)C2)C3)scc1c1ccc(C)cc1
7735,7737,COCCOCCNC(=O)NC(C)c1cc(C)no1
7736,7738,COC(=O)c1ccc2[nH]c3c(c2c1)CCN(C(=O)[O-])CC3
7737,7739,CC[NH2+]Cc1cnc(N(C)c2cccc(F)c2)cn1
7738,7740,COC(=O)c1ccc(N2C(=O)C(=O)C(=C([O-])c3ccc(OC)cc3)C2c2ccc(F)cc2)cc1
7739,7741,O=C(Nc1ccc(Cl)cc1)N1CCN(C(=O)c2ccccc2NS(=O)(=O)c2ccccc2)CC1
7740,7742,O=C(OCc1nsc(NS(=O)(=O)c2ccc3c(c2)CCCC3)n1)C12CC3CC(CC(C3)C1)C2
7741,7743,COC(=O)c1c(NC(=O)C(C)Sc2ccc([N+](=O)[O-])cc2)sc2c1CCCC2
7742,7744,CCOC(=O)CNC(=O)N(CCC(=O)OCC)CC(CC(=O)OCC)C(=O)OCC
7743,7745,CCCCCOc1cccc(OCC(C)([NH3+])C(=O)N(C)C)c1
7744,7746,C[NH2+]C(Cc1cc(C)nn1C)c1cccnc1OC
7745,7747,Cc1cc(S(=O)(=O)N2CCCC2C(=O)OC(C)(C)C)cc(F)c1F
7746,7748,CCC(C)NC(=O)C[NH+]1CCn2c(nnc2c2cnn(C)c2)C1
7747,7749,Cc1cc(N(C)CCCC(=O)[O-])nc(C)n1
7748,7750,CNC(=O)Nc1nnc(Cl)s1
7749,7751,CCOC(=O)c1c(C)nsc1NCCCOc1cccnc1
7750,7752,COc1ccc(NC(=O)CCc2nc(c3cccs3)no2)cc1OCc1cccnc1
7751,7753,CCOC(=O)c1ccc(NCc2cccc(C)c2)cc1Cl
7752,7754,O=C1C(O)=C(c2ccc(Cl)cc2)C(c2cc(Cl)c([O-])c(Cl)c2)N1c1ccc(F)c(F)c1F
7753,7755,Cc1noc(CCC(=O)Nc2ccc(N3CC[NH2+]CC3)cc2)n1
7754,7756,CCOC(=O)C(O)c1cc(Cl)c(OC)c2c1OC(C)C2
7755,7757,Cc1ccc(C[NH+]2CCOCC3(CCOCC3)C2)o1
7756,7758,O=C([O-])c1cn(c2ccc([N+](=O)[O-])c3cnccc23)cn1
7757,7759,O=C([O-])c1cc(c2ccc(C(F)(F)F)cc2)c[nH]1
7758,7760,COC(=O)C(C)=CCC1(C)COC(=O)N1
7759,7761,CSc1ccc(NC(=O)Nc2nnc(SC)s2)cc1
7760,7762,CCn1cc(OC2CC2)cc1CNC(=O)C1CCCN1C(=O)c1n[nH]c2ccc(F)cc12
7761,7763,O=C1C(Br)CCCN1c1ccc(C(F)(F)F)cc1
7762,7764,COCCCS(=O)(=O)NC(CCCC(=O)[O-])C(=O)[O-]
7763,7765,FC1=NOC(Cl)(Cl)C1(F)C(F)(F)F
7764,7766,O=C(Nc1ccc(COc2ccccc2Cl)cc1)c1cc(Br)cc(Br)c1
7765,7767,O=C1CCc2c1cc(OCc1ccccc1)c1ccccc21
7766,7768,CC(C)(C)c1nc(c2cncn2C2CC[NH2+]CC2)cs1
7767,7769,Cc1ccc(NC(=O)NCCNC(=O)OC(C)(C)C)cn1
7768,7770,[NH3+]C1CCCN(C(=O)COc2ccccc2F)C1
7769,7771,[NH3+]C1CCCn2c1nnc2c1ccnn1c1ccccc1
7770,7772,CCCCN(CC[NH3+])C(=O)C1CCCCS1
7771,7773,COc1ccc(c2c(C)cc(C(=O)N3CC[NH2+]CC3(C)C)n2C)cc1
7772,7774,O=C1C=CCC1S(=O)(=O)[O-]
7773,7775,O=C(Nc1ccc(Oc2ccccc2Cl)cc1)C1CCCN1C(=O)c1ccccc1Cl
7774,7776,Cc1c(C(=O)N2CC3CC[NH2+]CC3C2)oc2c1C(=O)CCC2
7775,7777,Cc1ccc(C(O)CCC2CCCCC2)cc1
7776,7778,COc1ccc(NCCc2ccn(C)n2)cc1OC
7777,7779,CCC(C)c1nnc(Cl)n1CC1CCCCC1
7778,7780,CCCCSc1sc(N)c(C(=O)OCC)c1S(=O)(=O)CCC
7779,7781,FC(F)(F)Oc1ccc(Sc2ccccc2)c2ccccc12
7780,7782,O=C(OCCO)N1CCC(Oc2cccnc2)CC1
7781,7783,CCC(C)NC(=O)NC(=O)COC(=O)c1cc(Br)ccc1N
7782,7784,COc1ccccc1C1C=C(N=O)C2=C(OC3NN=C(c4ccccc4)C3C=C2)C2=C1CCCC2=O
7783,7785,O=C([O-])CCCC=CCC1C(O)CC(O)C1C=CC(O)COc1cccc(C(F)(F)F)c1
7784,7786,CCC1COCCN1C1(C[NH3+])CC(C)OC(C)C1
7785,7787,CC(C)c1ncc(N2CCC(OCCCl)CC2)c(C(F)(F)F)n1
7786,7788,CC1CC(C)CN(C(=O)Nc2ccc(C#N)cn2)C1
7787,7789,Cn1c(=O)oc2ccc(OCC(=O)N3CCCC(OCc4ccncc4)C3)cc21
7788,7790,CCOc1cc(C(=O)N(CC[NH+]2CCOCC2)c2nc3c(C)ccc(Cl)c3s2)cc(OCC)c1OCC
7789,7791,CC1CCC2C(C)(C)C(O)CCC2(C)C1C(C)CC(C)C(=O)Nc1ncc[nH]1
7790,7792,Cc1ccc(C(C)(C)C)c(O)c1N
7791,7793,C[NH2+]Cc1nnc(C[NH+]2CCC3CCCCC3C2)s1
7792,7794,O=C([O-])N1CCC(c2c[nH]c3ccc(C(F)(F)F)cc23)(S(=O)(=O)c2ccc(Cl)cc2)C1
7793,7795,Cn1nc2c(c1c1ccc(Cl)cc1)CN(C(Cc1ccco1)C(=O)Nc1ccc(Cl)cc1Cl)C2=O
7794,7796,N#CCCN(C(=O)COC(=O)c1ccc2noc(c3ccccc3)c2c1)c1ccccc1
7795,7797,Cc1ccc2c(c1)C(=O)N(C(C)C(=O)OCc1cccc(C#N)c1)C2=O
7796,7798,O=C([O-])C1=Cc2sc(CCCc3nc4ccc(C(=O)[O-])cc4s3)nc2CC1
7797,7799,CCOC(=O)CN(C(=O)N(C)CC1CCC[NH2+]C1)C(C)C
7798,7800,COc1ccc(Cl)cc1C(=O)NCC(=O)N(C)CCc1ccc(F)cc1
7799,7801,CC(OC(=O)C1CCN(c2cccc(Br)c2)CC1)C(=O)Nc1cc(C(F)(F)F)ccc1Cl
7800,7802,COC(=O)C(CC(=O)N(Cc1cccc(C[NH3+])c1)c1ccc(CO)cn1)C(=O)OC
7801,7803,CCOc1ccc(NC(=O)N2CCc3nc(N4CCCCC4)nc(c4ccccc4)c3C2)cc1
7802,7804,Cn1ccc2c3c(cc(C(=O)NCC45CC6CC(CC(C6)C4)C5)c21)C(=O)NC3=O
7803,7805,Nc1ccc(C=CC(=O)OCc2nc(=O)c3ccccc3[nH]2)cc1
7804,7806,CCC(C)C(NN)C(CC)(CC)OC
7805,7807,CC(c1ccc(Cl)cc1)N(C)C(=O)c1ccc(Cl)nc1Cl
7806,7808,CCCCN1C(=O)c2ccc(C(=O)Nc3ccc(C)c(C)c3)cc2C1=O
7807,7809,Cc1ccc(Br)cc1CNc1cccc(Br)c1C(N)=S
7808,7810,CC(=O)Nc1ccc(N(CCC(=O)NC(C)c2ccccc2)C(C)=O)cc1
7809,7811,Cc1ccc(OCC(=O)NCc2cccc(OC(F)F)c2)cc1C
7810,7812,C=CC(=CC=C(C)C)C(C)C
7811,7813,Cc1ccc(n2nc3c(c2NC(=O)c2ccccc2[N+](=O)[O-])CS(=O)(=O)C3)cc1
7812,7814,Cc1nc2c(N)c(C)nn2cc1C#N
7813,7815,COCCn1cncc1C[NH2+]Cc1ccc(Br)s1
7814,7816,COC(=O)CSCC(=O)N1CCN(S(=O)(=O)c2ccccc2)CC1
7815,7817,COc1ccc(NC(C)=O)cc1NC(=O)Cc1ccc(n2cncn2)cc1
7816,7818,N#Cc1ccc(CNC(=S)NCCc2ccc(Cl)cc2)cc1
7817,7819,CC(C)(C)c1ccc(S(=O)(=O)Nc2nc3cc4c(cc3s2)OCCO4)cc1
7818,7820,Cc1cc(C)c(C(N)=S)c(Nc2cccc(F)c2C)n1
7819,7821,CC(=Nn1c(=Nc2cccc(C)c2)scc1c1ccc([N+](=O)[O-])cc1)c1ccc2c(c1)OCO2
7820,7822,Cc1cc(Oc2ncccn2)ccc1NC(=O)c1nonc1N
7821,7823,CCn1c(NN=Cc2cccc(O)c2)nc2ccccc21
7822,7824,COc1ccc(C)cc1NC(=O)c1ccc(NC2CCS(=O)(=O)C2)nn1
7823,7825,COC(=O)C1=CN2C(=O)c3ccccc3OC2C(OC(C)=O)C1OC(C)=O
7824,7826,CCOC(=O)c1cc(O)c(C2CCn3ccnc3N2)c(OCC2CC2)c1
7825,7827,COc1ccc(C(=O)Nc2ccc(F)c(NC(=O)C3CCCN3C(=O)C3CC[NH+](C(C)C(=O)Nc4ccc(Cl)c(C(=O)Nc5ccccc5C)c4)CC3)c2)cc1
7826,7828,CCn1c(Cc2ccc(Cl)cc2)nnc1SCCF
7827,7829,CNS(=O)(=O)c1cc(NC(=S)NCc2cccc(OC)c2)ccc1C
7828,7830,CC(C)(C)OC(=O)C1(CSc2n[nH]c(C=Cc3ccco3)n2)CC2CCC1C2
7829,7831,O=C(Nc1nnc(SCc2ccc(F)cc2)s1)c1cc2ccccc2oc1=O
7830,7832,O=C(Cc1csc(c2cccnc2)n1)NCC(c1ccco1)[NH+]1CCCCC1
7831,7833,COC1=C(COc2ccc(C(C)(C)C)cc2)C(=O)OC1(C)C
7832,7834,CCn1c(N2CCC(C(C)O)CC2)nc2cc(C)n(Cc3ccc(F)c(F)c3)c(=O)c21
7833,7835,O=S([O-])c1ccc(CCCCl)cc1
7834,7836,CCCCN(C)C(=O)c1ccnc(N2CCOCC2)c1
7835,7837,CC1Cc2ccccc2N1C(=O)c1ccc2c(=O)n3c(nc2c1)CCCCCC3
7836,7838,CC(C)n1ncnc1Sc1nccc(Oc2ccccc2F)n1
7837,7839,CCOC(=O)c1sc(c2ccc(OC)cc2)nc1C
7838,7840,CCc1ccc(N=Nc2c(C#N)c(NC=O)nc3c2C(=O)c2ccccc2C3=O)cc1
7839,7841,COc1ccc(C(=O)N2Cc3cccc(C)c3N=C2c2cccc(OCc3ccccc3)c2)cc1OC
7840,7842,CCn1cc(C[NH2+]CCF)cn1
7841,7843,C=CCCCCCC([NH2+]C)c1ccc(Br)c(Cl)c1F
7842,7844,CC(C)c1nnc(SCc2cccc(F)c2)n1N
7843,7845,CC(C)OC(=O)C(C)NP(=O)(Cl)OCC(C)Br
7844,7846,Cc1ccsc1C(=O)OCC(=O)Nc1ccccc1
7845,7847,Cc1cocc1C(NN)c1coc2ccccc12
7846,7848,C=CC(=O)Nc1cc(Nc2ncc(F)c(Nc3cn(C)nc3C)n2)ccc1C
7847,7849,CSc1ccccc1C1CC(=O)NC2=C1C(=O)CC(c1cccnc1)C2
7848,7850,CCn1cc(C(=O)Nc2ccc(N3CC[NH+](C)CC3)cc2)c(C)n1
7849,7851,CC1CCC2(OC1)OC1CC3C4(C)CCC(C4C(=O)OCCSc4ccc(Cl)cc4)C(=O)C3(C)C1=C2C
7850,7852,COC(=O)c1ccc2c(c1)CCN2C(=O)c1ccc(Br)c(F)c1
7851,7853,C[n+]1ccn(CCC[NH3+])c1
7852,7854,O=C(CN(Cc1ccccc1)S(=O)(=O)c1ccccc1)NN=Cc1cc(Br)ccc1O
7853,7855,COc1ccc(NC(=O)C(=O)NN=Cc2ccc(OCc3ccc(Cl)cc3Cl)cc2)cc1
7854,7856,COC(=O)c1ccc(N)c(N2CCSC(C)CC2)c1
7855,7857,O=C([O-])C1=CC(c2ccccc2)C2(CCC([NH+]3CCCC3)CC2)ON1
7856,7858,Cc1ccc(OCc2nnc(SCC(=O)c3c[nH]c4ccccc34)n2C)c(C)c1
7857,7859,CC(C)c1ccc(C=CC(=O)N(C)CCC(=O)[O-])cc1
7858,7860,O=C([O-])c1ccccc1n1nc(c2cc(Cl)ccc2F)c2c1NCCCC2
7859,7861,Cc1nn(Cc2ccccc2)c(C)c1C(=O)Nc1ccc(N(C)C)cc1
7860,7862,CC[NH2+]C(C)(CN1CC2CCCCN2C(CC)C1)C(N)=O
7861,7863,CCCCC(CC)C(C(=O)OCCCCC)C(=O)OC
7862,7864,CC(=O)NC(Cc1ccc(OCCN2C(=O)c3ccccc3C2=O)cc1)C(=O)[O-]
7863,7865,CC[NH2+]C(C)c1cccc(OCC(=O)N(C)C)c1C
7864,7866,COc1cccn2c(C(=O)c3cccnc3)c(c3ccc(F)c(F)c3)nc12
7865,7867,COCC[NH2+]CCNc1ccccc1OC
7866,7868,CC(OC(=O)c1ccccc1)C(=O)NC(N)=O
7867,7869,CC(C)CC1CN(c2cnn(C)c2)C(C)C[NH2+]1
7868,7870,CC[NH2+]C(Cc1ccc(Br)cn1)c1cc(C)c(Br)c(C)c1
7869,7871,CC(C)(C#N)C(O)c1c(F)cccc1F
7870,7872,O=C(NCCn1ccc(c2ccncc2)n1)Nc1ccccc1
7871,7873,CCOC(=O)c1cn[nH]c1S(=O)(=O)Nc1nncs1
7872,7874,CCc1cc(F)c(Br)cc1OC
7873,7875,COc1ccc(S(=O)(=O)NCCc2csc(c3cccnc3)n2)cc1Cl
7874,7876,CCc1ccc(C(C)[NH2+]C(CC(C)C)CC(C)C)cc1
7875,7877,CC1CCCCC1NC(N)=[NH+]CCCOc1ccc2ccccc2c1
7876,7878,O=C([O-])c1cnn(CC#Cc2ccc(Cn3ccnc3)cc2)c1
7877,7879,COCC1(C(=O)Nc2cc([N+](=O)[O-])ccc2Cl)CC[NH2+]CC1
7878,7880,Nc1cccc2nc3cccc(C=O)c3nc12
7879,7881,Cc1cc(N)n(C(=O)c2cccnc2)c1N
7880,7882,CC1(O)C(=O)c2c([O-])c3c(c([O-])c2C1=O)C(=O)c1c(O)cccc1C3=O
7881,7883,CCCCn1c(=O)n(CCCC[NH3+])c(=O)c2[nH]c(Cl)nc21
7882,7884,COC(=O)c1cc(OC(F)F)c(OC(F)(F)F)c(I)n1
7883,7885,Cn1cc[nH+]c1CCS(=O)(=O)NCC[NH3+]
7884,7886,COc1c(C)cc(C)c(C)c1CC(C)[NH3+]
7885,7887,COc1ccc(CCC(=O)[O-])c(CNC(=O)OC(C)(C)C)c1
7886,7888,COc1ccc(CNC(=O)C=Cc2c(C)nn(Cc3ccccc3F)c2Cl)cc1
7887,7889,Cc1ccc(c2cc(CC(C)[NH3+])nn2C)s1
7888,7890,COc1ccc(F)cc1c1ccc(CSc2ccccc2)cc1
7889,7891,CC(C)c1ncc(C(C)C)c(C2CC2)c1CCl
7890,7892,CC(C)(C)[NH2+]Cc1ccc(OC2CCCCC2(C)C)c(F)c1
7891,7893,C=CCN(CCc1ccccc1)C(=O)C[NH+]1CCN(CC(=O)Nc2ccc(OCC)c(Cl)c2)CC1
7892,7894,COCCCNC(=O)c1ccccc1NC(=O)C1CCCN1C(=O)C1CC[NH+](C(C)C(=O)Nc2ccc(C(=O)N3CCC(C)CC3)cc2C)CC1
7893,7895,[NH3+]C1Cc2ccccc2C1NC(=O)Cn1ccc2ccc(F)cc21
7894,7896,C[N+]1=C(C=CC=C2N(CCCCCC(=O)NCCCCCC(=O)NCCCCCC(=O)NCCCCCC(=O)NCCCCCC(=O)O)c3ccc(S(=O)(=O)O)cc3C2(C)C)C(C)(C)c2cc(SOOO)ccc21
7895,7897,CCn1cc(C[NH+](C)CC(=O)c2cc(C)n(CC3CCCO3)c2C)c(C)n1
7896,7898,O=C(c1cncc(Br)c1)N1CCN2C(=O)CCC2C1
7897,7899,COCCNC(=O)c1ccc(CNc2cc(OC)ccc2OC)cc1
7898,7900,CCC(C)n1nc(CO)c2c1CCCC2
7899,7901,COc1c(C)cnc(CC(C[NH2+]C2CC2)C(C)C)c1C
7900,7902,CCOC(CC1OCCO1)OCC
7901,7903,COc1ccccc1n1nc(C(=O)N2CCN(c3ccccc3)CC2)c2c1CCC2
7902,7904,O=C(CCn1nnc2ccccc21)N1CC[NH+](Cc2ccc3c(c2)CCO3)CC1
7903,7905,COC(=O)c1cccc(CN2CC3(CCN(S(=O)(=O)c4cccc(F)c4)CC3)OC2=O)c1
7904,7906,CC(C)C(=O)N1CCC(CNC(=O)NCc2cccc(Cl)c2)C1
7905,7907,Cc1cc(C)cc(C(C(=O)[O-])[NH+](C)C(C)C2CCCCC2)c1
7906,7908,Cn1cc(S(=O)(=O)NC2(C)CCOC2)c(N)n1
7907,7909,Cc1ccc(C[NH+]2CCN(C(=O)CCc3ccc(S(=O)(=O)N4CCCCC4)cc3)CC2)cc1
7908,7910,O=C1Oc2ccc(c3ccccc3)cc2C12C=Nc1cc(c3cccc4ccccc43)cnc1N2
7909,7911,CCCCCn1c(SCC(=O)c2ccc(C#N)cc2)nc2cc(Cl)ccc2c1=O
7910,7912,CCCCC(C)(C)c1cn(CCCO)c2ccccc12
7911,7913,CCC(C)NC(=O)COC(=O)c1cc2ccccc2cc1O
7912,7914,O=C(CCCOc1ccccc1)Nc1ccccc1OC(F)F
7913,7915,CS(=O)(=O)N(CC(=O)NCc1ccccc1)c1ccc(F)c(Cl)c1
7914,7916,CC(=O)Nc1ccc(C(=O)OCCNC(=O)Nc2ccccc2)c(C(F)(F)F)c1
7915,7917,O=C1CCC(=O)N1CCC(=O)N1CCN(S(=O)(=O)N2CCCC2)CC1
7916,7918,C=CCNC(=S)NN=Cc1cc(Cl)c(OCc2ccc([N+](=O)[O-])cc2)c(OCC)c1
7917,7919,CC(=O)OC1CC2CC(=O)OC2C(N=[N+]=[N-])C(C(C)(C)C)C1
7918,7920,CC1C=CC23C=CC(O3)C(C1=O)C2(C)C
7919,7921,O=c1[nH]c2ccc(NCc3ccc4c(c3)OCO4)cc2o1
7920,7922,Cc1ccc(O)c(C(=O)Nc2ccc3c(c2)C[NH2+]C3)c1
7921,7923,COc1ccc(C(=O)N2CC[NH+](C)CC2)cc1NC(=O)Cc1csc(c2cccc(C)c2)n1
7922,7924,Nc1c(C(=O)NCC2CC2)sc2ncccc12
7923,7925,CCc1cccc(N2CCCCC[NH2+]CC2)c1
7924,7926,CSc1ccccc1C[NH+]1CCC2(C1)NC(=O)N(C)C2=O
7925,7927,O=S1(=O)C=CC(O)CC1
7926,7928,CCCCC(CC)CN1C(=O)C(CC(C)C)[NH2+]C1C
7927,7929,COc1ccc(CC2(CS)CCCCCC2)c(F)c1
7928,7930,CNc1nccc(Oc2cc(OC)c(C)cc2Cl)n1
7929,7931,CCc1ccc(C[NH+]2CCC(O)C(C3CCCC3)C2)s1
7930,7932,CCOC(=O)c1c(C2CC2)csc1NC(=O)C1CC[NH+](Cc2ccccc2)CC1
7931,7933,COc1cc2c(cc1OC)C[NH+](Cc1cc(=O)c(OCc3ccccc3)nn1C)CC2
7932,7934,Fc1cccc(CC[NH2+]CCCSc2ncns2)c1
7933,7935,O=C(Nc1ccccc1O)OC1CCOCC1
7934,7936,CC(C)c1cccc(C2(C[NH3+])CC[NH2+]CC2)c1
7935,7937,CS(=O)(=O)N1CCC(COc2ccnc(Nc3cc(C(F)(F)F)c4[nH+]cc(C#N)n4n3)n2)CC1
7936,7938,Cc1ccc2c(ccc3cc([Si](C)(C)C)cc(C)c32)n1
7937,7939,Cc1cc(C(=O)N2CCCC2C(=O)[O-])c(C)n1C(C)C
7938,7940,Cn1cc(CC(=O)NC2CCC(C(=O)[O-])CC2)c2ccccc21
7939,7941,CC[NH2+]C(CSc1cc(C)ccc1C)C(=O)[O-]
7940,7942,COC(=O)c1cc(N)ccc1NC(C)Cn1ccnn1
7941,7943,CC(C)(C)c1ccc(C2=CC3(CC[NH2+]CC3)ON2)cc1
7942,7944,Nc1cnccc1C(=O)NCc1ncon1
7943,7945,CC(C)(C)c1ccc(c2ccc3ccc4c(c5ccc6oc7ccccc7c6c5)ccc5ccc2c3c54)cc1
7944,7946,NC(=[NH2+])c1ccc(c2cc(N3CCN(c4cc(F)cc(F)c4)CC3)ncn2)cc1
7945,7947,C[Si]1(C)O[Si](C)(C)O[Si](C)(c2ccccc2CC2CCC2)O[Si](C)(C)O1
7946,7948,COc1cc2sc(I)c(O)c2cc1C
7947,7949,Cc1ccc(C(O)c2cc(C)ccc2C)cc1C
7948,7950,CC(C)C([NH3+])C(=O)NCCS(=O)(=O)NCC(C)C
7949,7951,COCCC(C)Nc1cc(NN)nc(C(F)(F)F)n1
7950,7952,COCC(=O)N(C)c1ccc(Cc2ccc(c3ccc(C(=O)Nc4ccc(C)cc4)cc3)cc2)cc1
7951,7953,CCn1nc(C)cc1CC([NH3+])C(C)(CC)N(C)C
7952,7954,COC(=O)c1cc(NC(=O)CN2C(=O)SC(=Cc3cccn3c3ccc(C)cc3)C2=O)ccc1Cl
7953,7955,Cc1c(C(=O)N2CCC[NH+](Cc3ccccc3)CC2)oc2c1C(=NNC(=O)COc1ccccc1)CCC2
7954,7956,CSc1nnc(CCNC(=O)Nc2cc(C)on2)n1c1ccc(Cl)cc1
7955,7957,CCCCc1nc2ccc(Br)cc2c(=O)n1N=Cc1cc(Br)c(OCc2ccc(Cl)cc2)c([N+](=O)[O-])c1
7956,7958,O=C(N1CC2CCC(O)C2C1)C1(c2cccc(C(F)(F)F)c2)CCCC1
7957,7959,CCOC(=O)c1cn(c2cc(OC(C)Cc3ccsc3)c(C#N)cc2Cc2cccc(OCC)c2F)cn1
7958,7960,CC(C)(C)c1csc(S(=O)(=O)N2CCN(C(=O)c3ccc(c4cccnc4)cc3)CC2)n1
7959,7961,COc1ccccc1NC(=O)N1CCC(NC(=O)NCCCc2ccccc2)CC1
7960,7962,CC1CCCCC1Oc1nc2ccccn2c1CC[NH3+]
7961,7963,Cn1nc(c2ccsc2)nc1N
7962,7964,CC(OC(=O)CC1C(=O)N(C)c2ccccc21)C(=O)NCc1ccco1
7963,7965,C=CC[n+]1cccc(C=C[N+](=O)[O-])c1
7964,7966,COc1cc(OC)c2c(c1)CN(c1ccc3c(c1)OCO3)C2
7965,7967,O=C([O-])c1ccc2c(c1)S(=O)(=O)C(=O)c1c-2cccc1C(=O)c1ccc(Cl)cc1
7966,7968,CCCNC(=O)C(CC)N(Cc1ccccc1C)C(=O)CN(c1ccc(Cl)c(C(F)(F)F)c1)S(C)(=O)=O
7967,7969,CC1CC1C(=O)N1CCC(c2nccs2)C1
7968,7970,C=CCOC(=O)NC(c1ccccc1)c1ccccc1
7969,7971,Cc1cc([N+](=O)[O-])ccc1NC(=O)CSc1nnc2c3c(ncn12)SCC3
7970,7972,O=C1C(=O)N(CC[NH+]2CCOCC2)c2c(Cl)ccc(Cl)c21
7971,7973,Cc1[nH+]c(C(=O)NCC2C[NH2+]CC2O)cn1C
7972,7974,Cc1ccc(C2=C(c3ccc(C)cc3)C(F)(F)C(F)(F)C=C2F)cc1
7973,7975,CC1C[NH+](CC(=O)NC(=O)NC(C)C)CC(C)O1
7974,7976,CC(C)n1c2ccccc2nc1c1nc(C#N)c(Nc2ccccc2S(C)(=O)=O)o1
7975,7977,O=C(CCc1c2ccccc2[nH]c1c1cccs1)c1ccccc1
7976,7978,Cc1cc(N2CCC(Oc3ccc4c(c3)OCO4)CC2)ncc1N(C)C(=O)C(C)(C)c1cc(C(F)(F)F)cc(C(F)(F)F)c1
7977,7979,CCC(C)[NH2+]CC(=O)N1CCc2ccccc21
7978,7980,CCn1cccc1C[NH2+]C(C)CC(N)=[NH+]O
7979,7981,Cn1cc(NC(=O)c2n[nH]c(C(C)(C)C)n2)c(C(F)F)n1
7980,7982,CC(=O)NCCNC(=O)N1CCOCC(O)C1
7981,7983,CN(CC(=O)Nc1cccc(c2nc3ncccc3o2)c1)S(=O)(=O)c1cccs1
7982,7984,COc1ccc(c2cc(C(=O)NNc3ccccc3F)sc2C)cc1
7983,7985,CCC1(c2ccc(F)cc2)NC(=O)CN(Cc2ccc(Cl)c(Cl)c2)C1=O
7984,7986,O=C(NCC1CCN(c2ncccn2)CC1)c1cc2nc(c3ccco3)cc(C(F)(F)F)n2n1
7985,7987,CCCCN1C(=O)C(=Cc2c(N3CC[NH+](C)CC3C)cccc2OC)C(C)=C(C#N)C1=O
7986,7988,CCC(C)[NH+](CCOC)Cc1nc(N)n[nH]1
7987,7989,CC(C)CNC(=O)c1coc(CNc2ccc(F)c(F)c2)n1
7988,7990,COc1ccc(Br)cc1C(=O)C1=C(O)C(=O)N(c2ccc(Cl)cc2)C1c1cccc(OCc2ccccc2)c1
7989,7991,CCCCN(C(=O)C(C[NH3+])CC(C)(C)C)C1CC1
7990,7992,O=C(Nc1cc(F)c2c(c1)C(=O)N(Cc1ccccc1Cl)C2)c1ccn(c2ccccc2)n1
7991,7993,C[NH2+]C(c1cc2cc(F)ccc2o1)C1CCCCC1
7992,7994,N#Cc1cc(N)c(OC(F)(F)F)cc1Br
7993,7995,COc1ccc(CN2C(=O)C(Nc3cccc(NC(C)=O)c3)=C(c3cccc(OC)c3)C2=O)cc1
7994,7996,N#Cc1cccc(COCC2=CC[NH2+]CC2)c1
7995,7997,CCOc1ccc(N)cc1CN1CC(=O)NC(=O)C1CC
7996,7998,Cc1nn(CC(C)O)c(C)c1Cl
7997,7999,CC1(C)C2CN(C(=O)C(Cc3c[nH]c4ccccc34)NC(=O)C(C)(C)[NH3+])C(Cc3c[nH]c4ccccc34)C21
7998,8000,Cc1nc2sc3c(c2c(=O)n1CC(N)=O)CCC(C)C3
7999,8001,CC1SCCN(S(=O)(=O)c2cccnc2C(=O)[O-])C1C
8000,8002,CNc1cc([N+](=O)[O-])cc(OC2CCC2)n1
8001,8003,Cc1[nH]c(CCCl)nc1c1cccs1
8002,8004,O=S1(=O)CCCC1CNc1nc(Cl)nc2ccccc12
8003,8005,C=CCN1C(=O)C(Nc2ccc(C)cc2C)=C(c2ccccc2OC)C1=O
8004,8006,O=C(Nc1ccc(N2CCCCC2)c(Cl)c1)c1cccc(N2NC(=O)C3CC=CCC3C2=O)c1
8005,8007,Cc1cc(N2CCCC2CO)ccc1C=CC(=O)[O-]
8006,8008,COc1ccc(F)cc1COC(=O)Cc1c[nH]c2ccccc12
8007,8009,CCCCN(CC)C(c1ccccc1F)C(C)[NH3+]
8008,8010,CC(NS(=O)(=O)c1cccc(C#N)c1)c1ncn[nH]1
8009,8011,Cc1cc(C)c(C(=O)Nc2ccccc2C(C)(C)C)cc1Nc1nccc(c2cn(C)c3ccccc23)n1
8010,8012,C=CCC1(C(=O)NCCc2ccc(F)cc2)CCN(C(=O)Cc2ccc(OC(F)(F)F)cc2)CC1
8011,8013,CCC(C)c1ccc(S(=O)(=O)N(C)Cc2ccc3c(c2)C[NH2+]CCO3)cc1
8012,8014,COc1cccc(C(=O)OCC2OC(n3cnc4c(NC5CCC(C[NH3+])CC5)nc(N5CCOCC5)nc43)CC3OC(C)(C)OC23)c1
8013,8015,O=C(Nc1cc(S(=O)(=O)N2CCOCC2)ccc1N1CCCC1)C1CCCCC1
8014,8016,O=C(Cn1cccn1)NC1CCN(c2ncccc2C(F)(F)F)C1
8015,8017,C=CCN1C(=O)NC(c2ccc(C)c(F)c2)C(C(=O)OCC)=C1C[NH+]1CCN(C(=O)OCC)CC1
8016,8018,C=C(COC)CC(C)=NNC(=C)C
8017,8019,CC(C)CC(NC(=O)C(C)NC(=O)C([NH3+])CCCC[NH3+])C(=O)NC(CC(=O)[O-])C(=O)NC(CCC(=O)[O-])C(=O)[O-]
8018,8020,CC(C)=CCNC(=O)C(C)(C)[NH3+]
8019,8021,COc1ccc(C([NH3+])C(C)C2CC2)c(OC)c1Br
8020,8022,COCCn1cc(C(=O)[O-])c(C(F)F)n1
8021,8023,C[NH2+]Cc1cc(F)ccc1Oc1cccc(F)c1
8022,8024,COC(=O)c1cnn(c2cc(N3CCC(C(=O)Nc4ccccc4N)CC3)ncn2)c1
8023,8025,C=CC(O)C(O)C(O)C(=O)CCCCCCCCCCC
8024,8026,COC(=O)c1c(C)oc(NC(=O)C=Cc2ccc(F)cc2)c1C#N
8025,8027,CC(CC(=O)NN)C1CCC1
8026,8028,FC(F)(F)c1cnn(CCOc2ccccc2)c1
8027,8029,CC(C)(C)n1cc(NC(=O)c2ccc(O)cc2)cn1
8028,8030,COC(=O)C1=CN(c2nc(C)cc(C)c2C#N)CC1
8029,8031,O=c1c(Cl)c(Cl)cnn1CC[NH+]1CCSCC1
8030,8032,C=CCn1c(SCCOC)nnc1C1(C)COc2ccccc2O1
8031,8033,O=C(CCCOc1ccc2ccccc2c1)NNC(=O)c1ccc(Cl)cc1
8032,8034,Cc1ccc2c(c1NC(=O)c1oc(C)nc1C)CCCC2
8033,8035,N#Cc1cnc(NCc2cc(F)cc(F)c2)cn1
8034,8036,CC(C)c1cc(Br)cc2c1NC(=O)C21C=CC=CC1[NH3+]
8035,8037,Cc1ccc(C(N)=[NH2+])c(OC2CCCCC2)c1
8036,8038,CCc1cc(CC(Cl)C(C)C)n(CC)n1
8037,8039,CCOC(=O)c1sc(NC(=O)CSc2nc(C[NH+]3CCCCC3)nc3sc(C)c(C)c23)c(C#N)c1C
8038,8040,O=C(NCCBr)c1ccc(Br)c(O)c1
8039,8041,COC(=O)C(NC(=O)C1(Br)CCCC1)C(C)C
8040,8042,Cc1[nH]c2ccccc2c1C1CC[NH+](CC(C)CC(C)(C)C)CC1
8041,8043,CCOC(=O)c1ccsc1NC(=O)CSc1ccccc1
8042,8044,C=CCN(CC(=O)N1CCc2sccc2C1c1ccc(Cl)cc1)C(=O)c1ccc(Cl)c(Cl)c1
8043,8045,Cc1ccc(NC(=O)C2CCCN(C(=O)C3CCCO3)C2)nc1
8044,8046,CCOc1ccc(C(C)Nc2ccc(C)cc2N)cc1
8045,8047,Cc1ccc(S(=O)(=O)c2nc(c3ccc(O)cc3)oc2N2CCN(C(=O)c3cccc(F)c3)CC2)cc1
8046,8048,NC(N)=[NH+]CCCC([NH3+])C(=O)NC(CC(=O)[O-])C(=O)N1CCCC1C(=O)[O-]
8047,8049,CCOc1ccc(C=NNC(=O)Nc2ccc(OCC)cc2)cc1OC
8048,8050,O=C([O-])C1CCN(c2nc3cc(F)c(F)cc3s2)C1
8049,8051,CCOc1cccc(C([NH3+])C2CCOC2)c1
8050,8052,CC(=O)OC1CC(OC(C)=O)C(OC(C)=O)C(C(OC2OC(COC(C)=O)C(OC(C)=O)C(OC(C)=O)C2OC(C)=O)OC(C)=O)O1
8051,8053,CCOc1ccc(C(=O)N2C3CCC2CC(NC(=O)C2CCCC2)C3)cc1OCC
8052,8054,CCCCc1nc(Cl)c(C(=O)[O-])n1Cc1ccc(c2ccccc2c2nn[n-]n2)cc1
8053,8055,Cc1ccc(C[NH2+]CCCc2nc(C(=O)[O-])no2)s1
8054,8056,CCCC(CC)(C[NH2+]CC)Cc1cc(Br)cs1
8055,8057,CC(=O)N(c1ccc(C)cc1)c1nc(C[NH+]2CCCCC2C)cs1
8056,8058,CCCC(C)CNc1cnn(CCO)c(=O)c1Cl
8057,8059,COc1cc(Br)c(CC(=O)CC#N)cc1OC
8058,8060,CC(=O)Nc1cccc(NC(=O)COc2ccc([N+](=O)[O-])cc2)c1
8059,8061,Cc1cc(=O)[nH]cc1C(=O)Nc1cnc(Nc2cccc(S(C)(=O)=O)c2)nc1
8060,8062,CSCCC([NH3+])C(=O)NC(Cc1ccc(O)cc1)C(=O)NC(Cc1cnc[nH]1)C(=O)NC(CS)C(=O)[O-]
8061,8063,O=C(Nc1n[nH]c(c2ccccc2)n1)C1C2CCCC21
8062,8064,O=C([O-])c1ccc2ccc(Br)cc2c1
8063,8065,Cn1cnn(CCC(=O)N2CCC(CO)CC2)c1=O
8064,8066,CSC1CCC(NC(=O)NC2CCOC3(CCOCC3)C2)C1
8065,8067,O=C(Nc1nc(c2ccco2)cs1)Nc1ccccc1F
8066,8068,O=Cc1ccc(C(=O)Cl)cc1CC(=O)[O-]
8067,8069,CS(=O)(=O)Nc1nc(=O)cc(c2nnc(NC3CCC(C(F)(F)F)CC3)s2)[nH]1
8068,8070,Nc1c[nH+]c2[nH]c(c3ccc4ccccc4c3)cc2c1N
8069,8071,C=CCOc1c(Cl)cc(C=Nn2c(C(C)(C)C)nc3ccccc3c2=O)cc1Cl
8070,8072,CCCCCC=CC=CCCCCCCCC(=O)OC(COC(=O)CCCCCCCCCCCCCCCC)COC1OC(COC2OC(CO)C(O)C(O)C2O)C(O)C(O)C1O
8071,8073,O=C(COc1ccc(Cl)cc1)NCc1ccc(OCc2ccccn2)cc1
8072,8074,CC1CN(C(N)=[NH+]Cc2cnn3ccc(NCc4ccc(Cl)s4)nc23)CCN1C
8073,8075,COC(=O)c1ccc(CN(c2ccc(I)cc2)S(=O)(=O)c2ccccc2)cc1
8074,8076,CC(C)OC(=O)C=Cc1cc(Cl)ccn1
8075,8077,O=c1nc[nH]c(NCc2ccsc2)c1Br
8076,8078,CCCCCOc1ccc(C2=NNC(c3cnc(C)nc3)=[NH+]C2[NH+](C)C)cc1
8077,8079,COc1cc2nc(N3CCC(c4ccccc4OC)CC3)nc(N)c2cc1OC
8078,8080,CSc1ncccc1C(=O)N1CC2COCC(C1)O2
8079,8081,COC(=O)C(C)CN(Cc1cccc(Cl)c1)C(=O)c1cccc(OC)c1
8080,8082,O=C(CCC(=O)N1CC[NH+](CC(=O)N2CCCCC2)CC1)NCc1ccccc1
8081,8083,CC1CC(C)CN(C(=O)CN2C(=O)C3C4CCC(O4)C3C2=O)C1
8082,8084,O=C(C=Cc1cccc(OCc2ccccc2Cl)c1)NCC1COc2ccccc2C1
8083,8085,COC(=O)c1ccc2c(c1)nc(c1ccc(OCc3ccccc3)c(OC)c1)n2C1CC[NH+](C)CC1
8084,8086,O=C1CCc2cc(C3=NC(=Cc4ccc(N5COc6ccccc6C5=O)cc4)N=C3c3cccc(O)c3)ccc2N1
8085,8087,CCc1cc(Cn2nc(Nc3cc(OC)c(OC)c(OC)c3)cc2CC[NH3+])ccc1C
8086,8088,Cc1c(OCC(F)F)ncc(S(=O)(=O)Cl)c1Cl
8087,8089,CCCC(O)C(CC1CC2CCC1C2)NN
8088,8090,C[NH2+]C(C)(C)c1noc(CCc2ccc(OC)cc2)n1
8089,8091,O=C([O-])C1CCCN(C(=O)c2nn(c3cccc(Cl)c3)c(=O)cc2[O-])C1
8090,8092,Cc1ccc(CNC(=O)C(=O)Nc2ccc(Cl)c(Cl)c2)cc1
8091,8093,COC(=O)c1sc(NC(=O)C2CC(=O)N(c3ccccc3F)C2)c(C(=O)OC)c1C
8092,8094,O=C(CCN1C(=O)c2ccccc2C1=O)N(Cc1ccc(c2cccc(OCC(O)CO)c2)cc1)Cc1cccnc1
8093,8095,CC(C)c1cc(C(=O)CN2C(=O)N(C)C3(CCCCC3)C2=O)ccc1Cl
8094,8096,CCCOC(=O)C1=C(C)[NH+]=C2SC=C(CC(=O)Nc3ccccc3)N2C1c1cccc(OC)c1OC
8095,8097,N#Cc1cc(C[NH+](CCO)C2CCCC2)ccc1F
8096,8098,CCOc1cccn2c(C(=O)CSc3nnnn3C(C)C)c(C)nc12
8097,8099,CC(=O)Nc1ccc(C(=O)CCC(=O)NN)cc1
8098,8100,CC1CN(C2=[NH+]CCN2c2ccc(c3cccc(O)c3)nn2)CC(C)(C)O1
8099,8101,CCCOC(=O)c1cccc(C[NH+](CCC)CCC)c1
8100,8102,CC[NH2+]CCCS(=O)(=O)NCc1cncs1
8101,8103,CCOc1c(O)ccc(C[NH+]2CCN(c3ncccn3)CC2)c1C
8102,8104,C[Si](C)(C)C#CC#CC#C[Si](C)(C)c1ccc(C#N)c(F)c1
8103,8105,CCC(C)n1ncnc1COc1c(C)cccc1C[NH3+]
8104,8106,C[NH2+]C(C)(CC[NH+](C)C1CCCCCC1)C(=O)OC
8105,8107,COc1ccc(C(C)[NH2+]C(C)c2cccc(Cl)c2Cl)cc1OC
8106,8108,CC(C)N1C(=O)N(C)C2CN(C(=O)c3ccc(F)cc3Br)CC21
8107,8109,COc1ccccc1N(C)c1ccc(CO)cc1C(F)(F)F
8108,8110,COC(=O)c1cc(c2ccc(OC)cc2)c(C#N)cn1
8109,8111,CC1CCC(n2cc(c3cc(N)nc(N)n3)nn2)CC1
8110,8112,COc1cc(c2cc(C(F)(F)F)nc(SCCC#N)n2)ccc1OCc1ccccc1
8111,8113,FC(F)Oc1cccc(c2ncc(C[NH2+]CCc3cccc4ccccc34)s2)c1
8112,8114,O=C(Cn1cnccc1=O)NCC1C[NH2+]C1
8113,8115,CCCCCCC(=S)OC(C)=O
8114,8116,CC(=O)c1ccccc1OCC(=O)c1ccc(S(C)(=O)=O)cc1
8115,8117,O=C(NCc1ncon1)Nc1ccc2c(c1)OC(F)(F)O2
8116,8118,COc1ccc(N(CC(=O)N(Cc2ccccc2C)C(C)C(=O)NC(C)(C)C)S(=O)(=O)c2cc(C)ccc2OC)cc1
8117,8119,COc1cc2c(cc1OC)C(c1ccccc1)[NH+](C1c3ccccc3CC1O)CC2
8118,8120,Cc1ccc(Cn2c(=S)[nH]c3cc(I)ccc3c2=O)cc1
8119,8121,COC(=O)c1ccc(c2cnc(N)nc2)cc1
8120,8122,Cn1c(=O)c2c(ncn2CC(=O)NCC2(c3ccc4c(c3)OCO4)CCCC2)n(C)c1=O
8121,8123,CCCc1c(C(=O)[O-])nnn1Cc1ccc(C(N)=O)cc1
8122,8124,O=C([O-])C1=NOC2(c3ccccc3)CC(c3ccc(CO[N+](=O)[O-])cc3)CCC12
8123,8125,CCOC(=O)CS(=O)C(C)C(C)O
8124,8126,CCn1c(CC(=O)Nc2ccc(C)c(C)c2)nnc1SCC(=O)Nc1sc2c(c1C#N)CCC(C)C2
8125,8127,CC1CCN(c2nc(Cl)nc3sccc23)CC1O
8126,8128,COCOc1c(Br)cccc1C(O)C(=O)[O-]
8127,8129,CCOc1ccc(C2C(C(=O)Nc3cccc(SC)c3)=C(C)N=c3sc(=Cc4cccc(OC)c4OCc4ccc(Cl)cc4Cl)c(=O)n32)cc1
8128,8130,O=C(CCc1ccccn1)NC(Cc1c[nH]c2ccccc12)C(=O)NC(Cc1c[nH]c2ccccc12)C(=O)NC(CS)C(=O)NCC(=O)NC(Cc1c[nH]c2ccccc12)C(=O)NC(Cc1ccccc1)C(=O)NC(Cc1c[nH]c2ccccc12)C(=O)[O-]
8129,8131,CCOc1ccc(NC(=O)C(C#N)=Cc2ccc(OCc3ccc(Br)cc3)c(OC)c2)cc1
8130,8132,Nc1cc(C(=O)[O-])ccc1S(=O)(=O)NCCCC(F)(F)F
8131,8133,Nc1ccccc1NC(=O)c1cc(c2ccncc2Cl)no1
8132,8134,Cc1cc(=O)n(C)c(N2CCN(c3ccccc3F)CC2)c1C#N
8133,8135,COc1ccc(C(=O)NCCc2nnc(NC(=O)c3cccc([N+](=O)[O-])c3)s2)cc1OC
8134,8136,CCOC(=O)C(C)([NH2+]C(C)C(=O)OC)c1ccc(OC)cc1
8135,8137,O=C(Nc1ccccc1I)c1ccc([N+](=O)[O-])nc1
8136,8138,Cc1cc(NC(=O)c2ccco2)sc1C(=O)NCCCc1[nH]cc[nH+]1
8137,8139,C=CCCCC([NH2+]CCC)c1ccc(Cl)cc1C
8138,8140,CC(C)(CCl)C(=O)NCCOc1ccc(C(F)(F)F)cn1
8139,8141,Nc1ccc(CC2CNC(=O)O2)cc1
8140,8142,CCCCC(CC)(C[NH2+]CC(C)C)C(C)C
8141,8143,Cc1ccc(S(=O)(=O)N2CCC(NC(=O)Cc3ccccc3)C2=O)cc1C
8142,8144,COc1ccc(Br)cc1C(=O)c1ccc(Cl)c(Cl)c1
8143,8145,CSCC(C)CNC(=O)c1ccc(O)c(C)c1
8144,8146,CCOC(=O)c1c(NC(=O)C(C)Sc2ccc([N+](=O)[O-])cc2)sc(C)c1c1ccccc1
8145,8147,CCOC(=O)c1c(NC(=O)c2ccno2)cnn1c1ccc(F)cc1
8146,8148,CCCCSCCc1cncs1
8147,8149,FC(F)(F)c1cccc(c2ccnc3cc(C4CC[NH+](Cc5ccco5)CC4)ccc32)c1
8148,8150,COc1ccc(n2c(SCC(=O)Nc3ccc(C)c(Cl)c3)nc3sc4c(c3c2=O)CCCC4)cc1
8149,8151,Cn1ccc(CNC(=O)c2ccc(C=CC(=O)[O-])s2)n1
8150,8152,N#Cc1ccc(CN2C(=O)CCCC2=O)cc1
8151,8153,Cc1nc(C(F)(F)F)ccc1C(=O)N1CC2C3CCC(C3)C2C1
8152,8154,N#Cc1nccnc1OCC1CCN(C(=O)NCCc2nc3ccccc3[nH]2)C1
8153,8155,O=C1CC(c2cccs2)CC(=O)O1
8154,8156,CCCCc1ccc(N2C(=O)C(=O)C(=C([O-])c3ccc(C)c(C)c3)C2c2ccc(Cl)cc2)cc1
8155,8157,COc1ccccc1CCC(=O)N(Cc1ccco1)C(C)c1ccccc1
8156,8158,CC[NH2+]Cc1occc1Cc1ncnn1CC(C)C
8157,8159,COCC[NH2+]CCc1ccc(N(C)C)cc1
8158,8160,Cn1ccnc1Sc1cnc(C(=O)NCc2ccccc2)cn1
8159,8161,O=c1[nH]c2ccccc2cc1c1nc(SCC(=O)Nc2ccccc2)n[nH]1
8160,8162,O=C(Nc1nc(c2ccc3c(c2)CCN3C(=O)CCC2CCCC2)cs1)c1cccc(Oc2ccccc2)c1
8161,8163,Cc1nc2scc(C)n2c1C[NH2+]Cc1ccon1
8162,8164,CC(=O)Nc1ccc(S(=O)(=O)NC(CCS(C)(=O)=O)C(=O)[O-])cc1
8163,8165,CCCC[NH+]=C(NCCc1ccc(OC)cc1)SC
8164,8166,COC(=O)CCc1c(C)[nH]c(C=C2N=C(c3cc(Br)cc(Br)c3)OC2=O)c1C
8165,8167,CCOC(=O)c1ccc(S(=O)(=O)N2CCN(c3ccc(n4cnc(C)c4)nn3)CC2)cc1
8166,8168,CCC(C)N(Cc1nc(=O)c2ccc(Cl)cc2[nH]1)C(=O)c1cccs1
8167,8169,CNS(=O)(=O)c1ccc(CCC(=O)NCc2ccc(C)c(F)c2)cc1
8168,8170,O=c1[nH]c(c2ccccn2)nc2scc(Cc3ccc4c(c3)CCC4)c12
8169,8171,CCCCCCCOc1ccc(C(=O)NC2CCN(C(=O)N3CCCC3)CC2)cc1
8170,8172,C=CCc1cc(O)c(C)c(CCCCCC)c1O
8171,8173,CC1CC[NH+](Cc2ccc(NC(=O)CSc3nnnn3C)cc2)CC1
8172,8174,CSCCCCCCNC(=O)C1([NH3+])CCCC1
8173,8175,COc1ccc(N2CC3(CCCC3)[NH2+]CC2(C)C)cc1
8174,8176,COCC1CN(C(=O)C2CCN(C(=O)c3cnn4ccccc34)CC2)CCO1
8175,8177,CC(C)C[NH+]1CCN(c2ccc(C(N)=[NH2+])cc2)CC1
8176,8178,CCc1ccc(COc2c(Br)cc(CO)cc2Br)cc1
8177,8179,Cn1c(C2CCCC2)nc2ccc(C(=O)[O-])cc21
8178,8180,COc1ccc2c(CC(=O)N3CCN(c4ccccc4)CC3)coc2c1
8179,8181,CCOC(=O)c1[nH]c(C)c(C(=O)C[NH+](CCC(=O)OC)Cc2ccc3c(c2)OCO3)c1C
8180,8182,CCCCCCC1CCC(c2ccc(C#Cc3ccc(CCCCC)cc3)cc2)CC1
8181,8183,C=CCNC(=O)C(=O)C(CC1CCCCC1)NC(=O)C1C2C(CN1C(=O)C(NC(=O)NC(CSC1CCCCC1)C1CCCCC1)C(C)(C)C)C2(C)C
8182,8184,C=CCN1C(=O)C2(CCN(S(=O)(=O)c3cc(C)ccc3OC)CC2)c2ccccc21
8183,8185,O=C([O-])CC1CCCN(S(=O)(=O)c2ccc(Br)c(F)c2)C1
8184,8186,COc1cc2c(cc1C=Cc1ccc(Br)s1)NC(=O)C2
8185,8187,Cc1ccc(SC2=C([NH+]3CCCC(C)C3)C(=O)N(c3ccccc3C)C2=O)cc1
8186,8188,COc1c(OC(C)=O)c(Br)cc(CCBr)c1N
8187,8189,C=CCc1cccc(C=NNC(=O)CN(c2cc(C)ccc2C)S(=O)(=O)c2ccc(C)cc2)c1O
8188,8190,COc1cccc(CCC(=O)Nc2ccc(OC)c(C(N)=O)c2)c1
8189,8191,CC1CCN(C(=O)CN2C(=O)NC(C)(C3CC3)C2=O)CC1
8190,8192,CCOc1ccc2c(=O)c(c3ccc4c(c3)OCCO4)c(C(F)(F)F)oc2c1
8191,8193,Cc1nc(C[NH+]2CCN(C(=O)c3n[nH]c4ccccc34)CC2)n[nH]1
8192,8194,O=C(CCn1cnc2sc3c(c2c1=O)CCCC3)N1CCC(Cn2cccn2)CC1
8193,8195,CCc1cc(c2ccc(CC(N)=O)cc2)cc2cnc(NC3CCC(O)CC3)nc12
8194,8196,CC1=C(C(=O)Nc2cccc(C(F)(F)F)c2)C(c2ccco2)n2c(sc(=Cc3ccc(O)cc3Cl)c2=O)=N1
8195,8197,Cc1[nH]nc(C(=O)N2CCC(C[NH3+])C2)c1Br
8196,8198,COc1cc(OC)c(COCCC2CO2)cc1Br
8197,8199,Cc1cc(C)c(c2csc(Nc3ccccn3)n2)cc1CO
8198,8200,COC(=O)c1cnc(C(F)F)c(C#N)c1C(F)(F)F
8199,8201,O=Cc1cc(F)ccc1N1CCOC1=O
8200,8202,CC(C)[NH+]1CCC(CC[NH+]2CCN(C)C(=O)C2)CC1
8201,8203,Cc1ccncc1N1CCC(C(=O)NCc2cccc(Cn3cccn3)c2)CC1
8202,8204,COc1ccc2c(c1)c(C(=Nc1ccc(C[NH+]3CCN(C)CC3)cc1)c1ccccc1)c(C)n2C
8203,8205,O=C(CCNc1ccc(Cl)cc1)N1CCOC2CCCCC21
8204,8206,CSc1nc(N)c(C#N)c(C#N)c1C(=O)Nc1ccnn1C(C)C
8205,8207,CCCCn1c(C[NH+](CC)Cc2c(Cl)cccc2Cl)c[nH+]c1c1ccccc1
8206,8208,CNc1ccccc1NC(=O)c1ccc(COC)o1
8207,8209,CCCCCCC(Br)c1ccc2c(c1)CC(=O)N=C2
8208,8210,C=CCNC(=O)C(C)[NH2+]C(C)c1ccccc1OC
8209,8211,O=C(NCC(O)C1CCCC1)c1cc([S-])cs1
8210,8212,C=CCSc1ccccc1NCc1ccc(C(F)(F)F)o1
8211,8213,CCc1cnc(C(C)n2c(=S)[nH]c3cccc(C)c32)s1
8212,8214,O=C(c1cnc(c2ccccc2)s1)n1cccn1
8213,8215,Cc1ccc(C2CC(=O)C3=C(C2)NC(=O)CC3c2cccs2)cc1
8214,8216,CC(C)(C)N1CC(C(=O)N2CCN(c3nnc(C4CC4)s3)CC2)CC1=O
8215,8217,O=C([O-])C1CCN(c2ccc3nnc(C(F)(F)F)n3n2)CC1
8216,8218,COC(=O)c1ccc(NC(=O)c2ccnnc2)c(C)c1
8217,8219,CCn1c(C(C)O)nc2c1CC[NH2+]C2
8218,8220,O=C1C[NH2+]CCN1c1ccc(Cl)cn1
8219,8221,O=C([O-])c1ccc(C=CC2COCC2NC(=O)CCc2cccs2)cc1
8220,8222,CC(C)Nc1cccc(NC(=O)C2=CC=CN3CCS(=O)(=O)N=C32)c1
8221,8223,CCc1cccc(NC(=O)Cn2c(=O)n(C)c(=O)c3sccc32)c1
8222,8224,CC(c1ccc(F)cc1Cl)[NH+](C)Cc1ccc(n2ccnc2)cc1
8223,8225,COc1ccc(C)cc1NC(=O)c1cnc(Nc2cc(C)ccc2C)cn1
8224,8226,O=c1c2ccccc2nc(c2ccccc2)n1N=Cc1cn(Cc2cccc(Cl)c2)c2ccccc12
8225,8227,COc1ccc2c(OCC=C(C)CCC=C(C)C)ccc(NC(=O)c3cncc(c4cc(NS(C)(=O)=O)nc(OCCC[NH3+])n4)n3)c2n1
8226,8228,CCC1CCC(C[NH3+])(C(O)CC(CC)CC)CC1
8227,8229,N#Cc1ccc2nnc(Br)n2c1Br
8228,8230,[NH3+]C(CCC(=O)[O-])c1cn(CCF)c2ccccc12
8229,8231,COc1ccc(n2c(SCC(=O)N3CCc4ccccc43)nnc2c2ccc(C(C)(C)C)cc2)cc1
8230,8232,CCCCC(O)(CC)C1[NH2+]CCc2cc(OC)ccc21
8231,8233,CC(=O)NC(CC(=O)NCCOc1cccc(C(C)C)c1)c1ccc(C)cc1
8232,8234,CC1CC(C)CN(C(=O)c2ccccc2NC(=O)C(NC(=O)C2CC[NH+](C(C)C(=O)Nc3ccc(Cl)c(C(=O)N(C)C)c3)CC2)C(C)C)C1
8233,8235,COC(=O)c1ccc(CSCC(=O)N2CCC[NH+](CC(=O)Nc3ccc(F)c(F)c3)CC2)cc1
8234,8236,Cc1cc(N2CCCC2)ccc1NC(=O)COc1ccc(C#N)cc1
8235,8237,CCCCC(CC)C(=O)N(C)CC(=O)c1ccccc1Br
8236,8238,COc1ccc(c2csc(N3CCN(C(=O)c4ccc(Br)s4)CC3)n2)cc1OC
8237,8239,[NH3+]Cc1ccc(N2CCOCC2CO)c(Cl)c1
8238,8240,C[NH2+]C1CCCc2sc(C3CCCS3)cc21
8239,8241,Cn1cc(C2OCCC2NC(=O)Cc2cccc(C(F)(F)F)c2)cn1
8240,8242,Nc1cccc(C(=O)[O-])c1Nc1ccc(F)cc1I
8241,8243,CC1C[NH2+]CCC1NC(=O)C1CCC1
8242,8244,C=C(C)C(Cn1ccc2cc(C)ccc21)OC(=O)C(C)NC(=O)C1CSC(C2CCCCC2)N1C(=O)OC(C)(C)C
8243,8245,CSC(C)CCC(=O)N1CCC2(CCOCC2)CC1
8244,8246,Nc1ccc(n2cccc2)c(F)c1
8245,8247,Cc1n[nH]c(C)c1S(=O)(=O)N1CCC(NC(=O)CCc2ccccc2)CC1
8246,8248,Cc1ccc(Oc2cc(C)ccc2C#N)c(C(C)(C)C)c1
8247,8249,Cc1c(I)ncc(OC(F)(F)F)c1C(F)F
8248,8250,[NH3+]C1(c2ccc(Cl)cc2)CCCC(O)CC1
8249,8251,O=C(NCC(=O)N1CCN(C(=O)C2CC2)CC1)c1cccnc1
8250,8252,CC(=O)c1ccn(CC#N)n1
8251,8253,CCc1cnc(C2CCC[NH+]2Cc2cc(OC)c(OC)cc2OC)o1
8252,8254,NC(=S)Nc1cccc2c(Cl)ccnc12
8253,8255,Nc1c(C(=O)Nc2ccccc2)sc2nc(c3ccccc3)cc(c3ccccc3)c12
8254,8256,CC(C)OC(=O)c1cc(NC(=O)C(C)n2nc(C(F)(F)F)cc2C2CCCC2)ccc1Cl
8255,8257,CCOC(=O)c1ccc(N=Cc2cc([N+](=O)[O-])c(OC(C)C)c([N+](=O)[O-])c2)cc1
8256,8258,COc1ccc(CNc2nc3ccc(C(=O)Nc4nc5ccc(C)cc5s4)cc3s2)cc1OC
8257,8259,COc1ccc(NC(=O)CCNC(=O)C2CC[NH+](CC(=O)Nc3ccc(C(=O)NCC(C)C)cc3C)CC2)cc1NC(=O)c1ccc(C)cc1
8258,8260,C[NH2+]C(CCc1cccnc1)Cc1c(F)ccc(C)c1F
8259,8261,COc1cc2c(cc1OC)-n1ncnc1C1(CCCCC1)N=C2c1ccc(S(F)(F)(F)(F)F)cc1Cl
8260,8262,CC(C)C[NH+]=C(N)NCCCn1ccnc1
8261,8263,Cc1ccc(S(=O)(=O)N(Cc2ccc(C(N)=O)cc2)c2ccccc2Cl)cc1
8262,8264,Cn1cc(c2cc(Oc3cc(C(N)=O)nc(NCCC[NH+](C)C)n3)ccc2Cl)cn1
8263,8265,CC[NH2+]Cc1nnc(NCc2csc(=O)[nH]2)o1
8264,8266,N#Cc1c(Cl)ncnc1Sc1ccc(F)cc1
8265,8267,O=C(CCNC(=O)c1ccco1)NCCc1ccc2c(c1)OCCO2
8266,8268,O=C1CCCc2cc(S(=O)(=O)N3CC[NH+](CCc4cccs4)CC3)ccc2N1
8267,8269,Cn1cnc(C(=O)OCc2ccc(C(=O)N3CCCC3)o2)c1
8268,8270,Cc1cc(C(=O)CCl)cc(Cl)c1F
8269,8271,CC(C)C(CO)(CO)[NH2+]CC1CCSC1
8270,8272,Cc1nn(c2ccccc2)c(C)c1C=CC(=O)OCC(=O)c1ccccc1
8271,8273,CCCCc1[nH+]c(c2ccc3c(c2)N=C(c2ccc(C4=[NH+]CCN4C)cc2)NO3)cn1Cc1cc(C(C)(C)OC)ccc1C
8272,8274,CCOCCCNC(NCC[NH+]1CCN(c2ncccn2)CC1)=[NH+]Cc1nnc(C)n1C
8273,8275,Cn1cccc1C(=O)COC(=O)c1cc([N+](=O)[O-])ccc1Cl
8274,8276,Cc1cc(C)c(NC(=O)C(C#N)=CNc2cc(Cl)ccc2C)c(C)c1
8275,8277,COC(=O)C(C)(CC[NH+](C)CC(C)C)[NH2+]C(C)C
8276,8278,O=C(Nc1nc2c(s1)CN(C(=O)c1ccco1)CC2)c1cccc(C(F)(F)F)c1
8277,8279,Nc1ccc(O)c(c2c[nH+]c3ccc(c4ccc(OC(F)(F)F)cc4)nn32)c1
8278,8280,CCCCCCOc1ccc(C(=O)NNC(=O)C2CCN(C(=O)C(C)C)CC2)cc1
8279,8281,CC1CN(c2ccc(F)cc2O)CC(C[NH3+])O1
8280,8282,Cc1c2c(cc3c1OC(=Cc1ccc(F)cc1)C3=O)C[NH+](Cc1ccccn1)CO2
8281,8283,COc1ccc(C=CC(=O)OCC(=O)Nc2ccc(N(C)C)cc2)cc1
8282,8284,[NH3+]Cc1ccc2c(c1)CCN2S(=O)(=O)c1ccn[nH]1
8283,8285,CC(=O)c1cccc(NC(=O)NC(C)C[NH+]2CCCCC2)c1
8284,8286,COc1ccc(S(=O)(=O)N2CCCC(c3cc(C)[nH]n3)C2)cc1
8285,8287,CS(=O)(=O)N(Cc1ccc(F)cc1)C(=O)c1ccc(Cl)cc1
8286,8288,C=CCN(C(=O)C(Cc1ccc(O)cc1)NC(=O)OC(C)(C)C)C(C(=O)NC1CCCCC1)c1ccc(CC)cc1
8287,8289,COc1ccccc1Nc1cnc(C(=O)Nc2cccc(Cl)c2)cn1
8288,8290,COc1ccc(N2CC(CNC(=O)C=Cc3ccc4c(c3)OCO4)CC2=O)cc1
8289,8291,COc1ccc(C(N)=S)c(N(C)CCCCCO)c1
8290,8292,COc1c(Cl)cc(C(=O)NC(C)c2ccc(OC)c(OC)c2)cc1Cl
8291,8293,COC(=O)CC(C(=O)OC(C)C)=C1NC(c2cccc(Cl)c2)c2c(sc(C(=O)OC)c2N)N1
8292,8294,N#Cc1cccc(n2c(O)c3c(c2O)C([O-])=C2C(=O)C4(O)C([O-])=C(C(N)=O)C(=O)C([NH+](C)C)C4CC2C3)c1
8293,8295,CC(C)C(=O)Nc1nnc(S(=O)(=O)NCc2cn3ccsc3[nH+]2)s1
8294,8296,O=C(Nc1nc2c(s1)CCCC2)N1CCN(C2CC2)C(=O)C1
8295,8297,O=C(CNc1ccc(S(=O)(=O)NCC2CCCO2)cc1)Nc1ccc(N2CCCCC2)cc1
8296,8298,CC(C)CN(CCC(N)=[NH+]O)S(=O)(=O)c1cc(Br)ccc1Br
8297,8299,Cc1ccc(F)c(n2c(CCCl)nc3ccc(C)nc32)c1
8298,8300,CCOC(=O)c1ccc(NC(=O)Cn2nc(C)c(S(=O)(=O)Nc3cccc(Cl)c3)c2C)cc1
8299,8301,C=CC(=O)OCCN(CCOC(=O)C=C)c1ccc(N=Nc2ccc(S(=O)(=O)[O-])cc2)cc1
8300,8302,CC1CCC(C)[NH+](Cc2cc(F)ccc2C#CC[NH3+])C1
8301,8303,CCCCc1ccc(NC(=O)CSc2nnc(COc3cc(C)ccc3Cl)n2C)cc1
8302,8304,Cc1nnc(SCC(=O)Nc2ccc(S(=O)(=O)Nc3ccc(Cl)nn3)cc2)s1
8303,8305,CCOC(=O)C(=NNc1ccccc1NC(=S)Nc1ccc(F)cc1)C(C)=NOCc1ccccc1
8304,8306,O=C([O-])C1CCCCN1c1nc(C(=O)[O-])co1
8305,8307,CC1(C(=O)[O-])CC[NH+](Cc2ccc(c3nn(C4CCOC(CO)C4O)c(=O)n3c3ccccc3)cc2F)CC1
8306,8308,COc1ccc2c(c1)cc(C(=O)N1CCN(C(=O)CC3CCCCC3)CC1)n2CC(F)F
8307,8309,CC(C)NC(=O)c1cn2[nH]c(c3ccccc3)c(CCCc3ccccc3)c2[nH+]1
8308,8310,CC(C)CC1C(=O)NC(C2CC2)C(=O)N1Cc1ncnn1C
8309,8311,COCCNC(=O)c1sc(NC(=O)C2CC2)nc1C
8310,8312,CCOC(C(O)c1ccnn1C)C(C)(C)C
8311,8313,CCCCn1nc(C)c(C=CC(=O)Nc2ccc(OC)cc2OC)c1Cl
8312,8314,O=C(Nc1ccc(=O)[nH]n1)c1cc(Br)cn1C1CC1
8313,8315,CCCCN(C)c1ccc(C[NH2+]CC)cc1Cl
8314,8316,CCOc1ccc(NS(=O)(=O)c2cc(c3nc(C)c(C(=O)N4CC[NH+](CC)CC4)s3)c(Cl)cc2Cl)cc1
8315,8317,C=CCn1c([O-])c(C=Nc2cc(Cl)ccc2Cl)c(C)c(C#N)c1=O
8316,8318,COc1ccc(C=NNC2=[NH+]C(=O)C(CC(=O)N3CCN(c4ccccc4)CC3)S2)cc1OC
8317,8319,CCOc1ccc2c(C#N)cccc2c1C=CC(=O)[O-]
8318,8320,N#Cc1ccc(C(F)(F)F)nc1Oc1cccc([N+](=O)[O-])c1
8319,8321,CNc1nc(NCC2(OC)CCC2)c2ccccc2n1
8320,8322,O=C(OCC(=O)C1(O)CCC2C3CCC4=CC(=O)CCC4C3CCC21C)C1(O)CCC2C3C(O)CC4CC(O)CCC4(C)C3C(O)CC21C
8321,8323,CCOc1cccc(CN2CC[NH2+]C2C(=O)Nc2ccc(OC)cc2)c1
8322,8324,COc1n[nH]c(C2CC2)c1C(=O)N1CCN(C(=O)C2CCCC2)CC1
8323,8325,COC(=O)CC1C(c2ccc(OC)cc2)[NH+]1C(CC(=O)c1ccc(Br)cc1)c1ccccc1
8324,8326,O=C([O-])C(c1ccccc1)[NH+]1CC2(CN(c3nc4ccccc4n3c3ccccc3)C2)C1
8325,8327,COc1ccccc1CCNC(=O)N1CC2(CCOCC2)C1c1cnn(C)c1C
8326,8328,O=C(Nc1cccc(OCc2ccccn2)c1)c1cccc(OC(F)F)c1
8327,8329,CC(C)OC(=O)c1c(NC(=O)CCn2nnc3ccccc3c2=O)scc1c1ccccc1Cl
8328,8330,CCC(C)(CCOc1ccc(C(F)(F)F)cc1Cl)C(=O)[O-]
8329,8331,CC1CCCN(C(=O)Cn2c(=O)c3c(ncn3C)n(C)c2=O)C1
8330,8332,COc1cc(c2n[nH]c3ncc(c4ccsc4)cc32)ccc1NC(=O)Cn1cnc2cc(C)ccc21
8331,8333,C[NH2+]CCC(=O)N(C)CCc1ccccn1
8332,8334,O=C1NC(=O)C(c2c[nH]c3cc([N+](=O)[O-])ccc23)=C1Sc1ccccc1
8333,8335,Fc1ccc(CC(Cl)Cc2ccc(Cl)cc2Cl)cc1
8334,8336,CC(=O)NC1C(OCC(OC(C)=O)C(COC(c2ccccc2)(c2ccc(OC)cc2)c2ccc(OC)cc2)OCc2ccccc2)OC(COC(C)=O)C(OC(C)=O)C1OC(C)=O
8335,8337,O=C(CN1Cc2ccc(F)cc21)Oc1ccc2ccc(=O)oc2c1
8336,8338,Nc1cc(N2CC(F)C2)cnc1Br
8337,8339,O=C1CSC(c2cccc(F)c2)N1c1ccc(Cl)nn1
8338,8340,O=C(CN1C(=O)Cc2ccccc21)NC1CCCc2sc(Br)cc21
8339,8341,CCn1c(C)cc(C(=O)NC(Cc2ccccc2)C(O)CN(CC(C)C)S(=O)(=O)c2ccc(OC)cc2)c1C
8340,8342,Cc1cc(C)c(NC=O)c(O)c1Br
8341,8343,C=C(C)C[NH+]=C(N)Nc1ccc(SC(F)(F)F)cc1
8342,8344,CS(=O)(=O)Nc1ccccc1C(=O)NNC(=O)c1cccc(Cl)c1Cl
8343,8345,CC(=O)c1cc(C(=O)N2CCC3C(CCC[NH+]3C)C2)n(C)c1
8344,8346,N#CC1(Cc2ccccc2)COC1
8345,8347,O=C(Nc1ccccn1)c1c[nH]c2ccc(Cl)cc12
8346,8348,CN(CC(=O)Nc1ccccc1C(F)(F)F)C(=O)C=Cc1ccccc1Cl
8347,8349,Cc1ccc(C#CC[NH3+])c(C(=O)NC2CC[NH+](C)CC2)c1
8348,8350,CC[NH2+]C(c1ccoc1Cl)c1cc(OC)cs1
8349,8351,Cc1nc(C)c(c2ccc3sccc3c2)nc1C
8350,8352,N#Cc1c(Br)cc(Br)cc1N1CCCC(CCO)C1
8351,8353,CCc1cccc(CC)c1NC(=O)COC(=O)CCc1ncc(c2ccc(F)cc2)o1
8352,8354,Nc1ccccc1NC(=O)CCCOc1ccccc1Br
8353,8355,CCC(C)C1C[NH2+]C(C)CN1CCOCC(C)C
8354,8356,CC(C)(C=O)CSSCC([NH3+])C(=O)OCc1ccc(CC(NC(=O)CCC(=O)N2CCCC2)C(=O)NCC(=O)NC(CSCc2ccccc2)C(=O)NCC(N)=O)cc1
8355,8357,COC(=O)c1ccc(C2CC[NH2+]C2)cc1Cl
8356,8358,CCc1cnccc1C(Cc1ccc(F)c(F)c1)NN
8357,8359,CC(C)C(NC(=O)c1ccccc1)C(=O)NNC(=O)C(=O)NC1CC1
8358,8360,Cc1ccc(S(=O)(=O)ON=C(C)c2cccc([N+](=O)[O-])c2)cc1
8359,8361,Cc1cc(F)ccc1NC(=O)c1ccc(C)c(NC(=O)C(C)[NH+]2CCC(C(=O)Nc3ccc(C(=O)N4CCCCC4)c(Cl)c3)CC2)c1
8360,8362,CSc1nc2ncc(C[NH3+])c-2c(Cl)[nH]1
8361,8363,CC1CN(C(=O)c2ccc(F)c3ccccc23)C(C)CO1
8362,8364,O=C(COc1ccccc1C(=O)[O-])c1ccc(S(=O)(=O)N2CCOCC2)cc1
8363,8365,CCS(=O)(=O)Nc1cc(C(=O)OCC(=O)Nc2ccc(SC(F)F)cc2)ccc1OC
8364,8366,Cc1ccc(CC(=O)Nc2ccnc(c3ccc(OC(F)(F)F)cc3)n2)cc1
8365,8367,Cc1cc(C)c(c2csc(CC3CC[NH2+]CC3)n2)c(C)c1
8366,8368,Cc1[nH]nc(c2ccccc2)c1NC(=O)c1ccn(c2cccc(Cl)c2)n1
8367,8369,COc1ccc(CC(=O)N2CCC(NC(=O)Nc3ccc([N+](=O)[O-])cc3C(F)(F)F)CC2)cc1
8368,8370,COC(=O)Cn1c(=NC(=O)C2CC2)sc2cc(Br)ccc21
8369,8371,O=c1nc(c2cnccn2)[nH]c2c1C[NH+](Cc1cccc3c1OCOC3)CC2
8370,8372,FC(F)(F)c1nc(Sc2n[nH]c(C3CC3)n2)c2c3c(sc2n1)CCCC3
8371,8373,COc1cc(NC(=O)C[NH+]2CCN(c3cccc(C)c3C)CC2)cc(OC)c1
8372,8374,Cc1cc(C)cc(N(CCC#N)C(=O)CSc2nc3cc(Cl)ccc3c(=O)n2CCC(C)C)c1
8373,8375,CCn1cnnc1C[NH2+]C1CCN(C(C)=O)CC1
8374,8376,O=C(NO)c1cccc(NC2C3CC4CC(C3)CC2C4)c1
8375,8377,COc1ccc(C(=O)NC2CCCCC2C)cc1NC(=O)CNC(=O)C1CC[NH+](C(C)C(=O)Nc2cc(C(=O)N3CCOCC3)ccc2Cl)CC1
8376,8378,COc1cccc(C(C)(C)NC(=O)c2ccccc2C)c1
8377,8379,O=C(NCC1CCC(O)C1)c1ccc2ncsc2c1
8378,8380,O=C(NCc1ccnc(n2ccnc2)c1)c1ccco1
8379,8381,Cn1cc[nH+]c1CCNC(=O)c1ccc(N)c(Cl)c1
8380,8382,CC1CCC(C(C)C)C(OC(=O)[N-]C(=O)OCc2ccccc2)C1
8381,8383,CCOC(=O)CC1C(=O)NCCN1C(=O)CCc1cccc(OC)c1
8382,8384,CCOc1ccc2c(c1)c(CN1CC([NH+]3CCC4(CC3)C(=O)Nc3ccccc34)C1)cn2C
8383,8385,[NH3+]C(c1cccc(C(F)(F)F)c1)C1CCC1
8384,8386,CCn1cc([N+](=O)[O-])cc1C(=O)NCCc1c(C)[nH]c2ccccc12
8385,8387,CC[NH2+]Cc1occc1C[NH+]1CCCOC(C)C1
8386,8388,CNC(=O)Nc1cc(c2nnn(C(c3ccccc3)(c3ccccc3)c3ccccc3)n2)ccc1N1CCN(C(=O)OC(C)(C)C)CC1
8387,8389,Cc1ccc(c2csc3ncn(C4CCCN(C(=O)c5ccc(Cl)cc5)C4)c(=O)c32)cc1
8388,8390,COc1ccc(C(C[NH3+])N2CCC(C)CC2)cc1OC
8389,8391,O=C(c1ccccc1F)N1CCC(n2c(Nc3ccc(F)cc3)nc3ccncc32)CC1
8390,8392,CC(C)=C(F)c1ccc2c(c1)C1(C(=O)[O-])CCCC1CCO2
8391,8393,COc1ccc(NC(=O)C2CC(=O)N(c3cccc(Cl)c3C)C2)cc1OC
8392,8394,Cc1cc(F)ccc1Cn1c(C)c(C(=O)[O-])c(C)c1C
8393,8395,CC(NC(=O)NC1CCOC1(C)C)c1ccc(OCC(F)(F)F)cc1
8394,8396,O=C(Nc1cnn(Cc2ccccc2)c1)C1CCCC[NH2+]1
8395,8397,CC(C)C[NH2+]Cc1cc(Cl)ccc1OC1CCCC(C)C1
8396,8398,Cc1nc(NC2CCCCC2C)cc(C(=O)NCC(C)C)n1
8397,8399,CC(=O)Nc1cc(N)ccc1Oc1ncc([N+](=O)[O-])cc1C#N
8398,8400,COc1ccc(CNc2ccccc2C(F)(F)F)cn1
8399,8401,O=C([O-])C1CCC(NC(=O)Nc2cccc3c2CCCC3)C1
8400,8402,CCOC(=O)c1c(C)oc(NC(=O)CC2Oc3ccccc3NC2=O)c1C(N)=O
8401,8403,CC(C)(C)N(CC(=O)[O-])C(=O)NCc1ccccc1
8402,8404,CCCOC(=O)CC1C(=O)NCC[NH+]1CC(=O)N1CCN(c2cccc(Cl)c2)CC1
8403,8405,CCOC(=O)Nc1ccc(c2csc(NC(C)C)n2)c(O)c1
8404,8406,CC1C[NH2+]CCN1C(=O)CCc1cccnc1
8405,8407,CC(C)CCNC(=O)C1CC([NH2+]Cc2cn[nH]c2c2ccccc2)CC1C(=O)NC1CC1
8406,8408,Cc1cc(F)ccc1c1nsc(C[NH+]2CCOC(c3ccccc3Cl)C2)n1
8407,8409,CCn1cc(C[NH3+])c2cc(OC)ccc21
8408,8410,CCCCCCC(F)(C[NH3+])c1ccccc1OC
8409,8411,COc1cc([N+](=O)[O-])ccc1NC(=O)COC(=O)C1CCN(S(=O)(=O)c2ccc(C)cc2C)CC1
8410,8412,Cc1ccc(CN(Cc2ccco2)C(=O)CN(CC2CC2)S(=O)(=O)c2ccccc2)cc1
8411,8413,Cn1nccc1C1CCCN(C(=O)C2CCCN2C(=O)OC(C)(C)C)C1
8412,8414,COC(=O)CCc1sc(c2cccc(N3CCCC3)c2)nc1C
8413,8415,COc1ccc(NC(=O)c2cc3cc(NC(=O)c4noc5c4CCC5)ccc3o2)cc1
8414,8416,CNc1cc(C(=O)Nc2ccc(F)c(F)c2)ccn1
8415,8417,CCOc1ccc(NC(=O)CN2C(=O)SC(=Cc3ccc(OCc4ccc(F)cc4)c(OC)c3)C2=O)cc1
8416,8418,Cc1ccc(S(=O)(=O)N2CCN(C(=O)c3c(C)oc(C)c3C)CC2)c(C)c1
8417,8419,O=C1ON=C(c2ccccc2)C1c1ccccc1
8418,8420,O=C(c1cc2occc2n1Cc1ccccn1)N(CCc1ccccc1)CC1CCCO1
8419,8421,CC(C)c1ccc(S(=O)(=O)N2CCOC2c2ccc(Cl)cc2)cc1
8420,8422,C=C(C(=N)SC)[NH+]1CCn2nc(C[NH+]3CCN(c4ccccc4OC)CC3)cc2C1
8421,8423,C=CC(O)CC(C)OC(=O)C(=C)C
8422,8424,Cc1ccsc1C[NH+](C)Cc1csc(c2ccsc2)n1
8423,8425,C=CCCOc1cncc(OCC=C)c1
8424,8426,COc1cc(OC)c(N)c2c1C(=O)OC2
8425,8427,COc1ccc(N2CCN(C(=O)c3ccc(NCc4cccc(Cl)c4)cc3)CC2)cc1
8426,8428,CC1=C(C)C(C)([Si](c2ccccc2)(c2ccccc2)c2ccccc2)C1(C)C
8427,8429,O=C(CCn1cccc1)N1CC2C[NH+](Cc3cccc(Cl)c3)CC2(C(=O)[O-])C1
8428,8430,COC(=O)c1ccc(CN(C(C)=O)c2ccc3c(c2)OCCO3)cc1
8429,8431,O=C(NO)C1=CN(Cc2ccco2)C=C(Cl)C1
8430,8432,Cn1nnc(Br)c1S(=O)(=O)N1CCCC(C[NH+]2CCOCC2)C1
8431,8433,Nc1c(N(Cc2ccccc2)C(=O)c2cccc([N+](=O)[O-])c2)c(=O)[nH]c(=O)n1Cc1ccccc1
8432,8434,Cc1ncccc1Nc1cc(N)cc(OC(C)C)c1
8433,8435,COc1c(Br)cc(Br)cc1C[NH2+]C(C)C(C)C
8434,8436,CN(C(=O)NCc1ccc(O)c(F)c1)C1CCCCC1O
8435,8437,O=C(NC(CCCO)c1ccccc1)C1CNc2ccccc21
8436,8438,COCCOCCNC(=O)C([NH3+])CC(C)C
8437,8439,[NH3+]CC(c1ccccc1)C1CCC1
8438,8440,O=C1OC(c2ccccc2)=NC1=Cc1ccc(Sc2ncccn2)cc1
8439,8441,NC(=S)c1cn[nH]c1NC(=O)c1ccc(Br)o1
8440,8442,CCC(C)([NH3+])CCc1ccc(C)c(Cl)c1
8441,8443,COc1cccc(C(=O)N2CCN(c3ccc(C#N)cc3[N+](=O)[O-])CC2)c1
8442,8444,O=C(Nc1cc(F)c(F)c(F)c1)c1cncc(O)c1
8443,8445,[NH3+]CC1(C(O)c2ccc(F)c(F)c2F)CCCC1
8444,8446,CCC(C)(I)CC(C)(CC)C(C)(C)OC
8445,8447,Cc1ccc(n2c(=S)[nH]c3ccc(C)nc32)c(Cl)c1
8446,8448,O=C(Nc1ccc(N2CCCNC2=O)cc1)Nc1ccc(c2ccno2)cc1
8447,8449,CC1CC2C(C(C)(C)C)C(C(C)C)C(O)C1C2(C)C
8448,8450,O=c1[nH]c2oc3cccc(O)c3c2c2ccnc(Cl)c12
8449,8451,COc1ccc(S(=O)(=O)N2CC[NH+](CCC3=C(c4c[nH]c5ccccc45)C(=O)NC3=O)CC2)cc1
8450,8452,CCC(C)c1ccccc1OC(=O)C1CCN(S(=O)(=O)c2ccc(C)cc2)CC1
8451,8453,CCn1ccnc(NCC(C)(C)CCCO)c1=S
8452,8454,COc1ccccc1c1nnn(CCC2CCCO2)c1N
8453,8455,CC(C)[NH+]1CCN(C(=O)c2cc(c3cccc(c4ccno4)c3)on2)CC1
8454,8456,CCCCC([NH2+]C(C)C(=O)N(CC)CC)C(=O)[O-]
8455,8457,COC(C)c1nc(CC(=O)NC2CCC[NH+](C)C2C)cs1
8456,8458,Cc1ccoc1c1nc(C[NH2+]C(C)(C)C)co1
8457,8459,Cc1cc(Oc2ccc(CC(=O)[O-])cc2)cc2c1C(=O)OC21c2ccc(OC3OC(CO)C(O)C(O)C3O)cc2Oc2cc(O)ccc21
8458,8460,COc1ccc(S(=O)(=O)Cl)cc1N1C(=O)CC(Br)C1=O
8459,8461,Cc1ccc(OC2CCN(c3ncc(C(=O)Nc4cccc(C)c4)cn3)CC2)nc1
8460,8462,CCC(C)Nc1ccc([N+](=O)[O-])nc1
8461,8463,O=C(NCc1ccccc1)C(=O)NCC1CCCN(c2ncc(F)cn2)C1
8462,8464,COC(=O)c1ccccc1NC(=O)c1cccc(n2nc(C)cc2C)n1
8463,8465,O=C([O-])c1cc(c2cccc(C3CC3)c2)ccc1F
8464,8466,Cc1cc(C)n(C(CNC(=O)C2C=CCO2)c2cccs2)n1
8465,8467,CNC(=S)NNC(=O)c1ccc(C)c(C)c1
8466,8468,Cc1ccc(CN2C(=O)C(CC(=O)[O-])SC2c2ccc(N(C)C)cc2)cc1
8467,8469,COCCN(C)C(C[NH3+])c1cc(Cl)ccc1Cl
8468,8470,O=C(NCC(=O)N1CCn2nccc2C1)c1cccc(N2CCCC2=O)c1
8469,8471,COc1cc(NC(=O)C2CC2c2ccc(F)cc2)cc(OC)c1OC
8470,8472,CC1CC(C)C[NH+](CC(Cl)=CCl)C1
8471,8473,Cc1ccc(C(N)=[NH2+])c(N(CCO)C2CCCCC2)n1
8472,8474,O=C([O-])N1CC(F)C1c1cccc(F)c1
8473,8475,COc1ccc(Cl)cc1N1CC(C(=O)N(C)CC(=O)Nc2ccc(F)cc2)CC1=O
8474,8476,CC(=O)Nc1ccc(NC(=O)CSc2ccc(C(F)(F)F)cc2C#N)cc1
8475,8477,CC1CCCC(C)N1Nc1ccc(N)c(N)c1
8476,8478,CC(NS(=O)(=O)CCC(=O)[O-])C(=O)N1CCCCC1
8477,8479,COc1ccc(CNC(=O)c2cccc(C(=O)NC3CC3)c2)cc1OC
8478,8480,COc1ccc(NC(=O)C2CC[NH+](C(C)C(=O)Nc3ccc(Cl)c(C(=O)NC4CCCC4)c3)CC2)cc1NC(=O)c1cccc(F)c1
8479,8481,O=C(COC(=O)COc1ccc(Br)cc1Cl)Nc1ccc(F)c([N+](=O)[O-])c1
8480,8482,FC(F)c1nc(Br)cc(OC(F)F)c1C(F)(F)F
8481,8483,O=C(c1ccc(Cl)c(Cl)c1)c1cccc2ccsc12
8482,8484,N#Cc1c[nH]c2cc(C(F)F)cnc12
8483,8485,Cc1cc(F)ccc1C(=O)N(CCC(=O)[O-])CC1CC1
8484,8486,COCCNc1cc(NC(=O)C2CCCC2)ncn1
8485,8487,CC1CCCCC12NC(=O)N(CC(=O)NCc1ccncc1)C2=O
8486,8488,COC(=O)C1=C(C)N(c2ccc(Cl)cc2Cl)C(=O)C1=Cc1cc(OC)ccc1OCc1ccc(Cl)cc1
8487,8489,CC(C)c1[nH]c(S(=O)(=O)Nc2ccc(CCO)cc2)c[nH+]1
8488,8490,COc1c(C)cc(F)c(F)c1C(C)C1CCC2C(C)CCCC2(C)C1
8489,8491,CC(=O)OC1C(C)OC(n2cc(COC(=O)NC(C)(C)C)c(=O)[nH]c2=O)C1O
8490,8492,CCCCCCC(C)C(C)(C)C(C)C(C)C
8491,8493,CC(Cl)C(=O)Nc1cc(C(N)=O)ccc1C
8492,8494,CC(C)NC(=O)CNC(=O)c1ccc(c2ccc(F)cc2)o1
8493,8495,COc1cc([N+](=O)[O-])cc2cc(C[NH2+]C3CCCCC3)oc12
8494,8496,CNc1ccccc1C(=O)Nc1ccccc1OCC(N)=O
8495,8497,CC(C)NC(=O)NC(=O)C[NH+]1CCN(c2ccc(N(C)C)nn2)CC1
8496,8498,CC(CC(=O)Nc1ccc(C(N)=S)cc1)C(C)(C)C
8497,8499,COCC(C)NC(=O)c1cc2cccc(N)c2[nH]1
8498,8500,COCCNC(=O)C1CC(=O)N(c2cc(Cl)ccc2OC)C1
8499,8501,CCOc1cc2c3c(ccc4c5c(ccc34)OCN(OCc3ccccc3)C5=O)cc(SC)c2s1
8500,8502,Cc1nc(N(C)CCC[NH3+])c2c(n1)scc2c1ccc(F)cc1
8501,8503,CC(C)CCNC(=O)C(Cc1cnc[nH]1)NC(=O)C1COC2C(Oc3ccccc3F)COC12
8502,8504,CC(C)C(C)NC(=O)CNS(=O)(=O)c1ccccc1
8503,8505,O=C(Cc1csc(NC(=O)c2ccco2)n1)NC1CCCCC1
8504,8506,CCOC(=O)c1ccc(n2c(C)cc(C=C3SC(=O)N(Cc4c(F)cccc4Cl)C3=O)c2C)cc1
8505,8507,COC(=O)c1ccc(S(=O)(=O)NCCC(=O)NCCSCc2ccc(F)cc2)cc1
8506,8508,C[NH2+]C(c1ccc(C)cc1)c1cccc(Cl)c1F
8507,8509,Cc1nc2ccccc2nc1Sc1nc2ccccc2c(=O)n1c1ccc(Br)cc1
8508,8510,C=C(C)C[NH+]=C(N)NCCNC(=O)c1ccsc1
8509,8511,CC(=O)c1ccc2c(c1)C1C=CCC1C(c1ccc(O)cc1)N2
8510,8512,COc1ccc(c2csc3ncnc(Nc4ccc(OCC5CCCO5)c(Cl)c4)c32)cc1
8511,8513,Cc1cc(N2CCC(C)CC2C[NH3+])c2ccccc2[nH+]1
8512,8514,CCCc1n[nH]c(=S)n1Cc1noc(CC)n1
8513,8515,Cc1nnc(SCc2ncc(c3ccc(Cl)cc3)o2)s1
8514,8516,Cc1nccn1C1CCCN(C(=O)c2cc(c3ccccc3)nn2c2ccccc2)C1O
8515,8517,Nc1ccc(S(=O)(=O)Nc2ncc(Cl)cc2Br)cc1
8516,8518,COc1c(C)cc(C(C)C)cc1C1(C)CCC[NH2+]1
8517,8519,CC(C)(C(O)C[NH3+])[NH+]1CCCCC1
8518,8520,CC(OC(=O)c1ccc(S(=O)(=O)NCCc2ccccc2)cc1)C(=O)NC(N)=O
8519,8521,CCc1ccc(C(=O)CCC(=O)N(CC)CC)s1
8520,8522,Cc1occc1c1nnc(SCC(=O)NNC(=O)c2cccc([N+](=O)[O-])c2)n1c1ccccc1
8521,8523,CCCCNC(=O)NC(=O)CNc1ccc(OC)c(C)c1
8522,8524,CNc1nc(OC2CC[NH+](C)CC2)c(F)cc1F
8523,8525,CCOC(=O)c1ccc([N+](=O)[O-])c(NC2CC(=O)N(C)C2=O)c1
8524,8526,CSC1(C[NH2+]C2CCc3ccccc32)CCCC1
8525,8527,Cn1cc(c2cnn(C)c2)c2cc(OCCCC(=O)[O-])ccc21
8526,8528,Cc1ccc(S(=O)(=O)NCCc2ccccc2[N+](=O)[O-])c(C)c1N
8527,8529,COc1ncc(c2c(C)cc(F)cc2C(C)C)c(c2cc3ncccc3c(=O)n2C(C)C)n1
8528,8530,O=C(Nc1ccnn1C1CCN(C(=O)c2ccco2)CC1)C1CCC1
8529,8531,CCOC(=O)On1c(C(=O)OC(C)(C)C)c(CC)c2ccccc2c1=O
8530,8532,CC1(C)C2=C(C=CCC2)C2=CC(N(c3ccccc3)c3ccc4c(c3)oc3ccccc34)CC21
8531,8533,CCCCN(C)C(=NCC[NH+]1CCCCC1)NCC
8532,8534,COC(=O)c1cc(COC(=O)C(C)N2C(=O)C(C)(C3CC3)C2=O)oc1C
8533,8535,COCCC(C)(C)CNc1ncc(N)cc1Br
8534,8536,COc1c(F)c(F)c(c2cc(c3ccccc3)nc(c3ccccc3)c2)c(F)c1Br
8535,8537,CCCCCOc1ccc(C2C(=C([O-])c3cc(C(C)(C)C)ccc3OC)C(=O)C(=O)N2c2ccc(F)cc2F)cc1OC
8536,8538,O=C(Nc1ccc2c(c1)CCN2)c1ccc(F)cc1Cl
8537,8539,Cn1cc(c2cc(C(F)(F)F)nc3c2c(=O)n(C2CC[NH+](C)CC2)c(=O)n3c2ccc(Cl)cc2)cn1
8538,8540,CC(C)(NC(=O)NC1CCC(C(=O)[O-])CC1)c1ccc(Cl)cc1
8539,8541,Cn1ccc2c(cnc3ccnn32)c1=O
8540,8542,CC(C)CC(C)(CCl)NC(=O)c1ccc[nH]1
8541,8543,Cc1cc(NC(=O)CNC(=O)c2ccco2)n(c2cccc(Cl)c2)n1
8542,8544,CC1CC(C)CN(C(=O)c2ccccc2NC(=O)Cc2csc(C3CCCC3)n2)C1
8543,8545,O=C(CCc1ccncc1)NCCn1cc(C(=O)[O-])nn1
8544,8546,Cc1cc(=O)c([O-])c(c2cc3ccccc3o2)o1
8545,8547,CC(=O)Nc1ccc(C(=O)OCC(=O)Nc2ccc(C)cc2I)cc1
8546,8548,O=C(NCCC1CCC[NH2+]C1)C1CC1C1CCCCC1
8547,8549,O=C(C1CNc2ccccc21)N1CCCC1C1CCCC1
8548,8550,O=C([O-])CCC1OCCCO1
8549,8551,Cc1ccc(S(=O)(=O)Nc2cncc(c3cn(CC4(O)CCCC4)c4cc(F)ccc34)c2)c(C)c1
8550,8552,Cc1[nH]ncc1C(=O)Nc1ccccc1N
8551,8553,O=C([O-])CCc1[nH]c(c2cccc([N+](=O)[O-])c2)c[nH+]1
8552,8554,COc1ccc(Cl)cc1Nc1ccc(NC(=O)COc2ccc(Cl)cc2Cl)cn1
8553,8555,Cc1ccc(N2C(=O)C(=O)C(=C([O-])c3cccc4ccccc34)C2c2cccc(O)c2)cc1
8554,8556,Cc1ccc(C(O)C[NH3+])cc1C
8555,8557,CCCCC(=O)Nc1ccc(c2csc([NH+]=C(N)N)n2)cc1
8556,8558,CC(C)C[NH+](Cc1nccc(N)n1)C(C)C
8557,8559,COc1ccc(n2c(CCC(=O)Nc3ccc(Br)cc3C)nnc2SCC(=O)c2ccc(c3ccccc3)cc2)cc1
8558,8560,CC(C)CONCc1cn(C)nn1
8559,8561,CCC1(CC)CC[NH+](Cc2cccc(CCl)c2)CC1
8560,8562,CC[NH2+]CCCCS(=O)(=O)NCC1CCCCC1
8561,8563,O=C(c1ccccc1)N1CCN(c2ncc(Cc3ccccc3)cn2)CC1
8562,8564,Cc1c(CC(=O)NC2COCCC2(C)O)c(=O)oc2c1ccc1cc(F)c(NCC[NH+](C)C)cc12
8563,8565,CC(C)CC1[NH2+]C(C(C)C)N(CC(C)C)C1=O
8564,8566,Cc1ccc(C(C[NH3+])N2CCN(c3ccccc3)CC2)o1
8565,8567,CC[NH2+]Cc1cc(F)cnc1N(C)Cc1ccc(F)cc1
8566,8568,CCc1ccc2nc(N(Cc3ccccc3)C(=O)COc3cccc(C)c3)sc2c1
8567,8569,O=C(C[NH+]1CCN(C(=O)Cn2ccnn2)CC1)NC(=O)NC1CCCC1
8568,8570,COc1ccc(OCC(=O)NNC(=O)c2ccccc2OCC(=O)Nc2ccc(F)cc2F)cc1
8569,8571,CNc1ccc(C(=O)NCCn2cc[nH+]c2C(C)C)cc1
8570,8572,CC(C)C[NH+]1CCC(C(O)Cc2[nH+]cc3cnccn23)CC1
8571,8573,O=C([O-])c1cc(Br)cc(NC(=O)COCCO)c1
8572,8574,O=C1COc2ccc([N+](=O)[O-])cc2N1c1ccccc1
8573,8575,CC(C)N(CC1CCC[NH2+]1)C1CCc2cccnc21
8574,8576,CCOC(=O)c1ccccc1NC(=O)Oc1cccc(F)c1
8575,8577,O=C([O-])CCc1ccc2oc(=O)c3c(c2c1)CCCC3
8576,8578,COc1ccc(NC(C)C2CCC2)c([N+](=O)[O-])c1
8577,8579,COC(=O)C(Cc1ccnc(Cl)c1)NC(=O)C=Cc1csc(N(C(C)=O)C(C)=O)n1
8578,8580,Cc1nnc(c2ccccn2)c(C)c1COc1ccc(C(=O)Nc2ccccc2)cc1
8579,8581,C=C(C)COc1ccc(Br)cc1C=NNC(=O)c1ccc(C(C)C)cc1
8580,8582,COC(=O)C(OS(C)(=O)=O)C(OS(C)(=O)=O)C(F)(F)F
8581,8583,COc1ccc(S(=O)(=O)NC(C)c2ccccc2C)cc1C(=O)N1CCC(C)CC1
8582,8584,CCOc1ccc(C(C)[NH2+]C(C)c2noc(C)n2)cc1
8583,8585,Cc1c(O)cccc1C(=O)NCCc1cccnc1
8584,8586,CCCOC(=O)C(OC(N)=O)C(C)(C)C
8585,8587,NNc1nc(NCC2CCCCC2O)c2ccsc2n1
8586,8588,CC(C)c1c[nH+]c(CC[NH3+])[nH]1
8587,8589,O=C(Nc1ccc(Sc2nc3ccccc3s2)cc1)c1ccc2ccccc2c1
8588,8590,Cc1ccc(S(=O)(=O)NCCNC(=O)N2CCC(CC(=O)N3CCOCC3)CC2)cc1
8589,8591,CCc1ccc(C([NH3+])C2CCOC3(CCSCC3)C2)s1
8590,8592,CCC1C(=O)NC(=O)CN1c1ccc(N)c(C(N)=O)c1
8591,8593,CCCCC(CC)COc1nc(C(=O)[O-])ccc1N
8592,8594,O=C(COc1ccc(C(=O)c2ccc(F)cc2)cc1)Nc1ccc(Cl)cn1
8593,8595,CC(=O)Nc1ccc(C)c(N2C(=O)C(=Cc3cc(I)c(OCc4ccccc4F)c(I)c3)SC2=S)c1
8594,8596,O=C([O-])c1ccoc1Cn1c2ccccc2c(=O)c2ccccc21
8595,8597,CC(C)Cn1c(C[NH+]2CCCCC2)c[nH+]c1S(=O)(=O)Cc1ccccc1
8596,8598,O=C([O-])C(Cc1ccccc1)NC(=O)OCC1c2ccccc2-c2ccccc21
8597,8599,CCOc1ccc(C=CC(=O)N(C)CC(=O)Nc2cccc(Cl)c2Cl)cc1
8598,8600,Cn1cc(c2c3c(nc4ncnn24)NCCC3)cn1
8599,8601,CC(C)CCOCCNC(=O)N1CCCCC1(C)C(=O)[O-]
8600,8602,COC(=O)c1ccc(NCC(=O)Nc2nnc(C(C)C)s2)cc1
8601,8603,CC(C)(C)C(=O)Cn1ccc2ccccc21
8602,8604,Cc1ccc(c2c(C(=O)[O-])oc3cc(C)ccc32)cc1
8603,8605,CCCCCNC(=O)Nc1ccc(c2cc(=O)n(CC(C)=O)nc2c2cccc(C)c2)cc1F
8604,8606,CCOC(OCC)c1cc2ccccc2c2c1Oc1ccccc1C2O
8605,8607,CC(C)([NH3+])CN1CC(CC(=O)[O-])c2ccccc21
8606,8608,CCCC[NH+](CCCC)C(C)C(O)c1ccc(OC)cc1
8607,8609,O=C(NCc1cccnc1)c1ccc(NS(=O)(=O)c2ccccc2)cc1
8608,8610,CC(C)CCOCC[NH2+]Cc1cccc([N+](=O)[O-])c1
8609,8611,Cc1nc(CO)ccc1c1cnc2c(S(=O)(=O)N3CC4CCCC4C3)cccc2n1
8610,8612,CCCCCNC(=O)c1ccc(C(=O)Nc2ccccc2OC)cc1
8611,8613,CC(C)([NH3+])CNS(=O)(=O)c1ccc(Cl)c([N+](=O)[O-])c1
8612,8614,COC(C)(C)C(=O)NCc1ccc(CC#N)cc1
8613,8615,CCCCN(CC(=O)N1CCCN(c2ccc(c3ccccc3Cl)nn2)CC1)C(=O)c1cccc(F)c1
8614,8616,COc1ccc(CC(=O)Nc2cnn(c3c(Cl)cccc3Cl)c2C)cc1C
8615,8617,Cc1ccc(S(=O)(=O)N2C3CCC2CC(C(=O)NCCc2ccccn2)C3)cc1
8616,8618,CC(C)CC(Br)CNC(=O)c1ccc(Cl)cc1O
8617,8619,CC(C)(C)c1nc(c2ccc(NC(=O)Nc3ccccc3Cl)cc2)n[nH]1
8618,8620,O=C(NCC1CCC(O)CC1)c1cnccn1
8619,8621,COCCOc1cc(OC)cc(N(CCOC)C(=O)C2CCCCC2)c1
8620,8622,Cc1nccn1CCC1(C)COCC[NH+](Cc2cccc3cccnc23)C1
8621,8623,Cc1cc(C)cc(OCCN(C)C(=O)c2cc(O)ccc2O)c1
8622,8624,O=C(Nc1cccc(Cl)c1)Oc1ccc2cccc(O)c2n1
8623,8625,COC(=O)c1ccc(COc2ccc(C3C(c4ccccn4)NC(=S)N3c3ccc(S(N)(=O)=O)cc3)cc2)cc1
8624,8626,N#Cc1ccc(Oc2ccc(N(c3ccc(C#N)cc3)c3ccc(c4ccc(N(c5ccc(C#N)cc5)c5ccc(c6cccc7c8ccccc8n(c8ccccc8)c67)cc5)cc4)cc3)cc2)cc1
8625,8627,COC(=O)c1c(NC(=O)c2ccc(C(C)(C)C)cc2)sc2c1CC(C)(C)[NH2+]C2(C)C
8626,8628,O=C(c1ccccc1)c1cc(c2cccc(N3CC4CCC3C4)c2)cc(n2nnc3ccccc32)c1
8627,8629,Cc1cc(C(C)Nc2cncc(C(=O)[O-])n2)c(C)o1
8628,8630,Cc1c(NC(=O)C(C)[NH+]2CCC(C(=O)NCCC(=O)Nc3cccc(NC(=O)c4ccc(Cl)cc4)c3)CC2)cccc1C(=O)Nc1ccccc1F
8629,8631,O=C(NCC(O)c1cccs1)c1cnsn1
8630,8632,Cc1cc(C)c2nc(SCc3nc(c4ccccc4)no3)n(c3ccccc3)c(=O)c2c1
8631,8633,CC(C)(C=O)C[NH+]1CCN(S(=O)(=O)c2cnc3ccccc3c2)CC1
8632,8634,COC(=O)NC(C(=O)N1CC(I)CC1c1nc(C2C=C3C=CC(C3)CC2C(=O)[O-])cs1)C1CCCCC1
8633,8635,CN(CC(=O)Nc1ccc2c(c1)OC1(CCCC1)O2)C(=O)OC(C)(C)C
8634,8636,CC1CCC(CO)([NH2+]Cc2sccc2Br)CC1
8635,8637,Cc1cc(C)nc(Nc2ccc(NC(=O)c3ccc(S(=O)(=O)N4CCCC4)cc3)cn2)n1
8636,8638,COc1ccc(NC(=O)c2c(C)c(c3ccncc3)nc3ccccc23)cn1
8637,8639,COC(=O)c1cc(S(=O)(=O)Nc2ccc(C(C)C)cc2)ccc1C
8638,8640,Cc1nn(Cc2ccccc2)c(C)c1NS(=O)(=O)c1cc(Br)sc1C
8639,8641,CCOc1ccc(C(=O)N(C)c2ccc(OCC(=O)OC)nc2)cc1
8640,8642,[NH3+]CC1CCCCC1NC(=O)Cc1csc(N2CCCC2=O)n1
8641,8643,CC1(C(=O)Nc2cccc([N+](=O)[O-])c2Cl)CCCCC[NH2+]1
8642,8644,CC(=O)N(C)c1ccc(N)cc1Cl
8643,8645,CCC(C)C(NC(=O)C([NH3+])CCC[NH+]=C(N)N)C(=O)NC(CC(N)=O)C(=O)NC(Cc1ccc(O)cc1)C(=O)[O-]
8644,8646,Cc1ccc(S(=O)(=O)N2CCc3ccc(NC(=O)COc4ccc(Cl)cc4)cc3C2)cc1C
8645,8647,O=C(CO)NCCNc1c(c2ccccc2)nc2cnccn12
8646,8648,COC(=O)NC(C(=O)N1C(C)CCCC1c1[nH]c(c2ccc3c(c2)COc2cc4c(ccc5[nH]c(C6CCC(C)N6C(=O)C(NC(=O)OC)C(C)C)nc54)cc2-3)c[nH+]1)C(C)C
8647,8649,[NH3+]CC1(NC(=O)c2ccc(Br)o2)CCCC1
8648,8650,CCCCC(C)(NC(=O)C12CCC(c3ccccc31)C2)C(=O)[O-]
8649,8651,CC(C)(C)OC(=O)C(OC(=O)C1(O)C(=O)OCC1c1ccccc1)c1ccccc1
8650,8652,CSc1cc(N2CC[NH+](Cc3ccc(F)c(F)c3)CC2)ncn1
8651,8653,COc1cncc(c2cc3c(cn2)[nH]nc3c2nc3c(cccc3c3cc(F)cc(F)c3)[nH]2)c1
8652,8654,CCc1c(OC)c(N)cc2sccc12
8653,8655,COc1cc(OC(F)(F)F)ccc1c1ccnc(N)n1
8654,8656,CC(=O)c1c(C)cc(C)c(C([NH2+]C(c2ccc(C)cc2)c2ccc(C)cc2)c2cccc(C)c2C)c1C
8655,8657,Cc1nc(C)n(c2c(Cl)cccc2C=O)n1
8656,8658,CCCCCC(C)C(=O)Nc1cccc(Br)c1C
8657,8659,CC(C)(CO)Nc1nc(Nc2cc(Cl)cc(C=CC[NH3+])c2F)ncc1Cl
8658,8660,C=CCN(CCO)C(=O)c1ccccc1SCc1ccc(C)cc1
8659,8661,COc1cc(NC2CCS(=O)(=O)CC2)c(Br)cc1Br
8660,8662,CC(C)c1nc(C(=O)[O-])c2n1CC[NH+](C)C2
8661,8663,FC(F)(F)c1c(CNc2ccc(Cl)cn2)sc2ccccc12
8662,8664,Cc1nc(C(C)(C)C)sc1CCO
8663,8665,CC(C)N(C(=O)c1nn(C)c(=O)c2ccccc12)C1CC1
8664,8666,COc1ccc(NC(=O)N2CCC(N(C)S(=O)(=O)c3ccc(F)cc3)CC2)cc1OC
8665,8667,COC(=O)C(C)[NH2+]C1CCCC(OC)C1
8666,8668,Cc1ccc(c2cncc3[nH]c(c4n[nH]c5ccc(c6cn[nH]c6)nc54)nc32)s1
8667,8669,Cc1nc(C(C)C)ncc1C(=O)N(C)C1Cc2ccccc2C1
8668,8670,Cc1ccc(C(CNC(=O)c2cc(Cl)cc3c2OCOC3)[NH+]2CCCC2)cc1
8669,8671,COC(=O)c1scnc1C1CCN(S(=O)(=O)Cc2ccn(C)n2)C1
8670,8672,CCC(C)C(NC(=O)C(CC(=O)[O-])NC(=O)C(Cc1ccc(O)cc1)NC(=O)CNC(=O)C(Cc1ccccc1)NC(=O)C(NC(=O)C(CCCNC(N)=[NH2+])NC(=O)C(CC(C)C)NC(=O)C(NC(=O)CNC(=O)C1CCCN1C(=O)C(CCCNC(N)=[NH2+])NC(=O)C(CC(C)C)NC(=O)C1CCCN1C(=O)C([NH3+])CC(N)=O)C(C)CC)C(C)CC)C(=O)[O-]
8671,8673,CC(C)OC(=O)c1ccc(N2C(=O)C(Cl)=C(Nc3ccc(C(=O)OCC(C)C)cc3)C2=O)cc1
8672,8674,Cc1ccc(c2nc(C3CCN(C(=O)c4cc(c5ccccc5)on4)CC3)sc2C)cc1
8673,8675,CNS(=O)(=O)c1cccc(C(=O)NCc2ccn(C)n2)c1
8674,8676,Cc1ccc(Oc2cccc(Br)c2)cc1C(=O)[O-]
8675,8677,COc1cccc2cc(C(=O)Nc3nc(c4ccc(Cl)cc4)cs3)oc12
8676,8678,Cc1cc(Cl)ccc1c1nc2c3cccnc3c3c4c(sc3c2o1)-c1cc2ccccc2cc1C4(C)C
8677,8679,CCc1ccc(OCCCn2ccnc2C)cc1
8678,8680,CCOC(=O)c1ccc(NC(=O)NCCC(C)C)c(Cl)c1
8679,8681,COc1ccc(OC)c(C(=O)COC(=O)c2ccc3c(c2)C(=O)N(C2CCCC2)C3=O)c1
8680,8682,CCc1ccc(C(=O)C(C)OC(=O)c2ccccc2OC(F)F)cc1
8681,8683,O=C(Cn1cnc2ccc(F)cc2c1=O)N1CC[NH+](Cc2ccc(Cl)cc2)CC1
8682,8684,Cc1ccc(C2=NC(=Cc3cc(C)n(c4ccccc4Cl)c3C)C(=O)O2)cc1
8683,8685,N#Cc1c2c(c([O-])c3c1CCCC3)CCCCCC2
8684,8686,CC1CCCC1CNC(=O)c1ccnc(F)c1
8685,8687,CC[NH2+]C(C)(C)C(=O)Nc1ccc(C#CC[NH3+])cc1Cl
8686,8688,CCOc1ccc(C[NH+]2CCN(C(=O)c3ccccc3SCc3cc(C)no3)CC2)cc1
8687,8689,Cn1c(SCC(=O)NN=Cc2ccccc2)nnc1c1cccs1
8688,8690,[NH3+]Cc1cccc(c2nc(C3CCS(=O)(=O)C3)no2)c1
8689,8691,CCOC(=O)c1sc(NC(=O)c2cc(c3ccc(OC)c(Br)c3)n[nH]2)c(C(=O)OCC)c1C
8690,8692,COc1ccc2c(c1Oc1cccc(CO)c1)N(Cc1ccc(Cl)cc1)c1ccccc1S2
8691,8693,COCCCNC(=O)c1ccc([N-]S(=O)(=O)c2ccc(OC)c(OC)c2)cc1
8692,8694,O=C(CCCCC(c1ccc(F)cc1)c1ccc(F)cc1)NCCc1ccc(Cl)cc1
8693,8695,CSc1ccc([N+](=O)[O-])c(C(=O)Nc2cc(c3nnc4n3CCCCC4)ccc2C)c1
8694,8696,COC(=O)C(C)([NH3+])CCCCCCC(=O)[O-]
8695,8697,C[NH2+]Cc1cc(S(=O)(=O)NCc2ccncc2)c[nH]1
8696,8698,Cc1cc(C)c(S(=O)(=O)NC(COCc2ccccc2)C(=O)[O-])c(C)c1
8697,8699,N#Cc1c(N2CC[NH2+]CC2)cc[nH]c1=O
8698,8700,Cc1ccc(NC(=O)C(NC(=O)C2CC[NH+](C(C)C(=O)Nc3ccc(C(=O)Nc4ccccc4)cc3C)CC2)C(C)C)cc1NC(=O)c1ccccc1
8699,8701,C=C(Nc1nc(Cl)ncc1Cl)[NH2+]C1CCC(O)CC1
8700,8702,O=C(c1ccc(Cl)c(Cl)c1)N(CCc1ccc(OC(=O)c2ccc([N+](=O)[O-])cc2)cc1)C(=O)c1ccc(Cl)c(Cl)c1
8701,8703,CC1CCCC([NH3+])(Cc2sccc2Br)C1
8702,8704,CCCCCC=CCC=CCCCCCCCC(=O)OCC(COC(=O)CCCCCCCC=CCCCCCC)OC(=O)CCCCCCCCCCCC
8703,8705,Cc1cc(Br)cnc1NS(=O)(=O)c1cc(F)ccc1C[NH3+]
8704,8706,CCC(C)c1ccccc1OCC(=O)Nc1cccc(c2nccs2)c1
8705,8707,N#Cc1ccc(Br)cc1NCCc1cccc2cccnc12
8706,8708,O=C(CCC1CCCC1)c1c[nH]c2ccccc12
8707,8709,C[NH2+]Cc1cc(S(=O)(=O)N(C)Cc2nncn2C)cn1C
8708,8710,CCC1(Cn2cncc2C([NH3+])COC)CCCC1
8709,8711,CCOC(=O)c1ccc(Nc2nc(c3ccc(C(F)(F)F)cc3)ncc2Cl)cn1
8710,8712,COc1ncccc1C[NH2+]C(C)c1cc2ccccc2o1
8711,8713,CNc1cc[nH+]cc1C(=O)NCc1ccc(OC)cc1
8712,8714,CC[NH2+]C(Cc1ccc(I)cc1)c1ncc(Br)cc1Br
8713,8715,COc1ccccc1C(=NN)c1ccc(OCc2ccc3ccccc3n2)cc1
8714,8716,Cc1cc(N2CCCCC2)ccc1C=O
8715,8717,CCC(C)[NH+](CC)CC(=O)c1cccc(F)c1Cl
8716,8718,CNc1cc(c2cc(C)no2)nc(C(C)C)n1
8717,8719,N#Cc1ccccc1OCC(=O)N1CC[NH+](Cc2ccccc2)CC1
8718,8720,C[NH2+]CCCC[NH2+]CCC1CCCCC1
8719,8721,CS(=O)(=O)Nc1cncc(c2cc3c(cn2)[nH]nc3c2nc3c(cccc3c3ccc(F)c(Cl)c3)[nH]2)c1
8720,8722,CC(C)N1Cc2cc(S(=O)(=O)Nc3ccc(C(=O)NC4C[NH2+]C(C(=O)[O-])C4)cc3)ccc2NC1=O
8721,8723,Cc1cc(Br)ccc1NC(=O)CN(C)C(=O)C1CCCN(C(=O)NC2CCCC2)C1
8722,8724,CCOc1ccc2c(c1)c(CC(=O)Nc1nnc(SCC(N)=O)s1)c(C)n2C
8723,8725,CC(C)Sc1nccn1C1CCN(C(=O)C2=CNC3=[NH+]C(c4cccnc4)(c4cccc(Cl)c4)C23)CC1
8724,8726,NC(=[NH2+])c1ccc(CNC(=O)c2ccn(c3ccccc3[N+](=O)[O-])n2)cc1
8725,8727,CC(C)(C)[Si](Oc1cccc2c1-c1ccccc1C2=C1c2ccccc2C=Cc2ccccc21)(c1ccccc1)c1cccc2ccccc12
8726,8728,CC(C)(C)[NH2+]Cc1ccc(SCCS(C)(=O)=O)nc1
8727,8729,CCCC[NH2+]CCc1c(C)nn(C)c1Cl
8728,8730,COc1ccc(NC(=O)c2cc3n(n2)CCCO3)cc1NC(=O)c1ccccc1
8729,8731,CC(C)(C)OC(=O)C1(CCC2C(Cl)CC(Cl)C2Cl)CC1
8730,8732,COc1ccc2c(c1)nc(CC1CCN(C(C)=O)CC1)n2C
8731,8733,COc1ncc2ccccc2c1C(=O)OCc1ccccc1
8732,8734,O=C1NC(=O)N(c2ccc3c(c2)OCO3)C(=O)C1=Cc1ccncc1
8733,8735,CC(=Cc1ccccc1O)CCC1OCC2C1=C(C(C)C)CC1C(=O)N(C)C(=O)C12
8734,8736,O=C(Nc1nc(c2ccc(Cl)cc2Cl)cs1)C(=O)Nc1cc(Cl)cc(Cl)c1
8735,8737,CC(C)(C)c1cc(C(=O)N2CC[NH+](Cc3ncn[nH]3)CC2)on1
8736,8738,CCCc1noc(C[NH2+]C2CC[NH+](CCOC)CC2)n1
8737,8739,CCn1c(SCC(=O)Nc2nc3c(s2)CCCC3)nnc1C(C)C
8738,8740,CCOC(=O)c1cnc(c2cccc(N)c2)nc1Nc1ccccc1
8739,8741,COCC1CCN(S(=O)(=O)N2CCN(C(=O)C(C)(C)C)CC2)C1
8740,8742,O=C(CCC(=O)N1CCSc2ccccc21)N1CCSc2ccccc21
8741,8743,CCC1(CNC(=O)c2cccc(C[NH3+])c2)CCC1
8742,8744,CC(C)(C)c1ccc(C2c3c(oc4cc(F)c(F)cc4c3=O)C(=O)N2CC2CCCO2)cc1
8743,8745,CCCCOC(=O)c1ccc(NC(=O)CCc2nc(c3cccs3)no2)cc1
8744,8746,C=CCC(C)Nc1cnnc(Cl)n1
8745,8747,COC(=O)c1c(CC(=O)Nc2cccc(C)c2)[nH]c(C(C)=O)c1C
8746,8748,O=C(Nc1ccsc1C(=O)NCc1ccc(N2CCCCC2)nc1)c1ccsc1
8747,8749,O=C(OC1CCN(C(=O)C2=NOC3(c4ccccc4-c4ccccc43)C2c2ccc(Cl)cc2)CC1)c1ccc([N+](=O)[O-])cc1
8748,8750,Cc1nc(NC2(CO)CCCC2)ccc1Br
8749,8751,COc1ccc(C(=O)NN=Cc2cc3c(cc2Cl)OCO3)cc1OC
8750,8752,CC[NH2+]C(C)c1ccc(N(C)C(C)CCSC)c(F)c1
8751,8753,CCOP(=O)(OCC)Oc1ccc(C(CSc2ccccc2)NC(=O)C=Cc2ccc(C)cc2)cc1
8752,8754,CSCCC(NC(=O)N1CCC(C(=O)[O-])CC1)c1nnc2ccccn12
8753,8755,O=C1CCC(N2Cc3cc(OCCC[NH+]4CCN(C(=O)[O-])CC4)ccc3C2=O)C(=O)N1
8754,8756,CCOC(=O)NC(C)C(=O)NC(Cc1cnc[nH]1)C(=O)N1C2CC3CCC2(CS1(=O)=O)C3(C)C
8755,8757,CC(C)(C)n1ncc2cc(NC(=O)N3CCC[NH+](CC(=O)NC4CC4)CC3)cnc21
8756,8758,Nc1cc(F)c(Nc2cncnc2)c(F)c1
8757,8759,O=C([O-])CCc1cccc(NC(=O)CC2CCC[NH2+]2)c1
8758,8760,CCC1Sc2[nH+]c(S(=O)(=O)NC)cn2N(C)C1=O
8759,8761,CC(=O)c1ccc(COc2ccc([N+](=O)[O-])cc2C(=O)NC2CCC([NH3+])CC2)cc1
8760,8762,CSc1ccc(N)c(NC(CO)C(=O)[O-])c1
8761,8763,COC(=O)c1occc1COC(=O)CCc1nc(C)sc1c1ccccc1
8762,8764,O=CC(c1ccc(Cl)cc1)N1CC[NH+](Cc2cccc3ccccc23)CC1
8763,8765,CC1CCCC(N(C)c2n[nH]c(=S)n2C)C1
8764,8766,COC(=O)c1ccc(N)c(NC2CCS(=O)(=O)C2)c1
8765,8767,CCc1cccc(CC)c1NC(=O)C(C)Sc1nnc(Nc2ccc(OC)cc2)s1
8766,8768,Fc1ccc(Br)c(F)c1NCc1c(Cl)cccc1C(F)(F)F
8767,8769,COc1ccc(CNC(=O)c2nc(N3CCCCCC3)ncc2Cl)cc1
8768,8770,CC(CCCCC(=O)[O-])NC(=O)c1cccc2ncccc12
8769,8771,O=C([O-])CCCCCCC1=CCCC1O
8770,8772,O=c1c2c(cccc2n2c3ccccc3c3ccccc32)n(c2ccc3c(c2)c2ccccc2n3c2ccccc2)c2ccccc12
8771,8773,Cc1ccc(NS(=O)(=O)c2cc([N+](=O)[O-])ccc2F)cc1F
8772,8774,CCC(C)(C)CNC(=O)c1sccc1C#CCCO
8773,8775,COc1ccc(n2nc(C(=O)NCc3cccc(Cl)c3)nc2c2ccc(Cl)cc2Cl)cc1
8774,8776,[NH3+]CC1CCN(C(=O)NCCOc2ccccc2Cl)C1
8775,8777,Cc1cc(C)n(CC(=O)N2CCCC(CNC(=O)c3ccc4nc[nH]c4c3)C2)n1
8776,8778,CCOC(=O)c1ccc(N2CCCC2)c(NC(=O)CSc2nc3ncccc3c(=O)n2CC)c1
8777,8779,Cc1ccc([N+](=O)[O-])c(S(=O)(=O)NC(Cc2ccccc2)C(=O)NC(C)C)c1
8778,8780,O=C(Nc1cc(c2ccccc2)nn1c1nc(=O)c2c([nH]1)CCCC2)c1cccc(F)c1
8779,8781,CC(C)[NH+]1CCC(NC(=O)c2cc(N)ncc2Cl)C1
8780,8782,CCOc1ncccc1NC(=O)N1CC(c2nc(c3ccco3)no2)C1
8781,8783,CC(C)(C)c1ccc(C(=O)Nc2ccn(Cc3ccc(Cl)cc3)n2)c(Br)c1
8782,8784,COC(=O)c1c(C)cc2c(c1OC)CCc1cc(O)c(OC)cc1-2
8783,8785,Cc1nc(C2CCCN2C(=O)NCC2(C(=O)[O-])CCC2)no1
8784,8786,COC(=O)C12CC1C=CCCCCCC(OC)C2
8785,8787,Cc1ccc(C=NNc2nc(N3CCC(Cc4ccccc4)CC3)nc(N3CCCCC3)n2)cc1
8786,8788,O=C(CNC(=O)c1cccc(Br)c1)NNC(=O)C1CC1c1ccccc1Cl
8787,8789,O=C(NC(Cc1cccc(O)c1)C(=O)CCc1cccc(OC2CCCCO2)c1)OCc1cccnc1
8788,8790,CC[NH2+]C(c1cc(C)c(Cl)s1)c1snnc1C
8789,8791,CCCCCCn1c(C)cn2c3c(=O)n(CC(C)=O)c(=O)n(C)c3nc12
8790,8792,Cc1cc(OCc2ccc(Cl)c(Cl)c2)c(F)cc1N
8791,8793,C[NH2+]CC(CC1CCOCC1)NC(=O)c1ccccc1
8792,8794,CC1=NC2=C(CC(c3ccccc3)N2)O1
8793,8795,COC(=O)C(Cc1ccccc1)NC(=O)N(C)Cc1ccccc1F
8794,8796,CCC(C)NC(=O)c1ccc(NC(=O)C(C)NC(=O)C2CC[NH+](CC(=O)Nc3ccc(C(=O)N(C)C)cc3C)CC2)cc1Cl
8795,8797,O=C(c1ccccc1)c1ccc2c(c1)CCN2S(=O)(=O)c1cccc(Cl)c1
8796,8798,CCOC(=O)c1sc(N2CCN(c3ncc(C(=O)Nc4cc(OC)cc(OC)c4)cn3)CC2)nc1C
8797,8799,Cc1nc(C)c(C(=O)Nc2cc([N+](=O)[O-])ccc2N2CCCCC2)s1
8798,8800,Cc1cc(NC(=O)CCNC(=O)C2CC[NH+](CC(=O)Nc3ccc(C(=O)Nc4ccc(F)cc4F)cc3C)CC2)ccc1NC(=O)c1ccccc1Cl
8799,8801,CCCc1cc(=O)nc(N2CCN(c3cc(N(C)C)nc(C)n3)CC2)[nH]1
8800,8802,CSC1CCC(NC(=O)Cn2c(=O)cnc3ccccc32)C1
8801,8803,C=CCNC(=O)Nc1nonc1C(NO)=[NH+]c1ccc(F)c(C)c1F
8802,8804,N#Cc1ccccc1OCC(=O)Nc1ccc(Cl)cc1Cl
8803,8805,Cc1nc2n(c(=O)c1C=O)CC(C)S2
8804,8806,CCOC(=O)C(C)NP(=O)(NC(C)C(=O)OC(C)C)Oc1ccccc1
8805,8807,CC(C)C([NH3+])C(=O)N1CCCC1C(=O)NC(CCC(=O)[O-])C(=O)N1CCCC1C(=O)[O-]
8806,8808,CCCCCNC(=O)C(c1ccc(O)c(C)c1)N(C(=O)C(CO)NC(=O)OC(C)(C)C)C(C)CC
8807,8809,COc1ccc(O)c(c2ccc(O)cc2C)c1
8808,8810,COCCN(CC(=O)[O-])C(=O)C(C)CSc1ccccc1
8809,8811,C=CC[NH2+]CC(=O)N(C)CC(=O)OCC
8810,8812,CNc1ncnc(c2cccs2)c1[N+](=O)[O-]
8811,8813,Cc1ncc(C(=O)Nc2ccc(S(=O)(=O)C(F)F)cc2)c(Cl)n1
8812,8814,Cc1[nH]ncc1CNc1ccc(F)cc1C#N
8813,8815,CCOC(=O)N1CCC(NC(NCC2CCC[NH+](C)C2c2ccco2)=[NH+]CCOC)CC1
8814,8816,CC(F)C(F)(F)C(F)(F)CCl
8815,8817,CC1OCCC1(C)Nc1ccc(F)c(C(N)=S)c1
8816,8818,COc1ccc(n2c(Cc3ccccc3)nnc2SCC(=O)Nc2cc(C)on2)cc1
8817,8819,CSc1ccccc1C(=O)Nc1cccc(C[NH+]2CCC(O)CC2)c1
8818,8820,CC1(C)C2CCC(CNC(=O)c3nc(c4ccc(OCCC[NH+]5CCOCC5)cc4)no3)CC12
8819,8821,C=CC=C([NH3+])C(=NOC)Oc1ccc(F)cc1F
8820,8822,CCCCn1c(N)c(N=NC(=N)C)c(=O)[nH]c1=O
8821,8823,Cc1nc(N)ccc1C(=O)NC1CCS(=O)(=O)CC1
8822,8824,CCCCOC(=O)CCC(=O)Oc1ccc(C(=O)OCC(CC)CCCC)c(OC(=O)CCC(=O)OCCCCC)c1
8823,8825,CC1C[NH+](CC(=O)N2CCCc3c(N)cccc32)CCC1O
8824,8826,COc1ccccc1NC(=O)CN(C(C)=O)c1ccc(C)cc1
8825,8827,CC[NH2+]Cc1ccc(N(CC2CC2)C(C)C)cc1
8826,8828,CC(Sc1nnnn1Cc1ccco1)C(=O)Nc1ccc(F)cc1Cl
8827,8829,[NH3+]CC(c1ccc(c2ccccc2)cc1)N1CCCCC1
8828,8830,C=CCOCC(O)C[NH2+]CC1(C(C)C)CC1
8829,8831,CC(C)CC(CC(=O)[O-])NC(=O)CCc1cccc(OC(F)(F)F)c1
8830,8832,CC(C)CCNC(=O)Cn1cnc2scc(c3ccc(O)cc3)c2c1=O
8831,8833,COc1ccc(CNC(=O)c2cnc(N3CCC(C)CC3)nc2)cc1
8832,8834,CCOc1ccc2nc(NC(=O)CN3C(=O)NC4(CCCCCC4)C3=O)sc2c1
8833,8835,COc1cc(NC(=O)C(C)NC(=O)C2CC[NH+](CC(=O)Nc3ccc(C(=O)Nc4ccccc4C)cc3C)CC2)ccc1NC(=O)c1ccccc1F
8834,8836,COC(=O)C(Cc1cn(C(=O)OC(C)(C)C)c2ccccc12)C1=C([O-])C2CCC(C2)C1=O
8835,8837,COc1ccc(NC(=S)N(C)c2ccc(N)cc2)cc1OC
8836,8838,COCC1CCN(C(=O)Nc2cccc3c2CCCN3)CC1
8837,8839,COc1ccc(SCCC(=O)N2CCCCC2c2nc(c3ccccc3)no2)cc1
8838,8840,CCOc1ccc(C2C(c3cccs3)=C(O)C(=O)N2c2cc(C)cc(C)c2)cc1OC
8839,8841,COc1cc2[nH]c(=O)c3sccc3c2cc1NS(=O)(=O)c1cc(C(F)(F)F)ccc1Cl
8840,8842,COc1ccc(O)c(C(C)[NH+]2CC3CCC[NH+](C)C3C2)c1
8841,8843,CC(=NNC(=O)CSc1nncn1c1ccc(S(N)(=O)=O)cc1)c1ccccn1
8842,8844,Cc1ccc(S(=O)(=O)N2CCC(C(=O)NCC3CCS(=O)(=O)C3)CC2)cc1C
8843,8845,CCc1cccc(C)c1NC(=O)c1ccc(Cn2ccccc2=O)o1
8844,8846,Cn1c(SCC(=O)Nc2ccc(Br)cc2)nnc1c1cccs1
8845,8847,CCCCN1C(=O)CCC(C(=O)Nc2nnc(C3CC3)s2)C1c1ccccc1OC
8846,8848,COCOc1ccc(C(C)OC(=O)C(C)CCC=C(C)C)cc1OC(C)=O
8847,8849,CC(C)c1nc2n(c1O)CCN(C(=O)c1csc(c3ccco3)n1)C2
8848,8850,O=C(Nc1ccc(F)c(N2CCCS2(=O)=O)c1)N1CC[NH+](C2CCC2)CC1
8849,8851,Cc1cc(C(C)NC(=O)CC2(C[NH3+])CCCCC2)c(C)s1
8850,8852,Cc1cc(S(=O)(=O)NCc2cc(C)n(C)c2)sc1Br
8851,8853,Cn1cnc(c2ccc(NC(=O)Cc3coc(c4ccncc4)n3)cc2)n1
8852,8854,CC1C[NH+](Cc2ccccc2)C(C)CN1C(=O)CNC(=O)c1ccc(c2ccccc2)cc1
8853,8855,O=C(NC(c1cccs1)C1CCC[NH2+]1)c1cccc(c2nn[n-]n2)c1
8854,8856,CC(C)(C1CC1)N(C(=O)[O-])c1cc(F)c(C#N)cc1Oc1ccnc(C(=O)[O-])c1
8855,8857,CC(=O)OC1CCC2(C)C(CCC3C2CCC2(C)C(C(C)CCCC(C)C)CCC32)C1
8856,8858,O=C(CN1CCCCC1=O)NC1CCCCC1
8857,8859,CC1C(=O)NCCN1c1ccc(F)cc1C(N)=S
8858,8860,COc1ccc(OC)c(C(C(=O)NC(C)C)N(CCO)C(=O)C(CO)NC(=O)OC(C)(C)C)c1
8859,8861,CC(C)CC(NC(=O)CNC(=O)C([NH3+])Cc1ccccc1)C(=O)NC(Cc1ccccc1)C(=O)CC(C(=O)NC(CC1CCCCC1)C(N)=O)C(O)CCc1ccccc1
8860,8862,Cc1cc(C)n2c(N(Cc3cccnc3)C(=O)c3ccc(N(C)C)cc3)nnc2n1
8861,8863,CC(c1ccccc1)N(C(=O)c1cnccn1)C1CCCCCC1
8862,8864,O=C([O-])c1coc(c2cc(F)cc(F)c2F)c1
8863,8865,CC(=O)N(c1ccccc1)c1nc(CSc2n[nH]c(c3ccc(F)cc3)n2)cs1
8864,8866,COCCCNC(=O)c1cccc(S(=O)(=O)NC(C)c2ccccc2)c1
8865,8867,O=C(C[NH+](Cc1ccco1)Cc1cccs1)Nc1ccccc1F
8866,8868,C=CCN(C1CC1)S(=O)(=O)c1cncc(NN)c1
8867,8869,COc1ccc(n2c(=O)c(C=CC(=O)[O-])c([O-])c3sccc3c2=O)cc1OC
8868,8870,COc1ccc(NC2=CC(=O)CC2=O)cc1O
8869,8871,Cc1ccc(N2C(=O)C(=Cc3ccc(c4cc(Cl)ccc4Cl)o3)C=C2c2ccccc2)c(C)c1
8870,8872,C=COC1=C(C=CC)[NH2+]CCN1Cc1ccc(OC)cc1
8871,8873,COC(=O)N1CC[NH+](CC(O)COc2cc(C)ccc2C(C)C)CC1
8872,8874,Cc1ccc(C(Cc2ccc(C(F)(F)F)cc2)NN)c(F)c1
8873,8875,[NH3+]C(CCO)C1CCc2ccc(OCc3ccc(C4CC4)cc3)cc2C1
8874,8876,CC(C)CNC(=O)C(C)N(Cc1ccc(Br)cc1)C(=O)CN(c1cccc(C(F)(F)F)c1)S(=O)(=O)c1ccccc1
8875,8877,C=CCCCC(Oc1ccc(C#N)c(C)c1)C(=O)[O-]
8876,8878,CC(C)(C)c1ccc(Nc2nc(NC(C)(C)C)nc3sc4c(c23)CCC4)cc1
8877,8879,Cc1c(CC(=O)[O-])c2cc(O)c(F)cc2n1C(=O)c1ccc(C(C)C)cc1
8878,8880,COc1ccc(OC)c(c2csc(NC(=O)CCN3C(=O)COc4ccccc43)n2)c1
8879,8881,Cc1ccc(CN(Cc2cccs2)S(=O)(=O)c2ccc(Br)cc2C)cc1
8880,8882,CC(C)(C)OC(=O)c1ccc(S(=O)(=O)Oc2ccccc2)cc1
8881,8883,Cc1cc(C)c(C[NH2+]C(C)(C)C)c(Oc2ccc(S(C)(=O)=O)cc2)c1
8882,8884,O=C1OC(c2ccccc2)=C(c2ccc(F)cc2)C1(F)F
8883,8885,Cc1cc(Br)cc(C)c1NC(=O)C(=O)Nc1cccc(C#Cc2ccccn2)c1
8884,8886,N#Cc1ccc(C[NH+]2CCN(CCBr)CC2)cc1
8885,8887,COc1ccccc1C(=O)C1=C(C)NC2=C(C(=O)CC(C)(C)C2)C1c1cc(Br)c(OCc2ccc(Cl)cc2Cl)c(OC)c1
8886,8888,CCCCN1CC(=O)N(CC(=O)OC)c2c(Cl)ccc(C)c21
8887,8889,Cc1cc(SCC(=O)NC2COCCC2n2ccnc2)n2ncnc2n1
8888,8890,O=C([O-])C1CN(C(=O)C2CCc3ccccc32)C1
8889,8891,COC(=O)C=CC1OC(OCc2ccccc2)C2OC(C)(C)OC12
8890,8892,O=C([O-])CC1([NH2+]CC2(O)CCOCC2)CCOCC1
8891,8893,C=CCN(C)C(=O)C1C2C(=O)N(CCCO)C(C(=O)N(CC=C)c3c(C)cccc3Cl)C23CCC1(C)O3
8892,8894,O=S1(=O)c2ccccc2Sc2c1cc(Sc1ccccc1)c1ccccc21
8893,8895,C[NH2+]C(Cc1ccc(F)cc1Br)c1cnn(C)c1C
8894,8896,C=C(C[NH2+]CCCOC)C(=O)OC
8895,8897,CC(C)(C)C(=O)OC1CC2CC=CC2=C1C#N
8896,8898,O=S1(=O)CCN(c2cc(NCCc3ccccc3)ncn2)CC1
8897,8899,CCCCN(CCO)C(=O)c1ccc(N)c2ccccc12
8898,8900,COc1cc(c2n[nH]c(C([NH3+])Cc3c[nH]c4ccccc34)n2)ccc1Cl
8899,8901,CC(OC(=O)C=Cc1nc2ccccc2o1)C(=O)NC(=O)NCc1ccccc1
8900,8902,CC(C)OC(=O)CN1C(=O)NC(=Cc2cc(Br)cc(I)c2OCc2ccccc2F)C1=O
8901,8903,CCc1ccc(C[NH+](Cc2ccccc2)Cc2cc(OC)c(OC)c(OC)c2)cc1
8902,8904,COC(=O)c1ccc(C2C(=C([O-])c3cccc([N+](=O)[O-])c3)C(=O)C(=O)N2c2ccc(OC(C)C)cc2)cc1
8903,8905,COc1ccc(S(=O)(=O)N2CCCCCC2)cc1C(=O)Nc1cc([N+](=O)[O-])ccc1C
8904,8906,COC(=O)c1nc2n(c1c1ccccc1)C(C(N)=O)CC(c1ccccc1)C=C2
8905,8907,O=C([O-])C1CCCc2sc(N3CCOCC34CCC4)nc21
8906,8908,CCC1COC(C)CN1C(=O)CC1CCSCC1
8907,8909,CCn1ccc(C[NH+](C)Cc2cccc(C(N)=[NH2+])c2)c1
8908,8910,NC(=[NH+]O)c1ccc(OCCOCc2cccc(Cl)c2)cc1
8909,8911,CC(C)(CO)C[NH2+]CCC(=O)N1CC[NH2+]CC1
8910,8912,COc1ccc(CNC(=O)C2CC(=O)N(Cc3ccc(C)cc3)C(=[NH+]c3ccc(F)cc3)S2)cc1
8911,8913,C[Si](C)(C)OCC=CS(=O)(=O)CC[Si](C)(C)C
8912,8914,Cn1nnnc1SCCCC(=O)NC1CC(C)(C)[NH2+]C(C)(C)C1
8913,8915,CC(C)c1ccc(N2C(=O)C(=O)C(=C([O-])c3ccc4c(c3)CCCC4)C2c2ccc([O-])c([N+](=O)[O-])c2)cc1
8914,8916,Cc1cc(C)cc(CC[NH2+]C2CCc3sc(Cl)cc32)c1
8915,8917,N#CC1(c2ccccc2)CCN(C(=O)c2cc(c3ccccc3Cl)n[nH]2)CC1
8916,8918,N#Cc1ccc(OC2COC2)c(N)c1
8917,8919,C[NH2+]CC1CCCN1C(=O)C1CC(=O)N(CCC(C)C)C1
8918,8920,Cc1c(F)c(F)cc(C(=O)N2CCC([NH+]3CCOCC3)CC2)c1Nc1cc2c(cn1)nnn2C
8919,8921,COc1ccccc1C(=O)CCC(=O)NNC(=O)c1ccccc1OC
8920,8922,Cc1cccc2c(=O)n(CCC(=O)NCCCOC(C)C)cnc12
8921,8923,COCCn1cc(C)[nH+]c1Nc1cc(F)c(I)cc1Br
8922,8924,Cc1ccc(N2C(=O)C(=Cc3cccc(O)c3)C(=O)NC2=S)cc1Cl
8923,8925,CC1CCCC(C)N1C(=O)c1cc(c2ccccc2)on1
8924,8926,Cc1ccc(S(=O)(=O)N(CC(=O)NCc2ccc3c(c2)OCCO3)c2cccc(C(F)(F)F)c2)cc1
8925,8927,CC(C)C(=O)C(C)c1ccccc1SC(C)C
8926,8928,C[Si](C)OC1C=CC=CC1=C[Si](C)(C)C
8927,8929,COc1ccccc1Nc1ncnc(Nc2cc([N+](=O)[O-])ccc2OC)c1N
8928,8930,Cc1ccc(NC(=O)C2CSCN2C(=O)c2cccs2)cc1
8929,8931,O=C(Cn1ncc(=O)c2ccccc21)Nc1cnccn1
8930,8932,Cc1cc(C)nc(SC2=C([NH+]3CCCCC3)C(=O)N(c3ccc(NC(=O)C(C)C)cc3)C2=O)n1
8931,8933,CC(=O)N(CCC(=O)Nc1ccccc1F)c1c(C)cccc1C(C)C
8932,8934,Fc1ccc(n2nccc2C[NH2+]Cc2ccccn2)c(F)c1
8933,8935,CCc1c(NN)ncnc1N(CCOC)C(C)C
8934,8936,CCCCCn1c(=Nc2ccc(F)cc2)scc1c1ccc(N2CCCC2)cc1
8935,8937,COCCOc1cnn(C)c(=O)c1C(=O)NCc1cc(Cl)ccn1
8936,8938,COc1cc(N(C)C)ccc1NC1CCSC1
8937,8939,O=C(Cn1cccn1)N1CCC(CC(F)(F)F)CC1
8938,8940,O=C(Nc1ccccc1c1nc(C2CC2)no1)C1CC2CCC1C2
8939,8941,O=C([O-])c1cn(C2CCC2)c2ccccc12
8940,8942,Nc1cc(C2CCCC2)nc(c2ccccc2)n1
8941,8943,Cc1ccc(NC(=O)C(C)(C)C)c(Br)c1
8942,8944,CC(C)(C)c1ccc(C[NH+](CCc2ccccn2)CC2CC2)cc1
8943,8945,CC(C)(C)c1nc2cc(NC(=O)C3CCCC[NH2+]3)ccc2s1
8944,8946,COc1ccc(c2cc3c(C(N)=O)cn(c4ccc(C(F)(F)F)cc4)c3s2)cc1
8945,8947,CC1C(=O)N(C)C(c2ccccc2)N1C(=O)C1CCCO1
8946,8948,COC(=O)c1ccccc1NC(=O)Cn1nc(C)c(S(=O)(=O)N2CCCCC2)c1C
8947,8949,O=C([O-])C1CCC(C(=O)Nc2ccc(Cl)cc2OC(F)F)O1
8948,8950,C=CCC1(c2nc(C)no2)CCC(=O)N1CC(=O)N(C)Cc1ccccc1
8949,8951,O=C(Nc1cccc(C(=O)N2CCCC2)c1)c1ccc(n2cccc2)cc1
8950,8952,CCCCC(NC(=O)CCCCNS(=O)(=O)c1ccc(Cl)cc1)C(=O)C(C)C
8951,8953,CCn1ccc(NC(=O)NCC[NH+]2CCCC(C)C2)n1
8952,8954,C=CC(=O)Nc1nc2c(s1)CN(c1cccc(c3ccc(C(=O)N4CC[NH+](C)CC4)cc3)n1)C2
8953,8955,N#CCNC(=O)C(Cc1ccccc1)NC(=O)CNC(=O)C(CCC(=O)[O-])NC(=O)C[NH+]1CCN(Cc2ccccc2)CC1
8954,8956,COc1ccccc1NC(=O)CNC(=O)C[NH+](C)Cc1nc2ccccc2s1
8955,8957,CSc1cc(Br)cc(C(=O)[O-])c1F
8956,8958,CC(C)(C)c1nc2n(n1)CC(NC(=O)NCC1CCCc3occc31)CC2
8957,8959,Cn1cc(c2ccc(N3CCCC(Nc4nccs4)C3)nc2)cn1
8958,8960,CCCc1nc(Cn2nnc(C(=O)[O-])c2C)cs1
8959,8961,O=C(c1cccc([S-])c1)N1CCCC(O)C1
8960,8962,O=C1CCC2NN(c3ccccc3)C(=O)N12
8961,8963,CCCOC(C(=O)[O-])c1ccn(COc2cccc(OCC(C)O)c2)n1
8962,8964,NC(=[NH+]O)c1ccc(C(=O)NCC2CC3CCC2C3)cc1
8963,8965,Cc1nc(Cl)nc(NCC2CCCCCC2)c1[N+](=O)[O-]
8964,8966,Nc1ccc2oc(C(=O)[O-])cc2c1
8965,8967,Cc1nc(SCC(=O)NC2CCCCC2)c(C(N)=S)c(C)c1C
8966,8968,COc1cc(OC)cc(OCCn2c(C)c(C(=O)[O-])ccc2=O)c1
8967,8969,COC(C)CCC(=O)N(C)CCCC(=O)[O-]
8968,8970,COC(=O)c1cc2cc(C(=O)NC(c3ccccc3)c3ccccc3)oc2cn1
8969,8971,CC(=O)c1ccc(OCc2cc(C)ccc2OC)cn1
8970,8972,CC(C)(C)C1CCc2c(sc3nc(c4ccccc4Cl)[nH]c(=O)c23)C1
8971,8973,O=C(C=Cc1ccc2ccccc2n1)N1CCC(Br)C1
8972,8974,[NH3+]C1CCCC(C(=O)N2CC[NH+]3CCCC3C2)C1
8973,8975,COc1cc(c2c(F)c(F)c(F)c(F)c2F)ccc1O
8974,8976,CSc1nnc(SCC(=O)Nc2sc3c(c2C#N)CCN(C(=O)OC(C)(C)C)C3)s1
8975,8977,C=CCNC(=O)C(c1ccc(O)cc1)N(C(=O)C(CO)NC(=O)OC(C)(C)C)C(C)CC
8976,8978,Cc1ccc(N(C)c2ccc3nnc(C(C)(C)C)n3n2)cc1
8977,8979,C[NH2+]CC(Cc1cccc(F)c1F)c1ccccc1F
8978,8980,CCOc1cc(C)c(C=C2SC(=S)N(c3cccc(F)c3)C2=O)cc1C(C)C
8979,8981,COc1ccc(CCC(=O)N2CCC([NH+]3CCCC3)CC2)cc1
8980,8982,CNS(=O)(=O)c1ccc(NCCC(C)C)cc1N
8981,8983,Cc1ccc(Sc2ccc(N3C(=O)C4C5C=CC(C5)C4C3=O)cc2)cc1
8982,8984,COc1ccc(S(=O)(=O)N(CC(=O)NN=Cc2ccc(OC(=O)c3ccccc3)cc2)c2ccc(C)cc2)cc1OC
8983,8985,O=C(CC1SC(=[NH+]N=Cc2ccc(Cl)cc2)NC1=O)Nc1ccccc1
8984,8986,CC(F)c1ccc(c2nc3c(c(NCc4ccccc4)n2)CN(C(=O)N(C)CC(F)(F)F)CC3)cc1
8985,8987,CCC(C)C(NC(=O)C(CCCC[NH3+])NC(=O)C(Cc1ccccc1)NC(=O)C(Cc1cnc[nH]1)NC(=O)C1CCCN1C(=O)C(C)NC(=O)C(NC(=O)C(Cc1ccccc1)NC(=O)C([NH3+])CC(C)C)C(C)C)C(=O)[O-]
8986,8988,Cc1cc(C)c(C)c(OCCN2C(=O)NC(C)(c3ccccc3)C2=O)c1
8987,8989,CCOCCn1c(=NC(=O)Cc2ccccc2)sc2cc(C)ccc21
8988,8990,COc1ccc(C[NH+]2CCN(C(=O)c3cn(Cc4ccccc4)nc3c3ccco3)CC2)cc1
8989,8991,COCCNS(=O)(=O)c1cc(C(=O)N(CCc2ccccc2)Cc2ccc(C)cc2)ccc1Cl
8990,8992,COc1c(C(=O)[O-])cc(C(F)F)nc1C
8991,8993,O=C(CN(Cc1ccc(F)cc1)S(=O)(=O)c1ccc(c2ccccc2)cc1)NCc1ccccc1
8992,8994,COc1cc(Br)c(C=Nn2c(C3CCCCC3)nc3ccccc3c2=O)cc1OC
8993,8995,O=c1cc(CSc2nnc(c3ccccc3)n2Cc2ccccc2)c2cc3c(cc2o1)OCO3
8994,8996,Cc1cc(C)c2onc(CC(=O)Nc3cc(F)ccc3F)c2c1
8995,8997,CC(C)C[NH2+]C1CCC1c1ccc(CCO)cc1
8996,8998,CSCCCN(C)C(=O)CC1CC1
8997,8999,CCCCn1c(C(C)NC(=O)C=Cc2ccc(OC)c(OC)c2)nc2ccccc21
8998,9000,COc1ccc2c(c1)CCc1cn(nc1c1ccccc1OCc1cccnc1)C2=[NH2+]
8999,9001,COc1ccc(Oc2ccc(n3nc(C)c(Cl)c3C)nc2)cc1
9000,9002,COc1cccc2c1ccn2CC[NH3+]
9001,9003,CCCNC(=O)C1CCC(NC(=O)CCc2cnc(c3cccnc3)s2)CC1
9002,9004,C[N+](C)(C)CCOC(=O)CCCl
9003,9005,Cc1nc(C)c(C(C)NC(=O)c2cc(N)cn2C)s1
9004,9006,N#Cc1c(NC(=O)CSc2nnc(Cc3ccccc3)o2)sc2c1CCCC2
9005,9007,O=c1[nH]c2ccccc2n2c(SCc3cccc(Cl)c3)nnc12
9006,9008,CC(C)c1c2c(cc(F)c1F)OCO2
9007,9009,O=C(C=Cc1ccc2c(c1)OCO2)Nc1ccc(CC(=O)N2CCCC2)cc1
9008,9010,O=C([O-])CCc1cc(C(=O)C2=CCCC=C2)c2c(c1)OCCO2
9009,9011,NNC(=O)C(=O)Nc1ccccc1C(=O)NC1CC1
9010,9012,NNC(=O)CNC(=O)c1ccc(F)cc1F
9011,9013,CC[NH2+]CC(C)C(=O)N(C)CC1CC[NH+](C)C1
9012,9014,CC(C)(CCNC(=O)Cn1cnc2ccccc2c1=O)C(=O)[O-]
9013,9015,CC(C)(C)CC1Nc2ccccc2-n2cncc21
9014,9016,O=C1NC(=O)N(c2cccnc2)C(=O)C1=Cc1cc(Br)c(OCc2ccc(I)cc2)c(Br)c1
9015,9017,COc1cc(c2nnn3c(C4CC4)cc(C)nc23)ccc1n1cnc(C)c1
9016,9018,CCC(C)C1[NH2+]CC(=O)NC2(CC2)C1=O
9017,9019,CCOC(=O)Oc1ccc(C(=O)Nc2nnc(SCC)s2)cc1
9018,9020,CC(=O)Nc1ccc(S(=O)(=O)Oc2cc(C(C)(C)C)ccc2C)cc1
9019,9021,CCCC(CC)Nc1ccc(NCC)nn1
9020,9022,Nc1ccc(S(=O)(=O)NCCC[NH+]2CCCC2)cc1
9021,9023,COC(CNC(=O)C(=O)Nc1ccc(Cl)cc1)c1ccccc1Cl
9022,9024,C=CCOc1ccc(C=NNC(=O)Cc2c(C)[nH]c(=O)[nH]c2=O)cc1
9023,9025,CCOC(=O)C1(c2ccc(C(F)(F)F)cc2)CC[NH2+]CC1
9024,9026,CCCCCCc1cc2cc(C=O)sc2cc1OC
9025,9027,CC1CC[NH+](C(CNC(=O)CS)c2c(F)cccc2Cl)CC1
9026,9028,CCOC(=O)c1ccccc1NC(=O)CCc1ccc(F)cc1
9027,9029,CCCCCCC=CC=CCCCCCCCC(=O)OCC(COP(=O)([O-])OCC(O)COP(=O)([O-])OCC(COC(=O)CCCCCCCCCCCCCCC(C)C)OC(=O)CCCCCCCCCCCCCCCC(C)C)OC(=O)CCCCCCCCCCCCCCCCCC(C)C
9028,9030,CCCCn1c(NCC2CCN(C(=O)OC(C)(C)C)CC2)nc2ccccc21
9029,9031,CCOC(=O)C=Cc1ccc(OC)c(OC(CC)(c2ccc(OC)cc2)c2ccc(OC)cc2)c1
9030,9032,CCCC[NH+]1CCCCC1c1ccccc1C#N
9031,9033,CCOC(=O)C(C)(CSc1nc2ccccc2o1)[NH2+]C
9032,9034,O=Cc1cccnc1SCc1nnc(c2ccccc2F)o1
9033,9035,Cc1ccc(C[NH+]2CCCN(C(=O)c3ccc4nc[nH]c4c3)CC2)cc1C
9034,9036,Cc1cc([N+](=O)[O-])nn1Cc1ccnc(F)c1
9035,9037,Cc1cc(n2nc(C(=O)[O-])c3ccccc32)nc(C(C)C)n1
9036,9038,Cc1nc(NC(=O)Cc2coc3cc(F)ccc23)no1
9037,9039,Cc1cc([N+](=O)[O-])nn1CCC(=O)NCc1ccc(S(=O)(=O)N2CCOCC2)s1
9038,9040,O=C(Nc1nc2c(C(=O)[O-])cccc2[nH]1)c1cccc(O)c1
9039,9041,CC(C)CC(NC(=O)C(CCC(=O)[O-])NC(=O)C(CC(=O)[O-])NC(=O)C(CCC(=O)[O-])NC(=O)C(CCC(=O)[O-])NC(=O)C(CC(C)C)NC(=O)C([NH3+])CCCC[NH3+])C(=O)[O-]
9040,9042,COc1ccc(S(=O)(=O)NCc2noc(C(F)(F)F)n2)cc1N
9041,9043,O=c1cc(CCl)[nH]c(c2ccco2)n1
9042,9044,CC(C)C(=O)N1CCCCC1C(=O)NC1CCCCC1
9043,9045,COc1ccc(C(C)CC(=O)NCC(c2ccco2)[NH+]2CCOCC2)cc1
9044,9046,O=C(Nc1cccc(C(=O)N2CCCC2)c1)c1ccc(Oc2nc3ccccc3s2)cc1
9045,9047,C=CCN(CC=C)C(=O)N(C)CC(=O)[O-]
9046,9048,CC(OC1CCCC1O)C(=O)NC1CC1
9047,9049,CC(C)(CCl)NS(=O)(=O)c1ccc(Cl)s1
9048,9050,CC(C)n1nnnc1SC1=C(C(=O)[O-])N2C(=O)CC2SC1
9049,9051,Cn1ccnc1C(NC(=O)COc1ccc([N+](=O)[O-])c(F)c1)c1ccc(F)cc1
9050,9052,O=C(C1CCOCC1)N1CC[NH+](Cc2ccc(F)cc2Cl)CC1
9051,9053,CCCCC(CC)CSc1nc(Nc2ccccc2C(=O)OCC)c2c(n1)CC(C)(C)CC2
9052,9054,CC(C)(C)CC(C)(C)c1ccc(O)c(C(c2ccccc2C(C)(C)C)c2cc(C(C)(C)C)ccc2O)c1
9053,9055,CCCC[NH+](C1CC[NH2+]C1)C(C)C1CCOC1
9054,9056,CCCCN1N=C(C(=O)c2ccccc2)N(CC)C1=O
9055,9057,C=CCCC(O)C[NH+](Cc1cc(OC)ccc1OC)CC1CC(c2ccccc2Cl)=NO1
9056,9058,C=CC1CCC(c2ccc(OCCCCCC)cc2)CC1
9057,9059,O=C(COC(=O)c1cc([N+](=O)[O-])ccc1N1CCCC1)NCc1ccco1
9058,9060,CC(C)C([NH3+])C(=O)NCC1Cc2ccccc2O1
9059,9061,C[NH2+]C(CSC1COC1C)C(=O)[O-]
9060,9062,CCCCC(Nc1ccc2[nH+]cc(c3cc(C)c(O)cc3O)n2n1)c1ccccc1
9061,9063,CCOC(=O)C1=C(COCCOC)NC(=O)NC1c1ccc(c2ccc(Cl)s2)o1
9062,9064,O=C1C(=Cc2ccccc2F)SC(=S)N1C[NH+]1CCN(c2ccc(F)cc2)CC1
9063,9065,[NH3+]CCN1CCN(C2=[NH+]CCN2S(=O)(=O)c2cncc(F)c2)CC1
9064,9066,CSc1ccc(C=C2C(=[NH2+])N3C(C)=CSC3=[NH+]C2=O)cc1
9065,9067,CC1CN(c2ccc(C[NH3+])cc2Cl)CC(C)[NH+]1C
9066,9068,O=C(Cn1c2ccccc2c2nnc(N3CCCCC3)nc21)NCc1ccccc1Cl
9067,9069,Cc1cccc2c1nc(N)n2Cc1ccoc1
9068,9070,Nc1cc2oc(=O)cc(COc3cccnc3)c2cc1O
9069,9071,CC(C)C(=O)N1CCC(Cc2ccc(c3ccc4ccc5nsnc5c4n3)nc2)CC1
9070,9072,CC(=O)c1ccc2c(c1)C([NH2+]C(C)c1ncccn1)CC2
9071,9073,COc1ccc(F)cc1S(=O)(=O)n1cc(C[NH3+])c2ccccc21
9072,9074,CC(C)CN(C(C)C)P(Oc1ccccc1C(C)C)Oc1ccccc1
9073,9075,CC1CN(c2ccc3nccnc3n2)CC1C(=O)[O-]
9074,9076,CNC(C)(C#N)CC(C)SC(C)C
9075,9077,O=C([O-])C(CCSCCc1ccccc1)c1ccccc1
9076,9078,CCCCNC(=O)c1cc(S(N)(=O)=O)c(F)cc1F
9077,9079,CCCCn1c(N)c(N(CC)C(C)C(=O)NC(=O)c2ccccc2)c(=O)[nH]c1=O
9078,9080,Cc1nnc(SCc2cc(=O)n3ccsc3n2)s1
9079,9081,O=C([O-])CCCC=CCC1C(O)CC(O)C1CC=CCCCC(=O)OCc1ccccc1
9080,9082,COC(=O)c1ccnc(N2CCOCC2C)c1
9081,9083,NNC(=O)c1c(NC(=O)c2cccc(Br)c2)sc2c1CCCCC2
9082,9084,CC(=O)Nc1ccc(S(=O)(=O)N2CCC(C(=O)NCCOc3ccc4ccccc4c3)CC2)cc1
9083,9085,COc1ccc(Cl)cc1S(=O)(=O)Nc1ccccc1C(=O)Nc1cccc(S(=O)(=O)NC2=NCCC2)c1
9084,9086,O=c1c(NCCc2cccnc2)c(F)cnn1c1ccccc1
9085,9087,Cc1[nH]ccc1C(=O)Nc1nnc(C(C)(C)C)s1
9086,9088,O=C1CCc2cc(Br)cc(OS(=O)(=O)c3ccc4ccccc4c3)c21
9087,9089,O=C(C[NH+]1CCC2(O)CCCCC2C1)NC(=O)NC1CCCC1
9088,9090,CCC(C)(OC)C(=O)N(CC(=O)[O-])c1ccc(Cl)cc1
9089,9091,COc1ccc(C)cc1N(CC(=O)NN=Cc1cc(C)n(c2cccc(C)c2)c1C)S(C)(=O)=O
9090,9092,COCCONC(=O)c1nccc2ccccc12
9091,9093,Cn1cncc1S(=O)(=O)Nc1ccc(C(=O)[O-])c(Cl)c1
9092,9094,C=CCc1cc(C=C2SC(=O)N(CC(=O)Nc3cccc(F)c3)C2=O)cc(OCC)c1OCc1ccc(Cl)cc1
9093,9095,COc1ccccc1N1C(=O)C(=Cc2ccc(c3ccc(Cl)c(C(=O)[O-])c3)o2)C(=O)NC1=S
9094,9096,C=CCn1c(COc2ccc(Cl)cc2)nnc1SCC(=O)Nc1cc(C)on1
9095,9097,CC1CCN(C(=O)c2cnc(NCc3cccnc3)cn2)CC1
9096,9098,[NH3+]C(CS)C(=O)NC(CS)C(=O)NC(CC(=O)[O-])C(=O)NC(CC(=O)[O-])C(=O)[O-]
9097,9099,O=C(NCc1ccc(Sc2cccc(F)c2)cc1)C1CCN(S(=O)(=O)Cc2c(F)cccc2Cl)CC1
9098,9100,O=C([O-])c1ccsc1C[NH+]1CCCOCC1
9099,9101,CC(C)CN(CCC#N)c1cc(F)ncn1
9100,9102,Cc1nc2c(Br)cccc2c(=O)n1CC(=O)Nc1ccc(N2CCCC2)cc1
9101,9103,CCc1[nH+]ccn1Cc1nc(COC)no1
9102,9104,Cn1ncnc1CC1[NH2+]CCc2ccccc21
9103,9105,CCCc1noc(C[NH+]2CCC(c3nc4ccccc4o3)CC2)n1
9104,9106,Cc1ccc(NC(=O)C2CCN(C(=O)N3CCC([NH+]4CCCCCC4)C3)CC2)c(C)c1
9105,9107,CC1=NC(C)=Nc2ccccc21
9106,9108,Cc1c(OC(=O)c2ccccc2)ccc(N2CCCS2(=O)=O)c1OC(=O)c1ccccc1
9107,9109,Cn1nnc2c(c3ccn[nH]3)cn(CCC[NH+]3CCCCC3)c(=O)c21
9108,9110,CC(C)C(O)CNC(=O)CCCc1nc(c2cccs2)no1
9109,9111,COCCNC(=O)C(=O)NN=Cc1cn(c2ccc(C)c(C)c2)nc1c1ccccc1OC
9110,9112,C[NH2+]Cc1ccc(Oc2ccc(Br)c(C(F)(F)F)c2)cc1
9111,9113,CC(=O)c1cn(CC(=O)N2CCCCC2c2cc3nc(C4CC4)[nH]c3cc2Cl)c2cc(Cl)ccc12
9112,9114,C=CCN(C(=O)OC(C)(C)C)C1CCC(C(=O)N2CCC(c3ccc(CO)cc3)CC2)CC1
9113,9115,CCC(C)C(C)NC(=O)c1csc(C#CCO)c1
9114,9116,CCc1cc(C(=O)OC)c(NC(C)C(=O)[O-])c([N+](=O)[O-])c1
9115,9117,Cc1cc(C)cc(C2SC(CC(=O)N(C)Cc3cccc(C(F)(F)F)c3)N2C(=O)OC(C)c2ccccc2)c1
9116,9118,Cc1oc(c2ccccc2)nc1C(=O)N1CCN(c2cccc(C(F)(F)F)c2)CC1
9117,9119,COc1ccc(c2nc(SC(C)C(=O)N3CCOCC3)c3c(=O)n(C)c(=O)n(C)c3n2)cc1
9118,9120,C=CC[NH2+]C(CN)c1cn(C)cn1
9119,9121,CCn1ncc(CNC(=O)c2cc(O)ccc2OC)c1C
9120,9122,NC(=[NH2+])c1ccc(c2coc(Br)c2)c(F)c1Br
9121,9123,Cc1nc2c3ccccc3nn2c(C)c1CCC(=O)NC1CCCN(c2ncccn2)C1
9122,9124,COC(OC)C(C)[NH2+]Cc1occc1Br
9123,9125,COc1ccccc1CNC(=O)c1cc(S(=O)(=O)Nc2ccccc2OC)c(Cl)cc1C
9124,9126,Cc1ccc(c2nc(CCl)cs2)c(n2ccnc2C)c1
9125,9127,Cc1c(C(=O)[O-])[nH]c2cc3c(cc12)CCC3
9126,9128,CCCCOCCOC1(CCl)CCCCC1
9127,9129,COc1ccc(N)cc1C[NH+](CC(N)=O)C(C)C
9128,9130,C[NH2+]C(CC1CCCO1)c1ccc(C)c(C)c1
9129,9131,COc1ccc(F)cc1C[NH+]1CCc2sccc2C1CC(=O)[O-]
9130,9132,Cc1nn(c2ccccc2)c(C)c1C(=O)NC(C)COc1ccccc1F
9131,9133,Cc1cc(C)c(NC(=O)CSc2nncn2C)c(Cl)c1
9132,9134,O=c1[nH]c([O-])c(C=Nc2ccc3cnccc3c2)[nH]1
9133,9135,CC(C)N(CCO)c1ncncc1Cl
9134,9136,COCCOCCC(=O)Nc1cncc(c2ccc3[nH]nc(c4nc5c(N6CCOCC6)nccc5[nH]4)c3n2)c1
9135,9137,COC(=O)C=COC1=C(C2(C)CCCO2)c2ccccc2C12COC2
9136,9138,Cc1cc(C2CC[NH2+]CC2)cc(C)c1Oc1nc(Cl)cs1
9137,9139,CC(=O)C(Br)c1ccc(F)c(C)c1F
9138,9140,O=C(NC1CCCCCC1)c1ccc(NC2=C(Cl)C(=O)N(c3ccc(F)cc3)C2=O)cc1
9139,9141,O=C(CCn1nc2n(c1=O)CCCC2)NNC(=O)c1cc(c2ccccc2)n[nH]1
9140,9142,COc1ccc(Br)cc1c1nc(C(F)F)c(Br)c(=O)n1C(C)C
9141,9143,Cc1c(O)ccc2c(C)coc12
9142,9144,CCOC(=O)c1ccc(NC(=O)C(C#N)=Cc2cc(Br)ccc2OCc2ccc(Br)cc2)c(C)c1
9143,9145,[NH3+]C1CCC(C[NH2+]Cc2ccc(c3ccccc3)cc2)C1
9144,9146,CCCc1nnc(C(C)Sc2nnc(c3ccc(SC)cc3)n2c2ccccc2C)o1
9145,9147,CC(C)c1ccc(S(=O)(=O)N2CCN(C(=O)c3cc4cc(Br)ccc4o3)CC2)cc1
9146,9148,O=C(NO)C1C(c2ccccc2)OC1c1ccc(CO)cc1
9147,9149,COc1cc(NC(=O)CSc2nnc(CSc3n[nH]c(C)n3)n2c2ccccc2)ccc1[N+](=O)[O-]
9148,9150,C[NH2+]C(c1cc(F)ccc1Br)c1cc(Cl)c(OC)c(OC)c1
9149,9151,Cc1nn(c2ccccc2)c(C)c1C(=O)N1CC2COCC(C1)O2
9150,9152,Nc1cc(NC(=O)c2ccc(F)cn2)ccc1F
9151,9153,O=C(CNC(=O)c1ccccc1)Nc1ccc(N2C(=O)C3C4C=CC(C4)C3C2=O)cc1
9152,9154,COc1ccc(Nc2nc(Cl)nc(NC3CCCCC3)n2)c(OC)c1
9153,9155,CC(C)NC(=O)c1ccc(S(=O)(=O)Cl)cc1
9154,9156,CCCc1nc(N)nc(N)c1I
9155,9157,CC(C)c1cccc(C(C)C)c1N=[N+]=[N-]
9156,9158,C[NH2+]C(CCS(C)(=O)=O)c1cccc(Br)c1F
9157,9159,CCC1CCC(C)N1S(=O)(=O)N1CCCC1C(=O)[O-]
9158,9160,Nc1cccc(OCCSc2cccc(Br)c2)c1
9159,9161,O=C(CCn1c(=O)[nH]c2ncccc2c1=O)Nc1ccc(c2nc3ccccc3s2)cc1
9160,9162,FC(F)Cn1c(N2CC[NH+](CC3CCOC3)CC2)nc2ccccc21
9161,9163,O=c1ccc2cc3c(cc2n1CCCN1CC[NH+](CCc2ccccc2Oc2ccccc2)CC1)OCO3
9162,9164,COc1ccc(S(=O)(=O)n2cc(C(=O)Cc3c[nH]c4ccccc34)c(c3ccccc3)c2c2ccc(F)cc2)cc1
9163,9165,Cc1ncnc(C)c1C(=O)N1CCOC(C)C1
9164,9166,O=C(NCc1cccc(F)c1)C1CC2CC2C1
9165,9167,Cc1cc(=O)n(Cc2ccc(C=O)o2)cc1[N+](=O)[O-]
9166,9168,COCCOc1ccc(C(=O)Nc2ccc(c3noc(c4ccc(C#N)cc4)n3)cc2)cc1
9167,9169,Cc1nnc(c2ccc(OCCCC[NH+]3CCN(c4ncccn4)CC3)cc2)o1
9168,9170,Cc1nn(CC(C)C)c(C)c1CC(=O)NC(C)(CO)C1CCCCC1
9169,9171,COc1ccc(S(=O)(=O)N(CC(=O)NN=C(C)c2ccc(C)cc2)c2ccccc2)cc1OC
9170,9172,CC(C)(C)c1ccc(OCC(=O)N2CC[NH+](Cc3ccco3)CC2)cc1
9171,9173,O=Cc1ccc(F)c(N2CC=C(C(F)(F)F)CC2)c1
9172,9174,Cc1ccnc(NC2CC[NH+](CC(O)CO)CC2)c1
9173,9175,CCC(C)C(=O)NCC1(c2ccccc2)CC1
9174,9176,C[N+](C)(C)Cc1cccc2ccccc12
9175,9177,O=C(NC(CC[NH+]1CCc2ccccc2CC1)C(=O)OC1CCCCC1)c1cccc(Br)c1
9176,9178,COC(=O)c1ccccc1N1C(=O)C(Nc2cc(Cl)cc(Cl)c2)=C(Sc2ccc(C)cc2)C1=O
9177,9179,COc1ccc(Br)c(C(=O)Oc2ccc(C=NNC(=O)C3c4ccccc4Oc4ccccc43)cc2Br)c1OC
9178,9180,N#Cc1ccc(Cn2cnc3c4n(nc3c2=O)CC[NH+](Cc2c(F)cccc2Cl)C4)cc1
9179,9181,COCCCn1ccnc1Nc1ccccc1C
9180,9182,CCCCN(C)C(=O)C1CCN(C(=O)CCOc2ccccc2)CC1
9181,9183,CCCCCOc1ccc(C(=O)C=CC(=O)c2ccccc2)cc1
9182,9184,FC(F)(F)c1ccc(n2cc(C[NH2+]C3CCCCC3)cn2)cc1
9183,9185,O=C(NCc1ccccc1Cn1cncn1)N1CCN(c2cccc(C(F)(F)F)c2)CC1
9184,9186,O=S1(=O)CCC(NCc2ccc(I)c(Cl)c2)C1
9185,9187,Cc1ccc(c2csc3ncn(CC(=O)Nc4ccc(Cl)cc4)c(=O)c32)cc1
9186,9188,CCn1cnnc1C(C)NC(=O)c1ccc([N+](=O)[O-])c(Cl)c1
9187,9189,CC(C)c1ccc(C(O)C(C)(C)[NH3+])cc1
9188,9190,CCC1CCC(CNC(=O)NC2CCC(C3CC3)C2)(C(=O)[O-])CC1
9189,9191,CCCCCOc1ccc(N)c2cccnc12
9190,9192,Cc1cc(C)c(C[NH+](CC[NH3+])C(C)C)c(C)c1
9191,9193,COC(=O)c1ccc2ccn(CC(=O)Nc3ccccc3C)c2c1
9192,9194,CC(C)NC(=O)CNc1[nH+]c(C)cn1C1CC1
9193,9195,NC(Nc1ccc(C(F)(F)F)cc1)=[NH+]CC1CCCC1
9194,9196,[NH3+]C(Cc1ccncc1)c1csnn1
9195,9197,COc1ccc(C(=O)Oc2ccc(N3C(=O)C4C(c5ccc(Oc6ccc(O)cc6)cc5)[NH2+]C5C=C(N6CCCC6=O)C=CC5(C(=O)OC(C)C)C(c6ccccc6)=C4C3=O)cc2)cc1
9196,9198,CCCCCCCOc1ccc(c2ccc(C(=O)Oc3ccc(C)cc3)cc2)cc1
9197,9199,CCCCC(NC(=O)C(Cc1ccc(OC)cc1)NC(=O)OCc1ccccc1)C(=O)NC(C)C(=O)NC(CC(C)C)C(=O)OC(C)(C)C
9198,9200,Cc1ccc(F)c(NS(=O)(=O)c2ccc(C#N)s2)c1
9199,9201,CC(C)CSCc1nc(=O)c2c([nH]1)CC[NH+](Cc1nc(c3ccco3)no1)C2
9200,9202,C=CCN(c1ccccc1)S(=O)(=O)c1cccc(C(=O)NCc2ccc(N3CCC(C)CC3)nc2)c1
9201,9203,O=Cc1c[nH]c2cc(O)ccc12
9202,9204,Cc1cccc2c(NC3CCCCNC3=O)ccnc12
9203,9205,N#Cc1c2c(c(N)[nH]c1=O)CCc1ccccc1-2
9204,9206,CN(CCC[NH+]1CCC(c2ccccc2)CC1)C(=O)c1cc2c(NCC[NH+]3CCOCC3)ncnc2s1
9205,9207,COCC(C)(NC(=O)CC(C)c1ccccc1)C(=O)[O-]
9206,9208,[NH3+]CC1CCCC1NS(=O)(=O)c1cccc(F)c1Br
9207,9209,O=C([O-])c1cc2n(n1)CCCN2
9208,9210,CC(=O)NC(S)C(=O)NC1CC(=O)NCCCCC(C(N)=O)NC(=O)C(Cc2c[nH]c3ccccc23)NC(=O)C(Cc2ccccc2)NC(=O)C(Cc2ccccc2)NC(=O)C(Cc2ccccc2)NC1=O
9209,9211,CCOC(=O)c1cc(NC(=O)c2ccc([N-]S(=O)(=O)c3ccc(C)c(C)c3)cc2)n(C)n1
9210,9212,O=C(Oc1ccc2c3c(c(=O)oc2c1)CCC3)c1ccc(C(F)(F)F)nc1
9211,9213,NC(=S)c1cc(OCC[NH+]2CCCC2)c(F)cc1[N+](=O)[O-]
9212,9214,CC(C)(CO)n1ncn(c2ccc(N3CCC(O)(C(F)(F)F)C3)cc2)c1=O
9213,9215,O=C(CCc1ccsc1)NCC(=O)Nc1ccc(F)c(F)c1F
9214,9216,Cc1ccc(C2=C(Nc3ccc(Cl)cc3C)C(=O)N(c3cccc(F)c3)C2=O)cc1
9215,9217,CC1CC(NC(=O)NC2CCSC2)CS1(=O)=O
9216,9218,CC1CCCC(NC(=O)c2ccc(Cl)nc2)(C(=O)[O-])C1
9217,9219,COc1cc(OC)cc(c2nn(c3ccccc3)cc2C(=O)NCCCCCC(=O)[O-])c1
9218,9220,CC[NH2+]C(c1cc(I)ccc1Br)c1ccoc1C
9219,9221,COCC[NH2+]Cc1ccc2c(c1)CCC2
9220,9222,N#Cc1cccc(C[NH+](CCCC[NH3+])Cc2cccc(Cl)c2)c1
9221,9223,COc1ccc(CNC(=O)c2ccc(c3ccc(NC(=O)c4cc(OC)cc(OC)c4)cc3)nc2C)cc1
9222,9224,COc1ccc(c2nc(CC[NH+]3CCN(c4cccc(C)c4)CC3)cs2)cc1
9223,9225,CC(C)C(NC(=O)c1n[nH]c(C2CC2)n1)c1ccc(F)cc1
9224,9226,CCC(C)C(NC(=O)OC(C)(C)C)C(=O)NC(CC(C)C)C(=O)C(=O)NC
9225,9227,CC(C)n1cc2c(c1)CCCC2NC(=O)C1CCCCO1
9226,9228,Cc1ccc(F)c(NC(=O)C2(C(N)=S)CC2)c1
9227,9229,[NH3+]C(CCC[NH3+])c1nnc(c2cnccn2)o1
9228,9230,O=C([O-])CC(NC(=O)C1(c2ccc(F)cc2)CC1)c1ccccc1
9229,9231,Cc1cc(C2(C#N)CC2)cc(NC(=O)c2cn(CC[NH3+])nn2)c1
9230,9232,COc1cc(Br)ccc1C(O)C1CCC1
9231,9233,CC(=O)Nc1ccc(S(=O)(=O)NC(C)C(=O)NC(C)CCC(C)C)cc1
9232,9234,C=C(C=C(C)C1CC2C=CC1C2)C1(C)CC(Br)C(O)C1F
9233,9235,CN(CCC#N)S(=O)(=O)c1ccc(Br)cc1Br
9234,9236,CC(C)CN(CC(=O)N1CCc2sccc2C1c1cccc(F)c1)C(=O)c1ccc(Cl)c(Cl)c1
9235,9237,CC1CC(C)[NH+](C2CCC([NH3+])(C(=O)[O-])C2)C1
9236,9238,Cc1ccc(N2CC(c3noc(c4ncco4)n3)CC2=O)cc1C
9237,9239,O=C1CN=C(c2ccccc2)c2c(ccc3ccccc23)N1
9238,9240,C=CCN1C(=O)[NH+]=C(N)C1c1ccc(SCC)cc1
9239,9241,N#Cc1cccc(C[NH+]2CCCn3nc(CNC(=S)Nc4ccc(C(=O)[O-])cc4)cc3C2)c1
9240,9242,COc1ccc(OC)c(C2=NOC(c3cc(Cl)cc(Cl)c3)(C(F)(F)F)C2)c1
9241,9243,CC(C)c1ccc(c2nn(CC(=O)N(C3CCCc4cccnc43)C3CC3)c(=O)o2)cc1
9242,9244,C=C(C(N)=O)C(C)C=C(C)C
9243,9245,CCn1cc(NC(C)c2cccc(F)c2)cc([N+](=O)[O-])c1=O
9244,9246,Cc1[nH]c2ccc(CNC(=O)c3cc(C4CC4)[nH]n3)cc2c1C
9245,9247,O=C(Nc1ccc(Cl)cn1)C1CCN(c2ccc3nnc(C(F)(F)F)n3n2)CC1
9246,9248,COc1ccc([N+](=O)[O-])cc1COC(=O)c1cc([N+](=O)[O-])ccc1N1CCCCC1
9247,9249,CCOC(=O)C1=C(C)N(c2ccc(C)cc2)C(=O)C1=Cc1cccc(Br)c1
9248,9250,CCOc1ccc(C2C(C#N)=C([NH3+])Oc3cc(OC(=O)COc4ccc(C)cc4C(C)C)ccc32)cc1OCC
9249,9251,[NH3+]C(CC(=O)N1CCCC1)Cc1ccc(Cl)cc1
9250,9252,CNc1nc(c2ccc[nH]2)nc2c1CSC2
9251,9253,Nc1ccc(CC2CCCC(F)(F)CC2)nc1
9252,9254,CCOC(=O)c1c(O)cc(OC)cc1C(F)F
9253,9255,O=C([O-])c1coc(NS(=O)(=O)c2c(F)cccc2Br)n1
9254,9256,CCOC(=O)c1cc(N)cnc1NCCS(C)=O
9255,9257,COc1nccc(C(C[NH3+])N2CCCC2)n1
9256,9258,N#CCc1[nH+]c(c2ccc(Br)s2)cn1N
9257,9259,Cc1cccc2c(CC[NH+](C)C(C)Cn3ccc4c(Br)cccc43)c[nH]c12
9258,9260,Cn1cc(N2CCCC(C[NH+]3CCN(c4ccc(F)cc4)CC3)C2=O)cn1
9259,9261,O=C([O-])C1(c2ccccc2Br)CCCCC1
9260,9262,FC(F)(F)c1cccc(c2ncccn2)c1
9261,9263,CCOc1ccc2cc(c3nn(c4nn(C)cc4Cl)c(N)c3C#N)[nH]c2c1
9262,9264,Cc1nnc(C2CCC[NH+]2Cc2nccn2C(C)C)s1
9263,9265,O=C(COC(=O)c1ccc(CN2C(=O)c3ccccc3C2=O)cc1)Nc1cccc(Cl)c1
9264,9266,COc1ccccc1C(=O)Nc1ccnn1C1CC[NH+](Cc2cc3ccccc3n2C)CC1
9265,9267,Cc1ccc(N2CC(C)CCC2=O)cc1C(=O)[O-]
9266,9268,FC(F)(F)c1cccc(C(F)(F)F)c1C(F)(F)F
9267,9269,COc1ccc(C(=O)N2CCC(C)(O)CC2)cc1NC(C)=O
9268,9270,CCn1nccc1CNC(=O)CCn1cnc2c(C)cccc2c1=O
9269,9271,Cc1nc(C2(NC(=O)C3CCCN(C(=O)C4CC4)C3)CCCC2)no1
9270,9272,O=C(CNc1cccc(C(F)(F)F)c1)N1CCN(c2nccs2)CC1
9271,9273,CCOC(=O)C(C)(C)C(=O)c1cncs1
9272,9274,CC(C)C[NH2+]Cc1ccccc1N1CCN(CC#N)CC1
9273,9275,CCOC(=O)C1=C(C[NH+](C)Cc2ccc(Br)cc2)NC(=O)NC1CC
9274,9276,CCCc1[nH+]ccn1c1nc(Cl)nc(N2CCOCC2)n1
9275,9277,CCC(C)C(=O)Nc1ccc(NC(=O)CCNC(=O)C2CC[NH+](C(C)C(=O)Nc3ccc(C(=O)N4CCCCC4)cc3C)CC2)cc1Cl
9276,9278,Cc1ccc(S(=O)(=O)n2ccn(C=C3C=CC=C3)c2=O)cc1
9277,9279,CCc1ccc(C(=O)N2CCCC(NC(C)=O)CC2)s1
9278,9280,C=CCNC(=O)C(=O)NN=Cc1ccc(c2cccc([N+](=O)[O-])c2)o1
9279,9281,[NH3+]C(Cc1csc2ccccc12)C(=O)[O-]
9280,9282,CCOC(C[NH3+])CC(=O)NC1CCCOC1C
9281,9283,CCCc1nc(NCC)c(C)c(NC2CCC(C)C(C)C2)n1
9282,9284,Cc1oc(c2ccccc2)nc1CN1C(=O)COc2cc(Br)ccc21
9283,9285,CCS(=O)(=O)N1CCc2cc(S(=O)(=O)NCc3cn4c(C)cccc4[nH+]3)ccc21
9284,9286,CC(c1nc2ccccc2s1)N(C)S(=O)(=O)c1ccc(Br)cc1
9285,9287,Cc1cc(C)nc(Sc2ccc(N)cc2F)c1
9286,9288,CCCCNC(Nc1ccc(O)c(OC)c1)=[NH+]Cc1ccccc1[N+](=O)[O-]
9287,9289,CCCCCNC(=O)CN(C(C)=O)c1cccc(Cl)c1
9288,9290,C[NH2+]C(C)Cc1noc(CN(C)c2ccccc2)n1
9289,9291,O=C(CCc1ccc2c(c1)OCO2)NC(Cc1ccccc1F)C(=O)[O-]
9290,9292,O=C(CCc1ncc(c2c(F)cccc2F)o1)Nc1nc(c2ccccc2)cs1
9291,9293,Cc1cc(F)c(S(=O)(=O)NCc2noc(C3CC3)n2)cc1N
9292,9294,N#CC1CC(c2ccccc2)CN1C(=O)C=Cc1cn(C(=O)OC2CCCc3ccccc32)c2ccccc12
9293,9295,Cc1ccc(NS(=O)(=O)Cc2noc(C3CCOC3)n2)cc1F
9294,9296,CC(C)=CCc1c(O)ccc(C(N)=[NH2+])c1C(C)=CC=O
9295,9297,Cc1nc(C2C[NH+](Cc3cccnc3c3cccs3)CCO2)n[nH]1
9296,9298,CCOC(=O)c1nnn(Cc2ccccc2)c1C(C)=O
9297,9299,CC(C)C(CO)(CO)NC(=O)CCOCC(F)(F)F
9298,9300,CCCCCC=CCC=CCC=CCCCCCCC(=O)OCC(COC(=O)CCCCCCCC=CCCCCCC)OC(=O)CCCCCCCCCCCCCCCCCCC
9299,9301,CCOC(=O)C1=C(C)N=c2sc(=Cc3cn(Cc4ccc(Br)cc4)c4ccccc34)c(=O)n2C1c1ccc(OCC(=O)OC)c(OCC)c1
9300,9302,CC(C)C(NC(=O)N1CCn2c(nnc2C(F)(F)F)C1)c1nc2ccccc2[nH]1
9301,9303,Cc1nc(Cn2c(C(C)[NH+]3CCOCC3)nc3ccccc32)no1
9302,9304,O=C(CNC(=O)c1cccs1)Nc1ccc2cn[nH]c2c1
9303,9305,O=C(NCC1(O)CCC1)C1[NH2+]CCc2ccccc21
9304,9306,CCCCNc1ccc(C(=O)NC2CCS(=O)(=O)C2)nc1
9305,9307,CCCCNC(=O)C[NH2+]Cc1ccc(Br)c2cccnc12
9306,9308,O=C([O-])C1CN(C(=O)NCc2ccc(Br)cc2)CCO1
9307,9309,C=CCNC(=O)c1nc(C(=O)NCCc2ccc(Cl)cc2)n2ccccc12
9308,9310,CCOc1ccc(C(=O)N2CCC(Cc3cnn(C)c3)CC2)cc1OCC
9309,9311,CC(C)CC(NC(=O)C(Cc1ccc(O)cc1)NC(=O)C(Cc1ccc(O)cc1)NC(=O)C1CCC[NH2+]1)C(=O)[O-]
9310,9312,Cc1c(O)cccc1C(=O)N(C)CC(C)(C)O
9311,9313,CCCCCCCOc1ccc(c2ccc(OC(=O)c3nc(c4ccccc4)oc3C)cc2)cc1
9312,9314,C[NH2+]C(c1cc(C)ccc1OC)c1c(C)cc(C)cc1C
9313,9315,CC(C)([NH3+])c1nc(C(=O)Nc2cc(Cl)ccn2)cs1
9314,9316,Cc1nnsc1C(=O)N1CCC(CCC(=O)[O-])C1
9315,9317,COc1ccc(C(NC(=O)c2nn(c3ccccc3F)cc2F)C(C)C)cc1
9316,9318,Cc1ccc(C(Cl)C2CCS(=O)(=O)C2)cn1
9317,9319,CC1(O)CCCN(S(=O)(=O)c2cccc(C(=O)Nc3nnc(Cc4ccc(Cl)cc4)s3)c2)C1
9318,9320,CC(C)(C)c1ccc(S(=O)(=O)N2CCCC(C(=O)Nc3ccccc3)C2)cc1
9319,9321,COc1ccc(c2nnc3sc(c4cccc(OC)c4)nn32)cc1
9320,9322,CC1CN(c2nc3c(cc2C#N)CCCC3)CC(C2CC2)O1
9321,9323,CCCCn1c(N)c(N(CCOC)C(=O)COc2ccc(NC(C)=O)cc2)c(=O)[nH]c1=O
9322,9324,N#Cc1nc2ccccc2n1CCc1[nH+]ccn1C
9323,9325,COc1ccc(O)c(C=NNC(=O)c2ccc(OCc3ccccc3)cc2)c1
9324,9326,COc1ccccc1OCCn1cc(CCCO)nn1
9325,9327,O=C(Cc1ccc(Cl)cc1Cl)NCC(=O)N1CCCc2ccccc21
9326,9328,Cc1ccc(S(=O)(=O)Nc2ccc3nnn(C)c3c2)c(N)c1
9327,9329,CC1CN(C(=O)CCc2nc(c3ccncc3)no2)CC(C)(C)O1
9328,9330,CCCCN(CC(=O)N(C)c1ccccc1)C(=O)c1ccc(CN2CCCC2=O)cc1
9329,9331,CC(=O)OC1=CCC2(C)C(CCC3C2CCC2(C)C3CCC2(O)C(=O)Cn2ccnc2)CC1
9330,9332,Cc1ccc(S(=O)(=O)N2CCCC(Oc3cccc4c3ccn4CCCC(F)(F)F)C2)cc1C
9331,9333,CCOC(=O)c1cc(c2ccccc2)sc1NC(=O)C[NH+](C)CC(=O)Nc1ccccc1[N+](=O)[O-]
9332,9334,CC(C)(C)c1nc(c2ccc(Br)s2)nc2c1C[NH2+]C2
9333,9335,COc1ccc(C(C)=O)cc1C[NH+]1CCCC1c1ccc2c(c1)OCCO2
9334,9336,CCCCCCc1ccc(C2CCC(CCCCCc3ccc(CCCCCC)cc3)CC2)cc1
9335,9337,CCOC(=O)Cc1csc(NC(=O)N2CC3CCC2C[NH2+]C3)n1
9336,9338,[NH3+]Cc1cccc(SCc2ccc(F)c(Cl)c2)c1
9337,9339,COc1cc2occ(c3ccccc3)c2cc1C(C)=CC(=O)N1CCOC(C)(C)C1
9338,9340,COc1c(CCl)ncc(C(F)F)c1C(=O)[O-]
9339,9341,N#CCc1cc(O)c(I)c(=O)[nH]1
9340,9342,Cc1ccsc1CN(Cc1cccnc1)C(=O)Cc1c[nH]c2ccccc12
9341,9343,COc1ccc(c2cnc(N3CCCC(C4CC[NH+](C)CC4)C3)nc2N)cc1
9342,9344,COc1ccc(OC)c(c2coc3cc(OC)c(C(C)=CC(=O)NCCCOC(C)C)cc32)c1
9343,9345,CSc1nc(c2ccccc2)c(NC(=O)COc2ccccc2)s1
9344,9346,CC(C)(C)c1cc(C[NH+]2CCc3ccccc3C2)c(O)cc1O
9345,9347,COc1ccc(C(=O)N2CCCCC2)cc1NC(=O)C(NC(=O)C1CC[NH+](C(C)C(=O)Nc2cccc(C(=O)Nc3ccc(C)cc3F)c2C)CC1)C(C)C
9346,9348,CC(C)Cn1c(Cc2cccs2)nnc1SCC(=O)Nc1ccc(F)cc1
9347,9349,COc1ccc(C[NH2+]CC(O)COc2ccc(F)c(F)c2)cc1
9348,9350,CC(C)c1ccc(CC(O)C2Cc3ccccc32)cc1
9349,9351,CN(CCC#N)C(=O)CSc1nnnn1c1ccc(O)cc1
9350,9352,CC(C)Cc1noc(C[NH+]2CCC3(CCC[NH2+]C3)CC2)n1
9351,9353,O=C(CCNC(=O)c1cccs1)NCc1cnn(c2ccc(F)cc2)c1
9352,9354,CC(C)(C)C1=C(C(C)(C)C)C(C)(C)c2cc3c4ccccc4n(c4c(C(C)C)cc(C#Cc5ccc6c(c5)C(C)(C)C(C)(C)C6(C)C)c5c6ccccc6ccc54)c3cc21
9353,9355,COc1ccc(C(C)C)cc1S(=O)(=O)N(CC(=O)NC1CC1)c1ccc(F)cc1
9354,9356,CC(C)(C)c1ccccc1n1cc(c2nc(C(=O)NC3CCS(=O)(=O)C3)cs2)cn1
9355,9357,N#CC1=C([NH3+])N(c2ccc(Cl)cc2)C2=C(C(=O)CCC2)C1c1ccccc1Cl
9356,9358,CC(C)(COc1c(F)cc(F)cc1[N+](=O)[O-])C(=O)NN
9357,9359,CC(C)C(NC(=O)NCCc1cnc[nH]1)C(=O)[O-]
9358,9360,CCCCC(C(=O)[O-])[NH+]1CCN(c2ccc(F)cc2)CC1
9359,9361,CC[NH2+]C(C)c1sc(c2cccc(Cl)c2F)nc1C
9360,9362,CC(=O)NC1C(OC(=O)C=CC(=O)OCc2ccc([N+](=O)[O-])cc2)OC2COC(c3ccccc3)OC2C1OC1OC(OC2C(OC3C(OC(=O)C=Cc4ccccc4)OC(C)C(O)C3O)OC(COC(C)=O)C(OC3OC(COC(C)=O)C(OC(C)=O)C(OC(C)=O)C3OC(C)=O)C2OC(C)=O)C(OCc2ccccc2)C1O
9361,9363,COc1ccccc1NC(=O)c1ccnc(Nc2ccccc2C#N)n1
9362,9364,COc1ccccc1N1CC(C(=O)NNC(=O)c2cc(OC)c(OC)c(OC)c2)CC1=O
9363,9365,COc1ccc(OC)c(NC(=O)C2([NH3+])COC2)c1
9364,9366,COc1ccc(c2cc(C(=O)N3CCC(Oc4ccccc4F)CC3)[nH]n2)cc1
9365,9367,COc1ccc(NC(=O)c2nnn(c3ccc(C)cc3)c2CSc2ncccn2)cc1
9366,9368,CC(C)(C)C(=O)N1CCN(C(=O)c2ccc3nc[nH]c3c2)CC1
9367,9369,CCC(C(=O)[O-])N(C)C(=O)c1cc(Br)cnc1N
9368,9370,Cc1oc(c2cccs2)nc1C(=O)N1CCN(C(=O)C2CC2)CC1
9369,9371,CC(C)Cn1ncnc1CC(C[NH3+])CC(C)C
9370,9372,CC(C)N(C(=O)CN1CCCCCCC1=O)c1ccccc1
9371,9373,COc1ccc(C(=O)Nc2ccc(CC(=O)N(C)CC(=O)Nc3ccc(C)c(Cl)c3)cc2)cc1
9372,9374,CCc1ccc(C(O)CC2CCCCO2)cc1
9373,9375,Cc1coc(NC(=O)c2ccn(c3ccc(Cl)cc3)n2)n1
9374,9376,O=C(C=Cc1ccccc1C(F)(F)F)Nc1ccc(C(=O)NC2CC2)cc1
9375,9377,O=C(COC(=O)c1cc2ccccc2oc1=O)Nc1ccccc1F
9376,9378,O=C(NCc1cccnc1OC1CCCC1)Nc1ccccc1
9377,9379,C=CCn1c(SCc2csc(c3ccc(C)cc3)n2)nnc1c1ccoc1C
9378,9380,COc1cc(F)ccc1n1nnnc1SC(C)C(=O)NC(C)CCCc1ccc(OC)cc1
9379,9381,O=C(C=Cc1ccn(c2ccccc2)c1)Nc1ccccc1N1CCN(C(=O)c2cccs2)CC1
9380,9382,CC(C)C[NH+]1CCOC(C([NH3+])c2ccc(C(C)C)cc2)C1
9381,9383,Cn1ncc2c1CCCC2NC(=O)N1CCCC(C(=O)NC2CCCC2)C1
9382,9384,CCn1ccnc1CC(=O)C(C)C(C)C
9383,9385,CC(=O)Nc1cccc(Oc2ccc(CC(=Cc3ccco3)C(N)=O)cc2)c1
9384,9386,CCOC(=O)C(C=CC(=O)NNC(=O)c1ccc(C)cc1)=Cc1ccccc1
9385,9387,COc1ccc(C[NH+]2CC3CN(C(=O)Cn4cncn4)CC3C2)c(F)c1
9386,9388,CC(C)C[NH+]=C1NC(=O)C(CC(=O)Nc2ccc(Cl)cc2)S1
9387,9389,CC1CCC2C(SC3CC(=O)OC32)CC1C
9388,9390,C=CC[NH+]1C2CCC1CC(C(=C)C(=O)OC)C2
9389,9391,COCCOc1cccc(CNC(=O)C2CCN(C(=O)OC(C)(C)C)CC2)c1
9390,9392,COc1ccc(c2nnc3ccc(SCC(=O)Nc4ccc(OC)c(Cl)c4)nn32)c(C)c1
9391,9393,CC(C)CC(C)(C[NH3+])NC(=O)c1cc(Br)ccc1Br
9392,9394,CC(CC(=O)Nc1ccc(Br)cc1N)C(C)(C)C
9393,9395,CC(Sc1nnc(c2ccc(Cl)cc2)n1c1ccccc1)C(=O)Nc1ccc(Cl)cc1
9394,9396,Cc1c(NC(C)CCC(C)C)ncnc1OC1C2OC(c3ccccc3)OCC2OC1n1cnc2c(N)ncnc21
9395,9397,O=C([O-])CCCNC(=O)NCCn1cc(C(=O)[O-])nn1
9396,9398,CCCC[NH+](CCCC)CCC(O)c1ccc(F)cn1
9397,9399,Cc1[nH]nc(CO)c1S(=O)(=O)NC(C)c1ccc(Cl)s1
9398,9400,N#CCCN(Cc1cccnc1)C(=O)c1cc(S(=O)(=O)N2CCSCC2)c[nH]1
9399,9401,[NH3+]C1CCC([NH2+]CCC2CCCO2)C1
9400,9402,CCCCCNC(=O)N1CCN(C(=O)C([NH3+])CS)CC1
9401,9403,Cn1c(=NC(=O)c2ccc(Cl)cc2Cl)sc2cc3c(cc21)OCO3
9402,9404,CC(C)c1ccc(CC2(O)CCN(C(=O)C3CCCCC3)CC2)cc1
9403,9405,COc1cc(N2CC3CCCC([NH3+])C3C2)nc(N)n1
9404,9406,CCc1ccc(C(CNC(=O)N2CCC(C3CCCO3)CC2)[NH+](C)C)cc1
9405,9407,Cn1cnnc1CCNc1nccn2nccc12
9406,9408,O=C(c1ccoc1)N1CCC(Nc2ccc([N+](=O)[O-])cc2)CC1
9407,9409,C=CC1CCC(C(=O)Oc2ccc(Br)cc2F)CC1
9408,9410,CN(CC(=O)Nc1cccc(I)c1)S(=O)(=O)c1cccc(C(F)(F)F)c1
9409,9411,CC(C)(CNC(=O)C(=O)Nc1ccc(I)cc1Cl)C(=O)[O-]
9410,9412,CC(=O)c1ccc(N2C(=O)C(Nc3ccc(F)c(F)c3F)=C(SCc3ccco3)C2=O)cc1
9411,9413,Cn1c2c(c(=O)n(C)c1=O)C(c1ccc(OCc3ccc(F)cc3)c(Br)c1)CC(=O)N2
9412,9414,CCn1c(=O)n(CCC(=O)OC)c(=O)c2c1nc(COC(=O)c1ccc(Cl)nc1)n2C
9413,9415,Cn1cnnc1c1cccc(NC(=O)c2sccc2S(=O)(=O)N2CCCCC2)c1
9414,9416,CCc1cnc(C(C)NC(=O)N2CCC3CCC(C2)[NH2+]3)s1
9415,9417,Cc1nc2cc(NC(=O)c3c(C)nn(c4ccc(Cl)cc4)c3C)ccc2o1
9416,9418,N#CCc1cnc(Oc2ccccc2F)s1
9417,9419,CCC(C)NC(=O)NC(=O)COC(=O)CNC(=O)NC(C)C
9418,9420,COc1cc(OC)c2c(=O)cc(c3ccccc3)oc2c1
9419,9421,CCCCC(NC(=O)[O-])c1nc2ccc(C(=O)NCc3cccc(COCc4ccccc4)c3)cc2nc1CC
9420,9422,CC(C)(CNc1nc(Cl)nc2sccc12)C(=O)[O-]
9421,9423,COc1ccc(OC)c(C2[NH2+]CCc3c2[nH]c2ccc(OC)cc32)c1
9422,9424,O=Cc1cc([N+](=O)[O-])cc2cc(C(F)F)sc12
9423,9425,O=C([O-])CSc1nnc(c2c[nH]c3ccccc32)n1C1CC1
9424,9426,COC(=O)c1ccc(C[NH2+]Cc2cc([N+](=O)[O-])ccc2F)cc1
9425,9427,Cc1ccc(S(=O)(=O)N2CCN(c3ccc4nnnn4n3)CC2)cc1C
9426,9428,CCOC(=O)c1cc(Sc2cnn(C(=S)Nc3ccccc3)c2)nc(OC(C)=O)c1
9427,9429,COC(=O)c1c([O-])cnn1CCC(F)(F)F
9428,9430,CC1CCCC(C)[NH+]1CC=CC(=O)N1CC[NH+](CC=Cc2ccccc2)CC1
9429,9431,CCCCCCC(C)NC(NCC)=[NH+]Cc1ccccc1C[NH+]1CCOCC1
9430,9432,O=c1[nH]c(=O)n(C2OC(CO)C(n3cnc4c(Cl)ncnc43)C2O)c2ncsc12
9431,9433,CCn1ncc2cc(NC(=O)c3nn(C)c(C)c3Cl)ccc21
9432,9434,CCCc1cc(C#N)c2c(c1N)CCO2
9433,9435,Cc1c(Cl)cccc1S(=O)(=O)NC1CCC(CNS(=O)(=O)c2cccc(C(=O)c3ccccc3C(F)(F)F)c2)CC1
9434,9436,COc1cc(O)c(OC)c(C2(C(=O)[O-])CCCCC2)c1OC
9435,9437,CCC1CCC(C)[NH+]1C(C)C(=O)NCCCc1nc2ccccc2s1
9436,9438,CCCCCCOc1ccc(C2C3=C(CC(C)(C)CC3=O)Nc3[nH]c(=O)[nH]c(=O)c32)cc1
9437,9439,C=CCc1cc(C=Nn2c(=O)c3ccccc3nc2c2cc3cc(Br)ccc3o2)cc(OC)c1OCc1ccccc1Cl
9438,9440,Cc1cc(OCC(=O)OCC(=O)c2ccc(n3cnnn3)cc2)c(C(C)C)cc1Cl
9439,9441,CC1CC(C)CN(S(=O)(=O)Nc2ccc(O)c(Cl)c2)C1
9440,9442,N#CC1(NC(=O)COC(=O)c2ccc(S(=O)(=O)N3CCOCC3)cc2)CCCCCC1
9441,9443,Cc1ccc(NC(=O)C(C)NC(=O)C2CC[NH+](C(C)C(=O)Nc3cc(C(=O)N(C)C)ccc3Cl)CC2)cc1NC(=O)Cc1ccc(F)cc1
9442,9444,O=C(NCCCO)c1cc2c(F)cccc2s1
9443,9445,CC(C)Cn1cncc1C[NH2+]C1CCCc2sccc21
9444,9446,CCC1CCC(Nc2cnn(CC(=O)NC)c2)C1
9445,9447,CCCCC#Cc1c(O)cccc1C(=O)NC(C)=O
9446,9448,O=C([O-])CC1CN(C(=O)c2ccc(Br)cc2Br)CCO1
9447,9449,O=C(c1ccc(Cl)s1)c1c[nH]c2cc(Br)c(F)cc2c1=O
9448,9450,Cc1c(Cl)cccc1NC1=[NH+]CCS1
9449,9451,CNc1ccc(N)c(C(F)(F)F)c1
9450,9452,CSC(=Nc1cc(C)[nH]n1)[NH+]=CN(C)C
9451,9453,Cc1cc(=O)n(C2CCCCC2)c(N2CCCC2)n1
9452,9454,Cc1ccc(C(CCC(C)(C)C)NN)cc1
9453,9455,O=C(OCC(=O)N1CCN(c2ccccc2Cl)CC1)c1cn[nH]c1c1ccccc1
9454,9456,CC(C)=CCCC(C)=CCCC(C)=CCc1c([O-])cc(=O)c2c([O-])c1C(OC1OC(C)C(O)C(O)C1O)CC1C3CCC4CC(O)(C(=O)c5ccoc5)CCC4(C)C3(F)CCC12C
9455,9457,O=C(Cc1ccsc1)Cc1ccc(F)cc1Cl
9456,9458,Cc1[nH]ncc1S(=O)(=O)NCCC1CCC[NH2+]C1
9457,9459,CC(NC(=O)C(C)O)C(=O)NC(Cc1c[nH]c2ccccc12)C(=O)NC(CCC(=O)[O-])C(=O)NC(CCCC[NH3+])C(=O)[O-]
9458,9460,O=C(CCn1cccn1)N1CC[NH+](Cc2nnnn2c2ccccc2)CC1
9459,9461,O=C(Nc1ccc(I)cc1)NC1(C(=O)[O-])CCOC1
9460,9462,CCOC(=O)C(C#N)=CNc1cccc(C)c1C
9461,9463,CCOC(=O)C=CNc1nc(C)nc2cc(Cl)ccc12
9462,9464,CC(C)(CO)NC(=O)c1cncc(Br)c1
9463,9465,Cn1cc(N)cc1C(=O)N1CCC2(CCCCC2)CC1
9464,9466,O=C(Oc1ccc2ccc(=O)oc2c1)c1ccccc1I
9465,9467,O=C(NCC1CCCCC1)c1cc(Nc2ccc(F)c(F)c2F)ccn1
9466,9468,C[NH2+]C(C)c1nnc(N2CCCC(C)C2)o1
9467,9469,Cc1ccc(c2nnc(N(CC(C)C)CC(C)C)o2)cc1C
9468,9470,COCCOc1cccc(CN2CC[NH2+]CC2)c1
9469,9471,COCC[NH2+]Cc1ccc(N2CC3CCCC3C2)c(F)c1
9470,9472,CCOC(=O)C1=C(C)N=c2sc(=Cc3cc(OC)ccc3OC)c(=O)n2C1c1ccc(C(C)C)cc1
9471,9473,CCCc1cc(C(=O)NCCOC2CCCCC2)cc(NN)n1
9472,9474,CSc1ncccc1C(=O)NC1CC2CCC(C1)[NH2+]2
9473,9475,O=c1[nH]ccn1CCC1CC[NH2+]C1
9474,9476,CCOc1cc(C)nc(N2CCN(C(=O)CCc3ccccc3)CC2)n1
9475,9477,Cc1ccc(S(=O)(=O)NC2CC2)cc1C(=O)Nc1ccc(S(=O)(=O)Nc2ccccc2F)cc1
9476,9478,Cc1cc(C)cc(CC2(O)CCN(c3ccc(=O)n(C)n3)C2)c1
9477,9479,Cc1ccn(c2ccc(C=CC(=O)[O-])c(Cl)c2)n1
9478,9480,[NH3+]C(CF)CC1CCC2(CCCC2)O1
9479,9481,CC(C)OC(=O)c1ccc(CNC(=O)Nc2cc(C(C)(C)C)nn2c2ccc(F)cc2)cc1
9480,9482,O=C(CN1CCC[NH2+]CC1)c1c[nH]c2ccccc12
9481,9483,O=C(Nc1ccc(C[NH+]2CCCC2)cc1)c1ccccc1C(=O)NCc1ccccc1
9482,9484,COc1ccc(c2nc(NC(=O)C3CC3)sc2C)cc1
9483,9485,CC1CCN(C(=O)C[NH+]2CCN(S(=O)(=O)N(C)C)CC2)CC1
9484,9486,COC(=O)c1ccc2c(C3CCCCC3)c3n(c2c1)C(C(C)C)N(c1ccc(F)c(F)c1)CC3
9485,9487,CC(C)c1ccccc1NC(=O)C[NH+]1CCC(NC(=O)CCc2ccccc2)CC1
9486,9488,Cc1ccn2cc(c3cc4c(nccc4c4cccc(O)c4)[nH]3)[nH+]c2c1
9487,9489,C=CC(=O)OCCC[Si](C)(C)O[Si](C)(C)O[Si](C)(C)O[Si](C)(C)C
9488,9490,Cc1c(Cl)cccc1NC(=S)N1CCC(C(=O)c2ccccc2)CC1
9489,9491,O=C([O-])Cn1cc2c(n1)C(Cc1ccccc1)CN([O-])C2
9490,9492,COc1ccc(C([O-])=C2C(=O)C(=O)N(c3cccc(C(F)(F)F)c3)C2c2ccco2)cc1C(C)(C)C
9491,9493,O=C(NCCCc1[nH]cc[nH+]1)c1coc(C[NH+]2CCOCC2c2cccc(F)c2)n1
9492,9494,Cc1[nH]c2c(C(C)=CC[NH3+])cccc2c1C
9493,9495,COc1ccc(NC(=O)C2=C(C)NC(=O)NC2c2cccc(OC)c2)cc1
9494,9496,CCC1C[NH+](CC(C)(C)O)CCN1c1nccs1
9495,9497,Cc1ccc(C([NH2+]C(C)C)C(N)=O)cc1
9496,9498,COc1ccc(NC(=O)CSc2nc(c3ccc(F)cc3)c(c3ccccc3)[nH]2)cc1OC
9497,9499,O=C(CC1CCC[NH2+]1)NCC1CCSCC1
9498,9500,Cc1ccc(n2c(=O)c3c(n(Cc4ccccc4)c2=O)CN(S(=O)(=O)c2ccccc2)CC3)cc1
9499,9501,COc1ccc(NC2c3ccccc3CCC2O)cc1
9500,9502,Cc1cc(C)nc(CC2COCCC2[NH3+])n1
9501,9503,Cc1ccc(SCCNC(=O)N2CC[NH+](Cc3cccc(Cl)c3)CC2)cc1
9502,9504,Cc1nn(Cc2ccccc2)c(C)c1CNS(=O)(=O)c1ccc(Oc2ccccc2)cc1
9503,9505,O=C(C1CCC(=O)N1C1CCCCC1)N1CCC(c2nnc3n2CCCC3)CC1
9504,9506,CCC1(O)C(=O)OCc2c1cc1n(c2=O)Cc2c-1nc1cc(F)c(C)c3c1c2C(NC(=O)CCC(=O)OC1CCCC1)C(O)C(C3)NC(=O)C(C)NC(=O)C(C)NC(=O)C(CC(N)=O)NC(=O)COCCOCCNC(=O)CCN1C(=O)C=CC1=O
9505,9507,COc1ccc(c2cc(c3cc(F)cc(F)c3)n3ncnc3n2)cc1
9506,9508,CCOc1cc2c(cc1C(O)c1cc(Br)cc(Br)c1)OC(C)C2
9507,9509,CC(C)c1ccc(c2nnc(NC(=O)C3CCCN(S(=O)(=O)c4ccc(F)cc4)C3)s2)cc1
9508,9510,Cc1c(C(N)=O)cnn1c1ccc2[nH]nc(c3cc(Cl)cc(Cl)c3)c2c1
9509,9511,O=C(Nc1nc2c(s1)CCC2=O)c1ccc(Cl)nc1
9510,9512,COc1ccccc1OCc1ccc(C(=O)N2CCCCC2)cc1
9511,9513,Cc1cc(F)ccc1C(=O)Nc1ccc(F)cn1
9512,9514,CC(C)c1nc2ccc(C3CCC[NH2+]3)cc2s1
9513,9515,C=CCc1ccc(Oc2c(Cl)ncnc2Cl)c(OCC)c1
9514,9516,Cc1ccc(NC(=O)Nc2cccc(OCCn3cccn3)c2)cc1
9515,9517,O=C(CCNC(=O)c1ccco1)NC1CC2CCCC(C1)[NH+]2CCC1=CCCCC1
9516,9518,CCCCCCc1c(F)c(F)c(F)c(F)c1F
9517,9519,Cc1ncsc1C(=O)N1C2CCC1CC(n1c(C)nc3c1CCN(C(=O)OC(C)(C)C)C3)C2
9518,9520,CCOc1cccc(C(=O)OCC(=O)NCCc2cccc(Cl)c2)c1
9519,9521,CC(C)C(C)(C)CN1CC[NH2+]CC1C(N)=O
9520,9522,COCCN(CC(=O)N(CCc1c[nH]c2ccccc12)Cc1ccc(F)cc1)C(=O)c1ccc(C)cc1
9521,9523,CCCc1sc(N2CCN(C)C(=O)C2Cc2ccccc2)nc1c1cccs1
9522,9524,CCn1nc(C)c(N)c1N
9523,9525,CCCC[Sn](CCCC)(CCCC)C(CCC[Sn](CCCC)(CCCC)CCCC)c1c(C)cccc1C[Sn](CCCC)(CCCC)CCCC
9524,9526,CC[NH2+]C(Cc1[nH+]ccn1C)c1sccc1Cl
9525,9527,COc1ccc(C=CC(=O)NC2CCCN(C(=O)N3CCCC3)C2)cc1OC
9526,9528,CCOC(=O)c1cc(N)cnc1N1CCN(c2ncccc2C#N)CC1
9527,9529,N#CC(=C[NH+]1CCN(Cc2ccccc2)CC1)C(=O)Nc1ccc(O)c([N+](=O)[O-])c1
9528,9530,CC(C)NC(=O)c1ccccc1NS(=O)(=O)c1cnn(C)c1C
9529,9531,FC(F)(F)c1ccccc1Oc1ccccc1C[NH2+]Cc1ccc(Cl)s1
9530,9532,COc1ccc(C)cc1N1CC(C(=O)Nc2nc3c(s2)CCCC3)CC1=O
9531,9533,COc1ccc(OC)c(c2cc(C(=O)N3CC[NH+](Cc4cn(C)nc4C)CC3)n(C)n2)c1
9532,9534,Nc1c(Nc2ccccc2I)ncnc1Nc1cccc2[nH]ncc12
9533,9536,CC1C[NH+](C(C)CNC(=O)Nc2ccc3c(c2)OCO3)CC(C)O1
9534,9537,CCC(C(=O)Oc1ccc(C(C)C)cc1)c1cccc(C(=O)Oc2ccc(C=CC(=O)OC)cc2C(F)(F)F)c1
9535,9538,Cc1ccc2c(c1)nc(CCCl)n2C
9536,9539,C[NH2+]C(C)(CCCSc1n[nH]c(C)n1)C(=O)OC
9537,9540,CCCCn1nc(C(=O)OCc2cc(=O)oc3cc4c(cc23)CCCC4)c2ccccc2c1=O
9538,9541,CSCC(C)C(=O)N1CC(N2CCNC2=O)C1
9539,9542,COc1ccc(C(=O)NC(=S)Nc2sc(C)c(C)c2C(=O)N2CCCC2)cc1Cl
9540,9543,CCC(C)(C(O)Cc1cccc(C)c1)[NH+]1CCCC1
9541,9544,CCOc1cccc(OC2CCCN(C(=O)c3cn[nH]n3)C2)c1
9542,9545,CCc1ccc(NC(=O)Cn2c(=O)ccn(c3ccccc3)c2=O)cc1
9543,9546,COc1ccc(C(N)=O)cc1NC(=O)CSc1nc(Cl)cc(N2CCCCCC2)n1
9544,9547,CCOC(=O)C(=[N+]=[N-])P(=O)(Oc1cccc2ccccc12)OCC
9545,9548,CC1CN(c2ccc(Cl)c(Cl)c2)CCN1c1ccc2c(C(=O)Nc3ccnn3C3CCCC3)cncc2n1
9546,9549,N#CC1CN(C(=O)NC2CCCc3ccccc32)CCO1
9547,9550,CC(=O)c1cc(C(C)=O)cc2nnc(Cc3[nH]nc(c4ccccc4)c3CCC(=O)[O-])n12
9548,9551,CCCCN(C)c1cc(C(F)(F)F)cc(S(=O)(=O)c2cccnc2)c1
9549,9552,C=CCOc1ccccc1C=C1SC(=O)N(CC(=O)Nc2ccccc2OC)C1=O
9550,9553,C=CC(=O)NCC1OC(OC2C(O)C(O)OC(CO)C2OC2OC(CO)C(O)C(O)C2O)C(O)C(O)C1O
9551,9554,Cc1ccc(S(=O)(=O)N2CCCC2C(=O)Nc2nnc(c3cccc([N+](=O)[O-])c3)o2)cc1
9552,9555,CC(C)CC(C[NH+](C)C)NS(=O)(=O)c1cccnc1N
9553,9556,CNc1snc(C)c1C(=O)OCC(=O)Nc1ccc(N2CCCC2=O)cc1
9554,9557,CC(=O)Nc1ccc(C(O)C(C)[NH2+]CCOc2cccc(C)c2)cc1
9555,9558,Fc1ccc(COc2ccc(C=C3C(=[NH2+])N4N=C(C(F)(F)F)SC4=[NH+]C3=O)cc2)cc1
9556,9559,Cc1ccc(C[NH+]2CCC(C(=O)[O-])C2C)cc1
9557,9560,CC1CCC(CC(=O)N2CCC3OCC[NH+](C)C3C2)CC1
9558,9561,CCCCCCC1(CCCCCC)c2cc(N(c3ccc4c(c3)C(C)(C)c3ccccc3-4)c3ccc4c(c3)C(C)(C)c3ccccc3-4)ccc2-c2ccc(c3ccc4c(c3)C(C)(C)c3ccccc3-4)cc21
9559,9562,O=C1Nc2cc(C(F)(F)F)ccc2OC1Cc1ccccc1
9560,9563,C=CC(=O)OCCCCC=CCCCCCCC
9561,9564,O=C(CCc1ccccc1)Nc1ccc(C(=O)N2CCC[NH+](Cc3ccc(F)cc3)CC2)cc1
9562,9565,Cn1cc(N2CCC(C=O)C2)cn1
9563,9566,Cn1ccc2c(NC(=O)c3cnn(c4ccccn4)c3)cccc21
9564,9567,N#CCc1cc(Cl)c2occ(c3ccccc3)c2c1
9565,9568,O=C1C(=Cc2ccccc2)Cc2ccccc21
9566,9569,COc1ccc(C(=O)n2ccc3c(c4ccc(C(N)=[NH2+])cc4)ccnc32)cc1
9567,9570,C[NH2+]Cc1cc(S(=O)(=O)NCc2ncc(C)o2)cn1C
9568,9571,COc1cc(Nc2cc(=O)nc[nH]2)ccc1F
9569,9572,CCCCN1CCC2(COCc3ccccc32)C(C(=O)NC2CCCOC2C)C1
9570,9573,COCC[NH2+]Cc1c(Cl)cccc1N(CCOC)C(C)C
9571,9574,COc1ccc(CN(C)C(=O)CNC(=O)c2ccc3c(c2)OCO3)cc1
9572,9575,CCCCN(C)C(=O)N1CCCC(C)C1C(=O)[O-]
9573,9576,CC(C)c1nc(C(=O)[O-])sc1Cl
9574,9577,CC(C)CC([NH3+])C(=O)NC(C(=O)NC(CC(C)C)C(=O)NCC(=O)NC(Cc1c[nH]c2ccccc12)C(=O)[O-])C(C)O
9575,9578,COc1ccc(c2csc3ncn(Cc4cc(OC)c(OC)cc4Br)c(=O)c32)cc1OC
9576,9579,C[NH2+]C(c1ccc(Cl)cc1Cl)c1cc(Br)cc2c1OCC2
9577,9580,O=C([O-])NCC(NS(=O)(=O)c1ccccc1[N+](=O)[O-])C(=O)[O-]
9578,9581,Cc1ccc(S(=O)(=O)Nc2ccccc2C(=O)NCc2ccco2)cc1
9579,9582,O=C(NC(Cc1ccc(C(F)(F)F)cc1)C(=O)[O-])c1ccc2c(c1)C[NH2+]C2
9580,9583,CC(C)(C)N1CC=CC(=O)C1
9581,9584,FC(F)(F)c1ccc(C=CC[NH2+]CC2CCCO2)cc1
9582,9585,O=C(c1cncc(Br)c1)N1C2CCC1CC(Cl)C2
9583,9586,CCC1(CN2C(=O)NC(C)(c3ccc(Br)cc3)C2=O)CCC1
9584,9587,CC(=O)c1cccc(Nc2ccc(C(=O)Nc3cccc(Cl)c3)nc2)c1
9585,9588,CCOc1ccc(C=NN=C2c3ccccc3-c3ccccc32)cc1Br
9586,9589,CCCCCCC(C)Nc1ccc([N+](=O)[O-])c(C#N)c1
9587,9590,CC(Br)C(C)N1CCCCC1=O
9588,9591,CCc1cc(NC(=O)CNC(=O)C2CC[NH+](CC(=O)Nc3cc(C(=O)Nc4ccccc4F)ccc3C)CC2)ccc1Cl
9589,9592,Cc1cc(C2CC2)cnc1N1CCN(S(=O)(=O)c2ccc(S(=O)(=O)Nc3nccs3)cc2)CC1
9590,9593,CC(C)CC(CC(=O)[O-])NC(=O)C(C)(C)S(C)(=O)=O
9591,9594,CC1CCC(N(C)c2ccnc(NN)n2)CC1
9592,9595,Cc1cc(Br)cc(C)c1OC(=O)c1sc2ccccc2c1Cl
9593,9596,Cc1ccc(S(=O)(=O)[O-])c2c1C(C)c1c(NC(C)C)ccc(SOOOO)c1-2
9594,9597,CC(C)N(CCOCC(F)(F)F)C(C[NH3+])c1ccco1
9595,9598,O=C(Nc1ccc(Cl)c(Cl)c1)C1CC(=O)N(c2ccc3c(c2)OCO3)C1
9596,9599,COc1ccc(n2nnnc2C[NH+]2CCCC(c3nc4ccccc4[nH]3)C2)cc1
9597,9600,CC(Br)C(=O)Nc1ccc(N(Cc2ccco2)S(C)(=O)=O)cc1
9598,9601,CC(CCCO)NC(=O)N1CC(O)CC1C(=O)[O-]
9599,9602,CCCCN(CCO)S(=O)(=O)c1ccc(I)cc1
9600,9603,C=CCc1cccc(CCCCC)c1OCC(=O)[O-]
9601,9604,CC(C)C(NC(=O)c1ccco1)C(=O)N1CCN(c2cccc(Cl)c2)CC1
9602,9605,Cc1cc(NC(=O)C2CC2(C)C)c(N)c(Br)c1
9603,9606,Cc1cc(F)c([N+](=O)[O-])cc1S(=O)(=O)Cl
9604,9607,CC(C)C(NC(=O)c1nn(CCF)c2c(F)cccc12)C(=O)NC1CCCC(C(F)(F)F)C1
9605,9608,[NH3+]CCOCC(=O)NC(=O)NC1CC1
9606,9609,[NH3+]CCCCC([NH3+])C(O)(O)CCO
9607,9610,CC1CCN(C(=O)c2ccc(Cl)c(NC(=O)C(C)[NH+]3CCC(C(=O)N4CCCC4C(=O)Nc4ccc(Br)c(C(=O)NC5CCCC5)c4)CC3)c2)CC1
9608,9611,CSc1ccc(S(=O)(=O)NCCC(=O)NCCc2ccc(c3cccs3)cc2)cc1
9609,9612,Cc1nccn1c1cncc(NCc2ccc3c(c2)OCO3)n1
9610,9613,Cc1ccc(OCc2nnc(SC(C)C(=O)N(C)Cc3ccccc3)n2C)cc1C
9611,9614,N#CCc1c(O)c(O)cc(Br)c1F
9612,9615,C=CC(=O)OOOOOOOOOOOOOOOOOOOOOOOOOOOOOOOOOOO
9613,9616,CCCc1ccc(C(=O)C[NH+]2CCCC2C(C)C)cc1
9614,9617,COc1ccc(CCC(=O)N2CC(F)CC2C(=O)N2CCC3(C=Cc4ccccc43)C2)cc1
9615,9618,O=C(CCn1c(=O)oc2ccccc21)N(Cc1cccnc1)c1nc2c(F)cccc2s1
9616,9619,Cc1nc2ccc(c3ccc(C4=[NH+]CCN4Cc4ccccc4)cc3)cc2c(=O)n1c1ccccc1
9617,9620,Cc1nc(CSc2ccnc3cc(F)ccc23)no1
9618,9621,COCC1(C(=O)[O-])CCCN(C(=O)c2cnn3cccnc23)C1
9619,9622,O=C([O-])c1cccc(CSc2nccc(=O)[nH]2)c1
9620,9623,C=C(C)C(=O)NCCCCNc1c(c2cccs2)cc(C=C)cc1c1ccc(c2nn[n-]n2)nn1
9621,9624,N#Cc1ccc(S(=O)(=O)N2CCCC(NS(=O)(=O)c3ccc4ncccc4c3)C2)cc1
9622,9625,CC(=O)Nc1nc(=O)n(C2OC(CO)C(O)C2O)c(=S)[nH]1
9623,9626,O=C([O-])C1=NN(C2CCS(=O)(=O)C2)C(=O)C1
9624,9627,CC(Cl)C1CCN(C(=O)c2ccc(c3ccccc3)cc2)CC1
9625,9628,CC(C)CC(NC(=O)C(NC(=O)C(Cc1ccccc1)NC(=O)C(CCC[NH+]=C(N)N)NC(=O)C(CO)NC(=O)CNC(=O)C(C)NC(=O)CNC(=O)C(NC(=O)C(CO)NC(=O)C([NH3+])C(C)C)C(C)C)C(C)C)C(=O)[O-]
9626,9629,CC(C)(CNC(=O)N1CCCC2(CCC2)C1)[NH+]1CCOCC1
9627,9630,CCOc1cc(C)nc(Oc2cccc(NN)n2)n1
9628,9631,CCOc1cc(NC(=O)CC(C)C)ccc1NC(=O)C(C)C
9629,9632,CC(C)(C)c1ccc(C(=O)Nc2ccc(NC(=O)c3ccc[nH]c3=O)c(Cl)c2)cc1
9630,9633,Cc1ccnc(c2cccc(c3ccnc(c4ccc(C(=O)[O-])cc4)c3)n2)c1
9631,9634,CNc1ccccc1C(=O)NCCc1cccc(C)c1
9632,9635,O=C([O-])c1cc2cc(Cl)c(c3ccc(Cl)cc3)cc2o1
9633,9636,CC(C)Cc1ccc(C(=CI)C(C)(C)C)cc1
9634,9637,CCCC(CC)NC(=O)Nc1cnn(C2CCOCC2)c1
9635,9638,O=C(NCc1ccc(c2ccc(Cl)cc2)o1)NC1CC2CCC1C2
9636,9639,COCCCn1c(SCc2ccc(Cl)cc2Cl)nc2scc(c3cccs3)c2c1=O
9637,9640,CCOC(=O)N1CCN(C(=O)N2CCC(NC(=O)c3n[nH]c4ccc(C)cc34)CC2)CC1
9638,9641,[NH3+]CCn1nnnc1SCc1c[nH]c2ccccc12
9639,9642,COc1ccc(CCNC(=O)c2ccc(NC3=C(Cl)C(=O)N(c4cc(C)ccc4OC)C3=O)cc2)cc1OC
9640,9643,CC(C)CC(C[NH+](C)C)NC(=O)C(C(N)=S)C(C)C
9641,9644,O=C(C[NH+]1CCN(S(=O)(=O)c2ccccc2)CC1)Nc1cccc(S(=O)(=O)C2CCCC2)c1
9642,9645,COc1ccc(Nc2cc(Nc3ccc(C)c(C)c3)ncn2)cc1OC
9643,9646,CC(=O)c1nn(CC(=O)N2CCC(C)CC2)c2ncccc12
9644,9647,Cc1cc(C)c(S(=O)(=O)N(C)C)cc1C(=O)N1CCCC(C(=O)OCc2nc3ccccc3n2C)C1
9645,9648,C=C(N=C(Oc1ccc(C(C)(C)C(=O)[O-])cc1)c1ccccc1F)c1ccc(C(F)(F)F)nc1
9646,9649,CC(C)C(CO)C[NH2+]C1CCCc2[nH]c(=O)ccc21
9647,9650,O=C(NC1CCOC2(CCC2)C1)NC1CCOC2(CCCCC2)C1
9648,9651,COc1ccc(COC2C(C)OC(OC3COC3C3OC(C)(C)O3)C2O)cc1
9649,9652,COC(=O)C([NH3+])CCSCc1cccc([N+](=O)[O-])c1
9650,9653,Nc1ccc(C(=O)NCCC[NH+]2CCOCC2)nc1
9651,9654,CCOc1ccc(Cc2nnc(C3CC3)o2)cc1
9652,9655,Cc1occc1CN(C)C1(C[NH3+])CC(C)(C)C1
9653,9656,COC(=O)c1ccc(N2C(=O)C(Cl)=C(Nc3ccc(C(=O)Nc4ccccc4)cc3)C2=O)cc1
9654,9657,COc1ccc(S(=O)(=O)N(Cc2cccc(Br)c2)Cc2ccco2)cc1
9655,9658,COc1c(C)cc(F)c(N)c1O
9656,9659,CC(C)C(Br)C(=O)NC(C)C(C)C
9657,9660,CCc1onc(C)c1NC(=O)c1ccccc1
9658,9661,C=C(NNC(=O)CNc1ccc(I)cc1)c1ccc(F)cc1
9659,9662,CCOc1ccc2nc(Sc3nc(C)c4c(C)nc(C)n4n3)sc2c1
9660,9663,Cc1coc(Nc2ccc(C#N)cc2Cl)n1
9661,9664,O=C(NNC(=O)c1cnccn1)c1ccccc1F
9662,9665,O=C(CCc1ncc(c2ccc(F)cc2)o1)NN=Cc1cc(Cl)ccc1OCc1ccccc1
9663,9666,Cn1cnnc1SC1CCN(C(=O)c2ccc(Br)o2)CC1
9664,9667,CCc1csc(CNC(=O)N2CCCC(c3ccn[nH]3)C2)n1
9665,9668,Nc1ccc(CC(=O)NCc2cnc[nH]2)cc1
9666,9669,CCOC(=O)c1[nH]c(C)c(C(Nc2ccc(OC)c(Cl)c2)c2ccccc2)c1C
9667,9670,Cc1c(C(O)CCc2ccccc2)c2ccccc2n1Cc1ccccc1
9668,9671,COc1ccc(N2CCN(c3nc(c4ccc(C(C)(C)C)cc4)nc4ccccc34)CC2)cc1
9669,9672,Cc1ccc(N2C(=O)C(Nc3ccc(C(C)(C)C)cc3)=C(SCc3ccco3)C2=O)cc1C
9670,9673,CCCC[NH2+]CC1CCC[NH+](C(C)Cc2ccc(Cl)cc2)C1
9671,9674,FC1(F)c2ccccc2C2=[NH+]C=C(COc3cc4ncnc(Nc5ccc(OC6CC[NH2+]CC6)c(Br)c5)c4cc3Oc3ncccc3Cl)C21
9672,9675,COC(=O)c1cc2cc(Br)ccc2nc1Cl
9673,9676,COc1ccc(NC(=O)COC(=O)c2ccc([N+](=O)[O-])c([O-])c2)cc1
9674,9677,COc1ccc(CSc2nc(C(F)(F)F)cc(c3cccnc3)n2)cc1
9675,9678,N#Cc1ccc(c2ccc3c(c2)c2ccccc2n3c2ccc3c(c2)c2ccccc2n3c2cccc(c3ccc4ccccc4n3)c2)cc1
9676,9679,CSc1ccc(C(=O)N(C)c2ccc(N3CCCCC3)cc2)cc1
9677,9680,CNS(=O)(=O)c1ccc(C)c(I)c1
9678,9681,[NH3+]CC1(CNC(=O)c2cccc3cc[nH]c23)CCCCC1
9679,9682,COC(=O)c1c(C[NH+]2CC(O)C(O)C2)[nH]c(C=C2[NH2+]CN=C2C2CC2c2ccccc2)c1C(=O)OC
9680,9683,O=C(CC1CCC[NH2+]1)NCC1CCN(c2ccc(F)cc2)C1
9681,9684,CCOc1ccc(C(=O)COC(=O)c2ccccc2O)cc1
9682,9685,CC(C)NC(=O)c1cc(N2CC[NH+](Cc3ccccc3)CC2)cc[nH+]1
9683,9686,CCCCNC(NCCc1c[nH]c2cccc(C)c12)=[NH+]Cc1nnc(C)n1C
9684,9687,O=C(Nc1cccc(Br)n1)c1cncc(Br)c1
9685,9688,[NH3+]CC1CCCCC12CCCC2
9686,9689,COCCN(CC(C)C)C(=O)C1CCCN(S(=O)(=O)c2ccc(SC)cc2)C1
9687,9690,O=C(c1cccc(n2cnnn2)c1)N1CCN(c2nc3cccnc3s2)CC1
9688,9691,COCCN(CC(=O)N(Cc1ccc(F)cc1)Cc1ccc(C)o1)C(=O)C(C)(C)C
9689,9692,O=C([O-])CCC1CCCCN1C(=O)c1ccc(Cl)c(Br)c1
9690,9693,N#Cc1c(C(=O)C2CCCCC2)ccc(c2ccncc2)c1c1ccsc1
9691,9694,O=C1NC(=O)N(c2cccnc2)C(=O)C1=Cc1ccc(CN(Cc2ccc(C(=O)[O-])cc2)S(=O)(=O)c2ccccc2)o1
9692,9695,CN(CCC[NH3+])C(=O)c1cnccn1
9693,9696,CCc1onc(C)c1C(=O)N1CCC(F)C1
9694,9697,CCOc1ncccc1CNC(=O)C1CCC(n2cnnn2)CC1
9695,9698,Cc1ccc(C=CC(=O)Nc2ccc(C(=O)[O-])cn2)cc1
9696,9699,COc1ccc(S(=O)(=O)N2CCCC2C(=O)N(C)CCc2ccc(OC)c(OC)c2)cc1
9697,9700,CC(C)C(NC(=O)CSc1nncn1C)c1ccc2c(c1)OCCO2
9698,9701,O=C(COC(=O)CNC(=O)c1ccc(Cl)cc1)Nc1ccc(I)cc1
9699,9702,O=C(COC(=O)C1Cc2ccccc2O1)Nc1ccc(N2CCCCC2)cc1
9700,9703,CCCCCCC(CCC)CCOc1nonc1OC
9701,9704,CCOC(=O)C1=C(C)NC(=S)NC1c1ccc(NC(=O)c2ccc(C)cc2)cc1
9702,9705,O=C(Cc1c[nH]c2ccccc12)N1CCN(C(=O)Cc2ccccc2)CC1
9703,9706,CC1C(=O)NCCN1c1ccc(C(N)=S)cc1
9704,9707,CC1(C(=O)[O-])CCC[NH+](C2CC=CC2)C1
9705,9708,CCOC(=O)c1c2[nH]c(c(CCC(=O)OC(C)(C)C)c3nc(c(COCc4ccccc4)c4ccc([nH]4)c4ccc1[nH]4)C=C3)C=C2
9706,9709,[NH3+]CC1CCC(C(=O)NCC2CCS(=O)(=O)C2)C1
9707,9710,O=C(OCc1nc(c2ccc([N+](=O)[O-])cc2)no1)c1cnn(c2cccc(Cl)c2)c1
9708,9711,COC(=O)C(COC1CCC(C)C(C)C1)[NH2+]C1CC1
9709,9712,CN(CCCNC(=O)c1ccnc(F)c1)c1ccccc1
9710,9713,CC1Oc2ccc(c3csc(N)n3)cc2N(Cc2cncs2)C1=O
9711,9714,N#CCC1(C(O)c2ccc3c(c2)COC3)CC1
9712,9715,CCCCCCOc1ccc(C(=O)Oc2ccc(CC(NC(=O)c3ccc(CC(NC(=O)c4ccc(O)c(OCC)c4)C(=O)NC)cc3)C(=O)[O-])cc2)cc1
9713,9716,O=C(NCC(O)c1ccc(F)cc1)c1cncn1c1ccc(Cl)cc1
9714,9717,O=C([O-])C(Cc1ccc(O)cc1)N1C(=O)NC2(CC[NH+](Cc3cccc4c3C(=O)N(C3CC3)CC4)CC2)C1=O
9715,9718,CC(=O)c1ccc(NC(=O)C(Sc2cccc(NC(=O)C(=Cc3cccc(Cl)c3Cl)NC(=O)c3ccccc3)c2)c2ccccc2)c(C)c1
9716,9719,CC(NC(=O)N(Cc1ccc(c2ccccn2)cc1)Cc1ccco1)c1ccc(F)cc1
9717,9720,COCC[NH2+]Cc1ccc(OCC2CC2)c(Cl)c1
9718,9721,Cc1nnc([NH+]=CN(C)C)n1c1cncc(c2cc(F)c(F)cc2OCC2CC2)c1
9719,9722,Cc1nc2c([nH]1)CC[NH+](Cc1cn(C)c3c1COCC3)C2
9720,9723,Cn1c(=S)[nH]c2cc(C(=O)NCc3cc(O)ccc3O)ccc2c1=O
9721,9724,Nc1cc(Cl)c(F)cc1Nc1cc(Cl)ccc1Br
9722,9725,CC[NH2+]Cc1sc(N2CC[NH+](C)C(C)C2)nc1C
9723,9726,CCCCCCOc1ccc(C=C(C#N)C(=O)Nc2cccc(OC)c2)cc1
9724,9727,Nc1ccccc1OCCCCc1ccccc1
9725,9728,CC(C)C(NC(=O)c1ccc(F)cc1)C(=O)N1CC[NH+](Cc2ccc(F)cc2)CC1
9726,9729,CC1=C(C(=O)[O-])C(c2ccc(OCCC(C)C)cc2)C(C(=O)c2ccc(Cl)cc2)=C(C)N1
9727,9730,Cc1[nH]c2c(NC3CC[NH+](C)CC3)c(c3nc(C(C)(C)C)no3)ccc2c1C
9728,9731,O=C(NCCc1ccc2c(c1)OCCO2)c1ccccc1OCCOc1ccccc1
9729,9732,Cc1nnc(COc2ccc(Cl)c(C[NH2+]C(C)C)c2)o1
9730,9733,CNc1[nH+]c(C)cn1c1cncc(C)c1
9731,9734,[NH3+]CCc1cccc(S(=O)(=O)NCc2cnns2)c1
9732,9735,O=C(Cc1coc(c2ccccc2)n1)N1CCC(c2nc3ccccc3[nH]2)CC1
9733,9736,N#CC(C#N)(c1cc(Br)ccc1Cl)C1CNC2CCCC2[NH2+]1
9734,9737,CC[NH2+]C(C)c1ccc(Sc2ncn[nH]2)c(F)c1
9735,9738,CCc1ccc(C(=O)NCc2ccc(N3CCOCC3)cc2)o1
9736,9739,COC(=O)c1cccc(CSc2nnc(COc3ccc(C(C)C)cc3)o2)c1
9737,9740,CCCCNc1ncc(C(=O)Nc2ccc(C(C)C)cc2)cn1
9738,9741,CC(Cl)([Si]O)OCC[NH3+]
9739,9742,CCOCCCNc1nnc(SCC(=O)Nc2ccccc2C(F)(F)F)s1
9740,9743,CCOC(=O)C(=O)CC(C(=O)OC)=C([NH3+])c1ccccc1
9741,9744,CC(C(=O)c1ccc(F)cc1)C(C)[NH+]1CCCC1
9742,9745,CCOC(=O)c1nnc(N(CC)CC)nc1N
9743,9746,CC[NH2+]C(Cc1ccccc1F)C(C)(CC)N(C)C
9744,9747,O=C(C[NH2+]CC1CC1)Nc1ncc[nH]1
9745,9748,O=C(CCc1ncc(c2ccccc2)o1)N1CCC(Oc2ccncn2)CC1
9746,9749,CCOCCn1c(=NC(=O)c2ccc(S(=O)(=O)N(CC)c3ccccc3)cc2)sc2cc(C(=O)OC)ccc21
9747,9750,COC(=O)C1=C(C)NC(C)=C(C2=CCCCC2)C(C#N)C1c1cccc2cccnc12
9748,9751,COc1cc(O)c2c(c1C(O)C(=O)[O-])CC1CC3C([NH+](C)C)C(=O)C(C(N)=O)=C([O-])C3(O)C(=O)C1=C2[O-]
9749,9752,Cc1ccc(F)c(NC(=O)C2CCC[NH+](Cc3nc(c4ccco4)no3)C2)c1
9750,9753,O=c1[nH]c2ccc(C(O)C(CF)[NH2+]CCc3cccc4cc[nH]c34)cc2[nH]1
9751,9754,CCCCCCCc1ccc(C2CC(CCCC)=NN2)cc1
9752,9755,Cc1oc(C)c(C(=O)Nc2nnc(C(C)C)s2)c1C
9753,9756,CC(C)c1cccc(C(C)C)c1NC(=O)N(CC[NH3+])Cc1ccccc1
9754,9757,C=CC(=O)OCCOC(=O)Oc1ccc(c2ccc(CCCCCOC(=O)C=C)cc2)cc1
9755,9758,O=c1cc(C=Cc2ccc(Cl)c([N+](=O)[O-])c2)c2oc(c3ccccc3)c(c3ccccc3)c2o1
9756,9759,CC(C)CSCc1nc(N)nc(N(C)C)n1
9757,9760,Cc1c(C(=O)N2CCC(NC(=O)Nc3ccc(OC(F)F)cc3)CC2)cnn1C
9758,9761,Cc1cc(N2CCOCC2)ccc1CNC(=O)N1CCC2(CC[NH2+]C2)C1
9759,9762,Cc1c(F)cc(C2CC2C)cc1Cl
9760,9763,CC(C)NC(=O)c1ccc(Cl)c(NC(=O)C[NH+]2CCC(C(=O)Nc3ccccc3C(=O)N3CCCC3)CC2)c1
9761,9764,N#Cc1ccc(C(=O)NC23CCCCC2C[NH2+]C3)nc1
9762,9765,COC(=O)c1cccc(c2[nH]c(=O)nc3c2CCCC3)c1
9763,9766,Nc1ccc2[nH]nc(C(=O)NCCC3CCC3)c2c1
9764,9767,CCOc1c(C(C)=CC(=O)Nc2ccccc2SC)cc2c(occ2c2ccccc2)c1C
9765,9768,CSc1ccc(NC(=O)C2CCCN(C(=O)c3c(C)c(C)nn(C)c3=O)C2)cc1
9766,9769,COc1ccc(c2cc(=O)oc3cc(OCC(=O)OCC(=O)Nc4c(C)n(C)n(c5ccccc5)c4=O)ccc32)cc1
9767,9770,CCCCCC=CCC=CCCCCCCCC(=O)OC(COC(=O)CCCCCCCCCC)COP(=O)([O-])OCC[NH3+]
9768,9771,COc1ccc(C(C)N2Cc3cc(Oc4ncccn4)cc(C)c3C2=O)cc1
9769,9772,O=C(COc1ccc(Cl)cc1Br)OCCc1cccc(Cl)c1
9770,9773,CCOc1ccc(NS(=O)(=O)c2cc(c3onc(C)c3C)ccc2OC)cc1
9771,9774,COc1ccc(OCC(=O)Nc2ccc3scnc3c2[N+](=O)[O-])cc1
9772,9775,CCCCCn1cc2c(n1)C([NH2+]CCCC)CCC2
9773,9776,CCOc1nc(Cl)nc(NCC(C)(C)CCO)n1
9774,9777,Cc1nc2c(cnn2C(C)C)cc1C(=O)NC1CCCCC1C
9775,9778,O=C(C[NH+]1CCCC(n2c(=O)[nH]c3ccccc32)C1)NCc1cccnc1
9776,9779,CC(=O)NC(CC(=O)N1CCc2[nH]c3c(Br)cccc3c2C1)c1ccccc1
9777,9780,O=C(CCC1CCCC1)NC1CCN(C(=O)NC2CCOCC2)CC1
9778,9781,COC(=O)c1ccccc1NC(=O)c1cc(c2cccs2)on1
9779,9782,O=C(COC(=O)CNC(=O)c1ccc(Cl)cc1)NC1CC1
9780,9783,Cc1nc(C(=O)N(Cc2ccc(F)cc2)Cc2ccccn2)nn1c1ccc(Cl)cc1
9781,9784,CNc1c(N)cc(C)cc1N(C)C
9782,9785,Cc1ccc(NS(=O)(=O)c2cccc(C(=O)N(C)Cc3ccc(C)cc3)c2)cc1C
9783,9786,COc1ccc2c(c1)CC(C(=O)N1CCCC(O)C1)CO2
9784,9787,COC(=O)C(O)c1cc(F)c(F)c(F)c1F
9785,9788,CCOC(=O)N(C(=O)C(O[Si](C)C)C(C1CC1)S(C)(=O)=O)c1ccccc1
9786,9789,COCCn1c(C)c(C=C2C(=O)OC3(C)CCCC4(C)OC23OC(=O)c2cc(OC)c(OC)cc21)OCCO4
9787,9790,CCC1OCCC1C(=O)Nc1nnc(C)s1
9788,9791,CCCc1cccc(C(CC2CCCCC2)NN)c1
9789,9792,Cc1nc(NC2CCCC2C)c2[nH]cnc2n1
9790,9793,Cn1cnc(S(=O)(=O)N2CCOC(Cn3ccnn3)C2)c1
9791,9794,CCOc1cc(C)c(C(C)Nc2ccc(Br)cc2)cc1Cl
9792,9795,O=C(Nc1ccc2c(c1)S(=O)(=O)CC2)N1CCCC1c1ccncc1
9793,9796,CCc1cc(c2cncc(C#N)c2)ccc1NCC1CN(C(=O)[O-])CC(C)N1c1nccc(N(C)c2ccccc2)n1
9794,9797,Cc1cc(C(=O)N2CCCCC2CCn2cc(C(=O)NC3CC3)nn2)no1
9795,9798,COc1ccc(Cl)cc1C(=O)Nc1c(Cl)ncnc1Cl
9796,9799,COc1ccc(C)cc1NC(=O)c1cccc(S(=O)(=O)N(C)c2ccccc2)c1
9797,9800,CC(F)(C1CCCOC1C)C1(C[NH3+])CCC(C(C)(C)C)CC1
9798,9801,CSc1ccc(C(F)(F)F)cc1NC(=O)CSc1nc2cc([N+](=O)[O-])ccc2o1
9799,9802,Cc1ccc(SCC(=O)NN=Cc2ccc3c(c2)CCO3)cc1
9800,9803,CC(C)(C)OC(=O)C[NH+](CC(=O)OC(C)(C)C)CC(=O)OC(C)(C)C
9801,9804,CC(C)(CNC(=O)CCc1ccc(F)cc1F)c1ccc(F)cc1
9802,9805,O=c1c2c(=O)n3ccccc3nc2ncn1Cc1c(F)cccc1Cl
9803,9806,O=C(CCCl)N1CCCCCC1c1ccccc1
9804,9807,NC(=S)c1ccccc1n1cc(Br)cn1
9805,9808,Cn1cc[nH+]c1C1CCC[NH+](C2CCN(C(=O)[O-])CC2)C1
9806,9809,COCCN(C1CCOCC1)S(=O)(=O)c1ccc(C)c(C(=O)NCC2CCCO2)c1
9807,9810,COC(=O)CCCCCCNC(=O)c1cc(N)c(F)cc1Cl
9808,9811,CC(C)=CCCC(C)=CC(=O)OC1OC(C(C)C)C(O)C(O)C1O
9809,9812,CCOC(=O)C(Cc1ccc(NC(=O)c2cccc(OCC(C)C)c2)cc1)C(=O)OCC
9810,9813,O=C(Cl)c1c(Cl)c(Cl)c(Cl)c(Cl)c1Cl
9811,9814,Cc1nc(OC(F)(F)F)cc(C)c1S(=O)(=O)Cl
9812,9815,C[N+](C)(C)CCCCC(=O)OC1CCC2(C)C(CCC3(C)C2CCC2C4C(O)=C(c5ccc(=O)[nH]c5)C(=O)C4(C)CCC23)C1
9813,9816,O=C(CCNC(=O)c1ccc(Cl)cc1Cl)NCc1ccccc1CN1CCCC1=O
9814,9817,C[NH2+]C(c1ccc(Br)cc1Br)c1ccccc1C
9815,9818,CC(NC(=O)C(NC(=O)C(NC(=O)C([NH3+])CCC(=O)[O-])C(C)C)C(C)C)C(=O)[O-]
9816,9819,Cc1ccc(c2noc(CCC(=O)Nc3nc(c4ccc(Br)cc4)cs3)n2)cc1
9817,9820,O=C(NCc1ccc(OCc2cccs2)cc1)C1CCCCC1
9818,9821,COc1ncccc1CNC(=O)C1(C)CCC[NH2+]C1
9819,9822,CC1CCC(NC(=O)C2CCC2)CC1
9820,9823,CC[NH2+]Cc1cnc(N(C)c2ccccc2)nc1
9821,9824,O=C1CC2(CCN(C(=O)c3cc4c(s3)CCOC4)CC2)CN1CCc1ccccc1
9822,9825,O=C(COC(=O)c1ccccc1NC(=O)c1ccco1)Nc1ccc(OCCc2ccccc2)cc1
9823,9826,Cc1ccc(C2=CC3[NH2+]CCCC3NS2(=O)=O)c(C)c1
9824,9827,CCc1ccc(C(CC)Nc2cncc(OC)c2)s1
9825,9828,Cc1cc(C)c(NC(=O)c2ccc(NCCc3ccccc3F)cn2)c(C)c1
9826,9829,CCCS(=O)(=O)c1cc(c2ccc(S(=O)(=O)N3CCOCC3)cc2)c(C)cc1C(F)(F)F
9827,9830,Cc1ccnc(NC(C)Cc2ccccc2Br)c1Br
9828,9831,CC(C)(NC(=O)C1CCN(C(=O)c2cccnc2)CC1)c1cccs1
9829,9832,CCC1CN(c2nc(N)cn3ccnc23)CCO1
9830,9833,CC(SCC(=O)Nc1ccc(Cl)cn1)C(=O)Nc1cccnc1Cl
9831,9834,CCC1CCC(C([NH3+])c2ccc(C)cc2F)CC1
9832,9835,Cc1ccc(C=NC2CCC(O)CC2)c(OCCO)c1
9833,9836,O=C(CC1CSCC[NH2+]1)Nc1c(F)cccc1Cl
9834,9837,O=C(Nc1ccc(OC2CCCC2)cc1)c1ccc(OC(F)F)nc1
9835,9838,COC(=O)c1ccccc1NC(=O)CSC1=NCCS1
9836,9839,COc1ccccc1OCC(=O)Nc1ccc(C(N)=O)c(Cl)c1
9837,9840,Cc1c(NC(=O)C[NH+]2CCC(C(=O)NC(C)C(=O)Nc3ccc(C(=O)Nc4ccc(F)cc4)cc3C)CC2)cccc1C(=O)Nc1cccc(F)c1
9838,9841,O=C(C[NH+]1CCN(C(=O)c2cc3ccccc3s2)CC1)Nc1ccc(F)cc1
9839,9842,COC(=O)c1c(C)[nH]c(c2ccc(OC)cc2)c1c1ccc(SC)cc1
9840,9843,C[NH2+]C(C)CC(C)c1cncc(F)c1
9841,9844,CS(=O)CCNC(=O)c1ccc(C#CC[NH3+])c(F)c1
9842,9845,Cn1cc(Br)cc1C(=O)NCC1CC[NH2+]CC1
9843,9846,COC(=O)C(CC(C)C)NC(=O)CC1(C(=O)[O-])CCCCC1
9844,9847,CC(C)(Sc1ccc(F)cc1N)C(N)=O
9845,9848,N#CC(=Cc1ccc(c2ccccc2Cl)o1)C(=O)Nc1ccc2c(c1)OCCO2
9846,9849,CCn1c(Nc2nn(C(C)C)cc2Cl)nc2ccccc2c1=O
9847,9850,COC(=O)C1=C(C)[NH+]=C2SC=C(CC(=O)NCCc3ccccc3)N2C1c1cccc(OC)c1
9848,9851,CC(=O)c1ccc(N(CC(=O)NC2CC2)C(C)=O)cc1
9849,9852,CCCCCCC1(CCCCC)CCc2c(cc(OCC)c(F)c2Cl)N1S(=O)(=O)CCCC
9850,9853,CCn1c(CSc2ncnc3c2nnn3C)nnc1SCC(=O)Nc1cc(C)on1
9851,9854,CC(=O)Nc1cccc(n2c(SCC(=O)Nc3ccc(Cl)c(Cl)c3)nc3cccnc3c2=O)c1
9852,9855,CC1OCCC1Sc1nnc(N)n1C
9853,9856,CCOC(=O)CC1CCC(c2ccc(Cc3ccc(c4ncn[nH]4)cc3)cc2)CC1
9854,9857,COC(=O)C(CCSC(=O)CC(=O)Cc1ccccc1)NC(=O)c1ccc(Cl)cc1
9855,9858,Cc1ccc(N(c2ccc(C)c(C)c2)c2ccc(c3ccc(N(c4ccc(C)cc4)c4ccc(C)cc4)cc3)cc2)cc1
9856,9859,O=C([O-])c1c(S(=O)(=O)NCCOCCO)csc1c1ccccc1
9857,9860,CC(OC(=O)Cn1c2ccccc2c(=O)c2ccccc21)C(=O)Nc1cc(C(F)(F)F)ccc1Cl
9858,9861,N#Cc1ccc2ncn(c3ccc(C#N)cc3)c2c1
9859,9862,Nc1ccc(N2CCOCC2)cc1
9860,9863,O=C(Nc1ccc(Cl)cc1Cl)Oc1cccnc1
9861,9864,CC1CC(C)CN(C(=O)CSc2nnc(c3ccco3)n2C2CCCCC2)C1
9862,9865,CCC1(CC)CC(C[NH+](CC(C)C)CC(C)C)CC[NH2+]1
9863,9866,CN(C(=O)Nc1cnc(C2CCCC2)nc1)C1CCN(c2cnccn2)CC1
9864,9867,NC(CCC[NH3+])C[NH2+]C1CCCNC1
9865,9868,CC(C)C(S)C(=O)N1CCCCCC1
9866,9869,CC(=O)NC(CCC[NH+]=C(N)N)C(=O)N1CCN(C(=O)C2CCCCC2)CC1
9867,9870,CC(C)(C)OC(=O)C(CCO)(CCC(=O)[O-])C(=O)OCc1ccccc1
9868,9871,O=C(CC1CNc2ccccc2O1)N1CCN(C(=O)c2cccnc2)CC1
9869,9872,CCC(C)C(=O)Nc1ccc(NC(=O)C(NC(=O)C2CC[NH+](CC(=O)Nc3cccc(C(=O)NCc4ccc(F)cc4)c3C)CC2)C(C)C)cc1
9870,9873,O=C(c1ccoc1)N1CCC(CN2C(=O)Cc3ccccc32)CC1
9871,9874,CCC(C)N(CC(=O)[O-])C(=O)Nc1nc2ccc(C)cc2s1
9872,9875,C[NH2+]C(CSC(C)(C)C)Cc1cc(C)nn1C
9873,9876,COc1ccc(NC(=O)CSc2nnc(COc3cccc(Br)c3)n2C)cc1OC
9874,9877,CC1(O)CCc2cc(OCCC3CCC[NH+]3C)ccc2C1
9875,9878,CC(C)([NH3+])C(=O)NC(CO)C(=O)NC(CO)C(=O)NC(Cc1c[nH]c2ccccc12)C(=O)[O-]
9876,9879,CCC1CC(C(=O)N2CCN(C(=O)Cn3ccc4ccccc43)CC2)CC(=O)N1
9877,9880,CC(=O)OC(C=O)C(O)(C=N)OC(C)=O
9878,9881,Cc1nn(CCOc2ccc(C(F)(F)F)cc2)c(C)c1NC(=O)c1ccccc1
9879,9882,CC(NC(=O)C1CCN(S(=O)(=O)c2cccs2)CC1)c1ccc(Cl)c(Cl)c1
9880,9883,CC1OCCC1[NH2+]C1CC(c2cccc(Br)c2)NC1
9881,9884,COCCCNc1ncnc2c1nnn2c1ccc(Cl)cc1
9882,9885,O=C([O-])c1ccc2c(c1)C(=O)C(=O)c1ccccc1-2
9883,9886,O=c1c(Cl)c(N2CCSCC2)cnn1CC1CCOC1
9884,9887,COc1ccc(CCNC(=O)CC2C(=O)N(c3cccc(F)c3)C(=S)N2CCC[NH+]2CCOCC2)cc1OC
9885,9888,COCCN(CCO)c1cc(NN)nc(COC)n1
9886,9889,CCc1cccc(N(CC(OCC)OCC)C(=O)c2ccc(c3ccccc3)cc2)c1
9887,9890,COC(=O)c1ccc(CSc2nnc(c3ccco3)n2CCc2ccccc2)cc1
9888,9891,CCC(C)C(NC(=O)C(CC(C)C)NC(=O)C(CC(=O)[O-])NC(=O)C(Cc1ccc(O)cc1)NC(=O)C(CCC(=O)[O-])NC(=O)C(Cc1ccccc1)NC(=O)C(CC(=O)[O-])NC(=O)C(CO)NC(=O)C([NH3+])CC(N)=O)C(=O)NC(CCCC[NH3+])C(=O)NC(CC(C)C)C(=O)NC(CCC(=O)[O-])C(=O)NC(CO)C(=O)NC(C(=O)NC(CC(=O)[O-])C(=O)NC(CS)C(=O)NC(CCC(N)=O)C(=O)[O-])C(C)O
9889,9892,CCC1C2C[NH2+]CC2CN1c1c(F)cccc1Br
9890,9893,CC[NH2+]Cc1cccc(Cl)c1N1CCc2ccccc21
9891,9894,COc1ccc(CN(C)c2nc(N)cc(C3CC3c3ccccc3)n2)cc1
9892,9895,O=C(NCCc1cc2ccccc2[nH]1)NC1CCCCCC1
9893,9896,C=CCOc1cc(F)c(OCCOCCOC)c(F)c1
9894,9897,CCC(C)(O)CNc1cccc(SC)c1C(N)=S
9895,9898,COc1cc2c(cc1O)C(c1ccc(Cl)cc1)[NH2+]CC2
9896,9899,CC(C)CNC(=O)c1ccc(Cl)c(NC(=O)C2CCCN2C(=O)C2CC[NH+](CC(=O)Nc3cc(C(=O)NC4CCCC4)ccc3Cl)CC2)c1
9897,9900,O=C1Nc2ccccc2C1=NNc1ccn2ncc(c3ccc(OCc4ccccc4)cc3)c2n1
9898,9901,Cc1cc(Br)c(NS(=O)(=O)c2c(N)nc3sccn23)cc1Cl
9899,9902,CCn1nc(C)cc1C(=O)N1CCOC2(CCOC2C)C1
9900,9903,Cc1cccc2c(=O)nc(CSc3nnc(C4CC4)n3C(C)C)[nH]c12
9901,9904,CC(OCc1ccco1)C(=O)[O-]
9902,9905,C=C(C[NH2+]C(C)(C)C)Cn1cccn1
9903,9906,O=C(C=Cc1ccn(C2CCCC2)n1)N1CCN(c2cccc(C(F)(F)F)c2)CC1
9904,9907,COc1ccc(CCNC(=O)C(=O)NN=Cc2ccc(C)o2)c(OC)c1
9905,9908,Cc1cc(C)n(CCCC(=O)Nc2cnc3c(ccn3C)c2)n1
9906,9909,CC(C)C[NH+]1CCN(c2ccc([N+](=O)[O-])cc2C=O)CC1
9907,9910,O=C(NCc1ccc(OCc2ccc(F)cc2)cc1)c1ccc(N2CCOC2=O)cc1
9908,9911,Cn1cccc1C=C1SC(=O)[N-]C1=O
9909,9912,CC(=O)NC1C(O)CC(OP(O)(=S)OP(=O)([O-])OP(=O)([O-])OCC2OC(n3ccc(N)nc3=O)C(OP(O)(=S)Oc3ccccc3)C2OP(O)(=S)OCC2OC(n3ccc(NC(=O)c4ccccc4)nc3=O)C(C)(F)C2O)(C(=O)[O-])OC1C(O)C(O)CO
9910,9913,CC(C)S(=O)(=O)c1ccc(c2ccc(C=C3SC(=S)N(CCOc4ccc(Cl)c(Cl)c4)C3=O)o2)c(S(=O)(=O)C2CC3CCC2C3)c1
9911,9914,CC(=O)NC1C(O)OC(CO)C(OC2OC(CO)C(O)C(O)C2O)C1O
9912,9915,COc1cc(F)ccc1NC1CCCC1O
9913,9916,Cc1c(C(=O)N2CCC3(CCCC(=O)N3)CC2)nnn1c1cccc(F)c1
9914,9917,CCCCC(CC)COC(=O)C(C)C(C)=O
9915,9918,O=C([O-])CCNC(=O)N1CCC(C(F)(F)F)CC1
9916,9919,Cc1c(C(=O)NCc2nnc3n2CCCC3)nnn1c1cccc([N+](=O)[O-])c1
9917,9920,CC(=O)Nc1cccc(NC(=O)c2ccc(Br)c(S(=O)(=O)N3CCOCC3)c2)c1
9918,9921,CCOc1ccc(C2C(=C([O-])c3cc(OC)ccc3C)C(=O)C(=O)N2c2ccccc2OCC)cc1OCC
9919,9922,Cc1c[nH]c(SCC(=O)N2CCCc3ccccc32)[nH+]1
9920,9923,C[NH2+]C(Cc1ccc(Cl)cc1Cl)c1ccc(C)c(F)c1
9921,9924,O=C(Cn1cccc1C(=O)[O-])c1ccc(OCCO)cc1
9922,9925,Cc1nc2ccccc2n1CCNC(=O)C1CCC[NH2+]1
9923,9926,O=C(NCc1ccsc1)C(=O)Nc1ccc(Cl)c([N+](=O)[O-])c1
9924,9927,CC(=O)Nc1cccc(NC(=O)c2cc3c(C)nn(c4cccc(Cl)c4)c3s2)c1
9925,9928,COc1ccccc1OCC(=O)Nc1cccc(CNc2nccc(c3ccc4c(c3)C(CCCO)C4)n2)c1
9926,9929,COc1ncc(C2(O)CC(C)CC(C)C2)s1
9927,9930,C[NH2+]Cc1ccc(Oc2ccc([N+](=O)[O-])c(C)c2)c(F)c1
9928,9931,COc1ccccc1NCC(O)COc1cc(Cl)cc(Cl)c1
9929,9932,CC(NC(=O)C([NH3+])CC(N)=O)C(=O)NC(CCCC[NH3+])C(=O)NC(Cc1ccc(O)cc1)C(=O)[O-]
9930,9933,Cc1ccc(OCCNC(=O)CCCN(c2cccc(Br)c2)S(C)(=O)=O)c(C)c1
9931,9934,C=CCn1c(CC(=O)Nc2cc(OC)c(Cl)cc2OC)nnc1SCC(=O)Nc1ccc(I)cc1C
9932,9935,COc1ccc(NC(=O)CSc2ncnc3scc(c4ccc(C)cc4)c23)c(OC)c1
9933,9936,C=CCNC(=O)C(C)NC(=O)c1cc([N+](=O)[O-])ccc1Cl
9934,9937,COCCOc1cccc(C2C(=C([O-])c3ccc(Br)c(C)c3)C(=O)C(=O)N2c2ccc(F)c(F)c2)c1
9935,9938,COC(=O)c1ccc(N2C(=O)CC(N(Cc3ccccc3)C(=O)CC3CCCC3)C2=O)cc1
9936,9939,Cc1cc(Br)cnc1N1CCC(C[NH3+])C1
9937,9940,CCCCNc1nc(c2ccc(OCCCC)cc2)cs1
9938,9941,CCCCCOP(=O)(OCCCCC)OCCCCC
9939,9942,N#Cc1ccc(Cl)cc1NCc1ccc(N2CCCC2)cc1
9940,9943,COc1ccc([N+](=O)[O-])cc1NC(=O)C1CCCN1S(=O)(=O)c1ccc([N+](=O)[O-])cc1
9941,9944,C[Si](C)(C)CCOCn1ccc2cccc(F)c21
9942,9945,CC(C)CC(C)NC(=O)C1(C(N)=[NH+]O)CCOCC1
9943,9946,Cc1[nH]c2ccccc2c1C(=O)C(C)[NH+](C)Cc1ccc(OC(F)(F)F)cc1
9944,9947,Cc1nc(C2(C)CCCS2)no1
9945,9948,CCn1cc(CC2(O)CCC(C)CC2C)cn1
9946,9949,CC(Sc1nccn1C)C(=O)N1CCCCCC1
9947,9950,O=C1NCCc2onc(c3ccc(F)cc3)c21
9948,9951,Cn1c(=O)n(C(=O)Nc2ccc3c(c2)OCO3)c(=O)c2c3c(sc21)CCCC3
9949,9952,CC(CCCO)Nc1cc(Cl)ccc1N
9950,9953,C=C(C=CC(=CC)C(=C)C)C1=CC=Cc2c(cccc2C(F)(F)F)C1
9951,9954,CSC(CO)C(C)NC(=O)c1ccc(n2cnnn2)cc1
9952,9955,CC[NH2+]C(CC[NH+]1CCN(CCS(C)(=O)=O)CC1)C(=O)OC
9953,9956,CC(=O)C(CC(=O)[O-])N([O-])C(CC(=O)[O-])C(=O)[O-]
9954,9957,COc1ccc(Cl)cc1NCCC(=O)Nc1cccc(C)c1C
9955,9958,CC(C)C(NC(=O)CCc1ccccc1)C(=O)N(C)C1CCS(=O)(=O)C1
9956,9959,CCNC(=O)NCCc1cn2cccc(c3ccccc3)c2[nH+]1
9957,9960,COc1ccc(C(=O)NC(=Cc2cc(C)n(c3ccc([N+](=O)[O-])cc3)c2C)C(=O)NC2CCCCC2)cc1
9958,9961,CC(C)(C)c1ccc(N(c2ccc(Oc3ccc(C=Nc4ccc(N(c5ccc(C(C)(C)C)cc5)c5cccc6ccccc56)cc4)cc3)cc2)c2cc3ccccc3c3ccccc23)cc1
9959,9962,CCCc1cc(=O)n2[nH]cc(COc3ccc4ccccc4c3Br)c2n1
9960,9963,Cc1ccc(S(=O)(=O)NCCNC(=O)c2ccc(C)c(Nc3nccc(c4ncco4)n3)c2)cc1
9961,9964,CC(C)N(Cc1ccsc1)c1ccc(C[NH3+])cc1Cl
9962,9965,CC(C)C(C(=O)N1CCc2ccccc21)[NH+]1CC2CCC(C1)O2
9963,9966,C[NH2+]C(c1cc(Cl)ccc1OC)c1c(F)cc(F)cc1F
9964,9967,CCNC(=O)N(C)CCc1cccc(C)c1
9965,9968,C=Cc1ccc(c2ccc(c3nc4c(c(c5ccc(c6ccc(c7nc(c8ccccc8)nc(c8ccccc8)n7)cc6)cc5)n3)-c3ccccc3-4)cc2)cc1
9966,9969,COc1cc(NC(=O)CNC(=O)C2CC[NH+](CC(=O)Nc3cccc(C(=O)N4CCCC(C)C4)c3C)CC2)ccc1NC(=O)c1ccccc1C
9967,9970,O=C(c1cnc(C2CC2)s1)C1COCCO1
9968,9971,COc1nccc(c2cccnc2OC2CCCN(C(=O)Cc3ccc(OC(F)(F)F)cc3)C2)n1
9969,9972,O=c1n2n(c(=O)n1c1ccc(Cl)cc1)CCCC2
9970,9973,C=CC(=O)NCCCOc1cc(Oc2cccc(C=C)c2)cc(C(=O)Nc2onc(C)c2C)c1
9971,9974,CC1CCN(C(=O)c2ccc([N+](=O)[O-])o2)C1CO
9972,9975,CCCc1nc(NCC)c(C)c(NC(C)C2CCOC2C)n1
9973,9976,COC(=O)N1CC2C(=O)N(CC3CCCO3)C(=O)N2C1
9974,9977,Cc1cc(C)c(OCCC2([NH3+])CCC2)cc1C
9975,9978,Cc1cc(C)c2oc3c(c(=O)c2c1)C(c1ccc(C(C)C)cc1)C(C#N)=C([NH3+])O3
9976,9979,Nc1ccn(C2OC(COP(=O)([O-])OP(=O)([O-])OP(=O)([O-])OP(=O)([O-])[O-])C(O)C2O)c(=O)n1
9977,9980,O=C(C=Cc1ccc(c2ccc(O)cc2)o1)ON1C(=O)CCC1=O
9978,9981,O=C(N1CCN(S(=O)(=O)c2ccc(F)cc2)CC1)C1(n2cccn2)CC[NH2+]CC1
9979,9982,Cc1cc(N)c(Cl)cc1OCCCCCCO
9980,9983,O=C(CN1C(=O)C(=Cc2cccc([N+](=O)[O-])c2)SC2CCCCC21)NC1CCS(=O)(=O)C1
9981,9984,COc1ccccc1N1CC(C(=O)OCc2csc(C(C)(C)C)n2)CC1=O
9982,9985,COCC(C)(CC(=O)[O-])NC(=O)c1cc(Br)cn1C1CC1
9983,9986,CCCc1nc(N(CC)CCOc2ccccc2)cc(C2CCCC2)n1
9984,9987,CC(=O)Nc1cccc(NC(=O)C2CCCCS2)c1
9985,9988,Cc1nn(c2ccccc2)c2nc(C3CC3)cc(C(=O)N3CCCC3c3ccncc3)c12
9986,9989,COc1ccccc1CNC(=O)CSc1nnc(CC2CCS(=O)(=O)C2)n1c1ccccc1
9987,9990,O=C(CN1C(=O)C(c2ccc(O)cc2)=CCc2cc(Cl)cc(Cl)c21)NO
9988,9991,N#CC(=CNc1ccc(Cl)c(Cl)c1)C(=O)N1CCN(c2ccccc2F)CC1
9989,9992,C=Cc1ccc(C=C)n1C
9990,9993,CC(C)CNC(=O)C[NH2+]C(C(=O)[O-])c1ccc(F)cc1
9991,9994,O=C([O-])CC1COCCN1C(=O)CCc1cscn1
9992,9995,COc1ccc(S(=O)(=O)c2ccc(Cn3cccn3)cc2)cc1
9993,9996,O=C([O-])c1cccc(Sc2ncnc3ccccc23)c1
9994,9997,O=C([O-])c1ccccc1C(O)C[NH+]1CCOCC1
9995,9998,CCc1ccc(=O)n(C2CCCN(C(=O)Nc3cccc(C#N)c3)C2)n1
9996,9999,CCOC(CC(=O)Nc1ccc(C)cc1)OCC
9997,10000,CC(C)C[NH+]1CCCC1CNC(=O)c1cccc2ccccc12
9998,10001,O=C([O-])CSCC(=O)Nc1ccccc1SCC(N)=O
9999,10002,CCOC(=O)c1ccc(N2C(=O)C(Cl)=C(Nc3cccc(C(=O)Nc4cc(OC)c(Cl)cc4OC)c3)C2=O)cc1
