,Unnamed: 0,Smiles
0,0,C(O)=CC(COC1=CC=C(Br)C)(N)C12C3=CC=CC=C23
1,1,CC=CCC(O)(O)OC1(Cl)C(Cl)C1
2,2,NC(C)CCCC(=O)N=CC=CON
3,3,CC=CC(=O)OCC1=CC=CCNCC1
4,4,CCC=CC=C1C=CC=C(Cl)C1N
5,5,CC=C(N)C=C(I)C12CN=CC=C1C=NC=C2
6,6,BrC=C(O)NCC(=O)OSCCCCS=O
7,7,CCC=CC(=O)C=C1C=C(Cl)NS1
8,8,C(N)COC(N)CCCCCCl
9,9,N=C=CC=C(C)C=O
10,10,C(C=O)C=O
11,11,CCN(C=O)CC
12,12,CC=C(C)OC(=O)NC=CC1=C2C=CC=C2COC1
13,13,O=CC=C(O)CC1CCCCO1
14,14,O=C=NC1CCCC=CC=C1Cl
15,15,N1OC=CN=NC2=CC=CC=C2C1C
16,16,C1C=C(O2)C=CN(N)C=C1N=C[NH1]2
17,17,O=C(N1)N(N)OC(=O)CC=C1
18,18,CCOC(=O)NSC=NC=NC1=C(Cl)CCN1
19,19,NCC(=O)C1NC(=O)OC1
20,20,O=CC=CN=C(C(=O)SC=O)O
21,21,CC=CCC=NN1CCC[NH1]OCCCC1
22,22,O=C(N=1)C(C)(O)OC=1
23,23,CC=CC(=O)ON(ON)C(=O)O
24,24,COC(=O)O
25,25,C=12N(O)C=CC=1N2CC
26,26,CC#CC=CPCN=S(C)S1CCCC1=C
27,27,C=CCC(NN=CCC=NC1CCCC)=C1
28,28,OCCC(C)C(O)C=CC
29,29,C(C)(=O)CCC(C1=CC=C2C=CCCC)C2C1[NH1]
30,30,C=NC=NC=C(Cl)C1(N)C=CC=C1
31,31,SC=CC=C(C)CF
32,32,OCC=CC(=N)N=NN=CCO
33,33,N1C2CCNOC13C=CC(=O)C3[NH1]N(C)CCN2
34,34,CC=O
35,35,CCCC=CC=CC(O)=C
36,36,C=CC1=CCSC2N1C=CN=C2
37,37,CCCCC=CC=CC(=O)OCOCS
38,38,CC=CC=CN=C1C=C(N)C(O)C1=O
39,39,CC1C=C2C=CC=CC[PH1]2=C1
40,40,C1(=S)NC1CC(O)C(=O)N=C
41,41,NCCCCCCC(=O)C1N=CNS1
42,42,ClC[NH1]COC=CC(N)C#CC(Br)CCC
43,43,NCC(OCC)(C)C1C=CCC=CC1
44,44,CCCCC(=O)OSNC(=O)O
45,45,CCCCOC1CCC2=CC=CC=C2C=C1CCl
46,46,NC=CC(=O)OCC1C(O)C=C1
47,47,COCCCCCCNC1CCCCN1
48,48,NC(N=CC(N)C1=CC=CC)=C1N
49,49,C=C1C(ONC1CNC)OC2=CC(C)=CC=C2O
50,50,CC=C(C)C(C)C1=COCOC1=O
51,51,O=C(N)C(C)=NCC1CCOC1
52,52,N1CCCCCC1(C)C=CC2(C=CC=C2)C
53,53,OC=C(CN=C1CN)CN1
54,54,CC=NC(N)C(N)CNCCC#CC
55,55,CC(=O)CC=CC=NC=CC(CC)=CC
56,56,CCC=CC=C(O1)C(C(=O)CC)OC=C1
57,57,C1N=CC=C1NC
58,58,COC(C)=CC=CN(C(O1)=C)C=N1
59,59,OCSC(N)=C1C=C2N=CC=C=C2S1
60,60,CCCOC(=O)C1C=COC=C1NC
61,61,C1OSCC=C1C=C(O)C=CSC(=O)C
62,62,O=CC1=CCCC2CCCC2=C1
63,63,O(F)NCCN(N1)C=CC=C(C)OC#C1
64,64,CCN1OC=CC=C1N=C2C=CC=CP(=O)(OF)C=C2
65,65,C1CNC(Br)(F)C=N1
66,66,OCCNS=1NC=C2[NH1]C=NNC=C2C=1
67,67,NCCCCCCC
68,68,CC1CCCCC1=CC=CC2=CC=C3C=C23
69,69,C1C(=O)N=CC(C2)=C1N=CC(Br)=CN2
70,70,CC1=C(N)CC=C2C=CC=C=C21
71,71,CC=CC=CC1=CC(S)C=CC=CC=CC=C1
72,72,C1N(O)N(C)CCCN1Br
73,73,CCCNC(C)=CC1=CC=C(O)C1C=NS
74,74,NC(C)=CC=C(N)C=CC=CC(=O)CBr
75,75,CC=CC=C1C=C2C=CC=C(N)C1OC2
76,76,C=CCN=CSC1=C(C)C(C)=C1
77,77,CCCC(=O)CCl
78,78,C=CC=C(O)NNCC
79,79,N=C1C2=C(C)C(Cl)C=C2CCC=N1
80,80,CCl
81,81,C=C(CCCC1CC)CCCC1
82,82,CNCCC=NC(=O)NC
83,83,CC=CC=CNCCN1C=C1O
84,84,CCCCC(F)C=CN=CC=CN(CC)NC
85,85,CC(C)(O)COCC(C)OC=O
86,86,NCCNCCOC(=O)CO
87,87,CCN(C)CCCCCCC1CCCO1
88,88,CC=CC=CC1C=C2C(C=C1SCNCN)=CN2
89,89,ClS(C)C1=CC(N)OC(C)[NH1]C=CC=C1N=O
90,90,C1C(C)CCCCCCCCC1
91,91,NOC(OC(=O)NC(=O)C=CC)CO
92,92,N=C=C(N)C=C(Cl)CC1=NC=CN=C1
93,93,O=C(C)PCl
94,94,NC(O)C(C)C=CC1=CC(C)(C)C1Cl
95,95,CCC(F)C(=O)N=CC=C1CCCCC1
96,96,NC=C([NH1])C(=O)C1=CC=CC2=C1C(NP)(F)CC2=O
97,97,OC(=O)NCF
98,98,O=C(Cl)C(C1CCCCCC)=C1
99,99,CC(C)=CC(N)NCCC=CC
100,100,OC=CC(CN=CC)=C[NH1]C=C1C=2NC=NC1=2
101,101,OC=C(N)C=CC=C(NC(=O)CC)Br
102,102,NC=NCCOC(=O)CO
103,103,CC1(C)CC2CC=CC=C2C=N1
104,104,C1C2(O)CCC2CC=C1CC
105,105,CNCNC1CC(=O)O1
106,106,CN(O)C(C)CC1=NC=N[NH1]1
107,107,OCCC(=O)O
108,108,COC(=O)C=O
109,109,COCCCCCCCCC(=O)C=O
110,110,C1(C)(C)CCCCCNCCC1
111,111,CN(O)C=CC(C(C)C=CC1=C)C=CC=C1
112,112,CCCC1=C(OC(C)CS)COC1COC
113,113,COC(C)C(S)CC(=O)C(=O)CC1CCCC(=O)NC1
114,114,C(=O)C=O
115,115,CC(C)=CCC=NOO
116,116,C=O
117,117,CC(=O)C(C)COC=CC=CCBr
118,118,NNC=NC(C)CCCCC(=O)C
119,119,NO
120,120,C=CC(O)C(=O)CNCC(=O)OC
121,121,NC(=O)C=CN(C)Cl
122,122,C1CCC1O
123,123,C1N=C1CCCOC
124,124,NCC(C)=CC=CC=NCOCC=C
125,125,CCCCN(N)NCCCCCO
126,126,CNC(=O)N(C)C=CC(O)C(=O)ON
127,127,OCNC(C)CCCCCC1=CCC=N1
128,128,CCC=C=CNON
129,129,COC=NC=CC=C(C1=CCCC(Cl)=C12)CCCO2
130,130,CC(=S)OCC(O)C1CCC=C1
131,131,C1C(C)=NC=C1C2=CC(Cl)N=CC2
132,132,CC=CCC1C=CC=CC=C1
133,133,CCC=CC(=S1)N=C[NH1]C1
134,134,C(OC=CC=CC=C1C)=C(Cl)NC=C1
135,135,CCCC1(N)C=C2C=C1OC=C2
136,136,C1N=NN1OC
137,137,COC=CN=C(O)C(=O)NC(=O)O
138,138,COC(C)CCCCC(=S)CI
139,139,BrCCC(C)NCCCCC
140,140,C1(C)CCCCCCC=C1
141,141,OC(C)OC12C=CCN1N(O)N2
142,142,COC(C)COC1(C)NC(=O)C=CC=C1N
143,143,OCCCCCNC1=CC=C2C=C1CCC2
144,144,C1CC=C1CN=NC(C)=CN
145,145,CCCCCC1=CCCCC1NC
146,146,C[NH1]C(=O)O
147,147,C1CC(=O)C1
148,148,NCCC(C)COC(=O)C=CC=C1C=C(NC)CC=C1Cl
149,149,CSN(O)C=C1SC=C(F)C=C1O
150,150,CSC=CC=C[NH1]C(=O)N=CC=C(C)C=C=O
151,151,CCC(=O)C=CC=CC=CC(P1N=CC=C1CC)=CC=C
152,152,CC(C1)C2(C)CC3C1SOC=CC2C=C3
153,153,CC1=CC=C(O)C(O)C(Br)=C1
154,154,C1C=CC=C2C=CC=CS21
155,155,CNC1=CC=CSN1NNBr
156,156,CC=C1C(=O)C2CC3N(C)CC2(F)C=C31
157,157,O=CC=CC=COOC1CCOCC1
158,158,CN=CC(C1OC(F)=C)C=C1CC
159,159,COC(N1)C1COSCC(C)OC
160,160,O(O)CC(C)CCCCCCC=O
161,161,O=CC12CCC=CN=C(N3)C1N2C=CN3
162,162,OC=C(C)C=C1C(C)(CN1C=O)O
163,163,NCCC=CC(C1)=C1C
164,164,O=CC=NS1C=CC=CCCCCC1
165,165,CNC(=O)CS=CSN=CCl
166,166,NCC(=O)OC=C1C2=CSC=C1C=C2
167,167,NC(C)(O)C(Cl)S1C(C)CC=N1
168,168,C=CN(O)C=CC=C(O)C
169,169,CC(O)C=CC1=CC=C([PH1])C=C1
170,170,CCCC(C)=NC=CC1=CC=CC=NC=C1
171,171,SC(CNCCCNC)C=O
172,172,CCC=1CCC(O)C2C=CNC2CCC=1
173,173,O=CC=C(C)C=CC=C(CO)C(Cl)O
174,174,CC1(C)N2CCCC1C=C2C=C
175,175,OC(O)CCCCCSCC(C)NC
176,176,NC(=O)NC=NCC(O)CCCCCC=O
177,177,O(O)NC(=O)NC(C)(N1)CC=CC=C1
178,178,CNCCC(C)OC(C)=CC(O)=NC=C
179,179,CC[NH1]CN(C(=O)O)CCC=C=O
180,180,C=CC=O
181,181,C1OOCC=CC=N1
182,182,CC=C[NH1]CC(=S)OCOC=CC=CO
183,183,CCC(=O)C1=CC(N)=CN1
184,184,NNC(=O)CCCC1C(C)CCC1
185,185,NCCCCCCCC(=O)NC1=CC=CC=C1NCCC
186,186,C1C=C(N=2)SCNC=C(O)C=2C1
187,187,C=1NC(=O)OC=1C(C)CC
188,189,NOC=C(N)CC1(C)CCC1C
189,190,CCCCC(C)CCCCBr
190,191,C=CC(C)(F)ONC(O)OCS
191,192,CC(C)C(N)=CC1=CC=C(O)C=N1
192,193,NC(=O)CC(C)=NC(C)CCCCC
193,194,CSC=CC(C)(N)C=CC=C(O1)N1
194,195,ONC(=O)C1=CC=CC=C1C#C
195,196,C1CCC(C2)CC1C=CC=CC=C2
196,197,C(C)CCCC(C)=CC=CCCCCON
197,198,NCCCCC(O)CC(=O)O
198,199,CN=C(COC(=O)C1=CC=CN2)C=CN=C21
199,200,C12=C3CN=C(C1C=C)C=C[NH1]OC3N2CO
200,201,OCSC(=O)C(C)CCCC(O)=CC
201,202,CC1CC=CC=C1CCC(N)CCCCCON
202,203,CC=CC=CC1=CC(C)(C)C([NH1])C=N1
203,204,COC(O)=CC=C1C(C2)=CC(Cl)=CC1=C2
204,205,COC=NN(C1)NCCC1SO
205,206,C1CC=NN=C1CCCNC(Cl)=C
206,207,C1NC2=CC(C)C21
207,208,CNCCCCCCOC(=O)[NH1]C=CC=CN
208,209,NC(=O)C(C)(N)C(=O)N(O)F
209,210,O1CNC=CC=CC=C1Cl
210,211,CCP1C=C(N)CCN=C1
211,212,CC(CN=CC#CCC=O)NCC(=O)O
212,213,OCCCCON=C1C=CC#C1
213,214,CCOC(=NNC)OC(=O)COCC
214,215,CC(=O)OC=CC=C1C(C2)=CC=C1CSNC2
215,216,BrC=CCC=1NCNC=1C
216,217,C1(C2)C(=N)OC(=O)CN1C=C2
217,218,CC1CN=CC=NCCCCC1
218,219,C1CC(C)NNCC(=O)CCC1C(C)C=CC=SC
219,220,C(=O)NCCNCNC1=CC=CC=C1
220,221,CCC(=O)CC(C)=S(=O)CO
221,222,OC1=CC=C(N)C(C2)=CC=C1CN2
222,223,CCC(N)CCC(=O)OC(C)(O)OC=C
223,224,SNC(=O)OC(=O)CC=CC=C
224,225,CC=C(CC(N)=CC1=CC=C)C=C1Cl
225,226,C1C=C(C)C=CC=C1Br
226,227,C(C)C=CC=C(Cl)CC
227,228,OC=CCC=C(C1C(Br)C=NC=C)CN1O
228,229,C1NC(=O)CS1
229,230,C1C=CC=CC=C1O
230,231,NC(C)N(Cl)CP1=CC=CC=C1
231,232,CC1=COCOC2=CN=CNC21CC=CC=C
232,233,C(O)C=CC=C(C1=CC=CC=C1)N=CC=CC=CC=CC#C
233,234,C#CC=CC=CC1=C(N)C=CC=C1
234,235,C=C(C)SC=NC(C)C(C)(O)OC
235,236,O=CC=CC1=C(Cl)C=C1C=CNO
236,237,CCCCCC=CS(=O)C(C1)O1
237,238,OC=CC=CC(C1=CSC=N)C=C1C(C2C)=C2
238,239,CCC(O)=CC=CC1=CC=CC=C1C=O
239,240,C[NH1]C1CC(=O)NC=CC=CC=C1
240,241,C1N2CC1NC(=O)OCC=CC=CC=C2
241,242,O=C(O)CCCCN1NC=C2C=C1NC=C2
242,243,CC(=O)CCC1=NC=CC=C1CCl
243,244,OC=CN=CC=CN(C)C(=O)O
244,245,O=CC=CC=CC12C=CN=C1C2
245,246,CCCCCCC(=O)C=C1C=CC=C1C
246,247,N=NNC=C(S)CC(C=CC=C(Cl)C)(Cl)CC=CCCl
247,248,COC=CC1=C2C=CC3=C1OC4ON3CC=C4N2
248,249,CC1C(=O)NCCCCOC(O)=C1C
249,250,O(O)N(N)CCCCCNC=CN=C
250,251,CSC(=O)C=C1CCCCC1=O
251,252,NC=C(Cl)CC(C)Cl
252,253,OC=CC(CCC)Cl
253,254,OOC(N)CO
254,255,NC=C(C)C=O
255,256,CCBr
256,257,CC=C(Br)C=COC(=NC[NH1]C1)C1
257,258,CNC(=O)CC(C1=S)C=CC=C1
258,259,N1C(C2C=C(F)CC=CC)=C1C2N
259,260,NC=CCC=CC=C(C=CC=C1C)C[NH1]C=C1SC
260,261,CCC=CC=CC1=CC=CC=C1C=O
261,262,C=CC=NC(F)C1CCCO1
262,263,O=CC=C1C2=CC=CC=C2C1
263,264,CC(=O)OCOCOC#N
264,265,C=CC=CC
265,266,CCCNCCC=NCNCC
266,267,N=NCCC=CC=C=C(C(=O)O1)C(F)C(=O)C=C1
267,268,CN(C)CCNCSCCC
268,269,O=C=CC(C)C=CC=C(C1C=CC=O)C=C1C=N
269,270,C1C=CC=C1N=CSC(C)OO
270,271,C=CC=C(C1OC(O2)=CC=C1)NC2C=C
271,272,CCCC(N)CSCC=C(Br)C1=CC=NC=C1
272,273,CC(C)NCC(C)(O)S
273,274,C=CC=CC=C[NH1]C1=CC2=CC=C1CO2
274,275,OC(=O)CCC(=O)N
275,276,COCCCCO
276,277,NCC(=O)C=C1C=CNC(=O)ONCC1
277,278,NC=NCC(C)CCN(C)CCNCCCOC
278,279,CC(=O)COC1=C2CCCC=C2CN1
279,280,CCCCCC(C)CCC1CCCC1
280,281,OCNC(C)(Cl)C1C(O)N=CC=C1
281,282,C1=C2C=CC=C2OC(O)=C1
282,283,CC1=NCC(C)(N)[NH1]CNCC1=C
283,284,CCCCCCC[NH1]C1NCCOCN1
284,285,CC(=O)NCCNC=CC(C)Cl
285,286,C12CCC=CC=CC1(C)O2
286,287,FC=CCCC=CC=CF
287,288,O(CNCC=CCC=NC=CC=CC1)CCC=C1
288,289,C1C=C1CCCCCCCN
289,290,CC1CC=CC=CC=CC=C1N
290,291,CC=CC=C(CCCC=N)CC=C=N
291,292,C1C2CNC1C=CC=C2N
292,293,SC=NCCCCN=CC=CSC1C=N1
293,294,NCOC=NC=CC=C(Cl)C=C1C(C)=CC=C1C(=O)C
294,295,CN=NCNCC(CC=O)C=NN
295,296,C1C=CC=C1Cl
296,297,O(C)CCCCCCC1CC[NH1]C(=O)O1
297,298,C1C(=O)O1
298,299,CCC(C)(C)NNC=NO
299,300,COCC=CCC(CCCC)N
300,301,CC=CC=CC=CC1=CC=CNC=C[NH1]C=C1
301,302,C1(O)N=C(O)C(C)(O)C=C1O
302,303,N1=C(F)C2=CC=CNC2CCC=C1
303,304,CCCCC(C)OC=NC=CC=O
304,305,CCCC=CC=C1C=CC=CC=C1C=C
305,306,PC(=O)NCCCNC(O)C(C)=O
306,307,NC1[NH1]CCNCN2CC1=CC2
307,308,OOC1C=C(N2)C1OC(O)CCCC2
308,309,NC1(CC=C)C=C(C2)CCCC21O
309,310,C(C)SCC1(O2)C=CN(C)CC2=C1C
310,311,CCN=C(N)CCC
311,312,BrCOCCCCCCS1(N)CC=C(N)C=CC=C1
312,313,NN(C1)CCNCCC2CCC1C(C)C2
313,314,C1C=2OC1C=CCC=2F
314,315,C1CCC1C
315,316,CC=C1OC(C=C[NH1]C2=CC=CC)=C21
316,317,C1NCN=CC(N)C(S)CCC1C=N
317,318,CCCCC=CC=C1C=CC=C=C=C1
318,319,O=C(COC=C)OONCC1C(C)=CCC1Cl
319,320,CC(CC1C=CC=C1)N=O
320,321,C=CC=CC=C(CN[NH1]C=O)OS
321,322,NC=NC=CC(=O)C=C
322,323,NCCC=NC1CCC(=O)COC(=O)N=C1
323,324,OCC1C(C)=CN=CC(=O)NC=C1
324,325,CC=C(C)CCC[NH1]C=O
325,326,C=1C(=O)CN=1
326,327,C1CNC1=NC(O)C(N)=CC=C
327,328,CCC1CCCC=C1
328,329,NNC(C)CSC(=O)C=C1C(=O)[NH1]C=C1
329,330,CCCC=CN=NS(F)O
330,331,CC(C)CC1CCC=CCC=CN=C1O[NH1]
331,332,COC(C)(C)C=O
332,333,N1C=CC=C2C=CNC=C2O1
333,334,C1(=O)C=C(N)NC=COC=C1
334,335,CC(C=O)C=O
335,336,CCCCCCOC(=O)CCSS=NN
336,337,CC=S(O)C=C1C(F)(Cl)C=C1C=O
337,338,C1(C)=CC=CC=CC1=C
338,339,CC(C1)N=CC=CC=C(C=CC)C(Br)C=CN=C1O
339,340,C=C(C)CC=C1C(C)=CC=NCC[NH1]1
340,341,CC=SC=CC(N)C1C=CNS1=C
341,342,CCC=C1C(Cl)C=CC=CC(=O)O1
342,343,O1CNCN=NCCCCCC1=S
343,344,C1C2C1SCCC=C(F)SCC=C2O
344,345,NCC(=O)CC(S)CCCNC
345,346,O(C)CCCCCCS=S(N)CC
346,347,CC=CC=C=NC1=CC=CNO1
347,348,C1NOCNC(=O)CCCC1
348,349,CNCCCCCC(C=1)=CC=CC=C=1
349,350,CCCCCC(C(=O)C=CN)=S
350,351,CC=CN=CC(Cl)=CC=CC(N)=C
351,352,CCNC=CC=C(CC1(C)C)CCC1
352,353,O=C1C=CCC=C1C2=C(C)NCC2CN
353,354,CC[NH1]CCCC=C1C=NC=CC=C1NC
354,355,NC(=C(C)CC(=O)CC)CC
355,356,CCOC=CC=C(N1)NCNCC1C
356,357,COC#CC1CCC=NC1O
357,358,CC=CCC1CNCCC1
358,359,NCCC(C)CCOCOC
359,360,CCOC=O
360,361,OS(CCC)CCC1CCC=NC1
361,362,CC(=O)COCC(=O)N
362,363,OCNC(=O)N1C(O)C2=CCCC2C=CCCN1
363,364,C#1CCCCCCCCCC#1
364,365,O=CC(=O)NC1=CC=CC=C1
365,366,SC(=O)OCBr
366,367,C1C=CN(O)C=C2C1(O)CCN2
367,368,COC=CC
368,369,C=NC
369,370,CC=CN=CC=CCC(=S)C=O
370,371,CC=CC1=C2C=C(Cl)CC=C2C(=O)O1
371,372,NC(=O)OCCCCC1CCCC=C1
372,373,CC[NH1]C=O
373,374,CC=CC=CC1=C(Br)CC=C1
374,375,COC(=O)C(C1C)=NC=C2C=CC=C(O)C1C2
375,376,C1CCC(C2)C=NC=CC2(N)N1N
376,377,O=CN(Cl)C=CC[NH1]C(S)=CC
377,378,CC=CC=C=C[NH1]C=NN=C(F)CSN=N
378,379,C12CNC=CC=CN=C1C=CC(N)=NC=C2
379,380,NC(NN)=C(C)Cl
380,381,NOC=NCC=CC=CCC=NN(N)SI
381,382,CC1(C)CCCCCC1
382,383,CCC1CC=SCC=C1C=O
383,384,NC=CC1=CC=C(F)C2OC1(C)C2
384,385,COC(=O)C(N)N
385,386,C=CC(I)C1=CC=CNCCCC(Br)=C1
386,387,C1CSC1(C=CC2=CC=CC=N)NC2
387,388,O=CN=COC=CPC1OCCC1C=C
388,389,O1NC1CCCCCC2N(C)CC=C2O
389,390,CC=CC=CCl
390,391,NCOCCC[NH1]C1=CN=C2C=CC=C2OC=C1
391,392,COC=O
392,393,C1CC=C(O2)C1=CC(S)=C2ON
393,394,CC=CNC=C(N)CCOC1CC(Cl)C=N1
394,395,FC(C)CCCCCC=CC=CNSCC
395,396,NC(=O)C(C)CSC(CC)C(=O)O
396,397,CC=CC=C=NN(F)F
397,398,CCCC=CC=CC=C1C=C(Cl)C=C1
398,399,O=CC=CC=CN1C=C1
399,400,C1CC(C)(C)C1=O
400,401,C=CN(Cl)C=CC=CC=C1C=C1N
401,402,C(=O)NC(=O)C=CCNC=C1C=CC=C1N
402,403,OCC(=O)OC=C1C=CC=CC1=CN
403,404,O=C=C1C[SH1]=CC=C1Cl
404,405,NC=CNCC1C(=O)C2=CC=CC=C2NC1O
405,406,OCC=C1C2=CC=CC=C2C=CC=C1
406,407,C1#CC=CC=C1NC=CC=C
407,408,CC(N)SCCOCC1CCC2C1C=NC3=C(CC)N2C3
408,409,COC=CC=CC1=CNC=C(Cl)N=C(C)CC1
409,410,OCCCC(=O)N=CNC=CC=C(F)CO
410,411,NCCC=CN=C[NH1]C1=CC=CC=C1Cl
411,412,O(C)CNC=CC#CC
412,413,CC=CC1CC2CC=C1OC(C)=CCCC=C2F
413,414,BrC=C1C=CC=CC=C1N
414,415,CC=CC=C1C=C(C=C2C)NC=C2NN1
415,416,CCCCOC(O1)C=CC=C1CO
416,417,CC(O)CCCC#N
417,418,O=CC=CC=C(C)N=CC=CC=C
418,419,OC1(F)COC(C)N=C1
419,420,CC=CC(CC1)CC(C)C=CS12COC2
420,421,C1OC=CC2=C1N=CC2=O
421,422,SN1C[NH1]CCC1C(C)OC
422,423,CC=NC=CC=C(N)C=NNC#C
423,424,O=C1NC=CC=C1CC2CCCC2CC
424,425,O1C=C1C2=CC=CC2C
425,426,C1C=CC=C1CC=C(C)S
426,427,CN=NC1(C)CCCC1
427,428,CC1CC(C)=CC1Br
428,430,NC(C)COC=CC1=CC=CC=C1
429,431,COCC=CC(O)C1CCCC2C1=C=CC=C2
430,432,CC=CC1=C(O)C=CC=CC=C1O
431,433,CC=C(O)C(C)C1CC=CSC=C1O
432,434,CNCN=C1C=C2C=C(F)[NH1]C2[NH1]1
433,435,NCCC1NCCC=CC=C1
434,436,CCCCC=CC=C1C=CPSC1
435,437,OCC(CC(=O)NCC1C)CCO1
436,438,CC(CC1C=CCCC)=CC=C(N1)Br
437,439,NC(=O)C(S)C(=O)CCNC=C
438,440,OOC(C1=CC)(O2)CC=CC=C2C=C1
439,441,CCSOC12NC=CC=C1C=N[NH1]2
440,442,CCC
441,443,CC(=O)C=O
442,444,C(C)=C1C(C)=CC=C1C=O
443,445,CCO
444,446,CC=CC=CC=CN=CCCO
445,448,NS=CC=CC1(C=CC=CO)CS1
446,449,C1=CSC=CC=CC=C1N
447,450,N[NH1]C(=S)OC(=O)O
448,451,C1N=CO1
449,452,CC=CC(=O)N1CCC2(C)N=C[NH1]C=C21
450,453,OC(=O)NCC#N
451,454,NCCC=C=C(C)CCCN=C=CNS1=NO1
452,455,C=SNN=C(C12)C=C(C)C=C1OC2
453,456,OC=NNC(O)CC(C)N(C)C1N=C[NH1]CCC1
454,457,C(=O)COC(=O)OCCl
455,458,C=CC=CC=CC=C(I)C=NCOC=N
456,459,NC1=C(Cl)C(=O)C=C1C
457,460,CCCCCN=C1C=CC=CC=C1
458,461,CCC(=O)OC(C)Cl
459,462,C1CNCC(=C)CCC=C1
460,463,CCSCCCCCCC#CO
461,464,C1=SC=CC1OC(N)=CC=C
462,465,IC=O
463,466,C1NN=CC=CCCS1
464,467,COC=CC=C1CCCCC1
465,468,C=SC=C[NH1]N(C1)CCC=CN1NCSC
466,469,NC=NNN=C
467,470,CCC=C=NC1=NC=CS=C1
468,471,CCCCCC(N)=CC=C1C=CC=N1
469,472,CCC(C)C1SC(=O)NC1CC
470,473,O=C(N1)OC=CC(C2=C(Cl)CC2O)C(O)C1
471,474,CCC=C(C)SC1NCC[SH1]N1
472,475,CCC1CCOC=CC=C(C=NSCl)C1CC
473,476,CCC=CC(=O)C1=CC=CN=CCN=C1
474,477,CCC=C=C=O
475,478,C#N
476,479,N1C2=CC=CCN=C([SH1])C1=C2CCCO
477,480,CC(=O)NCOC=NC=CC1=CC=CC=C1
478,481,CCOC(C)=CC(C1)=CC=CC=C1C
479,482,CC(C)CNC(=O)OCONC=O
480,483,CCC(=O)C=C1C=CC(O)N=C1
481,484,CCC=CC(N)(C=CC=CC=C(O)C=CC=1)C=1
482,485,NNCC(=O)C(C)C1N=C(Cl)C=CS1
483,486,N=1CC(=O)NC=1SCC=CC
484,487,C1CCC(=O)C=CC1NCCl
485,488,CC1CCCC1C(=O)ONC(O)ON
486,489,CCCCCC=NC=CC=CC1=CC=CC=N1
487,490,C=CC(C=C(C)C)CC1CCCO1
488,491,CCC(N1)C=NCC=C=C1C(Br)N
489,492,C1C(O)(C)CC=C1C(=O)C=CC=C
490,493,CCCC1=C2C=CCC1C=C2S
491,494,O=C(C)CN=CC=CC1=CN1
492,495,C=1CSC=1CCCC=NC=CC=CC
493,496,CC=CC(C)NC(N)=O
494,497,C=NC=CC1=C(C=CC=CS1)Cl
495,498,OC=NC=CC=CC=CC=C1C=NC=C1C
496,499,NC=CC1=C(N2)CCC(N)C2=C[NH1]NC=C1
497,500,CCCCC=CC(N)C(=O)NC=CCP=O
498,502,CC=NNC(C=CC=CC=CC1=CC)C(CCl)=C1
499,503,CC(O)=CC=CCCCCCCC=C
500,504,CC=CC=C=C=C(N1N=CC=C)S1
501,505,CCCCCC(=N)N=CCC=O
502,506,COC(C)CSC=C1C=CC=C1
503,507,CCCCCC=CC#CC=CC(F)C(Br)=N
504,508,CNC(=O)OC(=O)C(=O)O
505,509,C=C1CC=CC=C1
506,510,CCCC=CC1=CC=CN=C1CO
507,511,C=NC=CC=CCC(=O)O
508,512,CC(CCC)CN(C)N(N)CC(C)CNCCl
509,513,CCON
510,514,N=CC(C)C(=O)N=C1NCNCC1CC
511,515,CCOC(=O)C=C(O)C=CC=C
512,516,O=CCCCCCCO
513,517,O=C(F)C1COC=CC1CC=N
514,518,C1=CO[NH1]C=C1CC(C)OCCOC
515,519,C=CC=CN=C(O)C(C1)(O)C(Cl)=C1
516,520,NCCC=C1CC(O)C=C1Cl
517,521,N=CC(C)C=1CCC2CC=1C=CC2=C
518,522,COC=CC=CC(OC)(C)CC=CC#C
519,523,C12OC=C1ONCC=C2N
520,524,CC(C)C(=O)CC=CC(O1)N=CC=N1
521,525,O=CC(O)C(C)CC[NH1]C
522,526,N(C)C=CC1=CC=CC=C1
523,527,COC=CCCCC=CCN=C
524,528,CC=CC(C)ON1C(OC)CCCC1=O
525,529,C=1OCC=1CO
526,530,CCCC(=O)N1C=CC2=CSCC=C2CC1
527,531,C=CCCC=CC=C1C=C(C)C1
528,532,C1CCCNC1(Cl)C=NC=NCCNC
529,533,N=CC=C([NH1])SC(=O)C1=CC=CC=C1CC=C
530,534,COC(=O)NNCCCC=O
531,535,NC(C)NCNC(=O)O
532,536,COC=CCOC=O
533,537,N1=CC=C1CCC=CCCl
534,538,CCCNCCC
535,539,CN=C(O1)N=CC2=CSC(Cl)C2=C1
536,540,OC=C(C(=O)NC=O)OC(Br)C=CC=CCl
537,541,C1C=CC1NOCC(O)C(=O)O
538,542,CC#CC1(N)CC=CC(O)OC1
539,543,C=NC=CC1=CC=CCCCCCC1
540,544,CC(C)N=C(F)C(C)CCCCN1C(C)=CC=C1
541,545,OC1C(=O)CC(=O)C=C1C
542,546,CNC(=O)CNCl
543,547,C1CCPC1
544,548,O=C(CO)CCCCC
545,549,C12CC1CCCCOC2C
546,550,COC(=O)OC=C1C(C=NCCOC=C)C=C1
547,551,CNC(=O)CC(=O)OC(=O)OC=O
548,552,O(CN=NOC)NCSCCC
549,553,C1CCCCC1C(C)=O
550,554,OOCC=CC(N)C1C=[PH1]C=C1
551,555,N=C(N)C(C)Cl
552,556,NC(=O)N1C(=O)C=CS1=CN=C(N2)CC2O
553,557,CCCOC=CC1=CC(O)C1C
554,558,NC(C)CCOC(=O)C(=O)O
555,560,O=C1NCC2CN3CC3C2CC1
556,561,CC(CC=O)COC=CC=NCCBr
557,562,CNCSN=CC1=CC=CCCCN=C1
558,563,OC=CCCSN=C1C=CCC=N1
559,564,CC12OCCC=C1C2
560,565,COC(=O)CC=CC=C(O)C(C)=O
561,566,OC=CC1=CC=CC=C1C(C=CN=CC=C)S
562,567,CC=CC=CC(C(=C)C=C)C=CCl
563,568,CCC=CC(=O)C1CC=CCC1=O
564,569,COC=CC=C=C(O1)CC=CC=C1N
565,570,CC=NC1=CC=C(Cl)C2CC=CC=C21
566,571,CCCC(C)CC
567,572,CC=CC=C(C)CC(O)CCCC
568,573,CC=C(N)C=NN=CN=C1C=CCC=C1
569,574,CCCCC1N=CCC2=C1CC=CC(Cl)C2=C
570,575,CCCC=CC=CC1=CC=CC=C1NC=CC=CN
571,576,CPC=C(N)ONCCNC[NH1]CCC
572,577,C1CCCCOC(O)N1CCCC
573,578,C1NCCSC=CCCC(=O)O1
574,579,NC=O
575,580,N=CCN=C1C(O)C=N1
576,581,N1C=C2C(C)=C1C=C(O)C(C)(Br)C=C2O
577,582,CNS(C#CC=NCCCCO1)C=CN=CC(=O)O1
578,583,CC1CC2CC=C=C(C)C2C=CC=C1Cl
579,584,N=CC1=C(C=NN=CC=CC1)C(=O)Cl
580,585,C1OC=2C=CC=C1C=SC=2C
581,586,C1=CC(C=C1)Cl
582,588,CC=CC=C1C2=NN=CC=C2C1S(Cl)C
583,589,OC=CC=CCC1=CC=CC=C1CC(Cl)=C
584,590,C1OCS(C)C1C(C2CCCCC2)CCNC
585,591,CCCCCCC(O)C=C
586,592,CCCC=NN=CC(N)CC
587,593,O=SC=CC=C
588,594,O=NCC=CC=C(F)C=CC=C
589,595,NC1(O)C=C2C=C1CCC2CCC
590,596,CCC=NN(C)C1C=CC=CC=C1C
591,597,C1OCCC(=O)CNCOC=CC=C1
592,598,NCC(C(CC)N)CCCCNC=O
593,599,CCCOC(=O)CC
594,600,CCC(COC(C1)OC)(C)OC1O
595,601,NCCCCC(C1(O)NC)C1O
596,602,CC(C)OC(C)SCCN=C
597,603,O(C)CC(O)=C(C)OC1C=CC=C=N1
598,604,CN(Br)C1CPC(=O)CNCCC1
599,605,O=CCC(NC(=O)OCC)CCC([NH1])C=C
600,606,NCC(=O)CC(C)(O1)CCCC(=O)C1
601,607,SC(C1)C2CNC=CC=C3C=CC=CC31C2
602,608,CC1C(C=2)(C)C(C)OOC=2CCCC1N
603,609,C1C(=O)C=C=C1C=CN=C
604,610,CNCCCC=CC=C1C(=O)[NH1]C=C1OC=O
605,611,C1C=CCCC(C)NC1=O
606,612,NC=CCN=CC=CC=C1C=CC=CC=C1
607,613,CNC=CN(O)C(=O)OCO
608,614,N1C=CC1C(=O)CCCl
609,615,CCCC(O)C=CC=CC=CCN1C=C(OC1)CC
610,616,NC=NCC1OC=CC=C1C2=CC=C(C)CC2O
611,617,CCC#CC(=O)CCCC=1CCCC=1C
612,618,CC=CC=NC1=CC(C=O)(C)CC=C1
613,619,NCCCC(O)C=O
614,620,CCOCCCCC1CCCC1CCCCO
615,621,CC(O)CC=CC=C(N1)CN=NC(Cl)=C1[NH1]
616,622,C=NC(C)CCC(C)NCO
617,623,CC(=O)C(C)COCCC
618,624,C1C=CC=C1CCCCC=CC2C=CC=CC2O
619,625,OC=CC=C(F)N=C(F)C(OC)F
620,626,CN=C1C=CC=CC1COC(=O)O
621,627,CC(O)CC=CC=C(N1)OC2=NNC1N=C2C
622,628,COS=NC=CN=C=NC=C(I)CF
623,629,CSCSC=CC=O
624,630,C=CC=CC1=C2C=CC(S1)=NC2
625,631,NC=C(C)C
626,632,C1CCN2ONNCC2C1
627,633,COCNCCBr
628,634,CC1=CC(N)=C2C1SCCC=C2
629,635,NCSC=C
630,636,OCNNC#CC(C)=NCC(C)NC
631,637,C#CCC(=O)COO
632,638,CC(C)C12CCCCC1=CC=C2N
633,639,ClC=CC1=CNCCC1C(C)N=C
634,640,CC=CC=CC=CC=CCC1CC1O
635,641,N=CS1C=CCNOOC=C1
636,642,CN=CNCC(N)CCCCC
637,643,O=CC=CC=N
638,644,CC(C=NC=1)C(N)CCC(Cl)C=1Cl
639,645,CCCC=C(C)I
640,646,OC(=O)OCC=CC
641,647,O1C=CC1(N)CCCCC=CF
642,648,OCC(C=C1C2=CCC)N21
643,649,NC=C(OCOC1=CC=C)OC1CCC
644,650,C1C=NCN=C=NC=NC1(C)O
645,651,N(CCN)=CCCOC=NO
646,652,CC=CC=CC1=C(N)CC=CC=C1F
647,653,SC=CC=C1C=C(O)CC1O
648,654,CCOC(=O)CCC1=C2C=CC=C1C2=O
649,655,COC(=O)Br
650,656,NSCC
651,657,CC(C)=CC(CC(O)CN)(O)O
652,658,N=CC(=O)NC=CC=C1CC=CC=C1
653,659,C=CC=CC(CC1=CC=CC=C1)C#CCl
654,660,CC(C)CN1C=NCCN2COCC2C1=N
655,661,CCCCCNC(C)SC=C(C)CCl
656,662,N#N
657,663,CC=CC(=O)NN=CC=C(O)C(Br)=CO
658,664,CC=CC=CC=C(C)CCC=C1C=CC=C(Cl)C1N
659,665,CCNC(=O)C1=NC(C)OS[NH1]C1
660,666,CCC=CC=C(F)C1CC=CC2=C1C=CC=C2
661,667,C(C)(=O)NCCCCC=CCC1=CC=CC=C1
662,668,NC(=O)C=O
663,669,CC(NCCCC)C(C)CCCC1SC=CC=C1C(=O)O
664,670,CC1=CCCCC1
665,671,CCCC=CC1(C)C=CC=C1
666,672,CCC=NC(=O)NC=NNC(Cl)SC=N
667,673,COC(N)S(C)CNCCCCC
668,674,C1OCC(C)=CC1
669,675,C=CC=C1C(Br)=CC(C)C=C1
670,676,CC=CC=C1C=CC=CS1Br
671,677,FC(CC=CC=CS1C=CC)C2=C1N(NC2)CO
672,678,C1C=CC=N1
673,679,C(=O)CCCCN1C(=O)OC1
674,680,C=CC1=CN=CO1
675,681,CC=C(C)C[NH1]C(N)=CC1=NC=CC=C1
676,682,CS=1N=CC=CC(=O)C(C)=NC=1CC
677,683,COC(=O)C=C(OC=C)C=C1C[NH1]C=C1
678,684,O=CNCC1CCC(C=C1C(=O)C)C(C)OCCC
679,685,CC1OC=CN=C(C)NS(F)SNC1
680,686,O=C1C=C=CC=C1CSC=C[NH1]
681,687,CC=C(N)CCC(O)C=O
682,688,NN=C(N)OCOC1(O)C=CC=C1S
683,689,CCC=CC1=CC=CN=C1
684,690,C1CC2=C1C(CC2OC=CCCN)CO
685,691,CC(O)C=CC(N)=NC=CN(F)C=O
686,692,C=C=NCCl
687,693,NC(O)OC=CCCSC=O
688,694,CCCOC=C1C=C(CC=O)C=C1
689,695,CC=CC(N)N(C#CC=CN=C(NC1=C)C[NH1])C1=C
690,696,CCCC=C(O)C1=NC=CNC(NC)CCO1
691,697,OSN(CCCC)C(C)(O)ON
692,698,CCC1=NC=CC=C1N2CCCCN2
693,699,CC(C)C1SCOC=CC1C=CN(O)C[NH1]C=C
694,700,NC(C)CCCC(C)=C(C(C)CN)C#C
695,701,O=CC=CC=CC=CCCC
696,702,CCC(C)N(C=CCF)SCOC=C
697,703,OC1OCC(NN=C)C=CC=CN=C1N
698,704,NC1=CC=NC=C1O
699,705,ClC=C1C=C(C)C#CN=C1
700,706,CNC(=O)NC=O
701,707,N1C=CC=C1OC=NC=CC=C
702,708,C=CC=C(N)CBr
703,709,OC(=O)C(CCC1NN1)COCOCC
704,710,CCCCNC(C)C(=O)O
705,711,CNCC1C(C)=C=C(O)C=NC=C1
706,712,ON=CC=CC=C1C=CC=C1Br
707,713,CCC(C)C(C)=C1C=CC=C1C=C
708,714,C1SN=C1O
709,715,CC=CC(C=CC)C1(C)C=CN=C1O
710,716,CC1OCCCCC2C(C)C=C2C1
711,717,OC=CC=CC(=O)NS(N)CO
712,718,CC(C1)C(C)CCNC(O)C1CC=COC
713,719,OC(C)=O
714,720,C=S(=O)NCCCC(S)C[NH1]NCC=CC=O
715,721,C(C)(O1)C=C2C=CC=NC2C=C1
716,722,C1NN1CC=CC=CC
717,723,CCCCCC(C)C(C1)=CC=CSC=C1Br
718,724,CC=C1C=CC=C(OCC=CCCl)C1N
719,725,CNSCCC=C[NH1]C1(S)N=CC=C1Cl
720,726,COC=CC=CNC=C
721,727,O=C(O)CC1=CC=CC=C1
722,728,CCNCCOCNC1CCCC1
723,729,OC=C(O)C=CC=C=CC(C(OC)O1)=CC=CC=C1
724,730,CC=CC(C)=CC=CC=CC(=O)C=O
725,731,C1OC=CC=CC=C1CC2=CC=CC=C2
726,732,OCPCC(S)C=CC=C(C)C=O
727,733,N=C(C)C(O)C1=C(O)CC2C(C1)C=NC(CCC)C2
728,734,CC=CC(C)=CCC1OC(C)=CC=C1
729,735,OCCCCNC1CC=CC=N1
730,736,O=CC=CS(N)C(S)CCO
731,737,N1C(O)CCCCOCON1
732,738,O=CC=CC=CC=C1C=CC=CO1
733,739,O=NN=CC=CN=CS
734,740,NCC1C=CN=C(F)C1
735,741,CCCCCC=CCN(O)CCOC=NC1NC1
736,742,OC(=O)OC=COC=CC=C[NH1]
737,743,CCCC=CC=C(CNC(=O)NCCN)O
738,744,CCCCSC=C1C=C2CCC1C=C2
739,745,NC(C)CCC(=N)CCCCCO
740,746,CNC=CC=CC=C(O)OC=CC=C
741,747,CC=CC=CC(C)(O)C
742,748,CC=CC=CC=C(NCC1(Br)C)CC=C1
743,749,CCOCCNCC(=O)O
744,750,CC=CC=C(N1)CC=COC=C1Cl
745,751,CN=C(S)S1SC=C(Cl)C=CC=C(Cl)C1
746,752,NCC(=O)[NH1]C=CCCCC[NH1]S
747,753,CN=C(N)C=NC(C)=C(C)Cl
748,754,CNCCC=CN=CC1=C(O)CCCCN1C
749,755,C=CNC(C)OC1C=CCC(=N)N=CC=C1
750,756,CCCCOC=O
751,757,CCC=NCC=CC(=N)NCC(C)=CCC(=O)O
752,760,CCCC=CC=C(F)CCl
753,761,CN=C(C1)CCSC=C1O
754,762,NCCCCCCCCN1CC2CC2(C)C1(C)O
755,763,C1S(C2)C=NC=CCC1=N2
756,764,N=CC=C(C1)CC(=O)CC(O)=N1
757,765,N=CC(C1)C2C(=O)C=CN=C2CCCC1
758,766,CC(C)(C1)NC(O)CO1
759,767,CC=CC=CC(C)N
760,768,CCCC(C)CNCCCC1C=CC=C=[SH1]1=CN
761,769,CF
762,770,N1CCCCCCC1
763,771,NCC(=O)NC(=O)CCC(C)NCCl
764,772,C1CC(C)(C)CCNCC1O
765,773,C1NC(C)=CC(O)NC=CC=C1
766,774,CCCC1CCC=C=N1
767,775,C=NC(O)CCCCNCCCC
768,776,CC([SH1])(C=C1C=C2C=CC3=C2)C=CC1C3
769,777,N1C=CC=C(O)C(O)=CC=C1C=CBr
770,778,O=CC=C(O)C=CN=CC=C
771,779,CS(=O)N1C=CC=CC=CC=CC=CC=C1
772,780,CCC=C(N)C(=O)O
773,781,CCS(C(C)CN=C1C=CO)=C=C1
774,782,S=C(F)C=NN=C(O)C=CC1=CC=CC=C1
775,783,C1(O)C=C2N=CC=CC2(F)N1
776,784,CC(CCS)C(C)CCCCC#C
777,785,C=C(CC=CC=O)CSCC=C
778,786,CCCCC(O)=CCCCC1CCCCCC=C1
779,787,CS(=O)OCCCC(Cl)=C
780,788,C#CC=CC=C(C)C1=CN=CN=C1[NH1]
781,789,C(=C)C=C1C=C(C=CC=CCCl)C=C1Cl
782,790,O1CC(C)=CC=C1NC2=CC=CC=C2N
783,791,CN(C1)CC(F)=NC=C1CC=CS
784,792,CC(C)CCC(C)SCC(=N)OC(O)C
785,793,CCC[NH1]C(=O)OC=NCCC(N)CCS
786,794,O=C1C(C(=O)OC=O)CC=CC=C1COC
787,796,NCC(=O)OC(C)CC=CC(=O)C=CO
788,797,CC
789,798,C1CO1
790,799,C=1=CC=C=CC=1
791,800,N=CN=C(OC=CCN)C(=O)O
792,801,O=C1CC=CC=C1COC(=O)O
793,802,C1C(N)NC1C2=CC=CC=C2
794,803,CCOC=C1C=CC=C1
795,804,C=CC=CC(=O)C=NCOC=C1C=N1
796,805,C12C3=C1CCCC3C=CC=CS=C2
797,806,CC=CN(O)C1=CC=CC=C1C(=O)O
798,807,CCCCC(C)(C)N(O)F
799,808,COC(=O)CCO
800,809,N1=CCC(C)CCC=C1C(=O)O
801,810,OC=C(O)C=C1C=CC(C=NC)=C1CS
802,811,N1C(CCN)C(=O)C(C)NC=N1
803,812,CCOCN(O)CC(=O)C=CC(C)O
804,813,NCC(=O)CCCCF
805,814,CC1=CS(=O)OC=CC=CC=C1C#C
806,815,CNOCCCCNCO
807,816,CCCCC(CC1OC=C)C=C1C
808,817,CC=CN=CC=CC(F)=CC#C
809,818,CC=NC(C(=O)C)=CNC(=O)OC
810,819,NC1=CC=CC=C1C(=O)N
811,820,C=CNC
812,821,NCCOCC1=CC=C(Cl)C=C1O
813,822,OCCCCOC(COC=CC)=C
814,823,CCCC1=CC(=S)N=C(C2)CN=CC1=N2
815,824,O1N=C(N2)ON=CN2NC=C1
816,825,NC(C)OC(C=1)CCCN=1
817,826,OON(C)C=O
818,827,CNN(O1)C(CCC)CC=C1
819,828,CCC(O)CCCCC=CC=O
820,829,NC=CC=NC(C1)=CNC(=O)CCN1
821,830,N=CCC1C2=CC=CN12
822,831,CCOC(N)=CSS(COC(=O)CO)C=CCC
823,832,CC=CC(CN)C[NH1]C=CC=CF
824,833,OCN(C)CC(=O)C=CC=CC(C)O
825,834,CCCCC=CC(O1)C=CC(C)=C1
826,835,C1=CC=CC=C1C=CC=CC=C
827,836,CCC1=CC=CN=C1CC(=O)NNC
828,837,C(C)#CCCCC(C)CC
829,838,OC(=O)C(CCC1)NC(O)SNC(N)=C1
830,839,C12C=CC=CC=C1NC[NH1]2
831,840,CCCC(C)CN1CN=CC=C1
832,841,CCC=C1CC=CC=C1C
833,842,N1CCCCCC1
834,843,CC=CC1(C)C(C)C1COC
835,844,C1=CC=CC=CC=C1N=C2CCC=CC2
836,845,CCC(C)(C)CC=C1C=C(Cl)C=C1
837,846,N=NC=CC=C(O)CC(N)C(=O)O
838,847,C1CCCNC(C)CCCC1
839,848,OC(=O)OC=CC(=O)C(Br)[NH1]C=C
840,849,CC=SC=C1C=CN=CC=C1
841,850,CC#CCC(C)(O)CC=CC=CC=CC=CCl
842,851,CCC(C)COC(=O)O
843,852,CCN=CC=CC1=CCOC1C(O)CO
844,853,CCC(CC1(C)CC=O)OCCO1
845,854,C(O)C=C(CNC1(C2)CC)CC1C2C
846,855,C=NC(=O)C=COC(=O)C
847,856,CNC(C)NC1CCC2NC1(S)C2F
848,857,C12NC(=O)OC1S=C2CN
849,858,C=CC=CC(C)C=O
850,859,NC(=O)NCC1CCNN1
851,860,CC[SH1]C=CC=C(Cl)C1=CC(F)O1
852,861,CSC=C1C=C(S)S(C=C(CN)C)C=S1
853,862,NBr
854,863,N1C=NC=CC1(CI)C
855,864,CN=CC=C(O)C=CCPC
856,865,O=C=NOCCCCCCCC
857,866,COC=CC=CC=CBr
858,868,C=NN=CC=CC=C1C=C=CN=C1CCC
859,869,C1(O)C=NC(C)CN1C
860,870,C=S(O)C(N)OCOS=O
861,871,SC=C(O1)C=CC=C(Br)C(C)(Cl)SC=C1
862,872,O1C(N)=C=C(O)C=NS=C1
863,873,COC(=O)OCN(CCC)CN=CC=CN=C
864,874,ClCN=C(OC=CN=CC=C)Cl
865,875,CCC(=O)C(N)C=CC1=CC=CC=C1N=N
866,876,CCCCN1CNCCC1N=C=O
867,877,OCC=C(N)CC=CC1=C2C=CC=C1C2
868,878,CC(=O)NC=NC1=C(Br)CO1
869,879,CC=CCC1=CC=CN=C1
870,880,ICCC1N(C)CCC(=O)C[NH1]C1
871,881,CCNC=C1NCCC=N1
872,882,C=1OC=1C=CC(C)NCNCCCC2SCCC2
873,883,C=CC(C(C1=NC2)=CN=C1)NCCCC2
874,884,CCC(C)S(O1)=CC(O)C=NCO1
875,885,CCN=NC(C)C1=NC=CC=NC(CN)CS1
876,886,C=CC=CC=CC=C1C(C(=O)NN)C1
877,887,CCNSCC=CO
878,888,O=C(N)CCSC1=CC=CC=C1
879,889,CCOCCC=CC1=CC=CC=N1
880,890,CC1=CCOC1COC=NCNNCOCO
881,891,C(C)(C)C=CC1=CC=CC=C1
882,892,CCCC1C(=O)SC=N1
883,893,OC(C)C(O)C1(C)OC=C1N2CC=NC=C2
884,894,NC(CC=CC=C(O1)C=CC)=C[NH1]1
885,895,CC=CCC=CC1=C(O)C(O)C=C1
886,896,C=CC(O)C=CSNS(O)C(=O)O
887,897,CCCNCCOC(O)CCCO
888,898,CC(C)(C)OC(C)CCC
889,899,C1CC=NC1C(=O)NC(=O)NCNCO
890,900,NNC(O)CC(C1)=NCCNC=C1
891,901,CC=CC=C(N)N(C)Cl
892,902,CCC=C(F)N=CN=NC(N)=C=CC=C
893,903,OC=CC=CCC1=CC=CN=C1
894,904,CCCCC(C)CC(CCC)=CC#N
895,905,CCCC(C)(O)OC=CCC=O
896,906,COC=CCCOC=C1C(=O)C2=CC=CC=C2S1
897,907,OC=CC=C[NH1]C=CSC=C
898,908,C=C(C)NCCPCNC(N)(C)F
899,909,CCOC(=O)NC=CC=CC=C
900,910,CCC=NC(N)(O)C(C)=CC=NC(Cl)=CNCC=C
901,911,OCO[NH1]CCC1CCN2C=CC=C(O)C2=C1
902,912,CC=C(C)NCC1CCCCC1CC
903,913,CCNCNC(C)(O)ON
904,914,NCC(C)COC(=O)O
905,915,CC1=CC=CC=C1C2=C(N)CC=C2
906,916,CCOCC(O)C(=O)OCOC(=O)NCO
907,917,C1C2CC=CC=C2SC1N=C
908,918,NC12CCCN3C1C(=O)C3C2
909,919,CCCCCCCC(C)C1=CC=CC=C1
910,920,CC1CCCCC12CCCCC2
911,921,C=CC=CN=C(N1)CC=NC=C(Br)C1=C
912,922,O=CC=CCCCCCCN=CC
913,923,OCCN1CC=CC1C=CS
914,924,O=C=C1N=CC=CC2=CNCC2CC(C1)C#C
915,925,CCCCC=C(N)CCCC1(O)CCCC1
916,926,CCC(=O)OC(=O)CCCC
917,927,COPC=O
918,928,C(C1)(=O)C2C(=O)OC=C1CC2C
919,929,CCCC=C(O1)C=CC=CC=CCNC1
920,930,OCC(=O)CC1(Br)C=CN=C1
921,931,C1OCO1
922,932,C(N)COC(Cl)CO
923,933,NN=C(O)C=C1C(C)=CC(C)=C1NI
924,934,C1=CC=C1C=CNCC(C)C(C)=CCCO
925,935,OCCCOC=CC(Cl)O
926,936,O=C(C=O)C=C
927,937,O1COO1
928,938,CNC=CC=C(S1CC)CC=C1
929,939,CCN(C)SC=C1C=C(O)CC=C1
930,940,CCCCC=C1C=C(C=NC=C1C)O
931,941,COC(CCCOC(=O)CF)CC(=O)O
932,942,COC(C)CCCC(=O)CC
933,944,NCN(C(=O)OC(=O)NC)S=NC(C)N=C
934,945,NC1=CC=CCN=C1
935,946,CCOC(=O)CNCC(C)=CC=CN=CC=C
936,947,N=CN=CN1OC=CC=C1SON
937,948,CCCCCCCCCSC(=O)O
938,949,C1CCS1[NH1]CNCBr
939,951,C(=O)=CCC(O1)CCCCC1
940,952,NC1CCNC1CBr
941,953,CCC=CN=C(O)CNC1(O)C=CC=CC=C1
942,954,NC(=O)SC1(O)C(CC)CC=CC=C=C1
943,955,CCC(C)C=CC1CC2C=CC=CC=C1COC2
944,956,C=CC=C(C)CCNCNC
945,957,CC1(C2)C=CC=C1CC(=O)CC=C2
946,958,C#S1(N2)CCCNCCCC=CC1=C2
947,959,C=CC1=CC(N)CCCCCC1
948,960,N1CCCCC12C=CC3=C2N=CC=CC(=O)O3
949,961,C=CC=CN=CC=CC=COOO
950,962,CC1C(C)CC=C2C=CCN=C2NC1
951,963,CCC=CC1SC=CC=C1OCN=C
952,964,CNCCCCNCNCCC=NC
953,965,C(=O)C(C)CCCC1CCC=C1
954,966,CC1OC=CN(Cl)C=CC1(CC=C2)C2
955,967,N1C=C2CC=CC=C21
956,968,C=NCC(=O)COCC=CCC
957,969,CCC#CC=CC=CC1=CC=C2C=C1C2
958,970,C(S)C=CC=C(O)C=CC1=C(C=CC)C1
959,971,CCCC(C)CCCl
960,972,CCCCC1CCCCC1
961,973,O=O
962,974,CCCCOC(C)CC(=O)CC(C1)CC=NC1
963,975,CCCCCC1CCCC2=CC=CC=C2N1
964,976,CN=NC=C
965,977,CCCCCl
966,978,CCCC1(C)C2=CC=C1N=C2
967,979,C1C=CC=NC=C1C(C)=CC
968,980,N1=CC=C1C2CCCCC2
969,981,NC=1CCCCSC(CC=O)C=1C
970,982,NC=CC=CC=C1C=CC=CCCC=C1
971,983,OBr
972,984,CC=NCS(=O)SS
973,985,OC(=O)C=CC=C(O)C=CCl
974,986,C1OC=C(C)N=C(S)C=NCN=C1CC
975,987,N=CC=C(OC(C)=CC)CO
976,988,CNCCC(N)C(=O)CC=O
977,989,O=CC1=CC(N)C(=O)NC1
978,990,CCCCC1OCC2C(C)N=CC=C12
979,991,CC(C)C(O)C=C(N)NC=C1C=CNC=CC=C1
980,992,CC(N)NCCCN=C
981,993,C1C(=O)CC1C=CCC=CO
982,994,NC(N)C1CC=CC=C1C=NC(C)=C(C)[SH1]#N
983,995,C=NS1C=C(C)CC=CC=CN=N1
984,996,BrC(N)C(=O)C(Br)CN1C=NC=C(C)ON1
985,997,O=C(O)C=CC(C1=C2C)=CC=C12
986,998,CC1=CC=CC=C(Br)C(N)CN=C1S
987,999,CCSCC(C)C1(C)CCN=C1C=N
988,1000,C(OCC=CC=CC=C)CC=CC=C
989,1001,NCCCCCC=CC=C=C(C)CO
990,1002,OC=CC=CC1=C(S)CC=C1S
991,1004,CCCCC(=O)O
992,1005,CCC(C)CCCCC=CNC1=CC=CC=C1
993,1006,OCOC(C1)(Cl)C=C=C1CC2CCC=C2Cl
994,1007,CC=NC=O
995,1008,CC=NC=CSC(=O)CCC=O
996,1009,C=CC(=O)C(=O)CC1=C2C=CC=C1C#C2
997,1010,C1NCNCC1SN=O
998,1011,FC1OC=SOCC(O)C(Cl)=C1
999,1012,C=CC(C)C1NP2CC(F)(N)N1C2
1000,1013,COC(N)CC(O)C1=C(I)CC=C1
1001,1014,C=CC=C1N=C(Cl)C=NCCC(P)C1N
1002,1015,N=CS1(C)OCN=C1C=CC(=N)O
1003,1016,C#CCC(=O)NC(=O)O
1004,1017,CN=NC=CC=CC(C)C(CCl)=C
1005,1018,O=CC(C)=S=NCC(=O)O
1006,1019,C1CCC=CC=C2C=CC=C21
1007,1020,CCON=C1C=CC=CS1OC(=O)O
1008,1021,COC(C)OOC(N)=CC=CCCOC=O
1009,1022,COC1CC(Cl)=C(N)OOCS1
1010,1023,CNNC=CC1=CN=CC=C2C=CCC2=C1
1011,1024,N1CC2CCCC2O1
1012,1025,C=NC(O)C=CC=CCC1C(O)=CC=C1
1013,1027,CCOC(O)C(C)(N)CC=1CCCC=1
1014,1028,OC=C[NH1]C(=O)C1CCCCO1
1015,1029,C=CN=CS1C(C)(N2)OCC=CC2=C1
1016,1030,N1N=C(C)CCCCC=C1
1017,1031,C1NS(COC(C)CNCC)CCC1
1018,1032,CCCC
1019,1033,CCOC=CC=CBr
1020,1034,C=S(C)COC(=O)OONCCCC=CC[NH1]C=C
1021,1035,O=C=CC(N)(C)OC(=O)O
1022,1036,CC=C(CCCC1=CC=CC=C1)Cl
1023,1037,CCCCCCC1CC=CC2=C1NNC(C)C2
1024,1038,SCO[NH1]CCCC(C)=O
1025,1039,CCOC=CNC=CN(O)C(=O)OC
1026,1040,CCCCNCCCC(C)CCCCC
1027,1041,CNC[NH1]C=CC1(C)CCCCC=C1
1028,1042,C1CCOC(CCC)=CC=C1S
1029,1043,CI
1030,1044,C=NPC(C=C(C)C1CCC)(O)COC1
1031,1045,C1OC=CC12C3=CC(Cl)CC2CC(Cl)=C3
1032,1046,CC[NH1]C=CC=CC(=O)C=CCC
1033,1047,N1OC(CC=C1CCC)Cl
1034,1048,CCCCNCCCCCCC1CCC2C1CCNC2S
1035,1049,CCC=C(N)CC=C1C2=CC=CC=C21
1036,1050,CC(=O)NC=C
1037,1051,C1N=C(C)NC1C=CC=CC2=C(C)CC=CS2
1038,1052,OCCCCN1C=CNCC1C(=O)O
1039,1053,C1=SOC=C(CCN)CCCC12C=NCC2
1040,1054,CC1C=C(N)CC(=O)N=C1
1041,1056,CCC1C=NC=C1CCP
1042,1057,CC(N)=CC=C1C=NC(C)CN=C1
1043,1058,ONC(=N)C(C)CC(C1)OC=COC1
1044,1059,C(=O)C(=O)C=NC(C)=CC=C(Cl)C
1045,1061,CCCCCC=NC=NS1C(C=CN=C1)C
1046,1062,C=CC=C(CCC)C=CC=O
1047,1063,O=CC=CC(=O)OC=CC=CC
1048,1064,CCC(=O)C=CC=C(CC)CC=C
1049,1065,CCCC1=SC(O)NC=CC=CC=C1C
1050,1066,CC=C1C2=C=CCS1C2=O
1051,1067,CC(C)CCCC(CNCSCCC)CCC
1052,1068,CCCC(C)(C)C=CC(C)=CO
1053,1069,C(C)(=O)CCCCCC1C(N)CC(S)C=C1N
1054,1070,OC=C1SC2=NC=C3C2OCC=C3C=N1
1055,1071,O=C(C)OC[NH1]CCCCCCC(CO)C
1056,1072,C1C(C(O)C2=CC)NCC21
1057,1073,C1=CC=C2C=C(O)CC=C2C1
1058,1074,O=CCN=NC=CC=CC=CC(=O)C=O
1059,1075,CCN=CC=CC=CN=C1C2C1S2
1060,1076,OC(=O)N=C(O1)C(=O)CC=CCN=C1N
1061,1077,O1C=NC=CC=C(N)C1Br
1062,1078,COC(CC1C(C)(C)C)CCO1
1063,1079,N=C1C(C2=CC)=C(C2I)NC=NN[NH1]1
1064,1080,CCC=C(C)N=C(CCC)N1CNCC1
1065,1081,NCCSC=CC(Br)=CC=C
1066,1082,C1CCCCCC=NC(N)CCC1=O
1067,1083,NC(C)C=C1C=CS(C)C1
1068,1084,CCNCN=CCCCCC=S
1069,1085,CC1COC=C2N1CCCCNOCCCC2
1070,1086,CCCCC(=O)OC(CCCC1CCCC)C1
1071,1087,NC12CCCCCC=3CC1=CC=3C2
1072,1088,CCN(CCCCC(=O)C)CC(C)C
1073,1089,SCC(=O)CCCC=1CCCC=1
1074,1090,C1CCOCCCCCC=N1
1075,1091,NCNC(=O)CC1C=CC=N1
1076,1092,N=NOC(O)CC1C(C)CCCCCC1
1077,1093,NCC=CCCC(=O)NCCl
1078,1094,CC(C)C=CC=CC=CC=C(Cl)CC=CC=C
1079,1095,O=C=CSCCC
1080,1096,CCOOSC=CC=CC(=O)O
1081,1098,CCCCNCC(=O)CC(=O)O
1082,1099,CC=CC(C)C#N
1083,1100,CCCCC(=O)ON
1084,1101,C1CCOC1CCC(=O)OC
1085,1102,N=CC=C(Cl)C=CN=CC=C=O
1086,1103,CC1(N)C(OC=CC=O)OC=CP[NH1]1
1087,1104,CCCC=CC=CC(C1C(C=CNC=C)ON)=C1
1088,1105,NC(O)C=NCPOCOC=C1C=CC=C[NH1]1
1089,1106,C=C1CNC2=C(CC=CN)C2C(NC)CC1
1090,1107,CC=NCC=C(N)CC(O)=NCF
1091,1108,CCOC(C)CC
1092,1109,NCSCCC(N)=CC1=CC=CC=N1
1093,1110,CCCSC1=CC=CC=CC=C(Br)C1[NH1]
1094,1111,C12OC1NC(=O)C=C2P
1095,1112,CCCC(N)CC1CC2CC(C)C2C1O
1096,1113,CC(=O)C(O)C(N)F
1097,1114,CCC=CC=C(C=CC=CC)CS
1098,1115,N=CC(C1)OC=NC=CCC1C
1099,1116,SCC(C)=CCCC1OCC=CS1
1100,1117,CCCCCCC1=CNC=C1Cl
1101,1118,CC=CN=C(N)C=C(O)SC(O1)C=CC=C1C
1102,1119,CCC=NC(C=CC)(C(C)ONN1)CC=CC=C1Br
1103,1120,CCC=CC1=CC=C2C1C=C2
1104,1121,OC(C)(O)C(N)C(=O)CF
1105,1122,O1CNC1C=CCC=CC=CC=O
1106,1123,CCOC=CC=C(Br)C=C(Cl)CC
1107,1124,NC(=O)NC=CC1=CC=CC=C1
1108,1125,C(=O)C
1109,1126,CC=CN(CCC1C2CCC3C1C=N)CC2C=NC3
1110,1127,O=C(C)C(C)=CCCl
1111,1128,COCCC=C(Cl)OC=NC(C)=O
1112,1129,CC(=O)C(C)Cl
1113,1130,C=NC=NC1=CC=C2C=C1OCC2
1114,1131,CC(C)=CCC(=O)C(O)CCCCCC=C=O
1115,1132,O(N=1)COC=CC=C2C=CN=C2C=1
1116,1133,N1CCNC(=O)NN1NC=CN
1117,1134,NNCC1C=C2C=CC=C2C1
1118,1135,C1COC(=O)ON=C(C)SC1
1119,1136,O=CC(CNC)CCCNC1CNCCC1C
1120,1137,NC=C1C=CC(N)C=CC#CC=C1O
1121,1138,OSC=CCC=CC1=CC(O)C1=C
1122,1139,CCC=CC1=C=C=CC2=C1C(O)C2N=C
1123,1140,CCCC1NC=C2C=C(O)C=C2COCS1
1124,1141,CCN(O)NC=CC(O1)=C(Cl)OSC=C1C#N
1125,1142,CCC1C=CC=C(O)C=CC=COC1
1126,1143,COCCCCC=CC1=C[NH1]COCCN1
1127,1144,CC=C(O)C(=O)C=CC=C(C)C(C)CC
1128,1145,CC(=O)C=C[NH1]C1=CC=CC=C1
1129,1146,CCCCC=C(O)C=NC=C
1130,1147,CCC1=CC=CC=C(C)O1
1131,1148,O=CC1=C(COCCCCCC(O)C1)O
1132,1149,COCC12NCCCC1C(=O)N2
1133,1150,OC=NC=CN=CC1=CC=CC=C1
1134,1151,OC(=O)NCCO
1135,1152,O=CN=CC1=CC=C2[NH1]C=CC=C2C1=O
1136,1153,NC=CC=C(C1)C(Cl)C=CNC=CC=C1
1137,1154,CCCNCCNC[NH1]CNCCCN
1138,1155,C1CCCCC(CC2CCCN)=C12
1139,1156,CCS(=NN)CNCNC(Cl)Cl
1140,1158,CC=CC(NC1C)CCCC(C)C1
1141,1159,NOC(=O)NC(C1)CPC=C1
1142,1160,C1CC=CC=C2N=CC=C21
1143,1161,N(N1)(O)CCC=C1C(C=O)C2C[NH1]C(O)=N2
1144,1162,CC=C1C(N)=CC2=CCSC=C2N1
1145,1163,OC(C)CNCOC=NC=CC=NC#C
1146,1164,C1NC(=O)CCN2C(Cl)CC2N1
1147,1165,C#C
1148,1166,OC=C[NH1]C1=CCC(O)=C(O)C1O
1149,1167,CNC=CC(C=NCCC=C1O)C(=O)CO1
1150,1168,C12OC1(C=C(C)C=CC=N)C2N
1151,1169,O(C)CCCCCSC(C1)CC1
1152,1170,CCC(O)C=C1C(Cl)=CC=C1Br
1153,1171,CCNC(=O)O
1154,1172,CCOC=CNC(C)=CCl
1155,1174,CCC=C1C=CC(O)=CN=C1N
1156,1175,CC=C(C=C1C=C(Cl)C)C1CCC=O
1157,1176,CC(=O)C=CC1=CC2(Br)SOC2S1
1158,1177,CC=CC1(Br)C=CC=CCCOC1
1159,1178,CCCCCCC=CC=C1CC=CC=C1
1160,1179,CC(COC(CN1)CC=NC)=C1
1161,1180,NCCC(C)OC(=O)C(=O)O
1162,1181,CNC(O)C(C)CCCCC1CCCC1
1163,1182,CC=CC1=CCC(Cl)=C1
1164,1183,O=CC(=O)CCC(=O)N
1165,1184,O(N)CCCOCCOC=NO
1166,1185,CCCNC(=O)CCCC(=O)CF
1167,1186,O=CNC=C(O)C(N1)C(O)C=C1S
1168,1187,CC(=O)C1CC=CC=C(O)C1
1169,1188,CC=CC=CSCC1CCC=C1S=N
1170,1189,CCNC(C)=CC1=CC=CC=C1O[SH1]
1171,1190,C(=O)CCC=CN=C(S1)C[NH1]C=C(Cl)C=C1
1172,1191,C=CN1CC=NC=C1C=C
1173,1192,C(O)CCCCCCCC
1174,1193,C=NN1C(C)CN1COC(Br)=C
1175,1194,CC=CC=C=CC1NC=C2C=C1CN2
1176,1195,CNC=CCC1=CN=CC=C1F
1177,1196,CCN(C)C(C)CC[NH1]C=NCO
1178,1197,CSC(=O)OC=CNCCC
1179,1198,CC1C2C=CCC(C)C2OC1
1180,1199,NCCOC1=CC=CC=C1Cl
1181,1200,O=C(N)C=CN=CC([SH1])C=N
1182,1201,NSC=CC=C(C)OCCC=SSBr
1183,1202,OOC=CCC1C=NS=C1Cl
1184,1203,O=C1SC=CC=C1C(=O)OS
1185,1204,O=CS(=O)OCC(O)CCCCC
1186,1205,O=CN(N)C=O
1187,1206,C1CON1C(=O)OCCCCC=O
1188,1207,C1C(C)C(=O)C(CC2=O)CCCC21
1189,1208,COC=CNNC=C
1190,1209,CCNC(=O)C=CC=CC=CC=S=N
1191,1210,CC=S(C)CCC(C)=O
1192,1211,C12OC=CC=C1CC2SC
1193,1212,CCCCNNC1C(C)(O)N1
1194,1213,C=1CCNC=CN=1
1195,1214,SC=CC=NC=C(Br)CC(=O)O
1196,1215,O=CC=C1C2=CC=CC=C2C1=O
1197,1216,C1N=CC2(C=CCC(N)=C2N)C1C=C
1198,1217,NC(N)C=CC=CCC=CC=C(O)C=C
1199,1218,CNNC(=O)CCCC(C)(C)C
1200,1219,C1[SH1]N(C)OC(Br)C1=CC=C
1201,1220,C1C(=O)COC=CC1(C=CC)C=NC
1202,1221,OC(=O)C=CC(C=NC=C1C)=CC(O)CC1
1203,1222,CC(C=C1C)C(CCC(C)O)C=C1
1204,1223,CC=CC=C(CCNC1C)CC=CC1=O
1205,1224,OCC(=O)O
1206,1225,O1C(=O)C1CC=CC=CC=CC=C
1207,1226,NC=CC=CN=CC=C(N)C=CN=C
1208,1227,OC=NNCO
1209,1228,C=CC1=CC(C=O)NC=C1O
1210,1229,CCCCOC=N[NH1]C(=O)N(O)C
1211,1230,CC=CC(O1)C=NC=C2C=CC=C2C=C1
1212,1231,O=C(CCCC)CC=NC
1213,1232,NC=CC(O)NCCOC(=O)O
1214,1233,OC=NC=C[NH1]C=C1C=C(Cl)C=C(Cl)C1
1215,1234,CC(CCCCC=CC1CNC=O)(O)C=C1
1216,1235,CCOC(=O)C(O)SC(C)=CCC
1217,1236,CC=CC=CC=CC=C(C)C=O
1218,1237,NCC(=O)OC=C1CC(Br)C(C=NC)C1O
1219,1238,C1N=CC=N1
1220,1239,CCC(CC=C1SN=N)C=C1C(=O)NCC
1221,1240,O=CC=CC(C)=C(Cl)NCCC
1222,1241,CCCC=C(C)C=CC=CCl
1223,1242,C=NNC=NN(N)C(C)CCCC
1224,1243,N=CC=C(Cl)C(O1)CP(=O)C=CC=C1
1225,1244,OC1C=CNC1CC(=O)N2CC2N
1226,1245,CCC(O)C(=O)Cl
1227,1246,O1C=C(C12OO)C3C2C3
1228,1247,C=1CC2C=1CC=CC=C=CCC2
1229,1248,C=C(C=CC=O)NC(=O)NC
1230,1249,CC=CC=C(O)CCCC1=CC=CC=C1
1231,1250,O=CN(N1)CC(C)CC[NH1]C1C=O
1232,1251,N=CN(SCCCCCCS)C(=O)O
1233,1252,OC=NNC1=CCC(O)=C1
1234,1253,O=CC=C(N)C=C
1235,1254,CN=CC=CC1=C(F)CC=C1Br
1236,1255,C=CC=CC=CN=NCC=CC=C=C
1237,1256,CCCCCOC1=CC=CC=C1OC
1238,1257,NC(O)=C=NC1OC(O)=CC=C1
1239,1258,CC(N)C(C)CC1=C(O)C=NC=C1
1240,1259,C1C=CC=CC=NC1O
1241,1260,COC=CC=C(Cl)CCOCO
1242,1261,CCN1CCCC1CC=CSCC
1243,1262,CC=CC=CC=CC(=O)N=COC=C(Cl)C=CS
1244,1263,CC=C(N1)C=NC2=CC=CC=C2N1
1245,1264,NNC=CC
1246,1265,CCC(=O)OC(=O)CCCCCCC(C)C
1247,1266,CC(C)SC(=O)C(O)C(O)C=NC(=O)C=O
1248,1267,CN1CCC2C=NC1CC=C2C
1249,1268,CC=C(C)C(C)C(=O)NCOCCN
1250,1269,CCC(O)CN(C)C=O
1251,1270,CCC(CCC1NC)C=CSC(=O)[NH1]1
1252,1271,CC=CC=C(C)C=CC1=CC2=CC=CN=C2C(O)C1
1253,1272,COC(C)C(C)CP(C)NCCO
1254,1273,COCC(C)C1CC(C)OC1C2=CCCN2
1255,1274,CC1=CC2=CC=CC=C2C1
1256,1275,C1(C)CCCSC=NC=C1C(F)C=O
1257,1276,OC(=O)NC(=NCC(=O)COC=O)C
1258,1277,CNC(C)CCC(C)CCCCCC=CN
1259,1278,C1(N)C(=O)CC=CC=CC(=O)C1
1260,1279,CC(C)C=CC=CC1=CC=CC=C1N=O
1261,1280,CBr
1262,1281,O=C(N)C=C(C)CCCC=C
1263,1282,CNCC=C
1264,1283,C1(N)C=NC=CC=C2C=C1OC2C=N
1265,1284,NC=C(C)CCC1C=NN=CCC=C1
1266,1285,COOC(CC=CC=CC=C)(Cl)C=CC=CC=C
1267,1286,NCCCCOC(=O)OC=O
1268,1287,O=CC1=CC2=CC=CC=C2C1
1269,1288,C12=C(CNCC)C(C)CCC1N2
1270,1289,COC=CN(N)CC=CNCCC=C
1271,1290,CCCCC(C)CCNC=CC=C=C(C)N=C
1272,1291,N=C1C=CCC#CC=CC2CC12
1273,1292,O=C(O)C=CC=CSP=NCBr
1274,1293,C1CCN1C=O
1275,1294,C1C(O)CCC(O)=CC(=O)OC1=O
1276,1295,CN=CC=CC=CC=C1C=C(Br)C1C
1277,1296,O(N=CCC=CC=CBr)OCO
1278,1297,N(=O)C=CC(=O)CC=CCF
1279,1298,C=C(O)C=O
1280,1299,NC1CCCC1O
1281,1300,ON=C[NH1]C=CC=SCCCCC
1282,1301,CCOC=C1C2(C)CCC1C=C2
1283,1302,C12CNCC1(CC(C)=C2)Cl
1284,1303,C1OCC=NN=CC=CC=CN=C1
1285,1304,CNC=CC1=C(N)CCC1NC(N)CCC
1286,1305,CC=CN=C(Cl)C=C1C=C[NH1]C=C1CCOS
1287,1306,CCC1CCCCC=CC(Br)=N1
1288,1307,C1C2=C3C=CC=C3C2OC=CC=C1C=N
1289,1308,CNC(=O)O
1290,1309,C1=C(O)CCC1C=S(=O)NCCCCC
1291,1310,CC1=CC=CC(OC=CC(C)Cl)(C)C1
1292,1311,N1CSCCCC1
1293,1312,CC=CC1=CC=CC=C1C=CC(Cl)C=C
1294,1313,CCCCCC(C)OC=O
1295,1314,O=C(Br)SC(O)C(=O)C[NH1]
1296,1315,COC(O1)P(C=SN)(O)C(C)=C1F
1297,1316,NCCSCC(C)SC(=O)O
1298,1317,N1=CC=CC=CN=C2C=C(C)NC2C1
1299,1318,C1C(=O)OC=CS1
1300,1319,O=C1C=CC2(C)C=C1C=CCC2
1301,1320,O1C(C(N)C=CC)(Cl)C1N
1302,1321,CC=CC(=O)C=C(C)CC(=O)C=CS
1303,1322,C=CCC(C)=CC1CC(C)OS1
1304,1323,COC=CC=C1C=C=CC=C1CCNC
1305,1324,COCC(=O)C=CC=CC(Cl)=C
1306,1325,OOC1=CC=CC2=C1CCC2NC
1307,1326,CCC(O)OCOC(=O)CCCC
1308,1327,C=C(CCC1(Cl)C)C(N)C(O)=C1
1309,1328,OCCCCCC1C(C)CCCCNC(C)N1
1310,1329,C(=O)CCOCC1C=CCC=C1
1311,1330,C1=CC(C)C1(C=COC=CCC=O)N
1312,1331,CN(C)OC1(C=CC=C2C#C)C(N)=C1C2
1313,1332,CSC1=CC=CC=C2CC=CC=C21
1314,1333,CCP(O)CCCC(C)CC(C)=CC=C
1315,1334,COCCC(C)C(C1)CC2CCCC2C1=N
1316,1335,CC=C1C=CC=CCON1
1317,1336,N1C(CCC=CC)N(O)C1S
1318,1337,CCC=CC=CSC(=O)CC=CC=CO
1319,1338,N1C(=O)NCCC=CN=C1
1320,1339,O=CC=CC(C)=C(CF)C=CCSC(=O)N
1321,1340,CC=C(C)CC=C1C(C)N=C1
1322,1341,CCC=SCCC(=O)NC(O)C=CS
1323,1342,COC1(CCCC2CC)C=CC21OCC
1324,1343,O(CCCCl)SC=O
1325,1344,CCC(=O)C=C(C)NCCC(CO)O
1326,1346,C1C=CC=C[NH1]C(=O)OCCC1
1327,1347,O=C(NC=CC=C(N1)CC=C)C=C1O
1328,1348,C1=CC=C1C=CC=CC=C
1329,1349,C=CC1=CC=COC(Cl)C=CC=C1
1330,1350,O1C=C1CCl
1331,1351,N1OC=CC=CC(C)CC=C1N
1332,1352,NC(=O)CCC=C(O)C(=O)O
1333,1353,CCSC#COC(=O)CCOC
1334,1354,NC(=O)C=CN1CCCC1
1335,1355,CC=CC=C(N)C=C1C(C)=C2CCC=[SH1]21
1336,1356,COCOC=CC=CN(C)NC(F)CO
1337,1357,O(C)C(Cl)CC=CNCOCCC(=O)O
1338,1358,O1C=CC(C=CC=O)C=CC1=O
1339,1359,OC(=O)NCC(C)=NC(F)SNO
1340,1360,N1=C(N)C=CC=CS1=N
1341,1361,N=CS=C(C1C=C)CON=C1COCOC=O
1342,1362,N12CCCCC1C2
1343,1363,NC1C=CC=CC=C[NH1]C=CC=CC1
1344,1364,CC#CCCCCC(O)=CC=C(F)Cl
1345,1365,CCCC=NC(F)C=NNC=CC=CC(Cl)=C
1346,1366,CC(=O)C=CC=C(Cl)OCC(Cl)=C
1347,1367,NCCCCCCCC(=O)O
1348,1368,OC=CC1=CC(O)C=C1CNCCl
1349,1369,NNC=NC(C)C=O
1350,1370,COC(C)COC=CC=CN=C(O)O
1351,1371,CN(CCCC=N)CCl
1352,1372,N=NN(O)C(=O)C=CC=CC=CCl
1353,1373,CC(O)CCCCC1(C)[NH1]C=CC=C1
1354,1374,CCCC(COC(=O)CC)C
1355,1375,CCC(N)(C)C=NCCC
1356,1376,C=CC=CC=CC(Cl)C=CC=CC=CN[NH1]C
1357,1377,COCNCOC(C1)CCCC1C
1358,1378,CNC(=O)C(C=O)C1CCCS1
1359,1379,CCOC=CC=C(Cl)C=CN=CC=C
1360,1380,C#CC=NC(C=CC=CC(N)C1=CC)=CC=C1
1361,1381,CCC=C1C=CC=CS1#C
1362,1382,C1=CC=C1CC(=O)NC(O)CNC
1363,1383,CNC=CCNCCC1OCCC1C=C
1364,1384,CNC=1CCSC=1CCCCC
1365,1385,CC=CC=NC=CNC
1366,1386,CC1=C2C=CC(Br)=C2CCC1O
1367,1387,CCCCC(C)(O)OC(C)O[NH1]
1368,1388,CCC(=O)CNC=CC=C(Cl)NCCN
1369,1390,CCOC1COCCC1
1370,1391,C(CCSNC1)=CC=CC=C1
1371,1392,OCCCCCCC(=O)N=C(C)Cl
1372,1393,CCCC#CC(N)CCCC(C)=NO
1373,1394,CCNC=CN=CC(O)C(=O)OC=N
1374,1396,O=C(C)NCC[NH1]C=CC=C=N
1375,1397,CSC=CC(OC1CSCC(C)=C1)=C
1376,1398,SC=CC=CC1C(C)=CC=C(Br)C=N1
1377,1399,COC(CCN)NCCC1C=NC2=CC=CC=C1CC(C)C2C
1378,1400,OC=NCCCCN
1379,1401,CCCOC(=O)OCOC=O
1380,1402,CCCCC(C1C=NCO)C1=CC=C
1381,1403,C1ON2C=CC=C2N(C)CCC1
1382,1404,CC(C)ON1CCCCCNC=N1
1383,1405,O=CN1C=NCSC=C1
1384,1406,CC1=CC=CC=C1OC(=O)NC(CO)N
1385,1407,C1CCC(=C)C=CC=CC(NS)C=N1
1386,1408,CCC=NOCC1=C(S=CCl)C=C1
1387,1409,N1C=CNCCC#CC1
1388,1410,CCC(C)OC=NC(C)C(=O)NCOC(=O)C=CCCl
1389,1411,O(CCNC=O)OC=C
1390,1412,NC=C(CNC=CC)C(=O)CS
1391,1413,CCC=CC=CC(C)C=O
1392,1414,CCC[NH1]CCOC(=O)NC=CCO
1393,1415,CC=COCC1=C(Cl)C(F)=C1SBr
1394,1416,CC(N)C(=O)O
1395,1417,[NH1]C(=O)CCP(=O)N
1396,1418,CCCCCCSCCC(N)(C)Cl
1397,1419,C=CCC#N
1398,1420,CCCCCON=NC=CC(O)=CC=C
1399,1421,C1CC=CSN(F)C(CC)C1=O
1400,1422,OCC=CC=CN=C(C)OC=CC
1401,1423,CC=CC(O)C(O)C=C(Cl)C=CC1=C2C=CC=C1N2
1402,1424,O=S(C)CC1CC=CC=C1Cl
1403,1425,NC(=O)C=CC1=C(I)SC=C1
1404,1426,C(C)C(C)C=C(N)C(=O)N=CC=CCO
1405,1427,C1#CC=CC2CC1C=SCNC2
1406,1428,CNOC(=O)CPCCCC
1407,1429,N=C(C(=O)OC(=O)[NH1]C)NC(=O)CNCNC
1408,1430,N=CCC=CC(O)CS1CC=CC=C1
1409,1431,C=CC=C(CC=CC=C1C=N1)N
1410,1432,N1C(O)C=CC(C)(N)CC=C1O
1411,1433,N=NC(Br)C=CC=O
1412,1434,C=C1NC=CC=C[NH1]C=C1O
1413,1435,O=CN=CCC=CC=C(C=O)O
1414,1436,C=C(C=CC(=O)OC)C=C(N)CC=C
1415,1437,OCC=CC(O)C(=O)NC=C1C(CCNC)C1
1416,1438,C(=O)C(OCCO1)C(=O)OC=CC1OC
1417,1439,C1=CC=C(O)C(C)=NC=C1C
1418,1440,NC1=CC=C(O)C(=O)C=C1C(=O)O
1419,1441,CCOC(=O)C(Br)=CC=C(Br)Br
1420,1442,N1C=C2C=CC=C=C2COS1
1421,1443,NC(=O)CNC(=S)OCCO
1422,1444,CC=CC=NNC=CCC(O)O
1423,1445,NC1=CC=C2C=CSC=C2CCC=N1
1424,1446,CC1CCCC(C)CC1(CCCC)O
1425,1447,COCCCC=CC(O1)C=CC=NC=C1O
1426,1448,O=C(C)N=CC=CCCCN=C
1427,1449,NCCCCCNCC#CCC1CCCN1
1428,1450,CCC=CSN(F)CC=CC=C
1429,1451,O=CC=C1C=CC(=S=2)N1OSCC=2
1430,1452,COC
1431,1453,CCCC(=O)OCCCCCSC(=O)O
1432,1454,O=C(C)OC=C1C=CC=CS1
1433,1455,NNCC(O)C1C2COCCCC1C2
1434,1456,NCC=C1C=C(C)CNS=NC=C1
1435,1457,C1SC=C(NCC)CC1O
1436,1458,OOCN=O
1437,1459,CC=CC=CC=CSC1=CC=CC=C1C=NC
1438,1460,OC(=O)OC=O
1439,1461,C(=O)C(C)CCC1=C(CCCCN)C=C1
1440,1462,CCC(=O)C=CC(C1OC=C)C=C1Cl
1441,1463,CNC=C[NH1]C1C=C(C)NC1
1442,1464,NC=NC(N)C=C1C=CC=CC1C=C
1443,1465,CC=C(O)CC=CC=C1S(Cl)=CC=C1
1444,1466,C=CC=C1C(=O)C(C)O1
1445,1467,NC1=C(N)NCCNC2CC1=NC2
1446,1468,COC=C(O1)C=C(N)CC1OOOC
1447,1469,CN=CC=C(C1OC=C)NC=C1
1448,1470,CCC1=CSC=NC(C)=CC=CSC1
1449,1471,NC(=O)SC(=O)N=NCOC=CC=N
1450,1472,C=CC1(C=2CCCC=2OC=C)C=CC=C1
1451,1473,CC(S)OCOC(=O)C=O
1452,1474,N=CC=CC=CC1C=CN=C[NH1]1
1453,1475,OC1C(C)CSCNSC1=O
1454,1476,C1C=CSC=C1Cl
1455,1477,CCC(C)C(=O)CN1CCCCNC=CC=C1C
1456,1478,CN=CC1C=C[NH1]CC=C1
1457,1479,OC
1458,1480,CCCOC(=O)N=C(O)N=CC=CC=N
1459,1481,OC=CN=C(O)C=CC=NC=CC=C(Cl)C
1460,1482,NCOC=COC(Br)SC=NC1=CC=COS1
1461,1483,N(C)CCCOC=C1SN=CC(C)O1
1462,1484,OC=C(Cl)C1=CC[NH1]COCC=C1S
1463,1485,C=CN=C(O)C=C1CCN=C1C=C
1464,1486,C1ONNSC=C1NNO
1465,1487,COC(N)C(=O)CCCCCCNSC
1466,1488,COC(C)OC(Cl)=O
1467,1489,CCCCCOC=CC=CC
1468,1490,O=CC=CCC=CC=C(CC1)CC=CS1
1469,1491,CCC(C)(N)C1OCNC1=O
1470,1492,NC=CC(=O)C=C1C=CC=C1NC
1471,1493,N=S=C(C)CNNC(O)S
1472,1494,NC=C1C2=CC=C=C1C(N)=C2ON
1473,1495,CC(C)(C)C=O
1474,1496,CCCOCCCCCC1CCC=CC=C1N=C
1475,1497,CC=C1CC=C(Br)C2=C1CCC2
1476,1498,CC(C=C(C)O)C1=CCNCC1
1477,1499,CC=C(C=1)CC(S)C(=O)OC=1Cl
1478,1500,CCCC(=O)OC(=O)N=C1C=CC=CC1
1479,1501,C=NC(C=NCCC)N(C)CNCl
1480,1502,CCCC(=O)N=C(C)CCCC(C)C
1481,1503,NC(C)NCCNCCC1C=CCCC(Br)=C1
1482,1504,CC=CN=CCCCC(=O)COCCC
1483,1505,NC1NC2=NN=NC=C2C1C
1484,1506,CC=CC=CC1=C(F)C=C1N
1485,1507,CCNC=C(N=C(C)C=CC=C1C)CC=C(O)C1
1486,1508,CCCCCSC(CCC)C(O)C(C)S
1487,1509,CC1=CC2=CC=C1N(C)NCCC2
1488,1510,CCC=O
1489,1511,OC(NC#N)C=CC=CN=C
1490,1512,C=CSNC(=O)C(=O)OCC=CC=CC=N
1491,1514,NCOC(=O)C(C(=O)CC1SC)CC=C1
1492,1515,N=C(NC1=C2C=C)C=C2CCC1
1493,1516,CCCNCCCCNC=CCBr
1494,1517,CC(=O)OC=NC(O)C(=O)OC=O
1495,1518,O=CC=CC=C(F)C=O
1496,1519,C1CCCC2=CCC1=CN2
1497,1520,N(C)(O)S1(N)CCCCCCC1
1498,1521,NCC=C1CCNC=C1
1499,1522,CCC(=O)CC(O)CCCC(=O)O
1500,1523,CCCOC=NNC(CC)(Cl)CBr
1501,1524,CC=CC=CN(C)CC([NH1])C=CC=O
1502,1525,CCCCCCCC=CC1=CC=NC=C=C1C
1503,1526,C12C=CC=C(N)C1=CC=C2
1504,1527,CS12CCCC1C=CC=CCC2=O
1505,1528,CNCC=CN1CCC=C1
1506,1529,C#CC(=O)CC(C)C1CCCCC(S)SC1
1507,1530,CC(C)=CC(S)O
1508,1531,O=C(C(O)C)CCNCC(C)N
1509,1532,N=CC=C(NNN)NC=C1CC=NCN1NN
1510,1533,N1CCCCC#CCC1Cl
1511,1534,CNC(O)C(=O)SC(C)CC1CCCCC2C1=C2O
1512,1535,CC=CC=C
1513,1536,C(C)PNCCN1C(=O)CN=C1COCNCCC
1514,1537,O=CC(C)CC=C1C=C(O)C=NC=C1O
1515,1538,NC(=O)CCCCO
1516,1539,CCCCNSCCCCC=C(O)N
1517,1541,CCC(N)CCCCCC(O)O
1518,1542,CCF
1519,1543,O=CC(O)CCC=C1C=CC=C=C1
1520,1544,CCCCOC=CCC=C
1521,1545,CCN(O)CC=NC=CC(O)C(O)O
1522,1546,CCCNCNCCNCCCCC1CC=CC=C1C=O
1523,1547,N=CCCC=CC=C(NC=CC=CC1=CC=CC)C1N2CCCC2
1524,1548,N=1C=NN=1
1525,1549,C1C=C2C=C1C=NC=CC=C=C2N
1526,1550,CCCCC1N(O)OCC1C=SN
1527,1551,NSC=C(N1)CCCCCC2CCC1C23C=CC=CC=C3
1528,1552,N1C(O1)C(=O)C=CC=C=C
1529,1553,O1CN=C1SC2=CC=CC=C2CC
1530,1554,C(C1C(C)CC=C)CN=C(O)N1
1531,1555,CCOC=CC(N)Cl
1532,1556,CC=CC1=CC=C2C=C1N3C2C3
1533,1557,SC1=CC=CC2=CC=C1C2
1534,1558,CC=CC1=CC2=CC=C1OC2P
1535,1559,CCCNCC=SC=O
1536,1560,CCC=CN(C(=O)C)CC(Cl)=CC=C
1537,1561,CC=CCC(C)CC#CC(=O)O
1538,1562,OC[NH1]C=O
1539,1563,C1#CNS(=O)OCCC1O
1540,1564,COC=CC=C(Br)CC=NC=C
1541,1565,C=C(C=C(C)CCC)CCCC[NH1]C(=O)CC=O
1542,1566,CC(=N1)C=CC=C(F)COC=C1[NH1]C
1543,1567,OC=CC=CC1=C(O2)C(O)=C1C=C2
1544,1568,C=NC=CC=CN(Br)NC(N)Cl
1545,1569,C=CC1=CC=C=CC=C1CCCCC
1546,1570,C(C)OC=CC=CC(O)=CCCC=C
1547,1572,COCC=CC1(C)CC1
1548,1573,N(=C)CC=CC=NC=C(C)C1CC1
1549,1574,CCCCC=C(CC1=CCC)OSC1
1550,1576,NC(C)=CC(C)CC(C1)C(O)C1=O
1551,1577,O=CC=CC=CC(F)=CC=C(CBr)Cl
1552,1578,OCCCC(Cl)=CC=CC1=CC1
1553,1579,NCNCCNC(=O)C(C)OCOC
1554,1580,CCCCOC=CC=CC=C
1555,1581,NC(CCCCC)COCC1COC2=CC12
1556,1582,CC=CC(F)=C(C)OC=COC=CC#C
1557,1583,CCC1CCCC1=O
1558,1584,CSCOC=CCNCC=C(C#1)CC=C[NH1]C#1
1559,1585,N1(N)C=NCCP(C2)C2=C1
1560,1586,CN=C(C)CF
1561,1587,O=CC(C)=NC(C)=CC1=CCC=CN=C1
1562,1588,SNN1C=CC=C1OC(O2)C(S)N=N2
1563,1589,CCS1C=CCC2=CC=CC=C2C1
1564,1590,NC=CC=CC=C=C1C=C1N
1565,1591,CNCCCC(C)CCC1C2=CCC1(OC)COC=N2
1566,1592,CCNCCCCCCOC1NCC=C1
1567,1593,O(CC1C(O)C(C)C)C=N1
1568,1594,NC=CC(F)=CCCl
1569,1595,C12C3(CCCC1(C)CN4)C2CCC4C3
1570,1596,CN1CC=CC2SC=C(C)CC2O1
1571,1597,CCCN(C(C)C12CCC)C1C=C2
1572,1598,CN=COC(CCO)C=NC=C1C=CC2=C(O)CCC21
1573,1599,NC=CNCCNC(=O)CC(=O)O
1574,1600,CCCC(O)=CC=CBr
1575,1601,OC(=O)NCCCN(C)C(C)SC(C)O
1576,1602,CC=CC=CC=CC=C(C)N(O)POC=C
1577,1603,CCOC=CC=C1C=C(C)CCC1C=O
1578,1604,O=C(N)C(=O)F
1579,1605,COCC=CC1=CCNCN1N
1580,1606,CC(NCCCCC=C1CC=CC)=C1Cl
1581,1607,O=C(OC[NH1]C)CNC(=O)O
1582,1608,C(C)COC=C(C)F
1583,1609,CCC1=CC=C(Br)C2ONCCCC21
1584,1610,CCC1=CCONC=CC=CO1
1585,1611,CC#N
1586,1612,CC(C)C1C2NC=CC3=C(N)OC3N=C12
1587,1613,CCC(=O)OCCNC1CC=CC=C1CN
1588,1614,O=C(C(N)C(=O)CC)NC=CC=CC1(Cl)NOC1
1589,1615,NC(=O)COCCOC=NNC(=O)CCCC=NN
1590,1616,CN(C)NCF
1591,1617,CCC(C#1)CCCCC#1
1592,1618,NCC(C)CCN(C=NC)C1CSCC1CO
1593,1619,NC[NH1]C=CCCN
1594,1620,C=C(C)Cl
1595,1621,C=CCCC1CCCO1
1596,1623,CC(=C=C(O)C=CC)CC1(C=CO)CC1C=O
1597,1624,CCCC=CC(N)=CC=CC=NO
1598,1625,CC=CN=CC=CC1=CC=CC=C1
1599,1626,CCCCC=NC=O
1600,1627,CC=NC=CC=C1C=CC=C=N1
1601,1628,COCC=NC(O)C=CC(O)C=O
1602,1630,C1N(C=COC2=CC=CC)C21CS
1603,1631,NC=NNSC=SC=N
1604,1632,CCCCCCOC=O
1605,1633,CCC(CCC(N1)CC)CC1CO
1606,1634,C=NC(CCCC)O
1607,1635,CC(CNOC(C)NO1)C=CC=C1CS
1608,1636,CCCCCNC1C2=CC=CC=C2CCCC1
1609,1637,O=C(N)C(OSNC(C)C)O
1610,1638,CC=C
1611,1639,COC=NCCOCC(=O)OCCCO
1612,1641,CC(N)CSN=C1C=C(C2=C1[PH1]C)O2
1613,1642,C=CC=C(O)S(N)C=C1CCCC=C1
1614,1643,CN=C(C)CC=C1C(O)N=CC=C1
1615,1644,CNC1CC=CC=C1CC2C(O)CC=C2
1616,1645,CN=C(CC=CN(C)C1C)COC=C1O
1617,1646,CC#CC=CC=C1SC(S)=C(O)CC=CC=C1
1618,1647,C1CC2=CC=C1CC2O
1619,1648,O1C=CP2OC=CC=C=C[SH1]21C=CN=O
1620,1649,C1C=CN1CC2=CC(CO)C2
1621,1650,CCCCCC1CC(=O)C=CC=CC=C1F
1622,1651,CC=C1CC2=C(CN)CCCCN=C1C2
1623,1652,C=C(N)CC=C1C(C)=CC=CC=C1
1624,1653,CC=C(N)CC[NH1]C(C)CNCC
1625,1654,OC(O)CC=CN(O)CCNCC1COC=C1
1626,1655,CC=CC=C(CN)C=CC(O)=C(Cl)NC1=NCCC1
1627,1656,COC1=CC=CN=C(N)CC(Cl)=C1
1628,1657,COCC(=O)C1=CC=CN=C1
1629,1658,O1CCNCCCC=C1
1630,1659,CC=C(O)C(C)NOC(N)COC
1631,1660,CC1=CC=CC=NN=C1O
1632,1661,O1C=CC(=O)C=CSC=CN1
1633,1662,CCCC(=O)OCCCCCCCO
1634,1663,CCC(C)CNC(C)CC
1635,1664,COC(=C)NNC=C(N)C=CC=N
1636,1665,CC(=O)CCCOCC(Br)=CC=CC=C
1637,1666,CCCOC(=O)C=CC=CC(=O)O
1638,1667,NCCCC1=CN=CC#C1
1639,1668,CC=NC=C(C)NC1(S)OC1
1640,1669,C12CCC(C)CC1COC2
1641,1671,CCCCC(CC(=O)N=CC=C)C=CNOBr
1642,1672,SC=NC(N1)CCOC(C)(O)C=C1
1643,1673,CCCCCNCC(=O)OCO
1644,1674,C=CN=C=C(Br)C(F)(O)C(F)=C(Cl)F
1645,1675,C1C=CC(=O)OCCNC(C)=C1
1646,1676,OCOC(=O)NC(=O)NCOC1=CC=CS1
1647,1677,CCC(=O)NC(=O)C=CC1=CC=CC=C1
1648,1678,NCCCOCOC(C)(O)NCC
1649,1679,OC=CC=CC1(CC2=CC=C1OCCN)C2
1650,1680,OC=CC=CC=C(C1=CC=CC=C1)C=O
1651,1682,C=CC=NC=CC=CC(C)=CC=CC=C
1652,1683,C1CC=CNC=C1
1653,1684,OC(C)C1=CCC2C=CC=CN2O1
1654,1685,CCOC(C)C(CC1C)(N)NC=N1
1655,1686,CCC=CC=CC=C(C1)N=CCN1
1656,1687,NC=CS1C(F)=CC=C1
1657,1688,CCC(C)CCN1NC(=C)C=C1OC
1658,1689,C1CCCCNCCC=C1C=C=CCF
1659,1690,C1CCC=CC1CCCC#N
1660,1691,C#1N=CC#1
1661,1692,CCC(C)C(C=CC=C(N)CN[SH1]1)=C1
1662,1693,CCOC(=O)N=CC=C(C)NNCCCC=CC=C
1663,1694,CCC1CC(=O)N=C1CCCCC
1664,1695,N=NCC1(C)CN=CC=CC=CO1
1665,1696,O=CC=C1C=C(C(=O)N1ON)CCO
1666,1697,O=C(C1=O)C(C)C1C=CN
1667,1698,COC(=O)CCC(C)CCNCCCC
1668,1699,C1NNCCCCCCC1
1669,1700,O=C(Cl)CCCF
1670,1701,NC(O)C=CC(C)=NCC
1671,1702,C=CC=C(C(=O)N)C(=O)OC=S
1672,1703,C=C(C)SC1=NC=CC=C1C(=O)O
1673,1704,C1=CS(C)N=CC=CC=CC1
1674,1705,NCC=CC(C)=CC(C)(O)O
1675,1706,NC=NN(C)C(=O)OC=CC=CC=C
1676,1707,COC(C)C(=S)CCC
1677,1708,CCC(=O)CN1C(C)NC(=O)NC1O
1678,1709,OCCC=C(O)C=CBr
1679,1710,CC1CC=C2C=N[NH1]C=C21
1680,1711,CNCSC=CC(=O)C=C
1681,1712,CCCCC=C(CCC#CC)COC=N
1682,1713,C(=O)F
1683,1714,CCCC=CC=CC=C(C(N)C(O)C)C
1684,1715,CCCCC=NC(C1=CC=CC)=C1Cl
1685,1716,CC=CC=CC=CC=CC=C(CCCCl)C=C
1686,1717,CCC=CC(=O)C=C
1687,1718,CC(=O)NC1=CN=CC=C1C
1688,1719,CC=CN=C(OCNC=O)C(C)OC=O
1689,1720,NC=CC(O1)CCCCC1CO
1690,1721,CCNCCC(O)C(=O)C=NC=O
1691,1722,CCCC1C2=CCCC2CC=CC=C=NS1
1692,1723,CSC=CCNC(=O)SN
1693,1724,CC(N)(O1)CC=CC=C(Cl)C1=O
1694,1725,COCNCCCCCO
1695,1726,O=COC(C)(N)CC[NH1]C(C)=O
1696,1727,C(=O)ONOC=C1C=C2C=C1C(=O)N=C2
1697,1728,CCCCC(=O)CCCC
1698,1729,C#CCC#CCCC=NC(=O)N
1699,1730,CC(C)N=CSN1C=CC2=COCC1=C2
1700,1731,C1C=CC=C(C)N=CC=C[NH1]1
1701,1732,C=CCCCOC=CC1=CC=CC=C1C2CS2=N
1702,1733,CN=C(Cl)C1CCCCC(S)CC=C1
1703,1734,CC(C)C[SH1](C)O
1704,1735,C1N=C(O)C1=C2C=CC=C(Cl)C2=C
1705,1736,CCCCCC=C(Cl)C=CC=C
1706,1737,NCNC(=O)COC=NCNCCCCC1CC1
1707,1738,C(OC(=N)C1NNC)=C1CC(=O)O
1708,1739,O=C(N)[NH1]C(COC(C1)C)(Cl)C[NH1]N=C1
1709,1740,NCOC(=O)C=C1S(C)(Br)SC(F)N1O
1710,1741,SC(C)OC(C)NC(=O)OCCC
1711,1742,NC(N)C(C)C=O
1712,1743,C=CCC=C(COC1=O)OC=N1
1713,1744,NCOCNC=S(C)=CC(O)C=C
1714,1745,CCCCCCCCC1=CCCC=C1
1715,1746,C#CC1CC(F)=CC=C(F)CN1C
1716,1747,O=C(F)CCC=CC=C1C=CC=CC=C1
1717,1748,NCCCC
1718,1749,C=CCC(Cl)=C(CC=C)C=CC
1719,1750,CCCCC(C)OC
1720,1751,C(C(=O)N(C)C=NC=CC=C)=O
1721,1752,CC(=O)CCCS1C2=CC=CC=C2C=N[NH1]1
1722,1753,CNCC=CC(C(C)CCC=CC)(O)O
1723,1754,C1OCNCNCNCCC1
1724,1755,CCNC(=O)C(=O)NCNC(N)C=O
1725,1756,CC(=O)C(C1(S)CCCC)CCCOCC1
1726,1757,CCC(C)CCCCC=CC=CC(C)Cl
1727,1758,O=CC=CC(O)C(C1)CSC=C1
1728,1759,CC(CCOC=C)C=NC=CC=C
1729,1760,ClN1C=C(C)OCCCC=C1
1730,1761,CC=CC(C=1)C(N2)=CC=CC=C2C(=O)C=1C
1731,1762,CNC(=O)SCCCBr
1732,1763,C1C=CC=C(Cl)NC([NH1])CCO1
1733,1764,NC=CCN=CC=CC=CC=[NH1]
1734,1765,O(CNCC)C1CCCCCCCC1
1735,1766,NCCC=CN(Cl)CBr
1736,1767,COC=CC=C(C)CCNCCF
1737,1768,COC=CNCCC=NC1=C(C=CC=C1C(C)=C)C=C2CC2
1738,1769,S#CC=O
1739,1770,CSC(N)CCC=C(O)C(C)O
1740,1771,CC(C(C)NCNCC)CCNC
1741,1772,CNC(C)COCCCCl
1742,1773,ON1OCCCC1=CCC2C=CC=C2
1743,1774,CCC(=O)C=C(SCC1)C(=O)NC1
1744,1775,C1C2CC(O)C2C3=CC(C)=C4C=CC=C1C4C3=C
1745,1776,CCCCCNC(C)C1CCCCC1=O
1746,1777,C=1CCCC(C)C(O)C=CC=1
1747,1778,C1CC=C1OC2CC[NH1]CC2=O
1748,1779,C=CN=CC=C(Cl)NCC(S)C(=O)O
1749,1780,NP(=O)C(O)CC(S)C=C(C)OC
1750,1781,O1C=CCC(C2)C2CCC1
1751,1782,O(N)CCC(C1S2C(C)CC)(C)NC2C=N1
1752,1783,C1CC2C=CC(O)=CN=C1S2
1753,1784,CCC=NCC=C1[NH1]C(=O)C=NC=CC=C1
1754,1785,CNC(C)OC(C)(O)C=CC1(Cl)N=CC=C1
1755,1786,NSC=NCCC1C(C)SC=CC1=C
1756,1787,CCCCCC(=C1)C(CF)=CC=C1F
1757,1788,C(N)C=NCNC(C)=CC1=CC=CC=C1
1758,1789,OCCCCC(C)CC1COCO1
1759,1790,CCCCCC(=O)OCCC1CNC[NH1]CC1CO
1760,1791,OOC1(C2)OC(C)OCNC12
1761,1792,CCOC(C)(N1)C(C2)=CC=C1C=CC=C2NC=CS
1762,1793,OCC(O)COCNC=CNCCC
1763,1794,CC(C1)C=C(S)C(C)(C)CO1
1764,1795,N1SCOC=C1CC(C)=O
1765,1796,ClC#CCC1=CC(C)CCC=C1C
1766,1797,O=C(O)C[NH1]C=CC1=CC=CC=C1CCC=C
1767,1798,CNC=NC(CC#CC)=CCC=CC1=C(C2)C1=N2
1768,1799,N=NC(C=NCC=NC)=CC=C=S
1769,1800,O=CC=CC=CC(=O)O
1770,1801,CCC(=O)C=CC=C(C)C(=O)OO
1771,1802,OC=CC(=O)N(CNC(=O)O)[NH1]NCCC1CN1
1772,1803,SC=CC=C1C(=O)SC=CC=C1
1773,1804,CCOC=NC=C(N)CCC
1774,1805,CNOC(C)CCCC1=C(O)C(=O)OC=NC1
1775,1806,CCC1SCCNC1
1776,1807,C1C2=C1OOCN=CC=CNC(=O)C=C2
1777,1809,OS(N)CC(N=C(C)C1=CC)=CC=C1
1778,1810,NC(Br)C(C)=CC=NCC=C
1779,1811,CNC(C)(O)CC(O)=C(N)C(C)S
1780,1812,CCN1C=CC2=C(Cl)C1CNCCC2
1781,1813,COCCC(C)CCCCCCCO
1782,1814,CCCCC(=O)C=CC=C[NH1]
1783,1815,C1C2C3CC1C=CC(Cl)N=CC=CC2S3
1784,1816,O=CC(N)CC1=CC=CC=C1C
1785,1817,N=NCNC=CC=C1C=C(Cl)C1CC=N
1786,1818,C1CC=CCC(C)=CC1
1787,1819,N=CC=CC=C1C=C2C3=C4C=CC2=C3C4ON1
1788,1820,CCNC=CC=C1C(C=CC=C1)C=CC(C)Br
1789,1821,C1C=CC1CC2CCCC=C2O
1790,1823,CCC(C)OC(C)=CC1(Cl)NCC1C
1791,1824,C1C=NC(=O)NC1
1792,1825,CCCC1=CC=C(Br)C=C1
1793,1826,C1C(C)P1=CC=CNCC=NC=CC=N
1794,1827,C1C=C(N)SC=CC=C(F)C=C1
1795,1828,O
1796,1829,O=C(C)N=C1SOC=C1
1797,1830,CCCCCC1CC2COCC=C2C=C1
1798,1832,OC1CC=CC(C)=C1NC2CN2
1799,1833,C1C=C(NC=CS1C=C)Cl
1800,1834,C1C=CC=C(C=C1C=NC=C2O)C[NH1]OC2Cl
1801,1835,O=CC=CP1=NC=CN=C1C=CC2=C(Cl)CN=C2C
1802,1836,O=C(N=CC1=CC)C=CC1C(C)(C2)C2
1803,1837,OC=CN1CSC=NCNCCCO1
1804,1838,COCCN1C=CC2=CC=CC=C2O1
1805,1839,CSNC1CCN(O)OC(=O)CC(O)CC1
1806,1840,O=CSC=CC1=CN=CS1
1807,1841,CCSCCCOCCC1=CC2=CC=CC=C2C1
1808,1842,C12C=C1C=CC2COC=C
1809,1843,C=NC1=CC=CC=C1
1810,1844,C=1=CCCC(C)CCC=C=1
1811,1845,CC(=O)CCCCC(O)C(O)C(C)C
1812,1846,C=C1C=CS2SC(C)(O)CC=C21
1813,1847,NCNCCC=NC(=O)OC=C
1814,1848,C=C=C(O)C=CC=CC=CC=C
1815,1849,OCC=NC(N1)=NC=CC=C1C
1816,1850,CCCN=NCP=NCOC=CC
1817,1851,N1C(C)N=C2C=CC3=CC=C1C2C3
1818,1852,CCCCC(=O)NC(O)CCO
1819,1853,O=CC=C(C)SC=CC=C(C=O)C=O
1820,1854,NOC=CC=C(C1NC)N2NCC1CC2
1821,1855,CCOC(=O)NC1=CN=CN=C(C=[SH1])COC=CO1
1822,1856,OC(C1)=CC=C(C=C1)C=CC=C2C=NC=C2
1823,1857,CCCC(N)S=1=CC(Cl)CC=1CN
1824,1858,NCNCCN(C)C=O
1825,1859,CN(C)N=C(C=O)CCCC
1826,1860,CC(=O)C1C(CC(F)=CC=CCO)=CCC1
1827,1861,CC=C[NH1]C(N)C(=O)CC(=O)N
1828,1862,CCC=NCCl
1829,1863,BrNN=CCCC=CC=C
1830,1864,C(C=CNSCC(=O)ON)CCCCl
1831,1865,CCCCOCC(=O)OCO
1832,1866,CCOC=CC(C)CCC1S=CC=CC=C1Cl
1833,1867,NS(=CCCCC)CNC1=CC2=CN=CNN12
1834,1868,CC=CC(C1)=CCC(O)=C1
1835,1869,CCC(CNCCC1N=CCC)[NH1]1
1836,1870,O=CC1=CN=CC=C1N=CCCCl
1837,1871,N#CC(=O)NCCC1C2C3(C)CC2C3C=C1
1838,1872,C(C)CC1=CC=CC=C1NCCOCO
1839,1873,C1NC(=O)CC1OCC(C)C
1840,1874,CC(CCC(C)C1NC=NC)=C1
1841,1875,N1C(C(=C)C)=CC2=C1OCC=CSOC2(O)C
1842,1876,OC=CC1=C=CCCONOCCC(=O)O1
1843,1877,CNCN(NC=C1C=CC)[NH1]C1=CC=N
1844,1879,N1=NC=C2C(NCCC2C)CCN1
1845,1880,NCCC1=CC=CN=C1
1846,1881,CC=CC=CC1=CC(Cl)C=C1CCCl
1847,1882,C1C=NC=C(O)C(O2)C=C1CC=CC2(Cl)O
1848,1883,C12CCCOCC1COC(O)C2
1849,1884,CCCC=C1C(N)C2=CC=CC=C=C21
1850,1885,CC=C(C1)CNCCC1COOO
1851,1886,CC(C1CC=N)NC(=O)C=CC=C1
1852,1887,NC1=CCN=CC=CC=C1
1853,1888,N(=O)OCPCNSOOC
1854,1889,CC=CC(=O)CF
1855,1891,COC(=O)NC1SC=NC=C1
1856,1892,C=CC(COC=N)C1(CCCCC1)C=CC
1857,1893,CCCCS1CCC=NSCN1
1858,1894,CC(C)OCC(=O)OCOC(N)(C)CCC
1859,1895,NN=CC=C(C12)CCCC1N2
1860,1896,CCCNCCC(=O)C=C(C)Br
1861,1897,N1OCCCCCC(C)=CC=C1
1862,1898,O=NC(=O)OC=C=C=O
1863,1899,NCC=CC=C(N)C=CC1=CC=CC=C1
1864,1900,CC(O)=C(N)CC(O)CNC(O)C
1865,1901,NC(=O)CC1OC=CC=C1C2CC(C)C2
1866,1902,CCC(=O)NCOON
1867,1903,C1OCCCCCC1
1868,1904,OSC(=O)NC=CC=C(O)F
1869,1905,C1(=NOC2=CC3=CC=C2)CC3SC1
1870,1906,N1=CC=C(O)N=C1
1871,1907,NC=CC1=C([SH1])C=C1
1872,1908,CCOC=NC1=CN=CC=C(C)CC=CC=C1N
1873,1909,CCC1(C)CSC=C1OC
1874,1910,CCCC1C2=CC=CC=C1CC=C2C
1875,1911,C1C=C1O
1876,1912,CC(NCC)CC1SCS2=CC=C(Cl)C1C2
1877,1913,CCNC(=O)CC=CC=C(F)Cl
1878,1914,CC1=CCSC=C1C=O
1879,1915,CNCN1CC=CN=CC=C(CC)CC1C
1880,1916,COC(=S)NCC=CCCC1=CC=CC=C1
1881,1917,NCCN=CC=C(CF)C1=CC=CC=C1
1882,1918,C=CC=CCN=CC(=O)OC[NH1]N
1883,1919,C=1OC=CC=C(C)CCCC=1
1884,1920,CC=C(N)C(=O)C=CCC(C)N=C
1885,1922,CCOCC=NN=CN
1886,1923,C1=CC=C(C)CC=C1NN2NCCCC2
1887,1924,C=1C=C2C=CC=CN(N)CC2=1
1888,1925,CCC[NH1]CCCCC=C1C=CCNC1
1889,1926,CCC(C)(C)C1CC2NC3CC=CC=C3N1O2
1890,1927,CCCOCNC(=O)C[NH1]CCOC
1891,1928,OC(=O)CNC(CC)CCCC
1892,1929,CC(C)OC(CC)(O)OC
1893,1930,NOCCC=NSCCC=C
1894,1931,CC(C)C(N)C(=O)OS
1895,1932,O=CC=CS1(C)(C)=CC=CCC1OS
1896,1933,N1=CCCC(N=2)CNCC1=2
1897,1934,CC(C1N=C(C)C2CCCCC)C1C2
1898,1935,NCCOC
1899,1936,CCC(O)C(C(=O)C)(C)N(O)O
1900,1937,OC=C(O)N=C1C=CC=CC=C1
1901,1938,C=CS(CNC)CCC=C(Cl)Br
1902,1939,CCNOC(C=CC=CC1)=CC=CCO1
1903,1940,OC(C=C(O)C=CC=CC=C)N=C
1904,1941,CC1CC=CC=C1C2=CCC(=O)C=C2N
1905,1942,CCCCP(C)(O)NCN
1906,1943,CCS1CC(=O)OC=CC=CC1(Cl)C
1907,1944,C1(=O)CCC12C(=O)C=CC=C2N
1908,1945,ClC(C(C)(N)C)C(O)C(=O)O
1909,1946,CCC[SH1]C(N)CCC(C)N
1910,1947,C=CSC=CC1=CC=CN(C2)OC=CN=C2NO1
1911,1948,C(C1)=NC(CC=CN)=C(Cl)SC=C1
1912,1949,CN=C(C)NC1=CN=CC=C1C(=O)O
1913,1950,N
1914,1951,CCOC=CC=C(O)C=C1C2=CC=NC=C12
1915,1952,C(C)C#CCCl
1916,1953,C=CC=CC=CC(=O)SC=CC
1917,1954,CC=CCCC
1918,1955,CC=CC1=C(N)CC=C1COCC
1919,1956,C=CC=CC=C(CO)CC1CC=CC=C[NH1]1
1920,1957,OC(C=SOCCCCC)COC(F)=CC=CF
1921,1958,CNC1=CC(C=CC=CC=CC=C)C=C1
1922,1959,CC=CC(Br)COC(I)(C1)CC=C1
1923,1960,N1C(=O)NCCCC1CCCC(C)Br
1924,1961,OCC(=O)NC=C1C=CC=C1S
1925,1962,CC=CCNC(C)(C=1C=CC=C)C=1
1926,1963,C1CCN=CC=CC(=O)OC1=O
1927,1964,BrCCC=C(Br)C=CCC
1928,1965,C1C=CC=CC=C1[NH1]
1929,1966,CNCC=CC=CC=C(Br)CCl
1930,1967,N(C=NC=CC=C)(Cl)NCO
1931,1968,CNNCC=CC=C=C1C(C2=CC=CC)=C2NC1
1932,1969,CCOCC(C)C=O
1933,1970,CCC=CC1=CC(=O)C=CC=CC=C(S)C=N1
1934,1971,COCCC(C)C(C)NO
1935,1972,CC(O)[NH1]C=C1C=CC=CC1C
1936,1973,N=CCCC=COCC
1937,1974,O1C(C=C1OC(O)C=CNC)NO
1938,1975,O=CN=C=CN=CC(C)CCC=S
1939,1976,CC=CC=C(Br)CCC=C1C2=CC=CC=C21
1940,1977,C1C(O)S(=O)(C)N=NC(=O)OC1
1941,1978,CCOC(C)CN1C(O)C(COC2=CC)=CC=C12
1942,1979,O=CC(C)(O)CC=CC=CCl
1943,1980,C=1CC=C(Br)C(=O)C=1
1944,1981,CC=CC(=O)O
1945,1982,CCCOC=CNC1=NC=CC=C1
1946,1983,CC(C)C(=O)COC(=O)O
1947,1984,C1COC(=O)OCCC1=O
1948,1985,CS(O)OCCCC(C)(O)C(C)OC
1949,1986,CC1(N)C(=O)NS(N)N=C1
1950,1987,CCCCC(C)=CC#CC=CC=CC1CNCCCC1
1951,1988,NC=CC=C1C=CC=C1[NH1][NH1]
1952,1989,CC=CC=CC=CC(Cl)C
1953,1990,CC#CC=O
1954,1991,NC=NC1=CC2=C(I)CC(Cl)=C2S1
1955,1992,CCNNCC1NCOC1C
1956,1993,C=CC=CNS1(C)=CC=CC1OO
1957,1994,CCC=C(C[NH1]C=O)CC(C)O
1958,1995,CCOC(=S)NCS(O)CCC#N
1959,1996,NCCC1CCCCC1=O
1960,1997,O=C(N)CCCC(Cl)CNCC
1961,1998,C1C=CC=S(C)C=C1C
1962,1999,O=CC(O)CC1=CC=CC=C1C=NCBr
1963,2000,O1C(=O)N=C(C)NC=CC=C1Br
1964,2001,CC[NH1]C=C1C=CC=C1O
1965,2002,CCC1CCC(N)(C)C=C(Cl)OC1O
1966,2003,CCC=NC(C)CC
1967,2004,CC1CCCCCCC1=O
1968,2005,O1C=CC(O)C=CC=N1
1969,2006,C=C(O)C=C1NC=CC=C1Cl
1970,2007,CCC(CC)CC1CCC=C1
1971,2008,N=CCPC=NP(=O)=CC=CCl
1972,2009,PNCOSNSC(O)C1OC=CC=C1OC
1973,2010,ONOC=NC=1C=CC2=CC=CC=C2C=1
1974,2011,NC(=O)C(=O)CCC=CC=C
1975,2012,C=CCC(C)C(=O)C=CC=C(Cl)C=C1C=C1O
1976,2013,CS(C1)CC(O)C=COC1
1977,2014,N(=O)CC=C
1978,2015,N1C(O)CCC2(C)OC=C2C=C1
1979,2016,O=CC=CC(Cl)C=C
1980,2017,O=C(CCCCCCCNO)OC=C1C(CBr)C=C1
1981,2018,CCC(I)C=CC=C(CC(F)C1)C=C1O
1982,2020,CC(COCCO)C=O
1983,2021,NNCNC=CCC(O)O
1984,2022,CON=C(C1CC)CC=C1
1985,2023,CC=C(C(=O)N1CCC)CC1
1986,2024,COC=NC=C(Cl)C(Cl)=C
1987,2025,C1=SC=CC=CC=C(C=O)CC=CC1
1988,2026,CCC1C(C)=NC=C1O
1989,2027,NOC(N)C=CC=C=NCOC
1990,2028,NOCCCOC(C)CCCNCC
1991,2029,COC=CC=CC(C=C1NCP(C)C=CCl)=C1N
1992,2030,N=CC=C=C(C1)SC=CC=C(Cl)C1=NN
1993,2031,N#CCCCC(C)C1CCSCC1
1994,2032,C1CC(C)(C)CN(Cl)CC1
1995,2033,NN=NC(C)CCC1SCCCC1=O
1996,2034,COCNCC1=CC=NCC1
1997,2035,C1C=CC=CC=CC2=C1CCC2
1998,2036,OC1=CC=CC=C1C(C)OP
1999,2037,O1NCCC=C1C=CNC#C[NH1]N=C
2000,2038,CCC(=O)CC1[NH1]CC(C)CCC1
2001,2039,CCCCCCCCCCC(=O)C(C)CC=CNN
2002,2040,NCC=CC(=O)C=CC1=CN=CC=C1NC=S
2003,2041,NC=CC=C(OCl)CCCCSCO
2004,2042,N=CC1=C(C)CO1
2005,2043,CCC=CSC(=O)SC(=O)OC(=O)NC=CN=C
2006,2044,CC=C(N)C12CN=CC=C[NH1]C=CC=C1O2
2007,2045,CC=CC=C1C=CC=C[NH1]1
2008,2046,CCCC=C(C1)CC(C)CNCC1
2009,2047,CC(O)C(O)=C(C)C=O
2010,2048,CN=NC(C(=O)C=CC1=C)C=COC1C(C)CC
2011,2049,COCC=CC=C[NH1]CCC=N[NH1]
2012,2050,O1C=CC=CS1CSCN2CC2
2013,2051,OC=CC(C=C(O)CCl)=C1C=CSCC1
2014,2052,CNC(=O)OC=CC=CC=C
2015,2053,CC1CC(CC)(N)C(C)CCC1
2016,2054,CCC(C)(O)C(O)C1=NC=NC1
2017,2055,CNCC(C)CC
2018,2056,OC=CN=CCCC1(Br)C(Cl)C=N1
2019,2057,N12N(C3)OC1=CC=CC=CN=C3C2
2020,2059,NC=NN=CN(C1)C=CS(C)C1=O
2021,2060,NN=CC1=CC=C(N)C1C
2022,2061,S12CCCC=C=CC(C1)SC2
2023,2062,N=CC1=C(O)CC=C=C1
2024,2063,N1CCC(C)C2CCCC2=C1
2025,2064,C1C(=O)N(C=C2C=O)CONCC1C=C2
2026,2065,C1NC=C(CCC2OCCOCC)C1=C2
2027,2066,NC=NC=C1C(C2=CC=CC=C=C2)C1
2028,2067,C1C=NCNC1N2CCCC2=C
2029,2068,N1=CN=CC=C1C=NC(C)CC#N
2030,2069,CCC(=O)C=O
2031,2070,C(O)COC=C(F)C=CC=CC1=C2N=CC=C2S1
2032,2071,CCCCCO
2033,2072,NCCCCCC=O
2034,2073,C1CCCNCCCCC(C)S1
2035,2074,CC=NNC=CC=C
2036,2075,C(C)CCC=CC=CC(Cl)CO
2037,2076,NC=CC=CC#CCC(O)C1=CC=CC=C1
2038,2077,CC(C)(O)C(N)CC=CC1=CC=CC=C1
2039,2078,CC(N)COC=NNCCCCCC(C)=C
2040,2079,N1C2CCCC1=CCSNCCC2
2041,2080,C1C=C1C2NCNCCCCC2
2042,2081,OC=CN=CC=C(C)C1(C2C=CC=C1)C=N2
2043,2083,CC1CC(CCCOCC)OCN1O
2044,2085,CCCC(C(C)N)Cl
2045,2086,C1C=CC=C1CCCCO
2046,2087,NCCCC=NC=C1C(O)=CC=C1
2047,2088,COC=1C(C(C)NCNC)(O)C(F)CC=1
2048,2089,CC=NC=CN(NC)CC1(CC2=CN=C13)CC2C=C3
2049,2090,CC12NC3=CC=C1C(C)=C3C=C(C)N=C2
2050,2091,OCC=C(C)CCCNC
2051,2092,CCC1(OC=CC=C1C=O)OC
2052,2093,COC(C(C)CCC)OC=O
2053,2094,CC=CC=C(C=NCO)CC(=O)OO
2054,2095,C[SH1]=CC(CC=N)C1=CC=CC1=O
2055,2096,CCCCC=CBr
2056,2097,OC=CC=C(Br)C=O
2057,2098,C1OC=CCC(=O)NC#C1
2058,2099,CC=C(N)C(=O)C(C)C1NC2CC=CC=C2O1
2059,2100,N=CCOC(=O)C
2060,2101,CC=CC=C(CCCSCl)CF
2061,2102,N1=NCC(=O)C=CCC=C1
2062,2103,CC(N)CC(C(C1)(C)C)CNC1CCC2CC2
2063,2104,CCCC1=CS=CC=C1OC=NN[NH1]C
2064,2105,CCNC=CC=CC=C(C)C=O
2065,2106,NCCCCCCCCC=C1C2=C(C=CC=C2[NH1])CC1
2066,2107,CCC(CC=NC1=CCF)N=C1
2067,2108,N=C(C)C=O
2068,2109,COC(C1CC2)(C)NCCC2=C1C
2069,2110,CC=CN(C)C1C=CC(=O)NCCN=C2C[NH1]C1C2
2070,2111,COCC=CC=CSC#N
2071,2112,COCCCCC(C)NC1=NN=C(F)C=C1N
2072,2113,O=CC1CC(=N)CC=CN=C1
2073,2114,O=C(CCNN=C1C(=C)CBr)C1[SH1]
2074,2115,CCS1C=CC(C=CC=CC)=C1Cl
2075,2116,CC=NC=CC1=NC=NC(=O)N=NN1
2076,2117,CSC=C(C)CCCCCC=NC#C
2077,2118,CCC(C)CNCCCCC1=CC=CC=C1C=NCO
2078,2119,CC#CC=N[NH1]C(=O)C1(O)C=CS1
2079,2120,CCCCCCC(=O)OC1CCNCC1C(C)CC
2080,2121,CNOSC(C)CC
2081,2122,OCNC(=O)NBr
2082,2124,C=C1C=CC2=C3C=CC=C2C3C1
2083,2125,NC1=C(CNC)C1NCCCCCO
2084,2126,CC1C(N)CCC(C2)C(O)C1N2
2085,2127,O=COC[NH1]CC=CC=C
2086,2128,N=S(C)C=C(C)SC=CSBr
2087,2129,C=CC1=CN=CC#C1
2088,2130,CN1C=CC=CC=CC=C(Cl)C=C1C
2089,2131,CC=1C[NH1]C=CC=1N=O
2090,2132,C1C=CC=C2C1C=CC=C(Cl)C=C2
2091,2133,C1OC(C2)CCC1CCCC2O
2092,2134,CCCCCC(=O)C
2093,2135,OC=SC(C)C=CC=CC=CC(Cl)CC
2094,2136,CCC=CC(C)=CC=CC=CCN
2095,2137,C1CCCNC(=O)CCCC=N1
2096,2138,CNN=C(F)C=CC=C(Br)C=CC#CC
2097,2139,CC(C)(C)C12C(S)C=C3C=C1C=CCCC2C3
2098,2140,NC1=CC=C1CCN=S(C)CC
2099,2141,NCCNC=CC=CCCl
2100,2142,CC(CCC(N)C=CC=CC)(O)O
2101,2143,C(CCOCNC=CC(O)=CC1CC1)=C
2102,2144,CCC(C)OC(P)C(=O)ONC(N)F
2103,2145,NOCC(=O)OCCC
2104,2146,COCC1=CC(=O)CCCC=C1
2105,2147,C1OC=C(O)C(=O)C=C1CC=N
2106,2148,CC(C=NCC(C1)NCCC)C1=C
2107,2149,NC1CCNCN1
2108,2150,N=C(S)CCNC(=O)O
2109,2151,C1CC2C(CCCC(O)C2C)C=C1
2110,2152,CN1CCOC=CC2=CCC=CC2C1P
2111,2153,C1OC=CC=C(C)NC=C1C=NNC
2112,2154,CC(C1=O)CCC2=CC=CC=C2C1
2113,2155,CC(=CNNC=C1C2=C=CC)C2=CC=CCN1
2114,2156,OC(C)CNCCCCCCCCl
2115,2157,CC(C)NC(=O)OC=NC=CC1=CC2=CC=C1NC=C2
2116,2158,C1C=CC(CCC2CCCC1)C2=O
2117,2159,S=NCNC
2118,2160,NCCCCCCF
2119,2161,CN=CN=CC=CC=C(Cl)Cl
2120,2162,O=C(CCCCOCCC1O)SC(C)=C1
2121,2163,OCOC=O
2122,2164,CC=C(N1)NC=CC=C1Cl
2123,2165,CC=CN(C#CC=CC(N)N)CBr
2124,2166,CCCC=NC(CC)CCC
2125,2167,NCNC1C=CC(Br)SC1
2126,2168,CC=CCPC=CN=C(C=C=CC=C)C#N
2127,2169,CSC=CC=CP(=C)N=C(Cl)C(=O)O
2128,2170,CCCCCCCCCSC=CCNCOC
2129,2171,CCC1C=CCCC1COC=C[NH1]
2130,2172,NCCCNC(=O)O
2131,2173,C(O1)C(CCCCCCCCCCC)C1
2132,2174,O=C(C)N=CCCCC1CCNC1
2133,2175,CCCOC=C1C=CC=C[NH1]1
2134,2176,C=NC=CC=CC=NC=CO
2135,2177,C1OC(O)=CC2SC=CC=C21
2136,2178,NC(=O)NCCC1OCCCN1CCC
2137,2179,C1C2=C3C=CC=C2C=C3C1
2138,2180,CCC1=CC2=CC(C)=C1C=CC=CC2
2139,2181,CN=O
2140,2182,NCC(O)C=CN=C(C)C
2141,2183,C(=O)C=C(C)CNNC(C)CCC
2142,2184,O=NC=CC=CC1CN(Br)C=C1
2143,2185,C=CN=C1C=CC(C=C(C)NCl)(O)C1
2144,2186,CN(S)CC(N)CCC(O)CC=C
2145,2187,CC(O)COCN1CCC(C)=C2C=CC=C1C2
2146,2188,COC=CC(N)C(C)=CC#N
2147,2189,N1N=CC=C(C1=CC=CF)C=CC=C
2148,2190,CCCC1OCCC2C=CC1C(C)C=C2C
2149,2191,O=C(C)C=O
2150,2192,C1N=CC2CCC1N2
2151,2193,CCCC(O)=CC=C(C)OC=NO
2152,2194,CC(C)C1=CC=C(O)C=C(Cl)N=NC1
2153,2195,CC(=O)C(C)CN1CCCC1C=CN=C
2154,2196,O=CC(N)C(C)(C)Cl
2155,2197,C1CC1CNCCCCCC[NH1]C=O
2156,2198,C=NC=CC1=CC(=O)NN1
2157,2199,O=CC(C)=CCNC#C
2158,2200,OC1CC=CC=CC=CC=CS1
2159,2201,COC=CC=CC(O)C1=CN=CC=C1
2160,2202,N1=CCC=C1C=N
2161,2203,CCC(=O)OC(Br)=CC1=CC=C(Cl)C1=C
2162,2204,OC=NCCCC1C(N)CC1=NC=C
2163,2205,OC=CC=C(C)CC=CC=CC(Cl)=C(Br)C
2164,2206,CSC=CC=CN=C1[NH1]C=CC=C1CNOC
2165,2207,CC(N)CC1=CC=CC=C1Cl
2166,2208,C1(C=CC=O)SC2=CC=CC=C21
2167,2209,C=N[SH1]=CCN(CC)CNC
2168,2210,CNSS1CCC(=O)CCC=CC2=C1C2
2169,2211,ClC=NC(=O)OC(=O)C(N)CCC
2170,2212,CNCC=C1C=C[NH1]C(=O)N=C1NN
2171,2213,N=1C(=O)C=C=1
2172,2214,OCN1C=CC(N)(C)NC=CN=CC=C1
2173,2215,NC1CCSCC2CCCCC2=C1
2174,2216,C(O)C(C1C(=O)CCC)OC=NC=C1CN
2175,2217,OCCC(=O)C(C)NCC
2176,2218,O(C(=O)OC=CC1=C2)COCC2C=C1NC=C
2177,2219,OC=C(C)CCCCBr
2178,2220,CCC(C(=N)OC=O)C1=CC=C(CC=C1)N=N
2179,2221,C1NC(O)C1CCCCCCC
2180,2222,NC=C(O)CC(C)C1=CN=C(Cl)C=C1
2181,2223,CCCCNC(=O)O
2182,2224,C=CC1=CCNC=C1COCCC=O
2183,2225,O1C=CC1C2=CC=CC=C2C(=O)O
2184,2226,O=C(C)C[NH1]C=C1CC=CC=C1
2185,2227,CCN(O)CCSC#N
2186,2228,CC=CC=C1C=C(N2)C=NC=C1SNC(C)CCC2
2187,2229,NC(=O)CC[NH1]C1=NC(C)=NC=C1S
2188,2230,CC1CCCCCCC1
2189,2231,C1C2=CC=CC3CC(F)CC3S1C2
2190,2232,CC1(S)C=CC1CC=2NC(CC)C=2
2191,2233,N=1C(C=CC=1)C=CC#N
2192,2234,C=CC=CC1NC=NC=C1Cl
2193,2235,C1=C=CC=CC(C)=C1
2194,2236,CNC(=O)CCCNCN1OCC=CN1
2195,2237,C1=CC=CC1C=CC=C2C=CC=CC=C2N=N
2196,2238,COCC(=O)CNC1CC=CC=C1
2197,2239,CNC(O)N=C(C)CCOC=O
2198,2240,COC(=O)C=1N(N)C(O)C=1NS
2199,2241,NCCOCCC
2200,2242,C1CCCC1C2=CSC=C(Cl)C2S
2201,2243,CCC=CNC=CS(C)CCC(C)OC
2202,2244,NC=CN=C(C)C=NC=C1C=CC=CS1
2203,2245,O=COC(C)N=C
2204,2246,CC=C1ONN2CC(C)CN12
2205,2247,CS(C)CNCCC(C(=O)N)F
2206,2248,O=C(O1)N=C(N2)[NH1]C(C)CC2SC1
2207,2249,O=CSC1=CC=CC=C1C(=O)CO
2208,2250,NC=C(O)C=CC1=C(F)C[NH1]C=N[NH1]C1
2209,2251,N=CC=C(C)SC=C=C(F)Cl
2210,2252,COC(=O)C(O)C1C2(Cl)CCC1CC2
2211,2253,N=C(C)OCCC
2212,2254,CC=C(Cl)NC(C)C=CC=CC=CCN
2213,2255,COC1=CC=CN=C1N=CC2OC=CC=C2CSC
2214,2256,CCC=CC=NC1OC=CC=C1CCl
2215,2257,OC1(O)C(=O)CC1C=N
2216,2258,NCC=CNP(CCCCCC)COC=S=C
2217,2259,ON(COCC)CSC(=O)O
2218,2260,C1C(C=CN=C1CC)CC
2219,2261,O=C(C)N(NC(=O)O)C1=NN=CC=CC=C1CC
2220,2262,CNCC(C1C2CCCCN)OC=C2C=C1
2221,2263,CC=C1C=C2C(O3)C=CCCC312
2222,2264,CCOC(O)C
2223,2265,OC(C)OC(=O)CN(S)CC1CCC1
2224,2266,COCCC1(N)CCC=NC=C(O)C1(Cl)ON
2225,2267,OC(C)CCCCCCC1=CC=NC1
2226,2268,O=C(CCO)N1CC=CC=N1
2227,2269,S(C)C=CC=CC1(C2=CC=CO)C=C2C1=O
2228,2270,C=CC=CC=C(C)COC(=O)C=CC=C
2229,2271,CCC(C)SN=C(F)CONC=C1C=C1[NH1]
2230,2272,CC=C1CSC=CC(O)CON=C1C
2231,2273,CCCCN[NH1]C(C)CC(=O)CC=S
2232,2274,CC1=CC=C2C(C)(N)CCCC2=C1
2233,2275,CC=C(C)C=C(C)OC(=O)NC=C
2234,2276,C=NC1=CNCNC2COC=C2C=C1
2235,2277,NC1(C)CCS12COOC=C2
2236,2278,N1C(=O)CCCCCNCNC1CC=N
2237,2279,CCOCC=CC=CC1=CC(=O)N1
2238,2280,CNC(CCC=N)C=CN(C=C1C2=CC3=CC=C2C14)N34
2239,2281,NC(C)CCCCCCCNCCC
2240,2282,CCCCCCNC(C)C(C)(O)SC
2241,2283,CNCC=CC1=CC=CCS1
2242,2284,CC(=O)C(O)CNCC1=CC=C(Cl)C1
2243,2285,CCCSC(=O)C1=C=CC2=C1C=CC=C2
2244,2286,OC(=O)CC
2245,2287,CCCCC=NC=CC1=C2N=C=C=C1CCC2
2246,2288,C1OC=CC(N)=NNC=C1C
2247,2289,CCC(=O)C(C)CCCNC(=O)O
2248,2290,NC(CC)CCCOC=NCO
2249,2291,N=NC1=CC=CC=C1C
2250,2292,CCCCC1=CC=CC2=CC=CC=C2C1=N
2251,2293,CCCNC(N)C=CC=C1[NH1]CNN=C1
2252,2294,NC(C)CCCCCC
2253,2295,CCN=C1C(C)=CCC(N)O1
2254,2296,CC=CC=CC1=C=C(F)C=C1
2255,2297,CCC(=S)OC1=CC=CC=C1C=O
2256,2298,C(=O)COCNCCCCCCC
2257,2299,NCOC=C1CCCCC1CC2NC2=C
2258,2300,C=C(C)C(O)C=CC=CC(C)=C
2259,2301,CN1C(N)OCC=CC=C1OO
2260,2302,C1CNCC(C)N=C1
2261,2303,CSCCCC(=O)C=CC(C=CCNCC)C
2262,2304,CC1CCCCCCNC1
2263,2305,CNC(=O)OCCCBr
2264,2306,COC(=O)OC(O)C(C)C#C
2265,2307,ONC(C=CCS)CCC=NC
2266,2308,COCCOCCCNCC=C
2267,2309,CC(O1)=CCS=NC1C
2268,2310,C1=CC=CC=CCC=C1C(=O)O
2269,2311,CCCC(C=CC)=C1C=CC=C1
2270,2312,CSC=CC=C(N)C=O
2271,2313,O1C=C1COCC
2272,2314,CCC=CC=C(CO)C#N
2273,2315,NCNONCCCC1CC=CC=C1
2274,2316,C1C=CC=C1N=CC2=CCC=CC2=C
2275,2317,N=C(N)CCNS(O)C(C)C
2276,2318,CPCNC(=O)OC(=O)OCC1CCC=CC=C1
2277,2319,CC1CCC(C=CN2)CC1NCO2
2278,2320,CCN=CCNCCCO
2279,2321,OCCCCC1CCC=CNCN1
2280,2322,CCCCOC=C1C=CSC=C1C
2281,2323,CNC(C12)=CC=N[NH1]C1CN2
2282,2324,CCCNCC(=O)C1=CC=CC=C1
2283,2325,C1COC=N1
2284,2326,OCCC1OC2=CC=C1C2C=NC=CO
2285,2327,CC=CC(C1=CC2)=CC=C1CC2
2286,2328,NC(=O)OC1=CC=CCC1
2287,2329,CCOCC=C1CC=C2C=C1NN2
2288,2331,CN=CN=C(C)C1(I)S(=O)OC1
2289,2332,CN=CC=O
2290,2333,CC1CCCCN1C=O
2291,2335,OCOC=NC=CCCC1CCCCC1
2292,2336,ClCCC(C)C[NH1]C=C
2293,2337,OC1C(C2)CCC(=O)C2C=C1F
2294,2338,COC(C)C(C)CNC1=CC=CC=CC=C(Br)C=C1
2295,2339,CN
2296,2340,CC(=O)C1=C2C=CC(=O)C2C=C1P
2297,2341,OC(C)C=CC1SC2=CC=C12
2298,2342,CC=COCNCCC(=O)NC#N
2299,2343,N1OCN=CN=C(C=C1C)CC2=NC=CC=C2SC
2300,2344,C(O)CCN=C(N)C1C2CCCNC2SN1
2301,2345,CC(CCCC#CC1C(F)C=CC2)=CC=CC=C2N=C1
2302,2346,CC(N)CCCONCCN=CCC
2303,2347,NC(=O)C(C)NC(=O)O
2304,2348,N=CC=CC=CC1=CC=CC=C1
2305,2349,CCOCCCCCC
2306,2350,COC=C1S2C=NC=C2C=C1O
2307,2351,N1C=CC=CC1=C=C2C([NH1])N=CC=C2
2308,2352,N1NC1=O
2309,2353,N1CCC=C1CCCCCC#C
2310,2354,N(CSC=C1C=C(C)C2=C1N)SC=CC#C2
2311,2355,CC1OC=CC=C(N)C(N)OC1C
2312,2356,CC=CC(=O)N=C(O)CCl
2313,2357,CC(=O)CCC(=O)NCCCC(C)C
2314,2358,O1C=CC(=O)NC(=O)C[NH1]C1=O
2315,2359,C1C=CC2=CC(C)C=C21
2316,2361,OCSC1(C)CCC1C
2317,2362,S1C=CC2=CC=CC=C=C21
2318,2363,C(=O)C(C)(O)C(O1)CCCC=CC=C1
2319,2364,C1C=CC=CC(C)C=CC1(O)[PH1]
2320,2365,NCC1CC=2CCC=CC=NC1CC=2
2321,2366,CC=CC=C(C)CCN1CC[NH1]C1
2322,2367,CCC(=O)OCC1COC=CC=C1
2323,2368,CCC=NC=CC(=O)C(F)=CC=CC=NC=C
2324,2369,NC(=O)C=C(C)C#N
2325,2370,CCC=C[NH1]CCCCCO
2326,2371,CC(=O)OC(=O)CCCCCC
2327,2372,NC=NC=NN=CC1=CC=CC=C1
2328,2373,OCCCCCC=C(O)CF
2329,2374,CC(=S1=CNC=NC=C2C=CC=CC)C21
2330,2375,NCOC(C)CNC=C
2331,2376,NC(C)CCCCCCC(O)CO
2332,2377,NCCC=1C2(C)C(CN)CNC2=1
2333,2378,CCCCOC(F)=O
2334,2379,CCCCCCCC
2335,2380,CCCCCNCC1CC#CS2C=CCN2[NH1]C1
2336,2381,O(C(O)COC1C)P(O)C(O)CC1
2337,2382,CCC(=O)CCC(C1)(C)OC(C)CCC1N
2338,2383,O=CC=CC=CC=NC=C(C1)NCN=N1
2339,2384,C=CC=CC(C=CC=C1C=C2)C=NC=C1S2
2340,2385,CCNCCC=NC=C(Br)C(C=CC)=CO
2341,2386,CC=C1C(C)=CC=C(O)C(N)=C1Br
2342,2387,O=CSSCCC(=O)C[NH1]C=N
2343,2388,O=CC=C1C(CC)=CC(Br)C=C1
2344,2389,O1C=CC1C(C)F
2345,2390,CC=CC=C(O)N=CC=CN
2346,2391,CCC(C)CC1NCCCC1C=CC=CF
2347,2392,CNC=C1C(N)=C(F)C(C1)CC
2348,2393,COC(=O)C(C)C=O
2349,2394,CCC=CC=C(Br)CNC(O)=C
2350,2395,CC(C=NC=CC=CN=CC=C1SC=CC=C1)Cl
2351,2396,CC=C1C2=CC=CC=C2NCCC1C
2352,2397,N1C(=O)C2C=CC=CC=C2C1
2353,2398,ONCCC=C1C=C(F)C=C1
2354,2399,CCCC1C2C(C)CC1CCNC=C2
2355,2400,CCOCC1CCCCCCC1
2356,2401,OC=C(C)CC=CCCN=CC
2357,2402,CSCSCS1CC=CC=C1CCC(Cl)=C(F)C
2358,2403,CCCCCN1CCCC(C)=C1
2359,2404,COC1(C)NCCC1=CC(N)CCC
2360,2405,CCC(F)(C=CC1Br)CC=C1C2=CC=CO2
2361,2406,NC
2362,2407,ClCOCC[NH1]C=CNO
2363,2408,CCOC1=NCN=C(N)C1O
2364,2409,C=CC=NN=CC=C(N)N=CON
2365,2410,CC(C)CC=CN=CC1=C(Cl)CC=C1
2366,2411,CC=CC=CC1=CC=CC=C1
2367,2412,CC(C)(O)OC=CCCC
2368,2413,CCCC(=O)O
2369,2414,COCC=CC=C(C1)C(C=CC2=C13)CNC2C3C
2370,2415,NC(N)CNC1=CC=C2C(C=CC)=C2C1C=C
2371,2416,C1CCCC2C(O)C(=O)C21
2372,2417,C1CC=C(CCl)C1
2373,2418,OOC=NC=CC=CC=CC=C
2374,2419,O1C(=O)NCCC=NC1=O
2375,2420,C1CCNC(C)CN1
2376,2421,C1COCSCNC1=CC=CC=CCCl
2377,2422,COCOC1=C(O)NC(C)OCOCC1C
2378,2423,CC=CC(=O)COCOSC=CC=CC
2379,2424,N1PN=CC=CCN1C
2380,2425,CCCCCC1CCCOC1C
2381,2426,C12OC=CC=CC=C(N3C1)CCN=C2O3
2382,2427,CSC(O)N(O1)C(=O)NCCCC1
2383,2428,CNC(=O)NC=CC=CCCl
2384,2429,N#CCOC=C[NH1]
2385,2430,CC(=O)CN(N1)CCC(=O)N(N)C=NC=C1
2386,2431,CC=CC=C=CC=C(C=CC)OC=C
2387,2432,CN=NN=C(C1)CSC=CNCCCSC1=C
2388,2433,C(O)[NH1]CC1=C(C2)C=CSC1C2
2389,2434,CCCCNC(=O)NCCC1CC=CC=C1
2390,2435,NI
2391,2436,OC=CC1NC(=O)C=CC=CC=C1
2392,2437,NCN=CC1=CC=CC=C1
2393,2438,CC(C)C=CC=C(Cl)CCC=S
2394,2439,OC(N)=CCCC(=O)NC=CN=C
2395,2440,NCC1=CC=CC=C[NH1]1
2396,2441,CC#CC=SC=CC=C(OC=CC=C)N
2397,2442,CNCNC1CC=C2C=C1CC=C2O
2398,2443,N1N=C(N)OC1=CSCCl
2399,2444,COCNCC1C=CNC=C1
2400,2445,O(C)CC(=O)SC(=O)O
2401,2446,CC(=O)OC=C[NH1]C=C1CCCCN1
2402,2447,NC(O)=NCCCCN1CC=CNC=CSCS1
2403,2448,C1CCS1C=C=SCCC
2404,2449,CCCC(CCC=O)OCCNC1(N)COC1
2405,2450,C(C)C=CC=C1NN=CC=CC=C(N)C1O
2406,2451,CC=NC(=O)CCC1CC(N)C=CC=C1N
2407,2452,CC(O)CCC(=O)OC(N1)CCC=CC=N1
2408,2453,C(CC=O)NC(=O)N(O)NCNCCCCC=C=O
2409,2454,O=NN=CCNCNC=CC=C
2410,2455,NS1OC=NCCCS1
2411,2456,CNCCN1C(=O)CNC(=O)NC1
2412,2457,C(=O)C=C(C)CNC(=O)NCCCC
2413,2458,N1CCC=NC=C1CNCCCCCC
2414,2459,CNC(C)=CCCCCCC=C
2415,2460,CN1N(C)C=NC2=CC(O)=C1C=C2
2416,2461,CC=C(C1)SCSC1C=CC2=CC3=CCC2C3
2417,2462,CCC(SCCCC1)=CC=CC(F)=C1NC
2418,2463,CC(C)N=CN1CCC2C=CC=CCC=C21
2419,2464,CCCCCCC
2420,2465,CCOC=CCC(C)C=O
2421,2467,N=C(N1)C(=O)C(O)C(C)=C1O
2422,2468,OOCC(=O)CCCC=C1C=C(N)O1
2423,2469,CCCCC(C)C=CC=CCCBr
2424,2470,CCC(C)CC1C=CC(S)C(=O)OC1
2425,2471,NC=C(C)C1CCC2CC1NC2=O
2426,2472,C(C(=C)C=O)C
2427,2473,N=C(CCCCC)CCSC
2428,2474,CC(=O)C(C)(O)CC
2429,2475,NNC(=O)OCCCC=NC1=CC=CN=C1
2430,2476,CC1=CC=CC=C=C(Cl)C=CC=CCC1
2431,2477,CC1=CC=CC=C1Cl
2432,2478,C=C1C(N)N=C1C(=O)OC
2433,2479,CNC=CC=C1CCN=C1
2434,2480,C1=C2C=C(C)N(C1C)C2
2435,2481,BrCC1=CC(C)=CC=C1
2436,2482,C(N)CCCCC=CC=C([PH1])C(=O)OC
2437,2483,C1CCC=2C=CC=CC=2C1=O
2438,2484,CC=NC=C(C1)C=CC(N2)C21
2439,2485,CCC=C1SC=CC=C(O)C=C1O
2440,2486,NNC1=CSC=CC=C1
2441,2487,CCC(C)=C1C=C2C(C)=CC(Cl)=C21
2442,2488,CC=CC1=NC=C(N2)CCCCCC2S1
2443,2489,C1C(Cl)=COCC=C1S
2444,2490,OCC=CC=C1C=C2C3=C1CCS23=C=O
2445,2491,OC=CC=C(C)Cl
2446,2492,O=C(C)CC(O)C=CC=NN=C1C=C(I)N1
2447,2493,CC(=O)C=CC=CC=CN1N=C1C#C
2448,2494,CCC=C(O)NSC(=O)C(Cl)=C(C)CCCC
2449,2495,NCC(O)C=CC=CC=CC(O1)=C1
2450,2496,C1(O)C2C(=O)OC=CC=CN1C2
2451,2497,CC1CC=CC=C1NC(=O)O
2452,2498,OC=CC=C(C)CN1CCC=CC2=CCCC21
2453,2499,O1C=CC=CCC=C1
2454,2500,CC(=N)C(C)=CC=CC(N1C)=CNCC1
2455,2501,CC(=O)SC(C(O)C=O)C=CC=C(Cl)C#C
2456,2502,CNC=NC=C1C=NC=C=N1
2457,2503,COC=NC(=O)C1=C(N2)CC=CC=C2C=N1
2458,2504,CC=C(C=NC=CNC=CBr)CC=CC=C(CCCNC)O
2459,2505,CC(O)N(O)OC=C(C)OCOO
2460,2506,CCCC=NC1NC=CC(O)=C1
2461,2507,ClC=CS(Cl)C=CC(F)=C(F)NC
2462,2508,CC(=O)C=CCC(=O)OC
2463,2509,OCNC(C)=C(O)CN=CC=CC=CC=N
2464,2510,C1C=NCCN1CCC2OC3=NCC2C3=C
2465,2511,CNCOC=CNC(O1)CCSCC1C
2466,2512,OCCC(=O)OC(CO)C(=O)O
2467,2513,CC(=O)CC#S=O
2468,2514,C1=CC=CC=C(C)NC=C1C(Br)C=N
2469,2515,O1CC=CS1(=C)NCCC(O)C
2470,2516,C1C(O)C1(C=CC=CC=C(C)CC=C)C=C=CO
2471,2517,NC(=O)N(C)CCCC
2472,2518,NC(C)OCCCOC(=O)OCNS[NH1]N
2473,2519,CC(N)NC=SC
2474,2520,CCNCC=NCC1=CC=CN=C1
2475,2521,CC(C)CCCCCCCOC(C)O
2476,2522,O=C(N)CN=CC=CN=C
2477,2523,N=CCC1=CC(C)N=C1
2478,2524,CC=NC=CC=C(F)CC=CC=C
2479,2525,NCCC=CC=CC=CC
2480,2526,CC=CC(=O)C=O
2481,2527,CC(N)C(=O)CCCCCCCl
2482,2528,SCCC(=O)C=C1C(Cl)(O)C1
2483,2529,CCOC=CN=CCCCNC(=O)O
2484,2530,CC(C)(C1)CC(C)CC1
2485,2531,CC=CC=CSS1(C2CCC=N1)C2C3=CC=CC=C3O
2486,2532,COOC=CC=C1N=CC(F)C=C1
2487,2533,CSNC=NOCC=S
2488,2534,CC(CNCC)CCCCC=NC#N
2489,2535,NC(=O)SC(O)C=C1C=CC=C1
2490,2536,C1#CCCCC(C)C=CC=C1N=CS
2491,2537,OC(=O)C(O)CC[NH1]C#C
2492,2538,C=CC=C=CN=CC=O
2493,2539,CCCC=NN=CC=CC=C
2494,2540,C1C(C2)CCC(C=CC2(Br)N)CNC1C
2495,2541,IOCCCC(CCCC)CCCC(C)(O)N
2496,2542,CN=CC=CC(Cl)C=C(C)CCl
2497,2543,NP(=O)OC(N)=C(Cl)CC(=O)N
2498,2544,C=CC=C(N)CC(O)(O)O
2499,2545,CNC(=O)C(=O)C=C1CC(S)(C)COC1
2500,2546,C=CC=N[NH1]N(CNN)C=O
2501,2547,CCCCNC=CC=CC
2502,2548,CC=C(O)COOC(=O)OC=CC=C
2503,2549,N=C(C)C(=O)O
2504,2550,NC=NCC=CC=CC1=CPC=C1C(=O)ON
2505,2551,CC=C(OCCC(C)CCCN)C(=O)O
2506,2552,NC=C1C=CC=CC=C(CN=CS=CC1)C
2507,2553,CC=CC=C(C1F)CC=CC=C1
2508,2554,N#CCOCC(Br)C=CC=O
2509,2555,CC1C=CC(CC2)=C(C)C=C2C=C1
2510,2556,NC=C(O)CCOC(N1)CCC=C1N
2511,2557,CN(C)COCNCC=CCC
2512,2558,CC1OC=C(F)CCC1
2513,2559,CN=C(CCCCC=CC1=O)OC(C)=CC=CN=C1
2514,2560,NC1C(C)=CC(Cl)=C1
2515,2561,OOCC(=O)OOCN
2516,2562,CCC=C1C=C2C(Cl)CC=C21
2517,2563,C=CCC=CC#CC=CC=C
2518,2564,CC(C)CCCO
2519,2565,CN(C)N1CCOOC1=O
2520,2566,O=CC(N)NCOCCC#N
2521,2567,NCCC(O)CNCCC(O)OC(=O)O
2522,2568,O1SC=CC=C1N
2523,2569,CC=C1COC=C1NC(C)NC=S
2524,2570,C=1CC(NNCCC2CCC)C2=1
2525,2571,SCC=CC1=CC=CC=C1C=NCC
2526,2572,CC(C)CC(=O)OC#C
2527,2573,CC(C)C=C(O)CCC
2528,2574,CCCC=C(C)C1=CC=C=N1
2529,2575,NCC1C=C(C(=O)C)C=C1CCCCCN
2530,2576,CCNS(C=O)C
2531,2577,C1NC(=O)CCC1=O
2532,2578,O=CC(C)(F)C=O
2533,2579,CC=CC=C1SC=CC=C1
2534,2580,CCCCCCN(C)C1C=CC=C1O
2535,2581,CCC1[NH1]C(F)C=C1C=C2C(C)CC2
2536,2582,COCC=CC=C(OC)C1N=CC=CC1=NN
2537,2583,CNC(N)C=CC=CC(OC)=CC=C
2538,2584,NCS1C(=O)CC=N1
2539,2585,C1OCCC(CC=C)C=CC=C1
2540,2586,C(Cl)N(C)CCN(CC(C)C)C#N
2541,2587,C1OCCC(C)=CC=NC=C1
2542,2588,N=NOCC1=CC=CC=CC2=CC[NH1]S21
2543,2589,CCC=C(C)C=NCN=CN
2544,2590,CC=C1C=C(N)CS1
2545,2591,O=CC=CC=C(F)S=NC=C
2546,2592,CCC(O)=CC(=O)CC1(C)C2CC=C1C2
2547,2593,C1=CCC=C(C)C(O)C=C1O
2548,2594,CNC(=O)N=CC(Cl)C(C)=CN
2549,2595,CC=CC=CC=CN=C(I)CO
2550,2596,BrCC1CCCCN1
2551,2597,N1CCCSC=CC=C1NC(N)=C
2552,2598,O=C(CC=C)C1C(O)C=CC1OCO
2553,2599,CC1C=C(N)C1CCCCC
2554,2600,FCCCC(C)OC=O
2555,2601,O=CCCCC(F)[SH1]=N
2556,2602,CCC(C)CC=NC(CCCC=O)N
2557,2603,CNCCCCCC=CCC(O)=CNCCOC
2558,2604,CCCN
2559,2605,N1=NC1C=CC=CC=CC=C
2560,2606,C1CCCCN2C1C=CN=C2CPC
2561,2607,CNC=CN1C(O)C=C1O
2562,2608,OCC1(C)CCC2C1C(COC(C)NC)(O)C2
2563,2609,OC=CC(=O)O
2564,2610,C=CCC=CC=CC=C(C1)CN(N)C=C1
2565,2611,C=CC(=O)C1NC=NC=CC=CC=C(CN)N1O
2566,2612,C1C=C2C=CC=C1CCNCCC=C2
2567,2613,O(C)NC=CC=CC(N)CI
2568,2614,OC(=O)C(C)CC(O)CO
2569,2615,NSC(=O)SCCCCCCCl
2570,2616,CCCN(C)CCCCCC(C)CC
2571,2617,C(=O)N1CCC=CC1(O)C
2572,2618,OC=CC=CC1=CC=CC=C1
2573,2619,O=NC=CNCC1CC=CC=C1NC=CC=NC2C#C2
2574,2620,OC(C)Br
2575,2621,O=CCC(Br)C=NCOOC=C
2576,2622,C1C2C=C(C)CCC1=CNCCC=C2
2577,2623,OC=CC=C1NCC=CC(CO)C1
2578,2624,OCOC=CC=C(O1)SCCC1
2579,2625,CCC(C)C(=O)CN
2580,2627,O=C(N)CCNC=CC=CC=CC
2581,2629,BrCCCCC=C
2582,2630,CC(=O)CC1=CC=CC=C1C(O2)O2
2583,2631,C1=CC(C)CC1CCCCCCC=C
2584,2632,COC=NC=C(Cl)NC(O)=CCC
2585,2633,CCCC=C1C=CC=C([SH1])C1
2586,2634,CC=CN=CC=CC(Cl)=C(Br)C=NC=C
2587,2635,C1C(S)CCCC=C1
2588,2636,CCCCNCCCC([NH1])CC(=O)OS
2589,2637,OC(=O)OC(C)OC=NCOC(=O)CS
2590,2639,CCCC(C(C)CCCC)N=CC=1OC=1
2591,2640,CCCCCCC[NH1]C=CC1=C(C=CC=N1)Cl
2592,2641,C1CNN(C)NP1C
2593,2642,C=1C2C(C(=S)C)C=12
2594,2643,C1NN=CC=C1OCC2C(=O)OC2
2595,2644,C1N=C(N)C(CO)=C1N
2596,2645,CCCCN(OC(N)C=O)N
2597,2646,CC1=CC=CC(=O)[NH1]C1NC(=O)N=C
2598,2647,CCC=C(CCCC1(O)CC=CN)C1Cl
2599,2648,O1C=NC2C(C)SC2C1O
2600,2649,CC=CC=CSP(=O)C=C(C)S=CC=C
2601,2650,C1N=CN=C(O)C(=O)OC=C1OC=NCN
2602,2651,C=CC1=CC=CC(Cl)=C1
2603,2652,NC(=O)CNCOC=C1C(C=CC=C1)=N
2604,2653,CC1C(C)CC(C)CCC1
2605,2654,O1C=COCC2=CC=CC=C21
2606,2655,NC=CNC1=CC=CC=C1C=CSO
2607,2656,CC=CC=CC=CC1=C(CO)C=C1O
2608,2657,N=C[NH1]CN1C=CC=C1C#CC=CC=C
2609,2658,C1C=C1CC=NC=CC=CCCBr
2610,2659,CCC1CCCC12CCCCN2
2611,2660,O=C1NC=CC=C(Br)NCC1CC
2612,2661,C#CN=NOC(=O)OC=C1C(S)CN1
2613,2662,CC(C)NC1=C2C=CC=CC=C(O)C1C2
2614,2663,CNCC(C)=NC(C)=NC(C)(C)Cl
2615,2664,C=NCC(C1)CCOC=C1
2616,2665,CC(CC)OC(C)(C(N)CC1C)O1
2617,2666,CNCCCCCCCC
2618,2667,COC(C)C=CC(CN)C(=O)N
2619,2668,C1C(=O)C=SC=C1NCC=CC=CC=C
2620,2669,CNC(=O)CNC1(C)CC(O)CNCNC1
2621,2670,OCC=NC=CC(O)F
2622,2671,CCCCI
2623,2672,OC=C1SC(C)(CCC)NC(=O)C=N1
2624,2673,CCOC=CC=CC=C(CCCC)CC
2625,2674,COC=CC=C1C2=C(C)C=CC=C2N=N1
2626,2675,CC=C(C1)CCC=C=C1CN=CC=CC(=O)O
2627,2676,CCCC(=O)COC(=O)C1=CC=CC=C1O
2628,2677,C1C(=O)CCNC(C)C(N)C1
2629,2678,CCC=C(C)NC=NC(=O)PCOC(O)CO
2630,2679,C1PC=C1OC(=O)OC=O
2631,2680,C1C=2C=CC=C1C=2C=S
2632,2681,CC(C=C[NH1]C1=O)C=NC=C1
2633,2682,CCNC(=O)CCCC1C2CSCC21
2634,2683,CN=NCNC(C)CC1(N)CCN1N
2635,2684,CCOC(NCC)CCCC1CC=CC=C1
2636,2685,O1CN1CSCOC(=O)OCCl
2637,2686,CCSC(C1)C=CC=C1
2638,2687,NCCC(C)CC1OC=CC=C(O)C1
2639,2688,CCC(=O)NCOS(Cl)=NC=CC=CN
2640,2689,OC=CC=CC=CN=C(O)CO
2641,2690,C12NC1CN(C)CCC2=O
2642,2691,COC1OCC2=C1CC(N)C2
2643,2692,C=1C2=C(C)C(=O)S=1(S)CNC=CN=C2O
2644,2693,N(C)C1CCCCN1N2C(C)CC2
2645,2694,COC=C(O)C(=O)OC=CCCF
2646,2695,CC=CC=CC=C(C)CN1C=CC(F)=CS1
2647,2696,NC(C)OOC=COC(=O)O
2648,2697,OC(=O)C(C1)=CC=C(O)C=C1
2649,2698,CC=C(C)CCP(=O)O
2650,2699,CCC=CC1(C)C(CNCC)CCCC=C1
2651,2701,CCC1CC(O)C2C=CC=CC2(Cl)C1
2652,2702,CN=C(O)C=NC(C=CC)=CCC=CC
2653,2703,N=CC=C=N[NH1]C1(C)C=CC(Br)=C1Br
2654,2704,CC=CC(Br)(C1OCC=CNC)CCCC1
2655,2705,O1C(CCCCC)C(=O)O1
2656,2706,CCC(=O)NN=C1C2=C[NH1]C=C2C=C1
2657,2707,OCC1C=CCC=CCC=C1N=C
2658,2708,CC(=O)N(C)CCCS1C(F)CSC1
2659,2709,C=CC(O)=CN=C(C1)CC[NH1]C=C1
2660,2710,NCCCC1=CC=CC=C1
2661,2711,COC1(C#N)C2=CC=C1C=C2
2662,2712,CC(C)NCCC(C#C)CCCl
2663,2713,CCCC(C)NC([NH1])C(=O)CCOC=O
2664,2714,CCCCNC(C1)CNCCCCC1C
2665,2715,CC(Cl)=CC(=CC1=C)C=CC=C1
2666,2716,O=C(C)OC=NNC(=O)N=CC(CSC=CCC)(C)C
2667,2717,C=CCC(C=CC1)CCNCC1
2668,2718,C1CCNC=CC1O
2669,2720,O=C(C)C(=O)CCC1SCCCC1=CC=C
2670,2722,C=C(CO[NH1])OC=NC=CC=CC=CCO
2671,2723,O=C1C=CC=CC=C[NH1]CN(Cl)C1
2672,2724,CC(N)(C)C(=O)NC1OC(=O)CC(C)CC=C1
2673,2725,C=C(C)CCC(=O)CC(=O)C
2674,2726,CNC(=O)OC=O
2675,2727,C1C2CN1C3C2CC=CC=CC(O)C3C
2676,2728,C(O)C=CC=CC1=CC=CC=C1
2677,2729,NC(N)=C(C[NH1]C=CC)CC=NO
2678,2730,CCN(O)C1OC(=O)OC(C)NC1C
2679,2731,CC(=O)OC1C(C)CC1CCCN=C(F)CO
2680,2732,CCN
2681,2733,CC=C1C=C(CC1)CC=C
2682,2734,CC(=O)N=C1C=CC=CC1=CN
2683,2735,OCCN=NS1C=CC=C[NH1]1
2684,2736,CSCOC(C)(C)NC=C(N)CC(C=C)C#C
2685,2737,NC=CN(O)C(C)=CC=CS=CO
2686,2738,C1=CN=C(C)COC=CC=C(Cl)C1
2687,2739,C1C(N)=SC=C1
2688,2740,C(C)OC(=O)C=O
2689,2741,C=NC=C(N=NC(F)F)SCS
2690,2742,NCCC=CCNC(=O)COC=C
2691,2743,CCCC=CC=CC=CC=C
2692,2744,CCCOC(C)C=NC1CCCNC1CCC
2693,2745,CC=C1N=CC=NC(O)=CC=C1N
2694,2746,O=CNC=CC=SI
2695,2747,C1CC(C=NC=CC=CC=C1)=O
2696,2748,CC=CCC(C)CC(Cl)=C(Br)COC#N
2697,2749,O=C(C1C=CC=C)C=CC1C=CC=C=CO
2698,2750,NC=CC=CC=C(C=N)C(C1)C=CC=NC1Br
2699,2751,C1CNCC(=O)CNCCCC1
2700,2752,COC=C(N=CCNSCNCC1)C1
2701,2753,C12CC=C(CCC1CC2)CCCC
2702,2754,CCC1C=CC=S1C
2703,2755,N=C(Cl)N=CC(C)(C)CC=C
2704,2756,C1OC(CC=CC=CC=C[NH1]1)C[SH1]
2705,2757,C1OC(C)C(C)CCCNC1N
2706,2758,COC(=O)CCC(C)=CP(O)CCl
2707,2759,COCOCOCCC
2708,2760,OC=NC1=CC=CC2=C=C1NCC=N2
2709,2761,CC1(C)C=CC=C1CCCC
2710,2762,COC(=O)C(C=C)C(=O)O
2711,2763,NC(C)C(O)C(=O)OC
2712,2764,CCCC1=CC(N)=NC=C2S(Cl)=CC=C2C1
2713,2765,CC(=O)OC1=CC=CC=C1
2714,2766,C(O)C(=O)C=O
2715,2767,NCC1CCC=CNCC=C(O)N(Br)N1
2716,2768,O=CC=CCCC=C1C=CCN=C1Cl
2717,2769,CCP1(=N)C(O)CC(C)CC1N
2718,2770,CNCCC=C=C=NCCl
2719,2771,OC=C(C)NCC1NC(N)=C1
2720,2772,C=CC=CC=C1C=C[NH1]C=C1C=CC[NH1]CNC
2721,2773,CC=CC(CO)=CC=CN=C1C(=O)OC1N
2722,2774,C=1COC=1C2C(O)CC3=CC=CC2=C3
2723,2775,CC(=O)C=CC=C(Br)N=O
2724,2776,C=CC(C)CNC(=S)CNC1C=C=NC=C1
2725,2777,OC(=O)CCC(S)=CC=CO
2726,2778,CCCNCCCCC
2727,2779,CNCSC(=O)C(C=CC=CBr)S(=O)OO
2728,2780,C=1CCC=1O
2729,2781,CCCC=CCCC1=NC=CC=C1C=CC=C
2730,2782,NCCNC(=O)C1C=CSS=C1N
2731,2783,CN(N)CC(C)CCC
2732,2784,CSC=CC=CC=O
2733,2785,S=C(C)N=CC(CCC)CC#CC=N
2734,2786,CC(C)(O)C[NH1]CCF
2735,2787,O1COC=C1C=CN=C(O)N
2736,2788,CC=CC1=CC=CC=C1
2737,2789,CC=CC=C(CC1(C)C)OC(C)C1=O
2738,2790,N1C=CC=C1C=CC=C(Cl)C(C)=C[NH1]
2739,2791,CNCCOC(=O)OCNCC
2740,2792,CC=C(O)COC(=O)S(O)C=CCSC=C
2741,2793,C(C=CC(C1)=CCl)C2CC1C=CC=C2
2742,2794,NCOC(=O)N=CC1=CC=CC=C1
2743,2795,C=CC=CC=CC1=CC(=C)C=C1O
2744,2796,C=C(C)CC=CC(O)=CSC(Cl)=C
2745,2797,CCCC=CCC(C)C=C1CCSC=C1
2746,2798,O1CC2=CC=C(C)C=NC2C1
2747,2799,CCCCCCCCC(=O)O
2748,2800,CCC=CC(C(C)CNC)(C)CC=C
2749,2801,CCCC(=O)C(NC)OC=CC1=CC=CSC=C1
2750,2802,NCOC=C
2751,2803,CCCCCC=NC(=O)COC(=O)O
2752,2804,CCSCC1=C(O)C[NH1]C1O
2753,2805,C1NC(O)C(C)CCSC=NC1
2754,2807,OC1=CC=CC=C1
2755,2808,CCOCCNCC(=O)OCCCC
2756,2809,C1(C=C(Br)C2(N)C)CCCC2C1C=C
2757,2810,OC(N)=C(O)N=C(O)C(Cl)C=CO
2758,2811,CC(O)N(CCSC=CCC)CF
2759,2812,CCCCC(C(=O)C)C=CC=CS=N
2760,2813,C=CC1=CN=CC2=C1C=CC=C2C=CCC
2761,2814,COC(O)CC1CC(N)CCC(C12)=C2
2762,2815,COC(=O)CCCCCC(O)C
2763,2816,O=S(C1)CCNCCCCCCN1
2764,2817,CC=CC=CC=C(C)C1CCCC1
2765,2818,CCCCCCCOC(=O)O
2766,2819,C=C=C1NC(=O)N=CC=CCC=C1OS
2767,2820,CCCCSN=CC(C)CC
2768,2821,OC=NC=CC1CC=C(N)C1N[NH1]
2769,2822,C=NCC(COC)(C)C1CCCCCCC1
2770,2823,C1C=CC=C(NC2NC)CC1=C2
2771,2824,COC(=O)OC=CC=CC1=CC=CC=C1C(=O)O
2772,2825,C1#CCOCC=CC=CN=C1S
2773,2826,CCC#CCOC(=N)C1=C(C)CCC1=C
2774,2828,CCCNCC#CCC=O
2775,2829,CN=CC1=CC=CC=C1C(=O)O
2776,2830,COCNCCCCC(C)CC=CC#C
2777,2831,C=CC=C(CC1=CC(C)N=C1)C
2778,2832,C=CC=CC=C(N1SC=C2[NH1]C=CC)N(Br)C2C=C1
2779,2833,C=12C=C(CC=1CC3CC)CCC3C2
2780,2834,CCCCCC(C)(C=CC1=CC=CS2C1=C)C=C2NC(O)=O
2781,2835,CC1C2CCCC1C2
2782,2836,CC=CC=NC[NH1]C(C)NN
2783,2837,OCCCP(=O)SC=C1C=CC#C1
2784,2838,N(C)CCCN=CCC#CC(O)=N
2785,2839,CC=C(C)C(=O)OCCCNC
2786,2840,C=1C=CC(N)OCCCC=1
2787,2841,CCCC=CC=CC=CC1NC=CC=C1
2788,2842,CCC=CSCC1CCC=N1
2789,2843,N1C=CNN(O)CC=CC=CC=C1O
2790,2844,[NH1]COC(=O)PCCSC(=O)CCCC
2791,2845,NCC(C=CS)C(=O)O
2792,2846,C(=O)C=CCCl
2793,2847,N1=CNC(=O)NC(C)=C2C=CC1S2C
2794,2848,CNOCCC1NS(=C)C=C1C=C
2795,2849,CCCCOC1CCC2N1C=CC=C2C(=O)ON
2796,2850,CC=CC(O)=CC(NC1=C)C=CC=C1NN
2797,2851,OC=C(C=C(C)F)C1CSC=C1
2798,2852,BrCC(=O)C=CC1=C(CN)CC=N1
2799,2853,CC(=O)OC(=O)OC(=O)COC=CNN
2800,2854,CCC(O)C(C)CC1C=CC=C1
2801,2855,C1CNC(=O)OC=C1
2802,2856,NC=C(O)C=NC=C
2803,2857,C=NCC=C1C=CN=C[NH1]1
2804,2858,O=C(N1)CC(N)NC1
2805,2859,CC=CC=CC=CC=C(CCCl)O
2806,2860,CCS[NH1]C(=O)C(O)=CC=CO
2807,2861,N1CCC(N2)CCCC(=O)N=C1ONNCN2
2808,2862,C=CC=C(O)C=CC=CC(Cl)[NH1]
2809,2863,CC(C)COC=NOC1C(N)=CC=C1CS
2810,2864,C=C(C)CCCCSCNC
2811,2865,CC=C(N)COCCCC=NC=O
2812,2866,C1C(O)C2=CC(C)=C1C3=CC=CC=C3C2
2813,2867,CCCCCC=C(C1)CC(S)C=C1O
2814,2868,CCCC(O)CC[NH1]S1=CC=CC=C1
2815,2869,CCC=S1C(C)=CC=CC=CN=N1
2816,2870,COC(=O)C=C1C=C(Cl)C1CC
2817,2871,CC=CC=CN=CNC=CC=O
2818,2872,OC=C1CCN=CC(Cl)S1
2819,2873,CCC=NC=CC=C1C(C)CN1
2820,2874,CC(C)C=C(CC1C)CNC1=O
2821,2875,CN(O)C(COC1=O)CNCC1
2822,2876,C=CC(O)C(=O)NC(Cl)C(=O)C=O
2823,2877,CC1=CC=CC=C1C=COC=N
2824,2879,CCCSC(N)=CNC=O
2825,2880,COC(=S1)N(N)CC=CC2=CC(CCN=C1)NN2
2826,2881,CCNCN1C=CC=C(O)C1OC
2827,2882,FCC=C(Cl)CCOC=C=C
2828,2883,CN(S)CCCOCCCCC(C)(O)OO
2829,2884,CC(CC(C)=C)C=CCC=C
2830,2885,CCNCCC=NC1=CC(C)C=C1Cl
2831,2886,CCC1(C)NC=CC=C(Cl)[NH1]C=N1
2832,2887,O1CN=C(Br)C(SC(C)SC=C)=C1
2833,2888,C1=CC=CC=C1C
2834,2889,O=CC=CC=CC=N
2835,2890,OC(C)CCC1C(=O)C=CC=C1
2836,2891,CCCCSC(=O)NC(C)CC(O)CCC
2837,2893,CC=CC=CC=CC=C1COCN1
2838,2894,CC=CSC(=O)NC=O
2839,2895,CC=CC=CCCC1CC(C)CN1
2840,2896,C1NC(=O)NC1CNCC#C
2841,2897,CC(C)C(C(=O)C=CC=C)CC=O
2842,2898,CCC(CCCCC1C2CCCN2C=O)C1
2843,2899,NC(=O)C=CC=CC1=NCN=C1
2844,2900,OC=NN=C(C)N=NC(O1)=C1
2845,2902,CCC1CCCCC(=O)N(C)C1
2846,2903,CNCCCC(=O)OC1CCC=C1
2847,2904,C(N)=CC=CC1=C=NSN=N1
2848,2905,CC=CC=CCCN=CCN1CNC1
2849,2906,C1=CC=CC1=O
2850,2907,O1C=CN=CC=C1OC=CSC(=O)ON
2851,2908,CC=CC=CC=C1C(=O)N=C1NCCNCC=C2C=C2
2852,2909,N1COC2C=CC=C2S(F)C=CN(F)SC1
2853,2910,CCC(C)(C)CC=CC1=C(CNSC)C1
2854,2911,C#CC1CCCNC(C)CC1(O)O
2855,2912,OC=O
2856,2913,C(N)C=NC1OC=CC=CO1
2857,2914,O=C(N)CC(=O)OC
2858,2915,C1C2CC=C1C(=O)CC(Cl)C2
2859,2916,NC#N
2860,2917,NC=CC=C(N)Cl
2861,2918,O=CC=CC=CC(=S1)C=CN=C[NH1]1
2862,2919,NC(C)OC(=O)C1=CC=CC=C1CO
2863,2920,NCCCCN1SC=CCCCC1
2864,2921,C1CCCC(OCCCCSCCC1)Cl
2865,2922,COCNC=C
2866,2923,CCC(=O)N1C2=CC=CN=C1C(C)OC2
2867,2924,O1CCCC1NCCC=C
2868,2925,ON(C)NC=CC(N)C(=O)O
2869,2926,O1C=CC=C(C2=CC=CC=C1C)C3C=NC=C2C3
2870,2927,CCCCC(O1)CNC=C1CCO
2871,2928,N(C)C=CCCCC=CC=C
2872,2929,NNC(=O)NCC1=CCC=CN1S
2873,2930,FN1C=CC2=C1CNC23C(=O)C=NCC3
2874,2931,C1C(=O)OCC(C)CCC1
2875,2932,CC(C)CC1C=NNC=C1
2876,2933,C(N)C=1CCNC=1CCC(=O)O
2877,2934,CC=1CC=CCC=1NS[NH1]C=N
2878,2935,CC(O)N1CCCC1
2879,2936,C1OC2C3CC1OCCCC2=C3CN
2880,2937,OC(C)(O)C1C2CC=CC=C2CS(CN1)C
2881,2938,CCCC=C1C=NC=CO1
2882,2939,CCC(=O)OC1CCCCC1
2883,2940,OC=CC(=SCC)C1C=CC2=C(O)C=C1CC2
2884,2941,CCNC(=O)NC=CC=CCCCOC=C
2885,2942,CCC=CCC(C)=C1CSC=CC=C1Cl
2886,2943,N1C(C=COC(O)=C1)OC
2887,2944,CC(=O)SNC=CC=C1N2C=CC=C12
2888,2945,C1=CN=C=C1CC2(O)CCCCCO2
2889,2946,CCNC(=O)N=N
2890,2947,CCC(N)C=CC=C1C=CN=C=C1C=CC=NC=S
2891,2948,COCN(C)N(C)CCC=CC=C
2892,2949,COC=NC=C(O)C(N)C1=CC=CC=C1N
2893,2950,O=C1C(C=C)C(C)=C1C=N
2894,2951,COC=CN(N)C=NC=C(N1)C2CCCC1C=C2C
2895,2952,COCC(C)(C(=O)CCCCC)C=O
2896,2953,CC=NCC=CC=C1C=CC=CC(F)=C1[PH1]
2897,2954,C(=O)NC(C1CCCOC)=N1
2898,2955,C12C(C=CC=C1CNC)NCS2
2899,2956,CC(C)Cl
2900,2957,C=CC=CN=C1CCC=N1
2901,2958,CC(O)C(=O)OC(O)C1CCOC1
2902,2959,C=NN=CC(=O)NC(=O)CCl
2903,2960,NCC=NC=CS[NH1]CBr
2904,2961,CCOC(=O)CCC=NC=C1NN1
2905,2962,CC=C(Br)CCC=C1C2=CN=CN2CN=C1C
2906,2963,CCN(N)CCCNCCCCNC(=O)O
2907,2964,NC=NN=C=C1CCCC1
2908,2965,N1CCOC=N1
2909,2966,O=CN=CC=CC=NN=CC=C
2910,2967,CC=NC1=C2C=CC=C1C2
2911,2968,COC=NC(SC(=O)CCC)C
2912,2969,CCC(F)C=CC=COCCC
2913,2970,CCNC(=O)NCN
2914,2971,C(C)CC=SC=CC=C(CS)O
2915,2972,O=CC#CNC(=O)C1=CC=CC(C)=C1
2916,2973,CC1=CC(=O)OC(N)C1CCC=CC
2917,2974,C1CCC=C=C2CC=CS2S1
2918,2975,N=CC=C(C)OCCCC1CC(C)CC1
2919,2976,CN1NCCCN1
2920,2977,COC1C=CC(O)=CC(=C)C=CC1=O
2921,2978,OCCC(=O)C=CC=C(F)C
2922,2980,C=CC1=C(N)C(N)(C)C1
2923,2982,CC=1CCOC=1CCCC=CC=C
2924,2983,CC(C1)CCCC12C(S)CC3C2=NCC3
2925,2984,CN=C(CN)C=NC(SCCCCC1)C=CC=C1
2926,2985,CC=CC(CCOC(=O)ONCC)C=C
2927,2987,CNCNSCC1(C)CCNC1
2928,2988,O1C(CC=C)C1(C2CC)CN=C2O
2929,2989,O=CC=C(CC1C=CC=CC=2)C=2C1
2930,2990,O(C1)CCNC=C1
2931,2991,CCC=C=O
2932,2992,O=CC=CC=CN=C(S1)C=CC=CS1
2933,2993,CCCCOCC(=O)O
2934,2994,CCCC(=O)C1=CNC(S)C1CC(C)OC#C
2935,2995,N=C(C)OC#N
2936,2996,COCCC(O1)C=NC=CN=CC(C=CC12C=CO)=C2
2937,2997,CC(=O)C(C)OC1=CC=C(O)CN1
2938,2998,CNN=CC1=CC2=C(NC=C(F)C2)C[NH1]1
2939,2999,NS(O)C(C=C)(C)CCCCCOC
2940,3000,CC(=CCC=C1C=CC=C1)OO
2941,3001,OC(Cl)CC=NCCOC(C=C1C)(C=C)C=N1
2942,3002,COPC=CC=C(N=CS12CO)CC(C=C1[NH1]C)C2
2943,3003,O1C=CC=CC=CN=CC(S)CN1
2944,3004,COCC#N
2945,3005,O(CC=CSC=S)C(C1)=CC=CC=C1
2946,3006,CCNC(=O)CCC(C)C1CN=CC=C1C2=C[NH1]2
2947,3007,CN=CC=CC(O)C=CC=C(C)C=C
2948,3008,CCCCC(C1)=CC=CC=C1
2949,3009,CCCCC(=O)CCC(C)CCCN
2950,3010,O=C(O)C(C)OCNCOC(=O)O
2951,3011,NCCOC=C1N=CNNC1
2952,3012,ClCOCCCC1ONN=CC=C2C=CC=CN21
2953,3013,C=C1C2=CNCC2(C)C=CC=C1Br
2954,3014,NC(=O)CO
2955,3015,CC=CC(=O)C=C=C(CN=CC1CC)CCCC=C1
2956,3016,C=CC=CC1=C(C(O)=N)C=C1N=NO
2957,3017,NC1=CC=NC(C#CC(C)(Cl)N1)C=N
2958,3018,CC1(C)OC(Br)C=C2CCCC1=C2
2959,3019,CCOC(C12)CC(O)CC1CC=CN=C2CO
2960,3020,O(O)CC(O)C(=O)OCOON(C)O
2961,3021,CCOC#N
2962,3022,N=C(C)CC(NC)CC=CC=C(O)C=C
2963,3023,N1CCCC(C)CCO1
2964,3024,C1C=CC=C1C(C)C#C
2965,3025,CCC(C)NCCP1C=CC=C1ON
2966,3026,CNCC=C1C(C2=CC=CC)=C2C=N1
2967,3027,CC1CCC(C)C(C)CCCN1
2968,3028,NC=C(C)C(C)=CC=CC=CN
2969,3029,COC(=O)C1(C)OC=CC(Cl)=CC=C1
2970,3030,CC(C1N)C=NC(C2)=CCOC=C2C=C1
2971,3031,C1(C)=CC=CC(O)C=CC=C1N=O
2972,3032,CN(CCOCCC(C)NC)C=O
2973,3033,CCCCCC1=CC(C2=CN)=CC=C21
2974,3034,NCC1=CNCCC(C2)C=CCCS21
2975,3035,CNC1NCCN2C=C(O)C(=O)OC=C1CC2
2976,3036,CC1CC(=O)CCC=CC(C[NH1])C=C1
2977,3037,NC=C(C1C(C)NSC=CC1)NCC=O
2978,3038,OC(C)CCC=CC=CC=CCCN=C
2979,3039,CCCCCNCCN
2980,3040,CCSCCOC=CC(=O)O
2981,3041,C12=NC1CC(C)CCCCCCC2
2982,3042,OC(C)CCCCCN(N)CC=CC=C
2983,3043,NCBr
2984,3044,C12CC(N)C3(C=CC=C1S2)CN3
2985,3045,CC1(N)CNCCCCCCC1
2986,3046,OC=NC(O)=CC=C1C=CCN1O
2987,3047,NCCC=CCCS1C=CC=C1
2988,3048,CCC=NCS1C=CC=C1N
2989,3049,CCOC(=O)C1CSCC2C1C(Br)N=C2
2990,3050,CC1=CC=C2C(C)C=CC=C21
2991,3051,N12CCC=C3C=CCC1=C32
2992,3052,NC(=O)CCC=CC=CC=CC1=CC=CC=C1
2993,3053,OC(C)=C(C=CC=CC1S)CCC=NC1=O
2994,3054,COC1OC2CC[NH1]NC2NC(N)=CS1
2995,3055,C1CC(C)=CCCC1(C=CC=CC=CC(N)C=CCl)O
2996,3056,CN1C(=S)NCC=C(Cl)C=C1
2997,3057,O=CC=CC=C(F)CCCNC#N
2998,3058,CCC1C2CCC(=O)C2(C)C=CC1(Cl)N
2999,3059,C(C)C1=NC=C2C(C)CCC2=C1
3000,3060,OC(C)C=CC=C(C)C(C=CN1)C1
3001,3061,O=CC=C1C(C)=CC2=CN=CP=C2N1
3002,3062,CC=CC(CCCC(=O)C1)=CC=NC=C1
3003,3063,OC(N)CC(C)NC1OC(=O)NCCC1=S
3004,3064,CC=CC1[NH1]C=CC=C1N2NC3C(O)C2CCOC3
3005,3065,COCC[NH1]C(=O)C1C=NC=C1COC
3006,3066,COCCC=NC=CCC=CC=C1C=CC=C1
3007,3067,CCCC(=O)C=CC=C(C(O)CO)C(=O)CC=CC
3008,3068,C12NC(C)C=C1C=C(C)NC3=CC=C2OC3
3009,3069,O(C=CO)N(C1)CCOC(C)=CC=C1C
3010,3070,CCCCC(N)(N)CC1CC=C2C=NC(C1)C=C2
3011,3071,CCC=NC=NC=CC=C(Cl)CC=CBr
3012,3072,C=CN=C(C)N1C(O)C(=O)OC(O)N1
3013,3073,CN=CC=CC1=CC=CC=C1
3014,3074,CCC=CC1=CN=CC=C1
3015,3075,CC=CC=C(C1O)CCNC1
3016,3076,CCC=C
3017,3077,OC=CN=CC=C(CC(=O)I)C=CC
3018,3078,C1NC(=O)CC(C)OC=C1C
3019,3079,O(CSC=CC1=CN=C)C=C1C
3020,3080,NCC#CC1C(C)CC1CCC=2CC=2NC
3021,3081,C=CC=C(O)C(=O)C=CN=C
3022,3082,NC(C)C=CC=CC(N)=CC=CC=CCl
3023,3083,CCC(C(=O)C)C1=CC=C(C)C=C1
3024,3084,CC(CC(C)C=C)CC(CN1CCC=C1)C
3025,3085,O=CCOCC1CC=CC(Br)C=C[NH1]1
3026,3086,CC1NC2=CC=CC=C2CC(Br)C=N1
3027,3087,C=C(C)OCOC(=O)O
3028,3088,CCSCNC=SC1=C=N1
3029,3089,C1CCCC1C(F)CCCC
3030,3090,CCCC(C)C1CCCCC1
3031,3091,O(O)CC(O)=CC=CN=CC=CC=CC(=O)C=C[NH1]
3032,3092,NN(O)C=NCC=C1C=CC=CS1
3033,3093,CN1C=CC(CC12C)CCCCC3=CC=CC=C32
3034,3094,NC=CC(CC=CC1)=NC2=CC=C1C=C2CN
3035,3095,CC=NN(C1)CCCCCC(C=2)C=2C1
3036,3096,C=CC=C(C)CC=C1NCCC(Cl)C1OC
3037,3097,COC(=O)OC=NCC(Cl)CC
3038,3098,OS(=O)ONCCC1CC=CC=CC1=C
3039,3099,CCOC=C1C=CC=CC=C1CCl
3040,3100,CC(C)=C(O)COC1CCCCC1C=NC=CC=C
3041,3101,C(=O)CCC12CCC[NH1]CCCC1CCCC2
3042,3102,CC(NCCCCCOC=C)C1(O)CC=CC=C1
3043,3103,CCCCCCCNC=C=NOC(O)CCCCl
3044,3104,C12CCC3CCCCC31S2
3045,3105,CC1CC=CC(=O)CCOCCCC1
3046,3106,CC=SCCNCC1(O)C(=O)CCNC1N
3047,3107,N=C(C1OC)C=CC=C(Cl)C=C1
3048,3108,CC=CC=CC=CC1=CC=CC=C1F
3049,3109,CC(O)CC1C(N)CSC1C=O
3050,3110,CCOC=CC=CC(N)=CC=C[NH1]C
3051,3111,CCCNCCC12CCC(N)C1O2
3052,3112,C1OC=SN1C(=O)CCC2CC=CC=C2
3053,3113,CC(=O)C(O)C=C
3054,3114,CCCC(=O)ON
3055,3115,NC=NN=C(C)C1=CC=SC=C1NO
3056,3116,CC=CC(=O)OC=NN=C(Br)CC
3057,3117,CC1CC=CC=C(C2)CN=COC2=N1
3058,3118,C=1CCSC=C=1
3059,3119,C=NC(C=CC)=CC=C
3060,3120,CC=C[NH1]C=C(O)CSC1=CC=CC=C1O
3061,3121,C(=O)C(C)(O)OC=CC=CC=C
3062,3122,CCCC(C1=NCCCN1)O
3063,3123,NC(=O)NCN=NCC=1C=CC=C2C=1C2O
3064,3124,NCCC(=O)NC#N
3065,3125,CCC(=O)OC=NC(C)(O)OC
3066,3126,CSC=CC=C1S(N)CC=C1CNCCC
3067,3127,NC=CC=CN
3068,3128,CCC(=O)NC(C=C1C=CC=C1)CCC
3069,3129,CC1C(C)CCN(C)CNCC1
3070,3130,O=CC#CN=CC(C1)OCC=C1
3071,3131,CNC=CN=C(CN1)CC=CC=C1
3072,3132,CCCCNCC=O
3073,3133,NNCCCCCSC(=O)OC
3074,3134,OOC=CC(C)NC1=CN(C)CCCC1
3075,3135,COCCC(CC(O)CCC)=CC
3076,3136,CC(O)NCCCCCCC=C
3077,3137,C=S(C)COC=CC=CCl
3078,3138,CC(C(C1)C=CCC)C1C=NO
3079,3139,NC=CC1=CC=CC1=O
3080,3140,CCCC(C)C=C(O1)OC=CC=C1CO
3081,3141,C1CC=CC=CC=C1N
3082,3142,C=NC(=O)COCOC1=C(O)C=N1
3083,3143,CC(=O)C(C)NC(=O)CCNC=C=C
3084,3144,OC=CCC=CC(C1=CC)=CC=C1N
3085,3145,N(CCNNBr)CCl
3086,3146,CCCC1(C)NC=CC=C1C(=O)F
3087,3147,C=S(C)CN(C)C(F)CO
3088,3148,N=CNC(=O)C1=CC=NC=C1
3089,3149,NCC=CC=CC(=O)O
3090,3150,CCNN(O)CCC1C=CC=CC1=N
3091,3151,O=CC(O)=CF
3092,3152,CCSC=CC=CC=C(Cl)CC(O)C=CC
3093,3153,C1=SC=CC=C1C=CC(=O)SC
3094,3154,C=C(N)CCCC1CC2C=NC1C=N2
3095,3155,NCC1CC[NH1]C(C)CCCCNC1
3096,3156,C1C=CC(=O)O1
3097,3157,CCC(O)C(C)CCCOS
3098,3158,OOC(=O)N=CN=C1C=CC=C=C1
3099,3159,O1S2C=CC=CC12C
3100,3160,N=CC=C(F)CCCCCCCCC
3101,3161,C1OC=C1O
3102,3162,CCNCC=CNC(O)C=N
3103,3163,C=C(COC=CC=C(Cl)C=C)C=CCCC=C
3104,3164,O=CC(C)Br
3105,3165,OC1=CC=CC=C1OCCNC
3106,3166,C1CSC2=CC(COC2)C=CC=C1
3107,3167,CPCCC1C(C)CC12CC=CC3=C2C(=O)CC=C4C=CC=C3C4
3108,3168,CC1CCCCSCN=C1O
3109,3169,S1C2=C1C=CC=C2C
3110,3170,CCCCC=CC(=O)OC=C
3111,3171,CSC=CC(C1)(N)CC=C1
3112,3172,CC1COCC(CC2)C1C=CC=C(F)CN=C2O
3113,3173,C=1C=CC=CC=1N=C2N=C2NC
3114,3174,NCCC1C(=O)OC=C1C2NC3CC2C=CNCCN3
3115,3175,FN=NC(Br)C(C(=O)O)C=N
3116,3176,C1NCCC1C2=CC3=CC=CC=C3C=C2
3117,3177,CCC(C)C[NH1]C=C1C=CC2=C1C2
3118,3178,CCOC=CC=C(C=O)OC
3119,3179,O(COC)CC1=CC=CC=C1CCO
3120,3180,O1C(=O)CC=CC2=C(N)CC=C21
3121,3181,CCNN1N(CC=C1)OCCCC
3122,3182,CCC(C)CC1NC(C)C1
3123,3183,CCC(=O)C=CC(N1)=C1
3124,3184,NCCNC(=O)C(C)(C)O
3125,3186,NCCCCCCC=CC(O)=C
3126,3187,COC1(O)CNCCC(C)CC1=NPC
3127,3188,CC(=O)C1=CC=NC=C1S
3128,3189,CCCCCCC1CC(Cl)(Cl)CN=CC=C1
3129,3190,CCC=C(N)C1C(=O)CC=N1
3130,3191,N[NH1]C(=O)N=CSC=C1C=C(Cl)C=C1
3131,3192,OCC=CC=C1C=CC2=CS1=CC2
3132,3193,CSC(C)Br
3133,3194,OC(C)C=NC=CC=CC1=C(C)C=P1CO
3134,3195,C(N)CCCCC1CCCC1=O
3135,3196,CN1S=2C=CC=C1NN=2
3136,3197,CC=CC=CC1=CC=C=CC=C1C=O
3137,3198,COC=CC(=O)OC=C1C=CC=CS#C1
3138,3199,CC=CC1(C)CCCC(Br)N1
3139,3200,NC=C(C=C(O)C1(C)O)C[NH1]1
3140,3201,CC1=C(N)C=CNCCCCC=NN1
3141,3202,C=CC(C=CC1NC)=CC=C=N1
3142,3203,CCCCC=CCN(C=C(Cl)C[NH1]C)CO
3143,3204,C1CC1C=NC2=CSCN2C=NC=CO
3144,3205,CCCCCCC1CC(=O)NC1
3145,3206,COC(C)CC=CC=C(O1)CCCNC1=O
3146,3207,ClC=C(S)OCN1N=C(C=O)OC=CC=C1
3147,3208,OC(C)CC1CN(C)CC1C
3148,3209,C1NC=N[NH1]C2=CC=CC=C21
3149,3210,O=CCSC1(O)C=CN=C1O
3150,3211,O=CNCC(=O)C1(C)CCCC1
3151,3212,CC=CC(=O)NCCC1C(C)CC1
3152,3213,CC(C)C(=O)NC(=O)C1=CC=C(Br)C1S
3153,3214,CNC(C=CCC=CCCC1)=NC=CC=C1
3154,3215,C=CC=CC1=C(N)C(Cl)C=C1O
3155,3216,OC=NCCCC(=O)CCCCBr
3156,3217,CN=NC=CC(O)=CCNO
3157,3218,CC(=O)NCCC(N)=CC=C(Br)C
3158,3219,O(N)COCOC(=O)N
3159,3220,CC(C1OC(O)CCC)(O)OCC1
3160,3221,CC([SH1])CCNC(=O)CCCCCCC
3161,3222,C=C1NC(=N)C=CN=C1NC=C
3162,3223,COC(=O)OCC1CCCO1
3163,3224,NCCO
3164,3225,CNCC1=C(CCCOC=O)NC1
3165,3226,CCCC1OC(C)CC1=CNC(N)N=N
3166,3227,NC(=O)NC(=O)NC(O)CCCC=O
3167,3228,OC(O1)CCC=CSN=C1
3168,3229,CCCCNCCNC=C
3169,3230,N1SOCC(=O)OC=CC=C(C)C1C#C
3170,3231,O1C(=O)CCC(=O)C1=SSOCCCCC(C)O
3171,3232,OC=C1NC(O)CC=C2C=CCCC2C1
3172,3233,CCN=C(C)OC(=O)COCC=CO
3173,3234,NC(=O)OC(C)CCCCOC
3174,3235,N1=CCO1
3175,3236,NCN=CC1=CC=NN=C1C=O
3176,3237,N1CC(C)OC=CC=CC=C(F)C1Cl
3177,3238,C1#CC(=O)OC(=O)C1Br
3178,3239,C=NC(C)=C1C=CCNC1
3179,3240,CCCC(=O)OC=NCC=CCCC
3180,3241,COC(=O)NCCCC(C)NC
3181,3242,CC(CCCC=CC[NH1]N=CBr)=C
3182,3243,C1C(C)(C1C=C)C=C2C(C)=CC=C2[NH1]
3183,3244,CC=C(CCCCCCC(=O)OCC)O
3184,3245,CC=C1C=CC=CC=C1COC
3185,3246,[NH1]CC=C
3186,3247,C1CN=C1OC(=O)NC=NC=CSCl
3187,3248,C1CNC(=O)CC1CN=C
3188,3249,NCCC1=C(C2)CC=NC=CC=C2NS1
3189,3250,NC(=O)N=C(C)CCCS
3190,3251,CC(C)C(C)CCCC
3191,3252,COC(C)NC=CCF
3192,3253,C1OC=CC(N)C(=O)C1=O
3193,3254,[SH1]C(Br)C=C1SC(=O)CCCCN1
3194,3255,CC=C[NH1]CC=O
3195,3256,OCCCCC(C)CCC(C)CC=CC=CC1=CC=CC=C1
3196,3257,CC(=O)CC=C([SH1])C(C)(O)N
3197,3258,CC#CSCC(=O)CCCCCCC=C
3198,3259,O=CC=NCC=C1C=CPP1C(=O)O
3199,3260,C1C(=O)CC(CN)CCS1CC
3200,3261,NC=C(C)CC(C=C1N)=CC=CC1
3201,3262,CCCC(CC=CC=CN)=O
3202,3263,C=C(C)CSC=CC=C1C(Cl)C=CC=C1
3203,3264,C1OC=CCC=C(C)COC1
3204,3265,NC=CC(=C)N=NN=CCC
3205,3266,C(C)C(C)CC1CCCC1CCCCCCCCC=NC
3206,3267,CC=CC=C(C(N)NCO)C=NNC(C)C
3207,3268,C=CC=CCCC(=O)OC=NC1C=CC=CC=C1C
3208,3269,CN1C(=O)OC=CC1(CCCCO)CCC(=O)OC=S
3209,3270,CC(=O)NCOC=CC=CC=CO
3210,3271,CCOC=CC1=C(O)N=CC1C
3211,3272,CC(N)CC(N)CC1CCNC1
3212,3273,CCS=CCCl
3213,3274,CCCCCCC(C)Cl
3214,3275,C=CC=C(Br)CC1=CC=CC=C1C=NNC=NC=CN=CCl
3215,3276,C12NC=3C1(O)C=3N2
3216,3277,CNCC(C)CCCC(=O)NCCSC=N
3217,3278,CC1CCC(=O)CCC(C)CCCC1Cl
3218,3279,C=C(OCCCCCCCC)CCO
3219,3280,CCCN=CC(=O)C=C(O)CC
3220,3281,ON=CC1C(N)COCC(Cl)=C1
3221,3282,C(N)CCSC=NC(=O)CBr
3222,3283,CN(NC)CCC=C(C)CC=CN=CO
3223,3285,NC(C)(O)OCCCCCCC
3224,3286,CCOC(=O)OCCCCCCCC[NH1]C
3225,3287,C=CN=C(Cl)C1NC=CC=C1
3226,3288,C1=C(Br)C=CCC=NC=CC=C1OC
3227,3289,C1=CC=N1
3228,3290,CC1SC(N)C(=O)OCOCC1
3229,3291,C1C(O)=C2CC3CC2NC3C1N=C
3230,3292,C=CCCOC=C(C=CC1)CC(C=CC=C1)O
3231,3293,C=C(CNC=1N(O)SC=CN)CCC=CC=C=1
3232,3294,CC(C)C(=O)OF
3233,3295,CCCOC=O
3234,3296,C1CCC(N2)=CC=CC=C2O1
3235,3297,C1C=CSC(=S)NCC1
3236,3298,NCC(C)(C)NCC(=O)CCCC(C)O
3237,3299,CC(=O)CC(N)=S(S)CO
3238,3300,N=CC=CC1=CC2=C3C4=C1C=CC=C4C3C=NC2
3239,3301,C1CCCCC(C)=CC=CC=C1O
3240,3302,CN=C(Cl)C=CON(O)OC
3241,3303,CCC=CC1=C(Br)C=NS2=C=C1NO2
3242,3304,NCCS
3243,3305,CCCCC(C)C(Cl)=COC(F)C(Cl)=C
3244,3306,CC(C)CCCC(O)C(=O)OS=N
3245,3307,C1NC(N)CCCCCCC2CC1CCC2
3246,3308,C(=O)C(C)NNC(O)COCCCC
3247,3309,NC(C1)(C)NNC(C)=CC(F)=CC=C1
3248,3310,C(C)N=CC=C1C=CC(Cl)=C1C[NH1]C
3249,3311,C1=CC=C(N)C(N)(N)C1Cl
3250,3313,COC(=O)N=C1C=CC=CC=C1OCC
3251,3314,CN=NCCOC(=O)C(CC=CC=C1N(SC)C)C=C1Cl
3252,3315,C=1C=CN(CO2)C(O)C=CS=1C=C2O
3253,3316,CCCC1=CC2(CCl)CCC23C(S)C1C3
3254,3317,CC=C(C)C1CCCOC=C=C(C)OC=C1Br
3255,3318,C=1C=CC=C2C(N)=CC=C2N=1
3256,3319,CCC=CC=C(C)NC(F)=CCC=C
3257,3320,C1CCCCCC=C1
3258,3321,C=C(C)N=C(C)C(C)(O)O
3259,3322,CC=CC=CC=C
3260,3323,CC(N)CCC1(CC)OC=CC(C)CN1C
3261,3324,C=C1C=C2C=C3C(CCC3)=CC21
3262,3325,COC(=O)C=C(CCCCC1C)CC=CC=C1
3263,3326,CCCC=C(C)C(=N)NC(=O)O
3264,3328,CCCCC=CNC
3265,3329,CCCCCC1CCC(C)CCC1
3266,3330,CCCCCCN=CC=C1[NH1]C=CC=C1
3267,3331,OC(=O)CCCCC=CC=C(C)C=CC#C
3268,3332,N1CC1=CNC
3269,3333,COC(C)CCC(=O)OCC1=NC2=CC=C3C=C2C=CC=CC1OC3
3270,3334,O=C(SC#CCOC)C=O
3271,3335,COC=CC=C(N)OC=NCOC
3272,3336,CC(C)OCCC(C)=COO
3273,3337,C1COCSCC=C1
3274,3338,C1CNCCCCC1
3275,3339,CC(=O)CCC(O)C(=O)OC1=CC=CC=C1C
3276,3340,C(CCCON)S
3277,3341,NC(C)SC=CC1=CC=CC=C1
3278,3342,N12NCCCC1=C2NC
3279,3343,CCCNC#N
3280,3344,N=CC=C(C(=O)C1=CC(=O)O)C1
3281,3345,CCN1N(O)C(O)C=CC=C1
3282,3346,CC1=C2C=C(Cl)C=CC=C2NNC1
3283,3347,CC=NN=CC=C1N=CC(Br)NN1
3284,3348,C12N=C(S)C=NCC1CNCCC2
3285,3350,CC(Br)=C=NC1=CP(=S)C=C1
3286,3351,CC(=O)NC=C1C(C2=C(N)C1)C=C2O
3287,3352,CC(C)CC(=O)N=CC(C)=CC=CC=CC
3288,3353,C1C(=O)CCCCCCCCC1
3289,3354,CCC(N)=CC=CC[NH1]C1=CC=CC=C1
3290,3355,CN=CC(O)CSC1=CC=CC(Cl)=C1O
3291,3356,COC=CCOC1(N)CC2=CC=C3C=C2C=C31
3292,3357,NC1(C2)SC=CC=CNS1C2
3293,3358,CCCC1C=CC=CC=C1OS
3294,3359,CCCC(O)C
3295,3360,CCSCC(C)C(O)C
3296,3361,CC(=O)C=CC(C1=CC)=CC=C1C
3297,3362,CCCOC=NC=O
3298,3363,CC=NC=CC=C1C=C(Cl)N1O
3299,3364,O1C=CC=C1OC=C2C=CC=N2
3300,3365,NCC(=O)C=CC=CC=C(Br)C=C=NC#C
3301,3366,S1CC=NC=C(O)N1
3302,3367,CCOC(=O)C=CC=CC=C(NC)OOSC(=O)NC
3303,3368,CCC(C)C(C(O)=C1)N=CC=CC=CNC1
3304,3369,COC=C(C)OC(C(C)O)C(=O)OC
3305,3370,CC=CC=CC=CN(CC=CC1=CN=CC)C1
3306,3371,O=CS[NH1]N(C)C=CC=C
3307,3372,C=CC1=CC=CC=C1Cl
3308,3373,OCCN1C2=CC=C=C1C(C)CN2
3309,3374,NC(=O)CC=CC=C(O)C=C
3310,3375,CC=C=CC(=O)NCC=C(F)COC=C
3311,3376,C1C(O)C(C)CCCCCCCC1
3312,3377,COCC(CC=C=CCF)C=C
3313,3378,CNC(C)CCNC=CC=CSCC
3314,3379,CC(=O)N(C)OCCCNCCC=CC
3315,3380,CNCCNCC(C=O)OS
3316,3381,C(C)CC1(N)C(N)C2CCC1=CC2
3317,3382,OCOCOCNCOCN=CC(=O)C=C
3318,3383,CNCCC
3319,3384,CCNCOC=CC=C=C1SC(=C)C=C1C
3320,3385,C=CC(C1)=CC=CC1CC(=O)O
3321,3386,COC(C)CCCS(C)C(C)=C
3322,3387,NC(C)CCNCC(=O)C=C
3323,3388,CCC1CNCC(C2)C2=CN=C1
3324,3389,COCCN1CCNC=CCC=C1O
3325,3390,CCCSC(C=CN1C=CC=CC)=C1
3326,3391,N1C2C3(C)SC1C=C3C2=O
3327,3392,CCC1NC=C(O)C2=CC(=O)C1CCC2
3328,3393,O=CC1=CC(F)SC=C1
3329,3394,N1(C)CCC2C(C)C1C2
3330,3395,N=S=CN1NN=C(C)C(N)C(N)=C1
3331,3396,NC(N)(C)CC=CC=C1C=C=NC=C1
3332,3397,CCC(C1(C=CO)C)N1CP=O
3333,3398,CC=CC=CN=C1CNC(=O)N1
3334,3399,CCCOC(=O)CC=CC(C)=CN=CNC(=O)N
3335,3400,CNCOC(=O)C=CC=CC(N)=CC(O)Cl
3336,3401,CCCC1=NC(CCCN)C(=O)C(=O)CN1
3337,3402,C=CCSC=NC1=CC=C(Br)C=C1
3338,3403,CC=CC(C)SC(O)COC=O
3339,3404,OC(CCCC1CCC=C)C1F
3340,3405,CCCCC(C1)=CCOC1CCC
3341,3406,C1C=C1CCOCOC=CC=CC=C
3342,3407,CNC(O)(O)CNCCCCSC(OC=O)=NC=CC
3343,3408,OC(C)C(=O)OS(S)CC(C)O
3344,3409,O=CCC=C(C1)NCSCC1N
3345,3410,NOOC(=O)N=CC=CO
3346,3411,C1=C(C)C=NC(C2)=C1C=CC=N2
3347,3412,COC=C(CC(=O)CC)C=O
3348,3413,OC1=C(C)OCCCC=C1C=C2C=CC=C2
3349,3414,C1CCC=CN=CC1(CS2C(CC)CC2C)CC
3350,3415,CC(C)=CC=C(Cl)C1CC2=CC=CC=C21
3351,3416,N=CC(C(=O)N)CNCCCNCON=S
3352,3417,COCCCCCCCC(CC)=CC=N
3353,3418,ON=NNC(=O)CCNCCC1C(=O)NC1CCC
3354,3419,CC1CCCC2SN=CC=C2N1
3355,3420,NCC(=O)CCC=NC=CC=C
3356,3421,CN=CNC(C)=CC(C1)(C)CC=CC1
3357,3422,O=CN=CC=C(Cl)NC(C)O
3358,3423,CCCCNC
3359,3424,OC=CC(NC(=O)CC)CCSCC
3360,3425,CCCCC(=O)S
3361,3426,CCC=CC=C(N)C=CC=N
3362,3427,C1CC2CC1=NCSCCC2
3363,3428,OCC=CC=CC(=O)C=NN(C)NCCCC=C
3364,3429,C=C1C(O)COC=NC=C(I)N1C
3365,3430,NCOC(=O)NCCC
3366,3431,OC1(C)CNC1C=C2C=CC=C2
3367,3432,CCNC=CC1(Cl)C=C(Cl)C=C1Cl
3368,3434,O(C)CCOC=CN(C=C1C=CBr)C1Cl
3369,3435,C#CC(O1)CCCN2C1CCNC2
3370,3436,C12NCCOCC1C2CNC=NNNC
3371,3437,NCCCCCC(C)(C1)CC=CC=C1
3372,3438,CCCCl
3373,3439,CCC(C)CCC1=CC=C(O)N=C1
3374,3440,CC=CC=C(C)OC(=O)CCl
3375,3441,NC(CCOC(N)CO)C(=O)O
3376,3442,C1OCCCC(C)CCCCCNN1
3377,3443,NC=C1CCCN1CCC=NO
3378,3444,CCS1(Cl)SC=C2C=CCCC2=C1
3379,3445,OC(O)C(=O)OC=CC=C(C)OC=C
3380,3446,COC=C(N)CCCCCC=C(O1)C1CO
3381,3447,CC1(Br)C(N)=CN1CBr
3382,3448,C1C(=N)C=CC(O)SC1=C
3383,3449,CCCCCCCCC(C)CNCCCO
3384,3450,CCC=NC=CC=CC=C(CCC=C1C2=CN=CN)OC21S
3385,3451,CCCCC1C(C)CCC12C=CC=C(C=C)OCC=C2
3386,3452,C1CC(O)C(N2)=CC=CC=C21
3387,3453,NC=CC=C(C(S)C1=CC=CC=C1)N
3388,3454,C1N=CN=C1CN=NC2=NNC=C(O)C2Br
3389,3455,O=NC(C)CCCC=CC(C)C=CO
3390,3456,NNC(=O)N(O)C(C)N(Br)Cl
3391,3457,ClC=CC(C)(O1)OC(=O)NC=NC1O
3392,3458,CCOC(=O)OC(C)CCNCC
3393,3459,CCNCCC1=CC=CC=C1C
3394,3460,N1NSC1C(C)(O2)CC(=O)N2
3395,3461,CNCSC=O
3396,3462,CC(=O)OC=CC=C1CCCN1
3397,3463,C=CNC=CC1=CC(Cl)=CO1
3398,3464,O=C(O)C=CC=C(O)C1OC=CC=C1
3399,3465,CCC=NC(C(N)CC1CCCO)C(C)C1
3400,3466,O=CC=CC(N)CCC=C
3401,3467,N1C(=O)CCO1
3402,3468,NN(N)CC(=O)CC=CC
3403,3469,COCC=CC=NN(O)C(C)CBr
3404,3470,C1=CC2=CC=CC=C2C=N1
3405,3471,OC=CC=CC(=O)C=CC(=O)S
3406,3472,CCCC1=CC=C2C=C1CNC2CCO
3407,3473,C12OC=CSC(C)=C1C2(C)O
3408,3474,CC1C=SC=C(C(C)CCO)C=NO1
3409,3475,N#CC=CCCC(=S)OC=S(C1)C=CC=C1
3410,3476,CCCCCC(C=CC1)=CC=CC=C1C(=O)C(N)=N
3411,3477,C(N)CC(CC)NC=CC1=CC=CC=C1
3412,3478,CCCCCCNC1=CNSC=C1
3413,3479,NCC1NCCCCCCCNC1ONC
3414,3480,OC(C=1)CCCOC=1N
3415,3481,C1C(OC)=CC=CC=C1C2NCNCCCNCNC2
3416,3482,CC(O)N=CNC
3417,3483,CC(C)CCSCF
3418,3484,COCCNC(C)CCS
3419,3485,CC=C(O)C=CC=C(Cl)C=CC=C1C=NC=N1
3420,3486,OC=S(O)C=CCC(NCCCCC)CS
3421,3487,CCC(NC1CC2=NC=C3)C=C2CNC3NC1CC=C
3422,3488,C=CC(N(C1)CC=COCCC2=C1CC)CC2
3423,3489,OC(C)=CC=C(C1)CC2=C3C=C1CCCC3=C=C2
3424,3490,CNC(=O)C=CC1=CC=CC=C1C
3425,3491,N1=C(O)C=NCNC1(C=CC#N)C
3426,3492,CCCCC(C=CN=CN=CC1Cl)CCC1
3427,3493,C1OC(C)C(C)CNCO1
3428,3494,C1NCCC=C1C2OC(=O)CCCCN2
3429,3495,O=C(CN=CC1=N)C=CC=C1CCO
3430,3496,O=C(C)N(N1)CC=CC=C1
3431,3497,CNC=CC(N)(O)C(=O)C
3432,3498,C=NCCC=NN=C1C=CN=CC1=O
3433,3499,CCC1=CC=C(Cl)C=CC=CC(C1Cl)S
3434,3500,NCC(C)CN=C(O)CCCOC
3435,3501,CC[NH1]C=CN=C(Cl)C(S)[NH1]C1=CC=CC=C1NC
3436,3502,C1CCC1CCCCC(O)CCl
3437,3503,C1C=2NC=C[NH1]C=2C=C1C=NCCC
3438,3504,N=NCSC(N)NC1=NCN=C1
3439,3505,CC=CN=S(=O)C=CONCCOC(C)=NCC
3440,3506,CC(N)C(=O)N=CC=CC
3441,3507,NOCCCCF
3442,3508,C1OCCCC2=CC=CC=C2C1OOS
3443,3509,CO
3444,3510,C=1C(Cl)=CC[NH1]C=C=1
3445,3511,NCCCCCCC=CC(C)(O)O
3446,3512,C=C(O)CCC1CC2C3N1C=CC2C3
3447,3513,CN=CC=CC1=C2C=C(F)C1ON2
3448,3514,CC=NC=C(CC=NC(=C)C=C)C=N
3449,3515,CNC=NC=CC(O1)=CC=CC=C1O
3450,3516,NCCC(C)CCC#CC=C
3451,3517,COC=NC1=CC=CC=C1COC=CC=C
3452,3518,CN1C=CC=CC1(C=CC=CC=C2)C=N2
3453,3519,NN=CC=C=C(C)O
3454,3520,NCC(C)OCCCC(C1)=S1
3455,3521,C=CC(=O)COC=C1C=CC=C1F
3456,3522,C=CC=CC1(C=NCON1OCN)CCCOC
3457,3523,CCI
3458,3524,CCC1C=CC2=C(O)C(O)C=C2C=N1
3459,3525,O1C=CC=CC=CC=CN=C1[NH1]
3460,3526,CC=CC=CC=C(C1)CC(Cl)=C1
3461,3527,C1C(C=CC=C1CO)CCCCC=C
3462,3528,NC(O)C(=O)CSC=C1C=NC=C1
3463,3529,CCC(=O)C1O[NH1]C=C1O
3464,3530,C1C2NSC=CCCC1C=C2
3465,3531,C=1CS(C)=CC(Br)C(Cl)C=C=1
3466,3532,C12=C(C)CCCCN1CCC2
3467,3533,CC(=O)CONC(C)C
3468,3534,CCCC=CC1=CC=CC=C1COC
3469,3535,CCCCCCCC[NH1]C=NC=CC=O
3470,3536,C1C(C2)C(C)(C)OC[NH1]CC2=C1
3471,3537,C1(C)=CC=CN=CC1CNS=C
3472,3538,ClCOC(=O)C=O
3473,3539,COCCCCC1CSC=C1NS
3474,3540,N=CCCCN(O)OC
3475,3541,O=C(C)N=C(C1)CCCSC1=N
3476,3542,CCC(=O)N1C(=O)OCOC(Cl)=CC1
3477,3543,NCNCCC(C)=CCC1(C)OCC=CC=C(Br)C1Cl
3478,3544,COC=CC=CC1=CC=CC=C1
3479,3545,NC1C(=O)N=CC(O)=CN=CCC1=C
3480,3546,O1C(=C)C=CC=CN=CC=CC=C1
3481,3547,O1C(=O)CC1=NC#COCCCSC
3482,3548,NC=C(O)N[NH1]CC(C)NOCCC1CN1
3483,3549,NC(C)=CC=NC=CC=C(Br)C
3484,3550,CC1=CC2=C(C=NC)C2C=NC1
3485,3551,C=SNCCCCCC1CC=CC=C1
3486,3552,C1N(O)CCCOC(O)C=C1Br
3487,3553,O1C(O)C=C2C=C1N=C2
3488,3554,C1CCC2C1CC=C2NCSC=C
3489,3555,N(CC1C)NCN1
3490,3556,O=C(C1OC(=O)CNCO)CC1O
3491,3557,C=CC=CC(=O)N(CCC12C=CC=C1)C=CC=C2
3492,3558,ClN=CC(O1)=C(NNCNC)CNC=NC1C=O
3493,3559,C=CC1(C)SC(C)=CC#CC1C(=O)O
3494,3560,ONCCC1C(C)CCC1
3495,3561,C=1PC(=O)OC=1C
3496,3562,C1SC=C(N=NC=CC=CC=C)C1
3497,3563,N=C(CC(C)COC=NC1=SC)CC=C1
3498,3564,NCCNCCCCCC
3499,3565,N1CCCC1(C=CC=CSC=C)[NH1]
3500,3566,CC=CC(C=CC(C=CC)=C)C=C(F)Cl
3501,3567,CC(C)NCC#COC1C=CCC=C1
3502,3568,C12OC(O)C(CC3=O)N=C1CC3=C2
3503,3569,C=CCCCCC=O
3504,3570,NC=CC(C)=NN=C(O)C=CC=CS
3505,3571,CC=CC=CN(C)C=O
3506,3572,ONC=CC=CC1NCCC1
3507,3573,CC=C1CC=C(C=CCCC)C1
3508,3574,CCOCC=CC(C)C(Cl)C
3509,3575,COC(=O)COC(=O)OC1=CC=C=N1
3510,3576,C1C=CC2=CC=CN=C2S1
3511,3577,CCCCC1C2CPC1C(=O)N(C)O2
3512,3578,CCCC1COCC1O
3513,3579,N#CC(N1)=CC2(C)OC=COC2C=C1
3514,3580,C(CCCC1CC)CCCCCCC1
3515,3581,C1C=CC=CC=C(N)C2C=C12
3516,3582,NC(N)=CBr
3517,3583,C1=NC(O)=C(F)C=CC=C=C1
3518,3584,CNCN
3519,3585,CNCCC[NH1]C(=O)NCN1C2CCCCC2C1
3520,3586,CC(N)C(=O)C=CC=C(N)C(O)Cl
3521,3587,C1CC(C=CC=C1S)CC
3522,3588,COC=C(N)C1C2CCCS1=C2C
3523,3589,CCC(C)(C)CCCCN=CC
3524,3590,O=CC=NC1=CC=C1
3525,3591,CC=CC=CC=CC=CNC(=O)C=O
3526,3592,CCCCC1OC(O)C(=O)O1
3527,3593,NCCN(O)NNC=1CC=CC=1
3528,3594,C=CC(O)N(F)CC=C1CC=C(N)C1
3529,3595,CC=NCCC1=CC(CC)=C1O
3530,3596,CCCCC1CNC=CC1C
3531,3597,CC=CC1=CN=CC=C1C(O)=CC=C
3532,3598,CCCCC(=O)CCC(C)OC#N
3533,3599,NCC(C)=SC=NC=CC(O)=C
3534,3600,OC=NC=C(O)C=C1C(F)=CC=C1O
3535,3601,O=NC=CC(=O)C=CO
3536,3602,C1C(Cl)(O)C(=O)OCCCC=CC1
3537,3603,CNC(C=S)C(O)C(=O)O
3538,3604,OC=CC=NC1=C(O)C=CC1C=O
3539,3605,COC=CC=C(Cl)C1=CC=CC=C1
3540,3606,CC=CC=CC(=O)SC=C1C=CC=C1
3541,3607,COC=C(Cl)C1=CN=CC=CC1
3542,3608,CCCC1N2CCCC1C2
3543,3609,C=CC=CN(O)C1C(=O)CC=CC=C(Cl)C=C1O
3544,3610,O=C(Cl)CNC(C1)CCCC1C#N
3545,3611,CCC=NCCC(=O)CN[NH1]C(=O)O
3546,3612,CC1C2=CC=C(C)CC(OC1)C2O
3547,3613,CCC(=O)C=CC=C1C=CCCN1
3548,3614,COOCC=NCCCCCC(CC)(O)O
3549,3615,O=CCC(C)(C1)CCCCCCC1
3550,3616,NC(=O)CCCC=CCCC1C=CC=C[NH1]1
3551,3617,CCOCCNC(=O)CC
3552,3619,CC=CC=NC1C=C2C(Cl)C3=C2NC=CC=C3S1
3553,3620,NC1C2NC=CC1=CC=C(C=NS)CN2
3554,3621,C=CCC(CC)CCC=O
3555,3622,ClC=CC(N1)COC(C)C1N=C
3556,3623,O=C(O)CNCCCCCCC(=O)O
3557,3624,OC(C=CC)=C(O)C(=O)OCPN
3558,3625,COCCC
3559,3626,C1C=CC=CC=C(F)[NH1]1
3560,3627,OC(=C)C(O)C(C)=CC=C(O)C=C
3561,3628,O=C(CCCC(C1)CC)CCSCCCO1
3562,3629,CCC(C)(C1C(=O)NC2=O)NC1CC2
3563,3630,OSSN(C=1)CC2(C)CCC2C=1
3564,3631,CC1NCCCC2=C1N=CC=C2
3565,3632,CC(CCOC)OC(Cl)=CC=C=CCl
3566,3633,CC(C)S1CNC(O)CNOC1
3567,3634,CC=CC(Cl)=CC1(S)C=C(Br)OC1CCC
3568,3636,CC1NCCOC1
3569,3637,N1CCC(C2=NC=CC)=C(C)C=C21
3570,3638,NC1(O)C(C)CCNCN=C1CCCN
3571,3639,CCNCC=CC(=O)CCOOC
3572,3640,C1C=CC(N)CCNC(=O)PN1
3573,3641,OOC=O
3574,3642,CCCCC(CCC=1CC=CC)=CC=1S
3575,3643,COC(=O)OC(C)C=CO
3576,3644,C1C=C(C)SC=CC1(S)Cl
3577,3645,NC(C1)CC(O)C(O)CC=C(O)CC=N1
3578,3646,CC=CC=CC1=C2C(C)OS12
3579,3647,NC=C(C)CCOC(N)CCOCC
3580,3648,NCC=CC=C1C(Cl)CC(F)=CC=C1
3581,3649,BrC(C)CCCCC
3582,3650,N(C)C1=CC(O)=C[NH1]1
3583,3651,O=C(Br)C(=O)OC(=O)OC=O
3584,3652,CCC1C=CCSC=CC(=O)OC(Br)=C1N
3585,3653,CCC1=CC=CC=C1
3586,3654,CC1CCC2=CC(C)C2CNC1
3587,3655,CCC1=CC=CC=C1N=C(Br)Cl
3588,3656,N1OC(O)C=C1OC
3589,3657,C1NC(=O)CC(C)=CC=CN=C1
3590,3658,CCCC=C(C)C(O)C1=CCC=CN1CCC
3591,3659,O1CC(=O)C=CCNNC=C1CN
3592,3660,NCCCC=CCN[NH1]C=O
3593,3661,C1C2=C3C=C(CC)CC3CNNCC1N2
3594,3662,CC(C1)CNCCCCC=CC=C1
3595,3663,OC(=O)OOC(=O)C(O)[SH1]
3596,3664,CC=CC=C1C=CC#CC=C1Cl
3597,3665,O=CSCC=O
3598,3666,NC(=O)NC1(C)C=C2C=C1C3CCC2CC3
3599,3667,O=CC=CC=NCCO
3600,3668,OCCCCC=CN(C=CO)C1=CNC#CCN1
3601,3669,N1=CCC(N)(N2SC1C)CC2C=O
3602,3670,NCCCCC(C)COC=NCCCC
3603,3671,C=C(C)N1C(OC(=O)CCCC)C#CNC1
3604,3672,CC(=O)ON=C(C)CCBr
3605,3673,CCC(O)C(=O)C=CC=O
3606,3674,CC=NN=CC=CN1C=CC=C[NH1]1
3607,3675,C=CN=C(O)C=C1C(C=CC=C1C)=O
3608,3676,NC1CNC=CC1CCC(C)C
3609,3677,CC(=O)OC(=O)CC(C(=O)OC=CN)O
3610,3678,O1CC=C1OC=SC(C)C
3611,3679,N1CC2=C1OCC=CC3=CC=CC=C32
3612,3680,SCOC=NC=CC=CC=C1C(Cl)C=CC=C1
3613,3681,NC#CC(=O)N=CC=CC1=CC=CN=C1
3614,3682,NC(C)SC(C)(C1)CCCC1=O
3615,3683,CN=CC(C)(C)CNCNCC
3616,3684,O1CCCCC(C)CCNCCC1
3617,3685,NCC=CCCCC=CC=CC
3618,3686,N=CC1=CC=C2C=C1C=C2CC
3619,3687,OC=CC=NCC=CC=CS
3620,3688,CCOCC(O)C=CC=C
3621,3689,CNCN1CCCCC=C1N
3622,3690,OON(NC=NC)CN1C=CCS1CC
3623,3691,CCCC(=O)N1C(=O)CCCCCC1=NC
3624,3692,CSC=C1C(=O)C2CC=CC=CC=C1S2N
3625,3693,O=COC(O)C=CS1CNCCC1
3626,3694,C=C(CNC=CC=CC=C1O)C=CC=C1
3627,3695,CP[NH1]C=CCC1=CC=CC(PCl)=C(CC)C1
3628,3696,CC(S)CCC1CC=C2C=C1CC2CC
3629,3697,N=C(O)N=C1C2=CC=CC=C2CC=CC3=C1C3
3630,3698,CC(N)C(=O)C1=CC(O)C(F)CN1
3631,3699,O=C(N)C1[NH1]C#CCC=C1
3632,3700,C(C)COC#CCCN=C
3633,3701,NNC(CC(C)CCC)CC1CC=CC=C1
3634,3702,CC=CC1=CC=C2C=C(F)S1C=C2
3635,3703,N(C)CNOCC
3636,3704,C1(C)CCNNCCSNCCC1
3637,3705,CCCOCNC(=O)CC(=O)O
3638,3706,CC(=O)C(=O)C(C)CC=CC1(O)C=CC=C1
3639,3707,CCCC=C[NH1]C=C1C=C(C)C=N1
3640,3708,C1NC1=O
3641,3709,CC=C(CCOC=O)Cl
3642,3710,CCNCCC(=O)C1OCCOC1
3643,3711,CC(=O)C=COCO
3644,3712,CC(=O)N=SCOC=CC=C
3645,3713,O1S=C=CCCCCCCCC1
3646,3714,C1CC(=O)CC1CCCCCCCC
3647,3715,N1C(C)NCCC=CC=C1CCl
3648,3716,S=CCC(COC(=O)C1=C)C=CC=C1
3649,3717,N=C1C=CC=CC=CC=C1
3650,3718,C=CC=C(C)CC1=C(C2)NC(Cl)CC21
3651,3719,CCC=CC1(C=CN=CSC=O)C=CC=C1
3652,3720,CCCOC(CSC(=O)C1CC=CC)=C1
3653,3721,SOC(CCCCOC1=O)NC=C1
3654,3722,CCOC(CCCC1)CSCCCCCCCC1
3655,3723,COC(O)=C1C(O)C=C1
3656,3724,C1C(=O)C=CC=C1C(C2)=CC=C(Cl)C=C2
3657,3725,CC1=CCC=CC(C)=CSCC(=O)N1
3658,3726,CNC=CCC1OC(O)C2=CN=CN=C21
3659,3727,CC(C)CC(CO)OC1=NCOC1=N
3660,3728,P=NC=CC=C(CO)C=CC#C
3661,3729,C1C=CC2=C1CCCCC2C#C
3662,3730,CC=CC=CC(O)N(O)OS=N
3663,3731,NC=CC=C(NC)C=O
3664,3732,CC=CC=C1C(C)=CC2=C1C=NC=NC(F)=C2
3665,3733,OC=C1C(C=C)C=CC=C(N)CC=C1
3666,3734,OCCC(N)(C)CCC=NC(F)OO
3667,3735,IC=C(C(C)C)CC(C)C=C
3668,3736,N1CCCCCC=C2C=C=NC=C21
3669,3737,CCC=CCC=C=CC=NCCl
3670,3738,NC(=O)C=C(S)CCSC(O)CC
3671,3739,CS(O)OC=C(Cl)C(N)OC(Br)CC=CN
3672,3740,C=NC(=O)CC(N)C(Cl)F
3673,3741,C1C=CC1(N=CC=CC=C)C=CC=CC=C
3674,3742,CCCC(C(C)CCCC)C
3675,3743,CC=CC=CC1C=C2C=CN1C(C)C=C2N
3676,3744,O=C1[NH1]C=C[NH1]1
3677,3745,C(=O)C(C=CC1)=C2C=CC=C1NC=C2N
3678,3746,C=CC=CC=CC(CO)=C1C=CC=C1
3679,3747,O=CCCC(C(N)OC=C)[NH1]NC=S(=O)O
3680,3748,CC(=O)C(=O)C1CCCCC1
3681,3749,CCC(N)COCOC=NC=CC=C(Br)SC=CC=CBr
3682,3750,O=C(C)C=CC=C
3683,3751,CCNCC=CCS1(O)CCC1
3684,3752,O=C(C1)OC2CSC=CC=CC=C1C2
3685,3753,NN(C(=O)C(C)CCCCCC)C1C=C1S
3686,3754,CNNC=CCNC(=O)N
3687,3755,CCC(=O)C1(O)CCC=CN=C1
3688,3756,C#CCCCC1C(=O)COC1CC#CC=O
3689,3757,CCC(O1)N=CC=C1
3690,3758,O=CNC=CNC1=CC=CC=C1O
3691,3759,C=NCC(C)SC(C1)S2C=CC=C1C2
3692,3760,CC=CC1=CC(Br)=CC=C(O)C=C1I
3693,3761,CNC=CC=C(O)C=CC=C(CBr)CO
3694,3762,CC=CC(C(C)NC(N)=C)(C)C(O)O
3695,3763,CCCC1(N)C(=O)OC=CS2CNSN2N1
3696,3764,CCCCCCCN=CC(=O)C
3697,3765,C1=NC1=O
3698,3766,CNCCSC=CC(=O)N=CC=C
3699,3767,CC(=O)C=CC=C(C1)SC[NH1]N=C1N
3700,3768,O1C2(O)C1CCCNC2
3701,3769,C=1OC=CC=C(C)SC2=CC=1C=C2O
3702,3770,C=12CCCCCN=C(O)C(Br)C=1[NH1]2
3703,3771,N1C=CCN=NC=CC=CC=C1
3704,3772,CC(C)CCCCCOC=CC=CC=C
3705,3773,OCN(O)COCCCNC=CC=CF
3706,3774,ON=C(O)C(=O)CCC(F)C=CC1=CC1(Cl)NO
3707,3775,COC(=O)Cl
3708,3776,C1C(SC(=O)C=CC=CC)=C1
3709,3777,CCCCC(=O)NCCCCC1CC1(C)O
3710,3778,CSCN1CCCCC12CCCCCC=C2
3711,3779,OC(F)CC1N=C2CNC1C=CC[NH1]2
3712,3780,N=C(C)CC=CCCC1CCCCS12SC2
3713,3781,C(=N)C=CC(N)C1=CC=C=C1
3714,3782,C1#CCC=C2C=CC=C1N2
3715,3783,N=C(CCCN)C=O
3716,3785,CN=NC(C)N=CN=CCS=N
3717,3786,CC(C(C)O)Cl
3718,3787,COC(O)C=CC=NC(Cl)CCI
3719,3789,CCOCC(=O)OCCCCCO
3720,3790,CNCCCCCCCCNC=CC=O
3721,3791,CCC=CC1=C(C)CC=C1O
3722,3792,OCC(=O)COC(C)CC1CCCCC1C
3723,3793,C1NC1C
3724,3794,CC(O)(O1)CC(C)N=C1C
3725,3795,BrCN1C=C=C(Cl)S(=O)(C2OC=C)C=C21
3726,3796,CNC=CC=C(S)C(C1=CC)=CC=C1
3727,3797,O=CCCCCCCCCCC
3728,3798,OC(CS1CCOC1)S
3729,3799,CCCNCC1C(=O)NCN1
3730,3800,O1[NH1]C=CC=CC=CC=C(Cl)C=C1
3731,3801,OOCN1NCCC(=O)NCO1
3732,3803,ONC(=O)CCC1CCCCCCC1
3733,3804,CSC(C)C(=O)C1CCNC1
3734,3805,O1C=CC=CN=CC=C1ON
3735,3806,C1N=CC=C1CCC(C)CC=C
3736,3807,SOCOC(O)CC(N)C
3737,3808,C1=CNCO1
3738,3809,C(C)C=CC=CC=CC=C=[NH1]
3739,3810,NC1C2CCCC1C2
3740,3811,CC(COC(O)S)(N)CCCCO
3741,3812,COCN=NCC1N=C(C)OC=C1O
3742,3813,NC1=C(C)CNC(=O)OCCCCC1
3743,3814,CC1=CC=CN(O)NC=CC21C=CCC2C
3744,3815,N=C=C(NCCSC)C=O
3745,3816,SN=CC=CC=C
3746,3817,CCCCCCOCCCCCC
3747,3818,CC=CC(=O)N=CCC(C)C
3748,3819,C=C(C)CCC1CC=C(O)C1
3749,3820,CC(C1C=C(C)CCC=C=N)(O)CC1
3750,3821,C1CCCCCCCC1
3751,3822,C1CCC(O)CCC[NH1]CCCCC2C=CC=C21
3752,3823,C1OC=C1C(O)Br
3753,3824,OC=CC1=CC2=CC(C=CC)=CC=CC1=C2
3754,3825,NC1=NN=CC=C1
3755,3826,NCCN=C(O)OCC#CCl
3756,3827,C1CN=C2CCCCC2(N)C1Br
3757,3828,C=CCNC=CC=CC=C
3758,3829,C1OCC=CC=CC(COC1)C
3759,3830,CC=NC=NC=CC=[NH1]
3760,3831,CCOCCCN
3761,3832,OOC1CCCCCSO1
3762,3833,SNC(O)CC=CC=C(SC=C(Cl)NC=O)O
3763,3834,O=C(O1)NC=C2C=CC=C2S1=C
3764,3835,CC(N)CCNC=CCSSC(O)COC
3765,3836,NNSNC(=O)NNC1CCCCC=C1
3766,3837,OC=CC=C(C)CC=CC=C(F)CC#CO
3767,3838,CC(=O)C=CC1=CC=CC=C1
3768,3839,CCC=C(C)C=O
3769,3840,CC=CC=CC(CC=NCCC1=CC=CC=N)(C)C=C1
3770,3841,C[NH1]C(C)=CC1=C(C(=N)N)C1NCCC2CCCC2N=C
3771,3842,C1C=C2C=C1N=SC=C2N
3772,3843,CCC(=O)OC(C)CC=CC(C)=O
3773,3844,SC1C=CC(O)(CC)CCS1
3774,3845,OC=C(C)C=CC=CC=C1C=C(CCl)C1Cl
3775,3846,NC(=O)NC(Cl)C=CCSC1=C(O)C=C1
3776,3847,COC#CN=C1C=CC=C1C=CC=C[NH1]
3777,3848,CCCCCNCC(O)CCO
3778,3849,NC=CC(CCCN)COC
3779,3850,CSCCCNCCCCC(C#C1)PN1
3780,3851,C1N2CCCC=C2OC=N1
3781,3852,C1CCC2CC=C1CCCCCCC2
3782,3853,CC(C)F
3783,3854,CN=CN=C(N)CCCC#N
3784,3855,CC=CC=C(CC=CN)C1CC=CC=C(N)C1
3785,3856,C1(CCCC[NH1]CON1)C(C)N
3786,3857,COC=NC=NC=C1C=C(Cl)C=C1O
3787,3858,C1#CC=CCSC(O)C=NC1=O
3788,3859,SC=COC=CC=C1CNCCCC=N1
3789,3860,C=NC=CC(C=C(N)C#CC)C=CC=CC=N
3790,3861,NNC(=O)CCNC(=O)C1C=NC(=O)N=C1
3791,3862,CNCCCC(O)CCCCC(O)CCCC=C
3792,3863,OS(O)CSCC1C(N)CC1
3793,3864,CNC=NCCCCCC
3794,3865,CC(=O)CCCCC
3795,3866,NC=CC(C1)=CNC=CC1=O
3796,3867,OC=NC(NCC1C=N)N=N1
3797,3868,ON(O)C=CC(C)=C(Br)CCC
3798,3869,C(CCC)C=NC=C(C)CCCCO
3799,3870,CC=CN=CC=CC(O)=C(C)F
3800,3871,CCCCCC=NCOSC(O)=CC=CC=C=O
3801,3872,C1=CC=C1NC2CCCC2C3CC3
3802,3873,CC(C)NCCC(C)Cl
3803,3874,NC(C(S)=CNOC=O)O
3804,3875,CC(C)CCC1CCC2=NC=CC=C21
3805,3876,C=CC(O1)C=C(O)C=CS1CC2CCCC2C
3806,3877,C1CC(C)CCCN(N)C1
3807,3878,ClC=C(Br)C=CC=CC(Cl)=CN=C
3808,3879,C=CC=NC1=CC=C2C=C1C=CC=C2
3809,3880,CC=CC(C)=CI
3810,3881,C1C=CC=C(C)C(N)C=C1
3811,3882,CCCC(C)N=CC=C(C)CC=C
3812,3883,CNC=CC=C[NH1]C(=O)CC=CC=C
3813,3884,CC=CC=CC=C(C)CCl
3814,3885,CC(=O)CC(O1)C=NCC1N
3815,3886,CCCNC(=O)CCC1NCC=CC=NC=C1
3816,3887,CCCOC(=O)CC=C1C=CC=C1O
3817,3888,CC(N)CCC1SSCC1CF
3818,3889,C1CCCC=NC1C=CC=CC2=CC=CC=C2
3819,3890,NC(C)CON
3820,3891,C#CC(=O)CC(=O)OC=NC(=O)CO
3821,3892,C=CSCSN[NH1]C=O
3822,3893,NCSC=C1C2=CC=CC=C2NC1C=N
3823,3894,NNC(=O)OC(COCC)CCC(C)CN
3824,3895,C1CC=CC=C2CC=CN=C2C1
3825,3896,CC(N)C=CC(N1)=C(N)OCCC1
3826,3897,C(O)=CC=CC=NC(C)(O)NO
3827,3898,C1=2COCC=C1NN=2
3828,3899,NNC(C)C(O)C12CC(C)CC1CC2F
3829,3900,PC1=NC(SCC2CCCC2C=C)C=C1
3830,3901,ClN1C(=O)NC(O)=CC(Cl)CN1O
3831,3902,CCC=CC=C1C=C(CC2C1C)SC(Br)=C2
3832,3903,CC(=S)C(N)=CN(O)C=O
3833,3904,CNC=CC=C1C(C)CCSC=NN=C1
3834,3905,C1C(N)C(=O)C1(CC2C)C=NC=C2C=CC=C
3835,3906,C=CC=C(CC=C)CC1C(C)C=CC=C1
3836,3907,O=CC1=CC=CC=CC(C)=CC=C1
3837,3908,CC(CC(S)C=O)Cl
3838,3909,CC(=O)C(C)OC(=O)OCC=O
3839,3910,C=NCNCC(=O)CSCCC(=O)CC
3840,3911,ON(C)OCCCCCNC1=CC=CC=C1
3841,3913,O(CNCC(=O)C)CC(O1)C=CC=C1C=S
3842,3914,Cl
3843,3915,C=C(O)C=NC(C)OC=O
3844,3916,NCCNO
3845,3917,NC=NCCCC1CC=CC=C1C=C
3846,3918,N=C=C=C=C(N1)CC(CN=C1[NH1]C2CC=CC=C2C)C=C
3847,3919,CCCCC=CC=CC1=C2C=CC1CC2C=C
3848,3920,ClCC(C)C#CSCCC(N)C
3849,3921,CCC=CC=CC(=O)C(CO)C1=CC=CC=C1C
3850,3922,NC=CN(C1CC=CC2)CC=CC=C2C(S)=C1
3851,3923,OC1C(C)NCCCCS1
3852,3924,CC=CC=C(F)C=CC=CO
3853,3925,C1CCOC1=C=C(O)CNC
3854,3926,COC1=CC=CC(=C1)NN2CC(C)=NC2
3855,3927,CCOP(=O)OC(C)=NC(CCC1)N1
3856,3928,C=C1C(C)=CC=C(N)CCCC=NN1
3857,3929,CNC=NCNC1=CC=CS=C1
3858,3930,CC=CC[NH1]C(=C)C=C1C2(C=C(Cl)C2)C1
3859,3931,CCC=CC(C=C1NC=C)C=C1
3860,3932,NC(O1)CNCCSC=CC=C1C
3861,3933,CCC1COC(O)C(O)C1O
3862,3934,COC=CC=CC(C=CC1=CCC)OC1C=N
3863,3935,CCOC(=O)NCO[NH1]C=CC=C=C
3864,3936,COCCN[NH1]COC(=C)C=CC=C
3865,3937,CC(C)N=C(C)CCC
3866,3938,NN=CC1=CC=CC=C1
3867,3939,C12C=CC=C1CCCCCC=C2
3868,3940,N=CC(C1)(Cl)C(C)ON=CC=C1
3869,3941,C1CCCCC=CCCC2N1C2
3870,3942,ClCC1=CC2C=C1CC=C=C2S
3871,3943,C=C1C=C(S)C2C1NCCCNC(C)=C2
3872,3944,NC=NC=C
3873,3945,NC=CC=C1C=NC=CC=C1CC2=CCC(=O)C2
3874,3946,CC=CC=CC1=CC=CC=C1NC2=NC=CC=C2
3875,3947,CC#CC=CNCC=CC1=CNC=NC=C1
3876,3948,SC(N)COC(C)=CC1=C(Cl)C=CC=C1
3877,3949,C1C(Cl)=C(C=2)N=CC=CC=21
3878,3950,CC=CNC(=O)C1=NN=CCC#C1
3879,3951,COCC(O)(C(C)C)C=O
3880,3952,CCCC1CC=C(C=CCC(Br)=C)C1
3881,3953,O=C(Br)C=CCC=C
3882,3954,CCCCCNC=C1CC2(Br)N1C=N2
3883,3955,NCCC=C1C=C(C)CCCC[NH1]NC1
3884,3956,C1NCN=C(C(=O)C1C)C=O
3885,3957,C1CC(C=CC=CC)=C(O)S1=C
3886,3958,OC=CC=NC=CC=CC=C
3887,3959,C#CC1=C(CC(O)CO)C(=O)CN=N1
3888,3960,C=CS1C(F)=CS(S)=C[NH1]1
3889,3961,OC=NOCN
3890,3962,CN=C(O)C1=CCCSC=C1NC=C
3891,3963,C12CC1CCCCCOC(=O)O2
3892,3964,C
3893,3965,CN=C=CC=C(N)CC(O)=CO
3894,3966,C1CN(O)C=CC=CC=C(Cl)C1S
3895,3967,CC(O)(C)C=O
3896,3968,C1CCCO1
3897,3969,CCC=CC=CC=C(C)CCl
3898,3970,CN(N)SCCONCCN
3899,3971,CNCOC=O
3900,3972,CCCC(O1)C=N[NH1]NC1
3901,3973,CCCCC(C)CCC(C)C
3902,3974,CC=C1C(C)(C=C1ON)C
3903,3975,O=CC=CC(Cl)=CC=CC=C
3904,3976,COC1=CC=CC=CC2=NCCN21
3905,3977,CC(=O)OC=CC1=CC=CC=C1[NH1]C=CSC=C
3906,3978,C1CC=C(C2)C(S)C=NC(O)C2=C1
3907,3979,OC=CC1CC=CC=C1CNCC
3908,3980,O1C=CC=NCCC2C=CCN=C21
3909,3981,NCC(C)CCC=CCOC(CC)(O)C(Br)=C
3910,3982,OCC=C(Cl)CNC(C1)C1CC
3911,3983,CC=CN=C(O1)CC2=C3C=CC2(C=C3C)C1=C
3912,3984,CCC1C(N)CC1
3913,3985,CC=CC=C1CC(C)S2C1C2
3914,3986,CC=CCOC(=O)NC=NC=C
3915,3987,SCOC=CC=CC=C(O)Cl
3916,3988,CC(C)OCCSC1C=CC=C1Cl
3917,3990,NC=NC(N)C(C)SC1N[NH1]1
3918,3991,CCC=CC=CC=CC=C(F)C=PCl
3919,3992,CC=CC=CC(C=NC)=CCN(Cl)C=CC=CN
3920,3993,C(N)C=CC(CC)CC(=O)O
3921,3994,O1C=CC=N1
3922,3995,COC=CC=CCCN=NC=C
3923,3996,CN1S(C)C2=CC=C3C=C2C[NH1]C3C1
3924,3997,OC=CC(CF)C=CC1CC=CC=C1C
3925,3998,OC(S)C
3926,3999,O=CCC(N=1)=C2C=CC=CC=12
3927,4000,C(=O)(O)CC(C(C1)=SCCSC=C1)O
3928,4001,CCN1CNC(C=CC)=NC(F)=C1
3929,4002,NCCCCCCCCCC
3930,4003,O=C(Cl)C(Cl)C(SC(C)CC)C=C
3931,4004,OCCC(C)C(=O)O
3932,4005,CCC(=O)CCCCCCC=CCC(C)=CC=CP
3933,4006,CCCC(C)OC=NC=NC(=O)OS
3934,4007,N1=C(CCNC12N=CC)CS#C2
3935,4008,CC=CN=CN[SH1](C(S)C1=CC=C)C=C1
3936,4009,O=C(O)CCNCC
3937,4010,CC=CC(SC=O)C=CC=C(C1Br)CC=CC=C1
3938,4011,NN=CC=C1N(Cl)CCC(C)S1
3939,4012,O=C1C(=O)CCC1C(=O)N[NH1]CCC
3940,4013,CCCCCCCC1CCCC#C1
3941,4014,CC=CC=CC1=CS(Cl)C=C1
3942,4015,NCCCOC1=CCC=CCN(O)C1
3943,4016,C1C=CCC(OC=CCBr)C=CN1N
3944,4017,OCC=CC=C(CN)CC=C(N)C=S
3945,4018,C=1CCCNCCN=1
3946,4019,CC1C2(O)SC(=O)C=NN=C[NH1]C12S=C
3947,4020,CNCC(C=CC)=C(O)OCBr
3948,4021,CC=CC=CC(C1)CC=CC(C1)C
3949,4022,CC(C)CCC(N1)C=CC=NC1=O
3950,4023,CC(N)NC=CC=C(O1)C1
3951,4024,C1CCC2=CC(C)NCCC2=COC1
3952,4025,CNCCCC=CC=CC=C1C=CC(O)C=C1
3953,4026,CCCCC=C1C2(C)C(=O)OC2C=C1
3954,4027,COCNC=CCC(Br)=CC(=O)OCN
3955,4028,C=CC=CN=C(C)CN1CNCC1=C
3956,4029,C=CC1CCCCN1
3957,4030,CSC1=CN(C)OC=C[NH1]C=NN=C1
3958,4031,CC=NCCC(C)OC1=C2C(C)=CC=C2CC1
3959,4032,CCCCC=NN=COC1(O)C(=C)C1
3960,4033,CCC#CC=CC=C1C=CCN=C1CCCC
3961,4034,O=CC=CC1=CC=CC1
3962,4035,NC=CC=C(N)C=CC1=CC=CC=C1
3963,4036,OC(CCCNC(=O)OC)(C)SC
3964,4037,O1C(C)OC(=O)SC=CN=CC1
3965,4038,CSC(=N)C=CS1C=C[NH1]N=C1
3966,4039,C1CNCCCC1
3967,4040,C=1C(O)CCCC=C(C)NC=1C
3968,4041,NCC(C)=CC#N
3969,4042,CC=CC(O)S(=O)O
3970,4043,CCC(=O)OC=CCl
3971,4044,OC=SN=C[NH1]C=O
3972,4045,CC=NCC(=O)CC=CC=C
3973,4047,C=NS(C1)CCCCCCC=NC=C1
3974,4048,C1N=CCCCC=C(N)N=CC=C1Cl
3975,4049,C1CSC=CCC1C
3976,4050,CC=CC=CC(C=CC1)=CC=C(O)N1O
3977,4051,CCCCCC1CCCCC(C)CCCCC1=O
3978,4052,OCC(=O)CCCNC(=O)OO
3979,4053,CC(C)CCC1CCC(N)=C1
3980,4054,C(C)(=O)N[SH1]C(C)C
3981,4055,O=C(C)CC1CC2C=CC=CC=C2C1
3982,4056,CC=CC=C(C1=C2CCCC=C2)CCCC1
3983,4057,C#CCCC(O)C(=O)OSC(O)CC
3984,4058,C(C)=C1C=CC(CCCCCl)=C1
3985,4059,NCSC(C)CCCCNCC=CN(C)CF
3986,4060,N1(C2=CC=CC2C=C)C=C1C
3987,4061,C1=C2C=CC=CC2=N1
3988,4062,OC(C)CCC1CCC2CC(C)CN2C1
3989,4063,CCC=C1C=CC=C2C=CSC=C21
3990,4064,CC(=O)C
3991,4066,CC(CCCC(C)OC=O)N1NCCCC1
3992,4067,CNCC(COC=N)C=CC=CC#COC=C
3993,4068,C=1COC(=O)CCCC(C)CC=1
3994,4069,COCCCC(NCNC1CNCC1=2)C=2
3995,4070,O=C[NH1]C=C1N=CCC=C1CC=C
3996,4071,CNC=CC=CC1=CC=C(N)C=C1
3997,4072,CCC(O)CCO
3998,4073,OC=CC1(N)CCCC1
3999,4074,OCCCC=O
4000,4075,NC=CC=CC=CC=C(C)NC=CC=CN
4001,4076,CC1(C2=CCC=O)CCCCCC1C2(N)C=C
4002,4077,COC=CC(C1)CN=C1CCOCC=O
4003,4078,C=CC=CC=CS(=O)CNC
4004,4079,NNC=SC=CC=CN
4005,4080,CCCCCC=CC1=C(C=C2C=C1C=O)NC=C2
4006,4081,O=C(O)C(O)CC1CC=CC=C1C
4007,4082,O1OC2NC(C(C)=C2C=SNC)=N1
4008,4083,CCCC(C)CCC1C(C)(C)CC=CS1
4009,4084,CCN1C=C2C(O)C=C1C[SH1]3C[NH1]CC3C=C2
4010,4085,NNC(=O)C(C)OC(=O)N(C)NCP
4011,4086,NC1=CC2=C3C=CC4(C31C=CCC4)C(=O)O2
4012,4087,C=CC(Br)C(=O)N=CCN=CC=CC
4013,4088,CC(=O)OC=C1SC=C(O)OC1
4014,4089,OC(=O)C1(C)CCCCCC1=O
4015,4090,O=CCCC=CC=C(Br)C=CC=C
4016,4091,NCC(=O)C=CO
4017,4092,CCCCSC(=O)OC=CC=C1C=C(NCC1)N=NO
4018,4093,O=C(COCC=CC)CSC[NH1]O
4019,4094,CC=C=C(C)N1NCOC2=CC=CC=C21
4020,4095,CNC=C1C=CC(=O)COCOC1N=N
4021,4096,CCNC=NN=CC=C(Cl)C(F)(S)CN(C)O
4022,4097,CSC=C[NH1]C(=O)C1=CCCN=C1C
4023,4098,C=NC=1CC=C(CCNC(C=C)C)C=1
4024,4099,[NH1]CCCCC=SCCCCN=O
4025,4100,CCC(CN)COC
4026,4101,OC=CC1=C(C)N=NC(O)C([NH1])C=CC=N1
4027,4102,OC=CC=CC1=CC=CC=C1Cl
4028,4103,CNC(=O)N1CC=CC=CC(NC=CC)=C1
4029,4104,CCCC(=O)NNCCOC(=O)O
4030,4105,CC1(C)SC=NC=CC=CC=C1
4031,4106,NCSC(C)=NNC[NH1]N1NC(N)=C(Br)C1
4032,4107,CNSN=C(O)C=CC=C
4033,4108,C1C=CC=CC=CN(O)N1C
4034,4109,CC(C)C1=SCC=CC=NC=NC1
4035,4110,CC(O)C(C)=C1C=C(O)SCC=NCNC=C1
4036,4111,CN1C(N)OCCC2C=CC=CC=C21
4037,4112,CC=C(NC(=O)CCCO)CCC
4038,4113,OCCCC(=N)N=CCNCCC
4039,4114,NC(O)C=CCCCC1=CC=CC=C1
4040,4115,SC1CC(=O)N=C2C=CC1=C=C2
4041,4116,C=CC=CN1C=C2C=C=C1N=C2
4042,4117,CC(=O)NC(=O)NOOC=C
4043,4118,C1=CC(N=CC=CCCl)=C1
4044,4119,OC(=O)COCC1CC=CC=C1C(OC)N
4045,4120,C=C1CCCC=C1C=O
4046,4121,CNC(O)C(=O)OC(F)CBr
4047,4122,C#C[NH1]C=C(O)C=C1C=CC=NC1S
4048,4123,C1C(=O)OC(Cl)C#CCC1=N
4049,4124,OSC1C(F)N=CC(OC(=O)OC1)=O
4050,4125,C=CC(C)CC1=CC=CC=C1C=NSN=C
4051,4126,CCCCNCCC(O)CC=N
4052,4127,CN(NN1CN=C)C(=O)OCC1
4053,4128,NC(N)S1C2NC(C)=CNC(C)=C2C=N1
4054,4129,CCC(=O)N1C=CC=CC(Br)CCC1
4055,4130,S=CC=CSC=CSO
4056,4131,CC=CC1=CCCN=CCC=C1O
4057,4132,O=C(CC=CNC1CCN)CC1
4058,4133,CNC1CC2=CC=CC=C2C=C1
4059,4134,CCCCCCC(C)C(O)C(=O)OCCC
4060,4135,OC=C(N1)C2=NC=CC=C=C2C(=O)N=C1
4061,4136,COC(C)=CC(C)CCC(C)Br
4062,4137,NNCC
4063,4138,C1CC2=CC3(O)COC=C3C2C1CCS
4064,4139,N=C(C)NCC1C2CCC=CC=C2C1
4065,4140,NCC(C1)CCCCOCNCC1
4066,4141,COCCNCCC
4067,4142,C1CC=CC=CC=C=CS1C(C)=C
4068,4143,C(NCCC(C)[NH1]C)(C1)CCSC1
4069,4144,CN=CC=CC=C(CCl)C(C)N1C=CC=CC1C
4070,4145,C=1OC(=O)OCC=CC(C)C=1N=N
4071,4146,CCCCF
4072,4147,CCC(N)C(=O)OCOC
4073,4148,CONSCCCC1CCCC1
4074,4149,CCC=CC(CC1CCCOC1)=O
4075,4150,CNC(=O)C=CC=O
4076,4151,CC=CN(C=CC1=NC=C)C(=O)NC=CC=C1
4077,4152,CC(O)=C(CCN1)C(N)CCCC1C(=O)C
4078,4153,CC=NCOC=CC(O)C(=O)OCC
4079,4154,N1C=C1C2CCOCCCCCCCNC2
4080,4155,NCC(C)SCSS(C)(C)(=O)OC
4081,4156,CC=NC=CC=CC=NCl
4082,4157,CNCCCC1CCC(=O)N1N=O
4083,4158,CC(S)=CC1=CC=CC=C1
4084,4159,C=CNNCCCO
4085,4160,CCC=NCCC(=O)C=CC=C(S)C1=CC=CC1
4086,4161,O=CC1=C(CC(F)CCCC)N1
4087,4162,COC1=CC(=O)OC2=C1NCCN2O
4088,4163,CC(CCCCCO)C=S[NH1]O
4089,4164,CCN1CSCC(O)CCCN=C1
4090,4165,COC(=O)N(O)CCC(=O)O
4091,4166,C=NF
4092,4167,C1N=CC(OC=C(C)OC)=N1
4093,4168,CN1C=CC=NC=NCN=CN1
4094,4169,C=CC=CC=C(C1C)CC[NH1]C=C1
4095,4170,C1OC=CC=C1Cl
4096,4171,C(=O)NC(=O)C(=O)OC#CC
4097,4172,C1N=C1N(CC(=O)CC)CCCCCC
4098,4173,CC=C(N)C(O)C(=O)NN(C)CC
4099,4174,CCCCC(=O)C=C(Cl)C(Cl)N=O
4100,4175,CCNC=CC=C1C(C)=CC=C1Cl
4101,4176,C=1CCSC=NC=C([NH1]C=CS=1=2)S=2
4102,4177,COC=NC=C1C=C(Cl)C1C(O)C=COC
4103,4178,N=C=CC(N)=O
4104,4179,CSC=CC(F)(N)C=CC=C
4105,4180,O(NC=CCC(S=1)CSN)CC=CC=1
4106,4181,CC(O)=C(O1)NC2=CC=CC=C2ON=N1
4107,4182,C=12CC(N)CCCNC=1C2
4108,4183,CCC1CCCC(C)CC(O)CCCO1
4109,4184,C=1CC(C)(C)C(C)C=1N
4110,4185,N=C(C1)OC(=O)O[NH1]C=NC=CC(C)=C1
4111,4186,COC=C(O)C=CC=C(O)O
4112,4187,CC(NC=CC)=CC=C1C=C(Cl)C=C1
4113,4188,NC(Br)C1(CON)CCCC=C1SCN=C
4114,4189,CC=CC=C(NN1C2C=S)CC1=C2C=N
4115,4190,CC(=O)C1=NCCCCSCC1CF
4116,4191,NC=C(C12)N(C)CNC1C(N)CCCC2=O
4117,4192,CC(C)CCOC1=CC=CC=C1C#C
4118,4193,O=CN=CC=CSCCCN=C
4119,4194,IC=NCOC(=O)C=O
4120,4195,C=C[NH1]C(C1)OC=CC=N1
4121,4196,NC(=O)NSCNC1=CC=CC=C1Br
4122,4197,CCNC(C)CCCNC(=O)O
4123,4198,C12CC=CC1C(O)C2[SH1]
4124,4199,C=CC=CCS1N=CC=CC=C1
4125,4200,CC(=O)C=CC=C(F)C(O)=C(Cl)CI
4126,4201,C1CC1C(N)C2(F)C=CC=C2
4127,4202,CSC=C1C=C(Cl)C=C(F)CCCCCC1C
4128,4203,CNPC=CC=C1CCC=CC1
4129,4204,OCNCCNC1=CC=CC=C2C=CC=C12
4130,4205,C(C)=CC=C1C=CC=CC=C(CCl)C1
4131,4206,O1C=NNN=C(C)CNCCCC1
4132,4207,CC1C(O)C(C)CCCC(C)O1
4133,4208,OC(Br)CN(C)C
4134,4209,COC=CCC1C=CC=CCC1OS
4135,4210,CCC1CCC2SC3=CC=CC32C[NH1]1
4136,4211,COCNC=C1C=CC=CO1
4137,4212,CCC=NN=C(O)N(C)NC=CC=C=CN
4138,4213,OC=CC=C(CC=CC=C(Cl)C)C[PH1]Br
4139,4214,CC=CF
4140,4215,OC(C=C)(C)OCNSC(=O)O
4141,4216,CC=C(O)C1=CCCOC1
4142,4217,CC(C)C(C)OC=NC=CC=C(Cl)CO
4143,4218,C(C)CC=NC1=CC=C(Cl)C=C1
4144,4219,CCC=NC(C)(O)CCCOCO
4145,4220,NCCCCC(O)CC=NC=CC[NH1]C#C
4146,4221,O1CCCC1
4147,4222,COC(C1)=CC(C)C=CC(O)=C1
4148,4223,O=C=C[NH1]C=O
4149,4224,CCCOC(C)=CC=CCOOC
4150,4225,OC(O)CCCN(SC1C)COC=S1
4151,4226,CONCCC(F)=C(C)NCOCCl
4152,4227,CS(=O)C=C1C=CN=C(C)C1CS
4153,4228,C(NC=CC(CC=C)N=CP=N)N=CCl
4154,4229,N1C(=O)C=CC(O)C(=O)C=CC=C1
4155,4230,NCC=C
4156,4231,N1NNC1=O
4157,4232,C1OCC=CC=C(O)C=C1O
4158,4233,CC(N)C=CC=CCCCON
4159,4234,C1SCCCOCOCO1
4160,4235,CC1=CC=CC=NC=CC=C(Cl)C1=NN
4161,4236,N1CC(=O)OC(N)=CC=C1Br
4162,4237,CC1CCCCCC=C1C=C2C(F)C=CC2C=O
4163,4238,CCC=C(C)CCCCC=CC(C)C
4164,4239,C1C=CC=C1CN=CC=CC=C(O)O
4165,4240,C1NC=N1
4166,4241,C#CCOCOCS
4167,4242,N1C=CC=C(C)OC[NH1]C=C1O
4168,4243,S=C(O)CCC(=O)C
4169,4244,CCOCCS=[SH1]CC
4170,4245,NC=CC=CNC=C1C=CC=C(CC)C1
4171,4246,C1SC1(OCNCCCC)C
4172,4247,C1C(=O)OCCCCNC(C)CC1=O
4173,4248,O1C(C)C(C)CC(C=O)CNC1
4174,4249,NCNSC=CC1=CC=CC=C1
4175,4250,NCCCCOC(=O)C(N)C=CC=C=C(Cl)C=O
4176,4251,C=NCCC(O)=CNN(O)CC(=O)O
4177,4252,NC=CN(O)C(=O)C=O
4178,4253,NCCNC(=O)C=NCCCCC
4179,4254,CC=CC=NC(=O)CCl
4180,4255,C1NCOC(CO)CC=C1O
4181,4256,C=1=CC=C(N)C(=O)N=CN=1
4182,4257,CCNC=S1C(N)=CC=C1C=C2C=C(S)N2
4183,4258,CCC=CC=C(C)CCCC(Br)=CCl
4184,4259,C=CC=CC=CC=CC1=CC=CC=C1
4185,4260,OC(=O)C(C)NC=S
4186,4262,O=CC1=CC=CC=C1CCCC2C3=CCC24CC34
4187,4263,OC(C)C=CC=CC=C1C(=O)SCC1
4188,4264,OC(=O)N1C=CC=CN(Cl)C2NC=CC=C12
4189,4265,NCOC(=O)CNCCCC=CC1=CC=CC=C1
4190,4266,CCC(C)CCCCOCCCC
4191,4267,CCC=CC(O)C(C1)(C)NCC1
4192,4268,C=C1C=CC(N2)CN=CC=C2C1
4193,4269,N1C(C)CCSC(C)(Br)N1N
4194,4270,C1NCSCC1
4195,4271,C=CC(O)SCCC=C1C=NC=C1Br
4196,4272,CC(=O)C1CSC=CC1(C=CN)O
4197,4273,CC(=O)OC=O
4198,4274,CC[NH1]N(F)CCCCC=O
4199,4275,CC=C[NH1]C=C1[NH1]C=C(Br)C=CCO1
4200,4276,CC(=O)C[NH1]C=CC1=C(C2=CC=C1)C2=O
4201,4277,COC=CC=CC=C(C(C)S)C1C=CC=C(Br)C1
4202,4278,CNCN=C1NC=CS=C1NC(=O)O
4203,4279,C1N=C(C)C=N1
4204,4280,C1=CCC(C)=C1Cl
4205,4281,CC=C(C)CC1CCCPN=NC=C1C(=O)O
4206,4282,CC(C)COC(CC1CCC)CCCC1ON
4207,4283,NC=CC=COC(Br)C=CC=CO
4208,4284,CCCC=C(C)C1CCC2CC1C=CC2Cl
4209,4285,C=CC(N)C(=S)NC1=CN=C=C=N1
4210,4286,C=NCCC1CCC=CC=C1
4211,4287,N1CC1Cl
4212,4288,COC(C)=CN=CO
4213,4289,CC=NC=CC=CC1C2CC=C=C1S2
4214,4290,CCC=CONS=NCCCC(N)(O)O
4215,4291,O=CCC(C(O)C=O)=O
4216,4292,C=C(C)OCOC[NH1]C=NC=CN
4217,4293,CCNCCCCC(CCN=O)N
4218,4294,CCCC(=O)C=1OCCCC=1
4219,4295,NCCCCCC(=O)CNSSC=C
4220,4296,O1[NH1]NC=CC1(C=NC=C)Cl
4221,4297,C1(C)CCCO1
4222,4298,OC(C)C=C1NCCN=CC=C=C1
4223,4299,CCCCCC1=CC=CC=C1
4224,4300,O1CC(=O)C=CC=C=C1Cl
4225,4301,CCC1CCCC12C=C3C=CS=C3N=C2
4226,4302,C=CC(C1=CSCCC=C1)Cl
4227,4303,O1CC=CC=C1N(O)C
4228,4304,C12C=C3C=CC=C1N2C3C
4229,4305,NCCCC(=O)CCCC(=O)O
4230,4306,O1C(=O)OC=C=C(F)CC1C2C=CC=CC2
4231,4307,S1C(=O)OCN1C=CC=CC=CC=CCSC
4232,4309,CNC1CCCNC1COC2=CC=CC=C2
4233,4310,CCCCN(N)C(N)=NC#CCCO
4234,4312,N1C=CC=NC1
4235,4313,CC(C)ON=CC=CC=CC=O
4236,4314,CCNN=CC(C)Cl
4237,4315,NC1=NC=CC=C1CCC(C)=C
4238,4316,O=C1C=CC2=C(Br)CC=CC=C21
4239,4317,CCCCCCC(O)C(=O)O
4240,4318,C#CCC=CC1=C(C2=CC=CC)C21O
4241,4319,O=NNC(=O)N=C(Br)CF
4242,4320,C=CCCN=CC=CC=CC(C)C(C)(F)C=CS
4243,4321,CCC(C)=C(OC(=O)CC)CC=CC=CI
4244,4322,CCN1CC=CN1
4245,4323,N=CC=CCC(CC1CC=C)C=C1
4246,4324,CNOCC=C1C(CC)C1Cl
4247,4325,CCC=C1C=CC=C=C(N)CCCS1
4248,4326,CNCC=CC=C1C(Cl)=COS1
4249,4327,CC=NCC1CCCCC1
4250,4328,C=1C(C)=CC=C=1
4251,4329,CN=CC=CC(N=C(C1)CC=C)C1SC
4252,4330,C1C(O2)C(=O)C(C)CCC2=C1NN
4253,4331,CCCOCC(N)CCCC=O
4254,4332,NCCC(O)COCC1CCCC1=C
4255,4333,OC=C(N1)C(=O)ON=C(C)S1
4256,4334,C(C)CSC(=O)COCOC
4257,4335,C(C)C(O1)CCPCCC(O)(S)C=C1
4258,4338,C1N(Cl)C(=O)CNOC(O)C1
4259,4339,N1C(=O)C=C1OC2(C)ONCSC2
4260,4340,N1C=CC=CN=C(Cl)C2C=CC=C1NCO2
4261,4342,C1OCC1CC(=O)NC=CC=C
4262,4343,COCCCNC(=N)C1=CC=CC(Cl)S1
4263,4344,CC(C)OCCO
4264,4345,CCPC
4265,4346,CN=C=CC=C
4266,4347,CNC=CC(=NC1)C1C2(C)C(=O)C2
4267,4348,CN(CNC#CC(C)Cl)NO
4268,4349,COC(C=CC=CC=CC)=C(SCl)N
4269,4350,CNCCCC1C=CC2=C(C=CC=C1)CC2O
4270,4351,NC(=O)C=CC=CC(CN)C
4271,4352,CCCC[NH1]C=CCC=CC1=NC=CC=C1O
4272,4353,OCCC1=C2C=CC=CC2(C)C=C1
4273,4354,C1C(CCCCC=CC)=CC(N)=C1
4274,4355,C1C=CC=CC(N)C=N1
4275,4356,CC(OSCC(=O)OC1CC2)C2(C)CCC1
4276,4357,CN=CC=CC=C(O)Br
4277,4358,COC(CC)=C1C(C)=CC(O)C1O
4278,4359,CN=NCCC=1NC2SC=CC=1C=C2
4279,4360,O=C(N)CCCCCCNSC(=O)N
4280,4361,CCCCC1CS2C=NC=C(C)C2CC1
4281,4362,C=CCC(=O)NC=CC=C1SC=CC=C1
4282,4363,NC(SNC)N[NH1]C1=CC=CC=C1C
4283,4364,C=C(CCNCC)CCCC1NCCC1
4284,4365,CCC=C[NH1]C=CC=C1C=C=CO1
4285,4366,CN=C(C)C=O
4286,4367,CN=NCN=CC=C(I)C=C(F)CC
4287,4368,C1CCNCC=C1N(O)OCC(C)=N
4288,4369,O1CCCC1CC#CCC=2CCCCC=2C
4289,4370,CC=CC1=C(C)OC=CC=N1
4290,4371,CSC(C)C=CC=CC=C(CC1)C1SCl
4291,4372,NCCC(=O)OC=CC=C1C2=CCSS1#C2
4292,4373,C1=CC=CC=C(O)C=C1
4293,4374,CCC1(Br)CC2CCCS2CSC=C1
4294,4375,CC#CC(=O)NC=SC=O
4295,4376,C1NC1
4296,4377,CS(S)OC=1P(=O)(O2)CC=1CC2CC
4297,4378,OCCOCOCCCC1CC(=O)OC=C1
4298,4379,O(SOSCCC(=O)C=SC1=C)C=CN=C1
4299,4380,CC=CC[NH1]OCC=CC=CC=C(Cl)C=O
4300,4381,C1CCCC1SC=CSC2=CC=CC=C2
4301,4382,CN=CC=C1C(C=CC=C1)Cl
4302,4383,CCCC(C)SC(=O)O
4303,4384,C1CC2=CC=C1NC2NCl
4304,4385,O=CCC#CC1=CC=CC=C1
4305,4386,C1C(O)C(=O)NCCC2OCCC1(O)C2
4306,4387,CCCC1C(N2)=CC=CCC2C=C[NH1]C=C1
4307,4388,CC=C1C(N=2)CC=CC=2CN=C1
4308,4389,CCCNC1C=CC(=O)N=CC=CO1
4309,4390,CC1CCNC(C2)(O)NSC=C1CN2F
4310,4391,C=C(C)CCCCC(C)NC(=O)O
4311,4392,CC=CCN1NC=CC=C1
4312,4393,CCN(C)C1=CN=CC=C1N=C(F)C(O)=CCC=CC=C
4313,4394,N1CC=CC=CC2=C(O)CC2CN1O
4314,4395,CCC=CC=CC=C(CI)C=CCO
4315,4396,NC(O)CC(O)=O
4316,4397,C=CC(C1)=CC=CC=CC=C1
4317,4398,CCC=CC=C(CC1=CC=CCCl)C1N
4318,4399,CCC=NCC1=CC(C)CC1
4319,4400,O1C=CC1(C=CC=CBr)F
4320,4401,CCCCCC=CC=NC=C(F)CC=C
4321,4402,N1NN=C1NC(=O)NO
4322,4403,C1OCNCC1C(=O)C(O)CCCC#C
4323,4404,O(C)NC=CC=N
4324,4405,CC1C(CCCC(=O)OCOC)=C1
4325,4406,C=CCCC(C)C=C1C=CC=C(C=NC=C1)NN
4326,4407,N(O)CCCC1NCCC(=N)CSC1=O
4327,4408,OSC(=O)C=O
4328,4409,CC=C(C=CC)C1(NC=CC12CCC)OC2=S
4329,4410,COC(=O)N(CCC1)NN=CC=CC=C1
4330,4411,C1=CC=CC=C(Cl)NN=C1
4331,4412,C#CCCCCCCC=CC1=CC=CCC1
4332,4413,NC1C(N)(O)C(=O)CCCNN=CO1
4333,4414,CCOC(=O)CCCCCCCC1CC(O)=CC=NC1
4334,4415,N#CC=CC1=CCCC=C1
4335,4416,CNC(O)CC(=O)C1=C(Br)C=C(C)C1=O
4336,4417,NCN=CN(CCC)C(Cl)C(=O)O
4337,4418,C=CC=CC=O
4338,4419,C=CC=C[NH1]C=C(C)N=CC(Cl)=CS
4339,4420,C(C)CCCCC1=NN=CN=C1
4340,4421,O1CN=CC12COC=C3C2COO3
4341,4422,CCC1CCCNC(=O)OC1
4342,4423,C1NSC=CC1=O
4343,4424,CCC=NC=NC=C1[NH1]C=CC=C1
4344,4425,CC(C)CCCCCC=C(C)CCCCC
4345,4426,CCC(=O)C1CCCC=C1Cl
4346,4427,CNC=CC1(C2)CCCC1C=C2
4347,4428,CCCC(C)=CC(=O)SC=C1N=C(O)SN1O
4348,4429,C1CCCCCC1=O
4349,4430,NC=NC=C(N)C(O)C(=O)OCC=O
4350,4431,O=CC=C(O)CCCC(C)O
4351,4432,COC=CC=CC(C)=CCCl
4352,4433,CC=CN(ON)C1(N)C=CC(Cl)=C1
4353,4434,CC=CC=CC=C(CC(Br)=C)CF
4354,4435,BrNC=CC=CN=CC1=CC2=CC=C1C=CC=C(C)C=C2
4355,4436,CNC(F)C=C1CC=CC=C1C=C
4356,4437,NCC=CC=CC=C(C1)C2C=CC=CC2=CC=C1
4357,4438,CCCCCCN1C(=S)CCC1C(N)O
4358,4439,O1C(O)C(=O)OC12CCNC2C=O
4359,4440,CSCC(=O)NCCCCCl
4360,4441,NC(=O)NCCC1=CC=CN=C1SC=CCO
4361,4442,CSCOC=CC=CC(C)=C(O)O
4362,4443,C1S(N2)C=NC1C3C2CNCC3
4363,4444,CCNOC=CC=CC1CC=NNC1C(C)C
4364,4445,CNNC=CC=NC(S)C(O)OC=O
4365,4446,C=CN=C(C=C1CC2(O)C)C1NC2
4366,4447,O=C(F)CC
4367,4448,CC=C1C2=C[NH1]C=C1CCCCCC2N
4368,4449,CCNCOC(=O)C=C1[NH1]C=CC=C=C1
4369,4450,C12C=NC(C3)SCCN1C32
4370,4451,NN=C(C=C(Cl)C=C1C)N(N)CC=C1
4371,4452,O=C(CC1N)C(C2)CC1CC2
4372,4453,CCC(N)[NH1]CC#CC1OC=CC=NC(=O)N1
4373,4454,CC(C)C=CC1=CC=NC=C1
4374,4455,CNCCCNN
4375,4456,N=CC(CCCCC)C=C1C2=CC=CC=C1S2=N
4376,4457,SC(=O)CC(O)COC(C)=O
4377,4458,COC=NC(C1)CCCC1C2CCC=C2
4378,4459,CCCC=CC=CC=C(Cl)C#C
4379,4460,C1OC=CC(C=NC=CC)=C1O
4380,4461,CS(=O)COC(C(=O)C(O)C)=N
4381,4462,C1=CC=C1Cl
4382,4463,C1CCCC1(C)C=CC=C(S)C=C(Cl)C2OC=CC=C2C=SO
4383,4464,CNCNC(=O)C=CC=C1N=CN=C1
4384,4465,CC=CC1=C(C)CN2C=CC=C1OCOC2
4385,4466,COS(=O)C=C1C=CC(F)=C1O
4386,4467,C(C)CN1CCCC1
4387,4468,CCCCCCCCCC=NNC(Br)C(=O)CF
4388,4469,CC(N)CCCCC=CC(C=O)N1C=CCC1Br
4389,4470,C1C=CC=C1C=CS
4390,4471,NCCC=C=C=CCC(=O)OC(O)C
4391,4472,OC=C1SC2=CC=C1CCCCN=C2C
4392,4473,CCC=C1C=CC=C=N1
4393,4474,NON(C)NC(=O)NC=C=CC
4394,4475,CCC(C1)CCS2C=C1CCN2O
4395,4476,NC=C(O)CCCCC=C(CC)C(=O)O
4396,4477,CC=C1C=C2C=CC=CC=C2N=N1
4397,4478,CCCNC(C)(C1)NC2C(O)C1C2
4398,4480,CCCCCCCCCCCC(C)=N
4399,4481,N1C(=O)N=C(C2)NCCNS21
4400,4482,O=C(O)CC(=O)N(C)CNCCCCNC
4401,4483,CCC(C)C(N)C(=O)OCNC=C1C=CC=C1S
4402,4484,CCNCCNCF
4403,4485,O=CNN=C(C)CN(Cl)C=C(O)C=C
4404,4486,N1C=CC1(C=CC(C)=C)C(=O)OF
4405,4487,CC1=CN2C1=CC=CC=N2
4406,4488,COC=C1C=CCC=C1Cl
4407,4489,CCC(=O)N[NH1]C(O1)CCC=CC=C1O
4408,4490,N=C(CCC(C)OSCN)C1=CC=CC=C1
4409,4491,C1C=C1CC=NC
4410,4492,C1(=O)NCN=S(C)CCOC1
4411,4493,CCCCSC(CCCCCCCCCC)C
4412,4494,COC=C
4413,4495,OC(=O)C(C1)C=2OC(N)=C1C=2
4414,4496,CCCl
4415,4497,N=C(C)NC(=O)NNC(=O)CC
4416,4498,CN1NC=CC=CC=CCN=CC=C1N(C2)CC2
4417,4499,CC(=O)OCCNC(C)C(N)CO
4418,4500,OC(=O)F
4419,4501,COC=C(C)CNC(=O)OCN=O
4420,4502,CCC(O)C1=NOCC1C
4421,4503,CCCNC=CC=CC1C=C2CCC1C2O
4422,4504,CCC=C(N)NCC1=NC=CC=C1
4423,4505,CCNC(=O)C=C(C)C(C(C)=C1C=CC)=C1
4424,4506,OC(C)(C)CC(C)C=CC=PO
4425,4507,CCOC=C(Br)N1CCN=C1
4426,4508,N=CC(O1)C2CC=CC1C=CC=C2
4427,4509,O=CNC(=O)C(O)C(=O)NOC(=O)C=CC=C
4428,4510,CCOC(=O)NC(=O)CCC=C1C=CN=CS1P
4429,4511,NC(=O)C=C1CC(=C)NS1
4430,4512,NCCC(=O)NC=CNC=CC=CC=C1C=N1
4431,4513,C=NC(=O)NC=CC(C(=O)C1)=CC[NH1]CCSC1
4432,4514,CCC[NH1]C(=O)CCCCCCC#CC=O
4433,4515,N1NC=CC(C)OC(F)=CS1
4434,4516,O1C=CC(C1C=O)CCO
4435,4517,C1CC2CCCCCNC1N(C)CC2
4436,4518,CC(C)ON=CN=C(C)N=CC1=CC=C1
4437,4519,CCCC=CC=CC=C(O)CN1SCSCCC=C1
4438,4520,N=CC(O)C=CCN(C1)CC=CC=C1
4439,4521,CCC=CC=CSC1=CC=C(Cl)C1=O
4440,4522,CCCC(C)OC1=CC=C2C=C1NC2C
4441,4523,COC=CSC=CC=CC=C(C)NN
4442,4524,CCCC=CC(C=CN=CC1=CN)(N)C1
4443,4525,O=CC=C(CCSCC)CN
4444,4526,CC(OC=O)CCCCC(=O)O
4445,4527,ONN=CC(C1=NC)=CC=C1CO
4446,4528,C1CCC(C)=CCCN=C1
4447,4529,C1SCCC=C1O
4448,4530,C=CC=CC1=CC(=O)CN=C1
4449,4531,COCCC1=CC=C(S)C(=O)C(Cl)=C1
4450,4532,OCCC=O
4451,4533,CCOC(=O)NC(C)C(C)N1CCCCC=CCC=N1
4452,4534,C1C#CCCCNCCCN(O)C1=CC
4453,4535,CC(O)C(=O)C=CC(=O)OC(C)=CC
4454,4536,C1(Cl)C2C=C3N=C2OC=C31
4455,4537,COC(=O)OC
4456,4538,C#CC=NCC(CCN)CCCC
4457,4539,O1C(=O)OC=CC1
4458,4540,SCN1C(=O)C=CC=CC(Cl)C=C1C
4459,4541,C=1C=CC=C(N)NC(C)(C)C=1
4460,4542,O=CC(N)=CC=CC1=CC=CC=C1N
4461,4543,NCOCC(C1)CC=CC=CN=COC1=C
4462,4544,CC(C)CC(=O)C=CC=CN
4463,4545,CCC=CC=CC1=CCCCC(N)C=C1
4464,4546,NCC12C3=CC=CC=C3[NH1]CC1=C2
4465,4547,CN=NC=C1C=C([NH1])C=C1N
4466,4548,CC(O)C(=O)OCOCO
4467,4549,OCC1NCCC12C(C)CC2
4468,4550,CCCNCCCCCC=CC=CC=C(Br)C1C#C1
4469,4551,OC=C(C)C=O
4470,4552,O=CC(C)CC(C)C=CC(=O)O
4471,4553,NCC(C)(C)CC=C1CC=CNN1CO
4472,4554,C1CC=CC(C)=C(C)C1(O)NC(=O)O
4473,4555,C=CN=C1C2=CC=C3C=C2C=NCN3C1C
4474,4556,NC(C)=CC=CC1=CC(C(=O)N2)=CC1C=CC=N2
4475,4557,CCC(C)C(C1O)COC=C1
4476,4558,C1=CC=CSC=CC(S=C1)O
4477,4559,CC(C=1)OC=CC=C=1
4478,4560,CCNNCC1N(C=CC(O)COC=NC)C1
4479,4561,CCCCNC=C1C=CC2=C3C=CC=C2C3=N1
4480,4562,OC(C=CS1CNCC2[NH1]1)CCC2C=O
4481,4563,NC=CC(C=C1C=CO)C=CO1
4482,4564,C=CC(C=C1C)(Br)COC=C1
4483,4565,C1C=CN=C1N(O2)CCC=NC2
4484,4566,C1C=CC(C)CC(C)CC1CC(N)O
4485,4567,CCSC(C=C(N)C1CC)CCC1Br
4486,4568,O=C(C)C1(C)OC=CC=CN=C1
4487,4569,OC(C1=NC=CC=C1)C=NCCl
4488,4570,OC(=O)CC=CC1=CC2=CC=C1C=CC=NC=C2
4489,4571,NC(=O)CCCC=NN=CC=COCO
4490,4572,CNC(=O)NC(N)=S(=O)OS
4491,4573,CNCCCCC1C=CC=CCO1
4492,4574,O1C=CC=CC1(CC)C=NC=CC=CN
4493,4575,NCC(C)C(=O)NCCC(C)CCC
4494,4576,CC(N(N)CNCCO)CC1CCCC1
4495,4577,CCCCC1CCC=C1
4496,4578,CCCC=NC(C)=NC=CN
4497,4579,N12CCCCC1C2CC=O
4498,4580,CC(CCCCOC=O)C=CC=CS
4499,4581,O=C(Cl)CCCl
4500,4582,OC(=O)OC(N)CCCCC=NOC
4501,4583,CC=CCBr
4502,4584,C=CC=NC=CC1=C(C)N=CC2=C1C2
4503,4585,CCC=CC(C1=CC=C2O)=C=C1C(S)C2S
4504,4586,CCC1CC=NC(C)CC=CC=C1
4505,4587,O=C(CN1CC2=CC=CC=C2OCC)N1
4506,4588,COC(=O)C(=O)CCOCCO
4507,4589,OCN1CC2CC1OC=CCCC(C)C2
4508,4590,C(C)(=O)COCCC=O
4509,4591,NC(=O)F
4510,4592,C1CCC=CC(=O)O1
4511,4593,CCC1=CC=C2N=C1NOC=NC=C2
4512,4594,C1C=CCN=C1C(=O)OCCN
4513,4595,O(C)CCNCOCNC
4514,4596,OC=C[NH1]C(=O)C=C1SC=CC2=C1CC=CC2
4515,4597,CCCF
4516,4598,CCCC(C)CC(C)C=CC1=CC=CS1
4517,4600,C=CC=CC=C1C=C(C2=CN=C1N)CC=CN=C2
4518,4601,O1SCN=COC1
4519,4602,CCCCC=C(C)N=NNC1CCC=CC1
4520,4603,CCOCNC(=O)OC=O
4521,4604,C1NCC=CC(C)CCC1OC
4522,4605,COC(C=CCN)C(Cl)NCN=CC=C
4523,4606,C1CC=CC=CC=C1CC(C)=C
4524,4607,CCCNC=C[NH1]C(O)=CC(C=C1C)=C1
4525,4608,CCCNCCS
4526,4609,CC(C)CNCCC
4527,4610,CCCCCON
4528,4611,COC(C)C=1CC=CC=1
4529,4612,CC(C)COC1=NC=CCN1C(=O)CCC=C
4530,4613,CCCCN(C)C=O
4531,4614,N1C=C1CCCCCC(O)Cl
4532,4615,CC=C(C)C(O1)CSCSC=CN=C1O
4533,4616,NCN(C(O)CCN)CC1NCCC=CNC1=O
4534,4617,CC=CC=C(C)Cl
4535,4618,C#CC=SCCCC(C)CC
4536,4619,NC=CC=C(S)C=CC1=CC(C(O)C1)Cl
4537,4620,CC=SCC(C)=CN=C(Br)CC=C[NH1]Cl
4538,4621,O=CC=CC=C(O)CCCCOCC
4539,4622,CCNC=CC1=CC=C([NH1])C=C1C
4540,4623,CSC([PH1]=1)C=1O
4541,4624,COC(CC1CCC)(Cl)C=CC=C1S
4542,4625,CCCNC(=O)OC=CC1=CC=CC=C1
4543,4626,CCC1CCC=NC(=O)N=C1
4544,4628,CN(N)C=NC=CCC(=O)O
4545,4629,CC1=CC(C)=CC=CC(=O)OCCC1=O
4546,4630,CC=CCCCCC1=NC=CC=C1
4547,4631,NCCCS1CC=CC=C1
4548,4632,CC(O)C=CC(N12)=CC=CC=C1C=CC(Cl)=C2
4549,4633,OCCCC(C)CCCCC(=O)O
4550,4634,OC(C)CCNC(=O)C1CC=CC=C1
4551,4635,NC=CC(C)NC=CC=CC=CC=C(N)CC=COO
4552,4636,O=CCC1C(Cl)CS2CNC=C2C1
4553,4637,INC1=CC(N)CCCCC1
4554,4638,CC1=CC=CC12C=CSNC2
4555,4639,CC(C)CCC(C)CCNC
4556,4640,CC1=CC(=O)CCC(C)OC1
4557,4641,CCC(C1)(O)OC(=O)N2C=CC=CC2C1
4558,4642,CPCNC=NC=CC(C1)SC=C1
4559,4643,CNCC=NC=C1C(C)OC12CC2OO
4560,4644,CC(C1=C2C=CC=C1N=C2N)O
4561,4645,C#CCNCC=C(F)CNC(=O)C=CN
4562,4646,C(CC(C)CCC=C)C=C1C=C1
4563,4647,O[NH1]C(C)(C=CCCNO)NC1=CC=CC=C1
4564,4648,O=CC=C[NH1]CC=CC=C
4565,4649,N(CC(=O)NCCCC)(O)NS
4566,4650,CC=CC=CS(O)C=C(O)NC1=CC=CC=C1
4567,4651,CCONN=NCCCCC=C=C
4568,4652,O(C)CCCNCSC(C)(C)SC
4569,4653,C=C(S)C=CC=CC1(O)C=CC=C1
4570,4654,CC=C(O)N(C)N=CC=CN=C
4571,4655,NCCOC1=CC=CC=C1ONS
4572,4656,OC(=O)C1C=CC=C1C(O)C=NC#N
4573,4657,CNCCC=COC(S1Br)=C=CC=N1
4574,4658,C1C2=CC3=CC=C2C=NC=C3C1C(O4)C4
4575,4659,C(O)C#CC(=O)OC=NC
4576,4661,CNC(=O)CCCC=C1C=CC=C2S1C=C2C
4577,4662,CCCC=NC=CC1=CC=CC=C1CO
4578,4663,C1NC=C2C=C1CS2CCCC
4579,4664,CCOC=CC=C(N1)NC=CC=C1CO
4580,4665,NCCC(C=NC)C[NH1]C(=O)O
4581,4666,CN1C=CC=C1CC2=CC=C(C)N=C2C=N
4582,4667,CNCNCCOCOCNCNC(C)CN
4583,4668,CNCCCC(CC(=O)C)=CCCC(N)C=NN
4584,4669,CCC=C(Cl)N=CC(=O)CCNC(=O)NF
4585,4670,C1C=CNC(=O)C=CC=CC=C1C=CC=N
4586,4671,NC1=C2C=CC=C1CSC=C2N
4587,4672,CCC=CC=CC(=O)OC
4588,4673,CCNCCCCCCC(C)O
4589,4674,CCNCCCCCCCN(O)C=O
4590,4675,C1=CN=CC=C(O)SS1
4591,4676,CC(C)(O1)C=CC=CC=C1
4592,4677,CSC=CC=CC=C(C)C=NC=C
4593,4678,CC=NC=C1C(N)=CC=C1O
4594,4679,C1SC1COC2=CC=CC=C2N
4595,4680,CCOCC=O
4596,4681,N1C=C1C(=O)C(C)=NC(C)NC(=O)O
4597,4683,C=N[NH1]C=CN=C=CC=C(O)CC
4598,4684,NC(C)CNC(=S)NCNCC(C)O
4599,4685,CC(N)CCC(=O)OC
4600,4686,CC1CCCC2(F)C=CN=C2C1
4601,4687,CNCNCC=C1COC2CC1SC=N2
4602,4688,CNCC(C)C(=O)C(O)C=CC=CC=C
4603,4689,C=CCS(C(O)C(=O)OCO)CC(=O)C
4604,4690,OC=CC=C(N)C=CC=CN
4605,4691,C1C=CC=C1C=CC=CC=C
4606,4692,O1C(=O)NC(=O)O1
4607,4693,C1CC(C=CC=CCN2)C=CCC1C2
4608,4694,CNC(=O)C(C)(O)OSN
4609,4695,CC=CCCC=C(O)CCCC1C(C)[NH1]C=C1
4610,4697,OCCOC=CC=C=CO
4611,4698,C(N)NC1C2=CC=CCN2C(=O)NC1
4612,4699,O(O)C=CC=C[NH1]C(CSC=N)C
4613,4700,N1C(=O)C=CC=C(O)CC=C1
4614,4701,CC(=O)N=CC=C(NN)C(=N)C=O
4615,4702,CNCCCNCC(C)C1CSC=C1
4616,4703,CNCCCC1C(O)C=NN=C1
4617,4704,CC(O)C1=C(O)CO1
4618,4705,CCCNCCCCC=C(C1)CCCC1
4619,4706,CC=CC=CS(=O)CC=C1C(F)=CC=C1P
4620,4707,N1C=CC=C1N=CSC=C
4621,4708,CCNC=NCNOCCOCCC
4622,4709,CNC(=O)C=NC=C(F)C[NH1]C=C
4623,4710,C=1CPCCC=1C
4624,4711,CC=CC=CC=CC=CF
4625,4712,CCC1C(=O)OCCCCCC1(N)C=NC=O
4626,4713,NC(=O)N=CC=CC=CCC=N
4627,4714,CNC=C(C)C=CC1=CCCN[NH1]1
4628,4715,C=CC=CC=C(COC=C=COC)N
4629,4716,CCN=C(O1)CC=C(Cl)CO1
4630,4717,CC(=O)OC=CC(=O)OCN=C
4631,4718,NC(=O)C1CNC(C)CCCC=NC1=N
4632,4719,CC1NCCCNC=NC(O)=C1
4633,4720,O1C(C)CN1C=CC=CC=N
4634,4721,C1C=CC=C2C=C1NC2
4635,4722,CC1=CC=CC=C1NCCCNC(=O)O
4636,4723,NC=CC=CC=CC1=CC=C(Cl)C=C1
4637,4724,CN=CN=C(O)C1(C2)OC=CN12
4638,4725,CC=C1C=CC(C2=CC)(Br)CC21C=O
4639,4726,COC=CC(C1=C(N)CCO)SC=CC=C1
4640,4727,CCC=CC=C1C=C(Br)C(N=C)C1=C
4641,4728,C1(=O)C(C)OC1OO
4642,4729,CC=C(OC1CCCCSCC)COCCO1
4643,4730,CCCCOC=NCC(=O)OO
4644,4731,CCC(C(C)CC1C)CCC=C(O)C=C=C1N
4645,4732,NCCC(C)=S(C)COC
4646,4733,CC1=CC=CC(=O)CC=C1
4647,4734,C1CCC=CC1CSC2C=CC=C2
4648,4735,CC=CC=C1CCNC=C1Br
4649,4736,CNC=CC=C1C(S=CC=NC)=CCC1
4650,4737,C=CS(=O)CNC(=O)OC(=O)N=C1C=C1N
4651,4738,CCC(=O)CCCCC(=O)NCCl
4652,4739,C1C=NC=CC(=O)N=NN=C1N
4653,4740,CC(C(C)=CCC1)CC(C)NC1
4654,4741,CCOC1=CC=CC=CC=CC=C1
4655,4742,C1(=O)OC(C2=CS(=O)SC)=C21
4656,4743,C1OC(S)C=CC=CC=CC=C1
4657,4744,CCCCCCCCC(=O)S
4658,4745,CC=CC=C1C(C)C(C)N1
4659,4746,OCCNC1CCC(C)CC(=O)CC1
4660,4747,O=CS(Br)C=C1N=CCSC=CC#C1
4661,4748,OC(=O)C=CC(C1=CC)=CC=C1Cl
4662,4749,CN1NCC=C1CCCC=C(C)CC(C)C=C
4663,4750,C1N=CC2=C1NC(Cl)=C2C=C(F)C=C
4664,4751,CCNNCC1CC2=CC=CC=C2N1
4665,4752,N=C(O)C
4666,4753,CCC=CCCC1CC=NN=C1
4667,4754,CCC(C(=O)S)C(C)CCNS
4668,4755,CCNC=CC1=C(C)CC=C1C(=O)OO
4669,4756,CNCCCC1CCCC1C2=CC=CC3=C2C3
4670,4757,CCNOC=CC1=C2C=C(C)N1N2
4671,4758,C1N=CC=CC=C(F)C(Cl)S1C
4672,4759,OC=CC1=CCCC1C#N
4673,4760,CC=C1C=CC(C)=C1Cl
4674,4761,CCCCC1NCCCCC=C=N1
4675,4762,CC=CC1=C2C=CC=C1C2CC=CN
4676,4763,C1CCNCC1C=CC=C(Cl)Cl
4677,4764,O=CC(=O)C(C=NC=CCO)SN
4678,4765,CC(C)(O)CCCC(=O)OOCP=C
4679,4766,O1C=CC=C2C1SP(=O)[NH1]C=CC=C2
4680,4767,COC(C1)=NC=CCOC(O)=C1O
4681,4768,CCCCC(C1C2=O)C=NC=CC=C1C=C2
4682,4769,CC1C=CC=C=C(C)CC=CC=CN1OP
4683,4770,OC=NC1=CC(Cl)N=C1
4684,4771,CCN(CCOCF)CC
4685,4772,CCNCCCC1CCCCCC1F
4686,4773,NCCNC(=O)CC(S)C=N
4687,4775,N1C(N)CCC1NCC(=O)CNC
4688,4776,C1=NN=C1CN(O)NS(C)CCCCC(C)OO
4689,4777,C1N=CC=C(O2)C=CC=CNC2=C1N
4690,4778,CCC(C)OC(=O)CC=1CC(=O)OC=1
4691,4779,N=C(N)C(=O)C=O
4692,4780,COCC(C)=CCCCCCCC1CCCNC1
4693,4781,CP(N)=C1C=C(Cl)C=CN=CC=C1CNN
4694,4782,CCCC(N(C)[SH1]CC(N)SCC)CC
4695,4783,OCSC=NC(C)OC(=O)O
4696,4784,CC1=C(C=CNCC)C=NC=C1
4697,4785,CCC(C)C1C=CC=CC1=[NH1]
4698,4786,CSNC=CCC=CC(=O)CCC
4699,4787,NC(N1)CCO[NH1]SCC1
4700,4788,CCCCC=CC(O)C(=O)C=C(C)Br
4701,4789,OC=CC(C1)=CC=CC(N)=C1
4702,4790,N=NC=CC=C(O)N(O)NCN
4703,4791,CCC(=O)OCC=CC
4704,4792,NS1C(=O)OCC=CC(C)=C1N=CO
4705,4793,COCCCC(=O)COCNC1=CC=CC=N1
4706,4794,C=C1C=CC(F)N1
4707,4795,OC=C(O)CC(N)C=CCN=NC=CC=C
4708,4797,C12OC(C)CCCCC1(C)C2
4709,4798,C1C=CC(C2C3CSCCC3)C21
4710,4799,CC1=CCC[NH1]1
4711,4800,CCC=NC=C(O1)C=CC=CC=C1N
4712,4801,C#CCCCCCCC
4713,4802,CCCC(O)C(=O)N[NH1]C=CC#CO
4714,4803,OC=C1C=C2SCC1C=C2C=CC3CC=CC=C3
4715,4804,C=CC=CC1=CCNC#CNC1
4716,4805,SC(=O)CC(C)=C(C)C=CC#CCO
4717,4806,CCCCCSC(=O)C
4718,4807,O=C(C)CCCOCN=C1C=CN=C1O
4719,4808,C12CCC(C)=CC=C1C2
4720,4809,N=C=CC=CC=CN=CC(S)=CC=C
4721,4810,NCCNCNCCC1SCC=C1
4722,4811,COC(I)NC=CC=CC(F)C=C
4723,4812,O=CN=CC(=O)NCCCC
4724,4813,CCNCOC(CC)CCCC([PH1]1)C1=NC
4725,4814,N1COC(=O)C(C)OCNC1(P2)O2
4726,4815,C1=CC2=CC=CC=C2C=C1Cl
4727,4816,NSCC=CCCC=CC=CC=CC=CC
4728,4817,CN1C=NNSC1
4729,4818,O(COC1=C=[NH1])CC=C1
4730,4819,NCC1=S2C=CC1(C(C3)CC)C=NC23
4731,4820,C1CC1OC=CC=C2C=CSC(Cl)=C2
4732,4821,CC=C(O)C(=O)NCCCC=CC=O
4733,4822,CCPC=CCF
4734,4823,CNC=C1COCC=C1CCC
4735,4824,CN(C)CNCC1CCCCN=CC=CC=COC1
4736,4825,OCC(S)CSC1CCC=C1
4737,4826,C(=O)N=CC=CC=CSC(=O)O
4738,4827,C1=CC=C1C=CC(Cl)C=C
4739,4828,C1NC(N)=CC(O)C(=O)C1C
4740,4829,C1C=C1C(=O)S
4741,4830,C#CCCC=CC=C1C=CC=CC1SBr
4742,4831,C=C(O)C(=O)NC1(N)C=C([SH1])C=C1
4743,4832,CNCC=CC=CC=CC1=C(C=C)C=C1S
4744,4833,CCCCC=CC=NC=CNOCCC=C
4745,4834,C1CNC(O)C(O)C(=O)SCCC1
4746,4835,CCNC1=NC=CC2=CCCC12
4747,4836,O=CN=C=C(O)C
4748,4837,CC=COC(=O)OCCC=CCP
4749,4838,CC[NH1]CCNC(C1)=CC=C(Br)C1
4750,4839,NC(=O)CC(C)CCC1OCCC1=C
4751,4840,NCCC=CC=C(O)C=CC(=O)O
4752,4841,CC=CC1(O2)C=CC3(C=C2C)N4CNCC431
4753,4842,C1CCN1CCC(C)CCCCC
4754,4843,CCCCCC=C(C)CCCC(N)CC
4755,4844,CN(N)NC(CC)CC1C=CC=CC=C1
4756,4845,CCCC(C)C(C)(C)NCC
4757,4846,C1NC(S)C(C)CC(C)CCCC1
4758,4847,NOCOC(O)C(=O)CCO
4759,4848,C1=CCOC1=CC=C
4760,4849,O=C(S)C=CN=C1N=C(Br)C=C1N
4761,4850,CCCCC(=O)NC(=N)CCC1NC1
4762,4851,CC=CC=C(C)CF
4763,4852,ClC(=O)C(O1)C(N)CC1
4764,4853,CCNN(O)OC=NNC1CC=CC=C1
4765,4854,CC(=O)OC(C)=C(O)COCCO
4766,4855,OC(=O)C=C(F)CC(C12)C=CC=CN1C2
4767,4856,CCC(C)(Br)C=C(O)F
4768,4857,C1C=CC(NSC)NCC#C1
4769,4858,CCCC(=O)C(S)C(O)C(=O)N=NN
4770,4859,CNC=C[NH1]I
4771,4860,CCNCCC(=O)CCCCP=CC=C
4772,4861,O=NC(=O)OCC(O)CCC1CNC=C1
4773,4862,CCCCCC1CCC=C1
4774,4863,CC1SCC2C=C1NC=C2
4775,4864,C=CCCC(C=NC=CC=C1C=CCN)=C1
4776,4865,OC=CCCC1(O2)CCNC1N2CC=NC
4777,4866,NC(=O)OC=CN=CC=CCCl
4778,4867,CCNC1=CC=CC1C=NC=C
4779,4868,C1C=CC=C(Cl)C(C2=C1C)CC2C=C3C=N3
4780,4869,C1N=CN=CC=CCC=CC=C1NC2NCC2
4781,4870,OC=CC=C(CC(O)CO1)C1
4782,4871,O=C(O)C(N)CCCC(CC=CC)=CO
4783,4872,C(=O)CCC(N)(O)OC(C)OCO
4784,4873,CN=CC=CCC=CC1(O)C=CC=C1
4785,4874,O=C1C=CC=C1CC2(O)CCN=C2
4786,4875,CCCCC[NH1]CCl
4787,4876,CN(O)C(O)C(=O)C1CCNCC(O)O1
4788,4877,C(O)C(C=1OC)CC=1CCCCCC
4789,4878,CCCCCC1NCCCO1
4790,4879,COC(=O)CC1CC(=O)C=C1
4791,4880,CC(=O)CC1NCCCCC=C1
4792,4881,O=CC=CC(=C)[NH1]Br
4793,4882,CC=CC=CC(C)=C1C=CC=C1NO
4794,4883,COC=CC1NC(N)=NC=NS=N1
4795,4884,CC=CC1=C(CO)NCC=C1
4796,4885,NC=CC1=CC=CC=C1
4797,4886,CC(O)C1NC(C)COC=C1
4798,4887,O=S(=O)C(O)NCCC1CC=CC=C1
4799,4888,CC=C(CC1CC)C2C1C(C3)CCCC3C2
4800,4889,CC(C)OC1(C)N(C)CN=C1
4801,4890,O=NC=C1C=C(Cl)CS1
4802,4891,C=CCCCO
4803,4892,NN(O)CC(C)CC
4804,4893,C=C(NCCC=NCOC)CC(Cl)C(=O)N
4805,4894,CCC(C)CCCOC(=N1)N=CCC1C
4806,4895,CCC[NH1]C=CC=C(N)NBr
4807,4896,NCCC=CC1=NC=CC=C1COCC
4808,4897,C(O)C(O)N1C(=O)C=C=SC(O)C1=O
4809,4898,CC=CCC#C
4810,4899,C(Cl)COCC(C)(O)OC
4811,4900,O1OC1C(C)OC=C
4812,4901,NCCCC(C)CCCCC
4813,4902,O=CN1C(=O)OCCCCC(F)=C1
4814,4903,CC(C)C1=CC=CC=C1C=NNNO
4815,4904,O=CCC(Cl)OC(=O)OCN
4816,4905,OC=C(Cl)C(O)=CC(F)=CS
4817,4906,N1C=CC=CC=C=C1C=CC=CO
4818,4907,CCC(=O)C(=O)N=NC=C=C1N=CNC=C1
4819,4908,SC1CC=2CCC=NC=2C1C3CC3=N
4820,4909,C(C)C(=O)OC1(C)COC1CC
4821,4910,CCCS1(C)C=C(CC=C1CCCCBr)CC
4822,4911,COC(=O)CC1(O)N2C3CCNC2CC31
4823,4912,N=1C(=O)C=1CC2=CC(N)C2CC#C
4824,4913,CCC(C)CCC1CCC(C)C=CN=CC=CC=C1O
4825,4914,NCC1=NC2=CN=CC=C2C=C1
4826,4915,OCF
4827,4917,CN(C)CCCCCCCCCCC(C1)C1
4828,4918,C#CC=C(C1CCCCC1C=O)CC=C
4829,4919,CCCCCCP1=CNC=CC2=CC=CC=C2C3=C1C3
4830,4920,COCCC(C=O)CC(=O)CCS
4831,4921,CC(O)C(N)C1CSCC1
4832,4922,C1NCCOO1
4833,4923,C=12CC=1CNC=CC=CNOC2=N
4834,4924,C#CC=CC=COCCOC=C
4835,4925,COC(=C)NC=CC1=CC=CC=C1
4836,4926,CC=CC(=O)CC=C(O)[NH1]N=C[NH1]
4837,4927,CNC(=O)NCCCCC1CCCCC1=S
4838,4928,CNCCCCNCCC(C)CCCCCCF
4839,4929,CC1(N)C=CC=C1C=O
4840,4930,CC1=CC(CCC1CC)(C)ON
4841,4931,OCOC(C)NCCCCCN
4842,4932,CON=CC=CC(O)=C(C=CC=CN=C=C)N
4843,4933,O=CC(=O)CCCC=CC=C1C=COCC1
4844,4934,CCCCC(=O)C=CCOCCCl
4845,4935,C1C(C)C(C)CC(C)=C1CNCCN
4846,4936,CCCC=C1C=CC=C(C1F)OO
4847,4937,CC=C1C(C)=CC=C1OC=O
4848,4938,N=CC(C)C=NCOC=CC=C1C=CC=C2N1C2
4849,4939,CC=CC=CSC=C1C=CSP1O
4850,4940,C1C=CC=C1COC=C(C)CBr
4851,4941,CC=C(C)SCCCCC1=CNNCC1
4852,4942,ClCCCC=NC=C=CC=NCO
4853,4943,C1C=CC(Cl)C(=O)NN(C)OC1
4854,4944,CCCCCCCCC(=O)CCN1CC=NNC1
4855,4945,CCCCCCSC(C)C
4856,4946,CC(=O)OCCCCC
4857,4948,C1(O)C=C2C=CCC=C2ON=C1
4858,4949,C=CC(C)OC
4859,4950,OC1OC=NC=CC(C)=CC=CC=C1
4860,4951,C=CCCC=CC1=NC=CC=C1
4861,4952,CC(C)SC=CC=CBr
4862,4953,CNC(=O)C=SN1SC(C)C=CC=C1
4863,4954,CC(C)=C(N)CN1CCCNC1CCC
4864,4955,COC1=CC=SC=C1N=SCCC
4865,4956,OCOC(C)CCOC
4866,4957,C1=CS2C(C)(N)CC2CC1
4867,4958,OC=CC=CC=C1C=C1CN=CC(=O)OC
4868,4959,CC1=CC=CCC2=CC=CC=C2N1
4869,4960,CCSC=CC1=CC=CC(C)=C1
4870,4961,CCC1CC=NSC=CC=CCC1C=C
4871,4962,CC(=O)N
4872,4963,CCC=NC=CC=CC1=CC(OC)C1
4873,4964,CC=CN(O)CCCC(C)C(=O)O
4874,4965,CC(=O)CC(O)[NH1]C=CC(C1N=C[NH1])N=C1
4875,4966,CN1CCCOC1
4876,4967,COC=CC=CC=CC
4877,4968,CSC(C=CF)OCCOC=CC=CCO
4878,4969,CCCCC=CSN=CC=CC
4879,4970,N1=CC=CC=C1N(C2)CNC(N)C2
4880,4971,CCC1OC(=O)NC(C)(C)C(F)=C1C
4881,4972,CC=NC=NN=C(O)CSC=CCl
4882,4973,COC(=O)OCCCNC(=O)N=CC=CC1=CN1
4883,4974,CCNC(=O)CNC(C)NCCC
4884,4975,CCSC(=O)C=CCCNCC
4885,4976,C1CC=C(O)N=C1
4886,4977,CCCCC1CCC2CC=CN=C21
4887,4978,C=CC=CC=CC=C(C)C1=CC=CN=C1
4888,4979,C(C)C(=O)[NH1]C(=O)NCOCNCO
4889,4980,CC1=C(C2)N(C=CC=C2CC)CC=C1
4890,4981,N=NC(CCC=C1C=C)(CF)C1
4891,4982,C1(=O)CCS12C(=O)OCCC2
4892,4983,CC=C1C=CC2=CCC(N)C21
4893,4984,OCCCC=C1C=CC=C(C)[NH1]S1
4894,4985,CCSC=C(S)CC=NC=C(CO)C=O
4895,4986,COCCCC(N)C1CCCCN1
4896,4987,CN(O)C1[NH1]C=NC=NC(F)C=C1N
4897,4988,CC=C(O)C=CC(CNO)=C
4898,4989,CCCCCCC(N)(NC)C(C)Cl
4899,4990,NCC(C)NC(=O)NCCC1C=CC=C1
4900,4991,NNCC=CC1(C)CCC=N1
4901,4992,CC=CC=C(C1CCCl)N2C(S)SN1C=C2O
4902,4993,NCCNCOS=CC=CC(C)=O
4903,4994,C=CN=C(Br)NC=CC1=C=NCC=C1
4904,4995,OC(N)=C(N)C(C)(O)OC
4905,4996,N=O
4906,4997,C1CC(=O)CSC=CC(Br)=C1N
4907,4998,CN=CC=CC=CC=C(Cl)Br
4908,4999,NC=C(N)C=C(C)C1C=CC=C[NH1]1
4909,5000,COC(=O)N(C)CNC(=O)CCCCCC
4910,5001,CONNC(C)OC=COC(C)=CC=CCCNCC
4911,5002,C1=NC1(NC=CC=CC=C)C=C2C=C[NH1]C=C2C(=O)N
4912,5003,OCOCC12CCCC1=C(Br)NC=C2
4913,5004,C=CSC=CC(O)C=CCN=CC(Br)Cl
4914,5005,OCOC1=CC(CC1)ON(O)O
4915,5006,CC=NC(C1=CC)=C2S(C(C)=C)C2=C1C=N
4916,5007,OC=CS1CCCCS1
4917,5008,CCC1=CC#CC=C1NN(O)CO
4918,5009,CNC(C)CSCN1CNCN1
4919,5010,C1C=CC=C(Cl)CC=C1Br
4920,5011,OOCPC=N
4921,5012,CN=CC(C=CN=CCC1=CCl)C=CC=C1
4922,5013,CC(=O)NC(C)N=COO
4923,5014,CCC1C(C)C(O)COC=S1C
4924,5015,NSC=CC=CCC
4925,5016,O=CNC=CC=C(N1CC)CC=N[NH1]C(F)=C1
4926,5017,O(C)CCC(NCC(=O)CCO)CC=CC(O)Br
4927,5018,CC=CC=C=CC1=CC=C(Cl)C=C1C=O
4928,5019,CCCCC(=O)C1=CC=CC=C1
4929,5020,CNCCCCCCCCCCCC=C=CC1=CCCN1
4930,5021,C1N=C1CCC2CCCCCCCC=C2
4931,5022,C=C(CS1NCONC=CO)C(C)C1
4932,5023,C([NH1])NSC1CCCCC1
4933,5024,CCCCC(CCCC)CN
4934,5025,C=CNC1=C(N)OC=C1CC=CC2=CC=CC=C2
4935,5026,C=C(C=NC(N)CCCC)S=C
4936,5027,C1N=C=CC=CC=CN1C=C(C)NC
4937,5028,CC(O)C(=O)C=O
4938,5029,CCCCCOC(C)C
4939,5030,CCNCCOC(O)C(=N)C=CC=C
4940,5031,CCC(C1=C2NC(=O)OC23)C1C=NC=C=C3
4941,5032,CCC=CSCC1CCCCCC=C1
4942,5033,CC=C(C(=O)OC=C)C=CC=CC(SC=CC=CCC1)=C1
4943,5034,COC(CCCC(=O)O)C(=O)C1CCCC1S
4944,5035,CNC(C)NCC(=O)C
4945,5036,NC=C1C=CCC(F)NC=CC1
4946,5037,BrCC=CI
4947,5038,C#CC(=O)OCNCN=CCN
4948,5039,CC1=C(C)OC2NCNC2C=C=C1
4949,5040,CNC#N
4950,5041,C=C1CCC=CC=C1CC=CC=C(C2)C2Br
4951,5042,CCCNC=CC(CS)CCCSCC=O
4952,5043,C1NCCC(Br)=C1O
4953,5044,O=CC=C1C=C(Cl)C(S)C1=O
4954,5045,CC=CC1=C=C(N)CCCCOC#C1
4955,5046,CCNC1CCOC=CN(Cl)C1[NH1]
4956,5047,CCC(=O)C1=C=CN=C(CCCCC)C1Cl
4957,5048,CCCCCCOCC=CC
4958,5049,COCCCCl
4959,5050,CCC(=O)OCC(Cl)CC=C
4960,5051,OCCC(=O)COCCNN(OC)SC(O1)C1
4961,5052,C1C=CC1CNNS[NH1]C
4962,5053,CC=CC=C(CC(C=CC)=C)Cl
4963,5054,C12SCCCC1CC2
4964,5055,OC(C(C1)=CC)=CC1CCC(=O)O
4965,5056,CNC(=O)OC(C)CCNCCC(C)COO
4966,5057,C(=C1)CNN(O)N1NCCC
4967,5058,O1C=C1C(O)C(C=CC)(O)C(C)=C2C=C2
4968,5059,CC=CC(S1)C=CC=CC(C)=C1O
4969,5060,COC(=O)CN=NC=CC=CN=C(Cl)C=C
4970,5061,CC=NN1C=CC(=O)N1NCC=C2C=C2N
4971,5062,COC=CC=CC=CC1=C(NC=CC=C2C)CS1=C2
4972,5063,CCC(N)(O)C(C)CCNCC1C(N)CCC1
4973,5064,CC=CC1=NCOC12C=NC=CC=C2Cl
4974,5065,BrC=CC=CN=CCN=NC=CP=O
4975,5066,C1CNCCCC(C)=C1CCC
4976,5067,C1C=CC=C1C(=NF)CCN=CC=C(O)C=C
4977,5069,CC(=O)C1CC(=C)N=C1Cl
4978,5070,C1OC=CC1OC2CCC2
4979,5071,CN(O)CN=CC=C(O)N=CC=CC=C
4980,5072,CC(=O)CC(CNCN=C1C=C)C=C1ON
4981,5073,NCCOC=CC=CC1=CC=CC=C1
4982,5074,OC=CC=C(OCC1OCCOC)C=NCC1
4983,5075,O1C[NH1]CCCC(C)=CC=CC=C1
4984,5076,NCCCCCOC(=O)N
4985,5077,CCCNCC=C[NH1]CCCC=O
4986,5078,CN=C(C=C(ON=CC)C)C1=C[NH1]C(Br)C1N
4987,5079,C12C=CC=C1C2N=C(C)CCOC=C
4988,5080,NCNCC=CCC(=O)O
4989,5081,N1C2=C[NH1]C(=O)C2(C#N)C1
4990,5082,C1N=CC=CC=CC=C1N
4991,5083,ClCC(=O)C(=O)COC(S)C=CC=C
4992,5084,O[NH1]CC(C)(C)NC1CCCCCSC1P
4993,5085,CCC(O)C1=NC=CC=C(Br)C1S
4994,5086,C=CC(=O)CC(N)CCCC(C)OO
4995,5087,CCSC1=CC=CN[NH1]1
4996,5088,COC=C([NH1])OCC(CCC(C)O)S
4997,5089,C1CCOCCCC=CC=C(Cl)C[NH1]C=C1
4998,5090,OCCC(CCC1)C(O)C(=O)NC1Cl
4999,5091,CC(=O)OC=CC=C1C(CC)(Cl)C1
5000,5092,O=CC=CN(C=CC[NH1]1)CCCC1
5001,5093,CCC(C=CC=CCl)C=NC=C(O)N=C
5002,5094,C1C(C)CCCC1(C)OCCC
5003,5095,NCC=C[NH1]S(O)C1(O)CCN1
5004,5096,CC(C)NC(O)CCNC1=CC(C=C)N1
5005,5097,OCCCCC=C1C(N)CCCC1
5006,5098,CNC(=O)C=CCCNCC(=O)O
5007,5099,NC(C=O)N(O)OCC=CN
5008,5100,C1C=CC(=O)C=C(C)CCCC1=C=S
5009,5101,CCOCNC1CCCC(=O)NC#C1
5010,5102,C(=O)C=C(C)CCCONCS
5011,5103,CCCC(N)CNCCOC(C)=CNO
5012,5104,NC=CC=C(S)COC=C1C=CC(C)C=C1
5013,5105,C1C=CC(C)=CC=N1
5014,5106,O=CC=C1C=CCC=C1Br
5015,5107,CCC1(C)C(=O)OCCCOCC=N1
5016,5108,CCCCCCCCC
5017,5109,C#CC=CN=C=C(Cl)NC=CC1=C(C)CSC1=C
5018,5110,CC=C(CC1(C)O)CC=C[NH1]1
5019,5111,C12C=CSN=NCN=C2CCNC1
5020,5112,C=SCCOCN=CC=CC=CC=CS
5021,5113,O(O)C=CC=C(O)OCC=CC1=CN1
5022,5114,C1CC=CC=C1C=CCC=O
5023,5115,N=CNC(C=C1C)=CS2C=C(Cl)C2=C1
5024,5116,CCCCCC(=O)N1CCCC1C
5025,5117,C1CC=CC(C2)C=C1C=C2C
5026,5118,CCCC1C(=O)CNC(O)CC1(C)N
5027,5119,CNCCCC(N)CCC1CCOC1
5028,5120,C1CCCC=N1
5029,5121,C=12COC(=O)OC=1N=N2
5030,5122,NC=CC=C(O)C=CC(C1)=CSC#C1
5031,5123,CC=CC=CS(CCC)(=S)(Br)CO
5032,5125,CCC=C1C=CCC=C1SC(O)C#N
5033,5126,CCCCC#PO
5034,5127,CN=CC=CCN=CC1=CC=CC=C1CO
5035,5128,CC=CC(N)C1=CC=CC2=C1CCCC2
5036,5129,NCCC=CC=C(C=CC)C1C=CC=CN1OC
5037,5130,CCNCC1=CC=NC=C1
5038,5131,CNOCCCC(C)C1S[NH1]CC1
5039,5132,C1CC(C)(S)C=2C=C[NH1]C=2CO1
5040,5133,CCS=1CC(N)C(C)NC=1C
5041,5134,CC(Cl)C(N1)=CC=C(C)CC1OC
5042,5135,CCCCCC=CC=CC1=CC=CC=C1
5043,5136,CCC1(C)OC(N)=C1CCCN
5044,5137,CCC(N)=NC=NCCC=CC=CN(C)O
5045,5138,CCC1=CC(C)=CC=C1NCC
5046,5139,C1CCCCCCCCCC1
5047,5140,SC(N)CCC=CC(O1)(C)OC=CN=C1
5048,5141,CN(CCCNC1CC)C=C(C)C1
5049,5142,NCC(=O)NC(=O)OC
5050,5143,O=C1N=C(Cl)N=CSC1
5051,5144,BrC=C(O)CCC(=O)O
5052,5145,O(O)CCCCOC=O
5053,5146,CCC(=O)N
5054,5147,NC1=CC=C2SCCCC=C2S1
5055,5148,NC=CC(C=C1C(=O)N=CC=N)C1
5056,5149,OC(N1)OCC2C1C(=O)NC2
5057,5150,CC=CC=CCNCC(=O)C=CC=C
5058,5151,CCC=NC=O
5059,5152,C1OCN=CCC=C1O
5060,5153,NC=CC=C(O)C1SC=NC=C1O
5061,5154,CC1(N)CC=C(O)CC(S)C1O
5062,5155,CNC1OC=CC(=C)C(Cl)C=C1
5063,5156,OC=CC(=O)NOC=CC(=O)N
5064,5157,NC(=O)NC1=CC=CCC(C)CCC1
5065,5158,C=CC=CC=C(C1)CCCC1NCCO
5066,5159,C1NCCSC(C)CCNC1CCCC
5067,5160,CC=CC=C(O)C=C1C=C(Cl)C(=O)O1
5068,5161,COC(=O)C=CC=CCSCC#C
5069,5162,OC=CC1=C(C)CC=C1O
5070,5163,CCCC(C)CCl
5071,5164,CCCC=CC=CCNCCC=CO
5072,5165,C1C2(C)CCCCC2S1
5073,5166,C=CC1=CC=CC=C1NC(C)(Cl)C
5074,5167,C12C(=O)C=C1OCCOC=N2
5075,5168,N1N2CC1N3CCCCC3=C2
5076,5169,C1COC1C2[NH1]C(O)N=CC=C2
5077,5170,COC(Br)C(C)=NC=CC(=O)OC
5078,5171,C=C=C(C)N
5079,5172,CCC(C)C(Cl)=C(C)CNC
5080,5173,N1CC(=O)NC=C1OCCC
5081,5174,C1C=CC(C)=CCNC(=O)N1
5082,5175,O=NN=CN=CC(C(O)C)=C1C=C=CC1
5083,5176,CCCCCCC=C1[NH1]C=CC=C1Cl
5084,5177,N1C=NC=CSC(O)CCC1=O
5085,5178,CCCCCCC[NH1]C=C1C=C2C=C1OC2
5086,5179,CCCC=NC=CC=CCC(OC)CC
5087,5180,CCCCC(O)COCCCCC
5088,5181,CC(C)C=NC1=CC=CC=C1
5089,5182,CC(O)C(=O)N=CC=CC=C
5090,5183,CCNCC1=NC=NC=C(Cl)C=C1
5091,5184,O1C=C1OCC=NC=NC2=CC=CN=C2
5092,5185,C1CCC[PH1]C(=O)OCC=N1
5093,5186,C12CCC=C1C(CC2)=C
5094,5187,CCCCCCC=C
5095,5188,OOCI
5096,5189,NC1C(=O)C=C1
5097,5190,O=C(O1)CS(C(=O)CCC=CC)=C1
5098,5191,COC(=O)C=C1C(Br)N=CC=C1CCCCCC
5099,5192,CNC(=O)OC(N)=CSC(=O)CCN=N
5100,5193,C=1C2NNOC=1C(Cl)NS2
5101,5194,CC(=O)COCC=CC=CO
5102,5195,NC(=O)C(O)C(=O)N=CC=CC=CP
5103,5196,CNN(O)C(=O)CNCCS1C(O)C1=O
5104,5197,C#CCSC(COC(=O)NCOC=O)COC
5105,5198,CC=CNC(C1CNCN1OC)=CC=CN=C
5106,5199,ClCCSCCCCC
5107,5200,CCNCCC(=O)NC(=O)OC=NC
5108,5201,C1OCCC(O)C1(F)C2=NC=CC=C2
5109,5202,CC=CC(=O)N=C(O1)C=CC=COCOC=CN1
5110,5203,NCCCCCCC(=O)OC=1OOC=1
5111,5204,C12=CC=CC=CC=C1O2
5112,5205,OCC=CC=C(CC1C)CCC1[NH1]C
5113,5206,CNC(CN1C=CC=NN1)=O
5114,5207,CC=CC(=O)ONN(C)CCC
5115,5208,CCC=C(N1C(=O)O[NH1]CO)N1SCC=N
5116,5209,CCNC(N)CC1(C)CCC=C1
5117,5210,CCN=NCCCCCC=O
5118,5211,O=CC=C=C(NC)COC(=O)O
5119,5212,N=NC(COC=O)NCCC=C1C=CN=C1
5120,5213,C1=CC=CO1
5121,5215,C#CC=CN=C(C(=O)OC=O)NC(=O)O
5122,5216,C=C(C)C1CCC(C(=O)NC1CCC)(C)CN
5123,5217,CC(=O)NC1OCCCCCCNCC1
5124,5218,C1=C(O)NC=C1OC(=O)O
5125,5219,C1CNOSCCCCCC=C1
5126,5220,CC=CN=CN(CCC(=O)N)CC(=O)S
5127,5221,OC(OOCNC(O)CCC=1)CCCOC=1
5128,5222,NC=C(CCNN)CC(C)CC=C
5129,5223,CC=CN=NC=C1C=C(CO)C1
5130,5224,NC=CC1=CC(C=O)NC=C1
5131,5225,C(=O)C=CC=C1C(O)C(N)C12S=CC3N2N3
5132,5226,NCN=C1C(C)=C(F)C=CN(Cl)C1
5133,5227,COC=CC(C)OC(=O)OCC=CC=C
5134,5228,O1C=C[NH1]C1C(Cl)(N)C(=O)CO
5135,5229,CC(C)CCC1CCCCCCC1
5136,5230,CNC1=CC=CC=C1Cl
5137,5231,C=SN1C(=O)C=CC=CC(N)=C1
5138,5232,C1C=CC(O)C2CCC(C)=CC=C12
5139,5233,OC(CCC)C(C)=C1C=CCC=C1
5140,5234,OCNCC1CC=CCCC=C(O)CC1Cl
5141,5235,C=NC=CC(=O)C=O
5142,5236,CCOC(=O)C=CC1=C(N)CCCCC1O
5143,5237,CC=NC1=CC=CC(=O)CC=C1
5144,5238,CCC(=O)C(=O)N1CCCCCCCS1
5145,5239,CCCC=C1C=C(C)OCC=C(F)CC=C1
5146,5240,NOC(=O)C=C(N)C(=O)CCl
5147,5241,C1C(C=CC)=C1O
5148,5242,C(=O)OC(C)C1CC=NC(O)C1
5149,5244,CCNC=CC=CC=C1C=CC=C1C
5150,5245,ClNC=CCOCC=CNC
5151,5246,CCCCCN1C(C)=CC=C1SC(C)(O)O
5152,5247,N=CC=C(Br)OC=CC=CO
5153,5248,NN=CC(N)=C(Cl)CN1COC=CC(Cl)=C1CO
5154,5249,CC1CC=CCSC=CC=C1O
5155,5250,CC=NC1=CC=CN(N=C(O)CCF)CC1
5156,5251,CS(OCC1CC=CCCl)=C1O
5157,5253,CC=CC=C[NH1]C(C)N1C(Cl)=CC=C1N
5158,5254,C=CC1(O)C(C)C(=O)NC1C
5159,5255,OC=CCSC(=O)C=NC1=CC=CC=C1
5160,5256,NCCCCCNC1CCSC1SCCCO
5161,5257,CC(CCC1NC=CC=C)C(Cl)C=N1
5162,5258,OC=CC=CC(Cl)=C1C=CC=CN=C1
5163,5259,COSN=C(C1C(O)F)C(C1N=CN)CCl
5164,5260,O=CCC=CNC(=O)NCCCC(=O)O
5165,5261,CCC=CNN(C)C=O
5166,5262,NC=NN=CC=CSC=O
5167,5263,CCCCC(=O)N=C(O)N(O)C(=O)CCCCCC
5168,5264,CC=CCCC[NH1]N=CCO
5169,5265,O1C[NH1]1
5170,5266,C=NC(C=CC1)=C2C3=CC=C2CS3C1
5171,5267,C1=NC=CC=C1OC(=O)CC
5172,5268,O=CC=C1C2=C(Br)NC=C2CCC1
5173,5269,NC(=O)OCCC(C)=NC(=O)O
5174,5270,O1CCC1C2CC3CC2C=CC3=S
5175,5271,C=NC=COC(=O)ONC(C)=CC(Br)Br
5176,5272,CCOC(C)(C1)CCCCC1
5177,5273,CCCC(C)(C)CCCCCCCOC=C
5178,5274,CC=NC=CC#N
5179,5275,CSC(=O)C(C)C=CCN=CF
5180,5276,CCCC=C[NH1]C(=O)Cl
5181,5277,CNCOC(O)COC=CC=CC(C)Cl
5182,5278,CPC(S)CC(N)C=CC(O)=C(C)C=C
5183,5279,NCCOCC(C)(SCN(N)CC=N)CCl
5184,5280,C1CC=NC=CC=C2N(C)COC21O
5185,5281,N(C)C(=O)OC=NC(=O)Br
5186,5282,CCCCCC1CC2=CC=C1CC(N)=CC=C2
5187,5283,OC=CNC(C)C=NC
5188,5284,O=CC=CC(C=1)=NC(F)(O)C=1
5189,5285,C#CCN=CN=CN=CP
5190,5286,CC(C)C(=O)OC=NC1=CC=C(CBr)C1
5191,5287,NC(=S)C=O
5192,5288,N=CC=NC(=O)NC1=CC=CN=C1N
5193,5289,BrCNCS[NH1]C(=O)C=O
5194,5290,NNSCOCCCC=C
5195,5291,CCCCC
5196,5292,[PH1]OC=SNCCC(C)=NCC=C
5197,5293,C1CCC1CC(=O)CCN2CCC2
5198,5294,C1CCN=C(C)OC=CSC=C1
5199,5295,C1OCC2C1NSC23C(C)CSCC3
5200,5296,C12C(C)C1COCC#CC=C2O
5201,5297,NCCOCOC=C1CCCCC1C
5202,5298,COCCCCC=CSC1=NC=CC=C1
5203,5299,COC(CO)CCNC(C)=CC=O
5204,5300,CC(=O)NCCCCC
5205,5301,O=C(O)C=CC=CC(C=CC=NC)=C
5206,5302,CN=CSC1=CNC(=O)[NH1]CC=N1
5207,5303,CC1OC(=O)NNC(O)=CNC=C1C
5208,5304,CC=CC=C(O)OC(C1)=C[NH1]C=N1
5209,5305,O=CC=C[NH1]S1C=CC=CC1CCO
5210,5306,CNCC=CC(N)=CC=C(Cl)C=CC=C
5211,5307,NC(=N)C=CC(=O)C=C1C(O)CC=C1C=CN
5212,5308,N=C(O)C(O)C=CC=CNC(CC)CNC
5213,5309,CC1(C)CC=C2CSC=CC2C1C=C
5214,5310,ClCC1=NCSC=C1Cl
5215,5311,CCCCCC
5216,5312,N=CC(C=O)C(=O)SNNCCC
5217,5313,CNC=C=NCN(C)COC(=O)OOC
5218,5314,CCCOC=CC1=CC2=CC=C(CO)SS12
5219,5315,CCCO
5220,5316,C1C=CS=CC(C)C=CC=C(O)O1
5221,5317,OC=C(CCOC=C)C=CS(C1C(=O)C=C)C=C1
5222,5319,C1CCCC1NCCOCC2CC=N[NH1]C=CC(Br)=C2
5223,5320,C=C(O)C=NCCCNCC(=O)NC(=O)O
5224,5321,NC(=O)NCCCCC
5225,5322,C1=CC=C1NNCCC(O)C(=O)CC=N
5226,5323,OC(C)CCCNCCC=CC=CCCCl
5227,5325,C1C(O)C1COC=CO[NH1]C(=O)C=O
5228,5326,CC=CC(C(C)=O)C=O
5229,5327,COC=NC=NNC(=O)OO
5230,5328,C1C=CC=CC1=C
5231,5329,CCNONC(N)C=CC(N=CN)=C(C)Cl
5232,5330,CCC1N=CSC2=C1COC(C)C2
5233,5331,C1NOC(C)COC1C=C(F)C
5234,5332,CCC(=O)N=CC1C=CC(N)=CC=C1
5235,5333,SC1=C(N)C(C)CCC=CC=C1N
5236,5334,C=C(N)C=NOCC(=O)OCC=C
5237,5335,C=C(C)OC=C1C=CC=C(Br)C1Cl
5238,5336,CCC1(N)C=NC=C(Cl)CN(C)S[NH1]C1
5239,5337,CCCCCOCC(Br)=CC=C
5240,5338,C=1C=CC=C=1
5241,5339,NC=CC(C)=CN=CSC(=O)O
5242,5340,CC1OC(C2=NC=C3C=C2)CC31
5243,5341,ONCNC
5244,5342,N1=CCCCNC1(C)CC
5245,5343,CC=CC=CC=CC(C1(C2)O)C=CC21
5246,5344,CNC(=O)NC1CC=C2C=CN=C=C2OO1
5247,5345,CC(C=CCC)=NNCCCCCNO
5248,5346,CCCC=CC1=NCC(O)=NC=C(Cl)C1
5249,5347,OCNC(=O)OCC(Cl)N=C
5250,5348,C=CN=CC=CC1=C(CC)CS1
5251,5349,CCCC#CCBr
5252,5350,CCCC1C=C[NH1]C=C1C=NNC2CCC=CC=C2
5253,5352,CCCCNC(=O)CCC1CCNC=C1
5254,5353,C1=CCCC1=O
5255,5354,CS1C=CC(O)C1=C2C(N)C=NNC2
5256,5355,C1CCCN1CCCCCOCC
5257,5356,C1CNC=CSC(O)SC1O
5258,5357,C1CC=C1NC(=O)OS
5259,5358,C(Br)CNC(C)(C)N(S)CCC=CCl
5260,5359,C1C=C2C=CN=C(O)C2O1
5261,5360,C=C(O1)C(=O)CCN=C(OC)CC1=O
5262,5361,CC=CC=CC(O)=C(N)C(S)C=NC=C
5263,5362,CC(CSC(=O)C1=C2)C=CC=C1CSCC2
5264,5363,O=C[NH1]CC(CCCCl)C=CC=CN
5265,5364,S1(F)=CC(=O)N1C2=CC=CNC2
5266,5365,COCCCC1CCCCC1N
5267,5366,CC(F)CCOSCCCCCl
5268,5367,C1C=C(C)CCCCC(C)OC=C1N=O
5269,5368,CNCOC(N)NCC
5270,5369,NCNC=NC(C)C
5271,5370,CNCNC(COC=CC(C)=C)=N
5272,5371,N1=CC=C1SCNCCCSC
5273,5372,O=C=CC=CC=C(C)CCCF
5274,5373,C12C(C)C1CCC2
5275,5374,O=C(CC=CC=NCC1CCC)C1NC
5276,5375,C=CC(CC=C)(NP=NC=CO1)C=CC=C[NH1]N1
5277,5376,C=CC=CC=CC=CCCF
5278,5377,NC=C(N)CCCCCC1C=CC=C1
5279,5378,NC(=O)C(=O)N1CCCCC2(CC)N1CS2
5280,5379,CC(N)=CC1=CN=C=CS(Br)=C1O
5281,5380,CC(C)CCCCCC(C1)C1
5282,5381,CNCCCCCC(C)COC
5283,5382,C=CC(C(N)CF)(O)OCO
5284,5383,COC=NC(=O)C1CC=NCCC1
5285,5384,C=CC1(Cl)CCCC1
5286,5385,N=CC(=N)CC=P
5287,5386,NC(C1)ONCC2N1OCSC2
5288,5387,NOCCOCOC=O
5289,5388,CCC=C(O)C(=O)O
5290,5389,CCCC=NCCCS1CNCC=C1NC
5291,5390,CC(=O)NC(C)=NCNC
5292,5391,O(O)C=C[NH1]C(=O)CC1CNC=C=C1C
5293,5392,C1CCCCCCC1
5294,5393,C=CN=CSC(C=C1O)C=CC=C1C=C
5295,5394,O=CN=CC=CC=NCONC=CC
5296,5395,CCC1C=NC(C)(N)C(C)(CCCC1)C
5297,5396,NCC(=O)C(C)CC=CBr
5298,5397,C1(=O)C=C1CN=NCC=CCCC=C
5299,5398,C=C(C=C(O)C=O)NCCC(O)C=O
5300,5399,C=1OCC=CNC=C=1
5301,5401,N=C(N)C#CC(=O)OC=CC=CC=C
5302,5402,OCCNC(C1)CCNCC1
5303,5403,O=CN=C(N)CC1C=C2SC1SC2
5304,5404,CC=CC=C(Cl)OCCNN=NC
5305,5405,CCC(=O)COC=CC=CCC=C1C=CC=C[NH1]1
5306,5406,CCNC=COCC=C(Br)C=CC1=CCC=C1C
5307,5407,O=CC=CNC=O
5308,5408,CCCCC(C)=CC=C1C(CF)CC1
5309,5409,NCCCCCCC(CCl)CON=CO
5310,5410,O=C(C)C=CC1C(C=CC)C(C)=C1O
5311,5411,CC=NC(C)C(C)=NCNCCC=CC=CC#S#N
5312,5412,CC=CC(C)=C1[NH1]C=CC=C(N)CCC1
5313,5413,CCCC(=O)OC=CC(C#C)=C
5314,5414,CCN=CN=CNC1C=CC=CN1CO
5315,5415,OCOCON(N)C=S1C=CC=CC=C1
5316,5416,O=C(C)CC1C=CS(C2)=CN=CC=C2N1
5317,5417,SC(C)(C=CC)CI
5318,5418,CCCCC1SC(C=O)C12C=NN=C2
5319,5419,C=CN(C1)C(NC2=O)NOCC2C=C1
5320,5420,CCCCCC1CCCC2C1CNC2O
5321,5421,C12CC1COCC=C2
5322,5422,CC(C)=C(C)C(N(C1)C)=CC=C(Cl)C1=N
5323,5423,O(O)C=C1C(O)C(CC)=CC=CS1
5324,5424,NC(=O)N1C(=C)C2=CC3=CC=CC2C3=C1
5325,5425,CCCCOC=CC1C=CC2=C(Cl)CC(F)=C2S1
5326,5426,CCCCCC(=O)CO
5327,5427,O1C=CCC1S=NC=C(N)COS
5328,5428,CNNCNCC=C1[NH1]C(C)CC1
5329,5429,CN(CCCCCC)CF
5330,5430,N1CCCCCSN1C
5331,5431,CC(C)C(=O)C=1C=CC=CN=1
5332,5432,CCCCC(C)(C)CSCC(C)Cl
5333,5433,CCC1CCCC=C(O)COCC1=O
5334,5434,N1OC(=O)NC1C=C(O)S(=O)O
5335,5435,CC=CC=CC1C=CC2=CC=CC=C21
5336,5436,O=C(C)CCC(C)NN=N
5337,5437,N1C=CCC=C1
5338,5438,CC=NS
5339,5439,N=C1CCCCCCN=C1
5340,5440,NCC(=O)NC(O)CCC(C)CCNN
5341,5441,OC(=O)OS(C)CCNC(=O)OO
5342,5442,N1CCC=CC=N1
5343,5443,CNC(=N)N=C(O)[NH1]C1NC(NN=C)=N1
5344,5444,COC=C1N=C(S)C=CCS1
5345,5445,C=C=S(=O)=COC=CC(O)C(C)=C(C)C=O
5346,5446,SC(=O)OC(O)C1NC=CC=C1
5347,5447,COC(CC1C[NH1]C=O)C=C1NS
5348,5448,O1C(=O)C=C2C=CC=CN21
5349,5449,CN=C(F)COCC(=O)N(O)NN=C
5350,5450,C1=C(C)NCCC(O)C(C)=C1
5351,5451,CCC=CC=C(Cl)C1(SC2=CC=C1)C=C2N
5352,5452,CCN=NNCS1C=CN=CN1
5353,5454,FC1C=CC=CC=C1C(C)CCC
5354,5455,COC(O)CNC=CC1=CC=CC=C1O
5355,5456,CN(C)CCC1=CCC(C=C1C2=O)CNC2
5356,5457,COCNC(CC)(C1)S2C=CS1NC=C2
5357,5458,COS=C1C=CC=C2C1(C(=O)N)C2
5358,5459,CCC(C1)CCCCSCC1
5359,5460,NC(=O)CC(O1)COC(C)C1=C[NH1]CCl
5360,5461,S[NH1]C=CC=CC=CCNC(O)C1=CC=CC=C1
5361,5462,NOC=C1C(C)=CC#CC1
5362,5463,CCN(C1)C(S)C(C2)CNC1O2
5363,5464,O=CC(C)(C)CCC
5364,5465,C12CC=C2CNNCC=C1NCN
5365,5466,OC(C)C#CC=NC(CCCC)CCNC
5366,5467,C1(C)=CC=CC1(Br)C
5367,5468,S12C(O)C(O)C(=O)C1C=CC2O
5368,5469,CC(=O)C=CC1=C(N)CC(N)C=C1
5369,5470,CCNN(C)CC=C1C=CC=C1
5370,5471,O=C(C(C)CCCN)C=SC=CCC[NH1]
5371,5472,CSC=C(O1)CC=CC=C1CCl
5372,5473,O=C(C)NOCOC(C)SC
5373,5474,C1CC=C1CCC(N)NC(S)=CC=CN=C
5374,5475,CCCC(N)C(=O)CONC(C)(O)OCC
5375,5476,CC=NC=C(C)CC1CCCC1
5376,5477,ONCC(O)NOCOP1(O)C=NCN1N
5377,5478,C(=O)CCCN1C(C)=CC=C1CO
5378,5479,C1C=CC=CC=C2C=C(C=CS2)N1
5379,5480,CCCC(=O)NN=C(C)O
5380,5481,C1NCCCCCCCCCCN1O
5381,5482,N1SC=CC(N)CC=N1
5382,5483,CNCC(C)CCC(NOCC)C
5383,5484,CC(C)=C(F)C=C(C1=NN=CC)C(Cl)C1N
5384,5485,CCC=NC(C1)=CC(=O)OC1
5385,5486,S12CCCN2C1CC
5386,5487,CCC=CC=CC=CC1SC=CC=C1
5387,5488,CNCNCCNNCC
5388,5489,CC=CC=C1C=C2C=C1C=CC=C2NCl
5389,5490,O=NC(C=CC1N)(C)CC=C1COC
5390,5491,COCC1N=CC(C)C=C1
5391,5492,CCOC(N1)=C(O)C=NC=CC=C1NC
5392,5493,CCCCCN(C)C=CC=C
5393,5494,CCOC=NN1CC=CC=C1C
5394,5495,OC=C(N)C=1CC=SC=1
5395,5496,CCCCCC=CC=C(O)CCCC=CC(C)Br
5396,5497,CNCCCCC(C=O)C=CSC
5397,5498,CC(C(O)C)=NN=C(N)C=CC=C1ON1
5398,5499,C=CN=CCC#N
5399,5500,CN=NC(C(=O)C=CC=CBr)=C
5400,5501,CC=CC=C(N)CCC=CC=CF
5401,5502,O=CCCCOCC(=O)OC#CC
5402,5503,CCC(C)NC=NCC(C)(F)CCC
5403,5504,CCC=CN=C(N)C=NN=C1C=CC=CO1
5404,5505,O=C1CCC=C(O)C(Cl)C(O)C1
5405,5506,NC=CCC(O1)SCCC2=CN1[NH1]CN2
5406,5507,C=CC=CC1=CC=CC=C1
5407,5508,COCNC(C)CCCC1NCC2C(C)C1C2=C
5408,5509,CCN=C(O)N(O)C=CC=CCCOCC=C
5409,5510,COC=CC1=CC=CC=C1
5410,5511,C12CN=CC=C2C=CC(Cl)C=C1
5411,5512,CCCCNCC(C1CC(C)CCCCC=O)O1
5412,5513,OC=CC(=O)ONC1=CSC=CC=C1CO
5413,5514,NC=CC=CC=CC=O
5414,5515,COCS1NC=CC=C1C(N2)=C3C=CC=C2C3F
5415,5516,OC1=CC=C(C)C2=C1C=CC2O
5416,5517,CN(CCNC)N1C(N)CCCNCCC1=N
5417,5518,O=CC=C(C)C[NH1]C#N
5418,5519,C1CCNC1
5419,5520,O=CC(CC)(O)C=NC=CC=C
5420,5521,O=C(OC(=O)C=CC1=CC)C2C=C1C=CC=C(F)S2
5421,5522,CC=CN=C(N)COC=CC=CC=C
5422,5523,CC=CC1=CC=CC=C1N2[NH1]NC=CSC=C2
5423,5524,C1CS1CC=CNOC(=O)ON
5424,5525,NC(=O)C(C)NCC[NH1]COC
5425,5526,CSC1(N)CNC1
5426,5527,CCCCCC(C)=CC1=CSC=C1
5427,5528,C1SC=CC=C1O
5428,5529,CCCCC1C(C)=NN1CNC(=O)C=NO
5429,5530,C1C2=CC=CC=C2C1=O
5430,5531,CC=NC(C)CC=C1C=CC=CN=C1
5431,5532,CCCCC(CNC(=O)SC)N
5432,5533,CC(N)CNCCCC=CC=CC=CC#CF
5433,5535,COCC(C(N)C=CCCC)=C
5434,5536,O=NC(Br)C=C1C=CS(=O)CCN1[SH1]
5435,5537,C=CCC(O)(O)C#N
5436,5538,NN(CCOCCCNCC)CC(C)C#C
5437,5539,NC=CC(O)C=C(CCO)C1CCCS1O
5438,5540,BrCC=CC=CC=C
5439,5541,CCCCC(C(=O)O)C=CC#CC=O
5440,5542,CCC(C)C=O
5441,5543,C(=O)C#CC=O
5442,5544,C[NH1]C=CC(C)CBr
5443,5545,C=CC=C1C=C(O)C=C1C2=CC=CC=C2
5444,5546,NCCCNN(O)CO
5445,5547,CC(CNC(O)C=NC=CC)C(=O)O
5446,5548,COCC=CC=CNC=CC=C1C(C=CNOC1)S[NH1]
5447,5549,NSC=C1C(C)=CC=C1CN=CC=CC=C
5448,5550,CC(=O)N1C=CNCCCC1S
5449,5551,NC1(CC=NC=CNC=O)C#CC1
5450,5552,CCCCCCC1C2CCC1C=C2
5451,5553,CC=COCCCCCC
5452,5554,O=C(C)CC(N1C(=O)CC=C12)C=CC=C(F)CC=C2
5453,5555,NCOCC1CC=CC2=C1CSCC2=C
5454,5556,OC=C(O)C(=O)CC(O)CCCO
5455,5557,C1CCCC1C(C)C(N)=CC2=CC=CC=C2
5456,5558,C(Cl)CCCC=CC=C(F)CCC
5457,5559,C(=O)C=CCCOCN
5458,5560,OC=CC=CC=C(N)CC=C
5459,5561,OC=CC=CSC=C(C1=C(Cl)C)CC1
5460,5562,C1C=CC=CN(O)CNC=C1C(Cl)=O
5461,5563,CCC=CC=CS1C(C)(O)CC=CSC1
5462,5564,C1CC(Cl)=C2C=C1NC3=C2NC=C3N(O)C
5463,5565,CNCO
5464,5566,CCSC(C1=CCC=C)S1O
5465,5567,CN=CC=CC1=C2C=CC=C1C=C(C)N=NCS2
5466,5568,COCC=CCCC#CO
5467,5569,C1CC2CCN3C2CCC3CC1CCCC
5468,5570,OO
5469,5571,O=C(C1CCN)CC=C1C=O
5470,5572,C1CCC(C)=N1
5471,5573,O1C=CC=CC#C1
5472,5574,CC(CCCCCCCN)C1C=CN=C1
5473,5575,CC=C(F)N=CC(=O)COCC1=CC=CC=C1
5474,5576,C1N=NC1C2(C)CN3C2=CC=C3
5475,5577,CCCC1=NC=CC=C2C=CC=C2PC=C1
5476,5578,CC(=O)CCCCCCC(C)Cl
5477,5579,COC(=O)OC=C(C)CC=CC=C
5478,5580,CNC(=O)CC(N)CCC
5479,5581,NCC=C(C)OC(=O)OC1C=CSC1
5480,5582,CNCOCS(C)N=CCCCCCCC
5481,5583,C1C=CC(N)=CCN[NH1]C=C1
5482,5584,CCCC1CCCC1NC=CC#C
5483,5585,CC(=O)NCOC(C)C(=O)OC
5484,5586,CCOCC(=O)OCOC
5485,5587,CCN=C(S)CC(C)C1=CC=CC=C1N
5486,5588,NC(=O)NC(F)=CSC=CCN
5487,5589,N1(N)CC#CC(=O)OCC1
5488,5590,C1C=C(CCC=C1CN)C
5489,5591,CCCNC(N)CCNCCCCN
5490,5592,CCC(C1)C(=O)CC=CSCC=C1
5491,5593,NN=C(F)C=C(S)O[NH1]C=CC=NN(CC)O
5492,5594,CC(C)=NN1COC(O)=C(O)C=CCCCN1
5493,5595,CCN=CC=CC=C
5494,5596,N=NOCCC(=O)O
5495,5597,C1CC=CC=C1C(=O)O
5496,5599,NC=C1C=CCSC2=CC=CC=C21
5497,5600,C1CSC(=O)CC2C=CC=CC=C21
5498,5601,COCCCCCCCN
5499,5602,O(C)OC=CCC=CCC(=O)O
5500,5603,COC(=O)OCCCC1CC(O)=C1
5501,5604,COC=CN=C1CCCNCS(C)=C1
5502,5605,CC=CC=C1COC=C=CC=C1COC=CN
5503,5606,O=C(Br)C=CC=C1N=CC=COC1O
5504,5607,C1OC1(N)CCCC
5505,5608,NCCC=CCCC(N)=C1CC=CC=C1C
5506,5609,CC1C=CC(C=CC=C2C=C1)C=CC2
5507,5610,O1CCC1C=CCC(=O)CCC=C
5508,5611,COCC=CN=CC=CC=CBr
5509,5613,CCCCC1=CCC=2C1CCNC=2Cl
5510,5614,O=CC=CC(N)C(=O)CCC
5511,5615,CCC(=O)OC=CC=CO
5512,5616,COCONCCC=NC1=NC=CC=C1C#CCO
5513,5617,CPOC=C(C)OC(=O)N[NH1]CN
5514,5618,C(C)=CC=C(C)Cl
5515,5619,OC=CC=CC(=O)C=CC=CCO
5516,5620,NC(C)OC=SC(C1)=C1
5517,5621,NC(=O)CCC(C=O)N=CC=CC=C
5518,5622,CC=C(C)C1(N)C(O)CCC=CC(N)C1=O
5519,5623,N(CC=NC=C(O)C)(O)N(O)ON
5520,5624,CC(S)C(O)=CC=CC=C[NH1]CCl
5521,5625,CCCCCCNC1(S)C[NH1]CC(C)=C1
5522,5626,CC=NCC=NCCNCN1C(=O)N(O)C=C1
5523,5627,CC=NN1C(C)OC1O
5524,5628,CCC=CC(=O)NCC(N)(C1)ONC=C1
5525,5629,OC(=O)NC(=O)O
5526,5630,C=CC=CC=CC=CCOC
5527,5631,CC=C(C=CC=C1C=NC=C=C1)O
5528,5632,O(N)NC=C(N)C(O)OC(=O)O
5529,5634,COC(N)=CC=C(C)C#CC
5530,5635,CC=CC=CC=CC=CN(N)C=O
5531,5636,NCCC=C(C1)CNC(N)C(C)CCCC1=C
5532,5637,COCCCOCCCCCC
5533,5638,OC(=O)NC(=O)ON=CC=CCOOO
5534,5639,OCN=CC=CC=CC1=CC=C(Cl)C=C1
5535,5640,CN1C2=CC=C(C)N=C2NC1=O
5536,5641,NNCC=CC(CCC)CC1C=C1
5537,5642,CCCC=CC=CC(N)=CC=C(CS(=O)CC)C=O
5538,5644,C=CNCO
5539,5645,CNC=CC1=CC=CC=C1C=C
5540,5646,CC=CC=NC1NCCN1CC(C)Cl
5541,5647,NCCN(F)CC=CC(N)=C
5542,5648,NC=CC=COC1(C)C(C)(Br)C=N1
5543,5649,CCC(C)(C)CC=CC(C)=C
5544,5650,CCN=CC(C(=O)NCCO)CO
5545,5651,NCC=CC=CC=C1N=NCOCC1
5546,5652,C1CC=NC=CC1
5547,5653,CCN(C)C=C(Cl)CCCCC(N)=C
5548,5654,C=C=O
5549,5655,O=C(CCNC(O)C1)NC1=O
5550,5656,S(C)SCCCC=C(C)O
5551,5657,NC=NCC(F)C=NCONC=O
5552,5658,O=C(C)NC(C)COC=1CC=1
5553,5659,O(OC=C)C=C(Cl)CNC=C
5554,5660,CC(O)CSN=C1CN=CC=C1
5555,5661,OSNOCNC=C1C(C)NC1C
5556,5662,CCCCCCCCCC(=O)C1CC=CC=C1
5557,5663,C(OC1(C)CC)CC=C1
5558,5664,CC(=O)NCCCOCC(C1)COCC1
5559,5665,NC(=O)CC1NC(C)C12CCN=C[NH1]C2
5560,5666,C1=CC=C(O)C(Cl)OC(N2)CC1S2
5561,5667,OC=C(O)C(S)[NH1]CNCC=CC=CC(C1=C2CC2)=CN1
5562,5668,O=C(O)CC=CCC(=O)N
5563,5669,COCC(C)(O)SC1=C(N)CC1=O
5564,5670,O1CNC=NC=C2N=C1C=CC=CC(O)CC2
5565,5671,N(=O)SC[NH1]C1=CC=C=C1C(C)C=N
5566,5672,CCC(C)(C)NC1OC=CO1
5567,5673,C12CCC3=C1COC3COC2
5568,5674,BrCC(=O)OCC(CCN)C(=O)N
5569,5675,CCNCNCCCCCC(C)=CC=CC=C
5570,5676,OCCCC1=CC(N)CCCC1
5571,5677,CCCCCC=C(O)C(N)=CNCC=N
5572,5678,CC=CNC(=O)C=C1C=CC=C(Cl)C=CC=C1O
5573,5679,CCCCC[NH1]C=O
5574,5680,CCC1CCC(=O)CNC2=CC=CC=C21
5575,5681,O=C1C=C(Cl)CC=C2CC=CC=S21
5576,5682,O=CC1=CN=C=C=C1Br
5577,5683,CCCCCC=CC=C(Cl)NOS
5578,5684,CC=NOSC=CC(=O)O
5579,5685,O(C[SH1])CCNC(O)CCC(=O)O
5580,5686,COC=CCC(S)=CC=CC1=C2CCN1NC2
5581,5687,CCCC(=C1)C=CC=C(C(=O)CC=CC)C1
5582,5688,O=C(SNC(=O)N)C=CC=C1C=CC=C1
5583,5689,CCSC=CC=CC(O1)=C1O
5584,5690,NCC(=O)CC(O)CNC=NC=NC=C
5585,5691,N1=CCNCOC=CC[NH1]1
5586,5692,CCC1CNC=C(O)CC=C1OC
5587,5693,CNC(=O)OC(CNCCC)(O)C
5588,5694,CCCC(=O)CC=CN
5589,5695,CN=C(Cl)C1=CC2=C(Cl)C=CC=C2C1
5590,5696,CCOC=CC=C(C)SC=NC=C
5591,5697,NCN1C2=CC=CC=C2N=C1CC
5592,5699,NCC(O)C(C)(O)OCC
5593,5700,CCCCC(C1)=CC=CC=C1C=CC(N)O
5594,5701,ONC=C(COOC(=S)O)CN1CCCCC1O
5595,5703,C1C(=O)CCCCCOC1
5596,5704,CC(=O)O
5597,5705,COC(O)N(O)C=C1C(CC)CCC1
5598,5706,OC=CC1=CC2=CC3=C([NH1])C=C2C31O
5599,5707,CNCC=CC(C=CC1=CC=CC=C1C)=O
5600,5708,S1C=C(CSCCNC=CC)C1O
5601,5709,OC=C(CCC(O)C)C1(O)CCN=C=C1
5602,5710,O(O)OC1CCC(=O)C=C1
5603,5711,NC=C1N=C(F)SC=CC=C1
5604,5712,C1=CCCSC(C)C1
5605,5713,C=C=CN1C=NC2=CC=CC=C2CC1O
5606,5714,CCCCCCCNC1=NC=CC2=C1NCC2
5607,5715,O=C1C=CC(C)(C)C1OPON=C
5608,5716,CC=CCC=C(C=COC=C1C=CC=CCl)S1
5609,5717,CC=C1CNN=NC=CC=CC=C1
5610,5718,C1=C=C(NC=C1C2=CC=CC=C23)C=CN=C3
5611,5719,NCOC=C1C=CC=C2C1CCCC2
5612,5720,C1C(C)CC(N)(N)NC=C1
5613,5721,CC=CC=CC=COCCN1C=CC=C1
5614,5722,C1CCC=NCC(=O)CSNN1
5615,5723,CC=NCSC=CC=C(N)C(=O)CBr
5616,5724,C1CCCO[NH1]1
5617,5725,COC=CC=CC1N(C)CCC1
5618,5726,CC(C)COCP(N1)CC(N)C1
5619,5727,CCCC(=O)CC(=O)O
5620,5728,COC(=O)NC=NC=C(S)CC=CSO
5621,5729,CC=CNC1=NN=CC(C)=C1O
5622,5730,O=C(CSCC=CC=CP(=O)C(O)CCl)CC
5623,5731,OC(Cl)CCCC1=NC=CC=C1
5624,5732,CC=C(C)OCCCC(C)CN
5625,5733,OC=C1CCC=C=CC=NC=C1SC
5626,5734,C1CCC1CC2CC3CN=C=CC3C=CC(=O)S2
5627,5735,CCCC(N)CCC=CF
5628,5736,OCCCC(O)C(=O)NNC(=O)O
5629,5737,O(C)C=O
5630,5738,COC1=CC=CC=C1C=CC(N=2)C=2
5631,5739,CNC(C)CC1C=CC=NC=C1
5632,5740,CCC1C=CCC1COC
5633,5741,CCCCCCCC=CCCCC=CCC(=NO)N
5634,5742,CC=CC=C(C=CC)C1NN2CN12
5635,5743,CCCCCC(C)O
5636,5744,CC=CN=CC=CC=CCO
5637,5745,C1C[NH1]C(=O)OC(=O)C=CC=SN=N1
5638,5746,SNNCC=C1CSNCCC1C
5639,5747,CCC#CC=NC=C(CN)CCC=C
5640,5748,CSC=CC=C(O)NN(O)N
5641,5749,BrC=CNC=CC(C1)=CCNC=C1
5642,5750,CNC1(C)CCCC1CO
5643,5751,C1=CC(=O)OCCNC=NN1
5644,5752,O=C(C=CCC)C=CN
5645,5753,NCCCC1C=C([NH1])C(=O)CCONC=C=N1
5646,5754,CC=CCC=C1C(Cl)C=C1O
5647,5756,C1(=O)C=CC=CC21CC=CC=C2CC
5648,5757,SC=C1C=C(N)COC1CCCCCN
5649,5758,O=CC=NC1(C=CC)NC1=O
5650,5759,C1C(C)OCC1OOC=NCS
5651,5760,CC(N)N=CC(O)C#CN
5652,5761,C1C2NC3CCC=C3CCC1CC2
5653,5763,CCCCC(=O)OC=C1C=CC=C(Cl)C(Br)=C1
5654,5764,CC=C(NCC1C2CN[NH1]CCC)NCC12
5655,5765,CSN=C[NH1]CC(=O)C=CC=CO
5656,5766,CCON(N)C(=O)CCCC(C)CC(=O)O
5657,5767,COCCC1CN=CC=CC2=C(Br)C=C2C=C1
5658,5768,C1SCCCC=NNN(N)C1[NH1]
5659,5769,O=CN=CN=CS1N=C(Cl)C=C1O
5660,5770,C1C=C1C(O)C(=O)O
5661,5771,CCC(=O)CCC=C(N)CCC=CCN
5662,5772,CCCCNCC1CCSCC1(O)C=CC=C
5663,5773,N1=CC=CC=CC(=O)C1NC
5664,5774,OC=CC1=CS2C=CC=C1CCCCC2
5665,5775,CC1C=CC=CC=C1N2CCC[NH1]2
5666,5776,CSC(N1)CC2CC1SC2
5667,5777,NC=CC=CCOC=NC=O
5668,5778,O1[NH1]C(=O)OC=CC2=C(Br)N=CC=C=C1NCC=C2
5669,5779,O=C(C)NC1=CSN=C[NH1]NC=CC=C1
5670,5780,CC(=O)C=NNCCC1CNC(C)C1=O
5671,5781,N#CC=O
5672,5782,NC(=O)C(C)=CN=C
5673,5783,C(C)NCC=CC=C1C=CC=CC=C(N=CC12)C2C=C[NH1]
5674,5784,C1CCCCCNCC=CC1=CC=CC=CC=CC=C
5675,5785,CCC=CC(NC=CC=CSC)(O)C
5676,5786,C1CCCS1#2CC(C=3)C=CC=CC=3C#2
5677,5787,CC=CC1=CC=NC=C1
5678,5788,C=CC=CC=C(F)N=CC=CC=C
5679,5789,COC(=O)N=CCCNC1C(N)C2OC=CC=C2O1
5680,5790,C1=NNCCCCCOC=N1
5681,5791,OSN1CC=CC=C1OCC(F)=CC=CN
5682,5792,C1C=CC=C(O)CC2N=CC=C2N1
5683,5793,[NH1]C=CC=CC=CC=C(O)C(O)F
5684,5794,CC(C1CC)CCCCC2=CC=CC=C2S1
5685,5795,NC1C(C)CCCC(O)SCCC1
5686,5796,O=CC=CNSC(=O)OCCC
5687,5797,C=NC=CC=CC1=CC1(CC=C)O
5688,5798,N(=O)N(C)CC(O)NC=CC=CC#CN
5689,5799,CC(O1)CC=C(C)ON1
5690,5800,CCN(O)C1N(O)C=CC(=O)N1
5691,5801,C1CN=C1
5692,5802,CCNC(=O)NCCCO
5693,5803,CCCNC(=O)C(C)OC(=O)O
5694,5804,CC1C=CC=CC1(NC2=CC=CC=C)OCC2
5695,5805,N1CCNC1C=NC=NN=C
5696,5806,NCC=CC=CC=C1[NH1]C1
5697,5807,C1CCSCC1=O
5698,5808,C1NCC=NC=N[NH1]N1C(C)C=CC=C2N=C2C
5699,5809,N=C=NCC1(C)NCCC1S
5700,5810,CS(C)C(=O)C=C(C)CC1CCC=CN1
5701,5811,C1CC=CCCCCC=N1
5702,5812,C1OCS(S)C(=O)OC1
5703,5814,C1OC=C1NCNCCCC
5704,5815,CC=CN=C(Cl)CC1=C(N)C=CC=C1
5705,5816,O=CCOS(=O)C1=CC=CC=2OC1(C)C=2
5706,5817,C=CCC1CC(=O)NC1=O
5707,5818,OCC=CC(C(C1)C)CCC1=N
5708,5819,OC(=O)OC(=O)OCCCCCC(S)CCO
5709,5820,CCCC1C(C=CN1CCC=CC=O)=O
5710,5821,OC=NC(O)=CCCCCONC=N
5711,5822,CCC=C1C2=C3C=CC=C3OCCNC12N
5712,5823,NCC(C)CCN(OCCC)C
5713,5824,ClCNN(C)COC(C1)C=CC=C1
5714,5825,CNCCCCCC1(C)C(N=CC=CCO)C=C1
5715,5826,N=C1N=C[NH1]C=NCCSSC1
5716,5827,COCCCCC(C1)(N)C(C)=NC=CS=C1
5717,5828,CN(O)C(O)CCCC
5718,5829,CC(=O)C=NC(O)C=NC=C1C=CC=CC=CC=C1N
5719,5830,O=C(CCC)C1CCCCC1
5720,5831,CC=CC1=CC=CC=C1NCPNC(C)C
5721,5832,C=CNC(O)Cl
5722,5833,C(O)C=CC1=CC(=O)NC1C(=O)O
5723,5834,CC=C(C1CC2CCC1)C2
5724,5835,CCCC=N
5725,5836,O=C1N=C=CN=C1C=CC=NCO
5726,5837,OC(=O)CC1=CC=CC=C1
5727,5838,CCCCC(C)CCOCC(O)O
5728,5839,O=C(C)OC(=C=1)C=1CCCO
5729,5840,N1CC1(C=CC=C)C2=NC=CC=C2
5730,5841,NCSC(N)CCSNC=CC=CC=O
5731,5842,C1CC(O)SCNC=NCC1
5732,5843,N=1C2=SNC=1COCC(C)CC=C2
5733,5844,CC(=O)NCCCCCCCCC=C1C=CC=C(Br)S1
5734,5845,C=C(C)CN(C)OC=CC1(Cl)C=CC=C1C
5735,5846,SCCC1CCCC1C
5736,5847,C1C=C1C(C)=O
5737,5848,NC(=O)CNC=CC#CC=NC=CBr
5738,5849,O=C=C(I)CCC1(O)C2=CC=CC=C2CC1
5739,5850,CC(C)CCC(C(O)C(=O)N)OS
5740,5851,OCC1(S)C(=O)OCCCCCC(=O)N1CC
5741,5852,C12OC=SC=CN=C1NCOC2C
5742,5853,C1COC=CC(O)=CO1
5743,5854,CS(O)CN1C=C2C=CC(=C)C=C21
5744,5855,NC(=O)N=CC(C)=CN=CC#CC=C
5745,5856,BrC=C(N)CCCCCC=CC
5746,5857,CNN=CC=NC=CC1=CC=CC=C1O
5747,5858,COC(O)CC=C=NNCCC
5748,5859,CC(O)C1CCCCCCCOC1
5749,5860,C[NH1]C=CC1(N)C=CC=C(Cl)C1
5750,5861,CC=CC1=CC=C(C)OC1
5751,5862,OC=C=CNC1NCC=C(O)NC(=O)CN1
5752,5863,C1C=NC2=CC=C(C)C21
5753,5864,NC(C=CC=C[NH1]CC=CN)=C
5754,5865,O=CC=CC(C=C1)OC=CC=CS1(=N)=N
5755,5866,C=CO
5756,5868,O=C(COC=CC=CC)C(=O)[NH1]CCC
5757,5869,N1C(=O)N2C=CC=C1C=NCC2
5758,5870,CC=CC=CC1=CC=CC=C1C2CCCC2
5759,5871,OCCC(C=NCO)C(C1CC(C)OCO)C1
5760,5872,O=CC1=NC=CC=C1C#C
5761,5873,NC=CC(F)=CC1=CC=CC=C[NH1]1
5762,5874,CC(C=CC=CC1=CC=C)C=C1C=CO
5763,5875,CCCC1CC2CCCC2CCC1
5764,5876,C1NC(O)C=CC(O)=C1
5765,5877,CCOC1=CC=CC=C1N=CC=C(C)NCCC
5766,5878,CC=NNC(=O)C1(Cl)C=CC=C1
5767,5879,CC(CC(=O)CCCC)CC1OC2C(O)OCN2N1
5768,5880,CC(=O)CC1=CC(Cl)C=C1
5769,5881,C12=C=CC=CC=CC=C1C=C2
5770,5883,COC=CC=C1C(=O)OC2=COOC2C1
5771,5884,NCCCCCC(N)CC
5772,5885,BrC(CC)(C)CC(=O)C=CC=CC(O)=C
5773,5886,CC(N)C1CC(=O)[NH1]C1CC(=O)O
5774,5887,OCC=C=[NH1]
5775,5888,C(CC)NSNC(N1)CCNCN1
5776,5889,CC(C=CC1CCNCCC=C2C1)=C2C
5777,5890,COC1=CC=CC1CCC(C=O)O
5778,5891,CSC=CC=C1C(C=CO1)N
5779,5892,NCCCCC1CCCCN1CCC
5780,5893,CNCCCOC(C)CNCCOC
5781,5894,CNCCCCC(C=O)C=CC(Cl)C(Cl)C#C
5782,5895,C1=CC=CC(Br)=C=C1C
5783,5896,C1CCCCC(Cl)=C1
5784,5897,C=CC=C(SSC=C1C=CN)CCOS1
5785,5898,O=NC=O
5786,5899,C1OCC2(O)C1COCNC2
5787,5900,OCC(N)=CC=C(S)S(=O)N
5788,5901,NC(=O)OC=CC=CC=CC=CSO
5789,5902,NC(=O)C=C(O)CC(N)C(=O)NO
5790,5903,NC=CC=CC=C(C)N=C(O)O
5791,5904,CN=CC=C(C)C1=CC(F)=CC=C1O
5792,5906,COCC1=CC(C)CC=CN(Cl)CC=C1
5793,5907,N1C=CC1C=C2C3OCNC(C3C2)=O
5794,5908,CON=CN=CCCCC=CN
5795,5909,CCOC(=O)CCC=C(C)CCl
5796,5910,C#1NCCCC#1
5797,5911,O=CCC(=O)C1(CCNCC1)C
5798,5912,O=C(C)OC(=O)C(O)C1=CC=CC=C1
5799,5913,N1CC(=O)OC(=S)OCNCS[NH1]1
5800,5914,SC=C1C(=C2)C(C)=CC=C2C1
5801,5916,CN=C(O)CCN(C1C2CCC1C)C2
5802,5917,CC(C)CCCC(C1)(C)CC(O)C1
5803,5918,CNC(N)OC1=NC2ON(O)SC2OC1
5804,5919,OC(=O)NC=C1C=CSC(F)=C1
5805,5920,CN=CC=CCC(C)(N)C(O)C=CCO
5806,5921,CCNC(=O)N1CCCC2C(C=CC=C2C1)N
5807,5922,O=CC=C1C=C(N)C=CC=CCCO1
5808,5923,O=C(S)C=NC=CC=C(C)Cl
5809,5925,C=CC(Br)=CC=C(Br)C1C=CC=CC[NH1]1
5810,5926,ClCN
5811,5927,O=C(Cl)CNC(C)OC(=O)O
5812,5928,OC=C(O)NCC=CO
5813,5929,OC1=NCNC=CC=C(Cl)O1
5814,5930,CCCCCCC1=C(C)OC=CN=CC(CO)=C1
5815,5931,COC(C)CCCCCC1(O)C=CN1OC
5816,5932,CC(CCC=O)COC=NC=CC=CC=C
5817,5933,C1=CC=CC=C1OCl
5818,5934,CCCC1CCCCC(=O)OC1
5819,5935,C=SC1=NOCC=CCS1
5820,5936,OCCC(C)(O1)NCNC=C1CCC
5821,5937,CCCNCC(=O)OCC
5822,5938,C(N)C(C)NC1=C2C=CCCC2CN1
5823,5939,CCCCCC=NC(=O)C(O)C=O
5824,5940,CC(C)CCCC1CC2CCC=C2NC1
5825,5941,N=C(N)CCCCC1C=CCCCCCC1
5826,5942,CCC1=CCC=CC1
5827,5943,CC(N)C(C)CCCCC1CCCC1
5828,5944,CCCCCSCCCC1CC1
5829,5945,CNC=CC=CC1=C2C=CC=C1C=C2
5830,5946,C1=C(C)OC2C(=O)NCN2C=N1
5831,5947,C(=CCC=CC=C(C1)N=N)C=CN=C1Cl
5832,5948,CO[NH1]C=CC1=C(C)OCC1
5833,5949,CCOC
5834,5950,CNC=CC=CC1=CC=CC=C1O
5835,5951,CCCCCC(=O)C1=CC=C(Cl)C=CN=C1O
5836,5952,CCCCN=C
5837,5953,COC(C)([NH1])CCC=CC(O)C=NC1=CC=C1P
5838,5954,C1OC2NCN1C=NC(N)=CC(Cl)=C2
5839,5956,CNC(O)OC(=O)O
5840,5957,C1CCOC=C1C(O)CN=CC=CC=C
5841,5958,C=C(N)CCC
5842,5959,CC=C(CO)COC(C)OC1CC=CC=C1C
5843,5960,CC=C1C=CC2(C)C3=CC=CC=C3C1=C2
5844,5961,COC(=O)NCPC=CCCNC(=O)N
5845,5962,CC=C(O)C1NCCCC2C=CC=CC=C21
5846,5963,NNC=NCC=CC(Br)(N)OCN
5847,5964,CN=CC(=O)C(=O)NC=CC=CC=C(C)Cl
5848,5965,CN=NC1(C)C=CCCCC1
5849,5966,CC=CC(CCCC1S)CCO1
5850,5967,CCCC1=CSC=C1C=CC=C[NH1]CC
5851,5968,N(=O)NN(C)C=CN=C(F)Cl
5852,5969,NC(=O)NC=C(C1=CC=CCC=C)C=C1C
5853,5970,OSOC1=CC=C2C=C1C=CC2=O
5854,5971,CCCCNC(CNCCCSC)CC
5855,5972,CC(=O)NCOCOC=O
5856,5973,C=CC(O)C(OC)(O)C=NCOCNC=C
5857,5974,CCC=CC=CC(N)=CS1C=CC(N)=C1
5858,5975,CCC(C1)SC=NCC2CC1NC=CC=C2
5859,5976,C12NC=C1CO2
5860,5977,CSCCCCC=CC=CC(O)=CC1=CC=CC=C1
5861,5978,CC=NN([NH1])CC(=O)CCCOC
5862,5979,CC1=CC=CC=C1C=C(C)C=O
5863,5980,C=CC=CC(NC)CCC(C(=O)NC)(O)OCCCC
5864,5981,CC=CC(C=CC=C1C=CC=C)C1=C
5865,5982,CCCC(=O)OCC
5866,5983,NC(=O)C1=CC=CC=C1N(O)OCCCO
5867,5984,COC(=O)NCCCC1=CN(C)O1
5868,5985,[NH1]CCCCCCC1=CC=CC(C)O1
5869,5986,CC=CC=SC=CCCC1SC1
5870,5987,CCSCCCl
5871,5988,COCCCCNC(C)CCS
5872,5989,C1CCOC1C=CC=CC=CC=C
5873,5990,CCC(=O)C(C)(O)C1C2CCC1CCCN2
5874,5991,N1CCCC(C)C(C)SCC1
5875,5992,CCC(=O)C(=O)N=CC=NC=NSO
5876,5993,CN=CC=CC=CC=C=NCCl
5877,5994,C1CC=C1CCC
5878,5995,C=1=NC=C(N)CCCCC=1
5879,5996,FCCC(CC(=O)NC=O)O
5880,5997,C(C)C(C)COC
5881,5998,C1=CC=CC=C1CC=CC2=CC=CC=C2
5882,5999,NC(N1)C=CC=CC=CC=CCC=C1
5883,6000,CCOC(=O)OC(=O)C[NH1]CCCCN
5884,6001,C1CC#COCNCSN=C1N
5885,6002,NCOC=C(N)C=NN1C=CC=CC1=S
5886,6003,CCCC=CC(C1)CCCC1=NN=CC=C
5887,6004,CC=CNC(CC=CCCl)(Cl)S
5888,6005,ONNC=CC1=C(C(=O)NC)CC=C1
5889,6006,OC=CCC1C2N(N)CC=CS12
5890,6007,CC=NCNC(=O)C=CSN(O)SS
5891,6008,CSC=CC=C(ON)C1(Cl)C=CC=C1C
5892,6009,O=CN
5893,6010,CCCCC(CC)CCC=N
5894,6011,CCCCCCNC#CC=C1C=CC=C[NH1]1
5895,6012,C=CC=CC=C(C=1)C=C2N=CC=1C=C2
5896,6013,C1C=C(Cl)C1O
5897,6014,C1NCCC2CCOC2C=CC1
5898,6015,CC(=O)CCNNC=NO
5899,6016,CC#CC(=O)OC(C)CCOCOC
5900,6017,CC[NH1]CC1C2CCCC2=C1
5901,6018,ON=CC=C[NH1]COC1=CCCNC1
5902,6019,NCN1CC=C[NH1]1
5903,6020,C(C(C)O)C1CCC(C)CC1C=O
5904,6021,NC=CC1(C)N=C(Br)C=C1
5905,6022,CC(C)N(C)NCCC(=O)N
5906,6023,N=CC=NC=C(Br)C1=CC=CC=C1
5907,6024,CCCC(C)CCCCCNC
5908,6025,CC(C)N=S(O)C=CCC=C1C=C=NC=C1
5909,6027,N=C1N=CC(N)C1=C
5910,6028,O=C(C)N(C)C=C1C=C2C=C=C1N=C2
5911,6030,O[NH1]CCC(CNCC)=NN=CN=C
5912,6031,O=CC=CC(=O)CF
5913,6032,O=C(N)NOC(=O)OCC=CC(=O)O
5914,6033,CN=CC[NH1]N=CC1C(N)=CC=C1
5915,6034,CCC=CN=CC=C(C)Cl
5916,6035,OCC=CC1=CC=C2C=C1C=N2
5917,6036,NC(=O)CNC=C(C)COC
5918,6037,OC(CCC)C=NCOCCCNCC
5919,6038,CC#CC(CCC(C)OC=C1)C=CC=CC1I
5920,6039,CNCCCC(=C)C1=C(CNCC1OC)NC(N2)=C2
5921,6040,N=CC1(C)CCCC1
5922,6041,CCC=CC(=O)CC
5923,6042,NNNC=C(C=CC1=NC(O)=CC)C1=O
5924,6043,CCCCCCC(=O)OC(O)CCCCCCCC
5925,6044,CCCCCCCC1=CC=C(N)C=C[NH1]C=N1
5926,6045,COC(C=PCC1=O)NC(C)CC1F
5927,6046,C1OOC(=O)OC=N1
5928,6047,N(C)COC(O)C(=O)N=C1C=CC=C1O
5929,6048,CCC(C)=CC(CC1CC=CC)=C1C
5930,6049,O=CC=CC1=C(C(C)=CC1)C=S
5931,6050,O=CC=C(C)CCC1CC2NC1(O)C2
5932,6051,C=CC=C1C=C(C=N)C=C1C=CN=CSC
5933,6052,C1C=CCC(C)CC1
5934,6053,CCC=C1CCC(=O)CNC=C1
5935,6054,CC1=CN(CC(=O)NSCN)CC1
5936,6055,CCOCC1NCCN2CCNCC2CCC1
5937,6056,C=COC(C(=O)C)C=SC
5938,6057,N=CCCS1C=CC=C(N)C(F)=C1
5939,6058,CSNC1CC=C(O)[NH1]1
5940,6059,OC(=O)C=CC=C1C=CCCC1
5941,6060,OC=NC=NCSC1=CC=C2C=CC=C2S1
5942,6061,CSC(=N)OCC(C1)(C)OC=NC=CCS1
5943,6062,C1(=O)NC1C=CC(N)COC=C
5944,6063,OC(C1)CCCC=CC=NC(CC)CC1
5945,6064,C1CCC=C=CC=CO1
5946,6065,NC1C2CC=CC=C2COC1
5947,6066,O=C(C)N(C)C(=O)O
5948,6067,CNC(C(N)C(=O)CCN1)=NCC=C1C
5949,6068,SCCNO
5950,6069,CCC(O)CCCl
5951,6070,NC(CC)CNCCCCCOC=N[NH1]
5952,6071,CC(O)C=1CCCC(O)CCPC=1
5953,6072,OC(=O)NCCCCN
5954,6073,C1CNCC2CC=CC=C21
5955,6074,NCNCC(C)=C=CC(O)C
5956,6075,CC1=COC=CC=C1
5957,6076,CC(C)SC(F)C=CC1=CC=CC=C1C(N)=C
5958,6077,N1=NC2=NC=C1C=NC(=O)C=CC=CN2O
5959,6078,O=CC=CC=CC=CC(Br)F
5960,6079,COC1CC=NC=C1OC
5961,6080,COC1=CC=CCC=CC=CCC=N1
5962,6081,CCCOCCCCCOCCCC=1CN=CC=1NC=O
5963,6082,CCC(C)=NN=CC=C(F)C=CC#C
5964,6083,O=CCCCC(=O)CC1=CC=CCC=C1
5965,6084,CN(C)CC1(CCCCC1C)OO
5966,6085,C=S(=O)CC(=O)C1=CC=CS1O
5967,6087,OC(C)CC=CNC=C
5968,6088,CCC(C)=NCC(C)NCSC=O
5969,6089,CCC=NC1=C(Cl)C(O)C=C1
5970,6090,NC1CCC=C(C)OC2=CC=CC=C2N1
5971,6091,CCCOCC(=O)Cl
5972,6092,O=C(O)C=CCCC1C=CC=C1C(Cl)=O
5973,6093,N1NC=NNCC2NC=CC=C21
5974,6094,CN=NC(C)(O)CCC(O)=CSC(O)=C
5975,6095,CCCOC1=NCCCCCC(C)=CC=C1
5976,6096,C1OCCOC=C1CN2CCN=C2N
5977,6097,CCCCC=COCSC(C=CC=CC=C)C=CN
5978,6098,C1(=N)C=CC=C1C=CCOC
5979,6099,C1N=C(CC=CC=N1)C(=O)O
5980,6100,NCCSC=CC=C=NC(C)SC1=CC=CC1(Br)CI
5981,6101,C=NC=CN=C(C1)CCC#C1
5982,6102,CCCCNC(C)(O)N
5983,6103,CCC=CC1=CC=CC=C1Cl
5984,6104,COCC=CS1(C2)CC=CC=C2C=NC=C1S
5985,6105,OCCCCCC(O)CCCCC(C)NC
5986,6106,CC(=O)C1N=NC=CC=C1C=C2C=CC=C(Br)C2
5987,6107,CC(C)C(N)CCCC(C1)=NC1O
5988,6108,N=CC(O)C=O
5989,6109,S1C(=S)C1C=CC=CC=CC=C
5990,6110,CC(C)OC(=O)OCl
5991,6111,C=C1CC2=CC=CC=C2C1=CC=CCO
5992,6112,C=CSC=C(O)C=CC=C
5993,6113,O=CCOCC(C)CC1CCNOCC[NH1]1
5994,6114,IOC(=O)OCCOC#C
5995,6115,C1C(C2)CCC=CCC=C1N2
5996,6116,CCNCC=C(S)CC=1OC=CC=C=1
5997,6117,CCC(C)=NC=CSC=CCCl
5998,6118,CC1=CC=CC=C1C=CN
5999,6119,CCCC(=O)NN=CC=CC=C
6000,6120,C1CCCCCC12NC(C)CN=CC(CC)C2I
6001,6121,C=CC=NC(=O)C(N)=O
6002,6122,COC=NC(OC(Br)C)N=NCCC
6003,6123,CCCCCCC(C)(S)CC
6004,6124,CCCC(C1)CCCCC1
6005,6125,CNCCF
6006,6126,C1(=O)C[NH1]CC(C)SCCCCCC1
6007,6127,CC(=C)C=C(Cl)C(N1)C=CC=C1N
6008,6128,CC=CC=CC=C1N=C(Br)COC1C
6009,6129,CCC(=C)CC=CC=CC1=C[NH1]1
6010,6130,O1CCCCC(=O)O1
6011,6131,CCC=CC1=CC=CC=C1C
6012,6132,OOCCCCCCC1OC=CC=C1
6013,6133,CC(C(C)CCC=C)COC1=CN=CC=C1
6014,6134,CNC#CC=CC=C(O)C=CC=CC
6015,6135,C12NC3C1COC3CCCN2
6016,6136,CC[NH1]C(=O)C=CN=CN=C1C=CN=CC1C
6017,6137,NC=CC(C)CCCN
6018,6138,OC=NC=CC=C1C(=O)N(SC)CC=C1Cl
6019,6139,CN=C=C(C=CNCCC1CCCCC1)NC
6020,6140,C1NCCCC(C)=CC=CC1C=O
6021,6141,CC=CC(I)=CC=O
6022,6142,CCCCC1NCC2CC1C(=O)CC2
6023,6143,C1NCCNC(=O)OC1
6024,6144,CNCNCC(P)NCC1C=CC=CC1
6025,6145,NC(=O)C12C(N)OC(C)CC=C1CN2
6026,6146,C=CC=C(C)N=CC=C(CN1)NN=CC=C1
6027,6147,CCNCCF
6028,6148,CC=CC(C=CC1=CF)=CC=C1C=O
6029,6149,C1CCC1(CC(C)CCC=CC=C)Br
6030,6150,CC=NCC=CC=CN=C
6031,6151,CNCCCCCC=CC
6032,6152,CC(O)C(C)C=CN(C)I
6033,6153,NC=CC(=O)NNCCC1C=C=NCC=C1
6034,6154,C12OC=CC=C(C(=O)CC=N1)S2
6035,6155,NOC(=O)OC(C)(C)CC1=CC=CC=C1
6036,6156,C(C)OC(=O)CCCCC1=CC(O)N1
6037,6157,CC(O)C=CC=CC(C)C(C)=CCl
6038,6158,C=CN=C(CCNCNN=NC)CC(=O)O
6039,6159,CC(C)=CCNSS
6040,6160,C1C=C(O)C1CCCCCC=CCCC
6041,6162,CCC=C1COC(O)COC=C1N
6042,6163,OC(C)OC(C)CC
6043,6164,CC=CC=CC=C(Br)C(C1)=CC=CC=C1
6044,6165,O1C=CC=CC(=O)OC[NH1]1
6045,6166,NOCC(C)CN=CC1C(C([SH1])P)C=NC1
6046,6167,CC(CS1C#CCC2=CC=C)S1(OC)C=C2COC
6047,6168,N=CC(C)SC(=O)C=CCOC=C
6048,6169,CCCCC(C)(CNC)C(=O)N
6049,6170,CCC1COC(=O)C=C1N
6050,6171,OCCNCCCCCCNC
6051,6172,CC=CN=CC=C1C=C=NN=C1CCCN=C
6052,6173,OC=CC=C(S)C1OCC2=CC=C1N2
6053,6174,C(N1)C=CCC(C)=CCS(C)NCC1
6054,6175,CCC(=O)N1C2C=CC=C1C=C2
6055,6176,N1SC2=NCCN=C2C1
6056,6177,CC1CCCC(=O)C1
6057,6178,C1N(N)C=NC(O2)CC(=O)NC21
6058,6179,CC(CCOC(=O)N=CC=C)CCCC
6059,6180,C=C=C(N=CC(=O)C)F
6060,6181,CC=CC1=CC=CC2=C1C(=C=CC2(C)C)C3C=N3
6061,6182,O=NCNSCC(C)C=SC
6062,6183,CCCC=CCC=O
6063,6184,C=CC=C(C)C(C)C
6064,6185,C=CCC(C)C1CC(Cl)=C1O
6065,6186,CC(N)C(N=CC1NC)=C(O)C1Cl
6066,6187,SC(=S)CNC=NCCNC
6067,6188,CCC=CC=CCl
6068,6189,CCC(=O)C=CC=CC=C1N=C(Cl)C=CC=CCO1
6069,6190,CCC1C(CCC2C3C)CCC2C31F
6070,6191,SCCC(=O)NC(=O)ONSCSC1=CC=CC=C1C(=O)O
6071,6192,O=C(C)CNC=NC=CC=CCl
6072,6193,COCC=CC=CC=C1C=CC=C1P=N
6073,6194,OC=CN=CN=C(NC=NC1)NC=CC#C1
6074,6196,CCNCC=C1N=CC=C1CCl
6075,6197,OCCC(N)OCNCC(C)C=O
6076,6198,C=NC=C1C=C(N2)N=C1CCCC2C=O
6077,6199,C1=S(C)=CC=NC=CC=C(N)C(=O)O1
6078,6200,FNC
6079,6201,CCCSNC(=O)C(=O)OC=C[NH1]N=C
6080,6202,CC(=O)OC=NNC(=O)C=CN=C=C1C=CC=C1
6081,6203,SCS1C=CC=C(N)CCCCC=C1
6082,6204,CNC=CC=C1C=CC2=CC=CC=C2C1=C
6083,6205,CCOC(=O)CF
6084,6206,CCC(N)=C=C1C=NC(=O)OC1
6085,6207,N1=C(CN=CCBr)C1C(=S)N
6086,6208,C=CC=C(CC=CC=C1C=CCC)C=C1C
6087,6209,CC(NC=C)C(=O)CC(Br)CNC(=O)O
6088,6210,OC(C)C1CC2CC1C=CC=C(C)N2
6089,6211,COC=CC=CC(=O)ON
6090,6212,COCOCCC1=CC=CC=CC=C1
6091,6213,CC(=O)C=CC=CNC1(C(=O)N)C=C1
6092,6215,NCCCCCC(=O)C=CSC=C
6093,6216,C1(CCC1C)C(C2)C(C)=CC=C2P=O
6094,6217,CCC1CCC2CCCCC2CC1
6095,6218,CCCCCCCOC
6096,6219,BrC(=O)CC(C)(C)COC=CC[NH1]
6097,6220,O=CC(F)C=C1CC=CC=C1OC
6098,6221,CCCCCC(O)CCOCCCC
6099,6222,OSNCCCC=CC=CC1=CC=CC=C1
6100,6223,C(OC(=O)NC(=O)C)=CC=CCC=N
6101,6224,CCC(N)(N)CCCCCCCO
6102,6225,NC=CC=CC=C(Cl)C=CC=C
6103,6226,NOC1=CC=C2C(C=CCNS=O)SC21
6104,6227,CC1C=CSC(O)=C(Cl)C2=C1C=NC=C2
6105,6228,OC=C(O)CC(=O)CCSC(=O)Cl
6106,6230,CCC(C)=NC(Br)C1NCOCCCC1
6107,6231,CCOCCCC1CCC=CC=C1O
6108,6232,CC(C)CCC1CCCSC1=O
6109,6233,CCCCCCC1=CC2=CC=CN=C2ON1
6110,6234,ClCC=CON=NCC1C(=O)C2=CC=CN=C2C=C1O
6111,6235,NCCC1OC(=O)OCC=CC=C1
6112,6236,CC=C(N)NC(C1)C(=O)CSN1
6113,6237,COC=NC(=O)O[NH1]
6114,6238,CC=CC=CC=CC1=CNC=CC=C1
6115,6239,C(=O)(C)OC
6116,6240,NCCC=CC#CCC1CNC(=O)N1
6117,6241,CCNNC1CCC=N1
6118,6242,OC1=CC=C2C=C1CCNCC=C2
6119,6243,CCCCOCCC=C1C=C(O)C=C1
6120,6244,OC1OC2=CC=CC=C2C=NC(Cl)C=CC=C1
6121,6245,O=COC=CC(=O)N=C=N
6122,6246,OC=CC=CC=CC=C=C=C[NH1]C(Cl)O
6123,6247,CCCCC(=O)C(C)OSC(=O)C=O
6124,6248,CC=C1CNC=C1C2=CC=CC(=O)C2O
6125,6249,O=C(O)C(CC1=C)C=CN=C1C=O
6126,6251,C=CC=C(N(S)CBr)CC=C[NH1]C=CC=CO
6127,6252,CN=C(O)CC=C1C#CCN1
6128,6253,[NH1]C1(C)CCCC1=O
6129,6254,OCCC(N)=C(C)C=O
6130,6255,CC=CC=C1C(C=CC)=C1CC2(N)CCN2C
6131,6256,C(C)C(=O)CNCCCN=N
6132,6257,COC=CN=C(CN1SC)CC1
6133,6258,O=C=CC=N
6134,6259,OC(C)C(C)=CCC1=NC=CC=C1N
6135,6260,NC=CC=CC(O)=S
6136,6261,C=CC=CC(=O)N=NNC1=CC=CC(O)O1
6137,6262,CON(N=1)CN=CC=1NC(=O)O
6138,6263,CCCCCC(N)C(=O)O
6139,6264,O=CC(C(O)C=CC1CC)(C)NCC1
6140,6265,C([NH1])NS1(C)C=N[NH1]CCC1N
6141,6266,O1CCCC=C(C)CC1C
6142,6267,NOCCCOC#C
6143,6268,NC=NN1C(C2=CC=CC(N)=C2)NC1
6144,6269,OCCCC(C)CCOC(=O)O
6145,6270,CCC=CC1=CCC=C1N=CN
6146,6271,C(O)C(=O)CCCCC
6147,6272,CC(O)(C=CC(C)CN)C=O
6148,6273,CC=NC#CC(C)C=1CCCNC(O)C=1
6149,6274,CNCCC=C(O)CC#C
6150,6275,C1CC1C(=O)CCC(N)=CCCC
6151,6276,CCC=C(CC(C1)=CC=C)C=C1
6152,6277,NCCCCCOCBr
6153,6278,CC=CCCC=NC1C(F)C=CC=C1
6154,6279,CC=NSC(O)COC=O
6155,6280,C1C2=C3C1(N)CCCC2C=N3
6156,6281,CCCC(C)C(=O)OC
6157,6282,NCOC(C)C1=CC2=CCC(S)C2C1=NC=C
6158,6283,CC1C=CC=C1C
6159,6284,C1OC=C1CCCCC=CC=C
6160,6285,C1OC=CC=CC(O)=CSCC1
6161,6286,CC=CN=CC=CC=C(O)O
6162,6287,NC=NNNCNC#CC(O1)=N1
6163,6288,C(=O)C=CC=C1C(O)=CC=C(Br)N1OC
6164,6289,C1N(C=CN=CCC)C(=O)NS1
6165,6290,N1=C(CNCC(C)=CC)CC=CC1OC
6166,6291,NC1CCCCC2(C)C=CC=C21
6167,6292,NC(=O)NC(=CCNC1=CNCO)C1=O
6168,6293,CC(OC(=O)C)CC1C2(C)CC1C2
6169,6294,CN1CC(C2)=CC1[NH1]C3C2CCCCCC(O)CCN3
6170,6295,CNC(C)=O
6171,6297,C=CC=CC(=O)NCCCC
6172,6298,O=C(C)CCNC(=O)C(=O)SC#C
6173,6299,CC=CC=C(O)C1SNC2=CC=C1CCC2
6174,6300,OC(CC)CCCCC1=CSNC(=O)NCC=CN1
6175,6301,CCC=[SH1](O)CNOC
6176,6302,ON=C(O)C=CC(=O)OCCCC=CC(F)(O)N=C
6177,6303,CN=C1CS2C(=O)OC1C=CNC2
6178,6304,OCOC1=CC=CSC=C1O
6179,6305,CCC(O)=CC(=O)NSCC
6180,6306,O=CC=C[NH1]COCCCCCCNCC
6181,6307,C=NCNCOCC=C(C)C1C2=C(O)C=CC=C21
6182,6308,CS=NC=CN=CNC(C1)CCC1
6183,6309,C1=NNSC(N)C#CO1
6184,6310,ONCN1CCC=C1
6185,6311,C=CC=CC=C(N)C=CC=CCBr
6186,6312,C1OC(CC)CCC1O
6187,6313,C1C=C=CC=C(F)C=C1C(=O)O
6188,6314,C1CN2CN=C1C2=O
6189,6315,COC(C=NC=CCF)=CC1=CC=CC=C1Cl
6190,6316,CN=CC=C(C=CC=C1C2=C)CC=C1N2C(CC)C
6191,6317,CCNC=CN(C)CCl
6192,6318,O1C(NCC1CCC)CC(=O)N
6193,6319,CCC=CN=CC1CCCC#C1
6194,6320,N=CCNCC(S)(O)OCO
6195,6321,C=NC=CNC(=O)OCCCC=NC=C(C)C=O
6196,6322,CCCCCC(C1)[NH1]C=CC=C1
6197,6323,CCC(C)C(=O)OC(=O)OC=CC=C
6198,6324,OCC(=O)OC(C)=C1C=CC=CC=C1C
6199,6325,O=C(CC=C(N1)CC)C(N)C2SN1NC2C
6200,6326,O=C(Cl)C=CC=C=N
6201,6327,N=C(N)CC=CSC(C)CC
6202,6328,CC=CNC(C)C(=O)NCC1C=CC=C1CC
6203,6329,N=CC=C(COC=O)NCCCO
6204,6330,CC1S2CCNC2C=C1NCCCC
6205,6331,N12C=CC=C(C3)C1C=CC=C3CN2
6206,6332,N12C(=O)CCC1C(=O)OC2
6207,6333,C1CCCCCC=C1C=NC
6208,6334,C1CCSC2CC=CN=CC1[NH1]C=C2
6209,6335,C1OCSCC#CC1C(O)=O
6210,6336,CC=CC=CC1=CN=CN=CC=CC=C1
6211,6337,CCC(=O)C=CC=CC1(O)C=CC=NNN1
6212,6338,CCC=CC(C=CC1N)C=CC=C1
6213,6339,O=C(O)S(N)CN
6214,6340,CC=C1C(O)=C(C)S2C=CC=CC2=C1
6215,6341,N1C2=CC=CC=CC=C(C=C1C)C2=N
6216,6342,C1SC=C1NC(=O)C(O2)C=CC(F)=C2
6217,6343,N=1COCCCC=COS=1
6218,6344,C=CN(C)C1CC23CCCCC2C(NC)C1=N3
6219,6345,CCC(C)NCC=CN=CC=CS=N
6220,6347,CC=CC1(O2)SC3=CC=C2NC3C1
6221,6348,C1C(=O)C=CC(C)=CCC1(Cl)O
6222,6349,O(CCC=CC1=CC=C)N=C1C=O
6223,6350,O=C(O)NCCCCCC=C1CCCCC=N1
6224,6351,OC(=S)C#CC1=CC=CC=C1
6225,6352,CC(NCCSCO)C(=O)NC1(C)CCC1
6226,6353,O=CC=CC1=CC=CC=C1
6227,6354,C=CC(O1)C(C)(O)C(C)CNCC1
6228,6355,[NH1]=C(N)CNCCCCCC(=O)C[NH1]
6229,6356,CCC=NC=CC(S)=CCl
6230,6357,C=CC(C=O)C=CC=NN=C(Cl)C
6231,6358,CCCCCC(N)C(O)C=O
6232,6359,CC=NNCNC(=O)OCNCC=N
6233,6360,CC(O)C(C)CCC=SC1=CC=CC=C1
6234,6361,C(C)NC(=O)C#CCOC(C1)=C(C)OC1
6235,6362,NN=COCC=C1C(C=CC)(O)C1
6236,6363,O=C(CC=NNOCC)OC[SH1]C(N)CO
6237,6364,O=CNCCCCSCSCO
6238,6365,COC=C(N)C(C)C1CCC=CC1
6239,6366,COCCCC(C=C)C=CC(=O)CN
6240,6367,CC=CS(NS1)(C)CSCC1
6241,6368,C#CCC[NH1]C=CC=CCNC=C
6242,6370,CNCC1=CC(C)=CC=C1
6243,6371,CCC(=O)NC
6244,6372,C1NCC1C=CC(CNC)CC2CN2C
6245,6373,C=C1C=CC(C)=C=C1N
6246,6374,COC(C)C1CC(C)CCCCC(O)C1
6247,6375,CCC(C)=NC(C)=NC(O)C=C(F)C=CC=CBr
6248,6376,COCC(C)(O)CCCC1CCCCC1
6249,6377,COC(=O)C=CCCCCC=C
6250,6378,NC=CC=C1C=C2C(C=CC)=C2S=N1
6251,6379,C1CC(C2)CCCSC2=N1
6252,6380,C=1NC=C(Cl)CC(O)C(C)C=1
6253,6381,OCC1CCCC=CC(=O)C1CO
6254,6382,CC1(O)CCCCC[NH1]C=C1N
6255,6383,C1OC(C)CCCCCCCC1C([NH1])=N
6256,6384,CC1CNC=C1COC=O
6257,6385,NCC1CCCC2(C)C=CC=C2NCC1
6258,6386,CC(N)=C1SC=CC2=C1C=CS2N
6259,6387,NC1=CCOC=N1
6260,6388,CC(=O)SC=CC(C)(OCOC)OOC
6261,6389,C12=CN=C1OC(O3)C(C)C=CN3C2N
6262,6390,OC=CC=C
6263,6391,N=CC=C(CCCN=CC=CC=CCN)CN
6264,6392,CC(C)C(O)(CNCCC=O)N=O
6265,6393,COC(=O)NC=NC=C1C=C(Br)N1
6266,6394,CCN(C)CC(C)(C)C=O
6267,6395,COC(=O)C1=CC=CC=C1
6268,6396,CC(COC1)=CC=CC=C1C=O
6269,6397,CC(=O)OC(=O)OCCCCO
6270,6398,NC=CC(O)C1=C2NCC=C1C2
6271,6399,N(=O)C1OC=CC12NCCNC=C2
6272,6400,CC(C)CCC=CC=CC=CC=C(S)Cl
6273,6401,O=C(C)NCC=1CCCCC=1
6274,6402,COCP(C)=NCCCC
6275,6403,NCNC1CCC2P(O)CCC1C=CC(O)=C2
6276,6404,CSC(=O)CC1=CC=C2[NH1]COC=C2C1
6277,6405,COC1=CCCNC(=O)OC1C(=O)N=S
6278,6406,CNCCN1C(=O)OC=C1
6279,6407,O=C(F)CCOC=CCN=C
6280,6408,CCNC(=O)OC(O)C(C)O
6281,6409,CC=NC1=C(CCCCC)C1
6282,6410,CC=CC1=C(O)[NH1]C=CC=C1O
6283,6411,SC(=O)CSC1(C)CCCC1
6284,6412,C(C#CC=CC=CC=CC)=C(CC1(O)C=C)C=C1
6285,6413,FC1=CC(=O)NCC(=O)NCCCC1C
6286,6414,C(C)CCC=CC=CC#N
6287,6415,CSC=CC1N(N)C=CC=C1
6288,6416,CC=C(O)CCOCF
6289,6417,CC=CC=CC=CC(C)=CC(=O)OC
6290,6418,CNCNC(=NNC)C
6291,6419,O=C(C)C=CC=C(O)C=C(C1=CC=CC=C1)C=O
6292,6420,CC(=O)NCSC=NCCl
6293,6421,N=NN=C(C)OC=C
6294,6422,CSC=C(N)C(Cl)(C1)CC=CC(C=C1)N=O
6295,6423,CC(C)OC(C1=CC=C2C)=C1NCC2
6296,6424,O=CC=CC1=CC=CN=C1
6297,6425,CC(CC=CCC)C1=CC=CC=C1
6298,6426,C1OC(Cl)=CCC2=C(Br)CC=C21
6299,6427,NC=CC=C(C)C=O
6300,6428,CC=C(N)CCCCCOC=C
6301,6429,COC(=O)CSCOCCCCC
6302,6430,C1OC=COC(=O)N1CC
6303,6431,NC(CCC1)CC(O)C1CC
6304,6432,CCCCC1CC=CC=C1O
6305,6433,CC=C(C1)C2CCOC(=O)NCCOCN1C2
6306,6434,C=CNC(C)(O)C#C[NH1]CC1=CC=CC=C1OC=O
6307,6435,C1=NC(=NCC=CN)CC2=CSC1C(=O)C[NH1]2
6308,6436,CC=CN=C(Br)CCCC=C
6309,6437,CC=C1C(N)C(=O)C=C1
6310,6438,O=C(C)C1=CC=C(Cl)C=CC(=O)NO1
6311,6439,CC=CCC=CNN1C=CC=N1
6312,6440,ClC(O)CCC=CCC
6313,6441,COC=CC1=C2C=CN=C1C=CC=CC2
6314,6442,O=C(O)CN1CCCCP1C
6315,6443,CCCCCC1C2=CC=CC1(CC=C)C2N=C
6316,6444,C=CC(C)CC=CC(N)C(N)=NCF
6317,6445,SCC(O)C(C)C1CNC=NCOC=CC=CC=C1
6318,6446,OC(S1)CC(=O)OCCCC1
6319,6447,CNS1N=CC=NC=C1C=C
6320,6448,C1CONCCCCCCSS1
6321,6449,C1=CC=C1N2CC=CN=C2S
6322,6450,CCNCCC(C)C1(C)CCC1
6323,6451,CCCC1=CC=C(Cl)C=CC=CS1
6324,6452,CCCNC=SCC(O)CO
6325,6453,N1(O)C(=O)OSCC(C)=NC(C)=C1C=O
6326,6454,CC(C=C(N)CCC1=N)CC(C)=NN(Br)NC=N1
6327,6455,CCC(N)C(C)(C)CCO
6328,6456,CCNC
6329,6457,O1C(O)CC=CC=C(O)SC=C1N
6330,6458,O=C(NC)COC(N)CCOC
6331,6459,C(=O)NCOC(=O)N=NC=O
6332,6460,NS(=O)=O
6333,6461,CCSC(O)O
6334,6462,C=SC=CC=C1C=CC[NH1]1
6335,6463,NCCCCCC1C=CC(=O)CC(CO)CO1
6336,6464,CN=CC=C=CN1C=CC=CC=C1
6337,6465,CCC=CC1C=CC(C)=CC1COC=O
6338,6466,CCC(Cl)=CC=C(C=C)C(=O)O
6339,6467,NCNC1(C)C=CC=CC(C)OC1SO
6340,6468,C12CC3OC1C2CC3
6341,6469,COCC(F)=CC=CC=CC1=NC=CC=C1CF
6342,6470,NCC=CC(O)C(=O)NOC[NH1]
6343,6471,C1=CC=CC(O)C=CS=C1N
6344,6472,CCCNCC(C)=CC(=S)O
6345,6473,C1C=CC=C(N)C=NCCC=CN=C1
6346,6474,O=CC=COCNN=C(Br)F
6347,6475,NC1C2(C)N(CC1)C2CO
6348,6476,CC=NC=CC=CN=C(F)ON
6349,6477,CC=NCC(C)CCCCS
6350,6478,O=C(O)C(O1)COC=CN=C1
6351,6479,NCN1CCNC=CC=C(Cl)C[NH1]1
6352,6480,CCCC(C)=CCCCC=CCCCC(C)(Cl)Cl
6353,6481,CCC(N)(O1)C(O)C=CC=C1C=C
6354,6482,OCC=CC=C1C2=CC=CC=C2C=CC=N1
6355,6483,O=CS=C(O)C(C)N=CC=CC=C
6356,6484,CC=CC(=O)C=CC=CCC(O)=NN
6357,6486,CNC=C1C(N)C2C1C3=CC=C2C3
6358,6487,C[NH1]COC(=O)CC(C(=O)O)C1N2CCCC2CCC1
6359,6488,N1COC(C=C1)C=O
6360,6489,COC(C1OCCNC1C)CCO
6361,6490,O=CN(N)CCCC1=CC(C)C=C1C=C
6362,6491,CC(C)CCCCC(=O)O
6363,6492,CC=CC(C)C(F)=CCC
6364,6493,C=NC1=CC=CC=CC1
6365,6494,OC(NCCC1=CC=CC=C1)N
6366,6495,NC=CC(=O)NC=CC1=CC=C(C=CC=C1O)N=C
6367,6496,CC=CC(O)N=C=[PH1](C)NNCC(=O)OC=C
6368,6497,OCCCC12CC=CC=C1OC=C2CCCCC3CCCC3
6369,6498,O(C)OC=C(N=CC=CC1=CC=C)C=C1CO
6370,6499,C1CCC=CC(=O)C2=C(O)CCC2S1
6371,6500,C=CC1=CC=CC=C1CC=CC=C
6372,6501,O=NC=CC=C[NH1]
6373,6502,OC(C)(O)CC=NC1=C(C)CCC1
6374,6503,C1ON=C(NC=C)C#CNS1
6375,6504,CCOC=C=NC1[SH1](Br)S1
6376,6505,O(C(O)C=CC=O)ON1C(N)=CC=C1Br
6377,6506,C=CC1=CN=CCCC1
6378,6507,C(C)SC=CC(C1)=C2C=CC=C1[NH1]2
6379,6508,CCCCC1C2CCCCC23C=CN=C31
6380,6509,N1NCC(=O)NCCC1
6381,6510,CCCC(CO)CCCCNC1CC([NH1]2)C12
6382,6511,CCC1(C)CCC(=O)C=CN(F)NCS1=O
6383,6512,C=C
6384,6513,C1C=CC=C[NH1]1
6385,6514,C(C1CNCCC1C2=CC)=CC=N2
6386,6515,OC(=O)CC(C)COC(C)(O)C=N
6387,6516,C=C1C2=CC=CC=C2SC1CO
6388,6517,C1C(=O)C(=O)N(O)OSNC1N
6389,6518,O=C(CCCC1CN)NNC1
6390,6519,CN(NC(N)NC=C1C=CC=C=C1)O
6391,6520,CCCC1C=CCOC(=O)O1
6392,6521,OSN=CC(=O)O
6393,6522,CCOC(=O)OC=NN=CC(F)C=C
6394,6523,C=CC=C(C1)OCCO1
6395,6524,C1C=CC(=O)CC2=CC=CC=C2C1=O
6396,6525,N=C(C)C=C([NH1]1)COC=C1CCC
6397,6526,CC=CC(N)=CC=CPP=C(C)N1C[NH1]1
6398,6527,NC=CC=C(O)C1=CC=C=C1
6399,6528,C1COC=C=C(O)C=CC=C1
6400,6529,CC=CN=C(NCCN=S)COC
6401,6530,C1CC(C(N)=CCN)[NH1]C=NC=C1C
6402,6531,NC=CC=CC=CCBr
6403,6532,CCCC(C)C1CC=CCC(Br)C1(C)O
6404,6533,CC(N=NCC=CCCC=CC)=NC
6405,6534,CC=CC1=CC(C2CC1C=N)OC=C2
6406,6535,C(=O)NC=CC1=C(C)CC=N1
6407,6536,C1CCC=CC=C(C)O1
6408,6537,NC=C(C1)NCCC2N1CNCCC=NN2
6409,6538,NC=CC=CC1=C(O)C=C(O)C2=CC=C1C=C2
6410,6539,NCCCCCC(Cl)C=O
6411,6540,NCN1CC=CCC1
6412,6541,CC=C1C=CN=CC=CC=CCO1
6413,6542,C1OCCC1COC2(CBr)CN=C2N
6414,6543,CNCOC=NC(C=O)=O
6415,6544,CSC(=O)C1(S)CCC1CCC=CC
6416,6545,NC1CCCC1SCC#CO
6417,6546,NCOC=CC=CCC=CC=C1CSC=CN=C1Cl
6418,6547,BrC=NCC=CC=C(Cl)C
6419,6548,CCCOC(O)OC=C1C=CC=C1N=N
6420,6549,CNC=CN=C(N1NC=C)C=C1
6421,6550,CC=C(C)C=NC1=CC2=CC=C1C=C2C
6422,6552,CNCCCCCCCN=C(N)CSC1=NC=NC=C1
6423,6553,OCC=CC=CC=C(N1)OC=CS1
6424,6554,ClCCCC(C)=NCC(CN)C(=O)OCCOC
6425,6555,C1(C)C=CC(C(C)CNC)C1
6426,6556,NCCOC=CC=C=C(S)C=C
6427,6557,OCN=CC1=C(C)CCC1
6428,6558,CCC(=C)CCC1CC(=O)OC1=O
6429,6559,OC=C1C2=CC=CS1=C2
6430,6561,CC(N)C=NC(Br)=CC=C
6431,6562,CC=CC=C1C(=O)C(Cl)N=C=C1
6432,6563,CCNOC=CC=CC=C(F)S(=O)O
6433,6564,NOCC1=CC=CC=CC1Cl
6434,6565,CCC(=O)C=CC1SC(=O)OC1
6435,6566,CC(CCCN1C2C)CN1CN2
6436,6567,NCCSCC=C1C=CC=C=C1C=CC=N
6437,6568,CC=C(C)OC(=O)N=CC=CC=C
6438,6569,C=C1C2=C3C(N)CCC3C1CC2
6439,6570,CC=C(C)OC=S(=O)N=C
6440,6571,O1C=CSN=C1C=CC=CC(Cl)C
6441,6572,C1CCC2CC=C1C=C2C=CC=C
6442,6573,O=CC=NC=SC=CC=N
6443,6574,CC(=O)CCCCCC1CCC=CC1
6444,6575,CC1C(CC2CNNCC2[NH1]C3)=C3C1
6445,6576,N1CCC1C=O
6446,6577,C1C=CC=CC=C1CNCNO
6447,6578,COCSCCCC1C23CC4CC1C2=C3CNC=NC4CO
6448,6579,CSC(O)N(N)CCCCCCC(O)OO
6449,6580,N1NCCCCCNCOO1
6450,6581,CCCC=C1C=CC=C=S1
6451,6582,OCCCC1=CC(C=CC)=CN(Cl)C1
6452,6583,CCCC=C1C=2C(C)CC1=2
6453,6584,C1OC(=O)CN1C=O
6454,6585,O1C(O)C#CCOCCCCCO1
6455,6586,C(=O)CC(C)CC(=O)N=C
6456,6587,SC(C)C=C1C=CC=C[NH1]1
6457,6588,S1NCOC=C1CCNC2CNC=N2
6458,6589,CC=C[NH1]C(C(N)NCCOC)=N
6459,6590,CCCNCCCN(C)CC=N
6460,6591,CC(=O)NNC(=O)C=O
6461,6592,N(C)=CC(=O)NC=CC(C)C(=O)S
6462,6593,O=CN=CC(C)CNCCCCC
6463,6594,COC=CN=CCl
6464,6595,CC=C(N)CNC
6465,6596,C(C)NC1=CC(C)CC12C=CCCC2
6466,6597,CSCC(=O)C=C(CC(S)CN)C(C)=O
6467,6598,O=NC(O)C1=C(N)CC=C(O)C1=C
6468,6600,O=CC=C(C)N(O)C=C1C=CC=C(Cl)C1
6469,6602,CC=NC=CC(O)=S(CCl)NC
6470,6603,OOCC=C(P)CCC(N1)(C)C1
6471,6604,CCC1CNC[NH1]C2=CC(Cl)=C(C)N2S1
6472,6605,CCC1=CCC=CC=C1N
6473,6606,CC=NC(P)(C)C=NCCCN(C)C=O
6474,6607,NCCC(CCC)C1CCC1
6475,6608,OC(=O)OC(=O)CCC=CC=CC1=CN=CC=C1
6476,6609,C1CC=CSC(=O)N=CC1N=CNO
6477,6610,OCC[NH1]CC=CSC=S
6478,6611,CCC(=O)CC(N)(C)CP[NH1]
6479,6612,CCCC=O
6480,6613,NC=CC1SCC2P3C1C=CC=C3C2
6481,6614,CCCCCCCCN(O)C=O
6482,6615,OC=CC=CC(C)P1CCCS1
6483,6616,CCC=CON(OC)CC(C)P(=O)N
6484,6617,NCCCCOCC
6485,6618,CC1C(O)CC(=O)C=CCN=CCC1
6486,6619,CCCC=C(O)CC=CC
6487,6620,CCC1=CC=CCS1CC(O)C=O
6488,6621,CC1CC2(C)CCC2C3C1C=CC=C3C
6489,6622,COC=CC1=CC=C=N1
6490,6623,COC=C1C=CC=C1NC2=CC=CC=C2N
6491,6624,CC(=O)CC=CC1=C(S)C=CN1
6492,6625,O=CC=CC=C1NC=CC=C1CN
6493,6626,CC1=NC=CC=C2N(O)COC2=C1
6494,6627,COC(=O)CC=C(Br)C1=CC=CC=C1OC=CS
6495,6628,C1CC=NC=C1NCCC=O
6496,6629,CSN=C(C)C(C)CC1CC=CC=C1C=NN(S)O
6497,6630,CC(=O)NC1=CC=C2N(C)C#CC2=CC=C1
6498,6631,CC[SH1]C=CCC=CC=C1C(N)CC1
6499,6632,C1C=CN=C1NC(C=CC)C[NH1]C(O)C[NH1]
6500,6633,SC(=C)C1=C2C=CCC1C2
6501,6634,CCOC(O)C(CCNCCC)C1CCCCC1
6502,6635,O=CN=CC(O)C(CC=C1SCC)(C1)N
6503,6636,C12CCC1(C=CC=C(O)C)C=C2N
6504,6637,CN=CN=C=CC=CC(C)=C
6505,6638,O(C)CC=CC=CN=C(C(=O)CC)NC
6506,6639,CC=CC=CC=CC=C[NH1]CNC1=CC=CC1
6507,6640,O=C=CC1=CN=C(S2C=CC)CC=C2C1O
6508,6641,CC=NC=C1CC2=CC=C1CC2
6509,6642,CC=CC1=NC2(CN)C1=CC=CC=CN2ON
6510,6643,C[SH1]C(CO)C[NH1]C=CC1=CC=CC=C1
6511,6644,COC(=O)C=CC=C[NH1]
6512,6645,N(O)CC1CCCC1=NC
6513,6646,C1C=CC=C1C
6514,6647,CC(=O)C(C)=CSCCCC
6515,6648,COCCC1C(N)=S2OCCN2C1
6516,6649,C=CC=CSN=CC1=CS2C=CS1C=C2C=N
6517,6650,CCCC(=O)CN1C(N)(O)C=CC=C1Br
6518,6651,CCC(O)CC(NCCCl)O
6519,6652,CC(S)CC[NH1]CCCNC1=CC=CC=N1
6520,6653,C=CC=C(NN=C=NC=C)CF
6521,6654,N=NOC(C1)=C2C=CC=C2C=C1
6522,6655,CCCC=C1C=C(CCC2CC1=C3N2)C3
6523,6656,O(Cl)CPCCCC(C)=CC#CC
6524,6657,ONC=C=CC1=NC=CC=C1C=CC=C=N[NH1]C=CBr
6525,6658,NCCCC1CC=C(C)C=C1O
6526,6659,OOC=CC=C1S2C=C(N3CC=CC)C3=C21
6527,6660,COC(=O)CCCCCCNC=CC#C
6528,6661,SC=CC=CC=CC=C(Br)C(C)N1CC=CC=C1N
6529,6662,C=SCNC=NNC1=C(C)NNC1(O)O
6530,6663,COC=CCC1CN(C)CC1
6531,6664,C=1CCCCC(C)(Cl)C=1C
6532,6665,CNCCCCC=CC=C(NC)C=O
6533,6666,C#CC=C[NH1]C#CC=C(C)C1=CC=CC=C1
6534,6667,O=C(O)C=CC(C)C(O)C=CC=CC=O
6535,6668,CC#CCCCCCNC
6536,6669,CC=NC=NN=CC=C(N)C=CN1CN1
6537,6670,CCC(O)NC1=CC=CC=C1
6538,6671,CCC1=NC=C2C=C(Cl)C3N2NCN3C1C
6539,6672,CCC(=O)OCC(=O)NOC(=O)N
6540,6673,CCOC=CC=C(NC(CC1Cl)=CC)CS1=O
6541,6674,CC=CC=COC=C1SCOC=C1
6542,6675,O=C(N)C(=O)C=CNI
6543,6676,NCC(C)NC=NCOC
6544,6677,CNCC1C=CC(=O)CC#CC=CC=CS1
6545,6678,CN(C)C=C(C[NH1]C=NC=CN)C=CC#CC
6546,6679,N1CC=CC=C1C=CN
6547,6680,NCCCCCCC1N=CCS1S
6548,6681,CCC=NC=C=CNC=NCOC=O
6549,6682,O=CC(S=CC)=CC(Br)=CP
6550,6683,CC1=CN(N)C=CC=C(OCC=C1)N=CC=CC=C
6551,6684,O=CC=C1C=C(O)C=C1COC(C)NCC=CN=C
6552,6685,CC=CCC=CC=CC#COO
6553,6686,OC=C(C)CCC1=CC=CC#C1
6554,6687,CSCCC1CCC(N)=C1COC=CC=C
6555,6688,CNC(C)C=1CCCNC=CC=1Br
6556,6689,CCCNCC=CC=C(Br)CC=CC=CCS
6557,6690,CCCCC=CC=CC=CC(C=C(Br)C)F
6558,6691,CC=CC=CNCC=O
6559,6692,CCOCCO
6560,6693,CCCN(N)C=CC=CC=C(O)C=C
6561,6694,C1CCC(=O)NCCNNC=C1
6562,6695,C=NN(N)C1CCCCC=NC(O)C(O)C1=O
6563,6696,CC(C)(C=CCOC=O)COC=CC#CN
6564,6697,BrNC(C)CCCCC
6565,6698,N1S(=O)N(C)CCC1
6566,6699,CON=CC1=CC=CCC1NO
6567,6700,O1C=C2C3=C1C=CC=C3CC2C
6568,6701,CC(=O)C=C1C=CC=C(N)CC1=O
6569,6702,SC(=O)C=NCNCN=CNC=CCl
6570,6703,C1CCCC1CC=O
6571,6704,CNC(=O)OC(=O)C1C(F)OC=NC1
6572,6705,COC(C)CCC=O
6573,6706,CCCNCCCCC(=O)SC=O
6574,6707,NC=CC=C1C=C(O2)C(C)=CC=C12
6575,6708,COF
6576,6709,O=C1C=C(C)N=C(Cl)NC=C1
6577,6710,CNCCC1=CC=CC=C1CN(Cl)C
6578,6711,CCCS(C)=CF
6579,6712,NCC1C=C(N)C=C=N1
6580,6713,C=CC(C(C)=C)CC(=O)CNC1=C2C=CC=C1S2
6581,6714,C#CC=C(O)C1=CC=CC2=C1CCC=CC(O)=C2
6582,6715,C(CCC)C(C)=CN
6583,6716,C#CCCC=CC=C(S1C)CNCCCCCCC=C1
6584,6717,O(CCN(C)C=CC=CC1)CCCCC1
6585,6718,SC=CC=C(C1=CC=NC=C1)O
6586,6719,CC1=CC(N)C=NC=CC=CC(Cl)=C1
6587,6720,CCC=C(CCC)C=O
6588,6721,C1C=CC(O)=C(COC(C)O)CC1
6589,6722,C(C)CC=CC=C(C)COC(C)(O)OO
6590,6723,CC=CC=CC=C(Cl)C=[NH1]
6591,6724,C1C=NC=C(CCNC1)CC(C)C
6592,6725,CCNC(C)(O)CC(C)Cl
6593,6726,CC1(C)CCCC1CC2OCC(=O)CCCC2N
6594,6727,C=1CC2CC=1C(C=C2C=3)=CC=CC=C=3
6595,6728,N=CC1=CS=C(C)C[NH1]C=CSC=N1
6596,6729,C1CCCC=C2C=C1[NH1]C(=O)OC2CC
6597,6730,COC=CCO
6598,6731,CC(CCCC(C)=C=NC=C)C=C
6599,6732,CCCCCC(C1)C=CCCC1C
6600,6733,CC=CNC(C=S)N=C1C=CC=C(O)C1
6601,6734,C1C(C)CC(=O)C1CS(=O)N=N
6602,6735,CCCCCC=CC=C(N)CCl
6603,6736,CCCN=C(C(NC(=O)C1O)CF)CC=C1Cl
6604,6737,NC1=C(O2)N=CC=C(Cl)C2NNC1
6605,6738,NC=C1CC(O)(CO)OC1F
6606,6739,C12C=CC(C1C)=C[NH1]C3=NC=CC=C3N2
6607,6740,CCCCCSC(=O)NC=O
6608,6741,SCNCC(N)C(=O)C=CC=CC=NO
6609,6742,C1OC=CC=CC2=CC(=O)N1CC2
6610,6743,CCCC(C)(N)CC=CN=C
6611,6744,N[NH1]C=CC=CC=C1C=CN=C1OSNC
6612,6745,C12C(C)C(Cl)=C2C1CBr
6613,6746,C1C(C)N1CC=CN(S)C
6614,6747,C(=O)OCCC(O)C(C)CNC=C
6615,6748,O1N2C(=O)NCCN(C)C3C21CC(C)=CC=C3C
6616,6749,C1=CC2=CC=CC=C2C1
6617,6750,C1OC=C1C(=O)N=CC=CN
6618,6751,CON=CC(=O)NC(=O)ON
6619,6752,C1C(C)C=CC=CNC1CO
6620,6753,NCPC=CC(O)O
6621,6754,CCCCCC(Cl)=CC=CC=C
6622,6755,O=C(COCC=C(Cl)C)C
6623,6756,CC(C)CC1NCC[NH1]CCC=C1
6624,6758,NC(CCN)CCCCC[NH1]CO
6625,6759,C=NCC(N)=CC#CCC
6626,6760,CNCC=CC(O)OO
6627,6761,N#CC(=O)OC=CC=NC=CC=C
6628,6762,NCC(=O)C
6629,6763,SC=CC=CC1=CC=CC=C1
6630,6764,NC1=CC=C2N=C1C(=O)NCCOCCC2
6631,6765,C1=C=CCCCC=CC=C1O
6632,6766,O1CNCCN=C1CCOCC
6633,6767,O=NCOCCC(OCOC(O)C=O)C
6634,6768,ON=C(C)CCCOC=NCCCC=O
6635,6769,C1CCCCCCCC(C)C1
6636,6770,CCCCC=C1C2CCC1CC2
6637,6771,COC(O)CCC(=O)O
6638,6772,O=CCC=NN(N)C1CC2CC1CC2
6639,6773,CCCCCCCN=C(Cl)CCCC
6640,6774,C1CCNC=C(O)C1C#N
6641,6775,CC[NH1]C
6642,6776,CCC=CC1=C2C=CCS1N2
6643,6777,C=C1C=NC=CC(C=C(NC=CC)C1)Cl
6644,6778,OC=CC=CC=C(Cl)C=CC=CS
6645,6779,CC=CC=C1C=C(C=NCC)C=C1
6646,6780,CCCCC=CC=C1C(C)=CC=C1
6647,6781,CC1=CC=CC=C1O
6648,6782,C(C)=CCSC=C(C)CC=CC=O
6649,6783,N1(C)NNC1(CNCCCC2CCCC)C2=S
6650,6786,N=NCCCC(=O)OC
6651,6788,OCCCC1CC=CCC=C1O
6652,6789,CNOC=CC1=CC=CC2=C1C=CC=C2C=C
6653,6790,CC=CC=C[NH1]C=CC=C(C)C(=O)O
6654,6791,CCC=CC=CS(CO)C([SH1])OCBr
6655,6792,C1CC=CC=C1C(COCCCCC=2C)=C=2
6656,6793,NC=CN=CC=C(C)C=CC=C
6657,6794,NCCCC=CC1NCC[NH1]1
6658,6795,CC(CCOC=NNC1O)CCCC=CC=C1N
6659,6796,C1NOC=NC1CCC[NH1]C=CC2=CC=CC=C2
6660,6797,FC=CC1=C(N)C=CC1C
6661,6798,OC=CC(C)(O)C(=O)CC
6662,6799,CC=C(N)CC=CC1=C(C)N=C[SH1]1
6663,6800,C=1C(C)CCC=1O
6664,6801,CCCC(C=CC1=CC=CN=C1)NC
6665,6802,O=CC=CC=C(Br)C=CC=CN=CCl
6666,6803,NCON(O)CN1CCCO1
6667,6804,NC=C(CNC1CC=CC=C1C)C=2CC=2O
6668,6806,C=C(CC1)CCN2C=C1CC3OCC=NC3N2
6669,6807,C1CC2=CC=CCCCCC2=C1
6670,6808,CC1NCC2CCCCC2C1
6671,6809,CCN=CC(NC=O)(O)O
6672,6810,CCC(CCOCC)OC(C)=N
6673,6811,C1C(N)NCC1C=NCCC2C=CC=C2N
6674,6812,C=CC[NH1]C=C1CCCC=C1C2CCNCC2
6675,6813,CC=CC=CC=C(Cl)C(Cl)OC(=O)S#N
6676,6814,CCC1(N)C2OCC1C2CCCC
6677,6815,C=CN(S1)C(C)CCCCCC=N1
6678,6816,O=C(C(N)N)C(CNC1C)CCCC1CCC
6679,6817,CC=CC(C(=O)NCS(=O)=C)CC(Cl)=C
6680,6818,O=CC=CC(Cl)=CCl
6681,6819,CC=CC1OC=C=CC=CC=C1
6682,6820,NCC(C)CCNC1C(N)CCC1
6683,6821,OCBr
6684,6822,C1C=CC(Cl)=CCNCCCC1Cl
6685,6823,CCCCC1NCCCC1NCCCCC2=CC=CC=C2
6686,6824,OS(=O)C=NCC=NC(C)CCC[NH1]
6687,6825,CC=C(CCC=O)OC=C1[NH1]C=CC(C)=C1
6688,6826,COC(N)C(=O)OCNCCCN
6689,6827,COC=C(N)N(O)C(=O)C1C=C2SCC1C2=O
6690,6828,OC=CC=C(C=CC1=CC=C2C=C1)CCC2
6691,6829,NCOC=CC(=N1)C=CC2C=NN21
6692,6830,OC=CC=CC(=O)CC1=CCCCC=C1
6693,6831,CCCC(=O)C(C1)CO[NH1]CNCN1C
6694,6832,CCCCSC1C(C)=NN=C1
6695,6833,C(C)C=CC=C1C=CC=CSC(=S)N1
6696,6834,CCC(=O)NNCNCCC(C)CCNC=O
6697,6835,C=CN=CN=NCSC=CC(CCC)C=CC=N
6698,6836,CCC(C1)=NC=CN=CC=CC=CC1
6699,6837,CCCC=CC(C)SC=CC=C1C=C(C)C1
6700,6838,CCCN1C=CC=C(N)C=CC[NH1]C=N1
6701,6839,C=N
6702,6840,CCCCCCCCC1=CC=CC=C1O
6703,6841,C1=CCC(F)(C)CC(CC1C)O
6704,6842,COC=CC=CC=C(C(=O)OCC=C)CCC
6705,6843,CC=CCC1=NN(C)ON(C)CN1
6706,6844,OC(=O)C=C(C)CNCC1CC1
6707,6845,C1CC=CC=C1
6708,6846,ONCC1=CN=NN=C1CCCCC(=O)C=CCCC
6709,6847,CCP
6710,6848,O=CC=C(O)C1=CC=CC=C1C=N
6711,6849,N=CC#CCCCCC=O
6712,6850,CC=C(F)CC=CC(F)C#C
6713,6852,CNC=CC1=CC=C(C2C=NC(Cl)N)C21O
6714,6853,CCCCC1=CCCNC(C)(O)O1
6715,6854,N=CC=C(O)CC(=O)C=O
6716,6856,CCC(CC(=O)C1=CC)CC2=CC=C=C21
6717,6857,C=SCCNC(O)C1C(O)CCC1
6718,6858,C1CCCS1
6719,6859,CCN=CC=CC=CC1=C2C3=C=C1CC2C3
6720,6860,OC=CC=CC=C(C)CF
6721,6861,COCC#CC=CC=C(O)NCCC
6722,6862,ClC1SC=CC=C1N(C)C=CC(=O)O
6723,6863,O=C(C)N=C(O)C=C
6724,6864,NCNC(=O)C=CC=CO
6725,6865,CCN(O)C(=O)OC(C)C
6726,6866,CC(C)C(=O)NCCNC=C1C=CC=C1
6727,6867,FC(N)CCCCCCCCCO
6728,6868,C=C(N)CCCCC=C1C=CC=C[NH1]1
6729,6869,CCC1C2CCCNC2CC1CN
6730,6870,CCCCCC=CNC1(O)CCC1N=C
6731,6872,COCC(=O)C([PH1])C1=CC=CC=C1C
6732,6873,C1C=CC(C)C1=CNC=CC2=CS(=C)C=C2
6733,6874,CCOC(=O)NC=CC=CC=CN(CF)SC
6734,6875,N#CN
6735,6876,CC=S1CCC(=O)C=2CNCOC=21
6736,6877,CCC=CC=CC=CC=CC=CC=CCl
6737,6878,CCCCC#C[SH1]
6738,6879,CC(=O)N=CN=C(C)NC(=O)C=CC=C1C(C)=CC=C1
6739,6881,CC=CC=C1C=C2C=C(S)C2OC=CC#C1
6740,6882,CC(=O)NCC1NCCC1
6741,6883,CCC=NC=NC1NC(O)COCC(Br)C1
6742,6884,CCCCCCNC
6743,6885,NCC1CCCCCCCCC1CCC=NN
6744,6886,OC(=O)CC(CC(C)N1CC)CCC1O
6745,6887,CCC=C(C)C1NCCC(C)CC=N1
6746,6888,CC=CC=CC1=CC=C(NN)N(O)SCCCC1
6747,6889,CNCNC=CC(=O)CCOC
6748,6890,CCC(C)(C1)NCOC(=O)C=C1C
6749,6891,O1C2CC=C1SC=C2
6750,6892,CC(=O)OC(=O)OC=C
6751,6893,NC(=O)OCC=C(C)CCC
6752,6894,C=1C=CC=C(O2)C=C3C(Cl)=C2CC3=1
6753,6895,NC=CC=CC(S=CC)=C[NH1]
6754,6896,CC(O)C(C)O
6755,6897,CCC(=O)C=CC=C(N)C=NC=NC
6756,6898,CNC1(CCCC1CC2=C)C=CN=C2O
6757,6899,COC(C)=CC1CC(=O)C=C1
6758,6900,O=CC=O
6759,6901,CC1=CC=C2C=C1CCC(O)C2
6760,6902,C1CC=C2C=C(Br)CN2N=C1
6761,6903,C=SCCCOC(C1)CC=CC=C(O)C1
6762,6904,OCCCNC(C=CC=CC1)=CCCCCC=C1
6763,6905,O1CC(C)C(C2)=C1NC=C=CC=NOC2
6764,6906,O=C(Br)N(C=C1C(=O)CC)CCSCN=C1
6765,6907,O1CSC=CC(=S)C(O)C1
6766,6908,C=NC=CC=CC1=CC=C(O)C(=O)N=S1
6767,6909,CC(O)NCCCC1CC=CC=C(O)S1
6768,6910,CPC(=O)OCCC1=CC=C[NH1]C=C1
6769,6911,C1C=CC=CC=CC(O)=C1N
6770,6912,CCC(C)(O)C(C)(C)OCOC
6771,6913,CCOC(=O)C(O)C=CS12CCCC1C=C2
6772,6914,COC=CC=C=CSC=CSN=C(Br)C(N1)=C1S
6773,6915,C1C=CN(C)N=C(C)NC=C1CO
6774,6916,NC(O)C(C#CC=CCCC)=C
6775,6917,C1C=C1C2=CCOC=C2
6776,6918,O=CC(C)N(C)C(=O)O
6777,6919,CCCCC=NCCl
6778,6920,CCCN(C)CCCCCNC
6779,6921,NC=CC=C(N=C([SH1])C)C1C2=C(F)N1SC2C
6780,6922,CSC=CC=CC=C(C=O)N
6781,6923,CCCC(O)COCC1=CC=CC=C1N
6782,6924,CN(C)CCC=C
6783,6925,CC=CC=CN=C(O)OCC(=O)O
6784,6926,CC(=O)CCCC
6785,6927,CC=NC(=O)OC=CC=CC=C(CO)C=C
6786,6928,C1C2C=C1C=C(CCN=CC)C2
6787,6929,CNCOC(CC)C(C)(O)OC
6788,6930,OC(N)C(=O)NN(O)ON
6789,6931,CC=C(O)C(N)C=SC=NC1=CC=CCN1CC
6790,6932,O=C(O)N=C(C)OC(=O)OC=CCCC(C)S
6791,6933,COSC=C1C=C(C)C=C2C=NN1C=CC(=C)N=C2
6792,6934,CC=C(N)CCC1CCCCC(O)C=C1
6793,6935,O(Cl)SC=C1C=NN=C=N1
6794,6936,CCCCC=CC1=CC=CC=C1
6795,6937,CC(=O)CNCC#CCC=CC(=O)O
6796,6939,CCCCCNC1C=CC2=C1CNC2
6797,6940,NC=NC=CC(=O)O
6798,6941,C=C(CC=CC=CC=CC=CF)Cl
6799,6942,C12C(OC=CC=C1C)(O)N2
6800,6943,OC(=O)C=O
6801,6944,OCC(C)N=CN=C(N)CC(=O)O
6802,6946,NC=NC=CC(O)=C1CCNC1O
6803,6947,CC(I)CNC=SCCCC1CCCC1
6804,6948,N=C1C=CCC=C1[NH1]CCSC=C
6805,6949,COCNC(=O)CCCCCC
6806,6950,NCCNCCC1C=C[NH1]C=C1F
6807,6951,NC=CC=C=CC=O
6808,6952,CC=CC=C1N=CC=CC1CS=N
6809,6953,CNN(O)SOC(=O)OCNCCCCCCCC
6810,6954,NC(N)CNCCCCC
6811,6955,O=C[NH1]C=S(O)=C(C)OCC
6812,6956,CC=NCC(C1N)SCCCNC1
6813,6957,CNC=CC=C(N1)C2=C3C=CC=C2S=C1C3
6814,6958,O=C(O1)C=CC=CC=C1OC
6815,6959,O=CN(C)OCCOC=NCC=C
6816,6960,C12NCCCCC1(OC)C2=O
6817,6961,CC(C)NC=C
6818,6962,OCC=NC=CC#CC1=CC=CC=C1N=C
6819,6963,CC=CC=C(CN)C1C=CC=C(Cl)C1N=N
6820,6964,CC[NH1]C(N1)C(CC)PC(C)CCS#C1
6821,6965,CN(N)CCI
6822,6966,O1C(=O)C(C2)C(=O)CNC2=C1
6823,6967,C1OCC=C1N
6824,6968,C=C(C1CCCC2=CC=CC)N21
6825,6969,NCN1CC(C)SC(N)COC=N1
6826,6970,N1C=CC=C1NCNCCO
6827,6971,O(N)C1CCCCC1=P(F)OC
6828,6972,OC=CC=C(S)C=C(C)C=O
6829,6973,C(N)C=NC=C1C=CNCN(C)N1
6830,6974,COC=C(O)COCCCCC1C=N1
6831,6975,COC(=O)OC(=O)NN(C)CCCOO
6832,6976,N1=COOCSC(=O)C(Cl)CO1
6833,6977,N1C(N)C(=O)CCC(N)C1(C)O
6834,6978,C=S(CC(=O)NC=C1C2C3=C)=CC=C2C3C1C
6835,6979,CCC1CCCCC1
6836,6980,OC(=O)OCC(C1)C(C)CC=CC1(C)C
6837,6981,CC(C)CCBr
6838,6982,CCOC=NCOC(=O)NC(C)OC=O
6839,6983,NCCCCC1(C)C2CC1CC(O)C2
6840,6984,C1CC1C
6841,6985,O=C(C)CC=CCC=CC1N=CSC=C1
6842,6986,C1C(O2)CCC(C=N)C(C)C1C=NC=C2
6843,6987,C=CC(C)C=CC1=CC=C(Cl)C1O
6844,6988,COC(=O)OC(=O)COOC=O
6845,6989,C(C)CC1CCCCO1
6846,6990,C12=CN=CC=C1C=N2
6847,6991,COCNCC(=O)OC=C1C=CC=CS1
6848,6992,C1C=CC(CC)OC=N1
6849,6993,N1C=CC=NC=C1NC2=C3C=COC32
6850,6994,C1NCCCCC1SCCBr
6851,6995,CC(C=CC)CCC(=O)OO
6852,6996,N1C=CC=CSC=CC=CPC=C1N
6853,6997,CC(O)OC=O
6854,6998,CC=CC(C)=CC=CN
6855,6999,CC(C)NC=NCCCCCC1[NH1]C2=CC1=CCC2
6856,7000,CCCN(N)OC=C(COCC(=O)C)O
6857,7001,N1N(C)NCCCCO1
6858,7002,O=C(CC=CC(=O)C=CC=C)CI
6859,7003,OC(CN=CSC1=CC=C)C(C)=C1
6860,7004,O=CC1=CC=CN(C)N=CN=S1
6861,7005,CCC1CCNNS1
6862,7006,NC=CC=C1C=CC=C1
6863,7007,BrCC=CC=CC=CSC
6864,7008,O=C(NC=O)N1SC(C)(O)C[NH1]C1C
6865,7009,C1C=C2C=CC(N)=C21
6866,7010,O=CC=C(CCC#CC)COCC=C
6867,7011,O=C(NCC=C1C=CCF)C1Cl
6868,7012,NC[NH1]C(O)=C1C=C=C=C=S1O
6869,7013,CCCC=CC=C(C(=O)NC#N)O
6870,7014,C#CNC(=O)CC(C=C1C2=CC=C)C=C2N1
6871,7015,CCC(=O)C1=CC=CC=C(F)C1Br
6872,7016,CCCCCCNCOCSC
6873,7017,CCC(O)C(O)CCN=NC=CC1=C(N)C=C1
6874,7018,CC(C)C(=S1C(N)=CC(=O)N)CC=C1O
6875,7019,O=CC=CC=CC=C(C=N)Br
6876,7020,C(N)CCCCOC=NC=C(C1=COCS)C=C1NCO
6877,7021,N1CCCC2C1C(=O)CC2CCCN(C)O
6878,7022,C1C=C(N)C1(CC2OC)C=CC=C2O
6879,7023,CCOCCCSC(=O)C=C1N=C1NC
6880,7024,OC=CC=C(C(=O)C=O)OCCN(Br)CO
6881,7025,C1CCCCN2C(S)CCCC1=C2
6882,7026,COC(C)CC(F)(C)CO
6883,7027,CCCCC=C=C(C1C)CCCC1[NH1]
6884,7028,C=C=CC=C(N1)CC(Br)=CNC1CN=O
6885,7029,O(C=CN=CNCOC=C1C=C)C(Cl)=C=C1N
6886,7030,CC=CC=CC(C1)=CC(Cl)=C1COS
6887,7031,N1C=CC=C2C=C1N=CC2CCCC
6888,7032,CCN=C(O1)C(C)=CC=CC(O)C1
6889,7033,NC=C1C=C(C=C(O)C=CC=O)OC1
6890,7034,CC(CCC(C)C)C12CCCC1C2C(C)C
6891,7035,CCOC(C)CC=O
6892,7036,CCC(=O)NCNN
6893,7037,N(=O)NC(=O)C
6894,7038,CCOC=CC(N)C(C)=CC(C)C1CC=CC=C1
6895,7039,CNSCCNC(O)COC(=O)O
6896,7040,NC(=O)C1OC#CC=CC=CC(O)=C1
6897,7041,CCC=CC1(C)CCCNCC=C1
6898,7042,CC(C)COC(=O)N
6899,7043,OOCC(Cl)C1=CC=C(C=CC=CC)C=N1
6900,7044,CN=CC=NC=C1C(N)CCC1
6901,7045,CNC=NC=CC1=C(Cl)NC=C1N=NC(O)C=N
6902,7046,OC=CC=CC=C(S1CCCC1CC2CC)CN=C2C=O
6903,7047,NC=1NC=CC2=CC=CC=C2N=1
6904,7048,CC#CCOC(=O)N=CC[SH1]
6905,7049,CCCCC(C)(C)NCCCCCC1CCCCC1
6906,7050,C=1CCC=1Cl
6907,7051,CC(CN=NCOCNCC=C)C
6908,7052,CCCCC1CC=CC=C1C2CCCC2
6909,7053,C1CN(C)CSCCC=CCC1=O
6910,7054,C=C[NH1]C=C(C=CNC=NC1N=C)CN=CS1
6911,7055,OCCOC(=O)CC
6912,7056,CCNC=NNC(C=CCCl)C=O
6913,7057,N1CNCCCC(N)C1
6914,7058,CC=C1C=CC=CC2=CC(CCC2)=C1
6915,7060,NCCl
6916,7061,CCC=C(C)CCC1C(C)CCN1Br
6917,7063,CC=C1C=C=CC=CCC#CS1C=N
6918,7064,CC=CC=CC(C)=SS1C=CSC=C1
6919,7065,SCCC(CNC(=O)[NH1]CN)CCCCC=C=C
6920,7066,OC(=O)OC=CCCO
6921,7067,O(S)C=C1C=C2C(=O)C=C1CPCCC[NH1]2
6922,7068,CC=CC1=C2C=C=CC=C2NC=CCC1
6923,7069,OCCN=CC=CC(C)=CN=N
6924,7070,O=CC=C(N)OC12SC3=CC=C1CC3=CC=C2[SH1]
6925,7071,CC(C(C)(O)C)=NC#N
6926,7072,CC=CS(CNO)OC(I)=CC=CC=CC
6927,7073,O=CSC=C(C)C1=CC=CCN1
6928,7075,N1=C=NC(S)CC1N=C2C=C(C)N2
6929,7076,O=C(N)C=CN(O)C1(Cl)C=CC=C1
6930,7077,CCC=CBr
6931,7078,C1(=O)OCCCCCCO1
6932,7079,C1SC=CC=NC=C1C=O
6933,7080,OC(C)NC(=O)N1CCCC1
6934,7081,Cl[NH1]C=CC=NC1=CC=CC=C1C(=O)O
6935,7082,C(CO)C1(N)C=CC(Br)=C1Cl
6936,7083,ClC=CN(F)COOC=CC(Cl)=N
6937,7084,CC=CC=C=CP(C)O
6938,7085,NCC(S)C(N1)C=NC=C1
6939,7086,CC(C)CSC(C)=CC1=CCCNC=CC=C1
6940,7087,N1C=C1CCNCO
6941,7088,COC1C=CC(C)(S)N=C1
6942,7089,NC(=O)CC1=CC=CC=C1
6943,7090,OCCC(C)CCCC1C[NH1]C=CN1C#C
6944,7091,CCN1CCSC=C1CCN
6945,7092,COC=CC=CC=C(O)CC[NH1]Cl
6946,7093,CCCCC(N)=CC1=CCC(O)C1
6947,7094,OCCCC[NH1]C(=O)NC=CC(C)C
6948,7095,COCN=CC(=O)OC=NOCS
6949,7096,CCC(=O)C=CC=CN=C(Br)COC=CNC=CC=C
6950,7097,CC=CC=CC1=CC=NN=C1
6951,7098,ClC(O)CCCC=CC(C)C
6952,7099,C=C(C)O
6953,7100,NC(=O)NC1=CC=CC=C1C(=O)O
6954,7101,C1C(C)C(C)C(O)C=CC1Cl
6955,7102,CC=CC=NC(=O)OC=CC=CCCl
6956,7103,CC(CCCC)CCF
6957,7104,CCOC=C(C)CNCCCOC=C
6958,7105,O=C(P)NC=CC=CC1S2C=CC=C1C2C
6959,7106,CCC(C)N=C1C=CC=CNS1N
6960,7107,CC(S)COCC=CC=CO
6961,7108,NC=NC(C1)(O)C=CC=C1
6962,7109,COC(O)C1=C2C=CC=C(CF)CC=C21
6963,7110,C(=O)CCCCCC(=O)OOCCC
6964,7111,C=CNOC(=O)NC(=O)C=C(O)C=NNCO
6965,7112,CC(NC=NC=NC=C)C=NCCl
6966,7113,CC=C[NH1]C(CC)NC(C)=N
6967,7114,CC=CC=C(C)CCC1=CC(Cl)N1O
6968,7115,CC1=CN[NH1]C=C1NC=CCC=CN=C
6969,7116,CCCCC1CCCCC1C(=O)CC(CC)=O
6970,7117,O(O)C(N)CCNCC1CC[NH1]C1
6971,7118,C(CCC1C)NCOC(S2)C=CC=C2C1
6972,7119,SN=CC=C1C=CNC=C1N
6973,7120,OC(C)CC1C(C)CC=CC=N1
6974,7121,OCCC1=CC(=O)C=C2C=CC=CC21C
6975,7122,CC(S)CCOC(N)CCCC
6976,7123,C(=O)=NCCCC(F)I
6977,7124,CSC1=CC=CC(C)=C1C
6978,7126,CC(C)C=C1C=C(Cl)C=CC=C1
6979,7127,C=CC=CC=C(O1)C=CC=C1
6980,7128,O=C(CCC=C(C1=CC)CC)C1CCOC
6981,7129,CCNCNCC#CNCCCC
6982,7130,CCC(N)=CCCCCC
6983,7131,CCCCNCC(CCCCC(C)=NC)=C
6984,7132,CCOC(=O)OC(=O)NC
6985,7133,C1CCC=CC=CN=C(F)C=C1Cl
6986,7134,N[NH1]C=C1CC(C)N(F)CC=C1
6987,7135,ClC(O)OC=C1C=CC=C2C=CO[SH1]21
6988,7136,OCC=CC=C1CC=NCN1
6989,7137,CCC=NC(C)OC=CCNC=CCC(C)Cl
6990,7138,CC(O)CCNCCCC=CC(=O)OCl
6991,7139,N=C1S(C)=CC=CC=CN1CCC=C
6992,7140,O=CC=C1C=CCC=C1
6993,7141,O1C2=CC(=O)C12NCOC=C
6994,7142,CC(C)NC=CC=C(CC(N1)C)CC=C1CN(O)C=C
6995,7143,CCCC(C=O)COC=CC=C(C(O)CCl)N
6996,7144,CCN=CC=O
6997,7145,CC(C)COC(CC1OC=CC)=C1
6998,7146,CC=C1C=CC=CCSC=CN=C(S)O1
6999,7147,C=NCC=C1C=C(N)OCOC1(Cl)N
7000,7148,NC=CC=C1C2=CC3=C1OCC=C3C2O
7001,7149,CCC(=O)OC(=O)C=C1C=CC=NC1N
7002,7150,CC1CC2C(S)C=C=NC=C1NS2
7003,7151,CC1OC2=CN=C1SCCCCC=C2
7004,7152,CCC(=O)C(=O)NC(=O)N=C(C)F
7005,7153,CC(N)N1CNCCC1S
7006,7154,CC(C)C(C1)=CSN2CC(O)C2C1
7007,7155,CCS1C(C2)C(O)C3=NC2(C)CCC31
7008,7156,C1CCN=C(CO)OC(C)C1N
7009,7157,C#CC
7010,7158,O=CC=CC(C=C=CCC)=C1C=C1N
7011,7159,C1C=CC=C1SC2=CCCCC2=C
7012,7160,CC=CC1(NCCCC2CC3C=C1)N23
7013,7161,NC(=O)CC=CC=CC1=CC(N)=CC1=N
7014,7162,CCC(CC)=C1C(O)=C(C)N2NNNC2O1
7015,7163,CCCC(C)(C)CCNCCC(=N)C=C[NH1]N
7016,7164,C1COCCC(O)CCCCCCCCC1=O
7017,7165,CC(C)SC(=O)C(CCC)C(=O)C=CC=C
7018,7166,OC(=O)OC(=O)C(CC)N
7019,7167,NCCC(O)OC(O1)C(C=CC)=CC=C1O
7020,7168,CNC(=O)N=CCC(N)=C=CSCC
7021,7169,OC1=C(Br)C2=CC=CCNC3=CN=C1NC3C2
7022,7170,O1C=NC=C2C=C1OC2
7023,7171,CCOCCCCCSCN(O)ON
7024,7173,C1=CSC=CC(O)C=CC=CN1
7025,7174,NCC=C1N=C(N2)CCC=C1CC2=CC=CC=C
7026,7175,N=1C=C(C)C=1C=CCCOCC
7027,7176,C#CS=CC(C=CC)=CC=CS=C
7028,7177,NCCC(N)C
7029,7178,N=C(O)C(N)N(C)O
7030,7180,CCNCCCCCCCC(C1)NC=CC=C1
7031,7181,CC(=O)CCC=CC(N)C(C)(Cl)C=C
7032,7182,CC=CC=C=CC1C(=O)OCC1
7033,7183,C1CCCCC=C1
7034,7184,CC(CNC1=CCCC2)(C)CCCC2CO1
7035,7185,O1CC=C1C(Br)NC(=O)O
7036,7187,CC=CNC1=CCNC1CC
7037,7188,C1C(O)C(C(=O)CCCCCC)COC=C1
7038,7189,CCN1C(NSCN=CC=C)OC1Br
7039,7190,NCCN1CCNC=CC=CC1Cl
7040,7191,CNC(N)=C(O)C=C(C)OC=CC=C
7041,7192,C1N=C1N=C2C=C(Cl)CC=C2
7042,7193,COC=CSCN(O)NC(=O)SCC=C1C=CC=N1
7043,7194,NC(=O)C(C)C(=O)OCCO
7044,7195,CCCCCC1CC(C)C1
7045,7196,CCCC(C)NC1NCC(C=NC=CC=CC=C)C1(F)O
7046,7197,SC(=O)NC=C
7047,7198,OC(=O)O
7048,7199,CC=NC=CC1=C(O2)CCN1C=C2
7049,7200,CC=C(O)C(=O)CCC(=O)O
7050,7201,NC(=O)NCCN=O
7051,7202,CCCCCOCN(O)F
7052,7203,COCC1=CN(N)C(Cl)=C1
7053,7204,CCOC1C=C2C=CC=NC=C2CNC1
7054,7205,O=NCCCCCCC1C2CCCC2CCS1
7055,7206,C=1C(C)OC(=O)S2=NC=CC=C2C=1CC=C
7056,7207,CC=CC=C(Cl)C1[NH1]C(C)(C)OC1
7057,7208,O1C=CC=CC12C=CC=CCC=C(Cl)C2
7058,7209,S1C=C2CC1=NC2(CCCC)NN
7059,7210,OC(COC1=CC(Cl)=C=C1)N
7060,7211,CC(C=CC)=C(C=NC)N(C)C1C=CC=CC1
7061,7212,CN(O)C=CN=CC=CC=CCC
7062,7213,N(O)C(C)CCC(C)F
7063,7215,OCC(C)OC(=O)OC
7064,7216,O=CCC=NC=CC(NC)O
7065,7217,NC(N)C(=O)CCCCCN(O)O
7066,7218,CCC=CSNN=CC1=CC=CCC1C
7067,7219,CCC1C=CC(=O)C=CC2=CC=CC=C21
7068,7220,CC(O)C=NC(=O)COC=O
7069,7221,C1C=CC=C(C=CC=C1)N=O
7070,7222,CC(C)NCCC(=O)COCCNCO
7071,7223,C=CC=C(OC)OOC
7072,7224,CC(CCCC)CCS(=O)O
7073,7225,CCN(C)SC=CC(C12)=C(Cl)C=C1CNCC2
7074,7226,ClCC=CCP=CC=CC=CC=N
7075,7227,O=CC=CC=C(N)CC=C
7076,7228,CNC=NC=CC=C1C=COC=C1S=N
7077,7229,CC1(CC=CC2=C)C=CC=C2CCNC1[NH1]
7078,7230,CCC=C[NH1]C=CC1=CC(=O)NC1
7079,7231,O1N=CNC(=O)CC(N)C(N)=C1C
7080,7232,NNC=CCC=CC=C1[NH1]C=CC=C1
7081,7233,S=1SN=1
7082,7234,CCCCCCCCCCC1CCCCC1
7083,7235,NCCCC=C(O1)S2CCCC1O2
7084,7236,CC=NC1=CC=CC=C1C=NCC(C)N
7085,7237,C(=O)CCCC=CCC1(C)C=CC=C1
7086,7238,O1C=CC=CC2=CCS1OO2
7087,7239,CCSC1NCCCC=C(N)CCS=CN1
7088,7240,CCCC#CC(O)CCC(=O)C=NC=CS
7089,7241,COC(C)=CC=CC1=CC=CC=C1S=C
7090,7242,N1CCOC=C1N=O
7091,7243,CC(=O)CCC(C=1)CCCCCCC=1
7092,7244,CPCC(O)=C(C)CN(Cl)C=C
7093,7246,CCNC=CC(N)CCC=NC=CN=C
7094,7247,C1=C(CCC=O)CCO1
7095,7248,C1C(=O)NCCCN=CC=C(N)N1C
7096,7249,OC1=CC=CN(O2)N(O)OC2C1
7097,7250,CCNCCC1=CN=CC=C1O
7098,7251,C12N=C1CCC2
7099,7252,CCOC1=NCC=CC(S)CO1
7100,7253,OC=CC=CC=C1C=CC2=C1CCCC2
7101,7255,C1C(=O)C=NC=NC=C1NNC=CCC
7102,7256,CC(NOC=CN)C(=O)N1C=CC=C1N
7103,7257,C=C(O)C=NCC1C=NC(O)=CC=C1
7104,7258,CCC=CN=CN=C=C[NH1]
7105,7259,CCCCCC=NNCCC
7106,7260,CCCCNC(=O)CSC(=O)C=O
7107,7261,C1CNC(=O)CN=C1NCN=NC2C=CCCCN2
7108,7262,C123C(=O)C=NNS1=C2C3C
7109,7263,C1CCCC(O)C(=O)OC(C)OC1
7110,7264,N1C=CC=CC=C(Cl)C=NS1
7111,7265,COC=CC(C)C=O
7112,7266,C1=CC(C)ON1C(=O)NC
7113,7267,O=CC=CC=C(CC1)CC=CN=C1Cl
7114,7268,O1C=CC=CC(C)=CC=C1C
7115,7269,CCOCC1C2C(=O)CNC=CC=CC=C1C2
7116,7270,COCNCCCSC(C)=CCSC(C)PO
7117,7271,NCCCCC1OC=CC=C(Cl)C1
7118,7273,C=CN=CN=CC=CC=CC1=CC=CC=C1
7119,7274,CONC(O)CNC(=N)C=O
7120,7275,CC=CC=CS1(=N)C=CC=C1O
7121,7276,CCCNC(=O)CCC
7122,7277,C1CC[NH1]C(=O)CCCCCC1N
7123,7278,CNCCN=CC1=C(Cl)NC1C
7124,7279,NCSC=CC=CC1CC=CN=C1C(C2)CC2
7125,7280,O1CCC=N1
7126,7281,CC=CC=C(NC1=C2C=C=CC=C)C=C1CC2
7127,7282,CCC=CC=C(O)CC1=CC=CC=C1
7128,7283,COC(=O)C=C[NH1]C1=CC=CC#C1
7129,7284,CCN=CC1=CC=CC=C1N=CC(N)=C
7130,7285,CCC(C)CCOC(=O)CC=CC(O)=COC
7131,7286,OC=C(CCOC=CC(C)=C)C(N)CCC
7132,7287,OC#C[NH1]C(=O)COC
7133,7288,O=CC=CC=CC(=O)C=CC=CO
7134,7289,CC1(N)C2=CC=CC=C2N1C(Cl)=N
7135,7290,CC=CCC(=O)OC=NS
7136,7291,NCC1=CC=C2C(=O)CCNC=C12
7137,7292,NC(=O)SC=NCCCCC(N)=O
7138,7293,CC1C(C)C=CC=C2CC=CC=C21
7139,7294,OC(C=NNCN)C(O)C=O
7140,7295,OC=NCC=O
7141,7296,C1C=C1CC2CC=CC=CCCCCC2
7142,7297,C=CC(C(=O)C)=CN=CC=CC=C
7143,7298,CCC=C(Cl)CC(=O)CCCC=C
7144,7299,C12C=CC1C(O)C=C2CCCl
7145,7300,CCCCC(O)N(CCC1NCC=C1)C
7146,7301,C1CNC2CCCCC1CSC(O)C2CN
7147,7303,OC(=O)C(Cl)CC=NC1(CC(=O)C1C)O
7148,7304,COC(=O)C1OCCCC1C=O
7149,7305,CCCC=CC=CC(F)=CC=CC=N
7150,7306,CNC(C)C=CC=CN=C1C=NC(=O)C1C
7151,7307,CC=CSC(C(C)=C)C=C(O1)[NH1]1
7152,7308,OC(=O)C=C(F)C=CC=C(F)CCl
7153,7309,NC=C(CC=CC1OCBr)C=N1
7154,7310,N(O)NCNCC(C)(N)C=C=N
7155,7311,CCCCCCOCCCCC(N1)CC=NC1
7156,7312,O=C(N)NCCl
7157,7313,N1CCSC=C2C=C1CNC2
7158,7314,CC(C)CN1C=CC=COC1
7159,7315,N1C(=O)C(N)C1CCC
7160,7316,C=CC1=C(C)CN=C1OCCl
7161,7317,CCCCCC1=CCC=C=C1
7162,7318,OC(C(C)CNC=C1)C=CC(F)=C1CCl
7163,7319,CN(C(=O)[NH1]1)C(=O)OC=NC=CC=C1
7164,7320,CCOCCCC1S2C=C(C)CC2C=C1
7165,7321,NCCC=CC=CC=C[NH1]C=CC=C(Cl)CCl
7166,7322,CCC(C=CC=CC=CCCC1)O1
7167,7323,COC1CCC(=O)CCC1O
7168,7324,CCN1C=CC=CS1N(C2)OC=CC=CS2
7169,7325,OCC(=O)OC(=O)C=CC1=CC=CCC1
7170,7326,O=C(COC=O)CCCC
7171,7327,OC(=O)OC1=CC2=CC=CN=C2NC=CC=C1
7172,7328,NC=CC=C[NH1]C=O
7173,7329,CC=C(SC(=O)N=C)C1=CC=CC1Cl
7174,7331,C1=CC=CC=C(Cl)COC1
7175,7332,CC(CCC1C)C(N)C(=O)OC=C1
7176,7333,C=CC=CC=C(C)OC1=NC=CC=C1
7177,7334,CC=NCC1=CSC=C1N=C=O
7178,7335,BrCCCN(C)OC(C)C(=O)O
7179,7336,CCCCNC(CC=C(N)CBr)C=C
7180,7337,N1=CCNNC1CCCCCCC
7181,7338,C=CC1=CCCSCSC1C
7182,7339,CCCC1OC=NCC1
7183,7340,OOC[NH1]C(O)C1=CC=C(F)C1Cl
7184,7341,NCCNC=CC=CCC
7185,7342,OC=CC(N)CCC1N(C)SCC1S
7186,7343,CCC=NC=CC=CC(=O)C=CC=C
7187,7344,CC(C=CC=CNCON=C1CCS)=NN=C1C
7188,7345,CC1CN(O)CCCCC=CCC=C1
7189,7346,CCCCCCCNCCCC(CO)CO
7190,7347,C1CC(C)CO1
7191,7348,C1OC(=O)C=CC1N=CC=CC=CC=C
7192,7349,C=CC=C(C=CCCC=CC)CC#C[NH1]
7193,7350,C1=CC(C=CC(O)=C1)Cl
7194,7351,CC(=O)C=NC(N)COC=CC=NCBr
7195,7353,CCC=CN=C(Cl)C1=CC=CC=C1O
7196,7354,C1CC(C)CCCOCNCCC1
7197,7355,N#COC1CCCCC2CCCC2C1
7198,7356,OC(=O)CNC1CCCC=C1
7199,7357,OC[NH1]CCCN=N
7200,7358,C(C(O)C1(C)NC)(O)NCN1
7201,7359,C1OC(O)=C(N)C(C)CCC2C3C1=CC=CC3=C2
7202,7360,C1C=CC=CC2(Cl)[NH1]C=CC2N1C
7203,7361,CNCCCCCN=O
7204,7362,C1#CC2=CC=CC=C2C1(O)CN
7205,7363,S1S=2C(=O)N=C3C=2C=CP=C3C1
7206,7364,COCCC1=NN=C(CO)C(F)OC1=N
7207,7365,C(CCN1C(C)=C)C=CC(CN)(O)C1
7208,7366,O=CCCSN
7209,7367,CC(C)NCCCCPCCCCCl
7210,7368,NN(O)OC=CCCNC(O)CCN
7211,7369,C(C)(=O)C=C1[NH1]C=NC=C1C=CC=CC=CCl
7212,7370,CCC=CC=C(CC(O)OC(Cl)=C)C=CC=CC
7213,7371,N#CC=CC=1NC(=O)NC(C)C=CC=1O
7214,7372,CCC1CCCN2C1CCC2
7215,7373,CCN1CCNC1CCNC
7216,7374,CN=CC=CC=CN=O
7217,7375,CC(O)(O)C=CN(N)CC=CC=C
7218,7376,C1=CCCCC2=CC=CC=C2C=C1C
7219,7377,CC=C(CNCC(C)=C)C(=O)N1C(=O)N=N1
7220,7378,CCCOCO
7221,7379,CNC(=O)CCCC1[NH1]CCCC1
7222,7380,NCCCC(C)COC(N)NC=CCF
7223,7381,NCCCC=C=C1CCCN1
7224,7382,OC=S1C=C(C=NC(O)=C1NC2)C2
7225,7383,N(C)CC=CC1=CC(C(=O)C)=C1C
7226,7384,NCC=CCC=C[NH1]C1CCCC=C1
7227,7385,C(=O)OC(=O)NS(C)CCCCC(F)CO
7228,7386,CCCNC(=O)COC=CC=CC1=CC=CC=C1
7229,7387,CC=CC(C)NC(C)C=O
7230,7388,COCCC1(Cl)C=C2C=C1C=NC=CC=C(Cl)C2
7231,7389,CC=NCS(=O)C(C)NCCCCC
7232,7390,N=C1[NH1]C=C2N=C3C(C)=C(Cl)C=C3C21
7233,7391,NCC(=O)CC
7234,7392,C1(N)CC(C2)(O)CCC=CC=CCCOC21
7235,7393,N1NSC(=O)SC(O)C=C(O)C=C1
7236,7394,CC=CN=C(C)C(C)C=NC(Br)C=CO
7237,7395,CC(CSC=CCO)N=CNCCCCC
7238,7396,C(=O)OC=CC#S=O
7239,7397,O1CC=CC=C1NC=CN=NCN=CC=CN=C
7240,7398,CC(C)=CC=CN=NC=S(Cl)N
7241,7399,OC=C(C)C=CC=CC(=O)C=O
7242,7400,N1C=CC=C(CCC2)CC=CCC21O
7243,7401,CN=C(Br)C(C=CC)=CSO
7244,7402,NCCC1NCC2=CC=CC=C2C=N1
7245,7403,N=C(CCCCC(C)COC1)CC=NN1
7246,7404,C1=NCCCCC(=O)N=NCCS1
7247,7405,O=NCC(C)CCCCC
7248,7406,NC=CC(C(=S)C1)=CC=CC=C1
7249,7407,CC(=O)COC(C)OC
7250,7408,O=C(CNN1CCCCCCC1CN)O
7251,7409,C=CN1C(C2)CC1CSC2=C
7252,7410,CC(C)C=C(O)C=CC(C1)=CC(C=CC)=CC=C1
7253,7411,O(OC=C)C=CC=C(O)CC(=O)CCCC1=NC=CC1
7254,7412,NC(=O)C=CC=CC(C1O)=C2C=CCN2C1=C
7255,7413,CC(C)CC=N
7256,7414,CCC1CCCCCCNC1
7257,7415,CC(C=CC=CC=C)C=O
7258,7416,N=C(C1OC(=O)CCC)C(Cl)C(N)C=C1
7259,7417,C#CSC(=O)NNC=CC(C)=C
7260,7418,CC=CC=CC1C=C(O)S(Br)=C1C=N
7261,7419,CS=O
7262,7420,CCN1CCOC(=O)C(C)C=C1C
7263,7421,CC(C)OC=CC1=C=CC=CC=C1
7264,7422,CC=CCC1(C)CCC1C(C)=C
7265,7424,COC=C(Cl)CCl
7266,7425,O=C1C=CC=CC=CCC=C1Cl
7267,7426,CCN1C=NC(O)C[NH1]C(O)CC1
7268,7427,COC(=O)OCC=CN=CCl
7269,7428,CCC(=O)N=CC=C1CC=CC(N)=C1
7270,7429,N1CCC(C)C(=O)OCCCC1C
7271,7430,CC(=O)CCC1C(C)OCC1
7272,7431,CCOCCNN(C=NNSCCNN)C
7273,7432,COCC=C(C)CNC(=O)O
7274,7433,N1C(C=CC)=CC(=O)NC=CNC1
7275,7434,CNCC(C)C(=O)OC(C)CC
7276,7435,C1OC=CC=C(O)C1=O
7277,7436,O(C)COC(=O)C=CCC
7278,7437,N=CC(=O)NC(=O)OCOCC=C
7279,7438,OC=C1C=CC2C1CCC2
7280,7439,CC(=O)CC(=O)NC=C=C=NCOC=NN
7281,7440,C1CC(C)C2C=CC=C1C=C2COC(C)N=C
7282,7441,CC(C)NC=CN=CN=CC=CCl
7283,7442,NOC(=O)C=C(N)COCCC=SO
7284,7443,COC(=O)NC1N=C2C=CC=CC2=N1
7285,7444,CC(C)CCCBr
7286,7445,CC(C)CCC=NC=C(O)C(=O)O
7287,7446,C(N)COC=C1C=C(S)C(OC)CONC1
7288,7447,CCC=NC1=CC=CC=C1
7289,7448,NC(C)CCN(C(N)C=COS)CC(=O)N
7290,7449,O=CC=C1C=CC=CC=C1N
7291,7450,C=C(O)C(C1)CCCC1C=CS
7292,7451,CCNC1(C(=O)N)C(C=C=C)(O)C1
7293,7452,C1C=CCC1(CBr)O
7294,7453,CN(C)C=C(C1)C=CC=CC=CC=NN1
7295,7454,OC(=O)N=CC(Cl)=CC=CS=C
7296,7455,O=NC(=O)C(C)CCCC(C)(N)CO
7297,7456,C=CC
7298,7457,CCCCCCC(=O)NCCS
7299,7458,C1C2(Cl)C=C1C2CCN(C)CC=C
7300,7459,CC(N1)OC(CCC1C)(O)OC(CC2CC=CC23)C3=O
7301,7460,COC(C=O)CC=CC=CNC
7302,7461,CC(O)CC(CC(C)CC=C)C=CC=C
7303,7462,CC=CN=C(C1C(O2)C(C)=NC=C)C=CC=C21
7304,7463,O=CN=CC1=C(Cl)CC[NH1]1
7305,7464,O=NCC1C(C)CCCCC1
7306,7465,O=CC(S)CC1CCCCC1COC
7307,7466,CCC(=O)CC1CCCOCSC1
7308,7467,CCCCCC=1CN2CCCCCCC2=1
7309,7468,N(N)CCCCC=NC=C(C1)NC=NC1SN
7310,7469,OC=CC=C(N)C=NC(C1)(Cl)CC=CC=C1
7311,7470,CN=C1C(N)CSC1
7312,7471,CCC(C)CC(=O)OOS
7313,7472,NC=CC=CO
7314,7473,NC=CN=C(C)NCC1CC=CC=C1
7315,7474,C1OC=CC=CC=CCC=NC=C1
7316,7475,COCC=CC=C(C(=O)C1)CC=CC=C1
7317,7476,O=C(C)CC1CCCC1N
7318,7477,CCOC=C(CCNC(=O)CC)CI
7319,7478,C=C(C)CCC(C1)C#CCC1
7320,7479,O=CC(N)CC1CCC2(C)C1C=N2
7321,7480,CC=CC(OC=O)C1OC=C(N)S(C)C1OO
7322,7481,CCCC=CC1=C2C=CC=C1C=CC=C2
7323,7482,CC(CCC1CCCCNC=C12)C=CC=NN2
7324,7483,C(=O)SC=CC=CC=C=CCC=CC=N
7325,7484,C1C=CC2=CC=CC(F)=C2CC1
7326,7485,O=CC=CC=CCC(CC)CC
7327,7486,CC[NH1]C1C2(N)C=CC=CC=CC=C21
7328,7487,C(=O)OCNCC(=O)O
7329,7488,O1C(=O)N=CCCCN1OCCC
7330,7490,NC(=S)OC=CC1=CC=CC=C1CO
7331,7491,CC=CC=C(NC1=CC=CCO2)OC1C=CC2=O
7332,7492,COCC(C)CCCCC1CCCC=CC=C1
7333,7493,N1(C)CCC=CC=C(O)CC1CC=C
7334,7494,CCCCC(C)C1OCCCC1=O
7335,7495,CN=CN(O)C=O
7336,7496,N=C1C2=CC=CC(O)=C2OC1
7337,7497,CC=C(O)CCCC1=CC=C(CC1)CO
7338,7498,C=C(N)COCCCCC(C)CC(=O)O
7339,7499,OCSC=CC(C(=O)O)C=C1OC=CC=C1
7340,7500,OCC(C)SCCC(=O)O
7341,7501,C1ON(N)C=CC=CC=CC=C1
7342,7502,CC#CC(=S)NC(C)=CCC(C)=C
7343,7503,C1C=CCCCCC=C2C(N)C1C2=N
7344,7504,CNCCCC(O)C(O)C(C)O
7345,7505,CCC1=CC=CC=C1S
7346,7506,CCCC=C(CO)CC(C)N=CC(C)=O
7347,7507,C1CCOC=CC=CC=C1
7348,7508,NC#CCONC=CN=CC(C)=C=NCCl
7349,7509,N1C=NN(N)NC1C
7350,7510,O=C(Cl)C(=O)C1C=C(CC(O)C=CC2)C2C(Cl)N1CN
7351,7511,CC(=O)SC=C1C=C2C3(C=C1)C=C2C3
7352,7513,NCCC1=NC=C(F)C=C=CC=C[NH1]1
7353,7514,OC(=O)C(C)OC(=O)N(C)CCO
7354,7515,CC=CNC(=O)C=CSN=C[NH1]COCC
7355,7516,C1OC(=O)NO1
7356,7517,CNC=CC=C(C)OC(=O)C=CC=CCC1NCC=C1C=S
7357,7518,OCCOCC(=O)NC
7358,7519,OC=NCCCN1CCC=CC=C1
7359,7521,CNCC=NC(=O)COC=NCCC=C
7360,7522,N#CCCC=C=C
7361,7523,C1=CC=C1C(CC2)NCCC2CCCO
7362,7524,CON=C(Cl)C=CC=CC=CC(Cl)P
7363,7525,O=CC#CC=CC=CCBr
7364,7526,O(O)C=CCCOC(=O)NOC=O
7365,7527,CC1=CC=CC(O)C=C1C=C
7366,7528,N=C1C=CC=CC=S1ONC=CCC
7367,7529,C1C=CN=CC=C1F
7368,7530,CC(C)OSC(C)=O
7369,7531,C(=O)C(C)=CC(NC(=O)NC=O)OSO
7370,7532,COC=CN=C1C=CN=C1
7371,7533,O=C(O)CCNC(S)CC
7372,7534,CCC(C)(C)CBr
7373,7535,O=CC1=CC=CC=C1
7374,7536,CCON(O)CCOCCC=CC
7375,7537,COC=CN=CC
7376,7538,C=NC1(NCCCCCCC)CC1
7377,7539,OC(C)CCCCCC(=O)O
7378,7540,CCC(CC=CC=C(O1)CN)C=CN=C1
7379,7541,C=1OC=CCC(C)CC=1C
7380,7542,CCC=NC1C(C)(O)C(C)=C2C=C1C=C2C
7381,7543,N=C=S
7382,7544,CNC=C(C1)C=CC(=O)PC=C1C
7383,7545,NC=NNC(=O)OC1C=CC=C(Br)C1
7384,7546,OC=CC(C)C(C)(C1)CC=CC=C1
7385,7547,C12=CC=C1CCC2
7386,7548,ClC(C)(O)CCCC
7387,7549,CCCC1C(C=CC)SC(=O)C=C1
7388,7550,OCCCCC(C)C1CCCC1
7389,7551,ON=NC1CN2CN=C1OC2
7390,7552,CC=CC=CC(CC)=C1NCC=CC=C1
7391,7553,N[NH1]COCC(=O)OCNCC(C)CC
7392,7554,COCC(O1)CCCN=C1C(=O)O
7393,7555,CCC=C(C1O[NH1]C2=CC=C)C3=C2C=CC3C1
7394,7556,C1(=O)C=CS1(C)CNN2CO2
7395,7557,CC=CC=CC1=C(NC=CC=C1S)CCC
7396,7558,CC(C)CC(=C)C=CC1=C=C(O)C=CN1
7397,7559,CC(S)CCCC(N)CPCCCBr
7398,7560,N=C(CCC(C)(C)OCS)C1CCCC1
7399,7561,O(N)CCCC=CC=CC=CC(Br)=C
7400,7562,NC(C)C=NC#CC(N)CCCCCC=C
7401,7564,CCCCCC(=O)NC1OC=CC=C1CNC
7402,7565,OC1=C(O)CCCCC1
7403,7566,CC(=O)OC=CCCC=C1CC=CC=C1
7404,7567,CCC=C=NC=C1C=CC=C1N=C
7405,7568,C=C(C=CCCC)C=1N(N)N(C)C=1O
7406,7569,NC=NN=NC(C)(C)CNCCN
7407,7570,CC(=O)C=CC(=O)NC=C
7408,7571,CCCC=CC(C)NCCC1=NC=CC=C1
7409,7572,NCCCCCC=C(O)[NH1]C=CC=CC=C
7410,7573,OC(C)CCC(=O)O
7411,7574,O=CC=CC=CCBr
7412,7575,CNC(C=C(C1)N2CC=C1)CC2
7413,7576,O1CNC12CC=CC=C2CCC
7414,7577,CNCC=C(C=C1C)OC=C1O
7415,7578,CSSCCC(=O)C1=CC=C(O)C=C1O
7416,7579,CCCC1(CCCC12)CCC=CC2=N
7417,7580,C1CC=CCN=C1C=C(N2)CCC(C)N2C
7418,7581,C=C=NP(=O)N=CS1C(C)=CC=C1CC=CN
7419,7582,C(=O)OCCCCCCCCCCN
7420,7583,OC=CC=CCC(C)=C1C2=CC[NH1]N1C2
7421,7584,C1CCCOC=CC=C1NCC
7422,7585,NC=CC=CC(C=NCSC1=CC=C)C(=O)N1
7423,7586,CCC1[NH1]C=NC=CC=C1C2=CC=C(O)C=C2
7424,7587,BrC=C=CCNCC=C(C1)CC=CC=C1
7425,7588,CCOC(=N)CO
7426,7589,NCCCCCC(=O)O
7427,7590,CCC(O)C(=O)C1P(O)C(O)C12CSC2
7428,7591,N=C(C)C=CC1=CC=CC=C1
7429,7592,OC(C)COC1=CC=C(C)C=NC=C1
7430,7593,C(C)N(O)CC1CC(=O)CC1
7431,7594,O=CC1=CC=C2C=C1CNC2
7432,7595,C=C(O)CC(=O)O
7433,7596,C(=O)N(C)CCCC
7434,7597,CC=C(C)CSCC1CCC=C1
7435,7598,CC#CC(O)C1(C)CC=NC1CCCCCCCC
7436,7599,N=CC(CCC1CCCC=CC)C(O)C1
7437,7600,CC=C(O1)CN=C(C2)CCCC2C=CN1
7438,7601,CC=CC=C(C1)C(Cl)C=C1CN
7439,7602,O=C(Cl)C=CN=C(Cl)C=O
7440,7603,CN(C)OC(=O)CCCCCC
7441,7604,CCOC1=CC(C2)=CC=C(F)CC=C21
7442,7605,CCC=CC=CC1=CCC=CC=C1N
7443,7606,NCCOC(=O)C=CN(C)NC=CI
7444,7607,N=NC=NC(=O)OC1=CC=C1
7445,7608,CCCCCCNC(=O)C=O
7446,7609,COC(=O)SC(=O)CCCC1C=CC=C1
7447,7610,CC=CC1[NH1]C=NN=C1NN
7448,7611,CONNNCCC(NBr)(O)O
7449,7612,OCCCC(CCC1CC2=CC=C1)C2
7450,7613,C1NC2NC1=C3N[NH1]CC3C2=C
7451,7614,CC(C)=C1C=CC=CS1=C
7452,7615,O1CCNC23N[NH1]C=CC2C1C=C3
7453,7616,CC(F)N=C(C)C1=C(C)C=C1CNCC
7454,7617,N1(COC)CCC12C=NC=C2
7455,7618,C(C1)CCCC(N)C(C)=CCC1Cl
7456,7619,CN(C)N1C=NCCC=NCC=CC=C1
7457,7620,SC(=O)CCC[NH1]CC=CC=C1C=CCCC1O
7458,7621,N1C=CC(C2N=O)CC=CC2(Cl)C1
7459,7622,NC=C1C=CCCC=C1
7460,7623,NC=CN=CC=CCCOC=O
7461,7624,C=1=C(N)OCSN=1
7462,7625,ClC(C(=O)C=S1)C(=O)NC1CCC
7463,7626,CCCNCOCSCCC=O
7464,7628,C1=CC=C1CCCCC(=O)OC=O
7465,7629,CC(N)CCC(C)C1=CC=CC=C1
7466,7630,CC(C)N(C)CC(C1C=CBr)CCC1
7467,7631,COC(C)N(O)C=NCC(N)C(CCCC)N
7468,7632,CC=CCCC1[NH1]C=CC=C1
7469,7633,CC(=O)OCNCCC(O)O
7470,7634,CC(O)C1=NC(C(=O)OC)SCCCC=C1
7471,7635,SCCNC(=O)N=CC(C)=CC=CC=C
7472,7636,C1OC=CCO1
7473,7637,CCCNS[NH1]C(=O)NC=CC=CC
7474,7638,C1CSCCCC(O)C=C1N
7475,7639,CC=CNC=CC(CCC1CC)NS1
7476,7640,CCC(C)C(O)C(C)OCCCNC
7477,7641,C1OCCC=N1
7478,7642,NC=C(COC(C)O)CCO
7479,7643,C=C1C=CNCC=C(S)C=CN=C1
7480,7644,CN1C(C)OC=C1C(=O)F
7481,7645,NCCCCCC1COC=C1CC(C)=C
7482,7646,N1CCCC1C=CN=CC=CC=C
7483,7647,CCC=CS(=N)CN(C)CC1(C)C=CC=C1
7484,7648,CCCCCCC=C1NC=CC=C1
7485,7649,CC#CC(N)C=CC1=C2C(Cl)=CN=C1N2
7486,7650,CCC=CC=CC(C)C(=O)CC1CCCC1
7487,7651,CNCCC(C)CNC#CNCCCC
7488,7652,CCC=C1C=C(Cl)S=C1C
7489,7653,COC=CN=C(Br)CC=CC=C
7490,7654,CNC=C(C)CN=CC(C1CC)CC=C1
7491,7655,C(CCOC)(=O)CC(=O)CCOC
7492,7656,CNC=NNCC=C=CC=CC=C(Cl)C
7493,7657,COCNC=C(N1)N=CC=C1C=CS2=NC=CC=C2
7494,7658,BrCNC=CC(C)NC=O
7495,7659,N1C(O)C=CCNOC=C1
7496,7660,C1=CC=C(C)N=CCNCC=C1
7497,7661,C1CCCCCNC1
7498,7662,CS(C)C1CNCC1CCN
7499,7663,OC=CCCCCCCC(=O)O
7500,7664,CCNCCCNN(F)C=CC=CC=CO
7501,7665,CC(=O)N(Cl)OS(O)OO
7502,7666,CN=CCCC(=O)CCC
7503,7667,COC=CC1=CC=CCC1C
7504,7668,CC=CC=C(CC=C)C(C)=C
7505,7669,CSC=C(CCCO1)CCCCCCC1C=CO
7506,7670,CCC=C1C=CC=C1
7507,7671,CC=CC=C(C=CC=C1C=O)CCC1
7508,7672,COC=CC1=CC=C(CC)C1C=N
7509,7673,CC=CC1=CSC=NC1OC(=O)O
7510,7674,OC=C[NH1]CC1=CC=CCN1Br
7511,7675,C1=CC=C2C=CCC=C2C=C1
7512,7676,CC(CCCCC)CCCCC
7513,7677,NCC1C(C)=NN1C=NC=CC=CCS=N
7514,7678,C1COC=C1C
7515,7679,NC(=O)OC(=O)OCCCNN
7516,7680,C1CC(=O)OC=CC1C(=O)C2OC=CC=C2
7517,7681,C1=CC1=O
7518,7682,N=CC=CC(=O)C=CC=C
7519,7683,C1CNCCC1CC2CCC2
7520,7684,CC=S(CCCCC=C1C=C[NH1]CC1O)C=C
7521,7685,CC=CCC1=NC2CCCCC(O)C=C1C=C2
7522,7686,C=C(O)CCCC1=CC=CC=C1N
7523,7687,CN=C1C2=CC=CCC2OC1
7524,7688,CC(C)NC1(C)CCNC(=O)OC1CS=N
7525,7689,CC=NC(C)=NC=C(N)NCCCC=O
7526,7690,C(=O)(O)C1(N)C(=O)N=C1NCCC(C)OC
7527,7691,CC(C=NC=CCCCC=O)SC=C=C
7528,7693,C1C=C1CCC=C(Br)CCF
7529,7694,COC=CC(C)OC(=O)C(F)=CC=C
7530,7695,NC1OC(=O)C1CSC(=O)NC=CC2=CC=CC=CC=C2
7531,7696,C1CCCCC=CC=C(C)PC=C1P
7532,7697,CCC#CNCCCS1C=CCCC1C
7533,7698,C(=O)C1=CC=C(C)N=CC=C1CCC=N
7534,7699,CC=CC=CN=CC(C)=C1C=C[NH1]C=C1I
7535,7700,O=C(COC)NCCCCC
7536,7701,C1=2CN1SC=2NC3=CCC=C(O)C3
7537,7703,CC=CCCCCS1CC#CNC1
7538,7704,CCCCC(C)CC
7539,7705,CC=C(N)CCC(C)ONCC(N)(C1=CC2=CC=C1)N2
7540,7706,CC=CC(C=CCS(NC)N1)C2C=NC1C2
7541,7707,NC=CC=C[NH1]C1=CC=C=CS1
7542,7708,O=CC=CN=CC=CC=C1C(Br)=CN1
7543,7709,C1C=CC2=CC=CC=C2C=N1
7544,7710,CC(CCC1CCS(CC)O)CCCCC1
7545,7711,CC(=O)SC(C)NCC1=CC=CC=N1
7546,7712,CCC(O1)C(O)C=C2SC=CC=C2C1
7547,7713,CC(C)C(=O)NC=CCN=NNCN
7548,7714,COC(=O)OC=C1C=CCC(Cl)=C1
7549,7715,COC=CC1=C(O)C(O)CC(Br)=N1
7550,7716,OC=C(C)C=CC=C(C1=C2)C=CC1C=C2
7551,7718,OC(C)CCCC=CSC=C1C=C=CC=N1
7552,7719,CNC1C(C)CCCCCC=C1
7553,7720,CC=CN=CC1=CC=CN1NC=C(C)N
7554,7721,CC=CC1=C2C=C(Br)C=CC=CCC21
7555,7722,OS(=O)N=CC1NC(C)C(O)S1
7556,7723,CSCCOC(=O)N1CC=CN(C)CC([SH1])=C1
7557,7724,CCN1C=CCC=C1C(=O)SC
7558,7725,OC1=NC=CC=C(C)[NH1]C=CN1OC(=O)O
7559,7726,C1=CC=CC=CCC=CCNC1
7560,7727,CC(C=NNSC=C)CC(C1)=C1
7561,7728,C1=CCCCC1
7562,7729,COSCCOC=CC(=O)CCl
7563,7730,C=C(CCSC(=O)NCNC)SCC=N
7564,7731,N(=O)N=CC(O1)O1
7565,7732,CC=CC(C)N1CC=CC=N1
7566,7733,N=CN=CCCC=C1C=CN=C=C1
7567,7734,CCN(C12)CC(=O)CC1C(O)C2=S
7568,7735,C(CC=NCCOC=O)CCC=CC=C
7569,7736,SCC(N)C=C[NH1]C1=C=CN=C1
7570,7737,C=CCSC(O)C(C)CNN=C
7571,7738,C=NC=C(C1C=NC=CN1)C
7572,7739,CC(=O)NC(=O)NNCCC(C)NC=C
7573,7740,OC=NCC(=O)N=CC=CC=S
7574,7741,CC=NC1OCN=CC1NCCCCC
7575,7742,NC(=O)OCF
7576,7743,C1CCCC=CC=CC=CSC=CC#CO1
7577,7744,NCOC1=C(O)C(=O)COC(C)CPSC1
7578,7745,CCC=CC1CCCC=CC=C1
7579,7746,COC(=O)C1CCCC(C)=C1O
7580,7747,CN=CC=CC(C)=CSN1S(O)(F)COC=C1
7581,7748,CCCCNSS=C
7582,7750,OCCCCCCC=CONC1OCOC1N
7583,7751,CC=CC=CC1=CC=C1
7584,7752,CC(C)(C)COCCC1CCCCCNC1
7585,7753,CC=CC(N)=CC=CC=CC#N
7586,7754,CCSCCCC(=O)NC
7587,7755,CCCC#CC(C)OC=CC=CCOC
7588,7756,CC=CC=C[NH1]C=CC
7589,7757,C1OC=C1OC(Cl)C=CC=CC=C(Br)OC#S
7590,7758,CNNC=C1C=CC=CC=CC=CC=CS1
7591,7759,O1CC(C)P(=O)CCCCC1
7592,7760,CC=CCC=O
7593,7761,C12C(=O)C(C=CC=CC)=C1C2=O
7594,7763,NC(C)(C)C(C)C(=O)OC=NCC
7595,7764,OC=NC=CC=C(S)C=CC(=O)O
7596,7765,O=C1C(C=CC2=C(O)C=C2)N1
7597,7766,C(C)CCCCNCC(C1CC)=CC1
7598,7767,CNN(C)N=NCN1COC=S1
7599,7768,CCCCC1=CC=C(OC)SC=C1
7600,7769,NOS(Cl)C=CC1C(C=C)C=C1
7601,7770,C12CC2(N=C1C#N)ON
7602,7771,OC=CC(CN=CCC)CC=C
7603,7772,CC(C=CCCBr)ONC1C(=O)CCC=C1
7604,7773,CCP=1C=CC=CCC=1F
7605,7774,O=CN=C1C=C2CCC1=CC2
7606,7775,CC=C(C)SCC(=O)OCCC
7607,7776,COC(=O)C=CC=CCCC1NC=C(CO)C1
7608,7777,O=C(C)F
7609,7778,CNC1=CC=C(Cl)C1C2C=NC=CC=C2
7610,7779,NC=NC1=CC=CC=C1CC(=O)N
7611,7780,O=CC1=CC(=S)N=CS(C)CC1
7612,7781,NC(O)COC(C(=O)NS1C[NH1]CCl)C=C1
7613,7782,C=C[NH1]CC1C(C)C=CC=C1
7614,7783,CC(NC(=O)N=NCCl)C
7615,7784,CCC=CC=C(C)CC(N1)CC1
7616,7785,CC=CN(N)CNON(C)CC
7617,7786,NC(C(C)C)C(C)(O)N=NC(N)S
7618,7787,C=CC(OC=CC=CN)C[NH1]C=O
7619,7788,CCCOCOCC1CCNC1C=CCC=C[NH1]
7620,7789,NC(C)COC(Cl)=NCOC=O
7621,7790,CCOCCNCCC1CC=CC=C1
7622,7791,CCCC(C)CC=C1C=CC=C(O)CC=C1
7623,7792,NC(=O)CC1=CC2=C(C)OC2CCC1
7624,7793,O=CCCC(C)C
7625,7794,CC=NC=CC(C=NC=CC1=C)C=CC=C1Cl
7626,7795,C=NC=CC=C1C=C2C=C1CCC2O
7627,7796,O1C(=O)OC=CCC=C1N
7628,7797,CCCC(=S)SC(C)CCCC(Cl)O
7629,7798,CC(C)CNC(C)SC=O
7630,7799,CC1CCCC2C=CC=C2COC1
7631,7800,N=C(Br)NC=C1C=C(C)C=CS1
7632,7801,COCF
7633,7802,CCCCC(O)C(F)CCCCCCCCC
7634,7803,C=CC=CC=CC1=C(C)[SH1]N=C[NH1]1
7635,7804,CNCCN1CCCC=C1C=C
7636,7806,CCC=C(C)COC(O)COCC=N
7637,7807,CNC=CC=C(C12)C=C=CN=CC=C1N2
7638,7808,C1CC#CC=N1
7639,7809,CC(C=C=COC)=C(O)C=CC=CCC=C
7640,7810,NCN=NOCC=C1C=CC(N)=C1CC
7641,7811,OC1=CSN(C)COCCC[NH1]1
7642,7812,C=CC(O)C(=O)OC(=O)C=O
7643,7813,OCC1=CC=CC=C1
7644,7814,CC(=O)N=NN1CC2=CC=CC=C2OC=C1
7645,7815,CCC=CN=C(O)COC=CC=CC=C
7646,7816,CC(C)=C(O)C(=O)CCC=CS
7647,7817,C12C=NC(O)C=CC=C1N2
7648,7818,CNC1=CC=CC=C1CC=C
7649,7819,CCCCC=CC1C=CC(O)C1N
7650,7820,C1CC=C1OC(=O)C=CN=CC=NC=C
7651,7821,CCC(=O)OC(N)=CC=C1N=CSC=C1
7652,7822,CCC=CCCN=CSC=CC=C
7653,7823,C(N)CN(N)CN=CC=CC=CCC
7654,7824,CC(C=CC(C)CC)=C
7655,7825,N=CC=CC(O)C#C
7656,7826,OCNC(=O)C(O)C=C1C=CC=C(CC)N1O
7657,7827,CCC(C=CC=CC=C)(C1N)CC2=CC=CC=C2C1
7658,7828,N1N=CC2=C=C1CCC2CCC
7659,7829,COC(=O)C=NC=CN=CC(=O)N=C
7660,7830,NC(C)=C1C(=O)C=CC=COC=C=C1
7661,7831,O(N)CCC1C(=O)OC=CN=C1C=CC=C
7662,7832,CCCC=NC=CC=CC=COO
7663,7833,CCCNS(O)C=C1C=CC=CC(C)=C1
7664,7834,CCCCNC1CN(C)C1
7665,7835,C[NH1]C=CC=CC1=CC=CC=C1
7666,7836,O=C(N)CC1CCCC=CC=CC=C1
7667,7837,C1CNCCCCC1=CN(CN)C
7668,7839,O1C(C)CCC1=O
7669,7840,CCCC1CCC(C)C=NC(N)CC1=N
7670,7841,CC=NC=CN(C[NH1])NCNC(O)C=CN=C
7671,7842,OC(=O)OC=CC
7672,7843,O=CC=C1C=CC=C(N)C1F
7673,7844,O=C(N)C(=O)OC1(O)CNC1
7674,7846,CN=CC=C(N=C=C[NH1]COC=O)C
7675,7848,CC=CC=C(Cl)OCCCF
7676,7849,CCCCCC(Br)C=C1C=CC(S)C=C1
7677,7850,CC=CC=C(O)C(C)(Cl)C(F)C=CNO
7678,7851,CC=CC=C(Br)CCl
7679,7852,CCC=CC=C[NH1]C=CN=C[NH1]
7680,7853,C=CC=C(C=C1C=CC=C1CCC2)C=CC3=C2C=C(O)C3
7681,7854,CCC=CNCCCC(=O)C1CCC=C1
7682,7855,CC(=O)CCNC=CC=C(O)CC
7683,7856,C1C=C1CC(=O)C=O
7684,7857,C12CC1N=NC=CC=CN2CCC
7685,7858,CCNCCC(Cl)CCO
7686,7859,C1C=CC=C1CC(C)(N)OO
7687,7860,CCCCC=CN=C(NC)CC=CCO
7688,7862,CC1C(C)=CCC(O)(Cl)CC=CC=C1
7689,7863,CC=CC(=O)N=CN=N
7690,7864,BrCC=C(N)N=CC=CC(O)C=CN
7691,7865,OC=NC=NN=C(C)C=NONCC(=O)O
7692,7866,CC(C)NCCOCC
7693,7867,OCOC(C)CCCC1=CC=CSN=C1
7694,7868,C=CC(C)CCCCC1C=CN=C1
7695,7869,NCNCNCCNCCCC=C
7696,7871,OCNC(C)C=C(Cl)C=CC1(C=N)C=CC=C1
7697,7872,S1C(C)=CC=N1
7698,7873,C1CCN(C)CN=NC=CC=C1
7699,7874,OCCC#C
7700,7875,O=CCS12C(CC=CC=C1)C=CC=COC2
7701,7876,O1C=CN=C(O)CCCC#C1
7702,7877,SC(C)CSC=C=C=C(N1C)C=NC=C1
7703,7878,OC(=O)CCC1CCCC=C1
7704,7879,CC(C)(C)NNCCCCOC1=C[NH1]CN1N
7705,7880,CCCS1C=CC=NCCSC(N)C1C
7706,7881,CCC=C=NCC=CC[NH1]CC=CC#N
7707,7882,OC1(N)CNC(C)CSN(Cl)C1C
7708,7883,CCCC1(C)C(C)C1N=CC=CCC=CC(O)=C
7709,7884,CC#CC(O)CC1CCCCC12CC2
7710,7885,CNCNNC1CC=C(Br)C1=C=O
7711,7886,O=CC=NCNC(=O)C1=CC=C2N=C1NNC2=O
7712,7887,C=1=CC=1C=C2C=C(C)C=CC=CCC2F
7713,7888,COC=C(NC(C)=SCS=CC1)C(Cl)=CN=C1
7714,7889,O=NNSC=S[NH1]CCCCCC
7715,7890,C1[NH1]N=CC=C=CC=C(N)C1(OC)C
7716,7891,C1CCN(C=CC)CC1C(F)=C
7717,7892,CCCCOCCCCCCSC
7718,7893,CCC(=O)C=CC=C(O1)C=C(C)N=C1
7719,7894,CC=CC=C(F)OC1=NC=CC=C1NN
7720,7895,CCCCCC(C)C(=O)NC=CC
7721,7896,COC(=O)OC(OCO)=CCC=NC
7722,7897,C(=O)C(NCC1N2CCCC1)S2
7723,7898,OC=C(CPC(O)=CC=O)O
7724,7899,CC=C1C=C[NH1]C=CC=C1
7725,7900,CCCNC=CC=C(C)NCl
7726,7901,C1N=NC=CC=CC=C1NCCCN
7727,7902,OC=C1C(C)[NH1]C=C1
7728,7903,OCC(=O)CCN1CCCC1
7729,7904,NOC=C(O)Cl
7730,7905,CNC=CC=C(O1)CCCCC1
7731,7906,N1=NCC=CC=C1N
7732,7907,C1C=C2C=CC=C1S2=N
7733,7908,N1C=C1NC(C)=CC2=NC=CN2
7734,7909,C=COC1=CC2=CC=C1SCCC=CC=C(N)C2
7735,7910,COCCOC(=O)C(C)=CC=CC=C
7736,7911,CCC(C)OCOC(O)C
7737,7912,NC(CCC(NC)C)OC=CC1(Cl)C=CC=C1
7738,7913,CC=C(N)NCCCCCCC
7739,7914,CCCNC(=O)C1C=COC=CC=C1CC[NH1]C=C
7740,7915,NC(O)C=CC=C(C1C(C)C)CCCCCC1C
7741,7916,C1CCOC1=O
7742,7917,C=C(CCNCCC)N(O)NSNC[NH1]
7743,7918,COC(=O)OC1=C(O)CCNCC=C1
7744,7919,CC=CC=CNNC(Cl)C(=O)OCO
7745,7920,C=CC=C(Cl)C=CC=CC=C(C)Cl
7746,7921,FOC(=O)CC=C(C)CC=CO
7747,7922,C=CC=CC1=CC=CC=C1C=C
7748,7923,NC(=O)N(N)CCCOOC=O
7749,7924,CCC(NC)NCCCP(O)O
7750,7925,O=C1SOC(=O)CC=CC=CSC=C1
7751,7926,CC=C1C=CC(C)=C1O
7752,7927,C1CCC1CC(=O)C2CCCC2=O
7753,7928,O(C)I
7754,7929,CC1=CCCCCCCNC=CCO1
7755,7930,CSC1PC=CCO1
7756,7931,NCCC1C=SCN=C1
7757,7932,SC=C=C(N)OC=CC(=O)OCC=NC#C
7758,7933,CC1=C(O)C=CC2=CC=CC=C2C=NC1=C
7759,7934,ClC(=O)ONC=C1C=CN=C1
7760,7935,NC=C(C)OC(C)=CS(C)CC
7761,7936,NCCCCC
7762,7937,C1CC1N=CC=C=C=C=CC#CC=C
7763,7938,C=CC=CC=C(COCC=O)C=C
7764,7939,CCNCCCCNC(=O)COC1=C2C=CC1C2
7765,7940,OC=C1C=CC=C(C)C=C1Cl
7766,7941,C#CCOCC=CCOC(OC)NS
7767,7942,COC(O)C=CC=CN[NH1]C(O)C=CC(=O)[SH1]S
7768,7943,NC(C)NC=CC=CC=C(C)CC#CO
7769,7944,S=C(Cl)C([SH1])N1CC(=O)C=CC=C1
7770,7946,C(O)C1=CC=CN=C1
7771,7947,CC=NC1CCC=CC1Br
7772,7948,CS1C=CC2=CC=CC=C2S1
7773,7949,CC1=CC=CC=C1C(=O)OC
7774,7950,C1CCCC#CCCC1=C2C=C(OC)[NH1]C=CC=C2
7775,7951,OCC=CC=CNC1=C(C)C2=NC1N=NC2=O
7776,7952,N=NC=CSCC=NSC(=O)NC(=O)O
7777,7953,CCOS=1C2=CC=C[NH1]N=C2C=CCNC=1C=O
7778,7954,CCN1C(C)N(O)NC(=O)NNC=N1
7779,7955,NC=C(C)NC(=O)OC=C1CCCC=C1
7780,7956,CC=NC(F)C1C2SC=CC=C2N(C)O1
7781,7957,COCCC(C)CON=CN1C(N)=CPC1
7782,7958,CCCCCOC(=O)ON(C)CO
7783,7959,NC=CC=C(Cl)CN=C=C=CCOC
7784,7960,C(CCOCO)C(=O)S=CC(C1O)C=CC=C1
7785,7961,ClC=CC(=O)CN1C=C(O)OC1
7786,7962,CCCCN1C=CC=CC=C1CSC=C=C(Br)F
7787,7963,CNC=CC1=C(S)SC(=O)N(O)C=NC=C1S
7788,7964,OC=C(C)NCCCC=CC1=NC=CN=C1
7789,7965,CS1C(N)C=N1
7790,7966,CC(=O)CCCCCC=CC=CC=O
7791,7967,OC=CC=CC1=C2N=NC=C1C2
7792,7968,NCC(O)C(CC)(O)[NH1]C(=O)O
7793,7969,CC(O)CCC=CC=C1C(=N)CC1CC
7794,7970,NCCCCC=CC=C(OC)C=O
7795,7971,O=CCCCCN=CCCCCS
7796,7972,O1C=CC=C1C=COC=N
7797,7973,C1OC2(C)CCC=C2NC1C
7798,7974,OC(O)CC1=CC=C(C=O)CC2N1C2
7799,7975,CC1N2C(=O)CC(=O)N21
7800,7977,CC(O)N=CC=C(CN=CC=CF)CNCC
7801,7978,N=CC=NC=NC=CNC(C1)=CC=C1Cl
7802,7979,COC(O)C(C)C=CC=CC1C=C1
7803,7980,CCC(CCOCC)C=CC=CC=CBr
7804,7981,C=NC1=CC=C(O)C=C(C)CC=CO1
7805,7982,CCC(N)C=C1C2=CS3=NC1=CC=C3C2
7806,7983,CCCC=NC(O)=CC=CC=CO
7807,7984,O=NCOC(=O)OCCNC1OCCC1
7808,7985,NNC1N2N(N)NC=C2OC1
7809,7986,NCCCCCCC(C)(CC)N
7810,7987,OC(COCNCC)C1CCCC1
7811,7988,NCCCOCCCCC1CC2C3=CC1C2=CC=C3
7812,7989,CN=CN=NC=CC=CC1=C(C)N1
7813,7990,C=SCOCC1SC=2CCC1C=2S
7814,7991,CN1SCCCC2=CCNCC2C1
7815,7992,CCCC1C=CN=CC1=O
7816,7993,CCCCCC(N)=CC=C(O)NCl
7817,7994,CC(=O)C1(N)C(C)CC(O)=CC1
7818,7995,C=S(C)CCC1C(O)CCC=C1
7819,7996,CC(C)C=CC=CC=NCC(C)(C)C=CC=CC=1[NH1]C=1
7820,7998,C1CCCCCCCNC2CC3C1C=CC=C3C2
7821,7999,O=C(C1)CCCCC1N=O
7822,8000,O=C(N)N=C1C=CN=CC(N)=C1
7823,8001,SCC(C=CC1)=CNC(Cl)=C1Cl
7824,8002,CC=CC(C=CCNC=O)C=NC=CC1=CC=CC=C1
7825,8003,C[NH1]C(=O)ON=CC=C1C=C(C)C=CC=C1
7826,8004,CN=CC=CC=C1CC=CC=C1
7827,8005,C1C(O2)CCCC=SC=C(O)CC12
7828,8006,CCCCCCCCCC1CCCCC1
7829,8007,C1OCC1CC
7830,8008,CCCC1OC=CC(COCN)C(F)C=C1
7831,8009,O=C(Br)NCCCC12CCCCCC1CCCC2
7832,8010,O=C=NC(C)S(Br)(C)CCNCCCN=C
7833,8011,CN=C(C)C=C
7834,8012,O=CC=CC=CC1=CC=CC=C1N
7835,8013,CN=CN=C(C(O)=CC=C[NH1])C1=CC=CN=C1
7836,8014,CC=CC(=O)CCNC(=O)CCC1CC1
7837,8015,CC(=O)OC
7838,8016,CC=CC=CN=C(C1)C=C(N2C=C1)C=CC=C2N=NC
7839,8017,N=CC(C(C)=C)N1NC=CC=C1
7840,8018,CC=CC1=CC=CC=CC=CC=C1C=C
7841,8019,CCOC(C)CC(C1C(C)CCCC1)C=C=O
7842,8020,ICC=C1C2(CC=CC=C2CCON)CC1
7843,8021,C1C=NC=C1C=C2C=CC=C2Cl
7844,8022,CC=C(C)OC1=CC=NC=CN=C[NH1]C(Br)N1
7845,8023,CNCC(C)CSC(=O)OC=CC#CCl
7846,8024,COC=CN=CNC1=CC=C2[NH1]N1C=CC=C2
7847,8025,COC(O)CCC(C)N=CNC
7848,8026,CCN=C(C)CCCCC
7849,8027,O=NCNCC(N)=CC1=C(C)N=C1
7850,8028,CCN=CC(C)(O)C=NCBr
7851,8029,CC1CCCC(C1C=CC=C2NC)(O)CC2
7852,8030,CCCCC=C(NCCCC)CC(=O)Cl
7853,8031,O=C(Cl)C1=CC=CC=C1ON
7854,8032,NCC=NC(=O)C=CC=C(C)F
7855,8033,CCCCCOC(=O)NC=C(C)NCN
7856,8034,NS=CC=CC=CC(C1=CC)=CCC1
7857,8035,CCCCCC=CC1=CC=CC=C1Cl
7858,8036,N=CC=C(O)CCN=C1C=C1C
7859,8037,CC=CC=C(NC([NH1])C=C)CCl
7860,8038,C1CC1C(O)C(=O)C2CCCCCCC2C
7861,8039,NC(C)NC1CC2=NC=C(C)C=C2C1
7862,8040,CC(C)=CC=C(NCS1O)CC=CC=C1O
7863,8041,CC1=CC(S)N=C1CC(C=2)CN=2
7864,8042,C1CCNCC(O)CCS1C
7865,8043,OCCC=CC(O)C(=O)O
7866,8044,C=CC(C1=NC=C=N1)CCCCC
7867,8045,NC(O)C(C)C(C1)(C)CCCC2CC12
7868,8046,O=CC=C(CN(C)C(N)NC)C
7869,8047,O=NO
7870,8048,OC=CC=CC=C(O)C=CC1=CC=CC=C1
7871,8049,CC(C=CC(N)=NC1)=CC2=CC=CC=C2N1
7872,8050,CNBr
7873,8051,C=CSC=C1C=CC=C1Cl
7874,8052,NN=C(N)F
7875,8053,CCN(C)C(=O)CCNCC(=O)NC=O
7876,8054,CNCCSC=C(O)CCl
7877,8055,C1CC=NC=C2C#CNCN2C=C1
7878,8056,C1NC=NC=CC(C)=CN=C1
7879,8057,CCCCCSCC(C)=CN=NCBr
7880,8058,NC(O)C(=O)C(C)C(C)=NN
7881,8059,O=C(C(=O)C)COC=CC1=CC=CN=C1
7882,8060,COC1C=CC(C)(C)OCCC1=NC
7883,8061,CCCCC1=CC=CN=CC=CC=C1N
7884,8062,C=1C#CSC=2C=CC=1N=2
7885,8063,CCC1CC=NC=C1C=NC(N)CO
7886,8064,O1CCC=CCC(C)=NC=C1
7887,8065,CCC=CC=C(O)CC=CN
7888,8066,CCC=SONC=NNC1C(C)CC1CCO
7889,8067,CC=CC=C1C=C(OC)CCO1
7890,8068,CCN(C1C=CS(N)=C1C2)CC=CC=C2O
7891,8069,CCNCC(C)CC=NC=C(C)CC(O)O
7892,8071,C=CN=C(C)NC1(C(=O)OCC1)C
7893,8072,O1COCCCCCC1
7894,8073,NC=CC(C1CCO)CC1CC(O)C
7895,8074,NC=C1N=C=CC(O)=C1S
7896,8076,C=C1C(=O)C(O)C=C(S)C(Cl)C1S
7897,8077,CCOC(CCC)=O
7898,8078,O1CCC1(C)OCNCC
7899,8079,CC=C(CCC=CCC(F)=C1C)CCC=N1
7900,8080,O=CC1=CCC=C(Cl)C=CC=CS1
7901,8081,COOC(=O)NC=C1C=CC(C)C1
7902,8082,CC(=O)CC(C)CC=CC(O)C=NCCl
7903,8083,C=CCC(Cl)C[PH1]CC(=O)O
7904,8084,NCCCCCCCCC=NC1=CNC=NC1NCC
7905,8085,CC(=O)OC=C1C=CC=CS1
7906,8086,CC=CC(=O)N=CCC1=CC=CNS1
7907,8087,C=C(C)CC(=O)C1=CC=CC=C1[NH1]CC
7908,8088,CCC#COCN(O1)CNN=NC1
7909,8089,OC=CC(=O)C(O)=CC=CC(=O)C
7910,8091,C(=O)OC(C=CC=CCC1=NC=C)C=C1
7911,8092,N=NOCN1S2C=CC=C=C2C=C1
7912,8093,OC=CC=CC=CC(C)[NH1]C=C(C)C(N1)=C1
7913,8094,N=C1C(C)C(C=CC=O)CNCS1
7914,8095,NCC(Cl)=CN
7915,8096,CCCC=1C=C[NH1]N=1
7916,8097,C=CC1=CC=C(N2)N1SNC2CC=CC=C
7917,8099,CCCC=CC1=CC=CSS1OO
7918,8100,OCCC1C(C)C(=O)CSC(C)CC1
7919,8101,CCCCCCCC1(C)CC=CC=C1
7920,8102,C=1OOC=1
7921,8103,NNC#N
7922,8104,COC(C)C=CN(O)C=NSN(C)C=O
7923,8105,C1N=C1C(=O)C(C)CC2C=CC=C2
7924,8107,COC(=O)C=C[NH1]C(=O)C=C[NH1]
7925,8108,CCC(COCCOCCCC)CS
7926,8109,NC=CCC=C(C)CC=C
7927,8110,O=CC(C)CCCCCNC=O
7928,8111,CCNC(=O)OC=C[NH1]C(=O)O
7929,8112,C1=CC(C=O)NCN=CNCC1=O
7930,8113,C(C)OC=C1CCCC=C1SC=CNC
7931,8114,CC(C=CC=CC(N)SN=O)CC
7932,8115,C1C=CC=C1C(=O)OC
7933,8116,CCOC(C#CC(O)C1(C)C)CCC1
7934,8117,CNCCCCC1(C)CCC1CC
7935,8118,N1C=CC=C1C(=O)NCNC=N
7936,8119,CCC1CCNO1
7937,8120,O1C=CCCCC1
7938,8121,C1N=C(C)CC=C1CCCI
7939,8122,CCOC(C)CCCCCC=N
7940,8123,CC(=O)CCC(=O)O
7941,8124,CCNC=CC=CC=NCC=C(OC=CN=C=N)O
7942,8125,CN(C)CCCC1=CCSC=N1
7943,8126,N[NH1]CNC=CC(O)CC1=CCC=C1NO
7944,8127,C1=CC(C)=CC=C(C=CC2)C2N1
7945,8128,OC=C1C=CN(Cl)CCC(CO)C1
7946,8129,C1C2C(C)C1(N)C(C)OC(O)=C2
7947,8130,CNC=C1CC=CC=C1C=C
7948,8131,CC1=CC=CC=C1C(=O)OO
7949,8132,C1N=CC=CCS1C=O
7950,8133,CCC(=O)N1C=CC=C1CNNC
7951,8136,CCCC(C)CCC1SCC2S1CCCC2
7952,8137,CC(=O)N1C2CC3NCC2C=C1C(=O)C=CC(Cl)N3C
7953,8138,CC=CNC(=O)OCC=CC(C)C
7954,8139,C(=O)CNC=CC=CC=CC=C(Cl)NSC=CNNO
7955,8140,C=C(C)CCOC=CSC1CCCC1
7956,8141,N1N=C2CC=C(Cl)CC=CC=NC1N2C
7957,8142,NCOC(=O)C=C1C=C(Cl)CC1OC
7958,8143,O=C(OC=CC=C1C)C(Cl)N=C1O
7959,8144,CN=C(C1C2C=CC=C1)NCC2
7960,8145,C=CC(C#CCN(O)C)C=NC=CC=C
7961,8146,S1C2CCCCC2C=N1
7962,8147,CCCCN([NH1]C=CC=CCO)C
7963,8148,C1CCCCC1CCBr
7964,8149,O=CCC=CC1=CC2=CC=C1CP=NC2
7965,8150,OC(N)SCCC(=O)C(O)=C(C)CN
7966,8151,C1C(N)OC=C1
7967,8152,O=C(N)CCCC(=O)N1S2C=CC=C1COC2
7968,8153,NC(C)OC(=O)N(O)NCO
7969,8154,OC(C)C=CC=C(Cl)C1C=CC=CC=C1
7970,8155,CCC(=O)C=CC1=C2C=CC=C2COC1N
7971,8156,C1=S(N)NCC2CC(O)=C1C=CNCC2
7972,8157,C=C(N1)C1CCCCCCC2NCCC2
7973,8158,N1=SN=C(N)CC=C(C=CN(O)C)O1
7974,8159,CCC(C)C=C1C(O)C=C1C=CCF
7975,8160,CCC=CC(O)CCCCCNCl
7976,8161,N#CC(C)CC1CCCOC12CCCC=C2
7977,8162,O=C(O)C(O)CSC(=O)OC=CC=CNCN
7978,8163,CC=CC(N)C1=CC(O)CCCC1C
7979,8164,CC=CN=NC(C)C1=CCONC=C1CC
7980,8165,N=1CC=1C(C)SNCCC(C)CC#N
7981,8166,OC=C(C)[NH1]C(C)COOCOCC=CC=CCl
7982,8167,CCC=CN=CC=C(C)NCCBr
7983,8168,C=SNC=S1(C)CNC1
7984,8169,O=S(C)CCCCSC=NCO
7985,8170,CC(=O)COC(=O)CC1=CC=CN=C1
7986,8171,C=SC1=CC=CC=CN=C[NH1]1
7987,8172,C=CC(C1COC)=NC(O)C1(NC=C)N=O
7988,8173,CC1(N)C=NCC(=O)NC=N[NH1]1
7989,8174,NCC1=CC=CC=C1OCCCC
7990,8175,CNC(=O)C1=CC=CC=CN=N1
7991,8176,NC=NC=CC1=C2C=CC=C1NCC2
7992,8177,CCC1NCC=CN1COC
7993,8178,BrCC=NSCCC1(O)COC1CCN[NH1]
7994,8179,CCCCC(=O)SC=O
7995,8180,C1C=NN=CN=C1NCOCC(=O)CC
7996,8181,C1C2=CC=C1NCC=CC2O
7997,8182,CCCOC=CC=C1N(C)CC=C1
7998,8183,C=CC=C(CC1OC=CC=CNCl)C=C1
7999,8184,CC(N)NC
8000,8185,OC=CC=CC=CC1=CC=CC=C1
8001,8186,O=C(F)NCCC=S(C)=O
8002,8187,C1CCC(C)=C2C=CC=CC21
8003,8188,NC=CC=NC(F)CCSC(=O)O
8004,8189,C1CC2(O)C(=O)N1C=CN=C2Cl
8005,8190,CCCC(C)CCOCOCCCCON
8006,8191,CC=CN=CC=C1C=C=CC=C1
8007,8192,CC(N)=CC(=O)C1OC=CC(O)=C1[SH1]Cl
8008,8193,COC=CN=C(Cl)C=C=N
8009,8194,COCC=CC1=CC=CC=C2C=C12
8010,8195,CC(O)CC(=O)OC1(O)CC(O)COC1
8011,8196,CC=C(Br)C=C1C=COC=CC=C(C)O1
8012,8197,CN(O1)C=CC2=CC=CC3=C2C=CN=C3C=C1
8013,8198,CC(C)=NC=CN=C(NC=CC=CF)C=C
8014,8199,ON=S1C(=O)NCC(C)C1O
8015,8200,CC=CC=CC=CC1=CC=CC=C1C
8016,8201,OCCC
8017,8202,OCOC=C1C=CC=CC=C1
8018,8203,CCCCOC(NC(C)C)(C)C(I)=COC
8019,8204,C1CC=C(C)COCNCCC1
8020,8205,CCCCC=CC(NCCC)=CC=C1C=CC(F)=C1O
8021,8206,SCCCCN=C(C=CC)C=O
8022,8207,CCC(=O)NC1=CC=C(S)C2=CC=CC=C2S1C
8023,8208,C=NC(P)CCC1C(C2S3)CNCC3C=C2CCN1C
8024,8209,CC(O)C(=O)OC(=O)COCCC=O
8025,8210,NC=NN=C[NH1]C=C(C)CC=C=NCCl
8026,8211,CCCCC=C1C=CNCC1=C
8027,8212,CC=CN=CC(O)C=CC=[NH1]
8028,8213,O=C(O)C=CNCC1=CC=CCC1
8029,8214,NC(O)N(C)C=O
8030,8215,C1CSN=CC=C1
8031,8216,NN=CN=CC1=CC=C(N)CC1
8032,8217,C(C)(NCCC=NC(C1)C=CC=CC=C)NN1
8033,8218,CCNC=CSCC1=CN(Cl)C=C1
8034,8219,NC(CCC)=S
8035,8220,CCCCC=CC=C(O)CC=CN
8036,8221,C1OCOC(O)CCCCC1
8037,8223,CC=CC(CC)=CC=CC=C[NH1]C(=O)O
8038,8224,CCC1=CC2=CC=C1C(=O)OCSC2
8039,8225,NC=C(N)C(=O)OC=CC=C(O)CO
8040,8226,CNC=NC=C(F)CC1=CC=CC=C1N
8041,8227,CC=CNCC(=O)OC1=CC=CC=CC=C1
8042,8228,C=CC=C(C)CCC1CC=CC=C1
8043,8229,CC(COCCCO)=CC1=CC=C(Cl)C1Cl
8044,8230,C1CNCOC1N=C(C)COC(=O)O
8045,8231,OC=CN=C(C(O)CCNC=O)N=C
8046,8232,COCCCOC=CC1=CC=CC=C1
8047,8233,C1SC=C2C(=O)NC2C=C1
8048,8234,CNC(=O)C1=CC=C(N=2)C1(Cl)OC=2
8049,8235,OCC=CC=C[NH1]C1=CC2=CC=C1SCC=C2
8050,8236,C#CC=C1C=C2C(N)C(N)C21
8051,8237,CNC(=O)OOC(N1)C=CC(Cl)=C1N
8052,8238,CC=CSCC=CC(=O)C=NNC(=O)O
8053,8239,CC1NCC2C(=O)C=C=CSC1=C2
8054,8240,CCCC1CC(C2)=CN=CC=C(SC)CC1PN=C2
8055,8241,NC(=O)NC1C=NNC(=O)OC1
8056,8242,C=C(CC)CCNC=C1C=CC=C(Cl)C1
8057,8243,N1OCC1
8058,8244,CCOC(=O)NCOC(=O)O
8059,8245,CC=C(S1)C=C2C=C(C=CC=C2)C1CCC
8060,8246,CC(C)=CC=CC=CC(Br)C#C
8061,8247,CCNC=CC1=C2C=C(O)N2NCN1C
8062,8249,C#CC(=O)NC=C[SH1]1(C(=O)O)CCC1
8063,8250,N(=O)[NH1]C(=O)CCCCCCCO
8064,8251,S1NC=CC2=CC=C3C=C2CC1=C3
8065,8252,C1C=C2S1C=C(NC2C3Br)C=C(C)C=C3Cl
8066,8253,CC=S(C)#N
8067,8254,COC=NC1(C)CCC=C1CBr
8068,8255,N=CC(=O)C1NC[NH1]CN=CCC=CN1
8069,8256,O=CCC=CC(O)=C(F)NC(C)OC
8070,8257,NC(N)C(=O)C(C)=S(S)NO
8071,8258,C1NCCCCCC1=O
8072,8259,C1CC=C(CCC)CC1
8073,8260,CCC=CC=CN=CC=CC(=O)N(I)C=O
8074,8261,OOC1=CC=C[NH1]C1=O
8075,8262,CC=C[NH1]CC(C)SOC(N)C#N
8076,8263,O=CC(C)C(C)C(C)C1=CC=CN=C1
8077,8264,OCC(O1)=NC=CC2=CC=CC=C2CO1
8078,8265,C1C=CC=C1C2CCCC2
8079,8266,CCCCSC(C)C(=O)O
8080,8267,CC=C1C(=O)CCOC=NC1(C)O
8081,8268,C1NNC(=O)C1
8082,8269,COC(C1C(C)OC(C)O)C1
8083,8270,NCCC=CC=CN=CC=CC=C[NH1]
8084,8271,C=CC=C1C=CC2(S)[NH1]NC=C21
8085,8272,CC=CCC=CCOC(C)C(NC)=O
8086,8273,C(O1)=N1
8087,8274,COCOC=NC(C1=CC=CC=C1C)CC
8088,8275,CC=NN=C(O)C(O)CC1C=CC=C1
8089,8276,CCCCC=CC=CC1=CN=CC=C1OC=CC(=O)O
8090,8277,CCCCC[NH1]C=NC1=NC=C2C=C1CCC2
8091,8278,CC(C1CC=CC(N)O)=NC(Cl)C=C1O
8092,8279,C1=C(O)N=CC=C[NH1]1
8093,8280,C=CNCCCC1CC(C)CC1
8094,8281,CC(CCCNCC=C1[NH1]C)=CC=C1
8095,8282,C=C1C2=C(O)C(C3C2C=CN=C)C=C1N3
8096,8283,CC=CNCC(=O)C=O
8097,8284,CC1=C(C2)NC(O)(S)C(N)=C1O2
8098,8285,CC(S)SC(N)(O)CCCC=O
8099,8286,C=C(N)OC=CC(N)CC(C)O
8100,8287,N=COC=CN=CC=CC=CC=C
8101,8288,CCCCCC(=O)O
8102,8289,CCC(=S1)NC1(Cl)F
8103,8290,CC1NC(C)CC1
8104,8291,BrC1NCCCCC=SC(C)NCC1
8105,8292,NC(=O)NC(C)CCC=NC=C(Cl)CC=CO
8106,8293,CCCCCCC1CC=CC=CC1=O
8107,8294,CCC1CC(=S)C=C1CS
8108,8295,NC=CC(C)=NC1=CC2=CC=C1NC2
8109,8296,CCCCN[NH1]PC1=CC(=O)C=C(C(Cl)C=CC=C1O2)C2
8110,8297,COC(=O)C1(C2)OCC1C=C2
8111,8298,CC(C(C)(O)C=O)CN=CSC=C
8112,8299,N=C(O)C=CCOCCC(Cl)O
8113,8300,O=NC=C1C=CC2=C1CSC=C2N=O
8114,8301,COCC=CC=C1C(N)C=CS1
8115,8302,NCCCC(CCC=CSC1)=N1
8116,8303,CC(=O)OC1=NCCCC=C(Cl)C=C1
8117,8304,CC=CC(NC=C1C=C)C=CC=C1N
8118,8305,C(N)CCCOC1CCCC1O
8119,8306,C1NC=NC=N1
8120,8308,CCC(C)OC(=O)C1=NC(C)CC=CC=C1
8121,8309,CCCNC1=CC=CC=C1C2=CC=CC=C2NO
8122,8310,COC(=S)C=CC(=O)N=C(C)OC=C
8123,8311,CNCC(C1=C)C=C(N2)C=CC=C1C=C2N=C=C
8124,8312,NCC=1CCC=CSC(=O)N=1
8125,8314,CC=CC=C(C1CCC=O)OC2=CC(C=NC=CC1)=C2
8126,8315,OCC=CCC=CC=C1C=C2CC=CN21
8127,8316,CC=C(C)CC1=CC=CC=C1C(=O)O
8128,8317,O=CC(Cl)CCC(C)=CC=CC=C
8129,8318,CCC1C2(N=CC=C2O)CNC1
8130,8319,C1C2=CC=CC=C(Cl)C=CC=C12
8131,8320,CC=CC=CC1(C)C=CC=C1
8132,8321,NS(=O)C[NH1]CCC(=O)O
8133,8323,CC=CC1=CC[NH1]N=C1C(OC)=O
8134,8324,C=CC=C(Cl)N(N)CO
8135,8325,C=NC(C)OC(C)N=C1C=CC=CN=C1
8136,8326,CC(C)C(C)=NC=C1C=C(N)CONC=C1
8137,8327,COCC(Br)CC1C=COC1
8138,8328,ClC1=CC2(N=CCO)SC(C)C2C1
8139,8329,CCC(O1)C(=O)C(C)OC=CC=C1
8140,8330,NCCCC1CCC(S)=NC(C)CO1
8141,8331,C=C1C(C2)C=CC=CC(C2)C1
8142,8332,CC1C=CCN(C1CCO)CSC
8143,8333,OCC1CCCC1
8144,8334,CNC(O)NCNCCCNO
8145,8335,CCCCNCCCCCC
8146,8336,O=C(CC=C)C=CNC1CNCCC1
8147,8337,CNCOC(C1)C(C)CC=CC1
8148,8338,CNC(=O)OC([NH1])C1=CCC(O)C1
8149,8339,CC(N)(COC)CC=C(Cl)CO
8150,8340,CNC=C(O)C=O
8151,8341,CCCN=C1C=CC=C1OC(=O)OC=S
8152,8342,O1C(C)=CC=C1C(=O)O
8153,8343,CON(O)OC(=O)O
8154,8344,CC=C(C)OC1C=CC=C(O)NCC1
8155,8345,FOC(=O)CCC(O)C(=O)NCC(=O)N=C
8156,8346,O1C#CC1C
8157,8347,N=CC=CC#CN
8158,8348,N(N)CCNC(C)CCC1CCNC1
8159,8349,O1C=C1CC=CC=CC(=O)C=O
8160,8350,OCOC=CC1=C(O)COC1
8161,8351,COC=C(N)N=NCCOCC1=NC=CC=C1
8162,8352,CCC(=O)NC=NC(O)C1CCCC1
8163,8353,OCCOC(C)CCCC1=CC=CC=C1O
8164,8354,C1ON(O)N=C(O)C1
8165,8355,CC=NC(O)C=CC=CC=NCCl
8166,8356,CN(C)CC(C=NCC)=NC(=O)CO
8167,8357,CNC(=O)OC=CC1=CC=CN=C1
8168,8358,CC(N)=C(C)Cl
8169,8359,NC=CC=C1C(O)C2N1CCC2C3=CC3=O
8170,8360,COC1=CN=CC=C1C2=CC(F)=C2
8171,8361,CCCC(N)C=NOO
8172,8362,CCC=CN(C)CCOC=CC(C1)C1
8173,8363,CCC(C)CC=CC1=CC=CC=C1O
8174,8364,CCCC1CC(C)C1CS2C(O)CCC2
8175,8365,NNC(=O)CCCNC(C)=N[NH1]C=C=CCl
8176,8366,C(=C)C=CC(Cl)=C(C)F
8177,8367,CCCCNC=NCCl
8178,8368,CCCC(C)(C)C1CCCN1C
8179,8369,C1(N)=NC2=CC=CC=C2N1
8180,8370,NC(C)CC=C1C2=NC=CC=C2C=C1
8181,8371,NC(=O)OC=CC(=O)C=O
8182,8372,COC=CCN1C(C)C(C)CON=C1
8183,8373,CCCCC1C(C)(O)CCCC[NH1]C1
8184,8374,CC(CCOC(C)CO)C(O)C(O)C=SO
8185,8375,C1C(C1C(=O)NC)(CCl)OOCC
8186,8376,C=1CCCC=CCN=1
8187,8377,O=C1C=CC=C2C=C(Cl)CC2=C1
8188,8378,C(C)C(=O)C(=O)OOC(F)=C(Br)F
8189,8379,C#CCCC(C)COC#N
8190,8380,OC=CC=C(O)C=CC=C
8191,8381,CC12OC=CC=C1C=SNN=C2C
8192,8382,C(O)C(C)NCCC=CC=CC(F)(C)S=C
8193,8383,CNCNC(O)S(=O)N(N)C(F)C=C
8194,8384,C1CSN(O2)C12C=SC(=O)OCCCC
8195,8385,NC(Br)CN=CC1=CC=CC=C1C
8196,8386,COC(N)CCC(N)CC
8197,8387,NOC(C)F
8198,8388,O=CC=CN(CC=CC=CCCC)CO
8199,8389,CC=C(N)CCCOC(CP)C(=O)O
8200,8390,NCOC=CCC1=C(O)CC=C1CCCC=C
8201,8391,CNCCNCOC([NH1])OC[NH1]C(C)O
8202,8392,CC=CCCC1CC(C)C1
8203,8393,OCC=CC(N)(CCC)CC=O
8204,8394,CCCCCOC(C=CC(O)CC[NH1])C#CO
8205,8395,NCNC=C(C)N=C1C=CC=CC=C1
8206,8396,C1CC(C(O)CCOC)(O)N1O
8207,8397,CN=C1C(OC=O)N=CC(C)C1Cl
8208,8398,O(CCOCC=O)C=O
8209,8399,CCC1NC(=S)CCNC1O
8210,8400,CC=CC=NCOCC(=O)CCC=C
8211,8401,CCNC=CN=C(C)C1OSCC1
8212,8402,CCC(C)NCCCCCCl
8213,8403,NNCC=CC=CC1=NC=CN=C1NS
8214,8404,CC(C1)CC=CC=C1C2N=CC=CS2O
8215,8405,CCCC(C)(C)C1CCCCCC1N
8216,8406,O=SC=CC=C=CC1=C(N)CC=C1
8217,8407,N1C(=O)CCCCCNC1
8218,8408,CCCC1=CC=CC=CC=C(C=O)N1
8219,8409,C12C(N)C(=O)N(C3)N=CNC1C3=C2S
8220,8410,CC(C)NOC=CC1=CC=C2OC1NCC2
8221,8411,CCPC(=O)CC1(O)CCNC1OCO
8222,8412,C1N=C1
8223,8413,NONC1=CC=CC=C1
8224,8414,CCCCCCN
8225,8415,CNC(C)C=NNC(C)CCC=C
8226,8416,N(C)C(=O)OCNCCOCCC
8227,8417,C12C=CC=C1C3=CC(S)=C2C3
8228,8418,CCCCC(C(C)OC(=O)C=CC)=CC1=CC=CC1=C
8229,8419,OC1NC(C)=C(Cl)CC=C1C#N
8230,8420,CC(O)C(=O)CC(C)=CCO
8231,8421,CNC(C=1)=NNC(SC=1C=O)O
8232,8422,CNCCOC=CC1SC=CC=C1CNC=O
8233,8423,CCCC(C(C1)CC#N)OC1
8234,8424,C1C=CC2=C(C(=O)C2CC3SC)C1=CC=C(C)NS3
8235,8425,CN=NN
8236,8426,C1C(C)=SNCNCC1
8237,8427,CONC=CC=C1[NH1]CSC=C1C
8238,8428,C=CC=CC1=CN=CN=C1CN2CCCC2C
8239,8429,CC(C)C1CC#CC=CC1C=CCC=CF
8240,8430,C1CN1C=CC=CC=CCl
8241,8431,CN1CCCCC(Cl)=C2CC(OC)=C21
8242,8432,CC=CCC=CC=C(CC=CC)C
8243,8433,CPNCCN(O)NCCCC=CC1=CCS=C1
8244,8434,CC(=O)NCCC(=O)O
8245,8435,CCCCCCCCCC1(O)CCCC1
8246,8436,OCC=C
8247,8437,NCC(O)SC#N
8248,8438,CCCCCCCCC1CCCCC1C
8249,8439,N=C=NC=CC=C[NH1]F
8250,8440,CCCC1CCCCCCCCCC([NH1])C1=O
8251,8441,CC#CCCC=O
8252,8442,CC=NCC(C)CCN=NC1NC(C)CC1
8253,8443,SCOC(C)OC1=CC=CCC1
8254,8444,CN1C(N)CCO1
8255,8445,OC(C)=CC(=O)NN(O)COC(COC=C)CC
8256,8446,CCC(=O)NNCCCC=1CCCC=1
8257,8448,C#CCOC=CC(=N)OC1=CC=CC=C1N
8258,8449,CCC(C)=CC=CC1=CSC=CC=C1C
8259,8450,C=CC=CC1=CC=CCN=C1OS=C
8260,8451,COC=CC(C)C(=O)ONC=CC=C(F)NS
8261,8452,CC(O)C=O
8262,8453,O=C(CN1CC(N)CC)CCCC1
8263,8454,O=CC1C(C)=CNOCSC=C1N
8264,8455,CCC1C(=O)CCOC1
8265,8456,O=C(O)OC(C)CC=CO
8266,8457,CC=CCCCC1CC(C)=CC(C1C)=C
8267,8458,CN=C=C(CNC)C[NH1]C=CCC=C
8268,8459,CCC(C)(O1)OCC2(O)CCCCCC2C1=O
8269,8460,NCCCC1(C=CC)CCCC1=[SH1]
8270,8461,CN=CCC(=O)CCC=C
8271,8462,ON=NC(C)S(=O)C=CN=CN=CCON
8272,8463,O=CC=C(O)Br
8273,8464,O(NOC(=O)OC[NH1]CC)CC
8274,8465,O=CCI
8275,8466,ON(C)C1NCN=C1CCCC=O
8276,8467,CCCCCC=C(O)N=CC=C1C#C1
8277,8468,CC(N)=C[NH1]CCC=CO
8278,8469,O=CN=C(O)C=C1N=C[NH1]S1O
8279,8470,N#CCC=CC=CC=C(C)Cl
8280,8471,CC(C)(O)C1=CC=CC=C1CCNCC=C
8281,8472,C#CCP(O)CC1CNCOC=C1OCN=CC=C
8282,8473,CC=CCC=C=CC=O
8283,8474,CCC(=C)C12NC(C)=CCOC1C2
8284,8475,C=CC=C(C)OC(=O)[NH1]CC(O)O
8285,8476,CCC=CC=CC=CC=S
8286,8477,N1CCCCCCCCCCCC1
8287,8478,SC(C)C=C[NH1]C=NC=CSC=CC(=O)N
8288,8479,CCC(N)CCCCCC1CCCCC1=N
8289,8480,CCC=NCC[NH1]C
8290,8481,CCCNCOC1S2CNCNC2C=NC=C1
8291,8482,NC(C)CNC(C=O)O
8292,8483,C(=O)C(C)CCCCCCN=CC(=O)CC=N
8293,8484,CNC(=O)OS1C=CC#C1
8294,8485,C=C(C)C
8295,8486,CC1NC=CC1C=CC2SC(=O)N=C2
8296,8487,NCSC=CC=CCCC(C)=NC=NC#C
8297,8488,O=C(O)C(=O)C(=O)OC(=O)CCNC=C
8298,8489,ONC1CCNC2C(=O)[NH1]C(C=CC)=C21
8299,8490,O=C(CC1OC(=O)OC=O)[NH1]C(O)C1=O
8300,8491,NC=NNC1(C)CC2=CC(=O)NC21
8301,8492,CC(O)C(=O)C(CCCC)(O)O
8302,8493,NC(=N)C(C)(O)CCCCCCC
8303,8494,CN=CN=C(O)C=O
8304,8495,CCCCNCC(C)=O
8305,8496,C12OCCN1C(=O)OCCC2
8306,8497,C=CCC(C)(N)C1C=CC=C(Cl)C1
8307,8498,CP
8308,8499,COC(C)C=NCCC=NC=COC1CC1=O
8309,8500,C=1C(CCCOC=C)C=C=1
8310,8501,CC=C(COC=C=P(=C)C=CC)CCl
8311,8502,C(O)COCCC1C(O)[NH1]CC1C=O
8312,8503,C=S#CCCCCCC(=O)OCCC
8313,8504,OC=CC=C(C1)CCCC1=CC=C
8314,8505,CC(O)CCCCCCCC(=C1N=N)C=C1
8315,8506,C1OC=NC(O)C(C)CC(C)(O)C1
8316,8507,O=COSCCCC(C)NNC
8317,8508,C1C=C(CNC12OCC=CO)C=C2
8318,8509,CNCCCCN=NNC=CC1=CC=CC=C1
8319,8510,CCSC(C)N1CC=CC=C1N=C
8320,8511,NCCCC(=CC=CO1)C2C=CC=C1C2C=C
8321,8512,OC(CCCC=CC1=CC)(O)CC=C1
8322,8513,CCOC(C1)COCCCNCC1=O
8323,8514,OC1=NC=CC=C1C=CN=CBr
8324,8515,CC(CCC)CCN(S)CCCCNC
8325,8516,C1C=CCOC(=O)OC(O)=N1
8326,8517,CC(=O)CN=CSS1C=CC=C1O
8327,8518,O=C(N)SC1=CC(F)=CC1
8328,8519,NN=CC1=C(C)CC2=CC=CC=C21
8329,8520,CC1(CC2C(C)=NC=C1)OC=C2
8330,8521,NNC=C(C)C1C=CC=CC2=CC=CC=C2CO1
8331,8522,NCCCC(=O)NCNCCC(=O)O
8332,8523,C1CCC1OC(C2)=CCC=CC=C2NC
8333,8524,C12CC=CC=C1ON=C2O
8334,8526,CC1=NCCC=C[NH1]C=C=C(C)CO1
8335,8527,COC1=CC=CC2=CC=CC=C2C1S
8336,8528,C[NH1]CCNC=CC=CCC=O
8337,8529,O(O)C=CC=C(C)Cl
8338,8530,C12C=C(N)CCCC3C14CCC2C43
8339,8531,OC(ONCC=CCCC1CBr)CCC1
8340,8532,[NH1]1CN(C)CC(Br)C=CCCC1
8341,8533,C=PC=CC1=CC=C2NS1NC2C=C
8342,8534,CNC(C)CCCC#CC
8343,8535,O1N=CC=C(N2)CC=C(C)C1C=CC(=O)N2
8344,8536,ClC=CC(NC)=CC1=CC2=CC=C1CCCC2
8345,8537,C1C=CNN=C[NH1]1
8346,8538,CN=C(Cl)C=CC1=CC=CC=C1
8347,8539,CC=C[NH1]C=NC1=CC(C(Cl)=CCl)C1S
8348,8540,CC=CC=CC=CC(=O)NCCl
8349,8541,NC1=NC=CC=CC2(C=C)CNC2=C1
8350,8542,OSCC(=O)CNCC(C)=C1CCNC1=O
8351,8543,CC1=CC=CC=C1C=O
8352,8544,CC=CC=CC(C)(C=CC)C(Cl)C=CCl
8353,8545,O=CC=CSC=COC
8354,8546,CCC1=CSC=C1C
8355,8547,CC(C)CCC1CCCC(O)CCCC1
8356,8548,C=CC=C1C=C(C)CC1F
8357,8549,NCCNC(CCCCC(C)=CC=C)Br
8358,8550,C1=C2C=C3N1N=CN=C3CCCCC2
8359,8551,COC(=O)OC(=O)C=C[NH1]CCOCOC=C
8360,8552,CCNCOC=CC=CS1(S)CC[NH1]1
8361,8553,C1C(O)COC12CN3CNCCC2=CC=C3
8362,8554,CCCCCC1=CC=CC=NC=CO1
8363,8555,CC=NCNCNC=C1C(C)=C(Cl)C1C
8364,8556,CCCCCCCCC(NCNN)CO
8365,8557,NC=C(N)S(S)C(C)OC=O
8366,8558,C=CC(C)(O)OC
8367,8559,COC1CC=CC=C1NCN
8368,8560,CCCCC=CC=C1C=C1O
8369,8561,CCCCC=1COCOC(C)C=1
8370,8562,COC=C1N=CC=C[NH1]1
8371,8563,CC=CC(CCC1(C)S)CCC1O
8372,8564,CCCCC(=O)COCCCC=C
8373,8565,C1C(=O)NC(=O)C=CN=C1
8374,8566,C1C=CC=C(P)N=CC=C1
8375,8567,COC=CC=C(O)C=CC=CBr
8376,8568,CN(O)C=C(CC(N)CCC1O)C2S=C(Br)N=C12
8377,8569,COC(C1)CNCCC=C(N)C=C1
8378,8570,OOCCNCCCNC=C
8379,8571,CC=CC(=O)C=C1CC(N)C(N)=C1
8380,8572,NNCCCCCCCCCCCC
8381,8573,COC=CC=CC1C=CC=C(Br)C1
8382,8574,CCNN=C(S)C(C)C=1CCC=1
8383,8575,O=CCCC(Cl)=CC=C1C=C(Cl)C1
8384,8576,CCC(=O)C(=O)OC(O)C1CCCC1
8385,8577,N1=CC=NN1C2CCCCCOC2
8386,8578,CCC(C=NS)=CC=CC
8387,8579,CCCC(C)CC(=O)C=CC=CC1CN=CC=C1N
8388,8580,CCCCCCC1C(Cl)(Cl)CC(S)CN1
8389,8581,O=C(NC=C)N1CC(N)C=C(Cl)C1
8390,8582,CC(=O)CSC=NC=C1C2=CC=CSC2=C1
8391,8583,C=C1C=CC=C(O)CC#CCC=C1
8392,8584,CNNCN1CCCC(O2)CCCC2C1
8393,8585,CNC(=O)NC(C=CO)C#N
8394,8586,CC=C1C=C(CCC(C)N1C=C)C(C2)C2
8395,8587,C1OC=C(C)OCC(C)CCC=C1F
8396,8588,C=CC=CC(C)=CC=CC
8397,8589,CNCN1C(=O)N=CCC=CS1
8398,8590,CCC=CC1=C[NH1]C=CS1
8399,8591,C(NC1=CC=CC=C1CC)CCC=O
8400,8592,C=COCC(CC)NC(=O)N
8401,8593,CCN(O)C(F)=C(O)CSCOC=O
8402,8594,C=CCC=C1C=C(CCC12)C=CN=N2
8403,8595,N1C(C)N(N)C(=C)C1C=CC=C(C=CC)C
8404,8596,CCC(C)CCC(C)C(C)CC=C(O)C
8405,8597,C(C)COCCC1NC=CC=C1C
8406,8598,CCOC=CC1=CN=CCC1CN
8407,8599,N=1C=C(C)CCC=1
8408,8600,CC(C)C1=CC=CC=N1
8409,8601,O=CC=CC=C1NC=CC=C1C(=O)O
8410,8602,C(=O)C=CC=NC=O
8411,8603,CCC(C=CNNC)(O)O
8412,8604,C1=NC2(O)C=C3C(O)C=CCC31NC2S
8413,8605,COC(=O)OC1=C=NCC1C2=CC=C[NH1]2
8414,8606,C1C(C)C=CC=C1C=C2C=CC=CC=C2C
8415,8607,C#CCC=CNC(N12)=CC=CC=C1C=C2
8416,8608,O=CC=CC(F)C=NCCC=NC=C
8417,8609,C#CSC(C)CCOCC
8418,8610,CNC=C(O)OCCCCC(=O)O
8419,8611,CC(=O)CCCC[NH1]CNC(C)C=C=O
8420,8612,CCCCCCCC(C)CCCCCCC=C
8421,8613,NNCCC1N(N)C=N1
8422,8614,CCCC=CN=C(C=S1NC)CC=C1
8423,8615,C=CC=CC=C(Cl)C=CC=CC=O
8424,8616,ClC=CSC=C(C=CC1)CC=CC=C1
8425,8617,CC1(N)C=CC=C1C=C(O)CCC#N
8426,8618,OC=CC=CC1=C2C=CC3=C2CCNC13
8427,8619,CCSC=CC=CN=NCCl
8428,8620,OCCC12C(C)=C3C=C4C=CC3=C4C1C2
8429,8621,CCC=C=NC=CC(C(=O)O)=N
8430,8622,CC=C1C=C(C=CC2=CC=CC)C2CC1
8431,8624,NCNC=C1C(=O)NCCCC1=C
8432,8625,CC(=O)C1=CC(Cl)OCO1
8433,8626,CNC(=O)C1=CC=CC1CC
8434,8627,CC=NNCC=CC
8435,8628,CCC(=O)C(I)CCN1CCC2=C1CC=C2N
8436,8629,COC(C)=NC=CC(C)SC(=O)COO
8437,8630,CNCC(CCNC(C)CC)C(CC)CCCO
8438,8631,C(O)C(=O)CC=CC=CNC=CC(=O)O
8439,8633,O1N(C2)C=CC=CC=CC=C=C12
8440,8634,C=C(C=CC1=CC)N(Cl)C=C1
8441,8635,NC=NC=CC=CN=CC=C(Br)CC=CC=C
8442,8636,OCNOCNC(=O)NCCCC(N)C
8443,8637,N1CCCN(C)COC(=O)N1C
8444,8638,C1CCC=CN=C(C)CCN1NCCCCC
8445,8639,C(C)SCCCCCCF
8446,8640,CC(N1)SC(=O)CC(O)C1=O
8447,8641,NC=CCOC(O)CCCP=C
8448,8642,CCCC(=O)NC1(Cl)C=CC=C1O
8449,8643,CC(C)COC(=O)NCCCCCCOCNCC
8450,8644,C1CNC2=CC=CC(I)=C2C1
8451,8645,O=CC=CCC(C)(O)C(O1)=CN=CNC1=O
8452,8646,CC=CNC=C(OCOC1=CC=CC=C1)Cl
8453,8647,COC(C1)N=CN2CC=C1OC2
8454,8648,CCCC[NH1]C=C1[SH1][NH1]C(C2C)CCCC2=C1
8455,8649,O=CC=CC=C1C=CC=CC=C1
8456,8650,C(=O)N(O)OC(=O)C1(N)CCCC1CCCN
8457,8651,CCCC(C)CCCC=CC
8458,8652,CC1=CC=CCCS1C2=CC=C(N)C2=C
8459,8653,OC(O)C(=O)OC
8460,8654,CC=NC1=CN=C2C=C1CCC2
8461,8655,CCCPO
8462,8656,CCC=CC=CC1=C2C=CC=C(F)C2NN1
8463,8657,CNC(C)C(N)C(O)C=NC(=O)OCC=C
8464,8658,C(=O)C=CC=C(O1)C(=O)OC2=CC=C1O2
8465,8659,CC=CC=C(C)NC(=O)O
8466,8660,CN(C)N=NC=C1C=CC=C1Cl
8467,8661,C1NC=CN=CC=C(S)C(C)=C1OC
8468,8662,CC(O)=CSC=C(O)C12C3C=CC=C1C(O)C=C32
8469,8663,C1=NC=CC1C(=O)NC(=O)C=C
8470,8664,N1CC[NH1]C(=O)NCCCC12CCC=C2C=C
8471,8665,NCCCCC(C)CN1CCCC1
8472,8666,CC=C(CC=CC=C1)C=CC=C(F)C1
8473,8667,O1C(Br)NC#CCC1C(=O)NC#C
8474,8668,CCC=CC(=O)C1=CC=CC=C1OO
8475,8669,N(=O)CCC(C)C=N
8476,8670,N1C(=O)C12NN(C)C=CC=CO2
8477,8671,CCCOC=NCCCNCC1NCCCC1
8478,8672,C(CC=CC=CCOC=C)C[NH1]P(N)=O
8479,8673,ON(CN1C(C)C)C=C1
8480,8674,CCCC=CC=CC=CCBr
8481,8675,CCCCSCCCBr
8482,8676,C1C=NN=NN(O)C(=O)NC1=O
8483,8677,C1CCC(=O)N(O)NCCC1N
8484,8678,CNCCCOCCO
8485,8679,O1C=CC=C1CS2CCCC(O)C2=C(N3)C3
8486,8680,OC(=O)NCON=NC=CCC
8487,8682,CCN1CCNC1=O
8488,8683,CN=CSC(O1)C(N)C(=O)CCCC1=N
8489,8684,CC12CCC(=O)C(C)C1O2
8490,8685,NCC(N1)C(CCl)(O)C1
8491,8686,NC=C(C1CC)C2=CCNC2C=CC=C1
8492,8687,CCCOS(C)NNCCC
8493,8688,CCS=NCOCCCCC=N
8494,8689,NCCC(C=O)CCC=CC(C1)C1
8495,8690,C1C=C1NC(=O)N=CC
8496,8691,C1=CC=C2C=C1C=CC=CNNCSC=C2S
8497,8692,N1CCC=CC=CC=C(O)C=C1C(=O)N
8498,8693,CNN1C(C)=CC=C1C2CNCCS2
8499,8694,C1NC=CC1(C=CC=C(C)CC=C)O
8500,8695,CCOC(C)N=CC=CC=C
8501,8696,CC(C)NCCC1CC=2NCC1C=2CCC=C
8502,8697,OCCCCCNC(N)CCCCNP
8503,8698,NCC1=CCNCC1=N
8504,8699,C=C(CN(C)C=NC=C1)SC=CC2=C1NCC2
8505,8700,CCCCCCCC(C=CC(O)CCl)=CC=CC=C
8506,8701,CCC=1C=NC=CN(C)CCCC=CC=1
8507,8702,BrCC=C(C)NC(=O)C=NC=CC=CO
8508,8703,NCCCCCNC=O
8509,8704,C(CBr)(O)C(=O)O
8510,8705,C12C=CCNC(C)(C)C1=C2
8511,8706,ON=C(C)C(O)C(O)C1C(=O)CC1
8512,8707,C=C(Cl)C1(Cl)C2=CC=CC=C21
8513,8708,NCOC(O)C=CS(C)=NC=CN=C
8514,8709,ONCC(P)C1CC=CC=C(C(O)NC)N1
8515,8710,O1C=C(COC=CN=C12)C=CCC=C2
8516,8711,N#CNC1(C(=O)CC=C1)CBr
8517,8712,OCC(=O)OC=CCOC=O
8518,8713,C1C2C1C=C=S=S2
8519,8714,OCNN(O1)C(=O)CCCCCC1
8520,8715,C#CCC(F)(C)C1CC2(N)C=CC=C1C2
8521,8716,C(=O)NC=CN(C)CNCC
8522,8717,O=CNC(C)(F)C(O)C(=O)OC=CC=O
8523,8718,O=C=C(C)CCN=C
8524,8719,CCC(S)=C(O)C=CC=C
8525,8720,COC(=O)OC1(C)COC=CN(Cl)C=CO1
8526,8721,COCOC(=O)OC(O)C=NC
8527,8722,OCCCCNC(=O)C=CC(=O)O
8528,8723,CCCC(O)C=C1CCC=CS1
8529,8724,OC=CC=CC1=CN(C)SC1
8530,8726,CCC=CCOC(=O)OC=C1N=C(C)CC=CC=CNN1
8531,8727,CCOCC=CC=C1CNC=C1N
8532,8728,O=CC=COC(C1)CCC(=O)C1C
8533,8729,C#CCCCC1CCSC=C1
8534,8730,CCOC1=CC=C2C1=CC=C2N=COC
8535,8731,CC=CCOC(N)S
8536,8732,ClC=C(O)C=C(C)OC(C(=O)C)O
8537,8733,O(N)CC1C2OC=CN=CC=C1CCC=CC2O
8538,8734,C1CC1=CCNC=CSC(Cl)C
8539,8735,OC=CC=C1C=C(NC=CCC2=CF)CN=C21
8540,8736,NCCCNC1C=C(O)CCC1
8541,8737,ON=C(OC1=CC=CN=C1)S
8542,8738,CC=CC=CC(=CC1=C)C=CC=CS1CC
8543,8739,CC(=O)NCCCCNC(=O)OC=O
8544,8740,SN=C(C)OC=C(Cl)C1=CC=C(C(=O)N1N)C=CN
8545,8741,CCC(=O)C(NC=C=CC=CC)C=CC=NCC(=O)O
8546,8742,NC(C=1)OC(=O)OC=1
8547,8743,C1CCCCCC=C(C)N1O
8548,8744,O=C(C)OC=NC(C)NCNCCCN
8549,8745,O=C(N=C(O)OC=O)NON
8550,8746,N1=CC2=CN1OCCC2
8551,8747,O=C=S=C(C)CNC=C(C)N=CO
8552,8748,OCCOC=CC(=O)NS#C[NH1]C(Cl)(F)C
8553,8749,O1N(O)NCC=CCC1
8554,8750,NC=CN1C=CC=CO1
8555,8751,CCCCC(C(C)(O)C(C1)=C)C=CO1
8556,8752,CC#CC=CC1=CC=CC=C1
8557,8753,NCC(=O)OCC(C)SCC(Br)C=O
8558,8754,CNC1NC(=O)OC1O
8559,8755,N12NCCCC=C2N=C1N
8560,8756,CC1(N)C=CC=CN=SC=C1
8561,8757,CC=CC=C1C=CC=C(F)C1Br
8562,8759,OC(=O)NCSC[NH1]
8563,8760,OC(N)CC=O
8564,8761,CC[NH1]C(=O)C(N)SC
8565,8762,CC=NC1=C[NH1]C=C(Cl)C1NCCC=O
8566,8763,CCC(=O)CN=S[NH1]C=O
8567,8764,CNC(C)CCCCC1SCCC1C=CCO
8568,8765,COC=CC=C=C(O)SC(O)=O
8569,8766,CC#CCC=CC1=CC=C2SC=CN=C21
8570,8767,N=N[NH1]C(=O)CC(=O)CCC
8571,8768,C=CN=COC=NNNC
8572,8769,C#CCS1C=CC(=O)NCCO1
8573,8770,C=CC=CC=CC=CN=C(N)C=1C=CC=C=C=1
8574,8771,CC(C)CNNCO
8575,8772,NC(N)C=O
8576,8773,CC=S
8577,8774,OCCCCNCC=CC=C=C(Cl)F
8578,8775,OC(O)=C(C1)NC(=O)N=CN=CC=CS1
8579,8776,O1C=CC2=CC=C(Br)C21C
8580,8777,CCCCCOC(=O)C1=CC=CC=C1
8581,8778,CC=CC=CC(Cl)N=CC(O)F
8582,8779,CC(C)OC=CC1=C(C)CC=C1Cl
8583,8780,CC=C(C1)C(=O)NCC(C)CCCC1C
8584,8781,CC1=C(C)C(S)SNC(S)CCC1
8585,8782,NC=C1C=CC2=C(C3=CC)CC=C3N2C1
8586,8783,NCCC=CC=CCCC1CC1
8587,8784,CN(CCCCCC(=O)C)F
8588,8785,CNCCCCC(=O)C
8589,8786,CNC=NC1=CC(C(Br)C)=CC2=CCOC12
8590,8787,O=CNC=CSC1=CC(N)S1C=O
8591,8788,NC(C)COCOC=CC=CN=N
8592,8789,C1NC2COCCCCS1CCC2
8593,8790,C1NCC2SC(N)C(N)C12
8594,8791,OC(=O)ONC=C1C=CC(C)=C1CC
8595,8792,NCC(C1=CCNCC1C2=N)C=NC=C2Br
8596,8793,N1CC(C)NC=C1O
8597,8794,C(=O)OOC1NCCC(C)=C1C
8598,8795,ON(O)C=CC(O)=CC=CN=C
8599,8796,CC1C2C3=C(OC1N(O)C=NN=C)NN2C3
8600,8797,O=C(F)C1CCCNC1
8601,8798,C1C=C(Cl)C1
8602,8799,CC(C)CC1=CC=CC=C1
8603,8800,NC=CC=C1C2=CC=CS1[NH1]CCCC=C2
8604,8801,CC=CCNC=CC=C(O)NC=O
8605,8802,N1=CC(C2)=CC=NC1N=NC2
8606,8803,CCCCN(CCCCCCC1C)CCC1
8607,8804,NC=C(COC)CCN(C)CN=C(C)CC=CC#CO
8608,8805,CCOCC(=O)C(O1)CCCCC1C
8609,8806,NCC1CCNCN1N
8610,8807,O=C(O)CC1=CC2=C=C(NCl)C=C2C=CC=C1
8611,8808,NC(N)C(O)CCCOC(C)O
8612,8809,N=CC=CC(O1)C(=O)OC1
8613,8810,NCCCCCCCS1NC(C(O)C1)CC
8614,8811,CCCC1CSCC1CC2=CCCC2Br
8615,8812,COC(=O)OC=O
8616,8813,CCC=CC=CC(Cl)C(=O)N=CO
8617,8814,CC(C)COC(=O)CC1=CC=CN=C1
8618,8815,OC(C)=C1C=C(CC1)C(O)CC
8619,8816,S=C(N)NC(C)NC(O)C(=O)O
8620,8817,CCCC=C(O1)C(C)C=CC=NC[NH1]C1
8621,8818,CC(OCPONC=C1C=C)CCNC=NC=C1
8622,8819,C=CC=CCC1C=CNNNNN1N
8623,8820,NC(=O)N1CCC(C)C(C)(S)CN1
8624,8821,OCCCC1CCC(C)(N2)CC=CC=C2NN1
8625,8822,OC(=O)CC=CC=C(C)CNC
8626,8823,N1=CC=CC1CBr
8627,8824,NC#CC=NC(C1)(C)[NH1]C(O2)C2=N1
8628,8825,CCC(=O)CCOC(C)(O)CNOC
8629,8826,C=1C=CSSC(CN)C=CC=CC=1Cl
8630,8827,CC#CC(=O)C=CC(C)C1CCCC1
8631,8829,COCCCCC1=CC=CC=CC2=CC=CC=C2C1
8632,8830,SSCO
8633,8831,CC=CC1=CC=C(C)OC=C1O
8634,8832,CC=NN1NC(CCC1)O
8635,8833,C1=CC=C1C=COC(O2)CSCC2
8636,8834,N=C(OC1=CC2=CC=CC=C2)C1
8637,8835,NCC=NN=C[NH1]C=CN
8638,8836,NC=CC=CCNCC(C)=C1C=NC=C2S1C2Cl
8639,8837,COC=C1C=C=NC=C1CNCCC=C
8640,8838,NC(=O)OC(=O)Cl
8641,8839,C1CNCCCCCN1
8642,8840,COC=C1C=CC=CC=C1
8643,8841,NC=NCCCOC=CC
8644,8842,N=CC(=O)OC=C1CC=CN=N1
8645,8843,CCC(C(=O)O)C=CC=C(C)Cl
8646,8844,NCN(C1)CCCC(C)CC1
8647,8845,CCNNCCCNN(C)CCCC[NH1]C
8648,8846,NCC(CS)CCOCSCC#N
8649,8847,O=CC=CC=NC=CCS=C
8650,8848,CCC(O)C(O)C(N)C=CC1=C(N)CC=C1
8651,8849,CCCC(=O)CCNC(C)CCNC
8652,8850,O1C=CSC2C1=C(O)C=C2
8653,8851,OC(CC=C(C)C)=C(F)C=CC#CC=O
8654,8852,CCCCNC(=O)NCNC1CC=C1
8655,8853,CC(C)=NCCCCC=C(C1)CC(C)CC=C1
8656,8854,CC=CC1=CC2=CC(C3=C2C)=CC=C31
8657,8855,COC(=O)OC(C)=CC=CC(=O)O
8658,8856,CC=C1C=CC[NH1]C1CC2NC2
8659,8857,NCC=C1C=CC=C(Cl)C1CS
8660,8858,CCN1C=CCC=CCC=CC=C1
8661,8859,N1C(C)=C(C=CC=CN)CO1
8662,8860,SC=CC=COC=CC=C(C)OO
8663,8861,C1=CC=C(C)CCO1
8664,8862,COSCNC(=O)COCCCCC
8665,8863,CC=CC=C(Br)OC=N
8666,8864,OCC=NC=C(F)N1N=N1
8667,8865,CNC(=O)OC(=O)N(Cl)CCCCCCC
8668,8866,CCN(CCO)CCC(C)C=NC(F)SO
8669,8867,CC1=C2CC=CC=C2CCN1
8670,8868,C1NC2=C(CS)C1(N)C=C2C=CC=CC=N
8671,8869,C1NC2(N)OSC(C)C(C)(Br)CS21
8672,8870,NC=CSC=CCS1C2=CC=CC1=C2
8673,8871,FCC(C)CCC1CC(C)=C1
8674,8872,CCC(C)OCC1CCC(S=N)N=CC=C1Cl
8675,8873,CC(C)NCC1C=CC=C1NCCCO
8676,8874,CC=NCC=CC=C(N)C1=CC=C2C=C12
8677,8875,N(CC1CCCC2C1=CC)=C(C)CCC=CC=C2
8678,8876,OC(=S)CSS=NN1C=NC=CC=C1C
8679,8877,CCCNSCCCC=O
8680,8878,CCCCC1CCCC1C(C)(C)COO
8681,8879,NC(=O)NCOC(=O)O
8682,8880,O=CC(=O)C=NC1=NC=CC=C1CC
8683,8881,CCC(O)S(C)OC=CC1=C2CCC=CC2=C1
8684,8882,O=C(N)CCCCC1OC=CC=C1
8685,8883,CCCC(=O)CN1CCCC1C=CC(O)F
8686,8884,OC(C)(C)C(Br)CCCNCCCC
8687,8885,C1=CC=CC=NC=C1SCOC#N
8688,8886,CNC(=O)C=NC=C1C=NC=CO1
8689,8887,CCCNC1=CC=CC=CC#CC=C1
8690,8888,ClC(C)C1CNCCCCC(C)CCC1C
8691,8889,CCNC(C)CCCCSC=C
8692,8890,CCCC(C)Cl
8693,8891,CC(=N)C1=C(C)C2=CC=CN=C2CN1
8694,8892,CCCCC(C)C1CCCC[NH1]N=C(O)CC1
8695,8893,CN=C(CC=CCN1NCCS)C=CC=C1
8696,8894,CN=CC=CC1=COC=C1
8697,8895,C(=O)C(C)OC=CC1=CC2=CC=CC=C2NN1
8698,8896,NC(C)CCCO
8699,8897,CCNCCCNCC(C(=O)CC(Cl)NC)C
8700,8899,CCCCCCCCCCCCC
8701,8900,O=CN=CC=C(C)C=CSO
8702,8901,C1=CC2(C)CC(CC2)CC=C1
8703,8902,COC=NC=CC=C(Cl)C=C1C=CC=CCC1
8704,8903,C1OCC(Br)C1C
8705,8904,N=C(C)OC=CC(C1OC=CSC)N=C1
8706,8905,CC=C(CC(C)N)COCO
8707,8906,CC=C(C)C#CC=CCCC(C)C=CCCO
8708,8907,C=1=NNC=1
8709,8908,C(O1)C=CC=C(Cl)C=C1O
8710,8909,NC=CC(C)C=CNC(=O)O
8711,8910,COCC(N)(O)CCCNNC1CCCNCOC1
8712,8911,CCCCC=CC(N)C=C1C=C(NC)C1
8713,8912,CCCC(O1)=C(N)CCCCC=CC=C1
8714,8913,CNCCOC(O)CC(C)=C=C
8715,8914,NCOC(C)NCC(C)(C(C)OC)N1C=COC1
8716,8915,NC(=O)C1=C(C)N=C(C)CC=C1
8717,8916,CC12CC=CC=C1CCCC(N)C2
8718,8917,C=CC(C=C1Cl)C=CC(Cl)=C1O
8719,8918,CCCN(N)C(CCCC=CCCO)CN(O)C(O)C
8720,8919,NCC(=O)C=CC1=C(Cl)C=N1
8721,8920,CC=NC=NC=CC=CC=CC=C=CBr
8722,8921,COC1CCCCOCCC=CC=C1
8723,8922,OCC(=O)COCC=CC=C
8724,8923,CC=CC(C)CNCNC1=CC(C)NC1
8725,8924,CC(Cl)C=CC(=C1OC=NCC=CC=CBr)C1
8726,8925,CC=CC=CN=CC=C(C)C=O
8727,8926,CCS(CC(C)COC=O)CN=C
8728,8927,CCC(O)CCCC(N)(C)CN1CCCC1
8729,8928,CC=NCCCC=CC=C(Cl)OCCC=C
8730,8929,N1CCS12C=CC=C2
8731,8930,NC(N)CN1CCCCC(C)=N1
8732,8931,CC=NCC1C(Cl)CCCN=C1CN
8733,8932,NCCC=CC1=CC=CC=C=C1
8734,8933,COC(=O)CC=C(O)CC(F)C
8735,8934,NSCC=NC(=S)CC(O)C=O
8736,8935,C1CC=CC=C1C=C(Br)C=CNCSC#C
8737,8936,CC1=CC=CC=CC=CN=CC2=C(Cl)C=CS2C1
8738,8937,CCCCOCCCCOCOO
8739,8938,CCC=1CCCCNC=CC(CN)CC=1C#CN
8740,8939,OOCCCCOCC(O)C(O)C=N
8741,8940,O1S=CC2(C)CCNC2CCN1C
8742,8941,CC(=O)PC(O)=CC=CCC=O
8743,8942,C=CC=CC=CCCCNC
8744,8943,CCC=CC(C)(C(=O)OSC=N1)[SH1]1
8745,8944,C(CCCCCCCCCC=CC)O
8746,8945,C1CCCCC1(C)CC[NH1]C
8747,8946,OC=C1C=CC=CC1(C)C(C)=CC=N
8748,8947,C=[PH1]C(=O)CCCC(C)O
8749,8948,CC(C)CCCCCNC1CC1
8750,8949,CC(C)OC#N
8751,8950,CC1C=C2C(C)C1C=N2
8752,8951,CCCCC=CCOCC#N
8753,8952,C1C=CNC1(N2CCCSCNC=C)C2
8754,8953,C1OC=CC2=C1NC=CC=C2Cl
8755,8954,CC(C)C=CC1=CC=C(NCC(C)=O)C1
8756,8955,C12OC2OC1C=CC=CC=CC=C
8757,8956,CC=CC=C(C=O)OC=CC(Cl)=C[NH1]C=C=S
8758,8957,CCCCCC(C)CCCCCC1(Cl)C2=CC=C1C=NC=CC=C2
8759,8958,CNCC(C)(CCCCC)C(O)COC(=O)O
8760,8959,CC1=CC=CC=C1C=CC
8761,8960,CC(C1)CCCCOC[SH1]C(O)C=CN1
8762,8961,C1C(=O)C=C(N)C1N=CC=CC=C
8763,8962,N=CCC1=CC=CC=C1CC=CCSC
8764,8963,COCCC=C1CN=CC=C1C
8765,8964,NC=CC=CC=CC=C(CC)C[NH1]
8766,8965,OCCNCCC(F)=CC=CC=C
8767,8966,C1C(=O)OC=C(C)NC1
8768,8967,NC=CCNC(O)SC=CC(=O)O
8769,8968,CCCCC(C1)CCCCN1CC2=CC=CC=C2
8770,8969,OC(C1)C(=S)NC=CC2=CC=CC=C21
8771,8970,NN(C)OCCNOC=O
8772,8971,CNCN=CC(C)OCN=CC(C)C
8773,8972,CC=CC(Br)(C)OC=CC=O
8774,8973,CSCC1CC=CN=C1
8775,8975,COCOCOC1=CSC=N1
8776,8976,C=CC=CC(=O)ON=NCNC=C
8777,8977,CC=CC(F)C(=O)C=C(C=NC(N)=C)O
8778,8978,OC1(N)C(=O)C(=O)NCN(O)OSC1
8779,8979,CC(N)C1C(=O)NCC1
8780,8980,CC=CC=C(CF)C(C)CNC=O
8781,8981,CC=C(C)SC=C1C=N[NH1]C=C1
8782,8982,C=C=CCC1CCCOC1C
8783,8983,OC(C(=O)O)COC1(O)CCC(=O)OCN1
8784,8984,C=CC(O)=CS1C=CC=CC=C1CC
8785,8985,CCCC(=O)C=CC1=C2C=CC=C1C2OCCO
8786,8986,CCCCC[NH1]C1=NC=CC(F)=C1
8787,8987,CCOC(=O)OSN[NH1]C=O
8788,8988,CCCCCNCC(C)CNCC=C
8789,8989,NC=NN(CC=CC=CC=CC1=CC=CC)C1
8790,8990,O=CC=C(F)C=CCC=C
8791,8991,CCC(=O)OCN
8792,8992,COC=C1C2=CC(=O)C=C1NN2
8793,8993,N1CCCCC1=CSC=CBr
8794,8994,CCNC(CCC(Br)C)(O)C
8795,8995,O1COC=C1CCCCCCC
8796,8996,NCOC=CC(C(=O)N)CCSN
8797,8997,C=CC=CC1=CC=C2C=C[NH1]C=C2C1
8798,8998,NCOC1=CC(O)OC=C1C=CC(=O)C
8799,8999,CC1=CC2C(=O)C(C)CN2OS=C1
8800,9000,OC=CC(O)C=CCC(C)S1CC(C)=CC=CC1Cl
8801,9001,COC=CC=C1C=CC=NN1C(=O)ON
8802,9002,CCCC1C=CC=C2C1=C[NH1]C(F)=C2
8803,9003,NNCCC=C=C(CC)OOO
8804,9004,CC=CC=CC=CC=CC#CC#CN
8805,9005,CCCCCCCC=CN=C(S)C=NN
8806,9006,CCCCCCOCC(O1)CNCC1O
8807,9007,C1C(C)OC=C1
8808,9008,CCCC=CC=CC=C=CC#C
8809,9009,O=CCSC=CC1=CC=CN=C1
8810,9010,OCNNC=SCOC(O)N
8811,9011,CC(N)C=CC(N=CSC=CC=C)N
8812,9012,C(=O)C=NC(N)=CC1=C(COC=C1)O
8813,9013,NCSC=NN(C)CN(O)OCO
8814,9014,C=1(O)CCC=CC=CC=1O
8815,9015,CNC=S
8816,9016,CC=CC=CC=CN(C1C2)CC=C1CC2
8817,9018,ON=CC=C1C(N)NC1C=CNBr
8818,9020,O1C(O)NC=C1
8819,9022,CC(=O)C=CC=C(N)CCC
8820,9023,CC(=O)C=CN=CCOC
8821,9024,CCCCCCCSC1=CC=CC=C1Cl
8822,9025,CCCC=CC=CS
8823,9026,C1C=CSC=C1C(F)=CN=CCCCN
8824,9027,CCC(C1(N)CNCC)C2CCCCC1C2(C)O
8825,9028,CN=C(C)OC(=O)CCC1CCC1
8826,9029,COC(C1C#N)(OC)NC1
8827,9030,CCCOCC=NC1CC2=CC=C1SC2OC
8828,9031,CC=CC=C(O)CC1=CC=CSC1
8829,9032,CN(N)CNCCNCN=C
8830,9033,OCOC(=O)N=C1OCC=CC(C)=NC1
8831,9034,CC=CC=C=CC=C1C=C(CO)C1=CC
8832,9035,CCNC(C)=C1C=CC=C1
8833,9036,NCCC#N
8834,9037,O=C(S1)C(CS(=O)N)CCCC=C1
8835,9038,CC=CC1(C)C=CC=C1
8836,9039,CC(S1)C1(CCOCC)OCCl
8837,9040,CC(=O)NC1=CC=C2CCCCCC12
8838,9041,C#CC(N)CCCC=NCOCCO
8839,9042,O=C1OC[NH1]C(C)=CC(S)=CN1
8840,9043,CCOC=NCC=CC1=CC=CC=C1SC(=O)O
8841,9044,OC(O)C=CC=C1C(N=CC)=C1Cl
8842,9045,CC#CC(CCOC=CC1=C)C=CC=C1
8843,9046,CSC=C[NH1]CC(C=O)N=C(O)C
8844,9047,CC=NCC=CC=CC=C1N=C(Cl)C=C1
8845,9048,CCCCC1CNCC=C=C1OCC=CC=CCCl
8846,9049,NC(O)N=CC=C(C)CF
8847,9050,CC1=CC=CC=C1C2=CN=CC=C2
8848,9051,C=CN(CPN1CC=NC=C1)C(=O)O
8849,9052,O=C(C)CNC(=O)C=CC=C(O)C
8850,9053,CC=CC=C(N)C(=O)C(C)C(=O)C=O
8851,9054,OOC1=CCC(C)C1N
8852,9055,O=CC=NC=C
8853,9056,CC=CC=C(CC1)CC=C(C)C=C1CN=C
8854,9057,ON=C(O)CC=CC1=CC=CC1(Br)O
8855,9058,CN(CC=O)OC(=O)C=CC=COC=O
8856,9059,O(C)CC(=O)C=O
8857,9060,O1C=CC=C1CCCl
8858,9061,C(=O)C(=S)CCC=O
8859,9062,CNC(C)CCCNC(C)=CC(=O)COC
8860,9063,CCC(=C)C=CC(C=C(O)C=C)=C(O)OC=C
8861,9064,CC1C(O)C(C)=NC=C1CO
8862,9065,NC=CC(=O)OC(O)CCCl
8863,9066,O=C(C)NC=C
8864,9067,CC(=O)C(N1)CCCC=2CCCC=C1C=2C
8865,9068,CCNC(C)(N1)CC(C=CC)=CC=CC1
8866,9069,OC=CC(CNC1CC)CC=CC=CC(=O)N1
8867,9070,N=CC=C(C)F
8868,9071,C=CN(Cl)C=C1NC=NC=C1
8869,9072,N1C(=O)OCC2C(CNC)(C=O)CC21
8870,9073,C1OC(=O)N=CN1CC(O)=S
8871,9074,CNC1C(OC2)CCSC2CC(CCC1(CC)CC)CC
8872,9075,N=1C=C=1
8873,9076,C=SC=C(N)NC=NCNCC
8874,9077,CCSC1=CC=C(C)C=C1CC=CC=N
8875,9079,O=C(C1)C(C)OC(C)ON1
8876,9080,CC1(C)CCC(C)CC=CC#C1
8877,9081,CCCCCCCCCCCCl
8878,9082,OOC[NH1]NC(O)COCCCCC(=O)OCO
8879,9083,C12C(C)CC1CCC(C)CC2N
8880,9084,NCCC(=O)C1(C=O)COCC=CC=C1
8881,9085,O=C(N)CNCN1NCCCCC1O
8882,9086,CCC(C)(O)N=CC(N)CCNC(C)S
8883,9087,C1=CC=C1CCCCC2CC(O)CC2
8884,9088,CC=NN=C1C2=CCNC=C2CCC1(C)C
8885,9089,NCCC(=O)OCOC(C)(C)OO
8886,9090,OC=CC1=C(CC)C=NC(Cl)=C1Cl
8887,9091,C(C)CCCCCCCCCC(O)C(C)Cl
8888,9092,COC(=O)CNOC(C)CC
8889,9093,O1C2CCCC1C2
8890,9094,OCOCCNCCC(C)COC#C
8891,9095,CCCCCC=CC(=O)N=CC=CC=C
8892,9096,C1CCC=CC=C1O
8893,9097,CNONC(C)C=O
8894,9098,C(C=NC1=CC=NC=CC=C1)N
8895,9099,CC(C)=NC=NC=CCCl
8896,9100,C1C=CC=C(O)CCCC1O
8897,9101,NCC(O)NC#CF
8898,9102,C=NC=CC=CC=C(Cl)CCl
8899,9103,CCCCNCNC(C)C=CC
8900,9104,CCOCCOC(C=NN)C
8901,9105,CNCC=NC=CC1=C(N)C(Cl)C=C1
8902,9106,O1C2(C)SC=CC12
8903,9107,C=CN=C(C)C=O
8904,9108,CCOC=CC=C(C=NC=CC=CC#C)F
8905,9110,CC=CSC1=CC(O)C=CC=CC1=NCl
8906,9111,CN1CCC2CSC=C1CC(N)=CC=C2
8907,9112,CC=C(C)C=O
8908,9113,N=CC1=CC=CC=C1
8909,9114,CN(O)C1=CC2=CCC3=C1NC2C3=N
8910,9115,COC1(Cl)SCCCCCCNC1
8911,9116,CC(=O)C=NNCSC=CC1=CC=CCS1
8912,9117,CC(O)C(=O)C1C(CCO)CCN1
8913,9118,CC=CC=C1C(OC)(O)C(O)C1NP
8914,9119,C1=CC2=CC=C1CNCCC=N2
8915,9120,CC(=N)C=O
8916,9122,N=CS1C=C(OCC1)CN=CCNC
8917,9123,NC(O1)=CC=C(SC1CN)CCCO
8918,9124,CC(C)COCC(=O)NCCCC(=O)O
8919,9125,C=C1C2=CC=CC=C2C=NC1(C)O
8920,9126,C1C=CC=CC=CC=CC1O
8921,9127,CC(=O)C(C1CCO)C=C1O
8922,9128,C1=CC=C1C(=O)NCO
8923,9129,CC=CC(C=CC1=CC)=CC=C1
8924,9130,CCCCNC(N)C(N)CC1CCCCCCNC1
8925,9131,CC[NH1]C=CC=C(O)C(=O)OC(C)CC
8926,9132,[NH1]1C=CC=C1CCS(=O)NNCCC(=O)O
8927,9133,C#CC=O
8928,9134,CCCC=C1C(CC)(O)C=S1
8929,9135,CC1CCC2=C1COC=C2C
8930,9136,COC=CCC1CCN=C1C=CC
8931,9137,CC(=O)NC(=O)C1=CC(C)CC1=CNC
8932,9138,CC1CNCC=CC(C)O1
8933,9139,C1C=C1NCC(=O)CCC(Br)C(=O)O
8934,9140,CC=CN=C(C)Cl
8935,9141,NCCOCCCCCCN1CCCN1
8936,9142,OCC=NCC1=CC=CN(O)C1
8937,9143,CCS
8938,9144,CCC1=CN(C)CCCC=N1
8939,9145,CC(C)CN
8940,9146,O=CC=CCCNC#CC
8941,9147,C=1CCNN=C=1
8942,9148,OCC(N)CCCC=C=S
8943,9149,CCNN=CSC=CC=NC=CC=C(Cl)Cl
8944,9150,O=NCOC(N1)CCC=CC=C1C=O
8945,9151,CCC(C(=O)ON(N)C1N)=C(C)OC1C
8946,9152,C(=O)C(C)CCCCCC(=O)NC
8947,9153,CCCCCC=O
8948,9154,COC(=O)CCCNC1CC=CC=C1N
8949,9155,N=CSC1=NCNC(=O)C=CCC=C1
8950,9156,CC=CCCCC=CC=CC=CC(=N)C=O
8951,9157,C1C=C(C)C(C2)=C3N=C1NC=C23
8952,9158,O=CC=CC=C(C)C=CC
8953,9159,CC(O)C(C)(C=CC1C2(S)CN)C=C2C1
8954,9160,NC(C)CCCC(=O)OO
8955,9161,CC=CC=C(C)OC(C)CN
8956,9162,CONC(=O)NC1C=CC=CC=CO1
8957,9163,CCCCOC=CC=C(O1)C=CC=CC=C1
8958,9164,OCCC(OC)C1O[NH1]C=NC(Br)(Cl)N=C1
8959,9165,CNC(OC(=O)N)(O)Br
8960,9166,OOC=CC=C(I)C=CSNC(F)Br
8961,9167,CC(O)N
8962,9168,CCOC=CC=CC=CC1=CC=CC=C1
8963,9169,O=CCC(O)=SCC
8964,9170,C1CCC1=CC=CC=C2CC=CC=C2Br
8965,9171,OC(C)CNCCCC(O)CCC
8966,9172,CCSC(O)C=CN=CC#C
8967,9173,C=NCCC=CC=CC=C1N=C(O)NC=C1
8968,9174,N(=O)OC(=O)OOC=CC=CC=C(Br)Br
8969,9175,CSCCC(C)=NC(N)=CC=CCN=C
8970,9176,CCCCC(=O)CONC1(N)OCN1
8971,9177,CC=C1SC2=CC=CC=C2S1NC(C)C#N
8972,9178,C=C1CC=CC=NCN2CC12
8973,9179,O1C=CC=C(C)C2C(N)CCCCC2=CC1
8974,9180,C1=CC=CC21C=CCN=C2C(C)S
8975,9181,C=1=CC=1CNC
8976,9182,CCCCC(C)=NC1=CC2=CC=C1SN2
8977,9183,C=CC(O)CSC=CBr
8978,9184,C1SC=NC1CC(C2)OC(C)CC2=O
8979,9185,ON=NC=1CCC=CC=1
8980,9186,CC1CC(O)C(=O)CC(=O)C2=C(C)C1C=C2
8981,9187,O=CN(N)CC=C(N)C=CC=C
8982,9188,CN=CC=CC=C
8983,9189,C(=O)CCCC
8984,9190,COC=CC=CCS(Cl)=NC
8985,9192,CCC=CC(CCCCO)C(O)C=NC#C
8986,9193,OC(C=CC(C=C1C)C2=CC)=C1O2
8987,9194,NC(=O)C
8988,9195,CCCNCC1OC=CC=C1
8989,9196,C=CN=COC(O1)=CN=C=C1Cl
8990,9197,C=CC=C
8991,9198,CCC(C)(CN=CNC)N
8992,9199,OC(O)C(=O)C=CC=CC=C(Cl)C
8993,9200,C12CCC(C=CN=C1C)=C2
8994,9201,NC1=CC=C(N)C(=O)CC=CN=C1
8995,9202,C1C(=O)C=NN=CC=C(Cl)C#CS1
8996,9203,O(N)CCCCOC=CC1=CN=CS#C1
8997,9204,CC(CC1C2CCN)C1C2
8998,9205,CNC=O
8999,9206,O=CSC=C(N)C1CNCCC1
9000,9207,C=CC1=CC=CC=C1OC2=CC=CC=C2C(=O)CCNC
9001,9208,CCC(C)CCCCC=C1C=C(O)C1CNC
9002,9209,CC=CC=C1C2=CC=CN=C2CCCC1
9003,9210,CCCCCC=CC=CCS=CC(=O)CF
9004,9211,N1C(O)C1C=NNCOCCO
9005,9212,NC=CC=NC1CC=CC(Cl)=C1
9006,9213,CCCNC#CCOC=NN=O
9007,9214,NC(N1)C2(S)C3CC2CCC3CC1
9008,9215,OCC1(C)C(O)CCCCCCN=C1
9009,9216,CCOC(C)NC(=O)C
9010,9217,C(N)C(O)C(=O)CCC=N[NH1]C(C)=CC=CC
9011,9218,O=C(CNC(=O)C=C)C1=CC=N[NH1][NH1]1
9012,9219,CC=CC=CC=CC1=CC=CC=C1
9013,9220,CCC=CC(=O)SC=CC=C(O1)C=CC=N1
9014,9221,O(C1)C=CC=CC1C(=O)NC(N)=C
9015,9222,CN=C(C)NCC=CC=C(C)C=O
9016,9223,S1C(=O)S1OC2CCCCC2O
9017,9224,OC=CC(C)SC=CC=CC=O
9018,9225,COCCCN=C(CC)CC=CN=CCCl
9019,9226,CCC(C)O
9020,9227,CC=CC=C(C)C=CC=CNC#C
9021,9228,C1CCCC(C(C)C=O)OC[NH1]1
9022,9229,COC(C=CN=CC1C2C)CCCC2=S1
9023,9230,C1CNC=CC(SN)=CC=CC=C1C
9024,9231,CCCCCCCOC=CC=CC=CC(=O)CCl
9025,9232,CCCC=CC=C1C=C(C)C=C1
9026,9233,OC1=CC=C(C=C1)C=NC2=CCOC=N2
9027,9234,NC(=O)C=S(=O)=SC(CCl)CCBr
9028,9235,CN(C)C=O
9029,9236,ONC=NCSC(C1=CS)C=CC1=C(CCl)C=N
9030,9237,C(C1)(=O)C=NOC=N1
9031,9238,C=CF
9032,9239,NCNC=C1C=CC=C(O)CC=C1
9033,9240,CCCC=CNC1=SNCCC1
9034,9241,C1C=CC2=C3C=CC=C3C=C1C=NC2
9035,9242,COC(=O)NCCNCCC(O)C=O
9036,9243,C1NC(C)OC(O)C1
9037,9244,NCCCCCC1CCCCC1
9038,9245,CC(O)C(C)CCC=SC
9039,9246,CC=C(C)N=CC(C)C1CN=CC(Cl)=C1
9040,9247,C1OC(=O)OC(=O)CC1O
9041,9248,OCC=1C=CC(C)SCN=1
9042,9249,CC(=O)C1C(C(CCl)Cl)=CC=CC1C
9043,9250,N1CCCCCCC#C1
9044,9251,CC(C)COOC(=O)N=CC1C=C[NH1]C=C1
9045,9252,CC=CC(F)=C[NH1]F
9046,9253,C1C=CC=CNCCCC1C(C)CCCC
9047,9254,CCCCC=CC(Cl)=C(O1)CC=C2NC[NH1]C=C21
9048,9255,CCCC(CCN=C1C=C[NH1]C(C)=C1)N
9049,9256,CC(CO)CNNCCC1C=CN=C1
9050,9257,CCC(C(=O)O)C=NCOC(=O)O
9051,9258,CCNC(O)OC1=CC=CC=CC=N1
9052,9259,COC1CCC=CC=CC(C)=CC=C1
9053,9260,CCNC=C=NC=CC=C(N)C=O
9054,9261,CCCC1CNCCNCC1
9055,9262,CCCCN=CO
9056,9263,OC(=O)N1C2CCCC2CCCC1
9057,9264,CCCCC=CC=C([NH1])CC=NC(Br)=CCl
9058,9265,C1N=C(OC=C)C(N)C=N1
9059,9266,CC=S1(O)C=CC=C1
9060,9267,CCN[NH1]C=CC1=CC(S)C=CC1=C
9061,9268,OCCCCOC(=O)C=CC=CI
9062,9269,CCOC1COC2CC1=CNCC2N
9063,9270,OC(=O)CCCCNC=NC(N)C=C([NH1])Cl
9064,9271,CCC=NC=C1C=CC=C1CC=CNC
9065,9272,C(C1)NCC=CC1C2=CC=CC=C2
9066,9273,CC=CC=CC=C1C=CC=C1C=C
9067,9274,COC=C1SC=C(C)COC1=O
9068,9275,NN(O)C=C(CC(Cl)=CC1=CNC(=O)O)C1C
9069,9276,NCOC(=O)N=C1C=C(F)C=CN1
9070,9277,CCCCCC(O)CCCCC
9071,9278,C#CCCC=CC=CC=CC=C
9072,9279,CCCCC(O)C=NCC1=CC=CC(Cl)=C1
9073,9280,C1=CC=C=C[NH1]CC=C1
9074,9281,C1C(=O)C=CC(CCC2=CO)=C1C2
9075,9282,CCCC1CC(O)CCO1
9076,9283,C1C=NSC=CC=CCC=NN1Cl
9077,9284,CNN=C(C)C1=CC=C=C1CN
9078,9285,CCCC#COC=CCF
9079,9286,COC=CCC(C)NCCCSN
9080,9287,CCC(O)CCNNOC
9081,9288,O1C=C(N)C=CC(=O)C=CNC=C1O
9082,9290,O1C=CC=C1N=C=O
9083,9291,C=CN=C(O)NC=C1CC=CC2=CC=C1C2
9084,9292,CCCC1C=CC=CC1C=NC=C2C(F)=CN2
9085,9293,N1CC2C1(NC=C)C(=O)OC(C)(O)C2O
9086,9294,COC=CC1C=C(O)CC(N)=CC=CC=C1
9087,9295,CC=CC=CN=CC=C1C=C1
9088,9296,C1C=C(C)C=C(Br)C=C2C=CS1S=C2
9089,9297,CS[NH1]C(O)(O)OCC(CCC(C)=CCC1C)CNC1=O
9090,9298,C=1C(=S)C=1C2COCC2C=C
9091,9299,CNOC(=O)CC=NC=C
9092,9300,C=CC1=CC=CC=C1
9093,9301,CN(CCCCC(C1)CCCC)NCN1
9094,9302,C1CC=CCN=C(CO)C(Br)C=N1
9095,9303,NN(NC1CCC)CCCCCCCCO1
9096,9304,N1C=CC=C1OC(CCl)C=C
9097,9305,C(C)(C)CCC1CNC(=O)CCCC1
9098,9306,SC=CC=C(O)C=CC(N)C(=O)CC=N
9099,9307,N=C(C)CCC(=O)OC1NC(=O)C=CCCC=C1
9100,9308,O=CC1=CC2=CC=CC=C2OC1=O
9101,9309,C=1C=NC(N2)C(=O)N=C2NC=1
9102,9310,CC(C)C(C)CCCC(=O)C#CC=CC=CC=C[NH1]
9103,9311,CCCC1CCCCC1NN2CC3CCC2C3
9104,9312,CC=C(Cl)NC=CC=C
9105,9313,CN=CC(C1CSC=C)N1
9106,9314,CC=CC1(CCCC=C2)C=CC=C2C1
9107,9315,O=CC=C(O)C=CC(=O)C=CC=C(Cl)C
9108,9316,CNC=C(C1)C(Br)C=CC=CC(Cl)=C1[SH1]
9109,9317,SC=C(O1)C(=O)C(=O)CC=CN=C(C)CC=N1
9110,9318,C(=O)NCNC(=O)CC=C
9111,9319,O=C(CC=O)C1CCCC(C)(N)CNC1
9112,9320,FCCCNN(Cl)CI
9113,9321,C=CC(=O)N=C1[NH1]C=C(CCCNBr)C1Cl
9114,9322,CC(=O)C(=O)CC1=CC=CC=C1
9115,9323,C1=C(C)NCC=CSCC(=O)NO1
9116,9324,CCCC(C)=CC(C)COC=O
9117,9325,C=CC=CC(Br)=CC([NH1])C=CCl
9118,9326,SCC(N1)C=CC(=O)C1
9119,9327,C=C(C1)CC=C(C)OCC1CN
9120,9328,N=1CN=1
9121,9329,CCOCOCCCNC1(O)CCCC1
9122,9330,NCCC(=O)C1=CC=CN=C1
9123,9331,CCCCCCNCCCCCCC(O)C=O
9124,9332,CCC(C)(O)CCCC(C)S
9125,9333,CCCN(C)CCC(=O)C1N=CCC=C1
9126,9334,C(C)CC(=O)C1=C(OCC(=O)NCN=CC=C)C=C1
9127,9335,CCOC=C1C=C(F)CCCC(C)(Cl)C1
9128,9336,C1=CCCN2CS1CC=C2N=CN
9129,9337,CNC=C1OC(OC)=C1CC(=O)[NH1]CC=C
9130,9338,C1COCC1NCCCCNC2=CC=CC=C2
9131,9339,OCCC(C)(O1)CCCC1C
9132,9340,CC(O)C(=O)C(C)C(=O)OCCC=NC=O
9133,9341,CC=NC=CC=CN=C(O)CC=CCl
9134,9342,OC=C1C(O)(Cl)N=C1
9135,9343,C1NC(C)=C1C(=O)C=C2OC(Cl)CC2C
9136,9344,C1CCCC12CCCC2
9137,9345,CC(O)C=CC=C1[NH1]C(N)C1=O
9138,9346,O=C=NC(N)C(CBr)=NCCCl
9139,9347,CCSCC1CCC2CC=CCC2C=C1
9140,9348,CN(C)NC=CC=C(CC1C=CC=O)N=C1Cl
9141,9349,C(N)C=SC=CC=CC1=CC=CC=CC=C1N
9142,9350,NC(Cl)C(O)CC(N1)CCC=CC1
9143,9351,CCCCC(C1)NCCC1O
9144,9352,CC=CC(=O)C=C(O)NCC=NC1CC(Cl)=C1
9145,9353,NNNCNC(=O)NC1(C)CCN1
9146,9354,NC=C(C(O)N=CC=CO)C#CCCC=O
9147,9355,C=C(CC(C)O)C(O)Cl
9148,9356,CN1C=CC2=C1C=CC=C2CN=S
9149,9357,CCCOC(=O)NC=C(C1N)CCC1C2=CC=CC=C2O
9150,9358,C(=O)NC[NH1]C(=O)C#CCCNCCC
9151,9359,NCC(C)(O)C=CC=C(Br)CC=CC=C
9152,9360,CN=C(C1)[NH1]CC=CC=C(F)CCC1S
9153,9361,CC(CC=C)C=CS1C=C=CC=C1
9154,9362,CSC=C(N)CCCC(=O)OCO
9155,9364,OC(C)=CC=CC=C1[NH1]C=C(Cl)C=CC=C1
9156,9365,CCCCCC(C)C1(C)CCC=C1
9157,9366,C(C)C(=O)C=C1C=CSC=CC=C(C)O1
9158,9367,CCCC(C)C1C=C2C=CC=C2C1
9159,9368,COOCC(=O)C=CC(=O)NCC1CCCC1
9160,9369,CC=CC1=CC=CC=C1CCC
9161,9370,OC(C(C1)C2=CCC(Cl)C=C1C2)N
9162,9371,C=12C(C)CC(O)C=1S2
9163,9372,C=1C=C(CC(=O)N2C=1CC)CC=C2
9164,9373,N1CCCC2CCCN2C1
9165,9374,C=CC=CC=CC(Br)=C(N)C=CCC
9166,9375,C1C(=O)OC1NCCCSCCCCF
9167,9376,CCC1COC2(C)CCC21
9168,9377,CNNCCC(N)C(=O)C=O
9169,9378,C=C(SCC1=CC=C[NH1]C=C1)OCOCO
9170,9379,C(C)CNC(C)=CC=CN=C(F)F
9171,9380,C=CC1=CC2CNC1=C2
9172,9381,CC=CC(C)C=CC=CC=C1P(CC)=CC=C1
9173,9382,CCC(=O)N=CC=CO
9174,9383,CNC=NCCNCC=CC[NH1]C(=O)O
9175,9384,NC=CC=C1C(C=CC=C1)C(OC)(O)N
9176,9385,CC(C)=NC(COC=CC=C)O
9177,9386,COC(O1)CPCC2C=NC=CC=C2N1
9178,9387,C=CC=C1C=C=CCC1=NCCO
9179,9388,CCCCCCCC[NH1]C(C)CCCOC
9180,9390,S=C=CC=CC(CCNC=C)C
9181,9391,CC1NC=CC=CN1O
9182,9392,NC=CC=CC1=C(C)CN(N)OC=CC=C1
9183,9393,CNCCCCC
9184,9394,C12CCC=C1C=CC=CN=C2O
9185,9395,C=CC=CC(C)CC1=NC=CC=C1
9186,9396,CSCCCNCCC1OC=CC=C1
9187,9397,COC=CC=CN=C
9188,9398,CC=CN=CC=CC=C[NH1]C(C=C1C=CF)C=C1
9189,9399,NC=NC1CCCC=CCCS1S=C
9190,9400,C=C1C(N)C2CSC=CC=C2C1
9191,9401,NCOC=NC(=O)CCC=CC(=O)C=O
9192,9402,O(O)C(=O)OCCNC=CC1=CC=C(Cl)N=C1
9193,9403,C=CNC=CCS(O)O
9194,9404,O=CC(CCNC=NC1=C(C)C)CCC1
9195,9405,C1C(C)CC1C=O
9196,9406,NN=CC=C1C=C(C=CN1CC=O)N=O
9197,9407,O=CC#CC=CC=C1OC1
9198,9408,CCOC=CSC(O)C(=O)O
9199,9409,N=CN=C(C)C=CN=CC=CC1=CN2C=CC1C=C2
9200,9410,O=CCOCCC=C1C=CC=CN1
9201,9411,CCCC1CC2N=C=C1NC2
9202,9412,O=CN(CC=C1C=CC)CCCOC1
9203,9413,CCC(C1)(C)CCC=N1
9204,9414,NNC(=O)NCCC=CC1=CC=CC=C1
9205,9415,C=12OC=1C=CCCC(C)=N2
9206,9416,CCCCCCC=CC=CC=C1C=N1
9207,9417,OCN(C=CN=CC=O)OC(=O)O
9208,9418,C(C)(C)C12CCCC1CC2=O
9209,9419,NCC=CC=CC=CC1=CC(C)=CC=C1N
9210,9420,NCC(C)NCCC1C2=CC=CC1C2
9211,9421,CCC(N)C(=O)CCCCCC1CCCC1COC
9212,9422,C=C(C)CC1=CC=CC=C(S)C=C(O)C1
9213,9423,CC(=O)C=CC=C(C)N=CC=CC1=C2C=CC=C12
9214,9424,CC=CC=CCCC(O)O
9215,9425,OC1=C(O)C=CC=C1
9216,9426,C1CC=CC(C=CSC(C)C)=N1
9217,9427,OC=CCC=C(N)C(=O)O
9218,9428,CC=CC=CN=CC1=CC=CC=C1O
9219,9429,C(=O)C=C(N)CC=NC=CC#CC
9220,9430,CC=C(F)C(=O)OC(O)C(=O)C=CC=NC#C
9221,9431,CCC(C)CNC=C1C=CC=C1Cl
9222,9432,CCC(C)CCNN=CC=C
9223,9433,C=CC=CC=C[NH1]C=CCl
9224,9434,CC(C)CCC1(O)CCCCCCCCC1
9225,9435,C=CC=C(CC=C1)NC=C2C=C1N=C2
9226,9436,NC(O1)C(C)N=CC=CC1SC=O
9227,9437,OCCCSCC(C)=NC=N
9228,9440,C1CC=CS1CCNCC2CCCCC2
9229,9441,C=NC=CC=CC=CC(OC)(O)C
9230,9442,C=CCC(=O)C(O)Cl
9231,9443,OCS(C)N(C)N([NH1])C(=O)N1C=NNC1
9232,9444,OC=C(C(=O)C(Cl)C)CC1CNCCC1
9233,9445,COCC(C1)(C)C=COC(=O)NCC1
9234,9446,CCC(CC=CCC)OC
9235,9447,CC(CCCC(O1)=CC=CC)(C=C)N=C1
9236,9448,CCNC(C)CCCC
9237,9449,CCCCC=C1CC(N)=CC=C1O
9238,9450,COC1=NN=CN=C1S(=O)OCO
9239,9451,NC=CC=C(N)C=CC=C(Cl)C1(F)C=NC=C1
9240,9452,CCCS(N)(C)=NC1=CN=CC=C1C(O)C=N
9241,9453,NC=CC=C1C=CN=NC1CCCC
9242,9454,CC(=O)CC(=O)NC(=O)OCC=N
9243,9455,CNC=CC=COC=C(Cl)CBr
9244,9456,NNC(C)CCCC1(C)CCC1C=O
9245,9457,CCCCCCCCC1C(=O)NC1CCCC
9246,9458,CCNCCC(C)=CC1CCCCC1=O
9247,9459,C1CC=CC(N2)(N)C1=C(O)C2
9248,9460,C=C(CC=CN)C1=NNCN2CC=NC2C=C1
9249,9461,COC=CC(C(O)C=S)(O)NCN
9250,9462,N=1C=C2C=C(C=C(Cl)C=C)C=1NC=C2
9251,9463,CC=CC(C(N)CCC1C)CCC=CC=CC1
9252,9464,CC1=CC=CC=C1S2=NC=CC=C2N
9253,9465,NOCOC(=NC1C)C=CC=C1
9254,9466,NCC1C(Br)C=C(N)C1
9255,9467,CCCCCC(=O)CCCOC
9256,9468,C(=O)CCCNC(=O)O
9257,9469,C(=O)C(C)C=CC=C(O)C=C
9258,9470,OC(=O)CCC(N)COC
9259,9471,CCCC(=O)ONC=CCC1CCCN1
9260,9472,CC(C)OC=O
9261,9473,CSC1(Cl)C=CC=CSC=CC=CC=C1O
9262,9474,C1=CC=C(O)C1Br
9263,9475,NCCCCC1=CSCC=CN=C1
9264,9476,CC(C)=CCCl
9265,9477,COC=C(C1CCBr)NC(C)COCO1
9266,9478,CNC(=O)CCCC=CC=C1C=CC=C[NH1]1
9267,9479,NC(=O)OC#N
9268,9480,CCCCCOC(=O)CC(=O)NC=O
9269,9481,C=CN=CC=C(N)NC(=O)O
9270,9482,OC=CCCOC(O)CO
9271,9483,CC(O)C(=O)OC1=C=C(O)C=C1
9272,9484,CC(C)CCCC1NSC=CC=C1
9273,9485,CN(C)C=CNC1CC(=N)OC(Cl)C1=N
9274,9486,CCC(C)C(C)Cl
9275,9487,S(C)CCCNCO
9276,9488,C1=CN=C1COC(=O)O
9277,9489,C(C)N=C(Cl)SC=CC=C(F)F
9278,9490,CC(C(O)C=CC=O)=NCCC=CC
9279,9491,NC(=O)N=C(N)CC1C(C)CCC1
9280,9492,OCCCC1C(C)=CC=NN=CC(C)N1
9281,9493,CCCC=CC=CC=C1C=CC=C=C1OO
9282,9494,NCCNCOC(=O)OC=CC1=CCC=CC=C1
9283,9495,C12C=C1N=C2CCC=NN=CNC(=O)N
9284,9497,N1C2(C)C=C3C=C2CCC3S1
9285,9498,CC=CCCC(C1)SCCC1
9286,9499,CCNC(O)=CC1=CC=CC2=C1CCN2
9287,9500,N1=C(C)CCCNC=NNCC1
9288,9501,COCCCCCC=CCN(C)CC=O
9289,9502,CN=C(O)C(N)=NOCC1=CC=C[NH1]CNC1
9290,9503,NC(N)CCCCC(N1)C(CC)C1
9291,9504,O=C(N)CC(C)(C)CC#C
9292,9505,C1OC=CC(=O)NC=N1
9293,9506,O1C=CC=C1C2=CCNN2CC=O
9294,9507,OCCCC(O)C1=CC=CN=NCOC1=C
9295,9508,CCC1OCN=CO1
9296,9509,CCCCCCC=NC=C(N)CCCF
9297,9510,CC(=O)C1=CC(O)C(C)CCCCC1
9298,9511,C1C(C=C1C=C2C=C)(O)C=C2
9299,9512,CCCC1CCC(C)=CC(O)C1=SO
9300,9513,COSC
9301,9514,C1(=O)C=CC(N)C1=O
9302,9515,CC[SH1]C1=CC=CC=C1NC(=O)CC
9303,9516,NC(=O)OCCCC
9304,9517,CCC(C)CC=C(C)OC(=O)O
9305,9518,O=C=CC(CCSC1=O)C=CN=C1
9306,9519,COC(=O)C=CC=CCOCN
9307,9520,CC=NN1OC(N)=CC1C
9308,9521,CCCNCCCCSCNCCC
9309,9522,C1=CC1(NC=NCC)CN(O)C=O
9310,9523,NCCCCN1CCCC1CC2NC2
9311,9524,CN=C(C)CCCC=C1C(C)=CC=C1
9312,9525,CC(O)C(COC=C)COCN=O
9313,9526,CC=CCC(=O)O[NH1]C(=O)NCO
9314,9527,O=C(N)COCC=CC1=CC[NH1]C=C1
9315,9528,OC(=O)CC(=O)CCC1C(C)=CCCCC1
9316,9529,O=CC(N)C(C1)(O)CC=CC=C1F
9317,9530,CNC1=CC=CC=C1C(C)CCC2CN2
9318,9531,OCCNC(=O)NC
9319,9532,ONC(C)=CC=NCN1C=CC=C1C=C
9320,9533,C=C(S)CC(F)C1=C(C)CCCC1
9321,9534,CC(NCCCCC=O)N=NC=NCC=CCNN
9322,9535,CC=CC=CC1=CC=C(Cl)C=C1CCl
9323,9536,CCC(C)(N)CNC(N)(C)C
9324,9537,C(CCCCC)(N)CC(C)NC
9325,9538,C1CC=CC1(C2=NNC=CC=CCCC=C)CC2
9326,9539,CC(=O)C(N=CC=CCCl)CNCSCCC
9327,9540,NCC=CC=CN=CO
9328,9541,CCCCNCCC1CCC=CC12C=CC(C)=C2
9329,9542,CC1CCCN=C(N)CN=C1
9330,9543,C1CC=C1CC2=CC=CC=C2CC
9331,9544,CC(COC(=O)CCCCC)(N)COO
9332,9545,CC(=O)CCNC=CCC(N)=NC=C
9333,9546,CC(C(=O)C=CC=CCl)C(O)COC
9334,9547,O=CC1=C(C=CC)CC=CC=NC=C1C
9335,9548,CCCCCCC(C=CC=CC1)=C1N
9336,9549,COC(C)CC(=O)N1CNC=C(C)C1C(C)C=NCNCl
9337,9550,CCC(C(=O)O)C(=O)O
9338,9551,CCC1=CS2C(C)CCC=CC=CC=C12
9339,9552,NCCCCCCCCCCO
9340,9553,COCC1=CC=C=C1Cl
9341,9554,C=CI
9342,9555,C1C(Cl)=CC=C1
9343,9556,O=C1CC=CC2=C1NCC2C
9344,9557,N=C(C(C1)N)C(I)C=C1O
9345,9558,NC=CCS1C(N2C)=CC(F)S2C=C1CC
9346,9559,CCCP(=O)(F)CCCCCCC
9347,9560,O=CC=CC=C(Cl)C(O)=C[NH1]C#C
9348,9561,N=CC(N)C=C1C=C2C=CS1N2
9349,9562,CCOC=CCCC
9350,9563,C=C(N)CP=NC=CCBr
9351,9564,OC=C(O1)C=CC2CC1=CC=CO2
9352,9565,CCCC=CN
9353,9566,C(N)N=C(CC=NCCC=C[SH1]=C)C
9354,9567,OOSC(CCC=O)OP
9355,9568,COC(C)(C1)CCCC(C)NC=C1
9356,9570,CCCCC=O
9357,9571,CC(C)CC=CS(O)C(C)C=NN=CC=CO
9358,9572,C1CCC=CC2=CC=CC=C2N1
9359,9573,NC=CC(=O)C=CC=C(O)C=CC=CC=C
9360,9574,C1NC=C1C(=O)N=CSC
9361,9575,COCCCN(O)N(N)C=CCC
9362,9576,COSCOC(=O)CC1=NC(OCS)C=N1
9363,9577,C(=O)CC(CC(=O)NS1NC)C(=O)CCN1
9364,9578,O=CN=CC=C(F)CC1CSN(Br)C1
9365,9579,OC(O)CC(=O)N=CC=C
9366,9580,NC=CC(=O)C=CN=C(Br)CC=C
9367,9581,CC=C=C(O)COC(=O)NC(=O)COC
9368,9582,N[NH1]C=C1C2NCC(N)CPC2=C1
9369,9584,CC1=CC=CC=C1C2=CC(C)O2
9370,9585,CCC=CC=C1SCCCC1O
9371,9586,CC=C(C)C(=O)CCCCCO
9372,9587,C1C=C(S)C1OCNCCCCF
9373,9588,C=C(N)COC=C(N)CCSCl
9374,9589,C=CC=C(F)N1C(C=CC=C1C)(O)O
9375,9590,C1CCCC1CC
9376,9591,CCC(OCCCCCSOCN)CCI
9377,9592,CCCCCC=CC(Br)=CSC=O
9378,9593,O(N)C1C(N)N=C1C=CCC=CC=CO
9379,9594,O=C(C1)CCCCC2=CC=CC=C2N=C1OS
9380,9595,CC1C=C=CC=NC=CC=C1
9381,9596,OC=CC=CC=C(Cl)C(=O)O
9382,9597,C1COC1COC2(O)C=CC=C2
9383,9598,C1OC=C1NC(C=2)CCCCC=2
9384,9599,C[NH1]C(=O)NCCCN1CCCCC1CO
9385,9600,CN=CC(C)C1CCCCCC(C=C[NH1])C1
9386,9601,NC=C1C=CN=C1OCNO
9387,9602,CCC1=CC=C2C(Cl)C=CC=C21
9388,9603,OC=C1C=CC=C2C=C2C=CC=CC=C1
9389,9604,O=C(CCSCBr)O
9390,9605,CC(C)CC=NCCCCC
9391,9606,COCNCC1(C)C=C2C=CC=CC2=C1
9392,9608,C1OC(C)(Cl)C(C)=C1
9393,9609,O1CCC=C1ONC2CCCC2
9394,9610,CC(C)NCCC
9395,9611,CCCC=CC=CCC1P(=C)C(C2O)C=CC=C21
9396,9612,CC=NC1OC=C(C=CC=CF)C1[NH1]
9397,9613,CC1CCCC2=CC=CC(O)=C21
9398,9614,CC(N)CNC(=O)OC#C
9399,9615,NCC1C(=O)NCC=CSC=C1N
9400,9617,OC=NC=CC=C(O)SC1=CC=CC=C1
9401,9618,CCC=CCCCC1=CC=C(C=CC=CC=2)C1=2
9402,9619,NC=CCOC=CC1=C(Cl)CCN1
9403,9620,NNCC=CC(C1)C=CC=CC=C1
9404,9621,CC(O)C=CC(O)C1C2C=CCC=C2C1=O
9405,9622,CCCC=CC=CCOC1=CC=NC1
9406,9623,CCC(=O)NC=CCNCCCN
9407,9624,CC=C(C)CCNCC
9408,9625,N12C(C)OC1NN2CC
9409,9626,SCC(NC=CC[NH1])=NCCC(O)CCl
9410,9627,C1C=CNCNCCC=CC=C1O
9411,9628,COCC(N=CN=CCN1C=C)(N)C=N1
9412,9629,CCCC1=CC=C(O)COCC1
9413,9630,C=CC(C)CS1NC=CCC=C1
9414,9631,CC=C(C)CC=CCN1C(CC)=CC=C1C
9415,9632,NC=CC=CC1(C)C(C)C=C1
9416,9633,NC(N)COC(=O)NCC(Br)C(=O)N
9417,9634,CCCC=C(C)COC(C)CC=O
9418,9635,COC=COC(C)C1=C(C)C=NC=C1
9419,9636,CCCCC(C)C=CC(N=1)=C(S2)C=CC=1C2C(C)(C3)O3
9420,9637,CC=C(C)C=NC(=O)C=C[NH1]C1=CN=CC=C1N
9421,9638,SSC(C)F
9422,9639,COC=C(C)C=CC=NC=C1N=C(NCC=C1)C
9423,9640,CCC(C)N1CNC2=C1C2N=O
9424,9641,NCl
9425,9642,C12OCC1CC2C3=CC=CC=C3
9426,9643,ON=CC(NCOC=CC=C)C=O
9427,9644,C=CC(=O)N(C)N[NH1]CCCC
9428,9645,NC(=O)CCCCOC=CC=CN=COO
9429,9646,C1S=C(N)C=NC=CC=C(Cl)S=N1
9430,9647,NCC=C(C)NC1=CC=CC=C1
9431,9648,CC=C(CCCC)C1=C2C=C3C=CN2C=C3C=C1
9432,9649,C=1CC=1C2CSC(Cl)S2
9433,9650,CC(N)C=CCNC=C1C=CC=C1OCN
9434,9651,CCSC=C(C)CCCl
9435,9652,CC=C(O)C(C)CCCCC(=O)O
9436,9653,COC=NC=C(CC1C2C=CC=C1C=C)C=C2
9437,9654,CCC(C(C)CC)=O
9438,9655,C=1CCC(=O)C=1CC2CCCCN2
9439,9656,CC=C1C=C(O)C=CC=CC=C1F
9440,9657,C[SH1]N=CC(C)OC(C)=CC=C
9441,9658,N1=CC=CC2=C1N=C(O)C=NC=C2C
9442,9659,CCCC(C1CNC(=O)CC#CNCC)C1
9443,9660,OC=CCC=CC=CC#N
9444,9661,CC=CC1OC2=CC(C)C=C2C1S
9445,9663,O1C=CC=C1CC=CCN2CCCS2
9446,9664,O=C(ON=C(C)OC)C=O
9447,9665,CCCCCN=C1CCC(CC1=N)C(Cl)C=NC#C
9448,9666,CN(N)CC1N(O)N=CCCCC(N)=C1
9449,9667,N=CN(O)CCl
9450,9668,CCC=CC=CC=C(O)C(CC)=C[NH1]
9451,9670,CC(C)=NC=CN=CC=CC=CO
9452,9671,CN1C=CCC=C(F)CC=C1
9453,9672,N#CC(CCS)C(C)=NC=CCOCC
9454,9673,CCC(C)(O)C=C1C2=CC=CC=C2NNC1
9455,9674,CC=CN(O)C(N)CCCCCCCN(C)N1C=C1
9456,9675,CCCSC(=O)OCC(N=NN)=C
9457,9676,CC(C)OC=NC(Br)=CC=COC
9458,9677,CC1C(C)C(C)CCCCCC=NC1
9459,9678,CNC=C1C=CCNC1
9460,9679,C1CCCCCC(O)C1=O
9461,9680,CC(CCOC=CC1CN)=CCC=C1
9462,9681,NCON=CC1=CC=C(N)C1
9463,9682,O1CCNC2=CC=CC=C21
9464,9683,S(O)C1(N)CCC=CCC(O)S1
9465,9684,N(C)CC(=O)OC=C=CSN
9466,9685,O=CS1CCC(C)=C(Cl)CC=C1CCN
9467,9686,COOP(=O)C=CCC(=O)C=O
9468,9687,NON1CCCCC1
9469,9688,C=C1C=CN=C(N)N=C(N)COC1
9470,9689,C1=C=CC1OC=CC=CSS
9471,9690,CCC(C1)C=CC=C1
9472,9691,O1C(=O)CC=NN1C=O
9473,9692,C=SCOC=NOC=CC[NH1]C=N
9474,9693,NC(=O)CCONCCCCCN
9475,9694,COC(CC1CC=CC=C1COC2)CCC3C2=CC=C3
9476,9695,OC1=C(CC)C2CCCC=C2C=NN1
9477,9696,C1C=C1NCNC=NC(=O)NC(=O)OCCl
9478,9697,N(O)=CSC1=CC=CC2(ON3)CC2C=C31
9479,9698,CN=CNC(=O)N1C(=O)[SH1]SC=S(C)O1
9480,9699,COC(=S)C(CO)=C(Br)CC=C=C
9481,9700,OCCCC=CSCCC(=O)CBr
9482,9701,CC(C)CCCC=CC=CC1=C(C)CC[NH1]1
9483,9702,CC(C)C(CC=O)NPC=CN=C
9484,9703,N1CCCCCCC1O
9485,9704,CCC(=O)NCC=SCC(O)=C
9486,9705,CCCCCOC(N)CCN
9487,9706,CN=NC=CC=CC1=CC=CC=C1
9488,9707,CC=CC=CC=C1C=C=NC=C1CC
9489,9708,C(C1CCCCC1NO)C#N
9490,9709,C12C=CC=NC=CC1C2=O
9491,9710,COC(=O)CC=C(S)C(CO)C(=O)O
9492,9711,CC=CN=CC=C(OC1N(N)OC)C1
9493,9712,CC=C(O)CC=C(O)CBr
9494,9713,CCCCN
9495,9714,CCC=N
9496,9715,C1CCNN(O)CC2(S)C(N)S2C1=C
9497,9716,CC(=O)NC=CC1=CC=CC=C1
9498,9717,N=C(CSCCCN1C=C)C=C(O)C1=S=N
9499,9718,O=CC(C)NCCCC
9500,9719,N1=CC=CC(=O)O1
9501,9720,CC=CC(C)(NCC)N1C=CC=NN=C1
9502,9721,NCC(N)CCCC(=O)CCl
9503,9722,CCCCCC1(C)CC(O)C1
9504,9723,CCN1NCOCCCC(C)(C)COC1
9505,9724,S=NC=O
9506,9725,C1CN(C)CCCCC1C(=O)O
9507,9726,FOC=C(N)C(O)C=CC1=CC=CC=C1CO
9508,9727,N1C=CNC(O)C(=O)C=CCC=N1
9509,9728,COCCCCC(S)C=C
9510,9729,CC(C)=NCSC(=O)NC=S
9511,9730,CSNNC#CC=C(O)CC=C(Br)C=O
9512,9731,C(C)SC(C)CCCCO
9513,9732,NNCCC1CCCC=C1C=C2C(Cl)CCC2=O
9514,9733,CNCC1CCC=C1CCOC(C2)=C2C
9515,9734,CC(=O)C(C)CC
9516,9735,NC=C(Br)N(Cl)C[NH1]C=C
9517,9736,C1C(C)SC(=O)ON=C1
9518,9737,C=NCCl
9519,9738,NOCONSC(CC)C=CC=CC=C
9520,9739,CC=NC=CC1=C2C=CC=C1C2
9521,9740,C(C)(=O)CCCC1=CC=CC(OC)N1
9522,9741,C12C(C)=C1SC(=O)OCCOC=P2S
9523,9742,CC=CN=C(N)CNC(=O)[NH1]C#C
9524,9743,CC(C)SCCCC(C)(O)CC
9525,9744,N1C=NCCC(O)C1
9526,9745,CCC(O)CCCC=CC1=CC=CC=CNN=C1S(C2)=N2
9527,9746,CNC(=O)NC1=CC=CC=C1
9528,9747,N12CC=CC=C(S)C1C=NC=C2S
9529,9748,COC(CCC)C(=O)OC=O
9530,9749,CCC1C=CC=CN(C)C=C1
9531,9750,CC1C=CC=C(Cl)N=CC=CC#C1
9532,9751,C1C(C)C1N=CC=CC=CC=CC=C
9533,9752,N=CS1C=NC(C)=C2CC=CC=C21
9534,9753,NCNC=O
9535,9754,CNC1CCCCCCNCNC1=O
9536,9755,CCC=CC(=O)CCC=CNNCC
9537,9756,C(=O)C(O)C(O)OCCCCOC
9538,9757,C#CCNCC(O)=CC=C1C=CC=C1
9539,9758,O1C(C)OC(O)C(C)(C)CCCN1
9540,9759,C=CC=CS(N1)C(=O)NC(=O)O1
9541,9760,CCC(OC=CSC1=CC=CC=C1)Cl
9542,9761,CCC=C(C)N(C)CC(C)C
9543,9762,CCOCCNC(N)=CCCCCCO
9544,9763,C1C2(CCCCNC(C)C)C1OC2=O
9545,9764,C=NC=CC1C=C=CC=C1OC=O
9546,9765,BrC(CCC(N)C=O)ON
9547,9766,OCC1=NC=CC1COC=CCl
9548,9767,CC=C(N)CC=C1C=CC=C(C)C=C1
9549,9768,FCNOCCCCN1C=C(Cl)C1
9550,9769,CCCNCCC1(C)OC=C1CCC
9551,9770,CC=C(O)C=CC1=CC=CC=C(Br)CC=C1
9552,9771,CCN1CC(C=SOCC)C=CC=C1
9553,9772,CCCCCCPC
9554,9773,NC#COC
9555,9774,C1C2=C1C=COS2
9556,9775,NC(=O)CC(=O)N=CN
9557,9776,S1C=C1C(N)NCC23CNCC2C3=O
9558,9777,CCCCCCCCCCC
9559,9778,CC(C)C(=O)C1(Cl)C=C2C=CSS1=C2
9560,9779,OCC=NC=CC=C1C=CC=C(Br)C1
9561,9780,CC(=O)NC1(C2)CC(=O)C=CC=C21
9562,9781,C1CCCC1C(N=C2N)(Br)OC2
9563,9782,COC=CC1(CCCC2N1C=C)SN2
9564,9783,C=CC=CC(C=CCC(=O)C)=C1C=CC=C1Cl
9565,9784,C1NNC2CC3NC[PH1]21CC3
9566,9785,CC=CP1(C)COCC1C=O
9567,9786,C=C(COCCC(=O)O[NH1]C=CC=C)SCCC
9568,9787,C1=CC(O)=CCCN=C1
9569,9788,O=CC(C=C1C=CC)=C(O)C(N)=C1
9570,9789,C1OCC2COC=CC3=C1C(OC=CC=C2)N3
9571,9790,CC(O)CCNCCSC(N)=CC=CN
9572,9791,NCCOC(=O)CC1=CCC=CN(Cl)C1
9573,9792,CCCNC(=O)C=CC1=C2C=CC=C1C2
9574,9793,CC=CC=C(Cl)C1=C(C)C=CC=C1Cl
9575,9794,C1N=S(N)C=CC(=O)C1S
9576,9795,C#CCNC(=O)OC(=O)CNOC=CC=CC
9577,9796,CCC(=O)CNOC(=O)O
9578,9797,O1C=C1C=NCC=CC=C(Cl)C=CC(=O)O
9579,9798,CNOC(=O)COC(C)CC=NC#S
9580,9799,C[NH1]C(CCC[SH1]1[NH1]C)=CC=C1
9581,9800,COCCCCCC(=O)OC1=CC=CC#CS1
9582,9801,C1CC(=O)N=CC=N1
9583,9802,NC1CCOCCCC=C1
9584,9803,CC=CC=CC=C(O)F
9585,9804,COC=CC=C(N=CC)SN1C2=CC=CC3=C2CC=C3O1
9586,9805,C(=O)CC=CBr
9587,9806,CC=CC(O)=C(O1)C=CCC=C1
9588,9807,CCCCCCC1(CC=C)C=C1COCC
9589,9808,CNC(=O)OCCC1=CC(=O)OC=C1
9590,9809,CNNCON=C1C(C)C2C1NCCCNC2
9591,9810,C12CC=CC3=CC=CC=C3C1C2
9592,9811,C1OC=CCC1CCC(=O)OC(=O)N=C
9593,9812,CCCCCCC1CC2NC1[SH1](C)=N2
9594,9813,CNC(=O)COC1C2CC3CCCC(=O)NC23C1
9595,9814,CCOC1(C)CCNC1
9596,9815,CCCC(=O)OC=CCF
9597,9816,N#CCC=C1C(C)=CS1=O
9598,9817,C(N)=CC#N
9599,9818,C1OC=C2CCC=C(F)C2=CC=CN1
9600,9819,O=CCC=C1N=CC2=CC=C1NO2
9601,9820,CCNNCCCCC1CCCC1
9602,9821,NNC(=O)COC(=O)C=O
9603,9822,N=CI
9604,9824,OCNC1(C)CCCCC2SC=CC=C2C1
9605,9825,CCN(C)C1NCCCCC1Cl
9606,9826,OC=CC=CCC=NC1=CC=CC=C1
9607,9827,COCN(C)S(C)OC=C
9608,9828,CC=CCC1=CC=CC=C1CC=CCC=C
9609,9829,O=CCC1NC(Br)C=C1F
9610,9830,CCC1=CC(Br)=CN=C1C=NC=C
9611,9831,CC(C)CCCCCNCCCC
9612,9832,OC(N)CCCC
9613,9833,CCC(CNC)(N)C(=O)N
9614,9834,COC=NOCCBr
9615,9835,CCC1(C)C(O)C=CN=C1NC(=O)C=O
9616,9836,CC1=CC2=C3COC=C2N1C4C=C3OC4
9617,9837,C=C=C(O)C=C1CC(C)=CC=C1
9618,9838,NN=NC=CCC(N)CCCCN
9619,9839,O=CC1=C2CC=CCNC(C1=C2)Br
9620,9840,C12CCCCC=C1O2
9621,9841,CN(CC(C)CC=C1)C=CC=CC1(Cl)C
9622,9842,O=CCCCCCCC=CCC(C)O
9623,9843,NC(=O)N1C(C2)NCC1C2
9624,9844,CC(CCCC1CCCC2C=NC)=CC=C21
9625,9845,CCC(CC(=O)OC(O)C=CC=C1C=C2C=C[NH1]1)NC2C=O
9626,9846,CNC=C1C=CC=CC=C1NCCCCNN
9627,9847,C=CC(C)CCC
9628,9848,O=CC=CC=CC=CC=N
9629,9849,C1CC2CCCC=CC3=CC=C2N13
9630,9850,NCCOC=C1C=CC(O)CNC1
9631,9851,SO
9632,9852,NCOC(=O)C=CCCNC
9633,9853,CC=CC(C)(O)O
9634,9854,O=CC(S)C(C)=CC(Cl)(C)CCF
9635,9855,O=CN(F)N=CCCCC=C
9636,9856,C(O)=C(C=CCCC=NC=C)C
9637,9857,CNN=C(C)CCNCCC=CC1=C2C=C(Cl)C(Cl)=C21
9638,9859,CCCN1C=CC2=NC=CC=C2NC=NC1=C
9639,9860,CNCCC1OC=CC=C1F
9640,9861,NCC1C(C)CC(=C)CCC=N1
9641,9862,O=C(N)CCCCC=C(O1)C=C2[NH1]C=CC=C2C=C1O
9642,9863,CCC(O)COC1N=C(N)SCCC=C1
9643,9864,OCC(=O)N1C=CC=C(Br)CS=C1
9644,9865,COC(C)NCCC1CCCC1CN
9645,9866,CC=CC(NC1CC)=CC=C1
9646,9867,OC=CC(=O)PC1NC(=O)CN1
9647,9868,CCC=CC(CC)COC(=O)O
9648,9869,O1C2=CC=CC2CCOC(S)C1=N
9649,9870,CCCOCC1CCCC=C1CCO
9650,9871,C=1CC(N)CCCCC(C)CCCS=1
9651,9872,COCCCCCCOC(=O)OC
9652,9873,OCCN=NC=CCCO
9653,9874,CCOCCCCCC(Br)=CN
9654,9875,COCNCC1CC=C2CCCC21
9655,9876,CC(CCCNC=O)CCOCCl
9656,9877,NC=CC=CC=C(Cl)C(C)CO
9657,9878,CC[NH1]C=C1C=C2C(Cl)=C(OC)NC2=C1
9658,9879,CCC(C)CCC#N
9659,9880,NN=CC(N)C(C)=C[NH1]C=C
9660,9881,S=SCCCCCCCC(Cl)C(O)C(=O)O
9661,9882,NCC1(C)CC(Cl)C1N
9662,9883,CCPCCCC(C)OC(O)CCCCl
9663,9884,CCNCN=C(C)C(Br)=CC=CC=C
9664,9885,CNCC=C(O)C(Cl)S
9665,9886,CN=CC(=O)C1CCOC1
9666,9887,OC(CCCCC1(C)CC)C(N)=C1O
9667,9888,C1CC2CN=CC=C2OC(=O)C1
9668,9889,C(=O)NC(Cl)CF
9669,9890,COC1=CC=C2C=C1NNCC(=O)O2
9670,9892,OCCC(S)=CC=C1C(C)C(N=CN)=C1
9671,9893,CCCCCCC(C)CCSN(O1)CCC1
9672,9894,CCCCCCC=C(N)C#N
9673,9895,C1OC=CN(C=2)OC=CC=2C1=NO
9674,9896,CS(C=CC=C1[NH1]C=NN)=C1
9675,9897,C=NC=CC=CC(N)CO
9676,9898,CCNC=CC(C)=C(O1)N=CC=C=C1O
9677,9899,CCC(C=CC=CPP)=NC=CSC=C
9678,9900,CCOC(C)=COC=CO
9679,9901,CC(C)=CC=C1C=C(O)C=C1F
9680,9902,CC(O)CC1CNCON1
9681,9903,NNCC(=O)N1COCCCC1
9682,9904,CC[NH1]CCOC(C)CCCCO
9683,9905,OSC(O1)C(C)CC(=O)OCOC1
9684,9906,NC1CCNCSNCC(N)=C=C1
9685,9907,CC(N)C1CCS2SC=CC=C(C)CC2O1
9686,9908,CNCC=SC=CC=C(O)OC=CC=C
9687,9909,CCNC(C)CCC(=O)C(O)CCO
9688,9910,CCCC=CC1(S)COC=C1
9689,9911,NC(S)C=CC(=O)OCC1=CC=CC=C1
9690,9912,CCC1CCCN=C=C1NCCOCO
9691,9913,NC(C)(C)CC=CC1=CC=CC=C1
9692,9914,CN(CC=CC=O)CCC=C(N)CC
9693,9915,NCCCCCCCCCCOC
9694,9916,C=CC(CN)C=CC(CO)CC1=NC=CC=N1
9695,9917,CCNC(=O)OCC(C)CCC1(C)CC=C1
9696,9918,CNCC(=C)C=CC1=CC=CC#C1
9697,9919,CCCCCNC([SH1]1)=CC=CC#C1
9698,9920,FC=CC=CC(C1(C)C)C=NC1N
9699,9921,NSN=CC(F)=C1C=CC=CN=C1Cl
9700,9922,OC(=O)C=NC=C[NH1]CC=C
9701,9923,C(O)C=CC=C(CN=C(S=N)C)F
9702,9924,S=CC=C[NH1]C=CCC(C1=CC=CCO)=C1
9703,9925,C1CC=CN=C1CCC2NCCSC2
9704,9926,CNC(C1)C2=CC=C1C=C2
9705,9927,N1SC=CC2=CC(O)C=C2C1C=NC
9706,9928,CNC=CC=CC(Br)=CC=C
9707,9929,C1CN1C(C)C(O2)C(F)=NC(O)=C2
9708,9930,CNC(N)C(=O)CNC(C)CC
9709,9931,C=CN=C(O)C(C1)SN=CN=C1
9710,9932,C1CN=CC=CC=CC=C1
9711,9933,C=CC(N=C=NC=NN=CC)=C(C)NN=NC=C
9712,9935,CC(C)CCCCC(O)CN
9713,9936,O(C)C(C1CCOC2O)C3=CC=C2C1S3C
9714,9937,CSNC(=O)OC=SC(=O)N
9715,9938,C=CC=C(NC1N[NH1]C1[NH1]C)C=O
9716,9939,N1C(=O)N=C1CCC=CC=C2CC2
9717,9940,NCC=C(CC(N)C=CC(C)C=C1SC)NC=N1
9718,9941,O1CC=CC=C2C=CC=C1C2
9719,9942,CONC1C(N)=CC2=CC=CC=C2CCN1
9720,9943,C=1CC(O)C(=O)C(=O)NCC=1
9721,9944,C1N=C(N1CC)NCCBr
9722,9945,NC(=O)OCCCCC=C1C=CC=N1
9723,9946,CNC=CC=CC(Br)(C1)CCC=CC=C1
9724,9947,NC=CCC(C)CCC1C=CC#C1
9725,9948,NCC=NC(N)C(=O)C(=O)O
9726,9949,CCCCC1CCN=C=N1
9727,9950,CCCCCC(C)CC(C)C=N[NH1]CO
9728,9951,CNOC(=O)OC=NC=C
9729,9952,NC1=CCC=C2S1SC(=O)OC=N2
9730,9953,CC=CCC(C)(S)C1CC=CC=C1
9731,9954,OCCCC(=O)CCCCCCO
9732,9955,OC=C(O)C(N)C(=O)CC1C=CN=N1
9733,9956,C1CC2CC1=CC=C2C=C3C=CNCCC3
9734,9957,COC#CN(O)C(C)Cl
9735,9958,CC(C)=CC=C1N=NC=CC=C1
9736,9959,OC=NC1=C(OCO)C(C)(C)CC1
9737,9960,C1OCCCNCC1C2N(C3)CCNCC32
9738,9961,ON=CCNC(Br)C1=CC2=C(N)C=C2C=C1O
9739,9962,CC(CNCCC)C1S2C=CCC21
9740,9963,NC(=O)[NH1]C(=O)CCO
9741,9964,O=CC=C1C(C)=CNC1CC
9742,9965,O=C(O)NC(CCBr)=CC=CC1=C(Cl)C=C1
9743,9966,C1CC(C)CCN[NH1]C1
9744,9967,CCC(O)CNCC=CC=C1C=CC=N1
9745,9968,C(O)CCCCCC1CC=CC([NH1])C=C1
9746,9969,CC(=O)OC=C(C)C1CNCNC=C=S1
9747,9970,C1CCNCNCC=CCCP1
9748,9971,OC(C)=NC1=NN=C(N)C(=O)OC1
9749,9972,CC(C)COC=CCC=CCN=CO
9750,9973,N1C(C)CC(N)=C1CCC=CC=NC2=CC=CC=C2C
9751,9974,CCCCNC(=O)CCC1CC=CNC1
9752,9976,NCC1CC(C)NC1
9753,9977,CC(C(C)CNCC)(C)CCCCC#C
9754,9978,CC1NC=CC(C)CCCOC1C
9755,9979,CN=NCl
9756,9980,C#CCC#CC=NNC=C(NC(NC)C1C)CC=CC=C1
9757,9981,NC(=S(O)C=CC)CSOC
9758,9982,CN(Cl)C=CC=CC(Cl)OS
9759,9983,CC1CC2CC(=O)C2NCCC=C1
9760,9984,C1C=CCC2=C(O)C(Cl)=C1CC2
9761,9985,CCC=CC=C1C=C(C2)C1C3=CC=C2NC3
9762,9986,O=CN=C(N)OC(=O)OCC=NCC(I)C
9763,9988,CC(=O)NC=C(O)CC1C2COC(C=C1)=CC=C2
9764,9989,OC(CC)=NC=CC=CCl
9765,9990,CNC=NC=NCCCOCC
9766,9991,C=C(C1)NCCCC1=O
9767,9992,C1=C=CCCCCCCC=C1
9768,9993,NPNS(=O)OCCCCC=O
9769,9994,C=CC=NC(Cl)=C(Br)CC=CN
9770,9995,CCCC(CCC=C)C=CC1C=C1N
9771,9996,CCNCNNC(=O)O
9772,9997,NCC=CC=CCC=C1N=CC=C1C=CC=CC#C
9773,9998,ONCCC1=CC=NCOCC1
9774,9999,O(C[NH1]C1=C(Br)C)C=NC(F)=NN=C1O
9775,10000,COCC1(C=CNC(=O)OC=C)CC1
9776,10001,CC(C)C1CCCCC1
9777,10003,CCOCSN(Br)C(=O)OC(CO)CC=O
9778,10004,NCCCCCC(=O)OC1CC=C1
9779,10005,C=1CC(C)CC(O)C=1
9780,10006,CCC1CNCCC=C2C=C(Br)C21
9781,10007,O=C(COCC=C1C=C)C2=CC3=CC=C2CC31
9782,10008,C(O)C(O1)C(C)CC=C1
9783,10009,CCC(COC)=O
9784,10010,CC=C(C)C=N[NH1]N
9785,10011,CSC=CC=C(Cl)C=CC=CC
9786,10012,CCCSCCCN=CC1=CC=CCN1C
9787,10013,CO[NH1]COC1CC=CC=C(Br)C=N1
9788,10014,SN1C=CC=CC2=C=C(CC)COC1O2
9789,10015,CCC(CNC)(O)O
9790,10016,CC(CCC=CO)OCCCC=CC(O)CCO
9791,10017,C(C)C1C=CCC=C1
9792,10018,N(O)CSC(=O)C1=CC(=O)COCC=C1
9793,10019,CNCC(=O)C=C(O)CCCCC(=O)OCl
9794,10020,COC(=O)NN=C=C(C)C(C)=CC=CCl
9795,10021,O=CC1=C(CCN=CCC2(O)C1)CC=CC2
9796,10022,CCC=CC(C=C(C)CCC)(C)CO
9797,10023,OCCC1CCC(N)=CC=CCSS1=N
9798,10024,CC=C(NC1=N)C2N=CC1(N)NC=C2
9799,10025,SC[NH1]CCC=CC=C1CC=CC=C1
9800,10026,OC=CNCC(N)C=C1C=CC2=CC=C3C=C2C1=C3O
9801,10027,C#CCCCC(C(=O)NC)C1=CC=CC=C1Cl
9802,10028,C1COC(=O)N=NC[NH1]C(=O)C(C=CCF)S1
9803,10029,CCCOC(=O)C(C)O
9804,10030,C=CC[SH1]C(=O)CCC(=O)CC
9805,10031,CN(COC=S=NC(C)=CC)CC=C(Br)CO
9806,10032,CCC(C)(C)C=O
9807,10033,CC(O)C=CC(C)CCCCCC(F)N
9808,10034,CC1(N)C(=O)OC(S)NNCC1
9809,10035,NCCCOC1=C2C[NH1]C=C1N2
9810,10036,O=C(C)C=CC=C(O)CS=O
9811,10037,NNC(=O)CNCC1=CC=CC=C1
9812,10038,N#CC(=O)C=O
9813,10039,C=CC=C1C=CC=CC=C2CC=CC=C2C1
9814,10040,C1SC(Br)C1CNC(N)SN=C
9815,10041,CC(CCCC)C(NC(N)CC=C1)C1C=O
9816,10042,CCNC=CC=C1C2(C(NC)C2CC1)C
9817,10043,CCCC(C)CC(C)OC=O
9818,10044,COC=CC(=O)C(=O)C=NN=CC=CC
9819,10045,C12C=CS1C(C)(C)CC2
9820,10046,ON(O)CNC=NNCC
9821,10047,CC(F)C(=O)C(Cl)SC(=O)O
9822,10048,O=CCOC=CO
9823,10049,CCNNNCC(C1)=C2C(O)C1C2
9824,10050,SC=C1C=CC(O)C=CC=C1
9825,10051,OCC1CCC=CC=CC=C1Cl
9826,10052,CNC=CC(N1)=C(C)COOC1=O
9827,10053,C=CC=NC(=O)NCCCC
9828,10054,CCC=CC=C(Cl)CCCl
9829,10055,CC=CC1=CC=CC2=C1C(=O)CC2=C
9830,10056,CCCCCC(C)CCC(C1CCCC1)SC=C
9831,10057,C1CCCCCC=NC=CC=C1C=CCC
9832,10059,C1CC(C)C(O)CCC1
9833,10060,OC=CCCC=CC=CC=C
9834,10061,NOCOC1CC(N)N=C1
9835,10062,OC=C(NCCCC1Cl)CN=C[NH1]1
9836,10063,C1OCC=CN(C)CCC(C)C1
9837,10064,IC=CNC(O)C(=O)O
9838,10065,CCCC1C=CC=CC2=CC=CC=C2N1
9839,10066,C=C(N)C(=O)OC=NCCC(Cl)(O1)C1C
9840,10067,C=C=NC(=C1)C=CC=C1
9841,10068,OCC(C)CNC
9842,10069,CC=CC=C=C1C=CC=C1
9843,10070,CC(N)CC(C)COCNCOC=NCCO
9844,10071,CC(=O)N=CCC1C2CCCP2(=O)C=CC1C=C
9845,10072,ONCCC1CCC=NC(Br)OCC=C1
9846,10073,CC=CC=CC=C[NH1]C=CC=CNC(=O)O
9847,10074,COC=NC1=CN=C(NC2=C)CC=NC=C2C1
9848,10075,CC=C1[NH1]C=CC=C1C(=O)N2C=CC=CC2
9849,10076,C1=C=C1O
9850,10077,C(=O)C=CC1=CC=CC=C1
9851,10078,O1C(C)=CC=C1OC=C
9852,10079,COC=CCN(C)CC=C=CCl
9853,10080,CCCOC=C1C=C(C)CCC=C1
9854,10081,ClC(=O)C1=C(N)CN=CC=CC=CN1
9855,10082,CCC=C(O)CCOC(=S)C=O
9856,10083,CC=C(C1)CCSC=CN=CC=CC=CN1C
9857,10084,CNC=NSCCCCCCCOCC
9858,10085,CSN(O)C(Cl)CNC(C)=NCC(N1)=C1
9859,10086,CCCC(C)=CC=C(C(N=C)NC)OC=C
9860,10087,CC=NC=CC=C1C=CC=C1OC=C
9861,10088,C1C=CC=C2C=C(Br)N=C2O1
9862,10089,ON(C)CCON(O)OC(C)CCO
9863,10090,N=NCN1COC=CCCC1=O
9864,10091,CC1N(COC(CC)C)CC1C
9865,10092,C(Br)=C=NC=CC=C(C(=O)C)NC=CC=C
9866,10093,COC(O1)CC=C2C=C1NC2CCC
9867,10094,C1C=C1CC=CN=CC(C)(O)C#C
9868,10095,CCCCC(C)CCC1CP(C)=NC1=O
9869,10096,CC=C1CCC=CCN1
9870,10097,CC=CN=C(N)OC(=O)OC=O
9871,10098,CCCC1C=CC=C(F)C1NC=NN
9872,10099,S12OCCC1CCCC=NCC2=O
9873,10100,CNCP(C1)CC2C=C=NC=C2C=NCC1
9874,10101,C1CN(C)CCC(=O)[NH1]1
9875,10102,OC(=O)CCC(C)NC=O
9876,10103,CCC=CC(=O)CF
9877,10104,C=1CS(=O)C=1Br
9878,10105,O=CC(=O)C=C1C(O)=C(S)C1=CO
9879,10106,C1N2C1CCCCCNC(=O)O2
9880,10107,N=CC=C(O)CON=CC=CC=O
9881,10108,O1C=C1C=NC(C)=NCS
9882,10109,CC=CC=C1C=CCC=C1
9883,10110,CNC(=O)COC1=CC=CC(C)=C1
9884,10111,CS(O)C(NC=O)CC1CCCCC1C=N
9885,10112,COC(N1CC(=O)C1N=CC)=CCCC
9886,10113,CC=C(C)C1CC2=CC=C1C=CC=CC=C2
9887,10114,CCCCC1=CC=C2C(CCC1)=C2NCC
9888,10115,NCC1CC(=O)NCCCCCCC1
9889,10116,OC1C=C(C)CCC=CC1CCCl
9890,10117,NC(=S)NC1CCCCC1
9891,10118,OCCNC(=O)C=C=CC=CC=C
9892,10119,N(C1)C(=O)CCC1C=CC=CC
9893,10120,C1NC(O)C(=O)NCC#CCC1S
9894,10121,CCC(=O)NC1(C)CCOC1C
9895,10122,OCCCCOC(O)CC(O)C1CO1
9896,10123,CC=NCC(=CCl)N1CCCC1C=CCC
9897,10124,COC(=O)C1OCOC1C2=CC=CC=C2
9898,10125,CNCCC1CC=NC=CC=C1C
9899,10126,C=C(C1CO)C(CC1CSCNC=C2)C=CN=C2Br
9900,10127,CC=NC(=O)NC(CC#CCF)C=C
9901,10128,CCC(C)CC=CC(C)=O
9902,10129,OC(=O)NC1OCCOCC(Cl)=C1
9903,10130,C123NC1S=NNC=CS2C3
9904,10131,OCNC1(O)C2CCC1C2
9905,10132,CCC=CNC(=O)O
9906,10133,N1C(=O)C=C(O)C=C1O
9907,10134,CCC=C(O)C=CC1=C(C)CC=C1N
9908,10135,CN(O)C(C)CCC
9909,10136,C1CCCCCC1CCC(=O)OC
9910,10137,CCC=CC=C(CC=CC=C)C=CCl
9911,10138,CC(C)(C)CC=NC1(C)CCCCC=C(F)C1
9912,10139,CCCCNC(C)(O)NC(C)C
9913,10140,CCCCC=C1C=CC=C=[PH1]1C=O
9914,10141,C(C)CNSC(=O)O
9915,10142,NN=NNC1=CC=CC=C1OCN
9916,10143,CN(C)C1NC2(C)CCCC2O1
9917,10144,[NH1]C(C)CCC1=NNC=C1C=NCNCCN
9918,10145,NCCC(O)=CCNCCCOCCl
9919,10146,CC=CC1=CCC=C(C)C1Cl
9920,10147,O(C1)CCCN1CC=NCOC=CCNCl
9921,10148,C1=CC=CC1C=NC=CC=CCCCl
9922,10149,CCCC1C[NH1]C=CC2=CC=CC3=C2C3CN1CC=C
9923,10150,OOC(C)NC(=O)O
9924,10151,OC[NH1]I
9925,10153,N=CN(NC(=O)N=C1)C=C(O)CC1
9926,10154,CCSCC(C(S1)C=O)C=C=CC1C=CSC=C
9927,10155,O(C)OC=C[NH1]C=COC=CC=CF
9928,10156,CCCCNC(=O)OC(CO)C(O)CCCC
9929,10157,N1C=CCC1C=CNC(C)=C(Br)C=C
9930,10159,CSC=CC(C)CC=CC=C1C=C(Br)C=C1Cl
9931,10161,COCC(C=NC1=C2C)=CC=C1O2
9932,10162,CC1=C(O)CCCCC=C1
9933,10163,CCCNCNC=NC=C(C1CCI)OC=C1O
9934,10164,CCC=CC=CCC=C(N)CC=CC=CO
9935,10165,CNC(C)(O)C=O
9936,10166,CC=CC=C(CCC(N)(F)CC)CC(C)=C
9937,10167,CSC(=O)COC=CCC1C(=O)CN1CCC
9938,10168,CC=C=NCCl
9939,10169,CC1CCCC=C1N=NCC=CF
9940,10171,OCCCCCCNCNCCCC
9941,10172,C=C(C)OCOCC(O)C=CC1CCC=C1
9942,10173,CC=CC=CC=CC(=O)[NH1]CF
9943,10174,C1ONCOC=NN=C2C=CN=C21
9944,10175,NC=NC(C)C(=O)OC=CC=CC#C
9945,10176,COC(=N)C=C1C=CC=N1
9946,10177,CC=C(O)C(O)C(C)(O)CSC
9947,10178,C(OCOC=COCN)CC
9948,10179,CNC=C1C=CC2NC1CNCC2
9949,10180,ONCCNC1CC(C)CN1
9950,10181,CC=CC=CC=C(N)C=CC=C
9951,10182,COCCCCCC1CCCO1
9952,10183,ClS=CC(=O)OC(O1)=C(Cl)C=CC=N1
9953,10184,O=CS(=N)O
9954,10185,CCC(CN=C1CF)C(Br)C=C1O
9955,10186,COCCC1C(C)CC1F
9956,10187,NNCCC(C=C(F)OC(Cl)C)CO
9957,10188,CC=CC=CCCCCC(I)=C
9958,10189,ONC=CC=CC=C1C=C[NH1]C=C1C
9959,10190,COC=CC1=CC=C(Cl)C1
9960,10191,CC(O)C(C)NCCOC(=O)O
9961,10192,CC=C(O)C(CCCC=NCC=C)C1=C(CCCS1C)C
9962,10193,NC(=C)C=C(C)N1CCCC1=O
9963,10194,CSCCCC(=O)C=C1C=CC2=CC=C1CC2O
9964,10195,O=CC=CC(C)CCCC#N
9965,10196,CCOC(C)OOC(=O)NCOC1CC1=CC
9966,10198,CC(O)C1=CN=CCC(O)C=CC=C1
9967,10199,CCCC(=O)N
9968,10200,CCCC(O)=CC1(C)C=CC=CC1O
9969,10201,CCCCNC#CCC(Br)NP
9970,10202,CCC1=CC=CN=C1CCC
9971,10203,CCCC(C1)CCNCCCCC1(C)C
9972,10204,CC(=O)NCC=CC(C)C[SH1]S
9973,10205,CCNC=CC1=C(N)C(=O)OC1
9974,10206,CC(Br)CCC
9975,10207,C1N=CC(=O)CCCC=C1
9976,10208,COC=C(C)N(C)C=CC=CN=CC
9977,10209,CNS(NC=O)N=CC=C[NH1]
9978,10210,N1OC(C)CC=C1NC=CCCC#N
9979,10211,CC1=CC#CCCC(C)=NC=CC=C1
9980,10212,S=CC=CC=CC1=NC(F)=CN1C=O
9981,10213,N1CC(=O)CN=NNC1(NC)O
9982,10214,CC=CC=CC1=CC2=C=C1N=C2
9983,10216,CC=CC(C)=O
9984,10217,C1=C2C=CC1(N=C2)O
9985,10218,CC=CC=CC=C(Cl)C=CC=CC=C
9986,10219,CCCCCOC(O)C(=O)OC1=CC=CC=C1
9987,10220,COC(O)=CC(C)NS(N)C(Cl)C1OCCOCC1
9988,10221,CCCCC(C)C(=O)OC=O
9989,10223,CCCC=CC1C(C=CC)C12C=CC=C2O
9990,10224,O=CC(C)C1C=CC(=O)NCC1
9991,10225,CCCCCCN(C)CC(C)=CCC#C
9992,10226,OC(C(=O)C)=CC=C(C)C(=O)CCC
9993,10227,CC=CC(N)(C(O)C)COC(C)I
9994,10228,N=C1C(O)C2=CC=CC=C21
9995,10229,C=CCC1(CC)CC1C
9996,10230,NCC=NC1CNCC1O
9997,10231,C=CC=CC(=O)CCCC=NC=C
9998,10232,CC#CC(=O)C=O
9999,10233,N1=CC=C1CCNC=CO
