,Unnamed: 0,Smiles
0,0,CC(C)CC1CCCC(=O)CSC=CC=C1
1,1,C1NCOCC1N(C)CF
2,2,C(C)C(C)CF
3,3,NC(=O)CCC=CC=C(O)Cl
4,4,C1C(C)O1
5,5,CC=C(F)CCCC1CC=CC=C1
6,6,O=C(CNO)SC(=O)O
7,7,CC(C)CC1C(C)=CC(O)=C(C)CCC1
8,8,COCC1OC2=NC=CC=C2CCC1
9,9,OC(=O)C=CCN(O)C[NH1]
10,10,OOC=NC1S(C)(=O)OC=C1
11,11,C=1CCSCCCCCCC=1
12,12,CC(C=CC1=CC=C2C=C1)CCCCCC2
13,13,C1S2(O)CC=C(Cl)C=C1C=CC=N2
14,14,C1C=N1
15,15,C=C(C1COC=C2C=CC=CC=C2)CC1
16,16,NC=CC=C[NH1]C=CC=CCI
17,17,C=O
18,18,CCC=CC#C
19,19,CC(C)C=C1C=CC(N2)=C1CNC2
20,20,CCCCNC(N)CCC(C=CC=CC=C1C=C1)O
21,21,CCCN=C(CCC1CNSC1SC=C2C=CC)N2
22,22,SCNC(=O)N1N=CC2=CC=CC=C2N1
23,23,C12OCCNC(O)C1C=CC=CC=CNN2
24,24,OC(C=O)NC=NC(=O)CC=C
25,25,CNC=CC1=CC=CC=C1C(N2)CCCC2
26,26,O=CC(C)CCC=CC1=CC=C2C=C12
27,27,CC1COC=CC=CC=C1
28,28,NCS1C=C2C=CC=C2OC=C1CN
29,29,N#CCNC(=O)OC
30,30,CC=CC=CC=CC=CCCC
31,31,CC(Br)CCCCBr
32,32,CC=CC=C1C=C(CO)C1
33,33,ClNC(=O)OC=C(O)C(=O)O
34,34,CC(C)(C)CC(C)C(C)I
35,35,O=CN=CON(O1)CCC=C(Cl)C1
36,36,CCC=CC=CC=CC(N)C1NCCC1
37,37,OOCC=CC=CC(C)C#COO
38,38,CCCCCCCOCC(=O)NCCCN
39,39,C1CNC=C2C=CC=C12
40,40,C1C(C)=CC(=O)C=CC=C1
41,41,CC(C)CCCCCCCCCC=CN
42,42,CCC(N=CN=NCC)S1C=CC=C1
43,43,N1=CC2=C3C=C1NC2NC=N3
44,44,OC=CC1=CC2=CC=C1CC2
45,45,N=CNCN(C)CC1=CC=CC=C1
46,46,CC(N)CCC(C)C(O)C=CC(=O)C
47,47,CCNC1CCCC(N(S)CNN1)F
48,48,CCOC=NCNCC=CN=C1C=CC=C[NH1]1
49,49,CC(N)C(=O)CCC[NH1]CCC=CC(Cl)C=O
50,50,C=NC=CC(N(C)C)(C)C=O
51,51,CNC=CC=CC=CC#CCl
52,52,C1COO1
53,53,C1N=CC=N1
54,54,CC=CN=C(C)C=CC
55,55,OCCCCCC=NC(C=CSC(O1)=C1)Br
56,56,COC=CC1=CC=CC=C1
57,57,OC1C(OSC2=CC(C)=C)C2(OC)O1
58,58,C1CN2C1(C=SC2CNC3CSC)C3=O
59,59,CCCCC=CC1=C(F)C(CN1NC)(O)O
60,60,CCC=CN=C(C(=O)N)CCCNCO
61,61,CCCOCOC1N(S)CCC1C2NCNC2
62,63,CC=CC=C1SC=CC=C1
63,64,C=NOC(=O)NC=CNC=NCCS
64,65,CCC=C1OCCC(C)=N[NH1]C=CC1
65,66,O=CC1=CC=N[NH1]C1COC=CC=C
66,67,CBr
67,68,CCC=CC=CC(Cl)C=C1C=C[NH1]C=C1O
68,69,NC=CN1C=NCC1
69,70,CCN=C(N)CCC(=O)CCNCN
70,71,CNC(CCCOC1)=C(O)C=C1CO
71,72,CC=NC(C)CCC(=O)OC1=CC=CC(SC)=C1
72,73,C(=O)OC=CN=CC=C
73,74,C(=O)CC=CCC
74,75,ClC(N)NC(=O)OC1=NC=CC=C(Cl)C1CN
75,76,OCC=CC(Cl)N
76,77,NCCC1C(C)CCNCOC(=O)OC=N1
77,78,NCC(NCC=C)=NC=CC=C(C)O
78,79,O=CC=CC1=CC=CC=C1
79,80,CCCC=CC=C1C=CNC=C1CN=C=N
80,81,CC[NH1]CCC=CC=CC=CO
81,82,CN(N)CC(C1)NCC=CC=C1
82,83,CC(C=C1C=CC=CCl)CC(S2)C2=NC1
83,84,NCCCCCC(O)C=C
84,85,NNC(C1(O)COC=CC=O)CCC1
85,86,N1C=C1
86,87,C=C(N)OCCNCCCNCNC(=O)O
87,88,C1CCC(C)OCNSN=CC=C1
88,89,OCC(N)(O)COCC1CCC(C=C)CC(C)C1
89,90,C=NCC=C(O)C(NCN=C1N=CC)C1
90,91,CNC=C[NH1]C(C)COCC(O)=CC#C
91,92,CCC=CC(=N1)C2=CC(C)=C1C2=O
92,93,OC=CCCNC(C)COCO
93,94,CCCCCCSO
94,95,CNC(C)C=O
95,96,CNC(=O)Cl
96,98,CC(C)=NC=CC=CC=C(F)CCl
97,99,CCCSNC(C)OCN
98,100,CNCCCCC(=O)CC=CC=C
99,101,O1C=NNC(C)OCCCCN=C1
100,102,O1C(=O)CSCC#CNCC1
101,103,C1NC=CC[NH1]1
102,104,N=1CNC(C)=CN=CSC(=O)N=1
103,105,CCCSC(C)CCOCOC(=O)O
104,106,OC(O)(C)CC(C)CSC=O
105,107,C1CCCCC12NCCCCC2
106,108,COCOC1=CNCC1C(N)Cl
107,109,NC(=O)CC=1CC=CC=C=1
108,110,NCCCCCC=C(C)C=NN(O)NC#CC
109,111,CC(=O)OC=CC=C(Cl)C=CC=C
110,113,O=CC=C1C=CC=C=N1
111,114,CC1=CC(=O)N(N)C(=O)OCCC1
112,115,CCC=CC(C1=CC=CF)NSC=CC=C1
113,116,CCN=CC=CC=CN=C(Cl)C(O)=C(C)C=C
114,117,CONC(C1)CCCC1
115,118,N(C1NC=CC(CC)=CC=CC)C1CBr
116,119,CN1C#CC=CC=CC(C)=C1NC=SN
117,120,CNC(C=O)CC=CC=CN(Cl)S
118,121,CC(=O)CCCC=CC1=CC=C[NH1]C#C1
119,122,C1C[NH1]C=CC(=CNC)N2CCC1C2=CC
120,123,CC=CC(CC1C=CCC(O)C[NH1]C)=C1N=C
121,124,NN=CC=C(O)C#C
122,125,CC1=CC=CC=C=CC=C[NH1]1
123,126,O=CC=CC1=C(N)CC=C1C
124,127,CC(=O)CI
125,128,C1C=C(Cl)OC1N=C2C=CC=CC=C2
126,129,N1C=CC=C=CC1N
127,130,OC(N=CC=C1C(S)C=CC2C=CSC)=C21
128,131,N1C=C1CCC(C)CN=C
129,132,CC(=O)C(O)CCC=SC=C1OC1O
130,133,CCOC=COCCCCOCCO
131,134,CCC=C(CCCCC1O)CCC(O)C=C1N
132,135,O
133,136,CCC1=NC2(N)CNC=NC=C2N1
134,137,CCC=C1NC(N)C(=O)OC1O
135,138,OC(C=CC=CC=CC(C)=CC1=CC=C)C=C1
136,139,C(=O)NSC=C(C)OCCC
137,140,C
138,141,C1C=CC=CC=C(C=CCCl)C1
139,142,CC=CC(O)N=C(N)CC1CC=CC=C1O
140,143,CCC(N)CCCCCCCC1CNC=CC1
141,144,C1(PCOC=O)C(C)CO1
142,145,CCC=CC=CC=C(CN)N1OCNC1=O
143,146,CCC(N)C1(C)C(C)C1C2C(=O)NC2
144,147,CC(NOC=O)NCC1CNCN1C
145,148,COCCC1CCC=C1
146,149,NCCC1(C)CCCCCCC1NC=O
147,150,CC=CC=CC#CNCC=C(O)CCC=CC[NH1]
148,151,C1C(C)(OCC(C)F)CC1
149,152,C1N(C)CCC(C2)CC1(O)C=CN=C2
150,153,OCC(=O)O
151,154,C(=O)NCNC1C=CC(Cl)=CS1
152,155,CC1CC=CC=C(N)C=C1ON
153,156,CNC=CC=CC=C(Br)C(F)NC=O
154,157,NCCCCC=CCC(C(=O)C=O)Br
155,158,CC1=NN=C2C=C1C=CC=CC=C2
156,159,CC=CC=CCCCBr
157,160,OC(=O)CC1CC2(CC)NC2C=CC=C1
158,161,CCCCC(=O)OC1=CC=CC=C1CO
159,162,CCCCC(C(C)N)CCCCCCC=N
160,163,CCC=C(O)C(C)C(C=CC1)=N1
161,164,O=C[NH1]C=CCCCCSO
162,165,CCCI
163,166,NCC=CC=C(C=O)C=CC=NN=C(CBr)C#CO
164,167,C(C1)(CNS(Br)C)OC(O)CO1
165,168,NCCN=CC=CC=C1CCCCCC1O
166,169,CC1CCCCC(=O)N=CN1C
167,170,C=CC=C(CSC)CC(=O)OC(C)O
168,171,C1CC(=S)CC=NCC1
169,172,CC(C)C(=O)OC(C)CN=O
170,173,CCCCNN(CS)CCC
171,175,CCSC=CC=CC=C(N)C(O)=CN=O
172,176,CC(C)C(C)NC(=O)C(OC=1CN=C2C=1)C=NC2
173,177,CC=C(N1)CCCC1C2(O)C=CC=C2
174,178,N1C=NN2C(=O)NC1C2CCC(C)C
175,179,CNS1N=CC(O)C(C)=SC=C1
176,180,CCCCCC(C1)=CC=CCC1=O
177,181,C=1C=CCC=C=1
178,182,C1(=O)N=N1
179,183,SCC=CC=C(O)C=C(N)C=CC=C
180,184,CC=COC=CN1C(N2[NH1]C=C)C=C2C1S
181,185,C(=N)N=CC=CCCl
182,186,N1=CC2=C(Cl)C(O)C2C1N
183,187,C=1C=CC=C=1
184,188,NC=C(CN(N)CCC)Br
185,189,CCNCCNCC1=CC=CC=C1
186,190,C=CC(N)NCC1CCCC1
187,191,NCC(=C)C=C=C(Cl)NC=CC#C
188,192,CC1C2C=N[NH1]CCCC2(C)C1
189,193,CC=CC=C[NH1]C=CC=C(F)CO
190,194,C12CC1C=C2O
191,195,CCOC=CC=C(CCC)C=O
192,196,N=C(Br)C(=O)NC1CCC=NC1
193,197,CCCCC(O)C1CCCCC1=O
194,198,CC=C1C=C(Cl)CS1C=CN
195,199,CC1C2(C3=CCC=C2)CCNCC3C1
196,200,NC=CC(CC(N1)=CC=CC[NH1]1)SO
197,201,C1=C=CC2=CC=CC=C2C1
198,202,CCC(N)C=C1C=C2OSCC2CC1
199,203,C=C(CCl)C1CCCC1=NS
200,204,ONCC=C1SC(C)CC(NC)=C1
201,205,CCC(C)CC=CC1=C(C)SC=C1C(O)CO
202,206,FCOC=C1C=CC=CC=C1C=C
203,207,O=CC1=CC=CC=C1CC=CC=CCCl
204,208,N=CC(O)C=C
205,209,C1C(F)=CC=CC=C1COCC
206,210,C1CC(=O)OC=CNC=C1Cl
207,211,CCCNC(N1)CCCC=CCC1O
208,212,CCCCC(C)=CC=C1CCC=C1
209,213,CC(=O)C(O)OC=O
210,214,CC=CN=NC=C1N=C(S)C=C1
211,215,C#COCOC(Br)OC=CC=CC=CCl
212,216,CONC(=O)C1C=C2C=CC1(F)C2O
213,217,O=NN=C(NCSNC)CCCCCCC
214,218,NC(N)C=NC=CC=C1C=C(Cl)CC12N=C2
215,219,ON=CC=CC=CC(=O)C=CC=C
216,220,N1SC=CC2=C(F)CC=C2N=C1
217,221,CCC(O)=C(Br)C(=O)C=C1C=CC2=CN1CC(O)S2=C
218,222,CC=CN=C(C1)C=CC=C(F)C1
219,223,NCC1CCCONC=CCC=C1
220,224,CNC=CC(Cl)C1=CC=CC=C1
221,225,ClC(=O)C=CNCCC(=O)O
222,226,OC=NC=CCN1CC=CNC#C1
223,227,CC(CN)=CC=CC1=CC=CC=C1
224,228,N=C(O)C(S)CCCCCC1=NC=CC=C1C(=O)O
225,229,OC=C(CCC1=CC(O)=C1C=O)O
226,230,COC
227,231,CC[NH1]C1C(C=C2C=C1CC=NC)C2
228,232,NOCCCCCC
229,233,CC=C(N)C(=O)C=CC(N)=CC=C
230,234,CCCC=CC1=CC=CC=C1Br
231,235,CC=CC=C(C)N1C(=O)NC(O)C1=O
232,236,C=C(C)C(=O)OC=CCCCSN
233,237,NCCN(C)CC=O
234,238,CCN=COC1SC(S)CCC=C1
235,239,NC=C(C)CCC1C(=O)CCCC1NC
236,240,CC(C)OC(=O)C=CC=C(N)C=CN=N
237,241,CC1CCC(=O)C=CC(Cl)=CC1C=NCSC=N
238,242,NCOC(=O)C1CCNOC(C)C1Cl
239,243,C(Br)=C(Cl)CCCCC
240,244,NC1=CCOCC(=O)NC(C=O)C1
241,245,NC(=O)NC=CC(=O)N=CC=C
242,246,NOCC=CC=NCNCOC=O
243,247,O=CC=CNC=C1C(C)CC1
244,248,CC
245,249,[NH1]C=NNC(=O)C1(C)CCCCC(C)CS1=N
246,250,CC=CC1=CC2=C3C=C1N=C=NCC3C=CC=C2
247,251,CC=COC(=O)NCCOCO
248,252,C1C=C1COC(=O)C=CC=CS
249,253,NNC(C)CC1C(C)=CC=C1CC=C(C=O)C
250,254,COC(=O)C(=O)O
251,255,N1=C(NC2=CC#COC2OC)N1
252,256,CCC(CC)CCCCCCO
253,257,O=CC(=O)NCCCC=CC=C
254,258,CCCCOC=CC=C(CC=CC=CNC)C
255,259,CC=1CNC=CC2=CN=CC=C2ON=1
256,260,O1CCC1(CC=C2C=C)NC=CC=C2[NH1]
257,261,COCCCCCC=CCSNC1CC1
258,262,CCNC(=O)C(CO)C#CC=NO
259,263,CC1(C=CO)C(O)C(C)NCCCC1
260,264,O=C=CC=C(C1C2C=C3C4=C1)C=NC34CN2
261,265,NCCC
262,266,C=NC1OC(=O)NC1C=CC=CC=CC
263,267,CCNC(P)(C=1C)CC2(C)CC=C2C=1
264,268,CCC=CC=C(C=C1CSC)CC=C1
265,269,CC=C(C)NSSC=C1C=CC=C1
266,270,C1C(=O)C(N2CS)SCC2=N1
267,271,C=NCOC=C(C=CC=CC=CC)OCF
268,272,OC=CCSC=C(N1)C=CC=C=C1
269,273,CCCCC
270,274,C1C(C)CCCNCC(C)C1
271,275,C#CC#CC(N)C=CC1=CC=CC=C1
272,276,C1NC1=C
273,277,NC=C(O)C=CC1=C(C=CC=C1)COC(=O)N=CO
274,278,O=C(C=CCCNC)C1=CC=CC(Br)=C1
275,279,OCCNCCCCCC1CCCC1=C=N
276,280,C(O)C=CC1=CC=CC=C1N2SC(=O)CC2
277,281,OC(=O)OC=C(C)C=O
278,282,NC(=O)NCCOC=NCC=O
279,283,N1=NNCC1CCCO
280,284,CC(C)NCCOC=C(S)O
281,285,OCCNC(=O)CC(O)C(C)(O)C=CC=CO
282,286,CC(=O)OC1OC(O)CCOCC1=S
283,287,C=C(O)CCC=CC(C=C1CC)C[NH1]C1=C
284,288,C1CCNC(=O)C(F)=N1
285,289,C=CC=C(O)NN=NNC1(C)C=CN1
286,290,CC=CCC
287,291,CNCC(=O)C1=C2C(C=C1C=CCO)=C2C
288,292,C=1=CC=1NCCC#CN
289,293,C=CC(C=CC(N)=CC=C)C(=O)C=CC=C
290,294,CCCCCCCC=CC1=CC(C)=C1
291,295,CN=C(NCC(=O)OC=C)C=CC=CC
292,296,N=NC=CC=C1C#COC1CC=C
293,297,O=C(C)Cl
294,298,CN1C(=O)CC(C)CCCCCCCC1
295,299,COCCCCCCCCC1=CC=CC=C1
296,300,NC1=CC2=CC=C(C=C2)C=N1
297,301,CCCNC(=O)OC(NCC(=O)N=CN1)C(O)C=CC1
298,302,NCC(=O)C(=O)CC1=NC=CC=C1
299,303,C12CCCC(C)CS1C2
300,304,C1CCCC2C1CCNC2
301,305,C1(Cl)CC=CC=C1
302,306,CN=CC=CC1=C(C2C3=O)CCC=C2NC13N
303,307,CCCCCCCCCC(C)C
304,308,C1C(C(C)=CC=C12)CNC2N(CC)Br
305,309,SC=CC=CC(C1(Br)C)OOCC1=O
306,310,CCCC(Cl)C(N12)=C1OOCC2
307,311,CC(=O)OC(=O)OCNSCO
308,312,CC=CC=CC(Cl)=CCCCC
309,313,NCCNCCCCCCC(O)C
310,314,CC=CC=C1C=CC=C1
311,315,OC=CCNCCC1=CC=CC=C1
312,316,OCl
313,317,CC1(N)CC=CC=CC=CC=CC=C1
314,318,CC=NCC(C)=C1C=C(SC(=O)C=C)CC1
315,319,COC=NC(C)(O)OCCOC=O
316,320,OC=C(C)OC1=NC=NC(C1=C[NH1])(S)CC
317,321,COC=CC=C1C=CC=CC=C1
318,322,NC=C(C)OC(=O)C1=CCCS1
319,323,OO
320,324,O1CC=C(S)C1C
321,325,COC(=O)ONC(=O)COC1CC=CC=C1
322,326,N=NC(NN=CNC1CCC)(O)P(COC1)O
323,327,CCC=C(N1)N=CC=CC=C(F)CC=N1
324,328,C(C=CC=CC=CN)C=O
325,329,NC=CC1=C(C(=O)C)CCC(F)N1C
326,330,C1CC=CC=S1(C)(C)CCNCC
327,331,O(O)CC=C1C(C=CC1C=O)N
328,332,O1C(P2)C=CC(O)C(Cl)C=C21
329,333,OCCCC=CC=C1C=CC=C1
330,334,CC(S)SCC(=O)NC=NC(C)CCOC
331,335,NC=CONC=CC(Cl)=CC=NC=C
332,336,S(S)NNCCC(C)NC(C=1)=CC=CC(O)C=1
333,337,C=CCC1P(O)C(N2)=CC=CC=C21
334,338,OCC(C)=CCCOC1=C2C=CC=C1C2
335,339,CCNC(=O)C=O
336,340,O=C(S)C(C12)=CC([NH1])N1C=CC=C2
337,341,CN(C)CC=C
338,342,O1C(N=CCCNN=C1)=C
339,343,N=C(F)C=CCC(Br)=CN=C(CC)C=N
340,344,CCCCOC(=O)NC1SNCCC1
341,345,N=CCC=CCOCC1(Cl)COC1
342,346,CC(C)(N)C(O)C(=O)O
343,347,C1C(C(O)C1)=O
344,348,NCC=CC=CC(CC=NC1=CCC)[NH1]C1O
345,349,CC=CC=CC=C1C=CC=C[NH1]1
346,350,NCCNC=CC=C1CC=CC=C1
347,351,C#CC=CC=CC=C(CC=CC=C)C=O
348,352,CNCCCCCI
349,353,CCN=CN=CC=NCC
350,354,CC=CC=CC=CC=C1C=C1O
351,355,CC1CC(C)C=NC(=O)N1
352,356,CCC=CC=CC=CN=CCC=C(S)C(=O)O
353,357,CC1=C=NCC=C1C2CCC(C)N=C2
354,358,CN=CC=CC=CC(CC)C
355,359,SCCC1C=CCCC1
356,360,CCCC1CCCC1C
357,361,C1C=CC=C2C=C(Cl)CC=C21
358,362,CC=CCON(C)OC=O
359,363,O=C(C(C)C=NC=S)CF
360,364,COC=C1CC=NC2=CC=C=CS2OC=CS1
361,365,C1NCCC1=CC=O
362,366,O(N)C=CC=C(CC=CC1=CN=CCS)C1
363,367,C1NCCCCCCC(C)=C1
364,368,CC#CCCC(=O)OC1=CC(O)=CS1
365,369,OOCC=NC(O)C=NC(N)CCCC(CN)C
366,370,ClC=NC1=CC=CC=C1N
367,371,N1C=CC2=CC=CC=C2SS1
368,372,N=C1CC(=O)CN=CCC=CC=C1
369,373,CC=CCCCCC1CCCCC1
370,374,O(O)C(C)CC(O)=CC=CC=C
371,375,CC(N)=C(NCCCCC1CC2CCC)CC2C1
372,376,C=1C(=O)C(O)C(=O)NS=1
373,377,NCCCCCCC(C)CCC1CCSC1
374,378,COC(=O)CNCCCC
375,379,C=1CCC=1CC2CCCCC2=NC(=O)O
376,380,N1C(=O)N(C)CCC1(O)C
377,381,CC=CC=C(N)CC(C(F)CF)(F)N
378,383,CCC(=O)O
379,384,ClOC=C1CCCC=C2CCC1N2
380,385,C1C=CC(Cl)=C1Cl
381,386,NC=O
382,387,O=CC=NCOC=CSC=CC=C
383,388,CC=CC=CC=C(O)OC(CO)=S
384,389,CCNC1=NCCCN1O
385,390,O1C=CNCCC(C)NCN1
386,391,COCCCCN(C)CC=C
387,392,CC(=O)N1CCNC1CNCOC(C)C
388,393,COC=CC1(C)C(C)=CC=C1O
389,394,CCCC=CCCC(=O)SC(O)C
390,395,CC=CC=C(O)C(=O)C=CC=CO
391,396,NCC=CC=C1C=CC=C=C1C=CCCCCC
392,397,CCNCC1C=SNCC(=O)NCPO1
393,398,C=C(O1)C=NSCCCOC=C2C(O)C1=C2
394,399,CNC(=O)CC=CC1=C(O)C=CC=C1
395,400,C=CC=CC=CCCCCCC=C
396,401,C1CCCN2COCSC2C1=O
397,402,O=CN=CC(C(O)OC1C(=O)C=CC=C)=CC=C1
398,403,CCCCCCCC
399,404,NC1(C)CC=CC=CC=CC=C(N)N1
400,406,OOC=NC1C2=CNCN1N2
401,407,CCC=CSC(=O)O
402,408,CC=CC=C(Cl)C=CC=C
403,409,CCS(=O)CC1=CC=CC=C1
404,410,CC#CCBr
405,411,C=CC(CN)CC(C1)(O)[NH1]CC1CF
406,412,N1CCCC1CCCCC(C)CCCCC
407,413,COC=CC=CC(O1)C=CN=C=C1P
408,414,OCN=CC=C1C=CNC=C1C=C
409,415,OC=CNBr
410,416,C1C#CC12CCCCC2
411,417,CCC(=O)C1(C)NN1NC
412,418,NC(N1)CCCC=N1
413,419,P[NH1]C(=C)CNC(O)C1(O)C(CCC1)C
414,420,OC=NCCC(=O)NCP
415,421,CC(=O)NC(C(=O)C=C1C2=C)C=CC=C2O1
416,422,O=C(O)C(=O)N(C)CCC
417,423,CC(C)CC1CC(C=O)C1
418,424,NCC=C(CCC(Cl)CO)CNC1CC1
419,425,O=C(C)CCOC(CO)C(C)O
420,426,NCCCCOC1COC2C1=C2C
421,427,OC1OC2=CC=CC=CC=C2N=N1
422,428,CCN=CN=C(CCNCC)N
423,429,CCOC(C)COC(C=CN)=CC1=CC=CC=N1
424,430,CN=C(C)N(S)CONCN=NNCC
425,431,CCCC(C)CCC(F)=C1SC=CC=C1
426,432,CCCCC1CN(C)CC1=O
427,433,NC(O)CCCC=C1C=CC=C(Br)C1
428,434,CCCC(=O)C=CC=C(O)O
429,435,O=NC=CC=C1C(=O)[NH1]C=C1
430,436,COC=CCC=C(C1C=NCN=C1)CSC
431,437,CSC(C)(Cl)CN
432,438,CC=CC=CCC=O
433,439,CC1=C(N)SNCCCCCCO1
434,440,C1C=CC=C1C(=O)O
435,441,[NH1]C=CC=C(C)C1=CC2=CC3=C1CC2C3C=C
436,442,C1SCC1CCCN=CC(=O)N=C
437,443,N=CC=CC=NC1=CC=CC=C1O
438,444,NCC(=O)COC=CSC#N
439,445,CCC=CC=C1C=C2C=CC=CC2N(C)O1
440,446,CCCCCCC
441,447,C1CCCC(O2)C=CC=C2OC1CO
442,448,CCC=CC=CC=C(C)C=O
443,449,N=C(CC=CCN(O)NCCC)CC=N
444,450,C=S(C)CONC(C)O
445,451,CNCP(=O)C1=CC=CC=C1O
446,452,CCOCC(N)CC
447,453,O=CC=C(O1)C(=O)CC(O)=CSCC1N
448,454,CC=CC=CCC1=CC2=CSSC2OO1
449,455,CC(OCN=CCNCC#C)C=CC
450,456,CC=NCNC=1CCCNC=1N
451,457,O=C(C1NC=CC)OC2=CC(C)C2=C1
452,458,COC(O)C=CC=C(N)NCC(O)(N)N
453,459,O=C(N1C=CN=C1CC(C)OC)CO
454,460,CCCC(C)C(C=NC=C(F)C)=C(C)CC=N
455,461,CN=CS=C1S(O)CCC1
456,462,CN=CC=CC=C(Cl)CCCF
457,463,COCCC(C1)(O)CCCC1
458,464,O=CC=CC=C(C=CC=CC#C)N
459,465,CNC=C1C(C=CC)=CC=CC=C1NC2=CC=CC#C2
460,466,CC(C)CCCC=C1[NH1]C(=O)[NH1]C1
461,467,CC=CC(N)CCC=CC=CC=C1C=C1
462,468,CCC=CC(=O)CO
463,469,CC(O)CNCCCOC(=O)O
464,470,CCC1C2(O)CC(C(=O)CCC2)C1
465,471,CCCCCC1CC1
466,472,CC=CC=CCN1C(C)SS1
467,473,C#CC=CS1C=NC(C=NC=CC)NC1
468,474,N1C=CCO1
469,475,OC#CCCl
470,476,NC(NCCOC)CCCC=CC1CNC=C1
471,477,O=CC=C1C=CC(C)=CCN1N
472,478,COCCC=CC
473,479,CCCC=C1C=C(N)OC1C=O
474,480,CC(=N)CCNC(=O)CCSC=O
475,481,O1CCC1
476,482,CC(CCC=O)CCC1CCCNC1=N
477,483,COC=CC=C(Br)CCOCC
478,484,CCC=CNC=C=CC=C[NH1]C=CCl
479,486,C1CCC=CC1CC(C)CCCC
480,487,NC=CC=C1C=CC=C[NH1]1
481,488,ON=SC=CCC=CN=COC=C
482,489,CC=CN=C(O1)C(C=C[NH1])C(Br)N=C1
483,490,CC=CC(CC1=COC)C(C)(N)CC=C1
484,491,CCC=CN=C(O)C(N)C=C(Cl)F
485,492,C=CC=CC=CCN(O)SN(O)O
486,493,C1N=CCN2C(C)CC2(C)N=C1
487,494,C=CC(C1)=CC=CC=C(Br)C=C1
488,495,CCCCC1=CCC=N1
489,496,CNC1=C(C)C(C)CCCCC1
490,497,CS1C(CC2CC13OC=CC)=CC=C2C3
491,498,CCCC1=CSC=N1
492,499,O=C(OC=CC=CC)C(=O)N=CC=CO
493,500,CN=NC=CCC(C)=CC=C(Br)CC=CN
494,501,CCCOC=O
495,502,NC=CCN1CC2CNC=CC=C12
496,503,OC(=O)C
497,504,OC(C)CCOC=CC=CC=COCCl
498,505,C1C=CC=C1NCC(=O)CCC[NH1]C
499,506,NCCCC1=CC=CCC1
500,507,O1C=NCC2=C(O)S1NC=CSNCC2
501,508,CC=CC=C(C=CCN1C2CCCC1)C2CC
502,509,CCNC=NC(C)CNC=C
503,510,CC=CCC(CO)C(=O)O
504,511,CN=C(CC(=O)NC=C)C=C1C=CC(F)C=C1
505,512,CCCl
506,513,N=CS([NH1])N=CC=C
507,514,NCC=NNCS(O)CCCC
508,515,CCNC(=O)NC(C)CCCCO
509,516,CCC(=O)C=CCC=CO
510,517,COON(O)OC(=O)C(CCCCCCN)C(=O)O
511,518,C1OCN=C2C=CC=CC2=C1
512,519,OC=C(C)NCCC1CC=CN=N1
513,520,C1OC(=O)C1(C)ONC
514,521,N1C(N)C1C=C(OC(CC)COC)C#C
515,522,CCCCCC1CC=CC=C1
516,523,CCOCSC(Cl)CC=NC
517,524,CCC=CC=C1C=CCC=C1
518,525,CCC=CC(C(=O)CN1CNCN)CC=C1C
519,526,C1=CC=CCC1CC2CCCCC2C
520,527,CNCCC=CC1=C(C)CC=C1
521,528,CCNC(=O)CC
522,529,NN=CC=CC1=C=CSN=C1N
523,530,NC(Cl)COC=C(Cl)CCCC
524,531,NC(=O)NCCCCC(C1)CCCC1
525,532,CCCNC1=CC=NC=C1N2NC2=O
526,533,CC=C(C1)CC=CC=CC=C1Cl
527,534,O(CCCCCC[NH1])N1C=CC(C)C1
528,535,CCCC(C)NC
529,536,NCCCC=CC(O)C1=CCC=CC=CC=C1
530,537,CC=C1C=CN=C1NN=NN=CCl
531,538,CC(=O)CCNNNCC1N=CC=C1CC=CN
532,539,C#CCCCCCCCC1(O)CCCO1
533,540,CC=CC=C(C)CNCC(=O)CC=CN
534,541,CC=CC(=O)N1CCCCCC1
535,542,CC=C(C1=CCCO)C=CC=C1Br
536,543,CCCC(CCCC1C(C)COC)=CN1S=O
537,544,NC(C)CCCCOCO
538,545,C=NCCCC(=O)CNCCC1C=C=NC1
539,546,CC=CC(NC=CC=C)C#N
540,547,ON(C)C1CCCC2C#CC=C(O)C1=C2
541,548,CC(=O)N=C1C=CC(C1OC=O)NC=NO
542,549,CNC(=O)[NH1]C(=O)CCNCC
543,550,C(C)NC(=O)CN=CC=C(S)C=CC=CS
544,551,CC(=O)C=C
545,552,NC=CC=CC=C1C=CC=CC=N1
546,553,CC(N)CCCCC(=O)CCC=CC1=CC=CC=C1N
547,554,CC(=O)N=C(N)C=CC=C
548,555,CC=C(CCC)CF
549,556,CCCC(O)(O)NNCCC(C)CC
550,557,CC(=O)CC1=CC2=CC3=C1CC2C3
551,558,CC(=C)CC(=O)C(C)=CC1=CC=CC1=C
552,560,C=CC(O)C=CC=CBr
553,561,NCOCCC=CS(C1C)=NC(N)=C[NH1]C1Cl
554,562,C1C2C(N)C(O)C(F)=C1NCC2
555,563,C1CCCCC1C=NCOC=C
556,564,C(=O)OC(S)CCNCCCCC=C
557,565,C1CN2CNC(C)=NNC21
558,566,NCC=C1C(C=CC=C1O)N
559,567,N1C=CC=C1C
560,568,CC=CN=C(O)C(N)C1=CC=CC=C1
561,569,NNC=CN=C(C1CCCl)C=C1
562,570,CC1=CC=CC=C1C2(N)CNC2
563,571,O(O)C=CC(=O)N=NNC=C
564,572,CCSC=CN=CC1=C(C)C=CC2=CC=C1C2
565,573,CNC(=O)O
566,574,CCl
567,575,CC=CC(OC1=CC=C2F)=CC=CC=C2C1
568,576,CCCC1=CC=CC=C1NC=O
569,577,NOCCCCNCCCNC(=O)O
570,578,CCCC(O)=CC1=C2CC=CC=C21
571,579,CN=CC=C(C=NC=CC)C(C)CI
572,580,NCC(C)SCCCCO
573,581,NCC=CC=C(O)COCOC=O
574,582,CNCCC(Cl)=CC=C[NH1]
575,583,C#CSC=CC=C([SH1])N=CCCl
576,584,CC(C1)CCC2(CCCCC2=C)C1
577,585,OC=CC(C)C=CC(C1COC)=C1
578,586,CNC(CCCC)CC
579,587,CCC1=CC=CC(N2C=NCCC2)C=N1
580,588,CCC1=CC=CC=C(F)OC=CC=NC=C1
581,589,N=CC=CC(S1)=CC=C2C=C1C=NC=C2C
582,590,CCCC(S)(O)CC
583,591,C(N)CC(C)(O)OCC1CC=NC=CC1
584,592,N=C(C)CCNC=NC(N)C(=O)N
585,593,C1C(C)CC1
586,594,N=1C(C=CC=1)C=CC=CNC=C
587,596,CCC=C(C1=O)C(C)OC1
588,597,C=NCC(C)CC=CC=CN=CC
589,598,CC([NH1])CC(O)C(F)(O)C=O
590,599,OCOC1=NNCOC=CC=C(C)CC1
591,600,CC1=NCNC=CC=C(Cl)C1
592,602,CC(=O)CC(=O)NC1CNCC1
593,603,C1CSC(C)=N1
594,604,C=1CCCC=1C(=O)OC=C(N)SCC[NH1]
595,605,C(=O)N
596,606,CS1C=CCCCN=C1
597,607,C1CC1(C)C
598,608,COC=CCNC(=O)O
599,609,CCCC1=CC2=CC=C1C=N2
600,610,CCNC1=CC=CC=C1Cl
601,611,NCNC1CCCCC1C=C(C)Cl
602,612,CCC(=O)NC
603,613,CC#CC(C)CCC1CCCC1
604,614,C(OC=CC=CC1=CS)(=O)OC1
605,615,COC=CC#CC
606,616,OCCNCCOCN
607,617,CCC1CNC2=CC(F)=CC=CC=CC2=N1
608,618,C=C=CSC=CC(C(C)=CC=CC=CC1=C)C(Cl)=N1
609,619,CCC=CC1=C(CCCC2NC2)N1C
610,620,NCC1C(=C)C=CC=C1SCCCCCC
611,621,C=1NCCCCCC(F)(O)C=1
612,622,C1OC(=O)C(O)C=NC1C=CN=C
613,623,COC(COOBr)=CSC1=CC=CC=C1
614,624,C=NC=N
615,625,CC=CC1=CC=C(C=C1CCC2CCC)CC2
616,626,C1C(=O)CCC2NCOCCC1N2
617,627,C1C=CN(C=CN)CC=C1N
618,628,C1=C(O)C=NCC(=O)OCO1
619,629,CC(=O)CC1N2CC=CC1C2CCCO
620,630,CC=C(N1)C=CC=CN=C[NH1]C1C
621,631,COC#N
622,632,CC1=CC(=O)CC=C1C=CC=CCN
623,633,CCCCCCCC1C=CC=C1O
624,634,CC(C)CCC(=O)OC#CC1=CC=CC=C1C=C
625,635,CCC1N=CN=C1SCC2CCCC2
626,636,CCC=CC=C(Cl)C(C=CC)=CN=CBr
627,637,CNN(CCC)C(Cl)SC1CC(O)C1
628,638,C(N)CCCCNC=C1C(O)C(O)C1C
629,639,COCOCC(=O)OCCCCCC
630,640,COC(O)(C)C1N=CC=C(Cl)C1
631,641,CC=NC(C)N=CN(C=C(C)ONN)C=NC
632,642,N(C)CCC(=O)OCC=NNCNC
633,643,CCCNC1=CCC=CC=CC=C1N=C
634,644,C=NC=CC1(Cl)C=CC=C1CC=C
635,645,NC1=CCC=CC(C)C1COCO
636,646,CC(=O)CC=CC=CC=C(O1)C1
637,647,CC1=CCNNC=CC=C1C
638,648,CN(N)C1CCC=CC1Cl
639,649,NC=SNC(S)S(O)COC(=O)O
640,650,NC=CC(C)C([NH1]C(=O)OC=O)CC(O)CC
641,651,CC1(NCCN)[NH1]COCCOC1
642,652,C=C(N)SCCOCOC(C=CC=CC=C1C=C1)S
643,653,OCCOC(C)=C1C(Cl)=CS1
644,654,CCC=CC=CC=C(CC)N(C1C2=CCC=C1)C2=O
645,655,CCC(C)COC(=O)O
646,656,CC=NC(C1)CC(C)C=C1
647,657,CCC=CC1=CCC2=CC=C2[NH1]1
648,658,C=C(S)CCNC
649,659,CF
650,660,CC=CC=C(O)C(C1)=CC=NC=C1
651,661,CN=CNC(=O)OC1C=CC(=O)N=C1
652,662,CNCCCC(=O)C=O
653,663,CC(N)C(C1)C(O)C=C1CC2CC2
654,664,NC(N1)CCC(=O)NCN1NCCCC
655,665,C1CC(C)(O)CCCCCC1C
656,666,CC=CC=CC=COS
657,667,N(N)CCNC#C
658,668,NC=C(C)C=CCCl
659,669,CC=NC1=CCN=C2CN=CC=C21
660,670,CCCNCCNC(C)CC1C=CC=C[NH1]1
661,671,NC(=O)N1NC=CC2=CC=CC=C2CCN1
662,672,OC=CC1CCC=C1C2=CCCCC2=S
663,673,CNCCC(=O)C(CS1CN)CC1=NC=C
664,674,CNC=NCC=C1C=C(Cl)CCN1
665,675,C=C(O)C(CC=NC(C)=CCC1)=CC=CS#C1
666,676,CC(=O)N(C)C1CN=NC1CCCC
667,677,CCCC(S)C(NOC)C=CC=C
668,678,NC1=NC=CC=C1NC(C)CCNC2=NCCCC2
669,679,O1COC=CO1
670,680,COC1(CC=CC=CC(C)CC)N=C1
671,681,C=C(O)C=CC=CN=CC=C[NH1]
672,682,NCC=1CCCOC=1C=C2N=CC=C2
673,683,O=CNC=CC1=CC=C(F)COCC=CC=CC1
674,684,OC=CC=C1C=CC=CN=CC=CS1
675,685,CC=CNCN(C)OC
676,686,C1CCCC12C=CC=C2
677,687,NCCCC1OC(=O)C(Cl)C#CN=C1
678,688,OOC=CC=C(C1)CC(C)CN1
679,689,C1NC=CC=C1C=CC=CC=CO
680,690,N1C(=O)OC(=O)C[NH1]C(=O)COC1N
681,691,OC(CO)C(C)O
682,692,CCC(C=CCCC=C(C)C)NCCC
683,693,CN=CC1(C)CNC=C1CNC
684,694,CNCCCC=C[NH1]C(=O)CSC=CC=COS=N
685,695,C=CCNC=CC=CC(C1)(Br)C=CC=C1
686,696,CCCCCC1NCCCC1C
687,697,CC1=C(COC=CC2)CC=CC=C21
688,698,CC=CC1C(Cl)CNCC=C1
689,699,C=C(O)C1C=CC=C(Br)C1
690,700,CCC(=O)C(O)C(C)CCC
691,701,CCCCCC#CC=CC1=CC=NC=C1
692,702,NCCC1OC(=O)C=C1N=CC=CN=CC=C
693,703,CN=CC=CC=CC=O
694,704,CCCCCOCC
695,705,C1C=C1OC(CSC)CCC
696,706,C=1OCC(C)CCC=1C=O
697,707,CC=CC=CC=C(O)C=O
698,708,OC1C(C)OC(N)C1C(Br)CC=CC
699,709,C=C1CCCCC1CC=C[NH1]C=CC#C
700,710,OC(=O)O
701,711,CNCCNC=NNCF
702,712,CCCCNCOC=N
703,713,FCNC(=N)N=CC=CC=C(CN)CC=CBr
704,714,O=C(C)C(OC)=CC=C(N)C
705,715,NNC=O
706,716,CCC
707,717,OS=NC=CC(O)N(F)O
708,718,CC(=O)CCC=O
709,719,NC=C1SC(CCl)CNC(NCC)C=C1
710,720,CNC(Br)CC(=O)N1C=CC=CN=C1C(O)CO
711,721,CN=CC=C(C)C=O
712,722,C=CC(N=CC)=C(C)CNC=C
713,723,COC(C)CCC(CC(O)C=O)=C
714,725,C1N=C=C(C)C1=CCC
715,726,COC(N)CC1NCSC1=O
716,727,O1CCCCCC=C(C)C1CC
717,728,C=CC=CCOC
718,729,N1C=CC2=C1C(C)C(N)=C2
719,730,CCCCN=NC(C)CCC=C([NH1])CCC
720,731,C1C=CC(N)CC1CCC(C)CC(=O)O
721,732,CCCC1(C)OC=NC(O)CCCC1
722,733,OCCCCC(C)CC1CCCCCCN1N
723,734,CCCC=CC(N1)CCC(O)C1
724,735,O=CC1=C(C)C=C(O)C1OO
725,736,CC(O)C(C(=O)COC=O)O
726,737,CC=C1COC(=O)C1CC(C)=C
727,738,CCCCOCCNCCC(C)CC=N
728,739,C1CC2=NC=CC2C1C=C3C=CC=C3N=C
729,740,C1=CC1=N
730,741,COC(O)C1CCCC1N=CN2N3C=CC=C2OC3
731,742,C=CC(C)=C[NH1]OC=CCN=C
732,743,C=C(O)OC(C)N=CC1=CC=CC=C1Cl
733,744,CCC(CNCCCCC=C)(C)COC
734,745,CCOC1(C)N(C)OC(=O)OC1
735,746,O=C=S1[NH1]COC(=O)C(N)=C1
736,747,CNC(=O)NC(=O)S1C=CC=C(Cl)C1Cl
737,748,CC(=O)N=CCC1CC(C)=C1
738,749,O=C(N)SC(I)=CC=CC(C)=N
739,750,N1C2=CC=CC=C21
740,751,CC=CC=C(N)C(=O)OC
741,752,CS(C)N=CC=CC=C(O)CC1=SCCCCC1
742,753,CCSCC(O)=C(N)C(=O)NCC1CCC=C1
743,754,CCCCOC=O
744,755,OCCC=C(S)N=CC=CN=CCl
745,756,ON=CN=C(C)C(O)=NCC=CO
746,757,CCCOC=CCC=C(Cl)CC1CC=CC=C1
747,758,CC(C=CC(C)C=C)C=C(Br)C=CCCl
748,759,N(C)C1CCCCCC#CC2=NC(C)=C1C2
749,760,CC(C)N(C)CC=NN
750,761,CC=CC=C1C2=CC=CC=C2N1C(C3)C3
751,762,C1C=CN=NC=CC=C(Cl)N=C1
752,763,C1N=C(Cl)C2N=C1C=CCC=C2N
753,764,C=CC1(O)CC2CC=CC=C2C(=O)C1=P
754,765,O[NH1]CNC1=CC=CC=C1O
755,766,NC(CCC)C(=O)N=CC1=CC2=COCNC21S
756,767,NCCOC(N)=CC=CF
757,768,C1C=C1CCCC2=CN=CS=C2[NH1]CCN
758,769,CCC=CC=CCCl
759,770,C(=S)(O)N=NCC(S)=CO
760,771,CCC=C(C)C=O
761,772,NCCSC(N)=C
762,773,C1CCC=NC2=CC=CC=C2S1
763,774,O1C=CC=C(Br)C=CC=CC1(Cl)C
764,775,CN=C(C)CNCCCC(=O)O
765,776,CCC(=O)[NH1]C=CC=C=C[NH1]C1=NC=CC=C1
766,777,C1C=C2C=C1C3=CC=C=C3C=C2
767,778,C1(=O)OC=CSC=CC[NH1]1
768,779,C=C(C1)CCS2N=CC=CC2C=CC=C1C
769,780,CCN1C=NC=CC(O)C=C1
770,781,NNCC=1OC(=O)OC=NNCSC=1
771,783,BrC=O
772,784,CC=NCNCCNC1=CNC(=O)C1O
773,785,N1CSC1=O
774,786,ONCN=CC1=CC=NCC1NSC(=O)N
775,787,CCC1C(O)C[SH1](C)CCC1
776,788,C#CC=C(CC)CCCC(C)=CC(=O)O
777,789,S=SC(CCC)C=C(C)C=C1CC=CC=C1
778,790,O=C(C)C=NC=CC1(C)C=NC(F)=C1
779,791,C=C(N)C=C1C=NCCOC=CN=C1
780,792,C=C1C=NCNC(O)C(=O)OC1
781,793,NC=CC=C(O1)CCC=CC=C1O
782,794,CCC=CC=C1N(F)CNS1C=C
783,795,COCCCCCC=CC=CC(=O)O
784,796,CC=CC=CC=CC=C1C=CC=CS1
785,797,N1=CC=CC=C2C=CN=C2C1NC=CCO
786,798,CNCC1=CC=CC=C(CO2)CC=CN12
787,799,O1CC=CCN=C=C1
788,800,C1CC(C2)C1C=C[NH1]C=C3NCNCC3C2
789,801,NCCNCNC=O
790,802,CC=CC=NC(O)=C[NH1]C=C
791,803,CN(O)CCCC12CCSC=C1C=C2S
792,804,C(=O)C(C=O)C(C(=O)C1)=CC=CC=C1C=C
793,805,CC=NC=CC=C(Cl)C(O1)=C([PH1])CC=C1C
794,806,C(O)CNCCC1CC(N)N=S1(S)=C
795,807,CN=CSC1=CC=C(CC1NC)C=O
796,808,CCCN=CC(C)C=CN=C(N)CCCCC
797,809,O=CC=C[NH1]C=NC1=CC=CC=C1N
798,810,O1C=NC1C=O
799,811,CCCC(=O)CC=CC=CCl
800,812,CC=C1N=CC=C(C)CCNCS1
801,813,O=CC=CN=C1C=CC=C(N[NH1]2)C1=C2
802,814,O1S(F)NN2C1=CC(C#CCN)C=C=CC2
803,815,COC(O)CCC(C)CCN1CNC1
804,816,O=CC(N)C(O)CCCC(N1)C(=O)C=NC=NC=CC1O
805,817,O1C=CC(Br)(C)C1
806,818,NCC(C=CC=CC1COC=NC)=N1
807,819,CC(C)CC=C1C=C(C(Cl)(F)C)C=CC1=O
808,820,CCC=NC(C[NH1]CC=O)(O)OC=O
809,821,C=CC(CC=CC(C)N)=CO
810,822,NCCC=CC1=CC(F)=C[NH1]1
811,823,CCCC1OS(C2)=CC=CC=C2OC1
812,824,C=1CCCN=1
813,825,OC(=O)CC=CC(Br)=C
814,826,COCCC(=O)C(=O)C=CC1=NC=CC1
815,827,CC1CCCN=C(O)C=CC=C(O)N1
816,828,C=CC=C(N)C(C)C1=CC=CC=C1OS
817,829,CCC(C)SCC1C(N)C=CC1CCN=N
818,830,ONC=CSC=CC=CC1=CCSC1
819,831,N(C=C(C)CC)C1CC=CC=C1O
820,832,CCNCOC(=O)CCC=NCN
821,833,CC=CCCl
822,834,CC=C([NH1]1)C=CC=CCNCOC1Cl
823,835,CC(C)=CC(=O)OC=CC=CC=C(C)C=N
824,836,CC=C1C=CSC=C1CCCOC
825,837,CC1=CC=CC2=CC=CC=CC1=CC(C)=C2
826,838,COCCCCCN1C2C=CC=C1N=C2S
827,839,C1CC=CCP(O)OC=C1O
828,840,CC=CC=CC1(C)C(=O)NC1
829,842,CCC[NH1]SCC
830,843,NC(=O)C1NC=CC=C1CCCC
831,844,COOCOC#CC=CC=C(Cl)CCl
832,845,C12C=CC=CC1COC=C2
833,846,C=NC=C(C=C1C=C=CC=C1)N=C
834,847,C1=NC=CC(C)=CC(=O)C1C
835,848,COC(=O)NC1=CC=CC(Br)C=C1
836,849,CCC=CC=CC1=C(C2)NSCC2C1=O
837,850,NNC(=O)C#CN1C2CCC1SC2C=C3C=C3
838,851,CC1CCNCC12CCC=C2O
839,852,C=C(C)C(C)C=CC=C1C(C)SC=C1
840,853,CCC(CCCCC1NC=O)CC1N=C2COCS2
841,854,CCC([NH1])C(=N)CCBr
842,855,CCCCCCC=CC=C1C=CC=CC=C1
843,856,CCC(=O)CC(=O)OC=CC=CCNCCO
844,857,COC=C(C)NN=CC(=O)OO
845,858,CC(CCC1C(C)(O)O)CNC1
846,859,OCCCOC=CC=C
847,860,C1=NC=C=NC=CC=C1
848,861,O[SH1]C=C(C1)CC=COC=C1N
849,862,SC1=CC=C2C(C1)OC2C=CO
850,863,CC(C)=CC(O)C(=O)NC=C=CC=CC=CC
851,864,CC(=O)NCCN(C)COC
852,865,COC=CC=CN1C=CC=C1O
853,866,CN=C(C)C=O
854,867,OC=CC=CN=CN(N1)S(C)=CC=CN1
855,868,C=CC(O1)CCCC=C1
856,869,C=CC=CC=CC1=CC=CC=C1CC(=O)O
857,870,OC=CCCC=CC=CC=C(C)Cl
858,871,CC1=CCC[NH1]1
859,872,O=CCSOCCCCCC
860,873,OC=C1C=CC(OC1)C2=CC=CC2
861,874,CCCNC=O
862,875,CC1=CC=CC=C1C2C3CC4C2=CC=C4C3
863,876,COC=CC=C(CC1=C)N=CC=C1NN
864,877,CNC=NC=CC1=CC=CC=C1
865,878,O1CCC=NCC2CCCC2C1N
866,879,N(C)C(CCC1)=CN=NC=CS1C=CC=C
867,880,CCC1NC=C2C=C(C)CCC2NC1
868,881,COCCNCCCCCCCC=NO
869,882,NNC(C1)CO1
870,883,CCC1CC=CSC=CC=C1
871,884,CCC=NC=CC=C(NCCC=NN=NC=N)NCl
872,885,CC(C)CNCCC
873,886,CCNCCOC1CCCSC1
874,887,O=C(Br)C(C)COC=CSC=CC[NH1]
875,888,C#CNC(=O)CCNC(=O)O
876,889,C(=O)NC(C)F
877,890,C=NCC(C1=NCN(O)N=O)(O)CS1
878,891,O=C(N)CNCCCCC(O1)CNCN1
879,892,COCCOC=C(N=1)CC=CC=CNCC=1
880,893,C1CCSCC=CC=C1
881,894,CC=C(N)COC(=O)NC(=O)O
882,895,CC=C1C=CCC=C1[NH1]C=SC
883,896,C1C(O)=CCC1C=CC2=NC=CC=C2
884,897,O[NH1]C=C1C=CC2=CC=C1C=C2Cl
885,898,C(C1)NNNC(O)C2=CC=CC=C2C1=O
886,899,CC(C)SC(=O)NCNCCCC1N=CC=C1
887,900,CCC=C1C=CC=CC2=CCC=C2C1N
888,901,CC(=O)CCCCCCCCCNC1CC2CCC1C2CN
889,902,NC(Br)C1(CCCNCN=C)N=C(Cl)S1
890,903,CCOCP([NH1])C(=O)O
891,904,COC(=O)NC(C1)OC=CC=C(O)C=C1N
892,905,CNC=CC=C(C)NC1=CC(=S)N=C1
893,906,CCCN1COCCCOCN=C1
894,907,O=C=C(CC(=O)NC1)C=CC(C)C1=O
895,908,CSC=NNC=CC(C(O)CCC)=NC
896,909,CC(C1)C=C=NCCCC1CCC
897,910,C1=C(C)CCCCCCC1
898,911,CCNC=C(Br)NNC(C1)O1
899,912,OC=CC1=CC=CC2=CC(C)N=C2C1
900,913,C1OC2=NC(=O)COC1CNC=C2
901,914,CCSC(=O)N=NC=CCCC
902,915,O=CC1=C([SH1])C(C2=CC)=CC=C2C1ON
903,916,N=CCS(=N)S1C(C)(N=C)N=C1
904,917,C1C=CC=C=C[NH1]C=C1
905,918,CCNCC=CC=CC1=C(Cl)N=CC=C1C
906,919,CNC=CC=CCC1=CC(C2=C)C=CCC2=[PH1]1
907,920,C=NC(C)C12CNC(O)N1OCOC(C)C2
908,921,CCCCC(=O)OC=O
909,922,CC=C1C(=O)C=C(O)C=CC(O)N=C1
910,923,CN1C(=O)N=C1C=CCOC=CC=CC=C2C=C[NH1]C=C2
911,924,N=1C(C)P(=O)C=CC=1C(=O)O
912,925,CC(=O)N(CCC1=CC=CC)C1OC=C(C)O
913,926,C1C=CC=C(O)C1=CC=CN=NNC
914,927,CNC=CC=CC1(C(=O)NC)NCC1
915,928,N#CCCOC=NC1=C=C[NH1]CN1
916,929,CC1C(=O)OC(=O)OC=C1
917,930,NCNC#N
918,931,CC(C(O)C=C1CN)CCNCC1
919,932,CCCSC1C=CC=CC=C1
920,933,OCCCN1CCCCC1C(C2)CC=CC=C2COC
921,934,CNC(C)C1C(SCC2)=CC=CC=C2C1=O
922,935,CC1CC=C2C=C1C=C2
923,936,C=1=SCOC=1CC(O)C
924,937,C1NCN(CC)OSC=NC1N
925,938,NNC=C1[NH1]C=NN=CC=C1CCSC=C
926,939,CN(O)N=CCC=O
927,940,NCCCC1C(=O)OC=C2C(=O)C=CSC2=C1
928,941,CONCC(=O)N=CC1=CC2=CC3=CC=C2C31C
929,942,C1CCCC(C=C1C2SCC)CCCCC2
930,943,CC1=CCC=CSC(=O)CCC1=O
931,944,OCCCN1C2CCCCC2C1C(=O)CC=CC=C
932,945,N(CC1C)CC(C)C=CC=C1O
933,946,CC1=NC=CC=C1N2C3CNC2=NC3
934,947,CCC=CC=C1CC=CC=C1
935,948,C=C(O)C=C1C=CC=CC2=CC=C(O)N=C1C2O
936,949,C=CN=C(N)CC(N)C(=O)C(Cl)C
937,950,CCOC1C(C)OS=NNC=CC(O)=N1
938,951,CCC(=O)CC=CC=C
939,952,O=CC=CC1=C(C=CC=C[NH1]S)[NH1]1
940,953,C1C=C(C)OCC=C2C=CC1(F)NC2
941,954,CCCONCCCCCCC
942,955,CCCC1C(C)SC1=N
943,956,CCCC=NC=CSC1CC=CC=C1
944,957,CNC(=O)C(=O)OC(=O)C1C=CC=C1
945,958,CNCNCON
946,959,CCNCOC=CC=CC=CN=CN=CC=C
947,960,NC1=CC=CC1
948,961,CS(C)ONCCC(O)O
949,962,COCC(C)OC=S
950,963,CN=C(O)N[NH1]C1=CC=C(N)CC1
951,964,CC(=O)C1COC2NC(=O)C2N1O
952,965,C=C(OC=NN)CC=CC1=CC=CC=C1Cl
953,966,CC(=O)OC1OC=CC=N1
954,967,C1=CCC=CC=C1
955,968,C=NC=C1P2C(CNC)C=C3C=CC=CC31N2
956,969,C(N)CCCC=CCC=CC=C1C=COC=C1
957,970,C=CC1=CC=C(Cl)C=C1C(=O)O
958,971,NN(Cl)OC(=CC=C)C
959,972,CC(C)CC=NCN(Br)CCC1NC=CC=C1
960,973,C1CCC2C(C=NC=N1)C=CC=C2
961,974,CCCC(=O)CCCCCC1OC(C)C1=N
962,975,CC=NC1=CCC(=O)N1OON(O)N
963,976,OF
964,977,CCCC(=O)CNC=NC=C(N1)CCCC1
965,978,C12CC(C)OC(S(O)CC1)=NC2
966,979,C1CCCCCCCC1CCO
967,980,C=1C=C(C)C#CC2=CN=C=CC2=1
968,981,OCC(C=CO)C(Br)C=CC(S1C)=C1
969,982,C1CNC2CNC=C2C1C=O
970,983,CCC(=O)CCl
971,984,OC(COC=O)C(C)=O
972,985,C(CC=C1C(=O)CSC)=NC=CCC1N
973,987,CC=NC=CCCNC
974,988,OC#N
975,989,C12C=C1CCCC2N
976,990,CCSCN=C(CC=CC1=C)C=CC=C1C
977,991,OC=CC1=C2C=C2C(=O)C=C[NH1]1
978,992,N=C(O)C(O)=NC=O
979,993,O1C2=CC=C1CN2
980,994,CC=C(N)S1(O)CC(C)OC1(Br)C
981,995,C1CCC=NC(C)=NSC=CS1
982,996,CCP(N)C(C1)C=NC(C)CCCC=N1
983,997,CS1C(N)CCC1
984,998,CCCCCC(=O)C=C1C=CC=CS1
985,999,CC=NN(C1)CCC=CC=CC=C1
986,1000,CCC=CCCSNC(=O)OS
987,1001,CCNC(=O)CON
988,1002,NSC=NC=C1CC=CC=C1
989,1003,NC=C(N1)CC2(NO)CNCSC=CN2O1
990,1004,NC(C=CC=CC=CC1=C=N)C=N1
991,1005,OCCCCN(C)O
992,1006,CCCCCCC(=O)C=CC=CC=CS
993,1007,N=CC=C(CN)CC12CCCC1C[NH1]2
994,1008,C=C(CC=C1CC=NC12OCC)C2
995,1009,CCC=CC=NC=C[NH1]C1=CCNCC1
996,1010,NCN(C(N)C1CCC)C=C1
997,1011,CC(C1)C(O)C(O)OC([NH1])CCC1
998,1012,O1C(=O)COC(C2CCCC2OC1)=O
999,1013,C1CC=CC=C1C(C)NC(O)C
1000,1014,C1CSC(C)CCC=CCNC=N1
1001,1015,OC1C(=O)CCCCNC=N1
1002,1016,NC1CC2(N)CCNC(N)CON1C2C
1003,1017,C1=CC=NN=C1C=CN=CCCCC
1004,1018,O=CC=C(O1)C(O)=CC=C1Cl
1005,1019,CCC1N=CC(O)C=NCC=C1Cl
1006,1020,CCC(C)C(C)CCN1CCC(C)C1
1007,1021,C(C)CCCN=C1C(Cl)C=CN1
1008,1022,CCC(C=O)OC=C(C)C(F)C1=CC=CC=C1
1009,1023,C1C(=O)CC(=O)C(N)CCCC1
1010,1024,NC=CC(N1)C(S)=C2C=CC1=C2
1011,1025,NNCC(N)SC=O
1012,1026,CCC(=O)C(O)C=CC(=O)OC1=CCCC1C=CC=C
1013,1027,NCC1CCC=C1C2=CC=CC(Cl)=C2N
1014,1028,CCCC(=O)OC=C(O1)C=CC=CC=C1I
1015,1029,CC=C=C=CCN=CCCC
1016,1030,C1CCSC(=S)C=C1C=O
1017,1031,OC=CC(C=CC=C1O)CC=CC=C1
1018,1032,C=1CCCCCCCCC=1C
1019,1033,COC(S)C=C1C(C(S)CC(N)C1)N
1020,1034,CCNCCCNCC=CC=CCl
1021,1035,O=C(N)C(=O)OC(=O)OCCCCC
1022,1036,CCCC(C)C=CC(Cl)=CNCC
1023,1037,OC=CC(NC(N)C=SOC=O)N
1024,1038,CC1=C2C=CC1C2C=NC#N
1025,1039,OC(O)CCCCC(C=O)NC1=CC=CC=C1
1026,1040,N(O)C(=O)C=O
1027,1041,CC(C)=CC1NCCC=N1
1028,1042,CCC=CC=CC=C(CCC(=O)N1C2=O)CCC1CC=C2
1029,1043,CCCCCN
1030,1044,BrC=C(N)CCC1CCCC=C1
1031,1045,COCC1=C[NH1]C(C=CC=CC)(C(C)C)C1
1032,1046,N1CCCNC1CC=C(C)OC
1033,1047,COC=CC=CSCNC
1034,1048,N(O)C=C(CC(Cl)=NNC)Br
1035,1049,CCCC1CCNC=C1
1036,1050,N1C2C3(CC1C)C2C=C4C=CC=C43
1037,1051,C#CC(=O)CCNCCCC=C1C=CC=C1
1038,1052,ONC=NC=1CC=C[NH1]C(=O)OC=1
1039,1053,C(C)=NC1=CN=COC1C=CC=C
1040,1054,NC=CC=C(F)C=C1N=CCO1
1041,1055,O=C(C)CCCCOC(O)O
1042,1056,C1N=C2[NH1]C=CC(C)=C2COC1
1043,1057,CC(=O)CCSC(C)C
1044,1058,CNC1C=CC=CC(=O)C=C1Cl
1045,1059,COC=NCSC(=O)OCSCC=C
1046,1060,C(C)C=CNC(F)=CC(Cl)CCO
1047,1061,C1NCCC(O)=NC=CC=C1O
1048,1062,C1CC(C)CN2COC1C=CC=C(C3)NC23
1049,1063,C1N=CC=C(O)C=C1CCl
1050,1064,CCC(O)C(=O)O
1051,1065,C1OC(=O)C(C)CCCC1C
1052,1066,CNOC=CC=CC1=CN=C(S)N=C1C=O
1053,1067,CC(CCN)(NC)C=O
1054,1068,O=CC=CC=CC(N)C(=O)C=C1C=C1
1055,1069,NCCOC(=O)C(CCCOC=O)O
1056,1070,CCCC1CN=CCN1C=O
1057,1071,NCC=C(C)C=O
1058,1072,CCCCCC=C(O)C1=CC=C2C=C(C=CC)C21O
1059,1073,CC1C=CC=CC(N2)CC=C1C(=O)C2
1060,1074,CCN1CCCC=CC2=C=C=NC=C2C1
1061,1075,C(Cl)CC=C=NCOC(Cl)(C=CC#C)S
1062,1076,C1C=C(N)C1CCO
1063,1077,ClC=CC(CP=CC)CCF
1064,1078,S=C(C1)CSNCC=C1CO
1065,1079,C1C=CC=CN=C1F
1066,1080,CCCC(N)=CC=C1C=CC=C1
1067,1081,CCC=C(F)NNC(C1N)C(CC)CC1
1068,1082,CN=CC(Cl)CCCCCC=C
1069,1083,C1CCCC(CCCO)NC1C(=O)O
1070,1084,CCCCCCC1CC=CC=C1
1071,1085,CCCCC=C
1072,1086,CC=CC1(C)C(C(Cl)CNC=CN)=C1
1073,1087,CC(C)SC1(C=C2CCC)CC2=C1N
1074,1088,O=C(O)C(O)C=CC=C
1075,1089,C1NCCCC1CCCC2C(CO)CC2
1076,1090,CCCC(N)CCC=C1C=C=CCC1=N
1077,1091,CNCCC1CCC=C1C
1078,1092,CN=C(C)OC=CC(C)(C)NCCC
1079,1093,CCCC1=CC=CC=C1C=C[NH1]C=C
1080,1094,O=C=C1CCC=CSC1
1081,1095,CC1C2CC[NH1]C=C(Br)C1C2
1082,1096,O=C(CC=CCNC)CCC1CC(C)=N1
1083,1097,CCN(O)C(C)CC
1084,1098,N1C=CC(N)C=CCC=CC1
1085,1099,CCCNC=CCCC=C1C2=CCNC1[NH1]2
1086,1100,CC=CC1=CC=C(N)CC=C1O
1087,1101,O=CC=C(Br)C1(C)NCC(C)N=CC=C1
1088,1102,CC=CC1=CC(Br)=C(O)OC(Cl)C=C1
1089,1103,CCOC(=O)C1(O)COC1
1090,1104,CNCCCN1CCCC1=CCS
1091,1105,O=C(O)C=CC=NC=C(C)C(C)=CC
1092,1106,CC1=CC=C2COC=C2S1
1093,1107,C=CN=S(=O)C=CCCBr
1094,1108,CCCC(C)CC(O)C=CCC(Cl)(C)Br
1095,1109,CCNCCCNC=CC1=CC=CC=C1COC=O
1096,1110,OC=C(O)CC(CCN=CC=C)Br
1097,1111,CCC=NC(NCCCCCC=C)C=C1C=C(C)CC=C1CN
1098,1112,OC=N
1099,1113,CC1OCCCC1
1100,1114,C=CC=C(C=C1SC=C)C=C1N=CS
1101,1115,CN=CC=CN=C(N=C1C)CN[NH1]1
1102,1116,[SH1]CCCCOC=CCC=C
1103,1117,CCC(=O)CCCC[NH1]C1COCCC1=C
1104,1118,C(C)CCC=CC(N=1)SC=CC=1C(=O)OC
1105,1119,CN=CC1OC(=O)C=C1
1106,1120,C1C=C1CCOC=C2C=CC=C2CCCN
1107,1121,OC=NN=CC(C)CCC=NCS
1108,1122,CC=C(CCCC[NH1]C=CC)CC=C(F)Cl
1109,1123,CCCC(O)C=NC=NC1CC2C(Cl)S2(O)C1O
1110,1124,O=CC=C1OC=CC=CC2=NC=CC=C21
1111,1125,C=NOCC(O)C(=O)C=CS
1112,1126,CC(C)CCCC1CCC=CC=CC=C1OC=SC=C
1113,1127,CC=CC=C(O1)C=CC2=C(F)C1P(F)N2
1114,1128,O=C=NNC(C)CC(=O)OC=NC
1115,1129,OCCCC1=C(N)CC=C1C2(C)CCCSC2
1116,1130,CCCCC(=O)C(C)CCCCC(C)(C)NC
1117,1131,CC=CC=C(O)CCCC
1118,1132,C=CC(O)=CC(=N)C1=CC=CC=C1NCO
1119,1133,CNC(CCC=C(C)NC)C=O
1120,1134,CCC(O1)C=CC2=CC(NC=C2)N1O
1121,1135,CCCOCC12CC=CC=C1C3(Br)C=CC=C32
1122,1137,N=C(C)NC=CC(=S)N=O
1123,1138,C=NN(O)OCOC(=O)OC(OC)CO
1124,1139,O(C=CC=CC1=CC=CO)C=C1N
1125,1140,CCCCCCCC(C)C1CNCCCCC1
1126,1141,N(N)C(N)CCCCCO
1127,1142,CN=CC=C(Cl)CC1=C=S1
1128,1143,C1CNCC1(O)NCCCCC2C=CC=C2N3OC3
1129,1144,N=NS(C)(=O)N=NN=NCN
1130,1145,OC=C(F)C=CC1=CC=CC=C1
1131,1146,CC=CC=CC=C(Br)CC1C=N1
1132,1147,CCCNCN1OCCC=C1CO
1133,1148,CN=CC=C1NNC=CC=C(O)C=C1
1134,1149,CCOC(C)=C
1135,1150,CCC(C)CNCC1CCCC2C13CCCN2C3
1136,1151,NN(C)CC(O)C(=O)COCO
1137,1152,CC=CC=CS
1138,1153,NCNCCC(O1)C(CC)OC=C=C1
1139,1154,C=C(CC(C(C)S)C)N1SC=CC=C1O
1140,1155,C=12C3C=CC=C3C(N)C=1O2
1141,1156,CC=C[NH1]C1=NC=CC(C)OCNN1
1142,1157,CCNC(=O)CCCC=O
1143,1158,O=C1C(CSC=CC)OC1
1144,1159,ClC=O
1145,1160,CSNC(=O)CC(O)(C)CO
1146,1161,S12C=CC=C1CCC2
1147,1162,C=CC=C(Cl)C=CC1=C2C=CC=C1C2
1148,1163,CCC=NC=CC1=CNC=C=C1
1149,1164,CCCCCl
1150,1165,NCCOCC(=O)OC1=NC=CC=C1C
1151,1166,CCNCCCCN=C(C)CO
1152,1167,COC(=O)OC=NC=C(Cl)NC=CC=CC
1153,1168,C(NCC1COC=CC=C12)[NH1]C=NC2C=S
1154,1169,CC=CC=NC=C(N)C=CC=CC(O)=C
1155,1170,CCCC(=O)C=C(F)CCl
1156,1171,O=CC=CN=C(N)CN=C
1157,1172,C1C(Br)(C=O)CNN1
1158,1173,CCCCCCCC1=CC=CC=C1
1159,1174,CC(C)=CC(N)C(=O)O
1160,1175,O=CC=CC(=C)NCNC=CCl
1161,1176,CC(C)C(=O)OC1=CC=CC=C1C=CNC=N
1162,1177,NCC1NCCC1CC=C
1163,1178,C=CC=CC1=CC(CCl)C1(C)ON=NF
1164,1179,CCC(O)C(C)=O
1165,1180,C=C(Br)C(CCCC=CCC1=CC=CC=C1)C=O
1166,1181,C1CCOC(=O)CCCC1C=O
1167,1182,CCCCCC(C)(O1)CCCC(C)CCCC=C1O
1168,1183,OCCNC(=O)OC=COCC1(F)C=CC=C1
1169,1184,O=C(O)CC=CC=C1C=CC=CC1=NO
1170,1185,O(NC(=O)C=CC)CC(=O)ON
1171,1186,CC#CC=NC=C(C)CCCCCC=CC=C
1172,1187,COC=CC1=C(NC2=CC=CC2)CN1
1173,1188,N=CC=C(OC(=O)N=CC)CC=C(Br)C=C
1174,1189,CCSC=CC=CC1(CC)CN1C
1175,1190,C=1NC(C2OC=CC=C2)OC=S=1
1176,1191,BrCN=CC=C1C=CC=C1
1177,1192,C1(=O)CC=C(S)C(C)OC1
1178,1193,N#CC=O
1179,1194,CC(O)C(=O)NSC(=O)C1CCCC=C1
1180,1195,C=1CCCOC=1
1181,1196,CCC=CCCC=NC=C1NC=CC=C1
1182,1197,CC=CC=CC(=CC=C)C=C1N=CC=C1C=CC
1183,1198,CCPC=CC=CC1=C2C=CC3=C1S2CCCC3
1184,1199,O=CC=CC=CCC(=O)O
1185,1200,CC=NNC1(C)C2CC(O)CCCCC2C1
1186,1202,C1CCSC=C1C2CCCCCCCCC=C2O
1187,1203,CC(F)C1=CC=C=CS1C=C
1188,1204,NCCCCC1(C)C(=O)OC(=O)NC=C1C
1189,1205,CCCCCCC(O)C(=O)CCNC=CO
1190,1206,CCCCC1C2C(=O)OC2C=C1NC
1191,1207,NNC#CNC1=CC=CC=C1O
1192,1208,CC=C=NC1=C2C=COC1C3CCC2C3
1193,1209,CC=CC=CC=C=C(C)CCl
1194,1210,C=CC=CC=C(NC=O)C=CC
1195,1211,CC=C1C=C(F)CC=C=C(Br)C1O
1196,1212,CC=NN=NCC1C=C2C=C1C=CN2C
1197,1213,NC(C)(O)CC1OCNC1
1198,1214,CNC(C)(N)C=CCCS(Cl)=C
1199,1215,CCC(C)=NC=CC=C(Cl)NN
1200,1216,O(C)OC=CC=CCC=O
1201,1217,CSC=C=C(N)C(=O)C=CC=CC(C=N)C
1202,1218,NC(C)Cl
1203,1219,N1C=CC=CC=C1Cl
1204,1220,C1C(N)CCN=C1
1205,1221,COCC=CC=CC=C(C)CO
1206,1222,OC(=O)NC(C1)C=CC=CC2=CC=CC=C21
1207,1223,COC(=O)OC=CC(C1)=CC=CC=C1
1208,1224,CCCCCCN(O1)NS(C)C1
1209,1225,CCN=CC1=CC2=CC1NCC2
1210,1226,C1NCCC1C(C)C(=O)O
1211,1227,CCN=CC(N=O)=O
1212,1228,CCCC=C(C)CCCCSCCCC=C(O)O
1213,1229,CCC1CC2CC1=CN2NS
1214,1230,N=C1N=C(N)C1CNCCCC
1215,1232,CC(COC1C=CC=CC(N)P1)=O
1216,1233,C1C=C2C=CC=CC=C1N=C2
1217,1234,CC=CC=CC1(C2)CC=CC=C2N=NC=C(Br)N1
1218,1235,CCC1C=C2C=C(N)CC=NN=C21
1219,1236,O=CCCC
1220,1237,SCC=CC=CC(C(=O)CO)Cl
1221,1239,OCNONCC1CNCC=C1CCOC
1222,1240,C=C(NC=C)C(C=CSCCN1C=CC)=CC=C1
1223,1241,C12C3CC1C2OCCC3
1224,1242,CCC(=O)C=NNCC
1225,1243,CN(CC(OO)N)PNCCCNCO
1226,1244,OS(C)CC(C)NC1(C)CCCCCC1
1227,1245,CC=C(COC(=O)OOCC)C=C
1228,1246,CCCCOCCCC1=CCCC=C1
1229,1247,C#CNI
1230,1248,OOC(=O)NC=CC=C1CCCC1
1231,1249,C1N=CC2=CC=NC=C21
1232,1250,C(O)Cl
1233,1251,CN=CC=CCCC=CC=CC=CC
1234,1252,O=NC(=O)SC(=O)OC
1235,1253,C=NC(N)COC=C[NH1]C=NC=CN
1236,1254,C[NH1]C(C=1)=CC2=CC=CC=C(ON)CCCC=1C2
1237,1255,COC(=O)N(C)OC(=O)O
1238,1256,CCC(C)OC=NOS
1239,1257,O=C(CCC(=O)C(Cl)SCC)NC=C
1240,1258,NS(O)C(NCSCC)C1=C[NH1]OC1CC
1241,1259,CN(CCCO)CCC(C1)=C1
1242,1260,CC(C)=NC=NC#CCCC=CCCNCCC
1243,1261,CC(O)C(N)C#C
1244,1262,CCCCCC1=C(N)CC=CC=C1NCO
1245,1263,CCCC(O)CC(C)OO
1246,1264,CC(CC=NC=CCN=C)[NH1]C=S
1247,1265,CC=CCCS(C)CC1CCCNC1
1248,1266,CCC(C)=NCNSC(O)C(=O)O
1249,1267,CCCCCC=CC1=C=CCC=C1S
1250,1268,CC#CCOC=NN
1251,1269,CC=CC=C=CSC=C(N)NC=CC=CNC
1252,1270,C1(=O)PCNCSC=C(O)C1
1253,1271,OC(=S)OC=CC[NH1]C(=O)ON=CC=C
1254,1272,OOC(C)SC=CC(C1)CNC=C1
1255,1273,O(C)CC(C)CCOCCCC=C
1256,1274,CC(C)=O
1257,1275,CC(O)(C)CC=CC=C(C)Cl
1258,1276,CC(C)CCCCCl
1259,1277,N1CCCCCC2NCC1=CC2N
1260,1278,CC=C1C2(C(C)C(=O)C)C=CC=C21
1261,1279,O(O1)C2(C)CCCC21O
1262,1280,C1C=CC=C(Cl)C=C1
1263,1281,COC=C1SC=CC=C1C2=C(CN)CC=C2
1264,1282,CC1=C(O)C=CC=C(CC=C)CC1=CO
1265,1283,CCCNCCSC#C
1266,1284,N=C(OCOC=O)NCCCN
1267,1285,COC1=CC=C(C)C=C1OSC(=O)O
1268,1286,N=C(CSC)CC1=CC=CC=C1Cl
1269,1287,COC=CC=CCCCC1=N[SH1]1=C
1270,1288,C1C(N)CCCOC=C1
1271,1289,C1C(N)C=NC=CC=NC1CCl
1272,1290,CCOC(N)C(=O)[NH1]S
1273,1291,CCCCNC(=O)O[NH1]CCCC=CC
1274,1292,CCC(=O)N=CC(=O)N=CCCl
1275,1293,NC=CCCN=CO
1276,1294,CCCCCC=C1C=CC=C[NH1]1
1277,1295,OS(O1)C=CNC1CO
1278,1296,NC=NNCCCNN=CC
1279,1297,CNCCCCCCC12C=NC=CN1C=CCCC2
1280,1298,O=C[NH1]NCC(C)=CC1NCCCC1
1281,1299,CCCCCSC=CC=CN(C)OC=N
1282,1300,C1CC(C2)=NC=CS2C1N
1283,1301,NCCC=NC=CC=C1N=CC=CC=CC1
1284,1302,CN=C(O)C=NC(C)C1CCCC(N)=C1
1285,1303,CC1=CC=C2C=CC=CC=C21
1286,1304,CC=NC(C)C(=O)C(C)C
1287,1305,NCP1C=CC=C(C(=N)O)C2=NCN21
1288,1306,C1N=C(Cl)CC=C(O)C1CCC=N
1289,1307,CC=CC=C(C)C=O
1290,1308,C1C(C)NC(C)C=C1C(O)COC#C
1291,1309,N1S=2CCC(C)(C)C=2C=CC1Br
1292,1310,CN=CCC#CC(O)CNC
1293,1311,CC=NCN=C[NH1]C(=O)C(=O)C=CN(O)NC=C
1294,1312,C=C(N)N=CC=C(C)C(=N)CO
1295,1313,C1CCCCCN1C=CC2=CC=CC=C2
1296,1314,OC=CC=C(S)CCl
1297,1315,CCCC(=O)C
1298,1316,CCCCCNC1(C)CCSC1=NC
1299,1317,O(SNC=O)N
1300,1318,O(N)C=C1C(C)C=CC=C1C
1301,1319,CCCC=CC=CC1=CC=NC=C1N(N)CC(=O)C2=C(N)C#C2
1302,1320,C=1CC=CC=CC(C)(O)CC=1
1303,1321,C1=2C(C)=CC=S1N=2
1304,1322,N=CC1=CC=C2C=C1NCCC2
1305,1323,ONOC=C(O)C1C=CC=CS1
1306,1324,C1=NC(C)CCSC=CC(C)N1N
1307,1325,CC1(O)CC(O)S1
1308,1326,CC(N)(C)CNCC(C)=CC=CF
1309,1327,C#COCCC(C)=CC=C(C)O
1310,1328,CC(N)CC1NCOC2=CC=CC=C21
1311,1329,NCCC=C(CC(O)C)SC=CC(NC)(O)C=CN
1312,1330,N(=O)CC(NC(=O)OCC=C1NF)N1
1313,1331,N=NNC=CC=CC1=C(C)CC=C1CC=[SH1]
1314,1332,CN=CN=CC=CNSC=C
1315,1333,NCCOCOC(C)CC
1316,1334,CCCC=CC1=CC=CC=C1C(=O)N
1317,1335,C1C(C)(O)N1CN(O)O
1318,1336,CCCCCNC(=O)N1C=CC=C=C1SC(C)=CCC
1319,1337,CCCC(=O)SNC1CC(C2)(C=C1C=CC2)Br
1320,1338,COC1(C)NCNC(C)CCCC1=O
1321,1339,CC=CC(N)=CC(Cl)C=S(CC)C
1322,1340,NNCCCCCC1CCCCC1=C(CC)CON
1323,1341,CC1C=CC=C(O)C2=CC=CC=C2S1
1324,1342,CC(CCC)OC(=O)OCC=CNC
1325,1343,C=CC=C(O)C1=CN(S)C=N1
1326,1344,CCF
1327,1345,CN(O)OC(=O)OC=NC(C)CO
1328,1346,CCCCNC=CC(O)C(C)C1SC=NCC1
1329,1347,OCCCC(=O)CCCOCO
1330,1348,NC=CC=CC=C=C=O
1331,1349,CNC(=O)CC=C1CC2N(CCC2C1)O
1332,1350,[NH1]C(=O)N=NCC1CCCNCC[NH1]C(=O)C1
1333,1351,CC=CC=CC(C)=CNCO
1334,1352,CC(=O)OC(N)C=C1C=C=CC=C(Cl)C2=C1CNC2
1335,1353,C1OC=CC(C)O1
1336,1354,ON(CCCNC=NC)CC=CC=O
1337,1355,CC=C1C(CC=CC=C1)CN
1338,1356,CCSC(=O)CCCCCC
1339,1357,CSC=C1C=NCN=CC=CC(SC)(O)O1
1340,1358,NC(=O)COCNC1=CCCC1=O
1341,1359,CC(C)(O)C=CC1=CC=C(O)C=C1NO
1342,1360,C=12OC2(C=CC=1C)CC=C(Cl)N
1343,1361,CNCN(C1=C(O)CO)C=CC=C(O)C1
1344,1363,COCCCC(C)(C)C(=S)O
1345,1364,CC(=O)OC(C)C(=O)CC1C(C)=C1
1346,1365,COC=CC=C1S2N=CC=C1C2C=C[NH1]
1347,1366,CCNCCCCC=CC(C)Cl
1348,1367,COCCC=CC=CC=C=NC(I)Cl
1349,1368,C(C)CCCC=CC(=O)O
1350,1369,CCCNCCCC(=O)NC=CC(O)C=O
1351,1370,NCl
1352,1371,CN=CC=CC(C=CCCSC)Cl
1353,1372,O=CC=C1C=C(C)CC=C1
1354,1373,CCCC(C)(C)C1(CCC=C)C=N1
1355,1374,CCNC(=O)NCCC1(N)CCCC1
1356,1375,CN=CC1C(O)C=CC=C2C=CC=C21
1357,1376,O(C)C=CC1=C2C(C)(C3SC2C)C31
1358,1377,CC1(O)C(=O)[NH1]CCNCC1O
1359,1378,CCC=C1CC=CC=C1
1360,1379,C=SCC(C(O)CNC1OC)CCC1
1361,1380,NC=CC=C(C)CNC(C=O)C1C(C)=CC=C1
1362,1381,N=CC=CC=CN=NCC=C(O)CC=C1C=CP(N)=C1
1363,1382,C1C=CC=C=C(NCN=C(Cl)C)C1F
1364,1383,C=CC(C=O)C=C(CO)CC1=CC=CC=C=C1S
1365,1384,OC(=O)CCCC=C(C)CC(C=CN)=C
1366,1385,COC(C)CC1C(C)C(=O)OC1C
1367,1386,O=C1C2=CCCC1(C)CC2O
1368,1387,C1(O)CNC2CCC(C)SC=C1C=C2
1369,1388,CCC(N)COCCC1NC(C)C1
1370,1389,CSC(=O)N(C)O
1371,1390,CCCCCCOCOC(C)=CC=C
1372,1391,CCC=NCSC=C1C2(Br)C=CC=C12
1373,1392,OCC(C)(O)CCN1C(O)CC(C)=C1
1374,1393,CCCCC=C1SC=CC=CC=NC=C1N
1375,1394,CCCCC=CNC=1C=CC=CC=1C=O
1376,1395,CC=C1C=C2C=C2ONC(=O)N1
1377,1396,CC=CC=CC1S2S(N)S1C=C2
1378,1397,O1C=C1OC(C)COCCCC
1379,1398,OOC=C1C=CC=C1
1380,1399,NCCCCC(C)OCC
1381,1400,CC=C(C1)NC=CC=C1OCOC(=O)NC
1382,1401,FCC=C1P(Cl)=CC=C1
1383,1402,CCCC(N)(O)N1C=CC2=C(C)C=CC=C2C1
1384,1403,OCN(O)C#CC=C1CCN=CC=C1NC=C
1385,1404,CC(C)OC(=O)NC=CN=NS
1386,1405,CC(O)CCNCC=CC=C(O)C(Cl)Br
1387,1406,CNCCCNC=C[NH1]C=C(O)[NH1]C=O
1388,1407,CC(C)C=C1C(=O)OCCC(Cl)=C1
1389,1408,CC=CC1C(O)C=CC=C1
1390,1409,CN(Cl)C=C1CC=NC=C1N=C
1391,1410,CNCCCC(O)NCC
1392,1411,CN=C(N)C=C1N(Cl)C=CC(NC)=C1
1393,1412,O=C(C)C(=O)CCC(=O)CS
1394,1413,CC(CNC(=S)SC)(C)CCCBr
1395,1414,NC(=O)C=CCSC=C(O)CC=C
1396,1415,C(O)CC(O)C(=O)CCO
1397,1416,C1CO1
1398,1417,OCCOC(C)CCC
1399,1418,CC1C(C)C=NC1=C2CC=CC2
1400,1420,C1CCC1C(S)CCC2C3C=NC2CC3
1401,1421,C1CC=CCC1C=NNNC=C=C=O
1402,1422,O1C=C2C=CC1C=C2
1403,1423,CCCC=CC=CC(C)=CC(Cl)=C(OC1)CCOC1
1404,1424,C1(C)CCOC1
1405,1425,CCCCCCCC=CC1=C(C)COC=C1O
1406,1426,C=NC1=CC=CC=C1Br
1407,1427,C[NH1]C12C#CC(CC1=CC2)O
1408,1428,CC=CC=CC=CC=CC1=C(CO)CC1
1409,1429,C(N)Cl
1410,1430,CCC(O)C(=O)C=CN1C(=O)N=C1
1411,1431,N1CC=CC(C)CC1C
1412,1432,CC1CC=CC=NC=C1
1413,1433,CCCCC(C)C
1414,1434,C(C)NC=CC1=CC=C2C=C(F)C1C2
1415,1435,COC=CC(C)N=NOS
1416,1436,NNC(N)=CNC=NCC1CS(CN1)N
1417,1437,CCOC(=O)OCCCCOCCO
1418,1438,N#COC(C)CCOCCCN1CCCCC1
1419,1439,FCC(C)OC(=O)NC
1420,1440,CCCC=NC(O)C=CC=C(C1Br)CCCC1O
1421,1441,C=CC=CC(C=O)NC=CC=C(N=N)CCC(=O)CC=C
1422,1442,CCCCCC(N1)=CC=CC=CC1NS
1423,1443,NCCCC=CSC1=CC=CC=C1
1424,1444,CC(O)C1=N[NH1]C(Cl)CC=C1
1425,1445,CCC(=O)NCCN1CCCC=C1CC2CCN2
1426,1446,CC(N)N=C=S(Cl)(=C)[NH1]N(O)C=NCCCl
1427,1447,CCSCC(O)=CC=CC=O
1428,1448,CC(C(=O)C(=O)OC)(C)COC=SC
1429,1449,CCNC=NCCCC1CCCCC1
1430,1450,CCSC(=O)CCCCCCCC
1431,1451,CC1=C2C(CCC=O)NCCCOC1N2
1432,1452,CC(C)S(C1)=CCCC2C1=C2
1433,1453,CON1C(=O)CCC1CCCC2C(C)CCC2O
1434,1454,C#SC
1435,1455,C[NH1]C=CC=C1CC(N)=C2C1C2N
1436,1456,S1C(=O)NCC(C)C=C1CN=C
1437,1457,NC=NC=CC
1438,1458,O=C(NN1CCC(Cl)C=CC)C1
1439,1459,C(N)COC(=O)NNCCCCCO
1440,1460,CCC=CCC(=O)NC(C)CN(O1)C1OC
1441,1461,CC=CC=C(F)C=CS(O)OCC=C
1442,1462,CCC=CCSC=NN1C=NCC1
1443,1463,SC(N)(C)OC=CC=CC=C(C)CSC
1444,1464,NN=NC(O)C1CCCCCCC=C1
1445,1465,CC(C)C(=O)NCCCC(Cl)C
1446,1466,NC(=O)NC(=O)CCNC1(N)CC=CC=C1
1447,1467,C=NCNC(=O)OCC=O
1448,1468,C=CCC1=CC(C)=C(Cl)C1C=NC2=CC=C2
1449,1469,CCCC1=CC=CC=CC=CC=C(CI)C1
1450,1470,COC(=O)OC(O)C(=O)C(O)S(O)C=CO
1451,1471,NCC(C)CCCC(NC(N)CCC)=C
1452,1472,NOCCCCC=CC=CC=C
1453,1473,CC1C(C)CCC2C=CC=CC=C2C1
1454,1474,O=CN(C1=CC=CN)C1O
1455,1475,CCC1(C=CC=CCO)S(C)=C1
1456,1476,CSCC(=O)CC(C)C1CC[NH1]C1
1457,1477,CC=CC1(OS)N=NC(=O)NCCC1
1458,1478,CC=CC=CC1=CC=CC=C1
1459,1479,CC1=C[NH1]CSSC(=O)OCC1
1460,1480,C1C=CC=C1CF
1461,1481,OCN(C1)NCCCOCOC1=C
1462,1482,C1#CC=C2C=C1CC2CCCC3CCNC3
1463,1483,O1C(=O)OC=SN=CCCC=CC1C=O
1464,1484,CC=C(C)NC=CC=C(F)C=O
1465,1485,N1CC1=CN2CC(Cl)CC2
1466,1486,CCCCC1CNCO1
1467,1487,CCOC(=O)NC=CCC1CN(O)C1
1468,1488,CC=CC=C1[NH1]C(O)=NC=C1NCCC=C
1469,1489,O1C=CC=NNC=NC=C1C(=O)OC=O
1470,1490,CC(O)CC(=O)C(CCCC[NH1]CN)NC=C=O
1471,1491,CN
1472,1492,NCCN=CC=C(C)CCl
1473,1493,C1C(COC=O)C=NC=CN=C1
1474,1494,O=C(C)C(C)CC1=CC(N)C(C)C(O)C1
1475,1495,CCC(C)OC=NCCCCOC(O)=C
1476,1496,C1=CC=CC=C1C=C(F)CC=C=C
1477,1497,CNCCCCC1C(=O)OCC1=SC
1478,1498,OOC=CC1=CC=C(C)C1OC=CS
1479,1499,C=CN=C(C=CSN=CCO)CCl
1480,1500,NCN(C=CC(C=1)O)CC=CC=1
1481,1501,OC(NCC=NC=CC=CNC)N=N
1482,1502,COCC(C1)CC=C(C)C(Cl)(F)C[NH1]1
1483,1503,CC(Cl)C(C)CC(=O)CCCC(=O)O
1484,1504,CCC(=O)C(C)CBr
1485,1505,C=NN=CC1=CSSC(C=CC=CC)=C1
1486,1506,CC1COC=CC(C)(O)OC=CC=C1
1487,1507,N1=CNC(C)CC1
1488,1508,C(N)=CC(N)=CC1=CC=C=P[NH1]1
1489,1509,CCCC=CC(C=CC=CC=C=C1F)(NC=C)C=C1O
1490,1510,C1COC(F)(O)CC=C1F
1491,1511,OOC(=O)NC=NC=NC1(CO)CC1
1492,1512,CC=CC=C1C(CN)=C(F)C=C1
1493,1513,CCC(COCC1=CC=C)NC1NC=C
1494,1514,CCC(Cl)C(=O)ON
1495,1515,NC=CC1=C(C2)CNC(=O)C2=C1
1496,1516,CCN(N)CCC(C)(C1COCCC12)C2
1497,1517,CC=CC=NN=NC=CC=CSC=C
1498,1518,NC#CNCOC(O)C=C(C)F
1499,1519,O=CC(=O)OC(CCCO1)CC=CS1
1500,1520,C1C=C1C2(N)COCC2
1501,1521,CC(CCC)=SNC
1502,1522,CC=NCCC#CC(C)CCS
1503,1523,CCCCCC1=CC(N)=NCC(C)=CC=C1
1504,1524,CNC(C)=NNC(C)OC=N
1505,1525,CC1C=CN=CC=CP(O)O1
1506,1526,CCC=C(C)NC=CC1=CC=CC=C1
1507,1527,OC=CC(C)=C1[NH1]C(=O)CCC=CC=C1
1508,1528,COC(=O)N1C(=O)OC1O
1509,1529,O=C(N)N(O)C=CC(CCl)COC=CBr
1510,1530,C1CCCC1CN=C2C=CC(C)=C2C
1511,1531,NC=NC=C1ONCOC1
1512,1532,C(=O)ON=C=CN1C2C=CC=C1C2C
1513,1533,BrNC(=O)C(C)C=O
1514,1534,CCCC(C)CNNCC=CC1=CC(C=C(F)CC=C)N(ON2)P21
1515,1536,N1=CC2C=C1CCCCCC2
1516,1537,CCCC1CC(F)CN=CC=C1
1517,1538,OCC(O)C=CC=CC(O)=CN=CS
1518,1539,CCCC(=O)CC1=NCCC1(N)CN=N
1519,1540,COC=CC(C=C(O)C1=CC=CCN)C1
1520,1541,CC1N2CCN=C(N)C2=C1O
1521,1542,CN=NC(CCNCC)=O
1522,1543,CNOC1=CC2=CC=C(C)C2CNNC1CC
1523,1544,OCC=CC(C(O1)=CC=CC=C1)CBr
1524,1545,CCCC=CC=C(Br)C1=C2C=CC=C1C2
1525,1546,C=C(O)C=CC=CC=NCCC
1526,1547,CCC1CCCC1CCC(CC)O
1527,1548,C1=C2C=CC=CC2=CC=C1N
1528,1549,CC=CC(=O)C(N)NCl
1529,1550,SCF
1530,1551,CC=CC=CC=C(I)C=CC=C
1531,1552,C1OC2=CC=C1CCCC=CCC2
1532,1553,COC(=O)SC(O)NC(=O)NCCCC
1533,1554,COC1CCCC(=O)C(O)CCC2C1=CC=CN=C2Cl
1534,1555,CCCC=C1C=NN(C2)C2NC1
1535,1556,CC=CC=CNNC(C1)=SC=CC=C1
1536,1557,COCSNCNC(O)C(=O)NP
1537,1558,CC(C)CC=CC1=CC=CC=C1
1538,1559,CN=NC=CC=C(C)C
1539,1560,O=C(CC=CCC1)CC=CC1C
1540,1561,CNCCC=CC(C)=C(C)CN=C
1541,1562,NCSC(=O)CC=NC=CC1=CC1
1542,1563,C=S(C)ON(C=CC=CC1CCF)N2C1C2
1543,1564,CCCCC1CC2CC1OC2
1544,1565,CCC=CC(C)NC=CC1=C[NH1]C(=O)C=C1O
1545,1566,CSC(C)OC=NC=C1C=CC=CC=C1N
1546,1567,C#CC(=O)OCCOC=CC1CC=CCCC1
1547,1568,NOC(=O)OC=CC=CC
1548,1569,COC=CC=C(NCC=C=CN)C=O
1549,1570,O(O)CNN(C=C1N=CC=C2N=C1)COC=CC=C2N
1550,1571,CC=NC=NCC=O
1551,1572,CC=CCC(=O)C1NC(=O)NN1
1552,1573,C=CC=CC1=C(C2=C[NH1]C=C1C=N)C=CN=C2
1553,1574,N1C(C)CNCCC12C(S)OCC2
1554,1575,O=CC1=C(C2CN)NCNCCCN21
1555,1576,CCCCCNCCCC
1556,1577,CCCNCCCCC(C1)=CC=CC=N1
1557,1578,CCOC(=O)OCCCNC(=O)C=CC=CC=CO
1558,1579,CC(C)NCCCCCCCCCCO
1559,1580,COC(C#CCCCC)CO
1560,1581,CCNCCCCCC1CCC([NH1])CCC1
1561,1582,C1(O)C(=O)C=CC2=CC=CC=C21
1562,1583,O(O)S(=O)(=O)OCCC1CCCC=C1
1563,1584,OC(C)=C1C(C)=NC=CC=CC#C1
1564,1585,CC(C)CC1CCCCCCCC=C1
1565,1586,CCC1C(C=C(C2=NC)C)C=C2S1=C
1566,1587,CC(C)NC
1567,1588,O=CC=C1C=C(F)CC1O
1568,1589,N1C=CC=CN=CN1OCNS(O)O
1569,1590,CC=NNNSC(=O)OOCCCO[NH1]C=C
1570,1591,CC(Cl)(CCC)C(NCC=CCC)(CCl)Cl
1571,1592,OCNCCC(O1)C=NCCO1
1572,1593,NCC(C)(C)CCCO
1573,1594,N1C(=O)CC=C1C=CC(C)OC
1574,1595,CC=C1C=CC=C1CC=C
1575,1596,O=CN=CCC(C)(N)CCCCC=O
1576,1597,OSC(=O)C(=O)N=C1C=CC=CC2=C(CN)C2=C1ON
1577,1598,NN=CC(C)C1CCOC[NH1]N=C1C
1578,1599,O=CC=C(CN1C(C)S)SC12CC(C)=CC2O
1579,1600,O1C=C1C2C(=O)OC=C2C
1580,1601,O(C)OC(=O)O
1581,1602,C1PCNCCC12C(O)CCC2
1582,1603,O=C(N)CC1NC(Br)=C2NC(O)CN2C1O
1583,1604,CC(=O)C=C(C)CC=CC=CC=CC=C=CN=C
1584,1605,OCCC(N(O)CCC=C)C1=C[NH1]C=C(F)N1
1585,1606,FCC1=CC=CC=C1OC(=O)O
1586,1607,O=CCC=NNOC
1587,1608,CC(=O)C(C(=O)C(C)C=O)O
1588,1609,CC(=O)OC=NC=O
1589,1610,OC=C(OC1CCOC=O)OC=SCC1
1590,1611,N=CC=C(S1C=CCOC(=O)N)C=C1
1591,1612,CCCC1=CN=CC=CC=C(CC2)CC=C1C=C2
1592,1613,CC[NH1]C1=CC=C(Br)C=SCOCCCN1
1593,1614,N=CC(O)C=NCC1CCNC1=C
1594,1615,COC=NCC(C=CC=C(N)CCF)C=C
1595,1616,C1C2=CCN(CC3)CCCC3C1C2
1596,1617,CCCCCOC(O)N
1597,1618,CNCCCCCC(=O)C=O
1598,1619,N1C=CC=C1C=NCCCCC=O
1599,1620,COCC1=SCC=CC1
1600,1621,N=CC=CC=CC=C=C(F)C1=CC=CN=C1
1601,1622,ClC=C(C1)C=NC(C=O)=C1
1602,1623,CC=CCNCC
1603,1624,CCCCCSCC=CCC(C)(C1)CC=CCC1
1604,1625,NN=CNC=CNC=C
1605,1626,OC=CCCCCN=C(C1=CC2=CC=C1)C=CC=C2
1606,1627,COC(=O)C(=O)N(C1)C(C)CNC1C
1607,1628,CCC(C=C([SH1])COC=O)CCCCC
1608,1629,CCC(C(O)CCCOC=C)NC(C)(O)OO
1609,1630,CCCCC12CC=CC=C1NOCC2
1610,1631,N1C=CC=C(F)CC=C1C#C
1611,1632,CCC(=O)N1CNCCCC1=CNC(=O)O
1612,1633,COC(C(C)NN(C)CF)CCCO
1613,1634,NC(=O)Br
1614,1635,COC(N)SC1C(=O)C=CC=C1
1615,1636,N=CC(CC(N1)=CC=C)C=C1
1616,1637,CC=CC=CC1=CC=CC=C1Cl
1617,1638,CC1C2C3CNC1=C2O[NH1]3
1618,1639,CCCNC(=O)N=CC(O)C
1619,1640,CCCC=CC1=CCC=C1C=NC2=CC=C2
1620,1641,C1C[NH1]C(CC)(C)CCC1(C)O
1621,1642,C=NN=C1NCCC1
1622,1643,C1OCOC(=O)OSN=N1
1623,1644,CC=C(C)Br
1624,1645,N1CSC=C2C=CC=C(F)C2C1
1625,1646,CCC(=O)N(C)CC=CO
1626,1647,N=C=CN(C=CN=CC=CCF)O
1627,1648,C1CN2C(=O)CC=CC=CC=C21
1628,1649,OONCCN=NNC1CC=CC=C1
1629,1650,NC=CC=C(N)NCCl
1630,1651,SNC
1631,1652,NCC[NH1]CCC1C2CCCCC2=N1
1632,1653,COCC=C(C1CCNCC=C1O)O
1633,1654,CCC=CC1=CC2=CC=C(Cl)C3C2=C3O1
1634,1655,CONCNC=N
1635,1656,CC(N)(C=NC=CC=CCCP)CC=N
1636,1658,NC(Cl)C=COC1(I)C=CC=C1NCO
1637,1659,COC=S1C(C)=C(O)C=CC=C1
1638,1660,OC=C1N=CC=C1C2=CC=CC=C2
1639,1661,CCCCCCC(C)(O)NC(C)CC
1640,1662,COC([NH1]CC(=O)N)C(C1C)C=CCC(C)=NN1
1641,1663,NC(C)OC(C)(O)CCCC
1642,1664,COC=C[NH1]C(=O)NCCC1NCOC1
1643,1665,CCCC=C(N)CCCC(Cl)C
1644,1666,CN=CC=CC=O
1645,1667,CC1=C(N)CCNCC1(O)O
1646,1668,OC(OCCC=1CC=O)C=1C=NN=N
1647,1670,NC(=O)C#CNNC(=O)COC(=O)O
1648,1671,CC(C)CCCC1CC=NC(F)=C1
1649,1672,COCCCC(N)CCC
1650,1673,NOC1=C(O)CC(O2)=CC=CC=C21
1651,1674,CCCCC1CCCC(C)C(O)N1O
1652,1675,O=CC(=O)C(C)C1N=NNCC1
1653,1676,N=NN(C)SC(=O)OCO
1654,1677,CC(O)CCCC1CCCCCC=C1
1655,1678,O1C(C)CNC1=CCC
1656,1679,CCNC(=O)OC(C)OCCCCCOC
1657,1680,NNCC(=O)OC=CC=C(CNN)CC
1658,1681,FC(O1)CC=CC=C1
1659,1682,CC(=O)C=C1C=C(Br)NC1=C(C)C
1660,1683,CCONC(C)=CC=CC#CC
1661,1684,CC(CCC)=CC=C(O)C(=O)SCC#C
1662,1685,N=1CCCCC=C2C=1C(CO)C2=C
1663,1686,C1CC(=O)S1OCC2CSCC2
1664,1687,CCC=C1COC(=O)CC=C1
1665,1688,CC1CCCCCCCC=C1N
1666,1689,CC(C)(O1)OC=CC=C1
1667,1690,NC=CC=C(F)CC=CCNC1=CCC=C1
1668,1691,C1C2CCCCCCC1C=C[NH1]C=C2
1669,1692,CC=CC(=O)C=O
1670,1693,O(O)C(COC(=O)OCC1)=NCCCC1N
1671,1694,NC(CCCCCCC1CC=CC=C1)=S
1672,1695,CC(CCC1(Cl)CNCCC)CCNCNC1
1673,1696,C1SC=C2C3=C(N)CC2C=C1C=CC=C3
1674,1697,C1=CC=CC=C1OC2=CN=C3C=NC=C3C=NC=C2
1675,1698,CCCCC(C)CC1CCC(O)N(N)C1
1676,1699,CCC=C1N=C(Cl)C(C(=O)N=C1)C2=CC=CC=C2C
1677,1700,SCC(C=S)C(O)C(=O)CC=C
1678,1701,CCCOC1CCCN1OCOOCC
1679,1702,C12C=SNSNC1C=C2
1680,1703,COCCC=C1C(C)C=C2C=CC=C21
1681,1704,O=CC=CCC(N)=CC=CC(C)(C)N
1682,1705,CCCCC=CC=NC1N(O)OC=C1C
1683,1706,CCCCCCC=CC(=C)C=CC=CO
1684,1707,CN(CC=CC1=CC(=O)CN)C1
1685,1708,CCC(N)CC1CCCC1
1686,1709,CNC(C=SNCC(C)CC1=C)C=CC=C1
1687,1710,OCC(C1)NOCCOCCCCC1
1688,1711,NSN(C)NC=CC=CC(Br)Cl
1689,1712,CCC(=O)CCC(N)C
1690,1713,CC=C(Br)C(C=C1C=CCCN)=C1C
1691,1714,NC=CC1=CS2CCCC2N1
1692,1715,NCCC(=O)O[NH1]C(=O)O
1693,1716,C1C2C(O)=CC=C(N)C=CC=CC12
1694,1717,O=NC=CC=C
1695,1718,C=1NC=C2COC=CC=1C2
1696,1719,CC(=O)CCC(C)CCl
1697,1720,COC(C=1)CCC2=CC=C(Cl)CC2=1
1698,1721,COC=NC(C)CONC1CC1
1699,1722,NC(CC)CC1CC(=O)OC(C)=C1
1700,1723,C1C=C(C2)C(=O)ONC(=O)S1N(N)[NH1]2
1701,1724,O=C(O)NC(C)C(O)C(=NO)O
1702,1725,NC=C=C(C)C
1703,1726,CCC=C(N)C=NC1CC(O)=CN=C1O
1704,1727,CC(C)F
1705,1728,C=1(C)NC2OCC=CC2=1
1706,1729,C1=CC(C)NCSCOC(O)C1
1707,1730,CCCCNCCOCCCCNCCC=N
1708,1731,CC(CCOCCCC=O)O
1709,1732,C1C(N)C(C)CCC2CCCC1(C)CCC2
1710,1733,CCN1C(C=CC)=C(C)OCO1
1711,1734,CCSC(=O)C=CSC=SON
1712,1735,CCC=CC=CC1=CC=CC=C1C
1713,1736,CC(=O)NC=CC=C(O)C(OC=1C=CCl)NSC=1
1714,1737,CCCC=NCC=CC=CC1=C(CNC)C1
1715,1738,CC(C(Cl)N=C(F)N)=CCC1=CC=CC1
1716,1739,CC=CC=CC(O)=C=[NH1]
1717,1740,O=C(C=NC=CC)C=C(F)CF
1718,1741,C1NC=CC=C2C(N)NCC2=C1
1719,1742,CC=CC=CC=CC=C(F)C=C=[PH1]
1720,1743,OCC=C1OCC=CCONNCSC1
1721,1744,C(N)=CC=CC=C(S)C1=CC=CC=C1C#C
1722,1745,N1OC(C)=SN=CC=CNCN1S
1723,1746,C=NNC=CC(O)C=C1C=NC=C1
1724,1747,CCC=C(Cl)C=CSC=C1N=CC=CC1
1725,1748,CC=C(CC)C1C=CC=C1Cl
1726,1749,CC(=O)C(=O)C(O)=CNCCOCNC=CC
1727,1750,BrC=COOC=CC=CC=C
1728,1751,CC(N1)C=CCC=C1CCCCO
1729,1752,C1=C2CCCC=C2O1
1730,1753,CCC1C=NC(O)C=CCC=CN1C=CC
1731,1754,NCCN=CC=CC(C1=CC=CN=C1)O
1732,1755,OC=NCl
1733,1756,CC=C(C1C=O)C=NC=C1
1734,1757,C#CCCC=CN=CC=CSCCCOC
1735,1758,C1(=O)CC(=O)NSC1=O
1736,1759,C(C)=CC(N)=NC=C(C)N=CSN
1737,1760,C(=O)OS=C(O)C=CC=CC1=C2C=CCN21
1738,1761,CC(N1)S(C)CC=C1OC
1739,1762,NN=C(N1)CC=[PH1]C=C1
1740,1763,C12NCC=NN=C1CCCC2
1741,1764,OCSC=CC=C1C(S)=CN=C1CO
1742,1765,O=CC(O)C=CC1=CC=CC=C1
1743,1766,COOC=O
1744,1767,CCC=CNC(=O)C(O)C1=NC(Cl)=CC=C1C=C
1745,1768,CC=NN(CCC=CCCC1CC=CC=C1)N=NC
1746,1769,N1C(C)=CN(C)C2CC1C=N2
1747,1770,CCCCCC(C)CC1CC=CC=C1C
1748,1771,CCCC1CC=NC=N1
1749,1772,CC(CCC1CC)C=N1
1750,1773,CCC=C(C1)CC=CC2CC=CC=C21
1751,1774,C1C(O)COCCCC1
1752,1775,CC=NN(N=CC)C
1753,1776,S(O)C(C)CC=CC=CCO
1754,1777,CCC(=O)NCCCCC=NC(C=CC=CCC)C=CN
1755,1778,C1N=C=CN(N)C=CC=C1CCC
1756,1779,C1CC=2CC(=O)CN1C3=CC=CN3C=2
1757,1780,N1C=CC=C(C)CCCC1
1758,1781,CC=NC=NOCCCCCC
1759,1782,COCC=CC(O)CC
1760,1783,C1C=CC=CCCCC=CC=CC=C1
1761,1784,CC=CC(N)C=C1C(N)=C(F)C=C1
1762,1785,C(C)CCCC=NC=C(N1)CNC=N1
1763,1786,CC=CC1C2C3(C(C)=CC=C2)C=CS3=CC1=C
1764,1787,COOCOCC1CC(C)CC1
1765,1788,CC=C(N1)C=CC=NCOC=CC=C1
1766,1789,COC(=O)SC=CC(Cl)=CC=CCF
1767,1790,CCCCCC
1768,1791,CC1CC(=O)C=C1CC2C=NCN(N)C=N2
1769,1792,CCCC[NH1]N1C(N)CCC1C
1770,1793,CI
1771,1794,C1=S2=CC=CC=C2O1
1772,1795,COC=O
1773,1796,CCC=C=C1SC1C=CC=CO
1774,1797,OCCCCC(C)=CCC
1775,1798,CCCC(=O)OCC(O)C1C(C)=CC=C1
1776,1799,CN=C1C=CCC=C1C=CCSN
1777,1800,CC(Cl)C=C1C(C=C2C=C1CS)N2
1778,1801,OC(=O)OC(N)C(=O)O
1779,1802,CC=CC(CC)C=CC1=CCC2C=C1C=NC=C2
1780,1803,OCCC=CC=CC1=CC=C(CO)C1N
1781,1804,CN=CC=CC=C(C=CC1=CF)C=C=C1O
1782,1805,C=NCC1CC2NCC1C3C2(C)CCC=CC=C3
1783,1806,NC=CC=CC=C(F)O
1784,1807,C=CN=CCCCCCC=CC(=N)CCl
1785,1808,C=NC=NC1=CC=CC=C1NO
1786,1809,OSC(N)C=CC1NC=CC=C1O
1787,1810,CCC(C1)N2CCOC=C1CCOC2
1788,1811,CC=NC([NH1]C(=O)OC=C)C1=C(C=CC=C1)C=O
1789,1812,CCCCNCCC=CC(O1)=C(C)CO1
1790,1813,N1C=CC=CC=C(C)C(F)=C1N
1791,1814,C=C1C(O)CCNC=CN=C1
1792,1815,CSC=C(Br)C=CC=C(C)CC=CC1N2CC2C1
1793,1816,CC=C(N)C(=O)CC1CCCCC1
1794,1817,CCCC1CC=CC2=C1CCC3=CC=CC=C3C2
1795,1818,OCC(COC1=O)OSCCCCN1
1796,1819,CCC1OCC=2C1CCN=2
1797,1820,CC(CCC=CCF)=CC1=C(C)CC=CC=C1
1798,1821,CCC=CC(=O)S(=O)NC=CC=C
1799,1822,CCC(C)OCC1CCCC(N)=C1
1800,1823,OC(C)CNC(C)C=C1CCNC=C1S
1801,1824,OC(=O)NN(C)C(C)CCCC
1802,1825,NCCCC=C(S)C([NH1])CCC=1C=C=1
1803,1826,C1#CCC1NC2CCC(C=C(Cl)C=O)S2O
1804,1827,C1C=CC#CC1C=O
1805,1828,O(C)SC=C=CC=CC=C(O)CBr
1806,1829,CC=CC=O
1807,1830,C1N=CC=CC=CC=CC=C1N
1808,1831,CNCC(=O)OCC=C(F)OCCC=CF
1809,1832,C=C=O
1810,1833,O=CCOC=CC=C1C#COCC1
1811,1834,CC(=O)NCCOC=C1C=C(N)C(C)SC=C1
1812,1835,CC(C)=CC=NCCCC(C1)(O)C=CC=N1
1813,1836,C1C(=O)C=C1C=NC=CC(C)CNCC=C
1814,1837,CCC=NN=CCN=CC1C=CSS1
1815,1838,COCC(C(=O)N=NC1C(=O)C=O)=C1C
1816,1839,C1=C(C)N=CC=CC=CC=CC#C1
1817,1840,COC(O)C=C(N)C=CC1(Cl)C=CC=C1N
1818,1841,OC=CC=CC=C(Cl)C(I)N1CC=CC=C1
1819,1842,CC=CC=CC=CC1=CC=CN=C1
1820,1843,O=C(CCOCSCN1)C1NCC(C)C2CC2
1821,1844,NCC1C2CCCC1C2=O
1822,1845,CCC=C(CNC=CCC=C(N1)NCF)CC=C1S
1823,1846,C=1C=NN=1
1824,1847,CC=C=CC1=CC=CC=C1
1825,1848,C1C=C=C(C)CCCC=C1N
1826,1849,CCCC(O)C(=O)NC(=O)CC
1827,1850,CC=CC=CC1=CC2=CC=C1C=N2
1828,1851,CNCC(=O)N=CC=CCS=O
1829,1852,CCC(=O)C(CC)C1CC23CCSC2N3CNCC1
1830,1853,CC=CC(CCC1CCCCCCSC)C1
1831,1854,N1CCOCC1[SH1](C)C=NC
1832,1855,OCCCN=CC=C(C)S1C=NC=CC1
1833,1856,OC=C(O)CCCCCC
1834,1857,ClC=CC1C2C=C3C=C1CCNCC2[NH1]C3
1835,1858,COC1CCNCCC1(F)C(=O)C
1836,1859,CCOCCCC1=CC=CC=C1N=NC=CF
1837,1860,O=C(C1CC=CC=C1C(=O)CC2C)CCC2C
1838,1861,CS(N1)COC(=S)NSC1[NH1]C=O
1839,1862,C=1C=C2C=CC=C2N=C=1
1840,1863,CCCNCCNCOCC1=CC=CC=C1
1841,1864,CC=CC=C(C=CF)COF
1842,1865,C1NCCCC1=C(I)C=CC=CSO
1843,1866,O=CC(N)C=C1S(C=C2C=CC=CCl)=C21
1844,1867,CC=CC1(CCCN1C=O)CCF
1845,1868,CCCCC(=O)OC(Br)(C[NH1]C=NC=C(N)C)CCl
1846,1869,CSC#CC1=CC=CC=C1C(=O)C
1847,1870,C1C=CC(C1C(C)Cl)=C
1848,1871,CCCC1C(O)C=CCCN1C
1849,1872,CN1NC=CC=C1CC(=O)CC2NC=CC=C2
1850,1873,O=C(C)C=C(Cl)C(C=NC)=CC=C
1851,1874,CN=CC(=C)CS1C=C(C)OC=C1
1852,1875,CC1CC(=O)OC(=O)CC(C)=NN=CC1
1853,1876,CC=CC=C(F)C1CC(=O)C1CO
1854,1877,C1CC(N)C(=O)NC1C=CN=CC=CC=CCCN
1855,1878,NC=C=C(NC(C)C=C)C1=CC=CC=C1
1856,1879,C1CCCC=C1N
1857,1880,CC(=O)CCCCCC
1858,1881,CCC(C)C1CCC=CC2=CC=CC=C21
1859,1882,COC=CS=CNCCCNNC=O
1860,1883,NN=CC=CC=CC=CCl
1861,1884,NCCCC=N
1862,1885,CCC(=O)NC=CN(N)C=O
1863,1886,O=C(O)C1=CC=CC=C1C(F)CC
1864,1887,O=C(C=C(S)C=CC=C)C=CC(=O)OC
1865,1888,CCOC(=O)NC
1866,1889,NC1=CC(C=CN1NSC)(C(O2)CC)NC2
1867,1890,CCC(O)C(=O)NCC(C)O
1868,1891,N1OC=CC=CCNC1
1869,1892,NC(=O)CC=NC=CC=C1NC=NC=C1OCC
1870,1893,C=CN=C(C(C1)=C)C=CC=C1Br
1871,1894,C1COCCCCCCN=C1
1872,1895,C1(Br)C=CC(C)OCNC1=O
1873,1896,CC(C)C(=O)OC(=O)OSC(=O)O
1874,1897,NCCNC=NCN=CC=CN
1875,1898,CC(C)(C1)CCNC(C)CC1
1876,1899,NNC(=O)C=CC=CC=CC(O)(OC)CCOC=C
1877,1900,CCCCC=NCCOC=CC=CC=C1C=CC=C1Cl
1878,1901,O=CCOC=CCC=C(O)C(=O)CO
1879,1902,N1OC=CNOOCN1
1880,1903,S=CC=CC([NH1]C=C=CC=C)C
1881,1904,CCOCCCCC
1882,1905,CCCC=CC=CC=CCC(=O)O
1883,1906,CCC1=CCC(S)C=N1
1884,1907,NCCCCCCC1=C(N)OC=C1
1885,1908,CC(=O)C(C)CCC(C)NCCCC=N
1886,1909,CCC(CC=O)NSC=CN=CC(O)=CO
1887,1910,CCC=CC=CC=C
1888,1911,C=CC(N)C(C=CO)C1=CC(C)=NC1
1889,1913,OC(=O)NC=O
1890,1914,CC(=O)C=C(CN)C(O)C=C
1891,1915,O=C(C)C1CCCC=C1
1892,1916,OC=C(N)CCCCCC1C(Br)=CS=C1
1893,1917,C1OC=CC=NC=C2C1COS2
1894,1918,CCCC(Cl)=CC1=CC=CC=C1
1895,1919,OC(C=SSCCN)CCCSC=C
1896,1920,O=C(N)C(C)CCCC1=C2N(N)CCC1=C2
1897,1921,C=CSC1=CC=CCC=C1
1898,1922,C=CC=CC1=C[NH1]C(=O)C=C1NC2CCN2
1899,1923,OC=CC=C(N)CC=CC=CC=C(Cl)C=C
1900,1924,CONCCCCSN=NC=CC(Cl)=CC=CN
1901,1925,COS(C)C1CCNCC1
1902,1926,N=1CC=1C2(O)CC=CC=C[NH1]2
1903,1927,C=NCC(C)C#N
1904,1928,CC=C[NH1]C(C)=CCC1C(C)NC1
1905,1929,CC(=O)OSC(O)=CC(S)N
1906,1930,CCOC(=O)CC=NCC(C)=C1C=C(Cl)N=C1
1907,1931,OCC=CCC=C(C)N1C=CC=CC1C=O
1908,1932,CC=CC(C12)(C)CCNCC1CCCS2
1909,1933,CCOCNCNC(O)C=CC=C(Br)CO
1910,1934,C=C1C=CCCC=C1
1911,1935,CN1C(N)=C(C)C=C1OC=O
1912,1936,CN=C(CC(C)CNC1O)CCCC1
1913,1937,CCC(F)(C)NCCNCC
1914,1938,CCCC=CC(N1C)=C2C=CC=CC=C21
1915,1939,N(CCCN1N)(N)NC2C1CCCC2C
1916,1940,NS(C)OC(N)C=CS=C(C)OOC
1917,1941,O=C1C(NC=O)CCSC=C1C=N
1918,1942,ON(O)C(=O)NC=CCN(O)N
1919,1943,C1CNC1P2(C)CCCC2OO
1920,1944,O=C(O)CCCCC(C)=C
1921,1945,C(C)CC=1CCOC(=O)NSN=1
1922,1946,BrCC=CC(P)Br
1923,1947,C1C(C)CCCOC=C1
1924,1948,CC(=O)CC=NC=C1C=C(CN)C(=O)N1
1925,1949,N(N)C(=O)OC(O)=C(O)C#C
1926,1950,CON(C)CSC(=O)O
1927,1952,CN1C=CC(CC)=C2C(C)CC2C=NCC1
1928,1953,NC=CC=C(C)Br
1929,1954,O=CC=CCN(Br)SC=CC=CBr
1930,1955,C=C1C=CC(O)C=C1Br
1931,1957,OC(C1)CCC2OCC=C1CCCC2
1932,1958,N=CC=CC1=C(Cl)CC(C)=C1O
1933,1959,CSC(O)C(=O)CC1CC(C)=C1
1934,1960,O=C(C(=O)C=NC=C1CCC)C(=O)C=C1O
1935,1962,CCC=CC=CC(=O)N=CC=CC=C
1936,1963,CC=CN=C(C=NC(C)OC)OC=NCC
1937,1964,COC(C1C)C=CCC2CCC=C2CN1
1938,1965,O=CC=NC=COCCC=CC=C
1939,1966,CCCCCCCC1CCCC(C)C=C1
1940,1967,C#CCOC(=O)NCCC
1941,1968,COC(C)CC=CCCCC1=CCCC1N
1942,1969,CC(C1)CCC=C(N)ON=C1
1943,1970,CN(C)SC=CC#CC
1944,1971,C(C)CC=CC=C1C(=O)C=CC1Cl
1945,1972,CNCC(=O)OCCC=CC=O
1946,1973,COC1CCCC2C(C)C=C2C=NC1
1947,1974,NC(=O)NOC(=O)C=CC(C)(O)O
1948,1976,C=1CC=1C
1949,1977,CSC=C(O)CC1=CC=CC=C1
1950,1978,CNC=CC1=C(CC2(N)C=CCC=C2)COC1
1951,1979,C=C(N)CCN=C(C)O
1952,1980,COC(=O)N1CCC=CC=C1C=CC2=CC2
1953,1981,CC(C)CCCCSCC[NH1]P=N
1954,1982,C1(=O)OCCC2C1C(C)C2=O
1955,1983,CC(=O)C=CC=CCC(C)CCCl
1956,1984,CSC(C)=C1C=CC=C=C1
1957,1985,C1CCCCCC2=CC=C(F)CS(S)C=C1N=C2
1958,1986,NCCCCOC=C(N)C(=O)OCl
1959,1987,CCN1OC=CC(C)CC=C1
1960,1988,CCC=CC=C(O)C1=NCNN=C1
1961,1989,COC=C[NH1]N(C1=CC=CC)N=C1Cl
1962,1990,CCC=NSC1=NC=C(NCC)CCC1C
1963,1992,N=CC(O)C(Br)=SC=C1C=CCN=C1
1964,1993,CC=CC(=O)C(C)=CC=CCNC
1965,1994,CCC(N)CC(N1)CC(Cl)C1C=O
1966,1995,CCNC(C)C(C)NCC(=O)C=O
1967,1996,OCCC1=CNC2C=CC=CCC12O
1968,1997,CN1C(C)C2N=CC=C2CC=C1
1969,1998,CC=C1C=CC=CC=C(N)C=C(Br)C=N1
1970,1999,CCC=C1C=C(O)C=C1CNCC=C(O)O
1971,2000,NCCCCSCCC(N)(O)O
1972,2001,C1C(C)NC1=O
1973,2002,CCC=CC(C=CC=C1C)=CC=C(Br)S1
1974,2003,CC(CCCCC=CC=C)C(=O)CC(N)CC
1975,2004,CC(=O)NCOC(C=NCC=CC)=CNC=O
1976,2005,CC(C)N1C=NCNC1C=O
1977,2006,NSC(C1=CC=C=C)C1(C)C2C=CC=CC2
1978,2007,CN=CC1=C(CCC=CC)CC=C1
1979,2008,C(=O)NC(=O)NC(C)(CO)CO
1980,2009,O=CC=CC=CC=CC1=CC1Cl
1981,2010,CCOC1(C)CCOC12C=CC=C2COC#C
1982,2011,CC(N)C(C)[SH1]NC=CC(C)C
1983,2012,N(COC=O)OC(=O)NCCCO
1984,2013,CCCCN(C)CNC=C
1985,2014,OCCCC(=O)SN
1986,2015,OCOC(=O)C=CC=CC=C(F)Cl
1987,2016,CN=CC1=C[SH1]N(N)C(=O)NS1
1988,2017,C=C(C)COCCCCC1C(C=C[NH1])C=C1
1989,2018,CC1=CC2(N)C(F)=C1CCCCC2
1990,2019,SOC(O)CC1=CC=NC=C1S
1991,2020,O1CC1(C=CC=CC(C)=CC2OC=C)N=C2
1992,2021,CC(=O)CCCCC=CCOCCl
1993,2022,CNC=CC=C(Br)NNCOC=O
1994,2023,N1C=C=C1N(O)C2=CC=CC=C2N
1995,2024,CC(C=CSC=C1C=CC)=C1C(=O)O
1996,2026,C1#CCC=CC=CC(=O)NC1
1997,2027,N1CCC1=O
1998,2028,COC=C1C2CCCC1C(N)C(Cl)NC=C2
1999,2029,OC(=O)OC=CCOC=CC1=CC=CC=C1
2000,2030,CCC1(O2)C=CC=C(C=NC)C2NCN1
2001,2031,ONCNCC1C=CC=C1C=CCC=C
2002,2032,CC=C(O1)C(O)=CCO1
2003,2033,COC(=O)C=C1CC=CC=C1
2004,2034,CCNC(=O)[NH1]C(=O)OCC
2005,2035,C1C#CCCCC1Br
2006,2036,CCCC#CCCN1CN=NC=C1
2007,2037,CCCC=CC=CN=C=C=CC1=CC=NC1CN
2008,2038,O1C(N)=CC1CCC=CC#C
2009,2039,CNC1C=C(OCC=O)SN=C1
2010,2040,N1C=CC=C1
2011,2041,CC(C)(C)CCCCC(C)(O)CC
2012,2042,CC=C1C=CC=CC=C1C(=O)CC=CC=C
2013,2043,C=C(CCC=O)OC(=O)O
2014,2044,CCCCCCCCCC
2015,2045,CNCCC1NCCSCNC(O)C1
2016,2046,SC=C(C(=O)SCCC1C=C)C=CS1
2017,2047,N1=CN=C1C=CC=CC2=CC=CC=C2
2018,2048,CC(CCCCNC(=O)CC)C
2019,2049,CCCCOC(C)COC=C1C=CC=C1
2020,2050,O=CC(C)CCC=C
2021,2051,OCOC(SCC1)OC=CC=C1
2022,2052,C=CC=C1C=NN=C(Cl)N1N
2023,2053,CC(C)C1CCCCCN=NCOC(S)S1
2024,2054,O=C1C=CN=C2CC=NC1N2C=C
2025,2055,NC=CPCN(S)C(N1)CCCCN1
2026,2056,N=C1C=CC=C2C=C1S(C)CNC2F
2027,2057,CCC(CC(SC1)CC=CSC1)N
2028,2058,CC=CC(=O)OC=CC=CC1=C(CO)CC1
2029,2059,N#CNC=C[NH1]C(O)C=CCl
2030,2060,CSC=CC=CC=C(C)C=CC=CC=O
2031,2061,OCCC=CC(CC1CO)C=CN1
2032,2062,NCCCCCCC(=O)SCCCO
2033,2063,C1C=CC(=O)COO1
2034,2064,C1OC(=O)C1(CCN)C=CC=CC=CC=C
2035,2065,C=CC=CC=C
2036,2066,CCC1[NH1]C=CC(C)=N1
2037,2067,CC=CC1=C(N2)CC=C1NC2
2038,2068,NC=CC(CC=O)OO
2039,2069,NC(=O)NC(=O)CCSC=CNC(C)CN
2040,2070,CNCC=CC(F)C=CC=C1COC=N1
2041,2071,NCC=CC=C(C=C(O)C1C=C[SH1])C1Br
2042,2072,C1C=NC=CC=C2N(N)CS2=N1
2043,2073,O(NCC)NCCCCC
2044,2074,N1CCCC=CC=CC=C(Cl)N1
2045,2075,O=COC=CC1=CC(=O)N1OS
2046,2076,CC(C)COC(=O)NC(=O)OCN
2047,2077,CC=CC
2048,2078,OC(C)OC(C)=CN=CC
2049,2079,CC=CC=CC=C(C)CI
2050,2080,C1N=C(C)C=CP(C)CCCCN1
2051,2081,C=1C=NC=1C=S2(C)=C(C=CC=CC3)C3=C2
2052,2082,COCC#CCC
2053,2083,O1C=C1CCOCCC
2054,2084,C#CCC=CC1=NN(CC(=O)C=CC=CCC)C1
2055,2085,C1CC=C2C(F)=CC=C(C2CC1C)OO
2056,2086,C1C(C)C=C1Cl
2057,2087,N=C1CCC2C=C1C=CNC=C2
2058,2088,CCCCNC1(C(N)C=SC=NCOC=C)C(=O)C1
2059,2089,CCC1CCCCC(C)N1
2060,2090,C=CNC(C)(O)CNCC(C)(O)O
2061,2091,C1CCOC(C)C(O)C(C)CC1
2062,2092,CC(O1)CCCCCCCCC(CC)C1C=O
2063,2093,CC=C1C=CCOC1CC=C
2064,2094,CCC=C(C(N)C)C1C=CNC=C1
2065,2095,C1N=CC(=O)CC=C1
2066,2096,C1#CCNC1C(=O)OCCCCNC
2067,2097,N1CCNC2C=NCCC(C)C=C1CP2
2068,2098,C(=O)C=C(O)CC(C1)OC=CSC1
2069,2099,CN1C(C)=NC2NCCC2CCON1C
2070,2100,CC[NH1]C(=S)C=C1C=CC=C1
2071,2101,OC(=O)C(C)SC1CCCCC=C1O
2072,2102,N1CSC=C(O)OCC=C1C=CC=C(F)C=O
2073,2103,C1(C)SC1C=PNCCCCCCCC(=O)NC
2074,2104,C=CC(N)C=NC(=O)N=C
2075,2105,CCC=C(C)CC=O
2076,2106,C1CCCO1
2077,2107,COC=CC1=CC=CC=C1Cl
2078,2108,COC(C)=NN(O)CS
2079,2109,COC(=N)S(C(C)NCC1)SCCC=N1
2080,2110,NC(O)=S(=O)CCC
2081,2111,CCCCCNC(=O)OCI
2082,2112,CN[NH1]C(CBr)CC1CC=CC=C1S
2083,2113,ClC(C)=CN=C1N(C)OCCCN1CCNN[NH1]
2084,2114,C1OC(N)C1C=O
2085,2115,O=CC=CC=C(Br)C=C(C)ON=C
2086,2116,NC(C)SC=SC=O
2087,2117,O=CCC(C1CCC)=CC1=O
2088,2118,C=CC=CC=C1C=CC=C2C=C(CCl)C=C2C1
2089,2119,CC#CC1CCC=NC1C
2090,2120,CC=C1C=NC=CO1
2091,2121,C1CCCCCCCC1
2092,2122,CC=C(C)CCC=CC=CC=C(C)C(=O)NCCl
2093,2123,OCCCSC1(O)C(=O)CC=C1
2094,2124,CCCCCCC(O)C
2095,2125,CCC(=O)C=O
2096,2126,CC=CC=CC=C1C(C=CC=CC)=C1C
2097,2127,OC(C=C1C=O)COC1
2098,2128,CCC1=NC=C2C(C)C=C1C=C2
2099,2129,C=CC=CC(N)=CC(Cl)C=C
2100,2130,CNCC1CCCCCC(=O)COS1
2101,2131,CCSCCC1(C)CCC=C1
2102,2133,COS(=O)COC=C1P(=C)C=C2N1O2
2103,2134,C1CCCCCNSCC1
2104,2135,CN(O)CCC(=O)C=O
2105,2136,O1C(C2)CCN=C(S)OCSC21
2106,2137,C1CC=CN=C1C=C(C)NC=N
2107,2138,CC=CC=C(C)N=C(Cl)C(Cl)Cl
2108,2139,BrC1PC(CNC)CC=C1C
2109,2140,COC(=O)OCOC#CC1NC=CCC=CC=C1
2110,2141,CCCCC(N)CCCCC
2111,2142,C1NC(C2)CC3CC2C1C=C3
2112,2143,BrC(C1)C=C(C)SC1=O
2113,2144,OC(=S)NCCCCCC=NC
2114,2145,CP(O)NCCCCCN=CC[NH1]C=N
2115,2146,COC(C)CCNC1NC(=O)NC1=NCCC
2116,2147,NCS1C(S)C(O)CCNCCC1
2117,2148,CNC(C)OC=CNC=CC1=CC(O)OC1
2118,2149,CCCC=NC=CC1=CC=C2N=C1C=CC(C)=C=N2
2119,2150,O=C=C(NCC#CN=CC=CCC)NC
2120,2151,CCS(O)C(=O)OC=CC=CC=CS
2121,2152,CC(O)C=CC=C(N1)OC=CC=C1
2122,2153,CC(O)CC(C)(N)CNC
2123,2154,O1CSNC2CC3=C[NH1]C2C1NC=CC=CN=C3
2124,2155,O=CC=CSC=CC=CC(=O)COCF
2125,2156,OCC(=O)NC(C)C=C(N)CSS
2126,2157,OC(=O)C=CN=CCC(=O)C=O
2127,2158,CCOC1=CC=CC=C1
2128,2159,COC=CC1=CC=CC#CC=CC2=C1N2O
2129,2160,CCNC=CC1=C(Cl)C2[NH1]C1CCC2
2130,2161,CC=C(CC=CN=C1CN)CC2=CC=CC=C2N1
2131,2162,CC(=O)CN(O1)CN2OC=CC=C2ON1
2132,2163,C1CSCCC1
2133,2164,CCCNC(CCCC1=CC2=CC=C1)C2OCCN
2134,2165,OC(C)CN1CCCCCCC(=O)[NH1]C=CC1=C
2135,2166,CCC(C)N=C1CC(F)CC1
2136,2167,CNC(C)=NC=1C(=O)NCC[NH1]C(=O)NC=1
2137,2168,NCS1C(C)(N)C2C(C)=CC=C2N1
2138,2169,CCOC#CC(O)=C(O)CS1C=C2C=C1C=C2
2139,2170,NC(=O)C=C(C)C1CNCC1CC
2140,2171,OC=C1C=CC=CN=C1NC(C)CC
2141,2172,OC(=O)CCNCNC1(C)CCN1N
2142,2173,C1N2CC1=NOCCC2
2143,2174,CC=C
2144,2175,CCNOC(=O)NSNCCCNC(=O)O
2145,2176,CCCC=CC=C(CC)CC1=CC[NH1]C=N1
2146,2177,NOOC(=O)NC(O)CCCNC
2147,2178,O=CCCCC(C)=C
2148,2179,NCC(=O)C(O)=NOC(=O)O
2149,2180,CC=CC=CC1=CC=C(N)CC1(N)OCl
2150,2181,C1=CC=CC=C1CCCCC2CN2C
2151,2182,CCCCOC(=O)COC=C
2152,2183,CC(=O)COC=CC1[SH1](F)(Br)C=NC=C1O
2153,2184,NC
2154,2185,CN=CNC(=O)NCC
2155,2186,CC=C(C)CCCCCCC(=O)OC
2156,2187,N(C=CN=CNC1=O)C=CC=C1
2157,2188,CC=CC1=CN=CC=C1CCOC=CC=C[NH1]CS=S
2158,2189,CCC(=O)CCNC(=O)OC
2159,2190,C(C)=O
2160,2191,O[NH1]C=CC=CCCC(C)OCO
2161,2192,O=CC=CC=NNCC1=CC=CC=C1
2162,2193,NOC(=O)NS1C(=O)N=C1C=NC=C
2163,2194,CC(O)CCCOC(=O)C=C1C=CN=C(Cl)C1Cl
2164,2195,CC(C)N=CC1=C(O)NC=C1CCCOCP
2165,2196,O=CN(C)P(=O)O
2166,2197,NCC(N)C(=O)N=C(Cl)N
2167,2198,O=C1C=CC2=C1OC(C)N=NC=C2
2168,2199,N=NC=CC=CC(O)CSC
2169,2200,O=CC=CC=CC=C(Cl)C1N=C1N=N
2170,2201,CCCCCCCC=CC=C1C=CC(=O)C=CC=N1
2171,2202,NCCC(C)(O)C=CC(N1)=CC2=CC=CC=C1C2
2172,2203,C1CCC([NH1]C2=C)C=CN=C21
2173,2204,CC(O)(O)COCOCCCCCCOC#C
2174,2205,CCCOC12CC=CC=C1CCC2
2175,2206,C1CCC=C[NH1]C2SC=CC=C2C1=N
2176,2207,C([NH1])C=CC(N(C)OCC)(O)C=NNI
2177,2208,CC(C=NC=C(C)C)=CC=NCC#CCl
2178,2209,CCC(C)CCCCOC
2179,2210,N=C(O)C1(Cl)C=C2C=COC=C2O1
2180,2211,CC(S)C(CCN)Cl
2181,2212,CC(N)=C1C2=CC3=CN=C2NCC3=C1
2182,2213,CCC=CC=CO
2183,2214,CCCOC1CCCC=C1
2184,2215,S1=CC=C2SC=CC=C2C=C1
2185,2216,O1C=C(CCCCCC=N)S1N
2186,2217,C12=S(CCCCCCC1CC)C2[SH1]
2187,2218,CC(C)CC=NN=CN=CC=C1C=C1C
2188,2219,CC(O)C=NF
2189,2220,OBr
2190,2221,O=C(C)CC=C1OC=C=CC1C=CN=NCCCCC
2191,2222,CC(=O)C=CC=CNCCC(C)OC=O
2192,2223,C1NCC1NCCNC
2193,2224,CCN1C=C2C=C1C=C(F)C2
2194,2225,NC(=O)OC=NC(C)C[NH1]
2195,2226,C(N)C1CNC=C1CCC
2196,2227,NC(=O)C(=O)CC=CCC1=CC(Cl)=N1
2197,2229,CNCC(=O)OCS
2198,2230,NC(N)=CC=C(O)C=C=C=N
2199,2231,N(C)(C)C(=O)OCCNC(O)CC(C)CC=C
2200,2232,CC(O)C(N)=CC[NH1][NH1]C=C
2201,2233,CC=NC=C[NH1]C1C(Br)=NC=CC=C(CCl)C1
2202,2234,C12CC=C1CCOC(O)C=CN2S
2203,2235,O1CCC(C)C(C)C1=CC=CS2C=NC=C(C)C2
2204,2236,C1[NH1]C=CC=CC=C2CC=CC=C21
2205,2237,O=CCCNCCC(CC)C
2206,2238,CC(O)C(=O)C[SH1]C(=O)O
2207,2239,C=CNC=NC1(Br)C=CC=C1
2208,2240,COS(=N)N=CC=CC=CCCCCCCC
2209,2241,C=CCC(N)=C(C)C1=CC=CC=C1
2210,2242,CCCC#CC=O
2211,2243,N=NCC=CC1(Cl)C=CC=C1
2212,2244,CN=CC(CCCCC)C1=CC(S)N1C=O
2213,2245,CCOC(CNC(=O)C=O)COC
2214,2246,NC(C)C=O
2215,2247,CCNC=CC1[NH1]COC=CCC=CNCC1
2216,2248,C(=O)CC(N)CCC(N)CC
2217,2249,C=NC1SC=CC=C1OCl
2218,2250,NC=CSC=CC=C(N)C=CC=CC=C
2219,2251,CCCC=CC(NC1=CC=C(C)CSC)=C1Br
2220,2252,CC(=O)C=CC=C(C)Cl
2221,2253,CCC=NC=C1CC=CC=N1
2222,2254,COC=C(C1N)C=C2C=C1C=CN(F)CC=C=C2
2223,2255,CC(C)=CC=C1C(Cl)=NC=C1
2224,2256,C(C)(=O)OCC#CC1NC2(C)CC=C12
2225,2257,CNC=CC=C(N)N=NC1=CN=CC=C1
2226,2258,NCN1C(C)C=CC=C1Cl
2227,2259,CNC=CC=C(C1)CC=C(Cl)C1Br
2228,2260,C1C=C(N)C1(C)CCCO
2229,2261,NCCSN1OC[NH1]COC1[NH1]C2=CC=CC2
2230,2262,CC(C1CCC=NC=CC=CC)=CN=C1
2231,2263,CNCC1C(=O)OCCCCC[NH1]N1
2232,2264,CC=CC=C(CO)COC(O1)C=NCCC1
2233,2265,CC1=CC=CC=C1C
2234,2266,NC(=O)N=C1C=CC(CCC1)NC=N
2235,2267,CCCCCCCCCCC=C1C=CC(O)C=C1
2236,2268,CCCNC(C(=O)C=CNC12C)C(CC1)C2
2237,2269,C1=CCCC=C(C)CC=NC=N1
2238,2270,SSCCCC(C)CC(N)CC1C=C2C=C12
2239,2271,CCNC(O)C=CC1=C(Cl)CN=C1
2240,2272,N=CC=CC=C(CBr)C=S
2241,2273,CCCC(C)(C=CC)CSC1=C(Cl)C=NC1
2242,2274,C=CC=C(O)C=N
2243,2275,CS(C1=CC=CC2=CC=CC=C2)O1
2244,2276,OC1=CC=C2C=CCCC2=C1
2245,2277,C1COC(=O)C=CC=CC=C1C=CCO
2246,2278,CON(C)CCC1CCC=COCC1
2247,2279,CC=C1C=C(O)C=CC=C1CC(=O)OCCO
2248,2280,S1C=C2C(CCN2)C1C=C
2249,2281,CCCC=1CCCCC(C)=CC=C=1
2250,2282,CC=CC=C(Cl)C=C1NCCC1
2251,2283,OC=C=CCC=C1C=S(=C)C=C=CC1
2252,2284,CCNN(C)C1CCC=CC1C=NNC(C)CCl
2253,2285,NCP1(=C)C=CC=C1C(=O)ONO
2254,2286,NC=CC(=C)C[NH1]C=C1C=NC=N1
2255,2287,N(O)C(N)=C
2256,2288,CCOCCC1CCCC1CCOC
2257,2289,COC1=CCCC=CC=CC=C1
2258,2290,CC=CCC1NCCC=N1
2259,2291,CCC=CC1=CC=C(C2C=C1N)OCCCC2=O
2260,2292,CCC=CC=C(C)F
2261,2293,CCCCCCC=CC=CC=NCF
2262,2294,CC(C)(C)NC=C(N)CSF
2263,2295,CCC(=O)NCC1CNCCC1C
2264,2296,NC(C(S)O)C=CN(O)O
2265,2297,O=CC(=S)Cl
2266,2298,CCCCC(C)C1SC=CC=C1
2267,2299,N=NC(C=CC=CC=CCC1)=CC=CN=C1
2268,2300,C(=O)OC(=O)N(O1)C=CC=CC=N1
2269,2301,CCNC=NC=C(N)F
2270,2302,CC=CC=CC(O)NC(=O)CCO
2271,2303,CC(C)CCCCNC1CC=CC=C1C=C
2272,2304,N(=O)NC=CNC=CC=CC=C(CCl)CCl
2273,2305,CCCCCC[NH1]C1=CC=CC=C1NP=O
2274,2306,O=CC=C(CCSC=NC1=C)C=CC=C1N
2275,2307,O=C=CC=C(O)N1CCCN1
2276,2308,C1CC2C(C)C1=CC2
2277,2309,CC(CN(C=1)CC)CCOC=1
2278,2310,NC=CC=CC=C(C1Cl)SSN=C1CCCC
2279,2311,CC(=O)OC=NC1=CC=NC=C1COCCC=C
2280,2312,CC(Cl)=O
2281,2313,C=CC=CCC
2282,2314,C1(Cl)C=CC=C1N
2283,2315,N#CN1CNCC=C1C2=C3C=CS2C3
2284,2316,CCNC=NC(=O)CC(C1C)CC=CC=N1
2285,2317,CCC(C)OC(=O)OC(O)CCCC=O
2286,2318,NC#CC(=C)C=C(O)C(O)S
2287,2319,CSC(C)NC1CCCCNC(=O)NCC1
2288,2320,NC(N)CNCC=CC=CC=C(Cl)CS=CCl
2289,2321,N=C1C=NC=CC=C(Br)C=C1
2290,2322,CCC=NCC1(C)SCC1
2291,2323,CCNC(=O)COC(=O)N(O)N=COO
2292,2324,CCC#CC=CCOC(C1F)CCN1SN
2293,2325,CNCCC1NCNNCCC(C)CC1
2294,2326,N=CC=C1CNC=CC=C1O
2295,2327,CCC=NNC1=CC=CC=C1C
2296,2328,CCC(O)C(=O)OC(Br)=CC=CC=CO
2297,2329,CC=CC=C(NC1=O)NC=C1CCF
2298,2330,CC1CCCC=CC(Cl)=C1C
2299,2331,CN=CCNC=C(N)CF
2300,2332,C=CC=CN=CN=C(O)C#N
2301,2333,CC1=CC(C=CC1)(N)CS
2302,2334,N1=C2C=C1OSN[NH1]N=C2CCNC
2303,2335,C=CC=C1C(N)CCC=CC=COC1=O
2304,2336,CC#N
2305,2337,ClCC=C(C)N1C(CN)CCC1
2306,2338,CNONN(C)O
2307,2339,C1C=C2C3=CC(C=C14)C=CC3CCC(C2)=C4
2308,2340,CCC1=CCC2(C)C=CN=C2O1
2309,2341,NCCCC(=O)C(=O)CCCC(C=C1C)=CN=C1
2310,2342,CCCCC(C=NC=C1C)C=C2CC=CC=C2C=C1OC
2311,2343,CC1C=CC=C2C=COC=C2NC=C1N
2312,2344,C=SOBr
2313,2345,N1CNC=C1CC(=O)O
2314,2346,C=1CCC=C(C)C=1OC#C
2315,2347,CCCC(=O)NCC(C)C=NC(CC)C
2316,2348,CCCC1C=CC(O2)=NC=CC=C2C=C1N
2317,2349,CC(C)CCCC(C)CCOCCC(=O)N
2318,2350,N1C(=O)C(C)C=N1
2319,2351,C=NC=CC=CS(F)CC=CO
2320,2352,C=CC=CC(N=CCC(=O)O)CS
2321,2353,SC(=O)OCCNCCC=O
2322,2354,CNC1C=CC2=CC=CC=C2S1C=O
2323,2355,CCN=CS[NH1]C(=O)N=NCC(=O)ON
2324,2356,COC(=O)OCCCCCC(=O)C=CC=CN
2325,2357,C[SH1](=O)C(O)CCCC(C)O
2326,2358,C#CC(C)OC(=O)CCCCCCC=CC
2327,2359,C(=O)CC(C)=NCCCNC1[NH1]NC=C1
2328,2360,OC1=CC=CC=C1C2=CC=CC#C2
2329,2361,CC=CSNC=CC(C)(O)Cl
2330,2362,COC=CN=C1SC(C=CN1)=SCl
2331,2363,C=12OC3=CC=1CCC3=C2
2332,2364,CCCON(N)CCC
2333,2365,CC=NC1N=CC=C=C1Cl
2334,2366,C1CCCOC(C)=CC=C1
2335,2367,CCCC=NC1CC=NC=C1
2336,2368,CN(F)C=CC(C)C1CCCC1
2337,2369,COC(C)C(=O)NCC
2338,2370,O=C=CC=CC(C=C)NC1CCCN1
2339,2371,S=CCOC(=O)OCC=CC=C(C)SBr
2340,2372,NCCCCCCCCC
2341,2373,CC(Cl)CC=CC=CC1=CC=C(Cl)C1
2342,2376,CNNN(C=C1N)COC=C1C(O)C
2343,2377,CCCCOCCCS1CN=CNC1
2344,2378,CC(OC1=CCCCOC)=NC(C)C1=C
2345,2379,CC(CC=O)(O)C1=CC=C(Cl)C=C1
2346,2380,N#CCC=CN(N)CC(Cl)C=C
2347,2381,CC(=O)SC(=O)OCC=CSC1=CC=CC=C1S#N
2348,2382,CSC=C(CC(C)O)OCCCC(=O)NC(=O)O
2349,2383,C1CCCC=CC=C(N)C(=O)C=S1
2350,2384,CC=CC1=C(Cl)N=CCC1CCCC
2351,2385,NNCCC
2352,2386,O=CC=CCOC(C)=C
2353,2387,OCC=CC=NC(C=O)OO
2354,2388,CCOC=CC=CN=CC=CC=C(C1)C1=O
2355,2389,C#CN=C(S)C1C2N3CCCC2=C3N=C1
2356,2390,NC=CCN=CC=SC=CCPO
2357,2391,C1=CS2CCCCN2OC=CC=C1C
2358,2392,CN=C(CCOCC=CC)OC(N)CCCC=CO
2359,2393,OC=CCCN1CC2=CC=CC=C21
2360,2394,OC(CC)=O
2361,2395,CC(COCCC=CS1=C2C)CC=C1N2
2362,2396,CCC(=O)OCCCN
2363,2397,CSC(=O)C=CC1=CC=CC1N=C2C=C2
2364,2398,CN(O)OCCO
2365,2399,CCNNC=CC=CCC=CN=CS
2366,2400,CC=C1CSC2=CC=CC=C2CC1
2367,2401,COC(C)=NCC(O)CCNC
2368,2402,OCCN(C)CC(=O)C(S)CCl
2369,2403,COCC
2370,2404,COC1(N=CCNC=CC=C1S[NH1]CBr)C
2371,2405,SC=CC(O)CCC(O)C1=CC=CN=C1C=O
2372,2406,CN(F)CC(S)C=O
2373,2407,CC(C)=CC=C[NH1]C(Br)C=CC=C
2374,2408,CCOC(O)C(=O)N=CC=CC=C
2375,2409,CNN(C=CCCC)C=NC1=C[NH1]CNC1
2376,2410,COC=NCOC(=O)CCCCO
2377,2411,C(=O)C(=O)CNCCOC(=O)C1=NONC1
2378,2412,CC(O)CNS(=O)=O
2379,2413,CCSC(C1)C(C)=CC(C=CCl)=CC=C1O
2380,2414,COC=NC(C)CCCNC
2381,2415,C=NCC=CC=C(O)C1S(O)C=NC1
2382,2416,CC(N1)S2(C=CC)=C1NCC2C(C)C
2383,2417,CC(C)C1(O)NC2=CC=C1NOC=CC=CC=C2
2384,2418,CC(N)C(S)=C(O)CS1C=CCN1
2385,2419,OC(C)C(=O)C=C1C=CC=C(Cl)C1(O)C=C
2386,2420,C=CC1=CC=CC=C1CO
2387,2421,O=C(C)CNC1C(C)=CC=C1
2388,2422,CCNCC=O
2389,2423,OCCCCCCCO
2390,2424,CC=CC(C1C(O)=CCl)=CC=C1CCCCC
2391,2425,C1C(C)(CNCCOC=O)OC1
2392,2426,N=C1C=C(O)C(=O)CCNC=C1
2393,2427,CC1=C2C=CC=C1CC=NC=C2N=N
2394,2428,OC(C)C(N1)=CCCN=C1
2395,2429,N=C1C=CC=C1Cl
2396,2430,C#CC=CC=C1C=CC=C(C=C1N)NCCCS
2397,2431,CCS1C=CC=CC1(C=C)NCCC#C
2398,2432,NC=CC=C(S)N=CC=CC=N
2399,2433,CCOC(O)C=CC=C(C)CC=CN=CBr
2400,2434,CCC1CCCCC1C(O)CC=N
2401,2435,CC1CCCC(C)(O)N(C)C=C1
2402,2436,NCCCCCC1CCCC1ON
2403,2437,CCCCC=NC=CC=C(C)CNBr
2404,2438,CC1(CC=CC2=C(Cl)C)C=C2C=CC1=C
2405,2439,C(C)OCCC
2406,2440,NC=CNS=NC=C(CC)ONS
2407,2441,C1(=O)CCOC1CCCN
2408,2442,CCC(=O)C(C)NCCCN
2409,2443,NCC(N)CNCC1CCCC1
2410,2444,CCNCC(N)C1=CC=CC=C1OCN
2411,2445,OCC(=O)NCC1=CN=C2C=C1NC=C2
2412,2446,C=CSC1C=CCCS1C(C2=CC=CC)(Cl)C2
2413,2447,NN(CNC1=CC=CS1)CCNN
2414,2448,O=CC(Cl)=CC(O)(COCCC=CC=CC=C)C
2415,2449,C1CC1CNC=CC2C3=CC=CS=C23
2416,2450,C=12N(C=CC3=CC=1)C=CS3C2
2417,2452,CCCCC(=O)C(C)COC(=O)O
2418,2453,C12C=CC=CC=CC=C=C1N2
2419,2454,CSC(=O)C(O1)(OC(=O)C)CNC1
2420,2455,NCCOCC1OC=CN=C1
2421,2456,CC=CC=C(O)C(C)C(O1)CC=C[NH1]C1
2422,2457,CCC1=CC=C2[SH1]1C=CC=CO2
2423,2458,COC=C(Cl)C=CC=C(C1)CC=CC1
2424,2459,C1=NNC(C)CN(F)CN=CC1
2425,2460,O=C(O)C(O)CNCC(=O)OS
2426,2461,C1NCC2CCCNC2C1=O
2427,2462,C12CC(=O)OC=C1C=CC=C=C2
2428,2463,CCOCON=C1NC(C)=NC(Cl)=C1
2429,2464,OC(=O)CSC(=N)OCO
2430,2465,CC(C)(C)CCOC=NOCOC=O
2431,2466,OC(=O)NSC=NC1(O)C=CCC(O)C1C
2432,2467,OC=CC=C1C=C2C=C(Br)C=C2CC1
2433,2469,CC1OC2=C(S)N=C[NH1]N=C1C=C2
2434,2470,NC(=O)CC(C)NC(C1)OC(C=CC)=C1
2435,2471,C=CCCCCCC(=O)O
2436,2472,CCC(C(=O)OC(=O)CC)CS
2437,2473,CCCC(C)C1C=NCC(=O)C1
2438,2474,CNNC(C)CCCC(N)C
2439,2475,CC#CCCC1CC2=CC=C1C=C[NH1]C2
2440,2476,O=CC=C(CS=NC=C1C=CC=C)N1
2441,2477,CCCCC=CC=CC=C=NN1C(F)=CC=C1C
2442,2478,SCC=C1C=C(C=CC=C2C=CC=C)C=C2N=C1
2443,2479,C1NC2=CC=CC=C2NC=C=N1
2444,2480,CC(CC=C)C(CCCO)CO
2445,2481,O1C=C1CC
2446,2482,CN(O)C(=O)CCCO
2447,2483,CN=CC=C(C)NC1CCCCO1
2448,2484,CC=CC=C(Cl)C=CN(O)S
2449,2485,CCN(C)C=[PH1]I
2450,2486,O=C(NC1=CC=CC=CF)CC=CN=C1
2451,2487,CCOCC(N)C(C)(C)C(Cl)=C
2452,2488,NC=NC#CN1CCCCC1C
2453,2489,O=CC=CC=CN=CNCF
2454,2490,CCCNC(=O)NCOCNC(=O)N
2455,2491,O=C(NCP(=O)C)C1C=CCN=C1
2456,2492,OCCNCCCCCC(NCl)N
2457,2493,NC(N)OC(N)C1(C=CC=C2C=C(Cl)C)N=C21
2458,2494,NC(=O)SC(=O)OCOCO
2459,2495,N1CCC(C)CCO1
2460,2496,CCCCOCC(C)OC(=O)N=COCCCC
2461,2497,OCCOC(=O)CC1C=CC(C12)N=NC(Cl)C=C2
2462,2498,C=1C(=O)OC=1
2463,2499,CCC1CCOC(C)CC1
2464,2500,CC(C)CCCC=CC=CC#C
2465,2501,CC(=O)NN(O)C=CC=C(Cl)C1=CC(C)CC1
2466,2502,NC(=O)OCCCCC(S)C(N)C(C)CC
2467,2503,S=CC=CCN1C=C=CN=C=C1NOC
2468,2504,C1=NC1C2(C)CCCC2C=NCCO
2469,2505,CSC=CC1=CC=C=C=C1COC(=O)O
2470,2506,NCC1C=NCSC(O)S(C)CCCC1
2471,2507,C#CC(=O)NC(=O)OC
2472,2508,CC1C(N)=CC=CSC(CO)=CC=C1
2473,2509,C1CCC(=O)N1C(=O)NC
2474,2510,CCOC=CC=C(CC1NCCC=C1)OF
2475,2511,NC=CC=C(CC1=CC)C(Cl)=CC=C1CS
2476,2513,C1CCC2N(C)CCC21
2477,2514,C#CCCCC=CC=CN1NC=CC=C1
2478,2515,C1CCCC(C)N1N=N
2479,2516,CC=C(N)C(CC)OC(=O)O
2480,2517,CCNC(CCCC=O)(O)CO
2481,2518,C=CC=CC=CC=CC(OC)(S)N=CC=C1C=CC(Cl)C=C1
2482,2519,CC#CC1(C)C=CC=C1C
2483,2520,N1CC(C)COC1=O
2484,2521,CC(N)C=CC=CCCS1C=CCC=C1
2485,2522,C1C=CC=CC(C=CC)=C2C1O2
2486,2523,C1C=CC=CC1=CC=CN=C
2487,2524,NC1CCC2(C)OC=CC=C2C1C=NC=C[NH1]
2488,2525,OCCCNC(=O)CC1CCCNC1CCl
2489,2526,C=CC=CC=CC1=CC=C=C1N=CC=C[SH1]
2490,2527,O=NCC(N)C1NC=CN=C1
2491,2528,CCC=CC(O)C1(C)SOC=C1
2492,2529,C1NCCCNC(CC)CC1=O
2493,2530,CCCCCCN(C(C)CC1CCC)C2[NH1]C12
2494,2531,O=CC=CC=CN=C(F)F
2495,2532,CN=NNCC1CC=C2C=C1CCCN(C)CC=CN2S
2496,2533,CCNC(=O)NNC(=O)CN=CC=N
2497,2534,CS1C=CC=CC1(C=CC)CC
2498,2535,OCC(=O)OC=N
2499,2536,OC=CC=C(F)COC1C=CC(N)S1
2500,2537,NCC(O)=C(O)C(=O)C=CC=C
2501,2538,OCN(C)CCCCC=NC1C=CCC=C1
2502,2539,COCC=C=CC
2503,2540,CCCC(C)C(=O)C(C)CC=C=S
2504,2541,O=NCCCOCCC=SCNCCOCC
2505,2542,CC=CC=CC1=CSC(N)=C1
2506,2543,O1C=CCCCCC1
2507,2544,CCCC(CCCCC1)=C(O)CC=C1
2508,2545,CC=CC=C(N)C(=O)CCCC1CC1=O
2509,2546,CSN(C)CCCCCC(C)O
2510,2547,C=NN=NC=C(N)CBr
2511,2548,O=CC1=CC=CC=C1C(N)C=C
2512,2549,C1CC=CC=C2C=CC=C1C2
2513,2550,CNC(N)C(C)C=CC(Cl)OO
2514,2551,CCC1CCCCC1C=NCOCC
2515,2552,CC=CC=CC=C(O)C=CC1=CC(C=O)(CO)C1=O
2516,2553,CCCCCOC(CCC)NC1=CC=NC=C1
2517,2554,CCCC1CC=CSC(O)C=NC=C1
2518,2555,OC(O)C=CC1=CC=CC=C1CN
2519,2556,CCCNC(O)O
2520,2557,C1C2(C)NC=CC21N=CC=CC=CC=C
2521,2558,CN=CC1=CC2=C([NH1])C=C1CCC=CC=C2
2522,2559,OOC(C)=CSC=CC(F)(F)F
2523,2560,CN=NC(N1)=C(C)C(O)C(O)SPC=C1
2524,2561,C1C=C=C1C
2525,2562,C1OCCCN=NC=C1
2526,2563,CC(C)=CC=C(C)SC=CCl
2527,2564,CCCC(=O)C(O)=CC=CC1CC=CC=C1
2528,2565,CC=CC=C(O)C(C=C(Br)Cl)=N
2529,2566,CNCC
2530,2567,COCOC(N)C(O)CC
2531,2568,NCC[NH1]C=O
2532,2569,NCNN1CCCCC1CCCC=O
2533,2570,O=C(C1)CC=C(Cl)C1C=NC(=O)C=O
2534,2571,OCCCC(=O)NC(C)(O)O
2535,2572,N#COC(=O)OCCCCC
2536,2573,O=CC(=O)CCC1CCCCN1
2537,2574,CC=NC=O
2538,2575,CCCC=CC(=O)NCC1CCOC1(C)Cl
2539,2576,N1=CC2=C1CCNC2CCl
2540,2577,N=C(O)CC1OC=CC=C=CC1
2541,2578,CNC(C)OC=CC=CCBr
2542,2579,O1SC=C1C=CNC=CC#C
2543,2580,CCC=NN(C)CCC(=O)NOOC=CC=C
2544,2581,NOC=NNCCCC(=O)CCCC
2545,2582,CC=CSC(C=O)COC
2546,2583,CCC1=NCCC(C)=S1O
2547,2584,CCC=CC1C=2CC=CC=C1C=NNCCCC=2
2548,2585,CN=C(F)C(=O)C
2549,2586,CNC=NC(N)CC(=O)CC=1CC=1OC
2550,2587,COCCCCCCC1CCCCC1
2551,2588,C1NC(C)=CC=CC=CS(O)CCC1
2552,2589,C1C(=O)COC(=O)N1CCOCCOC
2553,2590,CC=CC(SC(S1)C2=CC=CC)=C2C1
2554,2591,C1COSN1CS2C=NCOC(Cl)C=CC=CC=C2
2555,2592,CC(O)C(=O)CCC=CN=CC=CC=C
2556,2593,CN=C(C)COC=NC=NCN=C
2557,2594,CC(CC=C)C=CC(=O)CCC1CCC=CC=C1CNC
2558,2595,CCC(=O)OC=C(CCCl)O
2559,2596,N(CC(C)CN)C1C2CCC=C1C2=C
2560,2597,CCCC(C)CCC
2561,2598,NNCCCC=C(O)CN(Cl)SCl
2562,2599,OC1=CC2=CC=C1C(C)C=CC=C2C
2563,2600,CCC1=NC(O)=CC=C1[SH1]O
2564,2601,CNC=CCP(NC)(CC)(O)CC=C(Cl)CNCl
2565,2602,CCCC(N)C1CCC(=O)NC#CC1
2566,2603,NCC=NN1C(C)=NC=C1
2567,2604,CC=CC=C(O1)C(O)C=SN1
2568,2605,CC(C=CCCCC)CCl
2569,2606,CCCNC(=O)CCC(C)CNC=N
2570,2607,NC(=O)OC(N)CCC=N
2571,2608,COC(=O)OC(=O)OC(O)C#COC
2572,2609,CC(C)COC=CC(C[NH1]C1=NC=CBr)C=C1O
2573,2610,CC(C)C(C)=C1C=SC=CS1(Br)(O)C
2574,2611,CC=CC1=CC=CC=C1CN=NCC=O
2575,2612,CC=NCOC=CC1=CC(S)C=C1
2576,2613,C1=CC=CC=C1N(O)C=C
2577,2615,NC(CCCC1CCC2CC1)NCC2
2578,2616,CCC(C)CC=CCCS(O)C#N
2579,2617,CCC=CC=C[NH1]C=CN=CCl
2580,2618,COC(=O)NC(=O)NO
2581,2619,CC(C)SCCCC(C)=CC=CC=CC(C)Cl
2582,2620,N1C(=O)C=CC=CC=C1C=O
2583,2621,CCCCC(=O)SC(O)C
2584,2622,NCNC=C(N)C(=O)OOC=CC=CC=C1C=C1O
2585,2623,O=C(F)C=CCCC(O)=CC=C=N
2586,2624,CCS(C)OC(=O)CC=CNCC(N(C1)OC=C)=[SH1]1
2587,2625,N1CCCCC1
2588,2626,NCCC(=O)C1CCCCC1
2589,2627,O=C(O1)C=CC(N)C1COC
2590,2628,CC(O)C(O)C(=O)C(O)SCN
2591,2629,OCC=CC=CC=C=C(O)Br
2592,2630,O=C1N=C(C=CC)C2SOC=S=CC12
2593,2631,CC=PC=CC=C1C(=O)CC=C1
2594,2632,CCCCC(=O)NC
2595,2633,O(C)C=C(C)N=CC=CC=N
2596,2634,CSNCCC1(C)NCC(=O)N=CC=CC1
2597,2635,CC(N)C(=O)OC1=CC=CC=C1O
2598,2636,C=NCON=CC(N)C(=O)OOC
2599,2637,CNC
2600,2638,CCC1CCCCCC1
2601,2639,NC(=O)C=CC=CC=CCI
2602,2640,CC=C1C(C)=CCC(Cl)S1
2603,2641,C1=S[NH1]OC#CCSC=C1C#N
2604,2642,NC=C(O)C=CC=CC1C=C2C=C1C=C2
2605,2643,OC=CC=CC=NC#N
2606,2644,COC(C1)=C(C)OC=C1
2607,2645,NCN(C)CCOC=CC1=CC=CC=C1
2608,2646,C=CNSC(O)C(=O)OCC
2609,2647,C=1N=CC=C[NH1]CC=CN=C=1
2610,2648,OC=C
2611,2649,CS(O)C(C)CCCCCC
2612,2650,C12=CC=C1N2CNCOCOC=C=C=C
2613,2651,CCN=NNCNC=CC(C=CCl)C
2614,2652,C1NCSCCC(C)CCCC1
2615,2653,CCC=C(S)N=NCS(N1)=CC=CC=C1O
2616,2654,NC=NC(=O)NC1N=C(O)C#CC1
2617,2655,CCC1CCNC(CC)CNCCC1(O)O
2618,2656,CCC(=O)N=CC=C1CNC(CN)C(C1)C
2619,2657,NCNC=C(C=NC1C=CC)C1Cl
2620,2658,C1C=CC=CC=C1C=O
2621,2659,C=CC1=CC=CC=C1OC2CCC(N)C=C2
2622,2660,C1NCCCCN1
2623,2661,CCC=1CCCCC=1
2624,2662,O=C(O)C(C)=CCOC(N)C(=O)C=CC=C
2625,2663,C1C=CC=C1NCC(O)CCCO
2626,2664,NNC(C)NCCCCOC(C)=O
2627,2665,CCCCCC(C)CC1CC2CC=C1C2C=C
2628,2666,CCCC(N)CCCC1CN(O)C=C1N
2629,2667,CC=C(CC=CC=CCC=O)CCl
2630,2668,CC=CNC(CC1CCO)C1(C)C=CN=CC#C
2631,2669,CC=CC(C=CC)=C(C)CBr
2632,2670,CC=C1CC=CC=C(C=CC)C1
2633,2671,C(CNNC(C)OC)(=O)OO
2634,2672,CC=C(CC=O)CCCNC
2635,2673,NNCCCCNC(=O)C=O
2636,2674,OC(C(C)=CO)N=C1C=CC=C1
2637,2675,C1CC2=CC=C1OC(Br)OC=NC=C2
2638,2676,N1C2=CC(Cl)C=C2C=N1
2639,2677,CC=CC(C=C(C)C)=C1S(O)=CC=C1
2640,2678,OCC(N)C=NC=C1N(O)CCC1C
2641,2679,C1CCCC=CC=C[NH1]1
2642,2680,C1C=NC=CC=C(CN)CC1=NC=NN
2643,2681,BrC=C(O)OC(CNCCC(O)C=CC)=O
2644,2682,CC(N)C=CC1=CC=CC(N)=C1
2645,2683,CC(=O)CCC(N)(O)O
2646,2684,CNC(=O)NSC=CCC1=C(Cl)C=C1
2647,2685,CNC#N
2648,2686,CNC(O)C=CC=C1N=CSC=C1
2649,2687,CC(=O)NC(=O)C1=C(C)OC(Cl)C(N)C1=O
2650,2688,CC(C)=C(O)Cl
2651,2689,CCC(N)C(NCO)P=NC1C=CC=C=N1
2652,2690,NC=C1C=CC=C(N)CC1
2653,2691,CCC=CC=CC=C(SS)CBr
2654,2692,CC(C)CCCl
2655,2693,CCCNCNC=NC1C(C)C2C1=C2
2656,2694,CCC(C)OC(=O)N=C
2657,2695,CNCC(=O)CCC(O)CCC1=NC=CC=C1
2658,2696,NCOCC=CCCC=NCSCC1CC=CC=C1
2659,2697,CCN(C)C(=O)OC=CC1=NN=CN1C
2660,2698,O=CC1=CC=C(Cl)C12C(=O)NC=C2
2661,2699,CCC=CCC(C1)=C(CC=C1C)CC=CC=C2C=C2
2662,2701,C1CC[NH1]COC(C2)(N)C1CC2
2663,2702,OC(O)OC=O
2664,2703,CC(CC=O)O
2665,2704,C1NC=C(Cl)C1CNCC=O
2666,2705,OCN(C1)NC2=CC=C1C=C2
2667,2706,CCCCCCCCC(C1)O1
2668,2707,CC=CCC=C1C(C)=CC(N)=C1N
2669,2708,NC=CC=C(N=CNS(F)=C1C=CC)C1S
2670,2709,NCCCC(COC(N)C1)(O)NCCC1
2671,2710,N=O
2672,2711,CN=C(C)CC1CCCC=C1
2673,2712,NNC(=O)C=C(S)CCCOC=CCCN
2674,2713,C1C(C)ON2C=C3C=CC2NC3C1
2675,2714,C=C(O)C(=O)CCSSCCC(C)CC
2676,2715,C1NC1(C)C=NC=CCCC=C[NH1]C=C
2677,2716,CC(O)=C(C)OC(=O)OC=CC=C(N)CC=CO
2678,2717,OOC(CCCC(C)C=CC=C[NH1]C1)=C1O
2679,2718,NCCC=CCC=CC=CCN=C
2680,2719,C1CC(Cl)C=C(O)CC1=O
2681,2720,CC=CCSC=CC=CCCl
2682,2721,S1C=N1
2683,2722,CC(C)=CC=CC(F)(N)N=CC(=O)O
2684,2723,O=C(O)C1(C(F)CCCCS)C=C1C
2685,2725,C=COCBr
2686,2726,CC=C(O)C(=O)OCCCBr
2687,2727,OCC(CCCN(O)CC)=CNC(=O)O
2688,2728,NC(C=C1C2)=CC=CC=C2S#C1
2689,2729,C1N=C1CCCCS(C)F
2690,2730,CCCCCCC(C)NCCCC(=O)C(=O)N
2691,2731,O=C(COC(O)C)C1CCCC1
2692,2732,C=CSC=C1C=CC=C=C1
2693,2733,C1CC(N)(NC=C)N=C1
2694,2734,COC=CC=CCC(=O)CCS
2695,2735,OC=CC(C)CNC(=S)CC=N
2696,2736,N=S=CC=CC1=C(N)C(O)C(O)=CN1
2697,2737,CCCOC(=O)SC1NCCC(O)(C)CCC1
2698,2738,NCC(O)C(=O)OC1=CC=CC=CC=C1
2699,2739,C=CC1=CC=CCS2=C1CNCCCCC2
2700,2740,C#N
2701,2741,CC1(C)C=CC=C1CBr
2702,2742,CCCC(O)OC=CC=CC(=O)O
2703,2743,CC(N)C(COC1)COCSC1
2704,2744,C1=C[NH1]1
2705,2745,CCN=C=C(N)C(Cl)C=CC=C
2706,2746,CC=CC1(S)CNCC1
2707,2747,C1OC2=CC=CCC12
2708,2748,C1C=CC2=C(O)SCC2C=N1
2709,2749,NC=CC=C1NC=CC=C1
2710,2750,CCNC(=O)CN=CC=C(F)CN=C
2711,2751,CC=C[NH1]C=CC=C1C=C(C=CC=C1)C
2712,2752,C(=O)OCONCC=NCN=N[NH1]
2713,2753,CNCC[NH1]CC1(O)C(O)C=C1O
2714,2754,N#CNNC1CCC2CC1C3(C)N=CC=C32
2715,2755,BrC(=O)CNC(=O)OC=CCN1C(=O)N=CC=C1
2716,2756,NCC[NH1]C=N[NH1]C1OC=CC=CC1CC=CC=C
2717,2757,O(CCC(C)CC)CNCPC(=O)O
2718,2759,O=C(O)CCOC(=O)CCCCCC
2719,2760,C=NCCC(O)=C1C=C(CCl)C(C)=C1
2720,2761,NC(O)C=N
2721,2762,C(CNOC)NCC1CCC2CNC1N=C2
2722,2763,CCCCCC=CCC(=O)OC=CC=C
2723,2764,N(C)=C1C=CC=C=C1
2724,2765,CN(O)CC(=O)NCC(C)(O)O
2725,2766,O=C(CC=C)C=C1CNCC1CO
2726,2767,OC=C=NCOOC(=O)N=CC
2727,2768,O1C=CC=C(C)OC(C)COCC1
2728,2769,CC(C=CCC=CCCl)=CC#C
2729,2770,C1CC=C2C=CC=CC2C1
2730,2771,OC(=O)S(C)C=1C=NCCC=1C=S[NH1]
2731,2772,CN(CCN[NH1]CN1NCC)C1Cl
2732,2773,C1CC(C)(C)C=NC=NCCP1
2733,2774,CNCOC=C(C=NC1=CC=C2C=C1)NC=C2
2734,2775,OC(=O)CN(O)CC(O)C(O)C
2735,2776,C=CC=C1CC=CN(C)C=CC=CC=C1
2736,2777,COC=CC1=C(C)CCCCCO1
2737,2778,CNS1(N)=CCC=C1Cl
2738,2779,O=CC=C(NCS1C=C)OCN=C1
2739,2780,S=NC(C)C=CC(F)=CC=CS
2740,2781,C=C(C=C[NH1]C=C1C(O)=C)N=CC1
2741,2782,OC=C(C1)CCC1O
2742,2783,OCCOC=CC(N)COC
2743,2784,CC(C1C)CCSC2=CNC1N2CCF
2744,2785,CCCCC(O)S(N)(O)CCCCC=CN
2745,2786,CNC(C)CCOCC=O
2746,2787,N1=CCNC=C2C=CC=CC1=C2
2747,2788,CCCCC(C)=NNC
2748,2789,O=C(O)C1CCCCC1CC
2749,2790,CC=CC(C=CC=C(C)C)N
2750,2791,N=C(O)N1CC(C)(O)NCNNNC=C1
2751,2792,CSC=CC=CC=COC=CC=C(N1)C1
2752,2793,NCCC(=O)C1=NC(O)CCNO1
2753,2794,CNC(OC1)COCNSCCOC1
2754,2795,NCC(=O)O
2755,2796,CCCCC(C(=O)CC[SH1]NO)CO
2756,2797,N1CC=CC=C1N(C)C(=O)O
2757,2798,ClC(C=O)C1CC1=NO
2758,2799,C1C#C1
2759,2800,CCCOCOC=CCOC(=S)NSC(O)CCON
2760,2801,N1C=CC=CC(C)=CC=CC=C1
2761,2802,N1CCCC(O)=S1=O
2762,2803,O=CC(C)C1N(C=CC=C1)CC(=O)O
2763,2804,CCCNC(O)C(C)=O
2764,2805,COCOC=CC1=C2C=CC=C1OCN=C2
2765,2806,N=CC=CC(SCC1)SC=NC=C1
2766,2807,CCC=C=O
2767,2808,NCC(C)NSCC1C2CCCC1C2
2768,2809,C=CN=C(CCOC(=O)C1=O)C=CC=C1S
2769,2810,CCCC(N)=C(O[PH1]N)C=O
2770,2811,C1C=NC(C)NCCCSC1
2771,2812,CC(C=CC(O)C)NCN(C)CC(=O)C#C
2772,2813,CC(N)(C)COC(O)CCCO
2773,2814,CC(C)N=CC(=O)CF
2774,2815,CCC=C
2775,2816,C=CNC=NC=C(O)OCC=C1C=CC=C1Cl
2776,2817,SC1=CC=CC[NH1]C(C=O)CCC1
2777,2818,CCOC(OC=NBr)=O
2778,2819,NCCCCCCOBr
2779,2820,CC(N)C=C(O)C(=O)NCNC=CO
2780,2821,O1CCC(O)C1Cl
2781,2822,CCC=CC1=CN=CC=C1[NH1]Cl
2782,2823,O(C)C=CNC=CC=C(C1N)CC=N1
2783,2824,CCCC(N)C=CC1=CC=CC=C1
2784,2825,CN(C)OC=NCC(C)=CC(C)C(=O)O
2785,2826,CNC=C(NC(O)C=C[NH1])C1=CC=CC=C1
2786,2827,CC1=CC(NNC=NC=CC)(O)C1CO
2787,2828,C(C)(N)C(N)CCONC=C
2788,2829,CNC=CC(C)C(C1=C)C=CC=N1
2789,2830,CC=C(CC(=O)OCC)N=O
2790,2831,C1=C(C)CC(N)=CC=C1Cl
2791,2832,CCC(O)C(O)CNC1=CC=CC=N1
2792,2834,C1OC(=O)C=C1C(=O)N
2793,2835,CCOC(=O)CC(=O)CF
2794,2836,N=CCCCCCC1CN=C=C=C1
2795,2837,NCC=CC(O1)C(CCC)C1C(=O)O
2796,2838,NC(=O)C1=CC=CC=C1
2797,2839,C1OC(=O)C2(C=C3C=C1S2)NC3
2798,2840,C1C=C(CC=N1)C=O
2799,2841,C1#CC12C=C3C=C[NH1]C=C3NC2C
2800,2842,C1N=C1CCCOC=O
2801,2843,ONCOCCl
2802,2844,CC=CSC1=CC(=O)NC(C)=N1
2803,2845,OCCC1C=COC=C1C(=O)OC
2804,2846,C=CSC=C1C=CC2=CC=CC=C2CCC1
2805,2847,CC=CC=CN=C1[NH1]C=CC=C1NO
2806,2848,COC1=CC=COC=CC=C(CCl)C=C1
2807,2849,CN=C(COC)C=O
2808,2850,OCCNCCCCC=CC
2809,2851,CCCCCC[NH1]COCSC(C)CCC
2810,2852,CCOCC1CCCCCNC1C
2811,2853,C=C(C)C=NC(Cl)NCC(C)C=CO
2812,2854,CCOC(=O)C(N)NC=CC1=C(Cl)C=CC=C1
2813,2855,C1OCCCCC1(NCC2)C(S)C=NNN=C2
2814,2856,CCCC(C)CC(=O)O
2815,2857,OCCCC1CS2C=C1C(O)CC2
2816,2858,C1OC=C1NC(C)=O
2817,2859,C1=CC1CC(N)Br
2818,2860,CCN1C=CC=C2S1CCNC2
2819,2861,C=CC=C(C)C=O
2820,2862,CS(C)N
2821,2864,CCCCCCC(C)C=CC(N)C=O
2822,2865,C=1CC=CC=1C=CC(C2=C(OC)OC=C2)N
2823,2866,C#CC(C)CCCCC=CC(C)(C)CCO
2824,2867,OC(=O)CNC(C=SC)SN=C(C=O)O
2825,2868,CCC=CC(C)(N)C1C=CC=C1
2826,2869,CSC=C1C(O)C=CS1C2CNCCN2
2827,2870,CC1=CC=CCNCC1N=C
2828,2871,CCC=C(C)C(=O)CCl
2829,2872,CCC=C(C)C1=CC2=CC=CC=C2S1
2830,2873,O1CCNCC2C[NH1]C=CC=C2C=C1
2831,2874,NC(C)(O)C(C)CCC(O)CC=CC=C=C
2832,2875,CC=CC=C(N1)C(C)=CCO1
2833,2876,COC=CC=CC=N[NH1]C(S1)(F)O1
2834,2877,NC=CC=C(C1C=NC=C2C=CCO2)N1
2835,2878,O(CCOSC(F)OC=S)C
2836,2879,CC=CC1(C)NC2CC=CC=C2[NH1]1
2837,2880,N1CNCCCC(C)(O)C1
2838,2881,C=NNC=N[NH1]CC(=O)COC=NCO
2839,2882,C=1C=CC=C(O2)C=1CNC2C
2840,2883,COC=CC=C(F)CNCN=C
2841,2884,CNC(=O)CCOCC12C=CC=CC1=C2
2842,2885,CNC1=CC=CC=CC=CC=C1
2843,2886,CCCCCCCC(N)CC(O)=O
2844,2887,OC#CNC=CC=CC=CCNCNC
2845,2888,COCC=C1C(=O)C=NC=C1C
2846,2889,NC=NCCN(O)C(=O)O
2847,2890,O=CCCNCCCC
2848,2891,N=CN=C1C=CC(Cl)=C1
2849,2892,CC=NC=C[NH1]C=NC=C1C=NC=CC=C1
2850,2893,CCNC=C(C1)C=C(Cl)CC=C1
2851,2894,NC1C=CNNOC(=O)OCN1
2852,2895,CC1CC=CC2=CC=CC=C21
2853,2896,CCC=CC(CC1=CC)=CC=C1Br
2854,2897,CCCC=CC=C1N(C)CC=C1C=O
2855,2898,CCC1N=CC=CC=C1
2856,2899,CC1(O)C(=O)C2=CC=CC=C21
2857,2900,NCCC(=O)N1COC=NC1
2858,2901,CC(CCC(C)CCCCC1)C=NCCC1
2859,2902,C(=O)C=CC(C=CCO)C(=O)O
2860,2903,CSC(=O)NCCC(N)=NCC=O
2861,2904,CCC(C(=O)C1=C2C=CC=C1S=NC)CCCO2
2862,2905,COC(=O)OC(=O)C=CC1CCC2=CC=CC=C2C=C1
2863,2906,CCC=CC1=CC=C(N)C1
2864,2907,CCCCC(C)O
2865,2908,CC=CC=CSC(C)NC1CCCC1
2866,2909,N1C(N)S(C)C=C(C(=O)C)CC=CNC1O
2867,2910,CC=CC(C)=CC1=CC=CN1
2868,2911,O1S(C=O)C=CSC(F)=C1Cl
2869,2912,O=NC=C(CCC=NN(N)C)CCC(=O)C=O
2870,2913,C=CC=CC1=CC=CC=C1
2871,2914,CC=CCCC1=C(O)CC=C1CCC2=NC2
2872,2915,CCC=CC(N)C=NCCl
2873,2916,C1CPOCNCCC1
2874,2917,OCCC=CC(=O)OOC(=O)O
2875,2918,CC(C=CNCC1CC)=CCC1=O
2876,2919,N=C(N)C=O
2877,2920,CNC(=O)C=C(O)S1C=C(CC1NC=C2)C2
2878,2921,C1C=CC(=O)C=CC2=C(O)C=CC=C21
2879,2922,CCC=CC=C(CCNC)C(=O)O
2880,2923,CC1(C2)C3CCC1C=CC=C3C=CC[NH1]2
2881,2924,C1C(N)CCCCCSC=C1
2882,2925,OC=C(CO)CCOC=C1C=CC=C=C1
2883,2926,O1C(C)CCNCNC=C1N
2884,2927,CCSC=C1PC(O)CCCC1
2885,2928,OC=NCC=CC=C(O)C=O
2886,2929,CC1=CC=CCC1CNCC=C
2887,2930,CCC(NC=CC=CC=CCCl)CC=S
2888,2931,CC1=CC=C1N
2889,2932,O1C(=O)OC=C2SCC1C2
2890,2933,CNC(N1)C=CC=NC1CCO
2891,2934,CCCCC1OC2CNCC2C1O
2892,2935,CCC=C(C=CS1C2=CC=C)C(C=CC=C2)C1
2893,2936,NCC1C(C=CC2=C1CCC)C2
2894,2937,CCC=CC(C)=C(F)C=CC=C
2895,2938,CNC=CC(C)=CC1=C2C=C3C=C(C=CC=C3CC)C21
2896,2939,C=CC=C(N)C=CC1=C[NH1]C=NC=C1
2897,2940,CC1C=C(C(=O)NC=C1)O
2898,2941,CC=C=C(C)NC=C1C=CC=C1
2899,2942,CC(=NCCC)C=C1CC=CC=C1
2900,2943,CN(C1)CN(C2)NCCC2CC1
2901,2944,NC#CC(=O)C(C)C(=O)CNC1NCCC=C1
2902,2945,NCC1=CC2=CC(=CC=C2)CCN=N1
2903,2946,CC=NCCNC(=O)CCCCC
2904,2947,CCCCC=CC=C(C)CBr
2905,2948,C1=C(OC1=O)OCOC
2906,2949,CNNCNC=CC(F)I
2907,2950,CCC(O)=C(OCC)NSC
2908,2951,S=12=C(C)CC(C=1C=C)C=C2
2909,2952,COS(=O)N=CN(C)CC=N
2910,2953,CC=CC=C1[NH1]C=NN=C1CO
2911,2954,O=CN(O)C(C)(O)C=CC=CC=CCl
2912,2955,O(C)I
2913,2957,O1CC=C2C([NH1]1)C=C(O)C2
2914,2958,C1CCN(C)C#CC=NC(N)=NN1
2915,2959,C1=2C(C(C)C=C1CCC)C=2
2916,2960,COC=C1C=C2NC(CN)C1C2C=O
2917,2961,ONS(C)C1=C2C=CC=C1C3C=CCS3N2
2918,2962,CNOC1C=CC=C2C1C(=O)CCCSN2
2919,2963,CSC=CC=CSC=CC=C(C)Cl
2920,2964,O(O)C(O)N=CC=CCCC=C
2921,2965,O=CC=C(N=CC)C=CCO
2922,2966,CN(O)CCCCCN
2923,2967,SCCCC=NC(S)=NC
2924,2968,N1CC(=O)N2C3CCC2C3S1
2925,2969,N=CN=CC=C(CC1)NC=CC=C1
2926,2970,CC(N)C(=O)C1=COC(F)=C1C#N
2927,2971,CCCCSI
2928,2972,COCON=CSC(=O)C(O)C=C
2929,2973,NC=CC(N)=C(O)CCCOCC
2930,2974,CPC=C(N)C(=O)C=C(O)C
2931,2975,O=C(NCOC1=CCCCC2CC2CCC)C1
2932,2976,CC(OCC)(C)N(C#C)C=CC[NH1]C=C
2933,2977,CC=CC(C)(N1)SC=C(O2)CC21
2934,2978,O(Cl)C=CC1=CC=C(O)C=C1
2935,2979,COC(=O)CC=C(O)CCCC
2936,2980,CSN(N)C(F)=O
2937,2981,CCCC[NH1]SC=CC=C(NP1#CC)CNC=C1N
2938,2983,CCNCCN(C)C1(O)C=CCC1=C=C
2939,2984,C1=CC2=CC=CC=C12
2940,2985,O=CCNC(Cl)OCC
2941,2986,NC=CC=C(F)C(=O)OC=CCCC=C
2942,2987,C1N2NCCC2NNN1
2943,2988,C=C=NC=CC(Br)C1C=C2C=CS1CC=CC=C2
2944,2989,OC1=C(C)OC=C1C=NN=NC=C
2945,2990,CC(=O)NCC
2946,2991,C(C=CC=CN(OC)CC=CC1(O2)N2O)CC1
2947,2993,CC1NN=C2C=CC[NH1]C2=C1
2948,2994,NCCC1CC2CCCC=CC=C21
2949,2995,C=NCSC(C)CCC(C)OC
2950,2996,CC(C(=O)NSC)OC(=O)OC(O)C
2951,2997,CN=CC=CC=C(N=CC1=CC=CC=C1)C
2952,2998,CCC(C(=O)NC)C[NH1]C=CC=CCCO
2953,2999,NC(=O)C=CC=C1S(Br)=C2C=C=C1CC2
2954,3000,C=C(N)SC1CCCCCC=C2C3=CS=C1N=C2CN3C
2955,3001,CCC=CC=CC(CCF)N(CCCC)OO
2956,3002,OCOC1=CC=CC=C1CC
2957,3003,CC=CC=CC(=O)N=CC=C
2958,3004,CC=CC1=C=[SH1]CC2C=NC=C21
2959,3005,CC(N)CNCNCC(C)CC(O)=N
2960,3006,C1CCCC2(C)CCCC2=C1
2961,3007,C1=2C=NCCCCC=C1CCC=2
2962,3008,N1C=C(O)C1CCN
2963,3009,COCC=CC=C(N)CC1=CC=CC=C1
2964,3010,CC1=CC(C=C(Cl)C=CC=C)NC1=O
2965,3011,C=CN=C(COC1Cl)CC=CC1C=C
2966,3012,C1C(=O)CCSC=C1C(C)CCC
2967,3013,CNC1=CC=C=C=C1C(C)C(C)=NC
2968,3014,NC=CCC=C1C=C[NH1]C=C1C
2969,3015,O=C(N)C=CC=C1[NH1]C=CC=C1
2970,3016,CCC(C)C1=NC(N)=CC=CN=C1
2971,3017,COCC=CC1=CCNCC1
2972,3018,CCCCC(C)CCNCCCCC
2973,3019,C(C)OC=CCC(O)O
2974,3020,N=C(N)C=CC=CCCCC
2975,3021,O=C(C)CCCC(C)(C)F
2976,3022,COC(=O)COC(S)C=CCC=C=NC
2977,3023,CC(N)ONCOCSCBr
2978,3024,C[NH1]CCCC(N)=O
2979,3025,CCC(N)C=CNC#COC
2980,3026,NC(N)CC1=NC=C[NH1]C=CC=CN=CN=C1
2981,3027,OCCCCCC=CC=NCBr
2982,3028,CCOC(C)C(=O)CO
2983,3029,C1CCC1CC(C)Cl
2984,3030,C1N=C1CCPSC
2985,3031,FCC=CC(CC)=NCF
2986,3032,C=CC(O)=C(O)C(C)=NCNC=CC=N
2987,3033,OC=CC=NCC=CC=CC(=O)COC
2988,3034,CC(=O)C=CC1C(C)CC1
2989,3035,C1C=NNCN1CC=S
2990,3036,CCCCCCNCCC(=O)O
2991,3037,CC=CN=NNC(N)=O
2992,3038,CCOC(=O)CCC
2993,3039,CCCCC(=O)NCC=CC1=CC2=CC=C1C=C2
2994,3040,NC=CNCNC(=O)CCCC=C
2995,3041,C1C=C(C)N2C1C=CSC=CC=CC=C2
2996,3042,CCCCC(N1)=N1
2997,3043,CC=CC=C(O)COC(F)C1(C)NCCC1
2998,3044,CC(CC(F)=CC1=C)C=CC=C1SS
2999,3045,C=CC=1CCNC=1C(N2)C2
3000,3046,O1CC1CN2C(=O)C=CN(O)C=CC=C2
3001,3047,CC=CC=CC1=CC=CC(N)=C1F
3002,3048,CCC1CCCN1C(C)I
3003,3049,C1OC(=O)NC(=O)CC(C)(N)C1(C)O
3004,3050,COCOC(N)CCC(C1)CCC=CC=CC=CC=C1
3005,3051,OC(C)OC(O)CCCCC1(O)COC1S
3006,3052,CC(N(O)C=CCC)NC(C=C(Cl)C=NC)=CN
3007,3053,CC1C=2CC3C1C=2C=NSC3
3008,3054,C1N=CN(C)C(C)C=C1
3009,3055,C=CSCOC(=O)CCC=CC(C)=CCl
3010,3056,CNCl
3011,3057,NC=CC(F)=CC(C)=SF
3012,3058,CCNC1C2=CC=CC1(C=CC=C)S2=O
3013,3059,CCCCCC(N)CC(C1)=CC=CC=C1C=CCCO
3014,3060,CCCCCOC(=O)OP
3015,3061,PC=CC=CC1=CC=C(Cl)C[NH1]1
3016,3062,C=CN=CC(=O)C=O
3017,3063,CCCC(O)N(OC)C=O
3018,3064,CC=CC=CC=CN=C(F)C(CN1)=C(NC)C=CC=C1
3019,3065,CCCCC(S)=NC=O
3020,3066,CC1OCCCCC(O)C(O)=C1
3021,3067,CCN=CC(=O)N(C1)CC=CC=C1
3022,3068,CCOC(=O)C(C)CC=C1N=CC=C(C)C1
3023,3069,BrNC(=O)OCCCCOCC=CC=C
3024,3070,CC=CC=C(O)F
3025,3071,CC=NC(C)(O)C(C1)=CC=CC=C1
3026,3072,CCN(O)CCCCC(C)C(=O)OCCC
3027,3073,CC(C)CNCCCCCC1C=CC(C)=N1
3028,3074,O1C=C2C=CC=CC1C2CO
3029,3075,CCCSCC=CC=CC=C(F)Cl
3030,3076,CC(C)CCCC#C
3031,3077,CC(C)CC(C1)CCCCC1CCCC
3032,3078,O=C([NH1]SC1=O)NOCCCCC1N
3033,3079,O=C(C1)CCCCC(=O)NCNC=C1
3034,3080,CNC(=O)ONC=CC1C=NC=CC=C1Cl
3035,3081,CSC=CC(=O)C(C)CCC
3036,3082,CC=NC(=O)NC(=O)C(C)(C)C=NC
3037,3083,CCS1C=CCC=C1C=CC=CC=CC(Br)CCC=N
3038,3084,NC(C)=C(N)C(=O)CSCOCN
3039,3085,COC=CC=CC=C[NH1]C(=C1)NC=CC=C1
3040,3086,CS#N
3041,3088,CC(=O)NC(=O)OC(=O)O
3042,3089,C1C=C(N)NC=C(C)CC1=O
3043,3090,COCCCNN=CC=CC#C
3044,3091,C1CCCCCCCO1
3045,3092,O=CC(=N)NC=NC1=CNC(C)O1
3046,3093,CCC(CC=C1SNC=NC)=C1CCC#N
3047,3094,CCC=NC=S(C1C)CCCCC1CO
3048,3095,CNCC(=O)OC(N)COCOCBr
3049,3096,C1OC1CC(CC2=C)C=CC=C2
3050,3097,C1C=COCP1(=C)C=O
3051,3098,CCNC1CCCC=CCCC=C1
3052,3099,NCCC1OC=CC(C)=CN=C1
3053,3100,NCC(=O)NC=CNC=CCN
3054,3101,O(C=CC=CC=CC(Cl)CN=CC)I
3055,3102,CC=C(N)C1C=CC=C1
3056,3103,NC1=NC(=O)NCCCC(Cl)=C1
3057,3104,C(C)Cl
3058,3105,CCN=CC(=O)CC(C)=CNC1C=C1O
3059,3106,C(N)=CCC
3060,3107,CCCCCC(=O)C(Cl)C1=CC=CC=CNC1CS
3061,3108,N1=C2CC=NC(C)C2C1
3062,3109,CCC=CNC=C(Cl)CF
3063,3110,C(=O)OC(=O)NC=CC=CC(C)C(O)SCF
3064,3111,CC=CC(C)(C=CN=C1COCCC)C1CCO
3065,3112,C(C)NCCOC1CNC(C)C(=O)CC=C1
3066,3113,BrOC=O
3067,3114,CCCCC=C(C)C=CC(C1)=CC=CO1
3068,3115,O1C=C1OCCCCCCO
3069,3116,CN=C(CCC1CCN2C1)CCC(=O)N2
3070,3117,OC=CC=SOC(=O)CCCCl
3071,3118,CC=O
3072,3119,O=C(N)C=CC(=O)C(C(O)NC=N)CO
3073,3120,CN[NH1]SCC=C1C=C(F)C(=O)CC(N)=C1
3074,3121,CCOCCC=CC=CC1=C2C=CC=C1N2
3075,3122,CCC#CCNN
3076,3123,CC=CN=NNC(=O)COC=CC=C(N1)C1
3077,3124,C1C=CCCCC1=C
3078,3125,CC(=O)CC=NC=CC=C1C=CN=C=C1O
3079,3126,C=CC=CC(C)=CN=NCC=CS#C
3080,3127,C(C)CC1CC=2CC1C=C=NC=CC=C(Cl)OC=2
3081,3128,C=1OC(=O)[NH1]C=CC(C)C=1
3082,3129,COC(=O)N(C=CC=C1CC2F)C=CC=C2C1O
3083,3130,NCN
3084,3131,NC(=O)N=NNCCCCCO
3085,3132,NC1=NC=CC=C1C(C2)=CC=CC=C2
3086,3133,CC=CC=C[NH1]C=CN=C1C2=CC=CC1C2
3087,3134,O=C(O)COCC=CO
3088,3135,C1=CC=CC=C2[NH1]C=CN=C2C1
3089,3136,CC=CC(C[NH1]C1OCS)C=C1CN
3090,3137,C1COC=CC(F)NCC1=CC=NC[NH1]N
3091,3138,CCC=CN=CN1N=CC=C(N2)C12
3092,3139,NCC(C)NCCC=O
3093,3140,CC(O)C(=O)NC(C)=CC=C(Br)CO
3094,3141,OC(C)COC=NC1=CC=CC=C1
3095,3142,OCC=CC=C(N)C=O
3096,3143,CCCCC=NCC1=CC=CC=C1C=C
3097,3144,C1NCCS1NCCCCCC
3098,3145,C1OC=CN=C1CCCC(S)CF
3099,3146,CS(N)CC(=O)O
3100,3147,CC#CCC=CC=C
3101,3148,S(CSC1)=CC=CN=C1
3102,3149,CC=C[NH1]CC1C=CC(Cl)S1
3103,3150,OCC(CO)N=C(Cl)CCCC=C[NH1]
3104,3151,CCCCC1(C)CCC=CNC=CC=C1CN
3105,3152,C1CC1CCC=CC=CCCC=CC=C
3106,3153,CC=C=CCC1SC=CC=C1
3107,3154,CNOC=CCCC
3108,3155,CC(C)C(=O)CCC1C=CN=C(C)C1
3109,3156,C=12N=CCC=1C=C2
3110,3157,O=C1C(C)C=C2C=C(Cl)C=C2C1
3111,3158,OC1CC=C2CC(Br)C=CN=C21
3112,3159,C=C(S)C=CC=CCO
3113,3160,C1=CC(NC1OC)(OO)CCOC
3114,3161,CNC(=O)CSNCCCN=CC=CC=C
3115,3162,C=CN=CC=CC(=O)NCC=C
3116,3163,NCCNC=CC1=CC=CC(C=CC#C)C1
3117,3164,O(C)C(C)=CC=CC1=CC=C(C=C1C)C=O
3118,3165,CC(CCC)(O)CCCC(C)CCOC
3119,3166,O1C=CC(N)CC=C1
3120,3167,SCC=CCC1(O)C(F)C=C1
3121,3168,C1C=CC=C1NCC=NN=C(C)C=CC=C
3122,3169,CCC(=O)F
3123,3170,C#CC=O
3124,3171,OCC(=C)C(C1CCC2=CC=C)C=C2N1
3125,3172,CC(O)=CC=C(O)C1SC=C(Cl)C=C1
3126,3173,CC(O)CC(=O)C=C(N)C(O)C=O
3127,3174,C=CCC(N)[NH1]C1=CC=CC=C1
3128,3175,CCNC(C)=NC=NC=CC=C=N
3129,3176,CCC=C[NH1]CN=COC
3130,3177,CNCC(CCCCCCC1C2=NCC)C2ON1
3131,3179,NC=CCC1(P)C=CCN1C=2C=C(O)OC=CC=2
3132,3180,COCC1CCCNC(O2)C=CC3=C1C(C)(O)C=C3C2
3133,3181,C=CC(C)NC(=O)N=SO
3134,3182,NC=CNC=CC1=C(S)C(N)C=C1
3135,3183,OC1(C)CCC2CCCCC2C1
3136,3184,O1C=C1NCNC2=CC=CCC=C2S
3137,3185,C=CC=CC=CC1=C2C(Cl)(S)CC2C1N
3138,3186,CC=CC=CSCC=NC=C(Cl)C
3139,3187,CCCC1CSC(=O)S1
3140,3188,CC=1CCOC=1
3141,3189,CCCCCC1C(C)C(C)SC(=O)[NH1]C1=O
3142,3190,CC=CC=CC=CBr
3143,3191,CC=CC1=CC=CC=C1NCCC
3144,3192,CCCC(C)NN(N)C1SC(=O)CC1
3145,3193,NNN(O)NC1=CC=NC=C1Cl
3146,3194,C1C=C(CCO1)CC2CC[NH1]C2
3147,3195,O=CCC(=O)NCC1C(C)=CC1CC
3148,3196,O=CC1=C(N)OC=CC=C1OO
3149,3197,N1=CC=CC=C(C)N=C1N
3150,3198,C=NC=CC1=CC(C)=C1CSC
3151,3199,CNC(=O)C(C)CCCCCCCBr
3152,3200,NCC=S(O)CC(C)C(=O)O
3153,3201,CNSC(=O)C=C(CS1C(=O)N)CC1CBr
3154,3202,C(C)=NC(C)OC=NC=O
3155,3203,CCC(C)(O)C(=O)NC=NCN(S)CCl
3156,3204,CC=CC=C(O)CCCCS=12CC=1OC=C2
3157,3205,NCCC(=O)OCNCC(=SC)OO
3158,3206,CCCC(C)CCCC(N)CCC
3159,3207,CCCCCCC1CCCC(F)(O)CN1
3160,3208,CCC(=O)CCCC1CCCC1C
3161,3209,C1C=CN(C)OCSC=C1O
3162,3210,C=CC=CC=CC(=O)NCC=C
3163,3211,CCCCCC(OC)(O)NCl
3164,3213,BrC=CC(O1)=CC=CC=C1C=C2C=CC=C[NH1]2
3165,3214,CCC(C)SCOC1NCN(C)CS1
3166,3215,CCCCC=NC=C1C=CC=C1S
3167,3216,NC(C(C)N)CN1C(=O)OC(C)CCC1
3168,3217,CCCCCC(C)(C)C(=O)C
3169,3218,OC=CC=C1C(Cl)=CC=C1
3170,3219,CCC=C1N=C(O)C=NCCCCCS1
3171,3220,NCCC=NC=C1NC(S)N1O
3172,3221,CC(=O)C=C(O)C=NCCC=C(S)C
3173,3222,NC1=C=CC=C1C(=O)O
3174,3223,C=PN=CC=CNOC(=O)O
3175,3224,C1N2N1C(=O)OCC=C2N=C
3176,3225,C1CC1(C2)CCCSC2
3177,3227,COCNC=CC=CC=CC=CC#CC(C)O
3178,3228,O=CC(=O)C=CPN1N(C)COCC1
3179,3229,CC=CC=C(C1(CC)C)CCCCCC1=O
3180,3230,CNC=C(O)C=CC(N)(C1=CC=C)NC1
3181,3231,O=CCOCC=CCC=O
3182,3232,C1C=CC=C1CC2=CCC(CBr)C2=O
3183,3233,N1CCC=CC2=C1C=CONCC=CC=C2
3184,3234,COSCCOC1=NC(CNCCCC=CC)=C1
3185,3235,O=C(C)CNC=CN(N1C=CC=C(O)C)C1N
3186,3236,C1CCCCCC2(C)N1C=CC=CC=C2C
3187,3237,NCCCCCNCCC1C(C)=CC=C1
3188,3239,CO
3189,3240,CC(=O)SNC=NC=CC=NC=O
3190,3241,C1CCCC=CC=CC(C)=C1O
3191,3242,C=1SC=NN=NC=C(O)C=1
3192,3243,CC=C(CCCCC(N)=NC=C)C=CC=CO
3193,3244,NC[SH1]CCCCCCSC(=O)O
3194,3245,C=1OC2(C=1C=CC=C2C=O)C=CF
3195,3246,CC1NC=CC=C1C(=O)N(C)F
3196,3247,N=CC=CC=CPC=C(Cl)C1SC1=S
3197,3248,C=CC=CC=CC=CC
3198,3249,NCNC=CC=CC=C1C(CI)=CC=C1N
3199,3250,CCCN=CNC1=CC=C(C)CCCCC1
3200,3251,N=CC=CN=C(OCC)C=C1C=CC=C(F)C1=O
3201,3252,NC1CSNC(=O)N1CCC=C
3202,3253,ClC=CC=CC1=CC1(ONC(O)OC)OO
3203,3254,C(=O)=O
3204,3255,NC=C1C(=O)CCC1CCCC=2CC=2O
3205,3256,CCCCC=C1C=C(Br)C=NC1=O
3206,3257,COC=CC=C(O)C(O)C(C)CC
3207,3258,CCCCCCCCC1CC2=CC=CC=C2C=C1S
3208,3259,OCCC(=O)CC=CCI
3209,3260,O=CC=C(Br)C=C(N=1)CCN=CC=1Cl
3210,3261,C1COC=CC=CC1(C)OC
3211,3262,CC=COCCC(N1)C=CC=CC=C1
3212,3263,C=CNC(C1)CCN(Br)CC=C(C)CO1
3213,3264,CC=CCC=C(O)CN=C1COC=C1
3214,3265,S(C)(C)NCN(O)C1=CC=CC=C1
3215,3266,CCCC=CCC1C=CC=C1
3216,3267,CCCC=C(C1)CC(C(O)=C)S1
3217,3268,CCCNC(N)C=O
3218,3269,CC=C1C=CN=CC=NC2=C(C=C)C=C21
3219,3270,CCCCOC=CC=C(C1=CC=NC)C1
3220,3271,C=CC=CC(O1)C2CC(O)=CSC1C2[NH1]
3221,3272,NC(=O)OC=NC=COC1(N)CC=CC=N1
3222,3273,CCCCCCC1C=CC=C1N
3223,3274,SC#CC[NH1]C(C)=CC1=CC=CC=C1
3224,3275,CCC(=O)NCC=C1N(C)C(N)(Cl)C1
3225,3276,C=CC=CC(CCC)CCCCC1=NC=CC=C1
3226,3277,COSNCNCCCO
3227,3278,NC=CNC1C=C2C=CC=C1OC=N2
3228,3279,CCCC(C)CC(C)CC(O)OCF
3229,3280,CCC(C)OCC(=O)C=O
3230,3281,CNOC(=O)COC=CNCCNCCC
3231,3282,O=C(O1)CCCCC1
3232,3283,CN=CC=C(C=O)C=CC=CC=CNC#C
3233,3284,OOCCC=CC=CC=C1C=COC=C1
3234,3285,C1NC2CNCCC1C=CC=C2
3235,3286,C1CN(CS2N=C1C=CCN=C)CC=C2N
3236,3287,CCCCSC=C1C=CC=CC1=N
3237,3288,C=CC=CC1NC=CC(Br)C(Cl)=C1
3238,3289,C1OC1C=NC=C(Br)CSC(=O)C
3239,3290,C1C(=O)C(C2C1CO)C2C(=O)O
3240,3291,N1NN=CC=C=CC([NH1]C=C1Cl)=NC=C
3241,3292,O1CCCCCCCN1
3242,3293,CSC(C12)=CC=C[NH1]C3NSC=CS3NC1=N2
3243,3294,OC=C(C)C=CC=CC1=CC=C(O)C=C1
3244,3295,N1CN=NN=N1
3245,3296,CC=CCCCP1(=O)OC=NNCNC1CO
3246,3297,CC#CC(=O)C=C(C)C=SNC(=O)[NH1]O
3247,3298,CCCCCCCCCC#CO
3248,3299,C1#CCCC1
3249,3300,O=CC1=C(CNCNCCCN)CC1
3250,3301,CCOC1=NC=CC=C1Br
3251,3302,CC=S(O)C=CC(=O)C1C=CC=CCC=SCCC1
3252,3303,C1CC2=C=CO[NH1]C21
3253,3304,COC(C)OC(F)C=C(O)C1=CC=CC=C1
3254,3305,CCC(CCC1(S)C2=CC=NCO)C=C1C2
3255,3306,O=CC=COC=CCC(C)NCN
3256,3307,CCC=C(C1)C=CCCNCC1=O
3257,3308,N(=O)OC1=C2C=CC=CS12
3258,3309,C1=2C=CN=C1N=2
3259,3310,C1=CC=C1C=NCCOC=C2C=C(CO)C=C2
3260,3311,CC(C)C1=C(C)CCN1
3261,3312,NCC(N)(O)CC(=O)PON
3262,3313,NC=CC=CC=C(F)CCl
3263,3314,CCCC(CCC(O)O)C=CC=C(O)C(=O)O
3264,3315,C1C=C[NH1]NCS2C=C1C=NNS2
3265,3316,CN1CCC=C1C=CC=C=NC(Cl)(F)F
3266,3317,O=CC(C)(O)OCC=C1C=CC1N
3267,3318,C=C1OC=CC=C1CCC2C(=O)OC2
3268,3319,OCCCP(F)OC1=CC=CC=C1
3269,3320,CCN=C(CCCC1)CCCCC1C
3270,3321,ONCC(C)(O)O
3271,3322,BrNC=CCCC1=NC#C1
3272,3323,CCCSC(=O)C=O
3273,3325,C1C=CS(C)=NC=NC=CC1C
3274,3326,C=C(C)NC=C1C=PCC(N)C=CC1
3275,3327,CC=CC(Cl)CS(=O)O
3276,3328,BrN(O)CCC1=CN(S)C2C1=CC=CC2
3277,3329,C1CC(C(=O)C1)CC2OC2
3278,3330,O=NCC1CCC=NCCC1Cl
3279,3331,CC(C)C(=O)OCC=O
3280,3332,O=C(C)CCP1OCCC1
3281,3333,COC(=O)N=O
3282,3334,CN1C2(C)NCCC3C2=C4C=CC3=C14
3283,3335,O=CCC=CC1=CCC=CC=C1
3284,3336,CC1NCCCCOC=C1
3285,3337,OC(C=CC=CO)C=CC1=C(S)N=CC=C1
3286,3338,C=CC=CN=CCC=CCCCCN=C
3287,3339,C(OCC)=S1C=CC=CC=C[NH1]1
3288,3340,SC1C=CC=C(Cl)COC=CC=C1
3289,3341,CC(N)C=CC=CC1C=CC=C(Br)C1
3290,3342,C=CN=C[NH1]CN=C1C(=O)OCC1=O
3291,3343,C1NC=CC(C)CCC=CN=C1
3292,3344,CCNCCNCCC(N)N=NN
3293,3345,COCC=C(C)CCCN=CC=CC=C
3294,3346,BrC=C(OCCCCCCC)C1CC1
3295,3347,CNCC(C)=CC=CC=CC(C=C)(F)C=N
3296,3348,CCC(C)N(C)C1CC(O)C=N1
3297,3349,CCCCC=CC(=O)NCC1=CC=CC=C1C=C[NH1]
3298,3350,NOCCC1C=CC(N=C1C=O)C=C
3299,3351,C1C=CCC=C1OOCNC=O
3300,3352,NC1SN=CC=C1
3301,3353,CC=CC=CCONC1C=CC=CC=C1NC=N
3302,3354,CN=CC1=CC=CC=C1
3303,3355,CC(N)(C)C(=O)C1C=CCN=C1
3304,3356,CCCCNCl
3305,3357,C1=CC=CC=C(Br)C=C1O
3306,3358,O(C)C=CCOCCC=CC=NCCCCC
3307,3359,C1SC=NC=C1C=O
3308,3360,FC=C1C=CC=CC=CSSS=C1
3309,3361,C[NH1]CCC=C(CC=CCC=CC1=C(C)NN=C1)O
3310,3362,NCC=C(CO)C=O
3311,3363,N=NCN1C(C(=O)N)=CC2(N)C=NOC=C21
3312,3364,CCCCC=C1C(OCC)CC(=O)C=C1C
3313,3365,N1=C(F)CC=CC=C1COC(=O)O
3314,3366,NC(C)C=CC=CC=CC=C(S=C(N)C)C=NC=CO
3315,3367,CC=CC=C1N=C(NC)NCNC=N1
3316,3368,OC=CC=CC=C(F)CC#N
3317,3369,C=C=C=NC(C)CCCNCCC
3318,3370,C=NCC(=O)C=CC=C(C)OC(=O)NN=C
3319,3371,CC(=O)C(O)CC1CCCCC1=S#N
3320,3372,FCCC(O)N=CC=CC=C
3321,3373,CNC1=C(O)C=CC=C1CF
3322,3374,C=CC(C1CCC)=C2C=CC=CC2=C1
3323,3375,C1CCCCCCNC=C1
3324,3376,COC(=N)C=NC1=C(C)CCC=C1Cl
3325,3377,CC=C(NC=P(O)=CC)CC=CS1C=CC2N1S2
3326,3378,NC#CC=CC(Cl)=C(C)OC=C
3327,3379,O=C(S)N1C=C(C)[NH1]C=C1O
3328,3380,CCCC(C)=C(F)C1=C=NCC2C1C2
3329,3381,CC=CC(=O)NCC
3330,3382,C=C1CNCCCN=[PH1](NC)C1
3331,3383,NC(CPC=CC=CO)O
3332,3385,O1C(N)C1COC(=O)N
3333,3386,O1CC=N1
3334,3387,CCCOC(=O)C=C(C1)CCCCOC=C1
3335,3388,CC(=O)NC=NC(O)N=O
3336,3389,C=C1C=C(NCC2CC)C1=C2C
3337,3390,COC=CC(Cl)C=C(Br)CC=C
3338,3391,NCP(=N)CCC(CCC)COC
3339,3392,CC=CC(C)(O)NC=C1C([NH1])C=CC=C1O
3340,3393,CC=CC=CC1=CN=C(Br)C=C[NH1]1
3341,3394,CCC(SCS1C=C(O)C2C)CC=CC=C21
3342,3395,NC=CC(C)CCNCCCOCO
3343,3396,NCC(N1)CCCCCC=C1O
3344,3397,C=CC=CN=C(Cl)C=CC=CO
3345,3398,SC=CON(N)COS=O
3346,3399,C=CC=CC1=CC=CC=C1C(=O)O
3347,3400,O=CCCC=CC=CC=CC=C
3348,3401,C1C(C=C1)SNO
3349,3402,COC(=O)CCCOC=O
3350,3403,NC=NCOC1NCCCC1
3351,3404,S=C(N1)CC=CCCC=C1CCO
3352,3405,O1CCC=C(C)C1CCCCCCC
3353,3406,C1C(=O)C1COC=CC=CC=CO
3354,3407,NCNC(=O)C(=O)N=CC=CC=C(C)Cl
3355,3408,CC=CC=C(N1C=CC(N2)=C1)CC=CC2F
3356,3409,CC=NN=CC(O)=C(Cl)CN=C
3357,3410,CC=CC1=C(N)CC2=C1C=NC=N2
3358,3411,OC=CC=C=COC1(OC)OC1
3359,3412,NCCCCC1CCCCC12C=NN=C2
3360,3413,CC=CC=CC(F)C(O)=C(F)CC=C(Cl)C
3361,3414,COC=CCSC=CC1=CN=NC=C1
3362,3415,O=SN=CC=CC=CN(C)ON
3363,3416,O1N=C(N)C(C)CCCCCC1=O
3364,3417,CCSNCCCCCO
3365,3418,CCCC(C)=NC=CC=C(NC)CC1=CC=CC=C1C
3366,3419,CC(=O)C(=O)CNSC(O)CCOO
3367,3420,CSC(C)COC=CC=C(O)CO
3368,3421,CN(C)CC(=O)CCC1=CN=CC=C1N
3369,3422,OCNCCCC=C1C=C(Br)CC=C1
3370,3423,C1OC(CCNCCC)CCC1S
3371,3424,O=C(C)CCCCNCCC
3372,3425,CNC=NC(C(C12)N3)C=NC=C1CCC2C=N3
3373,3426,C=12C=CC=1C(F)CC(O)CC=C=N2
3374,3428,CNC1(C)CCC=CC=C1
3375,3429,N1NCC2N1CCN2
3376,3430,NCC(=O)NC(=O)C=C1C=CC=C=S1
3377,3431,CN=C(N)CC(=O)OCOC(O)CO
3378,3432,CN1CCNCC=CC=C1C=CC2N=C2O
3379,3433,CCC[NH1]C(=O)C(CC(C)NC)(C1)C=C1
3380,3434,CCC(C1)COC=CCS(C)(=O)N=C1CN=C
3381,3435,CC1(O)C=CN1
3382,3436,CC1CCNCCCC(CO)=CC=C1N
3383,3437,CCC(C)CC1CCCN1C=O
3384,3438,CCO
3385,3439,CC=CC(CN1)C=CC=COC1=O
3386,3440,O[NH1]C1[NH1]C=C(O)C=CC2(Br)C1C=CC2
3387,3441,CC(=O)C1=CC=C=C=C1NC(=O)OC=CC=CC=C
3388,3442,C(C1)NC(N)(C)C=C(O)C1
3389,3443,C=NC(C)=CC(=O)CN=CC=CC=CCO
3390,3444,ClCCCNC(=O)C=CC=C(N)CC
3391,3445,COC=C=C(C)Cl
3392,3446,CCC(CC)CC(C)=CC=CC=C
3393,3447,O=CC=C(C=CC=O)N=NC=CC#C[NH1]
3394,3448,C1CCCCC=C1
3395,3449,CCNCS1=NCCNCC=NCCC=C1
3396,3450,CSCC1CN(N)C(C)CC1Cl
3397,3451,O1CC(CCCC)C=C1Cl
3398,3452,COC(N)C=CC1=C(Cl)C(F)C=C1
3399,3453,C=CC=C(SCCCC)CCCOCON[NH1]
3400,3454,OC=CC=CCC1=CC=CC=C1
3401,3455,C=C1C2=CC3=CC=C2S3=C1
3402,3456,COC(CC=C)(O)C=CCSC=C
3403,3457,CCN=C1C2=CC=CC=C2SOCN=C1
3404,3458,N1C(=O)NC(=O)C1N
3405,3459,BrCN(CC(O)C1=CC)CC=N1
3406,3460,COS(C)CCNC=C=O
3407,3461,SC=C1CCC=C1CCC=NC=CC=C
3408,3462,O1C(=O)C(CCC2C1C=O)=C2NCC
3409,3463,CCC=NC(O)C(O)CC1=C(C)CCC1N
3410,3464,C1(=O)C(N)N=CC=C1C=C(F)S
3411,3465,SC(=O)OC[NH1]C=C1C=C2C=C1CC2
3412,3466,CC(=O)C=C(O)SOC=C
3413,3467,NC(O)=C(C)CCC(C)OCCCC
3414,3468,NC(=CCCC(F)C=C1[NH1]C)CC=C1N
3415,3469,CCC=NC=C(Cl)C=COCBr
3416,3470,C1OCOC1CCNC=O
3417,3471,OCCC(O)C=C(C)N=CN(C)Br
3418,3472,CC(=O)C([SH1])C=NNC1(C)CCCC1
3419,3473,NC(CCCl)(O)C(C1=CC(Cl)=C1)Br
3420,3474,CC1OC(=O)OCC=CC=CC=C=S1=O
3421,3475,CCOC(C)=NC1OC=CC=C1NBr
3422,3476,CCC=CC=CC(=O)OC(=O)C=CC=CC(=O)C
3423,3477,C1CC(C)C=CC=CC=C1F
3424,3478,CC=CC(CC1CCS)CCC=CC=C1
3425,3479,CC(O)C1CNCCCC1O
3426,3480,CC=CC1=C(O)C=CC=C1O
3427,3481,N=CC=CN=CC1=CC=C(Cl)C=C1
3428,3482,C(O)=CC(O)C(N)CCC
3429,3483,O=CC=O
3430,3484,COC(=O)CCC1CCCC1
3431,3485,CCCC=CC(C=O)=NC#C
3432,3486,CCCOCCCCSCCCCC=C
3433,3487,N(=O)N=C(O)C=N
3434,3488,OCC1=CC=CC=CC2=C(C)C3=C2CC1NCN3
3435,3489,CCC(=O)N(CCC(C1)CC)CC=C1C=CO
3436,3490,C#CC(O)CC=CN=CC=CC=CCBr
3437,3491,SC1=CCCC=CC=C(Br)C(=O)N1
3438,3492,CNCCC=C(C)C1=C=CC=C1O
3439,3493,CC=CN
3440,3494,CCNCCCCN=CC(=O)O
3441,3495,CCC1CC(=O)N2C3CCCNC3CC21
3442,3496,C(=O)C=NC=CC=C(C)C1CCNCCN1
3443,3497,C1C(C)CCNC(F)=CC=COC1
3444,3498,C(N)=C=C(N)C(=O)ONC(N)=O
3445,3499,CCNC(=O)O
3446,3500,COCC=CC1C(=O)C=CC=C1NC
3447,3501,C1C(C=CC=C1CCC)CC(C)=NC=C
3448,3502,C=S(C)C1CCCC2C3CC1=C2C34CCN=CC=C4
3449,3503,CCCCN(C)CC1=CC=CN=C1
3450,3504,CC=C1OCC2CC(C)C1NC=C2
3451,3505,CCCCC(C)(C)CCC(N)C=CN
3452,3506,O=C1C=CC=COC(N)CON1
3453,3507,SC(C)=C=NC=CC1=CS=C2CC=CC=C2N1
3454,3508,CCCCC(=O)NC1C(=O)NC=CN(O)C=CC=C1
3455,3509,C1N=CC2=CC=CCC21N
3456,3510,C=CC=C=CC=C1C=CC(N)C=C1O
3457,3511,O=CC=CC=C(N)CC=C1C=C(Cl)C(O)=C1
3458,3512,CC=C1SC(Cl)CCCCC=C1
3459,3513,CCN=C(C=CCC(C)=C)C=CC=C
3460,3514,OC=C(C)C=CC=CCBr
3461,3515,CC(=O)ON=CC=C1C=CC(=O)C1
3462,3516,C=CC=C1C=CC=CS1C=NCNC
3463,3517,N1C=CCOC1
3464,3518,CCCCNCCOCN=NNCO
3465,3519,O=NN(N)C=C=NC=CS1C=CC(C)=C1
3466,3520,CCC=CNC(N)C1CCCCC1
3467,3521,N=CC=C(C)C=C
3468,3522,CCCNC(=O)COC=NC(CCC)N
3469,3523,COC=C=CC=C(Cl)SC=C
3470,3524,C=C(N)CCCCCCC(N)C
3471,3525,NCCCCC1C(C)CCC1(O)C=S
3472,3526,COC(O)C=CC(C1)COC=CC=C1C#CO
3473,3527,FC=C(C)N1NC(N)C1CO
3474,3528,N1NCC=CCSC=NC1C=CC=C2CO2
3475,3529,CCC(CCCN=CC=CC=C1)(N)C(=O)C=C1
3476,3530,CC1=CC=CSC(C)C1C=N
3477,3531,C1OC=C1CCCCN(O)C(=O)C=CCO
3478,3532,O=C(N)C(=O)NC=CC=CC#C
3479,3533,O1C=C(N)CC(C)CC1CC=C
3480,3534,CCNCC1(C)OC(N)CCC1C
3481,3535,C1=CC=C2C=C1SC=NN(S)C=C2F
3482,3536,C1CCNC(=O)OC(F)=C1
3483,3537,NC=CC=C(C)C1=CC=CC=C1
3484,3538,NC(=O)C=CCCC1=CCNN=C1
3485,3539,NC=CN=C(O)CCC=CC=CC1SN=CC=C1
3486,3540,CNOCC1COC=CC1S(C)CNC(=O)O
3487,3541,NC=NC=C1CC=NCCC(=O)[NH1]C1
3488,3542,NCC(=O)C(C)C=CC=C(C)S=C=O
3489,3543,CCCC1NC23CCCSC1NC2CC3
3490,3544,OCOC1=NCCC1C(O)O
3491,3545,C1N=CO1
3492,3546,N=C(O)C1=C=C(O)CC=CC=C1
3493,3547,CC=CC=C1C2=CC=CC3=C2CCNC31
3494,3548,COCCCCC(C)NC=C
3495,3550,CCCNCCCNC(=O)O
3496,3551,COC1(C=CCC=C1)O
3497,3552,CC=CC1=CC2=CC=C1SC(C)CC=C2
3498,3553,NC(C1C)=CC=C=C1C2=CC=CC=C2
3499,3554,O=CC=C1C2=CC=C(CC=CC=CS23)C13
3500,3555,CCC(N)C=N[NH1]CC(C)=CC=C
3501,3556,NC(C1CC)CCCCCNC1OO
3502,3558,CN=NCC(=O)NOC1(C)NNC1
3503,3559,C=CN1C=CC=C2N=CC=C2C=N1
3504,3560,OC(=O)C(=O)COPCCC1OC(O)C1
3505,3561,NCOC(=O)CCCC1N=CC=NC=C(S)C1=C
3506,3562,CCOOCCC(=O)OCS
3507,3563,CCCCCCOC=CC(NC1=CC)=C(C)N=C1
3508,3564,NN=CS(Cl)C=CC(C)C=C
3509,3565,CC=CCCCCCC(C)O
3510,3566,O(N)C=CC=CCC(N)C1CCCC1
3511,3567,CCCNC=CC1=C(O)S(Cl)C=C1P
3512,3568,CC=CC=CCC(=O)CCNCCC
3513,3569,CC=CC=C1C=CC=C=C1SN=C
3514,3570,O1NCCCN=CC=C1NS
3515,3571,FC(N)=CC=CC=C[NH1]C(=O)O
3516,3572,NCC=CC1=CC(N)C(C)=N1
3517,3573,CC(N)C(C)C(O)CC=[SH1](O)OCO
3518,3574,COC(C(C)N(O)C1=CC)=C(Cl)C=C1
3519,3575,C#CNNCCCCCC
3520,3576,NN=C=NNCC=CSC(=C)OC=C1C=C1
3521,3577,O=C(N1)CCCC(C1=O)SCN
3522,3578,NCCNC(S)(C)CCOCCCCC=C
3523,3579,CC(C)CC1CCCCN1
3524,3580,CN(C)CNC
3525,3581,CCCCCC=CC(=O)OC=O
3526,3582,N1CCC=CC=CCNO1
3527,3583,COC(C=CC=C(Br)C)C=O
3528,3584,O1C=NCC(C)C2C=NC=C2CC1
3529,3585,CS1N=CC=C2CCC(O)=CC2N1
3530,3586,C1CC1O
3531,3587,O1C(C)CCCOCC1
3532,3588,ONCCCCCC
3533,3589,CN1C(C)(CC2=N)CSC1CCC2O
3534,3590,CC(C(C)CCCCC#C)NC=N
3535,3592,O=NC(C=CC=CC1=CC=CN)=C1
3536,3593,OC=CC=NC1=CC=C=CC1F
3537,3594,C=NCNC1CCCCC2CC=CC=C2C=C1
3538,3595,OOC(=O)OCCCCC=NOCCCN=C
3539,3596,FC=O
3540,3597,CCCOC1CCCC=SC(N)=C1
3541,3598,C1NC2C=C1CCC(=O)N2
3542,3599,CC(=O)CCCC=CC1NCC[NH1]C1(C)CON
3543,3600,BrC(C)C=CC=CC1=CC=CSC1
3544,3601,CC1=CNCCC1(O)C=CC(N[NH1])C=C=C
3545,3602,CNCCCCNCCC=NNC=O
3546,3603,CC=CC=C1C=CC=CS1
3547,3604,C[NH1]C(=O)NCCCC1CC=CC=C1
3548,3605,CCC12C=C(Cl)C(CCC)CC(=O)C1=N2
3549,3606,CCCC(C=CC=CC=CO)CCl
3550,3607,CN(N)OCCCCCNCO
3551,3608,COC(=O)N=CC=CC(C)=CS
3552,3609,CCCC1CC=CC=C1OC2C=CC#C2
3553,3610,COC=CC=C(CC=CC12C(Br)=CC1)S2
3554,3611,ClC(=O)OC(=O)O
3555,3612,CC1CCCCCCCC=C1CO
3556,3613,CCC=CCC=CC1=CC=CN=C1CC=N
3557,3614,C1CCCCN1CCCC
3558,3615,CC=CC=C1C(=O)NC=CCN=C1C[NH1]CO
3559,3616,OCCN=C(O)C=CC1=CC=CC#C1
3560,3617,CNC=C=CCC(C)C
3561,3618,CC=SC=C(C)CC(=O)C=O
3562,3619,C1CCC(C)=CN=C(N)C1CO
3563,3620,O=C(O)N=C(C)OC=CC=CC=CCl
3564,3621,C=CN=CC=CC1=C(F)C=CC1=NC=CC=C
3565,3622,NN=CC1(C)C=CN=C1C#CCC
3566,3623,OC=C1COC=CO1
3567,3624,NC#CCO[NH1]C(C)CCCCC=O
3568,3625,NC1CNC(=O)N1C=CC=CC=C
3569,3627,CN(C)CCC(C)COC=CC(C)=NC=CN
3570,3628,CC(C)=CC(N)C=CC=CC1=CC=C(F)N1
3571,3629,CCC=C(C)CCCCCC(=O)NC(=O)OC
3572,3630,CC=CC=C1CCCN=C1CCCC
3573,3631,CCC=C1C=CC2=CC1=CC=C2
3574,3632,O=CCN(Br)C(Cl)OC
3575,3633,NC(C)=CCNC=CC(=S)N(O)CCC
3576,3634,NC(=O)SCNOCC
3577,3635,CC=CC=CC=C(F)C[NH1]C=CP
3578,3637,COCOC=NC1(C)CCCC1CCCC
3579,3638,CCC(O)CCCC1CCC=CC1
3580,3639,C=1OC=CC=C=1
3581,3640,COC=CC=C(Cl)[NH1]C=CC=CC=COS
3582,3641,CCCCC(C)CCCC=CC=C1C=NC=CC1
3583,3642,CCCCCC(C)C1=NC=CC2=C1C=CC=C2C
3584,3643,CC1OC=NC2CC1S=N2
3585,3644,CCCC(C)CC
3586,3645,O=C(C)NSC(=O)OC=CC1(N)NS(F)S[NH1]1
3587,3646,C=SCCC=NCC=NCBr
3588,3647,C(N)CC=CC=CC(C)=NC(=O)N=O
3589,3648,C1=CC(=O)SCC(O)S(N)N1O
3590,3649,C1(S)C=CC1C2=CC=CN=C2
3591,3650,C1CC=CC=CC(C)=C1O
3592,3651,CC(=O)C(O)C1=CC=CC1CCl
3593,3652,C1CNCCCC=CC=C(C)C1
3594,3653,CCCC=CC=C(N)C1=NC=CC=C1
3595,3654,CNCC(N)CCNC1=CC=CC=C1
3596,3655,CC1=NC=NCC1(F)C
3597,3656,OC=CC=C(F)CC=O
3598,3657,O1C=CC=CC=C1C2CC=CC2Cl
3599,3658,CC=C(C1)OC=CCNC(O)CCNC=C1
3600,3659,CCC1C(=O)OCOC#S1
3601,3660,C1CCCCNCCC1
3602,3661,O1NOC(C)CC2CCCC2C1
3603,3662,OC(Cl)=CCN=CC=O
3604,3663,NC=C(O)NCN1CNCC1=C=O
3605,3664,C1C(C=CNCC)OC1O
3606,3665,O1C=C=C(C=C(Br)S1)CCC
3607,3666,NC(=O)CCC=CNCC=NC=CC=C(N)CF
3608,3667,C1CC(C=O)C=CC=CC=CC1Cl
3609,3668,CCC1CCCOC=CNC=C(O)CN1ON
3610,3670,N(C=C1C=C(C)OC=CC=CCCl)=C=N1
3611,3671,CS1(=O)CCCC1C(C2)CCCC2
3612,3672,O(O)C=C[NH1]C(O)OCCC1=CCOC1SC
3613,3673,CCOC1=CC2=CC=C1NC2C
3614,3674,OC=C1C=CCC=C1
3615,3675,CCC=C1N=C2C=C(I)C1S(C)OC2
3616,3677,CN=C[NH1]C1CCC(NCCNC1)CC
3617,3678,C1CCC(=O)CCCNCCO1
3618,3679,CCCSC=NCC(=O)NCOC=CC=CCl
3619,3680,NC(=O)N=CN(C=1)N=CC2=CC=1CCC2=O
3620,3681,CCC1(C)OCN=C1
3621,3682,N1C(=N)N(O2)CCCC1C=CC=C2
3622,3683,CCC=CC=CC=CC(=O)O
3623,3684,SC=CC(C)(C)S1C=CCCC1
3624,3685,OC=C(C)C(Cl)(O)O
3625,3686,C1C=CC(C)=C1C=CC2=C(N)OC=C2C
3626,3687,CCCCC1CCC=CC=CC=C1CCO
3627,3688,COCC(=O)C(CN=C1S)(C)CCC1
3628,3689,CC=C=C(CCC)C
3629,3690,C(C)CCCCCCNSC1=CC(F)=C1Cl
3630,3691,CCC(N)C=CCOC1=C2C=NC=C21
3631,3692,CC(=O)NC(=O)N=C(N)C1CC[NH1]1
3632,3693,CC(NC=O)CO
3633,3694,N1CNC=NCC(N)CCCC1
3634,3695,C1=C(CCC)CCNC1
3635,3696,OC=NN=CC=COCS=C
3636,3697,OC(CC(O)CC)CCCOC=C
3637,3698,CN1C2CCCPC2CCCC1
3638,3699,N#CCC1CCCCC(O)C1
3639,3700,N=C(Cl)NC(=O)C=CC1OC(=O)C=C1S
3640,3701,CCC=CN=C(F)C=CCC
3641,3702,C=1SC(CCC(C)=SCO)C=1
3642,3703,NSCCC(O1)C(C)(O)CC1C
3643,3704,CC=C1C(C)CC(C)OC(C)=C1
3644,3705,COOC=C(O)CNCCCCC
3645,3706,CNC=CC=CC=C(Cl)C(C(=O)C)S
3646,3707,C=C(NC=C(N)CCC=O)N
3647,3708,NNC(O)CC1CCCCCCC1O
3648,3709,C=CC1(NC)NC(O)CCCN1
3649,3710,SCN=NCCN
3650,3711,CC=CC=C(OC)CCCC=N
3651,3712,S=CC=CC=C1C=C(S23)C=CC=C(C=C2C)C1C=C3
3652,3713,CC1(CCC=C2C=CC=C1C)C2
3653,3714,O=CCC=CC1=C2C=CC=C1S2
3654,3715,NCNO
3655,3716,COC=C(Cl)C=CC(=O)OC=C=C=C
3656,3717,N=CSC=CC=C1[NH1]C2=CN=C12
3657,3718,C=1C(=O)CCCCC=1
3658,3719,CN=CCSNC(=O)CCC=CC=C(Cl)C
3659,3720,OCNC(=O)CC=C1C=C(CS#S)C1
3660,3721,O1C(C)C1C(O)C=O
3661,3722,CCOC=CSC(CCN)=CC1=CC=C[NH1]1
3662,3723,CSNC1NCCC1=CCNOCCO
3663,3724,C=C(C(=O)C=1)CCCCC=1C(=O)OC
3664,3725,CCCCOC1=CC=CC=C1
3665,3726,CCC#CCCC=C=C(C)C=CC#C
3666,3727,CCCCC=CC=CC[NH1]C=CCl
3667,3729,O1C=C2N=C1SC[NH1]2
3668,3730,C=CC=C(C1)C=CC=CN(Br)CC=C1
3669,3731,O(C)OCCC(Cl)CCC1SCC(CN)C1=O
3670,3732,CCC(O)COC(=O)O
3671,3733,C=C(NC=CC1=CC2=C)C=CN=C2N=C1
3672,3734,CCC(C)OCNC=O
3673,3735,O=CC=CC=CC=SN
3674,3736,C(C)CCC1CCCOC1
3675,3737,CC=CN=C(I)C(=O)C=CN=CC=C
3676,3738,N=CC(S1C(C)CC)CNC1N
3677,3739,C=S(CC(C)OC(=O)C)CC(O)=C
3678,3740,CCC=CC=C1C=CC=C1CBr
3679,3741,CNCC(N)C1=CC(O2)C3=CC=CC=C2C31
3680,3742,COC(=O)NCSC(S)C=CC1=CC1
3681,3743,OC=C=NC(=O)C=C1C=CC=C(C)C=C1
3682,3744,O=C
3683,3745,C(O)CC(N)=O
3684,3746,CC1=CC=C(C)C=C1NCOCC(=O)O
3685,3747,NCCC=C(O)C=CC=CCl
3686,3748,OC=CC=C(C1COC2=C(C)NCl)C2CCC=C1
3687,3749,OC=CCCCCCC(C)COC=O
3688,3750,C(N)=C(C)C1=C2C=CC=C1O2
3689,3751,N=CC=NC1(CCC)C(Cl)=C1
3690,3752,CNC=C(CCCCN1)C=CC=C=C1NC(NC)=O
3691,3753,COC=CC(C=CC1=CC)=CC=C1
3692,3754,C1C=CC=CC=C2C=CC=C21
3693,3755,NC=CC=C(O1)C(Cl)CC=C1
3694,3756,CC=CC=COC1N=CCSCC=CCN1
3695,3757,OC=C(C)C=NC=NC=C1C=C1
3696,3758,NC=C1C=C(F)N=CC=CNCCC1
3697,3759,O1CC2C1(N)C(=O)C=CC=CCS2
3698,3760,CNCCC1OC(=O)OCCC1=O
3699,3761,CC=CC=CC=C=C(Cl)O
3700,3762,OCC1COC=C1C=CC=C
3701,3763,OC(=O)NCO
3702,3764,CC=C(C)OC=SCCC[SH1]CC=CCCO
3703,3765,C=C(Cl)C(C1)CCC1CCCCCCC
3704,3766,CC(C=O)NC(=O)CCCCOC
3705,3767,C1CCC=C1S
3706,3768,O=C1SCCC12C[NH1]CCCCCCC2
3707,3769,CNC=NCCC(C)C=O
3708,3770,NCCOCC(=O)OC
3709,3771,C1NCNCCCCC1C(=O)O
3710,3772,N=CC=CC=CC=C(C1)NS(F)=CC=C1O
3711,3774,OC=C1CCC2=CC(N)C1S2
3712,3775,CN1CC2CCCCNC1C2=C
3713,3776,C(Br)C=C1CCCCC1
3714,3777,O1NC(=O)OCC(=O)ONC1
3715,3779,CC=CC=CCC=CCl
3716,3780,NCNC=CC1(C)CN(C)CCC1
3717,3781,CCOC(=O)CCCC1CC(C=CC)=C(N)C1
3718,3782,C=CC(C)(C)CC1=NC=CC2=C1C=CN=C2
3719,3783,CCCCCOC(O)CC
3720,3784,N=CC1(O)C([SH1]N)CSC(C)CCCC1
3721,3785,CCNCCC1C(=O)COC1
3722,3786,CC(NC1O)C(C)=CC=C1
3723,3787,C1CCCC12C(N)CCC=C2C=O
3724,3788,N(O)CCCCOSC1C(O)C=C1
3725,3789,NC(N)CC=CC1=CC=C(O)C=C1O
3726,3790,OC(N)(C1)C(=O)C=CC=CCCC1=C
3727,3791,COCOC1=CC=C(C)C=C1NO
3728,3792,N=C(C)N=CC=CC(N)=CN
3729,3793,CCCCCC(C)=O
3730,3794,CCCCCCCCCS1CCCC1
3731,3795,C=C(NC1C2CC=CC3=C2C)CCC3C1
3732,3796,CCOC(O)NC=CSC(C)Br
3733,3797,NNCC=CC1=CC=CC=C1
3734,3798,C=C(C)CCCC(=O)O
3735,3799,BrC=CC1NNC(=O)C=C1
3736,3800,COC=CCC=C[NH1]C=CCC=C
3737,3801,COC(=O)N=CC=CCOC=CC=C1OC=CC=C1
3738,3802,C=CC(N)CC
3739,3803,CCN1CCCC1C=CC=CCC=C
3740,3804,C1CNCCCNC=CCC1=O
3741,3805,CCC(CC1CC)C2CCCC1=CC=C2CNC=C
3742,3806,ClCC=C(Cl)CNC=CC=C(O1)C1O
3743,3807,CN=CNC=CC1=CC2NC1C=CN=C2O
3744,3808,C=C1CCCC1CCCC(Cl)CC
3745,3809,C=C(C=CC1=CC=CC=C1C)O
3746,3810,CCON=NC=C(C)Cl
3747,3811,CCC=CCCC=O
3748,3812,CC1=CN=CC(O)=C1OCC(O)C=O
3749,3813,NC=NC=CC(C1=CC=CC)C=C1
3750,3814,O=CC1=CC2=CC=CC=C2CCCC=S1
3751,3815,C1CCCCC1(N)NCO
3752,3817,OOC(C)(C)CCC(=O)C1=CC=C(Br)CSN1C
3753,3818,CN=C[NH1]C=CCOC=NCC=C
3754,3819,C1CC1CC2CC=C(C)C(F)C=CC=C2Cl
3755,3820,C1C=CC(O)S[NH1]C(C)=N1
3756,3821,C1SC(O)C1CCC2=CC=CC(F)=C2
3757,3822,C1N(N)CCCCC2CCC1(N)N2
3758,3823,O=CC=C1C=CC2=CC=CC=C21
3759,3824,C1OC=C(O)C(=O)NC1=O
3760,3825,NC(=O)NC=C(N1)CCCCPN=C1
3761,3826,O=C(N)C(C)C1OC(=C)O1
3762,3828,SCOC(C1C=N)OC=CC=C1
3763,3829,CCNCC=CC(O)C=NC(F)=C(O)C
3764,3830,OCOC=CCO
3765,3831,C=SI
3766,3832,CC(C1)CCC2=C1CN=N2
3767,3833,COC=CC1=C[NH1]CC2N1CC=C2N
3768,3834,NC(S)C=C(NCCSC)C=C1C(C=C(Br)C=C1NC)CCC
3769,3835,OC=CC(Cl)=NBr
3770,3836,CC(C)C=CC=C(N)C=CC1=C=N1
3771,3837,CCC(=O)C=C(C1=CC=CC2=C1C)CN=C2
3772,3838,C(N1)CC(N)C(=O)CNC=C1
3773,3839,CNCNC(=O)C1=NC=2SC1C=NC=2
3774,3840,S=CC=CC1=C2C=C3C=C1C=CC=C3C2
3775,3841,PON=CN(C)CC(=O)C=CC(C)F
3776,3842,C1CCCC=CC=CC=CCN=C1Cl
3777,3843,C1CC=C2C=CC(C)CC1C=C2C=NN
3778,3844,NC(OS)CCCCNNO
3779,3845,COC=NC=CC1=C(Cl)NC2=C1C=CC#C2
3780,3846,N=C(NC(O)=CC=C[NH1]C=C1)C=CC(Cl)=N1
3781,3847,CCCCOC1(C)CNC(F)C[NH1]1
3782,3848,CC1CCCC1C=C2C=N[NH1]C=C2
3783,3849,NCCCC1(C)C(NCCCN)N1
3784,3850,O1C(Br)C=CC=NC=C(O)CCN=CC=C1
3785,3851,OC(N1)C=CC=C1COCCl
3786,3852,CCCCC=C(Cl)C1=CC=COC1Cl
3787,3853,CC=CC(C(=O)NC)=CN(N)C1(O)CCC1
3788,3854,CNC(=O)NC(=O)OO
3789,3855,OCC=NC(C)CCCC
3790,3856,O(O)CCCC(=O)NCCCO
3791,3857,COCC(C)C1(O)C(=O)C=CC=CC=C1O
3792,3859,C=CC=C1N(C)C=CC=C1N
3793,3860,SC(O)C(N)CCCCBr
3794,3861,COC=CC=NC(S)=CCCl
3795,3862,NCOCCC1CCC2NCOC=NC1C2
3796,3863,C1N=CCN=C1C=COCOC2=CC=CC=C2
3797,3864,CC(C)CCC(F)CCCCC(=O)O
3798,3865,CN[NH1]CC=CC=CC(S)OC(=O)NO
3799,3866,CC=CC=CCCCCCF
3800,3867,C=COCS(O1)=C(C)SCC1=C
3801,3868,CC=C(CNC=NCC1S)C=CC=C1
3802,3869,CCCC#CC1OCCCC1
3803,3871,CC=CSC(=O)N
3804,3872,SOC=C(C)CC(=O)C1(Cl)C=CC=C1
3805,3873,CC(C)=C(C)NC=SC=1C=CC=C=1
3806,3874,ON(C(=O)N)CCSC(O)=N
3807,3875,NC1CC(O)C=C1O
3808,3876,N1CC=CC12S=CCC=C2
3809,3877,CC=CC=C(CS1)NCCC1=CCl
3810,3878,CCOC=C(O)NNCP(=O)(O)C(=O)O
3811,3879,C=C(N)CCN(N)CC1=CSC(O)CS1
3812,3880,SCC1=CC=CC=C1C(C)CCN2C=NC=C2
3813,3881,CC=CC=C([NH1]C(=O)NCC)CC(O)C=S
3814,3882,CCCOC1C=NC=N1
3815,3883,CCCC=CC=C1C2=CC=CC=C2C=C1[NH1]
3816,3884,CCOC=CC1(C)CCC(C)C=C1C=C
3817,3885,S
3818,3886,CC(=O)C(O)C1NOCC1
3819,3887,CCBr
3820,3888,NC(C)OC=CCOC=O
3821,3889,CC=CC=CS(=O)NCS1C=CCCC1
3822,3890,O1COC=C1CCCCSC=NC
3823,3891,C1CC1(CCCCCCNC)N
3824,3892,CC=C(Br)C1=C(N)CC1
3825,3893,NCCC#CC(Br)C=CCCC
3826,3894,CCCCCCCCCCC(C)NP
3827,3895,O=CC=C(C)N1CCCCCC1C(=O)O
3828,3896,CCC(C)OC=NC1=CC=CC=C1C=CS
3829,3897,CCCCCCC1(C)CCCOCC1
3830,3899,CCC(C)CC1CCCC2S1CCCCCC2
3831,3900,C1OC2C(=O)CSC1=CC=CC=CN=C2
3832,3901,CC=CCC=CCN=C1C(O)=CC=C1
3833,3902,CCSC(CCC1C(C)CC2)=CC=NC=C12
3834,3903,NCC1NCOC(S)=C=NC1
3835,3904,O=CC=C1C=CC=C1
3836,3905,C=CC(C)=CC(CCF)=C
3837,3906,CCNC(C)=NC1CC=CC=C1
3838,3907,CC(Cl)COC=O
3839,3908,CN(O)C=CC=NC=NC=CC=C
3840,3909,CCC1=CC=CC2=CC=C(Cl)C=C2N1
3841,3910,OC(C)CCCC
3842,3911,C1(=O)CC(=O)OC=CC=C1
3843,3912,COC=N[NH1]C=CC=CCN=C1C=NCC1
3844,3913,NCCC(C(O1)C2CCCC)C2=C1
3845,3914,C12=CC=CC2(C=C1N=NCC)N
3846,3915,COC(=O)CNC(=O)OC(C)CCCC
3847,3916,O=C(N)C(=O)CCCC(C)CC
3848,3917,C12CCCC1CC=NC(N)=C2
3849,3918,CCCCCCC=C(C)CC1C=NC(C1)O
3850,3919,C1C=CC2=CC=CC=C2CCNCS1
3851,3920,CCC=CCCC(=O)OC=O
3852,3921,NC(O)NOSC(C)OC=CC=CC(C=C1)N=C1O
3853,3922,CC=CC=CC=CC=CC(N)=NC
3854,3923,O=CC(N)OC=O
3855,3924,OCCCCCSC1=NCOC=CC1(C)O
3856,3925,COCCC1C=C(CN)C(N2)=NC=NC=C21
3857,3926,OC(CCCCSC(=O)NCCC)=O
3858,3927,CC=CN=CC(C)C(=O)O
3859,3928,CC=CC1=CC=CC=C1C2(C=O)CCOC(C)C2
3860,3929,O=CC(=O)F
3861,3930,CCC=NC(C)SC1(C)NCC(O)C1
3862,3931,CS(C)NCC
3863,3932,O=CNC=CC1[NH1]C=CC=C1
3864,3933,CCN1CCCC1C(=O)O
3865,3934,CC=CC=CC=CC=CC=CN1CSCCO1
3866,3935,CC=C(C)C=CC=CC=CC=C
3867,3936,OC(NCCCCC)=C1C=CC=C1N
3868,3937,CC(=O)OC(C)NCCON(C)CO
3869,3938,CCCNCOC(=O)OC=CC=CS
3870,3939,C1C=CC=C(C)C=C[NH1]1
3871,3940,N=C(N)C1C=C2C=CC=C(O)CC2N1
3872,3941,C(CCN)C=CC=C(F)F
3873,3942,O=C(CCBr)NC
3874,3943,CSC(C)C(Cl)(C)OCC=CCBr
3875,3944,NOC(=O)C1SC(S)NO1
3876,3945,CS(N1)N(O)CN=CC=CC=C1
3877,3946,C1S=2C=NN=C(O)C=2C1=C
3878,3947,CCC1=CC(O)=C(C)OC(=O)O[NH1]1
3879,3948,OC(O)C=COC(C(=O)C)=CC(Br)=C
3880,3949,NSCC(=O)OCC(C)=NNC#N
3881,3950,CCCCCNC(C)C1C=CC=C1C
3882,3951,C1C(O)C(C(C)=C)C2C1CCCC(C)OCC2
3883,3952,CCC1CC2C=CN=CC=C1C=C2
3884,3953,CCC=NC=CC(=O)O
3885,3954,C=CC=CC=CC1=C(F)CC=C1
3886,3955,N=C(N)NCC(=O)OCCCCCC1C=CC=C1
3887,3956,CC=CC=C(O)C(=O)NOC(=O)C(N)CN
3888,3957,CC=CN(Cl)C(O)C(C)=C(N1)C=CC#C1
3889,3958,C(=O)=CC=CC=C
3890,3959,C1C=CC=CC(CC)N1C
3891,3960,CCC(N1)C(C)=C=C1CNCCCCON=N
3892,3961,OC(C=1C=O)CCC(S)C=1
3893,3962,N=C(CC=CC1=C)CCCC(N)=COC1
3894,3963,CCOCC(=C)CCC
3895,3964,C1C(C2=CCOC2C)C=C1
3896,3965,C=1CC=NC=1C
3897,3966,CCC(C)=NCSN(N)C(=O)CSC
3898,3967,C1CC(=O)C=CC=C1NC=C=O
3899,3968,C(O)CCC=C1CCC23CC=CC=C2NNC13
3900,3969,NC(=O)N
3901,3970,CC(COCC(C)(O)OC)C=O
3902,3971,C[SH1]C(C)CCC(O1)=C1
3903,3972,CCNC(C)CCCOC(C)C
3904,3973,C1NCCCC(=O)C(C)=CP2C=CC1N=C2
3905,3974,CCS1C(C)NC(=O)N=CC=C1
3906,3975,NNC=CC#C
3907,3976,C1S(N)CNC=CC(Cl)=C1
3908,3977,NCC(Br)=C1C=CC=CC=C1Cl
3909,3978,OC=CC1=CC=CC=C1N=NCF
3910,3979,CC=PC(C)CC(C1C)CCCCCCC1=N
3911,3980,C1SC=NCCCC(O)C(C)(O)C1=C
3912,3981,CNC1CCCC1N=NS2CCCCC2COS
3913,3982,CCC(N)(O)OCOC
3914,3983,NC=CCC(C)=C(O)CN1C(C)=CN=C1
3915,3984,CN(C)C=O
3916,3985,C(C)CC1C(C)CCC1C=C2CNCCC2
3917,3986,C=NCOCNCCC=CNC(=O)COC
3918,3987,O(O)C(=O)Cl
3919,3988,C=CC=C(CO1)C=CC=CC=C1C=CC(O)=C
3920,3989,N=C(C)O[NH1]CC(=O)N1CCCCCOC=C1CC
3921,3990,CC=C(N)C(=N)C(CCC(O)=N)N=O
3922,3991,C1CCCC=C1O
3923,3992,C1CCC=CC=CC=C1OC=O
3924,3993,COC(=O)N
3925,3994,CCCC1COC(=O)C=CC=CS=C1
3926,3995,NC1=CC=C(C)NC2=CN=CC=C2C1
3927,3996,OOOC=C(C)CCSNC=NO
3928,3997,O=CC1=C(O)C(Cl)C1
3929,3998,CC(=O)C[NH1]CCl
3930,3999,OC=CN=C(C=CC1)CCOC1
3931,4000,C1C#CNCC(N)CC(O)C=C1
3932,4001,CCCCC1(NC=CC=CC=O)CO1
3933,4002,CC1CCC=NC=CC=CC1
3934,4003,O1C(=O)OC(=O)CCC1
3935,4004,CCCCCCCCC
3936,4005,O(C)CC=C(Br)C1C(O)C=NC=C1OC
3937,4006,OCOCSN(Br)C=C=CC=C
3938,4007,CC1NC(CC2C=C1C)C=C2O
3939,4008,COC=CC1=CC(CCl)CCCC=CC=C1
3940,4009,CCCN
3941,4010,OC1(C)NC(=O)C(N)OC=NC1
3942,4011,CCCC1CCCN1C=CC=CC2=C(F)C=CC=N2
3943,4012,CCC(C=C[NH1]C(=O)F)C=CC=CC=C(NC)OC=N
3944,4013,C1C(C)CC(=O)OCNC1CSC
3945,4014,C=C(CN=C(C)SOCN)CCC
3946,4015,CCCN(C=CC(O)C(=O)SC=O)[NH1]
3947,4016,NC=CCN(N)CCCN
3948,4017,CC=SC1CCCCC1
3949,4018,CNC(=O)NC=NC1=COC(Cl)CN1
3950,4019,N=CCCC=CC(O)C(C)CCC
3951,4020,NCC=CC(C)=NN=CC=CC(Br)=C
3952,4021,C#CC=CC(O)C=C1C=CC=C1O
3953,4022,CC1C=CC(CC=C1C=CC)=CO
3954,4023,CC=CC1C=C(C)CC2CCNC21
3955,4024,CCC(N)CCC=C1C=C2N=C1CC2
3956,4025,C1C=CCSC(N)(N)C=CC1C=NC#N
3957,4026,BrC(=O)O
3958,4027,CC(C)C=C(O)C=SC1CCCS1CC
3959,4028,OC(=O)C=NC=CC(C)(O)C=O
3960,4029,O1C(=O)C=CC=C[NH1]COC1CS
3961,4030,N=C(CC(C1CS)C)COC=C1
3962,4031,C1OCOC(=S)N1CCCCCCC2=CC=CC=C2O
3963,4032,CC(=O)C=C(C)NCCNCC(C)CCCC
3964,4033,OC(=O)NCCCCCP1C=CCC=C1O
3965,4034,N=C(C)C=CC(=O)NC(=N)NC1CC[NH1]C1
3966,4035,CCCOC=NNNCC#CCC=N
3967,4036,CC=CC=C(S)C=O
3968,4037,O=C(CC=C1CCC1CCC2)O2
3969,4038,N1C=C2C1(C=CCCCN)C2
3970,4039,CC(CC(C)CCCC=CC)C=C(N)C=O
3971,4040,C1=CC(CC(C)N)CCCC=C1
3972,4041,CCCC(C)CC1CC(=O)C=SCCCC=C1
3973,4042,C1OC2=NC=NN21
3974,4043,NCCCC1CCC2C1=CC=C2
3975,4045,CNCCCC1C(O2)=CC=CC=CC2(O)C1=C
3976,4046,CC=COC=CC=C(Cl)C=O
3977,4047,OCC(=O)CNCCCCCCCC(=O)O
3978,4048,CCCCC(C=SC(N)C(=O)C1)CCCC=NCC1
3979,4049,CC=CC=CC(C1CCCCC)(SC)C1
3980,4050,CCN=CC(N)=C1CSC=C1CCNC
3981,4051,NC=C1C2=C[NH1]CN=C12
3982,4052,O1C(N)CC[NH1]C=C1
3983,4053,CCNCCN(O)C1CCC=CC1ON
3984,4054,CCCCC=C(O)C(=O)O
3985,4055,CNC1CCC=C1N=CC=CCO
3986,4056,CC=CC1(C(=O)CNC=O)NC1
3987,4057,O=CN(OCC1=C(F)CBr)C#C1
3988,4058,O=CC(C(N)O)CNCCCC(C)(O)C=S
3989,4059,CC=CC=C(N)C1C=NC=C1CCN
3990,4060,C1OCCOC(=O)ON1
3991,4061,CC=NC=C(OC(S)CNC)N
3992,4062,C1C=CC=CC=C(NO1)N
3993,4063,N1C=CCCC=C2CS=C1C=C2CCN
3994,4064,OCCCC(N)CC1CC2=NC=C1C2
3995,4065,OC(C)=NC=CC1=CN=CC=C1OOCC(Cl)=N
3996,4066,NN=C(O)CNCCCCC(O)CCCC
3997,4067,CCCNCOC=NCC1=C(O)SC(C)SC1=C
3998,4068,O1SC2C=C1C(C)NCNC2=N
3999,4069,CC=CC=CC[NH1]C(Cl)(C=CC)COC
4000,4070,C1=CC=C1N=C2C=CC=CC=C2
4001,4071,N=C1NC=CC=C1NCC
4002,4072,NC1OCPC=C1COCNCCC=C2OCNCC2
4003,4073,O=CNCOC(=O)OC=C=N
4004,4074,C[NH1]C=CC1=CC=CC=C1CC2CCCC2
4005,4075,CC(O)CCCCC(C)=CCSC=C
4006,4076,NCCC(=O)OC=CC=CS1C(=O)OC1
4007,4077,O=C(C)CC=C(C(O)CCCC1)CCNC1
4008,4078,CC1=CC=CCC(Br)=C1O
4009,4079,CCCCC=CC(=O)C(F)CNCC=C
4010,4080,CC(C)C#N
4011,4081,CC(=O)C1C(=O)OC1N=CC(O)=NC#C
4012,4082,CC#CC(C1)CCNC(O)CC1
4013,4083,COC(=O)CC1=CC=C(Cl)C1NC=C
4014,4084,OC(=O)NCC(C)(C=C1C=C[NH1]C2=C1)CC=C2
4015,4085,CCCC(=O)N=CC=CC=C
4016,4086,SC=CC=CC(C=C(N)C1NCC)N=C1N
4017,4087,CNN1C(C)N2CC=C1SC2
4018,4088,N#CCNCCC
4019,4089,NSC=C1SC=CC=C1
4020,4090,N=CCSC1=C(NC)C=C1C=C(O)OCOC
4021,4091,N1C=CC=C1OCCPCC
4022,4092,CC(C)OCI
4023,4093,NCCCNC(=O)C=O
4024,4094,C(O)C(=O)C=C1N=C(C)CC=CC=C1
4025,4095,CC(O)CCCCCC(C)=NCC=O
4026,4096,CCN1C=CC=C1COC2NC=CN=C2[NH1]
4027,4097,CNNC(=O)NCCOCCC1CC=C[NH1]1
4028,4098,N1CCCCCC=C(Cl)CNC1=O
4029,4099,CSC(=O)NC=C1C=C1C=CC=C(C)C=C
4030,4100,OCOC=CC(=O)N=CC=CC1=CC=CC=C1
4031,4101,S=NC=C=C(C1=C2C=C3C=C1C)CNC2OC3
4032,4102,CC=CN(COC)CNC1CCCC1
4033,4103,CCCCC(=O)CC(=O)OC
4034,4104,C1NC=C1C(C)CN
4035,4105,CNC=CC=C1CC=CC=C1
4036,4106,NC#CCCOC1=NC=C(Cl)C=CC1O
4037,4107,CNCC(=O)NCNCCNCC
4038,4108,O1C(O)C1C(=O)NC=C2C=CC=C2NCl
4039,4109,NN=C1C=C(C=CCN=C(Br)C)CC2C[SH1]12O
4040,4110,C1CCCS1C=NN=CC=CC=C
4041,4111,CCC=C(O)C1=CC=CC=C1
4042,4112,C1CNCCC=C2C=C1C=C(Cl)C3NCC2=C3
4043,4113,OCOOCC#CCCNCl
4044,4114,NC(O)CC(=O)CCOCCNCCC(C)C=CC
4045,4115,C1C(N)=C=C2C(=O)N=COC2=N1
4046,4116,CCNC=C(Cl)C(Cl)=C(Br)C(N)=CC=CN=C
4047,4117,CC=CN=C(C)CC=C(C)F
4048,4118,O=CC=CC=CC=CCC=CC=C
4049,4119,CCCNC(=O)C([NH1]CC)CCOC(C)OC=N
4050,4120,N=CN1C=CC=C1C
4051,4121,C(C)C(C)=NCCl
4052,4122,CNC=NCC=CC(C)=C
4053,4123,CCCCC=CC=C(N1)CC=NCC1
4054,4124,NCN(C(C1)COCC=CC#C)N=C1
4055,4125,CC=CC1=CC=C2N=C1NCCCC=NC=C2
4056,4127,CCCC1=C(CC)C1
4057,4128,CCCCC=CC1=CC[NH1][NH1]C1S
4058,4129,CCOC1=CC=CC(Cl)NC1OC
4059,4130,CC=CC=CC(CC=CN=C(N)CC=C)CBr
4060,4131,C1CCC1=CC=CC=CC2=CC=CC=C2
4061,4132,C=NNC(=O)C(=O)NONC=C
4062,4133,N1N=C(N)C1C=C2N([NH1]C)C=NN2
4063,4134,O=C(O)C=PC=CNC1(Cl)[NH1]S(F)C#C1
4064,4135,CC=C(CN1CC2=CC=CC)N2C1O
4065,4136,CNCCC1CCSNC=C1O
4066,4137,N=CC=C1C(C2=C)C=CC=C2C1
4067,4138,NC=CC(CCC)N(C=1)CCCOC=1
4068,4139,CCC1NCCC=CC=CC1(C=C)N
4069,4141,CC(S)C(=O)OCCCCNC(=O)O
4070,4142,C1NC(=O)C1CCCO
4071,4143,CCCC(OC)CCC1(C)CCC1
4072,4144,CC[NH1]C=C1C(O2)=C[NH1]C=C1[NH1]CCCC2
4073,4145,CN(C)C1CCSC=CCNC1N
4074,4146,CC=C1SC(=O)N[NH1]C(=O)N(O)COC1
4075,4147,N=C=CN=C=C(N)C(=N)OCN=S
4076,4148,C(O)COC=CC=NCNC(C)O
4077,4149,CCC(CCC1C(C)(C)C)C(N)C1=O
4078,4150,NC=1C(C(N)OC=O)C(O)N=1
4079,4151,CS1C(C)CCC1OC(O)CCCCC
4080,4152,OCCCCC=NC(OC)C
4081,4153,COC=CC(C)(C)C(Cl)SC=CC
4082,4154,NC(=O)CCS(N)(C=SCCNC=CC1)=C1
4083,4155,CN(OC(=O)NC)CC1NCC=N1
4084,4156,C=CCC1NCC2=C1CC=NC2CN(C)CC
4085,4158,CCCCCC([NH1])C=NNC=C1C=C1
4086,4159,CC(C)=CNC(CC1)=NC=CC=C1
4087,4160,OCO
4088,4161,CCC(=O)CCCCC=CS1CCCS1
4089,4162,C=CCC=CCNC(=O)ONC(=O)O
4090,4163,C(O)COC(=O)OCSC(=O)O
4091,4164,CNC(C)=CC=CC1=CC=CC(CN)(Cl)C1
4092,4165,CC=CC1=CC2=CC=C1C=CC=C2C(C)=N
4093,4166,OC(=O)CSC=C(O)C1=CCC=CC=C1
4094,4167,C=C[NH1]CCCC(=O)CCCCC
4095,4168,C=SC=CC=CC=CCl
4096,4169,O=NN=CN=C1OC=CCNC(N)=C1
4097,4170,CCC(C)(O)COC=CC=CC=C(N)SCN
4098,4171,CC=CC1=CCCCC1
4099,4172,CN=CNC=CC=CC=C1C=CC=C(Cl)C1
4100,4173,COC=CC(O)(C)CCN=NCF
4101,4174,COC=CC1=CC(C)NC=CC=S1Br
4102,4175,CC1=NC(CC=C12)CC(=O)NC2
4103,4176,CCC(C)C1CCCCC1
4104,4177,NCCCCC(S)=CC=CCO
4105,4178,OCCCCC=CC#N
4106,4179,C[NH1]C=CC(N)=CC=O
4107,4180,OC=C1C=CC=C(C)NCC1
4108,4181,C=C=CC(S)(O)O
4109,4182,OC(OOC=O)C=C(C)SC=CCC
4110,4183,CNC=C(C)CCC=CCCCOCC=C
4111,4184,N1OC(C)N(O)CCC=C1N
4112,4185,OCC(Br)=CC1=C(C=CC=N1)C
4113,4186,CC=NC(=N)OCN(O)CN(O)CCCCC1CCOC1C
4114,4187,N=CC=CC=CC1=CC=CC=C1
4115,4188,N=C(C)CCC(=O)CC(=O)NCCCCOC
4116,4189,NC=CC=CN(N)CC=CC(=O)O
4117,4190,CCCCN1C(=O)C=CC=C(C)OSNC1O
4118,4191,CN1C2CCC1C=C3NCC(=O)C3C=C2
4119,4192,OC=CCN=CNC(=O)C(=O)O
4120,4193,CN(C)CNCC(C)=CN=CC=CC(O1)C1
4121,4194,N=CCCC=C1SC=NC=C1Cl
4122,4195,CC(=O)ON(C)CCC=1CCCC=1
4123,4196,CNC(C)CC(=O)CNC=C(N)C=O
4124,4197,CC(CC)OC=CC#C
4125,4198,CC#CC=CC=C[NH1]C1=CC=CC=C1I
4126,4199,C1(=O)CNC(C)CCCC=CC=CC=C1
4127,4200,O=C(N)C(=O)CC=C(OC(Cl)=CC=C[NH1])CC=C
4128,4201,C=C(C)COC(=O)CCC=NO
4129,4202,NC(N=CNO)=C(Cl)C=CC=CNO
4130,4203,CCCCC(N)=CC(NC)NC(O)COCC#C
4131,4204,CCC1OCCCC1C=N
4132,4205,CCCC(=N)CCCNP(O)O
4133,4206,CCC(C)OCOC(=O)COC=N
4134,4207,CC(COC=CNC1=C[NH1]CCl)=C[NH1]1
4135,4208,C=CC=C1C=CC(CN)=NN1
4136,4209,CC=C(O)CCOCOCCO
4137,4210,CCC1=CC2=CC=CC=C2C1
4138,4211,CCCCN(C)CC(S)(C)CO
4139,4212,CCOC(CC=NCCCOCC)C
4140,4213,NSCC1CNC=N1
4141,4214,CCCCC1CCCC1C2CCCCC2
4142,4215,CCCC1CCNCC1
4143,4216,NCOC=C1C=CC=C(C)C1NCSCC=O
4144,4217,CC(N)C=C(N)CC(=O)OC=CC=C
4145,4218,CCCNC
4146,4219,OC=C1C(N)=C(C2)OC=CC=C2NCCC1
4147,4220,OC(=O)OC(C=C1C)CCCC1
4148,4221,C=CC=C(CC1OC=CC=C1)C=CC=C(C)CNS=N
4149,4222,CCCCCCCC1C=CC2=C1C=CC=C2
4150,4223,COC=C(C=CC)CSC=C1C=CC=C1
4151,4224,CC=CC1=CC=C2C=C1C=NC=CC(O)C=C2
4152,4225,N=CC=C(N)CCCOC(=O)O
4153,4226,O=NCC(=O)C1=CC=CC=C1C2=CC=CC=C2
4154,4227,C=C=CC(O1)CC=CNN1
4155,4228,CC(COCC=CC(C)C)CC
4156,4229,CCCC=COC(C1)=CC[NH1]C=N1
4157,4230,CCOCC(CC)=CC1=CC=CC=C1
4158,4231,CCC(=O)CN
4159,4232,NC1=CC=CCC1C=CC=CC=C
4160,4233,C#CCOC(=O)[NH1]C=O
4161,4234,C#CNC1=CC=CC=C1NC=CC=CC#N
4162,4235,O(O)NNC1C=C2C(N)CC12
4163,4236,N1C=CC=C1NC(O)CC#CO
4164,4237,CC[NH1]C(CC)=NCC
4165,4238,CC1CCC2C1NC=CC(C)C(O)=C2N
4166,4239,CCOCC=CCC=NC(=O)N=C
4167,4240,O=CSC=CC=C(O)C=CC=C=SO
4168,4241,CC1=CC2=C(C(=O)CC(O)CCC2)C1
4169,4242,C1NC=C(O)C=C1
4170,4243,C1OC=CC1C=CC2=C(N)CC=C=C2N
4171,4244,COC=CC=C(Cl)C=O
4172,4245,OC(=O)C=CN=CC1=CC=C(Cl)C=C1
4173,4246,CCC(O)(N)C
4174,4247,NCC=NC1=CC=CC=C1
4175,4248,CC(N)OC(=O)C
4176,4249,C(C)CC=CC=C(C)SC
4177,4250,OC=NC=CC(C(C)O)C(=O)ON
4178,4251,CC(CCC(C)NC)CCCOC=C
4179,4252,C1CC=CC1Cl
4180,4254,CCOCC=CC1=CC=CC=C1
4181,4255,NC1C2=CC=CC=C2S1=C
4182,4256,NCNC(C)OC=O
4183,4257,C=C[NH1][NH1]CN1C(P)C=CC=C1N
4184,4258,C1C=CC=C2C=CC=C2N1
4185,4259,CCCC(CCCCC)C(C)OCN=N
4186,4260,O1C=CC=C1N2C(C)CCCOC2(C)O
4187,4261,NOC(=O)OC1CC(N)C1
4188,4262,CC1C=CC=CC=C(Cl)C(C)=C=CN1
4189,4263,CNN1C(=O)CCCNC1=CC=C
4190,4264,OCCCCCCC(C1)N2CCC1CS2
4191,4265,O1CC2(N1)CC=CC2=O
4192,4266,N(C)NCC(=O)OC(=O)CN=NC=CC=C
4193,4267,ClC=CC(C)=O
4194,4268,O1C=CC1C2(C)CC=CC2
4195,4269,C=CC=CC=C(CC1(S)C=O)C=CC=CC=C[NH1]1
4196,4270,SC=CC=C1C2=CC=CN=C21
4197,4271,CCC1CNCCC1
4198,4272,NC(C)CCCCCCCCCCC(=O)CC#N
4199,4273,NCCCN(P)N1OCCCCCNC(C)C=C1
4200,4274,C1=NC(C)C21SCC=C2C=C
4201,4275,CC=CC=CNC1=CC(C=C)(Cl)C1
4202,4276,N=CC=C1C=CC=C=C1N=C2[NH1]C=CCN2
4203,4277,CCCNN
4204,4278,C1OC(=O)NC1OCC2=CC=CN=C2
4205,4279,COCCC(C)Cl
4206,4280,C1CCNCOCNC1=O
4207,4281,OC(C)CCC(=O)CCCC(O1)C=CC=C1
4208,4282,C=CC=CC(=O)CC(NCC1CC=C)C=C1Cl
4209,4283,COC1=NC=CC(C=CC)C2CC2=NC1
4210,4284,C1CCOC=CC=CCC1C(=O)OO
4211,4285,CCCC=NN=CCN=CC(C)=C
4212,4286,C#CC=NO
4213,4287,CCCC(C)C=NCN
4214,4288,CCC=C1C=CSC=C(CBr)C1=O
4215,4289,CC(C=CC=C(C)NPC1)=CC=CC=C1C=NCO
4216,4290,CC(C)=CC(N)CCCCC
4217,4291,OC(N)(C)CCCC1C(=O)C=CC=CC=C1
4218,4292,OCCCNCC1CCC2C1C=CS2
4219,4293,C1OCOC=CC2=C1C=CC=C2CNCC
4220,4294,CC=COC=CC1=CC=CC=C1
4221,4295,C1CC(C)CCC1(C=C(C)CN=C)COC
4222,4296,CC=C(C)OC(=O)C1=NN=CN=C1
4223,4297,C1C=CC(=O)OC=C1C(CC)C
4224,4298,COC(=O)C#COCC
4225,4299,NC=CC(C1)(Cl)C(=C)N=C1C2CNC2
4226,4300,CC(O)NC1=CN=CCC=C2C=CC=C1OC=C2
4227,4301,C=C(CC(C)CC1N)C(Cl)C1ON
4228,4302,N1CCC=NNN(C)C1O
4229,4303,CCOCC(N)=O
4230,4304,CCCCCBr
4231,4305,COC=CC=C1C=C(O)CCN=CC1
4232,4306,C=C=C(C1=CC(Cl)C)C1
4233,4307,CN=CC(F)S(C)CC=C(Br)C
4234,4308,CC=CC=C(Br)NCNC(=O)O
4235,4309,C1C2=CC=CC1C=C2CC
4236,4310,C=NN=CC=C1C(O)=CN=C1C=CN=C
4237,4311,CCCCSCC(C1)CCC(S)C1
4238,4312,C1C=CCNC1C(CCCCC)C
4239,4313,O=CC(C(Cl)CN)=CC=C
4240,4314,C=CC=CC(CC=O)OC(=O)N
4241,4315,CC(O)C=C(CCCCC=C=NCI)CC=O
4242,4316,C=C(C)C(C)(N)S(C)F
4243,4317,CNC(=O)CCCCC=NC=CC=NN
4244,4318,COCCC1OC=C(Cl)CNCCO1
4245,4319,COC(C)CCC
4246,4320,C1C=CC=C1CC2=C(O)C=C2CCC
4247,4321,OC=CC=C(CO1)C=C=CC=C1N
4248,4322,CCOC(O)CC1CCCCC1
4249,4323,COC=C=CC=C(C)OC=CNC=C
4250,4324,OC(C)OC(=O)C1COCCCON1
4251,4325,OC(C1)OC=NC=CC(Br)=C1
4252,4326,NC=[SH1]C=CC1=CC=CC=C1
4253,4327,CC(N)CNC(=O)OC(=O)COOOC(Br)C(Br)N
4254,4328,SCOC=C1C(NC(C)=CC=C)=C1O
4255,4329,CC(O)C=CCSC(=O)OC
4256,4330,OCNC(N)CNNC(=O)CNCCC(C)=O
4257,4331,C=COC=CC=C
4258,4332,C1CCC1(SC)C(C2)CCCCCCC2
4259,4333,C=C(Cl)COC=CC=CC=C[NH1]C(=O)C=CC=C
4260,4334,C1OCCCC1SC(=O)O
4261,4335,COC=NCCC1CCN=CC=C1
4262,4336,C1C(C)=CSC=C(C)ON=C1OC
4263,4337,CCC(=O)C(C)C1CCC(=O)C1SON
4264,4338,CC(C)=C(CC=O)N1C=CCCC=C1
4265,4339,N1N=CCC(CC=CCCl)C=C1O
4266,4340,C1CCCC1C#CC=O
4267,4341,O(C)ONCNC1CNCSC1
4268,4342,CCCCC(=O)C=C(O1)CC=CC1O
4269,4343,CCC(C=CC1=CC=CC=C1F)F
4270,4344,C=CC1=NC=NC=C[NH1]C=C1
4271,4345,CC(O1)C=CC2=CC(C=C2C)=C1Cl
4272,4346,C1#CC(=O)CC(=O)N=CNC=CC2=C1C2
4273,4347,OC=C(CC(O)C(F)O1)C1
4274,4348,C1CCCCN2CC(O)C21C
4275,4349,C1NC=CC=C1C(F)C2=CC=CC=C2
4276,4351,C1C2CCNC2C(=O)CCN=C1CN
4277,4352,C#CCCCN(O)C1=NC(Cl)=NS1
4278,4353,CC=S(=C)C1(S)CC=SC=CN=C1Br
4279,4354,C=CC=C(O)C1=CC=CC=C1NO
4280,4355,CC=CC=C1N=CC=C1C=CC=C[NH1]
4281,4356,CSOCC(C)(C)C1ONC=C[NH1]C=C1
4282,4358,OC=C(CC#CC=NC=CC=CC1)CS1
4283,4359,N1CC1CNCCC2C(=O)C=C2C
4284,4360,CCC=CNCC=CC=CC=C(NN)CC
4285,4361,N1C(CC=N1)CCCC
4286,4362,COOC(=O)O
4287,4363,C1CCCC2=CC=CC=C2C=CC=C1
4288,4364,COBr
4289,4365,CN(C)CCCO
4290,4366,CN=C(C)C1P(=O)CNC1
4291,4367,COCCCOC(=O)O
4292,4368,O=CC=CC=C(CSCN=C)Cl
4293,4369,N1C=C=CC=C1C(=O)CCC
4294,4370,CCCN=NC=C(Cl)C=CN=CNC(=O)O
4295,4371,NCC=CC(O)C
4296,4372,CC1=CC(C)CC1N
4297,4373,CC=CC=CC=CN=CC=C1C=CC=CS1
4298,4374,C(O)CCC=CNCCNC(=O)OONNO
4299,4375,CCOC=CC=C(C1=CCC)OC=CC=COC1
4300,4376,C1N=CC=C(C)NCC=P1
4301,4377,C1CC=CN=CC=CC=C1
4302,4378,CC=CC=CC=CC=NO
4303,4379,NC(N)C(C)N(C)CC1CCCC=CN(O)OC=N1
4304,4380,C1SCCCC2CCCCN=C12
4305,4381,C1(=O)C2C=CC=C2C3NC=CC=C31
4306,4382,CC1CCNCC1C=C(Cl)NNCl
4307,4383,OC=CS(N)=C1N=CC=C(Cl)CC1C=C
4308,4384,C=CNC(=O)C=C1N=CC=CC12C=CC=C[NH1]2
4309,4385,CC=C(N)C=NONC=C(CCCC1SN=CC=C1)Br
4310,4386,CC=CC1=CC=CC=C1I
4311,4387,CCC=NC=CCCSC1=CC=CC=C1
4312,4388,NOC1(O)SC(C=S(N)=C1N)C#CO
4313,4389,CNC=O
4314,4390,CN=NC=O
4315,4391,O=CC(=C)N=CP1(O)C=NC=C1
4316,4392,O=CC=CC=CS1NC=CC=C1S(O)C=S
4317,4393,NC(Br)CCC=NN=C(Cl)CC(Br)SN
4318,4394,CNC=CC1=C([NH1]C2)C(Cl)C(Cl)=C1NC2
4319,4395,COCOCC(C)C1COCCCC1
4320,4396,CCCC=C1C=CC=C1CCCN
4321,4397,CN(C)OC(C=O)C=O
4322,4398,S1CCC2(C3)CCCC2CC1C3
4323,4399,C1CCCCC=CC=CC=C(CCl)C1
4324,4400,OCCCCC1C=CC=CC(Br)=C1
4325,4401,C(O)C(C#CC1)OC=NC=N1
4326,4402,OC(C)CC1[NH1]C=CS=C1CBr
4327,4403,CSC(N)=CCN(S)NCP
4328,4404,O1CCOC(OC=2C(C)Cl)C=21
4329,4405,CSCOC=C(C)COC(=O)OC
4330,4406,NCC=CC=CC1CC2CC(O)CC=C2C1
4331,4407,CCCCCC=NN=C(O)C=O
4332,4408,NCN1COC2=CCC=C2SOC1C=O
4333,4409,NCCOC(=O)C=CC=CC=C1C=CN=C1N
4334,4410,S1C=CC=C1N2CCCCCC2CC=C
4335,4411,N=CC(=O)OC1=CC=CN=C1NN
4336,4412,C=SC=CC1ON=C[NH1]C=CC#C1
4337,4413,NCCC(=O)N(NCOCCCC)C1CC1
4338,4414,NCC(C)=CC=C(Cl)C=CC=CC=CN=C
4339,4415,NC=C(Cl)C=CC=CCCC=C
4340,4416,CNCCCC(C)CC(=O)OCO
4341,4417,CNC(=O)C=CC1=NC=CC=C1O
4342,4419,CC=NC=CC(C)=CCC=CC=C
4343,4420,SC1=CC=C(S)N1
4344,4421,N1C(=O)OS[NH1]1
4345,4422,C=CCCNC(=O)OC(N1)=NN=CC=C1
4346,4423,CN=NN1CCC2NCCSC(C)=C2NC1
4347,4424,CCC=CN=CC=C(N)C
4348,4425,CC=CNCC=C1C(Cl)=CC=C1
4349,4426,COC=NC=CC=C(O1)CC=CC=CC=C1O
4350,4427,OCCOPC(=O)NS
4351,4428,CC=COCCCC=C1C=CNC=C1
4352,4430,C=CC(=O)C=CC=C(C)Cl
4353,4431,N=CS=C(C=CC)CC=C(C=CC1)CC=CC=C1
4354,4432,OC(N)=C(O)CCCF
4355,4433,CCOC=CC=C([SH1])CC=C1C=CC=CC=C1
4356,4434,C1NCC=CC=C2C=CC=C21
4357,4435,C12COC1C=C2
4358,4436,NCC(C)(C=S[NH1]CC)CC=C
4359,4437,O=C=COCCC
4360,4438,C1C=C(C=CN=CC=CC)CC=N1
4361,4439,N1CCN1CCNC
4362,4440,CC(C1)CCCC2C=CC=CP21
4363,4441,CCCC(C)NC(C)(C1)C1
4364,4442,O=C(CNC(N)N)C
4365,4443,N1C2CC1C(=O)N=C(O)C=C2
4366,4444,CC=CC=CC1=CC=CC=CC=C1S
4367,4445,CC(C)CCC(=O)CONC1=CC=CC=C1O
4368,4446,C1C=CC=CC(C=CS)(C=NC)C1O
4369,4447,N(CSCC1CCCCC)(C)CC1=O
4370,4448,CC(CCC1CCC)=CC1CCCC=O
4371,4449,CC(C(=O)NCCC1=CC=CCCl)=C1
4372,4450,CNC(C)C(C)SC=O
4373,4451,CCCC(N)C(CCO)CCC
4374,4452,O=CC(=O)COC(O)C
4375,4453,CN=C(C)COCCCC=NC
4376,4454,CC(C)CCC1CCCC(C)CC1=O
4377,4455,C1SC2=CC=CC=C2C=CC=N1
4378,4456,NCC=CC(=O)OC(O)C=C(OC)C
4379,4457,O=C(O)C=CC1=NC=CC#CC1C=C
4380,4458,C1CCCSC(=O)NCC1
4381,4459,CCCCCC(N)SCC(N)S(C)=S
4382,4460,CC(C)SC=CC=CN=CC=CCC1C=CC=C1C
4383,4461,C=CC(C)(CCNC=O)C=CN(CN)CC#C
4384,4462,NCOC(=O)SCO
4385,4463,CC(COC=CC=CC)=CO
4386,4464,CC=CC1=CC=CC=C1NC=O
4387,4465,CCCCC(=O)C
4388,4466,CCC(C)CC(C)=CCC1C=CC#C1
4389,4467,NCCCN(O1)NCCCC1=O
4390,4468,O1C=CCCC=2CC=CC1=2
4391,4469,CC(CC1=CC=C)CC1
4392,4470,C1OC=CC=CC=C1N
4393,4471,C=CCOC(=O)C=O
4394,4472,ClC=C(C)NC
4395,4473,CC=CC=CC=CN=C(C)CCN
4396,4474,CCCNC=C1C(C=CC=C1)C(=O)O
4397,4475,CCCC=CC(C12)C(=O)C=CNCNC1=N2
4398,4476,OC=O
4399,4477,OCC(C=NC)=CN(N)NCC1CC1
4400,4478,NCOC(=O)OC(=O)NC1CCCCC1=O
4401,4479,CCNC(S)N=C1C(=O)C=CC=CC=C1
4402,4480,COCCCC(=O)ONC=O
4403,4481,CCNC(=O)CC(Cl)=CC=CC=C
4404,4482,C=CNC(C(O)C=O)[NH1]
4405,4483,C1OCC1CC2CC(C)CC2
4406,4484,N[NH1]C(=O)OCCCC
4407,4485,CCC1CCSC=C1NCCC2CC2N
4408,4486,NCC=CC=NC(=O)C1=C(N)CC(=O)NC1
4409,4487,CCCCC(C)CCOC=C(C)NC(=O)CO
4410,4488,CCCNCCCC(O)CC(C)S
4411,4489,COC(N)C(=O)NCNC=C
4412,4490,CC1NCCCC=C1CNCCCCC(CN)=CC=C
4413,4491,O1C=CC=CC1(O)NC=C
4414,4492,CCN=CC(C)N=NN
4415,4493,CCCOCCC(C)O
4416,4494,N=CC=C(S1)C=CC(C)=C1CC=CNC=O
4417,4495,COC=C(C)CC(O)NN=C
4418,4496,C=CC(CCNCC)CC=N
4419,4497,O=CS1C(CC)CCC1
4420,4498,S=C(N(C)CCN)CC(C)C
4421,4499,OC=CC=C1C(C(=O)NO)=C1
4422,4500,SCC1CCNN1CCC2CCCC=C2
4423,4501,NC=CC(=O)NC(=O)C(Br)CC=O
4424,4502,CCCC1(O)CC=CC1CCC
4425,4503,O1C=CC=CC=C(S)C=CN=CN=CC=C1
4426,4504,C=CN(C)OS(O)C(C)C=O
4427,4505,CCCCSC(N)SC1N=CC=C1
4428,4506,C=COC1(O)OC1C=O
4429,4507,NCNC(C=CC1)(Cl)C=CC=C1
4430,4508,CCOCCC(CS(O)C1O)C=NN1
4431,4509,OC=C(CNN(O1)CNCCC)NCO1
4432,4510,CC1=CC=CC=C1C2=CC=CC=C2O
4433,4511,CNCCC1CCCC=C1
4434,4512,C=S(=N)C1(CCC)OC1
4435,4513,CC(S)=CC=CC(Cl)=CN=C
4436,4514,N1S(O)CCC12CCONC2C
4437,4515,COC=NC1=CC2=C(C)C=CC=C2N1
4438,4516,CC(=O)OC=CCC=CCBr
4439,4517,CCCC=CC(O)C=CC1=CNC=C=C1
4440,4518,CC=CC=COC1=CC=CC=C1Cl
4441,4519,CC(S1)C=CC=NC(C=C1CC)CC
4442,4520,C1OC=CC(O)C(=O)OC=C1
4443,4521,NN(O)CC(O)CCCCCC=O
4444,4522,C1=CC=C(C)C=C(F)NC1
4445,4523,CN=CNC1CCCCC1
4446,4524,CC1=CC(N)=CCCCS#C1
4447,4525,NC=NOC1=CC(C)CC1=CC(=O)O
4448,4526,CCC(C)NC(=O)OC
4449,4527,NC=C1C2=CCCNC2OC1
4450,4528,O=NC(C)N=C=CN=CC1=C(O)C=CC=C1
4451,4530,C[NH1]C=CCN(N)COC=O
4452,4531,CCCSC#CC=NCCC(C)ONNC=NC
4453,4532,CCCN(C=CC=CCC1=CC=CC=C1C)SO
4454,4533,NCCC=CC1=CC=CN(O1)C=CN
4455,4534,CC1CC(N)CC1=O
4456,4535,C(=N)(O)N=CC=NC(C)=NC=C
4457,4536,CNC(=O)OCS1C=CNC=C1
4458,4537,CC(=C)SC=NC(C1)CCCCC1
4459,4538,C(=O)CCC(CCCCOCCC)C(=O)C
4460,4539,C1CCC=NC1CCC(C)OC
4461,4540,OSOCCC(Cl)CSC=O
4462,4542,CC(=O)CCC(CCCOCOC1)O1
4463,4543,CC(C)CC=NNC(=O)OOC(=O)O
4464,4544,CCCCC=NCOC1COCCC1
4465,4545,CCC(N1)=C(Br)CC=C1
4466,4546,O=C(C)C=C(C)C=CN=CC(=O)CC
4467,4547,C1C=CC=CC=CC1SC=O
4468,4548,CCCCC(=O)C1CCCCC1(C)C
4469,4549,CC1C(O)C(=O)CC=CC(O)=CC1O
4470,4550,C1C(=O)C=C[NH1]CC(Br)=C1Cl
4471,4551,O(S)CNCCNC1=NNCC1
4472,4552,CC=CC=CC=CC=CC=NCOC=CC=CCl
4473,4553,C=NCCO
4474,4554,CNC(C)CC(=O)NC=1CCCC=1
4475,4555,N=C1N(N)C=CC1CSC
4476,4556,C12C=CC2(OCCC[NH1]1)O
4477,4557,N1C2C=CC=CC3=C1C=CC=C2N3
4478,4558,OC(CCNC)=CC=CC=CC
4479,4559,C1(=O)OC(=N)C=CC=CS=NC=C1
4480,4560,CCCCNN1NCCCCCN1
4481,4561,CC=C1C(C=C(C)CC=C)CCC1C
4482,4562,CN(C)N=CSC(=N)CCCC=C
4483,4563,CNC(=O)C=C1C=CCN=NC=CC=CC=C1
4484,4564,SC=COC(C1CO)CCC1
4485,4565,CCN=CC=C1C=CNC[PH1]1
4486,4566,CC1CCC2NC=CC=C2CCC#C1
4487,4567,C1C=C(O)SC=NO1
4488,4569,CNCC1CC#CCN1
4489,4570,O=C(C)OC(=O)N=CC=C1C=CC=C1CO
4490,4571,NC(=O)CCC#N
4491,4572,C=CC=CC=CCCCCC=C
4492,4573,C#CC(F)(C)C1CCCC=NC1
4493,4574,CCCCC(=O)CCCOC(=O)PC=CF
4494,4575,C1CCCCC=CC2C1C#CCCCC2
4495,4576,CN(COC(=S)N=C)C=C(O)C=CN=CS
4496,4577,N=CC=C(C1)CC=CC=C1C
4497,4578,C(=O)[NH1]CCCCC1C(C)CCCC(C)=C=N1
4498,4579,OCCCSC=CC1=C[NH1]C=C1C
4499,4580,N=CC=CN=CC=CC=C
4500,4581,CC1=CC=CC=C1
4501,4582,ON=C(O)C(=O)OC(Br)=CS
4502,4583,CN=C1C(C2Cl)C=CC=C2CC1O
4503,4584,O=CN=CN=CN=CC=NC1=CC=C(Br)C1
4504,4585,CCCC(C)(C)CC
4505,4586,C1C=CC=C1NCC2=CC3=CN=C2CC3=N
4506,4587,CC=CC1=CC=CC2=C1C=CC(C)C=C2CC
4507,4588,CCC(=O)NC=CCC(=O)COCOC
4508,4589,CC1C2(C)C(=O)OC12C=CN=CC=CC=CC=C
4509,4590,OSC=C(C)CC=CC(Br)=CC=CNBr
4510,4591,C(NSSC=CC(C1)=CC=CC)C1
4511,4592,CCNC(=O)NCNCC(C1CNC2=CN1)CCN2
4512,4593,C=CCCC=C(NN=CC(C1)=CC=CC)C1=C
4513,4594,CCC1=CC(C)(Cl)CCCC#CCCN1
4514,4595,S(C)C=CC=CC1=CC=CC=C1
4515,4596,OC=CN=C(NC)N1CCCCC1N=NC
4516,4597,C1=2C=CC=C1C=CC=CC=2
4517,4598,C=CC=CC1NC=NC=C1C
4518,4599,CCOCCCCC=CC=CC=C(Cl)CNCC
4519,4600,OC(C)F
4520,4601,C=CC(N)CCPC(O)CC
4521,4602,OC1CCC=C(Cl)C=C1C=C
4522,4603,CN(C)C(=O)OC(C)CO
4523,4604,CCOCCSCNC=CCCC
4524,4605,C1=CS2C1SC=C3N=C=NS=C3CCN2
4525,4606,CC=CC=CC=CC1=C(N)CC=C1
4526,4607,CCCCCCCC(=O)CC=CCNC
4527,4608,CC=CSC=CC1=NC=C(Cl)C1Br
4528,4609,O=CCNCCOC(Br)C=O
4529,4610,COCCOCCCCCCCCCC
4530,4611,CCOC(=O)C1CCCCC1O
4531,4612,CC=CC(C1)NC=SCCC=CC=C1C
4532,4613,CCCC=C(COCC(C)SC)CCl
4533,4614,CC(=O)Cl
4534,4615,N1CNCSC(C)(C)OCO1
4535,4616,C=1C=CC=NC=C=1
4536,4618,CSC(=O)OCCC(=O)CC1CCCC1=CSC
4537,4619,O=CC=CC=C(O)N=C[NH1]C=C
4538,4620,NC(=O)CNC1(C)NCCCCCCC=N1
4539,4621,C=CN(C)CC1(N)CCCC1
4540,4622,OCC(Br)(S)CC1CCCCCCN1
4541,4623,CCC(=O)OC=CC1(O)[NH1]C=C1CCC
4542,4624,CCC=SNC(=O)OCCCl
4543,4625,NOC(=O)NC=CC(C)=C1C=CC=CN1
4544,4626,CCCCC=CCCCC(N1)C(F)=CC=C1
4545,4627,C12CC=CC=CC=CC=C1C2
4546,4628,CC[NH1]CNC=N
4547,4629,NC(C)NCCC1C2=NCNC2C(O)C=C1O
4548,4630,CCCCC(=O)N=C(F)C1SC=CC=C(O)C1C=C
4549,4631,CC1=NC=CC=CC2=CS=NC=C2N1
4550,4632,CC=NCNC1(C=C)C=C1C=CC=CC=C(Cl)C=O
4551,4633,OC(C)CCSC(=O)O
4552,4634,CCCCC1C(C)=NC=NC(O)[NH1]1
4553,4635,C1C=CC=CC=CC1
4554,4636,CSCC1C=CC2=C=C1C=NC2C(C)=CN
4555,4637,C1=NC(N)C1(N=CC(C=CN)CC)C
4556,4638,CCC=CC=C(S)OC(=O)NCCO
4557,4640,N=CCC1=CC=C(C=C(F)S1)P
4558,4641,N1CN1
4559,4642,CCC(=O)SNC(=O)CON
4560,4643,COC#CC=CC1SC=CC=C1
4561,4645,C=CC(C)CCC=O
4562,4646,O=CC=CC=C(O)C(=O)CF
4563,4647,C=NC=CC1=CC(=O)OC=C1
4564,4648,CC(=O)COCCCCCCOC
4565,4649,OC(=O)OC(=O)CCC(N)SNCCNC(C)C
4566,4650,O=CC=CC1C(O2)C=CC1C2C=NC=C
4567,4651,COCNCCNC(C(=O)CSS)C1=NC=C2CN12
4568,4652,COC(CCCCCCCCCCC)OC
4569,4653,CCC=CC=C1C=CC=C(N)C=C1
4570,4654,NOCC1=CC=CC=CC=CC(=O)N=C1N
4571,4655,CC(C)CC(=O)SC1CCN=CC=C1
4572,4656,NC=CN=NOCC(C1)NC2CC1NC=C2
4573,4657,CC=CC=CC=CC=CC=C(S)C1=C=C1O
4574,4658,C=CC(C1)=NC=C(SC=CN=C)NC2C1C2=O
4575,4659,NC(CC=O)CCC(=O)OCSC
4576,4660,OCN=C1C=C(O)CCCCN1N
4577,4661,CNC(C)C(C=CC)=C
4578,4662,CNC=CNCCCC
4579,4663,C1C=C1NCPCC=SCCC2(C)S[NH1]2
4580,4664,C1CCCCCC1CC=CC2=C(Cl)C=CC#C2
4581,4665,S1C=CC=CC=C1N=NBr
4582,4666,CNCCCC(O)C(=O)CCOCC
4583,4668,O=C(CCC12)CC(C)=CC=C1C2O
4584,4669,N=CC(N)CC=NCCC=O
4585,4670,CCCCCOC=CNC(=O)COC(=O)OO
4586,4671,OC=CNC(OC)=C(Br)SCCC
4587,4672,O=C(C(=O)C1)CSC(Cl)=C1
4588,4673,CNCOCCCCC=O
4589,4674,O=CS(OC(=O)C=CC=C=C(Cl)CC)C=N
4590,4675,N(C)NCCCCC1C=CC(C=CC=CC)=C1
4591,4676,O=CC(C)NNCN(O)O
4592,4677,CCCC=CCC=CCCCC(C1)=NC1C
4593,4678,NNC(C1C#CC=CC=C2C=CC)NN1C2
4594,4679,NC=CC=CC(=O)CCCNC(O)O
4595,4680,NNC(=S1)N=C(Br)C=C1C#C
4596,4681,O=C(N)OOCCC1OC=CC=C(F)C1=N
4597,4682,O=C(N)C(N)=CC=CC=CNC
4598,4683,N=1CN(O)N=1
4599,4684,CCN=CCCCC1CCCCOC1
4600,4685,C=CN=NC(C)CC
4601,4686,[PH1]S1N=NC=NC1COCC=CCCN=C
4602,4687,CC(O)C(=O)CCCCCC(O1)CCCNC1
4603,4688,COCBr
4604,4689,OC=CC1(C)CCC1=N
4605,4690,COC1C(N)CCCC(C)C(C)C1O
4606,4691,CC1C=CC(C)CCC1
4607,4692,BrCCC=NCSC(N)C(=O)O
4608,4693,C=1(N)CCCCCOC=1O
4609,4694,C1SC=CC=CC=CCS1
4610,4695,CCCC(C)CC1=C2C=CC=CC1(C=N)C2
4611,4696,OC=NC1=NC(C2)=CC=CC=C2N=C1
4612,4697,CN=C(O1)C(=O)OCOC=C1F
4613,4698,NC=1C2NCCC2C#CNC=1C
4614,4699,CCC(=O)OC1(F)C=NCNC(N)C=C1C
4615,4700,CC=C(O1)CCC=CC(=O)COC=C1
4616,4701,CC=C(CNC)C=O
4617,4702,CN(N)NCC1OC(C)CCC=CSC=C1Br
4618,4703,C1C=CC=CC=CC=CC=C1
4619,4704,O=CCNC=S1(C)(C)CC1
4620,4705,CCCCCC(=O)C=CC1=CC=CC=C1S
4621,4706,CCPC1OC=CC(C)=CC=C1C
4622,4707,CCNCOCCCC(C1)CCNC=C1
4623,4708,OS12(N)CC=C1CC2=O
4624,4709,O=C(NCCCC=CCN1)CC1
4625,4710,CNC1=NN(N2)CC34C(C)CCC23C1=S4
4626,4711,CC1[SH1]OC(O)C1(C=CC)C=C(F)C
4627,4712,NCC=CC=C(C=O)C1(O)C=CCN1
4628,4713,C(C)ON=CC=C(C1=CN2)CC=C(C)CC2=C1
4629,4714,CC(CCCOCCCCC1CC)C=N1
4630,4715,ClCCOCCl
4631,4716,C12N3C=C=C1C=C(F)CC=CC=C32
4632,4717,O=C(N)CCCCC
4633,4718,CN=CC(C(=O)OC=C1C)=CC=CC=C1
4634,4719,O=C(S)C(=O)OC=CC1=NC=CC=C(O)C1
4635,4720,CCC1(CCCCC1=C)C=NNCO
4636,4721,C1=2COC3=CC=CC=C3C1C=C=2
4637,4722,COC=CC=CC(C)C=CC=C1C=C(O)C=C1
4638,4723,CCC(N)(N)C(O)CC=CNC=O
4639,4724,CCN1C(=O)OC=NCCCCCC1
4640,4725,CC(=O)C=C(OC=NC)CCOCS
4641,4726,COC(C)(CC=O)CC
4642,4727,OCOC#CC=C(O)C=COCCOC=CO
4643,4728,C1OCOC=CC=CC=C1N
4644,4729,CC1CCCCCCCNC(C)C1
4645,4731,CCC=CCC=CCC1=CC=CC=C1
4646,4732,C1CC#CC1C2=CCC(N)C2C(=O)O
4647,4733,O=CC(C)CCOC=CC(C)(C)C#N
4648,4734,CCCCF
4649,4735,NCCC1SC=CC=CS2=NS=CC21
4650,4736,CCC(O)C=CC1C=CC#CC=C1
4651,4737,O=CC=NN=NC=CC=CC=CN
4652,4739,CC(O)C(C)CC
4653,4740,CC=CCSC(=O)C=C[NH1]C=C
4654,4741,CCCC=C(C)CC1C=C2C=C3C(N=C)C=C3C2=C1
4655,4742,CC(=O)CCCOC=CC(=O)NC(C=C=C1C)(C)CC1
4656,4743,C=CC=C1C2=CC2C=C1
4657,4744,NC(O1)CNC(=O)C(CCCC=C(S)CC1)=C
4658,4745,N=CC=NC(Cl)=NC[NH1]
4659,4746,S=O
4660,4747,OCOC(O)C(=O)NCC1C=CC=CS1
4661,4748,C(CC=CCS(O)C)=CC1=CC=CC=C1
4662,4749,CC(=O)N1C(=O)CC=CC=C1C=SN
4663,4750,COC(C)CCSCN(O)OC#N
4664,4751,C1OC=CC2=C1CC=C2COCS
4665,4752,CC=CC1(CNCC)N=C(C)NC1
4666,4753,C1=CCC=C1COC(CC)CC(C)C
4667,4754,CCC=NC=CSOCN=C1C=CC=C1Br
4668,4755,C=CC=CC=C(Cl)Cl
4669,4756,N=CC=CC=NC1=CN=C1NCC
4670,4757,S1C=C(C)OC=CC=C1CO
4671,4758,CC(=O)NCC=CC1=CC=CC=C1I
4672,4759,C1CC(N)=CCCNOCNC1
4673,4760,C=NOCNC(CCC=C1C=CN[NH1])C1
4674,4762,CCC(=O)C#N
4675,4763,C1#CC=CC1(C=CN=C2CC(C)=CN=C2C)C
4676,4764,O1CCC2CC(=O)OC(C)NC2O1
4677,4766,CCCCCCOC(=O)O
4678,4767,C1C=CC1(C(C)C(F)=C)Cl
4679,4768,OC(=N)C(=O)C=C(C)NC(F)=C1N=CSC=N1
4680,4769,CON=CC=C(CCCCCCN)CC=C1C=CN=C1C
4681,4770,OCCC
4682,4771,CC(=O)C1=CC=CC=C1N=NNC=NC=C(O)CCN
4683,4772,CCC(=O)CC=CC=C1C=CC=C1
4684,4773,OCCCSC=C(C)C(C=N)OCCCCC
4685,4774,NSC1=CC=C2C=C1C(O)COC=C2
4686,4775,CC(C)Cl
4687,4776,C1CCNC1CCCSCC#CC=NNC
4688,4777,C1=CC=CC=C1
4689,4778,CN=NCC(=O)C(=O)C=C
4690,4779,NC=CC=CC(O)=C1C=C(Cl)C(N=CC=C1)NBr
4691,4780,C=C1CC=C(C)C=COC1N=N
4692,4781,CC=CC=C(S(Br)NO)OS
4693,4782,CC=C1C=CC=C(N)CC1
4694,4783,C1COCCC(=O)C(N)=CC=CN1
4695,4784,CC=CC=NN=C(Cl)C=CC=CNC=O
4696,4785,CCSC=CC1=C2C=CC=C1C2
4697,4786,O=C1SCCCCCC1
4698,4787,O=CC=CCCC(C)[NH1]C=CC1=CN=CC1
4699,4788,C1CCC=C1CC=CC=C2C=CNOS2
4700,4789,CNOC=NC(C)=NC=CF
4701,4791,CCCCCCCC=CC=C(F)NC=C
4702,4792,CCNCCOC(=O)OC=CC(=O)C(C1)C1
4703,4793,NCNC(=O)O
4704,4794,OC(=O)OC(=O)NC(C(=O)C)=CN=CC(N)=CC
4705,4795,SC=C
4706,4796,COCOC(=O)OCO
4707,4797,N1CCCC=C2CCCC21
4708,4798,C=C(C)CCCOC(O1)OC=CC=C1
4709,4799,C1C=NC(C)C(C)=C=CC=C(Cl)C1
4710,4800,CC(C)CCCC=C1C=CCCNCO1
4711,4801,C1CC=C(C(=O)CC1C2)C3C=CC=CC=C3N2
4712,4802,CC=C1CCCC=NN=C1
4713,4803,CCCCCCC(C)(O)C=CC=C1N=C1O
4714,4804,CCSC=CC(O)S1(C)=CC=CC(Cl)=C1
4715,4805,C1COC=NC=C1CCC=C
4716,4806,CC(C1)N(O)CCC1
4717,4807,C1CCCC=N1
4718,4808,C=CCOC=C(C)C=CN=CCCCN
4719,4809,CC(=O)CNC(=O)NCCOC=NCS(S)PC
4720,4810,C12SC=CC=CC=C1C2
4721,4811,CN=C(C)C(O)CC=C1C(C=CNC)=NC=C1C
4722,4812,CN=C1C(O)C2=CC1C(Cl)C=C2
4723,4813,CCC(O)=CC=CC=C(O)Cl
4724,4814,CC=CC=CC(C)CCSC
4725,4815,NC=CC=C1CCC(O)CCC1
4726,4816,OC=CCSC=CC1(C=CC=O)COO1
4727,4817,CC(O)C(=O)OC=CC=CCI
4728,4818,CC=NC(=C)C(F)C(=O)N=N
4729,4819,NCC=CC=C(C=N)NC1=C(Br)C=C1
4730,4820,FCOCC=CC([NH1]1)CCOC1
4731,4821,OC(C)CNC(C=O)N=NC(N)C
4732,4822,COC(C)CCC(=O)NSO
4733,4823,O=CC=NC(C=CC1=CC=CCl)C=N1
4734,4824,C=CC=C(C)NCC(C)=CC=CS
4735,4825,CNN(C)C(C)OCO
4736,4826,O(O1)C=C(NC=CC=CC)C#CNC1
4737,4827,O=CCC(C1(N)CO)C1C
4738,4828,CCC(O)CC1NCCCCCN=CC=C1
4739,4829,CCC(C)C1(C)CCCC=CC1C=C
4740,4830,C1C=CC(O)CNC=NC=CC=C1O
4741,4831,O(C)CC=CCC(=O)NC=C
4742,4832,C=NCOCCC(C)(CCC)CCOO
4743,4833,OCCCC1=C2C=CC=C1C2
4744,4834,CC=CC(CO)C(Cl)=CC=C(O)[NH1]C=O
4745,4835,O=C(O)C(O)C=CC1=CC2=CC=NN1CN2
4746,4836,CCC(C)=CCC1CCC1C
4747,4837,CN=S(N)CC(=O)NC=C
4748,4838,CCNC=C1C=C(Br)N=C2C=CC=CC=C2C1=O
4749,4839,CCOC=CC=C1C=CC(Cl)=CC=CCCN1
4750,4840,C=1COC2(C)C(N)N2CNC=1
4751,4841,N(C1)=CN(C)N(S)C1(O)C=O
4752,4842,CC=CC=C[NH1]C1=CN=CC=C1
4753,4843,NC(C)CC1NCCCC(C)NCC1C
4754,4844,NC=CC=CC=CC
4755,4845,CCC(O)=CN=C(O)C(CCNC(N)=C)=C
4756,4846,NCNCCC(S)(C)ONNCCC#C
4757,4847,CC(O)C=NN(CN=C)CCCC=CC=C(I)O
4758,4848,CC1CCCCC=NC=C1
4759,4849,NCCNC=CN=C(Cl)C=C1C=C1Cl
4760,4850,CCNC=C1C(CCC=2C1C)CC=2
4761,4851,CNC=CNC=CCC=C1C(O)N=C1N
4762,4852,C1=CC=CC=C1S
4763,4853,COC(=O)ONCOC(=O)C(C)CC
4764,4854,N1CONC(=O)CC(C)OCCC1C=NCOO
4765,4855,N(C)(C)ONNCCC=CC(=O)CC1CCC=C1
4766,4856,O(CCC=CC)CCBr
4767,4857,N1NCOCC2C1C(C)=NC2
4768,4858,CC(C)C(C)N(CCC(C)S)C
4769,4859,C=C(N)CN(C)CCN(O1)C=CC=CC=C1
4770,4860,CC[NH1]C(C)N(O)NC(=O)NCNCC
4771,4861,COC1=C(P)C=CC(F)(N)CCC1
4772,4862,N=CC=C(N)CC=C(N)OC=CSC
4773,4863,CC=NN(O)C(C(C)NC=O)CCCO
4774,4864,C1C=2C(C1SC=2C)(O)C=O
4775,4865,CCCC=NC(C)CC1=CC=CC=C1
4776,4866,NOON=C(O)C=CN=CC=C1C=CNC=C1
4777,4867,CC=NN1C2NC(C=C1N=CC=C)C=CC=C2
4778,4868,SCNCCN1C=NN=C1
4779,4869,CCC1SC=CNC2=C1CCN2O
4780,4870,NCSC(=O)C(S)CC(=O)O
4781,4872,NC=CC(=O)N1C(O)OCC1=[PH1]
4782,4873,CC#CC1CC=CC=C1C(=O)CCCCC#C
4783,4874,CCN(N)C=NC=CC1C=CNCCC(Cl)C1
4784,4875,O=N
4785,4876,CCCCCC1C(=O)NON1
4786,4877,CN(N)C1C(=O)N(C)CC=CC=CCCC1C
4787,4878,O=C1CC=CC=C(O)COC1=N
4788,4879,CN1CCC2CC1C=CSCNC=C2O
4789,4880,BrC(SNCC)(C1)CC2CC1CNC2
4790,4881,O1C2=CC=CC=C2O1
4791,4882,CSNCCCCOC
4792,4883,C=CC(CC(C(=O)N)=COC)O
4793,4884,O1C=CN=C1CC(S)=C
4794,4885,O=CC=C(C(O)=C)C=C
4795,4886,CC=CC=CN(C)CC=CC=CCS
4796,4887,OCCC=CC1=CC(C(=O)N)=CC=CC1
4797,4888,C=1C=NC=1SC=NCCF
4798,4889,N=CNC=CC=C[NH1]NC=CC1=CC=C=C1CN
4799,4890,C=CC(C(C)=NC=CC)N(O)NC=NC=CC
4800,4891,CC=CC=CCC=CC=CC(C1=N)C=CC=C1C
4801,4892,CC=CC=C(CC1=CC=CC=C1C=NC=CBr)C=O
4802,4893,CN=C(C)C(C)(C)C=O
4803,4894,C=CC=CC=C(C)N=CN=CC1=CC=CC1=O
4804,4895,CC=CC=CC=CC
4805,4896,CC=CC=NC1SC2=NC=CC=C2CC=C1
4806,4897,C1N2C=NCC=NC=CC=C1CO2
4807,4898,CNCCCC=CCCC(C1)CCCCC1
4808,4899,CC1=C2C=CC=C1[NH1]N2
4809,4900,C1CCCC(C)N1OC2(O)C(C)=C2
4810,4901,O=CC=CC=C(CO)C=O
4811,4902,COC(C)NNC(N1)CC=NC=C1
4812,4903,O=CN=NCC1CC(N)C1
4813,4904,C=NNCCCC(C1)(C)C2C=CC=C1C2
4814,4905,CN(CCCCCC=N)CCO
4815,4906,S=CCC1=CC=CNC(=O)NC=C1
4816,4907,CN(C=O)CC(Cl)CC=C
4817,4908,CCN=CSF
4818,4910,CCC1C2CC=CC=C2O1
4819,4911,OC=NC=CC=C(NCC)C=O
4820,4912,CSC=NCCCCNC1C=C(C)OCON1O
4821,4913,CN=CN(C)CC(O1)C=CCCC1(N)OC
4822,4914,CNC(=C)C1=CC=C(Cl)N=C1[NH1]
4823,4915,CCNC1=NC(O)CC=C1
4824,4916,CC(N)CCCC(N)C(=O)O
4825,4917,CC=C[NH1]C=NC=C(O)NCl
4826,4918,O=C1NC2=CC(F)CN2N1
4827,4919,C1CCNC1C=CC=CC2=CC=C(Cl)C=C2
4828,4920,C=CC=CC=SF
4829,4921,CC1=CCCC=C1C(=O)O
4830,4922,C=C1C=C2C(C3C)=CC2=C1N3
4831,4923,O=CC=CC#CC=CC
4832,4924,CN=C(Cl)C=CC=CSC=O
4833,4925,CCC1CC(=O)C=C1CCCC
4834,4926,C1=CN=C=C1CC=CC=CN=C[NH1]
4835,4927,CCCCC12OCCC1C2
4836,4928,C1CCC1C=C(C)C(O)S2CCCC2
4837,4929,CC#CC(=O)CNC1CC=C(O)N=NC=CNCON1
4838,4930,CCCC1(Cl)C=2CCC1CN=2
4839,4931,OC=CC=C1C=C(N2)C=CCN=C2NCCC1=O
4840,4932,CC=CS=C1C=CN=CC=CC=CC1
4841,4933,CC(=O)NC(=O)CCC(O)C(C)=O
4842,4934,N1C(=O)OC1C=C(N)COC2=CC=CCS2
4843,4935,N(C)C(F)N=CC=CC1=CC=CC=C1
4844,4936,NCC(=O)COC=CC1=CS=NC=C1Cl
4845,4937,CC=CC=C(O)C=CC1=CC=CN=NS1
4846,4938,COCC=C(CC=C1C)CS=C1
4847,4939,CC=C[NH1]C=CC=COCNC(=O)N
4848,4940,C=CC=NC=C(C(N1C=CC2)=C)OC(C)(Cl)N21
4849,4941,O1C=C2C=C(NCN2C=CC1(SC)C)CCC=S
4850,4942,CC=CC(=C)C(O)=CC=C(Br)CCNCN[NH1]O
4851,4943,C=NNCC=CC=C1C=CC(F)=C1
4852,4944,PC=CC=C(N)C=CC=CC=C
4853,4945,CC1C=CC=CC=C(F)N=C1
4854,4946,C=NC=C(C)CN=NC=CC=CC=NO
4855,4947,CS(C)(=O)OC(O)C=C
4856,4948,C=CC(=O)C1=CC2=CC=CN=C2C1
4857,4949,O=C=CC=C(O)CC
4858,4950,CCN[NH1]CC=NC=N
4859,4951,CCNCCCC(=O)NC
4860,4952,NC=CC=CN=CC=NC=CC=C
4861,4953,CC=CC=NC=CCS1NO1
4862,4954,O1C=CC=C(F)C1C=CC=O
4863,4955,CC(=O)C=C(O)CC=CONC=C
4864,4956,CCCCCCN1C2C(C)=CC=C2COCC1
4865,4957,CCC(=O)C=CC(=O)OC(O)CCCC
4866,4958,O=CC(C=C1C=NCC2C)=CC=CN1OC2
4867,4959,CCCCN(C)C=O
4868,4960,CCC=NNCOC
4869,4961,O=CC1=CC=C[NH1]1
4870,4962,CC=C=NC
4871,4963,OC(C)CCCNC1=CN=C(C)OC1
4872,4964,OCCNC(C)=CS1NC=CCC=CC(=O)C1
4873,4965,O=CC=C1C=CC=CC=C1Cl
4874,4966,NC(C)=NC(C=C1C=C(O)C2O)C=CC=C2C=C1
4875,4967,CCN=CSN=C(S)CNCCCCC
4876,4968,NCNC(=O)OC(C(=O)C)=C
4877,4969,CNC=C(O)CCCO
4878,4970,CN=CC(C=C(N)C1=O)NC(N)NCCCN1
4879,4971,CC=CS1C=CC(C=CCSC1)=O
4880,4972,OC=CC(C)NC(=O)O
4881,4973,CC(N)C=CC=C(N1)N=CC=C1
4882,4974,CCCNCC=O
4883,4975,CC=CC=C(NCCC1=C)C=CC=C1
4884,4976,NC=CC=CC=C
4885,4977,CC1=CC=CC=C1C2=C(O3)N=CC=C3C=C2
4886,4978,C1CCCC1OC2C=CCO2
4887,4979,NC(C)C1=CC(O)COC(=O)C=CC=C=N1
4888,4980,CC=CC=C1C(O)C=N1
4889,4981,CNC(=O)N=CC=CC
4890,4982,C=CC(C)C1C(O2)=CCC1=CC=CS2
4891,4983,CC=CNN(C1)CSNC(N)OC1C
4892,4984,C1CSC=CC(=O)C(O)C=C1SC=N
4893,4985,C=CC1SC=CN=C1C(=O)O
4894,4986,C1C(C)CC=2COC=CC=2N1
4895,4987,CC=NC=C1C=C(C)C=C1
4896,4988,CCN=C1CCCCC1
4897,4989,CCCC(=O)CC1OC(C)C(C)CCCN1
4898,4990,C1CC2=CC=C1C(=O)OCN=N2
4899,4991,O(C1CCCC2C1CCC)CC=C2O
4900,4992,CCCN=CC1C2=CCS(F)C2=C1
4901,4993,O1C=CNCC=CC1
4902,4994,CCCCNCC1=C(O)C1C=NCSC
4903,4995,SCN1C(=O)C(=O)OCCCCC1S
4904,4996,SC(C)[NH1]C(=O)O
4905,4997,OC(=O)CC=CCNNC=O
4906,4998,CC(O)C=1NCC(N2)(F)C=CC=C2C(=O)N=1
4907,4999,CNC(C)C12CCCC1C(=O)C2
4908,5000,OCN=NCNCNC=CC=C(N)C1(O)C=CC=C1
4909,5001,CC=CC(C(I)C=CNNC1C(N)=CC)=C1
4910,5002,CCC(O)C(C)CC(=O)OCO
4911,5003,C1NC(=O)C1
4912,5004,CC(C)C=CC=NSC=CC=C1C=CC#C1
4913,5006,O=CNCCC=CC(C)O
4914,5007,CC1C(C)OC=CCCC(C)C1
4915,5008,CC(=O)CBr
4916,5009,CNC(=O)C(=O)OOC=NCOC=CC=CC#CCS
4917,5010,OCCC(=O)CCCC
4918,5011,C1CCC=C(O)C=CC=CC=N1
4919,5012,C1CN2CCCSC2CCCCN1N
4920,5013,CNC=C1C=C(O)C1CNON
4921,5014,CC(=O)N(C1=CC=CCS)C1CBr
4922,5015,C=1C=CC=CC(=O)OC=1
4923,5016,CN1C=CCC(O)C(=O)C=C1O
4924,5017,NC(C)=CCC=CC=CC1C(N)(F)C1
4925,5018,C1CC=CC=CN=C(C=CC=C12)S2C
4926,5019,CC(C)NCC1N=CCCOC=C1
4927,5020,C1CC=C(NC1C2OC(C)C)CC=C2
4928,5021,C1NNCSC1Cl
4929,5022,ClC(OCC(C)C)C(=O)O
4930,5023,C1=NC=CCC(Cl)N=CN1O
4931,5024,CCC(P)CC1(CCCCC2NO)CC1C2
4932,5025,CC=CS(Cl)CCC(F)=CC=C
4933,5026,CCCCCCCC(CC)C(=O)O
4934,5027,C1C(CCCNC=CC)=C1NC
4935,5028,CCC=C[NH1]C1NC(=O)NCCC1=N
4936,5030,O=NC=CN(C)NC=CN(F)C
4937,5031,CCC(C=O)CCNCCCCO
4938,5032,CCCS(C)(=O)CCS1C2=CC=CC1C2
4939,5033,O=C(O)C(CO)C=C1CSC=NC1
4940,5034,CCCCNCC=CC1(C)C=CC=C1
4941,5035,CCCCCC1CCOC=CN=CC1
4942,5036,CC=CC=CC=CC(=O)O
4943,5037,CC=CC=CC1=NC=CC=C1
4944,5038,N1C(=N)CCNCCCC[NH1]1
4945,5039,CCCCCC(=O)CCCCCSC1=NC1O
4946,5040,CCC=CC(C=C1Br)=CC=CC=C1O
4947,5041,CN=CN=C(Cl)NCOCN
4948,5042,C1=CC=CC2=CC(=O)S1=CN2
4949,5043,CC(CC(=O)CBr)C=CC1(O)C(C)(O)N1
4950,5044,CC1C=C2C=CS(Br)C=CC=C21
4951,5045,CCCNCCCSC(=O)N=C1C2N=CC1O2
4952,5046,C1N=C1C=CCC(=O)CC=S
4953,5047,C1C(N)=CN(C)C=CCC1
4954,5048,NCCC(S)CC=CC=CC1=CC=CC=C1[NH1]
4955,5049,OCCNC(=S)CNCCCCO
4956,5050,CC(=O)NCCON=CC(=O)CNN
4957,5051,CCC(N)N=NC=CC=CC(CC)C=C(C)Cl
4958,5052,CCSC(C)(C)C=CC1=CC2=CC=CC=C2CC=C1C
4959,5053,C=CC=CC(C)=CC=C(Cl)C
4960,5054,OCCCC(C1=CC)=CC=C1CO
4961,5055,NN(C=CO)C(C)N(O)CCCNO
4962,5056,C1C(O)=C1C2(CCC)CCCCC2
4963,5057,CCCCCSCCOC=C1C=C2C=CC=C21
4964,5058,CCC=C1C(O)CC2C1CC=CC=C2
4965,5059,C=COCNS(C)CC1CCCCN1N
4966,5060,CON=NC=C
4967,5061,CCNC(C=1)CC=CCCCC(C=1)CC#C
4968,5062,CC(CNCC1(O)C)=CC1C(F)C=CC=N
4969,5063,CC=CC=CC1=CC=CC=N1
4970,5064,CN=CC=NN=C1CON=CCC1
4971,5065,COC(C)C=C(C)CC
4972,5066,OCC
4973,5067,CC=C(C)CCC(F)C1C(O)CC1
4974,5068,NCNCN(N)C(O)OO
4975,5069,N=CSNC=CC1=CC2=CC=C1C2C
4976,5070,CC(=O)C=CC=C(C)C=CC=C1C=CC=C1
4977,5071,C1C=CC(N)CCSCC1
4978,5072,CN=CCCC(=O)CCC
4979,5073,CCCCCCCC(=O)CN=C
4980,5074,CC1CNCC=C1C2CNCNC2
4981,5075,COC=NCNBr
4982,5076,N1C(=O)C(N)=NC=CC1
4983,5077,CC=CC=CC=C1SCOC=C1
4984,5078,NCOC#CNC(=O)OC
4985,5079,CCOCSN(C)C=NC
4986,5080,CCNNCCC(=O)C=CC=C=C[NH1]C=CC#CN
4987,5081,CC=CC=C(F)CC=CN=CC=CC=C
4988,5082,CCCOCOCCOCNCC
4989,5083,CCC1=CC[NH1]C=CC1C(C)C
4990,5084,CCC=CC1(C)CC2CC1CCCCN2
4991,5085,CCC1CCCCC12C=NCCC2
4992,5086,C1CC(N)CCOCCC1
4993,5087,NC=CC(C)OCOOCCCOF
4994,5088,NNCCNCBr
4995,5089,C=C1C=CC(O)C=C[NH1]C=NC=C1N
4996,5090,CCC=CC(=O)SC(N)C=S
4997,5091,NCC=CC=CC=C[NH1]C=CC=O
4998,5093,OCCCN=CC1=CC=CC=C1Cl
4999,5094,CC1CC(CC12CCN)NC2CNCC
5000,5095,CC(C)OC=C(CN=CC1=O)NCCC1=O
5001,5096,NOC=CCCC(=O)NN1C=CC=C1
5002,5097,CCNC=CN(Cl)C(O)C(=O)O
5003,5098,CC(=O)O
5004,5099,CPCCCC=CC(C)(O)O
5005,5100,CC=CC=C1CC=CC(O)=C1
5006,5101,O1C(=O)CC(=O)C=CC1C=CSN
5007,5102,CC(O)C(C)CC(O)CC1CC(C2)=CC=CS2NCC1
5008,5103,CNC1(CO)C(=O)C(O)C=C1N
5009,5104,CC=CONCCC1C=C2C=CC=C2CNCC=N1
5010,5105,C=C(CC=1CC(C)C)CCC(C)OC=1
5011,5106,OC(CC(=O)N1N)=CNC1S
5012,5107,CCC(=O)CCCC(OC)=N
5013,5108,CC(Cl)C(C)CC(C)CNC(N)S
5014,5109,CC=C(C)C1CC2CCCC2C1
5015,5110,OC(C=CC)C(C)N[NH1]CCCC
5016,5111,CCCC1CNC=CC=C1C(N2)C2
5017,5112,OC=CC(Br)C1C(Cl)CNC=C1CCN
5018,5113,NCC=CC=C[NH1]C=C(C1)OC=NC=C1CC
5019,5114,NCC=CN=C1COC=N1
5020,5115,O=C(O)C=CNC=NC=NN=CN=CC=C
5021,5116,CC=NC=CC=C1C=C(Br)N=C1[SH1]C
5022,5117,CC=CC=CC1=C2C=CC=C1S2
5023,5119,C#CC(CCCCCCCC)C(=O)NCC
5024,5120,C1N=C=CC=C=C[NH1]1
5025,5121,O=CCCCOC(=O)OC
5026,5122,CC(C=NC1=CC2=C3[NH1]1)C=CC2N3CC
5027,5123,NCC=CCNCCC(C(O)C=O)=C
5028,5124,NCC=O
5029,5125,C1NC(CC2C)NC1C2
5030,5126,CCC=C1C=C2C3=C1C=CC=C3CC2
5031,5127,C1C=CC=C(CN2C(=O)C)C1C=C2
5032,5128,CCC(C)=CCNC=CC1CCOC1
5033,5129,CC(N)=C
5034,5131,CC(C)C=CC=CC=CC1=CC=C(CCl)C1
5035,5132,CN1CCC=CCC2C=C1N(O)C2
5036,5134,CCCOC=NNN=CP(O)(C)CC=NO
5037,5135,C=C=CC=C(Cl)C=NC=CN
5038,5136,C=CC(C)C(=O)CC(C)(O)S=C
5039,5137,CC1=CC=C2C=C1CCC=C2C=NCN
5040,5138,C(N1)CNC=C(CCC)OC(C)=N1
5041,5139,C1OCC=CC1CC(C)C=CN(Cl)CN=C
5042,5140,CC(C)CCC=CC(C)F
5043,5141,OC(C(C(C)C)N)(C1)CCCCC1C
5044,5142,CC(=O)C(N)OCCC=O
5045,5143,O=C(N)C=O
5046,5144,CC=CC=CCNC1=CC=CC=CC(C12)S2O
5047,5145,SCCC=C1N=C(NC)C2C=CCC=C2C1
5048,5146,O=CC(CCO)CCCl
5049,5147,C=CC#CCNCC1=CC=CN1CC
5050,5148,CCC=C1C=NCN1
5051,5150,CCCCN=NCNCOC(=O)O
5052,5151,CC1=CC=COC1C(=O)O
5053,5152,CCN(O)COC=CC=CC=COC(Cl)=C
5054,5153,CC=CC1=CC(C)=C1I
5055,5154,OC(CN=C1OCNCC12C)CC=CC=CC=C2
5056,5155,CN(O1)CNCC=CC=C1C=C
5057,5156,O=C1[NH1]C=CC(C)=C1C=CC
5058,5157,CCC(=O)NC1(C)CCC1N
5059,5158,O=CC=C1C(C)CCC1C=C
5060,5159,CNCCCCCC1CCCCN1
5061,5160,CC=COC=C(C1)C=CC=CN=NOC1
5062,5161,O=C1[NH1]COC=C2C=CC(N)=C2N=C1
5063,5162,CCNC1CNCCC(O)COCN1
5064,5163,CNCCNC=C(C=C1C)CNC=C1CCCC
5065,5164,CC=CC=C(S)CC(O)=N
5066,5165,CC1COC=NC(C)CN=NO1
5067,5166,CC1=NC=CC=C1CCS2NCOC2
5068,5167,CCNCCCCNOC
5069,5168,NCC(C)=SCOC=NN=C[NH1]
5070,5169,CCCCCCC1CC=CC1(C=CC=CC=N)CCO
5071,5170,OC(O)C1=CC=CSN1C
5072,5171,CC1CCCC1OC(Cl)C=NCCCC=C
5073,5172,C1OC=CC=CC(=O)N(N)C1Br
5074,5173,CC=NN=C(C)C=C1CC(=O)O1
5075,5174,NCCC(C=C1C)(I)CCSC=C1
5076,5175,O=C(C)NC=NNC=CC=CC
5077,5176,CC=C(O)SC=CS(=O)C1N(N)CCC1
5078,5177,CCOC(=O)OCCCC=C(O)CCC
5079,5178,C(C)SCN=CCCCOC#C
5080,5179,NNCCC(C)CCCCCC
5081,5180,OC=C(N)NCNC
5082,5181,C#CCOC(=O)CCSCC=O
5083,5182,CC=CC(N)C(=O)O
5084,5183,O=CCOC=O
5085,5184,CS(C)OC=CC1=CC=CC#CS1
5086,5185,OC=CC=CSC1[NH1]C=NC=C1
5087,5186,C[NH1]C=C(O)CCN1C(O)=CC=C1C=CC=CO
5088,5187,OC(=O)OC=CC=CCCCl
5089,5188,N1CCCC=CCCCCCS1C
5090,5189,CCNCCCCCC=CC#CC1N=C(O)CC1
5091,5190,CC(C)C(=N)NC(=O)C[NH1]C1=CC=CC=C1C=O
5092,5191,CSC=C1C=CC=CC12C3C=CC=C2C3
5093,5192,COC(=O)C1=CC(F)C=C1CC2=CN=C(Cl)NC2=O
5094,5193,[PH1]OC1=NC(=O)OC=C2C=CC1C2
5095,5194,CC=CC=C(CNC=O)OC
5096,5195,OC(=O)C(C)C(C)CCCC=N
5097,5196,N1C(=O)OC1=O
5098,5197,N(CC=CCN=C=CC=C1)(Cl)C(N)=CC=C1
5099,5198,N(=O)NCOC(=O)C=CC=CC=CC#N
5100,5199,CCCC=CC=CC=C=COCOCC
5101,5200,CC(=O)C(N)CC(=O)OC
5102,5201,O1C(CPO)C=CN=C(Cl)N=C1
5103,5202,OCCC(C)=NC=CC#N
5104,5203,O=C(CN(Cl)CC=C)C(CCC)C
5105,5204,CCC=NC1=CC=C(O)CN1C=CC=CN=C
5106,5205,O1C(=O)CCC1(C)OCS(C)CC
5107,5206,OC(C1)CCCC=CCCC1OC
5108,5207,C=SC(S1)=CC(C)CCCC1
5109,5209,NC(C)(O)COC(C)SCCC
5110,5210,C(N)C=O
5111,5211,C=CC=C=C(C)Cl
5112,5212,P1OCCCCCN1C2(O)OC=C2N
5113,5213,CCOC(=O)CCCCCCCCCC
5114,5215,C=CCS1C=CNC=C1
5115,5216,CC#CCCC(C)(N)C=C
5116,5217,N=CSC=NC=N[NH1]C=CC=C1CCCSC1
5117,5218,O1NCC1O
5118,5219,SN=NCC(=CC=C1C=C[NH1]C)C1
5119,5220,CCC=CC=C(N)C=CC=CNCC(=O)NCC
5120,5221,CC=C(Cl)C1N2C=CN=C1C2O
5121,5223,CCN(N)Br
5122,5224,C=CC=CC(=O)C=CC(S)C=CCl
5123,5225,CC=CC(F)CC1CCCCCC1
5124,5226,OCCCCCC1C=CC=CN=C1O
5125,5227,CC1(S)NC=C2C=CC=CC(C)=CC1=N2
5126,5228,N=CC(=O)C=O
5127,5229,NCC
5128,5230,CSC=C1C=NC=CC=CCCO1
5129,5231,CN=CC=C[NH1]C=CC1=CC=CC=C1
5130,5232,CC=CC=C(C1Br)COC=C1
5131,5233,NSC(C)=NC(=O)NC=CC=C
5132,5234,OC=CC=CN=CC=CBr
5133,5235,CC=C=CC=CN=C(Cl)SC=CN=C
5134,5236,N(N1)C=NC(C)C(=O)C=CC=C=CC1
5135,5237,C1NC1C=O
5136,5238,C1C(C[NH1]C=C1)NCCO
5137,5239,S#CC=NC=CC1=C2C=CC=C1C2
5138,5240,COC=CC=CC=C(Cl)C
5139,5241,C1=CC=C1C
5140,5242,CSC(=O)O
5141,5243,CNC=NCCCC(C)CCCOC
5142,5244,COCC=CC=C(S)C=C
5143,5245,CC=CCC(O)C=C1S(O)C=CC=C1
5144,5246,O=C(O)NCC1CC=CC=CC1Cl
5145,5247,BrC=CC=C1C=CC=C[NH1]1
5146,5248,C1NCNC=CN=C(C)N=CC=C1Br
5147,5249,NC=C1C(C)OON(C(N)S1C)NC=C
5148,5250,C(=O)ONC(=O)OC=CC(C)N=CN
5149,5251,CCNC(=O)CC=CC=CCC[NH1]CC
5150,5252,NNC(C)C1NC=CC=C1
5151,5253,NOCC(=O)NC(=O)N=C
5152,5254,CCCOC
5153,5255,CCC(C)=NCCCC(N1)=N1
5154,5256,CSC(SC)NN(O)C
5155,5257,CCC=1CCCC2=CC=1N3C=CC=CN3C=N2
5156,5258,CC=CC=CC=C(C)C=C
5157,5259,CC=NC1C(Br)=CC=C1C2CC=CC=CS2
5158,5260,C1CCCC(C)C1NCC
5159,5261,CC=CC=C(N=CC=CS1)CC=CC=C1
5160,5262,NC=CC=CC(F)(CC)C=O
5161,5263,CC=CC=CC=CC=CC=C
5162,5264,COC1=C2C=CC=C1CNC2
5163,5265,C1C=CC(CC(C)NCCN)CC1=NC
5164,5266,CC1=CC=CC=C1C=CC(C=O)(C23N)CCC2C3
5165,5267,OCCC=CC=CC(C1=CO)COCC1
5166,5268,CC(N)C=CC(=O)NC(=O)C#CC=C
5167,5269,COCCCCCCC
5168,5270,O=C(C)CCC(=O)N=CC(S)=C
5169,5271,BrC=CN=C(C)O
5170,5272,O=NCCNC(=O)OC(=O)C1=C(C)CC=C1
5171,5273,N#CC=CC=CCOC=NC=CC
5172,5274,CCC=NC=CC=CC=CF
5173,5275,COCC(=O)NC(=O)C=CCSC=N
5174,5276,CC#CCC(N)C(=O)OC
5175,5277,OC(=O)NC[NH1]C=NCC=C=O
5176,5278,NN=C(C(=O)C1N)C(I)=CC=C1C=O
5177,5279,CC=CN=CC=CCN1NC(=O)CC1=O
5178,5280,CCCCCC=NC=CCCC
5179,5281,O=CC=CC=CC=CNC=CC=C
5180,5282,OCCCOC=CNCCCS#C
5181,5283,O=P(=O)CC(C1)OCC=CC=C1C
5182,5284,CCCCCCC(=O)C(C)C1=C2CSC1C2
5183,5285,C1CCC=CCCC=NC=C[NH1]1
5184,5286,NCCCOC(=O)C(C)C1CC=CC=C1
5185,5287,C1N=CC=C2CC1C=CS[NH1]C2
5186,5288,CC(=O)C=O
5187,5289,CC=C1C=NC=CC=NCCCC1=O
5188,5290,CC(CC=CSC=CC)=C=NCl
5189,5291,NCCCCC(COCC1)=CCCCC1
5190,5292,NC=CN=CC=CC=C(F)C=O
5191,5293,OC=CC=CN=CS1C=C(C)CC=C1
5192,5294,CCCNCC[NH1]C
5193,5295,N1=CC=N1
5194,5296,CC(=O)NC=C(Cl)C(C1Cl)=CN=CC=C1
5195,5297,CC=CC1C(O)CO1
5196,5298,OCCCCCC(=O)C=CC=CC=CN
5197,5299,N=CC=C1C=CN=C1C=CC=CO
5198,5300,C#CCC(C)=NCCCCC(C)OO
5199,5301,CC=CC=CCC=C(S)N=CC=CN=C(Cl)CN
5200,5303,COC(C=CC=CN1C)N2CCC1CC2
5201,5304,COC=C1C=CC=CC(=O)SCN1
5202,5305,CN=CC=CC=C(Br)CC=CN1N(C=O)OC1
5203,5306,O=C(CC(C)=CNCC)CCN
5204,5307,N1CCCC=C1
5205,5308,C1N=C=C1C=CC=C(C=CC=CCl)C
5206,5309,CC=CC=C(N)C=CC=CC=CC=CS
5207,5310,COC1(N)NCCC12N=CC=C2
5208,5311,OC=CC1=CCCC2CCC1=NC2
5209,5312,O1CC(CC2CCCC2)CC1
5210,5313,NCN1CC1CCCCCCCCC
5211,5314,CCC(=O)N1C=CC=CC(=O)SC=N1
5212,5315,COC=C1C=CC(I)=C(F)N=C1
5213,5316,CSC=NCN1CCC(NC2=C)C=C1C=C2N=N
5214,5317,CPN=CC(O)C(=O)C1NCCC1N=C
5215,5318,CNNCC1SC2=CC(C=C1N)N=C2
5216,5319,C=CC=CC=C(N)C1=CC=CC=C1CCCl
5217,5320,CC(CC(C)(C)C=O)O
5218,5321,CC=CC=C(O)OCC(O)N=C
5219,5322,C1CC1CCCCC=O
5220,5323,C1C#CC=C1NSCCCC(=O)N=NNSC(Cl)=C
5221,5324,[NH1]=C(O)C(O)=C(Cl)CC1([NH1]CO)C=CC=C1
5222,5325,O=CC=C(C=NC)CC=C(OC=CC=CC)SN=O
5223,5327,CC(C)C(S)C=N[NH1]C=CNC1CC=CC=C1
5224,5328,O=COSC1(N)[NH1]C=CCCNCC1
5225,5329,C=C(O)C
5226,5330,NC(=O)CNCCCCCC(=O)O
5227,5331,CC=C(Br)C1NC=CC2=C1C=CC=C2
5228,5332,CC=CC1(C)OC=CC=C(O)C1O
5229,5333,O=CC=CN=C(O1)CCCCN1
5230,5334,C1C2=CC(C)CC2=C1O
5231,5335,CC(O)C=CCOC=CC=CC=C
5232,5336,COC=C1C=C(C)N=CC=CN1
5233,5337,CC(C)=CC(N1)=CC=COC1=CCCCC=C
5234,5338,NCCCCCC=1CCCCC=1C=O
5235,5339,C1C=CC=CCC=CC#C1
5236,5340,CCC=CCCC=C(C)CC1=CC=CC=C1
5237,5341,CC(=O)C(C)(C)CC(N)C(=O)C
5238,5342,C#CCOC1=CC=CC=C1CO
5239,5343,OC(=O)CN(CCO)CC1=C2N=CN1N2
5240,5344,CC1N2CCNC1C3=CC=CC=C3SN2
5241,5345,N1CC(O)C1CCCCCCCC
5242,5346,CC=CC=C(C)F
5243,5347,C=C(C)COC=CC=CC=CCl
5244,5349,COC(=O)C(C)(C)CC(C)CCC
5245,5350,NC=CC(C=1COC=CC=C)C2=CN(C=C2)N=1
5246,5351,NC1=CC=CC=C1C2=CC=CC=C2CO
5247,5352,C1(=O)CNCC(C)CN1NCO
5248,5353,O=C=CC=CC=CN=C
5249,5354,O=CS=1C=CCN=1
5250,5355,NOC[NH1]C1(F)CC(=O)CC(C)C1
5251,5356,NC=C(C=NC=CC)C=S(C)F
5252,5357,O=C(NCC)C(=O)SC(N)C(S)S
5253,5358,CC1CCC(=O)C=CCC=C1Cl
5254,5359,NNC=C1NC(=O)C=C(N)CCN1
5255,5360,CCCCC#N
5256,5361,CC(C)=CC(COC=CC=CC=C=NC)O
5257,5362,O=CN=CC=C(O)CC=O
5258,5363,COC=CC=C1[NH1]C=CCC(O)COC1
5259,5364,CCCCCC(C)C
5260,5365,NN=C(C)CC1=CC=CC=C1
5261,5366,CNC(=O)CCC=O
5262,5367,CCC=C(C)CC1OC=C(O)C=CC=C1
5263,5368,CC=CC=C=C(Cl)[NH1]C(OOC=CN=C)[NH1]
5264,5369,CC=CC=CC=C(CC=CN=N)OC=O
5265,5370,C1C(C)C1=CC=C2C=C3CN2C=N3
5266,5371,COC(O)C(O)C1CCCCC(C)=C1
5267,5372,C=C(C)OCC1=C2C=CC=C=C2C1C
5268,5373,O1CCC1C(N)C
5269,5374,COC(=O)SC(NC(N)=CC=CC=O)O
5270,5375,O=CN=CC=CCCl
5271,5376,N(CCCC1CC)CCC1=O
5272,5377,CCC(=O)C1=SC=NC=C1
5273,5378,CCC1CCCN2CC=C1CC2=O
5274,5379,CCC=CC=C1C=CC2=CC=CC=C21
5275,5380,CCOCC(NCCC)(C)CNNCCC
5276,5381,CC(N)C#CSC=CN=CC=CC=CC=CCl
5277,5382,OC=C(C1CCC2CC)CCCC21C
5278,5383,CCCOC(C)OC[SH1]O
5279,5384,COC(=O)NCC1C(=O)COC1
5280,5385,CC(C)NC(C)SC1=CC=CC=C1
5281,5386,O1C(CCC)C1CCC2NCC3CC=C2CSC3
5282,5387,CC(CC1OC=O)CCCCC=C(N)NS1
5283,5388,CCC(CC)(O)NC=O
5284,5389,N=CC1(CS)C=C2C=CC=CN=C1N2
5285,5390,CONC=CC(O1)C2(C)C1NC=C2
5286,5391,ClC=CN(F)C1C2=C(Cl)CC=C1C2
5287,5392,NNCOC(C=CC1=[PH1]N(N)C=CC)=CC=N1
5288,5393,C1=CCCCC(=O)NC1C
5289,5394,CC=C(C1CC=CC=CC)CP1=C
5290,5395,CC1SCNC(C2)CCCC12C=C
5291,5396,CC(=O)OC(=O)C=CC
5292,5397,O(C)C(O)C=C(N)C(O)C=CC=CC=C
5293,5398,NC(C)=CC=CC=CC1=CC=CC=C1
5294,5399,NC1=NC=CC2=C1C=CN=C2
5295,5400,NCSC1=CC2=C(O)C=CC2=C1
5296,5401,OC=CC(Br)=C1C(C(=O)N1)Cl
5297,5402,CCC=NCNC(C)=C1C(C)C=C1
5298,5403,CCOCC1(C)OCCCNC1
5299,5404,O=CC=CC=C(O)C(=O)SC=N
5300,5405,C=NC#N
5301,5406,O=C(CC=CC=C(C)Cl)C
5302,5407,CC(C=CC(C)C)CCCl
5303,5408,O=C(C)OC(=O)C(C(=O)O)Cl
5304,5410,C1CCC(Cl)C(C)CC1
5305,5411,CN=C(C)C1C(N[NH1]C)=NOC1
5306,5412,CCC1=CC2=CC=CC=C2O1
5307,5413,COC(=O)NC(N)N=CN[NH1]C#N
5308,5414,NC(=O)CC=CC=CC(C1)CC1=C
5309,5415,CC=CCNC=CC1C=CC=CN=C1
5310,5416,OC=C1C(C)CC2CCCC2CSC=C1CO
5311,5417,CC1=CC=CC=C1CCOCC=N
5312,5418,N1=CC=C1C(=O)CCCNC=CCO
5313,5419,SC(O)CNCC(C)C(C)(C)C
5314,5420,C=CN=C=C(N)C1C2=CC=CC=C12
5315,5422,CCCSCNCC(=O)O
5316,5423,CCCC(C)=C(N)COCC(CC1COCC1)C
5317,5424,C1CCC(=O)CNC(=O)CCC1
5318,5425,COC=CCSC1CC=CC=C1OO
5319,5426,CC(=O)NC(=C)C1C(=O)C=C1C=C
5320,5427,C1C=NNC=C1NCC(=O)OO
5321,5428,C[NH1]C=S(C)CCN
5322,5429,N=CN=C(C=CC)CC=CC=CNC=O
5323,5430,CC=C(N)C(=O)OC=NC=C1CCCCC1=C
5324,5431,C1CC(=O)C=CC2=C1C=CN=C2NC#CC=C
5325,5432,N=CSC1=CC=CC=C1
5326,5434,OC(=O)C=C(C)C1C(=O)C(C)N1
5327,5435,C=SC(C)Cl
5328,5436,COC=C1C(C=CF)C12CNCN=C2
5329,5437,O=C1C2C(C)C=CC(C=C1)CN2
5330,5438,CC(CCC1)NC(=O)C(=O)ONC1
5331,5439,C=CC=CC=C1C=C(O)C=C1
5332,5440,COC=NC(=O)NC(=O)O
5333,5441,O=CC(C=CC1=CCNC)(Cl)C1
5334,5442,CC=CC=C1C=C(CCC12)CCCC=C2
5335,5443,NOC1(O2)CCCC=C2N1
5336,5444,CC=CC(=O)C1=C(O)C(Cl)(Br)OC1
5337,5445,C=CNCC1=CC(C2)N(C)C=CC=C21
5338,5446,OC=CC=CC1=CC(C)=CC(N)C=C1
5339,5447,C(S)NC1C(=O)CCC1
5340,5448,CCC=C(CCCCCOC=O)ON
5341,5449,N=CC=C1NC=CC(Cl)=CC=C(Cl)C1
5342,5450,O=C(C=CCOC(=O)OC=CC=C)O
5343,5451,CCC(C)OC(=O)C=O
5344,5452,CC1CC=CC(C)=NC=C1
5345,5453,CCC1C(=CC=CC1C)C2CCCC2
5346,5454,CNCCOC(C)=NNC=CO
5347,5455,CN=CC=C=CC=C(C)C=O
5348,5456,CCNC=C(C)C=CC=C[SH1]=N
5349,5457,O=CC1=CCCCCCC(=O)C=C1
5350,5458,CNC=CC(=O)OC(O)C=CCl
5351,5459,C1OC=C(C(C)CC)C1
5352,5460,C1CCNCC1NCCN
5353,5461,CCOC(N)(C)C=O
5354,5462,CC(=O)C=CN1C=NC=C(Cl)C=CC=CC=C1
5355,5463,OC=CC=CC=CCOC=O
5356,5465,C=1COC=C=1
5357,5466,NCCCCC=CC(C=O)COCCC
5358,5467,CCCCC=CC=C(C)C=O
5359,5468,N1CNCC=CCSC(F)=CC=C1
5360,5469,N#CCCCCCCC
5361,5470,OC([SH1]CNC(=O)CC)NCC
5362,5471,NCCOC(=O)O
5363,5472,CN=CN=C(N)CC(=O)OCN
5364,5473,CC(C)C=C(CC1[NH1]N)CC=C1N
5365,5474,N1C(=O)CC2=CC3=CC=C2NC3=N1
5366,5475,NCCCCOCOC(=S)NCNO
5367,5476,NC=C1C=CC=CN1N=CC=CON
5368,5477,CNC(C)=CCOC=CNCCCO
5369,5478,CNCC(=O)[NH1]C(=O)NCC=CC=CC=CC=CC[NH1]
5370,5479,NC(CCCC=CC(=O)OC)(C)F
5371,5480,CCC(=O)OC(C=CN)CF
5372,5481,CCCCCCC=CC=C
5373,5482,CCC=CC=C1C=C2C=CN=C1NCC=C2
5374,5483,O=C(O)C(C)CCNC(=O)C
5375,5484,CC(C)OC(=O)SSO
5376,5485,O=C(C=NN=CC=NC)CCl
5377,5486,NCC(N)NC(C)CCN=CC(C)C=C
5378,5487,C1=CC(C)S1C(=O)CCOC=O
5379,5488,CCCCCCC1=CC=CC=C1C
5380,5489,O=C(O)C
5381,5490,OC(=O)C(=O)C(S)(N1)OCCCOSC=C1
5382,5491,NC(=O)CC(=O)OC1=CC=CC1S
5383,5492,CCC(=O)OC=NCN(C1CC=CC)C1N
5384,5493,CC(C)=CC(C(CC(=O)N)C1C)C=CN=CCN1
5385,5494,N1=NCCC=CCOC=C1
5386,5495,CCCCCNCC1CCCCC1
5387,5496,SC=C(C=CC=CC=C1C)NCC=C1
5388,5497,CCCNCCNC(=O)Br
5389,5498,CCC1=CSC=CC=CCN=CC=N1
5390,5499,C=CC(=CC(C12)C=CO)CCNC1=N2
5391,5500,CCC(C)CCCCCC(=O)O
5392,5501,CC(C)C1=CCNCCCCC1
5393,5502,C1N=C1CCCCCC2C=C2
5394,5503,C1C(O)=CC(=O)NCNCC1=C
5395,5504,FC(N)C1(C)C=C[NH1]C=N1
5396,5505,NC=C(O)CCCCC1(C)CCCC1
5397,5506,NC(C)[NH1]C(C=NC1=CC)=NC=C1
5398,5507,CCCSC(=O)CCCCC
5399,5508,CC=CC=CC=C1C=C1
5400,5509,CCCCC1CC(O)CNC(=O)C(C)=CC=C1CO
5401,5510,CC=CC(NN)CCCCS
5402,5512,CC(CCCC=CC=NC)=C(C=C1C=CC2)C12
5403,5513,CCCN1C(=O)ON=CC=CC=C1
5404,5514,OC=NC(NC1[NH1]C2=C)C=C1C(C)CCCCC2
5405,5515,N1N(C)C1C(Br)SC=CC=C
5406,5516,O(OC=O)OCC1=C(F)N=CC=C1
5407,5517,CCOC=CC=C(Cl)CCCOC
5408,5518,C=CC=CC=CCC(=O)NNC(=O)O
5409,5519,N(N1)CCCC(=O)C(C)=C1CCC(Br)=NC=C
5410,5520,C1=CC=C(F)C=C1CCCNC
5411,5521,C=SC=CCNC(=O)C(N)=CS[NH1]C(=N)O
5412,5522,CCCNCCC=NCCOCC(S)C
5413,5523,NC#N
5414,5524,CC(=S)CCCNNCNC(C)OC
5415,5525,CN(CN)CC=CC1=CP(=C)N[NH1]1
5416,5526,N(C)C=C(F)C=CC=CC(C=O)O
5417,5527,CNCCCCCC=NC(=O)O
5418,5528,N1CCCN(N1CC(=O)OC(O)=CC=C)C=C
5419,5529,CC=CC(=O)C=C(O1)C=CC2=CC=CC=C21
5420,5530,CCC1=CC2=C(Cl)C=CC(C)C2=CN1
5421,5531,C=C(CC=NC=CCO)C(=O)C=CC#C
5422,5532,CCNCCCCC(C)C=C[NH1]CBr
5423,5533,NCCNC=C
5424,5534,NCCN1CC2=CC=C1CC3CNNNC3C2
5425,5535,CC1=CC(C2)(N)CNCC2CNC1
5426,5536,C=1CC(=O)CNC=1O
5427,5537,N(=O)NCNCN1CC=CC=C1
5428,5538,NC=CN=CC=C=NO
5429,5539,O=CCCCCC1C2(CC)C1C(=O)OC2
5430,5540,CC(=O)N1COC=C(O)C(C)=CC=CS=C1C
5431,5541,CCC[NH1]C=C(O)C12CCCCCN1C2C=CC#C
5432,5542,NCCCCCCNC(=O)ON(C)C[SH1]
5433,5543,NC=CC=CC=C(O)O
5434,5544,C=C(C)C(F)OC1=NC=CC=C1C
5435,5545,C1CCC(C)(O)C=CC(C)=CC=NC=C1
5436,5546,C1CCC=CC1C=CC=C2CNN=C2
5437,5547,OC(O)C(=O)OC=C(C)CCC=CO
5438,5548,C1CCCC1CC#N
5439,5549,CC(C)=NC=COC(=O)CS(O)=C
5440,5550,C=CC=CC=CS1(=N)N=CC#C1
5441,5551,CC=CC=CC=COC1C=NC=C1
5442,5552,C=1CCC=C2C=CC(=O)N=C2C=1
5443,5553,COCNC
5444,5554,CC=C1[NH1]C(=O)NCCOC1(C=N)CO
5445,5555,CNCNC=SC(=O)O
5446,5556,COC(C)=CC(O1)=C[NH1]C=C1Cl
5447,5557,C(=O)C(C1=C(C)CC=O)C=C[NH1]1
5448,5558,CCN1C=CC=C(C)CC2CC=CCC21
5449,5559,CNC=CC(=CC=C1C=CC2=CC=CC=C2)N1O
5450,5560,CCCCCC1=CC=CN2CC=CN2C1C
5451,5561,O(C)C=O
5452,5562,CCCCC(C)CCCCC
5453,5563,CCSC=C1CCCN1CC(C)CO
5454,5564,C=C(C1)OC=CC=C(Cl)C(Cl)C=C1
5455,5565,C=NC(C)(O)CNC=CNCF
5456,5566,C=C(C)NCCCN
5457,5567,CC=C(C)CC=CNCCNC
5458,5568,CCCCCC=CC(=O)N1CC(N)S1
5459,5569,NCC(C)CCCCS1C(COCS1)=O
5460,5570,NC=NSC=C1C2=CC=CC=C2C=CC=CC1=O
5461,5571,NCC1OC=CC2=C1C=SCC=C2C=CC=CC
5462,5572,CCC(C)CSC=CNN=CNC=CC#CCl
5463,5573,CCSC=NCNCCCCCCl
5464,5574,CC(C)N=C=NC=CC=C(N)C=CCCC(=O)O
5465,5575,NC=NC1(C)C(N)CC1(C)O
5466,5576,O(O)C(O1)CCCCC1C
5467,5577,O=CN=C1C=CC=CC=NC(C)CN1
5468,5578,COO
5469,5579,O=CC=CC1=CSC(=O)OC1
5470,5580,N=C(NC(=O)C=C[NH1][NH1]S)CC=NC=CNN
5471,5581,O=CC=C1C(C)=CC=C(Cl)OC=C1C
5472,5582,COC(=O)C=C=CC=CN=C(C)Br
5473,5583,CC=CC(C(=O)O1)=CC=CC=C1
5474,5584,C#1OC2CCCN2CC#1
5475,5585,NONC(SCCC1=CC=CC)=C1Cl
5476,5586,CC=CCCC1(O)C=CC=C1Cl
5477,5587,COC=CC(CC(C)=CC=C)(OC)C=C1C=CN=C1
5478,5588,OCCCC(C)=CC=C(O)Cl
5479,5589,COC=C(O)C=CN=C(O)C(=O)O
5480,5590,CCC=CC=C1SSCCCC=NOC1
5481,5591,NCC(C1)=CC=CC=C1C(=O)O
5482,5592,NC(C)OCC1NCC[NH1]C=C1
5483,5593,N1NC=CC=C1N(C)CC
5484,5594,CCC(=O)N1C=NCCC=CC=CNCCC1
5485,5595,C1CNCC(=C)N(CC)OC1C=CC#C
5486,5596,CCNC(=O)NCC=CCCCCC=CO
5487,5597,CCCCCCC1=CCC=N1
5488,5598,NC=CN1C2NN=CC=C2N1
5489,5599,NC(CSCCC1=NC#CS)NNCCCC1C
5490,5600,CCCCC(N=C(N)OCC=N)COCC
5491,5601,CNC=1N(C)CCNCCC=1C
5492,5602,CCC1CCCOCCCCCCC1
5493,5603,BrCC(C)(C=1)CCOC=1C=O
5494,5604,CCOS1=NC=CC=C1
5495,5605,CCCCNC1=CC(C2CC=CC=C2N1)=C
5496,5606,CC(C)C=CC=CC(Cl)SCN(C)C
5497,5608,C=CN(O)C(=S)C1CCCC=C1O
5498,5609,NCC(=O)OC(=O)N=NC=O
5499,5610,SC=CC=CC(=O)CCl
5500,5611,CCC(=O)OC=CC(Cl)=C
5501,5612,CC=CN=CC=CC=C1C=CC=C1OS=N
5502,5613,CCN=CSC=CC=CC=O
5503,5614,CC=CCC1=CC=CC=C1
5504,5615,CNCCCCCC1CCC2CN1C(S)C=C2C=N
5505,5616,CN(C)CC=CC=C(C1)C=C(Br)C=C1
5506,5617,CONC1=CN=CC2=C1NCCCNC#CC2
5507,5618,O=NN=CC=CC=C(N1)C=CSS=C1S
5508,5619,O(C#CC1CC=O)C=CC(C=C)C1
5509,5620,NCNC(N)(S)C=C1[NH1]CC=CS1
5510,5621,C=C1N=C(N)C=C1CNC
5511,5622,CCC1CC=CC=CC=C1Cl
5512,5623,CCCCCSCC1CC(C)=C1O
5513,5624,O1C=CN=CN(O)C=CCC1
5514,5625,NC=CCC(=O)OCC(C)ON
5515,5626,CC=NC#CC(=O)COCCCC
5516,5627,CCNCOC(CCC1CC=CC)=C1
5517,5628,NCC=C(C=C1C=C2N=CC1)N=N2
5518,5629,COC=CC=C1N=C(Cl)C=C1
5519,5630,CCCSC(C)CC(O1)C(=O)NCCCCC1
5520,5631,CC=NC=C(C)ONCN=CC
5521,5632,C=CN=CN(CC(O)C)C(C)CNC
5522,5633,CC=CC1=C(O)C=C(O)C=CC=CC=C1N
5523,5634,N=C(N)C(C)C1=CC=C2CN(O)N1NC2
5524,5635,O=C(C)I
5525,5636,O=NCCSC1(C)CCCNC(=O)ON1N
5526,5637,CC(C)CCCOCCCC(C)OC1C=CC=C1Cl
5527,5638,COC1(C)OC=C[SH1]1
5528,5639,CCCC
5529,5640,SCC(C)NCOC(=O)CC=CC=C(Cl)CO
5530,5641,CC=C(C)OC
5531,5642,O=C(F)C=NC(CF)N(C)C
5532,5643,NCC(CC=C)SC=CC(=O)O
5533,5644,SCSC=C1C=CC(Cl)=C1
5534,5645,CCC=SC=NC1S(C)CCCNC1
5535,5646,OC(C)OC(CCC(=O)OC=O)O
5536,5647,CCCC(O)C(=O)CCC=CC(C)C
5537,5648,CN=CC=CC=CC1=C(F)CN=C=C1NO
5538,5649,C(CCCC=O)CCOC(F)CC
5539,5650,CCCCCNC=CC=C(C)Cl
5540,5651,C=1=CCCC#CCNCC=1
5541,5652,CC(C)OC=O
5542,5653,CCC1(C)SC(=O)C1Cl
5543,5654,OC=C(N=CC=CC1=CC=C)C=C1
5544,5655,N=C=C(Br)NC=CC=CC(C)CO
5545,5656,O(O)C=CON(O)CN1C(Cl)CC1
5546,5657,OC1(N)C=CC2=CC=CN=C21
5547,5658,N1=SC=CC=C1CC2=NC=NC=C2N
5548,5659,CC=CC=CC1=CC=C1
5549,5660,CCCC=NC1=NN=CCC1=O
5550,5661,NNC=C[NH1]C=N
5551,5662,CCC1CC#CCCCCCCC1
5552,5663,C1CN=C(C)C2CC1=CC2=C
5553,5664,OCCC(C=CN=C)C=C(F)C=CC=CN=C
5554,5666,OC=C(C)C1=NC=CN=CN=C1
5555,5667,CC=CC(=O)N(O)C=CN(C)C=CC=CC
5556,5668,OCCCC1C=C(C)CC(C)ON1
5557,5669,OC#CC(N)C1=NC2(C)CCC2CCCCC1
5558,5670,C1C=2CC=C1CCOC=2N
5559,5671,CC=NC1SC=CC=C1C
5560,5672,C1CC(O)C=C(N)CC1=O
5561,5673,CC=CC(N)C(=O)C1CCCCC=C1C(C)(O)OC
5562,5674,CC=C1C=CC=CC1C
5563,5675,CN(C)C(=O)N=CC=C(C)F
5564,5676,C(=O)OC(=O)O
5565,5677,CC=C(N)C(C)NCC(=O)O
5566,5678,N1C2CCCCCCC21
5567,5679,OC(N1C)=CN(C)CC1CC=C
5568,5680,CC(O)COC=CC=CC1=CN=C[NH1]C1
5569,5681,CCC=CC(CN1)C(=O)SC=C1
5570,5682,O1N=CCCP(C12C=C3CC[NH1]2)C3
5571,5683,C=CC(C)C1SC2=CC=CC=C2C=C1[NH1]
5572,5684,CCCCNCC(C1)P=NC=C2CC(O)=CC2C1
5573,5685,O1CC=NN=C(O)C2=C1[NH1]C=CC=C2
5574,5686,N=CC(O)NCCCC=CC(Cl)CO
5575,5687,OOCC=CSC=C1C(C)=C(Br)C1
5576,5688,COC(=O)NCC(=O)COC
5577,5689,C=C(C(C)CC=C)C1=CCN=CC=C1N
5578,5690,SNCC=1C=C(C=CC=1C(O)C)CC=CN
5579,5691,COC=CC=CC=CC=C(CO)F
5580,5692,CCCCCC[SH1](C(O)C)(C)Cl
5581,5693,COC=C1C2=CC=C(O)C12CC=O
5582,5694,C(=O)C1=CC=CC=C1C2CCOC2O
5583,5695,OC(CS)CS1C=CC=C1C=C
5584,5696,O=C=NCCOC=C1COC=C(Cl)C1Cl
5585,5697,CC=NNC(=O)C1CNC1
5586,5698,CC=CSCCC(=O)CNOCC
5587,5699,N=CC=CCCC1NC=CC=C1S
5588,5701,O=CC=CCCOC=CN=CC=C
5589,5702,CC1=CC(=O)N=CC=CNC(C)=C1N
5590,5703,CC(CCOC[NH1]C(=O)ONS)(Br)COCC
5591,5704,CNCCC=C1C=C(Br)CC12CCNC2
5592,5705,CC1NC(=O)NC1CC2CC2=NO
5593,5706,O=C(C)CCCCCCC(C)=CC=C
5594,5707,COCOC=O
5595,5708,OC(C1COC=CC=CN)=CCC=C1
5596,5709,C(C)NCC(CC)CCCC1CCCC1
5597,5710,O=CC=COCC1N=C(C2)OC=CC=C21
5598,5711,C=C(C)NC=C(Br)C=CC=CC=N
5599,5712,N=CC=CC(O)C(=O)O
5600,5713,CNN=CBr
5601,5714,NC1(C)OC=NC1C
5602,5715,C=C1C=CC=C1ONC=C(C)SC=C
5603,5716,NCC1C(S)C2=CC=CC=C2CCCC1
5604,5717,CC(C)CCOC(=O)OC=C
5605,5718,O=CC=CN(CN)CCC(=O)CC(C)CC
5606,5719,O(N)C=CC=C(C(Br)SCN=CCC=CC1)C1
5607,5720,NCC=C1C=C(Cl)NC=CC=C1O
5608,5721,NCC=CN=C1C2=NC=CSC2=C1
5609,5722,O=CC=CC(O)C=C1N(C=CC=C1C)CC=CC
5610,5723,CC=NCOC=NCCC
5611,5724,NC=CC(C)=CC=CC1=CC(C(C)C)=C1
5612,5725,C1C=C2N=C1CC2F
5613,5726,C=CC=CCOC1=CC=CC=C1
5614,5727,CNCCOCCCC#CCC=CC=C
5615,5728,C12C=CN(C)NCC1N2
5616,5729,C1(O)N(O)C=C1CCCCC
5617,5730,C#CC(C)C(=O)CCC=NC=C[NH1]
5618,5731,C#CC=C(N1CON=C[NH1]C)[NH1]C=C1OCN
5619,5732,C(=O)NCOS(O)C(=O)OC1=CC(C)=CC=C1CCl
5620,5733,C=1=CC=CC=CCNN=C=1
5621,5734,C1C=CC=C(C)NC=CC=C1Cl
5622,5736,C=1CC2=CC(C)SC=CC=C2C=1
5623,5737,CC=CN(CO)C(N)C1CC=CCNC1
5624,5738,CC(C(=O)NO)C(=O)O
5625,5739,OCCCCCN(C)CC=CC=CC
5626,5740,OC(C)=CC(C)CCC(=O)O
5627,5741,ClCCSC=C(C)CC1=CC=CN1C
5628,5742,CC(C)CCC1=CCN2C1NC=CO2
5629,5743,C1C[NH1]C(CC2=CC=C)C=C21
5630,5744,O=C(N)C(N)CCCCCCC(C)C=O
5631,5745,C=CCC(=O)O
5632,5746,C1NCCC=CC=N1
5633,5747,OC1=CC=CC=C1C(=O)C(O)CC
5634,5748,NS1(O)C(C)COC1
5635,5749,C1C=C1NCC(=O)C[NH1]C=C
5636,5750,CN(C)SCCC(C)=CC(C)Cl
5637,5751,CNCCCNBr
5638,5752,NC=CC=C(CON=C)C=C
5639,5753,O=CC(C)=C=O
5640,5754,CC=CSN=C(N)C1(F)C2=CC=C1O2
5641,5755,O=CCBr
5642,5756,C1C(=O)CCCCCC(C)N1
5643,5757,C1=CC=CN=CN(O)C=N1
5644,5758,CC=C(O)CC=CC(=O)C=1NC=1
5645,5759,CC(C)C#CCOC(O)CCCCNC(C)CBr
5646,5760,C1=C=NC(N)=C2C=NC1C(C)CC2O
5647,5761,CCN=CC=CC=CCC[NH1]C=O
5648,5762,COC=CC=CC=CO
5649,5763,C=C[NH1]C(=O)NCC(N)=O
5650,5764,CCCC=CC=C(C)OC(=O)OCC=NN
5651,5765,ON=CNC=CC=CCCl
5652,5766,C1OO1
5653,5767,C1N=CC=CC=C1C=NC
5654,5768,OC=NN(C)CCOC1NCCC1
5655,5769,N=CC=C(C)Cl
5656,5770,CC=C[NH1]C(=O)NCCCCO
5657,5771,CC=NS(C)OC=NC1=CC(=O)C=C1CCC
5658,5772,CCCSC=CC=C(CSC1=CCC=CC)C1=S
5659,5773,O1C=CC=CCCCCC1O
5660,5774,N=CC=CC=CC1C(N)=CC=C1
5661,5775,C(C1)=CNC2=CC=CC2C1=O
5662,5776,ON(C)C1(S)CC(=C)C=CC1(SS)S
5663,5777,N(O)C(=O)C=C(N)C1(Cl)C=CC=C1
5664,5778,CC=CC=CCC=C1C=CC=C1C
5665,5779,C1N(C2)CCCC2N1C=CN=C[NH1]
5666,5780,NC(=O)NC=C(O)CC=N
5667,5781,C1C(C)C=CC=CC=CN1
5668,5782,COC=C1C=CC=C(C=CN=C)C=C1
5669,5783,C1(ONCC)C2C1=COC2
5670,5784,CN1CCC(C)=NCCNN1
5671,5785,NNC(=O)C(C1)C=CC(=O)C1
5672,5786,CCC(C)CC1CCN=NC1SO
5673,5787,C12COCC1C=CC=CP2(=C)O
5674,5788,OC=C1C=CC2=CC=CC=C21
5675,5789,C1CCCCCCCCCCCC1
5676,5790,CC1NC=CNC1=O
5677,5791,C1CC1C2N(N)C(=O)NC=C2
5678,5792,CC(N)=COCCCCC
5679,5793,CCOC(=O)CC(C)CC=SN
5680,5794,N1CCOCNCCCN(CO)C1
5681,5795,CC(C)C[NH1]C(C)SC(C)=N
5682,5796,C=C(C)OC=O
5683,5797,C=NC=NC=C(C=C1CC=CC)C1
5684,5798,CNC(CNCC1)(N)C=CC=NC=C1CCOC=O
5685,5799,N1CCCCC=C(Br)C=C1O
5686,5800,C1CCC=C1C2=CC=CC=C2
5687,5801,O=C(C)OC=CC=CC(=O)OS
5688,5802,CCC(CC1CCCC)CC=CC(O)S1C
5689,5804,CNCC1CSC(CC)=CC=CC=C1Cl
5690,5805,C1C(C)C(N)C1
5691,5806,C1NCC(C)(O)OC1
5692,5807,CCCC(=O)N=CC1=C(C)CC=C1
5693,5808,C1NC(C2[SH1]CCN2)C=C1C=O
5694,5809,N1OCCC(Cl)(C)C=CC1(O)C
5695,5810,CCNCCC1=NC=CC=C1
5696,5811,CCC(C=CC=C1CC)=C(C)NC=C1Cl
5697,5812,CCCC(=O)OC1C=C(CC2C=NC=N2)C1
5698,5813,CCC(=O)SCC(=O)OC
5699,5814,COC=CC(C=C1C2=CCC)C=C21
5700,5815,NCNC=C(C)CC1CC2(O)C(=O)OC=C1N2
5701,5816,CN=C(C)CCCCNCC#CC
5702,5817,OCOC=NSC(=O)C=CN=C(C)CCl
5703,5818,CC1(N2)CC(OC)OCOCCC1C=C2
5704,5819,CCCCC=CC=C(O)Cl
5705,5820,CC1(C)CC=NC=C1C(O)CN
5706,5821,OC=CC=CC1OC=CC=C1C(N)OO
5707,5822,C=C1C=CC=C(Cl)C(Cl)=C1Cl
5708,5823,C=C(N)C=CC=C1CC=CC=C1
5709,5824,N(CC(=N)NC(=O)O)C=CC=CCCCO
5710,5825,CON
5711,5826,N1=C(N)C=NC#COC1C
5712,5827,CCCC1CCCC1CCC
5713,5828,CNCCOC(=O)NC(=O)OC(=O)O
5714,5829,CCCCC=CC1(C)C=CC=C1CC=C
5715,5830,CC=CNC(C)=CC(=O)O
5716,5831,CNC(C)N=NNSC=NC=CC=C(O)OO
5717,5832,O=C(N)CC=CC1=CSSC=C1
5718,5833,O=CC=C(C(=O)C1=CC=C)C=C1O
5719,5834,CCCCCC=C(N1CC23)CCC1C2C3
5720,5835,N=C(C)N(O)C(S)CCOC
5721,5836,CC(=O)N=CC1=CCCC1
5722,5837,COC=CC=C(O)CCCCC=C
5723,5838,NCCOCCCC(C1)O1
5724,5839,CCCCC(C(=O)NCNCC=CC)=NCO
5725,5840,ClC=C(OC1=CC2)OC=C1CSC=NC=CC=C2
5726,5841,C1C=NC1C=C2C=C(N)CONC2=O
5727,5842,CCN1CNCC1C=NCC=NCC=CC=C
5728,5843,CC=CC=NN(N)CC
5729,5844,C=CNC=CC=CC(=O)C=NC=CC=C
5730,5845,NC=CN=C(N1)CC=CC(Cl)=C1
5731,5846,N=1CC=CC=1C=C2C(C)(C)C2Cl
5732,5847,CC1=CC(N2)=CC=CN=C2CC1
5733,5848,OOC(=O)NCCC=CC(C=C[NH1]C=O)S=C=O
5734,5849,CCSC=CC=C1C=C(F)CS1Cl
5735,5850,CCC(=O)OCNCCCC
5736,5851,COCC(C)Br
5737,5852,C=CCOC=CC(=O)N
5738,5853,C1C(CCC(=O)N[NH1]C=CC)O1
5739,5854,NCCCCC(F)CCC=C=C[NH1]C(C)=C=CO
5740,5855,CCCCCC(=O)OCCC
5741,5856,CN(CCOCCC=CC)CC=C=[NH1]
5742,5857,COC(C)CC1CCCCC2C(C)OC2C1
5743,5858,CCC(=O)NC=C[NH1]C(C1)C=CC=C1CCl
5744,5859,NCC1CCCCC=2CCC=21
5745,5860,CCSCCCC
5746,5861,CC(N)CCCNCC=CCCC(=O)N
5747,5862,CCC=CC=COC=NSO
5748,5863,OC=NNCC=CCCC(N)=C1[NH1]C1=C
5749,5864,O=CC1C(C)NC(=O)CSCCO1
5750,5865,NC(OCCO)C=CC(C1)=CC=CC=C1
5751,5866,CCCNC(=O)O
5752,5867,COC=CC=C1C=CC(Cl)=C1N
5753,5868,CC1CCCC(N)CCCC1CCl
5754,5869,NCOC(C1CCC(C)C2CC=C)C=C21
5755,5870,OCCC(C)=COSC#CS
5756,5871,CC(C)PCN1CCCNCCC1NC
5757,5872,N=C1C=CC=CC(C2)=CN=C2C1
5758,5873,O1OC(N)COC1=N
5759,5874,[NH1](O)C=CC(CCC1=C2)NC=CC1=C2
5760,5875,N1CNN=NC=CC=N1
5761,5876,N=CC1=CC(C=O)C1COC
5762,5877,PC(CCOC(=O)C1OC=N)C1NC
5763,5878,C=CCC(=O)CC=C1C=CCC=C(O)S1
5764,5879,NC=NNC1C(O)=CC(O)C=C1
5765,5880,NC=CC=CC=C(CCNCC)CCl
5766,5881,C1NC(=O)OC=CC=CC=C1Br
5767,5882,C1C(C)=CC=CC=CC=C(F)C=C1O
5768,5883,CN=CC=CC1=CC=CC=C=C1
5769,5884,CCCC1CC2=CC=C1C2
5770,5885,CCS1CC(C)=CC1C(Br)=C(S)C=NCS
5771,5886,OC=CC=NC(O)C(=O)ONC1CC=CC=C1
5772,5887,O1CCC=N1
5773,5888,OC(C)C(C=CN)C=C1C=C=COC1
5774,5889,CC(C)=CCNO[NH1]C=O
5775,5890,CC(=O)C(=O)N
5776,5891,C=CC=CC1(N)C2NC=C1O2
5777,5892,C=1NCCC=1O
5778,5893,C1C(C)=CC2=CC=CC=C2O1
5779,5894,BrCN1C=NCNC1
5780,5895,COC=CC(Cl)=CNN=NCCl
5781,5896,NC=C(SCNS1C=CON)C1
5782,5897,C=COCC=CC1=CC(N=N)N1
5783,5898,NC(C)C(C)CCCCCC
5784,5899,CCCCCNCCC1NCCCC1
5785,5900,COC=CC(OCS1C)CCCN=C1
5786,5901,CC=CC=C=C(C=CN1C(N)N)CC1=C
5787,5902,CCOC(=O)CCCC=COC=CC=C
5788,5903,CC1CCC2CC1C(C)=CC=C2
5789,5904,CCCC1=CC=CC=C1ON
5790,5905,CC=CCCC(CC)NC(S)=C1C=CC=C1
5791,5906,CC(O)N=O
5792,5907,CCNCCOCC
5793,5908,CS(Cl)N=CC=C(N)C=CC=C1C=C1N
5794,5909,C1C(O)C=CC=C(O)C1C=NON
5795,5910,CCC=1CC=CC=1S(=O)NO[NH1]C
5796,5911,CCN(C)CCCCCC1CCCCC1
5797,5912,CCC(C)CCCCCC(=O)N=C
5798,5913,NCNCOC1C=CC(O)C1
5799,5914,CCCN(C)C
5800,5915,CCNC(C)CC(O)C=O
5801,5916,N=CC=CC=CC=CC=CC(=O)O
5802,5917,OCC=NN1C2=CC(F)CC2=C1
5803,5918,NCCC1(C)C=C(CC)CC=CC1=O
5804,5919,CC(C)CO
5805,5920,CC=CC=C(CCCCCCC)C=C
5806,5921,C=1C=CC=1C=CC=C(O)O
5807,5922,NCCCCNN=C
5808,5923,C=CC=CC1=C(C)C2C=C(C)C=CC=C2N=C1
5809,5924,O=C(N)C1CC2CCC1CC2C
5810,5925,CC1=CC=CN=CC=C1
5811,5926,CSN(O1)NCNNC1C=C2C=CC=C2N
5812,5927,CN=C1SC(=O)N=C1
5813,5928,C1C=CC=C(O2)N=CC=CC2C1O
5814,5929,CCCCC1C(C)OC=CCC1Cl
5815,5930,C[NH1]C(=O)C=CC(C)=CC1=CC=CC=C1
5816,5931,CC=NCCOC=O
5817,5932,CC(C)C1NC(C)C(=O)OC=CS1CN=N
5818,5933,CCCC(=O)NC(=O)C1=C2C=COC2C1
5819,5934,CC=CC=CC=CC=C(O)C1CCC(C)C=C1
5820,5935,OSC(=O)C=CC=C(C)OC=CC=C
5821,5936,CC=CC=NC=C1C=C(F)C=CC1=CN
5822,5937,NC(=O)CCl
5823,5938,C=NC1=CC=C2C(S)=CC=CS2N1C
5824,5939,C=CC=CC=C(N)CF
5825,5940,C=C(CCOC=CNNC=CC=CS)C1=CCC=C1
5826,5941,C1C=CC(C)=CC=C1F
5827,5942,OC(C(O)C(N)C)=CC1CC(=O)N=C1
5828,5943,NC(=O)[NH1]CCC(=O)C(C1)=CC(=O)NC1C=O
5829,5944,NC=CC=CC1=CC=CC=C1
5830,5945,CNC1=CC=CC=CC(C=C1C=O)C
5831,5946,CNSC(C=C1[NH1]C=C)C=C1C(=O)O
5832,5947,CCC=C(I)CCC1C=CC2=CC=CC=C21
5833,5948,C12CC=CC(Cl)C1=N[NH1]2
5834,5949,CCCOC(N)=NC=CC=CC=C(Br)C
5835,5950,CCCCC1NC(=O)CC1
5836,5951,CNC(=O)N(C)C=O
5837,5952,O=NCCC(=O)C=CC=CC(=O)OO
5838,5953,O1C(=O)CCC1=O
5839,5954,CC(N1)CCC(C=CC=CC)=C1
5840,5955,CCNCC1NOCCC1
5841,5956,CCC(O)C(=O)N(F)C1=NC=C=NC=C1
5842,5957,CCOC(=O)OC(Cl)C(O)C(O)CC
5843,5958,N(C)CC=CC(C(=O)NC)(O)N=CNC=NC=C
5844,5959,C=CC=NC=CC=C(C1)CCC=C1
5845,5960,N1CC(=O)N1CCC(C)CCCO
5846,5961,CCC=CC1=CC=C(Cl)C1=NCCCCC(=O)O
5847,5962,SC1=CC=CC2=C1C=CN=C2COC
5848,5963,C1CC=CC=C1
5849,5964,OCCCC=CC(=O)CC(=O)OC
5850,5965,CNCCCC=CN=NCCBr
5851,5966,NC=CC1C=CC=CC=C1
5852,5967,O=C(N)C(=O)CN(C)OC
5853,5968,CCC(=O)C(O1)C2(O)C=CC=C1N2
5854,5969,CCC=CN(O)OC(=O)C=C1C(O)C=C1OO
5855,5970,CCC(O)=CC=CCC(C1)CC=CC=C1
5856,5971,O=NCCNC=CN1CC(=O)C(Cl)=CC=C(C1NS)F
5857,5972,NNC(C1=CC=CC)=CCC(OC)=C1
5858,5973,C=C1C=CC=C1O
5859,5974,CC(C)C=NSC(N)CO
5860,5975,CC1COC(N)=CC=CC2CC=C=C21
5861,5976,CC=CC=CC=NOCOC1OC(=O)OC1
5862,5977,CONC=C(CNC=C(O)CC=C)C=CC=C(NC)N
5863,5978,COOC(Br)(C(=O)NC=C=CC)N=C
5864,5979,N1=CNC=C2C=CC(O)CC2=S1
5865,5980,CNCC(C)CC=CC=C(S)C=O
5866,5981,NOCCC(C)CC(O)=NNCCC=CC=C
5867,5982,CC=CNCCCCC(=O)O
5868,5983,N(C)(O)C(C)CCC(=O)O
5869,5984,C1C=CC(C(C)OC)CC1
5870,5985,[NH1]1C=CC1C[NH1]C2CC3C=C2OC=C3
5871,5986,C1CC(CC1)(O)C=C(O)C2=CC=CC=C2Br
5872,5987,C1CC=CC=CC=CC1=O
5873,5988,CCSS1CC(N)CNNCC1C
5874,5989,C=NCOC(NCC)(O)OC(=O)O
5875,5990,O1C2CC3CCCC2C3=CC=C1
5876,5991,O=CCCOC(C)CCCCCCCC
5877,5992,OCC1C(C)(C)CC=CCC1
5878,5993,C(O)C(CC(=O)CCCCCC1)C1
5879,5994,CNC=CCC=CCC1=CC=CN=C1O
5880,5995,COC(Cl)C=CC(C)(O)CF
5881,5996,IN1CCCCCCCOC=C1CN
5882,5997,CC1=CC=C(C)CC(O)C(=O)C1O
5883,5999,CCC=C(C)OC(=O)OC=CCCN=C
5884,6000,NCCCCC1=NC=CC=C1C(=O)O
5885,6001,CCC1CC(=O)C=C1N(O)OC=CC=C
5886,6002,CC=CC1=C(C)CCC1=O
5887,6003,CCCC(=O)C=CN=C(N)CO
5888,6004,COC=NOC(=O)N(O)C=O
5889,6005,O(C)N=CC(=O)N=CC=CC=C
5890,6006,C=CC1=CC(=O)CC=NCC(O)CS1
5891,6007,CC=NC1CC(N)C(C)=NC=CC=CC1
5892,6008,CCSC=NCCCCCCCNC=N
5893,6009,C1=NP=NC1(CCCCCC)CCCC
5894,6010,C1(=O)CCCOC(=O)CC1=O
5895,6011,NS(CCCCC(C)O)C1CCC=C1O
5896,6012,COC=C(NC1N2CCN1)C=C2
5897,6013,C1C2CS3C=C2CC3C=S1
5898,6014,NC=C(O)C(C1)CCCC1
5899,6015,C(=O)OCOCC=CSC(=O)OC
5900,6016,CCCCCC=C(C)O
5901,6017,COC(C)=NC(C=C)CCl
5902,6018,NCCC(=O)N=C(C)CCCCCC
5903,6019,O(C(=O)C)COCNOC=NN=CC
5904,6020,NCCNC(O)C1=CC2=CC=C1C2O
5905,6021,OSC(O)CC1N(C)CCCC(N)COC1
5906,6022,CN=C(O)SNN=C
5907,6023,OC=CC=NC(C=CC1=CC=O)C1CO
5908,6024,CNC=CC#CC=NN=CC=CC=C
5909,6025,CCOC(C=CC)C
5910,6026,C=1=CC=C=1
5911,6027,CC(CC(=O)N1C#N)(S)C1CC=N
5912,6028,CCN(C)S=CCCC
5913,6029,C1=CC=CCC2=CC#CC=C21
5914,6030,CCCS(=O)NC=NCCCCCC=C
5915,6031,CCNOC(=O)CN=NCCSC=N
5916,6032,C[NH1]C=C1C=CC2=CC=CC=C2CNCN1
5917,6033,CCCCCCCC(C)C
5918,6034,NC=NCCCS=NC(C)C(C)C1=C=CC=CC=C1C=O
5919,6035,C1CCCCC2NCCC1C=CC=C2
5920,6036,CCC(C)C(C(Cl)C1)(O)C2=NC1CC2
5921,6037,CC(=O)NC=CC(C=C1C)=CC=C(F)N=C1
5922,6038,N=C(N=C1N=CC)CC=N1
5923,6039,COC(=O)OC=CCN(NCC1C)C2=CC=CC=C21
5924,6040,C#CCC(C)=CC(O)C
5925,6041,N=C(O)C=CC1=C(Cl)C=CC=CC1
5926,6042,NCC(=NCC(C)C)C(C)=O
5927,6043,NCC=CC(=O)C=CC=CN=C
5928,6044,O1CN2CCC1C2OC
5929,6045,CCNO
5930,6046,C=CC(=O)N=C1C=C(Cl)C=C1
5931,6047,C1(=O)NC(N)=C(N)CC(N)N=NC=C[NH1]1
5932,6048,CNCCC1CCCC1COC
5933,6049,NCC1CCCCCC=NC(O)=C1
5934,6050,CCC1CCCCCCNC1
5935,6051,C1C=NC=CC(N=C1)OOC
5936,6052,NCC12NC=CC1=C2CC=NC=CC=C
5937,6053,CCCCC=NCNC(=O)COCOCC
5938,6055,CCC(C)(C)CC(C=CC1=CC=CN=C1)=C
5939,6056,C(CC=O)N(C)CC=C1C=CC=C1C=C
5940,6057,NCC=NN=C(O)C1=CC2=CC=NC12C=CC=C
5941,6058,NCCBr
5942,6059,CCOC(=O)OCC1=CN(C)CC=C1
5943,6060,CC=CC=C(CC=CC=C)NCC=C
5944,6061,C12COC=C1CCNCC2C3CCNN3
5945,6062,NC(C)CC=S1C=CSC=C1C
5946,6063,NC=NN(Br)S(=O)NC(=O)OC=O
5947,6064,CNCCC1C(C)(N)C1CC
5948,6065,OC=NCOC=CC1=CC(S)=CC=C1
5949,6066,CC=C(CCC1)C=CC2=C(N)NC=C2N1
5950,6067,CCCOC(C1)(O)NCOC1
5951,6069,C1CCCC1C(C2)CCC(=O)C2=CC=C(I)C
5952,6070,CC=CC1(O)CCCCC2CCCC=C1OC2
5953,6071,C=COC(N)(F)CSC1=NC=CC=C1Cl
5954,6072,OC=CC1=CC=CC=C1CC
5955,6073,NC=COCOC(=O)C=C(C)CC=CC=C
5956,6074,OC(=O)CCOC(=O)CCC(N)C(C)CCN
5957,6075,NC=CC=CC=CC=CC=CCNCO
5958,6076,C=C(C)OCC1=CC(C)=CC=C1C(=O)NC=C
5959,6077,CCC(O)C(=O)NC(=O)C(N1CC)=CC=C1
5960,6078,CNC=CC1(Br)C[NH1]C=C1
5961,6079,C=CC(SC=CBr)[NH1]S1=CC=CC=C1
5962,6080,CC(N)CCC(C(O1)=CNCC)=C1
5963,6081,CCC(N)C(=O)NCCCCC(Cl)COC=N
5964,6082,O=C(C)C(C)OC=CC[NH1]C(=O)C(C)N=C
5965,6083,CSNC1CCCCCCCC=C1
5966,6084,CC(C)CC1=CC=C2C=C1CC2O
5967,6085,C=CC=CC=C1C(=O)OC=CC=C1
5968,6086,CCC(Cl)C(=O)CC
5969,6087,COCC1=CC=CC=C1
5970,6088,C1CC(O)=CC=CC1
5971,6089,COC(=O)OCOCONCC1NCCC1
5972,6090,CC=CCBr
5973,6091,CC[NH1]C=CC=C(C=1)C=CSC=1
5974,6092,C(=O)OC1(O)NCCCCCC1CC
5975,6093,CC(N)NC1C2(C)OCC2C1
5976,6094,COCC(CCNNC)[NH1]C=O
5977,6095,NCCC1=NC(=O)C=CC=CS=N1
5978,6096,CC(=O)C=C1C=CC2=CC1(C)C2=C
5979,6097,CN=CC=CC(C=C1C=CBr)C=C1CN
5980,6098,NN1NC=CC=C(O)C(Br)N=CSC1=N
5981,6099,NCSC(C)OC1=CC=CC=C1S=NN=N
5982,6100,C(O)C=CC=CC(OCl)=CN=CC
5983,6101,COC1=CN(Cl)S1CCCSC=O
5984,6102,CC(C1)=CCCC1C(=O)CC=O
5985,6103,C=SCC1(C)C(Cl)CNCCC1
5986,6104,CCCCNCNC(=O)CCCC(N)C
5987,6105,COCC=CN=C1C(Cl)=NC=C1O
5988,6106,O=C(P1)CCNCC1
5989,6107,COC1=CC=CN=C1S
5990,6108,CCCCN=NNC=C(F)CNC=C1C=C1C
5991,6109,N=C(C)C1CCN=NC=C1CC=CC=C(O)COC=C
5992,6110,BrCC=NC=CCCOC=N
5993,6111,CCNCCC1C2(C)CCC2CC1
5994,6112,O=C(C)NOCCCC
5995,6113,CCOCC1=CC=CCN1CCN2CC2=C
5996,6114,CC(C)ON=CC1=CC=CC=C1
5997,6115,CC(=O)NCC(=O)OC=CC=NN(CCl)S
5998,6116,CCCCC(C)NC#N
5999,6117,NCSCOC(=O)O
6000,6118,NC(=O)OCC(C)SC=O
6001,6119,O(C)CCCCCC(=O)OP(C)(C)=N
6002,6120,CNC(=O)CC=1CCCC=1CC
6003,6121,OOC=O
6004,6122,C1=CC=CC=CC=CC=C1C(=N)O
6005,6123,CCN=C(Br)C=CC=C1N=CC=C1CO
6006,6124,NC(=O)NC=CC=CS(O)C=CC1=CC=C[NH1]1
6007,6125,NC=NC=C1C=C(Br)CC=C1[NH1]
6008,6126,CCOCC(C)(C(C)C)Cl
6009,6127,CCCCCCNCCl
6010,6128,C1C(C)=C(C2C=C(C)NCC1)C2N
6011,6129,O(C)N=NCC=CNCC=C1C=C1
6012,6130,CC(C)C(C)CCC(NC)(O)O
6013,6131,OC(=O)C=CC=CC(Cl)=C(Cl)CO
6014,6132,N=CC=CC(C=SC)=C
6015,6133,CN=CC=CC(C=C=P)C1NC1
6016,6134,CCC=CC=C(O1)C(=O)OC(F)(Br)C1
6017,6135,ON(N)SCC(=O)NC(=O)C=O
6018,6136,COC(=O)NC(=O)OC=CC=C=C
6019,6137,C=CCCC1(N)CC(=O)N1
6020,6138,CCS1C=CC=CC(CC)C1C
6021,6139,CCC(CPC1)=NCCCC1
6022,6140,CC=C(F)CNCCC(=O)N
6023,6141,CCC(O)C(C1)C=CC=CN(C)C1O
6024,6142,OC(=O)OC=CCSC(=O)OC
6025,6143,OC(=O)CCC1(O)OCCOC=C1
6026,6144,C=1C=CC=1CCC=C(C)CCC
6027,6145,C1N2C=C3C=CC(F)C=C3C2C1=O
6028,6146,C1N=CC=C1C2=CC=CNC2
6029,6147,NCOC=NC1=CC=CC=C1
6030,6148,CCCCC(CC)(O1)C1
6031,6149,C1C=CC1C=NC=CC=C(N2)C=CCN2
6032,6150,CCCCC(CS)CCSCN
6033,6151,COCCC=C(O)NC(=O)SO
6034,6152,NC=NC=C1C=CC=C(Cl)C1O
6035,6153,O=CN=CNCOC
6036,6154,CC(C)CNCCCCCCC=N
6037,6155,C=NNC(C1)CCCCN1
6038,6156,CC1=CC=CC=C1C(N=O)C=O
6039,6157,OCCNC1=CC=CC=CC(Cl)N1
6040,6158,OC=CC1=CC=CC=C1NC
6041,6159,COCCC1C(N)C2C1CCCC2=O
6042,6160,C1C2=CN=C[NH1]C=NCCS21
6043,6161,NCCCCCCCCC(=O)N
6044,6162,OC(=SCNC=NC1=CF)C[NH1]C(F)=C1
6045,6163,CCCCCCC#CC(C1)CCCC=C1
6046,6164,OC=CC=CC1=NCC=C[NH1]C=NC=C1
6047,6165,NCOCOC=C(O)C=C1CCCCC1(C)C
6048,6166,CC=C(O)C(C)OC(=O)OCCCNCCN=C
6049,6167,O=CC(C)NCNC1OC=CN=C1
6050,6168,CNC#CC=C(Cl)CCCC=NC=O
6051,6169,CCC1CC(C)(I)CC(N)=CC=C1
6052,6170,NCC(C)=CC(C)=C(N)CC(O)=C
6053,6171,OOCC=CC=C(Br)CC=C(Cl)N
6054,6172,NOC(=O)CCCOC=NC=CC=CS
6055,6173,O=CC=C[NH1]C=CCCPC
6056,6174,NN=CC=C(Cl)C=CC=C(C)COCC
6057,6175,NCCCCOC(=O)C=O
6058,6176,CCCNCCCCCNC=NC=C1C=CC=C1
6059,6177,CNC1NCC#CCCCCC1
6060,6178,C1C2CC=CC=C12
6061,6179,CNC(N)CNCC(C1)C[NH1]C=C1
6062,6180,CNCC1=CNCC2=CC=CC=C21
6063,6181,O=C(C)CC[SH1](=O)C=C(P)C=C(NC1=N)N=C(S)C=C1O
6064,6182,C#CC(C)CCNCC(N)C1=CC=CC=C1
6065,6183,CCC=C=NC(C=CC=CCl)=C
6066,6184,CCCCC(O)C=CC1=CCNC=C1
6067,6185,NCCCNCCC=O
6068,6186,OC=CC(=O)CC
6069,6187,CC(C)CC
6070,6188,C=CC=C(O)C1=CC=CC=C1
6071,6189,COC=C1C(C)(C)C1C2=C3C(Br)C=C23
6072,6190,C1OC1C=C2C=CC=C(C)C=NC=C2
6073,6191,CCCC=C(CC1C(=O)O)COC=C1[NH1]
6074,6192,OC(C)=CC=C(Cl)C(C)NNC=C
6075,6193,COC1C=CS2(F)C1=NC=C2CC
6076,6194,N=CC=CC=CN=C(Cl)C1CC(Br)=C1
6077,6195,CCCC=C(N)C=NC(=O)C=NC=C
6078,6196,CCC(C)C(C)N(C)NOCCCC
6079,6197,CC(C=O)N=C1N=C(Br)C=C1
6080,6198,CCOCCC=CC=CC(C=O)OC#N
6081,6199,CCCC=CC=CC=CC=C(C1=CC=C(O)N)C1
6082,6200,NCN(CN=CC=COC1(C)N)CC2=C1C=CC3=C2NC=CC3=N
6083,6201,CCN(C=CCOCCCC)CSC
6084,6202,CCNC(C)C=O
6085,6203,OCC(O)SC=NC#CC(F)CC=CC
6086,6204,BrNC(C)C[NH1]C(=O)O
6087,6205,OCCCC=NOC(=O)O
6088,6206,C=CC=CC(=N1)C=CC=CN=C1
6089,6207,OC=C(C)N(C)C=NC=O
6090,6208,CCCCCCCOC
6091,6209,CC=C(C)CCC1(F)C(N)=CC1
6092,6210,CC(S)C=NC=CC1=CC2=CC=CS=C2NC1
6093,6211,CC(=O)N=O
6094,6212,CC(=O)OC(N)SC1=NC=CC=C1
6095,6213,C1CC=NC(=O)OCC1Cl
6096,6214,CCCC1C=CC=CC=NCCC1
6097,6215,NC(=O)CCC=NCN(C)CCSN=C
6098,6216,CC=CC=CCC=C[NH1]CBr
6099,6217,CCOC=C(C1C(C)CCC)CC1N
6100,6218,ON=CC=C(C)C=CS(C)C=CN
6101,6219,NC=C1C(O)=CC2C=NC=C2C1
6102,6220,CCC1CN(O)ONCCC(O)C1
6103,6222,CCC=C(NC1=CC)CC=C1CC(=O)OC
6104,6223,C=CC=CCC=CC1=CC=CC=N1
6105,6224,CCCC=C1C=CC=CC=C2C=C(N)CC2=C1
6106,6225,C=S(C)COCOC(=O)OC(O)=O
6107,6226,CCCOCC=CC=CC=C1C=CC2=C1C=CN=CS2
6108,6227,CCC(CC=CC=CF)=CN=CC=O
6109,6228,O=CC=CC=C(F)C1NC=CC1
6110,6229,CCC1N2C(CNC3=C2OC=C1)C=C=C3
6111,6230,OC=NC=CC=C(N)C=O
6112,6231,CCPN1NCCC=C(C)N1
6113,6232,C#CNC(C)CNSN(C)C1N=CCNN1
6114,6233,CCOCON(O)CCCC=O
6115,6234,C(O)C=CC=C(C1OC=CC=C1CC)C
6116,6235,CCNS(=O)(=O)C
6117,6236,CCCC=C(O)CCNC
6118,6237,OC=CC(N)CCNCNC=O
6119,6238,CN(COC=NC=CC=CC1=CC)NCC=C1
6120,6239,C1C(N)CCC=CC=CS1
6121,6240,O=C(C=CC=CC)CN(C1=O)N=CCN1C2CC2
6122,6241,CC(=CN=C)C=CC=C(C(C)C1=O)C1=C
6123,6242,OC=CC(CC=CC=CCC)=C(Cl)F
6124,6243,O=CC=C(O)CC(C=C1C=CCC)C1
6125,6244,SCCC(=O)NCC=N
6126,6245,CC=CC1=CC=NC=C1
6127,6246,CCOC(C)(C)OC(=O)OC=CC=CPS
6128,6247,CCC(=O)C(C)(O)OC(C)=CC=CC=C
6129,6248,O1CCCC(O)CC1C=NC(Cl)C=O
6130,6249,C=1OC(=O)OC(=O)N2CS=CCC2=1
6131,6250,NC=C(CC(C)(O)C)C=O
6132,6251,CC(C)=CC1=CC2=CC=C1C=C2
6133,6252,C=C[NH1]C(O)C(=O)C(=O)N
6134,6253,N=C(C)CCCN1C(C)C(=O)NCC(O)CC1
6135,6254,CSC(C)NN=CC
6136,6255,CCCC1=C(S)NCN1
6137,6256,C1OC=N1
6138,6257,C1=CC=CC=C(Cl)C1=O
6139,6258,CCC=C(C)NC(C=NC=CC1(C)N)CC1
6140,6260,CCCNC=CC(=O)CF
6141,6262,C(C)=NC=C(C)C=O
6142,6263,N#CCCC1N2CCCC2OCCC=NC3NC31
6143,6264,CC=CC=CN=C(N)CSON=CC=C(CO)OO
6144,6265,ClC1OCOC(=O)CCC(O)C1
6145,6266,CCCCCCCCCCC
6146,6267,C(N)OCC=1CCOCCN=1
6147,6268,NC1C=NC=C(Cl)C=C=CC1
6148,6269,C1CCCC2CCNC1C2
6149,6270,CC=C1OC=CNC1C2=CC=CC=C2
6150,6272,OCOCOC=NC(C)CCN1CNC=NC1
6151,6273,O=CC1(C)N=CC=C1CC2CCCC2CC3CC3
6152,6274,C(C)=CC=CC(=O)C(C)CC(F)C#C
6153,6275,CCSCCCNC(=O)C=NC=CN=O
6154,6276,O=C(C)C1=CC=CC=C1
6155,6277,CC(CCC=CC1)(C)C(F)=S(C)C1=N
6156,6278,O=C(C)CC=CC=C(Cl)CCl
6157,6279,O=C(O)C(=O)CCCS
6158,6280,COCN=NN=CC1C(F)=CC=C1
6159,6281,CCC=CC(C)(C=O)COC
6160,6282,CCC=C=CC1=CC2=COC1CC2
6161,6283,C=C1CC(C)C=C1C=N
6162,6284,CC(CNC(=O)OS)OC=NC1=CC(=O)NC=C1C=C
6163,6285,CCCCN
6164,6286,C1=C(O)C=CC=C1C(=O)O
6165,6287,CC=CC=C[NH1]COC(O)=CC=CC
6166,6288,N12C=C1C2O
6167,6289,CC(CC=C1C)=CC=CCC12CC=CC=C2
6168,6290,COCNCCC(C)(C)OC
6169,6291,C1OC(=O)CC2CC=C(N)CC=CC1=C2
6170,6292,NCCC=C(O)C(=O)OC(O)C(=O)C(Br)C
6171,6293,CCOCCC=CC1(O)CCCC(O)C1
6172,6294,C=NC(N)CC(C)=NCC=O
6173,6295,COC=CC1=CC2=CC3=CC(SO2)C3C1
6174,6296,CC=SC(=O)C(N)C(=O)OCCC=C
6175,6297,CCC(=O)C1N=CN=C(CC)C1C=C=O
6176,6298,CC12C(C=CNC1)CC=C2
6177,6299,CCCCCOC(=O)NC=CSCCC1CCCC1
6178,6300,C1(=O)NC(C)CNN=CC(=O)O1
6179,6301,NCC1C=CC=CC=CN=C1
6180,6302,NC(=O)OC(C)SC=C1C=C(O2)OC12
6181,6303,CNC(COC)=CN=N[NH1]C(Cl)ONC
6182,6304,COCCNCOC=CNC(N)C=C1C=CC=C1
6183,6305,C=CC(O)C(C=CC(N1)C)(N)CC=C1Cl
6184,6306,CC=NSC(=O)CC(F)OC=CO
6185,6307,OCC[NH1]C(=O)NC(=O)N
6186,6308,CC=CS=CC=C(C=C(Br)CF)COS
6187,6309,BrC=CC1=C(N)C2=CC(CCl)OC21
6188,6310,CC=CC=C1C=CCCC1
6189,6311,C1N=C2C1(C=NC=C2C3=CCC)C=SC3
6190,6312,C1OC=C[NH1]C=CC=CS1
6191,6313,C1C23CCCCC2C1C=NC3
6192,6314,N1SCCOCC2PC=CCC21C#C
6193,6315,C=NC(N)C(=O)N(N)CNC
6194,6316,CC(=O)NC(N)OC(=O)C1=C(O)C=C1N
6195,6317,C1SCC2C13C=CN=C2CCC=CC3
6196,6318,CNCCCCCCCC
6197,6319,CC(C)=NC=C=C(CCCCCC)C1(C)C=CC=C1Br
6198,6320,N1=C(C)C(C)=C(O)CCN1C=CC=NCC
6199,6321,CCC(C)C=CS=1C=NC=CC=1
6200,6322,COC=CSC=C1SC=C2C=C1C=C2
6201,6323,CCCCC1C=CC=C(F)SN=N1
6202,6324,CC=CN=C(O)CNC(=O)O
6203,6325,CC1=CC=CSC1N(O)CC
6204,6326,NCC1=CC=CC=C1C(C)NCCO
6205,6327,C=CC=CC(N1)C(=O)N=N1
6206,6328,O=C=C(C1)OC=CC2=C[NH1]C=C2N=CC1CC
6207,6329,C=CCN1C=CC=CN=CC=C1
6208,6330,O1CN(C1C=O)CC=NCCSCC=C
6209,6331,N=1C=NC=CC=1C(=O)CCC
6210,6332,COC(CC=CCC=C)C=C(C)COCl
6211,6333,CCOOC=O
6212,6334,N1C=C1C=CS(F)C=O
6213,6335,CCCC=NC=CC=CC1=CN(CN)CCC1
6214,6336,C1NSCO1
6215,6337,S1C2=C(O)C(=O)N=C1NNC=CC=N2
6216,6338,N(I)=SC=C(C)C(O1)C=CC=C=C1CN
6217,6339,CCC(COC1=CC=CC)=C1O
6218,6340,CC=CC=C1C(O)C=CC1C(=O)N
6219,6341,NCC(C1)[SH1]OCSC=C1
6220,6342,NCN(O)O
6221,6343,CCOCC=CC(=O)NCC1CC=CC=C1
6222,6344,NC=CC(=O)C1NC=CC=CC=C=C1
6223,6346,CC=CNC1CS=CC=C1OS
6224,6347,O=CCC1=CC=CC=C1
6225,6348,NCC(C)C1C2=CCOC=CC=CN=C1C2=C
6226,6349,C=C(CC(C1)NC=O)OC1CO
6227,6350,CN(CC)N=CC(C(O)C)(O)O
6228,6351,C1C=C[NH1]C=CC=C1COC=C
6229,6353,C=CC=CC=C=C1C=CCOC1C=C
6230,6354,NCC1C(C)CCC1=O
6231,6355,CC=CSC(=O)OC1=CC=CC=CC1(Cl)C
6232,6356,NC(N)C=NN=CC=C=C(O)C=CCl
6233,6357,C1=CSC=CC=NC=N[NH1]C(=O)N1
6234,6358,CCCC(C1)(C)CC2(CC)CC2CCC1
6235,6359,COC=CC(=O)C=CSC=C(O)C=C=CCC
6236,6360,C1N(C)C[NH1]C=C1O
6237,6361,CCCN=CNC=C=C1CN=CC=C1C#S
6238,6362,NCNN(C)CCCCCO
6239,6363,N12CC3NC1C2CC3C
6240,6364,C=C=C=CC=NC=CC(C)=CC#C
6241,6365,C(C)CC
6242,6366,C#CC=NC(CCOC=C1)CC=CC=C1C2SC2
6243,6367,N=CC=NC(CNC=O)CCC1=CC=CC=C1
6244,6368,O1C=C(CN2C(S)(C)PC)CNC21
6245,6369,CC#CC=O
6246,6370,N1CC1(N2CC3CC2)CCC3
6247,6371,C1C=CC=C(N)C=CO1
6248,6372,CCCN1C(=O)COCN1
6249,6373,C(O)(C)C(C)C(=O)OCC
6250,6374,CC(C)C#CC(=C)Cl
6251,6375,O=NNCCCCC=CC=NC=NCCl
6252,6376,CC1=CC=C(NCC)C=C1NCC
6253,6377,CC=C(O)C(C1)NCCC1
6254,6378,C=CNC1CCCC1=CC#CO
6255,6379,NCCOCCCC
6256,6380,CC1CCC=CCCC(Cl)=C1
6257,6381,O1CNC12CCCC(C)=C3S=CCC3C2
6258,6382,CCCNC(C)OC(C)OCOC=NC
6259,6383,CCCCCCC(C)CNC=C
6260,6384,C1CNCC=C(O)C=C1O
6261,6385,ON=CC=CC=C(O)C(=O)NCC=C
6262,6386,OCCCCOC1=CC=CCC1
6263,6387,FC=CC=CC=CSCC
6264,6388,C#COCCCCCOCF
6265,6389,CCCCCSCC(O)C=CS
6266,6390,COC(=O)C=C1C=C(C=NC=C(C)N)C1
6267,6391,CC1OC=CC=C(O)C=CC=C1
6268,6392,C1(NC(=O)[NH1]CC)CC1CC(O)CC=S
6269,6393,CC(C)CNC=C(N)C=CNC(=O)OC=O
6270,6394,CCC(=O)C=CC=C1C(O)CC1C
6271,6395,O=CC=CS(C)(=S)O
6272,6396,C1=CC=CN(C)SCC=C1C=C
6273,6397,C1CC=CC2=CN=CNC2=C1O
6274,6398,CN=C(O)C=CC=CC1=C(OC)CC=C1
6275,6399,CSOCC(C)OC=NNC1=CC=CC=N1
6276,6400,CCC1N(C)SC(=O)OCNC1=NC=C
6277,6401,CC(C)CNCCNC(O1)C=NCN1C
6278,6402,O=CC(CN)(C=O)C=O
6279,6403,C1OC1
6280,6404,NC1=CC=CC=C1C=NC(=O)OC
6281,6405,NN1C=CC=C1Cl
6282,6406,O=C(CC1CCC[NH1]C=C)C(C=CC)=C1N
6283,6407,CCCCCC1=CC=C(C)CCC1N
6284,6408,OCC=NC(=O)N=CC=C(O)C=CC(=O)O
6285,6409,O=CC1=CNC=N1
6286,6410,CC=SNNCCCCCSC(N)=CC=C
6287,6411,CC=CC=C(Cl)N
6288,6412,C(CSC=CCCC=CC)=C1C(=O)COCCC1
6289,6413,CC(N)(O)NC(C)=O
6290,6414,C=CC(=O)C(CCCN)C(C)=NC=NCl
6291,6415,OC(=O)COP(O)CC1CCCOC1
6292,6416,NCCNC(=O)CCCCC
6293,6417,O1C=CC=C1N
6294,6418,CC1CCC(C(=O)C=C)(O)CC=N1
6295,6419,CC(C=C(O)C1N)CC=CC=CC2=C1C=CC=C2
6296,6420,OC(C)CC(=O)C1N=CN([NH1])C=C1
6297,6421,OCCC(=O)C1=CNC=C1O
6298,6422,CC=C1C=CC=CO1
6299,6423,CCON(C=C1C=C)NN1N
6300,6424,C=CC(C1)C(N)C(=O)O1
6301,6425,CC(N)CCCOC(=O)CCN
6302,6426,CC1CCCC#C1
6303,6427,C1CC(C)C12C=C3C=C3COC2
6304,6428,CC=CC=CC=C(Cl)O[NH1]C
6305,6429,CCCCC(N)C(=O)N[NH1]O
6306,6430,CCCC(C(=O)C)N
6307,6431,NOCNN(C1)NCCNC(O)C=C1
6308,6432,CC=1CC=2[NH1]C(=O)OC=2N=1
6309,6433,C1C=CC=C(C)OC1Br
6310,6434,CC=CC1=CC(C23C1C=CN2)C[NH1]3
6311,6435,C1N=NCCC1
6312,6436,C#CC=CC(=O)C(=O)CCCC=NN
6313,6437,CC=CC=CCCl
6314,6438,FCC=C(O)SSC(N)CCN
6315,6439,C=C1C2=CSC=C1C=NNCCC2=C
6316,6440,CCNC=C1C=CCCC=C1C
6317,6441,OC(N=CN)SC=C(O1)CC=CC=C1CC
6318,6442,C[NH1]C(=C1)CNC(O)CCC1
6319,6443,OOC(=O)NC=CC=CC=CC=CC(Cl)NC(=O)OO
6320,6444,CCC1=CN(F)CN=C1C=O
6321,6445,CCCCCCCOC=NOCC1CC=CN=C1
6322,6446,C12N=CCC(C)=CC=C1C2=O
6323,6447,C=CC1=C(C)OC1C=NCCl
6324,6448,SC=C(C)CC=CN=CC(CC)(O)O
6325,6449,C1CC(C)CC(N)C(=O)CC1CNCO
6326,6450,CNC[NH1]C=O
6327,6452,CC(C)CC12CNCCC=CC=CC=CN=C1N2
6328,6453,NCNCCCC(CN1C2=NC)=CC=C2C1C=CC=C
6329,6454,OC=NN=C(CCC=CC=CCl)CC=CC=C
6330,6455,CCC(C)C1NC=NCC1
6331,6456,NC1CC(CCSC=C)N=C1
6332,6457,CC=C1C=CC=C(O)C=C1I
6333,6458,C=C(C)C1(CC2C=NC=CC=C)C=CC=C21
6334,6459,CNC(=O)C=C(C=CC=CC=C[PH1])C=C
6335,6460,OCC1=CC(OCO)=CC(=O)COS1
6336,6461,OC(=O)NC(N=CCl)(Br)CC=CC=CC=C
6337,6462,O=CC=CC(=O)C(N)S=O
6338,6463,N=CCC(=O)C(C1)=NC(C)=C(O)C1
6339,6464,C(C)COCN1CCCC1C=CC(=O)O
6340,6465,C1OC(Br)C=CN=CC=C1
6341,6466,C1C(N)C1C=CC(C)C=C
6342,6467,CCCCCN1CCC2C1C2C=O
6343,6468,NC1=CC=CSC(O)=C[NH1]C1=O
6344,6469,CCC=CC1=CC=CC=C1Cl
6345,6470,O(C)CC(=O)OC(=O)NC(C)=CC=CC=CC=C(CN)Cl
6346,6471,NN=C(CCCCC1)CC=CC=C1C
6347,6472,CCNCCCCC
6348,6473,NCC=C(CCCCC=C)C=C(Cl)CN=C
6349,6474,C=CC=CC(O)=C[NH1]C=CC1=CC(F)=C1N
6350,6475,N=CSC=C1N(C)CNC1
6351,6476,CC=CN=C(CCl)C=CNN=O
6352,6477,O(C#CC=C(N)C=NC)C=O
6353,6478,C=NC=CC=C1CCCC=C1
6354,6479,CC=CCNC1(O)C=C(N)C1
6355,6480,O=CN=NCNC(=O)C(C)C
6356,6481,C[NH1]NC1C2CC3C[NH1]C=C2C3=N1
6357,6482,C1=C(C)CCC1NSC2=CC=CC2C
6358,6483,C=CC(=O)C1=C(C)C=CN=C1O
6359,6484,C(=O)C(C(N)C1=CC)=CCCS1=S
6360,6485,ClCCCCCC(C)CCC
6361,6486,O1N=C2C=CC=CC2O1
6362,6487,OCOC1CCCC(C)OCOCPNC1
6363,6488,CCCCC=CC=C1NCCC=C1CCCC
6364,6489,COC(=O)O
6365,6490,CCSC(Cl)=C(Cl)CCCNCC=C
6366,6491,CCCN1C(N)C=C1COSCNC
6367,6492,N=1CC(C2C=1C(C)C)CCCC2
6368,6493,N1=C(C)CN=C2C=NC=CC12
6369,6494,C1C=CC=C(C)C1O
6370,6495,CSC=C=C(C)C1(C)C=CC=C1S
6371,6496,NOC=CC=C(C1)OOC(N)=C1
6372,6497,N=CC=CC(N)C1=CC=NC=C1
6373,6498,C1OCC=NC=C(N)CCCC1C=N
6374,6499,CCCC(N)C(C)C=CC=CC(=C)CF
6375,6500,OC1=C(Cl)C=CSC=C1COC=O
6376,6501,SC=CC=CC=CC1=C2C=CN(C=C)C=C2C1
6377,6502,CC(CO)N
6378,6503,OC(=O)C=CC=NC=C1C=CC2=CC=C1C=C2
6379,6504,NOC(=O)OCC1CCC(=O)CCCCC=COO1
6380,6505,NNCCCC(=O)CCCCC(=O)O
6381,6506,CCCC=CC(NC1N=C(O)NC)=CC1=O
6382,6507,CCCCCC(C)(O)N(S)CCP
6383,6508,CC=C1C=C(C)NC=C(F)C1
6384,6509,C1CCCN1
6385,6510,CCCCC=CC1(NC(O)CC1)C
6386,6511,O=CC=CC=C1C2CCC1C2C=C
6387,6512,CCCCOC(=O)OCCC=O
6388,6513,C1C(CC=C(O)C=C1C)(O)CCC
6389,6514,C1C=CC=CC2=C(O)S(F)C=C21
6390,6515,N=NCOC=NC1=CC=CC=C1
6391,6516,CCCC(C)NCCC
6392,6517,O(C)OC=CC(Cl)C=CC=CCl
6393,6518,O1OC(=O)C[NH1]C=NC=CC=CC1Br
6394,6519,C(C)CC(=O)C=CC1=CC=CC=C1N
6395,6520,C1C=CC(=C)N=CN=C1C2CNCC2[NH1]C=O
6396,6521,OC1C(C=C2CCC)(C)C2CCOS1
6397,6522,OC=NC(CF)C=O
6398,6523,CSS=CC(=O)N=CCN(F)N[NH1]C
6399,6524,CCCNNCC12C=CC=CC=C1C2
6400,6525,CC1(CCN)C(=O)OC=C1O
6401,6526,O=C(Br)CC=CO
6402,6527,CCCCCOC=CC=CSCCCCC=CC=C
6403,6528,CC(C=NCNC=O)C=CC=CC1(C=CC=CC1)Cl
6404,6530,CSCC=O
6405,6531,C1=CC=CC=NN1C=NC=CC
6406,6532,C=CC=CS(N1)CCC=N1
6407,6533,C=C=C(O)CC(O)=CC(C)C
6408,6534,CC=CC=C(O)C=NC=C1C=CC=C1
6409,6535,CC=C(N)C(N)C=NC
6410,6536,COC(C)O[NH1]CNNC=C1C=CC=CC=C(F)CS1
6411,6537,CSCCCCC1=C=C2C(=O)CCC2C=C1
6412,6538,COC(=O)CCC1CSCC(C2)=C1C2
6413,6539,ClC#CC1C(C(O)=CN=C1)CCC=C2C=C2N
6414,6540,CC1N(N2)C(=O)C3(C)C2CCC3O1
6415,6541,CC(N[NH1]C(=O)C=C1)(N)CNC=CCNC1
6416,6542,NC(C)=CC=CC=CCC(Cl)C=CC=C[NH1]
6417,6543,C#CC1N2C=NCCCC2C1=C=C=O
6418,6544,CC1=CC=CC=COC=CC=CC=C1N=N
6419,6545,C1N=S=C1N
6420,6546,CC1NCCCCCC1C=NCO
6421,6547,C(C)(=O)OC(C)C
6422,6548,CCN=NC
6423,6549,NCC(C1CCC2=CC=CN)=C2CC=N1
6424,6550,N=CC=C(N)C1=C=NC=CC=C=CC1
6425,6551,O=CC=C1C=CCCC=CC=CC=C1
6426,6552,OCCCC(C)N(O)COC(O)OC=O
6427,6553,NC=NC=CC=CC=CN=CF
6428,6554,CC=CC1(N)CC2C1CCCN2
6429,6555,NC=CC=C(C)Cl
6430,6556,C1C=CC=C(C=C1NCCCOCS)CCCO
6431,6557,C1C=CC1=O
6432,6558,C12C(=O)N=C1C=NC2=O
6433,6559,NC(=O)OC(C)(O)CC1CN=CC1
6434,6560,C(C)OC(=O)OCC
6435,6561,COC(C(O)=C)(C(=O)C(S)CC)CCC
6436,6562,NCCN=NOC(=N1)NC2=CC=CCS2=C1
6437,6563,COC(=O)COC(=O)N(C)C=O
6438,6564,O=CC=CCO
6439,6565,N(C=CCCCSCC1C)C=CC=CC=C1
6440,6567,NCNC=NC=CC(Cl)=CC=C[NH1]
6441,6568,C1CCCCC1C2=CC=CC=C2
6442,6569,CCCC1CCCNC(O)=C(CCl)C1
6443,6570,C(C)C=CCNC=C1CC=NOC1
6444,6571,OC(C)=CC=C(C)OC(O)C(C)OCCCO
6445,6572,C1CCCCCC1(C=C(O2)OC=C)C2N=O
6446,6573,C=CC(C)C=CC1=CC=CC=C1C=C2CC=CC=C2O
6447,6574,CCC(C)CC(=O)C(=O)C=CC(NC1CCN=CC=C1)O
6448,6575,N1=CC=C(Cl)N1CN=CC=CC=C
6449,6576,CCCC(F)(C1C2CCC=CC3=CN=CC13)C2
6450,6577,OC(O)CCC1(C)CCCNCC1
6451,6578,CNC=CC=CC=C(CC1CC=O)CC1
6452,6579,CCCCCC1OC=CC=C1CN
6453,6580,C(=O)OC(=O)NC(CN1CCC1)=CO
6454,6581,CC=CC#CCCCC
6455,6582,CCCCC1C2COCN2CSCCC1=O
6456,6583,COC=CC(N)C(=O)OCCCNC
6457,6584,O=CN=CC=C1CC2=CC=CC=C21
6458,6585,NCCC=CC(=O)ON1C=CC=CS1
6459,6586,O=C(O)C=CC1=CC=C2N(C=C1SC)C2
6460,6587,CCC=CC=NC1=CSC2=CC1C=C2
6461,6588,CC=CC1=C2C=C(CC)C1C=CN=C2
6462,6589,CC=CC=C(Br)N(O)C[NH1]C=C
6463,6590,S=CC(CNC=CC=CC=O)O
6464,6591,CNCCN1CC=C(N)C(Cl)C1(S)O
6465,6592,COC=C1C=CC(N)C(Cl)=C1
6466,6593,C1CCCCC(=O)C(O)=N1
6467,6594,SOC(N)CCCCC12CCCC1=N2
6468,6595,C(C)=NNC=CN=C(C)OC
6469,6596,CC=CC=CC=C1C2=NN=C1C=N2
6470,6597,O=CC1=CC=NC=C1C2=NNNC2
6471,6598,CC=CN=CC(=O)C(N)=C[NH1]CCC(O)=S
6472,6599,CCOO
6473,6600,N(C=CC=CC=CC=C1C=CCl)=C[NH1]C1=C
6474,6601,CC(C)NC(=O)OCCC=C(Cl)C#C
6475,6602,O(O)NC=CC=C(N)CF
6476,6603,CC=C(C)C(C)CS
6477,6604,CCC=CC=C1N(C)C2N=NC=C2N1
6478,6605,COCN(C=CN)CCCC
6479,6606,CCC=NC=CC(O)=O
6480,6607,CC(N)C=CC#CC=CC=CC1=CC=C[NH1]1
6481,6608,C1C=NC=C1CSC2C=CC=C(N)C2C
6482,6609,NCNC
6483,6610,CCCC(C)CCN
6484,6611,C1=CC=C[NH1]1
6485,6612,CCC1CCCCCCCCC(O)SC1
6486,6613,C1C2=CC=CC=CC(Br)C=C2SC1
6487,6614,CCCCCCCC(C)=CC=CC=CC(Cl)=C1N=C1
6488,6615,NC(C)CCNC(=O)CC=CC=C
6489,6616,CCCCC=CC=C1C(C)=CC=C1
6490,6617,CNC(=O)C=CC=C1CC(S)OC1
6491,6618,CN=NC=CN=CC=C1C=CS1
6492,6619,C1OC=CN=C1C=CC=CCC(Cl)=C(Cl)OC[NH1]
6493,6620,CC(N)C(SC=C1C=CC=CO)C1=O
6494,6621,SC(=O)C=CC(C=CC12C=CC=O)(O)C1N2
6495,6622,C=1C=CC=1CNCC(C)CO
6496,6623,C1C=CC=C2C=CCCNCC2=C1
6497,6624,CNC(=O)CC(=O)OC(=O)NC1=CC=C(F)C=C1
6498,6625,BrCCC(C)(C)CCCCNCCC1CCCCC1Cl
6499,6626,CC(C)CNC(C1)(C)CCC=C1
6500,6627,C(C)(C)=CC=C1C=C=CSS12=CC=CC=C2C=CN
6501,6629,NCC=CCNC(=O)OC=NNCCO
6502,6630,O=CC=CC=CC=CC=CC
6503,6631,O1CCNC(=O)CCN1C2=CC=CC=C2
6504,6632,CCCCCC(O)CCO
6505,6633,C1C=C2C3=C1CC4NC3CNOC=C24
6506,6634,OC(=O)C=C(C=CN(Cl)CC1)CC=CC=C=N1
6507,6635,CC(S)C(C)CCC(Br)COC(=O)CN
6508,6636,CNC(C(N)C#N)=C=O
6509,6637,CCC(O)C(=O)N(C)CC(C)F
6510,6638,CCCNC=CC1=C(O)C2=CC=C1CC=C2N
6511,6639,COC=CCC(SP(=O)C)COC
6512,6640,C1C=CC2=C=C1CCCCNC2
6513,6641,NNCCC(N)C1=CC=CS1OS
6514,6642,CCCNN(C1)CCNCCC=CC=C1
6515,6643,OC=CC=NN1C=CC=C(O)C1
6516,6644,CCCCCN=N[NH1]
6517,6645,CCCCC(C(=O)N(O)C)(O)C
6518,6646,CC=CC=CN=CCC1=C2C=CC=C1N2OC
6519,6647,OC=CC1=CCCCC1
6520,6648,CC=CC(C)(C)CCN
6521,6649,N12C(=O)C=CC=C1CN2
6522,6650,CC(=O)NCC1=CC=CC=C(Cl)C1
6523,6651,C=CC(C)OC1C(C)N2C1CCC2
6524,6652,OC1OC(=O)C=CC(=O)OC1NS
6525,6653,CCC=CC=CC=C(O)C=C(O)N=N
6526,6654,CC(N1)(C)CN[NH1]CCCC1NO
6527,6655,CC(=O)C=CC=C(O1)C=CC=N1
6528,6656,CC=C(N1)C(Br)=CC=CC=CNC1=O
6529,6657,C=CC(C)CC(=O)O
6530,6658,O=CN=C(O)C1=CC=CC=C1
6531,6659,C(=O)OC1=CC=C=C[NH1]1
6532,6660,CC(=O)C=C[NH1]C(=O)O
6533,6661,O=C(O)SC1(C)OC(O)C1=N
6534,6662,CC=CC=COC=NC(N)=CC(Br)C
6535,6663,OC(=O)NCCCC(C)C(O1)C1
6536,6664,CC=CC(=N)C1OC=CC=CC(N2)S21S
6537,6665,C12N=CC3=CC=CC31C2
6538,6666,CONC(C)CNCCCC=C
6539,6667,NC(C)=CCC(C=O)NC
6540,6668,COC=CCC=C(C)CC
6541,6669,CCCCC1C2C3CSCCCC1C2=NN3C
6542,6670,CC=C=CC=C1C=CC=C1NC
6543,6671,CCCC=CC=CC=C1C(=O)N=C1
6544,6672,O=CNN(O1)SSCC1C=NC=COC
6545,6673,C1C=C1C(N)N=CC=C
6546,6674,C=C(O)C1=CC(CCCC=C)C=C1C=CCO
6547,6675,N1NCC1NCNCCCCCCCC(=C)CCl
6548,6676,C1CCC=C1NCCCC=N
6549,6677,O=C(C)CC1CC(C)C1=C
6550,6678,OC=NC=CC=CC=CC=CBr
6551,6679,C(NC=NCNC=C)N=CCC=O
6552,6681,O=CC=CC=CON1NCCC(Cl)=C1
6553,6682,CN(C)NCOCC=CC=C
6554,6683,CC#CCC1CCCS1
6555,6684,C=NC(C)NCCCC(=O)SC(=O)O
6556,6685,COC(O)CCCCCC(CC=NC=CC1C)COC1Cl
6557,6686,CNNCOC(=O)C
6558,6687,CNC(CNC(=O)CO)CNC
6559,6688,CNCC(C(=O)OC=NCCl)O[NH1]Cl
6560,6689,CCNNCC=C=CSN
6561,6690,CC=CC=C1C=CC=C1C2CCOC=C2
6562,6691,CCCCCSC(=O)C(C)OCOC=C
6563,6692,CCN(C)SCN1CCCC1C=C
6564,6693,OC(SC=O)O
6565,6694,CCOON=NCS[NH1]CC=CCCCO
6566,6695,C[NH1]C(=O)C(C)CCCC
6567,6696,C=CC(C=CC=C1C=C)C=C1
6568,6697,N1S2=CC=CC=C2NCC1
6569,6698,CCC1(CNCN(O)C=NCO)CNC1
6570,6699,COC=CC(N=CCCN)C(O1)C=CC=C1
6571,6700,CCC(C)(C)CC1C(C=CC=CC=CC=C)N(O)C1=O
6572,6701,CCCCCCOCBr
6573,6702,C1NCCCC1Cl
6574,6703,CC(=O)C1=CC=CC(F)=C1
6575,6704,CC=NCC1SC#CC(=O)NC=N1
6576,6705,NC=CC=CCCN=NCI
6577,6706,CCCC(C)(O)C=C
6578,6707,C1CCC=CC=CC=CC=CC=C1Cl
6579,6708,N1CCCCCC=C1C2C(O)=CC=C2O
6580,6709,CCCC(S)CCC1CCC=CC=N1
6581,6710,CNC=CC(C)=CC=CCC=CN
6582,6711,CC#CC1(C)CCC=CC=C1
6583,6713,CCC(=O)N=CC=CSC
6584,6714,CCC(C)=CC(C(N)N)=C1C=C[NH1]C1
6585,6715,CCCC=CC=C1C2=C(C)N=C1NC2
6586,6716,NC(=O)C(N)CCC=CC1=CC=CC=C1
6587,6717,CCCCNCCF
6588,6718,O=CC=CC=C(C1C)OOC=CC2=CC=CN2OC1
6589,6719,C1CCCCN1
6590,6720,CC(OC(=O)C1C2CC)C(C)=CC=C1C=NN2
6591,6721,SS(O)CSNC(=O)CCC
6592,6722,O=C1C=C(O)CCCCC=C1CN
6593,6723,CC=C(C)C=C1NNC(C)C12CC2=N
6594,6724,CNC=CC=C(OC=C(Br)NF)F
6595,6725,CC#CCC(Br)C(O)O
6596,6726,O=CC=CC=C[NH1]C=CC=CI
6597,6727,CCCCCC1S2CCC(C)C2NNCCCC1
6598,6728,CCCCC1OC(=O)C=C(O)CC=C1C
6599,6729,CCCOC(=O)OOSC
6600,6730,CCCC1CCN(O)C(C)OCCC1ON
6601,6731,CCC(=O)NC(=O)O
6602,6732,CNC(S)C=CNC(=O)OCCCC
6603,6733,C=C(O)CN1C=CC=C(Cl)C1
6604,6734,CC1=C(O)CCCCCNCC1=O
6605,6735,CC=CC(N)C1C=CC=CC=CC(C)=N1
6606,6736,OC=C=CC=NONC1=CC=CC=C1C(=O)O
6607,6737,COCCC[NH1]S1C(=O)NCCC1C
6608,6738,C1CCCC(=O)NC1Cl
6609,6739,O(C)C(CCSC(=O)OC)=NNC=C
6610,6740,N1COC#CC=N[NH1]CSCO1
6611,6741,CNCC(C)C(=S)CCC
6612,6742,CC(C)C1CCCC=C1C(=O)ON
6613,6743,C=CNCCCCCCCOCO
6614,6744,CNC(=O)C(CC=C1C=CN)=C(N)C1
6615,6745,CC=NC(N)C(=O)C1=CC=CC=C1
6616,6746,N1CC1SN2C=CCCC2C=O
6617,6747,NNC(=O)C(O1)C=CC=CC=C1
6618,6748,C1CCCCC1(O)C(C)CC
6619,6749,C(C12)CC=CC=C1CCCOCC=C2
6620,6750,C1(C)C2CCNC1OC=NN2
6621,6751,CC=C(C)CCCCOC=CC=C
6622,6752,NN=CC(C)=CC=CC=O
6623,6753,CN=C(O)C(CC(N)C1=NC)=CN=C1CC
6624,6754,C1C=CC(CCC=CC=CC=[PH1]1)ON
6625,6755,CC=NC1=C2C(C=C=C1O)=NC2=N
6626,6756,CCC1(CF)C(C)S1C
6627,6757,C=1COCCCCCC(=O)N=1
6628,6758,O1C=C(O)C=C(C)NN=C1
6629,6759,C1=2OC(=O)C3C1CN(C)C3C=2O
6630,6760,C=C1C=CC=CC=C1Cl
6631,6761,C1N=CCC1CCCC2=CN=NC2=C
6632,6762,C1CCCC1
6633,6763,COC(=O)OC=CC=CC=C(N)CNC
6634,6764,C1CC(=O)OC(O)CC=CC=CC=C1
6635,6765,O=CC=C=CC=C(Cl)C=C(Cl)CN=C
6636,6767,CCOC(=O)CC
6637,6768,FCNC#CC1=CS2C=C1[NH1]NC2
6638,6769,CNNC(=O)CCC1CCCCS=C1
6639,6770,CCC(=O)C=CCC(C)(O)F
6640,6771,CN1CC2=S(N)CC2C1
6641,6772,CNC1=CC=CC2CC1=CC=C2C
6642,6773,CCCCCCCCC(=O)O
6643,6774,CNC=CC=C1C(=O)C=C(Br)C=CN[NH1]1
6644,6775,CC=COC=CC(CC1=C)C=NC=C1N=CN
6645,6776,CCCNCC(=O)C=CCC[SH1](O1)=C1
6646,6777,CCCOC=CC=C=CCBr
6647,6778,C1C=C1CCCN=CCC(=O)CSO
6648,6779,CCCC=NCOC(C)C(=O)O
6649,6780,O=C(CCCCO)C=CC=CCP(=C)(O1)S1
6650,6782,NCCCCOC(C)[NH1]C(=O)O
6651,6783,CCCCCC1CCCC=C1C(=O)CCC
6652,6784,CNC=CC=SNC
6653,6785,CC=CN=CBr
6654,6786,NC(C(Br)O)SCNCCNCO
6655,6787,CCN=CC=C[NH1]C(Br)=CI
6656,6788,S=CN=C(C1)CN(O)C1CS=NNCC
6657,6789,CCOCN=C(Cl)CC=CC=CC=C1C=C1O
6658,6790,C1N(ONC)CC(NC(=N)N)CC1
6659,6792,CC1SC=NC=C1NCC(C)C(N)N
6660,6793,CCSC(=O)O
6661,6794,CC=CC=CC(O)F
6662,6795,CC=CC=C(C1)C=CC=C[NH1]1
6663,6796,CC=COCPC=CNC=NC1=CC=C(Cl)C1
6664,6797,N1C(=O)C(O)C(=O)OCCC1CC
6665,6798,OC=CC=NC1(C)CSC=C1SN
6666,6799,OC(N)C(=O)NCO
6667,6800,CC=CC(C=C1C=CC)C1Cl
6668,6801,CCCCC(CN1CCCCC1)=C
6669,6802,NCCSO
6670,6803,O1C=CC(O)C(=O)C=CC=C[NH1]1
6671,6804,CC1(C)CNCC1=CC=CN(O2)C2
6672,6805,OCNCC(C)CN1C(C)CCN=C1
6673,6806,C1NC=CC=C1NCC2CCCC2C
6674,6807,CNC(=O)OCCSC(CCC)COCC
6675,6808,C=CS12C=CNC1(N)C=CC=C2
6676,6809,O=CC(C)=CC=C1NCCC1C=C
6677,6810,CCC1=CC=C(O2)C=C1NN2
6678,6811,OC=CC(C)C(O)CC1=CCNC1
6679,6812,CCC=CC=C=C=CC=C1NC=CC=C1
6680,6813,SNC=NC(C)C1CCCCC=CC=C1N
6681,6814,CCCC=CC(C)=NC=CSN
6682,6815,C1C=NC=C1C
6683,6816,CC1CC(=O)C2CNCC3CN=CC1N2CC3CBr
6684,6817,OC1=C(NC2=O)OC=C(O)CS2OC1
6685,6818,CCC(N1)N2CC3CC1C(C)C=CC=C32
6686,6819,ON=CC1=CC=CC=C1
6687,6820,OSC=NCC(=O)OC=CS(O)C(=O)O
6688,6821,CC(=O)CCC=C1C=NC(N)CCCC1
6689,6822,C=CC=C1C2C=CC=C1S=C2
6690,6823,CCOC=O
6691,6824,CCOC=C(F)C=CCC1(C)CC(N)C1
6692,6825,CCCCBr
6693,6826,OC=CC=CC1=C(CBr)C=C1CN
6694,6827,CCOC=CS1NCC=CC1C(=O)O
6695,6828,CSC=CC(C)=NC(C)NCCCCC
6696,6829,NCCCOC=SCC
6697,6830,CC(C)=NC(C1CCCC)C1O
6698,6831,CCC(C(C)NC1=O)C=CC=CCNC1
6699,6832,C=C(O)C=NOS(=O)OCCN
6700,6833,ClC=CC=C(N)C(=O)OCN
6701,6834,CC=CC=CC(O)=C(F)C1(Cl)C(=C)C#C1
6702,6835,CCPCCNN=NCCNC
6703,6836,OCOC=CC1=CC=CC=N1
6704,6837,CNC(=O)N(O)C(=O)CC=CC1=NC=CCC1CSCN
6705,6838,CCC(=O)CS(C)=NC(C)C=CC=CCO
6706,6839,CCCCCCOC(=O)OC(C)=CC=C(COC)C=C
6707,6840,CN(C)CCSC=C=NC=CNO
6708,6841,CN(O)OC=CC=C(CF)C=O
6709,6842,CC(C=C1N)=CC=CC1(C(CC)=CC=C)O
6710,6843,NC(C)CC(O)CCC=C(O)OC
6711,6844,CC=C(C)OC=NC=CC1=CCNC1C
6712,6845,COCSC=C1C2=CC=CC=C2CC1
6713,6846,NC=1SC2=CC=1C3OC=CC=C32
6714,6847,CC(CC(N)CO)C(C)CCCCC
6715,6848,C1C=CC1CN(O)OC
6716,6849,OOC=CC(C1)=NC=CN=CC=CC=C1O
6717,6850,O=C(CC=NCC=CC1=C2C1)C=CC=C2C=C
6718,6851,CC(N)C=C1C=NN=CCC(C=CC)=C1
6719,6852,C=CC=C(O)CBr
6720,6853,C1C=C2N=C(C)CCOC1=NOC2
6721,6854,N1C2CC=C1NC2C=C3C=CCC3
6722,6855,CC=CC(O)C(=O)C(N)(O)O
6723,6856,NC=CC(CO)C(=O)NC(=O)O
6724,6857,CC(C(N)C)CC(=O)SC(Cl)OC=N
6725,6858,CC[NH1]C=O
6726,6859,CCCNC=CN1C=NC=CC=C1
6727,6860,CCCN[NH1]CCOC(=O)O
6728,6861,C(C)PN(C1)NCCC=C1OCCCCC
6729,6862,CCC=CC(C=CCC1CCC)C1
6730,6863,NC=C(C)CC=C(C=CC1=N[NH1]C=N1)NC
6731,6864,CCOC(=O)C(=O)N=NC=C1C=COCO1
6732,6866,CCOCCl
6733,6867,C1C(C)CCCCCN1O
6734,6868,CCCNCCCC1C(C2O)=C3C(CCC3O)=C21
6735,6869,COC(=O)OCOC(=O)S
6736,6871,CCN=C1C=CC(C)C=C1
6737,6872,CC1=CC=CC=C[NH1]1
6738,6873,NOC(O)C(O)C=CS1C=C2C=C1C=CC=CC=C2
6739,6874,CC=CC1=C[NH1]C(C)=CC(C)S=C1
6740,6875,C1COCC1C
6741,6876,CCCCC(N)=CC=C1C=C(O)C=C(Cl)S1SO
6742,6877,NCCCCC(=O)OC(=O)N
6743,6878,COC=CC12SCC3C1CC2=C3
6744,6880,C=CNC=C(C)C1C=NCNCCCN=C1
6745,6881,C#CCCC1C(C)CNNC1
6746,6882,OC=CC1=C[NH1]C=C(CN)CC1
6747,6883,COC=NC(C)C(O)CC(=O)N
6748,6884,O1OC=CC=C1COC(=O)O
6749,6885,CCCCNCNC(=O)OC(=O)NNC
6750,6886,N=CC(C)COCC(C)C=C(C)C=CC=CCl
6751,6887,CC1=CC=CC=C1C=NN=CC=C
6752,6888,NC=CC=CC=CC(=C)COC=NCCC
6753,6889,N=C(S)C=NC=CC=C(C1)C[NH1]1
6754,6890,CC=1C(C)=CC=CC=CC(C)C=1
6755,6891,C12C(F)C(C)(N)C1COCC2O
6756,6892,C(C)C(OC=CC=CC)=C1CC=NN=C1
6757,6893,CSC1=C(Cl)CC1CCl
6758,6895,C=CC1N(Br)C(CCCNN=CN1C=NC)C
6759,6896,CCCCC=COC=C1C2=CCCC21
6760,6897,SC(=O)C(O)C=CC=CC(C=C)C=C
6761,6898,CC1NC=CC=CC=C1C2=CC=CC=C2
6762,6899,O1C=NN1[NH1]C=CC=CCC=O
6763,6900,COC=CN=C(N1)N=CN=CC=CC1
6764,6901,CCCCCCC=C(N1)C[NH1]C=CC=CC1
6765,6902,CC=CC(NC(=O)OCC)C=CC=C
6766,6903,C(C)C(C)=NC=CC(O1)=CC=CS1
6767,6904,NC(=O)OC=CC1=CNC(C)=NCN=C1
6768,6905,CC=CC=C(N)COC1=COCN=C1
6769,6906,N=CC=C(C)N(CO)C1=CC=CC=C1C
6770,6907,COC(=O)COC(N)CCC
6771,6908,CCC(C1)CC2C(=O)C=C(O)CN=C2C1
6772,6909,C1CC=CC=CC=CC=C1
6773,6910,O=C1C=C(N)C(Br)=C(N)CCC(Cl)=N1
6774,6911,C1C(=O)C=C1CC=CC=C
6775,6912,CC(=O)OC(CCC(=O)O)CCCCCCF
6776,6914,CCSS(N)COCCCN
6777,6915,CC=C1C=C(O)C(COCN1)=O
6778,6916,CCC1=C(C=C2C=N3)C=CC=CC3=CC1C2C
6779,6917,CCNC=NC=CCS=CC(=O)C=SBr
6780,6918,O=CC(O)S#CCNC=CC=CN[NH1]
6781,6919,ClCCC(C)CC1=CC=C(C)C1N=C
6782,6920,CC(C)C(C)C1C=CC(O)CCN1
6783,6921,CCCCCCC1NC(N)(C=CC=CC=C1)N
6784,6922,BrC(CC(O)C(=O)CO)(O)COC[PH1]=N
6785,6923,CCCC=C(C)N(N=N)C1=CC=CC=C1
6786,6924,O(O)CC(=O)CCC(CCC1)=CC=NC=C1
6787,6925,C(O)C(O)C1CCCCC(OC)CCC1=O
6788,6926,OCC(C(=O)C)=C(C=C1C=C2CS1CCC2)C
6789,6927,CCNC(=O)OCCC(O)C(=O)OC
6790,6928,N1N2C=CC=C1C2CCCCCCC
6791,6929,C=CC=CC(C1)OC(Cl)=N1
6792,6930,CCC1=CC=CC=C1CCCC=C
6793,6931,NCOCC=C(C)CSCC
6794,6932,CC=CC=C(O)C=CC1=CC=CNC1OC
6795,6933,C1C=CC=CC2=CN=CN=C2SC1
6796,6934,NCCOC(=O)OC=O
6797,6935,SC(=O)C=O
6798,6936,OC=C(C)[NH1]C(CN1)C1OCCO
6799,6937,COCC(C)=CC=CC=C(N)Cl
6800,6938,NC=NC=C1C=C(C2=C1C)NC=NC=C2
6801,6941,O1C=CC=C2C1(C=CC=C2CC3)CCC=C3
6802,6943,OC=CC(C)C1=CC=CC=C(F)C=C1O
6803,6944,OCC=CCC=CCBr
6804,6945,CC(C)CC(C)=CC(N1)SCCC=C1
6805,6946,CC1(CCC)CC1
6806,6947,CC(=O)OCP(C)CCNC(N)CC=N
6807,6948,CCC(C)CCCC1=NC=C(Cl)NC=C1N
6808,6950,CC(N1)CCOC1OC=C2C=C(O)C=C2C=C
6809,6951,N1=C2C(C=CC)=C2CN1C
6810,6952,NC(Br)=CC=CF
6811,6953,CC=NC(C)=CNCF
6812,6954,COC(C(O)C)(O)COC(C)=SC=CC=C1C=CCN1
6813,6955,C#CC=CC=CSSCC(N)=NCS
6814,6956,N=C(O)CNC=NC=CCCCN
6815,6957,CCCCCCC(=O)CC[NH1]C
6816,6959,COC=1C(=O)NN=1
6817,6960,CCCCCCC(C)=C1OC=CC=C1S
6818,6961,N(C)CC=1CCCN=1
6819,6962,CC1OC=C2C=C1CCC(O)C=C2O
6820,6963,CCCNC(=O)C(CC1CNC)C1S
6821,6964,C1NCNCC1
6822,6965,C1=CC1(CC=CC=CN=C)C=CC=C=SN=C
6823,6966,CCC=NOC1CCC=C1
6824,6967,CCCC=CC1(O)C=CC=C1C=CCCNS=N
6825,6968,OC=NC(=O)CCCCCCCCC
6826,6969,C1C2NN(C)CCCC1C(C)CC=C2
6827,6970,C1C=CC=CC=CCC1C2CC2
6828,6971,OC(C)=CC=C(C)C=CC=CC
6829,6972,C1(=O)CC2(CC3CCC2)COC1C3=C
6830,6973,CCC=CCCCC(O)C(=O)O
6831,6974,CCC=NC=C(C)NN(S)C=C1C2=CC=CC=C12
6832,6975,COC=C(O1)CC=CC=C1N
6833,6976,O1C=CSCC1C(C)CC
6834,6977,CNC=CC(C1)=CC=CC=C1CCCCC
6835,6978,N1CONNN=C1C=CC=O
6836,6979,N1CC=C1NC(=O)O
6837,6980,NS(=O)C=C(C)O
6838,6981,N1CC(C)CCC2CCCCC21
6839,6982,NC1C2=NC(C)C(=O)OC2CCC1
6840,6983,CNCI
6841,6984,OC=CC=C(O)C1(C)OC=CC=C1O
6842,6985,CCSCC(C)SC(=O)COOO
6843,6986,CCC=CC=CSC=C(Cl)NC=CC=C
6844,6987,NCC=CC1=C2C=CC=C2C1
6845,6988,CCC=CC=C(C1=C(O)C(O)C)N1
6846,6989,NCC=C(CC1(C=2N)C=NN1)C[NH1]C=2
6847,6990,CCCC(=O)N(Cl)C(C)C
6848,6991,CCOC(N)CCPC1=CC=CC=C1
6849,6992,CNC(=O)CNCCC1C=C(CO)C1O
6850,6993,O=C(CC#C1)C=CC=CC(Br)=CN=C1C=C
6851,6994,CSC=C1C(C2=CC=C1C=NC)=C(O)C=C2C=P
6852,6995,CN=CC(O)=C1C(CCC2C)=CC=NC=C2SC1
6853,6996,CN1CC=C=C(N)SC=CC=C1ON
6854,6997,CC(=O)N(C)CCC(Cl)CCSC
6855,6998,N(O)C(=O)CCC1OCC=NC1=O
6856,6999,C12OC(=O)N1C=CCC2N
6857,7000,CCCOCCCCCC(F)S1NCCSC1
6858,7001,CCOC=CC=C(O)C=CC=CC=O
6859,7002,CNC(=O)NCCCC=O
6860,7003,CC=CC=CC=CC=CCCC(=O)OC
6861,7004,C1CCC(CCCC1)=C2NNC(N)CC2
6862,7005,CCCCC(=O)C(=O)OO
6863,7006,C1OC=CC=C(C)NC1C
6864,7007,C(O)CNCNCCCCCC
6865,7008,OC(=O)NN
6866,7009,CC(OC)CC=CC(C)N1N=CC=C=N1
6867,7010,CC=CC(C)=CC=C(C1=CCNC)C1C=C[NH1]
6868,7011,O=CC=CC1(C)C=CC=C1S
6869,7012,CCNCCC(C)C=CC=C(S)CCl
6870,7013,NCN(C)C(=O)CCOS=C
6871,7014,O=C(O)CCCC
6872,7015,CC(=O)SC(=O)CC(N)CCCCO
6873,7016,CCCCCC(=O)NCCC1CCC1COC
6874,7017,OOC1C=NSC2C=CC=C2CN=C1
6875,7018,SC=CC=C(O)C(=O)OCSC1=CC=CC=C1
6876,7019,NC=CC=CN=CC=CN1C(C)=CC=C1Cl
6877,7020,O=CCSC=CC=CC=C(OC)NOCCl
6878,7021,CC(CCCCN)=C1C=NC=C2C(O)SC2=C1
6879,7022,CC1=C2C3=CC(=C)C=C3CCC1C2N
6880,7023,COC=C(O)N=CC=CC(NC(=O)NC)CO
6881,7024,CCC(C)C(=O)[NH1]C(=O)OCC=CC=NN
6882,7025,CCCOC(C)(C=C=CO)C
6883,7026,CC=CC=CN=CC1=C(Cl)C=CC=C1
6884,7027,CN(NC1NC(=O)N2C1)CC=NC=C2ON
6885,7028,CC(C)C(C)NCC1CCCC1
6886,7029,CCC=CC=CCN=C(O)C[NH1]
6887,7030,O=CC=C[NH1]CCCCCC=C(O)C
6888,7031,CC=CC1=CC=CC=N1
6889,7032,C1OC(C=2)C(C)(C)CC=21
6890,7033,C(CCC(N)C1=CC)C=N1
6891,7034,N(=O)NC=C1SC(C)CCCC1
6892,7035,C=CCN=CC1C=CCC1
6893,7036,OC(O)C=CCCC1NC=C[NH1]1
6894,7037,CCCC(O)C=C
6895,7038,CN=CC=CC=C(S1C=NC=C)COC=NC1
6896,7039,CCC(N)C(=O)CCCO
6897,7040,NCCN=C1C2=CSC=C1C2
6898,7041,C=C(C)CCCOC(=O)CS=NCCC#C
6899,7043,ONC(N1)C=CC2=CC=CC=C21
6900,7044,O=NC
6901,7045,O=CSC1=C(CC)SC=CCCNNC1
6902,7046,OC=CN1C(=O)COCCCSCSC1
6903,7047,CNC(COCC)C(NC)=CC=CSO
6904,7048,OC=NC(C1)NC=SCN1N
6905,7049,OC(C)(C)NOCCCCC(C=O)O
6906,7050,CCCF
6907,7051,COOCC=C(C)ON=CC=CC(NC)=O
6908,7052,C(=O)C=C(C)CCCCCCC(=O)O
6909,7053,NP(C)(C)CC1C2(O)CCCC2CC1
6910,7054,CNC(=O)CC=C(O)CC=C
6911,7055,CC=C(C)CCCC1CC=CS1C=O
6912,7056,NCCC(N)CCCCCCCCC
6913,7057,CNC(C)C=CC
6914,7058,CCCC(C)S(=O)OCSCCN
6915,7059,CCC=CC(C(C)CCC)CBr
6916,7060,CCCC=CCC(C1)(O)CCC=C1
6917,7061,CNC=CCCC=NCC#C
6918,7062,C=CN=C(Cl)Cl
6919,7063,CCC1C=CC[NH1]C1(Br)F
6920,7064,COC(=O)N=CC=CCl
6921,7065,C12CCC1O2
6922,7066,N=C(C)C(CC1(C2)C)CC1=C=C(O)C2
6923,7067,NC(O)=CC=C(C(=O)CNC1=CC=N)C=C1NC=C
6924,7068,CC1CCCCC1
6925,7069,CC1CCC(N)C=C1CCC
6926,7070,CNCN(O)C=NP(=O)(C)Br
6927,7071,CCN[NH1]C1=NC=NN=NC(=O)NC=C1
6928,7072,O=CCN=CN(C)C(O)=CCBr
6929,7073,C1(C)C2C=CC=CC21
6930,7074,N1=CC=COC=CC=C1
6931,7075,OC#CC(=O)O
6932,7076,CC1CCC(C2)CC=CC=C2C=C1
6933,7077,C#CCNC(=O)NC(=O)CCC1CCCN1
6934,7078,C12C(=O)C1C=CC(C)C2
6935,7079,C=C(C)C(O)C1=C2C=CC=CCSC=C2CC=C1OC
6936,7080,C=CC=CCC1(C)SC2=CN12
6937,7081,CCCSC=NC=C(O)C=CC=CC=CC=CO
6938,7082,O=CC=C(CCN=CC=CC1=CC)SCO1
6939,7083,C1=C(C)C=2C1CC=CC=2CCF
6940,7084,CCCCCC=S12(O)C=C=C1C2
6941,7085,CCNC1CC(C2)(C)CC=C1C=C2
6942,7086,CC=NC=CCC=C(C)CCO
6943,7087,N12C=CCCN1COC(=O)N=C2
6944,7088,CCNCNC(C)(C)CC(O)CO
6945,7089,CC=CCC=NC1=CC=C(F)C=C1
6946,7090,C1C2(CCC)CC2C1C(CO)C[SH1]O
6947,7093,CN1C=CC=C(S=CC=SO)C=C1
6948,7094,CCCCCCC=CC=CSNC
6949,7095,C1=C=CC=CC=CC=CC=C1OC
6950,7096,C#C
6951,7097,NOC=O
6952,7098,CC=CC(=O)OC1=C2C=CCC2CC=C1
6953,7099,CCCC(O)C1[SH1](N)=CC=C1
6954,7100,NN(CC1=C)C=CC=CCC=C1S
6955,7101,OCCCC(O)C(=O)CSCO
6956,7102,O=CC(=C)CCCCCC(C)C
6957,7103,CCNCOC1CCC(C)C1
6958,7104,CC(C)=CC=C1C=CC(=O)OCC1
6959,7105,OC=C(C#CC)C(C)(C)CC1SC=C(Cl)C=C1
6960,7106,CC=CCCCCCC(=O)OC=CC=CCCC
6961,7107,CCC(C)C=CC=CN(C)C1COC=C1O
6962,7108,C=12CCCCNCCC=NC=1NC2
6963,7109,C1C=CC=CC(C)=CC=C1N=NS
6964,7110,CC=CC=CC=C(O)C(O)=CC=C[NH1]
6965,7111,CCOC1=CC2=CCN1C=C2
6966,7112,NC(N)C(=O)C(C)=C1C=NC=C2C1=C2
6967,7113,CC=NC(C=NN)=CC=CC=C(Cl)C(Br)=C
6968,7114,C(C(O)CC)S=C(CC)CCC
6969,7115,OC1=CC=CC=C1CCC=C
6970,7117,CC=NC=CC=NC=C(Cl)C=CC[NH1]C
6971,7118,C1C2(C)CSN(C(C)=CCCl)C1C=C2
6972,7119,N=CC=CC(C)(O)NC=C(N)C#CF
6973,7120,O(C)N=CC=CC1SC=CC=C1
6974,7121,CNCCC=C1C=C(C)CC1
6975,7122,C12CC=CC=C1C2C(=O)O
6976,7123,O=C1N(O)C=C1CNCCCCCCC=C
6977,7124,O1C(CC=C1CC)CCN(O)C
6978,7125,C1OCCCC[NH1]CS1
6979,7126,OOCCOC(=O)C=O
6980,7127,CCCN=C1CCC(Cl)C(C)=N1
6981,7128,COCC1CCC[NH1]1
6982,7129,C=C(O)CN=CC=CC1=CC=CC=C1
6983,7130,BrC[NH1]C=C1C2=CC=CC=C2COCO1
6984,7131,CCCOC(C)C#N
6985,7132,NOCCC(C)(C)CC(I)CNC
6986,7133,CNCOCC=CC(C)(O)OC1(O)C=CC=C1N
6987,7134,CC(C)(N)CC(C)=C1C=CC=CC=C1
6988,7135,CCOC=C
6989,7136,O=C(C=O)C(=O)C=O
6990,7137,CCCC=NC=CC1(O)C=CC=C1
6991,7138,CCC(C)CC1C=CC2=CC=CC=C2C1
6992,7139,COC=CC=C=N
6993,7140,CC(C)(O)CCCCCN1C(=O)NCCO1
6994,7141,CSC=CCCOC=C(C)C=C
6995,7142,CSSC(=O)NCCCCC=CC1=CC=CN=C1
6996,7143,NCCNCC(=O)NCCC#CO
6997,7144,COC(=O)C=C(O)C(C)OC=CN=C(CF)NCC#C
6998,7145,COSOC=CC=NC=C1C(O)C=C1
6999,7146,CNC=CC(=O)CCC12C(=C)C=CC=C1N=C2
7000,7147,CSC=NC(F)=NC=NC(=O)O
7001,7148,CCCCN=NC=CC=CCC
7002,7149,C1C=CC=CC(C12C=C)(C)C=C2N
7003,7150,C1C=NC=C1C[NH1]C
7004,7151,C(CCOC=CC)C=O
7005,7152,COC=SNC=C(O)COCC1C=CC=CC=C1
7006,7153,CC(C)CCC=NCC(C)=CC=NC=O
7007,7154,NCCC(=O)NCNC=SO
7008,7155,CC=COS=C(CN)C=O
7009,7156,CNNCC=COC1=CC=CCCC1
7010,7157,CCOCCC#N
7011,7158,CC(C)CCOC=CC=C1C=C[NH1][NH1]C1
7012,7159,COC=NCCC[NH1]C
7013,7160,O=CC1CCC=NCS1
7014,7161,CC=C1C=CC2=C1S(O)N2CCC(N)C
7015,7162,CC1COC(Cl)C=CC(Br)=CS1
7016,7163,NC#CC(C)C(=O)O
7017,7164,COCCC(C)C(=O)S1(O)C=CC=C1N
7018,7165,CCNC=C1CC(=O)N=C1C2=CC=CC=N2
7019,7166,NCCOC(=O)CCCCOCC
7020,7167,O=C(N1)C(=O)OC(C)(C)CC1O
7021,7168,C1(C)=C(C=CC)CN=C1CN
7022,7169,C1CC2CN1CCCCC2
7023,7170,CC=CC1=CC=CC=C1
7024,7171,OC=CC=C1C=CC=CN=C1
7025,7172,CC(C)(O)CCC(C)C=O
7026,7173,O(C(N)NCPC)ONCC
7027,7174,CCCCNC(=O)C(CC1OC)(C)COC=NC=C1
7028,7175,C=CS(N)=CC1(C)SC=C1
7029,7176,CC(CCCCCCF)O
7030,7177,NC=CC1=CC=CC(O1)O
7031,7178,N12NCSC=C1C2NC=NC
7032,7179,N=NCC1CCC2=CC=CC=C21
7033,7180,C1(C)N(C)CC2(C)C(C)C2CCC1
7034,7181,COC1=CC=NC=C1C=CC#C
7035,7182,CC=NCCCC(=O)C(=O)C=CC(=O)OS
7036,7183,O1C(=O)CC=C1OC
7037,7184,C1C=CC=CC2NCC1CCC2
7038,7185,C(=S)NC1=CC(N)=CNC(=O)CC=C1
7039,7186,N1SC2=S=CC(C)C=C21
7040,7187,C1NC=CC=CC=CCSC=C1C=O
7041,7188,CCC1NCCCCC=N1
7042,7189,CCCC1C(C2NCN)C2CCC1
7043,7190,CC(C)[NH1]C=C1C(O)C=C(O)N=NC2C=C2[NH1]C1
7044,7191,COC=NC(C)C=CC=C(C)CC=CC=CC=1OC=1
7045,7192,O(O)CNC1=C2C=CC=C1C(O)C2
7046,7193,N1C(F)C(O2)C2=CCOC=CC1
7047,7194,C1NCS1CCCCCOC(=O)NCOO
7048,7195,CCC(C1)SC=C=CC=C1
7049,7196,C12NC=CN=C1CCC(=O)OC2CN
7050,7197,C=NC=CC=C(C1=CC)CCN1C(=O)O
7051,7198,O1CCC=NCC(=O)SC(C)(C)SC1
7052,7199,NCNC(O)OCCCC
7053,7200,CCC1SN=C(C)C(C)(CC1CN)C#N
7054,7201,CNC1=C2C=C3SN2C(C)C3C(C1)N
7055,7202,[NH1]CC1=CC(C2=CC)C=C2C1=O
7056,7203,CNC=CN=CCC(=O)COC
7057,7204,C(OCC=C1CC=CC)=C1S(=O)OC=O
7058,7205,C=NC=CCC=CC1=CC=CC=C1
7059,7206,C1C=NC=CC=C(C)C2C1C2=S
7060,7207,CCOC(C1)N2C=NCOC2=NC1
7061,7208,CC(N)CCCOC(O)CCF
7062,7209,CC(=O)C=CN(C=CC1)CC=CC=C1C
7063,7210,CCC(C)CCCCCCCC=C1C=CC=CC1
7064,7211,C1N=CC1(C=NC(O)C=CC=C)NCC
7065,7213,NC1(C)CCCCCC(=O)OC(=O)O1
7066,7214,OC(=O)C=O
7067,7215,NC=C(O)OC(C)CCCCCN
7068,7216,CCNC=CC=C1C2(C)CCC12
7069,7217,OCN=C(C)C=1C=CC=CC=1C(=O)O
7070,7218,NCCC=CN(C)NC
7071,7219,C1CC=C1CCCCO
7072,7220,CCC=CC=C(N)C1(O)C(=O)C=C1O
7073,7221,CNN=C(O)OCCOC(CCCC(=O)N=CC)=C
7074,7222,CCCN(O)C(=O)O
7075,7223,NC(C=CC=CC=C(Cl)C)=S[NH1]
7076,7225,C=CCCN=CC=CC=C
7077,7226,CCN=CC=C1C(C=C)N=C2[NH1]OCC=C2C1
7078,7227,FCNN=CC=CC(N)=C
7079,7228,C1=CC=NC=C1NC(=O)CCCC
7080,7230,C1C(F)(N)CCCCC1CCC
7081,7231,O=C1C=CC=C[NH1]1
7082,7232,CCPC(=O)O
7083,7233,CP(O)CCC(C1CCCC)C1
7084,7234,CC(N)OC=O
7085,7235,CCCCCCNCCCC1C=C2C=CC1(S)N2
7086,7236,CC=CC=C(N)CC(C)C(O)=C
7087,7237,C1C(N)C=CC=CC2=C(C)CC=C21
7088,7238,COC(C)CCS1C(=O)OC[NH1]CC1
7089,7239,OCCN=C1C=C(O)C1(C)CC=C
7090,7240,CC1C(=O)C=CCCC2OC=CC12
7091,7241,CC=NCON[NH1]CC(=O)O
7092,7242,CNC(N)C1=CC=CN=C1
7093,7243,CC1=CC(C=CC1C2=CC(O)=C)C(Br)=C2
7094,7244,C1=CC=C(C)C(C)OCC1=NC=NC=C
7095,7245,C1C=CC=CC=CC=C1C=CI
7096,7246,OC(CCCON=C1C=CCCl)C=C1
7097,7247,COC(=O)C([NH1])C1=NC(O)=NC#C1
7098,7248,COC(=CCCC(=O)NCCCCC=CC)NP
7099,7249,CC=CC1=CC=C(F)CS1Cl
7100,7250,C=CC1=CC=CN=C1C(=O)O
7101,7251,O=CCN=CC1=CC=CC=N1
7102,7252,OC=CC=CC1=CN=CC=C1
7103,7253,CCP(O)CCCCNC=CC=C1C(=C)PC=C1C
7104,7254,COCC1=SC2CCC=CC=NC=C21
7105,7255,C(O)=C1C(C)CCCC1
7106,7256,OCCCCC(C)=O
7107,7257,CN=CC=CC=CC(O)C1=CC=CC=C1
7108,7258,CCC(C)=NC(O)CCC1CCC1
7109,7259,NC=CS=1C=NCSC=1O
7110,7260,CNCN=NC=C1C=C2C=CC=C1CC2C
7111,7261,C=CNCCC(O)=NCCOC=C
7112,7262,C=NC(C)N=CN=C
7113,7263,CNC1(N)C2(C(O)=O)C=C2O1
7114,7264,C1CCOC(=O)C1(C(C)CCCN[NH1])O
7115,7265,C=C(C)CCCC(=O)C=CC=CC(=O)C=O
7116,7266,C12=CC=CC1C(O)[SH1]2
7117,7267,C=CC=C=C(NC)CC=CNCCCC=C
7118,7268,OCC1S2C=CC=C1C(C)OC2
7119,7269,COC=CC=CC1(O)C=CC=C1C2=SNCN2
7120,7270,C=C(C=[PH1]1C=CC)CS1C=CC=C
7121,7271,C1CCCCC=CC=CC(N)=N1
7122,7272,NC(=O)C=CC1CCN=C1
7123,7273,CCCCOCC(CO)ON
7124,7274,C(NC=NN=CC=C1N)S2C=CC=CC2=C1C=O
7125,7275,O=CC(C(C)C=O)CCC=NOO
7126,7276,C1OCCC1=CC2=CC=CC=C2C
7127,7277,OC(CSC)(C)C=O
7128,7278,CC=CC=CC=C(O)C=CCCCCCCl
7129,7279,C=CC1=C(F)C2=CC=CC=C2C=CC=C1
7130,7280,C1CCSC=CC=CC=CC2=C1C2
7131,7281,C#CN
7132,7282,CCC=CC(F)N=NC=CC1=CC1Cl
7133,7284,CCC(=O)NC=C1CP(C=C1C=O)N
7134,7285,CCOC(=O)NC(=O)C=CC
7135,7286,C1N[NH1]N=C2SC=CC=C(C)SC=C1P2
7136,7287,S=CC=CC=CC=C1C=CC=C1
7137,7288,S=1CCN=C=1
7138,7289,C1CCC(=S)OC(O)C(C)CCO1
7139,7290,C=C(O)C=NCCOC
7140,7291,C12COC=NCCC1C=NC=N2
7141,7292,O=C(O)C=CC=C1C2(O)CCCC1N2
7142,7293,C=CC(C)CCCOC=NSC=C
7143,7295,C(=O)C1=CC=CC2=C1C=CC=CC=C(CO)C2
7144,7296,CCCC=CC=O
7145,7297,OOCC(N)C(C(O)C)(C)N
7146,7298,O1C=CC(=O)C2=CC=NC(=O)C1=NN2
7147,7299,C1(O)CC1=CC(C)C=CC=CC=C
7148,7300,CCCCCP1C(C)C(C)=SCCCCCC1
7149,7301,CC(C)CC(=O)NC=CC=C
7150,7302,C1CCSC=C1N2C3(C)NN=CC=CS3NC2N
7151,7303,CC=CC=C(Br)C=C(N)C=NSCO
7152,7304,CC(=O)CC(C=CC1=CC)[NH1]C=C1
7153,7305,O=CC
7154,7306,COCCCCC1CC=C(C)CC(Br)C=C1
7155,7307,C=C1C=C2C=C(O)C=C2CCC1
7156,7308,CC1C=CC=CC=CC(F)=C1
7157,7309,NCCC=CC(O)C(N)(Br)N
7158,7310,NCC(CCC=CC=O)N=NCCN
7159,7311,N=CC=C(Br)CC1=CC=CC=C[NH1]1
7160,7312,CCC(C)(C)CC1=CC=C(C)C1C
7161,7313,O(O)C1OC=C2C(F)CS21Cl
7162,7314,CNCC=NC(NNCC)=CC(C)=CC(OC)=CS
7163,7315,O=C(N)CCCCNC#CCS(F)C#CCl
7164,7316,C1OCOC(O)CC1C
7165,7317,OCCCC=NC=CC=CC1SC=CC=C1
7166,7318,O=C(C)CC1=CC=CN=C1C#N
7167,7319,CCN=C(C=CSC=O)NCC=NO
7168,7320,CN(O)CCC=SC=C(C)COO
7169,7322,C=CCC(C1)C=CC=C=N1
7170,7323,CC=C(C)OC(=C)C=CC(SCl)=CC=C
7171,7324,COCN=CC=CC=NCN=NC=C
7172,7325,CNCCC(C)CCCCCNCC=C
7173,7326,CC=CSCSP1=C(C)[NH1]C=C1
7174,7327,CCCC(N1C(=O)O)C=C1COCC(C)=C2C=CC(NC)=C2
7175,7328,CNCCN1C2(C)OCC2CC1
7176,7329,CCCCCCCCCCCC1C=CC=CS1
7177,7330,CCCNCCOCC=O
7178,7331,C#CC(=O)N1CC2CC1C=C2
7179,7332,CCC(OC=CC=C(Cl)CN)CCC
7180,7333,ClCN=C(CC1C=CN=C(N)CC)C12CN2O
7181,7334,NC=C1CC=CC=C1O
7182,7335,CC(=O)C=NC[NH1]CO
7183,7336,C#CCC=C(CNC=CC=CN=CI)C=C
7184,7337,NC1=CC=CC=N1
7185,7338,C1C=CC=CC(Cl)=C1C
7186,7339,NC=CC=CSC(=O)NC(=O)O
7187,7340,C(O)C(=O)CCC1CC1(CCC2=CC=CC[NH1]2)O
7188,7341,N1C=CCC2CC=CC=C2N=C1
7189,7342,O=CC(C)(O)C=CC(C)C=C
7190,7343,CCCC=CC=CC(C=CC)=CC=C
7191,7344,C1C=CC2=CC=CCC2CCC1
7192,7345,OCC=CC=CC=CN=C1C=CC=N1
7193,7346,CCNNC=C1CCCCCCCSC1
7194,7347,CC(N)CC(C(O)O)C(O)C=O
7195,7348,C1C(=O)NCCCCC1
7196,7349,COC=CC=CC=NC=CC=C(CO)C(OC)=CC=C
7197,7350,OC1(CCC(O)CCC)CC1
7198,7351,CCOC=C(N)C(C)C=C
7199,7352,CCNCN=C(Br)C1(N)C=CC#C1
7200,7353,CC1C=CCC=C1C(=O)O
7201,7354,CCN=C(C1)CCCC1C=N
7202,7355,C1C=C(O)C=C1CNCCCCC
7203,7356,C1NCOC=CC=CC1C=O
7204,7357,CC(=O)C=C(O)C=C1C=C(N)C=C1
7205,7358,O=C(N)C(CC1OC(=S)C)NC#CN1O
7206,7359,CCCCC=CC(=O)N=CC=C
7207,7360,O(CCCCCCC1=CCCO)C1
7208,7361,OC=CC=C1C=C1
7209,7362,N1CCCC=C(C=CC)C1COC=O
7210,7363,NCCCC1=CC=CC=N1
7211,7364,CN=CC(=O)ON=C
7212,7365,CNCC(Cl)=CC1=CCC=CS1
7213,7366,CNC(=S)C=CC1(C2=CC3=CC=C2)C=CC=C3C1N
7214,7367,CCN=CC(O)OC(Cl)N=CC=CC=CN
7215,7368,N=NC(SCC)=C1CC(C)=CC=CC=C1
7216,7369,O=COC[SH1](=O)CO
7217,7370,CC=CC=C(O1)C1=CC=CCNPC
7218,7371,C1C=CC=CC1(Cl)S
7219,7372,C=CC=C1C=CC=C(NC)NOCC1C
7220,7373,CCN(C)CC(C1)CCCCCCC=C1CCC
7221,7374,COC=NCC=C1C=CC=C[NH1]1
7222,7375,NOC=CC
7223,7376,O=CC=C(O)C(=O)SS
7224,7377,CNCC1OC=CC=CC=C(CCl)C1
7225,7378,CC[NH1]C=C(C)CNCNCCOC
7226,7379,NCCCCCS=1CC(C)C=1C
7227,7380,C1CCCCC(C)=CC(=O)NCCC1
7228,7381,O1C(=O)OC(C)=CC=C1CCCCCC
7229,7382,CCCCSCCC
7230,7383,CCC=CC=C(F)C(C1=CC=CC)=C1
7231,7384,CC=CC(O)C(=O)C(C)C=CC=CC=CO
7232,7385,CCC=1CCCC=CC=1O
7233,7386,CC=CC=NC=C=C
7234,7387,CSC1=C(N2)C(=O)CC2C=NC1C(O)=O
7235,7388,NCC1CC2CCC1CCCCC=NS2
7236,7389,CC(O)N=NC=CCC=C1[NH1]C=C(N)N1
7237,7390,NC=C1C=CC=CC=C1
7238,7391,COC(=O)C=CC=COC(=O)C1NC=CC=C1
7239,7392,CCN=CC=C(O1)C2=CC(OC3=CCC=C3)N2C1
7240,7393,CCCSCCC
7241,7394,NC1=CC2=C1C=NC=CCC[NH1]C2
7242,7395,CCC=CC=C(O1)C=CC=CC=NCOC=C1
7243,7396,NN=CN(CNC(O)C=O)C1(O)C=CC=C1
7244,7397,C1OC(CNC)(O)CCCC1
7245,7398,CC=CC=CC(Cl)=C(Cl)C=O
7246,7399,NC=CCSC=CC1=CC=CC=C1
7247,7400,OC(=O)N=C(O)C(O)C(F)CCC=CCCI
7248,7401,C#CC=NC=CC=NC
7249,7402,C1CN1N=CC2=CC=COC2
7250,7403,CC(CCC1)CC=COC=CC=C1
7251,7404,C1CC=CCNC=CC=NN1
7252,7405,COC(=O)NC(=O)NOC=O
7253,7406,NC(CCCCC1CS)C=CC1
7254,7407,C1CCCC1C(=O)O
7255,7408,C=1NC[NH1]CC(Cl)C=1
7256,7410,C=NSC=C1C=C2C=CC=C2C1
7257,7411,S=CC(N=C1CCOC2)=CC=CC=C2C1=O
7258,7412,CCCCCCC1C2CCOC1N2C
7259,7413,CC1CC(C)CC1=NCSC
7260,7414,CNC=CC=CC=C(Cl)Br
7261,7415,CNC=1SCCN=1
7262,7416,N1C=CNC(=O)N[NH1]C(=O)N=C1
7263,7417,NSC=C1C=CC(O)=C1N
7264,7418,O=C1C2=CN=CN=C2N1OC=CC=CC=CCCl
7265,7419,C=NCC=CCCC
7266,7420,N=C=CC=C(C=C(N)CC=C)NC=NC(C)=N
7267,7421,FCCCCCC1CCCC1
7268,7422,C1CC=C1CCCCCCCN
7269,7423,SC(C1)NC=CC=CCO1
7270,7424,N=NS(N)CCCCCC
7271,7425,CCC1CC=CC=C1OC=CC(C=O)O
7272,7426,O=CC=CC1=CC(=O)C=C1C#CC=C(Br)OC=O
7273,7427,PC1CNC(C)C2C(C)CC(N)C21
7274,7428,CC(C)C=CC=CC1=CSC=C1SC
7275,7429,C1COC=CC(O)CCCC=C1
7276,7430,NCCCN(N)C(F)=CNC(=O)NCC
7277,7431,BrCC=CC(C)C(=O)N
7278,7432,O=CSC(Cl)NC(=O)CC#C
7279,7433,CC=C=CC=CC(=O)C=O
7280,7434,C(=O)OOC1=CC=CC=N1
7281,7435,O=C(OC=CC=CC1=C(Cl)NCF)C1
7282,7436,C1CC(P)C=CC=CC(C)=C1O
7283,7437,CCCC(C(N)=N)N(C1=CSC=N)C=C1
7284,7438,NC(OC)CCCCOCC=CC#N
7285,7439,CC(C)SC(=O)O
7286,7440,C1C=CC2=CC=C(F)S21
7287,7441,CC=NC=C[NH1]C(=O)OCC
7288,7442,COC(SC1CCS)CCCNC=C1
7289,7443,N(C)C=CC(C=C1C=CC=CBr)=C1
7290,7444,CC=NC1=CC=CC=CC1SCNNC=C
7291,7445,CC=CCN1C=C2C(C=C1CO)C=C2
7292,7446,NC=CC=C1C(CC(C)C2NC)(O)C21
7293,7447,COC(O)N=CC=CC#CC(=O)OCl
7294,7448,C(C=CC1(N)C=O)N=CN=C(C)C[NH1]C[NH1]1
7295,7449,OCCC(C)NC(O)(O)O
7296,7450,NN(C)NC=SC=CC=CC1=CC=CC=C1
7297,7451,S=C(O)CC(O)CCCC(=O)OCN=C
7298,7452,CC=NC(C1OC(=O)N=CCO)CCC=C1
7299,7453,CCC1C23CCCC14C2CSC=CC=C43
7300,7454,O=CC(N)=C1C=CC=C1
7301,7455,CC1=CC=CC=C1C(C2C)=CN=CC=C2C
7302,7456,O1CC(=O)ON1
7303,7457,C1=CC1OCCCC=CCNC(=S2)N2
7304,7458,NN(CC)C(CCC1CC)(C)NC=CC=C1C
7305,7459,CC#CN=C=NC=C(CO)C=C
7306,7460,C(=O)C1(C)C=NCCC=C(O)C=C1
7307,7461,C1CC[NH1]CS1
7308,7462,OCNC(O)NCC1NC=NC1N
7309,7463,CNCCCOC1CCC2CC=CC=C1C2
7310,7464,CSC
7311,7465,C1CCCC(=O)CCC=C1C2(O)COCCC=N2
7312,7466,ONC(=O)OC=CC=CC=C1C2=CCC3=CC2=CC=C3C1
7313,7467,CC(N1)C(=O)NCP(ON)C=C1
7314,7468,NC#CCCCNCCCCC#N
7315,7469,CC=CC(=O)NC(=O)OOCPO
7316,7470,CNC1C(C2)CCC(Cl)CCN2C1
7317,7471,CCOC1CN2C3C4CCC3CCCC4C12
7318,7472,CCNC=NC=CCC(O)NC
7319,7473,C(=O)NCOCCCCCC
7320,7474,N=CNC(C=CC)(C)NC=CN=C
7321,7475,CC=NCC=C(N1)CCC(C)(O)C1
7322,7476,CC1CCN=NC=NC(N)=C1
7323,7477,CN1C(O)C(=O)N1C=O
7324,7478,CC#CC(O)C(CC)CCC
7325,7479,NC(O1)=CC=CC=C1C(=O)CC
7326,7480,C1OC=CN=C(CN)COC1C=C
7327,7481,C12CCC1CCC3=CC=CC=C3C2
7328,7482,OC=CN=C(C(=O)N=CC=C1N)C=CC=C1
7329,7483,CSC(C)ONC(=O)OC=C(O)CC
7330,7484,O=CCC=CC=CC1=CC=CC=C1
7331,7485,CSN1CC2CCCC2OC=C1
7332,7486,O1C(CCCCN)NCC1
7333,7487,NC=CC=C(C)C1(N)CCCCC=C1N
7334,7488,C=C(C)OCC=CNC=CC=C(C)Br
7335,7489,CCC#CNC=CC=C(N1)C(=O)NC=C1OC
7336,7490,CC(N)CC1=CCC=CC=C(O)CC=C1
7337,7491,CN1CC=CC=CC(C)=C1
7338,7492,N=CCCCCC
7339,7493,C=NC=C(CC(C)CCC)C=C
7340,7494,CC(C)C(C)=CC=C1NC=CC=C1
7341,7495,CNCNC(C)NCC1CC=2CC1[NH1]CC=2
7342,7496,CNC(C)F
7343,7497,C1C(C=CC=CC1)C=CC
7344,7499,C=CC(N)(C)CC1=CN=CC=C=[PH1]1S
7345,7500,CNC=NC(=O)OC=CN=C
7346,7501,CCCC(C)N(O)CCC1=CCNC1
7347,7502,CCSC=C(C)CC=CCNC(=O)O
7348,7503,C12NSNC(=N1)C2
7349,7504,CCCCN=C1C2=C(C)C=C1ONC=C2
7350,7505,CCC(C)CC=C(N)C=CC=CC(=O)N=C
7351,7506,CC1C2CCCCCC1NC2
7352,7507,CO[NH1]C(=O)CNCCCCCC1=CC=CC=C1C=C=O
7353,7508,C=CC=C(C)SC=C(O)CCCCNC=C
7354,7509,CC=C(CCCCCCC=CCC=C(C)Br)NC
7355,7510,CCC=N[NH1]C(C)C(CCO)C
7356,7511,CNCCC1(C)N(O)C1
7357,7512,CN(O)CCCCCCC
7358,7513,CCC(C)CCNCC1(O)CC=NC1
7359,7514,OC=CN=CC(=O)COC=CC=CNC#N
7360,7515,CCC1C(=O)OCC1C=O
7361,7516,NC=CN(O)CC=C(Cl)C=CCl
7362,7517,CC=C(N)CN1C(O)C=CC=C1Br
7363,7518,C=C1C=CC=C(Cl)C1Cl
7364,7519,C(=O)CCCC1S(C)CCS1=C
7365,7520,CCC=C1C=CC=C(O)COC1
7366,7521,C1C=CC=C1
7367,7522,O(O)COC(C)CCC1CCCCC1=O
7368,7523,CNCC(N)=CC(Br)=CC=CC(=O)O
7369,7524,C1C=SC1CCNC2C[NH1]CO2
7370,7525,CC=CN=C(Cl)C1=CC=CN=C1
7371,7526,CC(=O)N=CC1=CN(C)CC=C1NO
7372,7527,CCCC=CC1=CCC2=C(N)C1O2
7373,7528,OCCPC1C(=O)C(C=C1)=O
7374,7529,CCC=CC1=C2SC=CN=C2CC=C1
7375,7530,O=C(OC=C(N)C1=CO)CC=C1CC(=O)O
7376,7531,C1NC=CC=C1NC=CC(C)=NN=COC
7377,7532,O=CC=CC=CC1=CC=CC=N1
7378,7533,O=CC(=O)N=C(O1)NN=CC=C1
7379,7534,OC=CC1=C2C=C(Cl)C=C1C=C2CCC
7380,7535,CC(C)OC(=O)C1=CC=C(Cl)C=C1
7381,7536,CC(N)C=C1SN=CN=C1NO
7382,7537,COC=CC=CCC=CC1=CC(=O)O1
7383,7538,CCCCCS
7384,7539,CCCNCCCCCC1CC1C(=O)O
7385,7540,CC=C(C)CC(=O)NO
7386,7541,CNCSC=NCCOC(=O)OCO
7387,7542,CC(CN1C2=CC=C3NS2C(C)=N3)C1
7388,7543,CCCNC1=CC=CC=C1C=O
7389,7544,CNC=NC1=C(C)OCC1CNC
7390,7545,CCSCSCC(N)F
7391,7546,CONC=O
7392,7547,CNCCCC[NH1]CCl
7393,7548,CC=CC=CC=NCl
7394,7549,NCCC=CNCC(C(O1)C=C)CO1
7395,7550,CCN
7396,7551,CN=CC=C(C)CSC1=C=NC=C1NNCN
7397,7552,NC=C(N)C1C2=CC=C1C=C2N
7398,7553,CN=CC=C(C)CN=CC1=C(Cl)C=C1
7399,7554,CC=CSC=CCC(Cl)C=C
7400,7555,O=CC1=CC=CC=CC=C1[PH1]
7401,7556,CCCCNCC
7402,7557,CC=CC=C
7403,7558,CCC(CCN1)C2C=CC=CC=C2NC1
7404,7559,N=C(CC(C)=CC1SC2=C3)C=CC=CC=C3S21
7405,7560,CCOC(=O)C=CC=CC=CN=O
7406,7561,CCSC=C(C(O)C)C=O
7407,7562,CC1OCC=C(CCC1F)C=C
7408,7563,C1CC=C(C)NC(=O)C1=O
7409,7564,O=C(CC=C)OCC=CCCNC=O
7410,7565,CCOCN1CCOC1
7411,7566,CC=CC=C(O)C(O)C=NC1=CC=CC=C1
7412,7567,O1CC(=O)C=CN=CC=CC1
7413,7568,CCNCNC(=S)C1C=CN=CC=C1
7414,7569,OC(=O)NOCCSC=C
7415,7570,CC(N)CNC=CC=C1C=CN=C1
7416,7571,CCC(=O)C(N)CC
7417,7572,COC(=O)C=CC=C(F)SC=N
7418,7573,OCCC(C)=C1N(C)CNSC(O)C1
7419,7574,CCC(=O)CC=C(C1)CC=CC=C1
7420,7575,COC(C)CCCCCCC
7421,7576,NOC=NC(C1C(C)C(C)CC)CC1
7422,7577,CC=NC=CC1=C(O)CCN1O
7423,7578,C1C=C(N)C12C(C(C)C)OC(=NC)C2
7424,7579,NCNCC(=O)OC=NC#C
7425,7580,CCCCCSC(C)C1OOC=CCC=N1
7426,7581,CC(=O)CC=CC=C1C=CN=C1
7427,7582,CCCC=CCC(O)C(C=O)N=O
7428,7583,C1CS(N)C=CC=C1
7429,7584,CC1CC(C(=O)OC=CC=CC)=N1
7430,7585,C1C=CC=C1CNC=NC(C)=CC=C
7431,7586,C1CCN(C)CC1CO
7432,7587,CCC=CC=C1C=CC2=CC=C1CN2C
7433,7588,OC(C)Br
7434,7589,C(O)C(O)CC(C)CCC=C
7435,7590,C1CCC=CN(O2)C21
7436,7591,C=CC(C)=CC1=CC=C=C=C1CCO
7437,7592,CCC(C)CCC(C)CS(=O)O
7438,7593,CC=CC(CNSC)=CCCC=CC=C
7439,7594,C(C)C=1C(=O)C=CC=CC=1O
7440,7595,CC=1CC2N=CC=1C=N2
7441,7596,C1CC=C1CCC2C=C(O)C2O
7442,7597,C=C=C(O)C=CC=CC=C
7443,7598,CC=CC=CCN(NC)C=O
7444,7599,CCC(=O)OCOCOC(Cl)C
7445,7600,OCCC=C(C)COC(N)CC
7446,7601,CC1OC=CC=C1
7447,7602,CCC1CCCCCNC1CCC
7448,7603,N=C[NH1]SC1=CC(=O)C=CC1(C)Br
7449,7604,O=CC(O)C#CC=CSCO
7450,7605,C1CC2CC#CC2C1=CN=C(N)NC=C
7451,7606,CCCNC#CC=C=NC=CC=CNC
7452,7607,CCC=NC=CC=C(O)C=CC(F)(O)O
7453,7608,C1(=O)NCC2CNC1C=C[NH1]C=CC=C2
7454,7609,OC(SC(=O)CCC)C1C(O)C=CC=C1Cl
7455,7610,O=C(O)C(=O)CCC(=O)O
7456,7611,C1OCCCC=C=C1
7457,7612,C=CC(=O)C(CCC=NSC)C=O
7458,7613,NC=CC=CC=CNCCCC(=O)O
7459,7614,CCC1C=C(C)N1CCC
7460,7615,OCCN(C)CC(=O)O
7461,7616,CC(N1)C1(CNC=CC=C)O
7462,7617,CS1C=CCN=C1C=CC=C(N)N=C
7463,7618,N1NO1
7464,7619,CC(=O)OOCSCC(F)=O
7465,7620,CCC(=O)NC1C=CC=CC([NH1]C)=C1Cl
7466,7621,O=CC=CC(C=C(Cl)C=CN)=CCl
7467,7622,CC=NC=CC=CC1=NC=CC=C1
7468,7623,O1C=CC(O)C1(CC2=NC3=CC=C)NC3C=C2
7469,7624,NCCCC(N)CCC1CCCCC1
7470,7625,CCC(C)(C)C(C)CCO
7471,7626,NC=CC(=O)N=CC=CC=C1C=CC=C1N=C
7472,7627,CCC1(C)CCC1CN
7473,7629,O=CC=C(C)C1N(O)CCC1
7474,7630,OC1CCCC1CCCC2CC=NN=C2
7475,7632,CC=CN=CN=C(C)CC1=CC=C(C=C1C)N
7476,7633,CC=CNN(N(O)CN1)C2C(C)CNNC=C2C1
7477,7634,C12=CC=C(CC1C)C2S
7478,7635,C1=CC=C1CSC(C=O)OC(=O)C
7479,7636,O=CCC=CC(C)C=CC
7480,7637,NC(CNCC=CC=CN)C(NC=O)OCF
7481,7638,OCC(=O)NC1CCC=CS1C2CCCC(=O)C2
7482,7639,C=1C(C=2)CCCC=1N=2
7483,7640,CC=CC=C(O)C(CN=CC=CC1(Cl)C=CC=C1N=C)C=C[NH1]
7484,7641,CCCC=NC(C(=O)C(C)OC=O)(O)C
7485,7642,C(C)CCOC=CC=CC=C
7486,7643,N1CCO1
7487,7644,CC=CC=CC(C=C1C)(F)N=C=C1
7488,7645,OCC=CC(=O)NC=NC=O
7489,7646,NC=CC=C(N)CN1CCC(=O)OC1
7490,7647,OOCCCSCC(C)OO
7491,7648,CCNC1N(N2)C3SC(=O)CCC2N3CC1
7492,7649,OC(C)CCC=NC=C(S)C
7493,7650,CN(C)CC1CCCC1CC=C=N
7494,7651,CC(=O)NC=CCCCCCC
7495,7652,CCC=CC(C)CCPCCN(S)F
7496,7653,CC(CCCCCOC1=CC=C)C1O
7497,7654,C(=O)C=NC=O
7498,7656,C12=CC=CCC1(C)COCO2
7499,7657,COS(=O)CC(C)N=CNC=COC
7500,7658,C(N1CO)=CC=C(Cl)C=C(OC=CC)C1
7501,7659,CC=CC(CCC1CCC)C1CO[NH1]
7502,7660,CC(=O)NC(CCO)C(=O)N=C1CC=C[NH1]C=C1
7503,7661,CC(N)CC=CC(C1)CN=CCS1=C=C
7504,7662,O=CNCC=CC=C1C=C(Cl)C1C=N
7505,7663,OCC(C)CCNCCCN=CNC=C1C(CN)=CC=C1
7506,7665,C1=CC(=O)O1
7507,7666,CCC=C1C=CCC=C1
7508,7667,CC(O)CCCCCCCC
7509,7668,CCCNCC(O)=C(CC=C)C=CS1NC1
7510,7669,CC(=O)C(COC)CCCCCC=N
7511,7670,CC(C)CCCCCNC1(F)[NH1]C=C1
7512,7671,C1=C(C)CCN=C[NH1]C([PH1])N1
7513,7672,CC=CC=CNC1(N)CCOC1
7514,7673,O=C(CCC)CC(=O)C(=O)OC1=CC=CC=C1
7515,7674,NCC#CC1C(F)C2=CC=CC=C2N1
7516,7675,N1SC(C(=O)NC(=O)C=C)CC=C1[SH1]
7517,7676,CC#CCCCCN1CCCC1
7518,7677,CNCOC1CCC=C1OC=NC=C
7519,7678,C#1CC=CC=CC=CC=C(C)OC#1
7520,7679,CCCC(=O)OC
7521,7680,CCCCCCCCCC(C=CC=CCl)(CO)O
7522,7681,C1CC(N)CCOCC1=O
7523,7682,CC(C)NC(=O)N=CC=C(CC)ON
7524,7683,N=C1C(C)C(C=NC2=O)C=CN2N1O
7525,7684,CCCN(C=NCC1=C(N)CO)C(=O)OC=CN1
7526,7686,C#CO
7527,7687,O=CC=C1C(S)C=C[NH1]1
7528,7688,C1C=CC2=CCNCC21
7529,7689,CCCC(C)=CC(C#C)(O)C(N)OCCl
7530,7690,CNCNCCCCC
7531,7691,O=NC=O
7532,7692,N1C=CC=C1Cl
7533,7693,CCCCCCCCCCCO
7534,7694,C=C(C)C=CC=C[NH1]C(F)(C)I
7535,7695,C=NCCC=CCC1CCCC1N
7536,7696,CC=C(O)CCCS1C=SC=N1
7537,7697,O=CCC=CNC=CC(S)=N
7538,7698,CC(C=C(N)C=CC)=C1[NH1]N=NC=C(CN)C1
7539,7699,NC1CCCCC=NC=N1
7540,7700,C(F)CC(N1)CCCC(=O)NC1
7541,7701,CC=CCC(=O)N1C=CC=C1O
7542,7702,CN(C)C1=CCC(O)S=C1C=CN=C
7543,7703,NC(C)=NCC1=C2C(F)=CC2C=C1
7544,7704,C(C)(C)CCCNCCNCO
7545,7705,CCC(C)OC(CO)CNC=CC(C)=O
7546,7706,C1NC=NC=C1OCCCSCN
7547,7707,N1C=CC=CC=CC1
7548,7708,CC#CC=NOC=CC=NCC=CC=CCl
7549,7709,COC(=O)OCCNCNC1=CC=CC=C1Cl
7550,7710,O=C(O)COC(=O)N=CN=C1C=CN=C1
7551,7712,NCC(=O)CCCC1CC(=O)NNC=CC=CC=C1
7552,7713,CC1C=NCNC(N)CCN1
7553,7714,CNCOCC(=O)OC(O)C=N
7554,7715,O=C(C)CC=CC(=C)C=COC
7555,7716,O=CCCC1CNC(=O)C=C1
7556,7717,C12=CCCC=CC=CC=C1C2O
7557,7718,NC(C)(C)CCCC(=O)O
7558,7719,NC(=O)C=C(C)OC12CCCCCCC1N2
7559,7720,CC(=O)C(N=CNC=CS(C)CCN)C
7560,7721,CC=CC(O)C#CC1CCCC1
7561,7722,NC=C1C2=CC=C(N3)C(Cl)C1C3=C2
7562,7723,C1CC1(C=C2C(S)CC)C=C2
7563,7724,CCC=CC=O
7564,7725,COC([SH1])CC(=O)NCCCC1CN1
7565,7726,NCC=NNC=CC(=O)C#CO
7566,7727,OC=CC1=CC2(F)C(Cl)=C(F)C2C1C
7567,7728,N1C=NC(C)CCOC1
7568,7729,C=CC1=NC=CC=NC=CS(=C)[NH1]1
7569,7730,CC(C=CS)C=COCNC(O)CNS
7570,7732,CN1C(N)=C(C)CCC1C
7571,7733,C(C)C(N)=CC1=CC=C(C)S1COCCl
7572,7734,CC(=C)C
7573,7735,CCC=CC=C(C)OC1=CCCC=CC1
7574,7736,CC=C1C2CC=C3[NH1]C2NC3=CN=N1
7575,7737,CNCC1CCCCC1
7576,7738,O1C(=O)C2C(O)C=C1C=NC(C)C2
7577,7739,NS(N)NCCC#CC=S#C
7578,7740,C1[NH1]C2=CC=CC=C2C=NC=C1C=NC3=CC=CC=C3
7579,7741,O=CC=CC1=C(O)C=CC1=C=C
7580,7742,C12=SCCN=CC1=C2CS
7581,7743,C(C)CCC(O1)=C(C=CC=C1)NC(N)CC(=O)N
7582,7744,N1C(=O)CCNCCCCCCS1
7583,7745,CCCOC=CC(CN1)CC=CC=C1
7584,7746,CCCNC12CCC3CCCC1=C3CC2
7585,7747,OC1=CC=CC=C1OC2CC=NC=CC=C2
7586,7748,CC=CC=C(Cl)C(CNC1=CC=C1C=O)O
7587,7749,CC=CC(C)=CSS#COCN=O
7588,7750,CCCC(CN)=C1C=CN=CC=NN[NH1]C=C1
7589,7751,NCCCC=C
7590,7753,OCNC=C1N=COC=C(C)C=C1
7591,7755,N1C=NC=CC=C1N=CC2(C=CC=CC=C)C=C2C
7592,7756,C1C2NC[NH1]CC21CCC=O
7593,7757,N#CC(=O)C=C[NH1]C(F)=CC
7594,7758,CCCC=NC1=NN=CO1
7595,7759,CC(C)(CS1C=C2C)C1C3=CN=CC=C3C=C2
7596,7760,CC(Cl)C=C1C=CC(C)C=C1
7597,7761,CC1CC(N)CCCCCNCC1
7598,7762,C(=O)=COC=CC=C(C1)CCCC1
7599,7763,O(O)NCC=C(CC)CCCCC
7600,7764,OC=CC=CC(C)=CC=C(Cl)C=C1C=C1O
7601,7765,O=C(C)CC=CC1=CCCCNN1CO
7602,7766,CCS[NH1]NCN(C1CCCNC1)CC=C(F)C
7603,7767,CC(C)=CC=C(CC(=O)C=1CCCC)CCC=1
7604,7768,CCNC1=CC=CC=C1C(=O)O
7605,7769,CCCC1[NH1]C(O)=C(N)C1
7606,7770,CCCC=CC=C1CCOC=C1
7607,7771,C1CCOC=CC=C1N=CC=CC=CCl
7608,7772,CCNSCOC=CC(=O)O
7609,7773,CC=NC(SNCCC=O)O
7610,7774,CCNC=CC(C)OC
7611,7775,CNC(O)CCCCNCOC
7612,7776,CCC=CC=CC=CC1=CC=CN=C1CC=O
7613,7777,C1CSCCCC1(C)C2=CC(=O)ON2C=O
7614,7778,O=CC(C)C(=O)OC=CC=CNC
7615,7779,C1C=CC=NC(N)=CN=C[NH1]1
7616,7781,OC=C(C1)C(=O)N=C1CO
7617,7782,C1C=C(N)C1=O
7618,7783,CNOC=CC(NC=CC=C(C)C)(Br)N
7619,7784,C=CC=CC=C(C)Cl
7620,7785,CNC1C(S)NC=CC2=CC=CN21
7621,7786,CCNC(=O)N(S)C=CC1CCCCC1
7622,7788,CN(CCC)CCC(C)=CC=CC=CC=CS1N=C1S
7623,7789,NSNC1C2CC(C)=C1SN2
7624,7790,C1NNN=NCC=CC=CC=C1O
7625,7791,CCN(O)OC1CCCC1CCC=CCO
7626,7792,C#CC=C(N)OCC[NH1]C=CC#CN
7627,7793,NNN=C1C=C=CC=C1OCC
7628,7794,N1C(=O)OC2C1COC2
7629,7795,CCC=CC=CC=C(F)C=CC1=CNCC=C1
7630,7796,CCCCCCNCCCNCCC1CCCC=N1
7631,7797,C1CC=C(O)C=C1
7632,7798,CN=CC=C(CC(C)CCCS)N(C)CCC
7633,7799,C=CN=C(N)NC(C)=C(C)CO
7634,7800,CCCCC(C)CCCCC1C=NCC1=NC
7635,7801,NNC(=O)C(=O)C(O)CC=O
7636,7803,CC1CCCCCCCCO1
7637,7804,CC=CC=C(NNCCCOC=C1C)CC=C(Cl)NO1
7638,7805,C1NC2CC1SCN3C(C)=NCC3C2
7639,7806,OC=CC=CCCCC
7640,7807,C1C=CC=CC=C(C(=O)NSO)C1F
7641,7808,NNCCCC(C)(O)C=C1C=C(N)CC=C1
7642,7809,CCN1C(=O)CCC1C(CC)CO
7643,7810,O=C=CF
7644,7811,CC=CC=NC=C(CCl)C
7645,7812,CC(C)(P1)OSC=C2[NH1]C=CC=C2C1
7646,7813,OC1=CCC=NCC(=O)PC1
7647,7814,NCNCC=C(Cl)C=NC=C=O
7648,7815,CCCCC1OSC=C2C=CC(Cl)C2=C1
7649,7817,O(N1)CCCCC1
7650,7818,O1CCCC2CN=C1C=C(N)SCC2
7651,7819,CC(C)=CSN=CC=CC=CO
7652,7820,NCOC=O
7653,7821,CC=CN=C=NC=C(F)CO
7654,7822,C=CC=CCC=CC=CC=NC=CF
7655,7824,CC1=CC=C2C=C1NCCCC2
7656,7825,BrC1=CC=C2[NH1]C=C1N2
7657,7826,CC(O)CN=CC#CO
7658,7827,NC=CC1=CN=C(N2)CCNCN2N1
7659,7828,C1CCOC(=O)NCC=N1
7660,7829,OCC(=O)OC=C(N)CCl
7661,7830,C=C=C(C)COC(=O)C=C(C)C=CN=CNO
7662,7831,CCOC(=O)CCCC(=O)F
7663,7832,CN1CCN=C1C
7664,7833,CC=CC=CC1=C(C)CCN1C
7665,7834,CNC=CC=CC=C(Cl)C1N=C1C2=NC2
7666,7835,NC=CC=NC1=C(Cl)COC1C2=CS2
7667,7836,NC(=O)OCC(=O)C(C)=NC#N
7668,7837,CCCC1C=CC=CC=C(Cl)N=C1
7669,7838,CC=NC=CC=COC=C1NC=CC=C1
7670,7839,S1N(C)C=NC=C1C(=O)N=C[NH1]C=C
7671,7840,NCC=CC=CC=CI
7672,7841,CC1(C)CN=CC=C(F)C=CC=C1
7673,7842,CC=CC=CC1=C(O)C=CC(=O)OCCN1
7674,7843,NC=CNCC1CC(C)=C2C=CC=CC2C1
7675,7844,ONCCCC
7676,7845,C1C(=O)NCCCN1CSC
7677,7846,NC(C1=CC=C(Br)C)(O)NC(=O)O1
7678,7847,CCCC(=O)N=CCC1(Br)C=CC=C1
7679,7848,CC=CNC=C1C(N)COC1
7680,7849,CNCCC1=CC=CSC=CN=C(N)CC=N1
7681,7850,NCC=CC=CC(=O)N(N=CO)CC=C
7682,7851,O=C=C(Cl)C(CN=CC=C[NH1]C=CC)=N
7683,7852,CCCC=CC(C)=CCCl
7684,7853,O1C[NH1]CCCC=CC1
7685,7854,C=CC(C)=CC=C(O)C=CC=CCF
7686,7855,COC(=O)OC=C(O)C(=O)C(C=CC)NC=C
7687,7857,NCC=CC(C=CC=CC=CCC=C1SC)=CC=C1O
7688,7858,CCCC1CCOC=C1C(=O)OON
7689,7859,CCNNC=CC1C=CC=C1
7690,7860,[SH1]1C=CC=C1C(=O)O
7691,7861,N(C)=CCCC1CC=C2CC=CCC2=C1
7692,7862,NCCCNCNCC
7693,7863,CC(C)CC(O1)C(C)C2N=CC=C2CO1
7694,7864,CCCCCCCCCCC1CC1O
7695,7865,O=CN(C)C=CC=C(O)C(CC=CC=CC=O)(O)C
7696,7866,CC=CC=CC1=C[NH1]C[NH1]1
7697,7867,CC(O)C1C(=O)OC2CC=CC=C21
7698,7868,COCC1CC=CC=N1
7699,7869,C#CC(=O)N(C)CN
7700,7870,CC=CC1(O)C(=O)C=CC(C)O1
7701,7871,O=CC=C1CS(O)=C1
7702,7872,N1N=C(CC=C2C=CCC2)S1=NC
7703,7873,CCSC=CC=CN=CC(=O)CCC
7704,7874,CC1=C=CC[NH1]C(Cl)C=CC=C[NH1]C1=O
7705,7875,COC(=O)C=NC(C1)CCC=NC1
7706,7877,C1=C(N)C=CC(=S)NOC=C1
7707,7878,O=C(CNO)CC(C)CCOCCOC=NC
7708,7879,N#CC=C(C=CC)F
7709,7880,CCC1CCCCC1CCCCC(C)CO
7710,7881,C=CC(C)CC=CC=CC1=CC=CC=C1
7711,7882,O=CN=CC=C(C=C1C=O)NC=C1
7712,7883,CC=C(CC[NH1]C(C)(Cl)C1)CC=NC=C1P
7713,7884,CC1=CC=CC=C1CBr
7714,7885,NCCC1=CC=CC=C1O
7715,7886,C1N2COC(=O)OC2CCC1N
7716,7887,N=CCNC(=O)NCSC1(N)C=CS1
7717,7888,NCC=1C(C(O)CCC)SC=1O
7718,7889,CC1(C)C23CCC4(C)C=NCC42C=C13
7719,7890,CNOC#CCC=NO
7720,7891,N1CCCNCCOC1
7721,7892,CC(C=1C=CC=CC=1C(=O)NNC)O
7722,7893,CC(CCCC1CCCC)C=NC(O)CC1
7723,7894,CC(=O)NC(O)C(CN)CC(C)O
7724,7895,O(CC=CC=C(O)C=CC)C1=C2C3=CNN=C2N13
7725,7896,CC(C)OC(=O)C=CC1=CCSN=C1C
7726,7897,O=C[NH1]C=CC=CC=CSO
7727,7898,CC(S)CCCCSC1CCNC1
7728,7899,CCC(CCC=C1C2=CCCC1C3=CC)C=CC32
7729,7900,CNC(=O)NCCOC(C)CCCC1C[NH1]1
7730,7901,CCCC(N)COC(=O)C(C)SCC
7731,7902,C=CC=CC(N=CC)=C(O)CC(CCl)=N
7732,7903,CNCC1=CCN(O)S(C)C1
7733,7904,CC(=O)ONNC[NH1]CCC(C)=CO
7734,7905,NS(C)C=CC=C(Cl)C1=CC=CNC=CC#C1
7735,7906,CCCCC=C1C=CC2=CC1=NCONC2O
7736,7907,CC1=CC=CC=C1C=C2C=CC=CC=C2
7737,7908,O(C)OCCNS[NH1]C#CO
7738,7909,NC(=O)C(CCN1)=NC=C2C=C1C=N2
7739,7910,C1CC=NC2=CC=C(O)C=C2S[NH1]1
7740,7911,CC=NC=CC(C)(C)C1C=CC=C1
7741,7912,CNOCCC1C=NC=CC=C1
7742,7913,C=C(Cl)CCCOCCC=O
7743,7914,C=CC1=C2C=C(CC=C1SC=CC)CC=C2
7744,7915,CC(S)N=C1C=C(N)CC1=O
7745,7916,CCNCCC1CCCN(C)CC=CC=CCS1
7746,7917,OC(C)CNCNCCCCN
7747,7919,CC(=O)CNCC(C)CC
7748,7920,NCSN(N)C(=O)CCCC
7749,7921,CCCNC=CC=C[NH1]CC=O
7750,7922,[NH1]C(O)CC=CC=NCCC12CCCC1N2
7751,7923,C1NCSC=CC=C=C1
7752,7924,OC(=O)CCl
7753,7925,CCCC1OC=C(CC2=C)C=CC2=CC=N1
7754,7926,CCCC(C)CCCCCC(C=CCOC(F)C)(C)[SH1]
7755,7927,C1C=CC=C1C2CCN=C2C=CC=C
7756,7928,O=CC1=CC=C2N(C3)CC=C1C=CC=C3C2
7757,7929,NC1=CC=CC=C1CC
7758,7930,CC1=CC=C(C=O)CCCNC1
7759,7931,N1N=C1CC=CC(C)O
7760,7932,OCCCCC1(Br)CSCNN=CC(=O)N=C1
7761,7933,C(=O)OCCCNCO
7762,7934,CC(CCCNC=CF)C(=O)O
7763,7935,C1C=CC=C(CCC1)C=CCC
7764,7936,CC(O1)CCNC=CC=C1O
7765,7937,CCCCC(=O)NC=CN
7766,7938,C1OCCCCCC=N1
7767,7939,N1SC=CN=CNCCC(O)C1=O
7768,7941,CC(O)C(C)CC=C1C(=O)NC=CC=COC1
7769,7942,NCCCCCC=C
7770,7943,CCCCO
7771,7944,N1C=CC=CC[NH1]NN=C1
7772,7945,N1=C=C(C=C(N)C=CC)S1
7773,7946,C1=CCC(=O)NC1=C
7774,7947,CCCCCC=NC1=C(O)C=N1
7775,7948,CC(CNCCC=CC1(C)C#C)(N)CO1
7776,7949,CN1CN2CCCCC2=C1
7777,7950,C1CC(C2)CCCCC2=C=N1
7778,7951,C1C2=C1CCNC2(C)C=O
7779,7952,CC(=O)C=C1C=C[NH1]C=C1C=CC=C
7780,7953,NC=CC1=C2CC(=C)C1=C2
7781,7954,CCC#N
7782,7955,CCC(O1)C(CCOC)=CCC=C1O
7783,7956,NOC(CN)CCCCCCO
7784,7957,CCCC12CCCCC1C(O)C=CC=C2
7785,7958,OC(=O)NCCCCCN=CN(Cl)O
7786,7959,COC=CC=CS(N1C2C=CC=CCC2)[NH1]1
7787,7960,N1NC=NC=C1Cl
7788,7961,CCP1(O)C=CCOC(=O)N1O
7789,7962,C1OC(N)(O)C1(CC=O)C
7790,7963,N[NH1]CON(O)NC(O)P(=C)C=C
7791,7964,CC=CCC1CCC=CS1C=O
7792,7965,O1CP12C=CNCC2CO
7793,7966,O1N2C(C)C(F)C=CC=CC=C12
7794,7967,CCC=CC=CC1=CN=CN=C1NCN
7795,7968,OC(=O)OC=CC=CC(C=CC=CC=C=C)=O
7796,7969,CC(NCCNCNCNSC=C)Cl
7797,7970,O=NCC=CC[NH1]C=CC(=O)O
7798,7971,CN(CC)CC1C=C(Br)C=C1
7799,7972,CCCOC(=S)OO
7800,7973,C12NC=CC=C1C=N2
7801,7974,CCCOC=SC1SN=CC(O)C=C1
7802,7975,O=CCCCCCC1CC=NC1F
7803,7976,C1CC=CC=CC=CCO1
7804,7977,CN=CC(N=CC=CN)CBr
7805,7978,CC=CC(Br)(O)CC(=O)CCCCC=O
7806,7979,CC(C)[NH1]C(N)CC1C=CC=C1
7807,7980,O=CC=C1C=CCCC=CC=C1O
7808,7981,CC=CC(C)=CC(Cl)C=C(N1)CC=CC=C1
7809,7982,N=CN(C)SC(O)C(O)C(Cl)=S
7810,7983,C(N=CC=C[NH1]C=C1C=CC)=C(O)C1
7811,7984,CC1(C2=C(N3)CCC)C=CC2C31
7812,7986,CCCCC=CCNC(=O)NC
7813,7987,CC(C=CC=CC1CN)=CNN1
7814,7988,CC=NCOCCCCCCC=N
7815,7989,CCCC=C
7816,7990,C12N(Cl)C2COC=CC=CC=C1
7817,7991,O=NC=CC=CC1=CC=CC=C1
7818,7992,OCCCC(C)=SNCCl
7819,7993,ClOCCCCNCCO
7820,7994,CC=CC(C)NC=CC=O
7821,7995,CNC(=O)CCCCCC=CC(Cl)=CCN
7822,7996,NC=CN=C(N)NCC=CC=C
7823,7997,NC=NCOC=O
7824,7998,NC1(N)C(O)=C(O)C=CC=C1O
7825,7999,CC1C(=O)CC(C)C1C=C[NH1]C=C(C)CC=CC=C
7826,8000,C=C(C)CC
7827,8001,C=CC=CC=CC1=C(I)OCC1
7828,8002,CCCC1CCCCC1CC2N(C)CCN2
7829,8003,C12CCNC1C=CCNC2=N
7830,8004,CN(O)CCC1C(O)=CC=C1
7831,8005,NCCCC(C)(S)N(N)O
7832,8006,COOCNC
7833,8007,NC1=CC=CN1OC=C2C=CCC2
7834,8008,SNCCC[NH1]CC(C)CC=O
7835,8009,OC(=O)OC=NCC=C1C=CC=CC=C1
7836,8010,N=CC1=C(O)C=C(N(C)NC(=O)O)C=C1
7837,8011,N=CN1C2C=CC=C(F)NC(C)C1=C2
7838,8012,COC(=N)NCCCCOCC
7839,8013,CCNCC=C(C)C1C=C(O)CS1
7840,8014,CC(=O)C(C1)OC2=CC(Cl)=CC=C2N1
7841,8015,NCC=CCCC(C1)=C1O
7842,8016,CC=CC=C(C)N(O)C1=CC=CC=C1
7843,8017,C=NC=C(C)C=CC=CS#N
7844,8018,CCCCCCCN
7845,8020,O=CC1=CN=C(Br)C=C1N
7846,8021,C=NC(=O)N1CC(=O)OCNC=NC=CC1S
7847,8022,NCCC(=O)NC(=O)O
7848,8023,C1C(=O)CC(C)N(CCC1C=C)C2=CC=CC=C2O
7849,8025,CCCCCCCCNC=C1C[NH1]CCC(C1)=O
7850,8026,CCCC(O)C(C[NH1]N=C1C=CC)=CN=C1C=C
7851,8027,CC(Br)CC1=CC=CCCNSN1
7852,8028,C1CC2=NCNS2CNC1
7853,8029,C(=O)N=CC1=CC=CC=C1
7854,8030,OCCCC(C1)CC=CC=C1
7855,8031,CC(=O)OCOC=CN=N
7856,8032,OCCCCNC(=O)O
7857,8033,C[NH1]CCCCC1=CC=CC2=C1S2O
7858,8034,CC=NCCCCC=CC(C=O)N
7859,8035,CCCOC(=O)C=C1C=CC[NH1]C=C1COC
7860,8036,CC(=O)C=CC1C[NH1]C=C1
7861,8037,C(=O)CC(O)C(O)OO
7862,8038,CC(CSC)=NC1=C(C2CC(C)C)C2C1=NO
7863,8039,OC(F)CCCCC(=O)O
7864,8040,CC=C(C=NC1CCC2=CC)CC=C2C=N1
7865,8041,C=1CCCCC=C=1
7866,8042,CNCC1C=CN=C(SC)C1CN
7867,8043,NN(CCCCC#CCC=O)COOCC=CC=C
7868,8044,C1C(C)CN1CCCC
7869,8045,NOS12C3=CC=CON3C1C(O)C2O
7870,8046,C=1CCCCCCC=C=1
7871,8047,O=CC=CC=C(N)C(=O)C=CC=C
7872,8048,C1CCC2OC=C1C2CCOCN
7873,8049,NN1C(=O)CN1CCC
7874,8050,C=C(CCCCCl)P
7875,8051,OC=CC=CC=CC=CC=C(CCl)CNCl
7876,8052,N=NC
7877,8054,OOCC1(CO)CCCCCCCC1
7878,8055,CC1=CC(C=CS1)CCC=C(N2)N2
7879,8056,O=CC=CC1NC=CN=CC=C1
7880,8057,N(NC=C(C)CC)C=C1C=CC(C)=C1
7881,8058,NC1=CCCC=C2C=CCNC(Br)=C1C2
7882,8059,C=CC=CC=C(C=C(F)NC1C=CC)C1
7883,8060,CCCCC=CC=C1C2=CC=CC=C2C1C=O
7884,8061,CCOC(O)C=CC(C)[NH1]C(C)CCC
7885,8062,CNC=CC=C(Cl)CF
7886,8063,C1C(=O)C=C1Cl
7887,8064,O=COC=CC1=CC=CC=C1Cl
7888,8065,C=1SCNC=1
7889,8066,C#CCCCCC(=O)C(C)=C(ON)Cl
7890,8067,CNCCC[NH1]C(=O)CO
7891,8068,COCO
7892,8069,CCCNCCC=CC=C
7893,8070,CC=CC(C=C)C=CC(C1Br)=C(O)C1CC=C
7894,8071,N1=CC=CCN1
7895,8072,CC(=O)OO
7896,8073,CCOC=CN=C(C)CC1C=CN=C1
7897,8074,N=C(O)C=CC(=N)C=CCO
7898,8075,C1OC21CCCCCCCC2
7899,8076,C=C(N)CCC
7900,8077,O=CC=CCC=NCCC(=O)OC=O
7901,8078,CCC=C(Cl)C=C1C(C=CC)=C1S=C
7902,8079,C1CCOC1CCCCC=2CC=2O
7903,8080,COC(=S)NC=NN(O)NCCCCl
7904,8081,CC1COC(F)CCCC1=NBr
7905,8082,C1C2CCC1C3=C2SC3
7906,8083,N1CC(C1N=C2C=COC)=C2
7907,8084,CONN=C(CS1=2NC=CC=C)N1NC(=O)CC=2
7908,8085,CCCC=C1N=C2C=C1C=CN=C2
7909,8086,O=C1[NH1]CNC(=O)CCC(C)OC=C1Cl
7910,8087,NCCNCCNC(=O)NC1CC=CC=C1
7911,8088,N=CC=CC1CC(C)=CC(I)=N1
7912,8089,CCCCC=CC(C)=CC1(N)C=CC=C1
7913,8090,CC=CC=CCl
7914,8091,NNC=C=C(C)Br
7915,8092,PN=NC=C(C)CF
7916,8093,C1=C2C=CC=S(=O)N(Cl)SC2N1
7917,8094,COC(O)CCCC
7918,8095,CC1=CC=C(N)CC=C[NH1]C=C1O
7919,8096,N1CCCC(C)COCCCC1
7920,8097,C=C(NCC1)CCCNC1
7921,8098,CCOC1=CC(O)CC1CC
7922,8099,CCCOC(=O)C(O)C1=CC=CCC1NCNC
7923,8100,OC(C)CC(O)C=CC1C=CC=CC=C1
7924,8101,CCCN=NC=CC(O)=CCl
7925,8102,C1C=CC=C1CCC(=O)O
7926,8103,OC=CC(C)C=C1C=CC=N1
7927,8104,CC(C)COC=C(O)C1=CC=CC=C1
7928,8105,CCC=C1C=C(C)SC=C(C)OC=CC=C1
7929,8106,CC1C2C(C)(N)CC(N)C2CCC1
7930,8107,CC=C1C=C(N)C(=O)OC(O)CC1
7931,8108,NNNC(=S)N
7932,8109,NCC(=O)C=CC=C(NC=C(N)C)C=C
7933,8110,CCC1=CC=CC=C(C2Br)CC=C21
7934,8111,CN1CNC=CC=C1CCCN
7935,8112,N=NCC(CC=O)OC=CC1=CC=CC=C1
7936,8113,C1COC1=C
7937,8114,CS=NC=C(O)C(=O)OCOC
7938,8115,CC(=O)NCCNC1=CC(O)C(Br)C1
7939,8116,C1C(N)CCCCCC1=O
7940,8117,C1C(C)(NC1CCCCCO)C=O
7941,8118,NN(CCCCO)C1C=C2C=CC=C1CN[NH1]CC=C2
7942,8119,CC=NCC(C)CCCC
7943,8120,CC(C)C(C)CCCC(=O)O
7944,8121,C#CC=CC=C(C=CC1=CC=C[NH1]1)NCC=O
7945,8122,CNCCCC
7946,8123,CCOCOCCS(=O)C(=O)OC=CC=O
7947,8124,COCN1CC=CC(Cl)=CNS1=O
7948,8125,C=CC=CC12C=CC=C(C)C1N2O
7949,8126,CCOC(O)CC=C[NH1]C=CC=CO
7950,8127,C1CCN=CC(C)O1
7951,8128,CCC=NC(C)CCNCCCC(=O)O
7952,8129,CS1C=CN(N2)C=CSSS2CC1
7953,8130,NC=C1C(C)OC=C1NNCCC=SBr
7954,8131,COC=CC(C1CCCC2C=C1)OC2
7955,8132,CCCCCNC(=O)NCC1CCCOCC1
7956,8133,CC=NCNC(=O)C=CCCC#CO
7957,8134,CC=NC=CC=CCNCC
7958,8135,CC1=CC(=O)NC1OC(=O)O
7959,8136,C=CC1=CNCCC=CC=C2NCN2C1
7960,8137,ClCN=CC1=CCC=CC(C)=C1
7961,8138,C1C=CC=C(Br)C(=O)C1
7962,8140,CNC=CC(OCC=C1)C=C2C=C1[NH1]NC2
7963,8141,NCCOCCCCCCC
7964,8142,CC(C)(O)NCC=CS
7965,8143,CCCCC(=O)NCCNCO
7966,8144,C#CCC(C(O)CC)CN
7967,8145,CN1CC(C)CC1
7968,8146,NC(=O)CPC=CC(C1)=C(C)CC1
7969,8147,CNC(NO)N
7970,8148,CC=NC=CCCC(Br)CC
7971,8149,CCC(SCO)CC1CNCCCC1
7972,8150,CN(N)CCCCCCC(C=O)S
7973,8151,O=C=C(C1)C=CC(C)=C1
7974,8152,OCCN(C=CNN)C(O)COC=O
7975,8153,O1C(C)CCCCCCC1
7976,8154,C1(C)C=CC=C1NC(=O)C=O
7977,8155,C=CC(=O)NSC(C)C(F)=C(N)C
7978,8156,CCCCCCC=CN=CC1=CC=CC=C1
7979,8157,C1C=CCC(=O)CCCC1N
7980,8158,CC=CC(=O)CCC=SN
7981,8159,C=CC=CC(C=CC=CC=O)O
7982,8160,CC1NNC2=CC=CC=C2C=CC1CCN=C
7983,8161,N12C=CCC=C1C2(C)OCN
7984,8162,CCCC1CC(=O)O1
7985,8163,C1OC1C=CC2=CC(=O)S2
7986,8164,CC(O)P(CCCOC(=O)OC)CCC
7987,8165,CC=NC=C1C=C(O)C=N1
7988,8166,BrC1=C(CCCC1O)C
7989,8167,N1CC1CNCC=CC=CC2=CSC=C2O
7990,8168,CCNCC1NC=CC=C1C
7991,8169,CS(C)C(C)NCC(CNC=C(Cl)F)(F)OC
7992,8170,CC#CN1S(O)C(N)=C1C
7993,8171,C1=CC=C2CC(=O)C2C1C
7994,8172,ICCCNCC1CCCCC1
7995,8173,CC(O)C(=O)OC(=O)COO[NH1]O
7996,8174,CNOC=C(C)SC(N)CCC=N
7997,8175,CCCC(=C)C=CC1=CN=C=N1
7998,8176,O=CNCC(C)CC=CC
7999,8177,CCOC1=CCCC1
8000,8178,C1C=C(C)COC(=O)C=CC#CC1
8001,8179,C1=CC2=C[NH1]C=C2C1
8002,8180,OC(C)=C1C=CC(C)=C2C=CNC=C21
8003,8181,NC1=CNC2C1NCC=NC=C2
8004,8182,NC(N)=C1C=C2SC=CN1SC=C2C
8005,8183,CC=C=CC1(O)C=NC[NH1]C=CC[NH1]C=C1
8006,8184,N=NCCOC=C1C=CC=C[NH1]C=C1N
8007,8185,C1=CC=CC=C1CCCCCCC(=O)O
8008,8186,CCNCNSC(C)C=NC=S
8009,8187,C1C(=O)C=CC=CCCCNC=N1
8010,8188,O=C=C1C2(CCC1C=C)NCCC2
8011,8189,CCCCCC1CCN=C1
8012,8190,CC=CC1=C(N)C(=O)N=C1CC2CC2
8013,8191,NC=CC1=CC(C)=CC=CC=C1C
8014,8192,OC=C1C(C=CC=C1OC)(O)O
8015,8193,CC(N)=NC=C1C2=CC(C)=C1CCCC2
8016,8194,C1=CC=CC2N=CC=CC=C2N1O
8017,8195,ONCPOC=CC=C(C)CC=C
8018,8196,CCCC=CC=C(S1(Cl)C)CC=C1
8019,8197,CCOC=C(O)C1N=CC=C2C=CCC2CS1
8020,8198,CCSC(C)=NC=C(NSCl)C(Br)=O
8021,8199,O=C(C)CCCCC
8022,8200,C=CC=CC=CC1=CC(O)C=C1F
8023,8201,OCCCS(=O)SC=NC=C[NH1]C=C
8024,8202,CC=SC=CC=C=C=C(C=CC=CBr)CN=CC=C
8025,8203,CCCCNC(=O)CCCC(C)C
8026,8204,CC=CC(O)C(C)C[NH1]C
8027,8205,CCCCC(N)=NNC(C)=C
8028,8206,C1(C)C(CN2C1C=CC)=C2
8029,8207,CCCOC(F)CCC(C)=C1C(O)C=CC=C1
8030,8208,CC(=O)NC(C)CCNCCC
8031,8209,NC#CCC=CC1CN(O)C=CN1C=O
8032,8210,C1C=CC2SC=CC=C2P1O
8033,8211,O=C1C=CC=CC(N)CCC=C1
8034,8212,CC1C=CC=C1Br
8035,8213,C1C2C(C)=NCC=CCC2C1
8036,8214,CC=C(O)C1=CC2[NH1]C=CN=C2NC1=O
8037,8215,NNC=NNSCC=C(Cl)N(I)CC#N
8038,8216,SCCCC(=O)C=C1C=C[NH1]C1C2NC2
8039,8217,CNCCCCC(C)CCOCC
8040,8218,O=C(N)C1COC=CC=C(N)C(=O)OC=C1
8041,8219,N=CC1=CC=CN=C1ON=C=C
8042,8220,NNCC=CC1=CC(C)=C1C=NCN=C
8043,8221,COCCCCCC12C=CC1=CC=C2
8044,8222,N#CCC=CC=CC(Br)=C
8045,8223,CCC=CCCNC=[NH1]
8046,8224,[NH1]1CCCC2CCCCS2=C1
8047,8225,CCNCCCCN[NH1]CC=CC=CS
8048,8226,COC=C(C(C1)=CC)CN=C1NN
8049,8227,C1CC=CC=C1CCC(C)CC=N
8050,8228,CC(F)C=CC(C=CC=CCl)=N[NH1]
8051,8229,CC(C)S=NC(=O)CC=C
8052,8230,OC=CC=CC=CSC(=O)CF
8053,8231,O=C(C)C=NC=CC
8054,8232,CC=NN(N)CC=CC=C=NC(CCBr)F
8055,8233,CC=CC=CC=CC=C(C)C(=O)C=CC=CC=C
8056,8234,CCCCNNC1C(=O)C=C(NC=CC=CO)C=N1
8057,8235,C1C=CC=CC=C1CNCCC
8058,8236,CC=CNCC=C1C=CC=CC=C1N
8059,8237,CCCCCC1C=CC(O)C(=O)C(O)=C1
8060,8238,C1=C(C)COCC=CC=CCC1
8061,8239,C=CC=C1N=C(N)C=CC(CO)C=C1
8062,8241,NCCCNC(C)CC(=O)O
8063,8242,CCCCCCCCC(C)N=C=S
8064,8243,NC(=O)C=O
8065,8244,CC=CC=CC=CC=C(N)C=O
8066,8245,NC=CC1S2C=C(Cl)C1N(C)CCC2C#CCC
8067,8246,C=C1C=C2C=CC=C1N2
8068,8247,O1C(=O)OC2=CC=CC=C2NC1C=O
8069,8248,CC(NCCS1(C)=CC)=C(Br)C(C[PH1])=C1
8070,8249,CCC(=O)C=COCCl
8071,8250,O1C=CC(=O)CCOC1N(C)CO
8072,8251,NCC(C(O)CCN1)C2=C[NH1]C=NC2=CC=C1N
8073,8252,NC=C(N)CC(O)C=O
8074,8253,C=C(C)OCC=1CCCCCC(O)C=1CC#C
8075,8254,NCCNCC(=O)OC1=CC=CN=C1C=C
8076,8255,C=CC=CC=C(O)SC=CCCl
8077,8256,CC=CC(C)CCCOC(=O)CC=NCC(C)OCO
8078,8257,CC=CCNC=NCOCCCC
8079,8258,O1C(O2)C=C1CSC=C3C=CCC3C=C2
8080,8259,S1C(C2)=CC=C1C(O)=CN=C=N2
8081,8260,NC=CC(Cl)CCCCNC=C(C1)CC=CC1=O
8082,8261,NCCC(N)C(Cl)C(O)CO
8083,8262,C=CCCCC=NC(=O)O
8084,8263,C=NC=C(C)OC=C1C=CN=CC1=CNC
8085,8264,C1CCCCC1(C)NC=C
8086,8265,CC=C1C=C1CC(N)C=CCCCC#C
8087,8267,CC1OC=CC(S)C(O)COCNC1
8088,8268,ONCNCNC(=O)OC=CC=CC=NC=NC
8089,8269,NCC=CC=C(Br)C=NC=CN=C
8090,8270,O=CC=CC(S)CN=NC12NCCC1=C2
8091,8271,CCCOC1OCCCCC=C=NN1
8092,8272,C=C(C)COCCC(C)CCCC
8093,8273,CCCCCC=CC(F)C(N)C(=O)O
8094,8274,C#CCCN=CC=CCC=CN=CC=CCCl
8095,8275,CC=C(CSCC(=O)OOC=O)O
8096,8276,O=C(C)CCCCCC
8097,8277,NC(=S)CCCCCNC=NC=CC1=C[NH1]C=C1
8098,8278,CCC=CC=CC1=CC=CC=C1Br
8099,8279,CC(=O)CCC(=O)NCOCC=C
8100,8280,NCCC1=NC=CC=CNC1O
8101,8281,CCCC#CC=C(C)C(=O)COCl
8102,8282,CNC(=O)N=C(C1)C=CC(C)=CC1
8103,8283,CCCCCCOC
8104,8284,O=CCC=CC(=O)N
8105,8285,C=CC=CCC(C1)(C)CCCO1
8106,8286,CCCOC(CCC=CC1=CC=C2)CC=C1C=C2
8107,8287,CCCPC(N)=CC=C[NH1]CCNC=C
8108,8288,C1CC(=O)OCOC1CC
8109,8289,CN=C(C(=O)OC#CN)C=O
8110,8290,CS
8111,8291,NC1=CC=CC=C1NC=CC2=CC=CC=C2C3=NC=CC[NH1]3
8112,8292,O=C(C)CC=C1NCCC(C2)=CC=CC=C21
8113,8293,C#CC=C(N)C1=CC=CC=C1
8114,8294,CCC=CCSC#N
8115,8295,CCSC(=O)C=C1C=C(C)CN1S
8116,8296,NCC(C)(C1)NCCC2NC3OCC=C3CC1C2=O
8117,8297,CNCCC1CN=C(Br)C1=O
8118,8298,NCSC=C(N)CC1(O2)CNCN12
8119,8299,CNCCC=CC=C1N=C(Cl)CC=C1
8120,8300,C1OCNC=C1
8121,8301,CCCC=CC1=CCSC=C1
8122,8303,BrCOC=CC=C(N1)[NH1]CC=CC=C1
8123,8304,CCCC=NCCSCC=NC
8124,8305,O(O)C=CC=CC=CC#CCF
8125,8306,C(C)(=O)CC1C(C)=C2CCCNC2=C1
8126,8307,NCCCCC1CCC2N3C1=NC2CCCC3
8127,8308,OC1=C(C)OC2(C)CCC1C=C2C3CC(S)=N3
8128,8309,CC(O)CNC=CC
8129,8310,OCCC1=CC=CC=N1
8130,8311,C1CCCOC(=O)NC1
8131,8312,C1C=CSC=CC2=C1CNC=C2
8132,8313,OC(=O)CC(=O)NC(C)(C)NC(O)C
8133,8314,CCCC(N)C(=O)C(N)CCCF
8134,8315,CC(=O)CCCC(C)(C)CCOC=O
8135,8316,CCCOCCNCCC
8136,8317,NCC1CCC=NCC2CCCC1=C2
8137,8318,C1CCCC=C1C(=O)NCCCNCC
8138,8319,CN=NC=C1C=CC=CS1C#N
8139,8320,C1=C=C(N)NC(=O)OC1
8140,8321,COC=NC=C1C=C(O)CCC1
8141,8322,CC1CC=CC=C1CCC(S)SCCN
8142,8323,CCCCCC=CC(Cl)=C
8143,8324,C1OC=CC2=C1NCC2CC=NC
8144,8325,NC(N)C(C)C(O)C(=O)OC=O
8145,8326,N1CC=C1COCCCCCNCOCC
8146,8327,NOOCI
8147,8328,CC(=O)C=CC=C1CC=CN=C1
8148,8329,CN1CCCCC1C=CNC(O2)=COCC=C2C
8149,8330,CC(C)C#CC
8150,8331,CC=CC=C1C=C(Cl)C1CCC2NC2
8151,8332,NC=CC=CC(OC(F)C)COC=C
8152,8333,NC=CC(N)SC(=O)N(O)Cl
8153,8334,NC(=O)C(C)NCCC=C1C=CC=C2C1C=C3C=C23
8154,8335,CCC=CSC=CC1=CC=CN=C1C
8155,8336,COC=CC(=O)N=CC=O
8156,8337,CC=CC(C)CCC=C1C=C(N)CC=C1
8157,8338,NC(=O)C(C)C(N)CCC1CCC=C1
8158,8339,C1CCNC1C2=CN=C2O
8159,8340,CCCCN(C)C(=O)C=CCC=COCOC=O
8160,8341,CC=CC(C1)=CC=CC1=O
8161,8342,CC(=O)C1=COC2=CC=CC=C2CC1C
8162,8343,NCNCOC(O)COC=C
8163,8344,C1N=C1NC=CN=CC=C(C)CC=C
8164,8345,CCSC=C=NC1(CC)C=CC1
8165,8346,NC(=O)CCCNCCCCCCNC
8166,8347,CCCCCCC1CCCCC1
8167,8348,OC(C)(N1)C1(NC(=O)NC=CC#CCC)O
8168,8349,CCOC1=NCCCC=C=C(O)CC=C1
8169,8350,CCN=CN(N)C(C)CNCC=C(CN)C(=O)O
8170,8352,CCCC(=O)NC(C)(C)CNC
8171,8353,NC=CC(C)C(=O)OC[SH1]N
8172,8354,CC(=O)COCC(O1)C2=CC=CC=C2C1C
8173,8355,CC=CC=CC=NCC1CC=CN=CC1=C
8174,8356,C=CN=C=NN=CN=CC=CC
8175,8357,N=CC1=CC=CC2=C1[NH1]COC2=O
8176,8358,CCNC(=O)CCNC
8177,8359,NC(NCCC)=CC1=CC=CC(Cl)=C1
8178,8360,CC=CC(=O)COCCNCCCF
8179,8361,NC=CCC1=CC(C)O1
8180,8362,O1CCNCCN=C=C1
8181,8363,O=C(C=CN=CC)CCl
8182,8364,C1CN=CN=CC(=O)C=CO1
8183,8365,N1C(=O)OCCCCC=C1S
8184,8366,N1CCOC(=O)C2CNCC21
8185,8367,C1CN=C(C)OCC=CC(C)=C1
8186,8368,CC=COC=NNCCOCCCC(=O)C
8187,8369,C=C1C2=C3N=CC=C2C3CN1
8188,8370,CCCC(C)CCC(O)CC
8189,8371,CCCCOC(=S)C=C1C=CCOO1
8190,8372,C1CCCC1C(C(=O)C=CNC)C
8191,8373,C1C=CCC1(C(C)C)CC2C3CCC2=C3
8192,8374,NC=CNC=C1C=C2C=CC=CC2C1
8193,8375,COC(C)(C)CNS(O1)CC(C)CC1
8194,8376,CC1(C)C(=O)CC2(C)N1CNCC=C2C
8195,8377,NC(O)C=CC1=CC(C)=CC=C1
8196,8378,ON(C)C(=O)COCCOCCCC
8197,8379,CC(=O)CC(C)(S)OSC(C)SC=NC=C
8198,8380,COC(O)C(=O)OOC=CO
8199,8381,C=1CC(=O)OC=CC=C2C=1SC=C2CO
8200,8382,C1CCCCCS1
8201,8383,C#CCCl
8202,8384,NCCC=CC=C(C)C1C=NC=CN1
8203,8385,C1OCNCCCCCCO1
8204,8386,NC(=O)C=CC=C
8205,8387,C(C)NCCOC(=O)C=CC=CS
8206,8388,O=C(CNC(=O)NC)C=O
8207,8389,OC(C1)C#CC(=O)ON=S=NC(N)NC1=C
8208,8390,CCCCN=CC=C1C=CC=CN1CC=CO
8209,8391,OC=CC=CC1=C(O)OC(Br)=C1CC=C
8210,8392,CCCCCCO
8211,8393,CCCC1C=CC=CC=CC(C=C1O2)N2
8212,8394,N1ON=C(O)OCNC=CC=C1OC
8213,8395,C=NSC(C=NC=C(C)F)C=CC
8214,8396,C(P(=O)C=CC1=CC=CC2)=C1N2
8215,8397,O1C(=O)C=CC(C=NC2CC1)C=CC=C2Cl
8216,8398,CC=CC(N)=C(N)C(F)=CN=N
8217,8399,NCCC=C1CCC2CCCCNCN2C1
8218,8400,C1OC=CN(N)CCNC=CC=C1
8219,8401,OC(=O)C=CS(O)C(=O)CCCC(O)N
8220,8402,C(CCCCC)CC1C=C[NH1]C(Cl)=C1O
8221,8403,O=CC=CC=CC=C1C=C(NC=C)C=CC=C1
8222,8404,CC(CCCC(N)=CC)(O)COCC
8223,8405,CCC(O)C(F)(O)COS=N
8224,8406,C1CCNC(C)N=CN=NNC=N1
8225,8407,CC(C=NCCCCO)C=CC=C1N=C1O
8226,8408,CCC1C2SN(C)C=[PH1]C=C1CC=NC=C2
8227,8409,CC(C(=O)C)=C1NCCCC1C(C=NC=O)O
8228,8410,C1CNC(N)C12CCOC(=O)NCCC2
8229,8411,N1C#CCCC1CCCNCC(C)O
8230,8412,CC=CC[NH1]C(=O)NC=CC(=O)O
8231,8414,CCC=CCN(F)CC(O)C(=O)O
8232,8415,CCCNCCSC(N)CCONN
8233,8416,COC=C1C=C(Br)CN=C1N=N
8234,8417,C=C=CC=CC1=CC=C(NC)CC=C[NH1]1
8235,8418,CCC(O)=CC1=CC1C=CF
8236,8419,C1CCC=CC(C)C(Br)C(C)CC1
8237,8420,COC(=O)OSC(=O)O
8238,8421,CC(O1)C#CC(C)=CC1CCl
8239,8422,N1CCC(=O)C2=CC=CC=C2C1
8240,8423,CCC(C)C(C)=C(C1)OC(O)CC1
8241,8424,CCC=CC1=CC=CC=C1CS
8242,8426,CC(C)CC1=C2C=CC=C(C=C2C)CCC1
8243,8427,CC=CC(C1(C)OCC(C)O)CC1
8244,8428,C(O)OC1CCCC=CC=C1F
8245,8429,C=CC=CC=CC1=C(CN)CC1C
8246,8430,CC=CC=C(C)I
8247,8431,CN1C(C)CCC#CCCCC=C1
8248,8432,C1C(N)C(C)OC=N1
8249,8433,CNC(CCCCC(C)=C)C=C1C=C1
8250,8434,OC(=O)OC=CN=C(Br)S(O)P
8251,8435,CC=CC=CC=C(Br)C(C)Br
8252,8436,ClC=CC=C(C)C(C1=C=C)NO1
8253,8437,CNC(=O)CCCCCOC(=O)CCC#N
8254,8438,OC(C)C
8255,8439,C12C=CC1C3=CC=CC=C32
8256,8440,CCNC=C=NCOC=CC(C)P
8257,8441,C1CC=CC=N1
8258,8442,CC=C1C(C(=O)NC=N)CO1
8259,8443,CC1C(CC)(O)CC=CC=C(O)C=C1
8260,8444,NNC=NC=CC=CC1=CC=CC=C1NC=NCO
8261,8445,CC(O)N(O)C=O
8262,8446,CC=CC1(C)C[NH1]C(C1)C=C(Br)CCCC=C
8263,8447,CCCNCCC1C(N)CC1C(=O)O
8264,8448,CCCNCNC(C)CC(=O)OC=N
8265,8449,CC=CC=C(C)C=CC=CNNC=NS
8266,8450,BrC[NH1]C=CC(=O)C=O
8267,8451,C=CC(C1)C(O)C=C1C(=O)O
8268,8452,CC(=O)OC(=O)OS(C)CF
8269,8453,CC=CNC(C)OC=CN=CC(=O)C
8270,8454,CCC1CCCC(N)CCCNC1
8271,8455,CCC=CC=CC=CCN1CN=CN=C1
8272,8456,CC(C1)CCCN1
8273,8457,O=CC=C(Br)F
8274,8458,C12=CC=C1COCC2C3COC(NC)CC3
8275,8459,O(C)C1=C(N)CCC(O)CCC=C1
8276,8460,OC(C=CC1=CC=CCS1C=N)NCO
8277,8461,CC(=S)C(C)CN1COCCC1
8278,8462,C=CC=C1C(=N)N(C(=O)O)C=N1
8279,8463,CC1(C)C=CN=COCC=CC=C1
8280,8464,C(=O)=NC=C(C(=O)C=C1C=C)[NH1]C=C1
8281,8465,C=C[NH1]C=CC=CC=C(O)S(N1)C=NC=C1O
8282,8466,OCCS1C=CCNC1C(C2=O)COC2
8283,8467,COC=CC(C)CC(C)(O)OC
8284,8468,NC(=C)NCCC1CCCC1
8285,8469,CCC=CC=CCSC=CCNO
8286,8470,CCCCCC1CCC=CC1=CC=C=C
8287,8471,NC=CC=CS(CN1C=C)C=C=N1
8288,8473,C1NCC(C)C(N)C1S
8289,8474,CC=CN1C(C=CC=CC=O)OCC1=O
8290,8475,O(O)CCCCCC=1C2C=CC=1C(O)C=C2
8291,8476,[PH1]C(C)CCCC(N)COC(=O)O
8292,8477,CC(=O)CCC=C=C
8293,8478,CC(=O)SCSC=CCOCC
8294,8479,COC=NC=CC(C1)=C2N=CC=CC2=C1
8295,8481,OCCC=CC1(C)OC=CC1O
8296,8482,CNCCC=NC(=O)C1CCCCC1
8297,8483,CCC=NOCOC=CC=CC(CCC=CC=CC1)=C1
8298,8484,CNC=CC=CCN(N)C#N
8299,8485,NC1=CC=CC=C1C=CC=C[NH1]
8300,8486,CCC(N)C1C(N)CC(C)CCC1=O
8301,8487,O=CCC=CC=CCC(=O)O
8302,8488,CC(NCCCC1CC)CCC1
8303,8489,COCC(C=CN1)C=C(N)CC=C1
8304,8490,O=C(O)N=CC=C1[NH1]C=CC=C1SC
8305,8491,NCCCCC=C
8306,8492,CCCC1(Cl)C=CC=CC=C1C=C
8307,8493,CC=C1C=CCC(C2)=C12
8308,8494,CCCCC=CC(CCO)CCCC(O)O
8309,8495,BrC(C)OC(O)C=CC=C1C=CC=C1N
8310,8496,O1C=CC=C1ONCC=NC=CNC
8311,8497,N1C2=C1C=CC=C3CCC=C32
8312,8498,O(C)OC(=O)COC#CC=SO
8313,8499,CSC=CN=C(S)C=CC=C(C)N1C=C1
8314,8500,CC=CC=C(O1)C(=O)C=2NC(=O)C=2OC1
8315,8501,CC(=O)NC(C)C(=O)CCC=CC#C
8316,8502,C=C(C)CN=C(CSOC=C(O)NC)CNCC=C
8317,8503,N(=O)OC(O)(C)CCCCCS
8318,8504,CCC(C)(O)F
8319,8505,C=12ON(C)NC=CC=CC=1S2
8320,8506,CCC=CC(=S)N
8321,8507,C1OC=C1C=NC(=O)CCOCC
8322,8508,O=C(O1)C(C)(N)C2C(C)=CCC2S1
8323,8509,CC(O)(O)O
8324,8510,NCN(CCNC)C(=O)C=CC(=O)O
8325,8511,N1NC=CC=CC=NN1
8326,8512,NCC(C)C=CC1(C)CCCC1
8327,8513,CC1OC(C)=NC=CC=C(CC)C1C=N
8328,8514,NCOCCC1CCCC2COPC1=C2
8329,8515,BrBr
8330,8516,NCN1CCC23CN1NC4CCCC4C2C3
8331,8517,NC(=O)CC(N)=CC1=CC=CC=C1
8332,8518,C=1CCC=1
8333,8519,NN(CC=C)C=CNC=CC=CC1=C(CO)C1O
8334,8520,C(=O)C=CC1=C(Br)CS=C1CNCCSC=C
8335,8521,CC=CC1CNCNCCOCC=C1
8336,8522,CC=C(CC(C)(O)CCO)CC=CC1OC=CC=C1
8337,8523,CNC=CC1S#CNC=CNC1SS(Br)C
8338,8524,C1=CN=C(O)C2=CC=CC=C21
8339,8525,CCCC=NC(N)S1N(O)NCC1
8340,8526,C=CC=C1NC=C2C=C1C=N2
8341,8527,SC#C
8342,8528,O1COC(C)C(C)=NNCC1C=O
8343,8529,C1PC=C2N=CC=C1C2CC
8344,8530,C=CCCC(C1)SCNC1
8345,8531,CC(CCCCC)POCC
8346,8532,NC(=O)C(=O)C=CC1=CC=C(C)CC=CO1
8347,8533,CC=CC=CSC=CCBr
8348,8534,CC=NN=C(N(C)OC=O)C1=CC=COC1SC
8349,8535,O1C(C)=CC2=CC(O)=C2S1
8350,8536,SC=C(Cl)C(O)SN1CN=CN1O
8351,8537,O1CCNNCCC1
8352,8538,CNC(C)CCC
8353,8539,COC(C)=CC(=O)OC=C[NH1]CN
8354,8540,CCCC(C)(O)CO
8355,8541,OC=CC=NC(C)CC[NH1]C=CC=C(I)C
8356,8542,COC=NC=CCCC=CCl
8357,8543,COCC(=O)PO
8358,8544,N=NN=CC=CN=C=C(CNC(Cl)C)C
8359,8546,CCCCCC=C1CSCS1=S
8360,8547,C1=C(O)C1C(C)CC(F)CN
8361,8548,CC=CC=CC=C(C1)C=CC=C1C
8362,8549,O1C=C(C)N1
8363,8550,NC=C(Cl)S(CCN(O)C1=CC=CC)=C1O
8364,8551,N=C(C)OC=NCCCC
8365,8552,CC=CC(N1)C=CC=CC1=O
8366,8553,CC=C(O)CCC1=NC[NH1]N=C1C=C
8367,8554,CC=CC=CC=CC=C(Br)S
8368,8555,CCC=NC1=CNC(=O)N=C1NC
8369,8556,CCNC(=S)NCCN1CNC(O)C1
8370,8557,CCCNCNN(C)C1C=CCNCCSC=C1
8371,8558,CN=C(NCS1CCCCC1)C=C
8372,8559,CCC=CC(O)F
8373,8560,S1=NCO1
8374,8561,COC=NNSCOCCC
8375,8562,CC=C(C)C(N)C=CCCC=C1C=CC=C1S
8376,8563,CC(S)CC(C=C1C(C)=CC)=C1
8377,8564,N1=S(=O)C=C2N=CSC=C21
8378,8565,CCNC(C)N(O)CCS1C(C)CO1
8379,8566,C1CNNN2C=CC1(F)CC=C2O
8380,8567,CC=CC1=C[NH1]C=C2N=C(C)C=C2NCC1
8381,8568,CCC=CC=C(F)[PH1]1CNC(F)(C)C1
8382,8569,C1C(S1NCCCC)C=C2CCC=CN2
8383,8570,N1C=CC(CC12CC)=CC=C2C=O
8384,8571,CCCCC1C2CCNC1C[NH1]CCN2C
8385,8572,O=CC=NC=CC1=CS=CC=C1
8386,8573,O1C2=C1C=CC=C(C)C(=O)N=C2O
8387,8574,CCCC=CCC=CC=C1C=CCC1
8388,8575,OCC(=O)NNCOC(C)N=O
8389,8576,CS(C)C(O)CC1CCC2C1C=NCC2
8390,8577,CCCN=NC=CC=CC=C
8391,8578,CC=C1C=C(O)CCCC1
8392,8579,C1C2C3CCC4C2C1=CC=C43
8393,8580,CCC(=O)OC=CC=CC=CNC
8394,8581,CN=CC(=O)CCCC(C)Br
8395,8582,NCCCNCCC(C)CC
8396,8583,OCC=C1C(C2N)CCC2C=C1
8397,8584,C1=C=NC=C1F
8398,8585,NC(CNCCC[NH1]C=O)CCO
8399,8586,O=C(N)CCOC1=CC=NC=C1
8400,8587,C=CC=CC1=CC=CC2=C1OCC2C=CC
8401,8588,CCCOC1CCSC1=CC=NC=C
8402,8589,CCSCOP(N)CCC(C(O)CNC=N)S
8403,8590,OC(=O)CCNC(=O)C
8404,8591,C1C(=N)NCC=C(C)C1O
8405,8592,CC=C(O)C=O
8406,8593,NC1=CNC2C3C=CC=C3C2N=C1N
8407,8594,COC=CC=C(C)CN1CCCN(C)C1
8408,8595,C1SC=CC2=CCOC1=C2
8409,8596,N1CCN=CC1(C2)CCCC2=C
8410,8597,CCC(=O)OC(=O)O
8411,8598,NC(O)C=CCC(=O)O
8412,8599,CC(C)(O)C
8413,8600,CS(=O)C(=O)C(C)CNSO
8414,8601,CCNC=C1CC2=CC=C1C2
8415,8602,O=C(N)C[NH1]
8416,8603,CC(C=O)CCCCNCCCCC=O
8417,8604,C=CC=CC=C(C)C=NI
8418,8605,CC=C(C)OOCC=CC=C1C(N)=CC=C1
8419,8606,CCOC(=O)CCC=O
8420,8607,O=C(N)CCCNC(=O)O
8421,8608,CCNCN(C)CC(=O)O
8422,8609,C1NCC1C
8423,8610,C=CC(O)=CC(O)=C(O)C
8424,8611,C1OC=CC=CC1C=CC=C(Cl)O
8425,8612,CC1=CC(N)CCCN1
8426,8613,O1C(=O)NC1CCC2=NC=CC=C2
8427,8614,OOC(C)CNC(F)COOC[NH1]
8428,8615,NCCCCCC=CC=C(O1)C=CN=S=C1
8429,8616,N=CN(C)F
8430,8617,CN=C(N)C=CC=CC=CCC
8431,8618,COCCC(=O)O
8432,8619,O=CC=CCCN=C
8433,8620,C1C(C)NC=C(C)N=CN=CC=C1
8434,8621,C[NH1]C(=N1)N=C(N)C=CN=C1C(N)C(=O)O
8435,8622,SC1=C(N)COCCO1
8436,8623,C1=CC=CC1(CNCSC=CC=C)NC
8437,8624,C1CCCCC1
8438,8625,CNC=CC(=O)C1(S)NCN=CC(C=C)N1C
8439,8627,OCC1N2CCC1CC2
8440,8628,CC=CC=C(O)C(C)=O
8441,8629,COC1=C2C=CN=C1CCCC2C=C
8442,8630,PC(C1)(O)NCCC2NCCCC2C=C1
8443,8631,C1C=CN=C=C1Cl
8444,8632,CC(C)OC=C1C=C(S)C(C)C1
8445,8633,OC1=C(O)CC2=C1CCCCCCC2CN
8446,8634,CN=CC1=CC(C)(N)C(S)=C1C
8447,8635,C12CS1N=C2CS
8448,8636,C(=O)=CC(C)OC(C)CC=C
8449,8637,OCC(=N)CC1C2CCC=CC=C2C1O
8450,8638,CC=NC=C(C)Cl
8451,8639,N1=CP=NC1NCC=CC(S)N=C
8452,8640,CN=C(CC=CN(C1)CC)CC=C1
8453,8641,COC(=O)N=C1CCCC1C=O
8454,8642,N=C(CC(=O)N=C1C)C(C)=CC(O)=C1
8455,8643,C1C=2CCCC=2OCCC1=C
8456,8644,CC(=O)CC=CC1=C[SH1](N)=N1
8457,8645,CCNC
8458,8646,CC=NOC(=O)N(O)N=NC[NH1]NC=CCCC
8459,8648,O(CC(=O)CCCC)CCCC(C)C
8460,8649,CCCCCNC1C2N=CC=CC=C2C1
8461,8650,COC=CS=P=CC=C(Br)N=NCN=C[NH1]
8462,8651,C(C)C(C1)NCCCCC2C=CC=C21
8463,8652,CCC1NC=CC=CC=C(Br)CC=C1
8464,8653,CC=CCC(O)(O)C=CC=C(CCl)NN
8465,8654,C1(=O)NC2(C=O)[NH1]CC2C1(C=C)S
8466,8655,CC(O)NCCCCC(C)(C)CCCC
8467,8656,CN(C(=O)C)CC(=O)[NH1]C=CCOC#CC=N
8468,8658,S(N)C(=O)NC(=O)C=CCCC1C=CC=CN1
8469,8659,COC(O1)=C=C=CC=C1
8470,8660,N=CCNN1CCCC(C)=C1
8471,8661,N1CCC(O)C2C=C1CC=C2
8472,8662,CN1C(C)CCC(=O)C=CN=C1
8473,8663,C=CC(O)C=CC=CC=CC(F)(F)C=N
8474,8664,C1CCC1N2C=CCN2
8475,8665,CC1NCCCCCC1OCCC
8476,8666,CC(O)CCCCC(C)CC=CC=O
8477,8667,C(C)CCCCCC(C)=C(NC1)N=S1O
8478,8668,N1CCCCCC=C1N2C=CC=CC=C2
8479,8669,CC(C)(O)N=C(C)NCC1=CC=CC=C1
8480,8670,SC1=CC=NC=C1S
8481,8671,N=CC=C(NC1)CC=CC=C1Cl
8482,8672,CNC(=O)C(C)C(C)(C)O
8483,8673,CCOC=C(CC1CCCC)CCC=C1
8484,8674,COCCC1CCCCC1
8485,8675,COOO
8486,8676,C1OCC=CC1CC=CC=CC=C
8487,8677,C1C=CC2=CC=CC(C)C21[SH1]
8488,8678,C1C2(C)C=C1C(C=O)(O)C=CC=C2
8489,8679,CN=CC1C(C)=CN=C1
8490,8680,CCC(CCC=NN=C[NH1]C=CN)=CC(C)=CO
8491,8681,NCCC#COC=NC=C(C)C=O
8492,8682,CNCCC(CC)OC=O
8493,8683,CCC1=CC2=CC=C(CNC1)C2
8494,8684,COCCC(=O)CCCCC(=O)Cl
8495,8685,CCC(C)CCC1CN=CC=C1C=CSC=C
8496,8686,SCC1C=CC2=CN=CC=C2CP(=O)C1
8497,8687,C1C2=CN1NCC=CNCCCC2=O
8498,8688,CONC(N)CC(CC=CC=C)C=O
8499,8689,CCNC=NCOC1C2C3=CC=C1CCC2O3
8500,8690,CC=CC(=O)NC(O)C
8501,8691,CC(C)CCCCC
8502,8692,NCC(=O)C(Cl)C=C1CNC(=O)N1
8503,8693,O=CC(C1=CC=CC=C12)CCCCN2
8504,8694,COS(C)OC1C[NH1]COC(=O)CCCCCC1
8505,8695,O1C=C2C=C1C=C2NOSO
8506,8696,C=CC1([NH1])C(C)C2C=CC=CC2C1
8507,8697,CCCCC=CC=C(OC)CC=CC=N
8508,8698,C1CCC2C1PCCC2C3C=CC=C3C(=O)C
8509,8699,CC(C)=CC(C)=C(Cl)C=S
8510,8700,CSCOCF
8511,8701,CCCC(O)=CC1=CSC=C1N
8512,8702,O=COC(=O)CC=C(NC)CC=C
8513,8703,CCC=CC=CC(C)=CC=CC=CN(C=O)C[NH1]CCl
8514,8704,OC=CC=CC=CN=C(Cl)CCOC(=O)O
8515,8705,NCCCC[NH1]CCCCC
8516,8706,CCCC1(C)CCC=NC2=CC=CC=C21
8517,8707,CN(O1)CCCCC(=O)[NH1]N1O
8518,8708,CNCCCCCC1CCCCC1
8519,8709,C=CC=CCC12CCNC1C=C2
8520,8710,CCC=CCCOCC
8521,8711,C1CC(C)N=NC(C)=CC2=NC=C1N2
8522,8712,C1N=CCC(N)SC#C1
8523,8713,COC(=O)CNC12CCCC1C2
8524,8714,NC(C)C1CCOC=C1NCCCCCC#CC
8525,8715,CC(N)C(C)=NC(O)C(O)C
8526,8716,NC=NC=C[NH1]C(O)=C(N)C(C)=CC=CC=C[NH1]
8527,8717,O1C(C=O)C1=CCCCON
8528,8718,O1C(C(=O)O)C=CN2NCC=CS12
8529,8719,CC1=CNC=CC=CC=C(C)C2C=C21
8530,8720,C12=CS1C(N)C(C)C2
8531,8721,C12C=NCC1C=CC2(Cl)Cl
8532,8722,C=CC(C)CC(F)S1CS(F)C=CC=C1
8533,8723,CC1OC=C2C3=CC=NC2C3C1
8534,8724,C=C1C(C)C(N)C(O)C1=O
8535,8725,O=NC1=CC=CC=C1C(=O)N2CC=CC=C2C
8536,8726,CC=CC=C1C=CC(O2)C=C1C=CC=C2O
8537,8727,C1OCC(CC2(C)C1C=C)(Cl)C2CC3=NC=CC3
8538,8728,CCCCCCN=NC=O
8539,8729,COC=CC=C1C=C=CCC=NN=C1
8540,8730,NCCN=C(C)CCCCCC(=O)C(C)NC
8541,8731,C1CC(=O)CCCSC1=NC
8542,8732,C1=CC=C1COC(C)CCC2=CCCC2
8543,8733,CC(C)=C(O)C(C)(C)NCC=C1C=C1C=C
8544,8734,C=C(C)SCOC(C)COCOC=CC=C(C)S
8545,8735,C1S(C)=CC(F)(C)OC1
8546,8736,C=C1C(Br)C(=NC)COC(O)CCC1
8547,8737,CCCCCOC(O)C(=O)O
8548,8738,CCCN1CCCC(C)(O)C(O)C1Cl
8549,8739,O=C(CNC)CN
8550,8740,C#CC(C)CNCCC1=C(C)C=C1C=CC[NH1]C=O
8551,8741,CC=C(N1C(=O)NC=CC1(Cl)C=C)C(OC)(CC)ON
8552,8742,C=NN(C)CC(=O)CSC(C)O
8553,8743,C1C=CCNC2=CC=CC=C21
8554,8744,CNCCCCCCC1=C2CC3C1CC2C3S
8555,8745,COCOC(=O)OCN
8556,8746,O1C=CC=NC2=CC1=CC=C2
8557,8747,CC=CC1=CC(C)OC(O)C1=O
8558,8748,NNCOC=C1C=CC=C(O)C1
8559,8749,CC(=O)C1(CCN2C1CO)C2
8560,8750,O=CNCCCCCCO
8561,8751,CC(=O)C(C)CCCCS1(CC=C)C=C1
8562,8752,SC=CC(O)C(Cl)=C
8563,8753,NC[NH1]C=CC=CNC=O
8564,8754,BrCC(C)CCC=CC=C(O)CSCOC
8565,8755,CC=CC=CP=C(Br)C=CC=C
8566,8756,C1C(C)NC(=O)NC1
8567,8757,O=C(CCNC(=O)OC=NC)OC
8568,8758,O(C)CBr
8569,8759,C=NC(N)CCl
8570,8760,CC=NC=CC=COC1[NH1]C=CC=C1N
8571,8761,NOC(C)CCC1=CC=CC=C1
8572,8762,C1CCC2CCCCC2OC1
8573,8763,CCC=O
8574,8764,O1CCC(C)C(=O)NO1
8575,8765,C#CCC(C)(O1)C2C=CC=CC=C2C1O
8576,8766,CCCC1[NH1]C=CC=C1C=C(O)C=CCCl
8577,8767,CCCN(N)NCCCC1(C)NC1
8578,8768,CNC(=O)N1CCCCC2CC1(N)CCC2
8579,8769,CN=C1C=CC=C2C(C=CC3=C2)C13
8580,8770,NCCOC(C1)=CC=NC=N1
8581,8771,C(S)(N)CCCC=CC(SOC)CC
8582,8772,C=NCOC(CCCCC)CCCCl
8583,8773,N=1C(=O)C=1C2C=CC(O)=CN2
8584,8774,C(N)C(=O)CCCCCCS(C)CC=C
8585,8775,N=CC=CC=C=NC=C(CN=CNC=O)N
8586,8776,NC#CC=CC=C(C)C1OC=CC=C1
8587,8778,CCCC(O)C(=O)N=C(O)C1=CC=CC=C1N
8588,8779,C1=NCCNC=NC(C(=O)C)C=C1
8589,8780,CC=CNC1=C=CC=CCC(N)=C1
8590,8781,CN1CCN=C1COC=O
8591,8782,CCCS1NCC(C)=C1F
8592,8783,C=C1C(=O)N=C(Cl)C1C=C(O)S
8593,8784,CC=CC=C1C=C(C2)CCC=C1SC2
8594,8785,C=CCSC=NN=CC=C(C)Cl
8595,8786,C1C(C=CC2=C1C=C)CC2CCO
8596,8787,C1CC(O)C(CC=C)(F)C#C1
8597,8788,NC=CC1(O2)OC=CC=C2CNC(O)S1C
8598,8789,CN=CN(O)OC(CCCC1)=C1
8599,8790,C=CCC=CCCNC=P
8600,8791,CC=C1C=C(Cl)C2C=CC=C2C1
8601,8792,OC(=O)CC(O)CCC1CCCC1CNS
8602,8793,C12=CC1OC2CCC
8603,8794,NC=CC=CNC1CCCCC1
8604,8795,S1=CC=CC=C1CCC[NH1]C=O
8605,8796,CC=CCCCSC(=O)C=C(Cl)C=C
8606,8797,C1C(=O)CNC=C2C=CC=C21
8607,8798,O(CC1C(=O)NCOCC)COC=C1S
8608,8799,CC=CC=CC=CC=C=CC1=CC1
8609,8800,C1CCNC(=O)NOC(SC=2)(C)CCC1=2
8610,8801,CCCNSN1CCCCC1CC(C)O
8611,8802,CC(=O)CCCC=C(C1)CC=CC=C1
8612,8803,O(O)C=CSC=CC=CC
8613,8804,O=NCOC(=O)NCCSC(=O)C#C
8614,8805,O1C(=O)C(C=C1N=C2N)NC=CC=CN=C2OOC
8615,8806,O=C(C)C=CN=CS(OC)NCC
8616,8807,C1C=CN=CC=C(C)NC=C1
8617,8808,SC=CC=CC(=O)C1=CC=C(Cl)C1
8618,8809,C1CC2=CC=CC(C)=C21
8619,8810,OSC(CC=CC=CCF)(C1)CN1O
8620,8811,CCC=SC=CC=C(Cl)C1=CC=C(C2)C=C2PO1
8621,8812,C1C=CC=CC1(O)Cl
8622,8813,CC(O)CCCN
8623,8814,OCC1C(C)=NC=C(C)CC=C1
8624,8815,CSCC(C)NCCCCO
8625,8816,CCOC(=O)CCPCOCCOC(=O)COCOC
8626,8817,NCCCCN1CCCC1OCCF
8627,8818,CCNCC1=C(C)CC12C=CN=C(N)C2
8628,8819,NCCOC=CC=NC=CCCl
8629,8820,CCC#CCCCC=O
8630,8821,CCC=C(CCO)CCCCN(SC=C)[NH1]C
8631,8822,CC(C=CN)=CC1OC[NH1]N=C1N
8632,8823,O=C=CC(C=CC(F)C)CCC=C
8633,8824,CCCCCCOC=C1C(C)=CC=C1
8634,8825,CC(C)(O)CCCOC(=O)C[NH1]CO
8635,8826,ONCCCCOC(O)=CN=N
8636,8828,ClOC(=O)OC=C
8637,8829,CCCCCCCCCC(=O)ONC=CC=C
8638,8830,CCC(S)=CCC=CC1=CC=CC=C1Cl
8639,8831,CCOCCOCCCC1=CC=C[NH1]1
8640,8832,O=C(O)C=CC=CC=C[NH1]C=CS
8641,8833,COC=C(C)NCC1CC=CC=C1
8642,8834,CN=C(N1OC(C)CCCCC)SC=C1
8643,8835,CCOC(N1)C=CC=C(C)CC=C1C
8644,8836,C1C=CC=C(O)CC(=O)O1
8645,8837,OC=CC(C1)=C2CCCCC2=C1
8646,8838,CCCCC(C)CCCC(Cl)CF
8647,8839,C12OC=C1C=CC=CC3=CC=CC2OS3
8648,8840,CCC=CN[NH1][NH1]C1=CCCOC1
8649,8841,CC=CC=CC=C(O)F
8650,8842,C1N=C1CC=CC=CC=CC=CC=C
8651,8843,O=C(CC(N)=CC)N(C1)CC=CC=C1
8652,8844,OC(=O)CC(=O)C=CN=C(C)N1N=C1O
8653,8845,O=CCNC=CN
8654,8846,CC=C1C=C(Cl)C1
8655,8847,C1N=CC(N)CC2=C1C=SC2CCC
8656,8848,C=C(C)C(=O)OC(C)=CN1CCCCCC1
8657,8849,NC=CC=CC=C(O)CC(=O)NBr
8658,8850,CCC=NC=C(Cl)C=C=C[NH1]
8659,8851,CC=C=SC=CC=C(F)CO
8660,8852,O=CNC=CC=CC=C(OC(=O)C)O
8661,8853,C(C=CC=CC)=C1C=CC=C1
8662,8854,C(C)CCOCCC(=O)NNCCO
8663,8855,NCC=C(C)CCC1CC=CC=C1
8664,8856,N=NC=CC1=CC(=O)O1
8665,8857,O1C(C(C)CCC(C)=N1)C=N
8666,8858,OCSC=CC1=CC(=O)CCCN1
8667,8859,O=C(F)C=CC(=O)N=C
8668,8860,O=CC=CN=CC=CC=O
8669,8861,CC(C)=CC=C(S)CF
8670,8862,CC=CCCC=NCCCC#C
8671,8863,C12CCS(C)C1C2
8672,8864,CNCCCCCCC1(C)C2CCC=C2C=C1
8673,8865,C1CCCCCCCPC=N1
8674,8866,CCC(C)NCCC
8675,8867,CNCCOCC1C(C)=CC=C1
8676,8868,NC=C(O)C1CC=CN=CCOCOC=C1
8677,8869,O=C(N)CN1C=CC=NN(C)OC1
8678,8870,CC(C=NC)(O)OC(C)C
8679,8871,C=NOP(S)COC(=O)CCC1CC=CC=C1C
8680,8872,C1OCC=CCCC1=C
8681,8873,C1CC2C(O)CCCCC2S1
8682,8874,O=NC=C(C(N)C)C
8683,8875,CCOC(=O)C(O)C=O
8684,8876,CC(C)CC(=O)OCCNC(=O)O
8685,8877,NCC1OCNCC1
8686,8878,C1=CCNC=CN=C1C
8687,8879,O1C(N)C=CCC(O)C1CCC
8688,8880,CS1C=CN=CC2=NC=CCNC2=N1
8689,8882,CN=CC(CNC)N=C1CNC=NC1
8690,8883,CCC=CN=CC=CC=C
8691,8884,C=S(C)C(=O)CNC=O
8692,8885,CCCCC(=O)NC(C)CCCCC(C)=S=NO
8693,8886,C=C1C=CCC1CCCCCCP=C
8694,8887,C1COC=C(O)COC(=O)C=C1
8695,8888,NCC1=CC2(O)C(=O)NC2S1C
8696,8889,C=COC=C1N=C(C2N)C1CCC2
8697,8890,CC=C1SC=C(C)C(N)=C(S)CC1=C
8698,8891,NC=C1C=CC=C(C2CC(O)C)C21
8699,8892,CC=C(O)CCCCCCCN
8700,8893,N1NC(C)CCSNCN([SH1])C1
8701,8894,NC(=O)CC(=O)C(O)=CC=C1SC=CN=C1
8702,8895,CCCOC(C)=C(C=O)O
8703,8896,CCCC=CC1=CC=CN=C1N=O
8704,8897,N1C=C2C(C=CC=C1)(C)CCNN2
8705,8898,CC1CCC(CC(=O)C2CC)CC2C1
8706,8899,CC(N)CC=SC1=CC=CC(N)=C1
8707,8900,C(O)=C(C)CC=CC1S2C=CC=C1C2
8708,8901,CCC1(C)C=CC=C1
8709,8902,COC1C(C)CC1
8710,8903,CCOC=C[NH1]C=CC(N)=NF
8711,8904,C1OC(C)CCCC1=O
8712,8905,CC#CCOC(=O)NCOC(=O)O
8713,8906,CC=C1C=CC=C(Br)CCC=C1N
8714,8907,C=CS(CCCC)Br
8715,8908,CC=CC=CC=C1CNCCC1
8716,8909,C=C(C)CCC=NC(=O)CCl
8717,8910,NC=CC=CC=C(N)C=O
8718,8911,C12OC(=O)NC1CNCCC2
8719,8912,C1CCCNCC=C1C=O
8720,8913,CN(O)C(=O)OSC1CC=CCC1
8721,8914,CCNCCN1CCCC1
8722,8917,NNCC1CC=CNSCC=C1Cl
8723,8918,CC=CC=CC=C(O1)C(C)=CC=C1C=C(O)C=C
8724,8919,C1OCC=C2C=CC=C1C=CC=C2CC
8725,8920,COC(O)C=CC=CC=C(C)OS=C
8726,8921,OCC(O1)C2=NC=CC=C2OC1
8727,8922,NC1(OC=C2C=CCN)C2CCC1=O
8728,8923,C=CN(C=C(Cl)N1C=O)C=CCCC=C1
8729,8924,CN=NN=CCCCN=C1S[NH1]CC=C1
8730,8925,CCC(CC(=O)NCCC)(C)C(C)CCC
8731,8926,CCCCCCC=CC1=CC=NC=C1
8732,8927,C=NSC(Cl)C1(C)C=NC1
8733,8928,CCCCCCCC1=C(C)COC=C1O
8734,8929,OC1=CC=CC=C1C(O)C
8735,8930,CCC(=O)COC(=O)COCCONNC=O
8736,8931,CCSCCNC=CC=CC(=O)O
8737,8932,OC(=O)OC1=C2C(Br)(O)NC2C1C(C)=C
8738,8933,NC(=O)OC#CCCC(C)(C)P=NC=O
8739,8934,C#COCC(N)C(=O)NCCCCC
8740,8935,N1OCC=C1CC(=O)OON
8741,8936,NOC1C=C(C(C)CCC1C=C2C=C)C=C2
8742,8937,CC(C)CNC=C
8743,8938,O=C(Cl)C=C[NH1]PBr
8744,8939,O1C=CC=C1CCC=S=CC=CC(C)=C
8745,8940,CCCN=C
8746,8941,NC=NC=C(CC(O)C=O)C
8747,8942,CC=NC(C)CC(O)C=NC=CC=C
8748,8943,C=C(NC(C)C)OC
8749,8944,CCNCOC(=O)OCC=C(CC(OC)CO)C
8750,8945,CC(O)C(C)OCC=C1C=CC2=CC1CC=C2
8751,8946,COC=CC(CCl)=C
8752,8947,CC1COCCC(=O)OCCCCC1
8753,8948,N=CC=C(O)CNCC=O
8754,8949,CCC(C(=O)S1C2CCNC1CNC2=O)CS=N
8755,8950,NCCC1=CCC2CC1C=C2
8756,8951,CCNCCC=CC1=CC([SH1]2)=CC=CCCCC1=C2
8757,8952,OCCCCCCCOC=CCCl
8758,8954,C=C(C)C(N)C=CSC(=O)CO
8759,8955,OC(N)C=NN=C
8760,8956,CC(C)C(CC=CC)=CC=CF
8761,8957,O1C(N)CCCC1=O
8762,8958,CCCCC(N)C#CCOC=CO
8763,8959,NC(OCC)C#N
8764,8960,NCCC(C)C1C=CC=CC=C1
8765,8961,C1CCNC=C1CCC=C
8766,8962,CCOC(C)N(C)SC(=O)O
8767,8963,C1CCC1C=CC=C2C(F)C=CC=C2
8768,8964,CCOC(=O)N=C(O)C(N)C(=O)CSC(=O)O
8769,8965,C1C=CC=C(O)C(S)C=CC=C1
8770,8966,CN=CCC(C)C1C(C)=NC=CN=N1
8771,8967,CCNCCC1CNSC=C1O
8772,8968,O=CC=CC=CC1=CC=CC=C1Br
8773,8969,CC(N)C(C)NC=CC=C(C=CC12)C1C=C2
8774,8970,O=C(C)C
8775,8971,NCCCCCCCCP(=O)CCONC
8776,8972,C(=O)S1C=CC2=CC=CC=C2C=C1
8777,8973,CCCC(C)CNC=CC1=CC=CN=C1
8778,8974,CC(C(F)CC1=CC(O)CC=N)S1
8779,8975,OSC(O)C=CCNCC1CCCC1
8780,8976,CCCC(O)C(=O)NC(C)C1NC1
8781,8977,N=CC=CC=C
8782,8978,C1CN=C1C=CC=C
8783,8979,OC=CC(CCC(N)CO1)C=C1O
8784,8980,COC=NCC#CN1C(=O)C2C=CC=CC=C21
8785,8981,CCCCCCCOCC(C)=C
8786,8982,CC1=C2C=C3N=CC=C=C3C2C=C1
8787,8983,NC=CSNC(=O)C1CCCC=C1
8788,8984,COC(C)CCCCCC1C=CN1CCC
8789,8985,O=CC=NC(O)C(O)(O)C
8790,8986,CNC=CCC=C
8791,8987,O1N=CC=C(C)C=C1C
8792,8988,CCC=CC=C1C=CC=C1C(N)NC=C
8793,8990,COC=NC=C(N(N)N)ON1CSCN1CC=C
8794,8991,C=C=CC(O)C=CC=C1C=CN1C=C
8795,8992,CCOCCC(N)CC(=O)CCC1=CC=CC=C1O
8796,8993,CC(C)OOC(O)C=CC1=CC=CN=C1
8797,8994,CCCC(C)=CCCC=CCCC
8798,8995,CN=CC=CC(NC)=C1C2=CN=C1CC2
8799,8996,C1C=CC=C1CCC=CC=O
8800,8997,NS#CCC=CC=C1SC=CC=N1
8801,8998,CNC(=O)OC(C)COC(O)CCC=C
8802,8999,C=CC1(C=O)OC(C)CC1C=O
8803,9000,CC1N(O)CCC2(C)CCOC2C1
8804,9001,NCOC(O)C=CC(C1[NH1]C=CC)=C1
8805,9002,CC(=CC1=O)OC=CC(=O)CC=CC(O)=C1Br
8806,9003,OC=CC=CC=C(C)SCO
8807,9004,CSC(C)C=NC=O
8808,9005,CCC(C)C=C1CCC2CCCC12
8809,9006,CCS(N)COC=CS(C)OC
8810,9007,NCC(C)(C)CO
8811,9008,O=CC=C(C)OC1=CC=CC=N1
8812,9009,CCCCCCS1(C)(S)CN1
8813,9010,C(O)C=CCN1CSCC1
8814,9011,C=CC1=CC=CC2=C1CCCC2CC3C=CCS3
8815,9012,C(C)N=NC=CC=C1C=CC=C1
8816,9013,O=C(N)C1=NC(C)(SCC(C)OC=O)N=C1
8817,9014,CCCCC(C)CCC(O)CCCCCCC=O
8818,9015,CCC1CCC=CC1=O
8819,9016,NCC=1C(C)(O)N=1
8820,9017,COC(=O)CC1CC=CC=C1CNCCC
8821,9018,CCCCOCO
8822,9019,CN=CC1(Br)C=C2C=C1N=N2
8823,9020,CNCC(N)CCN=CC=CC=CS
8824,9021,O=NC=CC=C1N=CC=CC=C1C2=NN2
8825,9022,NCCCOC(O)C1=CC=C(F)C=C1C
8826,9023,C=CC=C1C=CC2=CCCC=C21
8827,9024,CN=CN=CC=CC=CC=C
8828,9025,C=CC(O)C=C=C1N=C(Br)OC=CC=C1CC
8829,9026,CC(C=CC=CCOC(=O)C)NC1CCNCO1
8830,9027,C1C(C)=CC(C)=CC=C1C
8831,9028,O(O)OCNCCNCCCC
8832,9029,CCCC(C)C(=O)C(=O)OCCC=S
8833,9030,CCP=NNCCCN1C=CC2(C=CC=O)CN2C1
8834,9031,CNC=CC=C(O)C=NC=CC(OC)=S=NS
8835,9032,CCC=C(N)C1OCCCC1
8836,9033,O(C)C(O)C(C1=CC=CSCC=CC)=C1
8837,9034,NC(O)C(C)OCCCC
8838,9035,C=CC=C1C=CC2=CC=CC=C2CCC1
8839,9036,N1C=NC=CC=CC(Cl)=C1
8840,9037,CCCC(C=C1C=CC=C)(C1=CO)NC=NO
8841,9038,CCC12C#CC(C)CN1N(N)C2N
8842,9039,C1CCOCC(C)CS1
8843,9040,NNC=NCOC(C)SNSCCCCC
8844,9041,CCC(CC=C)C=CC=C(Cl)[SH1]CC
8845,9042,CCCCCC=NC(C)=SN
8846,9043,COC=NOC(O)CCC(=O)O
8847,9044,C1CCC=CC1(C)C=O
8848,9045,CCOC=CC=C(N)CC1=CC(Cl)C=C1
8849,9046,C=NNOCCOC=CC=CC=CCl
8850,9047,O=C1C=C2C=C(O)C=C2O1
8851,9048,CCCCC1CCC(N)(C)CC=CC1Cl
8852,9049,NC=CC=C(C=C(OO)C)CC(O)=NC=O
8853,9050,CCCC1CCC2C1=NCC3=C2CSSC3
8854,9051,CC=CC=C(C)CC=C1CCCC=C1
8855,9052,CC#CCCNCNCCCCCCCC
8856,9053,C1C=CC(=O)CC=CC=C1NC=CCC
8857,9054,CC=CC=C(CNCC1)CC(C)OC=C1
8858,9055,CNC(CCC)CC(=O)O
8859,9056,C1(C)C(C)C1(C)O
8860,9057,CNCSC(C)(C)C1(Br)OCCCC1
8861,9058,CCOC=CC=CC(=O)[NH1]C(O)=C
8862,9059,COCCCCCC(O)C
8863,9060,C1NC(=O)C=CC=CC=COCC=C1N
8864,9061,CCC(O)CBr
8865,9062,CC=CC=C(Cl)SC=CC(C=NSO)S
8866,9063,C1C(=O)CCCC12CCC=C2CSC
8867,9064,NNSC(CNC(C)(O)C1)C=CC=C(Br)C1
8868,9065,CC(C)CCCCCCCC(=O)N
8869,9066,NCCCC1=NC=CCC1=O
8870,9067,C1OCCCC1C=O
8871,9068,NC(=O)CN
8872,9069,CC=CC=CC1NCCCC1
8873,9070,CC=C(C)C1=CC=C(C)C1C=CF
8874,9071,NC=C(S)C=O
8875,9072,CCCCCC(=O)ON=CCP(=O)(O)OCC
8876,9073,CN(O)OC=C(CN=CC=NC=C)N=C1OC1S
8877,9074,O=CC(O)COC=CC(C)C
8878,9075,NC=CC1=C(Br)CC=C1CCC
8879,9076,C=NC1CCC[NH1]C1=O
8880,9077,CCCCC(C=O)N1CCCCC(O)CO1
8881,9078,CNCC(CNCO)OC(=O)NCC=CC=C=C
8882,9079,C=CNC=C(C1=CC2=CC=C1)S2C
8883,9080,OCC(C)(O)N=S(C=C(C)Cl)N
8884,9081,C=C(N)CN1CCNCCNC1C
8885,9082,C=CC=CC1=C2C=CC=C1C2=O
8886,9083,COC1(N)C(=O)C=C2C3=CC=CC=C3C1O2
8887,9084,CCCCCC(C)(C)C(=O)OC
8888,9085,CCNCCC=C(CC=CC=CC)CCl
8889,9086,OC=CC1=CC2=CC=C1OCCN2
8890,9087,CNCCCCS
8891,9088,CNCCC(=C(CC)SC1=CC)C2C=C12
8892,9089,NCCC(C)=C1CSC=NC(C)=CC=C1
8893,9090,CNC=CC=C(O)C(O)CC=CC(O)=C
8894,9091,C(=O)(O)NC(=O)NCCN
8895,9092,O(C)C=CC=CC=C=CO
8896,9093,C=C1C=C(N)CCCCCC=C1
8897,9094,CC1=CC=CC(OC)(F)C1Cl
8898,9095,C1CNC=CC2NN1N=C2
8899,9096,C=1C=CC=C(N2)C=1S=CCO2
8900,9097,CON(O)CC=CC(=O)OC(Cl)=CC=C
8901,9098,OC(=O)NC(C=CC)CC1=CC=CC=C1CCl
8902,9099,C1CCNCCC(C)C(O)C=C1
8903,9100,CC(C)CCOC(=O)NS
8904,9101,COCCN=CNC(=O)OOC
8905,9102,C#CCCCCC(=O)N=CC(Br)SCC
8906,9103,CC(C(C)(C=O)N)=C(F)SCl
8907,9104,COCC1=C2C=CC=CS21
8908,9105,CCNC=CC=C1C=CC=C(O)C1[NH1]
8909,9106,C=CC=C1C=C2C=CC1C=C2C
8910,9107,BrCC(CC(=O)OCN)C(=O)O
8911,9108,FCOC=NC=CC=C=SO
8912,9109,CNC=NC=C1CC=C(Cl)C1
8913,9110,C#CCCCCCC
8914,9111,CCCCCCOC(=O)N=C1C=C(N)C1C(=O)C=C
8915,9112,CC(COC=S)C=NNC=CC=C=CO[NH1]C=C
8916,9113,CNC=CC=C(C)OC=CF
8917,9114,C=CC1=CC2(C=CC=C)C(O)C1C=C2
8918,9115,CCCCCCC=NC1=CC=C(C)CC(=O)N1
8919,9116,O=CC1=CC=NC1CC=CCN
8920,9117,CCC=CC=CC(C)(O)F
8921,9118,C1C=CC1(CC=CC=CC=CC(Cl)CCC)C
8922,9119,CN1CCCCCC(C)C=2OC=CC=21
8923,9120,ONCC(C)C=O
8924,9121,CC=NC(=O)OC(=O)CCC1NC=NCC1
8925,9122,CC=CC=CN(CC(N1)CCC)CO1
8926,9123,CCC(=O)NC#CCCI
8927,9124,OC=CC=C(C1NC(=O)CC)CC1
8928,9125,C=NC=CC1=CC=CC=C1CC=CC=C
8929,9126,C1C(N)C=CC(C)CO1
8930,9127,CNCCC1C=CC=C1CCCCCC
8931,9128,CCC(Cl)C(O)=C[NH1]NC(=O)O
8932,9129,COC(=O)CCNC=NC=C
8933,9130,CC(=O)CC(=O)NC(N)C
8934,9131,CCSCS1C=CC2=CC=CC=C21
8935,9132,CNCC(C)NCCCC1CC2=CC=C1CS2
8936,9133,OCCC(C1)=C(O)N(O)C=C2C=CC=C21
8937,9134,CNC(CCS=O)C=C1N=CC=C1N
8938,9135,CCOC(=O)OCC=C1C(C)CC1N=N
8939,9136,CCCC=CC=C1C=C2C(C=O)C=C2C1
8940,9137,OC=CC(C)CC1=CC=CC=C1F
8941,9138,O=C(C)CC(=O)NC(=O)OC=CC=C
8942,9139,N=CC=C1C=CC=C=C1
8943,9140,CC(O)=CCC(C)CC(C)=C1C2=CC=CC21
8944,9141,CC(N)CCN(O)C(O)CI
8945,9142,CC(ON)C=CC=C1C=CCC=C1
8946,9143,CC=CC(C)C=CC1=CC#COCC=C=N1
8947,9144,BrOCCC(=O)N=C(C)CF
8948,9145,NC(C(=O)C=O)ON
8949,9146,C=NC(CCC1NCO)C1CO
8950,9147,OC1=CCC=C2C(C)N=C2C=C1
8951,9148,OC(C=C(C)OC=C)(C)C(=O)OC=N
8952,9149,NC=CNC(C)C(CC)C=NO
8953,9150,C(C)COC(C)COC(Cl)=CC=N
8954,9151,OS=CC=C(O)N=C(O)C=CC=C
8955,9152,O1C=CS2C(=O)N1SC2
8956,9153,NC1OCCC=C1C(=O)CCCCCC
8957,9154,C1CCC(=O)CCNCN1CCN=S
8958,9155,CCN=CC=C(C)C=C
8959,9156,O=NCC1(N)C(=O)CN=C1CNC=CC#C
8960,9157,COCC=CC=C(C=CC=CC1=C2C=C)C=C1C2
8961,9158,CC(C)=NC#CF
8962,9159,CCC(=O)NCCNCC=C
8963,9160,NCC(C)OC(C)CCCCC
8964,9161,NCCC(C)CNC(O)=CC=C
8965,9162,CC(=O)OC(=O)N=CC=CC=CCCN
8966,9163,OCCC(=O)O
8967,9164,NC(O)CC(C)CC(C)(C)CC(F)S
8968,9165,CNCOC1OCCC2(NC)CCC2=C1
8969,9166,CCC(=O)OCCON
8970,9167,CC=CN(O)C=CN1C(C)=NCCCC1
8971,9168,CCCCCCCCC=CC=C(OC)C=O
8972,9169,C=1NCN2CCC=1CC=C2
8973,9170,COC(=O)N=CNC(=O)O
8974,9171,NOS(=O)OCC1CC(C)CCNC1=O
8975,9172,CC([NH1]CC(=O)C(S)N1)=CC(C)=CC(=O)C1=CC=C
8976,9173,O=CNC(=O)C(C)=NC=NC(=O)N=CO
8977,9174,COC(=O)CCOC(S)CC1=CC=CC=C1
8978,9175,O1CSC=CS(C)=CC=C2C=C1ONC2
8979,9176,CC(C)CCCC#N
8980,9177,C1CC23OCSC=C2CCC1=CN=N3
8981,9178,NC1CCC=CC=C1CCCCCO
8982,9179,C(CSC=O)OC=CCCCC=O
8983,9180,C=CC(Cl)C=CCCC=C
8984,9181,NC=COS(N)=CC=C1C(Br)(N)CC=C1
8985,9182,CC=C(F)C=CC1=CCONC1
8986,9183,C=CC1=CC=C(C)CC=CCC=CC1O[NH1]
8987,9184,C(C)C=CS1C2=CC(Cl)C=C1O2
8988,9185,S1C=CC=CC=C1
8989,9186,COC=NC(=O)O
8990,9187,CN=NC=C1C=CS(C2)=C1NCCC2
8991,9188,C1CC(=O)C=CN2C(O)C21
8992,9189,C1NC=C(O)C(C2)CCCCC=C1N=C2
8993,9190,CCNCC(=C)C=C(O)CO
8994,9191,CCNCCC(C)CCC(C1)C2(CC=CC1N)CC2
8995,9192,N1C(C)N1CSC=CC=CC=CC=C
8996,9193,CC=CS1C=CC(C=C1C2)=CC=CC=C2
8997,9194,C(C=O)NC(=O)C=C(I)C(=O)N
8998,9195,CC=C(N)NCNC(=O)C=O
8999,9196,O1C=CC(O)C(O)C=C1
9000,9197,NC=C1C(C2C3C(O)C2)C3C=CC#CC1
9001,9198,CCCCCCCCC(=O)NO
9002,9199,C1C=C=NC=CCC(C)=NN=C1
9003,9200,C(=O)C=C(C)C=NC=C1C(=O)COC=CC=CN1
9004,9201,COCCCCCCCCC
9005,9202,COC=CC=CC=CC1=C(NC)CC2=C1C(=O)N2
9006,9203,CC1CCCN(C)C(=O)OC=CC=C1C
9007,9204,CC=CC=C1C=C(C2CP=O)NC2=N1
9008,9205,CNC=1OC=NC(N)C=1
9009,9206,CC=CC1=CCC=C=N1
9010,9207,O=CN=C1N=CC=CC=CCSC=C1
9011,9208,CCOC1=CS(=O)=C(CCl)CS1
9012,9209,CCNC(=O)OC(CCC)=C[NH1]CF
9013,9210,C=C(O)C=C1C=CC(F)OC=C1
9014,9211,CCOC(=O)N=CC=CC1=CC=CC=C1O
9015,9212,CC=C(C)CNCO
9016,9213,N1=CC2=CC=CC3=C2N1C3CNO
9017,9214,OC=CC=CN=CC1CSCCN1
9018,9215,N=C
9019,9216,N=C(O)NCC(N)CCCC(C)O
9020,9217,OCC=CC=CC=C(CC)CCCCNC
9021,9218,C=CC(C)=C1C2=CC=C1CC2
9022,9219,CCNCCC(=O)CC
9023,9220,CC(O)C=C1C=CC(C12)C=CSCS2
9024,9221,CCCCCCl
9025,9222,C1=CC=CC1C=C(C)CC=C
9026,9223,NC(O1)=CC=CC=C1Cl
9027,9224,PC(=O)OC=CC(=O)N1C(Cl)C(C)=CC=CC=C1
9028,9225,CCOCNC(C)CC(=O)CC=CC(CO)=CSCNI
9029,9226,C1OCSC=C2C(Cl)=CC=C2C1
9030,9227,OCP(=N)CNC(C)(O)NC
9031,9228,N(=O)N=COCNC=O
9032,9229,C=CC=CCC1=C(N)CC=C1Cl
9033,9230,CN=C(N=CC)CC=CBr
9034,9231,NCCC=C(N)C(C)CCC1CC=NC=C1
9035,9232,C=CC=C(O)C(=O)OC1SC=CC=C1C
9036,9233,CCC=CC=C(N)C=CC1=CC=CC=C1
9037,9234,C1CCSC=CC1CN=N
9038,9235,CC1CCC(N)=C1C=NC(C)NS
9039,9236,CSCNCCC(C)=O
9040,9237,CC(I)(N1)NC(C)(C)C1=O
9041,9238,C1N2CCC1CC=NC=CC2N
9042,9239,CC=C(C)NC(=O)N=CN(Cl)OC
9043,9240,CCC1=CC=CC=C1Cl
9044,9241,CC=C(C1)CC=NC=C1[NH1]C=C2C=CC=C2C=O
9045,9242,NC1CC(C)NC(CC1)O
9046,9243,C1NC(C)=CC=C(C)S1
9047,9244,CC(C1)=CC=CC2=C1C=NC=CC=C2O
9048,9245,COC=C1C=CC(C)=CC=C1O
9049,9246,N1=COC(C2)OC=CC=C2COCC1[NH1]
9050,9247,C=CC=CN=C(F)C=CSC=C(Cl)CCl
9051,9248,N1CNC=NC2=C3C(=O)N1S3CC2
9052,9249,C=C=C1CCCC=C1C
9053,9250,C(Br)CC(C1)C[NH1]C=C1
9054,9251,CCC=NC=NC(CN)C=CC=C
9055,9252,CCCC(C)CCCCCC
9056,9253,CCCC=CC(=O)C=CC=C(Cl)C=O
9057,9254,SCNC(=O)NCCCCC(C)Br
9058,9255,N1CCC=C1OC=CC2=CC=CC=C2N
9059,9256,O(N1)C=CC(C)C=CC=C1NCC
9060,9257,CCC(=O)NC(C)CNCCC=N
9061,9258,N#N
9062,9259,O=SOCC=CO
9063,9260,NSOC(=O)C(O)CCCCC
9064,9261,C=CCCCC=CC1=C(C=CC)C1CC
9065,9262,NCN([SH1])C=CC=CCCCCC
9066,9263,C1CCNCC=CCCCC1
9067,9264,COC=C1C=CCCC1C(=O)CCC(C)C
9068,9265,O=C(C)NC1C(C)=NN=C1
9069,9266,O1CC1C2(CN)N=C(N)C(=O)N=C2
9070,9267,N1C2C=CC(C)=C1N=C2
9071,9268,C(=O)CC=NCOC(=O)C=C(N)CC=C(F)C
9072,9269,CCCNCCN=C1CCCCC1
9073,9270,CCNCCCCC(N)=C[NH1]C(C)=CC=C
9074,9271,CC=CC=CC=CC1=CC=CC=C1
9075,9272,CC1CC=CC=C(C)C(C)CC1
9076,9273,C=C(CCCCC=CC=C)C1=CC=CC=C1
9077,9274,CCCC1=C2C=CN=C1C2O
9078,9275,NCSC(=O)NCN1CCNC[NH1]N1
9079,9276,CCNCCCCCC=C1C=C1CCl
9080,9277,C1=CC=C1C=NCC(=O)O
9081,9278,C1C#CC=CCC=C1NC=CN=CC=C2C=CCCC2C
9082,9279,CNCCCC1=C(C)CCCC2CC=C=C21
9083,9280,CCC(=S)NCCCCN(O)OO
9084,9281,NS=C1C=CC=C2C=CN=CN2O1
9085,9282,O1C=C=C1
9086,9283,N1=CC=C1NCCCC2=CC=CC2
9087,9284,CC(SC(=O)N1CC1)=O
9088,9285,CC(=O)SC1=CCNC=C1
9089,9286,N=C(N)C(=S)C=CC=NC=CCCl
9090,9287,CCCC=CC
9091,9288,CNC(=O)C(C)C1NCCO1
9092,9289,COCCCCNCl
9093,9290,C1CC(=O)C=C(N)C(C)CCCC1C
9094,9291,CC=CC=C(C)C(N1)N=CNC=C1
9095,9292,CC(=O)C1(C)CSN1CCCCCCCOC
9096,9293,C1C=CC=CC2=C(Cl)NC21
9097,9294,NN=C(N)NC(=O)NCCCC
9098,9295,NC1=CN=C2C=C(N)C2CCC1Br
9099,9296,CC=C(CC1NCC)N1
9100,9297,C=CC(=O)C=CC=CC=C(O)CC(O)OS
9101,9298,CC#CC
9102,9299,O=S(=O)(O)CC(O)C(=O)CCCCCCC
9103,9300,CC=CC=C1CC(Cl)C=C1
9104,9301,CCC=C(N)C1CC=CC(N)CN2C=CC=CN21
9105,9302,OC1C(C)=NCSC=C(O)C=C(Br)C1
9106,9303,BrC=C(C)NC=CC=O
9107,9304,PC=NC=CC=CC=CC1=C(NC)N1
9108,9305,COC(=O)CCC1=CC=C2C=CC[NH1]CNC2=C1
9109,9306,CC(C=CC=CC1=CC(Cl)=C)(N)C1
9110,9308,C1OCC(C)NC=CC=C1
9111,9309,CCC1C2C=NC=C=C2NC3=CC=CC=C3NN1
9112,9310,NC(=O)OC(=O)CCCCOC=O
9113,9311,CC(N)COC(=O)OCCOC(C)CC
9114,9312,SN=C(O)CC=C(Br)C=CC1=CC=CC=C1
9115,9313,CCOC=C1CC=C(Cl)S1
9116,9314,COCC1CCCOC=CC(O)=C1CO
9117,9315,N1C=CC=C1COC=CC=CCNC
9118,9316,CCC1(C2)CC(N)=C2C=CCNC(=O)S1
9119,9317,COC=C(Cl)N=C(OCO1)C=CC=CS1
9120,9318,CCC(C)C=CCC1OC=CC=C1
9121,9319,C=C(C)CSC=C1NN=CC=C1
9122,9320,CC=CC=C(C)[NH1]C(N)=C(Cl)C(CF)C
9123,9321,COOC(CC=CC=C1C=CN=CC)=CC=CC1
9124,9323,C=CCN(Cl)C=CCl
9125,9324,OONC(=O)NCCNCCCC
9126,9325,CC(=O)NNCCCOC#CC
9127,9326,OC=C(CC(C)NC1)C=NC(O)(O)CCC1C
9128,9327,COC=CC(=O)C=C(CC)NC=CO
9129,9328,CC(=O)OC(=O)N(C)C(=O)O
9130,9329,FCN=CC(C)=CC=CS=NC=C(Cl)CCCC
9131,9330,NCC(O1)=C(F)CCC=CCC1C#C
9132,9331,NC(C)=CN(C(C)=C)SN
9133,9332,COC(=O)C=CSC1=CN=NC=C1O
9134,9333,CC(=N)C(N)C(=O)OC=C=CC=C(C#N)CF
9135,9334,COCCCCC(=O)NCOC
9136,9335,CC(=O)[NH1]N=CC=CC(Cl)C1CC12OC2
9137,9336,CCCCCCC=CC(Cl)=C(Cl)C=CC=CO
9138,9337,C1C=CC=C(N)C=CC=CO1
9139,9338,CCOCCC=CO
9140,9339,NNCCC(=O)C=C=CNC1=CC=CC=C1
9141,9340,NC=CC=CC1=C=NC=CC=C1
9142,9341,CSC1=C2C3=CC=C1CC3C=NC2
9143,9342,O(O)C1=CC=CCO1
9144,9343,O1C(=O)CC(C)C(N)CN1
9145,9344,CNC1=CC(C)=CN=C1
9146,9345,C1C=CC=CC=C(Br)C1C=CC=S
9147,9346,NCCCCCCCCCC(C)CC
9148,9347,ClCC1CCCC1C(=O)N=NO
9149,9348,CCC(C)=CC(S)C(C)CC
9150,9349,C=NC=CC(C)=C(N)CCC=COC=NC
9151,9350,C1CCC(C)C=C1C2(N)C=CC=C2[NH1]
9152,9351,C=COCCCCC
9153,9352,CSCCCCCCC(=O)OC=CC=C[NH1]
9154,9353,COC=C1C=N[NH1]C1C=CC(N2)=N2
9155,9354,CC=CN=C(C)CCCBr
9156,9355,NC(=O)NCCCC#CC=O
9157,9356,N1C(C)C2C1C(C)NC2=C
9158,9357,OOCCCCN(C)CC1C[NH1]S2=C1C=CC(Cl)=C2
9159,9358,CN=C(N)C(=O)OC=CC1=CC=CCN1O
9160,9359,C1CCCCCO1
9161,9360,C#CCOCC=CC=C1C(=O)NC(=O)CCCC1
9162,9361,CC(C)CC1=CC=CC=C1O
9163,9362,OOCC(=O)N=C(O)CNCCC(C)=NC=C
9164,9363,COC=CC(=O)NCNCCC=NC=CC=C(O)C
9165,9364,CCCC(=N)C=C(Cl)C=CC=CC
9166,9365,C(C)CCCNC(=O)O
9167,9366,C=CC=CCCC1C2CCCN12
9168,9367,NCC1C(=O)CNC=CC2=NC3CC=CC31CC2
9169,9368,CNCCCC=C1CCC=C1Cl
9170,9369,NC=CC(=O)NC=CC=C(CC)F
9171,9370,CCC(=O)NCCC
9172,9371,CC[NH1]CCCCC=C
9173,9372,N(N)C=CC=C(O)C=CCC
9174,9373,C=C1N=C(C=CC=CCC=CC=C1C)C
9175,9374,C=NNCCC1C=CC2=CC=NC=C21
9176,9375,CNC(N)N(CC)CC=CC=NCCl
9177,9376,O=C(COC1CC)C2CC(=O)C=CC=CCP21
9178,9377,CCOC=NC=C(CCCCC1CN)C1
9179,9378,NC=CC1=CC=C2N=C1C(O)C=C2
9180,9379,ONC(=O)CCC1=CC=CC=C1
9181,9380,CCC(N)CC(O)CCC
9182,9381,CNCCCCCC
9183,9382,C=1OC(=O)CCCCCOC=1
9184,9383,CC1N[NH1]C=CO1
9185,9384,C1=C(N)C(C)C=CC#C1
9186,9385,O1C=CC=CC(C)C=CC=C1
9187,9386,C=NC=C(C(C)C1=C2C=CC)C2C=C1
9188,9387,NC=C1C=C1C(O)=CC#C
9189,9388,ClC=CC=CC=CC(O)=CS
9190,9389,CS1(C)C=C(CN=C1N=CC=C)N
9191,9390,C=CC(O)C=NSC(O)=CN=C1N=CC=C1
9192,9391,SCCC(C)CCC1(O)C=C2N=C12
9193,9392,CC(=O)OCOC=CCC=CC(C)=CBr
9194,9393,N(C)(O)C(=O)NCOC
9195,9394,O=CNCNC(Cl)=CC=CC=CNC1=CC=CCS1
9196,9395,C=CC=CCBr
9197,9397,C1CNNCC(N)=CC=C1
9198,9398,CCC=CC=CN=CC1=C[NH1]C=C(Cl)C1Cl
9199,9399,CNC(N)C1CCCC1Br
9200,9400,C1CC=NC2=C1C3=NC=CC=C32
9201,9401,C(=O)OC(C1)N2CCCC=C2C1
9202,9402,C(=O)(C)N=CC=CC=O
9203,9403,CCNC(=O)CNCCCC1N=CN=C1
9204,9404,CSCC=C1C=CCC=C1O
9205,9405,CC(=O)CC=C1N=CC=C1Cl
9206,9406,C1CNCCNCCCC=C1
9207,9407,C#1NC=NNCCS([NH1])C#1
9208,9408,CC(COC)=C1C=CC=C1OOSC
9209,9409,CCCCCNCCO
9210,9410,C(C)C1(O)C(=O)NC(C)C=CC=CC=C1
9211,9411,C1C=CC=CC1N=CN=CC=C
9212,9412,O=CN=CC1=CC2=CC=C1C(N)=NC=C2
9213,9413,C#CC(C)C(C)CC1(O)CCOC1C
9214,9414,CCNCSC=CC(O)=C(C=C(F)C=CC1)C1C
9215,9415,CC=CC=C(N1)CCCC1=CO
9216,9416,CC=C(N)C1(C)CCCCCCCCCC1
9217,9417,CNC=CC=CC1=CCC(F)(Br)C1
9218,9418,NC=CNC(=O)NC(=O)NCS
9219,9419,CCCCCCI
9220,9420,N1C(=O)OC2=C1CCCC=C(Br)C=C2
9221,9421,C=CCC1NCCC1C(C)=N
9222,9422,CC#CCC1C=CC2=C(F)C(Br)OC21
9223,9423,NCCCCONSC
9224,9424,NC=NC=C(C)C(C)=C1N=CNC1C
9225,9425,CN(O)C=CC=CC=CS1C=CC=CC1
9226,9426,O=CNC=C1C=CC(C2=CC=C1)C2
9227,9427,CC=CC=C(O)C=O
9228,9428,OC=C(O1)CC=CC2=C1C=CC=CC(Cl)=C2
9229,9429,CC(=O)OCCNCCCCC(C)(C)OC
9230,9430,CC1=C(Br)CNCC2[NH1]NC=CC=C1C2
9231,9431,CNC(=O)NN=NCC(N)=CC=C(F)C=C
9232,9432,CNN=NC=C1C2=C[NH1]C=C1CCC2
9233,9433,CCCCC=C(C)CC1OCCC1=O
9234,9434,CCCSC1=NC=C(N)C(C)=CC=C1
9235,9435,CC1=CC=CC=CCC(C)=CC=C1OO
9236,9436,OCC(C1)C=CC=CC(=O)C#C1
9237,9437,CC=C1C=C(N)C1=O
9238,9438,CC(=O)C=C(C=CC[NH1]CCCC1)C1
9239,9439,CCN=NN=NC(C)CCCCC=C
9240,9440,O=C(N1)C(=O)C=C2N=C(F)C=C1C#CC2=O
9241,9441,CCCC(=O)C(O)OC=C(C)F
9242,9442,CC=CC=C(O)C(=O)NC=CC=O
9243,9443,N1=CC=C(O)C(CNC=N1)C
9244,9444,OC(=O)C=CC1=CC=C(N)N(C)OC#C1
9245,9445,CCCNN=CC=CCC(=O)N=CC=CC=C=C
9246,9446,COCCCCC=CC1=C2C=CCC12
9247,9447,NC=CC=CC1=C(O)C2(C3)CCCCC3SC2N1C
9248,9448,CC(C(=O)C)CCNCCC(C)O
9249,9449,CC(=O)NC1=NC=CC(N)=CCO1
9250,9450,CC=C(NC(C)NC)CC1CCC=C1N
9251,9451,NC(C(C)NCCCCC)CCCCS
9252,9452,O1NC(=O)CCCOC1
9253,9453,O1C=CC=C(C)C(C2)SC=CC23C1=C3
9254,9454,CC=CC=C=NCC1C(=O)NC1
9255,9455,CCCSC=CC=C=C
9256,9456,OC=NCC=CC1=CC=CCC1
9257,9457,CC(N)COC1=CC(CC)=CC=C1O
9258,9458,O(CCN1CCCC=CC)CC=C1NC
9259,9460,C1C(CCOC=NSNC=C1)O
9260,9461,CC=CC=NS(CC(=O)N(C=CC=CC)CN)=NCN
9261,9462,CCCC1CC=CN=C(C)S1
9262,9463,CC(C)CC(C)C(N)=CC(=O)N=CC=C(C)Br
9263,9464,CCC(S)C=NC=COC1(C)CN=C[NH1]C1=C
9264,9465,CC=CC=CC=C(O)COCCC=CCC=O
9265,9466,OCCCC(O)=CC1=C2C=CC=C1C=CC=C2CCCCC=C
9266,9468,CC(C)NC1CCC(=O)C=CC=CSOS1
9267,9469,CCC1=CNC=CC=CC=CC(=O)O1
9268,9470,CC1=CCN=C1NC
9269,9471,CC(=O)C=CC1=CC=C(Br)C1Cl
9270,9472,N1(N)CN=CC=CC=C1CCl
9271,9473,N1CCC=CC=CC1(N)CC
9272,9474,CCN=C(S1C=CC=C)C(=O)C(C)C=C1N
9273,9475,NCCCI
9274,9476,C(C)CN1C=CCC#CC2CCCC21
9275,9477,CCOC=CC=C[NH1]
9276,9478,C1CCC=CC=C(C2O)CC1[NH1]2
9277,9479,C(O)CC1(C)CC=2CC1C=NC=2O
9278,9480,C=1CCCCC(C)(O)C[NH1]C=1
9279,9481,CCCCCC(C)CC1CCCCC1(C2)CC=CC=C2
9280,9482,CCCN=CC(C)CC=O
9281,9483,CCCC=CCCl
9282,9484,CNCCCC1C=CCC=C(O)C1
9283,9485,C#CC=CC1=CC=CC=C1S2C(=O)C=C2
9284,9486,CCNC1CC(C)C(Br)=C1N
9285,9487,CCCCCC(=O)CN=CCC=CC=CO
9286,9488,CPC=COCC(=O)N
9287,9489,CC=C(C)F
9288,9490,COC(=O)N(C)CCCC
9289,9491,N1CCCCCCCC(CC)CC1=O
9290,9492,COCC1C2NC(C)C1C2C=O
9291,9493,CCC(C)=CC=CC(C(=O)C=CC=CC)C(=O)N
9292,9494,CC(=O)CCC=C1N=CCC=CS1
9293,9495,CC(=O)CCCCO
9294,9497,O=C(C)CCC1(O)C2=NP=NS2C1CN
9295,9498,NNBr
9296,9499,NCCC(=O)C=S1(C)C(C)CC1C
9297,9500,O=C(O)NC(=O)C=NCCCNC
9298,9501,C=C1C=CC=C[NH1]1
9299,9502,ON(O)NCC(=O)NC(C)=NS
9300,9503,CCC(=O)CCCC1CC(C)CC1
9301,9504,SC=C(S)F
9302,9505,CCNC1=CC2=CC=CC=C2C1
9303,9506,CC=CC(NC1C)C(C)C1CCOC
9304,9507,N=C(C)CC(=O)SCS1C(N)(C)CC1
9305,9508,O=C(C)CCCCCl
9306,9510,C1CCCCCCC=CC=C1C(=[PH1])C
9307,9511,C=NCC(C)=CC(=C)C=C
9308,9512,NC=C[NH1]C1=C(C)C=C(Cl)C1CCCCC
9309,9513,N=NCI
9310,9514,COCOCC1CCC(C(N)C(=C)N=C)C=C1
9311,9515,C1CCNCCCC1
9312,9516,CC(=O)N=CSN1CC2CC1NC2
9313,9517,CCCCCC1NCCCNC1C
9314,9518,CC(O)CC1CCCCC1
9315,9519,CCC12C=C(C)C(C)CCCC1C2
9316,9520,ON=C(N)CNC=NC=NC=C1C2=CCSC1=C2
9317,9521,CNCNC(O)OC(=O)C1=CC(OC)=NCNC1Cl
9318,9522,CC(=O)NC(=O)N1CCCCC1
9319,9523,CN(C)COC(CC(C)C=C)O
9320,9524,C(C)CC(C)CN1C=CC(O)SC=C1C
9321,9525,C12NC1CC(=O)OC=CC=C2
9322,9526,CSN=CC=CC=C=CC=CN(NC)O
9323,9527,C=CC(C)CCCC1CCCCC1
9324,9528,CC=CC=C(Br)C1=CC=C2C=C1C2=O
9325,9529,C1CCCC(C)C(=O)C1O
9326,9530,CC=CC=CC=C(O)C=C1C=CC=CO1
9327,9531,CN1SCC(=O)SCCCCC1O
9328,9532,OC(C1CC=CC2=C1)CC=N2
9329,9533,NCCCC1CCCCC1
9330,9534,C=C1N=NC=CC=CN=CC=CC(=N)C=C1O
9331,9535,CC1CNCCCCC1
9332,9536,O(O1)C(=O)CC(C)=CC(C)CC(C)C1
9333,9537,CC=CC=C1C=CC=CN1C=CO
9334,9538,C=NC=CSC#N
9335,9539,C1OCCCNC(C)=CC=CC=C1
9336,9540,CC1CP(C)C(C)(Br)C=C1
9337,9541,COC(CNCC1CC2CC)CCC21
9338,9542,CC1CCOC=CC=C2CC=CC=C2S1
9339,9543,CC(C1)C=NN=C=CN=CNCCCC1
9340,9544,CC=CC(=O)N=CC
9341,9545,NN(N)C=C1C(N)=CC=C[NH1]1
9342,9546,NC1CCC2(O)C(=O)OC2CCC1=O
9343,9547,CCCC(N1)CCCCC1
9344,9548,CCCC(C=CC=C1CC=CC)=C1
9345,9549,CNCC1=CC=C2C=C1C(O)C2
9346,9550,CC(C)=CC(SC)=CS(O)=C
9347,9551,CCCC=CC(S)=C(C)CC=CC
9348,9552,N1=CSC1OC2CCC(C)(O)N=C2N
9349,9553,CC=C(CN=CC=CC=CC=C)CC1=CC=CC=C1CC
9350,9554,N1C2=CC[NH1]NC=C21
9351,9555,CC=C1OC=CC=C1C2NCCC3C2C=CC=C3
9352,9556,OCNCCCC=C1C(O)=COC1
9353,9557,CC(N)C=CC(=O)C#N
9354,9558,OC1CCCNC1
9355,9560,CCNCCCCC=SN
9356,9561,CC(=C)C(=O)C=CC1=CC=CC=C1
9357,9562,O1C=CC2=C1C=NC=C=CC=C(C)O2
9358,9563,C=NCCCCCC=CC1=CC=CC=N1
9359,9564,CC(=O)SCCC=SC
9360,9565,CC=CCN=CC=C(C)I
9361,9566,CC(C1CCC)CCC1
9362,9567,CCC=CC=CC1=CC=NC=C1C=NO
9363,9568,CCCCCCCOCOCCCC
9364,9569,CNCC=C(C)C(CC=C1C=C(Br)C=C1)Cl
9365,9570,C(C)NC=CC(O)(C)CC=C
9366,9571,CSC=CN=CCC(N)C=CC=C
9367,9572,CCNC(=O)OCCCBr
9368,9573,C1C=CC=C[NH1]CC(F)=CC=C1
9369,9574,C1CC=CC(N)COC(=O)OC1C=C=NCOF
9370,9575,CN=C(N1)CC(C)CC2CCC1(O)C2
9371,9576,CCOC(=O)C=C(O1)C(C)CC1(O)CC=O
9372,9577,CCOC=CC1=CC=CC=C1CC=O
9373,9578,C1CCC=C(C)CC(C)=CN=S1
9374,9579,CC=CC=C1C=C2C=CCC=C2C1
9375,9580,S1CC=CC=C1OCN
9376,9581,C1NC=C2C=CCNC2C1=O
9377,9582,CC1SC(C)OCCN1O
9378,9584,C1C(=N)N(C)C(O)S1=N
9379,9585,CCC1=CC=C2C=C1C=CC=C2
9380,9586,NN=CC(C)C1OC(=O)C=N1
9381,9588,C=CSC1=COC2C=CC=CN=C2C1
9382,9589,SCN
9383,9590,C(=O)N=C1C(C)(O)CC1
9384,9591,CC(Br)NCCN
9385,9592,CSC(C)C(O)C(=O)O
9386,9593,CCCC=CC=CC=C(N)Br
9387,9594,C1C(C(N)C2C3)CC1CCC3C2CC
9388,9595,CCCC(=O)N(C)CCC1CNC(=O)OC1
9389,9596,CCC1C2CNC(O)CC1SC2=O
9390,9597,ON
9391,9598,SC(C)CC(=O)COCCCC
9392,9599,OC=CC(C1)C=C2C=CC1CC2
9393,9600,O(C)C(N)C1=CCCSN=CC1
9394,9601,NC=1CCC=NC=1C2=CC=CC23N=C3O
9395,9602,C1C(C)=NC(C)CCC1C
9396,9603,NC(=O)NCNCCN=C
9397,9604,C1SC=CC=C2NCCC21
9398,9605,CC(N)C1(Br)C=CC=C(O)C1CN
9399,9606,CN=CC=C1C=C=C=CNCN=COC1C
9400,9607,CCC1CCOCC1C=CCBr
9401,9608,NC=CC=CC1=C(N2C=CC=C)C=C1C2
9402,9609,CC(=S)C[NH1]I
9403,9610,C1C=CC=CC=C1CC(C)(O)OC
9404,9611,CC=CSC=CC=C(Br)N=C1N=C(Cl)CN1
9405,9612,CC(CCCC(C1)CCCO)C=NC1
9406,9613,C1C(O)=C1OCC=CC=C
9407,9614,CN(C(C)CC1O)C=CCCONC=CC=C1
9408,9615,CCOC(=O)ONNCN
9409,9616,CC(C)C=NN(Cl)C(N)C(=O)O
9410,9617,N=C(N)C(O)C1OCCCC1CCC
9411,9618,CCC1CCCC2(C)CCCC2=C1
9412,9619,CCOC=CC1=C2C=C(Cl)C=C2C1C
9413,9620,CC=CC(N)CNCCN=P(C)CN
9414,9621,CCCC=CCN
9415,9622,OCCCC=CC1=CC2(O)NC1C=C2
9416,9623,O1C=CCSC1(C2)COC=S3=NC=CC=C32
9417,9624,CC1OCC2C1C=CC=C2
9418,9625,COC=C(C=CC=CC)CCOCS
9419,9626,CC1C(=O)OC=CC=C2CC=CC=C2S1
9420,9627,CC=CC(C(=O)C)=C(C)O
9421,9628,S1CCOC=CC1(C(Cl)C=CN=C)N
9422,9629,NC(O)ON=CN=CC=NN=C=C
9423,9630,CC#CC1=C(Cl)CCCC=C1
9424,9631,CCCCNC(=O)C=O
9425,9632,CC(C=CCCCCC1NCC1)C
9426,9633,C1C=CC=COC=C1OC
9427,9634,CCOC(=O)CNC(=O)C(S)CN=C
9428,9635,C=NCC(O)C(=O)C=CC(=O)CO
9429,9636,O1C(O)C(C)C(O)=CC=C1Br
9430,9637,CCC=NC1=CC=C(C=CC)C(O)C1(C)O
9431,9638,CC(=O)CC1=CC(=O)C=C1C=CC
9432,9639,CC=CC=CC=CC=C1C=C2C=C(C)CC21
9433,9640,CC=C1C=CC2=CC=C(N)C12
9434,9641,O=C=NCN[NH1]C=CC=N
9435,9642,CCCC=CC=C1C=CS[NH1]1
9436,9643,CC=CCN=CC1=CC(C)C=C1
9437,9644,CC(=O)CCC1CC(O)NCCC=CC(C)C1
9438,9645,CCC=CC=CCC(C)C=CC(C1)=C1
9439,9646,CC1=CC=C=C1OCCCC=NC=C
9440,9647,CC=CC(=O)C(C)=NCC1C=CC2=NC=CC=C2C[NH1]1
9441,9648,CN(CCC(C)O)CC1=C(F)C=CC=C1
9442,9649,CC1C(Br)=NC=C1CC(C(O)C=CC=CCC2)O2
9443,9650,CC(C)CCCCC(=O)C1=CCNC1
9444,9651,C1C=CCC(C)=NC=C1C(=O)N=CC
9445,9652,NON(N1)C=CNCCC=NNC(=O)N=C1
9446,9653,OC=CC=C1C=CNCC1=O
9447,9654,COC(=O)CC(C)C=1C2CNCCC=12
9448,9655,C1CNC(N)C=CC(C)=CCN1CN=S
9449,9656,CC=CNC=CC(F)C=CC=C[NH1]
9450,9657,NCCCCCC(C12)CC=CC=C1CCC2
9451,9658,CC=CN=C(O)C=S(C)CCNC
9452,9659,CC1C=CC=C(N)C(F)[NH1]S=C1
9453,9660,C=NS#N
9454,9661,C12C=NC=CC(N)=C1C2NC(O)C
9455,9662,C1CC=CC(C)CC1
9456,9663,CC=COCC=CC1=CC=CC=C1
9457,9664,C=NCC(C)NCC(O)CCCCC
9458,9665,CNSC(C)C#CCC(C1)=CNC=CC1
9459,9666,CCCCC(=O)C(O)C(C)CCC
9460,9667,NCN=CC=CCC(=O)CC=NC=C1C=C1N
9461,9668,CNC(C)C(C)C=C(O)C(C)C=N
9462,9669,OC(CC)=CC=CC(=O)C1=CC=CC=C1
9463,9670,CC=CCCNC(=O)C=NC
9464,9671,CC(=O)NCSC=CC1=C(Cl)C(C)=C1O
9465,9672,CC(O)(P)C1S(O)CCCCCC(C)NC1C
9466,9673,CCCC(C)=CC(=O)NCCC(Br)S
9467,9674,CCC=C(Cl)C=CCC=CC=C1C(C=C)C=C1
9468,9675,COC=CC1=CC=C(O)OC=C1C=O
9469,9676,NCCCC=CC(C=1)NC(=O)N=1
9470,9677,CC(N)C(=O)C=O
9471,9678,CCCC(Br)C=CC1(O)C=NC(C)=C1C=O
9472,9679,CC=CC=CCCCCCCCCC
9473,9680,C1CCC2(C)CN1C(=O)CC2C
9474,9681,O=C(OC1=CC=C(F)C(O)=C1)C
9475,9682,C=CNC(O)CC1(O)C=NC=C1C=C
9476,9683,NCC(COCC=O)O
9477,9684,CCCCCCC=CC1=CS2C3C1C=CC34C2=C4
9478,9685,C1OC(=O)CSN(O)CC=CS1
9479,9686,CN(C)CCCC(C)CO
9480,9687,C=C(C)NC=CC1=C([SH1])CC=C1Cl
9481,9688,NNC(=O)N(N)NCC(C1CC(Cl)=CC)=C1
9482,9689,CCC(=O)SC=NC=C1C=CC=NCOC=C1
9483,9690,CCCCC1NCCCC(N=C)C(C=CCCC)=C1
9484,9691,N=CC(Br)CCCC=CCO[NH1]CC=C
9485,9692,C1C(=O)N=CC(=O)CC=CC=C1
9486,9693,CCC1CCCC1N=CS
9487,9694,CC(O)CC=CNC=NC=O
9488,9695,CC=C(O)CCC(N)C=NCO
9489,9696,O(SC(N)C=NC=CC)C(=N1)N1
9490,9697,CNC(=O)OC(=C([PH1])C(=O)OC1C=CC=C1)C=C=N
9491,9698,NC=CC=CCC(=O)N=C(O)C
9492,9699,OOC=CC(=O)N1OC=CC(O)=C1
9493,9700,CC(=O)CCC1=CC(F)=CC=C1Cl
9494,9701,NCCCNN1CCCOCC1(O)O
9495,9702,NCOC(CCC)CNCCCN
9496,9703,CNC1NC(O)C=CC(Br)=C1O
9497,9704,OC(=O)N=COC(=O)N1C=C[NH1]CC1=CC=C
9498,9705,CC=C[NH1]C=CC#N
9499,9706,COC(=O)NCCN(O)NC=C1C=C=C[NH1]C1
9500,9707,CC(=O)CC=CC(O)CCC=O
9501,9708,CCC(C)(O)C(C(=O)C(C)OC)=N
9502,9709,C=NN(COCN=C)CNC=C1CCC(C2C=C1C=N2)=C
9503,9710,CCCCN=CC(C(N)SC=CC)=CC=CC
9504,9711,C1CC=CCCNC1(C=CC(=O)C)O
9505,9712,C=1OC(=O)CN=C(N)CS=1
9506,9713,N1C=CC1C=O
9507,9714,CCC=CC=CC=C1NCS(C2N)C21C
9508,9715,C(=O)S(CCC)C=CC#N
9509,9716,C1CC=CC=CC=COC=N1
9510,9717,CC(C)CC=NC=NC(O1)C1
9511,9718,CC(O)C(O)C=CC=NCBr
9512,9719,C1(C)CCCCC1
9513,9720,CCCC=S(S)C(=O)O
9514,9721,CC=NC=C1C=CC=NC1
9515,9722,CC=CC=CC=C(O)C(C)Br
9516,9723,CN=C(CCC1C=CC=C1C=O)O
9517,9724,C1C2=C1OC=N2
9518,9725,CN1C(=O)C=NC(O)=CC(N)=C1
9519,9726,C1C=PCPCC=C1N
9520,9727,CCC=CC(=O)N=C(O)N=C
9521,9728,CCCC=CC(=O)CCCC=CN(O)C=C
9522,9729,NC(O)=C(NC)C=O
9523,9730,O=C(C)Br
9524,9731,C=NOC=NC1=CC=CC=C1
9525,9732,C1CP2(=O)OC1=C2
9526,9733,N1=CSC=CC=C(O)CC=C1C(=O)N
9527,9734,CC=CC=CC1C(CCl)SC1
9528,9735,O1C(C)CCCCC1=C(O2)CN=NC2CC
9529,9736,OC=CN=CC#CC=CCC=C
9530,9737,CCCCNCC=NCC(C)C
9531,9738,CC=C(N)C=CC1=CC2=CC=C1NC2NCO
9532,9739,C=CC=CC=C(C)CS=COC
9533,9740,CCC(O)C(C)C(Cl)O
9534,9741,N1C(=O)OC#CN2CNCC21
9535,9742,CCCCC(C)CCCC
9536,9743,CCNC1(C)CCCNC1
9537,9744,NC=NCS(C=CC=CCSC=O)O
9538,9745,COC=COC=CC(=O)OC=CN=O
9539,9746,CC=CSS(O)C(=O)OCCCCN
9540,9747,CSNC(=O)NC(=O)C#CCCC(C)=P
9541,9748,N1CC=CC=CNC=C1CCC
9542,9749,CCNCC=CC=CC=C
9543,9750,OC(CC(=O)OC(C)=O)CCCN
9544,9751,N1=CN=C1NC=O
9545,9752,C#CC1C(Cl)C[NH1]C=NC=C[NH1]1
9546,9753,O=NCCCC1=CC=CC=C1
9547,9754,NCSNN(C)C=O
9548,9755,CC=CC(C)=CC=CC1=C2C=CC=C21
9549,9756,C1CC1CNCNCCCC(C2)CCC=CC=C2C
9550,9757,CC=CC(S)C=CN=C(Cl)C=CC=C
9551,9758,CCCCC1CC=CC=CC1C(=O)N=C
9552,9759,NN(O)C(=O)OCC
9553,9760,C1CC=C1SC
9554,9761,O=C(CNCCCCCCCCC1)CC=2SC1=2
9555,9762,CCC=CC=CC=C(Cl)F
9556,9763,CC(C)(O)CC=CC1C=NN(O)OC=C(Cl)C1
9557,9764,CC=CC=C(N1)C(C)C=CC=C1O
9558,9765,O=C(CN=NC=N[NH1]C)OC
9559,9766,CCN=C
9560,9767,CCC(O)C1CCCCCN=C1
9561,9768,C(C)CCC=O
9562,9769,O=C1C2=C(O)C3=C(O)CCC3N1CC2
9563,9770,C1CC1(CCC=CC)OC
9564,9771,COC=C1C(C=CC=C1C=O)O
9565,9772,C=CC=CC(C)=O
9566,9773,C=C(N)C(N)CCOC=CCC(C)O
9567,9774,NN=C(N)CC=CC=CC1=C2C=CC=C2C1
9568,9775,CCC=CCCCC1C(Cl)CC(C1)C
9569,9776,CC(N1)C(C)=CC=N1
9570,9778,C1C=C1C=CN(N)C=CC=C(Br)CN
9571,9779,CC=CC1=CC=C(Cl)C1OS
9572,9781,NC1CCCC12C=CC=CC=C2N=N
9573,9782,FN=CC=CC=CC=N
9574,9783,C1NNC2C(C)OC1OC2
9575,9784,CC(C1NNCC=NC2=C)C=CC=C2C1
9576,9785,C1CN1C=CCCC
9577,9786,CNC=C[NH1]C(C)OCCCC1=CC=CN=C1
9578,9787,CC(O)C(=O)O[NH1]C(=O)OC1=CC=CC=C1
9579,9788,O1C=C1OCNC(N)C=C2C=CC=CN=C2
9580,9789,C1N=C1OCC=C(Cl)C#CO
9581,9791,CC(C)C1CC=NSCC=C=N1
9582,9793,NCSCC(=O)NC(=O)O
9583,9794,NC=C(Br)C1=CC=C(C)C1
9584,9795,C1C(=CC=CC=CC=C1NC(=O)N)O
9585,9796,OC(=S)OC(=O)OC
9586,9797,NC(O)C1OC=CN=C1N(Cl)C=CC=C
9587,9798,OC#CCC1CC(C)CCC(O)C1=CC
9588,9799,ClC=CC=C(N)NC=CC1=CC=NC=C1
9589,9800,CNC(C)CCCCC=NN
9590,9801,CC(C)CCCCBr
9591,9802,CC(N)CC(O)CC#CC[NH1]CC=CC=C
9592,9803,CCC=NN(CI)CN1CC=CC=C1
9593,9804,CCC(C)CCC(O)CCCCCCO
9594,9805,C=C1CCC=CNC=C(NC(=O)OC=C)CO1
9595,9806,CCCCCCC1CCO1
9596,9807,CC1CC(CNC1C)=NCO
9597,9808,CCCCCCCCC(C=C1C=CC)=C1N
9598,9809,C1C(C)N=C1
9599,9810,CCNC(CC)CC1CC=NC=C1
9600,9811,NCCC12CC=CC=C1NC=C[NH1]C=C2N
9601,9812,NCC1=C2C=CC=C1S2
9602,9813,C(O)=C=C(C=1)NC=CC=1
9603,9814,COC=CC1(N)C=CC=C1C(=O)OO
9604,9815,CC=NC=C1C(C=CCCC)=C1C
9605,9816,C12C=C(C)N1[SH1](C)=CCOC2C
9606,9817,SN(O1)NC=CN(C)C=NN=N1
9607,9818,N1CC[NH1]C=C2C=CC1C=C2N
9608,9819,CC=CC#N
9609,9820,CC=C(O)N=C1C(=O)C=CC=CN1
9610,9821,CNCC=CC(=O)CC
9611,9823,NC=CC1=CC(F)C=C1O
9612,9824,O=C(NOCC(=O)N)CCC1CC=CC=C1C
9613,9825,CNC(C)N(CO)CCC
9614,9826,CCC(O1)C(=O)OCC1=O
9615,9827,CCC(C)OC1CNCOC1C=C
9616,9828,C1N=CN=CN=CC=N1
9617,9829,CC(C)C1CCCC[NH1]C=C1
9618,9830,C1C(C)CCCCNNCC1
9619,9831,C1C=CC=C(O)C(Br)=C1
9620,9832,C=COC(C)=C[NH1]C=NC=CC=CC1C=C1
9621,9833,C=CC=C(C)C1C=CC=CC1=C
9622,9835,NN(C)CCCOC=C1C=CC(C2)=C1OC=C2
9623,9836,CC=NC=CC(=O)OC
9624,9837,N=CCCC(=O)OC=C
9625,9838,O=CC=CC=CC=CNC1=C2C=NC=C12
9626,9839,COC(=O)N=C(O)C1SC2=CC=C1CN2
9627,9840,CC=CPCCCC=CC1=CC=CC=C1C=O
9628,9841,CC1C2CNCCC2C3CCC=C31
9629,9842,O=CC=CC1=CC=C(C2)CC=CC=C2C1
9630,9843,CC1CCC=CC1(CCC=C)OOC
9631,9844,C1C(=O)N(C1CCC(C)=C)CCCC
9632,9845,O(C=CC)CCl
9633,9846,O=CCOCN1C(=O)NC=CC=C1
9634,9847,CC1CCCN=NNC[NH1]C=C=[SH1]#C1
9635,9848,C1C=CC=C(O)C1N
9636,9849,CN=C(N)CC1CC=C(N=CN1N)N
9637,9850,CCCCNCCC(C)N
9638,9851,CN(C)C=CC1=CNC2C=CN1OC2
9639,9852,C=CNC1(C)C=C2CCCNN=C21
9640,9853,OC(=O)CCCCC
9641,9854,CC=NC1C(C)(Cl)OC1
9642,9855,C1#CC=NCOCCCCCC=CC=C[NH1]C=C1Br
9643,9856,COC(C=NCOCN=CC=C)CCl
9644,9857,CC(=O)C(C1)SNC(C)CCCC1
9645,9858,NC(=O)C=NC=C(C=C=CCC)CF
9646,9859,NC=C1N=C(O)N=CC=CCC=NNO1
9647,9860,CC=C(Cl)CCCOC
9648,9862,OSCC(O)N=NC(CN)N=C
9649,9863,C1N=C=CC=CC=NN=C1C=NC
9650,9864,C=CN
9651,9865,CCOC(C)C=CC(O)OO
9652,9866,CCCCCC(O)C(=O)NCCCCCO
9653,9867,CC=CC1=COC=CN2C=NC=CC2C=C1
9654,9868,NC1CSC2=C1C3(C)CCS3C=C2
9655,9869,CNC=CC1(O)N(O)CC1CCCC
9656,9870,C(C)=C(N)CCC=NC1=CC(CO)C=C1
9657,9871,CCCOC(=O)C(O)C(=O)CCCCC(C1)C1
9658,9872,C=CC=CC1[NH1]CC=C(O)N=C(C)C[NH1]C1F
9659,9873,CCOC(=O)OC=CC1(C)CCC(N)=C1
9660,9874,COC=CCC=CC=CC=C(N1C)CC=CC=C1O
9661,9876,C(N)C1NCCCCC=C1
9662,9877,C1=C2C=CC=CC(NC=C2)O1
9663,9878,CCCCCCC1CCCC=C1
9664,9879,COCCC=CC1=CCOC=C1
9665,9880,N1C=C(N)C=NC=C1
9666,9881,C1=CCCCCC(O)S1
9667,9882,COC=CC=C(C)CCC[NH1]
9668,9883,N#CC(=O)N=CC=CC(CCCl)CC
9669,9885,C=CC=CC=NC1C(=O)C=CC=C1
9670,9886,CC1=CC=CN=N1
9671,9887,CCOC=CC=C(CC=CCC1)C=CC=C1
9672,9888,SSCC(N)C1C(CO)CC1
9673,9889,CCCOC=NC=CC=COO
9674,9890,CCCC(C)=C(O)C=CC=C(C)OC=C
9675,9891,O(O)CNC=C1NC(=O)OC1=O
9676,9892,C=CC=CC=C(C=CC=CCl)C=SN
9677,9893,N=C(N)CC(N)OCCC=C
9678,9894,C(=O)NCOC=CC1=CS=CC=C1
9679,9895,C=CNCC=CC=NCCl
9680,9896,CC1=CC(N)=C(Cl)C=CC=N1
9681,9897,CC=C(N)CC1CCSCC1
9682,9898,CCC1CC2CN3CCCC3C1(C)C2
9683,9899,N1(C)C(SNCCC(C)=C)C=C1O
9684,9900,CC=CC=CC(C)NC(F)(O)F
9685,9901,C#CCCC1C(C)CCOCCCCC=N1
9686,9902,O(CCCNC(=O)CO)CNC(=O)NOO
9687,9903,CCCCOC=CC(Cl)C=CC
9688,9904,CCN(O)C=CC=C1CC#CC1C
9689,9905,C=C(N)CCCCC(Cl)(O)C=CC=C1N=C1
9690,9906,C1OC=CS1NCCCCCC=CC
9691,9907,CCCCCC1CCCCC1CC=NC
9692,9908,CC(C)SC=CC1=CC=CNN1NC
9693,9909,C1C(C)(O)COCO1
9694,9910,CCC(C)CCC1CCCCC1
9695,9911,C=1(C)CCCCN=1
9696,9912,CNC=NNC(N)NC(=O)O
9697,9913,COC(=O)C=C1N(S)C(C)COC=C1
9698,9914,O=C(NC=N)C(O)C1C=CC=N1
9699,9915,CC1CCCC=CC(C)(NC=CC)C1
9700,9916,C=SC=CC=C(OC)CC(F)(O)O
9701,9917,CC(C)CCCCCCC(C1)C(O)C(F)OC=C1
9702,9918,N(C)=CC=C(O)C=CC=CC
9703,9919,CCCS(O)C=NC=CC=NC=C
9704,9920,OC(=O)N1C[NH1]CC(O)CN1CN
9705,9921,COC=C(C=CBr)C(CCCCCC)C
9706,9922,NNCCCCCCO
9707,9923,CCCNC=CC=C1C=C(F)N=N1
9708,9924,CC(N)C=C(N)CNCSCC
9709,9925,COCCC=CC=C(O)C(C)Cl
9710,9926,CC(=O)CCCC1N=N[NH1]CNCCC1=O
9711,9927,ONC1CCCC=CCC(=O)OC1
9712,9928,NC(C)CNCCCO
9713,9929,NC1(C=CBr)SN(O)NCCC1
9714,9930,O1C=C(C)SN=N1
9715,9931,CC=CC(S)C=C[NH1]C=NC=CN
9716,9932,CCN1C[NH1]C=CC2=CCSC=C21
9717,9934,C=C(C)CCCCCNC(C)OC(O)=SO
9718,9935,O=CC(C)(C)ONNC(C)(C)CC
9719,9936,NC1CNCCN1CC=CC(=O)C=C=[NH1]
9720,9937,NCCN1C(=O)N=CC=CCC(=O)OC1
9721,9938,CCOCSC=CC(C=CC)Br
9722,9939,CCC1=CN=C2C=C1CCCCCC2
9723,9940,CC(=O)C(C)CNCN=C
9724,9941,CNCOC=CC1=CC=CC=C1C=C
9725,9942,COC=NC(CCCCO)=NC1=NCCC1
9726,9943,O=C(N)C(Br)C1(O)OOC1ONF
9727,9944,CSCNCCCCCC#N
9728,9945,O(C)C(C)CCCC1CC=NC=C1C
9729,9946,CC(=O)NBr
9730,9947,C1CCCCC1CC
9731,9948,C1CC=CC(=O)OC=CC2=C1CCC2
9732,9949,CC=NC=C(N)C#CC(=O)OC=NCC=N
9733,9950,C12OC3CC1CCC3C=C2
9734,9951,C1=CC(C)=C=C1C=CC=CC=CC=C
9735,9952,SSC(O)CCN1CSCC1=C
9736,9953,CCC=C(O)C=C1C=CC=CC=C1CCN
9737,9954,N1=COC1CCCC2=CN=CN[NH1]C2
9738,9955,O1CNC1CCCOON
9739,9956,COC1=CC=CC=C1OS
9740,9957,CSC=CC1=CC=C2C3=C1C=CC=C3C=NC=N2
9741,9958,COC=CCOC(=O)C
9742,9959,SCCCCN(N)C=NNCCCN
9743,9960,O=C(OC)C1CCCCCC(O)C1CCS
9744,9961,CC=C1C=CCC2CCC=C2OCC1
9745,9962,O=C(COC=1OC(=O)ONO)C=1C(Cl)=C
9746,9963,CC=CC=C(N)S1NNC1=O
9747,9964,CC=CC=CC=CCC(F)(F)CC=CCl
9748,9965,[SH1]=C=CC=CC=C1C=CC=CSC=C1
9749,9966,CNC(=O)OC(O1)OC=CC1Cl
9750,9967,O1C(=O)NC=NC(Cl)=N1
9751,9968,O=C(Cl)COC(=O)O
9752,9969,COCCCC=NC=CC1=CC=CC=C1F
9753,9970,CC(=O)N(C=1)OC(=O)C=1NCC=NC
9754,9971,C=CC1=CC=CC=C1NC(C)OCN=C2C=C2
9755,9972,CC#CC=C(CNCC=NC1C)C=CC=C1C(C)=N
9756,9973,N1C(C)C2C(Cl)C=C1CSC=C2CN
9757,9974,NCCN(O)C(=O)N(O)C(=O)O
9758,9975,S(CCNC=CC(=O)N)C=NCC
9759,9976,CCNC=CC=CC=COC(Cl)F
9760,9977,C1C(=O)OS(C)S#CCCC1
9761,9978,C1#COCNC1OCCO
9762,9979,C1OC#CN=CC=CC(Cl)=C1S
9763,9980,N=CC=CC=CC(N)C1=CC=CC=C1O
9764,9981,OSC(=O)[NH1]CCC1=CC=CCC1CO
9765,9982,CCC(C)N1C=NC=CS1C=NCO
9766,9983,C=1C(C=CC=CC)=CC=CC=1CN
9767,9984,C=1CN=1
9768,9985,CSC(=O)NC=C(C)F
9769,9986,COC(=O)SC(=O)O
9770,9987,CNC(N)COC1CC2CCN1CC2
9771,9988,C1OC2(C=C1N=C3C=C)[NH1]C=C32
9772,9989,O=C(O)C(O)C1=CC=CC=C1Br
9773,9990,CCC=CC=CC=C(F)C=CC=CCC#C
9774,9991,O=CC(C)C(C1CC)=C2C=C1OC2
9775,9992,C1C2=NCNC2C1
9776,9993,C=NC=CC1=CN=CC=C1C=C
9777,9994,CNCCC
9778,9995,C=CC=CC(C)C=NCCl
9779,9996,CCCCCC(=O)CC1CCCCC1C2C=CC=C2
9780,9997,CC=CC=C(C)Cl
9781,9998,CC=CN=C(C)N=CC=C
9782,9999,CCC(CC(C)CCCO)C(O)=O
9783,10000,C1#CC=CC(=O)CCC1CCCN
9784,10001,CC=CC1=CC=CC=C1C=C2C=CNCC2
9785,10002,COCC(C)CCNCCCCCNS
9786,10003,OC(C=CCCC1(C)CCC)(O)CS1O
9787,10004,CN(CC(=O)CCCCCC(C)N)C
9788,10005,NC(C=NC=CCC)=CC=O
9789,10006,C(=O)CCCCCCC=CS
9790,10007,C(C)NC(=O)NC(=O)CCNCC=C
9791,10008,C1SC2=C(C)CC=CC=C2SN1
9792,10009,C=CN=CC(NC=O)(O)C=CC=C(F)C#C
9793,10010,O=CC=C=NC1=CC=CC=C1Cl
9794,10011,OOCC=CC1=C(O)C=N1
9795,10012,O1C(C=CC=C(C)N=CC)=C(O)N1
9796,10013,COC(=O)CSC=O
9797,10014,ONC=C1C=C(C2)CN=C1O2
9798,10015,C1NC=C1C2=NC=CC=CC=C2
9799,10016,O=C(O)CC=CCOO
9800,10017,ClC
9801,10018,CCCC1OC=C(C)C=CC=CN1
9802,10019,NC(=O)CNCCNO
9803,10020,NCNCCCS1C(=O)CC=CC1
9804,10021,CN=C1C(=O)NC=C1N2C=CC=NC=C2
9805,10022,O=C(N)C1=CC(C)=C(O)C=CS1
9806,10023,CN=CC=CCCOC(O)CCO
9807,10024,CCC(=O)N(NC(C1)CC)CCC1
9808,10025,CCNCC(Cl)=NCCC
9809,10026,C1OCC=C1OCC
9810,10027,CNCCC#N
9811,10028,COOC(F)CC=N[NH1]C=CC=C
9812,10029,CC(COC(=O)N=CCCl)=C(O)COCC=C
9813,10030,OCCCC=NC=CC1=CC=CC=C1C=CS
9814,10031,O=C(SOC=NCN)C(N1)C=CNC2C=C12
9815,10032,NC1(C=CC(C)=C1)C
9816,10033,O=CO
9817,10034,CC=CC1CC=CN=C1
9818,10035,C=C=CCCCCC1C=CCC=C1
9819,10036,CC=CC=CS=NCCCCC
9820,10037,CC=CCC=CC1=CC=CC=C1N2NCCC2CC
9821,10038,O1C(N)CCC2C(F)CS2CC1
9822,10039,C=NC=C1C=C2S(Cl)N1NC2
9823,10040,CN=C1C=CC2=CS1C(=S)N2
9824,10041,NC12C3CCC1OC3C(=O)N2
9825,10042,O1C2=CC=CCC(Cl)=CC=C1C2=O
9826,10043,CCOC=CC(C)C1C(Cl)=CC=C1
9827,10044,CN(C)CC=C1C=CC=C(Br)C=C1C=CO
9828,10045,NNN(F)NC(C(=O)O)COOS
9829,10046,SC=CSC(=O)C(CC1OC=C)C#C1
9830,10047,CCOCCC(C)NCO
9831,10048,O=C(O)C1(C)COC1
9832,10049,NN(S)C1CC(N)CNC1
9833,10050,OCCC1C(C)C=CC1(N=CC)CC=C
9834,10051,CC(O)C(C)OC=CC1=CN(C=CC=C1C=O)NC
9835,10052,C=CC=C(C1=CC=CC=C1)O
9836,10053,CCC=CC=CC(O)=C(C)CCO
9837,10054,CC=C(C=1C)C2CCCC2C=1
9838,10055,COC1=CC(=O)C=CC=C1NC(=O)O
9839,10056,CC=CC(CN(O)CCCC)O
9840,10057,COC(=O)NC(C1)=CC=CC=C1C
9841,10058,CN(C)C(=CC=CC=CCC)C=C
9842,10059,OCOC(O)C(C)C
9843,10060,C1NCOCCC1(C)S
9844,10061,O=C(C)OC1C2CCCCCCCCC1C=C2O
9845,10062,CC=C=CC=C(Br)C(F)Cl
9846,10063,C1OC=C[NH1]1
9847,10064,C=1C2OC=CCOCC=1C2
9848,10065,OC=NC=CN=C(O1)C2OC=CC1CNC2=O
9849,10066,CCCCC=CC1=C(O)OC(Cl)C1=O
9850,10067,C(Cl)C=NCCOC1C2=NCC1=C2
9851,10068,NCC(=O)C(C)C=O
9852,10069,N=C(C1NF)C(NCC)C2CCCC2=C1
9853,10070,CC(C)CCCOC=C(O1)C=CC=C=N1
9854,10071,CNC1CCCC1
9855,10072,C12=CC=C3C=C1N=CC=CC3NC(C)=C2N=C
9856,10073,CN=CC=C1C2=CC=C(N1CC)C2O
9857,10074,CC=CC(N)CN=CC=CC[NH1]C(=O)C=O
9858,10075,O=NC=C1C=C(C=O)C1CC(=O)C2CC2O
9859,10076,C1CCOC1N=CS2C=C(C)CN2
9860,10077,CNCOC1C=CC1OC
9861,10078,N1C(=O)C1(CC=NC=C2C=C)C=C2N
9862,10079,CC=CC(C)(N)NCF
9863,10080,O=C(CCCC=NC=C)C
9864,10081,COC=C(O)C(Cl)NCOCC
9865,10082,CCSCC#CC=CCOC=CCC=CN
9866,10083,CC(=O)S1C(C(N)CC)CCC=CC1=O
9867,10084,CCC=CCCl
9868,10085,OC=CC(=O)SC=C(C1)OC(N)=C1O
9869,10086,C1C=C1C(C)C=CC
9870,10087,CCCCCCON(O)OO
9871,10088,CCC(=O)NC(C=O)O
9872,10089,CC(O)ONC=CC=CC=C1SC(Br)=C1C
9873,10090,CC=CC=C(CONS1C=C)SC=C1
9874,10091,CCCCC=O
9875,10092,CC(C)NCCNCC(=O)O
9876,10093,P=1OC=1CCCC(=O)O
9877,10094,C=CCC(C)C=CC1=CC=CCO1
9878,10095,CCC=CC=CC(CC)N=C
9879,10096,CCC1C(N)COC2=CC1(S)N2
9880,10097,N=CC1C=NC=C1SCNCl
9881,10098,CCCCN1CCNCC1C=CCCCCCC(C)(O)S
9882,10099,N1C(=O)C=CC=C1C=NC=CC=CC=N
9883,10100,CCCOC(=O)OSCSCC
9884,10101,CC(=O)CCCCCC1NCCC1
9885,10103,CCC(C)(C)C1OC=CC=CN(CC=CN)C1
9886,10104,O=C(C)OCCC#CCNCCCN1C=C1
9887,10105,CC=CC1=C(N2)OC(C)CCCC12
9888,10106,C1CC(C)=CCCCC1
9889,10107,CCCC[NH1]NC=CC=C1C=C(O)C=C1
9890,10108,CC=NN=C(N)CC=CN=N
9891,10109,N1C(C)CCC=C1
9892,10110,CN(C)CNC1=CC=CC=C1
9893,10111,CCCCCNCC(C)C(O)O
9894,10112,CCC(NC=O)CC
9895,10113,CCCC1C2=CSC(=O)N2CC1(O)C
9896,10114,C1=SCCSC(=O)OC1
9897,10115,CC1=CC=CC=C(Cl)C=CC=C=COC1
9898,10116,CCCS1C(C)CNCCCC=NC1
9899,10117,C=CC(C1)=CC=CC=C=C1C(=O)CO
9900,10118,CC1(C)C=CC=C1C=O
9901,10119,CC(C)C=CC=C(Cl)CCCl
9902,10120,CCCC=CN=CC=CCCC=1NC=CC=C=1
9903,10121,OC=C(Br)CC(=O)C=O
9904,10122,N1C=CC=C[NH1]1
9905,10123,CNCNC1=CC=CC=C1
9906,10124,[NH1]C(C(OC)C=C)C(F)C(Cl)C
9907,10125,N1CCC=C(N)CC(=O)S1N
9908,10126,CC=CC=CC=CNS(C)C=O
9909,10127,C=CC=CC=CC=C(Br)C1=CC=CC=C1
9910,10128,CCCCCCNN(O)C=NSSC
9911,10129,NOC1=NCCC=C1CCC
9912,10130,OCCOC(=O)C=CCC=C(CCC)C
9913,10131,CC(O)CCCCNC(=O)NC(=O)O
9914,10132,CC=NC1[NH1]C=CC=C1CC=CC=C
9915,10134,C1CCCCCCC1
9916,10135,NN=CC=C(CCC1=CCC=C1)O
9917,10136,CC=CC(COC)=CC=CN=C
9918,10138,CCCN(O)C1CC=SC=C1
9919,10139,CCC1(O)C=NC(C=CO2)C1(C)C=C2CNCN
9920,10140,CCCCOC(=O)NCCCC
9921,10141,CC1OC=CN=CCCS1N
9922,10142,COC=CC=CC#C
9923,10143,CNC=S(C)=CC1[NH1]C(=O)C1F
9924,10144,C1CCC1SNCCCC(=O)N=C
9925,10145,O=C(C)CCC(=O)C=C(CCCNC)CCN
9926,10146,CNN(C)CF
9927,10148,CCC(NCC#CC#CC)CC1CC=CC1
9928,10149,CCC=CC=C1N=CCN(O)OC1=O
9929,10150,CCC(C)=CC(C)CCCCC(=C)C=NN=C
9930,10151,CCCCCCCCCC(=O)CNCCCCl
9931,10152,CONCCC1C=CC=N1
9932,10153,CCCNCC=1C(CC(O)C=1)=C=NC#C
9933,10154,C(C)CCC=CC=CC=CC1=CC=CC=C1C
9934,10155,O=C(CCNCN=CC#S(=N)CC=O)OC=C
9935,10157,CC=CCCC(N)COC(=O)O
9936,10158,COCC(=O)SC=NC1=CC=C(NC1CO)C
9937,10159,COC[NH1]CCCCCNCCCCCl
9938,10160,N=C(S)N=C(O)N=CC=CC=C(N)C=O
9939,10161,NC(C=CNC)C1C(=O)NC1CC
9940,10162,COC=CC1=C(C(=O)NS)C1NCC
9941,10163,O1CCCC(C)(C)NN=C1
9942,10164,CCC=NC(C1)CSCN1
9943,10165,CCCCCCC=CC(O)CC(=O)O
9944,10166,NC(C)P(=O)OCC1NCCCC1C
9945,10167,CCC(C)CC(N)CN1CCC2C1C2O
9946,10168,CCCOC(=O)COC=C1C=NC=CC=C1OS
9947,10169,FSC(=O)OC(S)C=NC(S)C=C
9948,10170,CC(O1)C12NCNS2=C
9949,10171,C=CC=CC=CCC1N2CCCC12
9950,10172,C1CSC=C=C1C=CC=CC=NN
9951,10173,CCC(C=CC1N)C=C=N1
9952,10174,CCCCSCS1C=CSC(O)C1=N
9953,10175,NC(CN)CC=COCC1=CC=CC=N1
9954,10176,CC(=O)NCCOC=CC=O
9955,10177,CCCC=CC=CC1S(Br)C=CC=C1O
9956,10178,CCCCC=NC=O
9957,10179,CC=C1NC(=O)C=CCN1
9958,10180,CC(C)CCC(=O)C1OCC=C1C=CC=C
9959,10181,CC1CC=C2CN1C=C2C=CF
9960,10182,C12ON(O)CC1=C2
9961,10183,CN(Br)C(C)C(C=NC=CC=CC=CS)C=CC#C
9962,10184,BrCC(C)C(C)C(=O)OC(O)=C
9963,10185,C1=C2CPC=CC2=C1N
9964,10186,O=CC=NC1=C2C=NCC=CC=C1S2
9965,10187,CC=CC(C)NCSO
9966,10188,N=CC=CCN1C(N)=CC=C1
9967,10190,C1OCO1
9968,10191,NCCCCCC(N)C(C)=CC=CC=CC1=CC=C=C1
9969,10192,C=C(O)COC=CC=CCC=NN
9970,10193,NS=C
9971,10194,CC1C=NC(=O)NC(O)C2=CC1(N=C2C)N
9972,10195,N1N(O)CC2=CC=CC=C2NP1
9973,10196,C=1NC=1CC[NH1]C=CC=C2S(N)C=CC2
9974,10197,CCCCC(C)CCCNC=CC=CCOC1=CC=CC1
9975,10198,N=PC(C)C=O
9976,10199,N1CCC2C1C(C)CCCC3C2C=CNC3
9977,10200,CNC1=NC=CC=C1
9978,10201,CN=C(C)C1CC(N)C#CC=C1
9979,10203,CC=CCOC(=O)NCCC(=O)C(C)C=CC
9980,10204,CC(C=NCN(C)C1C)CC=CC=C1
9981,10205,NC(=O)C1CC(C2)=CC=CC(NC)(O)C1C2CCO
9982,10206,C(O)C(=O)OC=CC=CC=NCCCNC
9983,10207,CC1C(=O)OC(=O)C2=CNC=CC=C1N2
9984,10208,NCCCC1SCCSCC=C1N
9985,10209,O=CC=C(Cl)C(O)COC=C[NH1]S
9986,10210,CC=NC=CC=C(CC)C12OC=C3C=CN1C2C3C=O
9987,10211,CC(=O)N=C1N=CC=C(F)C(N)C1Cl
9988,10212,OC(=O)N(O)C1=CC=C(OC)C=CO1
9989,10213,CC(C)OC(C)C(C)C1NC=CCCCC1
9990,10214,CCC=CC=C1C=C(CC2C1N=CC)C2=CC=C=C
9991,10215,CCC(O)CC1CN=CC=C1C(=O)O
9992,10216,NC(Br)C(O1)C(C)(O)SC=NC1=CC=C
9993,10217,NF
9994,10218,N(C)CCCC=CC=CC1CC=CC=C1CP=O
9995,10220,COC#CC=CCC=CN
9996,10221,CC=CS1C=CC=N1
9997,10222,COC=NNCCC(O)C(=O)O
9998,10223,O=C(S)CC=C1C=C(C)NC1=CN
9999,10224,NC1=NC=CC=C1
