,Unnamed: 0,Smiles
0,0,COC=CC1=CC=CC=C1CC=CC=CN
1,1,CCCC=1CCCCCOC=C=1
2,2,CC=C(O)C1SCCCC1
3,3,CC=C(C)CNN1CC=C2C=CC=CC1=C2NBr
4,4,CCOCOC(=O)CCCNC=O
5,5,CN(C)CCCCCCC(=O)C=C1C(F)=CC(O)C1
6,6,CCC(C)CCCC1C=CC=CC=C1C
7,7,CCCC(C)(C=CO)C=CC=C(CO)C
8,8,C1=C(N)CCC(=O)C2C1C=CC=C2OCNC
9,9,NC=CN=C(Cl)C=CO
10,10,C=C1NC(O)C2=C1OC=C(C)CCNC2=O
11,11,NCOC=CC=C[NH1]
12,12,O(N)C(=O)OC=CC
13,13,CC1OC=C(C)C=CC=C1
14,14,NC(N)=CCCCC(=O)SC=C
15,15,CC=CC(C)C(N)C(=O)COCC=CC=CCC
16,16,COC=CC=CC=CC1=C(CCl)C1C
17,17,NC(=O)C=CC=C1C=C(Br)PC1CC=C
18,18,NCC1OC=CC=C1C(SC2)=CC=CC=C2[NH1]N
19,19,NC=1C=C(N)COCOC[NH1]C=1
20,20,CCN(C)C1CNCCCCCCCNC1C=O
21,21,CCOC=NSC(S)C=NC(Cl)=O
22,22,C1CC23C4OCN2C4=C1C=CC=C3
23,23,CCN=CNC=NC=CC1NC(O)C1C=O
24,24,OCC=NCN=CC=CC=C(Br)Cl
25,25,CN=C(C)C(C=NC)(O)CCl
26,26,CCC1C=CC(C)CNCCCCC1=O
27,27,CCCC=NC=CC(N(O)CCCC=1)C=1
28,28,CC(O)CCCCC(Br)=CSC=S=NC
29,29,C1=CC=C1N(O)CN
30,30,CCCCC=CC=CC=C[NH1]C=O
31,31,NCC=NCCC1CCS=CS12C=CC=C(Cl)N2C
32,32,CC=C(C(C)NCOC)OC1OCCC1CO
33,33,OC(=O)C1(CCl)CCC1F
34,34,CC1(C)C2CC1C3=CC=CCN=CS2C3
35,35,OC(=O)CCSN=C(O)C(Br)=CS
36,36,CC(N)CCC(C)COCCCC(C)CO
37,37,CC1=CC=CC=C1C=CC=O
38,38,CCOC1=CC2=CC=C1NN=C2
39,39,CSC(=O)OC(=O)C(O)=C=N
40,40,OC(C1)CCCCCCCC(O)=C1
41,41,C1OC=CC=C1C2CCCS2C
42,42,CCC(N)=CSC=CC1=CNN(C)NCC1
43,43,CCCC(S)C(=O)CSCNSCCC#CN
44,44,C1OC=C(C)CCCC(C)=C1O
45,45,C1CCONC(=O)C=2S1COCCCC=2
46,46,CN=C(C)CC1CCC(O)C1C(C)O
47,47,CC(C)C=CC=C1C=C(SC)NC=C1
48,48,CCSC(C)=C(O)C1=NC=CC=C1Cl
49,49,O=CC(C(C)C=N)(C)CC[NH1]C=NC=C
50,50,CC(C)C(=O)C(O)CC(=O)O
51,51,CCC1CC=CC=C1C
52,52,CCCCC(=O)NC(C)OOC(CN)CN=O
53,53,C1SC(=O)C(C)C=CCCSC=C1
54,54,N1CCCNC1C=O
55,55,CC(C)CNC(=O)OC
56,56,COCN=CC(O)C1SC=CC=C1
57,57,C1OC(=O)OC1(CC=NC=CC2=C)P=CN2
58,58,CCC(NN=CN(O)N)=C(N)C1=C(S(=O)N)CSC1(C2)C2
59,59,NCCCCCCC(C)C
60,60,COCCOCCC=CCCCC
61,61,CCCC=CN=C(O)C=NC=C
62,62,C1=C(CCSC=CC=C1C)C
63,63,CCC=CC=C[NH1]N=CC=CC=CCl
64,64,O=C(NCCCC(O1)CC=CF)COC1S
65,65,C=NC=O
66,66,C1=CNOSC(=O)OC=CC=CN1Cl
67,67,OCOC1=C(N)CC(N)=NC=CC=CN=C1S
68,68,CC=C(CCC1C=C(O)CC=CCCl)C1
69,69,O=CN=CC=CC=C1C=C(O)N1
70,70,SC(=O)CF
71,71,C1C=CC=CCNC=C1Cl
72,72,CC=C1C=CC=CC(C)C=C1
73,73,N1C(N1NC=CC2=CN=CC)=C2C=O
74,74,CC(C)CCNCN=CC=CSC=N
75,75,O=C(O)CCC=CC=C(O1)C1O
76,76,CC(C(O)CC1CC)CC1CO
77,77,CC=CC1=CC=CC=C1
78,78,CNCCC(=O)C(O)C(O)C(O)=CC=CC(=O)OC
79,79,OCCC=CC1=C(Cl)N=NC=CC=C1
80,80,CC=CC=C(C1)SC(=O)N2C=C1C=CN=C2
81,81,CCCC=C(C)Cl
82,82,CCCCC1=CN=CN=C1CNC=C
83,83,CC(N(C)CC1)CC=C2C=C3C=C2C=C3CCC1
84,84,NCOC1CCC(C)C=CC1
85,85,CNCCC(C)(O)C(=O)C=CN=CO
86,86,O=CSNC=CCCC=C(C=NC)CC=CN=CC=CCC=O
87,87,C1C(=O)NOC(=O)OC1NCCC=CC=C
88,88,CC=CC=C(C1)C(C)=CN=C1C=NC=C
89,89,O=C(C)NN=CCCN(O)CO
90,90,C=COC1=CC=CP(=C)CC2=CC=CC=C21
91,91,CCC=CCCCCC
92,92,NCC[NH1]C(=O)OC(C)CCCC=O
93,93,O(N)C(=O)NC(C1=O)CCCC2CC=CN2CSC1
94,94,O1C(C)O1
95,95,CCCCCNCCCCCO
96,96,C1CN(C)C=CCN1
97,97,CC(C)C=CC(C)CO
98,98,CCCC=CC(N)=CC=CC=N
99,99,CSCCC=1C2CCC=1CC2N
100,100,O1CC12CCCC#CCC3CC23O
101,101,N=1C=CC=C(C)N(O)OCCC=1
102,102,COC1=C2C(C=C1CCC)N=N2
103,103,C=1OC(=O)C(CNC)(O)NC=1C=C
104,104,C1C(C)C=NC(C2)C(N)CNC2S1N
105,105,CC(=O)NCCCCCCCC
106,106,O=C(N)CCCl
107,107,CCC=C(O)CC(C)=C
108,108,COC(C)=CC=C(N)CC=C1C=CC=C1O
109,109,N1C=NC(N)CC=N1
110,110,CN(C)NC=C(C)C1C=CC=C1
111,111,CC1=C(C)C(C2)C(C)NC2C=CC(C)CC=C1F
112,112,CSC(C)N(O)N=C(O)C1=CC=CC=C1
113,113,COC=CC=CC(O)=CC=C
114,114,CCC(=O)C1=CCSC=C1CCC
115,115,CC(Cl)C=CC=C[NH1]C=CN=CCO
116,116,N=CCCC(=O)CC=CSN=C[NH1]
117,117,CCOC(=O)NC1=CC(C)=C1C=CO
118,118,N(C)OC=NNC=CC(=O)C=O
119,119,NC(C)CC=O
120,120,N1C(=O)C(=O)NC1(CCC)C=CC(Cl)=C
121,121,C=1C=COC(CN(C)Cl)C=1
122,122,CC(C)N=CC=CC=C=NC(NC)CNC
123,123,NCCNN(C)CCCCCCP
124,124,CC=NCNCC=CC1C(C)OC1C=NCF
125,125,CC(C)CCCCCCNCC
126,126,NCCCCCCOC=CC=CCl
127,127,O(O)CCCCC(C)(C)COC1OC(C)=CC1C
128,128,CN=C(C)C=O
129,129,CCNCCN=NCCCCCCCC
130,130,CC1(OCCCC)CCCNCCC1
131,131,C1(C2C=CNC=CCN)=C2[NH1]1
132,132,NC(C(=O)CCC)CCN
133,133,CC(N)CC
134,134,CCNC(=O)NC=CC=CC1(Cl)C=CC=C1C=C
135,135,OC=CC(=O)C[NH1]CS1(F)(O)C=CC=C1
136,136,CC1(C)C=CC2C3=CC=CC2=C3N1
137,137,CCC(C1)C=NC(N)C(O)N=C1
138,138,CC=CC(C1)=CC=CC=C1Cl
139,139,CCNC(=O)C=CN=CC1=CC=CC=N1
140,140,CS#CC=O
141,141,C#CC=SN1CCCC1CCCC=N
142,142,C1NN(C)OC=CS1CCCC
143,143,OC=C(Cl)C(N)=CNC(=O)OC=CC=C
144,144,O(OO)C=CC=CCCN(O)O
145,145,NCCCCC1P(O)OC1
146,146,OC=CC=C(CC)OCO
147,147,CC=CC=CCCCC(=O)OCO
148,148,C=C(C=CCC1N)C(CC(Cl)CO)=CN=C1
149,149,C1(=O)OC1CCC(=O)O
150,150,C1C(=O)CC1C2=CC3=CC=C2CC3(C)O
151,151,COC(=O)OC=NC(C1=CC=CC=C1C=O)O
152,152,O=C(N1)CC2N3C1C4=CC=C(C=C4)C2=C3
153,153,NCCCCC=1C=CC=C(S)CSCC=1Cl
154,154,CC=CC(C)(C1CNCCCCC)C=C1
155,155,NC=CC=CC1=C2C=CC=C1N2O
156,156,C1NC(C)=NC(O)=C1
157,157,NC1C(=O)OCC(C)CCC1
158,158,CC(C)CCOCCCSNC(C)I
159,159,CN(C)CCOC=O
160,160,C1C(=O)O1
161,161,CCCCCCCCN=CC=C(S1)N=C=C(O2)C2=C1
162,162,O=NC1=CN=CC=C1
163,163,NN=CC=CC1(O)C=CC=C1
164,164,OC=C(CC(=O)SCC)C=NC1=CC=C[NH1]1
165,165,CC(C)NCC=C1CCCNS1
166,166,C1C(C(C)C=C1N)C=NCCCO
167,167,C=CNC1CC(C2)CC(C)CC2C=C1
168,168,NCC(=O)CCOC=1CCCCC=1
169,169,ONC(C)(C)CNC(Cl)CC=C
170,170,CC(=O)CC1=CN(C)CC(=NN)O1
171,171,CCCNC(N)COC(=O)OC(O1)CCC1C
172,172,C=CC1=C(O)CNC=CC#CC=N1
173,173,S1SSC=C1COC(=O)O
174,174,N1C2=C(CC=C(C)C1C)CN2
175,175,CC(C)CCC[NH1]CC(C1)=CC=CC=C1
176,176,CC=CC(C=CC=C1N)=CN=CCNC(C)C1
177,177,CC(C)CC1C2CCCC=C1C2
178,178,C(Br)SC1=C2C=CC=C1C=C2
179,179,CC#CC=CC=C(F)CCOC(C)C
180,180,N#CCC=NNC(C)OC#CN
181,181,NC(=SNC)CC1CCC(C=CC)=C1
182,182,C=CCC(CCCC1=CBr)C2OC1NCC=N2
183,183,CC=C(Cl)C=CSC(=O)O
184,184,CCCCC1=CC=C2C3=C1CCCC2CCN3
185,185,N1C=C[NH1]C(N)[NH1]1
186,186,OC=CC=C(C)C=NN=CC(=O)ON
187,187,CCCCCC(=O)OC
188,188,CCC1CC=CC=C1I
189,189,CC(C)CNCCCC=CC1=CCC=C1
190,190,O=CCOC(=O)C(O)C=O
191,191,CC=CC=CC=CC=C(N)C(=O)NC
192,192,CC(=O)C=O
193,193,NCC=CC=C(C)C=O
194,194,CSN=CS(C=C1C(O)=C)N=C1[NH1]
195,195,O=CC1=CC=CC=C1C(=O)O
196,196,CC(O)C(C(=O)C)CC1CCCC=C1
197,197,C1=CNCCP(O)C1
198,198,COC=CCNC(CC1)NC(O)CC1C(O)CC=NC
199,199,CCCC=CC=CC=CC1=CN=CC=C1
200,200,CN=C(N)COC=O
201,201,CC=CN(Br)CCl
202,202,O=C(C)C(C)COC(F)=CF
203,203,OC=CC=CC=C(C(=O)CON)C(O)=C
204,204,CCN=NCF
205,205,O1NC=C1NC(=O)NC=SO
206,206,O=C(C)C=CC=CC=C
207,207,CCCCC(C1)OCC=CCC=NN1
208,208,CCPC(N)C(C)C(=O)OC1=CC=CC=C1
209,209,OC(CCCC=CC=C1C)=CC2=CS21
210,210,CCCC1CC=CC=C[NH1]C=N[NH1]N=CC1
211,211,CC=CC=CC(C)(O1)C=CC=CCN=C1
212,212,CC(C)NC
213,213,C1CCC=CC=C1CCCCCCC=O
214,214,NN(O)CCNCCNCCCCCCO
215,215,CCC(=O)NCOC=CC=O
216,216,CC=CC(OOC(O)C)(O)OC
217,217,N=CC(=O)N=C(N)C(=O)NC=NC=C
218,218,CC=CC1(CC2CC(O)C)CC1CNC2
219,219,CCC=C(S)C1CC=CC(OC)C2CC=C21
220,220,C(=O)C=CC=CC1=CC2=CC=C1C=C2
221,221,C1OC(=O)C2=CC=CC=CC=C12
222,222,CCOCC(O)C(=O)O
223,223,C=1CC=CC=1C=CC2=CC=CC=C(C=CC=C2)C
224,224,CO
225,225,CC=CC(=O)C1(C)CC=CC=CC=C1
226,226,C=NC=C(N)C1=SCC=C2C=CC=CC=C2NO1
227,227,CCC1CN(C)NC1C=NC(N)C=CC(=O)O
228,228,COC(O1)C(N)CNN1ONCCN
229,229,N1COCCCC(C)[SH1]SC1
230,230,C=C(N)C(C)=CC=CC=CF
231,231,CC(=O)C=CC1=C2C[NH1]C=C1C2NC
232,232,CCC(=O)C=CC=CC1CCNCC1
233,233,O(C)CNC=C=C(O)Cl
234,234,CC(S)N(C)CCC=C(C)F
235,235,C#CC
236,236,CF
237,237,O(O)NC=NCC(Br)CO
238,238,C=CC=CC=C(C1=C(Cl)C=C)C=C1Cl
239,239,CC=CC=1C(=O)O[NH1]C=1
240,240,COC(=O)NCCCC(=O)CON(N)NO
241,241,O=CC=NN(O)C=CC(CC)(O)O
242,242,O=CC=CC=CC=C1C(C)=CC=C1N
243,243,CC=CC=CNCCC=C(C)NCC1OC1
244,244,CC(C)(O1)OCC=C(Cl)C=NC=C1
245,245,C1CNCCC(Cl)(C2CC1CN)C2C
246,246,C=1OC(O)ONC=1C(C)C(C)C
247,247,CC=CC=C(C)CCSC
248,248,CCCCOC=CC=NC=C1C=NSC=C1
249,249,CCCCCNN=C1C=CC=CN1C[NH1]C=O
250,250,CN=C(N)C#N
251,251,CC(C)CCNCCCCCCCl
252,252,C=C(C)NCCCCCCCCC(C1)=C(F)CN1CC
253,253,N1CCCC(C)C=C1C(=O)S
254,254,COC=CC(O)C=CC=C1CN=C1N=[NH1]
255,255,C12CC1C=CC(O)C(=O)C2
256,256,CCCCCC(C)NCCCC
257,257,CCC(O)C=SC[NH1]CC(N)=CN
258,258,CNC(C1)OC=CN=C1C=CC=C=O
259,259,CC(C1)C=C(O)C=CC=C(O)C=N1
260,260,C1OC(C)=C1CCOC
261,261,CCCOC(=O)C(C1)C=CC=C(Cl)C1
262,262,NCOC=CS1C=C(O)CCC1
263,263,NN=CCOC=C=O
264,264,CCC=CCC=CN=CC
265,265,[SH1]1=CC=C(C)CCCC(C)(I)C1
266,266,C#CCCCCOC1=CC=CC=C1
267,267,CSC(=O)CNCCCC1CCCN1
268,268,C=CC1=CC=CC=C1S
269,269,CCCCCC(C)(O)SC(C)Br
270,270,CC=NC=CC=CC(=O)CC(C1)O1
271,271,O1CC(NC)(O)C=NCC1
272,272,OC=CC=CC=CC=C(S)C1=CC=CC1
273,273,CC1C(N)CCC1C=CC=CN=C
274,274,C=CNC1CC=CC=C1OC=CC=C
275,275,CC=CC=CC=C(CC)NC=CCl
276,276,C=C(C(=O)N)CCN1CCC=CCC(CC)C=C1
277,277,CCC(=C1CNC=CC(=O)O)C=CC=C1
278,278,O(C)S=NOC=C1C=CC=CC1C=O
279,279,CCCCCCSC(Br)Br
280,280,CC[NH1]C=C(CSCNCCCC)C=O
281,281,CCC1C=NC(=O)N1
282,282,OC=CCCCCCCN=C=S
283,283,C1NC(O)C2C=CCC(=O)N2C1
284,284,CCNC1=CC=CC2=C1C=NC3=C2C=CC=C3
285,285,COC(C)OC=CC(C)C(Cl)CO
286,286,CCOC=NC=C1C=CC=C=N1
287,287,O1CC1C=O
288,288,CCNC=NN=CC=CC=C[NH1]C=CC#C[SH1]
289,289,C(O)=C=C(N)C=CC=C(C)OC=C
290,290,N=O
291,291,N=1C(O)C=1CN=CC(F)=C
292,292,N1C=CC2=C3C=CC=C2C3CC1COC
293,293,C1OC=CC=CN=C(NCC1=C(C)C2N)CN=C2O
294,294,C1=CCP(=O)NNC2CC1NCC=C2
295,295,CC(C)(CCC)NS1C(Cl)=CC=C1
296,296,CN=N
297,297,FC=CN=C(O)C=C(O)C(Cl)Cl
298,298,CCSCOC=CC=C(O)C=C=C
299,299,CNCNC=NC=C1C(N)CC1
300,300,CCCC1CCCCC1
301,301,CCCC=CC1SC=CC=C(CC)NS1
302,302,NNCC=N
303,303,C=NCBr
304,304,O1C=CC=C2CC=CN=C2C=C1
305,305,CCCl
306,306,CC(C)OC1CCC=SC=CC=C1C
307,307,C1=CC=CC=C1
308,308,CC(=S)CCCC=NC(=O)O
309,309,O=CC(C1C=O)(O)CC(=O)N=NN1CCC
310,310,CC(CNCC=O)C=O
311,311,CCC1CC=CC=C1C2=CC=CC=C2
312,312,CC=CC(N=C1C)=C[NH1]C=C1
313,313,OC(=O)CCC1C(C2)(N)NCSCC2CC1
314,314,O=CCNCCCCOSC
315,315,CC(Cl)CC1OC(C)(C)CCC1C
316,316,CSC(=O)CCC(=O)COCC1N(O)C2=CC=C1C2
317,317,CCNC(=O)C(O)C(CC)CC=S
318,318,CC=CC=C(O)CC=C[NH1]
319,319,O=C(O)CC=CSC(C=CC)=CC=CCl
320,320,O=CC=C1CC=CC=CC=CC1C
321,321,CCCC1C(C)C(=O)OCSCC1
322,322,NC=C(CCCNCCCl)CCC#CCl
323,323,O=CCSSC(CBr)O
324,324,CCC=1CNCCCC(C)CCCN=1
325,327,COCNC=CC(I)=CC=CC
326,328,C1C[NH1]C=NC=CC=C(N)C1=C
327,329,NC=C1C=CC=CC=C1SC=CC=C
328,330,OCCC(=O)OCC=NC=CC=CC(C)NO
329,331,O1CCCCCO1
330,332,CCCC=NC=CC=CC1C2=CC=CC=C1O2
331,333,CCCC=C(Cl)Cl
332,334,O=CC=C1C(N)NCC1
333,335,CCNCC1CCCNC1
334,336,CN=CS=CC(=O)NCl
335,337,CCCNCCCOCO
336,338,NOC=O
337,339,ON=C(C)C=CS(=O)CCCCCC=O
338,340,NC=NC=CC1=CC2=CC=C1C=C2N
339,341,N=CC1C=C(O)C=NC=C1N
340,342,N=C(N)CNC(=O)COC=C
341,343,CCNCCP(N)=CC=CC(C)Cl
342,344,O=CC=C=C1COSCC1=N
343,345,CNC=CNC=CC(O1)=CC=CC=C1CCC
344,346,CC(C)=CC=O
345,347,C1CSCCCC1C=C2C=CC=C2C
346,348,CC=CNC#N
347,349,COC(=O)C=CC=C(CCCCN)CP
348,350,C1COC=C1NCO
349,351,CCC(N)(O)C1CCCCCC(O)C1
350,352,CC=CC(=O)OC=C1SC=CC=C1CCC
351,353,C1NC1CCCCCCCC=C=C(CBr)C
352,354,OCC(C)(O)OC(=O)O
353,355,CC1C=C[NH1]C=C[NH1]C(=O)NS1
354,356,C=CC=CC=C1C=CC#C1
355,357,NN1C(=O)OCCCC(O)C1
356,358,CCC(C)C(C1)CNCOC=CCCOC=C1
357,359,NCN=CC=CCC=S
358,360,C=NC(CC)N1C(C)C(N)C(O)=C1
359,361,O=NCCC(=O)C=CN(C)C1SC=CC=N1
360,362,CCCC(C1)=C=C1ONS
361,363,COCCC=CC(=N)N=CC=CC=NC=C
362,364,C=12NC=CC=NC=CC=CC=1C2
363,365,N12OCC=C1CC=CC(=O)O2
364,366,N=CC(CC=SC=O)N=CC1=C(OC(O)C1)C(=O)C2CC2
365,367,CCOC(=O)N1CCCC=C1
366,368,C=1CC=C(C2N=1)C=CC=C2
367,369,OCCCSC(C)CCC
368,370,NCCC1C=CNC(C)=C1O
369,371,CN(O)CNC1CCCCCNCC1CN(CC)C=CO
370,372,CCCCC1(CC)CCCCCCO1
371,373,C1CCCC1C(C)CCS
372,374,CNS(C=1)OCC(=O)OC=1OCC=O
373,375,C1CC(C)C(=O)C=C1OCC
374,376,NC(=O)C=CSC(=O)NCCON
375,377,CCC(O)C(=C)CO[NH1]
376,378,OC=CC=C(Cl)CCCC1OC=C1
377,379,C1=C(C=C2C=C=CC=C2)NCCC1
378,380,O(N)CC=C
379,381,OCC(O)CC=CC=CC#N
380,382,CCCC(C)=NC=C1C=CC=CC=C[SH1]OC1
381,384,C=CC(=O)N(N)OC1=CC=C(OC)CN1
382,385,CCCCCCC=C[NH1]C(=O)C=CC=C(Br)N
383,386,C1C=2CCCC=2COC1
384,387,O=CC=CC=CC1=CC=CC=C1
385,388,CCOC=CC=CC1=CC2=CN=CS21
386,389,CCN(C)CCCCOC=NNC=NC=C
387,390,C=1CCC=1C=NC(CC=C(CO)C)(C2)C2
388,391,CC(C)CC=NCCC=NCC1CCN=C1
389,392,CCCCN=CN=CC=C1CCC=N1
390,393,CNCC=CC=CCOC(Cl)=CCOC=C
391,394,C=CC=C
392,395,CN=C(C)CCCCCC(=O)C
393,396,CCONCOC1=CC2=CC=C1C2C
394,397,C1CCC2C1C(I)C(CO)=C2
395,398,COC(C)C1NCC=CC1
396,399,CC(C)CCCCCC(C)CCC
397,400,O=C(C)OCNCC
398,401,C1CCNCC(C)CCN1N
399,402,CC(=O)NCCCC1CCC=CN=C1
400,403,COCC#N
401,404,CC(=O)CCN1N(C)COCCC1CC
402,405,NC(=O)C=CNC(=O)N
403,406,CC(=O)C=CN=C(C)C=CC=CC=CC=C1C=C1C
404,407,O=CC=C(C=CC=CC1)CCNC1
405,408,OC=CCOC(=O)O
406,409,CSC=C1C=C2C=C(Br)C1(N)NC2
407,410,C=CC(OC1=CC=CC)CC=C1[NH1]
408,411,C1CC=NC=C1C=CC=CCl
409,412,CCCC=C1C=CC=N1
410,413,CCOCC(C)OC(CCOC(O)C=CC)C
411,414,C1COC(=O)NCC1=O
412,415,CC(N)C(C=CC=CC=CSN)=C(C)Cl
413,416,CC(CCCC)NCNC(C)C
414,417,COC=CC=CC(N=C(Cl)C=CC)=C
415,418,OCON=CC(C1)=CC=CC=NC=C1
416,419,CCC1C2CCCC2CC=C1C
417,420,ClC=NC=C(CCN1CCCC=C1CS)C
418,421,C1NC=N1
419,422,N1CC2C=CC=CC=C(C)CC1=N2
420,423,CSC(O)C(C)CCCC1=C(O)CC(C)=C(Cl)C1
421,424,C=CC=CC=C(O)N=CC=C
422,425,CCC(C)=CC=CC=C1OC(N)=CC=C1
423,426,NC=NC=CN=NC=CCl
424,427,CC=CC=CC=NCCl
425,428,COC=O
426,429,C=12C(N)=CC=1C=NC=CN=C2
427,430,O=CC=CC=CC=C(C#N)N
428,431,O=CC1=CC=CC=N1
429,432,CN=C(O1)CCCCCCCC(O)C1(C)ON
430,433,N(N=CCCC)CC(O)=C1C=C1O
431,434,CCC=CCSC(=O)SC1CC=CC=C1
432,435,NC=C1C=CC2=C1C=CC=N2
433,436,CNC(C)C=CC=C(C)CC=CCBr
434,437,OCC=CC1=CC=C2OC1NSC=CC=C2F
435,438,CCCC1=CC=CC=C1OC=O
436,439,CC(C)OC(=O)OC(C)CO
437,440,CN(CC1SC=CC=CCCl)C1C
438,441,CC1=CC=C2C1C=CC=C2
439,442,C1CO1
440,443,CC(=O)NC(=O)OC=CCC=NCC=CC
441,444,C1CCC1C2N=CC=CC2=COC
442,445,CNCCC1(N)C=CC=C1
443,446,N=CC=CC=C[NH1]NCC1NC=CC=C1
444,447,O=C(OC1=CC=C2C=C1)N=C2
445,448,C1C=CCOCC=C1
446,449,O(N)CC=CC(C)=O
447,450,C1C=C([NH1])C1C
448,451,C1C=C2C=CC=CC(C)=CC=C21
449,452,O=CC=CC=C(NCC1C=C2C=C1S)O2
450,453,O=CCOC=S(S)C(O)CCC=O
451,454,C=CC=C1S(C)(N)C(O)=C1O
452,455,N(CC(=O)NC)CCCC1CONC=NC=C1C
453,456,BrCNNCCC1OC=CC=C1O
454,457,C1=CN=C1COCC=CC2=CC=CC=C2S
455,458,CCC=NSC1=CC=CC=C1C=CC=N
456,459,CN=C(O)C1=CC=CC=C1Cl
457,460,CCCCCCCNC(=O)OC[NH1]C=C
458,461,N=C(CC(O)=CC1=C)C=CC=C1
459,462,OC=C(O)C(C)C1CCOC=C1CNC
460,463,C1C=CC1C(N)NC=NNSCl
461,464,CCCCC=NSN=CC=CC=C
462,465,C1(S)CCNCC=2OCCCC=2C1N
463,466,OC=C1C=CC=C=C1NOC
464,467,C=CC(=O)N1C2=NCCC(C)CSCCCC12
465,468,CC(=O)NC(C)OC(=O)C=NC(=O)C=CC=C
466,469,CC(C)C=CC=CC=C(C)OC=O
467,470,COC(=O)NC=CN=CC=CC1=CC=CC=C1
468,471,C1C2=CC=C=CC=C2N=CS1
469,472,CC=C(O)C=CC=C(CC1=CCCC)N1
470,473,CNCCC=C(C1)C(C)N=CC=C1NC2CCO2
471,474,C=CC1=C2C=C3C=C1C2=C3
472,475,O=CCCNCC=N
473,476,COC(C=O)OS(C1)=CC(O)=C(Cl)[NH1]C1=O
474,477,O1SCN=CN2C1=CN(OC)C2
475,478,NCN=NCCCCCC
476,479,CC(C)CC1CCCCCN2CCC(C)CCC1=C2
477,480,COC(O1)=CC=C(O)OP2CCN=CC2=C1
478,481,O1C=CC2=CC=CC=C2C(=O)O1
479,482,NC1C(C)CC[NH1]1
480,483,CC=CC=CC(=O)C=CC1=CC=NCO1
481,484,C1OC=CC=C1C2=CC3=C(F)CC=C3N2O
482,485,CC=CC(C1C=NC(C)=C)C=CCCC(C)C1
483,486,O=NC(N)CCCCS(=O)#N
484,487,OCNC(=O)C=CC(C)=CO
485,488,CCC(S)(O)C(CCl)CC
486,489,CCOCC(=O)C
487,490,C12CC1CCCC=C(N)C=CC=C2C
488,491,CC=C(N)C(N)C=CN=CC=C(C)C=CN=C
489,492,O1C=C(NOC)CC=CS1
490,493,OCBr
491,494,O=CCNC1OC=C(O)C=CN=CSC=C1Cl
492,495,C=C(C1CCC=C=CSC=C12)NC=CC2Cl
493,496,CC=CC=CC(S)Cl
494,497,C1C2=C3C=C4C1C=CC=C4N32
495,498,CCNCCC=NC=C1C(=O)NC2=C1CSC2
496,499,O(O)C=CC(CC=O)C=O
497,500,CCCC=CC1=CC=CC=C1F
498,501,C1C(O)CCOC=SC=C1
499,502,COC(O)C=CC1=CC=CC(NCl)C1N
500,503,CSNC#CC=CC1=CC=C2C=C1C=C2C=C
501,504,N1CCCSNN(C)CCC1
502,505,CNC=CC=C(O1)CN=CC=C1NC(=O)C=O
503,506,CNCC1=CC2CC=CC=C2C1
504,507,CCCCC(CC=CC(=O)C=CC)(CC)N
505,508,CCSC=CC1=CC(Cl)COC1=S
506,509,OCCNC(C)=CC(C=CC=CC=O)CO
507,510,CCCC1CCC23CC1C(N)=CC=C2CC=S3
508,511,COC(=O)OC(=O)C1=CC=CC=C(Br)OC1
509,512,O=CC(CC(C1)CCC)CC1
510,513,N1C=CC=C1C=CCOCC2CNCC2
511,514,COCC=NCC(=O)CCN=CCN
512,515,CC(C(=O)OCO)CNC(=O)O
513,516,O1CSC=C1
514,517,O=C(CC)CCC=NC=CC
515,518,COCC(=O)CCCOCCCCC=NC=O
516,519,CCC(C)CCC(C=CC)=CC=CC#C
517,520,N#CCOC(C=NC(O)C=O)OOCC=O
518,521,COC=CC(C(C)C)C1=CC=CC=C1
519,522,O=C(C)C=1C=CC=CC=1
520,523,C#CC=CC(N)C
521,524,C1C=CC(C=NC)CSC=C1
522,525,COC(=O)C(N)C1=CC=C(CO)C=C1O
523,526,CC=O
524,527,C1=CC=CC=C(CSC=CN)C[NH1]1
525,528,O=CC=CC=CC=C1CC=CC=C1C(=O)O
526,529,CC=C1CN=CN=N1
527,530,CCC(C)C=CC=C(Br)C1=CC1O
528,531,NC(O1)C1
529,532,CCCNC1CN(Br)C(F)=C1O
530,533,O=CSSC(=O)CC(C)CC=O
531,534,N=1C=NOC=1C(=O)C(OC)(C=CC=CC=C)CCl
532,535,NC(=O)NC=C
533,536,OC=CN=CC=C(C)OC=CC=CC=C[NH1]
534,537,N1CC=CC=CC=CC=C(Br)C1
535,538,ON(CCC=C1NCC=CC=C1)CCOCO
536,539,CCC12CCC(N)C1=S2
537,540,C1C=CC1(F)C2=CS2
538,541,C=NC(N)CCCC=CC=CS
539,542,OC1=SC=CC=C1NN
540,543,CCCCC(N)C1=CC=CC=C1
541,544,NC#N
542,545,O1C=C[NH1]C1NC
543,546,CCNC(C)C=CC(N)CNC
544,547,C[NH1]C(COCNCCC(C)Br)CC
545,548,C1CC(N)CN2CCC=C2N=C1
546,549,C1C=CN=CC1C=CC=CS2=CC=CCCC2
547,550,CC(=O)C(C=CC)(C)CCCC(C1)C1
548,551,N=CC(C)C=C(N=NOCC)NC=C[NH1]
549,552,CCNC1=CC2=CC=C1OCCCC=C2
550,553,NNC(=O)OC(=O)NCCCC(O)CC=C
551,554,N1C=CCOCSN1C=O
552,555,CNCCCC=NN1C=C(Cl)NN=C1O
553,556,NC(=O)N(C)CC=NC1=CC=CC=C(Cl)O1
554,557,COC(=O)C(N)C(=O)C(N)CC
555,558,COC1=CC=C(Cl)C=CC=C1C
556,559,N1C(C)OC1Cl
557,560,CCOCC
558,561,CC(CCCCC(=N)C)(C)C=CC(S)CCl
559,562,C=C(O)C(C(O)CNCNCC)C
560,563,CCN1CCCO1
561,564,O=S1(=O)OC(=O)CN1N=NC2CC=NC2
562,565,COOC=O
563,566,CCOC(=O)C1(N)C(=O)ONPCC1
564,567,O(O)C(F)NC1=CC2=CC1CC2C
565,568,N=C(C)C1=NC(=O)N1C(Cl)(O)O
566,569,C(O)CCC1(C)CCSNP(C)CCCCC1
567,570,C1=C(O)C=CNC=NC1CCCC
568,571,CCCCNC=CCC1=C2C(C)C=C12
569,572,CCBr
570,573,N1C=C(C)C2C=CC=C1COC2
571,574,COC(=O)N(NCCCC)NC(C)=NCO
572,575,CCNC1=C[NH1]C(C=C1)O
573,576,COCC(O)C1=CC=CS=C1
574,577,CC1C(N)CC=N1
575,578,C
576,579,CONC=C(O)C1=CC=CC=C1
577,580,NCC(=O)N=CC=C1C(=O)NC1CC
578,582,C=COC(=O)OC(N)CC
579,583,C(C)C(C)CC=NC(C)(O)C
580,584,COC(O)CNCC=C(Cl)C
581,585,CC(O)CCC1[NH1]C=CC2=C1O2
582,586,C1N=CC=CC=C1N=C
583,587,C1CCCCCC(C)CS2CCN1C2
584,588,C=C(C=CC)CCC=C(F)COCBr
585,589,C=CC=C1C(C)OC=C1
586,590,OC1=C[NH1]NNCCC1C(=O)NC=C2C=CC=CC2C
587,591,O=CC(C)(CN=CC1=C)NN2C1C=C(O)N=C2
588,592,CC(C)CC1CC2[NH1]C(=O)N=CC=C2C=CNC1Cl
589,593,C=C1C(=O)NCCCCSO1
590,594,O=C1C2=CC=CC=C2CC(C)=N1
591,595,CCCCC(C)Br
592,596,CCCCCC=CC=C(N1)CC=C2C=C12
593,597,NC#CCOC(=O)CCNC
594,598,CCNC=CC1=CC=C2C=C1C=C2N
595,599,NCOC(=O)C(C)CC(=O)C(C)C(F)=C
596,600,CCCCNCC
597,601,COC=CC=C1C=CC=NC=C1
598,602,C(C)NCPCC1C2NCC1C=NOC=CC=C2
599,603,CC=CC=CC=CC=CC#N
600,604,COC(=O)N=CC1(O)C=C2C=C1C2
601,605,O=C=SC(C)(C)C(=O)F
602,606,CCC1NC(C)CC(O)C=C1
603,607,CCN(C)CCCCCCCCS
604,608,COC=NC=CN1C(C)=CCC1=S
605,609,CC(C)=CC(C)(Cl)CCl
606,610,CSCCCO
607,611,C1=CC1(C=CC=CC(Cl)=C)N
608,612,CNC(=O)NC=O
609,613,CCC(O)C=COC=C(C)Cl
610,614,C=C(C=CC1)C(Br)OCCCCCC=C1
611,615,COCCCC1CCNC1CCCS
612,616,C1C=CC=C1
613,617,NC=NC=CC=CS=CN=CC=CN=C
614,618,C=CNCCOC(N)(C=CC)CC1=CC(=O)O1
615,619,C#CC=NNOCO
616,620,N1C=C=CC=C=C1Cl
617,621,CCCCC=C(O1)CCCCC1C=O
618,622,COC(=O)C=CC=CC(N1)=N1
619,623,C=C1[NH1]C(=O)N=CCC(N)=NC1
620,624,C1NCSC1=SN
621,625,CC1=CC=CC2=NC=C3C=C2NC1C=C=CC=C3
622,626,C1C=CN=CN(Br)C1
623,627,C1CCCC12C(N)C=NCNCC2CC
624,628,C1OC(=C)C=C1C(=O)CCCCC
625,629,CCCCCCCC(=O)CC#CC=CCCl
626,630,C=C1CCCC1NNC(C)C=C
627,631,N1CC=CC=C1CC2CC=CC=C2
628,632,CC1=NC(C(O)C=CN=NSC)CNC1
629,633,O=CC1(CC=CC2C1N=C)C=C2
630,634,NN(C)CC1CNCNC1(C)C
631,635,CC(C)CCCCCCC(N1)=C1
632,636,N1C(CBr)N(O)NC=NN1
633,637,CNC=CC=CC=C(CCl)Cl
634,638,CCCCCCCCCON
635,639,C=C1C(C)=CC=N1
636,640,C1C(S)CCC1=C2C=CC=CN2
637,641,CCNCC(=O)N=C(CC1C2C=CC=O)CCN2C1
638,642,N=CC=C(C1CN(C)N=C1)C=CO
639,643,CC#CN=C(C1C=CC=C1C=C2)CC=CC=C2
640,644,OC=C=NCCl
641,645,Cl
642,646,C1(F)NC1(N)CCNCCC
643,647,O(CCl)C=O
644,648,NC(=O)N(C)C=O
645,649,CC(CCCCC(=O)C=CC)=CNCCC1=NCNC1
646,650,N=C(CCCCNC)CC1=CN=CN=C1
647,651,CCNCC1=CCC2C=C1C=CC=C2C
648,652,C1OC(=O)CCCC1(C)SN=C
649,653,COC=CCSC(Cl)C(N)=COC=O
650,654,N=1NCN(O)C(C(C)CC)CCN=1
651,655,OC=CCC(=O)NCBr
652,656,S1NC=CC=C1CCCC(N)CCC
653,657,C1N=CN=C1CNC=CC=C(O)C=CC=C
654,658,CC(=O)C(C)C1OC2C(N)C1C2
655,659,C1CCC(O)(C)CC=C1
656,660,O(O)CC(C)CCCNCN
657,661,CCN1CC=2CCC1C(O)C(OC=CC)=CC=2
658,662,NCC(O)=C=C(C)NCC1=CN(CC)C1
659,663,CCC=CC=NCC=CC=C1C=CC(O)=C1
660,664,CC=CC1CC(=O)CN=C2OCCC2=C1
661,665,CCC(=O)C=COC(=O)C=CC(F)=C
662,666,C1(CCC(=O)C=C)CC1C(CO)C2CC2O
663,667,OC1=CN=C(Br)C=C1CCCC
664,668,CC1=CC(C)C=CC(=O)CC(Cl)=C1O
665,669,C1CN2C(O)CCC2NCCC1C#CC
666,670,OCSC(=O)CNCCl
667,671,CC=NC(C)C(O)CCC
668,672,C1N=CC=CN=COC1
669,673,CCCCON1CCC(=O)NNC(C)=C1
670,674,OC(C)N(C)C1C2SCCC13CCC3(C)CC2O
671,675,OC=CC=CC=C[NH1]C
672,676,O=C(N)C=CN=C(C)C=NC=C
673,677,COC(=O)CC=C(O)C=C(N)CCC
674,678,CNCN1CCCNC1CC=CCCC(C)C
675,679,CCCNC(=O)C(O)=CC1NC=CC=C1Cl
676,680,CC=CC=CC1=C(C)C=CC=CC(C2N)=CC=C2S1
677,681,CN[NH1]NC=CCCC1=CSCC1
678,682,OC=CC=C(C1)CCCN=C1COC
679,683,O=C1C2=CC=CC=C2COC1
680,684,OC=C(N)CCNC(=O)O
681,685,O=CCC(C)(C)CC=CC=C
682,686,NC=C1C(C=CC)SC(C)CC1=S=N
683,687,CCOC=CC=C1C=CC=C=S1(C)CC=C=O
684,688,NC=NC=CC#CNCC
685,689,COC=C(C)C(O)C
686,690,CCOC(CC=C)C=CC1=CC=CC#C1
687,691,C(C12CCC(C)ONC)C1C2=O
688,692,CC(CC)CCCC1=CC=CC(Cl)S1
689,693,CCCC=C(C)CC=CCC=O
690,694,CNC=C(C=CC=CN=C1SC)CC=C1
691,695,CC(C=O)CCC(O)C(=O)O
692,696,OC=C1N2CC13CC#CC=C3C2S
693,697,C1C=CC(=O)C(O)=C1C=C2C=CC=C2
694,698,CC(O)C(=O)OC
695,699,N(C)=CC(C)=C1C(=O)N=C(O)C=CC=C1
696,700,CCC=C1C=CC=C(O)C(=O)CNCC=C1
697,701,CCCCCCCC=CCC(=O)O
698,702,CC#CC=O
699,703,C1C=C1CCCCNC(=O)O
700,704,BrC=CC1=CC=CS=CC=C1
701,705,O(C)CNC#N
702,706,CC=C(NC=CC(O)CC)C#CN
703,707,CCCC12CCCNN1NC(C)C2C
704,708,CC#N
705,709,C1OCCCC(CN=CC=CC)=C1
706,710,CCC=NCC=O
707,711,C1=CC=N1
708,712,C1#CC2=CCC=CC=C2N=CC=C1N
709,713,CC=CC1=CC=CC=C1Cl
710,714,CC(=O)OCC(CC1CC=NCC)CO1
711,715,C=CC=CC=C(COC=CC=C1C=O)C=CC=C1C
712,716,NCC1C(C)CC=NC(C)(O)C=NC=C1
713,717,CC(N)CCC(=O)SC(=O)I
714,718,C#CC=CC=CN=C(CCCC1C)C(C)=CCC1
715,719,NCCCC(CC1OC=C)C=C1
716,720,CCN(C)C1CCCCC(C)CCN1
717,721,SC(N1)C(=O)OC=CC=CN=C1
718,722,CC(CCNC1)=CC=NCCC=C1
719,723,C=C=CC=C1C=CCC=C1
720,724,NC1[NH1]C=NCC2CCC(C=C2)CC1
721,725,C=O
722,726,C(=O)C1(N)CCSCCCOC=C1
723,727,NC(=O)NCNCCCC=CC=C1CSCS1
724,728,N1C=CC=C1CNC
725,729,CC(C)CC(=O)C(N=NC=NC=C)O
726,730,OC=CC=C(O)C(=O)OC=C
727,731,CC1N2COCCCC2NC1O
728,732,C1=NC=CC=C1CC(O)=CC=C
729,733,OC=C1C(C2=CN=C1)OC2=NO
730,734,C=1CCC=1
731,735,S1C=CC(N)(C)C2CCSCC2C1=O
732,736,N1CC2CN(C)COC2N1C
733,737,CC=C(O)C=CC=CC(OC)C=CC=CCCCOC
734,738,C1C2(C(C=C)C(N)CC)CCNC1=C2
735,739,CNC(=O)NC(=O)C(O)OC=O
736,740,C1N=CC=CC(C)=CC(C)O1
737,741,CCCCCCC(=N1)C=C2C=C(Br)C=C2O1
738,742,CCCCCCCC(=O)NC(N)=SNC
739,743,C=CC=CSC=COCCl
740,744,N1CCC2(C)C1C=NC2=O
741,745,C=CC(C(=O)NC(=O)CC)CCCCCC=O
742,746,CNS1CN=C(C)CN=CC=C1
743,747,CCC=CC1=CC=CC=C1O
744,748,CCC(=O)COC=CC=CC1=CCCCC1
745,749,C(Br)CC=CC=C
746,750,CNCCCCCCCCC=NC=CC1=C(Cl)C=C1
747,751,CCOC(=O)O
748,752,N=C(C(=O)C)C(O)CO
749,753,CC1C(C)(C)CC=C2C3C=CC=C2C31
750,754,C=CC=C(C(N)CC)C1C2CCCNC2CC(C)CC=C1
751,755,C1C=CC1C
752,756,COC(C)=C1CCCN[NH1]1
753,757,O=C=CC=CS1CSC=C(Cl)C1
754,758,N(CCC1CCC2=CC=CNCl)=C2C1
755,760,CCCCCCCCC=C
756,761,CCC1=CC=CP=C1
757,762,CCl
758,763,COCCC(=O)CCCCOC
759,764,CN=C(C)C(NO)=C
760,765,C=C=COC(C)CC(CO1)C=NNN1
761,766,N1CC(=O)CC=C1
762,767,CC=CC(C=C1F)CCCC=N1
763,768,CCN1C(C)=CCOC=CC=C1S
764,769,NSNCCC(C)=C1C=CC=C=C1
765,770,CC=CC=CN=NC=C(O)Br
766,771,C1CNC=CC(=O)C=C[NH1]1
767,772,CC=C(C=CC)SC1N(C)CCC1
768,773,COPNC=CC=C(C=CC1=C2C)CN=C1C2=C
769,774,CC=C=NC=CC(O)Cl
770,775,CC=CC=C(CC)OC=CC1CN=CC=C1C
771,776,CCC=C[NH1]C=C(Cl)C=C(Cl)S=N
772,777,CCOC=CC=CC1=C(Cl)C=CC=C1
773,778,CC=CC=C1C2=NC(=O)N=CC=CCNCC12
774,779,CCCN1CC(O)=CCS(C)=C1
775,780,NCCC(C)CCC1=C(C)NC=CC=C1
776,781,CCCCC(N)=NCNC(=O)CC(N1)C1=O
777,782,COC=CC=CCC1OCSC=C1
778,783,C(C)C(=O)NCC
779,784,CC=CC=CC=C(C)Cl
780,785,O1N=CC=CC=CN=NC1CCOC
781,786,OC=CC=CCC(C)O
782,787,NC(=N1)C=CC(O)=CC=C1
783,788,C=S(=O)OC=CC=COC=NC=CC=C
784,789,NSCOC(C)CCC(=O)O
785,790,N1CC=CN=C1C
786,791,CC=CC=CC=CC=C
787,793,C1C2OC=S1CCCCCC2
788,794,FCCCN(C)C=O
789,795,C#CCC=CC=C(O)CC=CN=C
790,796,CN=NC=CC=C=C(CC=NC1Cl)C1O
791,797,CNO
792,798,O=CC=CC=CNC
793,799,NC=CC=CSC1CCCNC1
794,800,C=C(C)COC=CC=CC=C(F)C1(NC=CC=C12)N2
795,801,CC(Cl)C(N)SN=CC=C=N
796,802,CC(O)CCCN=C
797,803,O=C(CSC=NC=C=CCCl)CC(O)=C
798,804,OC(C)OC=O
799,805,N1C(=O)CNC=C2C1C=C(F)CC=C2C
800,806,NC(=O)C(C)C=C(C)NC1=CC=CC=C1
801,807,C=CC=CC=CC=C1C2=CC=C(Cl)C1NN2
802,808,N=CC=C(Cl)C1=CC=CC=C1
803,809,C1(C)NCC1N=CNC(=O)C2NC2
804,810,CC(C)SNCCCOC(O)C(O)C
805,811,NC(CC)C(CCO)C=CC(O)(O)Cl
806,812,COC(=O)N(O)C(=O)Cl
807,813,C=CC=C(F)CC=CC=C
808,814,CCCCC(=O)CCCNC(=O)O
809,815,C1=NCC=CC=C1C=C(Cl)CC=C
810,816,COCOCC=CC1=C(O)NC=NC=C1CNC
811,817,CC=CC1=NCOC=CC2=CC=CC=C21
812,818,C=C=CC=CC=CC=C(C)C=C
813,819,NCNC=C1C=CC=C=C1O
814,820,O=C(N)CN1P(F)C(C)=NC1=S
815,821,CCC(C)SC(C)=C(C)CCCC
816,822,CC(=O)C[NH1]CCC1ONC=CC1
817,823,S(N)C(=O)N(O)C(CCC)CCC(O)C
818,824,NCNCC(O)NCNCC
819,825,C(C)C1=CC=CC=C1C(=O)C=CC=C(Br)C
820,826,CCCC=C(N)C(C(O)CCCC)CN
821,827,C1CC(=O)CCCCC1
822,828,CCC=C=C1C=CN=CC(=O)S(Br)OC1
823,829,O1C(CC(C)OC2O1)C=CC=C2
824,830,C#CCNC(=O)OC=CC=C1C=CC=C1
825,831,OC(=C)C=CC=C(Br)N=CC=C
826,832,COCC1=CC=C2N1CCC(F)S2
827,833,C=CC=C1C=C(C)CCC(=O)CCC1
828,834,COCOC=CC1=C(O2)C(O)=C(F)C=C2N1
829,835,OC1OCOC(C)CC(C)CCCC1(O)C=CC=CC=C
830,836,CCCNCCC=C1C2=CC=CC=C2C1
831,837,C1OC(Br)(O2)CCC1C#C2
832,838,NCC(=O)CCC(O)C(=O)OO
833,839,C(CC(C)NCC1NC)CCC1C=C(O)O
834,840,O1C(C=CC1=CBr)C([NH1]2)C(=O)NNCSCC=C2
835,841,C1CN1O
836,842,CCC(=O)COC(C1)SC(Cl)C1
837,843,NCCCCC#N
838,844,OC(N)CCCNCC(C)CO
839,845,CN(O)CC(=O)CC(C=NC=CC=CC=C)CBr
840,846,NC1COC=NC(F)(O)PCO1
841,847,CC1CC2CCC1CC=3CC=[PH1]C=3C2
842,848,CN=CC(=O)NCC
843,849,O=C(C(=O)OCCCC(C)=CC=C)CCCl
844,850,COC(C)CCCC1CCCCC1C
845,851,SC(=S)CNC1CC=CC=C1
846,852,CCCC(N)=NCP(=C)C=CC(=O)O
847,853,C=CC(C)CCCCCCCC=C(N)N
848,854,C#CCCCC=C(C)CF
849,855,[SH1]CCC=CC1=CC=C(O)C1CCC
850,856,O(C=CC=CCC)NCC
851,857,OC(O)COCCCCCO
852,858,N=C1C=C(C)CCC1N(O)N=N
853,859,C=C(C)NCCCCC1C2N=NC1C2
854,860,CCNCC(C)CC1NC=CC=C1
855,861,CC(S(C)C(=O)C=O)OC1=NC=CN=C1
856,862,C=CC=CC=CC(C=CI)=NC=CN=C
857,863,CC(C)(O)C=CC=C1C=CC=CC1
858,864,C1C(=O)C=C1CCC(O)C=C
859,865,CC=C(Cl)C=NC=C[NH1]C=C
860,866,CN(C)NCCCCCCCC
861,867,CCCCCCSS
862,868,CCCCCCCCCCCCCCOC
863,869,C1CCC2CCC=C12
864,870,C=1SC=CC=C(O)C=1N
865,871,N=NC1=CC=CC=CC=C(Cl)C=CC=C1
866,872,COCCNC=CC=C[NH1]C=CC=C(Br)C
867,873,CC=NC(=O)NOCCC
868,874,NCC=CC=CC(=O)CC=CC1=NCOCC=C1
869,875,CCC(=O)COC1CNC=C1
870,876,S1(Cl)C(O)CCCCC1
871,877,COCCCC=O
872,878,O=C(O)CC(O1)OC=NN2C=CC=C2NN1
873,879,C1C(C)=NC1(CCC2CS=CC)C2C=O
874,880,O=CSCCNC=O
875,881,CNC1CN(O)OC(=O)C(C)(C)CC1
876,882,OC1CC=CC2=C1CCCC=C2
877,883,C1OC(=O)C=SC=C[NH1]1
878,884,CCOCOC=CC=C1C2=CN=NC1N2
879,885,CC=CC=C(C1)N=CCC=C1O
880,886,N=C(C)C=CC=C(O1)C=CCO1
881,887,CN(O)N(N1)CC=CC=C1O
882,888,OONC(O)CC(=O)S1C(C)=CC2=C1C=CC=C2
883,889,OC=CC=CC(O)C(C)=NC=CC=O
884,890,N
885,891,CCOC(=O)NC(O)C1C=CC=CC=C(CBr)CC=C[NH1]1
886,892,CC=CC=C1C=CNC=C1
887,893,CC(N(C)C)C1CC(C2)=NC=CC=C2S1
888,895,OC(C)C1CCC(=O)OC=NC=C1
889,896,CCC(Cl)CCC(=O)C1=CC=CC=C1
890,897,C1OCC2CN=CCC=CC=CC1=C2
891,898,C#CCCC(C)(O)OC
892,899,S1=CC=C1CCOC(=O)O
893,900,C[NH1]C=O
894,901,NC=C(C)NCCC1CCNCC(F)=CN1
895,902,COC(O)=C(O)C1CCCC1
896,903,COC=CN=CC=C(Cl)C=O
897,904,C=C=O
898,905,C1NCCNC1CCCC2C(C)C=C2
899,906,CNC1=CC(=O)C(O)C=C1
900,907,CCCCCN1C(C)CCCC1=O
901,908,COC=NNC=CS(O1)N=NC=CC1
902,909,OCOC=NC(CC(C)C)OCOO
903,910,NCCC1S2CC=CC=C21
904,911,CC(C1)CCCCCCC1OCCC=CC=C
905,912,CN(CNC(=O)C)CNC(S)(C)CCCCN
906,913,SCCCCNNC=N
907,914,C(=O)C(CCC)(O)C=CSC1=CN=C(C=2)C1=2
908,915,NCC=C1CC(O)C1OCC
909,916,NC=CC1=NC2=CS=CC=C21
910,917,C1N=CC(O)=C(F)C(Cl)=C1O
911,918,COC(C)CCCCN1C(O)=CC=C1
912,919,CCC(O)C=CC1=CCC=C1
913,920,C(C)CCCC(N=NC(=C)N)=CN=NNN
914,921,COC=NC=C(C)C1=CC=CC=C1
915,922,NC1=CC=C2C=CN=C(COC1)SC#C2
916,923,CC(O)C1=C(C)CC=C1C(=O)O
917,924,C1CCCC1C(O)C(=O)OCN
918,925,CCCCC=CC=CC=C1C(C(C2)=C)C=CC=C21
919,926,C=1C(C)CC=NC=C(O2)C=CNC2=1
920,927,NCCCC(C)CCOC=CC=CO
921,928,CCC1NC=C(N)C=C(C)OC=CC=N1
922,929,CC1(C)NC2CCCN2CCNC1N
923,930,C=CN=CNC1=CC=CC=C1
924,931,COC(=O)N1C(C2)OC(=O)C=C1N2
925,932,CBr
926,933,N#CCC1OS(C)C(F)CC1
927,934,COCCCNC(=O)OCS
928,935,CCC(C)CCCCC1NCCC1
929,936,CCCCCCC1CCCCC1N
930,937,C1C=C1CCCOC(O2)CCCCN2
931,938,CC=CC1=CC2=CC3=CC=C2CCCC31
932,939,COC(=O)C=O
933,940,O=CC(N)(Br)CS
934,941,C=NC1C=CC=CC1O
935,942,N1CCCC2CC=CC=C2S1
936,943,CCCCCC(C)C(=O)OC=O
937,944,O=C(C)C=CC=CC=O
938,945,C=1C2C=CC(CC)(C)C=1C[NH1]2
939,946,CC(=O)CNC(=O)CCBr
940,947,COC=NCC(C)CCCC
941,948,C1CC=CNNCCCC1N
942,949,O=C=C(C)OC(=O)ONC=NSC(=O)O
943,950,CCCCCOC1C=NC=CC=C1
944,951,CC(C(=O)C)NCOCCOC(C)CC=O
945,952,CC1CCC2CS=CC=C2C(=O)O1
946,953,C(=N)CSC=C(Cl)C=C1C=C=CNN=C1N[NH1]C
947,954,N=C(C)CCC1CC=C2C=C1OCN2C=N
948,955,C1NC(=O)C=CC(O)C1=C2C=CC=C2
949,956,OC(C)CC(=O)S1CCC=CC(F)NC2CC12
950,957,C=CC1C(C)CSC(N)CC(N)C1C
951,958,COCO
952,959,C(C)(O)CCCCOC=CC(C)CCOCBr
953,960,CC1CCNCC1=NC=[NH1]
954,961,CC1OC(=O)C=CC=CC=CS=C[NH1]1
955,962,CC(=O)N=C(O)CC(C)=NC
956,963,CNC=CC=CCC1=CC=CC=C1
957,964,C12C=CC3(C)CC1C=C32
958,965,CCNCCCONCCCN=C
959,966,CC(=O)CCCCC
960,967,NC(=O)CCCOC
961,968,CCCNNC(=O)C(O)C
962,969,CCOC(=O)OC(C)CC(C)OOC
963,970,CNCCCC(C)OCCCCC
964,971,CN=C(C1CCCC(=O)C=C2C)CNCC21
965,972,CCC=CC=C(Cl)C1C=C(C)CC=C1ONS
966,973,CCC(N)C(=O)C=C(N)C1C=CC=C1N=C
967,974,O=CSCNOC=CC1=CC=CN=C1
968,975,C1C#CN(C(C)N=O)N1
969,976,CCCCCCCC
970,977,C1CCCC(O2)=CNNC2C=C1
971,978,CCNC=C(N)C=CC=C(Cl)C[NH1]N
972,979,CCOC(=O)N=C1N(C2)CC3=CCNC1CNC3C2
973,980,C#C
974,981,CCCC1CCC2CC1(C)CC2
975,982,O(CC(=O)NCNC(=O)NC)NCC
976,983,CCCCCCCCl
977,984,OC1(NNCCC=C2C=C)C=CCC21
978,985,C1CC[NH1]1
979,986,CCOC1(C)C(S)C1C(F)=CC#N
980,987,C1NCNN=CC=CC=C1
981,988,COC(OC=C(N)C=N)C=CF
982,989,COC(=S)CCCON(O)CCCCC=CC=C
983,990,OC=CC=CS(=O)NC=CC(=O)O
984,991,CCCC(=O)NOCNC=O
985,992,O=CC(=S)N=CC=CC(=O)NCC
986,993,CC=CC=C(CC1(N2)N=N)CC1CC2=O
987,994,CC(=O)CCOC(=O)OC=C1C=CN=CS1
988,995,NC(N1)C=CC(C)=CC2=CC=CC=C21
989,996,N=C(F)C1(C)C=C(I)CC1C
990,997,CCCCCC1(C2)CCCCCC1CC2
991,998,C1C=C1CCCCC
992,999,NCCCC=CC(=O)C1=CN=CN1
993,1000,CCCCCCC(C)C(=O)NNCCCO
994,1001,NC(=O)NC=NC=CC=CCCl
995,1002,N=C(O)C1COC(O)C=C(O)SC=N1
996,1003,CC=CC=CC=C(C)C=CC=C
997,1004,CCCC=C1C=C(O2)C3=CC=CC=C3C2C1
998,1005,C1CC(N)CCC(=O)OC=CC=C1
999,1006,O=CC=CC=C(O)C(Cl)=CC=C
1000,1007,OC(=O)CCCC=C(Cl)I
1001,1008,O=C=C(CNC1CCC=CC=CCC=N)C=C1C
1002,1010,CC=CC=CC=C(N)CCCC#CC
1003,1011,C1CC2C1CCCCNC=C2
1004,1012,CCCCCCN=SC
1005,1013,CC(C)COC1=CC(N2)=CC=CC=C21
1006,1014,CC=NC=C(C1=CN=C)C=C1
1007,1015,C=COC=CN=CC=CC=CC=C(C)C=O
1008,1016,CCC(=C)C(N)CCC1CCCN1F
1009,1017,COC=NC1=C[NH1]C=CC=CN=CN1
1010,1018,CS1C=CC=CC=C1C(=O)O
1011,1019,N=CN(C(=O)CC=N)CO
1012,1020,N1CCNC1C(O)O
1013,1021,C(=O)NC=CC=CC=CN=C(F)NS[NH1]
1014,1022,O=CC(C1)C(C)CCC1C
1015,1023,O
1016,1024,[NH1]C=CN(O1)C(C)=CC=C1C=CC=CCN
1017,1025,CCCCC1CC=CC=C1
1018,1026,CSCC=C(C)[NH1]C(=O)CCC(C)NCCl
1019,1027,NCCCC=NC=C(C1=C(C)CCC)C1
1020,1028,OC=C(C)C(C=O)=O
1021,1029,CC(C)CCCC#N
1022,1030,CCCNC(N1)C(=O)OC=N1
1023,1031,CC1=CC=CC=C1CC=CC=C
1024,1032,CCCC1=C2C=CC1N=C2
1025,1033,N[NH1]CN=CC=CCC=CC=CC(N)(OC)C=C=N
1026,1034,ON=CC1=CC=CC=C1C(Cl)O
1027,1035,NC(N)CCC(C)NCCSC
1028,1036,NC=NC=S1(O)CC(C)CC(C)=C1
1029,1038,CCCC(=O)OC
1030,1039,O=C(O)C(=O)CCCCC(O)=C
1031,1040,CCC=CNC1(C=C)C(N)(F)CC1
1032,1041,O1C=C(C1C2=O)C=CC=C2
1033,1042,NCOC=C1N=C(N)CC1OO
1034,1043,COC(C)C=C1C(Cl)CCC1C=CC=CCl
1035,1044,CCCC=O
1036,1045,C1=NC=C=C1O
1037,1046,O=C(S)CCC=CCCN1NC(=O)OC1
1038,1047,CCC(=O)NC1OC=NNN=CC=CCC1
1039,1048,N1CCCCC=N1
1040,1049,OC(=O)NC(CCC(F)C=O)CNC=NC
1041,1050,CC(C)C1(CCCC1C2CCC)C2
1042,1051,CCC=CC1(O)OC(=O)CNCN1
1043,1052,NN=C(C)S12=NCCCC1CC(C)NC2=C
1044,1053,O=CCCNC(=O)CC=1COCC=1
1045,1054,CC(C1C2CC=NC=CC=C1)N=CCC=C2
1046,1055,CCNCCNC(O)C(=O)N
1047,1056,N12OC1(C=CC)C=C2O
1048,1057,CCCC1(O)C=CC(=O)OC[NH1]N1
1049,1058,OC=CC=CCl
1050,1059,CCCCC1C=CC=CC=C(C=C)C=N1
1051,1060,CC=CC=CC(C=CC=NC)=C
1052,1061,C=CCCCCCC#CC=CC=C
1053,1062,C(=C1C=C(C)C=CC)(O)CC=CC1N=O
1054,1063,N=COCNC(=O)OCS
1055,1064,CC(C)CCCCC=CC1=CC=NC=C1
1056,1065,CC1OCOC=CC(C)(N)CCS1O
1057,1066,C1CCCCC1C(=O)COC=CC=C(CN)ON
1058,1067,NC=C1C=C(Cl)OC=C1O
1059,1068,CCC=CNC(=N1)CCSC=C1
1060,1069,C1CC=NC(N)C#CCSC(Cl)=C1
1061,1070,NC=C1C=CC=C(C)C=CC=C1
1062,1071,CCN=C=C(CBr)CC(=O)O
1063,1072,CNCCC(CC1(C)CCN1O)C
1064,1073,N#COC=CC(N=NC1)[SH1]NN=C1
1065,1074,CCCCN
1066,1075,NC=C1C=CCC=N1
1067,1076,CS1C(=O)C=CC=C(F)C=NC=C1
1068,1077,CCCCNC(C)=C(C)C(=O)CCC=O
1069,1078,NC(O)=CC(C)CS(O)CCC1=CC=CC=C1
1070,1079,OCCCCCCCC1=CC=CC=C1
1071,1080,CNCC=NCC(NC=O)OC1=C2C=CC=C1C2
1072,1081,C1CCCCC1(C)C=CS
1073,1083,N1CCC=C1OC(=O)O
1074,1084,CCCCCCCC1(C)CCC(F)CC1
1075,1085,CC1=CC=CC=CC(C)C=C1C
1076,1086,CCCCSS1CCCCC1
1077,1087,NC(C)CCCC1OCC=C1
1078,1088,CC=CC(C=COCN)CC=O
1079,1089,C=C1C=CCS1C2=CN=CC=C2O
1080,1091,CC(C)CCCC=C[NH1]CC=O
1081,1092,CNC[NH1]C=NC1=CC(=O)C2=C1COC2
1082,1093,N=C(OF)NC#CC=CC=O
1083,1094,CCOC(O)C(=O)OC
1084,1095,NCN(S1)NN=CC=C1
1085,1096,CC(O)[NH1]C=O
1086,1097,C1=CC=CC=NC=C1CO
1087,1098,CC=NC(=O)NCCCCCC=NC=C
1088,1099,CCCCCC1NC(=O)N=CC=CSC1
1089,1100,C1CN=NCC=C(O1)C2=CC=CC=C2
1090,1101,CCPC=C(S)C#CC=CCCCO
1091,1102,CCCCCC#CCOC(=O)SC=C
1092,1103,NC(=O)N=CCC=NC
1093,1104,O=CC=CC=CC=C(O)OC1=CC=CC=C1C=O
1094,1105,OC(=O)C(C=NC1=C(F)CCCl)=C1
1095,1106,C#N
1096,1107,COC=CCBr
1097,1108,CC(C)(C)CCC1=C(Cl)OC1S
1098,1109,CC(C=CN=NCCCO)C(C)CCO
1099,1110,CNCN=NC1C(O)C=C1
1100,1111,CCOC1=NN=CN(Br)C(Cl)=CC=CC=C1[NH1]
1101,1112,CCCOC(=O)CC=CC=CN(N=O)N=N
1102,1113,C1CC=CC=C1N2CC(C)CC=CC2
1103,1114,NC=C(C)CCCCC=CN
1104,1115,CC(C)OC=CC=CC=CC=C(C)Br
1105,1116,COC=NC(C12)OC=CC=C1NCC2
1106,1117,CC(CC)OC
1107,1118,CCC1C=CC=CC=C1
1108,1119,CS(N)C(=O)OC(C)CN
1109,1120,CC1C=CC=C2C(C)=CC=C2C1Cl
1110,1121,S1NO1
1111,1123,OCC(=O)CC1=CCC(C2=C1C)(O)NC2
1112,1124,CC(O)CSC(COCCC(O)C)(CC=C1[NH1]C=O)N1
1113,1125,C1CC=CC2=CC=CCP2=N1
1114,1126,C1OCOC12CCN=C2C
1115,1127,C(CC1ON)CSCC(=O)OCCCC=C1CO
1116,1128,O=C([NH1])OC(N)=CC(=O)O
1117,1129,CCCC=CC=C=C
1118,1130,C=C(N)CN=C(C)Cl
1119,1131,CCC=CC1=CC=CC(C)=C1
1120,1132,O1C(C)NC(=O)NC(C)CON=N1
1121,1133,C1C=CC=C1CC=C2C(C=CC)=C2F
1122,1134,CC(=C)CON(C=CC)C(C)COC(=O)O
1123,1135,CC=CC=C(CO)NC=CC=C1C=CC=C[NH1]1
1124,1136,CC=C1C=C(N)CC2C=CC=CC=C2N1
1125,1137,CC(C)C(=O)CCN1CSCC1
1126,1138,CS=C([NH1])C=C1CC=NNC(O)=C1N
1127,1139,N1=CC=C2C=CC=CN=C2C1=S
1128,1140,N1CC=CC1C(=O)CCC=N
1129,1142,N(C)=CC(C)C1(C=CO)OCC=NC=C1
1130,1143,COC(C1)CCCC=C1N=NOC=O
1131,1144,CC(C)=CC(C(=O)N)CC=C
1132,1145,O=CSC(=O)CC(=O)C(OC=C)C=C1C=CCC1
1133,1146,CCCCCCC(=O)NC(=O)CC(C)(F)CC
1134,1147,C=CC=CC=C(O)C1=NC=CC=N1
1135,1148,CNNCC=CCN1C=CCC12CC2=O
1136,1149,OC=NC1=CC2=CCS(C)C2C=C1
1137,1150,C1C2OC3S1CNCCCC24C3C=CC=C4O
1138,1151,C1CCC1CC(O)CBr
1139,1152,CC=CC1=CC(N)C=CC=C(C)C1Cl
1140,1153,CCC=CC=CC=CCl
1141,1154,COC1=CC=CC=CC=C1
1142,1155,OC
1143,1156,OC(=O)C(O)C(=O)CCC(C)CC
1144,1157,NC=CC=CC(CC=NC)C=O
1145,1158,CC=C(C)C(C)=C=NCOCC(=O)OC
1146,1159,CCC(CCCC1CCC)CCCC1
1147,1160,OC=CCCC(Cl)C=CC=CO
1148,1161,CN=CC=CC=CCOC1=C2C=CC=C1N2
1149,1162,NC(C)OCOC(=O)ON1C(CC=CCC1)O
1150,1163,COC(=O)C=CC1(C2C=CC=C1)N2
1151,1164,C1N=CCC1C(=O)O
1152,1165,CC(O)CCC=C1SC=CC=C1Cl
1153,1166,ClC(C(O)C)=C(O)C1CCCC(=O)N1
1154,1167,CCCCCCOCN=CN1C=CC(=C)S1
1155,1168,NN=C(NC)C1N2CCC3C1C2=CN=C3
1156,1169,N1CC=CC=C1C=CCC=C
1157,1170,NNNCOC(=O)O
1158,1171,CC(C)=C(O1)C=CC=CC=C(O)CC=C1O
1159,1172,C1=C2C=CC=CN=C2CC=NNC1=N
1160,1173,C=NNC1SCCC=N1
1161,1174,CC(O)CCC=C(Cl)CBr
1162,1175,CC=CC=C1C2=CS=CC=C21
1163,1176,C=NSN=CCC=C1N=CCNC1=O
1164,1177,NC=C[NH1]C=S(=O)CC=NCC(O)=C
1165,1178,NNC(C)CC1NC2CCC3(O)C2CC3N1O
1166,1179,CC=CC=NNC=C(N)Cl
1167,1180,CC(C)C(=O)CC=C1C=CC=C1CCl
1168,1181,COC(=O)C(C)=NC1=CCCN1
1169,1182,ClCC(C(C)C)CCCC1CCCC=C1
1170,1183,OC=CN(O)CNCS
1171,1184,CC=NCC=C(C)C=CC(O)Cl
1172,1185,NCCCOC
1173,1186,NCC(C)C(C)OC1=CN=COC1C
1174,1187,OC1=NC(C(N)=CC=CCl)=C1
1175,1188,CC=CC(O)=C=C1C=C(Cl)C=C(Cl)C=C1Cl
1176,1189,NNCN=CC=C1C=CC2=C1C=CC=C2
1177,1190,O=CC=C1C=CCC1
1178,1191,CC(C)CCCC(C)NC
1179,1192,CCCC1CCCCCN=CC2=CC=CS21
1180,1193,O=C(CN=NCCCC1=CC=CC=C1)C#C
1181,1194,CC=NC=C1C2=CC=C1C2C=CC=O
1182,1195,CCCSC(C)=NCSC=NCCCCl
1183,1196,C1SCCNCCC=N1
1184,1197,N#CC(C)OC=O
1185,1198,NCNC=CC(C)CCCO
1186,1199,N=C(N)C(=S)N
1187,1200,CS1OC(=O)OC1C
1188,1201,CCC(CCO)C1CCNCCCC1
1189,1202,CC(O)C(=O)CC=CC1=CC=CC=C1
1190,1203,CC(SCO)C(C)NCCNC(=O)O
1191,1204,OOC=CC1=CCC=CC(=O)C=CC=C1
1192,1205,C1C=NC(=O)NC1O
1193,1206,CN(C)CCCC=CC=C1OCC(C)=C1CC
1194,1207,CCC1=CC=CC=C1C(=O)C=CC2=CC=CC=C2
1195,1208,C(C)CCNONC1=NC=CC=CC=C(C)C1
1196,1209,ON=C(O)C=CCCOPOC=CC(=O)O
1197,1210,NCC=CC=C(CC=CC)C
1198,1211,CC(S)=NC=C1C=C(O)C1(Br)CCCO
1199,1212,N1C(=O)C=CN=C2C=NN=C2CO1
1200,1213,COCCC=CC1=CC=C2C1CC=C2
1201,1214,CNC=NC=C(C)C1C=CCC1
1202,1215,C1NCC1C(C)=CC2=NC=C(Cl)N=C2
1203,1216,C1=CC1C(O)C=CN=C
1204,1217,CCC=NC=CCC1C=NN=C1
1205,1218,CCCN1C(=O)C(=O)CCOCCCC#C1
1206,1219,OC=CC=CC1=CC=C(C=CC=CC=CC)C1
1207,1220,C1=NC=CS(=C)C1OC=O
1208,1221,COCNCCCCC1N=NC=CC1=O
1209,1222,CCC(=O)O
1210,1223,BrSOC=CC=C(O)C(C=O)C1=CC=CC1
1211,1224,C1C=C(N)COC=C1CC(O)CCSO
1212,1225,OC=CC=CN=C1C2=C(Cl)C(C)C=C2NC1
1213,1226,CC(O1)CCCCN1
1214,1227,CC=CC1=C(Br)CC=C1C=CC=C
1215,1228,P(NCC(=S)CN1CSC2=CC=CC=C2)N1C
1216,1229,OC(=O)N=CC(N)=CCCNC=S
1217,1230,NN=C(N)P(=O)C=P
1218,1231,C=NC(C1)CCCCCC(C)=CC=C1C
1219,1232,O=CC=CC1=CC=CNC=CON1
1220,1233,CC=CNC(O)CCCCOC1CC=CC=C1
1221,1234,CC1=CC=CC=C1CCCCCC(C)=C
1222,1235,CC=CN1C=C=CC=C=CCCC1
1223,1236,C1N=COC(=O)CCNC(=O)O1
1224,1237,CCC(C(=O)N)N=C[NH1]SC=CC=C
1225,1238,CC(C)=C(N)CN1CN=CSC=CC=C1
1226,1239,C1N=NC2=CC=CC=CC=C12
1227,1240,CC(O)C(C1)CCCC12CC=CCCO2
1228,1241,SC=CC(=O)C=CC=C1C=CC=CC1=O
1229,1242,CCC(O)CCC1OC=NNC1
1230,1243,CCC(N)CCCCCCCC
1231,1244,O=C1C=CC=CC=CC=C1
1232,1245,C1CSC(=O)N1CCCCCCCCCO
1233,1246,CC=CC1=C(C=CC)CSN(C=O)CCN1
1234,1247,OC(C)(C)CCCCCN
1235,1248,C=C=NC=C1CCSC=N1
1236,1249,CCC(C)C
1237,1250,CC=CC=C1SC=CC=C1SC(=O)O
1238,1251,C=CC=CC=CCBr
1239,1252,C#CC1=C(F)CCC(N)COCCCO1
1240,1253,C=CC#CC=CCSC
1241,1254,CCCCCOC(=O)CN(O)C=CC=CS[NH1]
1242,1255,COCCCCCCNCCCC
1243,1256,C(C1C=CC=C2C(C)=CC=CC2)=CC1Cl
1244,1257,O=CC=C(Cl)NS(O)C=C(N)CCl
1245,1258,NP(O)COC1C=CC=CS1C=CC=C
1246,1259,COC
1247,1260,CCC=CC=NC=CC
1248,1261,COSC(C)C=CCNC(=O)N
1249,1262,O=C(CSC=O)N(O)SCCOC=N
1250,1263,CCCC1C(=O)NC(=O)OC=C1Br
1251,1264,C[NH1]ON=C(C)NC(=O)CCCCN(O)C=CN=C
1252,1265,CC(O)C1CCCCCCCNN1
1253,1266,CC=NC1=C(CC)CN=CSC=CC1
1254,1267,CC(C)CC1CC(=O)C=C1S
1255,1268,C=C1C=C(O)C(N)=N1
1256,1270,N12OCC2C=CC(C=N)CCC1C=C
1257,1271,C1=C(COC2(C3)C4C)C2(N)CC314
1258,1272,CC=C(O1)NC=CC=C1C2=CC=CN=C2C=C
1259,1273,CNOCC1(S)CCC1
1260,1274,N=NNC=CCC=C1C=N[NH1]C=C1S
1261,1275,N=CC(C=C1C=CC)CC=CC[NH1]C=N1
1262,1276,N1=C2C=CC=C1N=C2Cl
1263,1277,CCCC(F)C=CC=CC=C(F)CF
1264,1278,NC(CCCCC)CCC(C)=CC1=CC=C[NH1]C1
1265,1279,O(C(C)C(C)N)C=CC=C(Cl)O
1266,1280,C=CC(C)=CC1=CC=CC=C1O
1267,1281,ONCC=NC=C(N)N1CCCCO1
1268,1282,C=CC(=O)C1(C)C2CCC1C23CCCC3=N
1269,1283,CC(O)CN=NCOCCl
1270,1284,NCCC(C=O)O
1271,1285,CCC=CC(O)C(N)=SO
1272,1286,OCCCCCC
1273,1287,COC(CCNCCCN)C=O
1274,1288,CC(=O)CCOCCCCCCCCN=NN=N
1275,1289,CC1=CC2=CC=C1C=C2
1276,1290,C=CC=CC=C=CO
1277,1291,C=NCCC1ON=NC(=O)OC(=O)CO1
1278,1292,OC(=O)C(C=C1C(O)C2O)CCNC2S1
1279,1293,NCC=C1C2=C(C)C=CC=C2N[NH1]1
1280,1294,C=NC=CC(=O)N=CC1C(C=O)OC=C1
1281,1295,CC=CC=CC(O)=CC=C[NH1]C1OC1O
1282,1296,SCOCONNC=CC(CCl)=S(O)C
1283,1297,C=C(C)C=CC(=O)OC=CN=CCl
1284,1298,N1=CC(N)C2CC1CCC2
1285,1299,COC=C(C)N=CC=C=N
1286,1300,O=CC1=CC=CC=C1CC=CC
1287,1301,CC(CC(O)C(=O)CCC)(O)C=C
1288,1302,O=C(C1NC=CC=C1OCC)CC
1289,1303,OCCC(=O)NC(=O)CC(C)C1CCCC=C1
1290,1304,CC(Br)S(O)CCC(C)(O)N
1291,1305,CCC=CC=CC=C1C2=CC=C12
1292,1306,CC=CC(N1)(Cl)C#CCOCC1=O
1293,1307,CN=C[NH1]CC1=CC(C)C(C)=C1
1294,1308,CCC(=O)CC=O
1295,1309,N=C(C1OC)C(C)=CC=CC(=O)NCC1
1296,1310,N=C(C1)CN(O)OC2=CC=CC=C21
1297,1311,CC=NC1=CC=CN1
1298,1312,CCOCF
1299,1313,CC1CCNCC(I)S(=O)OCNC1C
1300,1314,O=N
1301,1315,CNCC=CC1=C(C)NCC=C1
1302,1316,CC=CS(O)CCC=CN(Br)CCCC=NN=C
1303,1317,CCCCCCCCCC(=O)CC1C[NH1]C=C1
1304,1318,C1=CC=CCC1CC(Cl)=CC=CC
1305,1319,N1=CC=CC2=C1NCCN2
1306,1321,NCI
1307,1322,CCC(=O)C1C=CC=C(OC(F)CC)C1
1308,1323,C=CC=NC=CN=CC=C(CC(CO)CBr)CCl
1309,1324,NCNCCCCCC=CC=CO
1310,1325,CC=CCNC(C)CO
1311,1326,O1CC(O)C2=CC(N)=CC2C1
1312,1327,N=CC=C(O)F
1313,1328,CI
1314,1329,CC=C(C)CCN1CC2(O)NC1C=C2
1315,1330,C=C1C=C(Cl)C(N)=C1CN2CCCCCCC2
1316,1331,C1C(C)CCCOC1O
1317,1332,ON(C)CCCCCCC1(O)C2CCC1=CC2
1318,1333,C=1C(C)COC=1CP(=O)CN=O
1319,1334,CCCC(CCSCCC1)CCCC1CC=O
1320,1335,C(N)C1(C(C)CCCCC1)O
1321,1336,CCOC=NCC=C(F)ON(O)C=CON
1322,1337,C1CCPC=CC=CC1=O
1323,1338,COC=CC1=CC=C(OC)NC=C1
1324,1339,NC=CCOC=CC=C(Br)C
1325,1340,CN(C1CCC(=O)OCCN)C(C)CC1CN
1326,1341,C=NC=CC(N=CC)=C(SC1)CC=CC=C1CCl
1327,1342,C1C=NC(CCC=S1C)=O
1328,1343,C=C(C)C=CC(=O)CC=C
1329,1344,CC(=O)CCCCC=CC1=CNCSCCS1
1330,1345,CCC(C)C(C1)CC=C=CC=NN1
1331,1346,NCC(C1)CCC=CC(N)=CC=CCC1O
1332,1347,O(C)OC(O)CCCOCCC
1333,1348,C1OCC(O)C=CCCC=C1C
1334,1349,CN=C(C)NNCC=C1C=C(C)C(Br)=C1
1335,1350,C(=O)C=CC=O
1336,1351,CSC=CC=C1C(C=CC)=C1C=NF
1337,1352,CCOC=CC=COCC=O
1338,1353,PN=C1C=CC=C2C(C=CC=C2Cl)=C1
1339,1354,CC(=O)OC=CCN(C)O
1340,1355,NC(N)C=O
1341,1356,NC(O)C1=COC=CC=CC=CC=CN1
1342,1357,C=CC=CC(=O)C1=C[NH1]C#CNCCN1
1343,1358,CCC=CC(C=CC=COC=C1C)=CC=C1N
1344,1359,NC=CC(O)C=C1C=CC=C=C1
1345,1360,CCCCCCS=NCF
1346,1361,CNS(=O)=NCC=CC(C1)C1O
1347,1362,CCP(=N)C(=O)N=C(CS)C1=CC=CCCCC1
1348,1363,CCC=CC=C(C(O)C(=O)C)C[NH1]C
1349,1364,O1N=CN=C1C=C2C=CC3=CCC=C2C3
1350,1365,CC=CC1=NN=CC=C1F
1351,1366,C=C1C2(N)NCC2C(Br)=C1
1352,1367,CCOCNC1CCCCCCCCC1C=O
1353,1368,CCCNCCOCCCC=C
1354,1369,NC(C)OC=NC1(C(C)=CC1)Cl
1355,1370,C1CCC1OCCNCC
1356,1371,CCC(O)C1(CN)CNCCC=C1
1357,1372,C=C(C1C=CC=C2CC)CNC2=C1
1358,1373,C1(=O)CC=C(O)NC=CC=C1
1359,1374,C1C(C(=O)C1CCN)CCCCO
1360,1375,CPNC(=O)OC=CSC=C(O)C=C1C=C(Cl)C=C1
1361,1376,C1CCCCCCC(C)CCC1S[NH1]
1362,1377,CCCCCCCO
1363,1378,OOC#CC(C)=NN=NCCCC
1364,1379,NC=CC(N1)=C(C)CNC1C=NN
1365,1380,C1N(C)OC1=O
1366,1381,CCN1CCN(OOCC#CC)C1=C
1367,1382,ON=NNS
1368,1383,N(C)Cl
1369,1384,CC(C)S1C=CC(C)SC(=O)O1
1370,1385,O(N)C=C([SH1])CC(=O)NC(=O)[PH1]#C
1371,1386,CCNC(C=NCF)COP=N
1372,1387,CCCC(C)(O)C(C)CC#N
1373,1388,C=CC(NC1)=C2C=CC=C1CCNCO2
1374,1389,OC=CC=CC=C(NC)CC1=CC=CC=C1C=N
1375,1390,C1C=CC=NN1CCl
1376,1391,N12CNC=CC1(N)CCCO2
1377,1392,CCCCC(Cl)CC(O)C=O
1378,1393,O1C=NC=C1CSC2CSCC(C)C2
1379,1394,OCNC(C)C(N1)=CC=CC(C)=C1
1380,1395,CC([NH1]CCC1CN2CC1C)CCSC2
1381,1396,C=C1P(O)=CC=C1COC#CCCOC#N
1382,1397,CC=CC=C(O)CC(F)(C)Cl
1383,1398,C=NC=CN(C1=CC=CC=C1)Cl
1384,1399,C=CCC=CC(C1)(F)CC=CC=C1
1385,1400,CC(N)=CC=C(CCl)OC(C)OCN=N
1386,1401,CCNC(C)=CS=NC(=O)CCl
1387,1402,CC1=C(C)C=CC1N(O)O
1388,1403,CCC(=O)CCCOCC(=O)OCC
1389,1404,NC(C(O)C(=O)COC)NC(O1)=C1
1390,1405,CCC(C)(N)CCC1C=SC=CC=C1C
1391,1406,CCSNC(C)=CC(=O)C
1392,1407,CN=CC(=O)OC=NC(CNCC)=CN
1393,1408,CCC=CC=CC(=O)OC(=O)CN=C
1394,1409,C1CCC[NH1]CNC[NH1]C2=CC1=C(C)CC(SC)=N2
1395,1410,SCCCCCCCC=CO
1396,1411,CN=C=CCC=N
1397,1412,C1=CC=C(N)CNCC=C1
1398,1413,O1C(=O)CC(C=CC)=CC=C1
1399,1414,C1N=NC=C1CNN=CC=C(C)C=C
1400,1415,C12=C3CC(C[SH1]1C(=O)OC3)CC2
1401,1416,CCC=CC=CC(=O)OCCl
1402,1417,OCOC(=O)C=CC=C(C)C=NC=C1C=C[SH1]N1
1403,1418,CCC(=S1)CC=CC=C(Cl)CO1
1404,1419,CCNN(C)CCOC=NC=CC(C)=C
1405,1420,CC1=CC=CC=C1NNC(Cl)CC=CC=CN
1406,1421,CCC(=S)C(N1)N=NC2C3(C=4C=CC=C3N1)C2C=4
1407,1422,O=CC(N1)CCC=CC2=C1C=CC[NH1]2
1408,1424,C=CC(=O)C1=CC=C(Cl)N=C1
1409,1425,C=CC1=CC2=CC=C1CC3CCC2C3
1410,1426,CC=CC(CC=NC=CN=CC)=NC=CN
1411,1427,N(O)=C(C)Cl
1412,1428,OC(=O)P(C1)C=CC=C(O)C1
1413,1429,NC=CCC=NC1=CC=CC1
1414,1430,CC=C(O)C(P)(C)OC1=CCC=C1
1415,1431,OC=NC=CC[NH1]C(=O)C(C)(N)C=CN=C
1416,1432,C#CCOCC=CC=CC=C
1417,1433,O=C(C)CCCCCCCCCCC[NH1]
1418,1434,OC1=C(C2)CC=CC=C2C=CC=C1N
1419,1435,CC(=O)CO
1420,1436,C(O)CN1C(C2)NCC1C=N2
1421,1437,CC(C)CC(C)CCC(Br)[NH1]C=O
1422,1438,CCNC=NC=NC=CN=CN
1423,1439,COC=CC(CC1=CC)=CC=C1
1424,1440,N1C=COC(Br)C=C1C=NC(F)=CC=C
1425,1441,OC(=O)SCC(=O)OC(=O)CNNCO
1426,1442,CC(CNO)=NNCCCC(CCCC)CO
1427,1443,CCC1=C(F)COC1CCCCCC
1428,1444,C12C(C)CCCC1=NC=CN=CC=C2Cl
1429,1445,CCOC1=NC(=O)C=C1C=CC(C)Cl
1430,1446,OC=CSCNN=C1C=C[NH1]C=N1
1431,1447,CCC=C(N)CCl
1432,1448,CCCCCNCl
1433,1449,C=CC=CC1(N)C#CCN=C=C1
1434,1450,CC(C=C(N)C12)NCCCN1C=C2C
1435,1451,CCCC=CSC(C=CC1=CC)=CC=C1
1436,1452,COC=CC=CC=O
1437,1453,C=C1SC=CN=CC2=CC=CC=CC21F
1438,1454,CCCC=CC=C(O1)C(CS)C(=O)OC1
1439,1455,C1CC[NH1]C(=O)OCOC=SCC(C)CC1
1440,1456,NCCNC=C1C=CC(C)SC=C1
1441,1457,O1NC(=O)C(C)C1OCCC
1442,1458,OC(O)C(=O)NOC=C1CC=CC=CC1
1443,1459,COC(CCC)CC(O)(SCO)C1=CC=CC=C1
1444,1460,C=CNC1(CCN)N(C)CNC[NH1]C1
1445,1461,C=1(C)C=C[NH1]N=1
1446,1462,NCOC=CC=C[NH1]CF
1447,1463,CCC(C=CC=NOCC)(O)O
1448,1464,OC1=NC=C2C(O)CC2C=C(N)C=C1
1449,1465,CCNCNCO
1450,1466,NCCC(O)C(C)OC1(O)C(=O)C1N
1451,1467,NC(C)OC(=O)NS(=O)[NH1]C=O
1452,1468,CCC(=O)OC(=O)O
1453,1469,CC(=O)C(C)C=NC=CC(=O)C=CN
1454,1470,C=C(S)OC(=O)N=C(C)ONC1=C2C=NC1=C2
1455,1471,C1CCC1CO
1456,1472,CCCOC(=O)SOSC
1457,1473,C#COC(CC)CCC(C)N
1458,1474,O1CCCN(N)CCCCN1
1459,1475,O=CSC(O1)[NH1]COCC1=O
1460,1476,C1NCCC(O)C1OC
1461,1477,CC=C(C)C(=O)COCC(C)C=CC=CN
1462,1478,CC(C)OC=CN=CC=CCOC
1463,1479,NSNC1CCNC1C=O
1464,1480,CCC(=O)NC(C)=NCC1SC(C)CCCN1
1465,1481,NC(CC=C)C=C1C(Cl)=CC=C1
1466,1482,O=CCCC
1467,1483,CSC1OCCC(C)CC1C(=O)O
1468,1484,NC(O)C1=CC[NH1]C=C1C=CC(C2)=CC=CC=C2
1469,1485,CCSC1=CC=C2C=C1CCN2
1470,1486,CC=C(NNCC(O)=C)C=CCC
1471,1487,CCC=CC=CC1=CC=CC=C1
1472,1488,CC1=CC(N)C=C1C=CCN2CCC[NH1]2
1473,1489,CC(C)CCCOC=S(C1)CCCCCCS1
1474,1490,N12C=C=CN=C1C=CC=C2O
1475,1491,CNCSC=CC=CN
1476,1492,COCOC=C1N=CC=C2C1ONSC2C=O
1477,1493,CC=CC1C=CC2=CC=CC=C2C1
1478,1494,O1C=CCCC(O)(C)OC=C1
1479,1495,COC=NC=CN(O)C=O
1480,1496,C=CC=C1C=C(C2)N=C1CCCCC2
1481,1497,SCCCCCCC1CCC=C1C(C)O
1482,1498,OCNC=CC=CC=CC=CCl
1483,1500,C1=2CCNC3CCC1C=C3C=2
1484,1501,NCCC(=O)SN(N)CCC(C)C
1485,1502,CCCCC=C=NCC=CC=CCl
1486,1503,O=NOC1=C2C=CC=C1CCCC2
1487,1504,C(=O)ONNC=S(N)=S
1488,1505,NCS1(O)CCCCCC1(C)CCF
1489,1506,C=SSC(Cl)C(Cl)CCO
1490,1507,CC=CC=C(N)C(C)NC=CC(C)F
1491,1508,CCCC(C)C1C(C)OCNC=C(O)C1
1492,1509,NCCCC(N1)=CC=CC=C1
1493,1510,NC(=O)C1OC=CC1N=C
1494,1511,CC(N)C(=O)OCC=C(Br)C(C1C)C=NO1
1495,1512,CCNC(O)C1=CC=CN=C1
1496,1513,CNN=C1N=CN=C1OSCN
1497,1514,CCOC(CCCCC(=O)NC)CC=O
1498,1515,C1OC=CN=CC=C=S1
1499,1516,NC(=O)OCCCCC=C
1500,1517,C12=C3C=C1CC=CC=CC=C2CC=C3
1501,1518,NC(=O)CN1CC=CC(C)CCC1
1502,1519,CC=CCCCC=CNC1=CCC=C1CCl
1503,1520,CN=CS1OC(=O)OC(=O)NCCC1
1504,1521,O=C(CC(=O)C)CC#N
1505,1522,CC(C)CCCCCCC1CCCCC1
1506,1523,C=CC=CC=C1C=C(CC2)CCCCC2C1
1507,1524,CCNCCC=C1C=CC=CC=CC(=O)N=C1
1508,1525,COC(CCCCC1NNC(=O)C=C)C=C1
1509,1526,NC=CC(ON=C1C=C2C)(C=CC=C2)CN1
1510,1527,C(COC1=CC=C)C=C1NC(=O)O
1511,1528,N1C=CC=C1C(N2)CCNC(C)=C2O
1512,1529,CC=CC=C(COCO)SC(=O)C=C[NH1]
1513,1530,C(=O)C=CC(=N)C=CS(O)=C
1514,1531,N=CC=CC1C=CC=N1
1515,1532,CC(=O)C(Cl)C(N)CNC(C)CCCN
1516,1533,N1C=CC=C(C)OCCCCNC1Cl
1517,1534,O1C=CC1(C(=O)SC(=O)CC)OC
1518,1535,C#CC(=O)CCCNCCC(=O)O
1519,1536,COC=CN=C(N)CC(O)C(=O)O
1520,1537,O=CCC=CCBr
1521,1538,CCOC=CC=CN=C(C1)CC=CC=C1
1522,1539,NCCC=NC(N)C12CCNC1CC(C=3)C2=3
1523,1540,NC=CC1=C(N)C=SC=C1
1524,1541,CNC1=CC=CC=C1CCC2=CC=CC=C2
1525,1542,COC(F)C=NC=CC1=C2C=CCC1C2
1526,1543,O=C(N)C(=O)OC1=CC=CC=N1
1527,1544,NNC=C(N)C(N)CCN1C=C1N
1528,1545,CC=1C(=C)C=CC=1CCC=O
1529,1546,C1C(C)C(Cl)C(C#N)=C1
1530,1547,CCCCC=CC=C1C(CBr)C=C1C=SN=N
1531,1548,CC(C=CC)ONC1=CC=CC=C1
1532,1549,O=C(O1)N=CCCC1SNC
1533,1550,O=CC(CC1CCC)=CC=C1C(=O)OO
1534,1551,NC1=NCCN(C)CC(Br)C(=O)OC1
1535,1552,OC(=O)CC=CC1=CC=C(CCN1)C=O
1536,1553,NC=C(C)CCC=O
1537,1554,C1C=CC2=CC1=CCN2
1538,1555,N1C2=CCCC2=C[NH1]C(=O)C=C1NO
1539,1556,NC(=O)SC(=O)NC1CSCCC1
1540,1557,O1C(=O)S1CCCSCC2CC=CC2
1541,1558,C1NSCNCCCNC1[NH1]C
1542,1559,NC=CC#N
1543,1560,ClC[NH1]C=CC(=O)OC=CN=CC=C
1544,1561,CCC(N)=C1C=C2CCCC=C2C1
1545,1562,NC(Br)S12C=CC=C(C3=C1N)CC=C32
1546,1563,C1OC(=O)C(C)C1
1547,1564,CC(C)C=CC(CN1)=CC=NC=C1
1548,1565,OC=CC(O)CC=CN=C
1549,1566,C(COC=C)C(O)C1=CC=CC=C1C=CC=C
1550,1567,N1(CC=CC=C=SO)OC=C1N
1551,1568,C=C1C=CC2=CC1C=C(C)NC2
1552,1569,CNCC1CC1C=C2N=C(Cl)S2#C
1553,1570,CCC1=CC2C=C1CSNC(C)=C2
1554,1571,CCCCCCCCC(=O)CC(C)CO
1555,1572,NC=C(N)CCCCCOCCP=N
1556,1573,CC=CCNC=CC=CCBr
1557,1574,C=CN=CC(C)=C(O)S1C=CC=CC=C1O
1558,1575,OP(=O)C=C1C=C(O)CC=CC=C1
1559,1576,O=CC(N)=CC1=CC=CC=C1C#C
1560,1577,CCC(C)CCCCCCC=CN
1561,1578,NC(=S)CON=C(O)C=CC=C[NH1]
1562,1579,FC=CS(C(=S)NC(=O)N)C
1563,1580,NC=CC=CC=CC1=CC=CC#C1
1564,1581,O(C)OCCCC(O)CNCCOC=NC
1565,1582,O(COC1C(=O)NC)C1OC=O
1566,1583,C1OC2=CC=CC=C2COC1
1567,1584,C1OC(C)NC(O)CCC1CCCO
1568,1585,NCCNC=O
1569,1586,OC=C=C(CC1=CC)NC=CC=C1N=C
1570,1587,O1C=C1C=NCCCC
1571,1588,OCC=CC(I)Br
1572,1589,CNCOC=O
1573,1590,C=CC=CN=CNCCO
1574,1591,C=CC=CC1=CC=CC=C1C=CC(OC)=C
1575,1592,CCC(O)=CC=CC[SH1]CO
1576,1593,N=C(CCN=CN=CCC)COC
1577,1594,O=CC=CC(=N)N=C(Br)C=C
1578,1595,CC1CC=CC2=C1OCCC=NC=C2
1579,1596,CCC(=O)OC(=O)SC
1580,1597,CCC=CC=CCN(C1C=CC=C=C1)O
1581,1598,O=C=CNC=CC=C
1582,1599,CCC1=CC=C(C)PNO1
1583,1600,C1NC=CS1C(Cl)=C[NH1]CO
1584,1601,C(CCC(=O)C)=CC1(C)C2C=CN=C1C=C2
1585,1602,CC=C(Cl)C=C1C=C(Br)C=C1NCSC
1586,1603,CCC(=CC=C)C1=CCOC=C1
1587,1604,CCSC(C)C(C)=C1C=CC=C1
1588,1605,CC=CC1=CC=CC=C1NCC=N
1589,1606,C1NC2=CC=CC=C2C(=O)CC1N=O
1590,1607,NCNC(C)=C=CC1=CC2=C(Cl)COC=C21
1591,1608,CC=C(CN=C(Cl)C[NH1]C)NC=C
1592,1609,CC(O)C=NN=C(N)PC=CC=C
1593,1610,CCCOCC
1594,1611,C1(=O)N=CC=CC=C1C
1595,1612,CCCSC(=O)ON[NH1]S
1596,1613,CC(N=CC1=C(O)C)CC=C(O)C1
1597,1614,OC=CC(C(=O)OCN=CCCON=O)=N
1598,1615,CCCCCNCC=CC(=O)I
1599,1616,COC=C=C(SCO)C=O
1600,1617,CC(O)=C(N)CC(N)=CBr
1601,1618,CC(OC=C)CCl
1602,1619,C1(=O)C=C1C(=O)OO
1603,1620,C(=O)CCC=NC=CC
1604,1621,O=C(C1C(C)CCCC)NS1C
1605,1622,C1CC=C(C1CCCCC)C
1606,1623,OC(=O)CCC1C(O)NCC1
1607,1624,N1C(O)C=CN=CC=N1
1608,1625,O(O)NCCCCCC=CC=C
1609,1626,CCCC1CCCC=C1
1610,1627,CCC(O1)C=C(O2)CC=CC=C2N1
1611,1628,CCCCC=C1C=CC=C[NH1]1
1612,1629,CC(O)CCC1CCC2=CN=CNS2=S1
1613,1630,CCC1NC(C=O)OCC=NC=C1C
1614,1632,C1CC12CS=CC=C2C3CC=CC=C3
1615,1633,N1C=CC=C1CCOCCCO
1616,1634,CCC(=O)CC=CC1=CC=CC=C1
1617,1635,N=C(S)CCCCN=C1N=C(Br)CN1
1618,1636,NCOC(=O)OC=C1C(C)CCC1
1619,1637,O1CC2=CC(O)=CC3=C1C=CCN=C32
1620,1638,NCCCN=C(Cl)C=CC(Cl)=C
1621,1639,CCCNC1C=CC=C1NC
1622,1640,CC=CC=CC(O1)CC=CC=C1
1623,1642,CCCCCCC1C2C=CN=CC=C2C=NCNC1
1624,1643,C#COCCC(=O)NC=CSC1=CC=NC=C1
1625,1644,CCSCOC(N)C(C1)C(C)CC=C=C1
1626,1645,NCl
1627,1646,CCCNC(NCC=CNC(O)O)C
1628,1647,CCN=C1C=C[NH1]C=C1CO
1629,1649,OCCCCC=CC#N
1630,1650,C(C(C)C(CC)CC)=O
1631,1651,CN=C(CC1OC=CC=C)C1(Cl)C
1632,1652,O=C(C=CC=C1C=C)NCC1C
1633,1653,CC(=O)C(N)=C[NH1]C=CCC(Cl)C
1634,1654,N#CNCCOCCOCCC
1635,1655,C1C=NC(C2)(C)CCCC1N2
1636,1656,CC1=CC=CC=C1
1637,1657,CCC(=O)C1CSC=N1
1638,1658,CCC(N)C(=O)OCCCC
1639,1659,NCN1CCCCCCC=C2C=CC=C1N2
1640,1660,NCOCC(C)C1(O)C(C)C1
1641,1661,OC(=O)OC(C=CC=CC(=O)O)C(=O)O
1642,1662,NC(=S1)CCC=SCCNC(C)=CC#C1
1643,1663,O(O)C=CC=CC1=C(O)C=CC=C1
1644,1665,CC(C)=CCC1CCCC(C)=CS1
1645,1666,CCCOCCC1(C)SC=CC=C1SN
1646,1667,CC(C)CC(=O)CC=CC=C(Br)C=CO
1647,1668,CCCCOC=CC(N)(N1)N=CN(F)N1
1648,1669,NC1CC=CC=C1C=NCC(N)=O
1649,1670,CCC=CC1CN=CC=C=C1C
1650,1671,C=NCNCl
1651,1672,SC=CC=CC[NH1]CCl
1652,1673,OOC(=O)C=CC(C1=C[NH1]CCl)=C1
1653,1674,OC=CC1=CCNC=C1
1654,1675,COC(C)(C=C1OC=CC=CC2)C2=C1
1655,1676,CCOC=CC=C([SH1])NC(=O)OC=O
1656,1677,CCCCCCC=CC=C(O)C=CC=CCC1CC=CC=C1
1657,1678,NN=C(Br)NC=CC=CC=CNC
1658,1679,C(NCOC=O)NC(O)=O
1659,1680,C=1(C)C(=O)CCNCCC=1C
1660,1681,CNCCCOC=CC=CN=CC1=SC=CC#C1
1661,1682,CC1NCCC1CC=CC=C(Cl)SBr
1662,1683,OC(CC1S2CNC(C)CC)=CC=C12
1663,1684,ONCCCNC=S
1664,1685,CC=CC(C)=CC=C(CCl)C=O
1665,1686,CNCC(=O)OC(C)=O
1666,1687,O=CC=CC(CCCCC(=O)N)C=CC=C[SH1]
1667,1688,CC(N)C(C1)CCCC=CC(=O)OC1=C
1668,1689,CCCC=CC1NCCC(C)C1
1669,1690,O(NC)NCCCCC
1670,1691,C(=O)C(C)CCC1CC2SNN1CC[NH1]C=C2
1671,1692,S=1CCCN(O)C=1N
1672,1693,C=CC1C(C)CC[NH1]1
1673,1694,C1C2CC(C)=NC=CN=C1N=NC2=O
1674,1695,NCCCCCC1C=NNCC1
1675,1696,CC=C1C(C(C)OC=C)C=C1F
1676,1697,CCC=C1C=CS[NH1]N2C=CC=C=C2C1
1677,1698,C1CCC=CC(=O)C=CC[NH1]1
1678,1699,O1N=CCCC=C1
1679,1700,O=CC(Cl)=CC=C(Cl)C=CC=C1C(Cl)=C1O
1680,1701,C(O)C=CC=CC=C(C)C1C=C(NC)CCC1
1681,1702,[NH1]CN(C1)CC2CC1CCC2CO
1682,1703,OC(=S)N1CC#CCC2CNC3=C2CC3CC1
1683,1704,NC=CCl
1684,1705,COC=CN=NC=CC=CC1=CC=CC=C1O
1685,1706,O=CCC(O)S(N)=C(C)C(O)CC
1686,1707,C=C(O)C=NN=CC(=O)C1CCNCC1
1687,1708,N(C)COC=CC1=C(C2O)CC=C1C2Cl
1688,1709,OC=CSC1=C(C)NCC1C=NCCCC
1689,1710,CCSC(C)CC1CCNC1
1690,1711,O=CN=C(N)C(C)NCC=CC=C
1691,1712,C=C(O)CCC=CCC1=CC=CC=C1S
1692,1713,N1=CC(=O)ONC=C1C=CC=C
1693,1714,CN(C)COC1=CC=C2C=C1N3C=C23
1694,1715,CCCC(C)=CC=CC(=O)C=O
1695,1716,OC=C(O)C(=O)NC=CN(N)CCCS
1696,1717,O(O)C(O1)SCC([SH1]2)OCCNC2(CO)[NH1]1
1697,1718,CCN(C)OC=O
1698,1719,NCC(N)=CC1=CC=CC=C1
1699,1720,C(=O)CSC(C1)=CC=C(N)C=NC=C1Cl
1700,1721,O1CCCC(=O)OC1
1701,1722,NC=CC=CS(C(NC=CC)(Cl)C=O)CCOC#C
1702,1723,NOCC(N)CC=COC(=O)C=CC=NC
1703,1724,CCCC=CC1(C)C=CC=C1O
1704,1725,C(=O)N(CC(=O)C1CCC)CCCCCC1
1705,1726,C=CC=C(Cl)CNC1CC=CC#C1
1706,1727,CC(C1)CC2CCC1C2C=CS
1707,1728,NC1(C)NCC1C(C)CCI
1708,1730,CCCCC1CC=CC=C=C1
1709,1731,CNC(O)C(C)=CC=C1C=CC=N1
1710,1732,NCCC=CC=CC=C(Br)CSCC
1711,1733,CC(=O)C=C(O)C1=CC=C(C)C=C1
1712,1734,CCN=CC(CCCCC1=CC=N)N=C1
1713,1735,CCCCC1C=C(N)CC2=CCCC=C2C=C1
1714,1737,CC=CC=C(NC=C)C=NC=CC(=O)COCF
1715,1738,O(O1)C=CC=S1=N
1716,1739,CC1=C(O)C(Cl)=CC=C[NH1]C1
1717,1740,O(C)CCC=CC1=CC=C2C=C1SO2
1718,1741,NCN=NN(C)C=NC(O)O
1719,1742,C1CCCCC1C=CC=C(F)C2C=CC=C2Cl
1720,1743,CC1SCCC(=O)OCOC=C1O
1721,1744,COC=CCC(C=CC=C(O1)Cl)[NH1]C=C(O)C1
1722,1745,O1C=NCSCOC=NC=C1O
1723,1746,CC=NC1=C(O)CNC1=CC=CC=C
1724,1747,C1CNOC=C1CCN=CC2(S)CC=C2
1725,1748,C(=O)OC(C)COC(C)(O)C=O
1726,1749,CCC=CC(C1)C=CC=C(SCO)C=C1
1727,1750,C1C(=O)NC(=O)SCCC(C)C1=O
1728,1751,C(=O)OC(O)C=CC=C1C=CC=C(N)C1N=C
1729,1752,C=CN=CC=CN(CCC(N1)N)CC=C1N
1730,1753,OC=CC1=C(C)NCC1=CC2=CC=CC=C2
1731,1754,CC=CC=C(SC=C)C1CCCC=C1
1732,1755,C1OC2(Cl)SCC1CCCN(O)C2O
1733,1756,OC1C=C(OC(O)C(O)C)NC1
1734,1757,N=NC(C1(C)NCCOC=O)NCOC[SH1]1
1735,1758,CC=C(O)C(C)C(C)=COC=CS(Cl)S=C
1736,1759,C12C=CC=C2CCC=CC=C1C=C
1737,1760,O1C=CN(C)OCOC1
1738,1761,CC(C)NC1(C)CCNC1CCNN
1739,1762,NNC1=CC(P)CCCON=C1
1740,1763,CCOC=NC=CC=NCC(C)C=O
1741,1764,N(C)CCCNF
1742,1765,N=C(N)C(C1=O)OC=CC=CC=C1N
1743,1766,O=C(OCCCN=CC=CN=C1C)CC=CC=C1
1744,1767,OC(O)CCCCCC
1745,1768,CC(N)C(=O)OC1=CC(N)C=S1
1746,1769,CCOC(C)CN(C1)CCCNC1
1747,1770,CC(C)=CC(C1CCC(=N)N=CC)=C(C)C=CC1=C
1748,1771,OC(C)N1CC2C=C(Br)CC=C2N=N1
1749,1772,CCCCCCC=1CC=NC=1
1750,1773,NC(=O)CCC(C)[NH1]C=O
1751,1774,CCC=CN=C(C)S1C=CC=C1
1752,1775,OCOCCC12CCCC=C(O)C1O2
1753,1776,CCC=NC=C1C(C)=CC(S)=C1S
1754,1777,C1OCC2N=C1C(C)NC=CS2
1755,1778,NCC(C=NSC1CNC)CC1N
1756,1779,OC=CCC(=O)C=CC=CC(=O)O
1757,1780,FCC=CC(C1=CC=CC2)CC=CC=C21
1758,1781,C(N)N(C)CNCCNC(C)C
1759,1782,CCCOCCC=C1C=CC=C1F
1760,1783,CCC=CC=C(N)N=CC=C1CCCCC1
1761,1784,CCCNCCC(O)CC
1762,1785,N1CC=CC=C(N)C=C1Br
1763,1786,CCNCC(=O)OC=CC=CC=C(O)F
1764,1787,C1C(CCOC(N)SN)C1=O
1765,1788,CCCCCCC(=O)C(O)C(O)C(C)(O)O
1766,1789,COC=NCCC1C(O)COCC=C1
1767,1790,O=CC1=C(C)SC2=C1C=CCN2N=O
1768,1791,C=NCC=NC(C(C1)=NC=NC(C)C1)=O
1769,1792,CCCNC1=CC(=O)COC=CC=C1
1770,1793,C=C(OC=CCC)C1C=COC1
1771,1794,OC=C(SC(=O)NCCC)CCCCCCC(C)=N
1772,1795,CCCNC1=NC=CC2CN=CN=C2C1
1773,1796,C(C)CSC=CC1=CC#CC=CC=CC1
1774,1797,CCCCC(=O)C(C)CNC(=O)OS
1775,1798,C1N=C1C=CC(C)=CC=CC=C
1776,1799,COC1=CC=CN=C(F)C(N)=CCNS1
1777,1800,C1CN2CCCNC2C1
1778,1801,C1N(O)C(N)C(=O)[NH1]1
1779,1802,C1C(N)C(O)C=C(O)C(=O)NC1
1780,1803,CCCCCCNCCNOC=NCC
1781,1804,C1C=CC2=CCOC=C21
1782,1805,CC1CCCNCCCS1C=CC
1783,1806,NCCCCCCCCCCC=O
1784,1807,O=C(N)C=CSCC1CCC=CC=C1
1785,1808,CCCC(C)C1CCCC=C1
1786,1809,CCCCCCCCCCCO
1787,1810,CC([NH1]C)NOCO
1788,1811,NC(O)(O)NCCCC1CCNC1C
1789,1812,CC=C(CC(=O)COC=C1C)CC=C1N
1790,1813,CC=CC=CCOCCCNCC(=O)O
1791,1814,C1CC(=O)C=C1OC=NC2(O)CCC2
1792,1815,O1C=C2C=CC1CCCC=CS2
1793,1816,COC=NCN1C(=O)OONCC=NC=C1
1794,1817,CCOC(C)OCC1=NN(O)N1
1795,1819,CNC(=O)CC=C=CC=CCl
1796,1820,CNC=C(NC=N)C1CC=CC=C1C=C
1797,1821,CC=CC=C(CCN=NN1C(C)C=C)O1
1798,1822,NC(CC=CN1)C=CC=NN1
1799,1823,SCOCCCCCCOC
1800,1824,CNCNCNNC(N)CCC
1801,1825,C(C)(C1=CC2NC=C1CC2=O)O
1802,1826,CNCCCC=CC=CC(C1)C2C=CC=CC=C2C=C1
1803,1827,CCOCCC1CSSNC1
1804,1828,C=NC=CC=C1C(C(F)=C)C=C1P=C
1805,1829,C1=C(C)CC12C=C3CCCC3=CC=C2
1806,1830,CC=CC=CC[NH1]C(=O)C(CC)=C
1807,1831,N12N(N)CCCCCCC1=C2
1808,1832,CC(N)=NC1CCCN1C
1809,1833,OC=CC=C(Cl)CN=COC=CC=CO
1810,1834,OC=CC=C(C)C=C1C=C(O)C=C1S2C=C(C)CCC=C2
1811,1835,N=NC=C(Br)C1(O)C2=CC=C1S3C=CC=C3C2
1812,1836,C1N2C=CCC=C2NCN=NNC1
1813,1837,C=CN=C1C=C(Br)C=N1
1814,1838,NCC1CCC=C1COCCC
1815,1839,C1NC(=O)COC=CC2=C1CCCCC2=O
1816,1840,CN(C)NC(C)CCCCCC
1817,1841,O=C(N)CN=CC=N
1818,1842,C=NC=C(Br)CCCCCCCN
1819,1843,OC(CNC)=NN1CC(C)=CC=C1O
1820,1844,N=SOC(OC=NC)=C
1821,1845,COC(O)C(C)CC(S)C
1822,1846,CN=CC=C1C=CCCC1
1823,1847,NC=CC=C(F)NCCC
1824,1848,N1=CC=C1C(=O)ONN2CCNC2C=C
1825,1849,OOC=S1(Cl)C(N)=CC(F)=C1N
1826,1850,C=C(Cl)C(F)NC(=O)C=CC=CO
1827,1851,CCN=C(CCC1)CC=CC=C1
1828,1852,CC=C1C=CC2=C(N)N=CC2(OC)NC1=N
1829,1853,CN(O)C=CSC(=O)NC1=CC=CC=C1
1830,1854,O=COC(O)C=CC=CC=CC
1831,1855,NSC(O)CC(C)=CCN=CN=C
1832,1856,CCNC(=O)CC(C)C(=O)CC=O
1833,1857,C=NCNN1C(=O)C(CO)C=NCSC1
1834,1859,C1C=CCON1C(N)C2CCCC2
1835,1860,CCCC=CCCSC=NC=CC1=C2C=C(C=C1C2C)CN
1836,1861,CC(C)CCC(C1=CCOC(C)C)C1
1837,1862,CCCCCC=CO
1838,1863,CC(=O)C(C)(C)C=CC(C1NC=CO2)C=CC(C)=C21
1839,1864,COCC(C)(C)OS(=O)NC
1840,1865,C1NCCCCCSSCCC1
1841,1866,CNCCNC=CC1=C=C=CC=C1
1842,1867,CNCCCCCCCC[NH1]C=CC=C
1843,1869,CNC=C(C1=CN(O)NCC)CC1
1844,1870,C=CC=C(CCl)OC=N
1845,1871,C1OC1CC(=O)OC(C)ON
1846,1872,C#CCCOC=CC(=O)OC(CN)=O
1847,1873,CC(C)(C(C)(C)C)OC=CC(C#C)S
1848,1874,CC=C(Br)S1(C)N=C([PH1])C=CN=CC=N1
1849,1875,CC1CC=CC=C1CC(N2)CC=NC2
1850,1876,CC(C)CCCCNCC
1851,1877,N(C=CSC(=O)C)=O
1852,1878,CCCC=CC=CC(=O)C=C1C=CC=CC=C(Cl)C1Cl
1853,1879,C=NC=CC(=O)CC(N)C(=O)NCO
1854,1880,NC=NC=CC1=C(C(F)O)C1=CO
1855,1881,NNC=CS[NH1]CCCCBr
1856,1882,CSC=CC(=O)COC=CC=CC=CNC(O)C=C
1857,1883,O=NNC1=CC=CC=C(Cl)C1N
1858,1884,COC=NCN[NH1]C(=O)C(Cl)OC=O
1859,1885,CC(C1)C(=O)NN=C1
1860,1886,C=NCC=NC1=CC2=CC=C1CC2
1861,1887,NCCC=C(CCC=NC=CCCl)CCl
1862,1888,CC(=O)OC(C=O)N=CC1=CC=CC=C1
1863,1889,CSC=C1C(O)C=C2CC=CC=C2C1
1864,1890,OC1CCCCCCNCC#C1
1865,1891,NC=CC=CN=C(O)CC
1866,1892,CC1C=C(S)C(=O)OCN1
1867,1893,CC=CC(=O)NC(=O)O
1868,1894,CCC
1869,1895,N=CC=CS1C=CSC=C1
1870,1896,NC(C)=CC(O)C1=CC=CC2=CNC=CS21
1871,1897,CC=CC(C)N1C=NCCN1CCO
1872,1898,O=C(CCCN(C)CS)CCOC
1873,1899,C=CC=CC=CC1=NN=CN=C1C#N
1874,1900,C=C(C)CCC
1875,1901,O=C(C)C=O
1876,1902,CN(N)C=NC(=O)C(F)NC(C=CC)=CO
1877,1903,C1C=C[NH1]CNC=C1CCCC
1878,1904,CCC(N)=C1C=CSC1C=CC
1879,1905,N=1CCCCC(C)C=CN=1
1880,1906,COC=CC(COC(=O)NC1)=CC=CC=C1
1881,1907,CC1CC=CC=C(C)NC1
1882,1908,FNN(O)OC=C1C=CC=C(Cl)C1=CS
1883,1909,C1NC2=CC=CN2S=C1C
1884,1910,CNCOCNCCC#N
1885,1911,C1=CC=CC=C1C[NH1]C2C3CN(C)C=CC2=NC3
1886,1912,C1CCCNOC(O)CC1
1887,1913,OS[NH1]C(=O)CNC=CC(=O)NCCN
1888,1915,CNC1NC=CN(C)C2C=CC=CC=C21
1889,1916,OC=CSCOC(=O)OCCCCCCCC
1890,1917,CCC=NC=C(O1)C(=O)C=CC=CC=C1
1891,1918,C=CCC1(C)C=CC=C1
1892,1919,CC1C=C(C2(O)COC)N1NCCC2
1893,1920,S=CC=CC=C(C)COCC=CC=C
1894,1921,CNSC=CC=C1C(C)=CN=C1
1895,1922,C=C=CC(=C1)C=C(Br)CC1=CC
1896,1923,C1CC=2CSNCCCC=NC=21
1897,1924,CCOC=CN(O)C(O)S(C)=O
1898,1925,CC=CN=C(Cl)N1C(=O)C=C=C[NH1]1
1899,1926,C(=O)NC=CC=C
1900,1927,C1(N)=C2C=CC=CS2C1(F)C
1901,1928,CCS1C=CC(C=C1CNC=O)C=CO
1902,1929,OCCC=CC=C(Cl)C(=O)O
1903,1930,NCOC(=O)OCCCl
1904,1931,CSC=CN=CC=NCCC#C
1905,1932,NCCCC1C=CC=CC=C1
1906,1933,CCCCCC1=C(C=N[NH1])C1N(C)CC
1907,1934,CC(C=CC(C1)CC=O)C=C1O
1908,1935,CC(=O)N=C(O)C1=CC=CC=C1NNC
1909,1936,CCC(C)C(=O)Br
1910,1937,NC(C)N=CCC(C)C=1OC=1[PH1]
1911,1938,CCCC(=O)C=O
1912,1939,CC=CC=NC(O)=CC=CC=O
1913,1940,N#CCC(=O)NCCCC=N
1914,1941,NC=CC=C(C)CC=C(C1=CF)C=CC(O)C1=O
1915,1942,C=CC=CCCC1SC=CC=C1
1916,1943,CCCCC1(C)C=CC=C1C
1917,1944,C(=O)(C)CNC(=O)OC1=CC(C)=CC=C1
1918,1945,OC(=O)N=CC=CN=C
1919,1946,NC=C(N)C(=O)C=CC=CC(=O)C
1920,1947,N1C=CNN(C=CC=C1OC)O
1921,1948,CNCC
1922,1949,C1CC=CC=CC(C)=CSC=C1
1923,1950,C=C(C)NCC=C(Br)C1=CC=CN(N)C1
1924,1951,NC=C(S)CC#CC=CNC1C=NC=C1
1925,1952,CC1C=CC(C)N1CCNC
1926,1953,OCC(O)C(C)=CC1C(O)=CC=C1
1927,1954,C(N)C=COC(=O)O
1928,1955,CC(=O)CCC=NN(N1)N=CC=CC=C1F
1929,1956,CCI
1930,1957,CPC(N)N(O)C
1931,1958,CC(=O)CC=CC=CC(C)C#C
1932,1959,COCC(C)CC=C(C)OC1=CC2=CC=C12
1933,1961,CC=CNNC(=O)CCC(=O)N
1934,1962,O=CCC1C=CC=CC=CC=C1
1935,1963,CCC=CC1=CC=CC=C1
1936,1964,CC=CC(N)CCCC1=C2SC=C1CC2
1937,1965,COC=CC=CC=CC=C(Cl)CO
1938,1966,CCC=1C=CN=CC=1C2(O)C=CC=C2O
1939,1967,NC=CC(C)=CC=CC=CCl
1940,1968,SC(=O)CC1CCC(N)=CC=C1
1941,1969,CCOC(Br)C1CCCCCC1
1942,1970,CSCCC=CC=CC=CC=CC(Br)C#C
1943,1971,C12OC1C=CC=C2C[SH1]N=CCNC
1944,1972,NCCCCN=CC=C(O)C=CC=C
1945,1973,N1OC=C1COCSC=CN=NC=C
1946,1974,CCCNOCC=CNCC1C(=O)NCC1=O
1947,1975,CCNCCCl
1948,1976,CC=CN=C(N)C1=C2CCC=C21
1949,1977,OC1C2=COCC(C)CC1C=C2
1950,1978,C1CCCCCC(=O)OCCSC1=O
1951,1979,COC(=O)CCC=NCC=CCO
1952,1980,CNCCC(=O)OC=CN=NCNC=C
1953,1981,CN(C)C=O
1954,1982,O(C)CC(=O)CC#CCNC
1955,1983,SC=CCC=C(O)S(CCO)#N
1956,1984,C1(O)C(=O)OC=CC=CC=C1
1957,1985,OCCN(C1)CNC=C1C=CC=C(Cl)C=C
1958,1986,C1N2CCCC2C3=CN1NC=C3
1959,1987,OCC
1960,1988,CCCOC(N)=CI
1961,1989,OC=C1C2=CC3=CC=C2C(=O)N=NNC=C31
1962,1990,CC(C)CNCC(=O)CCCC1C=CC=CC=C1
1963,1991,C1CNNCONC1=O
1964,1992,CCCCCCCC(C)=CCNCNC1=NCCCC1
1965,1993,C=NC=CC=CSC1=NC=CC=C1
1966,1994,OCCCOC(C)(Cl)C=CSC=CC[NH1]C(N)CC=O
1967,1995,O=CC1SC=CC=C1C2=CC=CCN2
1968,1996,O=NCCCC1CC(C)NCNCCCC1
1969,1997,OCC(=O)OOCBr
1970,1998,COC=NC(=O)C=CC=CNN
1971,1999,CC=CC=CN=C(S)N=C1C=CC(C)=C1S
1972,2000,N(C1)(O)C=CC=C1N2C=CCCC=CC=C2
1973,2001,SC(=O)C=CN=CSNCCN=N
1974,2002,CCNC(=O)NOCC=O
1975,2003,O=CC1=CCNCCC=CC=C1
1976,2004,O1CC1(C)C2C=CC=C2
1977,2005,NC(=O)NCl
1978,2006,CC=CC=CC=CC1=CNCC=C1
1979,2007,COC(=O)CCOC(C)CC
1980,2008,CCCOCSC(C)C(=O)C(=O)O
1981,2009,N1CCC(=O)OC2CCCC12
1982,2010,NCC(O)NC(=O)O
1983,2011,CC=CSC
1984,2012,N(=O)CC(N1C=CCC=C1)O
1985,2013,CO[NH1]C(=O)OCOC(N)=O
1986,2014,CNSCN(S)CNC(=O)C=C1C=C2C=CC=C12
1987,2015,CC1CC2CCC1C2CC3CCCCC3
1988,2016,CC(N)C=O
1989,2017,CCC(C)=C(C)CC1=CC=CS1C=C
1990,2018,OC(=O)OCC1=CC(=O)N=C1C=CC(C)=C
1991,2019,C1OC(CC=CC=C1[PH1]N=CC)NC=C
1992,2020,COC(=O)COC(O)CC(C)C
1993,2021,N1=C(C)CC(C)=N1
1994,2022,NCC(=O)CNCOC(C1)CC(C)=C1
1995,2023,CC
1996,2024,N=1CCCC=C=1
1997,2025,COC(=O)C(F)C(C)CSCC
1998,2026,C1CCCC1OC(=O)OC(=O)O
1999,2027,C=CNCC(C)CC
2000,2028,CC=CCCCC(=O)O
2001,2029,C#CC=C[NH1]C=C(N)C=NC=C(C)C(O)SO
2002,2030,CC(=O)NCN(C)C=C(F)C=O
2003,2031,O=O
2004,2032,NC(=O)OC=CC=CN=C[NH1]C(N)N(NO)N
2005,2033,OC=C=NCCC#CN=CC=CNC=NO
2006,2034,CC(=O)C(NC)CCCNCC
2007,2035,[NH1]NCOC(=O)C(N)CCC1C=CCC1=C
2008,2036,CC=NC(C)CNCN
2009,2037,OCCCC
2010,2038,COC(C)SCCCC=CCCCO
2011,2039,C12OC1O2
2012,2040,CC(CCCC=C)C=C(Cl)C=CC=C
2013,2041,SNCOCC(C)CC=CC=NC=CC1=CC=CN=C1Cl
2014,2042,CNCC1CC2=CCCOC1NC=C2
2015,2043,NCCCCC=NNS1C(C)NCO1
2016,2044,CNC(O)C1=C2C=COC=C2N1
2017,2045,CC(NCNC=CC=C)C=C1C=CNC=C1
2018,2046,CCCC(=O)CN
2019,2047,O=C(N)C(C)CC(F)C=N
2020,2048,NC=CC1C2=CC=CC=C(N)C2N1F
2021,2050,COC(N)C(=O)OC1=NC(O)C=CC=C1O
2022,2051,C(CNC1C)C(C)CS1
2023,2052,C=1N=CCC(C)C=1C=CN=C
2024,2053,CC(=O)C(C#CC(C)NC=C[NH1]C1)=CC(CC)C=C1
2025,2054,CN1C(C)OC=CC(=O)O1
2026,2055,O=C(O)C=C(Cl)NC1=CC=CC=C1O
2027,2056,N12NCCCC1=C2
2028,2057,COC=NCCC(=O)N(O)O
2029,2059,NCC=CC=C1C(Cl)=CC=C1
2030,2060,C=1C(=O)S(C)#CC=1C2=CCNCC2=O
2031,2061,CC=CC=C(C)OC=CC=N
2032,2062,C1CNC=CC=C2C(N)=CN21
2033,2063,CCC=CC=CC=CC(C)(O)C=C1C=CC=CC=C1
2034,2064,O=CC=CC=CNC=CC=C
2035,2065,C1CNN1NC2=CC=C3N2C3
2036,2066,CN=CC=C(N)CC1OCCCC1C
2037,2067,CP=CC=NC=CC=CC=C[NH1]
2038,2068,CCCC(N)CCCCC(=O)OCCCO
2039,2069,CCNC12CCCC=C1N3NCCC3N=C2
2040,2070,CCC1=CC=CC=C1C(N)=CC=CC
2041,2071,CCC(O)C=CC(F)C(C)=NC
2042,2072,OC=C(N)CCCCCC1CC=CC=C1
2043,2073,N1CC(=S)CCSCC1
2044,2074,NC(=O)COC1=C2C=CC=C1C(=O)NC2
2045,2075,CNCC(=O)CNC(=O)O
2046,2076,NCN=NBr
2047,2077,CCOC(=O)OC=CC=C
2048,2078,COC1CC=CC=C1COCCO
2049,2079,C(O)OC(=O)ONC=NNC(=O)NNC=O
2050,2080,O1C2=CC1NC=C2CNCC3NC=NC=C3
2051,2081,CC=CC=CC=CS=C
2052,2082,CC=CC(F)(Cl)NC(C)O
2053,2083,CNC(N)CCCCC(O)C=O
2054,2084,COC(=O)O
2055,2085,NOC=C(Br)C=CC(N=1)CC=CC=1
2056,2086,O=C(NCCC=CCCOC=CC)CC=C=O
2057,2087,C#CCCC1(CC(N)C1C)COC=N
2058,2088,NC(C)OC(=O)CCCCC=C
2059,2089,OC=CC=C[NH1]C(C)=C[NH1]C(C1)=C1
2060,2090,CC=CC(C)C1=CC2=CC=C1C2
2061,2091,O(O)SC=NC=C(O)CC=C
2062,2092,CNC(=O)OCC(O)OCCCC=O
2063,2093,CCC=CN=CC(=O)O
2064,2094,NN=CC(=O)C=CC=CC=CC(O)C1N=C1
2065,2095,C=CC=CC=C(C)Cl
2066,2096,C1(=O)CC=CSC(N)=C1
2067,2097,CC=CC1CC=C1O
2068,2098,CC(C)=CCCSCCCN=CC=CC#C
2069,2099,CC1=CC=C2C=C=C(S)C21
2070,2100,CC1(C)CC=C1OC2CCCSC2C=C(O)C
2071,2101,CNC(C)(O)OC
2072,2102,OC(=O)CC(CCOCCCC(N)O)C
2073,2103,N=C1C=CC=C[NH1]S=C(O)C1
2074,2104,CC=C(CCNCC1CC)CC=C1CO
2075,2105,CC(=O)OC(=O)C1SC1S
2076,2106,C12=CCC=C1N=C2
2077,2107,CC(N)CCNNC=SCC(N)CCNN
2078,2108,OC(C)CCCCCCC=CC=CC=CN=SN
2079,2109,C=CC1=C(O)CC(C)(F)CSC=C1C
2080,2110,O1C=CNCOC2CCCC2N1
2081,2111,CC=CC=CCSC=CC=CC(C1)=C=C(F)N1O
2082,2112,CC=CC=CC1=CC=CC=C1
2083,2113,CCOC=CC(C1)=CC2=CC=C1N2
2084,2114,O1CC=NC1(CCC)C=NC=CC(C)=CC#CC
2085,2115,C1CC2=CC=CC=C2C=NCN1
2086,2116,O=C(CNCC)C=O
2087,2117,CC(=O)CNCCCCCCCC
2088,2118,NN(N)CC(=O)N1CCCC1
2089,2119,CCC=1CC=C2C=1CCCC2C=O
2090,2120,OC(=O)C(C)CC=C(C1)CC=CC=C1
2091,2121,CCCCCCC(Cl)[NH1]CCCC
2092,2122,CC(CC=C)C1(C=C(C2)C)CCCC2O1
2093,2123,CC(C=CC=NC=CC)N(C)CBr
2094,2124,NC=CSCOC(C1)=CC=CCS1[NH1]
2095,2125,COC(C)CC=CC=NC1=CC=CC=C1Br
2096,2126,CC1C=CCCC1
2097,2127,NN(C)CC(C=NC=O)NC=C(C)F
2098,2128,O1C=C[NH1]C=C(O)C=C1C
2099,2129,N1CC2C1CC3NC(Cl)C3CN2C
2100,2130,CCC=CCC(=O)OCCCCCC
2101,2131,CCSC=CC=C1C=CC2CC1CS2
2102,2132,CCCC=NC(C)CCCCC1CCC=N1
2103,2133,CCNCCCCCCC
2104,2134,O=CC(=O)C=CC=NCBr
2105,2135,NC=NC=CC=CC=CCCCC(C)CCO
2106,2136,CCCC(=O)COC(=O)O
2107,2137,NC=NCCCNC1C(=O)OC=CC=CNC1=N
2108,2138,CC=C1CN=C(N)C1(C)CCC
2109,2139,CC(=O)CN=C1C(Cl)=NCC1=C=O
2110,2140,BrCCCOC(=O)CC1(C)NCCC1=N
2111,2141,C=NCNC=CC=C(Br)ONSC=C
2112,2142,CC=CC(=O)C1C=2CCC=C1C=NN=2
2113,2143,O1CS(O)C=CC=NCC1
2114,2144,S1N=CC=NN=C1N(C)CCC=C
2115,2145,CNCCCN(C)CCC1CCCC(C)C1
2116,2146,CN=CC=C(C)C(ONC(C)CN)(C1=CC=NC=C1)N
2117,2147,CC=CC=C(C)Cl
2118,2148,SC=CC=CC(C=CN=C)(O)C(C)=CSBr
2119,2149,CC=NC=C1C=C(C=CCSC)C=C1
2120,2150,O=C=C(N)CPC1SC=CC=C1CO
2121,2152,N1N=C(C=C1C=O)CN=C(Cl)C=O
2122,2153,CC=CC=CC=C(NC)CNC(=O)CNC=O
2123,2154,CC=C=CC=C(N1)C(F)=NC=CC=C(N=C1C)CO
2124,2155,NC(=O)CSC1CC(C)C=CC=C2C=C21
2125,2156,CCCCNCC=CCN1C=CC(O)N(F)C1
2126,2157,COCCCC(C)C1CC(C)CCCCC1=O
2127,2158,C=NCC(N)C=CC1=CC=CC=C1Cl
2128,2159,CCC(C1)NC(O)C(S)NCCC1
2129,2160,C=NC#CC(C)=CC=CC=C(Br)[SH1]=C=O
2130,2161,CCC(CCOCCCC=C)(F)CCCN=C
2131,2162,NCC(=O)C#CC(C=O)C1=C2C=CSC=C1NOC=NC2
2132,2163,CCC=CC=CC=C1C=CC=CC1
2133,2164,CC=CC=C(O)C1(O)CCC=C=NC=C1
2134,2165,C1CCCC1C=N
2135,2166,N=1CC(C2C3OCC=1C3C)C(C)CC2O
2136,2167,C1COC=CC(=O)CN2CC1CNC2
2137,2168,S=CC(C1CCCCC=C2C=CC)=C(N)C12
2138,2169,NC(=O)COCC(C)CCC12CCCC1CCCC2C
2139,2170,CCCC(C)CCN(O)COC=O
2140,2171,C=NCS1=C(C)CC=C[NH1]C(C)C1
2141,2172,CSC(=O)CC1CCCCCC(O)C1SS
2142,2173,CC=CC(=O)C=CCN=CO
2143,2174,C1N(CCC=C[NH1]CC=C)C=C1
2144,2175,CC=CC=C(CC(O)C)Br
2145,2176,C=CC(=O)CC=C[NH1]C=C(O)CC
2146,2177,CS=CN=NCC=CC1=C(F)CC=C1N2C=CC=CC=C2N
2147,2178,O1C(=O)N=CCCCSC=C1
2148,2179,FC(=O)CC=NC(C)NC
2149,2180,N(=O)CC=C(Cl)CC(N1)C1C
2150,2181,C=C(O)CN1CC2CCCCCCC1C2
2151,2182,CCOCC=NN=CC=CC(C)=C
2152,2183,OC(=O)OC=CC(C1=CC=CC)=C1
2153,2184,CC(=O)C=1CCCCC(C)C=1
2154,2185,CNC(=O)CC(C1)C(F)CCCNC1=O
2155,2186,C1CNC2=CC21C
2156,2187,COC(=O)NC(=O)OCCNO
2157,2188,NC(C=CC=C1C=CC)OCC1
2158,2189,C1=NC=C=CC=C(Cl)NC=N1
2159,2190,O=CC=C(O)C1NCOCC1(O)O
2160,2191,CC=NOCC(=C=CC1=CCS)C1=S
2161,2192,O=CC=C1C(C)=CC=C(Cl)O1
2162,2193,O=CC=CN1C2=CC=C1CC2
2163,2194,OC(=O)CCC(=O)N1N=C(Br)N1Cl
2164,2195,N1C=C(F)NC(O)N=CC=C1CCCCl
2165,2196,CC=CC(C=CC=O)O
2166,2197,BrC(C)CC=1C=CC2C=1CCC2
2167,2198,C1OC1CNC(O2)C(C3)CCC2=CS3
2168,2199,CCCC1CC(O)C(NC=O)C=C=N1
2169,2200,C=CC=C(C)OC1=CNCNNO1
2170,2201,Br[NH1]C1=SC(N)NCOCCCCCN=C1
2171,2202,ON[NH1]C=CC=NC
2172,2203,C=C1C2=CC=CC=C2CC=C1O
2173,2204,CNCCC(C)C(O)C(CSCO)C
2174,2205,O=CC=CN=NN(C)CC=CO
2175,2206,CNCCC1=NC(C)CCCC1
2176,2207,C(C)OC(N)C(O)C=C1C=C(Cl)C1Cl
2177,2208,NC(=O)OO
2178,2209,C1CCOCCNCC12CCCN2
2179,2210,OCC1(C)C=CC(Cl)(N)NC1CCNC=N
2180,2211,C1NCC2CNCCC2CCC=C1
2181,2212,CC1N=CCCCCC(C)S1OC
2182,2213,COCCCC#CCNC=NC=NC=CCCCO
2183,2214,CC(=O)C=CC=COC=O
2184,2215,C1CCCC12CCCCC2C
2185,2216,CN=C(COCCl)ONCCCCC1C=NC=C1
2186,2217,N1CCCCNCC1CC2CCCN2
2187,2218,C=CC=C(NC=CCC=CC)C(N)C(Cl)CO
2188,2219,CCCCC(O)CBr
2189,2220,CCNC(C)(C)CPCCl
2190,2221,OC(CCCCC(C)C1CO)CCC1
2191,2222,CC1=C2C=CC=C1CNCCCCOC2
2192,2223,CCCCC1C=CC(C)C=C1C2(O)C=NNC2
2193,2224,CCC(N)CCC1CCC=CC1OC
2194,2225,C(N)CCCCO
2195,2226,[NH1](C)OC(=O)ON1C(=O)ON1F
2196,2227,C=CC=CC=CC=C1C=CC=C1C
2197,2228,CC1NC(=O)CC1CCNC(=O)COC=CC(Cl)=C
2198,2229,CCCNNC=SC=CC1=CC=CC=C1C(=O)O
2199,2230,CC=NNCC(=C)C=CC(C)(Br)C
2200,2231,O=CCCOCCl
2201,2232,CCCNC
2202,2233,O1NCCN1CCCNC(C)N
2203,2234,CCC=CC(CCC)C1CNC=CC=C1
2204,2235,NNNC=CC=C1C=CC(CC)(O)NC1
2205,2236,C=CBr
2206,2237,NC(O)C1CCSCCCCCNCC=N1
2207,2238,CNC=CC1C=CC=CC=CCCCC1O
2208,2239,CCCC(=O)CCCCC=C1C=CCCC1O
2209,2240,O1N(N)C1N
2210,2241,O(O)C(C)NCCCSC=CC(=O)NOO
2211,2242,OC(O)CC(C)CCCC
2212,2243,NCC=CC1=CC=C2CC=CC=C2O1
2213,2244,C=NC1=CNS(C=NCN)=C1C(=O)N
2214,2245,C1C2=C1NCC=CNC=CC=CC=C2Cl
2215,2246,CC(=O)OCCCC(Cl)=CC(Cl)(O)O
2216,2247,ONC=CC=C1C=CC=C1NC
2217,2248,NN=CC(C)NC(C)=CN=C
2218,2249,NCOC=CC=CC(=O)C(O)C(=O)O
2219,2250,COC=CC=CN=CC=CC=CC
2220,2251,O=C(C)OC(C)C(=O)C=CC(F)=C
2221,2253,CCC=C1CC(N)(C=CC2=CC=CC=C2)O1
2222,2254,OC(=O)NS1CC(C)CCC1C=CS
2223,2255,C(N)CC(=O)N1C=CC=S12CC=CCC2C
2224,2256,CNC=CC=C1C=C2C=C(OC)C2CC=C1
2225,2257,CCCC=C(N1)C(=O)NC1CCCCC
2226,2258,C=1C(NN)C=1C=CC(O)=C(COC)OCO
2227,2259,C1NC=CC(N)C2=CC=CC=C12
2228,2260,CC=CC=C1[NH1]C(CNC=O)OC=CC=C[NH1]1
2229,2261,C=12C(C=1)C2COC=C
2230,2262,CC=CC=C1CCCCC1
2231,2263,N1OC2=CC3=CC=C2NC=C1CO3
2232,2264,C=S=C(C)C=O
2233,2265,CCN1C2=C(C=C1C2CNC)C
2234,2266,C=CC=CC=CCC1(O)CCC1
2235,2267,CCCC(C)C(F)CCCNCC
2236,2269,CCC(C)=C(N)C=NOC(C)SCC
2237,2270,CCCCCCC
2238,2271,CC=C(CNCOCC)C=O
2239,2272,CNC(=C1)CCCC1CC(=O)O
2240,2273,NC(=O)CCCCC=CCO
2241,2274,CCC=CC=CC=CC=CC1=CC=CC=C1
2242,2275,C[NH1]COCCCCC=C
2243,2276,C=NC(=O)N1CC2=CC=C1S(O)C=CCN2
2244,2277,NCCCC=CC(=O)COCC=CCCl
2245,2278,CCSC=C1C=C(C)C=CC1
2246,2279,COCCC=CC=C(O1)C(C)=CC=C1
2247,2280,COCC(C)CCC=C1CCC(C)C1
2248,2281,COC=CC(C)(C)N(C)C(C1=CC=CC=C1CC)C
2249,2282,NC(=O)CCC(C)C1CC=CC=C1
2250,2283,NOC(=O)OSCCC1CCCCC1=N
2251,2284,NN1CCCCC(O)C=NS1F
2252,2285,CCCN(CCC1C=NC=CO)C=CC(C)=C1
2253,2286,CCC(CCCC)N1CC=CS1
2254,2287,CCCCCC(C)CCCCCN
2255,2288,CC=C(C)CC(N)=CCCS
2256,2289,CCC1C(=O)CC2NCCC=C2C=C1N
2257,2290,N=NNCCCCCC=1CC(C)=NC=CC=1
2258,2291,CS=C=CC=C(CC)NOCC=NC(O)C=N
2259,2292,CCC=CC=CC=O
2260,2293,N=NC=CC=C(C=CN1C=CC)C1
2261,2294,O=CCN1NCCOCCCCC1NCl
2262,2295,CC(O)=CC1=CC(C2=CO)COC2CC1
2263,2296,CC(C)(O)C(C)(O)NC(N)C=O
2264,2297,C=CC1=C(CC(O)C1CCC)C2[NH1]C=CC=C2
2265,2298,CC#CC=CC=CC=CC=C
2266,2299,CC1=C(C)C=CC=CC=CC=C(Cl)C1
2267,2300,NC=CC=CS12(N)=CC=CC=C1CC=C2Br
2268,2301,CCC=NC(C=CC(=O)CC1=O)C=CC#C1
2269,2302,OC=CC=CC#CCSS(Cl)=CC=C
2270,2303,CC=CSC(C)C
2271,2304,CC(=O)OC(=O)NC(=O)OSS
2272,2305,CC=CC=CC1(C)C=CC=C1C2=CC=C3C=C23
2273,2306,COC(C)C=CC(S)(C)OCC
2274,2307,CCC1CC=CCC1
2275,2308,C=CCCCCCNOCN
2276,2309,NCC(C)=C(Cl)C=CC=CC(C)N=CC
2277,2310,NC=CC=C(CC=CC)C
2278,2311,C1(=O)CCCCO1
2279,2312,CN=CC(N)C(C)C(=O)O
2280,2313,OC(C)F
2281,2314,CC=CC=CC(C)CN=C(O)C=O
2282,2315,C=CSC(C)C[NH1]C=C(Cl)C
2283,2316,CCCCC=CC(=O)C=CC=C(CC=CC=C(O)O)O
2284,2317,CC1=C(O)CCCC(O)=C1Cl
2285,2318,CCCC#CC1=CC(O)N(O)C1
2286,2319,CCOC=NC=CSC1=CC=C(Br)C1
2287,2320,NNCC(O)CC1COCC1=CCBr
2288,2321,CCC1C=CC=C1CC2=CC=C(C=C2C)C=C
2289,2322,O=C(CC=CCCC=C1CC=CC)C1
2290,2323,CC(=S)COSC
2291,2324,OCNC
2292,2325,CCCCCCOCC1=CC=CO1
2293,2326,C=CCSC=CC1=CC=C(Cl)CC1=C
2294,2327,C=CC=CC(O)C=CC=C1C=C1S(C)OC
2295,2328,C=CC(C)OC#CC=CC=C(Cl)C1C=CC=C1O
2296,2329,CCCC=CCNC(=O)[NH1]C(C)CC
2297,2330,OC(=O)CC=CC1CC(C)CC1
2298,2331,CCCCCC=CC=NCOC(=O)CC
2299,2332,N=CC(C)=C(N)SCCCC=CC=CN
2300,2333,C=CC=C(O1)C(C)C[NH1]CC1O
2301,2334,CC(=O)C(C)C=1CC2=CC=CC=C2C=1
2302,2335,CNC(C)=CCC=CC(OO)C=NO
2303,2336,CC(C)CCC1CSC=COCCC1
2304,2337,C1C(C)(C2)CCCCCCCC1CC2
2305,2338,O1C=CN=C1Cl
2306,2339,NOC1OC=2CCCC=2C1C
2307,2340,OC(=O)CCC=C1SC#CC=C1
2308,2341,O=C(C1)CCCCC1(C)CCCOC
2309,2342,C=CC=CC1=CC=C2C=C1CCC2
2310,2343,OCOC(O1)C=C(C2)CC=CC=C2O1
2311,2344,NCCOC(C)OOCN
2312,2345,NC1=CC2=CCC1S(O)#COC=C2O
2313,2346,OCC=CC=C=NCl
2314,2347,S1C=CC=C(Cl)C1C=CC=C(N)OC
2315,2348,C=1C(C)CC=1C=O
2316,2349,CCCCCCCCCOCSCO
2317,2350,CC(=O)NCCNCCC
2318,2351,CCC(C)S(N)CCCC=S
2319,2352,C1OC=N1
2320,2353,CC1=CNC2=CC=C1OCCNCN2
2321,2354,OC(=O)NN=C1N=CC=C(O)C=CC=C1P
2322,2355,CCCOC(C=C1C(S)N=C)C=N1
2323,2356,O=C(C1)C[NH1]C(Cl)C=CC=C1C=CO
2324,2357,OCC(C)(C(O)=O)CF
2325,2358,CC(C)COC=NC1=CC=CCC=C1
2326,2359,NS1(C2)CC(Cl)(C1C=CC2)CO
2327,2360,OC(=O)CC(C)CC(O)CPOO
2328,2361,CC=NC=CC#COC=SSC=CN=C
2329,2362,C(SC=CC1=C2)C=CC=C21
2330,2363,N(C(C=1)Cl)OC=1O
2331,2364,C1CCCNC1CCC=NC=C2C=CC=CS2
2332,2365,CC[NH1]C=CC=C(O)C=CC1=C2C(C=CC=C21)=C
2333,2366,O(N)C(=O)CCCCCCC(C)Br
2334,2367,SC=C=CC=CC#CC=CC#C
2335,2368,NC1=C(C)N=C2CCC=C1C2
2336,2369,CCN=NC(O)C1(O)CCCCC(CC1)CS
2337,2370,N1CC2=CC=CC=C21
2338,2371,CC1=CNC=C(C)CC=NC(C=O)O1
2339,2372,CC(=O)NC1(O2)CC=CCS2C=C1
2340,2373,N1S(C)C=C1C=CC=C(C2)CC=CC=C2S
2341,2374,CC(CO1)C=CC=C(C1CCC)CCC
2342,2375,CCCC12CCCCC1C3=CC=C2C=C3
2343,2376,C(C=O)OOC(=O)OP(N1)NC=CC=C1
2344,2377,CNC(=C)C(N)=CCC(=O)O
2345,2378,O=CCOC(=O)OCC=C
2346,2379,C1C(=O)CCCC(C)N1O
2347,2380,CC1CC=CCCNOC=C=CN=C1
2348,2381,C1CC=CC=CC=C1
2349,2382,N1C2=NNCNNC1NN2
2350,2383,CC1(C)NC=CCCCC=C1C
2351,2384,CC(COO1)C2=CC=CC1=C2
2352,2385,C1C=CC=CN=CC1CCP=C
2353,2386,CC(C=NCC1N=C2C=CC=C2C)(O)C1O
2354,2387,C1SCCCCC=C2C=C1OC2
2355,2388,O=CC=C(C1C(Cl)CC=CC2)CCN=C21
2356,2389,C1C(N)C(C)S2CC=CC=C12
2357,2390,CCCCNOC(=O)CCCCCC(=O)OC=O
2358,2391,CCC[NH1]C1CCCC1C=O
2359,2392,ONC(=O)O
2360,2393,[SH1]C(N)C(Cl)C1C(N)=CN1SO
2361,2394,CCCCOCS1(N)(C)CCCCC=C1
2362,2395,CC(=S)OC=CC=NC=CC=CC=C(Br)[NH1]
2363,2396,CCC(O)CC=CN=C(Cl)C1=C(S)CC12CN(N)C2
2364,2397,CC=CSC(=O)C=CC=CBr
2365,2398,C#CCC(=O)N1C=S(O)=C(Br)CC1=CC=C
2366,2399,N1C=NCCCCCC#C1
2367,2400,N1C=CC=CS12=CC=CC=C2
2368,2401,CCC(=O)C1=CC=C2C=C(C)COC2N1
2369,2402,CNC(=O)OC(=O)OC=C1C=CC=CS1
2370,2403,OCCCCC(O)C(C)=NC(CO)C
2371,2404,COCCCCCS1C(N)CC1
2372,2405,CCC1C(Cl)=C(CCCO)C1(O)O
2373,2406,NC(C)CCC1=CC=CC=C1
2374,2407,C=1COC(O)CCC=1C
2375,2408,O=CC=CCS(C)(=O)OCCCC
2376,2409,N=CC=C(Cl)C(=O)OC=CO
2377,2410,CC=NCOC(=O)O
2378,2411,CCOC=CC=CC1=C=C=NC=C1C(C2)N2
2379,2412,CC=C(CCCC=CC=NC)CN=CC=C(CCl)N
2380,2413,C1(=O)CC1C=O
2381,2414,CCN=C(C)OC[NH1]C(=O)OC[NH1]C=O
2382,2415,C1OCCOC(=O)NCCC1O
2383,2416,CCCN(C)CC1C(P)(N)CCCOC1
2384,2417,CCCC
2385,2418,CNC
2386,2419,CNCNN=CCC(N)(O)OO
2387,2420,NC(C)CN(O)C
2388,2421,C12C=CC2CCCCC1C=C
2389,2422,NC=NC=C(N)C(C)CC(C)=NC
2390,2423,N1C(C)CCCCC(O)CC1COC(=O)S
2391,2424,CCOCCCCC(C)O
2392,2425,CC=CCC=CC=C1[NH1]C=[PH1]C=C1
2393,2426,NC(C=CC=NN=CF)F
2394,2427,CNCC1(Cl)CSC(C)CCCOC1
2395,2428,NCCCCOC(=O)NC=N[NH1]C=CC=C
2396,2429,CNSC=NCC(O)COOC=O
2397,2430,O=CC=CN=CN(O)C=CC=COC=CC1=CC=CC=C1
2398,2431,CCCSCN=C1CCCCC1
2399,2432,CCC(OO)C(=O)CCCCNCN
2400,2433,COC=CC(CC)NC(=O)N=C
2401,2434,CCNCC(O)CNC=O
2402,2435,C1C(C=O)CCO1
2403,2436,C12OC=C1CCC2C(=O)N(C)O
2404,2437,CCC(C=NC1=NNC2=CCC)=CC=C21
2405,2438,OC1CC=CC=CCC(Cl)=C1
2406,2439,CCSC=O
2407,2440,C1CCCC(N)=C(O2)COC(OC1CC)=C2
2408,2441,OC(C1CCCNCC(O)C)CC1
2409,2442,C(C)C(C)=NCCC(N)CCN
2410,2443,C1C2CCC1C(=O)CSNC2
2411,2444,NSC=NC(N)COC(=O)O
2412,2445,NC=C(O)NNC=C1C=CC=C1Cl
2413,2446,CCNC=NC(C)F
2414,2447,NN1CCCC2=C1CC3=CCCCC3C2C
2415,2448,BrN(C)C=C1N(C)OCCCCC1
2416,2449,CC=CSC=CC(CF)Cl
2417,2450,C=CCC#CCCCCCN=CC
2418,2451,COC(C1)NC(=O)CC(N)C=C1
2419,2452,N1CPNCC=C1Br
2420,2453,O=S(N)NC=CC=CC=CC=CN(CF)Br
2421,2454,N=C(C(=O)OC=O)CCCCCC
2422,2455,CC=C(O)NSSC(=O)C=CCNC
2423,2456,CC(C)C1CCCC(C)CC1
2424,2457,NCC(O)NCOCOCCC
2425,2458,N1CCCC1=O
2426,2459,O=CN(C1(C)CSC)CC=CCC1
2427,2460,NC=CC(N)(C(=O)OO)C(C1)CC=CC=C1
2428,2461,C=CC(=O)OCPCO
2429,2462,N=CCCC=C1C(C)(Cl)C1
2430,2463,CC=CNC=C(O)C=C1C=CCC=C1C=CC=O
2431,2464,CC(C)C=CC1=CCCC=C1CCC
2432,2465,N1C(C(=O)C)(O2)CCC=C2CC1C
2433,2466,CC(C)C(C=CC=CC=NN1[NH1][NH1])C2C1C2
2434,2467,NCCSNCCC1CCCCC1
2435,2468,CC=CC(C)CNCCCC1CCCC1
2436,2469,C1CC2CCC3CC2CC1C=C3
2437,2470,NCC(C)CCC(C1)N1
2438,2471,CC=CC=C(O)C=CC1=CC=NC(C=NC(C)C)C1
2439,2472,C1N=C1C2=CC=CN=C2
2440,2473,CN=CC1=C(O)NC=CC(Br)=C1C
2441,2474,CCN(N)NNC=CN=C(Br)Cl
2442,2475,CC(C)CCC1CCN=C1CCCC=O
2443,2476,CCCCC1=CC(C)=C2OC=CC=C2C1
2444,2477,C1CCCNCC(Cl)S1CCC
2445,2478,O(CC=CC1NN)CN=C(Cl)CON=CC=C1
2446,2479,CC=CC1(O)C=CC=C1CC=CC#C
2447,2480,CCCCC
2448,2481,C1=C(C=C2C=CN=C21)O
2449,2482,CCOC(=O)CC(C1)=CC=CC=C1
2450,2483,CCC=NC(C)CC=CCC(C)O
2451,2484,CC=CC=C(C)CC1=NC=CN=C1
2452,2485,CCC(CC)CCC1CCC1O
2453,2486,N(=O)C(C=CC=CC)=C1C=C[NH1]CS1C=C
2454,2487,C12C=C1C=NC(C)CC2
2455,2488,CC(=O)C=CN=C(Br)C(C)(Cl)SCCO
2456,2489,C=CC(C)CCCC1NC(C)N1
2457,2490,CC(NC(=O)CCC)C1CCCC2C1C=N2
2458,2491,C1=CNCC1I
2459,2492,CC=CC=CC=C(Cl)CN=C1OC=CC=C1
2460,2493,NCC1CC=CN=CCCCC=C1
2461,2494,CC(N)CCl
2462,2495,C=CC=CC(=O)SCCNC(=O)Br
2463,2496,CC=CC1=CC=CC=C1C=CCC=C
2464,2497,NN(C(O)C=CC=C)[NH1]C=CC=CC
2465,2498,OCNCC(=O)C(NC(=O)OC)[NH1]CNO
2466,2499,CCC=CC=CC(C1=C2C=NC=C1)C2
2467,2500,COCCC=N
2468,2501,CC(N)C(=O)NC1=CC=CC=C1CN=C
2469,2502,COCCCCCC
2470,2503,CC(=O)C=C1C=CCNO1
2471,2504,CC=CC=CN=C(Cl)CC=CC=C
2472,2505,CC(C)CCCC=NCCO
2473,2506,COC(O)C=C=CC(C1)CCCC=C1
2474,2507,C1CC=CC1=O
2475,2508,N1C=C(N)CCCSOSC1O
2476,2509,C1=NC=CNCOC1(O)S
2477,2510,S1C(=O)C=C1NCC=SC2=CCCC#C2
2478,2511,CCC=CC=C1C=CC=CC(=O)C=C1Br
2479,2512,CCCS(C)CCCCCC(=O)O
2480,2513,CCCOC=C(O)OO
2481,2514,N(C1)OC(N)=C2C=CC=C(Cl)C21
2482,2515,CC=CN=CCC=CC=CO
2483,2516,O=C(CC(=O)C1OCC=CC)C1F
2484,2517,CNS(O)C=CC=C[NH1]C=CCCO
2485,2518,CCSC=CN=CC=C[NH1]
2486,2519,NC(=O)NOC=C(O)C=NN
2487,2521,CN=CC(C)C1CC=CS1
2488,2522,CC(C)CCCCC1=CC=CC=C1CCO
2489,2523,CN(C)C1CCCCC(C)(O)OC=C1
2490,2524,C1OCCCCCCCOC1=O
2491,2525,CCNC(C(C)CC=CC)=C(C)C=O
2492,2526,CONOC(CS(=O)OC=O)SC=N
2493,2527,OCl
2494,2528,N1C(=O)SCO1
2495,2529,OCOC(=C)C=C1C(=O)NN1
2496,2530,ClCCC(C1)=CC=CC=C(Cl)C1
2497,2531,OC1(N)CCCC1=O
2498,2532,NN=CN=CC=CCC=CC1=CC=C2C=C12
2499,2533,N=C(OC=C)C=C(N1)C#CCNCC2C1C=CC=C2
2500,2534,CS(N)Cl
2501,2535,CC=CC=CC=C(C)C1(Cl)C=CC#C1
2502,2536,CCCC1CCC=C=C(O)C[NH1]1
2503,2537,CCNC=CC=CC=C1C=CCCCC=CC=C1
2504,2538,O=CC=C(OC1=CC=C)C=C1
2505,2539,OCSC=CC(=O)N1C=CCCC1
2506,2540,OCCNC(C)OOCS(F)C=NCO
2507,2541,C1C2N(C1C3F)C2NCO3
2508,2542,CCC(C)SC=CC=C1C=CC=C1C=C
2509,2543,NC(=O)CC=CC(N)=C(CC=C)C
2510,2544,CCOC1CC=C2C=C1OC2
2511,2545,O1C=NC2=CC=CC=C2CC1P=N
2512,2546,C=CC(C=O)C[NH1]N=C1CC=CC#C1
2513,2547,COC(O)C1=C2C=NC(CC3C2C=C)CS3=C1
2514,2548,CC(C1=CC(S)=O)CC=C1
2515,2549,CC(O)OCC1(C2N)C=CC=C21
2516,2550,NOCCCCC(C)CCC=O
2517,2551,CC1=CNC(O)C1C(C)=CC(O)C
2518,2552,C(=O)NCC=SNC(=O)ON
2519,2553,CC=NC=NC(NCN)(C1)CC=CC=C1
2520,2554,NC(O1)CCCC(F)=CC1=N
2521,2555,NC=CCC1N(C=CC=C1)C=O
2522,2556,CCNCC=CC(O)CN=S=C
2523,2557,CCNN=C(C)CCCCC(C)C
2524,2558,O=C(CC(O)CPN1CC(N)=CON)C1C=C
2525,2559,CCCCCCCCC=CC=CC1=C=N1
2526,2560,CCCNC1CCCC12C3COC=NC=C2CO3
2527,2561,CNOC1=CCCNC(=O)OC1
2528,2562,COC(O)C1=CC=CC=C1N
2529,2563,CCCCCC1COCON(C)CC1C=CC=N
2530,2564,NOCCC(=O)C=CN=C1C=C(C=CC)C1
2531,2565,O=CC=CC=C(N)CC(S)=C
2532,2566,CCOC1=C(O)C(=N)CCCCCC1
2533,2567,CCCCCC1CCC=CC=C(Cl)C1O
2534,2568,ON(C=C1C=C[NH1]C=N1)O
2535,2569,CC=CC1=CC=CC=C1C=O
2536,2570,NC=CC(C1)=CC=CN=C1S
2537,2571,CCCNC(C)CCCN=NC=C(N)N=C=CN
2538,2572,O=C(C)C(C1)CCCNCN1
2539,2573,C1C=CCCCCC(CC=O)(C=C1)N
2540,2574,C#CCCCCC=CCNC=CC=C
2541,2575,OC#CC(N)CCCC1C=CCC2(O)C=CC=CC=C21
2542,2576,N1CCC2CC13CNC=CC=C32
2543,2577,O(N)CC(C)C1CCC=C1
2544,2578,CN(N)CCNCC=NC(=O)CNC(C)ON
2545,2579,C123N=CC=CC=C(C1)N2O3
2546,2580,COC(N)C(O)C(=O)C=CC(NC=C1C=CBr)(C=C1)C=C
2547,2581,N=1CC=CC=C=1
2548,2583,O=CC(C=CC=CCCl)=C(Br)Br
2549,2584,CC1CNC=CC=C2C=C1C=CC(=O)C2C
2550,2585,NC(C)CC=C1C=C(Cl)C=N1
2551,2586,CC=CC(=O)COC=NN=CC1=CC=CC=C1C(O2)O2
2552,2587,C1C=C1C(=O)CON=CC=CC=C
2553,2588,PCOCCC
2554,2589,C1CCCCC1N
2555,2590,NCSC1=CC=NC=C(Cl)C(Cl)C1
2556,2591,CCN=SC1=CC(C)CC1C
2557,2592,CCC=CC1CNCNC1
2558,2593,C1CC(C)C12C=CC=CC=C=N2
2559,2594,CCCC1C=C2C3=NC1C(=O)N3C2=O
2560,2595,CC1CCCCCCC=CC=C(F)C1
2561,2596,CCC=NC(O)C1CCCCC1S
2562,2597,CCC1=C2C=CC=C1[PH1]2
2563,2598,NC1CC=CC=C1CC
2564,2599,C1COC(=O)C2(O)C=CC2=CC=C1
2565,2600,N=NN=C(Br)C(SC)(O)[NH1]C(=O)O
2566,2601,CCC(C=CN=CC=C1O)C=CC=C1SC
2567,2602,CCOC=C(O)CC=C(C)F
2568,2603,CCCCCC(CC)(C)C1C2=CC=CC=C2NS=C1
2569,2604,CC(=O)NC(C)(C1)CCCC1=O
2570,2605,N1=CCC(=O)NCC=N1
2571,2606,C12CCCCC1C2CCCC
2572,2607,CC=CC=CN(C)COC=C1[NH1]C=C=C1
2573,2608,CC(C)(O)C=O
2574,2609,CSC1C=CC=C(C1)CC=CC(=O)ON
2575,2610,C1C=C2C(C=CO)C21Cl
2576,2611,C=CCCC(O)OO
2577,2612,C=NN(C=CC1=CC)[NH1]C=C1
2578,2613,CC=CC=CC1=C(N)C=NC1
2579,2615,CCSN(C)CCC1CCCC1C=O
2580,2616,C=CC=CC1=C=CC=CC=C1Cl
2581,2617,CC=CC(C)CNC(=O)N
2582,2618,COC=CC(C)CCCC=C(O1)C=C1O
2583,2619,CCF
2584,2620,CC(=O)NC=CC=C1N=COC=C1S
2585,2621,O=CC=CC1=CCC(N)=C1N
2586,2622,O=C(C=CC=CS1C=C(O)CC=C)C(O)S(O)C=N1
2587,2623,CC#CC1C=CC=CC1C=CN
2588,2624,ClC(=S)N=NC(C)P(C)=C
2589,2625,OCCCOCCCCC
2590,2626,C1OCCCC1C=CC=C(N)O
2591,2627,CNC(C)CC1OCCCC1=C2C=CC=CC=C2Br
2592,2628,CC([NH1])C(=O)OC=NN=CBr
2593,2629,CNC12NCOC1CCSCCC2
2594,2630,CNCC=CNC(=O)OC=C[NH1]C=CC=C
2595,2631,C1C2C=C(O)C=C1CCCC2
2596,2632,CCCCCCCCC
2597,2633,CCNCCSC(=O)NO
2598,2634,C=NCSCC(C)=C(C(C1)Cl)C(F)=CN=C1Br
2599,2635,CNC=NC=C(CC1CC)CC=C1CCC
2600,2636,CCCNCCCCCCCC1CCCC1C#C
2601,2637,CCCCCCCC=NN(O)C=S
2602,2638,O1C=CC=C1OC2=CC=CCCC=C[NH1]2
2603,2639,O=C(CC=NCC1C2(C)CC)CCCC1C2NC
2604,2640,CC(C)CC=CC1(SC=C)C=C1S=SC(=O)O
2605,2641,S(OCC=C1C=CC=CC=CC=C)N1
2606,2642,NC1=C(O)NC(N=O)C2=CN=CC21
2607,2643,CCCCC(=O)C=CC=CC=C(C)[NH1]C
2608,2644,S=C=[NH1]
2609,2645,SCC(CC1(Br)C=O)OC1
2610,2646,CC=CCC=NNCCNC(=O)Cl
2611,2647,OCSC=NCN=C
2612,2648,O1C(=O)CCN(CC)NCCC1
2613,2649,N#CCCNCNC1CCCCC1
2614,2650,NCC=C=CC1=CC=C(Cl)C=C1
2615,2651,OC(=O)OC=C(C(O)C=CC1=C)C=CC=C1
2616,2652,O=C(C=CC(CC)C1NCS)N1
2617,2653,CCCCC=COC=CC=C(C)F
2618,2654,C=1=CC=CCC[SH1]C=1CO
2619,2655,CCN=C(O)C(=O)OC(F)F
2620,2656,CCC1CNC[SH1](C)CCC=C1
2621,2657,O=CC=C[NH1]C=CN=C(Br)N=C(N)Cl
2622,2658,CCCCCN=NCC(C)(O)Br
2623,2659,CCCNC(C)(C)CCCCF
2624,2660,CCCCCCCOCCOC
2625,2661,N=1CC2=NC=CC=C2C=1F
2626,2662,C=COC
2627,2663,CCS1C(=O)C(O)C(=C)C=CC=CC1
2628,2664,CC=CC=C(C)OCCC=C
2629,2665,O=C1C=CC=CCCC(C)C=C1
2630,2666,CC(C)CN=C(S)CCC1CCC(O)C1
2631,2667,CN=C(C)N=CC=C(N=N)CN=C[NH1]
2632,2668,CC1N2CCNC(N)CNC1=CC=NC2
2633,2669,CCCCOC(C1)C1CNC(Cl)=N[NH1]
2634,2670,CCC(C)(O)OCCCCC1C=C(Br)NC=C1
2635,2671,C(NC=CC(=O)O)=CC=C1C=C1Br
2636,2672,C=1C(C)OCCCCC=1NC=O
2637,2673,CCCC(C)=CBr
2638,2674,CCCCCCCCNCBr
2639,2675,CC=CC=C(C)CC
2640,2677,N=1C(C)C=1
2641,2678,OCCNN=CC=C1C(SC)(CON=C1F)CO
2642,2679,CCCOC1=C[NH1]C=C1CCC=N
2643,2680,O=CC(=O)CCCCOCC=C
2644,2681,CNC=CCC(=O)OC1=CC=CCC=C1
2645,2682,C(O)C(=O)C=O
2646,2683,CCCCC=CC=C1CCCC=C1
2647,2684,O=C1S2C=CC=C1NCC=NNC2
2648,2685,CCCC(C)CCN1C=CC2COC(N)C2C=C1
2649,2686,CCC(S)C(=O)NC=NC#CC=NNC
2650,2687,CC1CCC=N1
2651,2688,NC(C)OC(=O)OC=C1C=C[NH1]C(N)=C1
2652,2689,C1=C(C)C(C)NCC1C#N
2653,2690,CCCCC(C(C)CC=O)OC1CC=CC=C1
2654,2691,CC=CCCCCCCC=NC(=O)N
2655,2692,NCC(C)CCCCCCC(C)=O
2656,2693,COC(=O)OC(N)CC1=NCC=CC=C1
2657,2694,O=C(N)S(=O)NC(=O)OC=CC=C
2658,2695,ClCC1OC=CC=CC(=O)CCOC=C1
2659,2696,C(C)C(O)CCCSC(=O)O
2660,2697,NNC(C)=C1C2=C(S)CS(Br)=C1C2
2661,2698,COC(C)NC=C1C=CC=CCS=C1Cl
2662,2699,CC(CC)CCCCN(C)NC=CN=CF
2663,2700,NC=CC=CC=C(N)CN=CC=C
2664,2701,CCCCC=NC=C(O)CC=1C=CC=CC=1
2665,2702,C=CC=CC=CC=CC=O
2666,2703,CCCCC(=O)CCCCCCCl
2667,2704,CCCC(=O)C(C1)C=CC=C[NH1]1
2668,2705,C=C(C)CC(C1)CC21C=CC=CS2=NC=CC
2669,2706,N=CC=C(N)C(O)=C1C=CC(=O)N1
2670,2707,C1SC=CC=CCC=CN1F
2671,2708,CCCCC1C=CC(Cl)=C(Br)C1C=C
2672,2709,NNC1(Br)C(C)CCCC1
2673,2710,CC[NH1]CCC(=O)C
2674,2711,O1CNC(C)=CC(=O)C=CC=CC=CC=C1C
2675,2712,CC(C)(C(=O)O)CNC
2676,2713,CSC=CC=C[NH1]C(Cl)CCl
2677,2714,OC(=O)CCCSC(=O)OCBr
2678,2715,OC(CCOC=O)C[NH1]CCCN
2679,2716,COCC=C(C)C(=O)OC(C)=CC=C
2680,2717,CCCC=CC=CS
2681,2718,O1C(C)(CC(O2)(N)C)C21O
2682,2719,CCNCCC=CC=CN=C(Cl)CCC
2683,2720,OCC=CC=C(N)CC(Cl)=C
2684,2721,C1OC=CC(O)C(=O)O1
2685,2722,C=CC1C=CC=C(N)C1Cl
2686,2723,C[NH1]C=CN=CC=C(Cl)CCl
2687,2724,O1SC1NC(=O)O
2688,2725,CSC(C1OCO)CC=CC=CC=C1SC
2689,2726,OC=C1C=C(N)C(Cl)C=CC=CC1
2690,2727,CC=NC(CCC1CCC)CC1=O
2691,2728,CC(O)C=C(C1CCCC12C)CC=C2
2692,2729,CCCCC=CC(=O)CNCOC
2693,2730,C(NC(=O)COC=O)N(Cl)C=O
2694,2731,CN=NCCCCCPN
2695,2732,CC(O)OC(=O)C=O
2696,2733,CC=CON(O1)NCON=CC=CC=C1
2697,2734,CNC=O
2698,2735,COCCOC(=O)SNC(=O)O
2699,2736,NCC(=O)NC=CC=CC=CN
2700,2737,CC=CC=CC=CC(N=C)N=CC(C=O)O
2701,2738,C1=NN=CC=CCNC=C1
2702,2739,OCC(C)CCC1(C)N=CC2=C1C=CC=C2
2703,2740,C=CCOC=C1C=CC2=C=C1C=CC2
2704,2741,C1CCCCCCCCCC1
2705,2742,NNC(C=CC1=CCSC=C1)O
2706,2743,NC=CC=CC=CC=C(CCl)C=CC=CO
2707,2744,O=C1ONC=C1C(C)Br
2708,2745,N=CC(Br)C(C)NCC1CCCCC1=C=C
2709,2746,C=CC1=CC(O)=CC2=C(N)C=CC=C2S1
2710,2747,CCC=CC=CC(OC)=CC=C[NH1]
2711,2748,O(O)CCC1C=COC=C1
2712,2749,CCCP(=O)CNCO
2713,2750,CCNC=CC=C1C=C2C=CN=C1C=C2C
2714,2751,OC(COC1(C)C=C2C=C)NC1=C3C=C2C(O)C3=N
2715,2752,C(C=CC1=CC)(C(C2)=CC=CC)=C21
2716,2753,O=CC=CC=CC1=C(Cl)S=C1OCl
2717,2754,C1=CN=C1N2C3CCC=CC=C3C=C2
2718,2755,C1CNCC1OCOC
2719,2756,O1C(=O)OC(O)CCCC=C1
2720,2757,CC(CC(C)(C)CC)N1CCCCC1
2721,2758,N=NC(=O)COCCOCNC=C1NCC=C1
2722,2759,CCOC(=O)CCNC(C)NC(C)(O)O
2723,2760,CN=C(Br)CNC(N)CCN
2724,2761,CNCCC1OC=NCN1NS2C=CC=CC=C2Cl
2725,2762,CNCNC=C1C=CC(C=C1)C=CNC
2726,2763,CCC=C1C=CC=C=C1F
2727,2765,CC=CC1=CC=CN=C1C=CC2=CC=CC=C2C
2728,2766,OC(C)C(C1)CC(=O)NC=NCC1C
2729,2767,CN(CN=CC=CC1=CC)CC=N1
2730,2768,C1C=CC=C(C)CC=CC#C1
2731,2769,CNCCCCCCCCCC1NC(S)C1
2732,2770,O1C=CC(C)=CC=C1N(C)Cl
2733,2771,COC1=CC=CC=C1CCC=C
2734,2772,O1C=CC=C1OC2(Cl)C(O)C=CC=CC=C2
2735,2773,CC1=CN=C(O)C=CC1
2736,2774,CCC=CC=CC=CC1=C(C=NC=C1)NC
2737,2775,NCCCC(C)=CC=CC=CCCl
2738,2776,CC=C(C)C#N
2739,2777,COC(=O)CCC=O
2740,2778,CC1=CC=C(C)C(CN2C)=CC=CC=C2C=CC1
2741,2779,CC(NC1C2(C)CNC1)C2C=O
2742,2780,CNCC=C(N)N=C(C)CC=C
2743,2781,CC(=O)CNCCCC
2744,2782,NCCSC=NI
2745,2783,CCC=CCCN(N1)CC=C2C=C12
2746,2784,C1NC=CN2OC21C=CCC=C
2747,2785,C1OC1COCCC(O)(C)NCl
2748,2786,C1CCC1OCCCNC(=O)CO
2749,2787,C1CN=CC=C1N=O
2750,2788,C(C)CCC=CC(C)C=CC1=CC=CC=C1C
2751,2789,C1CCCCCCC1C=C
2752,2790,CCC(=O)C(=O)C=CC=C[NH1]COC=C
2753,2791,C1C(S)CCN1
2754,2792,NC=CC=CN=CC=CC#N
2755,2793,COC(=O)C=CC1=CC=CC2=C1OC(C)=CC=CC=C2
2756,2794,CC(CNCC1CCC)=NCC(C)O1
2757,2795,BrC=C(F)NOCCC
2758,2796,C#1C=CC2=CC=CC=C2SCC#1
2759,2797,N1C=CC=C1
2760,2798,O1C=C(NC(=S)OC1)CNCC=CC
2761,2799,C1CC=C1C(=O)C=CC(C)C(N)C
2762,2800,O(C)CCCN(O)O
2763,2801,CNC(=O)C=NC=CN=CBr
2764,2802,CCS1C(=O)N(O)CCC1
2765,2803,COOCC(CCNCNCC)(O)C(C)C
2766,2804,CC(C)CCCCC=C1C=C(C)OC1
2767,2805,CC(C)=CC=CN(C=CC)COCOC
2768,2806,CC(CCOC)(O)CCOCCl
2769,2807,C1=NC=C1CCC(C)CCCOO
2770,2808,OC=CC=C(Cl)NC(NCC1=C)C=CC=C1
2771,2809,CCCC1(C)NCC1
2772,2810,CC=CC1(C2=O)C=CC=C2SC1
2773,2811,O=C(O)C=C1C=C(O)CC1=CC=C
2774,2812,CCCCCNOC=O
2775,2813,CC=CC=COCCCCS1CSCCC1
2776,2814,C=CC=C1C=C(NN)C=CC=CC=NC1
2777,2815,CC=NN=C(NC)CC=CCSC=CCCl
2778,2816,C1OC(=O)NCC1C
2779,2817,N=CC(O)C1=NC2=CC=CC=C2C1
2780,2818,N#CCC=CC1=C(C)CC=C1
2781,2819,O[NH1]C=NC=C(Br)CC(F)C=O
2782,2820,CCOCC(=O)C=C[NH1]C=CCC1=CC=CC=C1
2783,2821,C(NCCCCCC=CC)=C
2784,2822,C=1CSC=CC=C(Br)OC=1
2785,2823,CN(C)CCCCCCCCC
2786,2824,CC(CCC)C1N=NN2C=CC=C2N=C1
2787,2825,OC(CN[NH1]C=CC=CS=C)S
2788,2826,CC=C(C)CCCCC(N)C(C)(I)Cl
2789,2827,CSC=NCCCC(C)COC(N)=CC=C
2790,2828,CCC(CCC(N)=CC=C)CC#C
2791,2829,C=1C=CC=1NCC(C)=CC=CC=C(Cl)S=NCF
2792,2830,COC=CC(C=CCl)C(=O)OC
2793,2831,CCCCC(C1)CNC=NC#COC=C[NH1]C=N1
2794,2832,N1C(C)SC=CC=C(Cl)C=C1N
2795,2833,CC=CC=C1C=CC=C=C1N
2796,2834,CC(C)CCCCC(CC)CC
2797,2835,O=C(O1)C(C)CSC=C2C=CCC=C2N1
2798,2836,CSC=CC=C1C=C2C=C=C1CS2
2799,2837,C=CC(=O)N(C)CC=C(F)CC=CN=C(O)C
2800,2838,N=CN=CS(C=O)COC
2801,2839,CNCOCCCC=NCC=NCCN
2802,2840,CC(C)CC=C1C(S)CCC1N
2803,2841,O=CCC(=O)COC=CCC=C=CCNC
2804,2842,C(NNCCC=CN)C(=O)CC#N
2805,2843,C12OCNCOC1CS2
2806,2844,CC1SC=CC2CC=CC=C2C1
2807,2845,CNC=C
2808,2846,CC(=O)NCO
2809,2847,C#CC1CCCCC2C=CC1(O)C=C2
2810,2848,O(N)SC(=O)O
2811,2849,CCCCC(C1=O)NCCC[NH1]CNN1
2812,2851,CCSC=CN1C=CC=CC=C1S
2813,2852,O=CC1C(C=O)OC=C1C
2814,2853,CC=CN=CC1=CC=CC=C1C(=NO)[NH1]
2815,2854,OC=CC=CS=CN(C)CS#N
2816,2855,CCC(N)CCNC=CC(O)C=S
2817,2856,COC(=O)OCSCC
2818,2857,OCC1CNCC=CC2=CC=COC2C1
2819,2858,O1C(C)(O)COCCNCCC1
2820,2859,CCCC(OC(N)C=O)N1SCCC1CO
2821,2860,CN=C(O)CCOCOC=NCN
2822,2861,O=CC1=CN=C(O)CC=CC(C)=C1
2823,2862,IOCC=CCC=C1C=CC=CS1
2824,2863,COC=CC=CC=C[NH1]C1=C[NH1]C=C[NH1]1
2825,2864,CCCCCCCS1CCSC=NC=N1
2826,2866,C1CCC=N1
2827,2867,CCNCC1=CC=CS1CCNC
2828,2868,CCC=C[NH1]C1=CC=CC=C1N
2829,2869,N1C=CC=C2C=CN1C=C2C
2830,2870,NCCCC(=O)C
2831,2871,CCCC1CCCC1NC2=CC=C3C=C23
2832,2872,CC(C)(CCCCCC(=O)OCO)C
2833,2873,C1N=CC1(NC=C(C=O)N)CS[NH1]
2834,2874,OCCC(CCC)C1=CC=CC#C1
2835,2875,NN=CC(N)CCC1C=CCCC1(O)CO
2836,2877,C1CC(C)CN=C(O)C=C1
2837,2878,C=CCC=CC=NN=C
2838,2879,COCOC(=O)CNCNN1C(C=C)C=C1
2839,2880,ClCCC1=CC(N)C=C1CO
2840,2881,CN=CC(O)CNNOCCC(C)C=N
2841,2882,CNCCNCCCCCC
2842,2883,CC=CCBr
2843,2884,O=C1C(CC2=C1)OCC=S=N2
2844,2885,CNCCN1CCPC(C)CC1
2845,2886,C1CCNC2(C)NCCC1NC2
2846,2887,CC=CC1=C(F)C(C)CC(=O)O1
2847,2888,COCC(C)COC(=O)O
2848,2889,C=C(C)NC=NC1C2C=CC=C12
2849,2890,N(O)=CC(=O)C=CNC=NPF
2850,2891,COCC=CCC#CNOC(=O)O[NH1]C
2851,2892,CC=CC=CC1=CC2=NC=C1CC=C2
2852,2893,NC(CCC)CCCC(C)(F)CCP=[NH1]
2853,2894,CC=NN=C(O)C1C=CCC=C1
2854,2895,CNC(O)C(O)C(=O)OC(O)CO
2855,2896,O=CC=CC1C2=CCSC=C2C1
2856,2897,O=CC(O)CCCO
2857,2898,CNCCC(O)=C(C1)CC=CC=C1Cl
2858,2899,IC=CC=CC=CC1=CC(=N)N=C1
2859,2900,CC=CCNSC
2860,2901,CC1CNC(O)NCCCCCC1
2861,2902,C(C)C
2862,2903,N=C=CC=CC=CC=NC=CC(=O)N
2863,2904,O=C(C1)CCCCCC(C)CC1
2864,2905,COC(NCCCCCC)(O)NC=CO
2865,2906,C=CC=CCCC1=CC=CC=C1
2866,2907,CNCSC(C)CCCNC(=O)CCl
2867,2908,C1OC(=N)C=C(Cl)C(Cl)=C1CO
2868,2909,O=C(N)COC=CC=CN(OC=C)C
2869,2910,CCC=CC=CC(C(C)CC)Cl
2870,2911,CCS(=O)(C)CCCO
2871,2912,NCC=CN=CC=NC1(C=CC(=O)N=C1)N
2872,2913,C=NCOC(N)C=NC(N)CCCC12C(C)C1C2
2873,2914,SC(=C)CC(C)=CC1=CC=CC=C1N
2874,2915,NCC=CC1=CCNC=C1
2875,2916,ONC(=O)[NH1]CCS
2876,2917,C1C=CNC=NC1C2C=CC=CS2C
2877,2918,CC(C1)N=NC=N1
2878,2919,OC=C=C=C(F)CC=CN=C
2879,2920,CC=NC=CC=CC#CC(=O)C=O
2880,2921,CC=CC(=O)NC=1CCCN=1
2881,2922,CCC(C)CCCC(=O)C1C(Cl)=CC=C1
2882,2923,O1NC=CC2CCCC=C21
2883,2924,C1C=CC(=O)O1
2884,2925,SC=CC(N1)=C2C=CC1=NC2=N
2885,2926,CC(C=CC)=C1C=CC=[SH1](C)=N1
2886,2927,CCC=CNC(=O)NCCC=CC
2887,2928,N=C=CCOC=CC12C(C3COC1=N)N=C2S3
2888,2929,SC(C(C)C)=CSN(C)NC(=O)C=C
2889,2930,CCC=CN=CC1=CC=CC=C1C
2890,2931,C1OC(C)(C)C[NH1]C1OCCOCC
2891,2932,NS1(=O)C2=CC=CC=C2NCC1
2892,2933,COC=NCC(=O)C(O)CCC(C)Cl
2893,2934,N1C=C1C2CCCCCCCC#C2
2894,2935,CCCC(CCN)N1OC(=O)CC1
2895,2936,CCC=C
2896,2937,CCC(C=CC=C1C=C)CCCN1
2897,2938,CC=CC=CCC1[NH1]C=CC=N1
2898,2939,OC=CC(CNC1)C(C)=C(C)N=C1
2899,2940,O=C(C)NCC1CCCC1COCCS
2900,2941,NC=C1NSC(CCC2=CC=C1CC)=CS2
2901,2942,CCCCCCC(=O)CC1=CC=CC=CC(=O)C1
2902,2943,C12C(C)C=CC=C1C=C3CCC=C3C2=C
2903,2944,CSC(C(=O)C=CC=O)N=CC1=CCCCC1C=CC=C
2904,2945,C=CC=CC=C(O)C=CC=CCCl
2905,2946,C12NC(CCCC1N2)N
2906,2947,CC(C)CC12CC=CC=C1C(O)C=C2
2907,2948,CC(=O)NC(=O)C=C1C=C2C=C1C2
2908,2949,C1COCCC(N)=NCO1
2909,2950,CCN(NC(=O)C1=CC)SC(O)C#C1
2910,2951,CN=CCSC=C(F)C1OCNCC1
2911,2952,NC1=CC2=CN1S2C=CC=C
2912,2953,CCCSC(=O)C(N)C(O)C(C)C=O
2913,2954,CC(=O)NCCOC(=O)C(C)NCN
2914,2955,CCCCCC=COC1(C)OCCC1
2915,2956,CNC=CC=CC=C1C2N=CC=C1C2
2916,2957,O1C=C1C2C(C=CC=CC=C2)Cl
2917,2958,CCNC1CCCC=CC(Br)=C1S
2918,2959,CCCCCC(F)SC=CCC
2919,2960,C=CN(C)CCC=CC=CC(=NC)S=N
2920,2961,CC(=O)OCSCOC(=O)OC=O
2921,2962,NCPNC1SCC=CC(=O)C=C1
2922,2963,C(=O)CCNC(=O)NC1=C2C=CC=C1C=CC(=O)C=C2O
2923,2964,CNCS[NH1]C(=O)C1CCC=CS1
2924,2965,CC1COCCCCCC=C1O
2925,2966,N=C=CSC=C1S(C)=CC=N1
2926,2967,COC(O)COC(N)CO
2927,2968,CNC=CC=CCC1=C(C=CC=C1)COO
2928,2969,C1C(O)CC2NCCC2S1
2929,2970,CC=CC(N)C#CC=O
2930,2971,C(=O)NN(C1NCO)C1
2931,2972,N1CCC=NCC(O)CCOC1=NN
2932,2973,CNN(C)C1CC(C)(C)NC1
2933,2974,CCCOC(=O)C1=C2C(N)[NH1]C1C2=O
2934,2975,C=NC=CC=CCN1CCCCC1
2935,2976,CC=CNSCC1[NH1]C=CC=C1NO
2936,2977,C1C=CC=CC(Cl)CCCCN1
2937,2978,COC1NC=2CC3=C1S=2CO3
2938,2979,SC(=O)CC(O)C(O)C(=O)C=CC=C
2939,2980,CC(O)C(=O)C1CCCC2CC1=CN=C(CN)C2O
2940,2982,OCC(C)(O)OC=CC=C(Cl)S=CO
2941,2983,CCCC=CCCl
2942,2984,CC=CC=CC(C=CC=CN)S
2943,2985,CCC=C(C)CC(C1)NC(C)CCC1
2944,2986,CCCPCOC(C)CCC(=O)CCC
2945,2987,CCCC=CC(C)=CC=C(CC)CC=CC#C
2946,2988,O=C(C)N=CC1=CC=NC=NCC1O
2947,2989,CCCC=NCC=CC=NNC=C(Cl)C=CBr
2948,2990,COC(CC1CCS2C(CC)CC1Br)N=C2
2949,2991,NC=NC(C1=CN)=CC=C1C2=C(O)C=CC=C2ON
2950,2992,CCCC(O)=C1C=C2C1NCC2
2951,2993,C1C=NC=N1
2952,2994,CCC1OC=CC=C1
2953,2995,SC=CCCC(=O)NCC=CC=C(C)NF
2954,2996,NC=C1C=C(O)C1NCCCCN=C
2955,2997,C=CN(S)C(O)CC#CC=NCSCOC
2956,2999,CC=CC1(C)C2(O)C1(C)O2
2957,3000,CC=CC(C=NNC=C)C1=NC=CC=C1
2958,3001,NCCCC1CSP(=O)=CC=C1
2959,3002,NC(C)N=CC=C1C2=CC=CC=C21
2960,3003,CC(C(=O)CNC=C)(C)P(N)C=N
2961,3004,CC=CC1C(N)=CC(CC=O)C=N1
2962,3005,CCCCCC(=O)COOC1(O)CCCCC1
2963,3006,CC(NC1=CC=CC=C1)Cl
2964,3007,NC(=O)SC=CC1=CC(O)C=C1
2965,3008,CCCC1(C)OC(=O)C=CC2=CC=CN=C21
2966,3009,O=SC#N
2967,3010,C=CSC=CC1=CC=CC=C1O
2968,3011,CC=C(C1NC2=CC(N)CC2)C1
2969,3012,C=NCC(O)CCC(=O)CCC=COCCNN
2970,3013,NN(C=CCNC)CC(CCC)C
2971,3014,CN(OCCOC)C=O
2972,3015,CCCCCC1=CC(S(O)CCCOC1)C
2973,3016,CCC1(C(C)=CC=CCBr)C=C(N)N2C=C1CC=C2
2974,3017,CCC=C[NH1]C=C1C=CC=C1O
2975,3018,C1N(O)C=C(CC=CC=C1)C
2976,3019,O=CC(S)C(C=CN1)C=C[NH1]C=C1
2977,3020,CCNCBr
2978,3021,O(C)OC=NN=CN(C)CCC(O)=N
2979,3022,C1CC=C1N=CC(CC2=CC(N)=C)(Cl)C2
2980,3023,CCCC1CCCC1C2=CC=CC=S2
2981,3024,CCSCC=O
2982,3025,CC(I)CCC(C)=C1C=COC1=C=[NH1]
2983,3026,CNCC(C)(C)CCC
2984,3027,CC(C1)OC=NCN(C)CC=C1Br
2985,3028,C(=O)C(CC1(C)CCC=O)CCCCCC1
2986,3029,COC=CC=CC=CSC=CC=C(OC)N
2987,3030,C(C)C(N1)CC2C3CCCC2CCN1C=CC3=C
2988,3031,OC=CC=CC(C)C=C[NH1]CO
2989,3032,CC1=CCNC=C1CC2=CC2
2990,3033,OS(O)(C1NC(=O)C2C=CC1=3)C=3[NH1]2
2991,3034,CN(COCC=O)OC=CCCCO
2992,3035,CCC(N)C1CCNCC2CCNC2N=N1
2993,3036,O1C=CC(O)=CCCCS1
2994,3037,CCC(=O)OC=CC=C(CCl)O
2995,3038,OC=C(NOC=O)COCC=O
2996,3039,BrC(C=NNOC(=O)O)C=S=CN
2997,3040,C1N=CC2=CC=CC=C1C=CS2
2998,3041,NCCCCCC(CC=C)=CC
2999,3042,OCCOC(=O)N=C(F)OCN
3000,3043,N1C#CC2CCCCN1CCC=NC=C2
3001,3044,CCSN=CCC(=O)C=NC(=O)OCC=C
3002,3045,NCC(=O)NC(=O)CCC=NCCC=C
3003,3046,C1C2C1C(C(=O)CCC2C=CC)(O)C
3004,3047,CCN(C)C=CCC=NC1CCCC=C=C1C=N
3005,3048,CC1OC(O)C(=O)C1O
3006,3049,NC#CSCOC=CC=C1CC=CC=C1N
3007,3050,C(=O)CC(C1)NCCC1C#C
3008,3051,CCC1=NOCC=C1C(O)COCCCC=[PH1]C
3009,3052,C=12CCC(=O)C=CN=C(N)C=1C=C2
3010,3053,CCC1=CC=C2C=C1C=NO2
3011,3054,C#1CCCC#1
3012,3055,OC=CC=C1C2=CS(=N)C=C2C(=O)CO1
3013,3056,NC1CCOC(=O)OC=NC=C1N
3014,3057,CC1=NC=CC=C1N=CC2=CC(CC)C2O
3015,3058,CCCCC(=O)C1(C(N)C(=O)C)CCC=C1
3016,3059,CS
3017,3060,CN=C(CCO)CCN
3018,3061,C=1=C(N)C(=O)N=1
3019,3062,OC=NC=CC=C1C=CCC=C1
3020,3063,CC=C(C)CCC=1CCCC=1
3021,3065,CC(N)C=CC=CN(C)C[NH1]
3022,3066,C=CNC(=O)OCCCCOC
3023,3067,CNC(C)CCCCCCCCC1(O)C[NH1]C=C1
3024,3068,CCCCC(N)CCCCCNC(C)C
3025,3069,CCN1C(=C)OCCCN=NCC=C1Br
3026,3070,C1CCOC(=O)OC=N1
3027,3071,CC(=O)C#N
3028,3072,CC=CNOC(O)C=CC(O1)C=CC=CC1
3029,3073,CCCC=CC(C)NC(=O)OC
3030,3074,NCN(C)CCCC(CCS1C=NC)=NC1=O
3031,3075,C(C)CCNNC=CC1=CS(=C)CC=C1
3032,3076,NSNC=CC1=CC=NC=C1
3033,3077,NCN=CC=NC1=CC=NC=C1
3034,3078,CN=CC=CC=C1C=NC2C=CC=C2C1
3035,3079,C#CCCCC(=O)NNCCCCCCC
3036,3080,CC=C1C=C2C([NH1])C3(C=C1[NH1])CC=C32
3037,3081,CC=C1C=C(C=CC=CNC=O)O1
3038,3082,COC=CC=C(Cl)C#N
3039,3083,NCNC(=O)NC(C(=O)C)=CC#CC
3040,3084,C12=C3SC=CC1C(=O)OC32C
3041,3085,COC(C)[NH1]CCCC(=O)CO
3042,3086,N(N)CN=CC(S)NC(C)CCC
3043,3087,C1NC=CC=C(C)C1
3044,3088,CCC(=O)C=O
3045,3089,NCOC=O
3046,3090,NC(=O)COC=NCC=NSO
3047,3091,O=CC(=O)N(O)ONC=CCC
3048,3092,NCNCCC
3049,3093,C1C(C#CC=CCN)SNCO1
3050,3094,NOCCC1CC=CC=N1
3051,3095,CCCCC(C)COCCS
3052,3096,OC=NCC(C)C(=O)OC(=O)C=C=C
3053,3097,CC(=O)CC[NH1]C=C(C=CN=CC=N)N=C
3054,3098,C(C)CCCCCC
3055,3099,CC=CC=C1CC(CS)C=C(C)CCS1
3056,3100,S1OC=NC=CC=C(Br)O1
3057,3101,CCC(C)C(=O)OC=O
3058,3102,CC(=O)C=C1C=CC(C)=CC=C1
3059,3103,CCOC=CC=CC=C(F)CF
3060,3104,COC(=O)NCCCNCC(Br)C
3061,3105,CCC=CC=CC1(Cl)CC=C1
3062,3106,C1CCCC(C)(O)O1
3063,3107,CC=CC=CC1=CC2CCCC1C2
3064,3108,N(C)C(=O)C(C(O)C=NN1)=CC=CC=CC=C1Cl
3065,3109,C1OC(CON(C)O)C=SOC1
3066,3110,CC(C[SH1]C([SH1])=CC=C1N)C=CC=C=C1
3067,3111,O=C(C)COCCCNC1=CC=NC=C1
3068,3112,C=CC(C1)=CC(=O)CNCCC=C1N
3069,3113,O=NSCC(=N)OC
3070,3114,COC(N)(N)C(=O)C=O
3071,3115,CCC(N)C[NH1]C=CC1=CC(C=NC=C1)=N
3072,3116,CC=CC=C(O)C#CC(CC)CC(N)=C
3073,3117,CC(CSC#CCC)=CC1=CC=NC=C1Cl
3074,3118,CC=CC=C(OC(N)C1OC=CC2)CN1C=C2N
3075,3119,CCC(=O)C=CC=CC1=CC=CC=C1
3076,3120,CCC=CC=C1C=CC=C2C=C(C=C1)C2
3077,3121,CCOC(C)C=NC=CC=C1C=C1N=S
3078,3122,COC(C)COCCC(=O)O
3079,3123,CCC1C=NCCC=CC=CC=C1O
3080,3124,C=CNSC(C(C=CC)Cl)Br
3081,3125,C1CS(=O)N(O)CCC1C
3082,3126,CC=CC=NSC(C)=NC(=O)CF
3083,3127,OCC=CCC(=C)CCl
3084,3128,CCCCC([SH1])CC(C)Cl
3085,3129,CCOC[NH1]C1(C)C=CC(Cl)C=C1
3086,3130,C=SOC(Cl)CS1(O)C=CC(N)C1
3087,3131,C#CC(=O)OCOCC=CC(O)C(N)C
3088,3132,CNSC(C)N=CC=CC=C1C(CO)C=C1
3089,3133,COCC
3090,3134,C=CC(O1)=NC=CC=C1N=NN2CCCCC2OC
3091,3135,OCCC=CC=CC1=C(C)CC=C1
3092,3136,C1CC1CSC2=CC=CN=C2
3093,3137,O=CC(C1=CC=CC=C1)C=C
3094,3138,C=NC=CSC=CC=C1C(O)OC1(N)S
3095,3139,O=CCCC(C)=CCCC1CCCC1
3096,3140,C=NC(CN=CC=CN)C(O)=C(Cl)C
3097,3141,CC(CC1(C)O)C=CC=C1
3098,3142,C(C)CC
3099,3143,CC(O1)COC2C=CCC=CCC2C1
3100,3144,CC(C)CC1CC(C)=CC=CC=C1O
3101,3145,C1C(=O)C(CC1)COC
3102,3146,C=CC1=CC2=CC1CC2=O
3103,3147,O[NH1]NC(C)C(C1)C=CN=C1C=CCSC
3104,3148,C=C(C)CC1CC(O)CO1
3105,3149,CCOC(=O)C(C)CC1SCCC=C1
3106,3150,O=C(C)COC=C=CC=C1C=CC=C[NH1]1
3107,3151,CC=CC=C1N=CN(O)C1
3108,3152,NOC(=O)CCC(C)=O
3109,3153,CC(C)COC=C1C=NS2C=C1CCCCCC2
3110,3154,N=CC(C(N1)C=C2C)=C(O)C2N=C1C3=CC=CC=C3
3111,3155,NC=C=CCOC1=CC=CCC1=C
3112,3156,NC=CCCCNC=CN1CN=NC=C1
3113,3157,NC=CCC(O)C=CCC(=O)O
3114,3158,CCCC(=O)CCC=CC=C(NC)CCl
3115,3159,COC(C=1)CC(C)=C(O)C(C)CCCCC=1
3116,3160,CNC=CC=CC=CC=CC=CCCl
3117,3161,COC=CCC1=CC=CC=C1
3118,3162,CCCCC=NC=C1CNCCC1
3119,3163,CCN1CCC2CCCCC12
3120,3164,C1C=CC=C[NH1]1
3121,3165,CC=C1C(C2)C(C)N=C1COC2
3122,3166,NCCCC(C)=CC1=CC=C=C=C1
3123,3167,OCCOC1(O)C=CC=C1
3124,3168,C1C=NC=C1C=O
3125,3169,COCCCCON1C=NC2=CN=C1C=C2
3126,3170,O1C(O)C1C2=CC=C(C=C2C(=O)C)OCN
3127,3171,COC=CC=CC1=NC=C(CC)C1
3128,3172,N1CCCC(CNC(C)O)=C1
3129,3173,N1=CNCC1C(C)CCN
3130,3174,C1=CC=C2C=CC2C=NS1N
3131,3176,COC=CN(C)SC1=CC=CC=C1CC=C
3132,3177,OCC(C)(C)CCCC(C)=NC(=O)O
3133,3178,C1NC=C=C(Br)C=C1CCCCOC
3134,3179,CCCC=C(C=CC1=CCS(O)=C1)S
3135,3180,CCOC=CCC(C)=CC1C(C(=O)O)NC=C1
3136,3181,CCCC(NC=O)=NC1=C2C=C(Cl)C=C2C1
3137,3182,C=C1CC2CCC1=N2
3138,3183,CCC(C)O
3139,3184,O=CC(C)C=CC1=CC=CC=C1O
3140,3185,CC=NC=CC=CC=C(C=CC=CS1C)C1O
3141,3186,C=12CCC=1NC2
3142,3187,C1CN=C1C(C)(C)C=C
3143,3188,CC1N(O)O[NH1]C(=O)COC(O)C1=O
3144,3189,COC=NC=CCC1OC=CC=C1
3145,3190,CNCCCP(=C1)C=CC=C1OC
3146,3191,CC=C1COC(=O)C(CC1)O
3147,3192,CC=CC=C1C=CC=CNC=C1
3148,3193,CC=CC=C(C)CNCCO
3149,3194,CCCC1CCCC1CCCCCS
3150,3195,C(C)(=O)OCCC=NN=CC=CC=C
3151,3196,CC=CC(O)CC1CCCC1NC
3152,3197,CCCCOC1N2C1CC=NC2
3153,3198,SCC(N)CC1=CC=CC=C1
3154,3199,CC(N)C=C1C=C(N)C2C1CCOC2
3155,3200,CC1(C2)NCCCCOC=C1C2
3156,3202,C=C(O)CC(N)C(C)C#N
3157,3203,CC(N)=CC=C=C[NH1]CBr
3158,3204,O(O)C(Cl)C(O)C(C1)=CC=CC=C1
3159,3205,NCC(=O)C=CC=CCCl
3160,3206,C1NC1(C)CCCCC=CC=CC=CCCl
3161,3207,NC(=O)CC=C1N=C2[NH1]CS1[NH1]S2
3162,3208,CCC=CCC=CN=CNCC(=O)OCO
3163,3209,O=NN=CC=CC=C
3164,3210,CC=CC1=CC=C(C)CC=CP#CC1CC=C
3165,3211,COSCC=C(C)COC(O)C
3166,3212,NC#CC=C1C=COC=C1
3167,3213,N=C=C(C)CCC1CCCCN=CC=CN1
3168,3214,COC=CC(CCBr)=C[NH1]
3169,3215,CCC(C)(C)CCCCOC=COC(=O)O
3170,3216,CNC1CCC2CC=CC=C2CO1
3171,3217,CCC(=O)N1OCCOC[NH1]C=C1
3172,3218,C=C(C)C=CC=CC=CC(=C)C=[NH1]
3173,3219,C=CC1(C(C)(O)C=S)C(Cl)=C1
3174,3220,CC(O)C1C(O)C(C)C1=CNC=C
3175,3221,CCCC(C1)=SC=CC(NC(=O)OCC)CC1
3176,3222,C1CCC(CO)C=N1
3177,3223,CC=NC(NCCNCSCC)C=CC=C(Cl)S
3178,3224,CSN=C(N1CC)CNC1
3179,3225,CC=CNC1C2C=CC=C1N2
3180,3226,CCCCOC(=O)NCC1C=C2C=CSC=C2N1
3181,3227,CSC(=O)CCCCC=NC(C)C(O)C=NCC
3182,3228,O1CCC=CC=CC=C(Cl)C1
3183,3229,NCCOC=NC=C=CC=C
3184,3230,CNC(=O)C1CC2OC=C(O)CN12
3185,3231,N=NCC(N)CN(N)CC=N
3186,3232,C1CC2(N3)C=NNC1(NC)OC2(C)CC=C3
3187,3234,SC(C)CCCC=1SN=CC=1CC2=CC=CC=C2
3188,3235,CC=C(O1)C=CC(=O)CCNCCC1
3189,3236,CC(=O)NCC=NC=NC=CCNC
3190,3237,O=C(S)OC(N)C=CCN=C
3191,3238,CCN(C#CC=O)CCF
3192,3239,OCCCCCC1CCCCC1
3193,3240,CSC(C)F
3194,3241,CCC1C(=O)ON1CCCCS
3195,3242,CCCCNC1CC2=CC(CC1C2)CCCC#C
3196,3243,C=CC1=CCCNC1
3197,3244,CC=NC=CC=NC=C(C)F
3198,3245,O=C(C)CP(C)CCCCCCC(C)CO
3199,3246,N=C(NCC=CC=C(N)C1)C=SNC1
3200,3247,CCC(=O)C(CCCN1CCCC)CC=C1
3201,3248,C1C(F)NC=CC=CC1=O
3202,3249,CNC(=O)C1=CC=CCO1
3203,3250,CCCCNCC1CC[NH1]C(CN)CCCCC1
3204,3251,CCC=CC=CC(C)CCN=CN=C
3205,3252,CCN1COC(Cl)C2OC=CC2ON1
3206,3253,O(CC(S)C[NH1]C=O)C(C)N
3207,3254,C=1=CC=1O
3208,3255,OC=CC=C(C)C(C)=NC1=CN=CC=C1
3209,3256,CCC(=O)N=C(C)CN=C
3210,3257,COCPCC(NC)=O
3211,3258,CCN(CCCCO1)CCC=N1
3212,3259,CCCCCCC(=O)OC(Cl)C
3213,3260,COC(Cl)C=CC(C1)=NCCC1
3214,3261,O=C(O)CC1OC(O)C=CC=C1CO
3215,3262,CCCCC(C)CCCCC
3216,3263,OC(C1)C=CC2CCOC(C)=C2C1
3217,3264,NC=C(OCC)CC1=CC=CSO1
3218,3265,CCC(C(=O)N)CCCCC1=CC=C(F)C1
3219,3266,CCC=CC(=O)NC(CS)CSC
3220,3267,CC#CCCCC
3221,3268,C=C1N=NCCC1C
3222,3269,CCC=CC=C(C1C(S)=N)CC1
3223,3270,CCC1=CN([NH1])C=NC2=C=C1NOC2
3224,3271,O1C=C2C1CC(=O)NC2C=C
3225,3272,CCSCC1C(C(=O)NC(C)=CC)(F)C1
3226,3273,CNS1C=CC=C1SC(=O)O
3227,3274,NC(C)CCCC1CCC(N)CC1
3228,3275,COC=C(O)C=NC=CC1(C)C=C(Cl)C=C1
3229,3276,S1C=CC=CNC=CC(N)=C1
3230,3277,CC(CCCSC(N1)=CF)C=C2C=C1NC=C2
3231,3278,O(C)CCCCC1=CC=CC=C1
3232,3279,CCC=C(C)C(O)C(N)SC=CC(CC)C#N
3233,3280,N1C=S1(C2)CCC(C=CC3)=CC=CC=C32
3234,3281,CCCOC1=CC=CC=C1CN=C
3235,3282,CCOC=CC(=O)C1CCC=NC=C1C
3236,3283,N[NH1]CC1C=NC(S)CC2CC1CC2C=C
3237,3284,CC=CC=C1C(=O)ON=C1C
3238,3285,CSC(=O)OCCCOCCCC1CC=CC=C1
3239,3286,CCOC(=O)N=C(C)CCC(O)CC
3240,3287,CC1=CC=CN1
3241,3288,NN=NN[NH1]C=O
3242,3290,C=CC(C)CCC(O)C=C1C=CCOC1=O
3243,3291,O1ONC=CC#CC(C)(O)OC1O
3244,3292,COC=CC=CC(C=CC1=CC)=CC1=CC=C
3245,3293,C(N)=CC=CC=C(C(=O)CO)C1NC1
3246,3294,NC=NC(Cl)C=C1C=C(Cl)C=CC=CC1
3247,3295,C1CCSC=N1
3248,3296,CCC(C)S(N)C=COC=NC=CC
3249,3297,CC=C1N=CN=C1C=NC(O)CO
3250,3298,N=C(NOCCC(O1)CCC)N1
3251,3299,CCC(C)C(=O)C=CCF
3252,3300,CC=C[NH1]N(C1)C=NC=CC1
3253,3301,C=C(N)C(C)=CC=O
3254,3302,CC=NC=CC=CC=CCC1C=CCC=C1
3255,3303,CCN(C1)C=CC(Cl)=C1
3256,3304,C1C(CC=C)C=CS1C(=O)O
3257,3305,CN=C1C(=O)CNCCCCSCCC1
3258,3306,N1CNC=N1
3259,3307,CCC=C(O)C(=O)CNC(=O)Cl
3260,3308,CC(C)=CC=C(Cl)C1=C2C=CC=C1C2
3261,3309,CCCC(C)C(C)CCCOC=N
3262,3310,O=C(O)CCCCC#N
3263,3311,C1C=CC=CC=C(C)C=C1
3264,3312,C=NC(C)COCC(C)N(C)CCO
3265,3313,C1CCC(C)=CC=CC=C1
3266,3314,CC=CC(Cl)CCCCC1CCCC=C1
3267,3316,C1OCN=C=C1C=NO
3268,3317,C=CC(=O)C1=NC=CC2=C1CCC2CC
3269,3318,C1C=NC2CC3CCC2CCCC1C3
3270,3319,NCC1CCC=NC=CC1(N)CCC(N)=C
3271,3320,O=C(C=1CCCCC=CC=C)CC=1
3272,3321,CC=C[NH1]C=CC=CSCC
3273,3322,C1CC=CC=C1Cl
3274,3323,NCSC(C)CC12CCCCC1=CN2
3275,3324,CC1=C(OC1C)C(C)N2SCCC2
3276,3325,NCCC(C)C1CCCCC1
3277,3326,C1NNCCC1CCCCOCCCC
3278,3327,OCCCCCCC(=O)N
3279,3328,O(O)C1C=CC=CC(C)CC=C1N
3280,3329,CC(=O)C=CC=CC(N1)CC=CN=C1
3281,3330,OC(=O)OCC=CCCCC(Br)C#C
3282,3331,C1CN1CNC(=O)NCOCO
3283,3332,CNCCC(=O)N=C(CN=CCC=O)O
3284,3333,CCCC(C)SCCCC1CCCC1
3285,3334,C1CC(N2)=CC=CC=C21
3286,3335,CC(=O)NCCC(C)(C=1)C=1
3287,3336,C=C(CCCCC)C(=O)CSC
3288,3337,NOC=CC(CCCCCC)=O
3289,3338,N=C(C=1CCNC(=O)C)CN=1
3290,3339,NC1=CC=CC2=C(O)CN=C1O2
3291,3340,NCCCCC1CCCC12CCCCC2
3292,3341,C=1C(=O)N=1
3293,3342,BrC=CC=C[NH1]N(C(=C)N)CNC=O
3294,3343,CCC(=O)C=C1CC=CC=C1
3295,3345,CCCOC=C(C)CCNC1OCCC1
3296,3346,NCCCC1CC(C)C(C)OC(O)C1=O
3297,3347,CCC1(C)CCC1C2C(=O)OC=NC=C2
3298,3348,CCCCC(C)CCC(C)N
3299,3349,C(=C)COC(=O)OCCC1CCC2CC1C2
3300,3350,NC(=O)CCCCCCCC(C)=CC=C
3301,3351,C1(CSCCC(=O)OCC)[NH1]C1
3302,3352,C1C=CC(Cl)C(N)(C)OC=C1
3303,3353,SC=CC=CC(C)=C(O)C1=CC=CC=C1
3304,3354,N1=C[NH1][NH1]N=C1CC=O
3305,3355,CS1CCCCC1
3306,3356,C1CC(N)=CC2=CC=CC=C12
3307,3357,SN=CC=C(C)C=1COC=CC=1
3308,3358,CCNC(=O)COC=CBr
3309,3359,NNCNC=CC1=CC=C2C=C1CNC2
3310,3360,C(=O)N1CCC2CC=CC=C2C1F
3311,3361,N=C(O)OC(=O)CC1=CC=CC=C=C1
3312,3362,CCOC(=O)C1NCC(O)CC=C1
3313,3363,C(C)=CCC1C=C[NH1]C=C1
3314,3364,O=C(CNNC1)C2CCC=C2N=C1
3315,3365,COC=C(C)C=C(C)N=C=O
3316,3366,C1CCCCC(C)NC(=O)OCC1(F)C(=O)CC
3317,3367,C=CC1(SCC2)CCCC23C=CC=C3C1
3318,3368,COC=N[NH1]C=O
3319,3369,N=CC=C[NH1]C=CC[NH1]C=CO
3320,3370,COC=C(C)CCN1CCCN1C(C)CN
3321,3371,CONC(C)CCNCN
3322,3372,CCC=CCC(C)=CC1=C(O)C=CS1
3323,3373,N#CC(C)(O)C(=O)OC1C=C=NO1
3324,3374,CCCCC(=O)C=CC1=CC=CC=C[NH1]1
3325,3375,CCSCCCCCCC
3326,3376,CC=NOC(=O)O
3327,3377,CC(=O)N1C=CNC=N1
3328,3378,CN(C)C1=CC=CC=C1C=O
3329,3379,C1C(CN)CCCC1
3330,3380,N1NCCCCC(=O)CCCC1
3331,3381,SCC(=O)CCC1CC2=CC=C1C=C2
3332,3382,C1CC(CCC)OC(=O)NC1CO
3333,3383,CC(N)N=CS=O
3334,3384,CCC=CCC=C1C=CC=CS1
3335,3385,CCNC=CC1=CC=C(C)N=C1C(=N2)O2
3336,3386,CC(C)C(C)C(C)OC=O
3337,3388,C=NC(C)C=O
3338,3389,O=C(N)C(=O)NC=CC1=C2C=NC=C12
3339,3390,CC(=O)C=CC1=C(F)CCC=C1
3340,3392,CCC1=CC2=CC=CC=C2N3CCCC31
3341,3393,CC=CNC#CC=C
3342,3394,NCCC(C=O)CCO
3343,3395,CC(=O)C=CC(=O)CC=NC=CC#N
3344,3396,OCN1CC=CC=C1
3345,3397,CC=C1NCCC2C1CCC2
3346,3398,CC(C)(O)CCC1C=CNC(C=C1)O
3347,3399,C1CC=CC(C)CC=C1
3348,3400,CNCC(C)(O1)C=CC(CN=CC=C)=C1
3349,3401,CNC(=O)OC=NC=CC=CNCNC=C
3350,3402,C1SC=CC=CC=CC(C)=C1N
3351,3403,CCC(C)C(=O)NCCCC=CCCCC=C=N
3352,3404,NCCC(=O)NC(C)OC
3353,3405,CNCCNCCC(=O)C(=O)O
3354,3406,CCCCN1CC(=O)NN2C(=O)[NH1]C=CC=C21
3355,3407,CCP(=C)C=CC(C(O)=CBr)Cl
3356,3408,OC=C1C=CC=CCC1Cl
3357,3409,[NH1]C=CN=CC(C1)(O)C=CC=C1C(=O)O
3358,3410,CCCCCC(C)C
3359,3411,C(N)=CC(Br)N=CC=CC=CCl
3360,3412,C=1OC=1C(=O)OC(=O)OC
3361,3413,OC(=O)COCCCCNC=N
3362,3414,C1(C)C=NC(=O)OSCCC1C=S
3363,3415,C1C=NCNC2=CC=C(Cl)SN2S1C
3364,3416,CC(C)OC(=O)[NH1]C1(O)C=CC=C1
3365,3417,CC(C)C1CN=CC(C1)C=N
3366,3418,CC(C)SCCCC(C)(N)CO
3367,3419,CC(=O)OC=NCCCC
3368,3420,C1OC1C=CN=CC=C(N)Cl
3369,3421,C=1C=CC=NC2C=1CCC=C2
3370,3422,C=CC=NC1=CC=NC=C[NH1]1
3371,3423,OC(C=CC1)=CC=CC=C1N(O)CO
3372,3424,CCC1=C2C=CC=CC3=C2C=C3C1=O
3373,3426,C1=SCC=CNOC#C1
3374,3427,OCPC#CC=CC=C(Br)CCl
3375,3428,CC=CC=NC(C)(O)C=CN
3376,3429,BrNC(=O)N=CC=C[NH1]
3377,3430,CC=1NC(=O)CCCCC=1N
3378,3431,C(NCN)OC=CC=CC(Br)=CCl
3379,3432,COCC=CC(O)C1(C)OC2=CC=CC=C2CCCC1
3380,3433,NC(O)C#CNCCC
3381,3434,CC=NC=CC=CC(F)C=O
3382,3435,OC(=O)OOCCN
3383,3436,CC=C(Cl)C(Cl)C=C1CC=CC=C1C=NO
3384,3437,N#CCCC(Cl)CC1=NN=CC=C1
3385,3438,O(O)C=CC=C(O)COC=O
3386,3439,CCC1=CC(C)=C2C=NC=C=C21
3387,3440,NOCC=CN1N2C(=O)OC(=O)C1C2
3388,3441,N=C(OC=CC(=O)CC)C1=CC=CC2=CC=CC=C21
3389,3442,NCC=CC=C(C)CC=CC=CC=CCCl
3390,3443,NCCOC1(CC(=O)CCl)CC1
3391,3444,COCC(C)OCNC(=O)C=CC=CNC(=O)O
3392,3445,CNCCC(C)CC=1C=CC(=O)N=CC=1
3393,3446,CCN=CC(N)=CC=CC=C(N)C#C
3394,3447,C1CCC2CCCCCCCC1C2OC
3395,3448,COCC(N)C=CC=CN=C(O)C=C(C)CCl
3396,3449,C1CCC=CC=CC=CC=C1
3397,3450,COC=NN=CC1CN=CSC1Cl
3398,3451,CCC1=CC=CC=CC2=C(Br)C=CN=C21
3399,3452,OCC(O)C(=O)C1=CC=C2CCCCC21
3400,3453,COC(=C)C=CC=CCl
3401,3454,CCNC=CC1=CCSN1SOC
3402,3455,N=CCC1C=CC=C[NH1]1
3403,3456,CCCC1CC=CC=C1OCCC(C)=O
3404,3457,NC=CN(OCOC=1[NH1]C)C[NH1]C=1NO
3405,3458,O=CCC=CC=CC=C(N)C=C
3406,3460,CC(=O)C1NCCCC(C)=C1
3407,3461,NC=CC=CC=C(Cl)P(O)=C
3408,3462,BrC=C(C)CCCOO
3409,3463,N1=CCCCC2CN=NC2S1
3410,3464,CC=CC(F)CC1C=C(C)S1
3411,3465,N[NH1]C
3412,3466,NNOC(=O)NCCCS
3413,3467,NC(C(=O)SCCCCC)NO
3414,3468,C=CC(O)CCOC
3415,3469,CCCCCCC1CCCC(C)C=CC(S1)N
3416,3470,CCCCCC=NC=CC1=C(N)C=C=C1
3417,3471,CNCC1(C)CC[NH1]C(=O)OC1=O
3418,3472,CCCCCC=C(C)NC=CC=CS(O1)C=C1
3419,3473,CCC=C(O)CC1C(C)NC1O
3420,3474,O=CC=CC(C)C=C(N)NC1=CC=CC=C1
3421,3475,CNCCCCCCN=C1C=CC(=O)C1
3422,3476,OCC(=O)NCCC(N)C=SCC
3423,3477,COC=C1COC=C1C
3424,3478,CC=CC=CC=CC1=CCNS1
3425,3479,O=CC=C1CC=CC=C1NCCCF
3426,3480,NCC(CCNC)(C)NC(C)=CC=NC=C(C)CN
3427,3481,CC(O)CCC
3428,3482,C=CP(=O)PC=SC=CCSC=C
3429,3483,C12CCC1C=NC=NC=C2
3430,3484,CC=C(CC(N)CN)C(O)NC(=O)OC
3431,3485,NCCCC1=C(O)CNCCCCNC1
3432,3486,COC=NN=CC(=O)C1=CC=C2C=C12
3433,3487,CNC(C=CC)[NH1]C1C(C2)=CC(Cl)=C1C2
3434,3488,CC12NCCNCCCC1CC2
3435,3489,C1CNCCN=C1
3436,3490,CNC(O)CCCCC(C)C(O)C=CC(C)CC(=O)O
3437,3491,COC=NCF
3438,3493,C(O)#CCCCON1C=NCCC=N1
3439,3494,N(=O)CCCl
3440,3495,NC(C=O)O
3441,3496,C=CN=C(CC=O)NC1CC=C=C1
3442,3497,CC=CC(C)C(C)CCN1C=CC=C(F)C1
3443,3498,CN=NC1CCCP(C)=C1O
3444,3499,OC=CC=CC=C(C)Cl
3445,3500,CCCOC(=O)NCCC(COC=C1C=C1)[NH1]
3446,3501,CC=CC=CN=C(C)OC(=O)ON
3447,3502,NC(C)=CC(O1)C=CC=C2C=C=CC=C2C=C1
3448,3503,NC(C=CC1=C[NH1]C=NC=C1)C=C
3449,3504,COC(O1)=CC=CC=C1OC
3450,3505,CCC=NC(N)C(Cl)=CC(=O)S
3451,3506,CCCOC(C)C(=O)NC#N
3452,3507,N12C=CC=C1C=N2
3453,3508,CC=CC=C=CC=C(NC)C=O
3454,3509,CC=CC=CC=C
3455,3510,N1C(O)=C1C=NC(C)(CCC2=CC=CC=C2)O
3456,3511,CCCC1=C(N)C(F)CCOCC=CC=CC1
3457,3512,CCCCCC1C=CC=CC#C1
3458,3513,OC=C(CCS=NC(=O)OC=N)NC
3459,3514,CCCC1=CC=CC2=CC(=N)C2C1
3460,3515,N=CC(=O)CNCOCCC(O)C
3461,3516,O=C(O)C[NH1]COCC=NC=N
3462,3517,CC=CC=C=C(CN)C(C)C=N
3463,3518,C(C)CC1CC#CC=C1
3464,3519,CCCOC=C1C=CC(C=C1)N
3465,3520,C1CCC=C1N2N=CCCC(Cl)=C2C
3466,3521,C=NC1CCCCC12C=CC=CC=C2Cl
3467,3522,OC(O)C=CSC1=NC=CC=C1N
3468,3523,NCC=1CC2CCCC2C=1
3469,3524,CC=CC=CC1=CC=CC=C1Cl
3470,3525,CNCCCOCC1(C)NCN1
3471,3526,SC=C=C(O1)C(Cl)C=CC1N
3472,3527,C1=CC(C)(C)CC1(CC=CCCCCC)N
3473,3528,C1C=CC=CC=C[NH1]1
3474,3529,CCOC(=O)CCC=CC
3475,3530,O1C=CCNC=CSC1O
3476,3531,O=CC=CC=CC1(O)C2=CC=CC=C2N1S
3477,3532,CC=SC#N
3478,3533,OC(S)(C1OC2CCCC2CC)CC=CC=C1C
3479,3534,CCC(C)=CC=CC=CC=CC=C
3480,3535,CC[NH1]C=NN=CC=NC=S
3481,3536,C1CC(C=NC=C1C=O)CC(CCC(C)=O)N
3482,3537,CCC=CC1=C2C=CC=C1C(=O)OCNC2
3483,3538,COC=CC=CC=C(S)C(Br)S(C)=NC=CI
3484,3539,CC(=O)NC1=NN=NCC1=NNCCN
3485,3540,CCC=C1C=C(O)C[NH1]C1
3486,3541,OCC=CC(C)NSNCC#C
3487,3542,CN=C(CN=CC=C)C=C
3488,3543,CC=NC1=CC=CC=C1ONC
3489,3544,C#CC(=S1)C(=O)NC(C1CC2CCC)C2C[NH1]C=C
3490,3545,C=1CCCCC(Cl)C=1NCC=PCO
3491,3546,C(=O)=CN=C(C=N)CCl
3492,3547,CCCC=CC=CN(NN)CC=COC
3493,3548,N=SC1=CC=CC=CC2=C(C=CC=CSS2C)C1
3494,3550,CCC1C=CC=C(N)CNN1O
3495,3551,C=NCC(=O)C=CC=CC=C
3496,3552,C1CC1(C2)C=CC(=O)NCSCCC2
3497,3553,CCCC(O)C=CN=C(F)NC1=CC=CCC1
3498,3554,O1C(C)=CCSC=CC=CC=C1N
3499,3555,NCC=C
3500,3556,N1CO1
3501,3557,CCC(C)NCC(C)=NCCNC(=S)O
3502,3558,CON(C)NCCCNC(=O)N
3503,3559,OC1CCCN1C2=CC=CC=C2
3504,3560,CCOC(=O)CC1C=CC2=C(Br)C=CC=C2C=C1
3505,3561,NC=CC=CC=CC=C(Cl)C(N)C=CCCNC
3506,3562,ONC=NC1=CC=CC=CC1N
3507,3563,CCNC=CN=C(C)Cl
3508,3564,N=C(CCCCCC=O)COC(C)C
3509,3565,COCCC(=O)NCCCCCCC
3510,3566,C1CCCCC(=O)NCCC1
3511,3567,CC=CC(CC=C)C=CC=CCF
3512,3568,C=NC=C(O)N=S1(C=S=CC)=CC=CC=CN=C1
3513,3569,N=C(C)C=O
3514,3570,C=CC(=O)C=C(Cl)C(C)Cl
3515,3571,CCCCCC1CCCCC1
3516,3572,CCCCOC=C(C(CC)CCC)CC#C
3517,3573,NC(=O)C=NN=C(Cl)C=CC#C
3518,3574,SCNC(C1)CCCS1C(C)=N
3519,3575,CC(O)C(C)CC#CC=NC(O)=CNCC=C
3520,3576,CC=CCCC=CC=C(O)SC=CC#C
3521,3577,CCCCCNC=CC=CC=C(O)NC1OC1=C
3522,3578,OC(=O)N=NC(C)OC
3523,3579,COC(C)CCC1CC(C)CC1
3524,3580,CCCNC(PC1=CC=CC=C2Br)C[NH1]C2C=C1
3525,3581,C1CCCC1CCNNCC=O
3526,3582,COCC(CNCNC=CC1=CC)=CC=C1
3527,3583,CC=CC=CC=NC(C)=CC1=CC=CC=C1OC
3528,3584,N1COC=C1CCC=O
3529,3585,OC=NOCCC1=C(C)C2CNC#CC=C1C2
3530,3586,CCCC(=O)[NH1]SC=CC=CC(=O)CO
3531,3587,CCCCCC=CC1=CC=CCC=C1
3532,3588,NNC=N
3533,3589,NC(C)CNC=NS
3534,3590,ClC=CC=CC=CC=C(CCl)NC=O
3535,3591,BrC(C)C(C)CCCC1CCS=CC=N1
3536,3592,CC=CC(=O)C1OCCC(C)=NC=NCCC=C1
3537,3593,OCCC=CC=CC=CC=C1CC=C(I)O1
3538,3594,CCNNC=NCONC(=O)CC=CC(Cl)=S
3539,3595,C1C=CC2=CC=CC=C2O1
3540,3596,CCCCC=CC=NS(C)Br
3541,3597,CC=CC(CC=CC)=CC=CC=CO
3542,3598,CC=CSC=CC(O)=C(N1)N2C=CC=C1C=C2O
3543,3599,OC(C)=CC(O1)C=C2C=C(Br)C1N2ON
3544,3600,C1CC=C(C)C1(C)CCCCCS
3545,3601,OCCC=C=CC=CC=C
3546,3602,NCSC(O1)COC(O)N1
3547,3603,CC1CC=CC=C1C=O
3548,3604,C=1C(O)C=CC=1
3549,3605,C1C(N)CCC(C)N(O)N1
3550,3606,ClCC(=O)SCOC(C)NCC
3551,3607,C1CNCNC1C2=CC=C(O)C=CC=C2
3552,3608,COC=CC1=CC=CC=C1
3553,3609,CCC=CC1=NC=C2C=C1C=N2
3554,3610,CC1=CC(=N)CC(CCCOC1)O
3555,3611,C1NC=CC=C(N)C1O
3556,3612,CC1C(=O)CCOSOC1CCC=O
3557,3613,ClC(C1)CCCCC=C1O
3558,3614,CCOCOC(=O)CCNN(C)C=O
3559,3615,NC(CC12CCC)=C1C(O)N2C
3560,3616,CCCNC(N)NC(=O)NSC
3561,3617,C=NN(C)C=CC=C[NH1]N=CC=CNCCC#N
3562,3618,CCO
3563,3619,O=C(N)NC(C1)CC(O)=C[NH1]1
3564,3620,COC(C1)C1OC=CC=CC(=O)[NH1]C=O
3565,3621,CN=NN=C(Br)CC=NC#C
3566,3622,O=CC=C1[NH1]CONC1CO
3567,3623,NC=CC=CC=CC#CN=CC=CC=C
3568,3624,CS1C=C(O)C(C)COCCC(O)=N1
3569,3625,CNC=CC1CCC=CC=C1CCN
3570,3626,C(C)C(C)CCCCC=CN=CS#N
3571,3627,C=C1C=CC=CN1C
3572,3628,C(C)(C)OCCC
3573,3629,C(=O)OC=O
3574,3630,NCC=CC=C(F)N1C=NC=CC=C1O
3575,3631,O1C2=C1N(CCC(=O)NSC2)O
3576,3632,CCC=CC(C)CCCCC=C1S=CC=C[NH1]1
3577,3633,CNCCCCCC=CC(C)=C(O)OC
3578,3634,C1CCCCNCN1
3579,3635,N1CCNNCC2=C1CCC(NO)=C2C=NC
3580,3636,C1COCCN(C)NC1CNBr
3581,3637,C=1C=CCC(N)C=1
3582,3638,C1C=CC=C1S2(C)C=CC=CC3=C2C=C(Cl)C=C3
3583,3639,O=C(N)C(C)O
3584,3640,C1C(O)C=CC=C(Cl)C=C1NC=NC
3585,3641,SC=CC=CC1=CC=C[NH1]1
3586,3642,SC=NN=C(O1)C(C)C(N)CCC1
3587,3644,C=1CNC=1C=CN=CN=CC=C
3588,3645,N=C(C=CC1=CC)COC(C)CCCC1
3589,3646,COC(=O)C=C1C=CC(O)C1
3590,3647,CCCCC=CC=CC1=CC=CN=C1
3591,3648,C1C(O)=CCNC=C1
3592,3649,C1NCC1COCOC
3593,3650,CCC=NCCCC=C1C#CN=CN1
3594,3651,CCC(=S)C=CC=C1CC(N)C=N1
3595,3652,CCCCC(C)(OC)C=O
3596,3653,FCC1CCNCCCCCC1
3597,3654,COC(=O)[SH1]CCC(C)S1C=CC=C1
3598,3655,CC=C(Br)C1CCC2=CNC1C=N2
3599,3656,CC(=O)SSSC1=CN=CC=C1Cl
3600,3657,CCCCC=CSNC(=O)O
3601,3658,CCC=CN=CC
3602,3659,CC1CCCC1C(=O)C
3603,3660,CC=CC1=CC(C)CN1
3604,3662,C(O)C1=C(F)C=CC2=C1CCN2S
3605,3663,OC=CC(N)=CN=CC(N)=NN=CO
3606,3664,C1CC=CC1(NC=2CCC[NH1])NC=2
3607,3665,ClC(CCNN1C(C)C)=CC=CC2C=CC=C2[NH1]1
3608,3666,C1CC(O)C1(SC2CCCC2OC3=C)C=CC=C3
3609,3667,C1OCC1CCCCOCF
3610,3668,OC(=O)CCCC
3611,3669,N(C1CC2=C[NH1]C=C1C(=O)NN)C2
3612,3670,C(C)CCC(C=NC)C=NCCl
3613,3671,COC(CNC=CC(=O)NC=CC1)=CC=CC=C1
3614,3672,C1=CCCC1(C)CNCNCS=N
3615,3673,CC(C)=O
3616,3674,O(O)CCC(=O)CC1CCN=C1
3617,3675,CCCCCCSC1=NC=CC=C1
3618,3676,CCCC1NCC(C)=CC=C1
3619,3677,CCC1=NC(N)=C1ONCC(N)=SC=CCC
3620,3678,C(C(CC=NC)C)C=C1C2=CC=CC12
3621,3679,CCC=CC=CC1(C)C=CCN1C
3622,3680,O=C(Cl)C
3623,3681,C1C=C1CCCCCCCC
3624,3682,CC#CCOC(O)=CC=C(Br)COCC=C
3625,3683,NC1CC=CC=C1C(C)SNCC=N
3626,3684,N1NCC1=O
3627,3685,NCC(C#CNC1CNC=C1)NS
3628,3686,C=CC=CCN1C=C(C=C2C=C1)S[NH1]C=NC=C2
3629,3687,NC(O)CCC=C1C(C=C2N=C1N=CC)=C2
3630,3688,NCN(NCC=CC=C)CBr
3631,3690,CNC=NCCC=CC=C(N1)C1=O
3632,3691,CC=C(O)C(=O)CCCCCC
3633,3692,C1C(C)C1=C
3634,3693,CCC(C)CCCCCC(=O)C(O)(C)O
3635,3694,NC=NCNC=C(OCC1CCCC2)C1N(O)CC2
3636,3695,CCCC=CC=CC1=CC=CC=C1CC[SH1]
3637,3696,C=SC(O)C(=O)OC(C)=CC=CO
3638,3697,CCCC(=O)COCNC=O
3639,3698,C=NCCC=CC=CN=CC=C(Cl)Cl
3640,3699,C=S1(C=C2C)=CN=C2OC1CCCCC
3641,3700,CCC=CNC(N=1)(N)C(Cl)=CN=1
3642,3701,CNC(N)C(C)C
3643,3702,C1CC(C=CC(F)=CCCC)=SC=C1F
3644,3703,NSCC(=O)C1NCC(O)=C1N
3645,3704,COC=C(N)C1OC(O)=C([NH1])CC1CO
3646,3705,C(C)C#N
3647,3706,S1C(=O)CCCCCCCO1
3648,3707,CNCC=CC=C(O)C=CC=CC=CO
3649,3708,CCNCC(C)=CC(Cl)=C[NH1]C=CO
3650,3709,O=CC=CCC=C1SN=CN=C1O
3651,3710,OCOC=O
3652,3711,CC1=C(NNC(=O)OC(O)CCS)C1
3653,3712,N1C=NC=CC=N1
3654,3713,NOC=CC1=C2C=CC=C1C=C2C=CC
3655,3714,C1C(C)CCCCC1
3656,3715,CCCCC(NC(NCC=N)C=CCS1)(C)CC=C1
3657,3716,C1N(CC1C2OC(=O)OC=CS2)O
3658,3717,SCCC1CC(O)=CCC=CC(=O)C1
3659,3718,NCC(=O)C(C)=O
3660,3719,CC(=O)N=CC1=CC=CC2=C1C=CC=C2
3661,3720,C(Br)C(=O)NC=CC1=CC=COC=C1O
3662,3721,C1C(C)CCC=CC=CC=CC1CCl
3663,3722,C=CC(C)CCC=CC=CC=C1C(C)=CC=C1
3664,3723,CCC(=O)OC(C1)CCC2C1CCC2
3665,3724,COCOC(=O)ON=C(O)C=C1C=CC=C1Cl
3666,3725,CC(C)COCNCCCNC=CC
3667,3726,CC#CNSCNCC1CC=CC=CS1
3668,3727,C#CS(C)CCCCC=C(C1)CC=CC=C1
3669,3728,CNC(=N)CCOC=C(C1)CCCN1
3670,3729,COC=C1C=CC=C(C)C1NCNCO
3671,3730,C1CC=N1
3672,3731,C=CC=C1C=CC(C(CN=C(CN)CN)C1)Br
3673,3732,COC=CC=CC=C(C)CC=C1CC=CC=C1
3674,3733,CC(=O)C=CC=CC(CC)C1=C(Cl)CC=C[NH1][NH1]C=CC=C1O
3675,3734,CCNNC=C1C=CC2=C(O)C=C(Cl)C12
3676,3735,NCCCC(C)C=SC
3677,3736,CCN=CC=CC1=CCC(C)OC[NH1]1
3678,3737,CCNN=CC(C)=C(O1)[NH1]C=CC=C1
3679,3738,C=C(O)C(=O)OC[NH1]C(=O)C1=NC=CC=C1
3680,3739,COO
3681,3740,C(=O)CC1(C)CC2CCCC=C21
3682,3741,CCNC1CCN2CCCCC2CC1
3683,3742,C=NC(C)C#CC(=O)CCC(=O)O
3684,3743,O=CCC=CCC(=O)C(CC)=CC=C
3685,3744,CC=CC(N)C1=NC=CC=C1S
3686,3745,CC=CC=C(C)Br
3687,3746,COCCCCC1CCC=N1
3688,3747,CCC(C)NCCOC(=O)C(C)=O
3689,3748,CC1SC(=O)C2C1(C=CC=C2C=CC=CC=C)O
3690,3749,CCNCN=C1C(O)=CC#C1
3691,3750,C12C(Cl)=C1C=C2CCC
3692,3751,CC(C)=CC=CC(C)C=CC1=CCN=C1O
3693,3752,CCN(N)CNCC(N)CCOC=CC(=O)C
3694,3753,CCCNCCC(C)=C1N(Cl)CCC1
3695,3754,BrCCC(C)=CC=C(O)C(=O)O
3696,3755,NCNC=NC(C#N)CCl
3697,3756,CCNC(=O)N[NH1]OC=CC=CC(Br)=C
3698,3757,CCN=CN(C)CCCCOOC
3699,3758,N1C(=O)C1CCCC(=O)C(O)N(C)OC
3700,3759,CN(O)C=CC1=NC=CC(=O)O1
3701,3760,COC(=O)NC=CC(F)(C)SC(=O)O
3702,3761,CCC=C1C=CC(=O)C=CC=CC1=C
3703,3762,COCN(O)C=C1C=C(O)C=C1
3704,3763,CCCCCC1=CC=C(Br)N1
3705,3764,CCC(C)C1=NC=C1Br
3706,3765,C(OC=C)C1=CC=C[SH1]=C1
3707,3766,COC(Cl)C1=CC2=C(C=CC=C2C=CCC)C1
3708,3767,CC=CN=C1SC=C1
3709,3768,CNCC=CC(C=CC1=CC=C2)(I)C1CC=C2
3710,3769,OCC=NC(C)=C1[NH1][NH1]C=NCCC1
3711,3770,CCCC=CCC(=O)OC
3712,3771,OCOC=NC(O)C(=O)OC(=O)O
3713,3772,C=NC=CC=C1C(Br)=C(F)C=C1
3714,3773,N=SCNC(=O)C=CC=N
3715,3774,C1=C(N)C(=O)NC=CC=C1C
3716,3775,NC=CNC=NC=CC1=CC=CC=C1
3717,3776,N=C1C=CCO1
3718,3777,NC(C)(O)N(F)I
3719,3778,OCCNC=CC=CC=CN=C(C)N=CO
3720,3779,C=CCC(C(C)=C)C=CC=C(C)NC
3721,3781,CCCCC=CS(F)CC(O)C
3722,3782,CNN=NC=CC=COC(=O)C=O
3723,3783,O=CC=C(N)NCNCC=C=C
3724,3784,O1N(N)CP(=O)OO1
3725,3785,C1CC1C=CCC(C)CC2OC2
3726,3786,CNC(O)C=CCCC(C)(O)O
3727,3787,N1CSOC=C(N)CSC1(C)N
3728,3788,C1SNCC2N1CCCC2CC
3729,3789,CC[NH1]C=C1C=CC=C1P
3730,3790,NC(=O)OCC(C)=CC=CC=O
3731,3791,OC=C(C=1CC=CC)CCC2COCN2C=1
3732,3792,C1=CC=CC1
3733,3793,C1OC1(CC=CC2)CCSCC2=C
3734,3794,CCC(N)C=CCC=SS
3735,3795,C=C(O)C(OC=CC=NC=C[SH1])NC
3736,3796,CNSC(C(C)CCCCC)CCOCN=C
3737,3797,CCOC(=O)OCNN(O)C(O)C=C
3738,3798,C=CC=CC#CCC1SC=CC=C1
3739,3799,N=C(O)C(=O)OC(O)CCC
3740,3800,CCC=CN=C(C)C1=CC=CC(=O)OCC=C1
3741,3802,NC(C)C1(CNCCNCCC)CC1
3742,3803,COC(O)CN=CC1=C(C=CC2=C1C=O)C2
3743,3804,CN=NC=CC=C(O)C1C2C=CC=C1C2
3744,3805,COCC(=O)CCC=CCC#N
3745,3806,CC=C1CCC=NNN=CS1=C
3746,3807,N=C(N)CCCO
3747,3808,OC1CC=CC=C1SC=CC=CC=C
3748,3809,CC(C)=CC=CC=CC(Cl)O
3749,3810,NNC=CN=C(Cl)C=NCC=C(O)Cl
3750,3811,OC(N)C=NCC(O)CC(=O)O
3751,3812,N1CCCCCCCCC(O)CC1
3752,3813,CC(C)(O)C(=O)OCCCC=C
3753,3814,CNC(C)C(NC)=CC=CCC1CCNCC1
3754,3815,CN=C(C)NC=C(C=CCC)CC=C(P)C(=O)O
3755,3816,COC(C)CC1=CC=CC=C1COC2=CC2=C
3756,3817,O=C=CC=C(F)C1=CC=CC=C1
3757,3818,N1CNC2C1C=C(C=CC(=O)N=C)C=C2
3758,3819,C=C1C2(C=CC=C(O)C)S1C=C2N
3759,3820,OC=CC=CC=C(CC)N=NC#C
3760,3821,O=CCC=CNC(C)(O)C=CC=C(S1)[NH1]1
3761,3822,O1C#C1
3762,3823,C1COCCCCC1CCCCCCC
3763,3824,CCC(=O)CCC1C(C)OC=C1
3764,3825,CCCCN=CCN(O)OC
3765,3826,O=COC=NC=O
3766,3827,NCC(=O)CCCOC(=O)O
3767,3828,C1C=CCC=CCN=C1N
3768,3829,CC(C)CCCCCCC=CC1=CC=C(C2=C1O)C=CC=C2NC=N
3769,3830,CC=C(NOCCC1C(=O)[NH1]CC1)C=C
3770,3831,CCSCC(=O)CNC1C=CC=C1CC
3771,3832,CC(C)C=CC=C(C)C=CC=C
3772,3833,SC(CCCCC1=O)NC=C1
3773,3834,CNC(C)NC(=O)C(=O)C=NC=CC(=O)N
3774,3835,CCCOCCCCC#CC(C)CO
3775,3836,C1NN=C1CC(N)CCC
3776,3837,CNCCCCC1=CC=CC=C1Cl
3777,3838,CC1CC(C)S(C)C(O)C(=O)[NH1]1
3778,3839,OC=C=CSI
3779,3840,CC(O)CCC=C(O)CCC
3780,3841,C1=CC=C=C1C=NC(=O)OCC2C(=O)C=CS2
3781,3842,CC1=CC=C(O)C(O)CSC=C1
3782,3843,CCOC(C)CC1OCCCC=CC=C1O
3783,3844,CC1CCC(C)C1
3784,3845,O=C(O1)C(C)C=C1CCN=C
3785,3846,C=C(C=CCC=CSCS)SC
3786,3847,O=CC=CC=C(CCCF)CNC[SH1]
3787,3848,N1C=CC(N)=NC=C(O)N=N1
3788,3849,N(C=NCC=O)OOCNCCCC=C
3789,3850,O1OC=C1C(=O)NCCNCC=CO
3790,3851,C1C=NN=CC(C=CC(C)F)=C1NS
3791,3852,C=C(CC(=O)C=CC=C)C=CC=O
3792,3853,O=CN=C(C1)CC=CC=C1
3793,3854,CNC(=O)OCCCCC(C)[NH1]C(=O)O
3794,3855,CCCC=NC1=CC=C(Cl)C1
3795,3856,CCC(=O)OCC1=CC=CC(Cl)C=C1
3796,3857,OC(O)CC1=CC=C(C)C=CC=C1
3797,3858,CC(COCCCCC1CCC)CC1=O
3798,3859,O=CC1=CC=CC2=C1NCNN2
3799,3860,CC=C(CCOC1=O)CC=C[NH1]1
3800,3861,OC=CC=CCCNCC=O
3801,3862,S1CCC1P(C)CO
3802,3863,S1C(C)CNC1(C)C(=O)OC=CC=C
3803,3864,O=CC=CS(C)(Br)C=C
3804,3867,NCC(=O)O
3805,3868,CCCN=C(CC(C)CCCC)CC
3806,3869,CC(N)CC(C)=[SH1]C=C
3807,3870,NC=NN[NH1]C1=CC=CC(O)=C1
3808,3871,CCC(C)CC(=N)C(C)OCCCC#C
3809,3872,CC=CC1C(C)=CC=N1
3810,3873,CC=CCNC=NC=CC=C
3811,3874,COC=C[NH1]C=CCCCCCCN
3812,3875,CC=C(O1)C=CC=C(C)C(S)C=CC1Cl
3813,3876,NCCC(N)CNC(N)CNNCCCN
3814,3877,C1CC1CCCC2=CC=CC3=C2N=CNC3
3815,3878,CCSC(=O)N=CC=C(N=NC)C=CC=CC=O
3816,3879,CCSC=CC(O)=C
3817,3880,CC(=O)O[NH1]C(=O)OSNNN
3818,3881,CCC1C=CC=CC12C(=O)NCN2[NH1]
3819,3882,CCC=C(C)OCCCCCCCCCC=O
3820,3883,CC1=CC=CC=C1CCCBr
3821,3884,SNCCOC(=O)CCCSC(O)SCl
3822,3885,NS(C)C=C1C=CC=CC=CCC=C1
3823,3886,CCC=C(O1)OC(=O)C=CSC=C1
3824,3887,CNC=CC=C1C(C(CC)(O)N=NC=2)=C1C=2
3825,3889,N1CCO1
3826,3890,O1CCC=CCC(O)C=CC=C1CF
3827,3891,CCC(CCC)(O)C=C1C=CC=C1O
3828,3892,O=C(C)N1C=CC=C2C1N2
3829,3893,CSNC(=O)CC(=O)O
3830,3894,CNCCC(C1)=CCCCC1
3831,3895,CC(N)(S)NC(O)C(O)C(=O)O
3832,3896,OC=CN=CC=CC1=CC(C)CS1C=C
3833,3897,CC(C)CC(C)CCCCO
3834,3898,C1=CC(OC2)=NC=CC=C21
3835,3899,CCCC=NC=C(O)C1C(=O)COC1=O
3836,3900,CONC1C=CC=CC=C1CS
3837,3901,CCCC=C[NH1]PCC(C)OC
3838,3902,CCC=C=CC=CC=SC=NC=CC=N
3839,3903,C(OC=CN)(O)C=C1C#CS=C1
3840,3904,C=CC=C(C)C(C=O)OC(=O)O
3841,3905,CC=NCNNCCC1=CSC=N1
3842,3906,C1NC1(C=CC=CC)CCCC(=O)C=C
3843,3907,CC=CC=CSC1=CC=CC=C1
3844,3908,CC(O)=CC=CC=C(NC)C1N=NC=CC1
3845,3909,CNC(N1C(=O)NC)=CC=C(O)CCC1
3846,3910,CSN(CC(C)(C)CCC)CCCO
3847,3911,O=CC=CC=C(OC=CC=C)CC
3848,3912,CC1N=CC(C1=C=NC=C2C)=C(O)CO2
3849,3913,CCNC(=O)C=C(N)CNNC=CC(=O)O
3850,3914,CCNNCF
3851,3915,NC(N)CCCC1OC(=O)OC=C(O)NC1C
3852,3916,CCCC=C(C(=O)CNC=CC=CC=CC=CO)C=O
3853,3917,CC(N)=CNS(N)CCC
3854,3918,N=C=C(O)CC[NH1]CNCC=O
3855,3919,C1=C[NH1]C(=O)C(C=CN)CC1O
3856,3920,CCCCOC(=O)OC=NC(C)=CC=CCl
3857,3921,N1C2=CC=C1CCCCC2C=C
3858,3922,CC(C)CC(Br)C1=C(C)N=N1
3859,3923,CC=CC=NC1=C2C=CC=C1C2
3860,3924,CNCCC=CC=C(O)CCC=N
3861,3925,C1C#CC=C1OC=CC[NH1]C(=O)N
3862,3926,CC(N)=C(NC1N(N)S)COCC(F)S1
3863,3927,CCCC=CC1=CC=C(O)N1C(=O)OC
3864,3928,CCOC(N)C(=O)OC=CC=C
3865,3929,CCCCCCC=CC1C=NS=C1CN
3866,3930,COBr
3867,3931,NCCCNC(C=O)C(O)C(=O)O
3868,3933,CCCCC=NNSCCCCC(C)OC=C
3869,3934,CC=NCC(C1)=CCNC=C[NH1]C1(Cl)S
3870,3935,ONC[NH1]CCC1=NC=CN=C1
3871,3936,CC(N)NCCCCOCCO
3872,3937,COONC(NN)C(F)=C(F)C
3873,3938,ON(C)CCCCC=NC=CCC=CN
3874,3939,COCCC(C)(C)CCC(=O)O
3875,3940,CC=CC1=CC=CSN1
3876,3941,CCC1(C)CC=CC=CCCC1O
3877,3942,CC=CC=C(O)CC=C[NH1]C(O)C=CS=C
3878,3943,C1=C2C=C(S)C2CSNN=C1
3879,3944,CNCCC(C)NC=C
3880,3945,COC(=O)C=C(C)Cl
3881,3946,CC=CNC1(N)N2C=CC=C2NCN1
3882,3947,C=CC(C)=CC1=CC=NC=C1CC
3883,3948,N1=CC2=C3C(Cl)CC2=C31
3884,3949,CCCC(O)C(=O)N(O)NCC(C)OC
3885,3950,CC=CCCC(N)CNCO
3886,3951,ClCC=C(N)CCNCC=C
3887,3952,CCCOCC1=CC=CC=CC#CC=C1
3888,3953,N1C=CC(C)=N1
3889,3954,N1OC[NH1]1
3890,3955,N=C
3891,3956,COC=C(N1)CCCC=C2NC=CC=C21
3892,3957,CCC=NC(C)C1=CC=C2N1C=CC=CS2
3893,3958,CC=CS(C1)(C)C(=O)NN(O)ON1
3894,3959,CCC=CC1=CC=C2N(O)CC=C21
3895,3960,C1C=CC=C1ON=C(O)SNC=CC=C
3896,3961,CC(=O)NC(O)C(C(=O)OC=CN)=C(Cl)O
3897,3962,CCC=C1C=COC1CF
3898,3963,C(C)COCC(Br)CCCCO
3899,3964,CC(=O)C(C=1)C(C)OC=CC(N)C=CC=C=1
3900,3965,CC=CC=NC(=O)C=CCC=C(C)CO
3901,3966,C=CN=CC=CC(=O)N=C1C=CCC=C1
3902,3967,CNCC1C=C2C=CN1C=C2
3903,3968,OCC(N)(CCCC1CCC=CC2=C1C=C)C2CP
3904,3969,CC=C(O)C=CC=C(C)OC=CC=C
3905,3970,C1NC(=O)C=CC=C(CCl)C(N)=N1
3906,3971,CC=C1C=COS1SCC
3907,3972,CC(C1)CCCC1OO
3908,3973,CC=1N=C=CC=1C
3909,3974,CCSC=CC(C)=CC=CC=C(Cl)C=C
3910,3975,NC=CC=C(O)NCCSC=CC#C
3911,3976,CCCNN=NI
3912,3977,NC#CC=CCC(=O)OCCOC#CCCC
3913,3978,C1N=NCN=N1
3914,3979,N#CC=CC(O)C=C1C=CC=C1
3915,3980,CCCC1CCC=NCC=C1
3916,3981,CC(=O)C(C)CCCCNCCO
3917,3982,NNCCNC
3918,3983,CNC=CC(=O)CSC
3919,3984,S1C=CC1SC(=O)NSC=O
3920,3985,CNOCCCCCC(=O)OC=O
3921,3986,C=CC=CC=C1C=CC2=CC=CC=C2C1
3922,3987,NCCONN=C(O)CC(F)CCC(C1C)=C1
3923,3988,CC=C(C=NCC1NC=O)OC(O)C1=O
3924,3989,CCCCCNF
3925,3990,CC=CC=CCCC(=O)CCC=NC=C
3926,3991,CC(C)OC=CSC=NC=C(C)Cl
3927,3992,CCNCC=NCCCCCCCC(C)C
3928,3993,CN(CCNC1=O)C=C2C=C1C=NN2
3929,3994,CC=CC=CCC1CCC2CC1C=C2
3930,3995,CC(=O)NCCCC(NCCC1C)C1
3931,3996,NC(O)C=CC=CC=C(Cl)CC=C
3932,3998,CC=C1C=C(C)CC1C(C)=C2C=C(C)CC2
3933,3999,C1OC(C)N=CC=CC=C1C=NNN=N
3934,4000,CNOC1CN=CC1C=CC=CC
3935,4001,CSSC=CSSC(N)CCCC
3936,4002,O=CC=CC=CCCC(=N)O
3937,4003,C=C(N1)CSC(=O)N=C(F)CCC1N
3938,4004,C(C#CC)OC[SH1]CC=CC=C(O)C=C(O)O
3939,4005,C#CCC(C)=NC1=NC=CC=CC=CCC=C1O
3940,4006,C(=O)C(C)CON1C=CC=C(C)N=N1
3941,4007,C=CC=C(O)C(N)CCC1=CC=CS1N
3942,4008,NC(N)CC[NH1]C=CC1=CC=CC=C1Cl
3943,4009,OCCC=CC=CC1=CC=CS=C1
3944,4010,CC=CC=C1C(C)CN1C2=CC=CC=C2
3945,4011,NCO[NH1]CN=NN=CC=CC1=C(Br)COC=C1
3946,4012,CNCCC=CC1=C(O)CCC1
3947,4013,CC(C)Cl
3948,4014,COC(=O)N=C1C=CC(Br)=C1NCCCC
3949,4015,C(=O)NCC(C=CN=CC1=CN=CC)C=C1
3950,4016,CC=CC1=CC=NC=C1C(=O)ON
3951,4017,C=C(C=NC(=O)N=C)C=CC=CN
3952,4018,CC=CC=C(O)N=CC=CC=CO
3953,4019,CC=CC=C(CCCCC=CC=O)N(CC)O
3954,4020,C1C2=CC=NC2(C)CNC1
3955,4021,CC(=O)OC=CC(N)=CC=C(CS)CC
3956,4022,CC=C[NH1]C=C1C=CC2=C(Cl)C=CC=C2C1=O
3957,4023,N1C=C1CCCCCCOC=CC(Br)=CC
3958,4024,BrC=CS1C2=CNC=CC=C2C1
3959,4025,COC(N)=NC(S1)C=CCS1O
3960,4026,C1CC(C)CCOC=NC1ON
3961,4027,CC1C=S2(S)C3CCCCCC2C3=C1
3962,4028,OCC(C)CCCC(C)CCCCC
3963,4029,OC(C)Br
3964,4030,C=NSCCSC1CN=CC=C1C
3965,4031,N=C[NH1]C=CC(CNC(=O)C)CO
3966,4032,C(CCNC(O)SS)C(=O)C
3967,4033,O=C1C=CC=C(CCCl)CCCCC1
3968,4034,CSC=C(C)SC(C)OC(=O)OC=CC=CC=C
3969,4035,N1C(C)CC=NCC(CC=O)=N1
3970,4036,C1N2CCC(C=CC(N)CS)N=C1N2
3971,4037,O=C=CC=CN
3972,4038,CC=CN=C(CO)C1NCCC=CC=CC1CCl
3973,4039,O=NC1OC=N[NH1]1
3974,4040,COC(C)N1C(=O)NCOCC=CC=C1
3975,4041,O=C(C=C1C)C(S)C=C1CCBr
3976,4042,C#CC=CN=C(C(=O)CC)CCC=CNN
3977,4043,CCC(=O)C=CC=S
3978,4044,C=CC(C1C2CCC13CO)(CC)C2=C3COC=C
3979,4045,COCCOS1CCNCC1
3980,4046,OC(O)C(O)=NC(C=CC=CO)C=C
3981,4047,C=CC(C)N=C1[NH1]C(O)=CC=C1C=C
3982,4048,C1CCC1(C=CC=CCOC=CN=NC=C)Cl
3983,4049,OC(=O)CCCCCC(=O)NC(=O)[NH1]
3984,4050,CC=C1C2=C(Br)C=CS2CCCCCCC1
3985,4051,C=C1C=C2C=CC(=O)C=CC=CC2=C1
3986,4052,C1CO[NH1]C=C(F)C(=O)C=C1O
3987,4053,N1CC2CC3CCCCC3C2C1
3988,4054,CC(=O)OC=CC1(CC=CC=C1)C=CC=C
3989,4055,C=1OC(=O)C=1C2=CC=CCC2
3990,4056,CCCNC=NC
3991,4057,CC=CC(=O)C(C=CCC1C)C(=O)C=C1O
3992,4058,COC=NC(C)OC(O)CC=CC
3993,4059,O=C(N)C(=O)C(=O)C=C1C=C(Cl)C2=C(F)CS1C2
3994,4060,C=CC(F)=C1C=CC=CC=C1O
3995,4061,CCC(C)=CC=C1C2=NNC(C)C2CC1
3996,4062,CCC(C1)CNCCCCCC=C1
3997,4063,NC=CC=O
3998,4064,CC(C)NN=NCCCCOCO
3999,4065,O1N2C(C(N)=CCC)CN2C1=CC#C
4000,4066,C1NCCC1C2CCCCCN2O
4001,4067,CCNNC
4002,4068,O=CNCCC1C2=CC=CC=CS2C=C1
4003,4069,CCC(C)CCCC1CC=CC=CC=N1
4004,4070,ICNC(=O)N1C=CC=C1C=NO
4005,4071,CCCOC(=O)C1=C(F)CCC=C1C
4006,4072,CC=CC=CC(C)(C=O)OCC=CC=CC=CC(=O)O
4007,4073,CCCCC(C)(O)CCCC=CC1=CS1
4008,4074,CCCCCC=C1C(N)(O2)C2C1=O
4009,4075,C(C)C(C)C[NH1]CNC=NCP
4010,4076,CCCC(C(=O)OCCCO)C=C
4011,4077,CCC(O)CC(C)C(C1)NCCC1
4012,4078,C=CC(O)=C(N)CNC=CC=C(O)CCCC
4013,4079,CSC=CN=CN(O)CC=C(F)Cl
4014,4080,NCCC(C)C(C)NC1NCCCC1=O
4015,4081,OOC=CCCCCl
4016,4082,CN=C(C)OC=CC1=C2C(C=CC=C2)N1
4017,4083,CC=C1C=CC2=C(O)C=3C(O)=C2C=3C1=N
4018,4084,O1C=NC(Cl)C2=CC=CC(F)=C21
4019,4085,O=C(C)OCON=C
4020,4086,CSS
4021,4087,N=CC=C1C=CN(N)C=C1
4022,4088,OCC(CCCCC=CC1=NCBr)C=C1
4023,4089,O1C=CCC=C1ON(O)CCCN
4024,4090,COCOC(C)(C)CCO
4025,4091,C[NH1]C(=O)CCNCCCC1CCC=C1
4026,4092,O=CC=CC(=O)N
4027,4093,NCNC(O)C1=CC2=CN=CCN=C2C1
4028,4094,ON1C=CC=C(N)C[NH1]C=NC=C=S1
4029,4095,O=C(C=NC=O)OC(COCC1)CCCC1
4030,4096,C=CCC(=O)N1CNCC=C1
4031,4097,CC=CCPC=C(C)[NH1]ON
4032,4098,CN=C(C(C)CC1)C=CC=C1NC
4033,4099,CCCNP(=N)C=CC1=COC=C1
4034,4100,NC=S(C)[NH1]CCOC(=O)CC
4035,4101,NN(O)COCCC#N
4036,4102,N=CC(C)C(C)OCNC=C
4037,4103,OC1C(N2)C(=O)C=C1CCNCCC=C2
4038,4104,COC(C)C(N)C1CCCNC(C)=C1
4039,4105,C12OC=CC=C1OCCC(N)C2
4040,4106,CSC1=CCC(N)=C1C=COC
4041,4107,O1C(=O)C(CCC)=CN=C1
4042,4108,CC=CC=CC(=O)C=CN=CC(=O)O
4043,4109,C=CN=C(C)CC(O)C(C)C=NO
4044,4110,NCC=NCC(=O)O
4045,4111,CC(F)C(N1CCCCC1)C(C)=C
4046,4112,NC(O1)C(C)=C(C)SC(=O)CS1C(=O)O
4047,4113,CC=CCC(=O)C=CC(O)C(=O)O
4048,4114,C1C=CC=C2C(F)=CC=C2C=C1CO
4049,4115,CNCNCCC
4050,4116,CC=CN=CC1=CC=CC=C1
4051,4117,COC(N)C1OCC2=C1C(=O)NC2=O
4052,4118,CCC(O)C(=O)OCBr
4053,4119,CCC1CCCC(C)(O)CCCC1
4054,4120,C=CC=CC=C(O)C1CCC=CN=C1O
4055,4121,CC(N)(C)CC=NC1CCCCC(Cl)=C1
4056,4122,CNC1=CP(=CCC1)=O
4057,4123,CC(C)N1C2=NCC1NS2
4058,4125,NCCCC(O)=CC1C(C)=CC=C1C
4059,4126,CC(O)C(=O)N=CC=C1OC=CSC1C
4060,4127,CC=C1N=C(C)CC(O)C(=O)N=C1
4061,4128,NC(=O)CC=NC1=CN=CC2=C1C=CNC2
4062,4129,C(C)CCC(NC#CC)CSCOBr
4063,4130,CC(C)=CC=CC1=CC2=NC=C21
4064,4131,SC(N)CSCC=C(O1)C(Cl)=CC=C1S
4065,4132,CCC=NC1=C(Cl)CC(Br)=C1O
4066,4133,N=NC(NC=O)OC=CC=CCBr
4067,4134,NC1=CC=C(CN2)C1NCC=CC=C(N)C2
4068,4135,CC=C=C(N)C(=O)C=O
4069,4136,C1CC=CC=CC2(Br)CCN21
4070,4137,CC1=CC=CC=C1C=O
4071,4138,CCCCC(C)CCC(=O)NCN
4072,4139,CC(=O)C(O)C=NC=C(O)C=C
4073,4140,CSC=CC(P)CF
4074,4141,CN=C(O)C=CC=CC(OC)(O)SN=C
4075,4142,C1COC(=O)CCCC=C(O)C1
4076,4143,CCCOC(C=CCCl)=NNCC(C)O
4077,4144,NCC(O)C(C)=S=NCl
4078,4145,CCS1C=CC=CC=CN=CC1
4079,4146,CC(N)=NCNCSC=CC=CC1=CC=CC=C1CCC
4080,4147,C1C=CC=C1C2CNC(=O)OC=CCNC2
4081,4148,CC=CCCC=CC=CC#C
4082,4149,C#CC12C(C)(C)SC=CC=CN=C1C=N2
4083,4150,NC=CC(=NNN(F)C)C(F)O
4084,4151,CNC=C(N)CNCC(C)C=CF
4085,4152,CCCCCCCN1NCCCN1
4086,4153,CC1=CC=CC=C1C
4087,4154,C1OC=CC=CC=CC1(N)CO
4088,4155,CCC=NCO
4089,4156,CC=CC=CC(O)C(CC=C)Cl
4090,4157,CC=CC=CC(O)C=CC#N
4091,4158,CCC=CCCC1=CC=C(OC)C(Br)C=C1
4092,4159,CCNNC(=O)COCN=NCCl
4093,4160,C12CCCCC1(COC)C=CC=C2
4094,4161,CNN(C)CCCC1C=CC=CC=CC(O)=C1
4095,4162,CCS1CSC=C1C(=O)OC2[NH1]C=NC2
4096,4163,C=C(N)CN=CC(C)OOCO
4097,4164,CC(C)CCC=O
4098,4165,C(=O)(C)CCC=CC(C(=O)N)C(N)Br
4099,4166,N(N)C=NC=CC=CC(C1=CI)=CC=C1
4100,4167,CC(=O)NC=CC1=NN=CCCC1
4101,4168,CC1OCCO1
4102,4169,C=NC=CC(C=O)CCCCC
4103,4170,C1C2=CC=CC=CC=C2C#C1
4104,4171,CC(C=CC=C(N)CCC)CCN
4105,4172,CC#CC=NC(C)CCCCC
4106,4173,C1=NC1NC(=O)NC=CC2=NN=C[NH1]C=C2C=CC=C
4107,4174,CC=1NCCC=NC(O)C=N[NH1]C=1
4108,4175,C1NN(C)OS1CC2OC=CCC=C2
4109,4176,OC=C=CC=C(N)C=C1C=C(O)C=C1Cl
4110,4177,CSC=CC=C(NC1)C(O)C=C1
4111,4178,CC=1SNCOC=COC=1
4112,4179,NC1=CC=CC2=C(Br)CNC=C21
4113,4180,SSC(=O)ON(O)CCC(=O)C1=CC=CN=C1
4114,4181,C1NCCC(=O)OC(C)=C1C2=CCCC2
4115,4182,CCSC(C=C1CC=CC)NN=CC1
4116,4183,CCOC(C(=O)C)=NC(O)C=O
4117,4184,C1=CC2=CC=CC=C2C=CC=CN1
4118,4185,C=1NC=CC=CC=1C=C2C(Cl)=CC=C2
4119,4186,C=CC1=C(NC2NC(=O)COC=CO)C1C=C2N
4120,4187,O(OC=NC=C1C(C)CC)CC=C1
4121,4188,CCCCCCC1CC(C)=N1
4122,4189,O=CC=C1C=CC=CN=CNCCC1
4123,4190,N1NC=C1C=NC(=S)N(O)C=CC#C
4124,4191,CNCC1CCCC1Cl
4125,4192,COCSNC(C)=C1C2=CC=CC=C2SCN1
4126,4193,C1CC=C2C(C=CC)=C2C=CC1C=CC=CS
4127,4194,OC=C[NH1]CNCC1CC=CCC=C1
4128,4195,CC1CN=C(Cl)C1(C)C=C2C=C=NC2
4129,4196,CCC(N)NC1CCCC1CN
4130,4197,O(N)COCC1CCCCCC1NSO
4131,4198,CCCNCOC(C#N)=O
4132,4199,C=C(O)C(=O)C(CCCCC=C)CC
4133,4200,CCCN(C)COC(O)CC=NC
4134,4201,N=C(C1)OC=CC=C[NH1]N=CCCCO1
4135,4202,CC=C(C)CCCO
4136,4203,CC(O)OC=CC=NCC=C1CC=CC=C1
4137,4204,CCCNC1=CC(=O)NC1C=C2C=CC=CS2O
4138,4205,O=CC=CCC=CC=CC=C1C=CC=CC=C1
4139,4206,CC(N)CNO
4140,4207,CCOC(=O)CCCNCOCC
4141,4208,CC=C(N)CSCC1=CC=CC=N1
4142,4209,NCCCC
4143,4210,O=CC(=O)C1=COC=NC1CCOC
4144,4211,CC(O)=CC=CC=CC1=C=NC(O)C=C1O
4145,4212,CCCCC(=O)OC1=CC=CC=N1
4146,4213,CN1OCCCC=S1(S)=SNC
4147,4214,CC[NH1]CN=O
4148,4215,OC=C(C=CC=CS1)NNCC1O
4149,4216,CC(N)C(=O)N=NCCCC
4150,4217,CC(=O)C=CC1=C2CC=CC=C2C1
4151,4218,N1C=CC=C1C(=O)N
4152,4219,CC(=O)CCC(O)=C1C=CC=C=C1O[NH1]
4153,4220,OC=NC1=C(N)CC=CC=CN=C1C
4154,4221,CN=C(C1)CC(S)CC=CC=CC1
4155,4222,CC(CCC=CO)C(=O)OO
4156,4223,N1S=CN=CC(O)(Cl)S1
4157,4224,C1CN=CC=C2C=C(CC3OC=C2CCCC=N1)C3
4158,4225,CNCCCCC(C)C(=O)O
4159,4226,COS(=N)C(C)NCC(C)C=O
4160,4227,CN1CC=C(C)C(P)CN=C1
4161,4228,CCCOC=CN=CC=C(F)CC#C
4162,4229,CC=CC(C)CCC1CCN2CC1CC2
4163,4230,CC(O)=NS(C)(=O)(O)NCCC
4164,4231,CPOC=CC1=C2C=C(CSC=C2)N1
4165,4232,CC=CC(C)(C)CC=CC=CCl
4166,4233,C1CCOC1CC=CC2=CC=CN=C2
4167,4235,CC1CCC(O)C=CC=NCC=CS1
4168,4236,O=CC=CC=C(C)OC(=O)OC=O
4169,4237,N1CCCCN2C(C)C1C(N)=SC=C2
4170,4238,SC(C)CCCC(C=CCSCC)C
4171,4239,O1C(O)C=CS1O
4172,4240,NC=CC=C(C)C
4173,4241,CC1NC2=CC=CC=C2CCC=NC=N1
4174,4242,NC=CSC(=O)OCC1CCC=CC1
4175,4243,OCCCCCCC=CCC(=O)O
4176,4244,OC1OCCCC1C2=NC=CC=C2C
4177,4245,CNCNC1CCC=C1CC[NH1]C
4178,4246,N=CSC=NCCOC=O
4179,4247,CCCCOCCC
4180,4248,C(=O)C=CC1C=CC2CC=CN=C2NCC1
4181,4249,NC=CC1=CC=CC=C1
4182,4250,CNNC(=O)N=CNNC
4183,4251,N#N
4184,4252,C=CC(COC(=O)C=CC1=CC)[NH1]C=C1
4185,4253,CC(CC=CCl)Br
4186,4254,C1OSC=CC=CC=CC(=O)NC=N1
4187,4255,C1C(O)C=CC=C1C2=CC=CC=C2C=C
4188,4256,C1OC=CC=C1COC(C)(C)C2CC2N=O
4189,4257,CC(N)CCOC(C1)=C(O)OC1
4190,4258,CCOC=C(CO)C=CC=C(O)C=C(O)C=O
4191,4259,COC=NCCOC(C)C(CC)C#C
4192,4260,CC=CC=CC=C(N)C=CC=C
4193,4261,CCC(C)=SC=C1C=CNCOC1
4194,4262,C1#CC2=CC=C1OC=C2OC=C=[NH1]
4195,4263,CCC=CC=CCC(=O)O
4196,4264,COC=CC=C(O)CCC
4197,4265,C1N=CC1CCC=CC#CCC=C
4198,4266,CCCNCCCCl
4199,4267,C1C(=O)CNCCCN(CC)C1=O
4200,4268,CN(Cl)C[NH1]N=CC(O)=CO
4201,4269,CC=CSNCS(C)OCCC1NC1=C
4202,4270,OC=NN=CC1=C(C)N=CC1
4203,4271,C=CC(=O)C=C1CC=CC=C1C=O
4204,4272,CC1=CC=NN2C=CC=C(F)C1C2
4205,4273,COC(CCOCC(=O)OC)=C
4206,4274,O=CC=CC=C[NH1]
4207,4275,C1=NC=CC=CC=C1Cl
4208,4276,C1CNCC=NC=C1C
4209,4277,CCOC=CN(C)CNCCOC=NNC
4210,4278,OCOC1=CN=CC=C1C(N)=C2C=CNC2
4211,4279,CCCNC(C(O)C(N)C=O)OC
4212,4280,NOC(O)CC1CCCCC1C
4213,4281,O=CC1=C(CNC=C1)OSC=CC2=CC=C2
4214,4282,CCC=C1C=C(F)C(O)=C1N
4215,4283,NCC(N)=CCCC=CC=CCC=CC=C
4216,4284,N1C=COCOC(C)CNCC1
4217,4285,CNCCC(=O)C=CC(Cl)C(=O)O
4218,4286,C1CNCCC1C(=O)N=CN=C(C)N=C
4219,4287,CC(=O)N=C(CC(I)=CP)C=O
4220,4288,OC=COC(C=NC=CC=CNC)(O)C=O
4221,4289,CCC=CN=C1C2=CC=C3S1C(N)C(O)=C2O3
4222,4290,S=CCC(C(Br)C=NCC)=C
4223,4291,CC=CC=CCBr
4224,4292,O=CC=CC=C
4225,4293,ON=CN=NC(C)=CC1=CS[NH1]C1C#N
4226,4294,NC1CCON1CN
4227,4295,O1N(CCPC(=O)NCC)CC1=O
4228,4296,CCOC(=O)CC(C)=O
4229,4297,CNCC(C=NC(O)CCC)F
4230,4298,CNSC=CC1=C(C)CC(=O)OC=C1O
4231,4299,N1CCNN1C
4232,4300,C(CC#CC)CN=CC=C=C(NC)C=O
4233,4301,C=C1C=CC=C1F
4234,4302,CC(N)CC(C)CNCC
4235,4303,CN(C1)OCCCCCN[NH1]C=C1
4236,4304,C1C(C)=CC1CN2C(N)CCC(C)S2
4237,4305,CCC(N)CCCC1CC(O)C1
4238,4306,OC=C(O)N=NC=C1C=C(C)OC=C1CS
4239,4307,CCC=O
4240,4308,C=CC=C1C=CC=C(C#C)OC=NO1
4241,4309,CCCNC(=O)O
4242,4310,C12SCCC=CC=CC=C1C2
4243,4311,CCCCCC(C1)CCC=N1
4244,4312,CNC(=C)C=CCC(C(=O)NC=C)C
4245,4313,NCOC(C)=C1C=CC(F)=CC=C(Cl)C1
4246,4314,NCCOC=CC=CCS(CF)N
4247,4315,C=CCNCC(=O)C1=CC=CC=C1
4248,4316,CNC=NC=C(Br)C1=CC=CC1CCC=NC=C
4249,4317,C1CNNC=C(N)CN1C2=CC=CC=C2
4250,4318,O1C=C1CC2CCCCCCC2C
4251,4319,CC#CCC=SCC12CCOCC=CC=C1NC2
4252,4320,CCC(C1)C(=O)OC(=O)CCOS1
4253,4321,C1CCCCOCC(=O)C=C1N
4254,4322,NC=CC=C1C(O2)C=COC2C1OC=CC(=O)O
4255,4323,CCNCCCNCC1=CC=CC=C1
4256,4324,CCCCCCCC=O
4257,4325,O=C[NH1]C=NC=CC=CC=CCO
4258,4326,O(C)N=CC=C(O1)C=CC=CC=C1CC=O
4259,4327,SC=CC(C1)(C)C2[NH1]C=C1C2N=O
4260,4328,CC(CC(O)C=O)O
4261,4329,CCNC(=O)OCCCCCOCCC(=O)O
4262,4330,C1NC=C(O)C=CCS(N)=C1Br
4263,4331,C1NOCC(C)C(C)CCCCS1
4264,4332,CC=CC(CCC=CC=O)CF
4265,4333,OC=C(C1)C=CC=NOCCCC1
4266,4334,NCC=SC=CC=C(C)C=O
4267,4335,C1OC1CNC(=O)C=P=O
4268,4337,COC(C)=CCCCCC(C)(Cl)CCO
4269,4338,C1NCCC(O)C(=O)OCC1(C)C
4270,4339,O=CC=CC=NCF
4271,4340,CCCCCC(C)CCCC=CC=C(O1)C1
4272,4342,CC=CCCC(=O)OCCCC
4273,4343,CC(N)C(=O)OC=CC1=CC=CC=C1
4274,4344,OC(=O)NC=NCBr
4275,4345,CCC=CC(F)CC=C(C=1SC=C)C=1C
4276,4346,OCCN=CCCl
4277,4347,COCC(C)CCOCCCO
4278,4348,N=C(O)CCC1CC=CC=C1C2=CCCN=C2
4279,4349,CON(C)COC
4280,4350,NC=CC(=N1)NC=NC=C1
4281,4351,OCNC(C)(C1=NC=CCC2CN)C1C2
4282,4352,CC=C(CN=NC1=CC=CCl)C=C1Cl
4283,4353,CCC(C)=NC=C(S)C=CC=CN1CCN=C1
4284,4354,CCNC1=C(Br)NC12CCCNC2
4285,4355,C(C)COC1=CC=CC=C1CCCNC
4286,4356,O=NCC(C)=NN=C(F)C=CC=CN=N
4287,4358,O=CO
4288,4359,C=C(O)CC1=CC=CC(O)=C1N
4289,4360,COCCCNC=CC(Br)C=N
4290,4361,FCCC(C)(CC=C)C(C=C1C=CS)=N1
4291,4362,CC(O)C(F)(N)S=1C=CC=CS=1O
4292,4363,C#CC1=CCNC(Cl)C1
4293,4364,CCC(C)CCCCC=C=O
4294,4365,C1CCNC=C1Br
4295,4366,C1C(=O)C=N1
4296,4367,C1C=NC=C(O)CCC[NH1]1
4297,4368,C#CC=CC=CC=C(O1)CN[NH1]C1O
4298,4369,C1CCSC=S1C(=O)OO
4299,4370,CCC=CC=CC(C)(O)C=CC=C
4300,4371,OC(=O)C=CC=CC1=CCNC=C1
4301,4372,ONOCCOC=CC=CC1=CNCCCC=C1
4302,4373,CC(=O)OC(C=O)C=CO
4303,4375,C(=O)C=CSC=C1[NH1]C=CC=C1
4304,4376,CCC1CCC2C1C=C2C(=O)O
4305,4377,C1C=CC1CBr
4306,4378,CCCC1=CC=CC=CC=C2N=CC(Cl)=C12
4307,4379,C=C(CCC1CCCNC1O)C=NC(CO)=C
4308,4380,O=CCC=CC1=CC=C[NH1]C=C1N=O
4309,4381,C1C(C)C=CC(=O)N(CC=CC)C(Cl)N1
4310,4382,C1CNC=CC(=O)OC(N)CC1C
4311,4383,C=C(Cl)C(=O)NC=NNC=O
4312,4384,C1=C2SC(C=C2C=CCC)C1
4313,4385,COCNCCSOCBr
4314,4386,N1=C=C1N=CC=C(Cl)C=CN=NC=C
4315,4387,C=NCC(I)(O)OCCCCC
4316,4388,CC(=O)CNC(=O)[NH1]C=CC#CC[NH1]C
4317,4389,COC=NNC1=CC=CC=C=C1Br
4318,4390,CCOCCOCCNC=NC(C)ON
4319,4391,C=CN1C=CC=C1C(C)=CC=CCCC
4320,4392,CCC=NC=C1S=CC2=C1C=NC=C2
4321,4393,COCC1CCC(C)CC(=O)C=CN=C1
4322,4394,O=CC(C1)N2CCC1CC2
4323,4395,C1C=C(C)C2OCC=CCCN=C1N2C
4324,4396,C1OC=CC(C)=CC=CC=C1
4325,4397,C1C(CBr)(CO)CC1
4326,4398,NC=CC1NSCC1C=C2C=C3C=C2[NH1]C3
4327,4399,C=NC(C=CC=CC)=CC=CC(Cl)=C(Br)Cl
4328,4400,O(C)OCC(N)CCC
4329,4401,SCC(=O)C(N1)C(N)C=CC2=CC=CC=C21
4330,4402,C(=O)N=C1C=CC=C(Br)C1
4331,4403,CSCCCC=CC1=CS=NC=C1
4332,4404,C=C1C(N)C(CCCC)CCCCC1
4333,4405,CC1CCCCSC=C1I
4334,4406,NN=CC=C1C=C(Br)N1
4335,4407,CC(=O)N=C(CC=CC=C1C=CC=C)C=C1C=C
4336,4408,CC=CC1=C(O)C2=CC=CC=C2C=C1O
4337,4409,C1CC=CC=C1NN=CC=CC
4338,4410,CCCCC=C=NC=C(Cl)C(Br)C
4339,4411,NC=CSCC(C=CC)=C1NC(C)OC1C=O
4340,4412,OC=CC(C)C1=C(CCC)N1N
4341,4413,OC(N)CCCCl
4342,4414,O=CN=CC1=CN=CC2=C1CNC2C
4343,4415,CC=CC=CC=CC#CNSC
4344,4416,CCSC1=CC=CC=C1
4345,4418,CC1CCCN1CCCOCCC
4346,4419,C1CC(C)CC1NCCCCC=C[NH1]C=C
4347,4420,OC=C(C)C[NH1]C(=O)CCCCC
4348,4421,NNC=CC1C(C)=CC(SNO)C=C1
4349,4422,O=CC=CC1[NH1]C=CC=C1C#N
4350,4423,CSCNCCC1CC1
4351,4424,N=C1N(O)C=CN=C1
4352,4425,CCOC1=CSC=C[NH1]1
4353,4426,CCC(=O)NC(C)NC(=O)OCCl
4354,4427,C1CCC1C(=O)NC(=O)O
4355,4428,O=C(N)CCC=CN1C2=CNC=CC=C1[NH1]CN(C)N2O
4356,4429,CCCCC(C)OC(=O)O
4357,4430,CCCCCCCC=C1C=CC=N1
4358,4431,BrC=CC=C(Cl)CC=CC=CC=C
4359,4432,C1COC=CC=CC=C1C=CC=CC=CCF
4360,4433,NC=CC(C=CC=C1C(=O)OC2)=CC=CC=C2N1
4361,4434,CC1C2C(=O)NOC=NCN2COC1
4362,4435,NC=C1C=C(C)C=CC(CO)C1O
4363,4436,CC(C)CCC=CC=C1C=CC(C=C1)C
4364,4437,CC1(N)OC=CC=CC=CC=C[NH1]1
4365,4438,C=CC=C(C)NCC=CN=CC(S)=C1[NH1]C1=O
4366,4439,CC=CN=CC=C(O1)CON=N1
4367,4440,C=1CCCN=1
4368,4441,CCC(C)(C)OCCCC=SC(C)O
4369,4442,OC(C)OC#CCOCS
4370,4443,CCCNC=C1C=CC=NCCC1
4371,4444,OC=C(C1)N(N)C(C)OC1C
4372,4445,CCCC=CC=CCC1CCCCC1
4373,4446,C(=O)C1(C)CCCCC1C=CC=CCCC
4374,4447,COCC(=O)C=C(CI)O
4375,4448,O=C(C)C=C(N)CCNC=O
4376,4449,OC=CC#CO
4377,4450,COC=CS(O)C=CC1=CC=CC=N1
4378,4451,O=C(C)P(=O)C=CC(C)=CC=O
4379,4452,C=CC=CC=C1C=C1Cl
4380,4453,OCCCCCOC(O)C=O
4381,4454,S12OC=CC=CC(CC)(O)C1C2
4382,4455,CNC(S)C=CC(OC=CCC)=C1C=CC#CC1
4383,4456,O=CC(C)CNC#CC=O
4384,4457,CCCC1CC(C)CCC=CCNC1C
4385,4458,COC(=O)N(F)CCCCC1=C2C=CC1NC2
4386,4459,CCSC=CC1N2C=C3C=C1C2C3CC
4387,4460,NCCOC(=O)C=O
4388,4461,C=CC=CC=CC=C(CO)C1=CC=CC=C1
4389,4463,COC(O)OCO
4390,4464,COS1(OS2C(O)OOC=CS1)=C2
4391,4465,COC=CC=C(C)CC=NN=N
4392,4466,OC(=O)NC=NC=C1C=C(CO)C=C1
4393,4467,C1C(C)=CC(=O)C(=O)O1
4394,4468,CNCC1NCNCNC(NC)CCCC1=O
4395,4469,CC=CC(C=CC)(O)NCNCCC=C=N
4396,4470,C1CC(=O)OCCC(C)=CC=C1O
4397,4471,CCC(C)C(S)CC(=O)CCCO
4398,4472,C=CNC=CC=CN=CC=CC=CO
4399,4473,C1CC=C1CCCC2CCC3C=C=C=C32
4400,4474,CN=N[NH1]C(=O)C=C[NH1]CC=CCCC(=O)N=C
4401,4475,CC(=O)OC=NCCC
4402,4476,CNOCOCCCCCC
4403,4477,CCOC(C)C(C1=CC=CC1=C2)C=N2
4404,4478,CCCCCCNC
4405,4479,CC=C[NH1]C=O
4406,4480,CNCCC(=O)C(C)NCCC(C)C=N
4407,4481,C=CCSC=C(N)OC=NCSC1=CC=CC#C1
4408,4482,CCN(C(C1)C)CNC(C)=C2C=CC=C21
4409,4483,NCN1CN=CNC1NC(C2)C2
4410,4484,CCC=C(O)C(O)C1=CNC=CC=CN=C1
4411,4486,C1N=CC=C1CCCCCCCC
4412,4487,NC(Br)C=C(C)CCP
4413,4488,C1C[NH1]N1CC(=O)CCl
4414,4489,CCOC(=O)OC(=O)C=CN(C1)CC2=NOC=C2C(C)=CC1
4415,4490,C=C1S=C(Cl)CC=CC=CC=C(F)[NH1]1
4416,4491,NNCO
4417,4492,NCCCCCCCCC=NC1OC1
4418,4493,C1CC=CC=C1OONCC=NC(C2)=C2
4419,4494,NCOC=C1C=CC=C(C)CC2=CC=CN=C21
4420,4495,C1CC1COC2=CC=CC=C2
4421,4496,CCC(N)C1=NC(NC(=O)ONC)=C1
4422,4497,N#CCC=C(C)CCC=C=N
4423,4498,N=1CC=CC=1S2C=C(S)N2C
4424,4499,CCNC1NCCCSC1=C
4425,4500,C1=C=CO1
4426,4501,CCSC(=O)CSC1=CC2=CC=C1C=C2
4427,4502,CN=C(N)C=CC1=CC=CC=C1Br
4428,4503,CC=CC=C1C(=O)OC=C1C=NC
4429,4504,C=CC=C[NH1]C(=O)C1=CC=CC=C1
4430,4505,ONC=O
4431,4506,C1CCCC(=O)NCC=C1C
4432,4507,CCOC(=O)CS1CCCC1[NH1]CO
4433,4508,O(N)C(O)=CC=CC=CC
4434,4509,O=C(C)C1CC=CC=C1NC(F)=C=C=NC#C
4435,4510,CCOCCN=CCONSCCl
4436,4512,NC=CC=C(C1=CC(Br)=CC)C(Cl)=S=C1
4437,4513,COCC(O)C1=C2C=CC=C1C=C2O
4438,4514,CCC=CN=NCN=C(C)CCCCCC
4439,4515,CCC=C(C1)CCCCCCC1CCC(=O)O
4440,4516,CCC(C)C(C)=C(Cl)C(NC)=CC=CC=C
4441,4517,S1(C)CC(CNC2CC)=CC=C2N1
4442,4518,O1C(O)C=C2C(N3)C=C2C=C1CC=NC=C3
4443,4519,CCOC(=O)CS1C(C2)=CC=CC=CC=C2CC1
4444,4520,NCN=C1C=CC=C2CC=CC2C=CC=C1
4445,4521,NC=CCO
4446,4522,NC=NC#CC1(C)COCC1
4447,4523,CCCCCC(=O)[NH1]C(C)COC
4448,4524,C(CCC(=O)OC=O)O
4449,4525,C(=O)=C(C)C(Cl)C=CC=C
4450,4526,CNCCC1C(C)=CC=C1N=C(C)CC
4451,4527,CON(C)C(=O)NCCCCC(C)C=O
4452,4528,CC=CC(=O)CC(C)=CC=CP
4453,4529,CCNC=CC=C(N1N)CC(C)CC1
4454,4530,NN=CC(N)=CC=CC1=CC2=CC=CC=C2N=C1
4455,4531,CCC=NC=CC(C12Br)C=CC1=C2N
4456,4532,CC(NC(=O)CC)=CN(C)CCCC(O1)C1
4457,4533,NCC(=O)N=NCI
4458,4534,C1OCCCCCC=C1O
4459,4535,CCNCCC(=O)SC(Br)C
4460,4536,CCC=CN=C(O)C(=O)C(S1)C=CCCC1=C
4461,4537,CCC(=N)NC(=O)CC=CC=C1SC(CN)=C[NH1]1
4462,4538,CC1=C(C(C)=N)C=CC=CCCC1
4463,4539,OC(CNC1=O)CC2CN=CC=C2C1
4464,4540,CC(=O)NCNCCC
4465,4541,OC=NC=CN=NC1=CC=C(CC=C1C=O)N
4466,4542,OC1(C)NCCCC1NCC
4467,4543,NCC=CC=CN=CC=C(CC=C1C2=CC)CC=C21
4468,4544,NCOC=CC=C(Cl)N=C[NH1]C=C
4469,4545,OF
4470,4546,N1C=C(CN1NCCC=NCC)CCl
4471,4547,C1OC(=O)OC(C)(CC)CC1
4472,4549,NCCC(C1CC(=O)C=C1C2)=CC=CC=C2
4473,4550,CC(C)SC(=O)O
4474,4551,CCCC=CC=NC=C(O)C(=O)NC=CS
4475,4552,C1SC2=C3N=C1N=CC=C(N)C2NC3
4476,4553,C1C(O)CCC=C1N
4477,4554,COCCC=C1C=CC2(O)N=CC=C2N1
4478,4555,C1NNCC1CCl
4479,4556,COCC=CN=C(O)SO
4480,4557,CCCCC=CC=CC=C[NH1]C=C
4481,4558,NN=CC=CCCCC=CC=CC#C
4482,4559,ONN=C(CCCO)CCC=CC=CC=C
4483,4560,C[NH1]C=C(C12)C(=O)CC1C2C=O
4484,4561,OC=CC1=C[NH1]C=CC=C1
4485,4562,CCNN(O)OC1OCCCC1
4486,4563,O=C(CC=NC=C)C1(S)C=CC=C1
4487,4564,CCC1=CN=C(Cl)CC2=CC(Br)S1=C2
4488,4565,N=CC1=CC=NC=C1SSC=CC2=CC(O)CC2
4489,4566,NC(=O)OC=CC=C
4490,4567,CC(=O)OC=CC(C)=NC(=O)O
4491,4568,NCCCCCNNCCCOC
4492,4569,CCCCCC(C)CCCCC[NH1]CC
4493,4570,CN(CC=C(C=CSC1C)N=CC)C1=C
4494,4571,O1C=CC=CCC=CC(N)=N1
4495,4572,CN(C(C)C1CCCCCC)CC1
4496,4573,CCCOCCCCC=NN[NH1]C=CCl
4497,4574,CC=C=CC=C(N)N(C)NCN
4498,4576,OC=CC=C(CC)C1CCC(N)=C1
4499,4577,O=C1C=C2C=CC=CC=C2C#C1
4500,4578,OC(O)CC(=O)NC=SC=C(O)CS
4501,4579,OCC(=O)CC(P)OC=SC
4502,4580,C=C(Cl)CC=NN
4503,4581,OCNC(C)SC=CN=CCl
4504,4582,C=C(CCCCCCC1C)CCN1
4505,4583,C1COSC(=O)CN1CNC2N=CC=NC2N=C
4506,4584,CC=CCC(CCN=CCCC)SNOC
4507,4585,C12NCCC1C(=O)CNN2
4508,4586,CCCCCO
4509,4587,C1C=CC=C2C=C1CON=CC=C2
4510,4588,C1(CC=O)OC=CC(=O)N1COC
4511,4589,CC(O)COC(C)OC=CC1=C(C)NS1
4512,4590,NC=NC(=S)OC
4513,4591,NCOC=CCC=C1C=C(NC)C(=O)OC1C=O
4514,4592,CCC(C)C(C1)C(O)CC1C=O
4515,4593,C1NCC(C)=C1CCCCCCC=N
4516,4594,C1NC1(C)C2CCCOC=CC2C=CC=C(Cl)C
4517,4595,CC(N)CC=NC=CC(Cl)=C
4518,4596,OC1=C(C)C=CC12CC(CO)C(=O)C2
4519,4597,O=CCC(C)C(=O)CC(C)=O
4520,4598,CCCCC=CC1CCCCS1
4521,4599,OCCCC1CCC[NH1]1
4522,4600,O=CC(CCCC1CCC=C1)C=NC=CO
4523,4601,O1CSC=C1C=CN
4524,4602,CNCCCC=CCC(O)CO
4525,4603,C1OC=CCC2=C1C=CC=C2
4526,4604,C=NC=CC1=CC(Br)=C[NH1]1
4527,4605,CCC=NN1C=C[NH1]CC=C1
4528,4606,CC1CSC=CCNC(C)CN1
4529,4607,CCCC(C=CC(Cl)C=C1N=C)C=C1
4530,4608,O=CC=NC(O1)CSCN1
4531,4609,CPC1CCNCCCCC(O)C=C1C
4532,4610,CN=CC1C=NC=C2CCCCC=C2N1
4533,4611,CC=CC=C(Cl)C1=CC=CC=C1
4534,4612,O=CN=S(=O)C=CC=O
4535,4613,COC(C)(O1)OC(=O)NC1CCOC
4536,4614,OC(=O)N1C2=SC=CC1CCC2S
4537,4615,COC(O1)=CC=CC=C1
4538,4616,NC(=O)C(C)OC(C)CC
4539,4617,COCOC(O)N(O)O
4540,4618,C=NC=C1C=CC=C1
4541,4619,CCC(=O)COC
4542,4620,N=C(COC=CC1=CC=CCBr)C1
4543,4621,C=CC=CC1=C(N)C2OC=CC=C2S1
4544,4622,C1C(=S)OCC2C1C=CC=CC=C2CC=C
4545,4623,CC(O)C(CC1C)CCCC=C1C
4546,4624,CCOC=CC=C(CN1C(=O)NCO2)C1OC=C2C
4547,4625,C=CC=C[NH1]C=CC(=O)C=C1CNC=C1
4548,4626,C1C2CNCCCCC(C)(Br)NC21
4549,4627,N=CC(C)CC1=CC=CC=C1
4550,4628,CC=CC=CC(CC)=C1C2=CC=CC=C2C1O
4551,4629,C=SC(O)C=CC(C)(C)C(O)C=N
4552,4630,CCCCCNCC=CC(O)CC=CC=CC#N
4553,4631,O=CCCC=CC=CC=C
4554,4632,CC=C(NC=O)CC=NC(=O)CC
4555,4633,C1CCCCCCC1
4556,4634,CCCC=CC(=O)C(=O)CNC=CC=C1C=C(Cl)CC=C1N=O
4557,4635,CC(C(O)OCOC=O)OC(O)NC(=O)N
4558,4637,CCCCCOCC1C=CC=CC(O)O1
4559,4638,C1OCCC1C(C)OCCCO
4560,4639,C=NCCC=CC=C(CC=CC1)CC=CN=C1
4561,4640,C1C=CC=CC1C=C2CNCCC2CC
4562,4641,CCOC=C(N)NC(=O)N1NC=CC=C1
4563,4642,C1CC=NCC2C=NCC=C21
4564,4643,NCCCNCCl
4565,4644,CNNC(C1)NCCCCCC=CC=C(Br)S1
4566,4645,C(=O)NCCC(=O)C1=CN=N1
4567,4647,CCN(Cl)C(O)=CCC
4568,4648,OCC(C)(C1=CC)CC=C1Cl
4569,4649,NCCC(C)=CNCOC=CO
4570,4650,C=1=CC=1C(C=CC=CC)C=C2N=C2N
4571,4651,O=C(SC(C)NC=O)OC
4572,4652,CNC1(N2)C=CC=C(C=C2C)NCN1O
4573,4653,CC(=O)NCCCCCC1CCC=CSC=C1C
4574,4654,CC=C(C)C(=O)CCC=C(CO1)CC=CC=C1C
4575,4655,CC(=O)NC(O)C=O
4576,4656,COC=CC=C(N=CC(C)CCl)CCl
4577,4657,CCOC(=O)CC(O)C#CC=O
4578,4658,CNNCCC#N
4579,4659,NCCC1CC2=CC=C1C2
4580,4660,OC=NCC=CC(O)C1=CC=C2C=C1C2
4581,4661,C=NCF
4582,4662,CS1C=CN(C)CC(C)=CC=C1
4583,4663,OC(=O)CN=CC1=CN=CC(C1)C=NC
4584,4664,CC1(NC(=O)C(O)CC)CCCCC1
4585,4665,COC=NC1=C(N)CCN1N=CC
4586,4666,CC=C1N=C(C=CC=C1Br)CCl
4587,4667,NCC(=O)CC(Br)(O)N
4588,4668,N1C=CC=NC=C(C)CCC1
4589,4669,COC(=O)COCCCN
4590,4670,BrC=CC=CC1C=CCCC1
4591,4671,CC#CCNCNC=N
4592,4672,O=CC=CC=CC=C(O)C=CCC
4593,4673,N=C(CCCCC1)CCC[NH1]C1N
4594,4674,O=CC(=O)C=NCC1(C)CCC1C
4595,4675,NCCC=NCC=CC1=C(C)C=CC=C=C=C1
4596,4676,OC(=O)C(C)N1CCCC[NH1]1
4597,4677,N1C=CC=CC=CC=C1
4598,4678,CCCC=CC1=CC=CC1O
4599,4679,C1C(O)CC=C1CCNCNCPS
4600,4680,O1C=CC1NC2C(C)NC2
4601,4682,BrC(O)CNSC=1COC=CC=1N
4602,4683,C=CC=C(F)NN
4603,4684,CCN=CN=C(N)NCCC=C
4604,4685,C1CCOC1OO
4605,4686,N=CN(C)C=C(C1)C=C=CCN1Br
4606,4687,COCCCCCCC1(N)N=C1
4607,4688,NC1CCCC=CC=C1N
4608,4689,CCCNSC(C)CCC=C(O)O
4609,4690,C=SCCC=CN=CC=C(Cl)CC=CCC
4610,4691,NC(C1)CCCC1CC2CCCOC2C=NC
4611,4692,CC=CCC1(C)C=CC=C1C=CC2=CC=CC=C2
4612,4693,O=C(C)NC(C)NCC
4613,4694,O1C=CC=C(Cl)C1=NCC2=CC=CC=CC=C2
4614,4695,NCCCCC(=O)COC=C1CC=CC=C1NC
4615,4696,COC=NC=CC=CC1=C(I)N=CC=C1
4616,4697,NCC1SCCS1
4617,4698,CCCCC(C)(NC=O)OC
4618,4699,C(=O)C#CCBr
4619,4700,CC=CC=C(O)C(O)C(=O)OC
4620,4701,NC(C)(C)NC(C)CC=C(O)CC
4621,4702,COCOC=CC1=CC=CC=C1N
4622,4703,CCC(=O)NCNCC(=O)S
4623,4704,NC(=O)C(C)OC(C)CCC=O
4624,4705,CNC1C(=S)OC=C1
4625,4706,C#COC(=O)NCC1CCSCO1
4626,4707,NCC=CC=CC(C=C)[NH1]C=C[NH1]C=C
4627,4708,O=NCCOC=O
4628,4709,OC=CC=CC=CCC1=CC=CN=C1
4629,4710,O=C=O
4630,4711,CC=NCOCOC(Br)CN
4631,4712,C=CC=C1C=CC2C=CC=C2N=C1
4632,4713,C1NC(C)(N)C#CCCC1O
4633,4714,COC=CC(O)C(C=C1C)(O)OC=C1
4634,4715,CCC(C1)CNC(=CC1CCCOC=O)C=O
4635,4716,CC=NCC1C(C)(O)CCCCSC1
4636,4717,CN(C)COC(=O)NCCCOCC
4637,4718,CCCSC=C(O)COC=CC=O
4638,4719,C1COC1CC[NH1]CCCCC
4639,4720,C=NCC=NC(C)OC(=O)N
4640,4721,C(=O)NC(=O)N1CNSC(CN)=C1
4641,4722,CC=NC=C(O)CC1CC=CC=C1
4642,4723,C1=C(C)OCC1(C)CSC=CN(CC)C
4643,4724,CC(=O)CC(C)=CC=C(C)Br
4644,4725,N=NC(Br)C=C1C=NC=CC=CC=C1
4645,4726,N1C=CC(O)O1
4646,4727,COCC=1C=CC(C=O)OC=1
4647,4728,CC12C=CCS1=C2NCC(Cl)=NN=N
4648,4729,CC1COC(F)(O)CC=C1
4649,4730,OCS(=O)NC(=O)CCC(S)CC(C)C=C
4650,4731,OCCC=C=CC(OCCl)CC=CC
4651,4732,CC=CC=C(Cl)N(NC=O)O
4652,4733,O=CC=NC=C1C=C[NH1]C=C1N=CC=CNC
4653,4734,CCC=C=CC=CC1=CC=C(CO)C1
4654,4735,CC(=N)S(C)(=O)OCOCCCC=S
4655,4736,CC=CC=CC1=C(N2C)CNCC1C2C
4656,4737,OC(=O)CC(C)C=C1C=CC=CC=CC=C1C=C
4657,4738,NCCCCCCC1=CNC(=O)NN1
4658,4739,CC1C2OC=CC=C2CC1=N
4659,4740,C=CC(=O)OCBr
4660,4741,CCOF
4661,4742,OC=NCC=CC=C1N=C=NC=C1O
4662,4743,CCCC(C1)CN=C(F)C(CBr)=C1
4663,4744,O1CCCCNC1
4664,4745,OCCC=CS1C(=O)NC=N1
4665,4746,NC(=O)CCSC(=O)N(CCC)SC
4666,4747,CCC=C1N=CC2=CC=CC=C21
4667,4748,CC(C)=NC=CC=C(O)C(=O)O
4668,4749,COC(C(=O)NC=O)OCC#C
4669,4750,OCC(=O)C=CSC=O
4670,4751,CCCCC1=NC(O)C(=O)N=C=SC1
4671,4752,C=C(O)C(O)CCCSC(=O)C(C)N
4672,4753,O1C=CC(C=CN)=CC=C[NH1]1
4673,4754,CCC(N)=NOCCCCCNC(=O)O
4674,4755,COCSNC1CC2CCNC2C=C1
4675,4756,CN1C=CC(C)C(=O)C=C1
4676,4757,C1=CC=C2C=CN=C21
4677,4758,SCCC=C(CCl)C=CCNC
4678,4760,O=C(C)CCCCC=CC
4679,4761,C1=CC=NSC=CC=C[NH1]1
4680,4762,C=C(NCC1CCCC=CC(O)CC)S1
4681,4763,N(N)CCC1CCCNC1C2CNC2
4682,4764,CCCCC(C=CNC(=O)C1=C)C=CC=C1O
4683,4765,C=NCOC=COCC=CN=C
4684,4766,O1C(O)CC=CC=NCC=CC=C1
4685,4767,CNC=CC=C1C=C(O)C1O
4686,4768,OCCNCC(C)C=O
4687,4769,O=NC(C)CCCOC(O)OC=C(Cl)Cl
4688,4770,CSC[NH1]C=CC1=CC=CC=C1Cl
4689,4771,NC=COC(N=CC1=CF)CC=C1N
4690,4772,CC(O)CCCCCCCC=CC(O)(O)O
4691,4773,COC(CCC)(N1C)NCC1=C
4692,4774,CC(C)CCCC(C)C
4693,4775,CC(C)C=C(C)CC1(C)SC2=CC1C=C2
4694,4776,NCCC(=O)CC1CCC(=O)C1=O
4695,4777,O=CC=CCOC
4696,4778,OCCC(=O)C=CC=C(Cl)C=COC=C
4697,4779,CCOC1=C(C2)CC=CC=C2C1
4698,4780,C=COC#N
4699,4781,C1C=CCC1CC2=CC=C3C=C2C=C3C=NC
4700,4782,CNCCC=NC1=CC=CC=C1C=CC=C
4701,4783,NC(CCCOC=O)CC1=C2C=CC=C1NCCC2
4702,4784,C(N1)C(=O)COC=CC=C(Cl)CS[NH1]1
4703,4785,O=CC(O)=CSCN=CCC
4704,4786,CC=C(N)C(=O)C=CC#CC=CC[NH1]
4705,4787,NCCCC1CNNCC1CC=C2C=NC=CC#C2
4706,4788,N=NCN=CC=C(C=CCF)CC=CCl
4707,4789,C1=C(N)N=CC(C)CCCCCC1
4708,4790,N=C=C(C)C=CC=CC(=O)O
4709,4791,CCCCCNC(=O)OC
4710,4792,CN=C(F)C1=C(O)CC1O
4711,4793,CCN1CN=CC=C(C)CN(Br)S(S)C1
4712,4794,OC(O)CCC1CCCC(C)C=C1
4713,4795,CC=1C(C)=C2C=1C(=O)OC=C2
4714,4796,C=1OC=1CC2CCNCCC(C)C2
4715,4797,CCC=CCCC(=O)O
4716,4798,NC=CC=CC(N)=C1C=CC=C1
4717,4799,OC(C=CC(C)=CCNS=N)O
4718,4800,CC(C)CCC1C(COCC2CC1)C=CN2
4719,4801,CC1CC2=CC=CN=C2SCC1=C
4720,4802,CNNSC=C(C(C)O)C=S(N)COC
4721,4803,CCCCC(C)CCCCCC
4722,4804,N=CC[NH1]C=CC#C
4723,4805,CSC=CC=CC1=C(S)N=CC1C=NC
4724,4806,C1CCC1CCCNCCC
4725,4807,NCC(=O)OC=CC=CC=CC
4726,4808,NC=CC(=C)C(Cl)=CC=CC=C
4727,4809,NC=CC1=CC=C(Br)C=C1N=C
4728,4810,C(=O)CCSC(C)C(=O)N1CCNC1
4729,4811,C1CCCN1OC
4730,4812,CNC(=O)NCCC
4731,4813,CC=CSCC(S(O)N)=CC=CC1=C(Cl)C=C1
4732,4814,CNCC(=O)C(CC1)(C)OC=CN1
4733,4815,CCCC(C1CCl)CC=CC=CC1
4734,4816,N1NCC1C=CC=C2C=C(Cl)C2
4735,4817,CCCCCCNCCC=NS#N
4736,4818,O(O)OCC=CC=C(Br)CF
4737,4819,CCCCCCCN=CC=C(N1)C=C1Cl
4738,4820,NCOCCC=C(C)Cl
4739,4821,C12CS1CNCNC(C)CC2
4740,4822,CCC=C1C=C(C)C1CO
4741,4823,N=CC=CC1=C(C(C)[NH1])C=NC=C(F)C1=O
4742,4824,C1C(=O)N2C(O)C=CC2C=C1
4743,4825,O(C)N=C=CC=C(Cl)C
4744,4826,CN1CCCC=C1OC(O)C=C
4745,4827,C#CC=NC1C=C2CC=CC=CC2S1
4746,4828,CC=CC(=O)C=CC#CF
4747,4829,O1C=C([SH1])C2C=CC=CN=C12
4748,4830,C#CC(=O)OCCC(C)CCCCC
4749,4831,NC1C2CC=CC=CCC2(C)C=NO1
4750,4832,OC=CSC=CCCCCC(F)=N
4751,4833,O=CCC=1CC=CCC=1
4752,4834,N1(C)NCC1OSCCCC=CC
4753,4835,CCC=CC=CC(Br)C1=CC=C=C1
4754,4836,CC=CC=C(O)C(O)C1N=CC=CC=C1
4755,4837,COC(O)C=CC=CC=C(Cl)CCl
4756,4838,CC1CN(C=CS(Br)O)OC=C1O
4757,4839,COC=CC=CC=C1CC=CC=C1NC=C
4758,4840,CC=CC(C)CCC=NC=C1CC=CC=C1
4759,4841,COC1=CC(C2)=CC=CC=C2S1CN
4760,4842,NNC=CC=C
4761,4843,CC(O)OC=CC=C(N)C(O)C=S
4762,4844,CC=NC(C=CC1=CCC=CC)=C1Br
4763,4845,CNC(C)(C1)CCOC=C1S=O
4764,4846,CC(C)CC(=O)CCCCCCC(=O)N
4765,4847,CC#CCCC=CC1=C(CC2CC)C1C=C(N)C2O
4766,4849,NC=C1C=N[NH1]C=C1C=O
4767,4850,CC=CC=CC(C)OC=O
4768,4851,CC(C)COC(=O)CC=CC=C(Cl)N
4769,4852,OC=CSC=CC=C=SC=O
4770,4853,BrC(=O)N
4771,4854,N1C=CC=CC2=CC=CC=C2O1
4772,4855,CC=C(O)C=CC=C(Cl)C(Br)=CC=C
4773,4856,O(CCCC(=O)F)NC
4774,4857,OC=NC=CC(C)=CN=CC(Br)NN
4775,4858,COC=C1C2=CC=CN=C2C=C1
4776,4859,CCC=CC1=C(F)C(F)C=C1
4777,4860,C=CNCN1C(C)(CC(F)(O)CCC)C1
4778,4861,NOC=CC=C(C=CS1C=CC2=N1)C2
4779,4862,CCC=CC(C)C=C1CCN=C1Cl
4780,4863,NC(O)C(C)C
4781,4865,N=CS1C(=O)NC(=O)OC(C)O1
4782,4866,C1C=CC=CN(Cl)CC1
4783,4867,NC=CC=CC=CC(Cl)=C(O)OC#C
4784,4868,O=C(C(C)CCN1C=O)N=CC=C[NH1]1
4785,4869,N#CC#CCNCP=O
4786,4870,CCC1CCCCCCCNC1(C)C=O
4787,4871,CSC=C1C(CC2=C3C=CC=C2)C3=C1NN
4788,4872,CCCCC(N)CC
4789,4873,CCCCCC(N1)C=C(Cl)CC=NC=C1O
4790,4874,CCC=CC1(C=CC=C1)C(=O)N
4791,4875,OC=COCC(F)C(C)C(=O)NO
4792,4876,C1C=CC=CC(O)N=C1
4793,4877,CC(C)OC(=O)C(=O)N1CCC=NCCC1C
4794,4878,CNC1(CS(C)CC)CC1
4795,4879,N1CC1(C=NC=CC=CCCCC)C=NN
4796,4880,CCC=COC(Br)C=NN=C(Cl)SC=CNO
4797,4881,CN(CCCCNC)C
4798,4882,NCC(C)CC(O)C(C)C(C)C
4799,4883,C(=O)(N)C=CC=C(O)C=N
4800,4884,C=CSC=CNC=C(Cl)CC(F)C=C
4801,4885,O=CC=CC(=O)N=C(CN=C(Cl)C)C=C[NH1]
4802,4886,CC=CC=NCF
4803,4887,C1CC=C1C=CC=CC
4804,4888,CC(=O)C=CC=CN(O)NC(=O)N
4805,4889,O=CC(CN)C(C)COC(O)C(=O)O
4806,4890,C1NC2OC=CC=C2CCCC=C1
4807,4891,OC(=O)NCCC(=O)N(C)CC
4808,4892,NCC=CC=C(C(=O)C)OCCC
4809,4893,CC1CNC(N)PN=C=C1
4810,4894,C(C)CCC(O)=CC=CC(=O)C=O
4811,4895,NCC=CC=C1C=CC(N)C1O
4812,4896,N=NC1C=CC2=CN=CC=C2NCCC1
4813,4897,CC=CC=CC(O)=C(OC)C12CCC=C1ON2
4814,4898,CO[NH1]COCC(=O)C1CC=CC1OC
4815,4899,ON=CC=CC=CNC1=CC=C(F)C=C1
4816,4900,OC(=O)OCC1CCCCC1C=C
4817,4901,COCC=CN(C1)CC=C(Cl)C1
4818,4902,CC1OCOC(=O)O[NH1]C1CCNN
4819,4903,O=CC=CC=C1C=CC(C)=C1O
4820,4904,CC=C(C1)C2=CCC(C)C2C1=O
4821,4905,CC(CC(C)CC1)=NC=CC=C1
4822,4906,CN=C(N)CCOC
4823,4907,N=CC(C=O)COC=C1C=CCC=C1
4824,4908,N=C(NF)CC(C)=CC1=CC=CC=C1
4825,4909,O=CC=C1C=C2C=CC=CC2O1
4826,4910,CCC[NH1]C=CC=CC(C)C=N
4827,4911,NCCCOC(=O)SC(O)=CC=C(N1C)O[NH1]C1
4828,4912,OC=C(C)CCCCCCC=CC=C
4829,4913,CC(C=COC=O)(O)CC(F)C=O
4830,4914,CC=C(C)NC1CCC=CC=CC=CC(Cl)N=C1
4831,4915,C1CN2C3(CCC14)CCCCCSC3=C24
4832,4916,C1OC=CC=C1COC
4833,4917,OC=CC=CC=C(C1=C[NH1]C=C1)CN
4834,4918,C12C=CC=CC=C2C(C)=CC=C1
4835,4919,C1C(=O)CN2C=CC=C1CCCCC2=N
4836,4920,CNC(=O)C=CC1CCCCC1=O
4837,4921,CN=C(C)OCCSCC(O1)C1=S
4838,4922,NC=CC=CNC=CNC1CCC=C1
4839,4923,CCCCC(O)CCCC=O
4840,4924,N(=O)C[NH1]CCC1=CC2=CC=C1N2
4841,4925,CCCC(C)=C1C=CC=CC=C1
4842,4926,CCOC(=O)NCCCNC
4843,4927,CCOC(C1)(O)C(=O)OC1OCOC=C
4844,4928,NC=CC(=O)C(F)CC=C1C2=C=NN1C2
4845,4929,O=CCNC=CC=CCOC=O
4846,4930,CC(C)CCC1C2=CC=CC=C2C1
4847,4931,CC(=O)C#CNC1CC(C2)CC=C1CC2
4848,4932,C1CC1(C=CCC(=O)O)O
4849,4933,C1CNCN1CCCCCCCCCC
4850,4934,O=CC(=O)C1=CCCC1=C
4851,4935,C=NC=C(Br)C=CC=C(O)C
4852,4936,SC(=O)NCCC(C)C(C)(O)O
4853,4937,C1#CCCCCC=CC=CC=C1
4854,4938,CC1=C(O)C=CN=CC=C(F)N=C1
4855,4939,C=C=C(O1)CCCC1=SCCC
4856,4940,CC(O)CC1COSCC1(C=NC)N
4857,4941,C1CCC1C=C(O)CCCCC#C
4858,4942,CC1CCNCCN1CCCCCCl
4859,4943,CCCCCN(C=CC(C)O)C=CC(Cl)C(Cl)SO
4860,4944,COC=C[NH1]C=CC=C1C=C2C=CCN=C21
4861,4945,OCCCCC(=O)OC=O
4862,4946,CC(O)=C(N)C=CC1=C(CC=C2C1)C=C3C=C23
4863,4947,CC=C(CC(N)C1=C)C=CC=C1
4864,4948,NCCC(C)CCCNC=C1C=CC=C(O)C1=S=NO
4865,4949,OC(C)C=O
4866,4950,CCCC1CCCCC2(C)CCNC2C1
4867,4951,CCC1CCCCC12C=NN(Cl)C=C2
4868,4952,CCOC(C)NC(=O)CCO
4869,4953,N1=CC=C1
4870,4954,CCC=CC
4871,4955,P#CCONC(=O)C=CC(C1)=CC=CN1C
4872,4956,CNCC1COC=N1
4873,4957,C1C=CC(P)CC=CC(N)C=CC=C1
4874,4958,CC(=O)OCN(O)OC=CC1=C2C=CC=C12
4875,4959,CC=CC(O)OC(=O)OC(C=O)O
4876,4960,CCCSC=O
4877,4961,O=CC=C1C(=O)C=CC=C1O
4878,4962,COC(F)(C)CCCCNC=NCC=O
4879,4963,CCC1C(Cl)=CN=C1O
4880,4964,O1C=CC=CC=CN=CC(N)=C1
4881,4965,OC1=CC(C=CC=C1)Cl
4882,4966,S1C(=O)C=CC=C1CCCNOCCCl
4883,4967,CSC=C(C)N1C(=O)N(O)NCNCS1
4884,4968,CCCCOC(=O)OC=CSCCBr
4885,4969,N1C=C(C)NC=C1C=NO
4886,4970,CC1(C)CC(=O)CC(N)CC(C)C1
4887,4971,CCC=C(C)CCCC1CN=CC=C1N
4888,4972,CC(=O)NNN(O)CNCOCN
4889,4973,C1CCC1C
4890,4974,NC=C(C)C=O
4891,4975,O=C(O)C(=O)N=C(C)N=CC
4892,4976,CNC=C(Br)CC=CC=C1C=C(N)NN=C1
4893,4977,C=CNP(=C)C(N)C=NOC1SC=NC=C1
4894,4978,C1=CC(N)=CC=CC1(S)O
4895,4979,CC[NH1]COC1=CC=CC=C1
4896,4980,CCN(N)CC=O
4897,4981,CC1NCCCCCC1(C)[SH1]
4898,4982,O(Cl)CC=NOCC(=O)OC
4899,4983,C1CCC(N)SC=C1NCCCCl
4900,4984,O=CC=C(Cl)C(C1)NCN2C1N2
4901,4985,CCCNCNC(C)C(O)CC
4902,4986,NSC1=CC2=CC=C(O)C2OCC1
4903,4987,CC(C)C(C)OC(=O)OC
4904,4988,CCCC1NCCCN1C(CC=CC=NC)=NNCC
4905,4989,C1OC(O)CN1
4906,4990,CCCCCCCCS1C(=O)N=C1Cl
4907,4991,ClC(O)C=NC=CC1=CCSC=C1C=O
4908,4992,CC1(C(O)C=C2CC)OC=C2S1
4909,4993,CCCCCC1CNCC1CCCC(CN2)C2(N)O
4910,4994,CC1C=CC=C1OC(=O)O
4911,4995,CN=C(OCC1=CC)CC=C1C=C
4912,4996,C=C(N)C=NC1C=CC=CCC=CC=C=C1
4913,4997,NC=CC=CC=C(N)CCF
4914,4998,C=C=CC(=O)NCCC1(C[NH1])C=CC=CC(Cl)=C1C
4915,4999,CC=CSC(C1)=CC(=O)C=CCN=C1
4916,5000,CCCNC=CC=C(C)CF
4917,5001,OC(C)(O)C=NC1=C([NH1])C=CC=C1
4918,5002,CCN(N)OC(=O)C(CCCCNCNC1=O)COC=C1
4919,5003,C12CN1CNN2O
4920,5004,CC=C(N)C1=C(Cl)C=C(Br)C1O
4921,5005,COCNNCOC=CC(F)CO
4922,5006,C1OCC=C1CCNC=CC=CC=CC=C
4923,5007,CCNC(C)OC1=C2C=CC=C1SC=C2O
4924,5008,O=CC=C1COC(O2)N1CCO2
4925,5009,CC=CC=C(C(=O)C=CC)C
4926,5010,CC1C=CC=CC=C(CC)CCC1
4927,5011,CCCCCCCCN=C(C)C=O
4928,5012,NC(=O)C=CC(O)C=C[NH1]C(N)=C
4929,5013,OC=CC=CCCl
4930,5014,CN(O)C=CC=C(N)CC=C(SC=O)O
4931,5015,OC=CC=C(CO)CC1=CC=CCC1
4932,5016,C#CC(CC)=CCOC=O
4933,5017,C1C=COC12C(C)(C3)C3C=C2C4=CC4O
4934,5018,N(=NSCO)OC(=O)O
4935,5019,CC(=O)NC(C)(C)CC1=CC=CC=C1
4936,5020,C1N=CC=C(CC=CC)CO1
4937,5021,CC=CC=C(O)C=C(Cl)CC#N
4938,5022,C1=NCC=C1
4939,5023,O1C(=O)O1
4940,5024,CNCCCNC(C)=C(O)C1=CC=C(Cl)C1=O
4941,5025,C(=O)N(O)NC(=O)C(C)N(C)C1=CC=CC=C1Br
4942,5026,C=C1C=CN(N)C2NC=CC=C21
4943,5027,C1CCCC2C(C)CC1=SOC2
4944,5028,N=C(O)C(C)=NC1(C2)CCCC1C2=N
4945,5029,BrC(N)C(C)OCNC(C=O)C(CC)C=CN
4946,5030,CC(=O)Cl
4947,5031,CN=CC=CC#CO
4948,5032,C1C(C)NCOONCC1
4949,5033,COC(=O)NC=CN(C)C(=O)CC
4950,5034,C1CCC=NC(C)C1(C)CC
4951,5035,INCC=CSCC(=O)O
4952,5036,C=12C=CC=CC=1C2N
4953,5037,C1=CC=CC=CC(C)C=C1
4954,5038,CC(C)C=O
4955,5039,BrC=CC1=C(O)C=CC2N=CC=C21
4956,5040,CC=CCCC=C(Cl)CCCC(F)C=C
4957,5041,COCC=C1C=CC=C(C)C1
4958,5042,COC=CC=CC(F)=CC=CC=CO
4959,5043,CCC=CC=CC=C(F)C=C(O)C=CCC=N
4960,5044,O1C=CC=C2C=C(Cl)CC2=C1
4961,5045,CCCNCC(=O)NCCOC
4962,5046,CC=CC(C)OCCCC
4963,5048,OC(=O)OC1OC1=O
4964,5049,C1C=CN1NNCCC=CC=N
4965,5050,CCCCN(C)OSN=N
4966,5051,CC1C(=O)NC(CC(=O)NO1)C
4967,5052,CSC(O)CC=NC=CC=CN=C(Br)OC
4968,5053,CC=CC=C1C(O)C=CO1
4969,5054,C(C)C(N)C(C)OC1C=CC=CC=C1N
4970,5055,C=CC=C(C)NCC(=O)CCCCCC
4971,5056,C#CCCCCCCCCCC1CCCNC1CCC
4972,5057,C(C)CC(O)C(=O)SCCCOC
4973,5058,CCCC=CC=C(N)N=C1C(NN)=CC=C1C
4974,5059,SC(C)CCCC=CC=C(Cl)C(Br)=C
4975,5060,CC(C)OCOC=CC=C(N)C(C)=CC=C
4976,5061,CNCCCCCP(C)CC
4977,5062,C1C(C)C(=O)C1C2NC=CC2=NC
4978,5063,CCCCC(=O)CCCCCCS
4979,5064,CC=CCS1(N)OCOC1
4980,5065,CCOC(N)NC(C)=COC=C=C
4981,5066,OCCOC=C1SCC(C)=C2N1CC=C2
4982,5067,O=CC=C1C(C)(C#N)CC=C(N)C=C1
4983,5069,CC1=CC=C(Cl)C=CC=CC1(OC)CC
4984,5070,COC=NC(C)OC(=O)NC=CC=SS=C
4985,5071,CC(C)C(CC1CC(O)C2)=CC3CC2C1=NC3
4986,5072,C1C=CC=CC(O)CNC=C1
4987,5073,NCCN(CCCSC1=CC=C)S=2=C1C=2O
4988,5074,CC=NCC(N1)CC=CC=C1Cl
4989,5075,CN=CC(C)=C(OC=CC=O)C=CCl
4990,5076,CPC1=CC=CCO1
4991,5077,C=C(N)C=CCCNC(=S)C=CS
4992,5078,C=CN(C)CC1CC=CCC=CN=C1
4993,5079,CCC(C1)(C(=O)N=C1OC=C23)C=CC=C(F)C2=C3
4994,5080,CC=C(COC1NC=CNC1)CS
4995,5081,NCCC1=CC=CCC12C3N=NN=C2C3CC
4996,5082,N1=CC=CC12C(=O)NCC(=O)C=CC2(C)CC
4997,5083,C1CNC=CC=C1CNOC
4998,5084,CCCC1=CC=CC=C1
4999,5085,C=1C(C)C=CNC[NH1]C=CSC=C=1
5000,5086,NCOC=C1C=CC=CS1
5001,5087,OC=CC=C(N)C1=C(CCC=C1NOBr)C=O
5002,5088,CCC=COC(COC=CC=O)O
5003,5089,OC=C(N)C(=O)O
5004,5090,CC=C(C)C=C1S[NH1]C=C=N1
5005,5091,CC=CC=C(C)N=CC=CC#C
5006,5092,CN=CC1=CC(C)(Cl)C1
5007,5093,ClCC=CC1=CN(CN1)C=CC=S
5008,5094,C1C(C)CN=N1
5009,5095,SC=C(CC=C1C=C)C=CC=C1
5010,5096,COC=CN=C(CCCCCC12OC)CC1CO2
5011,5097,NCC1=CC=CC=C1C=NC=C
5012,5098,CC(O)C=C1C=CC(=O)C=CC=CC=C1C
5013,5099,N1C=C1N=CCCC2CCCC(=O)OC2
5014,5100,SC=CC=CC=CC=C(O)C=NC=C=CCl
5015,5101,CCNC=NCC1NCC2=C(O)NC1C2=O
5016,5102,C1CN=C1
5017,5103,NC(C)(O)OC(=O)NCCNCCCCCCOC=[NH1]
5018,5104,N1C2=CC=CC=C1C=CC=C(Br)C2
5019,5105,OCCC=C1OC2CC1CC2
5020,5106,O=C(C=CC(=O)C)Br
5021,5107,C1NC(O)C(=O)CCC1(O)CF
5022,5108,C1OCS1C=O
5023,5109,O=C(N)CNC=CC=CC=CCN=C
5024,5110,CC=C(N)C(=O)C1=CC=CC=C(Cl)C1=C
5025,5111,OP(O)OC(=O)N
5026,5112,CCCCCC1[NH1]C=CC=C1
5027,5113,COC(=O)C=CC=CCC1NCC=NC1
5028,5114,NCC(=O)N(Cl)C=CC
5029,5115,O=CCCCC(O)N
5030,5116,CCOC(C)=C=NC(C)(Br)NCC=O
5031,5117,CNCNN=NC1=CC2=CC=C1C=C2
5032,5118,CC(=O)OCC(C)C1=CC=CC=C1
5033,5119,CNC1C(C)(S)CC(=O)SC1Cl
5034,5120,C=CC#CCC1=CC=CC=C(F)N1O
5035,5121,OO
5036,5122,SCC=CC(C)Cl
5037,5123,CCC=CC=CC(O)=CO
5038,5124,OCC(C)COCCOC(C1=O)C(O)C(C)C1O
5039,5125,O1CC(C)=NC=C(CCCCC1=CC=CC)C
5040,5126,CC=C(O)CCC(Cl)CCl
5041,5127,FC=NOCC=CC(CN)=C(S)N=C
5042,5128,CCC(=O)CO
5043,5129,C=NC(C)CC=CC1=CC=CC=N1
5044,5130,S(C)C=NC=O
5045,5131,C(O)C=C=NC=C(C)C
5046,5132,NCC=C(C12)CC(O)C1S2
5047,5133,CCC#CCN1C(C)(O)C(Br)CC=N1
5048,5134,ClCN=CC=CC1=CC=C=NC=C1
5049,5135,CC1CCCC1
5050,5136,NC=NC=CSN(NCC1CCC)C1
5051,5137,C1=NC=CNCNCC1
5052,5138,CCC=C1CC2(CN3C1C)CCC3C2
5053,5139,CSC=CC=CC=C(Cl)C=C(O)CC1=CC=CC=C1N
5054,5140,C(N)C1(Cl)C=CCS1
5055,5141,CC(=O)C(=O)C(CCSC)CN=C=O
5056,5142,C1CC(=O)NCCS1
5057,5143,CC(C)(C)CC(C)C=CC=CN(C)C
5058,5144,NC(C(C)CCC(C)N1)C=CC=N1
5059,5145,C1C=C(O)C2=CC=CS=C2OC1
5060,5146,CC=CC1=CC2=CC=C=C2C=NC=C1
5061,5147,N=NC=CC=CC=CC(=O)CNCC
5062,5148,O1CCN1NCCCC=NC(=O)O
5063,5149,N#COCCCCOC(=O)NC
5064,5150,C1CNC=CC=C(F)C=C[NH1][NH1]N1
5065,5151,C1CC=CC=C(Br)C=C1C#CC
5066,5152,O=CC=CCN=C=CC=CCCO
5067,5153,CC1(C2)C(C)=NC=C(Br)C=C=C(Cl)S=C21
5068,5154,O=NC(C)CCN=CC(N)=SO
5069,5155,N=1CCC(C=CC)(C=O)NNCC=1
5070,5156,OC=CCO
5071,5157,CC=C(C)CC1=CC=CC(=O)NC=C1C
5072,5158,OC=CC=CN(CNC(N1)(O)C=C)C=C1
5073,5159,O=C(C)N(C(F)=C(O)CF)OC=CC=C
5074,5160,CCOC#N
5075,5161,NCNCC=CC1=CC(C=C)C=C1Cl
5076,5162,C#CCOC=CC(C)=NCONCC
5077,5163,NC=NC=CC1=CC=CC=C1C
5078,5164,OCOC=CC=CC1=CC=CC=C1CN
5079,5165,O=CCC(N)=C
5080,5166,O1CO1
5081,5167,CC1CNC(O)=NCSCN=NN1
5082,5168,NCC(C)=CC=CC=C(C)Br
5083,5169,C1(N)CCCCNCCC=CC[NH1]1
5084,5170,CC=CC(O)C(CC=CCC=O)O
5085,5171,O(C)C=NC(C)CCCNP
5086,5172,NCCCS1CC=NN=C1
5087,5173,CN=CC=NC=NNC=CC=C1CCCCN1
5088,5174,CON(O)C1(N)C(=O)N1C2CCCCC2
5089,5175,C1=NC=CSC=CN1O
5090,5176,CC=CC=CC=CC=CCCC1OC=CC=C1
5091,5177,CNC(N1)=C(C)CC=C1CCCNCCC
5092,5178,CN=C(C)C1CCCCCCC1
5093,5179,CC=CC=C(CC=CC1=CCO)NC1
5094,5180,C#CCCCC1SN[NH1]CC2=CC=CC=C12
5095,5182,CCC(=O)C1=CC=CC=C1C
5096,5183,CCCCC=NNC(=O)COCCCCCCCCC
5097,5184,CN1CCCCP(O2)CCCNC12
5098,5185,C1CN=NC=C2C(C=CC=C2C1)=O
5099,5186,COC(O)=C=NCCC(C)=C=C
5100,5187,CCN=C(C)CCC1CCC=CC1CCl
5101,5188,C1C(C)=NC=C2C=CC1C2COC
5102,5189,O=C1C2=CC=CCN=C1OCO2
5103,5190,C=COC=CC1=CC=CC2S1=C2
5104,5191,C(N)CCNCOC(Cl)CSC(O)CO
5105,5192,NC(=O)OC1=S(NC=O)CC(O)=C1C
5106,5193,CC(C)(O)N=C1[NH1]C=CC=NC=C2C=C12
5107,5194,O=C(O)C=CCN1C2(N)CCNC2S1O
5108,5195,CCC=C1CN=CC=C1C
5109,5196,N1CNNC1COC=CC2(O)C=NC=C2
5110,5197,O(C=CN1CC(N)=NSCI)N1
5111,5198,CCC=C1C(=O)OCC=C1C=COC=CCC=C
5112,5199,CCNC(=O)OCO
5113,5200,C(=O)CS1C(C)CCC1C(CO)=O
5114,5201,OOC(=O)NCCSC(Cl)NC
5115,5202,SC=CC(N)CCC1=CC=CC=C1Br
5116,5203,C=CS(C1)CCC(N)=C1O
5117,5204,C1C(=O)CN=CC(O)=C1
5118,5205,CCC(=O)OC1=CCCCC1
5119,5206,CCCCCC(N)=C(C)CBr
5120,5207,CCCC(C)CCNCCCCC=C
5121,5208,CC1CCC2CC1C=CC2C
5122,5209,N=CC=CSC=CC(F)SC=O
5123,5210,O(COC(O)C=O)OC=C1NCCNC1N
5124,5211,CC(CC(O)=CC1=CCC2=CC=CC)=C2N1
5125,5212,CN1C=CC=CC=C1OCNCSN
5126,5213,C(N)C(=O)NCCCCC=NC#C
5127,5214,C1CC([NH1])COC(=O)OC(Cl)C1C=CC=C
5128,5215,N1C#CC(C)=C1N
5129,5216,C(C(F)NCC=CCC)C=O
5130,5217,NC(C)=COC1=CC=CP=NCC=CC=C1
5131,5219,CCCNC1CCCNCCCCSCC1=C
5132,5220,OCN=C1C=CC=C1
5133,5221,CCC=C1C=CC=C[NH1]1
5134,5222,OC=CC(C(C=NC1)=C)(N2C(C)=CC)C2=S1C
5135,5223,C=1C=CC=1C
5136,5224,NC=CC=CC=C(Br)C=CC=CC=O
5137,5225,C1CC=C2NCNC2CN1
5138,5226,OCC(C)CC=NC1(CCCC)C=NC=C1
5139,5227,CC1CCCCC1=C(Br)C2OC#CC=NC=N2
5140,5228,C(C)C(=O)CN(COC)CN
5141,5229,O1C=CC1CN=CC(O)C(F)C
5142,5230,N(C)CCC=CC(=O)CO
5143,5231,O1C=CN(O)C2=CC=C1COC3=CC=CC=C3N2
5144,5232,CC=CC1=CC=CC=C1NC=C
5145,5233,CCCC(C)=CC=C1C=C(CF)NSC=CC1
5146,5234,COC=C(O)C(C)OC1=CSC=CC=C1
5147,5235,S1OC=CC=C2CC=CC=C21
5148,5236,CCSCCNC=NC=CC(=O)CCC=CC=C
5149,5237,O=CS1C=CC2=C(O)C=CC(O)=C21
5150,5238,CCOCC(C)OC1C=CCC(N)=C1
5151,5240,CNC=CC=CI
5152,5241,C=CN=CC=C(P)O
5153,5242,C1N=C(Br)C=C1N
5154,5243,C(=O)C(C)=C(O)NC1(C)CCC1
5155,5244,C1C=CCC2=C1CCCCCCC2
5156,5245,CC=CC=CC(=O)C=CCC(=O)C
5157,5246,CC(=O)CC(=O)N1CCNC1SC=C
5158,5247,C1OC=CC1(C=CC=C=C)C=O
5159,5248,NC(C)(O)C1CC=C2C=CSC=C2NC1
5160,5249,C1C(C)=CN1C(=O)O
5161,5250,NCC1(C=CO)C=C1OCOC
5162,5251,FC1=CC2CCCCC2CO1
5163,5252,O=CCC=CC1OSCNCCCC1
5164,5253,CN([NH1])CCSCC
5165,5254,C=1C(=O)NC(O)CC=1
5166,5255,NCC=CC(C)OCBr
5167,5256,OC=C(C)C1(O2)C=CC=C1C2=N
5168,5257,COC[NH1]OC1C=CC=C1C(C)N
5169,5258,N=CC=C(O)C(=O)N=NC=CC
5170,5259,C(=O)CCC(S)CCCC=C=N
5171,5260,NCNC(=O)C=CC=CCC=NO
5172,5262,CC=C1C(C)=CC=C(C)NC=C1CC=CC=C
5173,5263,S=CCCC(C)=CC=C
5174,5264,O(NCCC=C)C(=O)NCC=C1C=C(CC1)C=C
5175,5265,C12C=C3C=C1ONC3O2
5176,5266,C=CC=CC1=CC=C(OC)SC1
5177,5267,CC=CC=C(C)C=O
5178,5268,CC=CC1(C)C(C)=CC=CSCC=C1
5179,5269,C1OC2OCC=CC=CC=C1S2
5180,5270,CC=NC(C)SC(N1)C(O)CC=C[NH1]C1N(O)CO
5181,5271,NC=CN(N)CCCCCOC=CC(CC)O
5182,5272,NSC(=O)CC=CC1=CC=CC=C1C#C
5183,5273,FCC=C(CC1C)NCC1
5184,5274,COCCC(=O)C(CCC(C1)C1)S
5185,5275,CN=CC=CC1=C2C=CC=C2C=C1
5186,5276,OCC=C1C[NH1]CCSCC=C1O
5187,5277,CNCCC(C1C)=CC=CN(F)C1
5188,5278,C=NONC
5189,5279,C(O)C(=O)CCNOC
5190,5280,CCCOC=1CC=CN=C=1
5191,5281,C=CC=CCC(Cl)=CC=CC#N
5192,5282,O1C=CC=CC1C=SC=O
5193,5283,CC#CC=SCC=CNCN=C
5194,5284,CC=CCCCOC(=O)N(C)C=O
5195,5285,CCOC(O)C(=O)C=C
5196,5286,C#COC=C(C)CNC1=CC=CC=C1
5197,5287,C1NCCC2=CC=C(CCC)N21
5198,5288,CCC=C(C1CCSC=C1C)C
5199,5289,C=CC=NC=CC=C(C=CBr)C=CC
5200,5290,C=CC1=C[NH1]C=C1NCC=CC
5201,5291,NC(O)C(C=CC=C(C1)N2CC)C=C2CC1
5202,5292,OCC#C
5203,5293,CCN(CNCCCNC=C1C=CC)C1
5204,5294,O1C=C(C)NC(Cl)CCCCN1C=CC=C
5205,5295,C=CC1=NC=CC=C1
5206,5296,NC(=O)NCC=O
5207,5297,O1C=CC=C1C(=O)NN(O)O
5208,5298,COC=CC=CC=CCCPC=O
5209,5299,CC(C)C(=O)NC1CCC(C)=CC=CC=C1Cl
5210,5300,C1C(C)=C(C)OCSC(F)=CC=C1C
5211,5301,CC=CC=C(N)CS(C)N=NC(O)=C
5212,5302,COC1=CC=C(F)CC=C1N=NCNC#N
5213,5303,CC=NC(O)C=CNCCC=CCl
5214,5304,CCCCCCCC=C(F)C=CNC=C
5215,5305,C1CC(Cl)N=C(S)C1CC(C)F
5216,5306,C(C)CCC(C)=CC(=O)C=C(CC)C(=O)C=NC
5217,5307,O1P(=O)=SNC=NCCOC1
5218,5308,N1SC=CC(O)C=C1
5219,5309,C=C(CCCON=NC=CC=CC)C
5220,5310,CC=CC=CC(CC=O)C(C)ON(N)C=C
5221,5311,CC(C1)(C=CNO)N(CC(N)CC1)CO
5222,5312,N#CC(O)=CC=CC=C
5223,5313,O=CC=C(C1)CC=CC=C1C=NCO
5224,5314,CCOCCCOCC
5225,5315,CCC(O)SCCC=CC1=CC=C(C)N=C1
5226,5316,CCNC(C)C=CC=C(O)C(C)C=S
5227,5317,CCC(C)(O)NC(N)C(=O)N
5228,5318,CC=C1C=CC=CC=C1NNO
5229,5319,COC(=O)C=CCCC(O)C=N
5230,5320,CCNC(=O)CCOCCCC
5231,5321,CNC=NC=CC(O)C1=CC=CC=C1
5232,5322,CC=1OC=CC=1COC
5233,5323,CC(C)NC(C)F
5234,5324,COCCC(C)(CC(O)CCCC)CF
5235,5325,NCOC=C(C)OC(=S)OC=C
5236,5326,C#CC=O
5237,5327,CC=CC=C(O)C
5238,5328,C1C2(O)C(C)NCNC=C=CC=C12
5239,5329,O=COS=CC=CC=C1[NH1]C(O)C1=C
5240,5330,C=CC=CSC=CC1=C[NH1]C=CC=C1
5241,5331,CCOC(=O)C(N1)=CC=CC=CN=CC1
5242,5332,CNN(O)C(=O)O
5243,5333,OC1=CC=CC2=C1CCCCC2
5244,5334,CC=CC1=CC#CC1(CCC)O
5245,5335,CCCCCC1=CCC(=N)NC1C
5246,5336,CNCCC(N)C=CC=CSC(=O)N(O)OC=O
5247,5337,CCC=NNC=CSC=C(N1)C1
5248,5338,N1COC=CC=C(Cl)CN=C1CC
5249,5339,NOCCC(=O)O
5250,5340,NCNC(Cl)OC
5251,5341,CC(C)CCCCC#CC=O
5252,5342,CCC=CC(N)(C)N1CCNCNC(=O)NNC1
5253,5344,NC(=O)OCCCCC[NH1]C1=CC=CC=C1
5254,5345,O=C(CC=CC1=C)C=C(Cl)C1Br
5255,5346,N1C=CC=NC(C)=NC=CC1O
5256,5347,COC=CCC(CCCC)SC#N
5257,5348,CNC1CC=CC=C1C(=O)C=CC2=C(CF)C2O
5258,5349,NCCCCCC=NC=O
5259,5350,C1C(C)(CC)OC1=NC(O)N
5260,5351,C1CCC2C=C1CC2(O)N
5261,5352,OCC(C)CCCCCN=C=NCI
5262,5353,CC(C)CC=C(NCCC)C=CCC1C=CC=CC1
5263,5354,N=C1C=C2C3OC=NC2C3(O)C1
5264,5355,C=1NC(C=CC)=CC(N)=CC=1C
5265,5356,C#CCN=CNC=CC=CCCF
5266,5357,CCC=C1C(OCN)C=C(C)SC1
5267,5358,C=CC=CC(C=CC)=NC[NH1]C(=O)O
5268,5359,C=C1CC([SH1])=CNC(=O)CCC1
5269,5360,OC=C1C=CC=CN1N=CC2=CC=CC=C2
5270,5361,CCC(C)CNCCC1CCCCC1
5271,5362,COCNC(=O)C1COC=CC#C1
5272,5363,CCC=CC=CC1=CN=CC=C1N
5273,5364,OOC(C)(C1=CC)C23C=C1C=C2CCCCC3
5274,5365,O=CC=C(O)C1=CC=CC=C1CN[NH1]C=C
5275,5366,CNC(O)C#CC(=O)O
5276,5367,CCOCOC(=O)[NH1]C(=S)NC=CC=CN
5277,5368,CCC=CC1=CC=CC=C1CN2NC=CC=C2O
5278,5369,CC=CC1=CC=CC2=C1CNC=C2O
5279,5370,C1C(C)(C)NC=NC=CC(O)=C1ON
5280,5371,NCC(=O)C(C)O
5281,5372,CCC=CC=CC=C1C=CC=CC1C2=CC=C(F)C2
5282,5373,CCCCCCCCCC1=CC=NC=C1
5283,5374,CN1C=CC=C1N(O)OCC=CC(C)CC
5284,5375,CCC1CCC=NCOCCC1
5285,5376,CC=NC(=O)NCCC(C)=CC=COO
5286,5377,CN(C)CC1CCCC2C1C=CC=C2
5287,5378,CCC1CCCCCCC(C)(C)CSC1
5288,5379,BrCC=COC(=O)C=O
5289,5380,O1CCC2CCC(O)=C1CCN2
5290,5381,COC(C)CCS
5291,5382,O=C=C(N)C(C)(O)C1NC(O)CC1=O
5292,5383,ClC=CC=C1C=CC=CN1N
5293,5384,CCC=1C(C)C2CCC(=O)C=1C2
5294,5385,CC=NC=CC=C(CNC=CCO)C(Cl)=CC=C
5295,5386,[NH1]NC=CC1=C=NCNCC(Cl)N1C
5296,5387,CC(C)CC=O
5297,5388,N1CC(=O)C(C)CC=C1
5298,5389,ClOC=CC=CC=CC1=C(Br)CC=C1
5299,5390,NCC1CCNC1
5300,5391,O=C(O)NC1=CCC=CCCC1C=N
5301,5393,OC=CC=C(O)C=CC=CC#C
5302,5394,NCCC1CCC2C1COC=NC=C2
5303,5395,N1=CC=CC=CC1(P)C=O
5304,5396,OC(N)CCNC1(Cl)CCCCC1
5305,5397,SC=CC=CCC=CBr
5306,5398,CC(=O)C=C(CC(Cl)([NH1])C1=CC2)[NH1]C1CC2
5307,5399,COC(CCC1CCCC2C)[NH1]CC=C2C=NS1
5308,5400,SC=C(O)C(C=CC1=CC)(CO)CN1O
5309,5401,C1C=C(O)CC=2NOC1C=2C
5310,5402,C#COC=C(CN(O1)CC)CC(C)C1
5311,5404,CC=CN1CNC(O)CC=CC(Br)=CC=C1Br
5312,5405,C1OC(=O)CCOCN2CC2O1
5313,5406,C1N(O)C=C2CCC1C=CC=C2
5314,5407,O(C=NCCC=CC)C(Br)C=C
5315,5408,O1C(C)=CC2[NH1]C=CC=C21
5316,5409,C1CCC(O)C(=O)N1
5317,5410,C(N)CCOC(=O)OC=CCP
5318,5411,CC=CC1(C2)CCC1CNC2CC
5319,5412,CNC1(C2)OC=C3C=C2N=CC=C31
5320,5413,CCC(CCSC1=C)C=CC=C1NC2COCC2
5321,5414,CCC1(C)CN=CC=NN=C1NCS
5322,5415,CC=C1C(CCCN1C2C=CC=CCO)=C[NH1]2
5323,5416,CCCCC=C1CC=CCC=C1
5324,5417,C1CCCCCC=2CC(C)C=2C1
5325,5418,CCN=C(O1)C2CC=CC=C2CCCC3=CN1N=C3
5326,5419,CCCC=C(Cl)CCC=CC1=CC2=C(O)C1CC2
5327,5420,O=CC=CC1=CN=CC=C1S
5328,5421,CCCNPC=O
5329,5422,CCCNCCCCCCCCN
5330,5423,C=C(Cl)C=CCCCC(S)C=C=C
5331,5424,NC=C(N)CSC=C(N)Br
5332,5425,NOC(C)NCCCCCCC1C2CCC1=C2
5333,5426,NCN(O)C=C1C(Cl)=C(O)C=CC=C1Cl
5334,5427,NCCC=CC=NCN1NCCC(=O)CC1
5335,5428,CSN1NC=NC=CC=CC=C[NH1]1
5336,5429,CNC1=CC(N)C2NCCCC2=C1
5337,5430,CCC=1C2CC=NC=C2C=1
5338,5431,N#CCCC1=CC=CC=COCNC=CC=N1
5339,5432,NC(C)(O)CC(C)=C1C=CC=C1
5340,5434,C=1C(=O)C=C2C=1COC2CCCC=C
5341,5435,CCN=CC1=C(Cl)CC=C1C=O
5342,5436,CC=CC1=C(O)CCC(I)CSC=CS1
5343,5437,OCCCCCCNCC(N)=S
5344,5438,CCCC=CC=CC=C(C)Br
5345,5439,NC(=O)CC(O)C1=NC(C)CNC#C1
5346,5440,CCCC(C)(C)CCC=CC1=CC=CC=C1O
5347,5441,CC=C(C=C1C=CC=CBr)C1F
5348,5442,C=NC=1COC=CC=C(NBr)C=CC=CC=1
5349,5443,CC=CC1NC2CCC1C2SCCCC
5350,5444,CCN1C#CCNN1C=2CCCC=2
5351,5445,OC=C1C=CC=C(Br)C1O
5352,5446,OC1=COC=CCCC=CN=C1
5353,5447,CCC=CC=CC(C=CC)=CNF
5354,5448,COC=CC(C)=C1C=COC1=CO
5355,5449,CN=C(CS=SCCCC=CC)C
5356,5450,CC(C)(CC=NC(C)C=C)C(C)C
5357,5451,CC1=CC=CCCCCC1
5358,5452,CC1CC(C)S(N=2)=C(Br)C=C=CS=2=C1
5359,5453,C=CC(C)CON(Cl)C=CC(=O)C
5360,5454,C(C)CCCCNCO
5361,5455,C(C)C=C1C=CC=CC2=CC(=O)N=CC2=C1
5362,5456,NCC(C)COC(N)C(O)C=O
5363,5457,NC([NH1])CC(=O)C(=O)O
5364,5458,CC=NC=CC(O)=CC=CC=C1NNCO1
5365,5459,OCC=C1C=CC=C1Cl
5366,5460,C1CCNC=CC1(N)F
5367,5461,NCCCCNC(=O)CNC
5368,5462,NC(C1)CNC(O)CC1C=C(Br)N
5369,5463,OC(N)C(=O)CC1CC=CC(=O)C1
5370,5464,CC(O)CC1CCCCCCCCN=NCC1
5371,5465,CCNC(=O)N1CCCC2=CC=CC=C21
5372,5466,O=C=NC#CC(C1)CCCC1CN(O)O
5373,5467,O=C(O)C=CC=C1C=C2C=CC=C2C1
5374,5468,N1OC(=C)C(=N)CC[NH1]C=CC[NH1]1
5375,5469,N1N=C(NC)C[NH1]C=NC1
5376,5470,NOC(C1N=CS(F)=CC)=C1Cl
5377,5471,CC=CNC=CNC(=O)N(O)ON
5378,5472,N1CC=CC=CC=C1N
5379,5473,C1=CC=C(C=CC2=CC=C2)C1
5380,5474,CCC=CC=CC=CC(Cl)=CN=C
5381,5475,OC(CCCCC=NCC1)(O)CC1CCCCN=C2C=C2N
5382,5476,C1N=CC=C2C=C(N)CC=CC1=C2
5383,5477,CC(O)COC(Br)SC=CC1NCCC1C
5384,5479,O=C(O)S1CC2=CC=CC=C21
5385,5481,C1C=C2C=C1CCN2
5386,5482,COC(C)OCC(C)(F)F
5387,5483,CCOC(=O)C(N)C1(Cl)C(C)=CC(Br)=C1
5388,5484,O(O)C(C)CCCOC(=O)O
5389,5485,OC(=O)OC1CC=CC=C1
5390,5486,CC=C(O)C(O)C1=CC=C(S)C=C1CCC#N
5391,5487,CC(=O)OC=CC=COC1=C(O)C=C(NC)CN=C1
5392,5488,CCSC1CC2CCCCN2CC1
5393,5489,NC[NH1]C=CC=C1C=CC=C1
5394,5490,N=C(C)C=C1C=C(O)C(=O)OCC#CC=C1
5395,5491,C1CCC=C1C=CC
5396,5492,CCCCCOC(=O)SCC1CSC=C1
5397,5493,N1C=CC=C1C(N)C(=O)O
5398,5494,CC=CC=CCN=CCC1=CC=CC=C1
5399,5495,C=CC(O)C1NCNC2C1C3=CC=C2CN3
5400,5496,C1=CC=C(C)CC(Br)=C1
5401,5497,CC1CCCCC1CC(C)C(=O)O
5402,5498,CC(N)(I)OC(=O)OC1=CC=CC=C1
5403,5499,O=C(O)C(=O)CCC1OCCC1C
5404,5500,COC=C(O)C=CC1=CCNS1#C
5405,5501,O=C(O)CC1=CC(CC1)Cl
5406,5502,C=C(O)CC(=O)OC=CC1=CNC=CC1
5407,5503,CC=CC=CC=CS#N
5408,5504,NC(=O)CCOCCCC=CC1=CC(=O)S1O
5409,5505,C1=NC=C1C=C[NH1]C=NC(C)CC=C
5410,5506,OCC1CC(N)CC1
5411,5507,N1NC(CC=C1C2C(=O)C=C=CN=C)C2
5412,5508,C1OC=CC(C2=C1C=CC)=C2C=O
5413,5509,N12N=C1C2CSCCC3CCCCC3
5414,5510,NCCC=NN(CC)CC1=CC(CF)N1
5415,5511,CCC(C)OC(N)=CC=C=CCC=C1C=C1
5416,5512,COCC=CC=CC=CN=CC(N)CC=CC=C1CCC[NH1]C1
5417,5513,C=CCOC(C)=CC=C=C
5418,5514,CC(=O)CCOC(=O)COC1CC1
5419,5515,CCC=CC=CC(C(=O)O)CC#CC
5420,5516,C1C=CC=C1S
5421,5517,NC(N)=CC=C(O)C(CN(C=CC=C)C1)C1=O
5422,5518,CC=CC(C1)=CC2=CC3=CN=C2C3C=C1
5423,5519,CC(C1)N(C)CCCC(=O)O1
5424,5520,CC=CC1C=NC=C1NC
5425,5521,CCNCC=CC=CC1=CC=CS=C1
5426,5522,CC=CC=CSC(C)(C=1)CC=CC=1
5427,5523,CC(COC(=O)OC)CNCOC=CC1=C(F)CN=CC=C1
5428,5524,CNCCCC(CC=C1C=NS2C)(C)CC=C2O1
5429,5525,CCC(O1)CC=NNCCCCOC1
5430,5526,COCOC=CCC(N)CC=C
5431,5527,CC1=CCC2=C1NCC2C
5432,5528,OC(C)(Br)CC=C
5433,5529,CCC=CNN(O)C=CCCC1=CC=CC=C1
5434,5530,C1CCCCC1C2=CCSC=C2
5435,5531,CCCCSCCN
5436,5532,O=C1CCCCNCCC1NCC
5437,5533,CC(C)C(N)C1CCCC1C2SCCC2
5438,5534,O=CC=CC1S2C=CC=C1CS2
5439,5535,C1C=CC=CC=CCC=CC=C1
5440,5536,CN(N=NN=CNNC)C1C=C(CC)C1
5441,5537,N=CC=C1C=C(O2)C=CNS2=C1
5442,5538,NSCC(C1)CC(O)C(O)CN(O)C=C1
5443,5539,OC(=O)OC=CC(C)=NC(=O)O
5444,5540,CCCN=CC1(C)C[NH1]C1C#C
5445,5541,CC=CC=CC=C1SN[NH1]C=C1F
5446,5542,OCC(=O)C=CN(Br)CC(=O)O[NH1]
5447,5543,CCC(=O)C=CC=C
5448,5544,OCCCCC(=O)O
5449,5546,C1C(CCC(=O)CCCC)C1=NC=CC#C
5450,5547,CC(=O)NC(=O)CCCO
5451,5548,SNC(=O)C1=CC=CC1CCCNCCC
5452,5549,O=C(OCOCN=C(C)N1C)C=CC=C1
5453,5550,CC(=O)C1=CC(N)C1NOC
5454,5551,C1(=O)N2C(=O)C=CN=C21
5455,5552,O1C=CC=NCCC=C1CN
5456,5553,CCCOC(=O)C(=O)OC=CC=CO
5457,5554,CN=C(O1)C=CCCCCC(C)(O)C1
5458,5555,CC=CC(C)(N)CCC
5459,5556,OC(C)NNNC(C)(C1O)S(O)C1O
5460,5557,N(O)C=C1C=C=NC=C1CCC2CC=NC2CC(=O)O
5461,5558,N=C(C)CCl
5462,5559,OC1NCCNC(=O)CC(=O)OCC1
5463,5560,C=NC=C(O)CC1COC(CN)=NN1
5464,5561,CC=C1C=CC(C)=CC2=C1C#CC=CC=CO2
5465,5562,C1C=C(O)C=CC=C2C=C1NC=C2O
5466,5563,C1C2NC(=O)C=C2C=CC(O)=N1
5467,5564,C=C(CC(=O)OC(C)C1)CC(Cl)=C1
5468,5565,NCCCCNCNOCC(S)C#N
5469,5566,CC(C)C=CC(=O)C1CCC(N)C=C(C)SC=C1
5470,5567,CNC(C)C=CC1=CC=CC=C1CO
5471,5568,NOCNCCC1CC=CC=C(C)CC1
5472,5569,CC=C1C=CC=C(Br)C=CC=C1Cl
5473,5570,C=CC=CC=CC=C=C(C)CCCC=C
5474,5571,C1C=CC=C(Br)C=CC1(N)OO
5475,5572,C=NC1CCCSC1
5476,5573,COCC(C)=C(C(=O)O)CCCCCOCC
5477,5574,CC=CC=CC=NN=CC=CC=N
5478,5575,C=CC(=O)O[NH1]C(=O)NCS1CCCC1
5479,5576,CCCCCC(C)NC1=CC=CC=C1
5480,5577,NCCCCCC1CC(=O)C=CCC=C1
5481,5578,NN=CC(C=C(O1)C=CC)(O)CN1PO
5482,5579,O(C)C(O)CC=O
5483,5580,O=CC1CCC2=CN1CC=C2CCC=CC=C(N)C
5484,5581,CC#CCCC=NC=CC(C)=CC=C=N
5485,5582,C(=O)CC1C=CC=CC=C1C=C
5486,5584,CC=CC(S)C=CC(O1)C=NN=C1
5487,5585,O1C2CC1C=CC(C(=O)N)C(C)C2
5488,5586,CC1CCCC(=O)N=NC(CCN)C1
5489,5587,CCCCCC=CC1=C(C=CC1C=C)C=C(Br)F
5490,5588,CN=C[NH1]C=C(C)C1NC2=NC=C1NC2
5491,5589,CCC(=O)CCCCCCCCNCN
5492,5590,C1(=O)CC=C(C)C(F)=C1
5493,5591,CSC1(Cl)C=CC2=CC=CC=C21
5494,5593,O=C(Cl)C(CC)CC1CCOC=C1
5495,5594,C=CSC=CC1=C2C3=CC4=C1NC3=CC4C2Cl
5496,5595,C[NH1]C1=CC2=CC(C3)S1C2C=CC=C3O
5497,5596,CC=CS1C=NCC1
5498,5597,CC(O1)C(N)C(C)NCO1
5499,5598,OCCCCC1([NH1]2)C=CC=CN=C[NH1]C=C2CC1
5500,5599,CC1C=CO[NH1]SC2NCCC2=C1
5501,5600,NC=C(C)C=CC=CC(=O)N=CC=C=CO
5502,5602,NC=CC=CC1=CC=CC2=C(Cl)CC=C2C1
5503,5603,CC=CC(O)=S1CNCNC1=N
5504,5604,CC=NC1NC=CC=C1Br
5505,5605,C1CCOC=CC(=O)C=C1[SH1]
5506,5606,C=CCC=1NNC2C=1C(C)=C2
5507,5607,NC1C=CC[NH1]N(C)CC1
5508,5608,C=NN(C1)CC2N=CC(C3)CNCC13N2
5509,5609,CC1=CC=CC1C(=O)O
5510,5610,C(O)=CC1=C(C)CCN(CS)CCCN1
5511,5611,COCC=C(Cl)C1=NCC[NH1]1
5512,5612,NCOCNCC=NC(O)CN
5513,5613,CC=CC1=C=NC=CS1C=O
5514,5614,CC=NCCC[NH1]CCCCSC=C=C
5515,5615,C=C[NH1]C(O)C(COC=C)SC#N
5516,5616,CCN(O)C(CCCC1NCCC1)NC=C=O
5517,5617,O=NC=CC1C=CC=CSCC=C1
5518,5618,CN(C)C(=O)CNC(C)(O)O
5519,5619,NC(O)C(C)CNCCNCCC1CCC(=O)C1
5520,5620,CC=NC(=O)CC(C(=O)OC=CC=C)(Cl)S
5521,5621,O=NC=NCCCCC(C)O
5522,5622,NC(C#CC)COC=NC(O1)C=CC=C1N=C
5523,5623,N=C(N)C=C1C=CC=CC=C1O
5524,5624,CC(C)CCCCCOO
5525,5625,C12CC=CC=C1S=C2
5526,5626,CCCC(N)Cl
5527,5627,COCCC(=O)N=CSC1=CC=CC=C1O
5528,5628,CC=CC=NC=CC=CC(F)=O
5529,5629,CC(N)C1=CC=CC1(CNC)O
5530,5630,C=CN=CCNC=NN1C=CC=C1
5531,5632,OCCNC=C(O1)OC=CNC1=O
5532,5633,CCC=CC=C[NH1]C=NCCl
5533,5634,NN=CCS(N)CCC(C=O)N
5534,5636,NN1CCCSCNC(C2)C1CN=C2
5535,5637,CCCC(=O)CC1=CC=CC=C1
5536,5638,C=1CC2=COC=1CCC(C)CC=N2
5537,5639,C1C2=NN(C)CCCSC2C1
5538,5640,C1C(=O)C(C)=CC=C1
5539,5641,C=NC=C(C=CC)C(C1N=CN=C1C)C(C)O
5540,5642,COC(=O)NCCCS1C(=S)CC1
5541,5643,C1#CC2=CC1(C=CC=C2C)C
5542,5644,C=CC=CC(C=CCOC)(CN)CC
5543,5645,OSC1C(N)C=C1OCOC2=CC=C[NH1]C2
5544,5646,NC=C(C)C(S)N(CC)C=CN=CCO
5545,5647,NCC(C)NC
5546,5648,CC(C)COC(=O)C=CC=CC
5547,5649,C1OC2=CC=CC=CC=CC=C1CC2
5548,5650,C1C(=O)OCC[NH1]C(=O)OC1
5549,5651,C1=CC1(C=C2C=CC=C)CCNC2
5550,5652,OCCC[NH1]N=C(O)NCC
5551,5653,O=C(CC1CCCC2=CC=C)C=C21
5552,5654,O1C=NCC1
5553,5655,CC=C(O)N1CC=CC=CC=C(C)N1C=CN
5554,5656,NCCCCCCCCCCC
5555,5657,NCCCC(C)(C)COC=O
5556,5658,NC=CC(C=CC1=CC=CCN)C1=O
5557,5659,CCC(CCF)C=CC(C)CC(=S)O
5558,5660,C=C(N)C1(C)CC(=O)CS2CCCCC2C1
5559,5661,C1NCCC(C)S1(C)CCl
5560,5662,C=NC(=S)OC(=O)C=NNC(CCCC)=C
5561,5663,CCCNC(=O)CC(N1)=CC=CC(O)=CN=CC=C1CPO
5562,5664,CC=C=C(O)CC(Cl)F
5563,5665,CC=C(Br)N=C([SH1])C(O)=O
5564,5666,C1C(N)C=NC=CC=C1O
5565,5667,S1C(C=CC=C=C1NCO)CCC
5566,5668,CC(COCNCC#CC)=O
5567,5669,CC(C(=O)C=C1C=C=CN=CC=C12)O2
5568,5670,CC(=O)CC(C)C
5569,5671,O=C(O)C=C1SC=CC=C1OC(O)C
5570,5672,C1C2COCCC2NC(F)=C1C
5571,5673,COC(C)CCCCCCN
5572,5674,C=CC1=NC(CNC)CC=C1
5573,5675,NC=CC1=C(C=CC=C1)OCCCO
5574,5676,NCC=CC(N=C1[NH1]C=C)C=C1O
5575,5678,O1CCCCCC=NC=CC1CC
5576,5679,SC(C)CC1CCOCC1
5577,5680,O=C(Cl)C=CC=C1C=C2C=CC=CC=C1O2
5578,5681,O=C(CCC=CC=CC)C=O
5579,5682,COC=C(C)CC(Cl)C1C(C)CCN1O
5580,5683,O=C(C)COC(C=O)CCCCN
5581,5684,CC=C1C=C(N)CNCC(=O)[NH1]C1=O
5582,5685,CC=CC=CC(=O)OC=C(N)C=N
5583,5686,C=CC=CBr
5584,5687,C=C1C(S)(I)CNCCC1=O
5585,5688,O1COSC2=C1C(=O)C2NC=CO
5586,5689,CCOC1CC(C)CNCC1N=O
5587,5690,C=CC=C(C=C(C)C1=C)C=CC=C1O
5588,5691,ONCC(=O)SC
5589,5692,CCCCN1CCCC1NCNN
5590,5693,CCCCC1=CC=CC=C1C=O
5591,5694,COC(=O)CC1=CC(C=O)N=C1
5592,5695,O=C(I)OCC=1C(N)NC=1NS
5593,5696,C1C=CNC1C=CC2=CSCN=C2NC
5594,5697,OC(=O)NCCC1NC(=O)NC=C1
5595,5698,CCOC(C)N=C(C)OO[PH1]CF
5596,5699,CC=CC=CCCC1CC=CC=C1
5597,5700,OC(N1)=CSCNCCC1
5598,5701,N1=NNCN=CC=CC=C1
5599,5702,CNCCCC(=O)CC=CC=CC=NBr
5600,5703,NC=CC(O)CO
5601,5707,C1NCC=CC=CC=CC1=O
5602,5708,CCCOC(=O)COCNCCC
5603,5709,CCCCC=C(C)COC(=O)N
5604,5710,CCCNOC1CCCC1CC(=O)N
5605,5711,C1C(C)=CC2=CC=CC=C2N1C
5606,5712,C1CCC2=CC=CC=C21
5607,5713,C1OC(C)(C)C(C)CCC1
5608,5714,CCCCC=NCC(C(F)=CCC(N)CC)(O)O
5609,5715,C=CSC=CC=CC1=C(Cl)C=CC=C1
5610,5717,NC=CC=C(C)CCCC=C
5611,5718,C1=CC(C)(C)CCC1
5612,5719,C1CCCCC(=O)NCC1=CC(=O)O
5613,5720,CC(C1)(C)C=CC=C1C=C(C2)CC2O
5614,5721,O=C(C1)CC(C)SC2=NCCN=C21
5615,5722,CCCC(C)=NC=CSC=O
5616,5723,CCCCCCC=S1C=C(F)CC=C1
5617,5724,C1=CC=C1C=C=NNSC(C2)C2
5618,5725,CC=CC=CC=C(C=CC)C1NC=CC(Br)=C1
5619,5726,C(O)C=CC=CC1=CC=CC=C1
5620,5727,CCNC(=O)C(C)CSCOC(=O)O
5621,5728,NC(C=C1C)=CC=CC=C1SC(C)=O
5622,5729,OCOC=CC=C1C=C(O)CC=C1S
5623,5730,O1CCCC=CC=CCC=C1OO
5624,5731,C1C=CC2(C)SCC=C2ON=C1
5625,5732,C1CC(C)C(O)C=C1OC
5626,5733,CC=CC=CC1=C(C)CCC1=NCCCN=CO
5627,5734,C1NC(=O)OCNCN1
5628,5735,CCSOC(=O)C1C=CC=C(F)C1
5629,5736,CCC#CC=O
5630,5737,CNNC(C)COC(C)CCCOC=NP
5631,5738,CCCC(C)NC(C)CCCCN=CCCOO
5632,5739,N=CC=C1C=CC=C1N
5633,5740,OC(=O)CCN(O)NC1=CC=CC=C1
5634,5741,ON=C(O)C1(C)C=CC=C1N=N
5635,5742,C1=C=CCC2C1C(N)N2CCCC
5636,5743,NC(N1)NC2(C3)CC1C=NC2C3=S
5637,5744,NNCC1CCCC12C3=CC=CN=C3S2
5638,5745,CCCC1[NH1]C=CCC=C1
5639,5746,SOCSN=C1C=CC(S)C=C1O
5640,5747,CN(O)SC=CC(C=CC)=CC=C1C=CC=CC1=C
5641,5748,C1CNC(=O)N=C1C=C(F)S=CS
5642,5749,CCONCC1(Br)P(O)CCC1(C)N
5643,5750,COC=NC(CNCC=CC=C)=CCCC
5644,5751,O=C=NSS(Cl)OC1=CC1O
5645,5752,N1C=C2CC=CC=C2C1
5646,5753,CC(=O)NS1CS2N=C(F)C(Cl)=C2C=N1
5647,5754,N(O)CSC(CCC1(N)CC)CC1
5648,5755,C1CCCC2=C1NC=C2COC3=CC=CN=C3
5649,5756,COCS1C(=O)OCCCC=C1S
5650,5757,C=CC=CCC(=O)NC1CCCC1C=C
5651,5758,CNC(=O)CCCC
5652,5759,CCCOC=N[NH1]C=CSCCCNC=C
5653,5760,CCC(C)C1CCSC(N)CCCC1Cl
5654,5761,O=C(N)CCC(N1)=CC=CCC1=N
5655,5763,CCCCC=C(Cl)CN
5656,5764,CC(C)CCCC(C)N1C=CC=C1C
5657,5765,C#CNSC=CC=C(C1CC=CC=C1)C=C
5658,5766,O=CCCCC(C)C=C(O)C1=CC(Cl)=CC=C1N=C
5659,5767,O=C1C(N)S(N)NCC2[NH1]C=CC=C21
5660,5769,CNC(=O)C(C)=CC1=CSC=NC1
5661,5770,FCC=CC=CN=C[NH1]C(=O)O
5662,5771,CNCC(N)CCCCCCN
5663,5772,C=CC=C1C(C)C2=CC(C=CN=C2)N=C1
5664,5773,CC(CN=CC=C1N2C=CC=C1)C=CCCC2O
5665,5774,CCCC=CC=CO
5666,5775,CCCNCCC(C=CC(=O)C=CC)Cl
5667,5776,C1C(=O)N=C1C=CC=C(C2(C)C)C=C=C2
5668,5777,ONC(=O)N(C1NCC)C1C2=C3C=CC=C2C=N3
5669,5778,CC(O)C=CN=C(O)C1C=CC=CC=C1
5670,5779,O(C1)NCCC2CCCC2O1
5671,5780,CC=CC(N)(C)CCCC=C1SC2=CC=C1C=C2
5672,5781,COC(CC=CC=CC=C)Cl
5673,5782,O=CC=C(S)CC1C=CC(Br)=C1O
5674,5783,CCC(C)(C)NNCCCO
5675,5784,CC(C)=CN=CC1=CCNCC(C)=N1
5676,5785,O=CC=C(C)C=CC=CC1=CC=CC=C1
5677,5786,C(C)COC(=O)O
5678,5787,CC=CC=CC=C(O)C(=O)Cl
5679,5788,CCC=CC=NCC=CC=C(Br)CO
5680,5789,CNC=CCCC(PCC(=O)N1C)C1O
5681,5790,CCCCNCC1=CC=CC2=C1O2
5682,5791,CC=CC=C(CCOC)C1CC=CC=C1
5683,5792,CCC=CC=CC1=CN=CC=C1O
5684,5793,NNCCN(C1)PC2CNC=CC=C2[NH1]C1
5685,5794,SCC(=O)C(C1)N(O)NCC1C=C
5686,5795,CC=CC=CSBr
5687,5796,C1C(=O)N=CC=C2[NH1]CN1C2
5688,5797,COC(=N)C1=CC=CC=CC=NC(NC)=N1
5689,5798,CCC1=CC=CC=C1CC=CN=CCF
5690,5799,O=C1C(CF)=CC=C1
5691,5800,CN=CC=C1C(C)(O)OC(F)CCC1
5692,5801,NC(C=CC=CC)OCO
5693,5802,OCSCC(=O)C(N)C(C)CC=C
5694,5803,N1CC(O)C2NC=C1S2
5695,5804,CC1CCC2C(=O)N=C1COC#CCC2
5696,5805,O=CC=C1NSN2CC1C=CCCC2
5697,5806,CC#CNSCCCCl
5698,5807,C=NC=CC1=C(C)CCNCC1=C
5699,5808,CC#CCC(CCC=C=NC1=CC)=CC=C1
5700,5809,CNCCCC(O)=CC1=CC=CC=C1C
5701,5810,COOCC=CC=C(P)C=O
5702,5811,CNC=CC(O)C(=O)OCC
5703,5813,CCC(=O)C=CC=CC1=C(Cl)CC1
5704,5814,C1=CC=C1C2=CC=CC=C2CC=C
5705,5815,COCC=NC=C(N)CC(C)CCl
5706,5816,CCOC=CC=CC=NN=CSC1(S)N=CC=C1
5707,5817,CC1=CC=CC=C1C=CN2CCCN2
5708,5818,C=CC=CC=C(C=CC=CSC1CC1=N)N=N
5709,5819,CS(CCCCCC=O)N=CC#CN
5710,5820,NCOCCC(=O)CCl
5711,5821,OC(C)(O)NC(=O)N=C(CC)C(O)CNC
5712,5822,CCCCC(=O)CCC1=CC=CC=C1
5713,5823,NCC(=O)N1C(C)C(C)CCC1[NH1]C=O
5714,5824,O=C(N)N=CC=C(C)CN=CC=CC=CN
5715,5825,CC(=O)C[NH1]CCCCCC=C
5716,5827,CC=C[NH1]N=CCNCC=O
5717,5828,CC=CC(=O)OC(O)C1=CCON1
5718,5829,CCSCC=CC=CC1=CC=C(Cl)C=C1
5719,5830,NC1=CC(O)=C1C(O)SNC=O
5720,5831,COC=COCOC(C1)O[NH1]C=C1N
5721,5832,O=C1C(O)CCOS(=O)CC=C1
5722,5833,CC1=NC=CC2=CC=CC=C2C=C1
5723,5834,OC=CCCC(O)C(=O)C
5724,5835,SNC1=CN=C(C)C1
5725,5836,C(=O)NC(=O)C=CCCC1=CC=CC=C1
5726,5837,CCCC(C)=CNC=CC=CCNC1=CCC=C1O
5727,5838,NCCCNCCCCCC=CO
5728,5839,CC=CC(ON)CC
5729,5840,CCC1C=CN=CC2(C)CNCC2=NC1
5730,5841,CC=NC=CC=CC=CC=NP=C
5731,5842,C1C=C(C)OC1NCCNCCCC
5732,5843,C=C(CC=CC=CN=1)C(C2)C=CC=CC2=1
5733,5844,C1NCC2C1=NC=C2C3(CO)CCC3
5734,5845,OC=C(N)CC=NN=C(O)C=1C=C(SC)C=1
5735,5846,CC(C)=COSON1CC=CC=C1
5736,5847,O1CC=C1COC=CC=C
5737,5848,C=CC=C(O)CC=CCC(O)C(Cl)=C
5738,5849,NCOCC(CC)OCC=CC=CC=CC=O
5739,5850,NOC(=O)CC1=CC(N)CC1=O
5740,5851,C1C=CC2=C1C=CC=C2C
5741,5852,C1CSC=CC1(C(=O)OC=CC=CC=C)C=O
5742,5853,CNC=CC(N=CC)=C(N1C=CC=C)C=C1
5743,5854,O1N=CC=NCC1OC
5744,5855,CC1=C(CCCCNC=O)COC1
5745,5856,C=CC=CO
5746,5857,C=CC=CC1=C(C2)CCCC(N)C1N=C2C
5747,5858,CC=CC=C(Cl)C(C)C=C
5748,5859,C=CN(S)C(=O)C=CC=CN(Br)Br
5749,5860,NC(=O)[NH1]C(=O)CC=O
5750,5861,N1CCCC=CC(C)=C1
5751,5862,CCC(=O)C=C(O)CC=NC=C(O)C=C
5752,5863,C=CC=NC=CC=C1CC=CC=C1
5753,5864,C=CC(=O)C(=O)N(C)NC1CN1
5754,5865,C1CCCC2CCC=C(Br)C12O
5755,5866,C1=CCNC=C1C=CC2C=C(F)CC=C2
5756,5867,NCCC(Cl)NCOCSC1=CC=C2C=C1CC=C2
5757,5868,CCCCCCC=CC=CC=CC=C1C2=CC=CP21
5758,5869,NCCCC=C1CC=NC=C1CCC
5759,5870,CC(O1)C(=O)NCC=CC(C2)(C)OC2N1O
5760,5871,C=NC=CC=CN(C=NC=CC)CC
5761,5872,CC(O)C(CCCCOC)NC=C
5762,5873,ON=CC(O)=C[NH1]CCCC=S
5763,5874,OCOC=CC1=CC=COC1O
5764,5875,FCCCCC(=O)NCCOC
5765,5876,CC=C(C)NC(=O)OCCCCCC
5766,5877,CCC=CC(C)C=O
5767,5878,CCC(C)CPC=O
5768,5879,N(C)CNC1CCPCC1
5769,5880,N1N[NH1]C(C=SC=C1)C=C
5770,5881,OCCNCCC=C1C(C)=CCC#C1
5771,5882,COC(=O)CC(=O)CCCC1=CN=NCCCCC=C1
5772,5883,CC=C(C1CCNCC1)OO
5773,5884,CCC(N)N(O)OCC1CCCCCCC=NC=C1
5774,5885,CC(C)(NC#CCCCCC)COCCS
5775,5886,N=C(N)C=CC1=CC=CC=C1CN=C
5776,5887,C=CN=CC1=C(Cl)C(C)N=C1
5777,5888,O1C(=O)N=C1C(NC=C(O)C=CC)=CN=O
5778,5889,CCC=CC=C1C=COCN=C1
5779,5890,CC=CC(C)NC=C1CCN(C)CC1C=C
5780,5891,N(N)COC=NC=C(C1=CC=C2C=C1C)C2=NN
5781,5892,COCCCC(CN)CNCO
5782,5893,C1=COC1C2=CC=C(Br)C2
5783,5894,C=C(C1)CCCCC1
5784,5895,C=C1C=C(Cl)C=CCC(N)=CCS1
5785,5896,C(=O)OC(=O)CCNCC(=O)OC
5786,5897,CC=C1C=CC=C(S)C=CN=C1
5787,5898,C=CC=C1C=CCN1
5788,5899,C(C)OCCC=CN=CC=O
5789,5900,SCCCC1(C)C(C)CCNCSC=N1
5790,5901,N=CC=C[NH1]N=CC1=CC=C(P)N=C1Cl
5791,5902,CCOC(=O)NC(C)CCCCC
5792,5903,CC=C1C(C=CC(O)C=CF)S1
5793,5904,CCCNC(OC)=O
5794,5905,ON=CC(S)(N)C(F)I
5795,5906,CCCOC=C(CC1NC2CC=C(N)C)C2C=C1
5796,5907,N1=CC=C2C=C1N=NCNNC2OC
5797,5908,SCOC=CCCC(N=C(Cl)CCl)=O
5798,5909,NC=CC=C(S)C=CC=CN=C[NH1]CCC=O
5799,5910,O1NCCCCCN2C#CC1C(C)CC2CCO
5800,5911,C1(=O)CSC(=O)NCO1
5801,5912,CCCC=C1C=C(Cl)C(P)=N1
5802,5913,NC(=O)OC=CC=C(C)C1C=C1CC2CC2
5803,5914,C=NC=CC1=CS(N)C(C)CC1
5804,5915,C1=CN=CN=C(N)CS1O
5805,5916,C1CCNC=C2C=C(N)C(Cl)C1=[SH1]=C2
5806,5917,CCC(=O)SC(=O)C=CC1=C[NH1]C=CC1
5807,5918,O=C(Br)C=O
5808,5919,OC(C(=O)Br)C=O
5809,5920,C12CCC1CC=NC(O)C(=O)N2
5810,5921,CCCCCC(C1C=CC=NCC)=C1
5811,5922,OC(=O)OC(N)C=S=C
5812,5923,C=CC=C(CO1)C(C)CC1
5813,5924,COC(C)(C)C=O
5814,5925,C1[NH1]NC1(CC2CNC=N2)O
5815,5926,OC(=O)COC
5816,5927,COCC1CN=CC=C(N)CC1=C
5817,5928,CCC1C(COC=O)SC1=O
5818,5929,C1NOCCCC(C2)(C3)CCC1C2C3
5819,5930,CCCOC(C)CCCCC
5820,5931,CCC(=O)CN(C)CNC
5821,5932,CCC=C(N)CCCNCN(C)NCS
5822,5933,CC=CC=CC(C(C)=C1C=O)NN1
5823,5935,C1COCCC(=O)OCO1
5824,5936,O=CC1=CC=C2C1C=CC=C2C(=O)O
5825,5937,C=NC=CC=CC=C([PH1])OC(NC1=CCC=C)N=C1
5826,5938,C(C)N(C)CCCN1C(C)OONCCOC1
5827,5939,CC=CC=C(O)CCC=C1C=CC(C=C1)CO
5828,5940,C=1=CC=CC=C=1
5829,5941,C(=O)(O)OCOC(C)CCC
5830,5942,C=CCC=CC1=C(F)CC=C1Br
5831,5943,CC=CC=C=CCC(=O)NC=NC=CO
5832,5944,CCCCNC1C=CC=C2C=C=NC=C2C(C=C1)O
5833,5945,CC1C=NC=CC1
5834,5946,CCCOC(=O)O
5835,5947,C(NCCOCCCN1)CCC(C)=NC=C1
5836,5948,OCOC=NNCOC
5837,5949,OC(O)C=NCOC(Br)C(=O)O
5838,5950,CNC1=CC=CC=C1C2=SC=NC=C2C=N
5839,5951,CC=CC=C1CCC(=O)C=C1
5840,5952,C=CC=CCNN
5841,5953,CCC(CC(=O)CC=O)C=C
5842,5954,CN=C1C=C[NH1]C2=C(O)CSC2C1
5843,5955,O=CC=C[NH1]NC=CC=CC1=C2C=C2C1
5844,5956,O=C1SC=CN1C=NC=C(S)C=C
5845,5957,CCC=CC1=CC=CC=N1
5846,5958,CCC(C)NCCCCN
5847,5959,NC(C)CCC(=O)OOC=CC=CCF
5848,5960,OCCCCC1CCCSC(O)OC1
5849,5961,CC=C(C1)C=NC=C(C)C1
5850,5962,CN(C[NH1]C=NCCC1NC=C)CC1
5851,5963,SC(CN(C)C=O)CC=O
5852,5964,N=C1C=C[NH1]CS1NCCCC
5853,5965,C=CC=O
5854,5966,CCCCCCC(C)=C1CCC=CC=C(Cl)C1
5855,5967,C1OC=NC=C1CC(C)F
5856,5968,NCC#N
5857,5969,OC1OCCC=CC(O)C(=O)CS=C1O
5858,5970,NC=C(O)N1C=CC(=O)OC=NCN1C=C
5859,5971,C1CCCC=C1C2=CC=CC=C2
5860,5972,CC(O)C(=O)OCC1(C)NCN=NNS1O
5861,5973,CC(O)CC(C)N=CC=CCOCO
5862,5974,CN=CNC=CC=C
5863,5975,CC1(C)CCCO1
5864,5976,CCC(CN(O)CC=O)C=C(F)C(Br)=CCl
5865,5977,CC1C(C)CNC(=O)C=CC=CC=CN1
5866,5978,OC=C(C)C=C1CC=CC=C1
5867,5979,CC(C)SC=CC1=CC[NH1]C=C1
5868,5980,FC(C)=CC=C1C=C(SCCC1)SC(O)C
5869,5981,CC(C)CCCNCC
5870,5982,CC(N)C(=O)NC=C1C=C=NC[NH1]1
5871,5983,CN=NC(=S)N=CC=CC(=O)COC#CF
5872,5984,CCCCCC=CC(C)=CC1=C(S)C=CS1NC
5873,5985,OCSC=C1C=C(Br)N1Cl
5874,5986,CCC(C)COC1=CC=CC=C1
5875,5987,C=CCC(Cl)C=C1C=CS(N=C(F)N=CC)=C1
5876,5988,CC=CC#N
5877,5989,CC=CCC=C(C[NH1]C=C1C)CC2=C(Cl)NC1=C2
5878,5990,C1C=CC=C2C=CN=C2C=C1
5879,5991,OC=CC(O1)N=CC=CC=C1O
5880,5992,SC(O)C=CC1=CC2(O)C=C1OCC=C2
5881,5993,C1C2C=C(O)N=C=C1NC2
5882,5994,NCC(O)C(C1)C=CC(N)=C1O
5883,5995,CCCC=CC=C(O1)SC=CC=C1O
5884,5996,CC(F)(C1)COC(O)C(N2C)C1CCCC2
5885,5997,CCC=C(O)Cl
5886,5998,CC1S2CCC=C1C2
5887,5999,CNCCOC(N)C(=O)NC1=CC=CC=C1
5888,6000,C1N=CC=CC=CC=C1CPOC=C2C=C2NN
5889,6001,CC=CSC(O)C(=O)N1CC=NC1CO
5890,6002,CCCC(=N)Br
5891,6003,O1C=CC=C1C=CC2=CC=CC=C2
5892,6004,S=1C(=O)C=CC=1Cl
5893,6005,CC(O)C(=O)C=CC1=CC=CN=C1C=NC
5894,6006,O(CC=CNS1C=CC=C1)CCC
5895,6007,CC=NC=C(C1)NC=CNC1
5896,6008,CCCCC=CC=CC([SH1])C1CC=CCC=C1O
5897,6009,C=1CCCC(O)C=1O
5898,6010,CC=CC=CCN=C(C)Cl
5899,6011,SCCCC(C1)C2CNC1C=NC=C3C=CC=C23
5900,6012,COC(N)NCNCC1C=CC=CC=C1
5901,6013,CN1C(=O)OC=C(CC2=CC=CC=C21)N
5902,6014,N=C1C=CSC=C[NH1]1
5903,6015,CCCC(C1(O)C=O)C=CC=C1C=CC=C(Cl)C#C
5904,6016,OCC1CN=C=CC(=O)CCCCCC1
5905,6017,CSN=CN=CC=CCC(NC)(CC)C
5906,6018,CCC(N)CC=CBr
5907,6019,CCCC(C=CC)=C(C)SCC
5908,6020,CCCCC=CSC(CS)=CC=CN=C1N=C1
5909,6021,C#CC(=O)ONC1CC=CC1C(N)=CCO
5910,6022,NC=CN=C(C)CN[SH1](N)C1=CC=CC=C1
5911,6023,CCCCC1C(C)(C)C2=CC=CC=C21
5912,6024,CC(C1)C2=CC=CC=C2C=NC1
5913,6025,OOCCC(=O)[NH1]N=CC=C
5914,6026,CCC=CC=C1C=C[NH1]C=C1C=NC=C
5915,6027,CCCC=CCSC(N)C(N)CC#N
5916,6028,C=CC=CC=C(C1OC=CC)C1CC
5917,6029,COCCCCC=O
5918,6030,NC=CC=CC1=CC2=CC=C1[NH1]C2
5919,6031,CCOC1=CC=CC=C1
5920,6032,OC=C(O)CC1CCCC=C1
5921,6033,CCC(=C(O)SCC=N)C=CC=CC=N
5922,6034,C1CCOC1OC
5923,6035,C=NC=CCCCC(=O)N=CO
5924,6036,CCO[NH1]C(C)SCOC#CC=O
5925,6037,CC(C)OC(=O)NNCCC1CC1=C
5926,6038,NCCC=C1NCC(C)=N1
5927,6039,C1CC=CN=C(C)CNN1CCCC[NH1]
5928,6040,O=CC=C(O)C=O
5929,6041,C=C(C)OC(Br)C1=CC(CS)C1Cl
5930,6042,NC(C)=CC=CC(N1)=CC=CC=C1
5931,6043,C1CC=CC=C(Cl)C(Br)C=C1
5932,6044,COCCCCCCBr
5933,6045,CC(N)=NCC=C(CNC)C1C=C(Cl)C1O
5934,6046,NNCNCCCC(N)=C(SC)CC=C
5935,6047,ONCCC(C)CCC1(N)C(C)CC=C1
5936,6048,COCCC=C1C=CC=C1
5937,6049,CC1=CC=CC=CC=CN=N1
5938,6050,OC=CCC(C1CC2=C(C)NC23)C3C1
5939,6051,CCCCCOC(=O)OCCCCCCC
5940,6052,CN(C)C1PCCCCCCC1(CC=CC)N
5941,6053,NC=NC=CC=CC1=CC=CC=C1CNO
5942,6054,N=C(N)C=C(N1C2CCNC)CC2=C1
5943,6055,CC(O)OCBr
5944,6057,OCCC(C)CCCC1C=CC2=CC=C[NH1]N21
5945,6058,CCN=CC=CC1=CN2C=C(Br)C2N=N1
5946,6059,NC(C1OC(C2)CCNC3C1)C4C=CC=CC24C3
5947,6060,CC=CC=C(O1)CCC=CC1(CC=C)C=O
5948,6061,CCNC=C1SC=CC=C1CC(C)CO
5949,6062,CC(C)(Br)C(Br)=CCC
5950,6063,CC=CC1=C(O)C[NH1]1
5951,6064,CNNC(=O)OS(N)C(=O)NCNC
5952,6065,CSC(=O)NCC=PC(=O)NC=NN(C)C
5953,6066,OSC=CC=C(C)CN(N)C=NCCF
5954,6067,CN=CC=CCC=COCCC
5955,6068,O1C(CC=CC=CC)=C1O
5956,6069,C1CC1OCC=CC=CC=C
5957,6070,CCCNC(O)CC#CSC1=CCC=CC=C1
5958,6071,CCCCCCCC(=O)C=O
5959,6072,OCC(=O)OC(=O)OC=CC=C(N)CC
5960,6073,O=CN1C=CSC=C1CC=C2C(C3)CCC2N3
5961,6074,CC(C)C(N)C=CN=CO[NH1]C=O
5962,6075,C1OC=C1ON
5963,6076,C12CCOC=C1C=C(C)CNC2
5964,6078,SC(C)CCC(=O)CC=CS
5965,6079,NC(=O)ONOOCCC
5966,6080,CN(C)CCCC1CC=C[NH1]C1CO
5967,6081,NC(C(O)OC=NCCC)=O
5968,6082,COCCC(=O)C=CC=CC1(C)N=CC#C1
5969,6083,C=CC=CC=CC1=CC=CS=C1N
5970,6084,C1CC=CC(O)CCCC1O
5971,6085,CC(=O)C=CC(C)=C1C=CC=CC=C1
5972,6086,CC=CC=NNNN1CCOCS1=N
5973,6087,O=C1CCC(C)=C1O
5974,6088,CCCC=CC(C)Cl
5975,6089,CN1CC2CC=CC(C)SC2=C1
5976,6090,CCC=NCCCCC
5977,6091,OCCC1NCCCC=C1
5978,6092,CCC=CNC(=O)C=C(N)C(Cl)OS
5979,6093,O=C(CC(C)C=C(N)C)CN=CC#CN
5980,6094,C(=O)F
5981,6095,C(C)C(C)=CC1=CC=CSS1
5982,6096,N=C(CCCCCCC)NC(O1)CC1
5983,6097,OCCC
5984,6098,CC=NC(C=N)CNCCCCCCCC
5985,6099,ON(C=CC1=CC)CC=C1
5986,6100,CNCCCNC=C(C(C1)=CC)CCS1
5987,6101,CSC=NC(C)=CN=C1C=CN=C1
5988,6102,OC=CC(C)C(O)S
5989,6103,C=CCC#CC=NCCC#N
5990,6104,CC(=O)C=C1C=CON=C1C=C
5991,6105,CNC(=O)NC(C)OCCCCO
5992,6106,CC1C(C)C[NH1]C=S(O)CCCOC1
5993,6107,S=CC=C(N1)C2=CC=CC=C2S1NCO
5994,6108,C(N)CCC(Cl)(C)CNC(=O)N
5995,6109,COC(N)ON1C=CC=C(O)C1
5996,6110,CCCOC=C
5997,6111,CCOC(=O)OCCCCCNCC=C
5998,6112,CS=CC=NC=CCC1CC=CC=CC=C1
5999,6113,OCC=C1C=C(O)C=N1
6000,6114,CC(C)C=CC1=CC(CC)(Br)C=C1
6001,6115,C=CC=CC=CN=C(C)Cl
6002,6116,C=CCOCCOC=O
6003,6117,CC(C)OCCCC(C)CCCCC
6004,6118,NC=CC=CS(C(C)C)OCO
6005,6119,ClC=CN=C(C)C=NCN=CC#C
6006,6120,O=CC=CC(CCCC(O)C)=CCCCOC
6007,6121,CCC1C2C(=O)OC2CCC1
6008,6122,CCCCCC
6009,6123,CC(=O)OC=1CCC(O)C=CC=CC=C=1
6010,6124,C1SCNC1(C)NC(=O)OCCCCC=N
6011,6125,C1C#CCNC=C1C2=CC=CC=C2
6012,6126,COC=CC=C1C=C[NH1]C=N1
6013,6127,C=C=C(C)CC1CSC=C1O
6014,6128,CCOC(=O)C=CC(=O)C=CC=CCC=CC=C
6015,6129,C1N=C1C
6016,6130,C1CCCC=CC(C)CCC1C
6017,6131,C(=O)C(O)C=NC1=CC=CC=C1CCC
6018,6132,CCCCN=NC1=CC=CC=C1
6019,6133,OOC=O
6020,6134,CC(=O)COC1(C)C(C=CC=CC)CC(F)=N1
6021,6135,CC=NCCOC(=O)C=CC=CCC
6022,6136,NN=NC=CC1=NC=CC=C1
6023,6137,NCC1CNCNC1CNCCN
6024,6138,N(CC(=O)OCC=CC)=O
6025,6139,CC1=CC(=O)CC1CC=CC=C
6026,6140,OC(N)C(C)CC1CC=CC=C1C=N
6027,6141,NC=CC=CC=C(C1)CN=CN=C1CCCC
6028,6142,C1C=CC2=CSC=CC=C2C1
6029,6143,N1=NNC=C=C=CN1NO
6030,6144,C1C(C)CCCC(C)C=CC=C1
6031,6145,CNC=CCOC=C1C=CCOCC1F
6032,6146,OC=CC=C(C=C1OC=CC2=C1)C=CN(C=C2CC3=CC=C)C=N3
6033,6147,C1C(CCCCCCCC)CC1Br
6034,6148,CC=NC1CNCCC1C=O
6035,6149,CC(=O)C1=CNSN(C)CC1C[NH1]C=C2C=CC3C2=C3
6036,6150,CN=NC=O
6037,6151,COC(C1)CCNC=C1C(=O)NCCC=C2C=C2C
6038,6152,C1C=CCCC1CCCCl
6039,6153,COCCCCCCCCNO
6040,6154,CCCCS(=O)N(C)NC1CCCC1
6041,6155,CCC(S)C(=O)CCSCCC1OC=CC=C1
6042,6156,C=CN=NC=CC=NCOC=C
6043,6157,CCNC=C1C=C2[NH1]C=C1C=CSC2C
6044,6158,O=C(O)CC=O
6045,6159,C#CC(C)N=CC=CN1C=NN=C(Cl)C1
6046,6160,NC(CCCC1CCCC)C1
6047,6161,NC(=O)C=C1C=NC=C[NH1]1
6048,6162,CCCCC(O)NCC1=CC=CN=C1
6049,6163,NCC=CC(CC)=CC(O)C
6050,6165,S1C=C(N2)CCC(=O)NC2C=N1
6051,6166,CSC=C1C2=CC=C(Br)C=C2C1CC
6052,6167,O=CC=CC=C1C=CC=C[NH1]1
6053,6168,CCCC(C)CCCC(=O)C=C(N1)C=NC1=O
6054,6169,C=NNCCCC(=O)O
6055,6170,CC(C=1)C=CCC(Cl)CC=1
6056,6171,CNC(C)CC1C(C2)CNCCC2=C1
6057,6172,CCC=NS(C)=NC=CC=CC=C
6058,6173,CCC(C)C=C(N1)CCCC(C)=C1
6059,6174,C1=CN=CC=CC=C1
6060,6175,CCCCSC(=O)N(C)CC1=CC=C1
6061,6176,C=12CNC=1C2
6062,6177,OCCCC(Br)SC=CC=C
6063,6178,C1CC=C1N=NC=CC(O)=CN
6064,6180,CNC(C)CC(F)C(O)Br
6065,6181,C=CNC1C=CC=CC2=C(Cl)C=C2N1
6066,6182,NC=CC=CC=C1S2C=CC=C1C=C2N
6067,6183,CCC=CC1=CC=C(N)C=C1CO
6068,6184,C#CCCCNC=CC=CC1=CC=CC=C1
6069,6185,CCC=CC1=CC(O)C(N)C(N)=CC=CO1
6070,6186,OC(=O)NC(C)C=O
6071,6187,O=CC(=O)C=O
6072,6188,CC(=O)CCC1CC=CC(=O)CC(C)=CC=C1
6073,6189,NN=CCCN1CCC=N1
6074,6190,NC=CC1=CC=CC=C2C=CC=C(Cl)C21
6075,6191,CC(=O)CC=C1C=CC=C[NH1]1
6076,6192,CN=C(C1)NC#CC=CC=NN=CC=CC=C1
6077,6193,NCCCCC
6078,6194,CCN=CC=C(C)CNO
6079,6195,O=CNCC1=CC=CC=C1
6080,6196,CNC(=O)C=C(O)C(C)C(=O)NCN
6081,6197,OCC=CC=C1[NH1]C(N)C(=O)N=C1
6082,6198,CCCS(C1)N(C)NC(=O)CCC1
6083,6199,OC=CCOC=O
6084,6200,OC(CCCCCCCC)=O
6085,6201,CN1OC(COC=O)OCNC1
6086,6202,OC1=C=CC=C(N)C=C1
6087,6203,CC=CN=C(C)NCC(=O)SC=O
6088,6204,O=CN=C(Cl)C=NC1=CC=CC=C1O
6089,6205,C1OC1C=CC=NN
6090,6206,CCOC1(O)C2CN1CCCC(O)C=C2O
6091,6207,COC(C)C1=CN=CC=CC=C(C)OC(Cl)=C1
6092,6208,CCCCC(C)CC=C1C=CC(Cl)C=C1
6093,6209,CN=C(O)C(=O)C(O)SOC1OC=NCC1
6094,6210,CCN(O)C=C1C=C2N=C[NH1]C=C2[PH1]S1
6095,6211,S=CC=C(SCC(=O)NC1=NNS)C1C
6096,6212,N=NCC=NCOC(=S)NCCC1CCCCC1
6097,6213,CCC=CC=CC(C)(O)O
6098,6214,OC(O)CC(N)CCCC
6099,6215,CCC=NC=C(S)C1(O)C=CC=C1
6100,6216,CCC(=O)NC1N=NC2C=C1CCC2
6101,6217,OC(C(C)=CC)CCl
6102,6218,OC=C(C)C(=O)S1CCCC=CC=C1
6103,6219,OCC(C)NCCCNC1CCCSN1
6104,6220,CNC(=O)OC(C1)CCCCC1=NO
6105,6221,CCC(N)CCC1=CC2=CC=CN=C2C1
6106,6222,COCNC
6107,6223,C1C=C(S)CN=CC=C1
6108,6225,O1S(O)C=COC(O2)(C)CC=C1C2
6109,6226,COC=CC(C)NC1C(Cl)C=CC=C1
6110,6227,CC(O)C=CC(C=O)ONC
6111,6228,CC=CC(C)(NC)O
6112,6229,C1=CNNC=CC2=C1C=CC=C2Cl
6113,6231,C1CCNCCC(=O)N=C1
6114,6232,CCCCC(OC(Cl)=C1Cl)C(C=NC)=CS1
6115,6233,CC=CC(CSCC1C)OCC1O
6116,6234,CC=CC=C=C1CN=CN=C1
6117,6235,NC1=NC(C)N1
6118,6236,OC1=CC=C2CC(O)C(S)=C2N=N1
6119,6237,N1CCCCCN=CC2CCC1CO2
6120,6238,NCC(=O)NNC(=S)O
6121,6239,CCCS(=O)N
6122,6240,COC1=C2C=CC=C1NC3=CC=CC=C32
6123,6241,CSN=NC=CC(CC1)OC=CC=C1
6124,6242,O(N)F
6125,6243,SC=CC=C1CCOC1
6126,6244,CCNO
6127,6245,CCCOC(CCC(C)C(N1)=C)C=CC=C1
6128,6246,COSOS(=O)C1=CC=CC=C1Cl
6129,6247,CCCCCCC=C1C=C=CC=C1
6130,6248,O=NCNC(C(=O)OCOC#CCC)C
6131,6249,S1CC(=O)C=CC=C=C2S1=CC3=CC=C2NC=C3
6132,6250,O=C(Cl)C(Cl)OOC=NC1=CC=CC=C1
6133,6252,CCNC(=O)N=CCNCO
6134,6253,CNCC=CC=CC=CC=C
6135,6254,CNC(O)C(=O)CCC1=CC=CC=C1OCO
6136,6255,C1C=CC=CC=C=C1CC=C2C=CN2C
6137,6256,C1NCC1CCCCC2CC[NH1]S2
6138,6257,C=NC=CC=COCCNC=CC=CNN
6139,6258,CCCCCC[NH1]CC(O)(N)C(=O)O
6140,6259,CSC=CC=CC1=CC(=O)C=C1
6141,6260,OOC(=O)NC(N)SCC=1PCCC=1
6142,6261,CCC1N(O)C=CC=NC=C=C1O
6143,6262,COONNC
6144,6263,CNC=CC1=CC2=CC=C1S2
6145,6264,C1CNCN1COC(O)COCCOC(=O)O
6146,6265,OC(C=CNC1=NC2=CC)N1C2
6147,6266,C=C[NH1]CC(C)C=CC=C(CCCCC)O
6148,6267,CN=C(C)C(CO)C=CC(Cl)=CC=C
6149,6268,CCOC=CC=CO
6150,6269,CC=CC1=CC=CC=C1NCC(F)O
6151,6270,CCCNC1(C)CCCCCCCC1
6152,6271,OC(C)C=C1C=CN=C(Cl)CC=C1
6153,6272,CCCN(O)CCNC=CN=COO
6154,6273,NC=CC=CC1=C(F)C=C=N1
6155,6274,NC=C=C=CC1=CC=CC2=C1C=CC2=NC
6156,6275,O=CN=CN=CC=C(O)NNC=C
6157,6276,C1COC=C1C(=O)OC=CC=CC=COC=C
6158,6277,O(C=NCCOC=O)C=C=C(C)CC
6159,6278,CCNOC(N)C(C)CC1CCCCC1
6160,6279,CCCN=CN(C1)CNC=NC=N1
6161,6280,C(=O)C1=C=CC=CC1(NC=NC=C)COCl
6162,6281,NC=CC=C1C=C(SC=C1SO)C=NC=CO
6163,6282,NCCC(C)=C1C=CC=CC=C(CF)C1
6164,6284,CC(CNSC=CC1O2)NCCC=C21
6165,6285,O=C1OC(=O)C=C1
6166,6286,C1C=NC(C)N1C
6167,6287,NCCCNCC1CC1(C)C=CC=CNC
6168,6288,CC=C1C=C(O)CC(C)C(=O)S1
6169,6289,COC(=O)CCC(=O)N=CC=C(O)CCC
6170,6290,C1CC(C)OC(=O)COC=C1
6171,6291,OC=CCCC(=O)C=C=CCN=CN
6172,6292,O=CC=C(Cl)C[NH1]C1=NN(C=CC=CN1)Br
6173,6293,COC=CC=CC1N=CSC=C1CON
6174,6294,CCSC=NC1=CC2=COC1CC2
6175,6295,CC(N)=CN=C(CN(N)C)C=O
6176,6296,COC(=O)C(N1)CC2CCCC2O1
6177,6297,O=C=CC=CC=CC=CC=CN=CO
6178,6298,CC1P=NC(=O)C(Cl)C1
6179,6299,OCCCCC=NC1=CC=CS=C1
6180,6300,O=C(SN1CNNCC)CC=C1F
6181,6301,NCC1OC1N
6182,6302,C=NOC(C1)=CC=CC=CC(Cl)=C1Br
6183,6303,ONC1=CC=CN=C1OC2(O)CCCC2
6184,6304,CC(N)C(C1)CCOCN1
6185,6305,C1=CC(C)(O)N2C=CC=C1[NH1]2
6186,6306,NCN=CC(C)=NC=CC=C(C)SSC
6187,6307,OC=CC1=C(F)CC=C1CCCCN
6188,6308,CC=CN=C(N1)C(O)C=C2C=CN=C2N1
6189,6309,O=C(O)CCCOC=NC=CCN
6190,6310,CCCCC=C1C2=CC=CC=C2C1(N)O
6191,6311,O=C(N1)C(C)NC=C1NC2=CC=CC=C2
6192,6312,C1CC(=O)C(N)CC=CC=C1
6193,6313,CC(C(=SC1)OC=C)C=C1C
6194,6314,CC=C1C(CCCCC)=C1
6195,6315,CNSC(C1)=CC=CC=C1CO
6196,6316,CC(C1)CN(N)CC#CC=CC=C1
6197,6317,CCC=S1CCOC(C)OCCC=CNC1=O
6198,6318,NC(=CC1=C)[SH1]CC(Cl)C=COC=C1
6199,6319,NC=NC=C(C)Cl
6200,6320,CC1(C)C=CC(=O)NC(C)C(N)=N1
6201,6321,C1CCCC[NH1]CCCCC1CC
6202,6322,N(O)C(=O)NF
6203,6323,C1C=C2C=CC=CC=C1CCOC=C2
6204,6324,CC(=O)C(=O)NCC=CN(O)NOCO
6205,6325,N1=CC=C2C(O)CC2C1C
6206,6326,COC(=O)CCOOC=CC(O)C(Cl)=O
6207,6327,C=CSN=C=CC(C1C=CCl)C=CC1(C)Cl
6208,6328,C1NCC=CC=C(Cl)C(Cl)=C1F
6209,6329,C1CSC(=O)CCOC=CC=C1Cl
6210,6330,CC1NCC2C3CCC12C4(C)NC3=CC4=N
6211,6331,CC(=O)C=CC(C1C=C)C=CN=C1
6212,6332,CCC1CC2CCC1C=C2O
6213,6333,C=1C(C)COC2CC(N)C2=1
6214,6334,C1C#CC=NC=C2C=C(Br)C21
6215,6335,C[NH1]CC(OC(C)=CC(O)CO)CC=CS1C#C1
6216,6336,OC=CC=NC(=O)NC(=O)O
6217,6337,CCNC(O)CCNCCCCCC
6218,6338,OC(C)NCSC[NH1]N(O)O
6219,6339,OC=CC(C1CCC)(O)OC=C1
6220,6340,CNC=CC=NC(CC)[SH1]C=C
6221,6341,CN=NC=CN=CCC(O)C=CO
6222,6342,NCOC=COC(=O)C(=O)O
6223,6343,CCCCCNC=C(C=O)NC=O
6224,6344,CN=CCSC=CC
6225,6345,CSCC(N)=O
6226,6346,O=C(C)F
6227,6347,CC=C(C(=O)CC)C=O
6228,6348,CC=CC=C(N)CCCCS1CC=CC=C1
6229,6349,CC(=O)CCCCF
6230,6350,CCC(C)CCCC1CCCC1C
6231,6351,NC(F)OC=CCCC=C(Cl)C=CCl
6232,6352,N#COC=O
6233,6353,CCOC(O1)C=CC=CC=C1CC
6234,6354,CCC(C)CN1CCN=C(Cl)CC=CS1
6235,6355,O=C(O)N(O)C(CCC)=NC(=O)O
6236,6356,O1CSC(=O)CC(N)CCC1O
6237,6357,O=CN=C(C)SN=NCCCO
6238,6358,CC(C)CC=CC(C)C1C(C)(N)C2C=C12
6239,6359,NNCCCC=CC(=O)C=C[NH1]C=O
6240,6360,CC(CC(O1)N=CCC=N)NC1
6241,6361,CCC(=O)OC
6242,6362,OC=NN=C(N=C1C)CC=N1
6243,6363,CC=CNC(=O)OCCCCCCCCCC
6244,6364,CC(N)CCCOC=CC(N)=C(Br)C=C
6245,6365,NCNCCN=CC=C[NH1]
6246,6366,C=12OC2CCC=CPC=1OC
6247,6367,C(OCCCC=CC1=S)C=CC=C1SC=NC2C=N2
6248,6368,C=C(O)NOC(S)CCC1CNCN1
6249,6369,C1C=CC=CC=CC=C1C2=CC(=O)NC2
6250,6370,CNCCC=C(C)CCNCC#N
6251,6371,C=CC=C1OC(O2)=CC=C(C)CC=CC12N
6252,6372,CCC=C(N)CNC(C)CCCCC
6253,6373,CCC=CC=C(N)C=C=CC=CC=NCF
6254,6374,CNCC(=O)C(C)CNCCCC=O
6255,6375,C(O)CC(C)C1(S)CCCC1
6256,6376,CC(C)CC(C)C(=O)OSC(=S)O
6257,6377,CC1=CC=CC1N2CCOC=CC=C2NCCS
6258,6378,CC=NC(CC(C)NCC)C=CC#CCl
6259,6379,C1C=CC=C1ON[NH1]C=CC=CC=CBr
6260,6380,CN(C)OC=CN=CN=CC=CC=NC=N
6261,6381,C1C=CC=CC(F)(Cl)C=C1C=NNO
6262,6382,CCC(=O)NCC(C)(O)CCCCCC
6263,6383,N=C1C=C(C)C=CC=CC=CS1
6264,6385,O=C(C)NC=C1CC(C)=CN1
6265,6386,C1C=CC2=CC1=CC=C2NC(=O)C
6266,6387,C1=CC=C2C=C[NH1]CC2=C1COC
6267,6388,COC=NCC(C)CC1CCC=NC(=O)N=CC=CC=C1
6268,6389,C1CCCCC=CC2(C)CCC1C2=S
6269,6390,CNC1OCOCCC(O)=C1
6270,6391,C(=O)C=CC1=CC=CC=C1C=C
6271,6392,CC1=CC=NC=CC(C)CCCCC1
6272,6393,CC(O)C(=O)NCC1CC(Cl)N1
6273,6395,CC=CC(=O)NC(=O)OC(=O)OCC
6274,6396,C=COC=NC=C1[NH1]C=CC=C1
6275,6397,CCCNCCSC
6276,6398,O=C=C(C=C(N1)COC)S1
6277,6399,CCCCC=CC1=CC=CC=C1C=N
6278,6400,CC1=CN=CC=C1SC2CCNCC2
6279,6401,COCCl
6280,6402,CCOC=C1C=C(C)C=CC1
6281,6403,CN=CC=NC(=O)CC=NCCCCN
6282,6404,CCC=CC=CC1=CC=CC=C1C=CC=O
6283,6406,CCCC=C
6284,6407,N(N)COCC1=CNSN(Cl)C1(Cl)O
6285,6408,CNSN=CC=CC=O
6286,6409,OC(=O)CCCC(C)C
6287,6410,CC(=O)NC(NC)OC=C1CCCCC1
6288,6411,CCCCCC1CCN2CCCCC2C1
6289,6412,CCC(COCCCNCCCC=O)O
6290,6413,NCC1CCNC(Br)CCC1=CN
6291,6414,CC(C)N(O)OC(=O)[NH1]CCC=O
6292,6415,NCOC=C=C=CC=C=NCN
6293,6416,NC(=O)CNCCCC(Cl)C(C)=O
6294,6417,COC1=C(O)C=C1OC2=SC=NC=CC2
6295,6418,COC(CNC=C)C(=O)N=C(O)CC
6296,6419,CCCC(C)CCCCC
6297,6420,CN=CN=CC1=CC=CC2=C1C=CC=C2Cl
6298,6421,CCOC=CC(C)=CC=CC(C)SC=C
6299,6422,C1C=N1
6300,6423,C1OCCCCCC1
6301,6424,CC(C)=CC(C=CC=CC)=CC=NC#CO
6302,6425,CC=C(C)C=SC(O)OC=NCCOC=C
6303,6426,NCC(N1)N=CC=C1C=CC=CC2=CN2
6304,6427,OCCCC=CC(N)=CC=CC(=O)O
6305,6428,C1C(O)C(=S)CC=C1
6306,6429,CON=CCCNC(N=O)N1CC=CC=C1
6307,6430,O=C(C)CCC=CCOC1=CC=CC=C1
6308,6431,S1CCCNCN=C1NC=C
6309,6432,CC(C)CS=NN=C1C=C(O)N=C1C
6310,6433,CCC1=C2C=CC=C1C2C=O
6311,6434,CCCOC=NCC=CC(S1)C1=C
6312,6435,CC(C)C(=O)OC(C)=CS1C=CNC1
6313,6436,CC=CC1=CCN=C(C)NCC1
6314,6437,CC(C1=CC=CC2=CONC)C21N
6315,6438,CCCNCN
6316,6439,N=NCC(=O)CCC1=CC=CC=C1
6317,6440,CCSC(=O)O
6318,6441,NC=CC1=C(NC(C)=C)C=CC(=O)N1
6319,6442,O(O)C(=O)SC(=O)[NH1]C(CCC)(C1N)CCC1
6320,6443,C=CC=NCO
6321,6444,CC1=NC=C2CC1=CC=COC=N2
6322,6445,C1NC1C(=O)NC=CC=C
6323,6446,OC=C(CCCCCCC1=CSCl)C1
6324,6447,N1C2=CC=CC=C2C=S(C=3)C1=3
6325,6448,N1C2C=C1CCC2N
6326,6449,O1CC=CC=CC2=CC=CC=C2C1
6327,6450,CN1C(=O)CNC2NCCCC2O1
6328,6451,CSC=C(NC=CCCOCC)CC=C
6329,6452,N1=NCOC=CC=CC=C1O
6330,6453,CCCCC1N(F)C=CNC=C1O
6331,6454,CC(=O)C(O)C(=O)O
6332,6455,CCNC=CC=C1C=CC=C1Cl
6333,6456,OC=CC=CC=C(C)C=O
6334,6457,O=C[NH1]C(=O)SCC
6335,6458,N=CNC=C1C=NC=CS1CCC(C)C=[NH1]
6336,6459,NCC1NCC2CCC=C2CC1
6337,6460,CC(C)C=C(O)CCC1CCCC1O
6338,6461,N1=CN2C(C)CC2=NC(O)=N1
6339,6462,C12=CC=CC=C1COCC2
6340,6463,CC=CNCOC=CC(=O)OS1CCCC[NH1]1
6341,6464,C1CC(=O)C=C1C2(O)C=CC(C)(F)O2
6342,6465,CCC(=O)C1C2CNCC1CC2
6343,6466,CCC(N1)CC(C)OC(C)CCNC1
6344,6467,CC=CN=C(N)C[NH1]S1CC=CC=CC=C1N
6345,6468,C=CC=C(O)OC(=O)CS
6346,6469,NC(O)C(=O)OCNCNCCNCC
6347,6470,COCC1(N)CCN=CCC1CC
6348,6471,COC=CC1=CC(=C)C23N=CC=C2N3N1
6349,6472,O=C(N)C=CCS(N)C(=O)OC=C
6350,6473,CC=NC1CC=CC(O)CC1
6351,6474,O=CNCCC(C)CCCCl
6352,6475,O=C(OC=CCC=O)C=O
6353,6476,CCC(C1)CCC=CC=CCC=CN=CC1=C
6354,6477,CCCCC(C(N)(O)C=CCF)C=C
6355,6478,N1C2C=CC=C1C2=O
6356,6479,OOCC1=CC=CC=C1
6357,6480,CCC(C)=CC(Br)=COCC=CC=C
6358,6481,C=CCC#CN1CC=CC=C1Cl
6359,6482,O=C=CC=C(N)C(=O)O
6360,6483,C1CC(C)OC(C)CSN1
6361,6484,NC1C=CC(C)C(CC(=O)N)CCC1O
6362,6485,N1C=CC=CC=CC(=O)O1
6363,6486,CCCC1=C(C(=O)O)C=CC(O)C=C1C
6364,6487,C=C=NC1=CC=CC=C1CC=CC=CBr
6365,6488,CSCCC
6366,6489,NC(=S)C=O
6367,6490,C(CCC1=CC=CC=C1CCOC=CC)C
6368,6491,C1C=C1OCNC2C=CC=CS2
6369,6492,CCCNCN1CC=NC=C(F)POC1[NH1]
6370,6493,CC=CC=C1C=C2C=C1CNC2
6371,6494,CCCCC=CC1CCCCN1
6372,6495,COC(NCCCCCC1CC)=CC1N
6373,6496,C=C(O)N=NCC(=O)CC=CC1=CN=CN1SO
6374,6497,OC=NNC1C2=CC=CC=C2C1
6375,6498,CCCC1C=CC(C=C1)OCC=O
6376,6499,CCNC=CC=C1C=C(Cl)C=C1
6377,6500,C1CC=C1C=NC=C2SC=C(O3)C=NC=C(Cl)C32
6378,6501,CC1CCCCC(C)=NCNC=CC1N
6379,6502,CNCNNNCC(C1)C=NC2=CC1=CC=N2
6380,6503,C1NC(C)CCOCNS#C1
6381,6504,CNCC1CCC=NCCCCOC1C=O
6382,6505,P#CC1CNSC(=O)OCCSC1
6383,6506,CC(O)CC(=O)N
6384,6507,CC(N)C1C(F)CC1C=CC(Cl)=C(Cl)N
6385,6508,CC(C)=CC=CC(N)=SCS
6386,6509,CCCC1CC=CN=C1N=C
6387,6510,C=C(CCCOC)C=NC=CC=C[NH1]
6388,6511,ClC=CC=CC=CN=C[NH1]
6389,6512,OC(C)(C)OCCCCCCCC
6390,6513,CC=CC=CC1=CC=CC=C1C(=O)O
6391,6514,OCC=O
6392,6515,C=1C=CC=CCC=1C(N)=C
6393,6516,CC=CC=C(Cl)CON[NH1][NH1]C=C
6394,6517,CNC1=CC(C)N1CCC2C=CCC=C2F
6395,6518,CCNCCNCC1CCCN1
6396,6519,O1C=CC=C1C(=O)OCCOC
6397,6520,CC(=O)NCCOC(=O)COC1(CCC)CC1
6398,6521,CN=C(O)C(Br)=C(Cl)C=CC=CCl
6399,6522,CCCCC[NH1]NCC(O)C
6400,6523,O=C(CCCN1C)C=CC=C1CCOC
6401,6524,O=C(O)C(O)C(=O)CC1C=CC=CS1
6402,6525,OC(=O)C(C)CC1CCCC=NNC1
6403,6526,CC1CCCC=C[NH1]CC=C1
6404,6527,NC=CC=CC=CCl
6405,6528,CSC=C1C=CC=C(Br)C1
6406,6529,C1COC(=O)CC(O2)CCCC1(C)CCCCC2
6407,6530,C1C=CCN1CNCO
6408,6531,C([NH1]CCCN1CCC)NNCCSC1
6409,6532,OC=CC=CC=C(F)C(=O)O
6410,6533,CC=CC=C1C=C(Cl)OC=N1
6411,6534,CC=CC(O1)C=CC=CC=C1
6412,6535,N1C=CC=CC=C1C=CC=C(Br)C=N
6413,6536,C1C=CC=CC=CCC(F)(O)C1(C=C)Cl
6414,6537,C=1C=NCC(C)C=1C
6415,6538,CONN=CC(C)Br
6416,6539,CC=C(O)N1CCC(N)C(O)C1
6417,6540,NCNC(O1)CNCC1CC
6418,6541,CCCCCCC1CCC1
6419,6542,CC=CC=CC=CN=CCCC(C1=C)C=CC=C1N
6420,6543,CCCCCC=CC=C(N)C(CCl)=CC=CO
6421,6544,CC(CCCC)CCCCC#N
6422,6545,C1CC2C=C1C=C3C=CC2(Cl)C3
6423,6547,COC(O)COC=NCCC
6424,6548,N1CCCCCC(=O)C=CC(NC1)=CC
6425,6549,SC(=O)C1CNCCC=NCCC1
6426,6550,CC(C)=CN=C(CC1=CC=CC2)CNN1C2
6427,6551,CC=CC=CC(CC=O)C=O
6428,6552,C=CNC(C)C=O
6429,6553,CN(CF)C1N=CC=C1N
6430,6554,CC1C=NC(C)CS(C)CNC1
6431,6555,SCOC=CC=CC1=C(F)OC#C1
6432,6556,COC=C(N1)NC=NC=C1
6433,6557,CSC=CNC(=O)C(CC=1C)OC=C=1
6434,6558,CC(C)CCCCC=NC=N
6435,6560,C1C=CC=CC=CN(C(Cl)C)C1
6436,6561,CCCCCNCCCC
6437,6562,S1=C2C=NC=C=C2C1=N
6438,6563,C1S(=O)C=CC=C1C=NNCCCC=CN
6439,6564,C1(=O)C=CC1C=CCCCF
6440,6565,C1=C[NH1]C=NN=C1O
6441,6566,NCN1CCN(C)OCCCC(N2C(=O)C)=C2C1
6442,6567,CC=C(C)C(C)C1C2CCCC1C2
6443,6568,C1CC=NN(C=CC=C=C)OC1O
6444,6569,ON(O)CCCC1CCC=C1
6445,6570,C1CC(O)C(C)CCCOC=N1
6446,6571,CCC=CC=C(C1=CC)CC=C1F
6447,6572,OCCC(C)C1CNCCC1
6448,6573,NC=NC=CC=C1C(F)=CC=C1Cl
6449,6574,O=C=C(C)N=CC=C(OC)C=O
6450,6575,O1CCCCC(C)=CC=C1
6451,6576,N1CCCCCCCO1
6452,6578,C12CCN3C=C1N2C3
6453,6579,C(C)C(C=1)C2NSC(C)OC2C=1
6454,6581,N1ON(C)C1(Br)C=C(Br)C=C(O)O
6455,6582,CC(=O)CCC(=O)N=C1C=CC(CO)=C1
6456,6583,N1C(C)(C#C2)C1(C=C)CC2P=CNC
6457,6584,O(O)C(=O)NN
6458,6585,CC(CCC(=O)C)=CCOC=C
6459,6586,C1N=CC=CNCN2CCCC2=C1
6460,6587,CC(C)CCCCC(=O)OCSC(O)O
6461,6589,CCOC(C)NC(C=CC=CNO)C=C
6462,6590,C=NC=CC=C(Cl)CCCCCl
6463,6591,NNC1C2=C=CC=C1N2
6464,6592,CNNCCNC(=O)CNCC=CC(C=NC)=C=C
6465,6593,CNCNC=CC=CC=C=[NH1]
6466,6594,CCCC1C=CCC=C1CCC
6467,6595,C=CC=NC=C1S(C=CC=CC=CBr)N1
6468,6596,N1C(O)N=NC=CC(O)=C1N
6469,6597,CC(C)(O)CCOC=NCNC(C)=O
6470,6598,S=CC=CC=C(Br)CCl
6471,6599,C=CC(=O)C=CC=C=C=O
6472,6600,CCOCNC1CCNCCCS1
6473,6601,CCNCCCCCOCSC#C
6474,6602,N(O)CC=1C(=O)OCCCCC=C=1
6475,6603,C1CC(=O)NCCCCC=C1
6476,6604,C[NH1]CCC1C2CCCC1=NC=C2
6477,6605,C1C(O)OC(=O)NC(OC1)OO
6478,6606,O(N)C=CC(=O)NC=CC(=O)COC=CN=C
6479,6607,OC(C)CNCC(O1)C2N=CC=C1N=C2
6480,6608,CC=NC1=NN=CC=C1C=NC(Cl)=C
6481,6609,NC=CC=C1C(CCF)CC1C
6482,6610,C=1S(NCN(O)OC)(C)CCN=1
6483,6611,CC1C=CC(=O)N1CCCC=CCCNN
6484,6612,S1CN(C=O)CC1(O)N=O
6485,6613,CCNCOC1=CC=CC=N1
6486,6614,CCCC[NH1]CCNCN1C=CC2SC=C1C2
6487,6615,C1=NCC(COC)(O)C=S1O
6488,6616,O=C(C)Cl
6489,6617,C1CCCSC=C1COI
6490,6618,COC(=O)CC=CC=CC(=O)C=CCP
6491,6619,O[NH1]C=NC1C=CC2C=C1CCC2
6492,6620,S1CN=CC(C)OC=C1
6493,6621,NSC=CC=C(Cl)N=CC=CBr
6494,6622,CN(O)C(C1)CSC=CCCC1
6495,6623,CCC(O)C=NCCCC#N
6496,6624,CCCCCCCCC=CC=CC
6497,6625,CCC(C)OC1=NC=NC=C1
6498,6626,OC=C(N1)CNSC(Cl)=C1CO
6499,6627,CCC1=NC=CC=C1C2C=CC=C(F)C=C2C#C
6500,6628,C=CNC(=O)OCCC1C=CNNC1=CC=CC
6501,6629,NC(C1)CNCCC2CC1CC2
6502,6630,CSCCC=C(Br)CC=CC=CCl
6503,6631,CCC(C=CC(O1)=O)C=CC#C1
6504,6632,C1C(=O)S2C=C(C)SN=C2CCCS1
6505,6633,CC(C)C=1CCCC=1CC(C)O
6506,6634,O=CC=C(O1)C(C=CC2=CO)CCC2=C1
6507,6635,NC(N)C(C(=O)CC1CC)CNC1(C)CC(=O)O
6508,6636,CC(N)(C)CBr
6509,6637,O(O)C1CC=CN=C1C(=O)CC2C=CC3=CC=C2C3O
6510,6638,CCOC=CC=CC#CNCCCC#C
6511,6639,N1NCCC2C=CC=CC=C21
6512,6640,N1CCSC2=CC=CC=C2S1
6513,6641,CC(NC=CC=CSC1[NH1])C=C2C=C12
6514,6642,CCC(F)=C(CC)C(C)CCC=C
6515,6643,CCCC=CC=CC=CC1(C)N=CC=C1
6516,6644,C=CC(=N1)CCCCCCC1N
6517,6645,N1CC2COC(C#N)C=CC21
6518,6646,CC(C(O)(C)CCC#CC=C)C=NCN=C
6519,6647,C12NC=CC=C(N)CS1=C2
6520,6648,CC(=O)S=CC=C(Cl)OCO
6521,6649,CCC=NCOC(=O)CCCCOC
6522,6650,NCC=CC=CN(C)C1=CC=CC=C1
6523,6651,CCC=C(CCC=CC(=O)C=CC=CC)C(O)C=C
6524,6652,CC(C)(O)OC1OCC=CC2=CC=C(C=C2C)N1
6525,6653,O=CC(=O)C=CN=COC=CC=C
6526,6654,CC=CC=C1OC=C(C2)CC=CC=C2C1
6527,6655,CCC(=O)OC1COCOC1=O
6528,6656,CCCC=NC=CC1=CC=CC=C1CO
6529,6657,C1C(C)CC1CCCC2(N3)CCC2C=NC3[NH1]
6530,6658,C1C=C(C)C(=O)OC=C1N=O
6531,6659,O=C(O)CCCN
6532,6660,C=CCNCCCC(C)C=C
6533,6661,COC(=O)N1CCCCC1CCCCC(C2)=N2
6534,6662,C1CNC(N)=CC2SC=CC=C2C1Cl
6535,6663,OC=C(C)C=CC(C)C(=O)CC=CC=CS
6536,6664,CCC(O)C=CC=CSC1C=CC=C1
6537,6665,CCCCCC(C1)C2=CC=CC=C1C2
6538,6666,O=CC(C)NC(=O)NC=CC1=NC=CC=C1
6539,6667,CC1CCC(C=O)OC[NH1]CC1
6540,6668,C1CSC1(CNC(N)CC)SC#N
6541,6669,COC(N)C1=NC2=CC=CC=C2O1
6542,6670,CC(C)=C1C=CC=C(O)C1CCl
6543,6671,OC(Cl)OC(=O)OC=O
6544,6672,C=NC=CC1=C(Br)CC=C1
6545,6673,CCC1=NC=CC=C1
6546,6674,CC1NCC2(O)C=C(C)C1N2
6547,6675,CC(C)C(C)(O)C
6548,6676,CSC[NH1]C1CCC(C)OC1
6549,6677,CCC=CC1=CC=C(SC1CO)CO
6550,6678,OCC1NC(SC=C1)O
6551,6679,CC=NC(C)C(O1)(O)CNC=N1
6552,6680,CCCCCC(=O)CC(O)CC(C)=O
6553,6681,C1CCCCC1NC(=O)O
6554,6682,N=CCCC1(C)C[NH1]NN1N=O
6555,6683,C#CCSC=C(COC1=CCC=CCNC=NC1)OO
6556,6684,CCC(O)CCCO
6557,6685,SCC=C(O)C(=O)O
6558,6686,O[NH1]C=CC=CC=C(CNBr)COC
6559,6687,OCC=CC=CC(=O)CCl
6560,6688,C1=NC=C2C=C1C=CC=C2
6561,6689,O1CC=CC=C1C(=O)C(N)CNC=C2C=CC=C2
6562,6690,NCN1C(C)=CC=C1
6563,6691,CC(N)CCCC1C=CC=CC2=CC=C(CCl)C2=C1
6564,6693,C=CC1=C(NCCC2C)C(C)=CC=C2C1
6565,6694,CC=CSCCC=C1C=CC=CC=N1
6566,6695,CC=C=NC=CC=C(C)Cl
6567,6696,CCCC(=O)CC1NC2CCCC2NCC1
6568,6697,C=1C(C)C=1C=CC2=CC=CC=C2C=C
6569,6698,CC(N)C(=O)N=CC=C1NC=CC=C1C
6570,6699,COCF
6571,6700,C=C(CC)C=CN=C[NH1]C(=O)C=CC=C
6572,6701,CC#COCC=CC=C
6573,6702,OC=CC=C1C=C2C=C12
6574,6704,O1C=CC=CN=C(Cl)CS=C1
6575,6705,CC=CC=C(NC=CCCl)CF
6576,6706,CC(O)CNCCC1(C)CC=C1CC
6577,6707,OCC(=O)COC=CC=C1S[NH1]C=C1O
6578,6708,CCC1CCCC1NC=CC=C(CC)OC2=CC=CC=C2
6579,6709,CCN=C(C)C=CN
6580,6710,N1C=CC=CC(Cl)(O)OCNC=C1
6581,6711,C=C(C)COC=C(O)CC=CC=CCl
6582,6712,CC=C(N)NS(C)(C)(Cl)N
6583,6713,CCC1NC=CSCN=CC(O)=C1S
6584,6714,COC(O)C=CCC=CC=NC
6585,6715,N=C(N)C=CC(O)=NC=CC(=O)F
6586,6716,CC(=O)C=C(N)C=O
6587,6717,CCOC1CCOCN1C(=O)OC2C=C2
6588,6718,O1C(=O)NCCN1
6589,6719,C1CCCN1
6590,6720,COCCCCC
6591,6721,OC=O
6592,6722,C1C=NCN=CC2=CC=CC=C2NC1
6593,6723,CCCCCC1=CCCCC1
6594,6724,CC=CNC(N)(O)CCONCNCC
6595,6725,O=C(C)NC=CC=CC(=O)NC
6596,6726,CCC(C)OC(C)CCSC
6597,6727,C=CC=CC1=C[NH1]N=NC=CC=CCS=C1
6598,6728,C(=O)C=C1C2=CC=CS1C2
6599,6729,C1N=C1C=CCS2C(=O)OC2
6600,6730,CC=CC(C(=O)N=C[NH1]CO)COC
6601,6731,C1=CC[NH1]C=NC=CC=C1Cl
6602,6732,CC=C(CC=CC=C1)C=COC=C1CC#N
6603,6733,C1=C=NCC=C1COC=CC=C
6604,6734,CC=NC=CC=CC=CC=CCF
6605,6735,C1OC=CC=C(O)C1N=CC=NC=C
6606,6736,CC=CC=CC(C)N=C
6607,6737,NCSC=CC=CC=C(O)N=N
6608,6738,O=CC=CC=C1CC=CN=C1CNCO
6609,6739,C=C1NNOCCCCC=CCC1CCl
6610,6740,CNNC=NC=CC=C(O1)C=CC=CCC=C1N
6611,6741,N=1POCCN=NC=1CCCC
6612,6742,OC=NCCCC=NC(Cl)C
6613,6743,CCC(C)CNN=C1C(=O)N=C(C)OC(=O)N1O
6614,6744,C(O)C(=O)CCC
6615,6745,CC(C)CC(N)C1CC=NC(C)PNC1
6616,6746,CC(C)CC=NC(CCCC)N1C=C1C=S=C
6617,6747,CCOCPCCCC(CCC=O)CC
6618,6748,O=C=CC=C[NH1]C=CC1=CC=CC=C1
6619,6749,CCOC=NOCNC=C(O)C=O
6620,6750,O(N)C(=O)C(=O)OOC(OC(=O)C=C)C(C)=C
6621,6751,NCNCCCC1=C(C)C=NC=N1
6622,6752,CSC(=O)NOC=NC=CBr
6623,6753,N1=CC2(C1C=O)OC=N2
6624,6754,CC(C)=C(O)C=CN(N)C1OC(=O)NCN=C1
6625,6755,C(S)CC=CC=CN
6626,6756,CC1CCCC=CN=CC=CNNC1
6627,6757,CCCCC(CC)(N)CC
6628,6758,C1=CC#CC1SCCCCC
6629,6759,CSC=CC(=S)N=C(C)OC(Cl)F
6630,6760,O1C=C1Cl
6631,6761,NC=NC=C(C)C(C)N=CCBr
6632,6762,C=CC1=CC=C(C)C=CC=C1
6633,6763,CN=S1CC(Cl)=C(N)CC1
6634,6764,NC1CC(N)CC1[NH1]C2=C(C)ON2
6635,6765,CC1C(C#CCC1CCC2C=CC)=C(O)NN=C2
6636,6766,CCCCCCCCCC1NC=NN1
6637,6767,CCOC(=O)C1N(C)CNCCCCC[NH1]C=C1
6638,6768,N=CC=CC=C(CC=C)N1C=C1O
6639,6769,C=1C=NN2CCCCCCC2C=1
6640,6770,CCC=CC=CC1=CNCNCOCCC1
6641,6771,CC=C(C)C=CC=CN(C)Cl
6642,6772,NCNC(C=CC1=C(C)CCC)O1
6643,6774,COC=CC=C(C)Cl
6644,6775,N1C=NC(CCC)(C)CC1CCNCO
6645,6776,CCCCCCCC(=O)O
6646,6777,NCC=C1C=C(O)C(O)=CS1C(=O)O
6647,6778,COC=NC1=CCC=CC(C)O1
6648,6779,O1C(=O)NCCNC(N)=C(Cl)CN1N
6649,6780,C1CCCN1CCCCC=CC(C)(C=O)CN
6650,6781,OCC=C(N)C(=O)NCCC=O
6651,6782,OC=CCN=COC(=O)O
6652,6783,NCCNCCF
6653,6784,C=1C=C2C=1CC=NC2C=S(O)C
6654,6785,CC(CC=CC=CC=NCC=C)C=C
6655,6786,CNSC=CC(N)=C(CC)CCl
6656,6787,C1CC=C1N
6657,6788,N(C)OC(CNCCCC)CCC=C
6658,6789,C(C)CC(C1CC)CCC(O)C(ON)CC1
6659,6790,NC(C=C(C)O[NH1]CN)CCC
6660,6791,O=CC=CC=C=CF
6661,6792,CC=CC1=CN=CC=C1
6662,6793,CC=CC=C[NH1]C(=O)[NH1]
6663,6794,BrCC=CC=C1CCP(C)C12C(C)CCC2
6664,6795,N=1CC(=O)NC=1CCCN
6665,6796,N=CC=CC1=C(SF)CC(O)C1
6666,6797,C1C=NCCOC=CC=CC=C1CO
6667,6798,C1OC=C1OC=C2C=C3N=CC=C2C=C3
6668,6799,NC=CC=CC1C(O)=CC=C1
6669,6800,C1=CC1(CCCCC(Br)=N)CC=O
6670,6801,OC(=O)OC(S)C=S
6671,6802,O1C=CC=CC=C1CCCCC
6672,6803,NCC(=O)C=CC=C(O)CN
6673,6804,CNC(CCCl)C1=C(OC)CN=N1
6674,6806,COC(N1)C(=C)CC2=C1CNCC2
6675,6807,O=CC=C1C(C=CC=C1C)Cl
6676,6808,NC=C=C(CN1C=C=CC2=C1)C=CC(Br)=C2CN
6677,6810,CNCCN(C1)C=CC2=SN1C3CC2=CCS3
6678,6811,CCCCCC1=NC=CC[NH1]1
6679,6812,OCCC1=CC(C)=CC=C1NC
6680,6813,COCN(C)C(C)CC=S(O)C
6681,6814,C1CCCOC1COCC=O
6682,6815,CCC=C1C=C(O)C=NCC(=O)S1
6683,6816,CNCOCOCOCO
6684,6817,CCC1CNC=C1C=NCONO
6685,6818,CC(=O)C=CC(C1=CC2=CC3=C1C=N2)C3
6686,6819,CCOC=C1C2(C)CCCCCC=C2C1
6687,6820,C(=O)CC1OC=NC=C1C=CN=CC=N
6688,6821,CCCNC1=CCNCSC(C)=CC=C1
6689,6822,CC1COC(C2)=NC=CC=C2C1C
6690,6823,COCNC=CC=C1CC=CC=C1C2CC2
6691,6824,C1CC=NC(CCBr)C1
6692,6825,N=CSSN=C1CCSC=C1
6693,6826,O1C=CCC=NC=CC=CC1
6694,6827,CC(O)NC(C)=C(O)C=1C=C(F)C=C=1
6695,6828,CC1C(CCC1CCNCC=O)O
6696,6829,CCC=C(C)C=O
6697,6830,NN(C)OC(=O)O
6698,6831,C1CCN(O)C(O)C=C1CC=SN=C
6699,6832,CNCCC1CC(O)C=C1O
6700,6833,C1NC=NN=C1O
6701,6834,CCCNC=CC=C(O1)C(C=CC)=C1
6702,6835,N=CC(CC)OC=O
6703,6836,C1CC2=CC=C[NH1]P2C=CC=C1
6704,6837,O(C1=CC=CC=CC=CC=C)C=C1
6705,6838,OC=CC1=C2C3=CC=CN=C3C1N2
6706,6839,CN=NCC1=CC=CC=C2C=CC=C1C2
6707,6840,CCOC=CC1=CN=CC=C1O
6708,6841,OC(=O)C=C1CCCNC1
6709,6842,O=CNC=NCCCCC(C)C
6710,6843,CC(O)CCCCCCCCCC=C(C)C#CO
6711,6844,N1C=CC=CC2=CC=C(C)C=C2CN1
6712,6845,CNNCCC=O
6713,6846,CC=CC1=C(C)CC=CC=CC(O)N1
6714,6847,CC=C1C=CN=C2[NH1]C=CC=C2O1
6715,6848,N1CC=C(Br)C(=O)O1
6716,6849,O=CCCC(=O)OCC=NNCCCC
6717,6850,NC=CC(O)C1=CC=CC=C1C#C
6718,6851,C1OC(=O)C=C1CCCC(C)=CC=C
6719,6852,C(=O)NC(=O)C=CC=C[NH1]COC
6720,6853,CCC(C)=C1C=CC=CC1C
6721,6854,CCCCCCCCC(N)CC=O
6722,6855,C=NCC#CCC(N)C1=NCC=C1
6723,6856,O=C(O)C=CC=C(O)C#N
6724,6857,CCOSC(C)C1C(CC)CCC1
6725,6858,N(C)CCN(O)C(=O)OC(=O)OC
6726,6859,COS(CCNC=CC#CCF)S
6727,6860,C=CC1OC2=CC3=CC=C=C2C3C1
6728,6861,NCCC(C=C[NH1]CO)O
6729,6862,CCC(C1)CCCCC1C=NCC
6730,6863,C1CC=CC(C)=C1N
6731,6864,O=CCN(O)NC(=O)N
6732,6865,NC=CC=C(C)C=CC=CN=CC=C
6733,6866,OC=CNCOCCNCC(C)CSO
6734,6867,NC(C1)CCCCC1N=CC2=C(Cl)NCN2
6735,6868,N1NC=CC=CC=CC=C(Cl)C1=N
6736,6869,CC=CC=C(C(C1)(CC)C)OC2CC(C)=CC=C2C1=O
6737,6870,NCC(C)NCC(C)=CC1=CC(=O)C=C1
6738,6871,CN=C(C)CN=NNCCCCC
6739,6872,O=CC(C=NC=C1C=CC=CC=C1)C=NCO
6740,6873,OCCCCNC(=O)C(C)(O1)CNC=C1C=O
6741,6874,NC1CCCC=CC(C)=C1
6742,6875,C=C1C(C)=C2C=C1C=3NCCCC=3C=C2
6743,6876,CC1CC(Cl)(O)CC(O)C=C1O
6744,6877,CNOCSNC(=O)C(=O)C(=O)NO
6745,6878,OCCNC
6746,6879,FC=CC(N1)=CC=CC=C1C(C)CC=C
6747,6880,C(=O)=CC1(Br)CSN(O)OSN1
6748,6881,NC=CC=C(O)CC=CC(=O)CNC=O
6749,6882,O1C=CC=C1CCCNCF
6750,6883,N=CC=CCN=C(C1C)COC=C1O
6751,6884,CCC=C(C)CCC(F)C=CC=CN=C
6752,6885,C=CC1=C(CC=C)C=CCC=NN=C1
6753,6886,OCC(C)CC=CC=CC=CN=CC=CC=C
6754,6887,O=CCCC=CC=C
6755,6888,C=CC1C2=CC=C1CC=CC=C(C(O)C2C)CCC
6756,6889,N=C=S
6757,6890,C1CNP(C)CCC1N
6758,6891,C1CN=CC=C1C=C(C)Br
6759,6892,OOC=CCC(COSCO1)=C2C(Br)S1C2
6760,6893,C=1CC=S(O)CNCC(=O)C=1
6761,6894,CCCC=C(C)NC(=O)CC(OC)CCC=O
6762,6895,NCOCC#CC=N
6763,6896,C1C=CCC=C1
6764,6897,CCCCN=C(O)C=C
6765,6898,CC=C(CC)CCC1C=CC(N1)Br
6766,6899,CCC=C(C)NCCC=CCCC
6767,6900,COCC(=O)NC
6768,6901,C1OC=CC=C(O2)CNS1=CC=CN=C2OC
6769,6902,CC=CC(O)C1=CC=CC2=C1N=CCC2
6770,6903,CNC(=O)CCNCO
6771,6904,C=C(CC#C)C=CC=CC=C1N(N)C=C1O
6772,6905,O=CC=CS(NC1)C1(C)OC=O
6773,6906,CC=CC(=O)SC=CC=CC=C(OC)C=P1N=C1Cl
6774,6907,CCC=C(NC=C1C2=CN=CC)C2OC1
6775,6908,C[NH1]CNCCC(C=C1C)(N)CC1
6776,6909,CC(=O)C=SC=CC(N1)CC=CC=C1
6777,6910,CCC=CC=CN(C=SC1=CNCC)C1=C=C
6778,6911,CNC(=O)OC=CC=CC=CO
6779,6912,COC(=O)C=CN=CCOCCS
6780,6913,O=C(C)CNC=NC=CC=CC
6781,6914,OCCCCC(C)=CC=CCC#CC=C
6782,6915,NC(O)CNC(=O)O
6783,6916,CCCCC(C)=CC=C(CC(=O)C=C)CS[NH1]
6784,6917,CN=CNC(NC1CC=CC2=C1)N(C)CC2
6785,6918,CON=CC=CC=CC(C)(O)N=CCBr
6786,6919,CC=CC1=CC(C)(C)C1
6787,6920,C1N=CC=C1C=NC(C)O
6788,6921,CCCC1(Cl)C2=CC(C)CCC2(Cl)OC1
6789,6922,N1C2=CC1C=CC3=CC=CC=C3C2CC
6790,6923,CCCC(O)(C)CCCC1CC(=O)NC1
6791,6924,COC=CC(C[NH1]CNCCC)C
6792,6925,O=CC(O)CC=CC=N
6793,6926,OC=CCC(N)CC
6794,6927,O=CC=CC1=CC=CN=C1CO
6795,6928,NCOC=CC=CC#CBr
6796,6929,O=C(O)C=C1C=CC=S2C1C=CC=C2
6797,6930,N=CC=CC=CC=CC(C1=CC=C2C=C13)CC=CC=C3C2
6798,6931,NSCCCCCCOC
6799,6932,[SH1]1N=CN=NCOC1=O
6800,6933,C#CC=C(C)C(C)=CCCC1(O)CC=C1
6801,6934,S1C=CNC1CN=C2C(N)=CC=C2
6802,6935,C1NC2=CC=CC=C(Cl)C=C12
6803,6936,CCCNC=CC1=CCC=C[NH1][SH1]1=CCCl
6804,6937,CCC=NC(=O)OC(=O)S(C)CCCCC(C)Cl
6805,6938,CCC(C=NC=CC)=CCC=NC=C
6806,6939,CN1C(=O)OC2CSC(O)C(O)C1=C[NH1]2
6807,6940,C1C=CC=CC(O)=C(NC=C1)S
6808,6941,CC=CC(C=CC=C(O)N1)C[NH1]C=CC1
6809,6942,CNC=CC=C(O)C1N=C(N)C=C1OC#N
6810,6943,NCCC1CCCCN1C(CCl)=NC
6811,6944,C=CC=C(O)CCl
6812,6945,O=CC=C(Cl)C=C[NH1]C=C1C(NC)=C1NC=C
6813,6946,CC(=O)CCNC(O)C=O
6814,6948,CC(=O)C(O)C(=O)OCl
6815,6950,CC=C1CC(N)CC1
6816,6951,C=C1C=CC=C2[NH1]C=CC=C21
6817,6952,CCC(=O)NC(O)CO
6818,6953,O=C(C)OCC1CCC=CC=C1C
6819,6954,C1C(O)OCOC1C(=O)C
6820,6955,CCC=CC(C1)=N1
6821,6956,C=1(C)OC=NC=C=1
6822,6957,OCCBr
6823,6958,OCCC1C(CNCCCCCC12C)NCC2
6824,6959,CC1(C)CC2=CC=CC=C2NCC1(O)N=O
6825,6960,C1C2=CC=C1NNCC=NC=NC=C2
6826,6961,CCON(O)CNC(=O)C=O
6827,6962,NCCNC(C)=CCC1CC(F)OC1=O
6828,6963,O=C(C)OC(O)C1=CC=NC=C1C=C2C=C2
6829,6964,N=CC=CC(O)=CN=CO
6830,6965,NCCC1C(=O)C2=CC=CC=C2C=C1C
6831,6966,C1=NNC1N=C(N)NCCCOC
6832,6967,CCNCCC(C)CCO
6833,6968,C1C23CCC=C(F)OC2SNC1NCC3
6834,6969,NC1=C=C(C)C=C(C)C2C=NCC2N1
6835,6970,OCCCCC(F)C=CC1=C(OSC(C)=CN=C1)Cl
6836,6971,CCNC(O)CC(C)OCCC
6837,6972,N1=CC=C2C=CCC=C12
6838,6973,CCC(C)C(C)(P)S1C(C)C=CC=C1O
6839,6974,N1C=C[NH1]C#CC(N)C1=N
6840,6975,C=NCN=CC=C(Cl)N=CC=C
6841,6976,CCCC(N)=C(N)C1CC=NC=C1C=CN
6842,6977,CCC(=O)C(COC=O)=S
6843,6978,CNC=CC1=C(C)CC=C1C(=O)OO
6844,6979,CC(=O)OC(=O)N1CCCCCCC1C
6845,6980,CCC(N)=C(Cl)C(O)=CC(=O)OC(C)CC
6846,6981,CC(=O)N1CC=C(C)C1=O
6847,6982,CONCNC(C)=CC1(O)C=CC#C1
6848,6983,CSC=C(O)C=CCCC=C1C=C(Cl)C(F)[NH1]C=C1O
6849,6984,COC(O)CC1CCCC=C1
6850,6985,OS(=O)O
6851,6986,CCCC(NC1=CNCN1)C=O
6852,6987,CC=CC=CN(C)I
6853,6988,CCCCC12C=CSC=C1CCCN2
6854,6989,COC=CC=C1C=CC(F)=C1Cl
6855,6990,OC=CC(C)(Cl)C1C=CC=C1
6856,6991,CC=C(C)[NH1]C(=O)CCCCCC(C)C
6857,6992,COC(=O)NCC=NC
6858,6993,OOSC(C)(Cl)NC(O)O
6859,6994,C=NCOC(=O)COCCC(=O)CC(=O)O
6860,6995,C(=O)=O
6861,6996,O=CC1=CC=C2C=C1CCPC=C2O
6862,6997,C(O)Cl
6863,6998,CCNCC1CCCCC1=CC2=CC#CC=C2
6864,6999,C1C=C=C=C(N)CC=C1N
6865,7000,CCCC1C(=O)C(C)CCOOCOCC1
6866,7001,CC(=O)ON1CCCC(C)CC1
6867,7002,CCCCCSC1CCNC1
6868,7003,CN(C)C(=O)O
6869,7004,CCN
6870,7006,C=CC(=O)SC=O
6871,7007,O=C1C2(C)CCCC2N1CN
6872,7008,OC=CC=CC=NN=CN=CN=NC=CC=CC=CC1=CC=NC=N1
6873,7009,CC=C(O)CCOC=CC(NC)C(=O)OC
6874,7010,C=CC=C(O1)C=C=C2C=C1C=N2
6875,7011,O=C1C(Cl)CC1SC(Cl)C
6876,7012,C1(=O)C=CC1CNP
6877,7013,C(C)OS(=O)CCC(N)=C
6878,7014,C=NC=CC=CC1=C(C2NCCC)C2=N1
6879,7015,NC=C1S2C3=CC4=C1CC3CC2=CCC4
6880,7016,NCNCCC(=O)NCCNC(=O)O
6881,7017,CCSNCNCCCO
6882,7018,CCC(O)C1NCCNC1CCO
6883,7019,CNCCC(=O)OC(=S)NO
6884,7020,CC=CC=CCC(N)C1=CC=NC=C1C
6885,7021,OC(N)CCCCN
6886,7022,CC=CNC(=O)OC(O)SC
6887,7023,O=CC(C)=CC(=O)OC(=O)[NH1]
6888,7024,CCCC(=O)C1NCCCCNC=CCC=N1
6889,7025,CCC(C(=O)CCC=O)C
6890,7026,CCC1CCCN2C1=NC=N2
6891,7028,PCOCC(Cl)(C)CCC=CN
6892,7029,OC(C=NC=CN1)=N1
6893,7030,CC(=N)N(C(C)CCC=CO)C=C
6894,7031,CCC(C)=NNCC(=O)OCCCC
6895,7032,CC(=O)CCC=CC(Br)=C(Br)C=CC(=O)C=CC#C
6896,7033,CCCOCC(C)(C)C=NN
6897,7034,CCNOCC1OC=CC=C1CO
6898,7035,O=C(CCCC=CC=CC=CC=C)CF
6899,7036,C1CCCC1COC=SC=CC=C
6900,7037,CCCCOC
6901,7039,C1C2CCCC2C=CC=C1
6902,7040,CC(=O)N=CC1=CC=C(C1=CC)C
6903,7041,CC(=O)NNCC(=O)O
6904,7042,CC=CC=C1C=C(F)C=C1C
6905,7043,C=1C=CC=C(C=1C=O)O
6906,7044,COC=NCCCCN[NH1]C=NC(C)C=C
6907,7045,C=CC(O)C1(O)C=CC=C1O
6908,7046,C1C=CC1COC(C)C(O)C=N
6909,7047,C(N)CCOCC1NN=NC=CC=C1C=CN
6910,7048,CCC(O)SN1CC=CC=CC=CCC=C1
6911,7050,COC(O)S(=O)C=CC=NC(O1)=C1O
6912,7051,OC#CC(C=CC)(NC)CC=C1C=C1C=S=[PH1]
6913,7052,S=CC=C(C)Br
6914,7053,C=CC=C(C(C)N1C=C=C)O1
6915,7054,CC=C=C(O)C=CC
6916,7055,CCNCC1C=CC(C2)=C1C=CCC2=C
6917,7056,CCC(=O)NC(C)F
6918,7057,CC(C)CC(P)CCCCC(=O)CCl
6919,7058,CCCCC(CCCOC1=CN)=CC=C1
6920,7059,CCCCC1=CC=CC=C1NO
6921,7060,SCOC=C1C2=CC=C(Cl)C2C3CC1C=CC=C3
6922,7061,C=NC(CCNCC=S)=SO
6923,7062,N1CC(O)C=C1N
6924,7063,C1CC1CC(C)C2CCCC=C2
6925,7064,NC=C(N)CC(=O)C1=CC=CC=C1
6926,7065,CC=CC=C(CC(C)N=C(N)C)CC
6927,7066,CCC(=O)CC(=O)CCCNCCN=C
6928,7067,CC1C=NC=C(Cl)C1
6929,7068,NCCCNC
6930,7069,CCC=CC(Cl)=S(O)O
6931,7070,CC=C1C=CC=C2C(=O)N=C2CC1
6932,7071,C1CC(N1C(=O)N2N3C=CC=C2CC)C3
6933,7072,CN(CCC=CC(C)C)CF
6934,7073,CC=CC=C(NC1I)CSC=C1
6935,7074,NS(O)[NH1]C=NCON(C)O
6936,7075,C=C(C)CC1C(C)C=CC(O)C=C1
6937,7076,CCNCCNC(C)C1CCCC1(C2)C2
6938,7077,CN(C)CC(O)CC=NC(O)CCOCCC
6939,7078,C1C=CC(C)CCCC=N1
6940,7079,CC(CCCC1(C)C2C3C)N1C2C3C
6941,7080,C=1CN2C3C=1CC=CC3=CSCC2N
6942,7081,CNNC=SC=CC=C(O)NCCC
6943,7082,O=CC(O)C=C(C1)N=CC=C2C=C1N=CC=C2
6944,7083,C1CCCC(C)=CC=C1C2OCC=CC=C2O
6945,7084,COC(=O)C1=CC=CC=C1C(Cl)=C
6946,7085,CC=CC=CC1=CCCCC1
6947,7086,C1C=CC=CN=C1NNCCC
6948,7087,OC=CC=CC
6949,7089,O1C=CC=CC(N)N1Cl
6950,7090,CC(C)[NH1]C(C)OC=CCC
6951,7091,CCOC
6952,7092,CCOCOP=C(NC)CCCC=C1C=CC=C(Cl)C1
6953,7093,COC=CC=C(C=CN(C)O1)COC=CC=C1O
6954,7094,C(N)#CC(=O)C=CC=CC
6955,7095,C=1CCCCCC=1C
6956,7096,NC(C)CCOC=CC1=CCOC=C1
6957,7097,N=CC1=CC2=CC=CC3=C2CCC31
6958,7098,CNC(=O)N
6959,7099,C1=CCNC(=C)CCC=N1
6960,7100,C(=O)CNCCCSC=C1CSCCC1=C
6961,7101,C(=C)C=C(CC1)C=CCNC=C1N(O)O
6962,7102,NC(=O)N=C1SC(=O)NCC=CC=C1OO
6963,7103,O=C(C)CC1=CC=NC=C1
6964,7104,CCSN=NCCCOC(=O)COC=C
6965,7105,OC=CC=C(O)CCCC
6966,7106,C1CNCCCCCCCC=C1C
6967,7107,N1=CC=CC2=C1C=CC=C2CN
6968,7108,O=C(C)OCC#CC1=CCCCN1
6969,7109,COOC=NC(CN=C1)C=CN=C(Cl)C(N)C1
6970,7110,S1=C(CC(C)C(O)O)CNC1
6971,7111,C(CN1C(C)=CC=O)=C1
6972,7112,CCCC1OC(O)CC1O
6973,7113,C=1CN=1
6974,7114,CCC(CCC(C)CCC)OC=CC
6975,7115,C1CCC=C(C)NCOC(C)C1OCC
6976,7116,C=CC(C1)=CC2=CC=C1CCC=CC=CS2
6977,7117,CCC(C1=O)CNN1
6978,7118,F
6979,7119,CN(C)C(C)C=NOCBr
6980,7120,CCCCNNC=O
6981,7121,CCC(C)CCCNC(C)C
6982,7122,NC(=O)NC(N1)C=NC=C1N
6983,7123,O=C(O)COC=CC#C
6984,7124,O=NC(N)C(Br)=C1C2=CC=CC=C2CC1S
6985,7125,CCCC(C)F
6986,7126,C1CCCCNOC(=O)NC1
6987,7127,C1C(=O)C(C)CCCCC1
6988,7128,O1CC=CC=CC#CC#CS=C1
6989,7129,OCCC=CC(N)C=CCC
6990,7130,C(=O)C=CC=CC=C(O)O
6991,7131,C(C1=O)#CC=C1
6992,7132,CC(=O)CCCOC=CC(N)C=C
6993,7133,C1CC=CC=C1C=C2CCC=CC=N[NH1]2
6994,7134,CCC(C)OCCNC
6995,7135,CCCCCCCSC=CC1=C(C=CC)C1F
6996,7136,OC=CC(C)C=C=S=O
6997,7137,CC=C(O)C=CC=CC=CC=C
6998,7138,CCNNNC=CC(O)=C(C1CC=COCN1)C=N
6999,7139,N(N)C=CC(C)CCCOC=C1NCC=N1
7000,7140,CP(C)CCCCC
7001,7141,CC[NH1]C=CC1(N)C(=O)CC1
7002,7142,CC1=CCCC=CS(N)=CC=CC=C1
7003,7143,CC=CC(N)=CC1=C(Br)C=CC=C1
7004,7144,CC(O)CCC=CN(N)CSC=C1C=C1
7005,7145,OC(=O)C=C1C=CC=CC=CC=C(Cl)C1
7006,7146,CC=CC=CC=C(CC=N1)C=CC=CC=N1
7007,7147,CC=CC=CN=C(N)CCNC#N
7008,7148,NCCCCC=C1N(O)CNC=C1C
7009,7149,CN1CCCPOSCC2CCCC21
7010,7150,CCCCCC=C1C=CC(O)O1
7011,7151,CN=CC=C1C(C=C2C)=C1C(O)C=C2
7012,7152,CC=CC=C(N)C(=O)N=C
7013,7153,C#CCCCCCC1C=CC=CC=C1CO
7014,7154,COCN=C(Br)CN=CC=NC=O
7015,7155,NCOC#CC=CSC1=CC=CC=C1F
7016,7156,CCCCCCCC(C1)C(C)(C=CC)C1N=N
7017,7157,CCOC=C(C)C(C)C=CC(C)C
7018,7158,COC=CC1=CN=CC=C1C=CC(C)CC
7019,7159,OC=CC1C=C(C(N2)C=CC=CC2)C1
7020,7160,NC=CC=C(N)CC(C)C#N
7021,7161,NC(=O)NC(F)C1CCCCC1
7022,7162,C1CCCC(=O)[NH1]1
7023,7163,CC(=O)N(O)C(=O)CC(N)=CC#C
7024,7164,C(CC1C=C(O)CC)O1
7025,7165,CCC1CC(C)CCOC1
7026,7166,CC=NC1=CC=C(N)C(=O)CNCCC1
7027,7167,C=CC(N)C(=O)OC=O
7028,7168,COC1=CC=CC2=CC=C(O)C2=N1
7029,7169,CNC=NC=CC(C=C1CN)C=C1
7030,7170,NCOC=CC=CN1CCOC=CCC(=O)CC1=O
7031,7171,CC=CN(CNC(C1)CC(Cl)=C1)N
7032,7172,C=C(C)CCCNC=CC#CCl
7033,7174,NCC(O)OC
7034,7175,NC=SC=CC=CCl
7035,7176,C=C(C)CCC(=O)[SH1]
7036,7177,NCC(=O)C(C)Cl
7037,7178,C(=O)SC(S)=CC(C1)=CC(Br)CC1=C
7038,7179,CN(N)OC=NC=C(N=CNF)CCl
7039,7180,O=CNCC(=O)N1CCCOCCC1
7040,7181,CC(C)=CCCC(=S)N=NSC
7041,7182,CCC=CN=CN=C1CC(C)=CC=C1C=C
7042,7183,CCCCC=C1C(C)SCC1O
7043,7184,S=C(O)C=CCN=C(N)N1C=CC=C1
7044,7185,C(=O)N(C)C[NH1]C(C)CCC(=O)O
7045,7186,COCC(CCCC=NC=C)C(=O)[PH1]O
7046,7187,CCCCN=CC
7047,7188,COC1=CC2=C3C=CC=C2C3C1O
7048,7189,CN(CCNC(=O)CCC1C)SCC[NH1]C=CC=C1
7049,7190,C=CCC(N)=CC=C
7050,7191,CCCCC(=O)CC(O)C=CC=NCC=CC=C
7051,7192,C1CCNCC1=C(O)C
7052,7193,C1CC(S)CNCCC1=O
7053,7194,O1C(C)=C2C=C(C)C1(C)C(S3)C32
7054,7195,CN(C)CCOC
7055,7196,C1C(=S)NCC1N
7056,7197,CN=C(OC)CC(N)C(C)=CCCO
7057,7198,O=CC1(N)C=CC=CC1(F)C
7058,7199,O1N[NH1]CC=C(N)C=CN=C1
7059,7200,OC=CC1=C(N)CCC1CNO
7060,7201,NCC=CC(C)OCCNC(C)F
7061,7202,CN=CC=C(C)C=O
7062,7203,NC(N)C(O)OCOC(=O)O
7063,7204,CC=CCCC=NC=C[NH1]C(=O)O
7064,7205,CC=NNC(C(=O)C)NC(=O)NC1C#CC=C1
7065,7206,O=CSC(=O)OC(=O)O
7066,7207,CCCCCCC=NCC(O)C(=O)O
7067,7208,NCC1CCSN=CC=C(C)CC1
7068,7209,C1=NC(F)C=CC=CC=C1ON
7069,7210,NNC(CCO)=C(C)ONCOCCC#S
7070,7211,CC=CC=CC(=O)C1=CC=NC=C1SN
7071,7212,NCC(C)(C)C=O
7072,7213,C1C(O)C(=O)CNC(C)(O)C1O
7073,7214,CCC=CC(C1=C(O)C#C)C=CC=C(N)C1
7074,7215,CC(=O)NC(C)OC(=O)OC=O
7075,7216,O1CC(C=NC)(CN=C1)C=CCC2=CC=C=C2Cl
7076,7217,COCS1C=CS=CC=C1CCCNCO
7077,7218,C1CC2=C=C1C(C)NSC2C3=CC=CC=N3
7078,7219,C1=CSC(=O)O1
7079,7220,N1=COC(N)CSC=CC=CO1
7080,7221,OC=C[NH1]C=C(O)CC1CCCC1
7081,7222,CNN(C)NC=NC=CCC#N
7082,7223,OCCCC1C(O)CCCCCCCC1C=O
7083,7224,O=C(OC=C)CC=C1NC=CC=C1
7084,7225,CCCCC(C)SCCCC1N=C1
7085,7226,CCNC(C)=COC(C)(C)CO
7086,7227,C1CS(CC)=C1CC=C2CCCC2
7087,7228,CCCSCCOCCC
7088,7229,C1C=NC=CC=C(Cl)NC=C1
7089,7230,NC(=O)CC(C)C(O)NCC=CCSO
7090,7231,CC(O)C(N)CNCC1C(F)CC1=O
7091,7232,CC=CC=C(O1)C(O)C=N1
7092,7233,CC=NCN(C)C1CCCCC1
7093,7234,NC#CCN(Br)CC=CC
7094,7235,CC(C=NS1C=O)=CC2=CC=CC=C=C21
7095,7236,N[NH1]C(=O)CN=C(C=CC=C1C2=CC=N2)C=C1
7096,7237,O=C(O)C=NCNC
7097,7238,CCC=CSCCC=CCC
7098,7239,NCC=CC=CC=C(CO)CNCCC1CC1O
7099,7240,C1=CC=CC=C1CC2C3C=CC=C2O3
7100,7241,CC(C)(C)C1CCC(F)C=C1C
7101,7242,CC=C(N1)C2(N)CCCCCCCCC1CC2=N
7102,7243,C=CC=C(O)C(=O)N=CC=CN
7103,7244,C=1CC2C=1C=CC=CC(=O)C2
7104,7245,O=CCOCCCO
7105,7246,CC=1CC(N)SCN2CCCCC2=1
7106,7247,CCCC1CCCN=C1
7107,7248,ClOCC=C1[NH1]C2=CC=CN=C2C=C1
7108,7249,CC(O)OC=CC=C1[NH1]CNC1
7109,7250,C=CCCCCC=CC=C
7110,7251,CC=CN=C(C)OC(=O)CCCC=C
7111,7252,C1OCCC(C)(N)CC=C1
7112,7253,CCC(C)CCC(Cl)CCCC
7113,7254,OC(C)NCCC=CC=C1C2=CC=C3N=C2NC1C3
7114,7255,CNC(N)=CC1NCNCC1=O
7115,7256,O=CC=C1C=CC=C(Br)C1OCO
7116,7257,COCNC=CC1=C(C2=CC=CC)C2CC=NC=C1
7117,7258,C(C1=O)CC(=O)NC=NCCC1
7118,7259,CN=NCOC(I)(C)CCC=C
7119,7260,CCCNCC=CNCCC
7120,7261,NCOC=CCC=CC=CC(=O)CF
7121,7262,CC(C)NSCC1=CC=CC=C1O
7122,7263,OC(=O)OC=CC1=CC=C(CCl)CNC1
7123,7265,CCOC=CC=CC1=C2C=CC=C1C2
7124,7266,CC(CCCC=CN=C)(Cl)NI
7125,7267,NCC(O)COCOC=NCOCC
7126,7268,OCCCCC(=O)NC=CC1=CC=CC=C1
7127,7269,CC(=O)OC=NC=CC=C
7128,7270,CC1C2NCCCCC(C)N21
7129,7271,CCC(C)C1NCCCC1CC2CCC=N2
7130,7272,C1=CC=CC=C1OC=NCNNCC
7131,7273,O=C1SC=COC1
7132,7274,CNC(=O)CC(N1)C=C(C=CC=CC=N)CC=C1
7133,7275,CC(C)CCN(C)CCNC=CC(=O)C
7134,7276,C12CN=NCC=C1ONNCCN2
7135,7277,OC#CCCCCC1(C)CCC1CC=CC=CC
7136,7278,CCCCC=C1CCC=CC=C2C=CC=CC2N1
7137,7279,OCCCC=C(C)O
7138,7280,CC(=O)NC=NC(=C)C=CC1=CC=CC=C1
7139,7281,C=CSC=CC=C1C=CC=CC=C1Cl
7140,7282,CNCC=1C=CC(=O)OCCC=1
7141,7283,CC(C)(C)SNC=NNC(C)=CSC
7142,7284,C=CC=CN=C(Cl)C=C[NH1]
7143,7285,CCC=CC1=CC=NCC=N1
7144,7286,CCC1CCOC=C1C=N
7145,7287,C=1C=NCOC=1C=CCCCCC
7146,7288,CNC(C)C=CC=C1C2=NC=CCC(N=C)C=C21
7147,7290,NC=SC(F)(O1)CC(=O)OC1
7148,7291,CCC#N
7149,7292,CCCNC=NC=CC=CC=COO
7150,7293,CC(=O)CCCCOC
7151,7294,CCC=NC(N)C(C)NC1CCNCC1
7152,7295,C=CCCCC(=O)CNC(Cl)=CC=C
7153,7296,O1C(=O)NN1O
7154,7297,CCCC=CCC=N
7155,7298,C(O)CNC=CC=C1C=CN=C1C#N
7156,7299,O=CC=C(O)C1CC[NH1]CC1=S
7157,7300,CCC(C)C=CC(=O)OC=O
7158,7301,CC(O1)COC[NH1]C1C2SC=CC=C2
7159,7302,OC(N1)C(P)CCC1
7160,7303,NNCOC=CC1=CC=CC=CC=N1
7161,7304,CN=CC=C
7162,7305,CC(C=CC=NC1)=C1C
7163,7306,O=C(C)NC=C1C(O)C(F)(Cl)O1
7164,7307,CC=C1C(C=CC=CC=COC1)N
7165,7308,COCCC=CC=CC=C1S(S(N)=C)C=C1
7166,7309,C1NC=NC12C=CC=NC=C2O
7167,7310,CNC(CCCCC)NCC(N)OO
7168,7311,CCCC1CC=C(O)C(Br)C=CSSCC1
7169,7312,C=C(NC=NC=C(C1)NN=C)C=C1C=CC2C#C2
7170,7313,C=CC=CC=CC=CC=CC(C=C)(F)I
7171,7314,C1CCCO1
7172,7315,NCNN=C=CC(N)=CC=CC=CC
7173,7316,CCCCCC1CNCC1CCCI
7174,7317,CC(N)C(C=CC=O)C=CC1=CC(=C)N=C1
7175,7318,NC=CC(C)=C(Cl)CC=NNC
7176,7319,CNC(O)=C(C)C(O1)=NC(P)=CONC=C1
7177,7320,ClOC=C=C(N)C(=O)PCC(C)CC
7178,7321,CCCNCCC[NH1]C=NC
7179,7322,NCSC(=O)OC1=CC=CC=C1N
7180,7323,NCCCC=NC(C)=CC=CC=N
7181,7324,OC=CC(=O)O
7182,7326,C1CC(C)(C2)CCN=CC=C1C2CO
7183,7328,C1CC=CC2=CC=NS2C=C1
7184,7329,CC(SC)CN1C2CCCCCNC1C2
7185,7330,O=C(N1)CCCCCC2C=CC=CC2N1
7186,7331,OC=C1C(O)CC(C)C1(C)C=NO
7187,7332,COC=CC(=O)CN1C=CC=CC=C1
7188,7333,O(O)CC1(C)C2CC1=CCC2
7189,7334,O=C(C)NC(C1)=CC=CC=C(Cl)C1=O
7190,7335,O=CNC(=O)N(O)CCNCC
7191,7336,C12=CC=CC=C1CCN2
7192,7337,CNOC=CCPN(O)CCC
7193,7338,C=1OC(=O)NC(=O)NS(O)C=1
7194,7339,C1OS1C(S)CCC=CC
7195,7340,CC=CC=C(C)CCCCCC
7196,7341,CC=CC=C1C=CC=CC1
7197,7342,CC(O)OC=C1C=C(O)C=C1C=C
7198,7343,CNCCC(C)C(O)COCCC=N
7199,7344,O=CN=C(O)CCC=C
7200,7345,CC(C)OCCOCCC1CCCC=C1
7201,7346,OCC=NCC(CC(NC1CC1)C)C(C)=O
7202,7347,CS(Br)C(O)(NCO1)C=NC=NNCS1=N
7203,7348,COC(O)C=C(C1)CCOC=C1
7204,7349,NC(=C(C)CC1C=CNC1)CNCC(C)(C)SC
7205,7350,NCSC(=O)O
7206,7351,CCOC=NCCCC1(C)CC=CC1=N[NH1]C=N
7207,7352,C1CNC(=O)N1C
7208,7353,CCCC(N)CC=1CC=1O
7209,7354,CCSC=C(O)C=O
7210,7355,OS(C)=NC(N)NCC1C=CC=C2C=C1SN2O
7211,7356,C(=O)OCCC1(N)COC1OC
7212,7357,CCNCCOCCC1(O)C(O)C1
7213,7358,C1CCC1
7214,7359,CCCC(=O)OCCCCl
7215,7360,NC(C)[NH1]C=C1C(COCCl)=CC=CC=CN1
7216,7361,CC=CC(Cl)(O)C=CC1CC23NC1NC2=C3
7217,7362,OC=CC=C(F)N=CC(C)=NC
7218,7363,NC=CC=CC=C(OC1)NCCCCCOC1=O
7219,7364,CC(O1)C(=O)N2C(N)=CN=C2C=CC=C1
7220,7365,CCC1C2C(CC3=CC=C)C=C3COC1=C2
7221,7366,NCC(=O)NC(=O)O
7222,7367,CCCCCN1NCCC1C=O
7223,7368,C=NC(NC=CN1CN)C2CC(O)=CNC2CCN1
7224,7369,C1OCCCCC(C)C=CCS1OC
7225,7370,N(=O)OCN(O)CN1CC=CC1S=C
7226,7371,CC=CC=C(C)CC(C)=CCC(C)CO
7227,7372,OCOC(C)OC=NC=CCOC1=CC=CN=C1
7228,7373,CC(=O)CNC=CC=NCO
7229,7374,C(C)=CC1=CC(N)C=N1
7230,7375,CN=C(C)C=CC=C(Br)CBr
7231,7376,N=CC=CC1=CC(C=N)C=C(O2)C2=CC=C1
7232,7377,NCCC(=O)C[NH1]CCS(C)O
7233,7378,CC=CCC=CC=CC=C(N1N)C(C)CC1C
7234,7379,C1N=CC=C(CCl)NC=CS1
7235,7380,CNCCC=CC(=O)N=CC=O
7236,7381,CC=NCCC#N
7237,7382,CCNC=C1C=C(N)C=C2C=C(Cl)N12
7238,7383,NCC(=O)C1NCCC=C1
7239,7384,O=SOC(C)OC(=O)CO
7240,7385,CCCC(C)SC=CC(=O)OC=C(C)CF
7241,7387,CCN(C)C=NNCC(=O)O
7242,7388,CCC(=O)NCOC1NC(=O)NC=NCN1CN
7243,7389,CCC=C(C)N=C(O)C=NC
7244,7390,NC=CC(C1)(N)CC=C[NH1]1
7245,7391,OC(CN=NC=CC1=NC)=CC=CN=C1
7246,7392,CCNOC#N
7247,7393,CCC(=O)CC=CC=CN=CCSC(=O)OCO
7248,7394,CCOC(C)(C1)C=CC=C1C2SCCC=N2
7249,7395,C=1=C(C=1CC)CCCCN=CC=CC=C
7250,7397,C1(=O)C=C1OC=NC=CC=C2C=CCC=C2C=C
7251,7398,C=CC=CC=C(CCl)CNCC=CN=C
7252,7399,O=CC(Br)C=NC=COC(F)=C
7253,7400,CC(=O)C(C=NCC1OC2)NCC1C=NN2
7254,7401,OC=CC=C1N=CCSC=CC=C(C)C1
7255,7402,CC(C)C=CC1=C(Cl)CC=C=C1O
7256,7403,CCOC=CC=C(C1)OCOCC1
7257,7404,C=12OC=1SCCC(N)C(=O)O2
7258,7405,CCNC=C(C1=CC=CC=C1CC2)CC(=O)CC2
7259,7406,NCC(CNCCCCCCC1CC)CC1
7260,7407,C1CC12NCCCNC(=O)CCC2O
7261,7408,NC(C1)(O)C=CC=C(O)C=CS1
7262,7409,C1OC(=O)OC1C=CC2=C(F)OCNCCCC2
7263,7410,C12C3OC(=O)CCCCCC1=C2C3
7264,7411,C1C=C2C=C1C(=O)CNC2
7265,7412,C=CC=CC(CCCC=1C=C)(CC)N=1
7266,7413,CC12OCCC1C=CC(Cl)NCS2
7267,7414,CCCCCC1CC=NS2C(=O)OC=NC=C1C2=C
7268,7415,N=CC(C=CCCCNC(O)C)=NN
7269,7416,NC=COC(=O)NC=S(C)F
7270,7417,CC(N)C=NC(O)CC(CO)CN1C=N1
7271,7418,C=C(C1C=CC)CC1CN=C
7272,7419,O=C1C=CC=CC=CN=C1Cl
7273,7420,N=C=C(N)[NH1]C(=O)NC=CC=CN
7274,7421,NCOC=CC=CCCC(C1)CC=CSC=C1
7275,7422,CCC(C)CCCC=CC=CC=CC=CCC#CON
7276,7423,CCCCC(C)CC(=O)O
7277,7424,CC=CC(O)=C(O)SC=CON1C=CC=CC=NC1
7278,7425,CCN(O)C(C1=C2CCCCC)CNC1=C2
7279,7426,O(C)C(F)N=CCNC1CC(=O)C#CC1
7280,7427,CCCCCC1SCC2CCCCC2C1S
7281,7428,CC=C(N)CCCCC=NC1CN1OO
7282,7429,N1C=CC=CC2=CCC=C21
7283,7430,CC(=O)NCCC(=O)Br
7284,7431,NCCNCCCCCCCN=C1C=CC=NC=C1
7285,7432,C=1COC=CC=C=C=1
7286,7433,SC=CN=C(CC=CC=CC1=C)C=CC=C1
7287,7434,C1C(=O)OCC=CC=CC(F)N1C
7288,7435,C=CSC1=CSCNN1
7289,7436,CCC(N)CC1=NC(=O)O1
7290,7437,COC(N)C1(O)CCCO1
7291,7438,N12C=CC=C1C=CN=CC=CC=CN2
7292,7439,OC=CCC(=O)OCO
7293,7440,C1C(N)C(=N)NCCOC=CC=C1
7294,7441,NC=CC=CC=C1C=C[NH1]S=N1
7295,7442,O(O)CNC(=O)NC=NC(N)=N
7296,7443,NC(C)C=C(C)NCCC
7297,7444,N1C(O)C1CC(=O)NOC=CC(=O)O
7298,7445,OCCC=CC(C)(F)Cl
7299,7446,CCCCC(=O)CCCN=O
7300,7447,OCCC(C)CCCCC=NCCCl
7301,7448,CC=CCN=S(N1)C1=O
7302,7449,C1(C=C(C)C)=CC=CC(O)C1
7303,7450,N=1C=NC=CN(NC=1C(=O)C)CCCCC
7304,7451,CCCCCS(C)=CC=C
7305,7452,CCOC(=O)COC(C)C=CC=CCl
7306,7453,NN=CN=C(O)C=CN=CCl
7307,7454,CSC(=O)C=CC=C(O1)N=CC=C(Br)C1
7308,7456,C1#CCC=CNCCC(N)CCC1
7309,7457,C1C=CC=C(Br)C=C(Cl)C1Br
7310,7458,CCN(C)NC=CCCCS1C=CC=C1
7311,7459,CCCC(C)(O)OC=O
7312,7460,NC#CCCCCCC(CNC)=S
7313,7461,C1CCCCS12C(C)CC2Cl
7314,7462,O=CC=C(O)CC(O)S1=C(C2=NC=C1)C=NCOC2
7315,7463,C=CC(C)C(C)(C)CCC#CC(=O)O
7316,7464,O(CN)SN=CN(C=CC=CC1=N)C=CC=C1N
7317,7465,CN(C)C1C=C(CNC=O)OC(Cl)=CC=C1N
7318,7466,C1(C)OCCCC(=O)NC1C
7319,7467,COC1=C(CCC(=O)NC=CI)CC#C1
7320,7468,C1OC=CC=C(N)SC(=O)O1
7321,7469,CCCCC1(CC(O)=CC2)CC(C)C2C1O
7322,7470,C1OC=CC=CC(C=COC)NC=C1
7323,7471,CCCC=C1CC=C2C=C1ONC2
7324,7472,C=CF
7325,7473,COC(=O)CCC1SC=C(Cl)C=C1
7326,7474,CC=NN=C1S(O)C(O)C=C1
7327,7475,C(C#CNCCCC=NNC1)CCCN1
7328,7476,OCNC(C)=CC=CN=CC=N
7329,7477,CC=CC=C(N)N=CC1=CCCN=C1C
7330,7479,CCCCOCSC=NCF
7331,7480,NCCOC=NN=C1CCCC1CC
7332,7481,CN(O)CC=CC1=CC=CC=C1N
7333,7482,NOC(=O)CCCC1=NC=CC=C1
7334,7483,CCC=CC=C(C)CSC=C(CCC)C
7335,7484,NC=CCC1=C(C)N=C1C2=CC=CC=C2
7336,7485,CCCNCC=CC1=CC=CCC1CNSO
7337,7486,CCC=CC(=O)N=CO
7338,7487,C1C#C1
7339,7488,NC(Cl)CCCCCC1CC2CC1CC#C2
7340,7490,O1C(=N)N=CC=CC=N1
7341,7491,NOCC(O1)C(=O)C2C=C1CC2CO
7342,7492,SC=CSC=CC=CBr
7343,7493,C1CC=C(N)C(=O)NCCCCNC1
7344,7494,NC(C)CNCCNO
7345,7495,CCC(C)CC1CNC(C)C=NN1
7346,7496,CCCCl
7347,7497,C1OC1CCCC2CCCCOCC(Cl)CC2
7348,7498,CCOCCC(S1)=CC=C(C)COC1=C
7349,7499,C(C=NC(C)C=CC=C=CC1=CBr)=C=CC=C1N
7350,7500,CCNC(=O)OCCCCC=C
7351,7501,CC(=O)CC=CC=CCCl
7352,7502,CCC(C)CCCCOC=O
7353,7503,O=CC=NC=CC=CCCCl
7354,7504,CCCNCNCCN1CC=NC=C1NC=S
7355,7505,COC=CC(C1CC)C(Br)=C1Br
7356,7506,CCCC(=O)NC1S(S)CCC1
7357,7507,O=C(C)CC(=O)COC=CC(O)=O
7358,7508,CC(S)(Cl)NC=NC(OCOC=O)O
7359,7509,CCC(=O)CNCC=N
7360,7510,OC=CC1=CC=CC=CC=C1Cl
7361,7512,CCCCN=CC=C(F)C
7362,7513,NC=NC1CCCCC=NC=CC(C)(O)C=C1
7363,7514,CC=CC(C)C=O
7364,7515,OCCC(=O)N=CO
7365,7516,C1C(O)C(C)C1CCCC
7366,7517,C(C)N(C)CCNCC#S
7367,7518,CCNCNC(=O)CCCNC=CCC
7368,7519,OC=COC=CC=CC=O
7369,7520,OC(Cl)C=C(CC1CC=CS)C(N)C=N1
7370,7521,CCC=CC=CC=C(Cl)CCCl
7371,7522,CC1C(C)CCC1O
7372,7523,CCC=CC1N=C[NH1]C=C1S=CO
7373,7524,C1C(=O)CO1
7374,7525,C12OC=CC3=CC=C1CC3C2
7375,7526,CCCC1(O)C(C)CCCS1
7376,7527,CONC=CC1=CC(O)C(Cl)=C1
7377,7528,NC=S(N)CC1NC=CC=C1
7378,7530,C1=CC(N)C=C1C(C)CC[NH1]C2=CC=CN=C2F
7379,7531,NCC(N1)NOC(=O)NCOC1C(F)C=CC=CC=CO
7380,7532,CCN(O)CCCC=C1C=CCNC1
7381,7533,O=C(N)CC(=O)C=CCO
7382,7534,CC(O)[NH1]CC(=O)CC(C)=NN=C
7383,7535,O=CC=CC(Br)=CC=NC
7384,7536,CN=CC(O1)C=CC=CC=C1Cl
7385,7537,NCCC1(C)C2C3C1CNC2C=COC=CC=CC=N3
7386,7538,CCC(=O)CCC(C)Cl
7387,7539,O=C(C)C#CC
7388,7540,C1COC=CC=C=NNC(O)C=C1
7389,7541,NCC(=O)N=CC=C(F)C(F)F
7390,7542,CCC(C)CCC1C=NCS[NH1]C=C1
7391,7543,CC(C(=O)OC1CCN)=NN1C
7392,7544,NC(C)(CC(C)CCC=O)OC
7393,7545,CCCCCCC(=O)NC=CC=CC=CC=CCC(F)O
7394,7546,CC=C=NC=C(Br)CC=CC=CCl
7395,7547,CC=1CC(C)C(=O)C(O)C(O)C=1
7396,7548,CC(N)C(N)COCC[NH1]C
7397,7549,NNCC1CCCCC1
7398,7550,C1SCCC(=O)[PH1][NH1]C#CC(F)C1N
7399,7551,CC(O)CCC1CCCC1
7400,7552,CCOCCCCC(C=CC=CC=CO)=CCCl
7401,7553,NCCCCC(C)(C)CC=C
7402,7554,CCCCCC(C1)(C)CCC1CC=C=O
7403,7555,CCOC=CC=C(C)OC=O
7404,7556,CC=CC=CC=C(CN)SNCO
7405,7557,C(CCCl)C(C)=O
7406,7558,CCCC=NCC=C1C=CC=C(F)C1Br
7407,7559,C1CCCC12CC=CC2I
7408,7560,CCCC1(CCCC)CCC1=SC
7409,7561,C1=CC=C(C)CC(C)(O)OC1Br
7410,7562,CCOC(=CC)C(Br)COC1(O)C=CC1
7411,7563,C1C=CC=CC=CC#C1
7412,7564,O=NC=C(CCC=1CCCCN)CC=1C#C
7413,7565,CCCCCC=CC1=C(N)CNOC1
7414,7566,O1C=CC=C1C=CC2=C(CBr)C=C2
7415,7567,N=CC=CC=S=[PH1]1C=CC=C[NH1]1
7416,7568,OC(CCCSC1=CC=C)C=C1NCNC
7417,7569,C(C)NCCCC(C)(C)CC=C
7418,7570,N=C(C)CC=C1C=CNC#C1
7419,7571,NCNCC(O)C(=O)C=CC1=CC=CC=C1
7420,7572,CC1=CC(C)C2=CC=CC=C21
7421,7573,CCCNOCC(C1)CCCCC1S
7422,7574,NN=CC=C(C)N=CC=C(CO)O
7423,7575,C=CNCC(=O)OC
7424,7576,C=CC=C1C=C(C2=NCC3C2CN1)NC=C3
7425,7577,N=C(N)C(N)C1=CC=CC=C1[NH1]C
7426,7578,CS1C2=CC=CC=CC=C[NH1]N=C12
7427,7579,CC(C=CC=CC=CC=C1)C=CCN=C1
7428,7580,CC=C1C(C=CC=CN=CC)=CC=CN1
7429,7581,COC1=CC=CC=C1CCOC=O
7430,7582,OC=NC(N=C(O1)C=C)C=C1SO
7431,7583,C=1NC2CSC=CSCNC=12
7432,7584,SC1C2=CCS1CC2
7433,7585,NC(O)CC=C(C)C=CC(Br)=CN
7434,7586,CC=CC=CC1=C2C=CC=C1C2ON
7435,7588,CC=CCC
7436,7589,OOCOC=O
7437,7590,OC(N)S(C1)=CC=CN=C1
7438,7591,C(N)C=CC=C(C=CNOC=O)O
7439,7592,C=NC(=N)C=CS1[NH1]C=NC=C1CC
7440,7593,NC=CC=CC1=CC=CC=C1
7441,7594,OC(C(C)C)CCC(C)(O)OC
7442,7595,C1N2C=C1CCCC2C=O
7443,7596,C1CCCCC1C
7444,7597,O=CC(C)C1CCCNC1C=CCO
7445,7598,C=CC(C=CC)=CC(=O)N=CNC#C
7446,7599,CNOC=CCC1=C(CC)COCC1
7447,7600,C=CCSC=C(SC)CC=C(CO)C(O)CCCC=O
7448,7601,CCNC=C(Cl)C(=O)OCCO
7449,7602,NC=SC=CC[PH1]C1=CC=CC=C1
7450,7603,CCC=CC(CC)CC(=O)O
7451,7604,S=C(Cl)C(O)C1(OC=C)C=C1N(O)C
7452,7605,CC(C)C(NC(=O)COC=CO)C(N)NNO[NH1]C
7453,7606,CCC=CC=C(Cl)C1=CN=CCC1C=C
7454,7607,C=C(O)C=C(O)CNCC(=O)O
7455,7608,CCN=CC(C)=CC=CC=C(N)Br
7456,7609,C=C(N)N(C)OCCSC=CCC=C
7457,7610,CC(CCCC)=O
7458,7611,CCC(N1)CC2(O)C=CCCCC2CC1
7459,7612,C12OC=CC2(CCCCC1)C
7460,7613,C1OC=CC1(CC=CC=CC=C)C=NNC(C)F
7461,7614,CC1(F)CCC=CC=C(Cl)S=N1
7462,7615,CCC=C(C)SC(=O)N=C(C1)C=CCN=C1
7463,7616,NC=CC=CCC#N
7464,7617,OC(O)=CC=C(C)N=N
7465,7618,CNCOCCC(C)P
7466,7619,O1COC=C1C=CC(C)CC=O
7467,7620,O=CC1=CC(NC=O)=C(C)C=C1O
7468,7621,COC=CC=C(C)O[NH1]C=CCO
7469,7622,O=CC=C(Cl)NC(C1)CCC=CC=CC=C1
7470,7623,CC1CCCCC1(C2)CCOC=C2
7471,7624,O=CC1CNC23C1CCCC=C2C3
7472,7625,OC(C)CC=NC(=O)C(CC1CC=CC)=CC=C1
7473,7626,CSC=C1C(C)=CC=C1C(Cl)C
7474,7627,O1CCCCN[SH1]C=C1
7475,7628,CC(O)C=NON(O)C=CC=C(C)Br
7476,7629,CNC(C)C1=CN=CN=C1
7477,7630,CCCCC(=O)NC=CC=C(F)C=O
7478,7631,CCPNC=CC=CC#CN=C
7479,7632,CC(C)CCC1=CC2SC3=CC=CC=C3C1=C2
7480,7633,CC(C)C=1CCCCCCSC=1
7481,7634,O1NC2CCC1CCC2O
7482,7635,CCNC(=O)NC1N2C(C)=CC=CC2=C1
7483,7636,C1C=C2C=CC=C1C3=CN=CN=C3CC2N
7484,7637,N=C(N)CNCCCCCCC1CC=CC(Cl)=N1
7485,7638,CC(CC1C=CC=CC)=CCC=C1
7486,7639,C1N=C(C=C1)C(C)OCCCC2=CC=CC=C2
7487,7640,BrCC(OCC)=CC(N)=C
7488,7641,CSC=NC(=O)CCCCO
7489,7642,CCCCC1SC=CCC(O)C1=O
7490,7643,C1OC(=O)CSC(=O)NC=S1
7491,7644,NC=NNC(C1)CCSCC1C
7492,7645,CNC=CC=CN(O1)CC=CC2=C1NC=CC3=CC=CC3=C2
7493,7646,CCCC(C)CC1C(O)OC=C1
7494,7647,COCC1C=CC=C1C
7495,7648,CC=CC=CC(F)=CNNCC(Cl)C=C
7496,7649,C#CC1C=C2C=C(Cl)C2CO1
7497,7650,CCNCCC(O)=CC=C1C(C)=CC=C1C
7498,7651,O=COCCCCC(CC)=CCNC
7499,7652,C1C=CCC1OC2[NH1]CSC=C2
7500,7653,CC(C)=CC1=CC=CC(=O)NC1
7501,7654,C1C=CC2=CC=C(F)S1C=C=CCO2
7502,7655,C(=O)NCC=C(CC)C
7503,7656,O1C=C1N2C(C3)=C4C=C2C=C4C3
7504,7657,NC=NCC=CC1=CC=CN(Cl)C1
7505,7658,CCC(=O)SN=CC(O)=C(Cl)NC=CN(N1)C1
7506,7659,CCNCOC=NCOCOCCC=N[NH1]
7507,7660,NC(C=C1C)=C(OC=N1)C=O
7508,7661,O=C(O)CCN=C(C=CC=CC1=CC=C)C=C1O
7509,7662,OCCC=NOCC(=O)CCCN
7510,7663,CC(CC=O)SSC(C)C(=O)O
7511,7665,OC(C=CC=C(O)C1)=CC=CC=C1O
7512,7666,CNC1(Cl)C=CC2=C1NC3=CC=CC=C3CC=N2
7513,7667,O=CCC=CC=C(N1)OC(N=CC)=C1Cl
7514,7668,OC(C)CCC1CSC=NC=C1
7515,7669,CCCCC(C1)=CC=CC=C1CCC
7516,7670,CCC(CC=NC=CC=C1)C=C(O)N=C1
7517,7671,O=C(N)C=CC=CNC(=O)N
7518,7672,OCCC=S
7519,7673,FN=C(C)OC1=CC=CC=C1C(=O)OC
7520,7674,C=CC=CCC(C=CC)OC=O
7521,7675,CCSN=CC=C=C(C1=CC(F)=CC)C1
7522,7676,NC=O
7523,7677,O=C(C(O)C)CS1C2C=CC=C1C=C2
7524,7678,CCC=NNCCC=C1CCCC=C1
7525,7679,N1CN=CC(N)C=CC=C1C=C[NH1]C=C
7526,7680,ON(N)C=CC=CCSS=C(C)Br
7527,7681,CC=NCN=C(C)C=O
7528,7682,C(=O)C1(O)CCC(N)C2=NC1CC2
7529,7683,CC(=O)N=CCC=C1NC=CC=C1
7530,7684,C1(N)C=NC=SNCCC1
7531,7685,N1=CC=C1N2C(=O)OCC2=O
7532,7686,C1=C(N)C2C=CC=CC=C2C=C1N
7533,7687,NC(C1)C2N(O)CCC=CS2=CCS1
7534,7688,COC(=O)S1C(=O)NC=CC(O)=CC#CN1
7535,7689,CNCC=CC=CC(=C)N=C(Cl)C(C)SN
7536,7690,CC1(C)CC(=O)N[NH1]C1N
7537,7691,CCC(C)CNCC=C1C=CC=C1
7538,7692,O=NC=CC1=CC=CN=C1
7539,7693,CCCCCC(N)C1=CC=CC1C(=O)OC
7540,7694,NC(C)=CC=CNC=C1C=C(Cl)C=C1
7541,7695,OOCNCC(=O)C1CC=CC=C1
7542,7696,CC=CC(N1)N=C(C)CC(=O)NC(N)C1
7543,7697,O=C(CCNN=NC1=CC)CN=C1C
7544,7698,CCCCCCC(=O)C=S(O)CCCC
7545,7700,CC#CC=CC(N=C(C)C(C)Cl)(Cl)O
7546,7701,CC(N)COC=CC(S)=C(C)O
7547,7702,C1C(C)CCCC=CC(Cl)=C1Cl
7548,7703,[SH1]C(C)COCC#CC(C)C(C)CC
7549,7704,C=CNC=O
7550,7705,COC(=O)C1CCN(Br)C=C(Cl)C1NCl
7551,7706,NC=CC1=CCC(=O)CC2CC(O)C21
7552,7707,C(CC=CC1=C(C)C2=CC=C1)NCCC2
7553,7708,N1N(C)CC2=CC=CC=C12
7554,7709,CCSC=CN=C1C=CC(C)=CC=C1Br
7555,7710,CCC=CCC(N)=CC(=O)N=O
7556,7711,CCC1CCCN=C1C
7557,7712,CCC=CSC=CC(C)=CC=CC(=O)C
7558,7713,CCC(N)C(=O)OC(=O)N=CC(CC)NC
7559,7714,CC1C=C(N)CC(=O)CCCC=C1
7560,7715,C=CC1=CC=CC=C1
7561,7716,CCNC1C(=O)OC1Cl
7562,7717,CNCCC=C(C)CC(N)OC=O
7563,7718,CC(C)C
7564,7720,CC=CCC=CC1=C(O)C(C)=CC=C1N
7565,7721,O=CN=CC=CC=C
7566,7722,[NH1]=C(CC(=O)O)CCCN
7567,7723,NOCC=NCN
7568,7724,C1C=C1CC=C
7569,7725,N=CNC=C1C=C(C)C=CC2N=C1CC=NN2
7570,7726,CCC=C(N)N(O)NC=NC(O1)=C1
7571,7727,C(C)(C)=NC(C1)OC=CN=C1
7572,7728,NCOC1(N)C=NCC2=CC=CC=C2C=C1Cl
7573,7729,N=C(C)CC(C=COCCC1C)C2CCC1C2=C
7574,7730,O=C(CCC=CC=CCF)CCl
7575,7731,CCOC(=O)CC(C=C1Cl)=CC=C1CC
7576,7732,CCOC(O)C(=O)C(C1C)=CN[NH1]C1=O
7577,7733,SC=CC(C)(C)CCNC=N
7578,7734,C1=CC(=O)CSCC(C)CC1
7579,7735,C1C(O)C1(C=C2N=NC=CC=C)CCC2
7580,7736,N1N=C(C)NC=NCOC2=C1OCC=C2
7581,7737,C1C=CC=C(N)CC=CC=CC1
7582,7738,N=C(CCC1CC2CCC1C)CCCCCCC2
7583,7739,C(C)CCCCC
7584,7740,CC=CSC(=O)OC=C(O)C=C1C=CC=C[NH1]1
7585,7741,CC=C(COC(=O)NSCN)CS
7586,7742,CC(N)C1=NCC1CNCC(O)CO
7587,7743,NCCC(C)C(=O)Br
7588,7744,CN=C(C1C)CCC(C)OC(=O)SCC1
7589,7745,OCCCC1=C2C=CC=C1O2
7590,7746,CCC(O)C(=O)CC(C)CCCOC=C
7591,7747,CCCN1CCCCC1N2CC=CC=C2C(=O)O
7592,7748,C1OC=CC2=CC=CC(C23CBr)OC31
7593,7749,C1CCC#CCOC2=CN=C3N2C1C=C3C#C
7594,7750,C=CC=CC(=O)N=NC1C=C(Br)S1
7595,7751,COCC=O
7596,7752,CCCC(O)C=CCSC1=CC=CC=C1
7597,7753,CCCC(=O)C1CN=CC2=C1CCC2N
7598,7754,CO[NH1]CCC(C)C1=NCCNCNC1
7599,7755,CN=NC1=CC=CC=C1CC
7600,7756,NCC=CC#N
7601,7757,OC(=O)OCC(C)NC1OC(=O)OC1=O
7602,7758,O=C(O)COC(=O)NC=C
7603,7759,C=CN(CC1=C2C=C=NC)C2N=C1S
7604,7760,CCN1C(C)CCCC=NOC(C)O1
7605,7761,CC(=O)C=CSN=NN1C=C(Br)C=CCC1
7606,7762,N1C(=O)C(N)[NH1]C(Br)CSC1=N
7607,7763,C=C(CCCCC1)C(=O)NCOC1
7608,7764,C=CC=CC1=C(F)C=CC=C(Cl)C1
7609,7765,CC(=O)C[NH1]C(C1)=CC=CC=C1C(F)CC
7610,7766,COC[NH1]C(=O)NCC1CC(N)C1
7611,7767,C=CC(C)COCCSSC(O)C=CS
7612,7768,C=CC1=CC(=O)CNC1(C)N
7613,7769,CNCCCCC1CC=C(O)C(C)N1
7614,7770,OCC=C(C)OCOC#N
7615,7771,C1OC=CN(CO)C1=O
7616,7772,C1CCC=C2C=C(C)C(F)=C21
7617,7773,O1CNC1C=CC2CC(CC)(O)C2O
7618,7774,O=C=C(OC1C)CCCCC1
7619,7775,CCSCC(=O)NNCNC(C)CCCO
7620,7776,COCOC=C(O)C1=CC(=O)OC1=C
7621,7777,C1C=C1CC(Cl)CCCCC(C)=C
7622,7778,OC=NCC=CN=C(CN)CC=CNCN
7623,7779,CCCC=CC(C)(N)COC
7624,7780,CNCNC(C=O)C=CC=P(=O)CN=C
7625,7781,C=CCN=CC1=CC=CN=C1CC=CC
7626,7782,CCCC=NC=CC1(O)C=CC=C1
7627,7783,C=12N=CC=1CNN3CC[NH1]C3C2
7628,7784,O=CC=CCCSC1CC1
7629,7785,C1C(O)=CC=CC(=O)O1
7630,7786,NC(=C)C(C)C(C)CC=1C(C=CS)C=1
7631,7787,CC=CN=C(O)C
7632,7788,CCOC(=O)COCN
7633,7789,CCNCCC=CC1=CC=C=CC1
7634,7790,C1C#CN1C(C)NCC
7635,7791,O(O)C(S)NC(C)CCC
7636,7792,C1C(O)C=CC=CC=CC1=C
7637,7793,C1CC1CC=CC(C=CC=CCC#CC)=CC=C
7638,7794,CCCC(C)CC=CC1=NC=CCC=C[NH1]1
7639,7795,CC=CC(=O)N(C)C1CC(F)NC=C1
7640,7796,CCCCNCC1CSCC(C)C1O
7641,7797,C1COCC12NCOC=CC2=C
7642,7798,C1OC(C)C(=O)CCCNC[NH1]1
7643,7799,O=C(C)C=C(Br)C(NC)N([NH1])CNC
7644,7800,CC(=S)OCCOCOO
7645,7801,C=CC=CC1=NC2=CC=C1C=C2
7646,7802,COC(=O)C=NOC
7647,7804,CC=CC1C(C)[NH1]C1O
7648,7805,OCCCCC1CC=CC=C1CO
7649,7806,O(O)C(=O)CC(N)C(C)CO
7650,7807,COC(C)C(=O)OCC=CC1=CC(C)C=N1
7651,7808,O=CC1=CC=CC=C1
7652,7809,NC(C=C1C=C(C)C)C=C1COC
7653,7810,N=C(N)C=O
7654,7811,CCOC=C(C)CC1CCCC1CO
7655,7812,C12CC(C=C1C(F)OC)C=CCC2
7656,7813,CC=C(O)C=CBr
7657,7814,CSC(C)(C1=C2C=CC=C1C=C)C=C2
7658,7815,C(O)C=CC1=C(Cl)CNCCC1
7659,7816,COC(=O)CC(=O)CCNCN
7660,7817,CCCCC(=O)C1C(C)COCSC1=O
7661,7818,CCNC=C[NH1]CC1C(N2N(C)COC1=NNC2)=N
7662,7819,CCC(C)NC=O
7663,7820,CCOC1(O)C=CC(C)C(C2)=CC=C1C2
7664,7822,CCC=CC=NC1=CC=CC=C1NCF
7665,7823,C(C)CC(=O)OCC=COC
7666,7824,CC(COC(=O)CCCCC1C=O)S2NC1C=CCCC(N)N2
7667,7825,C=CC=C1C=C2N=CC=CN2CC=C1
7668,7826,C=CCP(N(CCCCS)C)NCC
7669,7827,N=C(Cl)C(C)N=NCCCOC
7670,7828,CC(C)OC=SN=CC=CCCC
7671,7829,C1CC(CCN)CCN1N
7672,7830,NC(C1)(O)COC=NN=C1CO
7673,7831,OC(C(C)C=CC=C)C=CC=C[NH1]C=CON
7674,7832,CC(C)C=CC1=CC=CC=C1O
7675,7833,CCC=C1C=C2S=C1C=CC=C2
7676,7834,C=C=C(C#CC=CCC=C(C)OC)CC=CCl
7677,7835,CC=C(N)C=CC[NH1]C=CN(C=CC#C)CN
7678,7836,NCC=CC[NH1]C=CC=C1C=CCPS1
7679,7837,NC=NC(CCC1CC)C=C(C)C1C=C
7680,7838,C1C=CCN=C1NOC(N)OO
7681,7839,CCC1CC(=O)C=CC=CC=C(CF)O1
7682,7840,CC1CC=C(O)CCCCC(=O)C1
7683,7841,CCON(C)C([SH1])(N)CC=CC=C(CC)S
7684,7842,COC(=O)COC(=O)CCC=CC1=CC=CC=C1
7685,7843,CCCCCCCC=NC(C)=C=NC=NC=CN
7686,7844,CC(N)C(=O)C1=CC=CC1=C
7687,7845,OCCCCCCCl
7688,7846,C1#CC=CC2=C3C(C)C=C2C=C31
7689,7847,N=CC1=CC=CN=C1C(=O)O
7690,7848,CNCC=1NC(=O)C=1CCNCCC
7691,7849,O1OC(CC=O)CS1
7692,7850,OC=CC(N)N=C(F)O
7693,7851,CCC(CCOC=NCC)CCC=NC
7694,7852,CC(=O)O
7695,7853,C=CC=CCCCC=C=CC
7696,7854,CN(C)CCCP
7697,7855,C1OC(=O)CNCC=CCC=C1O
7698,7856,CNC=CC=CC=COC[NH1]CCN=C=CC
7699,7857,C(O)C(OS)CO
7700,7858,CC1CCC=2CON(C)C=CC=2NC1
7701,7859,CCCCNCCN1C=NC=CO1
7702,7860,SC=CC1=CN=CC=C1F
7703,7861,C(O)CC1CCC2C=CNCC2C=C1
7704,7862,CC1NC=C[NH1]C=C(C=NC=C1)S
7705,7863,C1OC(C=C1)C
7706,7864,CC=CC=C(CCC=CC1=CC=CC)C1O
7707,7865,CC1=CN=CC=C1C=CCC2C=CC=CC2
7708,7867,BrC=CN=C(Cl)C=NC=CN=CC=C(F)N
7709,7868,C1=CC=C1C(C=CC=CNCC)(O)S
7710,7869,CC1C=CC(O)C=NC2=C1OO2
7711,7870,OCC=CCC(O)CCNC=CC#C
7712,7871,C1C=CC(C2(O)NC=NC)=C21
7713,7872,C1NC(=O)CCC1=O
7714,7873,S12CC=CC1CCN2CNCC
7715,7874,O=CC[NH1]C(C=CC1=CC=CC)=C1
7716,7875,NCOCCCC=C1C=CS2C=C1C(CC2CF)=C
7717,7876,C=C1C=CC=C1N
7718,7877,C=NC=C(SOCCC1=CC=C)C#C1
7719,7878,CCOC=NC(COC=CBr)=CN=CC
7720,7879,OCCC(C)CCSCON
7721,7880,OC=CC=C(Cl)OOC=CC=CCl
7722,7881,C=NNC(=O)OC=CC=C
7723,7882,OC=CC=C(CN1)CSCC1C2CC2
7724,7883,OCC(C)CCCC1CCNCC=C1
7725,7884,CSC1=CC=CC=C1
7726,7885,NS[NH1]C=C(C=CC1(N)C2C)C1C=C2
7727,7886,OC1CNCCC(C)CC=CC=C1Cl
7728,7887,NCCC=C(C=CCCN)CC1C=CC(=O)C=C1
7729,7888,OC(O)C(=O)OC(O)C(=O)O
7730,7889,OC=CC=CC(=O)N=CSC
7731,7890,CC=CC=CC1=C(N)C(F)=CN=CC1
7732,7891,CCC=C(C[NH1]C(C)O)C(=O)N=CC=C
7733,7892,CC(=O)OC1CCOC1O
7734,7893,CC(C)CCCCC1C2NC=CC=C2CCCC1
7735,7894,CCC1CC(=O)CCONC1
7736,7895,NC=CC(C1)CCCCN=C2S1CCC2
7737,7896,CCCN=CS(C1=CC=CC=C1C=CC)(=O)O
7738,7897,CNC1CC=CC=C1Cl
7739,7898,NC=CC=C(Cl)C=COC(=O)CP[SH1]
7740,7899,NC#CCC=CC(C1)[NH1]C=CC=C1O
7741,7900,BrC(O)C=NNCC(C1)CC=CC(N)=C1
7742,7901,CC=CC(CCC1CCCCC)C=C1C
7743,7902,O=CCNC1=NNN=C1
7744,7903,C1NNC2=CC=CCC=C21
7745,7904,C1CCCNC(=O)NCC=C1
7746,7905,CCC(C=C1C2)=CC=C1C(O)=C2Cl
7747,7906,BrNCCCC1(O)CCCC1C
7748,7907,CCC=C(C(S)C=C1F)C(C)S1O
7749,7908,COCC1CNC(C=CC)=CC=C1
7750,7909,COC=CC=NC=C1C=C(CC)OCC=C1N
7751,7910,CCC(O)C=1C#CNC=1
7752,7911,CCCCC(=O)COC=C1C=CN2C1=N2
7753,7912,CCCCC=CC1=CC=C(F)CCOC1=O
7754,7913,OCC=CCC(=O)C(O1)CCCC=C1
7755,7914,CC1=C(F)C(=O)NC=CC=C1O
7756,7915,CC(N1C(=O)CNC)CC1(C)C
7757,7916,COCC(C)OCC1=CC=CC=C1
7758,7917,CC(N)OCC(C)CCC1CC1=C
7759,7918,CCC(O)C(C)(O)CCN=NC(C)OC=O
7760,7919,CC(C)NC(C)C(=O)C(=O)C1=CC=CC=C1
7761,7920,OC(F)CBr
7762,7921,CC(=O)NC(=O)CCNCCC1=C(C)C=C1
7763,7922,CN=C(CPC=O)CCOC(=O)N
7764,7923,CC=NCNC(=O)C1=CC=CC=C1
7765,7924,CC=C(C)C=O
7766,7925,CONC(CC(N1)(O)CCC1CC)C
7767,7926,COCCOC(=O)CNC(=O)OC
7768,7927,CCCCCC=NC=CC=C(Cl)C1CC=CC=C1
7769,7928,NC=NC=CC1=CC=C2C=C1SC2
7770,7929,C1C=CC=C1N
7771,7930,CC(C)OC
7772,7931,NC(C)C(C1)CN=CC=C1O
7773,7932,COCCCCC(N1)=C1CC2=NN2N
7774,7933,C1C(CCC)CCC(N)C=C1
7775,7934,CCCCC=CCCC(O)C
7776,7935,CC=C(OC1(C)N=C2C)C1SNC2
7777,7936,CC=CC(C)C(O)=C(Cl)C(NCCCC=CO)=C
7778,7937,CNC(=O)NOC=NC=CC=C
7779,7939,IC1C2(CC(=O)C=N)C=C(Cl)C(Br)N21
7780,7940,C=C(O)C=C(O)CCCCCCCCCO
7781,7941,CN=CC=CC1=C2C=CC=C1C2=O
7782,7942,C1CC(C)=CC=CC=C1CCCCC
7783,7943,NOC(=O)OC=NCCC
7784,7944,CCOC(=O)NC=C(O)C[SH1](=S)C=CC=O
7785,7945,OC=C(F)NC=NC=C1C=CC=C=N1
7786,7946,CSC(C)=CC=CC1=CC2=CC=C1C2=CC
7787,7947,CCN(CC)CC1CNC=C2N1CCC2
7788,7948,C1CNCC12CCCCCC=CC(C)O2
7789,7949,O=C(N)OC=NC1=CC(N)C=C1
7790,7950,C1=C2C(C=CC)=C2CC=CC#C1
7791,7951,C1C=C1NCOC=C(C)F
7792,7953,C=CC(CCNSC(O)=O)C(=O)O
7793,7954,CC1CCCCC1NCC=CSC=CC
7794,7955,NC=NOCC=C1N=C2NC=C1CC2
7795,7956,CCCCC=CC=C(C)F
7796,7957,C=CC(=O)CC1CC(CO)CCC1
7797,7958,CC=CC=CC=CC(C1=CC=C)C=C1
7798,7959,COC=C1C=NCC=CC=CCOC=NN1N
7799,7960,C=C(O)C=CC1=NCCC1CN
7800,7961,CCC(=O)CCCCC(=O)OC1(C)C=CC1
7801,7962,CC1C(N)CCC1OC=S(=O)O
7802,7963,CC=CC(=O)OC=CC#C
7803,7964,CCCNC(=O)C(C)CC1C=CN=C1
7804,7966,CC(=O)NO
7805,7967,NC=CC(O1)C(C)CC=C1C=C2C=CC=C2
7806,7968,N1CCC=C1
7807,7969,OC(C=C1OC2=C[NH1]NC)C2N=C1O
7808,7970,CCC1CC2CCC1C2C
7809,7971,C1CC=CC=CC2=CC=C(C=C2O)N1CCCC
7810,7972,NC(=O)OC(C)=NC=CC=CCCO
7811,7973,NC=CC=CC(O)=CC=CC
7812,7974,NCCC(O)C#N
7813,7975,C=CC(=O)CNCNC(=O)O
7814,7976,CCCC(=O)[NH1]CCC(O)CN
7815,7977,CC=CCC1CC2CCCCC2C=C1
7816,7978,CC(F)C(OC=CC1=C)C=CC=C1
7817,7979,OCN[NH1]C1=CC=C2C=C1C=C2C(C)OC
7818,7980,CC(CSC)NCCOC=NC=CC=N
7819,7981,C1CC=C(Cl)C(C2)(C)CCCC2C1C
7820,7982,CNC(=O)OC(=O)NCCCCN
7821,7983,OC=CC(C)=C(Cl)C(Cl)=CO
7822,7984,CCCC=CC=C=C(Cl)N=CCCCCCl
7823,7985,NC(=O)OC[NH1]C(=O)C=O
7824,7986,O=C1N=CC2NCC(Br)=C2N1
7825,7987,CC1CC=CC=N1
7826,7988,O=C(CCCC(=O)N)CC(=O)C
7827,7989,CCCCNC=CC(F)=CC=CC=C
7828,7990,C=NCC1[SH1]CCC1
7829,7991,CCOC=NCNSC(=C)C1=CN=C(S)C=C1N=C
7830,7992,CCC(C)C1C2(C)CCCC2CC1
7831,7993,N=1C(CC=1C=O)O
7832,7994,CC=CCOCC(=O)O
7833,7995,FCCONCCOC(C)=CC=CCl
7834,7996,CC(=O)SN(O1)OC=CC2=C1CCCC2C=C3N=C(O)CC=C3
7835,7997,CC(CCNCCCCCCC)=CC
7836,7998,CCOCCCCC(=O)NC(C)C1NC=NN1
7837,7999,O1C=NC=CC2=CC=CC=C2C1
7838,8001,CCC(C)=CC=C(CC1S)C(C)=CC=C1Cl
7839,8002,O=CN(C=C)C(Cl)=CC=C
7840,8003,CC=CC(O)C=C1SC=CC=C1CC=O
7841,8004,N(N)CN(S)C(C1CC)CCN=C1
7842,8005,C=C(Cl)C(N)NC=C1C=CC=C(N)C1
7843,8006,CNC1(S)C2=CC=CC1(F)C[NH1]C=C2C
7844,8007,C1OC=NC=C1C(Cl)CC2C(C)(O)C=C2
7845,8008,OC(=O)NC(O)C=CSSO
7846,8009,CC=S=NC=C1SC(C)CCCC1
7847,8010,CCNC(C)C=NC=CC=CC#C
7848,8011,O=CC=C(OC1N)CC2CC(=O)C2C1
7849,8012,OCNC(=O)NC(=O)OCC1=CC=CC=C1O
7850,8013,N1C=CC(C)[NH1]CCC=C=C1
7851,8014,C12N=CC=C(Cl)S1C2
7852,8015,CC=CCC=C=S
7853,8016,OC=CC=CC=CN(N)C=O
7854,8017,CNC(SCC1CCCC)C1C
7855,8018,CCC1=CC=C2C(S)=[SH1](=C)C=C2CS1
7856,8019,C=C[NH1]S1COCCC1CCC
7857,8020,CCC1=NCCC1N
7858,8021,NC=NNCCCC1=CS=CC=C1
7859,8022,CNC(=S)NC=CC1=C(O)SCC2C1=N2
7860,8023,CN1CCCC12CCC3C=CC=CC3=C2
7861,8024,CCCN
7862,8025,N1=CC=CC(C12C(OC3=C)C=CC=N3)C2
7863,8026,OC(N)CCCCCC1C=C[NH1]C=C1
7864,8027,NCCOCCOC(C)(N)CCCC=C
7865,8028,CC(S=NC=CC)=C(N)Cl
7866,8029,CN=CC1CC(C)=CC=CC=C(O)C1
7867,8030,CC=CC=C(C1=CS)S=C(C)C1N(N)C=O
7868,8032,CCC=CC=C1C=NCCC1
7869,8033,O=C(C)CNCCC
7870,8034,C=CC1=CC(N)=C(C)NSC=C1
7871,8035,SC1=CC=NOC(C)CC1
7872,8036,CCC1N=C2C(C)OCCCC(C2)C1
7873,8037,O=C(NC12OC=O)CCC1(N)S2
7874,8038,C=CCS(F)=CC(=O)CONC
7875,8039,NCCOC1SC(=O)NC1C=C
7876,8040,ClC=CC=CN=NNC=C(O)CCCSC
7877,8041,O1CC=C=C=CC=C1CCCC2NOC(C)N=C2C=N[NH1]
7878,8042,O=CC1=CC=C(Cl)CS1NC=CC2=CCC=C2
7879,8043,CC=C(C)OBr
7880,8044,C=CC=C(CCCCC)NC
7881,8045,N(Cl)CCC(O)CC
7882,8046,O1C(C=CC2=CCCl)C3C2C31
7883,8047,COC=C=C1N(C)C=C1CF
7884,8048,NNCCCCCC=NNC1C(O)C(=O)CCNC1
7885,8049,C1C=2NCCC=2C=NC=CS1
7886,8050,CC(=O)CSCC(C1)CCC=N1
7887,8051,N=COCN(C1)CCCCCC=C1
7888,8052,CCC(C)CCNC(NC1)OC=CC(C)C1=C
7889,8053,CC(C)C(C)CCCC1C2CNCCC=CC1C=C2
7890,8054,CN
7891,8055,OC[NH1]CBr
7892,8056,O=CC=CN1C=CC([NH1]CN)CSC1=CS
7893,8057,SC(CNC=C)CNOC=CN(O)O
7894,8058,O1CNC=C1C(=O)NCC=NO
7895,8059,CCCC=CC(N)CNC=CC=CC1=CC=CC=C1
7896,8060,CCCNC(C)OC=CC1=CC=CC=C1C=O
7897,8061,CC(C)C1=CC2=C(O)C(C)=C2C=CCS=N1
7898,8062,C=12CCC=1COCCC2C
7899,8063,N=S
7900,8064,O=CC1=CC2=CC1(CC3)COCC3O2
7901,8065,CCNC=CC1=CCN=NN1[SH1]CC=CC=C
7902,8066,C1=NOCCCCCCNC(O)C1
7903,8067,CCOC(=O)CC(O)C(=O)C=SCS
7904,8068,C1C=C1N(C)C=NCOC(=O)O
7905,8069,OCC(C)=CCC=C
7906,8070,O1C=CC=C1N=C2C=C[NH1]C=C2COC#N
7907,8071,CCCCC=C(C)C1CCC=CC(=N)N=C1
7908,8072,CCC(=O)NCO
7909,8073,OC=CN=CC1=CC=CC=C1N=S(C)CC
7910,8074,CCCOC1CCC=C1
7911,8075,CC=CC=CC1=C(C)C=CC1(C)CO
7912,8076,SCI
7913,8077,SC=NC[NH1]C(C1=C2N(Cl)C)N12
7914,8078,CCCCOC(=N)N=C(O)C(=O)OCC=N
7915,8079,ClNC=C1C=C(Br)C=CC2=CC=CC=C2C1
7916,8080,OCNC(Br)=CC(O)C1=CC=C2N=C1C=C(CC)C2
7917,8081,CN(Cl)C(CCCCN)CC
7918,8082,C=C1C(CBr)C(F)=CC=C[NH1]C=C1N
7919,8083,C1=2NC=CC=C1CC(=O)ON=2
7920,8084,C1CC(NCCCC(C)C2C1)C2=O
7921,8085,CCOC(=O)C=CN(N)S
7922,8086,C1=C2C(C1C(O)C)=CCC(C)COC2Br
7923,8087,NC(C)=CC=C1C=C(C2N)C3=NC2=NCCN3C1
7924,8088,COC=CN=CC=C(Br)C=CC
7925,8089,NC=CC(N)C=NC(=O)CC1C(C)N=C1
7926,8090,CNCCCCCO
7927,8091,NC(C1)C(S2)C(O)C1C=C2
7928,8092,CNCC=CC=C1C=CC=C1Br
7929,8093,N1C=CC=C2C=CC=C1CCO2
7930,8094,CCCCC1=CCOC2=CC=CC=C21
7931,8095,COCCCCNC=CC=CN=C(O)C#N
7932,8096,NC(C)C(C)CC(=O)OC(C)Br
7933,8097,CCC=NC=CC=NC(=O)N=CC1=CC=C(Cl)C1=O
7934,8098,N(C)=SOC=NN=CC(C=N1)CC=CC=C1
7935,8099,CC(O)C#N
7936,8100,CNN(C)OOC(=O)OC=CC=CCl
7937,8101,O1C=CC1C(=O)O
7938,8102,OP(=O)C=C
7939,8103,CCOCCON=[PH1]C(N)C=CC=CO
7940,8104,OCC=CN=NC=C(O)C=CC=O
7941,8105,C1C=CC=CC2=C1C2
7942,8106,COC(=O)NCCC1CC[NH1]C(=O)NC1
7943,8107,CCOC(O)CCC1CC=NC2=CC=CC=C2C1
7944,8108,CCC1C(C(=O)CC12C=NC)(N)C=NC2=C
7945,8109,NCNNC#CC=CC=C
7946,8110,N=NC(CCCCCC1CC)=CC=CC=CC=C1
7947,8111,CS=CSC(N)=CC1N(O)N=CC=C1
7948,8112,PCC1C=C2C3=CC1=CC=CC(Cl)C3=C2
7949,8113,OCC=NCN=CC=NC1[SH1]NC=CC=CC2=CC=CC=C21
7950,8114,NC(C)(O)C=CC=NC=NC=C[NH1]
7951,8115,CCS=NC=O
7952,8116,C1C=CC=CC1C#CCNCCC
7953,8117,CCC=NC=C(O)CC(Cl)C
7954,8118,OC(=O)C(O)CC(O)C1C=CC=CCC1
7955,8119,CCOCSC=CC=C(N)NC=NCSN
7956,8120,COC(=O)OCCOC=CC(O)C(=O)O
7957,8121,COC1(C)OC2=NC=CC(C=C2)C=CC1
7958,8122,CCOCCOC=SNC(C=NC)=CC=CCN
7959,8123,COC=C1C2=C3C#CC2N3C1
7960,8124,NC=NC=CC=C(C)C1=CCCC=C1I
7961,8125,CC=CC=C(CN=CN)C=C(C=CC1)CC=CC=C1C
7962,8126,OC=C1C=C(O)C=C1SCO
7963,8127,C1CCCC=CC2=CS1CNC2
7964,8128,CC=C(N)CCN=CCN(C)CN=CCl
7965,8129,CC1C=C2C=CCCC2C=C1
7966,8130,CC1=CC=CC=N1
7967,8131,CCCCC(C)(N)CC(C)Cl
7968,8132,NC=CC(N1)(C=CC)C=C1SNF
7969,8133,C(N)CCC=C(C)CCO
7970,8134,C1CC1(C=O)OCCCCN=N
7971,8135,CC=CC=CC1=CC=NC=C1
7972,8136,O1CCCCCCCC(C)=C1N
7973,8137,CC=CC=C(C(=N)NCCN=CN1)CCC1
7974,8138,O1CC(NC1CCN=C2C=C)CC2C
7975,8139,CCC=C1CS2C3CC1C4=C2CCCC4C3C
7976,8140,C=NOC(=O)OCC=CC=CC(C)=C1CC=CS1
7977,8141,CC(C(Cl)F)COC=O
7978,8142,C1C=C2[NH1]C=NC=C2C=C1C=O
7979,8143,CCCCC(Br)CCC(C)C(=O)O
7980,8144,O1C=N1
7981,8145,C1C=CC=C1C(=O)C(C)CC
7982,8146,N1(CNC(=O)CCCN)CCC1C
7983,8147,OC=C(N)OC(=O)OCNCCCCSC
7984,8148,C1CC=C1SNC=CC=C2NC=CC2C
7985,8149,C=1OC(=O)NCC(C)CCC=C=1
7986,8150,NC(C)C=CCN1[NH1]C=NCCC1=N
7987,8151,COC=NOCC(N)CNC1=NCNC1
7988,8152,ClC=CCC(=O)N
7989,8153,CCOCCC=NC=CNOCC=N
7990,8154,NCC=CC=C(CC1)CCCNN=C1N
7991,8155,CC=NC=CC(=O)OC=CC=CNC(O)C
7992,8156,CC=CC1=C(O)C(=O)C=C1C
7993,8157,OCC(C)CC(CCC)(O)N=CC(F)CF
7994,8158,CCC=NC=CC=C1SC=CC=C1CCC#N
7995,8159,NCNC1(S)CC#CC2=CC=CN=NC1=C[NH1]CN=C2
7996,8160,N=CC1=C(O)COC1NCC2COCCC2=C
7997,8161,CCC1=CNC=C2C=C1OC(=O)[NH1]C2
7998,8162,CNC(=O)CNC1CNC(C)SCCC1C=O
7999,8163,COCOC(C1)CCCCO1
8000,8164,OC=CC=CC1=CC(=N)C=C1CCO
8001,8165,OC(=O)C=NNCC(=O)O
8002,8166,CCCOC1=NC=[PH1]C=CC=COC1O
8003,8167,C(C)OC=CC=CN(Cl)C
8004,8168,CC1(N)COC(O)CONCC1C
8005,8169,CCNCNOC
8006,8170,CC(C1)CCNC#CC(=O)OC=C1
8007,8171,C1C=C(O)C(Cl)C(C)=C1COC(NC)=N
8008,8172,CSC=CC=C1C=CC=C[NH1]1
8009,8173,O=CC=CC1=CC=CC=C1
8010,8174,NC(OCOC(=O)OC)O
8011,8175,CCC=CC=CC=C=[PH1]=P[NH1]C1=C(CO)SOC1=O
8012,8176,C1=C(N)NCCC=CCCC=C1
8013,8177,O=CC1=CC(=O)CC1CCCCCC
8014,8178,CN=S(=O)N(C)CC(C)C(C)CC
8015,8179,C=C(C)NC(=N)O[NH1]NCN1C=C2N=C1CCC2
8016,8180,N=CC=C(O)Cl
8017,8181,CCCOC(C)CCOCC=NO
8018,8182,CC=C1C(C2)=NC(Br)C=C2C1=N
8019,8183,CNC=CC(C)=C(C1)[NH1]C=CC=C1
8020,8184,N1C(C)CNC(Cl)(C)COC=C1
8021,8185,C[PH1]CC1(N)N2C=C3C=C=NC=C3C21
8022,8186,NC1NCC2[SH1]C1CCC2C=O
8023,8187,CNC(=O)CCC1C2C=C[NH1]C=C(Cl)C2CCCNC1
8024,8188,C(N)C=CCC(C=C)C=CC#N
8025,8189,CCCCCC(S)C(=O)Cl
8026,8190,C1CCC(=O)C=C1OCCOCCl
8027,8191,O=CC=CC=CC1=CC2=CC=C1C2
8028,8192,C=1NCC=CC(N)(CC)CC=1N=O
8029,8193,CCCSC(=O)C(C)=CCC(O)CCl
8030,8195,COC(N)CC(C)CCCCCCNC1=CC(N)=C1
8031,8196,C=C(O)S1CCON1NNC=NC
8032,8197,CC=C(O1)C=CCC(N)=C(F)C=C1
8033,8198,C1CCCCC(C)N1
8034,8200,O=CC=CC1=CC2=CN=CC=C2CO1
8035,8201,CCCCCCCCC[NH1]C(C)CCOC
8036,8202,C1COC(C)C(O)C1=O
8037,8203,NCON=CC(C(Cl)C=CO1)=C1C
8038,8204,C=CC1=C(O)C=CC2=C(Cl)C=NN=C2C1
8039,8205,NCC#CNSC=NN
8040,8206,CCCC(C1)OCOCC1(CCl)NCC=C
8041,8207,O=CC=CC=C[NH1]Cl
8042,8208,O=C=C(Cl)CN=CN=C1NC1
8043,8209,N1CCN=C1N(C)OCCC
8044,8210,OC=CNC(C)CC=O
8045,8211,O=CC=C1C(=O)CN1CCSC
8046,8212,C1C(=O)CCC1CCN=C(O)CC=C(Cl)F
8047,8213,NC(C1)=CC(Cl)CC1(C=O)N
8048,8214,CC(C=CC=C(O1)C)CCCC1C=O
8049,8215,C=CC(OCN)=CC=CS1C=C1O
8050,8216,OC=CC(=O)NCCC=CC=CBr
8051,8217,C12N=C1CN2
8052,8218,COCC=CCCC=C
8053,8219,NC=C(CNCCO)C(O)C
8054,8220,C=CC=C(C)N1C(N)=CC=C1CC=S=N
8055,8221,CCCCNC(=O)CCOCCC=C
8056,8222,NC(CCCPNCCC1C)=CC=C(Cl)C1
8057,8223,C1CCCC1
8058,8224,CC=CC1=CN=C(Cl)C1(C=2)C=2
8059,8225,O=C(CNCCCC=O)C(C)CCC
8060,8226,C1COC=NC=C1CN=CN=C(C2)C=C2N
8061,8227,CCCCC#CC(C)COCCOC
8062,8228,CCCCCOCCC1CNC=C1CCCCC
8063,8229,CCC(N=CC=C(O)C1)=CC(Cl)C=C1
8064,8230,CCCC(=O)OC(=O)C=CC(O)=C
8065,8231,CCC=C1C(CCCCCC)CCCC=N1
8066,8232,C=1=CC=CC=1C=CN=CO
8067,8233,OC(=C1NC)CC=C(Cl)C=C1
8068,8234,CC=NCCOC(=O)CC=O
8069,8235,SCNC1CC2=CC=CC=C2C(O)C1
8070,8236,CC=CC=C(CC)NCC=C=O
8071,8237,OC=CC=C(C)CCCCCC1CC=CC1C
8072,8238,NCNCOC=CC=CCC1=CCCC=CS1
8073,8239,C=CC(C=C1P(=C)C2N=C1)COC2
8074,8240,CCOC=C(COC)C1N=CC=CC2=C1C=CC=C2
8075,8241,CCOC(=O)C1C[NH1]CCC(S)=C1
8076,8242,C=CC=CC(C)=CC=CC(I)=C
8077,8243,C=CN=CC=C(N1)OCC=CC=C1
8078,8244,O=CC=CC=CNCCCNCC=NN
8079,8245,CCCCC(O)POC=O
8080,8246,O(CN=CC=CC=CC)C(Cl)CC=CN
8081,8247,CCCP(C)CCC(O)C(=O)ON
8082,8248,CC(=O)CCC=CCC(Br)=CC=CC=CC(=O)CC
8083,8249,N1C=CN=COC=C(N)CC1=CC=CN
8084,8250,NC=CC=CN=C(C)C=C
8085,8251,N1C=NC=C1C=C
8086,8252,CNC(C)C1CCCC=CCC1N
8087,8253,C=CC=CC(Cl)=C1CC=CC=C1
8088,8254,CN1C(=O)N=CC=CC1(Cl)OC
8089,8255,OC(=O)OC(CNC1)C=CN=NC(O)CCC=C1
8090,8256,O=CCNC=CC=CN=C[NH1]C(=O)NC=S
8091,8257,C1C=CC=C1N(O)CCC2=C3C=CC=CC=C3CCC2
8092,8258,COC(C)CC=CC(C1)=NC(CO1)=CC=C
8093,8259,N1CC=NC=C(C[NH1]1)NC=O
8094,8260,CC=CC=S(N)CC1C=CC=CC=C1
8095,8262,CCOC(C)C(C)=CC(O)C(=O)O
8096,8263,CCC(C)NCCC12C=CC3CC1=C2C=NC=N3
8097,8265,CNC=C(C)CC(=O)OC=CC1=CC=CCS1
8098,8266,CCN(O)C=C(Cl)C=CC=C[SH1]
8099,8267,CNNC(N)C(C)CCCCC
8100,8268,C=CC=CCl
8101,8269,CC=CC=NC1=CC=CC=C1
8102,8270,C1OC=C(I)C1(SCC2=C)C=NC=C2
8103,8271,OC=CC=C(C)CCN1CC(Cl)=C1
8104,8272,CC(C)CC=C1C(S)CNC1=C
8105,8273,OC(CCC)CCCCCOC
8106,8274,CC=CC=C=C1SC=CC=C1
8107,8275,CCC[NH1]C=CNCC(O1)C=CC#C1
8108,8276,CC=C(C)C(C)=CC=CC=CO
8109,8277,CCCOC=CC(O)CP(=O)O
8110,8278,CCCN=C1NC(=O)C2CCCNC2C1S
8111,8279,C1=CC=CC(C)(C)CCCC1C
8112,8280,CCSOC=NC=C1C=C(Br)C2N1S2
8113,8281,C[NH1]C(N)=C[NH1]C=CC=C(N)N=CC(N(F)C)=C
8114,8282,CCC1=CC=CC=C1
8115,8283,COC=CC(C)C1=CC(=O)C=C1
8116,8284,NOC1CCCN=C1
8117,8285,C1=CC=CC=C(S#C1)CCCC(O)COO
8118,8286,NCSC=C1C(C=NC2)=CC(O)C=C2O1
8119,8287,CC=CC1C=C(C)C=C1ONCC(O)C#N
8120,8288,CCC(=O)COC=C
8121,8289,O=CC=C(N)CCN=C
8122,8290,O1C=CC1(CSC=CC=CCS)C
8123,8291,O(O)NC(C=CC(Cl)=CC=CC)=C(C)F
8124,8292,CCNC(O)C=CC1=C(N)C(F)C(C)=C1N
8125,8293,CNC(=O)C=NCC=NC1C#CC=NCN1
8126,8294,OC=CC1C(C)C(O)C=C1C=CCF
8127,8295,NCCC=CSC=CC=C1C=C(SCC=CCOC=C)C=C1
8128,8296,N1=C(CCCCCCCl)COC1C
8129,8297,CC=CC=C(N1)NC=C2C=CC=C2N=CC=NC1
8130,8298,ON=C=CSCCOC=O
8131,8299,CC(C=CC=CC1=C2C=CCN)C23COC1CC3
8132,8300,CC(=O)NCC=NC=C1CC(=O)C1C
8133,8301,O=NC(C)C1CCCC2C1CCCC2
8134,8303,NC(=O)OCBr
8135,8305,CCCNC(C)CCC=CC=C[NH1]C=O
8136,8306,CN=C(CC)C(=O)NCCCC
8137,8307,CC=NC=CC=C1C(=O)OC(F)=C1
8138,8308,C=CC(O)C(CNC1CC)COC1
8139,8309,CNC=CN=CC=C(C)Cl
8140,8310,COC(O)CC=C1C2=CCS1=CNC2
8141,8311,CCCCCCCNNCC
8142,8312,NN(C=CCNC)CCC1C=CC=C1
8143,8313,OCCNNCC(=O)CNCC1NCC1
8144,8314,CC=C1C=CC=CC=CC=C1CO
8145,8315,C=NCOCNCCC=NC=CCC
8146,8316,O=CCCNCCCC(N)(N)CC
8147,8317,N1COCOC(=O)CCNCC1=O
8148,8318,CC=CC1=CC(=C)C=C1C=CC=C(Cl)CO
8149,8319,NCC=C1C=CC2=CC1C(O)C2
8150,8320,C1CCCCN1C(=O)O
8151,8321,CC=C(O)C(O)CCCCCC(C)POSS
8152,8323,OCC(C)(N)C=CC(C)NC=CC=C
8153,8324,C(C)CC1CCCCC1C=C
8154,8325,CCCCC1CN2CNC1CCCC2
8155,8326,C1C2C(C)OC12CNC(=O)NC
8156,8328,COC=CC=C(C)S1C=CC=CC=CC#C1
8157,8329,C=CC(=O)N=C(O)N=CC1=NNC=C1O
8158,8330,CNC(CC(=O)C=C1C)=CCC=C1
8159,8331,CNCOC(=O)O
8160,8332,CC(C)SC=C(O1)CS(C)CCC1
8161,8333,COCSC(O)C=CC1=C(O)N=CC=C1
8162,8334,C=CC(C=N)C=CC1=COCNCC1=O
8163,8335,NCC1CC=CC1=O
8164,8336,CC=CC1C(=O)C=N1
8165,8337,NCOC(O)CNCCCC=C1NC=NC(O)C1=CC=O
8166,8339,CC(C1)(N)N(C)COCC1O
8167,8340,NCCC=C1C(C)=CCCCCC1
8168,8341,CCCC=CC(C=CC1=CC=C(C)Cl)=C1
8169,8342,CC=C[NH1]C=C1[NH1]C=C2C=C1C=N2
8170,8343,O=C=CC=C(CC1CCCC(C)O)CCOC1
8171,8344,CCC1(C)CCC1
8172,8345,CC1=CC=CC(NC)=CC(C)=C1Cl
8173,8346,N=C(C)C1CCC=C2C=CCCC2=CC=N1
8174,8347,CCCNC=O
8175,8348,N1(O2)NC=C1NCCCCC2CCC
8176,8349,C=CN(CC=O)C=CCl
8177,8350,OC(=S)OC(=O)CCCC(C)CO
8178,8351,CS=1#CNC(O)OOC=1Cl
8179,8352,CNC=CC(C=CCCl)C=C1SC=CC1=O
8180,8353,CCCNCC=CC=CC(=O)N1C=CC=C1
8181,8354,NC=NC=CC=CC1=CC2(C=C1)CC2C
8182,8355,CCCNCCC(N)C(C1)C2C=CS1C2
8183,8356,CNC(=O)OC
8184,8357,CC(=O)NC(=O)NC=CSC#N
8185,8358,NC=CC=CS1=C(N)CN=C1
8186,8359,SC(O)CCC1C2C=CC=CSC=C2N1
8187,8360,CC=CC=CN=CC=C(C)CCl
8188,8361,CCC=NC1=C(C=CC=C(S)C2CC2)C#C1
8189,8362,CCCC(C1)SNC[NH1]C=C1
8190,8363,CCCCOC(=O)CC=NSC=CC(=O)O
8191,8364,CN=C(O)C=CC1=CC=CC=C1
8192,8365,C1CNCOC1=NC=NC=NC(O)CO
8193,8366,CC(CC)(O)C=CC=C
8194,8367,NN=CN=C(S1C(C)N=CC)C1NC=NCN
8195,8369,CNC1=CC=CC=C1C=CC2(C=COC=C)C=C2C
8196,8370,CCCCCCCN=C(C)O
8197,8372,CCCC(CCC1C(I)C)=CN=C1
8198,8373,CNC12NCCC1C2
8199,8374,CCOC(=O)C(O)OSC=CC1=NC=CC=C1Cl
8200,8375,CC(C)COC1=CC=CSC=C(NC)C1
8201,8376,SC(O)=CC=C1C=CC=CN(Cl)S=N1
8202,8377,P=CC1=CC(CC2C1)C=CC=C2N
8203,8378,C=CC(N)=CC=CC=CC=CCF
8204,8379,CC(C)CCCC=CC1=CC=CC=C1N
8205,8380,N1=CC=C(C1C=CN=C(C)C)NC=CC=C
8206,8381,CC=CC1OC=C(O)S(O)C=C1O
8207,8382,NCCCCS1(=O)C=CN=C1C(CC)OC=C
8208,8383,CC(=O)OC(=O)C=CCO
8209,8384,CNCC(CC1=C23)C=CC=C1C=C(F)C=C2N3
8210,8385,NCNC=CC=C(P)C1=CC=CC=C1
8211,8386,C1C=CC=CCC=C1N
8212,8387,O=C1C=C=C=C1CNCC
8213,8388,COC=CC(N)Cl
8214,8389,NC=CC=CC1(O)NCN(F)CC=CC=CC1
8215,8390,C1OCC=CC=CNCC1C=N
8216,8391,NCN=CC=C1CC=CC=C1O
8217,8392,C1C(C2)=CC=C1OC2C(O)C
8218,8393,COC(O)CC=CC1=CC=CC=C(Br)CS1
8219,8394,C1CSC(SC=C(C)OCCC1)=O
8220,8395,OCNC(=O)OC(=O)OC=O
8221,8396,CCCCC(=O)C1=CC=CC=C1
8222,8397,CCCCC(Cl)N(Br)N=CC=CC=CC(=O)O
8223,8398,OC(=O)C=S(=S)NCC(C1)CC1
8224,8399,CCCCCC(=O)NCSC=C
8225,8400,C[NH1]C(Cl)(C)C=NOC1=CC=CCC=C1C
8226,8401,C(N)COOC=CC1(C=CC2C1CC)C2
8227,8402,CNCC=CNCCCC=CNC1=CC=CC(Cl)C1
8228,8403,CC(C)COC=C(F)CCC=CC(CCl)(S)C#S
8229,8405,IC1CC(=O)C=CC=CSC(Cl)=C1I
8230,8406,CN=C(C=SCC(O1)=C)C=CC=C1
8231,8407,NC(N)CC(O)N(O)C1C2CNCNC1CCC2
8232,8408,OC=CC1=CC=NN=C1
8233,8409,CC(N)CCCCCCCCCCC
8234,8410,O=CSC=C(C)C(O)=CSS(O)=N
8235,8411,CCCC1CCOCC=C2C=CC=C=C2C1=C
8236,8412,NCC1CCC=CC(C2)=CC=CC=C2C1
8237,8413,OC(C)CCCCN=NN(C=CC)C
8238,8414,CC(C)C(=O)OC(C)OC=O
8239,8415,CN(C=CC=CN=CC=C)C#CN=CC=N
8240,8416,C1C(N)C=2C1NC(=O)NC=NC=2
8241,8417,C=CC=CN=NBr
8242,8418,CCCC=CC=C(CC)CC=C
8243,8419,CC[NH1]CCOC=C(C)C1C(Cl)CC1
8244,8420,NC(=O)CCCC
8245,8421,C1OC=CC=CC=C1C2=CN=CC=C2
8246,8422,CC=CC=C(COC=O)CN=O
8247,8424,O=C(C1)NCCCCCCC1
8248,8425,NCNCCCCCl
8249,8426,NC=CC=C1C(C)=CCC=CC=C1
8250,8427,NC=CC(C=CC)=CC=C(C(=O)CCl)C=C1C=CC=CC1O
8251,8428,OC(=O)NCCON(O)C(=O)NO
8252,8429,O=CC=C(CC)COC(C)O
8253,8430,CCCCCCC=C(CC=1OCO)C=CC(N)C=1
8254,8431,CC(=O)C=CCC=C1N(Cl)CC=CC=C1
8255,8432,O=CC(N)C=SOCCOC(=O)O
8256,8433,NC=C(O)SN=CCN(O)C=CO
8257,8434,CC=CC(Cl)SC=CC=CC=CC
8258,8435,O=C(O)CCOSCCCC(O)C=C
8259,8436,CC=NCNCN=NC=NC=O
8260,8437,COC(=O)C=CN=CC=C(CC(CC)C=C)C1=C[SH1](F)=C1N
8261,8439,SC=C(CC1=C)C=CC=C1
8262,8440,CCCN1C(C)C(=O)OC(C)CCC1
8263,8441,CNC=CC=C(S)CC1=CC=C(O)C=N1
8264,8442,O=C[NH1]C(=O)NC(C)N
8265,8443,BrC(=O)N=CCCC=NN=C
8266,8444,COC(=O)NCCC=C
8267,8445,C1C(C)CCCCCCC=CC1
8268,8446,CC1(C)C=C(O)CC(=O)CN=C1O
8269,8447,OS=COCN(CC1)CNCOC=C1Cl
8270,8448,C1CCCCC1CCCCOCC
8271,8449,NC1(C)CSC=C(OC=C)C=CC#C1
8272,8450,CC=NC(C)=CC(C)C=C
8273,8451,CC=CC=C(CC=CC1=C(Cl)N)CC=C1N
8274,8452,N1C=C(O)C2=CC21CCOC
8275,8453,CCC=C(N)C(=O)OSS
8276,8454,OC(=O)N=S(C)CCCC1CC=CC=C1
8277,8455,N=C1C=CC=CC=C1COO
8278,8456,CNCCCCCCCCC(C)C=1CC=1
8279,8457,CNN=CC(C)CC(C=CC)=CC=C=C=O
8280,8458,O=C=C(N1)C(C)OC1C(S)PC=C
8281,8459,CCC(=O)CCCCS
8282,8460,CCCC1C=C(O2)C=CN=C(Cl)S21
8283,8461,ON=CCC12NCNC=C1OC(C)CC=C2
8284,8462,CCOC=C1OCOC=C1
8285,8463,CCCC(O1)C(=O)OCCCNCC=C1
8286,8464,CC=CC=CN=CC=C=C=CCC(C)Br
8287,8465,C=CC=C=CC=C1C=CC=C=C1
8288,8466,NCC1CCCC=N1
8289,8467,C=CC=CN=CC=C(C1N)C1O
8290,8468,N1CCC=2CCCC=2CC1C
8291,8469,CCC=C1C=CC=CN=C1C=NC=CC=N
8292,8470,CC=CCCCCC(C)=CC=CC=CCl
8293,8471,SC=C(O)CCCCCN=NC(C)Cl
8294,8472,CCCCCCCCCC(Cl)(C)O
8295,8473,CN=C(C)C1CCC=C1CC=C2C=CC=CC=C2C
8296,8474,CC=CC1=C(C2CNCC2C)N1C
8297,8475,CCNC=CC=C(OC)C=O
8298,8477,C=CC=CC=C(C1CC2CC)NC=C2NCCC1=C
8299,8478,COC(C)CCCCNCO
8300,8479,CONC=C1CCCOC=C(O)C1
8301,8480,C1C(C)(O)CNCOC1=O
8302,8481,CNCCCC=CNC1(Cl)C=C[NH1]1
8303,8482,O=CC=C=NC=CCCC=O
8304,8483,C1SCC=CC=CC=C2C=C21
8305,8484,C1OCC(C)(N)CO1
8306,8485,C(=O)(O)CNOOC1C2OC=C1C=CCC=C2
8307,8487,CC(C)CCCCCCNO
8308,8488,CCCNC(=O)CC=NC=CCC
8309,8489,OC=C
8310,8490,CCCC(C)=O
8311,8491,CCCC(=N)C1=NC2CCCN2C=CC=C3C=C31
8312,8492,C1(=O)N=CC=CC(C)=CN1C
8313,8493,N[NH1]CCCCC(C)C=CCNCN=C
8314,8495,C=C(ONN)CCC[SH1](C)SN(NC)C
8315,8496,CCOC(=O)NC(C)=CC=CC=C
8316,8497,CC=CC(NC(=O)CCNC)C
8317,8498,CC=CC=C(O)CC1(C)CCCC1
8318,8499,CCCCCCC=C1C=CC(=O)NC1
8319,8500,CCNCC1CCCC=CC(O)=C1Cl
8320,8501,COC=CC=C(CO)C=CC1C(C)OC1
8321,8502,C1=CC2=CC=CC=C2CSC=N1
8322,8503,CC(CC=C1)C=CCC(N)=C1C
8323,8504,NC1=C(N)OCOCCCCC1
8324,8505,NC(=O)NC(C)CC1CCCCC=CC=C(C)O1
8325,8506,CONOC#N
8326,8507,CC(=O)CNCC1CC(O)CC1
8327,8508,CNCCCCCCCCC#N
8328,8509,OC=CC=CC=C1SC(Cl)=CN=C1
8329,8510,NC=CC=CC=CC#CO
8330,8511,CCC(C)CCCCCC1C(=O)C=C1
8331,8512,CC=CC(C)(C=C1C)CC=C1OCC
8332,8513,C=CC=CC=C(Cl)CS(N)C=C
8333,8514,CC1C(C)CC(C2)=CC=CC=C2C=C1
8334,8515,CC=CC1=CC(C2Br)C=CC=C2N=N1
8335,8516,C1NCN(N)C2(C)CC1CC2
8336,8517,C=C1C(C)C(N)S1
8337,8518,COC(N)COC(C)=NC=C
8338,8519,C1CC1(C)CC(N)CCCC
8339,8520,CON=C([SH1])C=CC1=C(C=SN1C)NC=C
8340,8521,O=C1C(C[NH1]CC)CC=CC=C1
8341,8522,COCC1CCC=CCCC=NCC1
8342,8523,C1OC(C)CC(S)CNCCC=C1
8343,8524,S(CCNS(=O)NC)CCCC
8344,8525,C(C=C)C=CN=C1C2=CC=C(CO)C12
8345,8526,CN=C(C)C=CN=CC=CCC(=O)C#C
8346,8527,CCCN=CC=C1[NH1]C=CN=C1
8347,8528,CCC=C1CC(CC)CC2CC(C)S21
8348,8529,C1CNC=CC=CC=C(N)S=C1
8349,8530,CSCNC1=CCSCCC1=C
8350,8531,CN=CCCCCCC1CCCCO1
8351,8532,N12C(=O)CCCCN1C2
8352,8533,C1C=CC=CC=CC(Br)=C1
8353,8534,N=CS1C2=CC=CC=C2C=C1
8354,8535,CSC=CC=CC(O)=C(Br)C#N
8355,8536,O1C2C1CCCCCNCNC2
8356,8537,C1C=CC=CC(=O)O1
8357,8538,CC=C1C=COC=NC2=CC=CN=C21
8358,8539,CCCNCNCCNC(CCNCC=C)=O
8359,8540,CC=NN=C(Br)CC=SC1=CC=CC=C1
8360,8541,CON(O1)C=CC2=CC=CC=C2CC=N1
8361,8542,C1CNC=N1
8362,8543,CCCC=CC=CCCC1CSC=C1
8363,8544,CCC=CC=C=CC=NC=COO
8364,8545,O=CC1=C(CCCl)C=CC#CC1
8365,8547,CCCCP(C)(C)C1SCC(F)C1
8366,8548,CCSC=CC=CC=CN(P)SO
8367,8549,C1CCNCCCCCC1C=CC=CC=CC=C
8368,8550,CCCCC=1CCCCC2C=CC=C2C=1
8369,8551,CCCCCCNCSC=CC=C1C=CN=C1
8370,8552,C1#CC=CCNC(C)C=C1
8371,8553,C(=S)(O)NC(NC=C1C2=CC=C1)=C2
8372,8554,C#CC1=NC(O)C=C(CC=CS2C)C=CC21C
8373,8555,C=C(PC=CC=C1N)NC2OC1=CC=C2
8374,8556,C(NCO)C(=O)CC=C1C(O)COC=C1
8375,8557,CC=C(C)OC1=CCC=C(O)SC=CC(CO)C1
8376,8558,COCCN(O)C=CSCCl
8377,8559,C=CC(C(C)C)CC=CC=C=NC1=CC=CC=C1
8378,8560,CCOC(C)(C)C(C=CC=CBr)=CC(O)C
8379,8561,CCCCCC1=CC=CC=C1
8380,8562,O1C(O)C(CC=CC)=CC=CC=C1
8381,8563,C=CC=C(O)C(CC=NC1C(C)C)=CC=C1C
8382,8564,COC(=S)NC=CC=C(CN1C2=CC=C)C=C1C2
8383,8565,CCCCCNC(NC)CC(C)CCNCCC
8384,8566,C1=CC=CC=N1
8385,8567,OCCC(C)[NH1]C1[NH1]C=CN=C(Cl)[NH1]1
8386,8568,C1NC=NC2=CC3=CN=CN=C3C1C(C4)C2=N4
8387,8569,C1COC1(C)CCCCCCCC=C
8388,8570,N1NC=CCC=CC=C1Cl
8389,8571,COC[NH1]NC(C)(N)CCN1CNC(C)C=C1
8390,8572,O=CC=CS1C=NC=NC=C=C1N
8391,8573,CCC(=O)CC(C)(O1)COCCCCC1
8392,8574,CC=CC=CC1=C(Br)OC(C)C1=O
8393,8575,CCCC=CC1=CC=CC=C1C=CC=CC(=O)C
8394,8576,N1C=C(NC=CC2C)CCN3C=C1C2=C3N
8395,8577,NBr
8396,8578,CN(C=O)C=O
8397,8579,NC=CC=CC(C)=CCCF
8398,8580,CC=C=NC=CC=CC=CON(O)O
8399,8581,NCC(C)=NC(=O)C=O
8400,8582,CC(C)=CCSCC(C)OO
8401,8583,N=C1C=C[NH1]N=C1
8402,8584,C=C=C=CC=CC1=CC=CCNC1
8403,8585,CNC(=O)NC=NC=CC=CC=CC=C1C=C1
8404,8586,CNC=CC1(O)C(=O)NN=CC=C1
8405,8587,C1N=C2C3=CC(C)C=C2N=CS13
8406,8588,CSC(=C)OC=CCC1[NH1]C=CC=C1NCC
8407,8589,OC(C)=C(Cl)NCSCC=C
8408,8590,N1CC#C1
8409,8591,C=C(O)C(O)C=CCCC1C=CC=CC=C1
8410,8592,CC=CC=C
8411,8593,O=CC(=O)C(O)CCCCO
8412,8594,CCC(=O)C=CC=CC=CC1=CC=C=C1OBr
8413,8595,NC=CC=C(C)CC(C)Cl
8414,8596,COCCCCCC1NC2CCC=C2CC=C1
8415,8597,CCCCC1(C)NCC1CC(C)O
8416,8598,OCCNSN=CC1(S)C2=C(N)C(Br)C=C21
8417,8599,CC(C)CC=CC1(O)CNCC1
8418,8600,NCCC(CC(=O)C)=CCN(C1)CN=CC=CC1O
8419,8601,OC(=O)NCC(N)C=NCCS
8420,8602,NC=CC(C)C1=CC=CC=C1SC[NH1]
8421,8603,C=CCC(C(C)CC=1C=C)CNC=1
8422,8604,O=NCCC(C)=C1C(C=CC)=C1Cl
8423,8605,CSC=CN=C(C1)CC2CC3C1CCCC32O
8424,8606,C=C
8425,8607,CC=NCCCC1=CC=CC=C1
8426,8608,CN=C=CC=NC(C1C)CCC(C)O1
8427,8609,CNCCCCC(C)(C)C=CC=CC(N1)C1
8428,8610,CCC(C=C)CC1CC2C=CC=C2C=NC1
8429,8611,CNC1C=CNCC1
8430,8612,NCCC[NH1]C=O
8431,8613,C1CC=CC(Cl)N=C1NC2CC=CC=C=C2
8432,8614,CCCCCCCC(=O)NCCCCSC
8433,8615,O1SS=NC1(C=CC=C2C)NC=C3C=CC=CC3=C2
8434,8616,NCC[NH1]N=NNC(=O)NC1CC=CC=C1
8435,8617,O=CN=CC=C(Cl)N=CC=CC(=O)OC
8436,8618,C(=O)C=C1C=CC=C[NH1]1
8437,8619,CCCCNCC1C(=O)CCC1
8438,8620,OCC(=O)CCCCC=CC1=CN=CC=C1
8439,8621,CNCC(=O)OC=C1C=C(Cl)C=C1C=C
8440,8622,CC(O)C(=O)C=O
8441,8623,CCC(C1)OC=CN=CC=CCN=C1
8442,8624,O=C(O)C(=O)N1CCC=C1
8443,8625,CC=NCC(Cl)C=CC=CCNC(N)=CC
8444,8626,CCCCNCCC1=NC=C[NH1]1
8445,8627,O1C=NC=CC=CN=CC(F)S1S
8446,8628,CCCN=NC=C(OC)NC(Cl)C=C1C=CC=N1
8447,8629,CC(C)C=CC=NN=CC=CC=C(Cl)COC
8448,8630,C=NC(C)C1CCCCCNC=C1
8449,8631,COC(=O)N=C1CCOC=CCC1C
8450,8632,OC(C1)=CC(C)N=COC=C1C
8451,8633,NC=NCCCCC=CCC(CN)C(C1)CC1
8452,8634,OC(CC(C)=NNN)NC=C
8453,8635,C=CC=C(C)CCN1CC(O)C=CC=CC=C1
8454,8636,O=CC=CC=C(Cl)C(C)CC
8455,8637,CCCC=CN=CC=C1C=CC=C1CNN=N
8456,8638,BrSCC1=C(CN=CC=C1C=N)C(=O)O
8457,8639,CCOC=NC(C)=CC#N
8458,8640,OC(=O)C=O
8459,8641,O=CC(F)C(C1)=C1
8460,8642,N#CCCCCCCCC1=C(S)CCCC1=O
8461,8643,CCOC=O
8462,8644,COC=CC(=O)C(=O)O
8463,8645,CSCC1=CC=CC=C1
8464,8646,CC=CC=CC=CC(=O)C=CP#C
8465,8647,C=COC=CN=C(Cl)COC
8466,8648,CCCCCNCCC1CC1
8467,8649,C1CCCC1=CN2C=CC3=NN[NH1]NC32
8468,8650,NC=C(CCN1C(=O)CCC1)C
8469,8651,CC=NN(C)CCCCC=C
8470,8652,BrCCCSC(F)[NH1]CCC=O
8471,8653,O=C(C)SC=CCC(CC1)=CC=CC1
8472,8654,CC(C)OC=CC=CCNCOC
8473,8655,CCCCC#CC=S1C=CC=CC(=O)N1
8474,8656,O=CC(C1)=CC=CC=C1
8475,8657,N=NN(O)C(O)=CCCl
8476,8658,NC=CC=CC=CC=CNC(=O)O
8477,8659,C=CC=CC=C(O)C(C1)C(C)CC1=C
8478,8660,N=C(COC(=O)OCCC=C(O1)C)CC=CC1=CO
8479,8661,CCC=CC=C(C1CCC=C1C2)CC2O
8480,8662,CNCCCC=C[NH1]C1=C2C=CC=C=C1S2
8481,8663,C1N=C2CC=CC=C2CN1
8482,8664,OC=NC=CC1=C(C)CC(C1)C=CC=CN
8483,8665,C=CC=CC=C(O)C(O)C1=SC=CN1NO
8484,8666,NCC=CCC1=CN=CC=C1S
8485,8667,N1C=CC(N1OC)C(=O)O
8486,8668,CCC=CC=CC=CC=CC1=C(Cl)C1CC
8487,8669,CC(=O)NC(C)C(O)CNC
8488,8670,O=S1(N=O)=CN=C1N
8489,8671,CC=CC=CC(F)SC1=C[NH1]1
8490,8672,NC1(O)C=CN=C2N(CCC2)C1
8491,8673,CCCNC(CC1C2=CC=NC3=C2N)C1C3
8492,8674,C#CCCCCCNC(=O)C(CC)C
8493,8675,CCCC(N)C(N)C(=O)O
8494,8676,CCNC1OC(=O)NC(=O)OOS1
8495,8677,CCC=C(CCNOCC(C)CC)CCl
8496,8678,CC=CC(C=CC=CCCl)CCCC=N
8497,8679,CC=CC=C(O)C=NCC=C
8498,8680,C(NCOC=O)COC(=O)O
8499,8681,C=NC(N)CN
8500,8682,OCC1CCCC1
8501,8683,CN(N)CCCNCOC(=O)OF
8502,8684,CCOC(=O)NC(=O)OC=CN=CC=CCCO
8503,8685,CN(CCCCN)C(=O)NSC#N
8504,8686,N1C2(C)CCCC2CC1
8505,8687,OC=CCOC(C1=2)(N)CC=CC=C1CNC=2
8506,8688,N=CC(C)C(C1)=C2OC=C2O1
8507,8689,C=CC(=N)C=C1C(=O)N=CC=CC=C1
8508,8690,CC1CCCN2C(C)(C)NC2NC1
8509,8691,C1NC=CC=CC=C2C=CC=C12
8510,8692,CC=C(O)C(N)C
8511,8693,CC(=O)OC=CC=C1C(=O)OC=C1
8512,8694,OCCC1OCC2CNC1C2
8513,8695,CCCC1=CCCC=CC#CCC(C)=C1
8514,8696,CCCN(C)OC=C1C=C(C)N=CC=CC1
8515,8697,CC(CCC=NC=C(N)C1C)C(C=CC)=C1
8516,8698,NCNCC=CC1=CC(COC1)CN
8517,8699,C(C)CC#CC=CC(=O)NCCC(=C)C=O
8518,8700,CC(CN1C=O)(C)OC1=N
8519,8701,CCO[NH1]CN=NC=NNCNC
8520,8702,BrC(=O)C=O
8521,8703,CCC1=CS=NCCOCCC1
8522,8704,NCCl
8523,8705,C=1=CC=CC=CC=C=1
8524,8706,C12CC1C2=O
8525,8707,CN(S)COC=NC=C(C)Cl
8526,8708,SCN(O)C1CCCC(C)(N1)C=O
8527,8709,NOCNCCC
8528,8710,C1C=C[SH1]2C=CC=C2OC=C1
8529,8711,NC=NOC=NC=CC=CC1=CC=CC=C1S
8530,8712,CCCCCC=C(C)C(C)=C
8531,8713,ClC=CC1=CC=C=N1
8532,8714,S1=C(CCOCCN2C1)C=CC=C2
8533,8715,NSC1=CC=CC1CBr
8534,8716,OCC=CC=C(O)ON=C1N(C)CC=C1C=C
8535,8717,NCCCCC=NCCCC(=O)O
8536,8718,CC#CCN=C(C)CCCCCC=CNC=C
8537,8719,CC(N)=C(C)C=CC=CN(CC)CN
8538,8720,CSN=CC=CN(C)C1N=CC(O)=C1S=C=C=N
8539,8721,OCCOC(=O)OCCCOC(=O)O
8540,8722,CC(C)C1CCC=CC1=CC=C2C(O)C=C2
8541,8724,NNC(C1)CCC(O)COC=CC=C1
8542,8725,COCN=CC=CC=C1C=CC=C[NH1]1
8543,8726,C=CC1CC(=O)C=CC=CC=C1Cl
8544,8727,CCNC=CN=NCN1C(C)=CC=C1NC=CCCC
8545,8728,C1COC(O2)C1=NC=C3C=N[NH1]C3C=CC2
8546,8729,COC(C=O)OC=CS
8547,8730,NC=CC(C)(O)C#C
8548,8731,COC(=O)OC1=C=NC=CC1CSN
8549,8732,NCCCC1CNNC1C=CC=C(C)Cl
8550,8733,CC(=O)NC(C(O)CC)CCC[NH1]
8551,8734,NC=CC(CC(=O)C=O)COC1=CC=CC=C1Cl
8552,8735,CC1(C)NCCC(N)C(S)N=N1
8553,8736,CC(=O)OCCC1C=CC(C(O)C)(C)S1
8554,8737,CC(=O)OSCCN
8555,8738,CCC1=CC=CC=C1C=S
8556,8739,O=NCC=C(C=CNS(N)CCCCC)C=O
8557,8740,CCC(C)C=CC(C1NCN)C=C1C
8558,8741,C=NCCCOCCCCCCC1CCCCC1=O
8559,8742,O1N=CC=C(Cl)C=CC=C1
8560,8743,OC(CC(S1)CCC)=CSC=CC=CC1
8561,8744,CC=CC=C(Br)C1CC(C)C1=O
8562,8745,C1CC=CC2=CC=CC=C2CSC1=N
8563,8746,O=C(S)SC(=O)NCNC[NH1]C=O
8564,8747,C1CCCOC(=S)OC=C1
8565,8748,O=CC=C(F)CN(CN)C=CC=C
8566,8749,NC(O)CN1COC(C)CCC1O
8567,8750,C1COCC(=C)C=C2C=C1CCN=C2C=NC
8568,8751,N=C1C(C2)CCN=S2=C1
8569,8752,CC1=CC=CC1C2C=CC(=O)NC=NC2O
8570,8753,CCC=C(S)C(=O)CC1CCNO1
8571,8754,O=C(Cl)NC=CC1=CC=CC=C1C
8572,8755,S=NN(N)C#N
8573,8756,NC(=O)NC=NNC(O)O
8574,8757,CCCCCCCCC(Cl)CNC
8575,8758,C1=C(C)OC(=O)CC=CC=C1CN
8576,8759,C1(=O)CCCCC1CCCC(C)C(C)O
8577,8760,CC(C)CC1CC=CC=C1
8578,8761,O=CC=CNOI
8579,8762,C=C=C(Br)C=C1C=CCCC1
8580,8763,N1CCCC2=C=CC=C1NN2N
8581,8764,C=CCC(CCCCC1=O)OC=C1CC=CC=CCl
8582,8765,C1CCCCSCOC=CCO1
8583,8766,C=C(N)CC(S1)C=C2C(=O)C(O)C2C=C1
8584,8767,C=CCC(C)=CC=C1CCCS1
8585,8768,N=S(CNC(=O)CO)N(O)NC
8586,8769,C#CC(C)OC
8587,8770,CN=CC(C)C=O
8588,8771,C1CC(Br)(C)CCCCNCCC1
8589,8772,COC(=O)OC=CC=C
8590,8773,CC(C)OC(C)N=CC=CC=CC=C
8591,8774,NCNC1CCCCCCC1
8592,8775,C1CC(C=C1SCCC)CC2CCC=NC2=N
8593,8776,CC#CC1=CC=CC=CN=C1C(I)C
8594,8777,C1NC(=O)CC=CC=C1
8595,8778,N1CNCCCC1CCC(C)C
8596,8779,CCCC=CC=CC(O1)CCCCC1
8597,8780,CCCN=CCCCC(=O)NCC
8598,8781,CC=CCCCN1C(=O)NNC12C=CNC2
8599,8782,CCC=CC=C1C(C=C2[NH1]C=C)C=C2N1
8600,8783,CC(=O)OC(C)CNC(O1)C1O
8601,8784,C=NCC(=O)OC(C)CC=NC=CC1=CC=CC=C1
8602,8785,CC(C)SC=NNC(O)=CC(=O)N=CC=C
8603,8786,OCC1=CC=C(N)C(=O)OC=C1N=C
8604,8787,C=CC1=CC=NC=C1
8605,8788,N#CC=NC(N)C(=O)NC1=NC=CC=C1F
8606,8789,O1CNC(=O)ONCS1
8607,8790,C[PH1]CC(CCN)C(C)C(=O)O
8608,8791,C#CCNCCCC(=O)O
8609,8792,N=1NCC(=O)C=CN(C)C=1
8610,8793,O=C(N)C(N)Cl
8611,8794,CCC1C(C)NCN1
8612,8795,C1N=CC1(CC=CCO)C
8613,8797,CC(C)OC=CONC1=CN=CC=C1C
8614,8798,CCCC(CC=O)OC=CC1=CC=CC=C1
8615,8799,C=CCCNOC=NN
8616,8800,CCC(C)C1C=CC=C(F)CC2=CS12
8617,8801,C(C1)CC2NC1OC2
8618,8802,CCCNC(=O)NCC(C)Cl
8619,8803,CC=C(C)NCCCCCC1CCSCC1=O
8620,8804,CCCNCCC(C)NCCC(=O)C
8621,8805,CC=CC=CC(C)=CC=CS(O)O
8622,8806,OC=C(NCS1CC)COC1
8623,8807,CC(=O)CCCC=NCC(C)(O)OCCC
8624,8808,N1[NH1]CCC1C(C)=CC=CF
8625,8809,C=CNCOC1=CC=CC=C1
8626,8810,CN(NCCCNC)C=O
8627,8811,NNC1=NC(C)C2=CC3=CC=C2C=C31
8628,8812,O1C2=CC=CN=C2C=C(O3)CN=CC=C31
8629,8813,OC=CN=C([NH1])OCOO
8630,8814,CNCCCC(O)CCC
8631,8815,CC(C)C(=O)NC(=O)CC(C)CCC
8632,8816,NN(O)C(C)=C[NH1]C(=O)NC
8633,8817,CCC(C)NCC(Cl)N
8634,8818,O=CC=NCCOC=O
8635,8819,OC=CC=CC=CC=C[NH1]C=O
8636,8820,NC(N)=NC=CNC=CCI
8637,8821,COC(C)(C)CC1=CSC=CC1
8638,8822,CCCNCC1(N)CCC1
8639,8823,COC=C(O)C=NC=C(F)CCF
8640,8824,NNCC(N)=C(C)NCC1=CC=CC=C1
8641,8825,CCC=NC=CC1=C2S(Cl)=C(Br)C=C2N1
8642,8826,CCCOC(O)C(=O)OC(=O)O
8643,8827,O=C(C)COC(Cl)(C1=CC)CC=C2C=CC=C=C21
8644,8828,NC(C)CCCCC(C)=CC=CC=C
8645,8829,CCCOC=CC=C=NC(Br)C=CO
8646,8830,C1CCCCC1(N2)C=CC=CC2
8647,8831,C12CC=CC1(C=CC3=C[NH1]C=CS3)C2
8648,8832,CC(=O)CN1CC(NC(F)=CC=C)C(Cl)[NH1]1
8649,8833,CN=C(F)C=CC=CC=CON=SC
8650,8834,C1C(=O)N=C2C=C1C=CC=C2
8651,8835,COC=CC=C(C)C=NC(CC)CCl
8652,8836,OCOCC(C)=NN(C)C1C=CCNC=C1
8653,8837,CONCCNCCN1CCC=CC1(N)CC=C
8654,8838,CNC(=O)CCCNCO
8655,8839,CCSN=CC=CC=C(C)N=CC
8656,8840,NCCCCC(Br)CC1=CC=C(Cl)C=C1O
8657,8841,O=NC=CC=CC=C(OC)NCO
8658,8842,N1C=CS1C(=O)OC2=CC=CS2
8659,8843,CN=CC(=O)C=CC=CO
8660,8844,C1CCCC(=O)N1
8661,8845,C1C(=O)C=CC=CC=C1F
8662,8846,CC(C)C(S)(C=NC1=CC=CC=C1)O
8663,8847,CC(=O)COC(C)=C1C=CC=CC=CC2C1=N2
8664,8848,CCNCCN1S(C)CCCCS1
8665,8849,N=CC=NCBr
8666,8850,NC=C1C=CNCC(=O)N=N1
8667,8851,CC(C)CCCCC(CCC)OCCOC
8668,8852,CC(C1)CC=CC(=O)NC1C
8669,8853,CNCCCC(CCCC=CC1=C)C=CC=C1SO
8670,8854,NC(O1)C#CC(C2)CSC(C)=C2C1=O
8671,8855,O=C(CCN(C)N1CO)CC1
8672,8856,CNCSC=C[NH1][NH1]C=O
8673,8857,CCCC=NC(N)CCC
8674,8858,C1=C(C)COC=C1CCOC(=O)C2=CC=CC=N2
8675,8859,CC=CC(=O)N(N)C1=NC1=C
8676,8860,O=CN=CC=C(O1)OC2=CC=CC=C2N1
8677,8861,CCC=CC=CC=C(Br)C(Cl)O
8678,8862,O=C1C=CC(=O)OC1C(C)=CC=C
8679,8863,CC(=O)C
8680,8864,CNC(C1)CCC(=C)N=C1
8681,8865,C1C(C)CCCC=C1
8682,8866,OC(=O)C(Cl)=CC1=CC=CCC1
8683,8867,COC(=O)CC=C1C=C2C(C=C3C=C2)C31
8684,8868,CCC=CC=C1S=C=CC=C1
8685,8869,C1N(C)C=N1
8686,8870,N(F)CCCC1CCCCN(O)C1C
8687,8872,CC=CN=CC(=O)CF
8688,8873,C=C(C)SCOC1(C)CCCC1
8689,8874,CC=NC(C)=CC=C1C=NS=C1F
8690,8875,C1CN2C=CC=CC=CC12
8691,8876,C1CCCC(C)CCC1
8692,8877,CCCC#N
8693,8878,CC(C)C1(C)C=C2C=CC=CC2NC1
8694,8879,CCC=CC=C[NH1]C=CN=C(O)[NH1]C=C
8695,8880,NC=CC(=O)C(=O)S
8696,8881,NC=C1C=CC(C)=CC=CC=C1C=O
8697,8882,C1C=NC=CC(O2)S(C)CC21
8698,8883,CC(CCC(=O)NCCCC)C(=O)CO[NH1]C
8699,8884,NC=NN(O)C=CC(Cl)=CC=C1C(=O)NC1
8700,8885,N1CC=CC=CC1
8701,8886,O=NC1=CC2=CC=C1CC=C2
8702,8887,CC1C(C)CCC(C)OC(O)CCC1
8703,8888,O=CC(C)C=CC1=CC=CC[NH1]1
8704,8889,NC1=NC=C2C=C1C=CC=CC=C(C)C2Cl
8705,8890,CC=NC(C)=CC(=O)O
8706,8891,O(NN=C(O)C1C)CC=C(OOC)CC1SS
8707,8892,CN(O)CC(C)C
8708,8893,C1CNC=CCCCS1
8709,8894,C(=O)CC=NCNC(O)CCC
8710,8895,C1CCCCCCC(C2=CC=C1Cl)=C2
8711,8896,NC#CC(=O)N=CC=CC=CC1=CC=CC=C1
8712,8897,CC(=O)C(=O)C=O
8713,8898,S(C)CCNC(C1)=NCC(=O)CCCS1
8714,8899,C1SCCC2CCCC2=CC=CC=C1
8715,8900,CC=NN(C)NC1=C(C)NCC1(Br)OC
8716,8902,O=CC(=O)CC=C(N)CC=O
8717,8903,CC=CC(O)C(=O)CCCC(C1)C1=O
8718,8904,CC#CC(=O)OCC(O)=S(C)C
8719,8905,C=CC(C)CC(CC)C#CCCCC
8720,8906,OC=NC=CC=CC=C(C)CC=C(C1Cl)C1
8721,8907,CCC=C1C=CC=C(Cl)NNC=C1
8722,8908,C1(N)=CC=CC1
8723,8909,N=NC=C(O)C=C1N=C(Cl)CC=CCC=C1C
8724,8910,CCCCCC1=CC2=CNCC=C12
8725,8911,CC(=O)CCC=CC1=CC=C2C=C1C=C2
8726,8912,CC(=O)C1=CC=CC=C1OCCC
8727,8913,N1ONC=CC2=CC(C)C2C1
8728,8914,CC=CN=CC(=CN1)C(=O)C2=CC=CC23C=CC=C3C1
8729,8915,C=NC1(C)C2=CC1N3C=CC=C4C=CS2=CS43
8730,8916,CCC1N=C2C=CC=C2CCC=CS1
8731,8917,NCOCOC1=C(O)C#C1
8732,8918,COCOC=C=C(N)C(=O)C=CS1C(C=CC=CC=C)N=C1
8733,8920,CC(=O)C(=O)CC1CCCC1=CCC
8734,8921,BrC=CCOC=O
8735,8922,C1CC=CC=CNC1=O
8736,8923,C(N)(CNNCC1)CCCC12C=CCC2C
8737,8924,PC=CC=CC=CC1N=C(N)C=C1
8738,8925,N(=O)COC=NN=CC=COO
8739,8926,CCC(O)CCC
8740,8927,CCC(C)C1(CN)C=CC=CSC=C1O
8741,8928,CCC=C1C(=O)N=C1CCOCCC
8742,8930,BrC=C(NC(C)C)CCCSCON
8743,8931,CNS(=O)SC(C)CNCOC=C[NH1]C
8744,8932,CC(O)CCCI
8745,8933,CCC=CC(C)=CC=CC(N)=O
8746,8934,OCC1CC(C)=CC=C1
8747,8936,C=C(N)C(=O)CN1COC=C1NC(=O)P
8748,8937,CC1(CCC#CC1)OCC(N)CCC
8749,8938,C=C1C=C(O)C2=CC=CC=C2N=CC1=C
8750,8939,N=C1NCC=C(C)NCOC1
8751,8940,BrCOC(=O)CC=CN1C=CCC1
8752,8941,CC=CC=C(N)NC=C1C=CCC=N1
8753,8942,NCC=C(O)C(O)C(=O)C(C)CCCCCCC
8754,8943,CCOC=PC(C)=C
8755,8944,C=1CCCN2CNCCC2=1
8756,8945,OC1C=CC(=O)OC=C1C
8757,8946,C1CCCOC=CC(=O)O1
8758,8947,CC=CC=C=NNNCC(=O)CCCOC#N
8759,8948,CN(CNCCCCCN1C(=O)C=C)N1OC
8760,8949,COCCOC(=O)CC1OC=CC=C1O
8761,8950,C1C2COCCSC=C1CCCC2=NO
8762,8951,CCC=C(COC(C)O)O
8763,8952,ClC(ONCCCOC=CS)Cl
8764,8953,CCC(C)C(O)C(C)CC1CCCCC1
8765,8954,OC(=O)CC(Br)C=NC=CC
8766,8955,C1OC(C)OC(=O)OCP1C
8767,8956,OCCN=C=C1C=CC=C1O
8768,8957,CC(C)CCC=1SCCCCCC=1
8769,8958,CCN(O)C=CC1=C(O)CS2C1C=CC=C2
8770,8959,CCCC(O)O
8771,8960,CN(C)C1CCN(Br)C1
8772,8961,C1=CC=CC=C(CCCC([NH1])CN)C1C=CC#C
8773,8962,FCC=CC=C(Br)CC(C)F
8774,8963,CCCC(=O)OC(=O)O
8775,8964,OCC(=O)NCCCC
8776,8965,C1C(=O)CC=CC(O)C1
8777,8966,COC=CC=CC=C(C)C=C1C=CC=C1C
8778,8967,OCC1=CC=C(C=NC=CC)CC(C)C1ON
8779,8968,C1CC[NH1]C(C)=CC=N1
8780,8969,C=COC=O
8781,8970,OC(=O)NCCCC1=CC=CC=C1N
8782,8971,O(O1)N2C=CNN1C2CCC
8783,8972,CC(O)C=CC(C)CCC(C(CC)O)=O
8784,8973,CCOC(=O)C=CC=COC1=C(O2)CCCC=CC2=C1N
8785,8974,O=NCCN=CC(=O)C(O)C(C)N=C
8786,8975,C(=O)(F)NC=C1C(O)C=C1
8787,8976,NC(=O)CCNC(O)CCCC1C=CC#C1
8788,8977,C1C(C)N(C)CC=C1
8789,8978,O(C=NC=CSC=CC)C(N=CC)Cl
8790,8979,O=C(C(=O)N)C1NCNCCN(C)C1
8791,8980,C1COC1CCCC(=O)C=O
8792,8981,O1C=C1C(C)CCCCC=NC=C
8793,8982,C=C(N)C(=O)N
8794,8983,CC1CNN=CC(C)=CC=CNS1=O
8795,8984,CNC=NC=C(Cl)N1CCC=CC=C1
8796,8985,C1OC1
8797,8986,SC=C(O)C(=O)OCOC=O
8798,8987,CC1=CC=CC=C1C(O)=COOC
8799,8988,NNCC1=CC=CC=C1C
8800,8989,CC=CC=C(N)CN=CCCC(=O)CCC
8801,8990,N1=CC=C1C=C2C=C3C(C)=CC=C3C2(O)N
8802,8991,COC=C1C2=CC3=NS1C2C3
8803,8992,CCCCCCCCCC(=O)CC
8804,8993,N1=CN2CCCCC2C1
8805,8994,CCNCNC=CC=C1SC=CC=C1
8806,8995,CC(N)C=CN1C=CC=CCC1C=N
8807,8996,O=C=C1C2=CC=C=CC=C1OC2
8808,8997,C1C=CC(C)(O)OC(F)(O)COC1
8809,8998,SN=CC=CO
8810,8999,O=CCOC
8811,9000,CCC(C)NC(=O)NCC1OCNCC1=C
8812,9001,CSC(O1)=COC=CC=C2C=CC=C1C2
8813,9002,CC1=CC=C[NH1]C2SC=C1CC2
8814,9004,CCCCCCCC(=O)CSCNCCC
8815,9005,C1OCC=CC(C)=CC=C1
8816,9006,C1CCC(C2)CC1(C=C3CN)CN2C3
8817,9007,CCCOC(C)C=1C2CN(C)CC=CC=12
8818,9008,CC1OC=CC=C1C(=O)OC=CC(C2)=CC=CC2
8819,9009,CC1CNC(C)CC1
8820,9010,NC(=O)C=CC=NSC=CN(C1)ON=CC=NC1=O
8821,9011,CCCCC1CCCC=C1C=SCSCN
8822,9012,C=NC=CC1=CC=CS(Br)CC1S
8823,9013,OC(=O)NC=CC1=CC=CC=C(Br)C[NH1]1
8824,9014,COC1=CC=CC=C1
8825,9015,CC=CC1=CC2=C(Cl)C=CC=C1C2
8826,9016,CCCC1=CC=CC=C1C
8827,9017,CC(C=O)O
8828,9018,ClCNCCCC=C(C)N
8829,9019,COC=CC=C(C)C=CC=COO
8830,9020,C1N=N1
8831,9021,C=C(C)C=CC1=CC(=C)C(F)=C1CO
8832,9022,CCCNCNCCCCC=C=O
8833,9023,NC(C)CC=C(O)C(O)ON
8834,9024,CNCC=CC=CCC(=O)CC(=O)O
8835,9025,C12OC=C1ON=NCCNC=C2
8836,9026,CC#CCN=O
8837,9027,OC(N)C=C(Cl)C=CC(F)=CO
8838,9028,C12NC=C1S2CCCCCC
8839,9029,NC(=O)NC(=O)CC(=O)S
8840,9030,CCCN=CC=C1C2=CC=C(Br)COC21
8841,9031,CCCC1CCC(O)=C1[PH1]C
8842,9032,CCC(C)=CC=C(N=C(N)S)SO
8843,9033,CCNC(=O)NC=C1C=CC=C2S1SCC2
8844,9034,CCCC=CNC=CC1=CC[NH1]C=C1
8845,9035,C=CC=COC(C)NN1C=CC=C[NH1]1
8846,9036,CCCCCNCCOC=C
8847,9037,CC(=O)C=NC(C)C(C)O
8848,9038,CC=NC=CC=CC1=CCC=C1
8849,9039,COC=CN=NC(C)SC=N
8850,9040,CCC(=O)C=CC(C=CC=O)CCC
8851,9041,CCCC(C)CC1CC(C)=CC=CC=C(C=C1C2)C2N
8852,9042,SC(=O)NC(=O)C1=CC=CCOC(O)=C1O
8853,9043,CC(C1CCC(O)C=C1)=C
8854,9044,N=CCNCCC=CN=C(S(C)CC=O)O
8855,9045,C1=NC(N)=NN2C1C3=CC=CCP3C2
8856,9046,C=C1C(C=CN=C1SCC)CC
8857,9047,CC=CC1([NH1]NCC=O)COC(=O)O1
8858,9048,CCCC=NC(O)CC=CC1=CC=CC=C1
8859,9049,N=C(OC)C(S)CCCC1=NCNC12C=CC=C2
8860,9050,C1C=C1CC=CN=CC=C(N)C=CN=CC=NN
8861,9051,NNNCCCSC(=O)O
8862,9052,CCNCCC(C)(C)CCC(C)C
8863,9053,NC=NC=C(Br)C(N)CC
8864,9054,N=C(N)OCC=CN=CC=C(Br)O
8865,9055,CC=NOC=CC1=NCCCCCC=C1
8866,9056,CNC(=O)NCC=NC=CC=C(N)Br
8867,9057,CNCCC1CC(N)CNCC(C)=C1
8868,9058,C1C2N1CC(O)C2=O
8869,9059,C=C(C)C=C(C)OC=NC=CC(=O)O
8870,9060,CC(C)CCC(=O)OC=C
8871,9061,CNCCC(=O)N=CC=C
8872,9062,C#1C=NC=CC#1
8873,9063,CC=NN(O)C(=O)OCC=NC[NH1]
8874,9064,O1C(N)CC1
8875,9065,CC=C(C)[NH1]C(=O)OC=O
8876,9066,C1CCCCC1CCCC2CC2
8877,9067,CC=NCCC(C=NCl)N
8878,9068,C#CC=CC=C(C)CC=CC=C1[NH1]C=CN=C=C1
8879,9069,CC=CC(N)=CCC(C1)=CCSCC=CNC1
8880,9070,CCC=CC=CCC1=CC=CC=C1
8881,9071,OC(=O)C(C)C(C)CCC=NCO
8882,9072,CC=C(C=CN=CNC(Cl)=CN)C[NH1]
8883,9073,CC(C)CCO
8884,9074,COC1CC(CNC(=O)CN)COOC=N1
8885,9075,O=C(O)C=C1C=CC=CC1
8886,9076,C(N)C(=O)OC(O)=N
8887,9077,CC(=O)C(CCCC1=CC=CC1CC)C
8888,9078,OC(C)=CC=CC=C1C=C(C)CC=C1C
8889,9079,C1CC=CC=C[NH1]1
8890,9080,C#S=CC(C)CCCC=O
8891,9081,C=NC=CC(CN)CC(OS)C(F)N=CO[SH1]C
8892,9082,O=CC=C1C(O)CCCC#C1
8893,9083,C(N)C(=O)NCCCC(=O)F
8894,9084,CCCCC(=O)NC(=O)N
8895,9085,C=CN(N)C(=O)OC(C)=NC#CCNC
8896,9086,OC=NCOC(C)NCCCN=C([PH1])[NH1]C(O)C=CCN
8897,9087,C1CC(C#CC2)=C3C=CC=C(O)SC1C3=C2
8898,9088,OCCCC(=O)OC(=O)C
8899,9089,C(=O)C=CC=C(C)Br
8900,9090,C=C(C(=O)CC1CNCC)C1COC
8901,9091,C1C=CSC2=CC=CC=C2C1=O
8902,9092,CCOC=CC(C)=CC=CC(=O)C=O
8903,9093,NC1COC(C)CCOC1C
8904,9094,CC(=O)CCCCC1NCC=N1
8905,9095,CC(C)=C1C(C)CCCNC=C1
8906,9096,CCC(O)C(=O)N=C1NC=CC=C1ON
8907,9097,COC=CC=C1CN=CC=C1C=O
8908,9098,COCCCCC#N
8909,9099,C1CC=C2C(C)CC2C=CN=C1
8910,9100,CCCCCOC=C(N)OOC=NCC
8911,9101,CNC(C)=C1C(C2)=CC=C1C2CO
8912,9102,O(CC=CC=CC1CC=CC)CN=CC=CNS1
8913,9103,CC(C)SC=CC1=CC=C1
8914,9104,O=CCC=NCOC(NC1)=NCCCC1
8915,9105,O=CC=C(NC1=CC=C=C1NO)O
8916,9106,O1CC=C1CCC(=O)OS
8917,9107,C1=CC=S(=C)C(C(=O)O)C(C)OC1C
8918,9108,CCC=CCC=C(O)C=CC=C(Br)Cl
8919,9109,NC(S)OCCCO
8920,9110,CC=CN=N
8921,9111,OBr
8922,9112,O=C[NH1]C1SC=CC=C(SC2=C)N=CC=C21
8923,9113,OC(N1)C2CC3CS(C)(C)CSN3C2=C1
8924,9114,NC(C)C(C)(NCCCNCC)C(=O)C
8925,9115,SN=CC1C=CC(N)C1C#CO
8926,9116,CCCC(C)C(C)CC
8927,9117,CCOC(O)CCCNOCC(O)CO
8928,9118,CNC(O)=C(O)CCCCCC=C(O1)C1
8929,9119,CCCNC(C=C(C1)CN)=C[NH1]C=C1N
8930,9120,CCNCNC(=O)NCNC
8931,9121,NC(=CC)CC[NH1]C(C)(CCl)C(O)C(=O)F
8932,9122,C=1C=NC=1CCCC=CN=CC#N
8933,9123,CC=C(C)C1=CC2=NC=C1O2
8934,9124,C1C=C(O)CCC=CC=CSCC1=O
8935,9125,NCC(=O)NNCN[NH1]C=C
8936,9126,OC=CC=CC=C(O1)NC=CC=C1
8937,9127,CCOCC1=NC=CC=C1CC(N)(C)Cl
8938,9128,CC=CCC(O)=C(C)O
8939,9129,O=C(C)CC1CCCNC1CC
8940,9130,O=C(O)SC=C(Cl)CCCCC=C
8941,9131,OOSNCN(O)OCN=C
8942,9132,CCCC=CC=CC=C(O1)C=CC=C1Cl
8943,9133,C1=NC2C(C)(C=CC=N1)C2
8944,9134,NC(C(P)CCC1C=O)OC1
8945,9135,COCC=CC(C)C1=CSC=C1
8946,9136,CCCCCC=C(C1)CC=CC(S)=C1
8947,9137,CNC(=O)C(C)CCCC=C(N)CCC
8948,9138,CC1CCCSCCNC=NC(N)C=C1
8949,9139,CNN=CC1=C2C=CC=C1C=C2
8950,9140,CCNCC1C(C)=CC=C1OC(N)=N
8951,9141,O1CC=CC=CC=C(C)OC1
8952,9142,O=CCN=C(C)NCC=N
8953,9143,O=C(O)C=C(O)C(=O)C(O)C=O
8954,9144,CNCOCCCCC(=O)CCCC
8955,9145,O=C(O)C1C2COCC=C2OC1
8956,9146,CCCCCNC(N)CCC
8957,9147,CCCOC=CC=CC=C(N)C(=O)O
8958,9148,CCC(C)C=C1C=CN=CO1
8959,9149,C(C)CCCC1=CSC=CC=C1
8960,9150,C=C1C=COC[NH1]C2=CC=CC=C21
8961,9151,COC(=O)COC=O
8962,9152,C1C=CCN=C2C=CC=C2C1
8963,9153,C1OC=NCNC=C1C2C=C(Cl)CC=CC=C2
8964,9154,NCCCOC(Cl)C=CC=C
8965,9155,CNCC1CNCCC1C=C
8966,9156,CC1(C)NCN1C=O
8967,9157,CCOCCCCCCCC1CCC=C1
8968,9158,C1(N)=CC2=CCC=C1C=CC#CC2
8969,9159,C1NC=CC=C1C=CC=C2N=C(Cl)C2O
8970,9160,C1=CC=SOC(=O)CC1=O
8971,9161,N1CNCC1CCCCCN2CC2=NC
8972,9162,C=C1C(=O)OCC1=O
8973,9163,NC(=O)SC(=O)C(C)(O)O
8974,9164,N1=CN=CC=CC2CNSC21
8975,9165,CCCCCC(=O)OCCCC1CCOC=C1
8976,9166,N=CC(=O)N1CCCC1
8977,9167,CC(O)COCOC1=CC=CC=C1N
8978,9168,C1OC=CC=CSS12C3=CC=CC=C3NCC2
8979,9169,CCCNC(=S1)C(F)OC=NCCC1=NN
8980,9170,CC=C(O)COC=CCCC
8981,9171,N1CCC(C)O1
8982,9172,CCC=CC=CC(=O)CN=CC=CC=C=C
8983,9173,CC=CC=CC1=CC(C)(Br)C1
8984,9174,CC=NC(O)C(C)C1CCCCC=C1
8985,9175,CC1=CC(O)=CC=C1ONC(C)CCO
8986,9176,OC=CBr
8987,9177,O(C)COC(=O)NC1(C)NCN1
8988,9178,CC(O)C=CC(=O)CNC=O
8989,9179,N(=O)N=CN=CCCCC=C(C)C=S
8990,9180,CN=C(O)C(=O)NC=C(Br)C=NC=C
8991,9181,CCSC=CC1=CC=CC=C1Cl
8992,9182,CCC(NCC)C1CCC2N1C2=O
8993,9183,N=CC=C1C2=C(C)OC=CS2#C1
8994,9184,CC=C(CN=CC1=CC=CS1)C(=O)O
8995,9185,CCCC(C)=CC=NCC(C=O)I
8996,9186,CCCC[NH1]C(=O)O
8997,9187,NN=NCNCC1NCCCNC1CNC
8998,9188,CSN=CC=CCC1(CC(Cl)C=C1)O
8999,9189,CC(C)CCC1C2CNCNCCC1CCC2
9000,9190,CCC1=CC=NC=C1NCO
9001,9191,NC=CN=CC=CC=CC=CC(C1)=CC=CC=C1Cl
9002,9192,CNC(=O)N=CC=C1C=CCC=C1NC=N
9003,9193,C12CCC[NH1]C=CC=C[NH1]CC1=C2
9004,9194,CCNC1NCCC1CCC
9005,9195,C1C(=O)C=CCC1C=CCl
9006,9196,CCCC=CN=CCCC=C(Cl)C=C
9007,9197,N=CSCN1CNN2C=CC=C2C=C[NH1]C1
9008,9198,OC=C1C=CC=C(F)COO1
9009,9199,C#CCCCPCCCC(N)SNCC
9010,9200,CCC(N)CCC=CC1=CC=CC=C1
9011,9201,CCN(CC=O)OC=NC=C(O)CCC
9012,9202,NC=CC=C(Br)C=C1N=CNC1=C=C2C=C2N
9013,9203,O1C2=C1CCNCCC=NNC2CC
9014,9204,COC=CC1C=C(CC)CC1
9015,9205,CCCNN=CC=C(N1)C=C1CO
9016,9206,CCSC(C)OC=CC=CC=C(C1)CCC=C1
9017,9207,SN(O)NC1CCCCCCCN1C
9018,9208,OCCOC=CC1=CC=CC=C1Cl
9019,9209,COC(O)C1=CC=CC=N1
9020,9210,NC=CS(C)(=O)NC=N[NH1]C(=O)OCCC
9021,9211,CC=CC=CC1=C(CCC)CC1=C
9022,9212,CC[SH1]CC(=O)N1C=CC2=CC3=CC=C2[NH1]C31
9023,9213,O=CC=CC1C2C=NC1CC=N2
9024,9214,NC(C)N=CC(=O)CC(C)CCCC=C
9025,9215,O=CC=CCC=C(C=1C(N)C2C)NC=C2C=1
9026,9216,N1=CC=C(N2)CC=C1C=C2
9027,9217,OCCNC(C)C=C1C=CC(Cl)N=C1
9028,9218,CCCC[NH1]C=NC=NC=O
9029,9219,NC=C1CCC[NH1]N1C(=O)OC
9030,9220,C=CC1=C[NH1]C(C)C1
9031,9221,CC=CCl
9032,9222,COC=CC=CC(N=CC1)=CC=CC=C1
9033,9223,CON1C=CC2=CC=CCS2CCC1C
9034,9224,CC=CC(Cl)CC=O
9035,9225,COC=C(C)C1NC=C(C)CC1=O
9036,9226,O=C(N)NC(=O)SNCCS
9037,9227,OCC(O)=CC(F)N=CC=CC=CC=CC1=CC=CC=C1Cl
9038,9228,CCCC(N)=NC(C)=CC1=CN=CC=C1C
9039,9229,CC=CC=CCC(C=C1C)=CCS1
9040,9230,N1=CC=C1NC(O)CCC(=O)CBr
9041,9231,NCS(N)C=SCC
9042,9232,C1CCOC(=N)CCC2(C)CCC1C2=S
9043,9233,CCCCC=C(CC1(N)C=O)COC=C1
9044,9234,NC=N
9045,9235,C=SC(O1)=CN=CN=C1C
9046,9236,C1NCC(C)CN=C1O
9047,9237,N#CCN=C(C)CNC1=NC2=CN=C1NC2
9048,9238,CCC=C(C)CCCCC(CC)CC1CCCC1
9049,9239,CC(O)C(C)SCCC#CCCCCC
9050,9240,CSCCCCCCC(O)C
9051,9241,CN=CCC(F)C#C[NH1]CC(CC)=C
9052,9242,ON=C(CCC=CC)C1C=CC=C(Br)C1
9053,9243,OCOC=CCC1C(C)=CC=C1
9054,9244,CN=NNNC=NC(N1)CCC1
9055,9245,C1NNC1CCCl
9056,9246,CCCNCOC(=O)S1C=NN=N1
9057,9247,O=C(O)NCCC1C=CC=NC=C1O
9058,9248,O1C(=O)CC(C)=CC=N1
9059,9249,O1C=CN1
9060,9250,C1C=CC(N)C1CCSC(N)C
9061,9251,C1=CC=CC=C1NC=CC=C(NC(=O)C=C)CC=N
9062,9252,ONS=CCCCCC1COC=C1
9063,9253,CCCCC=CCC(C1)=CC=CC=CCC1
9064,9254,CCCCCCCC(=O)C=C(C=CC=CC=CO)C
9065,9255,CCCCC=NC(=O)S
9066,9256,CC=CC1=C(N)C(=O)O[NH1]C1
9067,9257,C1CCC=C(N)C(=O)CCS1
9068,9258,O=C(C(C)=N)C=CC=CSC=C
9069,9259,COC=NC(C)(O1)N=CSC12CC2=C
9070,9260,C1C=C1NCCCC(C)=CC(SC2)=C2
9071,9261,CCCOC(=O)C=CCOCC
9072,9262,CC=C1C=CC(F)C=C2C=COC=C2N1
9073,9263,CCCCNCC1CCC=CC1
9074,9264,N=CC=CN=CC=C(C=CC)OCC
9075,9265,CCCCC1C(N)C=NOC=C1C=CC2=C(SO)C2
9076,9266,OCCCC(C)OC=O
9077,9267,O=C(C)C1=CCOC=C1
9078,9268,CNCC(N=CC=C1C=CCF)C=C1
9079,9269,O1CC=CC(=O)C(N)C2C1C3=CC=CC=C3N=NC2=O
9080,9270,CCC=CC=CC(C(C)=CC)=C
9081,9271,CCCOC(O)N=CNCC1CN=CC=CC=C1N
9082,9272,C(C=CCSC(C)N)C(C1)=CC=CC=C1
9083,9273,O=CC=CC1=C(Cl)SC=C1NC#N
9084,9274,C=CC=C(O)CC=CC1(O)C(=O)CC1
9085,9275,CCCC(C=CCCN1CCC)C=C1
9086,9276,CCCCCCCNCOCC(=O)CC(=O)O
9087,9277,CC(=O)N(S=1CCCCCCOC=CC)CN=1
9088,9278,O=C(C)OC(=O)ONC(C1)CCCCCCC1
9089,9279,O=CCCC1CC=C[NH1]1
9090,9280,CNOC(=O)NC(=O)CCCS
9091,9281,CC(O)C(COCN=C1C=C)(F)CC=C1O
9092,9282,CC=COC=NN=C(C)CN=CN=C
9093,9283,CNCC1C(N)CC1C
9094,9284,ONCCCN(O)OC1(O)CSC(C)C=CN1
9095,9286,C=1NC=NC(Cl)C=CC=CC=1
9096,9287,CC(=O)CC1=C(Cl)OC=CCCCC=C1C
9097,9288,CC(N=C1CCl)C([NH1]2)OC3(O)C=CCC32C1
9098,9289,C=CN(N)N=CC=C1C=C(C)CC=C1Cl
9099,9290,CNC1COC(C)CCCCC=CS1
9100,9291,CCCCC=C[NH1]
9101,9292,COCCCCCCCCC(=O)O
9102,9293,S=CC(=O)NCOCC=CCNC=NCC
9103,9295,CC1=CC(O)C=C1C=O
9104,9296,N(=O)NNNCCCCNC=CC=COCCl
9105,9297,C1C=CC=CN=C1N=C(F)O
9106,9298,CCNC=CC(=S)CCCC=C
9107,9299,NCC(C)=NC=C(C)CC=C
9108,9300,CCCC=CC1=CC=CC=NC=C1
9109,9301,C1C[NH1]CCC=C(O)CCC(S)C1O
9110,9302,COCCCC=1C=C2C=C(S)CC=C2NC=1
9111,9303,CCCNCC=CC=CC=CCNF
9112,9304,C1CCCC2CCC=CC=C2CO1
9113,9305,CC1=NC=CCC(C(C)N1)=O
9114,9306,C1C=CNC(N)C#CC(=O)OC1
9115,9307,C1=NCC(=O)N=CC2=CC=C1C=C2
9116,9308,NNNC=NCOC(O)P(=O)N(P)O
9117,9309,CCSCCCCC(C)CC=C
9118,9310,C=CCOCOCC(=O)CCC(C)N
9119,9311,N1C2=CC=CC=C21
9120,9312,O=C(N)CCCNC(=O)N
9121,9313,CCCCCC1CCCCC1C2(C)CNC2
9122,9314,CCNC(C)C(C)=NC(F)(Cl)C=C
9123,9315,C12C(C=C3C(C)C=C3N1)CC2
9124,9316,CCNCCCCC[NH1]C(=O)C
9125,9317,C1NCCC(C)C(C)C1N
9126,9318,CC(N)C1(S)N(CCCC=C1C2CC=C)CC=C2
9127,9319,OC(C)NC
9128,9320,CCC=C(SC1OCOCCO)C(O)C1
9129,9321,C1C(=O)CCCCC1(C)CC
9130,9322,NC=C1C=CC=CC2=C1C=CN=C2COC
9131,9324,C1CC=CC=CC=C1CCCN
9132,9325,O[NH1]NCC=CC(=O)N=C
9133,9326,CN=CC=CC=CCNCNCCC
9134,9327,ONC=C1C=C(CCN)C1C(=O)O
9135,9328,NCCNC(=O)OC(=O)C=CC(C#C)O
9136,9329,C=CC=CC1=C(Cl)C=CC1=C(O)CN=CO
9137,9330,O1CCCON1CCCCC(C)=N
9138,9331,CC(C)C=CC=CCC(F)=CCNCSN
9139,9332,N=C(OC=C1CN=C)CC(CC)=CC=CCO1
9140,9333,C=C(F)C1=CC(Br)C(F)COCN1
9141,9334,C#CCC=CC1=CC(O)CS1
9142,9335,CC(Cl)=C1[NH1]C=CC=C1C2C=CC=C2
9143,9336,CC1CCC=SC1C(C)CC2CCCC(C)CC2
9144,9337,OCC=S
9145,9338,COC(=O)C=CC(F)NC(O)OC=O
9146,9339,CCCCCCC1CCCCC1CC
9147,9340,CC(=O)C1CCCNCCNCC(C)C#C1
9148,9341,C1CCCN1C2CCC=CC=C2O
9149,9342,CCCC1CNC=C1C2=CC=CC=C2
9150,9343,C1C=CC=C1CCCC(=O)CCCCCC
9151,9344,CCOCNCCC(C)CC=NO
9152,9345,O=C(O)C(=O)OC=NC(O)[NH1]C=O
9153,9346,C=CC(C)C=O
9154,9347,CC=CC(C(=O)OC=CCC1)=CC(C)=C1
9155,9348,C1C(=O)OC1C(=O)NC=CC=NC=C
9156,9350,C1OC(O)C=CC=C1[NH1]
9157,9351,OC(=S)OC(=O)NC(C)OC(C)F
9158,9352,C=CC(CCO1)=CC=CN=C1S
9159,9353,COCS=NC1=CC=CC=C1OC
9160,9354,CONCCC(Cl)=NC(C1)NCCCC(Cl)=C1
9161,9355,O(NC=CC=C1C=CC=CS)C(C#C)C=N1
9162,9356,CCC(N)C(C)F
9163,9357,NCNC(C)(C)CCC(=O)S
9164,9358,C1C(N)=C1C=CC=CC(=O)OS
9165,9359,CCCC1NCCNC1
9166,9360,CNCCCC
9167,9361,CNCCCCCOC1(C)CCOC1C
9168,9362,S1CC1[NH1]CCl
9169,9363,N=C(C)C1C(C)CCC12CCOC=C2
9170,9364,CN1CC=CCC(F)C=CC=CC1
9171,9365,CNC=C[NH1]OCSC=C1C=CC=C1
9172,9366,C1C=CNC[NH1]1
9173,9367,C=C1C=C2C=CC=CC(C)=C2C=NO1
9174,9368,O=CC=CC
9175,9369,CCN=NC1CC(O)C1=O
9176,9370,CC1C(C)CNC1
9177,9371,SCCCCCCCCCCC=C(N)Cl
9178,9372,COC=CCS1CCCNNC=CC=CCC1
9179,9373,NC(C=CC)=CCC(=O)O
9180,9374,CNC(=O)CCCC=O
9181,9375,C(O)C=CC(N)C(=O)OC=C1CCC=CC=C1
9182,9376,CCNC=NCC(C)=CCC
9183,9377,C1OC=CC=C1C2=CCNC(Br)=C2
9184,9378,NC=CC=CC(=O)C=CC=CC
9185,9379,C1CC1C=O
9186,9380,C=CC=C1C(N=CC=CC=CO)C#C1
9187,9381,CCNC(=O)OC=NC(O)CO
9188,9382,CC(=O)NC=C1C=CC=CC=C1NC=O
9189,9383,COCP=NCCNC(C)=O
9190,9384,NNCCCCNCCCNC=CC=C1C(SC)=C1
9191,9385,O=CC(OCCOC=O)CCCOC(N)CN
9192,9386,C=CC=CC=CC=NCON1NCSC=C1
9193,9387,O=CCSC(=O)CCCC
9194,9388,CNC(C)C1(C)CCNCC=CC2=CC2C1=C
9195,9389,CCCSC#CC=C(C)C=NC=CO
9196,9390,C#CCCCCCCl
9197,9391,CC(N)C1SCNC(C)CNN(P)CNC1
9198,9392,CN=C(NC)CCNOCCC
9199,9393,N=1CC=1CNC(=O)O
9200,9394,N1C=C1C2(C=CS)C(=O)OC2
9201,9395,CC=CC=CC(NC)=CC=C1C=N1
9202,9396,S1CC=CC=C1SC(=O)OC=CC2(CN)CC2
9203,9397,CCOCCCCCF
9204,9398,C(C)OC=CC(N)=CSC=N
9205,9399,CCNC(C=CC(C=N)N=NC=O)O
9206,9400,NC(CCSC1NC)(N)C=CC=C1
9207,9401,OC(C)CCCC(O)C(=O)OC
9208,9402,CC=CN=C(N)CC(CN)COC
9209,9403,C(=O)OC1C(C)=CC=CC=CC=CC1C
9210,9404,CNCOC(=O)C=CC=C(O)C=CC=C=C
9211,9405,CC=NS(CCOC1=CC=C)C=C1
9212,9406,NC(=O)C=CC=CC(CN1)SC=CC=C1
9213,9407,ClSNNC=O
9214,9408,NC=NC(O)CCCN1CC=C[NH1]1
9215,9410,CCC=C1C=CC(C=C1)C=CC2=C3C=CC=C2C3
9216,9411,CSC(O)C=CCCNCCCC1C=CC=C(C)C1
9217,9412,CCCC1CC=CC=C1Cl
9218,9413,OC=CN=C(S)C1(O)C=CC=C1CN
9219,9414,CNC1=CC2=CS1C(O)C2
9220,9415,CCCC=CC=CN=CN[NH1]C1=CN1
9221,9416,N1C=C=C1CCCNCCCCCC
9222,9417,O=NC=CCC1=COC2CN=CC=C2C1
9223,9418,BrC=CC(C)C1CC=CC=C1C
9224,9419,OCOC(C)Br
9225,9420,CCC(O)C=CC(C=CC1=CC=CC)=C1
9226,9421,OC=NC=C1C=C(C)N=C1C
9227,9422,OC(C)OC1=NC(S)CCC1
9228,9423,OCOC(C)=CC=C(O)C(=O)N
9229,9424,C1CC(O)C=CN=C1CF
9230,9425,NC(C)C=CC=CC=C(CCOC)C
9231,9426,C#CCCNCCCCCOC(=O)CO
9232,9427,CC1CCCCN1C(=O)OC(N)C=N
9233,9428,CCCSC(=O)OC(=O)OC=O
9234,9429,FNCCC=CC=C1NC(C)=C(Cl)C1
9235,9430,CCC=CC(CC)C(C)=CC#N
9236,9431,N1=CC=CC1C(CO)OC(O)C=CS=C
9237,9432,OC=C1C=C(C)CNC=CN1CC
9238,9433,N1=NC=CN1C=CCCC2=CC=CC=C2
9239,9434,CC=CC=CNC(=N)[NH1]C(O)=CC=C
9240,9435,CCC(C=CC(S)O)CP=N
9241,9436,CCNC(C)CCNCOC(O)N
9242,9437,N(N)C(=O)CCCC1(O)C=CC=C1
9243,9438,N1C=NC([SH1])CCC=NC=NN1C
9244,9439,CC#CC(=O)O
9245,9440,NCCOC1OC(=O)CCCCOC=N1
9246,9441,O1CCCC=NN1
9247,9442,C12CCCC=CC=NCCC1OS2
9248,9443,FC1=CC=C2C=CC=CC=C2C1
9249,9444,CC=CC=C1C=CC(C)=C1CSCC
9250,9445,C1CNC1C2C[NH1]C=CC=CC=CC(CO)=C2
9251,9446,CCCC=C1CCCCOC=C1
9252,9447,CCNC#N
9253,9448,O=C(N)C1(C)C=CC([SH1])=C1C=S
9254,9449,CCC=CC(C)(C)N1C=CC=CC=C1
9255,9450,CC=C(C=CC)C(CNC=CC=C)C=C
9256,9451,CCC(NC)OCC(C)CCC1CCC=C1C=C
9257,9452,CCC(C)CC1CCC=CNC1
9258,9453,OCCCCCOCC=CC(O)=C
9259,9454,OCCC(=O)NCCCCCCC1CC=NCC1
9260,9455,C=CC=C(O)C1(CC(C2)=C)C=CC=C2[NH1]N=C1
9261,9456,C12C=CC=C2NC=CC=C[NH1]1
9262,9457,C=1=CC=1C(=O)OCCC(I)C
9263,9458,CONOC(C)=CC=C(C)CCN=C
9264,9459,CC=C(N1)C=NC=CC(C)=COC=C1
9265,9460,C1C(O)C(O)C(O)C=CC=CC=C1CS
9266,9461,COC(=O)OC(=O)O
9267,9462,CC=C(CCCCN1)CN=CC2=C1C=CN=N2
9268,9463,CCCNCCCCCNC
9269,9464,C(C)NC(C)OCOCCCC(C)CCNC
9270,9465,N=C(CC(C)C)COC(=O)O
9271,9466,O=CC(C)CCC1C=CNC=C1
9272,9467,CC(O)C=CC(C1)=CC=CC2C=CC=C2CCC1
9273,9469,OC=C(C)C(O)C=C
9274,9470,CCCNCCC=C1C=CC=C2C1C2
9275,9471,O=CCCC1C2C(C)=NC2=C1
9276,9472,C(C)NC1=NCCC1NCNC
9277,9473,CSN1C=CC2(Cl)C=C1CO2
9278,9474,CCCC=CC(C)CC1CC(C)=CC=CSO1
9279,9475,OC=CC1=C(Cl)C=CC=C(Br)C=NC1
9280,9476,C1C=CC=C1F
9281,9477,NC=C=CC1(C)SC2(C)C1C=NC=N2
9282,9478,NCCCNC=CC=C(C=CC1=CC=CC)C1=C
9283,9479,O1CCCCN=C1C=NN(C)CCOC=S
9284,9480,NCC[NH1]C1=CC2=CC=CC=C(SN)CS12
9285,9481,O=CCC=CNC=CC=C1C(=O)SC1
9286,9483,CN=C(O)C=O
9287,9484,O1CC1(NCC=C[NH1]NCCCCC)C=C=C=O
9288,9486,O=CN=CC(OC)OC=O
9289,9487,CC=CCOC(=SOC=CC=CC1=C)C=C2N=C1CCC2=O
9290,9489,CCCCCOC(C)N1CC=NCC1
9291,9490,CC(=O)COC=CC(CC=C)SSC
9292,9491,CCCC(C)CCCCN=C1C=CC=N1
9293,9492,CCC=NC=C(N)C1(N)N=CN=C1O
9294,9493,NC(N)CCCCC1(C)CCCC1
9295,9494,C=C(N)C(C)CC12CC[NH1]C(C)=CC=C1N2
9296,9495,COC[NH1]N=C(C)C=CC=CN=C(Cl)N=CO
9297,9496,N(CCCC=C1C=CC=CN)C=CC=C1C
9298,9497,C1#CCCCCOCCC=C1C2=CN=CC=CC#CC=C2
9299,9498,CCC(=O)C(C)=CNCNC(C)C=C
9300,9500,CCCN=C1C2=CC=CC=C2C13NC3
9301,9501,C#CCC[NH1]C=C1C=CC=C1NOC=2CC=2CS
9302,9503,CC(CC)[NH1]C(=O)N=CC=CCN=CN=C
9303,9504,C=CC1=C(CC=C)C=C1
9304,9505,CCOCC(C=CC(=O)C)=CC=CN
9305,9506,N1CC=CC=C(C=NC=CC)C1
9306,9507,CCOCOC(=O)C=NC=CNCCCOC
9307,9508,CCCNC=C=CC1=CSN=C1
9308,9510,NC(O)C=O
9309,9511,COC(C(=O)CC=O)OC1=CC=CC=C1
9310,9512,CNC=NC=CC1=CC=C(N)C1C
9311,9513,C1N(C#CC(C)N2)OC1CC=C2
9312,9514,O(C)CNC=1CCNC(O)COC=1
9313,9515,CS1C(=O)OC=CC=CC=CCCCO1
9314,9517,C=CC=C(N1)C(S)C=C2[NH1]COCC2CCC1
9315,9518,N=CC=CC=C(Br)C=C1C=C(O)C=C1
9316,9519,CNC=CC=CCC1=CC=CC=C1C
9317,9520,CNC(=O)CC(F)C(C)=O
9318,9521,NCC(=O)OC(O)CCC(O)=O
9319,9522,C=NC=NC(C=C1C2=CC=C1C)C=C2
9320,9523,CCC(C)C(=O)C1=CCC(C)=C1
9321,9524,CC=CC=NC(N)=CC=CC=CCl
9322,9525,N=CC=C(C)C=C(CC1CC=O)C=C1PN
9323,9526,CNNCC=CC1=CC#CC=COC1
9324,9527,CC=C1[NH1]C=CC=C1C(C)CCCCC
9325,9528,C1OC(O)COCC(N)=C1
9326,9529,ClC=CC(=N)C=C(Cl)[NH1]COC=CN
9327,9530,CC=CC(=N)CC(=O)C=O
9328,9531,C=CC(C)[NH1]C(=O)C=CC=CCl
9329,9532,C1NCC(=O)N=N1
9330,9533,O=CC(C(=O)C1C=CC=CCl)=C1Cl
9331,9534,OCCCCCCC(C)C1NCCC1=O
9332,9535,CC(C=C1CNC2CC=CC)=C2C=CC=C1O
9333,9536,O=CCC1=NC=CC=N1
9334,9538,C1=NC(=O)SC=CCC1(C)C
9335,9539,CC(O)CC#C
9336,9541,CC=NC1=CC=C(C)CC=C=CC=N1
9337,9542,C1C=C(C)CCC=C1
9338,9543,OC=C(C1)N1N
9339,9544,OC1=CC=CN=C2C=C(O1)C=C2CCO
9340,9545,CC(=N)NC=NC1=CC=CN=C1N
9341,9546,CC(C)=CC=CN=C1C=CC=C1
9342,9547,NCCC=CC(C1)C[NH1]C=C1N
9343,9548,C1N(C=CC)C1C2OC=CC=C2
9344,9549,C(C=CN=CC=C1)(O)C=CC2=C1C2O
9345,9550,CC(=O)NC(CCCCN)C1C(C)CCC=C1
9346,9551,C=CC(C1CC)=NC=C1C=CP(=C)O
9347,9552,CC(N)CCNCNCI
9348,9553,OC=CC(C=C1C)=C(Cl)N=C1C
9349,9554,OC(O)OCCCCOCCCO
9350,9555,CC=NC=CC1CCCC2CCCC2C1
9351,9556,CC=CC(C)=C(C)C=C(O1)CCC=N1
9352,9557,N12N(C)CS1C=CCC(N)=C2Cl
9353,9558,CNNCCSC(O)C=NC1=NC=CN=C1
9354,9559,CC(C)=CC(C)C=CC=CC[SH1]C=O
9355,9560,OC(O)COC=CC=C1C2=CC=C1C2
9356,9561,C1CC=CC(CC=NCC=C1C2)=C2O
9357,9562,CCNC(O)C=CNC=C1C(O)C=CC=C1
9358,9563,S=C(OC1C2=NC=C[NH1]1)O2
9359,9564,CSNC(C1)OCC=CN(O)C1CC
9360,9565,NCCC[NH1]C1(C)COCC1CON
9361,9567,CCC(O)NCCC1CCCCN=C1
9362,9568,CCCC(=O)NC=CC
9363,9569,O=C(C1=C2C=CC=C=C2C)C(O)C=CO1
9364,9570,OC=C=C(F)NC=NC=NC1=CC(C=O)C=C1N
9365,9571,CCCCCNC(=O)C1C=CSC=2CCCC1[NH1]C=2C
9366,9572,COC=CC=CC1=CC=CC1=C
9367,9573,CC(=O)N1CCOC=CNC(=O)NC1
9368,9574,CC=CN(C)CCC
9369,9575,CNN(CCCCC1CC2)CCC1C3C2CNC=C3
9370,9577,CC[NH1]CC=C1C=C2C=CC1=C2C=CC=N
9371,9578,CC=CCSC=CCCl
9372,9579,C=C(O)COC=CC=C1COC1
9373,9580,C(O)C1(C)N=N[NH1]C2(O)CCC2C1C
9374,9581,O1SC(=O)OC1C=CC2=NC=NN=C2
9375,9582,CC=CC(O1)C=NCC=C(Cl)CC=C1
9376,9583,C1C=CCCCN=C(O)C1(Cl)Cl
9377,9585,CC=CC(C)C=C[NH1]C1=CC=CC=C1C=NO
9378,9586,CNC1=NC=CCCCCN(N)C1
9379,9587,NC=NC(O)C(CCCCC)CC(=O)O
9380,9588,C1CC(C)SNCCCCCC1
9381,9589,C1CNCNC=CC=CC=CC=C1O
9382,9590,N=C(COS(N)C=O)OCC=C
9383,9591,CC=C(N)C(=O)NC=CC=C[NH1]CSC(=O)O
9384,9592,OCCC(C)=CCC1(N)C(F)(F)O1
9385,9593,O=C(Cl)C1=CCCN1
9386,9594,C1=CC2=CC=C1CC2
9387,9595,NCCNN=C1C=CC=C1F
9388,9596,C1CCCCCCC(C)CC1C(=O)O
9389,9597,CC(C)(O)C(O)CCCC(=O)C=CC=C
9390,9598,N1CCS(=O)=C(O)S(Br)=C1C#N
9391,9599,C1NC=CC=CC=C(O)C=N1
9392,9600,C1CC=SC2C13NCCCCN2NCN3
9393,9601,C=SOCCCC=CNS1(C=CC)=C(S)C1
9394,9602,CC1CCCCCC(=S)CC2C1C=CC(C)CC2
9395,9603,O(S)ONNCC1=NN(O)C1
9396,9604,CC=NN=CC=CC=CCP
9397,9605,C1CC2(C)CC3CC=CCC1CC32
9398,9606,CCNCCCCCCCC1=NCC=C1
9399,9607,C=C(O)CN1CCC=CC(=O)S1
9400,9608,O=NCCOCC=COC(Cl)=CC=C
9401,9609,NCC=CN(CCCCCCC)NCC=O
9402,9610,C1C(C)CCCCC=N1
9403,9611,CCNC=CC(C=C1C=CC=CC=CCN)N1
9404,9612,CC(C)CC(C)CCCNC=C
9405,9613,O=C(NNC)CC1=C(O)C(Cl)C1
9406,9614,C=CN=CN=SC=COCC(=S)F
9407,9616,NCCCC(N)CC=O
9408,9617,C=CC(C=CC)OC=CC1=C2C=CC=C12
9409,9618,CN(C1)CCCCCCO1
9410,9619,O=CC(CC=CC(=O)C)C
9411,9620,C1NC(=O)N=CC1C2C=CC(O)=CN2C
9412,9621,SC=C1C=C(CNC=CNCl)C1N
9413,9622,CCCNO[NH1]CC(C)=NN
9414,9623,COC(CCCC)C1CCCN1
9415,9624,CCC(S)CNCC(=O)O
9416,9625,N(=O)NCC=NC1OC=CCCC1(N)O
9417,9626,CCCCCC(N1)=CN=CCCC1(O)C=C
9418,9627,CCC(=O)CC(O1)CCCC1
9419,9628,NN=C(O)CC1C=CC(=O)OC1
9420,9629,C(C)C1=CN=CC=C1C=CNC=CC(Br)CCl
9421,9630,O=CC(C=O)C[NH1]CCOCN=CC=CN
9422,9631,O=S(C)CCC=CC(F)=CNC=CF
9423,9632,C12CC=C(C)CCC1=CN=C2
9424,9633,C1CCOC1CC
9425,9634,C=CC1=CC=CC=C1CCCCSC
9426,9635,SCCCCCOC
9427,9636,C1OC=CC=CC1(O)OC
9428,9637,CC(=O)C=CC1=CC=CC=C1
9429,9638,CCOC=C(O)CCCCO
9430,9639,CCSC=CCCCC
9431,9640,CCNCCC1C(N)CSSCC1=O
9432,9641,CN1CCCN=C[NH1]C=CC=C1
9433,9642,C1C=CC1NC(N)C(=O)O
9434,9643,O=C(O)C=CC=CC1=C(C)CCNC=C1
9435,9644,C1CCCCC(CO)C1
9436,9645,C1COC1(O2)CCCCC2=O
9437,9646,C1C=CC=CC=C(O)CCC1
9438,9647,CCCCC(=O)[NH1]CCCCOCCO
9439,9648,CC1OCCC1NCC=NCCCS
9440,9649,N#CC=CC=C(C)CNCl
9441,9650,COC=NC=C(O)N(C)CC=CCl
9442,9651,CCC=C(C(C)C=CC=C)C(N)=NC=S
9443,9652,NCCN1CCCSC=C(C=NC=CC)C1Cl
9444,9653,O1N=C(C)NC(=O)CCC1N(C)CC
9445,9654,O=CC=C1C=C(F)NCN1
9446,9655,CC1(C)NCCC1C=CC2=NC3=CC=C2N=C3
9447,9656,CC=CC=CC(O)C=C1C=C(F)CNC1
9448,9657,CCC=NC(=O)C=C(O)CC=C
9449,9658,CC1(S)C(=O)NNCC=NC(C)C=C1CNCl
9450,9659,N(O)C=CC=CC1SC2CNC1C2
9451,9660,C=CC=CN(OC(F)N=CN)C=C
9452,9661,CC=CC=C(C1C=CC=C2N)CNC=C1C=C2
9453,9662,C#CC=CSC=CC
9454,9663,CC1=CC(NC=NN=CN=C2)C2CN1
9455,9664,CCN1C(C)OCC1=N
9456,9665,CNC(=O)OC(=O)CSCCN
9457,9666,CCCC(C)C=C1C=NCOC1
9458,9667,COCCCCCC(C)CCNC
9459,9668,CC=CCC(O)CCS
9460,9669,CCC(C)CCOC=CC(CN1CC)NO1
9461,9670,N#CC1OCOC=CC(O)=C1CCl
9462,9671,CC(CCCCC=CC1)(C=CC=C=C1C)CC=C
9463,9672,NC=CC(=O)C=CC=CC=C=C
9464,9673,CC=CN=C(C1)OC=CC=C1CO
9465,9674,N=CSC#CCOC=C1C=C(Br)CNC=C1O
9466,9675,C1C2CC1C=CC=CC(Br)(C=CC3=C2)C3
9467,9676,OCCCC=CCNC(O)CCC
9468,9677,N=CN=CC=C(C)N(C)CC=CC(=O)O
9469,9678,COCCCCl
9470,9679,C1CCCCC=C1NCCC(C)=C=N
9471,9680,CCNS1(O)CC=CC=CC(N)=C1
9472,9681,COC=C1C=CN(O)CC=CS1
9473,9682,NCCCC(C)C1[NH1]C=CC2=C1C=CC=C2N
9474,9683,CCCC(=O)CC1SC=CC=C1O
9475,9684,C1COC(=O)CC=C1CC2N=CN=CC=C2
9476,9685,OC(CNCCCC=C)C=NCF
9477,9686,CC=NC=CCCC(F)C=C=[NH1]
9478,9687,CN=C(O)C=CC=C(C)C=O
9479,9688,CC1=NC=CC=C1ON=CC=CC=CC
9480,9689,O1OC=CCC=CC=C(CCC=NC=C1)O
9481,9690,NC(=N)C=CC1=CC=CC(O)=C1
9482,9691,CCCC=CC
9483,9692,C=CC=C(N)C=C1C(N)=CC=C1Cl
9484,9693,NC1(C)C=C(N)CC2CNCC=C2S1
9485,9695,CC(C)CC=CC(O)=NN(O)[SH1]Cl
9486,9696,C(CNCOC(C)C1)=CC=CC1C
9487,9697,NCCCPC(C)(C)C=O
9488,9698,C1ONC=CC=N1
9489,9699,CCCNC(=O)C1C[NH1]C=C1
9490,9700,NC=C(C)NCCC(=O)CC[NH1]C=O
9491,9701,C12CC3C1CNC32
9492,9702,CCCC1CCNCCCSC1
9493,9703,NC=CC(=O)OC(C=NC)=CC=CN(O)O
9494,9704,CC=CC=CC(=O)NC
9495,9705,N=SNC=CC1NC(=O)NC1
9496,9706,NCCCC[NH1]C(=O)CC=C1C=CC=C(Br)C1
9497,9707,O(N)CCC
9498,9708,O=CC=CC=CN=CC=CC(F)=C[NH1]
9499,9709,CC=CS(O)C(F)C(C)C=CC#C
9500,9710,FCC=CCC=NC1=CCC=CC=C1
9501,9711,C12C=C(Cl)C1C=C2
9502,9712,CNPCCCC1C[SH1](C)OC1
9503,9713,CC(O)OC=NOCCC
9504,9714,CC1OSCC=CC2=CC=CCC2SC1
9505,9715,C=CC=CC=NNN=CN
9506,9716,CCCC[NH1]C=C1NC=CC=C1
9507,9717,O=C(C1OC)CC1N
9508,9718,O=CN=CC(N1)C(O)C=C1
9509,9719,NCC=1NCC(C)C=1CC(=O)O
9510,9720,N1CC=NC1CC2=NC=CC=C2N
9511,9721,CC=CN=C1C=CN=C=C1CCC2=CC=CC(Br)C2
9512,9722,C1(N2)CSC(=O)NCN1C=N2
9513,9723,OC(=O)NC=NN=C(C1)C2=C(N)C1CC2
9514,9724,O=C(NC1=CC=C)S1C=C
9515,9725,CN1C=CNN=C1CCC2C=CCC2N
9516,9726,CC=CC=CC(C)=CC=N
9517,9727,C1(C)CCCC1C(C)CCC
9518,9728,O=CNSC=O
9519,9729,O1N=C(C)C2CCCN2NC=N1
9520,9730,CC(C)C=NC=CC(N)(C)C
9521,9731,O(C)COCOC=CC=CC1N=NC#C1
9522,9732,C1CC2CC(C)CC2C(=O)O1
9523,9733,CNC=CC=CN=CC=CC=C
9524,9734,C1C=CC=CC=CC=N1
9525,9735,CCCCOC(=O)O
9526,9736,CCOCCCCF
9527,9737,CCC=C1S2C(N)CCC2CCNC1
9528,9738,NC=C(F)N=CC=CCC
9529,9739,NCNSC(C1=CC=CCCC=CCl)=C1
9530,9740,NC=NC[NH1]C(=O)OC=NC=C
9531,9741,O=COCC=C1OCC=CC=C1C
9532,9742,CC=CC1(CNC=O)OCC(=O)CCCC1
9533,9743,COC=C(C=CC1=CC)CC=C(O)N1
9534,9744,C=1C=CN=CC=1C=CC(C)N=C
9535,9745,OC(N)CC(=O)OC(O)=NCCC
9536,9746,COCC(=O)C=CC=NC(C)O
9537,9747,NCCNSCCC1CSC=C1O
9538,9748,NCC(=S)NS=C
9539,9749,C1NCCCC1ONC
9540,9750,CC1N=CC=C(C)SC(N)=C1
9541,9751,CC=CC=C(N)CC(Cl)(Br)C=C
9542,9752,O=CC(C1=CC=C2N)C=CC=C2C1
9543,9753,CCC=CC(C)CO
9544,9754,C=1NC(=O)NCNC=1
9545,9755,CCC(N)C1=C[NH1]CNC(=O)N1
9546,9756,C(COC=C(O)C1=CC=C)C=C1NN
9547,9757,N1=C=CC=C(C)CC=CC=C2C=C21
9548,9758,O=C=CCOC=CC=O
9549,9759,C1=CC(C)CCC1
9550,9760,CC=NC=C1C=C2C=CC=C(C)N2N1
9551,9761,O(O)C(C)OC
9552,9762,CCC(CC)C(N)C(=O)OC1=NC=CCC1O
9553,9763,CC=CC=CC=CC(O1)N1S
9554,9764,CC=C(C1)C=2C3CC(C=2CN3)CC1
9555,9765,OCOC=CNCNC12CCC(C)CC1CNN2
9556,9766,CCCN1CC(C)C1CC
9557,9767,CC1CC(O)=CC=C1OC=CC=CN
9558,9768,CN=CC=CC1=CC=C(N)C1PN
9559,9769,O=CC1=CC(=O)CCC=C1
9560,9770,NC(=O)CC=CC=CC(Cl)=C
9561,9771,C=C=NCCOC1=CC=CC=C1CONON
9562,9772,C=CNC#N
9563,9773,CC(=O)OCCC(=O)OC=CCC=C
9564,9774,CC1C2CCCC=C(C)CCCC2[NH1]1
9565,9775,CCCCCCC1C(C)=CC=C=C1C
9566,9776,CC=C1N(O)C=CC1(C=CC=CC=CC=C)N
9567,9777,NCCC1C=CN=C1
9568,9778,CC(C)CCOCC
9569,9779,C=1CNC(C)CC=NCCC=C=1
9570,9780,OC(=O)Cl
9571,9781,CS(CN(O)C=CC1=C)C=C(O)NC=CS1
9572,9782,O(C)OC=NC=CC1=CCN(NC)N1
9573,9783,O=C(C)NCCC
9574,9784,CCCOC=CC=CC=C(Cl)C=O
9575,9785,NOC(N)C(=O)C=CCO
9576,9786,CCC=CC(=O)OCNC=CC=CC=C
9577,9787,NC(=O)NC(=O)N(F)NC=NN=C
9578,9788,ONC(=O)OCN=C(O)CCO
9579,9789,NC=CC(N)C(C)CC(=O)NC#N
9580,9790,CCNCOC(COC1=CC=CC)=C1
9581,9791,CCCCCC1(CN)NNC2CC=CC=C2N1
9582,9792,CS1=CC=C(C=CC=CC=SC)OC1
9583,9793,CNC(=O)CC1CC(C2)C=CN=CC2N=C1
9584,9794,C1C(O)=CC1C(=O)ON
9585,9795,CCCCSCCCCSC(=O)O
9586,9796,O=CCC1CO1
9587,9797,C1(C)=CC=C2C(O)=CN=C2O1
9588,9798,COC=C1C2=CC=C3C=C2C4=C3CCCC41
9589,9799,C1CCCCSC1(C=CC=C(C)O)O
9590,9801,CNCCC=NC(=C)C=COC(O)C#C
9591,9802,CNC(=O)OC=CN=CCN(Cl)O
9592,9803,C(C)CCC=C
9593,9804,NC=CC=CC1=C(O)C(Br)C=C1
9594,9805,SC(=O)CCC([NH1])C(=O)C(N)CC=O
9595,9806,CCCCC1=CC(N(O)OC=CC)=C1Cl
9596,9807,C1C=CCS(=O)O1
9597,9808,Br[NH1]C1=CC=CC=C1CCCC
9598,9809,CC=CN=CC(O)C1(C=C(F)CBr)OC1
9599,9810,COC(C)CCC=C(N)C#N
9600,9811,OSC=C(C)NC=NNC=CC=CC
9601,9812,O=C[NH1]C1=CC=C=C2C1CCC2
9602,9813,CCCC=CSN=C[NH1]C=C1COC=NC=C1
9603,9814,CC=CC(CCC1C=C)CCC1=O
9604,9815,CC1C(=O)C(C)CCCCC(C)CC1
9605,9816,CSC(=O)C(=O)CCC1CCC#C1
9606,9817,CC=C(O)C=CC=CC1=CC(CO)C=C1Cl
9607,9818,CN(C=NCCC)CCCON1CCCCC1
9608,9819,N1C=NONCCC1C=CC=C2C=CC=CN2C
9609,9820,ClC(=O)SCC=CC=C(C)C
9610,9821,C1=CC=C(NC1S)CC[NH1]C(=O)N(O)C(O)=O
9611,9822,CC1CCNC1CC
9612,9823,C(O)C(=O)NCNCCC=C1C=C2CSC=C1C2
9613,9824,CCC(=O)C(C)(O)SC(C)OC(=O)O
9614,9825,CN=CNC(=O)C1=CC=C(F)S=C1O
9615,9826,C1CC(CC1C23OC)=NC2C3C
9616,9827,CNCCCC1C2C=C(C)COOCN1C=NC2
9617,9828,CCCCC(COCO)C=C1[NH1]C=NC=C1
9618,9829,CC1(C=CC=C)NCCNC1
9619,9830,OC=CC1CCCC1(CC)OO
9620,9831,S=CC=C(CC1=CC=C)C=C1
9621,9832,NCCCC(=O)CC(O)ONC
9622,9833,OC=CC1=CC2=CC=CC=C2N=N1
9623,9834,CCC=CC=C(C1)CCCCN1N
9624,9835,CC(O)ONCC=CC(C(=O)C1CC=C)C=C1N
9625,9836,CCC=NN=CC=CC1=CC=CC=C1C
9626,9837,O=CC(C)OC=CC=CCl
9627,9838,CCNC1CC2=CC=CC=C21
9628,9839,CC(C=SOC=O)ONCCC
9629,9840,C1=SC2=C1C(=O)C=N2
9630,9841,O=CC=CNC(=O)CCl
9631,9842,N=NC=CC=C(C)NS
9632,9843,CC(=O)OCCCCCCCC(C)=N
9633,9844,CC=CNC(=O)CSCOC(N)OC=CC=SC
9634,9845,CC1=CC=CC(C)=C1C=C
9635,9846,NC(C)=CSC=CC(C)C(C1)=N1
9636,9847,C1=CC=C1C(C)=C2C=CN=C2
9637,9848,CC1CC(N)CN1OS2CNCC2CC
9638,9849,CC=C1C=CC=C1NCCCC=O
9639,9850,CCC(N)C(CCC12C=N)NC1C=NCOCC2=C
9640,9851,NC=CCCCC(=O)NC=CO
9641,9852,NCCCCCCCC
9642,9853,CNC1=NC23CCCN2C3CC1
9643,9854,CCCC(O)=C(C)C=C1C=CC=C1C(=O)S
9644,9855,OCCCC(=O)ONOC=O
9645,9856,COC(=O)NN(Cl)CCCCCO
9646,9857,C=NC=C(C)OCCC=CC=C(C)C(=O)OCl
9647,9859,CC=CC(=O)O
9648,9860,CN=C=NC1(C)C2CCCOC2O1
9649,9861,CSC=NC(C1)=C(C=CC)CC1=C
9650,9862,COCCC#CC=NC=NCC1SPCC1
9651,9863,CNC(C)CCC=CC=CC1=C2C=CC=CC2[NH1]C=C1
9652,9864,CCS=NNNSCCC=CC=C(C1)OCN=C1C
9653,9865,NC(C)CC1C(=O)N=C1SCC
9654,9866,O1CN(S)C2N=CN=C12
9655,9867,N=1C[SH1]=C2C=CC=C(O)C2=1
9656,9868,OC=CN=CC=C(O)C=C(C)CCl
9657,9869,C=CC=CC=CC1=C(C2CC)C1CN2O
9658,9870,C(=O)C1=CC=CCC(Cl)C=C1
9659,9871,C(C)NC(=O)OC1=CC=CN=C1N=C
9660,9872,C1N=S1(C(C)CCCCCCC)=C=N
9661,9873,COC(O)C=C1C=C(C)CC1C=C
9662,9874,C=CC=NC=O
9663,9875,CC(N)=NN(N1)CCCCCCCC1=O
9664,9876,C1=C2CP(C)NC=CC=CC2=N1
9665,9877,O(O)CCCCCC=C(N1)CCCC=C1
9666,9878,NC(O)C(O)CCOC(=O)CCCCC
9667,9879,C=C=C(C#CNCC(C)CCCC)C(C)C
9668,9880,CNCSC=CC1=C2C=CC=C21
9669,9881,CNC(=O)C=CC=CC(Br)C=CC#C
9670,9882,O1C(C)=CCCCOC1
9671,9883,C1CC=CC=C2C3(O)C1(N=C3CC)C2
9672,9884,NCCCSCC(=O)C(O)=C
9673,9885,C1C=CC=CCC=CC=C1
9674,9886,O1SC=C[NH1]C1CCCOC(F)C(F)CS=C
9675,9887,CC(=S)C(C)C#N
9676,9888,CCCC(C1O)C2=CC(O)CC=C2N=C1
9677,9889,CC=NC=CCN
9678,9890,CCNC=NC=C(Cl)NC=C(O)C
9679,9891,CNC=CS(Br)CCC#CC1CCC1
9680,9892,CN(CNCCCN1CCC)C1N
9681,9893,C1NCCNNC1=CCC2NC(C)=C(C)C2
9682,9894,C=SCCC(S)C=NCC=CCN=C=N
9683,9895,CNCCC=CC1=C(C)S(OC)=C1
9684,9896,COCONCCCC=S
9685,9897,NCCCSCCCC
9686,9898,COC1CN2C=CC(C)CCC2N1
9687,9899,CC=C(CNCC=NNSC)C(CC)C
9688,9900,CCC(C(=O)CCCOC=O)C=1NCCC=1
9689,9901,CCCC[NH1]C=C(CNC(O)C=O)CC=O
9690,9902,NCCCC1C=CC=C2C=CC=CC=C2N=C1
9691,9903,C=CCOC=NC=CC(CO)C(=O)O
9692,9904,N1CC=CNCCN2C=CC1C=C2
9693,9905,CC=CCC1=CC=CC=C1
9694,9906,PCOC(CC1=CCNCC)C2C=CCC2CC=N1
9695,9907,CC=NC=C=CN(Br)C=O
9696,9908,NCCCCCC1(C)C=CC(C2)=C12
9697,9909,OCC(=O)C=CCC=NC=CC=CN(S)O
9698,9910,O=C(C)CC1OC=N1
9699,9911,CC(=O)C(C)(C)C(=O)N
9700,9912,CC(O)(C=CC1=CC2=CC=CC=C2)CC1
9701,9913,NC(=O)C=CC=CC=CC=C(Cl)OP
9702,9914,CCCCC(OCN)C(=O)C=C1C=CC=CC=C1
9703,9915,OCCCCCCCCOC
9704,9916,CC1CC=CC=C1
9705,9917,C=CC1=CCSC=C1C(=O)C=C
9706,9918,CC=C(N)CCNC(O)CO
9707,9919,CNOC=CC(C1=CC)=C[NH1]C=C1N
9708,9920,CC1C=CC=C(O)CC=CC=C1
9709,9921,CCCC(C)O
9710,9922,NC1CCC=NC=CCC=C1O
9711,9923,C1C2=CC=C(C(=O)C3=CCCC3)C1C2
9712,9924,C=CC=CC1=CN=C(Cl)C=C1
9713,9925,C=CN1CC2C=CC=CC=CC=CC1C2
9714,9926,C1=CNC(C=2)(O)CSC=CC=2C1=S
9715,9927,CC1=C(N)C(C)CCO1
9716,9928,CCCCC=CC=CN=CC(N)=C(CO)C
9717,9929,CC(C)SCC=CC1(CBr)C=C(F)C1N
9718,9930,N=NN(C)C=NC(N)=C1NCCN1
9719,9931,CC#COCCC(C)CC(C)=NC=C
9720,9932,CCCOC
9721,9933,CC=CC=CC=CC=C(O)C=O
9722,9934,C1CCCNNCC(N)C=C1
9723,9935,C1C=CC(C)C(N)CC1
9724,9936,CSC=CC=NCCl
9725,9937,CC1CCNC1C=CC(=O)OC=NO
9726,9938,C1C=C(Cl)C=2C=CC=CC=2C=N1
9727,9939,C1C=S(C)COC(=O)N1O
9728,9940,COC=C(C)N=CCC=C1OC(Br)CC1
9729,9941,CCC(=O)CC(O)=C(O)C1=CN=C(Cl)CS1
9730,9942,C=C(C=CC=CC)C=CC=C
9731,9943,OCCCCC(CS=1)(O)CSC=1
9732,9944,N1=C(C)C=C1CC=C2C=CCC=C2
9733,9945,CNNS(=C)C=CCC(=O)C=O
9734,9946,C1C(C)OC2=CC=CC=C21
9735,9947,OC(O)=CO
9736,9948,CC=CC1=CC=CC=C1C=NC=CC=C2C=C2C
9737,9949,CCN(O)C=CN1NC=CC=C1
9738,9950,CCCCCCC(C)N1CCCCCC1
9739,9951,CCC(C)CCCC
9740,9952,CC[NH1]C(=O)COC(C1)CC=CC=C1
9741,9953,COC(S)CNC1C=CC(C)CC1
9742,9954,CCCC(=O)ONC=NC=NC=CC=CC=C(Cl)O
9743,9955,C#CCOCC=CCC
9744,9956,N1NN=CN=C1C=CC2N(O)CCC2
9745,9957,CCCCC([NH1])C1=CC=C2C=C1C3C=CC=C2C3
9746,9958,CC=NCCl
9747,9959,O1C(=O)C=C1C=NNCOC(C)CCCC=O
9748,9960,C1C(C(=O)C(=O)NCC)CN1
9749,9961,OCOC=CC=CC=C1N=C1NCC
9750,9962,C1#CC1C=NC=CCCC=CC(C)OC
9751,9963,CCC1C(C)(O)N(C1=O)C=O
9752,9965,CC1=C[NH1]C=CN1N=C(C)C(O)=CCl
9753,9966,COC(=O)C=C(Br)CCN(F)ONCCC
9754,9967,NC=CNC=CC(C)CCC
9755,9968,O=C=CC=CCN=CN=CC(Cl)=CC
9756,9969,CCC1CCCSC1
9757,9970,C=CC=CCC=CC=C(N)C([NH1])CC(C)Cl
9758,9971,C=C(C)C1=C=CNOOCCOC(=O)N=C1
9759,9972,C#CCCCNCCCCCCCCCOC
9760,9973,O1CCCNCCNCCNCC1
9761,9974,COCCC1=NC=CC=C1
9762,9975,C1CN1C=C(O2)C2=CN=C
9763,9976,CONCC(C)COC(=O)O
9764,9977,CCC(NC1CC=O)OC(NC)CCCC1
9765,9978,OC(=O)C=NC1=NCCCC=NCCC1
9766,9979,N1CC2NCC1OC2
9767,9980,N1COCC=C1C(=O)NC(F)C=C
9768,9981,C1CCCOC1C=C2C=CC=C[NH1]2
9769,9982,COC(=O)C=C[NH1]C=C(C)O
9770,9983,C(=O)OCC(=O)NCCCC[NH1]C1=CNC=CC1
9771,9984,CNC(Br)C(C=1)=SC=NC=1CNN
9772,9985,NNCCC=C[NH1]C(=O)CBr
9773,9986,COCC=CC=CC=CC=C(Cl)CBr
9774,9987,NNNC(=O)SC=CC(C)Br
9775,9988,OOC=CC=C(N)C=NC(C)=C
9776,9989,OC(CCCOC1=O)CCOC1=O
9777,9990,OC=NC(=O)OC(=O)N=CC=CC=CBr
9778,9991,N=CN(N)NC1OC(C)C=CC=C1NN(O)OC=N
9779,9993,COC(C)=CC(CCCCNC=O)C=C
9780,9994,N=C(Br)COC=NOC=CC=C1C(O)N=C1
9781,9995,OC(=O)C(=O)NC=CC=C
9782,9996,C#CC(=O)C=NSC=CC(=O)N=C
9783,9997,CC(C)CCCC1CCCN1COC(Cl)=CC=CC=C
9784,9998,CC=CC(O1)C(C)=CC=C1N=N
9785,9999,NC=C(N1)CN(CO)CC=C2C=C12
9786,10000,O=CC=C(C)C=CN=CC1=NC=CC=C1O
9787,10001,CNCCC
9788,10002,NCOC(=O)C(C)NCCCCCC
9789,10003,CC=CC=CC=C(CO)C(=O)O
9790,10004,C=C(CNCCCC1CC2C#C)C=CC=C2C=C1C
9791,10005,CCCC1N2C(=O)CC1CC=C2
9792,10006,NCCCC=CC(O)CF
9793,10007,N1C(O)C1CN=C=CC=C(N)N
9794,10008,CC=CC=CC=CSC(C1=C2C=CC)=C1C[NH1]2
9795,10010,NC(=O)NC(C)CCCCCC
9796,10011,OC=CC=C1C=CC=CC(CC)CC1
9797,10012,NC=C1C=CC=CC=C2C=CC=C21
9798,10013,CSC(C)C(=O)NC1=CC=CC=C1OC
9799,10014,CNCCCCCCC(N)NC=C
9800,10015,CCNC(C)CCl
9801,10016,COCC=CC(C)C1=CC=CC=C1
9802,10017,OCC#CC(=O)COC(C)C(=O)O
9803,10018,OC=CC(O)=C(C=CC=CCC1SCC1)O
9804,10019,CCSC(O)C(=O)O[NH1]N=CC=C(Cl)CO
9805,10020,CCC(=O)NC(CC1)(O)CCOC1
9806,10021,CC(C1=CC=CC=COC)C=CC=C1
9807,10022,CC1N=CC=C2N1C=NC2C=C
9808,10023,C1CC(C)=CC(N)=CC1(N)O
9809,10024,NCN=NC(=O)CCCC=O
9810,10025,C1CCCNC(=O)OCC=C1
9811,10026,CC(N)CC(C)NCCCCC=CC#C
9812,10027,OC1OC=CC=C1Cl
9813,10028,SC(C)NC(=O)OC1=CC(Br)S1=C
9814,10029,COC=CC=CC1=CC=CC=C1
9815,10030,CC=CC=C1C=C2S(C)CCC1C=C2
9816,10031,C1=C(CC2CCCN2C)N1
9817,10032,CCC(C)OC(=O)C=O
9818,10033,CNC(=O)N1C#CCNC(=O)C=C1
9819,10034,CCOCCC1=CC=CC=C1
9820,10035,CNN=NCNCC(C)CCNO
9821,10036,NN=C1C=C(CCNC=O)NCC1
9822,10037,CC=C(N)CC1CCNCC1CNCC
9823,10038,CCC(=O)NC=CC(C)C1(C)CCC1
9824,10039,CCC=CC=C(S)N=CNC(=O)O
9825,10040,CNC(C)CCCCCC(C)CCC=C
9826,10041,CN=C1C(N)C(CC=CC=CC=C1)C
9827,10042,BrNCC(C)C1OC2=CC=C(OC)C=CCC2C1
9828,10044,N1=C(C)C1OCF
9829,10045,COCC(=O)O
9830,10046,C1=CC=C1CC=C2C=CN=C[NH1]2
9831,10047,N=1C=CC=C(O)C(O)C=1Cl
9832,10048,O=CC=CSC1=NC=CC=C1
9833,10049,C=C(O)CC1C2CCNCC2(O)C1O
9834,10050,CC=CC1=CN=C=C=C2C=C2NN=C1
9835,10051,OC(=O)OCSC1(F)C=CC=C1
9836,10052,N1=NC=C2C=CC(C1CCC)CCC2=O
9837,10053,CNC1=CC=CC=C(O)OC1
9838,10054,COCC=C=C1C=C(C)CS1C
9839,10055,CC(=O)C(CCCCSCOCC)C
9840,10056,CCOC=CC1=CC(C)C=C1
9841,10057,NSC=CC=C(C)C=CC(=O)O
9842,10058,CCC(=O)C(C)CC
9843,10059,COC(CNC(=O)O)C=C
9844,10060,C1C=CC(C)C1C#N
9845,10061,CNC=C(N)CC1C=CC=C2C=CC=CC=C2N=C1
9846,10062,CCCC(=O)C=NN=C(O)N(C)NCC=O
9847,10063,CCC(C1)CC=CC=CC=CC(O)C1=O
9848,10064,N(C)C=CC(=O)C(O)C=NC=C1C=C(Br)C1Cl
9849,10065,OCCOCCCCCCC
9850,10066,O=C(COCCC=CNCC1=CC=CC)C1F
9851,10067,COC=CC(C)=C1N=C(O)C=CNN=N1
9852,10068,O1C=CC=CC2=CCCCC2=C1
9853,10069,CCC=CC1=C=CC=CC=C1O
9854,10070,CC1=CC=CC1NC=NC=CC=C
9855,10071,COC(=O)C=CC(C)C=O
9856,10072,ONCCCC(C)(O)C=O
9857,10073,COCCNCN
9858,10074,C1C(C(=S)OC(Br)C=C)C(SBr)N1
9859,10075,CNC(CNC=CC(N)C=C)(Cl)CCl
9860,10076,SC(=O)C=CCF
9861,10077,O1C2OCC=C2OC=CC=C1
9862,10078,CN(CN=CC(=O)C1)COC#C1
9863,10079,OC(CC=C(O)N[NH1]C=O)(O)P[NH1]
9864,10080,CCCCCC1NCCCCC1
9865,10081,NC=CC=CC=CC1=C(O)CN[NH1]1
9866,10082,CC(N)C(=O)C=O
9867,10083,OC=CNC=C1N=CC=C(C)SCC=C1
9868,10084,CCCCC(=O)NC1CCCCCCCC1
9869,10085,CC=CC=C(CCCC=O)Br
9870,10086,C=CCSC=C(O)CCC
9871,10087,N=CC=C(N)CCCC=CC1=CC=C=C1
9872,10088,N1C=C1C(=O)C(C)OC=C
9873,10089,C1(N)C(O)C(C)CCCC1
9874,10090,C1N=C(C=C1O2)C(C)OCC(O)C2
9875,10091,N#CC=O
9876,10092,N=CN(C1)NCCCC1
9877,10093,CC=CC=C1C=CCC=C1C
9878,10094,CCC(=O)N1C=NC(C=NCCS)C(Br)=C1
9879,10095,CCC[NH1]CC[NH1]N1C=SCC=C1O
9880,10096,C1CC=COC(O)C1=O
9881,10097,CC1=CC=C2C=NC(N)=C2O1
9882,10098,C1NC2C=C3C4=C2CC1C=CCNC34
9883,10099,C1CC2=C(O)N1OC=NC=CC=C2
9884,10100,N1CCCC1C(=O)C2=CC=CC(C)C=C2
9885,10101,C1C(C)(Cl)CSNCCCCC=C1
9886,10102,O=CC(C)=CC=CC
9887,10103,CC=NC=C(CC=C(C)C=N)CCCCC
9888,10104,C1CCCC2=CC=C1SO2
9889,10105,CC=CCNCCS(=O)C=CC(O)=CP
9890,10106,NCC(O)CCCCCCC(O)C=O
9891,10107,S=C(C(O)OC(C)(C)CNC)O
9892,10108,C1ONC(C(=O)NCCC=O)N[NH1]1
9893,10109,COC(=O)NCC(=O)OCCOC(O)C
9894,10110,CC1CC2CCCCC2=C1O
9895,10111,C(=O)CCCNC(C)=NC=NS
9896,10112,CC=CC=CNCOCC(=O)CC
9897,10113,CCC(N(O)N(S)C=C)C=CC=C
9898,10114,CC1CC2=CC=C1C=C2CCCC(=O)O
9899,10115,CC=CC=NCN=CC=C[NH1]CCl
9900,10116,CNCSC(=S)CCCC=CCCO
9901,10117,NC1CC=CC=C1
9902,10120,C=NNC=CC1=CCC=CCC(=O)OCO1
9903,10121,CC=CC=C(C=C[NH1]CC=O)C=C=CO
9904,10122,CC(=O)CNCC=NC=CC=CC=CON
9905,10123,C1=CC=CC=C1NCC2SC=C[NH1]C2
9906,10124,CN=COCSC(C)OC(=O)CCl
9907,10125,O=CC=O
9908,10127,COC=NC=C1C=CN(Cl)OC1
9909,10128,O=CCCCCC=CC=C
9910,10129,C1C=NC=C1C2=CCNC=C2
9911,10130,OOC(NCC(Cl)CCC1)C(C)C1
9912,10131,CC#CC(C)=CC1=CSC=CC=C1ON
9913,10132,CC=C=C(N)C1=CC2=CC=C1C2OC
9914,10134,CC=NN=C
9915,10135,CCCOC=CC(N=CN=CCCl)CCl
9916,10136,CC=CC=CC=C1C=CN=C1
9917,10137,S1CC=CC=C1CN=CNC=CC=C
9918,10138,O=C(Cl)Cl
9919,10139,CCC1=CC=CC=C1NCCCNC2(O)C(N)CC=C2CC
9920,10140,CC(C)CCOC(=O)CCOCCON
9921,10141,CCC1CCCCCCC(=O)NC1=O
9922,10142,N=1C(OC=CC=CC2=CO)CC=C2C=1
9923,10143,CC(O)=C(N)COC(=O)[SH1]C
9924,10144,CC1=CCC=N1
9925,10145,COCCC1CCCCC1=C
9926,10146,CCOCCCNCC(C)(N)COC=O
9927,10147,CC=NC=C(C(O)=NC)CCCC=N
9928,10148,CCNC=C(C1=C2C=NC)C1N2
9929,10149,NCC1CCNC(O)C(O)C1
9930,10150,COC(COC)(NC=C)C1=CC=CC=C1
9931,10151,CCC(=O)OCC(=O)OCCCCCOP=C
9932,10152,CNCCCCCC
9933,10154,C1C=C1C=NC(C)COC=CC=CC
9934,10156,CCN=CC=C(CNC(=O)CC)NC(=O)Cl
9935,10157,C1CCCNC1C2OC=CC3=CC=C[NH1]S2=C3
9936,10158,O1C(C)=N1
9937,10159,CCC(C)CCCNC=SC=CC=PN=N
9938,10160,CNCNC=SOC=CC=C(Br)C=CC=C
9939,10161,ClCC=C(O)NCC=N[NH1]C1C(C)NC1
9940,10162,OC(C)C(C)CC1=CCCOC1C=O
9941,10163,CCC(S)C=CCSC(=N1)C(C=CC)=C1
9942,10164,CNCCCC(Cl)(O1)OCCOC1
9943,10165,CC=CC(=O)C(N1)C=CC=C(C)C1
9944,10166,O=CC1=CC=C(O)P(=O)NC1
9945,10167,NC=CC=C(O)CC=CC=CC1=CC=CC=C1
9946,10168,NC=CNCC1CCCC1C=C=CC=C
9947,10169,NC(=O)CCC=CCNC=CO
9948,10170,CCC(F)CCC(C)=CC1=CC=CC2=C1C2
9949,10171,CNCOC=CC=C(C)C(S)N=CN
9950,10172,N=CCCC(Cl)OCO
9951,10173,NC(=O)OC1=CC=CC=C1O
9952,10174,NC(C)NC(=O)N=CC(O)=COC
9953,10175,C=CC=C(Br)C1(O)C=CC=C2C=CC=C=C21
9954,10176,NCCCCCO
9955,10177,C(N)CC=NC1=CC=NC=C1
9956,10178,NC=CC1C(N)=CC=C1
9957,10179,O=S(=O)=CC=CC=N
9958,10180,CCNC(=O)NCCOO
9959,10181,C1CC2C1C=CC=CCC=C2
9960,10182,O=CC=C(O)C(Br)SC
9961,10183,C=CC1=CC2=C3C=C1C=C2CC=CC=C3OBr
9962,10184,O=C(C)NNC(=O)C(C)=O
9963,10185,CCCCCC(C)NC(C)CCC(O)S
9964,10186,C=CCC(C=C1C=CC=CS1)N
9965,10187,C1(O)CC(C)C(C)NCCC=C1
9966,10188,COC=CC=C
9967,10189,COC(=S)N=O
9968,10190,NOC(=O)C=CC1=CC=CC=C1
9969,10191,C(C)=O
9970,10192,C1COC(C)CNC(C)C(C)C1=O
9971,10193,N=CN=CC(=O)OCC1=CC=CC=C1
9972,10194,CC(C)CC1(C)CC(C)CC1C=CC(=O)N
9973,10195,CCCCC(=O)C=N[NH1]COCCCCO
9974,10196,C=C(O)C(O)=CC=CC1NCC=CS1
9975,10197,CC=CC=CC=CC=C(C=CCC)C
9976,10199,CCNNC(=O)OC(O)C=SC(C)C
9977,10200,C#CC=CC=C=C(Cl)CC=C[NH1]
9978,10201,C#CC=CSC=NC=CNNCC
9979,10202,C#CC=CC=CC=C(C1=CC2=CC)C=C1N(O)NCC2=C
9980,10203,OCCN=CC(O)=C(N)C=CC=C
9981,10204,N(C)CC1C(C(=O)OC=CC=C)C=CC=C1
9982,10205,CC=C(C)NC=CC1=CC2=CC=C1C=C2
9983,10206,CCC(N)C(=O)NC(C)C
9984,10207,CC(=O)OCC1=C=NNC=N1
9985,10208,O=CC=CC(=O)NCC(C1)C=CC=CC=N1
9986,10209,OS(O)=C(N1)SCOC=CS1=CC(C)=C
9987,10210,O=CNC=CC=CC1=C(Cl)CNC=C1
9988,10211,CCC=C(COC=O)C=O
9989,10213,C1#CC2C=CC(N)=C2C=CS1=O
9990,10214,C1N=C1CNCCCC2CCNCC2
9991,10215,C=CC=CC=C1CC=CC=C1
9992,10216,CCCCCC=CC(C1)=CC=CC2=C(OC1O)C2
9993,10217,OS(O)CC=CN=CC=C(Cl)C(Cl)=C
9994,10218,C1C=CC=CC=C(C)C=CC=CO1
9995,10219,O=C(C)C(C)=C(C)OC(N)=C
9996,10220,C1CC(C23)N2N4NC1[NH1]CC4CCC3
9997,10221,CCC(C1)C(C)=C2C=C(S)CN=C2NC1=O
9998,10222,COC(OC=C1C=CC2=C3S1)=CC=C2C3C=NC
9999,10223,OCC1CCCCC1C=SN
