,Unnamed: 0,Smiles
0,0,C1C2CC=C1C2(C)CC3=CC=CCN3Cl
1,1,NCCCl
2,2,CNC(C)OC(C)(C)Cl
3,3,CN=CCC#CN=CO[NH1]C=CCC
4,4,C1CC1C=C=CCO
5,5,NOCCl
6,6,OC=C(O)C=CN=C=CC=CC(Br)C=C
7,7,COCCCONC=NNCC1=CC1
8,8,CCCC=CCN=NN=C(CC)C=O
9,9,O=C=CC=CCCNC(O)CN=C
10,10,O=CCC=O
11,11,NOC(C1)C1O
12,12,CCC=C=COCC=CCC=CO
13,13,CCCC=CNNCCC=O
14,14,C(C=C=CC=NCN=C)C=CCCC#CC=C
15,15,NCCSC=C(C)CF
16,16,C(N=C=COCN=O)CCC#N
17,17,CCCC=CCC=CCC=C=CONC=CC=CCC
18,18,COC=CNOCCC
19,19,CCCC=CC=CC=CCNNCOS(N)C=C=C
20,20,CCCC=NC=O
21,21,CCCl
22,22,C=CCNC=CCCC=C(C)C=O
23,23,NC(CCCC1)CC(O)NC=C1
24,24,C(C)CC=CC1CN=CC=CC1
25,25,CCC[NH1]CNOC=NCC(C1)O1
26,26,CCCCCCN=CCOC=O
27,27,CNCC(O)C=C=CCC=CC=C=C
28,28,CNC=C(C)CC(CC=CC)CC=CCC
29,29,C=1=C(Cl)C=1
30,30,C1C(NCOC=CCCNC)=C1CN2C=C2
31,31,NC(O)CCl
32,32,CCC=O
33,33,CCC(S=C1O)CC(CC=C)=NNCC=C1N=O
34,34,CC=C(C=C)N(C1NCCC(C)C=N1)Cl
35,35,OSCCCCC=CC(C)Cl
36,36,COCN=NCCC1C=C1O
37,37,O1CC=C(C)C(CCC2)=C12
38,38,CCN(N)CCl
39,39,CSCCCC=CSC=O
40,40,NC=CCl
41,41,OC=CS1#COCCCS1
42,42,ClCC1CC(N)C1=CC=C=C
43,43,C=O
44,44,C1CC(C)=C=COCC=CC1
45,45,C(C)C(C)C=CC=COCONC(=C1)C1
46,46,CC=NCCC=C=C(OC1CC)ON=C1CC=O
47,47,CN([NH1]C)C(C)C=CCNC=NN
48,48,OC1=C(CCC)C2=CCC=CC=C2CO1
49,49,NOCC1NC2[PH1]CC#CC2CC1C
50,50,C=S(O)C=C=CC=O
51,51,CC(C)N=C=O
52,52,CCNCCNC=O
53,53,OOCCS(=CPC1=CC=NCC=C)(C)C=C1
54,54,O1CCC(CCC=CN)C=NN1O
55,55,C1CC2(Cl)CC=C1CC#CCC2
56,56,NNCC=CC=O
57,57,C1C=C1C#CCC=C=C
58,58,OCCN(C)C
59,59,O1OON=C=CC=C1
60,60,C=COP(N)=CNCCC(C)C=CC(C)C#C
61,61,BrC(C)=CC1CC1CCC
62,62,C1(C)C(C2)=C12
63,63,O1C=CC2C=CNC1(O)[NH1]2
64,64,CC=CC=CCC#CCCCC
65,65,C=CC=O
66,66,CCN(C)CCCCC1C(C1CNCCl)C(=C)COC=NC=C
67,67,CCC=CN=CCCCCCCC#C
68,68,C12(C)CCC1C2C
69,69,CCC=NOC=CC1CCN(C)O1
70,70,CC(N)=C(C)OC
71,71,O(C=NCC)CC=NCCCC=C=CCOCN=O
72,72,C(NO)CC1CC(C=CNCC1N=COC=O)CCl
73,73,OC(CBr)C1C=C(C)CSN1
74,74,CN=C=O
75,75,N1=CC1=C(C2)N2
76,76,CCCCCC(C)C(=C)C1NC1
77,77,S=C=CC1CC=NOC1Cl
78,78,O(C)CC1NCCC=CN1O
79,79,C1C=CC1=C
80,80,CC=CCC1=CC1[NH1]OC(=O)N=O
81,81,CON=NC(O)C=CC
82,82,OCNCCSC=CC=O
83,83,C1COC#COC1CC=CC
84,84,NCCC1=CC1
85,85,NC=C=C=CCC=O
86,86,NC=CCC(=C)C(C)OCCC=O
87,87,CCC=C=O
88,88,CC(CNCl)=O
89,89,CC=O
90,90,CC(C)CBr
91,91,COCCCCC=CC=C=CNCl
92,93,NC=NOC=CN=NCCCOO
93,94,C(O)CCCCCC=C
94,95,C1NC(COC1)=CCC[NH1]CCl
95,96,CCCC=CCNCC=C(C)OSCO
96,97,CCNCCC=CCC=O
97,98,C=C=CC=O
98,99,C=C1CC(C)C=CCC=C(C=O)C=C1
99,100,CNCNC=CC=CC=S=CCN=S
100,101,NNCNCCCCN(O)N
101,102,C(S)C=CCCC=CCCl
102,103,CC(C)CC(C)CCCN=C
103,104,C1(C)CCC1(C)C2=C=C2
104,105,CCCCCC=C(CCC=O)O
105,106,O(C#COC)C=O
106,107,C1=CC(C)CCONC=C1CF
107,108,O1COC1=CCCN(C2)CC2S
108,109,CCCCCCCCCC=C
109,110,CCBr
110,111,OCNCC(C)COCSC=CCNC=CC=NN
111,112,CCCOCCCN(C)C(CCCN)OC1C(OCO)N=C1
112,113,C12CC#CC(C)CS1CCC2=PCOC(C)C
113,114,C=CCC=CC=NCCl
114,115,CC(C)CCCC=CCC1CC1
115,116,NCNC=C=CF
116,117,C=C(N)CCCOC=CCOC=CCCCl
117,118,COCCCOPC1=CC1
118,119,CCN=C(C)CN(C1)OCCC=NC=CC=C1O
119,120,CCN=CC=CI
120,121,O=C=CNCC(C)CCCCCS
121,122,O=CCC(CCC=C=C1O)C1C
122,123,N=NSN(CCCC)CC1CC1
123,124,C1N=CNCC=CC=C=C=C1
124,125,CCN=NC=CCCl
125,126,FNCCCCCC#CCNC
126,127,N=NC=CC=CO
127,128,CCC=CC(C)C(=O)CC1=C(C=CCC)C1
128,129,CCNCNOSCCC=CC=NN=NON
129,130,NNC(N=O)CNCOC=CCC=NC=N
130,131,C1NC(O)C=CC1
131,132,C1C=C=C1C(C)C=CCC=COOC
132,133,CNCC=NC(C)N=O
133,134,C=NCl
134,135,CC[NH1]S(C)N(C=C)CCOC=O
135,136,C=CC=CCCCCl
136,137,CCCC=O
137,138,CCCCOC(C=CC=CCl)N
138,139,O1N=CCC=C(N)CC1
139,140,CC(NCC)=C=CCC(=NOC)C=O
140,141,SC=CC(C)CCCC=CC=C
141,142,FOCC(=C)CCCC=O
142,143,CCCCNCCC1=CC=CC1
143,144,CCC=CC(C=1CCC)C=C2N=CC=C=CC2=1
144,145,C1=CCCO1
145,146,CCC=C=C=CNN(C)C=CCCl
146,147,CNCNCCNC=C(N)C=O
147,148,CCN(C1C)C1C
148,149,CCNCC=O
149,150,CC=CCC=O
150,151,CCCCF
151,152,CC(C12)C1C2
152,154,CC
153,155,N1=CCP=CCN=CC1O
154,156,O(CC1C=C=C(C2)C2)CC1Cl
155,157,C=CC1NN(C)CC(CC=C=O)O1
156,158,CC(C)(C)NC=CC(C)SC=C=CO
157,159,C1=CC(C)C=CCCC1
158,160,N=C(Cl)C=O
159,161,NC(C=CCC(C)CC)(C)NO
160,162,N1=CC(C)(C)NNN(C)OC1=N
161,163,C(N)=C=C=O
162,164,CC[NH1]OCN=CC=CCl
163,166,N=CCCONCCCSCCC=O
164,167,CC=COC(C)=CC
165,168,N1SCCSCC=COOC1O
166,169,COCCC=CC(C)C(=C)COC=1NC=1O
167,170,CC(C)OC1[NH1]CCCC(C2)=C2O1
168,171,CCCCCC=CCC(O1)C1
169,172,CC(C=CC)COCNC
170,173,CCOOCNC(C)C=CO
171,174,CCCC=CC=CCCC=O
172,175,NC=CC=CCC1CC1
173,176,N=CNC=O
174,177,C=CCCC(C)CCC1C=C1N
175,178,C1C=NC1=C
176,179,CNC=CCCCC=CC=CCl
177,180,CC=C=C=C=CC=NCCNC=O
178,181,C1CCC=C1CC=CC=COC=C(C=C)CC#C
179,182,CCCCC=CC=C(C)C(C)C=C=O
180,183,C(CC(C)(C)C)C(F)(C)OC(C)NN(NC1)S1
181,184,CCC(C)=O
182,185,CC(C)CCCCCCCCC=CC=C[NH1]
183,186,C=1CC=CCCSOC=COC=1
184,187,NCCC=C(C)C=O
185,188,N#CCCF
186,189,CN(O)COC1N=C1
187,190,C1CN[NH1]C=C=CCC1C2CS2
188,191,OC=C=COC=O
189,192,NC=CC=NC
190,193,CCCOC(C)(C)C=O
191,194,OCCC(C1)C1
192,195,C
193,196,CC=CCC=CC#CCC(N)Cl
194,197,O1C2CCOCC2O1
195,198,C1C=C(F)C=CCN[SH1]1C=CNC[NH1]
196,199,CCNCCCCNF
197,200,C(C)=O
198,201,NOC=CCC(C)CC1CNN1
199,202,C=C=NCNCCCCC=CN=O
200,203,C=CC(=C)C=CCC=CCC=NNO
201,204,CNC=C1N=CCC1CC(OI)C=C
202,205,O=CC
203,206,CN(C)C=O
204,207,CCOC=CNC=CCF
205,208,N1OC1=CNCC2=NC2
206,209,C=CCCC(C1)=C1C=CC=C
207,210,C=CC=C1OC=C=NN1CCC(C)=O
208,211,CCC=NCC(C=C)CC(C)=CN
209,212,CN(CC=CCS)CN(C)C
210,213,CCN(C)C=O
211,214,CC(CCl)CCC=O
212,215,C=CC=CC(C#CCOC=C=O)OC=O
213,216,CC=CC1C=CCCCOCO1
214,217,COCCN(C)Cl
215,218,N1CCCN1CCCl
216,219,CC=C1CCC=C1
217,220,NCNCCCCCC=CCCO[NH1]C=O
218,221,CSCC=CC=NCCN
219,222,C=C=C(C)CC(C)=CC
220,223,C[NH1]C=O
221,224,CCN1CCCCNCN1N2NC2Br
222,225,C(C)CCCl
223,226,NCCl
224,227,C=CCCOCSC(=C)C=O
225,228,C=CCC=CC=CCSC=CC=CC=O
226,229,CNCOCNC=CC=CC=CCCC1N=CCN1
227,230,C=C=CCCC1CO1
228,231,C=C(C)OCC(C)=O
229,232,SC=CF
230,233,CCCCCCC(C)=CCOF
231,234,NOONCS=COC=COC=CCCC=CF
232,235,C1NCC=C1C
233,236,CC=C(C=CCC=N)CC
234,237,C=C=CN=CCNC(C)COC=C
235,238,OCOCCC#N
236,239,N1=CC(C2=C1CC=CC=CC=O)=C2C
237,242,CC=CC=COF
238,243,CNCNNCC(C1)=C1
239,244,C=NCC1CC1C
240,245,CCCC=CC
241,246,CC=CC=NN=CCl
242,247,CS=CC=O
243,249,CC=NCCCC(C)C=C=C=C
244,251,CNCCC(COCCNN(O)C)=O
245,252,OCCC=CCCCC(C)=CNCCOOC=CCNN
246,253,CCCOCNCOCC=CC=CC=C
247,254,CC1CC1CCCOCl
248,255,CCC=CCCl
249,256,N(CN(C)C=CC)CN=O
250,257,O=CC=O
251,258,C=C(Br)CC#C
252,259,O1C(C)CC2NNN=NC1=C2
253,260,CC=CCC=NCC=CC=O
254,261,NC1=CNCCSOC=C(C)C=C=C1
255,262,CC=CCC=C=O
256,263,OCCCl
257,264,CS1=CCCS1C=CO[NH1]
258,265,C=NSCC=C(C)CSC=O
259,266,O=O
260,267,OCC1OCCCC1
261,268,CC=CC=C1CC=CC=C=CCC(S)OP1(=C)C2NC2
262,270,C(S)=CC
263,271,CSC(=N)C=CNC(C)=C(CC(C)=CO)N
264,272,NCCCC=O
265,273,CCNCN(C1)NC(C)C=C1OCC
266,274,C1C=C(C)CNCC=S1
267,275,C=COSC=O
268,276,BrCC(CC=CN=CC=CCCO)C=N
269,277,N(O)COCC=O
270,278,CCCCCC#C
271,279,CC=CC=CC=O
272,280,OCNCCNCC=CCCl
273,281,O=C=N
274,282,NCCC=O
275,283,N1=NC=NNCNCCCC1O
276,284,C1C2CC=CCN12
277,285,C=C=C=C(N)CCNOCOC(O)=O
278,286,CC1CCC=C1OC#C
279,287,O=NC=C=C=CCCC=O
280,288,NC=CC=CN=COCCCC=C
281,289,NC=O
282,290,CNCC=CC=C=CC=CN1NC1
283,291,CC=C(C)CC(O)CCNCCC=C
284,292,C=CC(N=C=CC=C)CC=CCO
285,293,CCNNCS=CNC=O
286,294,CCCC(C)C=CCC[NH1]CC=CC=O
287,295,OC=C(C)F
288,296,C(CCC=C)C
289,297,N=C(N)SN=CNPC=C=C1CC1(C)O
290,298,O1N2C(S)CCS=CCCNNC1N=N2
291,299,CCNCC=CC=C
292,300,CCNNCNPC1CC1
293,301,C1COC=NC(NCC1N)C=O
294,302,CNCCCCNC=O
295,303,CCC=C=CC=CC=C=C
296,304,NC=CCC=CCl
297,305,CC(C)(C)C(C)S(O1)CC1
298,306,OCCCCC(C)=CC=CCCC=CO
299,308,C1(C)=NC(C2)C2C=C1
300,309,CCCCC1C=C1C
301,310,ClCC1=CC=CC(C)C1
302,311,NOCCC1CCC2CC12
303,312,OCCN1SCC=C=CCCCCCC1
304,313,CCC(O)C=C(C1)C(C)C=CC=C(C)OCS1
305,314,CN=CN(C)N=C(C(C)NN(C1)C1)C=O
306,315,NCC=CN=O
307,316,O=C1C(C)CCC1CNCC=O
308,317,COCSC=O
309,318,OC=C(C)CC=CO
310,319,NC1CCCN1NC=C2C=N2
311,320,OCC#CCCC=O
312,321,CCC=NC=O
313,322,C([NH1])CC(C)C(N)COC=O
314,323,CCO[NH1]NC1N(C)CCCCC1
315,324,CCC#CC=O
316,325,OCCOCNNCCCO
317,326,C1NCCNC(C2)C=CC=CC21C#N
318,327,C12NC1CC=CN2C
319,328,NNNCNCCC=C=C
320,329,O1CC=NCO1
321,330,C=CCCC(C)=CCC=C1CO1
322,331,CCCC(C)(C)N=CC
323,332,C1NC=CCCOC=C1N
324,333,CCC=C=C(C1)CCCCC1
325,334,CC(O)C=CC
326,335,O=C1CCCCO[PH1]C1(C)O
327,336,CCCCCCCCNC=C
328,337,OCCC=CC1C=C1[SH1]
329,338,CN(N1CC=C)N=C1C
330,339,CCC=CN(C=CCCl)O
331,340,CCCCCC=C=O
332,342,N=C=CCCNC=C
333,343,OCCCCC(C)C=C1CC1C=O
334,344,C1COS=CS[NH1]NC1CC(=C)C(C)C=C
335,345,C=C
336,346,NC=CCC=C1CN1NCC=O
337,347,CC=CCl
338,348,C=C=C=CC=O
339,349,OCNC=CCCCNCCC=O
340,350,CCNC=NCC=NC=CC#CCCC
341,351,CCF
342,352,CC=CC=CC(C)COOCCNCCl
343,354,CCCC(C=1)=C=1
344,355,CCCCCC(=C)C(C)C(C)C=C
345,356,CCOCC=CC(O)OC=CCCC=C
346,357,C=C=CC=COCC(C)=CC[NH1]
347,358,O1C(O)COCCNCC1NNC
348,359,N=CNCC(C)N=C=CC(C)CC=N
349,361,C(S)CCCCCCCCCCN=C(C1)C1
350,362,CNCCC=O
351,363,OCCCC=NNC(C)=CCN=O
352,364,CC(O)CF
353,365,NC=CC=CCCOC1C(C)(C)C=C1
354,366,C1CCCC2=CC12
355,367,OCCOC=CCl
356,368,CC(C=COCC)COC=CCCC(N)C=S
357,369,C1C=C1COCC=O
358,370,CCCCNCCCN=O
359,371,C=C=C(C)CNC=C(C)C=O
360,373,NCNC=CC(C)=NCOCCC=CCC=C
361,374,OCCCOC(C)(C=CC=C)C(=N)C=O
362,375,C1C=C(C)CCCC=C1OC
363,376,CC=CN=C(C)CCOONSCC
364,377,COCCBr
365,378,OCC=CCCC1=C(C1)O[NH1]
366,379,CCC=CC=CC=NC(=C)CPCC=S
367,380,O1COC=C1
368,381,CC=C(C)OF
369,382,OOC=CC1(C)C=NC1(CCC)C
370,383,O=CSCC=CCC=O
371,384,CCNC=O
372,385,CNC=CC=O
373,386,C1=CCC=C=CCC=C1C
374,387,O=CC=CCCC(CC)NCl
375,388,C=CCBr
376,389,CCCN(C)CCCCCNC=C(C)C
377,390,C1CCCNCNCCCC1CCCBr
378,391,NCCC1C=COCCCCCC=N1
379,392,CCCC(C#CCC1C)CCCNC1O
380,393,CCC1=CC=NC=CCO1
381,394,NOC=CCCCC(CC=O)=CC
382,395,C=CCCNC=C=NCCC=O
383,396,C=CNC=CCN=CC
384,397,C1=C=CCNCCC=CC=C=N1
385,398,N12N(C)C=C1C=S2
386,399,C1CC(C)(C)CCC=C(O)C=CC#C1
387,400,CCCNCCCC=CC
388,401,NC=CC=CCC=C(C)Cl
389,402,CC1NCC2CC(C)=C=C21
390,403,N1NCCC=CN(CC)CC1
391,404,NCC=CNNCCCCCCC=COC
392,405,OC=C=C
393,406,CNCC=CCC=CCCCCC
394,407,CCCCCC=O
395,408,CCNNCC=CCN=O
396,409,C1CC1CCC(Cl)ONCC
397,410,C1C=C(OCC(Cl)C2)N12
398,411,COCCNC=O
399,412,OC=CC(C)=O
400,413,NCC(O)Cl
401,414,CC=CC=O
402,415,COCC=NCCS1C#C1
403,416,NC=C(C)COC(N)C=C(O)F
404,417,C1=C=C1CC=CCNN
405,418,N1COCCCS1CCCN=CNC=CO
406,419,OC(C=C1C=C)CCO1
407,420,CC=NNC(O)(CC=CNCCC=O)CNO
408,421,NCC(=C)OCNCCCl
409,422,C=CC#CC=C=COCSCC
410,424,C=CONCOC(O)OCNC1=NCCCCCCCC=N1
411,425,CN=CCC=CCBr
412,426,O1[NH1]OCCCC(C)C1C
413,427,CNCCNCSC=C(C)C(N)C=C
414,428,CC=CNCCCC=CCCC=CC(=C1)C=C1
415,429,C1=CC=C=C1NCC=CC=O
416,430,NOC(C(C)CNCCC)=COC=O
417,431,NOCC=SCNNOCNNN
418,433,BrNCC=O
419,434,CNC=C(C)C1C=CC2C1(C)CCC=C2C
420,435,CNCC1CCC2C1NCC=C3C=C3O2
421,436,O1C=C1NC
422,437,CCC=C(C)CC(=CC=O)CCNOO
423,438,C(C)Br
424,439,CN1NCCN=C=NCCCC1CCO
425,440,O=CC(=CC=NC)OCC
426,441,C=NC(CSBr)CC=CC=C
427,442,CCN=C1C=COCCNC=C1
428,443,OC=C(C=1)CCCC=C=1
429,444,CCCCCCN1CC=SCC1CCC
430,445,C1NCCCC1NC=C=C
431,446,C(N)CC=C(C)CC
432,448,C=C=CCCC(C)CCNC=N
433,449,S(C)=C(CC#CO)O
434,450,C=CCNOCC=O
435,451,CNCCCC(C)CCl
436,452,COCCC(C=O)CCCNNC=C=O
437,454,N1NC(=O)C(C)CCC1C
438,455,CCOOC(C=O)C1=CO1
439,456,OCC=CC1=CCC=CC=CCCCC=CO1
440,457,N=C=CCCCN1CNCC1=NCN
441,458,O=CCC(O)C(N)(N)CC=CCC=O
442,459,C1=CCCCC=CC1
443,460,COCCl
444,461,NONCCF
445,462,CCSOC(C1)C=C1OF
446,463,CC(C)(C)N=O
447,464,CCCCCOC=O
448,465,C(O)(C)CC(C=C)C=C=C
449,466,CON(C)NC#CC=C(CC=C1CCCI)N1
450,468,CCCC(C)CNCSOCO
451,469,[NH1]CC=CCC=CC(C)C(CC)=O
452,470,C1CC=C(C2(C=NC)O1)C=CN=CCO2
453,471,C1OCC1=CC=COOOCOC=CC2=C=N2
454,472,CCCC(COC=C)NCC1CC1
455,473,NC(CC=CC)CC=CC=O
456,474,CCCNCOCCCCC=CC
457,475,CCCOCCCOC1C=C1
458,476,CCC(O)C(C)C=COCOO
459,477,NNCCNCC#CC
460,478,NNCNCCOCCl
461,479,CC=C(C1)C1
462,480,NC(C)NCCC=CC=CCNNC#N
463,481,CC=COC1(C)CC=CO1
464,482,CCCNN=CC1NC(C)=CN1CCCOC=CCl
465,483,CCCCC(C)=NCCCCCC1CN1
466,484,C1C(C)(N=CCC)CN1Br
467,485,C1=C(C)C=CC=CCC1(C2)C=C2
468,486,CCCCCNNC=O
469,487,CONNOCCCOCC(Br)CCC=O
470,488,CC=NCNCCC=CCC=CC=CC1C=C1
471,489,CC=NCCC=CC=O
472,491,CCCCC=O
473,492,C1=CCCCC1(C)C(C)CN
474,493,C=C(C1)C=CCC=C1CCN=CONCOCC=O
475,494,CCCCNBr
476,495,FC(C)CNC(C)CN=CO
477,496,OC(CCC=CC(C)=CC=O)CNC=CC=CO
478,497,OCC=O
479,498,CCCS=CCC1=C=C1CC=CNN
480,499,CCC(C)=CC=C1CC2C#S12
481,500,OC(C)=C1CC=C=C(C)CO1
482,501,C=C(C)OOC(C)CC=CCC=O
483,502,C=C=C(C(C)N=CN=CC=CCC=S)Cl
484,503,C=CCC(C)CCC
485,504,OCC(C)C=CC=O
486,505,C#CCC=O
487,506,N1CCNOCNNCNO1
488,507,CNC=CCCCC[NH1]CCOS
489,508,C(CC=C=O)NNCC=C=CCCCC
490,509,OCCC(C)CNNC=O
491,510,OOCC(C)CCCC1=CC1
492,511,C(C)CCCCF
493,512,ON=C=CN1CNN2CC(CSC2)C=C1O
494,514,ClC=CCCCCOCNCN
495,515,CCC1N=CC=C1CCC=O
496,516,OCN=NOC=CCCC=CCOOCN
497,517,CCNC=CC=O
498,518,CCC=CC=C=C=C=CCC=NOC
499,519,COC=CCCCCCCCCCl
500,520,NCCNCC=O
501,521,NC(C)CNC=C
502,522,OCC=C=NC=O
503,523,C1=C(C)CCCOCC1CNC=C=C
504,524,N=C=C
505,525,N1=C(C)CCCCSCCC1CN2C=N2
506,526,CCOCCCC=C1C=C1C=O
507,527,C1C(C)C[NH1]NC1OC=CCCCC=NC2CC=CCCC2
508,528,CON(N)C=NCCNN=O
509,529,NC=CC=C=SCNCCN=C=C
510,530,OCCC1=C(OCCC(C)=CC)N1
511,531,CCCCCNCC=CC[NH1]Br
512,532,NCCNCC=CC=CC=CC=S=C
513,533,OOC=C(C1)C1CC(C)=CC
514,534,C1ON=CCC1C=C=C
515,535,CBr
516,536,CC=CN=O
517,537,OBr
518,538,COCCC=O
519,539,CCCC1C=C(C)C=N1
520,540,C12SC2OC(C1O3)(C)C3
521,541,CN=NF
522,542,CNCCCCC
523,543,C=CSCOC1=CS=CN2C1CC=CN2CCC=O
524,544,C(C)CCCC(O)C=C=C
525,545,CNCCC=C(CCC1C)OCCC1=O
526,546,CNOCCOCC=CC=[PH1](C)OC=O
527,547,CN(O)C=O
528,548,CCNNCSCNC(=C)C=O
529,549,CC=CSC=C=NF
530,550,O=CC1(C)CCCCC=C1
531,551,CCCCC=CCl
532,552,CNC=CCCC=C(N)CC=C(C)C=O
533,553,NCC1OC=C=C1CCN=C=C
534,554,CCOSCN=C=CCl
535,555,OC=C(C)C(C)CCCN=C
536,556,NCC(CNC=C)NCCCC
537,557,CC1CC=C=NCCNC1(N(S)C)O
538,558,C1C=CCCCCCC=CCS1
539,559,NOCNC=NCOO
540,560,CC(C)ON=C=CC=C(C)NC=C
541,561,N(O)CC1CC(C2)C12
542,562,CC=C(C)C=CCC1C=C1
543,563,C=CNCC(C)NCNON=C=N
544,564,CCC(C)=C=CNC=CCCC=CCOCC=C=O
545,565,C1(S)C2C1OCC=C2OO
546,566,CCCC(C)CCNCCC[NH1]
547,567,C=CC=C=NCCCC=CCC=C(C1C)C1
548,569,CCN
549,570,OCC=COC=COCN(C)N=C=CN=C(C)OC=NC
550,571,N(CSCC1CNCOC1)=C
551,572,ClOCOCCCC(C)O
552,573,C1CCC(N)CC1C
553,574,O1CCCCCCCCCCCCC1
554,575,OCCNOC(C)C[NH1]CC#CC=O
555,576,NC=NO
556,577,CSCC1C=C=COCC=C1
557,578,CC(C)=CCOC=C(C)NCC=C
558,579,CC=C(N)C=CC(=C)F
559,580,CCCCC=CCC(C)SCOC=C=CC
560,581,CCONC=COC1CCCN1C=CCCC=C
561,582,CC=NN(C)CC#COCOCC(O)=NOC
562,583,CC=CNCC(C)(C)C=NOC1CC2CC(=N)CCC12
563,584,CCCC(=C)C=O
564,585,N(C)=NOCN=NCC(N)CCCC=CCC=O
565,586,CNCCNOC=CNC=CCC=C
566,587,OC1C=CC(CC)C1=C
567,588,C(C)#CF
568,589,CC(C)C=CC=CC=C=SC
569,590,CC(C)C=CCCN(C)C=O
570,591,CC=CC(N)CCCC=NC#CC=C=CC#CNSOO
571,592,OC=CC(C)CC=NC
572,593,CCCC(OC=CC=O)CC(C1)C1
573,594,CC=C=NNCN(O)C(SCCC=C1)=C1
574,595,CCCC(C)CC=C=CC=O
575,596,N=CC=CC=CS
576,597,C=CC=CCCN=CCCC=NCC
577,598,C1CCCC2NCC1CC2
578,599,CCCCCCCN=C(C)CSCCl
579,600,N=C=CN=NO
580,601,COCC=O
581,602,C(C)CC=C(C=C1)C1
582,603,NCCNCCCCBr
583,604,CC=C=CNC(C)C=O
584,605,NC=CC(CC=CCC=CCCC=C=O)C=CC=C=C=C=NC=O
585,606,OCC(C)CC
586,607,CCNCCCCC(=N)C=CC=O
587,608,CC=COCNCC=O
588,610,FCCCC(CC=CS)C=COCCl
589,611,CNC=O
590,612,COCCCCC=COCC=NCCCC=C=N
591,613,C1NCSCCC=CCCCCC=N1
592,614,CC=CC=CCl
593,615,C=COCC=O
594,616,NC=NCCCC(C)[NH1]F
595,617,C1CNC=CNCCC(C)(C1)N
596,618,C(=C)C=CCOC=CNCCCCC=C
597,619,C1(C)=CCC=CCC1=NCC=C
598,620,N1SCOCN1C=C
599,621,C=CCCCC[NH1]CC1(C)COCC=CNC(Cl)C1O
600,622,NC=C(N)C1CCNCC#C1
601,623,CCC=C(C)CC=O
602,624,C(C)C(OC=CCCCC=CN)CC=N
603,625,C=CN=NCC=CC=CN(CC=C)C=CCON
604,626,C=CC=CCC(C)CC#C
605,627,[NH1]CCCC=C=O
606,628,N1CC1C2NC=CC2CCBr
607,629,OCC=CO
608,630,C1CCCCCOCC1CF
609,631,NONCC1CCCNCOC=CC=CC=CC1
610,632,C(C)C=COC[NH1]OC(O)(C)C=CC=C
611,633,CC=C=C(C1)N2C=CC=CC2CC=C1CC#N
612,634,C1CC=CCC(O2)C2=CC1
613,635,OC=C(C)SCCC=O
614,636,N1=NCN(C)C2NCCCN21
615,637,CC=CCSNC=CC(C)CCC=O
616,638,CCN(C=O)Cl
617,639,OC=CC=NOC=CCCCC=CCl
618,640,ONCC=O
619,641,CNCC=O
620,642,C1C=CNN(C=C1C=CC(N)=C)C=NOBr
621,643,O=C=CC(=O)OCOCC=O
622,644,NCCCNCC
623,645,C=NCNCC=CC=COOCCN
624,646,C1C(CCCCCCC)CC1
625,647,CCONNOC=C
626,648,OC=CS(O)CC=CCCCN=CC=CCCC=N
627,649,CCl
628,650,NC=C(C1C2=CC)C=NCC=CCCP2CC1
629,651,[NH1]C=C=C(F)F
630,652,NCC=O
631,655,O(ONO)N=CCC
632,656,CC=NC(CC=SCCl)=O
633,657,CCCCCC=CCCON=CF
634,658,CC(ONC)CNC=CC(C)CO
635,659,CCCNC=CCC=CN=CCCS
636,660,CC=C=C=COCNCNC1C[PH1]1F
637,661,CCCC(S)C=CCC=C=O
638,662,COC=O
639,663,C=CC=CC=CC=O
640,664,C(C)NC=O
641,665,ON=CCC(S)=CC=O
642,666,CCCC(CCC=O)C=CF
643,667,O=C=CC=O
644,668,PN(C)N=CCC
645,669,CN1CC(N)CCC(C)CNC1
646,670,OCCCCCl
647,671,NCC=NC1CCCC1=C
648,672,COBr
649,673,C(C)CCCSC(=C)CCCC
650,674,CCC=CCC=CC=CCCF
651,675,N=CCOCCCCCCF
652,676,NOC(C)CC=O
653,677,CC=CCC(CC#N)=NCNCC=C(C)C=C
654,678,CC=CC=CCC=P
655,679,C(C)CSCCBr
656,680,CCOOCNN=C=CCBr
657,681,CCNOC=CC[NH1]CC=O
658,682,C=C=C=CCC(C1)CC#CC=CC1
659,683,C=CCCC=CCC=CC=O
660,684,NC=NN(C#CCC=CC(C)=O)CCC#N
661,685,CCCCC(C)=CNC=C=C1C=C1C
662,687,OCCCC=O
663,688,CC=CC=CCNC=O
664,689,CNCCC(CBr)NC=C=CC=C
665,690,CCNC1=NC1
666,691,C=CC1CC=CN=C1N
667,692,C1OC=CCCC=CC=CC1O
668,693,CC=NCCCCSCC=C1CO1
669,694,COCC=CN=CCOC(C)C=CNI
670,695,NCC#CCC([NH1])C=C(CCCC)C(=C)C=C
671,696,C1COSCCC=NC=C1CO
672,697,N=1NCNC=1ONC=CCCO
673,698,C(CNC=C)(O1)N1NCC=C
674,699,ONC1=CCC=NCC=C=C1N
675,700,NOC=NC(C)NCCCNC=O
676,702,C=C1C=CC=C1CCC=CF
677,703,CCCNCCl
678,704,CC=CCCC1C=CCCCC1C=C
679,705,NCCCOCCCCCCC=O
680,706,CCNCCCC(C)CCC
681,707,CCCN=CCl
682,708,O1C(C)C1N(C)CC(C)CCNC=C
683,709,CNCC(C=O)=CN=CNCCO
684,710,CC=CC=NCBr
685,711,C#CN=O
686,712,CSCC=SCNCC
687,713,NNCC1=CCNCN(C)NCNCO1
688,714,C(F)(O)CC=C=O
689,715,CI
690,716,COC=C(C)N(C)C1(CCOF)NC=C=C=NO1
691,717,CC#C
692,718,CNCCF
693,720,C=CCCNNCC=NNCN=O
694,721,CNN=NOCOCCCl
695,722,CCCNC=O
696,723,C=C(CCCC)N=NC=CCOCCC=CN=CN
697,724,O=CCCC=C=O
698,725,O=CCCCCCS
699,726,C1(=O)CCNN(C)OCN1Cl
700,727,CCCCC1NC1
701,728,CC=CCCCCCCOC1CO1
702,729,NCOC=C=CC(CCC)=C
703,730,C1CC#CC=CC1
704,731,N=C=O
705,732,OCC1=NCCOC=CCCCC=C1
706,733,C=CC#CNC=CC=CC=CCC1=C=C(C)NCC1
707,734,COOCCCOCNC=CCC=C=CCC
708,735,NCC1=CC=C=C1C=O
709,736,CCOCNNCCOCC=C=C
710,737,C=1C=CC=C=NC=1
711,738,CC=CCC(C)=CC(CCC(C)CCNCF)=C
712,739,C1C=NC1=C(S)C=C2C=C2
713,740,C1CNCON=C1
714,741,CC[NH1]CCCCC=O
715,742,CC=CCC(O1)CCOC1=C(C)OCN=N
716,743,CCCCCCC=CC(=C)C
717,744,O(C)CCOC=CCC=CC=NC=CC(N)(C)Cl
718,745,CNCC=C=C=O
719,746,CCOCC1C=CC=C=C1OCO
720,747,CC=CC1=CCC(C=CCCC=NCO1)=NC
721,748,N1=C(C)C1=C2CC3C=C3C2
722,749,C=CC(CC=CC)=CCF
723,750,C=CCCCCOC=C=CN=C=N
724,751,OCNCCC=CC=CC=CC=O
725,752,CC=C(C)C=CN
726,754,C1#CC=CC=NCC(=C)NCNC=C1[SH1]O
727,755,C=C=NCCC(C)(N)NC
728,756,CC=C=NCC(CC=O)C(O)F
729,757,C1CP(C)C1CCCl
730,758,C=CC=C(C)C=O
731,759,C1CCC(=NC=C)N1
732,760,OCCCC[NH1]CCC1NCSCC=CCN1
733,761,CC(C)COSC=O
734,762,O=CNC=C[NH1]C=CC=NNNCC=CC=CC=N
735,763,C(C)CS(N)CC=C(C)CSC=O
736,764,C=CC=CC[NH1]N(S)C=CCOC(C)C=C
737,765,NC(C1)C1CC=O
738,766,CC(C)(C)CCC(C)C=CCN=CC=C
739,768,C1C=CCNCCCNC=C1ON
740,769,C1C(C)(CN)CCNN=C1
741,770,CSCCCCNCC=CCCC
742,771,NCC=CC=O
743,773,CCC(C)C=O
744,774,ONC=CCCC=CC1=CO1
745,775,CCC=C=C1CCC2N1O2
746,776,N1CSC(C)C(C)=CCN=C1C=NOC
747,777,CN=CCC(C1)C1Cl
748,778,C=C=C(CCC=O)C
749,779,CCCCCCCNCl
750,780,CCC=CC=NCCN=PONC=C
751,781,CNC(C)=SCCN=C
752,783,OC(C)CC1N=C=CC=C=C1
753,784,OC(C)Br
754,785,O=C(O)C=C=O
755,786,OCCF
756,787,CCCC=C(C)CC=CCC=C1N=N1
757,788,O=C=CCNC=O
758,789,OCOC=CCCC(=C)CCC
759,790,N(OOCF)[NH1]CCCN(C1)CSCCN1
760,791,C1COC(N)CO1
761,792,CC(C)CC(C)=C(C)C1=C=C1
762,793,C1CCC(CCS=O)CCCC1(C)OC
763,795,C1CON(C(C2)C2=CO)OOC1=N
764,796,C1CC#CCC(C)CCOC(C)C=CCSC1
765,797,O=NC(C=O)N
766,798,CCCCC(C)CCOC=CC1SO1
767,799,CCCNCSN=CCOC(C)SCCOOC=CCOO
768,800,C12=CNCC1C(=C)C2=N
769,801,C1CNC2COCC1CNC=CC2Br
770,802,C12CS2C1
771,803,CCC=C=CCCCNNC=C=N
772,804,CNNCC=NSCCCS=C=O
773,805,CCOCCC=NCCC=CCNCN=NN
774,806,C1C(C2)C=CCCCCC1N2
775,807,CN(C)CC=CC=C1NCN=C=N1
776,808,OCC(CCCNCCC=O)=C
777,809,CCC=C(CCl)CC=C
778,810,CCCC(C)C=C(N)CCCCC=CF
779,811,NC=CC(C)=C
780,813,OC1C(C)CC1=CC=C=CC=O
781,814,CNC=CC=CNC(C)OC(C)OOC=C
782,815,CCC=C=CNCCONCC=CC=NCCI
783,816,C=CC(=C)NCC=O
784,817,CCN=C=CCCNCF
785,820,CNCCNC(C)CCC1CCOC=N1
786,821,OCC(PCCC)CCC=COCNC=O
787,822,CC1C=CC=C1CNCC=C2CO2
788,823,C=CCC=CCCSO
789,824,COC=CC=CC=O
790,825,C(C)#CC=SC=CCC(O)C=C=CS
791,827,C(C)=C=NC(C)CC=CC(C)F
792,828,CC(C)(C)CCCCC=CCC=O
793,829,C1=CC=CCOC2OCC=C2C1
794,830,C(C)CC(C=CCC)Cl
795,831,NNN=C(C)C=CC=CF
796,832,N=CCSCCCF
797,833,C=CCCl
798,834,CC=C(CCCS)OCOCNCC=C=NCCC
799,835,CCCC(O)CCCC=C=O
800,836,CCN=CCCSC=C1CC1
801,837,C(C=CC[NH1]C=O)=CCCOOO
802,838,C=C1C2C=C2O1
803,839,CC(NCCO)=O
804,840,CC=NC1C(N)OC=C1Br
805,841,OC1CC=NC1C=CC2NCN2C=NO
806,842,COOC(C)CNC=C(C=O)O
807,843,N1NC2=NCC=C=C2CC=N1
808,844,NOOCOCCC=C
809,846,C=CC(C1CCNC=CNC=NC=C)N1
810,847,CNCC=C=SNOC(CC(C)=S[NH1]Cl)=NN
811,849,CCC=C=C
812,850,CN=COCOCNC
813,851,CCNC(C)=NC=O
814,852,CNCC(C1)C1=O
815,853,NC(N)ON1C2CC=CC1C2
816,854,CCCNCC=NC(CC)=CCCl
817,855,C1C=C(C1)C
818,856,C=CC=CCCSCCCC=CCON(C)C=C
819,857,C(C=CCCCCOC=C)C=C=O
820,858,O1CC=NC1OOC2CC2
821,859,CNCC=C=O
822,860,COOCCC(=C)CNCCC(C)C
823,861,CON=COC=CC(C)CCCCSC=C=CC=C=NN
824,862,FCCCC1CC[NH1]CNO1
825,863,CC(N)CN(C)C
826,865,C=CNN(C)OCCF
827,866,C123C=CC1NN2CNC3Br
828,867,OOCC=O
829,868,C1(CCNNC=CCC=C1O)=C(C)C
830,869,C1CC1(CCCCl)COCCOC=O
831,870,CC=C1CC[NH1]CCCOONC1
832,871,CC(C1)CNCCCC=CC(C)(C1C2)N2
833,872,CCOC=C=C=CCC=C
834,873,CC(C)C=CC=NCNCONCCC
835,874,CC(=O)[NH1]CCCCCC=O
836,875,CNCC=CC=NCSCCl
837,876,CCCOCC=C=O
838,877,CCC=C(C=CC=O)C=CC
839,878,C#CC(=C)CNCBr
840,879,OCCNC(C)C=C=CC=C(C1)O1
841,881,C=CCCC=CC=O
842,882,COCSCCS=CN(C)COC=C=O
843,883,C=CCOC=C=C(C)C(C)CC(C=N1)C1
844,884,CCCCl
845,885,NNCCCC(C)C(C=O)N=C
846,886,C=CS(O)CN=COCNOCCl
847,887,C=CC(C)(C)OC=CCC1CCNCCO1
848,888,O[NH1]C=CC=CCOCC=CSNC1=CC1N
849,889,O1COC(C)=SCCC#CC1
850,890,C(N)=C=O
851,891,N12C=C1C=C2CC=C[NH1]C=O
852,893,NC=CN=CCNCC=COCCN
853,894,CC=CCOCl
854,895,OCCl
855,896,NCBr
856,897,BrC=CC=CCNCF
857,898,C1C=CCC(CCCC)N(CC1)F
858,899,O1OC2NCNC2OCOO1
859,900,C=CCC(C)CCCC#CBr
860,901,CONC=NNC(C=CNC)=O
861,902,N=CCCl
862,903,O=C1CC(CC123)C2=C3OO
863,904,C=CC=CCC=CC=O
864,905,C1C(O)N1C=CCC
865,906,OC=CONCCNC=COOF
866,907,N=NOOC=CCCC=O
867,908,CCCCCl
868,909,O=CN=O
869,910,N1=NC1CC=CC=CNC
870,911,C1=CCSN=C2C1C2
871,912,CC=C(C)CCC#N
872,913,CNNC=O
873,915,CCCC=CC=C=C
874,916,O=CCCCC[NH1]C[NH1]CC=CCBr
875,918,NS(=C)CCC(=CCC#N)[NH1]CNC
876,919,C(C=NCOC=C=COC=C)C=O
877,920,CCC[NH1]COCC=CC(N)C
878,921,NNCCCCC=CC=CC
879,922,OCCCCC1CC=C=C1
880,923,CNC=CC=C1[NH1]CC=C=NC1O
881,924,FN=NCCCC(O)CC
882,926,O(NCCCN(S)C=C)CCC#C
883,927,O=C=CCl
884,928,C=CCl
885,929,C1CNC=CC=C1C
886,930,CCCCC=CCCBr
887,931,OOCC=C
888,932,ONCCNCC=CONCF
889,933,OCCCCC=O
890,934,C=C=CCC=CC=C=CCCNF
891,936,CCS1CO1
892,937,C1OC1(C)C2=NC=CO2
893,938,CCCC=CC=O
894,939,CNC=CNCCCl
895,940,C=CC=COC=CCCCCCC=CC=C
896,941,CCNCl
897,942,N(O)C=COCN=CC(C1)C1
898,943,C(NC)=CF
899,944,C=CC=CC=O
900,945,C1(C)NNCN[NH1]C=CC=C1C
901,946,CCC(C)C1C=N[NH1]CC1
902,947,C1CCOCC(C)C(S)O1
903,949,N1CNCNCC1
904,950,NCC(C)CC(O)OCC=CCl
905,952,C=C=CF
906,953,ONONCN=C=CNBr
907,954,CF
908,955,N1CCCC1COC
909,957,CC#CCl
910,958,CC=NC1(C)CNCN1C
911,959,C=CC=CCCON=S
912,960,CCCCCCNCCC=O
913,961,C1(C)P(C)=NNCN1CCCC=C
914,962,CCC=CNC=CC=CC=CNCCCN=CN=O
915,963,CN(C)CC=CC=CC(=O)CO
916,964,CON(CC=CC=O)CCN
917,965,CCCBr
918,966,NCCOC=NCCC=C=CC=O
919,967,OC=CC=CC#N
920,968,O=NOOCC=O
921,969,C1=C2C=CC=CC2=C1C=NC
922,970,N=C1NCCC=C=C1O
923,971,CCS=C=C
924,972,CC=CC=C=CC=CC=C=C(C)COC
925,974,C(C1CC#C)=C=C1C
926,975,ON=CCC1CC(C)ON1C
927,976,C=CCCC1C2C(C)N=NC3C(C)CC3N21
928,977,OC1OSN(C)C1C=CC=CNCC
929,979,CC=C=O
930,980,C=CN(O)Br
931,981,OC(CCC=O)N
932,982,CCC=CCCC=CC=O
933,983,CC(C)=CC=O
934,984,CCC=CCCCSCSC
935,985,CCN=CC1=CCC[SH1](SO)C1
936,986,C1CCCC1CCl
937,987,OC=O
938,988,CCC=CSOCNCNOOO
939,989,CN(C)CCC(C)OOC
940,990,NCCCCC=O
941,991,CC=NCNCCCCC=C
942,992,N1C=CC=CC1=O
943,993,CC(NC1CC2=C(C)C1)NC2CC=CC=C=C
944,994,NCl
945,995,C1=CC=C(F)CCC1
946,997,N(C)(C)CC(C)(C)C=CN(CC)OCC
947,998,NCCCCCC=O
948,999,NCC(NCN=C)COC=O
949,1000,NC1CON=C1NOC=O
950,1001,CCCC1C=C=CC=C1OS
951,1002,C=C=NOCCCCOCCCC=CN1NC1
952,1004,OCCCOCCCC=O
953,1005,C=CC(CCCS[NH1]CC=C1)=N1
954,1006,NCCNC=CC#C
955,1007,OCCCC=C(C)CCC=CF
956,1008,CNCN=CC=CCCCCl
957,1009,OC=CNC=CCC[NH1]CF
958,1010,CNCNCC
959,1011,C1(C)N(C)CC=C(N)N=C1
960,1012,CN(C)OCOCCOCOC
961,1013,NCCCC(COO)(C)CN=N
962,1014,NCC(NCSC(CC)(C)CC)=CCC=C
963,1015,COCCC(C)=O
964,1016,COCCCC=CCOCC
965,1017,CCCC=CCF
966,1018,NC=C(C)C=C=O
967,1020,CCCCNNCC(C)C=CC=C
968,1021,O1CCOC2CCCCC2CCC1
969,1022,C=CC=C(C)CCN=CCC=S
970,1023,C12CCC=C1C3C=C32
971,1024,CCCN=CCNN
972,1025,CCCNC=CC=O
973,1027,CN=NC#CC#CC
974,1028,CCOC=N[NH1]C=CN=CC=COC=C=C
975,1029,CC=C(O)C(OC)C(C)CC(C)Br
976,1030,CC(N)CC=CCC=C=CCCC=C=C
977,1031,NC=CCOC(C1)NC1CCO
978,1032,CCC=C(C)F
979,1033,CCCCN=CCC
980,1034,CS(C)CC=SCNC#CC[NH1]
981,1035,NC1=C=NCCC1(C=C(C)C=C=N)OCC=C
982,1036,C1OCNN1C
983,1037,CCCCNC=C(C)SCF
984,1038,C=COC=CC=CC=C=O
985,1039,CC1CCOCCC=CCC=C1O
986,1040,CCCC(C)CCC=CC=CNOC
987,1042,CON=CCOC=CCOCCCC(C)Cl
988,1043,COCOCCOCN=C
989,1044,C=CC1CC1CCCN
990,1045,C#COCNCCC(C)C=O
991,1046,CCC=CC=CNC(=C)CSCl
992,1047,C1=CC=CCCC1(N)C=C
993,1048,O=C=CC=C=CC=CNC=CNC#N
994,1049,C1CCC1CCCCCCN=C=C=O
995,1050,NCC=CC=C=O
996,1051,C1C=CC=CNN1O
997,1052,CCC(O)N=C
998,1053,ON=O
999,1054,CPC=CC(=C1)C1Br
1000,1055,CC=CC(C)N1NC1Br
1001,1056,OCC1=C2C1CCC2CCCC
1002,1057,CCCCC=CC=C(CC)NN=O
1003,1058,CON=C=O
1004,1059,NCOCCCONC=CC=CC=C=C=C(CC=C=N)COO
1005,1060,OCC=CCCl
1006,1061,NCSC=O
1007,1062,OOCC=CCC=CCC(C)NN
1008,1063,CNNNCCC=CC1=CC=C(C)C1=C
1009,1064,CC=CN(N)CCC(O)CC=CCF
1010,1065,NCNCCC=O
1011,1066,C(C)C=CCC=C(C)Cl
1012,1067,OCC=COCCCOCN
1013,1069,C(CF)Cl
1014,1070,CCC(OCCN)C=CC1C=CCNCC1CN
1015,1071,OC(=C)C=C(O)C=O
1016,1074,SCNC=CCCC(C)=CCCC#N
1017,1075,C=CC[NH1]OS=O
1018,1076,C1CCCCC=C1
1019,1077,N(=N)CONC=O
1020,1078,C(C)CBr
1021,1079,CCONCC=CCCCC=O
1022,1080,N1=CCC=C1C=C2C(C2(C)C)C=C=CC
1023,1081,CC(CCNC)=O
1024,1082,C1C(C=C=NO)C=CCC=N1
1025,1083,CC(C)C=COCOCC=CCN(C)SCCC=C
1026,1084,OCOC=CC(C)CC1C=C1
1027,1085,OCCCSCCC=O
1028,1086,NNC=CC=C
1029,1087,CC(C1)N1CSCCCC2=C=C2C
1030,1088,CNC(=C)CCl
1031,1089,N=C[NH1]CN1CC=NCC1CN
1032,1090,N=CC=CN(N)CCCCC=N
1033,1091,C1(O)NCC=C2CC1C=COC2
1034,1092,CNCCON=CC=O
1035,1093,C1(O)COCN1
1036,1094,CN(N(C)N)ONCN=CCC
1037,1096,CCCOOCCC(C)CC1C=CC([NH1])O1
1038,1097,C=CC=C=CCOF
1039,1098,C=CC=NF
1040,1099,CCC1=CC1C=C=C=C=O
1041,1100,N1C(C(C)C=CO)CC1=C
1042,1101,CNC=C=NC=C1C(CO)=NC1C
1043,1103,CCC(N)CCC(NO)(N)ONF
1044,1104,C1CCC(C)CCO1
1045,1105,N1=C(O)OC1CNON=C
1046,1107,NCCN1N=C1CCl
1047,1108,OCCC=CCOC=NC=CCC=C=C
1048,1109,O=CONC=CCC=CC#C
1049,1110,NNCCNCCl
1050,1111,C=CCCNCC#CC
1051,1112,CNOCNCC=CC=CC=C=C
1052,1113,NCNC=CCC=CC1=CC1
1053,1114,COCCCC1=CC1(C)C
1054,1115,C1N=CCCCC(C)COC=NC1
1055,1117,N=CC1(C=CCC2)C=CC1NON2
1056,1118,C=C=CC=C=C=CC(C)=C[NH1]
1057,1119,CCN=CC1=COCC1CNCCC=[SH1]ON=C
1058,1120,N1C=CC=CCCCC(C)C=CC=C1
1059,1121,CCC=CC=CN=O
1060,1122,C(C)(C)CC(C)CC(Cl)OCNC=CCON
1061,1123,CCCCNC=C=CNCC(C)CCC=C
1062,1124,C1COC(N)CCN=CCSCC1
1063,1128,C1OCCCC=CCCCC=CC=C1C
1064,1129,O=C(C)NC=C=O
1065,1130,C=CCCC(C)(C)CNC(=C)C
1066,1131,C=C=C1C=CCNCCC1S
1067,1132,CCCOF
1068,1133,NCCCCCCCl
1069,1134,C=CCC=C=O
1070,1135,OCC=CCCCCC=CCN
1071,1136,CSC(C=O)CC=C
1072,1137,N1=C=N1
1073,1138,O(NCCN)CC=C(C)NCC(C)=C
1074,1139,NC=CCCC=C=CNC1C=C1
1075,1140,NNCC(C)C=CS
1076,1141,OCNCC
1077,1142,CCNCCCSC(CCCOCCCCl)=C
1078,1144,C(C)SCCC=NNNSCOC
1079,1145,NCSN1NCCC1CCC=C
1080,1146,C=COC(C)C=O
1081,1147,O1C=CCC1N=O
1082,1148,CCCC=CC(C1)CC(C)C#COC=C1
1083,1150,CNOC1=CN=C=C=CC(N)C(C)C1
1084,1151,C=COC=O
1085,1152,NC1CNC(=CCNO)N(O)N1
1086,1153,C(C1CC#CCNC=CC)OC=C1C=O
1087,1154,CCN(S)C=CCCC=CCl
1088,1156,C1COOC1C=CCC=O
1089,1157,C12NC=NCCC1(C)C2
1090,1158,C(C)(CCC=O)CC(=C)CCC=O
1091,1159,N=NCCC(C=1)C=1
1092,1160,CCCNC=C=C(N1)C1CC=O
1093,1161,C1C=C=CC1CCO
1094,1162,C=CCNC=O
1095,1163,CC=NC=NI
1096,1164,C=C(N)CCOCC[NH1]C
1097,1165,OCC=C
1098,1166,CCC=CC=COCC(NOCCN)=C=O
1099,1167,NNCCCC(C)C=C=C=C
1100,1168,OCl
1101,1169,CC=CCCCCC=O
1102,1170,OC(CC1Cl)=CCCCC1(O)F
1103,1171,N1OC1=CCCl
1104,1172,OCCCC1=CCCC1
1105,1173,CNCCCNC#COC
1106,1174,C1CCCC=CC=C1
1107,1175,CCSCF
1108,1176,O=COCCC=CC=C
1109,1177,CCNS(COC=CC=COC1)C1CNC=C
1110,1178,CCC=CC=O
1111,1179,O(CCC)Cl
1112,1180,CCCNCCC(C)CC=C
1113,1181,CN=O
1114,1182,C(C)CC(C)C
1115,1183,OCCCC(C)C=CC=CCCC=O
1116,1184,C=NOC=C=CNC=NCCC1CNC=C1N
1117,1185,CCNCC1C(C)CCCOC1=N
1118,1186,C=CCN(N1C)N(C)N(C)CO1
1119,1187,CCCC(CC=O)CC(N)C=O
1120,1188,C1CCCONC=NON=COC=C=NC1CC
1121,1189,CC(C)C(C)=O
1122,1190,OCC=CN=C=C
1123,1191,C1=C2ON=C1CC2=C
1124,1192,CCCCCCNC=CC=CC=O
1125,1193,C=C=S=O
1126,1194,BrC=CN=CC=CCCS=N
1127,1195,OCNCCCC=C
1128,1196,CNCCCCC=COCCCCOCO
1129,1197,C(C)CN(S1)C=CCCCCNCC=C1
1130,1198,COCCC#CC(CCCC)CC
1131,1199,OC=C=C=C(C)C1(C)CCC1
1132,1200,CCNCNC(C)CC(N=N)NO
1133,1201,CSOCCOC=C=C
1134,1202,CCOC(C)NC1NC1S
1135,1203,NCOC=NCC(COCCNCCCBr)=CO
1136,1204,CCOC1(CC=CC)CC=C1OCC=CO
1137,1207,O1COC=C1COC(C)CCC
1138,1208,N1C=CC=CCCC=C1O
1139,1209,C=CC=CC=C[NH1]OCC=S=C
1140,1210,COCC=NCCC(N)C=O
1141,1211,C(O)C=S(C)C1C=CC=CC=C1C=CNCCNC=O
1142,1212,C=C(COCC=C)C#C
1143,1213,C=NF
1144,1214,CNC=COC(O)CCCCCCNOCC=O
1145,1215,N=CCC=CC=C=C
1146,1216,C=CNOCONCNC=CON1OO1
1147,1217,CC(OC=CSC1=CO1)=O
1148,1218,CC(CCCS)C(C)(C)CCl
1149,1219,CCNNC=NN=C1CC=CC=C1
1150,1220,CN=CC1CC=CC=C1CNC=CCC=C
1151,1222,CON(C=O)CNCCCOCCCC=CC=O
1152,1223,OCCCF
1153,1224,OCC1CONO1
1154,1225,C1C(N2)C2C=CCCOC1Br
1155,1226,N(C1)COOCCCCOC1O
1156,1227,ClCCCC=NSCCS(C)=C
1157,1228,CN=CCCCCC=O
1158,1229,CC=CNC=C(C)F
1159,1230,C=CC=CCCC1COC=CC=C1NCC[NH1]CC=C
1160,1231,CCCCCC1=NC(C)C1
1161,1232,C1C=CSC1CC=CCC=C(C)C=O
1162,1233,OC(CC=CC=C(C)N=C)=CN=CF
1163,1234,C=CC=CCSCCNC
1164,1235,NCOS=CC(N)C=CN(C1)C1C
1165,1236,CCCCCCOCCCC
1166,1237,C1CCCC=C2C1N=CCCC2
1167,1238,C1(O)C(C=O)CCCCC=C1O
1168,1239,OSCCCNCCF
1169,1240,CC(OCC1C)CCCC1
1170,1243,C(OC(N)CC1=CCC)CC1NC=C=[NH1]
1171,1244,CN(O)CC=NC=CCC(C)N
1172,1245,NOC(C)C1C=CCC=N1
1173,1246,OCC=CCCCC=C
1174,1248,CCCCCCl
1175,1249,OCNCCC=CN=C=C
1176,1251,OCC=CC=O
1177,1252,PF
1178,1253,COC(CC=CC=CCNC=O)Cl
1179,1254,CC=CCCCSC=CC#N
1180,1255,NC(C=C)C=C=NNC=CNCN=O
1181,1256,CCN(CCC=NC=NCI)NC=CNCNC=C
1182,1257,OC#CC=C=O
1183,1258,C1N=C=NC(C)CC=NC1
1184,1259,COCCCN1CCCCCNC=C1
1185,1260,CCC=NCCCCC=O
1186,1261,CCN=C=CC=CC=CC(C=O)O
1187,1262,N=CC(C)CCC=O
1188,1263,C1COCCC=CCCCC1
1189,1264,C1C=CCCCC=C=CC1
1190,1265,O=C(C)CCCCNCC
1191,1266,CCCCCC(C)C=O
1192,1267,ClC=CC(=C)CCC1C=CCC=C1N
1193,1268,COCCCCNC=S(=C)CCl
1194,1269,C1C=CN=NNC=CCOC1
1195,1270,COCCCCC=C
1196,1271,C=CCCC=C=O
1197,1273,N1=C=C1CNCCCF
1198,1274,N1OC1N=CCCC
1199,1276,C=COCC(NC)=CCCC
1200,1277,O(CC#CCCCC)CCC=CC=O
1201,1278,CCCC=CCC
1202,1279,C=CS=CNCCC=CC#CCC=CF
1203,1280,CCC=CCC=[NH1]
1204,1281,NNCCCCF
1205,1282,C1C(C)CC=CC1
1206,1283,CCOC=O
1207,1284,C=C(C)C=CCCl
1208,1285,C1CCNC(CC1)(Br)C=CNC
1209,1286,N1CCCCNC1=C=C
1210,1287,O1COC=NCNCCON1
1211,1288,N1=CC(C)(C)C=NCCC1OOCCC
1212,1289,OOCCOCNNNCC=NOC=O
1213,1290,CCN(C)CC=NNCl
1214,1292,NCCC=CC1CCCCCNC=CN1N
1215,1293,CN
1216,1294,OCC(CCC=NC1NCC2C1)C=CN2C=C
1217,1296,CC=C(O)CCCOC=CCN=O
1218,1298,C(C)CCC(C)C(=C)C
1219,1299,SC=COCC=CCC=CCCCCCC=C
1220,1300,CC(=CCC=C=NCC=C=C)[NH1]CCl
1221,1301,ONCCC=C(O)CO
1222,1302,OCCCC=CCCCCC#CCC
1223,1303,NNC=NC=C=C=O
1224,1304,NCC#CCCCCCCCCF
1225,1305,C=CN1CCC=CC=C1
1226,1306,C1=CCSC=C2C=C(N)CC21
1227,1308,C(CC=CC=CSNC1=C)C1
1228,1309,CNCCC1C=NNC=C(CCCOC)C=CC1Cl
1229,1310,C=CC=CCCNONONCC=C=CCCCC=O
1230,1311,CNNN1C=C1
1231,1312,OCN=CCBr
1232,1315,NOC#C
1233,1316,CONCCCC(N=O)CC=C=N
1234,1317,O1CCC(C)C1CC=O
1235,1318,C1C(N)CCCO1
1236,1319,NCC=CC#CC
1237,1320,CC=CCC(CC)C1SN1Br
1238,1321,CCCC(N)=O
1239,1322,NC(C)=C(C)C=C
1240,1323,C=C=NCOC=O
1241,1325,CCCNC#COCCC[NH1]Cl
1242,1326,CCN=C(C)CCCCC=S
1243,1327,CC(=C=O)C
1244,1328,C=COCN=[SH1](C=CCNC1)(C)C1
1245,1329,C(C)C=C=NN
1246,1330,CC=CCSCCl
1247,1331,O=CC=CNC=CC=NC=CCC=O
1248,1332,CN=CC1CC1S
1249,1333,CCC
1250,1334,C=CNC1C=CNC=N1
1251,1335,ClCCCCl
1252,1336,CNNC=C=CCC
1253,1337,C=CCC(O)N=CC=CCF
1254,1338,NOC=CC=C1CC1(C)C=C
1255,1339,CC1NC2C(C)CC1CNC=CCC2
1256,1340,C=CC=CNCN1CC1(CCC=C=C)C
1257,1341,NC#CC=CCCCCCC=CC
1258,1342,OOCN1C=CC=NCC2CC1C(C)C=C2N
1259,1343,CN=C=CC=CC=NCF
1260,1344,CN=CCOCCC=O
1261,1345,NCC=NCCCCC=O
1262,1347,O1C=CC12CN2
1263,1348,OOC(C)C=CC(ON)N=N
1264,1350,C=CCC=O
1265,1351,CCC(N)OCCF
1266,1352,C1CCN=CCCNCC1=N
1267,1353,C=C(C)C[NH1]CCC=CC1CN1Br
1268,1354,CCC(NC)(C)C(C)CC(C)CCC=O
1269,1355,CN(C)OC=O
1270,1356,CNOC(CCC=N)C
1271,1357,C=NC=CC(C)C=O
1272,1358,N1NCSSO1
1273,1360,NC=NCONC(S)Cl
1274,1361,CCNCCC=C=C(C)Br
1275,1362,COC=NCC(O)CC(C(C)C=C=O)=CCl
1276,1363,OCC=CC
1277,1364,N=CC=C(C)CC#N
1278,1365,[NH1]CCCCCC=O
1279,1366,OC=C(P)CC=C=O
1280,1367,OC=NCNCC=CC[NH1]P
1281,1368,C=CC=CCC=CCCNC=CCC#CCC=C
1282,1369,C1OC(C)OC1(C=C2)C2
1283,1370,CCNC(C)(C)CC=O
1284,1371,CNC=C=C
1285,1372,C1OCC(C)=CCC(C)C1
1286,1373,CCCNCC(C)F
1287,1375,OC=NC(C1)CCCCNC1
1288,1376,CSCl
1289,1377,CCN=C(C=C(C)OCCC[NH1])CC=C
1290,1378,CCC(CC)C=O
1291,1379,C1=CC(C)=CC=C(C)OC=CO1
1292,1380,CNCCCCC=C=CCOC=CCC=C
1293,1381,C1CN(S=CC=CC=O)N1
1294,1382,CC(C)CC#CCC
1295,1383,O=CCCCN=C
1296,1384,C1C=C(C)CC=CC=C1
1297,1385,C=CCCC=C1C=NNCOC=C1
1298,1386,CC(=C)CCC1=CNCCC12ON2
1299,1387,O1CS2=C1C=CCO2
1300,1388,CNNC=CNNC=O
1301,1389,C=1=CCOCCC=C=1
1302,1390,C=NC1CCC2=SC2NN[NH1]COC1(C3)O3
1303,1391,OCCCCCCCOO
1304,1392,C1C=CC=C1CC=CC#CCCCCON
1305,1393,OCOC(O)C=CCOC(C1)C1C
1306,1394,C(N)C=CCC=CCC=CC
1307,1395,CS#CBr
1308,1396,COCNC1=CC1
1309,1397,CNNC(C)=CNC=CCCC=O
1310,1398,CC=CCN=O
1311,1399,O1C(C)CC#CSC1=CS
1312,1400,OCCNC1CCC=CCC(C)[NH1]1
1313,1402,N=CC(=C)CC=NC=C
1314,1403,NCCC(OCC=N)CN=C=O
1315,1404,CCCCCNC=CCNCO
1316,1405,CC=CCC(C)(C=CCCl)C=CN=C
1317,1406,C1OCOC=CCCC=CC1
1318,1407,O=C=CC(=C)CCCC
1319,1408,NCNC=CNBr
1320,1409,OCC=CCBr
1321,1411,NCCCS1C=CCCCCC=CCOC1
1322,1412,NNC=CCNCC=CNC=O
1323,1413,CCCNC=C=O
1324,1416,CCC(N)CCOC=CCCCC=CCC=NCOC=O
1325,1417,OCCCCl
1326,1418,CNC(C)=O
1327,1419,C=CCOCC(C)CCCl
1328,1420,CCCNCCCNOCOCC
1329,1421,CCSOC(CNC=CC=CC=CC[SH1]1C)N1
1330,1423,CN(C)N=C(C)C=CCCl
1331,1424,C=CNCCOC(N)C(C)=O
1332,1425,C=1=CCC=1C=CCC
1333,1426,CCNC(C)C=O
1334,1427,NCC(C)SCC=C(OC=CF)CC
1335,1428,NOCC(N)NCC=C(O)N=CCO
1336,1429,CNC=C=CSCCNCCC(C=C=CN)=CN
1337,1430,CC[NH1]C(C)CC=CCN(C)CC=O
1338,1432,O1C(C=NCCOCC)C(C=O)C1
1339,1433,C=CCC=SC=CCCC=CNN
1340,1435,OOCC[NH1]CCC=O
1341,1436,NCCC(C)=C=CCNC=COCC
1342,1437,NCCC(=C)COC(C=CCC)C=C
1343,1438,C1CCCC=CC2CC2C1
1344,1439,CSCCOC(=CCCl)CCOC1CC1
1345,1440,CCCC=NOC=C=CCCCN
1346,1441,C=CCF
1347,1442,O1CC=C2CC1NCC=C2
1348,1443,CCCC=C=NCCBr
1349,1444,CCC(C)C=CCCCl
1350,1445,C1=C=CC2C=CCNCC=C12
1351,1446,O(N)CC=CC(C)C
1352,1447,CC=CCOOOCC=O
1353,1448,C=1CN=C=1
1354,1449,NC(CC=CC=C)OCCN=CO
1355,1450,CCS=C(C)OCBr
1356,1451,CCCCC1NC=C[NH1]C1(C2)C2N=CF
1357,1453,C(N)=O
1358,1454,N(C(NC=O)ON)CCC(=C)C
1359,1455,COCCC=CCCCCCF
1360,1456,CC(C)CNCCCNC1C(C)C=NCO1
1361,1458,OCCCOC=C
1362,1459,NOOC=O
1363,1460,CNCNC=CC=COOCF
1364,1461,CC=C(C1)C1C2C=C2C(C)=C
1365,1462,CC=C(C)OO[NH1]
1366,1463,CC=CCC=CCC=O
1367,1464,C=CCCC=CCNCCOC=CC=C=C
1368,1465,CNCC=C1C=NCCC1C=O
1369,1466,CCC=CCCNCC=O
1370,1467,CCNC=CCCCNCCC
1371,1468,C1C=C(CC(C)O1)C(O)=C
1372,1469,NC(C)C=O
1373,1470,OCCS=O
1374,1471,OC1(C=C=C=CNCNN)CC1=N
1375,1473,C1NC(C)C[NH1]OC1
1376,1474,NC=CC=CCNCOCCCNI
1377,1475,NOCCF
1378,1476,OCNS(C)C(O)=O
1379,1477,O=CC1C=C=C=C=C1CO
1380,1479,NC=CC1=CON1
1381,1480,OCC1C2C=C12
1382,1481,C=CCC1=CC=C=C1
1383,1482,C=CCN=CCl
1384,1483,C1(C=CC)SC1(C)C=CC
1385,1484,COCCCC=CCCCC=C=N
1386,1485,OOC(C)C=CCC
1387,1486,N=CC=C=C=O
1388,1487,CCNC=COC=O
1389,1488,CCCCCC=C1CC=CC=C1
1390,1489,S=CC=CCBr
1391,1490,C=NCCC=CCC=C
1392,1491,CC[NH1]C(C)=NCCC1CNOO1
1393,1492,COC=CC=C=CSC=CCCCBr
1394,1493,C1C=CC=CCC=S(O)(N)C1=N
1395,1494,COCCCC=O
1396,1495,C1CCC(N)NN(S)C(C)C1(C)C
1397,1496,C1=CC=C2C1(CC=CO2)C=COC=C
1398,1497,CC=C(CC1=CC)OC1=C
1399,1498,C1OC=C(CCCC)CC1=O
1400,1499,N=C=NC=O
1401,1500,C1C=NCCNNC1CC
1402,1501,COCF
1403,1502,CCN=NC(C)CC=CCCC=O
1404,1503,CCC=CC([NH1])CC=O
1405,1505,C=C=O
1406,1506,C=C(C)CCN(C)NCC#C
1407,1508,O(C)CCOCC1C=C1C=N
1408,1509,C1=NCC=C2CC2NN1[SH1]
1409,1510,CCCCCC(C)NPC=C=CC
1410,1512,OC=CCCNC(N)NCCCCl
1411,1513,CCOSC1(NCCC1)NOC=C=O
1412,1514,CNCC=C1SCNS1
1413,1515,O1CCCC2SC12
1414,1516,C1(C)C(=C)CC=CCOOCN=C=C=CC1
1415,1517,CCOCCC(CN(N)CCO)CCCOC
1416,1518,C1=C=CC1CCC(S)O[PH1]=CS
1417,1519,NSC(CCCNCOC=O)S1CN1P
1418,1520,CCN=CC(C1)=CC1=O
1419,1521,OC1CC=CC#CC(=C)C=C=C1
1420,1522,CCCCC(CCC=O)CCCOO
1421,1524,CCOC(S)N(O)C=O
1422,1525,CCCNC=C
1423,1527,NCCC=C=NCCC1=C(S[NH1]C)NC1N
1424,1528,CN=CC=CCCC=O
1425,1529,COC=CCC=O
1426,1530,C=C(C)C=C
1427,1532,NNC(CC=CC)NCC(=C)C=CC(O1)C1I
1428,1533,OC=C=CCN=C=CCC=NCC=O
1429,1534,C(C)(=N)C=O
1430,1535,OCNCC1CCC=C=N1
1431,1536,CS=CCC(C)C=O
1432,1537,CCOCCCCC(CCOCOCCCC(=C)CSOC#C)CC=C
1433,1538,C1=CCCC=CCC1C=C
1434,1539,NOC=C=O
1435,1540,C=CCC=CC=O
1436,1541,C=CC=C
1437,1542,CC#N
1438,1543,CNC=CC=N
1439,1544,CNCC#CC
1440,1545,N1CC(C)CC(=O)CO1
1441,1546,C1=CC=C=CCC=CCCCC=C[NH1]1
1442,1547,C(COCC=CCC1=COCC)=C1C
1443,1548,OC=CC=CCCC=CC[NH1]CS=O
1444,1549,OCN1C(CBr)=CCCNC1
1445,1550,OOCC1=SC=C=CC=C1
1446,1551,OCCCNCCCCC(C)NC
1447,1552,C1CCCC1C=CC(C)C#CNO
1448,1553,CC=CCC=N
1449,1554,C1CC(CNC2C3)C3(O)CCCOCCC1(C)C2O
1450,1555,CCC=C=NOC=COC=C
1451,1556,C(CCC(C1)C1C)C=O
1452,1557,BrCCOCOCCOC=CNOCNO
1453,1559,CC(C1CCNCC(S)C=CC)N1
1454,1560,NCOCCOC=C(Cl)NCC=O
1455,1561,C=CCCCCCNCC=O
1456,1562,OCCNCCC=CC1=C2C1=CN=NC2=C
1457,1563,O1C=C(C)NC=CCCSC=CCCC1
1458,1564,CCC(=C)CC=CC=C(CCC)NOO
1459,1565,CCCCBr
1460,1566,CCCOCCC(C)=C=C1CCCC1OBr
1461,1567,O(CBr)CO
1462,1568,C=CCCC=CCC1CCOC1
1463,1569,CCC(C=O)C=CCCCCC=CC=CC#C
1464,1570,C(C)(C)CNCC(C)C(=C)C#C
1465,1571,CN(N)C#CC
1466,1572,N=O
1467,1573,CNCCCC(C)CCCC1=C=N1
1468,1574,CC(C)OC=CC(C)CCOC#C
1469,1575,NCCCCC
1470,1576,CCC=NCNCCC1C=CN1
1471,1577,C=NS[NH1]CCCC(=C)OC(C)N
1472,1578,C#CCN
1473,1579,CCC=CC(O)NNCCC=C=CC=O
1474,1580,CCC(C)(OC=CO)ON
1475,1581,CCC#COC=CCCC=C=C=CO
1476,1582,NCNF
1477,1583,CC=CC=NCC(CC(C)OCC)CC=COCNC=C=O
1478,1584,CCNCCCC=CC1CC1N
1479,1585,C=CCCCCCBr
1480,1586,C=C=CCC=NC=O
1481,1587,N1C=CNC=CCCCC#C1
1482,1588,NCCC(CCCC=C)=O
1483,1589,NCC=CN=CN=CCOCN=N
1484,1590,C=CCC=CC=C=CCCl
1485,1591,CC1(C)CCNCCCCCOCC1
1486,1593,CC=CC(C)CC=COC=CCOC#C
1487,1596,C1CCC(C1)CCC=CCCCCC=O
1488,1597,CC=CC=CBr
1489,1598,C(CCNC)=C1N=NC=C=C=NN1
1490,1599,C=CNCCCOCC1CC1=C
1491,1600,OCC=CCCCNNCCC(C)CNOC
1492,1601,N1ONCC2CC=C1CC2
1493,1602,CCC=C=CCF
1494,1603,N1CCONN(C)CCC1=C
1495,1604,C=NCCOCCNC=NCCCC#CNC(Cl)O
1496,1605,COOCNC=NC=C=NC
1497,1606,NC=CC=CCNC=O
1498,1607,CCCN=C=O
1499,1608,N(CCCO)=CCCCC
1500,1609,CN=CC=O
1501,1610,CCCCC(CC1CCC=C1CN2)CO2
1502,1611,OCNC=C=CCC(S)C
1503,1613,CC(C)CC(C=C)C=CC#COC
1504,1614,CCC1=CCCC=C=CC=C1
1505,1615,NCC(C)CCCC=CC(C)C
1506,1617,CC(=C)N=NCNCCC=SOO
1507,1618,N=CS=CC=C(C=O)NOC
1508,1619,CNCC=NCOCNCC(C)=O
1509,1620,COC1(C)C=CO1
1510,1621,C1C=NC=C1OCC=CCC#CCON
1511,1622,CC=CCCC1=CCN=C2C#CC(C)C(C)C21
1512,1623,N=CCOCBr
1513,1625,OC(C)NC(C)C(C)N(C=O)C
1514,1626,C1CCOCC1C(C)CN=NC(C)Br
1515,1627,CNCOC1CCCC1C=CCCl
1516,1628,C#CCN=NCCCCC
1517,1629,CCCCCNCCC=C=O
1518,1630,CON=CC=CC=CC#N
1519,1631,COCC(C)NC=NC=CCOCOCC#C
1520,1632,CNCC(C1)SCNCCC=C1
1521,1634,C#CCS(O)C=C
1522,1635,CNCCCCCC=O
1523,1636,C=CNCCC=NCOC(CC1)O1
1524,1638,N=NNCCCCCCCCOO
1525,1639,CC(CCC)CC=CC=CC=COCN=C
1526,1640,C=CNCOC(N)NCC
1527,1641,C1CCC=CCC1OCPC=C2CC2
1528,1642,C=CN=C(C)NNCCCCl
1529,1643,N=CCCC=O
1530,1644,C1=SCSC=CC1(C)CC=O
1531,1645,C(C1)CCC=C=N1
1532,1646,CCOCCCC=CC=C=C=C
1533,1647,NCCOCF
1534,1648,CCN=CC=O
1535,1649,CCC(C)C=SCCl
1536,1650,CNCCC
1537,1651,CC(N)CCNCCC=N
1538,1652,C(S)CC=CCC=COOCBr
1539,1653,SOC=O
1540,1654,CC=CCCl
1541,1655,C1C#CCC1(C=CCN)C=C=CC=O
1542,1656,CC(C)CC=C1CCCN1
1543,1657,C1(C2)C2(C)CC1=C
1544,1658,O=CC(C)CNC=CC=CCCCC=C(C)CCl
1545,1659,CCCCCCSCNC=O
1546,1660,CNNOCCC=CN=C
1547,1661,OC=CC=C=CCCON=C
1548,1662,ONSCC=CCS=C
1549,1664,CCCC(N)C[NH1]NSC=CC(C)CC=CN=C=CC
1550,1665,CONC1CC(C)CO1
1551,1666,C1=C(C)C=NCCC(C)C=CO1
1552,1667,CN=CCC=NC=O
1553,1668,OC1OCNC2=CC=CC2N=C=C1
1554,1670,C1CCCOCC1=O
1555,1672,CCNCNCCC=C=CCF
1556,1673,CCCCC=CCC=C1C=C1
1557,1674,NC(C)=CCC=O
1558,1675,CCC1C=CC(C)CC=CN1
1559,1676,CNCCCCCCNCCCCCC#C
1560,1677,N=NC(C)C(O)(C1)C(C)ON=NCC1
1561,1678,N=1OCS(O)CCCS=C=1
1562,1679,OC=CCNS=NCCCl
1563,1680,CCCCC=CC(C)C(N)OC=O
1564,1681,[SH1]OCNS=CNCCCC=O
1565,1682,CCCCC(N)(C=CN=O)C(CC)C
1566,1683,NN=C=CC(N)NCC(=O)C=C1S=CCO1
1567,1685,C=C(C)NCOC=O
1568,1686,CC=CC=CC=CCCCOCNCO
1569,1687,O1CN=C=C1CCC
1570,1688,CCNCN(CC=C)C=O
1571,1689,C=NCCCC=O
1572,1690,CCC(C)CCCN1CC=NC[NH1]O1
1573,1691,N1CN=CCCC=C1
1574,1692,C1=CC(N)CCN1
1575,1693,C1OCC=NOCCCCCC1O
1576,1694,N(C)O
1577,1696,C1CNNOCONC=C1
1578,1697,BrN(C)CCC(C)OCNC(=C)C=O
1579,1698,CCCCC(C)C#S
1580,1699,N1OCC=CC(C=C)C=C(C)O1
1581,1700,C=C(C(C)CN1C=O)C=C(C)C=CCCO1
1582,1701,C1NC(CCC=C)N1
1583,1702,C=CCN1CCC=CCNC1
1584,1703,OC(C)=CCF
1585,1704,CC=C=NC=CNCCl
1586,1705,C1NCCOOCP(C)ONCC1OC=N
1587,1706,OC=C=NCCC(C)OOS#C
1588,1707,C1NCCSC=CNC1C=O
1589,1708,OC=CCOC=C=CC=O
1590,1709,CCCCCC=CCCCOC=C[NH1]Cl
1591,1710,N=CCCOC=C(C)CCSCS(C)=C
1592,1711,C=C(C)C=O
1593,1712,O1C2C=CCCNCC(C)NN12
1594,1713,N1C2C=CC1CC2
1595,1714,SCCC1C=C1C
1596,1715,CCC=C=CC(O1)C=CCC#C1
1597,1716,CNCC(C)CCCl
1598,1718,C1CCC=CC(C)CCCC1=C
1599,1719,C=CC=CC=CCCCNC=C=NC
1600,1720,CCC=C(C(C)CC1C=O)CS1
1601,1721,CC=C=NCN=C(CCOC)F
1602,1722,C12OC=C1C=CCC=C2O
1603,1723,CCCC=CBr
1604,1724,C1SNS1(C)C
1605,1725,N12CSCCCC1C2=O
1606,1726,CNONCCl
1607,1727,C=C(N)C1C(C=CC=CPCC=CCCl)N1
1608,1728,CC=CF
1609,1729,CCCC(O)F
1610,1730,C1OCCC(O)C1
1611,1731,COC(C)CNC=CC(C)=CC=C
1612,1732,C#COCC=O
1613,1733,CCNC(S)(C)OCC=CC=CN=O
1614,1735,C=CCN(CC=CCOCCC1)C=SCC1
1615,1736,N=CCN=CC(CC)Cl
1616,1737,N(CCNC(C)F)C
1617,1738,NCNBr
1618,1739,NCSN=CC=CCNOCCN=C(C)CCBr
1619,1740,NCNCF
1620,1741,N=CC=C=CNSCN1COCC2=C1ON2
1621,1742,S=COC1C=C2CNC1=C2
1622,1743,CN(C)C=CCC#CC=NCC=CC#S
1623,1744,NCC=NF
1624,1746,C=C=CCC=CC(O)(C)[NH1]CF
1625,1747,C=CC(S)CCCCC(C)NC=C
1626,1748,O1CCC(C)C=CC1=NC
1627,1749,N1NCS(C=C1C)CCCCNC=N
1628,1750,OCNCC#CCCNC=CCCC=C=N
1629,1751,CC(=C)C=CC=CNOCN=NCl
1630,1752,CNCCl
1631,1753,C=NCC(C)=CCC=CC=CCC[NH1]NCl
1632,1754,ClCCCCC=O
1633,1755,CNC=NC1OC1C(C)CNCNC=C
1634,1759,O1C=CC=C(C)C=CC1[NH1]CCC
1635,1760,N1CC=CC[NH1]1
1636,1761,C=C=C(C)C=CNC(C)CC=CCC=CBr
1637,1762,C=C(COC=CC#C)CC=O
1638,1763,C(N)CC=O
1639,1765,C1C#CC=CCCCC1N=CCC
1640,1766,N1CC=CCOC1NNC=CNON
1641,1767,CCC(C=CC1=C)CCN=C1NC=O
1642,1768,NCCNNCCCCCCC=CCC=O
1643,1769,C1COCC1CCCNC=O
1644,1771,OCCC=O
1645,1772,CC=C[NH1]CCN=COCC=CCCCC
1646,1773,CCCCCC=CO
1647,1774,N=NN=CN=CF
1648,1775,CCCCC=CN(C)C(C1=O)C1O
1649,1776,C=CC=CI
1650,1778,C=CCN=CCC=CNCF
1651,1779,C(C)CCOC=NCNCCCC=NONC#N
1652,1780,CNC=CC=CCCCC=CCCCC=C=O
1653,1781,COC(C)COCCC=O
1654,1782,CCCCCCONC=O
1655,1784,C(C)C=CCC(C)C=CC=CC=NCl
1656,1785,OCI
1657,1786,O1OC(CN=CCC2)(N)CC=CC21
1658,1787,CCC=NCC(C)OC=CC=C=NS
1659,1788,OC
1660,1790,CCCN=COCNNC(=S)C#C
1661,1791,C1=COC1C=C
1662,1792,CC=NC=C(C)C(C)=O
1663,1793,C(C)=CC=CCC(C)=S
1664,1794,CSCSC=CCSCCCC
1665,1795,O1CCOCONC1N2CC2C
1666,1796,C1=C(C)CCC=C1
1667,1797,OC=CCC=CCC=CCCl
1668,1799,O(C)C=NCC(NCC=O)=O
1669,1800,C1(C2=CC=CC=C21)PC
1670,1801,COCl
1671,1802,CC(CNC=CCNCNC=CC)=O
1672,1803,ONC=CCC=CCSCC1C=C1
1673,1804,C1N=C=CNC=C=C1
1674,1806,C(O)=COCOC=C=C=C=CCC
1675,1807,CCCOCCC(C)(O)OC=CCCS
1676,1808,OCC(C)CC=CC=O
1677,1809,C=NCCC=CCC=CC#CC
1678,1810,N1COC(CC#CC=O)C1=CO
1679,1811,CCCC(C)N1CC=CCCCNCC=C1
1680,1812,CCCNCC=CCCCCCBr
1681,1813,N=CC=CC(C1)=C1C
1682,1814,C=CC1C(CNOC)=CC(C)C=C1
1683,1815,CCCC=CCCC=O
1684,1816,O=COC=CC=COC(C)OCC=CN=CCOCC
1685,1818,N1C(C)=CCC=C1
1686,1819,ONCCOC1CCN(N)OC=NCNC1
1687,1820,C=CCC(COC=C)CC=C
1688,1821,NCCCCC(C)C=NCNOC
1689,1822,NC=CCCC=CC1=C=C(C)C1=COO
1690,1823,O=COCCCCC=CC=C=CC=O
1691,1824,C=C(C)OCC1CCC=C1CO
1692,1825,C=CCC(C)CCCCN=NC
1693,1826,OCNCCCCCCCCC=C
1694,1827,NCCNCN=O
1695,1828,NONC
1696,1829,N=CCCC=C
1697,1830,CCC=C=NC(C)C1=CC1CNC=CCl
1698,1831,CN=C=SCCCCCS
1699,1832,COC=C(O)CNC=CC=O
1700,1833,CNCCCCF
1701,1834,CC=NCCCOC#CSCCC=O
1702,1835,C=CCOCCC=CF
1703,1836,CCC=CC=NCCCC=C=C
1704,1837,CCOC(C)CC=O
1705,1838,COSCC=CC=C(O)CCC1=CC1O
1706,1839,O=CC=CC=CCC(CCOCC=CN)=O
1707,1841,CC=CCCC(=C=CCC)CCCCF
1708,1842,CCN=C=NCF
1709,1843,C1NC=CC1CS=CNCCCC=C
1710,1844,NC(C)C=C=O
1711,1845,NNCCC=CC=C=O
1712,1846,CC=C(C)N=C(O)NC=CCCF
1713,1847,OC=NOCC=CC1CC1
1714,1848,OCC1CCCC=CC1C
1715,1849,C=CCCCC=O
1716,1850,CC=C(N)CCC=C=O
1717,1851,C1CCCN1C=O
1718,1852,OCC(C)COCC=C=C(C)O
1719,1853,CCCCNC=C1OC(CC=NC1)=N
1720,1854,N(S)CCCOCNC=CCCNBr
1721,1856,CCC(N)NCC=CC=CC=O
1722,1857,ClCCC=NCNC=C(CC1)O1
1723,1858,CC(O)OCC(C)CCONC=C
1724,1860,O=CCC(O)NCNC1=CC1
1725,1861,CCCC1CC(C)=CO1
1726,1862,CC=CC=CC#CCC=CC#CCC#C
1727,1863,CCC=CCCC(C1)C1(C)C
1728,1864,C1CCCCCCCCN1
1729,1865,CCC=CC=C
1730,1866,OC=CC=C=CC
1731,1867,NC(C)(O)CCC(C)=C=C
1732,1868,C=CCONCCCCl
1733,1869,C=C[NH1]CC1C=C(C2)N2C1
1734,1870,CC=SN1NC1CCN
1735,1871,CCCCC[NH1]COCF
1736,1872,C1CCCC1CCC
1737,1873,O=SCC=CCC=SCC(=CCO)N
1738,1874,C1=CCCC(N)CCCN=N1
1739,1875,NCC(O)OCC(C)C
1740,1876,CC=CC=CCCCC=C=CS
1741,1877,COC=COCSC1(OO)CCN1
1742,1878,ONCCN=C(C1)C1
1743,1879,CCCO[NH1]CC(Cl)[NH1]CC(C)=CN=CO
1744,1880,CCC=NN=NCCCC1C2CCCC21
1745,1882,C#S=CC=NC=CONNNC
1746,1884,OCN=C=O
1747,1885,CC=NC(C)=O
1748,1886,CC1C(C2=CC1)CO2
1749,1887,OOC=CC1CCCC(C)C1
1750,1888,CCCC(C=CC=C=O)C=C=C
1751,1890,N1(C)C2C=C(C)CC12C
1752,1891,CCC(C=CC=N)CCl
1753,1892,NCC(C1)C1=O
1754,1893,O(C=CNNC=CCBr)OC=O
1755,1894,CC(O)CC(C)(C)OCCNNC
1756,1895,CC=C(O)OCCC=CNN=O
1757,1896,C1C(O)C=C1CC=C=O
1758,1897,N1C=CC(C)C1=O
1759,1898,CCCC(C)=NC1NOC(O)CCNCC1CCl
1760,1899,CNC=C(C)C=CCCC=CCC=N
1761,1901,C#CCCCC(C)CCCCCOC
1762,1902,CCC=C=NC(=C)F
1763,1903,BrOCC=C(N)C
1764,1904,COCN=C1CCC=CCNCCOC1(C2)C2
1765,1905,C=CNC=CNC=CCOONOOC=C
1766,1906,CNCC=CCCC1=CCC=N1
1767,1908,CC=CC=CCCC=O
1768,1909,CC=CC=C=C=C=CON=NC=N
1769,1910,O
1770,1911,NC1(C=C(C)OCC2)N2CCO1
1771,1912,N12C(C)C=NC=C1O2
1772,1913,CC1C(C)C=NC1=O
1773,1914,CC(C)CCC(F)NC(C1)[NH1]1
1774,1915,OCC=CC=CC=O
1775,1916,CC=NCCCCCC1CO1
1776,1917,C=CCC(CC=CCl)=O
1777,1918,COS=CCCNC=CN=O
1778,1919,OCC(C)C1C=C1
1779,1920,CCCC(C)C=CC=CCCC1NCN=C=N1
1780,1921,O(C1C=O)C=N1
1781,1923,CCCCCCCl
1782,1924,N1CCCC=CCNO1
1783,1925,CCCCNC=CC=O
1784,1926,N1=C(C)C=C1COCCN
1785,1927,ONCNCC(CC1NCN)CC1C=CCl
1786,1928,C1N=CCC#CCC1
1787,1929,OCCCC=C=CC=COCCNC=CON
1788,1930,CCCC(C)OCCF
1789,1931,NN=O
1790,1932,CCCC(C)C=CNC=NOCNCNCC
1791,1933,CCCCCCC=CC(C)CCCC=C=C
1792,1934,CC=SC1C=CCC#C1
1793,1935,CCCCCCCBr
1794,1936,C1(C2)[NH1]C=CC=C21
1795,1937,CCCCC=CCCCl
1796,1938,SC=CC=CC(C)OCC#N
1797,1939,NNC=COCC=CCCCCC=C=S
1798,1940,CCOOCC=C=POOCOCCC=O
1799,1941,C(C)C(CC=O)CCCNC
1800,1942,NOCC(C)C=CC(C1)C1C
1801,1943,CNC(CCC(N)C)ON=C
1802,1944,C=1NCNOCCCCC=1CNC
1803,1946,CCCC=CC(CCC=CCCl)C(C)C
1804,1947,O(O)CCCC
1805,1948,N1=NCC1CC[NH1]C=CC=C
1806,1949,CCC(CCN)C=NC=CC=CC
1807,1950,CCCC=C=C=CNCC=C
1808,1951,C=C(C1)C1(N=O)CS
1809,1952,O1CCNCC=CC=CC=C1
1810,1953,CCCCCC=CCN=O
1811,1954,CCCCC=C1CSCNC=C2CC=C1NC=C=C2
1812,1955,C=CCCC(O1)(Br)C1N
1813,1956,CCCC=CC=COCC=CC=O
1814,1957,CCCCCCN(C1)CN=C=C1
1815,1958,C=C=CCCC1C#COCC1=CC2C=C2
1816,1960,CC1=NCCCCNC=CC=CN=CN1
1817,1961,CCCCCCSC=C(CN)CC=O
1818,1962,N1C#CN=NCC1N=N
1819,1963,C=C=COCSC#C
1820,1964,NCCCCN=C=CC=COC=C
1821,1965,C=12CC=CCC=1CC=N2
1822,1966,CN(C)NC1CC1(C)CC(C)=CO
1823,1967,C1=CCC=CCN1C
1824,1968,C1C=C(C)CCOCC1=C
1825,1969,CC1C=CC=C=CN2CCCCC12
1826,1970,CCCC=NCCNC=C=C(C)C1C=C1
1827,1971,C=1NCC=CCC2CC2=1
1828,1972,CCOCN=CC=O
1829,1974,C1=CCC1(C)CCCNCNNCl
1830,1975,CCC=CSNCCC=O
1831,1976,CC=CCOC(CCC[NH1])C=C
1832,1977,C1CCC1NC(C2)O2
1833,1978,CNCOONCC(C)CC=CCC=O
1834,1979,NN=C=C=O
1835,1980,CCC=NC=CC=N
1836,1981,O1CSCCCCONC=C1
1837,1982,C12=CCC(=C1C=O)CN=C=COC2
1838,1984,NCCCC=CCCCO
1839,1985,NCCC(CCCCC=O)=CC=CCC=SN(N1)O1
1840,1986,C1CCC1CF
1841,1988,CCCC(O)(C)CONCF
1842,1989,C#N
1843,1990,O=C=NC(C)=CCNCCC(C)=C=CCOON
1844,1991,CCN(N)CC=CCC(F)=CC
1845,1992,CC=CCNNC1=CC=C2CC1(C)C2CN
1846,1993,CC(N)C=CC[NH1]Cl
1847,1994,ClS=CCCCC(C1NCC)CCC=C1
1848,1995,C1CC1(C)C
1849,1996,C=C=NC=CC(C)CC1SC1
1850,1997,NC(C)CCC=O
1851,1998,OCCCOC(C)NNC=O
1852,1999,CCCC=C
1853,2000,NCCCCN(C)ON=COOCN
1854,2001,CCC(C)C=CCNCC(NC)(C(C1)(S)CCCC)SC(N)CO1
1855,2003,NCCN=CCCCCCCCC=C=C
1856,2004,C1CC=C(C)N1CCN=O
1857,2005,C1=CCCC=NC=CC=C2CN2O1
1858,2006,NCC=CCCl
1859,2007,CC(C)=CCCOC=CC=C=O
1860,2008,C1C2C3C(C)C2C=C3CNC=C1C=O
1861,2009,C=CC=NC=CCC=C
1862,2010,OCNCCC=NCC
1863,2012,N1CC(N)CC#CCS1
1864,2013,C1CC1CC=CCCN=CC=CC
1865,2014,C(C)C(C)(C)C=CC=O
1866,2015,FCCC(CCP=NC)=O
1867,2016,N=CCC1CCCC12N=C2
1868,2017,NNCC(C)CC=O
1869,2018,CCC=C(N)C#C
1870,2019,CCCC=C(C)CCNC=C(F)NC1OC1
1871,2020,O=CCC=CCC(C)C=O
1872,2021,C(=O)=NC=C=CCCCCONC1N=CC=C1OC
1873,2022,NCNC(C)=O
1874,2023,CCC(C1)CO1
1875,2024,CCC=CC=CCC=NO
1876,2025,CC(C=O)CC=C=C=CC
1877,2027,CCCC(N)CNOCCl
1878,2028,C12CS=NCCCOS1C2
1879,2029,C=CCC=CCCC(S)C=CCC=O
1880,2032,CCCCCC(CCCC=CC)F
1881,2033,OC(C)COCOCl
1882,2034,C1=C=CCC(F)C1CC2SC2
1883,2035,C1C(C)C1COC=CCC=CNON
1884,2036,NCCCCl
1885,2037,C=C=C=O
1886,2039,N(CC(CNCN)C=CC)=CCCCCC=CON
1887,2040,N=CCCCNCC1NC1=N
1888,2041,CNN(C=CC)CC=CNC=CCOCC=N
1889,2042,C1CC(CCC=CCC=NC=C1)=CC=C=C
1890,2043,O1CC=CC=C=CN=CNCN1
1891,2044,CC=C=CCC1CNC=CO1
1892,2045,CCCCCC(=NC(O)Cl)C=C(C)I
1893,2046,NNCC=CCBr
1894,2047,CCNCC
1895,2048,C1CC=C(C)CC=C1
1896,2050,OSCCl
1897,2051,COOCCC1CC1C=NOOO
1898,2052,C1CCO1
1899,2054,C1CNC(C)=C=CC1(C)C
1900,2055,CCS(NC)=O
1901,2056,C(C)(CNC=C=C)=C
1902,2057,CCS1CC=C=NN=C=C=NCN1
1903,2058,NCCCC=CCNC=C
1904,2060,C1CC1OCC=NC=O
1905,2061,C1=CCC=CN1NNC#C
1906,2062,CC=CCOC=O
1907,2063,C=C(C)NC=CC(C1)CN1
1908,2064,C1C(CC(C2)CCNC1)CC=CC=C2
1909,2065,CC=CCCCCC1CP1(O)=C
1910,2066,O1CC=NC2N=C21
1911,2067,C=C=C(O)CN=CCCC=CCCl
1912,2068,C1CCCCCC=N1
1913,2069,CN(C)NC=CC=O
1914,2070,CNC=CCNC=C(C)OCCNC=O
1915,2071,C=CCNCl
1916,2072,C1=CCC(C)CCS(OCCC)C1
1917,2073,CCC=CC=C(C)C=O
1918,2074,N1CCC=CC=CCC1(C)S
1919,2075,COC(O)CCl
1920,2076,C=NNCC=CCCOC=CC#C
1921,2077,NNCCBr
1922,2079,CC=CSCCCC=CN=CC=CCC
1923,2080,CCCCC=CCNC=CCF
1924,2081,N=CCC=C=C(P)NC=CC=COCNOC=C
1925,2082,C=C=CC=C=CC
1926,2083,CC1=CCNN1N=NCOC=CCCC#CC
1927,2084,CCNSCC=O
1928,2085,O(C)C(C)ON
1929,2087,CCCOCCC=CC(C)(C)C=O
1930,2088,COCN=C=NCC#C
1931,2089,CCOC1=CC[NH1]C1F
1932,2090,C(CC)COC(S)OCF
1933,2091,CCCCC[NH1]C=CCCCC
1934,2092,CC=CON
1935,2093,CCC(C)SF
1936,2094,C=CC=CCCC=CC(O)(C)OS
1937,2095,N=COC#CC=C(C=C)OC
1938,2096,OCNOCCCCCCCCCCS=O
1939,2097,CC(C1)C(CN)(CCC=O)NC=C1
1940,2098,C1C=CNC=C(C)CNCC=N1
1941,2099,COC=CCC=C(C)C=C(C)C=SCN=C
1942,2100,COC(C)CC=CCC=O
1943,2101,CCOCCCBr
1944,2102,C=CC=CCCOCSN(CN)C=CN
1945,2104,CNCOCCC=C=C=C
1946,2105,CCCCNCCl
1947,2106,CC=NCC=CCCCN=C=CCOOCC(C)C=C=C
1948,2107,O1C=C(C)CC#SCOCNC1
1949,2108,OCCONC=CNC1N=C(C)C=CC=C1CN=C
1950,2109,NCCCNC=CCONC=NC=CC#C
1951,2110,CCCCS=CC#C
1952,2111,C1CCC1C(Cl)CC=O
1953,2112,CN=C=CCC=CCCl
1954,2113,O=C=C
1955,2115,N=CC=C1C(C)C=C(C)C1=N
1956,2116,C=C=C=CCC=CCC=C(C)C=O
1957,2117,C=CCC=CNC(C1CF)CC1=O
1958,2118,CPC=CC#CCCCC=CF
1959,2119,N(O)(CBr)C=O
1960,2120,CCNCCCCCC1=C=CCCCOC1
1961,2121,CCCCCCCSC(N1)C=C1
1962,2122,C1CNC1N
1963,2123,CCC(O)CCCNCC=C=CC
1964,2124,O=CCCC=CC=O
1965,2125,O1COC=CNC=CC1
1966,2126,CCC(CCC(C=NSC)=CC1)C1
1967,2127,O1OCN=N1
1968,2128,NCOC[NH1]NC=C
1969,2129,NC=CCCC(C=CC1=O)N1
1970,2130,CC(O)SCOC=O
1971,2131,C1[NH1]CCCCCCOC=CCC1O
1972,2132,NCC(C)CN=CCN(N)C
1973,2133,BrNC=C=C(C)OCC#C
1974,2134,CCOCNCOC(C)=S=C=CCC=CNCOC
1975,2135,NOOCOCCCCOCCCCO
1976,2136,POCC=O
1977,2137,C(CN)CCCCCC(C1)C1
1978,2139,CNC(N)CCOCC=O
1979,2140,COF
1980,2141,CCC=NCCC(O)N(F)[NH1]N=C
1981,2142,S1N=CN1Cl
1982,2143,CCPCS=O
1983,2144,C1OCC2S1NCC=NO2
1984,2145,C1CC2CCCC12
1985,2146,C(C)=CCOCCC=CCC=CC=C=CN=P=C
1986,2147,CC(C)CC=O
1987,2148,CCCSNCOC(O1)N1CCC=CC=[SH1]
1988,2149,C(=C)=C(C)CNC=C(NC)C=CC=C=O
1989,2150,N1NCCC=CCC(N)C1CCC=CCl
1990,2151,C=CF
1991,2152,C=1C=C(C)C=1C(CNO2)CC=CCCC2
1992,2153,NC1(C)CNC=C1C2CN2S
1993,2154,CCCC(C)CCC(C)CCOO
1994,2155,C=1OC(C)C=1C=CC2=CNCO2
1995,2157,SCS=CC1CC=CC=CC=CCCCCNC1=N
1996,2159,CC=CCC=C(NCCC1=C)C1
1997,2160,CCC(NCC=C=C)OCC1N=NC=C=C1
1998,2161,CCC=CCOCC(C=CCC)C
1999,2162,C=CCO
2000,2163,OONNNCC=NCCC=CCCO
2001,2164,C=CCOBr
2002,2165,C=C(C)C=CCOCC=CC=CCCCCCl
2003,2166,OCNCCCC=C[NH1]Cl
2004,2167,CCC(CC=NCC1CS=CC)=CS1
2005,2168,CCN(O1)CC1C
2006,2169,N(Cl)C#N
2007,2170,C1CCCC(C)CC=C1NO
2008,2171,CCCS=NCCC(C1)OC=CN(N)C1
2009,2172,CCOCCC(C=O)C(O)C1CC1ON
2010,2173,C1OCC=C1C=CC=O
2011,2174,O(N)CNC=NC=C=CN=CCC=O
2012,2175,O=COC=O
2013,2176,O=NCC=CCCCCC
2014,2178,CN=CC(C1)C=C1
2015,2179,CNCCCC(Cl)CC=CC(C)OC=1CC=1C
2016,2180,OC(C)=CC(C)C(OCC(O)OCF)P
2017,2181,CCCCCBr
2018,2182,CCCNCCCSCN(O)NC
2019,2183,NCN(CC=C1C)C=CCC1N=O
2020,2184,COC=CC1=NC(C)CC=CC1=CCOOC
2021,2185,CN(O)C=C=CC=O
2022,2186,CCCC=C(Cl)CNCCl
2023,2187,CC=C=NCCl
2024,2188,OC=C(C)Cl
2025,2189,CNC=CC=CCCCC
2026,2190,CNOCCC=O
2027,2191,CNCCCOCCCCC(=N)O
2028,2192,O1NC1CC(C2)C=C2
2029,2193,O1C(CCC)C2=C(C)C1(N)NCC2CCl
2030,2194,NNC=C(O)C=O
2031,2195,OOC(O)=NCS=CCCCCC
2032,2196,C=CCOCC(CCCCN=CN1)C1
2033,2197,C=C(S)CC=C1CCC=C=C1
2034,2198,N=COC(N)C(N)C=CCBr
2035,2199,CC=NNCOCCCC(C)OCCC
2036,2200,C1COC(C)NC=CN=CON1
2037,2201,O1C(CCCCCCO)=C1
2038,2202,CC=CCC=C=CCCC(Br)CC
2039,2203,CCC(C)C=COC=C=CC=N
2040,2204,C=CC(CC=CC1)C1N=O
2041,2206,C=CCC=CC=C=CCCCCCC=C=O
2042,2207,C(O)N=CCC(C)C(C)F
2043,2208,CN=CCCCCONCC(C)C=C=NCl
2044,2209,BrCC=O
2045,2210,CCC1OC=CS(C1C)OC
2046,2211,NC=C=CCCCF
2047,2212,CCCC(C)(OCCC)CC
2048,2213,C12C=C=C(C)CCC1C=C2O
2049,2214,C(O)CC=NC1=CC=CC=CCC=CCC1
2050,2216,C=C(CCC)CNNOCC=CCNC
2051,2217,C1NOCC=C(C)N=C([PH1]Cl)C1
2052,2218,O=C(COCCCC=CCC=O)N
2053,2219,NCC(C)CCl
2054,2220,N1CCCC=C1
2055,2221,CC(C)SCC#CCNCONCC(O1)CC1
2056,2223,NOC=CCN=O
2057,2224,C=NCOC=CCBr
2058,2225,C1=CCN=CCCC(C2)CC12
2059,2226,CCS=C=CNCCC(C)C=O
2060,2227,O1C2NCCC=C2NOC=NO1
2061,2228,CC=COCC=NCNCC=O
2062,2229,CC[NH1]CCCCCCC(C)C=O
2063,2230,CCC1CC1COC=O
2064,2231,PC=CCCCCCCC(=O)CC=CC=C
2065,2232,CNCC#CC([SH1]Br)C=C
2066,2233,NSC=C(CCCC)CN=CC=CCOCON=C
2067,2234,C=1CC#CC=C=1
2068,2235,C=CN=NC1C=C(CC)OC1
2069,2236,CNCNCC=O
2070,2237,C1C=C(C)CCNNC=C1CC=CC=CO
2071,2238,NCC1CNCC2C=CNC2=CCCC1
2072,2239,NCOCC=COC=CN=O
2073,2240,C=CCCC1C=C1
2074,2241,O=CCCC(O)C=C
2075,2242,NCC(OC=C1O2)CC2(C)C=C1
2076,2243,[SH1]C(C)C[NH1]CCC=C
2077,2244,OCCCCF
2078,2245,CCC=C1COCNC=CC1C
2079,2246,C1C=N1
2080,2247,N(O)C=O
2081,2248,CCONC1=CC=S2C(CC)C=C12
2082,2249,CCCN=C=C(C)O
2083,2250,CCC=CCC=C=O
2084,2251,CCCCCC=CCOCCC1NCCCC=NCC1
2085,2252,C=CN(C)C=C(C)CCNCCOO
2086,2253,O1SNC2=CC=CC=C=C=CC1S(OO2)Br
2087,2254,C(=O)CCNNC=C(C)C=O
2088,2255,NCOCC=C
2089,2256,OCCCCOCBr
2090,2257,OC=COCF
2091,2259,C1CNC(CC)(C)C1=C
2092,2260,ON1CC=CC=CNC1Br
2093,2261,CNCCNCC=C1NNC=C=CC=C1
2094,2262,N12OCC1C2=CCC=CC#C
2095,2263,BrC=C(C=CC)CC=C=C=O
2096,2264,CC(CNC=C=O)CCC=CCCl
2097,2265,COCC1=C=COC=C1C=C=C
2098,2266,NC=C(C)NC(C=O)C
2099,2267,C1CONC=CC#CC=C1O
2100,2268,CCCCC(N)OC=CC=CCC1C=N1
2101,2270,CCC1(C=CC(N)C=CCC)C2CC12C
2102,2273,C1C=CSCNCCC=C1C2C=C2
2103,2274,CC(O)C=NC=CC=NN=CNCN=C=O
2104,2275,CC=C(C)CCCCC=CC=C=C1CC1
2105,2276,CCCSC(CC=O)ONC
2106,2277,CCCCNCC=C=O
2107,2278,COCCCCC#CNCl
2108,2279,NCC=CNNN=C
2109,2280,OOOON1SC=NOCCCS=C1
2110,2281,O(N)CC(C)C1=C=C1
2111,2282,ONCC=CCCNC=C1NC=CCC(O)(C)C1C
2112,2283,N=CC1CC1C=O
2113,2284,CNCCC(=C=CCC)Cl
2114,2285,NC(CC=[PH1]C)=CBr
2115,2286,S=C(C)C[NH1]C=O
2116,2287,NN=CCC=CC=CC(C)=CC=CC#C
2117,2288,CC=SCC=CN=C(CCCCCF)CS#C
2118,2289,C1ONC(N)CCCCO1
2119,2290,CCC=C(C)C=CCCCCSCC=C
2120,2291,CCCN(O)CCN=CC(C)=NN=O
2121,2292,C=CCC=NC[NH1]C(C)=O
2122,2293,NC=CCCC=C=N
2123,2295,N1C(C)C1C=CCOC=CC=C
2124,2296,O1OC=CCCC(C)C1(C)C=O
2125,2297,CCC(=C)C=C1C=CC=CC1
2126,2298,CC=C=C=NC=CCCN=C=CCCOCl
2127,2299,C=CCCC=CN=CCN1N=C1
2128,2300,N1C=CC1CCCSCON=O
2129,2301,OC1=NC1O
2130,2302,OCC(CCN=O)CCCCCCCO
2131,2303,CC=CCCCCl
2132,2304,OC(C)C#CCSCCl
2133,2305,CNNC(OCl)OC=C
2134,2306,CC(C)NOCCC
2135,2307,C=C=C1CC([NH1])CNO1
2136,2308,O=CC=CCC(C)=O
2137,2309,NCC=CSC#CS=C=CCCC#C
2138,2310,OCCC=C=O
2139,2311,CC#CCC(C)C=NC
2140,2312,CCCCC1C=CC(CC=O)CNCO1
2141,2313,NCCOCCC=C(N)C=1CC=1
2142,2314,CCN=CNOC=C=NC=COC#C
2143,2315,CCC=C=C(C)CCC=CO
2144,2316,[PH1]=CCCCNC=CCC=O
2145,2317,CC(C)C=O
2146,2319,C(C)=NCC(C)O
2147,2320,COCOCC=O
2148,2321,C=1(C)OC(S)C=1
2149,2322,N1CCN=C1OC=CO
2150,2323,C=NCCCCOCCF
2151,2324,FC(C)=C(C=C=CO)C=C
2152,2325,C1#CC=CC(C)OC[NH1]O1
2153,2326,CCC=NC=CC(C)=O
2154,2328,C=CC
2155,2329,CC=CCC(N)=CCSS=NOC
2156,2330,NOCCCOSC=CC=O
2157,2331,N1CCCCCNCCCC=C1
2158,2333,O=CCCCOC=C=O
2159,2334,C1CCC1=CC=C
2160,2336,ICCCN(C)CC=O
2161,2337,CC1CC2CCC3=CC2N=NC31N
2162,2338,C=COCCCNCCF
2163,2339,CNC=NCCC=O
2164,2340,C(C)CC1CC1C
2165,2341,CCCCC1(C)CCC=CCCC1=NC=O
2166,2343,NCCOC(OCNC)C=CC=O
2167,2344,C1NC=NCCC=CCCCO1
2168,2345,NC(C(C)CC=O)C=C=CCC=O
2169,2347,NCCC
2170,2349,N(N)CCC1COC=C2CC21N
2171,2350,O=CCC=CC=CCC
2172,2351,C1(CC=C2C=CCC=COC1)=CNC=C2
2173,2352,O1CN(C)C=C=SNC=CC=N1
2174,2353,CCCCC=CCOC=C
2175,2354,C1=CC1(C(C)C=CC)C=CNCO
2176,2355,C=CCC=C=CCC1=C=C1
2177,2357,C1=C=C1CC(C)=CC#C
2178,2358,OCCCCCCCNOCOCOO
2179,2359,O1CCCNCC1(CCC=C=C)O
2180,2360,SNCC(O)CNCCC=CO
2181,2361,N(C)=CCC(CC)=O
2182,2362,NI
2183,2363,NCOCCNNC=O
2184,2364,C=CCCCO
2185,2365,OCCCCCNC=O
2186,2367,C=NCCC(C)CC1CC1
2187,2368,OC=C=NN(CSCNCC1C)C1
2188,2369,C=NCCN1CCCC=C1CCl
2189,2370,NCCC(=C)C=S=COC
2190,2371,NS(C)CC(C)CC=O
2191,2373,C=C=CC=C=CC=C=O
2192,2374,COCCC1C(C)C=CCC1(N)C
2193,2375,CNC(Cl)NCC=C=O
2194,2376,NC(C(C)C(C)C1=CCCC2)=C12
2195,2377,N=1OC=CC=C=1
2196,2378,CCC(C)CC=CCCCl
2197,2379,O(C)C#CC(O)I
2198,2380,CCCC(C)CS1CC1C
2199,2381,OC=C=C=CCC
2200,2382,CCCOCN(C)SCC=CC[PH1][NH1]C=C=COCCO
2201,2384,CCC=CCC=C=C=O
2202,2385,CN=C1CC(C)NC=C=CN=C=NC1
2203,2386,C=C=CC=CC(C)(C)NOC
2204,2388,CC=NNCCCC1(C)CCOO1
2205,2389,C=CCCC=O
2206,2390,NN=CC(C=C)C[NH1]CCCC=C
2207,2391,C=C(Br)C(O)C(C)C
2208,2392,C=C=C=NC=CC=CSC=CNOCF
2209,2393,C=C=C=CBr
2210,2394,C1OC=CC1
2211,2395,CCCC1CCNC(C)=CC=CC=CO1
2212,2397,C=NC=C=CC1CC2(CN)C=NC21F
2213,2398,C(N=CCC=NCCCC=CC=CC)=CCC#CN(N)OO
2214,2399,C(C)CCCCC(C)CC=C=O
2215,2400,CCCC(C)CCC=O
2216,2401,C1=CC=C1C=COCNCCC=CC=C
2217,2403,O1OCCCC#CCCOOC1
2218,2404,C=NCCC1CCC=CO1
2219,2405,CC=CCC=CCNCCNC=C=C
2220,2406,PCC(C)CC#COCO
2221,2408,CCC=CCC(C)C=NC=C
2222,2409,C=CN(OCCC=O)CI
2223,2410,CCC=CCCCF
2224,2411,C1CC=CCCC=CC=C1
2225,2412,O=CCCCC=CCCCC=CC=CC=O
2226,2413,C1C=CCOC=C1NC=C=CC#N
2227,2414,O1CC=CCC=CC=NCO1
2228,2416,BrC(CC)=CF
2229,2417,C1=CCN1NC=O
2230,2418,OC1(CCCC1C(=C)CNN)CC(=C2)O2
2231,2419,C=C(C1)C1=O
2232,2420,C1C=C(C)[NH1]C1(C2)NC(O)C2
2233,2421,CC=NCCCC=C(O)C(C)C=CBr
2234,2422,N1C=C1
2235,2423,COCCCCCSF
2236,2425,CC(C)N=CC=CS=CC=C=CC=C
2237,2427,CC(=C)N(C1)C1C=CC2=CS2
2238,2428,C=NOSC=O
2239,2429,CNC=C(C)CC=CN1S(CBr)C1
2240,2430,C1CCC(CC)(CC)CC1=N
2241,2431,C1NC2C(C)CNC12C=CC=C=CC=O
2242,2433,CC1C=NCNC=CN1
2243,2434,CCCCC(C)C=CC=N
2244,2435,OC=CCC(C)C=O
2245,2436,C1N(SC)NC1CC=COC
2246,2437,CCCCCC(C=O)=NCC=C=N
2247,2438,CCC1OCCCNC=CC(C)CCC1
2248,2439,CCNC(=C)C=O
2249,2441,OCCC=CCCC(C=C)Cl
2250,2442,N=CC(C)C=CCNCCC=C
2251,2444,CC=C(C)CC=O
2252,2447,CNCCCSCCCCCCC(C)=O
2253,2448,CCNCC(C)CCCl
2254,2449,CNCCC(C)=CNC
2255,2450,CCNCCC=NCN1C=C=NC#C1
2256,2451,C=CCC=C(C1)N1
2257,2452,OCC(C)C
2258,2453,C1CC=CC=CCCCO1
2259,2454,CC(=C)OC=O
2260,2455,COCCCCC=CNCCl
2261,2456,C=CC(C#CC(C1)=C1F)N
2262,2457,CCC=C(C)CCC=NNC=O
2263,2459,CCC=NN(C)N=NNCC=C=O
2264,2460,C=CCCCCC=NN=CC=C
2265,2461,NCCF
2266,2462,CCC=CC=C(C)N1CCOC1=C
2267,2463,O=CC=NC=C=CCSONOCC=CC=O
2268,2466,NCC(C)=O
2269,2467,ONC=CC=C=O
2270,2468,NCC(ON=O)COOOC=C[NH1]
2271,2470,S1C#CC1=COC=O
2272,2471,CC(=C=CCC=O)C=O
2273,2472,OC(PCCC=CCC=O)C
2274,2473,CCCC1C(C)C(O1)C
2275,2474,CC=CCOCNC=C=CC=CCOCC=C
2276,2475,OCCC=C(C)C1=CCCS1N=C2OC2
2277,2476,COCN=CCCC(C)C(C=CON)S
2278,2477,CCCCNOBr
2279,2478,CC(C)ON=CCC1C(C)CN(C=C)CCO1
2280,2479,C=CC(C)NC=O
2281,2480,OCS=O
2282,2481,COC=CN(C)C(CCCl)ON=C=C=C
2283,2483,O1C=CS=COC1=C
2284,2484,COC(O)NCC=O
2285,2486,CNC#CCCl
2286,2487,CC(O)CC(C)CCCl
2287,2488,O=CCNC(C)(C[NH1])C=O
2288,2490,C(=C)C=CC=NCCNCF
2289,2491,O1NC=CCC(CCCC2)C=C21
2290,2492,CCC(N)C=CCCONCCC=CCNCBr
2291,2493,C1(C2)CCN(C)C21
2292,2494,C=1NCCCC=1Br
2293,2495,OC=C=C=CCNCNCPC=O
2294,2496,C=1CCCCCOCCNC=1
2295,2497,C(C=CC=O)C=CC(=C)C
2296,2498,N=CCF
2297,2499,CCCCCC=CC=C=SCN
2298,2500,CC=NCOC=CNC(=O)CCNC=O
2299,2501,C=CCC=CCN1CC(C)=CC1CCS
2300,2502,CC=CNC=O
2301,2503,NOC=C(C)CC=CC=CCC=C=C
2302,2504,N=1CCC=CC=1O
2303,2505,C[NH1]NC=C(C)OCOC=O
2304,2506,COC1=CCC=CC1(C)C2CN2
2305,2507,C=CC1=CC=CC1=NCl
2306,2508,O(C)CC=C(C)C=S(C=C=C)CC=C
2307,2509,C=CCC=S(N1)=CCN=C1
2308,2510,C=CC=CCCC=CC1CC=C=CC=CC=C=S1
2309,2511,C1C(C)C1=C
2310,2512,CCCSCSC=CCN=S=C
2311,2513,NC=COC(C)CC(C)CC
2312,2514,CN=NC=C=CCCl
2313,2515,CCC=CCCCNCC=NCNC=C=O
2314,2516,O=CC1=C=CCC=C1N=C
2315,2517,COC=CC(N)C#C
2316,2518,CC1S=C(C#C1)COCCC=O
2317,2519,C12NC=CCCC1C2
2318,2520,C1CC=2NOCN=CCOOC=21
2319,2521,SC=C=NCCC=CCCC=CC=O
2320,2523,N1CCCCC1COC
2321,2524,CCNCC1(C)COCC#C1
2322,2525,C1COCC1NNC=CC=CC=CC(CO)OC=C
2323,2528,COCCCCC(C)=O
2324,2529,N=CCCF
2325,2530,O=CCC=CC(C)CN
2326,2531,OC(=C)N=CC=CCCCC=CC(=C)C=CNC=C
2327,2532,C=CN[SH1]C=CC(N)C=CCC=C=CC
2328,2533,OCCC=NN=CC=C=CCCC=C
2329,2534,C=C(C=CC)F
2330,2535,C=CC(C)=NC=N
2331,2536,NCC=C(C)C=CC1N=C1
2332,2537,N1=CCC1NOC=O
2333,2538,C(=C1NC=C(C2)C12C)C=C
2334,2539,C=CCC=CC1CCC=CO1
2335,2540,C=[PH1]=O
2336,2541,CCCNSOC=O
2337,2542,C=C1C(C2)(C)CCC=C2CN1
2338,2543,NC=CNCC=CC=N
2339,2544,C#CCCC[NH1]C1CC1
2340,2545,C1CC=C(C)OC(C)CCCOCC1
2341,2546,OC(C)C(C(CC=NCCC)CC)=C
2342,2548,CNC=CC=CCC=CC=C
2343,2549,C1=CC1CN(C)CC=O
2344,2550,OCCCC=CSC=CCOC=NCl
2345,2551,CCOCNCC(=C)CSC=O
2346,2552,C=C1C(N)C=C=CCCN=CC1O
2347,2553,N=C=CCC=CCCCCC=O
2348,2554,C=CCCC=CC=C(C)SN=O
2349,2555,CCC=C=NCCOC1C=S1
2350,2556,O1CCCCCCCC1CCC=NC=O
2351,2557,C(O)C=O
2352,2558,NOCN=CCCC=C=O
2353,2559,C=CC=C=CC=CCC=NO[NH1]OCCOC
2354,2560,C1CC=CCCNCC(CCC1)C=O
2355,2562,CCCN(C)C=CCCC1C=NCC=CO1
2356,2563,C1=C=CCNN=C1CCl
2357,2564,C=C=CC
2358,2565,CCONN(C=NC=CCCOC=C=C)OOI
2359,2566,CC(=C(C)C=CO1)C1
2360,2567,CCCC=NOCCC=C
2361,2568,C=CCC(C)CC=CC=C=CCNC=NCC=[NH1]
2362,2570,CCOCN=C=SCCCC=COO
2363,2571,CC=CC(O1)=C=CCCN(P)N=CCCCC1
2364,2572,CC=CCCCCCONCC=C
2365,2573,CCC(C)[NH1]CCCOC
2366,2574,O1OCCCCOC2OC12
2367,2575,CC=C=CC(C)C=CCBr
2368,2576,CCCCCCOCC(C)CCC#C
2369,2577,OC=C=SCCOC=C=NC=O
2370,2578,COCCON=COF
2371,2580,C(C)C(S)N[NH1]CCC=O
2372,2581,C=CCCCS=O
2373,2582,CCC=CCC=CNC(=C)C
2374,2583,C=C=C(C)NCCCCC=O
2375,2584,C=CONCCC=CCBr
2376,2585,CCCCC=C(C)CCCOOC=C
2377,2586,NCC=CCCCCNC=C=O
2378,2587,C1CC=CC(C)C1C2=C(O)C=CC#C2
2379,2588,CCC=CCCC=CC(C)=COC1=NC1
2380,2590,C=CC=CNCNC#CCC
2381,2591,C12=CNC=CN(O)CCC1(C)C2O
2382,2592,CC(C)COCCC=O
2383,2593,C(C)C=CCNC(C)Cl
2384,2594,O1C(C)C(C)=CO1
2385,2595,NOCCC=CCCCC(C)C=C=C
2386,2596,CC=CCNC#CO
2387,2597,CNC=C=O
2388,2598,OOCCCCC(C)CCC=O
2389,2599,CCCNC=NCF
2390,2601,CNCl
2391,2602,OC=C=S=SC=CC=CC=O
2392,2603,CCC=CSSF
2393,2604,CC=NCCC1C=COC(=C)NC=COCN1
2394,2605,CCCC=C(C=CC=C)CCNNC=O
2395,2606,C1C=C=CC=C1C
2396,2607,CCCC=COC=S=C=CC#CC1N=S1
2397,2608,C1=CC=C1C=NCNC=CCC=C
2398,2609,C=SCCCl
2399,2610,OC=CC=CC(C)NCC=CC=O
2400,2612,CCOCOCCCCCCSC=CCl
2401,2613,CC(C)(N)C(C)CCCC=CC
2402,2615,CCCN=O
2403,2616,C1C=CCCNS1CCl
2404,2618,CC=NCC=O
2405,2620,C=CC=CCCCCCCCCONCl
2406,2621,C1OCCCCC=C1OCN=O
2407,2622,NCC(OCC=C)CC=C=CSC=O
2408,2623,C1C(CCC=C)CCCC2=CC21
2409,2624,NCCCNC=O
2410,2627,COCC1CCCNC(O)NSC1
2411,2628,CCC1=C(N)C(C)(N1)C=CCC=C
2412,2629,CC=CC=C(C1)CCC=C[NH1]1
2413,2630,OCCOC=CCCC=CCCC=C
2414,2631,NCONCCCCC=CC
2415,2632,C=C=C(C=1)ONNCCC=C=1
2416,2633,CC1CONCCCNC=C(C)C1F
2417,2634,CNOCC(SC1=NCC=C1NCC2)O2
2418,2636,O=CCNCF
2419,2637,CSCON(N)C=O
2420,2638,C=CC=CCOCC=CC=CCC1=C=C1[SH1]C
2421,2639,O=CCC=CC(Cl)C#S=O
2422,2640,C1CCN1CCC=C(O)[NH1]N=O
2423,2641,CCCC
2424,2642,CCC=C=CNCC=O
2425,2643,OC=CCCNC=CCCC=COCCOC=CC=CN
2426,2644,O1CC(O)CC=CC=C1CC
2427,2645,CC=COC=C=CSC=CCC=C=C=O
2428,2646,CC=CCCS(=C)=CC#C
2429,2647,COCCC=COCBr
2430,2648,OCNC=CNCC=O
2431,2649,CCCOC=CC=C(C=O)C=C
2432,2650,C=1CCC(O)ONCCC=1CN(C)COC=N
2433,2651,CCC=CC1=CC=CC=C=C1
2434,2652,C=CCOCC(C=CCC)(C)C1=CCN1O
2435,2653,C(C)(C)CSC=CCN=C
2436,2654,C12=CCN(C)C1C2CBr
2437,2655,NBr
2438,2656,CCCC=NC=C(C)CF
2439,2657,OC=C=C=CC=CCCC
2440,2658,N(Cl)=O
2441,2659,C1=NOCOCN1C
2442,2661,OOCC=C=CC(C)C(=C)[NH1]OC=S#C
2443,2662,NC=NCCCF
2444,2663,CNCCBr
2445,2665,N1CCOC=C1C=C=CCl
2446,2667,CNNCCNC(CCCNCCC=CC)C
2447,2668,OC#CCCCCCI
2448,2669,C(C1C2CC)=NC2C1(O)O
2449,2670,CCOCCCCC(C)C
2450,2671,CCC=C(C)CONCCOCCCC=C
2451,2672,C=NC1N=CCC1CCF
2452,2673,NN(N)CC1C=CC(C)CC(=C)C=C1N
2453,2674,N1N(NCNC=O)C1
2454,2675,COC=CCl
2455,2676,O=CCN=O
2456,2677,C=CC=CCCC=CNCNC=O
2457,2680,N(C)C(=C)CC(C)C=C=C=C
2458,2681,CNC(=CC=C=O)CN
2459,2682,C1C(C)C=CCSCC#CC=C1O
2460,2683,SCC=CCCCOC=COCl
2461,2684,CC=COC(C)(C1)CN1NC#CCNCC
2462,2686,C12[NH1]C=COCC1C2CNCCOC=COO
2463,2687,C=CCOCOCCC#C
2464,2688,ClCCCCC=CC=CCC=CNON(C)C=C(O)COCl
2465,2689,CC(O)N=CC(N)CCC=CC1=CC1O
2466,2690,C12=CC2CCCCCC(C=C)CC1
2467,2691,SCC=CCl
2468,2692,NC=CC(C=CCC1)NCC(C)C1=CO
2469,2693,OCN(C=C)CCCOCCC
2470,2694,CCCS(C1C2CCC=CC2C)CCC1CC=N
2471,2695,N1=C=CC1C=C=CONCSC=CO
2472,2696,OCC(CC)OC=CCNSNC=C=[NH1]
2473,2698,NC=CC(C)C1CC1CF
2474,2699,CC=NCCCCCCCF
2475,2700,OC=CCC1CO1
2476,2701,CCN(CCOCNC)C=CC=O
2477,2702,NC=C=CCC=COF
2478,2703,CC(CCS#N)NC#CO
2479,2704,OOC1C(NOCOCC(C=C)C)O1
2480,2705,O=CC=NCCCCCCC(=O)CNC
2481,2706,CCCON(PC=CCOC=CCNCC=C)N=O
2482,2707,CC(C)C(=C)CCCl
2483,2709,CC=CCCC=CCCOCl
2484,2710,CCCCOC=CCCSCC=C(C)COCNC=O
2485,2711,N1(C)CC=C1CCCO
2486,2712,C1=C2C1C3C=CC2C3Br
2487,2713,CCNC1OCC=C1[NH1]
2488,2714,CCON(C)C=CCCC=CC=C
2489,2715,C=CCOCC1NCCCC1SC=O
2490,2716,OCCOC=NN(C)CC1CC1
2491,2717,N1(C)CCNCC1C
2492,2718,C(COCCOC)COC=O
2493,2719,CCCC1C(C)CN1C#N
2494,2720,CCSF
2495,2721,CC=NCC=C=C1C=CCC=PCCC#C1
2496,2723,CCNSCCCOC=O
2497,2724,CC=C[NH1]C=CCCC(CC=O)O
2498,2725,NC(=C)F
2499,2726,COCOC=O
2500,2727,CC(C)=CCCN=CCC=C=C(C)C
2501,2728,CC=CC=CC[NH1][NH1]C(CC)=O
2502,2729,CC(OCNC)NC=O
2503,2730,CC1=CN=CC(O1)O
2504,2731,NC=CCCCCOCCOOC
2505,2732,CSC=CC(CC=C=O)C1CC=CCC1N
2506,2733,O1N(N)C1OC=O
2507,2734,COC(=C)CC=COCCC=C=O
2508,2735,O1CNC1CSCCC2=CC2
2509,2736,OC=CCC=C
2510,2737,OC=COCNC(C=CCN)CNCOCN=C=C
2511,2738,C=NCCC=CN=C=CC=C=O
2512,2739,N1CC(N)=CC=CC1
2513,2740,CC(N)Cl
2514,2741,C=C=CCOCCSC=O
2515,2742,OCNC=CCC=CC=C=O
2516,2743,O1CC=C1C
2517,2744,C1CCNCCCCC=C1
2518,2745,C(C)CC=CC#CNC=O
2519,2747,CCC(C)CCF
2520,2748,CNC=CCC=CCOOC(C)C=C=C
2521,2750,CCC(C)CCCCCC=O
2522,2751,NC(CCCC)CCC1=CC1CC
2523,2752,C1CC(O)P2NC1NS#C2
2524,2753,C1(C)ONCNC2=CC=CCN1C2[NH1]
2525,2754,PNCN=CCCCNNCP(=C)CO
2526,2755,NCNCCCC1C=COCC=N1
2527,2757,CCN=CN(C)C=CF
2528,2758,N1CCC=CCPCC=C1C
2529,2759,C(=C)=CCCCCNN
2530,2760,N=NOOCCNCC=CCC#C
2531,2761,CC(=C)CC=CC=O
2532,2762,ONN(OCC)CF
2533,2763,C1CN(C)C=N1
2534,2764,C=COCCC=CC(C)[NH1]C(C)CF
2535,2765,OOOC=CC=NNC=CCCCl
2536,2766,N12C=CCON=CNCCC2C1
2537,2767,ONCCCCCC=C=O
2538,2768,CCC=CCCC#CNC=C=C
2539,2769,CC(C(O)CCNNC=CCO)C(C=CCC1)C1
2540,2770,C1C=[SH1]=COC(P)N(C)CC=C=N1
2541,2771,CNCOCl
2542,2772,CC(O)OC(N)=NC(C)C#CO
2543,2773,C(NOC=CC=CNC=C(C)S)=O
2544,2774,C1CCNC1CNCl
2545,2776,C1=C=C(C)CO1
2546,2777,OOOCCC1CCONCNCC=C1
2547,2778,CC=C(C)CC=CCCCO
2548,2780,C=C=C(N)CCNC=NCCCCCC=CC=O
2549,2781,N=CC1OC=CC=CCCCC=C=CCC1C
2550,2783,CC#CCCNOOOC=C=C
2551,2784,N12C(C)NC=NC1=CC2
2552,2787,C=CC=C=C(C)CC=O
2553,2788,C(N)C(N)=CCSCCl
2554,2789,C1NCNCCSCC1CCOC
2555,2790,OC=CC=O
2556,2791,C(CCCNCC=CCF)Br
2557,2792,CC(=C)CCC=O
2558,2793,C1=C=CCC=NCO1
2559,2794,CCC=C=NOOC=CCC=C=N
2560,2795,C=CCCC=CCCCC=CCC#CC
2561,2796,CCCC1S(O)C=C1
2562,2798,C=C=NCNCCC=CNCNCC#CN
2563,2799,NC=NCCCC#CC=CC#CCON
2564,2800,N(C)N(C)CCCCC[NH1]CO
2565,2801,C1(O)OCCCC1[NH1]
2566,2802,C=CCSNN(C)C=NOCC=CNC=O
2567,2803,C1COCC=C1NOCC=O
2568,2804,NCC=CC=C(CCOC=C)N=O
2569,2805,OC(C)(C)CC=CC=CC#CN(C)F
2570,2806,CCCCNCCCC=C=O
2571,2807,N1C=CC(C)=NCCC=C1
2572,2808,COC(C)CC=C=O
2573,2810,C=SNOC=CCCC=C1C=C1
2574,2811,CCCF
2575,2812,CCC(C1C)=CC(=C=C1)CC=C=C
2576,2813,CC(C)ONCCCOCOCC=CCNO
2577,2814,CCC(S)(C=O)CCC=NCN
2578,2815,C=NCNNCCCCCC(N)CNC#C
2579,2816,O1C=C=C1CC=O
2580,2817,CCCN[PH1]N1C#CCSC1C=N
2581,2818,C1CCOC(C=CN2C)OC=CC21
2582,2819,OC(C)CCOC=C=NSCCCS1CSCC1
2583,2820,C(COCC)COOCCCl
2584,2821,N#CC
2585,2823,OC=CCSCCNCC(C1)C1
2586,2824,C1OCOC1(O)NCCCCCC#N
2587,2825,NCCC=CC=SC=NC=C=C
2588,2826,C=NCBr
2589,2829,C=CC(C)CC=O
2590,2830,OCC(CCCNCC)=C1C=C1
2591,2831,CC=COC=NCC=O
2592,2832,CNCCCC=C=CC=O
2593,2833,NNC(COC=C(C)CC)CC=O
2594,2834,CCNCCC=O
2595,2835,C1OC(C)C1(CC=O)C=CO
2596,2836,CCNC=CCC(C)Cl
2597,2837,N1=CCOCC=CCC1OCC#N
2598,2839,CC=C1N(C)CNC=C1
2599,2840,C1CN=C=N1
2600,2841,O1CCCNN=NC=CCNC#C1
2601,2842,N1CCC2=CC(S)C=C2O1
2602,2843,C1CC=CCC1=O
2603,2844,C(N)C=NCCCC=O
2604,2845,CCN=O
2605,2846,N=C1CC=CC=CCNCCC1=C
2606,2847,O1CCC1NSNNCl
2607,2849,CCC=CON=NC=C=NCCNC
2608,2850,C1=CC1OCNOOC=C
2609,2851,NN=CCCCC1CCC=CC1C(C)=C2CC2
2610,2853,CCCC=CCOCOC(O)C#C
2611,2854,C=CCC=CCCCCC
2612,2855,OCN=CCCC=CCl
2613,2856,NNC=NCN(CC=CCNNBr)C
2614,2857,CNNOC1CO1
2615,2859,CS=COCl
2616,2860,C=COC(C)=SCCCC=CS
2617,2861,CN=NCN(C)CC=C
2618,2862,C1COC=CCO1
2619,2863,O1C=C(C)C(NC1)NC=C
2620,2864,CC(C)C(C)=CC=CC=CCC=CCl
2621,2865,N1OCCCNN1OOC=C
2622,2866,N=CCNC=CC=CCCSCC=O
2623,2867,C=CCC=CNCCl
2624,2868,CC=CC(COC=C(C1)C1)=CCC(C)C=O
2625,2869,COCCN(CCCNC)OOC#C
2626,2870,CC(C)(CCCCOCOOC=C)OCN=O
2627,2871,NCCCCCCCCCC=O
2628,2872,O=C=NON=C=C
2629,2873,CC(C)CC(SON(C)CCCOC)N
2630,2874,O1CCC=CC2CC1C=C2C
2631,2875,CCC=C(C)C(Cl)=O
2632,2876,CCOCCC=O
2633,2877,SCC=CCC(C)NC=CC1CC1
2634,2878,CC=NOCOC=NCC=CC=C
2635,2879,C1C=CN(C=O)CC=C1
2636,2880,C1=CC=CC1=C
2637,2881,C1CCCC=C=CS1
2638,2882,CCCC1OC=CC1C=CC=CO
2639,2885,CCCC1(O)C(C=O)=C1
2640,2886,NOSCCCSON=C
2641,2887,O1C(C)NC1=CNCC=O
2642,2888,C=CNC(O)C(CC(=O)C1)=C1
2643,2889,OCCC(N)CCCC=CC=C
2644,2890,CCC=CC=NC(C)NCC
2645,2891,CCCNCC=C
2646,2892,CNSCOC=O
2647,2893,COC(C)C=NCC=O
2648,2894,CC(CC=CC=C1CC)C(C)CCC1
2649,2897,CCCCCC(C)NCC(C)=CC=O
2650,2898,CCC=CC=NNC=C=O
2651,2899,C=CCCCCNN(N)C1=CC1
2652,2900,C=C(C)C(C)CNC=C1C#C1
2653,2901,C=CCN=CCOC(=C)C=O
2654,2902,C12CCOC=CCSC1(C)C#C2
2655,2903,OC=CC=CF
2656,2904,NCNCCOC(C)CN
2657,2905,CN=CNC=CC=CCCSCC=C=C=O
2658,2906,C(=O)N(C)OCSCCCC(CF)CCF
2659,2907,ONCC#CCC=O
2660,2908,O1CCCC1CCF
2661,2909,CN(C)N(C)C1OCCCCC=C1
2662,2910,C=CCCNCNCCCCBr
2663,2911,NCC1=CC1N
2664,2912,ON(C)OC#CC=CC=C=CC(CNCS)=NP
2665,2913,NC[NH1]NCC(CC=CO)(C)C=NC=O
2666,2914,N=CSS
2667,2915,OCCC1(C)NCSC1N=CCCCN
2668,2916,CCN(C)CC=C
2669,2917,C1COC(C)CC=CCC1C
2670,2918,NCCSC=CC(C)=C
2671,2919,CCC(C)=CC=C
2672,2920,C=CC=NCCCCC=NC1CC1
2673,2921,C1CC=C(CO1)O
2674,2922,C1=CCCNC(C)C=C1
2675,2923,N=CCCC=C=O
2676,2924,C=CCC12COC(N)C1CN2
2677,2925,N=CCC(C1)C1
2678,2927,CCN=CC=CCCC=CNNOOCCCN=S
2679,2928,C1CCCC12CC=CC2=O
2680,2929,C(C)C(CC=O)Cl
2681,2930,CCC1CC=CC(C)COCSN[NH1]1
2682,2931,C=CCCC1C=C=C(C)CCCOC=CN1N
2683,2932,CSC#CCC=C=CN=CC=CNCOO
2684,2933,C=CC(CCCNC)CC=NC=C=C
2685,2935,CNC=C(C)CC
2686,2936,NC1C2CCCC1CO2
2687,2937,COCC=CNCC=CCCNC=C=CCOC=CN=O
2688,2938,C=CCCC(C)CC=CCCC=C=CN=N
2689,2939,O=C=CCC=O
2690,2940,CC(CC(C)I)NCCC=O
2691,2941,C(OCPCCC(C=1)C)CN(C)C=1S=N
2692,2942,CCCCCC(C)C=CC
2693,2943,O=C=CC=CC=O
2694,2944,BrC=CC(C=C=C=O)CCCC=C
2695,2945,OCCC(CO)S=O
2696,2946,CC(C(C)C)CCCC(C)=CCNC#C
2697,2947,OCCC=CC=S=O
2698,2948,C[NH1]C(CC(N)C=CC=O)C=O
2699,2950,CCC=C(CCCC)OCNC=NCC=O
2700,2951,C=CNCNNC=NC=O
2701,2952,OC(C)CCOCCl
2702,2953,OOCCC=O
2703,2954,CCCNCCC1CC1=CC=N
2704,2956,CCCCCC(C)NCCCCC(C1)CN1O
2705,2957,C=C(CCC=C1)CCC=C1CC=C=O
2706,2958,C=CCCNNCCl
2707,2959,C1=C(C)CC(C)=CC=C1CC(C)C=O
2708,2961,N1=CCCC=CNCN=C1CC=O
2709,2962,C(C)C(C)(C)C1CNOC=C1ON=N
2710,2963,CCCCN
2711,2964,OC(CNC1C2CC2)C=C=CC=C1
2712,2965,C=CCCC(=C)CSN=COCNOO
2713,2966,C=CC(CNC=C[NH1]C=CC1)C1
2714,2968,CC(C=C=O)=CSSS
2715,2969,CNCCCCCNC(C=NC=C)C=CC
2716,2970,C=NCNCC=CN(N)CN=CC
2717,2971,CNCBr
2718,2972,C1=CC(C)C1C
2719,2974,OC(C)=CNCNC=CBr
2720,2975,CCCCC=CC=CCC=C=C
2721,2976,C1=C(C)CCO1
2722,2977,CNC=NC=COCC=N
2723,2978,C=1=NC=C(O)C=1CCOC(C)=CC=C
2724,2979,ONCCCF
2725,2980,NC=CC=CN(C)SC=O
2726,2981,OCC#C
2727,2982,C(C)(N)=NCC=NCCN(C)C=CN
2728,2983,CC=COONCCCCF
2729,2984,O=C=CC(C)CCC(C=CC=N)ONC
2730,2985,N=CCCCC=NCNOP
2731,2986,CCN1C=CN(C)CCC1CCON
2732,2987,C=CN=CC=CC#C
2733,2988,CCOCNC=O
2734,2989,CNCCC=CCCC=O
2735,2990,C1C(Cl)N1C
2736,2991,C1CC(C)C1=NCl
2737,2992,C1C=CCCC1C=CC(C)CC=O
2738,2993,C1(C)=C(N)CC(C2)(C)C21
2739,2994,CC=NC=COCNC=CC=C=COCOCO
2740,2995,C=CS(N1NCC=NC2)OC21
2741,2996,BrCCCNCC=C(C)CC
2742,2997,C1CNOCC=NN1OCSCCNC=C=O
2743,3000,CCC=CCCCC(C)C
2744,3001,CNSOOC#CCCCCNCC=C1CC1=N
2745,3002,C#CC=CCOOC=CCC=CS
2746,3003,COCC(OC1=C=CC=C=C1CC)CC=CC=C=NCOCF
2747,3004,C1OOCCCCC[NH1]C=CCC1
2748,3005,CCCC(C)(CCCC)CC=C1C[NH1]1
2749,3006,CC(C=CC1=C)C=C=CC=CCC=C=N1
2750,3007,C(CNC(C)CCNC=C)C=C
2751,3008,CCCC=CCOCCCSC(C)=C=C
2752,3009,C=PCCC[NH1]NCCSCC=CC=C
2753,3010,C1C(C)(C)NCO1
2754,3011,C=CC=C=O
2755,3012,C=NCC(C1)=CONCC(N)CCC=C1
2756,3013,CC=CCC(C)N=CCCCC=CCCCOCCC=C
2757,3014,CSC=O
2758,3016,C=CCNCC(C)OCCN(O)C=N
2759,3018,NCC(C)C=CC=CN1C=C1C
2760,3019,CC(C)CCC
2761,3020,ClCC=C=C=C(CC)C
2762,3022,C1(N)(CC2CC)C(CCC3C1C2)CN3Cl
2763,3023,C=NONN
2764,3024,N=1NC=CCCCCCN=1
2765,3025,OCCC(C)CC=O
2766,3026,C=CCCCCBr
2767,3027,C=C=C=CCC=C=C1C=N1
2768,3028,C=C(Cl)C#C
2769,3029,C=C=C(OCCOCl)CCC=O
2770,3030,CC(N1)CCC=CC=C1C
2771,3031,CCC=CCC1=C=C1C
2772,3032,C=CCCNC=CC=C=CC
2773,3033,C=NCC(C)NCCCCNC#C
2774,3034,CSC=C=O
2775,3035,CCC(C)C(C=CC=O)OC(C)C
2776,3036,NNF
2777,3037,O1N=C=C=CC=CC=N1
2778,3038,C=C=CCN1C2NCC=COC21
2779,3039,COSC=O
2780,3040,C1=CC=C1C
2781,3042,C=CCOC=CC=CC=C(N)CCC
2782,3043,OC=C(N)SCCC(N)C=CNCC#C
2783,3044,C1=CCOCPCCC#C1
2784,3045,CC=CCCCNC=CC=N[NH1]CS=O
2785,3046,C=C(C)NCC(C1)C1(C)COCOO
2786,3047,CCC1C=C(O)C1C=O
2787,3048,CC(O)CCC=NCOCC=C=C
2788,3049,C=NCC(CCCC=O)=O
2789,3050,O=CCN(CC1C(C)CC12)O2
2790,3052,CC=C(C)ONCC=O
2791,3054,CC(C=CCNN=CCl)CC=CCS#C
2792,3055,C1C=CS2CCC12
2793,3056,OC(CC1CCOCN(N)CC)C1
2794,3057,CC#CC
2795,3058,OCSCC=C=O
2796,3059,CC=C(C)CCF
2797,3060,C1=CSNCCC=C=CO1
2798,3061,CCCC=CCSCCCN=CPC=NCCN=C
2799,3062,C(O)CCCCN=C=CCCC=CC=NCON
2800,3063,C(N)CCCNC(C)=CO[NH1]C
2801,3064,NCCSCCC(C)CC
2802,3065,N=C=NC=NCC(C)=CC
2803,3066,O=CC(N)CCCCO
2804,3067,CCC1CCC=C1C=O
2805,3068,CC(O)CSC=NC(ON)OC
2806,3069,NC=CC=COC1=CCC=CNCNCO1
2807,3070,CCOC=CCCCCCC=CNCC(C)C=CC=COO
2808,3071,C=C=CC=C1CC1
2809,3073,C12CSCSN1NN=C2Br
2810,3074,NC=COC(CCCCOCCC1)=CC1N
2811,3075,NCCC=C=CCCC(O)OC=C
2812,3076,OCNCCCCC(C)(C=CC=C)CNCC=O
2813,3077,C1CC=C2OCOC1S=NC=C2
2814,3078,C=1C=CC2NC#CC=CCCC2=1
2815,3079,OC=1CC(CC=CC)=NC=CC=1Br
2816,3080,CCCCCC=CCN=CCCl
2817,3081,CC=CCOC=C=SCCCCOCC=C
2818,3082,C1C=CC=CC2C=CC=CC12C
2819,3083,CC1=CC=CCCC1
2820,3084,FCCC=O
2821,3085,N(C)CC(C1)C=SCC=CNC1
2822,3086,CCNCN(O)CCC=C(N1)COC=C1
2823,3087,OCOC=C=O
2824,3089,C1OCNCCC1CCOC=C
2825,3090,OCN1CNCC2SCCCC2CNCN1
2826,3091,C(C)COCCC=CN
2827,3092,CNNCC=CCCC1=CN1
2828,3093,COCC=CCOCN=O
2829,3094,C=C=CS(CC=O)=C
2830,3095,CC(P)(C1)C1OC=O
2831,3096,COC=C=NN(O)F
2832,3097,C=CCNCCN(Cl)CCNC(C1)C1
2833,3098,OCN=CC=CCC([NH1]OCN)CC=CC#CSC
2834,3099,C(C(O1)C1SCl)(C)=CCCC=C
2835,3100,O1NOCCC1CC=CC
2836,3101,CNCCC(C)CC(Br)(N)CCCC=C
2837,3102,CCC(O)=CC=CC=C=O
2838,3103,COSSCC=O
2839,3104,CCCCCNCN=CCC
2840,3106,NC=CC=CCPC=CSC=C=CON
2841,3107,C#CC=NCCCS(C=C)=CCN
2842,3109,CN(C)C(C)=CO
2843,3110,OC(C1)C1(C)C
2844,3111,NNCCCNCl
2845,3112,C=CCCCNC=CCC=[SH1]O
2846,3113,ClCCCCCS(C)CN=O
2847,3114,ClC1NC=CC2(N)CNCN21
2848,3116,CC#COCC=O
2849,3117,CCCCC=C(COCC1C)CCCC=C1
2850,3118,C=CC(C1)(OCC=PC1C)C
2851,3119,CN=C=CCCCC=CCOC=CC
2852,3120,ON=C=COC=CC(C)Cl
2853,3121,N(CC(C=C1)NC)(C)CC1CC
2854,3122,N=CCC(N)CC=CCCCN=N
2855,3123,CC=C=CCCl
2856,3124,C12OCC(C)=NCC1P2
2857,3125,CC(O)CCC=O
2858,3127,CCOC1=CNC=CC=C=POCN1C2NC2CF
2859,3128,C1C=CC=C[NH1]CCCC1CCN=N
2860,3129,CCNCNCOO
2861,3130,CCCC1C=COCC1C=CN=CC=COP
2862,3131,OC[NH1]OOC1=CC=CC=C=C1
2863,3132,C=CCC(O)OC(=C)NC1=CNCC1=C=N
2864,3134,CCC(C1)C(=C)CNC1(C=C2)C2=N
2865,3135,NCN(OC=CC)C=CC=CNCS=N
2866,3136,C1OCOC1C(C)OC
2867,3137,COSNC(C)NCC=O
2868,3138,N=CCCCCl
2869,3139,CCCSCC=CC=O
2870,3140,N1=NC=NCC1OCl
2871,3141,O(N1CCC=NOC=O)CC=C1O
2872,3142,OC#CC
2873,3143,ONN=O
2874,3144,CCCCOC(C)(C)C=CCCO
2875,3145,C1CCC=CC=CC=C1C=O
2876,3146,NC=NC
2877,3147,NCC(C)CC#CS=O
2878,3148,ClCC1(O)CCC=C1
2879,3149,O=COCOCCCCC=CC=N
2880,3150,CCC=CCOC(=C)OCC=O
2881,3151,C=CCCNCCCC#N
2882,3152,C(CCC=O)C(CC)N
2883,3153,C=CCNCCCCOC=C=C
2884,3154,O1C=CC=C(CC[NH1]1)OC=CC=O
2885,3155,NC=C1CCC=CC1(C)CCl
2886,3156,CCCC=CC=C(CC=C)CCCl
2887,3158,CN=NC=CCCCC1C=CCC=CNCO[NH1]C1=C
2888,3160,CCSC#CC=C1COCC1C#C
2889,3161,NNCCNN=CC(C)OSC=O
2890,3164,N(C)(O)C=CCNCCC
2891,3165,C(C)=C=SCCCC=O
2892,3166,NCC=CC=1[NH1]NOC2C=1N2CC
2893,3167,C1S(C)C=CCCCC(=O)CC1
2894,3168,OC=C=C=CC(N(C=CCN1)CC2)=C=C2C(C)O1
2895,3169,C=C(CNCNN)CN=C(N)C1C(N)N(CCC=CO1)C
2896,3170,CC=C=CCCCNC#C
2897,3172,C=NC1C=N1
2898,3173,COCOC=CC=CC(CCN1CC(CO)N)O1
2899,3177,ONC=CC=CCC=C=NC=O
2900,3179,CCC(OCCCCCC=C)=O
2901,3180,C1OC1CCCCC(C)=O
2902,3181,OCCNCCC(C1C=CC)C(C)CC=NOO1
2903,3182,C=C(C)CC=COONCCNC
2904,3183,CC(C)OCC=CC=CN=C=C
2905,3184,CCCC(N=O)F
2906,3185,NCCC1CCOC=CNC=CCC1
2907,3187,NCP=CCN(Cl)C=O
2908,3188,C(I)C(C)=O
2909,3189,CNCCCC=CC=CCC=CCCP
2910,3190,OCOC(C)C=CCCl
2911,3191,CCCC1C(O)(CNC1CC)C#N
2912,3193,OC=C(N)N=CC=C=NCOOOC=CC=O
2913,3194,NC#C
2914,3195,CCOF
2915,3196,C(Cl)CF
2916,3197,C(C1)C=CNCOCC2C=CN1OC2
2917,3198,CCCCNN1CC=C(C)CCC=CNCO1
2918,3199,CCCCN=NOC=O
2919,3200,O1CCCCC=CCC(=C)C1
2920,3201,CCN=C[NH1]CCC=CC(=CC(CC)(O)C)NC
2921,3202,OC(C)C=O
2922,3204,CCC1=C(C(Br)C)OCC1
2923,3205,CCC=C(C)CCCC#N
2924,3206,C1(C=O)OCC1[NH1]
2925,3207,CC=C(C)CNNNCCNCNC=O
2926,3208,CC=CN(N)CCBr
2927,3210,NC=CC(N)C(C)=CN=PC=CCOCO
2928,3211,O(CCC=C)CN=COCOO
2929,3212,CCCCC1C=N1
2930,3213,C1COC(C2)(C)OCCNC21[SH1]
2931,3214,N=CCC(C)=C=COONNCC=C
2932,3215,CCC1CCCC=CC=CC=C=C1
2933,3216,OC=CCCC=CCCC1OCC#CNN1
2934,3217,C1OCCOCCC1N=C
2935,3219,CNCCOC=SCCCOC=O
2936,3222,CCCCCCNCNC=C
2937,3223,C=NNOCCCCNNCNOCC=O
2938,3224,CCC(C=CCOCCNC=CC)=C=O
2939,3225,NC=CC(CC#CCl)CNC[NH1]S
2940,3226,CC=COCCC=O
2941,3227,CCS1C(C)OCC1ON=O
2942,3228,CC1=CCCNC=C2COCOC21C
2943,3229,C(NC=CC=O)C=O
2944,3231,OC=CCCOC=NCON=N
2945,3232,COCC(C)C=C=C
2946,3233,NCC=CCC=COCSNCCCC(C)C=C
2947,3234,CSC=CCCCCS=O
2948,3235,CN=NCC=CC=SCCC#C
2949,3236,ON=CC=C1CC=C=C=CC=CCN=C=C1
2950,3238,NCCS=CCCCCNNN
2951,3239,OCCN=CC1CC=CNC1CC
2952,3240,COCC#C
2953,3241,CNCC(C)C(=C)CO[NH1]
2954,3242,CC(C)C=C=CC=O
2955,3243,C1=CCCOC1NC#C
2956,3244,OC=CCC1C=C2CCC1C=C2CN
2957,3245,N=NC=COC=O
2958,3246,OC=CSC(C)(CC=CC=NC[SH1])O
2959,3247,CCCNCC#CC=C
2960,3248,NCON=CCC(C1)C1
2961,3249,C=CCCNCC=NCC=CC=C(Cl)C=NO
2962,3250,CCCCC(N)COC=O
2963,3251,CN=CN=CCCOC(C)=CC#C
2964,3252,OC=CCC[NH1]NNCCCC=C=C=NCC
2965,3255,C[NH1]Cl
2966,3256,O=C(C1)C1C=CC=C
2967,3257,CCC1=CC=CC=C=CC#CC=C1
2968,3258,C=COC1C#COCC1=CCC=C
2969,3259,N12N=C1CC(C=C)COC2
2970,3260,CCCCCCC=CCCC=CO
2971,3261,OC(C)=O
2972,3262,OCC(=C)C(C)(N)Cl
2973,3263,OC=NC=O
2974,3264,C=CCC=CCCNCCC=CCl
2975,3267,CCNCC=CCNBr
2976,3268,O1NCNC2COCC2C=C=C1
2977,3270,OS
2978,3271,C1CC#CC1OCCC=CC
2979,3272,C=NCCNCOC=CC=C
2980,3273,CCCC1C(=C)OCNCCCC=CC=C1
2981,3274,C12CC1CCC2OCC
2982,3275,C=CCNCCOC=NF
2983,3276,O1COC=NP=C1
2984,3277,CC(N=NS(=C)C=CCBr)(C1)CN1
2985,3278,CCCC=CCCCCC=C
2986,3279,OCC=CCCCC=C=CCC1OC1=NO
2987,3280,C1CCC#CCNCS1
2988,3281,CCCC(=O)CSC(O)OCC=NCON
2989,3282,CCOC=CC#C
2990,3283,C1CCCCC1O
2991,3284,C(C)CCCN
2992,3285,OC=CCC(C=C=O)C=C=O
2993,3286,OCOC(C)CC=CC1C=C1NCCl
2994,3287,C1CCC=C(C)C=N1
2995,3288,C=C(C)CCCC
2996,3289,C=CNC=CC1CNCCCN1NCC#C
2997,3290,C=CS1CN1CCC=C=NNC
2998,3291,C=CBr
2999,3292,O=C=CCCC=CCC=C=NC
3000,3293,O1CNCCCC1ONC=O
3001,3294,CNC(F)CCCC=O
3002,3295,CCC=CF
3003,3296,CCCCCCCNNC1=CC1CC[NH1]
3004,3297,OC1CCS=CCCCC=CCC1=N
3005,3298,CSC(S)C=NCF
3006,3300,O(N1)C1(OC[NH1]C=O)C
3007,3301,CCC(C)=C=O
3008,3302,C1N=CC=CC1C
3009,3304,C(C)=CC
3010,3305,CC=COCCOCC=C(C)C=O
3011,3306,OOCC#CCCCCCO
3012,3308,C(C)OC(C)C1C(C)C(F)CC1SOBr
3013,3309,CCC=NCSCl
3014,3310,N(C=C=C(C)COSCOC)=C=C
3015,3311,O=C=NCCCC(C)C([NH1])C
3016,3312,C12CCCN1N2N
3017,3313,CCCC=C=NCC=CCC=O
3018,3315,CS=O
3019,3316,C1=CCC1COC=CCC=CC(C2)C2
3020,3317,FCCOC=CC=CC=CCN=O
3021,3318,COCCCCC=[SH1]CF
3022,3319,C=CCCCCSCN
3023,3320,C1CC1(CC[NH1]CNC)CCC=CCCCCCCC=C=O
3024,3321,CCNCNC=COCCC=CONC
3025,3322,CN=NCC=NOCOCCCI
3026,3323,C=CC=C(C)CC=CC(C)C(N)(C1)C1O
3027,3324,CNCC=COCC(C1)CCCC12C=C2
3028,3325,C=CC=CC=C(C)C(=C)C#CCCCCC
3029,3326,C=CC=CCCCC=C(C)COCC=N
3030,3328,CNCC(C)C=CC(C1)C1=O
3031,3329,C1CCCCC=N1
3032,3331,CCC=CNCC1=CC1=N
3033,3332,CCNCC(C)(C)CCC=CCOC
3034,3333,O(C)CCC(C)CCC[NH1]C
3035,3334,CCCC=C(C=C1C(C)CN=CC)OC=C1
3036,3336,N1CC=CCC=C1O
3037,3337,C=NCCC(SOCCC=CC=C)CC=C
3038,3338,C1OCC=C1C=NCCC#N
3039,3339,CNCN1C=CC(C)(C12OOC=C3C=C=C4)C42C3
3040,3341,BrC
3041,3342,C(C)=C
3042,3343,NCCC(C)(CC)OC=O
3043,3344,C1NCC1C#C
3044,3345,C1(O)C=NC=CC=C1NC=NN=N
3045,3346,NCC=CC=C=NC(N)COOC=C=O
3046,3347,CC=NC=CC(C)COC=C
3047,3348,C=CC=C=C=CCC#C
3048,3349,C1OC1C=O
3049,3350,CC=C=CCCCCNSF
3050,3351,CCC=CCCOCCNC=CCCN
3051,3352,CC=NCCCCCC=CN
3052,3354,CC=C=NCCC=C1COCOOC1N
3053,3355,OC#CC=CF
3054,3356,C(C)CONCC(C)(C)C1=NCC(C)ON=N1
3055,3357,C1N=C=CCC1=CCC=NC
3056,3358,C1OCCO1
3057,3359,CNCNCNCN=C=O
3058,3360,COCCCCC=NCNCOC1CC1
3059,3361,O=C=CCCCCC
3060,3362,CCN=CCCCN=O
3061,3363,OCP(C)=C(O)C(C)CCNC=CC=CC
3062,3364,NC1NCCOC#CC=CCC1NO
3063,3365,C1=C(C=NCN)CC1OC=CC=C
3064,3366,C=CCC#CC=CC=O
3065,3367,CC(C1)C2=CC=C1OO2
3066,3369,CCCOC(C)=CC#C
3067,3370,CCCNCS=O
3068,3371,C(N)C1=CCNCCC=CCCC=C1Br
3069,3372,C=CCCCCCN=C=CC
3070,3373,C=CCC1OCCOCO1
3071,3374,NC(C)(C)N=O
3072,3375,N=C1NCOCCCCCC(C)=CCC1
3073,3376,OCC=CCCCC=CCCBr
3074,3377,CCCCS(C)C1=C(C=CCC)O1
3075,3378,COCCC1=CC1
3076,3379,CC=C=NCCCNN=C=O
3077,3380,C=NC
3078,3381,C1C2=CCCC12C=O
3079,3382,CC(=C)CC=O
3080,3383,N=CC=CC=CC=O
3081,3384,C1C2CCCCC1C=NOC2
3082,3386,CC(C)CN=CONC=CC=CS=C
3083,3387,C#CC=C=CF
3084,3389,CCCOCC=CNC(C)OC=C
3085,3390,C=CSC=CCC(N)C=C=N
3086,3391,CCOCC=O
3087,3392,CCS=NCC=CC=C
3088,3393,C1NCCCSC=C=C=CCC1C
3089,3394,C(C)CCC=CCN
3090,3395,CCCCCCNCCC=CC(C)C=O
3091,3396,C1NOCC=C(O)C=CCC=NC1(N)OC#C[NH1]
3092,3397,C=CCC=NCCCBr
3093,3398,OCCCC=NOCCC=CC=CC#C
3094,3399,C1NCC2C=C2NCCCSC1
3095,3400,CC[NH1]OCCCOCCC=O
3096,3401,C=NNP=NCBr
3097,3402,C1NCC(NC=NCC)CC1[NH1]O
3098,3403,C1=CCC=NSNC=C=CO1
3099,3405,CCCN=CC=C(N)OC=N
3100,3406,CN=CCCC=CC=CC
3101,3407,CCC1CNCC1CCOC=C=CC
3102,3408,OON=CC1C2C=CC(S)C2(COCNC1)CCON
3103,3409,C1=COCCCN=C(NC)CC=C1O
3104,3411,CCC=C=CCC=CC(S)CN=COCC=NOF
3105,3412,COCC(CCF)CBr
3106,3413,NN=C=CNCC=CCNCC=O
3107,3415,C=CN=NCC=O
3108,3416,C=CCCCOCC=O
3109,3417,OC1CCCN[NH1]OCOC1
3110,3418,C12OCCCC=CC(C)C1CC=C2
3111,3419,O=NCC=C=SC(C)CC
3112,3420,CCCC=C=CF
3113,3421,C=CS1CCOOC=CNO1
3114,3422,CCCONC(N)=C(CN)C=C=CC(C=CC)C=NNCCl
3115,3424,COC(CC)=CC=C=C=N
3116,3425,COC=CC=O
3117,3426,SCC(C=CNC)(C1NC=CCN1O)N
3118,3427,CCC=C
3119,3428,NCN(C)OC=C=O
3120,3429,CSNCC=CCI
3121,3430,NC(CC1CCO1)F
3122,3431,CCC#CC1C=C(CS1C=CC=C=CNC2)CC2N
3123,3432,CCCCN1CNC=CC1CC
3124,3433,COCC=CCCNOC=CC=O
3125,3435,CNCCC=C=CCNCC=O
3126,3436,O=CC(C=1)C=1C(C)CCCC
3127,3437,C=CCC(C)CC=O
3128,3438,CCCC=NOC=O
3129,3440,CCC=C(C=CN=S=CC1CC1)C2=CO2
3130,3441,P=1C=C(O)C=1O
3131,3442,CCC(C)N(CC(=C)CON[NH1]C)ON1CO1
3132,3443,C=CCSCOC=CC(C)C=C(O1)O1
3133,3444,CCNCCCCCCC(C1)C1
3134,3445,CCCC=C=CCCC=NNC=C[NH1]OC
3135,3446,C=CC=CCN=C=C(O)CC#CCCCCN
3136,3447,CCNC=CC
3137,3448,CNCC(=C1CCCC)C1O
3138,3450,CC=C=C=NC(C)CN=N
3139,3451,CC(N)=NPC=C(CC1CC1=O)O
3140,3452,CC(C)C(C)NN=COCCNF
3141,3454,PNNC(C=O)CC(CNCCN)NCCS=O
3142,3455,C#CCCC=CC(=O)CCC
3143,3457,C1CNSC=CC=C=CC(C)CCCCC1
3144,3458,C=1(C)CCC=1
3145,3459,C1OOSCC=NC=CC1C
3146,3460,CN1C=CC(CC1=COC=CC=CCCCC#N)OO
3147,3462,C=C=NCNC=NCCBr
3148,3463,C#CCCOCCC=C=O
3149,3464,C=C(CCCC)CCC1=CC1C
3150,3465,N1N=CC=CC=C=NC1NC
3151,3466,C1NC=CC(C)NC=C=N1
3152,3467,CCC(O)CNCC=O
3153,3468,N1CCCC[NH1]C=CCO1
3154,3469,CNCCNCOCC#CCC(C)Cl
3155,3470,C(CCC(N)CC=C[NH1]CCC1)N1C
3156,3471,CCCC=C(C)NCNC(N)CC=C
3157,3472,CC=CN=NCCOCC1=CC1
3158,3473,ONCC(C)CCCOC=O
3159,3475,CC=CC=CCC1C(C=O)C1C=C
3160,3476,NCCC=CCCN=O
3161,3478,CC(=C)CCCCNC=CO
3162,3479,N1C2=NC1(CC=C)C[NH1]CCCC2C=C(N)Br
3163,3480,CCOCC=NCCC=C=NNC(C)C=O
3164,3481,OC(CC(O)COCCC)=CNCF
3165,3483,CCCCCNC=CCONC=CCO
3166,3484,N1CCC1C=CBr
3167,3485,C1CCCCSCCC1S
3168,3486,NCN(N)C(C)CN1CC1
3169,3487,O1N(C)CN1C
3170,3488,CCC=CC(C)CC=CC=O
3171,3489,CC=C=CN=C=CCCF
3172,3490,ON=C(C=CC=C(CC)C1)CC1
3173,3491,COC=C(C)CC=CCCC=CC(C)=CC=CCO
3174,3493,NC1SCOS1C=CCCl
3175,3494,C=C=CCC=C=CC(C)=CC1C=N1
3176,3495,CC=CCCCCCCF
3177,3496,CNOC=COOC(CCCC)C(C)NCl
3178,3498,CC=CC=COOOCC=COOOO
3179,3499,CNCCC=CN=C=C=SC=COO
3180,3500,C=C(C)NOONC=CC(C)CBr
3181,3502,C=CCCCCCCCCC=O
3182,3503,ClC=CCOC=CN=CCNCON
3183,3504,C(C)CNCS(C=O)C=C
3184,3505,CCC=CC(C)=O
3185,3506,CCN=CC=C=O
3186,3507,CCCC=C=NF
3187,3508,CCN=C=CC=C[NH1]C=O
3188,3509,C1NSC1CNCCC
3189,3510,C=C=CSCOCC=COCCCN=CNOCCCO
3190,3511,CC(C)C1CCCC1=O
3191,3512,CN=CC(C)N1CNC=C1C
3192,3513,C=NOCCC(C)C(C=O)(CNCCNN=NCC)C=NO
3193,3514,OC=C(C1=O)C[NH1]CNC=CCC=C1C
3194,3515,CCSCCCC=O
3195,3516,NCCCCCC=C=N
3196,3517,CCCCOC(N)C=C
3197,3518,CCCCC(=C)C#CS=C
3198,3519,NN=CN(C)CC=CC=CCC=C=CCl
3199,3520,C(NCC)CNC=NC(C)CCOCC=C
3200,3521,CSC=COCC=O
3201,3522,CCCC=C(C)CCCCCCC1=CC1
3202,3523,C=CCC1(C)C2CC=C1C2=C=N
3203,3524,CCCCCC=CN=SC=CC=O
3204,3525,CNCC1=CCCOC1NCOSC=S
3205,3527,CCCNCNC=CCNCC=CCC=C=C
3206,3528,O1C=CCC=CCC(O)C1[NH1]O
3207,3529,O=C(C1)CCC=NC1=O
3208,3531,CNCCN=O
3209,3533,N=NCC=CCOCN=C
3210,3534,NCC=CC=CCC1CO1
3211,3535,CN=CC=C(C)C
3212,3536,C1CC=CC=C(C)C=C=C1CC=CF
3213,3537,OCN=CCNC1=C2CNC=C21
3214,3538,COCCCCC1CCC=CC1F
3215,3539,C(C)C=CC=CC=O
3216,3541,C=NC(O)C1C=C1CC=C
3217,3542,NC=C=C=CCCC(C)=C=C(C)CCC
3218,3543,CCNC=C(C)C1=CC1
3219,3544,CC1=C(C)CC=CCN=C=C=C=N1
3220,3545,C=C=COCCSCOCS=C=C
3221,3546,CCNC=C=NC(N)(C)CCl
3222,3547,C=NOCCN=SC=CCS=CC=O
3223,3548,N1CC(C)CNCCCN1
3224,3549,N1OCCC2=CCS=CC21N
3225,3551,C=CCC=CCCF
3226,3552,N1NCN=CC1CCCCCNCOC
3227,3553,CCCCC1CNCOC2=CCC=C21
3228,3554,C=SC=CCN=C(C=C1)CNOSC1(C2)NC2
3229,3555,C1=CN=CC(N2C=CCOCC1CC)C2OC=O
3230,3557,CNCSCCCC#CCCNC=C=CN=C
3231,3558,CCNCCCC
3232,3559,OOC(O)C(N)C=CC(CCCCl)N
3233,3560,C1=CCOCOOC=C1C=C(C)CCl
3234,3561,C1CCCC1C=C
3235,3562,CC=CCC(C)CCNCCC=NCC=NC#C
3236,3563,C=CC=CC=CONCC(N)NOC
3237,3564,NC=NCCN=O
3238,3565,CCCC(N)=CCCC
3239,3567,CCCCNC(O)NN=O
3240,3568,C1CN=CCN1CC#C
3241,3569,CC=C=CCNCCNN[NH1]NC=CN
3242,3570,NNN=CC=CNCl
3243,3571,CCCCC1=NC1=C
3244,3572,N1CCCC(C)C1
3245,3574,CC=CCCNCCCSC=O
3246,3575,CCC=CCC=CC=CC=N
3247,3576,CCC=CC(=O)CC(F)C
3248,3577,NCOCCNCN=CC
3249,3578,CCCC[NH1]CC=CCC=C=C=N
3250,3579,NN(C)C(C)=COC=C
3251,3580,C=CC#C
3252,3581,N#CCCOCC1OCC1=O
3253,3582,NNC(C)CCC=CC=C=C=O
3254,3583,COSNC=O
3255,3584,CCC=NC#COCOC=C=O
3256,3585,ONC[NH1]CC=C=O
3257,3586,N1(CCCN)CCN1
3258,3587,C(N)F
3259,3588,COCC=CC=COCCSC=NC=C
3260,3589,CC(=C=O)CC=NCN
3261,3590,C=C=CCl
3262,3591,CNCCCOCC#CN
3263,3592,O1CCCCC=N1
3264,3593,C(CC=CC(C)C=O)=CS1CO1
3265,3594,C#CCC=C(C1)O1
3266,3595,NCCCOCCC1=CC1(N=O)C#N
3267,3596,C=SCNC=NCCC=O
3268,3597,OC=CC#CNNC(N(S)CC)C
3269,3599,ClCNCCC=C=S=CNC
3270,3600,C=CCONCCl
3271,3601,CNC(C1)=C=NNC=C1C
3272,3603,OCC1SSN(O)CCC=CCCC1COC
3273,3604,O(C(F)O)CC(CCC#C)=CF
3274,3605,N=NCN=COCCCCS(C)C=CC=O
3275,3606,C1C(C)C1(C)C
3276,3607,N(CCCN(C)C=O)SC1PO1
3277,3608,N1CC(C)C1
3278,3609,C=NC=C=NCCSCC=NS
3279,3610,CC=C=N
3280,3611,OCCCCN1C2C1O2
3281,3612,C1C=CN=C1C
3282,3613,CN=CC1C(N)C=C=C1OC=O
3283,3614,N=CC(N1)(C)COC=C=C1
3284,3615,C=CC=CC(C)CC=CCl
3285,3616,C1(C)C=C=C(N=2)C=2CC1(C=C)CC=O
3286,3617,CCC=C=CC(C1)CC=C=CC1C
3287,3618,C=1CC=1C
3288,3619,ClCCCC1CC=C=CNC=CC1Cl
3289,3620,NCCC=NOC=CC=CC
3290,3621,CC=CCC=CC#C
3291,3622,NCCCCCOCC1CCN1Cl
3292,3623,O(C)OCC=CC=CC=CCF
3293,3624,COCC=CC(C)OCC=COCO
3294,3625,OCCCCNC=O
3295,3626,CN(C)CNCCCC=NOC=C=CNC#C
3296,3627,C1CC1(O)CC=CC=O
3297,3628,C=CNCNCl
3298,3629,CCCCCCOC=CCCCC=C
3299,3630,C=CC(N)C#CCl
3300,3631,C1=CCCCNSCSC1OCNNNC=O
3301,3632,N=C=CCOSC(C1)C=CCCOC=C1
3302,3633,C1N(C)CCCCOC=CC1
3303,3636,CNOCN=O
3304,3638,CC=CC(CC=CC)SC=CC=CCC=NC
3305,3639,CCC=C=NCCI
3306,3640,CNCCNC(O)C=CC=COC=O
3307,3641,NCC=C=O
3308,3642,ON(C)NC=CC1=CCCCCC1C=C
3309,3643,CC(=O)CSCCC=C(CS)CBr
3310,3644,OCC(C)OOC
3311,3645,C1=CC=CC=C2CC1NOC=CCCC2
3312,3646,CCCC=CC1=CNN=C2C=CCC2O1
3313,3647,C(O)NCl
3314,3648,ON=NC=CC
3315,3649,C=C(CN)NC=O
3316,3650,N1C=CCC=C1CNCC=CCl
3317,3651,COC=CC=CCCCN1C=C1O
3318,3652,NC(C)CC=NC=O
3319,3653,NCCC1C2C1C2=N
3320,3654,N=CC=CCCN(O)NCP(C)(C)CCCl
3321,3655,OCCC1CCCCN1N=C
3322,3656,CC1C=C(C)CCCOC=CC=C1
3323,3657,C1C=CCC2COCC=CC(N)C1C2=[PH1]
3324,3658,CCC(C)CCC=CO
3325,3659,CCCCSCC=CF
3326,3660,SNC=O
3327,3661,C1NOCC=CN1C
3328,3662,NCC(C)=CC=C(C)C=C1CC=CO1
3329,3663,NCCC(N)(C1)C=C(C)C2C1N2Br
3330,3664,C=CCCCC(C)SCCl
3331,3665,OC=CCC(C)=C1CC=CC#C1
3332,3666,C=CCC=CC1=NOC=C1
3333,3667,C(CC=CCCOC=CN=NC)CCCOS
3334,3668,CCCCCCCC=C(CCC=C1)C1
3335,3669,C#CCNCN=C=O
3336,3670,C=CC=C=NC=C=O
3337,3671,CCC=CCNC=S=CCCCCCCl
3338,3672,CCCN(S)CN1CCNCCCN1
3339,3673,NCCC#CC(C)COO
3340,3674,CC=C=NNOCC=NOC#CCC=C=O
3341,3675,CCNC1=C=C=CC=C1CC
3342,3676,C=C=CC(C)CCS=C
3343,3677,C=C[NH1]NC=C=COCN=NC(CO)CCCC
3344,3678,C(C)OCCCC=O
3345,3679,ONONC(C=CNCSCON=CCC=C[NH1]F)NC=NC
3346,3680,OC=CCCCOCC=C=CC
3347,3681,CCC=C=NCCN=CC=CC=CC=C1CNN=C1
3348,3682,C=CCCCl
3349,3683,C1COCC(O)C=C(C)OC1
3350,3684,C(C)CCC=CCCCC=NC=SC=O
3351,3685,CCCCCCNCOF
3352,3686,NCC=CC1OCCC1(N)Cl
3353,3687,C1C=CC=CCC1=NCl
3354,3688,N=C(C)NCCCNC=O
3355,3689,C=CC=NOCF
3356,3690,NN=CC=CCCCBr
3357,3692,C=CC(O)CC1=CC1C=CO
3358,3693,CCCCCCPNC=O
3359,3694,CC=CCCCC1CCC=C(C)CC=C=C1
3360,3695,OC=C=O
3361,3696,CCNNNCCC=COONCNNC=CC=O
3362,3697,CC=CNOCNC=O
3363,3698,OC(CCC)C1C=SCOCOCCC=C(O)CN1
3364,3699,N1C(C)=CC=C(C)CCC1
3365,3700,NCCS=C=CONC
3366,3701,C=NC=CCCCC=C(C)COC=N
3367,3702,OC[NH1]C=CCCCC(C)C(=CC=C=S)C=CC
3368,3703,NC(OC=C=N)CNC=O
3369,3705,CC(N)CCS(C)CC(C)C#C
3370,3706,NCNNC=O
3371,3707,CC=CCC(=C)CNC=CCCF
3372,3708,C1NN1C=CCC=C(C)CC=C
3373,3709,C=CC(O)CN=CCCC=C
3374,3710,C1C=CO1
3375,3711,CC(C)C=C=CSCCOCCNN=CCCCOC=C
3376,3712,OC(C=C=CCCC(N)(O)C1)C=C1O
3377,3713,OCC(N)(O)Cl
3378,3715,C=NC1(C)CC(C)OC1C
3379,3716,CCNF
3380,3717,C1C[NH1]1
3381,3718,OC1=CN=SC1NC(C)S=NCOBr
3382,3719,O1OC1O
3383,3720,CCCCCCCCCC=O
3384,3721,CCN=CCC(N([NH1])CC=O)P
3385,3722,CCNCCC=NCOC=CC#C
3386,3723,NC=C1NCCNC=CCCC=CC1=C
3387,3724,COC=C(NOC1)CC2CC21C#N
3388,3725,C=CCCCCC=NCC=C=CCC#C
3389,3726,N(N)CCC
3390,3727,COC(C)CN(C)C=CO
3391,3728,CC(C)CN(C1C=O)CCCCC1
3392,3729,CN=CCCCC#CC
3393,3730,CCNN=CC=CCOF
3394,3731,NOCC=NC1N=C1CC
3395,3733,CNNNCCC=C
3396,3734,C=SONCCC=C(S)NSCC=O
3397,3735,CC=CNCCCS1CCC=CO1
3398,3736,C=CCCC(N)CC1=CC=COCC1
3399,3737,CC=SC=C(C)C
3400,3738,CCCCCC=CN1CC1
3401,3739,C=CNCC=O
3402,3740,N1=CC(CC=CC)=CC=C1
3403,3742,ONC1CCC=C1CCCCN
3404,3743,CC=C=CC=CN=NC=C=CC=CC=CC
3405,3745,C=NC=CCCCCCC1CN=C=S1
3406,3746,C(C)C=NCCSC=O
3407,3747,CC=C=CCCCC=CCCN=O
3408,3748,CCCC(C)C=C(C)CCC(CS)O
3409,3749,C=CCCPC=CCNNC
3410,3750,CC=C=CC(C1)N(N)OCC1=NC
3411,3751,P(CC1NC)CC1CC=CCCBr
3412,3752,CCCCC(C)C=CC(C)CCCCCCN=CO
3413,3753,OC=CC=CCF
3414,3754,NC=CCNC(C1)NC1S
3415,3755,N=CCNC(CC1=C)C1
3416,3756,O1CCC=C=CC1ONN
3417,3758,CCC(CNCCCCCS)NO
3418,3759,CCN(CC=C)CC=C=O
3419,3760,C=CCC=C1C(C)=CC=N1
3420,3761,C=C(C)NCCC=CCCCCC#N
3421,3762,CCC(C=CCO)C=CNC=O
3422,3763,N(=C)NCl
3423,3764,CCC(C)(CC1CC2)N2CCCCCCO1
3424,3765,CC=CCCC(CCCC)COCCC=C
3425,3766,OC=C=C=CCC=O
3426,3767,O=NNC=CCOC=C=CC=NC(C)=CN=N
3427,3768,NC1CCCC1
3428,3769,CCN(N)N=CCl
3429,3771,CC=CCCCC(C)F
3430,3772,CC(=C)CCCN=CC=CCC(C=O)N[NH1]
3431,3773,COCCC=CCC=C(CC=O)Cl
3432,3774,O=CCCC(C)C[NH1]C=CCl
3433,3775,CC=CCCOC=NNCCC=O
3434,3777,OC=C(C)NC=C=O
3435,3778,CNN=CC=O
3436,3779,CCCSBr
3437,3780,CNC=C(CC=NCC=CC(N)CCC(C)(O1)O1)C
3438,3783,CCOC(O)C1(NCC=O)NC1CCCl
3439,3784,C=CNC(C)CCCCC=CCl
3440,3785,C12CCC=CCC1CCC[NH1]2
3441,3786,N(N)CC1CC=NOCCON=CCOC1=C
3442,3787,CCC1=C=C=C=CC1
3443,3788,C=CNCCC(C)C(C)(ONCCC=O)Cl
3444,3789,N=C(N)CCNC=CCCO
3445,3790,C(CC)(=O)CCC=O
3446,3791,O=CC(CCC(C)=CC=NC=C=C)=O
3447,3792,C1C#CC#C1
3448,3793,O=COC(N)C=CSCC1C(Br)CNONCC1(O)N
3449,3795,SNN=C(C)CCSC
3450,3797,CCC=C(C)CC=CC=O
3451,3798,CC=CCCCCCl
3452,3799,CNC=CC(C)(C1)OC(C)CCC1(C)Br
3453,3800,NC(C)CC#CCCOC=CCCO
3454,3801,C=CCON=NC(S=C(C1)C=C=C)CC1=C
3455,3802,C=CCNC=C1C=CC=NC1CC
3456,3804,C=CCNCC(C1)C=CC=C(C)C1
3457,3805,CC=C=CC=CCCCCCC=COC=C
3458,3807,COC(=C)CC=O
3459,3808,C1COCC1=O
3460,3809,CNCCSCC=CCC=O
3461,3810,OCC1CCNCNC(C)N1CCC=O
3462,3811,N=CC=1C(C)=CCCCSC=C(C)C=C=1
3463,3813,OOCCNNCCCC
3464,3814,CNCC=CCF
3465,3816,C(CC=O)C=S#CO
3466,3817,CCC=CNC=COCCI
3467,3819,N1=CC(NC1C)=CC=O
3468,3820,C=COC=CCCC(C)C=O
3469,3821,CCCCCC1NC1=C=O
3470,3822,O1CCCCC1=C
3471,3824,CNCCCC=CBr
3472,3825,C12=CCCC1=N2
3473,3826,OC=C=NN=CNC(C)CCOCSC=C=C
3474,3828,OCC=C=SC=C=COCCCC=CC=C
3475,3829,CCOC=C(C)C=CCON=C
3476,3830,CCCCOSCN(C=1)C=1CC=CNOC
3477,3832,CC=CCCC(O)C=C
3478,3833,COC=C=CC=CC
3479,3834,CCN=C=C=C=CCSC=CC1SC1=N
3480,3835,NOCC=CN=O
3481,3836,C=CC(C)(C(Br)=O)C=CCC=O
3482,3838,CCC=CC=CCCNCCCC=C=CC
3483,3839,O1CCCCC=2COC1C=2CO
3484,3840,C1CNOO1
3485,3841,C1CC=NC=CC(P)C=N1
3486,3842,CC=C=CC=O
3487,3844,O=CC=COC(C)CCCF
3488,3845,C1CCCC(=C)C1=CC=O
3489,3846,C(N=C(C)CCCC12)C1C2C(O)C
3490,3847,NN=C(CC1=O)C1
3491,3849,C=NCC=CCCCCBr
3492,3851,CCC1=CNC=CCSCN(C)CC1
3493,3852,O=COC1CSNNCC1
3494,3853,ONC=CCC(O)C(=O)ONNF
3495,3854,C1OCC=CC1=NCC(O)=CC
3496,3855,CC=CCCC=C=C=C
3497,3857,CC=CCCC(NCNC)=CCN(NC)CCP(C1)N1
3498,3858,CCCC=CC=CCC=O
3499,3860,OCCCCCCCl
3500,3861,O1CC=C1C#C
3501,3862,NCCCCCCC1CC1=C
3502,3863,CCCOC=CCC1N=C(OC)C1
3503,3864,CCS=CCNCNCO[NH1]OC#C
3504,3865,C=CN(C)CCCC=C=NC
3505,3866,C(OCC)=C=O
3506,3868,OC=C(Cl)C
3507,3870,O(C(CCOCC)C)CCC=CCCl
3508,3871,CONCCC(C)NCCCC=CC#C
3509,3872,C=C=CC(C1)C#CC[NH1]C(Cl)CC1O
3510,3873,CNNOCC=O
3511,3874,O=CCNCCCCCC=O
3512,3875,CCC=CCC(C)OC(O)CCCC=N
3513,3876,OC=CC(=C)NC=CCCC=CCNOCOC=C
3514,3877,CN(CCNC=CC(O)CNC)CCCC=CCOC#N
3515,3878,C=CCCCC(C)(O)CCC=O
3516,3879,O1CC=NCCCC(=C)C=C1O
3517,3880,COCCCCCCO
3518,3882,C=CC(CCCC)=CC(C)F
3519,3883,CN(ONC=CC)C=N
3520,3884,C(C)CC=CC=C1CP1
3521,3886,CCCC=CN=CC1N=C=CCC=C1
3522,3887,CCCNCCC=C[NH1]C=CC1OC1
3523,3888,NC=C
3524,3889,C1=C=C2CN21
3525,3890,CCCC=C=C1C=CC2C1C2=NC
3526,3891,CCCCC1CC(CCC1NC)F
3527,3892,CN(C)COCC=NCC1(C=C=C)C=C1OOOO
3528,3893,OC=C(C)C(C)[NH1]
3529,3894,N1OCC[NH1]C=C=CC1C
3530,3895,COC=CCOCCCC=CC=CC#C
3531,3896,O1CCC=NNC2=CN1CC2(CN)NOO
3532,3897,NOC=O
3533,3899,C1=CCCCCC=CC1
3534,3900,CC=COCC=CN=O
3535,3901,O=C(C)C(N)C=CCCN=CC=O
3536,3902,CCC1CCC(=C)C1=C
3537,3903,CCSCCF
3538,3904,CON=CC(=C)CN=C=C=C
3539,3905,C=C(C)CC=NCC=CCC#CC=O
3540,3907,C1C=C1C=O
3541,3909,N=CN1N=C=CCC1C=CCC#N
3542,3910,C1(C)CCC=C1Cl
3543,3911,NN=CSCCCCF
3544,3912,CCCC1CN1C(C)C
3545,3913,C=CCCC=CC=CCC=O
3546,3914,CCC=CSC=O
3547,3916,C=CN=O
3548,3917,CN(CNCCl)N
3549,3918,C1=CC=C1F
3550,3919,CNCCCC=O
3551,3920,NC=CC(C)CC=CC=O
3552,3922,CCC=CCC12CCOC1=C2C#N
3553,3923,OC1CNN=C1CC=NCC
3554,3924,CC(O)OCCC(CCCN)CCC=C
3555,3926,C(=S)CCC=C=CCOC=C1CC1
3556,3927,C=CCOC=CF
3557,3928,NCOC=CC1=C=C1CC=C
3558,3929,NC=C(C(C=C=C)(C)C)C=C=COC=CC=O
3559,3930,C(N=C1C)=CCC1(C)N
3560,3931,CC(N(N)C#N)NC(C)C=O
3561,3932,NCC(=C)CC=C(C)C=CCO
3562,3933,C1CC(C)C1
3563,3934,CCCCC=SONNC=C1C=NNCC[NH1]1
3564,3935,CCOCC=CC=O
3565,3936,C(C)C=C=CC=C(C)CCC=COC
3566,3938,O=COC=CCNF
3567,3939,CC(C)=O
3568,3940,C(C)OC=CCCCC=NN(N)SC=CN
3569,3941,CCCNCNC=CCC=C
3570,3942,C=NOOCCSC=O
3571,3943,NNCC=CC=NCC=CCN=C=CC=C(C)C=CC=C
3572,3944,COCSCF
3573,3945,C=NCNCC=O
3574,3946,C(N)C=O
3575,3947,CCC=C(C)CC1C=C=NCC1
3576,3948,C=CC=CCCl
3577,3949,O=C(O)N1CC1O
3578,3950,C(C)CC=CCC=O
3579,3951,NCNC=NO
3580,3952,COOCCOCC=CCC(CC=CC)OCC#N
3581,3953,N=CC(N1Cl)C1
3582,3954,CCNCC(C)C(C)CC(C)C(C)=C=CCOCCl
3583,3955,NCC1NN2CCSC=3C2C=3C1
3584,3956,CCNC(C1)=C1
3585,3957,OCC=CCOC=C=NC=CCCC
3586,3958,NCN(C)CCC(C)(N1)C1
3587,3959,C1CC#CC=COCC=N1
3588,3960,C1COC=CCC(C)(C2)C2C1
3589,3961,C1CC(C)=CC=S=C1ON
3590,3962,O1CC#CC1OPN(N)OCC=C=C
3591,3963,CCNSC(CCC=O)CNC=C=C
3592,3964,CCCN=C=CCCC(C)C=CC
3593,3965,CNCN=C(CCC#N)F
3594,3966,CN=CC1CC1
3595,3967,CC=CCC=C=CC=CC1OC1I
3596,3968,CCOC=CC=O
3597,3969,CN=CCBr
3598,3970,NCCOC=CC=CCPCl
3599,3971,CCC=NC=CC(C)CC=O
3600,3972,NC=SC=CC=COOCCC1CC1O
3601,3974,COC(C)NC=C=CC(C)=C=C=NCC=C=C
3602,3975,C=CCOC1OCC=CC=C=C1
3603,3976,N1CN=CCCCC1
3604,3977,OCC=NNCCCNCC=CNC=C[NH1]NN=C
3605,3978,ONONC=CC(O)CNC=C1CC=C[NH1]NCC=CCCO1
3606,3979,OCCCCCC
3607,3980,C=C(COCC=O)COO
3608,3982,CCC(C=C1)CCCC=C1C
3609,3983,C1(C=CC=C)C=C(C=CN=C1COCCOCO)Cl
3610,3985,CN(O)CCCOCOC=COC
3611,3986,C=S(C)=NCC#CCCCNCO
3612,3989,C=[SH1]C=CCCC(C)CCCl
3613,3990,C=NC=CC=O
3614,3991,ON=NCOCC(CCC=CCCC=CCCC)C(N)=C
3615,3992,CNCCCCCCC(C)OCF
3616,3993,CC=NC=CN=CCCNC(C)OCN
3617,3994,CCNCOCl
3618,3995,N=1CCNC=C=C=1
3619,3996,COCCCSC=C=CCC=C=C
3620,3997,O=NC=CCCOCOOC=C
3621,3998,C1=C2COCCC(S)C12
3622,3999,NC=CCCC=CC[NH1]C=NCC=O
3623,4000,CNNCC1COC#C1
3624,4001,CCCCCCNC=CC(C)=CC=C
3625,4002,C1(CC=O)CCCC=C1
3626,4003,C=C=CCCCC
3627,4004,O=S1(C)(C)N(C2)C12OO
3628,4005,CC=S=NOCC=NCOC
3629,4006,C1(NCl)CC(C)C1=C
3630,4007,CCCCC(S)CN
3631,4009,O(C)C=CCCNC(CC)=CC=C
3632,4010,C1C=CC1CC=CC
3633,4011,C=CCC=CCC=C=O
3634,4012,COCNCCl
3635,4013,C=CCC=CF
3636,4014,C=C=NCOCC(=C)SCC#CC=O
3637,4015,COC(C)CC=C=CC
3638,4016,CCC=CCC#CCF
3639,4018,C=C(C)N1C=CC=CC1=N
3640,4019,CCNCOC=O
3641,4020,CC=C=NCSC(N)CCCN1C=C1
3642,4021,C=CCC=CC=C=C=CCCC
3643,4022,NCNOC(C)C=SN=CCCOCC
3644,4023,ON=CNCC=C(N)C=NCNC#C
3645,4024,C=C(CCCCC(C=CCC1)=C1)OC
3646,4025,CNCC(CC1CSC)=C1C=N
3647,4026,OCCN=CCOCCl
3648,4027,O=CCOCN=CN=C=C
3649,4029,C1C=CCCC=CC=C=CC#CNN1C
3650,4030,C=NCC=COC=C(N)C=O
3651,4031,OC=CC(CC=C(C)C=CC1C)CC=C1N(O)NC=CO
3652,4032,CON=CCCC=C=CBr
3653,4033,CCC=CCC=C=C
3654,4034,CN(C=C)NCC=C=CCCC=CC=[NH1]
3655,4035,CCNCC=CNCCNC[NH1]OC=CN=N
3656,4036,CSCCCC(C)=CCCSCC#CC=O
3657,4037,N1C=CC=CCNCCC1=O
3658,4038,C=COCC=CNC=O
3659,4039,OC=CC=CC(O)CC=C=CC1=CCC=C1
3660,4040,ClCC(C(O1)C=O)(C)CCC[NH1]1
3661,4041,N1=CCCNCOC=CCO1
3662,4042,NCCC(O)NC=CC=CC=N
3663,4044,C1SC=C=CCC=C1OCCC=COCF
3664,4046,C(C=O)C=CC(I)C=O
3665,4047,CN1OOCC2CCC=C21
3666,4048,CNC=C(N)CCC=CCCC=C(C1)O1
3667,4049,C=CC(S)C(C)I
3668,4050,C#CC(C)(CCNCC(C)C)NCOO
3669,4051,C(C)(CCN=C1COSCC2)C21
3670,4053,NC1N(CCC1=2)C=2C=S
3671,4054,SCCCCCC=CCCC=C=CC=O
3672,4055,CNOCC=CCNC=CC=NCC=O
3673,4056,CN=CC=CC=O
3674,4057,S=C1C(CC=O)O1
3675,4058,C1CC=C1CCCC
3676,4059,C(C)C(C)=O
3677,4060,CC=CC=CC(CCC#N)=CCCCCNCOSS
3678,4061,CCC(C)C([PH1]1)C=C1
3679,4062,C1=CCCCC(=C)CC1C=C=C
3680,4063,C=C1C=CC1NCOCF
3681,4064,NC(C)CN(C)NC=CCCCl
3682,4065,SCC=COCNOC=CCOC=CCO
3683,4066,CNC=C=CNCC(C)(C1)CC1
3684,4067,ONNBr
3685,4068,C1CNC[NH1]C(C)OC1CCCC
3686,4069,C=COCCC=CCCOC#C
3687,4070,N1C=NCON=C1Br
3688,4071,C1CCC=C2CN(C)C21
3689,4073,O=CC=C=O
3690,4074,OCOC1OCC(C)(C)C=NN1CCC=CCCSF
3691,4076,NCCON=NCOS(C)CC=C
3692,4077,CS(C(C)=O)C=C=CCC=C
3693,4078,OC(C)C(C)(CC=COCO)OCSOO
3694,4079,OCCCN=CC=NCCCN
3695,4081,OCCC=CCCCC=CC=CN=C(C)CC=CC=C=C
3696,4082,ClC=C=NCC=C=C[NH1]CCl
3697,4083,OC(C=CCC=NCC=C)CSNC=O
3698,4084,S1N=CCO1
3699,4085,BrCC=C(C)CCOC=O
3700,4086,CN=CCCOO
3701,4087,CCCCN=NC=O
3702,4088,C=1N=C(CNOC=1CF)[NH1]
3703,4089,OC#CC=O
3704,4090,C1C#CC(O)CO1
3705,4091,C(C)CC1(C=NC2OCCO1)OC2
3706,4092,C#COC=CN=C=CN=CC=C
3707,4093,CCCOCC=NC(C)C=O
3708,4094,CCCCC=NCCCC=C=O
3709,4095,C(C=CC=CCCCC[NH1]C)=O
3710,4096,CC1=CO1
3711,4097,OC=C=C=C=NC=O
3712,4098,OCC=C=O
3713,4099,CCCCC=C=CC(C)C1CN1
3714,4100,COCCC(=O)CBr
3715,4102,CC(CCN=CCl)C=CC
3716,4103,CC=CCNC1OC=C=CO1
3717,4104,NC(CCC)=O
3718,4105,CNCN1C2CC=NC1O2
3719,4106,NOCCNCNCCCC(C)=C
3720,4107,O1CC1CC(C)CNCCCN
3721,4109,CC=CC1=C(C)CC2C=C21
3722,4110,O(C)COC(C1)=C1NCOOC=O
3723,4111,ONC(C)=C(O)CC=CN
3724,4112,N1=COOCCC1=CCCCC
3725,4113,C1C=C=CCC2OCNC2C1
3726,4114,C=CCC=NON(O)CC=CC=CCF
3727,4115,CC1OCCC=C1NCN
3728,4116,CCCCCOOOOCF
3729,4117,OCNC=CCCCNF
3730,4118,C[NH1]C=CCC=CNCOOCBr
3731,4119,CN=CN=C(O)C=CC(C)=CCOOCl
3732,4120,CCC=S=O
3733,4121,CC(C)OCN(C)N=C(N1)C1C
3734,4122,CCN=CC1=CC(CC=CCC)C=CCC1=C
3735,4123,C1(O)(CCN)CCC=N1
3736,4124,CC1C=CCCC2C(=C)CC2C=C1O
3737,4125,CNCN=CCCCCBr
3738,4126,OCC(C)CC=C(C=C=C)OC=CCC=CN(NCC1C)C1
3739,4127,CC(CCC)NC=O
3740,4128,C(N)CBr
3741,4129,CC=C=CCCC1=CCONCCNC(N)=CC1
3742,4130,C(N)CC=NNC=CCC(C)C=CC=C
3743,4131,CC=NCN=CCCPC1=C[NH1]C=CCCOC1
3744,4132,CCC=NSC=C=O
3745,4133,CCC(=O)C#CCNOC=O
3746,4135,C1=C2NCC(C)CC=C=C1N2C
3747,4136,ONC=CCCOC=CC1CON=CC1
3748,4137,ClCC(C)CCCC
3749,4138,C=C=NCCCC#CC
3750,4139,NC=CCN1CN=CC1CCC=C(C)ON=N
3751,4140,OCC(CCCS1)C=CCCCCC1
3752,4142,C1C(C)C1(NCSN=S(N)N2)CC2
3753,4143,ONCC=C(C)CCNC1CN1
3754,4144,C=CCNCC=O
3755,4145,C1=2CCC=CCCC1CC=2CO
3756,4146,COCC=CCC(C)=NCOCC
3757,4147,O=CC=C=S(CC=CC)N
3758,4148,OCC=CCNCCC=CC=NC=C
3759,4149,C=CC=C(C)C(C)(O)CCNCNOC
3760,4150,COCCCC(I)=O
3761,4151,N1CC=CC1=NCCl
3762,4152,COCCC=CC=COCCN
3763,4153,C1(C2CCC1(C)C2)NCl
3764,4154,C1OC(C)C2CCNCC1(C2)O
3765,4155,CCCNCCC=NCS#COO
3766,4156,CCOC(CC=O)OCCC=C=C
3767,4157,CNCONCC=NCC1=CN1
3768,4158,C1C=CCC(C)C=CO1
3769,4159,CCCOOCC=CCC=NC=COC
3770,4160,COCCNC(CC=NC)CCC(CC=COC)C=C=C
3771,4161,OCC=NCF
3772,4162,C1=CC(N)=NCC2CC1=CO2
3773,4163,C1CCCCCC=CC1=NCCOC
3774,4165,CC=C1C=CCCC1(Cl)CC=O
3775,4167,CCN(C)OC(N)C=C(C)OCC=O
3776,4168,CCCCNCBr
3777,4170,CC=CS1C=CCOOCOC=C[NH1]O1
3778,4171,C1NCCC2CC=CC23C1C=CCN=C3
3779,4172,NC(=C)OCCC=CC=C
3780,4173,C=CCCC(O1)=C1
3781,4174,O=CC[NH1]CON=N
3782,4175,C=COC(S1)NC(C)=N1
3783,4176,COCC=CC=O
3784,4177,NCC=NCC
3785,4178,CC=C=C(C)CCCC=O
3786,4179,CCCC=C=COOCCNC=CO
3787,4180,CSCC=O
3788,4181,C=CCCNCCCCSO
3789,4182,CC(COOC=CCOCCO)=O
3790,4184,C=NC=O
3791,4185,N1CNCCCCCN1
3792,4186,C1C2CCCC(CCC=O)OCC21
3793,4187,CC=CCCCNCF
3794,4188,CCCCCF
3795,4189,C=1C(C)C=CNC=1CCCC=O
3796,4190,CNC1=CCC=C(O)C=CC=C1O
3797,4191,O1CCCC(C)CCCC=NCC1
3798,4192,ONC(=C)C=CC
3799,4193,CC(C)PC=O
3800,4194,OC1C=SCC1C=CC=CCCN=O
3801,4195,S=CCCC=O
3802,4196,CCCCC(C)C=O
3803,4197,C=CCSCCCCC[NH1]CC=CC=N
3804,4198,C1C(C=C1C)C=C
3805,4199,CCCCC=CN=C(C)CNCOCCC
3806,4201,CCOCCCOOCC=CC(C)CCCC
3807,4202,CC=CC=CCCC1CC=CC=CS=C(C)CNN1
3808,4203,NCC=C(C)OC=CCBr
3809,4204,CN=C=CCCCCN(CCC=C12)N1N2[NH1]
3810,4205,NC(C)CCl
3811,4206,OC=CC=C=O
3812,4207,CC(COCCC(O)OCC=O)Br
3813,4208,C1=CCCC1=O
3814,4209,C=CCCC=1NC=CC=1
3815,4210,C1C=CC1CC=C
3816,4211,CCC=CC=SC(C)CF
3817,4213,N1CCCC1O
3818,4214,CCCCOCNCCCl
3819,4215,CC=CC(C)CC=NC1PNON1COO
3820,4216,NOCN=O
3821,4217,N1CNCC(C(C=C)CN)=C1
3822,4218,NONCCC=CC=C[NH1]OCCNSCN=C=NCl
3823,4220,NNCC(C)CC=COCCC=C=O
3824,4221,CCNC(N)CC=S=C=C
3825,4222,C=C[NH1]C=CCCCC=C(C)ON(C)CC#C
3826,4224,N=CN=NC(O)C1NN1CC(=C)C
3827,4225,CCC(C)N(O)C=CCC#N
3828,4226,C1CCCC1C=N
3829,4227,OCC#N
3830,4228,CCC(C)CCC=NC=O
3831,4229,COCCCC=CCCCCCC(N)SC=CCCCO
3832,4230,CC1C(CC=CC1C=O)C=C
3833,4231,C1CC=C1CC(C)CCCCC=NC
3834,4233,NCCNOCNCCC=O
3835,4234,C=CC(N)C=CC=NCCN(Cl)N
3836,4236,CCNN(NN=CO)C=CCSCC1CC=CCC1O
3837,4237,C(C)COCPC=C=C=O
3838,4238,CC=CCCN(C=CCC)CC=COCOO
3839,4239,NC=CCNCCCCC=O
3840,4240,CCOCCC(O)N=C=SF
3841,4241,OC(C=C=CC=C)(C)OC#N
3842,4242,C1=CC(C)CNC1
3843,4243,NN(NCNCOCOCCC=C)C1CC1
3844,4244,CC=CCCCC=CC=O
3845,4245,CC[NH1]CC=NS(C)=CC=CC#N
3846,4246,C1CC1CNC=C(C)C=O
3847,4247,CC#CCCCC1OO1
3848,4248,C=C=C(CCCC=CCCCC=O)CN=CC1=CC1
3849,4249,C1[NH1]CC=NCCCN1C=CCC=C
3850,4250,CCOI
3851,4252,CC=CCOC=CC(C)OC=CCCOO
3852,4253,C=SC=COCC(C)CCCC#CCCl
3853,4254,CC=CCC=CC=CCCC=CC=CNSC=O
3854,4255,C=CNC=C=S=NOC=O
3855,4257,OCCCCCCCSCl
3856,4258,CC(C)(CC=CN=CC=O)ON=C
3857,4259,CCNC(C)OCCC=CF
3858,4260,OCOOC=C(C=CC)NCC1CC1O
3859,4261,NCC(N)C=CC=CCC=NNCC=CO
3860,4262,C(=C)(CCCl)NOCNCCC=O
3861,4263,C1NCNC=CCC1NCON=O
3862,4264,OC=CCC=CC=CCC
3863,4265,CNCCC=CCN=O
3864,4266,CNC=CCSCCONCl
3865,4267,C1CCCC=C=NCC=C=C1NBr
3866,4268,N1C2CC#CCC2N1[NH1]
3867,4270,C1CNOC1N(C)CCCC#C
3868,4272,NCNC=O
3869,4273,C1=CCOCC2C=C=C1OCO2
3870,4274,C(CNC)C=CC=C=O
3871,4275,C=CCOCCC(Cl)[NH1]OCCCCNCCS
3872,4276,CCCCI
3873,4277,OCCCCC(CC=O)C=CC
3874,4278,COCCC(C)C=CC1=CO1
3875,4279,CCNCCCOCC=C[NH1]Cl
3876,4280,OCC(C)=SC=CC=CC(OC=COC)O
3877,4281,NOCC#CC(C)CC=C(CC=C=N)F
3878,4283,C1CCCC(N)[PH1]=CC1C
3879,4284,C1=CCC(N)CC=C=NN[NH1]1
3880,4285,C1CC(C)CC1=C=C
3881,4286,C=C=CCNC#N
3882,4287,CCNCC=NC=NC=C(C1)N1C
3883,4288,O1CCCCCNC=CC(C)=C1
3884,4289,CC#CN=CCC
3885,4290,CCC(C1)C1CC=CC=O
3886,4291,CNC=CNCC(O)=C1CN1
3887,4292,CC(C)C(C=CCN)CC=C=CNC=O
3888,4293,OC=C=CCCCCCC=C
3889,4294,CCCNCCCCl
3890,4295,CC=CCCCC1(C)C(Br)CCC1C=C
3891,4296,NCN=CC1=NOC=CCN1N
3892,4298,C(CCCC)CC1=C(C2)N2CC1OCC=C
3893,4300,CC=CC1=CC=CC=C=CCC1=CCOO
3894,4301,CCCC(C)C(C)CC=CC=O
3895,4302,O1CC=CN1OC=C=N
3896,4305,C=CNCC=CC(O)CC#CC
3897,4306,OCON(N1)C=CN2C=C21
3898,4307,CCCCNNC(C1)C1N
3899,4309,C(C)S(F)C=CC#COCO
3900,4310,O1OO1
3901,4311,CCCNC=CC=SC=C
3902,4312,NC(O)C(CCCC[NH1]NC=C=NC)O
3903,4313,C=C(C)NCC=O
3904,4314,CC(NC=CC)NCl
3905,4315,CN=CCCN1C(S1NC)=C=C
3906,4316,CCOCC=SC(C)OC=CC
3907,4317,[SH1]=NCCNN=O
3908,4318,N=COC=C=C1CCC(C)(C#N)CO1
3909,4319,CC(=N)Cl
3910,4320,N1C(CCl)C1
3911,4321,NC=NCOOC=CC(CCC)=O
3912,4322,C=C(C)C(C=CC=O)C=COCl
3913,4323,CC(C)COCN(C)CCCC=CC=CCC=O
3914,4324,C(C)CC(C1)C1Br
3915,4325,S=NC=C=O
3916,4327,O=CCNCCC(C)C=O
3917,4328,NC=CCC=CC=O
3918,4329,C=COC=NOCNCC=CC=O
3919,4330,CCC=CC
3920,4331,CCNC1NCN([NH1])S1CCCS=N
3921,4332,C(=C=C=C=C=C)C=CCF
3922,4333,CCCC=CNC=C(CC=NC(C)N)C(C)C=O
3923,4334,C(C)OCCCCC=O
3924,4336,COCC=COC=CC#C
3925,4337,C1CCC1(C)C
3926,4338,CC=CC=C(N)C=S
3927,4341,CC=C=CNCCNBr
3928,4342,CCNC=NC=COCNC
3929,4343,C1CNNC1OCCF
3930,4344,N=CO
3931,4346,C(C)=C1CCCOCC1CC#C
3932,4347,OCC=CC=NNC=O
3933,4348,CC=CCCCC(N)C(N)OC
3934,4349,CCN=C1C=C(C)C=CC1OCC=CNF
3935,4350,ClOCC(N)ON=NC
3936,4351,CN(C)CC=O
3937,4352,CCS=C=O
3938,4353,C=NC=C=C(C)CCOC
3939,4354,OC=C1C=CCCC1CCC
3940,4355,CCCC=C=C(CC=CN)C1CC1=N
3941,4356,NC(C=CC=O)(C)C=C
3942,4357,N=CC=C=O
3943,4358,CCC1=COC(C)C1C
3944,4359,CCCCNC=C(C)N=C=CCl
3945,4360,CCCC(C)(C)C=NC=C=N
3946,4361,OCC(C)=NOC=CCCC=CC=C=C
3947,4362,OCC(C)CC=O
3948,4363,NC=CNCCNC1CC1C
3949,4364,C#CCCNCCCCC=CC
3950,4365,O(CCC=O)C=NC
3951,4366,O1C(C=C2)N12
3952,4367,N1CCCCCCC12CO2
3953,4368,CCNCC1CCCC=C1
3954,4369,CONCCC=C=NC=O
3955,4371,C=NCNCOC#N
3956,4372,CC(C)=C=C=NCC(C)C(=C)NCC
3957,4373,C1C=CCC1OC#CF
3958,4374,NCOCC(C)C=O
3959,4375,CC1CC1=S=CC(C)C
3960,4376,NC(=CC=CCl)CC1CC1S
3961,4377,CC(CNN)=O
3962,4378,CCCSCCN(Cl)C
3963,4379,C=CCCNCCC=CC=CC(Cl)C=O
3964,4380,OCCCCC(C)([NH1])NNC=C=C
3965,4381,C#CCC(C)(N)C=C=N
3966,4382,N1N=C1
3967,4383,OC(C)CCCSC=C=NOONNC
3968,4384,CCCC=C(C)CCNCCC=C=C
3969,4385,CC=CCCCCC=CCCl
3970,4386,C(SCCF)(C)(N1)C1
3971,4387,CCCCNNCC=N
3972,4388,ONCCCC(C)=O
3973,4389,CCC=CC=CCCCCC=NCN=C=C(CC)C=C=C
3974,4390,CCOS1NS=SCCN=CC=CC#C1
3975,4391,C=CCOCCC(C)C=C=CCCCCl
3976,4392,C(C)=C(C)CCC(C=CCl)NCC=C
3977,4393,ON(C)C(C)NCC1CC=C=C=C1C=C
3978,4394,OC=CCCC=C=O
3979,4395,S(C)C(C)I
3980,4396,C(C)(C)=C(C)C=C(C)CCl
3981,4397,CCOC1C=NC=C1C=C
3982,4398,C(C)=C=O
3983,4400,CCC=CCCNCCCCC=C
3984,4401,CC(C1)=C1CCN(N=CC=N)CO
3985,4402,C=CC1(C)CNO1
3986,4403,CSCC=C=CCOCOC=O
3987,4404,CC=CC1C(NCCCl)CO1
3988,4405,CCNC=CSCCC=O
3989,4406,NC(=C)C(C=CC)=COC1C(O)CNC1C=N
3990,4407,O=CCC=CCC(C=O)=O
3991,4408,CCC(S)=CCNONCCCC=O
3992,4409,O=CC=CC(C)=CCC(C1)CC1
3993,4411,COCC(=C)CC=O
3994,4412,C(N)C(C)C=C1CC=NCC[NH1]C1=N
3995,4413,NCC1C2CC[NH1]C1C=CCOC=C2
3996,4415,C1CCC(CC=O)OC=C1C
3997,4416,CC=NC=C1OCCOC1CNC=O
3998,4417,C#CNCCCCCCCC=CC=C=O
3999,4418,OOCOCCC(C)=O
4000,4419,C=CCCCCC=CC=CCC1CC1O
4001,4420,CCC(C)C(=O)OC=O
4002,4421,CC(CCC=O)CC=CC=C
4003,4422,C=CCCOC=C1C=CNC=CC=CCCC#CCC1
4004,4423,COC=C=C(OC(C1)C1=CCl)F
4005,4424,C1C=CC2(C#CN(C)C2)C=CC1
4006,4425,NCCCC=NCC1=CC1S
4007,4426,NC(N)COOCCl
4008,4428,NOCC=CCC(=O)CCC=C(C)CCCC=C
4009,4429,C=C(Cl)CC=O
4010,4430,COC(N)C#CC=O
4011,4431,CCCCCNC=C=C=C(C)C=O
4012,4432,C=C=CCCCCCCC(C)=C=O
4013,4433,C1=C(C=CCC)CCCNC1
4014,4434,C=NCC(C)C[NH1]CC=CS(N)CC
4015,4435,O1CCOC1OC=S
4016,4436,O=C=C(C1)OCC=C(C)CNS1(C)=N
4017,4437,C1N(C)C=C1I
4018,4438,CC=NN(N)CNCCCSC=O
4019,4439,NCCNCC1CC1
4020,4440,CCNCCSC=O
4021,4442,C=C1CCCC1=CCCCCCC=C
4022,4443,O=NOF
4023,4444,CCOC(C)=O
4024,4446,C1CC2NC=CC1C=C2
4025,4447,O(C)CC=O
4026,4448,C=NCCC=C=CC=CCCNC=O
4027,4449,CC=CC=CC=CC(C)CC=O
4028,4450,C1NC=C1Br
4029,4452,C=CCCC
4030,4453,CCNCCC=C(N)C=O
4031,4454,N=CCC(C)=CCCCC=COCC=NNO
4032,4455,CC#CO
4033,4456,N1C=CCCC=CCSC=C1
4034,4457,C=NCC=CONC=NCPCCCS=C
4035,4458,C=CCCN=O
4036,4459,CNCC1CNCCCC1
4037,4460,C1(=C(O)N=C=C1C)C
4038,4461,OCOC=CSBr
4039,4462,CCOC=C=C=O
4040,4463,C=CC=CNCC=CCC=CO
4041,4464,CCCOC(C)CCOCF
4042,4465,NC=CCCCl
4043,4466,N1C=CCCC=COC1N(O)Br
4044,4467,CC1CC=CCCC=CCC=CC=C1O
4045,4468,CCOCCl
4046,4469,CC=NCCOCCCCCC=NCCl
4047,4470,OCCNCCCON=NNNN=N
4048,4471,COCCCCCCCOC
4049,4472,OCC(C)CSCC(C)CC(C)C=O
4050,4473,CCC(S)CCC=CCC=CC(C)ONOSCCCCNO
4051,4474,OCCCCCF
4052,4475,OC1CCC(COCCCN=[SH1]CC1CN2)C2
4053,4476,C1CCCC1COCS
4054,4478,CC=CCNN=CCN1CC1NC=O
4055,4479,C=C1CCONC=CCC=CC1=NO
4056,4480,C1=C(C)C1C=O
4057,4481,CNNC(=C)CCCCl
4058,4482,O=NCBr
4059,4483,OCOCOCOCC=CC#CN=C
4060,4484,C1C=C1C(C)[NH1]C=CC=C
4061,4486,CCC=CCl
4062,4487,COC(C)(OOC=O)N=NC=N
4063,4488,ICN=C1COCCC1N
4064,4489,C(C)CCSCOC=C(O)NCCSF
4065,4490,CCCOCCl
4066,4491,OC=C=CCCC=CCC=O
4067,4492,C(CC=CC=O)NC=C1CNC=NC1
4068,4493,CCCCCCSC=O
4069,4494,C1#CCCCC1(C)C=O
4070,4495,CC1CN=CC=C1C(C)ONOCCC=O
4071,4496,C1N=CCCC=C=CC#CC1
4072,4498,NOCOOC1=C(C)C=CN=CC1C=C
4073,4499,NC=CCCCOC1=CO1
4074,4500,CCCNCCCC=O
4075,4501,C1CCCCC(N)C=CC=C1
4076,4502,C(=C)=CCC=CC(C)=NOCC=O
4077,4504,CCCNCl
4078,4505,CC#CCSCCCCC=CO
4079,4506,CC(C1)C1NC=NCN
4080,4507,NCS=NONC=CCC=C
4081,4508,NC=C(C)CCC=CCC=O
4082,4509,C(C)=NCl
4083,4510,CN=C=C
4084,4511,ClCC1CC(C)C1C
4085,4512,C(C)(C=CC1C=C)C=C=C1N=CO
4086,4513,C1C=CCC=C1CC=CC(=O)C=C=S
4087,4514,CCOCC=CC
4088,4515,CC=NCCNC(C)OO
4089,4516,O=NOOCl
4090,4517,O=SC[NH1]C(C)C
4091,4519,CCC=CCC=CCNC(C)C=CO
4092,4520,C(C)N1CCC#CN1
4093,4521,CCC(C)C=C(C)SC=C=C
4094,4522,C1=C(OC2(C)CC1)C=CNCNCC2
4095,4523,CONCOC(C)(O)C=CC=NCCCC
4096,4524,COCCN=CC=C(C)C(C)OF
4097,4526,CSOCC=CCCC=O
4098,4527,C12CN(C)C1(O)C=N[NH1]2
4099,4528,CCCCCCCCCC=C=CN=C
4100,4529,O(C)CC1=NC(CC=CNN1N)=C=C
4101,4530,CNN=C(CC=CCCC(=CN)NCC)NC=O
4102,4531,COC(C=CC=C=C=O)OC
4103,4532,CC=NOCCCC1CC1Cl
4104,4533,CC(C=C)C=CCC[NH1]C=C
4105,4534,ClONCCl
4106,4535,CC=CCC=CCCOC(C)=C
4107,4536,CCCCSC=C=[SH1]=NNC=COCCC=C
4108,4537,CN(C)CN(O)CCl
4109,4539,C1ON=C(C)NCC=C(O)CCO1
4110,4541,C1=CC(C)CN1O
4111,4542,NC=CC
4112,4543,C1=CC(O2)C1(CN)OOCC2Cl
4113,4544,CC1OOCCC1=O
4114,4545,CC=NC=CCF
4115,4546,CCC#CC(S)C=C=O
4116,4547,CC=CCC1=C=S1O
4117,4548,CNOC=C=O
4118,4549,C1C=CCC=C1COC(C)Cl
4119,4550,COCNC=NC=CCF
4120,4551,NCCCCSCOCC=C
4121,4552,O=CC=CN(CC=CC=CONO)COO
4122,4553,C=CC(C)(C)CCBr
4123,4554,CCCOCCCC(O)CC#CC
4124,4555,COCNCCOC=C=C
4125,4556,COC(I)=CS=CC=C=NC=C=O
4126,4557,CCC=CCC=CC(CNC=C)CCl
4127,4559,CCC(C)CC=O
4128,4560,N1C=CC=C(CCC1=2)N=2
4129,4561,CNN=O
4130,4562,CC=C=C(OCCNC1)S1
4131,4563,COCC=C1C=CCC=NC=C1OON
4132,4564,NCCC=NCC=CC=S=C(C1CC1)N
4133,4565,OCCCCC(CCC)=NNC=C
4134,4566,CCCC(CNC=C)N=O
4135,4568,C1CC(C)C=C1C
4136,4569,OOC(C)OCCl
4137,4570,CN=CCC=O
4138,4571,CC(C=O)=O
4139,4572,CCSCSCCNCCC(Cl)=C
4140,4573,CNC=CC=C(C)OC=O
4141,4574,CC=NNCC=CN=C[NH1]CCC=CC
4142,4576,C1C(N)NO1
4143,4577,CC(N=O)CCCNN1CCC=CNOC=C1
4144,4578,CSNC=CCNC=C=SCNC=CN=COC=C
4145,4579,CCCC=CN=CC#C
4146,4580,C1=C=C1
4147,4581,C1C(C)=CC=SCOON1Br
4148,4582,CC(OCCC=NC=O)CCCO
4149,4583,CCC(C)CC=NONC=C=O
4150,4585,CCCCC=CC=C(C)C=CC=O
4151,4586,NCCCCCBr
4152,4587,NNCC(C)C=CCC(N1)C1
4153,4588,C=CC(C)N=CC(C)=CC=CCOCC
4154,4589,CCCNC=COCN=C(C)CS=C=O
4155,4591,O1NCCN(C)N1N
4156,4592,C1=CC=CNCN(C)N=C=C[NH1]1
4157,4593,CCOCCC(O)N1C=C1OO
4158,4594,CCOC=CN=CC
4159,4595,C1CC=C2NC=C(C=C2)C=CC1
4160,4597,OONC=C=O
4161,4598,O1CCC=CCC1C
4162,4599,N1C2=CC=CCCC12N
4163,4600,CCC(CCCC)CC(C)CCC=CCl
4164,4601,NC(C)N=O
4165,4603,CC=CCCSC
4166,4604,CC=CC1=CC=CC=C1CC(C)C
4167,4605,C=C(N(C)CCCCC)CCCl
4168,4606,CCC=S(CNNC=CC=CC=N)C(CC)CCF
4169,4608,C12N=CN=CC=CC1(F)N2
4170,4609,COC(C=CSC)=O
4171,4610,CC=CC=CCCCF
4172,4611,CCCCCCCC=COCCCCCS=1NC=1
4173,4612,C=CONCCC=CC(C)CN
4174,4613,CNNCC(C)(C)C=O
4175,4615,C=CCN=CCCCNC(C)=NN
4176,4616,NCOC=O
4177,4618,CCNC=NC1(C)C=CCC1
4178,4619,OCOCCNCC(N)=C(CCC[NH1])N
4179,4620,CC=CI
4180,4621,CCC(C)NCCS(N)CNC=CBr
4181,4622,C=C=C1C=CC=CCNCOC=CC#C1
4182,4623,OCC#CCN=O
4183,4624,O=CNCCCCC=CON
4184,4625,N1=CCC(Cl)CCCCC1
4185,4626,CCCCNCNCC=SOOO
4186,4627,C(C)=CC(=C)C=COC=O
4187,4628,C(=N)C=CC=CCCCOC=C=C
4188,4629,OCC=CCNC=O
4189,4630,OCOOC=CCCC=C
4190,4631,CCNONCC=O
4191,4632,CC1=CCC(O)OCCCC2C=C12
4192,4633,COC=CC1C=CCC=C=C1C(C)C(C)CC=CCC
4193,4634,NC(C)CC#CCCC=CBr
4194,4636,CC(Br)CCC(N)(CO)N=O
4195,4637,CNCCC(C)C(C)CCl
4196,4638,CCC=C(C(C)C)CC=CCC(C)N=C
4197,4639,NCCN1C=C(C)C1CCCC
4198,4640,O1CC=CCN1C2=NC2NCN3CN3
4199,4641,CNC=CC=CCC=O
4200,4642,COCC(C=C)[SH1]CCC=S
4201,4643,CCOC=CCCl
4202,4644,CC(C)C=CC=CCC=CCCCl
4203,4646,CCCCCCC(C)=C
4204,4647,C1=C=SC=CCC(C)C=C1C=O
4205,4648,CNCCOCCOC=C
4206,4649,OF
4207,4650,CCC#CC=NCC
4208,4651,C=CC=C(C)C(C)C[NH1]C
4209,4652,C=CCCCCCCCONC
4210,4653,CCC(NCC=C)CCCCC#CCC
4211,4654,CC=CCC=C=CC
4212,4655,COCC=C(C)F
4213,4656,[NH1]=COCC=C=NOSC(C=NC)=C=CCC=COOO
4214,4657,C=CCOSCONNOC=NCC=O
4215,4658,CCCC=C=CC=C=N
4216,4660,CC=CC1CC=CCCSCONC1=C
4217,4662,C1CC=C1COCC2=C=C2C
4218,4664,OCC(C)C=CCNCl
4219,4665,CCN=NCCC1C2(C=CCOC)NC12C
4220,4666,COCCC(C=COS)C(C)CCOC=O
4221,4667,C=CCCOC=O
4222,4668,OC(C)CN(C)S(C)C=C(C)O
4223,4669,ONCC=CSC=C=C=C
4224,4670,CC(C)=CC=CCNCN(C)C=O
4225,4671,OC=NC=C=CCOC=C=C=CC#CC
4226,4673,CCCC=CC=CCBr
4227,4674,C=C(C)CN(C)C(O)C=O
4228,4675,CCC(C)NC(=C)C=CCCCNOC
4229,4676,C(OBr)N
4230,4677,O=CCNCNCCC=C(CC=C)NC=CN=O
4231,4678,N=CCCC1(C)CC=C=NCCN=C1
4232,4679,O1CNC=C=COC1(CC(CSO)CN)CC
4233,4680,CNC=NC=CC=C=CNCCCC#C
4234,4681,N=C(C)CCCC=C(C)NC=CO
4235,4682,ONCNOC=CSCCCCCC=C
4236,4683,CC=CC=CC(=C)C=CCNCC=C(C)C=C
4237,4684,CCCC=CNNC=CC=CCC=C=NCl
4238,4685,OCCOC(C)CN(N=1)C=1
4239,4686,C=C1C(C)CC1CNCl
4240,4688,CCC(CCCC)CC=O
4241,4689,CC#CCCCCC=N
4242,4690,NNC=C
4243,4691,CC=C(C1)C=CCN=NC1O
4244,4692,CCCCC(C)NC#C
4245,4693,C1=C=C(C)CCCO1
4246,4694,NNCCCCC=CC[NH1]CC=O
4247,4695,N1C2(CCC=C)C=C21
4248,4696,COCCCOC=CC=CC
4249,4697,NC(N1)CNCC1=O
4250,4698,NCCCC(C)CC1=CCCC=C1O
4251,4699,CC(CCCCCCC=NC=C1C2)C=C=C1N2
4252,4700,CCC#CCNC#C
4253,4701,C1CCCC=C1O
4254,4702,C[NH1]CC(I)CCCC=NC=C(C)CON
4255,4703,O=C=CCC1C(C)OC1CONC=N
4256,4704,C1NC(O)CC1CCCCCO
4257,4705,CC=CNN=CC#CCCC=NCC(N)C
4258,4706,CCCC=NC1=NC=C1
4259,4707,NCN=CN1C=CS(C)C=CCOCC=C1
4260,4708,P=C1CC=COC=CC=NN=C1CCN
4261,4710,COCOCCl
4262,4712,C#CC(N)C(C)=CCCCCC=CC
4263,4713,ONCCC=CC=O
4264,4714,CCC(C)(C=NCCNC=CCC)S
4265,4715,C1C(N)C1
4266,4716,C=CCC=NCS=C=O
4267,4718,CCCNCC
4268,4719,CCCC1CC(C=C2)C12CF
4269,4720,CC1(C)NCC(C)CN=C1
4270,4721,N=NC=CC=NC=O
4271,4722,CCN=CCC=C=C(C1=CC=O)CCC=C=CNCC1=CBr
4272,4723,BrCNCOCNOC=C=O
4273,4724,S1CONC=NC1=O
4274,4725,CC=CN1OC(C)C1C=O
4275,4726,CCCC=CCCl
4276,4727,CCCCNCC(CCC=O)CNC
4277,4728,C1C(NC=CC)=C(C)C=C1C
4278,4729,CC(N)NCCCCCPCNNC
4279,4731,CC=NC=C=O
4280,4732,OCC=1ON=1
4281,4733,OCC=1SC=1
4282,4734,N1CCC=CC1C=NNC
4283,4736,OCNC=CC=C=C=O
4284,4737,O(C)C#CCC1=CN1ON
4285,4738,FCOC=O
4286,4739,OCC=NCOOC=C
4287,4740,C12(C)CCC1C(C)(C)CC=C2C=C
4288,4741,O=C(C)N(C)CC=O
4289,4742,CNC=CN(C)CC=CC=O
4290,4744,N(=N1)C(CN=C=C)C=C=CCO1
4291,4745,CC(C)SCCCC=CONCC=C
4292,4746,NCC=CCCOCCC=CC=O
4293,4747,OCC(S)C=O
4294,4748,C=CCCC=CCCCC=C
4295,4749,O=CC(C=CO)=CCl
4296,4750,NC(C)(C)SCN=C=C
4297,4751,N1C(O)C(=C=O)NP=C1
4298,4752,CC(CCl)(C)COCC=C=C
4299,4754,OCN=CCC=CC=CCC=CCC=CCCC(C=C1C=C1)ON
4300,4755,C=CC(C)CC=NC(C1)=C1
4301,4756,CCOO
4302,4758,C1=2C(C)CC=CCC1OOC=C=2
4303,4759,O1CC1=CC=CNCCC=C=O
4304,4761,NCC(C)C1=COCN=CCC=C1
4305,4762,CNC(C)CC(CCONO)NN
4306,4764,NCCCCC=CSCCC1C=C1
4307,4765,FOC=O
4308,4766,C(C#CC(C)CCC=C)C=O
4309,4767,NCCCCNSC=COC=C=CCCCNC
4310,4768,C(CSCCC=CF)=O
4311,4769,C(C)ONOCSCNC=CCCCC
4312,4771,OC=CCNC=O
4313,4772,CC=CCCON=CC(C)NCOS
4314,4773,N12CCC(=C)SN1C2C
4315,4774,CCC1=NC(SC)CNC=CC12C=C2
4316,4775,N1=CC=C(O)C=CCC2C=C1C=C=N2
4317,4776,OCCCC=CCC=CCCC=CC1=C=C1N
4318,4777,CC=CCCNC(C)CNCCC1=C=CCOC=C1OC
4319,4778,COOC1=CCSC1(C#CCC2)C=C2
4320,4779,C=CC(O)CN=O
4321,4780,COCOCC(O)C=CC=O
4322,4781,NCCCC
4323,4782,C=C=CC=COC1=C=C1
4324,4783,CCC=NCC(C)=CC=O
4325,4784,NC=C(N)F
4326,4785,C(C=NOCOC(C1)C)=C1
4327,4786,O=CCOOCNC(C=CC=C)OCCCO
4328,4788,CCC(C)C=NCC=O
4329,4789,COCC(C)C=CC=CCCC=C
4330,4791,CNCCCNCC=NCCCC=C
4331,4792,OCCCC(CCNC1)C1
4332,4793,NCC(C)CSCCC=CCC=C=O
4333,4794,CC1C=CC2=CC1CN2
4334,4796,CC=CC=C(C=CC(C)CN)C=CNC(C1)CO1
4335,4798,CCCCCCN=O
4336,4799,NCOC=CCF
4337,4800,NOC(COC=O)CC=C[NH1]SCN
4338,4801,CCOCOCCl
4339,4802,C1N=C2C=NCNC2NC1C(O)C=S
4340,4803,C=COC=CN(C)NOCC=CCOOC
4341,4804,C=CC(C=NC1C)=C(ON)CC1NC#CC
4342,4805,CC=NN=CONCC=CC(C)CC=CCO
4343,4806,CCCCSCCCl
4344,4807,CS=CCONCSNC=C
4345,4808,C1N=CCC(O)C=CCSOCC1
4346,4809,CCCC(NC=CC=O)[NH1]C=CC=CN=CC=CN
4347,4810,CCCC(C)CBr
4348,4811,C1CCC=CC(CC(C=NO)C=C)CC1(CO)O
4349,4812,C=CCCCCC1OC#COC1O
4350,4813,NC=CNC=O
4351,4814,CC=CCC=CNCC1NC1
4352,4815,CC=C=CCC(=C)CCl
4353,4816,CCC=C=CC1NC2CCC(C)CC2(C)N1
4354,4818,NNC=SNOC=CC=CCOC=CC(C)C=C=C
4355,4819,CNC=NCCC=NC=CC=C
4356,4820,CNC=NC(O)NCOCN=C
4357,4821,C(C)=C(N)C=C1CNCC(C12)N2
4358,4822,S1CCCC=CC=C1C
4359,4823,OC1CCNCOC=C(C)CCCC1I
4360,4824,CCOCNC=CSCC=CCN1CC1
4361,4826,CCCCC1C(C)=C2C=C21
4362,4827,NCCC=C=C(C)CCCC=C=CN=O
4363,4828,OCNCCC(C)CC=O
4364,4829,C1NNC=CC#CC1
4365,4830,CCC(O)C#COC(COCO)C=C(C=CCC)C=O
4366,4831,O1C(C=CC1)(C2C=C2C)C
4367,4832,OC=C1C=CC=C1C
4368,4833,NC(C)COCCCCC=CC
4369,4834,OOC=CCC=CCNCOCCOO
4370,4835,OCCC=C(C1)CNCCCC(C)CO1
4371,4836,C1CC2=NOC=C1COC=CC(O)=C2CN
4372,4837,CC1CCC(C)NC=CCO1
4373,4838,CCC(N)([NH1])CC=O
4374,4839,C=CC=CCC=C(CCC)CC=CC=CCCC
4375,4840,CC=CC1=CCCCOC1
4376,4841,SCC(N)CCC=C
4377,4842,C=CC=CCCCCC(O)C=O
4378,4843,NC1C=CN(C)C1NCC=CCCl
4379,4844,COCC=CC(C)C(N1C)C1
4380,4845,CNC=NC(C)=CCCC1NC=CNC1N(C)F
4381,4846,O=CCNON
4382,4847,[NH1](CCC=C(C)CCNC)NC=CON(C)CCCCN=S
4383,4848,CNCC=CCCCCC(C)F
4384,4849,NNC1C(O)=C(O)C1=O
4385,4851,NCC1C=CCOCN(NC)C=CC1=C
4386,4852,O1CC(C)=CP1=CCCl
4387,4853,NCC(C=CCC)=O
4388,4854,CCCC#CC=CC(C)CCC=CCOPC=C
4389,4856,CCOCNC=NCCCC=C=C
4390,4857,N=NCCC=C=O
4391,4858,CCNOCCC=CCCNC=CC=NC=C
4392,4859,C1=CCCC=C(N)C1CC=C
4393,4861,CCC(C)C
4394,4862,C1CCOCCCCOC2=C1O2
4395,4863,CC1=CC(CCOOOC)OC(=C)C1
4396,4864,N(CC=CC1CNC)CCC[NH1]C=CC1
4397,4867,COCNNCC=CCOC=CCC#C
4398,4868,C1CC=CCNCNC1
4399,4869,C=CCCC(C)C=CC=COCF
4400,4871,OCNCC=CCOSF
4401,4872,O(CC#N)CCN=O
4402,4873,NCC=NCOC=C=CC=CCCC=C
4403,4874,OCNC=CON1C=CCC1C=CC=C
4404,4875,N1=CCN(CC)OCCO1
4405,4876,CNCC=CCNCCC=C=S
4406,4877,CCC(C)CCNC=SCCCl
4407,4878,O=CC=COC=CCCO
4408,4879,CCC1OCC(CCl)PCNC1
4409,4880,O=CCCOCCC
4410,4882,C1C=CCC=CCC1(C)CCCNC=CN
4411,4883,O=CCCCCCC=O
4412,4884,N1CC=C2CC21O
4413,4885,N=C(C)C(N(C)CC#CCC1)O1
4414,4886,NC(C)CC=C(N)CO
4415,4887,CN(C(N)C)CC=CCC=O
4416,4888,C[SH1]CCSC(C)[NH1]C=C(OC)CCl
4417,4889,C1(NNNOC1CC=NNC=CC)F
4418,4890,C(N1)C(C)CC1=NNN(C)F
4419,4891,C1(C)CCC(C1=O)CC=CC=C=C=CC
4420,4892,CC=COCCNCC=C
4421,4893,CCC=CCC(=C)C=O
4422,4896,CC(N)(CC=COC=CC=CF)S
4423,4897,C=CCOCN=O
4424,4898,C1N(N)C1N
4425,4899,NOC(C)CN
4426,4900,C#CC=C[NH1]CF
4427,4901,CCCC=CC=C(C)CC=O
4428,4902,C(=C)COCC=CC(=C)C=COO
4429,4904,NOC=CC=CCC(COC)CCl
4430,4906,NN=CCCCON(C)Cl
4431,4907,CNC=CC(C=C1C)=C1O
4432,4908,CCCOC(O)CCCC(N)CCN=C
4433,4909,C=C[NH1]CCC=O
4434,4910,CC(O)C=CC=O
4435,4911,CCCCC1=C=NCOCCCCCC=N1
4436,4912,C=CC(C)CNOC1CC=C(C)N1CCOC
4437,4913,N1C(N)NC=C(C2C1(C)CC2=O)CC=CC#C
4438,4914,OC=COCCN=O
4439,4915,NC=S1CNC=C(C)SC=CC=C1
4440,4916,C1=CC=CC=C2N=CC=C1C2S
4441,4917,CC=CNCC1CC=NC=C1
4442,4918,C=C=NOCC=C=CC=O
4443,4919,CC=CC=CC=COC1C=S1
4444,4920,C=CC=CCCC[NH1]C=N
4445,4922,C1OC=CC(C2=CCCO)C2=CN1
4446,4923,OCN(C)CC=NC=O
4447,4924,OCCC(O)C=O
4448,4925,CCCCCC(C)CCC(C1)N1NOC=NNCl
4449,4926,NC=COC=O
4450,4927,OCC=CN1CC1C
4451,4928,N1C=C(N)C=C=N1
4452,4929,CCC(C=O)COBr
4453,4930,CCC=C=C(C)CCCC
4454,4931,COC1=C(C)C(C)C1=C=C
4455,4932,CCCC(C)(CSCOCC1C=C(C)C)C1=O
4456,4933,C12CCSN1CC=CC=C2
4457,4934,CC(C)C1NCCCOC=CC(N)N(C)C1
4458,4935,OCON=C=CCC=O
4459,4936,OC=C(CC=O)OC1CS=NCCCC#CCCC1
4460,4937,OCCC=C(C)CCOC=C
4461,4938,O=CCCCCl
4462,4939,CC=CC=CCCC(C)C1CC1O
4463,4941,NON=O
4464,4942,CC=CSC(=C)C=CS=[NH1]
4465,4943,CN=NCN(C)C=CCC
4466,4944,COC(C)C(=C)CC#CSC
4467,4945,C1CCCCC1CCl
4468,4946,O1CCOC1=O
4469,4949,C1CCNCCCC1CS=O
4470,4950,C=C=CCC=C
4471,4951,CCOC(CC=C=CC)CCl
4472,4952,CCCCCCC=C
4473,4955,CCC(C)CC1NCCN=C1N
4474,4956,CC=NC=CCSC1COC=CN1OCF
4475,4957,CNCNNCNC=O
4476,4958,C=NCCC=C(C)CCCC=CCl
4477,4960,CONCOC1(OC=CC)OC=CC(N)C1
4478,4961,C=CC=NCC=C(CCC#C)O[NH1]
4479,4962,OC=C=CCCCCNC=CC1[NH1]O1
4480,4963,CS=CCC=COS(=C)=CC=NC=CO
4481,4965,CNC=CCNCNCCC(NC)NC(C)C=C=C
4482,4966,CC12NCC(O)CN(C)C1C2
4483,4967,CCC=NCCC=CCCl
4484,4968,CCCC=CC=CCNN
4485,4969,CCOCNC(C)NCCC(N=C(C)C=C=CBr)CN
4486,4970,OCCOSC=C(C)CCC=COC=O
4487,4971,OC=C=CSCNC=CC
4488,4973,C=CCONC=C(C)C(C)=O
4489,4974,C=C=CC=C=O
4490,4975,CNCNNC(C)=C1CCCC1OCF
4491,4976,N1OCCOC2C1C2
4492,4977,C(N)(C)=CC1OC1
4493,4978,C(CC1=C)CCCC1NN
4494,4979,C=C(C)C=CCC=CCCNCC=O
4495,4980,OCC(CNC(C)CCC)CC=O
4496,4981,CONCCSSC=C(C)CCC#C
4497,4982,OC(CCCO)CC(=O)CO
4498,4983,O1CCCC=CC(C)COC1ON
4499,4984,N[SH1](C)C(=C)C=CC=CCS=O
4500,4985,N=CCCC=CC=O
4501,4986,SCCCNCNON(C(C)C=CC=CCN1)C1
4502,4988,CCOC=CNN=CC=CC(N)C=C
4503,4989,COCCCCCNS(C=O)O
4504,4990,CC=CC(C)CCCCOC(N)=NCCO
4505,4991,COC(S)C=CCO[NH1]C=O
4506,4992,O1CC=C(C2)C21
4507,4993,OCCCCC
4508,4994,CC=CCCC(C)CC=CC1C=C1N
4509,4995,NCCCOC(C)=C=COC=NCOCCl
4510,4996,OC=CNC(C)CCC1CC1
4511,4997,CCCNCC(C(C)C(=C)CC)CCOOC
4512,4998,C=C=CC=C1COOC=S1NCCO[NH1]
4513,5000,CNC(C=CCCCCCC=CN)=NS
4514,5002,OOCC=CCCC(C1)(C)C1
4515,5003,C=C=CNC=CCCC=CCCOCF
4516,5004,OCCCNC=CCNC=NCCN(C=C)CC=O
4517,5005,CNC=C=C=CCCC=NCCO
4518,5006,N(CN1CC)CCNCCCO1
4519,5007,CCOCCNC=O
4520,5008,CNC(N)OCC=O
4521,5009,CCCC(C)CCCCC=CN
4522,5010,CCCOCC=CSC=CSF
4523,5011,C1=CC=C=C1C=CC=NC=NO
4524,5012,NCC(C1)C12SCCCC2C=C
4525,5013,COC=C=CCCl
4526,5014,C=CCC=CCCCCCOC=C
4527,5015,N(O)CCCCC=CC(C1)O1
4528,5016,CC=CC=CC
4529,5017,CCCCCC(C(S)CSCl)O
4530,5018,CCC1(C)CCCSNC1C=C=O
4531,5019,C1CC(C2)COCC1N2COCC
4532,5020,C1(OC=CC)CC=C2CC2SCC=C1CO
4533,5021,O(O)CC=CC=O
4534,5022,O=CCCN(C)C=NCCC=C
4535,5024,NNCC=C=NOC=CCCC=O
4536,5025,OCC=CONCCOCl
4537,5026,N=C(C)C=CCCF
4538,5028,CNC=C(C(=C)C(C)C)C(O)OC=C
4539,5029,N=CCCC(O1)C1
4540,5030,C(CCN=C)CC=O
4541,5031,N1C2CC#CC=CNC21
4542,5032,C=C=C1OOCCOCN=C(O)N1
4543,5033,C=CCNCC(=C)CCCCC=C=CO
4544,5035,NCC(C)COOC=CCOS=C
4545,5036,CCCCCCCC=C(C=O)N
4546,5037,CCC(=O)C=CCl
4547,5038,CCCCC(CF)=O
4548,5039,C=CC=CNNC=O
4549,5040,COCOOOC(O)C#N
4550,5041,CCCCNC(O)(C=CCC)CC=CC1CCCC=N1
4551,5042,COCC(N1)C(C)=NCC(C)CCC=C1
4552,5043,NOC=NOC=O
4553,5044,CCCCC1CCCC=C1
4554,5045,CC=CCN=C=C=NC=COC#C
4555,5046,C=C=CC=CC=CCCCl
4556,5047,C=CSC=O
4557,5048,NC=CN=CCCONC=CCC=O
4558,5049,CCC(N)CCN(O)N
4559,5050,CCCNC=CC=C=O
4560,5051,C1OCNOCC=CC1OO
4561,5052,C1=CCC1CCCC=CC#C
4562,5053,C=NC=C(NC=CC)N=CCCCNOC
4563,5054,CC=NCCC=C(C)OCCC#CC=C
4564,5055,OC1CC=COCC#C1
4565,5056,OCCC=CCNC(C=CC1C=O)=CCNC1
4566,5057,N(N)C([PH1]C1C=NCN1CCC=C)CON
4567,5058,OON=SC(O)C1[NH1]C=C(C1)C
4568,5059,CC=NCCCCC=NCC
4569,5061,C=C(C=CC=CC=COCCCCC=O)OC=C
4570,5062,CC1CCCC=CCCCC#CC1S
4571,5063,C1=CC2PS1(NC=C=C)C=CC(C)=C2
4572,5064,CCCCC(CO)=C(C)C(C)CC=C1C=C1S
4573,5065,CCC(C=CC=C=C)C=CC=C=S(C)NF
4574,5067,OC=CC=CCSC1N=N1
4575,5068,C=C=C=C(O)OCC
4576,5069,CCCC(C)CCF
4577,5070,C1C=CC=CCNC(C)CC1
4578,5071,C1C=C=CCCCCC1=NOCl
4579,5072,NNCCOC(O)CC1C(O)OCC=N1
4580,5073,OCCNC=CC(C)OC
4581,5075,CNCC(C)(C1)C1CCC
4582,5076,CCC#CCCCONC=C=C
4583,5077,CNOCC(C)=O
4584,5078,OCCC=CCSC(=CCC=O)I
4585,5079,NNCC(C)CCNC
4586,5080,CCC=CC=CCC=NC1(CC)CC=C1
4587,5081,NN(C)CCC=COONCN=C
4588,5082,C=C(C)CNCCC=C=NCNCCCN=C
4589,5083,CSCC1=C2C=CC=C12
4590,5085,O=C=O
4591,5086,CCCNCNCCC=CC=O
4592,5087,C1C=CCC1C=C=S=N
4593,5088,O1CNCN=CCCNC1
4594,5089,C=CPCC=SN
4595,5090,CC=C=NOCCCNCCC=CC=C
4596,5091,NC(C)(C)CC=CCN=O
4597,5092,CC[NH1]OCCCCCCl
4598,5093,O1NC(C)C=CC(C1O)F
4599,5096,NC=CN=CC1C(C)(N)C1O
4600,5097,CCCCCCC=CC=CC=C=C1C#C1
4601,5098,CCCN(N)C
4602,5099,FC(=N)CN=CCC=O
4603,5101,OOC=COC=P(CC=CC=CCCl)O
4604,5102,C=CCC=C=CC=CC(C)C=NC#CC
4605,5103,CCCC=CNC(C)CCC1CC1
4606,5104,CCCCCC1(C)C(C)=C1C(O2)C2C
4607,5105,C1C=CCCC=C1
4608,5106,C1CC=CC(C=C1)COCC=O
4609,5107,C=C1NCCC1(C)C
4610,5109,OC=CC(CCCC=CCN=O)CC=C=O
4611,5110,OCN=CC(=C1)C1=N
4612,5111,CS(C)CCC#N
4613,5112,O=C(C=CC(O)C(C)CO)C=CCCOCC=C=C
4614,5114,O(C)C(C)CCC=CO
4615,5115,CCC=C=CSCC=NC=O
4616,5116,OCNCNC=O
4617,5117,CCNCONC#CCC=CNS=C=CCOC=CCC=O
4618,5118,C1NCC1OS=CC=CC=CCCC=C=CO
4619,5119,CNCC=CCC=CC1C=C1
4620,5120,CC=C=CCC=O
4621,5121,CCC=CC1C=C1
4622,5123,N=NCCC=NC=CN=CNBr
4623,5124,CCCOC=O
4624,5125,CCCCCCN=C
4625,5126,CC=C=C(COC=C=O)C=CN
4626,5127,C=CC(C)NC=C=O
4627,5128,O1C(C)CCCNC1C=C
4628,5129,CNC(C)CCCCC
4629,5130,C1OC1CN=C(C)C=C(C)CCNNC=C
4630,5131,C#CCN1CC12OC2N
4631,5132,CCC=C=CI
4632,5133,COS=C(C)CCCNC
4633,5134,C(N)CCCC=C=C=C
4634,5135,CCC=C1C=CCCCCC#C1
4635,5136,CCCC=C1C=CCCC1=C
4636,5137,P1CCC(C=CC1CN)CC=C
4637,5138,CC#CCC=CCCC=CCCNC=O
4638,5139,CC=NCOC=CC1=CN=CC=C1OCl
4639,5141,C=1(O)C=CC(C)CC=1C=CNN=CC=C
4640,5142,OC=CNC=CCCC1CNOC#C1
4641,5143,ONC=CCC=O
4642,5145,NC=CC=CCC=C=CC=CNC=CCNOO
4643,5146,CC=SCCC=O
4644,5147,O=CC(C)(C1=CCCCOCC=C)CC1NN
4645,5148,C(C)=CCN=CC=C=C=N
4646,5149,C=CC=N[NH1]C1CCC(C)CC1CCC
4647,5152,CNOOCOCCCN=CNCCC=COC=CC=CC
4648,5153,CCC(C)C(C)C=C=O
4649,5154,C=NCCCNC=CCNNOC=O
4650,5155,O1CCCN(C)C1=NC
4651,5156,CCN=C(C)C=CC=CCONF
4652,5157,C12CNCCOCC1(C3)C23C
4653,5158,CCC=NC(C)C=CCNC=C=O
4654,5159,NOC=CC=O
4655,5160,N12C=CC3(C)C1CNC3=C2
4656,5161,CCC=CCCN(C=CC)OC=CC#CCCOO
4657,5162,CC(N=1)C=1NCOCC=O
4658,5163,OCC(=C)NC=O
4659,5164,C(OCC)=CCCl
4660,5165,CC(C)CCC=CC1CC1=O
4661,5166,NCC#CC
4662,5167,OCCOCCOC(O)C1CC2CCC1OCC2
4663,5168,C1=C(C=CCC2)C21Cl
4664,5170,CC=COC=O
4665,5171,BrC1CCCCCCCCCNCN1
4666,5172,CCCC=C=C(C)CC=C
4667,5173,O=CCCCCNC=O
4668,5174,C1=CC=CCC=C(CSCC)C=C1
4669,5175,CC=CC(C)OCCCCCC
4670,5176,C(C)#CC(N)CNCCOC=CC=C
4671,5178,CN=CC(C)COCN1CNCC1
4672,5179,NNCC(CNS#C)Cl
4673,5181,CC=C=NCCNCC=CCC=NC=O
4674,5182,[NH1]NCCCCCC=NCNBr
4675,5183,C=COCC(N)CCCCC=C=O
4676,5184,CCOCCCCC=O
4677,5186,C=C(C)CCCNCC[NH1]C=O
4678,5187,C(=O)=CC=CCCCOC1CC1
4679,5188,CCC=CC=CCC(C)=C=CC=O
4680,5189,CCCCS
4681,5191,CCC=CC1(C)OC=CC2NC=CCN21
4682,5192,C(CCCC1C(O2)O2)CC1C=C(C)O
4683,5193,COCSCCCC(C)=CNC
4684,5194,C=CC=CC=CCCCC=C1CC1O
4685,5195,CCC=CC(N)=NCF
4686,5196,CC=CC=CC=CCN1NC1
4687,5198,C=NCCCCC=O
4688,5199,NOCCCNC=O
4689,5200,COCCCC1CCNCO1
4690,5201,CC(CC=CS)(C)[NH1]CC=CC=CN(C)CCO
4691,5202,CCCCCC1OC1
4692,5203,CC=NC=CC=O
4693,5204,CCC=CC(=O)CF
4694,5206,OCSNCN=COCCCC=C
4695,5207,CCNN=NNCC(C)=O
4696,5209,FCCCC=COCCC=CCl
4697,5210,CC=NCC=C=CC
4698,5211,CC(CC=CC)C=CC=NCCS=C
4699,5212,C=C1C=COC1
4700,5213,CC=S1CC=C=NCC=C=C1
4701,5214,C1CNCC=C(C)N1C
4702,5215,N1=CCC(N)CNONC=C=C1Br
4703,5216,CC(F)CCNC(F)CCON1[PH1]C1
4704,5217,C(O)(C)C(C)=O
4705,5218,CCCC1C(C=CC(C)C=O)CO1
4706,5219,OCNCCCC
4707,5220,CCCCCNC=O
4708,5221,CSC(CC=O)C#S
4709,5222,C1C(C)COC1C
4710,5223,CNCNC(CCCCO)OCN=O
4711,5225,OC(NCCONOC=CC=C=C=CC)C=N
4712,5226,CC1C(C)CC([NH1])C1
4713,5228,NC(O)=O
4714,5229,CCCCCCCCC(N)=CCCCl
4715,5230,NC(C)C#CO
4716,5231,CC(CCCCNNCCC#CCCNC)C=CCCCC=O
4717,5232,FC=COC(C)CC=C=C=O
4718,5233,C(=C)C=O
4719,5234,C1CCC1C=C(N)C=NNCCCCCl
4720,5235,CC=CCC=CC=CC1NCSC=CC1=N
4721,5236,CCC=CNNCC=CCCC=O
4722,5237,O1OC=C1CNC=CCOS=C
4723,5238,CS=CCCCOC=CC=C=O
4724,5239,OC=NCC=C(C)C=CCN=CNC=CCC=NCO
4725,5240,CC=C=CCC=CCCCC=COC
4726,5242,N1=CC1(O)C=S=N
4727,5243,NC=CCN=CCCl
4728,5244,C(C)C(C)CN(C)CCO
4729,5245,C1CN=C(C)[NH1]CC#C1
4730,5246,CN(O)NC=O
4731,5249,OCOC=CCSCCNC=O
4732,5250,NC(C)CNC=CC=NO
4733,5251,N=C=CONCOC=CCSC#C
4734,5252,C=CC=CCN1CC1C
4735,5253,CCONC(N)(C(CC=NC)C=O)O
4736,5254,CC(CSCBr)C=CC=O
4737,5256,N1CCOCCCCCCCC1
4738,5257,C1C=CC(C2)C2=NC=CC1C
4739,5258,CCCC(C)=O
4740,5259,OCC=C=CCF
4741,5260,O1C(C)S(O)(C)=CCO1
4742,5261,C=CC=NC=C=CN=CC=CO[NH1]N
4743,5262,S=12C=CC=1C3=C(C)CC32
4744,5263,COC=CCCCC=O
4745,5264,N=CSC=CCCCCC=O
4746,5265,C1(C)=C=C(CCCC)COC1
4747,5266,NNCOC(NC=CC1=C)C=C=C=C=C=N1
4748,5267,CCN(C)C=NC=CC1NCCC=C1CNCCl
4749,5269,CCCCCNCCCONCS=O
4750,5270,CC=CS(C)CN=C=CCC
4751,5271,ONNC=CCNF
4752,5272,C=1NC=CCCCC=1NC=CC=C
4753,5273,COC(=O)C
4754,5274,OC([NH1])(NC(C)C(=C)CP)C=NCCNCCC=C
4755,5275,COCCNCONOC=CC=O
4756,5276,CCC=CC=CCSC=O
4757,5277,C(C)=CCC=O
4758,5278,NCC1=CC=CCC=C(CCC)N1N
4759,5279,CCOS1C(=C)CCN1C#N
4760,5280,N(C)C=C(N1)C1(P)OC2CS2
4761,5281,CN=NCCN=CNC=C
4762,5282,C1=NCNC1(C2)CC2
4763,5283,NC=C=NCC1CC(C)CCCC1
4764,5284,N=C=CCCPCS(=N)NCC=O
4765,5285,CC(CC=O)C(O)(C1)C1
4766,5286,N=COC1=CCCC1=C=C
4767,5287,COC(C)CC(CC)C=O
4768,5288,CCC(C)(OC=CC=1Br)C=1C
4769,5289,O(OCCC(=C)C=CC1N=S)OC1
4770,5290,NC#CCCC=CCl
4771,5291,NNC=CNC=CCSC=CC=C(C)C=COC
4772,5292,C=C=C=C(N=NC(C)C1)CCOCC=C1C2OC2
4773,5293,C(C)CN1C=CCNC1
4774,5294,CC(C)=CCCNCC=S[NH1]C
4775,5295,CCCNC=CC#N
4776,5296,NF
4777,5297,ONCC=CCCCCCCCCC=O
4778,5298,CC=N
4779,5299,CCC(C)([NH1]C=CC)COCCOC=C
4780,5300,O=CC(C)CCCCC[NH1]C(C)OCCl
4781,5302,C(C)CCSC(C)CNC=CBr
4782,5303,C=1SC=CC=CCCCC=CC=C=1
4783,5304,OC(C)CC=NCCCCOC1CC1N=NCC=C
4784,5305,C1C=CNC1N
4785,5306,C1OCC=CNCC=C=CCC1
4786,5307,C=C=CNC(=N)C(C)CCl
4787,5308,CC=COC1CNC=CCC1N
4788,5309,CNCCCl
4789,5311,NC(C)CCC=CCC=CC1C=C1
4790,5312,C=CCC=CC(CCC=O)ON
4791,5313,C12CS13OC23N
4792,5315,N1=CC(N)C(C)(C)CC1
4793,5316,CCCCOCNCOBr
4794,5317,OC(=N)CC(OC(NC)OC=CC)C=C
4795,5318,OCCN=C=NCOCOCCOS
4796,5319,O=CCCOOC=CNCC=C1C=C1Cl
4797,5320,CC=C=CC=CC(S)COON=CC=O
4798,5321,O1CCCC1=C=C
4799,5322,CC1(N2)C(C)(NO1)C23CONC3
4800,5323,NCSSN1COOCOC1=O
4801,5325,ONCBr
4802,5326,CCNC=CCC=CC=C(C)OC=C=O
4803,5327,NNCCOSC=O
4804,5328,CCNCN(N)C(C)CC1CC1
4805,5329,CNC=CCCCCC=CCCC=COC
4806,5330,CC=C=NBr
4807,5331,ONCOC=CCC(C)CNCCN
4808,5332,C1(C)=CCCCC1C2C(C)=CC2
4809,5333,CCNCCCN=CC=C
4810,5334,CSC=CC(C=O)CC
4811,5335,NCC(F)(C)C=[NH1]
4812,5336,NNNCNC(NC=O)CC(CC1=CNCCOC=O)CO1
4813,5337,CCOC(Cl)(C)CN1C[NH1]1
4814,5339,O1CCC=NCO1
4815,5340,CCSCNCCC(C1)C1(O)C
4816,5341,OC=C(C1)[NH1]C1C=C=CBr
4817,5342,C1OCCC=CC1
4818,5343,CC(C)C(C)(C=O)CN=O
4819,5344,C=C(N)C#CC=C=C=S
4820,5345,C=CCCN(N)CC1C=C1C
4821,5346,CC=NCC(C)NCC=CCNCSOC
4822,5347,OON(CNC1C2CNC=C1CO)OC2
4823,5348,CC=CCCC=CCCC=CC#C
4824,5350,C(C)C=O
4825,5352,CC=CC=C=O
4826,5354,CCCCCC(N)C(C)Br
4827,5355,C1CC=CCC1CC=CCP=C
4828,5356,CCOCCCCCC(C)(CCS1C)N1
4829,5357,CN=CC=CCC(CC=CC)=CCNN
4830,5358,C=CCC1CCC(C)C1CC
4831,5359,C(C)=CC1NC=CC(C)CC=C1
4832,5360,CC=CCCNC1CCCCCNC1
4833,5361,N=CC=CCCOCl
4834,5362,CCCCC1=C=CC1
4835,5363,CC(CCC)CCCCCCNC=O
4836,5365,O1OC(=O)CCCC=CC=S1I
4837,5366,OCCCCOCS=O
4838,5367,CNC(O)OO
4839,5368,CC(C)C=CCCOCOCl
4840,5370,NCSC(C)NC(C12)C1NCNO2
4841,5371,N1CCCC=NCCCC1
4842,5372,N1COC2(O)NCC21CC3CCCCCCC3
4843,5373,CCCC1=CC=C=CC=CO1
4844,5374,NON(CCC=C=O)C
4845,5375,C1CCOCC(C)(O)OCO1
4846,5376,COCCSC=CC1CC=CC=COOC=CC1N
4847,5377,C=CON=C=CCC=O
4848,5378,CCCC=CC(N)CCNC=O
4849,5381,CCN(C=C1CSCC=C1O)C=O
4850,5382,C=C=CCOC=CCC=CC=CCCN
4851,5384,C1CC=CCC=C=CCCC1
4852,5385,NC=CCCNCC=CCCN(C)C=O
4853,5387,OCCCCC(N)CCCN=C
4854,5388,CC1CCC(C=O)CC=CC=C1
4855,5390,CCCOCCC=NC=C[NH1]C=C
4856,5391,CC(N)CNCOCC=NCl
4857,5392,O=NC(C)=O
4858,5394,C1=C(C)C1NCCC=S
4859,5395,C(C)(C)NCF
4860,5396,C=CC1OC=CC2C=NCCC2C1(C)S
4861,5398,CC(C)C(C)C=CC=O
4862,5399,CC=C(N)CCC=C=CCCC=O
4863,5400,C=C1CN(C)CN1SC
4864,5401,CC=C(C)CC1NC1
4865,5402,OCCNC=C=CC=C(C)CCCNCCOO
4866,5403,ON(C)CC[NH1]C(O)C=CC=CC#C
4867,5404,CCCCC=CCCC=CC
4868,5405,C1C=C(N)CNOC=CCN1
4869,5406,CCCCC(N)CCOC
4870,5407,O(C)C1CCOCPC[NH1]C=C1N
4871,5408,C=CCOCOCC=NC#CCOOC=O
4872,5409,CCC=C1CCNNC1C=CCOC=[SH1]
4873,5410,CCN=C=CCCC=NNC(SC=C)C=C=N
4874,5411,CCSC=CCC#C
4875,5412,O(C)CCCC=O
4876,5413,C=C(C)CC=C=CC=CBr
4877,5414,C(C)CNC(C1=CCC)C=CCCNNC1O
4878,5415,CNCCNNC=CC=CCCl
4879,5416,C=CC=NC=NNN(C)CC#CCCC1=NO1
4880,5417,N1C(C(C)C([NH1])CBr)C=C=N1
4881,5418,C=NCNC=O
4882,5419,C=CC(C)CCCNCC=O
4883,5421,O1C(C)CC=CCC(Br)N1Cl
4884,5423,CC=CC(C)C(=C)CCCCBr
4885,5425,C1COCC(=S1(C)C2C)C2=N
4886,5426,CCOCC(COC)CC=NNCN
4887,5428,N=COC#N
4888,5429,CCS(C)C=C=C
4889,5430,CCCCC(C1C)C1OCN=NO
4890,5431,CCCN=CC(C)CCCC=C=C
4891,5432,COCC(C(C)CCCC#CC)=CCC(N)=NCCNOO
4892,5433,C1CC=CC=CCCCC=NC1N
4893,5434,COCC=CCCCC(C)C#C
4894,5435,C1CC(C)C1CCCCCC(C2)N2CC
4895,5437,C(CC=O)#N
4896,5439,C1C=CN=NCC=CCCC1C(=C)S=C=O
4897,5440,C=C=S(C)CCCN=CCCl
4898,5441,CCC=CCC=O
4899,5442,OONCCF
4900,5443,N=CC=C1C=CC=CCOC=CNCC1OCO
4901,5444,CC(CCCC=CCC=CN)C=C=O
4902,5445,C=CC1N(C)C(C)=COCC1
4903,5446,C1=CC(C)NCNC=C1CCCCCC=CC=O
4904,5447,OCCCON(N)C=O
4905,5448,N1OC=CC=C(C=CCC)CC1
4906,5449,C=CC(C)NC=CC(C=C)N
4907,5450,CC(C)CCC=CCBr
4908,5451,C=C=NCCCC=CN=C=C(C)C=C=C
4909,5452,COCCN=C=CCCSCCCNC1=CC1(O)N
4910,5453,C1OCCC=CC(CCC=CC)(N12)C=C2
4911,5454,N=C=CC=O
4912,5456,OCC1(C)CCCCC=N1
4913,5457,NC#CCC(C)CC=CC=C(C1)C1
4914,5458,C1=CCNC1N=O
4915,5459,C=NCCCCNOCCCC=C
4916,5460,COC1CC(C=C1C)=CC=O
4917,5461,COC=CC(O)C=CCC=S
4918,5462,OOCC(C=C=CCCCC1CC)CC=COCC=C1C
4919,5463,C1CCCNCC1(C)CC=O
4920,5464,NCC(C)NO
4921,5465,C=CC=CCC=NN
4922,5466,CCCC(C)(Cl)CCI
4923,5467,C=C(C)Cl
4924,5468,C=CC=C1COCSC1OO
4925,5469,CCCNC=CCNC=O
4926,5470,C(CCCC=CC1C=NC2C)C1NC2(C3)C3
4927,5471,CCCCNCC1=C(C)ON=CCC1
4928,5472,C1(C)CC1CCCO[NH1]
4929,5473,N=CC(C)C=CC=CF
4930,5474,CNC=CCCOC(O)C=O
4931,5475,N=NN(C)CCNCC=O
4932,5476,C=CCCC=C=CC(N)(C)CN=O
4933,5477,O1C=CC1=O
4934,5478,CC=CCC=NC=CCC=COCOP
4935,5479,C1=CCNC(NF)(C)CCC=C1
4936,5481,NON=CC=C(C)CSNC
4937,5482,CNCCCCCCC=CN=NOC=N
4938,5483,C1CC(C)=CCCNC1OCOCNC#C[NH1]
4939,5484,OCC#CCON=C
4940,5485,O=CC=C=NCCN=SNC=CC
4941,5486,NC=CC1=CC1OC(C)C=SC=C=O
4942,5487,CCCC=C=O
4943,5488,CCC(N)(NCC=CC)CC
4944,5490,C1=CCNC=CCC=C=C1
4945,5491,N#CC=CS=S(C=O)CC1CCNC=CSC=C1
4946,5492,OC=CCCCS=CN
4947,5493,CCCCOOC=C
4948,5494,CCC=C(C)NCNC=O
4949,5495,C=C(CC=O)OC
4950,5496,CCCC(C)C=O
4951,5497,N=CCCC=CC=C(N)F
4952,5498,C(CCC)(C)C1NC=CC=NC1
4953,5499,CCCC(CC1COC2)CC12N
4954,5500,NCC=CCC=NCCC=NF
4955,5502,OCC(C)C=CCC=CCN=O
4956,5503,CN1CC=CCC1
4957,5504,CCOSC1=CCC=COCC1
4958,5505,OC[NH1]CNCC[NH1]C(C1)C1CO
4959,5506,ON=CC(N)CCC=CCC=CC=O
4960,5507,C1=CC=C(C)CC=C1CC=CO
4961,5509,OC=C1C2CCNC=CC(C)ONONNN21
4962,5510,N=NC=CCN=C
4963,5511,NCCCC1C=C1N
4964,5512,CC(C=CCNCC=O)OCCC=COCN=O
4965,5513,CN=CCC=CC(C)CC=O
4966,5514,COCC(C1CNCl)SCCNC(CC2C1)N2
4967,5515,CC=C(C)CCCC=C
4968,5516,BrNC(N)CNCC=C
4969,5517,COC(CCOC[NH1]CCC)S=C1C=C1
4970,5518,C(C)(OCCl)(C)COC
4971,5519,CCC1CC=CCN1
4972,5520,C1=CCCCCC1S
4973,5521,CC=CSC(OCN)CC
4974,5522,NCC=CCC=CNOSCC
4975,5524,OCCNCC=CS=C1C=CC=C1
4976,5525,CCC#CNBr
4977,5526,N1=NC[NH1]CC1C=O
4978,5527,CCCNSC=C=CCNCC=CC=CC=CC
4979,5528,C1C2CCC1(C)C3OC23
4980,5529,CC=CC=CNC=CC=SC=NC=CS
4981,5530,OCCC=CC(C=C)=O
4982,5531,OCNC=O
4983,5533,CCC1CNCCCNN1C=C
4984,5534,C=C(CCC=C=CN)C=CN
4985,5535,CCCCCCCC#C[NH1]
4986,5537,OCNCOCCCC
4987,5538,OCCC#C
4988,5539,OCCCC=CCN=C
4989,5540,CCCCN=O
4990,5541,CCC(N)NC(CCCC)C(C)(N1)O1
4991,5542,OC(C1)C1
4992,5543,CCCCC(N)C=O
4993,5544,C(C)CNCC=CCOC(C)CF
4994,5545,C=CCCOCC=CC(=N)C=C=O
4995,5546,C1CC#CCC1(C)C=SC2N=C2
4996,5547,C1NC1CCC=O
4997,5548,CCCNCC(CC)C#CC=CCC
4998,5549,N=CCCN(C)C=CC=CC(=C)C=C=O
4999,5550,CC=CSCSCCCCCOC
5000,5551,C=C=NCC=NC#C
5001,5552,OC1ONCNOC=CCC=C1O
5002,5556,BrCC(CC=CC)NC=CBr
5003,5557,CCOOCCC=CC=CCN=CN=C
5004,5558,O=CCC=C=O
5005,5559,CCCCOCC=C=NC1N=N1
5006,5560,NCOSCC=O
5007,5561,CC#CC=CC(C(C)=C(C=C)C=C)ON
5008,5562,NONCNCC=C[NH1]OBr
5009,5563,CC(CCCl)C=O
5010,5564,NCONC=COCCC=C=NCCCCCl
5011,5565,C=CC=COCC=CC(CN1)C=C1
5012,5566,CCC(CCC#C)=O
5013,5567,C#CCCCSCOCC=C(O1)N1
5014,5568,COC=CCC(C)OCC=O
5015,5570,OOCNN=O
5016,5571,CCC(NCC=CC1=COCS)O1
5017,5572,CC1CCCCC(S)CC1
5018,5573,CC=CC=CC=CSCC=O
5019,5574,C1C(COC1(O)C)=O
5020,5575,CC=NO
5021,5576,CC=CC[NH1]NCCCCN=CCC
5022,5577,CC=CN=CCNF
5023,5578,OC=CC(C)Cl
5024,5579,O=CC(CC=NOCC)CNOC
5025,5580,C#CCCNC=CC=CC=CC1=CCC(=C)C1
5026,5582,BrCCl
5027,5583,NNS=C(C)C=NNNNC=C(C1)N1N
5028,5584,CC=NC(S)CSOC=C
5029,5586,C1C(=O)COC=C1C(C)C=C
5030,5588,C1CC=CC1(CC=O)O
5031,5589,N1C=C=CC=CC1C=C
5032,5590,C=CCNC=SCN=NC=C
5033,5591,CC=CCC=CC=O
5034,5592,CCC#C
5035,5593,CC=CC=CNCNNN1CC1=C=C
5036,5594,C1CN=C1C=CSC
5037,5595,C=CCOCOCOC=C[NH1]NC=C=COCCl
5038,5596,OCN(C12CCC)[NH1]C1C=C=COC2O
5039,5597,N12CC(C)C1C=CNO2
5040,5598,CCCCCCCS=C(O)C1=C=C1
5041,5599,N(=CC)Br
5042,5600,NCCCOC=CNCNC=C
5043,5601,O=CC=CC=NCNC
5044,5602,CCCCC(C)CF
5045,5604,ONCC(C)=O
5046,5605,C=C(C)NCCC=CC
5047,5606,CCN(O)CBr
5048,5607,NC=C=C=O
5049,5608,CNC=CC=C=CCNC=C=NOCC#CO
5050,5609,C=C1CCC=C=C1CCNC
5051,5610,C1COCC1
5052,5611,CN=CNC=C=CC=CCOCl
5053,5613,N1CCCSCNCCCC1O
5054,5614,COCCNCCl
5055,5616,N(CS#CNCCC1C=C1)=C
5056,5617,NC=C(C)CN(CC=C)OC(C1)C1C
5057,5619,C1C(C)N=CC2NC=C1CC=C=C2CO
5058,5620,CCC=C(C)C#CNC#C
5059,5621,CNCOCC=CNOCC=C=CCOC
5060,5622,C1CC=C(C2)C2(Br)CN=C1
5061,5623,CN=CC#CCC=CCO
5062,5624,CCCC#CNN(CC)C=CCCNCCC
5063,5625,C1OCCS=2CCCC=21
5064,5626,C1=CCCC1[NH1]C=C
5065,5627,OSNSC=CCNCCC=CC=O
5066,5628,C1NC1OCCNCCC#P
5067,5629,CCC(C=O)=C(O)N=CCCC=O
5068,5630,OCCCC=C(CCCC)CC=CCC=C=O
5069,5631,C1CCC(C)CC1N
5070,5632,CNN=CC=C(N)OOC(C)CCNC(O)=C
5071,5633,CNOCC#CSCC1=CC1
5072,5634,CN(C)NCCCC(=C)C
5073,5635,O=C(C=O)C(O)=O
5074,5636,CCCC=CCC=C
5075,5637,C1COC=C(C)CC=CO1
5076,5638,OCCNCl
5077,5639,CC(C)=CC=COC#CC
5078,5640,CCC1(C)COCCC2CCNC21C
5079,5641,CCNCI
5080,5642,C1(NCCC1OCC#C)Cl
5081,5643,N(OCCl)NCCO
5082,5644,C(C)(C)=CC=1N=C=1
5083,5645,C1=CSC=C=CCC1C=CC=CN(NC2C)C2C
5084,5646,C(C)C(O)CC1C([NH1])CCC=CCCC1
5085,5647,OOCCCC1C=CC=CC=C1
5086,5648,CCC=CCNC=CN1CC(C)NCCOC1=O
5087,5649,S1CC=CCO1
5088,5650,OOCCCC=C(C)OC=CCC1CC1
5089,5651,CCC=NC=CC1=COC(C)=CC=C=C1
5090,5652,CC(CC=CC(O)C)=NC#N
5091,5653,CC=C(C)CCC=NNCOCC[NH1]NC#C
5092,5654,CCOCCC(=O)CCNC=C=C
5093,5656,CN=C=CC#N
5094,5657,NCCNCN(C)CC#C
5095,5658,C1C(C)CCNC(N)CC(C)C1
5096,5659,C1OCCCC1(O)CC2=CN2[NH1]C
5097,5660,CN=C(CC=CC)C=CCC1C=C1OC
5098,5661,C(CCCCC1=NCOCC1=N)C
5099,5662,N#CC=CNCC1CC1
5100,5663,OCCC=CC#C
5101,5664,CCOOCC=C(C)CCF
5102,5665,CC=CCN=CC=O
5103,5666,O1CCC1C=C(C)Cl
5104,5667,CCC=C=C(N)OCCl
5105,5668,C=CC1C=C=C(C)C1(C)O
5106,5669,NOSC=CC=O
5107,5670,C=C1POCC=C1
5108,5672,CC=CCCCCNBr
5109,5673,CNC=CCOCF
5110,5674,C=S(CC)=CC=SCC=CC(C1)OCOC=CO1
5111,5675,ClC[PH1]CNOOC=CN=NC=CCC=C
5112,5677,NC=C=CCNOC=CC=COC=NCC[SH1]C=C=C=N
5113,5678,COCC=NOCCC=CCCC#C
5114,5679,C=C(C=O)C(F)=CO
5115,5680,C=NCONCCC=C=CNN
5116,5681,C=CSNCCC=O
5117,5682,COC(C)OCCCNC=CCCO
5118,5683,OOC
5119,5684,N1CCCCCC1
5120,5686,C12C(C1=CCCC3=O)=C3C=C2
5121,5687,N(C)CCCC=O
5122,5688,CCCCC=C=CC=CC=O
5123,5689,O=NNO
5124,5691,C1=CC(CCCC)=C=C1
5125,5692,C1OCN(C)CC=C1C=CNCC=CC=NNC
5126,5693,CC=CBr
5127,5694,ONNCCC=CC(NC(=C)CCC=1C)N=1
5128,5695,CC(C)C(C)CC
5129,5696,C1NCC1C=NS=CCNC=N
5130,5697,OC=CCCSCCN(F)CCl
5131,5698,ONC(N)=CCSC=C(C)CCCl
5132,5699,CCC=NCl
5133,5700,CN(CCCNF)CNC=CN=CC=C
5134,5701,COCCCSOC=CC
5135,5702,CCCC(=C)C(OC=CC)=C=O
5136,5703,CCCNC(C(C)CBr)NCC#C
5137,5704,C=CCCCC1N=CNC=CO1
5138,5705,NCNC=CNCCCl
5139,5706,CCCN=NCC=CC(C)C=CN=C
5140,5708,C1=CCCC1C=CCC=CCC=O
5141,5709,CC(=C1)N(C=O)C=CCCC=C1C
5142,5711,CCC=CN=CSCC(C)C=CN=O
5143,5712,CCC(C)(C)N=C1CCC(C)=N1
5144,5714,C=CCNC=C=CC=O
5145,5715,O1OCCCC(C)CC(=C)C#C1
5146,5716,CCC=C=CCOCCC=NC
5147,5717,CCN(C)OC=O
5148,5718,CCC=CC=CCN1C=NCCC1
5149,5719,COC=C(C=CC=CSC=O)C
5150,5720,CN=CCC=C=CCC=C=O
5151,5723,CCCC=C=CC(C)C
5152,5724,C=CCCCC=CCCCCCC=C=O
5153,5725,CNC(CCN=CCPC)C
5154,5726,CC=C=C(C)CN=O
5155,5727,C1CCC(C)CC(C)C=CCC1CC=N
5156,5728,C(CC)C=O
5157,5730,CCN=S(NC=CC(C1)CC1)[NH1]O
5158,5731,C1=CCS=C1C
5159,5732,OC(C)OC=CON=C=CCCCO
5160,5734,C1C(OCC)CCN1
5161,5735,C(C)C1CC=C(N)COCCC=C1
5162,5736,CC=CCCCNCC(C)C(C)C=O
5163,5738,FCC=CCS1CN1
5164,5739,C[NH1]CCOC=CC=C=O
5165,5741,N(CO)=CC=O
5166,5742,N(N)CCC=C(C)CCN(C)F
5167,5743,NC=CNC(C1)(C)C1
5168,5744,COC(C=COC=CC=O)CC=O
5169,5745,NOOOCOCNNCCCCC(=CC=C)C=C=C
5170,5746,OCOCN=O
5171,5747,CCOCC(F)NCNN=CCCCCC1OC1=C
5172,5748,CC1C(CNN2C)C2(Cl)C=N1
5173,5750,NONOC=CSC=PCC[NH1]C(C1)C1
5174,5751,N1CCC=CC=CC2=C=C12
5175,5752,O1CNCC=CCC=NC=CC1[SH1]
5176,5753,CNN=NS(C)=O
5177,5755,N(C(C)=CC)OCNC[NH1]COCCCC=O
5178,5756,CCSCNC=C=C
5179,5757,BrC(CC=SNC(C)CCS)CC=C
5180,5758,COCCCCF
5181,5759,NC=C(C)CNCC=CNN=O
5182,5760,C=[PH1]NC(C)CC=CC=CF
5183,5761,NCCC=NC=C=CCN=CCCOC
5184,5763,CN=NCCC(C)C=C=C
5185,5764,C1CC=C=CCC=C1
5186,5765,CC=CCCCC=CC=CCN=O
5187,5767,CC=C=CCCC(C)CCCCCC(C)COO
5188,5768,CCC=CN=CCl
5189,5769,OCCN1COCCC12NC2
5190,5770,CONCCCCCCC=N
5191,5771,C(C)OCCCC1=C=NC(=C2)NC12
5192,5772,P(C)CBr
5193,5773,CC(SCCCC)(C)CCCC(C)S(CCNCOCO)(C)=CC=N
5194,5774,CC=CC=C=NC(C1)N1C
5195,5775,CN(CNCC(C)C(S)NC)C(O)CCC1NC1
5196,5776,NC=CCCl
5197,5777,CCOCC(C)=O
5198,5778,C=CCC(O)C=CCC(C)=CCC=C
5199,5779,O=CC=C1C=C1CC2=CN2
5200,5781,C(C)(SC=NC=C=CCCN)=CC=CN=C
5201,5782,CC=C(F)CN(C)C=CCl
5202,5783,CNCCCC=CCC=C(C)CCl
5203,5784,CCNCCONCCCC=C=C=CC(Cl)=N
5204,5785,CCCCCC(C)=O
5205,5786,N=CCC1CCCSCC1
5206,5787,OCC(=N)COCOCCC=O
5207,5788,CC=C(C)C(C)CCCC=CC=CC#C
5208,5791,ONC=C(C)CC=O
5209,5792,C=CCC(C)C=O
5210,5793,C=CCCCCCl
5211,5794,C#COCC
5212,5795,COC=CCC(C)CC=C
5213,5796,NCCC=NCCOC(C1)C1O
5214,5798,O1CCN=CC=C(N)C1(C)NCl
5215,5799,CCNC(C)CCC=O
5216,5800,CC=CNCCC(C)=O
5217,5801,O(CC(C1)CNCC=C1)C
5218,5802,CC(N)CCNC=CC1CCNC#C1
5219,5803,CCC=CCC=CC1=CCCC=C1PC
5220,5804,C1CCC=CCOCC1
5221,5805,C1CCCCC2C=C12
5222,5806,CCCC(O1)C=C1N=O
5223,5807,OC(C)C=SCl
5224,5808,CCC(N)CCONNC(C)=NC
5225,5809,C(CF)CC=CC=O
5226,5810,C=CC(C)NF
5227,5812,CNC=CONCCCCC=CCl
5228,5813,NCONOC(C=C)C=CN=CSC=C
5229,5814,CCCCCC=COCC=O
5230,5815,NC=NC=O
5231,5816,CCC=C=C[NH1]CC=CCI
5232,5817,CCCC=P=NCCC(C)=O
5233,5818,C1ONOC=C(C)C=C1S
5234,5819,C=C=CC1C(CCC1OC=C)S
5235,5820,O1CCCC1=C=O
5236,5821,CCOC(CCC=C=O)NNOC[NH1]
5237,5822,OCCCCOCCS=O
5238,5823,C1(C)(CC=CC1)CCNCCl
5239,5824,NCCC=CCC=O
5240,5825,C(N)(=C)CCNC=CN(CCC)CCCl
5241,5826,C1CCOC(C=CCC=CC1)C
5242,5827,CC=CCC=NC=C1NNCC1
5243,5828,OC(SC1=O)COOC1CN
5244,5829,O(C)CCCC(C)CCN
5245,5830,CC=CC=CN(C)CONC=C
5246,5831,OC=CCNCCCCC=C
5247,5832,COC(N)CCCCCNCC=CCCNCCl
5248,5833,N=CSNC=COCPF
5249,5834,S1CCNCC=CC=SCC1
5250,5838,N1OCNC=C1C2C=NCCCN2C
5251,5839,O(C)CCCCCCCC(Cl)OC=C=C
5252,5842,OCCC#CC=CCCC
5253,5843,N=C=CC=C(F)CC=CC1OC1
5254,5844,N12CC(CC=C13)C23
5255,5845,C=CC=CCCCCOC=CC1=NO1
5256,5846,N#CCCOCC=NC=O
5257,5848,CC(O)C=CC=CCC=CC=C=CNCCC
5258,5849,CC(C)NCC=CCF
5259,5850,O=COC(SOC1=C(N)N)CCCCC=CO1
5260,5851,NCC=CC=CC=O
5261,5852,CCCNCNC(C)=CN
5262,5854,CCC[NH1]Cl
5263,5855,C(N)CCNC=CNCCCCCl
5264,5856,NC
5265,5858,C=CNCCONC=O
5266,5859,CCNCC1=C=C=C=NO1
5267,5860,CCCCNN(C1)C1OC=O
5268,5861,CCC=CCC(C)C#CC(C1)C1C=O
5269,5862,O1C=CNOC=CC=CC=NO1
5270,5864,NCCCBr
5271,5865,C(N)C=CC1C(C)CCC=CCCC=N1
5272,5866,ON1SSCCCCCC=C1
5273,5867,COCC=CCN1CNC=NC1Cl
5274,5868,NCCCCOCCOCF
5275,5869,CC=CC1C=C(F)C1OCC=O
5276,5870,C(C)COCOC=C1C=C1C=NC=N
5277,5871,N[SH1]=O
5278,5873,ONC(C)C1(N)C=CCC=C(O)C1
5279,5874,C1C=CC=CCC=C1CC=CC=C
5280,5875,NCOCNOC=CCCC(OCCC=O)OO
5281,5876,CCC(=C1)CC2CCCCC21C
5282,5877,N1NCCC=CCCOOC1
5283,5879,NOC1OC(C=CS1)C=O
5284,5880,CC(N)=C(C)CN=CC=C=CC(=CC1=CN=C=NCSC1)N
5285,5881,C=CCOCNCCCCO
5286,5882,NCCONC=C
5287,5884,C1CN=CCC=SC=CC=C1
5288,5885,NNCC(C)CC(N)=CC=CCC#CO
5289,5886,C=CCCCC=CC=C(C)CC=C=C=NO
5290,5887,C=C(C)CC
5291,5888,O(C=O)C
5292,5889,CCCOCCCC(C)C=O
5293,5890,OC(CN(N)CCC=C)=O
5294,5891,CC=CC[NH1]PCCC(=O)C=CC=C=O
5295,5892,COOCC1CC(=O)CN=C1CCNS
5296,5894,COCCNCBr
5297,5895,N=NCC=C(O1)C1OF
5298,5896,C=CC1C(C)C=CC(C=C)C1C=S
5299,5897,C=CCCC=CCC=NOC=CCl
5300,5899,NCCCNCCC=C
5301,5900,CCCCC=C(C1)C1=CC=CC=O
5302,5901,O1C=COC=CNC=C=CC1(C)C
5303,5902,C(C)=CC=CCCl
5304,5904,N=NCC=SCNCNCl
5305,5905,SN=C=O
5306,5906,N1=SCC(N1C)N
5307,5907,CC=CC(CC)C=CC(C)Br
5308,5908,OCNNNC=O
5309,5909,N(C)=CC=CC=C(C)CCl
5310,5910,C=CSCC1CN=C2C1C#CNC2
5311,5911,OOC(C)C
5312,5912,CCOCC=C1CC2CCC1C=CC2
5313,5913,C(N)C1NC#CC1[NH1]OCSO
5314,5914,CCCCNC=C=CCC(O)CF
5315,5916,NNC(=C)CCC=CF
5316,5917,NN=CC=C=NCC(C)C=C(C)C
5317,5918,CCCCCCCCCCC=C
5318,5919,CN=CCC=C
5319,5920,O(O)CCCCCOC(C)CC=C
5320,5921,C=NCOOC(C)=NC=O
5321,5922,COC(CCCCCCCN)CCCN
5322,5923,OC=CCOOCCl
5323,5924,CCCCN=NC=C(C)CC#CCO
5324,5926,N1CCCNC=[SH1]CCOCCN1
5325,5927,C1=CC=NCNCC=C(C1)O
5326,5928,CCCCCC(C1)=C=N1
5327,5929,CC=CC=NC=N
5328,5930,NCNC(CC=O)OCCC=O
5329,5931,OCCBr
5330,5932,N12CCCC3C1CCCN32
5331,5933,OC=CCF
5332,5934,CCCNC=NCCCC=C(C)S=O
5333,5935,CCC=CCC[NH1]C=NCO
5334,5936,CONC=CC(O)=O
5335,5939,C1=CCCC=C2CC=CNC12OOOOON
5336,5940,CCC=C(C)C
5337,5941,CCCCC=COCCCCOCCC=N
5338,5942,CC=CC(CCCO)C=C=O
5339,5943,COCOC1CC=CCNONC(=C)CCC=C1
5340,5944,CCCN=CC=CCCC=C
5341,5945,C12=CC1C2(CO)CC=CC=S=NO
5342,5947,C1C=CCC1C=CCCC=O
5343,5948,CC=CC=C(C)C1=CC=C=CC1CC=C=C
5344,5949,CCC1(C(C2)S)C=CC21NOC=NC
5345,5950,O(C)CCCOC=O
5346,5951,COS=CSC(C)CCCCC=C=CCCC(O)NOO
5347,5952,CCCN=COCCCC=C(C)C=C=CC#C
5348,5953,C=N
5349,5954,C1=CC2CC12C=CC=CCCC=CC
5350,5955,N1CC(O)CC(C1CC2)C2(CC=O)O
5351,5956,COC(C)=CC#CC=CC=CC=O
5352,5957,N=CCCOC#CCC(CC)C=C
5353,5958,CCOC(C)C=CC=NBr
5354,5959,NCC(CCCCC=CC=O)C
5355,5960,C=NCSNC=C=CCNC=N
5356,5961,CCC=CC(C)C=O
5357,5962,N1(N)OCCC=C1CCF
5358,5963,OCCCCCCCCC=C(C)C=O
5359,5964,C1OC=CNN2ONCN(N)C12
5360,5966,ClCOCC1NCC=NC1(C)OCC=C
5361,5967,C1C=CC2N=NCC1C2
5362,5968,COC1C=C1OCCC
5363,5970,OCCOOCNC=C(C)C=CCC
5364,5972,C=CNC#COCC1C=C1N
5365,5973,O1C2(N)C(C3)N3C2N=C1OC=C
5366,5974,CCC=C=CNC=O
5367,5975,N=C=CCC#CC
5368,5976,CC(=O)CCCC=C1CCCC1(C)O
5369,5977,NC=CCCC1=CCNCC=C=C1
5370,5978,CCCC(CC)CC=O
5371,5979,CSCC=CC(N)CCF
5372,5980,COCCC(C)C=O
5373,5981,CNCCCN=O
5374,5982,CCC(C)CC(C)CCCl
5375,5984,COCCNC=C=O
5376,5985,CCC1CCCC=C=NCCC=C1
5377,5986,O1C=CCSC(C)=CC=C=CO1
5378,5987,C1CCCNC=CC=C2CC21OC
5379,5988,C12N=C2CCN(C)CCC(O1)C
5380,5989,CNC=CCC(C)(CC)CCCO
5381,5990,COC=CC(C)CCC#N
5382,5991,OCCCCC=C=C(O)C=O
5383,5992,NC=CC=CCC=CCCC=CC=C1C=C1
5384,5993,C1CC(C)(N)OCNC1C=COCl
5385,5994,C=COC=C=C=O
5386,5995,NCCOF
5387,5996,CN=CCC(N)CCCCC1CO1
5388,5997,OCCC(C)=C1C=CC=C1
5389,5998,N12C(=C)CC=C1C23C=C3CF
5390,5999,CCC1N(C)C(C)NC=C(N)C1N
5391,6000,N(C)C1=CCCCCNCOO1
5392,6001,CN(N)CCC=CCI
5393,6002,C=COC=NC1NCSNCN1CN
5394,6003,C=CCOC(=C)C(C=O)NCC
5395,6005,NCCC=CC=CCNC=O
5396,6006,CCNC=CC=C=CC=O
5397,6007,CC=CC(C(C)C)CCCOCC=CC=CO
5398,6008,NC=C=C=C(C)CC1CN1
5399,6011,CCCCC
5400,6012,CC1C=CSCC1=CCC=CN
5401,6013,CCCC=CCC(=C1)CC1
5402,6014,C1=C2CCCCC12
5403,6015,C=NNC=O
5404,6016,NC=CCCC(N)=O
5405,6017,NC=CCCF
5406,6018,NCNCC1=CCCCNC(C2)C2C1=C3OC3
5407,6019,CCNCC=CC=CF
5408,6020,PCCC=CCC=NCCCC#C
5409,6021,O1C(C)=C1
5410,6022,C=CCCCCC(C)CSC=CC=CF
5411,6023,NN=CC=CCCOI
5412,6024,CC=CCN=CC=CNCC=C1CC1=N
5413,6025,CC(C)=NC1OCC=CCC(NN)C=NCCC1
5414,6027,C1CNC1NCCC=CC=C
5415,6030,NC=CCCCCC=O
5416,6032,CNCC(C)=S=O
5417,6033,C=CC=COCOC
5418,6034,CC1=C=S=NC1CC2CCCSC=S2
5419,6035,ONCOCC=CS1OCOC(=O)C=CO1
5420,6036,CCCCCC=CN(CCN=C)C=NOOO
5421,6037,CCOC(C)C=C=CCOOCCC=C
5422,6038,[NH1]1CC=NCC1CC=CN
5423,6039,CC=CC=CC(C)(O)CN1CO1
5424,6040,BrC=NOCC(=C)COCl
5425,6041,NCCC1(C)CCC=C1C=CC
5426,6042,CC=NC1(CN2COC=C12)O
5427,6045,CCC1=CCC(C)NSCCN=CC=C1
5428,6046,COC=C(C)[NH1]C(C)(C)C1C=C1
5429,6048,SCCl
5430,6049,CC=CC(CCCN)C=CCOC=CC=CC=C
5431,6050,C=CC(C)=CC=C=C(C1)C1
5432,6051,CONC=C(C)CNC=C=O
5433,6052,CC=CN(N)OOCC=O
5434,6054,ONCSC(C)CN=CCCC=CO
5435,6055,C1CNNCO1
5436,6056,CCC(C)C=COCOCN=C=CCOOCS=NO
5437,6060,CCCCOC=O
5438,6061,OCCCC=C(C)C=NC=C1OC1
5439,6062,C1CCNC=CC=NNC1(C=NOC)NN
5440,6063,CCOOCN=O
5441,6064,CC1C(CCC)C=CCC=CCC=N1
5442,6065,C(C)C=CCOCOC=C=O
5443,6066,N=CCC=CC=CCCCCC=C=C
5444,6068,CCC1CSCN=NCNOCC=C1OOC#C
5445,6069,CC=CC(C1)C2=CCC=C2C1N
5446,6071,COCC(C)NCN
5447,6072,C=CCNOC=O
5448,6073,C1NCCOCC=C1
5449,6074,C1N(CC)CC=COC=C1
5450,6075,ONCCCCC=O
5451,6076,C1CC(=C)C=C1C=C
5452,6077,OCCCCC(CC=CC1(CCCOBr)NC)CCC1
5453,6078,NNCCC#COC
5454,6079,CCCCCNCCOC=CCOCC=N
5455,6080,NCCSCC=C=CC=O
5456,6082,CCNCC=C(CCC=CC)CC=COC
5457,6083,O(C#CCC=C=CCC)N
5458,6084,C=C1C(C)CCN(N)CNC=CC=C1
5459,6085,N1N(C)C21CCOCO2
5460,6087,CCOCC=C=CCC=CCCBr
5461,6088,C=NCC=CC=C1OC1C=C
5462,6089,C=NC1=NC=C(N=CC2ONCC2)N1
5463,6090,N1C=NCC=C1N=CCC2=CS2
5464,6091,C=CCSOCCN=CO
5465,6092,O1CNOCNCC1C#C
5466,6093,OC(=C)C(C)=C=NC=C(C)CC=C
5467,6097,N(C)OC(C)OCSC=O
5468,6098,CCCC(C)COCl
5469,6099,NCC=CCCCCCCCF
5470,6100,C1CC=CCCC=CC1C
5471,6101,CCNCCCCCOC=C=O
5472,6102,CCC=CNC=O
5473,6103,C=CC=CCCC=O
5474,6104,C1=CC=CC1OCCC=CNC=NCC=C2CO2
5475,6105,C(C)(C1)C(S)=CC1=O
5476,6106,OCN=C(C)COCC(C1)CC1O
5477,6107,CCC=NC(C)OCCl
5478,6108,OCCCCOC=O
5479,6109,OOCC=CCOCCl
5480,6112,C(CONSCC(=C)CN1CC=CCNC)OC1
5481,6113,CCCCCNCCSC=C=C(C)Cl
5482,6115,OC=C(C=CCCOCNCC#COC)O
5483,6116,O=CCl
5484,6117,CC(C)CCN(S)CN(N)C=C(C)C=O
5485,6118,C1CNC=CC(=C)COC1
5486,6120,OONCCCC=C
5487,6121,CC(CC(C)=O)OC#C
5488,6123,CC=C1C=CCC=C1N
5489,6124,C=NOCBr
5490,6126,CC(C)OCCCC=C=C1CNC=C1CCCl
5491,6127,OCCC1CC(CCCCC)(O)CN1
5492,6128,C1CC1C=SO
5493,6129,CC#CCC(C)NC=C=O
5494,6130,COC=CNOC=NC=C=C=[NH1]
5495,6131,CC=C(C)COC=C=CC=CF
5496,6132,C1C=C=C1CC(NCCC)C=CC
5497,6133,C(C)CCC=CC1CCC=CC1S=CNNN=N
5498,6134,OC(C)C=CNCCOCC=COC
5499,6135,CN(C(C)C)C=O
5500,6136,C=CC=CC
5501,6137,FCC=CCC=CCC=NCOC=C(NO)O
5502,6138,CC=CCC=C(NCNSC=O)C=CC
5503,6139,NCNC=C=NCC=C=CC(O)=O
5504,6140,C(C)CCOCCC=CS(O)=C=C=C
5505,6141,NC=CCCNC=C(C)C(C)C
5506,6142,OC1=C(N(COCC)CC=CC1)C=O
5507,6143,CCCCCCCC=SC=NONN
5508,6144,OOCNCCC=C(C1)C1
5509,6145,N1C=COC1(COC=C2)C2=O
5510,6146,CNCC=NOCCOCCl
5511,6149,OCCCC(N)(C)C=C=O
5512,6151,OC=CCNC(C=CN=CSS1=S)C1
5513,6152,C1CCNCCNNN(C=CCC)N1C2N=CCCCCO2
5514,6154,COCC=CC(OO)C=O
5515,6155,C#CCCCC=O
5516,6156,OC=CCCCCC=O
5517,6157,NCCOCOCC(CC=C)C1CC1
5518,6159,O=NC(=O)CCCCCCC=C=C
5519,6160,NCC(C=O)=CCC=CC=C
5520,6161,CC(C)CCC=CCCNCF
5521,6162,CC(C=C=O)OCl
5522,6164,N=CC(C)C=CCC=O
5523,6165,COC=CC=CCCONC=O
5524,6166,CC=CC=NC(C1=CC)CCCCNC1
5525,6169,NN=CC[SH1]OCCC=CO
5526,6170,CCC(C)CCC=CC=CC=O
5527,6171,CCS(N)C=C=CCOC=CC=C=C
5528,6172,CC=C=CC(O)ON=CCSN
5529,6173,ONNCCC=O
5530,6174,CCCONCCOC=CCC=O
5531,6175,CCCCC(CCCCC)C1C=C1
5532,6176,CCSCC=C(N)CN(O)CC=O
5533,6177,CNCSCCCCCCNCN
5534,6178,NN=NCC=[PH1]CONC(C)O
5535,6179,CCCOC(C)C=CCCCC=O
5536,6180,CCC(C)(C)N=CC(C)=NC=O
5537,6181,C1CC=CC=CC=C1CC
5538,6182,CNOC(C)CCI
5539,6183,N=CC=O
5540,6184,OC=CCN=C=CC=O
5541,6185,CC=CC=NC=CCNCNC1CPCCN1
5542,6186,ON=C=C(C)C=O
5543,6187,CCNCC#CCCCl
5544,6188,OC(C=C=C)=O
5545,6190,C=C(CCCC=C=C=NC#C)C(NC=C)OO
5546,6192,O=NCN(CC=C)C#CCO
5547,6193,C=CC1C(C)(N)C=C=CO1
5548,6194,CC(C)NC(C1COC)SCOCCCC=C=CO1
5549,6195,NC(O)CNC
5550,6196,C1CC=CC=C=C1CCl
5551,6197,C=NCCC=CN=NC=CCC=O
5552,6198,C=C(C)CCNC=C(C1)C=C1O
5553,6199,C=CCCNCC(Br)NCF
5554,6200,CCC(O)CC=O
5555,6201,NCC=C=CCC1=C=C(O)C=NO1
5556,6203,CNC(C(C)CBr)(C1)CC=COO1
5557,6204,CCNCCCSCC=C
5558,6205,C(=C)CCC1CC=CCC1
5559,6206,[PH1]CCC=CC=O
5560,6207,COCC(=C)CCC=CCCC1C=C1C
5561,6208,CCOCOC=CC=CCF
5562,6209,O1C(NCC1(N)C=CCl)S
5563,6210,C1=CC=C(CNNCOCCNC1)NCl
5564,6211,CC=CCCCO[PH1]SCC=C=O
5565,6213,C(C)CONCOC=O
5566,6214,C=CNCCCCCCCCCC=COO
5567,6215,OP(C)C=CC(CO)Br
5568,6216,O1CCCC2C=S12
5569,6217,C=CC=CCCC1OC(C)(O)CC1
5570,6218,O=C(CCCOSN=CCC)C=C
5571,6219,COC=CCNCCC=C=CC=C=NC=C=NC
5572,6220,NCCCCC=C=C
5573,6222,CCC=CCOC=O
5574,6223,C=CCC(C)N=C=C=CCC1ON=CC1N
5575,6224,C1C#CC1OOCC
5576,6225,C1=CC=CCC1C=CC2CC2N
5577,6226,CN(O)C1=C=N1
5578,6227,CCCNC1N(CCO)C#C1
5579,6228,C#1CC=CNC#1
5580,6229,CCC=CC(=O)CC=O
5581,6230,CCC=CC=N
5582,6231,C=CC=CC=S(N)C(O)C(C)C#C
5583,6232,O1CCC=C1CC2=NC2CC=CC
5584,6233,C=CC=C1CC=CCCCC1N
5585,6235,C=C=CC(=C)CCC=C=C
5586,6236,O=CCOCCCCCC=O
5587,6237,OC(C1)=CCSC#CC1C=O
5588,6238,NCC(C)CC(CN)N=O
5589,6239,O1CC2(C)C1(C)C(C)C2
5590,6240,C(C1)C=CC#C1
5591,6242,C1CC1C=C=CCC2CC(C)C2
5592,6243,CN=NNCCNC=CCC(C)OCO
5593,6244,OCC=C1SC=C1F
5594,6246,CC=C=C=CCCC=C(C)C=O
5595,6247,OC(O)C(C)=C=C=S(C)Cl
5596,6248,NC=C(C)C#SCCC=C
5597,6250,CCCCCCCCCNCC=CN=C1CN1
5598,6251,NCCCCCC=CCCCCC=C=N
5599,6252,O(OCC=NC(O)NNCC=C)C=C=C
5600,6253,CCNCSC=O
5601,6254,CCCCCCC(C)CCCCl
5602,6255,CNCCON=C=O
5603,6256,CC(C1)C1C=COCC=O
5604,6257,OCNCCl
5605,6258,NNNNCl
5606,6259,C(O)CCC=O
5607,6260,OCC=CCN(C)NCC([NH1]C)NF
5608,6261,ClNCCl
5609,6262,CC=CCOCCCCCCCC=CN=C=C
5610,6263,C(C)C(C(C)C1)C1(C)N
5611,6264,C1=CC=C1C2=CC=CCCOOC(N)C#C2
5612,6265,O1S=CCC1CSCCC
5613,6266,CC=CC(C)NCC=NC(N)C1C=C1
5614,6267,C(O)C(C=CC[SH1]CNCC=CO)O
5615,6269,CCCC=CC=C=S(C)=CC=O
5616,6271,C1CC=CCO1
5617,6272,CCCCC=C
5618,6273,CCCOC=CC(CCCC=C=NNCCC1)C1
5619,6274,CC1CCC(C)S=NNNS=C(C)CC=C1
5620,6275,ONC=CC=CCCCC#C
5621,6276,O1CC(CCCCOCCN1)N
5622,6277,C(C)CC=C1C#CN=C1
5623,6278,O(C)C=CC(C=C1C=CC)(C)CC1
5624,6279,CCN=C=O
5625,6280,CNC=S=O
5626,6281,OPC=C=CCCC(C)C(C)C=O
5627,6282,CCN(C(S)C)CCC(C)CCl
5628,6283,C=C=CC=CC=C(C=CCS)S
5629,6284,NNCCNC=C(N)C
5630,6285,CC[NH1]C(COC=C)C(C1C2)C12
5631,6286,OC([NH1]1)[NH1]1
5632,6287,OCOC(N)C
5633,6288,CCCOCCF
5634,6289,O=CC(COOCOCCC)CCSCF
5635,6290,CC=CCCCCNC=CCCC=CC=O
5636,6291,CCCCCCCCC1=CC=NCC1=C
5637,6292,OCOC=CC=COCl
5638,6293,S=C(O)NCCCC(N)CC[NH1]
5639,6294,OCN=C1CCCCC=CCCOC1=O
5640,6295,CC1C=C1C=C(Br)OS
5641,6296,OCCC(C)(C)CC=C(CN1)N1
5642,6297,C1=CCC=NC=CCCCC1CN=C=O
5643,6298,C=CC=CCCCCNCC=CC#CC
5644,6299,OCNCN=CC=NCCCCO
5645,6300,CC=C=C(N)CSC=C=NBr
5646,6301,C=CC=CC(C)CC#C
5647,6302,NCCC=NCCCN
5648,6303,C=C=CCF
5649,6304,CCOCC(N)C(=C)OCCC#CNCCC(C)CC
5650,6305,CC=C(C)CCC(C)=C=CCOC(C)[NH1]OOCl
5651,6306,O1C=CCPC1(CN=C(C)NC=C=CN)C
5652,6307,C(C)OCCNCl
5653,6309,CC=NCCN=C
5654,6310,COC=NCNCC=CCCON
5655,6311,C=CN=CSC=CC=C1C=C1CC=CCl
5656,6312,OCNCC#CNCCC#CC=C
5657,6313,CC=CS=O
5658,6314,C=CCCCCCOCCl
5659,6315,OCC1(S2C(C3)(C)NO2)C=C=C31
5660,6316,CC(CSC=O)C=CC
5661,6317,OC(C[NH1]NCCCC=O)C=C=COCCO
5662,6318,CC=C(N)CC=NCCCCN=C
5663,6320,CC=CCNONCCCCl
5664,6321,C#C
5665,6322,OC=C(C=NCS)CCl
5666,6323,C1CC=CC1C
5667,6325,CC(C)=CC(N)C(Br)CF
5668,6326,CCCCC=C=NC=O
5669,6327,NOC(C)C=CCOC=C=CCCCO
5670,6329,CC=CC(C)(CCOC)CF
5671,6330,CNCCOC=CC1C=CCC1=C=CC=C(C#C2)CN2O
5672,6331,C(C)CN=CC=C
5673,6332,CNCCC=CC=O
5674,6333,N1OCCOCCC=C1C(C)C
5675,6336,N=CCCCS=CC(C)=O
5676,6337,CCC=CCCC=O
5677,6338,CC(C)=CCCN=O
5678,6339,CCCC=CCNSCC=O
5679,6340,NC=CC(C)CC=CNC=C=CNON
5680,6341,CC(C)(O)C(=O)C=O
5681,6342,CCCNC(=C)CC
5682,6343,OC=C(C)C=CCCCCl
5683,6344,C1C=CCCC(C)[NH1]N2CNCCON12
5684,6345,OC=CCOCC(=C)CCC=C
5685,6346,C1CC(C)(C)C=C=C(N)C1NOOC
5686,6347,NCCCC=CC=O
5687,6348,CCNCOCC(C1)C1
5688,6349,CCCCCCC=NCCCl
5689,6350,NCNN1CC=NOC(C)(O)COC1(O)C
5690,6351,C(O)C(CN1)CCC2=C(C=C=C3)C13CC=C2
5691,6352,S=CCC1=SC(NO)O1
5692,6354,CCCCC(C)CCCl
5693,6355,C=CC[NH1]NC=CCC=O
5694,6356,C(C)CCC=O
5695,6358,C(C)CC=CC(CC)CO
5696,6359,CN=CC=CCCC1=CC1
5697,6360,C=CCCCCCNCOCCCCl
5698,6362,NC1=CCC1F
5699,6363,C1=CC(O)=SCCPC=S1(O)C
5700,6364,CC=CCCC=SC=O
5701,6365,C(N)(C)CC=CCC=CCONC=CC=O
5702,6366,C=C1C(C=COC=C1O)=N
5703,6367,O1CNC=C1C(C)C=C=O
5704,6368,CCOC=CC=CNCOC(C1)=C1
5705,6369,CCCC=CCCNN(N)C(C)CNONC=CS
5706,6370,COCC=CCC(CC)NCC=O
5707,6371,COCC=CC#CCCNC=CCCC=C
5708,6372,CCCNC=C(C)C=C1C#CC(C)N1C=O
5709,6373,C(CC=O)=C
5710,6374,C=CCC=CCC=O
5711,6375,NC1CN[NH1]CC1CC=COCl
5712,6376,C=COCCNC(C)OCCC1C=C1
5713,6377,C=COOC(C)=O
5714,6378,CCCCC(C)OCCl
5715,6380,CC(C)C=CBr
5716,6382,CCC=CC(NC)CO
5717,6383,CCCCC=NC=C
5718,6384,C=CCNC(C)(O)C(C)CC=O
5719,6386,O=COOC=C=SC=C
5720,6387,NCNN=CC(C)C=C=CC=O
5721,6389,C(C)(=C)C=CC=C(C)CCC
5722,6390,C=C=C(CCCNC=C=CC)NCC#C
5723,6391,SNN(C)CCF
5724,6392,CNC=CC=CCCCCOC=C
5725,6393,N1CNCCC(C)C#C1
5726,6394,C1CCC(=C)C1=C=O
5727,6395,OCCC=NCC
5728,6396,OSCCC=CCCC#CC
5729,6397,CCCCC1=CC2C=C1COCN=C2
5730,6398,O=NCCONCCN
5731,6399,C=NCNC=CPN=O
5732,6400,CCNC(C)C=C(C1)CS1NC
5733,6401,C1=CCC([NH1])C=NC=C1[NH1]
5734,6402,CC=CC(C)C=CC#CC=C
5735,6403,C(N)=NC=CNNCC(OCCl)CN=NCl
5736,6404,CC=CCOC1C=C(CCCC)C=CC=N1
5737,6405,CC(O)(C1)C12C=C2[NH1]
5738,6406,CCCC(C=CCO)CC=CF
5739,6407,C=C(CC1=NCC)CC1N=S
5740,6408,C1CCCNCCCN=CC=C1
5741,6409,OC(C=CCC)CCNC=C
5742,6410,CC[NH1]CCC1OC(C)(ON1COCCCCC)Cl
5743,6411,OCN=CCCF
5744,6412,SCCN=NC=COSCNC=O
5745,6415,ONC(C)=CCC=CNCl
5746,6416,CC=CCCC=CC=CC=C=C=NCC
5747,6417,CC=C=C(CCCC=CC=CCCCO)C=C(C1)C1
5748,6418,COC1C=C=C2CC21
5749,6419,OC=CC=CC=O
5750,6420,O=CCCl
5751,6421,C(C1)(CC=C)=C=CCC1
5752,6422,NCC(C)=C=C=C=O
5753,6423,C1CCCNCC=C=C1
5754,6425,C1CS1Cl
5755,6426,CC=CCCCCCOCCC=CNN
5756,6427,CCC=CC=C=CCO
5757,6428,COC=C=CCSC=COCNC=C
5758,6429,OC(N)CCCC=N
5759,6431,CCONCC=NN=O
5760,6432,OCCCCCCC(=C)C(C1)C1C
5761,6433,C(C)=CC1S2=CCNCC2(C=3)C=3CC1C=N
5762,6434,C(N=NCC)C=NCC=CCCC=C1C=C1
5763,6435,NNC(C)CC
5764,6436,OCCC=CC=CN=O
5765,6437,NCC=C=CCCON=C
5766,6439,CCCCCCC=CC=C=C1C=C1O
5767,6440,CCNCCCC(O)OCNBr
5768,6441,OCCCCC(C)C(CCl)CC=O
5769,6442,OCC=CBr
5770,6443,CC(OCCC=CCCCBr)=C
5771,6445,CCOOCNC(C)C=C=O
5772,6446,NCCCCCN
5773,6447,NC#CCl
5774,6448,COC=C(C)NCOCC=NCC=NC
5775,6449,OCC=C=NCl
5776,6450,NCC=CCC=NC#CCNOC
5777,6452,CCCC=CCNC=C=SNC=C
5778,6454,CC=C(C)C#CC=C(C)CCC=C(O)CCO
5779,6456,CCNC(N)(C1)C1C=O
5780,6457,CC(CC=CCOF)C
5781,6458,CCSC(CC=CC(C)=CCC1=C)C1
5782,6459,CC=CC(C)CC=CC
5783,6460,CC(C)C=CCl
5784,6461,CC#CN=NCC=CCCN=O
5785,6462,C(O)CC=CCC(=C)C=NC(C)C=CCNC
5786,6464,NC=CC=CN=CC=CCCC
5787,6465,N=CCCCC=NC=O
5788,6466,O=C
5789,6467,CCCCCN=CN=SCC[NH1]CS(=CCl)N
5790,6468,OC=C=CONC=O
5791,6469,OCOCCl
5792,6470,N(C)CNCONCNCC(O)NCC(N=N)=CN
5793,6471,NCC=C=NC=CC=CCC=CON=C
5794,6472,CCCC1C=C1N
5795,6473,C(N(C)C)(C)OCOCNC1NC=[PH1]C1C
5796,6474,C=CC=CC(OOC=C)C=COCOC(OOCC=CCC)CCC=O
5797,6475,CCC1CCC(C)N1S
5798,6476,CC1=C=C(C)C1CCC=CCF
5799,6477,CCC=CC(C=C=CN)=CCNN(Cl)CC=C
5800,6478,CCCCCCC=CCCC(CO)=C=C
5801,6480,C=CCNCC=C[NH1]C(O)OCCCCN=C
5802,6481,CC=C=C=CC#CO
5803,6482,C=COCN=C(O)CCC=CC
5804,6483,O=CCC=CC=C=O
5805,6484,C(C)=CC=NCCN=CCC(C)C=C
5806,6485,NOC=C(COCCN)CC=C[NH1]C=C
5807,6486,NCC=CNCCCC=C=CCCC=CC
5808,6487,C12SCC3(CC[NH1]1)C=C3C2
5809,6488,NNC(N)=CF
5810,6490,SCCCCC(C)=O
5811,6491,C1OCCC1=PCC
5812,6492,NOCC=C(C)C=O
5813,6493,CCCC=CCN=C(C=CC=C(O)CCl)O
5814,6494,COCC=CN=NC=SC[SH1]
5815,6495,C1CC=C=C1N
5816,6496,O=CC1C=CN=C1CN2C=C2N
5817,6497,CN=CC=COC=C=CN=C
5818,6498,C1PCCCC=CNCCC1=O
5819,6499,N(C)CCCCBr
5820,6500,CNC=NCOC=O
5821,6501,C(N=CC=NCC=CCCl)CN=CCC(O)N
5822,6502,C1C(C)NCCN(C)CC=C=S1
5823,6503,CC(C)COCCCCCC=C
5824,6504,CCCCC(C)Cl
5825,6505,C=CCC=C
5826,6506,CC=NCNNOCCC(C)NNCl
5827,6507,C=COCCC=C
5828,6508,O1C=CC(C)CN1
5829,6509,C=CC(C)CNCNC=CC#C
5830,6510,C=C(C)CC1NNOC1CCl
5831,6511,CNCC(C)CCC=CCF
5832,6513,ClCOCO[NH1]ON
5833,6514,C(=N)CCCC(N)C=O
5834,6515,CC1CCC(C)C=CN2CC2ON(O)C1O
5835,6517,CC=CCCC(C)C=O
5836,6518,C1NNC=C=CCC(O)C1=O
5837,6519,CC(C)(CC=NC=NC(C)I)C=CCC=O
5838,6520,CCOOCC(C)=C(C)CCCl
5839,6521,O(CCCC1)CC1C#N
5840,6522,C=CN=CC(C)CC#COCN1CCCN1
5841,6523,CCSCC=C1CC=CCN1CC
5842,6525,NCC=CCCC=CCNC=C=O
5843,6526,CC(C)=C=CC=1CC=1C
5844,6527,NC=CC=CON(N)CF
5845,6528,CC=CC=CSC1NC1
5846,6529,C=CNNC=C(O)C=NC=NCl
5847,6530,C=CCC=C(C=CCC1C=C)CCOCN1NC=C
5848,6531,OCCCC(S)OOCF
5849,6532,O=CCC1=CN1C(ONC)=NC
5850,6533,N=CCC=CC(C=O)CCCC=C=N
5851,6534,C(O)(C)=COCCCC1=CC1
5852,6537,CC=C=CC=C=CCC(C)CCCBr
5853,6539,C1CC(CCCCC2)C2=CCOC1C=CC=C
5854,6540,CNCCNN=N
5855,6541,CN1CC=NO1
5856,6542,COCCCCCCCNOCC
5857,6543,C(N)C=NC=CCOO
5858,6544,ON=C=CCNC1(C)CCO1
5859,6545,C(C)OCN(CCOC)C(Cl)C
5860,6546,CNC[NH1]C=O
5861,6547,CC=C=CF
5862,6549,C1=CCCC(C)C=C=NCOC1=[NH1]
5863,6550,CNCCCC=CN(N=CC=N)CC
5864,6551,CC(C)SCC=NC=C=O
5865,6552,C=CC=CC=CCC=O
5866,6553,CC(C)C=CCCC=CCCC=C=CCOC(CC)Cl
5867,6555,O1C2CSC=NCCC=C1CNCC2
5868,6556,CCCCCN1OC1(C)C=C
5869,6557,CNCNCCC=CC=O
5870,6558,CC=CC(CCNC)=O
5871,6559,CCNC(C)CCON=CCC=O
5872,6560,OC#COCC=CC=O
5873,6561,C1=CC[NH1]C1
5874,6562,ONCN(N)C=O
5875,6563,NNC=CC=CCC=C1OC1
5876,6565,N=CCCCCC=O
5877,6566,CCCCC=C=C(C=C1CN1C=C)C=O
5878,6567,CCCNC=NC=C=C=CCC
5879,6568,NCN[NH1]CNC=CCC=CS
5880,6569,NCCC=C=CC=CCC=O
5881,6570,CCC=CCC(CC=CC)OI
5882,6571,CC=CNC=CCl
5883,6572,NCNCC=O
5884,6574,CNC
5885,6575,CCCCCSC=C=CCCC=CNCCl
5886,6576,C=CC(C)COC(O)C=O
5887,6577,CCCCCC(C(C1)OCONOS)C1N
5888,6578,NCNC=CCCNCC=CON
5889,6579,NCC(N1)C2CCC=COSS(C)CC21
5890,6581,CC(O)CC=O
5891,6582,CCCCC=CCN=CCN=NCC=O
5892,6583,CCCC1(C)CCSC1C
5893,6584,CC(C)C(CCC=O)NCCCON
5894,6585,N=C=C=C(C)OCC=C[NH1]CSC=C=CC
5895,6586,OC(C)NOCCO
5896,6587,NCOCC1CN1F
5897,6588,O1CC2C=CCCN=NOC=C2CC1
5898,6589,CCC1C=CCC=C1O
5899,6590,CONCCCF
5900,6591,NOCF
5901,6592,CCNC(C)C=NC=C(C1)N1
5902,6593,CCCCCC(C=CCNC)C=C(Cl)C
5903,6594,CC[NH1]C=CN=C
5904,6595,CC(N)CC=CCNC(N)C(C)Cl
5905,6596,C=S(C)CC(=C)O
5906,6597,C=CSC#CCN(C)N1N=C1
5907,6598,CCCCC=CCNCCC#CC=CO
5908,6599,C=CC1=CCC(C)CNCOC=C1
5909,6600,C=CNC(C)Cl
5910,6601,C1C(CCCC)C1=O
5911,6605,CCC=C=C=CN=C=C=O
5912,6606,CCCC=CC=C(C)C=O
5913,6607,CCCCC=COCC=O
5914,6608,C1CC(C=O)=C1N
5915,6609,CCC(C)C=COCC=N
5916,6610,ON=CCS=SCC(C)CC#N
5917,6611,C=CCCCNC=O
5918,6612,N(C1)=CC=C(O)CC1=S
5919,6613,CC=C=CN=CC=CC=CC=O
5920,6614,N1CCCCC(C)N1C
5921,6615,N(C)CC(C)C(=O)CCO
5922,6617,NC=CCCCC=O
5923,6618,CSCCCCOCS(=C)C=O
5924,6619,CCC(CC=O)CCCC=CO
5925,6621,NCN(C)CC=COC(C1)O1
5926,6622,CCC(N)CC=C[NH1]CC=CC=C=O
5927,6624,CNOCN=CC1C(C)(C2)C3C[NH1]C24C3C14
5928,6625,COC=CCC=NC(C=C)C#C
5929,6626,CCCCCCC
5930,6627,OCNOC=C=CNCNCF
5931,6628,N1(C)C(C)=C1O
5932,6630,C=CCC#CCC(=C)C
5933,6631,C(C)C=CS1[NH1]CC1
5934,6632,CCN=CC=CC=CCC=SC
5935,6633,CN=SCCC(C)CS=CCCCCF
5936,6634,CCCC=CCCC=C(O)CC=O
5937,6635,CC=CCN(C)C=O
5938,6636,C(=CCCl)=CF
5939,6637,C=CC(C)=O
5940,6638,CCCCCCBr
5941,6641,ONCN=CC(C)C=CC
5942,6642,CC=CCC=COCC=C=CCN1C=C1
5943,6643,CCC=CC(C)(CCCCl)CN
5944,6644,O1CC(C1C)CCC#CC
5945,6645,C=CCNCF
5946,6646,CC=CCNNC=CC1NN1C=O
5947,6647,CCOCC=CCC=S=C=O
5948,6648,CC1(C)C=CNC1CC=O
5949,6649,C=C(C)OC=CC=C=NO
5950,6650,CCCNS=C=C=O
5951,6651,[PH1]=CCNC=NSF
5952,6652,C=CCCCCOCCNCCC=CC(CC)OC
5953,6653,COCSCC=CC[PH1]=O
5954,6654,CCN([NH1]1)C1=COCCOCCNC2C=C2
5955,6655,C(C)CCl
5956,6656,CC=CCC=CC1NCC=CC1CC=CC=C
5957,6657,CNC=CN=CC=C(O)C(C)CCl
5958,6658,C=C(C=CC=O)C
5959,6659,CC=C=NC=CC=COF
5960,6660,C=C=C(CC[NH1]C)C
5961,6661,NCC=NC=CCNC=O
5962,6662,OC=CCCOCC=NC=CC=CCC=CN
5963,6663,CCCCN(C)C=CC=O
5964,6665,C1=C=C=SO1
5965,6666,N=CCNBr
5966,6667,CCCCCCCCNO
5967,6668,CCOCC[NH1]CCCCC=C
5968,6669,CNNCCCl
5969,6670,NCC(C=CC(CCCN)C)C=COC(=NO)O
5970,6671,CCCCS(C)(C)(CSCC)=O
5971,6672,S12NNCN1C2CCF
5972,6673,C1CC(N)CCO1
5973,6674,CCOC=CCCN=NOCCC1CO1
5974,6675,COCC(C)C=CC(C)SC1=C=CC=CN=N1
5975,6677,CCC=CC=C1CCCCC12CC2
5976,6678,N(C1)C1(O2)ON2NO
5977,6679,C=C=COCCF
5978,6680,N1OC=C=CC=CC=CCCCO1
5979,6681,C1CC(CSCCC)C=CCCCCC=C1
5980,6682,N=1CCC=1COOC=C=N
5981,6683,O=CCOC=O
5982,6684,CNCCCCOCCC=NC=O
5983,6685,N(C=CCC1CC=C=O)=CSC=C1
5984,6686,CCCCC=C=CC
5985,6688,C=NCCBr
5986,6689,NCC1N=C=CC#C1
5987,6690,CCCCOCC#CCC(C)C=CO
5988,6691,CCNC(C)NCCCC=C=C(N1)C1
5989,6692,C(N)CCl
5990,6693,N#CNC=NCCC=CCCC
5991,6694,O=CCCC=CCSCCC(C)CC
5992,6695,C=CCCCC1SN1C
5993,6696,CCN=NCCC=CCCC(=C)N=N
5994,6697,S1(OC=C)CCCSC(CC=CC)N1NNC=O
5995,6698,C12C=3C(C(=C)C1C=CC2)N=3
5996,6699,OCSCC1=CC1O
5997,6700,CC1NC(O)C=CC=NNOC=C1
5998,6701,OCC[NH1]OC#CCCCCCl
5999,6702,O=C=C=C=C(C)CNNCOCCC=C(C)C=CCNC=C
6000,6703,CCNCCCNC1=CCNC=CNCC=C1
6001,6705,CCC1=NC=CC=NNC=CCC=C1
6002,6707,C12C(C)CC=NON=S1=CC#C2
6003,6710,CCNCC=CCC(C1)O1
6004,6712,COOC(C=CCCN)CNC(C)CC=C
6005,6713,OCC(C)NC1CC=C(C)CCCCCO1
6006,6714,NCNCC(C)C=1OC=C=CS=CC=1
6007,6715,CC=CCC=CC=C=CCCC=C=NI
6008,6716,ClNN=S(C)(C(C)=C)F
6009,6717,N1(N)CC=CC(C)=C=CC1O
6010,6718,N=CCCCCCCC#C
6011,6720,CCC(F)CCCC=CCOC=C
6012,6721,CNC1(N)C(CCC)(N=C)NC1
6013,6722,OCCC=CCNC#CC1=C=N1
6014,6723,N1OC1=C
6015,6724,OCC=CCC(CF)N=C=O
6016,6725,N1C(C)CN(C=CCC2N)C12
6017,6726,CCCOCC=O
6018,6727,O1C(CC=O)CCC1CC=CCCl
6019,6728,CN=C(O)CCCC=C(C)CN=O
6020,6729,COCN1CCC=NNCC(=C)CCC1
6021,6730,CC#CC=C=C=CCNC=O
6022,6731,CC=CCNCC=CC=O
6023,6732,OC(=C)Cl
6024,6733,OC=CCCCCCNC
6025,6734,O1CN=NC(C)C1
6026,6736,OCNC=C=CC1CC=C=CCN1
6027,6739,C1N(CNCC)C=C1N2C=C2
6028,6740,CCCCOCC=CCC=C=O
6029,6741,NONC=C=CC(C)C=O
6030,6742,COC(OCC)C1C(OC=CNO1)CSNOC=COO
6031,6743,NCC=CC=CC=CC=CSNNC=C
6032,6744,CCC=CC(C)Br
6033,6745,COCONCCCCCCC=C1NC1C
6034,6746,CC(C)(C)COCCC
6035,6747,O(N)NCSC=O
6036,6748,[PH1]C(=C)CCCl
6037,6749,CCC(COCC)CCN(C)C=O
6038,6750,C1COC=CCCC=CONN1OCC
6039,6751,CCCCOC(C)CSCC1CC1
6040,6752,CCN=COOC=CC=COO
6041,6753,C=CC=CC=C=CCCC=CCCl
6042,6754,CCC=CN=NCCN=NCC=O
6043,6755,CCC(CN[NH1]C)C1C=CCCC#CCC=COCC1
6044,6756,N=CCCN1CCCCN=C1
6045,6757,CNOCC(C1)CC1O
6046,6759,CC=C=NCC=C=CC(CNC=C)OC=O
6047,6760,CCCC(C)C=C(CNCl)CC=CNON
6048,6761,C=SCC=COC(C)CCCOCCCl
6049,6762,OCC=C(C)C1CC=CC1OC=C=N
6050,6763,CNOF
6051,6764,C=NCCCN=NC=COC=O
6052,6765,CC(C)CSCCOC
6053,6766,N1=CCC[NH1]OONS1(S)C=CNC[NH1]C=O
6054,6767,N1CCCC2=CC2(C)N1
6055,6768,CC=C=NCC(OCCC=C1)CC1
6056,6769,C=CCSCPC=CCOC(C)CC1=CC1O
6057,6770,C=CC1=CCCCNC(=C)NC=CCC=N1
6058,6772,C1CC=CC(C)C=CCC1C=C
6059,6774,OCNC=CCCS#CCS#C
6060,6775,O=CNCCOCCCCC=C=O
6061,6776,OCCC=CC(C)CNC
6062,6777,[PH1]C=CCCCOCC
6063,6779,NC=C=CCCC=C=O
6064,6780,CNC=C=C1CN(C=CCCC2)C2CCCC1
6065,6781,C=CNC=O
6066,6782,C1CC1(C)CCCCCCC=O
6067,6783,CC(C)(N)NCCCC=C
6068,6784,CCC=CCCCC(C1)C=C1
6069,6785,OO[NH1]C=O
6070,6787,CNCNNCCOOSCC=C=CO
6071,6788,N1CC=CC(N)CS=CC=C1C#C
6072,6790,C(N)=CNC1C=C1Cl
6073,6791,CC=CCOF
6074,6792,OCC=CCCCF
6075,6793,OCCCC=C=C(C[NH1]O[NH1]O)C
6076,6794,C12CCCC=CCC1NC2C=O
6077,6795,CS(O)OOC=CN(C)OC1=C=C1C
6078,6796,CCSC(C)NC(C)NCCC
6079,6797,C(F)C=C=C(C)CC=O
6080,6798,CN=C=CCC=CC=C
6081,6799,O1C=CN1C=CCC=O
6082,6800,CCC(C)CCC1C=CC=CC=NOC1
6083,6801,NC=CCC=O
6084,6802,CC=CONC(C)F
6085,6803,COCCC=CCN
6086,6804,CCCCC(=CCC)C=O
6087,6805,N1C2C=C2NCCC1
6088,6806,C=C(O)C=1NC=CC=1C=CCC(C2)C2=CCC=O
6089,6808,COOCCCCC(O)(Cl)C=C
6090,6809,CSC=SNC1=C=CC(O)CCCCCO1
6091,6810,OC=CCC=O
6092,6811,O=COCNCCON=CC=C
6093,6813,C=CNC#C
6094,6814,C=NC(N)=CCC=C(C1)C1OC#CO
6095,6815,NCCCF
6096,6817,BrCOCO[NH1]OCC=O
6097,6818,CC(Cl)(N1)C1
6098,6819,ONSCC(C)CC=SCC=O
6099,6820,C=CCCCC=CCCC=C=NC
6100,6821,C=CCC=C(N(C)C=COC=C=O)CBr
6101,6822,C=C(N)CC#N
6102,6823,C(N)OCOCOC1CO1
6103,6824,CC=C=CC=CC1=CCC#CN1CN=N
6104,6826,C=CCOCNCNCC(C1)=CC=CCCNC(C)=C1
6105,6827,C=COCCON=CC=O
6106,6828,C=CCOC=C=C
6107,6829,C=CC(N)CF
6108,6830,O(C=CN=C1OC=O)N1OC2=CCONC=N2
6109,6831,ClCC(CCC=O)C=CCCC=C
6110,6832,CCCCSCBr
6111,6833,OCS(C=NCPCCN)CCNPC
6112,6834,CCCOCPONC=CC=C(C=CC=C)C=CO
6113,6835,CC=CCC(N)CC=CCCC=CCC=CC=C1CC1
6114,6837,N=C=C=C=C(C)CC1=CCC=C1
6115,6838,N=CSC=O
6116,6839,CCCC=CCCCCN(N)CCCC#C
6117,6840,OCNC=CCI
6118,6842,OCC(C)C=O
6119,6843,OCCNN=O
6120,6844,N(C)=CC(C)(O)OC=C=C=N
6121,6845,NC=NC=CCC=CC=C=C
6122,6846,CCC([NH1])N(C)C=CCF
6123,6847,NC(O)CCCl
6124,6849,NC(C)CCCC=O
6125,6850,O=C=CCCC=CC=O
6126,6851,C1NCCC=C1
6127,6852,CC=CCCN=SSCl
6128,6853,CCC=CBr
6129,6854,CCC=C(C1)N=CCC2=C1NCC=CCCCCC(C)C2C
6130,6858,C[NH1]C(C1)C1CN=C2C=C2OO
6131,6859,CC=CCCCCC=CC#CNC=CC=C=CBr
6132,6860,C1CC1CC(C)OOC2=CN2N
6133,6861,CCNCOCCC=CCOCOCCN=O
6134,6862,OCC#CC
6135,6863,NCN(O)C=NCCOC
6136,6864,CCC=CNCCCN=O
6137,6865,C1=C=NCC=CN1C
6138,6866,SN=PN=O
6139,6867,CC=CC(C=O)N=C=C(O)CCOCOCC
6140,6868,OCC=CC(C)OOC1C=NCCC(OOS)=C1
6141,6869,C=CCN=C=O
6142,6870,N1N=CCNOCCCC=C1
6143,6872,CCCCC(C)=O
6144,6873,CCCC1CC1CCNC
6145,6875,COCCCCCC(N)=O
6146,6876,C=CC=C(CCC#CNC(C)C)C
6147,6877,OCC=C(O)CSCCNNCS=C
6148,6878,CCC=CSCC#CC=C1CC1CC=C
6149,6879,NCC1CC(C)O1
6150,6880,CCCC=C=NCC=O
6151,6881,CC(C)N=CC=C1C=CC=CN=C1
6152,6882,CCCCCCC1=CNOONC1
6153,6883,CCOONCNC=CCON=CC=CCCOCO
6154,6884,N(O)CC(C)NCC=CCNCCCl
6155,6885,C=1S=CC[NH1]COC=C=1
6156,6886,NN=C(C)C=C=CC=CC=CC=CCCCC
6157,6888,NC(O)C(C)S=CCC1C=C1
6158,6889,C(O)C=C(N=C=C=C1)C1C=CCCOCOONO
6159,6890,CCC(NCCN)C=CC=CC
6160,6891,CCC=C(C=CC(C)C=O)C
6161,6893,C1OSC1C=CCCOC=CCCCOC#N
6162,6895,OCCCCNC=CN(O)NCC(C)CC=CN
6163,6896,C=CC=CC(O)C=C(C)C(OCCC)CCC=O
6164,6897,N(=CNCC=NCO)O
6165,6898,CCC(C)NC#N
6166,6899,N1=CCCON(C)CCCCCC#C1
6167,6900,NCCOC=C=C=N
6168,6901,CN=NNCNC=CC(C1)=C1
6169,6902,CC=C(O)COCC(O)C1CC=CC=C=C=CC1
6170,6903,OCCC(C=C=CN1)CCC2NC12
6171,6904,CC(C)(C)OCCC=C(C1)C1
6172,6905,NOCOC=C=CC=CC=CO
6173,6906,C=C(CCN=NCCNN)C=O
6174,6907,C1OCN(C=CCC)OC1(C)C=CC2CC2N
6175,6908,OC1=CCCC=CC=CC1
6176,6909,CCC(C)NC(=N)CC
6177,6911,OCC=CC#CCF
6178,6912,CNCCCCCOC=C=C=CC=NC=C=NOC=NNC#C
6179,6913,C=C=CCCC1C2C(C)CC=CC1CCCCC2
6180,6914,C(C)C=CC(N=CCC)CC=CC=O
6181,6915,CCCCCCCC=O
6182,6916,CCC(C)=C1CC=CC=CCCOC1
6183,6917,CCCCNCSCC
6184,6918,NCCS#N
6185,6919,CC=C(C)NC1C=C=NC=C1
6186,6920,NSCCCNOC=CC1OC1[PH1]
6187,6921,OOCCP(NNC=C)=COCC(N)C
6188,6922,C=NOCCN=O
6189,6923,C1C=C1CCNCC
6190,6924,CCCNOOCC=O
6191,6925,O=C=CCCC(C)CCON
6192,6926,OCC=COCC(S)CC=O
6193,6927,N=C=C=C=CCC=CCCC=C
6194,6928,BrCC=C
6195,6929,C12OCC1NC2C
6196,6930,CCCCCCCCC(C)CO
6197,6931,CC=C(C(C=CCC)N=NC)C1C=N1
6198,6932,OCC(=N)N1CCCC1
6199,6933,NC(C)CCC=CCC=O
6200,6934,C(OCCC#CC=CCCC)(C)C
6201,6935,NNCCCCC=CC=N
6202,6936,N1=COCCC1(Cl)C#C
6203,6937,C=C=CCC=CC=CC=O
6204,6939,CC=CNC=NC=CCCC[NH1]C
6205,6940,O=CC=C=CC1CCNC(C)CCCO1
6206,6941,C(=C=N)C=CCF
6207,6942,COCC(C)CCCCF
6208,6943,CC=CN=CC=O
6209,6944,OC(C=C)C=O
6210,6945,CCCC1(C)C(=O)CCC1
6211,6947,N=CC=C(N)SCCOC=C=C=C
6212,6948,COCN=CC=CCNC=CCNF
6213,6949,C=COC(C1)CC=NCNC1
6214,6950,C=COC=C(C)CC=SCC=O
6215,6951,CCCSCC1CCC=N1
6216,6952,C=CC=CC=NOCN(O)CC
6217,6953,N1N=CC(C)C(O)(C)CC=C1
6218,6954,CCC=C=CCC=O
6219,6956,CC=CCC(C)(CC=CC#1)C#1
6220,6958,CCOOCCCSC=COONCCl
6221,6959,OC1(C)CCCC1ON
6222,6960,OC=NN=CC=CNC(C)(C)ONOON
6223,6961,CCCC(C)CCCF
6224,6962,CC(C)N(C)CC=NC=COCCC
6225,6963,C=CCN(NC=N)C(C)=NC=CC=COCNC=C
6226,6964,C(N)CCCCCCNO
6227,6965,O1OCCNC=CC(C)NC(N)C1O
6228,6966,COCC=C=C=NCBr
6229,6967,O=NCC(C1)=C1C=PCC=C
6230,6968,CNOC=O
6231,6970,CC=CCCOC(C)CCCCNC=O
6232,6971,C(C1CNC)=C2C=CC3C12C3S
6233,6973,NCN=S=C(NC=C=C)C=CC(N)Cl
6234,6975,CC(C(N1)=C1N=C)OF
6235,6977,C1=C=C=CCCCC1
6236,6979,NCNCNOC(=C)CC=C
6237,6980,NC=NC=CC=C=CC=O
6238,6981,COCON=NC=CO[NH1]C(C)C1=CC1
6239,6983,ClCC(C)C(F)Cl
6240,6984,CNCCC=CC=NCSC=C=C=C
6241,6985,N1CCC(=C)C=COCNOC[NH1]C1O
6242,6986,O=CCCNCONC=O
6243,6987,C1CCC=NN1C(C)=O
6244,6988,OOC=C=CCCC(CCl)=C
6245,6989,OC(C)C(O)CCF
6246,6990,CC=CC1NC=CC=COC=CCC1=N
6247,6991,CCN(C)C
6248,6992,CCC=CCC=C(N)C([NH1]C)NN=CCNO
6249,6993,ON=C(C)CON(CC)CBr
6250,6994,ONOCCCCN=C(CC)OCN=O
6251,6995,C=CCCC(OC=CC)OC=O
6252,6996,CCCCC=CCCl
6253,6997,C1CCNC(CN)(CCO1)NC
6254,7000,C=C=CCCC=CC=C(C)C=O
6255,7001,CC=[SH1]1CCCC12C=S(C=C=NC2)=C
6256,7002,ONN(C)CCCC(CO)NF
6257,7003,ClCCOCS=O
6258,7004,CCN(C)CCC=CC#C
6259,7005,C=CCNCC(CF)ON=O
6260,7006,N1(S2)N2CCC=CCCOCC1
6261,7007,S=CC=CCC1CN1
6262,7008,OC=COCC
6263,7009,CC=C1C=CCNCCS(O)C=NCCC1
6264,7010,C1CCOC=P1C
6265,7013,C1=CCCC=CC=CCNNC1
6266,7015,CC=C=NC(C)CC=CC=CSOC=C
6267,7016,CCNC=C=NC(C)C1=CC1O
6268,7018,C1=CC=CC=C=C1
6269,7019,CN(C)C=CC=O
6270,7023,CCCCCC=NCNCCN1OCCCCC1Cl
6271,7024,C=CC(C(C)[NH1]NCS)CCF
6272,7025,C=NCC=COCCC(Br)C=O
6273,7026,C1(Br)(N)N(C)CCC=C=C1
6274,7027,NCCOCCCC=POCCC#C
6275,7028,C=C=CC=CCC#C
6276,7030,C1CCCCC1C=CC(C)=C
6277,7031,C1C#CCC(C)C1C=CC=C
6278,7032,C(CNCCS=CCCCC1C)=C1
6279,7033,NCC=CCC=CC=CN
6280,7034,CC=C=C=NC(C)COOC=C(O)C=O
6281,7035,CCC=C(C)CCCC=O
6282,7036,ONC(C)C=C1CC1NOC=CCl
6283,7038,C=CCCC(CN)CSC=CCCOCCO
6284,7039,C=1=C=C(C)C(C)C=1
6285,7040,C1C=C2CC2=C(S)C1(C)N=C
6286,7041,OCC#CNC=NC=CBr
6287,7042,ONCCNC=CC#CCl
6288,7043,NCNCOOCC=CC=COO
6289,7044,NC(=N)NC=CO
6290,7045,C=COCCC(O)C=CSC#N
6291,7046,C=CC(C(N)CCCN)CCCC(F)N
6292,7047,NOCOC=O
6293,7048,C1S=C1C=CC=CC=C=C(C)CCCCC
6294,7049,CCNOC#CC(C)C=NC
6295,7050,OCNC(C)(C1)CC1O
6296,7053,CC=CCSOC=C=[NH1]
6297,7054,NCCCCCONC=O
6298,7056,CCCCC=C(C)CC=O
6299,7057,N(=N1)CC=CC1C=COCF
6300,7059,NC=C=CC1C(C)CC1
6301,7060,OC=CC=COC=O
6302,7061,CC=NN=CCNC(N)(C)CCCC=O
6303,7063,C1=COC(CCOC1)CNCCS
6304,7064,OCNCC(C)=NC=CC
6305,7066,CCSCCCNC=C=C=O
6306,7067,COC(C)CC(C)C(F)COC=O
6307,7069,COCCF
6308,7070,N1OCCCNC=CC2C1C2C
6309,7071,C1CS(O)CC1CCC
6310,7072,NC=CCN=C[NH1]C=N
6311,7073,ONCCOCCC=O
6312,7074,C(C1)(C)C=C(ON=CCO2)C2OC1
6313,7075,N=CCCC(CN=NC)C(C1)C=C1N
6314,7076,CC(C1)NNC=C1C=O
6315,7077,CCCCCI
6316,7078,CPN=CCCC(C)C=CC
6317,7079,C1OCN=CC1=C=CCCl
6318,7080,N=NCCOCCCC=C
6319,7081,C1CCCCCC=C1C
6320,7082,C1CCCN(CC=CC2)C21N=CO
6321,7083,CC=CC(C=O)(C)C(C=O)NC
6322,7084,N(C)N=C(C)CNCC1C(=O)CN=CCNCCCNN[NH1]1
6323,7086,C1C(CCCCCC1CNC)C#C
6324,7087,C=SC1S(N)CCO1
6325,7088,COOCC1C=NNC=C1CCC
6326,7089,C1CCC=CC=C(C)CCCC1Br
6327,7090,O1CN=CC(C=CC1)=NO
6328,7094,CCNC#CC=C=CC=CC#C
6329,7095,C1=CC=CN=C=CC1NCCCCN=N
6330,7096,N=C(S)CCC=C=N
6331,7098,N1CCCC1(O)C=O
6332,7099,O=CC=CCCCC(C)CC(C1)C1C
6333,7100,C1CNCC=N1
6334,7101,C=C=C=C=CC=CCCN=C
6335,7102,CNCCC1=CC1CNC=CC=C
6336,7103,CC1(C=CC=O)NCN1
6337,7104,CCNCONC=C=COCC=C
6338,7105,C=CNCCl
6339,7106,NNCCCl
6340,7107,N1CN(CCC2=C)CNC2C=CC=C1
6341,7109,CCCCC=C=NC=C=CCO
6342,7110,C1NC1C=CN(O)C=C=NC=NC
6343,7111,NC=CCOCCC=CC=CC=CC=CN=NCCC
6344,7112,N1COC(=C)CCCC1CNC
6345,7114,CC(CC=C)C=CCC=O
6346,7115,O(CCCCC1C=O)CCN1N
6347,7116,C=CCC=CCN=O
6348,7117,CC#CCC=CC(C)OCNN
6349,7118,N=CCC=C1C=CCC2C1C2
6350,7119,OOSNCCCl
6351,7121,OC(=C)CCC(N=O)C=C=S(C)=CCCl
6352,7123,CCCC(C)OC#CNO[NH1]C=C
6353,7124,CCC=CC(=C)OONCCS=O
6354,7125,CNCCCCCCC=O
6355,7126,CCC=NOCC1(CC=O)CC1C
6356,7129,COCCOCC(=C1N2NF)OCC21
6357,7130,CCCCN1CNCCNCOC1
6358,7131,N1COC=CC1C=CCOCCCCN=SO
6359,7132,C1CCCC=CC=CCC1Br
6360,7133,C1CC1(CCNC)C(C)C#COC
6361,7134,CCCNOC=C(C)CC1=CC1
6362,7135,CCC=C=C=CCCC=C=CC
6363,7136,CC(C)C(C)OCC1=CC=C=CON=N1
6364,7137,C=COC=COCCCCCCCCl
6365,7138,OCC=C=C=CCCCCC(COOO)C=C
6366,7139,CCCONCC=CCCC=C=O
6367,7142,CC1=NCCC1CCl
6368,7145,C12C(C)C=CCCC1CN(O)NC2
6369,7146,C1=C(C)C1(COC=CNC=CO)C=NN
6370,7147,N=C=CCCC#CC(C)C=O
6371,7148,C1C(C2NSCC=C2CC=C1C3)C3
6372,7149,O1CCC(=C)CC(=C)CNC=C1
6373,7150,C1CC(C)CC1CCCCC=CC(C)=O
6374,7151,CCCCCCC(=C)CCCSS=S=NCC=C
6375,7152,C(CC=C=O)CCC=O
6376,7153,OCCC(C=O)Cl
6377,7154,C=NC=CC#CCCNC=C=O
6378,7155,CCCNNC(=C)C1=CC1C=CO
6379,7157,C1(C2)C=C12
6380,7158,OCNNCCCCC=C=CCOC(CCCCCC=C)=CCCOO
6381,7160,C1COCCC=NC1(C)CC=O
6382,7161,C=NC=C=CNO
6383,7162,C=C=CCC1=CC(C)C=C1ON
6384,7163,ON=C1CCS(C=O)C(N2)C12
6385,7164,C=C(C)CSCNCOC
6386,7165,NOCOC(C=CCC=CC#C1)C1
6387,7166,C1NN=C=CCCC=CCCCC1=O
6388,7167,CCCC(C)C(OCCCC)C(C=O)C(C)N
6389,7168,NC=CON=C=O
6390,7169,C1CCCC2N1C2CCBr
6391,7170,ClCCC(Cl)PCCS=O
6392,7171,CC(C)SCN=O
6393,7172,NN(C)C
6394,7173,CC(CCCOCCCC=CC)=O
6395,7175,CN1CCCC1C=CC=O
6396,7176,C=CCCCNN=O
6397,7177,CC=CC(O)(C)OCCl
6398,7178,CNCC=CC=C(N)CCl
6399,7179,CC(O)C=CCSC1=SN1C=C(N)NOC=C
6400,7180,CC=C=CC(CCCC=1)C=1CCl
6401,7182,C=C1CCCC(N)C=CCCCC=C1
6402,7183,C(C)C(=C)C=C=C
6403,7184,CCC=CCNNC=C=O
6404,7185,N=NCCC=CCC=CN=CCl
6405,7186,NCC1NCC(C)=C1OOOCS=C(N)CC=C=C
6406,7188,N1=NC=CC(=C)CCCC=N1
6407,7189,C1=C(C)CC1CCCCC=CC
6408,7190,NNC(C)=CC=CC(C)OC=C=SSCC(=C)O
6409,7191,CC=C=CC=C=C(C)NOC=NCC1C=C1C
6410,7192,CC=NCOCC1S(C)=CCO1
6411,7193,C=C(CC(C)=CC)OCCC#CCC=C
6412,7194,CCCNCCCCCCCl
6413,7195,OC=CC(C)CCF
6414,7196,N1CC=C(C)C=C=C[NH1]1
6415,7197,C(O)CCCN(C)C(=N)ON=O
6416,7198,CC(C)=C
6417,7199,C=CC=NC=NC=CCCNCC
6418,7200,C1CNC(=C1C)COC
6419,7201,CC(C)ON(C1)CCCCOCC=CC1
6420,7202,COC1C=CCSC1
6421,7203,C=CC=C=CC=CN=NC(=C)CN=CC
6422,7204,C=C=C1OC(C=C=C1CC)OO
6423,7205,CN=NC1CCC=C1C=CC(N2)(C)N2
6424,7206,OCCCC(C)(O)N=CCC=O
6425,7207,CCSC=CC=O
6426,7209,CNCC=CBr
6427,7210,NNCCNC=CC=O
6428,7211,C1C=CC=C=C1O
6429,7212,N1C=CCNCC1=C=N
6430,7215,CC=CC(CN)N(N=CC)CCC=C
6431,7216,C(C)CCC=C1C=C1Cl
6432,7217,OCC=CC=CCOCCNSCCC=CCC
6433,7218,COOCOC(C)CSC
6434,7219,CC=CNCC(N1)C#C1
6435,7220,C(CCCC(N)NC1)C1=O
6436,7221,OCC(NNCCOC=CC1=CN1)O
6437,7222,CCNCOCCCNCC=C=C
6438,7223,C(Br)OCNC(C)=CN
6439,7225,C(=C)SC(C)OC(C)CCC#N
6440,7226,CN=CC=C=C=C(C1)[NH1]C1
6441,7227,C(NCC)=C(C)OCCCC=O
6442,7228,CCCC(C=C(S)C=NC[NH1]OCO)=CCC=CC=COO
6443,7229,NNCCCCC(C)=O
6444,7230,CCOOCCPC=CC1C=C1CC
6445,7231,CCCNC=CCCCCCC=O
6446,7232,C(C)CN=CC=CCC(C)=O
6447,7233,C=1=CC=1N=CC=O
6448,7234,C(C1OCC(=C23)N=CCO2)C3=C=NN=C1C=SC(C)C=C
6449,7235,C1=CNCNC(C2=CC)C=C1NNOO[NH1]NP2
6450,7238,CCC(S)C=CCSC(C)C=CC=NCN
6451,7239,CCCOCCC(C)CCN1CSCCC1
6452,7240,OC=CCCC(N)CCC=O
6453,7241,NCCC(CCC=C)CCC=C(C1)C1
6454,7242,CC=C(C=1)C=1
6455,7244,CCCC#C
6456,7245,OC#CCCN=C(C1)CC1
6457,7246,C(C(C)=CC=O)OC=C=O
6458,7247,COCC=COCC1=CCCCC1
6459,7248,CCN=NC=1C=C=1
6460,7249,C1CC1C=C=O
6461,7250,N1CC=NC=CC=CC=C1
6462,7251,N1C(C)OC1OC=CF
6463,7252,C1CCCCC2(C)[NH1]CC1CC2
6464,7253,N1C(CN=CCN)CCOC1
6465,7254,CCOC=CNCC=CCC=CC=CC=C=N
6466,7255,COS=CNC=C=CF
6467,7256,COC(C)CC=CC(=S)C=O
6468,7257,O1CCC1CCF
6469,7258,C1NCC=CC=CN1C
6470,7259,C=CCCC#C
6471,7260,NCN=C=C=C(C=O)OC(N)Cl
6472,7261,CCCC=C=COC=C=PC=CCCCNO
6473,7262,O1CCC(C)CNC#C1
6474,7263,CCC=CCCC=NOC1C=C1
6475,7264,CC(N)NCOCCCNCNN=CS
6476,7265,OCOC(C)CCC[NH1]N(C)C(=C)CN=CC=O
6477,7266,C(C)C=CC1=CCON1
6478,7267,CC(CCSC1(C)CC=C)C=C=C=C1
6479,7268,N12CC(N)N1C=CCN2
6480,7270,CCC=CCCC1C=CC1(CO)N
6481,7271,C=CCCCN(S)CCC1=C=CCC=C1N
6482,7272,N1=CC(C=CC=NOC1CC)Br
6483,7273,COCC(C)C=O
6484,7274,OSC=C(CN=CC)C(NOC=C)NC=O
6485,7275,O1N=CCC1C2CC2
6486,7276,C12CC1C=C=C2
6487,7277,CC=CCC(NCCC)C(CCCC)NC
6488,7278,NCCC=CC1=C=C=SCN1
6489,7279,C1CCC=CN(C)N1C=C=CCCN
6490,7280,ClCNC(Br)C=CC=O
6491,7282,CN=NCC=C(N=N)NOCN
6492,7283,O=CCOC(COC)CCOOCCC=C
6493,7284,CCCOCCCC=CS1CNC2S=C21
6494,7285,C1C2CCC=CC1=NON=CO2
6495,7286,NCCCC1C=C1OCCNC=CCNC
6496,7288,CC=CCC(CCC)CNCCCl
6497,7289,CNNCCNCC=C=CNC[NH1]C=CBr
6498,7290,O=CCNCCS
6499,7291,C=NCC
6500,7292,COCNBr
6501,7293,N=C=NSC=CC=CS=O
6502,7294,CCC=CNCCCCCCCCC=C=CCl
6503,7295,C=CCN=CN=CCF
6504,7296,O=COCCCNOC(C)CF
6505,7298,C(C)CCCC=O
6506,7299,OC(N)C=C=C(C)F
6507,7300,NNC=C1CCCCC1CBr
6508,7301,N(C)C=CC(C)=CCCCC=NCl
6509,7302,CCCCNCC=C=NCCCNC=O
6510,7303,CC1=CCC=CC2C=C(C1)OC2=CN
6511,7304,C1CNOC(OCCOCF)C=C1
6512,7305,CCCCC=CCC=CCN=NC[SH1]CO
6513,7306,C1NCC(C2)=C1C(S)S(C)C2
6514,7307,CC=CC=CCC(C)=C1C=C1N
6515,7308,CCC1C=C=C(CCNC=CCN1C)C#N
6516,7309,C1CON2CCC(C)N2O1
6517,7310,OC=CCN=COC=CNOOOCOC1CC1
6518,7311,C=CCCNOCC=CCN
6519,7312,C=NCC=C(C)SCCCC(C)=C=CN=CN
6520,7313,CSNNC=CCNC1=CC12CC2
6521,7314,CC1C=CSC1C=CCC=CCl
6522,7315,CCC(=N)C1N(O)N1NCCCNCCl
6523,7316,CC=NCC(C1)CC(C)C=NCON=NCN1
6524,7317,N1C(C)NC1CC=C
6525,7318,C1CNC=CCCN1OC=N
6526,7319,OC(CCC=CCCCC=O)C#C
6527,7320,OC(C)CCCCCS(C)N=CN
6528,7321,NCC1=NC=CC=S(=CC)CON1N
6529,7322,CCCC=CCN=CC=CCBr
6530,7323,NCNCC=CC1=CCCN1
6531,7324,PC(C)C(NCC)C=CCN=O
6532,7325,NC=CF
6533,7327,C1CC2=NC12
6534,7328,C(O)=O
6535,7329,C=CC=CC=CCN1CCCC=C1CNOOO
6536,7330,CCON=CC=C=O
6537,7331,C1CCC=C(C)CC=CO1
6538,7332,C1NCC2CC1C=C2
6539,7334,OSC(=O)C
6540,7335,NOCC=NCCC(N=C=C(C)CC1CC=C)CC12C=C2
6541,7336,NCC=C1C(C)(C)OC1
6542,7337,CCC=CC=CC=NC=CC=CO
6543,7338,CCNCCCC(CC)(C)C=O
6544,7339,N1C=C=NCSCCC=CC1NC=O
6545,7340,O1CC2=C=CC1CCC=C2NCNC=C=NN
6546,7341,C12C(CC1(C3O)CC=C)C23
6547,7342,C=CCC=CCNC=C=O
6548,7343,N1C(S)CCCCN=C=C1
6549,7344,C(C)=C=CN(CC=C=C)C(O)OCN1NN(C)NC=C1
6550,7345,NCC=CCCC=CC=CC1C#CC=C1CN
6551,7346,CCOCC[SH1]CCCCCCNC=NOCO
6552,7347,N1CC(C)CCNC=C1
6553,7348,NCON=CC1CC2C=C(C)CC2CCC1
6554,7349,N1C(C=O)NN=CCC1O
6555,7350,NC(CCCC)=NCl
6556,7351,OC=C=CC(C)=CC=N[PH1]NC(C1)N1
6557,7353,C1CC=C=CCC1C
6558,7355,C1CNC=NN(C)NCOC=C2C1C2O
6559,7356,CCNCCCS=CNC=CCC
6560,7357,C1CCOC1
6561,7359,C=CCC1CNCC=C1NNC=NCC=C
6562,7360,COCNCC=C(C)CF
6563,7363,CNC=CNNC[NH1]C=CCC=CO
6564,7364,CC=NC1CCOC1CC2PCCC=C2C
6565,7366,N1CCC1C=C=CCOCNC
6566,7368,CC(C)CC(CC)CC=NCCCCBr
6567,7370,CCCC(C)C=CC=CCCCC=C
6568,7372,CCCN
6569,7374,C1=CC1C=CNCCC(C)=CC
6570,7375,N1=C=CCCOOCN1
6571,7376,CCCOCCCNNC=CCCCC1OC1
6572,7377,C1N=CCC(O)C=CC1
6573,7379,C=CC=CP1CN2C(C)C1N2
6574,7380,C=1CC=1N
6575,7381,CCNCC(CNCCC1=CCCC)SO1
6576,7382,C(CC=CC=CSC=CSC)Br
6577,7383,CCC=NCC(S=NC=C)C=C=O
6578,7384,CC=CNC#N
6579,7385,OCC(C1)=C=C(C)OC1NCBr
6580,7386,CCC(CCCC=CC=CC=C1C=O)C(C)C1
6581,7388,CCCC=CCl
6582,7389,CCCNCNCCC#N
6583,7390,CCCC=C(C)C=N
6584,7391,NCC(C)CCC(CC=O)F
6585,7392,ClCOP1NCCC1CCN=O
6586,7394,CCOCC=CC=C(C)CC=C=O
6587,7395,C12C(C=CCN)CC(Cl)C1N2
6588,7396,SC(C1)OC=CC=CC1N=C
6589,7398,C(OC)CCC=O
6590,7399,C=COC(N)CC=CC1=CC=C=C1O
6591,7400,CCC(C)CC=CCBr
6592,7401,OCN(C)C=C1C=CNC#CS1=C
6593,7402,CC1CCC2NC12CC=CO
6594,7403,CCC=COCC=CCC=CC=O
6595,7404,C=C=CC=CCCNCC=C=O
6596,7405,C#CCN=C(C)CCC=CC(C)C=CC=C=CN
6597,7406,CSCOCCCNC=SC=C=C
6598,7407,NC=CCNCC=CCC(Br)C=CN=C=C
6599,7408,CCCCCC=CC(C)=CCBr
6600,7409,CCCC(C)C#CCNCCCN=O
6601,7410,ON=C=C(C)OC1NCCNC=C1Cl
6602,7411,O=CCSC=C=C
6603,7412,C1NC=CC1C=CC=CC=O
6604,7413,CONCCOCC=C(C)C=CC1N=C1
6605,7414,NOCCNC
6606,7416,C=C1NC=COONC=CC=CC1P
6607,7417,NCCCC#C
6608,7418,CNC(N)CNCCC=CC(C)C=O
6609,7419,OCF
6610,7420,OCCONC=C=CC=C=CC
6611,7421,CCCC=CC(C=C=CC)S#N
6612,7422,CCC1=C=C=C=CCC1
6613,7423,CCN1NCCC(C)=CCOC(C)OC=C1
6614,7424,C=CNCN(O)ON=C=CCCCC=C
6615,7426,C=CC=CC1=CC1S
6616,7427,CN(S)C(O)C=O
6617,7428,C=CC=CCNCNCC=CC=C=[NH1]
6618,7429,C=CCCCC(C)COOCC(Br)CF
6619,7431,CCCCC1C=C=CCC=C1CCCC=CCC
6620,7432,CCC(N1)CC(CC)C1COCC#CN=C=C
6621,7433,CC(CCNC)(OC=C)OBr
6622,7434,O1CCC(C)CP1
6623,7435,CNC1=CCC=C(O2)C2OC=CCC1
6624,7437,C1NNC=CCC(CC=C=CO1)=C
6625,7438,ONNCC(C)CCS(=O)CC
6626,7439,C1=CCCCC(O)CCCCCC1=N
6627,7440,CCCC=CC=CF
6628,7441,CCCOCC=COC=O
6629,7442,C1CC(CCC1=C)CN=O
6630,7443,C=CCC=C=NC=O
6631,7445,NCCC=C=NNCCC=CC
6632,7448,OC(C)CCC=CCOC=CC=CCC=CN
6633,7449,CC=C=CN=CNO
6634,7450,C1CC=CCCC=C1CCOBr
6635,7451,C=CCC(C)=O
6636,7452,C(C)=CC=CCCCC1=NO1
6637,7453,ClCCN=CCCNOC=CCCl
6638,7454,C1=C=C(C)C=NC(C)C1=NBr
6639,7455,CCC=CC=NC=NCBr
6640,7456,C(=O)CCC=NONC=C=O
6641,7457,ClCC=O
6642,7458,C=CC1OC=CN=C1C=C(C)N
6643,7459,CCNC=C(CC=CC=C)C=C
6644,7460,C=NCC1C=CC(O)(C)NCC=C(C)C1
6645,7461,C=CC=NC1=CCC(OC1)CCC=CCC
6646,7462,CC(OC1N)C1CC=CNCCl
6647,7463,C1CCC1(N2)O2
6648,7464,CC1=CC=CSCCCC(N)O1
6649,7465,CC=CC=C
6650,7466,COCC=CC(C)CCCCCCC(N)=NCNCOC(C)=C
6651,7467,CC(C)CN(CSNC)C=O
6652,7468,CCC=CC1C(N)CC(N)CCC1=C=O
6653,7469,CCCCC=CCCCCC=C
6654,7470,OCCP=C=C=CCCCCCNCC=COO
6655,7471,CCCS=CCC=C=O
6656,7472,COC1=NCCCC1CCC=C(C)C=SC=C
6657,7473,C1=CCCOCCCC1
6658,7474,C=CC(C=CBr)CCCCCCC#C
6659,7475,C=C(C)CC(C1)CC=CCC=CC1
6660,7476,C=CCC1NC(COCC)C1C
6661,7477,CC=CCCCC(CCCl)CC=O
6662,7478,CC=NCC=CC(C=CCCC)C=C
6663,7479,C1=CONC=CC(C)O1
6664,7480,FC[NH1]C=C(S)C=CCC
6665,7481,CC=C=CCC=NCOC=CC=O
6666,7482,C(C)(CC=O)NCCC
6667,7484,NC(NCC=CC1=NCC=C1)CCF
6668,7485,CC=CCC(OOCC=C=O)OCC
6669,7486,C=C[NH1]CCC=NCCl
6670,7489,N1CCCCC(C)C1
6671,7490,C(C)OC=O
6672,7491,CC(=C)CF
6673,7492,CCC#CN=CNC=CCl
6674,7493,CCOC(C)COCN1C=C1
6675,7494,CC(C)C=C=C=C=CCPI
6676,7495,COCC=CCC=CC=CCl
6677,7496,OCNC1N(NCC)CC=C=C=C1
6678,7497,CCOCPCC
6679,7498,OC=CN1CO1
6680,7499,C=CNCC=NCCCCCl
6681,7500,CCC=CCNCN=CC=CCl
6682,7501,C1CC(C)CC1(C)Cl
6683,7502,CC=CSCCCC=CNOC[NH1]CC#C
6684,7503,CC=CCC(C)C(O)CC1=CO1
6685,7504,CC=C=CC1C(C)NOCC(C)=SC1
6686,7505,NC(N=CCC1)C1CC=CC=CC=N
6687,7506,C1C=CNOCCCCCCC1O
6688,7507,CCCN=CNCCNCC=COO
6689,7508,COC=CCCCF
6690,7509,CCCCCCC=O
6691,7511,CCCCCNC(N)C=C=C
6692,7515,CCCNC=CC=CCCN(C)N[NH1]N=NO
6693,7516,NC(CP(N)(I)=CC=O)CC
6694,7517,ONCCCCl
6695,7518,NCN(C)C=CCCC(C)CC=CCCC=O
6696,7520,CC=NC1CC(C=CC=C2)=C2C=C1
6697,7521,CC=CN=C=C=C=CNC=CC1=CCCC=C1N
6698,7523,C1=CCC=C1
6699,7524,CCC=NCC(C)OON=CCN(C)OCC=C1CC1
6700,7525,OC=C=NON=O
6701,7526,NC(C)=SCOC=CONCNCCCNCOC=C
6702,7527,CNC1=NCN(OON=CC(=C)C=CC)N1O
6703,7528,N1CC=CC2=C1O2
6704,7529,NC=C=CNNC=C=CNCCCC1PC1
6705,7530,CC(C)CN=CS(O)C=CC=CCCC(C)C=C
6706,7531,CCNCCCC=CC=CCCC=NC
6707,7532,C1C2C1C2C#C
6708,7533,NCNCCCCC=CNC=CN=C
6709,7534,N1CN=COC(C)OC1
6710,7535,CC(SC(C)(N)Cl)=O
6711,7536,C1C=NC(C)C1=CN
6712,7537,C=COCP(N)COCF
6713,7538,C=CCC(N)C=O
6714,7539,C1C(O)C=CCCOCC=N1
6715,7540,CN(OC=C=CCC=COCCO)C=O
6716,7541,CCCCCOC=CCC
6717,7542,C1C=CC1NC=C2C(C)C=CC=C2
6718,7543,NCCCNCCOCCC
6719,7544,C1COCCC(C)=C=COCO1
6720,7545,CNCC(C)=O
6721,7546,C1C=CC=CC=CCCCC=C1
6722,7547,OOCSC(=N)CCC=NC=C
6723,7548,C=CC=C=C
6724,7549,N=CCCCCC(O)C=CCON=C
6725,7550,CN=CCNC=O
6726,7552,O(CCC1N)C1CC
6727,7553,O1OC=C=C1CC=SOC2NC2
6728,7554,CCCC(N)CCl
6729,7555,CCOCCC(Cl)OS=O
6730,7556,CCN=CS1CCCCC1
6731,7557,C1(C)C2(C)CC1O2
6732,7558,C1CCCC2C=C(CC21C)N
6733,7559,CCCCN(C)COOCCCC
6734,7560,ClCCCCCC=O
6735,7562,C(CCCC)S=O
6736,7564,C1=COC(C)(C2)CC12C
6737,7565,CC(C)(C)C(O)CCC=C=N
6738,7566,CC=CNCC=O
6739,7567,NCCCC=COCCCl
6740,7568,C=CNCCC=C=C=CCOCCl
6741,7569,C=CCOCC1CCC(C1)C=O
6742,7570,CCNC=CC=CC=C(O)C#C
6743,7572,CCCN=CNCOC(C)CCCO
6744,7573,O=C=C=C=CCC=O
6745,7574,C1(C)C(C1C)OOOC[NH1]C=2CC=2
6746,7575,CCCONCC=C1CC1CS
6747,7576,CNC(CCCl)C1C=CC(C)C1OC2CC2=N
6748,7577,C1=CCCSC(C)NCC=C=S1NC
6749,7578,OC(C=CC=O)C=CC=O
6750,7579,ONCCC#N
6751,7580,N=NC=C(C)PNCOC=C=CBr
6752,7582,O=NCC=CC(=C)CCCNCC
6753,7583,CCOOC=C1CC1S
6754,7584,C=CCC(N)=CCC=C=NCCC=CCC=CC=1OC=1
6755,7585,C1C=C=CC1NF
6756,7586,CCSC=CSC=CCCC(C)NCF
6757,7587,CCC(C)(C)CCC=O
6758,7588,C1OC=CCCOCN(C1)C=O
6759,7589,N1N=CCNN=CC=CC1(O)COCC=C
6760,7591,C=C=C(C)Cl
6761,7592,C=CC1=C(CC)C1N=CF
6762,7593,NCCC1=CCSC1C=CCF
6763,7594,CON=COCC=CC=CCC1C=CC=CCN1C
6764,7595,OCC(C)C(C1)C1=C
6765,7597,CCSCOCC=O
6766,7598,N1[NH1]C([NH1]C2CN)C1C=C2
6767,7599,CNC(C=C1C2([NH1])CC)=C1C#C2
6768,7600,ClCC(C)=O
6769,7601,CCCC=NN=N
6770,7602,COC1(O)C#CC1
6771,7603,CNCCCCCC[NH1]C=O
6772,7604,C12CSC1CN=C=CO2
6773,7605,C1COCN=CCCNCC1
6774,7606,C(C)(O)=C(OC)CC=O
6775,7607,CCC=NC(C1)N=NNC=C=C=CCC=C1
6776,7608,OCC(C)CNOCC(Cl)C=CC=C=C
6777,7609,NCON=CS=CCCC1OOCN1C
6778,7610,O(C)C(C)C(=C)C
6779,7611,C1CC=CCCC(O)(C=C)OC1
6780,7612,CS=CC(C1)C1(N)CN(C)C=C=O
6781,7613,CSNOCCCCC(CC)CBr
6782,7614,CC=C1CCCOC=C=C(C)C=NC=C1
6783,7615,NC=CCC(C)ONC1C=C1
6784,7616,CSCCC(O1)OC=C=N1
6785,7617,N(CC1C(C)=C=C=C1)CCC=N
6786,7620,C1CSC=C=NC=CC(C1F)C(=NCl)[SH1]
6787,7621,CNNCC=CCCCOCN=C=C=NOO
6788,7622,C1=C(C)CC1
6789,7623,N1COCC[NH1]CNCC=C=C1C
6790,7624,O(C)CCSCNCNNBr
6791,7625,OC(C)C=CC
6792,7626,OCNNOC=O
6793,7627,CN=CCC(=C)N(C)CCF
6794,7628,COCCCCCCCC=O
6795,7629,C=NC=CC=CCCF
6796,7630,ONNC=CNC=CCCC=O
6797,7631,N=C=CCCl
6798,7632,CC=CC=CN=C1C=C(C)CCCOC=C=C1
6799,7635,OCC=NC=NCC#CCC=C=C=C
6800,7636,C1=C(O)CCCSNC1SC(CCC2=O)C2
6801,7637,CC(CC=CCC)C=CI
6802,7638,CC1CCC(C)=NCC1
6803,7640,N1CNC=C1C=CC=CCC(F)C
6804,7641,CCOCBr
6805,7642,CCSCC(C1)C1(CC=CC=2)OC=2[NH1]
6806,7643,CCCC=CCC1C=C[NH1]C1(O2)O2
6807,7644,O=CCCOCOCCCCC[NH1][NH1]
6808,7645,C1=CC1=C
6809,7647,C(CNCC)=CCCCNC=C
6810,7648,N=CF
6811,7649,COC1(C)CCCOCCCC=NC1CCCl
6812,7650,COON=CC[NH1]C(F)C=O
6813,7651,CCCNC(C)COC=S
6814,7652,C=CC=C1C(C)(C)C=C2C1CC=C2
6815,7653,CCCC=C1NCCO1
6816,7654,C=COCCNC(N)C1=CC2CC21
6817,7655,NC(=C)C=SNCNOC
6818,7656,OOC=C=CCNC=CCCC=C=C=C
6819,7658,C1C(C)=CC=CC1C
6820,7659,CCOC(O)=CCC1=CC1=NC=O
6821,7660,NCC(S)C#CC=C=O
6822,7661,CCCC=CCCCNCO
6823,7662,COC(C)CCC=NCCC#CC
6824,7663,CS#CCCCC=O
6825,7664,CCNC=C(C)C=O
6826,7665,CC=C(CC=CCC)NCOOOCCCC=C
6827,7666,CNC(C)C=C=O
6828,7668,CCC(O)=O
6829,7671,CC=CCCSC=C(C)CF
6830,7672,C1=CC1
6831,7673,C(CNCC)OC=CCCl
6832,7674,NCC=CC(C)C=CCNC=CCl
6833,7675,CNNC=CC(NC=CC)=CC(C)CCC=O
6834,7676,COC=COC(C)CNCCCCC=O
6835,7677,C=NCCC=COC=CC=C
6836,7678,NCC=CNCCCCC=C=O
6837,7679,C=CCN(C)CNN=O
6838,7681,CCNC(O1)C1
6839,7682,CC(O)NNCCCOC
6840,7684,C1CNC=C=C1
6841,7686,CCCC(C)C(C)=C=CON=CCCC=N
6842,7687,O=CCCOCC(=C)CSNO
6843,7688,CC=CN=CC=CNCCNCC=O
6844,7689,OCCCCCC=C=NNC1CC1
6845,7691,CC=NC=CCCCOCC=CF
6846,7692,CC=CC(N)CS=NCO
6847,7693,COC(N)CSCSC=CCC(N1)O1
6848,7694,O1CN=C1NC=CCC(C)=CC[SH1]C=C=CNC=O
6849,7695,C=CC#CSNN1OC1=C
6850,7696,C=COOCC(C=CC=CCNC=CC1)=S1
6851,7697,OC=COCC(C)CC=CCC1=CC1=C
6852,7698,NC=C(C)NNC=CCCOC=O
6853,7699,CCONC(CCC=CC1=CC=O)OC=C1
6854,7700,C1NS(C)OC=CC1C=CC
6855,7701,OCC(Cl)COC=CC=C1CS1
6856,7702,C=CC(C1)(C)C2N=S1ONC2N=C=C
6857,7703,O(CC=CC)Cl
6858,7704,OCCNCCOC=CCC=CC1=C[NH1]1
6859,7705,C=CCC=CCCC=C(C)C1=NC1
6860,7706,CC=NCC=CN=NC
6861,7707,CCC(C(C)=CNC=C1CC)(O)ONC1
6862,7708,OC#COONC=C(C)C=C=CC=C=COO
6863,7709,NC=C(CCN1C)C=NNCP(C)=C1
6864,7710,C=CCCC=NCCCC=C
6865,7711,C1=C2OC(C)(C)C=C2O1
6866,7712,CCN=C(O)C=CC=C=C=NN=O
6867,7713,C=CN=CSC=CBr
6868,7714,CC=CCCCC(C)CN=CC1NC1=C
6869,7716,CCCOCCC(C#C1)C1
6870,7717,OCNCCNCOS(C)NC=CC=CC
6871,7718,CCOC=CCC#COCC=CC=CC=CC#C
6872,7719,NN=CC1C=CCCC(C)=NN1ON=O
6873,7720,C12=C(C=C1CCCC=O)C2
6874,7721,CC=CCC=CN=O
6875,7722,CC=COCC=CCC#C
6876,7724,COC[NH1]CC(C)C(CCN)=O
6877,7725,N=C
6878,7726,C(N1)=C1
6879,7727,N(N)=CC=C(C)CN=NCNC=CC
6880,7728,CCNCNCN(CN)C=C(C)C=C
6881,7729,CC=CC=CN1C=CCS1CCS=O
6882,7730,C1CCCC1C=O
6883,7731,OCCCC=CCCC=C=O
6884,7732,NN=NC=O
6885,7733,NOCNC=CCC(C)Cl
6886,7734,N1(C)CCCC(C)=C=C1O
6887,7735,C1(C)COCC=C=C1
6888,7736,C=CN=CSCC=C
6889,7737,NC=NONCC=NCCCC(O)=NS=CO
6890,7738,CCNCCCCCCC
6891,7739,C=CNC(=C)C(C)NC(N)Cl
6892,7741,C=CNC=C(C(C=CC1)C=CC)NC1CF
6893,7742,NCC#CC=CCCl
6894,7743,CC=C=C(S)CCCCC=CCC=O
6895,7744,ONCC(C)C1C(C2)C2OCC=N1
6896,7745,CNCC1=CC(C2=C1NC#C2)=O
6897,7746,O1CC(C)=NC1CCC=C
6898,7747,C1C=C1CCNC=O
6899,7748,CN(COCC)CC(C1)=CCC=C=C(C)C1CC
6900,7749,CC(C)C=CCCOCN=O
6901,7750,C1=C=C=CC(=C)C=CCOCC1C
6902,7751,CCCCC(C)C=NCNOCS1C=C1
6903,7752,CC(C)OCSOCCC(O)C
6904,7753,NCCCCCC1=CCC=C(N)C1O
6905,7754,O1C(CSCO)=CC(C2)N=C12
6906,7755,CC=C(N=CC#CSCC=CC)I
6907,7756,OOOONC=C(C)CC(C)CCCCCC
6908,7757,NCOC1=CCC(CN1)N(C)C
6909,7758,CCC1C2CCCC1(C)O2
6910,7759,C=CNCCC[NH1]OCCCCCCN=O
6911,7760,C1C2C1(C=CCCC)C=CC=PC2
6912,7761,C=CNOCCCCCC(C=C)=NN
6913,7762,CCCC=1C=CNCCNCCC=1
6914,7763,OCC=CNC=C(C)C1C=CC(C)C1=C
6915,7764,CCC(C)=NCCCCCCl
6916,7765,CCC(C)OCCOC(C)=S
6917,7766,CCCCCCCC=CCN1NOOCN1
6918,7768,OCCC1=CCPC1=C
6919,7769,CCC1N(C)C(C)=C1C2=CC=CC#C2
6920,7770,OCCCCC=C=CC=CC
6921,7771,C1COC=CC=C=C1CN
6922,7772,OC=CC=CCl
6923,7773,OSC(O)(S)CCCCCC=O
6924,7774,C1(N)CN=CN(C)CN1
6925,7775,CCCCC=CC(C)N=C
6926,7776,COCOCC=COC=CCC=O
6927,7777,CCCCC(CCCC)COCF
6928,7778,CC=CC1C(C)NCC=SP1O
6929,7779,C=CCCSC=CCCC1=CN1[NH1]ON
6930,7780,C(C)CN=O
6931,7781,N=1C=NC=C(C)CCC=1C
6932,7782,CC1=C=CC2C=C3C(=C=C2)C=C3C1=C
6933,7783,C1(C)CC=CC=C(C=C2C=C2C1C)CC=CCCl
6934,7785,NCCCCCCCCCBr
6935,7786,COC(C)NCC(=C)C=CC=O
6936,7787,CNNC=NNC=O
6937,7788,C=CCCCCOC=C
6938,7789,[PH1]1OCCCC=N1
6939,7790,CCC(C)=NC(C)C1C(C)=CC1=N
6940,7791,N1=CC=CCCCCC1[NH1]NC
6941,7792,C1C=C(CCCC)COCNO1
6942,7793,NC(C)=CS=O
6943,7794,C1C=CC1(C)CC(S2)C(CN)=N2
6944,7795,C1CNOCCC1=CC(=O)CNCCCC
6945,7796,S1=C(C)CCC1(C)CCC=CC
6946,7799,N1=CCN1C=CC=COCl
6947,7800,CCOCONCC1=CC1=N
6948,7801,CNC(OCCN1)C1C=C
6949,7802,C=CCN=O
6950,7803,COC=CNCC1CNCCCC1=C
6951,7804,C1CC=CC1(C=CC)CCC(C)NS=C
6952,7805,C=CNCCOC=CCC=O
6953,7806,COCCCCNCN
6954,7807,C1CCCC1(C)OCC(C)COC
6955,7808,CCC=CCCCC=C=O
6956,7809,ONCCC=NCCCCC
6957,7810,OCC(C)C=CCCNC=O
6958,7811,CC=CNCC(C)CC=O
6959,7812,C=COCCOCCOCCl
6960,7813,CNCC=CCOCSN=N
6961,7814,FC(=O)NC=N
6962,7815,C=C(CC)OCC(C)=CCCC
6963,7816,[NH1]CC1=C[SH1]SC[NH1]C1=N
6964,7817,CCNCCC=NCCC=COC=O
6965,7818,CC=CCC=CC(C)=CCCl
6966,7819,C1NOCOC=CC1=C
6967,7820,NC=CCCCSC=N
6968,7821,NCCC1COCCN=C=CCCC1(C)N
6969,7822,NC=COCC=CCCCl
6970,7823,N1=CC=C(C)CCC1(C)C
6971,7824,C1CC=CC=CC1(C2)C2
6972,7825,CNC=CC1=CCCCO1
6973,7826,CC=COC(C)CCCC1=CC1C
6974,7827,CC=COCCC=CCON[SH1]=C
6975,7828,CCC=CCCC=CC=CC=O
6976,7830,CCCN1CCCC=NCC=N1
6977,7831,CC(C=CC)C=O
6978,7833,C1CC1(C=CC)NCC=CCF
6979,7834,C=C(C)C=CN=O
6980,7835,NC=CC=CCCN=O
6981,7836,CNCCNCCCC=CCCCCCl
6982,7837,CCC=NCF
6983,7839,CONONOCC=C=CC=CCC=O
6984,7840,O=COPCC=CC=CCCC=CCC
6985,7841,C=C=CS=NC=O
6986,7842,NCCCNN=O
6987,7843,CCC=CC=CCOC(C)C1N=N1
6988,7844,CC=CC=NCl
6989,7845,C1NOC=CNCS=C1
6990,7847,CCCC=CC(=O)C=C=O
6991,7848,CON1OC2=CC=NCC12
6992,7849,NC(=C)CCCCCNCCl
6993,7850,N(C)C=COC=O
6994,7851,CC[NH1]C(C)=CC=CC=NC=O
6995,7852,CCC(=C)CCl
6996,7853,CCNC=C(C)C=C(CNCC)C=CC=CC=N
6997,7855,OC=C=CCCC=C1N=C1
6998,7856,N1C=C=PN=CCOC=CCON1
6999,7857,C(=N)(O)CC(C)C=NF
7000,7858,OCC(=O)CNC=CC=C
7001,7859,CC(C)CCCCCC=C
7002,7860,C1OCOCC=C1NCC=C
7003,7861,CCCN=CC=C=CCF
7004,7862,C1C(Br)C1C
7005,7864,C=CCCCOC=CN=O
7006,7865,CCCC1CCCC1NC(C)=CCCNC=O
7007,7866,C1CC(CCC1)CC=CN=CN
7008,7867,OC1C=CCC1N2CN2
7009,7868,CCOCF
7010,7869,CCC=C(C)CCS=O
7011,7870,C=NC=CCC=C([NH1])N(C)Br
7012,7871,CC=C1CC=CCC1NCCCCOC
7013,7872,OCCCCCCN=CCC=C
7014,7873,CNCC=CC=CC1=CCCC=C1
7015,7874,N=CC
7016,7875,C1CCCC=C1C=O
7017,7876,CONCC=O
7018,7877,OCCC(C)=C(C)CCCC(C)=O
7019,7878,NC(N)CCCCC=O
7020,7879,C=CSCCC[NH1]OC=CCC=C=C
7021,7881,N#CCSC=CN=CCOC=CCCO
7022,7882,C1C=CC=CC(CO1)=C
7023,7883,C=CC=CC=CC=C1CNC=CC1N
7024,7885,OOC=CN(CC1CNCSCC2=CCC=O)C21
7025,7887,CC1CC=CCCC(C)=NC=CC1=O
7026,7888,CSNC=C=O
7027,7889,CC=CNCNCF
7028,7890,CSC=C(C)CCCC[NH1]CCl
7029,7891,OCN=NCCCC(C=CCl)C=C
7030,7892,CCCC(CCCC)C1CC=CCCC1
7031,7893,O1C=CNC#CCC=N1
7032,7894,FCN=O
7033,7895,COONBr
7034,7896,CC(C=O)C(C)C=C(C)CCC[NH1]CCl
7035,7897,C1CCCCCOC(=C)C1N2CC2
7036,7900,C(C)C=CC=C(CCl)C=CCP=CNCC=C=N
7037,7901,N#CC(C)C=COC#C
7038,7902,C=CP=C=O
7039,7903,C12C(C3)(C)OC1N3CC2=O
7040,7904,CC(C)(C[NH1]CCOC=O)C
7041,7905,C=C=C(CC=C=O)Br
7042,7906,O=CCONCCCOC(=C)C
7043,7907,COCC=CC=C(C)CCCCl
7044,7908,CC=C(S)NC=CC1CC=CC1C=CN
7045,7909,CCC=C(C)NCNC(C)OC#C
7046,7910,C=CCOCCOC(C)N
7047,7911,NC=CCNCC=CC=CCON=N
7048,7912,C1CCOCC1=CC(NC)COC=O
7049,7913,C=CNC=C(C=NSCCCCCC)C=CC=CON
7050,7914,N(NN=CC=CC=CC=C)=C(C)OCF
7051,7915,C=SCC=CCOCC=CC(C1)=CCC=CO1
7052,7916,C=CC=CC=C
7053,7917,N=CCCCCNCCCC#N
7054,7918,NOC=CCCCCC=C=NCC=CO
7055,7919,C=CNCCOCCl
7056,7920,CC(C)OCCOCC=C=O
7057,7921,COCC(=C)NC1=C=NC=C1COC=C
7058,7922,C=1CCCCC=1C=S
7059,7923,NCCC(O)C=C
7060,7924,NCC1CCSCC12CC2N
7061,7925,CNC(O)ON(C)CC=C=CC
7062,7926,C1CNN2CCCC12C
7063,7928,CCC=CC=CC=CCC=O
7064,7929,CCC=C(C)C=CCCC1C=C=CC1
7065,7930,CCC=NC(C=CCCC=CC=CCC1)N1
7066,7931,N1NC=C2CCC(C)C2C=C1
7067,7932,CCCCNI
7068,7933,OCN=O
7069,7934,C=NC1NCCC1(CCC)C#CO
7070,7935,C1OC=NOCCC1CC=C
7071,7936,NCCOOCCS=O
7072,7937,OCN(C)C1=C=NNCC1(N)C=O
7073,7938,O=CC#CCCS(C)COCOC
7074,7939,C1CCOCC1CC=C2C(C2O)C
7075,7940,C1CCC1(CCCC)O
7076,7941,C1=CCCCOC(C)C1CCl
7077,7942,COCNCNSC=C
7078,7943,OC(C)(CC1(C)CC2=C=O)C=CC2C1
7079,7944,CCC=CCBr
7080,7946,CON=O
7081,7947,CC=COCCCCCN=C=CC(N)N=C=C
7082,7948,SNC=CNNC=CCC1C=SCCCC1
7083,7949,[NH1]=CC(O)CCN=CC=O
7084,7950,C(CC1OOONC=C1)(C)=CCl
7085,7952,OC=C(C)NCNC=O
7086,7953,CCCC(C)CC=C
7087,7955,C=1CNCC2=CC2C=C=CN=1
7088,7956,CC(C)CCCF
7089,7957,OC=C(NC=C)CCCCC
7090,7958,C1NCC=CCC(C)C1
7091,7959,N12NCC3CC13N2
7092,7960,OCCNNC=C[NH1]OCC=O
7093,7961,CNCSCC1NC1
7094,7962,N(C)=CC=CCCCCCC
7095,7963,OC(CCN)Cl
7096,7964,CCC=CCCCN1CC=C1ONO
7097,7965,OC=CCCC(F)=CCCNC(C)C1=C=C1
7098,7966,CNCOCC1CCCCC1N
7099,7967,O(N)NCC(C1)C=CC=CC=CC[NH1]1
7100,7968,CCCC=C1CCCNO1
7101,7969,CN=C=COC(=C)COC=NCC
7102,7970,OC=CC=C=NCC=O
7103,7971,C1C=CCCC=C(O)NCC1CC=C
7104,7972,CNC=NC=NCl
7105,7973,CCCN=CC=CN
7106,7974,CNOCC(C)C=CCCCCCC=N
7107,7975,CCN=CC=CNCNC=C1ON1
7108,7977,CCCCSC=O
7109,7978,O=C1OC1
7110,7979,C=CCC(C)CCCCI
7111,7980,C1NS(C2)=S=C1CC=CNCOC=C2
7112,7982,C=CNNC=CC=O
7113,7983,C=CC(O)C(C)C(C)=CC
7114,7984,CN=CCC=CC=CC=C
7115,7985,CCCC(O1)CCOCOO1
7116,7986,CSC=C=CCCNC=O
7117,7987,C=CCCCCCOON=CCCCCCCO
7118,7989,C(C)OOC=C=O
7119,7990,N1=C(C1(C)CC=C)SN
7120,7991,NCNCC=C
7121,7992,CNC=CNOCCCNCC(C)[NH1]N
7122,7993,N1CCNN=CCC1=P
7123,7994,O1CC1=O
7124,7995,CCCCCCCI
7125,7996,CCC=CCNC=O
7126,7997,CCCNCC=C1C=C1S=O
7127,7999,CCC(C=CC=C=O)N
7128,8000,N1=C(C)CC=C1C#CCC
7129,8001,C1C=CCNC(C1)CN=C(C)C(O)C=C=NNN=C=N
7130,8003,CCS=C(C)CCl
7131,8004,C=CC=NCCCCCC=CCCOOC
7132,8005,CCC(OCC=C1)CNC=CC1=CCC#C
7133,8006,CCC=CCCC=C1CCC=SC1
7134,8011,CC(N)CC=C=CNC=O
7135,8012,C=C=NCC=NCCC#CO
7136,8014,NCCNC=O
7137,8015,NCCCCCC=C=C=C(C)C
7138,8016,COCOCC(C)C=CC
7139,8017,C1=CCCC=C=C1CC=CN
7140,8018,CC(C)(C)CC=C1C=C=C=CN1
7141,8019,O1C=CN=CC1=C=O
7142,8020,OOC=CCC1N=CCCCC=C1
7143,8021,CC1OC#CC=CCCCC1
7144,8022,CCSN(O)CC#CCC1CC1C
7145,8023,CCOCCC=CC=O
7146,8024,NCCCCCC=CCNCC(Cl)C=C=C=N
7147,8025,CC(CCCC)NNC=O
7148,8027,C=C(Cl)CC=C(O)N=C
7149,8028,C=CCCSC=CC=O
7150,8029,CCC=NCNC=NC=CCCCCl
7151,8031,CC=NCCCC=CONC#C
7152,8033,CC=C(N1CN1CCC)CNON=N
7153,8034,C1CCC=CCOC(C)CCC=C1
7154,8035,NOC(C)C1C=C1O
7155,8036,OOCCCCNC=C=C=O
7156,8038,C1C2N=CC3N(C)C=CC12N3NCC
7157,8039,CCCC(C)C=C=C(Cl)CCCC=C=C
7158,8041,CCCCC(C)C=C
7159,8042,OC=CC=CC=CC=C(CC=CC=O)N
7160,8045,OOCCC1C=C=C(C)O1
7161,8046,CNC=SC(CC)C(C=CCCl)C=C=C
7162,8048,C=S=C(O)OC=CCCC
7163,8049,CCC(S)CNC=O
7164,8052,CNCCNC=C(C)NCC=N
7165,8053,OCC12CCCC1C=C2
7166,8055,C(C)CCCCCCOCl
7167,8056,C1CN=COCCC=CC1
7168,8057,S1C=CC1C
7169,8058,[NH1]C=C=CC=CC=CC=O
7170,8059,C(C1)C#CCC1
7171,8060,C(=O)=CC=N
7172,8061,C1NS1(O)COC=C
7173,8062,ClCNCOC=CCC=CCCC=CC
7174,8063,OCN=C1CCCC2=CN12
7175,8064,CNC(C=O)NO
7176,8065,C=COCl
7177,8066,COSCCCCN=C
7178,8067,NC=C(ON)CCCCF
7179,8068,CN=CC=CC(C)C=CC=C
7180,8069,CC(ONC=C=O)CCNCCl
7181,8070,N1=CC1(C)OBr
7182,8071,CC=NN(C(F)CC(CC)C1)C1
7183,8072,C=NC[PH1]CNCN(C)OOO
7184,8073,COC=CCS(=O)(C)C=O
7185,8074,CCCC#N
7186,8075,C(C)#CCC=CC=O
7187,8076,C=CCCCCC(C)C#N
7188,8077,CC=NCCC(CO)C(CCC=C)C[NH1]
7189,8078,C1OC(C)NC=CC1OCC=CC=O
7190,8079,CC=CCOCOC(C)=CCC=C
7191,8080,CN=C=CC(=O)SCCC=CNOC
7192,8081,C=C=CC1CC=C=C1NCNC=C=O
7193,8082,C1C(C)OCOC=C=C1C
7194,8083,OC=CCN=C(C)NOCN=NCO
7195,8084,CCCCC=CCNC=CCC=NCCCN=N[NH1]
7196,8086,CCC=CC(C)=CC(N)CC=O
7197,8087,NCCN(C)SCC=O
7198,8088,N1C=C1CC=CCNN=CCCCN
7199,8089,C1NNCC(N)CC=CC(Br)C1
7200,8090,OCC=CC(SNC)=C1C=C1
7201,8091,OCCCC(C)C=NC=C
7202,8093,CC=CCC=CC(O)C=O
7203,8094,C1C=CC=CCC1C=C2C=C2
7204,8095,CC=CCNNC=C=O
7205,8096,O(C)NCCC=CC=SC#CC
7206,8097,CCCCC=NC
7207,8098,C1=CCCCC(C)C=C(C)N1
7208,8099,NCNNC1C=CCC1
7209,8100,C(O)CCF
7210,8101,O=CS=SCCC=O
7211,8102,C=CCC[NH1]NCCCC=CC=C(O)C=O
7212,8103,CC1CC(C)C=C(C)CC=C=C1CCC
7213,8104,N1=NNO[NH1]1
7214,8106,COC(CN=CC=C)C=CCN(C)Cl
7215,8107,OOCOOC=O
7216,8108,CCCCNNC=CNC=C[NH1]CC=O
7217,8109,OC=COCBr
7218,8110,C12=CNCC1=NC=CC#C2
7219,8111,NCCN(C)COCC#CC(O)=CC
7220,8112,CCCOOCC(C)=C=NCF
7221,8113,C=COCC(C)CCCC(C)=NC
7222,8114,CCC(C)CCCC=C
7223,8115,CC(=C)NCNC=CCCC=CCOOCOO
7224,8116,CCCCCCF
7225,8117,C=CCC=C=CCC(C1)=C1
7226,8118,CCCC(C1)NCCCOC1NCl
7227,8119,C=CC(N)(NCCC)CONC=CC=CC1=CC1
7228,8120,CNCCC=CCCC1CC1O
7229,8121,C#CCC1=CCC=CC1=O
7230,8122,C(C)C=CC=O
7231,8123,CCCCNNCC(CC)OCCC(C1)N[NH1]1
7232,8124,OC=CC(C)=C=CC1=NOC=CCN1CNCC
7233,8127,C1NC=CCC1(NCCC)CCC=O
7234,8128,COC(C)=CC=NC=O
7235,8129,ClCCC=CCOCCl
7236,8130,N1=C(C)C1=NN
7237,8131,OCCC(N)ONC=CCOCOC=C=C=C=C
7238,8132,ClCC(C)=CCCC=O
7239,8134,CCN(C)C=CF
7240,8135,CN(O)C=NC
7241,8136,CN=NC=C1C=CC#CC=CC=NN[NH1]CON1N
7242,8137,C=1OC=NC=CCNCC=1C
7243,8138,FC=CCNCOC=CC=CC1=NO1
7244,8139,OCC(N)CCl
7245,8140,CC=C=CCCC=C(CC1)C1
7246,8141,C=CC=CCCCCOCCl
7247,8142,NC=CCCC=SCC=O
7248,8143,CCC=NN=CCNNC=O
7249,8145,COC=C1C#C1
7250,8146,CCN(C)CI
7251,8147,ONC=CCOCN=CNONCNC=CC=N
7252,8148,C(C)NCC=CC=CC=CCO
7253,8149,ClNCF
7254,8150,CN=CC=C1NCS=NC1
7255,8151,C=C(C)OC=CC=NC=O
7256,8153,CNCCCCCC1=C=CCC1
7257,8154,SCCC=CC=O
7258,8156,CC[NH1]C=C(CC=CCCC=O)C
7259,8157,CCCCCC=C
7260,8158,C(CC1CC)SC=SC#C1
7261,8159,C1CCC=CCNCC=CC(N)C1C
7262,8160,C=C[NH1]CCC=NCNN1C=CN=C1C
7263,8161,CCCCCNOCC(N)C
7264,8162,C=CNC1C=COC(C)NC=CCC1=N
7265,8163,CC=NC(C=CSC)C=O
7266,8164,COC([NH1])CCCCF
7267,8165,C12C=C(CCC1C)CC#C2
7268,8166,BrCN=C(O)N(C=CCl)OCCCC=C
7269,8167,O(C(C)NOCC)C
7270,8168,NCC=CCOO
7271,8169,CCCC=CC=CCC=NN=CC=CF
7272,8171,O1CCNCN1C=NC2=C=C2CN
7273,8172,C(C1C=CCCC1=C)=O
7274,8173,C1CCCCCC1CN2OC#CC2C
7275,8174,CCC(C)CC=CC=C(C)C
7276,8175,C1CCCC=NC1(C)C=CCN
7277,8176,OC=CCC(C)C=C=CC1NC1
7278,8177,C=CNC(C=CCCS)NN=O
7279,8178,ClCC=CC(C=CCl)CC#C
7280,8179,N1SCOC1C=CC(CCOC)=NC
7281,8180,CCNC(C)=CC=CC=CCC1CC1
7282,8181,SSC#COSNC=O
7283,8182,NN(C)CC=C=NCON1CCC=CC1C=C
7284,8183,C=CC=CC=C=PC=O
7285,8184,CNC=C=CCC=CC=C(C1)C1
7286,8185,OOC=O
7287,8186,CC[NH1]OCCC=O
7288,8187,CCC=CC=CSC=C=SCCC=O
7289,8188,NC=C=CC=COC
7290,8189,OC(C(C)(C1)C=O)(CC(=CCl)CCN)N1
7291,8190,C1C=C=C=CC=NN1C(N)(C=O)O
7292,8191,C(NNC=O)N[SH1]C
7293,8192,OCC#CCC=C=O
7294,8193,[NH1]C=C=C=CCCC=C(C)C=NC#C
7295,8194,CCCCC=CC(C)CC=C1C=C1
7296,8195,C1OC=COCC1O
7297,8196,O(C)Cl
7298,8197,C12NC=CCN1C2
7299,8198,O[PH1](N)C(C)C=C(C)CCOC=CC1=CC1CCNOP
7300,8199,N=C=NCS(=C)N=CC=NCNCN1CC1
7301,8200,C=C(CNCNF)C
7302,8201,CCCC=NCN1SCC=CCN1N
7303,8202,C(O)C=C=C=C(C1)SC1
7304,8203,CNCC=CC=O
7305,8204,CC=NCOCCCCCC=O
7306,8206,CCC=CCCCCO[NH1]C1CC=NC1=C
7307,8207,N1C=C(NC=CC1O[NH1]CC2)CO2
7308,8208,CC=CCCCN1CN1
7309,8209,CC1CC1
7310,8211,CC=SC=O
7311,8212,CN=CCCC=C=O
7312,8214,N(C)C=O
7313,8215,CONC=C1CCCC=CONCC=CC1N=C
7314,8216,C1NCC=C1C=NCC=CCO[NH1]
7315,8217,C1=COO1
7316,8219,C=CCOCCCOCC
7317,8220,SCCCOC
7318,8221,COC=C=CC=CC1C=CC=NCC1
7319,8222,CNCCCNCCCC=CC1=CC1
7320,8223,C1=CCC2C1NCCC2
7321,8225,CC1NCC=CC=C(C)OC=C1C
7322,8226,OCC1CCCC1CNN(NC2=C=N)ONCN2
7323,8227,C1=CN=CC=C=CC1
7324,8228,C1CCC2OCCC=C2C=C(OC1)CC=C
7325,8229,CC=CCONC=C(S1)CCC#C1
7326,8230,OC=C=CCCC=C
7327,8231,C1=CC(C)C1C(C)Cl
7328,8233,C1N(C)CC(C)CNCC1=O
7329,8234,C=CCC(C)CCC=CCBr
7330,8235,CCC=CSN=COCCC=NCF
7331,8236,COC=CC=CCC=CCl
7332,8237,N1CCC(C=2)C=S(C)CC=CCN1NN=2
7333,8238,COCCCS=O
7334,8239,N(CC)=CC1COCC1OCC2CC2
7335,8241,C1(C)CC=C=CC=C1C
7336,8242,CC=CC1(N)C=NCC=C1
7337,8243,CC(CC)C=O
7338,8244,O(N)NC=C=NCCC=O
7339,8245,NC(C)=CN=SCCN=C=C
7340,8246,C=CCSC=CCCOCOO
7341,8247,C=C=C=CN=C(C)CC=CCOC=O
7342,8248,CCNC=C=NBr
7343,8249,NC=CC(C)C1CCCC=C=C1
7344,8250,O1CCCC=CCOO1
7345,8251,CCCC(C=O)C=O
7346,8252,CCOCC=CCC=C1CN1[NH1]
7347,8253,CC=CCCC=C(C)NCC=O
7348,8254,N1C2C=C21
7349,8255,OC=CC=CCC=CCC=C(C1)C1
7350,8256,CC=CCC=CCC=C(C)C(C)=CC
7351,8257,O1CCC=C=C1NC2C=C=SC=C2
7352,8258,CC=CCN(O)C[NH1]C=O
7353,8259,C(=C)CC=C=CCCOC#CON
7354,8260,CC(C)NC=NCC=C1S(N)CC=C1
7355,8261,C1CNC=CC=CC(C)N1
7356,8263,C=CCCC(C)CCCC=NCCC=CCCCI
7357,8264,OC=CNOC=CC=O
7358,8265,C1=CCOC(N)=NCNC1(C)N
7359,8266,OC=C=CCCC=C=C
7360,8267,ClC(N=O)=O
7361,8269,N=C=CCC=O
7362,8270,NCC(N)CC=O
7363,8271,C1C(N(C)C)(N)NCCC2C1=C2
7364,8274,CCCC=CCCCCl
7365,8276,C=C=CCCCCC=CCC=CC=C=NCN=C
7366,8277,CC#CCCC=CBr
7367,8279,CC(C)CC=CC(C)(C1)C1
7368,8280,C=CCOCCN=O
7369,8281,CCC=CCNCNC=CC=C
7370,8282,CCC(C)S
7371,8283,CC=CCCCl
7372,8284,OC=CN=C=C(C)CNNF
7373,8285,COC(CC=O)O
7374,8286,NCC
7375,8287,N=CON(C=O)N
7376,8288,OC(=C)CCCCCNNC=O
7377,8289,C=CCCN=CNN=C
7378,8290,CCC=CCC=CN=CCl
7379,8291,OCCC=C=S=O
7380,8292,C=C=CCCSN=C
7381,8293,CCCN=CCCC(N)ONC=C1CO1
7382,8294,O=C(CCNSNCNCN=C=NC1C)N1
7383,8296,OC=CC=C(C([NH1]C)CNC)C
7384,8297,CCNCNCCCC=NN(N)CC1=CC1
7385,8298,CCOC([NH1]NC)CCC(=C)CC=NONCl
7386,8299,CCCNC(C=CC=C)C(C)C=CC=COC
7387,8300,NNCCC=CC=O
7388,8301,N1C=C=CC=CC1Cl
7389,8302,CCSNSC=CONCl
7390,8303,O=C=C(C)C=CCl
7391,8304,CCCCCC=CCCC=O
7392,8305,C(Cl)CC=CCCOC=CCl
7393,8306,CC1CCCC=C(C)CC1S
7394,8307,C1N=COCCC1CCl
7395,8308,CONCCN(C1)C1
7396,8309,NC=CNC(OC)CCCCO
7397,8310,CCCCC=C(N)C=CCC=C=CN=C=O
7398,8311,C=C(C1)NOCC1COCO
7399,8312,C(=C)CC=CC1=NCNOC1ONCNSCC=CC(C=N)OC=O
7400,8313,C1CNCCCC1O
7401,8314,C=CCCC=CC#CC
7402,8315,CCC(C)C=CC=C[NH1]NCC
7403,8316,C1CCC1CCNC(C)=CC=C
7404,8317,CC(C)NNCN=O
7405,8319,CCCC(C)C=C
7406,8320,CCCC(N)C(CN=CCOC=CC)CCC=C
7407,8321,N=CC=CCC(CNCC=O)N
7408,8322,NCCC=CCCN=CCC(C)C=C
7409,8323,C=C(N)CCCC[NH1]CC
7410,8324,CCC=C(C)COC=CCC=CF
7411,8325,CCC=CC(C)(C1=CC=C)OCCCOCC1
7412,8326,C1COC=CC(C)C1C(CS=O)O
7413,8327,C=CC(=N)CC(N)Cl
7414,8329,O=CCC1CC=CCC=COC#C1
7415,8330,CC=CC=CSC=CN=C1C=C1C#N
7416,8332,ClCCC(=O)CC(C)COO
7417,8333,C1CNCC=CC=C2CC1C=CC=CC=C2
7418,8334,CCCCC=SC=CCl
7419,8335,C1CNC=CCCC1
7420,8337,CSSCCCCC1OC1=O
7421,8338,COC=CC(=CCC#CCCONCCN)N=C=O
7422,8339,NCN1CCCNN1
7423,8340,C1C=C=C(C(=O)C)CCC1C
7424,8341,O1OC1CCC=[NH1]
7425,8342,C1NCCCC(=C)CC1CO
7426,8343,CCC(COC1C)CCCCC=NCC1
7427,8344,CC(N)C(C=C=CCCCNC=CC=C)ONC
7428,8345,NCCN=CCCCC=CCCCCC=CF
7429,8346,N1C(C)CC(C)C=C(C2)C21
7430,8347,O=[NH1]
7431,8348,CC1=CC=CC=C1C#N
7432,8349,O=CCCN=O
7433,8350,CC=CC=CC=CN=SCOC=C=N
7434,8351,ONC1CNC=C=C(N)NC=C1
7435,8352,CC=CCOOC(C)CC1C=C1
7436,8353,CN(C=CC)OC1=CN=NCC(O)O1
7437,8354,CC(Cl)=O
7438,8355,CNC(O)CNN(C)C1ON1COC
7439,8356,CCCCNC=SCCCl
7440,8357,C1CN1C
7441,8358,C12CCC2(OC1)C
7442,8359,NCCONCC=CC(O)NCO
7443,8360,CCCNNCCCCC(O1)N=C1
7444,8361,COCCCBr
7445,8362,CC=CC=CCCC=S
7446,8364,P=CCCC#C
7447,8365,COCOC=CCNPN=CCON=O
7448,8366,C1CCCCOCCC1O
7449,8367,O1CCCCNC=C1
7450,8368,O(C)C=C[NH1]CC
7451,8370,C1C=C=C=CC=C=CNCC=NC1
7452,8371,OCC=NCCSCF
7453,8373,NCCCCC1OCCC=C1C
7454,8374,CCCCCOCC(C)CNNCCNO
7455,8375,O1CNCCC1C=C=C
7456,8376,ONCSC=O
7457,8377,CC=CCCCCC=NC
7458,8378,CC=NCCCC=O
7459,8379,NNC=CCC=CC(C1)C1=CCC=C
7460,8380,C1C(=C)C=NCC(C)NN=C=S1
7461,8381,N1NC2=C1OCN2C
7462,8382,O1C=CCCCCC(C)NC1=O
7463,8384,C1CNOC1CCCN=C=C
7464,8386,OCC[NH1]CC=C=CCCNN
7465,8387,NCCNCCC=CC=C1CC1
7466,8388,CCNOC(C1)C1(CCCC=C)Br
7467,8389,C1CNC=C(Cl)C1=NCC=S(O)N
7468,8390,CCCC=CC#CCCOCCN=O
7469,8391,C=C(C)COCCCCl
7470,8392,C=CN(C)SC=CC
7471,8393,C12CS1(C)CN2C=C=C=C
7472,8394,COOC(=N)NC(N)C=O
7473,8395,OCCCCC=SC=CC=CC=C=O
7474,8397,OC=NC=NCC(C)C=O
7475,8398,OCN=C=NCF
7476,8399,C=SC1C=CC1=CC=CC=CC(=C)O
7477,8401,CCC(C)CCC=CNOCN(C)C=CN=C
7478,8402,NOC=CCC
7479,8404,O=CC1CCC(C)=C1CCC=O
7480,8405,CS1C(COC)S=NCON1
7481,8406,CC[NH1]C[NH1]C=CC(ONC=CCOC)CC=N
7482,8408,N1CC1(C)C=CCC=N
7483,8409,C1NCOC=CC1C=CCl
7484,8410,C(CNC=CNCC=O)OCCCO
7485,8411,C1NCCC=C1NOO
7486,8412,N=C(C)O
7487,8413,CCCNCCCOC=C=C
7488,8414,CC(CCC#C)=CCCCC(N)CCC=CCCCOC=C=CN
7489,8415,CC=CCCC(C)C(N)CC=CCOCC
7490,8416,CC(C)CCCC=SC=O
7491,8417,C=NC=CNC=CC=CC=C(NCCC=C=CNCC)N
7492,8418,N1CC1C(C)CN=O
7493,8419,N1C=C1N
7494,8420,OCCCC=NCC=CPO
7495,8421,OC(COOC(C)=CCC=CNC=CCCC1)O1
7496,8422,COCCCONC=CC(=O)OC=CC
7497,8423,C=CCCNC=C=O
7498,8424,C=[SH1](C)C=CCON=O
7499,8425,PC=O
7500,8426,COC=CNNCCCCCF
7501,8427,C=CCC=C=CCl
7502,8428,C=CC(O)OC=CC1(CC[NH1]C1C=C)O
7503,8430,OCCCCC(O)NCC=CCOCl
7504,8431,C1C=CCCCCCC=COC1
7505,8432,CNC=CC(C)P(C1)C1N=N
7506,8433,CCN=NCCCCCC1=CC1NO
7507,8434,C=NCCC=SC=CCNCCCC=1CC=1
7508,8435,O1NCCNCC2OC=CN1N2
7509,8436,N(CC=CC=C=CC=O)N=C
7510,8437,C(C)C(C)CC=CCCCCl
7511,8438,CC(C)(C)C=O
7512,8439,OC=CC1=CCC=CNN1
7513,8440,CC=C(COC=CCC=C=C=CC)CO
7514,8441,CCN(C)CNNC=CC=CC=O
7515,8442,C=C=NCCCCCNOCC(N)C=CC=O
7516,8443,CCCCC=SCC=COOO
7517,8444,COOCC=CNC(C=CC=C)C=C=CCC=O
7518,8445,COC=CNNC(C)=O
7519,8447,C=SC=NCCCCCCOC
7520,8448,C1OCC=CC#CCN1O
7521,8449,C1=C(C1C2)C2=C=C
7522,8450,O1CCOC=CC1[NH1]CCC=O
7523,8451,CCCOCC=C[NH1]CC=CCC
7524,8452,CCOC=CCl
7525,8453,COCCC=CNN(C)C(CC)=CC=O
7526,8454,C(O)CNC1=CC=CCCCC1
7527,8455,CN=C=CC=CC=O
7528,8456,C1C=COCCN(C1Br)N
7529,8457,C=CCCC1CC2OC=C1N2N
7530,8458,CC=C=C=CCOC=C=C1C(CC(OCOC)=CN)C1NC
7531,8459,CNOC(N)C=CCC=NOCCC(C)N(C)N=C
7532,8460,[SH1]C1CC1(C)C
7533,8461,C=NCOC=O
7534,8462,C=SC(C)Cl
7535,8464,CCCOOCOCC=CC(C)=O
7536,8465,NCCCCC=CNC
7537,8466,CC[NH1]P1NC=CC=N1
7538,8467,OCCCNC(CCCC)CCCCN
7539,8468,CCN([NH1])CC=O
7540,8469,CCOCC=NC=C=O
7541,8470,COOCSC=C=C=C
7542,8471,CCN=CC(O)SCCCCS(C1)=C1
7543,8472,CCC(C)CC=CCC(C)=CO
7544,8473,O=C(C)OCC(C1)N=C1
7545,8474,C1=C=CCCN1C=C=O
7546,8477,C(C)(S)CC(C)CCCC=C=C
7547,8478,CCC(N)N(C)C=C(C1)CC1CO
7548,8479,CN=CCC(C)OCC=C
7549,8480,NNNOCNOCCC(C)CC=O
7550,8481,BrCCCCCCNCOC
7551,8482,CC(=C)CCC(C)OCNC(C)C1C(CN)C=C1
7552,8483,CCC(C1C=CC)CC1C=O
7553,8484,CCC(C=CC=C1)CCCCCC=C2CC21
7554,8486,C1SC=NCCC(C2)=C1C(C)C=C2N
7555,8487,CNOCC(S)C=CC=CC
7556,8488,C=NCCCOCC=CC=NC=COC=O
7557,8490,CCCC=CC(NCl)N
7558,8491,CC=CCCCC=O
7559,8492,CC(CC=CCC)NCCC=O
7560,8494,CCC[NH1]C=C=CCC=C=CC=C=C
7561,8495,CC=CCC(OOC)N
7562,8496,CCNCOC=CCC=C=C=C=CO
7563,8497,OCCN=C(C)C=O
7564,8498,NN(C)OC=O
7565,8499,CC=CC=CNN1COCC=S1OCNC=O
7566,8500,NC=CC=O
7567,8501,NC(C)=CCCl
7568,8502,NCSC(C)=CCC
7569,8503,C=CC=CCCOCCCC#C
7570,8504,CC=C=CCC=CC=CCCCCC=O
7571,8505,C=CC=CC=C=CCC1NC1C=C
7572,8506,NC(O1)C1C(C)C=C
7573,8507,C1CC=C1C=C=CCC(C)C
7574,8508,CCC=CC(CCC=O)C#N
7575,8509,CC=CCC(C=O)=C(S1)[NH1]1
7576,8511,OOC=CCC1COCCC1OC=C
7577,8512,NCN=C=CCC1=C(CC#C)CONN=C=C1
7578,8514,OC(OCC=O)CC=O
7579,8515,CCON=O
7580,8516,C=NCCCOCC=O
7581,8517,OCCC=NC=CCNC#CCl
7582,8518,C12CC1COC2C
7583,8519,C(C)(C)C(O)C(N1CC)NC1=C=CC=C
7584,8520,NCNCNCC(C)CCCC=C
7585,8521,C(CCl)COC=CCCCC=O
7586,8522,CCC=CC=C1C=CCCC1N=C(CC)NNOC
7587,8523,CCCNCOCNC=C
7588,8524,OCCCOCCSCNCOCC
7589,8525,O1C=CC#CC=C1NCC=O
7590,8526,C1=CO[NH1]C1C=CNC=CBr
7591,8527,C=C1OCCC=CNN(C)CC=C1
7592,8528,COCC1(CCC)CC1=C
7593,8529,CCNCCCCCCCOC(C)=CC1CCCCS1
7594,8530,CCN(C)CCC=O
7595,8531,CCNC=CCCCCO
7596,8532,N=NC(CN=C)CCCNCC(C)=[NH1]
7597,8533,NNCOC=O
7598,8534,OCCOCl
7599,8536,O1C=CCNC=CC=C1CC=CON
7600,8537,CCCCONCCCNC(C)C=CCC
7601,8538,C1C(C)(C=O)C1
7602,8539,O1N=C1CC
7603,8540,CC(C)CCOC
7604,8541,CC1CC=CCCOCCCONO1
7605,8542,CC=NC=CCCCC=NCNCOCl
7606,8543,C(CCCCCl)=C
7607,8544,C1CC=CC1CONCC=S
7608,8545,CCCCC1C2CC=CCN2C=CN1
7609,8546,CC=C(C)C=C=CC
7610,8547,ONC=C=O
7611,8548,CC=CC
7612,8549,C12=CCCCCC1[NH1]C2C
7613,8550,CCC#CC[NH1]C(OC=O)OS
7614,8551,NCCOCN=S
7615,8552,OCC1NCC=C=COC=C1
7616,8553,ONC=O
7617,8554,C=CCSC=C(C)CN[SH1]C=C=C=C
7618,8555,CC=CCOC=CCC1=CCCCNC=C1O
7619,8556,CCCOCCCSC=NC=C
7620,8557,C1C(N(C)OCCO)COC1=C
7621,8559,CCC(CCC)C=C=CS
7622,8560,C(C1)SCC=C=CS(C2)N2OC1
7623,8561,C1C=NC=NC1C=O
7624,8562,CCC#CC=CC=CC=C1OC1CO
7625,8563,N=C(C)N(I)N
7626,8564,NOC=CCC(C)OCC=CC=N
7627,8565,CNCOCC(=O)CC=CCCC=CCNCC=C
7628,8566,C1=CNCCO1
7629,8567,OC=CCC=CC=CCCN=C=C
7630,8568,CN=CCSCC=O
7631,8569,C1OC(N)CC1(C)OF
7632,8570,C1(C)=CC=CCCCC1=NNC=C=N
7633,8571,NNCCC=CNC#C
7634,8572,CNCC=C=C
7635,8573,CCCC=COC=CCC
7636,8574,C=C1C=CC=CCCCCC=C1
7637,8575,C=CC(C1)CNC=CCC=C=NOC1
7638,8577,CCSCC=O
7639,8578,C=CC=CN=CC=C=O
7640,8579,C1=CCC=CC=C1C#COCC=C=C
7641,8581,CCCCCCI
7642,8582,CNN=C=CC=C1[NH1]C1Cl
7643,8585,CCOC1NCCCN1C=CCC2=CC2=O
7644,8586,N1CCOCC=C(CC)CN1
7645,8587,C=C=CCOOC(COO)C=CCF
7646,8588,S#CC=CC(C)C=CSCC=CCC=CC=CC=N
7647,8589,OOCOC(C)CC=CC(=C)N(Cl)C
7648,8590,CCN(C)SOCNC=NC
7649,8591,C12OCC1CC2=O
7650,8592,C1=CC=CC(C)C=CC=CC1C=CC=C2CC2
7651,8593,CCCCC(C)CCCC1(NOCO1)N
7652,8595,CC=NOCC=O
7653,8597,CCCN=C=C
7654,8598,C1[NH1]CC2=C=C1C(C)CO[NH1]CC2
7655,8599,CCCNN=C=O
7656,8600,C1=NNCN(C2)C=CC1=C2C(C)=NCC=O
7657,8601,OCC(NCN=O)CC=O
7658,8602,CCCC(N)CC=C=CC
7659,8603,C=CC=NCCl
7660,8605,CC(C)=CCC(C)C=C=NCCCN=C=O
7661,8606,NCC=CC=CCCC=CCC=NO
7662,8607,NN(C)COC=CCNCC=COO
7663,8608,C(O)NC#CCCCCCC
7664,8610,CCCCN1CCC(C)N=C1C
7665,8611,CC=COC=CC=CNC(C1=C)C1CON
7666,8612,C1N=C=CN=NN1CCC=NC=NC=CCCCC
7667,8613,CCNCC=C(N)OCF
7668,8614,CCCCCCC=CCCC1CN1C#N
7669,8615,C1=C(C)C1(C)Cl
7670,8616,CC=C(C)C=NCCOOC(C)(CC(CC)CCCNCC1)C1
7671,8617,CCCCOC(C)C=C=C=O
7672,8618,OC=CSN(C)C=CC(C)O
7673,8620,O(C=CCC1COC)N(C)CPC=C1
7674,8621,CC=CCCCC=C[NH1]O
7675,8622,CNS1N=NCCC1OC
7676,8623,NNNCC(C)OCC=O
7677,8624,CC(NCCC)=C
7678,8626,C1CCCC2=CC=NC2=C1
7679,8628,NNC(C)CC=O
7680,8629,CCOC=NOC=C(CC)COSCC=C=C=CC=O
7681,8630,C=CC=CC=NC1=CC1
7682,8631,O=CCCCCCCCCCC=C
7683,8632,CN=C(C)C=CCN=O
7684,8633,CCCONC1CCCC=C(O)OCC#C1
7685,8634,OCCN=CC(C=CCOC=N)C=NN=C
7686,8636,C=CCC1C=CCCNCCCC=C1C
7687,8637,O1C2NNC2C=NO1
7688,8638,NCC=CCSOCCF
7689,8641,COCC=CC=CC[NH1]
7690,8642,C(N)=CCNCF
7691,8643,N1=CCC=NCC(C)C=CC1
7692,8644,CC=C(C)CC=C=CC
7693,8645,NCOC(CON)CC=COC=NCCCCl
7694,8646,CCCCN(C)N1C=CC=CC1(CN)O
7695,8647,CN=C=CBr
7696,8648,CCCC(=C)C=CC(C)=C
7697,8649,CCCCN=CP=O
7698,8650,CCNC=CCCNNCCCNCNNC=C=C=S
7699,8651,O(CC=C=O)C=CNC=C=C
7700,8652,CCCNCC=C1CCCCCC2CC1NCN2O
7701,8654,COCC(C)C(O)C=CCOCC=O
7702,8655,N1C=C=CC(C)C=C(C2)N12
7703,8656,NC(O)CNN=O
7704,8657,OCOC(C)C=C1NC1Cl
7705,8659,CC=C(OCC)C(C)CC#C
7706,8661,CCNC=C1C2=C1NCCN2
7707,8663,O(CC=CCCCCCCC=O)CC=O
7708,8664,CCCCOC=CF
7709,8665,CC(C)(COCCNOS=NCCN)C=O
7710,8666,NC=CC(C)CNC#CC=CCCl
7711,8667,C=1=CC=1ONC=CC(C)CF
7712,8668,CC(CCCN)C=O
7713,8669,CCC=C(O)C=N[NH1]O
7714,8671,N1=CC=N1
7715,8672,OCC=C=CCC(CNCOC(C)C1CC1)C
7716,8673,CC=C(C)CCCF
7717,8674,N(=N)CC=CCCCN=CC(S)=C=C=O
7718,8675,COCCCCS1(C)CC(C)C=N1
7719,8676,C(C)(C)OCCCOCCC1ON=SCCN1
7720,8677,NSCC=CC(CC=N)C=NC=CI
7721,8678,N=C(C)CCC=C=CN=C
7722,8679,NOCOC[NH1]COOC=CCC#C
7723,8680,CC(C)C=CCCCOC=C
7724,8681,COCC(C)=CCCC=CC=CN=CC#CC
7725,8682,NNC=CN=CCCC1CSCC=N[NH1]1
7726,8683,C1C(C)CCNC1S
7727,8686,C(=CC(=C)CF)=C=C
7728,8690,C1C=CCCCCCN1OC=C
7729,8691,C(N)(Br)CCCCC=COC#CC
7730,8692,N1C2CC(C)C2O1
7731,8693,N=C(N=C=CC)CC[NH1]N(C)N(C)C
7732,8694,CNCOC(S)CCCC=C(C)N
7733,8695,CSCNC=O
7734,8696,CCC=C(CSC(COC)CC)CF
7735,8698,C1(C)NCC=CN=CC1I
7736,8700,FCC1CC=CP1O
7737,8701,CC(C1COC=CC=C2C=CCF)C2N1
7738,8702,C1=CCCCC2=C=C(C)NC=S2(CC1)O
7739,8703,C=COCC=CF
7740,8704,CC=C=NCCC=1SN(C=CC=1)OC
7741,8705,CCC#CC(C)C(SSC)F
7742,8706,CC=CC=CCCSC1=CC=CCC1
7743,8707,N(Br)=CCOOC=C(Br)Cl
7744,8708,OCN=COCC=NCCl
7745,8709,CCSC(N)OCNN=CCCCC#C
7746,8710,CCNC(C)O
7747,8711,CCC=CCCCCl
7748,8712,CNC(O)C=O
7749,8713,C1CC2C=COCC2O1
7750,8714,O1CCC2=NCOCC1C2
7751,8715,OCCC=CC(C1)C=CC=CO1
7752,8716,CCSNCC(N)CCC=NCCN(C)CCC=N
7753,8717,N=C=NC=NC=O
7754,8718,CCOC1C#C1
7755,8719,C=NCO[NH1]CCCC(C=O)OO
7756,8721,CC=C=CCCOCl
7757,8723,C1=CCCCCO1
7758,8724,C1C(N2CCC1C(C)C)CCCCC=N2
7759,8725,COC
7760,8726,CNC=NCCCBr
7761,8727,CC=C(C1)CC(C)C2(N)COCC2CCC=C1
7762,8728,OCOC=NOCCC(N)=O
7763,8729,OCCCS1C=CNCNCC=CO1
7764,8730,NOC(=CNCO)CF
7765,8731,C=CNCC=CC#CC#C
7766,8732,CNC=CCNCSCCCCN=O
7767,8733,CCONCC(C)(O1)C1=NCO
7768,8734,OCC=SC=C(C)CCC=O
7769,8736,C12C=C1C=CC=CCCOCCC2
7770,8737,N=CCC1(C2)C2=C(NC1C=NC3N)C3
7771,8738,N=CNC=COCNCOC=NC(C)CC=O
7772,8739,CN=CCNSCC(=O)NC=CCOC
7773,8740,NCCC1COCS1C=C
7774,8741,CCOC(C)=C(OCC)OCC(CC)O
7775,8742,NCCCC=C
7776,8743,C=CNS1C=C(O2)C=CNCC=CS1ONCCC#C2
7777,8744,C1=CN=CC=C=NC#CC1
7778,8746,CC=CC=CC=CC=CCCl
7779,8748,C1=CN(C)C#C1
7780,8750,CCCC(C)C
7781,8751,C1(C)C=C1
7782,8752,CCCCCCCCCC(N)=O
7783,8753,CCCNCC=CCCCl
7784,8755,NCC=COOCOCCC
7785,8756,CCC=C=C=CCC(C)=CC=C=O
7786,8757,NC=NC=COCCNC=CCl
7787,8758,NC=CNC[NH1]CC=SC=C
7788,8759,CCCCSC1=NC1
7789,8760,C1C=CC1(C)C=O
7790,8761,COC=C=CCCC(C)F
7791,8762,C1NCCC(C)=C(C)SCCC1=N
7792,8763,O1COCC=CCNC2NC21
7793,8764,N1=CCCCC=CC=CC=CCC1
7794,8766,C#CCC(CC(C)CCNCCN)C=CNCl
7795,8767,N1=NCC=CC=CC=C(O)C1
7796,8769,CN=CCCOCCC=CCl
7797,8771,COC=CC=C=O
7798,8772,C1=C=C=CC1C=CCCCCCCCO
7799,8773,C=C(C)CC=C(O1)C1O
7800,8774,C12CCCCCCC1C=CC2
7801,8775,O1C=NC=CCNCC1=CC#C
7802,8776,CC(C)COCCCNCC#CO
7803,8777,C1NNC(C)(C)CC1
7804,8778,COC=CCCC=CCC=O
7805,8779,O(C)OC(NC1=O)(COC=CCCCO)C1(O)ON
7806,8780,OC=C(CC=C=O)C=O
7807,8781,N=CCCCNC=CCC=C1C#CCCCC1
7808,8782,C12CC=C(CC1OC[NH1]2)CN=O
7809,8783,CCNNCCC(C)C1C#CC(O)CC=C1
7810,8784,CCCCNNCC=CCCCNCCCl
7811,8785,C1C=CCCC=C1C=O
7812,8786,CCC[NH1]CC(C)NC=NCNC1=NN1
7813,8787,NC=CCCCC(C)Cl
7814,8789,C1CCCCCC1CC=CC=CN(C2)N=C2C
7815,8790,C=CN=CC=O
7816,8791,C1OC1N
7817,8793,CNCCCF
7818,8794,CCCN=C(C1OC=C=CC)C1C
7819,8795,C1CCOCCCCOC=C1
7820,8797,C1CC=C=CC=CCOC1
7821,8799,C12=CNCCCC1N2
7822,8800,CNCN=O
7823,8801,CCC=COC(C)C=CCSCl
7824,8802,C(C)(C=CNC=C=C1CCCCCl)=CCCOC1
7825,8803,CCS=CCOCCOC=C=C=S(C)CCl
7826,8804,CC1=CC#CO1
7827,8806,C1OCN2CCN3C=C3C1OC2
7828,8807,OOC=CCCCCCCC1C=CC1
7829,8808,CCCCC=CC=COC#CC=O
7830,8809,C=CCNC=CONCON=CCC(N)Cl
7831,8810,NC(C)CCCC=C(C)C1OC1CCC=CC=C
7832,8811,BrC1C2C1CCCCC2N
7833,8812,O=CC(C)CC=CC=O
7834,8813,NNCCCC=C1C2CCCC2OOC1
7835,8815,CCNCC1(CN=O)C=C1
7836,8816,CSN=CC(C)SCC=O
7837,8817,C=COCCCC=O
7838,8818,CCC=CCC(S=CC)C=C=CC=C=NO
7839,8820,CC=C=CC(C)F
7840,8821,COC=CCCC1=CN=NCCCC=CS=CO1
7841,8822,CC=CC(=C)C=C=NC=C=S=C=N
7842,8823,N#CSCCNN=C
7843,8824,O1CCCC1(C)C
7844,8826,CCOCNN=CCC=CC=CCCF
7845,8827,C1C2=CC=C([NH1])C=C1N=CC2
7846,8828,CCN=CCCCCC=S=C
7847,8829,C1C(C)=CC(C)SC=CC1
7848,8830,NOOF
7849,8831,NC(C)CC=C(C)N[NH1]N
7850,8832,N1CCCOCNON=C(C1C)O
7851,8833,C1CC=C1CC=CC
7852,8834,NNNCNC=CC=C(C)C=C1CN1
7853,8835,C=CC(C)C=CC(C)C(CN)C=CC(C1)CN1
7854,8836,O(C)CCl
7855,8837,OC#CC1N=CNN[NH1]OO1
7856,8838,CCCC=C=C1C=CC=C1
7857,8840,O=CC=C=CC=O
7858,8841,CC=CCC(NCN1C2)C12
7859,8842,C=C=CCNCCCCCCCCCN=C=C
7860,8844,N=CC(N)N(N)CCC=O
7861,8845,C1CC2=C(C)CCC=C21
7862,8846,CNSC(N)CCNC(C)CS=C=O
7863,8847,COC(C)Cl
7864,8848,CC=CCCOCC=CC=COS=O
7865,8849,CNC=CC=NCCCOCCCCC=CN=CC
7866,8850,C=CNC=CNC(C)CC=C=O
7867,8852,C1CC=CNCCNC=N1
7868,8853,NCCCC=CCOF
7869,8854,C1CC2CCCCC=C3C=CC1C=C2C3
7870,8855,C=CNCCC=O
7871,8856,CCC[NH1]CNNCCOOCCC=CC=O
7872,8857,C1SC(C)CC1
7873,8858,C1C=NCCS(C)=CCC1
7874,8860,CC(C)C#N
7875,8861,CCCC=CCCOC=CCN(C)CC=C1CC1
7876,8862,OOOC([NH1]CCC)CN=C(N1)CC=CC1OO
7877,8864,CCCC=CCCC(=NC=CC)NNC=COONNC=C
7878,8865,FCCC=C=C
7879,8866,CC=C=CNCOC=O
7880,8867,CCC=CC=CNCCC=CC=CNOOC
7881,8868,CCC(N)CC=O
7882,8869,CCCC(CCNC)CC1=C(NSC)CN1O
7883,8870,OC=CCCCF
7884,8872,C(CC=O)C=O
7885,8873,C(CCC)C=O
7886,8874,CN(C)CCCCC=NCNC=CBr
7887,8875,CCCNCCC=CC=C=NC
7888,8876,S#CC=CCC(C)C1CC=CCC1
7889,8878,OOC=CCNC(C)C=O
7890,8879,CCNC(COCCCC=O)=O
7891,8880,C=COC=NC=CC1CC1
7892,8882,ON(C=C)C=NCSC=C=NC=CC=O
7893,8883,C=CC(C=NCOCC(F)CC1)C1
7894,8884,CC=CCNC=O
7895,8885,COCOCCCCCC[NH1]C=C=CC=C=O
7896,8886,C(C1)C(C)CCCC=C=NC[NH1]1
7897,8887,CCCCC=NF
7898,8888,N1C(N)C=C1CCCF
7899,8889,OCC=C(C)CCCC1(C)N=CC1O
7900,8890,CC=C(C)OC#CNCC=O
7901,8891,NC=C1C=C(N)C1
7902,8892,CCOCC(C)N(O)C=C=O
7903,8893,OC=CCCF
7904,8895,OC1=CCNC=C(C)CC=NC=CC=C1NC=N
7905,8896,C1OCCC2=NN=CC1OOC2
7906,8898,C1CCCC=C=CCC1Br
7907,8899,N1=CC=CC=CC1(C)C=CCCO
7908,8900,O1CNC=C(N)C1
7909,8901,CC=CCNC1C=C=NC1(C)C2=CO2
7910,8902,C1CCCC1S=CCOCO
7911,8903,CCC=C=NCCCNCCC#C
7912,8904,OC=C(CCC=C=CCOC=NCC)CCOCCN=C
7913,8905,C=COC=C(O)C
7914,8906,OCC=NCNCCC=C
7915,8907,CC(=C)C1CN1C=O
7916,8908,OC=CS=C=CCSPC=O
7917,8909,CC=SCSC=O
7918,8910,CCC=CC=C1OC=CC1NOC2N=C2
7919,8912,I
7920,8914,CCC=CC=NCNCNNC=O
7921,8915,C1(CC)C=N1
7922,8916,CCC=CCCC=C(C(C)SCCCOC1)OO1
7923,8917,C1(N)CNC1=NC=CCCCCCOC
7924,8918,CCC[NH1]C=C=CC=C=C(OC=CCCOOCC)C=C
7925,8919,N1CC(SC=CC=O)CN1N
7926,8920,OCCCN=CCC=C=N
7927,8922,CCCC=NC#CNCCNC#CNO
7928,8923,C=C=COC=O
7929,8924,OC=CCC=C=O
7930,8925,OC1NC(O)C1Cl
7931,8926,C=C=CCCCC1CC1
7932,8927,C=NOCC=CC=NOO
7933,8928,N1=C[NH1]1
7934,8929,C=CCSC=CCCC=O
7935,8930,C(S)C=C=CC=CCCC=CC=CC=C
7936,8931,CCC(C)CSC=CNCCCC=C=COCC=C=O
7937,8932,O=C(C)C(=O)OC
7938,8933,CNCNCNCC(C)CC=C=C
7939,8934,O(C)CF
7940,8935,COC=CN=CC=O
7941,8936,CNC(=O)C=CNC(C)CC=CN
7942,8938,CC1(C(C)(C)C#CCC)CC=C1
7943,8939,O1C(C)NCC12CC=C2
7944,8940,NC=NCCC=C=CC=CCN1C=NCCC[NH1]1
7945,8941,C(C)=CCCC=C=CCOCS=CNC=C
7946,8943,OCSCC(C)=CCCl
7947,8946,CCCC(N)CCC=CNCC=O
7948,8947,O=CC=C=CC=CC1(C)C=NC1CC=C
7949,8948,CNCCC(C)=NC=O
7950,8949,CON(COCC=COCl)SON=O
7951,8950,CCC(C)C=CC(NC=C)O
7952,8953,C=C=CCCC(O)C#C
7953,8954,NCCCC=CC(C1Br)C1
7954,8955,C1N(C)CCNCCNC2=CC=CC=C21
7955,8956,CCNCSN=O
7956,8957,ClCCNCOOC=CC(N)C
7957,8959,NOC=CCBr
7958,8960,C12=CC2C#CCCC=C1C#CN
7959,8961,CNC1CC=CC=CCCNCOC=C1
7960,8962,OC(N)CCCCNC#CCN
7961,8963,C1C=CCC1=CCCCCOO
7962,8964,NC(O)C=CSCl
7963,8965,CCNC=CCOCCCCC1CCCC1
7964,8966,CC=C(Cl)C(C)CCNCC=CC=C=[SH1]
7965,8967,CN=C=C=O
7966,8968,COCCCC(=N)C=O
7967,8969,C=1CC(CCC=1C=CC=CC)(C)NBr
7968,8970,C(OC(S)CCO)(C)C=CC=C=C
7969,8971,CCNC(C)CNC=CC
7970,8972,C=NCCCCC=CNCSCNCC=CO
7971,8973,C1=CC(C)C2=CN(C)NN2C=N1
7972,8974,CCCC1CNNCCOC=C1S=C
7973,8975,NC=C=COCC1CN1
7974,8976,CNC1=C(C)CCC1C(C)SO
7975,8977,N=1CCC=1CCCCC=O
7976,8978,CCC1=CCOC1CCCC2CC2=N
7977,8979,C=COCCC=CC=O
7978,8982,C=CSCCCC=C(C)CCC=CCl
7979,8983,CC=CCNC(C=CC=O)NN=C
7980,8984,C(C)=CC=CCCCCN=O
7981,8985,NCOC=CCSCCC1CN1NC=C
7982,8986,C=CCC=CC=C=C
7983,8988,CC=C=C1CCC2=NC1CC2C=C
7984,8990,O1CC=NCSOCC1OCC2P=C2
7985,8991,C1=CCC(C23)C2C=CC=C31
7986,8992,C1CC(OCC=O)C1
7987,8993,CCCC=CCNC(S)CO
7988,8994,CCC=C=CC(CCC=CN)(C)OCOF
7989,8995,CC=C1C=C(C)C1O
7990,8996,CCC(C)C=CCCC=O
7991,8997,NCCC#CCC(O)C1=CC1O
7992,8999,C=1CNN=1
7993,9000,COC=CCC=CCCNC=O
7994,9001,C=CC(C#C)NNC=O
7995,9002,SCN=CCCC=CC(C)CCO
7996,9003,OOC=S1CCC(C)=C=C(O)C1OOC
7997,9005,OCNC(N)(C)CC1N=NOCC1
7998,9006,CC1C(C2CC1)OCCC#CO2
7999,9007,NC[NH1]COC=C(C)C=C=C
8000,9008,CCC=C=CCSCC=O
8001,9009,OCC=NCBr
8002,9010,N1CC1(F)C=NCO
8003,9011,C1(C2)=S=CC21OS
8004,9012,NC(=NN1[NH1]C)CC#C1
8005,9013,CN1C=C(C)C=C=NC=C(C)O1
8006,9015,O1CCNC(C)CNCN1CCOC=COC
8007,9016,OC(C1)C1=CCC=C
8008,9017,C(C=C(C)C=CC=CCCCS)CC
8009,9018,CC(C)SCCCC(C1)=C1
8010,9019,NCC=C=C(CCC)COC#C
8011,9020,CCC1=CCC=NNOC(C)OCN(C)O1
8012,9021,N=CC=CC1CC1
8013,9022,C=CCC=CCCC=O
8014,9023,CC=CCCC=NOC1NC1=O
8015,9025,C(C1Cl)CON1CCNC
8016,9026,C=CCN=C=C=CC(N)N=C
8017,9027,C1C(C)C1C=CCN=C
8018,9028,CNC(C)(C)C
8019,9029,O1SC=C1
8020,9030,CCCN(C)NSC=O
8021,9031,N1=C=C(C)CC1
8022,9032,CON1C=CCC=NNCCPC1
8023,9033,C=CC1C=CC=[PH1]1
8024,9034,COOCCOC=CC=C=C(C)CCF
8025,9035,O1CCCCC=NC=S(=O)C1O
8026,9037,C1CCC1CC=CC=O
8027,9038,OCCNCCC1CCC=C=C1OS
8028,9039,C1ONNC=C(C)C=CCO1
8029,9040,C(C)=CCC=C=CCCC=CC=CC=C
8030,9042,CC=C(C)COCC=C
8031,9043,CCCCCC=NC#CNC=O
8032,9044,CNCOCNC=CC=CC=C(C=CC(C=C1O)N1C)N
8033,9045,CCC=NN1N=NCC=C1[NH1]
8034,9046,C=1C=C=1
8035,9047,CC(N(C)C=C=O)OCSC(O1)C1
8036,9048,C1=CCCCCCC=C=[SH1]C=C1CC
8037,9049,C1CC=CC1(C2=CC=C3C2N3)C
8038,9050,CS=C(C)CCF
8039,9051,CCNCNCCC=CCOCC=C=C
8040,9052,CC1CCCC1=C=C
8041,9053,CNCCNCNC(C)C=CCNOCCS(NC=CC1)C1O
8042,9054,CCCCC=CC#C
8043,9055,NCCC1CC1
8044,9056,C=CCCCN=CCC=CBr
8045,9057,CCCNC=CCCC(C)COO
8046,9059,COC=CC(C)N(N)CNC=C=C
8047,9060,OOC(C)CC=CC(=C1)N1
8048,9062,CNCCCN=C1C=C1
8049,9063,CC=CCN(C1)CC2CCCC=C2C=CC1=S
8050,9064,CC=CCOCCOC=CC(C)CC(C)CCC=C
8051,9065,CC=NCSCCSCCCC(CN)C=C
8052,9066,CC(C)=C(C1)C=CC(C)CCC=C1
8053,9067,NCNC(S)C
8054,9069,CCCN=CCCC(S)N=CC#CO
8055,9070,N1NNCC2C=CC=C1C=C2
8056,9071,COOC=CN=CC1(C2)SC=NC12O
8057,9072,CCOC=C=N
8058,9073,C=CC(CCSCC=O)NC=O
8059,9074,CNCC=CNC=O
8060,9075,OC1CCCC1C=CC=C=O
8061,9076,CCCCSCCCCCl
8062,9077,O=C=NBr
8063,9078,NCCCC=CCNC=NOCl
8064,9079,CCNC=CC=C(C)N(C)CCNCCOC
8065,9080,NC(C)NC=O
8066,9081,O1COC(CC)NC=CC1=S
8067,9082,CCCNCONCl
8068,9083,C=CN=C=C=O
8069,9084,C1ON1CC=CNC=CC=NOC=C
8070,9086,C=C=C1C=CCCC1
8071,9087,CCONNCCCOC=C=O
8072,9088,COCOC=NCCNC=CCNCCCC#C
8073,9089,C1CCCC=NC=CC1(Br)C=CN
8074,9090,SNN=O
8075,9092,CN=CCCI
8076,9094,C=CCSCCCC(C)CCOO
8077,9096,CCCCC(=O)OC=COCC
8078,9097,CCCCNCNC=CC=COC
8079,9098,CCCCCCCN[NH1]N=NCC=N
8080,9099,C=CC(O)C=C(C)CNC=NC#C
8081,9100,CC=C=CC(C)CNC=O
8082,9101,CC#COCCSC(=C)N=O
8083,9102,C1=CCC#C1
8084,9103,C=CCCCCC=O
8085,9104,C(C=CNCS(C)NC)=O
8086,9105,CCCC(C)C(C)=O
8087,9106,O=NCCC=CCC=C=O
8088,9107,NCC=CCC(C)CC=C1C=C1C=O
8089,9109,NCNC=C=O
8090,9110,O=CC#CCN
8091,9111,O=CCF
8092,9112,COCNOC=O
8093,9113,C(N)C=S1CCC2C(=C)CC=C2NNO1
8094,9114,CC(C)=C(CCF)OC=O
8095,9116,C(O)=C=O
8096,9117,COOSOC1NCOS(C1NC)Cl
8097,9118,COC(C)CC1C=C(CCC1)COOCF
8098,9119,NC=CCOCCCOC=O
8099,9120,ON=C(C)SCCSOC=O
8100,9121,OCC(C)C=CC=CCC
8101,9122,ONCCCNNSNCOOC=CCCCC
8102,9123,CC1C=C(C)NC=C1NONC
8103,9124,NCC=CC=CC=CC=CCN=C=C(O)OCCl
8104,9126,CCSC1(C)NC=CCCCC=N1
8105,9128,CCCCCS=CC(C)Cl
8106,9129,CCC[NH1]CONCCC=O
8107,9130,C(C)CCC=CC=C(N)C1=C=C1
8108,9131,ONN=PCC1=C=N1
8109,9132,OOSCCBr
8110,9135,C#CC
8111,9137,CCCCCCCCC=C=NCCCBr
8112,9139,NCC=S(=C)CCCl
8113,9141,C1CCOC(C)C=C(C)C[NH1]C1=C=C
8114,9142,CC=NON=CCCCCC(C)=C=NC
8115,9144,N1CC=C(C)CC=CC1
8116,9145,OOC=NC=C(C)C=C
8117,9146,CCC(OCC=C=CC=CC)=C=CC1NC=CCC=C1
8118,9148,NCC1=C2C(C)=CCCCN1C2N
8119,9149,C=CC=COCC=CC=O
8120,9152,CCOCCC[NH1]C=C(CCSC)F
8121,9154,CC=C=NC(OCCC)CCCN
8122,9155,O1OCC(C)N=N1
8123,9157,CCCC=C(C)C=O
8124,9158,CCCC=C=CN=CCONC1=CCCN1
8125,9159,CCCCC=CC=CCOCCN
8126,9160,NCN=CN1CCCCC1O
8127,9161,ClCC(O1)C=COCNCC=CC=C(O)N1
8128,9162,C(CC(N)C(C)S)(C)C=CC=O
8129,9163,NC=CC(C)COCPCC=CC=O
8130,9164,C=CCNC=C=O
8131,9165,C=CNCC=C1CCCN=CCCCO1
8132,9166,CC=CCN=CC=CC1CCCC=C1
8133,9167,C1C=CC=CCOC1S[NH1]CCC=CCC=O
8134,9168,COC1OC1NC=CCC=C=NO
8135,9169,CCSOC1(C)OC=CN1SC
8136,9170,N1POOCCCC(O)(N)C=C1
8137,9172,C(C)=C=SNCC=N
8138,9173,CC(COCCC=O)=O
8139,9174,NCOOC=C
8140,9175,CCCCOCCCN(C=C)OCNNCCCC
8141,9176,CCCC=COCCC=O
8142,9177,C=C(C)COCC=NC1C#C1
8143,9180,CCC(C)NC=NCNCCC=N
8144,9182,CC=C=CCl
8145,9183,NCC=SC(C)Br
8146,9184,CN=CC=NCC=C1C=C1
8147,9185,C1=CCNCC1C
8148,9186,C1=COSNCC=CCCSN1NNO
8149,9187,NOONC=CCOC(C)=C=C
8150,9188,C(C)(C=CC=CCCCNC[NH1]1)(C)O1
8151,9189,C=C=NONBr
8152,9190,C=CC=CNNC(C)Cl
8153,9191,OCC1C=C1O
8154,9192,O1COCCC=CCNC=C1O
8155,9193,NC(C1)S1OC=CO
8156,9197,C#CCN=NN1C=C=CC=C1CCCCBr
8157,9198,OC(C)CC=O
8158,9199,C1NCC=CCC=C1C#C
8159,9200,CC=CC(C)N=O
8160,9201,N=S=C=C(CCC=C)ONCC=O
8161,9202,O=C(F)CC[NH1]NC=C=CS=CS=CF
8162,9203,PC(C)CCCC#C
8163,9204,C1=CCCC=C1
8164,9205,OC(C)CCCCC=CCC#N
8165,9208,C=C=NONOCC
8166,9209,NC=CCCCCCCC1C=C1O
8167,9210,O1C(C)C=CC=C1OOC=CC
8168,9211,COC=CCCCCC=O
8169,9212,C=1NCC=CCOCC=1
8170,9213,ClC=CC=O
8171,9214,C1CCOC(N2)C2NO1
8172,9215,COC=CCC
8173,9216,OC=CC1=NN[NH1]CC1C=O
8174,9217,COCCCOCC=CCCl
8175,9218,CC=CCCC(C)CCN=O
8176,9219,C1C=NC=CCOCPC=C1CN=C
8177,9221,OOC=CC=O
8178,9222,CCN=CCONC=C(C)CF
8179,9226,O=C(C)CC=C=CC=CCC(N)C1C=C=CC1N
8180,9227,CCNCCC(CCNC)C=C
8181,9228,N1(C)CC(OCCC)=C1
8182,9229,C1CNC1C=CC(C)(C)CO
8183,9230,NCCC=CC=CC=C=NCC#CCCF
8184,9231,CCCC=C(CCCC)OCCCNCl
8185,9232,CCCN=NCC=O
8186,9233,C1C(C)N=C=CCCC=CC=C1
8187,9234,S=CC1CCCC=C(NOC)CO1
8188,9235,OOCNCCC=CCCCC1CC1
8189,9236,NC1CCC(CCN2OCC)(C=C)C1C2
8190,9239,OCCOC(C=C)CC#CCCCCC=C(C)C=O
8191,9240,C1(C)CCC=C1I
8192,9241,CNN(C)OC=CN=O
8193,9242,CCC(C)C(C)=CC=C=C1OC=CC1NCl
8194,9243,OOCCN=NC(C)OC
8195,9244,COCC(C)NC=CCC(C)C(C1)C1
8196,9245,C=COCNCl
8197,9246,CCCCC(CCC)C(=C)N=CCC=CC=CC=C
8198,9247,C=CC(CCON)CCCC#C
8199,9248,NN(C)OCCS=C1CC=C=C1
8200,9249,CCNCN(C)CCC=O
8201,9251,N=CNC=CC(O)=O
8202,9252,NC1=CC=CCC#CC=C(C)C1
8203,9253,C=NC1C(C)COC1(O)C=N
8204,9254,C1CC(C=C(C)S1)=COCN(O)S
8205,9255,C=CCC1CC=CCOCNC=C=N1
8206,9256,OC(C)C(=C1)C1(C=O)N[NH1]C
8207,9257,CC=CCCNCCCN=N
8208,9260,C=CCCC1C=C(N)C1Cl
8209,9261,C1NN2CC=C(N)NC1CC2
8210,9262,CC=CC=C(C)C=O
8211,9263,C1NC(C)CC=SN1CC(C)F
8212,9264,CCC(CN)=O
8213,9265,CCC=CN1CC#CCC1COC(C)CBr
8214,9266,NC(C)N=SCC=C(O)CO
8215,9267,NCCN=CC1CC1
8216,9268,C1CCCCCCCC1CCCCCC#CC
8217,9269,CCCCCOC=COC=O
8218,9270,CNCCC(O)C(=C)CC=O
8219,9271,CC=CC(=NC=CN)C=C=C=N
8220,9272,C=CCCC(N)C=CCNCCC=S
8221,9273,O1C2CCCC=C=C1OOCCO2
8222,9274,OCC=CCCC=O
8223,9275,CCNCCC(C)=C(C)CNCCl
8224,9276,CNC=C(C)CC=C=C1C=C(C)C1=O
8225,9278,N(=C)C=O
8226,9279,OCOC=CONCOC(CO1)C=C1O
8227,9280,N=CCNCC=C=C
8228,9281,C#CCCCCF
8229,9282,COC=CCCCCC(C1)CCCCO1
8230,9283,C=C=CC=N[NH1]OC=CC=O
8231,9285,CCCC=CC1C=CC(CC)O1
8232,9286,NC(CCCC=C)CN(S)C=NOO
8233,9287,[PH1]C[NH1]CC(C)CCC=CCBr
8234,9288,O=[SH1]C=NCC(C)CC1OC1
8235,9289,N
8236,9290,C1=NCCN2CC=CCC1(O)CC2
8237,9291,CCCC(O)C(F)OC=O
8238,9292,CCCC(CCC=CCC=COO)N
8239,9294,NC(C)=CC1=SS1=N
8240,9295,CNN[NH1]CCCOC=CC=CCC(C1)C1
8241,9296,N(C(CCCC)=C(C)C)CC=NCCN=C
8242,9299,CCCCNC=NOC=C=CCO
8243,9300,CNCOC=C=CC#N
8244,9301,C1CNCC=CCNC1OCCI
8245,9302,N1CC(NC1=CC=CC=CNCP(O)CCCC=NOO)=O
8246,9304,OC=CCOCCCl
8247,9305,CN=CCC(C)(C1)C1
8248,9307,C=C1C(N)(S)C1=CC(C)C=C2C=C2N
8249,9308,C[NH1]CC(C)CC(C)COC
8250,9309,NC=C=CCC=CC=CC(C)=C=CCl
8251,9311,C(O)=C(C)NCC=C(N)C(C)S=NCO
8252,9312,N=CCC=CCCC=O
8253,9313,OCC=CCC=CCC[NH1]NC=CNOC
8254,9314,CCS(C=C=C(C)C(C=O)N=C1)C1
8255,9316,NNCC(C)CCOCC=C=C=CC
8256,9317,OC=COCC(CC(P)CC)CON(N)OO
8257,9318,O1S(N)CC1C=O
8258,9319,C(O)C=C(O)C=C=O
8259,9320,OC=CC=C=CC=O
8260,9323,OC=COC(C=CCC)[SH1]C=CC
8261,9324,CC(C)CCC=C(C)C=CCC=CCCC=C=C
8262,9326,NC#CSCC=O
8263,9327,CCCCN=CNC=CCC(C)=CC(Cl)CCOC#C
8264,9328,N1CC2CCN(O)C2C(OC=O)O1
8265,9329,CCC=CC=C(C)CSCCC=N
8266,9330,CCCCCCC(N)NCC=O
8267,9331,O(C)CCCC
8268,9332,CCC(C=COC)NC=CC#CCCCC1=CC1O
8269,9333,OCOCC=C
8270,9334,C#CC(=C1C=CCC(C)N1)OS
8271,9335,C(C)C=CCCOC(C)=C
8272,9336,OON=C=CCC=CC
8273,9337,CC=CCNCOC=CCCC=C(OC=O)N
8274,9338,CC=C=CCC=C(CC=CC1=O)C1
8275,9339,O=CCCCOOCC=C(C)C#C
8276,9340,C(Cl)=CCC(C)(N)C=O
8277,9341,CCC=CCCC=CC=C(CCN=C=C)F
8278,9342,NCC=CCOC(=O)C(O)C=C1C([NH1]CN)C1=NC=NC
8279,9343,OOCCC=SOC
8280,9344,CC[NH1]C=CCSCF
8281,9345,C=CCCC=CN=C=SNCSCC
8282,9346,C(O)CN=C=CC=CC=CCC1CC1C
8283,9348,N=CCCC=CC=CC1=CC1
8284,9350,OC(NC=CC=C=C=C=CN=CC=C)O
8285,9351,CCNC=C=CO
8286,9352,CCCCCC=CC=CNCC#COS
8287,9353,CNCCNC=CC(C)=NCCCC
8288,9357,CC=CCCC=NCOOCCC=CBr
8289,9358,OCN=CCCOCF
8290,9359,NNC=CCCCl
8291,9360,CCCC(C=CNCC)CCC=C(O)C=NC=CC
8292,9361,CNOCC#CC#CCCCCCCl
8293,9362,ONCCCC=CCOCCl
8294,9363,CCC=CCCC=CCNI
8295,9364,N1=CC=CC1
8296,9365,NOC=C(C)NOOC(C)C=C
8297,9366,C#CCN=C=O
8298,9367,C(CC=NCCC1=CNCC)CC1
8299,9369,OCCC=CCCOCC=C(C)CC=C
8300,9370,NC(=C)C=O
8301,9372,C=C=CC1=C=C=NC1Cl
8302,9374,COC=CCNC=C=C=CCCCC=O
8303,9376,CCCC=NOC(C)=CCCCCNBr
8304,9378,CCOCC=C(OCOC(C)N)CCCS#N
8305,9379,CCC=CC=CC1SN1O
8306,9381,CC(C)C=NCCI
8307,9382,CC=C1C(CCCCC)CNCCN1
8308,9383,CCCC=CC(CC)CCO
8309,9384,OC(C=NC=CCCCCCN1)=C1
8310,9387,OC=C=CC=CCCCNC1OC1C=C=C
8311,9388,COCCCON
8312,9389,OCOCCCCCCNC
8313,9390,NCCC(S)CC1=C=COC=CC1OO
8314,9392,NC(C)=C=CC#N
8315,9394,CC=CCC=CN
8316,9395,C=C(C)CCCCOC=C(N)C=CNCC
8317,9396,C=COCC=CCCF
8318,9397,CC=CC[NH1]C(CC=C=C)CC(=O)C
8319,9398,OC(C)CC(N)CCCC(NN)=C
8320,9399,N1=CSNCCC1(S2)C2
8321,9400,C=CCN=CC=C=CCN(C)NC#C
8322,9401,CCCNC(C)CC=CNC
8323,9402,OC=CCCC(CCCF)OCCCC=C
8324,9403,CCC(=CC=CC)CCC=O
8325,9404,C#CCCC=O
8326,9405,N1C=CC=CC=CCNCC1(C=CC=CC)O
8327,9407,C1C=CCN1
8328,9408,NCC=CC=COCCCOC#N
8329,9410,NC(CCCO)Br
8330,9411,O=CC(C)=CCCOOO
8331,9412,C(=NNC=C(C1)C)=CC=SN1O
8332,9413,C[NH1]CS(C)C(C)Cl
8333,9414,OCCNCCCOCCC
8334,9415,O1C2C(S)CC=C12
8335,9416,C1OCCC1CC=O
8336,9417,FCNNCCOC=CCC
8337,9418,CCC(C)(N)C(C)CN(C)CC
8338,9419,OC=C=CCCCCCOC=N
8339,9420,C1(C)=CCCC#CC(C)=C=C1
8340,9421,C1=CCCOC1C=O
8341,9422,NC=NC(F)C=C(O)CF
8342,9423,NCC=CNC=NOCCCNC#N
8343,9424,CC1=CC=CC1(CC=C=C)CNCN=O
8344,9425,C1CCC(C)=CCOCCC#C1
8345,9426,C1N=COCCC1=CC2=CN=C=C2
8346,9427,O1C=CCCC=CCN=C1C#C
8347,9428,OCCCN=O
8348,9429,C=C(C)N
8349,9431,CCCCCCC(C)=O
8350,9432,CCC(=N)CCCCC=O
8351,9433,CNCC=CCBr
8352,9434,C(C)CCCC(CCC)=N
8353,9435,C1CC=CC(C)CNOC1=C
8354,9436,CCCNCNN=C(C=O)CCC=C1C=C1O
8355,9437,OC=CCCCCCC(S)CO
8356,9439,C1CC=C1N=CCCOCS=CCOCl
8357,9440,NOC([NH1])COCCC=[NH1]
8358,9441,CC=NC=CC(=C)C=C=O
8359,9442,CC=NCC1CC1(C)C=C(C)O
8360,9443,NCC=C(N)C(C1)=C1OOC
8361,9444,OCC(=C)C=O
8362,9445,C(C)=CCCNC=CCOC=C
8363,9446,C1C(O)(C)C=CNCC=CC1
8364,9447,C=CNCCC(C)(CC=CC=C)CCO
8365,9448,N(C=C)CCCCCCCBr
8366,9449,O=CCCCC=C=CCC1CC1
8367,9451,O(CCOC)OCCC=NNOCOCC=CC=CF
8368,9452,CC=C=COO
8369,9453,COCCC(SC)CCC#C
8370,9454,CCCCNCNCOOC=O
8371,9455,NCCS1C=CC=C1N
8372,9456,C=NCCC=CC=CC(C)CC=CNCSCC=C
8373,9457,CCCC=CCCC(C)=O
8374,9458,CCC(C)OC=C
8375,9459,C=C(C)CCCN(C)CCC=O
8376,9460,OOOCCCNCCN=C=O
8377,9462,CC=CCCC=C(C=N1)C1C
8378,9463,OCOCCN1CSC=CN1NC=CC#C
8379,9465,NCCC(C)N=CC=CCC=C(C)N[NH1]Cl
8380,9467,N=CNC=CN=O
8381,9468,CC(C)=C=C=CCl
8382,9469,CCCCC(S)C=CCO
8383,9471,OC(CC1C)C1(N)Cl
8384,9472,C=CC(C)CNBr
8385,9473,C(=NC)CN
8386,9475,OOC1(C)CCC=C1C=C
8387,9476,C1(C2(C)OCl)C=C2C1
8388,9479,CC(C)CF
8389,9480,CNC=CCC=C=O
8390,9481,CCCCCCC(C=CC=C)CNC
8391,9482,CN(O)CCCCC=CCN=NCCCC=C
8392,9484,COCC=CC1=CC=CCC#C1
8393,9485,OOC1=C=CSNC=C=CC=CNC=C1
8394,9486,CCCC(C)C(O)=C=O
8395,9487,CCCCC=C=NC1C(C)CNC1
8396,9488,O=NOCC=C(N)C1(CSCCC=CNC=CC12)O2
8397,9489,BrN=C(NCC)NCC=C
8398,9490,OCC=CC=CCC=CN=C
8399,9491,C1OCCNCC=C1NNOC=CCCl
8400,9492,NCCC(F)COO
8401,9493,CC(F)CCCC=CC(C)COC=CNCCl
8402,9494,C1NC=C(N)C1(N)C=O
8403,9495,CC(C)=CC=C=C
8404,9496,COCC=NCCN(C)CCCCC
8405,9497,C=CCCC(CCC=CC)C(C)C=O
8406,9499,CNNNC=C=O
8407,9500,CNCC=SC=O
8408,9503,C1=C(NC=C=CC1=C2)C2
8409,9504,O1C=CCNCCN1
8410,9505,C(C)C(NCCC)CCC=COCC
8411,9506,COC=CCCC=CCCC=C(C1)C1
8412,9507,CNC(=C)C=CN=COC(C)CCC#C
8413,9508,COC=CCC(O)(C)OCCNCC(O)N
8414,9509,COC=CCNC=CC=NC=CCF
8415,9510,COC1CNC(C12C)C2
8416,9511,N=C1COCNC=C1COC(N)CF
8417,9512,C1COC=NOCC=SC1N=CCON=C
8418,9514,C1CCCC(C)C=CC1
8419,9515,NCNCC=C(C)CSCC=CC=C=S
8420,9516,CC(CCC=C)C(C)C1CC=CC=CC=C1
8421,9518,CCNC=CC=CCOOC=CCC=COC
8422,9520,C=NCC=CC=O
8423,9521,N1CCNCNN(CC1)C=C
8424,9522,SC1NCCCC1C(C)C=CNC=O
8425,9523,C(C)C=CC=COC
8426,9524,OCCOCCCCCl
8427,9525,C=CC=CC=C=CC=CC=C=O
8428,9526,CCSCNCNC=CC
8429,9527,CCC(C1)[NH1]C1OON
8430,9528,ON=CC=C(CC=O)C=COCC=CC=S
8431,9529,CNC(C)=CP=C=CC#CCCCNC=CC=S
8432,9530,CC#CCCOCC=CCONCN1ON1
8433,9531,C1NCNC=C1CC
8434,9532,COCCCCC=CC=CC(=C=1)NN=1
8435,9533,CC=CCCC=C=NC=C(C)C#C
8436,9534,COC(C)CC(C)NCC=COC=C
8437,9535,C1=NC=C=C=[SH1]1
8438,9536,CCCC=CC=CC
8439,9537,O=CSC1=CCC=CNCOC(C)C1O
8440,9538,COCCCCCCCCC=O
8441,9539,OCCOCC(C)CC=CC=CC=C=O
8442,9540,NCOC=CCCl
8443,9541,C=C=CC=C1CC=CCC1ON(C2)C2
8444,9542,CCCNCC=CC(C)(S)Br
8445,9543,C=NC#CCCCC=CCC(C)CC=O
8446,9544,CCCCCCCN=CON=CCC=CO
8447,9545,C=CCOCC=CN=CS(C)CC=CS=O
8448,9546,O1NCC1CCCCC#C
8449,9547,CNCCCC=NC(C)CCCC#N
8450,9548,C=NCCCCC(N)=CC=O
8451,9549,C=CCC=C(OCCC)CCONCCl
8452,9550,CNC(Cl)C=O
8453,9551,CCC=C=CCC[NH1]CCCC
8454,9552,COCC1=C=C=NCC=C1
8455,9553,CCC(C)CC=C=C=CCC=C
8456,9554,CC(CC1=CC=C=C1)C2N=C2
8457,9555,N1(N)CC12CN2C
8458,9556,C1OC2OC=CC=CC=CC12[PH1]
8459,9558,FCCCNC(C)=CSC=O
8460,9559,CC=CCCC=CCCOC
8461,9560,CC=CCCC(C=C=CC=C)CC(C)(C)OOCCCC=O
8462,9561,C1C=C(N)C1[NH1][PH1]C
8463,9562,C1ON=CC1CC(=C)C=C(O)ON
8464,9563,OC=COC1=CC=CCCCOCN1
8465,9564,CNN(CCCC=CCC=CCN)C
8466,9565,CONC(C)CO
8467,9566,C=C(CC=C)CCC=CC=CCOO
8468,9568,OCOC=CC=C=CCC
8469,9570,OOC1=C(C)OCCCC1=C
8470,9571,CN=COCCC=CC(C)OC=CCBr
8471,9572,CCCC(C)CF
8472,9573,N=CCNCC=CCCCC=O
8473,9574,CNCCCCCC
8474,9575,CC=CCCCCCCC=O
8475,9576,CCC[NH1]CCC(=C)C=C=O
8476,9577,ClC=O
8477,9578,COC(=C)C=NCCCl
8478,9579,CCNCCCN=CCF
8479,9580,CCCOCCCSC=O
8480,9582,CCC=CCCC=C(C)[NH1]
8481,9583,CCC=CC(=C)CCC=O
8482,9584,OSCCS(C1)C=CN=CCNOOOC1
8483,9585,N1C(C=O)C=C1O
8484,9586,C(CSCO)C(NP=O)=C=O
8485,9587,CNC(C)=C(CCCONCCOC=C)C
8486,9588,CCC1CNCCC1C=2CC=2N
8487,9589,NN(C)CC=CCCl
8488,9590,C=C1NS1(S)CC=O
8489,9591,NCC1(C)C=CC=C1
8490,9593,OC=C=CC=C(C)N=C(C1)CC1C#N
8491,9594,CC(Cl)CNCCC1=CC1=N
8492,9595,CCCC(C1)=CC1
8493,9596,CCCN=C=CCC=C(C=CC=CS)O
8494,9598,NC(C=C)NCCCO
8495,9599,CN=C(C)CC=C(O)C=CC=CN=O
8496,9601,OC=CCl
8497,9602,CCCCC=CC=CCN(C=CCC=C=O)C=[NH1]
8498,9603,CCCCC=CCCCNC(C)C#CC
8499,9604,O(C=CC=O)CCS=C
8500,9606,O[NH1]C=CC=CNOSC(C)C=O
8501,9607,CCCCC(O)CC(C)CCC=CCNSCl
8502,9608,C=CCCNSC=CSC=O
8503,9610,CNCC(C)CC=CCOC=C
8504,9612,C=COCCC=CC=CCCl
8505,9613,CS1C(C)CCC1CC#N
8506,9614,C=CCN(C)CC1=CC=C(C)C=N1
8507,9615,C1CC1CN=CCON(N2)C2=CN=N
8508,9616,OCOC=O
8509,9617,C12=CCCC(O)C=CC1C2=N
8510,9619,CCCCC=CC=C1C(C#C)CC=C1
8511,9620,CCC1ONC=CS1NOCC(C)C=CO
8512,9621,OC=CCC[NH1]CC=NCCNC=N
8513,9622,CNCCC1=CNNC1NCNC=CCCO
8514,9623,NC=CCCC=O
8515,9624,CC(C)NOC(C)C(C)=N
8516,9625,NOCNCC(C)(N)COCCl
8517,9626,CC(O)(C)C1C=C(C)C(O)C(N)(C)O1
8518,9627,N1CC=C2COOC(C)C1C2Cl
8519,9628,C=CC=CN(C)CCCCC=CC=CC1C=C1
8520,9629,OCCCSCC1C=CNC#CCN1
8521,9632,C1=CCC(C2)(N)CC1C=CC=C=CC=CC2
8522,9633,CCC1(C)NNCC1C=C=O
8523,9634,C1CC=NCCCCC=COO1
8524,9635,NC(C)SNNCNC=CC=CC=C=CCN1CC1
8525,9636,N1C=C(C)C#CS=NC1CO
8526,9637,NCN=CCC1CCC2CC=C(C)NCC2C=C1F
8527,9639,O1CC(C)CS1NC=N
8528,9640,CCCCC=CCOO[NH1]C=O
8529,9641,CCCCCC=NOCC=C=CC
8530,9642,OC=CCC=CNCCCCCCCl
8531,9644,ONOC1=NC(C)CC=C1OC=C
8532,9645,CCC(CO)CCCCC=N
8533,9646,CNCC=C(O)C(C)C[NH1]
8534,9647,CCCCCC1NCCCO1
8535,9648,C1C(C)C(C)CCC(CN)C1C
8536,9649,CCC=CC1CCC=N1
8537,9650,C1C=CCOCN=C1
8538,9651,CCCCCC=NC1CCCC1
8539,9652,CCC(C)C=CC=C=CCCNC#C
8540,9654,N1C=CC=COC2CC2C1
8541,9655,O1CCC(C)=CCC1=C
8542,9656,CCC=CC=CCC=C=C
8543,9657,C(C)=CC(C)COOC=C1CC1N
8544,9659,C=NN=CC=C(C)C=C(C)Cl
8545,9660,NCCC(O)=C=CCCN=O
8546,9662,CC=CPCC=CC=CC=CCC#C
8547,9663,C=CC(C)CC(C)=S[NH1]C=O
8548,9664,CCCCC=CCC=CC=CN=O
8549,9665,NC=CCCCC
8550,9666,C(COCC=C=CC=CNC=CC1)=C1
8551,9667,C1=CC2CNCC(C)=CC=C12
8552,9668,NCCCC=COCNOCC=O
8553,9669,OOCNC=CC=C1OCOC1OCC=C(O)OC
8554,9670,CC(CN=O)CC1C(C1)=O
8555,9671,COC=CC=C(O)C=CCO
8556,9672,CCC(C)CCCC1C=C1
8557,9673,CN=NCCCl
8558,9674,CCC1CCCCCCC=C1
8559,9676,C1CCONOCNCC1=C
8560,9677,N=C(C)NCC=CC(C)CN(NN)CC=CS#C
8561,9679,CCCNCCCCC(C)CC=N
8562,9680,NNCCOC(N)C=C(C)CC=O
8563,9681,C1C=CCCCO1
8564,9682,CC(S)CNCC(O)C#C
8565,9683,O1COCO1
8566,9684,O=CC(CC)CCCC=C=O
8567,9685,C=C(F)CNC=C=O
8568,9686,OCCCCCCCCC1=CN1
8569,9687,C=CNNOOC#CCCNC=CCCC=O
8570,9688,N=COOC(O)OCCC=C=C
8571,9689,CCCC=COC=COCCCl
8572,9690,C1C(Br)C1
8573,9691,COOCCOCCCC=C
8574,9692,O1C(N)CCC(C)C1
8575,9693,C(C=CC=O)=NC(C1)CC1N
8576,9694,OCCCCCC=O
8577,9695,CC=C=C
8578,9696,CCCCCCC=NC(C)=O
8579,9697,C=C1OC=CCC(P)(C)C1
8580,9698,CCCC1NNCCCSCCC=C1
8581,9701,C=C=CCCCC(C)=CCC=O
8582,9702,NCCCCCCCOC
8583,9703,C1CC=NCNCC=C1CCOC=CC=NCBr
8584,9704,C1CC=C=C(C)ONC=C=C1
8585,9705,CS=CC(C1)CNCCCC1
8586,9706,COCNCl
8587,9707,ONC(Cl)CC=O
8588,9708,COCSCCCCC=O
8589,9709,C1OC=CCCCCC1OCON=O
8590,9710,CCCCCCCC=CCN=CO
8591,9711,CCCS=CCNCCCC(C)C=SO
8592,9712,CCCCC=C(C)OCC#C
8593,9713,C=C(C1)C(C)CC=C=CNC1C(N)SC=CCNC=C
8594,9714,N12CN1CCC2C
8595,9715,OCCN(CC=C=CC)CPC=COC=NCC
8596,9716,CC(=N)C=NC=CC=O
8597,9717,CNCCCC(C)=CC(C1)CC1=CO
8598,9718,N1C=CCC(C=C2)C12CF
8599,9720,CCNC(=C12)C1C2
8600,9721,C(COCP1CN2C=O)C1C=C2
8601,9723,NC=C(C)OCCCC=NN=C
8602,9724,C(C1)=S1(N)C
8603,9725,CCON(N)N=C(C)NC=C(Cl)C=O
8604,9726,CCN(C)CNCOF
8605,9727,ONC=CC=CCOCCC=COO
8606,9729,NCC(C)NN(S)CI
8607,9730,NNCF
8608,9731,C1=NCCC#CN1C=C
8609,9732,N1CC2CC1CCC=S2Cl
8610,9733,NCCBr
8611,9734,OCOC=C=COOCCCC=O
8612,9736,C=CCC(S)N=C(C)OC=CCCC=C=O
8613,9738,CCCCC=C(OC=O)ON=N
8614,9739,NNCOCCN=O
8615,9740,CCOCCC=CC(C)O
8616,9741,CONC(C=C=C=CCNNC=CC=C)CF
8617,9742,CCC=CCCC(C)=CC=CC#C
8618,9744,N(C)NN(O)N=CC(C)C=C1OO1
8619,9745,N1CC=CCC=CC1C
8620,9746,CNC=NC=CC=CCOC=O
8621,9747,CC=CCSC=CN(C)C=NCNON=O
8622,9748,CCCNC=CC=CCC=CCC1=CC1
8623,9749,C1(C)CCC(C)CC1
8624,9750,CCC(C)CCCNCCCC=N
8625,9752,C=CC=CCOC=CC[NH1]CC=O
8626,9753,C1(C)OC2CC2NC1
8627,9755,OC=CCC=C1CCCCNC1
8628,9756,OCNC[NH1]CCCC=O
8629,9757,C=1=CCC=CC=CC=NC=1
8630,9758,N1C=C1CC=CCCC(C)C
8631,9759,N1CCC=C1NNC=CC(C)=O
8632,9760,CCCOCCS=C=C1NCCCC1
8633,9762,C=CCCNCC=1OOC=C2C=1C2
8634,9763,OCCC=CCCCCCOOC
8635,9764,CCC=C=C(CCCC)CCl
8636,9765,CN(CC#CC=CC=C1C=CC=C=CC)CCO1
8637,9766,N1CCCN(C)C1C=COC2N=C2
8638,9767,C=C=CCNCCCCC=O
8639,9768,CCNC(C)CCCCC(=N)C
8640,9769,OC=C(C=CC=C)C1N(C)C=C=C1
8641,9770,CCCC1COCC=C1C
8642,9771,CCCNNOCCC=C(CCC)C=CC1=CC1C2CN2
8643,9772,CC(CNCC1C=CC=CCNC)=CS1
8644,9773,CNPOC(O)CCC(C)(C=NC=CCl)N
8645,9775,CCC1N=NN=CP1
8646,9776,C=CCCCCC(CN=O)C#N
8647,9777,ONCCC=CCCl
8648,9778,OC=CC=CC=C=C
8649,9779,CC=COCCCCCCN=CNNO
8650,9780,CC#CCCN(C)OCC1C=CC=CN1C
8651,9781,O1CON1
8652,9782,C1C=CCC=NC1(C)C=N
8653,9784,NN(C)N(C)CCC=NC
8654,9785,INSCN=CC=CC1=NCC2C1C=CC2O
8655,9786,C=CCCC=C(Cl)NC=CCOC=N
8656,9787,SOCOCCCCCCONCCC
8657,9788,C=CCCC(C(C)C)CNCCOC=O
8658,9789,CC=CC(C1)C(C)CC[NH1]C1
8659,9791,CC=CCN=C(N1C=CCC=O)C=C1Br
8660,9792,CNOPNCCCC=CNC(=C)C=O
8661,9793,C1CCCC1CC(C)(Cl)OCCl
8662,9794,NCCCCC#CCC=C(C)C=C=C
8663,9795,CCNN=NC(F)SC=C
8664,9797,C=CCCC=C(C)OCOC(O1)N1
8665,9798,C1C=NC=C=C1C
8666,9799,NSCCCC=O
8667,9800,C=C=NC(F)C=C(C)NC1CC(C2)N2CC=C1
8668,9801,CCNCCC(C)CCCC#N
8669,9802,O=NCC(C)(C)CC=O
8670,9803,NOCSC(=O)C=CC(CCCC=O)O
8671,9804,C[NH1]OC=CC1NN=SOCCC=C=C1C=NPO
8672,9805,C1CCC(CNNCl)CC1
8673,9806,CC=NC=NC#C
8674,9807,COCCC=CCC=CCCBr
8675,9809,OCCNC=NC=O
8676,9810,NC(CCOC=CCNCCO)CC=CO
8677,9811,FCCCCC(N=CC=CC)=C
8678,9812,OC(C=COO)CCNC1C#C1
8679,9813,C1=CC2C=C=C(N)C=NC=C=CC12C
8680,9815,C=CCCC=CC=C=C(CC=C)OCC
8681,9816,CC=C=CCCCOCCl
8682,9817,N=CC(C)C=CC=CC
8683,9818,CCCCS=CC#CCOC=C=C
8684,9821,NCN=CNCC1C=C(O)C=C1
8685,9822,CC=CCC=CCCCCCNC
8686,9823,C=C=CC=CC=CC=O
8687,9824,C=CC1=CCCC[NH1]1
8688,9827,CNCC1CC=C2CC21
8689,9828,FCCC1OC1(CN=CCNCF)COO
8690,9829,C=C(N[NH1]SC=O)CN=C=O
8691,9830,O1C=CC=C(C)C1CSCC=CCCC
8692,9832,CC=C(C=NO)C=O
8693,9833,CCCC(C1)C1=C
8694,9834,CC(CON)(C)C=C=O
8695,9835,C1(C)=C=C(C)CCC(=C)C=CS1Br
8696,9836,OC=CC=CNC=SC1CCCCC=C1
8697,9837,CCCCC=NC=CC=CC=C=C
8698,9838,ON=CCC=CCC=NC=CC
8699,9839,COC(C)C(C)Br
8700,9840,CCC=CCC(CC=O)OCNCOC=O
8701,9841,N1C=CCCC=NNC=CC=C1C
8702,9842,CCC=CCOCCCCSC1C=C1
8703,9843,O(NC=CCC=NOC=C1C)CC1(C)Cl
8704,9845,C=1C(C=1N=O)(C)CF
8705,9846,CCNCF
8706,9847,CCC=CC1C(O)(CBr)N1C#N
8707,9848,CCCC=CC=S=CC=CCCNCCC=CO
8708,9849,CNCCNNOCCl
8709,9850,C=CCCCC=CCNCONCO
8710,9851,C=C=C(C)C(C)C=CC
8711,9852,OC(C)=CC(C)(CC)C=O
8712,9853,C=CCC(C)C=CCC=N
8713,9854,CCCCCC
8714,9855,C(OCNC=C1C=CCl)=C[NH1]1
8715,9856,CCOC=NS1=CCCNO1
8716,9857,OC(OCC)C=C(CF)CCCl
8717,9858,NCCCCC=NCC=O
8718,9859,C12=CCC(C)C1C2NCC
8719,9860,O(C)CC(C)CCC=S
8720,9862,CC=C1OS(C)N1COCCF
8721,9863,O=CCCSCCCC(C)C=CC=NC#C
8722,9864,COC#CC(Cl)SC=O
8723,9865,C=CC(C)CNNCC=C(SC=C=C=C)C=NN
8724,9866,C=CNC#CCC(C)CF
8725,9867,C1CNO1
8726,9869,CC(C)NC1C=CP=C=C1
8727,9870,CNCNC(N)NC(C)C=C
8728,9871,ClCOCCCCC1OC1
8729,9872,COC=C(C)CCCC=O
8730,9873,CNN=CCNC=O
8731,9874,COC=C=S=CNCS(C)C(C)CCOCF
8732,9875,CNC=CNC1=CCC=C(C=N)O1
8733,9876,C([NH1]N)C(C)CCC
8734,9877,NCC=C=CC[NH1]C=C
8735,9878,O=CCNCCCCCO
8736,9879,CC(C)CC(O)(CCCC#C)CCCCN=NCC=CC
8737,9880,CC=CS(CCCCl)Br
8738,9881,C1CS(Cl)COC(=C)CC1CCN=C=N
8739,9882,C1(C)CCCSCCOC1
8740,9884,CONC=NCCC(C)C=C
8741,9886,NCCOC1(N)CC#C1
8742,9887,NCCC=CN(C)C(C)=O
8743,9888,N=C=NC=CCC=C=NCCON
8744,9889,C=CC(C=O)Cl
8745,9890,C(N)CCC=O
8746,9891,CCOCCCC=C=NC=CF
8747,9892,C=CCC=COC=O
8748,9893,NCCC(S)(N)SCCC=NCl
8749,9894,ClNCOC1CCNOO1
8750,9895,CCN=NCC#C
8751,9896,CCCOCC(C)SCCCCC=O
8752,9897,CCC=1OCOCCOCC=C=1
8753,9898,NC=CC=CC=O
8754,9900,CC(C)=C1C(=C)CC1OC=O
8755,9901,C(C=CC=NC1CC1)=O
8756,9902,OCC=CCC=O
8757,9903,C12C=CC1(C)ON2CO
8758,9904,N(CCCNC=O)O
8759,9905,CSC=C=CNCC=C=CCPCCN(C)NN
8760,9906,OCC=C=C[NH1]C(O)C=PCCCC#CC
8761,9907,NC(OC=NC)(CCCCN)N
8762,9908,C1=C=C=CO1
8763,9911,O=CC(=N)CC=O
8764,9912,C1CCC=C(C(Cl)SCCN1)CC
8765,9913,CON=CCC=CC=CCN=C(C)CC(C)CCF
8766,9915,C=COCCC=C=C=C(C)C=CCCC#CCNOCC=CC=O
8767,9916,CNC=CCC=CCCCC(C)(C)[NH1]CNCl
8768,9917,C1CCSC1(CNCN=O)N
8769,9918,C=C=SCN=CCOC#COO
8770,9919,CC=CC=CCCCCCCCC=CC1=C=C1
8771,9920,CCCCC=CC=CN=CCOOC
8772,9921,C=NCCC=C1CC=CC1CC=CCI
8773,9922,CC=NCCC=CC(=C)C
8774,9923,N(C)(C)CBr
8775,9925,CCN=C(C)N(C)C=O
8776,9927,C=CC=CCC=O
8777,9928,OCC=C(C)OCC=CCC=CBr
8778,9929,CCN(C(C)=CC=CC1C=CCC)NC=C(CC)C1
8779,9930,C=CCC(COCC=C(CC=C)C1)C1
8780,9931,CN(C)Cl
8781,9932,C=C=CCCC=O
8782,9933,CC(C)CCCl
8783,9934,NCCCCNC=C1C=C1
8784,9935,CC(CCCO)(C)CC(=C)CC=C=O
8785,9937,SC(OCC=CN=O)CCC=COO
8786,9938,OC=CC=CCSCNC1CCCCCC1
8787,9939,CC(NCO)Cl
8788,9940,C1OCCCC1NCF
8789,9941,CC=C=CCCCCNC=C
8790,9942,CC=CC=NC=CCCC=O
8791,9943,SC(C)CCN=O
8792,9944,CC=NCCCCl
8793,9945,CN1NCC=C=C1CNN=C
8794,9946,C1C(=C)NOC(=O)N1
8795,9948,OC=C=CC=COC#C
8796,9949,OCOCC1C(C(C=C2)=C1C=CC)N2C
8797,9950,CONCN(CNCC)CONOCF
8798,9951,C=COCNCC(F)OC(C)N
8799,9952,N1NNC(C)OOOS1CCC
8800,9953,OC=CCBr
8801,9954,CC=NC=CC(CC)C(CC)Br
8802,9955,C(CCC=C)=CNC=O
8803,9956,CC(C)C=C(CCNCC=C=N1)O1
8804,9957,CCCNCC=CC=C(N)NC=C=O
8805,9958,C=1(N)CCN(C2)C=1C2
8806,9959,C=CCOC=O
8807,9960,C=C=CC=C1C#C1
8808,9961,CNCCOSOCCC(N)=C
8809,9962,CCCC=CCCOCNC(C1)C=C1
8810,9963,O(C)C=CCCNOC
8811,9964,NC(CC)OC=O
8812,9965,O=CC(C)CCN1CNC=C=C1
8813,9966,CC=CC=COOCP=CCCC=C
8814,9967,NCN(C)CCC(NC)=COC=[PH1]=C
8815,9968,NC=C=SC=NCOC(=C)CC=CCO
8816,9969,CC=C=CCCCC=O
8817,9970,CC1=CCCC=CC1(CC)C=O
8818,9973,N=C1C(C)C(CC(=O)CCF)C1
8819,9974,COCCOC=C(C)C(C)NCC=C=O
8820,9976,C1CC2=C(N)CCCC21
8821,9977,O(NOCC)SCF
8822,9979,CC=C=CNS(CCCC)=CC=C
8823,9980,C=CCNN=C(N)CCOCCCC=CC(N)C=N
8824,9981,CC[NH1]C=CNNCCCCCCl
8825,9982,C1C=C1C(C)CC=C=NCCN=O
8826,9983,OCC(C)NN=C=CN
8827,9984,CNC=CC=C(O)CC=NCC=N
8828,9985,C1=CNCC=C1C(=C)C=O
8829,9986,NNNCC#CC#CC
8830,9987,CC=CCCCCC=C
8831,9988,C1C=CCCC2N1CC=CC2C=O
8832,9989,CCCCC#CC=CC=CC
8833,9990,O=SC=C=O
8834,9991,ON(O)C(C)=CCOC=C=CC
8835,9993,C1CC2C(C1)CCCC=C=C2
8836,9994,C(C)CCC(C1)C1=CO
8837,9995,N=C(C1C2C)CCC=C2CNCC1
8838,9997,C=CCOCNCCSCCN1CC1
8839,9998,CCCC=C=CCCCCCCC=NC
8840,9999,CCCC=CCC=NC=O
8841,10000,O=CCC(=C)CC=O
8842,10002,CC(C)CCN=CC=SC1CN1
8843,10004,C=COS(Cl)(C)Br
8844,10006,C1=CCNOC1O
8845,10007,CC(C)COCC=NCCCF
8846,10012,S1OC=CC=C1
8847,10013,CCC=CCCCC=O
8848,10014,C1CCC1(C)CCC(C)(CF)OOCNC
8849,10015,C=C1C=C(C)CCNCCC1=O
8850,10016,BrNOC=CCI
8851,10017,OCC(N)CCCCCl
8852,10018,NC=NCC(C)CCCN(C)COCCC=C
8853,10019,CC=C(O)C(O)F
8854,10020,C=C(O)C(C)NCl
8855,10021,NCCOCC=O
8856,10022,NC(C)=CCCC=C=O
8857,10024,CCC(OC)(O1)C(N)CCCN1CN=CC
8858,10025,CC(N)C1CNCOC(N2)C=CCON12
8859,10026,CC=CNOCOCCCOSNCCCC
8860,10027,O1OCCC1OCOC#C
8861,10028,CCC(C1)(C)CC=CC(CCl)C1
8862,10030,C=CC(=O)NCCSC=CCCCl
8863,10031,C=CCOCNCCC
8864,10033,CCCNCC(C)C1C=CCNC#CN1
8865,10034,CN=CCNC(=C)C=CCO
8866,10035,C=1C2CC=1C=CCC(C)CCN=C=C2
8867,10036,C=1=CC(C)C=1C=CC2NC=CCN2
8868,10038,CCCC=CC=CCCOSCCCCC#C
8869,10039,C12CCOC1(N)C=C2CC=CN
8870,10040,COC=C=C=CN
8871,10041,CC=CCCCCC=CC=CCON
8872,10042,C=CCCC#N
8873,10043,CC(PBr)(CC)CC=O
8874,10044,NCOCC=CC=CC(N)C=C=CN=CCl
8875,10045,C1COC(C)CC1CC=O
8876,10047,CCNCCCCCCN=O
8877,10048,COO[NH1]CCCCCC=CCC=CC
8878,10049,NCCCSC=C=CCN=O
8879,10050,CCN=CCCC(OC=CC=C)C#CC
8880,10051,CCCCCC=C=SCC
8881,10052,CCCCCN=O
8882,10053,C=CC#CC=C
8883,10054,C=CCSC(NCC=C=CC(N)CN)ONCC=C
8884,10055,CCCN1C=NCNCC=N1
8885,10056,CN=CC=C(CNCOC=CCCCl)CNCC
8886,10057,CC=NCCC(C)CCCSC#C
8887,10059,CCCCCC(C)C(CC=O)=CC=C
8888,10060,SCCCCC=CCCCCCCCF
8889,10062,C=CCCCC(Cl)CCC1OOCC=C1
8890,10063,C(=O)C=C
8891,10064,CNNN=CCC(=C)NOC=CCCCN[NH1]N
8892,10065,CCCC=COC=CCSCC=C
8893,10066,CC=C=CC1CNOCN1CC(=O)Cl
8894,10068,N1CC=C1
8895,10069,C=CC(C)NCCC=CCCCOC
8896,10070,C=CC=C(Cl)COC=CCONC
8897,10071,OOCCC=C=CCNC
8898,10072,N(C)(C)NOCCCC
8899,10073,OCC1=CCOC1CC=O
8900,10074,ClCOOCOCCCCSC=O
8901,10075,CCN(C)C=C=C=CC
8902,10076,O1CC1Br
8903,10077,C1=CCCC1C=CC2OCCN2CCl
8904,10078,C=C(CC1)O1
8905,10079,NNCCCC(O)C1=CNCCC=NC1
8906,10081,NCCCC=C=O
8907,10082,C=CC(C1)(NC1(O)NCNC)N(ONCCC2)[NH1]2
8908,10083,C=CC=C[NH1]ON=O
8909,10084,C1=CCC=C(C[NH1])CONC1
8910,10085,CNN=CCCNOC(C)=CCC=CC=O
8911,10086,COC=NCC=C=NC=CCOC=CC
8912,10087,C1CCPC1CCN=CC=CN(C)C#C
8913,10088,OC(C)(C)CNNCC=C=O
8914,10090,O1CC1(O)C=CC=CCI
8915,10091,CN=CCCCl
8916,10092,CC(C1)CCOCO1
8917,10093,OCC=NCCOC1C=C[NH1]C2CCCC=C2N1
8918,10096,C1CCC=CC(C)CCCC([SH1])=C2N1C2
8919,10097,N1CN(C)C2C(N)C=C21
8920,10098,O1CC(CC)C=CCCC1=N
8921,10099,CCCNC1CNCCC=C=C1
8922,10100,N=1OC=1O
8923,10101,COCCCC(C)C=S=NO
8924,10102,C(C)CCCNCC(=C)CC=O
8925,10103,N#CNC=CC=CC=CC#N
8926,10104,CC=CCC
8927,10105,N1=CC=CCCCC1
8928,10106,CCCOCF
8929,10107,NCCC(C)CCC(=N1)N1
8930,10108,C(CC=CC1=O)=C1NCC
8931,10109,SCF
8932,10110,NC=CC=SCCCBr
8933,10111,NCCC=CC(Cl)CC=O
8934,10112,CNC(Cl)=NC=O
8935,10113,C1NC1C=C(C)OC=C
8936,10114,C(CC(C)CNC)=C(C)CCCOBr
8937,10115,C1S(O)CCC1
8938,10117,N1=CC(C)C=CC=CC=C=C1Br
8939,10118,OCCCCCN=CCOC=C=C1C=C1NO
8940,10119,ON=C(N)CCC[NH1]C=CCC=NCOCNC(C)=COC
8941,10120,C1C=NC(C)C1
8942,10121,C#CCC=CCF
8943,10122,ONCCC=SC
8944,10123,CC(C=C=O)S#C
8945,10124,C1C=CCCC=N1
8946,10125,C1#COCCOCCCCC=C1C
8947,10126,C1CN=CC=CCCO1
8948,10127,O1CCNC(N=NCC)C=CCC1ONN
8949,10129,NC=CC(C)CC=C(C)C=O
8950,10130,CC=CCC(C(C)CNF)N
8951,10133,NCCCCONCC1CC1
8952,10134,C1OCC(C)C1CI
8953,10135,OONONC=C=CC=O
8954,10136,O1CCCCNC=CCNC=CC=C1NNN
8955,10137,C1CCCC1C
8956,10138,CC=CCC1CCNCC1
8957,10140,CN(C)OC#COC=O
8958,10142,C1CNC=C(C)CC=C=CN1COCF
8959,10143,C1CC1C(C)OC=C2C=C2
8960,10144,OC1CNCC1CC=CCCBr
8961,10145,C(=C)C=C=O
8962,10146,CC=COCBr
8963,10147,C1CCCCCC1
8964,10148,C=CCC(=C)CC(CC)=O
8965,10149,CCCC=NNF
8966,10150,C(C)(CNCS)C([NH1])CCl
8967,10152,C(C)NC=NCCCC=NCOC=C=O
8968,10153,C=NCC=CNCCCC
8969,10154,CC=CC(C=NCC1)N1C
8970,10155,C=1NC=COCCC=CCC=C=1
8971,10156,NOC(C)CF
8972,10157,C=CC=NCNN=C
8973,10159,C=C(C)NCC(C)=O
8974,10160,N=NCCCCCC=CNC(O)N=C
8975,10161,CCCCCS=CBr
8976,10162,CCCCC(C)C=CCCCNSCC=NC
8977,10163,CCCC=CC(C)=C
8978,10164,CCC(C)C=NOCCCNCCO
8979,10165,NC=CCCCC1CO1
8980,10166,CCCSC=CCCN=NOC=O
8981,10167,COC=CC=CC#N
8982,10168,CNCNC(NCCC)CC=CCCCCCONCC=NNCCCCCO
8983,10170,NC(C)OCC(Cl)CCC=C1OC1
8984,10171,OC=NCC(C)(C)C=C=O
8985,10172,C=CNC=[PH1]C=C
8986,10173,CN=CC=CCC(C)C
8987,10174,CCC(O)C#CC1=CC1NCOC
8988,10175,CC(C)C1=C(C)C=CCNNC=N1
8989,10178,C=CNC=NC=O
8990,10179,CNCS(=C)C=CONNC=O
8991,10180,O=C=C1CNCC=NONCCN1
8992,10181,CCNC=CC(CNC)N=O
8993,10182,CNCCCCCCC1CC1
8994,10183,BrCCC=CCCC(C)NCBr
8995,10184,O1CCC2C1=CC=C(C)C2
8996,10185,CNCC(C)C=CC=CCCCl
8997,10186,C1C=C1CCCC=CCCC
8998,10187,CCCN(CCCC=C)C=C=C
8999,10188,CN(C)CCCC(C)CCF
9000,10189,OCNC(C)OCCCC=CCOC=CC=CC
9001,10190,NCC(C)C=CCSOO
9002,10194,C=C=CCCC=SC(C)=C
9003,10197,CC=COC=SC(O)C=O
9004,10198,CCNCSC=C=NONON
9005,10199,CCC(C[NH1]CCl)OC1CC1
9006,10200,COCCCl
9007,10201,C1CCC(Cl)CCC1F
9008,10202,C1=C(C)C=CCCC=CCCO1
9009,10203,C(C)=CC=CCCCCl
9010,10204,CCC=NCC(C=1)C=1CC#COC
9011,10205,C1OC1
9012,10206,CC=CCNCOOC=CC=CCCC=C
9013,10207,C=CCNCCC(C)CC(C)=CCC1OC1
9014,10208,O=CCCC(O)CCCCCNN1CCC=C1NF
9015,10209,CCOCC(O)CCCCC=O
9016,10210,C=CCCCCCC(C(C)CC=C(C)C)C
9017,10211,CCCOOC=CC=NC=CSCCl
9018,10212,OCC=CC=CCN(C)SC
9019,10213,O=CNCCC=C=NC=CCCC=C
9020,10214,CCC=CCN=CC=O
9021,10215,N=C1C=CCCNOCNCCCC1
9022,10216,C=NN=CC=O
9023,10217,C1CCC=C1CNNCOC
9024,10218,NCCC=NCC(C)CC=CCNOOCO
9025,10219,C1N(C=C2CCC3CN2C1)OC3
9026,10220,C1=CC1C=CC=O
9027,10221,NC(C)CCC#C
9028,10222,C=CCN=CI
9029,10223,CNCCCC=CCCC=C=N
9030,10224,CCC=C(C=CC=CCC=CC)C(C)Cl
9031,10226,C=C(CCl)CC=O
9032,10228,COC=CC(C)=CCC=O
9033,10229,S12C=CNNOC=C1OCOCCC2
9034,10230,CCC=CNC=NCNCCC1=C=C1Cl
9035,10231,OC=CSC=C(C)NC=O
9036,10232,C(N)CC=C(C)C=C1CCCCC1
9037,10233,CCOCCCCC1CC1
9038,10234,CNC=NC=C(N)C
9039,10235,C1=CC=CCCC1
9040,10236,NNCC=C=C=CC=CC#N
9041,10239,N1CCNC1COO
9042,10240,CNCC=NC=O
9043,10241,S1CC(C)=C1COC=CC=O
9044,10242,C=1CCC=1C
9045,10243,NC(C=CCCC=C)=O
9046,10244,CC=CCC(O)CCCCC=CC
9047,10245,C1C(C)=C=C=CCO1
9048,10246,S(NCOF)ONOC
9049,10247,COC(C)Br
9050,10248,CCOOC=CC=C=C=NCNC(O)CCON
9051,10249,CC=CC(C)(N=N)Br
9052,10250,O=C1C2=CCN1C=CCN=P2C
9053,10251,C=CCN=NC=C(C)S=O
9054,10252,N1=CCCCCC=C1C
9055,10253,C=CCOC(S)N=O
9056,10254,C=CC=CCC(C)CCCCl
9057,10255,FOC(C(N)C(O)=NC=O)(C)OCF
9058,10256,OCC=CC=CCNCC(C1)[NH1]1
9059,10257,N1CCC(CNC)C=CC1=NC
9060,10258,CCCC1=C=C=C=CC=C(NN)CC1
9061,10259,C1(C)(C)C=CCCC=CC1C=O
9062,10260,CCC1C=NC=C2CCCC2CS1
9063,10261,C=CCCC=C(C)CF
9064,10262,C1=CN=N1
9065,10263,CCCC1=CCCNNC(=C)C1
9066,10264,OCOCCC=O
9067,10265,C=CC=CCCC=NC=C=C=O
9068,10266,CCONCCCN=CC=CCl
9069,10267,ClC=CCOCC=CCl
9070,10269,CCOOCC=N[SH1]C(CO)Cl
9071,10270,S1C=CCC(C2)(C2)CCC=CNC1=O
9072,10272,C12C=CC=CCCCC1OCNC2
9073,10273,O1C#C1
9074,10274,CCNC(C)CCCC=O
9075,10275,C1CC2N=C1CCN2C
9076,10276,COCCCNC=O
9077,10277,CCCSSCC(C(C)C)CC1C=CCOCC1NO
9078,10278,C1=CCCCCCC=C1CC
9079,10280,CCC=CC=CCCC=COC=C=C
9080,10281,CC=CN=C=CI
9081,10282,CC=CCCC#CO
9082,10283,CCCCN=C
9083,10284,OC1=CCOCCCCSC[NH1]C=C1
9084,10285,C(C)(C)(N)C=CC=CCSCC
9085,10286,OC=CC=C=CC=CCC=NCNN=N
9086,10287,C1CC(C)CC2C1(CC=O)CC=C=C2
9087,10288,NCC1CCCCCC=CC#C1
9088,10289,ClOCCl
9089,10290,OOCCNNNCCCl
9090,10291,C#CCC=CF
9091,10292,C(SCOCC=C)CN(NO)C=CC#C
9092,10293,NCC=NCNCCC(NCOC)CC=O
9093,10297,C=CC(C)(N=C)OCC
9094,10298,NNOSC=CF
9095,10299,CCC=NCC=O
9096,10301,CCNCCCCC=C(C)C=NC=CCl
9097,10302,NCCC=NCCOCC=O
9098,10303,CCC=CC(CCCCN1)PCC=C1C(NO)Cl
9099,10305,CNC(CC)C=CCCl
9100,10307,CC=CCCC=O
9101,10308,C1NCCCCC(O)SC1(ON)C=C
9102,10310,OC=CCCCOCCC#C
9103,10311,CCC(C)C=CCC(C)ONCO
9104,10312,CCCCCCCS=C
9105,10313,OC=CNC=CCCCNC#C
9106,10314,OCC(C)C(C)C(CC)C=CO
9107,10315,C(C)CC=C=CCC=C=O
9108,10316,C=CCCC=CCN
9109,10317,OCC(CP=O)N(C)NC(C)OC=N
9110,10319,O1OCCC1O
9111,10320,COCC=CNCC(C)=NOOCC
9112,10321,C[NH1]CC(C)=CC(C=CNC)=NOCCC=O
9113,10322,OCCCCCNCNCC1CC1C
9114,10324,CCC1C=C(C)C1C(=C)OC=CC=C
9115,10327,CCNC=C1OCC(C)(O2)C2=CNN1
9116,10328,CCOS(CNCCC1)=C1
9117,10329,FC(C)(C=C(C1)F)C=C=C1
9118,10330,C1=CCCCOC(N1C=C)C=C=O
9119,10332,C=CC(C)C=C=CC=CCN(N)C=O
9120,10333,OCBr
9121,10334,OOON=NCCl
9122,10335,NC=C=C=CCCOCOCS=CCC
9123,10336,C(C)C=C(C)NF
9124,10337,CC1(C)C=NC=CS=NCC1C=C
9125,10338,COC(CCCC)C(C)C=C=CCCC
9126,10339,CCC=C=CC(CCF)CC=CC#CC
9127,10341,CC(C)CC=C(CC)C(=C)CCN
9128,10342,C(CC=CC=CC=CCNO)SC=CC=O
9129,10343,OC=CCCC=C=C(C)C=C1CC1
9130,10345,OCCCCC=CC=CC=CCC=C(N)C
9131,10346,CNC(C)C=CCC(C)CF
9132,10347,CC(C)C=CC=CSC=CC=C=O
9133,10348,CNC=CC(C)(C)CCC=C=CC=O
9134,10349,NC1(C)C(O)CC1
9135,10350,OCC1=C(C=C)CCCC1N=O
9136,10351,CC=C=CCCNCCC=NCC
9137,10352,CNCC=CC=CBr
9138,10353,CCC=C(C)C=NC(C=C1C=NC2)N12
9139,10354,NC1NC=CC(C1S)COC
9140,10355,O(CCCC)C=CCC
9141,10356,C=C=NC=C[NH1]C=O
9142,10357,CNC(C)C=O
9143,10358,CCOCCCC=CNC=CBr
9144,10359,C=CC=CCC=C(N)S(=N)ONCC#C
9145,10360,O=NCC=C1CC(NS1)OC=CC
9146,10361,ClCCNCCNCON
9147,10362,OCCC=C(N1)C=C=C2C1C2N
9148,10363,O=CCCNC=CC=CCCCCNCCC
9149,10364,C1=CCCCC(S)O1
9150,10365,CNSCCCCC#CNCCOCCCC=NN
9151,10366,CCCC=CNC1=CC2=CN1OCO2
9152,10368,NCN=C=CC1=NC1(C)CC(C2)C2
9153,10372,C1C(S)C1C=CCCNC=CN
9154,10373,CC=CCF
9155,10374,CCCNOOCN
9156,10375,C(=C)NCC#N
9157,10376,COCC=NCC=O
9158,10377,OCNCCCC(C)CCl
9159,10378,OCCCC1=CC(NO)N1OO
9160,10379,N=CS1CCSN2C=CCCC=C12
9161,10380,N=CC=CC=CC
9162,10381,CCOCCCNC=C
9163,10382,C#CCC
9164,10383,NOCC1OC(N=C1)C
9165,10384,C(C)CC=CCN=O
9166,10385,CNCCC=CC=C(O)NCCl
9167,10386,OC=C=C=C
9168,10387,OCC1=CC=CC(CCCC)NCN1C
9169,10388,C(C)C=NCl
9170,10389,BrC(NCC1=C2CCCOC2)O1
9171,10390,O(NC=CC=O)NC=C=S
9172,10391,C=CCCCC=C=O
9173,10392,NCNC(CC1CC(Br)CC=C=O)C1
9174,10393,C(C(O)COC)CC=O
9175,10394,CC(C)C=C=CCCCl
9176,10395,CCC(C)CC=NCC=C=C=C
9177,10396,C1=NCNCN1C
9178,10398,NCNC=C(C)C=C=C
9179,10399,ON1CN(O)CC1=C
9180,10400,NNCC=CCNCl
9181,10401,C(=CCC=CC)CCC
9182,10402,NCOCC=O
9183,10406,CN(C=CCC)C=CCCC(C1C)C=CC1CCCCON
9184,10407,CCOBr
9185,10408,CCOCC=C=CC(COCO)CCCC=C
9186,10409,O1CSN1NC=C
9187,10410,O=NC=C=C(C=NCCC)CC(C)=N
9188,10411,CC1C2NC=CCCC=CCCCC21C
9189,10412,C1(O)C=C=C1CCCCN=O
9190,10413,NC=COCCC(=O)N
9191,10414,C#COCCF
9192,10415,C1N=CCCCC1CCCl
9193,10416,OCC=CCC1CC1
9194,10417,C=CC=CCCC=C(C)C
9195,10418,CC(C)CNC(C=O)CNCC#CC=CCONN=C
9196,10419,CCOC=CC=C
9197,10421,OCCONCCC=C=O
9198,10422,NCCOC(Cl)CCCC1C=C1
9199,10423,NC=CC=NC=C
9200,10424,CCC1(C)NCC=CCOC1=C
9201,10425,CSC=SCCCCCCCNC=C
9202,10427,C1COCCOC(N1I)NC#C
9203,10428,C1(C)COCC=CN1CCC=O
9204,10429,CNC=CSC=CCC=CON
9205,10430,C1(OC(O)CC1)=O
9206,10431,NCCC=C=O
9207,10432,CNC(C)F
9208,10433,C=CN
9209,10434,C(C)CCC(C)CCl
9210,10436,C=C(C)CCOBr
9211,10437,CC(C)C(N)CCCl
9212,10438,NOCCNSCOCC=CCCOO
9213,10439,CC=CCC=CC=CCPCCC1C=C1NCCCC=O
9214,10440,CCS(N)(CC=CC)=CC=COCF
9215,10441,C(CC=O)CCCCl
9216,10442,SCC=C=CN=CCCN(O)OC=CC=CCC=O
9217,10443,C=1C(C)C(N)C=1
9218,10444,CC(C=CC=C)(C)C=C=C
9219,10445,C=C(C)CN=CC(C)C=CNCl
9220,10447,CNCCCCCC=C(C1)C1O
9221,10448,OC=CCCN1CN=NCC=C1
9222,10450,N1N2CC2S=CSO1
9223,10451,CCC(C)CNC=CC=O
9224,10452,CCCC(CC=CC(C)C(C)C)Cl
9225,10455,CCOC=CCF
9226,10456,C1C(N)C1=O
9227,10457,N1=NCC=C=CC=NCC2=CC12C=C
9228,10458,NC(N)C=C(C1)C1C=C=[NH1]
9229,10459,CNC=CCCO
9230,10460,OCCC=C=C(CCl)CC(C)CON
9231,10462,C1=CCCN(S=C2)N2C#C1
9232,10463,CNCCCCC1NN1N
9233,10464,CCCCC=CCC1C=CC=CCOCCCC1N=P
9234,10465,CC(NN1CCCCNC)C(C)C1
9235,10466,OCC(C)=C1C=CCN=CC1
9236,10467,C1CC=CCC1C=CCCONC#C
9237,10468,NC=C(C)CC1COC(=C2)C1=CC=C2N
9238,10469,C(OCCC1=CC=CCC1CC)CO
9239,10470,C1=C=CC=C(C2)C21N
9240,10471,CNCC=S(=C)CCCOF
9241,10472,CCOC=CNCC(C)C
9242,10473,N=NC=O
9243,10474,N=CPCCC(O)CCCCNCl
9244,10475,CC=C=CC1=C=CCC1C(C)(N)OC
9245,10476,OOC(C1)C=CS#CP1NNCCl
9246,10477,CCC(S)CCCC=COC=CC
9247,10480,CON(C)C=CC=O
9248,10481,CC1CC=CCC=C=CN=C1
9249,10482,C=C=CN=CC=C1OCN=NC=CO1
9250,10483,C=CC(C)=C(C)C=C(C)C
9251,10484,CCCCCC(C)=C=CCOC=CC=O
9252,10485,NCCN=CCOC=C(C=O)C=CN
9253,10486,C(CCC(=C1)N1CNC)=C
9254,10487,C1C2SC=C(S3)C312
9255,10488,CCCC(=SCC=C)S(C)(C)C=C
9256,10490,C=C(O)C=CC(C)=CNCC=C(CC1)C1
9257,10491,C=NCCCC=CCC=CCCC=C
9258,10492,CC(C1=CCNC=C1OC)ONOCCl
9259,10493,CC=CCC(C)COCl
9260,10494,NCOC=NOSCCN(C)NC=CCS
9261,10495,C1=CC1CCOC=CC=O
9262,10496,CCC=CCC(N)CNC=CCC=CN
9263,10497,CONCC(N)CC=O
9264,10498,CC=CNCCONOC=C1CN1
9265,10499,CC1CC=CNCOC=CC=SCCC1S
9266,10500,COC=CCC=C(C)C=COCC=C
9267,10501,C1CCC2C=C2C1
9268,10502,ONC1=C=C1N
9269,10503,CC(C)(CC=COCCO)O
9270,10504,ONC=CSOCC(C)CNNNC(F)C=O
9271,10506,O=C(C1CC(C)C=O)CCOCC1
9272,10508,OCNCC(C)C=CC=C(CC)N
9273,10509,C=NC(C)CF
9274,10510,O1C=C(C12OC2)ON
9275,10511,CNCC=CCCN=O
9276,10512,CC=C(C)C(C1)(C1)CC=C=NC#C
9277,10513,NCCC1CC=CNS1#N
9278,10514,CCC=CCCCCC=CCC=O
9279,10515,NNCCNCCCC=NC=O
9280,10517,CCCSN=NC=C=CC=O
9281,10521,ClCCCC=C(CC=O)OO
9282,10522,C1CC(CN(C)C1=C)CC=O
9283,10523,CCCOCN=C(N1)O1
9284,10524,CC=COCC=C(C)CNCC=C=N
9285,10525,C1=CCC1
9286,10526,C1=C2C=NNN2C=N1
9287,10527,CCCCCCCCC=C1C#C1
9288,10528,CCN=CC=C(C)N=CCCC(O)C
9289,10530,COCC(CCCONCNC1CC=O)CCC=C1
9290,10531,CSC(C)CC=C
9291,10532,CCC(C=O)CCCCC=C
9292,10533,C12CCS(C)NNC1C2F
9293,10534,CC(C)(C)C=CCC(C)(F)OOC=COOC
9294,10535,CC=CCCCCS=NC(C)C=O
9295,10536,CCCC=CCC=CC=O
9296,10537,CCC(=O)OCCC(Br)NCCOC
9297,10538,CC=CC=C=CC(C)(N)C=C
9298,10539,CC=C=CCC=CC(C)CC[NH1]CC(C)CN(C)NN
9299,10540,C(O)=CC=CC(N)(C)CCNC=C=C(C=C)CC=CC
9300,10541,O(CNCNNCC#N)CCC=C(O1)O1
9301,10543,CCCOCC=C1CC#CC1CC
9302,10544,CCCC1=NC=CC=CCC=NN1
9303,10545,CC1C(CC(O)=CC)C=C(C)CN=C1
9304,10546,NCC=1C=CCCN=1
9305,10548,C(C=CC=C)(O)C=C=O
9306,10549,C1OCC(C)O1
9307,10550,C1=CCN(O)N(C)C(C)C1COCO
9308,10551,CC=CC=C(C)CCC=C=C
9309,10552,C(C)CCC[NH1]C=CC=C=O
9310,10553,OCCNCNC=O
9311,10554,CNCCN=C1C(C)C(C)C1(C)O
9312,10555,C=CC=CN(C)NOCOC1C#C1
9313,10556,OPBr
9314,10557,CC=C=NCCC=CCS=CC=CF
9315,10558,OCCCCC=CCCCCF
9316,10559,ClSC(C=C1C[SH1]CCCOOC)COOCN1
9317,10560,O=CCCCC1CCNC1=CCCC=C
9318,10561,COCNC=CCN(Br)CSC=C
9319,10562,CNCCC=NOOCC1CNCN=C1O
9320,10563,CCOCCCOC1=CCCOC1(O)N=O
9321,10564,OCC(O)CF
9322,10565,NCOC(C1)C1=CC2CC2
9323,10566,CCOC=C=C=C=COONCCCNC=CC=NC#C
9324,10567,CNC=CC=C(C)CC=CCl
9325,10568,CCOC=CC=NC=CC=CN=C
9326,10570,NNC=COCCNCCNC=O
9327,10571,C1=2C=C=C(C)C1N=C(N)C=2
9328,10573,CCC=CCC1C#C1
9329,10574,O=C1CCCSC(C)C1
9330,10575,OCCC=C1CCNC(CNO)=C(N2)C21NN
9331,10576,C=CCNC(C)=O
9332,10577,CCCCC(C)C=CCNOC=C=CO
9333,10578,CCCCCCC=NC(C1)C1
9334,10579,CC(C)=CSC=C=C
9335,10580,CCC=C(C)CCC1=CCOC1
9336,10581,NCC(CCCCOCOC)C
9337,10582,O=C=C(C)ONCC
9338,10583,CCCNCC=O
9339,10584,NC=C=C=C(CC=C=C)C=C=C=CCC=C[NH1]
9340,10586,OCCC[NH1]C=CNN=CC(C)CCF
9341,10587,CC=NCC(=C)CC
9342,10588,N=CC(C)NCCCCC[NH1]SC
9343,10589,C1N=C=CC1CCCI
9344,10590,O=C=CNCC(=C=1)C=1OC=C
9345,10591,C1C=C(O)CCCCCC[NH1]1
9346,10592,C1=CC=CC=SCCC[NH1]C1Br
9347,10593,COCC(C)C(N)=CC#CNCC
9348,10594,C=C1CCC2S1C2C=C(C)CCO
9349,10595,N1CC=S=CC2NC12
9350,10596,O1OCCC=C1NOCCC=O
9351,10597,C(S)=O
9352,10598,CN=CC=CC=CCCONCl
9353,10599,N=C1C=CC2CCCC=CC12
9354,10600,CCC(C)CCC=O
9355,10601,C(S)N=CON
9356,10602,C(C)CC=CC(C)Cl
9357,10604,C(C)CC(C)OC=CCC1CC1
9358,10605,CN1COC(C#C1)CC=CC#C
9359,10606,CC(N)C(C)=O
9360,10607,CC(CC=CCCN=O)CCC=C
9361,10609,N1CCC(C)N1C=C
9362,10610,COCC(COC1=CC(C2=C)C1=N)OC2CCC
9363,10611,CCCCC=CCNC1=CCNCO1
9364,10612,ClOCCNNC=CCC=C
9365,10613,C=CCC=COOCC=C=NCCC=CSO
9366,10614,COSCNC=O
9367,10615,SC(C)=C[NH1]OC#CCC(C)C=O
9368,10616,C1CCC(C(C)=C)C1CC=CC2=CC2
9369,10618,BrN=CCC#C
9370,10619,CC(C)=CCCCC=C(C)CC#N
9371,10620,C=CNC=NC=CNCCCCl
9372,10621,C1=CC=C(C)C1CC=C
9373,10623,CCC1CC=C=CO1
9374,10624,NCOC=CCNONC=CC
9375,10625,ON(C)CC=C(C)CCC=C1C=C1
9376,10626,C=CC=CCOCCl
9377,10627,C=1CC=C=C=1
9378,10628,CC(CC(CC1CC=C2CC)=O)CC=CSCNC12
9379,10629,CC(=O)C=CC=C=O
9380,10630,N1CC(N)C1COO
9381,10632,N1C=C1C=[SH1]C=CSNCOOCCCl
9382,10633,Cl
9383,10634,NOCCN1COCOC=C1
9384,10635,CC=CC(C1C(C)C=CF)C1(C)N=C=O
9385,10636,CNCC=C=CCC=CC=CC(C)N=CCl
9386,10637,CCCN=CCF
9387,10638,C12CCSC=C1C=CN2N
9388,10639,N=CCC=CNCCNCCC
9389,10640,CN=CCCC=CC1C=C1CC(C2)C2
9390,10641,C=CCC=CC=C
9391,10643,CCNC=CCBr
9392,10644,COC=NC=O
9393,10646,N1ON1C
9394,10648,CCNC=NC=CONNCCCCC=C=CC1=CN1
9395,10649,CSC=CCCN(C)CCCON
9396,10651,CC(COOC)O
9397,10652,C1=C=C=C=CC=NCC=C1CCCCC=O
9398,10653,C(C)CC(C)Cl
9399,10658,CCC=NC=C=CCCC1CCCCC1
9400,10659,NC=CC1=CC12C=C2
9401,10660,CC=CCC=CCl
9402,10661,C=CCC=CC(C)C
9403,10662,CCC=NN(C)CNCCC=C=CC
9404,10663,N1C=C=C=C(C)C1C=C=O
9405,10664,NCCC(C)C=O
9406,10665,C1CSC(C)(OO)O1
9407,10666,N1COCCON1C(N=C)CC=O
9408,10667,C1C2CCCC21CCOC
9409,10668,CN(O)C1CC(C)CC1C=O
9410,10669,N=C=NC(N)=CSC
9411,10670,OCCCCCC(C)C1CC1
9412,10671,C=C(O)CCC=COC=C=CC=CCCCOC=C
9413,10673,COCCOCC=O
9414,10674,CCC(C1)C=CC=C=C=N1
9415,10675,OOC=CO[NH1]CCl
9416,10676,OSN(C1)C=CNSCCCC=C=C1O
9417,10677,NCC(CNC=C)CN(C)C1CNCC1CCCC=C
9418,10678,CNCCC(N1)C1=C
9419,10680,C1C=CCCC1CCCO
9420,10681,CCCC=CONCCC=C=C
9421,10682,CC=CC=NCCC=O
9422,10683,NCC(C1)C=N1
9423,10684,CNCC1NC1OC=C=C=CN=C
9424,10686,N=CC=C=C1NNCC1CCNC
9425,10687,CC1(N)C(C)NS1(C2)=CCCCCC2
9426,10688,C1C=CCCCC1C#C
9427,10689,COCC=CC(C)=COOC(C=C)CCCCCC=N
9428,10690,COOCC=CCCOC(C)Cl
9429,10692,C=C(C(C=O)CCC=O)C1NC1
9430,10694,C[NH1]CS(N)C(O)(C)C=NC
9431,10696,C=CC=CSCCNCC(C)=CC(C)CCCN=C
9432,10697,CC=CN=C=C(C)C[NH1]CSC=CCOCOCC=C
9433,10698,C#CCl
9434,10699,CCNC=CCCCC=CCC=CCCC#N
9435,10700,C=CS=O
9436,10701,OOF
9437,10702,CNC=C=NOCCS1CC1
9438,10705,CCOC=CCC=C
9439,10706,COCCCCOC(=C)S1CC1
9440,10707,CCCCC(C)=C(C)CC=C1C=C1P
9441,10708,C1C=CC=CCCC1S=CN=C
9442,10709,CCCC=CC=C(C)OOCCOOCC=C
9443,10710,C1=CCC1C=CCC2=CCOC23CC=S3
9444,10711,N1CC(O)CCNNNC=C1
9445,10712,CC=CNCCC=CC1=CCCCC1
9446,10713,OOCOC#COC=CC
9447,10714,NCC=CC=CNCC1=CC=C2C=C21
9448,10715,NCCC1(C)NC=CC(C)N1CN
9449,10716,C(C)OCCC=CC=C(CC)Br
9450,10717,N=CC=NC=CCCC#N
9451,10718,C=CC=NCC=O
9452,10719,OC(S)C=CC1=CCC(CCCl)CCC1
9453,10720,CC=NCN1CCC=CC=C2CNC=CN21
9454,10721,N=NCC=CCC=NBr
9455,10722,N1(CCNCCCC(C)C)CCC1
9456,10723,CN(N=1)C=1CF
9457,10724,OC(C)COC(C)C
9458,10725,CC=C=CC=CCCC=NBr
9459,10727,CCCOCC=CCC=C=O
9460,10728,CC=C=CCCC=O
9461,10729,O=C(C=NCC=C1CC=C=NCC)N1C
9462,10730,C(C(C=CC1)=O)(C)(S)CNNC1=NO
9463,10731,NCCCCOCOC=O
9464,10732,O1CCCCCN=C=C1
9465,10733,CCC=C(C(O)C1NCNNCN1)O
9466,10735,CN(C=C(C)OCC=O)C=CCCC=N
9467,10736,N=CCC=CC
9468,10737,CCNNNI
9469,10739,C=C=C(CC=O)OC=CF
9470,10740,C=CC=CC1CCC=N1
9471,10741,N1C(=C)CCC=CCNC1CC=C
9472,10742,CC=NCNC=O
9473,10743,C=C(C)C1CNC(S)NSC=C1O
9474,10744,CNCC(C)CC=C=CCCC=CC[NH1]
9475,10745,FCCC=CCCCOCO[NH1]OCO
9476,10746,CC=CC=CCCC=C=COC(C=C)C
9477,10747,CCOCC(CCN=O)C=CCCONCC#C
9478,10748,C1OCC(C)OOCC(=C)C1Cl
9479,10749,OCNC=CC=CC=O
9480,10750,C1C(C)O1
9481,10752,CN(OCCF)C
9482,10753,C=COCCN(C(C)N(O)C(=C)C)C
9483,10754,CCCC=CCC1NC=NC1N=N
9484,10755,CC=CN=CCl
9485,10756,N1=C=C=C=C1C
9486,10757,N1C(C)SC1(C)NC=CC#CN
9487,10758,NCC=CCC=C=NNCC
9488,10759,CCCCC=SC=O
9489,10760,CN=CCC=CC=O
9490,10761,CCCC=CC#CC=O
9491,10762,CS(C)=NCC=CC=CCCC=C=N
9492,10764,OC1(C2COS1)SC2=CNCCBr
9493,10767,NC=CNCCCC=NC=CO
9494,10768,COC=C1CNC=CC=C(C)CC=C1
9495,10769,C1CC=CC2NC1CCO2
9496,10772,CC=CCCC(=C)C=S=C=O
9497,10773,CCCCCCNCCC=CCOOC(OC)N=O
9498,10774,C=C(N)ONCCC=C=C=C=O
9499,10775,C=C=CC=COCCNCCCCO
9500,10776,CCC=CCCCC=C(C)CC=CCCC
9501,10777,C1(=C)CN=CCOC1COC=O
9502,10779,NC=COCC
9503,10780,CCOOC(CC)CCCCl
9504,10781,CCC(OCC[NH1]C)CCC=CCCC(=O)Br
9505,10782,C1CC2CN1C[NH1]S2C(CO3)=C3
9506,10783,O1CNC=C1C#N
9507,10784,C1(N=COCC1)=CC=C
9508,10785,C1OCC=C(N)CC1=CC=O
9509,10787,C1=CC(C)=NC=C=C1N
9510,10788,N1=CNC=CCCC1O
9511,10789,C=C(N)C=O
9512,10790,CCCCCC=SC
9513,10791,C(=C)=O
9514,10792,CCC=C(CN=CN1C=CCl)NC1
9515,10793,O(C)CNC(C)C1OC1
9516,10794,C1C(C=CC=O)=CC1
9517,10795,CC=CN=C=CNCl
9518,10796,CCCOCOCCC=CC#N
9519,10797,CCNOCC=CCCNC=C(C)C=C
9520,10798,CCCC=CCCC=CC=NC=O
9521,10799,OC(N)C=O
9522,10801,C1OCN1C=O
9523,10802,S1C2CCC1C=C2C
9524,10803,CC=NCC=CC
9525,10805,CCCCCCOCC=CC=CCC#C
9526,10806,CS=NC=CC(C1)=CC=CC1(C)C2CO2
9527,10807,C=CNCC#COC=C
9528,10808,CCI
9529,10809,ONC(C=CC(C)C(C12)O1)C2
9530,10810,CCN=CCl
9531,10811,C1CCCOC(=C=2)CC=CC=2C1
9532,10812,C1(C2)=CCC(C)=C2C1
9533,10813,C(C)(N)C=CC=C(C)OC=C[SH1]=CCl
9534,10814,CCCC=CC=CC=CBr
9535,10816,CC=C(C)CC=C(C)C1=C=C(C)N=CC(C#C)C=N1
9536,10817,C1CNC=NC(O)CCO1
9537,10818,CCCNCCOCC=O
9538,10820,OCC=C=C=CCC=C1C=C1C
9539,10821,CCCC(N)NC=C1C=CC=C1C=C
9540,10823,CCCOCCC[NH1]C=O
9541,10824,CCSN=C=O
9542,10825,OCCCN=CN=CC(C)CNONCl
9543,10826,CCCNCN(C)CCCCP1C=C1
9544,10827,CC=CCCCC=C(Cl)ONNN
9545,10828,C1=CCC1=CCSCNC=O
9546,10829,ClCNCCC=CC=CCl
9547,10830,C1CC(C)CN1OS
9548,10831,C=C=CC=C(C)C=O
9549,10832,CC(=C1)C1
9550,10833,OC1(C2)C2C=N1
9551,10834,CCCCOCC=CC=C=C
9552,10835,CNC=C(N)C=O
9553,10836,C=CCCCCC=CC(C)=CCl
9554,10837,OC(N)C=C(NC=CC1)C(F)CCCCCON1
9555,10838,CC1NCC=CCC=CNCC=C1C
9556,10839,CNCNC=CC#CC
9557,10840,CCCC=COC=C(C)C(C)C1=CN=C=CCC1
9558,10841,COCOC1=CCSCS1
9559,10842,N=CC=1C=C(C)C=CS=NCCN=1
9560,10843,NCC=CCCC=C1S=CCNCC1
9561,10844,CPSC(C)C(C)CCP
9562,10845,CS=CCC=CNCCOCCC=C=C
9563,10846,C1CNCOCCC1
9564,10847,CCCC(N)C=N[PH1](CCNC1)=C1F
9565,10848,CC=CC=CN=C
9566,10849,C=1CCCCCONC=CC=C=C=1
9567,10850,CC=NC(C)COCCC=O
9568,10851,C#CC(C)=O
9569,10852,NC(COC=CBr)=CBr
9570,10853,CCCC=CCCC1C=NCC2C1C2=O
9571,10854,CC=CC=CC=C=O
9572,10855,CCCCCCCC#CC1=CCCNCCN1
9573,10856,CC(Cl)OCCCCNC=O
9574,10857,C1CC=CCNC(O)C=C1CN
9575,10858,C=CC(=C)CC=CCOCl
9576,10859,CCOCCCSOCO
9577,10860,OCCCN=NCCC=NC=COCl
9578,10861,OC(C)C=C=CNCOC=C=CO
9579,10864,C(N)NNC(C)CN1CO1
9580,10866,C1OC=CCC[NH1]C(C)CCO1
9581,10867,CC1C=NCC=C(C)C1=C
9582,10868,CCCN=CC
9583,10869,CN=CCCCOCCC(CN=CC1C)O1
9584,10871,C=C(N)C=CC1OCC(C2)=C21
9585,10872,CCCNCCC1CC1
9586,10873,N1CCCC=NC=C1O
9587,10874,CCCCC=C=NC
9588,10875,NN=CCCCC[NH1]CCNCCl
9589,10876,CONC=O
9590,10877,CCCC1C(C)CCC=CC1=C
9591,10878,NN=C=O
9592,10879,CCCC(COSCO)C1C[NH1]CNOC1C#N
9593,10881,C=CCC1=NN=CC=N1
9594,10882,CCCC(CNNC(O)C=O)=CN
9595,10883,CCN(CCCC1)O1
9596,10884,CONN=O
9597,10885,N1CC(C)C1=C
9598,10886,C1CN=NCCC(N)C=C1
9599,10887,C=NCCCC=NCC=CC#C
9600,10888,CCC=C[NH1]C=C
9601,10889,ClOCCCCC=CC=C
9602,10890,N1(C)C=CC=C=C(C)CCC1
9603,10891,O=CC=C=C=CCCCCOO
9604,10892,C=CCCCCNC(CCCC=O)(C)O
9605,10894,NCCOCCC=CC=CCC#C
9606,10895,O=CCCCNN
9607,10897,CC1C=C=CC1(C)CCC=N
9608,10898,C=CC=NSC=C=NC=C=C
9609,10899,CC=C(C)C=CN=CCC=O
9610,10900,CC=CCOCCCC#C
9611,10901,N=NC=CCCCCNCC(C)=CC=CNOO
9612,10902,CC=CNCNSCCC
9613,10903,N=C=CNCCC=CCC=O
9614,10904,CC(C)CCC(S)=CI
9615,10905,N1N(C)C=CC=CON1
9616,10906,O1CC(=C)C=C1O
9617,10907,OC(C)(C)CCCC(C)CC(=C)S
9618,10908,N=CCC=CC=CC(C)(C)C(C)(C)CC
9619,10909,COCCN(CC#CC=CCO)C#C
9620,10910,NCSNCCCC(=C)C=CCC#COOCC
9621,10911,CC=C=CS(N)=CC=NCCC1C=C1
9622,10912,C1CCCC=C=CS(C=CCCC2)C12
9623,10913,OC=CC=C=C(O)CC
9624,10914,OCC=CCNC=COCC
9625,10915,C1N2COCONCCCCCC21
9626,10916,C=CCSCC=CC=CCCCC#C
9627,10917,NCCCCCN=CNC(CS)CN=N
9628,10921,C=NCCCCCC=O
9629,10922,C(N)CC(COC=CCl)CCC
9630,10923,CNCOCC=CC(C=C)C=CPO
9631,10924,O1CCCC=C=C=CC(CC1O)CCCCCC
9632,10925,OCCCC(C)(NC)C
9633,10926,OC(C)C=CC1C#CCCN1
9634,10928,O1CS1CSCF
9635,10929,CC(COC)C=C1CC1
9636,10930,C=CC=CC=CC=C1N=CC(C)CCO1
9637,10931,C(CC=CC)C=C=CCCCC[NH1]C=CCC=C
9638,10932,CP1CCC=CC=CC(C)SC1
9639,10933,OCC=NC=C=C=CCCCF
9640,10934,C=C(CCCC=O)CC
9641,10935,C1CC=CCCC1(C)CCl
9642,10936,C=SCCC=C
9643,10937,C(C)C1(C)OC=C1C=C
9644,10938,CC[NH1]CC=CC=C(C)OOOBr
9645,10940,C=C=NC(=C)C=CCCC=C=C
9646,10941,N1(S)NCCC1CCC#C
9647,10942,N1=C=NC1CCCNC=O
9648,10944,CCOCCCCC1CCC(C)(N)NC1
9649,10945,OCCCCCN=C1[NH1]C1
9650,10946,CC(C)CC
9651,10947,CCNCCC=CC
9652,10949,OOCC=CNNC(C)=CC=NCCC#N
9653,10950,NCCC=C=CCCN(C)C
9654,10951,CCN(N)C(N)C=SCNC=CNC=C
9655,10952,CCSCC(C)OCCCl
9656,10953,C=CC=CF
9657,10954,CCCCC=C(O)OCC=O
9658,10955,OCC=CC=C1CC1CC=CCl
9659,10956,C=CCCF
9660,10957,NCCOCCC=C1C=C(O)C=C1
9661,10958,OCCCCCCBr
9662,10959,OC=C(C)CS1=CCCCCC(N)CCC1=O
9663,10961,C1CCCOCC1(CNCN)C
9664,10962,ONC=CCC(C)=CCC=C
9665,10964,OC=C=CCCC=NCC=O
9666,10966,CCOC=CCCC=C(C)CCCCC
9667,10967,CCC(C)NC(C)CC[NH1]CC=O
9668,10968,COC=C(C(C)CC=O)NOC
9669,10969,OCC(N)C(C)CCC#N
9670,10970,CC(C)C=C1CC(C=C=CBr)C=CC=C1C
9671,10971,CC(C)(C)CCCCC=CCC=C
9672,10972,N1CCC1CBr
9673,10973,CN=C(C)CCNOCCl
9674,10974,OCC=C([NH1])CNC(N)SC=C
9675,10975,O1CC=SC=C(C)NC[NH1]1
9676,10976,CCCC(O)C=CCCN=O
9677,10977,NCC=NCOCC(C1)O1
9678,10978,CCC=CC=CCC=O
9679,10979,C=C(C)CC=NC=NC(S1)CC1
9680,10981,CNBr
9681,10982,ClCCC(C=1)C=1
9682,10983,O1OCC1
9683,10984,COC=NCC=CCC=O
9684,10986,O1C=CCC=CO1
9685,10987,CONNCC1NCNC=CCC=C=CC1
9686,10988,C=CC=CCCCC1CCC(C)N1N=C
9687,10989,CC=CNC(C)CCOCCBr
9688,10990,C1=CC=COCCC=CC(C)(S)CC1=C
9689,10992,CCOCCC=NC#N
9690,10994,CNCC(C)CCN=O
9691,10995,CC(C)OCN=CCC1CCCN1C
9692,10996,C1(CC=CCN1C=CC)=C=N
9693,10997,N=C(C)CCl
9694,10998,COCBr
9695,10999,CCC=CC=CCCSCCCNC=O
9696,11000,C=CC#CCC=C(C)C#C
9697,11001,C=1CC(C)C=1CCCC
9698,11002,C#CC(=C)C(C)=C
9699,11003,C=CC=CCNOOC=C(C)CN
9700,11004,OCCCCNOCC=NCCCNC1C=N1
9701,11005,OC1C(CC=CC=2O)C=CCC=21
9702,11006,C(C)N=NC=CNC(C)C(C)CCOCN
9703,11007,C1OC=CCOC=CC=CO1
9704,11008,C1=C(C)CCC1CC=NOC
9705,11009,CCC=CCNC
9706,11010,CCC1CC1C
9707,11011,CC=CCBr
9708,11012,CC=CCCCC(C)OP
9709,11013,C1CCCC=NCC=CC=C=C1C
9710,11014,C=CC1CCCNC=COC=C=C1
9711,11015,CC=CC(OC(=C)C=C)C=CC=O
9712,11016,CCC(OCCl)CC=O
9713,11017,CCC=NCOC(COC=NCS=C(C)CC)C=O
9714,11018,CNC(C=CC=C)NNOC=CN(C)CS
9715,11019,N(C)CNC=CCCl
9716,11020,CCCNCC(C)C#CNCCCN=C
9717,11021,OCSC1(S)CCC=C1
9718,11023,COCCONC=CCC=C(C)CCl
9719,11024,CCC(C)Cl
9720,11026,CN1COC(N)C(C)CCCC(C)C=C1N
9721,11027,C1ONOC=NCCCN=C1
9722,11028,CCCCC(CCC=CC=C1PCON1)C
9723,11029,CC=CC=CCC[NH1]C=CBr
9724,11030,NNCC1CSCSC1
9725,11031,CC=C=CCF
9726,11032,CC1CCCC1CS(=C)C(C)=O
9727,11033,ONCCCCCCONCC
9728,11034,NCCOCCNCOC(C=CCC)=O
9729,11035,CCN=CCC=NCNC[NH1]COCC=CN=O
9730,11036,CN(C)CC=CCOCCO
9731,11037,O(NC)OSC=NCCCCl
9732,11038,CC(NCCNC=CN(C)C)C=NNCC=CC=O
9733,11039,OC(C)CNCCCC=CCl
9734,11041,C1CC(C)C1(COC=O)N
9735,11042,CCCCCNNCC(C=1)N=1
9736,11043,N=NC(C)C=NCCCC=C
9737,11044,N12CCCSOC1C(F)CNC2
9738,11045,NCCOC(C)C=CC=CC=CC=O
9739,11046,CCC=C(C(OC=C=CS)C=C)CC1=NC1=O
9740,11047,O(C)Br
9741,11048,NCCCCC1OC1=S
9742,11049,BrN=CCCC=CCCl
9743,11050,C=CN=COOBr
9744,11051,OC=NC
9745,11052,CC1=CC(C)CCCC=S=C(C)C=C1
9746,11053,CC#COC=NCOCNNNS=O
9747,11054,C=C(C)CC=CC=O
9748,11055,NCCCN=O
9749,11056,OCCCC=CCCOCI
9750,11057,CCCC=NC(NC)CCO
9751,11060,CN(C)CNC=C=C=CC1C=C1[SH1]
9752,11061,ClCC=CCCNCN=CCCCC
9753,11062,SC=CC=C1C=C1N
9754,11063,C1=CC1OCC
9755,11064,BrCCC
9756,11065,C1C(C)(C1C=O)NNC=O
9757,11066,CS=CN=C=O
9758,11067,C=CCC1=C(C)NCNC1
9759,11068,ONN(C=C(C)CCC)N=N
9760,11069,SCC1NC(C)C(C)C1
9761,11070,CC(N=CC)NCCCC=C=N
9762,11071,C=CNNCCCC=O
9763,11072,SCCC=CCCC=C=C
9764,11074,CC(CCCCS)CC(C)CCl
9765,11075,NOCCCCCCC=C=CC=COC
9766,11076,OCCC(C)COCCN=CC=CC(=N)C
9767,11077,CC=CCC=C=CCNC(O)CNCC#N
9768,11078,CCCCCCON(C1)C1
9769,11080,C(C=CC=CN=CCCCC)ON
9770,11081,CCCC=CC=C=CC=C1CCCNCCOC1
9771,11082,OC1CCNC(C)COCC=N1
9772,11083,CCC(C)NC(=C)C=C(C)OC=CC=CC=CCC=C=C
9773,11084,CC=SCCCCC=C=O
9774,11085,C1C(C)(C=C1)C=CCOOO
9775,11086,CSC=C=CNCC=CC=CN=C=O
9776,11088,NC=CC1=CC1(C2)C2
9777,11089,C=CCSCS1C=C1
9778,11090,CNNCCC=CCC1C2CC=C(C1C)O2
9779,11091,CC=CC=CCC(Br)OCC1NC1
9780,11092,P1SC1(NC=CC=C(C)OC)C(CC=O)S
9781,11093,SC=C=C1C=C1
9782,11094,CCOSCCCCCC=CC=O
9783,11095,CON(C=SCCC)CC=C(C)N
9784,11096,SC(N1)C#CC=CC1OOC2NC2
9785,11098,C(=N)N(CC=CC)CSC=C
9786,11099,CCONC=CC(C)=C(C)CC=CC#C
9787,11101,S1OCCCOCN1CC(N)=CCCC=C
9788,11102,C(C)CCCC=C=O
9789,11105,CCCC(F)CCC1=CC1OC=C
9790,11106,CCNC1=CS2CC(S1)C2
9791,11107,C(C=CPO)F
9792,11109,CCNC(CCCCC1)=C1
9793,11110,CCOC=NOC=CCCC=CC=C[NH1]
9794,11111,C1(N=CC)COCCCCO1
9795,11112,OCCCCCS=CCNCC
9796,11113,CCC(C)CCC=C=CCCC=O
9797,11114,N=C=NCC=C(C(C)N=C=C1)C1
9798,11115,OCCNOCC=CCCCCCCC=O
9799,11116,CC=NCC=C(C=O)N
9800,11117,CC=C=CCOC[NH1]CC=CCCC=C
9801,11118,CCC=NNCSCCCC=CC=CCC=O
9802,11119,C=CC(C)CNC=O
9803,11120,C(CCC=C)C=CN=C=O
9804,11121,CCNN=CN(C)OOCNCC=CO
9805,11122,C(C)CCSC=O
9806,11123,N=CC(C)C=CCCNC=O
9807,11124,OCOCNC=CCl
9808,11125,CCC(C)N=O
9809,11127,CC=C=CC(C)C#C
9810,11128,CNCC=1C=CNCCCN=1
9811,11129,N=CCC(=N1)C1=C=NC=O
9812,11130,C=C(C)CCN(C)C=C
9813,11131,C1C=CC2(C)C=C=C2CC=C1
9814,11134,CCCC(O)S=NCI
9815,11135,OC(C)=CC=CC=O
9816,11136,CNCCCCNC=CC1SN1
9817,11137,OONCC=CC=SN(N)CCN=CC=C(C=C=CC=C=N)CCN=C
9818,11140,CNCOCCC(C1)ON1
9819,11142,NCCC(CCCC)(N)C=NCCCN=CON
9820,11143,C=NN=CC(C)C=CC(C)=CC=O
9821,11144,CCN1COC1=O
9822,11145,N1C=CCCC1C(C)CC
9823,11146,C=C(O)C(C=C)C=C1CC1N
9824,11147,NCC=CC(C)CN
9825,11148,CC=C=CCCC(N)C[NH1]CSOCl
9826,11149,CCNN=CCC=CCC=CCC=CNC=C
9827,11150,C1CNC=SCO1
9828,11151,CCCNCCOOCC(C)CC1OC1NC=CC=O
9829,11152,C=CC(C)(C=CCC(C)C=CCS)N(C1)N1
9830,11153,CNC=CC(C)CC=C1[NH1]C1
9831,11154,CCCCC=CNC=O
9832,11155,NC(N=C(O)OCC)(C)C(=C=O)Br
9833,11156,CC=CN=CC=C=P
9834,11157,C1NOC1C=C=CC#C
9835,11158,C=C=CC=COCC=N
9836,11159,CCCCCCSCCCNCCC#N
9837,11161,C1=NCCCC1CC2=CC2
9838,11162,OC(C)CCC=NO
9839,11163,CCCCCC=CC=O
9840,11164,C1(C)C(C)=C=C1[NH1]OBr
9841,11165,C1CC(O)C1CCC=C=O
9842,11166,O1C(C)(C1CC=NN2)O2
9843,11167,OC=C(N)N=CCC=NCCCC=C1C=N1
9844,11168,CCOCCCC=C(C)OC=O
9845,11169,C1(C)CC1C(C)CF
9846,11170,C1CCCC=C1C=CC=CC=CCCC
9847,11171,CN=CNCCCC=COCOCC
9848,11172,CCN(O)C=CF
9849,11173,CC(C)OCCC=CC
9850,11174,CSCCCl
9851,11175,C1COC=CC1=CC
9852,11176,N[NH1]CNCOCCl
9853,11177,NCC#CCOCOCCC=O
9854,11178,CNCOC(=O)C=C=NCCCCNCN=N
9855,11179,OCCCCC(P)=C=O
9856,11180,CCC=NCC=C=NCSCC1C=C1
9857,11181,C1C=CC=C=CCCC(C)C1CC
9858,11182,COONCC=NC(CC)CC
9859,11183,CNCC=C(N12)ONC=C1O2
9860,11184,N1C=CCCC=CCC#CO1
9861,11185,CC(CC1(C2)C2C)CO1
9862,11186,CC=CCCCC(=C)CN
9863,11187,CC=CCC=CC=CCC=CCC=O
9864,11188,C=CC=CC(CCN)=NCCNOC=O
9865,11189,C1=CC1C(C)CCCC=O
9866,11190,CN=C=C=NCC=CC1=C=NC(C)C=SC#C1
9867,11191,OC1OCCCOCNNCC1
9868,11193,C1CCC[NH1]C1COC
9869,11194,COC1C=CC=CC1C=C=C
9870,11195,CCCCC=CC=C(O)CNCCCCC[NH1]N
9871,11197,CCCCNC=O
9872,11198,CCCC[NH1]OCNCC(C)C
9873,11199,CCCCC=CCC=N
9874,11201,C=CCC(C)=NCSOCN=CN=CC=O
9875,11202,CCCCNC(C1)C1Cl
9876,11203,NCNCC=CNNC=O
9877,11204,CCCCCOCCBr
9878,11205,COCCCNCC=O
9879,11206,CCC(C)(C)NC(C=1)=S=1N
9880,11207,CCOC(C)CN=CC
9881,11209,C1NCCNCCC1C=O
9882,11210,OOC=CC(NCCC=CNCNCCC)(C)CC=C
9883,11211,NCCCCCCCNN(O)CCOC
9884,11212,OC=CCC=S(C)C(N)(CN=O)OONCOC=CC=CCOC
9885,11213,C#CNC=CC1C(N)CCNCC1
9886,11214,ONC=CCCCC(C)CCF
9887,11215,CC(C)OC=C(C)OC=O
9888,11216,CN=C(N1C=C2CF)C2C=CCO1
9889,11217,ClC1=C=CC=CNC=CCCC(S)C=C1
9890,11220,CCC(C1)C1(C)CC
9891,11221,CCCCCNC=S=O
9892,11222,C=CCOCCC=CCOC=O
9893,11224,C=C(O)C1=CCCC=C1N
9894,11225,O=CC(N)C=CCCC=CCNCl
9895,11226,NN=C1C=CCOC1CC=C=COF
9896,11227,C1OCCC=CCOC=C1
9897,11228,C(C)(SCCCCC)CCCCC=O
9898,11229,CCCCOC(C)C=O
9899,11230,NCC=NC1(C)CCC1
9900,11231,CCC=CCCCC=CNCl
9901,11232,CC(C=1C)(C)CCC=CC=CC(C)C=1NS
9902,11234,CCC(O)C=CCOC=CC=O
9903,11235,C1COCCC(N)N(C)COC1
9904,11236,CNC=C(CCC=CC)C(C)CC#CC
9905,11238,CC(=C)C=CCCC=O
9906,11239,CNCC=CN=CC(COC#CCSC=CCBr)CCCCC=NCNO
9907,11240,ClCC(C=CCC)CCCCC[SH1]CC=C
9908,11241,C1CCC1C=CC=C=C=O
9909,11242,C1=CCN=C(C)C(S=C)C(C)O1
9910,11243,CCCCCC=CON
9911,11244,C1CCN(C)CCC1=CN
9912,11245,C1CCONCC=C1O
9913,11247,CC(NNCl)C=CC[NH1]C=O
9914,11248,O=CCCCNCC=N
9915,11249,CCC=CC(C=CCC)O
9916,11250,CCCCC=CN=CC=NCOC#N
9917,11251,ON=CCCl
9918,11252,CNC(N)C=CCC1ONCO1
9919,11253,OCCCNN(C)N=O
9920,11254,NOC(C)CCCCCO
9921,11255,CNCCOC(CC=CC)=CC#C
9922,11256,CCCCOC(C)=CC(C)C=O
9923,11257,CNNCCCC=CC=CC=O
9924,11258,CN1CC(C)CCC=CC1O
9925,11260,C=C(C)CN(O)O[NH1]OCC=C(C)CCC1CO1
9926,11261,C=C=CCCNNCCl
9927,11262,COC=CC(CCCN)=O
9928,11264,C1=CCOC=CC1
9929,11265,C(C)CC1=C=C1C
9930,11266,NC=CCBr
9931,11267,OCOC=NC=O
9932,11268,CC=C=CC=CC(C)(C)CCNF
9933,11269,N1=CCNC=CC=C1
9934,11270,CNCCC(C)[NH1]ON=O
9935,11271,CC=CCN=NC(N)(C)OC#C
9936,11273,C1C=C=CC=C1
9937,11274,O=CCC(C=NC=C)CC=CCCC=C=O
9938,11275,OCC1C(C)CC=CCCC1=C
9939,11276,CCCC=NC(S)(O)CC=N
9940,11277,CCC=NCNC=O
9941,11278,CCCOCCN=CC=O
9942,11279,SCNC=O
9943,11280,OCC=C=C(N=NC=C)CCC=O
9944,11282,CNC=CC=C=CCCNOO
9945,11283,CCOCNC=C
9946,11284,CC=NCCCOCCC1=CC1
9947,11285,CC1C(C)(C2C=SC#CC2C)CC1
9948,11287,ONC=CCCC=NCC=O
9949,11289,CC=CCN=C(C)OCCCCCl
9950,11290,O=C=S(CCCC(C)=CCN)CNC(O)C#C
9951,11291,NCCC=CC(CCOCCO)OC
9952,11292,COCC=NC(C=C)COC
9953,11293,C=CCC=NC=CC(O)CCI
9954,11294,C1NC=CC=CC=C1N=CC=O
9955,11295,CC=CC=CC=CC=[PH1]C=CC#CO
9956,11296,C=COCCC=O
9957,11297,CCCC(C)OCCC=O
9958,11298,N1NC=CCN=CCC=CC1C(=CC)C=N
9959,11299,C=CC=NC=CNOC1CCCCC1P
9960,11300,CC=CCC=CCC=C=CS=CCl
9961,11301,C1CCCC2=C(C)NCC12C
9962,11302,N1CCOCC1CONCCC=C
9963,11303,CCONCC=CC=COOC=CS=C
9964,11305,C(C)(C)C(=O)N
9965,11306,CC=C([NH1]CCCC)CC=CCOCCCN
9966,11307,CCCN=CCCC=CCC1C=C1
9967,11308,OCOCCC1=CN1
9968,11310,C1CCNC(C)C1(C=NNCl)SF
9969,11311,CCOCCCCCO
9970,11312,C1CNCCC=CN(C)N1
9971,11313,BrOCBr
9972,11314,N(CCCCCCC1)N1CC#C
9973,11315,C1#CS12C3CC3C2C=C
9974,11316,CNCCOCCC
9975,11317,C1CCC=C=C1
9976,11318,CCCCC=CCCC1COOCCC1Cl
9977,11319,O1C(C)(C)CC=C1C=O
9978,11320,C=C=CCCBr
9979,11321,CC=C(O)C=C(C)N1CCNCC1C#N
9980,11322,CCCCOC=CC=CC1N(CCOC)CCO1
9981,11323,CN(N=NC=O)CC=O
9982,11324,NOC(C)=CO
9983,11325,NNCN(C)C(C)NP
9984,11326,OCN=CC=O
9985,11328,C1CC=C(C2)CCNC2=C1
9986,11329,BrNNCNC=COCCCNC=C
9987,11330,O1CC(C)(C)CCN1
9988,11331,CC(C1)C1C(C)N=CCN=C
9989,11332,C1CCCC(OC1(CC)CC)[NH1]CBr
9990,11333,OC(C1Cl)C1=N
9991,11334,CN=CCOC=O
9992,11335,COCC(CNO1)NCCSC1=O
9993,11336,CCCCNN=CN=CC1CCS=[PH1]N1C
9994,11338,OOCCNCCOCC=CCOC[NH1]
9995,11339,CCC=CCCCC=CCCCCCNC
9996,11341,CC=C[NH1]C#C
9997,11343,ONNN(COC1=C)CCN(O)S#C1
9998,11346,OCC=CC#COC=C=[SH1]
9999,11347,CC(C)C(O)C=O
