,Unnamed: 0,Smiles
0,0,C1CON=C1C
1,1,CC(CCC=C)=CC(C)=CCS=C
2,2,C1COC(C)C=NCC1CC=C
3,3,CC=NCCCC=CCCCl
4,4,O1C2=CC=C(C)C2NN1O
5,5,O1C2C1(C)C=SCOOC2
6,6,NOCCONC=S(N)C(O)=O
7,7,OCS
8,8,CCC=CCCC=CC=O
9,9,C(C)(C)CNCO
10,10,CC=CCCCCC=NOC=CC=C=O
11,11,CCC1CCCCCC#COC1
12,12,COCC(O)C=C(C)N
13,13,NCSC=CCCC=CCCC1=CS1
14,14,OC=CC=NCNCl
15,15,NCC=C=CCCC(C)ON=O
16,16,N=C=CN(CC)CCC=C=O
17,17,CNCCl
18,18,NCONCC(CCC)CCCCNS=N
19,19,CCOCCSCC1C=C1
20,20,OCCCNCl
21,21,CCC(N)C1CC#CC1C
22,22,C1NCOC2=CN21
23,23,NC=O
24,24,OCC=C=CC=CCCC=CC=S=O
25,25,CS(=NCOCC=C=C=CCOCO)=O
26,26,OCNCCC#CCCCCC=O
27,27,NC=C=C(C)OCOCI
28,28,O=CCCCC(C)OC=CCON
29,29,OC1OC(C)=CC1
30,30,C1OC(C)(C)C1C=CCCC(C=C)C
31,31,OC(C)=C1CCN=C1C
32,32,NCC(=C)CON=CCCCN
33,33,N1NC(C)CCC1CCCC=COC
34,34,C(C)=CC1C(C)NC=CCNCC=C1
35,35,C=CC=C=COCOCC
36,36,O1C=NC(N)CC=CCC1
37,37,CONC(C)C1CCCC(=C1C)CO
38,38,CCC(=CCCC)COC=O
39,39,CCC
40,40,CCC=CCC(C)C=COC=CCO
41,41,C=CC=C=CC(C=CC)=C1CN1
42,42,CONC=CNCSC(C)CCOC#C
43,43,CCCC(O)CCNCC#CO
44,44,C=CCCCCCCCCC=C=O
45,45,C(CC(C)COBr)=CN(C)C
46,46,CCCCCCCC=CC=CC=CC=C
47,47,O(C)COC=CC=CO
48,48,N1CCCC1C=CC=CC=O
49,49,CCCC=O
50,50,CCCCCCC=CCCC=C=O
51,51,NCNC=C(C(C)(C)C)CO
52,52,OCN=CC=C(C)C=CCCBr
53,53,OOCNNOC#N
54,54,C1=CC2=CC2=CCC(C)C1
55,55,CN=COCOCCS=C(C)CC(C)=O
56,56,NC(C)=C1CC1C#COCC(F)O
57,57,C(S)C=C=C=CC=O
58,58,NC=CNCCl
59,59,CNCCOCC=CCCN=O
60,60,CC(C)CCCCCCNC=O
61,61,N(O)(N)CC(CCCC=C(N)CC=C)=O
62,62,CCNNCCCC=CCC=CC=O
63,63,C(C)CCC=C=CC=C=CN=C
64,64,O=C(C)CCC=NCC=CN=O
65,65,CC=CCC=CCCC=O
66,66,O1CCCC1C#CCC=N
67,67,CCC=O
68,68,COC(=C)COC=O
69,69,C1=CNCC(O)PCC1CCCO
70,70,CCCCCCCC(C)C=C
71,71,CSCCC=S1CCC=COON2CC2C1
72,73,OC=O
73,74,C=NOCNC(N)CC(C)=C
74,75,CC=C(C1NCC2)N2C=CC=NCCCC#C1
75,76,CCCS[NH1]C=O
76,77,N1(N)CCOCC=CC1N=CC
77,78,C=C
78,79,NC=CCNOC=CCN(C)O
79,80,C1#COC=CCC=CC=CC=C1
80,81,CBr
81,82,[PH1]1=CC=CC=C=CCCC2C1=C2
82,83,N(O)=NCBr
83,84,NCCPN=CCCCCCCNCCN[NH1]
84,85,CCCCCCC
85,86,C=C([NH1])C1C(C)=CCN(C)CC1
86,87,C1CN(OCCC=O)C1
87,88,CCNCOCC=O
88,89,C1C(C2)C2CC(=C)OC=C1
89,90,CC(=O)C(C)CC=CCCCl
90,91,C1=CCC(C)C=N1
91,92,C=O
92,93,CC=C1CCCCCCC1
93,94,CCl
94,95,OCC=C=O
95,96,COC#CONNC=C=CCNOC=CC=NCN=C
96,97,OCOCOCCNCCCl
97,98,C1CC(C)CC=CCCCC(C)C1C=C
98,99,C=C(CCCC=CC1OC=CN1)C=C
99,100,CC=CCC=NCCCC=CCOCO
100,101,NNN1C=CCC=CN2CN=SC12
101,102,C1CC1(O)CC=O
102,103,C1=CCN=CSCC=NC=C=C1
103,104,O1C=CC(C)C1
104,105,CC=O
105,107,ClCC=C=CC=NC=CCS
106,108,OCCOCCCNC=CCCOCCl
107,109,CC1=CC=CO1
108,110,O1C=COCN=CC=C1O
109,111,C=CCCOCOC1=C=C1
110,112,CCCCOCC=CC1=CCCC=CC[NH1]C=CC1=C=CC=C=C
111,113,CNC=CCCCCC=CCC[NH1]N
112,114,C1C=CCCC=CC1C=CCC
113,115,CCCCC=O
114,116,CN=CCCCCC(C)C
115,117,O=NC=C=CCOCCNC(NC=C)N
116,118,COC=O
117,119,C1C=CC(C)C1
118,120,NC=COCC=NC(C)C=C=C[PH1]N
119,121,COCSC=CC=CN(C)C=C
120,122,OOCCNC=CC=CC[NH1]C=C(C)C=C(C)CCN
121,123,C1(=CN=CC=C1)C2NC2
122,124,CCCNCNCC(O)CCNC=CCC
123,125,CCCCCC=CCS(C)CC=CCC=CC
124,126,CCCC=C(C1=O)CC=C=C=C=C1
125,127,OCl
126,128,CC=NOCC=CNON=O
127,129,OCC(N)=SN(C)CCCCCNC(C)=N
128,130,C1#CC(=C)CC=C1C#C
129,131,C=1CN(CPC=C=1)C(S)O
130,132,NCC(C)OCCCCC=O
131,133,O1C=CC=CC=CC2=CC21
132,134,CC(=C)C=SC(C)=C
133,135,CCCNNCNCC=CCC
134,136,C(C)C=C=COCC=O
135,137,CCC=CCCl
136,138,NCNCCOCBr
137,139,C1CC(=O)O[NH1]1
138,140,C=CN=CC=CCCC(C=C)CC#C
139,141,CCCC(C)=CCCNC=O
140,142,CCCCC=CC(Cl)CCCCl
141,143,NNCC=CCCCCl
142,144,C1OC1C=NCC(C)NC=CC
143,145,SCCCCCF
144,146,CCC(C)ON(C)C#CN
145,147,C=CC=CCC=C1NCCCC1C=O
146,148,C1C=CCCCNCC=CCC(C)O1
147,149,C12CNN=CC=C1C2
148,150,N1(C)CCCC(O)=NOC=CCO1
149,151,CCNOC=CC=O
150,152,C1C[NH1]1
151,153,C=NCNC=CC=CN=CC=C=C
152,154,N1CCCC2C1C2
153,155,CC=C=CCCC1NC#CCC1=C
154,156,C1CCOC(O)OCCCCNC=CN1
155,157,C=NCC(CCC=O)C(=C)C1NC1
156,158,CCC#CCCCCC=O
157,159,N1NCON=CC(C)CC1=N
158,160,NC(C)CNC=O
159,161,N1C(=C)ONCCC(Cl)=C1
160,162,C1C=CC=C1CC(C)CN(OC)OCOC=O
161,163,OCC(N)=CCCC=NOCO
162,164,NCCCCCl
163,165,C(C)C1C=COC1
164,166,CCCCNS=C(CN)C(N)C=O
165,167,C1CCCNC1CCC(N=O)CCC
166,169,NCNCSCC=CCCCNC=C
167,170,CCCCl
168,171,ClCNC=CC(C1CC1)[NH1]
169,172,CCCC=CN=O
170,173,CCC=C=O
171,174,NCCCC=O
172,175,O=CC=CCl
173,176,BrC=C=C1C(Cl)C(NN)C1
174,178,CCC=NC=CC=C=CCC=C=O
175,179,CC=CC=CC=C(C)CNI
176,180,CCCCCCCC=O
177,181,CC=CC(N)(C1)N1NC
178,182,CCC(C)(N1CCCC1CC=O)CNC=CN=C[NH1]
179,183,CNOCCNC=O
180,184,NC=CCCCCCCCCC=CCCCF
181,185,OC(N)=C=C(OCCCCCN=NCNO)CN1CC1
182,186,C1=CCCCNC=C1C=CCCCCOOO
183,187,OCCCCOC=NC=C
184,188,OC=CC(C)C=CC=CNC=O
185,189,CCCCC=CCC=CCCCCCCC=C
186,190,CCCCCCC=O
187,191,N=O
188,192,CC=C(OC)CN(C)C=CCC[NH1]NC=O
189,193,C(C)C=O
190,194,C1C2CCCCCC12C=CC=C=C
191,195,C=C(C)CC=CC(C)=P
192,196,C1=CCCC2C(C=CC1O2)C=NNC
193,197,C=C=CCCC(C)(CCCF)Cl
194,198,NCSNCC1CS(C)O1
195,200,CC=CCC=C(C)OCC=O
196,201,CCCC=C1CC=CC=CC#CC[NH1]C1
197,202,CC(C(C)CNCCC)=C=C(C)Cl
198,203,C1C=CCCCC=CN1
199,204,CC=CCCC(C)CC=COCCCCOC
200,205,C(C)NC=NC(=CCC=O)Cl
201,207,CCCC(C)OCCl
202,208,O=C=CNC1C=CCNCN1
203,209,O=CC(N)CC=C1CNCC=C(C)N1
204,210,CCCCC#CC=C1NC1N
205,211,NCOC1OC=CC=CC2[NH1]OCCC1=C2
206,212,NCC(C1)=CCCC=N1
207,213,CNC=CC(C)=O
208,214,O(C)C=CN=CCC
209,215,C1C(O)CO1
210,217,C[NH1]CNCCCNC#COC
211,218,CCC[SH1]CN=C(C)CC=CCN
212,219,C([NH1])C=CCCC=NNC
213,220,C#CC
214,221,C=CN=C=C1NC=C(C)CNCCON1
215,222,N=CC(C=CCC=O)C=CNF
216,223,C=CNCCCCCCC=O
217,224,C=CCC(C)OC1=CC#CCCN1N
218,225,C1COCNC=C(C)C1
219,226,C1=CCC1=CCCCCC=CCOC
220,227,C=CC(C)C1NNC=CNC=NC1
221,228,COCOC=NC=NNNCC(CNN=CCC=O)C
222,230,N1CNCCCCCNC=CC1C#N
223,231,CC(=O)CCC=CCC
224,232,CC=C(C=CC=C)CN=CC(C1=CC=C)C1
225,233,O1C=CC=S1(C)C
226,234,COC(C)C=NCNC(C)CF
227,235,CCC(C)C(N)C(C)=O
228,236,C=NNCSCC=C=O
229,237,N=1C(=C)CN=C(C)C=S=1(C)N=[PH1]
230,238,CC(C)(CC=COF)C=CCC=S
231,239,NC(CNOC)=CCCCCBr
232,240,CCCC=CCC=C=C=CC
233,241,CCCNNNC(N)=NCOC=NCC=C
234,242,NOCNCCCC=NC
235,243,OCCCCC(C)NC
236,244,N=CC(N)=CC(C)CCNO
237,245,CC=NCCSN=CCONC
238,246,CCOCCC#CCC
239,247,O1C=CCCN=CCC=CC1
240,248,CC(C=NCC(C1)N1)=NNOO
241,249,ON(CCN=O)NC1CC=CC1OCCl
242,250,N1NC(=C)C=CN1
243,251,CCSC=CF
244,252,OC(C=CCCF)=P
245,253,CCCCCOCCCCC=N
246,254,C1N2CC1CC=C2
247,255,CC(C)=CCC=C(C1=NC(C)CCCF)N(C)C1CC=C=NC[SH1]
248,256,C=CCC(C)=NC=CCC=O
249,257,C=NCCCCSC=NF
250,258,FC=NN=O
251,259,CC(P)CC=CC=C1C=C1C
252,261,CC(C)CCCCCCC1NC1N
253,262,C
254,263,C1C2C(N1)CC=3C2(C)C=C=3
255,264,C=CCC(C)OC=O
256,265,S1(O2)=C=CC(S)C12
257,266,C=CCNCCSCC=CCCC=NC=CC=CCOCC=O
258,267,NCC=1CC=CC=CCONCCCC=1
259,268,CCOCNCSNC=CC=O
260,269,C=CCCCCC=C=C=NCNCI
261,270,CCC=CNCCC=CC=C=N
262,271,C=CCCOC(C=C(S)CCC1(C)S=C)CC1N
263,272,CC=C(CF)ON
264,273,CCCONCC(=N)CCC=O
265,274,NC=C(C)F
266,275,O=C=C=CCC=CNC#C
267,278,CCC=C=CC(C)CC=O
268,279,OC(C)C=CCCOCNOC=C[NH1]C
269,280,COOCCCC=O
270,281,C(N)N[NH1]OCC=CC(C)C#C
271,282,CCCN(N)F
272,283,C=C=CCC(N)C(F)CC=O
273,284,ON=CC=O
274,285,NCCC=C(C)NOCCOC=C
275,286,O=CCCSCCCCCl
276,287,O(CNCC)OC1C=C1F
277,288,C1=CC=CC=C1
278,289,CC=CCCC=O
279,290,ONCCCCC=S=C
280,292,COC1=NC(C#N)C1CSC=NNCC=NN=N
281,293,CCC=CN=CC=CON1C=C1
282,294,CC=CCNCC(NC=CC)=C(O)Cl
283,295,N=1C=C=1
284,296,CC=C(N)CC=O
285,297,CNCCNC=1C(C)C=C=1
286,298,CCOCCC(SCC(C=O)Cl)S
287,299,CNC=CCC=NCCCBr
288,300,C(CC(CC)=CC)N
289,301,O1OCCCC(C)=C1C=O
290,302,N=NOCCC=C=CC=C=CCCOOCCl
291,304,NC1CSCCCC1Cl
292,305,CCBr
293,306,NCOC(C)(Cl)C#N
294,307,C=CCCOC=C(C)C=O
295,308,ONCN=CNC(=O)C=O
296,309,N1CCCCN1CC=CCC=CO
297,310,CC=C=C=O
298,311,C1(NCCCC1=NNCC)=C=C
299,312,C1C=C1C=COOC(C)=CCNO
300,313,NOCOOCS1C=N1
301,314,OCC=CC=NCSCC=C=NCN=N
302,315,CC=C=O
303,316,C(N)CCCCC
304,317,C1C(C)=C2C(C)CNN2COC1
305,318,C=CCOCC=CCCC(C=C)Cl
306,319,CCCCC=CCNCOC=NCl
307,320,CCCCOC=CCC=CCCC(=C)CCN=C
308,321,OCCl
309,322,C=CSCCC1=CC1CCC=O
310,323,NC=SC(C)CC#N
311,324,NCCOCCNCCC=O
312,325,NCNOCCCNS1SC1OC
313,326,N1=C=CSN([NH1])C1NC=CNC(O)=CCF
314,327,CC=CCC=NOC=CC=CC=C=O
315,328,CCC#CNOOC1=C=C1
316,329,CCC(C)Cl
317,330,O1OCCCC=NOC1
318,331,OCN=CC=CC=C=C(C=CC1)CO1
319,332,C#CCCN(C)C=NC=C=CCN(O)CCC
320,333,CNC=O
321,334,OOCCC=O
322,335,NCOCCCCCCN=C=NCNCCC=CC=C
323,336,COC#CCCOCNCC1CC1
324,337,C=CCC=CSC#CCC1NC1
325,338,NC1C=C1CC
326,339,CCCCONCCCCl
327,340,C=C(NNC=C)N=CC=CCl
328,341,CCCF
329,342,CC(Cl)(CC=O)CC=C=C
330,344,C1CC(CNOC)(C2)C1C=NOCCC2
331,345,PC1CCCNC=NCC[NH1]1
332,346,C=C(C)OC=O
333,347,OCCC(C)=C=NCC=CBr
334,348,CCCC(O1)CC=CCO1
335,349,O(C)CC=CCCCC
336,350,C=CCC=CCC=C=O
337,351,N#CCCC(C)C=C
338,352,CC(NC=CC)CC=C=O
339,353,C1=C=C[NH1]CC1(C=CCC#C)O
340,354,CNCC=O
341,356,O=CCC=CC=O
342,357,O=CCF
343,358,CCCN=COCCC=O
344,359,CCC=CC(C)CCBr
345,360,C(=C)(O)C1=C(C)OCN1
346,362,CCCC=CCC(C)=CC=C
347,363,C1=CCCCC(C=CC=C1)=O
348,364,NOC=NNONC=C(C)C=SO
349,365,C1(N)C(N)CCCCOC1
350,366,NC(CF)=CCC=O
351,367,CCNCC=CCC=O
352,368,C=CCNCl
353,369,CCNSC=SCC=1CC=1CCC#CO
354,370,CC=CCBr
355,371,OC(C)=NC=C=O
356,372,CC1(C)CNOC1C2=CC=CCON2OO
357,373,C1NOC[NH1]CN2C1NN=CCC=CC2O
358,374,O=CCOC=C[NH1]CC=CC=O
359,375,CCC=CCCSC=CCO
360,376,C#CCC=CC=N
361,378,CC1CCNS1=COF
362,379,CC=CCCC=CCC1CCNCN1C=C
363,380,FC=CC[NH1]CC(C)=CCSC=O
364,381,NNCC(C)F
365,382,O=CN=CNC=O
366,383,CCCCSC=O
367,384,CC(S)=C=CCF
368,385,CCC[NH1]C=C=CNCCCOCCN=O
369,386,NCNOCCC(C)CN=C
370,387,CCCCN=C(C)OC(=C)CC=CCCC=C
371,388,OCCOC=CCN1C=C1N=NOC
372,389,NCCCCC#C
373,390,ONCCC=CC(N)C=CC=CC=NC
374,391,NCNCOC=CC=CN1C=C1O
375,393,OOCC(NC=CC=CNCCC(N)CCC)C=CCCC=C=O
376,394,OC(C)C(C1)C=C1C
377,395,CC(O)OC=CC=O
378,396,C=NC=CNC(C)(O)CO
379,398,CCCCC=CCC=C=C
380,399,N1CC#CCC=CC=C1
381,400,C1CCN=NCCC1[NH1]OCCCCN
382,401,C1C=NC=CC=CCCN=C1
383,402,C=C=CC=CONCl
384,403,N12COCC1CCCC=C2
385,404,NOCCNCCC=CCC=CCC=C
386,405,N=CCl
387,406,C(C)(CCCOCC(=O)F)NCCCCN=N
388,407,NC=CNCC=C1CC1
389,408,OCCC=CCF
390,409,C=COCCCNOC=CCCC#C
391,410,CCC=CCCOCCCC=O
392,411,C=C=CC=O
393,412,ON=CNCCC(C)=CNCl
394,413,CC(C)CCCCC
395,414,C12=CC2N1F
396,415,OC1C=CCCC(N)CN1O
397,416,CC(C)=CC(C)COC1=CC(C)NC1
398,417,CCN1C(C)(OCCC)CN1C=CC#C
399,418,O1C(CC=CCC[NH1]C=C1NC=N)=C=[NH1]
400,419,C=CCC=NN(O)C=CCC=O
401,420,CCC=CCCC1CC1=C
402,421,CCC(=O)C=CNCCl
403,422,CCCCCCC(=C)C=O
404,423,COCC(C)=O
405,424,C1CNCN(C)CCOCC=C1N=C
406,425,CC(C)CNC=C(CCC)CC
407,426,NC(CPCCC)C=C(C)CCl
408,427,N=CC=CCCCCC[NH1]C=CF
409,428,CC1(CCl)C(C1=CC=C=O)CN=O
410,429,C1C=CC=CC(C)CC1(C)NC=S2C=C=CCC2
411,430,C=NC(C)C(NCCCl)NF
412,431,O1C=CC(=O)C1C=CCNCCC
413,432,C(CCO)=C=CCC=O
414,433,NCC=CC=CCF
415,434,C=COCCC(C)CCCNCBr
416,435,OCN=CCCSOCCl
417,436,CON1SC=NC=CC(C)CCC1
418,437,NCC[NH1]C=COS
419,438,OC=CC=CC=O
420,440,CC(C)(NC=CNC#CC1)O1
421,441,CNCCOC(C)CCC=C1OC1
422,442,CNC[SH1]NCCBr
423,443,NC=CP=CC=CCOOF
424,444,OCCC=C=[SH1]N=O
425,445,C1OOC1C(C)=CC
426,446,CC=C(N)CCCC=CC=O
427,447,C=CC=C(C)CC=CC=CCC=O
428,448,C(N)CC=O
429,449,CC=CC=CC#CC
430,450,CCC=C=CCC(C1)=N1
431,451,CNCC(C=O)=C=O
432,452,CNCC=CC=CF
433,453,C=NCC=C(C)CCCN=CCNC=CCCCC
434,454,CCCC=NCNCN
435,455,NON=O
436,456,CCCC=CC=CC
437,457,CO[NH1]CCCCC=CN=O
438,458,OCCPC=CC#CC=CC=CCC(C)CCO
439,459,C1OC=CCC=CC1Cl
440,460,COCCC#N
441,461,OCCCCCC=C(C)COOCC
442,462,N=CC=CS
443,463,C=NCCCC=O
444,464,CCC=CCCCCCNC=SC=O
445,465,CCOCl
446,466,N=CNOC=CCOCN
447,467,C12C=C1NC2CCCC=CCN=O
448,468,CN(C=CN)N(CC=SCCC)CCCC=CN
449,470,CC=S=CC=NF
450,471,OCCONC(C)=CCC=O
451,472,CCC=CC=CN=NCCl
452,474,CCC(C1CC2CC(C)C23)C=CCC3C1[NH1]COCl
453,475,C=CCC=NCN=NC=O
454,476,O=O
455,477,N=CCCC=C=O
456,478,CCC(S)=CC=CCOF
457,479,CC=C1C(=O)CN1CC=C=O
458,480,C1=CCOCCCCC=C1
459,481,CCCC=CCCCCl
460,482,CCCCCC=CCC(O)C=C
461,483,CCCCNCC=O
462,484,CCSCCF
463,485,NC=CCCCl
464,486,COSC(N)CC(N)C=C
465,487,C#CCC=CCOCCC1=CONC1O
466,488,C1CCCC1C=N
467,489,CCCCC=CCC=C(C)C(C)CC1SN1S
468,490,CCOCCC=CCC#C
469,491,C1(C)NCCC=CCC1O
470,492,O
471,493,OCCC=CC=O
472,494,CCSCC=C(C)OCC=O
473,495,CNC(C)=C
474,496,CCCC=NCCCOCOCOC
475,497,C=CNCCl
476,498,CCC=C(C)C(NC)N=C(N)CN=C=CC
477,499,OC(C)ONNOCC=CC=CC=CCN
478,500,C1=C(C(=C2)C2=NCO)[PH1]1=N
479,501,NCC=CCC(C1)C1
480,502,CCC1CC=CC=CCN1
481,503,C1OCC=C=NC=CC1C(C)=O
482,505,C1C=CCCC1N2C=C2C
483,506,CCCl
484,507,C1CNN=CN1C=CCCCC#C
485,508,O=CCCC=CCCCC(=C)CC=O
486,509,CCONCl
487,510,ONCCC=C1ON1C
488,511,NCCC=CCC=CCCNCC=C
489,512,CCC=C=CCCC(N1)C1Br
490,514,CNCC(C)C(N)=O
491,515,O(C=CCNC=O)CCCCO
492,516,CCCSCN=C=O
493,517,C1=2C=C1N=2
494,518,NCN1CC1
495,519,C#CCSOC=CC1CC1
496,520,CC=NCCNCCOPCNC
497,521,C1CCCCCC1C=CN
498,522,CC(=C)NCN(C)CCC#C
499,523,C=CC=CCCCC(C)CCCC=C=C
500,524,NCSC(C)=CCOSCO
501,525,OC(CC1C23CI)CC21CC=C3
502,527,C=C=NNC=CNC=NC=C
503,528,C1CCC=NOCCC1C=CCC=NCl
504,529,OC=CCCl
505,530,C(N)C=CC=O
506,531,N1CC=C1C=C=CC=CC=O
507,532,N[NH1]C=C1C(C)CC=COC=C1
508,533,NC=C=C=C=NC=CC1NC1
509,534,CCC=CC=COO
510,535,N=C=S=NCC
511,536,O1CC=CC=C1C2=CCS2
512,537,NCC=CCC(C)=O
513,538,CSCNC1OOCOCC([NH1])CCNCC1=N
514,539,C1N=CS(C1)COC=CC
515,540,C(SC=O)N
516,541,NCC(N)CC(C)=NC=O
517,542,CN(CC)CC1NNC=CC1CCCF
518,543,O1CC(=C)N=C(O)C1
519,544,OCCOC
520,545,CC1CCC=C[NH1]CCCOC=CCC1
521,546,CCCC(CC(OC=C)CC)C=NCCC=N
522,547,C[NH1]C=O
523,548,CCC=CN(C=C(N)C1NCC=C)S(=C)CC1
524,550,CC=CC=O
525,551,C=CC(CC=C=C=NCN=CO)=SC
526,552,CS=CC=CCCC(C)CC=O
527,553,COSCNC=CC(C)C=CC=NC
528,554,CCCC=CCOCNSCOCC=O
529,555,C12CC1(C)NCCO2
530,556,O(CCCOCN=C=C(C1)C)N1C=C
531,557,OCCN=O
532,558,OCCCC(C)CC(=C)[SH1]=N
533,559,CNC=CC=O
534,560,COC(O)(C)CC=O
535,561,CCC=CCCCC=C=O
536,562,C1OCC1=CC2CC2=C
537,563,OC=CCCC=CCF
538,564,CCC=NCC=NCCCC=O
539,565,NCCNC=CC=CCBr
540,566,C=NCC1CC(C)N1CC2=CC2
541,567,C1NC=NC1CSC=CC#C
542,568,N1CCNCO1
543,569,C1C(C)S1(C)C=CCl
544,570,CCN1C#C1
545,571,OCCCC=CCC=C=C=CC=C=C
546,572,BrCC#C
547,573,C12=CC=CC1C=PCC=C2
548,574,C#CCN=C=CNBr
549,575,CC#N
550,576,CN=C=CC=CONCCl
551,577,C1CCS(CO)CC(C)=C1N
552,578,NC=C=CC=O
553,579,CCCC=C=CC(O)CC(NC=O)=NONS(O)=C
554,580,C1CCCC(C)=C[NH1]C1C2COO2
555,582,O1NC=NCCCOC=NOC1
556,583,O=COCCCCC#CNC
557,584,OCCCNOCCCOC=CCCCN
558,586,CN=COC(C)CCCCC=O
559,587,N1=CCC(O)(C)N(C)C=C1OC
560,588,CN(C)OC=CNC(C)C=O
561,589,OCC(C)NC[NH1]CCCC1CN1
562,590,CCC=NC1=C(O)CC=C1CCl
563,591,OC(=C)CCC=CCC
564,592,CC=COCCNCCNI
565,593,NCCC=CCCCCCN
566,594,C1NSCC=C=CC1C=O
567,595,C=NC
568,596,C=C=CN1CNN2C1COCCO2
569,597,C1CCNCNN=C1O
570,598,OCCCCCC=C
571,599,CC(N)=O
572,600,CN(O1)C=CC=C1C#CO
573,601,N1OC(C)CC1(CC2)C2OOCC=C=N
574,602,O=CC=C(COC(CS=CCl)=C)C(C)O
575,604,CC=NCSC=CCCl
576,605,COCCCCOC#C
577,606,OC=CCNC(C)=C
578,607,C=CS(N)C=C=COOC=O
579,608,OOCOC=C(C(C)=O)NNCCCC=C
580,609,C=CC(CC)CC=C(C)NOC#N
581,610,CCCCCC=CC=O
582,611,COCC(NCC)C=CCC(O)CNC=NOO
583,612,CCC(C)CCC
584,613,CC=CC(C)CC(C)=O
585,614,CC(CCC[NH1]C)=CCCC=C=C
586,615,COC(N=C=CC=CCC)CC=CC=CCOC
587,616,O=CNN=O
588,617,CC1C2=CCCC2COCN=CC[NH1]1
589,618,C1CNCC=C(F)C1O
590,619,FCN=CCCOC=CNC=O
591,620,CC=CCOCN=C
592,621,NCNCCCl
593,622,C1CNC=NCCC=C=CS1C(C2)=C2
594,623,CCCOC=CC=CC
595,624,ONC=CC=CC=C(CC)F
596,625,C=C(CCCC(F)(C)CC=C)CCC
597,626,NCF
598,627,C1C(C)CCCC=C1CCCCCC=O
599,628,CCC#CCCCNC=CC=CCF
600,629,OCCC(C=NCC)=CSC=NON=C
601,631,CCCC(C)C=C(CC(N)CSC=C)C=CCN(C)C=NN=C
602,632,CCC(N)OCCC(C)C(C)CC1SC1
603,633,CC=CC(C)Cl
604,634,NC=C=CN=C=CC
605,635,OCNC=NCC=O
606,636,CCCCNC(C)CCF
607,637,CC=CCOCOC1C=CC=C1NCN=CCOC=N
608,638,C=CCCC=COC[NH1]CCCC=CC=C
609,639,CC(C)C=CNC=O
610,640,CC=CCC=C=CC=CC#CC
611,641,C=C=CN(C=C=C=C1)C1
612,642,C=CCNC=NNC(S=N)C
613,643,C1OC=CCCC=NC1(N)NC=CC=C
614,644,N=N
615,645,CC1C=C(C)CCCCCCCNC1(C2)O2
616,646,CNCCCOCBr
617,647,COC(C)=O
618,648,OCCCBr
619,649,CNCOC(O)=CCC(C=O)Cl
620,650,O1C(NCCC=NSC)=C1
621,651,C=CCOC(C)CC=C=CN=N
622,652,OCCCNC=CCCCCCC=C
623,653,CCCCOC=CC=O
624,654,CC(C)CC=CCC=NC#C
625,655,C(O1)(N)(CCCN)CNCCCCN1N
626,656,CC(CCC=CO)OCF
627,657,C=C(O)C(C=NC1[NH1]C)[NH1]C(C)SCCCC1O
628,658,CN=C=CCC=C
629,659,COC=C1OC(C)C=C1
630,660,OCC1OC=CCC1=C(C)C=CC#N
631,661,CC(C)ON1C(C)C=C1
632,663,FOC=CC=CC=C
633,664,CCCPCC(=O)Cl
634,665,CCCCNCCC
635,666,CC(=C)CCCC(C1)CC1
636,667,CC=CCCCC=CBr
637,668,CCC(CCCC=NCS(=C)C=COC)OC=C
638,669,CCCC1=CC1S
639,670,C=CC=CCCOC(C)SCC=C
640,671,C1CC(N)CC(C)C1CCNCCN=C
641,672,OBr
642,673,C1CCC=CC=CCCC=CC#C1
643,674,CCC=CC=NCNC=CC(C)C=CC=O
644,675,C=CC(C)SCNC=CCC=C
645,676,O1NCC1
646,677,NC=C[SH1]NC=CC
647,678,C12CC=C3CCCC1C=C23
648,679,O(N)C=CCOC=NC1CC1
649,680,NOC=NCCCCCCCOCCBr
650,681,N1C(C)C=C1CC=O
651,682,C(C=CC=C=C1CC1)=N
652,683,NCN=[SH1]OC=O
653,684,CCCCCC#CCCC=NCCCCC=C
654,686,C1=COC1
655,687,O1CSC#C1
656,688,C1NCNCC=CC=CCO1
657,689,C(C=C)CCCCCOCOCCN
658,690,C=NCCCCC=C(C)C(C1)S1
659,691,ONC(C1)(C1O)C=CC=CCOC
660,692,CC=CC(NCCC=CC=CC=NCO)NCSC=CCN=N
661,693,C1CCCCCN(C)COC1
662,694,CCON=CC=C(C=NSC)CC=CN=O
663,695,C1=CCO1
664,696,ON(O)NCNCC=CF
665,697,CCN1CC1C
666,698,NCOCNCCC(C)CC=C
667,699,C=NOC=C=CC1=CNC=CC=C1
668,701,C=CC=C1CCC=C(C)CC(C)OCON1
669,702,NCC(NCNCO)C=NCS1=NCC=NO1
670,703,OC=C=SC=C=C=COC=CC=CCO
671,704,CCCC(CSCl)C(S)Cl
672,705,CC(C)NNCC(C)COOCC=NO
673,706,CC(O)C1CCOC=C1COOC2CC2
674,707,C12CC3=C(C)C1CC=C(C2=CC)O3
675,708,NNCCONC=CCCC=CC=O
676,709,C=CC(NNCCC)CCCCNCOC=CO
677,710,CNC(C)OCCCC=O
678,711,CC(O)C=CC=CCC=CN
679,712,C=C=CC=CC=O
680,713,CCCCCC(N=COC)N=O
681,714,C=COCOCCC=CC=CC1(CC1)CC=C=O
682,715,C1C(C2)C2=NC3OC3C1C=O
683,716,C1C(C)CCCC(C)CC=C1
684,718,CCNNCCCCCNCN(N)N1CCCCC=C1
685,719,COCNCF
686,721,O=CNCOC=CC(C)C=C=O
687,723,COCC(C=CC=C)NNC=O
688,724,CCC=CC=O
689,725,N=CCN(CC=C=COC1N=CC)OCCONCO1
690,726,N1CCCCCCSN1
691,727,S1COCNC1CC=O
692,728,C=CCCN=O
693,729,OCCOC=C
694,730,CC(CC1PC=CCN1O)=C
695,731,CCC(O)=O
696,732,NCCCCC1CC1Br
697,733,NCC(C)N1NC=NC[NH1]1
698,734,C1CCC=CC=CCNC=C1
699,735,N1=C=C(C)C1(C)CC(C)C
700,736,CC=NC(C)CC(C=C)CC=CCl
701,737,C1CC2C(C)N=C3C2C31
702,739,O=CCNCC=O
703,740,OCNOCCNCNC
704,741,CC(N)C=CCC[PH1]CC=CCS
705,742,CC#CCNOOO
706,743,CC=CC=C
707,744,O=CNNCCCC=CN=O
708,745,C(C)CC=O
709,746,C(N)(C)CCC#CCC=C
710,747,NC1=CCOC(=C)C=N1
711,748,COC=CONCCC(C)=CCCl
712,749,C1CC(S)C(ON=C)NC1(C)C(=C)O
713,750,OF
714,751,C1=COCNCCCC1C=C=O
715,752,COCC=CCOCNC=C=NC=CCC=O
716,753,C=1(N)CN=1
717,754,C1CCNCOCOO1
718,755,CCCCCF
719,756,OC=C=C1CC(N)C=NC1C
720,757,OC=NCC=CCCC=O
721,758,CNCNCC=O
722,759,COCCl
723,760,N1N(CNC1C=C=C=O)O
724,761,OCNCNC=C(C)C=CO
725,762,S(C)(O)C(=N)CN
726,763,C12OC=C(O)N=C=C1N2C
727,764,O(C)C(C)C(C1)C=NCCNC=C1
728,765,NOCCNCC=CN[NH1]C(C)N(C)C=C
729,766,NNC=CC=CCN1C=NCC(CC)C1
730,767,NC=CCC(C)(N)CCC=NCO
731,769,CC=CC
732,771,BrCN(C)CCNCCC
733,772,C=C(C)CN[NH1]CCCNCNCCl
734,773,C=C=C(S1)C2CCCCC21
735,774,C(C)NOC(=C)C#CC1=C=SCC=C1
736,775,NCCC=O
737,776,CCCC=CI
738,777,CNNCCC(C1)C=CCCCONNC1CC=O
739,778,COCl
740,779,CC=CCS(C)=O
741,780,CCSCOCCC=CC=CC(C1)N1
742,781,O=C=O
743,782,CS1=C(C)C[NH1]CCOC=C=N1
744,783,C#1C(C#1)C(C)N=CC
745,784,COC=CC=C=C=O
746,785,O=C(C)C(=C1)C1=NN=O
747,786,CNC(C1)=CCC=CCCC[NH1]1
748,787,C1C=CCC=NCCCC=N1
749,788,CCC(C)=O
750,789,C=C1N2CNC(C)C2C1
751,790,C1CCCCC(=C)C=PCCN1NC=C
752,791,NCC=CBr
753,792,CNCCN
754,793,C=C=NCCC=NOS1CC1
755,794,CCCC(CN)=NCC=CCl
756,795,C=CCl
757,796,COC(C1=O)C=CCCCCC1
758,797,CC=CNN(NCNC)OC=CCCCC=CCCCl
759,798,CCCCNCC(C)=CCCOCCCSCC=O
760,799,OCCCC1C(C=CCOC)=CC=N1
761,801,N=CC=CC=C=CNC=O
762,802,[NH1]=CC=CN(C)C=C[NH1]C(C)=CO[NH1]
763,803,CN
764,804,C1=NC1
765,805,C1(C=CO)(CCF)ONC=CCCCN=C1F
766,806,C=CCC=C(C)C(O)(C)C=CCCC#CN
767,808,CNCCC=CCSCN=N
768,809,N=C=O
769,810,ON=O
770,811,O1C(OCC=C)=S1C=C
771,812,COCCC(C)(C)CCCCC=O
772,813,CCCCCCC[NH1]CC
773,814,NCCF
774,815,CCC(CCCC)=C
775,816,CCCCOF
776,817,COOC=C1CCC=N1
777,818,N=CCC=O
778,819,C=CCC=COCC(C)CC=CCC#C
779,820,N1=CCC(C)C2NC1OC=C2CN
780,821,N=CCC
781,822,CSN(CCl)OCN=C
782,823,CCCC(=C)C=C=O
783,824,CCOCCSC#CCCOC=O
784,825,C=CCN=CCl
785,826,C1(C)=CCOC2CCNC2(C)CC1CCC
786,827,NC(C1)(CNSC=CI)C=C1
787,828,COC(CNC=C=C=NNCC=C)C=O
788,829,NC(C)(Cl)C=O
789,830,CCC(C(C)(COCCC)CC=C)C=O
790,831,CCC(C)(C=O)C=C
791,832,N=C(C)CNCC=O
792,833,C(C(C)CC=O)PCN=N
793,834,C(CCCCONCCCC)=C
794,835,OCCCCCF
795,836,OC=NCCCCCC=CC
796,837,CNCCCCCl
797,838,COCCC=CCOOC=CC=COSON
798,839,C1C(OC=O)C=C1[NH1]O
799,840,NN(C)S=CC=NC=C(NC#C)N
800,841,C1NCCCCCC1=CC=O
801,842,COCCCC=CC=O
802,843,C12=CC(=O)COC1N2CC=CC=NNN3CCCCCN3
803,844,C=CCCCCC=O
804,845,OC=CCNC=O
805,847,CCCNOCCCC=C=CCOOC
806,848,C=CCCCSC(C)C=S
807,849,CCCCNCl
808,850,C1=NCCNNCC=CO1
809,851,OCCC(S)C=COC=O
810,852,O1CCCOOCC=NC1
811,854,NCCC#SNNCO
812,855,NNCl
813,856,CNC=CCSC=CC(C)C=O
814,857,C=CC=CF
815,858,P=CN(C=1)C=1NCNCCCON=O
816,859,CCCCOCCCCC=C
817,860,C(C)CCC[NH1]CCCC=O
818,861,CCNSCNC=C=O
819,863,C#CCCCCC=O
820,864,C1OC=SC=C(C)C1
821,865,CNCCC
822,866,BrC[NH1]N(CCS)C#CC(C)=O
823,867,OC=C=O
824,868,N1=CCOC=CCNC1
825,869,CCCC(OCCC=CNCC1=O)C1
826,870,CCCC=CSCCNCC#N
827,871,NC=CC=C=CC(C)C(Cl)C=CCC
828,872,C1=CC=C1CCNC=O
829,873,OC=C=C(C=C=CBr)CC
830,874,CNBr
831,875,C1(C=CC1)=NN
832,876,CC=CCC1C(CC=O)C(C)CC1
833,877,C=C(CC#CCN=CO)CCC
834,878,OOC(COCO)C(C)(C1)S1
835,879,CC1C(CC=C=NC)COC=CC1O[NH1]
836,881,CCC(C)=C=O
837,882,C=CCCC=CCCCNNON
838,883,CC=CNC=CCNCC
839,884,C(=O)C=CCNOC(O)CC=CCCl
840,886,C1CCCCCC1O
841,887,CCC(C)NOCC(C)=O
842,888,CCCCCC=CC(C)CC#C
843,890,OCOC#CC(O)NOCI
844,891,COCCCCC=O
845,892,CC=CCN=CCCC(C)F
846,894,CCCC=CNCC=CC=CCCC1NC1
847,895,CCCOCNC=O
848,896,CCC=C1C2S=CCC=C2C=CCC1
849,897,CNCCCF
850,898,OOC=CCCNC=C=C
851,899,CCOCCONC=O
852,900,CCNC=C(CCC=O)NCCCC=O
853,901,CC(C=CC=C)(C=C)CC=C(C)NO
854,902,C1CCCCC=CC1(C)N
855,903,CC=CC(C)C=O
856,904,CCOCCNC=CCCC=C
857,905,C1OC=C1C=O
858,906,C1=C2CSCCC12
859,907,C=C=CCCC=CCC=O
860,909,CC=C=CCl
861,910,CCCCNC=CC(C)=CNOC=NN(C=O)C=O
862,911,CC1CC(S)CCC(C)=C1
863,912,CC(C)C=CCC=CCC=O
864,913,OCNCOCCC(=NC)COP
865,914,C=CC1C=C1
866,915,NCC(C=CNCC=CC=CC)=C=C
867,916,CC(C)OC(C)CCC=O
868,917,CC(C)N=C=CCC1CC=C=CCO1
869,918,COCCC=O
870,919,C1C=NCCC=C1
871,920,CC=C(O1)C1C=C
872,921,CNCC#CC(C)COCOCC=CCNOC
873,922,CCCC(CNCC)(C)NC(CC1)C1
874,923,C=CC=O
875,924,C(=C)CC=O
876,926,C=NNCCOC=C=CCCC1NC=CC1
877,927,CCCCCl
878,928,CSCCNBr
879,929,OCCC=CCBr
880,930,OC(N)CC=CCOC=C[NH1]N=C
881,931,O=CCCNI
882,932,O1CNCCC=C1C=CCl
883,933,CNCCC=O
884,934,NNOC=CC=C=CC1CN1
885,935,C=C=O
886,936,CCN=O
887,937,NCOCNOCl
888,938,C(CCCNC)(C=O)C
889,939,NCCC=CC=O
890,941,C=NCC=NCC(N)CCCCl
891,942,CCC(C)CCNC(=C)OC=CC=O
892,943,C12OC1COCS=C=C2O
893,944,C=CCCCNC=CC=C=C
894,945,CCC=C=CC=C(C(C1)CN=C)NNC1C
895,946,CCCC=CC=O
896,947,CCC=CCCC#CCCC=O
897,948,NC=CNOCN=CCCSC=O
898,949,C(C)NC=CCC1C=CCCC1
899,951,CCCC=CCC=CCC
900,952,COC=CCOC=C1CCCCC1C
901,954,CCCC(C)(C)CF
902,955,NC(Cl)C
903,957,CCCOC(C)C=CNCCC=CCNOC=O
904,959,CC=CC=CCC=C
905,960,ONOCOC=CCOCCC=NCCC1=NC1
906,961,C1CC2=CCOC2(C)O1
907,962,O1CCO1
908,963,CCNCCN=CN1C(C)C(=CC1)O[NH1]C=CCCN=O
909,964,CCCC(C)(C)CCCOC1CNC2N1C2NCl
910,965,CC=C1CC(=C2)C2CCC=C=C=C1
911,966,C(C=CCC)=SC=NCONN1CN1
912,967,CC=C(NCCNCC)CC=C(C)C[NH1]C
913,968,C(C)C
914,969,CC[NH1]Cl
915,970,OCCC
916,971,NCCS=CCl
917,972,N=CC=C(CC)CCSOC=C=O
918,973,OC=CNOCN=CCC=O
919,974,C(C)(S)CCC=CCC=C=CCC=C1CC1
920,975,FC(C)CCC=CSC=C=C
921,976,CC=C=NC
922,977,CC=NCCC=CCOCC1CCCC1=O
923,978,CON=C=O
924,979,CCCCC=CCNC=C=C=CCCSCI
925,980,OC=CCCCC=CC
926,981,C=COC=C=CC=CC
927,982,O(C)C=CSCCCS
928,983,C1NCOC=CC=C1CC=C=C
929,984,CF
930,985,C=COC=O
931,987,CCC=CCC=C[NH1]CNCN=O
932,988,O=CC=COCOC(=CBr)C=C
933,989,OCONC(C)CC=CC#CC
934,990,CNCNC=C(N)S(C)CCOCBr
935,992,C=CONC=CSCC1CC1
936,993,CCNCN=O
937,994,CCCCN(C)C=O
938,995,C(=C=O)C=C1CN1
939,996,CCCC(C)C(C)CC=NC
940,997,NNCCCCNCNN1NC1
941,999,BrCC1CC=C=C(C)C1
942,1000,CCNCC=CCCCN=CNN=CON
943,1001,C=CCCC(C)C=O
944,1002,CCCCCC=C=CC(C)=CC=NCCC
945,1003,CC=NCCCCC=C=O
946,1004,C1ONCC1C=O
947,1005,CNCON(C(C)=C)C=O
948,1006,CNNC=C=NCCC=NCC=C=S
949,1007,CCCCCOC=CC=C=NCN
950,1008,OC(=CS=O)OC1C=C1
951,1009,CC=COCC#CCOC
952,1010,C=CN=C=CCCC(C)=COC
953,1011,C=CF
954,1012,C=CC=CC=CC(C)C#N
955,1013,CCCCN1COCCC=CC(C)C=C1
956,1014,CN(NN(C)CF)C=CC=N
957,1015,C=C=CC(C)CCNC(NCCl)C
958,1016,CCC=CN=CCC=O
959,1017,CCC(C)OOC=CCCl
960,1018,CNCC(OC=CS)CC=O
961,1020,C(CCCNCC=CC=CCC)=CC#N
962,1021,C(=C)CC=NOCC=CC=CC=C=O
963,1022,O1NCCC1CCl
964,1023,C(C)CCCOCC=C1C=C1CCC#C
965,1024,C=NNS(C)=C(O)CC=O
966,1025,ONCCCC(CC=C=O)CC#N
967,1026,CCNCl
968,1027,OC=CC(CCN1C)C=CCCCCO1
969,1028,CC=CCC(CCC)C(C)CC
970,1029,CCCOCCCCCC=O
971,1030,NCCOC=S(SCC1C=CC=CC)=CCN=C1
972,1031,C(C)(C=C=C=NC=C1)N=C1
973,1033,C=C=NC
974,1034,CCN(CNC)N=CC=COCCCC=CC=CCC(C)C
975,1035,C1C=C1C=O
976,1036,O1CC1(CC=O)NC=CCOCNCNC=CCC#CNC
977,1037,C=1CNCC=C=1
978,1038,CCCNC(C1)C=C(C)C=C=C1
979,1039,CC(=O)C=O
980,1041,C1N=CCC(N(C)C1)N
981,1042,C=CCCCCC(CF)C=CCCN=N
982,1043,COCCCC=NCCN=CCCCC=CC=O
983,1044,CC=C(C)NC(=O)OCOC=C
984,1045,CC=CCONCNC=C
985,1046,C=CCCCCC=CCN=C(C)CCCSC=O
986,1047,NOC=C(C)CCOC=O
987,1048,N=NCC(COCC1C)CCC1C
988,1049,N1CNCCCCCCCC1
989,1050,ON=C(C=CC)CF
990,1051,CN=CCF
991,1052,CC=CCNC=C(C)C
992,1053,C=CCS(CCC=CC)=CNC=CCC=C=CN
993,1054,C1CC=CN=C[NH1]1
994,1055,OC=C
995,1056,OC=CCF
996,1057,NC(COCNNOCC=N)C=CCOCC=C
997,1058,O=CCCCC[NH1]C=O
998,1059,O1CCC2C1C2[NH1]
999,1060,C1COCC=NCC1
1000,1061,CC=CCCCC(=N)C=CC
1001,1062,CC#CNCCOC=CCNC=CN=C
1002,1063,CNCCCCCC(Cl)CS
1003,1064,C1CCC2=CCOC=CC1ON=C=C=C2
1004,1065,CCC=CCCNC=O
1005,1066,O1CCC(O2)C2CC=C1
1006,1067,CC(=C=CBr)O
1007,1068,CCCOCCC=CCC=CC=CCCl
1008,1069,OCNC(=C)C=C(N)C=O
1009,1070,CC=CC=C(C)OCCCC=CN=C=C
1010,1071,C=C(C)C=CC(N)C=C
1011,1072,C=CC=CCl
1012,1073,CNNC=C=O
1013,1074,C1=C(S)C=CC(CC=O)C=C1
1014,1075,C=CN=C(C=O)C=C
1015,1076,O=C(C=NCC[NH1]OCCCC)C1C[NH1]1
1016,1077,CNCNCCCN[NH1]N1CO1
1017,1078,OCON1C=CC=CC=C=C(C)OC1
1018,1080,ONCC=C1C=CCC(C)=CC=CCC=C1
1019,1081,O=C1C#SC=C(CC)NONO1
1020,1082,CCSCOC
1021,1083,C=CCC=CC=CC=CCC1CC1
1022,1084,OCCCCC=CCC=CC=C=O
1023,1085,CNCl
1024,1086,CCOC=CCC(C)CCCC1=CC1
1025,1087,C=CC(COCC1NCOC1O)C
1026,1088,O1CC=CN(O)N1C
1027,1089,NC[NH1]CC(C)=CCCCNOCBr
1028,1090,C1CCCCCCCC=CC1=N
1029,1091,NC(O)CCNC=O
1030,1092,CC(N)(N)CC(CPCC=CCC=NBr)N1CC1
1031,1093,C=1C(C)CC=CC=1
1032,1094,CNC=C=CCCl
1033,1095,OCOC(N)=CC=C1CC=CC=C1F
1034,1097,CN=O
1035,1100,C=C=CCN=C(CC#C)CF
1036,1101,C(P)NCCCNCC(O)CCCC(C1)C1
1037,1102,C=NC(O)(C1OOCO)C=SCCC1
1038,1103,CC=C(C)C1=CC=NC=C=CCC1
1039,1104,CC(O)C=C=CC#CCNC=O
1040,1105,CCCC(C)=NN=CC=COCOP=C
1041,1106,CCCCCC=CCC(C)C=C=O
1042,1107,CC(C)CCC=CCCN=C=C(N)N
1043,1108,NCCCN(OOO)C=CCN(C1)C1
1044,1109,NC1C=NCCNOC=CNN1
1045,1110,C=C=C=CCCCC=O
1046,1112,O=CN
1047,1113,COC(NCC=O)=C
1048,1114,OCC=NC=NC
1049,1115,CC(C)(C)NC=C1CN1
1050,1116,CCOCNC=NOCC(C)C
1051,1117,CC(C)=C=CCC=NC=N[NH1]C=CO
1052,1118,O=CCC#CC=O
1053,1119,C1C(=O)C=S1=S
1054,1120,NCC=NNCC(C)C=C
1055,1122,CCCCOCONC1C(C)C=CN1
1056,1124,O=C(N)N=O
1057,1125,O1C=C1Br
1058,1126,CCCCON1CC2OC2C1=N
1059,1127,O=CCCC(C=CC=O)SC=O
1060,1128,OCSNNCN=NCCC=O
1061,1129,C(=CF)O
1062,1130,CCCC(C)C=O
1063,1131,CCC=CCC(C)=CN(C)C=CCC=CCSCN
1064,1132,OONCC
1065,1133,CC=C1C#CCCC1C2=CC2=N
1066,1134,C=C=COCCCl
1067,1135,ClC=COCSCNNCC=O
1068,1136,OC=CC=CCCF
1069,1137,ClCCOC=O
1070,1138,CCNN=CCN=CC1=C=C=CC1
1071,1139,C=CCC=CONCONCC1=CC1
1072,1140,C=CCC=CCC=CCCCl
1073,1141,OC=COOCC=CC=CCC
1074,1142,C1=CC=C=C=CCOC2CC2C=C1
1075,1143,CCC=CCCCCNCCC=CBr
1076,1144,O1NC=NCC=CCCC(=O)CC1O
1077,1145,C=CCOCC=CCC=C(O)CN=N
1078,1146,OCS=CCNCC1C=S1=N
1079,1147,N1C=CC1(CCNOC)NCl
1080,1148,CCCN=NC#N
1081,1149,CCCC(C)CNC=COCI
1082,1150,C1C2=C=NC=NCCCC1CN=C2CP
1083,1151,C=NC(N)COOCNCCN1C=C1
1084,1152,NC(C)CNCC=NC
1085,1153,N1NC(C)CSC1=CN2CS2
1086,1154,CCCCCCOCN=O
1087,1155,C=CC=CC=O
1088,1156,O1C=C(C)CC#C1
1089,1157,C1CO1
1090,1158,CON=O
1091,1160,C1=CS=CCCCCC=C1N
1092,1161,O1CCC(C)CC1C(N)CO
1093,1162,OC=CCCC=C=NC=O
1094,1163,O1C=CCCO1
1095,1164,C1=C2CN=CCN2NCCC1
1096,1165,CC=COC(N)COCl
1097,1166,C=C(C)C=O
1098,1167,NCOCCC(N)=CC1=C=C1
1099,1168,CCCC(CCC=CCNCN=CCl)C
1100,1169,CCCCCC=CCCC(O)=O
1101,1170,NCNC(C)(C1)N1
1102,1171,C=C=CC=CCCCF
1103,1172,CCC1C=CC=C=C1C
1104,1173,NC(C)COC
1105,1174,CN=C=C=CNN=C(C=CC(O)N)[SH1]
1106,1175,NOCNOCCCC=CC=O
1107,1176,CCC=SCC1CSC=C1O
1108,1177,C=C=CCC[NH1]N=CC=C=N
1109,1178,CCC=C(C=C[NH1]C=C)SC=CC=CC=C=C
1110,1179,COOCCCCN
1111,1180,NOCNC(=C)C=NC(N)C=CC=O
1112,1181,CCC=NCC=NC(C)I
1113,1182,OC=CC=O
1114,1183,OCOCN(C)COC[NH1]C(C)OO
1115,1184,C=CCN=CCCCF
1116,1185,CCCCCCCC=NNCCF
1117,1186,C=C=COCC
1118,1187,CC=NC(OC)=COOF
1119,1188,OCCS=CNC=C=C
1120,1189,C1C(C=NC)C#C1
1121,1190,CCC1CC#CCN1C[NH1]CC
1122,1191,C1=C=C=CC1(CO)CCCC=O
1123,1192,CCCC1CSNC1Cl
1124,1194,C1CON(Cl)OCC=C1NSOOOC
1125,1195,C1N(CC=O)C=C=CC#C1
1126,1196,CSCCCCCCCOC
1127,1197,CCC=CC(C)CCC=O
1128,1198,CNC=C=O
1129,1199,C=CCCNCl
1130,1200,OCCCCN=C=C=C=O
1131,1201,BrCCC=CCN=C(C)C(C)C#CC
1132,1202,C1C2CC=CC=C2CC1
1133,1204,COCCCCCSC(C)(C)[SH1]1C=N1
1134,1205,OCC(C)=CNCNCC1=CC1OI
1135,1206,NCl
1136,1207,CC=C1CCCC(C1)CNCOO
1137,1208,COCC=C
1138,1209,C=CC=CSCN(C)COSCF
1139,1210,O=COCCCC=C
1140,1211,OCC=CC(O)CC#C
1141,1212,C(=O)CPC(C)CCN=C(C)C=CO
1142,1213,CC=CCC=O
1143,1215,O1COC2(S)SOCC21O
1144,1216,NC=CCCC=C(C=CC1)N1O
1145,1217,NNC=COCCC
1146,1218,C(C)CC(C)=COCC1=CO1
1147,1219,C=NCCCCCOC
1148,1220,CCCC1NCS(Cl)=C1Cl
1149,1221,OC(C(N=CCC)NCCC1)C1OC=N
1150,1222,CN1CNC(N)C=NC(N)C(C)C1CCCOOON
1151,1223,CCCC1OCCCC1(N)C=O
1152,1224,CC(NCC)C=CCN=O
1153,1225,CC(CC)CCO
1154,1227,C1CS1(CCCC)CC#CCC=C
1155,1228,CCC=C(C)C1=CC(=CC)CNC=C1
1156,1229,OCCC=NNNC=CC=CCCOC
1157,1230,CN(C1)C12CC2
1158,1231,CCNCCCCC=CCl
1159,1232,OCSCl
1160,1233,N=C=CCCNCC[NH1]O
1161,1234,C=CCC=CCCl
1162,1235,O=CC(=C)NCC=C
1163,1236,C(NC)CCC=C=C=CCl
1164,1237,NCCNCC=O
1165,1238,CCCOCCNN=O
1166,1239,CCNCC=CC=C=CNCCC=C
1167,1240,CCC=CCF
1168,1241,C1C2C3=CCNNC=CC1=C=CCC3C2C=O
1169,1242,OOCOCC(C)Br
1170,1243,NCC=CF
1171,1245,NC(CCCN(C)CC=C(C)C)C=C
1172,1246,NC=SC=CC=NCCC(C)CC=O
1173,1247,NC(C)C=CPC=C(C)C=CC1CC1
1174,1248,C=CCCCCCCCl
1175,1250,C1N=CCCCCNC=CC1C=N
1176,1251,CNCBr
1177,1252,CONCCCCC=C[NH1]C=CS#C
1178,1253,C1OCN=C1CCN=C=CCCC=CC=O
1179,1254,C1CCCCCC=CCCC1
1180,1255,NNCC=C=C=CC=CS=CC
1181,1256,COC#CC=CCC=O
1182,1257,C1=CCCCN(C)[NH1]1
1183,1258,NCCC(C)=C[NH1]CCCCC=O
1184,1259,CCCCCC=C=CCCl
1185,1261,NCOC(N)C=CCNN=N
1186,1262,NNC=C(NC=CC=C)OC=CC=CC=O
1187,1263,NCOC(C)=CCCCCCl
1188,1264,N(N)CC1=CC1=O
1189,1265,ON=CNC(C)N(C=O)C
1190,1266,CC=CN(C=O)S=C
1191,1267,NC(C)C=CC=COC=NC=CCCCN=CN=CN=C
1192,1268,CCOCSN=CC=C=O
1193,1269,CCC=CCCCCNC=CF
1194,1270,CONCCC1C(N2)PC1CCCON2
1195,1271,C1OCN1C=CC=NCCCCC=N
1196,1272,NC=CCC=C=C=NCOOCCC=CCC(=O)PC
1197,1273,C1CN=CCCC=CCC1
1198,1274,CCCOCCSC=C=O
1199,1275,CC=NCC1C=CC=C1CN=O
1200,1276,C=CCC=CC=O
1201,1277,COC(ONNSC=C=C=O)NF
1202,1278,CC=CCCNSOC
1203,1279,CCCNCC=CCC=C=C=N
1204,1280,CCC(CCCSC)(C)COOONN=NCC
1205,1281,C=CC(P)CCCOCC(C)C=O
1206,1282,CONBr
1207,1283,OCC=O
1208,1284,CSC=CNCCC=C(CCC)NCC=CNCl
1209,1285,CCC1=CNNC=CCC=CC=CC1N
1210,1286,CCCC(C(C1)C1C)CC
1211,1287,CCCCNSOOCOC
1212,1288,O=CCNCCCCCCCNC=O
1213,1289,CCNF
1214,1290,CCCS=CCC=CC(C=1)C=C=1
1215,1291,C(O)CNC=CCC=N
1216,1292,CCCC=C=C
1217,1293,CN=CC=CCCC1C=C1C
1218,1294,SCCCC1CC(C)CC1C=N
1219,1295,C1#CCC=C(C)CNC1(C)CN=O
1220,1296,CNCNCCC(N)C1CC1
1221,1297,O=CC[NH1]OCNC[SH1]=NI
1222,1298,CCCCC1S=CC2=C=C(C)C=C2C1
1223,1299,CCN1CCNC1(C)NC=C=O
1224,1300,OCOCNC=CCCC=N
1225,1302,CCCCCC=CC
1226,1303,CCCCCCCSC=CC=CC(CC1)OC1
1227,1304,C(O)OCl
1228,1305,C=NOCCC=O
1229,1307,N1CCCN1N=O
1230,1308,N(C)NCC=CC#CN=S=CO
1231,1309,NC(CNC1=CC=CCNC=N)=CO1
1232,1310,C=CCCC#N
1233,1311,CCC(C)=CC(C)COC=CNCCCS
1234,1313,CNN(O)CC(C=C[NH1]C)NCOC=CCC=CC=CC=C=C=C
1235,1314,C=CC=CI
1236,1316,CCC(C)C(N)=C(C)CCC=COO
1237,1317,CCCCCCCOCC(C)CC#C
1238,1318,COCCCCCCCNCC=CCCCC
1239,1319,C(CC=O)=NCC1CCO1
1240,1320,COCCCC=CC=CCC1NCCCC=C1
1241,1321,CC=CCOCOC1C=C1C
1242,1322,C(C)CC=CP(C)=NCOC#C
1243,1323,C1CCOC1CC(C)C=O
1244,1324,CN=CC=CSOC(N)C=O
1245,1325,C=CCOC=C=C=C
1246,1326,CCC=C(C)N=CS=O
1247,1328,C=C=C=O
1248,1329,NONC=CC=O
1249,1330,C=CCF
1250,1331,CCCCCONCCC(C1)N1N
1251,1332,NCCCCOC=C
1252,1333,C1CCCCC=C1O
1253,1334,C=COCC(C=O)(C1)O1
1254,1335,N=CC=CN=C(C)CC(C)N
1255,1336,C1N(CF)CC=CCCC1
1256,1339,ONSNC=C=C
1257,1340,NNC
1258,1341,CC=CC(CF)C
1259,1342,CNCNC=CCCNNC=CCC=CC=CON
1260,1343,OOCC(C)C[NH1][NH1]
1261,1344,C1ONCCCCCCOC=CC=C1
1262,1345,CCC=CN(Br)CC=C(COC1OC)C=C1C
1263,1346,CCCC=CC(C)CCNNC=C1COCC1I
1264,1347,CCSNCOCCC=CCl
1265,1348,CC=CCCOC(C)=NNOCO
1266,1349,CC(O)C=CCCC=CCOC=CC
1267,1351,NNC=NCC=O
1268,1352,CC(C)CCC=O
1269,1353,C=CCC=O
1270,1355,CCCCC(C)C=CCCCCNN(C)C=O
1271,1356,CNC=CC=CC=O
1272,1357,C(CC)(NCCCCC=O)N=CP
1273,1358,NCNCC=C=NSCCC=CCCI
1274,1359,BrNCCCNC=C
1275,1360,C1C2CO[PH1]=CC21CC=O
1276,1361,C(C)=CCC=CCC=CCBr
1277,1362,N=CC1CC=CN1C
1278,1363,CC(C)=NC=CCCC(=C)C=CCl
1279,1364,OCC(=C)CC=CCC=CC
1280,1365,CNCN=C=CC=COC=C
1281,1366,CC(N)=CCCCNC=O
1282,1367,NCOCCS=O
1283,1368,CCC=CC(C)=O
1284,1370,C=1OC=CC=1C[NH1]COC=C
1285,1371,CN1C(O)OCC=CC=C(C2)C21
1286,1373,OC(C[NH1]N(C)C=CCC)CC1CO1
1287,1375,COCC=CC=NCCCCCCCl
1288,1376,O=CNCOC=NCCC=CC=C=O
1289,1377,CCC=C(C=CCCCOC=CCCCN)OCBr
1290,1378,ON(N)NCCCOCCNC=NCCN
1291,1379,CC(C1C=CC)N(C)C=COCCOC1[NH1]I
1292,1380,CCNNCCNNCCC=O
1293,1381,OCC(O)CNCC=COC=CNOC#C
1294,1383,CCCCNCC(CC=NCOC=CCC=C1N)C=CCC1N=O
1295,1384,OOC=C(C)C=CC=C=C
1296,1386,C(C=CO)C(F)C=CC=C=O
1297,1387,CCCCCCCCl
1298,1388,CC=CCCNC=CNC1OCC2C=C2CC#CC1
1299,1389,CCCCCCCCCl
1300,1390,C1#COC1(C)CCC(=O)C[PH1]F
1301,1391,CCC=SCCCCC=CC(C1)CC1
1302,1392,CC(OCF)OC
1303,1394,C1COC1CC=CCCC(C)COOC
1304,1395,CCNN(C)C=O
1305,1396,CNC=NCCC=CCC=O
1306,1397,CCCCCCC=NC1=C=CN=CC1C=O
1307,1398,C(C)CC(O)C(C)CNCOC
1308,1399,CNCCC=CC(C)C(C)C=CC=C
1309,1400,C1CCCC#C1
1310,1401,C1=C(C)C=CCC1C
1311,1402,N1=CCN=N1
1312,1403,NC=CC=CC=O
1313,1404,CN(C)C=O
1314,1405,CC(O)C#CCSCCCC=CN=C
1315,1406,CNC1ON1C(=C)C=O
1316,1407,C1CCC(C)NCC=NCC(=C)C1O
1317,1408,CCCCCC(C)CCCN=C
1318,1409,CCCCC(Cl)C=COC=CC=CNC=CC
1319,1410,CN=CCNC=CC=CCCl
1320,1411,C1=CC1CCC=CC=O
1321,1412,CCCC(C=C)S(=C)O
1322,1413,C(C)=CS=CCCC(Cl)CC=CCCl
1323,1414,CCCCCC=C(C)NNC(O)NSC=O
1324,1416,C=CCCC=CCCC(OCC)C1C=NC=NOCSNOCC1O
1325,1417,NC=CCCCN(C)C1N=C1
1326,1419,CC=CC1CCCC=C(C2=O)CC1C=N2
1327,1420,O(C)CCCNCC=C=CCNCC=C
1328,1421,CCC(N)C#CC
1329,1422,C1C=C(CC1CNC=C)OC=C
1330,1423,C(NCl)C=C=C
1331,1424,N1=CC(OC1)CC=CCBr
1332,1425,C=CC=CCCCN=CCCNC=C
1333,1427,CCC=CC=NC=O
1334,1429,CCCCNC=C1CNOC=C1
1335,1430,NCSC=CCN=CCSC1NO1
1336,1431,OCOC=C
1337,1432,CC=CCC=CSCOCF
1338,1433,O1C=CCCCC1
1339,1434,CCSC=CN=C=CO
1340,1435,N1NC2=CCC(C)C2C=C1
1341,1436,O1CC2=CC#CCCC2O1
1342,1437,CCCC(C)CNNF
1343,1438,CN(C=NCN)CCF
1344,1439,NCC(C)(C)CCN(O)C1C=C1
1345,1440,CONCCCCCONC=C
1346,1441,COCCCC1=CCCC1C[NH1]OC
1347,1442,ClC=CCC=O
1348,1443,CCC=CCNCC1CC=COC1
1349,1444,OC=CS=1=CCNCCC=1CBr
1350,1445,CONCCNN(C)CC=O
1351,1446,CCNCCCOCOC=C
1352,1447,CC=NNC=CC(C)CCC=O
1353,1448,OCC(C)CCCC=N
1354,1449,C=C=NCNCCONCCN(C=O)NOC#C
1355,1450,FCCCCI
1356,1451,ONCC=O
1357,1452,OC(N)CN=CNC=O
1358,1453,CNCSN(C)NC=C(O)C=O
1359,1454,CCCCCC=NCNCOC=O
1360,1455,BrC=C=C(C)C=CCN[NH1]C(NCC=C=O)S=N
1361,1456,CCOC
1362,1457,C1COCCC1CC=CC=O
1363,1458,C=CCOCC(C=O)C(C)N(C)C=O
1364,1459,CCNCCCNCCSOCOCl
1365,1461,C(=C)=CC=C(Cl)I
1366,1462,COCOCCCC=C=O
1367,1463,OC=NCCC=O
1368,1464,C=CCC=CC(CCCC)=CCC=N
1369,1465,CNCCCCl
1370,1466,OC1=CC1(O)OCNCC2CC2
1371,1467,NC=C(N)CN=C1C=CNC=C1O
1372,1468,CCN=CCC1OC1CCCF
1373,1469,CC=C=COC=O
1374,1470,CCC=CCC#CCC=C
1375,1471,C=CCOCC=O
1376,1472,CCCCC(CC=CNONC=CCl)C
1377,1473,CCC=NC1CCCC(O)C=NCO1
1378,1474,CNCC=NC=O
1379,1475,CCC(C1)(C1=COCCC)CC=O
1380,1476,N=C=C=CNCBr
1381,1477,C=C=C=CC=CC1=CC=NCCCCC1
1382,1478,OC(C=C)C=C1CC1N
1383,1479,O1C(F)CCC=CC(N2)C12
1384,1480,CCCCCCCC(CC=CC1=C2)C21
1385,1482,NNC#CF
1386,1483,COC(C)Cl
1387,1484,NCNCOCC=CC=O
1388,1486,CCCC=COCCC
1389,1487,C=CCCN(N)C=CCC=C=CC(=C)C=C
1390,1488,C=CCCCCC1C=[SH1]CC1=C
1391,1489,OCOCCCC1CNCCC[NH1]C1C=O
1392,1490,C=CCOC(C)NCCN1CN1O
1393,1491,C1NNNC#CCC=CC1=O
1394,1493,C1CC=CCC=CS1
1395,1494,ON[SH1]=CC=C(CC=CN)CCCOONC=C
1396,1497,CC
1397,1498,CCCBr
1398,1499,CC=CC=CC=O
1399,1500,CONC1C=CC(N)C(CN1NCCCl)C#C
1400,1501,NCC1=CC=CC2CC=C1C2
1401,1502,C1CCOCCCC#C1
1402,1504,C1CC=C(C)COC=C(C=C=O)C1C([NH1]C)=C[SH1]
1403,1506,CNCC(C)CCCC=C=O
1404,1508,P1CCCCCC1
1405,1509,C1ONNC1CCC=O
1406,1510,CC1OCCNC12C(CNC)N=C2
1407,1511,CCC=CCCOCC=CC#CC
1408,1513,CCCOCCCCC(=C)CC1C[NH1]1
1409,1515,COC(COCCC=CCC=CSCN1O2)C21N
1410,1516,C=CSCCCCC=CC1CO1
1411,1517,C1CCCCC[SH1]C1COC=C=N
1412,1518,N=1NCS(=C)C=1
1413,1519,C1N(C)CCC=C1C
1414,1520,CNSCC=CCCCl
1415,1522,CCC(CC=CCCBr)O
1416,1523,CCOC=O
1417,1524,C=C=CC=NC(C)COCC#C
1418,1525,OCOC(C=C1C=CC=N1)C=CCl
1419,1526,CNC1C=CC=CON=C1NNN=NO
1420,1527,OCC(C[SH1]C=NC=C=NC=C1C)N=C=N1
1421,1529,CCC=CCC=CN(C)CCCC=C
1422,1530,NCCCCNC=C
1423,1531,CCCN(C12)C1N2
1424,1532,CC[NH1]CSCCSC(N)COCCO
1425,1533,CNC(C)=CCCC(C)C
1426,1534,CN=CNCl
1427,1535,CCCN(C1C=CC(C)=C1C)CN=O
1428,1536,CCNONNN=CCN=C
1429,1537,C=C=C(C=O)O
1430,1538,CCNC=CN=CC=O
1431,1539,OCOCCCCCCOCNCOCCCF
1432,1540,N1C=C=CCNN1CCO
1433,1541,NCC=CCC=O
1434,1542,C=CC(OCCCC)=CCl
1435,1543,O=CCCCNN=CC=SO
1436,1544,C1=C=C=COCNCC=CO1
1437,1545,NCNNI
1438,1546,C(C=C(C1)C(C)C)SCN1
1439,1548,CCCCNCCCN1CN(C)CO1
1440,1549,C=NCCCC=CC
1441,1550,OC(C)CCC=CC=CN(C)C=C=O
1442,1551,CCCCCC(C=NCC=C)=N[NH1]CSC=[SH1]CC=C
1443,1552,OC=CC(CC=CC)=O
1444,1553,CON(C)C=CCCN
1445,1554,CCCC=C(C1)N1CNC2NCCC2
1446,1555,O1CN=NS=COCCN=C1
1447,1556,C=NC1N(Cl)CC1=N
1448,1558,C1NCCS1=CCl
1449,1559,CNC=CCC=C=NC
1450,1560,NC(C1)C1CC=NC=O
1451,1561,O=CCC(O)C=O
1452,1562,CC=CCC(C)CC1ON=SNC1
1453,1563,CCCC=CCCC=C(N1)C1
1454,1564,C(C)=C1C=C(CN)C=CC(C)C=C1C
1455,1565,C=C=CF
1456,1566,N=CC(C)OC=O
1457,1567,NC=CCOC1=CCCCC1=NF
1458,1568,C(CC=NOCCCCC=CCC)N=C
1459,1569,OCOCCCC=O
1460,1570,OC=NC=CCNCC=C(O)CC#C
1461,1571,ON=CCC=CC=COOC(N1)CC1
1462,1573,C1=CCCC2CCCCCOC1NC2
1463,1574,CN(C)C=C(C)NONC
1464,1575,OCN=C(C)C(O)NC1=NC[NH1]OC=C1
1465,1576,C1=CNCCCCCCS1
1466,1577,CC=C=COC=CCC=O
1467,1579,O=CC=CCCOC=C=CC=CCC=CCCOCl
1468,1580,CCNCCCCCCC=C=C=CCO
1469,1581,CON=CCCNCCC=O
1470,1582,CC=CC1CC[NH1]CCCCC=C(C)C1
1471,1583,N1CCSCC=C1S
1472,1584,CCCOS=C(C(C)N=CCC=C)C=O
1473,1585,C=CCN=NCCN=O
1474,1586,CCCC(C)CNCC(C)CNC=C=O
1475,1587,CC=CCSOC=O
1476,1588,OC=CC=CNCCCONCNCl
1477,1590,CNCC=CCC=O
1478,1591,C=CN=CCCOCN=CCCC=O
1479,1592,OCCCOCN=CC=CC=CCS=C
1480,1593,C1(C)(SC=O)C(N2)C21
1481,1594,NOCC(C)CC=C(C)CC=C
1482,1595,C=C=CC=C=CCCOCCC
1483,1596,CC1CCCOCC=CCOC=CC1
1484,1597,CCC=CC1C(NC=N)C1CC=CN
1485,1598,N1CC1(CC=C)C=C=NCl
1486,1599,N(C)(C)CCCCl
1487,1600,CCCCC(C)CCCC(C)OCCC=CCBr
1488,1602,SNC(NC1C#COOC=C1)SN
1489,1603,C(C)(C)=CS(N1)C1
1490,1604,NCCNOOCC=CCOC1CC1O
1491,1605,C(CCCNCC=CC1O)(=C2)CC1NC2
1492,1606,CCCCC=CC=O
1493,1607,OCCC1CCCCC1CCC=CCCC=O
1494,1608,CNCC=CCC=C1C=NOCC=C1CCC
1495,1609,CC=COCC(C=C1N)C=CC=C(C=NC=C)N1
1496,1611,C1(CCC1(N)C=C)C
1497,1612,NCC=O
1498,1613,O1CC1C=CCCC
1499,1614,COCC(O)=CNN=CCCC#C
1500,1615,CC(CCC=CO)CNCOC(C)=CCC=O
1501,1616,CC=NNC1CC1
1502,1618,CN(S)C=CCl
1503,1619,OCCC=CC1C(C(C)=C)(C)[NH1]OCC2CC21N
1504,1620,CCNCCCC=CCCNC=C
1505,1621,CCCCN=C=O
1506,1622,CC=CCOCNCCOC=CC=C
1507,1623,C1C2(C)C=S(C)=C12
1508,1624,NCCC=CNOC=CCC(C1)C1CC=O
1509,1625,COC=CCNCC=C=O
1510,1626,C=C(C)C=CC#N
1511,1627,C=CNC=C=O
1512,1628,OCCCOC=CC=O
1513,1629,CC=CCC=NOC=CCCN(NC1)CC1O
1514,1630,O1C=C=COC=CO1
1515,1631,SC(C)NC(C)C=NC=C(O)C
1516,1632,C=C=CPC=C=C=O
1517,1633,OCCCNCNCCCF
1518,1634,CN=NNCCCC[PH1]CC
1519,1635,OC=CCC=O
1520,1636,CCCCC(C)I
1521,1638,C1C=NCCOC1
1522,1639,CCCCC=CC=CCNCC=CC=O
1523,1640,CC(CCC)OC#C
1524,1641,CCCC=NCCCC=C=O
1525,1643,CCON=C=O
1526,1644,CC(C)NNCC(C)=C=C=O
1527,1645,CNC=CNC(C)CCNCOC
1528,1646,COCC=C=O
1529,1647,N1=SC1(C=C)CCC
1530,1648,O1OCCCCOCNC=C1
1531,1649,CCCC=C=COC=C1CC1
1532,1650,NN=C=CC=C(N)CC=O
1533,1651,[PH1]CC=CNC=CCCC=O
1534,1652,NNBr
1535,1653,CC(C)=CCCC=O
1536,1654,ONCC=CC=O
1537,1655,CC(CNCCCCC=CCC=CN(OPCC)OF)CC=C
1538,1656,C=CC=COC(N)(CC=CC)C=1CC=1
1539,1657,C(C)NN1C=CCCC1OC#N
1540,1658,C=NCC=CCF
1541,1659,CCC=SNCS(C)(O)COC
1542,1660,NCCCCC=O
1543,1661,CCC=CCCCCNOCC=CN=O
1544,1662,CCNCC(CCCCCC1C=O)CC=C1
1545,1663,OCCCCCCN=N
1546,1664,CCC=CCC(C1)C=CNN(C)OOCCC1
1547,1665,C=CC=CCCCC1C=NC=C1N=CC=C
1548,1667,CC=CCCC=CCC1C=C1C
1549,1668,CCSCCC=O
1550,1669,C1=COCCC1N
1551,1670,OCOC(C)C=CCC=NC=O
1552,1671,CC(NC(C)CCNSC(C)=O)C
1553,1672,OCCS=CC=C=O
1554,1673,CCCCCCS(C)C=C
1555,1674,CC=CC(C(N)C=O)N
1556,1675,CCCCN1CC1
1557,1676,CCS=CCC=CC=C=O
1558,1677,C1CC=CCCC2OC1C=CC=C=COO2
1559,1678,OC(=C)OC(=C)CCCNC(C)C=O
1560,1679,[SH1]CCCC=CCCC=S=CC=O
1561,1680,C=CS=NOON(C)CNC=CCOO
1562,1681,C(C=CC=O)CCl
1563,1682,CCNCN=NC=NNC(C)CCO
1564,1683,O=C=CNSCC=CNC[NH1]ON
1565,1684,N=C(O)CNNCCCNC=C=CC=O
1566,1685,C1CCN(CCCN)CCOC1C
1567,1688,C1C(Br)C=CO1
1568,1689,CCCCC(N)C1CNC1=CC
1569,1690,CC=C1CCC=C1C=C
1570,1691,CNCCCN=C=COOC
1571,1693,C=COCCNC=CCCNC=CF
1572,1694,OC=NC=NCC(C)(C)OC1C=C1
1573,1695,C1N2CC(C3)CC32C1
1574,1697,C=CSCC=O
1575,1698,C1=CCNCCC1ONCON
1576,1699,C=C=CNC(C)=NC1C=C(O)C=S1=C
1577,1700,CCC1NCCC2NC1NN=C2OCN=N
1578,1701,C1C=CC=CCCC=COC(C)C1
1579,1702,N1C=CC2CC12O
1580,1703,C(C)=C(ONC=C(C=CCCC)C=O)CC(=O)[SH1]CNOCCCl
1581,1704,CCCOCF
1582,1705,NC=NOCC=NCCCC=CCCCF
1583,1707,C=C(C1)O1
1584,1708,NCC=CC=CCCCC=COC=C=C=O
1585,1709,OC=CCCCCSCCNOC
1586,1710,NNC(C)=N
1587,1711,C(CN=CN)=CC=CC=O
1588,1712,CCCNNC(C1)C1
1589,1713,CCOCF
1590,1715,C1C=C=NC=C1CS
1591,1716,C=1C(C)CCN=1
1592,1717,OCCCCCCC=COCCC=O
1593,1718,NC=CC=NONO
1594,1719,CC(C)C=C=O
1595,1720,C1=CCCOCCC1
1596,1721,O=S=COCCC=C(C)CCCl
1597,1722,CCCC(C)CC=C(C)CCCCN=C
1598,1723,N1C=CCOC=C1C
1599,1724,N=C(N)C=CC(C)CN[NH1]
1600,1726,OC(SCC1Cl)N1CCCC2NC2
1601,1727,CN=NNCNC(CC=NCC)=O
1602,1728,C1CCC=CC(C)OCC=CCC1N
1603,1729,CC(C)CC=C1C=CNCN=CO1
1604,1730,O1CCCC1
1605,1733,CCCC=CC=CCC1CC(C)C1
1606,1734,OCCCC=NNNC(C)=C=C=O
1607,1735,CC(C)N=C(C)COCOCCCCNC=CC=C=O
1608,1737,NCS(C)C=CSN=CON=O
1609,1738,C1CNC=C1CCCCl
1610,1740,CC=CCCC=CF
1611,1741,CSC=O
1612,1742,CCC(C)CCCCC#C
1613,1743,C1CCC=CC(=C)C1CNC=O
1614,1744,C1C(C)C=C1NNC=O
1615,1745,O1N=CCC=CCC=C=C1
1616,1746,CCCCCC=O
1617,1747,OCCCC
1618,1749,C12CC=CCCCCC1C=CN2
1619,1750,N(C)CCSC(ON=O)(C)CC
1620,1751,C1=CC=CCCC=CCC1N
1621,1752,S#CNC=CCC=O
1622,1753,CCF
1623,1754,C(CCC=CNC(C)CN)CC=CC=C=O
1624,1755,O=C(C)C
1625,1756,CCCCC=CC
1626,1757,CCC(N)CC[NH1]S=O
1627,1758,COC(N)(C)OCC=C
1628,1759,C=CCC
1629,1761,COCNCOCNNC=CCCC#CCCCO
1630,1762,CCCCC=CC=CC=O
1631,1763,NC[SH1]CNC=O
1632,1764,COCNNCCCC=CCCCl
1633,1765,C1CCNCC1C#CCC(C)=NC=C=C
1634,1766,C=CCNCCSCCC=O
1635,1767,NC=CCCC=CC=COC=C
1636,1768,OCC=NCC=CCl
1637,1769,COC=NC=C(C)C=O
1638,1770,C1OC(C=NCS)P1=O
1639,1771,NC=C(N=CC=C=O)C=N
1640,1772,C=COS=C([SH1]CCCNOC=CC)C=O
1641,1773,NCBr
1642,1774,CCNOCC=CCCCF
1643,1775,CCC=CC=CCCNCCCC=C=[NH1]
1644,1776,CCNC=CC=C(OCN=NCN=CN=C=NC)CO
1645,1777,N1CCC=CN(N)C=CN1OC2CC2
1646,1778,N1COC(C)CC(C)CC1=CO
1647,1779,CN=CCCCCF
1648,1780,N=C(C)CC=O
1649,1781,CC(CC)C=CSCCO
1650,1782,C(Cl)C=O
1651,1783,CC=COCC=O
1652,1784,CC=C[NH1]N=CNCCl
1653,1785,C1C2=CC2CCC=C1C=C
1654,1786,ONCCC(C)C(N)O
1655,1787,C1N(P)C2NNC1CC=CNC=C2ON
1656,1788,C=CCNCCC=C=C=O
1657,1789,CC(O)CCON=COCCNC
1658,1791,CC(C)=O
1659,1792,NCCN=C
1660,1793,CN[NH1]CNCCCOC=O
1661,1794,CC=CCCCCCCCF
1662,1796,CC=CCN=C(C=C=C)CCCC=CC
1663,1798,NCCC(C)(CC=C(C)CC#C1)C1
1664,1799,C1OCOCCCC1OF
1665,1800,OC=NCCCCCONCC=O
1666,1801,OC=CCN(N)CCOCC(N)CC(=O)ON=CCCC=N
1667,1802,ON=CC=C=C=C1CN1
1668,1803,NC(C)N=C=C=NC#CN=N
1669,1804,N(C)N(C)NNC=CN=CC=CC=CCNCC
1670,1805,NCCC
1671,1806,CCC(Cl)(C1)CC1OCCNC
1672,1807,NCCC(S)(C)NCNF
1673,1808,C=C=NC(CCCC)=C=C1C=C1O
1674,1809,CN(CC)OCCC
1675,1810,OC=C(CCCCCN(C)CC1)C=C1
1676,1812,C=1CCCCOC=C=1
1677,1813,C=CC=CCCCCC=CF
1678,1814,CCC=CNSN1CC1
1679,1816,C1CC1(C2)C2=NC
1680,1817,CC([NH1])CC=CCS=CC#CCN
1681,1818,N12CCC=CC(CC=[SH1])=C1C2
1682,1819,CCONCCCNCC=1C=C2CC=12
1683,1820,C1=CN(C2)C2(C=C)CCN1C=O
1684,1821,CCOS1CCCC=CNN1Br
1685,1822,OC(N)(C)C=CCCl
1686,1823,CCCCNCCN=O
1687,1824,CC(C1=CCCC)C1=O
1688,1825,NCC=CCCCC(F)OC
1689,1826,NC(C)ON=C=C=CCC=C
1690,1827,C1C(O2)COC1=C2C
1691,1828,CCCCS=C=O
1692,1829,N12NCCCCC=C2C=C1
1693,1830,OCCC(=N)C=CC=CCC=O
1694,1832,OCCC=CCC=NC=CCCl
1695,1834,CN(C)CCCCOCl
1696,1835,CCCCCNNC=O
1697,1836,C=NC(C(OCNC)N=CC)OCCl
1698,1837,C(S)OCCC1=CC1C(C)C=O
1699,1838,O1SC2(C=CN)C1(C2(C)OC=O)O
1700,1839,CC=C(CCN=C)C=O
1701,1840,CCC=NCCNC=CCC=CN=O
1702,1841,CC=CC=CCCN(C)NC1CCCCOO1
1703,1842,CNCC1C(C)(C)CC=CO1
1704,1843,O(OC)C=NC=CCON(C)OC=O
1705,1844,CC=1N=NS=SCC=CCONC=CCC=1O
1706,1846,OCCC1C(CCCCC)OCCN1
1707,1847,OC(OSCCBr)O
1708,1848,C1CC=C(C2)C2C#C1
1709,1849,C1CC=NN=CCCCC1CBr
1710,1850,CC=C1CC1C
1711,1851,CCC(C)C=COC1CC1O
1712,1852,CCCC=CCS1NC=C=C=CCCC1N=N
1713,1853,C1COC#CCOC=CCOC1=C
1714,1854,NC(C)(N)CF
1715,1855,OC(C)=CC=O
1716,1856,CCC1=CCSCCOCO1
1717,1857,C1CC(CC12)C2=O
1718,1858,CC1(C)C(N)(C)O1
1719,1859,CC=CNCCCCC1COC=C1C
1720,1860,N=C=C=C=CBr
1721,1861,N=CC=COCCCCCC
1722,1862,N1CCC=CCOC1C=CCC=CC
1723,1863,COCC=C=CCCC(N)C1C=C1
1724,1864,COOCCC(O1)CC1
1725,1865,OCN=COCCCC=C(C)NCC
1726,1866,C(C)N=O
1727,1867,ONNN(C)NNC=COOC=COC1=CN1C
1728,1868,CCCC=NC=O
1729,1869,OCCC=O
1730,1871,OC=NOCC=O
1731,1872,CN=CCC=C(C)NCCC=C=O
1732,1873,NC(C)=O
1733,1874,N1CCN=NNCCCC1
1734,1875,C=CCC=C=C=C1C=C=CC1(OC)OCS
1735,1876,C(O)NC=NCC=O
1736,1877,C=CC=CN=O
1737,1878,CCCNC=O
1738,1879,COOCC=NCCCC=C=NC(N)C=CCO
1739,1880,CCCCCCC=C(C=O)C=NC=CN(OC)CCONF
1740,1881,CC=CC=CCC(C)C=NOC=CN
1741,1882,O=CNCCC[NH1]SCOC=O
1742,1883,CS=CCCS(S1)C1CC
1743,1884,CC=C(CCC1C)CC=C=C1CO
1744,1885,CC1N=CC#CO1
1745,1886,CCC=C=CC(C)C(=N)C
1746,1887,NC=CC=CCCCCCC#C
1747,1888,CC(C=CN1C(CC=CCC)C=O)C1
1748,1889,NOCCC=COC=CC=COOO
1749,1890,N1=NCC=CCCC1C
1750,1891,NCCCCOOCC=CCCO
1751,1892,CCCCCCCC=C=C
1752,1893,C(C)C=CC#S
1753,1894,CNCCOCCCC(=C)S
1754,1895,CCOOCC=C1CC1=O
1755,1896,CC=CCC=C=CS=CC
1756,1897,C=CN=CCCNCCCC=O
1757,1898,C=CNCCSCC=O
1758,1900,CON(C=C=CC)NC=O
1759,1901,C=NCCCCC
1760,1902,N1CCCCCCCCCCOC2=CCCNN1N2
1761,1903,OCOC=CCCF
1762,1904,CNCCOC=CCC=CCCCN=C=SCCOC1C=C1OO
1763,1905,OC=CCC1C=CCCC1
1764,1906,O(C)C=CNO
1765,1907,O=CC=C(OCCC=O)C=C
1766,1908,CCCC(CCN=O)C=O
1767,1909,N[NH1]Cl
1768,1910,C#COC=O
1769,1911,CC=CC(CNC(C)=COOC)NO
1770,1912,ClOCC1=C(C)SC12CC2
1771,1913,COCNSC=C(C)C(C1)C1CCCCl
1772,1914,C=CNCC=NNC(=C)N1CC=C[NH1]C1
1773,1915,CNOCC=CCC(O)CC=C=N
1774,1916,CC=CC=CCN(CCCCC(C)Cl)C
1775,1917,O=CCC=O
1776,1918,CCC(CC=C=CF)=O
1777,1919,C=CS1COOCC1N
1778,1921,CC=CC=C=C=NC(N)(C1)O1
1779,1922,OCOC=CC=CC=C=CCC=C
1780,1923,OCCC=CCCC(N)=NCl
1781,1924,CCOC1CC=CCC1=N
1782,1925,CCCOSC=CCOCC(C=CC=CC1)=C1
1783,1926,CN=CC=CC(N1C(=O)C=CO1)P
1784,1927,OC=CC=C
1785,1928,CCC=CCC=COC=O
1786,1929,CNC=CCC(C1S2CC=C=C=CC=C1NC)C2S
1787,1930,OCCNC1NC=CC=CC(C)CC=C=N1
1788,1931,CCCCC(C)CF
1789,1932,OOCCl
1790,1933,CCOC=CS1CC1=C
1791,1934,CNCC=C[NH1]NC=CCSC=NC=O
1792,1935,CNCCC=C=CN=NC=O
1793,1936,OCCCCNC=NN
1794,1938,NNCCCC1C=CNCCC=CN=CCO1
1795,1939,CC=CC(S)=NCC=1C(N)N=C=C=1
1796,1940,CC(C)C=CC=CN1OC1
1797,1941,OOCCNCC(C)=C
1798,1942,CCCCNC=NC=O
1799,1943,CC=C=C(C)C=NC=CCOCl
1800,1944,C1CN[NH1]CCC2C=CC=C1C2
1801,1945,C(CCC=CC=O)=C
1802,1946,CCC=C(C)NCF
1803,1947,C=C(C)CCCCC=C(C)C(C)[NH1]OC=O
1804,1948,CCCC=CNC(N)C1C(C)CS1
1805,1949,N=C=CC=COC=CC=N
1806,1950,CC=C(C)C=O
1807,1951,NC[NH1]CC=C=O
1808,1952,N1C=CCCCC=C1OO
1809,1954,NC#CCCCCCC=C(C)Cl
1810,1955,C1CC(C)N(C)O1
1811,1956,CC=CON=NN
1812,1957,CCCOCN(C)C=CNNCCCCC=O
1813,1958,C=COCN1CC(C2)C2CC=CCC=C1
1814,1959,C#CCC=CC=C(C)C=C
1815,1960,CS=C=CCC=NCC(CC)=C(C)C
1816,1961,CC=C=C
1817,1962,ONCCCNC(C)=NC
1818,1963,NCC=CC=CC(C)NC=O
1819,1964,CCCCCCCl
1820,1965,CCCOCCCC=O
1821,1966,CC(CC(O)C(O)NCO)=CNCCCOCC=CC=O
1822,1967,CC(=C)CC=CC=O
1823,1969,C1=CC=CCCCCN1N
1824,1970,CCCOCS(C)(C)=C(C)O
1825,1971,NCCCCNC=CC
1826,1972,C=C(OCS1CCSC2=C1)NN=C2OOCO
1827,1973,C1COC=CN1SC#C
1828,1974,CC(CCCCCC1C)(C=C2C=O)CCC2=N1
1829,1975,O(CCN=O)O
1830,1976,C1C#CCSC1CNN
1831,1977,C1CC1CN=NC=CCC=C
1832,1979,CC(O)=C=CC=O
1833,1981,CC(=CC=CC)N(C)Cl
1834,1982,CC=CSCN=NNCCF
1835,1984,CC=CC=CC=C=CN=CCNCC
1836,1985,C#CCC=CC=CC1C=C1CF
1837,1986,NNC=CC=C(CCSC)C=C=C(Cl)CNCNC=C
1838,1987,CCC=CC=NC=CO
1839,1989,COC=NCCNCI
1840,1990,C1CC1COC=S=CC=O
1841,1991,CC=NCN=O
1842,1992,C=CCNCOCC=CC=CCCl
1843,1993,C=COCN=C=C=C(Cl)CC=CO
1844,1994,CCC=NCNC=C
1845,1995,CCOCCC=CCCC(C)CC#C
1846,1997,NC(C)C1=C=C1C=C=O
1847,1998,CC=CCC(C)=C=CC=CC(C)OC
1848,1999,NC#CCC=CN=CC#C
1849,2001,C(C)ONCC=C=CCNCC(C)Cl
1850,2002,N=CCC(C)CCC=C[NH1]C
1851,2003,OCC=CCC=O
1852,2004,CC=CNCCC(C#C)C#C
1853,2005,OCC=C(N)OC=C
1854,2006,CCC=NN=CC(N)=CO
1855,2007,CC=C=CC=CC=CO[NH1]NC=CCC=CCF
1856,2008,COCCCC(=C)C=CNNCS
1857,2010,CN1NC=C=CC1(C)C#C
1858,2012,CCSNN=CC[SH1]=C
1859,2013,C=C(C)NCSC=C(C)CF
1860,2014,C=NC=NONC=CN=C=C=CCCCF
1861,2015,OC=C=C1CC=CC=C1NCCCP
1862,2016,CC(O)(Cl)CCCC=CCCCCS=C=SCCNC=O
1863,2017,C1=CN(C)C(N)CC=CC2N=S21C
1864,2018,CCCC=C[NH1]CNOC=O
1865,2019,CNC#N
1866,2020,CCC=C=CC=C=O
1867,2021,C123CCC1(C)CNCC2C3=C
1868,2022,C1CCCC=C=SN1C
1869,2023,C1CC=C1C2=NC2
1870,2024,C1=C=CCC1C2=SCCOC2
1871,2025,C12CC3C1CCCCN23
1872,2026,CCCCCC=C=CCCCC=C=C1C=C1O
1873,2027,CCCOC=C
1874,2028,OCCCC(C=CCC)C=CC=CCBr
1875,2029,C(S)SCC1CNC=CC[NH1]1
1876,2030,CC(C)CNC=C(O)COCC=CC=C=O
1877,2032,NOC=C=CNOC=C=C=N
1878,2033,C1CN(N)C1CC=CC=C=[NH1]
1879,2034,C1(C)OC1CC=C=C
1880,2035,C(C)C=C=O
1881,2036,ONC=CN(CCC=SN1)O1
1882,2037,CCC(CC=NCCC1=CC1)C=CCl
1883,2038,N1N(COCC=CC=CS=C)O1
1884,2039,C=C=S(CCOC(O)CCN)CCF
1885,2040,NCCC=C=O
1886,2041,N(CSC=C)C=O
1887,2042,OCNSCCC=C=NC(N)CC=C
1888,2043,OSC1OC=CC1CNCl
1889,2044,N#C
1890,2045,CCCCC(C)=O
1891,2047,CCCCCCSCC=CNC=CCNCC=O
1892,2049,C=NCN(N)CCC=O
1893,2050,C(C)=NCC=CCC(=C)C=O
1894,2051,C12CCCC1N=CCCO2
1895,2052,NCC=SCC[NH1]CC(CC=C)C#C
1896,2053,O1CCCC=COONN1ON=C
1897,2054,OC1SCCCCS21CCCC2
1898,2055,CCCC1[NH1]C=C(C)C1OCCC=CN=C
1899,2056,COC(O)C(CCC)OCl
1900,2057,C#CCCC(C)CF
1901,2058,C1=CC(C)C#C1
1902,2059,O1C=CC=CCC(C1)C=C
1903,2060,NC=CCCCNCNCNC=O
1904,2061,COCNCNNCOCC=CCCCC=O
1905,2062,ClC=CC=C(C)C=O
1906,2063,C1CC=CC=CC=C=C1C
1907,2064,NCCC(C)CNOC
1908,2065,O1CC=CC2C(OC2O)NCS1
1909,2066,NC(NCCCCCC=O)N
1910,2067,C1OSC(=O)CCO1
1911,2068,CC=NCC=CC#CC
1912,2069,CC(CCCN1)=CCCCCCN1C=O
1913,2070,CCCC=NI
1914,2071,CC(NON)CC(CCC=C1)C1COC
1915,2073,CN=CCCSC=O
1916,2074,CNCCSC=CC(C)C=O
1917,2075,C=CCC1=C2CS2C1
1918,2076,CCCN(C)NCOC=O
1919,2077,CC(C)CCOCCCCOCO
1920,2078,OC=CC=CCCC=O
1921,2079,CC=CC=C(C=CC=C=NC)C#C
1922,2080,CCOOOC=O
1923,2082,C=C=C=CCC=O
1924,2083,CCSCNCC=O
1925,2085,C1CN1
1926,2087,N=C=CNC(C)C=CN=COC(CSC)O
1927,2089,C1CCCCC1=C
1928,2090,O1CC(C)(C)C1S=C=O
1929,2091,CC(=C)C=O
1930,2092,CCN(C=CN=O)CCONCl
1931,2093,OC=CCC=C1CC(=O)CCC=CNS=C1
1932,2094,C1CC(C)OC=SNCCNCCCC=C1
1933,2095,CC(C)C(C)(O)CCN=CN
1934,2097,C1CCCN=C1NC2=CO2
1935,2098,NS(COCOC=CC=CCCl)C=CF
1936,2099,C=C1CCCC=CCSCC=C1
1937,2100,NOCCC(C)CCNCCC(OCC)N=O
1938,2101,C(N)=CC=NC=COC=CCCN=O
1939,2102,C1CC=SNCC=C1C=C
1940,2103,CC(O)(F)N
1941,2104,NCC(C)COC=C=O
1942,2105,O(CCCC=CC1C)C1C
1943,2106,O1NCOC=NC=C=CCOC1C
1944,2107,C1CCCCOC=NCC1
1945,2108,C1C(CCl)OC1O
1946,2109,OCCCCC1=CC=CC=C1
1947,2110,O=CC=CC(N)CCC=C=O
1948,2111,C(C)=CNC=CC=O
1949,2112,C12OC2CCCC1C
1950,2113,CCONC=O
1951,2114,NNCCCC#CC=NCCC=COO
1952,2116,C=CCCC=CC(C)NCCCCON=CC=O
1953,2117,ONCCOC=C=C=CC=CC=C1C=C1
1954,2118,C=COCOC=CC=CCCC1=COCN1OCNCC=CCC#C
1955,2119,C=COCCCCCCC=C=C(N)O
1956,2120,O=CCCCCCC=CC=C=C=CO
1957,2121,CCNCCN(O1)CC1C=O
1958,2122,CC=CC=CCCCC1CC=CNO1
1959,2123,OC(C)C=C(CCC)C=NC=CC=NOCC=C=O
1960,2124,CCC(C)C=CC=C(C)CF
1961,2126,CCC=CC=CC=CCOCC
1962,2127,O=CCC[SH1]N1C=CC=C(C=CC1)C2CC2
1963,2128,CCCCSNCC=CC#C
1964,2129,NCCCCCONCCCC#CN
1965,2130,C=C=CC1=CC=CCO1
1966,2131,NCNCBr
1967,2132,C=1CCC=NC(C)N(SC=NC=1CC)C=O
1968,2133,O=CCl
1969,2134,CC[NH1]CCCCC=CNC=CCCCBr
1970,2137,N=NCF
1971,2138,CCOC1(C)C(N2)NC=CCN2C13CC3
1972,2139,NCC1=CC1
1973,2140,OC(N)C=O
1974,2141,N1CCC(CCCF)CC1=N
1975,2142,OSOCC1CC=CN=CNC=CCCC1C=C(C)CC=CC=CCOOO
1976,2143,CC1CCSCCC1CC#C
1977,2144,FNC=CC=CC=O
1978,2145,OOC=CCC1C(C)C=CO1
1979,2147,NC=CCC1=C=CON=C1CC=NCCO
1980,2148,CCN(C[NH1]CC)C=O
1981,2149,CC(F)C=C=CCC=CNC=O
1982,2150,O1P2C=C(C)OC12
1983,2151,CCCC(C)(O)C=CCBr
1984,2152,CC#COCN=CC=CC(C=NC1C=C1CC2)N2
1985,2153,C=CCCSCC(C=CCC=N1)C=C1
1986,2154,CCCC=C(C)COC=CC=CCN=CC=CN
1987,2155,CC(C)C=C(C)N=S=C
1988,2156,CCOC=CN=CCOCCCSC=CCN=C=NCl
1989,2157,OC(=C)C=O
1990,2158,N1CCCSC=C1
1991,2159,C1CC=N1
1992,2162,O(CCCC)OCC=NC=O
1993,2163,CCN
1994,2164,O=CCOC[NH1]NC(C)CN=C=C
1995,2165,FC(C)(O)N=O
1996,2166,CCC=CNOONSOC=CC(N)CC
1997,2167,CNCC(O)C=CC=CC=O
1998,2168,OC=CC=CNNN=CNCC=NC=NC
1999,2169,C1C=CNNC(C)CCC=CC1(C)CO
2000,2170,CCCC1C(C)C=CNCO1
2001,2171,CCC=NCC=CC1=C=CNCC=CCC1
2002,2172,CC=CCCC=CCOCCC=CC=O
2003,2173,O(C=CC1=C)C(C)=C1COCCCO
2004,2174,C=CNC(C=O)NS=C
2005,2175,CC(C)CC#CC
2006,2176,CNCCCC=COC=O
2007,2177,CCN(Cl)CCC#CON=C=C
2008,2178,NCCC=C
2009,2179,CNOC=CCCCC=O
2010,2180,CCC=CC(C)=C(N)C=CCN=C
2011,2181,CC=CC=C(C)C=C1C=C=C1O
2012,2182,OCCCC(C)C=CC
2013,2183,CCCCC=NCC=CCCSCCl
2014,2185,CCN(O)C=NN=C=CCNC=O
2015,2186,NCCC=C[NH1]SC=C=O
2016,2188,CCCC=COC(C)OCCNC=O
2017,2189,CC=CCOCOC1=C=C1
2018,2190,CC=NOCCCC
2019,2191,N=CCCC(C)=CCCCF
2020,2192,N=CCN=CON(C)C=CC
2021,2193,CCCC(CCC=NCC=C(C)NCN)CC=CON=C[NH1]
2022,2194,CCC=CC1CCCCN[NH1]CCCC1
2023,2195,C(=C)OCN(C1=C(C)C=C)O[NH1]1
2024,2196,CC(C)=CCCOCCCC=C
2025,2197,CC#CC=NCCCCC=CN=C[NH1]C=CN
2026,2198,SNCC(C=1C)CCC=S=1
2027,2199,OCON=CCCC(N)Br
2028,2200,C1=CNCC1CCCCC(C)CC=N
2029,2201,C1C=NC=CONC=C2C=CSC1(S)N2
2030,2202,CC=CC=CCCC=CC=CCN=C
2031,2203,OC(C)CCSCCCCC=CCCCl
2032,2204,CCCCCCCN(C)CCl
2033,2205,CCCCCC=NC=CC=C=C
2034,2206,C(CCBr)OOCOCC=CCl
2035,2207,NC(C)OOC(C1)C[NH1]1
2036,2208,C=C=CCl
2037,2209,C1CSC(C)N1C#CNN
2038,2212,CNC=C1CC2CC12
2039,2213,CCCCONCCO
2040,2214,OC=CCC(C)CCC(C)C=C=CC=C=O
2041,2215,NCC(N)CC=C
2042,2216,CCC1OS=CSC=C1
2043,2217,C1CC(C=CC=CCCC=C1)=O
2044,2219,O1C=C=C1
2045,2220,CNOCC
2046,2221,COCC(CCl)CCC=NCN=CC=C
2047,2222,O1N=C1CCC=C=COC=C
2048,2223,OOCC(C)C=CC=CS(OC)CC=O
2049,2224,C(=C)CCCNC=NCCNCC=COC=CC=C=O
2050,2225,CC(N)=CCCC=C1OCON1
2051,2226,CNOC=O
2052,2227,C=C=CC=C1C(C)C=COC(C)SCN1
2053,2228,C(C)CC(C)=O
2054,2229,NCCCC(C=C=O)N
2055,2230,CC=NCN=CCC(C)CCl
2056,2231,C1CCCOCON=C1NS=CO
2057,2233,NC1=C=NOC=CCCC=NC=C1
2058,2234,C1CC=CNC1(S)CNONNNCCl
2059,2235,CCCOCC(C)C=CC=O
2060,2236,C1=CCCCN(C)C1(C)C
2061,2237,C1CNOCOOC=C1
2062,2238,NOCNC=CC=O
2063,2239,NCC(CCl)CC=C1CC1=C
2064,2241,CCCCNC=CC(C)=CCC=CC
2065,2242,C(CN1C=CCC1C#CCN=C)C(C)NCC2=C=C2
2066,2243,CC(C)=CC#CCC(C)CCC=NC=CO
2067,2244,C1=CC(N=SC=CC)CCO1
2068,2245,O1N=C=CN1CC=N
2069,2246,O=C(O)C=NSCl
2070,2247,C=CCCOCOC=CC(N)CC=C
2071,2248,C1C=CNCNCN1C=O
2072,2250,C=CCCCNCC#CC=CON
2073,2251,C=C(C)C(C1=CCC2)C12
2074,2252,N(C)=CC=NNCNOC#CC#CCN=CC=[SH1]C
2075,2253,CC(C)=CCCCNC=CCCl
2076,2254,N=CCOCCC=CC1CC1
2077,2255,CCCCOC(C)C=CC=CC=C=CC=C=CCl
2078,2256,OC(C)C=CCBr
2079,2257,C1C(C)(C1CCCNC)CC#C
2080,2258,CC(C)C=CCCC=CCN=C
2081,2259,CCCCCSC=NCCCC=O
2082,2260,CCNC=C(C)COCCl
2083,2263,CCNCON=CC=CCC(=C)OC=O
2084,2264,OCC(C)CC=NOCC=C=C
2085,2266,C12=C=CC1C(C)CCC=NNNC=C2
2086,2267,CCC(CCCCCCC=C=1)C=1CC
2087,2268,NC(OCCC)CN(NC=C)NCN=O
2088,2269,C1OC=C1CCCCCCC=O
2089,2270,COC(CNC)C(C1C=CCF)C1
2090,2271,CC=CN
2091,2272,CCCCOC1C=CCCCCCCC1
2092,2273,C1C=CC#C1
2093,2274,C1OCC=CC1CCOON=C=S=NOO
2094,2275,CCCCC(C)=CC[NH1]NC=C(C)O
2095,2276,O1SC1(N)PCCl
2096,2277,COCN(CCCC)CCP
2097,2278,CCC(N)C=CC=CC=CC[NH1]CC=CC1OC1Cl
2098,2279,C1CC2CC=CC=CCNC1C=CS2NN
2099,2280,NC=CCC1COCC=C1NCC=O
2100,2281,COC=CCNC=C=O
2101,2282,C=CC=CNC=CC=CCCl
2102,2284,COCCCC=O
2103,2285,CC1=NCC(C)=CCCOC=C=C=C1
2104,2286,NCCN(O)CC=CCC=CCC=C
2105,2288,N1C=C(CN)CN=[PH1]NSOC1
2106,2289,C1C=CCONC=CC=C1N=NCN=C
2107,2290,SCCCCCC(C)=O
2108,2291,CC(C)C=CC
2109,2292,C=1=CCCC=1CCCl
2110,2293,N=CC=CCCC#CC=CCC
2111,2294,C1CNCCCCNC1C
2112,2295,CNS=O
2113,2296,COCC1C=C1CC#C[PH1]C
2114,2297,CCC=CCC=O
2115,2298,C#CCN=C=CC=NC
2116,2300,OCOCCCCC=C(C)C=O
2117,2301,O=C(N)C=C(C)C=CCCF
2118,2302,NCC#CCCC=O
2119,2303,OCNF
2120,2304,NCNC#CCCC=C
2121,2305,OC1CNC(C)N=CCNCO1
2122,2306,NCC1C=CCC1C=C(C)C=S
2123,2307,CCN(CN)ONCCC(C1)CC1=N
2124,2308,COCOCCC#N
2125,2309,CCCCCC(C)=O
2126,2310,CCCCC=CCSCCC=CF
2127,2312,CC=CC=CC=C
2128,2313,C12CCCC1=C(C)CN2C
2129,2314,N1C=C1C
2130,2315,CC=CCCC=CCSC=C(C)ON=N
2131,2316,CCC=NNNCN(C)C=CCN=O
2132,2317,C=C=C1C(C)NC1OC=NCC#C[NH1]
2133,2318,CC=CNCCC=CNCCCNCC=O
2134,2319,CCC(C)CCCCl
2135,2320,CN(C)Br
2136,2321,CCNCCC(C)C=C=CCCNC=CC
2137,2322,N=C[NH1]CC(C)(P)OCCNC=C(C)CI
2138,2323,CCNC=CN(C)NCF
2139,2325,CCN(C)C=SCCCOOC=CN
2140,2326,CC=CNCCN=CCCCCCC=O
2141,2327,CCCC=C(C)CCCOCC(CC1C=C1)N
2142,2328,CCCC=CCC
2143,2329,C1C2COCSCC=CC12N
2144,2330,CCNCNC(C(C)C)=CC=CC=CC(C)=C
2145,2331,C=C=CCC=CO
2146,2332,C(CCCOCC=CC(C)=O)(C)N=C=C
2147,2333,N=C=CNCONC1=CCOC=C1C#CN
2148,2334,BrCCC=CC=CC=C
2149,2335,C=CCCC=O
2150,2336,COC=CC=O
2151,2337,O=C=S(O)CCC(C)C[NH1]C=CCF
2152,2338,COCCCOOC=C(C)C=CCS1C=CC=NOOCN1
2153,2339,CC(C=CC=C)C(C)(O)CCNC=CCF
2154,2340,CC=CCC=C(C)C=CNOC(O)=O
2155,2341,C=CCC=NC(CC)CCCO
2156,2343,CCC=C=C
2157,2344,OCCSCCC=CC=CCl
2158,2345,N(C1)COCCCC1=CCC=CC#C
2159,2346,C(CC)C=CC(I)N
2160,2347,N1OCC1CCNS(C=CCC)=C
2161,2348,C#CC(C)CCC
2162,2349,OC#CCCCCCNCOC=N
2163,2350,N(F)CC=O
2164,2351,C=C(C)OOOC=O
2165,2352,NN=CCC=CCCC(Br)C#C
2166,2353,CN=NCCCC=CCCl
2167,2354,[NH1]CCNC=CCCC=C=NC
2168,2356,CCCOCC=NCCCC=N
2169,2357,C=C=C=C=CC=CCCC#CNO
2170,2358,COSCCC(C)N
2171,2359,SCOCCC=CCCl
2172,2360,NCNCOC=CC=O
2173,2361,CCCOBr
2174,2362,CC=CCCCCCC=O
2175,2363,C=CCC(C)(OOCC)CN=NCCO
2176,2364,CN=CC=CCC(O)CC=O
2177,2365,C1=CCNC=C=C=C1
2178,2366,C(N)(C)Cl
2179,2367,C=CC1OCNCC=C1CC=CO
2180,2368,OCCCCCC
2181,2371,CC=C=C=NOCC=CCCCN=CC[NH1]SO
2182,2372,CCCC=C(N)CC#C
2183,2373,C1ONCNSCC1CF
2184,2374,C=CCCCC1S=C1C
2185,2375,C=NCCCC1NC=CCC=CC1
2186,2376,CCS(C=C=CCC=O)=C=CCN=O
2187,2378,C1C=CCC=C(N)CC=C1
2188,2379,C1OCC2=NC=CC1=P2=CC
2189,2380,C1(C=O)NCCCN1C
2190,2381,CCCOCON(C)C(NCBr)=NNCCOC
2191,2382,NCC=C=CCC=CONCS=N
2192,2383,OOCC(C)CC=CCOCC
2193,2384,CC=NC(C)CCN(ON1C)OCCC=CC=CC=C1
2194,2385,C1C=CC=C1C=CC=O
2195,2386,CC=CCC=C=CCCC=N
2196,2387,C=CCNNC(C)C=CCCl
2197,2388,NC=CCF
2198,2389,CCCCCC1(C)OCC=C=C1
2199,2390,COCOCCC1C(O)=S(=S)C1
2200,2391,CC(CCC)C=CC=CC=CC=C
2201,2392,O1CCCC=NON=C1
2202,2393,C=NC1CC=CC1=C
2203,2394,C1=CCCNC1CCCC=C=[PH1]
2204,2396,COC=CCNCC
2205,2397,C1CC=CC=CCN(N)CNC1=O
2206,2398,C=CCOC=NCC=CO
2207,2399,CCCNC(=C1)C1=O
2208,2400,CC=CF
2209,2401,COC(=C1)CC1
2210,2403,C[NH1]NN=CC=CC=CCNC=CN
2211,2404,C(OC12CC=C1COCC=C)CC2
2212,2405,NCCC=C(C)CS
2213,2406,C1=CCOC=C=C1CCC=CC=C
2214,2407,C(C)=CCCCOC=CCC=CC=O
2215,2409,CCNCCCNC=O
2216,2410,O1OCC1C
2217,2411,C1CCC(C)=C1C
2218,2412,CCCS1OC(C)(C)N1
2219,2413,CCC(COCC=C1CC=C)OC1=CN(C)N
2220,2414,CCC(CCC=C)(C)C[NH1]C=O
2221,2415,NCN=CBr
2222,2416,CC=CCNC[NH1]NC=NSC1CO1
2223,2417,NC=CC=O
2224,2418,OC=C[NH1]COCC=C=O
2225,2419,C=CN=C=C=CC=CC
2226,2420,CC=CNC=O
2227,2421,CCC1OCCC1
2228,2422,C=C(C)N1CCCCC1C2=CC2
2229,2423,COOC(C)N=CCN(C=CCCC)CC#C
2230,2424,[NH1]C(C)P#CCCCC#C
2231,2425,COCC[NH1]C(C)S1CN1
2232,2426,N1C2C=CC1([NH1])C2
2233,2427,OOC=CC[NH1]C(N)NC=O
2234,2428,CCNCCOCC(O1)C1=C
2235,2430,CCC=NCC(C)(C1)OC=C=C=CC1
2236,2431,CCS1C(ON=CC=CC=CCN)=CN1OO
2237,2432,NCCNCCC=S=CC=C
2238,2433,CPC=C(C)CCC[NH1]COCl
2239,2434,OC=C=C(C)CC(N)C=CN
2240,2435,OOCCC=CC=CC(C)=O
2241,2436,NCCC=CC(C)=O
2242,2437,COON(C)C=O
2243,2438,CNCCCCNCCC1=CC1
2244,2439,CC=CCCC1=NC=CC(C=COC=C)C=CS1
2245,2440,C1N=C(N1)NOCCC=C
2246,2441,C(N=CCC(C)O)CCC=C=C
2247,2442,C=COCC=C(C)C
2248,2443,N(NCNNCCCCl)CCl
2249,2444,C1CCC=NCC1N=O
2250,2445,CC=CCCC=[NH1]
2251,2446,N1=CCCC1CC=CC=CC
2252,2447,CC(C)Cl
2253,2448,CC=CC(OC=O)CCNCN=CC=CC=C=C=O
2254,2449,CC(O)N=CCC#CC=CN=O
2255,2450,C(C1)C1(C)CCCCC=CCl
2256,2451,CC=CC=CCCl
2257,2452,C=NNCCC=NC#C
2258,2453,CNCCC=NC(C)Cl
2259,2454,CC=C=C=CCN=C=COC=O
2260,2455,CCCC(C)(CNC=C=CSC1CC)CCC=C1
2261,2456,OCCCC(C)COCCCC#C
2262,2457,OCCCC=SCN(Cl)C
2263,2458,C1CNCO1
2264,2459,C1C=CCNCC1(C)O
2265,2460,CCNC=NCC=CCCOCF
2266,2461,OC=CCC=C(O)CCS=CN
2267,2462,OC=CC=CC=C
2268,2463,C1C(=C)C=C1CCF
2269,2464,CCN=CCN(CCC=C)C=CO
2270,2465,C(O)C=NON(CC=CC=O)OC
2271,2466,C(C=CCC)C(C)CCC
2272,2467,C1C(NC2C3C2)C3C1Cl
2273,2468,OSCOCC(=C)I
2274,2469,CCC(C)C1CNCN1CCOO
2275,2470,CCC(OCOCCl)CCC#N
2276,2471,CNC=CCC=CC(C1)C1=S
2277,2472,OCCCC(O)=CC=CCCOCOC=C
2278,2473,N=1NC=NC=1O
2279,2474,CCCCCOCCCCC
2280,2475,CNCS=CC=CC(N)N1CC1
2281,2476,CC(C)NC=C=CCNCCCCCC=O
2282,2477,C#1CCCCC#1
2283,2478,COC=NNC(O)Cl
2284,2479,NC(O)Cl
2285,2480,ICC=CCN(C)C
2286,2481,CNCOC(CCCCF)C=CC1OC1
2287,2482,CNCC(C=SC1=C)CC1CCNCC2OC2=N
2288,2483,CC=C=CCCCC=O
2289,2484,CCC=NF
2290,2485,CNCCCCCC
2291,2486,SC(C)C=CCC=C
2292,2487,CCN(S)CC=C=CI
2293,2488,OCC=C1CCCCCC(C)C=CC=C1CC=CCl
2294,2489,N(N)CSC(C)C=O
2295,2490,CC=C(CCCNCC(C)CC)CNCCC1CC1CC2OO2
2296,2491,CCCC(COCON=O)C=C=C
2297,2492,C=COC=CCNOCCC(C)OS=C
2298,2493,NC=CBr
2299,2494,CC=CCCCCCC=C=NCC
2300,2495,N1NCCC=CCC1C=C
2301,2496,C(CCCCCCC=C(C)CC=C)=O
2302,2497,NOCNCN=C=CCC=O
2303,2498,NC1=C(C)CC1C2[NH1]C2O
2304,2500,C1C(C=C=C1S(C)=C2C)CC=CCC#CCCO2
2305,2501,C1N=CC=CCC(C)C=C1
2306,2503,OCCCl
2307,2504,N1CC1CC=CCCC=O
2308,2505,O=CC(C)C=O
2309,2506,COC=C=O
2310,2507,C=CCCCCC#C
2311,2508,O=CF
2312,2509,CC=CCC(N1)C=C1N=CC=C
2313,2510,CCCSCCOC=CCCCBr
2314,2511,C1(N)CCCCN(C)C=CCCC1
2315,2513,C1=CCC2OCC=C2CN1
2316,2514,O=CNCOCBr
2317,2515,O=CN=C(CCOOCCBr)CCC=O
2318,2516,CC(C=CC1C=CCCC)CN=CCC=C1
2319,2517,CNCOCC(OCCSCCS(S)OON)O
2320,2518,C1C=C=C=CC1OC2C=C2
2321,2519,NCC(O)CNC1C=C1
2322,2520,C1CC(C)CCCCCC1
2323,2521,C=CNC=CNC=CCF
2324,2522,ClNCC(C)=CC=CC#CC
2325,2523,OCCCCC=CC=C=O
2326,2524,CCCC#CCC=CNC1C#C1
2327,2525,C1CCCC1C=CC2NCC2
2328,2526,NCC=C(N)I
2329,2527,C1COCOC=CON=CC1C=C
2330,2528,CCCSCCCCSC=CC=C=CCCCO
2331,2530,CCC=CC=CC=NCC(C)C=CS
2332,2532,NC(C=CCCN)C1CCOC=C=SC1
2333,2533,CCC(CCC1C=CCOC1CCC=C)O
2334,2534,NCCCC=CCNP#C
2335,2535,NC=CCCC(C)C(C=O)=C=C=C
2336,2536,SCCSCNF
2337,2537,ClCCC=C1CCCC1OC
2338,2538,C=COC=CF
2339,2539,C=CCOC=C=O
2340,2540,C1CC(C=C[NH1]N)=CC(O)C1
2341,2541,C1CCOC2CCCCC2CO1
2342,2542,C=C(O)C=C(CC=C=O)CBr
2343,2543,COC=NCCC=O
2344,2544,C1NCC=CC(CCF)=C=C1O
2345,2545,C1CNCC=C1CCC=CC=CC
2346,2546,CCCCCC(C)C=CCC#N
2347,2547,C1NCNCCC=CCCCC1
2348,2548,C(C)CC=NC1=CC1
2349,2549,COCBr
2350,2550,CC=C(C)CBr
2351,2551,O1N=C1CCC=O
2352,2553,C=CC(=C)C=CN=CCONCC=O
2353,2554,CN[NH1]CC=CCNCCC#C
2354,2555,C=NCC=O
2355,2557,COCCCCCCC=CC=O
2356,2558,CC=CC=CCNCCCC(Cl)C
2357,2559,CC=C(C)C=C
2358,2560,C(C)CCl
2359,2561,C1COC=CCCCCCCCCC1
2360,2562,CC=CC(CBr)C=CCNCCC=CCCNC=CCl
2361,2566,CC(CF)=O
2362,2567,CN[SH1]CCCC=C=CNC1C=C1
2363,2568,CC(O)NSCOO
2364,2569,C=C(C)C=C=O
2365,2570,N=CC=O
2366,2571,C1NCNCSC1=NC(C)C
2367,2572,O=CCC1CN=CCC2CC2C1Cl
2368,2573,COC=COCOC=CC=NC=CC(ONC)C(C)=C=C
2369,2574,C1CN=CNCOO1
2370,2575,C1OCNCCC=CN1
2371,2576,CCCC=CC=C=O
2372,2577,FCOSCC=N
2373,2578,C1CNC1N
2374,2579,OCN=CC=CCCOC=C1C=CCCC2C=C12
2375,2580,C=CCN(CC)OC=O
2376,2581,CCCNC=C=NC=CC=CCOCCNCN
2377,2582,OCNNC=CC=CC=CCCN1C=C1
2378,2583,C12=CNOCNC1C=NC=CC2ON
2379,2584,C=1CC=CC=CCNC=1N
2380,2585,C1CC=C=C=C1OCCl
2381,2586,C1=C=C=C=CC(CC)C1
2382,2587,C(C)N=CC(C1)C1(N)NCNCC
2383,2589,CC=CC=CC=C=C(COC)CCNF
2384,2590,CCC=CCCCC(CF)=CSC=CCF
2385,2591,CC(C)C(C)C=C(C)C=CCOOCS
2386,2592,CC=NNCCF
2387,2593,C#CCCCC=CC=CC(C=CCSOC=C=O)N
2388,2594,C1NC2=NCCC=CC=C1N(O)CCC2O
2389,2596,CNOC#CCCCCC=O
2390,2597,CCC(CC)NCCC#C
2391,2598,C=CSCCCCCCCCCCOC
2392,2599,COCCC=CC#CC(C)=C=C
2393,2601,C1C=C=CCP1(N)O
2394,2602,CCC=CCOCBr
2395,2603,C1CC#CC1=C(C)C(N)CCl
2396,2604,C12OC(CC)C1(CC3)C32
2397,2605,CCN=CCN=COO
2398,2606,N1=CC=C=C1
2399,2607,C1C=CC1(N)Cl
2400,2608,C=SCCCC1=CC=COC=C1
2401,2609,N=CCCC=CN=C
2402,2610,C(CCN=CC=CCNCl)=C1N=C1N
2403,2612,N(CCCC)C(C)C=CCC=C=O
2404,2613,C=CC=NC(C1)OC1
2405,2614,O=NC=C([NH1])CC1CO1
2406,2615,CCCN=C1CC=CCCCC1
2407,2616,CCC=CCC=C(C)C=CC#C
2408,2617,CCCNSC
2409,2618,CCCCS1CCSNN1
2410,2619,CCCCC=C=CCC=CCCl
2411,2620,NC=CC(O)=SN1COCCN1C=COC
2412,2621,CC(N)(NON(C)CCCCl)CCC=C
2413,2622,NCCC=CCNC=CC#CN=O
2414,2623,O=CCCCOC=CC=O
2415,2624,C#CCCl
2416,2625,CNCC=CNOCN=CC
2417,2626,CC=C=C(CCC=O)CCC(C=1)C=1
2418,2627,CCOCOCN(C)CC=CC=O
2419,2628,OCCCC=C=CNCC(N)C(C)C
2420,2630,C#CNCC=NCOSNCCCC=C=C
2421,2631,NNCC=NOCCOC#C
2422,2632,CN=NC=O
2423,2633,CC(CC=O)CCCCCC
2424,2634,OCC(NNC1=O)C=C1C
2425,2635,CCONC(C=CCC)=NCC=CCCN=C
2426,2636,C=1=CC=1C=CCl
2427,2637,COC=CNNNCCl
2428,2639,CC=CC=CNCNC=C=C(C)OC=C
2429,2640,NCCC(C1)C1C=CC=CS=NI
2430,2641,C1N=CCC=CS1
2431,2642,C=CC#CC=CCl
2432,2643,CC(N)=CCCCCCC=CC=CC#C
2433,2644,NCC1CC1C=C
2434,2645,OC1N(C)C[NH1]CNC=NCN1N
2435,2647,CCSOC=CC(C=CC1C#CCO)CN1
2436,2648,CCON(C)OCNCCCN=COC1(C)OCC=C1C
2437,2649,C=C=CCCCNCS=COCCC=O
2438,2650,OCCCCP=NC(C)C=NC
2439,2652,C=CC1NC=CCC1CC=CCl
2440,2653,C=CC=CC(C)SC=CI
2441,2654,CCC=CCCCSC(CNOC)OCON
2442,2655,C=CC=CC=NCl
2443,2656,CCCCCCCCC=NC
2444,2657,OCOCCCC=CC=O
2445,2658,CCCCCN=CC1=CC(C)=C1CCC=O
2446,2659,NC(C1)CCCSCC1=C
2447,2660,CNCCCN(C)F
2448,2661,CCC(N)CC=CCC(C)=O
2449,2662,CN(I)OCCCCC=C=CCCC
2450,2663,CCNCC=C=CCC=O
2451,2664,C=C=C(C)CCCCCC=C=C
2452,2665,C1COCC=C1C
2453,2666,CSCCC(N[NH1]CCC=O)OC
2454,2667,CC=C(C)CC(C=O)COC
2455,2669,C=CNOC=NCCCC=O
2456,2670,CCCC=CC=CCCCNCCN(C)CC=C=SN
2457,2671,CC=CC=C1OCC=CCC(C)CC1
2458,2672,CONC(C)OC=O
2459,2673,CCNCOCCCC(C)(C1)C1O
2460,2674,OCC=CN=CCN=CN=C=CCC
2461,2676,CCCC1(CC1=C=C)CCOO
2462,2677,OCCCC=C=CC
2463,2678,NNCOC(=C)SC#CCC=O
2464,2679,COCC=CC(C)C
2465,2680,CC(C)CC=C=C(CC=C=C)N=CC
2466,2681,NC=CC(C)=CC=O
2467,2683,C=CNC(C)C=NSONF
2468,2685,C1N=CC=C(C)CCC(C)C=C1N
2469,2686,CCNC#CCF
2470,2687,NCCCC1CCCN1C
2471,2688,CCC(C)(C)CC=C(N)OC=CF
2472,2689,C1C=CC12CCCNN2
2473,2690,C=C[NH1]Cl
2474,2691,N=NCC=CCC1=C=C=C=NN1
2475,2692,CC=CC=C(CC1CO)C1C#C
2476,2693,C=1NCONC2CC2=1
2477,2695,CC=CNCCC(C)CCNCl
2478,2696,C=CC=C(C)C=CC1C=CC(C)CC1S
2479,2697,OOCNCCC1CC(C)=C1CCC
2480,2698,CC=NCCCCC(N)=CBr
2481,2699,COF
2482,2700,C1=CC(C)CCCOS=C1
2483,2701,CCC1CNCPNNCNCC=CC=N1
2484,2703,OCF
2485,2704,CN=C=O
2486,2707,CCCN(N=CC=CC)C(N)CC=CC
2487,2708,NCN=[PH1]F
2488,2709,CC=CCCCCF
2489,2712,NNCNCC1NC1
2490,2713,S1ON(O)C=C=CC=C1NCC=O
2491,2714,C1=CCC1O
2492,2715,CC(C)=CC(C)(O)CC(C)=C
2493,2716,CCSC(=C)OCNCCN=O
2494,2717,CCC1=C=C=C[NH1]C1CCI
2495,2718,CC=CCCC#CCC=CC=CC=CC=CC=C=C
2496,2719,CNC=CC=CC=CCCC(CCN=NO)=O
2497,2720,C(C)=CCCONNCC=C
2498,2721,C1=CCC=C1CCNC=C
2499,2722,CCCCF
2500,2723,CCCC=CC(CC=NC=O)N=O
2501,2724,CCCC=COC=C(C)CCN=C
2502,2725,CCCC(C)(CC)O
2503,2726,O(O)C1OC(C)CC=C1CC#N
2504,2727,C1NCCCCC1NC=O
2505,2728,CCCC(=O)CNC1CCCC1
2506,2729,C=CC=NCNCN=NO
2507,2730,CNC(CNCC)C1C=C=C=SNO1
2508,2731,OC#CCC[NH1]C=O
2509,2732,C(CCOOCOF)=C=NCCCl
2510,2733,SCCCC(=C)OCC1CNCOC1CCCC
2511,2734,C(=CCNC)OCCC=CC(C)C=O
2512,2735,NCOOCCCOCNCF
2513,2736,OCC=CN=NCC1(C)C(C)=CCC1
2514,2737,C=CCC=CCNNSC=O
2515,2738,O1CC1N=CCCCC=C=O
2516,2740,CC=C[NH1]CCCC=C=C=N
2517,2741,O1NC1(C)CNCNC=O
2518,2742,CNC=CCCC1CC=CC12CO2
2519,2743,C12CNCCC1(C=3)C2=3
2520,2744,N=CC(C)CCCC=C=NC=C
2521,2745,COCC=CC1NC=CC=C=C1C
2522,2746,N(C)(N)N(O1)CC=CC=CC=CC1
2523,2748,C1=CCC1(CCNBr)C
2524,2749,OOCCN(C)COC=C(NC)CC#C
2525,2751,OC(C)C=C=O
2526,2752,C1=CCOCC1CNOCNCCCCl
2527,2753,O1NCCCC=[PH1]C1NCCC=C=C
2528,2754,OCCC=CCC(C)S=O
2529,2755,NOCC=O
2530,2756,C1=CC=C(C)C1
2531,2759,CCC=CN1CCC=C=C1C
2532,2760,NCOC(CCC=CCO)O
2533,2761,CCCCC1NCCCC1CSCC
2534,2762,N1N=CCCOCC=C1N=CC=CON
2535,2763,N1CNC=C=NOC=CNC=C1
2536,2764,CCOCCC=CC(C1)CC=C=NOO1
2537,2765,COC(C)CN(C)C=CCCCCN=N
2538,2766,C1#CCC2C=C12
2539,2768,CCC(C)=CC=O
2540,2769,C=CCCF
2541,2770,C=CC(C)CC=CC=CCC=O
2542,2771,CCCC(C)NCC1CCCCC1
2543,2773,CC=CO
2544,2775,OC(C=1)=C=1
2545,2777,CCCCCCN=C=O
2546,2779,O1OOCCC2CCN=CNC1C=CC=N2
2547,2780,C1CC=C(C)CCN1CCC[PH1]
2548,2781,C=CCCC=CCCC#CC
2549,2782,NC(O)CC(C)(C)C=C=C1[NH1]C1O
2550,2784,CCCCCC(=C)CC=NOC=NO
2551,2785,C(=O)=CC=C1CC1(F)O
2552,2786,CCC(C1)N(CC)CC1C=C
2553,2788,CSNCCCCC=NC=CBr
2554,2789,C1CC=CN=C=COC([NH1])C1
2555,2790,CCC=CCOCC(C)CCC[NH1]C=CCCN1OCCCCCC=CCC1N
2556,2791,CCOCCC=CCCCCl
2557,2792,CC1CCC(O)C=C1
2558,2794,CNC(=C)C(C)=CC=C=O
2559,2795,CCC=NC=C(C)CCC1=CC(C2)N2C=C1
2560,2796,C=NC=CC=C(N)CCCCCl
2561,2798,C1=CCN1C
2562,2799,CS=O
2563,2800,COC=C1NONC=C1CCl
2564,2801,CC#CCF
2565,2802,C=C=C=CC(N)CCl
2566,2803,NCC=[PH1]CCl
2567,2804,COCC=C(C)C#CO
2568,2805,CC=CC=CCN=CS=C=O
2569,2806,OCCC(O1)C=C=CC=C=CC1[NH1]
2570,2807,OCOC=CCl
2571,2808,OCCC[NH1]S=CC
2572,2809,OSCC1CCCN=C1
2573,2810,CC(C)C=NCC=C(O)CC=O
2574,2811,NC=CCN=CC=CCC=NO
2575,2812,CCNCC=NCS=CC
2576,2813,C(C)=O
2577,2814,NC1CNCCC1C=C
2578,2815,O=CCBr
2579,2816,CCC(C=CCO)COC=C(C)S=C
2580,2817,O(OCCC)C=CC=O
2581,2818,OS=O
2582,2819,C1C=C=C(O)NC1(C)C
2583,2820,OC=CC=C=NOCC1C=CNC=CC1N=N
2584,2822,CCC=CCOC=NCCBr
2585,2823,CCC=C(C)CCl
2586,2824,NOCC1=CC1=C
2587,2825,C=CC=C=C1CCC=CC1(C=CC)CCNC#C
2588,2826,OCC(S)C=CC(C)CC=CCN=C[NH1]CCNN
2589,2827,CCOCCC(NOOC=C)CCCC1NC1N
2590,2828,N=C=CN1CCOC1CC(C)NCNO
2591,2829,CC(CC=O)CNC=O
2592,2831,C1(C)CCCC(N)CCC1
2593,2833,C1=CCSNN2C(=C)CCOC21N
2594,2834,CNC(C)CCNCC=O
2595,2835,C1CC(C2CCC1(Br)C2)N
2596,2836,C1=CCCC=NCO1
2597,2837,O=CC=CC=C=C
2598,2838,CCCC=C=CCCOC
2599,2839,CNCCCN=O
2600,2840,N1C#CCCC=NOCCC=C1
2601,2841,ONNC=CCCC
2602,2842,OCC=CCOOC=CCOCCNC(Cl)C
2603,2844,OC(C)C=NCNOONN=N
2604,2845,CNCCCC=C=C(C)CC
2605,2846,C=CCCC=C=NNC12N=CC=S1ONO2
2606,2847,CNCCCC(C)=COCCl
2607,2848,CONCC(CC1=C=COCl)=NCS[NH1]C1
2608,2849,OCNCC(C)C=CSC(C1)CC1Cl
2609,2850,CCOF
2610,2851,CC1C=C1C=CC2=CC2
2611,2852,O=C1C(C)=C2C=C1O[NH1]C2OBr
2612,2853,CC=CNC=CO
2613,2854,C=CCC=NCOCOC=O
2614,2857,CCNS=CNCC=CC=O
2615,2858,COON=CNC(C)CCC#CCC
2616,2859,OCON=CNC
2617,2860,NNC1CCN(C)CC1
2618,2861,CCCCC=CNOC(=C)C1=C=C=CCC1
2619,2862,CCC=CC=CNCS=CCC=O
2620,2863,CCOCNC=CNC=O
2621,2864,CCOC(C1)S1C=C=C=CN
2622,2865,CNNCCCC1CCCCCCO1
2623,2866,C1N2C=CCCC(C)=CC=CC12
2624,2867,OCCN(S)C=CCCC=NOCC=O
2625,2869,O=CC(C)CCC=O
2626,2870,C=CCCCNC=O
2627,2872,NCCCC(CCCC)=CC=CCl
2628,2873,CCC(C)N=C=O
2629,2874,N1=CC(N)C1CC[NH1]C
2630,2875,C=1(C=C=C=1)C=O
2631,2878,C1CCCCC=C=C1S
2632,2879,CCCC=CCCC=CC=C=CO
2633,2880,OCCC(C)=C=O
2634,2881,CNOC(C1NCCC1CON)[NH1]C=C2[NH1]C2O
2635,2882,C=CC(C)CCC=CCS=CCl
2636,2883,N12[NH1]OCCC1(C)CC=CC=C2OC=C
2637,2884,C=CCCCC(C)OC=C=S=O
2638,2885,OCC#CCCP1CNCSC1C=C
2639,2887,N12CCSC1=NC2N
2640,2888,NOOC=CCC1CC=C[NH1]1
2641,2889,C1CNC(C1)C=CC=O
2642,2890,C(C1)CCC2C(C=CC2)CC=CC=N1
2643,2891,C(C=CC)=CC=C(C)OCCC=C=O
2644,2892,CCCC=CS=NNCC=CCCCC(OCNO)NCC#N
2645,2893,C=CC(C)C=CCCC=O
2646,2894,C1=CC1CC=CCC=C=NC
2647,2895,NNC1C=CCC=CS1
2648,2897,CCCCCC=C(NC=CC)COCCN=CNOC
2649,2898,CNCCCCOCNCONCCC=O
2650,2899,CCC#CCCCC=C=C(C)C1N=C(C)O1
2651,2900,CCCNC1=CC[NH1]C1CCl
2652,2901,CC(CC=NN)CC=O
2653,2902,COOSC=C=CONCCC=O
2654,2903,CCOC=NONNC=CC=O
2655,2904,N1CCNC=CC(N)(O)CC=C1
2656,2906,CCCN=C=C=CCCC
2657,2907,C1N=CN=COCC(C)O1
2658,2908,C=CCCNC(O)CCC(=N)C=CSNBr
2659,2909,CCN=CC=CC=CNOCNCF
2660,2910,COC1CCCCCC1(SO)N
2661,2911,CCCCNC1(O)CCNC=C1
2662,2912,C=CC(C)(C)CCC=CC=CC=COC1=CO1
2663,2913,C1(C)=NCNC1=CC=N
2664,2914,C1N(C)COC=C1O
2665,2915,C1CC1(CCC)CCC#CSO
2666,2916,CC(N)CCCF
2667,2917,NCCC=CN=CN=CCC=O
2668,2918,CCCC(C)CC=O
2669,2919,COC=CCCN=NCSC=C(O1)N1
2670,2920,CS(C)(O)C=CCC=O
2671,2923,N=S(C1NN1CCN)F
2672,2924,CCCN(CCCC=O)CO
2673,2926,NCC(C(C)=O)CF
2674,2928,CCC1=CC(=N)NC1CCSCCC=O
2675,2929,O=CC=O
2676,2930,C(CCCO)COC(C)C=O
2677,2931,OC[NH1]CC(C)C1=CN1CCCN=N
2678,2932,NNCC=CCC=NC=CCC
2679,2933,FSCC=CC=CCCCC=CC(=N)OC
2680,2934,NC=C=NNCCCCOC1NNC=CNC[NH1]1
2681,2935,ONCCCC
2682,2936,NCC=CNC=CCCCNCC=O
2683,2938,C1OCC2C=NCS1CC2
2684,2940,COC1N(CC=O)CCO1
2685,2941,CCC(=C)C(C)CC[SH1](C)=O
2686,2942,CONOCC#CC=CCCCN
2687,2943,CCCCCCC=CCCCC=C(C)NOONN=O
2688,2945,NCCCC=COC=1CC=1O
2689,2946,CNOC1CNC=C(C)OOCCCOC1
2690,2947,CCCOCC(N)CCC=C
2691,2948,CNC=NC=CC1(S)CONC1C=C
2692,2950,OCCCNCC=CNCBr
2693,2951,ClCCCCC(O)OCC(=C)Cl
2694,2952,CCC=C(CN)C1CCCCCN(C)N1
2695,2953,NNCCC=C=COCBr
2696,2954,C=CC(COOC=C=NC1=C=C)NCC1
2697,2955,C=CCCl
2698,2956,CCCCC=CCCCCCCC(O1)CN1CCBr
2699,2957,COCCNCC#C
2700,2958,O1COCC2NC1=CC=C2
2701,2959,CCC(C=CCCC=C=CC=CC)=C=O
2702,2960,CC(C)SC=O
2703,2961,CC=C1COCC=C1C(O)Cl
2704,2962,C=CCC(CC(CN=O)(CNCC)C)OP
2705,2963,C=C1CC=CNCNCC1
2706,2964,NCNC1=C=CON2C1O2
2707,2965,CC(C)CCCCCOC
2708,2969,CCC(CC)=C=C=CC=C
2709,2970,CCSCOOC=CC=CC1=CC1=N
2710,2971,CC=C=CCC=O
2711,2972,C=NCCCCC(N)C1CC1
2712,2973,CN[SH1]C=CC=CC#CCCCCOC
2713,2974,C=CCN=O
2714,2975,NCCOCCNCl
2715,2976,N1CCN=CCCCCC1
2716,2977,C(C)F
2717,2978,COC=CCC=CCCCCC=O
2718,2979,CCC(O)CCCN=CCCl
2719,2981,NCS=NCCCCCCCNC#C
2720,2982,CCC(CCCC)=O
2721,2984,CCC=C=CC(C)CCP=C
2722,2985,C1=C(CC)C=CC=C1
2723,2986,CC=C(C)C(C)C=O
2724,2987,CCC=CC=CC=NOC
2725,2989,NOOS=CCC(C)C1=CCC=C=CC1NO
2726,2990,O1CCOCOCCC=C1
2727,2991,CCCC=CCCl
2728,2992,O(C(C)CCC#CN)CS=O
2729,2993,OC=NC(C)Br
2730,2994,C1CNC(C)CC1OC
2731,2995,C=CCC(CC=O)CC=O
2732,2996,CNC(CCCCCC=CCOC)=S
2733,2997,C=CCONCOC1=CCC=S1NO
2734,2998,O=CCC(C1)OC1N(O)C
2735,2999,C1=C=CC=CCC=C(C)COC1
2736,3000,C12CC(OOC)=CC1=SN=C=C2O
2737,3001,COCOC=CC=CCC=O
2738,3002,C=CC(CC=CC)N=O
2739,3003,CCCNCCBr
2740,3004,C=CCOCNC=C
2741,3005,O=COCC1CCC=COCCC1
2742,3006,CONCCCNCCCCC=C1C=C1
2743,3007,CNC=CCC(C)NCCC
2744,3008,NCCCC=CC1OC=CC=C1O
2745,3009,CCCNCCNCF
2746,3010,N1CCOCS1C=C=C
2747,3011,O(N)NC1=SCC=CC1C2=CO2
2748,3012,NCCBr
2749,3013,CCCCCC([NH1]C)CCC=C=NCOO
2750,3014,COC=CCC=COC=C=C=CC=C
2751,3015,CC(C=O)C=CC=C=O
2752,3016,NCCC=C(C)CC1OC12NC2
2753,3017,CC(C)C=CC=CCl
2754,3018,OC=NCCN=CCC(C)CCC=CCCC
2755,3019,OC=CCC(N)CC
2756,3020,C=CCCCCSC=CCNC
2757,3021,C1C(=C)C=CC1=N
2758,3022,COCOCCCCCl
2759,3023,O=CCNBr
2760,3025,C=CCCCCS
2761,3026,OCCN=CCCCCCF
2762,3027,NCC1(C=C)NCC1S
2763,3028,C1OCCC12NC2
2764,3029,OOCCC=CC(C1)CC2CS2=N1
2765,3030,CC=CC=CCC(C)C1ON=CC=N1
2766,3031,CCCNCCCCOON1C=CC=CC1C
2767,3032,NC(N)OCCCCC=CF
2768,3033,CNCCC=CC=CF
2769,3034,N(=O)CSNC=C(S)C=CCCN
2770,3035,C1=CCC=C=NCC1(C)C=CC=O
2771,3036,CC=NCC(CCN1N)=C1C=CO
2772,3037,C=CCCC=NCC(C)C(C)CC=O
2773,3038,CONC=O
2774,3039,NC=CNN=CCC
2775,3040,C=NOCNF
2776,3041,OOCC(S)=O
2777,3042,CNCNPNC(CC)OONC=N
2778,3043,NCC=NC=CC(C1)=C1CN=CCN(C2)C2=C
2779,3044,CCNOCNNCCC=NC1=C=CC=C(C)C=C=NC=CC=C1
2780,3045,O=CCCCCC=O
2781,3046,NBr
2782,3047,C=CC(C=NCC)CS
2783,3048,CCSC#N
2784,3049,CN1CSC2NC=C=CC2=COC1
2785,3050,C1=NCC=CC1N
2786,3051,C(OOC=C)C=CNCC=O
2787,3052,N1NCC2CC=NCC2N=N1
2788,3053,CCC=CCC1N=CN=C=C1Cl
2789,3054,NC=C=O
2790,3055,CCOC(C1N)=CN(C=C1)CCF
2791,3056,C=12C3CC32C=C=1
2792,3057,OCCC=CCNONC=C
2793,3058,CNSC=1CC=1F
2794,3060,OC(CCNCC=CC=CCCC)=O
2795,3061,CC(N)C(O1)CC(OCCC)C=CCOO1
2796,3062,CP=CCCN=O
2797,3063,CCCNNBr
2798,3064,CC=CCC(S)CC=CC1OOCC=N1
2799,3065,OCCCCNCCOC=C=CNN
2800,3066,NCCCC=C=CCCNC#C
2801,3068,CCCCC=CCN=O
2802,3069,NCC(I)OCC=NC=O
2803,3070,CCCCCCCN=C
2804,3071,CCCCCCCC(C)=O
2805,3074,C(C)C=CCC=C=CC
2806,3075,C1=C(N)CCCC(O)CC1
2807,3077,OOCCNCC=CN=O
2808,3078,CCC(C[NH1]CN)CNC=CC=CC1CC1C=CC
2809,3079,C(O1)=C1NC=CC
2810,3080,CNC=CC(C)CCOOP
2811,3081,C=CCCC(C)NC=CCNC
2812,3082,C=CC(C)C=O
2813,3083,COCCC(C)CNNCOC=C
2814,3084,CNCCC1CCCC=N1
2815,3085,SCCl
2816,3086,NC=CC(C)Cl
2817,3087,CSCCNC=O
2818,3088,C1C=C=C=C=S1
2819,3089,N1CC2C=C1CC2
2820,3091,N=CC=CCC=C(C=CC)CF
2821,3092,C=CCCCC=CC#C
2822,3094,NOCCOCC(C)C=CC=O
2823,3095,CCC(C)CC(O)C=O
2824,3096,SOC=CCCOOCOS(C)=O
2825,3097,CCCCNC=NCCC=CNC=CCCCF
2826,3098,C=CNC=C(F)CF
2827,3100,CN=C=COC=NCOCC(=N)CC=N
2828,3101,C1=CC=C=CC1C=O
2829,3102,OCCC=C=C=CC=C1C=CCCC1NC(C)NO
2830,3103,CCCCC(C)(CSNN)COC=O
2831,3104,C1CNNCCCCCCC1C=N
2832,3105,COC=SCC=CCC=C=CC
2833,3106,C1CCC1N
2834,3107,NC(O)OC=CCCC=CCN=N
2835,3108,N(C)CC=O
2836,3110,C1(COC1)C=C(C)N=CCONOC
2837,3111,C1[NH1]CCC1=C
2838,3112,NCNC(CS(F)NC1)=C1COF
2839,3113,N1OC1Cl
2840,3114,O=CCCC
2841,3115,NC(C)C=O
2842,3116,CC=C1C=CNC2=C=C(C)C2(C)C(C1)=C
2843,3117,OCONCC(C)=CN=CC=CCCNBr
2844,3119,O1C=CC2(C)N(O)C2C1C
2845,3120,C(C)NC=CC=O
2846,3121,CC(N)SCC
2847,3122,CCCOC=CC=O
2848,3123,CC(CNNC(CCSC)CCC)=C=C1NC=CC=C1
2849,3124,OOCOOC=C=O
2850,3125,NC12CCCN=C1C2
2851,3126,O=CCCNCN(C=N)C=O
2852,3127,CCC=CCCCCC=CC=CCCC=O
2853,3128,CCC(O)CCCC(C=O)=CCO
2854,3129,OCC=CC=CC=O
2855,3130,C1NOC(C)N2CN21
2856,3131,NCC=C=CC=CNC=CCCCCC=CF
2857,3132,NOCOOC1=CC2=CC(C)=C21
2858,3133,C1OC(C2)CCC=C=C2CCCN1
2859,3134,C1NCCC#CC=C1N
2860,3136,N=CC=CCC=CC(C)(C)NN(N)CCl
2861,3137,OCN1NC=C=C(C)CC1C
2862,3138,C1C2=CC(C)(C)CCOCC2C1OO
2863,3139,N=C(C)C=CC
2864,3141,NCCNC=O
2865,3142,CC=NC=CC=CC=CCC=O
2866,3143,CC1CC2=CC1C=COC=CC2
2867,3144,CCC=CCC(OC=NCC)=O
2868,3145,C(OC)NCF
2869,3146,CNCCCCC(O)C=NNCNCCl
2870,3147,NCC=CCCC=O
2871,3148,OCC=S=O
2872,3149,NCNCC=C=O
2873,3150,N1CCCCOCNCCO1
2874,3152,CCC=CCCS(C)=C=CC=CC=CNN(CCSC=N)N
2875,3153,CN=CCNC(NNOC)=O
2876,3154,NCC=CCCC=COCC=C
2877,3155,CSCCC(C)CC=CCC=O
2878,3156,C1CNC=CCCCCCN=C1
2879,3157,C(CCC=N)C=C=NC=NC=O
2880,3158,C1CCC=CCOCC1C=C
2881,3159,CCNNCBr
2882,3160,N1(C)C=C1C=C=S(=O)C#C
2883,3161,O1C=N1
2884,3162,CCN=CCCF
2885,3163,NC(=C)C#CCC=C=CC=CC(C)CCCl
2886,3164,OC(C)C=NI
2887,3165,CCSCC(C)N=O
2888,3166,ON(C)CCNC=CCl
2889,3167,C#CCOCC=C(CC)C#C
2890,3168,C1CCC(C)C=C=C1
2891,3169,C1C(CNCOC)(C)C(Br)C=C1
2892,3170,CCCN=O
2893,3171,OC(N)N=CC=CCCOC1C(C)CN1NS=O
2894,3172,CCCCC(C=C1C)CN=CC=COCCC#C1
2895,3173,O1CCNC1NC=CC=O
2896,3175,O=CCC1C(CNC12)O2
2897,3176,C(O)C(CCC=CC1C=NOC1C=CCC2)C2
2898,3177,C=CCNC(C)Cl
2899,3178,OC1C=CCO1
2900,3179,CCCC=CC=CC=CN1CC1O
2901,3180,ClCCCC(C)CC=O
2902,3181,N=C=C=CCS=C=CONF
2903,3182,N1C(CCC=CC(S)C=C12)=C2
2904,3183,C(C)C(C)[NH1]C=C=CC
2905,3184,CCCCCOC(C)COC=CC=CCNC=O
2906,3185,OC(O)=C(N)C=CCNCN=O
2907,3186,CCCC(C)COC=O
2908,3187,C(=C)CCNN=C(C)C=O
2909,3188,COC#CCC=CCCC=O
2910,3190,CCS=CBr
2911,3191,C=CNN=CNCOCCC=O
2912,3192,N(C=CCN)CCC=C
2913,3193,CCC(C)(C)C(C)=CC(O)CC(O)ON
2914,3195,CCC=C=CC=CCC1CC1
2915,3196,C#CC=C(N)CCC=CCC=CCCl
2916,3197,CN=CC(N)=CC=O
2917,3198,N=CC=C1CCCCCC=C1
2918,3199,O=C=C=CF
2919,3201,NCOCCC=C(C)C=NN1C(C1C2)=N2
2920,3202,C1CCCC=C=CC=NCC1=C
2921,3203,N1=CCCC1C
2922,3204,OCCC[NH1]C=CC=C=CCCl
2923,3205,CCC=CC=CC(C)(C12)N1OC=C2
2924,3206,C=CCNN=O
2925,3207,CCOOCCCCC=CCO
2926,3208,ON=CC1C(C)CC=[SH1]CC1
2927,3209,C=C1CCC=CCC=CC=CC=C(C)C1
2928,3211,COCCCCCS(=N)(=C1)N1
2929,3213,C(C)=CC(SCCC(C)CCC)NC1ON1
2930,3214,C1CC(S)=C=C1
2931,3215,C(C12)=CC#CCC1C2
2932,3216,C1ONCC=C1N
2933,3217,NC(=NC1CC=C2CO2)OC1
2934,3218,CCOCC#C
2935,3219,NCCCCC1=C=NOCC=C1N
2936,3220,C(N)OC=CCC=CC=CNCC
2937,3221,C1=CCC=C1CCBr
2938,3222,C=NN=O
2939,3223,NOOOCCCC=CCCNC=CC=C=O
2940,3224,O1CC(O)C(C1C=CCC(C)C)ON
2941,3225,NC1C=C1
2942,3227,C=1CCCCCCNC2CC2=1
2943,3228,CCC=CCSCCC(CC)CN=C=C(C)Cl
2944,3230,CCC(C)N(C)SC=O
2945,3231,NCCCCC(C)(C)COS#CC
2946,3232,N=NC(N)CC=NCC=CC=O
2947,3234,N=1C=CN(C)NC=C=1
2948,3235,C1CC(C)CC1
2949,3236,C1CNCC(N2)C2=C1
2950,3237,NOCC=C=CC=CC=CCC
2951,3240,CC(CCCC=NCOC=CCC)(CSCN)C#S
2952,3241,COCCC(C=O)C=O
2953,3242,C1C=CC1CCCCC#C
2954,3243,C1C=C1[NH1]C=CCC
2955,3244,C1C=CCCNCC=C=C1C
2956,3245,CNSNC=CC#C
2957,3246,COCCC=C(C)OOC[SH1](O)(Cl)CNCC=O
2958,3247,C12CC2(CNC1C)CC=CC=O
2959,3248,CN1CC=CC=N1
2960,3249,C1CC1(CC=O)OOC
2961,3250,C=COCC(N)NC=O
2962,3251,CCC=CCCCC=O
2963,3252,CCCCCNC
2964,3253,N=C(O)CCOOON
2965,3254,CC=C(C=O)C=O
2966,3255,ClNC(C)=CC=O
2967,3256,C1=C=CC1OC=C
2968,3257,C1CN(C(O)C=CNC1)CCOCON
2969,3258,COC#C
2970,3259,COCNCNOCCCC=O
2971,3260,C=PC=CCOCCl
2972,3261,COCN(CC=CNBr)C(CCF)C
2973,3262,O1C=C=CCC1O
2974,3263,C=CNBr
2975,3264,CCCCN=NC=CCC=C(C=C)OCCCC
2976,3265,CC(C)C=CC=CC#CC=O
2977,3266,CC=CCCOCN=O
2978,3267,C1CC2OCCC=C1PNOO2
2979,3268,C1C(C)CCC=CCC=C=C1
2980,3269,C1=C=NC1(C)NOONC=CCCO
2981,3270,O1C=CC(C)C=CCC2=C1CCC2N=C(C)NCO
2982,3271,C(C)CCC=CC=CCC=O
2983,3272,C1(C)ONC12C=CCCC2
2984,3273,O1CCNCC(C=CS12)N2
2985,3274,C(C=C(C=CC[NH1])CC)C=CCC#C
2986,3276,C12=CNN=C1OCC2C
2987,3277,CNC1CC(CSCNC=CC2=NCCC1)OCC2
2988,3278,C(O)C([NH1])CC=CCNOC=C(C)C
2989,3279,ClCOCl
2990,3280,CCOC=CCCCl
2991,3281,C1#CCC=CC1ONCO
2992,3282,CC=CNCCCCl
2993,3283,NCCl
2994,3284,CCC(F)C(=O)COCCCCC=C=SCl
2995,3285,CCCCN=CF
2996,3286,CCCCC=CCCCC=C=O
2997,3287,C=CC=CCCCCBr
2998,3288,ONCCC(Cl)CS=O
2999,3289,C(C=CC1CN)PCS1(=C)C=O
3000,3290,NC1C=C(C(=C=CC)SC=C)CC1
3001,3291,CC=CC(C)=CC=CC=CC=CC=C
3002,3292,C(C)C=CCl
3003,3293,NOC=CCOCOCOC=C=O
3004,3294,COCCN(C)C=C=NCNCO
3005,3295,N(=C)C=CC=C=C(O)CC
3006,3296,CCC(C)C=C=C=O
3007,3297,C1=CCC#C1
3008,3298,CCOO
3009,3299,CNC=SC=CN(N)C1=CC1=C
3010,3300,COCCCC=C(C)C(C1)N=C1ON
3011,3301,OC#CCCCNCNCC(C)NCCBr
3012,3302,CNCCC=NC=CC=CCN=C=NN
3013,3303,CONC=C(C)C(C)=C
3014,3304,C1CC(=N)CC=CC1
3015,3305,COC=CN(C)CCOCOC=CC=C
3016,3306,SC=O
3017,3307,CCCCCCOC(C)=O
3018,3308,CNCNN=CCCC(C)NC=C(C=C)O
3019,3309,NCC1(CCC=NC)NCOC=CCC1
3020,3311,CCC(O)CC=C(C)CBr
3021,3312,C=S(CC1=O)(C)NO1
3022,3313,C=NCCOCC(C)NN
3023,3314,N1C(O)C=CCC#C1
3024,3315,C=CCCCCl
3025,3316,C(C)=C=NCC=CNC
3026,3317,CCCCC=C
3027,3318,CC(N=O)F
3028,3320,C1C(N2)CCC3OC21C(O4)C43COC
3029,3321,C1CC1SC(N)CCN
3030,3322,C1=CC1(C)OOOCCCC
3031,3323,CC=C(C)C=CCCC1CO1
3032,3324,COOC=C(C)OCCC=O
3033,3325,OC=CCNCCNI
3034,3326,C=CCC(C)C=COCC=O
3035,3327,O=C
3036,3328,C=CCCCCCC(Br)C=CC=O
3037,3329,OCC(C)CCOOCBr
3038,3330,CC(C)=CN(SC)C=O
3039,3331,CCC(C)CCF
3040,3332,O=C=C(C)C=C=O
3041,3334,O1C(CN)C1([NH1]C=C)C2C=C2
3042,3335,CCC=CCOCC=NC
3043,3336,CNCCCCNCCNNC#N
3044,3337,[NH1]CONCC1CC#CC1CN
3045,3338,CCC=NCCl
3046,3339,O=P=CCCSCNCl
3047,3340,C1NCOCCC1=C
3048,3341,N1C=CC=CC1(N(CC)C=CN)COO
3049,3342,CN(C)CCCN
3050,3343,CC=C[NH1]C(S)N(O)C=C(C)CC(CO)CCCF
3051,3344,C1C(C)S(C)=C(C)C1=O
3052,3345,CC(C)(CCCCCC(=C1)O)C1=S
3053,3346,CCNCC=CC=CC=C(N)CCC(Cl)C=CS
3054,3348,CNC(CC=O)=CC1CC1
3055,3349,O1C(C)CNCNS=C=CC=C1
3056,3350,CCC=C1CSC=C(C2)N21
3057,3351,O1C(C1C)CC=O
3058,3352,CCI
3059,3353,OC=CBr
3060,3354,NCN(O)CN=O
3061,3356,C=CSC=O
3062,3357,NCC1C=C(C)CNCCCC1
3063,3358,C1CNSCCCC=C=CC1O
3064,3359,O=C(C)C(C)C=C(C)N(C)O
3065,3360,O=CC=C=O
3066,3361,OCC=C(C)CSCCOC1=CC1C=C
3067,3362,C1CN=C=CC1(C)CCCC=N
3068,3363,C12C=CCC(C)CC1CCCC2N
3069,3364,O=C=C(C)COC=CCNC=CSNC
3070,3365,NCC=CC[NH1]C(O)=CCC#S
3071,3366,NCCCCC(C)CCN
3072,3368,C=CCCC=C=O
3073,3369,CC=C(C)C(=C)C=C=C(C=CC=C)C#CC
3074,3371,COC=CC=NCC1NC1N
3075,3372,C1COCS2(C)(C)C1(C=CCl)C=CCCC2CO
3076,3373,N=CCNOC=CC1C(C)C=C=C1
3077,3374,O(S)NCCSC(C)CNCC#C
3078,3376,BrC=NOC1NCNOC=CC1
3079,3377,CN=CC(CC)=CC=O
3080,3378,CC1NC=C=NC=C=C=C=NN1
3081,3379,NN=C=CC=CCCCSC=CC=C
3082,3380,CNCC=CC1=CC=NC=N1
3083,3381,N=NC=CCCCC=C=C(OCC=C1)CO1
3084,3382,CCNN(C)C=CCCl
3085,3383,C(CCC=C)#N
3086,3384,C=CCNCNC=CCC=O
3087,3385,CNC(C)CCCCCCCl
3088,3386,C(N)CC=CCCNON1C=CCC=C1O
3089,3387,CCCC=C(C)CSCOC=CC(C)C(=N1)OC1
3090,3389,C1CC1CCCNC=C
3091,3390,ONCC(O)CNOC1CC1C=O
3092,3392,INC=CCC=O
3093,3393,C1C#CCCCC=COCCN1Cl
3094,3394,OS1(C2CC=CCO2)CCNC1
3095,3395,CC=CCCOC=CNSC=O
3096,3396,OC=CSCCC(O)CNCC=O
3097,3397,O1C(C)C(C)C1C
3098,3398,CNCCCCC=CN=O
3099,3399,C(O)CNCPN(N)C=CC=C=C
3100,3400,COCC=C(C1)C=CCCC=C=CCCC1O
3101,3401,OCCF
3102,3402,NCC=CCCCCCC=O
3103,3403,C1C2CC(C)(CPCC)N12
3104,3404,CC=CCOC=CCCCCCOCF
3105,3405,C12CC=C(CCNC=N1)CCC(N)C=S2
3106,3406,C1CCC1(C)CC=O
3107,3407,C=COCCCBr
3108,3408,OOOCC=O
3109,3409,NCCC(C)C1CCCN=C1
3110,3410,CCC=CCC=NCI
3111,3412,C(C)C=CCC=S1NCCCC#C1
3112,3413,SC(=C)CC=NC
3113,3414,C1(C)CCC=N1
3114,3415,CCN=CC(C(N)(O)C1=O)=C1O
3115,3416,NCC(O1)CCCC1=CC=O
3116,3417,OCOCCCNCC=CCCC=O
3117,3418,C=NCCC(C)=CCNCC(C)N
3118,3419,CCCCC=C=CNCCCOCC=O
3119,3420,CCOC[NH1]CNC=CCOCCCC#C
3120,3421,NC=C(F)CCCCOC=O
3121,3422,C1ONC(C=O)O1
3122,3423,C1C=CC=C2C1(C)C(C)C=C2OC
3123,3424,CCC=NC=O
3124,3425,CC=CCCS(C)=C
3125,3426,CCCCOCOC=CCCCN=CC
3126,3427,C=C(C)C=CCC=CC=CC
3127,3428,NCN=C=C(C)NCC=C(C)NNOCC=C=COOP
3128,3429,NC1CCCC=C1Cl
3129,3430,C=N
3130,3431,NCC(CCC=C)CCC=O
3131,3432,CCNC=C(O)CCC(C)C(Cl)C=C
3132,3433,CNOCI
3133,3434,C1CC(C)=CCCCOO1
3134,3435,CNC=C(N)CCNCCON=NC=C
3135,3436,CC=COC=CC=CI
3136,3437,C=CC(CCC=C)(C=O)O
3137,3438,S1CCC=CC=N1
3138,3439,N1C=CC=CC=C1OO
3139,3440,C(O)C=NC(CC(C)CNCCC)C=C=N[PH1]
3140,3441,C=CCCC=S(CBr)CCNO
3141,3442,CC=CN=C=C(OCCCBr)N
3142,3443,[NH1]1COC=CC=NCC=CCC1=C
3143,3444,OC(C)=C(C)OCCNNC[NH1]
3144,3445,CCCC=CCCCCC
3145,3446,CCCC(N)CC(C)C=C(N)C
3146,3447,O1C=C(C)CC1O
3147,3448,OC(Br)CC=CC=CCC=O
3148,3449,C=CCC=CC(C)CSC=C=C
3149,3450,CC1=C=CC=NCC=CCC1=CF
3150,3451,CCCCCNC=O
3151,3452,CCCNNC=CC=NC1C=C1
3152,3453,N=CCNCCl
3153,3454,C=CCCCC(N)CON=CNO
3154,3455,N(C)CC=SCCC=O
3155,3456,N=NC(NCOC)=C(N)CCC=C=CC
3156,3457,CC=CN(C)C1NS(C)CCC=C1
3157,3459,O=CSN=CC(P)C=CC1=CNCCCC1OBr
3158,3460,CCCN=CC=C(C1)C=NCC1
3159,3461,O1NCCOCCOCOC1
3160,3462,N#CC=CCCCC=O
3161,3463,C1SC(C)CNCC=CC1
3162,3464,NCC1CCCCCC=CC=CNC1
3163,3465,C=NC=COCCCCNN
3164,3467,CCOC(C)CC=CC=CCCNCCl
3165,3468,NCCCC=CC=C=NOOCC=C
3166,3469,COC#CC
3167,3470,CCCOC=O
3168,3472,CNC=CC=C(NN(C)CCCCN)C#C
3169,3473,NC=C(CCl)C
3170,3474,CCCC=CC=COCC=CCOC(C)Cl
3171,3475,CCCCCCNCCC=C=CC
3172,3476,OCC=C=C=CCNCCCCOC
3173,3477,CCC(SC1=CN2)(S)C1C(=O)N2
3174,3478,CCC=CCC=CCNSOSBr
3175,3479,C=CCN=C(CN=NCC)C=CNO
3176,3480,O1OCCSC1=N
3177,3481,CNONC=CCCCN(CC=O)Br
3178,3482,C=NC=C(F)CC(C)=C=N
3179,3483,O1OC1Cl
3180,3484,COCCF
3181,3486,CONNNC=CN=CC
3182,3487,NCNSC(O)CC=CC(C1C)C1
3183,3488,CNCN1CC1CCC2CC2
3184,3489,CC(C)C=NCS(ON=C1)C1N
3185,3490,NOC=O
3186,3491,COC(C)CCCC=CN=O
3187,3492,NC=CC=CC(CC1NCOCC)(NC#C1)C=C=C
3188,3493,C1CCS=C1CONOC=N
3189,3494,CC1C(CCC)=C1NC=NN
3190,3495,BrCCC(C)COC=CC=CO
3191,3496,OCCC(CC)(C)C(CC)COC=NN
3192,3498,N(=C)CCCCSC=O
3193,3499,CN=CCCN(N)C(NCCC=N)=CC
3194,3500,C1CCC(C=CC=CC)CC=NC1=S
3195,3501,CCC(C=CCl)OC#C
3196,3502,O=CC(O)C(C)C=O
3197,3504,NC(NCC1=CCOC1C=CO)Cl
3198,3505,C=CNCCCNCC=CCOCOO
3199,3506,CNC(=O)CCCONON=O
3200,3507,O1CCCOCS1
3201,3508,C1CCC=CCC2=NC21C
3202,3509,CCCC=CC1CC1NCC=CC=C=O
3203,3510,CCOOCCC(C)NC#C
3204,3511,CC=CCCCI
3205,3512,CC=C=NCC(C)=O
3206,3514,CC(C=CC=C)CCCC=C
3207,3516,C1=CC2(C)OCN2CN=CCC=CC1
3208,3517,CCCCSC=C1C=NCC=C1
3209,3518,CC(C)NC(C)=NCC#CNC=CC=CCO
3210,3519,C(C=CCC=O)=C
3211,3520,C=CC=NNCOCN1C=C1
3212,3521,C1(C=C1)=CC=CC(C=N)Cl
3213,3523,ONNNCOCS(C)=C=O
3214,3524,CC[NH1]C=NCNC=CCC(O)CCNCO
3215,3525,CC(N)C=NC=O
3216,3526,NCCC=CCOC=CC=C=NC=O
3217,3527,SCCCCCCCCOCC#C
3218,3528,C1=C(C)CC2CON(C)C21
3219,3529,SF
3220,3530,NCN(C)CN(C)CO
3221,3531,CS=C=NCOCCCCNCNC=O
3222,3532,C=CONCCC=CCOC=C=C=CC=[SH1]=C
3223,3533,COOCC(C=1)OC=CCC=1C
3224,3534,C(CC(Cl)OCCC)OCC=O
3225,3535,C1C=C=CCN=NC(O1)=N
3226,3536,O1CCCCCOC=P1
3227,3537,CCN=CN=O
3228,3538,C=CCNO[NH1]CCN(C)C=N
3229,3539,COBr
3230,3540,CCCCCNNCC=CCC=O
3231,3541,CCCC=CCC(C#C)CC
3232,3542,C(C=NCOOCC=C1SO)CC(C)C1=N
3233,3543,CNOCC(C)=C(N)CSO
3234,3544,CCOSCSCC(=C)C=C(C=CN)C1N=CCP=C1
3235,3545,CCC(C)OCCCC=O
3236,3546,CNN(C)C=CC=CCC#CC
3237,3547,C1CNC=NN=COCC2=C3CC1(C=C3)C2
3238,3548,O=C(C)C#C
3239,3549,OC(C)=CCCN=C=C
3240,3550,C(C)=NC=CC=CC=O
3241,3552,COC=C=CCCCC(C)CC=NO
3242,3553,NNCCC
3243,3554,CCCC(C1)=C1OCC#CC#C
3244,3555,C=SCSCCCSOCCCCC=O
3245,3556,C=CC=NC=CC=O
3246,3557,C(CC(C)(C)CCCN=N)C=CCSCN=C
3247,3558,C=C(OCCC)C=C=O
3248,3559,OOCCO
3249,3560,CCOC(=C)CC=C=CF
3250,3561,O=CNC(C1)C1=CCCC(=C)O
3251,3562,C=CC=C=C(C)C=CCN=O
3252,3563,COCC=O
3253,3564,C1C=C=NCC=C1ONN
3254,3565,CCCCCCNSCCF
3255,3566,OOC=S=C=O
3256,3567,C=CC=CC(C=CCN)C(C=C1C2=CC)CC1OCCOC=CC2
3257,3568,CNCCC=CCCC(C)C(OC#N)C=1OC=1C
3258,3569,CCCC(=C)CCC=O
3259,3570,NC(C)NCCC=C1CN1C
3260,3571,N=C=C(O)C(C)C
3261,3572,C1CC=NCC1=CC=O
3262,3573,CC(C)=C[NH1]CCC1OC1
3263,3574,CCC=CC=N
3264,3575,OCNCCCCl
3265,3576,O1CCC=CNCC2=CC21
3266,3577,NOC=CC=CC=O
3267,3578,C(C=O)C=C=C=O
3268,3579,O1CCC(C)(C)C(C)C=C1
3269,3581,CCOC(C)(C=CC)CNC(Cl)CN=COC=C
3270,3582,O=CNC(CCCC)C
3271,3585,OCCCCCCCO
3272,3586,NCCCNOC(CCNCC)C(C)CN
3273,3587,CC=CC=CCOCCCCCO
3274,3588,N(C)O
3275,3589,N=CC1=NCOCC=CCC(C)CC1CNC#C
3276,3590,C(OC=NC)N=C=CC(C)CCC
3277,3591,C(O1)C=CCCNCNC=CC=COC1
3278,3592,CCNCC#CC=CC=C
3279,3593,NCOOCNN(C)OCCCC
3280,3594,ClCS=C1NC=CC(C)C1(C)O
3281,3595,CONC=C=CCON(C)CC=C=C=O
3282,3596,C1=CC(O)COC=CN1CCCCCI
3283,3597,OCN(C=CF)C=CNCOCC#C
3284,3598,COOC=CN=CC=O
3285,3599,CCOCOC[NH1]CCCNC=O
3286,3600,C=12CCCC=1N=N2
3287,3601,CCC(C)CCC=CCOOCN
3288,3602,C=SCN(CC=C=C1CNNC1O)N=C
3289,3604,C=CC(OC=CCCC12CCS=C1)OCC=CO2
3290,3605,ONNOC=O
3291,3606,NC
3292,3607,C=CSCNCCCC(C)C=CF
3293,3608,COCCOCCCCC=C=C=O
3294,3609,C1=CCN=CCN1C(CCl)C=O
3295,3610,NCCCC[NH1]C=C(N)CC1CN1
3296,3612,CC(O)(C)C=C1CC1C=S=O
3297,3613,CCCC(CCN=CO)NNC=O
3298,3614,NCN(C)C(C1CCC2)CN1C=CCC=CCNOCC2
3299,3616,CC1NCC=CCCC=CN1
3300,3617,CCC=NC=CCl
3301,3618,C1OCC=NCC1CC=CC#N
3302,3619,CC=C(N)CF
3303,3620,CCCCCCC=CC=CC=CC=C=C=C=CCO
3304,3621,CCNC=N
3305,3622,CCC(O)C#CC
3306,3623,O1CCCC1C=CC
3307,3624,C12CS3C(C)CCCC1N23
3308,3625,C1OC=CCC2CS12
3309,3627,CCC(CCC=C)Cl
3310,3628,CCCCCCS(O)=N
3311,3629,C=1NC=CCCCC=1
3312,3630,OCN(C#CCN)OC=CCCC(C)NO
3313,3631,CCCCCCCCN(C)CC=CC=C
3314,3632,CC=CCC=CCC1C=C=CC=C1CO
3315,3633,CC=CCCCOCOCC=CCN(CC=C)C
3316,3634,CCCON1N(C)OCCCCCOC12CN2
3317,3635,C=CC[NH1]CCCCCl
3318,3636,CC(C)C=CC=C=CCC=CCC(=O)O
3319,3637,C1NC2=CC=CC1N2C
3320,3638,OOC#N
3321,3639,CNCCCC=CCC1=CCCCO1
3322,3640,C#N
3323,3641,C=CCN(Cl)CN=C=C=C=CN=CC=O
3324,3642,CCC(C=S1CN1OCCC=C)Cl
3325,3643,NCC=CCCC=CCC=CC=C(O)Br
3326,3645,NCCCl
3327,3646,CC(C1)C2C=CC=C2C=C=CCN1
3328,3647,CCCCCNCC=O
3329,3648,OCCNCCC1CC1(CCC=NS)N
3330,3649,C=CCCC=CC=O
3331,3650,CSC1CCCNC(C(C)N)C=NC1C
3332,3651,C1CCC(C)(C)CC(CNCO1)OON=C
3333,3652,COCN1C=C(C)C=C=C=C1
3334,3653,CNCOC=NC=O
3335,3654,CNCCC=C(CSC#N)F
3336,3656,CNOC=C=C1COCSC=CN=C1C
3337,3657,CCC(CCl)CC=CC
3338,3658,CCCC
3339,3659,CONOCCCl
3340,3660,CC=CC=CC=CCC(O)=CCC=O
3341,3661,NC=C=COCCC1OOCCC=CC[NH1]CC1
3342,3663,COCOCCl
3343,3664,C1CCC=NC1(C=CCC)NC=C=C
3344,3665,O=CC#CC(C)=N
3345,3667,ONCCN=CCC=[NH1]
3346,3668,NOCCOC(F)=CCC=O
3347,3669,OC=NCC=CCCCN=CC
3348,3670,NCCC=CCCCOCCCl
3349,3671,CC(O)C=C(C)C=C=C=C
3350,3672,NCCCCSC=O
3351,3673,C=CC=CC=C=C=CCSC=O
3352,3674,NC(Cl)C=O
3353,3676,ONC=C(C1)CC=C=C1
3354,3677,C1=NCCCS=CCCN=C1
3355,3678,CCN(C#N)O[SH1]
3356,3679,C[NH1]CC(C)ON=O
3357,3680,OS=NNC(C)C=NCC(N)C#C
3358,3681,P=C(OCN=C=C(C)CC=N1)CC1=N
3359,3682,ONC=C(C)OC=O
3360,3683,CNC1CC=NCC(C=CCC)C=C1[NH1]OO
3361,3684,CSCl
3362,3685,C=CNC
3363,3686,C=CC1NNOOO1
3364,3688,C12COCCCCCS1=C2
3365,3690,CCCOCC(C)SNN=NC
3366,3691,CCCC(CCCCN)C=CC
3367,3692,NCNCC(=C1)CN1CN
3368,3693,OC1NN(Cl)CN=CC1
3369,3696,O1CC(C)=CC=C1COOCl
3370,3697,CCCCC(C)C=C
3371,3698,NCNN(C)C=NCCOCCS=N
3372,3699,OCCCC([NH1])(C)CN=C=O
3373,3701,O(C)C=C=CCC(N)CC(CC1=CC1)OO
3374,3702,CCC#CSC=CC#C
3375,3703,C(O)CC(=C)S=SCOCCCCl
3376,3704,COCCCCCCCCCOCC#C
3377,3705,COCS(O)CC(C)C#CC=CC(CC)CCl
3378,3706,CC(N)=CC(N)C(C)CC1=CC1
3379,3707,NC1NCCOC(C)CCC1O
3380,3708,C=CCCC=NOCC=CC=O
3381,3709,C=CCCCCC=CC=O
3382,3710,CCC(C)=C(C)C=C1C=C1
3383,3711,CCCCCC=C=CCC
3384,3713,NC(C)=CCCCC=C(C)OCI
3385,3714,CNONC(C)OCC=C=[PH1]
3386,3715,C=C=CC=NCl
3387,3716,CCCCCN1CC1
3388,3717,C=CCCC(C)N=CCC=C=C=CN
3389,3718,CN=CCC=CN=CCC=COCCON
3390,3719,C(CS(C1CCCN)C)C1F
3391,3720,CC=CON(C)OC=O
3392,3722,C=CC=CC=CCCCC=O
3393,3723,CCC=C(C)N(N)P(C)CN[NH1]N
3394,3724,C1(C)(C)C(OCCl)CCCN1C=N
3395,3725,P=1CC=CN=1
3396,3726,C(C)(=C)CONCC=C1CC1
3397,3727,CCCC=C=CC=CCPC1=CO1
3398,3728,C1CC=NCCC=C1
3399,3729,CCC(C)(CCC)C#N
3400,3730,OC(C=NN(CC=CC)N1)=C1
3401,3731,C(OCC=CC#CCC=CO)C=O
3402,3732,NCCC(C)CCCN1CN1N
3403,3733,C=NCCCCCONC=COCCl
3404,3735,C=CCCOC=CC(C)CC
3405,3736,C1=C=COCN(C)OCCNC1=O
3406,3737,ClOOCCCCC=CCCOC=CON
3407,3739,CCC=CC=CCS1C=C1
3408,3740,C1N=CCCCN=CC1C=CNOO
3409,3741,C(C)C1NCC=CC=NO1
3410,3743,CC#CC(CC=CC)C=O
3411,3744,NN(N)CC=CC=CC=C
3412,3745,C1=CC=C2CN(C)CCCC12
3413,3746,[NH1]=O
3414,3747,CSC(C=C=CC=C=COC=CCC)O
3415,3748,NOCCCCCCCC=CF
3416,3749,CCC#CC(C)=CCC=O
3417,3750,ON=CNBr
3418,3751,C=CCC=C=S(C1)CC1
3419,3754,CCCC1(C)C=NO1
3420,3755,CC=NCS(C12)N1C=C=NC2NC=C3CC3
3421,3756,C1SOCCCSC1(N)COC=[NH1]
3422,3757,CCC1=CCC2CCCNCCC1=CNC2C
3423,3759,COCCC1=CCCC=CCOCCC1
3424,3760,CCN(NC=CC=CN=CCO)NC=O
3425,3761,C(C)CCCCNC(C)(C)C=C(C)Cl
3426,3762,C1CC=C=S1Cl
3427,3763,CCC=CC1CC=C(O)C1C=O
3428,3765,C=CCC=C
3429,3766,CCC(C)CN=O
3430,3767,C1CCC(O)CCC#CC1
3431,3768,CC(CN=CNN1CCC)NC1C=O
3432,3769,NCCS(C)NC=CC=O
3433,3771,C=C=C=CCCC(C)CC=CO
3434,3772,CC(C)C(C)CCCC(C)=S
3435,3773,OCOC=CCC=O
3436,3774,C=NOOCOCCN(C)O[NH1]
3437,3775,O=CNC=CC=CCC=NCl
3438,3776,CC=COC(C)(OOCC)Cl
3439,3777,CCC(=C)CC(C1)C(=C)CC=C1
3440,3778,C=CCCCC=O
3441,3780,C1C=C=C=S#CC=C=C(C)CCC1
3442,3781,CS=NCCC=O
3443,3782,OCCC=CC
3444,3783,CC(C)C(NN=PC)C=CNC=C
3445,3784,OONCCCN(CC=C1CC(O)OCC=C1)Cl
3446,3785,CCCOCC=O
3447,3786,C1CCNS1(=C)SCNC=CCC=CC=C
3448,3787,C(N)NCC=CCC=C
3449,3789,C1CC1(C)C2CC=CCCCOC2
3450,3790,C1NC1=CCCCCC=C2CO2
3451,3791,N1OCCC=CN1
3452,3792,ONCC=COC[PH1]C=CCC
3453,3793,CCCCBr
3454,3794,NCCCCC=C(O1)N1
3455,3795,C1COC=CCC1N
3456,3796,CC(C)CC=CC=CC=C(C)OOF
3457,3797,C=CC(C)Cl
3458,3798,CNCNCCC=O
3459,3799,C(C)CC=NCNC=O
3460,3801,C(COCC)(C)CCNC(=C)F
3461,3802,C=CC=CC=C=C(CCC=C)C=C=NC=CC
3462,3803,O=NC(C=CN(C)CC[NH1]C)CC1CC1N=O
3463,3804,C1OCC12C=CC(C)OOC=C=NCC2
3464,3805,OCCC=C=NCCCCF
3465,3806,ONCC#CCCl
3466,3807,C=CCN=CCC=NC=CC=CCN
3467,3808,CCCC(=CC)C=O
3468,3809,NC=NOCCl
3469,3810,OCOC=NC(C)CC=O
3470,3811,CCC(C)CCCCF
3471,3812,C=CNCOCC(C)(C)C#COC
3472,3813,COC=CC(C)COC=CBr
3473,3814,CCC(C)C(C)CC=O
3474,3815,NC=CC=CC(=C)CC(C)C1NC1
3475,3816,C=C=C(C1)CC1[NH1]
3476,3818,C1CNC1C=O
3477,3819,CCC=CN(O)PCCCNC1N=CCC=CC=C1
3478,3820,C1CC2C1(C)SC2(C)O
3479,3821,CCC(C)C=C=O
3480,3822,CCC(C)CNC=O
3481,3823,NCCC1CN1N
3482,3825,O1C2(C)N1C2C=C=CCC=C
3483,3826,COCN(Cl)CC(C)C[NH1]
3484,3827,CCNC(N)C1OCC(=C)C2=CC12
3485,3828,N1OCC(=O)C1O
3486,3830,CC(C)C(CNCC)(C1)C1CC=NO
3487,3831,OCC(COC1=C2)C12
3488,3832,CCNC=C=C=C(C)S(C=O)C=C
3489,3833,CCOC=CC1(C)CCC(=C1N)NC#C
3490,3834,C=CN(CC)CCCCCSC=C
3491,3835,ONCNC=NCOSCCC=CC#C
3492,3836,ONNC=CCC=CCl
3493,3837,CCNC1=CCCCC(=C)C1N
3494,3838,CC=NCCC=C=NN(C1)C1
3495,3839,COCNC(S)C=COC=O
3496,3840,O1CCCC(C)CC=C1O
3497,3842,C1CCCCC(=C)C=S1
3498,3845,OS(NCN=O)C=SCNCCN1C=C1
3499,3847,CCCC1CCOCC(C)=CCC=N1
3500,3848,C1CC2(C)C=CCCC=C1OC2=N
3501,3849,NCCCC=NCCC1CC=CO1
3502,3850,NCCC=CSC=O
3503,3851,O1CC=C(C)CCO1
3504,3852,C1NOCC=NCC1CCCC=O
3505,3853,CC=NCN(CC1(C2)N2NC=CC)CC1
3506,3854,OCN(O)CBr
3507,3855,CCCCCCCC=CC
3508,3856,ONC=O
3509,3857,CC1CCCC1C
3510,3858,CCCC=NCCCNCCCCC=O
3511,3859,NC=C(N)CC=O
3512,3860,CNC(N)CBr
3513,3861,N(C)OCCSON(C)C=O
3514,3862,CCOOCCC=O
3515,3864,CC(C)CCC(C)C=CC=O
3516,3865,N1CCNCPCC1
3517,3866,C=NC(=C)C=COCON=O
3518,3867,CC#CCCNC=CC=CONNCC#CO
3519,3868,CCCCOCCC=CCSC=NS(NO)C
3520,3869,CC=CCC=C(C)NCCCCNC=CF
3521,3870,CNNCCC=NC=CC(N)CBr
3522,3871,C1=CCCCOC1
3523,3873,OCNCNCCl
3524,3874,NCNS(=C)(=C)ONCN=O
3525,3875,CCCOCCC=CNC=O
3526,3876,CCC1NC#CCN1NCC=C=O
3527,3877,O=NONC=CCC(=CCCC1)C1
3528,3878,OCCC1CNC(C)PC=C=CCC#C1
3529,3879,C1CCCC=CCS=C1C=C=CCN
3530,3881,C(NCCCC=O)Br
3531,3882,CN(O)CCC=CC[NH1]CC=O
3532,3883,CC=CCNCC=O
3533,3884,NC=NCCC=C
3534,3885,C(C)=C=C=NC(C)F
3535,3886,C=CC=CCCNCOCNC=C=C(C)NC#N
3536,3887,NNOOC([NH1])(N(C)C)C=C=CO
3537,3888,C=CCC#CS=CC
3538,3890,N=NCCCCCCOCC#CCN
3539,3891,CC=CC(C)=O
3540,3892,C=CC=CCNCCCCCCC
3541,3893,C1NC[NH1]OCC12CCOC=CC2
3542,3894,O1CC=C1OC2=C(C)CC2
3543,3895,CCOC=COCC=CCC=CC=CCCCC=C=C
3544,3896,CCS=O
3545,3897,O1N(N)C=CCCCCN=CN1
3546,3899,OCCCNCC#CCl
3547,3900,OCC=NCCC=CCCC(N=NCC)CC#C
3548,3901,C=CC(C)CCCCCCNC=NO
3549,3902,CCC=COC1C(C)C=CC2=C1[NH1]2
3550,3903,C#CC(O)(C)C=C
3551,3904,NCC=C(C)CPCCCOC=O
3552,3905,CC=CC=CC(C)OC=O
3553,3906,COCCC=C(C1)O1
3554,3907,NC(C)(C=NC1)CC[NH1]C=C1
3555,3908,CCC=CCNOCCC(C=C(O)C=C(C)N)O
3556,3909,CNC(C)=O
3557,3911,C1=CC(C)C1=C
3558,3912,CCC=NC(C=CC)N=O
3559,3913,CONNCCC1=NOCC1=C
3560,3914,CC(=CN)Br
3561,3915,COCCN=O
3562,3916,OCNCCC=CNCC=PC=COC=C
3563,3917,CNC(C1)CNCCC=CNCC=C1
3564,3918,C=C=CCCC=C(Cl)C(C)C=CCCC=C(C)O
3565,3919,C=C(CC)CCl
3566,3920,CCN=CCNCOCCC=CC=CO
3567,3921,C1=CCSC1C(C)C#C
3568,3922,OC(C)C(C)=C(C)C#C
3569,3923,OCCCCC1NC=CCCO1
3570,3925,CONC=C=C=CN=CO
3571,3926,CC(=C)N=CCCCOO
3572,3927,C1CNCCCC1
3573,3928,CCC=CC(C)CCCC
3574,3929,CS=C1C(C=CCC)(CC=O)NC1
3575,3930,COC(N=C=NC)CN=O
3576,3931,CN=C=C(C)NC=NCCOCSC
3577,3932,NCC=CC=CCCC=CC=O
3578,3933,O=CC(C)C=CC=C1CC1O
3579,3934,CC1C=CCNC=CC=CC=C1
3580,3935,C1COCCC1=NCCC(C)=O
3581,3937,NCCCCCNC(C1)CC1
3582,3938,CSCCl
3583,3939,NCN(C=CCC)CCl
3584,3940,CCOC=C=O
3585,3941,CN(N)C=C=CCC(C1)S1C
3586,3942,COCNC(O)(C)C=C=CCNN=NC
3587,3943,CCOC(C1)C1SCC
3588,3944,CCCC(C)N(N)C=C=O
3589,3947,OCCCNCC=CS=O
3590,3948,COCN=CNC=C=CBr
3591,3950,CCCOCC=C(C)C
3592,3951,NC(CCCl)N
3593,3952,CCN1C2OCS(=C)C=CC12
3594,3953,CCC=C(O)C(N)C(C)C
3595,3954,NONC(CC=C)=O
3596,3955,C=CCN=C=C=NOCNNCC(C1)CN1
3597,3956,C(C)(C)NC(=C)CC#[SH1]C=CC1NC1
3598,3957,CCC=NCN(C=CC=CC=C=O)O
3599,3958,C1C(C)CC1CC2CC=C=C2
3600,3959,C1N=C(C1)C=PCCC
3601,3960,OCCOCCC(C)C=NS(N)=C
3602,3961,C=CN=CNCCC=O
3603,3962,CN=CCOCC
3604,3963,NC=CCCOCCCSC1=CCCCO1
3605,3964,C(C)N(C)CCCBr
3606,3965,CCC(C)OOC=C(C)C
3607,3966,NCC1CC=NCC#CCOC1
3608,3967,CCC(N)C=CC=C=NCN=O
3609,3968,C1=COC=C1O
3610,3969,OC(C1)=CCCC=CC=CN=CCC1
3611,3970,CCN=CC=CCNCCC1=C=C=CC=C(C)C1NCl
3612,3971,C(C)CCC=O
3613,3972,C1CNCCOC1
3614,3973,CNCN(C)C=CC=CCC=O
3615,3974,NC=CCC(O)C(C)C=O
3616,3975,C1N=C1
3617,3977,CC=CCOCC(F)=CC=CCONC1=C=C1
3618,3978,CCC=C=COC=C1OC1O
3619,3979,C(C)=NCC
3620,3980,C1NSCC=C=CCC1(C)CC2CC=CC=C2
3621,3983,C(N)C1(CC=CC)CC1=C
3622,3984,OCCOC#CCC1SC=CC1
3623,3985,COC=CCCC(O)CC1COCC1OCC(O2)C2
3624,3986,CCCCOCCCC1CC=NCC=C1
3625,3987,CC1(NCC)C#CCCCCN1O
3626,3988,C=CC=NC=C=CCC=CON=O
3627,3989,C=CCCCC(CCC=CCOC)=C=N
3628,3990,CC=CC=CCCO
3629,3991,CC=C=CCNCC=CCCC=CC=C=C=N
3630,3992,C(=C)C(NSC=C)C1=CCCNC1C
3631,3993,OCC=C=CCCCCC
3632,3994,NN=CC=CCCl
3633,3995,C=COCF
3634,3996,NCCCCC(CC)CC=SC
3635,3997,OCC(C)NCN=O
3636,3998,C=COCC=CSPC=NCCNOCCl
3637,4000,C=CCC=CCCC=C(C)C=C
3638,4001,C1CCC1=O
3639,4002,O1CC=COOCC=C1O
3640,4003,COCOC=C=CC=S=O
3641,4004,NCCC(=C)OC=O
3642,4005,CCC=CC(O)COCN
3643,4006,C1C=CCC[NH1]CNC=C1
3644,4007,C#CC=CC
3645,4008,C#C
3646,4009,OC=CCOC=CCCCCl
3647,4010,C1OOCC1N=O
3648,4011,C=CCC=C(C)OCl
3649,4012,CC1=CCON=CCS(C)CC=N1
3650,4014,C=CCC1CCC=C=C(C)CCCC1O
3651,4015,N=1N=CCCNCCCC=1C
3652,4016,C=CCCCOOCCNOC=O
3653,4017,PC=CC=CC=C1C=NC=C1O
3654,4018,CCCCCCCCCCCN=CCCC=CCCON
3655,4019,CCC(N)=O
3656,4020,CC1CC(CC=C(C)CC=CCN1NCC2)C2
3657,4021,CNC(C)CCCC=O
3658,4022,C=CC=CC=CCNCl
3659,4023,CC=CC=CCC(SC=CC)=O
3660,4026,OCCOCl
3661,4028,CC(C=CC(C)SC=S1N)O1
3662,4030,C=CC=CCNCCCl
3663,4031,C=S=CNNCCC=C=C=CCC=NCC=CC=S(N)C=CN=CC=O
3664,4032,ON=CC=CSC1CO[NH1]CC1O
3665,4033,C=CNCCC=O
3666,4036,CCC=CC=CC=C=CC=C=C1CC1C#C
3667,4037,OCOC#CC=CCC=CCNC=O
3668,4038,C1C=NC=CC=S=CNC=CC#C1
3669,4039,C1CC1OC#CC
3670,4040,COC=CF
3671,4041,N=CNCC=O
3672,4042,CCNCNSC=CCC=NC=C(C)C
3673,4043,SCN=CCCC(O)C=C
3674,4044,C1CCC=NC=CCCCNC=C1
3675,4045,CCNN=CCBr
3676,4046,C1C(C)OC=CCC=C1
3677,4047,CCC(N)CCl
3678,4048,C=C(C)CCCC=C(C)NCl
3679,4049,NCCCNC(C)=O
3680,4050,C1OCC(CNC=N)C=C=C=N1
3681,4052,O(C=C(S)C=CCC1=C2)C12
3682,4053,CC(CC=C1CCCNC1O)Cl
3683,4054,CC=C1CCCCC(C=CCC)C1
3684,4055,CCNCCCCl
3685,4056,OC(Cl)CC(C12)NN1C=C2
3686,4057,O=NSCNCC
3687,4058,C=CC=C=NC=CN(OCCN)N=C=O
3688,4059,C1(C)C(Cl)COC1
3689,4062,NCCOCCCC1=CCCC=C1
3690,4063,COC=CC(C)NON=C=CC=C(CNNC=O)C1C=C1
3691,4064,C=1NCOC=1C=CN=C(C)CNCC=CNCC=CN
3692,4065,C=CCCN(C)C=C(NON1C=NC)CC=C=CO1
3693,4066,CC(C)CCN(C)CF
3694,4067,NC(N)(C)N1NC=C=C1CCNI
3695,4068,CC=CONCCC=CCC(C1)N1
3696,4069,OC=CCCN(C)CC=C(C)NC=C=C=C
3697,4070,COC=C=C(C)C(=C=C=NCl)OC=C=NC
3698,4071,C1CCNC1CC=CCCOC=C
3699,4072,C1COCC(C)C1C=C2C=C2
3700,4073,C(C)N=C=NCCC
3701,4074,C=CC=NCOCNCNCCN=O
3702,4075,CCC=CCCOCC(=C)CCF
3703,4076,NNNCCC=C(C=O)C=O
3704,4077,CCNC=CN=O
3705,4078,CCNCCC=NCCl
3706,4080,COOCCNC1C=COOC=C1
3707,4081,O=CCCC=CC(C)C=O
3708,4082,OCCOOC=CC=C=O
3709,4084,C=CCC=CCN=O
3710,4085,CN1COCCC1(C)C(C)N
3711,4087,C[NH1]C(CC=O)=C=O
3712,4088,N1COCCP(CC)C1
3713,4089,C#CCCCC=C=O
3714,4090,CNCCN=CBr
3715,4091,C=C(CNC=CF)N
3716,4092,CCC1(CCl)CC=C1OCN=C
3717,4093,C(C=C)CCS=COCC1OCON(O)O1
3718,4094,C1CC(C)C=CC=C1NCO
3719,4095,NCC=C1COCSCOC=CC=N1
3720,4096,CCNN=CN=CCC(C)Cl
3721,4097,CCN=CS(C)C=CCONC=O
3722,4098,C=C=CC(NCCC=O)CCN
3723,4099,OCNCCC=CC=C(C)CCC=CCl
3724,4100,CCC(C)(N)CC(C)NCC1=NC1
3725,4101,OCCC=CC(Br)COCCC=O
3726,4102,C=C=CC=C(C)C(=O)NC=O
3727,4103,COCCCCCF
3728,4105,C1CCCC1(C)C=O
3729,4106,C1NCCCN1C=C
3730,4107,C1COCNCCC=C1
3731,4108,N1NCCCC1
3732,4110,C1=C(C)[PH1]CNC1CCI
3733,4112,CCCNCC=NC=C=C=NO
3734,4113,NC=COC(COC=O)CC1CC1N
3735,4114,CCC=CCN1C=C=NS=C1
3736,4115,C(C=NCCCC=CC)=CC=C=CC1C=C1C
3737,4116,C(C)OC=CC[NH1]N=CC=O
3738,4118,C1OCC=CN(C)CC1
3739,4119,CCNCOC=CC=O
3740,4120,CC=C(NCCC)C
3741,4121,OC=CCC=CCCl
3742,4122,N=CCC=CCN=O
3743,4123,CC=CC(N)C=O
3744,4124,C1NSCSNC=N1
3745,4125,CCCCCC1C[NH1]NCCOO1
3746,4127,C(N)CCNCCC=O
3747,4128,COOC1C(C)CCC(N)C1C=CC
3748,4129,OCCCC=CCC(S)C#CCCC=N
3749,4131,C1C(C2=C=C(C)[NH1]C213)NC=CC=CS3
3750,4132,CCCCOCC(C)=C=C
3751,4133,CCCCN=CCOCCl
3752,4134,NCCNC=CCCSC=C=C(S)ONCOC
3753,4135,C(C)=CCNCCC=S=C=C([NH1])C
3754,4136,C1CCCN(C)CC=C(C)CN1C=CCC=CC=C
3755,4137,CCCNCC=NN=C
3756,4138,OCC1C=C1CC(C)C(O)C=C
3757,4139,C=CCCC(C)CN=O
3758,4140,CCC=C(C)CCC=C
3759,4141,C=CCCC=NN=CCCC=C=CS
3760,4142,C(C)=COOCCl
3761,4143,C1(S)(C)NC=CC=COO1
3762,4144,C1CNCC=C1
3763,4145,CCN(C)CCl
3764,4146,CC1CCCCC1C=C=O
3765,4147,OCOCOCC(C)CS=O
3766,4148,CC=C(C)CCOCNC=CC=O
3767,4149,CCCCCN=CF
3768,4150,O1C(C)C(C)C1CC([NH1])C(O)CC
3769,4151,CCC(C=C=C)C=CC=O
3770,4152,O=COCCl
3771,4154,CNC(N)=CCC=CC=SC=CC(C=O)(C)C=NN
3772,4155,CCC1C#CCC(CNC=O)C=CCC=C1
3773,4156,C1CSC=C1OCNC=C
3774,4158,NC=C(C)C=O
3775,4159,C=C=S(C#CC)=CNOOCCCCCC=C
3776,4162,COCCC=CC=C=CNC=CC
3777,4163,NCC=CSOC(=C1)C1C=N
3778,4165,C=C=C=C(C)COCCSCCOC=C
3779,4166,CCN=C=CNCN=CP=C
3780,4169,C(N)CS
3781,4170,OCCNC(C=O)=CCCl
3782,4171,N(C)=NC#CC(CC=CC)=O
3783,4172,COC(C)CCC=CC1(C)NC(CN)=CC=C1
3784,4173,OCCC(C=CBr)CC1CCCONC1
3785,4174,CNC(C)N(N)NC=O
3786,4175,C=C(C)C=C(C)C=CC=C
3787,4176,N=NNC=CCCOI
3788,4177,CCC(C)CC=O
3789,4178,CCOC(C)CCC=O
3790,4179,SC=C=CC1C=CC=CCCNC2C=C1CNC=C2
3791,4180,C=1C=CNCCCOC=CC(C)C=1C=C=C
3792,4181,CCNCCC(OPC=C1)C1
3793,4182,C1S=CCOC(N)(O1)C=C
3794,4183,CNC1C=CS=CC1
3795,4184,NCOCNC=CCCC1=C=C1OC
3796,4185,CN=CNNC(C)C=C
3797,4186,C=CC(C)(CCC=CCC=C)CCCC(=C1)C1=C
3798,4187,C1CC=CN1C
3799,4188,CCN(C)C
3800,4189,CCCC(C)=CN(C)CN=CONCCCOOCl
3801,4190,C=C=CNCBr
3802,4191,COC(C)NC=CC(CO)C=O
3803,4192,CCC=CNC
3804,4193,C[NH1]C=NC=C=CC=CC=CC=C=NC#C
3805,4194,OC(C)CCCCC
3806,4195,CCNOCCCC=CCSCl
3807,4196,C(C)C=CCONCCC=CCC=C=C
3808,4197,CCCCON(C)CC=N
3809,4198,C1OC=CC(C)C=C1
3810,4199,OCC=C=NC=CC=CCC
3811,4200,OOC=CC1OCSC=CCCCC1=O
3812,4201,NOC=C(ON1CCC=CC=C1)OC=CC(OC=O)C
3813,4202,C=1ONC=1N=C
3814,4203,CCC1CC=C(C)OCCCOC=N1
3815,4204,C(C)(C)=CC=O
3816,4205,C(CC)CCCNC
3817,4206,O(O)CC=C=S=1CC=1
3818,4207,CNOCC=C=CCC(C)(C)CCCC=C
3819,4208,SC=CCCN=NCCC=O
3820,4209,C1(C)C(C)(C2=C1C(C=N)CC)C2F
3821,4210,C1CN=CC(C)C=CC=SN1
3822,4211,C=C=NC=C(C)C=O
3823,4212,CNCOC(C)C(O)=NCCl
3824,4213,C=CCCC#CCCl
3825,4214,CCC(=C)CN(O)CC(C1)N=N1
3826,4215,PC=O
3827,4216,CCCC(C)C=CCCCC#C
3828,4217,C#CC=CC=CC(O)CC=CCNC=C(C1)C1
3829,4218,N1CC=NC=CC=CC=C1N=N
3830,4219,C(CC1=O)C=CNCC1OCC=C
3831,4220,CC1CC1SCC=C=CNC=C=CCC
3832,4221,CCNCCOCCOCC(N)(C=N)O
3833,4222,OOC1CCC=C1NC=CC=CCCl
3834,4223,C(C=CCCC(C)NC=CN=CNC)OO
3835,4224,CC(C)NC=C=O
3836,4225,NCCCC=CCC=CCCC=O
3837,4226,O1COCC=CC=CCO1
3838,4227,CCCCCCNCC=O
3839,4229,SCC=CCC=O
3840,4230,CCC(C)CCCCC1CC1N
3841,4231,O=NCC(=O)OCSC=C=CC=C
3842,4232,CCCCC[NH1]C(N)CNCCNCCCC=O
3843,4234,CCS=CCN=NNC=C=CCC=O
3844,4237,C1NCCCCC=CCC1CN=C
3845,4238,O=CCC=C=NNCC(=O)C=C
3846,4239,C=1CCCOCC=1C=C(C)C=SCC=CCC
3847,4240,CSCOCC(N)C=CCC=CC1=CC[NH1]N1
3848,4241,CCNNCCCC=CC=O
3849,4242,C=C=C
3850,4243,CC=C=CNC=CN=N
3851,4244,C=NNNCC([NH1])OCCCCC=CI
3852,4245,C=CCCCl
3853,4246,CNF
3854,4247,NC=NCCNCN=C=O
3855,4248,C1C=C=CCCC=C=CC1
3856,4250,C1=NC1C
3857,4251,OC1OCC=CCNC#CC1=N
3858,4252,C1CCOC=CC=C1C
3859,4253,COCC(C)=CCCOC=CCl
3860,4254,CCCOC1NC1(S)C(C2)C2
3861,4255,OCNC1CCC#C1
3862,4256,OCCCCC=O
3863,4258,CCC1OCC=C1CCCCC
3864,4260,CCCOCCC=CCNC=C[NH1]O
3865,4261,NCN=CCOOC=O
3866,4262,C1=CCC2=CC=CC(C)CN1NC2
3867,4264,CC=CONC#C
3868,4265,CONCC=C=CC(C=C)C=CC1CC1
3869,4266,OCC(=O)CCl
3870,4267,C=C(C1)C1=NBr
3871,4268,CCC1=NCC=CC1=CC=O
3872,4269,CCCCCCN=O
3873,4270,NCNCN=O
3874,4271,CCOCONCCC(C)C=CC=C
3875,4272,C1C=CC1O
3876,4273,CCCC(C)CCCCCOO
3877,4274,CCNCN(C)C=CC
3878,4275,CC=CCC=CC#N
3879,4277,C=C=NC(O)C=CCCCC(C1)=N1
3880,4278,CCC=CCCNC=CCC
3881,4279,N=CN(C=CCCOCOCCCC)OCC=O
3882,4280,NOOCNC=CCCCl
3883,4281,COCCC=NCCOC(=O)NC=O
3884,4282,OOCC(C)=C(Cl)CC=CC
3885,4283,NONCl
3886,4284,C=CC=C1C(C)CNC=C1CNOO
3887,4285,C1=NCCCNC2(N)C=C1CCC2
3888,4287,O(OC=S)CC=C1CC1(ON)CC=CCNCO
3889,4288,CNSCC=CCCNCCCOC=CC
3890,4289,CSOCC=C1C(C)SC=C1CN
3891,4290,COC(C)CC1=CC2C=C2C1
3892,4291,C1OC1=CCC=NCO
3893,4292,C1=COC=NC=C1OOCCl
3894,4293,C12=C=NC=C1CCC2C=CNCCl
3895,4294,CC1C=CCC1(C)C=O
3896,4295,CCCC=CCC1CC1(C)CC=C=N
3897,4296,CNNC=CCN(C)CCC=CCC=C
3898,4297,CC=CC1OCCONCC1(C)O
3899,4298,C(C=NCN(C)C)(C)NC=O
3900,4299,CCOCNCCC(C)CC1=C(C)C=CO1
3901,4300,CC(C)C(C)C=S=O
3902,4301,OCCCC(CC=CF)OC
3903,4302,O1CC(C)CC(C)CC=C1CNOC=C
3904,4303,O1CC=C(C)N(C)CONC1=C
3905,4304,CCNC=CCCCCCCNSCCl
3906,4305,CC(C)(OC=O)CNC=CC
3907,4306,CSCNC=C(N)COC=CSOC
3908,4307,CC1=C=NC=C1C=NCC2C=C2
3909,4308,C(N(C)N1Cl)=C1
3910,4309,OC=CCC=C=CN=O
3911,4310,CC(CC=C=C)CF
3912,4312,N=C=C=C(C)CCl
3913,4313,NC=C=CNCC=CC=CCCCNCCl
3914,4314,C1CC=NOSCC1CCCCC
3915,4315,O1CCCCC1
3916,4316,C12CCNC2CNCS1
3917,4317,CCNC=C(N)CC=C=NC
3918,4318,CC=CNF
3919,4319,COC(C)=CCC(NNC1)C1
3920,4320,CC(C)CC(N)C(C=NC#CC)=O
3921,4321,NCCC=CC=CC=O
3922,4323,COCC1CCP=CCO1
3923,4324,N=C=N
3924,4325,CC(C=C=CC)OCOCCCC=O
3925,4326,C(C)CC
3926,4327,C=CCCCCCCCC1C=C1
3927,4328,N1CCCC1(C)NC=O
3928,4329,COCCI
3929,4330,COCCC=COCC=CCN=CS
3930,4331,C=NBr
3931,4332,CC=NNC=C1CNC=C=C1CC
3932,4333,CCNCCC=CCBr
3933,4334,COOC(CCC(=C)OC(C)C)ONC=CO
3934,4335,C(C=CC=C)C=CS=CCl
3935,4336,NC(C)=NC=O
3936,4337,O1C=NCCOCC(N)CO1
3937,4338,C=C=CC=C=C=C(S)CCN
3938,4339,OC=CC=1C=NNC=CCCCCN=1
3939,4340,CCOCCONNC(C1)C1=C
3940,4341,OCCCC=CC=O
3941,4342,NOCON=NC(C=CCC)=CCC=C=N
3942,4343,NC(C)CCF
3943,4344,NC=CCC=O
3944,4345,OCCCOC(C)C=NN=O
3945,4346,C1(C=CC=CCl)C=C1C
3946,4347,N=CCCCCOCCCN
3947,4348,CC=CC(O1)CCOC[NH1]1
3948,4349,CC=CC=C(OC)CC(=CCC)F
3949,4350,C=CCSN=C(C)C=CCC(C1)N=C1
3950,4351,CCCCN(N=O)NCCC=NN
3951,4352,CC(N=CSCCCCCCC=CC=O)C1OC1
3952,4353,COOC(C)C(N)C(COC=C)CC=CCl
3953,4354,C(CNN(C)C=C1ONC2C)#CCCN2CN1
3954,4355,CCCCCNCNF
3955,4356,N1CC=CC(N)NCCCCCC1
3956,4357,C=CC(=C)OCCC=CC=C(C)NCF
3957,4358,CNC=CC=C(NCCCOCC(=C)F)C=CCSC=CN
3958,4359,CNOC(C1)C=CC=CN1C
3959,4360,CCCCC1=CC(O)C(C12ON)CO2
3960,4361,NS1=CC=CC=C1CCC=O
3961,4362,C=CCNNC=O
3962,4363,OCC(O)C(CCC=CC)CF
3963,4364,NC=NCCCOC=CC=N
3964,4365,O=CCCC=C=O
3965,4366,CCC(O)CCC=CC=CN=O
3966,4367,CC1CC(C)C(C)C1(OOC=C)OO
3967,4368,CNC=CC=C(C)C1CC1=C
3968,4369,CC=CONC(=CC[NH1]S)CCCOC=CC=NN=C
3969,4370,CCCSC
3970,4372,C=CNCNOC(C)NC(C)=COCC#C
3971,4373,C(=COC=CCC(N)C=CN)=CC(=C)C
3972,4374,NC=C=CC=CC=O
3973,4375,C1=2CNC=CC=CC1S=2[NH1]CC#C
3974,4376,CCCCCCOCCC=C=O
3975,4377,CC=CC(N(C)O)COOCCCC=CN
3976,4378,C1CC=C(C)CNCC1
3977,4379,CSSCC1=NC1C
3978,4380,C1C=CC=NC(C=2)C=2NC1C
3979,4381,CCOSC1=CCCCCCCC1=CC=C
3980,4383,C(C)CCC=CS=O
3981,4384,CC=CCCCC=C(C)C
3982,4386,CCC=CNC=C(C)CCCCC=O
3983,4387,CCN1CCCN1C=NNCCCOC
3984,4390,CC(CC=CC=CCl)=CC=CC
3985,4391,S(=O)CCCC
3986,4392,CN(C=O)CSC=NC
3987,4393,NCC[NH1]CC
3988,4394,FC(C)=CC=CCC=NC1C=C1
3989,4396,C=CNNC=O
3990,4397,CN=C(F)CCCC=O
3991,4399,O=NC(N)=O
3992,4400,CC=C=C=C(CCC=N)NC=CN=C
3993,4401,CCC=CC=CC(S)F
3994,4403,OCCCC=C=CC1CC1N
3995,4404,CC=COCONN[NH1]CCOC#C
3996,4405,C(Br)=CCCC
3997,4406,N[NH1]C(C)CCS
3998,4407,COC(C)=CCC1=C(C)C=C=NCC1
3999,4411,OCC(C)CC=NC(CC)OOON
4000,4412,CC(C)OCC=O
4001,4413,O=CCCCC=C
4002,4414,CCC1=C(C)CON(C)CCCC1=C
4003,4415,CC=COCCC1C=C1C
4004,4416,C1NCCCCCCNCO1
4005,4417,CCCCCO
4006,4418,O1CCC=NCNCCC=CC1
4007,4419,CC=C=CCCCNCC=CNC
4008,4421,CCC=CC=NC=C=CC=C=O
4009,4422,NCC1N2C=CC=NC21C
4010,4423,C(N)C1NC(NCl)C(C(O)=C(C)O1)NNCCF
4011,4424,CNN=C(C)CC(N)OC=C1S=N1
4012,4425,CCC1=CC(C)CC=C1
4013,4426,OC=C(OC(C)=NO)CCN=C=S
4014,4427,N1=CC(C2)CS2CN1CCCl
4015,4428,OCCCCCC=COC
4016,4429,NCC=CCC=CC(C)CC
4017,4430,C=CC=C(COC=CCCO)CCl
4018,4431,CCC=C=CC=CC=NO
4019,4432,CCC(C)NC=O
4020,4433,C=C=CC=C1CC=C=CC1CC
4021,4434,O1CC(O)C=C1C=C=NCC
4022,4435,NCS=NCC(CC)COC
4023,4436,CC(C)N(O)C(C)(C1)O1
4024,4437,CCNC=O
4025,4438,CCCCCCCCO
4026,4439,C=C=CNC=CC=CC=CC=C=CC
4027,4440,CC(C=CO)CCC=CC1C=NCC1C=C=CC(N)=N
4028,4441,CC(=CCCN)C=CCNC=CC=COOO
4029,4442,CSCC=C1CC=SOC=C1C
4030,4443,CC(N)C1C=NSC2=C1N=CCOC=C2
4031,4445,O=C=CC=O
4032,4446,N1=C2CC12C
4033,4447,C=CCNCC=C
4034,4448,C(C)CCCOCCC=CCCl
4035,4449,N1C=NON=NC=C=C=N1
4036,4450,CNOC#COC(C)OC(O)C=O
4037,4451,CNCCCC(C)C(C)CCCl
4038,4453,ONC(CCCCN)(C)CCC=O
4039,4454,CC(SC=C=CCCC=NOC=CC)NCCBr
4040,4455,NC(CC=NCS(C)C(C)=CC)CC=C
4041,4457,SCC=CONPCC=C=C=O
4042,4459,CC=CNCCC#N
4043,4460,CC=CNC(C)C=C
4044,4462,N1CC1=NNC=CCl
4045,4463,O1CCC#C1
4046,4464,NOCCCCC=C=C(O1)[NH1]1
4047,4465,NCC=NCC(C=C)NNC=O
4048,4467,C1OCC=C1C
4049,4469,CCCC=CCC=O
4050,4470,COC=COCCC=C(C)C=CC
4051,4471,C1OCC=C1CCC=O
4052,4472,CCNN=O
4053,4473,O1C(NC=O)=S=CCC1
4054,4474,CN=CCCCC=CCCC=CF
4055,4475,ON(C)C=O
4056,4476,OOCCC=CCC[NH1]C1C=C1
4057,4477,OCC(CC=CC)C=CCOO
4058,4478,NC=CCCCCC=C(C)CCC=CC=C=C=C
4059,4479,N(CCC(O)OC=CCC1)=C1
4060,4480,CNCCCC(C)=CC=O
4061,4481,O=NC=C(C)C([NH1])C=NC1CC1
4062,4482,CCC(NCC)(NC)C(C)N
4063,4483,CC(C=O)CCCCCBr
4064,4484,ONC=CC=O
4065,4485,CCCCCC=CC=CCC=CCl
4066,4486,CCN=CCF
4067,4487,NC=CC=CNCCC=CC=CCC=N
4068,4488,C1=CN=CC=CC1=C(C)CC=O
4069,4489,COCNC(Cl)OC=CC=CNC=C=CCCS#C
4070,4490,NC=CC(=O)C=O
4071,4491,S=C=C
4072,4492,CCC=COOCCCC=CC=C=C
4073,4493,OCNCC=O
4074,4494,O(C)CCC=NCCCl
4075,4495,C=CCC=C1C=C1CCCN=CNCOC=NN
4076,4496,C1=C=CCC=NC1CCOC=O
4077,4497,C=1CC=C(C)COC=C=1
4078,4499,CCC1=CC(C)CC1(C(C)=C(CC=CC)C)C=NOC
4079,4501,C1OCOCCC2CC=CC=C21
4080,4502,CCCCCCC1C=C(C2CCOC2=CO)O1
4081,4503,C=CCCCNCCCCCl
4082,4504,OCOCC=C(C)CC=CC(C=CC)=C
4083,4505,C1=CNCC2N1C=CCC2
4084,4506,C1NCCN1N=O
4085,4508,C=COCCC(C)OC=CCN
4086,4509,C=CCC=CCNCCC=CCC=COOCC=N
4087,4510,COCN(C)CCCON1C(C)CC=C1
4088,4511,CCNCNC#CNCCCN
4089,4512,CC=C(N)OCl
4090,4513,C=CC(CCC=C)(C)C=O
4091,4514,CCC1C(CC(C)C1OCC=C)CC=C=NCC
4092,4516,OCBr
4093,4517,N=CCCl
4094,4518,C=CCCOOC=O
4095,4519,OCCCCOC=C(C=1)C=1OCN=CC
4096,4520,C1C=CC=C=C1CNI
4097,4521,CNOON=C(C)C=O
4098,4522,CNC=CC=CCC=CC(C)OO
4099,4523,OC=COC1NC1
4100,4524,CCCC(Cl)C=CC=CC
4101,4526,CC=COC(N)C=O
4102,4527,C12NC1CC2=O
4103,4528,C=1CCC=1C
4104,4529,CCC(C)C=C=C=C
4105,4530,CCCCOCC1OCCC1(C)O
4106,4531,C=CCC=CCC=CCCCCCCSCC#C
4107,4532,CN(CCNC=C)C(C)C=O
4108,4533,CCNCCOCCC=CC=C(C)OC
4109,4534,N1CCC=CC=NC(CO)=NC1N
4110,4535,N=CC=C1CC(C)=NN1
4111,4536,C=CCCC=NC=C(C)CCNC=C
4112,4537,CCCCCCC=CC1C=C1N
4113,4538,CCC=CC(=N)C#C
4114,4540,N1=C=C=CCC1F
4115,4541,OC(C)=C(C1)NC1P=N
4116,4544,COC#CC1N=N1
4117,4545,C1NC(CC1)OCCC(N)C=O
4118,4547,O1C=NC=CCC=C=NC1
4119,4548,C(OCCC)CS=CCl
4120,4549,SCCCCCCC=C=NCOSO
4121,4550,C1C(CC=C(C)C=CC=C=CC12)C2=C=O
4122,4551,C1CC=C=CCCC=N1
4123,4552,C=COC(O)(C)CNCC
4124,4553,NOC(O)C=CCC=O
4125,4554,CNC1(C)C(C)CC1CCN(C)C=O
4126,4555,C=CC=CCCN=O
4127,4556,C=C(CCC)CC=CNCCCOCNC
4128,4557,NCCCCCC=C=NCC1C=C1
4129,4558,CC1=CCCC=C=CC=CCC#CO1
4130,4559,CCCCC=CCOC#CC=C=CC=CO
4131,4560,C1OC=CNC=C=C=CCC1(OONCl)OO
4132,4561,N1CCCCCCN1NN=C
4133,4562,[SH1]CN=O
4134,4563,O=C(Cl)CNC#C
4135,4564,S1CCN(C)CC=C1O
4136,4565,NC#CCC1CC1=O
4137,4566,N[NH1]OCCC=CC
4138,4567,C=C(C)CCNOC=CCCNC
4139,4568,OC=C(CCCC)CCBr
4140,4569,C=NC=O
4141,4570,C1CC=NC=CCCCCC1
4142,4571,CC=NC(C#N)CN
4143,4572,CCC=C(C)NOC=CCNC=C
4144,4573,COC=CC
4145,4574,CNCSCNCCCl
4146,4575,CCCC=CNCC(C)C1CCOO1
4147,4577,C=CC
4148,4578,OC(N)CNCC=C(C)CCOCCC#C
4149,4579,ONC=C=O
4150,4580,CCNCCN=NC=C
4151,4581,OCC(C)(C)C1CN1N
4152,4583,CCOCNCOOCOC(C)C=O
4153,4584,CC(CC1C=CCCC)(NCCON)C1N
4154,4585,C=1=CCCC(C)N=1
4155,4586,CCC=C=CCOCBr
4156,4587,CCCCCCC=CC=CN=C=C
4157,4588,C(C)=CC=C=CCCC1=CC1=C
4158,4590,CC(C)N=CC=CN1CCCCC1
4159,4591,CCC1NC=CC=CCCC=C1NO
4160,4592,C=CC=CC=CCNCCBr
4161,4593,C1=CC=CCC=CCN1P
4162,4594,CCC(OCC)C=O
4163,4595,NCCC(C=CCC)C=CN=O
4164,4596,O=CCCSCNCC=NCCl
4165,4597,CCCC=NC=CCCCCCCC=O
4166,4598,SCC(C)C=CCl
4167,4599,CC=C1CC=CCCC=CC(C)C=C1
4168,4600,N1OC=CCC1=C=C
4169,4602,CC1=CCCNCCCNCC1(CC=NC)ON
4170,4603,CC=COOC=C(C)C1CC(C2)=CNC1C=C2N3N=N3
4171,4604,N=NCCC=C=O
4172,4605,CCC(CNNCCOC=CC=NC)Br
4173,4606,C=C=CCC=CCCC
4174,4607,CC(CCCCOCC=C=N)=O
4175,4610,CCCCC=CC=C=CCOC=C
4176,4611,CNCC=CCCC=CC=O
4177,4612,O=CN=O
4178,4613,C1C2=CNCOCC2C1CC=C
4179,4615,CONC1=CC=CCOC=NNON=C1
4180,4617,CCC(CCCC=C1)=C1
4181,4618,OCCNCC(=C)C=C1ON1
4182,4619,CCC(C=C=O)OO
4183,4620,C=C=CCC(C)(CC)C=C(ONC1CNC=C=C1C)C
4184,4621,C1OCN=C=C1
4185,4623,NNC=CNCC#CC=COCNC=C=C
4186,4624,O=NC(C)C(=O)N
4187,4625,NCCCC(N1)C1N=C=NNC=C
4188,4626,C=C=CCCC(C)CCC1CC1O
4189,4627,CCCNCCNCCO
4190,4628,C1=CCC2=CC=CC12
4191,4629,NCCN=O
4192,4630,OCC=CNC=CC=CNF
4193,4633,C=CCCCC=CC
4194,4634,C1CC=CC=N1
4195,4635,O1C(C)=CSC(C)C1N
4196,4636,C=NCNN(C)OONOO
4197,4638,BrSC=CNC[NH1]C1=CC(C)C(O)N1
4198,4639,CCC1=NNC(C=CC=CN=O)(C)O1
4199,4640,OC=C=C(C=CCCN1)CN(C)CC1
4200,4641,CC=C=CCCl
4201,4642,NC=CCC1NCCCCC#C1
4202,4643,CCC(C)CC=NCPC=C(C)NC=CCC1OC(C)C=C1CF
4203,4644,CC=CC(C)CCNC
4204,4645,CC=C1CCCNC1(C)C2CN=CCOC2
4205,4646,NNC=C=CC1CC1[NH1]
4206,4647,CCOC(=C)CCCCNCCC#N
4207,4648,CNNCC=CC=O
4208,4650,CCC(C=NCN)=C=O
4209,4651,FC=C=C(NC=CC#N)C=CO
4210,4652,C1CC2OC=C1O2
4211,4653,CC=COCC=COC=CCN=N
4212,4654,CNCCCOC(=C)CC=CCC=C
4213,4655,CC(CCSCC)C(=C)CC=O
4214,4656,CC(C)C(N)CCON=NCC
4215,4657,CPCN(NCC#C1)C1CCCC=CCC#N
4216,4658,CC(N)CCCCNN([NH1]1)CO1
4217,4659,OC1C=CCCC1=C=C(N=C)ONC=NO
4218,4660,CC1C(CNC[NH1]1)CO
4219,4661,C1=CCCC=CSCC2(OC1C)C=C2
4220,4662,O(F)COCC1C=C=S=C=C1OCC
4221,4663,N=C1C=CNCC[NH1]CCC(C)C1Cl
4222,4664,C=1CCOCCCCP=1S
4223,4665,C=NOOC=C
4224,4666,CCCC1=C2C(N)C1NCC=CC=C=C2
4225,4667,C(O)=CNNC=CCOC=CC=NC#C
4226,4668,N1CCCC=COCC1
4227,4669,CCN=CCOC=CC1C=CC=C=CC1NC=CN=O
4228,4670,C1OCC(C)CNCC=C1CONCC2C=C2
4229,4671,CC=CNNCC=CC=O
4230,4672,CC=CCNC=SCNCOOS=N
4231,4673,CSC=CCCCCCC
4232,4674,C1C=NCNC=C1
4233,4675,CCSCOON(CNC=C)C=CCCC1NO1
4234,4676,CCC=C(C)NC=CCNC=CCl
4235,4677,C=CC=CCONC=NS(O)C=C=SO
4236,4678,OC=CC(C)N(C)CC=N
4237,4679,C=COC1CCOCCCC1
4238,4682,C(C(C)CC=C=NCSO)OC
4239,4683,COC=C(C)CCCC#CC
4240,4684,OCC=C=CNCC=CC=C(C1)C1Br
4241,4685,CC(C=NCC#C)=CC=CC=O
4242,4686,C=C=C=C(C)OC
4243,4687,CCCOCNCCCSN=C
4244,4689,NC=CCC1CO1
4245,4690,NCC(C)CC=C=CCC=CCCCC=C
4246,4691,C=C=CSNC=CC=O
4247,4692,CCCCCC1(C)CCCCCC1
4248,4693,O1CN=C(C1=C)OC=CC=CC=CCCl
4249,4694,CC(O)=C=NCOO
4250,4695,CC(CCCC)C1=CN1
4251,4696,O1CC=CC=CCC(C)C1
4252,4697,C=C=CCCC=C=C
4253,4698,N1NCCCC[NH1]C#C1
4254,4699,CNC1C=CC(N)C1(C)C=C
4255,4701,C1(OCCC#CC=CC)=CSN1C
4256,4702,CNNC=CC(O)C(C)OCCCCC=O
4257,4704,C12C(C)(C)C1CC=3CC2CCC=3N
4258,4705,C1CCN=CNOCC=CCCC1
4259,4706,CC(C)C=CCBr
4260,4707,CC=CC(C)C=C=C=CCC1=CCC(C2)C12
4261,4708,C=CCC=C=CC1=C(C)OC=C1
4262,4709,C=CCC=CC=CN=O
4263,4710,CC=C=NC=CC(S(N)CCC=CC)OCCOC
4264,4711,CN(C)C(C)C(COC=O)C=CC
4265,4712,NC(CN=NC)CC=C=CS=O
4266,4713,CCCNCNC#CCCNOCCOC
4267,4714,C=C=CS=NC(C)C#C
4268,4715,C=C=CC=C=C=CCC(CCC=C)N1C#C1
4269,4716,CCC=CC=CCC=CC=C=C=O
4270,4717,COCC(C)CC=O
4271,4718,C1C(=C)NPC=C=CC=C=CC12OC2O
4272,4719,CC(C)CCC=C=C=CN
4273,4720,CCCCC=C(F)C=CN
4274,4721,C1C=CCCCCCN=C1NO
4275,4722,C1=CCCN1CCCCCNF
4276,4724,CCCCC=C1C#CN(C)COC=C1O
4277,4725,OC=CNCC(C)C=NC(C)F
4278,4726,O(C)C=C(NCC)C(=N)C=C
4279,4727,O(C1)C1=CC
4280,4728,CC=C=CCCCCC=O
4281,4729,C1C=C1CC[NH1]OC(C=COC)C
4282,4731,OCOCC(CC1CCCCBr)=N1
4283,4732,OCCNCNCC1=CCC=NO1
4284,4733,N(C)CN=CCC(C)CC(C)CC(C=O)C([NH1]Cl)O
4285,4734,N1=C2C1C2
4286,4735,ONONCC=O
4287,4736,NCCCCS=C=O
4288,4737,CC(C)CN=O
4289,4738,N=C=CNCCSC(C)I
4290,4739,CC1ONCCC1C=CC=CNCN2C#S2
4291,4740,C(C=CC=C)=O
4292,4742,C1NC=CSCCC=C1
4293,4743,CCCCC=C=CCCl
4294,4744,CC=C=CC(C)C(C)NC=C=O
4295,4745,C=CCNC=CC1C=N1
4296,4746,CN=CCNCCSCC
4297,4749,NCCNC=CCCNNSC=C(C)N
4298,4750,NNC=NN=O
4299,4751,C=CC1C2C=C=CC=C2CCC=C1
4300,4752,C1(CNOCC12NOC3C=O)CCC3NCCS2
4301,4753,COC=N[NH1]C=CCCCC=COCCl
4302,4754,CN=CCC=CN=CC=CC[NH1]
4303,4756,CCCC#CCC=CC=CCCO
4304,4757,CC=CCN(C)CCC1CC1=O
4305,4758,C=CCCCC(=N)C=C
4306,4759,O1CNC2(C)CCN12
4307,4760,C=C(C)OOC=CC=C=C=CCCCC=C=C=C
4308,4762,C1=CCC=C1C=CCCCCCBr
4309,4763,CSCOOCC=CCCC=CCC=C=C=CC#C
4310,4764,COCCC=C
4311,4765,CCC(N)(CC=O)Cl
4312,4766,CCOCCCCCCCCC(=C)C=C(C)Cl
4313,4767,C1CCC=C1C=NC=C(C)Cl
4314,4768,C=1C=CCN=1
4315,4769,CCC=C[NH1]OCCl
4316,4770,CCC(C)C=O
4317,4771,NCCCOCC=C=CC(C)=O
4318,4772,CNCCCCCCCC=CCF
4319,4773,OC(OCCC)CCCC=CC=NCCC=O
4320,4774,C=CN(C[NH1]OON(C)C=O)CCC#C
4321,4775,O1C=C(C)C=NCC=CCC1
4322,4776,N1NN1CCCCNCCCN=O
4323,4777,CS(C=O)N=CN1CCC=CC1
4324,4778,C=CC=C(CC1CO)OC=C1ON2CC2
4325,4779,CCCC(CCOC=CC#CC)N(C)COBr
4326,4781,CCC=CNCOONC=O
4327,4782,NS=C=O
4328,4783,CCC=CC(N)=C=CCl
4329,4784,C1CCCCN=C1N
4330,4786,O(C)CF
4331,4787,N(N)COCN
4332,4788,COCSC=CCN=C
4333,4789,CCC=C(O)C=CBr
4334,4790,C=C=CCC=CC=C(C)C
4335,4791,NC=C=CCC=O
4336,4792,NCCC(C)ONO
4337,4793,CONN=NCC=O
4338,4794,C1N2C=CCC1N2
4339,4795,OOC=O
4340,4796,CCNC(C)(F)NOCC
4341,4797,CNCC=CCCl
4342,4798,C1CCON=C1C=C=CC
4343,4800,CCCCC=C[NH1]CC=O
4344,4801,CC=C=C(C)CN=O
4345,4802,C=CC1ON1
4346,4803,NCCC(=O)CC(=C)C=C=CC1=C=NCN1
4347,4804,C1CCCCOC1(C=C)COC
4348,4805,C=CC=CC=C(C)NCCCl
4349,4806,C1CC(=C)NC=CC1S
4350,4807,CN(N)N=CCCCCNC
4351,4808,NC(CS)NC=CCNC=CC=O
4352,4809,C(C)CN=S1CCCCC=CCCC=C1
4353,4810,C1C=CC=CC2=C(O)C=CC1CCC2
4354,4811,C1C2C=CC=C=CC=C12
4355,4812,CCCNCOC=O
4356,4813,C1=CC=CSCCCC1C=NC
4357,4814,C1=CC=NCC1S
4358,4815,CCOC=NC=C=CNC(=C)NC=O
4359,4816,CCCCC1=C2CCC=C2N3CC=CCS13CCCl
4360,4817,N(C)=C=NCC(C)N=CC=NC=CC
4361,4818,COC(C)CCC(C=O)CC=C=C
4362,4819,OCN(OC=CO)CCCC=C
4363,4820,COCCC=CC=CNCCCC=O
4364,4821,C=NC=CCCC1=NN=CC=C1C
4365,4823,CCOC#COCCC=CC[NH1]C
4366,4824,C=C=CCC=C=NC=CC=C=NS
4367,4825,ONC=NNCC1C(O)OCOOCO1
4368,4826,CC=CC(COC1)=NCN=C=NC1
4369,4827,CC=CC1=CCCC=NC=C1
4370,4828,C=NCC1CCNCNCCCC=NOO1
4371,4829,CC=C(C)CC=NC1NCOOC1=C=C=C=[NH1]
4372,4830,CCOCC=CCCCCCON
4373,4831,CCC=CC=C(C)NCC
4374,4832,N=CC1NC=CCC1N
4375,4833,O=CCCC(C1)C=C(C2)CC1CC2NBr
4376,4834,O=C(C)CCC#N
4377,4837,C12CC=C(C3)C=C2C=CN31
4378,4838,CNCCCCCC(C)N=NC=N
4379,4839,COCOCNCC=CCCCC=N
4380,4840,COC(CC1(C=CC=CO)C)OC=N1
4381,4841,O=NC=CCC=CC=CCCC
4382,4842,C1CCCC1
4383,4843,CCOSCCCCC=O
4384,4844,CNCC1=C(C)C=COC1
4385,4845,CSCCNC(C=O)C=CC=CC1C=CN1
4386,4846,CCC1OCC(=C)C#CC1Cl
4387,4847,O=CCCCNC(C)=O
4388,4848,CNCC(C)NC(ON)=C(Br)O
4389,4850,N(O)CNC=1SCC=C(C=1)C
4390,4851,C=CC=NCCNC=CN=CC=S[NH1]
4391,4852,CCOC(CCCCCCCOCCC)N(S)NCC=O
4392,4853,CNCC=CC=C=NC(O)CC=O
4393,4854,C=CNNN=O
4394,4855,OCCCNCCl
4395,4856,COCOCCS1CS1
4396,4858,NCCCCCCOCO
4397,4859,OC1C=C=CC2N1C2
4398,4860,CCCCCC=C=CC(CC)C=CC1=CCC=CC1=C
4399,4861,C=COC1=C2C(C)CCCNCC12
4400,4862,CCNCCCC=O
4401,4863,CCCCC(C)C(CO1)C1
4402,4865,N[SH1]CC(C)CC=O
4403,4866,CCCC=CC=CC=NSC=CC=O
4404,4867,CCCOCCC(=C)Cl
4405,4868,NCC(=C)C=CCC
4406,4869,C=C=CCCOC=O
4407,4870,CNC=CC=CC=C(C)OCSCC
4408,4871,O=CC#CC(C)OC=O
4409,4873,O1CCC2=SC=CN=C(C)C1O2
4410,4874,CC=CN=CC=C=O
4411,4875,COONC1(O)CC=CN1CC=CCC=O
4412,4877,CC(OC=CC1)C1(CC=CC)C=CCOCF
4413,4879,CCCCCCN=C[NH1]CCOC
4414,4880,CCCCCCCC1=NCC=C=NNC1
4415,4882,CC1CNCCC=NC1
4416,4884,C(Cl)CCNC(C)CSCC=C1OC1C
4417,4885,CCCC(COO)C(C=C)C=C=C
4418,4886,OCCCOC=CCC1CN1
4419,4887,OCNN=O
4420,4888,C=C1CNCCC1C=O
4421,4889,C1CCCCC(C)CC1
4422,4890,CCCCCOCCC=CSCC(C=O)NOCl
4423,4891,CC=CCCSC=NCC=CC=C=CCCCNCC1=CC1
4424,4892,OC=C(N1CC=C)CONN1
4425,4893,N=C(C)C=O
4426,4894,C1C(C2)C21CC=CC=CCO
4427,4896,OCNC=C(C=N)CNC(=C)O
4428,4897,NCCCOC=CCC(C)CCC=C
4429,4898,CSC=C(O)CN=O
4430,4899,C=C=CCNC=O
4431,4901,C#COC(Cl)(C)CC1NC1COBr
4432,4903,NCCCCN=CC=C=C(N)NF
4433,4905,O1CCC1=O
4434,4907,COCC(C1)OCOOCNCC2CC2=C1
4435,4908,CCC=CC=POBr
4436,4909,C=C(C)CSC=O
4437,4910,CCCCC12NCN(C3)CC1(C)C3S2
4438,4911,C1CCCNSC(C)CCNN=C1
4439,4913,C=CN=C(O)C=CC(C)O
4440,4915,CNC(C)=C1C=C1
4441,4916,C=CC=CC(NNC=C=CCO)COC#N
4442,4917,CC(C=CCC)(C)CC=O
4443,4918,NOC=CCNC=NCl
4444,4919,C1C=C=CCC1C=C(C)F
4445,4920,CC=C=CNCC(=C)NO
4446,4921,N12C=CCC=C1C(C)NC=CC2
4447,4922,NN(C=CC=CCNCCCCNC1=C)CCCC1NO
4448,4923,CCC=CCC1(C)C=CO1
4449,4924,C(CC=CNCNC=CCl)CC
4450,4925,ClC(C)C1CCS=C1CC
4451,4926,CC=C(COCCC=CCCC)C#CC
4452,4927,CCCN=CCCC=C(C)CCCl
4453,4928,C1=CC=CC2=C1C(CC)C2C
4454,4929,CC#CC=O
4455,4930,OCC(O)C=NN=O
4456,4931,NCOC=CCC=C=NOCCCO
4457,4932,C=CNCN=C=O
4458,4934,C=S=CCC(C)CC=O
4459,4935,NC=CC=CCNC=C=O
4460,4937,O=CC=CCF
4461,4938,C(CCC)CCOCCCC=CNC=C
4462,4939,NCCC(O1)C[NH1]C(C1C2)=C=CCC=C2
4463,4940,N=CCC(C)NC(CC#C)CCC(C)C=O
4464,4941,CCOC1N2NCCS1O2
4465,4943,CCCC=NCCC=CCNOCCCF
4466,4944,C=C=CONC=C=NCCC1(C)N=COC(=C2)C12
4467,4945,C=NCCN
4468,4946,OCCC=CS=NOCCCC#CCCC
4469,4947,FCC=CCCC(C1)C1
4470,4948,COCCOF
4471,4949,C=CC=CC=CCCC(C)SC#C
4472,4950,C12NCOC=CN(C1)N2
4473,4952,O=CO
4474,4953,SC(C)C[NH1]CC(C)=CNN
4475,4954,SOCSC=CNCCOCC(C)(C1)C1
4476,4955,N=C(O)CC1CCCC1CSC=CCC=O
4477,4956,OCNCCC=C
4478,4957,C=C(C)OC[NH1]C=O
4479,4958,N1C=CCC(NC=NC1CCN)C=C2N=C2
4480,4959,OC(C)=NC=NC(N=NCCC)OC=CO
4481,4960,COCC=CCC=O
4482,4961,C(C)N(CC=CC)CSCCC(N)C=C
4483,4962,O1C=NC=NCC1(C)C
4484,4963,C(O)=CN(C=O)SC=C=O
4485,4965,CC(C)C=C=C(N)CC=CC=CNC
4486,4966,CCSCF
4487,4967,CCCOC(C)C=CCNNC=CCF
4488,4968,C1C(C)NC1=C=NCCCCC=O
4489,4969,N(CCCCC(=C)CCC)CNC#C
4490,4970,NCC(C)CCCCOCCl
4491,4971,COCCBr
4492,4973,N12COCCC1(C)C3=CC23
4493,4975,C(C)C(CCC=O)Cl
4494,4976,CN(C)ON=C=NCOOC
4495,4977,C=NCCCCC1NN1O
4496,4978,C=CC=CC=CCNOC=CC=SNC1CC1ON
4497,4979,CC(CNCS)CCCCC=CC=C=O
4498,4980,C1NC(CNCC)(CCCC)C2=C1C2
4499,4981,C1CCCCCC=CC2C1N2
4500,4982,CCCCCCCCC=O
4501,4983,CC(C=O)(C)SCOOC
4502,4984,NCCCC=CN(C)CCOC=C
4503,4985,CCC=NCS1C=CCO1
4504,4988,C(C)CC(F)C=CO
4505,4989,N=CC=CNCl
4506,4990,C1C(N=O)O1
4507,4991,CCC(N)(CSC=O)OCCC
4508,4992,CCNC=C
4509,4993,O1CC1=O
4510,4994,C1ONC(C)CC=C=PCC1=C=CC=O
4511,4995,CCCC=C=O
4512,4996,C#1C(CC#1)N=NOBr
4513,4997,C=C(NCCNCC=O)SCOO
4514,4998,C=C1C=CC=CC(=C=O)C=N1
4515,4999,CC(C=C=CC)ON(C)C=O
4516,5000,O=CCCCOCCC=O
4517,5001,COCC=C(CCCCCl)O
4518,5002,CC(C)C=C=C
4519,5003,CCCCCCCC(C)C=O
4520,5005,C=C(C)OOC=CNCC#CN
4521,5006,N1CC=NCCCC(C)C1
4522,5007,CN=CCC=O
4523,5008,N=CCC=C=O
4524,5009,C=CCC1CCCCC1(C)Cl
4525,5010,O=CN1CSC=CO1
4526,5011,NNCC1=C=CCNCC=CCN1
4527,5012,C=CN=CCN(CNCC)CCCC=C=CC=C
4528,5013,C=CC=CCCl
4529,5014,C1OOC=NN1N=C=CCC=O
4530,5017,N=NCC=C=CCCl
4531,5018,N1(C)CCC=CCCCN=CCO1
4532,5019,CCCC(C)CNCC=O
4533,5020,CCC1=CCNCCC1
4534,5021,C1CNCOCNNC1OCNCCN2CC2
4535,5022,COOC=C(C)C=CC=CC=NC
4536,5023,CCCC=CCC=CC=C=C1CCCCCC=CC1=CO
4537,5024,OC=C(C)C=NO[NH1]CI
4538,5025,CCC(CCCC)N=CCC#CCl
4539,5026,OCNCNOCC=CCC=O
4540,5027,C1C(COCCCC=CC1(C)SC)Br
4541,5028,CNC=CN=SCC=CC=O
4542,5031,CNC=C=CC=CCCCCCC=CCC
4543,5032,CCNNC(C)=CCC1NCC(O)NN1
4544,5033,C1C(C)(CSC=C1)C=CC=N
4545,5034,C=1CCC=CCNC=CCC=1N
4546,5035,OCCC(=C)COC=COC=O
4547,5037,COCOC=CC=CCNCC
4548,5039,C1=C=C=COOCN1
4549,5040,NCCNCCl
4550,5041,CC=CC=C=C(C1)CC1
4551,5042,CCCCNNOC=O
4552,5044,NCCCC=CC1=CCCCC=C1I
4553,5046,N1OC=CCNC(CCCC=NO1)N
4554,5047,N=CNC=O
4555,5048,O=CC(NCC=O)NOO
4556,5049,N=CC=C(N)CC=N
4557,5050,O=C(C)CCC=CC=C
4558,5051,SOC=O
4559,5052,CNC=CP(C)CCCCl
4560,5053,C=CCSC(C(O)OOC=CCC)C=CCNC
4561,5054,CC=C
4562,5055,NCCN=C=CCNCCCO
4563,5056,CC=C(C)CC(C(C)C)=O
4564,5057,C1CCCC(C)=COO1
4565,5058,CC(OC(CC)NCN)=O
4566,5059,OOCCC(C)=O
4567,5060,C(=C)NC(C)C(N)=C=O
4568,5061,C=CC1C=NOC1C(S)CNOO
4569,5062,CCCC=CCNCC=O
4570,5063,C(CCCC=C=O)CCCN=CNC=CON
4571,5064,C=1NC=1C(C)PCOC=P
4572,5065,C(SCCC=CCC=C=O)SCON
4573,5066,CC(C)CCC(CS1#C2)=C12
4574,5067,O1CCC(C)CCCC=C1
4575,5068,OCCCCCC=NCC=O
4576,5070,N1=C(N)C1C=O
4577,5072,C=CC(C)CCC1(O)C2(N)CCC2C#C1
4578,5073,CCOCCNC=C(O)OCCC=CC=CCO
4579,5074,OCCCNCC=C=NC=C=CCC(N)O
4580,5075,C1OCN=C=NCCCC1=C=CON
4581,5076,CCPC=CCCN=C=O
4582,5077,C=NCC=CCCF
4583,5078,CC=C(C)C[NH1]CCCCl
4584,5079,C(C)CCCCC=S(C)CF
4585,5080,C1NNCC=C=NO1
4586,5081,C=CONNOC=NC(C)CN=O
4587,5082,C=CC(N)=NCCCOONCNC=C=CCCC
4588,5083,C1(=C)CC1(C)CCO
4589,5084,N
4590,5085,OCC=C(C)C=O
4591,5086,CCCC=CCC(C)(C=C1SC)OC=C1C
4592,5087,CC1CCNN(C)CCCC=CC1
4593,5088,OCC=C(O)CCCC=CC=C=CCCl
4594,5089,CC=NBr
4595,5090,CCC=CCC=CC=O
4596,5091,NOCCC=CC=CCON=O
4597,5094,C(=O)C=CC#CC=O
4598,5095,C=NCCCCC=C=C
4599,5096,CNCC(O)SCCC#C
4600,5097,C1C2C3CCN(CC3NCC=CC)C12
4601,5098,OC=CN=SCCNC=CCC=O
4602,5099,CCCCCC=CC=CCC(=C)C=C
4603,5100,OCOC=CC(S)CCCC=O
4604,5101,CCSCNC=C1CC1
4605,5102,CCC=CC(N)COC=O
4606,5103,C1(C)C=C=C[NH1]CCCCC1
4607,5104,OC=CCC1C=C1NC
4608,5105,C#CBr
4609,5106,OCOC(S)(O)CCCC=NCl
4610,5107,CCCCCC(=N)C(OC1=CC)=C1NC#N
4611,5108,C=COCONC=C=CC
4612,5109,C1CC=C1OCCBr
4613,5110,CCCCCC[NH1]CN
4614,5111,CCC=CCCCC(O)C=CC=O
4615,5112,C=C1CC(C)C=C1
4616,5113,OCOC(C)CC(S)CC=N[NH1][PH1]
4617,5114,O=C(ONC(C)=NC(C1)C)C1=N
4618,5115,OCC=CCC(C)C1OC1
4619,5117,CC(C)(C1)N2CCCC(CC)C=C1CC2CC#C
4620,5119,NCCC[NH1]N(C)CC=CCCC=N
4621,5121,C1NOCCCCCC1C=C=CCl
4622,5122,N1CC=CNCC1=N
4623,5123,CCOCCC=O
4624,5124,NC(C)CSCCCCCC1CCC=C1
4625,5125,CCCC(C)(C)CCC=C=N
4626,5126,NON(C=CCCCOF)C
4627,5127,OCCC(C)=C=CCOCO
4628,5129,C(C)CNC(N)CCCCCCl
4629,5130,OC=CCNCCC(N1)C(OF)COC1
4630,5131,CNCCSN=CCCC#N
4631,5132,CCC=CN=NCN
4632,5133,OCCC(C)C=CCNCC=C
4633,5134,COCC=CCCNOCSC=CC=O
4634,5135,ONNC=CC=O
4635,5136,CC(O)CC=CC=CCSCC=CC
4636,5140,CCCC(=CN=C(OCC)CCCN)CCC=NC#C
4637,5141,C=C(C)C(=C)NCOC=CC(CC)C=C
4638,5142,CCCC(C)CCl
4639,5144,CC(C)CCNCCCCC=O
4640,5145,NCCOCCCC=CCC=C=C
4641,5146,CC(C)C=O
4642,5147,N=NCCCNC=N
4643,5149,CC=CC=C(C=CNN)CCCOCC1SC1
4644,5150,CCNNCSC(COC=C1)C1COS
4645,5151,CCOCCCP(N1)COC=CCOO1
4646,5152,CCCCC=CC=CCCCCCC=C
4647,5153,CCCOC(=O)N
4648,5154,CCCCCCCCCC(C)(N(O)CNC)NC
4649,5155,C=CNC=CCCC=NCO[NH1]N=O
4650,5158,O(C1)CC=CCC1(CCC=O)N[NH1]
4651,5159,OCCCC=CNOSC=C=O
4652,5161,C=C(OCCCC)Br
4653,5162,C(=N)OC=[NH1]
4654,5163,CC=NCC=CCCC=CC=CCC1CC1
4655,5164,C1C=CNCN1C(O)C2=CC2
4656,5165,C1#CCOCC2=CN=CC=C12
4657,5166,CC(C)N(O)N=CCCl
4658,5167,C1CCCOC1(CCCCF)N
4659,5168,COCCCCC=CNNCC=CC=CI
4660,5169,NNCCC=CCC=C
4661,5170,CCNCOCC=SC=O
4662,5171,C1=CC=C1CN=CI
4663,5172,CC=NC(C)=CC=O
4664,5173,C1CC=CC(CC(C)C(=C)C1)NOO
4665,5174,C12C(C)CCCCN1C=C2CC
4666,5175,CCC1CNCC=CC=C([NH1])CCCC1C
4667,5176,N1C=C=CNC(C1C)OOBr
4668,5177,O=CC=CNC=O
4669,5179,OCO[NH1]OCC(N)COCCOC(F)=NO
4670,5180,NCN=CCCCSCPCC=CCl
4671,5181,O=C=NCC=N
4672,5182,C=CNCCOCC(=C)CCC=CN1CC1
4673,5183,CNC=CCCCCN(C)CC
4674,5184,CNS=CCCNC=CC=O
4675,5185,ClCNCC=CC1=NN=CCO1
4676,5187,C123CC(C)C14CNCN2C=CC43O
4677,5188,C1NCCCCC(C)=C1
4678,5189,CC=CCC=CC(C)C=C=C
4679,5190,O=C1CCCCN1C=CF
4680,5191,C(N)CCCC(O)C=O
4681,5192,O1CN=NCCCS1NC2=C=N2
4682,5193,CCC=C1CC=CC1(C)C=CC=C=C
4683,5194,CC(OCC=C=C(O)CC=CS=N1)O1
4684,5195,CCC=C(CCCCCC1CCCNC1)NCC
4685,5196,CC=CN=CC=O
4686,5197,O1NCCC=NCC=CC[NH1]C1
4687,5198,COC(C=C=O)(NC)C
4688,5199,CCCCC=CCOC1C(Cl)(C)CCCC1
4689,5200,CNCCNC1=NNC=CC1CC(N)=C
4690,5201,NCCONC=O
4691,5202,CCCON=O
4692,5203,CC=CC(C=CCN)C(C)=O
4693,5204,CCC=CN=C(C)OC
4694,5205,CC=CCNNN=NC=C
4695,5206,CCCC(C(CN)OCO)N=O
4696,5208,C=C=CCCNCC=NC=C=C(C)CBr
4697,5209,ON=C(C)CC=CCC=CCCNCNC=CS
4698,5210,O1C=C=C1C
4699,5211,C#CCC(C1)N1OCCCC=C
4700,5212,COCNCCC(C=NCN)C
4701,5213,OCCC=CC(CNCO)Cl
4702,5214,COCCCC=C=O
4703,5215,O(N(N)C=CCCCCl)SCl
4704,5216,CCCS=C=CC=CCC=C1SC(OCl)ON=NOOC1
4705,5218,C=NCCN=C
4706,5219,NCC=CCC1CCCC=C1
4707,5220,CCSCC=C=CC=C1CC1
4708,5221,CCC1=C(C2)CC2O1
4709,5223,C=CSF
4710,5224,CC(CC(C)(C)COSC=CC)C#CO
4711,5226,C(C)CCCC(SCC=CCC1C(=C)C=O)C=N1
4712,5228,O1CC(CCCC=CCON1)CCC=O
4713,5229,CC=NCOC(C=O)C
4714,5230,CC=CCCC=CCC#C
4715,5231,C1CCCCC=CCCONC1
4716,5232,N=NCOC(O)CCONC=CCC#C
4717,5233,CCOCCC1CCN(C)C=CC=CC1Br
4718,5235,C1=C=C(CNC1F)C
4719,5236,ClCN=C=C(C)O[NH1]C(C)(C)Cl
4720,5237,NCCC=C(C1)C1C(C)CC=O
4721,5239,CC=CNOC(NC(C)CCCC)CNN=C
4722,5240,CN=CCC=CCOC=O
4723,5241,CNCC(C1)S1OC2C=C2
4724,5242,C1C=NC2=CN(C=CC1)CS2CCON=CSCC#C
4725,5243,C=NNC=CC=C=CCC=O
4726,5244,CCCNCCOON
4727,5245,ONCC=CC=CC=O
4728,5246,C=CC=CC(CN)C(O)CCNCC=C=O
4729,5248,COCCCONC=O
4730,5249,C=C(CCCNC)CPC=O
4731,5250,CCNNC(C1)CC1(O)NC#C
4732,5253,C=CC=CCCCCCC1CC1[NH1]
4733,5255,CN(C)CONN1CCC1NO
4734,5256,NC=CCC[NH1]CCONOCCF
4735,5257,C1(N)C[NH1]NCC1=CCC#C
4736,5258,CC(C)(S)CCC=C=C1CC1CCl
4737,5259,NCC=CN(C)N=CC=NC=O
4738,5260,COCCCCNC=O
4739,5261,CCC1CCCC=NCC=C1C=O
4740,5262,C1CCC=C1COC=CC
4741,5263,C=CCCOCN=CCC=CNOC#C
4742,5264,CCCOOCOC=C
4743,5265,CCCCC=C=O
4744,5266,NCCC=CCC=O
4745,5268,CCCNCCC1CC1
4746,5269,CNC=CCOCCCC#CCC=CCC=C
4747,5270,CNCCN=NNC=CC1NN1C
4748,5271,CCNC(C)CNCOCCC=CCC=O
4749,5272,O1CCCC1(CC=C2C3)C3N=C=N2
4750,5273,SNN(C=CC=CC)OC=CCCCl
4751,5275,NC(S)C=CC=CC=O
4752,5276,CN=CCNC=C(C)CCNCCC=C
4753,5277,CC(C)(Cl)SNCCCCCNOC(C)C=O
4754,5278,N#CC=O
4755,5279,C=NCCCOC=CC=O
4756,5281,C123NC1(C)C=CC2C3
4757,5282,NCOC=CC1CCCNC1CCON
4758,5283,C=CCN=COOCC=CO
4759,5284,C=C(C)C=CC(C)CC=CN
4760,5285,OCC(C)CNC=O
4761,5286,OC=CC=CCC=CC=S
4762,5287,CONCOC=CN
4763,5288,C1CCCCCCC=CCOCCC1=O
4764,5289,C=C=CCC=O
4765,5290,N=CC(C)NCC=O
4766,5292,CCNCC1C=C=C2CCCCC21
4767,5293,NCCCOCN1N=C1
4768,5294,CC=CNCOC=O
4769,5295,C12CCC3=CC=CC3C1N2
4770,5296,CCC(CC=NCC)(C)CC=CBr
4771,5297,C=CCCC=NC=O
4772,5299,CCCCCC(C)=CCC=CC=CCCl
4773,5302,C=CCCC=CC1CCOCCN1
4774,5303,OC=CC=CC#C
4775,5304,CCCC=CCCCCCNC
4776,5306,OC(C)CCC(=O)N=O
4777,5307,CCONCC=CCCCCCOC=CC=C
4778,5308,BrCOCC=C(C=C)CCCl
4779,5309,CC#CCNC=NO
4780,5310,CCCC1C=NCC=CNC[NH1]OOC1
4781,5312,CCOC(C)NC=CCC(C)C=CCl
4782,5313,N=1OC=1CC2CO2
4783,5314,C=CCCCCC(O)CCCCC(C)CCCl
4784,5315,FCCC(CCN)=CC1CCCNN1
4785,5316,SNCC=C=CC=CCCC=O
4786,5317,C1CC1CCC=O
4787,5319,CCC(O)=C=O
4788,5320,CCNCN1C(=C)CC1=CC=CCN=NO
4789,5321,C1(C)C2CCCCOCCC=CC2C1
4790,5322,CCC(C)CC=CC=O
4791,5323,CCOCC=O
4792,5324,COCNNCCOCNCC=O
4793,5325,N=C=CCCC(C)=CBr
4794,5326,OCOCl
4795,5327,O1OC1(C)NNNCOCC=C=CN
4796,5332,CC(OC)N(N)Cl
4797,5333,CCC=CCCCC(=C1)C=SCC1
4798,5334,CNC1SCNC=C=N1
4799,5335,NNC=CSOCC(C1)CNCC1
4800,5336,SOCCCCOC#CC=CC=C=O
4801,5338,OCNCCCC=NC#CC
4802,5339,CC(C)C(C)(NC)OCCCCOC
4803,5340,NNOCC(C)=C1C=C1S
4804,5341,S1CCC=CN1C
4805,5342,CCCCNCF
4806,5343,CC(C)CCCOON=CC=O
4807,5344,CNCCC(N)=C
4808,5345,O1CNCC(C)C=C(C)C1O
4809,5346,C=CONP(C)C#CC
4810,5347,BrCCCC=NCCCCC=CC=C=CCCN
4811,5348,NC=NCC=CNC(O)=C1CC=CC=C1Cl
4812,5350,N1CC1=C(CC=C2C=C3C=C=C2C)C=CCCC3
4813,5351,C1NC#CCCON1CCCO
4814,5352,C#CCCCCOCCC=O
4815,5355,NCCNF
4816,5356,CCC(O)CC(CC)F
4817,5358,N=COC=CC=NC=CN=CC
4818,5359,CC(C1=NC=NC1)C=C
4819,5360,N=CCCCCC=C(C)C=NC=COOON
4820,5361,NC=CC(C)=O
4821,5363,O=C(C)NNCNC=CCCCCC=C
4822,5364,CCCCCC=C=C
4823,5365,NC(C=CCC)CC#C
4824,5366,C=CC(C)CN1C=C1
4825,5367,CC=CCOCCCCN=O
4826,5368,OCOC#CC1NN=NC=CC1=O
4827,5369,CS(C=CCCC(N)CC)=C=CC#C
4828,5370,S1OC=C(C)CC1C#N
4829,5371,CC(=C)NC(C)C=CCl
4830,5372,CCC=S=NC(C)CCl
4831,5373,OCC
4832,5374,C1CN(CCCC[NH1])C1=NC=NC#C
4833,5375,C1COS=CC=CCC1NC=CNC2=SCOCC2=C
4834,5376,C1C(N)COC2=C1C2CCNC=C=O
4835,5378,OC=CCCBr
4836,5379,C(C1)CN=CCCNC=CCS1
4837,5380,CC=CCCCCC=CC=CO
4838,5381,COCCSOC(CON1C)O1
4839,5382,C12(C)CCC=CCC1=C2
4840,5383,C(N1NCC)CC(C)C=S1
4841,5384,COCC(N)=CCC=CN1OC1C
4842,5385,CC(C)S=O
4843,5386,C=CCCC=CCCCOCC=CCNOC=CO
4844,5387,C#COCS(C)SCC=C
4845,5388,NOCCCC=O
4846,5390,OC(C1CCCOO1)COO
4847,5391,CCCCC=NNF
4848,5392,C1COCCCCCCC1
4849,5393,CNCCC(C)C=C=CC=CC
4850,5394,N(C)C=CC=C
4851,5395,CC12CC(=C)C13C2C=C=C3C
4852,5396,NNC=CCl
4853,5397,C(CCCCC(=C)C=C)C=[NH1]
4854,5398,C=CCS=S=CCOC=O
4855,5399,CONCCCNC=NS[NH1]OCOCN=O
4856,5401,OC(C)(O)C=O
4857,5402,C1C(C)C(C=CC=C1C#CC)C=NBr
4858,5403,CCCCOC(C)(C=C(C)C=C=NC=O)C
4859,5404,NCCC=CC#C
4860,5405,C1OC1CC=O
4861,5406,C=CCC#CO
4862,5407,NN(C)OC=CCC=C1CSC=C1NC
4863,5408,NCON=C1C=CCC(C)(C)CCC1
4864,5409,C(C)CCC(C=C)F
4865,5410,O1CCCCNO1
4866,5411,COC(O)N=CNCCCOC=O
4867,5412,CCC(=CCCC)N=CNC1CO1
4868,5413,CCCC(C)CCCC
4869,5414,COCC(CCCl)CN(Cl)CO
4870,5415,CCN=CCBr
4871,5417,C1CCC=C2CCCC1C=CC2
4872,5418,CCCC=CCCC#CN
4873,5419,CNCOCNOC
4874,5420,CONCNC=CCCC=O
4875,5421,CC=CCNCCCC=O
4876,5423,C(N)CNC(CCC=C)(O)C=CCC
4877,5424,NC(C)CSCNC1=CC1
4878,5425,CNCCSC=C(C)CCC=O
4879,5427,C1=SCC(C)N1CSC(=C)OCCC=CCBr
4880,5428,CNCNCCC=C
4881,5430,C12NCN1C[NH1]2
4882,5431,CC(O)(NC)C1=C=C1
4883,5432,CNCC=S=CCSCC=O
4884,5433,CCCOC(=C)CC=CNC=CC=O
4885,5434,FC(C)C=NC=CC
4886,5436,NC(C)=CN1C2=CCC1CC=C2NCC#C
4887,5438,NCCC1CC=CO1
4888,5439,C1OC=NC=NC(C1C=CCC)CC
4889,5440,SC(CCC)CON=CCCCNC[SH1]=NC1CO1
4890,5441,CCCCCC=CC1=CC1=N
4891,5442,COCCCC=CCCSCC=CCNC=CF
4892,5443,C=NCNNCl
4893,5444,C(C1)CC=CO1
4894,5445,C1(C)OCC=SC1(C)Br
4895,5446,CC[NH1]CSCC=O
4896,5447,OC(CC=CCCCC1Cl)=NC=C=C1F
4897,5448,CC=C(C)CC[NH1]CCCF
4898,5449,C=CNCCC=NC=C=C=O
4899,5450,NCCCC(C)OC=C=C(C)OO
4900,5451,C1CCCC1C=O
4901,5452,NC1(CC(C)C1CNC)NNC=CC=C=CC=CC=NOC=CCC=COO
4902,5453,NC=CCC(C)CCCCC=C=C
4903,5454,N=CC=C=C
4904,5455,OCCCN=CCC=C=O
4905,5456,CCCC(C)C=CC=CCCOCO
4906,5457,C=CCNCCC=CCCC(O)CO
4907,5458,C1CCC=C(C)CC1CCC=O
4908,5459,N=CNN=CCC=C=C=CCC1N=C1
4909,5460,C=CCC1C=NN=CC1=CCC=CC(C)C=C
4910,5461,C=CC(C)C(C=O)NC=O
4911,5462,C(CC(C)CCOOCC)CCC=C
4912,5463,CCC1CCCNCC=C(C=O)C1C
4913,5465,C=CCCOC=C(CNNC1=C)C1=NOO
4914,5467,C=NCC(C=O)CS=O
4915,5468,NNC(C)C=C=O
4916,5469,CC=CSCCCC1ON1
4917,5470,N=CC1SC=CCC=C1N
4918,5471,CCC=CS=O
4919,5472,CC(CNC=C)=O
4920,5473,CCC=C(CC=CC)OC
4921,5474,BrCOCCCC=O
4922,5475,CCCC=C=CCN(N)SC=CCl
4923,5476,C(C)SCCC1=CO[NH1]OC1C=C
4924,5477,CN(C)C1=NC1C(C)=O
4925,5478,C1S(C)COCCC=C1
4926,5479,PCCCC=CCCC=C=CCO
4927,5480,CCOCC=C(C=CC)C1SOCC1
4928,5481,C#CCl
4929,5482,CC=CCC(C=NCCN)C=CC1=C=N1
4930,5484,NCN=NCONC=C=O
4931,5485,NC12C=CCN1OCN2C=CCC
4932,5486,C1C=CCN1CO
4933,5487,C(C)CBr
4934,5489,CCC=C(C)C
4935,5490,CCCC=C1C=CCCC1CC=O
4936,5491,O(C)NC1C=NC=NNC1
4937,5492,O=CC(O)CC=NC=C=O
4938,5493,CCCSC=C
4939,5494,CCC(=O)CCC=C(C)N=C(C)O
4940,5495,O1C=CCC=CC#C1
4941,5496,C12C=CC1(C)CC=NP2
4942,5497,N=C=CC=O
4943,5499,C1=CC(C)C(OC=S)O1
4944,5500,CC1CC2=CCNC=C2C=C1
4945,5501,CCOC=CNC=CCC=CC=C(C)CC=CCC=O
4946,5502,C1CC(O)CCC=CC=C1CCCC(CC)N=C
4947,5503,C12C(N)CCCC1=C2
4948,5504,ON=COBr
4949,5505,CC=CC(CCCC#CCCC)=C
4950,5506,CCC(CC(C)OCNC=C)C(O)=C
4951,5507,CC=CC(C(N)=O)(C)CC=C=COC
4952,5508,CC(C)CCC=CC#CC(C)C=O
4953,5509,CCCCCCNOCCCC=CCCF
4954,5510,CC#CC=CC=C(O)C=CC=CCOC=C
4955,5511,C=CN(C(C)CCCC=C)NC=CCCF
4956,5512,CC=CBr
4957,5513,C=CCCCCC(C=CCO1)CC1
4958,5514,C1(CCC2C1O)C(O)C#C2
4959,5515,N1C2NC(N)CCN=C2CC=C1
4960,5516,OCC=CCOCCC=CC=C
4961,5517,FC=C1CC(S2)C12NCOO
4962,5518,C=C=C1C=C2C=C=CCC21
4963,5519,C1COC1(C)CCOCCCOCO
4964,5520,C=CON(C)OCCF
4965,5521,NCCC(=N)C(N=C=CC)NCl
4966,5522,OCNC=CCC#CCNC(NC=CCC)=C=COC(N=CCC)OCOCCCCl
4967,5523,C(CC=C(N)C#N)CC=CCC=O
4968,5524,OC=CCC(C=O)CCOO
4969,5525,C1CC1OCC2CC2
4970,5526,CC1C2CC2(N)C1COCCCON
4971,5527,COOOCC=NCl
4972,5528,OCC=C=COC=NC=O
4973,5529,CNCSCONCC(Cl)COCCNC=C
4974,5530,OOOC(C)CC(C)(C)SC=O
4975,5532,CCCC=CC=C(C)CBr
4976,5533,C1CN=CC(C(C)CC1N=N2)CC2
4977,5534,C1CCC=C=CC(C2)N1C2
4978,5536,CC=CCCCl
4979,5537,C1N=CCNC=CS1O
4980,5539,C#CCCOC=CC=C(O)CONC
4981,5540,C(C)=C(CC=C=C)OOC=NCNC=C=C=C=O
4982,5543,C1CCCC(C=C1CCCC=CCCC)=O
4983,5545,CC(C)=C
4984,5546,CC=CC=CCI
4985,5547,CC(C)=CN=C
4986,5548,OC=CC=CC=NCCCON
4987,5549,OC=CS1CN=C(C)C1C=O
4988,5552,C(C1)CC=CN2C1C2
4989,5553,CCCCNC=C(C)OCCC=O
4990,5554,CC1CCC#C1
4991,5555,C#CCS=O
4992,5556,CCC(CCCCCS(O)CCC)=O
4993,5557,N1CC1N
4994,5558,C(C)CC=CS1C=C1[NH1]
4995,5559,CC(N)C=CCOC(N1CCOPCC=C=C)CC1
4996,5560,C1CC(COOOC=N1)C=C=NN=NCCC
4997,5562,O=CCCC=O
4998,5563,CCC=C=C=CCC=CCC=NC=C1C=C1
4999,5564,S1COC(C)C=CNCOC1
5000,5566,CCC(C(C)C=O)COO
5001,5567,NNSCCOCCC(C)CCCNC=C
5002,5568,C=CNNCCC=O
5003,5569,OCC(C)C=C1C(C)CN=C=C1
5004,5570,C=CC=CCCC(O)NCNOCCl
5005,5571,C=CC=CC=CC1(C)C=CC=CC(O)CC=C1
5006,5572,C1(CCCC1OF)[NH1]
5007,5573,N1OC=CCC=CCC=CCNS1
5008,5574,CC=CCCSCOOCCl
5009,5575,CCCCOCCON(CCC)C=CO
5010,5576,CC=NCCCCCl
5011,5578,C=CC=CC=CCCCC(Br)=C
5012,5579,C1C(C)=CN=C=NC=C1
5013,5580,C(C)CCC=CC(C)(C)C(C1)C1
5014,5581,O=C(C)OC=CC=C
5015,5582,CC=C(C)C
5016,5583,CCCCC(C)NCC=CSCCC
5017,5584,CC(NCC1N[NH1]C2N1S)ON[NH1]2
5018,5585,CNCNC(CCCC)(C)CCCCCCCON
5019,5586,NSCC=CCCC=C=CN
5020,5587,C1C=CCCC(CC1)=CC=O
5021,5589,CCC=C(N)CC=C=O
5022,5590,CCCC=CCC=C(C)C#C
5023,5591,CCCNCOCF
5024,5592,CC=NC=CCCCCNC=O
5025,5593,CCOC=NCCl
5026,5594,O(CC=CCC=O)C=O
5027,5595,CC=CC1=C2C(C)(C)C21
5028,5596,CCCCC=CCCCN=CC=C
5029,5597,O=CC(C)(C)C=CC(C)OCC
5030,5598,C=1C=C=1
5031,5599,CC(C)CC=CC=O
5032,5601,NC=COC=O
5033,5602,OCC1CC2C=NCCC2CC#C1
5034,5603,NCCC#CO
5035,5605,NC(COCN=C)=NCC
5036,5606,C1(S)CCC1N(C)N=C
5037,5608,O=CC=C=CC(C1NC=C)CNCCC=CO1
5038,5609,C(NCC(N)=CCCC)=O
5039,5610,O(C)C(C(C=NC[NH1])=N)O
5040,5611,NCCOC(C)SCCCCCO
5041,5612,CCCCC#CCOC=CC=C=SCCCl
5042,5613,CCNNCCCC=CNC=NN=C
5043,5614,CC=CCCCC#CC1CCCONC1
5044,5615,C1CC(C)(N)OCC1
5045,5617,C(C)(CCC=C)CC=O
5046,5618,CCCCOOCCCl
5047,5619,NN=C1CCNC=CC=C=CCN=CC1C
5048,5620,OC(C)SC=C=C=CF
5049,5621,FCCCCCCC=CNC=CCCC=CCC
5050,5622,O1C=CCCCC(C)NCC1
5051,5623,C1=C=CC1
5052,5625,OCCCCCCNC(CC=N)=O
5053,5626,CNCF
5054,5627,COC=CC=CC=CC(CC)C=NO
5055,5628,ONCCCCCS=CO
5056,5629,C1=C2NCC=CCC=C1CC(=CN)O2
5057,5630,C=C=CSC=C
5058,5631,O=C(N)CCOCC=O
5059,5633,O1C=CCC(C)CCN1
5060,5634,C=NSOCCCC#CCl
5061,5636,C(CCCC1)CC=CCC=COCCOC1
5062,5637,O1C(C)C(C)OC=CC=CCC=C=CC1
5063,5638,CC(Cl)COC
5064,5639,OOC(C)C=CCNC=CC=CC=CC=O
5065,5640,ClNCNC1OCC[NH1]1
5066,5641,C1NC=CCOCC(C)C1(C=C)N=C
5067,5642,CC1C=CCCS1N=O
5068,5643,SNCC=CCNCCC=CC=CCCCO
5069,5644,OCONCCCCN=O
5070,5646,OCC(CC)CN=NC(C)COC#N
5071,5647,CCCCCC=NN=CC=C=CCCN=C
5072,5648,C1CC=CCOC(C)N1C2CC2N
5073,5649,C1CCCC=CC=CC1=CCCl
5074,5650,NOCNCCSC=CC1C#C1
5075,5651,OCCN(CC=C)CC=O
5076,5652,C1C=COCC=CC=CC=CCNN1
5077,5653,C1CC(CCOC=C)=C1CON=CN=C
5078,5654,NC1C(=C)CNC=C(C)C#C1
5079,5655,C=COC=CCCCl
5080,5656,OOOCCCCC#CO
5081,5657,CCCCCOC(C1)C=NCC=C=C1O[NH1]
5082,5658,O1CNCCCN(S)C2=CN2C1
5083,5660,CCCOOC=C(C)C1CC1=C
5084,5661,OCC=CCOC=C(CC=N)C(C)OC=C
5085,5662,C=CCCCN=NCC=CCOC=O
5086,5663,CC=CC=CC(C)C=C=O
5087,5664,OCC(C=1)=C=1
5088,5666,N1S(=O)S(CCCCC)C=N1
5089,5667,OC=NC=CSC=C(CCCO)C(O)CO
5090,5668,C=CC=NCC=C=C
5091,5670,CCC1C(C)=NN1C=O
5092,5671,COCCCC1CN=CC(C)C=N1
5093,5672,C=C=CCCCC[NH1]C#CCC(C)N
5094,5673,CCCC=CCC(O)CC(O)C=O
5095,5674,C1OCC1C(C)=NNCC=CC
5096,5675,CNC(=C)C(C)=CN=C
5097,5676,NOCN(O)NCCF
5098,5677,O1NCCC(=C)C=CC1
5099,5678,N=SCC=CCN
5100,5679,NCOOC=C=CC(CCC=C)=C=NCN=C=COC#N
5101,5680,CPC=COC=C1C=C1
5102,5681,N=NC=CCSCCS=CNF
5103,5682,C=NC=CCOCNC=CCl
5104,5683,CCNC(C)NCC(NC=O)=N
5105,5684,C12C(CC(C)CCS1)=C(CN=CC2)ON
5106,5685,CC=NC(=C)C1(C)SN=CC1[SH1]O
5107,5687,C(CCC(C=C)CCC(C)=O)NCl
5108,5688,C1(C2ON[NH1]C12C)CF
5109,5689,O=C=CN(C)C#CNC=O
5110,5691,OC=CC(=C)C=NCC=O
5111,5692,CC(CCCC)=C(C)CF
5112,5693,BrCC=CNCCCCl
5113,5695,NNNCCCC(CNOCl)C#C
5114,5696,C=CC=CC=C=CC=CC=CF
5115,5697,C(C)CC=COC=CC=O
5116,5698,C(N)CCC(C)=C=COC=O
5117,5700,CC(C)COC=CCC1C#C1
5118,5701,CNCPC=CC=O
5119,5702,C=C=CCN=CC(O1)=C1C=CCl
5120,5703,CCCC(SNC=C)C1C(C)C=CC1COCC=CP
5121,5704,CCNC=C=NNCC=COC=CN=C
5122,5705,S=CCN(C)CCC=O
5123,5706,CC(=CC)CC=NC=C=CON
5124,5707,CC(C)C(C)C=C(C)C=C
5125,5708,O(C=C)CCl
5126,5709,C1=C=CCC=CCC1NCBr
5127,5710,S=CC(C)C=O
5128,5711,CCC=C=NC(C)OCN=O
5129,5712,C(O)N=NC1=CCCCC=CC=CCCCC1F
5130,5713,C12CCC=CCC1=CC=C2Cl
5131,5714,C(NN=C)CCCF
5132,5715,CCN=COC=NC(C)CCS=O
5133,5716,OCCC=C(C)OO
5134,5717,C=CCC(C(C)C=CC(C)C)C=C
5135,5718,SC=CC=O
5136,5719,C=CC1CC#CC=CCN1ONC
5137,5720,C1(C)=C2CC=CC=C=C21
5138,5721,C=CC=CC(C)CCCNN=CPCl
5139,5722,C=CNC=O
5140,5723,CC(N)CCCCCC=C=O
5141,5724,CC=CCF
5142,5725,C=SCOCCCC=CCCCCl
5143,5726,C(CCON)(C)(C)C=CC=CC=C
5144,5727,ONCCOCCCI
5145,5728,CC1=NC=CCNC1C=SNC(C)C=C
5146,5729,CC(NC=O)CC=C=O
5147,5730,C1(C)N=NC(C)CSCC1
5148,5731,C=CCSCC=O
5149,5732,CCC=CCC(C)(C)CC(O)C=O
5150,5733,CN=CCl
5151,5734,C=CC(C)OC(C)CS=N
5152,5735,C1CN=C(C(O2)C2C)NC1
5153,5736,OCCNCCC=CCC=CCCCCCCOO
5154,5737,C1=CCC1CNC(C)CNN=C
5155,5738,ON=CC
5156,5739,CCC(C)C(CCC(C)C=C=C)F
5157,5740,NOC=C=CC=CCCCl
5158,5741,C1CCNC=CCC#CCC=C1
5159,5742,CC=COC[NH1]C=O
5160,5743,C(C)ON
5161,5744,C1OONCCCC=N1
5162,5745,N12OCCC1C=C=C(O)[NH1]C2
5163,5746,COC=C(C)CCCC[NH1]C=NC=C
5164,5747,NCNOCC=COC=C1CCCC(C=C)CS(=O)C1
5165,5749,CCC=C(C)C=CCC#C
5166,5750,NCC=CC=CCC=S=O
5167,5751,C12=CCC(N)C1N=S2
5168,5752,OC=CC(C=CCC)[NH1]CCC=CC=O
5169,5753,NC=CCCC=C=CC=C1CCCCC1=O
5170,5754,NCOC(N)Cl
5171,5755,CCCCN=C=CCCF
5172,5756,C(O)=C=O
5173,5757,C=CC(C)N1C=C(C)C12C=CC=C2
5174,5758,OCC[NH1]CSC=CCCCC=O
5175,5760,C1=C=CC1C
5176,5761,CCCCC=CC1=CS1C=O
5177,5762,NCNNCOC=NCCC(=C)CF
5178,5763,CC(CCC#N)CF
5179,5764,CCCCC=SOC=O
5180,5765,CCCCCCC=C=O
5181,5766,C(C=C(NC)CCl)=C=CC
5182,5767,CCC(Cl)C=C
5183,5768,OCCN=C(C1)N1OC(C)C=O
5184,5770,C(N)CC=C=CC=O
5185,5771,COC(O)CCOC=CCC[SH1]CPN=C
5186,5772,CC(N)C1(N)CCCC1N=CC=C=N
5187,5773,CCCCCC=CC=CC#CCCNN
5188,5774,C=CS#CBr
5189,5775,CCNCC=O
5190,5776,COCC=CCC(C)CCCC
5191,5777,C=C1C=CCCNCC[NH1]C=CCOC1C=C
5192,5778,C1NSC1(CCCCC)S
5193,5779,CCCCCCCCCCl
5194,5780,CCC(C)C1=NC1N(C)OO
5195,5781,O=NONCl
5196,5782,CCNC=C=CC1=CC1(N)CNCN=C
5197,5783,CCC=CC=CC=C=C(N)C=CCC=O
5198,5787,O=NOC1C=C1C=COCC#C
5199,5788,COCC1=CCCN=C1N
5200,5790,NC(NCSC=C1C#CNOOC=CC)NC=N1
5201,5791,C1CCCCCCCCCC=C=C1
5202,5792,CNCSC=CN=O
5203,5793,C=NCCC(C)NCCl
5204,5794,COC(N)C(C)CCC=NCOCCCCO
5205,5795,CC=NNC=O
5206,5796,CCCCC=CC(C=C)OCCCO
5207,5797,COCCC(CSCC=C=SC=CC)C
5208,5798,CC1CC2C(N)C1(N)CCCC=CCSO2
5209,5799,C(C)NCl
5210,5800,C=CON=C=NCC
5211,5801,[NH1]C=CSC=O
5212,5803,CNC1=NC(C)C(C)C1
5213,5804,CC=CC1CCCCC1(I)O
5214,5805,O=C(CCCC(=C)C=C=CC)C
5215,5806,OCCC=C(NC=CC=C=O)C=C(C)Br
5216,5807,CCCCS(C)=CCC=O
5217,5808,COC=C(COC(COC)C)COONCl
5218,5809,NC(OC)NCNC=NOCC
5219,5810,CC(=O)C1(O)COC=CCC=C1NC=CCC=C
5220,5812,CCC=CCI
5221,5813,N(N)CN[PH1]1CNSC=N1
5222,5814,C=CCCC=CC=CCC=C=O
5223,5815,NC(C=CC=CC=O)(N)C=C=NO
5224,5817,N1CSC#CCCCCC=C1
5225,5818,CC=CCCC(C)=CC=O
5226,5819,NC=NC=C
5227,5820,OCC=NCC=N
5228,5821,CCOC=CC(SCCCC=C=C1)N1
5229,5822,CC(C)CN(C(=C12)CC=CCC1NC2)N
5230,5825,CCC=COOC=C=C(C)C=N
5231,5826,C1COC1(C)N=CNCN
5232,5827,NCN=O
5233,5828,CCCC(CC=CC)=O
5234,5829,CC(O)=C=C=C(CCCC=C)C=COC(C)CC=O
5235,5830,CCCOCCCCNCCC=CC=C
5236,5831,N=CC=CC=NCC=NN=C=C=CNC=O
5237,5832,NC[NH1]CCCNC=O
5238,5833,C=NOCCC#C
5239,5834,C(C)=C=O
5240,5837,CC=CCNCCCF
5241,5838,C=CC=CCC(COC=CC=CC)=CC
5242,5839,C1=C=C1C=C2CC2=O
5243,5840,CC=C=CCCOCCCC1CN1
5244,5841,CCNC=CO
5245,5843,ClCC(C)CC(C)=NO
5246,5845,CCCOC=CCCCC=C=CCC=O
5247,5847,[NH1]1NOC=COC=CC=CC(C)O1
5248,5849,NCC=C(C)CNC=N
5249,5850,N=C=CC(C)C=O
5250,5852,C12CC#CCNNCC1CCCO2
5251,5853,CN(O)N=CCCC=C
5252,5854,C1C=SCOCC2=CS=C(C)CC2C=C1
5253,5855,C1SCCCCCC=CN1NCNC
5254,5856,CCC=CC=CSC(Cl)OC
5255,5857,OC=CCONC=CC=CNCCO
5256,5858,C=C(C)CCNC=C(Cl)C=CC=O
5257,5859,NC(CCCCCCCNOOC)C=C
5258,5860,N12NNC1OC=C=N2
5259,5861,N=CCCCCCCCOC=CCO
5260,5862,C=CC=CCCC=COC=O
5261,5863,SCNCC=C(C)CC1CC1(C)C=N
5262,5864,CC(C)=NCC=C(C)NCl
5263,5865,CC(N)C=CC(=O)C=C
5264,5866,C=CC=C(CON=CC)CC=C=C=N
5265,5867,N=CC=NCCCCCN=C
5266,5868,C1CCNC=NC1CNCC=CC=CC=C
5267,5871,CCCC1CC1
5268,5872,OCC(O1)COC#CC1NCCCl
5269,5873,CNCC=CCSC=CC1CC1
5270,5874,C1=CCC=C(C=CC=O)CNC1
5271,5875,CNC=COC(C)C=C
5272,5876,OOCC=CCC1OCN=CC1N=O
5273,5878,N=CNCONCNC(C=N)=C
5274,5879,CCC(C)C(C)CC=NOCC=CC=S
5275,5880,N12CC[NH1]CCCC1NC2
5276,5881,O(N(O)C=C(C)CC=C=C)CC=N
5277,5882,ONC(C)=O
5278,5883,CNCCOOC#C
5279,5884,C=1=C=CC=C=S=1OC=CC#C
5280,5885,CCCCC=NNCC=C=O
5281,5886,CCCCCCCC=NCNC=[NH1]
5282,5887,CNNC=CC#CCCl
5283,5888,N1C=CC(C)C1=C2C#C2
5284,5889,C1CCCC=N1
5285,5890,CCCC=C1C2C(O)OCCNC1C2=NC=C
5286,5891,CNC=CC(C(C)COC=C(C)CO)CON
5287,5893,O1C=CCCC=CCCO1
5288,5894,CCONCCC=C1C=NCNC1C2NC2
5289,5895,C1(C)C=NN1C=CCNC2=CC2
5290,5896,C=C=C=C=O
5291,5897,CC(C=O)=CCCC=O
5292,5898,OCCC(CCl)C=C=CC#N
5293,5900,CCCC(CNC=CC)CF
5294,5901,OOCCCCOC=CCC=CCCNON
5295,5903,CCNNCCCCCCl
5296,5904,C1CCCCC1=CC
5297,5905,CC1=CNC=COC1NC#C
5298,5907,N1C=C(C2)OC12
5299,5908,CNCC=CCCC=C(C)CC=C=C=O
5300,5910,OC=C(C)CCCl
5301,5911,C1=CCC=C=CC=CCCC(C2)C12
5302,5912,COC=CCOCSON=C=CC=O
5303,5913,OC(C)C=CCCCC=C=O
5304,5914,CC=C1CC1(C2)O2
5305,5916,C1CCCC(C)CC1=C=C
5306,5917,C1CCN(C)CC1NO
5307,5918,CCCCONSCC=C(C)O
5308,5919,CC(N)N1CCC([NH1])(C)CN1C
5309,5920,C=CNN=CNNCCN=CBr
5310,5921,C=C(CCCC=CC=CNOCOC)CCP
5311,5922,CCOOPC(C)C=CC(C)(C)C
5312,5923,CCCCC1CC1(C)C=C
5313,5924,C=NCNCCCCC=C=CCC1CC1
5314,5926,CCC=C(N)C1=CC1(O)CNI
5315,5927,OC(O)=C=CC=C=O
5316,5928,CCCCOOCNCCC=C=O
5317,5930,C=1=CN=1
5318,5931,CNNC=CCC=C1C=C1CN=CC=C=O
5319,5932,C1CN=CC#CCS(C)OOO1
5320,5933,O(CCC)C1=CC1C=O
5321,5934,C=C[NH1]NCF
5322,5935,ClCCCCNC=CCC1CC1
5323,5937,COOCCC=NCCl
5324,5938,C=CCCCC(C)CN(N)OCC=O
5325,5939,CC=CC=CCC1CCCCNO1
5326,5940,CC[NH1]CCC=N
5327,5941,OCCCC=CC=NC=C=CO
5328,5943,C(=N)OC=C=CC=C
5329,5944,CC=CCCCCCNNC=C(C)OC
5330,5946,C=CCCSC(O)CC
5331,5947,COOCOC(Cl)CCOC=O
5332,5948,COC=C=CC(CCC=C)=O
5333,5949,C1CCC=C1CS(=CCC=O)CN
5334,5950,CC=C1ON=CC1NCN(C)COCNCCC#S
5335,5951,OCCCCl
5336,5952,CC=CN=O
5337,5954,CC(C)CCCN=C=CC=C
5338,5956,ONC(S1)O1
5339,5957,CN=CC=CC1CCCCC1ONCCl
5340,5958,CCCCOCC(C)C=O
5341,5959,O(C)CC#COCNN=N
5342,5960,CCCCCCC=CC(NCCCC=C)NCC=C
5343,5961,NC(COC=O)Cl
5344,5962,C=C=CCCCC=CF
5345,5963,CCC=CN=CC1N=CCCONC=C=CC1
5346,5964,OCCC=CCNCCCC=O
5347,5965,C1=C=NC1N=O
5348,5966,CCC#CN=O
5349,5967,CC1CCN=NC1=CCC=CCSNOCl
5350,5969,N1C2CSC1C=C2C=CCC=CCOC=C
5351,5971,OCN=O
5352,5972,CNC=CCC(O)C(CF)N=C=O
5353,5973,NCCC(C)(CC(C)C1)O1
5354,5974,C1C=CCNCC(C2)=C=C12
5355,5975,CN(O)C=O
5356,5976,NCC=CS1(C)CC=CC1S
5357,5977,NCC=COON=C(N)CCC
5358,5978,OC(CCN(C=CC=C)CC=O)CC(C)C=C
5359,5979,OCCC=CNC(C)=CC=C
5360,5980,CC=CCNC=CNCN=N
5361,5981,NCCCCC=CF
5362,5982,C=C(Br)OCC=C1COCCCCC1
5363,5983,OCCCCC=CC[NH1]C#C
5364,5984,O1NC2=C3CCCCC3=C1C=C2
5365,5985,C1(=O)C=C=CC1CCN(O)C=CNC2CC2O
5366,5986,CCCCCNCNOC=CNC(C)CCCC=O
5367,5987,CN=CC=CN=NCCCCCCC=C
5368,5988,COCC(C)CCCC(C)CC=O
5369,5991,CCCCOCC=O
5370,5992,CNC=C(C)OC=C=NC#C
5371,5994,C=CNSCNCCCCC=CC#N
5372,5995,CCC=CC=CC1NC1C
5373,5996,C1CC=NC1(C)CC
5374,5997,NCNC=O
5375,5998,CN=CCNCC#C
5376,5999,C=CC(C)(C)N1CC(C)C1C
5377,6001,CS(C)C=C=CC1CS1
5378,6002,CC=C=C=CSN=O
5379,6004,C=C=CC=CCCCCC1=CC1
5380,6006,COCC(I)=O
5381,6007,O(C)NC(C)C=CN=NN=CC=C
5382,6008,CCC[NH1]C=CCC=C
5383,6009,CCCCOCNCl
5384,6010,N=CCCCCCCl
5385,6011,CC=CC(C)CCl
5386,6012,OCCCCC(C)(C)CCCC=C
5387,6013,CCONC=CCCCCC1CC1C
5388,6015,CCCN=CCC=O
5389,6016,O=CCC=CC
5390,6018,C=CCCC(C)=C
5391,6019,C1=NNC1C(C)C=CC=N[NH1]
5392,6020,CC=C(C)C=NCC=C(C)F
5393,6021,C1=COCN1CNC=CC
5394,6022,N=C(C)C(C)CNC=CCC
5395,6023,C1(C)(C)C2(C1CCCOCC2)C
5396,6024,NNCNCC=C1C=C1
5397,6026,C=CC(C1)=CN1I
5398,6027,SC[NH1]CC(C1=O)C1
5399,6028,O(C)CC=CC
5400,6029,NCNC=CCNCCCCCC(=C=C)C
5401,6030,ONCCN(C)CCCF
5402,6031,C=CCC(CC(=C)CC=CCN)C=CN
5403,6032,C(C1)C1C=CC=C(C)CC
5404,6034,SCCCC=O
5405,6035,OC=C=CC
5406,6036,C1C=CCC(C)=C(CCCO)CC1
5407,6037,C1NCCCC(C)CCC=C1C=CO
5408,6038,C#CCCC=CC=COCBr
5409,6041,C1(=CO1)CC=O
5410,6042,C1CC2=CC(N)C1OC2C
5411,6043,CCC#CNCNCNC=O
5412,6044,O(C)C(O)NC=C=CC=O
5413,6045,C(C=CC=C)(CC=COC(C)C[SH1])C=COC#CC
5414,6046,CC(Cl)NCCC=O
5415,6047,CNC(=C)OCC(C1)OC1=SO
5416,6049,OONCCCONCC(CN)CO
5417,6050,CN(O)CC=CC=CC[NH1]C=C(C)Cl
5418,6051,CCC(F)CCC=O
5419,6052,COC=CSC(C)CC
5420,6053,CCC=CCC(CNCN)C=CCN
5421,6054,CN=CC=NOC=NCN
5422,6056,CC=CCCCCC=NCC(N12)C1C2
5423,6057,C1C2CC(C3)C3C2NC(C)C1N
5424,6058,NC=CC=CCCCCOC=CC=CO
5425,6059,C=C(NC)C=O
5426,6060,CCOC(C)CCl
5427,6061,C(C)=C(CCCC)C=CF
5428,6062,OCCOC=CCC=C=CC=CN=COSO
5429,6063,CCCCCC=CCC(=O)C(C1)O1
5430,6064,CC=SNCC=CNCl
5431,6065,ONNC(C)C1OC(C)=C=C1F
5432,6066,S1CCN2N1ONNO2
5433,6067,OC=CC(COCCNNCC1CC)=CCC1
5434,6068,C=C=C(C)CCCNOCN
5435,6069,CCCCC=C=CCCCCl
5436,6070,CCS=CCC=CC(C)N=CC1=C=C1
5437,6072,C(=C)NC=C=CC=N
5438,6073,O1CC(=C)ONC1=N
5439,6074,N(CC)CSCCC=CCS
5440,6076,CC=CCOC=C=NN(NNC(C)CCl)O
5441,6077,CCCCC(C)N=CNCSCl
5442,6078,NCN=C=C=COOCC=NCCCC
5443,6081,CCCCI
5444,6082,CCONCCC=O
5445,6083,CNC=NC=CCCl
5446,6084,C=1C=CCC=1C(C=C)CCCCl
5447,6085,N(CCl)=C
5448,6086,C1CCC=C(CCC=CN=C1N)Cl
5449,6087,C(CC1=CCC)C1=C=O
5450,6088,OCCCNCN=O
5451,6089,CCNCCCC=C
5452,6091,O1N=NCC=CCC1
5453,6092,OC=CN=CC
5454,6093,C1C=CCCC=SO1
5455,6094,ONC=CCCCCCCNC=CC(C=CC)=N
5456,6095,CN1C2C(C(C)[SH1]C)CC21Cl
5457,6096,C=CC=CCCC=NCC=C=C
5458,6097,NOCCCCC=C=O
5459,6099,C(O)C(OCCCC1NO1)CN=O
5460,6100,CCCNCC(C)=C1OOC[NH1]C1
5461,6101,C=CCC(C(=C)CCCCl)=CNCC=O
5462,6102,C1OCO1
5463,6103,CCC=C=CC=O
5464,6104,OC=CCC(C1)CC1O
5465,6105,CCCNCCNS(NCCC)CC=O
5466,6107,C=SCC(C)C1COOCC1
5467,6108,CNC=NCCBr
5468,6109,CC=C=CCCC=C=NCl
5469,6111,O1NOCC1Cl
5470,6112,CC(C=NCC)NC(N)OC=CC#N
5471,6113,N1NNOCCCCCC=C(O)N=CC1
5472,6114,COC=CO
5473,6115,CCCN=CCCCC
5474,6116,C1=CC(Cl)C(=C=2)C=CCC=2N1C=O
5475,6117,COOC=CCCC=CF
5476,6118,CCCC(C)=C=CC#CC
5477,6119,C1COC=CC(C)N=C(C)CC1
5478,6120,CCN(C)CNCC=O
5479,6121,O=CCCCCCO
5480,6122,C(C=CC(C)=O)=CCCCl
5481,6123,OCC1CN(C)CC1CC=CCOC=C=O
5482,6124,CCCC(C)COC1=CCC=C1
5483,6125,CC=CC1SCC=CCOCC(C)C1
5484,6126,NC=CCl
5485,6127,CCCC(NC=CC)O
5486,6128,COC=NC=O
5487,6129,C1C(O)N2C=C(C)CC2C1=C
5488,6131,C=C=COCCCC=C=CC=CC(F)C(Cl)=C=NOCO
5489,6132,C1CCC1CC=CC2C=N2
5490,6133,CONOCCCCC=C=CO
5491,6134,CC=C=NOCNCC(=N)C#C
5492,6135,CCOCOONCOCCF
5493,6136,CC=CCOOCCN=O
5494,6138,CCC=C=CCCC
5495,6139,CCCC=CCC=C(C)CNC=N
5496,6140,C1OCC1C2C(N)OC2=O
5497,6141,N=CN=C1N=CC=NC1C(C)CC=C
5498,6143,N1=CCN1
5499,6144,O=C=CCOCNNCCC=CCOC=C
5500,6145,NCS=C(C)CCCCC#CS
5501,6146,CN(C)NC(C)COCNC=O
5502,6147,OCC(C=CSCN=C)N=CC=CC
5503,6148,C=CC#COOCC(C)(C)OC
5504,6149,CCCCNCCNCC=O
5505,6150,COCCC1C=CC(C)CCC2CC2CCC1
5506,6151,CCCC1[NH1]C1CCC=O
5507,6152,N#COOC=CCC=CN=COCC
5508,6154,ONCCCCCNCCl
5509,6155,C=CCCCC(C)C(C1)C1
5510,6156,NCCC=CC=C=CC=O
5511,6157,N1(CN2NCO)ON12
5512,6158,C=C(C)CCNC(C)C=1CC=1N
5513,6159,N1=C(C)C1
5514,6160,C=CCCC=C=C=CC=O
5515,6161,CC(Br)ON=O
5516,6163,C1CC=CCCCC=COC=C=NC1
5517,6164,CCCC(S)Br
5518,6165,C1CNCCC1=C
5519,6166,C1CCCC1=C
5520,6167,CCCCCCNC=O
5521,6168,NOCOCCOC=CCl
5522,6169,O1N(C)C1C=O
5523,6170,OCCCNC(C)C=C
5524,6171,CC#CNCCCF
5525,6172,COCC(O)C(C)NCCCF
5526,6173,OCCC(C)=NC=O
5527,6174,O=CC(=O)CCC(C)OC=O
5528,6175,CC=CCCCCC=C=CNC
5529,6176,OCNCN(C1)C1(CCC)C=N
5530,6177,C12=C(CC=CCC)CN1C2Br
5531,6178,C=C(C)CCC#CN1CCC=CCC1
5532,6179,OCNC=C=C=O
5533,6180,C1CCC=CN[NH1]CC1Cl
5534,6181,C=CC=CCCCCOC(C)NCl
5535,6182,CCCCCCC(C)NC=C
5536,6183,N1CC2[NH1]C=C1N2
5537,6184,C(CC=CC=CC(=C)CON=C)Br
5538,6185,C=CCC1=CCC2CC1C(O)O2
5539,6186,OCC=CCCNC1NC1=N
5540,6187,C(C1)C1(C=O)CCCCNS
5541,6188,CCNNCNN(S)C=CCCC
5542,6189,CCCC=C(C)OC
5543,6190,NCOCC=O
5544,6191,CC(C)=C(C)CNC(C)F
5545,6193,C1CCC=C1ON[SH1]C=C=O
5546,6194,SCCCl
5547,6195,C1N=NC1C=COP(C)(C)CC
5548,6196,C=C=CC=C(C)CCC(C1C=S)ONN1OO
5549,6197,[PH1]1C(Cl)=CO1
5550,6198,CC(OC=O)OCC=C
5551,6199,C=COCONSC(C)CC=NC
5552,6200,C1OOCONC#C1
5553,6201,COCOCCC(C)CC=C=C
5554,6202,CNCC=CCC=CF
5555,6203,CNC=COC1CCNCS(C)=CCOC1
5556,6205,O(C)CC1C=CC=CCCCCC=NC1=NC=O
5557,6206,C=CCOCCN=CC(C)C=C
5558,6207,NCCC(C)CCCCCC=CBr
5559,6208,CC=CCC=C(C)CC
5560,6209,CCC1CCNCCCC1Cl
5561,6211,C(S)=CC(C)CNOC=C=O
5562,6212,C1C=C(C1CCC#CO)NBr
5563,6213,CN(C(C)=NC)CCCCCl
5564,6214,CCCNCNOC=C=C
5565,6215,CC=CS=CC=CC=CCCC=NCCOC=O
5566,6216,OOCOCNC1=CC1
5567,6217,CCC=C=CC=COC=C=C1C=COCN=C1
5568,6218,C=CC=CC(C)(CCF)C
5569,6219,C1NCCCN=NC#CO1
5570,6220,CCCC(CCCONOC=C1C=CO2)OC1CC=C2
5571,6221,C1OC(CNC2C1N)NCCC2
5572,6222,C12CCCNCOCC1CO2
5573,6223,C1CCCCC1(C)CC=O
5574,6224,C1C=COC1COOCOCC=CCCC
5575,6225,N=CCCCN1C2C=CNC1OCC=C2
5576,6226,CNC=C=NC1CC=CCO1
5577,6227,COCCOC=C=O
5578,6228,CC=CCCC=CCCC=NNC(C=CNCC)C(C1)C1
5579,6229,CCCSCC=NCOCC1C#C1
5580,6230,OC=CC1C=CC(C=O)C=C=CO1
5581,6232,OCCC(C)=C(N)OC=CF
5582,6233,C1OC(CC(C)C1)NCC
5583,6234,CCCC=C(CC=CC)OCNC=CC
5584,6235,CCOCCBr
5585,6236,C1=CC=NCCNCC(=C)CO1
5586,6237,COCI
5587,6238,CONC=CC(O)C=CC=C=O
5588,6239,CCCC1CCC=NC1C=CC=NN=O
5589,6240,OCCC=S=NC1OOCC=C1Cl
5590,6241,CNCCN=NNNNCO
5591,6242,CC=NC(C)C=COCCCN1C=C1
5592,6243,CCCC=C=CCC=C=NCCCNC=CN=O
5593,6244,CCC=CCCNCOC=C=CC
5594,6245,C1OC=CCC(ON)C(C)C(N)C1
5595,6246,NCNNC(C)NCCC
5596,6247,CCC=C(C)C(C=C1)NC1
5597,6248,OCCPC(=C)CBr
5598,6249,OC=CF
5599,6250,CCCC(=O)CC=O
5600,6251,NC(CCC1CN=C[NH1]C=CC)=C1
5601,6253,N#CCCC=CC(C)CCCCC=CC=NSO
5602,6255,C=NN(N)N1CCC(O)=CC1
5603,6257,NCCCCOCCCCNCCl
5604,6259,OCCNCCCCCC(C)=O
5605,6261,C=CCCCCOCNNC(C)NC=NCC=O
5606,6262,C(C)CSNC=O
5607,6263,CC=COC(C)(NC1CCCN1)C#C
5608,6264,NC=C(C)C=CC=O
5609,6265,CC#S=O
5610,6266,C1=CN(C)CC2=C3C1(C)C=C2C3C
5611,6267,NCCC=CC(C)N=C=O
5612,6268,C1NCCCCC1N=C(C)CC=N
5613,6269,C1CC=CC=CC(C)=N1
5614,6270,CC(NCOCC)=C1C(C2CCC1C2)=CC=C
5615,6271,O=CCCC(C)=C(C)C
5616,6272,C=CCOCCCCCC=O
5617,6273,C=C(N=CC=C=CCN=CCCC=O)C
5618,6274,NSC=NC=NC=NC=CCOC=CC=O
5619,6277,CC(C=COCC=CCl)C#C
5620,6278,CCOC(NCO)NC=CC=CCl
5621,6279,C(C)C(F)CC=O
5622,6280,C(CCNCCN=CC=C1)O1
5623,6282,CC1CCC=CNCC(=C)OCC1
5624,6284,C(C)=CCSCl
5625,6286,SC1CC(O)C=C1C
5626,6288,ClCC(O)C=NC=NC1CC1C
5627,6289,C=CCCCC=CCCSC#CN
5628,6290,CCC(C)=COCC=CC=CS=CCl
5629,6291,CCN=CCOCC=CC(C)F
5630,6292,CCNC=CCS(=C)CCCC=O
5631,6293,C(C)[NH1]C=C=CC(C)CCCCNC=O
5632,6294,C=C(C)C=CC=CCCl
5633,6296,COC=CCCC=C
5634,6297,COC(F)CC
5635,6298,COCNC#C
5636,6299,N(C)CC(CCCCC1N(C)ON)C1=O
5637,6300,C=C(C)OC=CC1C2CCC(C)=C2OC1N
5638,6301,OCOCCC(OCN)C=CC=NNCCl
5639,6303,CN(Br)C=CNCC=CC(C1)NO1
5640,6305,O=C1CC=CC#CCC1
5641,6306,NCN=CC=NCCC=CC=CC
5642,6307,C=C(C)CCCOCON1CC1O
5643,6308,C=C(C)CC1C=CNN1C
5644,6309,C=C=CCCCC=O
5645,6310,O=CNCC#CC
5646,6311,C1=CCC=CCC(C)COC1
5647,6313,N1CCCNC=CCN(OC)C=C1
5648,6314,C=C1[NH1]CCCCN2CC2CC=C=C1
5649,6316,CNCC(=C)NC=C=C=O
5650,6317,NC(CCC=O)O
5651,6318,O(C)NCC(C)(C)C
5652,6321,COCC=CCOCCCNC=O
5653,6322,CCCSCC=C=O
5654,6323,NC1=CC=CC1(N2)C(C)C(C)CCCCC2N
5655,6324,CN(C=CC(C)=O)NO
5656,6326,C(OCNC)C#CC=CCC=CC=NC=C=CC#C
5657,6328,CCC=C=CC=CC=CCC1C=C1
5658,6329,O(N(C)CCCCC)C
5659,6331,CCN=CC=CC=CS=CCCC
5660,6332,C1CCCC1CCCC=O
5661,6333,CONON(C1)C(C)(C)C=CC1(C)C
5662,6334,NCC(C)C=C=C=C
5663,6336,CNOBr
5664,6337,CCOCCCNCCC=CCOCC=COCNCCO
5665,6340,C=CCC=CCl
5666,6341,CC=CCCOC=CC=O
5667,6342,C1=CCC1C=O
5668,6343,CCC(CCCC=CCCC1CCCl)(C)C1COC
5669,6344,C=CCC(C)=O
5670,6345,CCS=SC=NC=CSCC[PH1]=O
5671,6347,CN=SCCCOC=CC=C=COC=C
5672,6348,C=CCC(O1)O1
5673,6349,CCC1C=COC=CCC=COCC1
5674,6350,CCC=COCCC=NC=CCC(C1)C1
5675,6351,C=C1OC1C(=O)CNC=C(PO)N
5676,6352,C=SC=CC=C=O
5677,6353,CONC(OOCCNC=O)CNC=O
5678,6354,NCCC=CCN=C=C=C
5679,6355,OCC=CC=C1COCCCC=CO1
5680,6356,O1C(C)N(C)O1
5681,6357,NCCNCCCCCC=CC=NC=CN=O
5682,6358,CCC12C(C=NCO1)COCO2
5683,6359,OC1(CC(C)C#CC)C[NH1]1
5684,6360,CC=CC=CN(N)C1C=CCNN1OC#C
5685,6361,OC(O)C
5686,6362,C1CCOC2C=C2C=C1
5687,6363,C1C2=C(C)OC=C2C(C)C=C1
5688,6365,CCCC1CCNC=CC1=CI
5689,6366,CC=C(C)SCCC=S#C
5690,6367,C(N)OCC=CC=C=C1C=C1C=N
5691,6368,C=CCC=C1CC1C
5692,6369,CNCCC(O)COC(Cl)NCCN1OCC1
5693,6370,CCOCC=CCF
5694,6371,CCC=CCNC(O)(C)CC(F)=N
5695,6372,OCCCCCC=CCCl
5696,6373,C1C(=C)S=C=C1OCCC
5697,6374,COCCOC=CCC=CC=C=C=O
5698,6375,C(C)=CC([NH1]CC#COC1Cl)N1NCCl
5699,6376,C1CCCC1CN=O
5700,6377,CN=CC1=C=C1
5701,6378,C1C=C(C)C=CCC1C=C=N
5702,6379,CN=C(C=NCCCCNCCN)NC=CCC=CCl
5703,6380,CCNC(N)=O
5704,6381,CCN(CCCC)CCCCC
5705,6382,CCNCC(C)CCCCl
5706,6383,CCC(C)CCC=C(C1)CC(C)NC1
5707,6384,NCC=CSC=CN=CCN=C
5708,6385,CCC=CNNNCCC=O
5709,6386,CC(C)CS=NC=O
5710,6387,ClNC=NNNCNC=C=C
5711,6388,COCC(C)CCCCCC
5712,6389,N([NH1])C(C)(C)CCC=CNC
5713,6390,CCONC#CCC#CC
5714,6391,SCNC1C(C)CNCOC=CCN1Br
5715,6392,CSCC=CC
5716,6393,CC[SH1]C[NH1]C(CC#C)COCC=CCC=CS=S
5717,6394,N(N)CC=CCOC=O
5718,6395,CC(C)C(O)C(C)CNC
5719,6396,O=C([NH1]CNC=C)Cl
5720,6397,C1CCC1CC=O
5721,6398,C=CCCNCCCC=CO
5722,6399,CCC=CC=CNCOC=C=O
5723,6400,CC(N)CCl
5724,6402,CCNC=CCOOCC(C)(C)Cl
5725,6403,C=CNI
5726,6404,C=CCCC=NSC#CC=CNCl
5727,6405,CCNCC(O)=O
5728,6407,NC(C)COC=O
5729,6408,C1CCOC=NN=CC2=C1C2O
5730,6409,C1OCCC(C)C(=C)N=C1C
5731,6410,CNOC=NCCCCCNCNBr
5732,6411,CCC(C)CCCCC=NOCCC=CNC=C=C=O
5733,6412,C=CCC=C(C)CCCC=CBr
5734,6413,C=CC(CCC#C)C=O
5735,6414,CN(NC=N)CCl
5736,6415,C1C=CCC2C1CNCCCSC=C2
5737,6416,OSNC(N)=O
5738,6417,COC(NNC=C)CC=O
5739,6418,ClC(O)[NH1]Cl
5740,6419,CCCC#N
5741,6420,FCCCNC1C=S1C
5742,6421,O=NCC=O
5743,6422,OC=C1C=CNC(CC=C)C=CO1
5744,6423,CNC=NC(C=CC=O)C
5745,6424,N=SCC(C1)=N1
5746,6425,CCC(C)C1C=C(CC=C1OC=O)CCC
5747,6427,CC(O)C(C)=O
5748,6428,CC(S)CCCC=O
5749,6430,C=C(C)C(C)=NCCCCC(=C)N
5750,6431,CNOOCBr
5751,6432,C1C(O)CC=NNC=C1
5752,6433,OCC1CCC(N)N(C)C1(CCCCC=CCC)OO
5753,6434,C=CNN=CCCC=O
5754,6435,OCCC(C(C)CCCCl)CC=O
5755,6436,C(C)I
5756,6437,SC=CCC=NCNCOCCOC
5757,6438,CCCCC1=CCCN=NC1
5758,6439,C=C=CCCCOS
5759,6440,C1=CCCSC(C)C=C1NCC=O
5760,6441,CN=CF
5761,6442,COCC(C(C)C=CCC=C=CCN=C1)C1
5762,6444,C12=C(C)C2(C1=C(O)C(Br)C)CCCO
5763,6445,CC(C)(F)NC=CC=C=CCCCC[NH1]O
5764,6447,CC=C=C=CBr
5765,6449,CCS(CCCN=CCCN=C=O)=CC
5766,6450,C=C=C(NCCC)N=CNCC
5767,6451,CNOCCCCCCC=CCC=N
5768,6452,C=CC(CCN)CCOC=C=C=O
5769,6453,CC(C)C(C)=O
5770,6454,C=C=CCCCl
5771,6455,C1OC1NCC=CC
5772,6457,OC(C)CC=O
5773,6458,C=NCCC1NCCCC1NCCCCC=P
5774,6459,NCC(C=O)C=N
5775,6460,CC=CSCCOC=C=O
5776,6461,C=CCCSNN=CBr
5777,6462,C=CNCCI
5778,6464,NCOCC12CCCNC=C1C2O
5779,6465,CCCNC1(S)CNCNN(C)C1(CC=CNC)C=C=S
5780,6466,NCOOC(C)OCNC1=CC1
5781,6467,C(C)CCC=C
5782,6468,OC=C(C)NON=O
5783,6469,NCCOCCSCO
5784,6470,CCCNCNC=CCCNNCOC=O
5785,6471,N(C)COC=CC=CCOCCC=O
5786,6472,NCOCCNC=C=CC
5787,6473,OOCCCOCC1CC1C
5788,6474,C=CCCN=C(C)CC=CC1CC1C
5789,6475,FCC=CCC(C)=CCNCC(C)=C
5790,6476,C=NNC=CC=N
5791,6477,CSCCCC(C)CN(C)COCC[SH1]O
5792,6478,CCCC(=C1CCS)C=CC=C(C)NN1N
5793,6479,CCCC[NH1]CN1CCC=CC1
5794,6480,O(C)CC=CNCCC=CCCCCOC
5795,6481,[NH1]CC(C)CCCCC=C=NC=CC(O)CCCCCC
5796,6485,COCC=CCNC(O)CBr
5797,6486,C1C=C=NC1C=O
5798,6487,CCOC=CCCCC=CNCC
5799,6488,COC=CNCCNCC=CC1CO1
5800,6490,CC=CC(C)(C)C1CC(C)CC=C1
5801,6491,CCCC=C(C)OCC=NCC=CC=O
5802,6492,C=CCC(C)(C)CCCC(NCF)CCC=O
5803,6493,CC=NC(C)CN=CC=C1COCC1(C)OC=C
5804,6494,O=COCC=O
5805,6495,CC=CNCCCCCl
5806,6496,CCC=CNCCC#CCI
5807,6497,NC=C=C=C=CC=CO
5808,6498,O=SCC1CC=C[PH1]1S2C=S(C)=CN2
5809,6499,C=C(COCC(C)CC)O
5810,6500,OC(C)CCCCCCC=O
5811,6501,CCC(S)CCCO[NH1]COONCCCCl
5812,6502,C#CC=O
5813,6504,CN1CN=NC=NC(CC)C1
5814,6505,CCCS(=O)SCOC=O
5815,6506,OCCC(C)C1CC=CC=C1COC#P
5816,6508,CCC=COCC=CI
5817,6509,NC(N)C=CCCNNC1N[NH1]1
5818,6510,NN=CCCCCSCC=CC1=CC1
5819,6511,CN=CC=CCC=CCC
5820,6512,C1(NCC(=C)CCC=C1)=NCl
5821,6513,CCCC=CC=CNCC1CCNC1=O
5822,6514,C(C)CC1=CC=CN=C1NOCC=NC#C
5823,6515,C#COC=CCC#CC
5824,6516,C(O)CCSCCC=CC#COC#N
5825,6517,C1CC1CC[NH1]CCCC(C)NN
5826,6518,OC(C)C=O
5827,6519,CC=C(C)NCNCCCCOCBr
5828,6520,CCCCCN(C=CC=C)C=O
5829,6521,CNCC[NH1]CNCCCN
5830,6522,CCN=CC=O
5831,6523,CCCC=CC=CC=NCCC
5832,6525,CC=C(C)CNCOCC=C=NC#C
5833,6526,C=C(C)NCCC=CC(C)=C=C=O
5834,6527,C1CC=CC=NC=C1C
5835,6528,CCCC=NC=C1CC1C
5836,6529,C1NC(COC)C1(O2)C2
5837,6530,NCNCCC1CC(O)(C)C=C(C)CC1
5838,6531,CCC=CCOC=NC=CC=O
5839,6532,N1C(CN1C=CCCC2)N2
5840,6533,C=CC(O)CC=CC(C)(O)C=C1C=C1
5841,6534,N=C=CCCCNCl
5842,6535,CCCCC=NCCCCCNC=CC=O
5843,6536,NC=CCCl
5844,6537,CC(C)C=NC=C=O
5845,6538,C[PH1]C=SC=CC1=SC=CN1CC#CO
5846,6539,S[NH1]C=C(C)CC=CCS
5847,6540,C=CCNCC=CCl
5848,6541,OC=NSCCC=C=N
5849,6542,CNC=CCCON=COCCN=C=NCCSBr
5850,6543,CCCNNC#CC=CCCNCl
5851,6544,CNC[NH1]C=NCC=O
5852,6545,C=CC(C=O)Br
5853,6546,NC(C)CNOCCCCC
5854,6547,N=COCCNC=O
5855,6548,CONCC(C(C)CC(C)CC)CN=CC=O
5856,6549,NN(F)C=NC(C)CC=C=P=CC=O
5857,6550,CC=CCCl
5858,6551,C=C=CCCl
5859,6552,NCC=C(O)SCCCCF
5860,6553,N#CCCNCCF
5861,6554,C=C=CCCC=NCCC=O
5862,6555,CC=C=C=NC=CCOCS
5863,6556,CC(S)=C(CCC)C=O
5864,6557,CC(C)C=C(C)CC=O
5865,6558,N1CNCNCN=C(C)C1
5866,6560,CC(O)CC=CC(C)([NH1]C=CCN=CSO)C=C
5867,6561,NC=C=NC(CC)(O)C(C)F
5868,6562,CCC(C)CCC=O
5869,6563,C1CC1(OOCCCCC)C=CCOCCOC
5870,6564,OCCOC=CNNCC=CNCl
5871,6565,COC=NC(C)CCCCCCC(O)O
5872,6566,CCCPC(C)OC=C[NH1]CCCC=CC(C1)O1
5873,6567,O=CCC=NCCCF
5874,6568,O=CN=CC(=C)NC=C=O
5875,6569,CNC(C)CCl
5876,6570,CCC#CCCC(S)CC=O
5877,6571,CC(C)C=CC=O
5878,6572,CCOCC(C)C=O
5879,6575,CCCNCCCC(C)C#C
5880,6576,CNC=CCCC=COS=CN(N)O
5881,6577,NCC=NC=CC=C=O
5882,6578,BrC=C(C)OC=C
5883,6579,BrCCC=C
5884,6580,CCOCCNCCC=O
5885,6581,O=P=CN(C)C=NF
5886,6582,N(C1)CC1ONC=O
5887,6583,OCOC(C)C=O
5888,6584,CCNCOC=CC
5889,6585,CCCN=SCC=C=O
5890,6586,C=CCC=CCC(CC=O)Cl
5891,6587,CC=CCC=CC=O
5892,6588,CC(COC=C=SC(N1)CN2C)C2CCC=NC1
5893,6589,N1NCCC1(Cl)CCNCS
5894,6590,N1=CNCC=CC1
5895,6591,C1CCN=C([NH1])OCC2CC21
5896,6592,CCCSC1C(C)C=CC1=NCF
5897,6593,NOCCCCC1CC1
5898,6594,CC=CCS(C)CC=O
5899,6596,CC(C)(C)C=NC#CN
5900,6597,CCCCC=CN=C=CCCCC(Cl)=NONOC
5901,6598,CN1CCC=CCCC=CC=C1
5902,6599,NCCCP=O
5903,6600,N1COCCCNCCC=C1
5904,6601,OCCNC=C(C)CCF
5905,6602,C=CC(C)CCBr
5906,6603,C=CCCCCCNCC=CC=C
5907,6604,COOCOCCOCCCC
5908,6605,CC=CC=CN=CC=O
5909,6606,NOC1CCN=CC=C1CCN
5910,6607,CNC1=CC=COCCCC=C=C1
5911,6608,C=CC=CCC=C=C1OC=CC1N
5912,6609,C12C(C)C=CC=C1N2C
5913,6610,CC=C(C=NC=CCC=CC=NC)CBr
5914,6611,NCOCCC=C=C=CCCCCCF
5915,6613,CCCCCOCCC=O
5916,6614,C=C(C)C1=CC2(C)CCC(C)=C=C21
5917,6616,CCCCN=O
5918,6617,CCCC1=C=COC1OO
5919,6618,OC(C)=CCC=CC#N
5920,6619,NCC=CC(C1N)C1=N
5921,6620,CCN1CCCC1C
5922,6621,CCC(C)CCCCCCCC=O
5923,6622,CSSCNCOC=CC=C=O
5924,6623,CNC=CCC1CCCCCN=C(COC1)C
5925,6624,OCCPCNC(CCS1)C1
5926,6625,C1C=CCCCC(=O)C1
5927,6626,SC=CCCN=C
5928,6627,OOC(C)=O
5929,6628,CN(N)C[NH1]C(C)(C=CC=CC)CC=O
5930,6630,C1C(CCCC2)=C2CC1
5931,6631,CCNCC(C)C1=CS1
5932,6632,C(S)CS=CNOC[NH1]C
5933,6633,NCSCCC#CCCC=O
5934,6635,ON=C=CN(C=CC)C(C)CC#C
5935,6636,CC=NCCCCCOCO
5936,6637,CCCNC(NCC)CCCC=CC=CF
5937,6638,N=C=C(C)C=NSN(C=C)CC=O
5938,6639,CCC(N)SOCC=CCC=CNC1=CC=C=NN1CF
5939,6640,ONC(C)NCC(C)(C1Cl)C1
5940,6641,CCCC1CCC=C=C=N1
5941,6642,C(C(C)C)=CCN=CC=CCCCl
5942,6643,C(C)CNNC=NOCNC=CC=CC=C
5943,6644,CC(OC=COCCCC=C)NOCC
5944,6645,C1=C=SN=NNCCN=CCC1Br
5945,6646,NCC=NC1CCN=C=C=C1
5946,6647,CC=C=CCCNCC=NOC1C=C1
5947,6649,N=CC1=CCCN1C=CCOCl
5948,6650,C=CC=C(C1)C1
5949,6651,NI
5950,6652,NNCC(SC#C)NC1NCCNC1
5951,6653,CSSCNOCC=NCl
5952,6654,O1CC1CBr
5953,6655,OC(=C)CC(C=SF)CCl
5954,6656,C=C=NCCC=C(C)C=NCC=CO
5955,6657,OCCCCCC(C)Cl
5956,6658,CCOC(CCC=O)(C)CCS(=O)CNC=C=[NH1]
5957,6659,CC=CCCCCP(C)C=CCCl
5958,6660,NCC=C=CC=CC=CCN1CC1
5959,6661,N(COCC)(CN=CC1=CSCNCCC)C=CN1
5960,6662,N1NC(C)C1CN=O
5961,6664,OCN=CCCCCNC=CC=C
5962,6665,CC=CC=N
5963,6666,CCCN(C)C=NBr
5964,6667,FNC#N
5965,6668,NCCCCOCCCCCONC1CC1
5966,6669,C=NCCC(C)C=NC
5967,6670,C=CCC(C)CCl
5968,6671,C=CCOCCC(C)=CC(CO)CO
5969,6672,N#CNOCl
5970,6674,CCCCS=CCNC#C
5971,6675,OC=NC
5972,6676,N1OC=C2CCCC=C=C12
5973,6677,CSC(C)CC=CCC=C
5974,6679,C(C)(C)CNCCNC=O
5975,6681,CNCOC=CCCC(C)F
5976,6682,NCC=NC=O
5977,6683,C=SNN=O
5978,6685,C1C=CCO1
5979,6686,CONC=C=O
5980,6687,CCNCCCCC#C
5981,6688,CC1OCCCC1(NCS)ONC=O
5982,6690,N=NNCC(C1)O1
5983,6692,C1(C)=C=CCON=CCCC1=C=NN
5984,6693,CC=CNCOC=COO
5985,6694,NC1CN=CNC1N
5986,6695,CC=CC=CCCCN=CN=CC=CC=C=N
5987,6696,C=C1OCCN(C)OC=C(C)C=C1
5988,6698,CNC(O)CCl
5989,6699,NC=C=C=C=O
5990,6700,C=CC=C=CCCCCC#C
5991,6701,CC(P)CC=CSC1=CCC2CC2N1
5992,6702,OSC=CC[NH1]OCCC
5993,6703,C=C(CCC=C)C=CCl
5994,6704,CCNCCN1CNCOO1
5995,6706,C1OCCC=C1OCOF
5996,6707,C=1=CCNCCC=CC(C=1)C
5997,6708,COCCCC
5998,6709,CONONC(C)CC=C=O
5999,6711,SCCCOCNCCCl
6000,6712,NCCC#CC
6001,6713,C1=C=C1
6002,6714,ON(C)CCCCCC=CC=C=CO
6003,6715,NC=COC(C)CC1OC1O
6004,6716,CCC=C(N)C1C=C1
6005,6717,O=CC(Br)CCl
6006,6719,CC(Br)COCC=O
6007,6720,C1(CSCCl)CNCCCC1=N
6008,6721,C=CC=CC=C(C)CC=O
6009,6722,C=CC#N
6010,6723,CCCCC1=C=S1
6011,6724,C1C=CC1=O
6012,6725,BrCl
6013,6727,CNCOC=O
6014,6728,C=NCC=C=C1C=N1
6015,6729,C1C=NC=CC=CNN=C1
6016,6730,CCCCNC
6017,6732,C(CC#N)C#C
6018,6733,OCC=CC=CC(C)CC(N)CO
6019,6734,OC=C=CN=CCCC=CCC
6020,6735,NNCCC=NCOCC=C=CC#COC
6021,6736,CN=CC=C=NC(N)N
6022,6737,CCCNCC=NCC
6023,6738,C=1C=C(C2)C2=1
6024,6739,CCNCCCNCC(C1)=CC1N
6025,6741,CCC(C)CCl
6026,6742,N(C)COCCCCCCC=COC
6027,6743,CS=CCC(CC)CCC(C)COC=O
6028,6744,C1C(=C)CC=CC2C(C)N=CC2C1=C
6029,6745,C=CN=C
6030,6746,C=COC=CCl
6031,6749,CC=CCNC=O
6032,6750,CNCOCOCN
6033,6751,C1COCCC=CS1COC
6034,6752,CCN=NNCN=O
6035,6754,C=C1S(N=C=NCCCO1)C=C(C2)C2
6036,6755,C1C=C2CCC=NNOC1=NCC=C2C
6037,6756,C=C=CCOC=CO
6038,6757,OCCCC=CC1=CCNC(C=CC)C1=N
6039,6758,CCOCS=O
6040,6759,C=CC(=C)CC=C(C)C=C=O
6041,6760,SNC(=C)CC=CC=CC
6042,6761,ClC=O
6043,6762,CNCC#N
6044,6763,CC=CCC(Cl)(C)SCC=O
6045,6766,O=NCC=CC(=C)CC=C
6046,6767,C(C)C(O)CCC=O
6047,6768,NCCCCCCC=C
6048,6769,CC(CF)CC=SCCCCC
6049,6770,CCCCCCCCNC=CCCCl
6050,6771,C=C(C)CCOCCNC=C=CC=NC(=C=1)C=1
6051,6772,CC=CCCC=C=S(C)OCl
6052,6773,C1C=CC1CCCCCC(C)OCC=C=C2CC2
6053,6774,NCCCCNCCCCSC=CO
6054,6776,OOOCC=CCCC=C=C
6055,6778,CCSC=NSC=CCC1C=C1
6056,6781,CCCCC=C=NC=C=O
6057,6783,CCN=NC=C=CCC=O
6058,6784,NOCCNCCCCC#C
6059,6785,OC=CCCCOC=C(CCC=C1)OC1
6060,6786,CCC(C=C)CCC(=C)C=CC=O
6061,6787,C1CCNC=CS1=CCCl
6062,6789,C=1C=CN(C)C(C)CC=1N
6063,6790,CN=CCC1CC=CC(N)C1=C
6064,6791,CCC(C(CCC)CCC)COBr
6065,6792,COCS=O
6066,6793,C1NC=CC=CCC1CSPC
6067,6794,CCC=CCCCCC=CC=CC#C
6068,6795,C=CCN1NOCCC1
6069,6796,CCONCOCOCCCC#N
6070,6797,FNCCCl
6071,6799,C=CCOCCCCCl
6072,6800,SNCC1CCCC=CSC1
6073,6803,CC[NH1]CC=CCC=CCC=CC=O
6074,6804,CCCCC=CCC=O
6075,6805,C1=NC#CCC(S)CC(C1)NCO
6076,6806,NCCN(C)C=CCC=O
6077,6807,CNC=C=CCCN=CCNCCCC=O
6078,6808,CC(C)C(O)OO
6079,6809,C1CCN=C(C)COCC=CC1
6080,6810,C=CCC#N
6081,6811,CC=CN=CC=CCCCC=CCC=O
6082,6812,COC=CCCNCNONOCCC=[NH1]
6083,6815,C1=COOC(=C)CCCS1
6084,6816,CCC1CC(N)(CCCCC=SC1)O
6085,6817,CN=NNCCO
6086,6818,N=1CCN(C2)NCC=1C=C=CC2
6087,6819,CON=CC(N1)(C=O)CC1=C=NC=O
6088,6820,CCCCC=NC=CCCC=CCON=COO
6089,6821,COC=C=SC1=NC=CC1CN=N
6090,6822,CC=CC1=CO1
6091,6823,C=C=CC=CC(C)(C1)C1=CN=C
6092,6824,NCCC1=CCNNCC=C1N
6093,6825,ON=CC=C=O
6094,6826,ONOCCCC(C)CCCC=C
6095,6827,N1=C=CC=C(N)CC=C(O)C1
6096,6828,N(C)COCCOCC=C(C)C1=NC1=P
6097,6829,CCC=CC=CC(N)CCNCNC=C=O
6098,6830,O1CNON(C)C(C2)C1NCCC=CCO2
6099,6831,COCCCC#CC=O
6100,6832,C1=NCC(N)=CCC=SNC#C1
6101,6833,N1C=CNC12NCOC=C(C)C(C)COOC2
6102,6834,CCCN[NH1]C=CCC1SC1
6103,6835,NC1CCC=CCCCCCCN1O
6104,6836,N1CCCOCC#C1
6105,6837,CNC(CSC=C)C=NC=C=COBr
6106,6838,CC=CCC(C=C)CCC=CCl
6107,6839,C1CC=CCCC=CC(O)NC=C1
6108,6840,CC(C=CN=CON(C)N1C)=C1
6109,6841,CC(F)CC=CP=O
6110,6842,C1C=NNCC1C[NH1]S(C)C=O
6111,6843,CNC=NCN=CCC=NCC=CC=S=N
6112,6846,CCCC=C(C=O)C#C
6113,6847,NC1NC=SC(=C)C(O2)S12
6114,6848,C1CS1=CC=CC=CCC=CC=O
6115,6850,COCN(O)CCC[NH1]COO
6116,6851,C1=C(O)C1C=S(N)CN2C=CCC2C=CC3=CNC=C(C)C3
6117,6852,C1C=C1CC[NH1]C
6118,6853,CCCCCC(N)CCCCl
6119,6855,CC(C)CCC=C(Cl)F
6120,6856,O=NC=CC(C(=C)C)CC=C
6121,6857,CN=COCC=CCCCC(=O)C#CC
6122,6859,NCC=CCC(C1)S1=O
6123,6860,COC
6124,6861,NN=O
6125,6862,C1C2CCC=NONCCN1C=C=C2N
6126,6863,C=COSO
6127,6864,CC(N)NN1CC(C)CC=CN1
6128,6866,OCOC=C=C(C)CC=NC(C1)C1O
6129,6867,CCCOC1C=C=NCCS(=C)(N)NC1
6130,6868,CCC=CN[NH1]F
6131,6869,C1C(N)C=NC(=O)CCC1
6132,6870,OOCCCC=COCCC
6133,6871,N=CBr
6134,6873,CC=C=CC(C)Br
6135,6874,C=C=CC#CF
6136,6875,CCOCCCC=C=CNF
6137,6876,NN=C=O
6138,6877,N1CCNCCCS1(C)=C2CCOCC2
6139,6878,C1CCCC2C=CC=C=C2PCN1Br
6140,6879,C=NCCC=O
6141,6880,N(O)CCCSCCCOC
6142,6881,CCC=C=NSC=CCC1N=CCCC1
6143,6882,CC=C(C=CNCCC(C)C=C)C=C
6144,6883,CNC(C(C)C=CCCSC)=C(C)C=C=C
6145,6884,FCC(CC)NC=NCCCC=C
6146,6885,CONOCC=CC=C(C)CCCC=N
6147,6886,CCNC=CONC=CBr
6148,6887,CCC=CC=CC=CC=CCC=CCl
6149,6888,CC1C(C)CCN=CC(O)C=C(C)O1
6150,6889,C1CCN=C=CC=NCCC1=C
6151,6890,OCCCN=O
6152,6891,C=CC(C1)CCNN1
6153,6892,C=CC=CCC=CC(C)CS=C(N)N=NN
6154,6893,OC=NC(C)CC1C=C[NH1]COC[NH1]CC1O
6155,6894,FN(C)CCCC=O
6156,6895,CCSSC=O
6157,6896,C(S)(CCCC=C=O)C[NH1]Cl
6158,6897,C1=C=CSC#C1
6159,6898,NC(CC=CC)=O
6160,6900,CC=NC(CCCOCCC=O)C
6161,6901,C=CCNC=O
6162,6902,CC(N=NCCl)NC#C
6163,6903,C=C(C)CF
6164,6904,C1C=CC2C=C=C1OC2O
6165,6905,C1=C=NCONCCCC=C=C(C)C1
6166,6906,C=CCC(O)C=C(C)CC(C)C=C=N
6167,6907,OCC(C)Cl
6168,6908,C=CCCN=CS=CCN=C=C
6169,6909,OCC=NCCCC(C)=CC=CC=O
6170,6910,C=CNCNN=CNCNNOCCOC=NCC=C(N1)C1
6171,6912,FCCCCCNC=C=CNOCl
6172,6913,COCNC=CCCCC
6173,6914,C=CCCC=CC=C(C1)C=C1O
6174,6915,CCC=CC(C=CNC)=C=CCCCCNC
6175,6916,C=C=CC=NN=CCNC(CC)C=C
6176,6918,CC=C(N=C=O)C=CF
6177,6919,CCCCCSCCC(C)CO
6178,6920,C=CCCOC=O
6179,6921,CC=NC=CCCCC=O
6180,6922,CC=C(C)CCC=C=C
6181,6923,CSCCCNC=CC=C=C
6182,6924,OCCCC=O
6183,6925,CCC(S)CC[NH1]CC1C(C)CNC1
6184,6926,CCN(C=CN=CCC=C)CCNCCNCN
6185,6927,C=CC(C)OC=COC=C(C)CC=C
6186,6928,CC(C)CNC(CC1=CC)(C)CN(CC=C=NN=O)C1Br
6187,6929,C1CCC1=CC=CSCC=O
6188,6930,C=PC=CC12CC(C)=C=C1NC[NH1]CCC2N=NN
6189,6931,CNC=CCCCl
6190,6932,CCOC[NH1]CCCCCS=CF
6191,6933,OCOCC=CCC=C
6192,6934,NCCCCC(C)CC(O)C=CO
6193,6935,NCNNC=O
6194,6936,O1OCCCCCCCCNC1
6195,6937,NCNCC#N
6196,6939,OC(C)CNF
6197,6940,C(C)CCCl
6198,6941,N1N=CCC=CC=CCC1
6199,6942,OONSNCCCONCOCC=C(O)C=C=COOCF
6200,6943,C1CC(C2)=CC12
6201,6944,N=CCOC=CN=N
6202,6945,NC(C)=CCCCCNC
6203,6946,CCC=C(C)CCC(O)Cl
6204,6948,CCOCCN=NCC(C)C1C=CN=C1
6205,6949,C1CC=CCC1C=CC=COC=COOO
6206,6950,CCCCC(N)CC=C
6207,6951,NOCOCSCN=NCC=NC
6208,6953,N1C=CCCCCN=CNC1
6209,6954,OCCNC(C)CC=O
6210,6955,NC1=C(NCCC)C1C
6211,6956,CC=C(C)C(ONC1=O)CC=C1CC=O
6212,6957,C=C=CCOC=C=C=NCl
6213,6958,CCN(C)C1CCC(O)NC1C=N
6214,6959,C(COC(C)CC(O)C)=C
6215,6960,CCNCCCCC=O
6216,6961,C1CC=C1
6217,6962,CN(O)CCC(N)C1=CC1O
6218,6964,CCCOC=C(C)C=C
6219,6966,C1SCCCCC=COC(C)(C)OC1
6220,6967,COC=CC=CCNC1C=C1
6221,6968,CCCCCC#CCF
6222,6969,OC=C(C)CC=O
6223,6970,O=CC=NC=O
6224,6971,ONCNCNC=CCCCCC=NBr
6225,6972,C1C(NNCC)=NC=C1CCC=O
6226,6973,ClOC=C=CC=CC=COCC#C
6227,6974,NC=C=CCCCBr
6228,6975,C=CCOC=[PH1]C=O
6229,6977,CCCCC1NCO1
6230,6978,CNCCCCOC#CCCC=CN=O
6231,6979,CCCC(C)CC(O)CNN
6232,6980,C(CC(N)C(C)=O)=C=C(NCCCC=N)OCl
6233,6981,C12COC(N(C)CC1C=C2)COC=O
6234,6982,C=CC=C=CC=CCOC=C1CC1O
6235,6983,CCN1C=C=CC1CC=C=NCOO
6236,6984,OCN=NN(C=CC=C)C1CC1
6237,6985,CCC=CC1CC=CCC=CCCNN1CN=C
6238,6986,C(NC1COC)COC=C=SC#C1
6239,6987,S=CCCOCC=C
6240,6988,C=CCC=CNC=C=C=C
6241,6989,C(C)NC1=NC(C)CC1NNC(C2)C2
6242,6990,C1=CCC1C
6243,6992,OOCC(=C)CC=O
6244,6993,CC(CCOCC(C)F)OO
6245,6995,C1=CC(C=CC=NC)=NC1=C
6246,6996,C12C=C1COC=C(CO3)C23
6247,6997,N=CC1NC2=CSC1C=N2
6248,6998,OC=CC1=C=CON=CCC=C1
6249,6999,CCCOCC(C)OCON=S
6250,7000,COC1CC(C)CC1CC
6251,7001,CC=CC[NH1]CC=CC(=O)C(C)C=O
6252,7002,CN1NOC=CC=C=CC(C)CC=CCCC1
6253,7003,CC1CN=CCCOCC(C)C1
6254,7005,C1=NC1=CCCCC=C
6255,7006,NCC(N)NNC=CC(Cl)C=CC#C
6256,7007,OCCNC=C(C)CCNCONOO
6257,7008,CCNC=CCN=O
6258,7009,CCCC(N)OC=CCCF
6259,7010,CC(NC1CSCCO1)C=CC=C=NO
6260,7011,C(C)C#CCNC(C)NCC=O
6261,7013,O(Cl)CCCOS
6262,7014,CCCNC=CC=O
6263,7015,CC=C=C(C)C=O
6264,7016,CC(C)(CC(C)ONOCC)CC=C
6265,7017,NCOC(CC=CC=CC=C=CC1)C1
6266,7018,OCCC=CCC=CC=C=NCCCNCCC
6267,7019,CNC=CCCN=O
6268,7020,CNCCC=CC=CCO
6269,7021,CCOONC=[PH1]CC=O
6270,7022,CCCNCC(OCC=CC)NC1CO1
6271,7023,C=1=CCCC=1
6272,7024,O=CC=CCC1=NCC=CC=C1
6273,7027,O1CN=C1CC(O)C=C
6274,7028,C(F)=CNC=C=O
6275,7029,CNC=C=CC
6276,7030,CCCCC#N
6277,7032,S1=CCCC1(C)CC(C)C#C
6278,7033,NCCNCNC=CCC=C(C)C=O
6279,7034,NC(CNCC)CCC=CN=O
6280,7035,CCCC=NCCSC=C=C1C=CC=C1NCCCSON=NC
6281,7036,OC(C=CCCC(C)CCCN)CN
6282,7037,CC=C=CC=CCNC=CNCl
6283,7039,CCCCCCCC(=C)C
6284,7040,CCCC=C=CCNC=C=CC#C
6285,7041,CCNCCCCCCC=C=C=C
6286,7043,CC=CC=CC=C=O
6287,7044,C1CCC#CNCNS1C=O
6288,7045,CCC=CCNCOOC(=O)C=NO
6289,7046,CN=CCC
6290,7047,OCC=C=C=CPSCC=CN
6291,7048,CCCCCCCONN(C1)S1
6292,7049,COCCCCCC=O
6293,7050,[NH1]=CCC=C(NCCC=C=CNCN)CC
6294,7052,C1CCCCC1CC(O)CC#N
6295,7055,C=C(CCC=CS1N)CCC=C=N1
6296,7057,CC=CCC(=O)CN=O
6297,7058,C=CC(=O)NNCCCC1N=C1
6298,7059,CCCCCC1N(S)N=CCCC1
6299,7062,C1CCSC(C)=CCOCOC1
6300,7063,CC(CC=CC)C(F)C#C
6301,7064,OC(C=C1)=CONCCN=CCC1CC[NH1]
6302,7065,CCC(C1)CCSN1[NH1]CCC=C
6303,7066,CCN=C1C=CCC(C)=CC1P
6304,7067,CC(C)OC1C=CC=C1CC=C
6305,7068,C=CON(C)C(C)=O
6306,7069,NOCF
6307,7070,NNCC=CCC=CCCC#COCCNC
6308,7071,C1OC=CCC1S=O
6309,7072,CCCC(=C)C=CCC=CC=C1C=C1
6310,7074,CC(NCC)(N)Cl
6311,7075,CSCNN=CCC=O
6312,7076,OCCCC(O)=C(C)C=O
6313,7077,OCC=CC(C)OONC=CCC=C
6314,7078,CCC=CCCF
6315,7079,CCC=C(C)CCC=O
6316,7080,C1CCNCC=CCCNS1
6317,7081,C(C=NCC=CNOC=CC=C=CO)OC=O
6318,7082,C(CCCC)=CCCC(C)=O
6319,7083,CCC=C(C)C=O
6320,7085,C1CC(CC(C)=C1CC)C=CC=CC=C
6321,7086,C1CCC(C=NCC)CC1C
6322,7088,CCC=C=CCCSCN
6323,7089,CCOC#CCC1=CC1=O
6324,7090,CCOC=CN=O
6325,7091,CCCC=NC(C)C=CCOOPC
6326,7092,OC=COC=CCCCl
6327,7094,CNCCC=C=C(CCC=O)Cl
6328,7097,O=CC(C)CCC
6329,7098,C1(C)CC=C=C2CCCN1C2O
6330,7099,CNCCCCCBr
6331,7100,NCN=NN
6332,7101,CCC[NH1]C(C)CF
6333,7102,N=NCC(C1)=C1
6334,7103,CCCSC(=C(C)OOCNC)OCCS=C
6335,7104,OCNCCC=NOC#C
6336,7105,NC=CC=CCC(=C)C=CN=O
6337,7107,N#CCS(N)CNC
6338,7108,CCCOCC=C=CCC=COC=CC=O
6339,7109,CCCN(O)Cl
6340,7110,CCCN1CC(C2)C12CNCC=C
6341,7111,CCOCC(C)=C1C#C1
6342,7112,C1CC(C(C)=O)C1
6343,7113,C=CCN(N=C1)N1
6344,7114,CCCN=NCCCCC=O
6345,7115,CNCCCC(=CC)CCC
6346,7116,OCCCONCNCC
6347,7117,CCC=CC=C1C(O)OC(C2=C)SNOC2C1=CO
6348,7119,C=C=CCC(C=C=NC=NOCC=O)N=NCCC=C
6349,7120,O=CCC=CC=CC=O
6350,7121,NC=C=CCCC
6351,7122,C1NOCC#CC=C1C
6352,7123,CC=S(CCC=CC1)=COC=CC1C
6353,7124,CCC(O)CC=CC=CC
6354,7126,C1CCC=C(C2N=O)C1=CC=C2O
6355,7127,C#CC(C)C=CNNC=C=NCCC1C=N1
6356,7129,C1(OI)COCCOO1
6357,7130,CC1(C=O)CCCC1
6358,7131,CN=COCCSCCCCCCN=C
6359,7132,NCNCCCCON=O
6360,7133,NNCCCCBr
6361,7134,CC=CC=CNC=NF
6362,7135,C(C)OCCC=CN=O
6363,7136,CC=C=CCCCCN(C)CS
6364,7137,OOC=CCCCCCC=CC=CCC=O
6365,7138,C1C=CC(C)CC2CC21C
6366,7139,NNC(C)(C)CCCOC=C
6367,7140,N1CCC1C(C)C2(C)CCC2
6368,7141,CNC=CC=CNC#N
6369,7142,CC(C=C(C)NNC=CCCNC1)=C1
6370,7143,CCCC(C)=CN=CCCNN
6371,7144,OC=CC(OCCC1)N1C
6372,7146,NCNOCCC=CNCC
6373,7147,CCCOOCC(C)N[SH1]
6374,7148,OC=CSCOC=CCC=O
6375,7149,CN1CC(C)C=C=C(Cl)O1
6376,7150,CCOC#COCC=CCOC=CC=O
6377,7151,CCC1C=CC=CC=C=N1
6378,7152,NNC=CNC=CCS#CCCC=O
6379,7153,C1C(C)NCC=CCCC1CCNCN=C=N
6380,7154,C1COC=CC1CCN[NH1]F
6381,7155,CCC=CC(C)(C=C=CNC)OC=CCCCC1NO1
6382,7156,CC=CC(C)CC=C=C
6383,7158,CNC=CNC=CC1=CC(S)(N2)C21
6384,7159,C1=C(C)C=CC1C=CCC=CC=C
6385,7160,CONCC=C(N)CC=CNCl
6386,7161,NNC=CC(C)C(C1)OCCC1=NI
6387,7162,C=CC=NCCC=CNNCC(C)F
6388,7163,OC(=O)CNCNCC=CC=N
6389,7164,COC=CBr
6390,7165,C=NC(C)C=CC=C=NBr
6391,7167,OCOC=CC=C=CC#C
6392,7168,S(N)CCCCN=C=CC
6393,7169,O=C=CC=C
6394,7170,CNOSCCCCCCOC
6395,7171,CON1NCC=CCC=CC(=C2)C12
6396,7172,CNC=SCC=CCC(O)COO
6397,7173,C=CC=C=O
6398,7174,CCOCCCSC(=CCC=C)C[NH1]C
6399,7175,CCNOCOC=NC=NC1=NO1
6400,7176,OCC=CCN=C=C
6401,7177,C=CCC=CNOCOC=NCCCC=C=O
6402,7178,C1NCC=CC=CCC1C=C(C)O
6403,7179,CCC=CC=C=SCCCC
6404,7180,O1C(C)C1C=CCCC=C
6405,7181,[NH1]C1C(C)=CC=C=C=C1NCNC=O
6406,7182,OCC([NH1])COC=CC=C=CCNC
6407,7183,PCC(N)CC=N[NH1]CNCSC
6408,7184,S1CN1OC=CS=C(N)N
6409,7185,OONCCCCCCl
6410,7186,N1CS=C(C)N1C=CC=CS=O
6411,7189,N1=CCCCOCC=CC=CC1=C=C
6412,7190,CSCC(CCC=O)C=CC(C)=O
6413,7191,NC=C(C)CC=O
6414,7192,C1=CCN=NCCCC1=COCC
6415,7193,NCCNCS=CC=CCC(=O)Cl
6416,7194,C1C2CNC=CC=CN12
6417,7195,C1CC=C1C=O
6418,7197,CC(CCC=C(C)CC)CF
6419,7198,CN=CCC=CC=CC=C1C=C1
6420,7199,N=CC(NCO)NCCCC#N
6421,7200,CONC=CC(C)CC=O
6422,7201,C=CCCC=CC=CCC=CNC#C
6423,7202,SOCCNCCCCC=O
6424,7203,C=C(C)NC=C1C=CC(C)=S1=O
6425,7204,C(CC=O)CCS(C)(C)CC=C=CC=CCC=C=CCC=CCl
6426,7205,CCC(C=C=CCN1CCC=C1)CC=NC2=NNCNC2
6427,7206,NNCC=CC=CC=CCC=O
6428,7207,COCCCCNCC=O
6429,7208,C1NOCCCS1SOO
6430,7209,CCC=C1C2=CC2C=C(C)O1
6431,7210,CNC=CCNCC=CC1C=C1C
6432,7212,C1=CCCC=C(C=O)CSC1C=CC=C
6433,7213,N=CCCCC(O)C=CC=C
6434,7214,CCOC(C)(CO)C=NC=NC=C
6435,7215,N=CC=SBr
6436,7216,CCC=CCOCC1=CN1
6437,7217,C=CNCC=O
6438,7218,C=1=CC=1CCC(N)=CC=C
6439,7219,CC(=C(C1)C)CCC1
6440,7220,COCC=CCCC=O
6441,7221,CN1C2C(F)C=C(C1N=NC=C=C2)[NH1]C
6442,7222,C(CNOCC=SN)=NCNCON
6443,7223,COCNCC=C(N)C(C)C(C1)=C1
6444,7224,CCCC(C)NCCC=C=O
6445,7225,CCC1OCCC=2CC=2O[NH1]1
6446,7227,O1OC1NC=CCCCCC
6447,7229,CCCCCCC=C=N
6448,7231,N1C=CCCCC1(C)CF
6449,7232,C1=C=COP=C=CC=CCO1
6450,7233,N12CCCCCCCC1CCC2
6451,7234,C1CCC2CCCC2CC1
6452,7235,N=CCC=CCCCC(C)=NC=CC=C
6453,7236,OCC(CC)N=O
6454,7238,CCCCCCCNN(O)CCCCl
6455,7239,C1CCC1NCNC#CO
6456,7240,NC(C)=NC1C2NC=C=C1C2CCl
6457,7241,C1(C=CCN)OCC=C1
6458,7242,CSCNC=C=CCCl
6459,7243,CCC(C)C
6460,7245,CCCCNC=C=NCCCC1ON1
6461,7246,O=CCOC=O
6462,7247,C=1=NC=CC=C=1
6463,7248,CC=CCC=C=O
6464,7249,OCC=C(C)N=S1CC=CC=C1C=C
6465,7250,CCC=COC=O
6466,7251,O1CCC=CC1CCCCCCN
6467,7252,O1C2C(CNNCCl)C2N=C1
6468,7253,CCCCCCONC=C=CCCCCN
6469,7254,C=C(C)CCCCCCCNC=CC=O
6470,7255,BrNCN=COCC(=C)ONCNC=CNNCC
6471,7256,CCNC=CCC=O
6472,7257,C(CCCCC=CC1=C)C1
6473,7258,C=C=CC=C=CCCC(C)CC=NC=O
6474,7261,CCC=CCN(OCOOCCC=C=CC=C)CC=CCCl
6475,7262,CNCC(CCC=C)=O
6476,7263,COCNCC=O
6477,7265,C1COC=CC(C)C=C1CCCCl
6478,7266,CC=C(O)C1C=C1C(N)=N
6479,7267,CN=CN=O
6480,7268,C12NC1(N2C=CCN)C=CON=C
6481,7269,C(C=C=CC=CC=CCCC)=CS1CN1
6482,7270,CC=C=CNCC=O
6483,7271,C=CCCCC1=CC2CC21
6484,7272,CCCCCCC1C=C(N)C1=O
6485,7273,CCC(C)CC=C=CC#N
6486,7274,ONOS(C)OCOC=CCCCl
6487,7275,N(N)CCl
6488,7276,C1C=CC(=C)C=C1
6489,7278,C(C=CCC=O)CC=C=C
6490,7279,C1C=CCCNC1OC=CN
6491,7280,CC=NCC=NCN=O
6492,7281,OC(C)C=C1CNOOOCC1F
6493,7282,C=CCCC[NH1]C=CCNCSC=CCNN
6494,7283,C=CSCNC=O
6495,7284,CCNCOCC=C=C(N)CCC
6496,7285,CCCCOCSCCNNN1OC1O
6497,7286,O1[NH1]CCC(C=O)=C1
6498,7287,C1OCCCC1(C)C
6499,7289,N(=C)C=CC=C(C1)N1
6500,7290,N1C=C(C)CCC=NC1N=C
6501,7291,OCC=C=C=CCF
6502,7292,OCC(C)CC=O
6503,7293,CCC=COC=CC1=NC1N=N
6504,7294,CCC1OCC=CC=CSCCC1
6505,7295,COC=C(C)N(C)C=C=C1CC1
6506,7296,NC=CCCCSCCCCCCCCCC=C=NCN
6507,7297,C1C=CC(C)N2C=C2C1N
6508,7298,C12NC1C[NH1]CC2
6509,7300,CCC=CN=CC#CC=C
6510,7301,C=CS(C)=CS
6511,7302,CC(C)C(C1CC12)CCCCOCCCC=C2
6512,7303,CC1CCCC1OCNNC=O
6513,7304,C=1OC=1C=CC=C(SC=CCC(C)CSO)C#C
6514,7305,C=NCOCC=C=CC=O
6515,7306,C(N)SC=O
6516,7307,CCOC(C1C2=C)S(N=CC=C2)(C)CCC1C
6517,7308,O(C=C)CNC=CC(C)N
6518,7309,CC(C)CCl
6519,7310,OC=CS=O
6520,7311,NCOC=CCCCCC(C)C=O
6521,7312,ONC=C(CCC=C)OCNC(O)C=C
6522,7313,CCCCN(CCPCC)C1=C[NH1]CCC1
6523,7314,C=1CCC=1O
6524,7315,CC=CCN=C=C=CC=CCC#N
6525,7316,CCCCC(C)NCCOC=NCO
6526,7317,ONN=CCOC=C=C
6527,7318,CNC(C)=C=CC=O
6528,7319,CC=S(N=CCN)CC1CCCC#C1
6529,7321,C(C)CONCN(C)S#CC
6530,7322,C1C=CCCCC1NNCI
6531,7323,NN1NC=CO1
6532,7324,NCOOCCCO
6533,7325,COC1CN1
6534,7326,PC=CCCC=NCOCCl
6535,7327,CCCS=CCOCC=O
6536,7328,OC=C1C(C)NC=CC=C1C
6537,7329,COCC=CCC1CC1I
6538,7330,CC=CC=C(C1)CC(Cl)=NCCO1
6539,7331,OCCNC=C
6540,7332,COCNC(C)=C(C)C1=CC1I
6541,7333,CCOCN(CC=CNCC=PC=C)C
6542,7334,OCCOC=CCC(C)CN
6543,7335,CC=CSC=O
6544,7336,CN=CSOC=C=N
6545,7337,N=C(C)CCCC#CC
6546,7339,C1C=C2CNCCNC2O1
6547,7340,CC=CNCOCC=CCC=C=O
6548,7341,C1=NNC=C2CCCCC21
6549,7343,CC=C=NN=COCCNN
6550,7344,C=CC=CC=CC=CCC=CNOC=CCNOC=NON
6551,7345,OCCC=C(OOC)O[NH1]CC=O
6552,7347,O=CCC(C)C(N)=C=P
6553,7348,NCC=NCC=CCOCNCC1NC1OCN
6554,7349,COC=C[NH1]C=NC=CC1CC[NH1]CC=NC=CC1
6555,7350,OC=C(S)C=CCOC=C=O
6556,7351,C(CCC(C)CCCOC1)CCNCSC1
6557,7352,COC=CC(N)(O)C
6558,7353,C1C=C(C)CNC=CCC=C1CCONNS
6559,7354,CN=CCC=CCNCC=CN=NC=C=O
6560,7355,OC(CN)CNC=COCS(CBr)CC
6561,7356,C=CCN(C)CCCC=O
6562,7357,C1(O)=NNC=C(C)CC(=C)C#C1
6563,7358,C=CC=CNCCl
6564,7359,C(C)NCC(C)(C)C
6565,7360,CCCNC(C)=O
6566,7361,C=NCONC(C)C=CCCCN=C
6567,7362,C1(C)COC=C(O)C1
6568,7363,N=PCCBr
6569,7364,N(C)NCC(N)CC=NO
6570,7365,COCCC(Cl)[NH1]
6571,7366,CONC=C(C)C(O)C
6572,7367,C=C=NCSCCCC1NS1#N
6573,7368,CC=CC(C)CC[NH1]COCC=CC
6574,7369,O=CC(C)=C=CCCC(C)(C)C=NOO
6575,7370,COC=CCC=C1COC=C1CO
6576,7371,C=CC1CC2C=C2N1CC=C(O)N
6577,7372,C1CCCNCO[NH1]CCCC=CCC1
6578,7373,NCCC(C)C=C=O
6579,7374,CNCN1C=N1
6580,7375,CCCCC(C1)C1C=O
6581,7376,N=CCONCC=O
6582,7377,OC(C)CC=C=C(N)CNC#C
6583,7378,CCCCN=CCOC(=C)C#CO
6584,7379,C=CCN(CCCN1CCC2)C2=CO1
6585,7380,C1CSOC=SC1OCC(N)C=CCBr
6586,7381,C=CC=CCC=O
6587,7382,C(C)CNC(=C)CC=C=CN(CN)CC=C=NC
6588,7383,OC=CC(O)C=CCF
6589,7384,N=C=C=CCCCS=O
6590,7385,CCC=CC=CC[NH1]C=C(C1)CC1
6591,7386,CC(CC(O)CBr)S=CC#C
6592,7387,CCCCCCCON=NSCC=C1OC1
6593,7389,C=CCC1=COCCN=C1
6594,7390,CC=CCOCC(CCNONC=O)C
6595,7391,CNCC1=CC=CC1(C)CC(C)NC=O
6596,7392,CCCCCNC=C=N
6597,7394,CCCCNCNOC=CC=C(C)O[NH1]N
6598,7395,OCCC(C)CN=CC
6599,7397,CCC(C)C(Br)CSNCCCC1NN1
6600,7398,CC=C=CCC=CCC
6601,7399,CC(C)OC(C)C
6602,7400,IC=CCCC=NNCCC=C=N
6603,7401,OOSCl
6604,7402,CC(C1)C(C)CC=CC=C1
6605,7403,CC=NNC=CN=CCCCC=CF
6606,7404,CC=CCC[NH1]F
6607,7405,N1OCSCCCCCOOC=C1NO
6608,7406,CCC(C)C=CC=O
6609,7407,CCCNCC=CC=O
6610,7408,OCC=COOCOC(C)C=1C=C=1
6611,7409,C=CCC(O)=CCN=NC
6612,7411,COCCCOCC=NNCC=CC(C=C)OO
6613,7412,NC=CC=C=C1OC=NO1
6614,7413,OCCNCC=O
6615,7414,CC=C(C)CCCSCNC=O
6616,7415,C1C2CC2CC1
6617,7416,CCCCCC#CC=O
6618,7418,CC(N)S1C=C=CONC=CC=CCCO1
6619,7419,O1C=NC(C=C)C1C=CSNC=C(C)C
6620,7420,NC=CCCC[NH1]C
6621,7422,CCCS[NH1]C(C)N=CCC=NC
6622,7423,CNC1CCCCCCNC#C1
6623,7424,C(N)CCC=O
6624,7425,N1(C)CC=C1C=CCCC
6625,7426,OC=C=CC(P)C=NC1=C=C1O
6626,7427,CCCC=CC=CCC=C
6627,7428,O1CCC=C=NCCCC1
6628,7429,CCOCCC(C=CCSC)C(C)=CC=C
6629,7430,CCCCCCNC=NC(O)=O
6630,7431,CCC#CCCCNCCC1CCC=CC1(S)N
6631,7432,CCC=CNCNC[NH1]NCC=O
6632,7433,CCC(C1)CO1
6633,7435,NCCC=C=C=CF
6634,7436,CC=CCCCCl
6635,7438,C=C(C=CC=CN=C)C=NC=C[NH1]NC=O
6636,7439,CCON=CCOCCC=O
6637,7440,ONCCCC=C(C)CONCC
6638,7441,CCSC=NC1=NC#CC1(C2)N=C2O
6639,7443,CC=CC1CC=CC1C=C(C)CCSC(C2)O2
6640,7444,OC(C)CCOC1CC=CCC1=S
6641,7445,OCCC=CC(C)N=C=CCSCCC1CC1=O
6642,7446,CCC1CCNOC1C=O
6643,7449,CCOOCC=CCC1(C(C)O)CN1C=CO
6644,7450,COCC=CNC#CC=CC#CCCCCl
6645,7451,N12OCNC1C2(O)CCNN(NO)Cl
6646,7453,COCC(C)C(C)C=O
6647,7454,CCC=CC=C
6648,7455,NCC=CCOC(F)NC=C
6649,7456,CCC=CC=CCCCOC=O
6650,7457,CC(C)CN
6651,7460,CC[NH1]CCC=C1CC1C=C=O
6652,7461,CCC=C(CNCN)OCN=C
6653,7462,OSC1=CCC=COONC=CC(C)=C1
6654,7463,C=CS=CC=CCCl
6655,7464,CC=CCN1CC=C=C1
6656,7465,C=COC#CC=NC=C=CC=C=C
6657,7466,C(CCCl)SC=O
6658,7467,CNCC=CC=CCCC=O
6659,7468,CCOCC
6660,7469,CC(C)NC=NC=NNCCl
6661,7470,CN=CN(C)SC=C1C=C1
6662,7471,OOC=CC(=CCCC=COO1)OC1
6663,7472,CC(N)=CCC=CC=CCOC
6664,7473,C(N)=C=NCC=NC=NC(=O)CCCl
6665,7474,CCCC(C)=CC1CC1
6666,7475,CNCC(C)OCCl
6667,7476,CCC=CC
6668,7477,CCOCC1CCCCC1OO
6669,7478,C1N=CCCSO1
6670,7479,CNC(C)CC=C(S(C)C1)C1
6671,7480,ONC=COC(N)(C)C=O
6672,7482,NN=CC(NC=CC=CC(=C)CC)=C
6673,7483,CCCNOCC=CCC=NON=CCCOO
6674,7484,C1CCC=CC(O)C=CCSC1
6675,7485,C1CCCCC=CC2NN2NC=N1
6676,7486,N1CC(C)=C1C(C=O)N
6677,7487,NCC=CC(CCN)CC=C=C=CC#C
6678,7488,PC=CCN1C=N1
6679,7489,NCCC(C=C=C)=O
6680,7491,CC1C=NC=CNCN1OC=C
6681,7492,CNCCCC1(O)SCNC=C=CO1
6682,7493,NC=NC=O
6683,7494,NCCC(C)CNC=C
6684,7495,CC(C)CSCCCCCCl
6685,7496,NNCCOOC=O
6686,7497,NCC=PC=CC=O
6687,7498,C=C=CC[NH1]C=O
6688,7499,CC[NH1]N=C(C)C=CCNC=CC#CN=O
6689,7500,CC(O)=CCC=NOC=O
6690,7501,OC=NCC(S)(C)Br
6691,7502,C=C=NC(=C)C(C)CCCBr
6692,7504,COCCC=C=C=CSC#C
6693,7507,C1=CCCC=NCC=CCC=C1
6694,7508,CC=CCCCS1C(C)CCCC=CCC1
6695,7509,CCOOCC=COC=CCC=CCON=CC
6696,7510,CCC(N=O)=O
6697,7511,C(CCOC)CCC=O
6698,7512,CNCONCCCC1=NC=N1
6699,7513,FC(NC=C1C)C=CC#CCCC=N1
6700,7515,OC=C(C)C=C(O)CI
6701,7516,CNCC=C=CC=C=CC
6702,7517,CNNC=C(N)CCN(O)CN1C=C1C=C
6703,7518,OC=C=CCNC(C)N1C=CCCC1
6704,7519,NCC=COCC=C
6705,7520,CNCC(N)CC1=NC=C=COCOCN=CC1
6706,7521,CC=CCOC=CC=O
6707,7522,COC=C=C=CCC=C=N
6708,7524,CCCCNC=C(CC)C1CCCC1(C2)N2
6709,7525,O(C)CCC1=CC(=C2)NC21
6710,7526,CCCCN(CC)Cl
6711,7528,C1=CCSCCCOC1O
6712,7529,C(C)C(C)CC=CC=CCNCCCN=CC=O
6713,7530,OC(CCOCS=C(N1)O)C1
6714,7531,C1NCCC=CC(C)=C(C)CCN1C=O
6715,7532,CSCCCC=CCC=C=NCN=N
6716,7534,CC=CCCN(C)NCCCCCCCC=O
6717,7535,C(C)=C
6718,7537,C(C)Cl
6719,7539,C=CCNCCN=NC(C=NN=CC)O
6720,7540,OCCC1CCC=NN=CCC=CC1O
6721,7541,CC=CC=NONC=COCOCC=O
6722,7542,CCCC[NH1]C=C(C)CC=CC=CC=O
6723,7543,NOC=CCC=CNCO
6724,7544,CSCC=CC=CCC#CON=NCCNC#CO
6725,7545,C=CCCCCCCCC=C=O
6726,7546,C1OC=C1O
6727,7547,C1CCC[SH1]C=C1CO
6728,7548,OC(C)CC=C=O
6729,7549,NCNC=CC(C)C=CC(=C1)C1
6730,7550,CCOC=CCOOC(CCC1=C)C1CC=CCCN
6731,7551,OCCCP=CCCN1C=C1
6732,7552,O1CNC=CC1CC=N
6733,7553,N(CC)SC=O
6734,7555,C(C12)C2(C=C3C1(C)C)C4C3=C4
6735,7556,FCCOCSCCOCCC=O
6736,7558,OCCC=NCC(=O)CCl
6737,7559,CNCCC(C)(C=C)C(N1)C1
6738,7560,CCNC
6739,7562,C=CCNCS=CCCN=O
6740,7563,CN=C(C)C=CCC
6741,7564,NCCC(C)=CCNC(C)OO
6742,7565,C(C)CCCC=C=CCC=C=O
6743,7566,CN(CC(CCCN1)C)C1
6744,7567,CCCC=CC=C[NH1]CC=C=NC(Br)S1CC1
6745,7568,C12CC1NCCCSC2
6746,7569,OCCN(C)Cl
6747,7570,C=NCCCCCC#C
6748,7571,C(C)=C(C)[NH1]NC=CC=CC=O
6749,7572,C=CC1[NH1]COCC=C(C)CC#C1
6750,7573,C1CCCCC1C=C
6751,7574,OCCCC=CCC=C=C
6752,7575,O1CCCC=C=CO1
6753,7576,COCNCCCC=NSCl
6754,7577,S1C(C)C1(C)C=CC#N
6755,7578,C1#CCC=COCCN1N
6756,7579,C(OC=CC(CC1=O)O)CCC1=O
6757,7580,C(C)CCCCC(C(C)C=C(C)SC)=O
6758,7581,NC(C)(N)CCOCOO
6759,7582,CCCCPC=SF
6760,7583,O1CCC=CCC=C=S1
6761,7584,CN1CCCCCC1=N
6762,7585,CN(N)CCCC(S)S#N
6763,7586,C#CC=CF
6764,7587,C(C)(N)OCOC=O
6765,7588,C=NNSC1C2=CN(C3)ON=NC23C1C
6766,7589,N=CC=C=S(C1)C=C1
6767,7590,CCCC=C=C=O
6768,7591,N=CCCC=CCCCC#N
6769,7592,C(Br)N=NC=CCONF
6770,7593,C1=C=C(C)N1C
6771,7594,OCC(C)C=CNCCCCCCCN
6772,7595,O1CCCC1C
6773,7596,CCC(C)(C)CCC=C=CC=O
6774,7597,C1OCC=C1
6775,7598,COCCC(C=C)CC=O
6776,7600,COC=CCC=CC=C(N)C=CC=C[NH1]
6777,7601,C=CC=CC=C1C=CC(O2)C12
6778,7602,N12CC(OC1CCl)O2
6779,7603,N1N=NCCC=C1C
6780,7604,CCCCCCC=C(O1)C=C1
6781,7605,CN(CSCC)C=C=CC=CCNC#C
6782,7606,NC=CC=CCOOBr
6783,7607,CCCCS(CCCCC=CNC1)C=C1
6784,7608,N1C(C)C=C(C)C=C1
6785,7609,OCCCC(C)C#C
6786,7610,CCCCNCS=CNC=C=O
6787,7612,O=CC=CC=CCN=O
6788,7613,C=C=CCC(C)=CCCC=O
6789,7614,CCCCC=CNC=C(C)CC=CCl
6790,7615,OC=NS(C=CC=CNC)C=O
6791,7616,O1CCCCC1CCl
6792,7617,NCCCNC1=CCC=C1N
6793,7618,CNCCSCNC1C=C1
6794,7619,OCCN(CC=C=O)C=O
6795,7620,CCCOCNCCC[NH1]C=C
6796,7621,C(CCC#CCON)=CCCC=C
6797,7622,OCCC=C(C=O)CC=CF
6798,7623,C1NCC=C1CNC=O
6799,7624,C=CC=CN1C=C=CCCC1C
6800,7625,C(C)(C)C=O
6801,7626,C1CC=CC2CCN(C2C3=C)NNS3N=CC1
6802,7627,C=CCCCOCC1C=C1
6803,7628,N1CCCCCC=CC=C1
6804,7630,OCS=NNC(N)COC(OBr)OOC1CC1
6805,7631,COC=NCC(OC=C)C1CO1
6806,7632,O1OC1N=O
6807,7633,OCSC=CC=C=C=C[NH1]C
6808,7634,COCCCCONC
6809,7635,C=NC=C(C)C=CCCCC=CCC=C
6810,7637,N1N=C1C
6811,7638,O=CC=CCC[NH1]OCCl
6812,7639,C1COC=CCC2=CC23C=C31
6813,7640,CCNCC1CCOCNCCC=CC=C1
6814,7641,CCCCC=CC=C
6815,7642,CCCNBr
6816,7644,N#N
6817,7645,N=C(C)C(C)=C(C1)C1CC(O)ONCF
6818,7646,N=CCCCC#CC=O
6819,7647,CC1(C)CCC1C
6820,7648,C1CC1C=CCF
6821,7650,C=CCCCC(S)CC=O
6822,7651,CCOC(S)C(CC)C(C)=C(C)CCl
6823,7653,CCC=NCCCCCCl
6824,7654,C=CCCCC(C)CON(C)CCOC=NCl
6825,7655,CCCCC(CCCC=1)C=1C
6826,7656,CCNC=C(C)CC=C=O
6827,7657,CC=CNCC=CC=O
6828,7658,N1NCCCC=CC(C)CCC#C1
6829,7659,C=C(C)C=CCOCCCCC
6830,7660,CCC=C(C)F
6831,7661,C1CCC=CC2=CC21C
6832,7662,CCS=NCBr
6833,7663,ClCC=CN=CC=CN=C=NCC=[NH1]
6834,7664,C1=C(N)CN=CC=C1COC=CN
6835,7665,CC(O)SCCCC=C
6836,7666,C=CC(C)C(=C)C(O)(C)CF
6837,7667,NC(C)CCBr
6838,7668,C=C(C)CCPC(C)CCCl
6839,7669,COCCCC(O)C1C2=CNCCC21C
6840,7671,O=C=CC(C)=NCNC#C
6841,7672,CCOCCC1C(C)CC1C=CC
6842,7673,COCC=NC=O
6843,7674,NCSONC=C=C
6844,7675,CCCC=C(C)Cl
6845,7676,CNC=NC=C=NOC=CC=O
6846,7678,C(CF)CCC=C=O
6847,7679,OC#CCS(N)=C[NH1]C=C
6848,7680,CCOCBr
6849,7681,CC(NCCO1)C1OC=CO
6850,7682,C1COSCC(C)(Br)C=C(C)C1
6851,7683,O=NF
6852,7684,NNN=NC=C=C(C1[SH1])C=CC1
6853,7685,NC1CC2NC2NC1[NH1]OO
6854,7686,CCCOC=CCNC=C=O
6855,7687,CC(O)C#COCNC=O
6856,7688,N1CCC2C(C)C=NC3C2C31
6857,7689,C(C)CCC=NC=CC=CCCCCC(C1)C1
6858,7690,C=CCOC=O
6859,7691,CCS=NCCC
6860,7692,CC(O)C=CC=C=NN=C(C)CC=C
6861,7693,NC(C)C(C)C=CC=CCCC=N
6862,7694,CCC=NCC=CCCNC(C)C1=CC1
6863,7695,C=C=C=CCCC=CCC=CC=COO
6864,7696,OCC=C(O)CCNC=C=O
6865,7697,C=CCCCCNCl
6866,7698,NC=C=CCC[NH1]CC=NCF
6867,7699,C=C=NC=C(C)C=NCC#SC
6868,7701,CC(C)COC1(C)CNC1=C
6869,7702,CN1CCCCC=C1C=O
6870,7703,C#CCC=C(C)OCC(=C)C
6871,7704,CCCC=C=CCC=CCCCCCOC=C
6872,7705,CCOCI
6873,7706,N1C=CC=C=C1NCCl
6874,7707,CCCOC=CCC(C1O)CC=CC=C1NC#C
6875,7708,C1CC#C1
6876,7709,OCNC=CC(CC=C)Cl
6877,7710,CC=C[NH1]C(C)=CC(C)=O
6878,7711,C=CCCC(O)=CC=O
6879,7713,OCCC#CCONC#CC
6880,7716,CSNC(C)N(O)CC=CCCC1C=C1
6881,7717,OC=CC=CONCCN=O
6882,7720,C#CC=CCCCCCC=CCl
6883,7721,CCOCNC1CC1CCC=C
6884,7722,CCCCC(C)CC=C=CCNCCOCPC
6885,7724,OCC=CCCC=CC1CC=NCNC1
6886,7726,C[NH1]OSCC=CC=O
6887,7727,C(C)(C)=CCC=CCCCCOOCOCC#N
6888,7728,NCN=CC=NBr
6889,7730,OCCCCC=C=C
6890,7731,NC=CC=COCCS=O
6891,7732,O=C1C=CCC=CC=CCNC1O
6892,7734,CCC1C#CCCC#CCC(=N)CC1
6893,7736,CCNC(C)Br
6894,7737,CC(C)(CCNC)CC=C=O
6895,7738,O1OOC=C(S)CPC=C1
6896,7739,ClC=CC#CCCO
6897,7741,BrOCCl
6898,7742,CC=CCCC1C(C)C=C=C1
6899,7743,N=CCCCC(C(C)C1)CN1N
6900,7744,CCCCCC=C1CC1CCC=O
6901,7745,N1CCNC(C)C1Cl
6902,7746,CC=CC(CC=CN)N
6903,7747,CCCC(=O)OC(N)Cl
6904,7748,N(C)CCC(C)C1CC1
6905,7749,CC=CCCNCCC=O
6906,7750,OCCC(C)C=CCC(C(C)(N)C=CC=C=N)O
6907,7751,OC1OCCCC1C
6908,7752,N=CCCC(=C)C=C1CC1C
6909,7754,CC(N=C)(C)C(=C)CCCCCO
6910,7755,CCCN=CF
6911,7756,CNC=CC(C)CBr
6912,7757,NONCC(C=1)C=1CCC=O
6913,7758,C1CCCCCC1
6914,7759,CNCCC#C
6915,7760,CCCNNS=CCC=CCCC
6916,7761,O=CCCC(C)CC(C)C
6917,7762,N1(CCN2C=COC1CC=C=CCl)C2
6918,7763,OCN(C)CC=C=O
6919,7764,CCC=C(C)CCCCCCCCNC=O
6920,7766,C=1C=CC=1C=C=CCC=C
6921,7767,C1CCC(C)CCON1
6922,7768,C=C(N1)S1=CC=CCC
6923,7769,C=NCNC=CCN1C=CCC=C(N)CCC1
6924,7771,CC=CC=C(C)CC#C
6925,7772,C(C)OCOCCC1CC1(OCS=O)OO
6926,7773,ClC(C=CC=C=CC1CCC)OCON=C=CC=C=C1
6927,7774,CCC(=C)C(CNC)C=S=O
6928,7775,CC=CCCCCNCC=O
6929,7776,CC=CCCNN=CCCF
6930,7777,C1N(C)C=C=CC=C1C=O
6931,7779,COCPCCCCN=O
6932,7780,C(C)CCCNCN(C)CC=CC=COI
6933,7781,C=CC=C=CCC=CO
6934,7782,NCCCCCCCN=C(N)C(=O)O
6935,7783,NC1([PH1])NS=CC1CC=CC=O
6936,7785,CCCCC(CNCC=C)(O)C=N
6937,7786,C12=NC(=O)C(C)C1(O)CNC2=N
6938,7788,CCC(=C)C=C1SC1
6939,7790,NN=C=CC#CCCCNC(C)S
6940,7791,C1CCOOCC1S=O
6941,7792,OCCC(S)CC=O
6942,7793,CCC(CCC=CC=C(CC=CC)C1)C1=S
6943,7794,N=NC=CCCC
6944,7795,C=C=C(C)C1=C(C)C=C=C1
6945,7796,NC=CCC(CCF)OOCOCC=C
6946,7798,S=CC=CCC=CCl
6947,7799,CCCCC(N)CC(=C1)C1
6948,7801,C(C1)NNC=CCCCCC=C=S1
6949,7802,C=NCC=CCC=C
6950,7803,CNCN=C(F)C1=C=CC=CCC#S1
6951,7804,NCC(O)C(C)C=CCOCS(C)OO
6952,7805,N1=CN=C(C1(C)O)Cl
6953,7807,C=1=CCCNC=1CCC(N)C(Cl)CC=C
6954,7808,COC(C=CCC=C)C=CC=CCOON=O
6955,7809,BrOOC=CC=CC=O
6956,7810,NCCC1C=CC=C1C=CN(CCC=C=C=C2)C2ON
6957,7811,NCC=NOCOCCCCC=O
6958,7812,COCCS1CCOCNCCC1[NH1]
6959,7813,C=CC=CNCCC=O
6960,7814,CSC(=O)NOO
6961,7815,C=CCC(C)COC=CCC#C
6962,7816,CC=CCOCC(CCCS)(C)C=C
6963,7817,COCCCCCC(C)C1CC1=NN
6964,7818,CCCC(N)CCS(O)OCCCOCO[NH1]N
6965,7819,CNC=CC=CSCON=O
6966,7820,NC=CC(C)(C)C=CCCCCC=O
6967,7821,CNC=CC=CC(C)(C)C1C(CC=N2)C2O1
6968,7822,C=CC1CS(C2CC=CCCCCC2)NC1
6969,7823,OC1CCCC#C1
6970,7824,N1CCN(O)COCCO1
6971,7825,CC1C#CCC#C1
6972,7826,CC=CC(CC)C=NC(C)C=C(C)C
6973,7827,NCOC=NC1=C=NCCC1Cl
6974,7828,C1OCCOC1C=C=C=O
6975,7829,CCOCCCCCC=O
6976,7831,C=NN=CCCC=NCCC(C)O
6977,7833,NCC=C1OCOCNC=C=CC#COC1
6978,7834,C#CC=NC(N=C(O)CCCCCC)=O
6979,7835,C1CCC=C=C=CC=[SH1]C=C1
6980,7836,C1C=COC1C=CC#C
6981,7837,C=C(C)C=CCC=C=CCOC=C
6982,7838,OCN(C1)C(=C)CC=C2NC1COO2
6983,7839,O=CCCCC=CCOC=NCPC=C(C)C
6984,7840,OOCCCCN=CC=CC=O
6985,7842,C(C)CC=NC=C(Cl)C
6986,7843,CCOCNCCCC=CCN=O
6987,7844,C1=C(C2)C2CCC(=NC3)C13
6988,7846,O=C(O)NC1(C)CC=C1
6989,7848,CCC=NC=C=CCl
6990,7849,CNCCC(CS=NSS=CCS)C=C
6991,7850,CCON(N)C=SC(CCCCl)I
6992,7851,C1OC(C)CCCC1OC
6993,7852,NCC=CC1CNCOCN=C1
6994,7853,CC=CCCN=COC#CCC
6995,7854,CCCN=C=C=CC
6996,7855,C#CC(C=C=CCOOC=CC=C)=CN=O
6997,7856,C1CC1C=CCCl
6998,7857,CC1NC=CC=C=CCC#C1
6999,7858,C1CC=NC(NCC=O)C(C)N1
7000,7859,N(Cl)C=CCC#C
7001,7860,CC=C(C)CC1N=C1COC
7002,7861,O=CCCOCNNF
7003,7862,C1(C#C)(C)OCOC=C(C1)O
7004,7863,N1C(CCC2C=C2CC)=C=C1
7005,7864,NCCC=CF
7006,7865,CCC=CCOCC(C[NH1]CC)PCC=C
7007,7866,C1N=C1CC=CC=C=C
7008,7867,N1CCC=CN(C)CCOC1C
7009,7868,CNSC=CCCC=CNCl
7010,7869,C=CNC(C)CC=O
7011,7870,CCC1=CCC=C1C=CC#CC
7012,7871,N(C)=O
7013,7872,CCCCCCNCCCOC
7014,7873,CNSNC1=CC1C
7015,7874,CNOCC=NC
7016,7875,CCC=CCCCCC=C(N)C
7017,7876,[SH1]1CC=CS=C=C1
7018,7878,CCCCC(C)CCCCC#C
7019,7879,CC=C([NH1]CCCl)C(CC=C)OCC=COS
7020,7880,CCC=CNNCNCC=O
7021,7881,CC(=COCC)NCCCC=N
7022,7883,NCCCNNC=CF
7023,7884,C=C(C)NCCF
7024,7885,NCNONCl
7025,7886,CC=C(C)CC#CCCCCCC1=CC1=N
7026,7888,CCC(=O)OC=CC(C)CCC=O
7027,7889,CC=C=C=C(CC#CC=CC)CC=N
7028,7890,CC(CCCC=O)(CBr)O
7029,7891,C1C#CC(C1)ON
7030,7895,N=CCC=CC=C1CC=NOC1
7031,7897,CCCCC=CC=C(CC)PCC=C
7032,7898,C1(C)=C(C[NH1]NCC)S1(C)(C)ON
7033,7899,C1C(CCSCCOC=CC1=O)CC=O
7034,7900,C=CC1C=CC=CC1C=C=CC
7035,7901,C=1C(C)N(C)CC=C=C=C=1
7036,7902,CC(C1)CC=CCO1
7037,7905,C1COC(C)C=CCNCOC(O)NC1
7038,7906,C1C=SC=CC=CC=CCCC1C=O
7039,7907,OCSF
7040,7908,C1C=NCC(C)=C=C1N=O
7041,7909,BrSC#CCCNNC=CCN
7042,7910,C=CNC=CC=CC=CC=CNC=O
7043,7911,C=S=NCOC=COCOCC=C(C1)CN1
7044,7912,COC=CCOS=C=CC=O
7045,7913,N1=C=CC=C=CC(C1)(C)C(C2C)S2
7046,7914,CCCC=NC#CCC=CNCCNC#C
7047,7915,COCOCCN=CCCCCC=O
7048,7916,OOCC1CC=CC=C1C#C
7049,7917,O1CCC(C=C1C)NOC
7050,7919,COC=CCCC(C)(C)C(C)Br
7051,7920,COC=CC=CCCC=CCl
7052,7921,C=COCC#N
7053,7923,NC=NN
7054,7925,NCCCCCCN1C(Cl)C=CC1
7055,7926,CCN(C1)CCNC1NCC=NNC(C)C=N
7056,7927,NC=[SH1]CCCCl
7057,7928,O(C=CCCON=NCOC)CC=CO
7058,7931,CCNSCCOCCC#CCCC
7059,7932,CCCC=C(C=CCN)C=O
7060,7933,O=CC=C(C1COC)C1CC[NH1]CCOOBr
7061,7935,NN(C)CC1=C=C1
7062,7936,NC(C=CC=CC=C=CF)C=C=O
7063,7937,O1NCCC#COC=CCO1
7064,7938,O1CCOCC1C
7065,7939,NCCNCC=C=CC=CC1NC1C
7066,7940,CC(CCC(C)CCCOC)C=C
7067,7941,CCOCC=NC=C=CC
7068,7942,OC#CC1NN1CCC=CC
7069,7943,CC=CCC(C)C=O
7070,7946,COC=CCCC=C(S=CC)CCOO
7071,7947,NC=NCCOCNCOC#C
7072,7948,NCCN1CC1(C=2)C=2C
7073,7949,CC(C)CSC=CCOCC=C(C=CCC)C=C
7074,7950,OC[NH1]CC(C)C=C
7075,7951,O(Cl)CCCCOC(O1)CN1N
7076,7952,C(C=CCOC(S)(C)CS)C
7077,7954,CC=CC(C)C=CC(C)C=C
7078,7956,CC(CNC=NC=CC)Cl
7079,7957,COCOCC=CCC(C1)C1
7080,7958,C(=O)CCCCOCCCC=CO
7081,7959,COC(NCCCC=CPC=C=O)CN
7082,7961,O(C=CC1C=CC=CC)N(N)O1
7083,7962,C=CC=CC=C=O
7084,7963,NC=CCC=C(C)CCC=CC=CC=1NC=1P
7085,7964,CC=C1CC=CCOCCOC=C=CO1
7086,7965,C1(C)(NC1)C=O
7087,7966,C=CC=C=CC=C=C=O
7088,7967,C=CCCN(C)CCCC=O
7089,7968,CC(Cl)C=CC=SCC=C=COOC=O
7090,7969,C(NC=CC#N)C[NH1]N[NH1]OC=COC
7091,7970,O=CNC=C=C
7092,7971,CCCCCC=CC=NC=CCOO
7093,7972,C=NSC(C)OCC=COC
7094,7973,CN(C)CCC=O
7095,7974,C(CC1C=O)CC1C=CC=CCBr
7096,7975,OCN(C(S)C=C1C=C1C)OCCl
7097,7976,C=C(C)C=CC(CCN=CS)N=NCCO
7098,7977,C1=C(C)CC=C=CC=CC(C)C1=NO
7099,7978,C1=NC=CSC1(CCCC=CCCC)N=C
7100,7979,CNNCCNC(C)CC=CCOCC#C
7101,7980,CNC(N)OC=O
7102,7981,N(N1)=CC2C=CCC2C=CNN=NC1
7103,7982,CCCC(C)C=CC=C=CC
7104,7983,C1C2=C=CC1CCCC=C2
7105,7984,C=C(C1)CCCC1(CF)O
7106,7985,CC1CC=CC=CCCC1
7107,7986,IC=CC(C)C(N)ONCC#CC=CNCC=O
7108,7987,NCCC=NNCNC=C
7109,7988,NC1C=CCO1
7110,7990,O(CC=CC=O)[NH1]C
7111,7991,CCC(C)CCC=CC=CCS=CO
7112,7992,C1CCCC1CO
7113,7993,OCC=[PH1]C=O
7114,7994,C1C=CCCCCCC=C(C)CN1CI
7115,7995,NS=C1C=CCCC(O)C1
7116,7996,NN(C)SCC=S
7117,7997,OCC(S)(C)CC=O
7118,7998,OC(C)(CS(C)C=O)C
7119,7999,CCSCC=O
7120,8000,C1OC2=CC=CCC2C=C=C=CONC1C=CC=O
7121,8001,O=CC=CC#C
7122,8002,CC[NH1]C=S(=C)C=O
7123,8003,C=C[NH1]
7124,8004,CCC=CN=C=CNC=CCCC=C=C=CNN
7125,8005,NCC=CNN=C
7126,8006,C=C=CCC=CCC=O
7127,8007,CCCNNC=C1CC=CC1C=NC
7128,8008,O=C(C)CNCl
7129,8009,CCCCC(C)=CCN(C)C(C)CC=NN
7130,8010,OCCCN=C=CC=CC[NH1]C#N
7131,8011,COC[NH1]C=CCCC1=CS(=C)NN1O
7132,8013,CC(N)C=C=O
7133,8014,CCCPCC=CC=CCC
7134,8015,NC=C1OCC=CCCCCC1
7135,8016,CC(=C=CCCBr)NCS=C
7136,8017,C=CC=CS(CNCCC1)CC=CC1C=C
7137,8019,CCCCC(C)COC=SNC#C
7138,8020,N1C=C=CSCCCC=C1F
7139,8021,CC=C(C)CC[NH1]C#N
7140,8022,NCC=CC=C(C)CCN(C)C
7141,8023,C1OCNC1CCC(C2)(C)CC=C2
7142,8024,C=CC=C(C)N=CCC=O
7143,8025,CC=CCCCCCC=CCCSC1=CN1
7144,8027,COC=CCCC=NC=CCC=C=CN=C=O
7145,8028,N=C=CCCCONCC=O
7146,8029,N=NCNCCBr
7147,8030,CCOC(C)C=NC1=S#C1
7148,8031,CCC1CCC=CC1O
7149,8032,CC=CC(C)C=CN=O
7150,8034,CN(S)N=C=O
7151,8035,CCCC(CC=CCC=CN=O)=CCl
7152,8036,CCCC=S(O)NN
7153,8038,CCCSCCl
7154,8039,CC(C)CC=O
7155,8040,CCN1OCC=C=C(C)CC=CC1CCl
7156,8041,C(N)CCBr
7157,8042,CCCCC=NC=C(C)CCC=CC=CCF
7158,8043,N=CC=CCC(C)OCC1ON1
7159,8044,C[NH1]CNC(C)CN=O
7160,8045,O(C=CC(C)C=C=S=CC(C)=CC1C)C1
7161,8047,C(CC(N)F)CC1=CC1
7162,8048,C1C=CCC(C)C=C=NC=C1C=NNCONN[NH1]
7163,8049,OCCCCCC=O
7164,8050,CCCC=CC(C)CC
7165,8051,COCCC1ONCC2=CCCCC21
7166,8052,CC=C=CCCCCOCNO
7167,8053,COC=NC#CCOC
7168,8054,C12C=NC(C)C=CC1C2OO
7169,8055,NNCCCCC(C=O)CO
7170,8056,C1C=C=C[NH1]OC#CC#C1
7171,8058,CCCC=C(CNC)CC=O
7172,8060,C12C=NC1C2C=CNCNC=CC=C=CS
7173,8061,C=CC(N)=O
7174,8062,CNNCC(C1)C1=CCC
7175,8064,NSNC(N)N=O
7176,8065,C=C(C=O)C
7177,8066,NC1NC2CCC1=NC2=N
7178,8068,CC=CC=CSC(C)(O1)N1
7179,8071,C1C=C(C)C1F
7180,8072,NCC(C=CCC)=O
7181,8073,CCOC(CN=C(NN)C=C)=NN=C
7182,8074,CPC(CC1C=CCCC12)CCC2
7183,8075,C=1CN=CCS(C)C=1C
7184,8076,CC=CCC=CN=C(C)C(=C)C=C=O
7185,8077,CC(N=CNCC(N)=C=CC=C=C)NC[NH1]Br
7186,8078,CCCCC
7187,8079,CN=CC=C=CCC=CC=O
7188,8081,COCCCCNCC1C=C1
7189,8083,NCCCN=CN(C)C=O
7190,8084,C(N)C=O
7191,8085,O1CN=CN=SCCC1N=CCCOO
7192,8086,C=C=C1CCN=NC=CCN1C
7193,8087,C(=O)C
7194,8088,N1CCCC1CC(O)C=O
7195,8089,C=CC(O)NC(C=NN)(C1)O1
7196,8090,CCCCCNCC(C)CCC=CBr
7197,8091,CC=C(C)NCCCCC=CF
7198,8092,CCC=CC(C1)CC(C)=C1N
7199,8093,COC(=C)C(C1)C#CC=S1=N
7200,8094,CNCC=NC(=C)CCC=O
7201,8095,CC=NC(C)CCC1(C)C2OC12
7202,8096,OONCC=C=O
7203,8097,CNOCC(C)SC=O
7204,8098,C(C)CC(C=COC1)C1N
7205,8099,CCC(C)CC=C1C(=O)COC1(OC#CC)OO
7206,8100,NNC=C=C=NNC(C)C=CCON
7207,8102,C1=CCOC1=O
7208,8104,C=CCCCOC=O
7209,8105,CN=C=CCCC=O
7210,8106,OCCC1C=C(C)CC1Cl
7211,8107,COC(CC=O)=C
7212,8108,OOCNCOC(CC=CC=C)C=CC=C=O
7213,8110,CNN=C=CCCCOC(C1)CC(O)C1=CCCCN
7214,8112,CC(CCNN=C1CNCCC)=CC=NC=C1
7215,8113,CCCNC(C)CCl
7216,8114,N=CCCOCCC=O
7217,8115,C1OCCC=C1OC
7218,8116,N1CCC(CCl)CSCNN1C
7219,8117,C1OCC#C1
7220,8118,C=CONCCCl
7221,8119,CC=CC=CC(C)CCC=COCC
7222,8120,OCCC=C1CC1N
7223,8121,NC#CC=O
7224,8122,CCC=1C(C)CC=1COC[NH1]CC=C=C
7225,8123,OCCCNCCCCCC(C1)O1
7226,8124,O(N)CC=CCCC1CCCCC1
7227,8125,C1NC1(O2)C=CCN2CF
7228,8126,CC=CCOC=CN=C(N)C
7229,8127,CCCC=CCCN=CC=C
7230,8128,C=1=COCSC=CC=1ONCP
7231,8129,NC=CC=C(C)OCCCCCBr
7232,8130,N1=CCOC=C=NCCC=C1C
7233,8131,ONC=CCCC=CCCONC=CO
7234,8132,OCOC=CC(CC#CCCl)C
7235,8133,CNC=C(C)COCCC
7236,8134,C1=C(O)CCCCC[NH1]C1=NN
7237,8135,C1=SCC1C=NCCOC#N
7238,8137,NC=CC[NH1]CCCC(=CO)C=C=[NH1]
7239,8138,CCC(Cl)F
7240,8139,C1C(=O)CC=C=CCCC=C1OO
7241,8140,C(C)C(C)CCCCl
7242,8141,[NH1]Br
7243,8142,CCNC(CNCN)NNC
7244,8143,CC=CCCC
7245,8144,N=CC(C=CCC=C1)C1C=O
7246,8145,O=C(OCC=NCCC=O)NNBr
7247,8146,C(C)=CCNNC(C1)(N1C=O)NC
7248,8147,CNC#CCC=CC=CC=CC=CC=COC
7249,8148,CC=CC=CCC=CCNOCCBr
7250,8149,CCCCC[NH1]CCC=O
7251,8150,N1NC=CCC1(C)CC
7252,8151,C1C=C=C=C=C=CONC1=CC
7253,8152,C#CCCO
7254,8154,C(C=C=CCNCC=O)=C
7255,8155,CCC=C=CCC(CC=CSC=CN=CC=C)C=CN
7256,8157,CC=CCC=C(C1)CCC=C=CONNON1C
7257,8158,CCCC=CC=CC(C)CCC=CCBr
7258,8159,CC=COCCCC=CC=O
7259,8160,CCCC=CSCCCOCNOO
7260,8161,OCC=C(C=CC=O)C=O
7261,8162,CCC(C)OC=CC=CCCBr
7262,8164,NC=CCOC(C)=O
7263,8165,OCCCCCO[NH1]C#N
7264,8166,[NH1]1CC1CCN=C2C(C)OCC2=NN
7265,8167,CC=CC(N)C=C1OCC(C1)(C=O)NC#C
7266,8169,C=CCC=NCC=CCCCO
7267,8170,CCC=CCC(C(C)=CC)=CCOCCC(C1)O1
7268,8171,NCCS=CC=C=C
7269,8172,C1C=CC=CCNC1COOOCCC#C
7270,8173,C1CC2C=NCC12C
7271,8174,C1OCC(C)OC(N2)C21
7272,8175,CC(CC=CCCC=CC=C=C=SCNCCO)C
7273,8176,COC(CNC)=C=CCC1C=C1
7274,8177,CCOCC=C=COCOCC=CC1OO1
7275,8178,C#CC=C(C)C(=O)C=O
7276,8179,ON(CC1C(C)CCCN)C1C=C
7277,8180,N(C)CCOCC=NCC
7278,8181,CN=CC=CN(C)CCCC=C
7279,8182,CNSCOC=O
7280,8184,OCC=CCCN(C)C(=C)CO
7281,8185,CC1CCNC1=C(C)N=NC
7282,8186,NC=PSNCCCC=O
7283,8187,COC=CCCCNC=O
7284,8190,CCSC(O)=CCl
7285,8191,O1C=C1CCF
7286,8192,C1=CCC(C)SC=N1
7287,8193,CCNC=CCC=CC(F)C1OO1
7288,8194,C=C(C)OC=CNCl
7289,8195,C=NCNCC=O
7290,8196,N1CCCC1CC=CCCC=C=CCCNCCN
7291,8197,C#CCC=N
7292,8198,CCCNCC(C)([NH1]C)C=COCSCl
7293,8199,CC=CCNCCC(C)=C
7294,8200,NCCN(CC=CNCCOCCON)CN
7295,8201,C=NC=NNC=CNCCCC=O
7296,8202,CCCC(C)C(OCBr)SCOC=O
7297,8203,CNCCNCC(N)CC=NCC
7298,8204,CN(C)CNCC=C=C(C)C=O
7299,8205,CC=CC([NH1])CC=O
7300,8206,CC=CCCCCC
7301,8207,O1C(C)(C)CCCC1F
7302,8208,C1SCC=CC=CC1=COCCNCl
7303,8209,N1=C=C=CNCCN1CN=[SH1]
7304,8211,CC#C
7305,8212,CCOC=COCCCC1C=CN(N)CC1
7306,8214,NOCOCCCONC=CN=C
7307,8215,C1OCN=CC=N1
7308,8216,OCN=CC(C)CCC(C)C1NC1
7309,8218,CC=CC1(C)CCCO1
7310,8219,C1=C=C1CF
7311,8220,CC=C(N)CCCCC=CCC=O
7312,8221,CCC=C1CCNCC1=C=NC
7313,8222,C(O1)#CC=CC=CC(NNN=CCC1O)C=C
7314,8223,OC=CC([NH1])N=CC
7315,8224,C=CCOCC=C(C)N=O
7316,8225,CC(C)C=NNCC=CC=CCC(C)C#C
7317,8226,COCNCCCC=CC=C=C=C=C
7318,8227,N12CC1CO2
7319,8229,O=CCCCOOCF
7320,8230,COCC=C(C1)C1C=S
7321,8231,CCCCNCNN=N
7322,8232,CCCCNCC=NC=CSSC=CC=C=C
7323,8233,C(C)CONC=C=CCC=NCSC=CC(S)N=O
7324,8234,CNCCCCC=CC=O
7325,8235,OCC=C(C)C=CCNC=O
7326,8236,C=C(N)C=C=O
7327,8238,NC1=CONC(C)CC=NC=C1
7328,8239,C=CCCONCC=SC=C=CBr
7329,8240,N(CCNC)C=NC
7330,8241,NCC(Br)CC=O
7331,8242,C=CCCCC=CCOC=O
7332,8244,C=CC=NC(C)CCCC1(C)CC#C1
7333,8245,OCCNOCPCOCCCC=C
7334,8246,COC(CNCC)=CC1=C=C2CN12
7335,8247,C1CCNSCCCC1=CNOCO
7336,8248,CCC(N)CCOCCCC=C=C
7337,8249,OCC=CCl
7338,8250,CC=CC(C=C=CC=CCC=C=CBr)C=C
7339,8251,CCCCC(C1)CN1C
7340,8253,C12C=3CC1C=C(C=3)OC2=N
7341,8254,NOCCCC=CC=C
7342,8255,NNCCCNC=C=O
7343,8256,CC=C(O)CC=CCCCOCl
7344,8257,CC=CCOCC=O
7345,8258,C1C(C)=C[NH1]1
7346,8259,CCCCC(C1=CC=O)=C=N1
7347,8260,CCCCC=NC1=CC=CC1C=C(C)C
7348,8261,N=CC(CC)CC=CC=CNOC=CCC=C
7349,8262,N1CC=C(C)CCCS(=CF)C(C1=O)ON
7350,8263,NCSCCNCC(=C)C=C
7351,8264,N1C(C)C=NC=C1
7352,8265,NPC=NCSC=CC=CC=CCC=O
7353,8266,C=SCC=O
7354,8268,CCNNCOCCCOC=C=CC=C=C=N
7355,8270,COCCC=NC=NC=C1C=CCCC=CN1O
7356,8271,CC=CCC1NCNC=C1
7357,8272,C1OC(N)=CC=CC1
7358,8273,C=CC(C)CCC=O
7359,8274,CC(=O)CO
7360,8275,NC=CC=CCCOCSC=CCCOO
7361,8276,O=CON1CCC=C(C)CC=C=CO1
7362,8278,C1C(C)(C)CCC1
7363,8279,C=CC=C(CNCC=C=CC=CC)C
7364,8280,CC=C(O)CCOCOC(O)=CC=CO
7365,8282,CC=C(C)CCCCl
7366,8283,C=NCC(C)=NC(C)C=CCO
7367,8284,C12=C(C=C1[NH1]N(C)C=C)C2(C)NC=O
7368,8286,N(CCCC=C)C=CCC=CNC=NC=C(C)C
7369,8287,NCCCC=CF
7370,8288,OCC1S(N)C(F)OC1
7371,8289,ONCCC(C)=O
7372,8290,COOCCCCCBr
7373,8292,C=CC(C)C=CC(=C1)O1
7374,8294,NC(C)S=NNON=C=N
7375,8295,C1=CCC1CC
7376,8296,N1C=CC=CCCC1=CC
7377,8297,C1CCC=CC=CO1
7378,8298,C(C)CC=CCCCOCOC
7379,8299,O=CC=COC=CC1=C2C=CCN12
7380,8300,NSSCCOC=CN=CCC=O
7381,8301,OCCN=CCC(N)CCCC=CC=N
7382,8302,CC=SC=CC
7383,8303,CCNCCOCC(C)Cl
7384,8305,C=C=C(F)CCC
7385,8307,OCN=CC=CC=O
7386,8309,OCCCCCCC=CC=O
7387,8310,CCNC=CCC(=C)CC=C=C(C)CC
7388,8311,NC(C)OC=O
7389,8312,O=CC(C1)C1C=CC=O
7390,8313,CCSC1C=CCC2CC=CC=C2CN=C1
7391,8314,CCC=CCNC=O
7392,8315,CC(O)CNCC=CNCCNC
7393,8317,NNCN=O
7394,8318,CSCC(C)CCC=C
7395,8319,C(C)CC(C=CN=C)COCBr
7396,8320,CNC1=CN=CCCN1
7397,8321,C(=CC=O)=C=O
7398,8322,OCOC(C)C=NC=CCN1SC1
7399,8323,CCC(C=CC=O)CC
7400,8325,CCCCCN1CCC2(C)CC=C2CC[NH1]C1
7401,8326,CN(N)OCCN=CNN
7402,8327,C1=C(CCN1CC=C=C)CCC=O
7403,8328,C=1C=CC#CCC=1
7404,8330,C=CC=CC=[SH1]CCOCCOO
7405,8331,N=CCN=NOC#CCNC=N
7406,8332,C1NCCOO1
7407,8333,C1CC=C(C)CCC=CO1
7408,8334,COC(C)C1CN1C
7409,8335,CC=CNC=C=NC=CC=C=O
7410,8336,C1CNCCC1C([NH1])COC=C=C=C
7411,8337,ON=NCNC(C)=C=NC1CO1
7412,8338,O=CC=CC=CC(S)N=CO
7413,8339,O=CCCCCCC=CC
7414,8341,CCNCCNCCCCC
7415,8342,C1(N)C=CCNC=C=C1NC
7416,8343,OC=C=CF
7417,8345,O=CC#CC=CCC=C1CC1
7418,8346,COC=SC=O
7419,8347,OC(C)SCC=C(C)C(C)=C1CC1
7420,8348,N=COCC1OC1C(N)=C=C
7421,8349,NCNC=CCNC=C
7422,8350,N=CONCC(C1CCO2)=C12
7423,8351,CCC(C)CCOC(=C)CCC1ON1
7424,8354,ON=C=CC(C)C=C=NCC
7425,8355,NN
7426,8356,C=CC=CC
7427,8357,FC=CCC1CCC=CC#CCCC1CCC
7428,8358,CCC=C(CC=CC=C=O)C
7429,8359,CCCC=CC=CNC=CC=O
7430,8360,CCOCC(S)=C(C)C=O
7431,8362,CCC(C=C(C)C=O)C(C)CC=NN
7432,8363,CCCN1SCCCS1N=NC
7433,8364,CCCCC=CC(=C)C=C=CCC=N
7434,8365,C=CC=C(SCOC)C(OC=CC1C)(C)CCCNC1=O
7435,8366,NCC(CNC=C)ONF
7436,8367,C=CC=C=CNOCN(C)F
7437,8368,C=C(NCC1=C)C=CCC1(C)C=C
7438,8369,O=CCN=CCONC
7439,8370,C(CC(C)(C)N1C)C=CC1
7440,8372,C1(O)C=C(C)C(C)CC=C1Cl
7441,8373,CC=C(C=1)C=1C
7442,8375,OC1CS1CCNC
7443,8376,NOCCNCNNCCl
7444,8377,C=C=CCCCCC=CC#N
7445,8378,NN(C)OCOCCC=CCC=O
7446,8379,N=C=CCC=NOCNNCC
7447,8380,ClN=C=COCCCOCCC
7448,8381,NC=C(C)CCCCC
7449,8382,O1COOCCNC1Cl
7450,8383,CCCCC1CS1([NH1]2)=N2
7451,8384,CNCCC=CC=NC=C
7452,8385,OOOC(C)=[SH1]CCCl
7453,8386,C12CCC1OC=CC2
7454,8388,C1NCCCN1ONC=C
7455,8389,N12CC(C)C2C1S(C)NC=CC=C
7456,8390,CC(C)CCN(N)CCC=C=C(C1)C1C
7457,8391,CNCCCBr
7458,8392,COC(CCO)C=NNC=O
7459,8393,CCN=CCCl
7460,8394,OCCC=CCC=CCNC=CNCl
7461,8395,CCSC1C(NCS=CO1)C=O
7462,8396,C=NCNC#COS=C=CNCCCC=C=C
7463,8397,CNN=NCC1CCN=C1O
7464,8398,NOCOC=CN(C)N=CC(C=O)CCC=CNN[SH1]
7465,8400,C(C)(NCCC)C1C#CC=C(CC2)C12
7466,8401,COCCCCCOCCC#C
7467,8402,CCS=CCOCCC=C(NC)CC=C
7468,8403,NCN=COCCC(C)=O
7469,8405,OOC=CNCC=CCN(C)NC=CC[NH1]OOC
7470,8406,C=NCCCCCS=O
7471,8408,CC=C(O)C=O
7472,8409,CCC=C(C)CCBr
7473,8410,C=NC1C=CCC(C)O1
7474,8411,CCC1C=CCO1
7475,8412,NCCCNOC=CCC=O
7476,8413,C=CCNC=CC#C
7477,8414,N=CCC=C(C)CCNCC=O
7478,8415,CNC1(C)C=CC(C)C=CCOCCN1
7479,8416,O=CCC(C)CCC=C(C)C
7480,8417,NC=CC[NH1]NC#N
7481,8418,CCCC=NCC(=C)Cl
7482,8419,CC1OOCC=CCC=COCC1CN
7483,8420,OC(C=CS(N)(C)=CC)=CCOCCF
7484,8421,NCOCC=CC=CC1CC1
7485,8422,ClCCC1=CC(CCC=C1CN)SC=NC
7486,8423,CCCS=CCOOCOC=CCC
7487,8425,CCC(Br)=NOCO
7488,8426,CC(C)=C(S)C=N
7489,8428,N=CCCCC=O
7490,8430,CCCCNCCCCOC#C
7491,8431,O1CCNN(C(C)C)C(CO2)C2NC1Cl
7492,8432,CCCCC=CC(C)CCCC(C)NC(O)C=O
7493,8433,C=CCCCC1CCC1(CCC)Br
7494,8434,CC(O)CCC=[NH1]
7495,8435,C=NC=CC=C
7496,8436,CCCCN(C)C=CCCC
7497,8437,C1C2OC(C)=CC2C=C=CC1N(C)C=C
7498,8438,CNC(CSCCCC=C1Cl)OCCN1C
7499,8439,CCCN(C1NC(=C)C)C=C1
7500,8440,COC#CCl
7501,8441,N1CC1(C)N
7502,8442,ClCCN(C)CC=CC
7503,8443,C=CC1C(C)CC=N1
7504,8444,ONC=CC=CC=CP(=S)SNC=CO
7505,8445,C1CCSCC1CC#N
7506,8446,CCCC(C)CCCCS=O
7507,8447,CCC=CCNCCC=O
7508,8448,O1C=C(C)C(C2)=C2O1
7509,8449,N=C(C)C1(C=CCN)CCC1N
7510,8450,CSCCCC=CCF
7511,8451,N1CNC(C)CCCCCO1
7512,8452,CCC=C=CC=C(C)CN(C)CC1C=P1
7513,8453,CCNC1C=CC=CCN1CSNCl
7514,8454,C(C)NC=C(CCC)CC=CC=NF
7515,8455,N1C2ON=C(C)C21ON
7516,8456,CC(C)NF
7517,8458,O=CCN=CC=O
7518,8460,O=CNCCC=CCCC(C)C
7519,8461,C1=CC=CCC1(CCC=C)C(C)C=C=O
7520,8462,CONCC=C=COC#C
7521,8463,CC=C=C(C)Br
7522,8465,CC=CN=CCCOC
7523,8466,O(C)C=CCSNOCCC=CC
7524,8467,COOCCC=C(CC=O)NC=O
7525,8468,C1NCN1Cl
7526,8469,OC=CC=CC=C=O
7527,8470,OC=CC=CC=CF
7528,8471,OC=C(P)C=CC(CF)C=O
7529,8472,N1=CCC(C)NCO1
7530,8473,CCOC=CCCCN(CC=1)OC=1
7531,8474,O=CC(C)C(C=C(O)CONCC)=O
7532,8475,C1CCC1C
7533,8477,C=CNNCCC(C1)C1CC=O
7534,8478,CNCCCC=O
7535,8480,O1CCC2CC(O)P2ON1
7536,8481,O=C(C)C=C=CCCC=CC#CC
7537,8482,C=NCC=CC(C=C(C)CCC=CCC=CN)S
7538,8483,C=C(N)CCCC
7539,8484,N1CC=C(C)NN1CCCCC=NC
7540,8486,CC(C)C=C
7541,8487,NCC=CC#C
7542,8488,OOCCCCCONCOC1OC1=N
7543,8489,NOCSN=C=C=O
7544,8490,CCCC=CCS1C=CCCC1C=NC=O
7545,8491,C1COC=CCCC1(C2=C)CCCCNON2
7546,8492,OONC=NCCCCNC=C=C=C[NH1]N=CC=C
7547,8493,CC=C=CCBr
7548,8494,NC=CCN=O
7549,8495,C1C=CNCCNC=C1S=[PH1]
7550,8496,CCC(N=CC=CCS=NCC)=C1C=C1
7551,8497,C=CCC(=C(C=C1CN)C(C)C1)N=SS
7552,8498,C#CS
7553,8499,NNC=C
7554,8501,C=COCCCl
7555,8502,CC(CCC1)(CC)C1(F)CC=O
7556,8503,BrN=C=NN(C)OC=C(C)CBr
7557,8504,OCC(C)CCC=NC
7558,8505,C1CC(N12)C=CC=C[NH1]N=C2
7559,8506,C1(N)CN=CN1C
7560,8507,OC(F)NCCC(C)C=CCO
7561,8508,CNN=C=CBr
7562,8509,NOOCF
7563,8510,CCCCCC(C)C=CCC=CC=CC(N)C#C
7564,8511,CCCC(C)COC
7565,8512,CCOC=C(C)C=O
7566,8513,C1[NH1]C=CC1
7567,8514,NCCCNNNCCC=O
7568,8515,C([NH1])C#CCCC1C=C1
7569,8516,C=CC=CCC=C[NH1]N=C=CC(C)(C)CC=CC=COO
7570,8517,CCSSC=C(NC1CCC#C1)ONC=O
7571,8518,C=C(C)CC1CC=CCC1
7572,8519,CCCCCCC=CC=NO
7573,8521,CNCCCCC=CC1C=CC=CO1
7574,8522,C=1CCCC=CC=CN=1
7575,8524,SC(C=NCCCNCC)Cl
7576,8525,SC1(CCC=NC=C(C=2)C)C=2O1
7577,8526,C1=C=NCC1NNC=O
7578,8527,OCCCCOCC=CCC#CCC=C=C
7579,8528,NCCC1CN1C
7580,8529,COOCC=CC(C)CNC=C=C(C)CC=O
7581,8530,COC=C=CC=CCCCF
7582,8531,BrCCCCC=CC
7583,8532,C=CC(N)CCNC#N
7584,8533,CCOCCCCC=O
7585,8534,COC(C)CCCCCCC#N
7586,8535,CCNCC=CCCNCCC=O
7587,8537,CCC(S)C=C=CC#CC=C(N)N
7588,8538,C(C)=C=CC#CC=CC=CC
7589,8539,OCC1C#C1
7590,8540,OCNNOC=CNC(CF)(C)CSCN
7591,8541,CCC#CC=C=CCC=CCC=CC(C)C=NO
7592,8542,ONNC=C=O
7593,8543,NC(CCC=C1C)N1
7594,8544,CCCC1=CNC#CC1C
7595,8546,COCC=CS1CC(O)C1CC=O
7596,8547,O=CC(C)C=CCCCCF
7597,8548,CCC=CCCC=C=C=C(C)CNC1CC1
7598,8549,CONCCC1C(F)N=CCN1
7599,8550,CCCSC#CC=CF
7600,8551,C1C=C1C
7601,8552,CC(N)(N)CCCCC=CCC
7602,8553,C=CCNOOC=O
7603,8554,COCCC=CC=CCPCC(C)OONO
7604,8555,OCC=C=CCCCC=O
7605,8556,CC=CNOCC1(C)C[NH1]O1
7606,8557,C1OC=NC=NCSCCCC1C
7607,8558,CCOC(NNP)OC(C)CC(CN)C=NN
7608,8559,CC=CNCCCC(C)=C=NNS
7609,8560,O1C(=C)C1=CC=CCCl
7610,8561,C1=CCCC1
7611,8562,C1CCC(O)[NH1]NCC2C1=CCNC2CCC=O
7612,8563,O1CCN(C)O1
7613,8565,OCCCN(C)OCOOCC
7614,8566,C1OPC=CC(C)OOC=C1
7615,8567,O=CCCC=CCCC=CC
7616,8568,COCC[NH1]C=CCC=CC(SC(CCl)F)O
7617,8569,C=C(CC)C(CCS=CC1)C1C
7618,8570,CC=NCOSCNC=CC=CBr
7619,8571,CC(C)OOCC=CCCC=CF
7620,8572,CCC=CCC(CNCC=C)C#N
7621,8573,C1C=CNCC=COCNC1(O)O
7622,8574,CCC=C1CC=CC(C)COC=CS1
7623,8575,C1CC=2CCC1C=C=2
7624,8576,S1NC=CCC(=C)C1SCCN
7625,8577,C=C(CC=CS)OCCCl
7626,8578,C1=CC=CC(C1)CCN
7627,8579,O(C)C(CC)=C(N)ON
7628,8580,CCCCCC(C=CC)N=C
7629,8581,COCCCC=CC=C(O)N=C
7630,8582,CCC=CC=CCCCC=O
7631,8584,CCCCCCl
7632,8585,N=C(C1)N2C(C)CC1=CCC2=N
7633,8586,NOCCC=C=CNC=CCNF
7634,8587,OCCCC=CC=C=C=O
7635,8588,NCC=CNCl
7636,8589,NC(CCCCC=CC1)=CC1C
7637,8590,C=CN(C)CC
7638,8591,CC=CCN=C=CCCC=CC=CCC(C)C=O
7639,8593,CCS(CC(C1)C)C1(Cl)C=C2NN2C
7640,8594,C1C=C2OCCOC=CS12
7641,8595,N=CNC=CCCC
7642,8596,NCN=C(CCCC)CCC=O
7643,8597,C=CCCCC#CCl
7644,8598,CCN=NCCC=C=C(C)F
7645,8599,CSCC=CC1NC=CCC1
7646,8600,N1=CC(CC1)=C
7647,8602,C=C=NCCCCNC=O
7648,8603,CCCOCCl
7649,8604,CC=NCC=CC1=C(C)CC1CCOC=C(O)C=NCC
7650,8605,OC(=O)N(CC=C1CCCCC2N1)O2
7651,8606,O(C)CC=C=CN=CCN1CC=COO1
7652,8608,CC=CC(C)NOCCC=O
7653,8609,C1C=C=CCC(C)CC=C=C1
7654,8610,CN1CCNCCCCCCC1C
7655,8611,CCC=CCCCCCl
7656,8612,NCCOCCC(C)CNC=CC=CCNC=O
7657,8613,CC(C)CCC(CC)NC=SC
7658,8614,C1CCC2C1=C2O
7659,8615,N=CN=O
7660,8616,CCC=C=C(S)C#CC
7661,8617,CCCNCCCCCCCC=CCCl
7662,8618,N(C1)C(C=CCCCCCC2)C12
7663,8619,C1=CC=CC(=C2)C1=C2C
7664,8620,CCSNOCC=CC=O
7665,8621,OC(C)NC(CC1)CCCCC1=N[NH1]C
7666,8622,O=CC=C=CC(C)C#CC=CCC1CC1
7667,8624,CCC#C
7668,8625,CC(CCC=C)(C=C1CP)C=NC1
7669,8628,C1CC1OC(C=C)CCCCNCOON=O
7670,8630,C1N=N1
7671,8631,NCC=CC(C)CF
7672,8632,CCC=CC(N)CCCC=O
7673,8633,O1C(O)C1CCC
7674,8634,C=12NC(C=1CC2O)N=SC=O
7675,8635,S=CCNCN=CCC[SH1]
7676,8636,C=C(N)OC=C=CCCCI
7677,8637,C1SC=N1
7678,8638,OC=CCOCOCCCC
7679,8639,NN(C)C(N)C=CBr
7680,8640,NC=CC=CCCC=O
7681,8641,CNCOC
7682,8642,O=CCC(C)CCC=C=C=CC
7683,8645,CNN(C)C=C=O
7684,8646,C12=CC=CN1C2OC=C
7685,8647,OCC1=C=NCCCNCCCNCN=CC=C1C
7686,8648,C(C)CCC(C1)C1
7687,8649,O1CC(CN1C2C)C2(C)O
7688,8651,CC=CC1=NCCCCCNC1
7689,8654,CCC=CNC=C=O
7690,8656,C=CC=C=CC=O
7691,8657,CC(O)C(CC=O)=O
7692,8658,C1=C(C)C1C(NC=CC)=C=C
7693,8659,CCC(C)CCNCCCN=O
7694,8660,N(C)CCl
7695,8661,ICCNC=COOC=CN=O
7696,8662,CC=CC=CC=CC=C
7697,8663,OCS=CCC=CCC=O
7698,8664,CC=C(C)CN=CCC=O
7699,8666,CC=CC(O)(N1)C1CCCBr
7700,8667,NCSCCC=NCCCN[NH1]OCCl
7701,8668,CC=CCCCC=CC=O
7702,8669,CCNCCC1=CCC=CCN1S
7703,8670,C=CCCC=CCCCNNC=C(C)NCCN=CC=C
7704,8671,N1C=CCCCOC1C=C=C
7705,8672,COCNCC(C)CC=O
7706,8673,CCCCN1SC1O
7707,8675,C(C1)C=CC(N)C1(C)F
7708,8676,C=CCCC=C(CCC=NC1C=C1C)N
7709,8677,O=NC1CN=CC=N1
7710,8679,C1CNC(O)NC=CC=CN1
7711,8680,CC(=CCC=C=CN=CCC=O)N
7712,8681,OC(S)CCC=CC=NOPC=C
7713,8682,C1CCC1=NCC=C=O
7714,8684,OCCCONNCC=C
7715,8685,C1CC(C=CC=C)=NNOCN1CCl
7716,8686,OC1=CC=CS1NC=O
7717,8687,OOONCNNC=CCC=O
7718,8689,NC=NCCCOC=CCN=O
7719,8691,N=COC1CC1C=O
7720,8692,NOCC(C)=O
7721,8693,CCN(O)C=O
7722,8694,C=NC=C(N)CC=NCOC=CC
7723,8695,OCCCC(CCCC1)=C1CCC
7724,8696,C12NNCNCNCCC=CC1C=N2
7725,8697,CNOC=CC=C1CCCC1(C2)C2
7726,8698,CC=CC=CC1CC=C=CC1
7727,8699,OC=NOOCC1(CNC)NC=CCC1=N
7728,8701,NCCCC=C=NCC1CC=CN=CC1C(ON=CC)=C
7729,8702,O1OCOCC=NC=CC#CCN1[NH1]OC=CC
7730,8703,OCCCCCCNC=CCC=O
7731,8704,C(=O)=C=C=SC=O
7732,8706,C=CCC=C=CCCSC=C
7733,8707,CCC=C(C)CBr
7734,8709,OC([NH1])C#COCS1OC1
7735,8710,CCC1COCC1COC=O
7736,8711,C(C=O)NCC=O
7737,8713,N1(C)C(C)(C)C=CC1
7738,8714,CCCC(C1)CCCCNC=C1C
7739,8715,CC(C(C)=CCC=NNCCC)CCC=C(C1)O1
7740,8716,CC(C)COC#C
7741,8718,NNC(=C)C=C(C)C=CF
7742,8719,C(=O)=CC(C1C)CCC1=N
7743,8720,OCC=CC=O
7744,8721,C[NH1]CC(COCC)CC=O
7745,8722,CNC=CCNC=CC=O
7746,8723,OCOC=C[NH1]CCCl
7747,8724,C1OCC1=C=CC=C=C
7748,8726,N1=C2CC21CO
7749,8727,OCNO[NH1]C#CC
7750,8728,CCC(C)=NCC=O
7751,8729,CCCC(C)CC=CC(C)C=O
7752,8731,CCNC(C)C=CCCC(C)ONOC
7753,8732,NN=CCC(C)CC=C=CC=CCC
7754,8733,OOC(C#CC)NC=C[NH1]NOOCl
7755,8734,CCCCC(OCC)C=CC#C
7756,8735,CCCOC=CN=CC
7757,8736,C12OCC1C2COC=CCOC=C
7758,8737,C#CCC(CCCCCOOC#CF)C(=C)C=NNO
7759,8738,NNC(C)=CCOC(CNCC1)C1[NH1]
7760,8739,CCCCC(C=O)=O
7761,8740,CCC(C(C=N)CC)CC[NH1]CC1CO1
7762,8741,CC=NCCCCCOCNC=CC1CN1
7763,8743,C1C=CCCCC=CC1
7764,8744,N=NCSCOC=CCCCC
7765,8745,C1OC1=NCCC=CCNC=C=N
7766,8746,C1C(C)CCNCCC12CO2
7767,8747,CC=CCCC(C)=O
7768,8748,OC(CCC(CC)NC=C)C=CCCP=O
7769,8749,NCNCCNCOCNC=C=CC
7770,8750,CC=CNCNC=CCN(C=NCCOCl)N
7771,8751,CC=CCN=CCNCS(C=CN)=CON(O)N
7772,8752,C=CCN=C=CCCNC=O
7773,8753,C1CC=CNOCCCCCC1
7774,8754,C=COCC(=C)C(S)C1=CN=CCC1=CC
7775,8756,C(=O)C=SN
7776,8759,NNNCCCN=CS
7777,8761,CPCN=C1C(=O)C2C=CC=CC2C[NH1]1
7778,8762,CCCCCOOOCCC
7779,8764,CCCONN=C=N[NH1]C=C=COCNC=C
7780,8765,C=C(C1)OOCCC12CC2C
7781,8766,CC=C[NH1]S1CCCC=C=C1NO
7782,8767,O=CBr
7783,8769,CC=COC=C=NCC=CC=CCl
7784,8770,N12CC(O)=C(C)CCCC1CC2
7785,8772,NNC(C=NCCC(CC[NH1]CP)C)CO
7786,8773,C1CCNC=CCNCCC1
7787,8774,NNCCNC=C=O
7788,8776,CC1NC=CCCCCC[NH1]1
7789,8778,CCCSCSOC=CCC=CCC=CN
7790,8779,C=C=CC1C=CC#CC1OO
7791,8780,OCCCS(C)ON=CCNOCC(O)NN
7792,8781,C=C(C(C)C(C)Br)C=C(C)C=C
7793,8782,NC(C)(SC=C=CS1N=CNCC)C1
7794,8783,CCC(C)CCN1OCS(=N)C=CNO1
7795,8784,Cl
7796,8785,CCCNC#N
7797,8786,CCCC=CNCNCCC=O
7798,8787,OCOC(C)CNCl
7799,8788,CCCN=CN=CNCOC(C)C=N
7800,8789,CNCCCCCCl
7801,8790,CCCCOCCC=O
7802,8791,O1C=CCCCC=CCCC1N
7803,8792,CCNC=C(CC=C=COONCC=C)Cl
7804,8793,ONCC=1CCOCN=1
7805,8794,C=C1C[NH1]CCC=C(C)C1
7806,8795,C=CC=CCOCC=C(CS)C=O
7807,8796,C1N=CCOCC#CC=C=C1
7808,8797,N=COC=O
7809,8798,C1C=CCCS1C=C=O
7810,8799,C=CNC(C)CCl
7811,8800,C=CC1=C2C(C)S1=CC2
7812,8801,C=C(O)C(CC)NC=CC=O
7813,8802,NC(O)C=O
7814,8803,N=CC=CC1=CCC=CC1N=O
7815,8804,CCNC=C(C#CCC)CCCCSOOCNCC=C
7816,8805,C1=CCC1(C)CC=CNOC=O
7817,8806,CCCCCC(C)=CNNOF
7818,8808,C=CCC=CC=CC#CCC
7819,8809,NC([NH1])C(N)=O
7820,8811,CCSC=CC1NCCNC1(C)N
7821,8812,NCNCC(C)CCCCCSCNC=C
7822,8813,C(O)CCCCC=C=C=CCO
7823,8815,CC(C)OC=C(C=CC)CCl
7824,8816,OCNC=C(O)OC(C)Cl
7825,8818,OCCNS=CC=CCC=O
7826,8819,CC(C)N=COCC=CC#CSC=CC=O
7827,8820,CN=NCC(=C)C=C=CC=CC=CC(=C)SC
7828,8821,OCC=NCOC1NCCCC1C(=O)CNCC=C
7829,8822,CC=CCCCCN
7830,8823,C1C=CC1(C)CN(N)CF
7831,8824,C12C(C3)C3N1C2Cl
7832,8826,CCC=CNOCCNCC=O
7833,8827,CCC=CCC=C(NCC1CCC#CC)C1
7834,8829,C1CNCC=CC(ONC(O2)N21)=N
7835,8830,[PH1]CCC(CCC=C=COC=CCC=C=NN=C)CC=C=C
7836,8831,C1CCCC=C1PN=CC=O
7837,8832,CCC=CCC=CCOC#CC
7838,8833,C12=CCC=C1C=CC2C=O
7839,8834,NCNC=C=O
7840,8835,C1CC=C1C=NCCC
7841,8836,O1N=C=CCSNCCC1C#C
7842,8838,CN(NCCN)NC=CCl
7843,8839,C1=CCC1(C)CC#C
7844,8840,CC(C)CSCl
7845,8841,COCC(C)NC=NOC1=CC1
7846,8843,CC=NCCCC=O
7847,8844,NC=C(C1CN1C)N
7848,8845,NCOCCNC=COC=C=NC=SC=O
7849,8846,CCCNCC=NC=O
7850,8847,C1CCCC=C1S[NH1]CC=C=SCCC=O
7851,8848,C1OCC#CN1
7852,8850,N1=CCC=CC(Cl)C#C1
7853,8851,C1CC(C)OC=C1CC=O
7854,8854,NCNC(=C)CCC(Cl)CCCC=C
7855,8855,CCCCOCCCOC=O
7856,8857,N1CN=C(C)C1=C
7857,8858,CCCC(C)=CC=C=CCl
7858,8859,CC[NH1]CC=CC1=CC=CCCC1
7859,8860,C=SNCCl
7860,8862,C1ON(N)OCC1
7861,8863,CCSC=C=O
7862,8864,C=C1C=CC(N)N=C=C=CCCC1CN
7863,8865,CCNC=C1CNONC1O
7864,8866,CNC=CC(C)C=C=O
7865,8867,CNCN(C)C(C)CC=C
7866,8868,CC=[PH1](N)C1C=NC#C1
7867,8869,O=CC(C)C(C)CC=O
7868,8870,O1CC(C)OO1
7869,8871,COS=CCC=CCCOC=CC=N
7870,8872,C1OC(N)CCCCC1
7871,8873,NCCCCC[NH1]CC#CC=CC=N
7872,8874,CC=CC=CCNCBr
7873,8875,CC=CCCNCCCC1C=C1O
7874,8876,CCC=CNCl
7875,8877,O=CN1C2=CSC(=C)N2C1
7876,8878,N1C=CCOC1C=CCOO
7877,8879,CC=CCCCCC1CC2=CC12C
7878,8880,C1C=CCCNC(C)CC1(C)Br
7879,8881,CC(N)(C)CCCNCF
7880,8882,C=CCCC=CC
7881,8883,CC=CC=C(F)C=CCNC#C
7882,8884,CCCCC=C(CC=CCCCC(O)C)C#C
7883,8885,CC=CCCOC=C=CC1=CC1
7884,8886,OCOCC=CCC(=C)CC=C=CS
7885,8887,CCOOC=CC=1C=CS=C=1
7886,8891,NC[NH1]OCCS(S)OO
7887,8892,CCCC=C
7888,8894,NCCCCCCC
7889,8895,C1C=NCCC(C)CC=C1
7890,8897,CCNCCCCCl
7891,8898,C=CC(=C)CC=C
7892,8899,C=COC=NNC=C=O
7893,8900,CCCCC1CCC=C=C1
7894,8901,C1CC(C)(C)OCCC=C=C1C
7895,8902,OCCCN=CNCC=CCCl
7896,8903,OCCCC=CC=CCCCC=CNC
7897,8904,C=COC(CC=C=C=C)CC=C=C
7898,8905,O1C(N=CC1C=O)([NH1]2)C2
7899,8906,CCC(N)=NNCCF
7900,8907,CCCCOC(C1)C1C
7901,8908,CCCNCCCNC=NOCC=O
7902,8909,NC=CC=NC=C
7903,8910,O=CCN=C=C
7904,8911,CCCSCNCCC=C1C=C1N
7905,8912,CCNCSONCCCC=CC=C=O
7906,8913,C=CC1=CC=CNCC=C(S)CO1
7907,8914,C(C)C=NNSC=C(C)CCC=O
7908,8915,NC(C)C=C
7909,8916,CS=CNC=CCSCC=COC#CC=C
7910,8918,C1CC1(CCNCCl)O
7911,8919,O=CCCNCCCOC=O
7912,8920,OOCNC(=C)CCN(C)C
7913,8924,CCC1C=CC=CC1C2OCCC=C2
7914,8925,C(C)C=CN=C=CCCC=C=CC=O
7915,8926,COC=C=CC1CCCCC1
7916,8927,C(C)CCCCC(C)NNC
7917,8928,ClSC=COC=NC(C)(Cl)CN1CN1N
7918,8929,C1N=NCC=C=CC=C1
7919,8930,CCC=C=CCC=CNCCOSC=CCN=O
7920,8931,N=CN(C=CF)C=CO
7921,8932,C=C(C1CC(C2)SC(=O)N)C=CCC12
7922,8933,COC=CC(C)C(C)COCCC=O
7923,8934,COCCCC=CCSC
7924,8935,COC=CC(=O)C=O
7925,8936,C=C=CC(=N)SCCC=CCNBr
7926,8937,NN(C)CCC#C
7927,8939,CCCCC(C)CC=CC=C=NO
7928,8940,C(C)CNC(C(O)C)C=S(C)=CC1=CN=NC=CC1
7929,8941,CCCNC(C=O)C=C=SO
7930,8942,COC(C)=C=C=COOC
7931,8944,CCNCC
7932,8945,NCC=CCC1=NC1
7933,8946,C=C(CC)N=CCl
7934,8947,N1ONCCNC=C1N=NCCNC=O
7935,8948,C=CC=CN1CS=C(C)N1OCC
7936,8949,CC(N)CNC=CCOCCCCCl
7937,8950,C(=C)CNBr
7938,8951,NCOC(C)(C=NC=CBr)C
7939,8952,N=SC=NCCCOCN
7940,8953,CSC#N
7941,8954,CC(CCCO)(C)CCCNC=C
7942,8955,C=NCOC(N)C=NC
7943,8956,O(OCCCCC=NCCl)OC#C
7944,8957,NCC(C)CNC=C
7945,8958,CCCC(C)=CCCCC(N1)CO1
7946,8959,N1CCCCC=CCC1
7947,8960,CCCC=C=COC=CCNCC=C=O
7948,8961,C1CCCN=C=C=CC2C13C2C3
7949,8962,CCCCC=C1CCCCCC=CNC=C1N
7950,8963,ONOC(C)COC=CC=NC=C=CONC#C
7951,8964,CC=SC=O
7952,8966,C=C=CC=C=CC(C)COCl
7953,8967,CCOCCCC=O
7954,8968,CCNNNC=C=CC=NCF
7955,8969,CC=COCN(CC=CCCNC=C)OO
7956,8970,C1CCCC1NBr
7957,8971,COOC(C)=O
7958,8972,C1(C)C(C)C=C=C1
7959,8973,CC=NCC=CN(C)C[NH1]F
7960,8974,C=CCCC=CCNC(C=C)CN(C=CC=NC=CC=O)N
7961,8975,CCC(NNCSCNCS=CS)=C
7962,8976,CN=C(N)COCC1CC1N
7963,8978,C1=CC1(N)C=CCC=C=C
7964,8979,C1CNN=C1OCCCOCC
7965,8980,CC#CCNCCC=CC=CF
7966,8981,C=CC=CNNCC=CC=CCSN1C(C(O)CCCO)CC=C1
7967,8982,CC=NC(C)CCNC=C1OC1(N)N
7968,8983,C[NH1]C=C=CC(C)CCNOCl
7969,8984,CCCCCCC1CC=CC=C1C
7970,8985,NCC=CCCC1CC(O)C1CC
7971,8986,C(C1)SCCCC1=C(N)C=CC=CCON
7972,8987,C1CC(C)C=CCC1
7973,8988,N(=C)C1C=CC=CC1C=O
7974,8989,O=CONCCC=CCS1C=CC=C1C
7975,8990,O=C(O)SNC1=C2CCC3C21NCCN3
7976,8991,NNCCO
7977,8992,C(C)C=CCCC=NCN(C12)C1C2
7978,8993,OOCOCC[NH1]CC=C
7979,8994,OCC=CNCCC=NCBr
7980,8996,C1C=CCCC1=NC=CNC=CC
7981,8997,C(CCC=C)=C(C)NCCC=C
7982,8998,C1#CC=C1S2CCCCCC2CS
7983,8999,CC=CC=CC(CC)CCN1C=N1
7984,9000,CCN(CCC=CC)CNC=CCSN
7985,9001,SCC(C)CCC
7986,9002,CCSC=O
7987,9003,COCCCC=CCN=O
7988,9004,C=COOC=O
7989,9005,C1CCC1CN(C)CCCCCC=C
7990,9006,CNCOCC=CCNNCC=NCNCCl
7991,9007,C=CCCCCC(C)C#C
7992,9008,N1CCCC1C=CONNC=O
7993,9010,N=1CNCCCC=CC(CC=C=N)C2N=C2C=1
7994,9011,CC(C)OC=CC=C(CN1)C1(C2)C2
7995,9012,C=CCNC1CONNCCCCC=C1O
7996,9013,N(C)C=NCCCN[NH1]N
7997,9014,OC=C=C=COCC=O
7998,9015,CCC(C)=NNC=C1C=CC#C1
7999,9016,OC=C=CC=O
8000,9018,NOCCC=NC=CC=C[NH1]O
8001,9019,CCCCC=CCCC1=NC=CC=CC1C
8002,9020,C1N=C2N1OCNS=CN2
8003,9021,C12CC=C1N=CC=COOC2
8004,9022,CCC(C)CCC[NH1]Cl
8005,9024,CC[SH1]=NCCC=CC(S)=CN
8006,9026,CNCCC=C=O
8007,9027,NCCCOCCCCCC=NC=C
8008,9028,CCCOC1CCCNCCNC1
8009,9029,C1CCC1C2(N)N=CCS2CCCCN
8010,9030,N[NH1]CCCC=C=O
8011,9031,CC=C(C)CC=CN=C(CC)ONCC=C=N
8012,9032,NCCON(C)C1=CC1OO
8013,9033,CCONCCCCC=O
8014,9034,NNSCCCCCCC=C=C
8015,9035,C1CCCO1
8016,9036,N1(C)COCNCC=C1
8017,9037,N=C(C)OC(O)C=C1C=NON=C1
8018,9038,C(C)=CCCN=NN
8019,9039,COC(CCCC)C=CN=CC=C1C=C1
8020,9040,O=C1NC=CCC(C)CCC=C(Br)C=C1
8021,9041,CNC1CCOCC1OCO
8022,9043,CC=CNPCC=CCC=O
8023,9044,C1CC=C(C)N1CN=CC=CC
8024,9045,CCCSC=NBr
8025,9046,CC(CCCOC=CCC=CC)CC=O
8026,9048,NOC1CC1(O)N
8027,9049,CC(C)C(CC)C1=CC1
8028,9050,O=NC(C)CCCCC(O)Cl
8029,9051,CCNCC1(C)CCC=C1N=N
8030,9052,CC1OC(C)N2CCCN=C2C=C1O
8031,9053,C(C)=C=C(C)C
8032,9054,CC=C=CNCCCCCC1=C(C1)CN
8033,9055,CCSC=CC1OC=NCC=C1
8034,9056,N=CCN=CC=N
8035,9057,C(NCC)C1(N)CCC(C1)CCN=CCl
8036,9058,N=C=CCC=C
8037,9059,OC(C)=C=C=C
8038,9061,CCOOOCOOCOCC=C=C=C=CBr
8039,9062,CCCNNC=C1C=C1
8040,9063,O1CCC=C1OCl
8041,9064,CC=NCC(C)=NS=C=CCC=O
8042,9065,C=CCC=CN=CCl
8043,9066,COCCCCNCCC(C)NO
8044,9067,C(N)=CC=CCC=CCCF
8045,9068,CCC=NCCC=NC(C)CSSC
8046,9069,C1(CC1)C2C=C2C
8047,9070,ON=CC(C)C#CCC(C1)C1
8048,9071,CNCCCCC=NC(C)=C
8049,9072,OCCCN(C)C=C=NCN=C=CN=C
8050,9073,C1CC2(N)C=CC21C=O
8051,9074,O1C(Br)CCC1=C=C=C
8052,9075,C1CCC=CC(CC=CCOCC12)O2
8053,9076,CC=CNCCC=NCNC
8054,9077,COC(N)PC1NCC2CC2C1
8055,9078,OCCCC=CCC=O
8056,9079,C=CCCC(CC)(C)CC=C=COC=O
8057,9080,NCCC=C(C)C1=C(C)CC1CCOO
8058,9081,ONC=CCCN=CNC1CCC=CC1C#CN
8059,9082,CCC=C=CCCC=C1CC1
8060,9083,NNCNC=NC=C=CC=CC=COS=CCCCN
8061,9084,C(C)=CCC=CCC(C)Cl
8062,9085,CCC=C=C=O
8063,9086,COC[NH1]C=C(C)C=CCC(OCC=C)C
8064,9087,CCNC(C)=CCCCBr
8065,9088,CCC=NC(C1)C1(C2)O2
8066,9089,NC=CC=C=C
8067,9090,O1NC1NCN=C=NC=C(S)OC
8068,9091,CC=C=CSC(CC#CC)=C(C1)O1
8069,9092,CCCCCC=C=CNC[NH1]Cl
8070,9093,NC(N)=C=CS1C=NC(=C)N1NCOC=CNO
8071,9094,OCC(Cl)OC
8072,9095,OCCCCBr
8073,9096,CCNC=CC(O)C=CCCCC=O
8074,9097,NC(N)(C)C=O
8075,9098,CC(C)C=C=NOCNCC=O
8076,9099,CC=COC=O
8077,9100,N=CCCC(S)=NCCN
8078,9101,CCCCOC(=C)CS=CCCC=O
8079,9103,C1C(O)CN(O)C=CCCCCC1(N)CO
8080,9104,CC1C=CNOC2CCC1S=C=C2
8081,9105,O=CCOC=CCPCC=O
8082,9106,CCCOCCCNC=S
8083,9107,OC=CC=CNNCC#C
8084,9108,C(CC=N)C(N1)CO1
8085,9109,CCC=NOCCCC=C
8086,9110,CCCCOCC(CC)NNC=NN=C
8087,9111,CCC=NCNC#N
8088,9112,C1N(C)C(CCOC=CCO1)I
8089,9113,C1CC(C)=C1OC=O
8090,9114,CCCC=CCC=CCl
8091,9116,CNC=NONC=C1OC1(C)CCCC=CC=C
8092,9117,NCN=CC(C)N=C=CC
8093,9118,C(C=O)CC(N)CN=O
8094,9119,C1OCS(C)CN(C)CO1
8095,9120,OOC(OC1=CCC=S1NOC)CC=O
8096,9121,CCCCC=CCCCCl
8097,9123,ONCC=CCCCNC=NNCl
8098,9124,CNC(C)C=C(C)C=C
8099,9125,C=CC=CCCC(C)NNO
8100,9126,C12C3CC1C2(C)N3O
8101,9127,O=C=NC=CCCC1C=C1
8102,9129,NNCC=CCON=POCCCCCCl
8103,9130,NS=COCSC=CBr
8104,9131,C=CCNC=CC(O)CCCCNCN=CS
8105,9132,C1CC(C=N1)CC(C)C=CCN=O
8106,9133,CCCNCN(CCC)COONCCC#N
8107,9134,CC(OSF)CCl
8108,9135,OCOOCC=CC(C)CC
8109,9136,COOC(C)OCNCCC=O
8110,9138,CCS(CC=O)CN(C)C
8111,9140,CCCNOCCC=CC[NH1]CC(O)OC
8112,9141,N=C=CCC=C(C)C=COC#C
8113,9142,C1=C2C=NN12
8114,9143,OCCCC1=CC=CCCC1=O
8115,9144,C1C=C2CC(C)=C2C1
8116,9145,NC(C=CN=C)(N)C=C=CC=CCN
8117,9146,C=NCCCC=C=COF
8118,9147,SC=C(C)CSCC=COC=CCN
8119,9149,OCCCCC(=C)C(C)N[NH1]Cl
8120,9151,CC=COCNNC=C(C)C=NCSC=C=NO
8121,9152,O=CS(C)C=O
8122,9153,CC1CN=C=N1
8123,9154,S1CC(C2)C12[NH1]
8124,9155,N1OC(C)CNC#CC1
8125,9156,OC=C=CC[NH1]CCCC=O
8126,9157,N1=C=C=CN(N=O)CC=C1
8127,9158,COCOCN=C=O
8128,9159,CC(C)OC=CC(C)C=CCCCC=C
8129,9160,CC=NCCl
8130,9161,CC=NN=CC[NH1]CS=C(CC1=CCC)C1=N
8131,9162,OOCC=CCCCC=CO
8132,9163,CCC=CC1CC=CC1N
8133,9164,CCCC(NCNCCCCSCCO)C=C=NC=NC#C
8134,9165,CCNCCC[NH1]C1CC1F
8135,9166,CNCNC=CCCC1=CCC=C(C=C1N)CO
8136,9169,COCCNCN1C=C(CC1)CNCC=C
8137,9171,CSCCC=NC=C1CC1
8138,9172,[NH1]=CNCNOCC=CCC=C(C1)OCNC=C1
8139,9173,CCCC(CCC=NC)OC(C(C)=C)CN(C)OCC
8140,9174,CC=CC=CC=CC
8141,9176,CC(C=CC=C)(C)CC(C)C=C
8142,9177,CC=CC=CC=CC=C=C1C=COC[NH1]1
8143,9178,CCCC=C(C)NOCCCC
8144,9179,OOC=CCCCl
8145,9180,CCC=CC(O)NCC(C)CCC=C
8146,9181,C1=NNC(C1)C=C(C)CC#CNCCO
8147,9182,N(C1)=CCC=NCCCCNC1
8148,9183,COCCCN(C)C1CC1
8149,9184,C#CCCCCC=C
8150,9185,CCN(C1=C)CC=C1CC=O
8151,9186,N1(C)CC=CCCN(C)C1CNC#C
8152,9188,NC=NCCC#C
8153,9189,O(C)C(C)OCCC=C
8154,9190,OCCC(C)C=CC=CC=CCl
8155,9191,C=CCCC1=C(C)C2NC=CC12
8156,9192,CCOCCC(C1=C[NH1]C=O)=C1O
8157,9194,CCCCCCCC1C=C1
8158,9196,C1(C)=NCC2CC2CCNC1
8159,9198,C1C2CC=CC=[SH1]2C1(CCl)CCC=C(C)N
8160,9199,OCCCOCCC=CCC(C)CC=CN
8161,9200,O1CCC=CC#CC=C1C
8162,9201,C=NSCCC(C)=CC=C=C=O
8163,9202,OCC1CCCC1C=NC=C
8164,9203,CCCCC=CCCC=O
8165,9205,NC=C([NH1]C)CBr
8166,9207,O(C=NC=CC(N1)CCCCC)N1
8167,9208,CC=C=NN=O
8168,9209,CC1(CCCC)CC=C=CN=C=C1C
8169,9210,C=C1CC=NC#CCC=C1S
8170,9211,CC(C)(C)CCCC=C=NC=CNCC(C1)=C1
8171,9212,CC(C)C(C)=COC=O
8172,9213,CC=C(N)CCNC=CC(C)Cl
8173,9214,CN=NCl
8174,9215,CCNCCSCPNC=O
8175,9216,O1C2=CC=CCCN=C12
8176,9217,C=CN=NC=CC=C1C=C=CON1CCCCC=O
8177,9218,C1=CCCCC=CC(=C)C1=O
8178,9219,O=CC=CC(=C)C=C(CCCC1[NH1])CC=CC=CSC=C1
8179,9220,CC(C)CCCl
8180,9221,OC=C=CCCl
8181,9222,CN=C1COC=CCCCCC1=C
8182,9223,CC(O)C(NONCOC#CCC)=O
8183,9224,CC=C=COC=CCNC1C=C1
8184,9225,CC=CCl
8185,9226,C1C=CCCCC(S)(C)C=C1NN
8186,9227,C(C)=C([NH1]C)C=O
8187,9228,OCC(C)C#N
8188,9229,O=CCCCC
8189,9230,CCCCNC=O
8190,9231,O=CN=CC(C)CN=N
8191,9232,CNNCCC=O
8192,9233,C=C(C)C=CSCBr
8193,9234,C1CCC(C=CONC1C=CC=C=CN)C#C
8194,9235,NCN=CCC=CCN(C)OO
8195,9236,OCC(N)C1=CCN=CC=C1OCC#C
8196,9237,C=CC=C=CCCNNSOCO
8197,9238,CCNCC(C)CC(C)C=C
8198,9239,C=CCCC(C)COC
8199,9240,FC=O
8200,9241,OPCCCCCCCC#C
8201,9242,CCCCC=C=C(C)CCC
8202,9243,CSC(=O)CC(C=CCN)=O
8203,9245,C1C=C(C)C(C)C(O)OOC=C1
8204,9246,CCNCNC=CC=C=O
8205,9247,C1(=C)NCC1CCC=CCCC[NH1]C
8206,9248,N(N)NCSCC(C)(Br)CC=C
8207,9249,CN(CNCCCCl)C=O
8208,9250,OCOC=NOONCN
8209,9252,C=C(C)OCl
8210,9253,COCC=C=CCN=C(O)CCOC
8211,9254,OCCCCC(C)OC=C
8212,9256,N1=CC=CCOC=C1
8213,9257,O=CC=CCCN=O
8214,9258,OCCN(CC=O)C=O
8215,9260,COCCCCCC=C(C)C=C(O)[NH1]CCl
8216,9261,COCC(OCC=C(C)C)N[NH1]CC=N
8217,9262,C(C)SCCC=O
8218,9263,C1C=C(CNOCC=C2CC=C)C1(C)C=C2
8219,9264,CCCCS=CC#COOCC=NC
8220,9265,NCCCOCCCC=CNC=NC=O
8221,9266,C1=CCC1(C)C
8222,9267,CCC(CC=CCNC=CC=CC)C=CON
8223,9268,CC=CCC=CCCCC1NC1
8224,9269,CNCOCOC1CCNC1O
8225,9270,C=CC=NCC#CCOOC=O
8226,9271,C=CC(COC)CCOCC=O
8227,9272,CCCNCOC=CC=CCCN=CN=C
8228,9273,C1CCC=CC(C)C(C)CN1
8229,9274,O=COC=C=C=C=CCC=O
8230,9276,C=CCCCCOOCCC=O
8231,9277,OC=C=NCCC
8232,9279,CCCCCC(O)C=N
8233,9280,CCCN=C=O
8234,9281,OON=NP(CCC=C)=CC=C=COCCCNC
8235,9282,CNCI
8236,9283,CCCOCCCCOC#CCCCC=O
8237,9284,OCC(OOC=O)C=C=CC=C
8238,9285,CCC(C)CC(CC)C[NH1]O
8239,9286,CCCC=CCC=CCCC=C=O
8240,9288,CON=CCN=CC(C)(O)O
8241,9289,CC=CC(N)CSC#CN
8242,9290,O=C(C=CC(S)CCC)C(=O)N
8243,9291,C1CC1CCN=CC=CCC
8244,9292,NC=CCOCC1CCC=CC1OF
8245,9293,N12OOCCC1ONOOC2
8246,9294,OCC=C=C=CC=CCOCC=CC=C=CC=O
8247,9295,C=CC=C(C)CS=O
8248,9296,C12CN=NCC1CCC2=CO
8249,9297,OCCC1CCN1NNC=O
8250,9299,O(O)OCCC(=O)C=CC=C=NCl
8251,9300,CCC=CCCOC=O
8252,9301,CCCC(C)C=C(C)CCOC=C1C#C1
8253,9302,CC(N)CC(O)C=NCCN=CNOCC=CN[NH1]O
8254,9303,CCCC1CO1
8255,9304,C(C)(C)=C(S)C=CN=SCCC#C[NH1]ON
8256,9305,OCCC(C=CCO)=O
8257,9306,COC=CN=C(C)NCC(C1)CN1
8258,9307,COCSC=CCCCOCC
8259,9308,NCNC=CCCN1C=N1
8260,9309,N1CCN1
8261,9310,O1NNCC1C(C=C)=CCOC
8262,9311,N=C=COC(C)C=CC=O
8263,9312,C1NS12(C=O)CCCCSCC=C2
8264,9313,S=C=CCC(C)=SCF
8265,9315,NC(C=CCCS1=O)CCCC1
8266,9316,CCSCCC=CCN
8267,9317,CCOCNCCCC=C1C(O)C=C1O
8268,9318,C=C(C)NCCl
8269,9320,OC=CC=C=CNCl
8270,9321,NC(C=CCC)CC(C)CC=O
8271,9322,O1CCCCCCSCC=C1C
8272,9323,OCOC(=C)C=NCC1C(C)OOC1
8273,9324,C12NCC(C)CN1C(F)O2
8274,9325,ClCNNCCCC=CCCl
8275,9326,CCCCCC1CN1
8276,9327,CCC=CCCCCOC1C=CC=CC1
8277,9328,NOCCC1CCC2(N)CCC21C
8278,9329,CCOCCCC=C=C(C1)O1
8279,9330,C12C(C)=CC(=C)C1CCN2
8280,9333,C=C1CCCN=C1OC=C=N
8281,9335,OC=NOP=O
8282,9337,C(O)C=CPCCC1=CC1C
8283,9338,N1C=CC2=CC21
8284,9339,CCCCCCCC(N)C=C=CCCl
8285,9340,NC(=N)C=C=O
8286,9341,NCC=CCCCC=C(S)S
8287,9342,OCC[NH1]OCOC
8288,9344,COCNCCNCC=CNC
8289,9345,NC=NCCCCCCCC=CNF
8290,9346,OC(C1)C(C)=CC(NC)C1O
8291,9347,CCCC=NCCCC1CCCC12NC2
8292,9348,C=NC(C)CCC=C=CON=C
8293,9350,C=NC(C=CCCCN=O)CCBr
8294,9351,N1CC(C)=C=C1C
8295,9353,COOC=CCOC=CC1=CC1N
8296,9355,CCN=CC(=C)CC=CCCCCN=C=N
8297,9356,C1CNC=C=C1C
8298,9357,CCC=C=CC(C)CCC=C
8299,9358,OCNC=CCNCCS=CCOC=C=C
8300,9361,CCCNCCNC=O
8301,9362,CCCCCCC=CNOSOCC=COCC=C
8302,9363,NCCCC(O)(C)P=C=CC=CC=NOCCl
8303,9364,CCCN=C=CCCl
8304,9365,OC=CCOF
8305,9366,N=CC=NC1CC(N)=C=N1
8306,9367,NCC=CCCCC=CF
8307,9368,NCCNCl
8308,9369,S1CCC=CC1C#C
8309,9370,N=CC=CC=CCCN=CF
8310,9371,CNC=CC=CCC
8311,9372,C=CCC=SC
8312,9373,CCNCCCCC=C=CC(=N)N
8313,9374,CC=CCC=C=C(C1)C1
8314,9375,C1CCCN2C=SC1CCCOCC=C2
8315,9377,ClC=CCC(C)SC(CCCO)O
8316,9378,NC=CC
8317,9379,CCCCCCNC(O)C=CC=NF
8318,9380,NC=CCNC=CC=NCCC=O
8319,9381,NC=CCC
8320,9383,CCC(C=C)N=NC=O
8321,9384,NNNOCCC=C=COCOC=C
8322,9387,C(C)CCCCCC(O)C=C(C)O
8323,9388,C(S)C=CCC#CNOCC=O
8324,9390,SCS(CC=CC=C)CC=C=CC(=N1)C=C1
8325,9391,O1C=NCCNN=NCC1NNO
8326,9392,CC(C=O)S(C)(=C)C=C(C)C=O
8327,9394,C=CCCCC1=SNCN=NCOCC1
8328,9395,C1CCC=NCCO1
8329,9396,COOCCCC=NC
8330,9397,CCCC(C)C1NC=C(C)C=C1
8331,9398,CC=C=CCC(C)C=C=O
8332,9399,NN1C=SCCCCC(C)=C1
8333,9400,CCN=CC(NCC(=CC=O)OCC)=C1CCCC=CCCOCN1
8334,9401,O1CC1=CCl
8335,9402,NCCCCCC=O
8336,9403,CC=CCCC1=CCOCC(CC)=C1CCO
8337,9404,N=C=C(C)C(C)CC=O
8338,9407,C=CCCCC=C=O
8339,9408,PCCCCCNCC=CC=O
8340,9409,O=C(C)CCCC=CO
8341,9410,CC1CNNCCCC=N1
8342,9412,CC=CCCCCC(C)(Cl)C=O
8343,9413,C=CCC=CBr
8344,9414,CCCC=C=NC=C(Cl)Cl
8345,9415,[NH1]C(C)=CC(C(O)(O)C=C=CC)CC=CN
8346,9417,CCCSC=O
8347,9418,C=C(S=NC=N)C=NCC1=C=S(=C)NC1O
8348,9419,OCNCS=O
8349,9420,OCC=C1CC1
8350,9422,CC=CCCCCCC=CCCCCC
8351,9424,C=CCOC=C(OCCC(N)[NH1]CC=NC=O)C=N
8352,9426,OCOC=O
8353,9427,OC1NCN1CCCCC[NH1]N=C=C=C
8354,9428,CC=CCC=C=C=C
8355,9429,NCCOCCCCCCC[NH1]
8356,9430,OCCC(=C)C(C)C=O
8357,9431,C1=CCC1OCC=O
8358,9433,C=CC(N)Br
8359,9434,O=C=C(N)C=CC(N)C=C[NH1]CCCC=O
8360,9435,COCCC(C)=O
8361,9436,CNCNC=CC=CCOC=C=O
8362,9437,CCCCNC(C=1)C=1OCC(NO2)C2
8363,9438,CCN(N)OC=CSC=O
8364,9439,C1CC(C)CC1(C)C
8365,9440,NNSC=C(CNCCCOCC1C)C1[NH1]
8366,9441,CCC=NCCCC(COC)CN
8367,9443,OC=C=CCNC=CCNNCl
8368,9444,C12=CC1CCNCN=C2
8369,9445,C=C=S=CCC=NC=CCC=C=C=O
8370,9446,C1C(C)(C)C1=CC=SCC=C
8371,9447,CCCCC(C1)C1CC
8372,9448,C=1=CC=CCC=NCPC=CN=1
8373,9449,CCC=CCN1CCCCN1C
8374,9451,CCCNCC(C)OCP=O
8375,9452,NC=COCC
8376,9454,C=NC(C)CSC=CCCCCC=NCCNCCCCCCC[NH1]N(C1)O1
8377,9455,CCC(=C)C=O
8378,9456,CC1ON(OC=C1C=C2CCCOF)CN(O)C=C2
8379,9457,C1C#CCC=NC=C1
8380,9459,OC=CCI
8381,9460,FC#CCCC=CC#CN(OCCCl)C=O
8382,9461,OC1CC=NO1
8383,9462,CCC=N
8384,9463,COC=CC=C=NCN=O
8385,9465,C=C=CNCCCCN=O
8386,9466,N1CC(C=CC=C(N)C=O)C1O
8387,9467,CC1C=CC2NC=CC=C1C2O
8388,9468,C=S=C(CCCC1)O1
8389,9469,CCN=N
8390,9470,CCCC1CCCCC2[NH1]C2N1
8391,9471,N#CP(C(NCC)C)C=CC=O
8392,9472,O(C)CCCCC[NH1]CN=CC=O
8393,9473,CCC(C)N=CCC=CC=CNC=C=N
8394,9474,C=CCCCC=CCNCCCCN(C)C=C
8395,9475,NOCC=C=O
8396,9476,CNCC(C)OC1=C=C(C)CCO1
8397,9477,OC(O)=CCC(CCCC)COC(N1)NCC1
8398,9478,CCC=C
8399,9479,CCCC(Cl)CC1=C=C1
8400,9480,COCC=CC=C
8401,9483,CNCCC(C)Cl
8402,9484,OCNCNN=CCF
8403,9486,ONC=CC=CBr
8404,9487,N1CCC1CCCNC=COBr
8405,9488,CCCC=CC=C=CN=O
8406,9489,CC=C=CNCCC1=CC1O
8407,9490,BrCCCBr
8408,9491,C#CC=NNC=N
8409,9493,C1(O)NCCCCCC1
8410,9494,NCC=CC=O
8411,9495,CCCC(CCC(C)C=O)OC
8412,9496,NCNCC(C)CCCC=C=C([NH1])CO
8413,9497,C=CN=CCOC=NNC=CCC(C)(O)CBr
8414,9498,OC=CCOCCCCC(C=CF)C=CS
8415,9499,CCNCNCCS=P(C)C(C)=CC=O
8416,9500,C1CC1OCCC=C(N)C=O
8417,9501,NC(C)CC=C=O
8418,9502,C=CCCCN(C)OS(N)C=O
8419,9504,CCC=CCNCCC(C1)C1=O
8420,9505,C=CC(C)=CC=CCCC=C1C=N1
8421,9506,CC=CCCNCOC=CCCC=CCC#C
8422,9507,C1CCOO1
8423,9508,COC1CCC=CCCCNC=CC1=N
8424,9511,CNONC=O
8425,9513,CCCC=C1CPCCC1NCCN2C=C2C
8426,9514,CCCN(O)CNCCC1=CCC(C)C=C1
8427,9515,N=CCCNCCCC(N)CO
8428,9516,C12CCC1CCNC=CN=CCN2
8429,9517,O=CCS(NCCNOCC(=N)C)C=C=O
8430,9518,C(C)=C(C)NCOC=O
8431,9519,C=C(PC(C)NC=CC=C=NC1)CC1N
8432,9520,CNC(OOOC)(CCC=CCCN=O)NCCOCC(C)=C=COS
8433,9521,NCC=CC(C)C(C)C=O
8434,9522,CC=COC=CCC=CC=CCCCP=N
8435,9524,CCCCC=CC(C)(Cl)C1=CC1C
8436,9525,CN=CCC=C1C=COC1=C
8437,9526,N(O)C=O
8438,9527,O=NC=CCCCC=C(C)CCC=C=O
8439,9528,CCCNCC=CC(C)C
8440,9529,CCCC=C(C)C=O
8441,9530,CC1C=C1
8442,9531,CNCCC=C
8443,9532,CNCC=CC=CCCC1=CCN=CCCO1
8444,9533,C=CC(OC(O)CN=NCCSC=C)OCC
8445,9534,C(NCC=CCC)OC1CCON1CCl
8446,9536,OC=CC=CC=C=NC=C(C)NCN=CN=C
8447,9538,NC(O)=CCCOCC
8448,9539,N=C(C)C1CO1
8449,9541,C=CC(C)CCCC=O
8450,9542,C=CC=NC=CF
8451,9543,C1ONC1C(C)CC2CSC3C2N3
8452,9544,C1CCC1C=NC=C=O
8453,9545,CCC1=CCC(C2)NCCOCC=C1ON2C
8454,9546,NC=CCC=CC=C=C=C
8455,9547,N1CC(CN)OC=C=C1N
8456,9548,CCOONCCCOCNCC1CC1
8457,9550,C(C)CCCCCONCNC=O
8458,9551,NCOCNC(C)=CCCC=CCCl
8459,9552,C=CC#C
8460,9553,CNCC=CC=CCCCNI
8461,9554,CCNC(C1)CCCC1OS
8462,9555,COCCCCCC(C)SCCC=NO
8463,9556,N12C=NCC(C)C1=CN2
8464,9557,CCCOCCC=C=O
8465,9558,CCCC=CC[NH1]CCl
8466,9559,OC(C)CF
8467,9560,CN(CC=CCC)CC=CC(C)NCO
8468,9561,C1CC=COC(F)(N)C1=O
8469,9562,C1ONCCSC=C(C2)C2=C1
8470,9564,N(C=O)CCC(=C)C(C)O
8471,9565,N1=CC=CN=CC=C1F
8472,9566,CC=CCCC=NC=CBr
8473,9567,CCCC=CCCC#CON
8474,9568,CCC(C)=CC=CC=C=NC=O
8475,9569,CCC(C)C(=O)NC#C
8476,9570,CNCCCC=C(O)OC=C
8477,9571,NCNCCCCC=C=C(O)C
8478,9572,CC(P)C=C(OCCCC)COC=O
8479,9573,CCCC(=O)CN=CN
8480,9574,C1NC2CCCC1C2CCCC=CC=C
8481,9576,CCCCCCC(C)C
8482,9578,CC=CNCCC=O
8483,9579,CC1COS=N1
8484,9580,CCNCC=C=O
8485,9582,NC(N)CCNCCCC=C(C)C=COC#N
8486,9583,C1NCNC(CCC)NCC(C)C1
8487,9584,CNC=CCCCN=C=CCC=O
8488,9585,C1CC=C1S=C
8489,9587,CCOCC(C)CC=CCS=CC=N
8490,9588,OCCCC(C)=C(C)C
8491,9589,C=NCC=CN=O
8492,9591,O=CCCC(C)CCCCCC
8493,9592,OC=NC=COC(N)N(C)C(C)N
8494,9594,CCC=NC(C)=O
8495,9595,C=CC#CCCNCC=CCCCCC(=O)CCl
8496,9596,NC=CCC=C=CCC=C=O
8497,9597,O=C=CCNC(C)CC=CCCBr
8498,9598,C(C)=C(C)CCO[NH1]C#N
8499,9599,CSCC=CCCC=C=N
8500,9601,C(C)CN1OC=C=P=N1
8501,9602,C=CCNC=CCCI
8502,9603,CNCC=CCC=C=O
8503,9604,C=C=CP(OCCC=NC)Cl
8504,9605,CCN(C)CCSCl
8505,9607,CNCCCC=CCCC#C
8506,9608,CCCCCCCCCCCNNNF
8507,9610,CC=C=NOC(C)CC
8508,9611,C=CC=CC=CCOCCCC=CCCCNC=CSNNNC=CCl
8509,9612,OCC(CC)CNCSC(=C)CC=CCC=CCO
8510,9613,C(N)C=CNOC=C=CC=C=CC
8511,9614,N=CCC12CC(C)=C1C2O
8512,9615,C(N)C(Br)S(CC(=C)NC1C)=C1[NH1]C#C
8513,9616,C=C(C)CC=CCCCF
8514,9617,CCOC=CNC1=C=NC=S=N1
8515,9618,OCOCC(=C)C=CC=CC=O
8516,9619,CC=CC(C)CF
8517,9622,C1CON1CNC=CC=CC=CC=C
8518,9623,OC=C(C)C=O
8519,9624,OC(Br)CNCC=O
8520,9625,O1CC[NH1]C(C2)C2C=C1OCl
8521,9626,CC=CCCOCC=O
8522,9627,ClC=CNCC(C)CCC=C
8523,9629,CC1C=CONC2=CCC(S)CCN21
8524,9630,C=CN(C)CC=N
8525,9632,CC(C=C)CF
8526,9633,C=CCC1(C)C=NN=C1O
8527,9634,CC(N=NOC1CCC2C1CCN)N2
8528,9635,O=COC=CCCNCC=C
8529,9636,OCC=CC(C)CC=O
8530,9637,NC=CCC#CN[PH1]C=CC=CC=C
8531,9638,C1(C)=C(CC)OC=CC=C1NCC(=C)C
8532,9639,NCC=CC=CC=C=NC[NH1]C=CN
8533,9641,NCNOCC(C=NOC=C=C1C=N)C=C[NH1]1
8534,9642,C1CCCNN=NC(C=C[NH1])C(C)CC1N=N
8535,9644,C1(O)CNC=C1CNCNCl
8536,9645,C1(C)CC1CC=CN=C
8537,9646,N1CN(C)CCCC1OC=CC=O
8538,9647,C=CNCSCCCO
8539,9649,C1OOC(NCCCCl)N1
8540,9650,CC=CCCC=C(C)N=CC(C=C1)=C1
8541,9652,CCCC1OC=NCCCCC=CO1
8542,9653,C=NCSCC(N1CNCC)=CC1Br
8543,9654,OOC
8544,9655,COONC(N)C1=CCNC=C=C1C
8545,9656,OCCNCF
8546,9657,CNC=C(C=CCN(N)Br)[NH1]
8547,9659,OCNCCC=C=CCl
8548,9660,C1CC1C(C)CC=O
8549,9661,CC=CCCC(C#CC)CCCC=O
8550,9662,CC=CC(=N)OC
8551,9663,C=C=C1CCC2C=C12
8552,9664,O(O)CC(C)SC1COCCNCC=CC=C1O
8553,9665,C=CC(C)=CCCF
8554,9666,CCC(OC=CC)=CC1=CC=CC=CC=NN=CC1
8555,9667,CCC(C1Cl)C(C)CCC1=C(O2)C2
8556,9668,CCCC=CNOCSC=C(C)C
8557,9669,CC=CC(=C)C
8558,9670,N1CCC=CCCCCC=C1
8559,9671,C=CCSCl
8560,9672,C(C)C(C1)(N)C=CC=C1
8561,9673,OCCCCNSSC#C
8562,9674,NN=CCCOC(C)(N)C=O
8563,9675,CCOCCC=CN=CC=CCCC=O
8564,9676,CCOC=CC=CCC=C=NC=CC=CON
8565,9677,CN=CC#CC
8566,9679,OC(C)CC(N)=O
8567,9681,C=CC(O)=C1CO1
8568,9682,C(N)C(=CF)C=O
8569,9683,COP(CC)CSC=C1C(C)OC=C[NH1]1
8570,9684,CCC(N)CC=CC=CC=NNC(C)=O
8571,9686,CCNCF
8572,9687,C=C1CCC2(C)C=CC=C2C1
8573,9688,CCNCCF
8574,9689,OCNC=CCC1C=N1
8575,9690,C1NCC=C1CC[NH1]F
8576,9692,OCC=CCCSCOCC=CC=C=O
8577,9693,CC=CONCCCC(N)CCCOO
8578,9695,C1(C=COCC1)NON
8579,9696,CCCCC=NC=CCOC(C)CCC
8580,9697,C1CC=CNC=C([NH1])OONC=C1O
8581,9699,CNCOC=CC=CCCNC=O
8582,9700,CCCCCCOC=C=C
8583,9701,CCCC=C[NH1]C[NH1]Cl
8584,9702,CC=NCC=C=O
8585,9703,C1=CCCCN=CC=CC1CCCC=CN
8586,9704,CNC=CC=C(C)C(N=C)O
8587,9705,NOCNCCCNC=O
8588,9706,C=COCC1=C(C)COC=CC=CC[NH1]1
8589,9707,S1C=CCOCCCCCCCC1OCS
8590,9708,C(C)CC=C(C)OC=CCC=O
8591,9709,NCN
8592,9710,CCONCC=O
8593,9711,CCNCCSC1(C)CC=C1
8594,9712,C(O)C1=CCCCC=C(CC=C1)ON
8595,9714,C1OC1(C)OOC=CC2N=N2
8596,9716,C1=CCNCCC=CN1C=CN=N
8597,9717,CC=C(C)CCCPC=O
8598,9718,C1N=C1CC2C=C2C=C=S
8599,9719,NCC(CCC(C)COCOC=C)C=O
8600,9720,C=C(OC1=CC2=C(C)CC2=CCl)OC1C
8601,9721,COC=CCCN(C1)CCCC#C1
8602,9722,C=CCC#CCCC=O
8603,9723,C=CC=CNC=CC=O
8604,9724,CC=CC(C=CC=C)S(=C)(C)O
8605,9725,CC=C=C=CCCCCOC
8606,9726,CC=C=CC=CC=C(Br)C#CSCCl
8607,9727,C=CCSCOC(C1)C(C)CC=C1C
8608,9728,CNCCC(C)COF
8609,9729,CCCCCC1=CC=CC=C1C=C
8610,9730,COCCCCC=CC=CN
8611,9731,N1OC=CCO1
8612,9733,CC=CCC#CC(C1)C1
8613,9734,CCC(C)C(C)=O
8614,9735,C=NCCC=C=O
8615,9736,C=C=COC=CC=C(CF)C
8616,9737,C=1SNCNONC=C=1
8617,9739,N(C)CC=CC=NCCCO
8618,9740,N=SC=CC=NCC(C)C=CCC=CCC=C=CN
8619,9741,N=C(C)CC(C)C1CCC=C1
8620,9743,OCCCC1CC#CC=C1
8621,9744,CC=CC=C=CCC(C=C=C1)C1
8622,9745,COC(C)=CONC1OC1
8623,9746,C(CCOC)COCNC=CC=[NH1]
8624,9747,CC1CC1(C)C
8625,9748,C1=CC=CC2CCS[SH1]C1C2
8626,9749,N(C)(C)C=CC=C=C
8627,9750,OC(C)C=C=CCC(=O)C#C
8628,9751,CNCNCCC1NC[NH1]OC=C=C1
8629,9752,C1C2(C)CCCC2(S)CCNC1
8630,9753,COCC(C)C=CC
8631,9754,C(O)CCON
8632,9755,CC(C=CN)(C)C=NNC=NCCNC=C=O
8633,9756,OCCCCC=CC(C)=CC=N
8634,9757,C(NC=COCSC=C=C)=CCCC[NH1]
8635,9758,ONCOC(F)CSC(C)(C)OCC#C
8636,9759,C=CCCCCCOC=O
8637,9760,CC(=CC[NH1])COOC=NC(C=CCC)(C)CC
8638,9761,COCC=CNCCC[NH1]C=O
8639,9762,CCCC(C)C=C=C[NH1]C
8640,9763,CNNC(C)CCCCC=O
8641,9764,CC(C=NSC=O)CC(Cl)C1OC1
8642,9765,C(C)(N)C=CBr
8643,9766,C=CCS=O
8644,9768,N(N)=C=C(N)C=CCOO
8645,9769,O=NCCCCNC(N)C
8646,9770,CNN=NCCC=CCCI
8647,9771,C=CC(C)=CCC=O
8648,9772,C1=C(NCl)C1=N
8649,9773,CNCC=CC1=CC(C)OC1
8650,9774,CC(OCCCNNCCCNN)C=C
8651,9776,CCOCNC(CCNCOC=C=C1)CS1
8652,9777,CCC=CCOOCNN
8653,9778,NC(C=O)=CCC
8654,9779,CC=S=C(C)NC=CCCOCCOOCNCC(=N)C
8655,9780,CC(C)CCN(C)CCC
8656,9781,C=C=C(C=NCC1CC=C2)C12
8657,9782,C=NC=CCNOC=N
8658,9784,CCS(C=CC)C[NH1]C=CC=CCC[NH1]CBr
8659,9787,O=CCCCS1C(C)CCCC1
8660,9789,ClNS
8661,9790,C1(=CC=C1N2)C2
8662,9791,OCCC(COC=O)=O
8663,9792,N=C(C)CCCC
8664,9793,C#CC=C=CC=C(C=CS=O)CSCOO
8665,9795,CN=CC=CCC=NNCCC
8666,9796,C=CCCCNC=CNCCC=O
8667,9797,C=COCCOCCl
8668,9798,C=CC=CC#N
8669,9799,C=CC(C)C=CCC1NC1
8670,9800,C=CC(C1)CCC(C)C=CN=N1
8671,9801,NC=CCCOOCl
8672,9802,NC1=CCC=CC=NOC=C1O
8673,9803,ClCCNCNCCCCCCCCCF
8674,9804,CC=C(COC=C)C=C=CC=CCF
8675,9805,O1COC1O
8676,9806,CC=CCC(C)C(C)C=C1CC1
8677,9808,NCCCBr
8678,9810,O=CC=CCCC
8679,9811,C12ON=C(C)C1=CC2ON
8680,9812,N(C1)(C=C1C)C=NC(C)C(C2)O2
8681,9814,COCN1CCC=C1NC=C=C(C)CC
8682,9815,CCCS
8683,9816,C(=C)CCC=CCC=CC=CC=C=C
8684,9817,N1C=C(C)N1C2CC2
8685,9818,CN(C)CCCC=CN=C=CCC=O
8686,9819,ONCCC(C1)C=NCOC[NH1]1
8687,9820,C1=CCCC(O)S1Br
8688,9821,N1C(=N)CC=CN1
8689,9822,CC(C)F
8690,9823,CC=NCC#C
8691,9824,CCC(CC1CSC=O)O1
8692,9825,CC=C=CC(=CCCCl)C=O
8693,9826,C(CCOC=C=O)C
8694,9827,OOCOCCOC=O
8695,9828,OC=CNC1C=CN=CC=CSC(C)=C1
8696,9829,CCCCONCNI
8697,9830,CCNCC(C)CCCC
8698,9831,CCCNCCCN=CC1OC1=C
8699,9832,CC(C=CC)=O
8700,9833,C=CCCCC=NNC
8701,9834,C1C2C=CS(N)C2CC1
8702,9835,C1=NC=CC=CC=C(C1)COC
8703,9836,C=CCNC=CC=CCBr
8704,9837,N1OC=CCC=CCOC=C1C
8705,9838,CCC1C=CC(O)CN=C=C(C)C1N
8706,9839,NCCOCC=CCCC(C)NC1(C)C(C)CCC=C1
8707,9840,NCCCC=C(O)Br
8708,9841,OCCN=CCNNCC=CC=CC=O
8709,9843,NC=CI
8710,9844,C1OOCN(C)CNCS12CC2
8711,9845,CCOCCOCCC=CCOCC
8712,9847,CNC=C=CC=CCC=CBr
8713,9849,CCSSCCC=C=NONNF
8714,9850,CC=CCCN=C=C=O
8715,9851,N(S)=CSCCCO
8716,9852,C=CC(C)OBr
8717,9853,NCC(C)CC(C)C=CC
8718,9854,CCCC(C)(C)CCCCCCC=C=C
8719,9855,COCNC=C(Cl)CC=O
8720,9857,N(=N)NC(O)CC#C
8721,9858,C1CCCCCCCCCN1C(Cl)CN[NH1]
8722,9859,O1CS1C=CCON=C(C=CC(N)CC=CC)CCCNCC=P
8723,9860,NNC(C)=CC
8724,9861,SC1CNCOC#CC=CCC=C1Cl
8725,9862,OC=CCC1C=C1N
8726,9863,C=C=C=NNCCCC=C=O
8727,9864,NCOCC=COO
8728,9865,CNC=CS=O
8729,9866,C=C=CC(=C)F
8730,9867,O=CCCC(C)C=C=O
8731,9868,CCCCC=C1CC1NN
8732,9869,CCCNCC=CN=CC=CC=O
8733,9871,CCN1N=CCCO1
8734,9872,CC=SC=CCC=CC=O
8735,9874,O=COC=C(C1OCCC1CCNC)N
8736,9876,O=CCCOCCC=CC=C=CCOCl
8737,9877,O=C=NC=O
8738,9879,ONCNC=CC(CC=C)=CCOS
8739,9880,CCNCNCCC=C1NC=COO1
8740,9881,O=CC=NCCC
8741,9882,CNCCCCC=O
8742,9883,O1CCCC=C1CCCCO
8743,9884,C#CC=CCCCCSCC=N[NH1]C=C=N
8744,9885,CCCC=SCCl
8745,9887,BrCCOCCC(C)C=NC=CNCOOF
8746,9888,C1CCCCCC#CCCCC1=N
8747,9889,C1=C(CCC=O)OC=CC=C2CC=CCC21O
8748,9890,CCOC(CC)=CC1(C)CC=C1
8749,9891,CONCCC(O)C=CC=O
8750,9892,OCCNCC=C1C=C1CCC=C
8751,9894,CCCC(C1)C1
8752,9895,C(C)CC=CCC=S=N
8753,9896,CNC=CCCC=O
8754,9898,CC=CC(C)C#C
8755,9899,CCCCCOC=O
8756,9900,OC=CC(CCCC1=O)=C1
8757,9901,CC=CCCOCC=CCl
8758,9903,NNOCSCCC=CC=O
8759,9905,OOC=CCC(C)C=CCOC=C1OO1
8760,9906,C12CCCCC=C1C=C2C
8761,9907,C=NS=CC=CCCl
8762,9908,C=CC1NC(C)(C)C(N1C)=C(O)C=O
8763,9909,C1SCCCCC=C1C(C)=C=N
8764,9910,CCOC=CCCNC=NO
8765,9912,CCCCCCNNC=CS(C)C=C
8766,9913,CC=CCOCCC
8767,9915,C=CCC=C(C)C=S=C(O)OC=CCCCC(CN)C
8768,9916,CCN=CCS(C)=CC=CC=O
8769,9917,C(C)=C1OCOCC1O
8770,9918,CSC=NCC=O
8771,9919,OC=CC(N)C1NCCCC1(C)C=C
8772,9921,COCC(C)C=O
8773,9922,N(CCCC1)C1
8774,9923,OC(C)=CCBr
8775,9924,OCCC=C(C=CCOCC1C=C=C)CNC=CNO1
8776,9925,CCC(C)CCNN[NH1]CCS1NC1Cl
8777,9926,CCN=CN(O1)C=CCCO1
8778,9927,CCC=CCCC=C(C)CN
8779,9928,CCC=NC=C(C)CNCCC
8780,9929,CC(C)CNC=NN=CCCCS(C)C=C=C
8781,9930,C1=CN=CC=C1
8782,9931,C(C)C12NC1CNN2C
8783,9932,NCC1C=C1C
8784,9933,OCNCCCC=O
8785,9934,CN(C)CC=O
8786,9935,CCC=CCC(C1=CC1)=CC=C
8787,9936,NCCNC=CN(CC=O)CC=O
8788,9937,NN(C1CCCC=C1C)C=CC
8789,9938,C=C(CNC=COC(C)CC)C(N)C1CC1
8790,9939,CCCN(C)C(CC=CC)CSOO
8791,9940,NOCCCCCNC=CCCCOCCF
8792,9941,CCC=NCOC=CCF
8793,9942,NNC=O
8794,9943,N1=CC1NC=CC=CCP
8795,9944,N(C)=CC#CCCC=O
8796,9945,C1N=CC2CCC=C2C1OC(N3)ON3C
8797,9946,CC(C)COCNCCC=NC=O
8798,9947,C1C(=N)C1NOC=O
8799,9948,NC(OOCCCC(C1)=C)C1(CCCN=N)[NH1]
8800,9949,C1CCCCCC(C2)C12
8801,9950,C(CCS)Cl
8802,9952,CC=CC=C=N[NH1]
8803,9953,O=CC=CCCCCl
8804,9955,O(N=NSCCN1NCC=CCCl)NCOC1=N
8805,9956,C(C1)C1N(C)OCC=O
8806,9957,CCCOCCNCCC(C)C
8807,9959,ONCCCC=O
8808,9960,NOCC1=CNO1
8809,9961,CCC=CCC=C
8810,9962,CC(O)(COOCC(CC)C=O)C=O
8811,9963,CCC(CCC=CC)C1CC(C)=CN1
8812,9965,CNNCC=C=CCCCCCl
8813,9966,OCCC(O)(NC)OC
8814,9967,CCCOCNNC(NN=CC)C1OCCCC1
8815,9968,NCCCC(=O)C=CN=C
8816,9969,OOOCCC=CCCC1CN1C=N
8817,9970,CCC(C)CN1CC(O)=C(S)C1
8818,9971,CNC=C(N1)CCCCCC1
8819,9972,C1CC1CC=O
8820,9973,C=C1NCNCC1C
8821,9974,C1=CCC1(CC(=C)CC=C=S)C
8822,9975,C=CCC(O)CF
8823,9977,NCC=C(C)N(C)C=CCCC
8824,9978,C=COC
8825,9979,OSS=CCC(C)C=C(NCNONN)N1C=N1
8826,9980,C1C=C1CC(OC=CC2)=C2O
8827,9981,OCCC=NCC(C)=CI
8828,9982,CCOC=NN(NCC=CC=CCN=NN)N
8829,9983,CN=CC=CCS
8830,9984,C=SCCCCC=C=O
8831,9985,C=CCCC#CC
8832,9986,NOC=CNCC=CCCCC
8833,9987,OCSCCC=C=C
8834,9988,N=CC=C=CNC=CCOC=O
8835,9989,O=CNNC(C)COCCCNSCCCl
8836,9990,CCC1CC1CCCCC=CC(C)C[NH1]
8837,9991,CCNNC=O
8838,9992,OCC(CNC)CCCBr
8839,9993,CCCCC1C(C)C=C1NC
8840,9994,CC=CC=COC=COC(N)C=C=CNC#C
8841,9995,NCC(Br)F
8842,9996,IC1CCN(N)C1N(CC=O)NC#N
8843,9997,ON=C=C(C1)NSC=CC1N
8844,9998,C=C=CCC=C(CCC=O)N=O
8845,9999,C=C(C)CCNCCCCl
8846,10000,C(=C)CC(C)CCC=CC=CON=C
8847,10001,C1C=C(O)C=C=C=CC=CC(C)C1
8848,10002,C1(C)CCCC1N=CC=CC2(CC2)OC=C=O
8849,10004,S12C=CCC1C2C
8850,10005,C=CNCCCC=C=O
8851,10007,NOCC=CC=CC=C1OC1C
8852,10008,N1CCCCCCC1(C)O
8853,10009,O1CCCCCC1OCC(C)[NH1]
8854,10010,N1CC12C(Cl)CCO2
8855,10011,C(C)C(C)CCC(C)(C)C1P=N1
8856,10012,C=NCNOC1(C)NC=C1OCCF
8857,10013,NC(N=CC=C)([NH1]NC)NCC(O)F
8858,10014,C1C(C)N=CC=CC1O
8859,10016,C1=CCN=C2CC2=NCC1O
8860,10017,CCNOCN=CC(OC=CCOCC[NH1]O)(CC)N1CO1
8861,10018,CC(C)CNNC=CPCN1C=N1
8862,10020,C=1(C)CC=C=1
8863,10021,CC1=CC=C(SCC(C)=O)CNC1
8864,10022,O=CCC=NC[NH1]S(O)=O
8865,10023,C1NC1F
8866,10025,C(C)C(=N)COON=C=O
8867,10026,NNC=C=CC(C)=CCC=C
8868,10027,CCCC=CNC=CCC=CN1C=C1
8869,10028,CNCCN(C=[PH1]CC=CC=CC1)C1
8870,10031,N12CCC1C=CCC(C)C=C2
8871,10033,COCCC=NC(C)O
8872,10034,C1CCCC1(OCNCC=CC[NH1]C=CCC=O)CO
8873,10035,ClC=CCF
8874,10037,CNC(C)(C)CC=CCC=C(N)CC=C(O)C=COCC=N
8875,10038,C=CCCCCC=C(N)O
8876,10039,C=COCC[NH1]C=CNC(C1)NC1=C
8877,10040,OCCCOCCN=C=C1CCOC1CN=O
8878,10041,NCCC(=C)CNC1C=CC=N1
8879,10042,OCCC(C)=CSC=C(N)CCOON=O
8880,10044,COI
8881,10045,C1=C(C1C2=CCCN)C=C2N
8882,10046,O1CC(C)CC=CCC1CN(C)CCBr
8883,10047,CCC(C(Cl)C#C)CCC=O
8884,10048,CCNCCl
8885,10049,CCOCCN=C(C)N(C)COC1C=C1
8886,10050,C(O)N=CNC=CC=CC(C=O)CCC=C
8887,10052,NCCCN(N)CF
8888,10053,NNC=C=CCCCCO
8889,10054,C=C1CC=CC1=CCC=NCC=NCO
8890,10055,C=CCNC1NCC=NN1C
8891,10056,C1=CCNC2NCC1C2CCCF
8892,10057,CCCNC=CC=C1C=C(C)C#C1
8893,10058,ON=CCCC=CCCC#C
8894,10060,C1CC=CC(=C)C1C=O
8895,10061,C(OCCCCCC(C)=O)CSNN=O
8896,10062,CN=C=CC(=C1)CCOC(=O)O1
8897,10063,N1CCOCCC=C1
8898,10065,COCC1CC=CCC1C=C=C=[SH1]C=N
8899,10066,CC=CNCCC=CCC=O
8900,10067,CC(C)N=NOCOOCN
8901,10068,OCCCCNN=NCCC=C
8902,10069,CC=CCCC=CC=O
8903,10070,OC=COC=CCOCOC
8904,10072,NC=CCCC=CC=CC=CC=COCCl
8905,10073,CCCCCC(N)(CCN)N1CC1
8906,10074,CSCC=C[NH1]CC(C1)C1(O2)C2
8907,10076,COOCCCC=CCCCC=O
8908,10077,N1(C)COCCC1F
8909,10079,NCC=CC(N=CC=C=C)=NCC=NC
8910,10081,CCCCCC=CC=C(C)OC1CN1O
8911,10082,C1CC=C1N
8912,10083,CCCC=NCC=CCNC=CO
8913,10084,CN=CCNCCCCC#C
8914,10085,C=C(COC=O)C=C[NH1]CNCCl
8915,10087,C(C)CCCCC=O
8916,10088,O(CC1=CCS2C=NCCC)CCCC12Br
8917,10089,NCOC(C)OOCCCCCN=O
8918,10091,C=CN=C(C)CC=C(C)N1OOSOCCN(C)C=C1
8919,10092,CN=CC(N)C(Cl)C(=C)F
8920,10093,COC=CCC(CC)C=C
8921,10094,CCOCOC(C)C=O
8922,10095,CCCC1C(C)(C)NCCCC=C1
8923,10097,CC=C=CC=CCCCCCC
8924,10098,N=C=CCC=CCOSCON=C
8925,10099,OCNSC=C=O
8926,10100,CCC#CC#S=CCOC(C)=CC=CN
8927,10101,CCC(C=CC=CC=CCCNC)C=C
8928,10102,CC1=CCC=CCC=C=NNOC=CO1
8929,10103,OCCCC=S(C)C(C)CCOO
8930,10104,CC=NNOOC=CC#N
8931,10105,O=CC(OC=CONON)N(C)CC=N
8932,10106,CCNCNCC=CC=C1C=C1
8933,10109,O=NCCC=CCC=CCCC=CCO[NH1]O
8934,10110,C(C)=CCN=CSC=CC=O
8935,10111,CC1(C)CCCC=C1
8936,10112,OCCCC(C)[NH1]CCN=CC1C=C1N
8937,10113,CCC=CCCCl
8938,10114,CNCC=C(C)C=CCNOC=C=C=C
8939,10115,CNNCNOCC=C=O
8940,10116,C1CC2=CCC1C2I
8941,10117,OOC=CC=CONCC
8942,10118,C1CCC=C1C=O
8943,10119,OOCNC1(C)NCN[NH1]1
8944,10120,C1CC(N)OCCOC=CC1=N
8945,10121,COC(N)=C=CC(C)=NCC=C[NH1]OC[NH1]OC
8946,10122,CCOCCC=C=CC=CCC(OCCl)O
8947,10123,CCCC=CCN1N=C1OI
8948,10125,CCCN=COOONC
8949,10126,CC1CC=CCOC=C1
8950,10128,C1=CC1NCC=CCCCCC(=O)C=C
8951,10129,CCCNC=CCCCCCC=N
8952,10130,NCCCC[NH1]C1CC1CC
8953,10132,OOC(C)CC=CC(O)=C(C=CC)CCC=CCl
8954,10133,CC1=CCCCN(O)N(CCCl)NC1
8955,10134,CCC=C(C)CNCC=O
8956,10135,OC=CN=O
8957,10136,C=CC=C=C=N
8958,10138,NOCC=C=C=CC=O
8959,10139,C=C=C1CCCC=CC=C1O
8960,10140,CCCCOC=CCl
8961,10141,C=CC=CCC1(C=NCC1C)C=C=CC
8962,10142,NOCN=C[NH1]CNN(N=O)C=CC
8963,10143,NC1CC=CNC2CC=CC=CC12O
8964,10146,OC=C=CCCCON=C
8965,10147,O1C(C=O)=COO1
8966,10148,CC(=O)CCSOCCCON(C#CCCOC=C)O
8967,10149,C1C(CC=CN)CC=C=CCC1O
8968,10150,CN(N)SC=CCC=O
8969,10151,COC(C)(C)C1CCC=CCCC1O
8970,10152,NOCCC
8971,10154,NCCCOCC=C=O
8972,10155,C1NCCCCCONCCCOON1
8973,10156,CN=CCOC=CCCCC=C=CN
8974,10157,OC(C)OCCCSCCC1CC1ON
8975,10158,NNCCCCC=C
8976,10159,CCCCSCCC(N)CC=C=S
8977,10160,CPCCCl
8978,10162,CCCNCNCC1CCCCC(N)N1
8979,10163,NOCCCNCCCCNC=O
8980,10164,C1C#CCS1C=CC=CC=C=O
8981,10166,CC=SC(O)CCN1CC=CCCC=C1
8982,10167,CN(C)OCCCC#C
8983,10168,CCOCOCCC(C)CC=N
8984,10169,C=COBr
8985,10170,C1NC=C(C1)C=CC=NC#C
8986,10171,N=CCNCCN=CC=C
8987,10172,CC1=CCON=CC=CCCCC1
8988,10173,CCCCCCP
8989,10174,N=1CCCCC=1C
8990,10175,C=CCCN=C=CCCCCC=O
8991,10176,C1C=NC(C)C(N)C1C=C2CC2
8992,10177,CCCI
8993,10178,C(CI)CNNCNOON
8994,10179,O=CNCCCSOCCNOC
8995,10180,CC=NN(C)CC(C1)C1CCO
8996,10182,O(O)CC(C)CN
8997,10183,OCC=C(CCC=CC=O)C=C
8998,10184,CCCCC1=C=N1
8999,10186,C=CCCC(O)C
9000,10187,CCOC=CC=CF
9001,10188,NCN([NH1])CCCCC=C
9002,10189,O=CCC(C)C=CCC=CC=C=O
9003,10190,CC=CCC1=CONCC1
9004,10191,O(C)NC=CC=CC=CNN=C(C)C=C=CO
9005,10193,CN=CC(C=CCN)CCC(S)C=C=C
9006,10195,CC=CC1=CN(C(N)C1NC2)C2
9007,10197,CCCCC(C)C(C)NCCCl
9008,10198,CCC#CC=C(C)OC=COCC=O
9009,10199,NCC(O)CCC1C[NH1]CC1=C
9010,10200,C=NCC=C=C1C=C1
9011,10201,C=C(C)OCC(C)CCCCCCC=CCl
9012,10202,C=C1CCC(NC=CCOCC1)O
9013,10203,C=C=CN=C(C)OC=O
9014,10204,CCCCCNC(N1)C1C#C
9015,10205,CCNCCNC=O
9016,10206,C=C1C=C=CC=CC=C(CCC1)CC=C
9017,10207,COC=CCCCOO
9018,10208,CN=CCN(C)NC=CC(OOCCF)=C
9019,10209,N=CCCCCC=CC1SC=CC(C)O1
9020,10210,C=C(C)COC=NC=CN
9021,10211,N1CC=CC=CC=C1S
9022,10212,CCCCC=CC=CCl
9023,10213,O1C(=C)C=C1
9024,10214,C=CC1OC=CC2CCCNC=C21
9025,10215,CCCC=CCl
9026,10216,C(C)(O)CCC=NC=NCOCOOCl
9027,10217,C1CC=CCC=NC=CC=CC=CCCO1
9028,10218,NC1=CCCNCCCC=CC=C=N1
9029,10220,CCS=CCCCl
9030,10221,N1=CN(O)CC1NC=O
9031,10222,CCC=CCC1CCCC(ONN)C1
9032,10223,O=CCCC(C)CC(=C)C=C
9033,10225,CCN[NH1]CNCCCl
9034,10226,CC(C)(O)CC=C=O
9035,10227,CN(CCN)NF
9036,10229,C=CN=CC=CCCSC#C
9037,10230,COC(CC(C)N(C)CN)(C1)C=C1
9038,10231,OCCCNNCCCCOCC[NH1]
9039,10232,CN=CC(=CCCCOCCCN)N(C)C=CC=O
9040,10233,CCC=CCCC=CS1C(C)NNO1
9041,10234,C1C(CCCN)C(C)NOC[NH1]C1=NC=O
9042,10235,OC[NH1]CC(=N1)O1
9043,10236,O=C(C=COC)OCl
9044,10237,NNC=C=C=CONCC
9045,10238,CCN(C)NC=CC=O
9046,10239,NNCC=CC=C=CC=C=N
9047,10240,NNSCNCCOC=C1C=NC=C1
9048,10241,CCCCC(CCCC=N)C=CC1CC1=N
9049,10242,ClCC1OC=C=CC=CC1C
9050,10243,C=CCCOC=CC=CC=O
9051,10244,COC1C=CCCC(O)C1
9052,10245,OCCCCCC=C=C1N[NH1]CO1
9053,10246,CCCCNC(F)C=C=C=CO
9054,10247,O=NCOCCCC=O
9055,10248,SCCC=O
9056,10249,C1CCC=CNCCO1
9057,10250,CC[NH1]C=CCCC(C)C=COCC=CS(C)(CC)N=C=C
9058,10251,OCCCCC=CNC=C(C=O)C=O
9059,10252,OCCNSC=O
9060,10254,CCOOSCCCCCCCNC(O)ONS=CON
9061,10255,C1CNCCC1
9062,10256,CCCCNCC1CN=CN=CC1F
9063,10257,N(Cl)CCC=SCCC=O
9064,10258,C1(C)=CC2=CC21
9065,10259,NOC#CC=O
9066,10260,C1OCCCCC=C=CC(=N)C=C1
9067,10261,C1S=CC2CC=C=C2C1O
9068,10262,NS=O
9069,10263,ONNCCNCl
9070,10264,CCCNC(C)ONOCl
9071,10265,FCCCC=CC1=CCC1O
9072,10266,C1(C)=CCC(C(=C)C=C=C1)O
9073,10268,N1=CCCC1(C)C#C
9074,10269,NC(CNON(CC=O)C)OCOCN
9075,10270,CC(C)CN1C=C1O
9076,10271,OCC(N)CCNC=C(C1)CC1
9077,10274,CCCNCOC=C=CC=C=O
9078,10275,CCC1CC2CC1CC2COC=COS=C
9079,10276,CCC=CC=C=C=SC=CC(C)OCO
9080,10277,COCCOCNF
9081,10278,C=NCCC=S=C=O
9082,10279,CCCNCN=C(C)C=O
9083,10280,CCCC=CCCN(N)OC=C
9084,10281,NCCCC=CC=CCCN=CO
9085,10282,COC=CC=CC=C1CC(=CC=C)C=C1
9086,10283,N=CCC=NC1(C)ONC2C1C=CC#C2
9087,10284,OCCC(C)CC=O
9088,10285,OCCCCSC=C[NH1]N=O
9089,10286,CC=NCCC=O
9090,10290,CCCN(C)SCC=O
9091,10291,CCCCN=CC=CC(=N)NCl
9092,10292,CC(C)C(N1)C1C=C=NCCNC#N
9093,10293,COSCC=O
9094,10294,N1NC(C)CC1=O
9095,10295,O1COCC=CC=CC2=C(C)C1C2Cl
9096,10296,CCCOC(C(N)NC=O)(CC)C
9097,10298,C1CC=NC=CC=CCOCC=CS1C=O
9098,10299,N12CCC(C)C1CPSCC2O
9099,10300,N=1CCCCC=1
9100,10301,CCCC=CC1CC(C)=CC1=CC
9101,10302,CNC(O)C=CCC=CC(O)C=C=C
9102,10303,CCCOCCOCC1CC1N
9103,10304,CCNCC#C
9104,10305,C1OC2CCCCCCC1O2
9105,10306,C1C2=C(N)NCCCC2NCS1
9106,10307,COCCCl
9107,10308,SCCCOC(C=C)CBr
9108,10309,CCC=CC=C1C(C)(C)OC1CC2CC2
9109,10311,CC=CNNCNCN=C=C=C
9110,10312,ClC(C)C1CC=C=CC=CCC1
9111,10313,CCCC=CCCCCSC=O
9112,10314,CCCC=NCCNOC
9113,10315,NCC(N)CC(C)C=C=S
9114,10316,NCC(CC(C1)CCC=C2C1)C2
9115,10317,C=CCC([PH1]C)=CC=O
9116,10318,NCC(C)=C=CCC=CO
9117,10319,CCC(N)CC=O
9118,10320,C12C=CC=C1C=CCC3=C2C3
9119,10321,CC=CCCCOC=CCN=COCCCl
9120,10322,CCCC(CC=CC)C=NCCl
9121,10323,C=C=NCCCC=CCN=C[NH1]CCCCC
9122,10324,CCCC#CC=C(C)F
9123,10325,CC=CC=C=NCC=CCOCl
9124,10326,C=C=CCCNCl
9125,10327,CCOON(C)OCCNNCCCCC=O
9126,10328,CCC(O)CNOC=CCOCCCF
9127,10329,CC(CN)C[NH1]C=CC=COCOO
9128,10331,N=CC[NH1]CC=CC=CO
9129,10333,CCCCCC=CCCC=C=NOO
9130,10334,NCC=CNNOC
9131,10335,C1C=C1CCC=O
9132,10336,C1=CCC=N1
9133,10337,C1NCC=C1COC
9134,10338,C=C=CC=CCC1C=C1Br
9135,10339,CCCCC(CCl)CC=C
9136,10340,C=C(C(C)CN=CC=CCN=COCN)O
9137,10342,CCCCC=C=CNC(C)=CCCC=O
9138,10343,CNCCCC(N)I
9139,10344,CCCCCC#C
9140,10345,SCCC=CCCCC=C=O
9141,10346,C(=O)C=COCCC=C=CC=O
9142,10347,CCSC(C)(C)Cl
9143,10348,CCCOCCC=C(CC=C)NCC=C=O
9144,10349,O(C)CC=O
9145,10350,N(C)=C(NCCC)CONOC=C
9146,10351,CCC(CC=CNCC=C1ON)=CC=C1
9147,10352,C1C=CC=C=NNCNCC=C1CC=N
9148,10353,CCC=CCl
9149,10354,CCCCOC=N
9150,10355,C(C)C(N1)(C)CS2(C=C12)O
9151,10357,NC(CC)CCCC=C=C=C1C=C1C
9152,10358,CCNC(Br)CCC=CC=CC=NC
9153,10359,CCCC=CBr
9154,10360,CCC(N)NC#CC=CNC=C
9155,10361,NC=CCC(C)NCNCC=NC
9156,10362,COC#CC=O
9157,10363,CC1C2CN=C=NCCC=C=C1CCC2
9158,10364,SCC(C1)CCCCO1
9159,10366,CC(CC=CN)C=CCCCC=O
9160,10367,OCOCC=CCCCOCNC=C
9161,10368,CC=CN(CC=CC=CC)CCSC=CI
9162,10369,C1CC(C)C1C=O
9163,10370,COCC=C=C
9164,10371,CONCSCCl
9165,10372,C=CC=CNBr
9166,10373,CCCNCNCCCCN=NCF
9167,10375,CCCCC=CC=CCOC=O
9168,10376,C1CCC(C)CCCCN=C=CCC1
9169,10377,NC=COC=CCCCC(N)NN=CCNP
9170,10378,ClCCCCOC1=CC=CC=C1I
9171,10379,OCCN1N=COOCSC(C)=C=C1O
9172,10380,C=NCC=CCCC=C=CCC
9173,10381,CC(CC=NCC=C1C=CC=C(O)CC=O)NN1
9174,10382,OCC1COC=CCCCCCC1
9175,10383,O=NCN=C
9176,10384,C=C(C)CCOCC=O
9177,10385,COC1CON=N1
9178,10386,C12=CC=CCCCC1(N)ON2
9179,10387,NCCCNCC(C)C(C)C=O
9180,10388,CCC1=CN(Cl)N=N1
9181,10389,C=CCC=C=O
9182,10390,N(C)C=O
9183,10391,O1C(Br)CC1C
9184,10393,C1OSCC1COOCCC=C(C)N(C)C
9185,10394,C(C=CCC)CCCNCC=N
9186,10395,NC(O1)C1C
9187,10396,NC(C=CCCC)[NH1]C(N)C=C
9188,10397,CNC=C=C(C)ON(O)C=CNCCO
9189,10398,C=CC=CCC(C=CCOC)C=CC=O
9190,10399,CC=C1C(C)CCCCCCC1=N
9191,10400,CN(OC=O)CC=CNCCNCCO
9192,10402,C1CNC=CC(=CCC1)COC=CC=CNC#C
9193,10403,O=C(O1)C=N1
9194,10404,C=NCC=CCCCCCC=CC=C=C
9195,10405,OCC=C(C)CC=CC=O
9196,10406,C12=CNC=NC1OCC2
9197,10408,NN=C=COCC(CC1)C1N=NC(C2)=C2
9198,10409,CCCC=CC(CN=CNC=CO)(N)C=O
9199,10410,O1C(C)CC(F)CC1NC#C
9200,10411,C=NCSCCOC#CC=C=O
9201,10412,CCCC(=C)N=CC#C
9202,10413,OC=CCC=CC=CC=CC1CN1
9203,10414,FCOCCCN(C)C=CCC#N
9204,10415,OCC=C(NOOCC=C=CC=C)C=O
9205,10416,C=1C(C)(C)C=1COCC=CNCBr
9206,10419,C1OPCC(C)CCC1=N
9207,10421,C=CCCN1CPCC1N2CC2
9208,10423,C=CCC=C1CCCCC=CSOON=C=C1
9209,10424,CCCCCCNNCC(C)CC#C
9210,10425,CCCCC=C(C1)CC=C(Br)CN=CCNNO1
9211,10426,NCCC1NCCCC[NH1]CC=CCC=C1
9212,10427,C=CC(CI)CC=CC1CC=CCCC1Br
9213,10429,CNC=CC#CCNC=O
9214,10430,CCC=CCCN=NN=NC=CC=O
9215,10431,NC=CC1=CC(C)C(CC)CC(N)C1=C
9216,10432,CCCC(N)(N)N(C)CCC=C
9217,10433,C=CC=CCC=CC(C)OC
9218,10434,OOOC=O
9219,10436,NCNBr
9220,10437,C=CCCCC=C
9221,10438,C1=CC=NCCCC1SNC=C=O
9222,10439,C=CN1CS=CCN(N)C(C)C=C1N=C
9223,10441,CCCC=C=CCCCO
9224,10442,NCN=CCC=CCC=O
9225,10443,CCNNCCC=C1CNCC1N=C=C
9226,10444,CCCOC=C(C=C1CC)CCC1O
9227,10445,C1CCCCC(=N)CC1(C)C
9228,10446,CNOCNC
9229,10447,O=CC(O)O
9230,10448,OCC=CCCC=CCCCl
9231,10449,CCOOCCN=O
9232,10450,O1CCCCC=C1[NH1]C(C)CNOOCl
9233,10451,SCOC=O
9234,10453,N(C)CC(O)NCNCCOO
9235,10454,CCCNC=CC(C)Br
9236,10455,NC=CCCF
9237,10456,CCC=CCCC=CN=C(CC=CN)C=CC
9238,10457,C=CCNC(C)=CC=C(N=O)C
9239,10458,ONC=CC=CCNCBr
9240,10459,CCC=CF
9241,10460,CCC#N
9242,10462,CN(C)CCC=NON=CC=C
9243,10464,C=CC=NNCCC
9244,10465,CCCCCCC=CC=C(C)[NH1]CCONCOC
9245,10466,O1CCCC1(C)PC2=CC2
9246,10467,C=CC=CCOCC[NH1]OCO
9247,10468,NC1NCCC(CC2NN2C)N=N1
9248,10469,COOC(S)Cl
9249,10470,C=CC=C(C[NH1]C=CCC=CI)CNCCN
9250,10471,CNCCCCC=CNC=C(O)CON=O
9251,10472,C(=C)(OC)C=O
9252,10473,NCON[PH1]CC#N
9253,10474,C=C=COCNCCCC
9254,10475,N1CNC(C)C=CCCCCNC2=C1C2
9255,10477,O=CCCF
9256,10478,CCCCOCOCN
9257,10479,N1CCC=CC1=NNC=C(C)C
9258,10480,CCCCCCC1=CC(C)C1F
9259,10481,NC=CCC=C1CN1
9260,10482,C1OC=C(C)SNCC1CCl
9261,10483,OCNCC=NC=C(C)C=O
9262,10484,CCC1CC(S)N=S1#N
9263,10485,C1CCCCOC=CC1N=NCC#C
9264,10486,C=CC(N)(O)C=O
9265,10487,C(OCOC=CCC=C)NCO
9266,10488,ClC1C=C1C[NH1]CNCC=O
9267,10489,O1ON=NCC=C(C)OC1CCl
9268,10491,CNOOCCCC=C=C(C)OO
9269,10492,CCCCCCNCC=CP
9270,10493,CC1NC(COC=N)C=NPCCO1
9271,10494,CCCNC=C=C=NCN(OC)CC=C=N
9272,10495,CCOC(N)=O
9273,10496,C1=CCN1CCOCSCOC=CCCC=C
9274,10497,CS=C=CCCC=CCCCl
9275,10500,CN=C(C)C=O
9276,10501,O1C=CCCNC=CCC#CC1
9277,10502,CCC#CC=CC=O
9278,10503,OC=CNNONCCNCC=C
9279,10504,C=CCC(N)CCC(O)CNCl
9280,10505,CCC(C)(C=O)CSCN(C)C#C
9281,10506,C#S=CCC=CC=C=C=CC=C=NCC#N
9282,10507,CC(CCCO)=CCCC=C=O
9283,10508,CC=NCCCC=COC=CNC=O
9284,10509,ClCC=NC1=COCCC1C=NCC#C
9285,10510,CCCCCCC=C[NH1][NH1]C=CC
9286,10511,OC(C)OOCC(O1)O1
9287,10512,C1CCCCOC=CC1Cl
9288,10513,C1CCC(OC2CN1C=NO)COC#CC2O
9289,10514,CC=CC=CCOCCNC=COCBr
9290,10515,CN(C)[PH1]CC1=C=C1C=C
9291,10516,N1CC(C12)C2(C)OS
9292,10517,CCC(C)=CNCCl
9293,10518,OC(C)(C=C1C=C=CCC1N=O)O
9294,10519,O(CCN=CCl)ON
9295,10520,S=CN=C1OCC=CC=NC=CC(C1N)C
9296,10521,COC=C=CCC=O
9297,10522,ONCC(O)(C)CCC=COOC
9298,10523,C1CC#CCC=CCC2CCN1C2O
9299,10524,C=CSC(C)C(N)COC(C)C=N
9300,10525,NCCN(O)CC=CCC=O
9301,10526,OC=CC(C)CCN=NC=O
9302,10527,ON(C)CCNCC#CC
9303,10529,CCCC(CC)C=O
9304,10530,CNCCCC=CC=CC=C1CN=C[NH1]1
9305,10531,ON1CCOCC1C(C)C
9306,10532,COS1=C(CO[NH1]CCC=CC=CCOC1)NCO
9307,10533,CC(N)C=CCNCCNC=NF
9308,10535,NC[NH1]C(O)C([PH1])CCCCC=CCC(S1)C1
9309,10536,NCOOOCCCOC=NC(O)=CCNC=CO
9310,10537,CNCNCC=CN=O
9311,10538,NON=C1CCC=C1CC=CC=CC(C)CC=O
9312,10539,C=NCCOCCCC=CC=O
9313,10540,C(CCCN)(Cl)[NH1]CCBr
9314,10541,CC(C)CC=C[NH1]OCCCC=C
9315,10542,C1CC1CCNCC=C
9316,10543,C=1=NCC(N)N=1
9317,10544,CCC(C)OCCS(N)[NH1]NC1CC1
9318,10546,N1C(C)OC=C=C=N1
9319,10547,NCNNCCCCCC=CC#C
9320,10548,C=C(N[NH1]NC)CONOC=O
9321,10549,CNC(C)=CC=C=C(N)CC=C
9322,10551,CCNN1CCOCO1
9323,10552,CCC=C=NCCC=NCCC1CCNC1CC=C
9324,10553,CC=CCC1(C)COC=CCCC1
9325,10554,CC=CC=CC=CC=CCNC=C=CCF
9326,10556,CCC=CCCCC=NCC(C)COCO
9327,10558,C=C=NCOC
9328,10559,NCCC=NC=C(C1)O1
9329,10561,CN=CCCC=O
9330,10562,C=CCCCS=O
9331,10563,CN(CCOCOCC(CCCC)F)C#C
9332,10564,CSC=C(C1[NH1]C=CN)C1CCCCCC=C=NCOO
9333,10565,COCC=CCCC=C=NCC=S=CC
9334,10567,C1C=CC(F)CC1
9335,10568,CCNC(NNC=S=C)C=CCCC=NO
9336,10569,NNS(=O)C=C=O
9337,10570,CCNCCC(O)CCCC=O
9338,10571,OC(C(C)C)C=CC=CC[NH1]CC#CNOF
9339,10573,CNOCCCNCC1=C(C)CC=CCC1O
9340,10574,CCCC=C=C(C1)C1
9341,10575,CCCC(CC=C)(O)CCNN=C=N
9342,10576,N1CC(C)=C2C=C=C=CC2CO1
9343,10577,C=CC=CNCCCNC=CC1=CC1
9344,10578,NC=C=CI
9345,10581,NOCNC=CBr
9346,10583,C1=C(CC=O)OC=CCCOC1O
9347,10585,C=C=C=CCC=C=C(C=C)C=CC(C)ON
9348,10587,C=CC=CC=CC=O
9349,10588,C1CCN(Cl)CC=C=NC=[SH1]1CCl
9350,10589,N1=NN1OCC=O
9351,10590,CC=NC=C=CCC1CC1NC
9352,10591,C=C=CCOOCC=C
9353,10593,C=NCCN(C=C)OCC=COCCCCl
9354,10594,CNCC=CCCCCC#S
9355,10595,C1CCCSC=CC(C)C1
9356,10596,CCC=CC1CCC(C)(SCC)CN2C=CN1C2
9357,10597,C1NOC=C2CSC1(C2(C)OOC=C)O
9358,10598,CN=C(CCN=O)C=C=C=O
9359,10599,CC(N1)COC=CCCCSCC1
9360,10600,C1OC(C)(O1)C
9361,10601,CCNN=CCCC1(C)OCC2CC1=CC=C2C=C=NC
9362,10602,C1C=CCCC1OCC=C(C)C=O
9363,10603,N(NC=CC)=C(CC=CC1C)CC2CN=CCC=C21
9364,10604,O1NC(C2)C21C3C=CNC=NO3
9365,10605,CC=CONNCCCC=O
9366,10606,C1OC1(C)C=CC=CC=C
9367,10607,C=CNC=CCCCC=CC(O)CC=CSC
9368,10608,ClNCC=CCNCC=CC1C=C1C
9369,10609,CCCNC(C=CCC)Br
9370,10610,CCCCNCC(C)OC(C)C=NCNC#COC
9371,10612,N1COC(C)C=C(C)C=C1C=CC=NOC
9372,10613,NNCCCCC=CCCCOC=C
9373,10615,C=C=C(C)OC(C)C1=NCNO1
9374,10616,CC=C=C=C
9375,10617,C=NC(C)CCC=CF
9376,10618,CCNC(S)C=O
9377,10619,N=C=CNC(=C)C=C1CSC=CCCCSN1
9378,10620,NNNCNC=CCCC=CC=C=C
9379,10621,N1CCC(C2)=C12
9380,10622,CC=NCC=CCNCC=C
9381,10623,COCC=CC=C=C(C)C=O
9382,10624,CONC=CC=CCCCCCO
9383,10627,CNC=CC=C(C)OOC(C)N=O
9384,10629,CNC=CC=CCC=C
9385,10630,CCCCC=CCCCCC=CCC
9386,10631,N1[SH1]C(C)CCCC1NN=C=C
9387,10632,CC=C(CCO)OC
9388,10633,C=C=NCN(F)C=CCNC=CCCl
9389,10634,C1CC(CCCN2)=C2CC1N=NC=C
9390,10635,C1NC(C=S)C1C=O
9391,10636,C(C)C=C(CC=C)CC=SONOC=O
9392,10637,OC#CC=C
9393,10638,N=CCC(C)NC(C)=C[NH1]OOC(O)Cl
9394,10640,CC#COOC=C1OCCC1C(=O)C
9395,10641,CC=C(C)NC=O
9396,10642,CCCCCNC=CC(=N)C1CC1
9397,10643,CC=NC=CCC(SCOC)C=C=NOCC
9398,10644,CC[NH1]CNCCC1C=C1C
9399,10645,CC=CC=NCCCl
9400,10646,OCNCCC1C=C=NCC1C=C
9401,10647,NNCNC(C)=O
9402,10649,C1(C)C2C(C)C=CN2NOCOON1
9403,10650,C(C)NC(OCI)CCOCCC=C
9404,10651,C=CCC1=C=C1CC
9405,10652,CNCC1=CCCC=C1CC=C(C)O
9406,10654,CCC1=CCC=CCN=C=S1=C2CC2
9407,10655,C1C=CC2CCC=C1C=C2Cl
9408,10656,NC(CCCNCC=CCBr)C
9409,10657,O=NCCOCCCN=C=CNC=C=O
9410,10658,CCCOCC=CNC(C1)C1=C2C=CCC2
9411,10659,C1C(CCNC=C)CCC=CN1
9412,10660,C=CCCCCCCN=NCF
9413,10661,C1C(C)NC1=CCC=COC=O
9414,10662,C=CCCC(C)CC
9415,10665,O=CCCCC(C)CC=CNCO
9416,10666,C(C)(C)=CCCC
9417,10667,CCCCONNC(C)=CNC=O
9418,10668,COCF
9419,10669,CCCCC=S(C)OC=NCCCCC
9420,10670,NCCCC=NCS1C(C2C=O)=C1C=C2
9421,10671,OCCCC=S(O)COCC#C
9422,10672,CC=CCC=NC(=O)C=C=NCO
9423,10673,NCC(C)CC(OC(C)CCl)=COCCC(N)O
9424,10674,O=CCC(C)=C(C)C=C(C)OC
9425,10675,OCCC1(C)OCCC=CC=C1O
9426,10676,CS=CNCOC1=CC1C
9427,10677,CNCC=CC=CCCC(C1)C12NO2
9428,10678,O(C1Cl)C1C
9429,10680,NC(C)CSOCCC1CO1
9430,10682,C1=C=C=CCCSC=C=COC1
9431,10683,CN(C)CC=CNCCC=CCCCOCl
9432,10684,N1C(CO)C1
9433,10685,CNCCCOC(CCCC1)CCCCN1
9434,10686,NOCCCCNF
9435,10687,C=C(CCOOC)CC
9436,10688,NCOCC=CC1(Cl)C=CC=C1C
9437,10690,OCC=CC(C)F
9438,10691,SC=CCC1OC1C=CONSCO
9439,10692,C1NC1=O
9440,10693,CC=CC(C)OC=NC
9441,10694,N1C(C)CNC=CO1
9442,10695,CN=C=CC=CCO[NH1]OOC#C
9443,10696,C=CCSCC=CCC=O
9444,10698,C1CS(C)(CN)CNOC=C1C=C
9445,10700,NC=COC(CC=O)Cl
9446,10701,CCNCNCCCCCCCCCCC=C
9447,10702,C=NCCN=O
9448,10703,C(C=C=CC)C(C)C=CC=C
9449,10704,C(O)CCN(C)ONO
9450,10705,O=CCCCCC=CCCC
9451,10706,CNCCCCC(C)C
9452,10707,C1#CN1CC=C=C(C)C
9453,10708,C(CC)CNC=CC=C=NC=CC=N
9454,10709,CC=CC=CCC1CCCS1
9455,10710,OOCC=C=C
9456,10711,CCC=CC=CC=CC(C)C
9457,10712,SCC=CN=CCC=N
9458,10713,CCNCC(P)=C
9459,10714,CCOCOCCNC=CNNCSF
9460,10717,C=CCC=CC=CCF
9461,10718,C=C=CC(C)C=CCS=C=O
9462,10719,CCNC=CC=CPN=N
9463,10720,C=CCC=N
9464,10721,CC=CC=C=NCC(C)NNF
9465,10722,CCCCCCCCCSC=C(C)OOF
9466,10723,O1CCC2SC1C=COC(C)N2
9467,10724,ON=C=O
9468,10725,CCCCN=CCC=O
9469,10726,NCOCOCC#N
9470,10727,CCCC(N)C=CCC=CCC=C=SC=CC=C
9471,10728,CCCCC=NNN=SC=C=C=C
9472,10729,C1CCCCN1
9473,10730,N=CN=CNC(=C)C=CNOC#CNC=O
9474,10731,C1CC(C)C=N1
9475,10732,C1=C(CC)OS=C1
9476,10733,NCC=C=NCNSC=C(O)I
9477,10734,CCNC(O)CCl
9478,10735,CC1CN=CCC=CC=CC(N)CCC1
9479,10736,C(C)CCCI
9480,10737,CC(O)=SC=CC=CCCS1C=C1
9481,10738,CCC1C(C)C=CC=CC=C1
9482,10739,CC(NNN=CC)C=O
9483,10740,C=COCCl
9484,10741,OCC=CC(C)[NH1]C(O)CC=NO
9485,10742,CNOCC(N)=O
9486,10743,CSCOCCCN[NH1]
9487,10744,C(C)CCOC(F)C=NC=S=C
9488,10745,CC#CS#C
9489,10746,C12CCC1(S)CCCCC2C=O
9490,10748,CCC(N)N=CC=O
9491,10749,NCC(=C)CBr
9492,10751,CCCCCCC=CC[NH1]CCC
9493,10752,CCNCCC=O
9494,10753,CCOC=C(N)N=C1C=C1
9495,10754,C1C=C1CC=O
9496,10756,C(N)CC=CC=C(OC)N(C)C=C
9497,10757,CCC(C)C(CC=COC)=CSC=CCNOCN=C
9498,10758,COCSC=CC=C=CCCO
9499,10759,C1=CC(CCCCCC=C=O)C1
9500,10760,O1CCC1C=C2CN2
9501,10761,C=NC=C(C)CC=CNC=O
9502,10762,C=NOCN=CCCOC=CNCC=O
9503,10763,OCOC=CCC=CCNI
9504,10764,COOC=CBr
9505,10765,CCC(C)C=C=CC=C(C1)O1
9506,10766,CCCC=CC(C)C=O
9507,10767,ONCOCF
9508,10768,C(C)[NH1]CC=NC
9509,10770,C1C(C)C=C2OC1C=CN2
9510,10771,CNC(SCCS)=O
9511,10772,NNC=CCC#SOCCCC=CI
9512,10773,OCC(C)=NCC#C
9513,10774,CC(=C)CC1=C=CCCN1
9514,10775,C=NC=COC
9515,10777,OC(CC=O)C[PH1]=CNF
9516,10778,CNCC(C)=C=CC(C1)N1
9517,10779,ONCCC=CC=O
9518,10780,OC=NCCOOCCCC=C=O
9519,10781,CC=CCCCNC=CCCl
9520,10782,C=CCC1CCCCCNCOCC1
9521,10783,OC(C)NCCC(C)=CCCCCl
9522,10784,CS=CC=CC=O
9523,10785,N=C(C(=C1)N=NPNC1)C(CC)NCl
9524,10786,BrC(N)=O
9525,10787,C1CCCCCC=CN[NH1]C1C=CC=N
9526,10788,COC=CCC1C#CCC=C=C1OC=CCO
9527,10789,CC=CCCCC(C(C)C=O)C=C
9528,10790,CN=SCCCCC=C
9529,10791,NCC(=O)C[NH1]CCCCCCOC
9530,10792,C(Cl)C=CNOO
9531,10793,NCC=CCCC=CC#CCC(C)=C
9532,10794,C1CCN1OC=NNCOC(N)CC
9533,10795,C=CCOC#CN
9534,10796,O=CCC#C
9535,10797,NOC=CC=CCCSOOC=O
9536,10798,CCCC(C)=CCN(NCO)CC=CC
9537,10799,N=CCC=NC=NC=SCOCCl
9538,10800,CN=C(C)N(C)CCCl
9539,10801,CCCC(C)CC=CC
9540,10802,C=CC(C(C12)COCC1)C2O
9541,10803,CCC=CCN=CCSC=CCN1NC1N
9542,10804,NC=C(NC(C)C#C)C=NC1CC1
9543,10805,COC(C)(CC)CC(C)OCCC
9544,10807,CCCCCCC(C)C=C=O
9545,10808,CCCCC=C=C=NCC=O
9546,10809,CCNC=CC(C)N(C)CCC=O
9547,10811,NCOCC=CC=CNC=O
9548,10812,O=CCN=CCN=CC=NCCC=C=CN=N
9549,10813,O1COC1C(N)C2CN=CCC2N=C
9550,10814,C(C1)C1C(C=C)=O
9551,10815,COCSCCC=O
9552,10816,OCCCCC=CC=CCC=O
9553,10817,C=CCCCC=CSCN[NH1]C=C(C)C
9554,10819,CC=C=CC=S=O
9555,10820,OONCC(C)=CC=C=C
9556,10821,C12NCC(OC1CS=O)O2
9557,10822,OC=CCNCC1=CCOOCC1
9558,10823,OCC=CC(Br)C=COCCC=C1CCOCS=C1
9559,10824,NCSCCC=C(NOCC)CC=C=CCC
9560,10825,CC(C1(F)NCl)CC1OC=C
9561,10826,C=CCCNCNCC#C
9562,10827,CN=CNCOC(C1)C(C)OC=CN1O
9563,10828,NCC=NC(C)CCN=O
9564,10829,C=C=C(CCNSC)OCNC=COC=C=C
9565,10830,NCN=C=C(C)C#N
9566,10831,C(N)OC=C=CC=O
9567,10832,NC=COCCOCCC=SC=C
9568,10833,CC=CCSCC(C=CCCC)CCC=C
9569,10834,NCCC=NC1NC1
9570,10835,OCC(C)CC=NCCCCCC=O
9571,10836,CN=CCCCCCC
9572,10837,N(C)CCC(C)CCN=C
9573,10838,NN1S=C1CS2CCC=C2C
9574,10839,CNOCCC(=O)C=C(C)F
9575,10840,CCNC(C)(C1)S1
9576,10841,CCCCCCBr
9577,10842,C(=CCCC=O)(C)Br
9578,10844,CCCCCCC=CC=C
9579,10845,NCCNCCCOCC(CC=CC)=C
9580,10846,O(C)N=CCN(F)N=CCO
9581,10847,O1CC1CCOP(C2)=N2
9582,10848,N1(C)CCC1CCC=C2CC2
9583,10849,C(C)CC=CCC1=C(N)C=CCC1
9584,10850,CNC1OC1=CCCNC
9585,10851,CCCN=CCC=CCCC
9586,10852,C=CCCCC=CON(C)OC=O
9587,10853,OC(OC=C1F)C(C)(C12)O2
9588,10854,C1C=NC2C1(C)N=CN2OCCC
9589,10855,C1C=CNCC(C)(C=CNO)C1Cl
9590,10856,CN(COC(C)Cl)O
9591,10857,NC=CC#N
9592,10858,CCC(CC=NC=O)CCC=O
9593,10859,C=C(N)CC(CC)C=C(C)CC
9594,10860,CCCCOCCC(C)=O
9595,10861,N=CC
9596,10865,C1C2N(N)NC=CNC=C2C=C1Br
9597,10866,C1C=CNNC=CCN(C)CC=CC1
9598,10868,OC=CC=CC=CC=O
9599,10869,CONC(C)CCl
9600,10870,N=CCSC=C=O
9601,10871,NCCCC=NCCF
9602,10872,CCC(OC1NCC=C[NH1]1)SC2=CC2O
9603,10873,CCCCOC1CCCC=CC=S1
9604,10874,OC=C(N)CC=CBr
9605,10875,CC(C)CCC=NC=O
9606,10876,CNCCC1CCCCCC=CO1
9607,10877,CC=NOC=CCBr
9608,10878,CC=CCSCNC=CO
9609,10879,N1NC=C=CCC=CC1Br
9610,10881,C=CC(C=C1C2CC2C=CCC)=C1OONO
9611,10882,C12=CCCCCOC1CC2(O)O
9612,10883,N=CCC=C=NOOON
9613,10884,O1CCNCCC(=C)C1
9614,10885,CCOCC=CCOCCCC=O
9615,10886,N=PC(C)CCCN(O)C=C
9616,10887,OCCNCOC=NC=CC=CCC=CNCl
9617,10888,CC=CCCCCC#CC
9618,10889,OC=C(N)C=CC=CC1CC1COC
9619,10890,C=CCOOCN=CC=O
9620,10891,NNNNC=O
9621,10892,OCCNOCCCCBr
9622,10894,CN=CCCNCCl
9623,10896,NNCNCCC=CC1OC=CC1F
9624,10897,COC1CCC=CCC1=O
9625,10898,OC1C(C)=CCC1C
9626,10899,OCCCCCCl
9627,10901,C1NCCC=CCCC1NN
9628,10902,NNC=C=CC=C1CC1C
9629,10903,N#CN=CC=CC(N)C
9630,10904,NCC(CS=NS(N)N)C1C2NC=C=C2C1
9631,10905,C1=C=C=CN=NN=C1
9632,10906,C1CN(C)C1CCl
9633,10907,O1CCC(C)CCC=C1C
9634,10908,NOC=C=O
9635,10909,CCCCC(NCC=CC=CC=O)OCC=C=C
9636,10910,COCCNC(C)=O
9637,10911,C(C)=C=CC(C)CC(C1)[NH1]1
9638,10913,CC=CCS=CC1CC1Br
9639,10914,S1CCN(O)NC1O
9640,10917,C1CC=CCC1(C)C=C2NC=CCC=C2
9641,10918,O=CC(C)CCCS=C
9642,10919,C=C(O)CCCl
9643,10920,CC=CC=CNCNN=O
9644,10923,CCNSC(CCC)C=O
9645,10924,NOCCNNCNCS=CC#C
9646,10926,CC=C(O)F
9647,10927,CCOCC=CCCCCNCO
9648,10928,C=C(CNCC1(C)CCC)CCN1
9649,10930,CC=CCC1CC1=N
9650,10931,C=COC(C)C=CC=O
9651,10932,OCC(C=O)OBr
9652,10933,C1CC=C=CC1Cl
9653,10934,CC=CC=CCCCCCC(C)C=C
9654,10935,N(CCCSC[NH1][NH1])CCCN=SC#C
9655,10936,C1CC=C=C=CC[SH1]C=C=C=CC=N1
9656,10937,CC(C)CN=CCOC[NH1]
9657,10938,CCNC(C)C(C1)C1=CC(O)=CF
9658,10939,CCCCC=NSC
9659,10940,CC=C=COCCC#N
9660,10941,C=CCCCC(F)C#N
9661,10942,C(N)=C1C=C(CO1)C(C)=SC=CN=N
9662,10943,NC=CCC[NH1]Cl
9663,10944,COCCCI
9664,10945,CCNC(NN=C(NCC)CC=CC)=C(C1)CCCC1
9665,10947,CCCCCCC(C)=CN=C
9666,10948,C1(C)N(CC=CO)CS=C1CCC=C
9667,10949,C=1CC=1C=CC
9668,10950,O=CCCC(NCCN1ONCC)CCC1NO
9669,10952,OC(C)=CCC=CC(C)C=O
9670,10953,C1C=C2CC1N(N)C2ON
9671,10954,N12CC3C=C2C1CCC=C3
9672,10955,C1CC=CC1CC=CCC=C
9673,10956,O1C=CCC=CCCC=C1
9674,10957,COC(C)C=CC=NC(C)NN=O
9675,10958,C=CC(Cl)CC=CCS=NCCC=CC=C=C
9676,10959,C=NCl
9677,10960,OCP=CC(C)CC=C(O)OCC[NH1]O
9678,10961,CCC=CNC1=C=NC=NC#C1
9679,10962,CC=C(CC(C)SC=O)C=C
9680,10963,C1(N)=NCCC=C(O1)CC=C
9681,10964,CCCNC=CCCCCC=O
9682,10966,N=NC(=C)CC
9683,10967,N=C1N=CCCCC=CCC=C1
9684,10968,C1C(CCCCC)C[PH1]N=C1N(N)NCN=C
9685,10970,CC=CCCSOCOCCCCCCCCF
9686,10971,OC=CC=NCNC
9687,10972,CNC1C(O)(C)CCC=CCCC1
9688,10974,NCC(C1)C1C=O
9689,10975,C=CN(O)CC=COC
9690,10976,NNCC=COCCN=NN=O
9691,10977,O(C1)CCC(C)C1N=CC(S)CC(C)=CO
9692,10978,CCCSC=CONC=C=C
9693,10979,CCOCN=O
9694,10980,C=C(N=CCCCCCN=NCCC1)C1
9695,10981,C=PCOCONOCC=C1OCCC1C=O
9696,10982,CCCC=CCSCC(=O)F
9697,10983,CC=NCC(N)C1=CC=CNC=C1
9698,10984,N=CN=C(O1)CCC=COS(C)=C=C1
9699,10985,C1OC1CCCC=CC=CBr
9700,10987,CCCCC(C=1)C=1C
9701,10990,CCC=NCCC(C)=CC(=CC)C[NH1][NH1]CC
9702,10991,CCCC(O1)C1NCC2C=C2
9703,10992,NN=CCC=CF
9704,10993,NCON(C)OCC(C)Br
9705,10994,C[NH1]C(S)(NC=CN=O)CNNCC1=CC1
9706,10995,C(C)C=COCCC=CCC=C
9707,10997,ONN=S=CCI
9708,10998,C1OC=C1
9709,10999,NCC(C)NC(N)CC1C=C1CC
9710,11000,CC=CCC=C=CCC1CC1
9711,11001,CCCS=CCOC=CC=O
9712,11002,C1NC(C=O)C=CCCC1
9713,11003,NCC(C)(C)C=C[NH1]CC1C=C1
9714,11004,CONCCCN1COC=COO[NH1]CC=C1
9715,11005,CC=NC=NCCCCN=N
9716,11006,C1CC(C)CC(C)OCCC(N)N1
9717,11007,ONCC=SC=CC=O
9718,11008,OC=CCCC=O
9719,11009,CC=C=CSCCOCCOC=C
9720,11010,COC=CCOC=NCCC1CN1
9721,11012,CC=C=SC1C(O2)C2N1C=NNOCC
9722,11013,CC=C=C(C)C(C=O)C=C=O
9723,11014,OC=C=CCCC(=S)C(C1)C1
9724,11015,CC=CC=CC=CCCCBr
9725,11016,CCCCCCCC=CCCCCCC=C=NO
9726,11017,CCNCC=CON=NC=O
9727,11018,N=CC=SCCC=O
9728,11019,CCC(C)C=CC=CCN=CN=N
9729,11020,CSC=C(C)CC=CCC(=C1)C1
9730,11021,C1C(Cl)=C=CCCCC1
9731,11024,CCCC=C(C(C)(C)NCC)NC
9732,11025,CC=CCOCC1=CC=C(C)C1=C
9733,11026,OC(CC)=CCCC=O
9734,11028,C=CCCNCC=CCOCCC=CC=CCC=N
9735,11029,NNSCCCCCCCNNC=C
9736,11030,COCCC=CCCC=CCNCCOCl
9737,11031,CC=CCC=CC=C=C=NCCCO
9738,11032,C=1C=CN=1
9739,11033,NCNC=C(C=CCC)CCOOC
9740,11034,C=C=NNCC=O
9741,11037,C=CCC(N)C=CC=C=N
9742,11038,C=C=COC=CSCSCOCC=N
9743,11039,OC(CC)(C)C=C=CC=C1CN1
9744,11040,OC=CCN=CN=CNC#CC
9745,11041,SCCCCF
9746,11042,N1C2C(COC=C)CC1OCO2
9747,11043,OCNCC=C1CS=C=NC=CCONCCC1
9748,11044,CC=C=CCOCC(CCl)OCC
9749,11046,C1#CC=C(C)CPC=C=C1
9750,11047,OCCCCCC=CCNC=O
9751,11048,NNOC1=CC=CN=C=CCCOC#CO1
9752,11049,C1C(C2)=CC=CC2(C)C=CCOC=C=C1
9753,11050,N1CCC=CCC1C
9754,11051,C1CCCCNCCS1
9755,11052,OCCCNCCCCC=CC#C
9756,11053,CCC=C=CCCNC=CCC=NNCON
9757,11054,C(C1)C=C1CCC
9758,11055,N1CC=C1C
9759,11056,C=CNC=C=C=C
9760,11057,CC=CCCCC=CCOC1C=C1O
9761,11058,N1COC=CC=CCNO1
9762,11059,NCCC=C[NH1]
9763,11060,CCC=CCNN=O
9764,11061,OCCCCCCOCBr
9765,11063,CC=CCC(=CSC=C)OOC=CC=C
9766,11064,C1OCC(C)C1CN=SC=C
9767,11065,C(N=CN1C=O)NN=N1
9768,11066,CCC=C=C(N)C
9769,11067,COCCCCOC=CC(C)=C=C=C=O
9770,11068,NCN(C1=O)C1
9771,11070,CCOC=CC=CCC=CC=O
9772,11071,C1CNCCC1C=CCSC=CS
9773,11072,CCCNS1CCCCC1=C=CC#N
9774,11073,C=CCC(Cl)CCC=CC=CC=COCBr
9775,11074,OCCC(C)NCC=CC
9776,11075,CN(C)C(C)SCCl
9777,11076,O=CS(C)=O
9778,11077,C=C(C)C(C)CC=CCN
9779,11078,C=1=CCOC(C)CNC2C=CC=CNCC=1CC2
9780,11079,CC#CCN(C)COCCCC=N
9781,11082,CC=C=NCC=O
9782,11083,C=CC(C)=O
9783,11084,CCNNCOCCCCOC1=C=C1N=C=C
9784,11085,C1C=C1C=CCC=CC
9785,11086,OC#CCCC=CC=C=C=CC=C=O
9786,11087,C1=CCCP(C)=CC(C)N1F
9787,11088,C=CNCSCCC=C(N)COCOCl
9788,11089,CCNN=NC(C)C=NN(C)COCC=O
9789,11090,NNCCCCC(O)COCNC=N
9790,11091,N1CC=CC1NCC=C=CC=C=C
9791,11092,C1C(C)[NH1]CC(SCC=CCBr)CC1
9792,11093,C=C(COC)F
9793,11094,C=CCCCCCC=O
9794,11095,C=C=CCC1C=NONC1CCC
9795,11096,C=SCC=C=CCCl
9796,11097,O=C=CCCCCOC=C
9797,11098,CCCC=CCCSCONBr
9798,11099,FOCCCCC=NN(CCC)CO
9799,11100,COCNCOCC=C[NH1]C=C=SC
9800,11102,O=CCCl
9801,11103,C1=CCC1C=CC(O)CC=CCC
9802,11104,C=CC=CC=CC(CNC=C(C)CCCN)(C)ON
9803,11107,S=1C(O)CCN2C=1C=C=[PH1]=C2
9804,11108,OOC(C)CC=CCC=CC=C
9805,11110,C=C=CC=1C=SC=C(C2)C2=1
9806,11111,C=CCCC1=NOCCN1O
9807,11112,CNC(CCC=CCNC=N)CCC=CCS
9808,11113,CCNCC1C=CCOCOC=CC=CCCCN1
9809,11114,CS=COCNCCCCCC[NH1]C=CC=O
9810,11115,COCNC=CC=CCCl
9811,11116,OCCNCCCl
9812,11119,CCN(N)C=C(C)OC=CCN=C
9813,11120,O1OCCCC(C)=CCO1
9814,11121,CCCCS=CCCCONC=O
9815,11122,C(C)CC(C)=C(CNC(C)C=SCO)OOCBr
9816,11123,OC(C)F
9817,11124,CNNC=C=CSOCON
9818,11125,C1C=C1C=CCC(C)C#C
9819,11126,CCNCC(O1)C=NNCC=CCC1=C
9820,11127,CCS1CC(C)[NH1]C1C=C=CC
9821,11130,OCCCC=C=C=CCC(C)CN=C
9822,11131,CC(C)CC=COC(C)COSC
9823,11132,CCCCCCC=CCOCO
9824,11133,ONCF
9825,11134,CCCCC(C)C=NCNCCCCCC
9826,11135,SCNC=NC=CCCC=C(C)C[NH1]NNC#C
9827,11136,C#COC(CC=N)C1OC1C=O
9828,11137,OC(C)=O
9829,11138,CN=CCC=NC(C)COCCC=N
9830,11139,C=1=C(CCCNBr)N=1
9831,11140,CCC(I)C=C(C)CCCC=O
9832,11141,C(O)C#CCCCN1CCC(C)C1C(O)N=N
9833,11142,CCC(C)S=O
9834,11143,ONCC[NH1]C=NCC=CCCBr
9835,11144,NCCCC([NH1])C=C=CC=CF
9836,11145,CON=CC=C=O
9837,11146,C=CSC=C(C)OCCC(C)CCl
9838,11147,C=CN(NC(C)=O)CCC=CNC=CCl
9839,11148,N=NOC(CCC)C1CCC#CN1C(C)CCl
9840,11149,CCOCCNCCS=CF
9841,11150,NCCNCC#CC1=NC=C(C)COC1(CCl)N[NH1]C
9842,11151,OCC=NCOCCC=NCC=C(C)OF
9843,11152,CONC=C1C=NCN1NF
9844,11153,CCC=CCNC1C=S(C=C)C1=C
9845,11155,OON=C(C)CCNCS=C
9846,11156,CC=CC(=C)CNC=CSSC=O
9847,11157,OCC=C=C
9848,11158,C(=O)Br
9849,11159,O1CC(=C)C=C1F
9850,11161,NOOC=CC=C=NN=O
9851,11162,O1CC[NH1]SC(O2)S2CNC1=N
9852,11163,CCCC=CC#C
9853,11165,CNCN=NCC=C=O
9854,11166,COCCC(C)CCCCl
9855,11167,CC=CCCOC(C)=O
9856,11168,CC(O)C(C)(C)C(C)C1=CO1
9857,11169,ON=C=CCCCCSF
9858,11170,C=CC=C(CCCN)C=C=COON(C=C)CCC=N
9859,11171,OC=CC=C=O
9860,11172,O1CCC1=C
9861,11173,S=C(C1)PCC(C)CO1
9862,11174,O1C2N(CCC)NCC21
9863,11175,N=C=CCCCCC[NH1]CCC
9864,11177,C=C[NH1]CCCNCSBr
9865,11178,OC=CC#CCC=C(C)CC
9866,11179,O(CC=C(C)CC=C)CC
9867,11181,C=1C2COC=1C=C2
9868,11182,CSCC=CCCC=O
9869,11183,O=C(C)P=CCC=O
9870,11184,CCC=CC=CCC=O
9871,11185,CCC(C)N(C)CC=O
9872,11186,NC=CN=O
9873,11187,NCC=NC(C)C=C
9874,11188,C1CN(C)C=C1CCCC
9875,11189,OCC(C)C1CCCCCCS1
9876,11190,NCSOCNCNCC=NN=C
9877,11191,C1N=CC1(NC(N)C=CNCl)N
9878,11192,NONC(NNOC1)S1=O
9879,11193,C=CCNCC=C=C(C)COC=C=O
9880,11194,C=CC(C)=CC=O
9881,11195,O(C)CC(NC=C)(C1)C=C1
9882,11196,OCCCCCC=CCC=CC=O
9883,11197,ONC=NCS=CC#CCl
9884,11198,CNC(C)=NCC=O
9885,11200,O(C)NC=C=C(COC=CNC=CC)COC=C
9886,11201,CC(C)(CC=CCNC)C=CCC=COC
9887,11202,CNCCOCC#N
9888,11203,NCC1N(C)OC=CC=C=C1
9889,11206,ON=C1SN1CC=NC#CC
9890,11207,NF
9891,11208,CCC=CC=C(C=CNC)COC=C=C[NH1]C1NC1
9892,11209,CCC=CC=CCOC=O
9893,11210,NOCS=O
9894,11212,C1OC=CCCC1CCl
9895,11213,C=CCCC(Br)CC=O
9896,11214,CCC=CCC=CCOC=C
9897,11215,OC(O)=O
9898,11217,O(C)OCBr
9899,11218,CCN=CC
9900,11219,C1C=NCC1(C)C2N=C2
9901,11220,CCNN=NOC=CNCS[NH1]OF
9902,11222,OCC=CCOC=COCOC=CCN
9903,11223,NC=C=COC(C)CC
9904,11224,C=CC(CC)=O
9905,11225,C=1COC=1C
9906,11227,CCC=CC=CN=NC(C)CC
9907,11228,CCC(=C)C=CC(C)CNCBr
9908,11229,N=CCCNC=SC=CC=C
9909,11230,CCCC=C=NCC=C(C)NSCCCC=O
9910,11231,C#CCCC=CCNCC
9911,11232,CCCPC1C=CCOOCCCC1
9912,11233,CC1N=CCCN1
9913,11234,CC(OCCNC)(C)CCC=C
9914,11235,NCSC(CON=C)C#C
9915,11236,C=CC=CC=CC=C1C=CC#CC1=N
9916,11237,OC(C=CCNC=C=CC=CCNCC)C=C=O
9917,11238,CC=COCCCC#CCC=NC
9918,11239,CCC=CC=COCC1CO1
9919,11240,CCNCCCCNCN
9920,11241,C1=C=CCC(CNCC=C)NC=CC1
9921,11242,OC=C(S)C=O
9922,11243,C1=CCCNCC1
9923,11244,COC(C1)=C1OCNCI
9924,11245,C1C=C1
9925,11246,O=C(CN)CC1CNCOC=CO1
9926,11247,OC=C(C)CC(C)O
9927,11248,CCCCN=CCCC=CC
9928,11249,CC(CCN(N)CCCS)NOCN(C)C=S
9929,11250,CCCCCNC=C(C)C=CCN=C
9930,11251,O=COCCC(C)NC1NC1
9931,11254,N1C(O2)N(C(C)C)C2C=C1
9932,11255,NCC=CC(Cl)C=O
9933,11256,N=CCC=C=NCCCC=C
9934,11257,O1CCCC#C1
9935,11259,C1C=NOCC2CC21
9936,11260,CN1CNCCC=CNNC2CC21
9937,11261,C=CNC=NC=CCC=CC=CONNCF
9938,11262,OCC=CC=CCC=O
9939,11263,C1CC[SH1]C2=CC=CCS21
9940,11264,CCC1OOC=CC1C=C
9941,11265,O=NCS=CCC(C=CNN=NC)C1=C=C1
9942,11267,CCC(C)COCC=CCCC=C=C=C
9943,11268,CCCC=CCCS=CCC(C)NNC
9944,11269,C=CNCC(CCC)C=CCNCN=CC=O
9945,11271,C=NC=NN=CC(C)CN1CCCC(CC)C1
9946,11272,NCOC=C(CN(C)C=CC=CNC)OCC=O
9947,11273,CCOC1C(CS=O)NC1CO
9948,11274,NCCCC1C=CNONC1
9949,11276,CCC(C)CN
9950,11277,CC(C)C=CCCC=O
9951,11278,C(C)N1CCC(CCNCC=O)C1OP
9952,11279,NCCN(C)CCNC[NH1]OC
9953,11280,COCCOCOC=O
9954,11281,C=C=CC1=C(C)CC=CONC=CC#C1
9955,11282,NCC(N1)(C)CN(C)CC1C
9956,11283,C=CC=C(I)CC(OO)C
9957,11284,CC=CN=CCCN=CCN=C
9958,11285,O1N=C(C)CC1
9959,11287,C=CN(O1)C=CCCCN1O
9960,11288,CN=CC=O
9961,11289,CCCCC#CC=C=O
9962,11291,CCCCC=CCSCNNNC=C=C
9963,11292,C1CC1OCl
9964,11293,C=C=CCNC1=CCCCC(C)=C1
9965,11294,OS1CCCC(C2)=C2C#COC1C
9966,11295,C=CNCl
9967,11296,CCCC=CC=NCC(C)CC=C=O
9968,11297,NC1NCC(NC=C1)[NH1]C=C
9969,11298,C1=C=C=CCC=NSC=NC=S1
9970,11299,C1C=CCCCCC=CC(C)=CS1O
9971,11300,C=CNCC=C=CC=C
9972,11301,N(CO)C=CCCC(C)CCOC
9973,11302,O1OCCC1OC=CC=C
9974,11305,OC(C)NCNCC=O
9975,11306,OCCC=CCCCCCOCC1=CC1
9976,11307,C=C=C(C)CC#CC=NCC
9977,11308,CCCC=CCNCCNCC(C)=C=C
9978,11309,C=CCC=CC=NCl
9979,11310,C=NC=NC=CCC=SC=C=C=S
9980,11311,CN=CC=C=O
9981,11312,OCN1CCCC=C1
9982,11313,NCNCS#C
9983,11314,C=C=SCCCCC=O
9984,11315,C1COCNC(C)(CC)COC1
9985,11316,C1S2CNCN2C=CC13CC3
9986,11317,FC=C
9987,11318,NC=C=CCNCS1=CCC=C1C=CCSF
9988,11319,OOCOC=O
9989,11320,N1N(O)NCC1C=CPCCOC=O
9990,11321,CC1NCC=CCN=C1
9991,11323,N=COCl
9992,11325,CCC=CN=NCCO
9993,11326,CCNCN=C
9994,11327,SCCCC1PC=C(O)CO1
9995,11328,C=NS
9996,11329,C1NN=CCC=CC(C)(C)CC=C1
9997,11330,CCC=CCC1SC=CCCC1O
9998,11332,C(C)=CCSC
9999,11333,C=CC=C(C)CC(C)C=CC=C1CC1
