,Unnamed: 0,Smiles
0,0,CC=CS=NC=C=CC=CCCC
1,1,OCCNCCC1CCC=C1C
2,2,N(C)OCCCC=CC#C
3,3,OCC=CCCCCl
4,4,CCCCC#CCCCC=C(C)CC=O
5,5,CC=O
6,6,OCC(C)NCCC=COC#C
7,7,CCl
8,8,C=CCCC=O
9,9,NNC=CC=NC=O
10,10,CC=COCOCCOCCCC=COOO
11,11,C1C=C=CC1ON=O
12,12,COCCCC=CC(C)NC=C
13,13,C=CC(C(CCCC)=CCC=1)=C=1
14,14,NC(=C)CCNC=CNC=CCCCN=O
15,15,[NH1]1C(CC1CCC)C=C
16,16,CC#CCC(C)=CC=NC=C=CC=C(C)C=C
17,17,CNCON=CC=CF
18,18,C=CCC(C)C(O)C=O
19,19,COCC=CC=C=CCCCNCC(Cl)=O
20,20,CCCCC=C(C)CC=NC=O
21,21,CCC(C)C=CCCCC1CN1
22,22,C1(S)CCC=C(N)C(O)N1
23,23,CCCC=C=CC1=CC1C(=C2)C2
24,24,NN(C1)CCOC1CC2CC2
25,25,O1CNC=CC=CCC=CC1
26,26,OCCC#CBr
27,27,COOOC=C1NC=CCO1
28,28,N1OCOC2=CC21
29,29,CNCC(C)(C)C=O
30,30,CN=CN(N)CCl
31,31,NCCCC=CNC
32,32,C1N(C)C(C)CC=CCCC1(C)OCO
33,33,CC(C)=CSCCC(C)=C
34,34,C=C=NCCCC1C=C1
35,35,OC=C=C=CC1=CC1ON
36,36,SNOCI
37,37,S=CCC(C)CC=NOOCCCCC=C
38,38,NCC(C)OC=CNCCS=CBr
39,39,OOCC=CCCC1C(C)ON=N1
40,40,N=CCCONCC(Cl)CC=N
41,41,CCCS1CN(CCC1CC=C)C=S
42,42,CCNC=CC(C)C1CO1
43,43,CC=C=CC=CC=O
44,44,CC1C(C)CC=CCC(C)C(C)C=C1
45,45,CCCNC=CC=O
46,46,C=CC=CC(C)C=NC=C=C
47,47,ClNCC=CCC=NC(N)C=CO
48,48,C(C)(C)CC=C(C)COCC=NCC
49,49,C1C=CC(C=S1)Cl
50,50,CNCNC=CCC(N)=CC=CC=O
51,51,C=CC=CCC=CC(=C)C=CCC
52,52,C=CNCCOCF
53,53,C1CC(N)C=C[NH1]C=C1Cl
54,54,C12NCN1C(=C)C[NH1]CC=C2
55,55,NC=CCC=CC=C=SO
56,56,ClCCCCCCC
57,57,CCCCC1CNC=NC1
58,58,NCCCCC=O
59,59,OCl
60,60,C1CCCCNC=CC=C1COOC#C
61,61,O=CC=NC=CC=CCN=O
62,62,C=CCCCCCC=CC#C
63,63,CCC(C)CCCCCCOCCCNC1C#C1
64,64,CCNCC=NNC=O
65,65,O1C#CC=C=C=NCC1NC=C=C
66,66,CC=CON=CCCSN=C=N[SH1]=C=CO
67,67,CN=CC1C2CC(C)N21
68,68,COCCN=NCCCCF
69,69,NCC=CCC=C=O
70,70,NC=C(N)CCCNCCOC=O
71,71,CBr
72,72,CN(O)CNCNCCCCOC=O
73,73,C1SCNC(=C)C=C=CN1OBr
74,74,C(C)CNNCOC1=CC=C=C(C)NOC1N=C
75,76,O=NNCC=C=O
76,77,CNCC=C1C(C)=CCCC1O
77,78,OC=O
78,79,CCSCNCN=CC=O
79,80,OCC1CC(NCCNC1(P)O2)C=C2N
80,81,COC=C(OCCl)CCC=O
81,82,OC
82,83,C(C(S1)C#CCNCC)OCC=C1
83,84,[PH1]CCCCCCCCF
84,85,C=CCNC(N)C=O
85,86,NCC=C=C=O
86,87,C(C)CNCCCOC=C=C=C
87,88,CCC=CCCCl
88,89,OCC=O
89,90,C(OCCO1)N1C=CC
90,91,C=CCCC(C)(N)C
91,92,O=CCCC
92,93,CC1C=CC(N)C(C2)C12
93,94,C1(C)N=CC=C1CC=C=O
94,95,N(C)CC
95,96,CC=CC=SC(C1)C1OC
96,97,CCC=O
97,98,N1C(C)C=COC(C)=CC1(O)N
98,99,O=CN=NC=C=N
99,100,ClOCC=O
100,101,C1=C=CC1C(S)CCCSF
101,102,C=CCCCCC=O
102,104,C1CCNCCON1N2CC2
103,105,[NH1]C=NCCC=C(C)CC=S
104,106,CCCCNCCCl
105,107,NF
106,108,CC(CC[NH1]CCCC=CCCC=C)C=CC=N
107,109,C1C2OC(S)C2C=CC1(O)OC
108,110,N(NCCC)NCI
109,111,CNN(CN=O)C=NC#C
110,112,C1CC2CC=COC12O
111,113,OCSCCCCl
112,114,OOCCC(=O)C1C=CC=CC1=O
113,115,N=C=O
114,116,OC=CC=CC=CCCN=O
115,117,CCCNCOCCC=O
116,118,C=CCCSC=CC=CCCCCN=N
117,119,CC(CC)NCC
118,120,N1NC1C2CCCC=C2Cl
119,121,OCNC=O
120,122,C1=CN2NC=CCCCC1=C2
121,123,CC=CNOCCCC1CC(C)=CC=C1
122,124,C=C=CCCl
123,126,C(NCCCCCF)=C
124,127,C=CCC(C)C=CC(=C)CC=O
125,128,NNCC=O
126,129,CNNOCC(=C)CC=O
127,130,C12CCC1CC(C)OC=C2
128,131,COCCCCN1COCN=C1
129,132,CCOC=CN
130,133,CC=CN(C=CC)CC=CCCC=C=O
131,134,CNCNC=O
132,135,C=O
133,136,CC=CCC=O
134,137,O(NCCC=NSOC=C)OC
135,138,CC=CC=O
136,139,O1CC=CC=C(C)COCN1
137,140,CCCCBr
138,141,CCC(N)(N=O)CC=C
139,142,CC=C(CCC1CC)CC=CCOC1O
140,143,CC=C(CC=CC)C=C(N)CN=CI
141,144,OCS(CCCC1C[NH1]C=CCCC)=C=CC1
142,145,CCCC=O
143,146,CCC(C)N(N)CC=C(O)CCS=CN
144,147,C1CC=CC1N
145,148,O=C=CCNCSONOCOO
146,151,COOC(=C)CCCN=CC=O
147,152,O1NCOCNC=C1C=CC
148,153,CCCC(OC[NH1])C=O
149,154,N=C(C)CCC=O
150,155,C1C(=C)CC=CC1(C=O)CNO
151,156,CNCNCOCC(N)N=CC=O
152,157,CC(C)=O
153,158,C12(C)CCCN1CC=CP#CCC2OO
154,159,CC(C)C1CCC=C1C
155,160,CC(Cl)CCCC(C=C=NC)=C1NC1C[NH1][NH1]
156,161,O1C=CNCCC=C1C
157,162,CC=NC=CCCl
158,163,CNC=CCCC=O
159,164,NC(C)CCCN1CO1
160,165,C=CCC1[NH1]CC2C1O2
161,166,CNCOC=O
162,167,CCNN(C)C=O
163,168,COC=C=CCC=CCCBr
164,169,CCNCC=CCC=NC
165,170,CCCOCCCCC=CCC=O
166,171,OC(CP)CC1CC1
167,172,COSC1CCOC1CCCSC=N
168,173,NCC
169,174,C=CCNC1NCCC1=CC=CCC
170,175,C=CCC=CCCON
171,176,NC(C)NCCC=NCCCN
172,177,N1C=CC=C=CCN1
173,178,C1CCCC1=CC
174,179,N1CCC1=NC
175,180,C1SCNCCCN(C)C1COCOCOCN[NH1]
176,181,CC=C=CC(CC#C1)O1
177,182,N=NCC1CC(F)C=C=NN1
178,183,N=CCC=O
179,184,C1OCCN1C=O
180,185,NCCC(CC=C)CC
181,186,NCCOC(C)=CC=O
182,187,CC(CCCC)OCC(C)N
183,189,OC=C=CN=NCCC=O
184,190,C1CC=C1C=O
185,191,CCSC=CC=CN=NCC=O
186,192,CC(C)CC=CN(O1)C1
187,193,CC=COCNC=CCOS(C)CCOC(C)CC=S
188,194,O=CCF
189,195,O(C)OOCCCC=O
190,196,C=CNCN=CCCCCSCCCCCC=CCNCSON
191,197,CC=C=COCN=CC=CC=CCN
192,198,NCCCC(CCCC)OCNCCS=N
193,199,CC(C1=O)C1
194,200,NC1CCCSCNC1
195,201,NCCCC=O
196,202,CCCCCSCCCCC=CC1[NH1]C1C
197,203,CC=C=NC=C(C)SC(C)=NC=O
198,204,C(CNC=C)CCC(C)=N[NH1]CCC=O
199,205,CC1=C=CCC=CCCC=CN1
200,206,ClC=CNCNCl
201,207,CCOC=CNCC=CCN=C
202,208,CCNC=CCOC(C)(CCF)CC=O
203,209,NCC=C=NCOC1OC(C)C1C
204,210,C=C(CCCC1=C)CCNC1COCC=O
205,211,CCC1CC=CC=2CC=NCC=2C1=C
206,212,CC=CCCC(C1)NOC[NH1]C1C=C=C
207,213,C=C=SOC(C)CC#C
208,214,C1(CC)C=CNPCCC1O
209,215,O=COC=C=CCCNC=CC
210,216,CCCC=CC=CC=C
211,217,NCC=C(O)OCCOC(=C)CC=O
212,218,NNC=CCCOOC=CCC1N=C1
213,219,C=C(CC=CC1)N1C=C=NC=C
214,220,CCCNOCCCCN=O
215,221,N(C)=CCC(C)C=O
216,222,C=CCNCCC=C(C=O)O
217,223,N=NCCC=C(N)CC=NC=CCC
218,224,CCCNNCC=CCC1NN1SN
219,225,CC=CC=CNC(=N)CCCC
220,226,C1(C2)C=C=NC=C21
221,227,OC=C=NCCC=CC=C(O)CCF
222,228,C1CONC=S(N)CNCC=NC1
223,229,O1N=CC=N1
224,230,C1C(C=NSC)COC2(C=SC1C=C2)C=C
225,231,C=C=CN
226,232,CC1C=C(CC=C(N2)C2Cl)OC=NON1
227,233,CCCCCC=N
228,234,C=CCC=CONC=COC=C=O
229,235,ONCCCCC(CC1)OONOO1
230,236,N1OC1CC=O
231,237,C1CCC1CCONN=O
232,238,CNN=O
233,239,COCC(C)CC#C
234,240,N1NCCN(C)OC1
235,241,CCSN(CCOC=C)CC
236,242,CC(C)OOC=O
237,243,O1CC=C=CC1CNCCO
238,244,NCCCSCC=C=CCC(=O)ONC#C
239,245,C(C)C=C1CC1(C)NC#C
240,246,CNC=C=CCCCCC=C
241,247,CC(OCCC=NC=C=O)C=O
242,248,CN(N=CC=N)C=CCC=C
243,250,OC=CNC(C)CCC=SC=CN=C=N
244,251,C=CCNNC(O)N=C=C=CC=CC=CCC#C
245,252,CNCSC(C)CCCCC=O
246,253,OC=NC(S)C=P1C=C1
247,254,CCNCC(N)C=C=NCO
248,255,CC(C=C)C#CN(C)CSC=O
249,257,CCC=C=CCCl
250,258,CCCCC=O
251,259,C=CC(C)(C)C=CN=NCC1CO1
252,260,C12N3CCC1N2C3=C
253,261,NC(C)=CC(C)CC(Cl)C=C[NH1]CCC=NOO
254,262,C1(C)C=S1
255,263,C=CC(N)CC=CC=CCCl
256,264,N=NCCC=CCOC=C(C)C=C=C
257,265,CC=NC1=C(C)CO1
258,267,C=1=CC=1
259,269,C=CCCCCC[NH1][NH1]C(O)(Br)COC=1CC=1
260,270,C=C(C)CCCCCC=C(C)CC=C
261,271,CCC#CC(=C)C#C
262,272,CC=CC(N)CCOC(C1CP=N)CCC=COCO1
263,273,C(NN)[NH1]CCCCC#CN
264,274,CC=CCC#CNS(C)C#CCC#C
265,275,COC=C=C=NC=O
266,276,NNC=CC=C=O
267,277,F
268,278,CNCC(C)(N)COCCC[NH1]C#C
269,279,C(C)S=C(C)OC=C
270,280,C=CCCC(C)C=O
271,281,CC1=CCCC=CC=C1
272,283,C[NH1]OCCCC=CC=CS1C=C=CC1
273,284,C(=C)CCCOF
274,285,C1CCCC#CO1
275,286,C(CCON(C)CC)=C=NO
276,287,CCCCCC(CC1=CCCN(CC=CN)O)N1
277,288,C=C=O
278,289,CCCCCCCC#CCOC=C
279,290,CNCl
280,291,OONCCC=C
281,292,NC=CS(ONCC)CC(S)=C
282,293,CC(=SCC(CN)=CNC)C=O
283,294,CCC=CCCCC=O
284,295,CC=CCC=C(Cl)CCC#CCC([NH1])C#CNO
285,296,CCC=CC=C=CC=CCC1OC=CCOC=C1
286,297,NCC=CC=C=NNCC(O)C=O
287,298,C=CCC=CCC=C
288,299,N#CC#C
289,300,C(NCN=NCCC=CCCC)=CON
290,301,NCC(C=C=CN)=CCOC[NH1]CC
291,302,O1CCC(NC=NC2)N2ONCP1
292,303,N1C=NC#CC=C1
293,305,CNCCOCN=CC=O
294,306,ClC=NCC1CNNC(C)(C)C[NH1]1
295,307,CC=CC(C=CCCF)C=C=C
296,308,CC(=C)CCCNC=C=C
297,310,C=C(CC)N=O
298,312,CNF
299,314,CC(=C)CC=CC=C
300,315,CC=CN=COCOCC=CC1=CCC=CCN1
301,316,CCNC=C(O)CF
302,317,C1CC#CC=CC=NNCCSC1
303,318,OOCC=CCC=CC#N
304,319,CCCCC=CC(C)[NH1]C=NCNN
305,320,C=CCCOC=CCCl
306,321,NCCN=CC=CNC=CCC(C)=CCCCN1C=C1
307,322,C1OO1
308,323,CCCNCCNCC(C)NCC=C(O)C=CO
309,324,C=NCCOC(O)CC#N
310,325,C1C=C(C)CC=CC1
311,326,ON(C)NCN=C(C)CC(CC#C)N=O
312,327,NCCCNCC(=O)NCCC=O
313,328,CCOC=CNOC=C1CC1=NN
314,329,CCCCCOCCl
315,330,C1C(CSCCCO1)CN=CN2SC2
316,331,C1=C=CC=CC(C)=C1
317,333,C1CC=CCCCCC=CC1CN=NCCCN=C=O
318,334,O=C(N)C(C)C=CC=CCC=CCN=C
319,335,C=C(C)C=CCCl
320,336,CNCOCC=CC1N=NCO1
321,337,CC=C=CC=C(O)C=C1C=CCS1
322,338,NOC(N1)C=C=CCCC1=S
323,339,NC=CCBr
324,340,OCC=CCOC
325,341,CCNCC(O)CC=CC=CCON
326,342,CC=CC(NC1CC=C=CCC1)=C
327,343,C1NCN1C(CC)=CF
328,344,CCCCCCNC(=C)CC(CSSC=C1)O1
329,345,CCC=CC=C=O
330,347,CNC=CCCC(N)=CCCCCO
331,348,CCCC=COC=O
332,349,CCN=O
333,350,CCOCCOCC1C(CC)C=C1
334,352,C=1C(C)=CC[NH1]CNC=1
335,353,SCOC=CCNCC1CC=CCOCC(=C)CO1
336,354,CCN=CC=O
337,355,NNCOCCCC=NC=C=O
338,356,COCC=COC=C=O
339,357,CCCCCC1=COC(C2)N2NC1
340,358,OSCCC=O
341,359,CC1CNC(=CN1)Cl
342,360,C(C)CF
343,361,C1CC2C1CCCCSN2
344,362,C(C)C(COC=CSC=NC=CCC=C=NCN1)C1C=C
345,363,CCNCNCC=O
346,364,N1CC1CC=CNC(N)=O
347,365,OCOC(C)N(N1)C1
348,366,C1=CCC(N=C)CCO1
349,367,CC=C=CCN
350,368,CCC=CC(C)(C)C=CF
351,369,C=NCC=CC(OC=CC)CC
352,370,C=CCS1CC(C)(C)CC=N1
353,371,CC(C)(C=C1CCCI)O1
354,372,CF
355,373,O1C=CC(S)C(ONCC1)O
356,374,ClCNC=C=CC=COCNCC=O
357,375,BrBr
358,376,CCC(CO)CCCCCO
359,377,COC#CC(CCOON=C[NH1])CCCCO
360,378,CCOC(C)NCCCC=CCBr
361,379,O=C=NCCC(N)C(C)SC=CON
362,380,CC=C(C1)CC=CON1S
363,381,O1C(O)C(C)CCCC1(O)N
364,382,CNCNCNC=C1C=C(C)NNN1
365,383,CC=C=CNCOC(=C)CCC=CNF
366,384,OCCC=CC(NC=CN)=CC=C=S
367,385,O=O
368,386,ONC=CC(CC=CC)CN=CCC=CCCNCO
369,387,ONOC=CCOCC=CC=CCN(N)O
370,388,CCCCNOOC=CCCCCC=CCl
371,389,C=CN(S(C)N=NCN=C)CSC=CC
372,390,O1CSCCC=N1
373,391,C1(=C)C(N)N(O)C=NC1CCl
374,392,OC=CC=O
375,393,NC=CCCCCCNS
376,394,N=CNC=COCC1CCCC=CC1
377,395,C1CCC(O)C=C=NOC=CC1(O)CC=CBr
378,396,O1C=CN(C)C1
379,397,N(C)C([NH1])=O
380,398,CC=C(NSCOC1=CC1(C)C2)C2
381,399,NC(C)C(C)CCCC=C(NOC=O)N1NO1
382,400,C1C(C)C(CCC=C=O)C1
383,401,COCCC=CONCl
384,402,NCC=CN[NH1]C(C)C=C(C)CCCl
385,403,N=CCNOOC(C1)C[NH1]CC(=C)C=CCCNC1
386,405,CC(C1)CC1NCC=N
387,406,CC=CCCC=O
388,407,C=NCC=O
389,408,C=CC(C)=CCC=O
390,409,CC=CCOC=NC(=C)CCC
391,410,CCOCCC=CC(C)=C=C=N
392,411,CC(C=NCNNCCC=O)NC=O
393,412,OCCCN=C(C)CC=O
394,413,CC(O)CCl
395,414,OCCC=C=CC[NH1]C=CC=C
396,415,O=CC(C)NN=CNC=O
397,416,C=CNC1=CC=C=CC(C)C1
398,417,C=CC=O
399,418,BrCC#N
400,419,OCCC=CC(C=CCOC)O
401,420,NNC(C)C=N
402,421,NC=CCC(C)C1NOC=C=N1
403,422,C(C)CCCCC=CCCF
404,423,C=NCCC#CCC(C)[NH1]C=O
405,424,CCCC1OC=COCC1
406,425,CCOCCC([NH1])CC=C=CC
407,426,C1=CCC=C1NN=C(C)CCC=CC=CO
408,427,OCC(C(C)NCC=O)F
409,428,N=C=[NH1]
410,429,COCSCOOC(CCC=C)F
411,430,C=CCCCCNCNC=O
412,431,OCCCCNCCCCCC=S
413,432,COCCCC=COCCCC
414,433,N1CC=CNCC=CC1=C
415,434,C=CC(C)CC=C(C)CCl
416,435,N=C(C)N=O
417,436,CC(C)=CCCl
418,437,C=C(OCNC=NC=SO)CCl
419,438,CC(CC(N)C=C=CSCC)CC#CC=NC
420,439,C12C=CC(CN1)CO2
421,440,OCONCCCC(C)=C=C=NC
422,441,CCCCCOC(C=NCC=COCF)C
423,442,N=CC=CC=C(O)C=CCCl
424,443,NOOCC=C
425,444,NCS(C)(C)C(N)C1CO1
426,445,C=C(C)C=O
427,446,CC=CCNC#N
428,447,CC=C=NCCCNC=C=CC
429,448,CC=C1CCCCC1CCCCCCC#C
430,449,COC#CCCOC=CCCC=O
431,450,C1=CNC2NC=C=CC12C
432,451,C[NH1]CC=CC=CCCON
433,452,CC=C=CC=O
434,453,C1(C)C=C1Cl
435,454,O=CCCCC=CCN(CC=C=N)C
436,455,CCN=CNCCSCCCCC#C
437,456,O1CCCCC1C=CC=CCSF
438,458,NC=C(C)CCC=O
439,459,CCCC=CC=CC(=C)CC
440,460,N=CC(O)C[NH1]C=CC=CC=C
441,461,CC1C=C(N)CC=CC=CC#C1
442,462,CC=CC=CCNCC(C)=O
443,463,C1CCCCC(C)C=CC1
444,464,O1CC1CNC=COOCC=O
445,465,CN=O
446,466,CCC=CC=O
447,467,CCOCPCC[NH1]CSC=O
448,468,CCC=CC(C)CC=SC=O
449,469,CCCC=CC(C)NON(C)C=O
450,470,C(=C)CC1CC=C(O)O1
451,471,N=CCCC=O
452,472,CNC=COCNN=C=O
453,473,CC=COC=C=C(C)C=C(C)CC1PC=NC=C1O
454,474,OCCCC(O)CC(C)=O
455,475,C=CCCNCCC=C(C)C(NC1C=C)C=C(C)CN1C=C
456,476,OC=C=CC=CC=C=O
457,477,N=CCC(C=CCCC)C(C)=O
458,478,CCC=COC(C)(C)C=CCN=C(N)OC=S=O
459,480,C(C)NCCC(C1CCCOC1CC=CC)CC2C=C2
460,482,ON=C1CCCC(S)C1=O
461,483,CC(C)CC(C)CC[NH1]C=CC=C=C=CO
462,484,C=CONC=CNC=C=CC#C
463,485,C=CCCOCCC=O
464,486,C=CNCC(O)C=CC=C[NH1]C
465,487,CCCNC=O
466,488,NNCC=CF
467,489,[NH1]CCCC(N)C
468,490,CNCCC1SC=C(C)SC1=NC
469,491,C1=C=C2NC2C=C1N
470,492,C1CCCOC=C=CC1Br
471,493,C=CC=CC=O
472,494,OCCCCl
473,495,C1OC(N)C(C)(CC)CC1
474,496,OC=C1NOCS=C1CCC=CC=CC
475,497,NCC(C=C)(C=CCC=O)S1N=C1
476,498,CC(CSNN1CNCC)C=CCCCNCC1=O
477,499,CCOC=C
478,500,OOCCC=O
479,501,C=CCCCF
480,503,C=NC=1C(C)(C2)CC2CN(C)NCN=1
481,504,CC=CC=CC=CC#N
482,505,OC(C)=O
483,506,CCCCCC=C=S(C)=O
484,507,C=C=CC=CC1(N)CCCC1
485,508,CNCCOC=O
486,510,O=CN(Cl)C=CN(C)C=C=O
487,511,NC=CC=COCN=O
488,512,CCC(NCCONCC)(C)CCl
489,513,CCC(C)=O
490,514,C(C)(C)CNOCCOC(C=CC)F
491,515,COCNS=NCCCC=CC=CCS(C)=O
492,516,OOCCCC=CON=NCC=C=C
493,517,NCNCCC(CCCC)=CC1CC1
494,518,CCC=CCC=C=C
495,519,CCCOCCCSN1C=C1
496,520,C=CC1CCS=CCO1
497,521,NC=CC=CCOCC=CCOC=CC#CC
498,522,OCCC=C(C)NI
499,523,N1C(C)CNC(C)CC1
500,524,C1C=C1CN2NCC=CC2=N
501,525,OCCCC=NCOC=COCO
502,526,C1OC=C(C(=N)C=C1C=C=CCN)CC(C)F
503,527,NCCC(C)OC=CS(C=CCCO)=NF
504,528,C=CCCC=CC
505,529,CCCN1CCCCONCCC1
506,530,CCCC(C)CC#CC=CC(O)CC
507,531,CCCCC(NNCC)CNCC=NCCOSC=CC=C[NH1]C=C
508,532,C#CC=CC=CNCCCNNCC1C=CC=NO1
509,533,C(C)C=CC(C)C=C(C)CCC=C1C=C1N
510,534,NC=O
511,535,CCCCOCN(C=CC)NI
512,536,CCCN=O
513,537,NCNF
514,539,COOCCC=CCOC#CN(C)C
515,540,SCCC=CC=S(C=1)N=1
516,541,NCC(C)CCCC=C(Cl)CC=C
517,542,N1SC=CNCSCCC1
518,543,C=1=C(C)CNC=1C
519,545,OCCN[NH1]NC[NH1]CCC(P)NC=O
520,546,C#CC=CONOC(C)CCC
521,547,C=C=POCCCCNCCC[NH1]CN
522,549,CC=CC=CCCC[SH1]C=C
523,550,CCNCNCN=CCOCCCC#C
524,551,COC=C=CCCC=CC=N
525,552,C=CC=C(C#N)N
526,553,O=CCCCCC
527,554,C=CCCBr
528,555,CCCCCC[NH1]C1C[NH1]CCC1OF
529,556,CC=CC(N)=CC(C=C=C(O)C=COC=C)C
530,557,CC=CCNNCC=C1ON2CC1=NNO2
531,558,C1(CC1C=CCC)CC[NH1]CC
532,559,CCC(CC=CCBr)C=O
533,560,CC=CC(C)C=NCC=C=CN
534,561,ClC=NNF
535,562,CCCN=CC=CCC(N)=NNC=SSCC1=NC1
536,563,C[NH1]C(=C(C)CC=CCOCC=C)OSC
537,564,CCC(C)CCl
538,565,ClCC(=O)CC=C
539,567,O(C)CCCC#C
540,568,C1CCC2C3C1C=CC=C(C)C2NC=NC3
541,569,CCCCSC=CS1(C)CCC(CC1)O
542,570,CCCCCC=CCC1=CC1
543,571,CC=CON
544,572,NNC=C=O
545,574,CCCC[NH1]CCCN=NNCCOC=CC
546,575,CCOCCNC(O)CNC(N)C=CCCCF
547,576,NCCC=CC(C)Cl
548,577,CNSC#CNC1=CCCCC1SOCCOC
549,578,O(OC(O)=O)C
550,579,CONCC=CC(NCN)C=CNCl
551,580,COCCCC=SC=1CC=1
552,581,OCCC=C
553,582,CCC=COCC=CCCOBr
554,583,C1=COCONCC#CCCC1
555,584,CSC=C(NPC=C)CC#CCC(=O)OC
556,585,C=C1OCC=C(C)N=C=CCO1
557,586,CNCC=CC=C([SH1])COC=C
558,587,C=C=C1CC1O
559,588,CCCCC=NCCC=C=O
560,590,C=CCCC(C1)=CN1
561,591,C#CC=C=O
562,592,C12=NOC=NNC=C=C1N2
563,593,O1C=CNCON=C(C)C1=C=O
564,594,CCCNC(CCCCN)NOCC
565,595,CON=C=C
566,596,CCCC1=CCOC=CCC=C=CC1
567,597,NCCC(CCC=C)C(O)CCC=CC=C=NC=O
568,598,OCONC(N)NF
569,599,CCOOCN=O
570,600,CCOCCOOC=O
571,601,CNC=O
572,602,CCCC(C)C(C)C=O
573,603,CC=CC(C)C=NCCCCON[NH1]C=N
574,604,OCCOC(C=O)(Cl)CCF
575,605,OCOSN[NH1]CCC=CCl
576,606,CC=NN=O
577,607,CCCCCCC(CC=CO)(C1)C1
578,608,CC#CCCCNC1OC2(CC2)O1
579,609,CCCCCC(O)C#CCCN=C
580,610,NC=C=CCCC(SC)=CCO
581,612,C=CC1OC=C(N)CC1
582,613,OC=CCCCN=C
583,614,CCCOC=CCC=CC=CO
584,615,C1=CNOCOC1=O
585,616,C1NC2CCC=CC21C
586,617,O1CCC=CCCCC1OC
587,618,NN(C)CBr
588,620,OCNCN=NCCCNCC=C=C
589,621,C1CSNCC=CC=CCOCO1
590,622,CC=CCCOC=O
591,623,NOCCOC(OC)OON(C)CCl
592,625,CCNC1ONCCC1(S2)C=CC(=O)C=C2
593,627,CCCCNC=COOCl
594,629,O(C)CCNCCOC1CC1=N
595,630,C=C(C(COCC)CCC=C)NCCC=NCF
596,631,CNCCC=O
597,632,C1CC(C)CSC=C1
598,633,CC(C)=CCCC=CCC1CC1
599,634,C1CC1=CC(C)C=O
600,635,C(C)C=C(N)OCC#CCC=C
601,636,CCC(C=CCOC=CC=C=C)=CC
602,637,CC1=NC=CC1=C=O
603,638,CC(C)CCSNCl
604,640,O=SCCCN(C)N=CC=CCO
605,641,PN=C=NC
606,642,N1CCN1C=C=C(SC=O)OCOCC=CO
607,643,CCCCC=CCCCI
608,644,CCCC=CNCCOCC(C)=O
609,645,C(O)=CCCC=C=CC
610,646,C(N)C(C)CF
611,647,N=C(C)C=CC=CN=C
612,649,ONNC(C)=O
613,652,CC(O)C(C)Cl
614,653,CCC=CCC=CC=CNC
615,654,O1C#CC=CC1(OC=C2C)C2O
616,655,CCCCC(N)CCCCCC=C=CN=O
617,656,N(C1)C1=CN(C)C=NPNC#CCC
618,657,C1CNCSC=CCC1C=C=N
619,658,C=CCCC=CNCC=CC=C
620,659,OC(OCC1C(C)N)CCC1
621,660,C1CCCCOCC=CN1CNCCC=C
622,661,NC=CC=CCCSC(C=C)=O
623,662,C=NC=CCC(OOC=C=C)CC=O
624,663,NOCC=O
625,664,CCC(C)CN1CC(CC1)CCNCCl
626,665,COC=CCCCCC1CS1
627,666,C=CC(C=CC=C)Br
628,667,CCC(CCC=C)CNOC=O
629,668,CCCCCCC(=O)CN=CC=O
630,669,CC1CN=CCC=CCCNCCCC1
631,670,NCCN(C=CCC)CCCCl
632,671,CCCC=1C2(NC=C=1)C=C2
633,672,COCN=C1CCCCS1#C
634,673,CC1=C=CCCC1OOC
635,674,CCCONBr
636,675,OCCNCC=C1ON=CC=C=CCC=CC1N
637,676,CC12C=CC=CC1CC2
638,677,NNCC=CC(=O)CCCC=O
639,678,C(C)=CCBr
640,680,NCCN(N1)CC1=CCOOCO
641,681,C[NH1]C=C(C)OCCCONC1=CNCCNC=C1Cl
642,682,CCC=CCC1CC1
643,683,CNCCCl
644,684,C=CC(C)C(C)CCN=C=C
645,686,N1C2=NCCCC12
646,687,CCCCCCl
647,688,OCCNCCOCC(C1)C1
648,689,CC=CCC=C=C=C
649,691,N1C=CC=CNCC(C)(C)CCC=S1
650,692,OCOC(N(C)N=O)CCC1CC1
651,693,OCCNC1C=CC=C1C(CO)OC
652,695,CN(C1)CCCC2=C1SCNC2(C)C
653,696,C#CO
654,697,CCC=CC=NC=C=O
655,698,C=CN=CCC=CC=CC=CCOCBr
656,699,NC=C(C)NCCC=O
657,700,C1CCCN=C1ONCC(C)C
658,701,NCC=CCOCCC(C)(N)CO
659,702,OCCS1CCC=C1
660,703,CCCF
661,704,C=CN=C=O
662,705,NN=C(C)C=CC=CCN
663,706,CCN(C)NSC1CCOC=C1
664,707,CC=CCN(CCCC(C)N=C)C=O
665,708,COC=O
666,709,C1C(=C)OCOOC=C=C1C=C
667,710,CC=C(C=O)N(O)OCNC1NC1
668,711,CCCCCCC=CCC(N)CCNCl
669,712,CCC1OC=CC1=O
670,713,O1OCNOCSCC(=C)CO1
671,714,C=CNC=O
672,715,CCCC=CSN=CCOCN
673,716,CC=CC=CC=CC=CCCCC=O
674,717,CCSC=CCNN=CC=C=C(N)C=CCN
675,718,CC(CCCC(C)CC=O)C#C
676,719,C(C=CC=CN=C=C=C1)O1
677,720,CCCCCC1=C(OCF)C1N=NN
678,721,CC(N)CC=CC=CSC=CC=CC=O
679,722,OC=CCCC=O
680,723,C=CC=NN1C=CCCC=C[NH1]NC#C1
681,724,CC=NCOC(N)(C)C=CCO
682,725,N=CNC(C)N=C1CC1
683,726,CNCC=CC
684,727,CCCC(C)C=C=O
685,728,N(O)C=CC(O)OCC=CC=C=P
686,729,SC=NCN
687,730,OCC=CCCOC=NCCCNC=C=COO
688,731,N1C(C)C=CCCC12C=CONC2
689,732,C12CCCCN1NCCCC2=[PH1]O
690,733,CC1OCCC(O)CCCC1
691,734,COCCCCCCC=C1C=C1
692,735,C12CC1CCCC(C=O)=CCCC2
693,736,CC=CCCC=COC=O
694,737,C=CCCC=CC=CC=CC(C)CCCl
695,738,CCCC(=C)CCC=O
696,739,C1=C=CNCN(O)C=CPCC1C
697,740,CCCCCC1CCCCNSO1
698,741,CCC
699,742,C=CCNCNCC(O)CCCl
700,743,OCCCNCC=COC
701,744,C(C)#N
702,745,C1CCCCC=C1C
703,746,C1C(C)=C(F)C=C1
704,747,OCCC(CCF)=O
705,748,NCNCCCC=CN=O
706,749,CC(C)CC(C)(O1)C1
707,750,O1CCC=C(C)O1
708,751,O1CCC(C)=C=NNCCO1
709,752,COC=CC=CCCCN=NNC=O
710,753,C(O)(CF)=CNCS
711,754,NCC=C(C=CC)CF
712,755,NCOCCN[NH1]C=N
713,756,CCN=C=C=NC#CC=CNCC=C
714,757,CC=CCCC(C)CC=CC=COCl
715,758,CCC=CCC=C=CN=C=NCCC1CC1
716,759,C1([NH1]CNCC(O)C)OC1C
717,760,CCOOCF
718,761,NCCC=CC
719,762,COCNC=O
720,763,NONS=CCN1CC1
721,764,CCC(CN=N)NOSCCCCP=O
722,765,CCC1CC(C=C)(N)CC=NNC1
723,766,N=COC1=CCC(C)C1OCCCCCC=NC
724,767,NCCCC#CSBr
725,768,CCCCCCCC=O
726,769,C=SNCC=CF
727,770,C1CCC=C1C=CNC=O
728,771,CCCCSC=C=P#C
729,772,CCC=C(C)CCCN=O
730,773,CCOCC=C1CCC2=NNC=CC2COC1
731,774,[SH1]1OC=NCCCOCC=CC1O
732,775,CCC=NNC(C)CCC(CCC)NC=C=O
733,776,OCCCCNC=C(N)C
734,777,CN=CCCNC1(O)C=CC1=NOC=C
735,778,CNC(C)C=CC=CC=CC=C=O
736,779,NCCNS1CCC2=CN1CN2C=C
737,780,CCCCCCCCCl
738,781,C(N)(=C(CS=C)OC=CC=C)C#C
739,782,CC(CC)CCCCN=O
740,783,C(C)=C(C)SCC#C
741,784,OCNCCCC=CCCCl
742,785,O1CC1=NCCC=CCNC
743,786,C(CNC(S)NC=O)CCOONS
744,787,C(CN)(COC1CCC)(N)CN1C=C
745,788,OC(C)(C)I
746,789,NNCCCC=O
747,790,CC#CCCOC=CC=C
748,791,OCCCCCBr
749,792,OC=CCCOCCCN
750,793,CC(C)C=NCCSOBr
751,794,C=C(C=C=C=C)CN[NH1]CC=C(C=CC1=CCNC12C=CC)C2
752,795,CCCCl
753,796,CCCCC(NNNC)CC=CC=CC
754,797,C1OCC(C)CNCCCC1(C2)O2
755,798,CCCCOCC=NCl
756,799,O1CCNCN=C=CCN1
757,800,C[NH1]C=C1CNCC=C1[NH1]
758,801,NC(C1C=C=CCN1C=C)[NH1]O
759,802,OCC=C[NH1]CC(C)NC=O
760,803,COC=CC(O)CC=CCCS=O
761,804,CCC=CC#CCCC=NCN=N
762,805,CC=CCCC(C1)=C1
763,806,C1C(C)NC=C(C)N=PC1N=C
764,807,CCCNOOCCCCCC=CC=CBr
765,808,CCC1=CNCCC1C=O
766,809,CC=NC(CCCCC1CC1(C=O)C)CO
767,810,C1CNC=CCC1C=O
768,812,C=CCC=CCCC(O)(C)COONC
769,813,ON=CC(C)=C
770,814,C1CCCC=N1
771,815,C=C(C=CCC)Cl
772,817,CCCCC=C=NN=CCCCC=C[NH1]C
773,818,N(C)(C)CCCCCNF
774,819,CNCC=CC=C=O
775,820,C1=C=C1
776,821,CCC(=CC=CCCCC=C)C
777,823,NOC=NONCC1SC1=O
778,825,N=CCCN=CSBr
779,826,C=CCC=C=NCC(=O)CCF
780,827,CN=CC(C=1)NC=C=C=1
781,828,O1CCCCCCC1=C
782,829,C=CCBr
783,830,CCBr
784,832,CCCC=CCC=CCNC(C)(N[NH1])N
785,833,COCC=CC=C=CCNC=CC=C(C)C=O
786,835,NCC=CCCCCN(N1)CC=CC1
787,836,NCCC=NC1=CCCCS1N
788,837,NN[NH1]CCCCCCCCCNCl
789,838,CCCC(=C)P=O
790,839,C1CCC=C(C)CNCCO1
791,840,N([NH1])C=SCC=O
792,841,OCCCCC=CCC=CC=CCCC=O
793,842,C1=CC=NC2CC2C1
794,843,OOC=C=CC(C=NCCl)CC
795,844,C=NBr
796,845,C1=SSCCCC2=CC(=C)C12
797,846,CN(C)CC=CCOCCl
798,847,CC(C)C(C=C1)CC=CCC1
799,848,N1C=CC(C)C(=C)C=C1
800,849,C1ONCOC=C=C1CCF
801,851,CCNC(CCCCl)(OCC)OC
802,852,CC=CCCCCC
803,854,C1CCP(N)N[NH1]1
804,855,C=CCF
805,856,CNCC(C1=CC(C)=C1CC)CC=CN
806,857,OCNCC=C=NOC(=SC)NCC1=CC1
807,858,CCCNC=C(O)C(=C)OC=CC(C)CCC
808,859,CCC(COC)=CC=CCF
809,860,N=CC(=C)F
810,861,COOCCCC=NOC=CNOCC#C
811,862,C1=C=NCC=C1F
812,863,O=CCCC(C=C=CCl)=C
813,864,NCC=SC=C(C1)C1CCOO
814,865,CNCCCC=O
815,866,C1CC(CCCN)C1CN=C
816,867,CCS=CCCCCCC=C=CC=O
817,868,N1C=CCCCC=C1O
818,869,C=C=NCC=CCNN(C)C#C
819,870,OC=C(C)CC1=CCCC1C2=CC2O
820,871,OCC1CCCCO1
821,872,C#1CCCC#1
822,873,NC=CONC=C(C1)O1
823,874,C1C(N2C)CCCCCOCCC12
824,875,O=C(O)CCCC=CCNC=N
825,876,NCCC=O
826,877,O1CC1NC=C=CC=NS
827,878,C=CC=NC1[NH1]C=C=CC=CC=CC=C1C
828,879,CCC=CCCNCCl
829,880,OC=CSCC=O
830,881,CCCCC1C2CC2O1
831,882,NC(C=CCC)(C)CC=CCC=O
832,883,CCCCCOC(C)NC(C=NCCN)[NH1]C=N
833,884,CC=COC(C)C=CN=CCCCC
834,885,OCC1CC(C)NON(C)CCN1
835,886,CC=C[NH1]CC(C)CO
836,887,CNCON=COC
837,888,COCCCC=CCC=C=C=O
838,889,CC(C)CCOC1=CCC=CC1C=C
839,890,CNC=CC(C)=O
840,891,CCC(C)CC=O
841,892,CC=C=CCCCCCSC1C=COC1
842,893,CCCNC=C(O)C=C=C=O
843,894,CCCCNC=NC=C1C=CCOOCC1
844,895,C=NCCl
845,896,OCCCCC=CCNC=C=O
846,897,CCCSC=O
847,898,CCCCCC=O
848,899,N=O
849,901,CCCC=CCC=NC=C=O
850,902,N1=C=SCC1=C(Cl)O
851,903,C1C=CCC1(C)CCCCC=SNNOCCCCOO
852,904,CC=CC(N)CC#N
853,905,NCCOC=C(C)C=C=C(S)CCCC=O
854,906,C=CCCCC=CCCl
855,907,CCC(CC)(C)COOC1NC1
856,908,CSCC=CC=C=NSC=CCCl
857,909,CC=C=CCC=NC=O
858,910,C=C(F)CCCC(C)COO
859,911,NCCCCCCBr
860,912,CCC#CCCCF
861,913,CC#CC(=CC=CC)C=CC=O
862,914,CCC=C=CC=C(NC)CCC
863,915,OCC=NC1C=C(C)C1C=O
864,916,C1C(CCC)OCC=C(CC1)NCOCCC
865,917,C(C)=CCC(C)CC=C1NC1O
866,918,C=C(C)C1=CC(=O)CCCCOC1
867,919,CCC=CC=COC(C)CC#CC=O
868,920,OC#CCl
869,921,CC(O)CCC=COC
870,922,CNCCC=CC=C1COC=CCC1C=O
871,923,CCC(C)C=C=C=NCC1CCC=CC=C1
872,924,O=N
873,925,OCCCCC=C(C)CCOCCl
874,926,CC=C=CCC=NC=CN=CCNC=CN
875,927,N=C=CNCCCCl
876,928,CC=C(C)CCC=C=S#C
877,929,O=CCCN=C
878,930,NC12CC(C)C1=C2COC=CC=C
879,932,NCC(=CCl)F
880,934,CCOCC=O
881,935,C(C)Br
882,936,C1COCC=C[NH1]CO1
883,937,CCC=NC=COC(=C)OCCCC=CBr
884,938,O1C=CNC(C)C(=C)C=CC1O
885,939,C1(C)CCC1CC=CCC
886,940,C=C(CCNS=N)CC(C)=CCCBr
887,941,N1OC=CC=C=C1Cl
888,942,CCSCCOCCOC=CCC
889,943,CCC=CCBr
890,944,OOCCOC(C=CC1=C)C1C2=CC2O
891,945,C=COC=CCCC=O
892,946,C12C=CCCC1(C)C(C)CC2
893,947,C=COC=NC
894,948,NCCC(O)OOC=CC=[NH1]
895,949,OONNCCCCC=O
896,950,NCC1CC1
897,951,COC(C)OC=O
898,952,CNCCCCCC=C=C=C=CCSO
899,953,NC(OC=NS(C)C)=CC=CNCO
900,954,O1COC(C)C1C=O
901,955,CCCCCCC=NN=NC=C=O
902,956,COCOCC(C)CCC=O
903,957,CC=CC=C=CCC=CCN=C=C
904,958,COCCCCCCCC=C=NCF
905,959,O1C2=NC(Cl)C2C1
906,960,CC=C=C=C(C)C=NCC=C(C)NCO
907,961,CN=COC=NC(CCC(N)=CC=O)=C[NH1]
908,962,C=CN=CC=CCCCCCC=O
909,963,CCCC1CC1O[NH1]CO
910,964,C1OCOC1=C
911,965,CC1C(C)=CC#C1
912,966,CC=CCN=C(O)C=C=CC=CC=CC(Cl)CC
913,967,CCCC(NCCC(CN=C)C=CC)C1C=C1
914,968,COCOC=NC=CC=CC=O
915,969,C=C=CC(CC=CC1)C=C(C)C=C=C1
916,970,C1=C=CCCS1NNOOC
917,971,C1COCOC(C)SC1=SNNC#CC=O
918,972,CCNCCl
919,973,C=NC=CC=NCl
920,974,C=CNCC=C=NCCCCl
921,975,C1CCC1NCCC=CC=C=O
922,977,NCCCC(=C1)CC1
923,978,C1C=C2CC1=C=CC#CSC=C2
924,979,CN(C)CF
925,980,OCC=COCCC(C)Br
926,981,CNCNC1=NCSC=CCCC=N1
927,982,NCC1(N)CC=CNC=CN=C1C=O
928,983,[NH1](C)C=O
929,984,C1CC(C)N1C
930,985,OCC=C=O
931,986,CCCC([NH1])ONN=C=O
932,987,O1NCCSC=CO1
933,988,CCC=S(=C1)=C1O
934,989,C=CC=C1CCCC=C1
935,990,OC=C(CNSCC=C(O)NC1)C=C1
936,991,C=C=NCC=O
937,992,C1C(CCF)N1
938,993,C=CC(Cl)C=CCC=O
939,994,NCCC=NOC(C)C=O
940,995,C=CC=C(C)CBr
941,996,C1=CCCC1N=C=N
942,997,OSCC=C(N1C=O)OC=C(C)C1
943,998,OC=CC(C=1)C=CC=C=1
944,999,NCCCC=C(O)SCOOC=CC=C
945,1000,CS=CCNN(O)Cl
946,1001,ONCCOC=CCCCOC=CNCC
947,1002,CN1N=C=CN=CN=CCCC=CCCC=C1O
948,1003,CC1ONC=CCCNOC=C1F
949,1004,CCC(C)=CC=CCCC=C(C)C=C
950,1005,C=CC=C(O)C(=C)CC=1[NH1]N=1
951,1006,O1CC=NCS1(NC)NC(C)C=CNC
952,1008,CC=CC=C=NCN1CN1CCCS(C)N=C
953,1009,CONCC(NC)OC=C[NH1]
954,1010,CC(C1=C)CC(C)=C1
955,1011,C(CC)NSONCCC
956,1012,C(CC=C1Cl)O1
957,1014,CCCC=CN=CON=CC=NC=C=SN
958,1015,CCCC(ON)=CC=CONCC=O
959,1016,CC=C(Cl)C(C)C=CC=CC=CCBr
960,1017,C1COC(C)=C1C
961,1018,COC(C)(C)CNCCNOCCCF
962,1019,CN(S)Cl
963,1020,CCC(C)CC=C1OC1(C2)C2
964,1021,C=NC(CCCC=NC([NH1])CC)=CC#N
965,1022,CC=C(C)C=CCC1=C=C1O
966,1023,CCCOCC=C1NN=C(C)C1
967,1024,CC=C=CNC(ONC)C=O
968,1025,CC=CC=CCCCCNC=CCC=C
969,1026,C=CCCCONC=O
970,1027,OC=CN(O)OCCC
971,1028,C=CC=C=O
972,1029,O1C(C=C=N1)=CC=N
973,1030,C(C)CC=CC=O
974,1031,C=CCCCC=CC(=C)OCOC#C
975,1032,CCNC=CCC(C)CC=C
976,1033,OCCC=O
977,1034,NC=CC(C=COC)C(=C1)C1
978,1035,CCCCCN(C)NNC=SC=NOC=N
979,1038,O=CCC=O
980,1039,CCNSCC(C)CC=O
981,1041,C1=CCC1SCC=NS
982,1042,NCCCC=CCNC1=NCC=CO1
983,1043,CC(=CC)NC(C)CC
984,1045,OC=C=C(C)CC=O
985,1048,C(=C)COC#S=CCC=O
986,1049,CC=NC=C(C=CC=CC1(C)C=C)CC=C1
987,1050,OCCSC=C=CNCCC=CNF
988,1051,CNC=CC(CC(C)=CN)C=O
989,1052,CCCN=S1CC=NC1C=CC
990,1053,CNCNC=CCF
991,1054,CNCCC1CNN=CC1CC=C=N
992,1055,C1CC1OC=O
993,1056,CCOCC(C1)C(CC2C1)O2
994,1057,CCCC=CC1=C=NCC=N1
995,1058,CCCNCC(C(Cl)=C)(Cl)C=CC#C
996,1059,CCCCPCC=CCC=NCSOC=CCN=O
997,1060,C1CCC1COCC(N)C
998,1061,NC(C)CC(C)CC=O
999,1062,CN(C)CC=CC(C=COCC=O)C
1000,1063,CN(CCONC(C)(N)CC)C
1001,1064,O=C=S1=CNCCN=CC1
1002,1065,CC1C2=CCC1C#C2
1003,1066,C=1CCC(C)CCN=1
1004,1067,C1CC1(C)CCl
1005,1068,CNC(CCO)C#CNC=C=NCCC#N
1006,1069,SCOCC=CC=CCC(C=COC(CCNCC)N=C)=COC
1007,1070,OCCCC(N=C)CCl
1008,1071,CNC=CCCCNC=CN(N)CC#C
1009,1072,C=C(C)C=C=C(C1=O)O1
1010,1073,O1NCC=CCC(O)C(S)SC=C1
1011,1074,NCCNNC=CSNCC=CC=C=C
1012,1075,C(C)NCN=O
1013,1077,CN(C)CCC1N=C=CC=CCC1
1014,1078,OC(O)C(C)NCCCC(O1)N1
1015,1079,C(C=C)OCC=CCCCNNN
1016,1080,CC=CCC(N)C=CC=CN
1017,1081,COCCC(Cl)OC(O)=NC(C)C=O
1018,1082,C1=C=CC2(C1C)C#C2
1019,1083,CCCCCNC1CCCC1NNC=O
1020,1084,NNCNCC=O
1021,1085,C=CCCCCCC=CNCC=O
1022,1086,CCC(C=CCF)C=CC=O
1023,1087,CC=CC=C=O
1024,1088,NOCCC
1025,1089,COC=CCCC1NC1
1026,1090,CNN=C(CCCCC)C
1027,1091,N=CC=CC(N)(C)C=CC
1028,1092,C1CC=NNC(C)=CC=C=CCC1
1029,1093,C(C)=O
1030,1094,ONOCOC=O
1031,1095,C=C=C(O)CC=NC=CC(C)C1=CCC=P1
1032,1096,CCCl
1033,1097,CCCCCCC=C(C=N)CCC=C=O
1034,1098,C=CCC(CC(NC=CC=C)N=S=O)C=C=N
1035,1099,C1N=CCOCC(C)C=CC=C1COC
1036,1100,CCC=CCCC=COCCN=CN
1037,1101,NOCCS=CC=CCC=CC=CC
1038,1102,NC1CC=CC(=O)C1=N
1039,1103,C123C(C)(N)CC1=CC(C)=CC=C2C3=N
1040,1104,CCCBr
1041,1105,OCC=CNCC(=O)CCCONN
1042,1106,OCC=CBr
1043,1107,OCCOSCC1=COC=CC1
1044,1109,NC=CC=O
1045,1110,C=NCCOCC
1046,1111,C1OC2NCNC=CCCC2C1
1047,1112,N=CCC=COCCCCC
1048,1113,O=CC=O
1049,1114,CN(C)COCCCOCCOCCO
1050,1115,CCCCCCCPCBr
1051,1116,CCC(C=SCCl)CC(CCCC)COC
1052,1117,C=CN=CCN=N
1053,1118,C=CCOC(C)C(C)NCBr
1054,1119,C=NCCCCN(C)NC=C=NC=CC=NPNOS
1055,1120,NC(C)(C)COCOC=C=O
1056,1123,CC=C=CC(O)C=C(O)CCC=C
1057,1124,C=CCC(C=C)CCC=CCl
1058,1125,CCNC=CCCC=O
1059,1126,C(C)C(COCO)(C)C=CCCOCC=S
1060,1127,CCCNCN=C=CN=CCCC=O
1061,1128,CCCCCC=CNCN1OC=CC1OBr
1062,1129,CC(C)C=CON=C(C)C#N
1063,1130,CCC(C)CCCC(C)N=O
1064,1131,NCCC=CCNC=C=O
1065,1132,SCC=C1C=CCC1S=NON(C)OCC#CC
1066,1133,C1CC(=COC=CC=CNC1C)SC=CC#C
1067,1134,C12=CC=CCOC1(C)C2
1068,1135,C1C#CCOCC1CCC=C
1069,1136,CN=CCCC1CC(C)C=C1
1070,1137,CCC(CCC=CCN=CC=CC=C1N)O1
1071,1139,O1C#CC1CCl
1072,1140,OCCC1CCCCC1CC
1073,1141,CC(C)Cl
1074,1142,CCCOC=COCC(C)CS
1075,1143,C=CC=CCCCN
1076,1144,NNCSCCC
1077,1145,CN=CCCOCC=C(C1)CC1
1078,1146,CNC=CCC=O
1079,1147,N=CC1PCC=C1CCNCC=NC
1080,1148,C(O)(CC=O)O
1081,1150,OCCCCC(C)NONC=CC#C
1082,1151,C#N
1083,1152,C=CCC=C=SCCl
1084,1153,NCN=C=O
1085,1154,CC=NCCC=CC
1086,1155,CNCNC=CC=NNCCCOCCl
1087,1156,CCCNCC=CCNNCl
1088,1157,O(C)CCC=C=N[NH1]COCS(C)Cl
1089,1158,C1OCCC(COC=N)C2=CC1CCC2
1090,1159,C1CC=CC=C1C
1091,1160,CCCCNCl
1092,1161,NC=NCNCC#CC=CCON
1093,1162,CCNC[NH1]CCNCN[NH1]NNCC(C)C=N
1094,1163,COCCC=CC(C)CNCN=C=O
1095,1164,OC1ON=CC=CC(=C)CC=C1
1096,1165,O=CCC=CC=O
1097,1166,CCCC=C1CC=NC=C1C=C
1098,1167,C=CCCl
1099,1168,NN=COC(C)CCC=NCC=O
1100,1169,CC=CCNOCC
1101,1170,N=C(C)CCC=CCI
1102,1171,CN(C)CCNCCSCCCNCC#C
1103,1172,O1CCC2=CCCC1C2
1104,1173,ONCNNCNCCSC=O
1105,1174,CC=C=CNCOC=O
1106,1175,NSCCCC(C)C(Cl)=CC
1107,1176,CCOCNSCCC=CC=CC=C=C
1108,1177,CC(C1)C1=CCCCCC2=C3C2C3
1109,1179,NC=CN=CNCNCC=CCCOC#N
1110,1180,CCC=CN=O
1111,1181,CCC(CCC(=C)CCN)CCC=C
1112,1182,NCCF
1113,1183,OCOCC=CCC(CCC=C)C=O
1114,1184,C1C([NH1]COC1S=C)=NC
1115,1185,OCCN=C
1116,1186,NCC(C)CC=CC=CC1=C(C2)C2C1
1117,1187,CC(=C=NF)COC(=O)O
1118,1188,OCCC=CBr
1119,1189,NC1CC=NC=CC=CC=NN1
1120,1190,COCCCC=CCC=NCOON=O
1121,1191,NC=1SC=CCC=1C=C=C
1122,1192,N1=CCNC=COC=C1
1123,1193,NCC#CC=CC#CCF
1124,1194,C=CCCC=CCC=O
1125,1195,NN(C)OCCC(O)CC=CC=C=O
1126,1196,CCOC=CC(CCCC)CCOCC
1127,1197,C=CCCC=CCNC=O
1128,1198,C(C)CCCOC(CCCl)CCN=O
1129,1199,OCCSC=C=C(C)CC=NCl
1130,1200,CCCCCC
1131,1201,CCS(C)CC(C)CCCC=C(N)CNCCNC(C)Br
1132,1202,N=C=C(S)Br
1133,1203,NOCCCCN(C)Cl
1134,1204,CCCCCCCC=CN(C)F
1135,1205,O=CC=CCCF
1136,1206,CCCN(C)COC=CC(C1)C1=NC
1137,1208,NCN=CCC(F)=O
1138,1209,C=CC=CNCC(C#C)CCN
1139,1210,C=CCCCCC=CCC=NC
1140,1211,CCC=CCOCOC=CCCON=CC
1141,1212,C#CCCCN=CNC#C
1142,1213,N(=CC(C)CC=COCS)C#C
1143,1214,CCOC(OC=NC=CC)C(N)CC=O
1144,1215,C1=CCC#CCC=C1
1145,1216,CCC=CCC1C(C)C(C)=CC=C1O
1146,1217,ONOC=C=NCCCCl
1147,1218,O=CC=CN=O
1148,1219,CN=CCCCC=O
1149,1220,C=CN=O
1150,1222,C#CC=COC=C1N=C1
1151,1223,CC(C)=C=CC=C=NCC
1152,1224,CC1CCCCCCCC=NC1
1153,1225,O1C=CC=C1C
1154,1226,CC(C)C=CCCl
1155,1227,OCCCN(O)CC(F)C=CNCNCCl
1156,1228,C=CCC(CC)C=CC(S=CC=CC)C=N
1157,1229,C=C(C)NCCCC=C=C
1158,1230,N=CCC=CC=CC=CCCCOCCCC=NC=O
1159,1231,COCCCOCC(C1)(C)C1
1160,1233,NOC=C(CNCCC=CC(N)CC)OCC=C
1161,1234,OCCCN(C)C=O
1162,1235,N1=CCC1CCC=NC=CO
1163,1236,NC#CF
1164,1237,C=CCOC=CC=O
1165,1238,CC=CCC1=C2CC=C=C1C2F
1166,1239,CC(N)C=CCNC=O
1167,1240,C(C)CN=CC=O
1168,1241,C1CC=CC1CCF
1169,1242,CCC(ON=O)CO
1170,1243,CCC(C)NC(CCC=CC)C=C(C)ON
1171,1244,C1CCCC=CCC(C)C1O
1172,1246,N(N(C)CCCCCCOC)C1(CCNC)NC1
1173,1247,OCCCCNCCC=C
1174,1248,O=CCCCC=O
1175,1249,C1CC1(C=C)CCF
1176,1250,CCOCCOC=CN=CC
1177,1251,CC=C=CN=NC=NC=O
1178,1252,CCC(=C1)SCOC=C(C)CCN=C1[NH1]N
1179,1253,C[PH1]C=CCOC=CCCCC#C
1180,1254,C=CCC=C=CCCl
1181,1255,CC=CCCCC=CCCC(O)C
1182,1257,N1=CC1(C)C2NN(O)CC2C
1183,1258,C=C=COC(=C)CCCl
1184,1259,C(O)=CCCCC=CC=C(C1)C1N(C2)C2
1185,1260,C12=CC=C1[NH1]2
1186,1261,OC=CC=CCCC(C1)CC12NC2
1187,1262,OCC=CC=CCCC=O
1188,1264,CC[NH1]CF
1189,1266,COC=C=C
1190,1267,N=COCCN(Br)N=CC=CC1=CC1
1191,1268,C1=C=CCC=C1C=CCC#COO
1192,1269,OC(NC=O)=O
1193,1270,C=CNC=C(C)CC=C=CCC=NCCON
1194,1271,C=CBr
1195,1272,CCCCC(=O)C=CCl
1196,1273,COCCN(C)OCCC(NS(N)NC)O
1197,1274,CCON=CC=CC=CCOOC=O
1198,1275,C1OC(O)OC1C=CC=C
1199,1276,OCC=CC1CC1NNCCl
1200,1277,CC(C)=NCNOCCC
1201,1278,C1=COC=CN2C1N=CC3=NCC=C=C(NC)CC23
1202,1279,CC(C)CC=C=O
1203,1280,O1C(C1=CCCCCO)C=C=C=CC=C=N
1204,1281,CC#CCC(C)=CCOC=CC
1205,1282,CCCC=CCCCC=O
1206,1283,OCC(C)=CC(C)=O
1207,1286,CCC=CCCC=O
1208,1287,O1C(CCC1CCC)C
1209,1288,N=CC=CCNCCC#CN(O)CC=CN
1210,1289,N=CC=O
1211,1290,CI
1212,1291,C(F)=C=NC=1CC=CCS=1C=CN
1213,1293,CCOC(C)(C)C=CC=C
1214,1294,C1CC1CSSC=C
1215,1295,C=C(CCC=O)CCCC=NC=C=CNN=C
1216,1297,C=12OCCC=1C=NNOC=C2
1217,1298,CCCOCCCN=C(C)C=CC=S(C1)C1N
1218,1299,C1C=CC(C)=C1F
1219,1300,CC(=C)COC=CCN=O
1220,1301,CCCCCCCC1=CN1
1221,1303,C1OC=C(C)COCC1
1222,1304,OCCCSCCC=O
1223,1305,C1=CCC=C=C1
1224,1307,CN(C)N=CC1C=C=C=CC1O
1225,1309,CC=C=CC(C)CCC=O
1226,1310,CC=CCNCCCl
1227,1311,OCOCCCCC=O
1228,1312,OS(C=C=O)NC(CC=O)CCC=CC=NC=C
1229,1313,C=CCOCCNCCC=CC=C=CC=CCN=NCC
1230,1314,O1CC1(C=CC=O)O
1231,1315,C=CCCCNC=CC=COCCl
1232,1316,C1=C=NC=NOC=CC=CO1
1233,1317,N1(C=C(C)CS=C1)NF
1234,1319,C=CC(C)OC(C)C(C)N=C
1235,1320,CC(OCCC=NNCCN=CC)COC=CBr
1236,1321,CC=CC
1237,1322,O=C1CC(C)O1
1238,1323,ONCCC=C=O
1239,1324,COC(=O)F
1240,1325,C1CC1OOCCC(CCOC)Cl
1241,1326,CCS1(N)=CC(CCCCCOC1)=N
1242,1327,OCCC(C)C=CC=CNC1=C=C1
1243,1329,CCNCC=C1OC=CCOCCCOOCNN1
1244,1330,OC=C[NH1]N=CC1C(=C)C#CCNCC=C1
1245,1331,C1CCC(N)C1CC=COC
1246,1332,C=CCC=CC(C)C(C)=C
1247,1333,C1C=NC1=NC2C(O)N3C=C=CCC32
1248,1335,CC=C=C=C(C)C=C(N)CC=O
1249,1336,CC=CC=CCCSS(C)=NC
1250,1337,NCNCCSCOC1=CC1C=C
1251,1338,CCCCC=CC=C=NOC=CCC=O
1252,1339,C1CC1CF
1253,1340,OCOC=CCCCC(O1)N1
1254,1341,NCNC[NH1]
1255,1342,NCC(C)C=CC=CN
1256,1343,C1C(C)CC(C2=CC=O)C21N
1257,1344,CCC1CC=CN=C1
1258,1345,COC(C)CCC1C=C1C2CC2
1259,1346,C1C2NCC=CC2C=N1
1260,1347,NCCCNOCC=CC#C
1261,1348,C(C)CC(=O)ON=O
1262,1349,O=CCCCl
1263,1350,CCON(C)NN(Cl)C(C)NC1CO1
1264,1351,C(C)NC=CC1(C)S=CCCC1
1265,1352,CCC=C=O
1266,1353,C=C=CC(C)(Cl)CC=CC
1267,1354,OCCNNC
1268,1355,CCC=CC(C)Br
1269,1357,CCCCCCC=CC(CCC[NH1]1)=N1
1270,1358,CCCSC(C)CCl
1271,1359,ONSCCC(C)=C
1272,1360,NC([NH1]Cl)NC=O
1273,1361,C#SCCCl
1274,1362,C1N=CC(N)=CCNCCCN1O
1275,1363,C12=C(OC1C)NC(=C)O2
1276,1365,C=1C(N)[NH1]C(C=1CCCC2)C2
1277,1366,O=CCl
1278,1367,COCNCN=C1C=CNN=C1[NH1]C=CCl
1279,1368,SNS(N)=CI
1280,1369,C1=CCSCC1
1281,1370,ON=O
1282,1372,CC=CNN=CC=O
1283,1373,C1=NC=C(C)CCCCC1
1284,1374,C=CCOCNC=C(N=1)CCCOC=1O
1285,1375,CCSC=NC#N
1286,1376,C12OCC(C)=CC1N=C2
1287,1377,CC1CCCC1=CCCC=C
1288,1378,NNC(C)CCCC=O
1289,1379,C=CCCCC=C(C)C=O
1290,1380,CCC=C=CC(C)=CC=NC
1291,1381,C(C)C=NOCC=C1CC2CC12
1292,1382,N=C=CCC=C(CCC=CCC=CC)CC=CC
1293,1383,N(C)(C)CCCN(N)CCF
1294,1384,OC1=CNC(C)=C2N(N)CNC12
1295,1385,NN
1296,1386,O1C[NH1]N=CNCCCCN1
1297,1387,NCN=CC=CCC=C(C=CC)C
1298,1388,C1C=CNC(C)N(C)CC(C)C1N
1299,1390,OC=C(C1)CCNC=CN1NO
1300,1391,CCC=CCNOOOCON=CC=O
1301,1392,CNCCCCCl
1302,1393,C1CCN=CCCCCNCNC1=C=C
1303,1394,N=CC(CC)CCON=N
1304,1395,CC1O[NH1]C=C=C1CN
1305,1397,CCOCCCCCCOCCC
1306,1398,CNCN=C1C=CCC=C[NH1]1
1307,1399,C=CCC=O
1308,1400,CCCC1CN=CNC(C)O1
1309,1402,O=C=O
1310,1404,CC=CCN(F)OOC=CNC
1311,1406,CCNCC=C=C(S=COC=CC)C#COOCl
1312,1407,CC=CNCOCOOCOC[NH1]
1313,1408,C1C(N)C=COCC=CCO1
1314,1409,OC(OCC1)C1=CCC=O
1315,1410,O1C(C)O1
1316,1411,O=CNC=C(N)C=C=O
1317,1412,CC(C=CC=O)C=C=N
1318,1414,SCCCOCCNCCCC=C=CC=CC=C
1319,1415,CCCCC(C)C=CC1=C=C1
1320,1416,CCC=CCCC=CC#CC=O
1321,1417,O(C)CN=NC(N)(C)C=NOCC
1322,1418,C=CCC=NCOCOC
1323,1419,C=CC=C(Cl)C=CC(C)=O
1324,1420,CCC=C=CCC
1325,1421,N1=CN1C(=C)C(C2)=C2
1326,1422,N=CCl
1327,1423,OCOC=CC
1328,1424,NOCC(C)CN(OCO)F
1329,1425,CC=NC=CNCSCC(O)C=CCN=C
1330,1426,CNCCC=CCC=C
1331,1427,CC=CCCCCCNF
1332,1428,O=CCC=C(CCC)CCC=C=CCCCC=O
1333,1429,CCCS=CCCCNCC=C=[NH1]
1334,1430,OCC=NC=O
1335,1431,CNC(O)=CC=CCC(C=C=O)CC1CC1
1336,1432,CCCC=CC=CN=C=C=COCC=C
1337,1433,C(CNCC)C=CN
1338,1434,CCC(C)F
1339,1435,CCCCCCC=O
1340,1436,CN(C)C(N)C1C(OCl)CC1O
1341,1437,C=C=C[NH1]CCCC=CC(C=C=N)C=N
1342,1438,CCOC=CC=SC(C)C=CC#C
1343,1439,CCCNCON=O
1344,1440,COC(C)CCC=COOCC
1345,1441,CCC=CCCCBr
1346,1442,C(N)=CCC(C)=C=SC=C=C
1347,1443,C(C)C(C)(N)CC=CC=CON(O)CCNCOCCOC
1348,1444,CCOC1CCCCCCNC#C1
1349,1446,CCCCC
1350,1447,N1C=C1CC2C=N2
1351,1449,O1CCC(C)C(O)C=C1N
1352,1450,N1=COCPC1POC
1353,1451,C(C)=CC=O
1354,1453,CCC=C(O)CNC=O
1355,1454,CC(C)Br
1356,1455,OOC#CCC=CCN=CCOC=O
1357,1456,C=NCC1OCC=NC([NH1]1)=NC=O
1358,1457,CC=CCN=CC(N=CC=C)C=CC
1359,1458,COCC=CNOCCCC=O
1360,1459,CCNCC(C)CC=CCOC#C
1361,1460,C=CCC(=NCN1S)C=CC1
1362,1461,O(COC#CCCCNCOOCCC)CC
1363,1462,CCNC(O)CC1=CC1N=NO
1364,1464,CC1=CCC=CCOC=C1
1365,1465,CNCC=NC=CCC=C=CCCl
1366,1466,CNCSCC
1367,1467,N1C2=C=NCOCCCCOOC1CC2
1368,1468,C=CCC=NNCCC(C)CO
1369,1469,NCPCOCCCC1C=C1
1370,1470,C=CC(C)CNC=CC=CN=C(C)CCCOC=C
1371,1471,C(S(N)N=CCNC1=CC2)CCCS21
1372,1472,CCCCC=CCNCN=CN=CCl
1373,1473,NCC(OC(C1)C1C=C)F
1374,1474,N1C=C=CN=CCCCC=C1O
1375,1477,CC=C=CCCCC=C=C
1376,1478,CC=CCC=C=CC=NC=CS
1377,1479,C=C(C)CCCNCI
1378,1481,CC(N)=NCC(CCON)(C)CC=O
1379,1482,CCCC(C)CCCCCC=C
1380,1483,CCCOCC(C)(O1)C1=O
1381,1484,C1NC1C2C=C=NCC(N)CC=C2N
1382,1485,CCCC(C)=O
1383,1486,CCC(C)NCl
1384,1487,CCC=C(C)CCl
1385,1488,NC(C)N=C(OC=O)CC
1386,1490,C=CCCNC=O
1387,1491,OCC1(Cl)CCC=C1C
1388,1492,CC=COCCNCNC=NC=C
1389,1493,COCC=SN=NC1CCCCNC1(O)NCCl
1390,1494,C1(C=C(C)C=O)[NH1]C=C1CC=NC
1391,1495,N(CCN)C=O
1392,1496,CCNCCN=CCCCC(C)=C
1393,1499,OCCC=NCC=CCNCCC
1394,1500,OC(C)OC=C1C(=O)C=CCC1
1395,1501,CNC=CC=CC=O
1396,1502,OCCC=C1OCC1C#N
1397,1503,C=CC=C(C)C=CCCCC=NC=O
1398,1504,C1C=C=CCCNC1F
1399,1505,OCCCCCSN=C=CC=CCNCC
1400,1506,NC=C1OCNC1(C2)C2Br
1401,1507,CCC(CCCCNCCCF)P=C
1402,1509,CCCC=CON=O
1403,1510,CNC[NH1]C=O
1404,1511,CN=C=C=C
1405,1512,N12CCC1N2
1406,1513,COC(C)COCS(C)=CCCC1C=C1
1407,1514,C=C=C=C(N)C(C)=C=CCCCCC[NH1]
1408,1515,OCNC=CC(=N)C=CI
1409,1516,CON(C)CNSC=C(C)C1=C(C)C=CCC(=C)CCCC1OO
1410,1517,CCCN(C)COC=O
1411,1518,CC1=CC(C2)C=C1C=CCC2(O)C
1412,1519,ONNN(O)NNP=SC=CC(C)COO
1413,1520,OC=C(O)C=CCCCl
1414,1521,CNC1(C)CC=C1C(C)=NPO
1415,1522,COCCC=CC=O
1416,1524,C=C=C=CCNC(C)OC=CCl
1417,1525,OCCCCC=CC=NC(OCCNN1C=CC=C)CCCN1
1418,1526,NCC=O
1419,1527,OCCOCC=O
1420,1528,COC(O)C=CCCC(C1)C1C
1421,1529,OC1C=C=C(CO1)CC(N)=NC=[NH1]
1422,1530,CC=C(O1)C1CCCC(COF)N
1423,1532,NCC=CCCl
1424,1534,C1S2N=CCCCCC=CC21
1425,1535,CCOC=CCCCC(C1)C1N
1426,1536,OC(N)=O
1427,1537,C(CNCCl)CC#CN=C
1428,1538,OC(C)=CCC=CCCCS
1429,1539,NN=CC=CCOCNBr
1430,1540,CC=CCCCF
1431,1541,C=C=C=C=O
1432,1542,C=C=SCC1=CCCNC=C1O
1433,1543,CCCCNCCCC(C)C
1434,1544,C=CC=CC(O)CC(N)CC=CCOC
1435,1545,N(C1CC#C)C1OC
1436,1546,N(C)CC=CN=C[NH1]Cl
1437,1547,CCNC=CCC1CC1
1438,1548,CCCC=NCCNN=C1CC=COC=C1
1439,1549,NCC=CC=CNC=CC(C1)CC=CCCC1
1440,1550,C=CCI
1441,1551,C=CC1(C)CSCCC=CC(C=CC1)I
1442,1552,CO[NH1]COC=CCCC=[NH1]
1443,1553,C1NCCC[NH1]CNC1COON
1444,1554,C=CCCNC=CC=O
1445,1555,NC(SC=C1C2C1N(O)CC2)F
1446,1556,S1C=C(O)C(C)CC=CCC=C1O
1447,1557,CCC1=CCPCC1C2CC2=C
1448,1558,C=C=CCOC1COC2C=C1C=CCNC2N[PH1]ON
1449,1559,FC
1450,1561,C(C(C(C)C)=CC1=O)=C1N
1451,1562,NCC1NC1O
1452,1563,CCCC1C(O)C=CCC(=C)CCO1
1453,1564,COCCCC=CCCOC=O
1454,1565,C1C(C)(CC=O)CCC(C)CO1
1455,1566,CCN=CC=CCC1=CCOOC1C#C
1456,1567,CC=CNNSC(C)(CCCC=N1)C1
1457,1568,CCNCCSOC=COCC=C=O
1458,1569,CC1C=CC(O)CCNC[NH1]C=C1
1459,1570,OCCCCC1C=CSCNCC1C#C
1460,1571,CCCOF
1461,1573,CCCCCOCCC=S
1462,1574,C1CC=CNC1
1463,1575,CC=C=O
1464,1576,CCCC=C=O
1465,1577,NCC1=CC=NCS(=C)CC=C1O
1466,1578,OCONOCC=C
1467,1579,CNCCCCCC=C(NC)CCCOS
1468,1580,NCOC=CCF
1469,1581,CC=SC=CCCC#CO
1470,1582,N1=CCOC=SOC2=CS1OONC2[NH1]
1471,1583,C=CC=CCCCC=CCCCC=C=CF
1472,1584,CCNC=CF
1473,1585,ClCC(O)CCC=NC=CC=C=COC=NC
1474,1586,COC1CNC=C(C)OOCC=NC1
1475,1587,O1CCNCOC=C1C(O)F
1476,1588,N(C)=C(O)CSC=CC=O
1477,1589,CCCC=CCCCC=CC=C(C)C1CC1(C)Br
1478,1590,CCCN=CC=O
1479,1591,C1=CC=CN=CC=CCCO1
1480,1592,NCC(OF)C
1481,1593,CCCC(C)C=CCl
1482,1594,CC=SCCCC=NCC=C=NO[NH1]C=O
1483,1595,COCC=NCNC=CCC=CCCC1CC1
1484,1596,OCF
1485,1597,NNC(C)CCSC=O
1486,1599,CCOCCNC=CC1CC1
1487,1600,C(C)CC(C)Cl
1488,1601,C1=C(C=CCC)C(C)CC=C1
1489,1603,C=CCC=C(C1)C1
1490,1604,CC=CC=CCNCC=O
1491,1605,COCC(C)CCOCN(C)C
1492,1606,CCC(C)COC=CC=CC=O
1493,1607,CCCN(C)CCC(N)O
1494,1608,C=1CCC=1C
1495,1609,C1OCCCONCOC(C)=CCC1
1496,1610,NCC=C(N)COC=C=O
1497,1611,CCOCC(C)OCNC=CCOCN
1498,1612,COC=C=CCCC(Br)CC
1499,1613,BrCNCCOC=NC=C=CCCC=C=NCNF
1500,1614,NCCCC=CC=CCCCCl
1501,1615,CC=CC(C1)=C1ON=N
1502,1616,C1(C)=C2[NH1]CC1S2CCS
1503,1618,NOC=CCNC=CC=C=C=C=[SH1]#CN
1504,1619,CCCCC=C=C=C=CCOC
1505,1620,N=CC=CC=CCNC=CC=CCC[NH1]C
1506,1622,CS=C(C)COC#CCC=C(N)N=N
1507,1623,NCC=CC
1508,1624,C#CC=NCCNCCCF
1509,1625,CCCOCCC=CC=CNC=O
1510,1626,OCCCCCC(N)SC=CCBr
1511,1627,CC=SCCCCC=CNC=O
1512,1628,OC1C=C=C=C1ONN=N
1513,1629,COCC=O
1514,1630,CNCC(C)OC=C1C(O)CC=CO[NH1]COCC=C1O
1515,1631,C=CCNC=CCOC=CC=C
1516,1632,CCCNCC#CNC=O
1517,1633,CCNCNCC(=C)C
1518,1635,COCCCl
1519,1636,C1=CC=N1
1520,1637,CNCNCC=NC=CC#CCC=C=COC=C
1521,1638,O1OC=CCCCOO1
1522,1639,CC=C(C)CCCC=O
1523,1640,CCCOC(C)C=CS(C)CCCCNC(C1)C1
1524,1641,CCCNCC=CCCCC=NC=C=C=CO
1525,1642,OCCCCC(C=CC)C1=CCP=C=NC1N
1526,1643,C1=CC=C=C(CCCC=O)O1
1527,1645,C=C=CC=O
1528,1646,NC=CC(C)C=CC=O
1529,1647,CCPCC(C)=C(C)Cl
1530,1649,CC(=O)CCCl
1531,1650,OC1CC(S)CC1(C)C#CCC=O
1532,1651,CCCCNCCC=O
1533,1652,CNCC=NCOOCNCNC=NNS
1534,1653,C=CCC=CSCC=NCC[NH1]CF
1535,1654,OCCCCNC=CCCC=O
1536,1655,OCC(C)CCC(C1)C(C)(C)C1
1537,1656,C=CCC#C[PH1]
1538,1657,C=CNOF
1539,1658,N=C=C(C)C=CF
1540,1659,CCCCNCCC(C)C=CN=O
1541,1660,NCCCF
1542,1661,CCCOC=CCCC(C)COCNC=C=C
1543,1662,COCC=CCCCCNCO[NH1][SH1]
1544,1663,SC=CC=C=C=O
1545,1664,CCC=CCNCCF
1546,1665,OC(CC=NC=O)N
1547,1666,C1CNOCOC(C#C)COC=C1CCl
1548,1667,OCCCCCOCC=O
1549,1668,COOOC(O)C=CCCCC=C=C(C=CNC)C
1550,1669,C1C#CCCCCC(C)CC1
1551,1670,C=CC=COC(C1=CN1CCC=CNCCC)=O
1552,1674,C=C=CC=C=C(OCC)CC#C
1553,1675,NOC(C)=CC(C1)C1=C
1554,1676,ClS(=C)(CCOC)CNCl
1555,1677,COCCC#CCC=CC#CN
1556,1678,CC=CC=CCC(=C1)N(C)CC=C1
1557,1680,CCCCCCCl
1558,1681,CC1C(C)C(C=C1C)C=CCl
1559,1682,CCCCCC=CO[NH1]CC=NC=C(C1)O1
1560,1683,N=CCNC(C=O)CCF
1561,1684,OCC#CCCC=CCF
1562,1685,C=CNCSCOC=CCOC=NNC1C(C1=N)N
1563,1686,CC=CC=CC=O
1564,1687,CC(C)C(C)C=O
1565,1688,COC(N)NCl
1566,1689,C1COCC1CNN2CC2
1567,1690,CCC(CCNCC)(C)C
1568,1691,C1CCC=COCCC1C#C
1569,1692,O=CCNC=C(C)CCF
1570,1693,CCC(C(N)CC1CCCC)C1ON
1571,1695,C=COC(=C)N(C)OC=O
1572,1696,CCCCSC=CC=C=CC=CCC=CCCN=O
1573,1697,CC1NCON(CC=CC)C=C1C2=CC2
1574,1698,O=C(C)SCCBr
1575,1699,CCC=CCCC=SNCNC=CCC
1576,1700,OC=CCCl
1577,1701,CCS#COC=O
1578,1702,CC=CC(C=CC=C=NCl)C=CI
1579,1703,C=CSNC=C=CCC=CCC=O
1580,1704,C1=CCCCCCN=NCC1N
1581,1705,CCCCCSCCCCC=CC=CC#N
1582,1706,CC=C(Cl)C
1583,1707,CNCOCCCCCCCCC#C
1584,1708,ClCCC(C)CCSCC=CC
1585,1709,COCC(C=CC#CC=O)C
1586,1710,C1CCC=C=CO1
1587,1711,CCCC=CC=C(OC=CN)C=CCC=C=C
1588,1712,C=C1CNCCC2=C=CCCCC=CC21C
1589,1714,CCCCCNC=NC=CCC=NC
1590,1715,NOOCCCNCC=C=C=O
1591,1716,C1OCNCCC=C1C
1592,1717,C1CN1C=COC=C=CCl
1593,1719,C=NCCCC(C)COCC=O
1594,1720,CCCCC(F)CSONSCN=NO
1595,1721,CCCOC(C)C=CN(C)CCBr
1596,1722,CNNC=O
1597,1723,CCNPC(C)CC=C=C
1598,1724,CCC=C=NC(OC=NC)COCC=C(CCl)CCNN
1599,1725,CNN=CCCCNCC(C)(N)[NH1]
1600,1726,NC=CCSCNCC=CC=C=O
1601,1728,O1CCCCOC(C=C=CC1C=O)OCN
1602,1729,CCC=C=COCOCC
1603,1730,C1CN(O)C1OO
1604,1731,CC=CCOC=O
1605,1732,NC=C=O
1606,1733,C(C)C=CC=O
1607,1734,NC=CCCCC=C
1608,1735,PNNC=NC=CCCCCl
1609,1736,CC(C)I
1610,1737,C=NSCCCCCC=CC=C=O
1611,1738,CC=CN=O
1612,1739,C1SCCC=NC(C)N=NC=C1
1613,1740,OCC=NCNCCNNCF
1614,1741,CNC(SCS=C1)C1CC#C
1615,1742,OC=CCCC=CN1CCN(C)C1CCCCC=O
1616,1743,C(C)(NCCC=C(C)C(N)C)C=C
1617,1744,CC(O)S=NCN=O
1618,1745,CCOOC1[NH1]C=C=C(C)C=CNC1
1619,1746,CC=CCCCCCCOCC1SN1C
1620,1747,NCN=O
1621,1748,C(C)C=O
1622,1749,C=C(C)CCSN(N1)C1
1623,1750,CCC=CCl
1624,1752,OC=C(C)NCC1CC1OCC=O
1625,1753,C(=NOCN=COC=CCSC=O)Cl
1626,1754,C(CCNC1CCCC1CC=N)CNN
1627,1755,ON=C(O)CC(C)C=S
1628,1756,S1NC#CC1NC=CCON
1629,1757,COCCN(C)C=C=O
1630,1759,OCC(C)C(NCCC)C=O
1631,1760,NC=NC=CCC=C=CCC=CC1NCCOCOCC1
1632,1761,COCC(C)CC=CCOCC=NCO
1633,1763,OCC=C=C(C)C
1634,1764,ON(CC(C)=O)COO
1635,1765,CCCCNCC(C)C(N)C
1636,1766,OCC(N)SC=O
1637,1767,CCC=CC(NC=C(C#C)CCC)Br
1638,1768,CCCC=CCNCCCCl
1639,1769,C=CCC=CCCC=C=C
1640,1770,NC=C(C)N=CN=CCl
1641,1771,C1N(C)CCCONC1
1642,1772,NCCC=CC=CI
1643,1774,CC=C=C=O
1644,1775,O1NC=C1
1645,1776,CC=COSC(C(C)C(C)N=CPC)OO
1646,1777,COC(OC=CN=C(C)CC)CC(C)C=O
1647,1778,C1N=CC2NC(C)=C(C2C)C=NN1
1648,1779,C(C)CCCSC(=C)CC=C
1649,1780,CCNNN=O
1650,1781,CCCCCC(O)=O
1651,1782,CNNC1=CCNCC1C=O
1652,1783,C(N)=CC=CCCCC(C)C=O
1653,1784,CC(C)C1C(C)C=CC=CC1NC=O
1654,1785,N1OC=C2C1NCCOC2
1655,1786,C1C=CC(=C)C(C)C=C1
1656,1787,N=CNC(C)CCOC(C)=O
1657,1790,CCCC
1658,1792,CNNCI
1659,1793,NC1SCC=NC(Cl)=NCC=C1
1660,1794,C1=C=CC=CCC1C(CCC)C=C=N
1661,1795,N=C=CCCCC=O
1662,1796,N=C=NOCN=C(C)C(C)C(CC)Cl
1663,1797,COC=CCCCOCNN
1664,1799,N1C=C(C2)C2(O)CCC=C1
1665,1800,OC[NH1]CC1C(O)C(C2)N12
1666,1801,OC=CCC(C)CCl
1667,1802,N=CC=CCCCCC(C=C)=NO
1668,1803,CC=CCN
1669,1804,C=CC(C(C1)Cl)=C1
1670,1805,CCC=C=NCCC[NH1]C=CCCC#CCl
1671,1806,OCCNC(COC=C)CCCCC(C)COCOC=O
1672,1807,N12CC=CCOC1=C2
1673,1808,ON=CCC=CCC=CC=C=COC=C
1674,1809,NCCON=CNCCN=C
1675,1810,CCOCC=C=NCSCCNC=CC=O
1676,1811,CCCC(COCC)OC=NCC(O)CCS=C=NN=O
1677,1812,CN1CCNC(C)=NNC=C=C1
1678,1813,C1CNCC=CCC=C1
1679,1814,NCC(C=1)CC=1
1680,1815,CCOCCN(C)CC=COC#C
1681,1816,CC(N)C(C)CC=O
1682,1817,C#CC=O
1683,1818,CCCNCF
1684,1819,CCC(C)OC=CNCC#C
1685,1820,OCCCC(CC)OC#CCO
1686,1821,CCSCC=CCCC=O
1687,1822,C=C(C=CN=CCCCl)CONC=C
1688,1823,C=CNOCCCPCCCCCCSO
1689,1824,NCCCNCCC=CC=C=COCl
1690,1825,ON1C2(C)CC1C=C(OC3)C3CN2O
1691,1826,C1=CCC=C(C)C1CNCC=CCC
1692,1827,O(C)CC([NH1])C=C=C(O)NO
1693,1828,CS=NCCCCF
1694,1829,CN(C)C=CCCNCCC=NN
1695,1830,FCNCC
1696,1831,O(C)S=C=C=NCSN=O
1697,1832,C=CC=C
1698,1833,C1COCCC2CC=CCC=C21
1699,1834,ON(CCCC(=NO)CC)CCF
1700,1835,CN1CSCCCC1C#C
1701,1836,CCOCCCNC=O
1702,1839,C1CC1(CC=C=C)CS(C2)C2C
1703,1840,CSC=CCCCC=O
1704,1841,CC(O)NCC(C1)C1C(C)OCOCS
1705,1842,CC1CC=NCC(O)CCC1
1706,1843,NNNC(=C)NCCCC=O
1707,1844,CCCC(C1)C=C1N
1708,1845,NCC(N)=CC
1709,1846,CCC=CN=CN=CCC=O
1710,1847,O1CCCC(C)=CC(N)[NH1]N1
1711,1848,C1C(O)C1C=O
1712,1849,C1C=CNC=CC[NH1]1
1713,1851,CCOCS=C=COC=C(N)NCl
1714,1852,COCCCOOONOCF
1715,1853,C1(C)=C(C)OC1=N
1716,1854,CCOCCCN=C=N
1717,1855,CCC(C)(C)C=CCC1=CN=CNC1
1718,1856,C1CS=C(C)CONC1
1719,1857,O1CCC=CCCC=CC1CC
1720,1858,CCC(C)C=CC=NCC=CC
1721,1859,O(C)NOCC(C)C(C)CC=S=N
1722,1860,C1CNC#CC1CCCCON=N
1723,1861,C=CC=CC=C=NC
1724,1862,N(C)C=CCC=CCBr
1725,1863,NOC(C1)CNN=CC=CCOCC=C1
1726,1865,CCNCS=CCOC=O
1727,1866,C1C(C)C(C)CCC1
1728,1867,C=CCNNCOOCSCC=O
1729,1868,CC(N)CC=O
1730,1869,OCCCl
1731,1870,C=C(C)CC=NC
1732,1871,C=CC=CC=CCCC=O
1733,1872,COCCCC(N)I
1734,1873,CCCOON(CCCC)COOON
1735,1874,CCC=NC=CCN=CCCCCC=CCNC=CC=C
1736,1875,CCCCOCl
1737,1876,NC(N)C(O)N1C=C1CCCC2=CC2
1738,1877,CNOCCCCC1C(C)C=CC1O
1739,1879,OC=NCNCCC=CC(SN1)C1
1740,1880,C1=C=C=C=NCCCCCCC1(C)F
1741,1881,NCCCC=C(N)ONCCOO
1742,1882,O=CCCCNCC(=NC=O)OC
1743,1883,CNCC1CC=CCO1
1744,1885,ON(C)CN(C)COCONCCCC=O
1745,1886,NCC(CC)(CCNC=N)C=CC=CBr
1746,1887,CC(C)C=C=CC=NBr
1747,1888,C=CC=CCN=CN=CC=CC=O
1748,1889,CCCN=NCC=CC=CC=CCCC=O
1749,1890,CC(C)=CC1SCOC1N
1750,1891,C1NCNC2=CCC=CC2=C1
1751,1892,C=CC=C=CCCCCBr
1752,1893,CNC=CC1=C(CCC=CC=C=O)CC1
1753,1894,S1=C(C2)C2=CC1C
1754,1895,NCOCCCCNC=CC#CO
1755,1897,CC=C1OCC=CNC1
1756,1899,CCCCNCC#CCC(O)O
1757,1900,C1NCCC=CC1(C)C=COCN=CC=O
1758,1902,O=CC=COCNC=O
1759,1903,CNC=C=C(CC=CC)C
1760,1905,CCC=CCC(C)(C)Br
1761,1906,NCCC#CN(CCCCN=CN=CC(C)=N)C=O
1762,1907,C=C=NCCC=O
1763,1908,C1CCCCCC1(CBr)C#CC(C)C
1764,1909,C1=C=CC=CC1O
1765,1910,C=NOCC=CN=C1C=CC=CCCN=C1
1766,1911,CCC=CCC1=C=CCNC1C=O
1767,1912,CCCC(CC(C)CCCCC)CC=[PH1]=CS
1768,1913,N=1OC=1
1769,1915,CCCC=CCCCNNNOC
1770,1916,CCNC=CC=CC=C=NN=CC
1771,1917,CCOCI
1772,1918,CC=CC(O1)CC=CCCC1N
1773,1919,C(C)=CC(=O)CPCC=N
1774,1920,CCOCC(N)NC=C1O[SH1]1=C2NC2
1775,1921,CC=CC=C=CCCOCC=O
1776,1922,NBr
1777,1923,NC1C=CNCNCC=CCC1
1778,1924,C1(C)=CC1(C)CC=C
1779,1925,C(OO)S=CONCl
1780,1926,ON=CCCC(C)C=O
1781,1927,N(C)=CC=C=O
1782,1929,CNCCNCC=CC=C(N1)O1
1783,1930,C(CCN=O)Cl
1784,1932,C(C)C(C1)C2CCO[NH1]CC=CC2C1C
1785,1933,C1=CONC1O
1786,1934,C=CCOCI
1787,1935,COCCC(CO)C=C1C(C)CN1C=NC=O
1788,1937,CCCC=CONCCCC=CCl
1789,1938,NCCC(=O)CN1CO1
1790,1939,C1=CC1NCOC=C=C(C)C
1791,1940,C(CNC=C)=C
1792,1941,OC(C)CC1(CC)C=NC=C1N
1793,1943,N1C(C2)CN2CNCC1F
1794,1945,OC(CCC)C=CN=C
1795,1946,CC(C)N(C)CC=C(N)N=O
1796,1947,CCOC(C)(CCCCC=CC1C=C1)C
1797,1948,CCCC=NN[NH1]COC=CC#C
1798,1949,NCCCCC(CPCC=O)SCCl
1799,1950,O=C=CC=CCCCC=NC
1800,1951,OCCC=CCCNC=O
1801,1952,C=C1C=C(C)CC(C=CC=C)N1N=C
1802,1953,C=1=C=C=CC=1CCO
1803,1954,CCN=NNCC=O
1804,1955,CCCCCNCC
1805,1956,ICC=CC=C(CO)C=O
1806,1957,NCCOCC=CC#C
1807,1958,CC=CCNC=CC=NBr
1808,1959,CC=[PH1]C
1809,1960,O=CCCCC(C)=COCBr
1810,1961,CC(C)(CCl)C
1811,1962,OCCNC(C)C(C)COC
1812,1963,C=C=CCNCNCCCC1NO1
1813,1964,NNN(O)CCC
1814,1965,N(C)CCCC(C)C=CC#C
1815,1966,CCCCC(NC)C
1816,1968,NC=C=CCCC=NC
1817,1969,CNCC=NCNC#CCCC=CN=NO
1818,1970,C1=SNC=C1CCC2C=N2
1819,1971,OCOCCOC=C(O)CCCNCCC=C
1820,1972,CNNS(C)F
1821,1974,C1C=CCC=C=C1N(CCO)CS=NO
1822,1975,CCCCNC#N
1823,1976,N=C(CCC)SC=COCNCC=CCCl
1824,1978,OCCCC=CCCC=CC1CC1
1825,1979,N=1CC=CC=CC=CC=1O
1826,1980,C=CC1SC1COCC(C)CCl
1827,1981,SC=CC1=CCC(S)N1N(C2)N2
1828,1982,CCC(C)COCC=CC(COCC)=C
1829,1983,ClC=CC1CN=CC=C1O
1830,1984,ONC=NCN=C=C=SCCC(C)=O
1831,1985,OCNC(C)=C(O)C=CC#C
1832,1986,NOC(C)COC=O
1833,1988,OOOC1CC=C(O)CCC=C=C1
1834,1990,CCOC=O
1835,1991,COCCCCC(N)SC=O
1836,1992,CCCC(C)CSC=SNC=O
1837,1993,CC=C(N)CNC=CN(C)NON=C1CO1
1838,1994,OOCCC1CC=C=CCCC1CC=NO
1839,1995,N=C=CONCNNC=CCF
1840,1996,C=C=C(C)C#CN(C)CNC=O
1841,1998,CN(N1)CC(C)CN1O
1842,1999,C=C(C)C1CC1(Br)N
1843,2000,CNCNNNC=O
1844,2001,CC1COCCCCCC(CC1N)=CNCC
1845,2002,CCC=CC1CO1
1846,2003,FCC=CCC=C=COC(O)=NC=C=CO
1847,2004,CCCC=C(S(C1)Br)O1
1848,2005,CCCCCCNCC=O
1849,2006,NC=CC(C1C)C=CC1=C
1850,2007,NCC=CC(C)C(CC=C)CCC=O
1851,2008,C1(C2)(C)N=C1C=C2C
1852,2009,CNC=CSC=CC=CCCN=C=CC=CCC#C
1853,2010,CCOCCNC=O
1854,2011,CCCCC=CCC=O
1855,2012,CCOCCC=NCCNS(C)#CNS
1856,2013,O1C=CCCCN=C1
1857,2014,C1CSC=CC1CCC=CC=CC=O
1858,2015,COF
1859,2017,C=C(C[NH1]C=O)C1N=CCC1F
1860,2018,N1N=C=C=CCCNOO1
1861,2019,CCCCSCCC
1862,2020,C1N(C)CC1C=CC=C2CC2O
1863,2022,CNCNC=NCC(N1)=C1
1864,2023,CN(C)C=CCCCC=NCN(O)O
1865,2024,CNCCCCSC=C=CCF
1866,2025,CC[NH1]C=O
1867,2026,N1=CC1C=CC=CCC=O
1868,2027,CCCONCCSN=CCC(C)CO
1869,2028,C1(C=CCOC(C)=C=C12)O2
1870,2029,C1OCC=C2C=CCNC2(C=O)CC=CC1
1871,2030,CCCC=C=NNCCF
1872,2031,N(Cl)CS1(C)=CC2C=C(C)C1N2
1873,2032,CCN1C2=CC=CC21O
1874,2034,C=NCC=NCCCOC=CCN=C=NCC=CC
1875,2035,C=CN=CC=CCCC(C)OC=CNNCC=CO
1876,2036,N1CCCNCC1=NCOSO
1877,2037,C1=CN=C(C)C1CCC=C
1878,2038,N1=CCCC2NCC1N3C2=C3
1879,2040,CS=CCCCCC=O
1880,2041,C1CNCC1N=CCl
1881,2042,CC(C)=CC=C=N[SH1]=O
1882,2043,NC(N)[NH1]CCC1=CC1CC=O
1883,2044,CC(O)C(C1)O1
1884,2045,CCNC(C)CNOOCC#CC#C
1885,2046,CS(CC=NCCCC)OC=C
1886,2048,CCCCCC=CC=NONCC=NNC(O1)C1O
1887,2049,CCC(=C)CC=C(N)CC=CCCC=N
1888,2051,C1OCCCCCCCC1
1889,2052,CCCCCCNC=CCCCNC=C=CCl
1890,2053,C1OCCCC=CNS1
1891,2055,N(C1)(C)CC(=C)C1C
1892,2056,OCCC(CCC(C)=CNCC)CNC1CC1N=N
1893,2057,C(O)CNPCC=CC=O
1894,2058,C(C)[NH1]C=CS=CCCC=O
1895,2059,C=CCC(S)=O
1896,2060,CC=NNC=NC=CC#CCOCCC=CC=C
1897,2061,CN=CCCCl
1898,2062,CCCCCl
1899,2064,C1CNC(NC=O)C1C
1900,2065,NCC(C)=COCC=C=NCCCC=O
1901,2066,C1CC2CC(C)(Br)CC21
1902,2067,CC=CC=COCC#CC=C=C
1903,2068,CC(CCCBr)C=CCOCO
1904,2069,NOCCCOCN(C)C=NC1C=CC=C1CN=N
1905,2070,S=CC(C)C=C=C
1906,2071,NNCCl
1907,2072,CC(O)C=CCCC=C(C)N=CNN
1908,2073,C=CCCN=CCNCl
1909,2074,CON=CCC=CC(C1)C1
1910,2075,CCNNC(C)COC=CC=O
1911,2076,C=CCC=CC=O
1912,2077,S(C)=CNCC=CCCCC=CCC=O
1913,2078,C1NCC1C(C)NOC=C=C(C)C=C=NC
1914,2079,NN=CCCC=CF
1915,2080,C1CCCCNCC1C
1916,2081,CCSCCOC=CC(C)OCCCC=C
1917,2082,CCC=C=CPSC=C=O
1918,2083,CCCC=CC=CCCl
1919,2084,C1C=CCCSC(C)CC1(N)CC
1920,2085,C(N)CCCC(N1)C1
1921,2086,O=CC(C)(C1)CC1=CO
1922,2087,CC(CCCCNC=O)C#C
1923,2088,OOC(C)C=CON=C
1924,2090,CCCCCC=CCC
1925,2092,O=CCN=CC(C=CC=CC(C)=C)O
1926,2093,OONCC(CCBr)COC=C=CC=O
1927,2094,C=CC(OCCC)CSCCSCNCC
1928,2095,NC#CCCNC=C(Cl)C
1929,2096,C1=CC(C)CCCC1
1930,2097,C=C(C)C(C)CCC=CON
1931,2098,CCC#CC=C
1932,2099,O1C=CCNSNC=C1S
1933,2100,CCNC=O
1934,2101,CCCN=CC=CC=CCCCC#CCCF
1935,2102,CNCOC=CC=CC=O
1936,2103,CC=C(C1CCC2=C=C=C1)CCCCN2O
1937,2104,NCCl
1938,2105,C=CC(N1)C1(N=O)ON
1939,2106,N1CC=NC1(C)CC=C2C=C2C
1940,2107,C(C=C=O)C=CCC=C=CNC=CC1CC1
1941,2108,C[NH1]CNCCC=C(C)ON(Cl)CC=NCN
1942,2109,COC(=C)CN(CSCC=O)CCCl
1943,2110,C1CC1Cl
1944,2111,OOCC=CC=O
1945,2112,CCCOCC=CNC=CON1C=C=C(N)N(CC1)N
1946,2113,OC=C=C(OBr)C=O
1947,2114,CCC=CC(CC=O)C=O
1948,2115,CC1=C(CCC)CC(CCO1)NCCC
1949,2116,C=CCCCBr
1950,2117,COC(CC(C)=O)CF
1951,2118,CC=C=CCC=CC=O
1952,2119,CCC=C=CC=NC=CCCCC#C
1953,2120,CCCCC(C=C=O)=NOCCC1C(O)(N=S)C1Br
1954,2121,CC(C)CC#COOCO
1955,2122,CNC
1956,2124,CC1CCCS(C)C1CC=C=O
1957,2125,CC=CNC(O)C=C(C)CBr
1958,2126,CCCCCC=CCCC=C
1959,2127,CC=CCNC=NCC1C=C1
1960,2128,CCC(N)C=O
1961,2130,C=CCOONNC=O
1962,2131,CC[NH1]S=C(C)C=CCCN=C=C=C(C)C=CN
1963,2132,COC=C=COC
1964,2133,C1CC=CC1S=NSCOC=C2OC2
1965,2134,CCC=CCC(C)CCC(C)SC=N
1966,2136,CC(C)(C)C1OCC=C1[NH1]Cl
1967,2137,NC=NC(C)(C)CF
1968,2138,CCC=C(N)CC(C)C=CC=O
1969,2140,OOCOCC(CC[SH1]=O)=C(C)CC#N
1970,2141,CC=CCCCC(C)=C=NOCCC=C=CF
1971,2142,CC=CC=CCNCCO
1972,2143,CCC=CNCC
1973,2144,C1CCN(C=C(CCCC)CCC)C1
1974,2146,C=CC=CC=NC=C=N[NH1]Cl
1975,2147,NCC=C=CCPC=CCC=CC
1976,2150,C1CNC=CCN=CCS[NH1]1
1977,2153,OCC=CC1(Cl)OC=C1NNC=CO
1978,2154,COCCC=CONCC=C
1979,2155,CCCC(CCl)O
1980,2156,CNC(C)(C)C=CC=C=CC=C=C(C)NOCN
1981,2157,COCCOC=O
1982,2158,CSCSCC=CSCN=C
1983,2159,NCC(C=C=C=O)CCC
1984,2160,N1CCC(C)CC1
1985,2161,C=CCCCC=CC(F)C=C=CS([NH1]O)PCNC=C
1986,2162,NC(C)CSC=O
1987,2163,CC(N)CNC=C(C)C(C)C=O
1988,2164,C=CCCN=NCCC=CCC=CCNO
1989,2165,CCC(C)C#CCC=C=O
1990,2166,C1CCC(CN1CCC=C=N2)=C2
1991,2167,CCCC=C(Cl)CNCC=CF
1992,2169,CCC(CCNC=C1)C1(N2)C2
1993,2170,OC1(CCCOC12)CC=CC2(CSC3N)O3
1994,2171,COCNCCCNCCOCCCl
1995,2172,NCOCCC=CC=O
1996,2173,NCC=CCNC=CCC=CN=CN
1997,2174,S=C=C=CC=C=C=COCCCC=C
1998,2175,ONC=CF
1999,2176,C1C(C1=C)C#CCOC=C=O
2000,2177,CCOC=CC1[NH1]C2(C)C(C)C21
2001,2180,C12=CCC=C=C=CC#S1C2
2002,2181,CCCCCNC=CC=O
2003,2182,CN=CC1=CC1[NH1]OOO
2004,2183,CC=CCC=NC=[NH1]
2005,2184,C=C(C)CCCC=CC=COO
2006,2185,NC=CCCCNCNC(C1)NO1
2007,2186,CC=C=CCC=C=CCOC=C=C
2008,2188,N1CN=C1N
2009,2189,CC=CC=NCCCCOC=CC(C1)C=C1
2010,2190,OCCNC(C)CC=CC=O
2011,2191,O1OOCC1C
2012,2192,CC(CC=C=COCCC=NC)CSN=C
2013,2193,COCC=NC(=C)C=O
2014,2194,CC=CC=NC=O
2015,2195,OOC=C(CC)N=CC#N
2016,2196,O1CC2C1=CC=C2
2017,2197,SC=CCCCCCCCC=C=CI
2018,2198,O1C(=O)N=C=C1C=C(NC)C=C
2019,2199,CC=C=C=C(C)CCN(C)C=S
2020,2200,CC=C=CNOCCOC=CCF
2021,2201,C1CCC(C)NC1C=O
2022,2202,BrOC=CNCC=NCCNC(=C)C
2023,2204,CCOC[NH1]C=CCOCC1C=C1NC=CN
2024,2205,CCC=CCCCOCCC=CC=N
2025,2206,CCCCCCCCO
2026,2207,C=CCCC=SNC=O
2027,2208,C=CC=CCC=CC=CC=CC(C)=O
2028,2209,CCC=C=CCNCBr
2029,2210,C1CCC1N
2030,2211,C(C=CC[NH1]C=CCC=NC)CC=CCC=CN
2031,2212,N(ONCC)=CC1CC=CC=C=C1C
2032,2213,OCC=CCC=O
2033,2214,O=CCCCC=CC=CC=C=C=C=NC=O
2034,2215,C1C2NCCCCC2C=C1O
2035,2216,CCCCNC=COCCCCO
2036,2217,C1C=C1C=C=C(C)C2CC#C2
2037,2218,N=CC[NH1]CCCNCCSCl
2038,2219,CCC(C)(C)CC=C=NCCCC#C
2039,2222,C1OCCC1C=C
2040,2223,C12=C(C=C3C1)CNC3C=C=CN2
2041,2224,CCCCCC=CCC=CC=O
2042,2225,N=CC(CN1C(C)C=C1)C=CCN
2043,2226,CCS=O
2044,2227,C1=CNCOCN=CCCC=C1CO
2045,2228,NC=C1C2C=C(C)C21C=O
2046,2229,CCCCC#CC=NOO
2047,2230,CCC=NCC
2048,2231,C12CCC1CC2=C
2049,2232,CCCCCCCCNCCNC=C[NH1]Br
2050,2233,OC1CCOOC1(N)CC
2051,2234,C1(C)NC=CCNC=CC1C=O
2052,2235,CCC=CNCS=CSC(N)OO
2053,2236,OCCS=COC=CN
2054,2237,CC=CCC(NC=CC=CON)=O
2055,2238,O=CCNC=CCCC(C)CN=CCCl
2056,2239,OCC1=C=C(CC=C1)NC=NOC=NCCC=CC=S
2057,2240,C=CC(O)C=O
2058,2242,O(S)CCOC(C)CNN=CCO
2059,2243,C12CCCCCCN1O2
2060,2244,C1SCCCCC=CCC1NNNC(O)COCO
2061,2245,NCC(C=C)CC=O
2062,2246,C#CC
2063,2247,C=C(N)C=CC=CC=NC(C)(C)C
2064,2248,CNC=CCC
2065,2249,ClCCCC=CC=CC=CCONN
2066,2250,C12CC1=CC=CCCC2(CC[NH1])C=CCC
2067,2251,CCCCCCS(C1)C1=O
2068,2252,NCC=CC=CC=CC=CS
2069,2253,N1C=C(C=CC1)C=O
2070,2254,OCNCOC=O
2071,2255,C=CCCC=CNOCCC=CCCl
2072,2257,CC=NCCCCNCF
2073,2258,CCNC=C=NNCCCC=CCl
2074,2259,OC(C)OCNCNC1=NC=COC=C1
2075,2260,C(C)NBr
2076,2261,NOCOC1COCN(CCC=O)C=C1
2077,2262,OC=C=CCl
2078,2263,COCC(C)CC(C=C1C)C1
2079,2264,CCCC(C1Cl)=C1
2080,2265,CC(CCCC)CCCC=C(C)C(C)CCl
2081,2267,CC=CC1NCCC1CCPOO
2082,2268,CCNC=C(C1)C1C(O)NNNOC
2083,2269,CC=CCOSC=CSC(=C1)N1
2084,2270,CC(C)(C[PH1]C=C)CCC(=C)C=CNCOO
2085,2271,CC=CCCOC(O)COOCOC=CCl
2086,2272,O=CI
2087,2273,C=CN=CCCCl
2088,2274,S1=CCCOC1C=CC=CC(=C)C=N
2089,2275,CC#N
2090,2276,CCC1C(C2)C2O1
2091,2277,C1CC[NH1]1
2092,2278,CC=C(C=C(C)CCCCCC)C1C=N1
2093,2279,CC=CC=CCC(N)CCCC=O
2094,2280,OCC=C1N(C)OC1C=N[NH1]OC=N
2095,2281,OC=C=C=C=C=CC
2096,2283,CC=CCOCCCCCC1CCOC=C1
2097,2284,C12CC(C)=CCNC1N2
2098,2285,CP12CC=CCN1CCCC=C2
2099,2286,NCCSCCCOC=CC(C)C#C
2100,2287,CCCCCCCC=NC=CS(=C)N=N[NH1]C
2101,2288,NCCCNN=CCN
2102,2289,ClCCC(P)N=C(C=C)C(C)(C1)C=C1CCl
2103,2290,N(C)F
2104,2291,CCCCC(C)C=NCCCSO
2105,2293,NCC=COC1=CCCCCC1
2106,2294,O=C(C)C=C
2107,2296,CNC=CCCCCC1CNC=CC=C1
2108,2298,C=CS=C=C=CCCC=O
2109,2299,COCCCC(CCCC=CCF)NCCC=C
2110,2300,CCN(C)CCC#CN=CCCC=C=N
2111,2301,C1OCCCCOC(C)C=NC1
2112,2303,CNCOCCCC=CC=C
2113,2304,NC=CC(C1)N1F
2114,2305,C=CC(C)CC=C(CCCC)OO
2115,2306,C=C=NCCCO
2116,2307,O1C(C=C(C)CN=O)CC1=C2CC2
2117,2308,OCCCC=O
2118,2309,OCNCCC1CC1
2119,2312,C#CC=C(C)Cl
2120,2313,CCOCN=O
2121,2314,COCOOCC=CC=CSC(C=CNC=N)N
2122,2315,CCC(N)C(C1)C1=O
2123,2316,C[SH1]C=CC(Cl)CC=CON
2124,2317,CCOC(C)C=NC1OC1
2125,2318,SOC1N(N)SCNC=C=CCC1
2126,2319,CC=CCC=C=CC=O
2127,2320,C1=CN=CCCN=C1NOC#C
2128,2321,OCC=C=CC(OCCC)CC=CCC#C
2129,2322,O=CCC=CC=CS
2130,2323,CCOCC=CCC=NC1C=N1
2131,2324,C1OCCCC12C=CCN(C)C2CCC=CF
2132,2325,CNCNC=CC=CC=O
2133,2326,C1OC1CCC=CCC=CF
2134,2327,NC(C)COC(C)=COCOCCN=O
2135,2330,N=CNNCOC(=C)C=CC#C
2136,2331,NOCCCCOCC=O
2137,2333,C1=CCC=NCCC1=NCOO
2138,2334,CCC=NN=CC=CCC=C(C)ONCN=C
2139,2336,CC1=CCC=NCC2=CCOC=C2C=C1
2140,2337,OC=NCCCC=CC=O
2141,2338,C=C(C1)C(=O)CCNCC1
2142,2339,N1=NN=CC=C(O)OC=C(C)N1C
2143,2340,NCOCCCC=CC=C=C=C
2144,2341,CCCON(O)CNNCCCC#N
2145,2342,CC1C(O)[NH1]C=CCCCO1
2146,2343,C=CSCl
2147,2344,O=CC
2148,2345,C12C=C=CCC1=N2
2149,2346,NCCCl
2150,2347,COC=CC(O)CC=CC=NC=O
2151,2348,CC=COOC=NC(=N)C1C#CCC1
2152,2349,N1=CC(C)CCC1NN
2153,2350,C=CN=C(C)CC=PCC1=CN1NF
2154,2351,CCN=CC=CC=O
2155,2352,C=NCl
2156,2353,CNCCC=CCCCN
2157,2354,CCCC=C(C)CCCC=C(N)NCC=CS
2158,2355,CNCCCNCl
2159,2356,C(C)=C(O)CCCOC=C
2160,2357,C=CNC=CCCNC=CCCC=C
2161,2358,OC1=NCOC1CCCCCCC=C=C
2162,2359,O=C=CC=CC=CC=O
2163,2360,CCC=CC[NH1]NCC(=C)NCCBr
2164,2361,CCCCC1C(C)C2C1C2N
2165,2362,N(C)=COC=CC=CCC(C)=C
2166,2363,O1CSSCCC1
2167,2364,CCCC=CCC=NCF
2168,2365,C=CCC=CCCCCC=CCCC=N
2169,2367,C=CC=CN1CC1
2170,2368,CCC=CN=CCCC1=NCCN1NCl
2171,2370,CNCCCCCNCCCC(C)=O
2172,2371,CC(O1)C1OCC=C
2173,2372,NCCCC=NCl
2174,2373,O=C=NCCCC=C(C)NCO
2175,2374,OCC1CCC=C=CCCCCC=CCC1
2176,2375,CNCOCC=CC=CCCCCS
2177,2376,CCCC#CCC=O
2178,2377,CCCC(C)CNC=C(O)NC=C=C
2179,2378,NCNCC=C=NCOCCC#C
2180,2379,NCONC=CCCl
2181,2380,C=1=CC=1C
2182,2381,CNCCOC(O)CC=O
2183,2382,C=CC(C)=CC=CC=SCC=[NH1]
2184,2383,CC=CC1=CC2CCC1(C)CCC2
2185,2384,C=1OC=C=1
2186,2385,CC(C)CC(C=O)S
2187,2386,C=CCC=C(NC=CCNOC=CCC)S
2188,2387,OC=CC=CC=O
2189,2388,C=COC=CN=C=NC
2190,2389,ON=CCOC1CNC(=N)N1O
2191,2390,O=CCC[NH1]CNCC[NH1]
2192,2391,CCCNNOC=O
2193,2392,CN=CCC=CC1C=C1C
2194,2393,NCC=CC=NCOCC(N)=O
2195,2395,CCCSC=CCCCF
2196,2396,C=COCC=C1OC=C=C=C1OCC=C=CCCSCC=C[NH1]C=C
2197,2397,N1CCC=CC1(S)NCl
2198,2398,NCNCN=CC=O
2199,2399,C(O)CC=C=O
2200,2400,CC(C)C=O
2201,2401,C=CCCOCCCN=O
2202,2403,C=CC(C)CCC=O
2203,2404,CC1CCC[NH1]C[NH1]C1=[NH1]
2204,2405,CCC(C)=SC=NOC(O)CCOC#CNNCO
2205,2406,CCO
2206,2407,CNN=CC(C)C=C
2207,2408,CCCNCOC(C)CCl
2208,2409,CCCN=NCl
2209,2410,C1=CCPNC1C
2210,2411,OCCCCC=CC=CCC(CC)C=O
2211,2412,C(C)C(N)(C)CNCOCC=C=CCCC
2212,2413,CC=CCN(C)C(=C)C=CCC=C
2213,2414,C1CPC1CF
2214,2415,C[NH1]CCOC=CC=CCC1C(C)CNC1(C)P
2215,2416,C1CC=CC=C1
2216,2418,C=COCCCCCC=CC=CC
2217,2419,CCCCCOCC
2218,2420,O(Cl)CCON(C)OC
2219,2421,N1CN=CC=CN=C1C
2220,2422,C(C)(C)CCCCC
2221,2423,CN=CC=O
2222,2426,OCCCC=CCC=[NH1]
2223,2427,NCC(=N1)[NH1]N(C)C1(C)C=C=N
2224,2428,C=COONOCN=NC=COCONCCOCCOC#C
2225,2429,O=C=CCCC=COS
2226,2430,OCCC(C)(CCCC)CCOCNCC
2227,2431,CCSC(C)C(C=CCCCCCCCC=CC=O)=C
2228,2432,N1C=NCC1
2229,2433,C1=SC(C)NS=S1CC#C
2230,2434,C=NC=C=C=N
2231,2435,O=NCCOCCC(C)CCCCOOC=O
2232,2436,CC1=CN(C)S1CCOCN=CNN
2233,2437,N12CCN=NCC=NC1S2
2234,2438,CCCC=NCCC1=C=C1
2235,2439,NCC=NC=C(C)CCC
2236,2440,CCCC=CCS1C#C1
2237,2441,C12CC1C=CCC=NNC2
2238,2443,CCCC=S=C(C)C=CC#SO
2239,2444,O(N)N=NC=CCCCCCBr
2240,2445,CCCC(C)CC(N)CC(S)CC=C=S
2241,2447,NCCC=CC=CCCN=CC=CC=COBr
2242,2448,O=CCCN1NCNC=CCN=C[NH1]O1
2243,2449,CC=CN(CC1CCCCO1)C=C=C
2244,2450,C1S=CCCNCC=CC=C1CO
2245,2451,N[NH1]CNCNC=CCC=CC=CON
2246,2452,C(C)(O1)C(C)(C)CC=C1C
2247,2455,FCCN=CC=CC1C=CNN1CNC=NN
2248,2456,CN=C=CC=C=O
2249,2457,NC=CCC=C=O
2250,2458,CC=CCC=CC=CC=NN(C(C)O)[NH1]NO
2251,2459,O=C(C)C=C[NH1]CC=O
2252,2460,CCCCSN1C(O)CCO1
2253,2462,CNOC(C=C)C=CCCCN=C
2254,2463,OC=CC(C1)CC1COCNOO
2255,2464,NC(O)CPNCC=O
2256,2465,C1CCOC=NC21CC(N)CCN2
2257,2466,CCC=C=C=CC1=C(N)C=COC=C1Cl
2258,2467,ONC(F)CCC=O
2259,2468,CCC=CCC(C)C=NCCO
2260,2469,CC(CC=O)S=NOOO
2261,2470,CNCCNC=CC=COCCCl
2262,2471,O1CCOC2C=C21
2263,2472,NCCCC(=C)NC=CC=CN=C
2264,2473,CC=CCC=CCC1=CC=COCCCC1
2265,2474,N1N(C)CC(C2)C2=CC=C=C=C1
2266,2475,CCC=CC(=O)CC(S=C)CC=O
2267,2476,CCN=CCC=C=CCN=C=O
2268,2477,COC=CCCC=CC(=S)C
2269,2478,CCCC(C=O)C(C)CC
2270,2479,O=C1CN=CCCCCOOC1
2271,2480,CCCOC=O
2272,2481,C1COC=C=CNCCC1([NH1])CCC
2273,2482,NOC1C(SC=CCCCC(O)=CNC1)ONF
2274,2483,C=CCCCN=C=S(C)=O
2275,2484,C(ON(N)CCNC[NH1]N)(=CCCC(C)OO)CC
2276,2485,CCC=CCCCC(O)C(N)OCCCCC=CCCl
2277,2487,CCC[NH1]C#CCCC=C(C)CC1CC1
2278,2488,C=S=CCNC=O
2279,2489,CCOCC1NCC=NC1=O
2280,2490,CCO[NH1]C(C)C=CCNC=NCCCOOBr
2281,2491,C(C)C(C=1)C=1C
2282,2492,NC#CSCSCCC(O)=CO
2283,2493,OSCC(Cl)C=CC1CCCCN1CN=C
2284,2494,CC(O)CC=CC=COCC=C
2285,2495,CC[NH1]CC=O
2286,2496,C=CN(C)CCCCC(C)(Cl)N=CC#C
2287,2497,C=SF
2288,2498,C(CC1C)N=CNC1
2289,2500,CC1CCC(C)=N1
2290,2501,CC(C)NCCC1CCC1C=CCC
2291,2503,O=CCCC=CNC=O
2292,2505,CCN(C)CC
2293,2506,CCC(CCCC)=O
2294,2507,CNCC=CSC(C1)C=CCCN1C=S
2295,2508,C1OC1(C=O)I
2296,2509,CC(C)(NOCCC)COCC=CC(C1)C=C1C#C
2297,2510,COOC=CCNC(=C)CCC=O
2298,2512,C(C)=CC=CCCC=C(C1)C1=O
2299,2513,CCNCC=O
2300,2514,CNCCCCCCN=O
2301,2515,C12COCC=C2C1C=CCl
2302,2516,CCCCC=[PH1]C1=C=C1
2303,2517,OC#CCC(C)OCOCCC
2304,2518,CC(C=CCCO)CCC=CF
2305,2519,CC=CN(C)SCC(CC=O)C=CC
2306,2520,C=CC1OCCCC1CC=O
2307,2521,SC1=C=NC=CNN(N)CC(CC(N)CCl)=C1I
2308,2522,CC(CNC1N)NCC=C1C(C=O)OCCl
2309,2523,C=CCNNCCCOO
2310,2524,CCC1=C=NCCCNCCCC=P1=NCOCOC=CC=C
2311,2525,C(C)CC#C
2312,2526,C=C=CCCNCCC#C
2313,2527,N#CC=O
2314,2528,CC(C)CNCl
2315,2529,N=C(C)CC=CCCC=CNC=COC=C
2316,2530,C=CCNS
2317,2531,C=C(O)OCF
2318,2532,C(CBr)[NH1]
2319,2533,N=NC=O
2320,2534,C1N=CC=NC1CC=C
2321,2537,CCOC=CCCCC=CC
2322,2538,C1C(CCC)OC1
2323,2539,CC(O)CCF
2324,2540,CCN
2325,2541,CCC(C)(C)C=O
2326,2543,CCC=CCC=NC=O
2327,2544,C=1C=C=C=C=CCC=CCOP=1C
2328,2545,CC(C)C=NC1C=CCCNCC=CCO1
2329,2546,CCCNC(C)C=O
2330,2547,C=C[SH1]=NCCOC=O
2331,2548,ONCC=C(NCCl)C#N
2332,2549,ON=C=O
2333,2550,C(=C)CNCCC=CC=O
2334,2551,CCCNNCC=O
2335,2552,OC(N)NCC(CC)(N)NCCC=O
2336,2554,C1N=CCCCCC1(Cl)ON=O
2337,2555,COC=CCCCl
2338,2557,O=C=CC(S)=C=S=CC=C[NH1]OC=O
2339,2558,CC=CC(C)CC=NC=NC1C=N1
2340,2559,CC=CCCCCCNCCCOC1=CC1
2341,2560,O1CC1(CN2CCC)NC=COC2
2342,2562,C(C)C=CC1C=CON1NNC(NN)C(Cl)NO
2343,2563,CCCN1OCCCO1
2344,2564,C=COCCC=O
2345,2565,OCCC=CC=CCC=C
2346,2566,CCNCNC=CC(O1)O1
2347,2567,C=1NCC=1CCCl
2348,2568,C=1C=C=CC(N)CCC=1
2349,2569,C1NC=CC1(CC2)OC=CCN2C
2350,2570,N(C)CCCl
2351,2571,CS(O)OCCCCCCSN(C)CP
2352,2572,CCCC(C)=CC=O
2353,2573,NC(N)(N)CCC=O
2354,2574,C1N=CC1=CCOC=O
2355,2575,CCC1=C(N)CC=CCCCN1
2356,2576,O=C=CCCCCC=CNSOC
2357,2577,O1OCSCNCCC(Cl)C1
2358,2578,O1C=CC=C1C=C(C)OCC=O
2359,2579,C1(C)C=COC(CN)NC=C(C1C)CCC
2360,2581,S1C=CC2=CC1NC2N=CC=C(C)C
2361,2582,CC=CCOCC=C=CCC=CC=CCNC=O
2362,2583,OC(C(C)OC(N)=C)CN=NC
2363,2585,O(CCSC=CC=CC=C=N)OOC=O
2364,2586,ClCC=C=CNCC=CCCCC=C
2365,2587,C1=CCC(C#CC=CNC)OC1
2366,2588,CC=CC=CCCC=CCOC=CC#C
2367,2589,C=C=CC=CNN=C(CCC=CO)C=O
2368,2590,OCON=NC=C=C(CC=C)N
2369,2591,C=CCCC=CCF
2370,2593,CCC=C(F)CCCCC(C)C=CCC
2371,2594,OOC=COC(=C)C=C=CCC=CCON=O
2372,2595,CC=CCC=C(C)C(C)(C)CNC=COCO
2373,2596,C=CCCOCC
2374,2597,NC1=CNCCCNCCC1O
2375,2599,OCOC=CCCCCC(C)OCC=C
2376,2600,CNC=C(C)C=CC=C
2377,2601,CC=C1S=C2C(C1C)=CC2(ONC)CCOC
2378,2602,CNCCCCCC=CC=C=C
2379,2603,CC(C)C1CCN=NC1=C
2380,2604,C=CCOCC=O
2381,2605,C1C=CC=N1
2382,2606,[SH1]C[NH1]NSCC=CC=O
2383,2607,CCC(C)CNCN(C)CCC=CNNCC#CONC#C
2384,2608,C=COCCCC=CCC=CCCCC=O
2385,2609,CPCC=C=O
2386,2610,O1NN1C=O
2387,2611,OCNC=CC=CCOC#CC=O
2388,2612,NNNCl
2389,2613,N1=C=C(N2)C2(C)CC1
2390,2614,O=CC=CCC(C=CC(C)N=CC)C=O
2391,2615,ClN=C(CC=O)NCC=O
2392,2616,O1C=CCC=C1C=C
2393,2617,CC=C
2394,2618,OC(S=O)C(C)(C)CC=C1CC1
2395,2619,NCCCC(C)N=SNCCC1C=C1C
2396,2620,CNCNN1CC=CC=C1CO
2397,2621,C1=CCC=2NC1N=CC=2C3=CC=CCO3
2398,2622,N=C(O)C[NH1]C=C=S=CCC=CN
2399,2623,NC=CCCC=CC=CBr
2400,2624,CCCC#CCCCCCC1=C=C1C2=CO2
2401,2625,O=CC1CCNC=C1
2402,2626,SCC=CC=CCC=C(C)C=C
2403,2627,N[NH1]CSCSC=CCOCO
2404,2628,OOC(C)C=CCOSN=[NH1]
2405,2630,OC(C)N=CC=NS#N
2406,2631,C=C=NC(N)CNC=O
2407,2632,NCCCCl
2408,2633,NNCC(C)Cl
2409,2634,C=C=CC(C)NN1CO1
2410,2635,C1C(C)(C=O)C1
2411,2636,OC=NOC1=C=C1OC#C
2412,2637,CC=CC(=N)N=O
2413,2638,OCCN(N)CCC=CNCCCC=NC=O
2414,2639,CCCCC(C)(C=C=N1)CCOC(C)N1
2415,2641,N1C(C)=COC(N1)(NC=CNC)C=CC=CCSO
2416,2642,CC=COC=CC=CC=O
2417,2644,ON=CC=CCN(C)O
2418,2645,CCNCCN(C)CNCC=C(SCC=CC)C=C
2419,2646,CCCCCCC#CCC=C=CNCNC
2420,2647,CSOCN=CCS=C=C=O
2421,2648,O(C)C=C1CC=CCCCCNC=C1
2422,2649,C=C(C)C#N
2423,2650,N(N)C(C)C=C(I)CC=C
2424,2651,CN=CC=NNC#CN=O
2425,2652,C1(C(C)C)CCCC=N1
2426,2653,CCCCC=NC=O
2427,2654,CC=CCCC=CCCCC=O
2428,2656,CCCC=CC=C(C1CC2=C)CNC=C21
2429,2657,CC=COC=CCC(C)COCl
2430,2658,COCCCC=CC=CCS(N)=C1CCC1O
2431,2659,NCSOC=C1CCC(C12)=C2
2432,2660,NN=NC=C(N)CCC1C=C1
2433,2661,OC=C(C1)CCCNC=C=CC1
2434,2662,COCCC=CCCCCBr
2435,2663,C=CC=NCC1=CCCCCC1
2436,2665,COCCCC(N)CC=N
2437,2666,C=CCC(C1)C=C(S)C1
2438,2667,NC=C=CCCF
2439,2668,O=CCCC(C)CC#CC=O
2440,2669,CSC=CCCCOCC
2441,2670,ONC(O)S=O
2442,2672,N1=CC=CCNC=CC1C
2443,2673,CCOCCCC(CC=CCOCC)=CC=C=C
2444,2674,C=C=C1C(C=C=CC1C)(C)CC=N
2445,2675,C=CCCC=CCCOC=NSC=CC=C
2446,2676,O1CS(N=CC1=CCCCC2)N2
2447,2677,CCC=CN=CC=CC=CC(C1)S1CC
2448,2678,OCC(C1)CCCC(O)C(C)C[NH1]OCC1=O
2449,2679,CCCCCN1C#SC2C1[NH1]2
2450,2680,O=CCOC1(C)C=CCCC1
2451,2681,C(C)C[NH1]C=C
2452,2682,CC=CCCC#C
2453,2683,O=CN(C)C#CC(C)CCCNF
2454,2684,OC=NC#CCCCCC
2455,2686,C=1CC=1
2456,2687,OCCCCCC#CCCCO
2457,2688,CCCCC=NCCNCC=C
2458,2689,CC=CS#CCC
2459,2690,OCC(C=CC(C)CCC=NN)=C=CC=C=O
2460,2691,O1C=CCCCCCCC=C1
2461,2692,CCC(CCCC)=CN=NOOC=C=CC
2462,2693,O1C=C1CPCC=CC
2463,2694,CC=C(C)C=O
2464,2695,CC#CCCF
2465,2696,NCOCCI
2466,2697,CCCC1C=CC=SC=CC2CC21
2467,2698,C1C=CC(C)C1(C)C2=CCOC2
2468,2699,N1C=C=NCC=C1NNOC
2469,2700,C=C(C)COCl
2470,2701,CCCCCNCC=CCCl
2471,2702,C=CCCCCC=C=CC1OC=CC1
2472,2703,CC(C=NC1N=CC2=CCN)C(C)=C1OC=CNC2CC
2473,2704,COCC(N)Br
2474,2705,NN=C=C(N)C=CC(C)C=CNC=CF
2475,2706,C=CCOCC(C)CC=C
2476,2708,CCCC=CCOC=CC=C1OCC[NH1]C1OC
2477,2709,CCCCC[NH1]NC=CCCCCCCNCl
2478,2710,O(C)C(C=C=O)OCCOO
2479,2711,OCCCCCC=C=CCC=C
2480,2714,CCCCCCCN=O
2481,2715,C=CC(C)C#N
2482,2716,N(C)C=O
2483,2717,CN(C)C=NCC=C(CC(S1)N1C2C)C2SN
2484,2718,CCCCC=C(C)C=CCCCC#CN=C
2485,2719,NCCC=CCC(C)COOC
2486,2720,C=CNC(O)C=NCNCC=CCCCC=N
2487,2721,NC1C=CC(C)=C1CN=C[PH1]C=C=C
2488,2722,CC=NCCC=CN(C)CCCl
2489,2723,C=CC(CCCCCl)CCC=CC
2490,2724,C1CCC(=C)C=CNNC1O
2491,2725,CC(C)C=C=CC(=C)C#CCCl
2492,2726,CCCCNC(CNCC1)C1CC
2493,2727,C1=CCC=SC=C1CCOCC=NO
2494,2728,COCCl
2495,2729,CC1CC1CCNCNCC(C)SC
2496,2730,COCOC=O
2497,2731,CCCCNNNCCCCC=CCF
2498,2733,OC=CNCC1C2CCCC1CCNC2Cl
2499,2734,N=CN=CCC(C)C=CC=CC=CC=C=CCNC=CC
2500,2735,C1NCC1(C=CSCCCN)O
2501,2737,CNC=C=C=CCCF
2502,2738,C#CCC(=CCC=CC(C1)CC1)Cl
2503,2739,C1CNCCN1C2=CC2
2504,2740,C1C=C=CC=C1CCN
2505,2741,NC(C=NCC)CCCCl
2506,2742,CCCCC(C)OCNN(C)CCOO
2507,2743,CC=CC=C=NCCCBr
2508,2745,C12CCCCCC1=CS2
2509,2746,CP=C=O
2510,2747,O(C)NCCC=O
2511,2749,O1CC(I)C1
2512,2750,COC(CCC=C)NCl
2513,2751,C=CCCNCCl
2514,2752,CCOSNCCN(O)C=COC
2515,2753,CS(O1)CC(CCC=CC)=CCC1
2516,2754,CCC(C)C=C
2517,2755,ONCN=NC#CC=NC=C
2518,2756,C=CN=C=C(C)CC=O
2519,2757,CCF
2520,2758,C=1CC=C=1
2521,2759,SCBr
2522,2760,C1CCCCCCCCNC1
2523,2761,O(C)CCCCOC=O
2524,2762,CC=CCl
2525,2763,NC(NC1CCC=CCCC=CC=C1)N
2526,2764,NCC=CC=CSCCC=CCC=SS
2527,2765,CCC1C=CC(C)=C1C=C
2528,2766,CCC=CCNCCCCC=O
2529,2767,CC=C=CCCOC=CCN=O
2530,2768,OCC=C=N[NH1]C=C(N)C(C)C
2531,2769,N(C)C=CC=O
2532,2770,CCOC=CC(OCS=C)CCCF
2533,2771,CCC=CCC=CC=C1CN1
2534,2772,OCCCOCCCNCCC
2535,2773,N=COC(=CCNNBr)O
2536,2774,C=CCCN=CC=C=NC(C)=C(C)C=C
2537,2775,O=C(N)S=CCC=CNO
2538,2776,C=CCN=CC(C)(C)CC=CC=O
2539,2777,CC=CC=CCCl
2540,2779,C(C)(C)CC1C=C(C)NN=CCNC1
2541,2780,CC=COOCCCCOCNC=C=C=N
2542,2781,COCCOC1CC(N)C2C1O2
2543,2782,C(CC)CCCCS=COC=C
2544,2783,O1NCC1C#C
2545,2784,CCC1=CC1
2546,2785,NNN=C(C)C=O
2547,2787,C1=CCC(C=O)C1
2548,2788,CCCC=C(ONC=C(C)C=O)NO
2549,2790,O1CC1C(OC)C(N)=O
2550,2792,C=CC=CNCC=SNCCOC=O
2551,2793,N1N2C=C(NCOC)CCS1=C2
2552,2794,C1CCCCCCNC1C(C)Cl
2553,2795,CCCCC=CN=C=COC=NC=CCl
2554,2796,C=CCOCCC=O
2555,2797,N(N)N=CC(N)C=C=O
2556,2800,OC=CNCC=C=NC=COC=CN=C
2557,2802,CONOCC=C1C=CCCN1C(C)CC=CNC=N
2558,2804,CNC=C=C(C(C)C=COCCC=C)C=C=CC=CCCl
2559,2805,C12CCCNC1C2
2560,2806,C=COC=CCNN=C(C)OCC
2561,2807,CCOCN=CCC=NC=CCC
2562,2808,COC(C)SC(C)C
2563,2809,N1CC1(O)CCC(C)O
2564,2810,O=CNNCCOCC
2565,2813,OC=CC(O)NCCC(C)(C)CCCCC(C)C
2566,2814,C1COC(=C)CCC1
2567,2815,C=CCC=NCC=NC=O
2568,2817,CCCNCCCC=CCl
2569,2818,CC(C)C=CC=C(C)C(N)CON=CSO
2570,2819,C=C=CC(CN=CC)NONCC=C=C
2571,2820,C(CCC=CC)=CC(CO)=C(CNCBr)CC#C
2572,2821,CC1C=CC=C=C1C#C
2573,2822,CCCC=C=CCPO
2574,2823,N=1CCCCCC=1
2575,2824,CC(NCOC=C(O)CCl)CC=C=O
2576,2825,N1C=NC=CCCNCONN1N(C)[NH1]CO
2577,2826,CCCCNC(C)OCCCCl
2578,2827,C=C=C
2579,2828,OCN(C)CCCC=CCC=O
2580,2829,CSC1NCC(O)CCC=C1
2581,2830,CCNCCCOCC=CC=O
2582,2831,C=CC(Cl)CCSN(O)CC[NH1]O
2583,2832,O(C)C=CC=C1CC1N=C
2584,2833,NCCCC(C1NC=C=C1COCOC)=[SH1]C=NBr
2585,2834,CCCCNCCCC=O
2586,2835,NC=CF
2587,2836,NNC=CC1=C=CC(C)C=C1
2588,2837,COC=CCC=CC(O)=NC=C
2589,2838,C=CCN=O
2590,2839,CCC(C=CCCl)CC(C)C=C
2591,2840,CC(N)C=C(C)C=CS=CC=C=CN=CO
2592,2843,OCCOC=CCCCCOO
2593,2844,NCC1[NH1]C=CC=NNCC1C#N
2594,2845,COCCCCC=C=O
2595,2846,C1CC=C1C=C=C(NC)OC
2596,2847,CNCCC(=C=O)O
2597,2848,CN=C=C1CCOCCC#C1
2598,2849,NCNN=S=CCC=CC=NCSO
2599,2850,C=CCNC=C(CO)CC(OCC)C=C=N
2600,2851,COCCOC[NH1]C[NH1]C(C)C=C
2601,2852,C1CN=CS1CC=CCCC#CCO
2602,2853,OC=C=C
2603,2854,CCC=C(COCF)C=C1CC1O
2604,2856,C(C)(CC=C=O)CCC1OC1=N
2605,2857,CC(C)C1CCC=C1C=CC=C=N
2606,2858,NCCCCCC=O
2607,2859,C=CC(C)C=CC=CNCCCCC
2608,2860,CCCC(NCC#C)NS=O
2609,2861,CCC=CCCN=CC=CC#CC=C
2610,2862,OC=NCCNCC=CCC
2611,2865,C=CNC=CCC1CCCOCCN1CN=NC=C
2612,2866,N1OC=NC(O)C=CC=C1O
2613,2867,C1CC(C)(OC=COC1C=CC)C=O
2614,2868,OC(C)C=C(N)C=CCC=O
2615,2869,CC=CC=CC(CCCC)=NC=C=CCN=O
2616,2870,C1#CC=CC=C=CC=CC1C
2617,2871,CONCC1C=C1C=CN=C
2618,2872,NCC=CCNC(C)=C
2619,2873,CCSCS=CCN=C1CC=CC=C1SC=O
2620,2874,C(C)=C(CC=O)NC
2621,2875,NOC1C=CN2C=CC=C1O2
2622,2876,NC=C(N)CCC
2623,2877,O1C(CCC)C=C2C=C12
2624,2878,C(C)NCl
2625,2879,NC=COCNF
2626,2880,C=CCNC=C(C(S)NN(C)N)N=C
2627,2881,C(C)C(ONONBr)=C(C1)CC1O
2628,2882,NC=CCC(OC)=C
2629,2883,CCC=CCCCF
2630,2886,CC=CCCC#CCCCCCNC=C=CCC=O
2631,2887,NCC(O)CCCC=CC=C=O
2632,2888,C(C)C=CCCCCN=C(C)Cl
2633,2889,OCCC(C)CC=C=NO
2634,2890,OC=CNCN(C)C=CCC1C=NC=CC1
2635,2891,CNOC=CCC=C=S(C)C
2636,2892,CCCCC=NCCC(C)C=CCF
2637,2894,C1C=NOCCC=CCC12C=C2
2638,2895,CCC(C)CCCCCl
2639,2896,CC=CC=CCC=CNOONN=SC=CC=CCCC1CO1
2640,2897,CCC=C=COC=CF
2641,2898,C1C(C(C)=CC1N)C=C(C)COCOC2CC=CCO2
2642,2899,C=C=CCOC=CCCC(C)CC=CC=CN=NNC=C=O
2643,2900,CC=CCC=CC(C)Cl
2644,2902,C1CC=CN1CCNC(N)=O
2645,2903,C(C1)C(CC=C=C=CCC(O)O)O1
2646,2905,COSCCCOCC=C=O
2647,2906,NC(C=C=COCCCC=CO)N=NC=C
2648,2908,C=CC=NN=NNN1CCCOC1N
2649,2909,C=C1CCC(NN1NCOC)CCNC#C
2650,2910,OC=CC(C(C)[NH1]Cl)=C=C
2651,2911,C=C=CCCCN1C=NNC1CCNC=C(OBr)C
2652,2912,C12C(C)(C)N1CCC2OCONO
2653,2913,CN=CCCOC=C=O
2654,2915,O=CF
2655,2918,SCCC(O)C=CC=NC(C)C(C)C#C
2656,2919,CCC=CC=C(C)CCl
2657,2920,CCCCC=CCN=O
2658,2921,C=NCCC=C=COCC=NC(C1)=C1
2659,2922,CCOCCNCNOC=O
2660,2923,CC(OC(C)(C)CC)C(C)CCSCS
2661,2926,OCC(C)CC1(C)CC(N)C1NCCBr
2662,2927,C1#CCCC=S1
2663,2928,CCC(Br)=CCC=CCC
2664,2929,CCCCNS=CC=CNCC=CCCl
2665,2930,C(C)C1=C(CC(C)O1)ONCC=O
2666,2931,O=CCCCCC=CC=CCCCOCC=C
2667,2932,O(C)CC=O
2668,2933,CCC=NN(C)C(C)=C=CNNO
2669,2934,CON=C=C1C=CSCC1
2670,2935,CCOC=CCC(C1)C=C=CC1C=C
2671,2936,CC=CCNCC=O
2672,2937,CCCC(COC)=CC#CCCCS
2673,2938,CCOCCC=O
2674,2939,CC=CCCCCCOOCS=CC
2675,2940,COCC(Cl)C1=CC1C=SCCOC
2676,2941,OCC[NH1]N=CNC=CC=CC=CCOP
2677,2942,CCN=CC=CC(COCC)=O
2678,2943,N=NCNOCNC=C=C(CC)OC
2679,2944,C=SNCS=O
2680,2945,CC=C1CC(Cl)CN[NH1]COCCC=CC1
2681,2946,N=CC(C)(C)C(C)=O
2682,2947,C1=CCC=CCC1I
2683,2948,C1COCCSC[SH1](S)C=C1Br
2684,2949,COCCCC=O
2685,2950,OCCCC=CCN=O
2686,2951,CNC(CC=CCCOC=CNN)Cl
2687,2952,COSC(=C=CC)O
2688,2953,BrC=C=O
2689,2954,NOCC1C=C1
2690,2955,C1CNC=C=CC=CCC1=C
2691,2956,COCC(C)C(CCCC)C=CN
2692,2957,CNNC=CC1CCCC=CC1
2693,2958,N1COCC=C(CC1C2)C=C2
2694,2960,C(=C)[NH1]OC=CPCC(CCC)=O
2695,2961,NCC=CC=O
2696,2962,CCCOC(C)CC=O
2697,2963,C=C(C=C=O)C=CCCCC#C
2698,2964,CCCCCCCCC(C1)C1
2699,2965,O1CCCC#CC1
2700,2966,COC=CCCCC1NC1
2701,2967,CCC=CNCCCN=O
2702,2968,C=CCCNCC=CC#CCC=CCCl
2703,2970,NCC=NCCN=CNNOC1NN1
2704,2971,O=C(C)C
2705,2972,CCNCC(Br)=NNCCCC
2706,2973,O=CCCCC=CCNN=CCCCC=C(N)CNCN
2707,2974,N=COCCPCC=CCN=O
2708,2975,CC1N(C)C(C)N(C=N)N=C=CC1Cl
2709,2976,IC(CCl)OC=C
2710,2977,C(CC=CCSC=N1)C1
2711,2979,NC=C(C)CCCC(CC)=C
2712,2980,CCOC=CCC=C(Cl)CO
2713,2981,CCSCl
2714,2982,C(C)OC=O
2715,2983,C1(C)CC=CCC=CC1(CC)[NH1]
2716,2984,C1(OC=CC=CCCO)[NH1]C=C=C(ONC1=N)F
2717,2985,CCOCCCCCN(C)C=CN=O
2718,2986,OC=C=CC(CCNC)NC=NCC=O
2719,2987,CCSCCCCOCCCCC
2720,2989,CCCCCOC=O
2721,2990,CCC1(C)CCNCCC=NCCC1
2722,2993,NNCCCCOC(CC=CC=C)CC#CO
2723,2994,CCCCCCC=COC=COC
2724,2995,C=C(C)CCCN=C
2725,2996,CCCCC(C)C(C)=C(O)CC(C1)=C1C=C
2726,2997,CC(C)CCCSCC(=C)OC=C
2727,2998,CC(N=CC)=C=C(C)CCN=O
2728,2999,C=CN(C)C(=C)C=O
2729,3000,N1CC=C=CCC=C1Cl
2730,3002,C1OC1(C=O)C=O
2731,3003,CCC=CCCC=C
2732,3004,N1=CC2=CC=CCCCCCC1NCC=C2
2733,3005,C1(C)CCC1C(C)C=O
2734,3006,CC(CC=CCC)=CCCCCCN=CBr
2735,3007,N=CCC(O)C=O
2736,3008,CCCC(CNCC1NC=CC=C1C=C2)O2
2737,3009,CCCCOOC(O)N=SC=C
2738,3010,OCCCCCCSC=O
2739,3011,N=C=CC=CCOCCCCCS
2740,3012,CC=C(C)CNCCC#C
2741,3013,CC=C(C)CCC1CC=NPC1N
2742,3014,CC1C=C=CC=C1
2743,3015,C=CF
2744,3017,O=CS=C(C)COCNCl
2745,3018,C12CCC=CN1NCC=C2COC=O
2746,3019,NCCC=CC=O
2747,3020,N1CCO1
2748,3021,CNNOCC=O
2749,3022,NCNC=CCCCCF
2750,3023,C=CCC=C=CCNO
2751,3024,C=CCC=CCOC=CC(C)=O
2752,3025,OOC(OCCC=C)C=NCC=O
2753,3026,O=CCOO
2754,3027,C=C=CCC=CCC=CCC=O
2755,3028,C=1CNCCCOCC=1C=C
2756,3029,C=C(CN)N=CC=C(C=CCO)C=C1C=C1
2757,3033,NCC=CCCCC#CC
2758,3034,OCCCNC=C(C)CCCC=O
2759,3035,CC(C)CN(CNC)C=O
2760,3036,O=NN=CCOOC=C(O)C
2761,3037,C=C=CCCSC=C(C)CNC
2762,3039,C1C=SC=CCC=CC=C1
2763,3040,CCC=CNCCC(Cl)CCOC=O
2764,3041,OCNCCS1CCC(N)CCS1
2765,3042,COC=CCNOCC(C)C=C=CC=NCC=C
2766,3043,CCSCCF
2767,3045,C=CCC(CCCC)NCC=O
2768,3046,C=CC1=NN2CCC3=C2CC4C1C43C#C
2769,3048,NC(C=CC)=CC=C1CC=NCO1
2770,3049,OC=CCC(C)S(C=CC=CCCl)O
2771,3050,O1NCCC2=C1NC=C2C
2772,3051,O1C=CNCOC=CC=CC1C
2773,3052,O=C(C)CC=CBr
2774,3053,OOCC=CCC(C)=CCOC=NP=O
2775,3054,C=CC(C)C=O
2776,3055,CC(C)CC=CC(OCOC1O)C1
2777,3056,CNNC=C(O)NCNC=O
2778,3057,C1CCC1OCN=O
2779,3058,OCCCCCC=O
2780,3059,CC(Cl)C=CCC=CCC1=C=C1
2781,3060,CCCCC#COC=O
2782,3061,OC=NCCC=CC=1OCCN=1
2783,3062,CCNN1CCC(C)C[NH1]NC1
2784,3063,CCCOOCCC(C=CCCC)N
2785,3064,O=NC=C=O
2786,3065,N1CCC=C(C)C1ONC(C)C#N
2787,3066,C1NCOC1(N)C=CCCC=O
2788,3067,CCCCI
2789,3068,C=CC(=C)C=C(C1)C1C=O
2790,3069,OCOC=NC(CC=CNCCN(C)CC(S)Cl)C=N
2791,3071,CCCCCNCCN(C)F
2792,3072,O1C2=CC=CC12N
2793,3073,NCN(N)C=CC=CF
2794,3074,CC=CCBr
2795,3075,CONC(C)NC=CC(CO[NH1]C)C=C
2796,3076,N1C=P2[PH1](CCC)C2=CS1
2797,3077,N=NNC(O)CC=CO
2798,3079,CCCCC=CC=NCNC(C)C1=C=C1
2799,3080,NCN=CC=CC=O
2800,3081,N1CCCCCN1C
2801,3082,CCCC(C)C(=C)CCC=CC[NH1]C
2802,3083,NC=C(N)C(C)C=CC
2803,3084,OOC=CCC1CCCONC#C1
2804,3085,C1=CCN(O)C=C=C1OCC=NC=O
2805,3086,CCC(C)OC(=C)C1=CC1
2806,3087,CCCNC=CCN=CC=C=S=C=NCCOC=C
2807,3088,CN(C=CC(O)C#CCC)C
2808,3089,CCC(C)C=CNCCCl
2809,3090,CCNCCCN=NCCCC=C
2810,3091,C(C)C=CC=CC=NCCCC=O
2811,3093,C(C=NCC=CCNC)C(C)=CCF
2812,3094,C=CCOCCCCCCC=NCS
2813,3095,CNNCC#CF
2814,3096,C(C)CCC=NN=CC1COC#CC1=C
2815,3097,NCC(C=C=NNC=C=CBr)C=CO
2816,3098,C(C1)=CC(C)C=C=NCO1
2817,3100,NN(COC=CBr)C=C
2818,3101,C1(CC2CCC1CCO2)CCOO
2819,3102,NCC=C(N)C=C=C(C)O
2820,3103,C=C(C)CCC=O
2821,3104,C(NC=CC(N)CCCS)#C
2822,3106,OC1=CC=C=C(CCC)[NH1]1
2823,3107,C=CC=CC=CC=O
2824,3109,C(C)(N=C=CN(N)CCl)C=C(N=[PH1])OON
2825,3111,CCC(C1CC2C)(O)OCC2N1C
2826,3112,CCC1CCC=CC=NCCCN1
2827,3113,CCCPC=CC=O
2828,3114,OC(O)CCOCCCC=[PH1]C(C)=CC1OO1
2829,3116,CNC=CCCCl
2830,3117,C=CCN=C(OCSOC=O)CBr
2831,3118,NOCCCC=O
2832,3119,ONC1C=CC=CCCNCC=C1C
2833,3120,O1C=C=CNC1(C)CCNCC=CC(OC2=O)C2=N
2834,3121,NCCC=CC(C)C(CC)=CCC=N
2835,3122,OCCC(C)OCC#C
2836,3123,CC=CC=C=CBr
2837,3124,ClC=CNCCCNCOCCCl
2838,3125,C=CC=C1C(CCCC)CC1O
2839,3126,C1=CC=C=C=CCC=CNOC1O
2840,3127,OCC(C)CC=O
2841,3128,NC=CCCOCOC1CC1NC
2842,3129,O=CCNCCCC=C=C1CO1
2843,3130,CC
2844,3131,NC=C(C)C=CC=O
2845,3132,COCC=CCCN=C
2846,3133,N=1CCCCCCC=C=1
2847,3134,OCCC(C)(CC=CCC)O
2848,3135,CCCC1C(C)OCNOC=CC=C1
2849,3136,CCOCCCOC=O
2850,3137,NCOC=O
2851,3138,OCN=CC=CC=O
2852,3139,C1CCC2(N)CCCC=C1OO2
2853,3140,COCCC=CC=CC=O
2854,3141,NCCCCCl
2855,3143,CCC(NCC(CCC)C)C=CC(OCSO1)C=C1
2856,3144,CC=COCC1OOCS(=CC#N)C=NO1
2857,3145,NC(C)CCl
2858,3146,CNCNC(C=CC=C)C=CNCCCCCCl
2859,3147,BrC=CC=C(C)N=C
2860,3148,NCN=NCCCCCCONOONC
2861,3149,CCCOCCCC(=C)CC=CC=O
2862,3150,CCC(N)=C(C)CCCCCC1=CC1=N
2863,3151,CCCON=O
2864,3152,OOC1(C)CCC=C1C2CC2
2865,3153,C1COC=NC(CCOC)O1
2866,3155,C=CCOOCC=O
2867,3156,NONC=C(C)O
2868,3157,C=C(C)CCCC
2869,3159,N(C=SCC=O)=NNNCNCN1C#C1
2870,3160,CCCC=CCOCS(C1)O1
2871,3161,OF
2872,3162,CN(OC(O)CCC=O)C#CCOC
2873,3163,CC=NCF
2874,3164,C=CCC(C1)N1CCC#C
2875,3165,N=CCCCCC=COC=O
2876,3166,CC(S)=O
2877,3167,CCNC=CC=CCCNCC=O
2878,3168,C(C)C=C=COSSC=C
2879,3169,C(C)#CCC=C1CO1
2880,3170,CCC(CC1CCN)C=C1SN=O
2881,3171,C(C)(C=C=C)CC
2882,3172,CC(C)C=C=CCCC=O
2883,3173,C12=CC1C=S=C=CC2=N
2884,3174,CC=C(C)C=NC=CC=CCSBr
2885,3175,CC(N)CC(C)(O)C
2886,3176,C=C(C)C=CCCC(C)C(O)CC=O
2887,3177,OC=CCC(C)C(N=C=C=CC=O)C=C1CN1
2888,3178,CCC=CNC(=O)C
2889,3179,OC1CCOCCS=CCC=CO1
2890,3180,COCC(CN=C=O)OOC=O
2891,3181,OCOC=CCCCCCCI
2892,3182,O1C2C=CC=CC2(N)C(C1O3)N3CCBr
2893,3183,CNCNC1CCC(C)CN=C1
2894,3184,NC=CC(C1)C1=C=C
2895,3185,C=1CC(C)C(C)=CC=CC=1
2896,3186,NC(C)SOC(C1=C=O)NC=N1
2897,3187,C=CC(CCOCC=CSCCCC)C=O
2898,3188,O=NN(C)CCCOC(C)CC=C=NCO
2899,3189,OCCCC(C)C=O
2900,3190,NCCCC=CC=O
2901,3191,C1N=CC=C(C1)C(C)COC#C
2902,3192,CNCCCC
2903,3193,CCN=CC1=C=CCCC1
2904,3194,N=C=CC1NCCCCNCC1
2905,3195,CCC=CCCNC=CCOCC=O
2906,3198,CC=COC=O
2907,3199,CCC=CC=CC=CC
2908,3200,CCNCNCOC=C(N)N=CCCCCO
2909,3201,CC(CC=O)=NN
2910,3202,C=C(CCNC=O)C
2911,3203,OC=C=CC[NH1]CC(C)C=C
2912,3204,O(N)C=CC
2913,3207,C=CNCC=CCI
2914,3208,CNCC[NH1]CC=O
2915,3209,OCS=O
2916,3210,OCCONC=NCNCNC=O
2917,3211,OC(N)CCNN=CCC=CNC=CC=CONNO
2918,3212,C1CCCCC=CCCC1
2919,3213,N
2920,3214,ONCC=C=O
2921,3216,CCNCCCC1CC1
2922,3217,NCOC(CC)OCC=O
2923,3218,CCCC(C)CCCCCCC1=NCOCO1
2924,3219,N1=CCCC=CC=N1
2925,3220,CCN=COBr
2926,3221,NCCC
2927,3222,CCCC1=NCC=C1ONC=CP(=C)C2=C=C2
2928,3223,C1NC1(C)C=C=N
2929,3224,C=NCCCl
2930,3225,CCCOC(C)CNC#N
2931,3226,CCSOCOC=C(C=CC)CCCCNOO
2932,3227,OOCCC(O)=C=CCOC1C=C1
2933,3228,NNSCCCCCCCC=NS
2934,3229,CC#CCOCC=CC=C(N)O
2935,3230,OCC=CCONCC=NCC=CC=C
2936,3231,CCCCCCCCCCCCCCCOO
2937,3232,C1CNCCC1(CN=C)NO
2938,3233,CO[NH1]C=CS=CC=CCl
2939,3234,NCC=CCCC=O
2940,3235,C1=CC(C)OC=C1O
2941,3236,COOCC1=CCCCC=CC=C1
2942,3238,C=CCCCCC1=CCNNC1
2943,3239,OCC=CC(=C)CCNCCC
2944,3240,CC(C)COCOC(O[NH1]C(C)=C=O)=C=O
2945,3241,C1CNCCNC=CC=N1
2946,3243,NCCPOC=O
2947,3244,C1CCCC(C)OC=C1
2948,3245,CCOCN1C2=CC(=CC=C2)NCC1Br
2949,3246,CC=C(C)CSOCCl
2950,3247,CCC=CCC=COC=NCON(C)NNO
2951,3248,CCOCC=CC=CNCCC=O
2952,3249,CCOS(O)OCC=CCC#CS=O
2953,3250,CNCC(OC=CCC)CNC=CNC=C
2954,3251,S=CCC=CC(S)=C=C1CC1=O
2955,3252,C=1CN=C=C2CC2N=1
2956,3253,CN(C=CC(=S)C=CCC)C#COC(O)C
2957,3254,NCCC(N)CC1CCC(O)NC1C#CON
2958,3255,O(S)CC=O
2959,3256,C=C1C(CN)C1C(C=CF)N=C
2960,3257,C=CC1CCOC=CN1C=O
2961,3258,COC(C1=SCCNC(O)CC)OOC=C1
2962,3259,OCC1=CC(C)CC1C=O
2963,3260,C=CC=CC1=CC1S
2964,3261,CCCSSCCCCC=C=O
2965,3262,N1ONCCCCC=CCCC1N
2966,3263,CNN(CCC=N)C=COC=C=C=C=CCl
2967,3264,CC=C=CCBr
2968,3265,CCCNC=NC(C)=CCCC=O
2969,3266,CCC=CCNCC=O
2970,3268,NOCCOOCCNC=O
2971,3269,C12=CN(NCOC1CC=O)CC2
2972,3270,C=CSC=C(C)C=CC=C=O
2973,3271,C=CCNCC=CCCI
2974,3272,CCCS=CC(OC1=CC)=CCN=C1
2975,3273,N=CN=C(C)OCCl
2976,3274,C1CNCCC(=C)OC1C=O
2977,3275,C=C1CSC=NN1
2978,3276,CC=CCCC
2979,3277,C=CC1=CC=CC1C2CC2
2980,3278,CC=CC1CNS=CCC1
2981,3279,CCCCCCCC=C=NC=C
2982,3280,O=C(C=O)C(C)CON
2983,3281,C1C=C1CC=CC=CCCCCl
2984,3282,C=C(CCCNC)NOC
2985,3283,ONCC1=C(CC=O)N=NN1
2986,3284,O=CC=CNNCCNOC=CSC=C=NO
2987,3285,C=CCC=C=CC=CCCCF
2988,3286,C1NOCCC=C=CN1C=O
2989,3287,CC=CCCCC=NC=S=O
2990,3288,N1=C[NH1]C(CNCCCCPCCC1C)CCNC=O
2991,3289,C1CCCCCC=C1
2992,3290,CCNC(C)Cl
2993,3291,C=C1CCCCCCC1O
2994,3292,N=N
2995,3293,N1CC=CCNNOC=NCC=C1
2996,3294,C(C)(C)OCC=CF
2997,3295,NCCCCN(C#C)CCC
2998,3297,CCC(C)Cl
2999,3298,NOCNCC=COS#C
3000,3299,O[PH1]C=O
3001,3300,N[NH1]CCNC(C)CI
3002,3301,CN(C)C(C)C=O
3003,3302,CC=C(CCC)OCNCCCNC
3004,3303,C1C=CC2CN=CN12
3005,3304,C=CCC=CC=CCC=CC=CC=C(O1)O1
3006,3305,CC(CCCCC1C#CC2)C2C1C#N
3007,3306,CC1CC=CCCO1
3008,3307,CC=CC=C[NH1]CC(C)CC=NC=C=CN=C
3009,3308,C(C)=CN(N)C=CC=C=S
3010,3309,N=CCNNCNCCC#CC
3011,3310,O(C)CN(CC)CCN=CF
3012,3311,N=1CCC=1COCCC=C=NC
3013,3312,CNCCCC(O)CC=CN=CCl
3014,3313,CCCCC=CC=CC=COCC=P
3015,3314,NNSCCCCF
3016,3315,CNC=CC=CSNS=NNC=CC=C
3017,3316,C1=C=CS=CCC=CC=C1
3018,3317,N(C1)CCCC=C=CSO1
3019,3318,NOC=CC(C)C=C=[NH1]
3020,3319,C=CCOC=O
3021,3320,OCCC=CN=CC(C)C=CNC
3022,3321,ON(C)OC=CC=CCC=O
3023,3322,CNCN(O)C=C
3024,3323,CCCOCC#CCNCl
3025,3324,OCC=C(C)CC=C(C)SOC=NN(F)SN=O
3026,3325,C1CN1C=O
3027,3326,ClCCC=CC=C=C=C=C
3028,3327,NCCC(CNC(O)OC=O)CCC=C
3029,3329,CCC=C(C)C=CCNC(C)COC=O
3030,3332,CC=NCCC1NS(C2)C2O1
3031,3333,CC=CNCCC#COCCC
3032,3334,NCCCOC=O
3033,3335,FCCNCC=CCC=CC=COCCC=O
3034,3336,C1=CCCON(C)CC=C1NNCCC(C)C=C
3035,3337,NC[NH1]CNC=CCC=CCSC=NCC=C=O
3036,3339,OC(N(NC)CC)CCC#C
3037,3340,CN=CCCOCCCC(F)NO
3038,3341,CC=CCOCC#CC=CC=C(CC)C
3039,3342,C=CC(N)=CC#C
3040,3343,CC(C=CC)CCCF
3041,3344,C1CCC1(COC=CC[NH1]CC=O)C=CC2C=C2
3042,3345,CCCC=NCCCCCCCC=O
3043,3346,ONC=O
3044,3347,C=NCNCC=CCCC(C=O)=C=NN
3045,3349,CCC=CCCl
3046,3350,NCCCCC(C=C(CCF)N=CC=C)O
3047,3351,O(C1)CC=CC=CC=C(C1C)N=C
3048,3352,C(C)C1CCC=SC(O)CO1
3049,3354,COCC=C=C
3050,3355,CCOC=CC(C)=CS(=C)CN=C=C
3051,3356,COCCCC(C)C=O
3052,3357,C(C)=NCCCC=O
3053,3358,CNCCNC=NCCC=CC=C1NC=CCC1NS=NC=C
3054,3359,CC(C)CCNC=CC1C#C1
3055,3360,N1CCCC(O)C=CCCC1(N)N
3056,3361,OCCCC(C)CC=C=C=C
3057,3362,CC(C)OC(C)=CC=CN=O
3058,3363,OC=CN(C)ON=CN
3059,3364,CCC=CCNC=CCBr
3060,3365,OCCC(N)(C=CCOC=CNC=C)C=C=C
3061,3366,SCCl
3062,3367,ClCCC[NH1]C=CC1COC=CCCC1
3063,3370,C(C=CC=C1)C(CS)CCCC=CC=CO1
3064,3373,C1COCC=C1CN=CC=CC2=CC2O
3065,3374,CCCCC=NOC1=CC1ONOCl
3066,3376,C1CCCC1CNCCC=CNC=O
3067,3377,NCC=C=C=CC(C=CN(C)CC=O)(COC)C
3068,3378,CCCCCCC(C)COCl
3069,3379,OCCCCCC(CCC)CCBr
3070,3380,CCN=NNCCC=O
3071,3381,CNCCOC(=C)CBr
3072,3382,CCCNN=C(C)CC=CN=CC
3073,3383,C=NCCCC(C)=CC(O)C=COCl
3074,3384,COCNCC=C=O
3075,3385,CCS1(N)(=C)CC=C1C=O
3076,3386,C1CC=C1O
3077,3387,C=CC=CCC=O
3078,3388,C=C
3079,3391,NCCCC=CC=C
3080,3392,N(O)=CN=CNC(N)CF
3081,3393,C=C(C)CSC(C)C[NH1]CCC=[NH1]
3082,3394,C=CCCC=C[NH1]C=CCCC=O
3083,3395,CCC(C)C=CC(C)C#C
3084,3396,CC=CC=CC=COCCC=NNNC=CO
3085,3397,OCCC(C)(CC1)C1C
3086,3398,CCC1(ON)CCC1CN=C=C=[NH1]
3087,3399,C(O)=CC(=CC=CC=O)OCl
3088,3400,C1CS(C2)SC(C)C21
3089,3401,NCCCC=CCl
3090,3402,C=CNF
3091,3403,N=C1SCC=NC2C=CCC2C3C1C3
3092,3404,OCC=C(C)CC(C)(C1)C1=C
3093,3405,C=C(C1)C1
3094,3407,NCC=CC=CC=O
3095,3408,C=COCCCCCC=C1C=CCC1=C
3096,3409,NOOC=O
3097,3412,N1CCC=CC=C=CC(C)=CCCC#CC1
3098,3413,CCCOC(CC=O)S=C(C=C(C1)C1)CO
3099,3414,C1(C2NC2(C1)C3)=C3[NH1]
3100,3415,OCC(C)C1NC=COC1=C
3101,3416,COCC=[PH1]C=C=O
3102,3417,C=CCCCl
3103,3418,NN(C)CCCCCCCCOO
3104,3420,NOCOCC=CCCC1=CO1
3105,3421,COCC(CCC)CC=NOCCC1CC1C=C
3106,3422,C=COC=NNNN=O
3107,3423,OCC(C)CSCC=NC=C=SCOCl
3108,3424,C1CCCOC(C1=C2CC)CNC2NC3=CC3
3109,3425,OC=CC(C)=O
3110,3426,C#CCCC=O
3111,3428,CNC=CCNC=CC1(O2)OC=CC1OCC2
3112,3429,CCCCC(C)C=NCCC=CC1CC1
3113,3430,NOCCCC=CCCC=CC=O
3114,3431,C=CC=CCCC#C
3115,3432,NC=C=CC=CCC=C=O
3116,3433,CC=CCC(C)=CC=O
3117,3434,C=CCC(=C)NC=CNC=CC=C(N)C=O
3118,3435,N=C=CC#CCCC=O
3119,3436,CC(C)CN(Cl)CC=O
3120,3437,C(C1)(S)C(C)C1CN=CCNC=C=C
3121,3438,CC=C[NH1]C=CCCCCCOCC=C
3122,3439,CN(N)C=CCC(NC)C=C=C=O
3123,3441,CC=COCC(N)=CN=CC=NCC(C)CCl
3124,3443,C12C3OC1C2(C4)C4CCC3
3125,3444,CCC(C)NCC
3126,3445,[NH1]CF
3127,3446,N1NCC1=C
3128,3448,N(C=NCCNCC=CCNN=CNNCN)Br
3129,3449,CSNC(C)C=CC=CCC=C1CP1
3130,3450,CC=C=NCS=COCCCCC=CC
3131,3451,C1C=CC1=O
3132,3452,C1CC1CCCCO
3133,3453,OCCCCOC1=C=CCN(C)C1C=C=C
3134,3454,N1C=CCC(C2)C1=NC=C2Cl
3135,3455,NN(C=C)CCl
3136,3456,O=C=C=C=C=CC1CO1
3137,3457,COC=C=PC=O
3138,3458,C=PCC1C=C=C(C)O1
3139,3459,C1C(NC=O)N1C
3140,3460,COCOC=CC1CCCCCNC=NO1
3141,3462,OCCOCC=NCC=C1C=C1
3142,3463,SNNCCCCOCCC=C
3143,3464,C(S)C=C=O
3144,3465,CN(N)C=NC=C=O
3145,3466,C=NNNC#CCCN(C1)C12OO2
3146,3467,CC(N)CCCC=CC=NN
3147,3468,C(C)CC(CC)=COC1=CCCN1
3148,3469,O=CCCC=CCOSCC1=CC1
3149,3471,C=CC=C1CCCCCCN1
3150,3473,N1CNCOC=CCCCC1
3151,3474,C(C)(C=C(C)C(N)=CC)=CC(CC)=O
3152,3475,CCCCCC=CCCOC#C
3153,3477,C=NCCOC(N)OCC=C
3154,3478,C(C)CN=CCC(C)(C)OCl
3155,3479,C(COCC)N=CC(OCC)C#CC
3156,3480,CCONSC(C)CC=O
3157,3481,CC[NH1]CC=NC
3158,3482,CCCCOCCC=NC=O
3159,3483,C1=NCC(CC12CCOC=C2)(O)C=C=O
3160,3484,O1CCCC=CC=CC#CC=C1O
3161,3485,CCC(C)N=CC1CCC=CCC=C1
3162,3486,CCCC=C(C)CCOBr
3163,3487,CCOC=CSCN1CNC(C)=CCC1O
3164,3488,CCCCCS1N=C1CF
3165,3490,NCNC=O
3166,3491,C1N=C=CN(C)COC=C=C1CCC=C
3167,3492,NCOSC=CCNC=O
3168,3493,C1CCCC=CCCNOC1
3169,3494,O(C)CCC=C=O
3170,3495,OC(COCC)=C=CC=CCC[NH1]O
3171,3496,COCCCC1C=CCCO1
3172,3497,NCC=CCCCCNC(N)CCC=O
3173,3498,O=CCC(CC)=CCOOC1=C=C1O
3174,3499,C(C=C=CCC=NCC=C=[PH1]C)SCON
3175,3501,CC=SCC=C=O
3176,3502,C=CC=CC=CC1NC2CC21
3177,3503,NC=CSC=O
3178,3504,CCOCC(=O)[NH1]CCCCC#N
3179,3505,FC(C)CC1NNCCC1C=O
3180,3506,CNC=CCCC(C)OOCC=O
3181,3507,NNNCOC=CC(C)N=C(N)OCON=C
3182,3508,C1CCNC(C)C(N)(C)C#CC1NNCC2C=S2
3183,3509,C1COCC=C2C3=CCS21CC=C3O
3184,3510,COCOSC=CCC=CCCCCC#CCCl
3185,3511,N=C(C)OC=CCC
3186,3512,C1CCCOC1ON=NCO
3187,3513,C1OCCC=NCCC=CNC1
3188,3514,CCC=COCC1NN=C(N)C1C
3189,3515,S(CCO)CC=CN=O
3190,3516,OC(=C)SCNCNCO
3191,3517,CC=CCS1CNCC1
3192,3518,CCCCSF
3193,3519,NCCC=C=CCC(C)O
3194,3520,NCP(C)CCCC=CC=CC(O)=NC=O
3195,3521,OC[NH1]CSC1CC=C=C1
3196,3522,NPCC(C)=CC=C1CC1
3197,3523,CC1C=CC(C)=C1CNN=N
3198,3524,OC=CC=C=O
3199,3525,C=C(C)CF
3200,3526,OC=NOCCC1C=CCN=N1
3201,3527,CC=C(OCCNNCCC12OC=CC#C1)C=NC2
3202,3528,C=CCCC1C=CNCCO1
3203,3529,CN(C)CCCCCC(C)=C
3204,3530,CCCCCCC=C=O
3205,3531,CC=C=C(OCS(I)CNC=CCC)N=NCN=C
3206,3532,CSCC=CNCF
3207,3533,N=CC#C
3208,3534,CC(O)CCN=CCC(C)(SC)NCl
3209,3535,O=CCNC1CC#CCC=C1C
3210,3536,[NH1]=C1NCCC#C1
3211,3537,CCC=CC=CC(C)=O
3212,3538,C1C2C=CCCC2(F)O1
3213,3539,COCCC=C(C)C(I)CF
3214,3541,C=C1NC1O
3215,3542,C=NC=COCCCCC=C=CNN
3216,3543,C=C=CCNCC1C=CC=CC1Cl
3217,3544,NCC=CC=CN=CNCOC#CC=C(C)C
3218,3545,C1=NCCC=C1CC=NC#N
3219,3546,C(N)C(CC=O)C(C=CCC)C#C
3220,3547,N1=C(CN(C)C(C)S12)O2
3221,3548,N1=C=NCC1CC#C
3222,3549,CONCC=C=C(C)CC(S)[PH1]1N=CC=CN1C
3223,3550,NC1C=COCC=C1OCCCCC=CCC
3224,3552,C1=CCOC=CCC1=O
3225,3553,C12CCC1=CC2=CC=CCCCCl
3226,3554,OCC=C1CC=C=NC1S
3227,3555,C=COCCCCC=NCCC=O
3228,3556,C=CCCCCOCNC=O
3229,3557,N=C=CCC=CC(CCCC#N)C(O)F
3230,3558,C1CC=CCCCCCOCOC1
3231,3559,N=CCCC=CC=CN=CC=CN=O
3232,3560,CCCCNN(C)[NH1]CSC1=CNC=C1C
3233,3562,OCCNNC=C(C)Br
3234,3563,[PH1]1=C(N)CCN=C1CNOS=O
3235,3564,N=CC=CC=O
3236,3565,CCC#C
3237,3566,COC=COCCC=C=COCF
3238,3567,N1OC(S)(N)CNC=C1C2CN2
3239,3568,C=CC(C)C=NC1CNCNC=C=CNCC1OO
3240,3569,CCC=CC=CSC(C)(O)C
3241,3570,O(C)NCC1(OCC=C)OC1
3242,3571,CCC=C=CC(C)=CC=CSC=CN=C
3243,3572,CC(CC=COCNN=NCO)C#C
3244,3573,C=1=CC=CCCCC=1CC(O)N=NC
3245,3574,N1=CCOC1
3246,3575,C1=COCC1(C(C2)CC2)C
3247,3577,C=C(CC)C=CN(C)CCC=CF
3248,3578,C1C(CC(O)CC=CC1)S
3249,3579,C1OC1(O)CC=CCBr
3250,3580,FC(C)C=C
3251,3581,CCI
3252,3582,C1=CC(C)CCCCC1N
3253,3583,CCNCl
3254,3584,[NH1]=CCCC=O
3255,3585,C=CCC(N)(C)CC=CCNOCBr
3256,3586,CCCCCCCC=CCCCCS
3257,3587,NNCCCNCOC(OCC)CCC(O1)N1
3258,3588,C1CC2(N3)CNCS2=S1C3
3259,3589,ONC=CC
3260,3591,C1CC2CCC(C)C21
3261,3592,O(C)C=CCCCl
3262,3593,C(O)CC=CCC=CSC=C
3263,3594,C=COCl
3264,3595,OC(C)CCNSCCCNC
3265,3596,C1=C2OC=C(C#C1)CC2O
3266,3598,BrCOCC=NC=C(C=C)C(=O)CC=O
3267,3599,CCC=CN=C=COCCC(C1)=C1
3268,3600,NNC=C1NC1(C)CCOCCCC=C
3269,3601,CNC=C=COC#CCC=CC#C
3270,3602,N1(C=C=NC=CON)OC1
3271,3603,CC([NH1]C=CCCCCNO)C=O
3272,3604,NCC=NC=O
3273,3605,OCOCCCNNNC=C
3274,3606,C(CCCN=CNC=O)CCN
3275,3607,COOCCCC(S)C1=CC1C=NC[PH1]
3276,3608,NC(N)C=CCCCCCC=CCC=CCl
3277,3610,ONCOCCCCl
3278,3611,C=1CCCC=CCC=C(C)C=1C
3279,3612,COOC1SCCSC=CCOCC1O
3280,3613,C1PCNOCOCC1
3281,3614,C=CNNCCCC=C=CS
3282,3615,CC=CCCC(C)CNC=C
3283,3616,O(CN)C=COCCCC[NH1]
3284,3617,CCCCC=NC
3285,3618,C=C(CC=COC1CCC=O)N1
3286,3619,ON=CC(C)CCCCC(N)CC=O
3287,3620,CCCNC=CC=CCCN(C1)C1
3288,3621,NC=C=C1[NH1]C2=C(N)NCN2C(C)OC=N1
3289,3622,CCC=CCCCCCN=O
3290,3623,CC(C)=C(C)CC=CC=C
3291,3624,C#CNC=CCC=O
3292,3626,CC(C)C[NH1]CCOCCC
3293,3627,CCC(C=CC)Cl
3294,3628,C1(CC)NC1=O
3295,3629,C=CC(=CC=CN)CON=CCCC=CC=COOCCC#N
3296,3630,CC=C=NCON=C=C
3297,3631,C1NCCC(N)C1
3298,3633,CSCNCCC=O
3299,3634,CC=C(OC1)CC1Cl
3300,3635,CNCC(C)C(C)C(S)CCCF
3301,3636,CC=C=C=CCCC
3302,3637,C1CC1=CC=O
3303,3638,CN(C)C=NCOCCCCC=O
3304,3639,C(C)CCP1CC=C=C=C1
3305,3640,COCOOC(C)=CC=CC([NH1])[NH1]
3306,3641,C(C(C)(C)COC=CCC)CC
3307,3642,C[NH1]C1S(C)OC=C1CCC=S=C
3308,3643,NCCCC=CNCCCC=NCC=CC#C
3309,3644,CC=C1CC(=C)CC1(CC)O
3310,3645,NCOC1CC1(CO)C=CCC
3311,3646,OOC=CCC=CCl
3312,3647,CCC=C=NC=C(C)OCC=CC=C=O
3313,3648,COC(C)CCC=CC=O
3314,3649,CC(COCCCC1CCNC=C=N)O1
3315,3650,CCNC=C=O
3316,3651,C=C=CCl
3317,3652,CCCNC[NH1]CCCCCCOO
3318,3653,C1C=C=CC=NNC1=C
3319,3654,CCC=CCN=CCOCOC=O
3320,3655,CCCC=CC=CCCC(C)C=C=O
3321,3656,NCNC=CCOCCNC=O
3322,3657,CCCCOONNC=CC=O
3323,3658,CC=NCCCC#C
3324,3659,CCCN(C=O)C1C(C)COC=C1
3325,3660,O=CC1CONCCC=CC=C1
3326,3661,CON=CCNC=O
3327,3662,CN1CN(C)CCCC=NC1C#N
3328,3663,CC=C=NCC(C)NC=C(CC1)C1
3329,3664,C=CCC1OOCC=C1
3330,3665,CCNC=CCCNC=NCC
3331,3666,OCCN=NC=CCCC(=C)C=C=O
3332,3667,O1C=CC(C)C1=CC=C=C
3333,3668,OOCONCCCCCCC=CC=O
3334,3669,NCC(C)=CN(C)I
3335,3670,C=CCNCOCCCCO
3336,3671,N=1CCCCN=C=1
3337,3672,CC=CC=CCC=CC=O
3338,3673,NCNC=C=CCCS(N1)C1
3339,3674,C=CC(=C)CCCCCCl
3340,3675,N1CC(C)CC1NCC=S2C=N2
3341,3676,C1C=C1SOCCl
3342,3677,CC=CC(C1)C(C)CC=C=CC1CC(C2)OC2
3343,3678,CC(=C)C=O
3344,3679,N#CC
3345,3680,C1CCCCCC=C=P1
3346,3681,OC(CNC=CC(C)C=C)OCl
3347,3682,OC(COCN)(CCF)C
3348,3683,CCCCO[NH1]CC=C1CNCN1C=C
3349,3684,NCC=CCCC=C
3350,3685,CCC[NH1]C=C=O
3351,3686,N=CCCC=NC=CC=CBr
3352,3687,COC=NC=CCl
3353,3688,O=C(CCCCC=C=O)C#C
3354,3689,OCCCCNOC(C)C=NCCl
3355,3690,CCC=NN=CCNC=O
3356,3691,C=C(C)CC=O
3357,3692,C1SCNCC1=NOC=COC=O
3358,3693,C1C=CC=NCCCN(C)S1N
3359,3694,S=C=C(C)CCN=CC=CCOOCCOC=C=O
3360,3695,NCCCCC=C(C)C=O
3361,3696,COCC=CCCNCCCC(N1)C1=O
3362,3698,COC(CCCC=CC=CC[NH1]OBr)CCCN=C(C)CCI
3363,3699,C(=COCF)=N
3364,3700,CC(C(C)=N)OCOC=CCCCNCl
3365,3701,COCC=NC=CCCCl
3366,3702,CCCOC=C(O)CC=O
3367,3703,C1COCC=CC1=O
3368,3704,N1OC(CCCO)C(C)(OO)C1O
3369,3706,NNCCC(C=CCC)NCCl
3370,3707,COC=CCC=CC=CC1=C=N1
3371,3708,COCCNCC1C=CCCC1Br
3372,3709,ONC(N)CC=CC=C1C=C2CC21
3373,3710,OBr
3374,3711,NC(C)CCC=C=N
3375,3712,C=1OCC(N=O)CC=1
3376,3713,OCC(C)C(N)N=C=CC=CC=O
3377,3714,O(N)C(C)=NC(CNCC)CCC=[NH1]
3378,3715,OCC=CS1CC1O
3379,3716,O1C=NC=C1C=C=C
3380,3717,CC1C=CCC1C2CC2O
3381,3718,NCCCCC=CC=CC=CCCNF
3382,3719,CC=1N=C=CCNC=1OC(=O)C
3383,3720,NC=CC=CC=CC=CC=O
3384,3721,CNNCC=CCC=CCCNC=CC=COF
3385,3722,NN=CCN=CC=COC=CC
3386,3724,CCCCC=C=CNCCCCl
3387,3725,COCCCOC
3388,3726,CC(C)N=CC[NH1]OCl
3389,3727,C1C#CC(C)C(N1)NOC=O
3390,3728,C1=CC(C)S=NCC=CNCN1
3391,3729,CCCN(Cl)CCC=CCC(O)OCC=C=C
3392,3730,C(C)COCCl
3393,3731,CCCCCC(C)CCNC(C)Cl
3394,3732,C1NCC1C
3395,3733,CC1CC=C(C=CC1)C=C=O
3396,3734,C1OCC=C=CCC=C1
3397,3735,CC(C)CCCCCC=NCl
3398,3736,CC=C(C)C=CC=C=C(C1)C1=C
3399,3737,OCCCCCF
3400,3738,C1(O)C(NBr)C1
3401,3739,N#CCNCCC
3402,3740,CNCC=O
3403,3742,CNCN1CC1=NN
3404,3743,COCCSC=CCOC(N)=CCC
3405,3744,C1=C(N)CC=C1
3406,3746,NOC=CC1CC(=C)CC=C1CC
3407,3748,CCCOCCC=CC1SP1=C
3408,3749,CC(C)CC=O
3409,3751,CCC=CC=CCC=NC
3410,3752,N1C=CC=CCC=CCOCCCC1C=O
3411,3753,C=C=C(C)CN1N=C=C=C1
3412,3754,C1(=N)CCCC2CC21[NH1]
3413,3755,CC=NC(C)CC=CCCC
3414,3756,N(N)CCC=O
3415,3757,NN=O
3416,3758,SNOC=O
3417,3759,CCN=C=O
3418,3760,NOCCCSC=C=NOC
3419,3761,CCCCCCCC#C
3420,3762,CCC(C)NCC1CC1
3421,3763,OC=CN=C(C)C=NC=CCBr
3422,3764,NCC=CC=CN(C)C=CN1CC1=C
3423,3765,FC(N)OC(N)C1C=C1
3424,3767,CC=CC=C=CCC=O
3425,3768,O1C(CC1Br)N
3426,3769,C12C(O)N(C)C1N(C)C2C=O
3427,3770,CCCC(NCCCC=O)C#CCC
3428,3771,O1CN=C1
3429,3773,C(C=C)O
3430,3774,C=CCC=CCC#C
3431,3775,NNCCC=C=O
3432,3776,OC[NH1]CCC=C=CCCCC1N=C1
3433,3777,CNNNNCC=COC
3434,3778,C=CCC1C=NCOSCC=CC=C1
3435,3779,N=CCCCCCC(C)C=C=O
3436,3780,CN=C=NNC=CC(NC)P=SO
3437,3782,C(C)=CC=CCC=CCNCNCF
3438,3783,N(C)=CN=CC(C)=C=NNN=NC=CC=CC=CC
3439,3784,O=NCC=CCC=CC=CCC=CCC=C=O
3440,3785,NC(CC=C=C=CS1=O)=C1
3441,3786,SCC(N)C=CC=CCOCCl
3442,3787,C1ONOCCC1N
3443,3788,CC#CCC=C=CC=C[NH1]OCON
3444,3789,C=NCN(C)C=O
3445,3790,CCCCCN=CON=N
3446,3791,CCCC=NC=CCC
3447,3792,ONC(C)CCC(C)C(C1)CC1
3448,3794,CC(C1)CC#CCC1=O
3449,3795,OCCCC1CNCCOCCO1
3450,3797,O(C=O)CCC1=CC=C=CC1
3451,3798,NNN=NC=C=C=O
3452,3799,C1CCC1=C2CC(C)(C)CSOC2
3453,3800,OCCC=C1C=C1
3454,3801,CC=CC=C(C)ONCCNC=C
3455,3803,N1NCN=C1CSSCC=O
3456,3805,CCC(C)CC=NN=C=CC=C=C1CC1P
3457,3806,CCOC=C=O
3458,3807,CCCCC=C(C)CC=CC=C=O
3459,3808,OCCl
3460,3809,OCS(C=CCOC)=CCI
3461,3810,CC(C=CCC(C)CC)C=O
3462,3811,C1=CN[NH1]CO1
3463,3812,CCCC1=CCOCN1C=CC=CNCO
3464,3813,CCC=CCF
3465,3814,INCC(SC)CC=CS1C2OCCN1NC2C=N
3466,3815,OC(CSOCCN(C)C)C=O
3467,3816,O=CCC(C)C=C1CC2NCC1C2
3468,3817,CCCCNCOCC=O
3469,3818,SC(C)COBr
3470,3819,N1CN=NCOC=CC=C1NN
3471,3820,OCNC=CC(C=CC=N)[SH1]1=CC1
3472,3821,CCCCOC(C1)C=N1
3473,3823,NC=CC=C=CCC=C(C)CN=CN
3474,3824,CC(N)C=C(C1CC=O)OC1
3475,3825,CN=CCBr
3476,3826,C(C)C=C=O
3477,3827,CCC=CCCN(C=C1)N1
3478,3828,CC=CC=CC=C
3479,3829,N=C=C(C)CC=O
3480,3830,S(C)NCCCNOCC(F)NBr
3481,3831,C(NNC)C(Br)C=CC=CF
3482,3832,C1(C)CSCNCC=C(C)C1
3483,3833,ClC=NCC(C=CC=C)(C=S=NC)OC=O
3484,3834,C1C2C=NOC2S=NC(C)[NH1]1
3485,3835,NNC(C)=C=C=CCCCC=C=C
3486,3836,COC(=C)C=C=CC1=CC1C
3487,3837,OCCCCCCCCC=O
3488,3838,CCCC=C(CSOCC(C)CCC)CF
3489,3839,O1NOC=NS(C2)N2N=CC1C=NOC#C
3490,3840,CC=CCCC=CC=O
3491,3841,C=CCCCCC=CCl
3492,3842,C1CCCCC(N)N1
3493,3843,C1CC(C)CCCC1NC=CC=CCC
3494,3844,CCC(C)CC=NCCCNC(C)C(C=CC#N)OCCl
3495,3845,CCC=C(N)C=C(C)C1=CCCN=NC1
3496,3846,C1CCCCC1
3497,3847,N=C(S)C(C)=O
3498,3848,CC=C1NC=CCN(C)COCC=C1O
3499,3849,CCCCNC#CC
3500,3850,CCC(OCCS)CCC=C
3501,3851,N1CC=CC=C(C)C=C=CC1C
3502,3852,CCCCC=C=O
3503,3853,NC(=C)CCCCCC
3504,3854,C(C1=CCCCC1)N=O
3505,3855,OCNC1(C)CNCO1
3506,3856,OC=CC=CCC1CCCC#C1
3507,3858,C(C)CC=NCCCC1CC1
3508,3859,N1=CCC(C)N1CC
3509,3860,C1NN([SH1])CNC1=CCCC=COON=O
3510,3861,CC#CCl
3511,3862,C1=NC(CF)OC(N)C1OC#S
3512,3864,ONC(C)=CCC=O
3513,3865,NCCCCCC
3514,3866,N=COCN(C)CCCNN=N
3515,3867,OC=CC1CCN[NH1]C=NCC1
3516,3868,CCNSCC=CC=C1C(C(Cl)N)(C)N1O
3517,3869,C=NCC=NCCF
3518,3870,C=CCC=CC=C=C1CC=C1
3519,3871,C(C)COC=CCCC
3520,3873,NOC=O
3521,3874,NCl
3522,3875,CCN=NCCCCCCCNN
3523,3876,O=C(CN=NCO)[NH1]COCC#C
3524,3877,N=CC=C
3525,3878,OCC=CCCC=C=CBr
3526,3879,SCC=O
3527,3880,C1(N)(C=CC)C2=CC1(C)CC=C2C
3528,3881,OCOCO
3529,3882,CCC=CC=CC1C(CC)=CC1
3530,3883,C1OCC1OC(C)=O
3531,3884,CCCOOCC=COCCNCN
3532,3885,C1N(C)C=CCCN=C1
3533,3886,N1C(C)CCC2C=C=S1CCN2
3534,3887,NCONC=CNCC=O
3535,3888,C=C=CNONCCCNC
3536,3889,CC(C)NC=CC1=C=C1CCC#C
3537,3890,OC=NCBr
3538,3891,C1C=C1NCC=C=CC=CNON
3539,3892,C=1NC=CCOC=CC=C(C2)C=12
3540,3893,C=CC=CCNCS(=O)C(CC)CNF
3541,3894,CC=CC=CBr
3542,3895,C#CCC=O
3543,3896,C1=CNCCCNCOC=C1
3544,3897,CNS=O
3545,3898,NCCC=C=C=N
3546,3899,OCCCNPC(CC)=CC=C=[NH1]
3547,3901,OC=CNCCCNC=C=O
3548,3902,C=C=NC(C)=O
3549,3903,CCOOOCCC=O
3550,3904,N12C(=C)CC=C1C=CC=C2
3551,3905,NC=C(C)Cl
3552,3906,OC1CCCC=CC(N)C=C=C=C1
3553,3907,CCN=CCCC(C1)N=CC=C1C2C=C2
3554,3908,CCCC=NCCOS=CNCCCC=O
3555,3909,OC=COCCC(C)(C)NCOCCNC
3556,3910,CSCC=CNCCCC(C=PC=CC=C1)C1
3557,3911,CCOC([NH1])(CN(Cl)OC1=O)OCCC1N=NCCC=C
3558,3912,CCCNCCOCCC=C=CNCOC
3559,3913,NC(N=C[NH1]C)=O
3560,3914,CCCC(C)CCCCC(=C=C)O
3561,3915,C=C=CCC=C(C)C=C=NCC(C)S=CNCl
3562,3916,NCC=CN=C=NCC=CCCCC
3563,3917,C1CC1CCCC=O
3564,3918,N=CCC=CNCCON(C)C=O
3565,3919,COC=C=CCCNC=NC=CNC=O
3566,3921,NCC(C)CCC=O
3567,3922,NCCC=NCC=C(C)CCC=C(N)C=C=C
3568,3923,C#CC(C(C)C=C=CC1)C1
3569,3924,CCCCCOC=COCC=O
3570,3925,C=COOCNCCC=CC=CC=CC
3571,3926,COCI
3572,3927,OCC(C=C=CO)COCN=O
3573,3928,CSCCOCC=CC=N
3574,3929,O1CC(C)(C)CS(C)OCC=C1
3575,3931,C(C)CC=C(O1)O1
3576,3932,CNC=C[NH1]N(CC=O)C[NH1]O
3577,3934,COCF
3578,3935,CC(S1)CC=NC(CC)C=N1
3579,3936,CCOC=C(CCOC=CCl)[SH1]Cl
3580,3937,OCCCNOOC
3581,3938,C=CC=CC(C)=O
3582,3940,N(N)(C)CCl
3583,3941,COCC(CCOC=C=O)=C
3584,3943,CCCCC[NH1]CN(CF)NCO
3585,3944,C=CC=CCCOCCCBr
3586,3945,CCC(C)CCCC(S)(C(C)OC1=CN1)Cl
3587,3946,C(CC=CCCSC1CCCC1S=CC)C
3588,3947,COCBr
3589,3948,CCCCCCC(C1)CC1
3590,3949,C=C(C)N=CCl
3591,3950,CC(=C)ONCCNC#C
3592,3951,[NH1]=CCNC=C
3593,3952,OCNOCCCl
3594,3953,C=CC=CCOCC=O
3595,3954,C=CCCCCCl
3596,3955,ON(CCC=O)NF
3597,3956,NC=C(C)C=C1C=C1
3598,3957,C12CC1CNCC2
3599,3958,C=CCC=C(CBr)F
3600,3959,CCCC1N=CCOCC=CNS=C1CCC=CBr
3601,3960,ONCCCCl
3602,3961,CC=CCC(C)C=COCNCCN
3603,3962,C=CNCC
3604,3964,COCC(=C)C=O
3605,3965,NCC(CS=O)CO
3606,3966,C=CCl
3607,3967,C=C(N)C=CBr
3608,3968,OCC=CC=CCCN=C
3609,3969,CCC=C(CCCCCCC=C1)C1
3610,3972,CCOC=CCCCC=O
3611,3973,CCC=CC=NC=C(C)C
3612,3974,C=C(C)C(NCOC)CC(C1)=S1
3613,3975,CCNC(C)=O
3614,3976,C1NC(C)C1=C
3615,3977,CCCCCC1=SCNCSC=C1
3616,3978,C=C(C)CC=C=O
3617,3979,CNCPC=O
3618,3980,C1CC=C[NH1]OC=NC1CC=O
3619,3981,C=C=CS=C1N=CC2=C=C1CNC2(C)NN
3620,3982,C=CC
3621,3983,C1CCC(N)ONC=C1F
3622,3984,CN=COCNCCCCCC(C)NN=NN
3623,3985,CCCC=C=CC=CCCN
3624,3986,O=CCC=CCCCCCOC
3625,3987,CC=NC=CC(CC)C=C(C)C=C=C
3626,3988,C(CCNCCC)N1C=C1
3627,3989,CCC=C=C=CC
3628,3990,NOC=CCCC=O
3629,3991,COCC=CC=C=C
3630,3992,C=NOC(C)(CCC1=CCCCF)C1
3631,3993,C=CC(C)C=NC=C=C([NH1]1)N1
3632,3995,COCNOCCCCC=C=CNF
3633,3996,C1=CCN1C=CC=CNNC=C=NC=C
3634,3997,OCC=NN=COCC=CC(C)=C=NCC=COC=C
3635,3998,C=CCNCC=CCCN=N
3636,3999,C=CCNCOC(C)CCC
3637,4000,CN=NC(C=CCC=O)C=NC
3638,4002,C=CCC=CC[NH1]C=C[NH1]C=C=O
3639,4003,C1N=CC=CP1N=C(CC)N
3640,4004,OC=C(C)NCN=CI
3641,4005,NNOC(C)N=CCCI
3642,4007,CC=NS(C)COO
3643,4008,C=CC=C=C(C)NC=C(C)OOCl
3644,4009,C1C(C2)C=CCCC2C=C1O
3645,4010,O=CNCNCNC1CC1
3646,4011,CC(C)CC=CNC(N)OCBr
3647,4012,CCCC=CCCN(C1)N1C
3648,4013,C=CC=CC(C(C)CC1(N)CC)NC1
3649,4014,NCCOCC=C
3650,4015,CC(C)CC1=CCS(C)C1OF
3651,4016,CCCOCC=CC=O
3652,4017,N#CC=CCC#C
3653,4018,N=CNCC=O
3654,4019,C=C(C)OCCCNC1[NH1][NH1]OCC2C1C2
3655,4020,NNC=COCNCC=O
3656,4021,CCSCCC(C)CC=CC(CO)C#C
3657,4022,C(C)=COOCNOCCl
3658,4023,OCCC(CC)CN=C1CC1N(C)Cl
3659,4024,COC(C)CCCC=C=CNO
3660,4025,CCC(C)C=O
3661,4026,CCCC=CCl
3662,4027,CSC(C)CCC=O
3663,4028,CC=CCCCCCCBr
3664,4029,CC1=CC=C=CC=C1
3665,4031,CN(C(=O)OCC(C)=C=O)NC=CN
3666,4032,CC(C)C=CCCC(=NCNNOCN=C)NBr
3667,4033,C(C)CNC=CCC1CC1
3668,4034,CCCCC1=CO1
3669,4035,O1CC(C)C(C)C[NH1]1
3670,4037,C1C=SCNCC[SH1]1O
3671,4038,NCCOC=CCC=CC=CC=C=C
3672,4039,NC=C1CC(C)CCN1
3673,4040,NCCNCC=CC=C=C
3674,4041,O1OCC1(N)CSC=O
3675,4042,CCCOSCCOC=CCC#C
3676,4043,CC=C1C=CC=CCCCCCON1O
3677,4044,CCC(CNO)C(CCCN)CNCS=C=CCNCC=O
3678,4045,C=CC1CC=CNC1C(=C)F
3679,4046,N=C=C=CC=CO[NH1]C=O
3680,4047,O=NNCC=NC=NC=C=C1C=CC(C)CC=CC1
3681,4051,C=CCCC=NOC=CC=COC=C=C
3682,4052,C12=C(C)CC1CC2O
3683,4053,C(CC=CBr)C=CCCCSCNC=O
3684,4054,CCC(C)NCOC=SCCCCC
3685,4055,C1NCC=C1NC2OC=CC2=CBr
3686,4056,O1CCCS=CC2OC2O1
3687,4058,CC(C)=CNCC=C=NC
3688,4059,O=CCCOCCl
3689,4061,C=CCNCCCl
3690,4062,OCOCC=CC#C
3691,4063,C(CCC1=CC)=C(C=C=CO)C=C1C[NH1]
3692,4064,CCC=C=C=C=O
3693,4066,CCCC=C(C)NC(C1=C)C1
3694,4067,OCCN(C1)N1CCCCCCC=O
3695,4068,CCN=CCOC=CN=N
3696,4069,C=C(C)C
3697,4070,CC[NH1]CC=C=C
3698,4072,CC=C(C)COC=O
3699,4073,N1=NC(C=2)C1=2
3700,4074,CC=CC1OOCC=CC(C)CC=CCC1
3701,4075,CCCC=CC(C)C=CC=O
3702,4076,O1C=CN=NC#CC=CC1
3703,4077,CNC=NCC=CN(C)CC=C(C)OC=NCC#C
3704,4078,CCC=CCSNOOC(SN)CN
3705,4079,OC=CCC=O
3706,4080,NOCF
3707,4081,ClC=CF
3708,4082,N(NCCCCCCC)F
3709,4083,NC=NNCC(C)=O
3710,4084,C(C)OC=NCC=CNCC=C
3711,4085,CCC=CCN=CC=O
3712,4086,C(C)(C)CC=NCC=NC=NO
3713,4087,NC=CCC=O
3714,4089,CC(C)SNCCNC=NOC=CC=C
3715,4090,COOC=O
3716,4091,NC1NNC=NSCOC=NCCC1CCN
3717,4092,CCCOC=CCCO
3718,4093,NCCNCCCCNCCC1CN1O
3719,4094,OCCC=CCBr
3720,4095,C=CCC(C)C=CNCCC=CC#CNCCl
3721,4096,NC(=CCNC=O)CCC=C
3722,4097,CNC=CCNNC=O
3723,4098,CC=COC(CC([NH1])C=CCC=C)CCF
3724,4099,CCCCC1=C=C1CC=CC
3725,4100,O(N)CF
3726,4102,C(C=C(O)OCN=S)N=C
3727,4104,N1CCCCCO1
3728,4105,C1C=CCC(CC=C1C)O
3729,4106,NCCCC1C=C=CC2=CC2CC=C1
3730,4107,OCOC=NCCNCOC
3731,4108,NCC=C(C=C=CC)NC=NON
3732,4109,C1SCCCCCC2CC12C
3733,4110,CCCCN=CCNCCCC=CCC=C=NC#CCN
3734,4111,CC(C)S1(SC)CCC=CC=C1
3735,4112,CC=CC1=CN=CC1(C=C)C=CCOCCOC#C
3736,4113,CCNC(C)=CC1CC(=O)NCCCC1
3737,4114,C1=C(C)CC1(O2)C(Br)NCC=C2
3738,4115,CC=CC#CCOC=CC(N)C=CC=NO
3739,4116,CCC(O)=CCOCC=CCN=C=O
3740,4117,NC=CCC(C)(C1)C1
3741,4118,C(N=CC1=CCO1)C
3742,4119,CC1C2C(O)NCCC12
3743,4120,COC(CCCCCC=O)C=C
3744,4121,CC12CCCC=C1C=C2
3745,4122,CCCCNCNC(C)CCl
3746,4123,C1C=CC1C#CN
3747,4124,C1NCC=C1C#CCC=C=COCOCO
3748,4125,OC=NCNCC=NSC=CN=O
3749,4126,NC(N)C=CCC=NOCO
3750,4127,CC=C=C(C)C=O
3751,4128,C1=C=N1
3752,4129,CC(C)CCNCCN(C)C
3753,4130,[NH1]CN1C(C)C=C1
3754,4131,CCC=CCOCNCC=NO
3755,4132,CC=C=CC=NC
3756,4134,CCC(C)C=CC=S1N(C)CC1OCl
3757,4135,C=C=CC=NCCCC=NN(N)C=CCCCCl
3758,4136,CCOCCOC1C=C=CC(NC=CN)S=C1P
3759,4137,NOC=C=C=C=CC=O
3760,4138,OOC=O
3761,4140,CNN(O)C(CC)CC=CO
3762,4142,COCNC=CC=NC=NCOCC
3763,4143,C1CCC2COCC2=C(C)O1
3764,4144,CC=NCC1=NC1=O
3765,4145,CCCCC1OC=NC=CCC=C=NS1
3766,4146,CCCCC=C
3767,4147,C(CC(C)N=CNCPC)S1OC1
3768,4148,CCCC=CC=CCCCC=O
3769,4149,C1CC(OC[NH1]NCC[NH1]1)N
3770,4151,OOC=COBr
3771,4152,CCCSC#CCNCCl
3772,4153,CCCS(S)Br
3773,4154,O1C=CCC1N=CCOC
3774,4156,CC=C(S)C=CCCl
3775,4157,O(CCNCOCC)NC=C1C=C1
3776,4158,COCCCNOC=O
3777,4159,C(=C)C=CC=C(C1)N1
3778,4162,CCCC=C=C=C(C)C=CC=CN=CC
3779,4163,OCC=CCCC=C=CCC=CC
3780,4164,OCCOC=CC=O
3781,4165,CNCCCOC=CN
3782,4166,SCC=C=CCNCCC1N(C)CC1(O)C
3783,4167,CCCN=CC(C)C(S1)CC1C
3784,4168,NCC=C=C=CC=CC=C(CC)CCCl
3785,4169,O=C(C=CN)N(C)CC
3786,4170,C=CCOC=CCC(C=CC=C)CCCC#N
3787,4171,[NH1]CC(CCCCN)CC#CC(C)N
3788,4172,CCCCCCCN(OC)OC1(C)CCCCC1
3789,4174,C=CCCCCCC(N)C=O
3790,4175,CC(C)CF
3791,4176,NCCCOCCC=C=NC([NH1]1)(C)C1
3792,4177,OC=C=O
3793,4179,N=NN
3794,4180,C=CN(C)CCl
3795,4181,NCC=CCOOC=O
3796,4182,OCN=CCC(F)COBr
3797,4183,N1CCC=CNCC2=NNN1N2O
3798,4184,CCCCOCCN(C)C[NH1]CC=C
3799,4185,C1=C=C=C=C1C
3800,4186,CCOCCN=C=C1OC1O
3801,4187,OOC=CC=CC=C=CCCBr
3802,4188,CCCC=C=CCCC(C)(C)C=O
3803,4189,N(N)C=O
3804,4190,C=CNC=C=CC=CCCCC=N
3805,4191,CNC=C(C)CNCCCC(=C1)C1Cl
3806,4192,NC(O)C(C)CCCC=NCC=C
3807,4193,CNCCCOC=O
3808,4194,CCC(O)C=CC(S=CN)N=CC1=C=CCN=C1CC=CNO
3809,4195,ONCC#CCC=C=C
3810,4196,CC[NH1]C(COCCC=CCCCC)C=C
3811,4197,C(=CC=CCOC1=CC)C=CC1
3812,4199,CCCCCOC=CC=O
3813,4200,CCCOC=CC=COO
3814,4201,C=C=C(C)NC(C)CNC=CC=O
3815,4203,CCNCN=O
3816,4204,C(C)NC#C[NH1]CCCCCCCC(C)(C)[NH1]
3817,4206,C1ON=C1C=CCC#CNC=C2CC2
3818,4207,CC(C)CCCCCCC=O
3819,4208,OSCCl
3820,4209,NCCC=CCCCC#CN
3821,4210,C(CCC=CC)N=C(S1NNC(N=N)C2C1)OOC=C2F
3822,4211,NC=CCC
3823,4212,CC=CC=C=C=O
3824,4213,CCCCCC1CC=NC(C1C=CNC)SS=N
3825,4215,OC=C(O)C=CC(C1)C1
3826,4216,CCCCCCCC(C1)CC1=N
3827,4217,C1#CC=C1CC2=CCC(C)C=N2
3828,4218,OC=C(C)C(O)NN
3829,4219,CC(CC)C=O
3830,4220,NC=CCCCCC1CN1
3831,4221,COCC=CC[NH1]I
3832,4222,CC(CNCC)C=NCOC(C)=C
3833,4223,CCCC=NCNCCOCNC=O
3834,4224,N=CCCNCNC=CC(C)=C=C
3835,4225,COC=[PH1]NCC1(C=C1I)C=CNOO
3836,4226,OC=CC(C)(C)CC1=CO1
3837,4227,N1OCOOC1OCCI
3838,4229,C(C=CC(C)OCOCNCC1)=C1
3839,4230,NCCCCC(C)CCOC
3840,4231,CCNC=CC=CCCC(C)NCC=C=O
3841,4232,C1C=CCC=C1NC=NCl
3842,4233,C=C=CCCCCCCCOC1C=C1O
3843,4234,CNC1CCC[NH1]CCNN1O
3844,4235,O=CCNOC(C)(C)Cl
3845,4236,NON(C)OCNNCC1CS1
3846,4237,C=NC=O
3847,4238,C=NCOCCCCC=CCCNCCCl
3848,4239,CCN=CCCC=C=C
3849,4240,CCOC(C)[NH1]CCCOCN=CN(C)CCN
3850,4241,CCC=NC(C=C=C1C=O)C=CC1
3851,4242,O=CCC=CC=CC=NCBr
3852,4243,C1CCCCCC=C=C1
3853,4244,CCCCCCCNCNS=O
3854,4245,C1COC(=C)CN1
3855,4246,N=CCCCCC=C(C=C1)O1
3856,4247,C1=CCCCC=CNCC=CC2=CC12
3857,4249,C1CCC=CSC=CC[NH1]C=C1S
3858,4250,O1OCCC=NCCCCCC1
3859,4252,CCOC=COCC=C=C
3860,4253,C=NC=C=NCN=C=CCC=C=CO
3861,4254,NCCC=C=NO
3862,4255,CC=CC=CC=CC(C)CCCCN
3863,4256,BrCCNCOOCC(C1COC(CN1)O)O
3864,4257,CCNCC(O)(C(C)=CCCCN=CC1)C1
3865,4258,CNC=C=C=CCC=O
3866,4259,C=S12NCNC1(C)CC(C=C3C)N23
3867,4260,C=CCNC=O
3868,4261,C1C=CC1(Cl)CC=CC=C=CN
3869,4262,C1C=CCCC2CN2O1
3870,4263,NC(C=CCC)NCN=NCC
3871,4264,C1COOCN1OCCCCC
3872,4265,O=C=CCCOCCCC(CO)OO
3873,4266,CNC(=O)CC=O
3874,4267,SCCCC=C(N)C=CCPCC(C)(N)F
3875,4268,C12CCCC(C)C1=C2C
3876,4269,NCOC(ON=CC)(CCC=C)C=O
3877,4271,CNC=NCOC=CC=O
3878,4272,CCS=C=O
3879,4273,OSCC(C)CCC=O
3880,4274,C1NC[NH1]CCC1N=C(P)O
3881,4275,NCCC=CC=COCBr
3882,4276,OC(CC=CC)CCC=O
3883,4277,N1CC1CCl
3884,4278,OCC=CNC=CC=CNC
3885,4279,C1C=CN=CC=CCC=C1
3886,4284,OOCCC(O)C
3887,4285,CCCC(C)CSC=CON
3888,4286,O=C[NH1]C=COC(C)CC=CC(=C1)O1
3889,4287,C=1=CCCC=1CNC
3890,4288,COCC=NC=O
3891,4289,CC=NC(N)C=CCC=O
3892,4290,OC1CCCCNC=CCC=CC1
3893,4291,OC=C=NNC=CNOCCC=C=CN=O
3894,4292,BrC=C=CCCCCCCl
3895,4293,CSCC=O
3896,4294,CCCOOCCC1C=NC=CC=CCCC1O
3897,4296,CCNC=C(C)CCCS#CC(C)CC=O
3898,4297,CC(C=CC=CC)C
3899,4299,CCOCCl
3900,4300,CSC(S)=CCC(CN=O)=N
3901,4301,NNSC=CC(C)=O
3902,4302,CCNC=SC1=COC=CC1CC
3903,4303,CCNCNOCCC=C(CCCC1)C1
3904,4304,C1CC(C)C=CC=CNOC1=N
3905,4305,COC=NC=CCCCC=C=C
3906,4307,OC(CCC=O)(CC=C)OCC=NC
3907,4309,O=CC(C)C=CC=NCCCCC
3908,4310,C1CC=C1CCOCC=CCNO
3909,4311,N1OC(OCCN)C12CC2
3910,4312,O1CCCCS1CC=O
3911,4313,C1COCCCC=C=C1CC
3912,4314,CNCC(N)C=O
3913,4315,C=CCC=CCCC
3914,4316,C1C=CCC1(C)CC=SC
3915,4317,O1NCCC=CCC1C(C)CC=C
3916,4318,C=CCC1=CC=CCCC=C1
3917,4319,CC=C(C)CC1C=C1
3918,4320,C1CCOC=CC=CCC1Cl
3919,4321,CC=C(N)CCOC=C=C=NNF
3920,4322,NCCCCCCC(O)O
3921,4324,C1C=CC1C=CC=CC=C
3922,4325,O=CC=CC(C)CC=CC=CNC=CCCCC=C=O
3923,4326,OC(CN[NH1]COCCCCC1)C1
3924,4327,C(=C)=CNCC=O
3925,4328,NCNCCN=C(CC)C1NC1
3926,4330,CCC=CC=C(C)CCC=CCCCC=CC[NH1][NH1]CC=O
3927,4331,C=CCC(C=C)Br
3928,4332,O(C)CC=CC=NC1CC1
3929,4333,C1(CC1C=CCC=O)=O
3930,4334,N=CON(C)NCF
3931,4335,N1N=CC=COC=CCCCC1N
3932,4337,C=C=C(C)C=O
3933,4338,NCNCONCC=C=CC=O
3934,4339,CNC=C1C=NNO1
3935,4340,CCOCC=CCOC=C1C=CC=N1
3936,4342,OCCCOC=CCC=O
3937,4344,CNCSC#CCF
3938,4345,CCC(=CC1=CCCCC=O)CN=C1
3939,4346,CC=CCCCC(O)CC=1OC=1
3940,4347,CCCC=C=CC=C(C)OCCC
3941,4348,OCC=CC(C)C(C)SOCCCC=O
3942,4350,C1CC(C=CC=C)C(S)C=C1
3943,4351,CCCC=SBr
3944,4352,CC=COCC1CC=COC1C=CCOO
3945,4354,CCC=NOCCC=CCC=NC=O
3946,4355,NC#N
3947,4357,NC=CC(C=CCC1NCOCC2=C1COC23)C3
3948,4358,C=CC=CNCCC=CC=CC=CN
3949,4359,CCNCOC(N)C=CC[NH1]OCC1C=C1N
3950,4360,OC=CCNCCN(C)Cl
3951,4361,NOC
3952,4362,OCC=C(N)C=C1C=C(O)C(C=CC)=C1N
3953,4364,CC=CCCC(CCC=C=N)C
3954,4365,C=CC=SCCl
3955,4366,CC=C=NC=O
3956,4367,CCCC(C)C[NH1]CC=O
3957,4368,OCCCNCC(C)=O
3958,4369,CCNC(N)CCF
3959,4370,NCC=NC=CCCC=O
3960,4371,OC(C)C=O
3961,4372,CC=CC(N1)=CCCOC1[NH1]C
3962,4373,N=CCC=CC=C=C=O
3963,4374,NONCl
3964,4376,CCNCC=CC=O
3965,4377,CCOCN=CC=C=NOC=O
3966,4378,C1=CCC1=C=P
3967,4379,CCC=NOCOC=CC(C1)CO1
3968,4381,CCC(=O)C(C)CCN(O)NC=CC=C
3969,4382,CCC=SCNNCC(C=CCCC)C=1CC=1CO
3970,4383,CCNCCCN=CC1CCCCCNCC=NN1
3971,4384,CCOS=CC=CNOC=CCC
3972,4385,C1CNCCC=CCCCC12C=COCN2
3973,4388,C1OC=C=COCC#CC1
3974,4389,N=C=NCNCCCOCCCF
3975,4390,N1(C)OC1N
3976,4391,C=C(C)C=CC=C(C)CC
3977,4393,OCC=CC=CCC=O
3978,4394,SC(C)=CCCCCF
3979,4395,CCC=CC=CC1(C)CCCCCC=CC=N1
3980,4397,CC(C1)CC(C)CC1C=CC#C
3981,4398,C=CCCNN=O
3982,4399,CNCNI
3983,4400,O1OOC(C)CS1
3984,4401,O1CC=C(C)C=COCC1CC=O
3985,4403,CSCCC(NC=CC(C)OON)CCF
3986,4404,CC=NCC1CC(C)(C=C=NC[NH1]CF)O1
3987,4405,O(SCCO)CCN(C)Br
3988,4406,CCCC(C)NC=C=CC=C=NN=CS
3989,4407,C1C2=CCONC=CC1OC=CO2
3990,4408,C=C(N)C=1CNC=C=1
3991,4409,N=CC=COCCl
3992,4410,CC=C=C(C)C#CCC
3993,4411,CCCCCNC1OC=C(C)PNCCC1N
3994,4412,C=CCOCC=C=C(C)N=C=O
3995,4413,ON=C(C)CCCCCC=CC
3996,4414,NCOC(C=CCNN1C)ONO1
3997,4415,CCC(O)C1(C)CC=C1F
3998,4416,CCCC=CCC=COCF
3999,4417,CCC(C(C)C=C=S1)C=S1C
4000,4418,O=C=C1C=C=SN1C
4001,4419,CCCCOC=CC#CN=C=CC
4002,4420,C#CCF
4003,4421,CC=C=C(C)SC=CCCCF
4004,4422,CC=CNC(O)CC(N)=C=CC=O
4005,4423,C=C(C=O)CCCNCCCCCNC1C=C1
4006,4424,C=CCOC=CCCC=O
4007,4425,CCC=CCOC=C=C=C
4008,4426,ONCCC=C(O)C1C=C1
4009,4427,CCOC=CC=CCCN=CCl
4010,4428,CC(=CC=O)C=CN(C)C=O
4011,4429,NCCCCCCC=O
4012,4430,ON(O)C(C=CCCNCC=O)N
4013,4431,OC(O)SCC1=CCP(C)CC1
4014,4432,CC1(C)NCC=C(N)N1CC=O
4015,4433,C1CN=C1SCC(=N)CC#CC
4016,4434,N(CC(N)=O)CCC
4017,4435,C1NCN2CCCCN2CCC1
4018,4436,CCCCCCCCCSC=CCF
4019,4437,CC=CC=NCCCC(S1)COSC=C1
4020,4438,C=C(C=CC=CC[SH1]CC=CC=C)OCNC
4021,4439,CCNCCNC#CC
4022,4441,C1NCC=C1C=CCC(N)OC=N
4023,4442,C12N=C1CCNC=C(C)NC#C2
4024,4443,NCC=CNCC=C(C)OCCCC
4025,4444,C=CCCCCl
4026,4445,C(O)NC=CC(C)Cl
4027,4446,OCCCC=NC(C)OOC(C)CC=C
4028,4447,C1C=CC(C2)C=C12
4029,4448,C=C(C(C)=CCC=O)CCC(OC)=O
4030,4449,C=C=CCOCC(C)CCOOC#C
4031,4451,SCN(C=CCNOOCCCNCl)N=C=C
4032,4452,CC1C=NC=CC(C)C1
4033,4453,NCNCOCCC=[PH1]C1CN1O
4034,4454,C1CCCCCC[NH1]O1
4035,4455,COC=NCCC=CBr
4036,4456,CCNC#CC=NCCCCC=C
4037,4457,NC(N)C=C(CCCl)N
4038,4458,ONCC(N1)N1CC
4039,4459,N1CCCCCC=C=CN1
4040,4460,C=CCOC(CC)CCC=O
4041,4461,CC=CCC=CCC#COC=NCCI
4042,4462,NCC(N)CC=NCON
4043,4463,O(N)CCOC=CC=C=NNC=CC=CN=C
4044,4464,CC=CCCC1=C2C1C2
4045,4465,C1CNSOC#CC1=C
4046,4466,COC(C)C1=CC1
4047,4467,OCN(C)N=C(C)N=O
4048,4468,NONNCCCCC=CC=C=C=N
4049,4469,CC=CC=C=C
4050,4470,COCCCC=CC1CC=CN=C1C
4051,4471,OCC=CCOCCSOC=CCOOC=NC=O
4052,4472,N12C(ONCN[NH1]CC1)N2NN
4053,4473,CCCC=CCC
4054,4474,C12CNN1CNC2C=COSCF
4055,4475,CC=NCC=O
4056,4476,CC=C(Br)CN(O1)C1[NH1]
4057,4477,CCNC=NC(C)CCC(C)=N[NH1]
4058,4478,CC=CCC1C=C=NCCOO1
4059,4480,C=COCNBr
4060,4481,CCCNCNN=C(N1)C1PC=N
4061,4482,ON(C)CS=NC=CC
4062,4483,C=C(C)CNC=CCCCCNONC=CCO
4063,4484,O1COCCOC1O
4064,4485,CCCCNCC(C)COC(=C)O
4065,4486,CCC(C)C1CC1
4066,4487,O1CSC=CCCCCN=CCN1
4067,4489,CCSCCC(O)C=CCCl
4068,4490,CONC(C)CCCCS(C)=N
4069,4492,CCC(N)CCCOCCC=C1CC1
4070,4493,C=CCOCC#CC=CCC#CCC
4071,4494,CCCCCCC1=COCO1
4072,4495,CC(C)CNC(C)(C)CCCC#C
4073,4496,CN[NH1]CC=CCCC=CC=C(C)O[NH1]C
4074,4497,CON=CCC1(C2)C2=CNC=[PH1]O1
4075,4498,NCC(C)OF
4076,4500,CC=SC=O
4077,4501,O=C=CCC(C)=C
4078,4502,N1(C)COCOCOC=C1
4079,4503,N1C2=CC=C=C=NC21C
4080,4504,C(CCOC)N(C)CN=O
4081,4505,CC1OCCC=CC=CCCC=N1
4082,4506,CCC1CCCNCCCC2N1C=C=C2
4083,4507,NOCCCC=C=N
4084,4508,NCC=C=NOC=PC=C(C)OOC=NC
4085,4509,CC=C(C)CC=C1CC1
4086,4510,O=C(C1)CCC=C1CCCPC
4087,4511,C=CC=CNC(C=C[SH1]C1)=C1
4088,4512,NOCS=C
4089,4513,CCCCNCC[NH1]N1ONNCN1
4090,4514,C=CC(C)CN=O
4091,4515,N=CCN[NH1]CCNCCC1=CS1
4092,4516,C1C(C#CN1CC2)C2
4093,4517,CCCC=C=C(C)C=CC
4094,4520,COCCNCC(COC=C=O)CO
4095,4521,C1C=C=CC1(CCN)F
4096,4522,O=CCC=CNCCCCO
4097,4524,NC(C)CCCl
4098,4525,C=COC=CCl
4099,4526,CCN=CCCSC=O
4100,4527,C=C=CCC=CCN1NN=CC(O1)=N
4101,4528,NCCCBr
4102,4529,CCC(C1)=C1CCCC=O
4103,4530,C1=CCC1CC=C=C=O
4104,4531,C(CCC=CC)C(N)CC(C1)C1
4105,4532,ClCCNCC
4106,4534,CC=CCNCCCOC(C)=O
4107,4535,ONNC=CC(O)C=C=CCC1C=C1
4108,4536,NC=CCC(C)(C)C=CC=C
4109,4537,C1CNCCCCC(F)CN1
4110,4538,CC1CC=CC(C)N1C
4111,4539,C=COCC1CCCO1
4112,4540,O1C(OCCC)CN1CNC#C
4113,4541,ONC(C)(C)C=C1C(C)=C=CC1O
4114,4542,COCNC=CC=O
4115,4543,CCCNNCCCCCCCC=C
4116,4544,CCCCC=COC(C1)O1
4117,4545,NCCNOCOCOF
4118,4546,C=C(N)C#CC(CN)CCCCC
4119,4547,C1S2CCNCC21C
4120,4549,C1=C=CC(Br)CNCC=C1
4121,4550,C12CC1C=C=C=SC=CC2C=C
4122,4551,C1COCOOC=C1N(CCN)CS=O
4123,4553,NC(C)N=CNCCCC=C
4124,4554,COCCCCC1CC(I)=NC1
4125,4556,CC=CCC#CC=CC=CC=CC(S)CC
4126,4557,C1=C=NC(CNCN)C1(C)N
4127,4558,OC(C)C(C=C=CF)C#C
4128,4559,CC#CCCCCCCC=C=CN
4129,4561,CCC(N=CCCOC=C1C(N=N)[NH1])CNNC1N
4130,4562,CN=CCN=O
4131,4563,CCCC=CCCCCl
4132,4564,CNCC=C(C(C)=C)C=CCl
4133,4565,CS=CC=CC(C)CCOC=C(C)O
4134,4566,CC(C)OC(C)C=CNC
4135,4567,CCC=C1CCCP1CC2=CC2N
4136,4568,C=NCCC1OCNCCC1
4137,4569,CC=C=CCNCCC=CC=C[NH1]CCN(O1)C1
4138,4570,O=C1CN=C=CCS2CNC=C21
4139,4571,NCOOC=O
4140,4572,NCNCCC(N)CC=CC=P
4141,4573,CCNCCCSC=CS
4142,4574,CCCOCCCCN=C1C=C1
4143,4575,CCCC=CCC=CN
4144,4576,CC(C)CC=CC=CC#CC=O
4145,4578,C=C(COC=C)C=O
4146,4579,ON=CC=CNC(C)CCl
4147,4580,CC=CC=SCC=CS=O
4148,4581,NCCCCCC1C=CCO1
4149,4582,C=CCSC1CNC[NH1]CCNC#CN1
4150,4583,OCCC(=O)C
4151,4585,NC=C(C1S)N=CNNC=COC1
4152,4586,COCCCCC=O
4153,4587,O1CCC2CC1C=CCC2
4154,4588,OOCCN(C)C=C=CC1=C=C=CC=C1CC=C
4155,4589,NCCCCC(CC=O)C
4156,4590,C1=C=C=CCC(=C)C1OC
4157,4591,OOCCCC=CC=C(C)C1CC1=C
4158,4592,CC=CNC=CBr
4159,4593,CC=CC=C=COCNCCC=C
4160,4594,C=CC=CCCC=SC=CCl
4161,4595,C1CC2NC(C)CC2CC1NCOO
4162,4597,OCCCCC(C)C=CO
4163,4598,O1CC1=C(C)CCNCOCBr
4164,4601,CCNCSC=NSC(O1)N=CCC=C1
4165,4602,NCCOC=C1C=CCC=C1C=C
4166,4603,CC(CCOC)CCCSC(C)OC=C
4167,4604,N12C=CN1C=CC=C2
4168,4605,N(=C)C=1C=C=1
4169,4606,OC1C=C=CCC1COC
4170,4607,CCCC=NC(C)=CN=C
4171,4608,[NH1]=NCC=NCCCC(C)CC
4172,4610,C=CC(O)(O)CPC(CC)CCCCCCNC
4173,4611,CCC=NC=CC=CCCCOCC=CC
4174,4612,CNCSCC(CCCC)CON
4175,4613,C=CCCCCNCCl
4176,4614,OCBr
4177,4615,CNC=CCC=C(O)C
4178,4616,CCCNC(CC=O)NCOC=O
4179,4617,CCCC=CC=CCC
4180,4618,CC(C)=CCC=CCNCN
4181,4619,N1C(C)C1CCC#CC
4182,4620,COC=NC1=NC=CCCCCCC1
4183,4621,COCOOCCC=NC1=CCC=CC1=CN
4184,4622,N(C)CS(CC(CC[NH1]C)=CC1)=CC1
4185,4623,C(Br)(CSN=O)=COF
4186,4624,C1C2(N3CCNC=C3CC=C)C=C21
4187,4625,NC=CCC=CC=CCCCCCCCC=C
4188,4626,CC(CC=C1CCF)C=C=C1
4189,4627,CC=C(C)N1NCOCCCN(N)CCNC=C1N
4190,4628,CC=C(C#CCCOC(C)F)CC=C=C
4191,4629,C1C=CCO1
4192,4630,C=CNCCl
4193,4631,CC(C=CC=C)(C)CCP=NC
4194,4632,O=NC=CNC=CNC=CCCC=C=CCOC[NH1]
4195,4634,CCCCC(C)NCBr
4196,4635,C123CNC=C1C2C=C3
4197,4636,N#COCC=O
4198,4637,C=CC=C(C)N(C)CC=O
4199,4641,N1CCSC(=C)C1(O)ONCCC=C
4200,4642,C=CC=CCN(C)C=O
4201,4643,C12C(O1)C2
4202,4644,OCC=CC
4203,4645,C=1=CC=C=C=1
4204,4646,CC=C(C)C=C=CCC=CCCF
4205,4647,O(OCOC(C)C)CCCC(C)=C
4206,4648,O=C(CCOCCCC(C)CCNNC=1)C=1
4207,4649,CNSCC=CN(CC=NNC)OOC=C=C=C=N
4208,4651,CCCNCCCC=CCCBr
4209,4653,NOCCNC#CCCCC#N
4210,4654,COC(C)OC(C)CN=C1CC1
4211,4656,C=S=CNON(C=C)CC(=C)C=C
4212,4657,CCCCC(CCC)CCCOC=NON
4213,4658,N=C(C)SNCNCNC(C1)C1
4214,4659,C(C)=CC=CC=CCBr
4215,4660,CSCC(C)C=C(S)C=CCOCNSO
4216,4661,NOC1CC=C2CC1C=COC=C2
4217,4662,OC(C(CC)CCOC)(CF)C(=NN=C)C=C
4218,4663,C1CNCN=CC=C2C=C2N3OC31
4219,4664,CC(F)=CC=C
4220,4665,CC(=N)OC=C=CCC
4221,4666,C=CC(O)CCC=CC(O)(C)C#N
4222,4667,OOCC=CCCCC(N)CCN=C
4223,4668,NNNCNCCCCCCCN=C
4224,4669,C=C(C=O)[NH1]
4225,4670,CNCOCCC=NNCI
4226,4671,CNCOC=CCCC=CC(CC)NCCCl
4227,4672,C1C=CCCC=C1O
4228,4673,NC1=NC(C)=CC(C)C1
4229,4674,CNOCCC=CC=COCCCN
4230,4675,C(C)=C(C)C1CCCONC=CCC=N1
4231,4677,C=CC(C(=C)COCOC=C)C=O
4232,4678,CC(C)CC=C=CN(C)ON
4233,4679,C#CCC(C(N)N=NO)C=C=CCC=C=C=C
4234,4680,C(C1=C=CC=NCNC)N1OO
4235,4681,ONC1C(N=COC)C(C=CCC1)CN
4236,4682,C(C)COC(=C)C=O
4237,4683,O=CC=CN=CC=C(I)Br
4238,4684,CCCC(C=CCBr)P
4239,4685,CCCNC=NC1NOC2CC12
4240,4686,COCC=CCCC(N)C(=C)CCC=O
4241,4687,CSNCCC=C=C1CO1
4242,4688,OOCC(C)C(O)NCC=CC=C=NC=CF
4243,4689,CNCN(CC=O)CCC1CO1
4244,4690,CCCC=CC(C)CF
4245,4691,OCOCC=C(C)Cl
4246,4692,COC=CCCC(C)=CCCC=O
4247,4693,O=CNC(C)CF
4248,4695,CCC1NC(C)=C1CCC=CC=C2C=C2
4249,4697,COCC(C)=CC(=C)C=CCC1C#C1
4250,4698,CNCCCCN(C=CCC1COC=CN1)C
4251,4699,CC=CC1NCC=CN=N1
4252,4701,C=CC=C=CCCN(SC=NC=CNO)Cl
4253,4702,OCC=CC=C1CCOC1=C=O
4254,4703,N1OCCCC=CCCCC=CC=CN1
4255,4704,N=NCCCCOCC=O
4256,4705,C1(C2SCC)=CC=C1OCCCNC=C2
4257,4706,CNC=CC=CC(Br)CC=O
4258,4707,C=CCCOOC=CC1C=C1
4259,4708,CCS=CN1C=CCC=C[NH1]CCC=C1
4260,4709,O(ON=CCC#CCCCC=O)CN
4261,4710,C(C)CSCCSCC#CC=C
4262,4711,CCC(NCCC=C=NC=O)=CO
4263,4712,O1C=CCC(C)C1
4264,4713,CC=C=NCC=CC=CCl
4265,4714,CC(=S(C)C=CCSC=C)CBr
4266,4716,OCC=CC=O
4267,4717,OC1(C)C=CC1[NH1]C=CSCCC#CO
4268,4718,CC=C(C)CCC(NCS)C(C)CC1CC1
4269,4720,O1C=C=CCC=NCCNC=C=C1
4270,4721,NCCCSCCCNCOC1=CN1
4271,4722,CC(C)CC([NH1])C=COF
4272,4723,CC=CCCCC1(CN12)NC2
4273,4724,OC(N)(C)SC=O
4274,4727,OC(C)=C(C)Cl
4275,4728,NC(O)C[NH1]N=C=CN=COCl
4276,4729,C1CC(NCC=C)=CCC=C1O
4277,4730,COC1=CCCC1N=O
4278,4731,CCC=CCCCCCCC=CC
4279,4732,C1CN=C1CCC=NOC=CCO
4280,4733,COC=CC(O1)C1
4281,4734,CC=CCCCCC=O
4282,4735,C1=C=CCC(C)OO1
4283,4736,C=1C=CC=NC(C)NN=1
4284,4737,CCCNC=NCCC=O
4285,4738,CNCC=CCCC=C(C)C
4286,4739,CC=CCNCNCC(C)C=C=NC
4287,4740,CCCN(C1)P1CC=C
4288,4741,CCC(C)CC=NC=CC=C=O
4289,4744,C=CC=CC=CCCCC=CC=CC=C
4290,4745,O=CC(=C)C=CC=CC=NNCC=O
4291,4746,OCCCC=NC=O
4292,4747,CC(C)CCCCC=CNCBr
4293,4748,OCC=NC1C=NCC=C1
4294,4749,CCC=C(C)C=O
4295,4750,N1=CCC(CC2C=C2)C=N1
4296,4751,CN(C)CCCC=CCCOC
4297,4752,C=CC=CCCCCC(N)F
4298,4753,CC=C=CCCCC=O
4299,4754,CNCN=O
4300,4755,C=C=NN=C=CCSC=O
4301,4756,C=CCCOCCCl
4302,4758,CCC(C)C=CCCC=NNOCCC
4303,4759,C12CC(C)CC1(N3)C23
4304,4760,O=CNCCC=O
4305,4761,CCCC=NC=CC=NCOC1CCNC=C1
4306,4762,OC=CCBr
4307,4763,C1(=N)CCC(C)N1C=NC
4308,4764,C=CC[NH1]C(O)CC=CC=CCNOO
4309,4765,CCC(O)C=CC=CC=C
4310,4767,C1=CCC(C)CCCNC1=N[SH1]N
4311,4768,CCCOCC1C=C1
4312,4769,C=CCC
4313,4770,CNCSCC(C)=CCSOC=CC=C=O
4314,4773,O=CNN=C=CC=C1C=C=CCOCCCC=NCN1
4315,4774,C1(C)CNC1(C)C(CCC=O)O
4316,4775,NCOC=CCC=C=C
4317,4776,CCC=C=CCOC=C=CCC1=CC1C
4318,4777,NCF
4319,4778,CCC=C(C)NC(C)CONC=O
4320,4779,O=CC=CC=CC=CCCC=C=N
4321,4780,NC=C=CCCOC(C)C
4322,4781,OCCC(OS=C[NH1])Br
4323,4782,CCCCN=C=CNCC1C=C1
4324,4783,C=NCCCC(=C)COCC=CC=CS
4325,4784,CC(C)CC=CCC1CC(C)CC=CCO1
4326,4785,C1NCC(C1CCCCNC)C=SC
4327,4787,CC(C=CC(C)C=C)(C)CC#CC=C
4328,4788,ONC#CCSOCC=NC=C=CC=CCl
4329,4789,CCCC(C)C=CC=O
4330,4790,CCOC(C)=O
4331,4791,CCC(CC)OCON=C
4332,4792,CCCC=CCOC=CC=O
4333,4793,C=NCCCCC=O
4334,4795,C=NOON1C=CCCCC1
4335,4796,C=CCCC=CC=CC#C
4336,4797,OCC=CCF
4337,4798,N12CN=NCCN1CCC(Cl)O2
4338,4799,CN=C(C)CCCCCCNC=CCCS
4339,4800,CCC=C(O)CCC(O)(C)NC
4340,4801,O=C(C1)C1NC=CC(C=CN[NH1])C
4341,4803,CCCCCCCCCCC#C
4342,4805,OC=C(N)N=CNC=C=NNC=CO
4343,4806,NCNOCOCCCCCCOC
4344,4807,COCCCOC=CC=C=C
4345,4808,ClC=CC=C1C=C1C
4346,4809,COSCNC=CS(F)C1=C(C)SCC1O
4347,4811,CNCC=CC=O
4348,4812,O1C=C=C=NN=C1C
4349,4813,CPNCCC[NH1]SCCC=O
4350,4814,CC=CC=CC1(C)N=C(C)N1CC=C=O
4351,4817,O=C(S)C(C)C=O
4352,4818,CN1CNCCSCC[NH1]COCCC1
4353,4819,N(C)C=CC(C)CCCC=O
4354,4820,CC=CC=C=NC=O
4355,4821,O(C)CC(C1=O)N1
4356,4822,N(C)COCCCC=C
4357,4824,CCCCC=C(C)CC1=CC1=O
4358,4825,OCCCCC
4359,4826,OONCCCC=NC
4360,4827,N=C=SC=CCCC
4361,4828,NCCC(C1)=C1
4362,4831,ClC=NC=CCC=CCCCC
4363,4832,CC=C=COC=C(C)C=NOC=CSO
4364,4833,OCC
4365,4834,C=CNCCCCC(C)CC=C
4366,4835,CCC=CNC1CCCOC(O)C=C1O
4367,4836,OC1C=C1C
4368,4837,C1CCC=N1
4369,4838,CCC=CNC=S=C=O
4370,4839,CC(C)CC=NOC=O
4371,4840,CC(C)=CC1OCC1C
4372,4841,C1OC=CCNC1C=CCNNCCC=CO
4373,4842,O1COC2=C=C1N=NC=CCCO2
4374,4843,CSOCCOC=C1C=C=CNCOC2(C=C2)C1Cl
4375,4844,C(S)=O
4376,4845,CC=CC=CC1(Cl)CNC=CCCC1COON
4377,4846,NCCCC=C(C)C=CCN
4378,4847,C=NCCC=CC(=C)S=C1C=CCCC1C
4379,4849,N1C#CCC1=C
4380,4850,OOC=CC=CC=CC=CC=C
4381,4851,NSBr
4382,4852,C1=CC=NCOC=C1
4383,4854,CNCCCSOC1C=C1
4384,4855,CNCCCCC=O
4385,4856,OOCCCCC=O
4386,4857,CCOSCCOCC=CCN=O
4387,4858,N1C=C(S)C1CNCC=CC=O
4388,4859,CC(C)C(C)CCCC#CC
4389,4860,ONOC=CF
4390,4861,C=CC=CNCCC
4391,4863,O=NCI
4392,4864,OC1OCCC=NC(=C)NOCC=NC1(C)N=C
4393,4865,CC1CC(NC)=CCCCC=C1
4394,4866,CSCCCC=C(C)F
4395,4867,OC=CN=CCCl
4396,4868,CC(N)C=O
4397,4869,C=CCCCC=CCCC1=C=CCCCC1OS
4398,4870,O(C1)C=CC=C=NCC=N1
4399,4871,C1CCOC1C=O
4400,4872,CC=NCCOCCNC1CN2CC1CC=C2COC
4401,4873,CC=CC=CCC=O
4402,4874,C(C)NNC=CC#CN
4403,4875,OC#CCC
4404,4876,CC(C1)O1
4405,4877,C1=COC(N)C=CCC(C)C=CC1
4406,4878,C1CCNCC12C#C2
4407,4880,C1C(C)CC=C(NCC=CC)C1
4408,4882,CCC(C)COCC(=C)ONN
4409,4883,C=CC(C)CCCN=C
4410,4884,CN
4411,4885,CCCCCCCC(NO)=NC#CCl
4412,4886,CCCNC(C)=CCOS
4413,4887,CCN(C)CCC(=C)C=O
4414,4889,CC(COCCC=CC=O)OCC(C)OC=O
4415,4890,COCC1C=CC=CC1NCl
4416,4891,NCOCC(C)C=O
4417,4892,NC=CCCCCCNC=COC(C)C=O
4418,4894,CC=NC=C(C)C1SCC=CNOC1
4419,4895,CC=CCCC=C=CC=C=NS(CCC=O)P
4420,4896,NC(CCCC(COC=C)C)C#C
4421,4897,C=CC(C)=CC=CC=CC=CC=NC=C
4422,4898,CCC=CC=CCS=C1CNCC1=O
4423,4899,C=CCC1(C)CCO1
4424,4900,OCC(CN[NH1]C)CCC=O
4425,4901,CC=C=C1ONOC=CC=CC1
4426,4902,C1=CCCCN1CC=O
4427,4903,C(N)CCCCC=C=C=C=N
4428,4904,NCCC(=CC=NC)C=C=O
4429,4905,CN=C=O
4430,4906,C1CCC1(C)C=CCCN=O
4431,4907,C1OC1OCC=CCC=O
4432,4908,CCCCCNCCCON=NOCNBr
4433,4909,O=C=CCSNC=C[NH1]CC=O
4434,4910,NCCC(C)C=O
4435,4911,C#CCC=CCOCNOCC
4436,4912,O1OCC1(O)CF
4437,4914,C1CCCC=CCC=CCCOC1
4438,4915,N1CC2=C=CC1=C2S
4439,4916,BrCCCCC1CC1
4440,4918,C1CCCNCCC=C1
4441,4919,C=C=CCCNCNN1C(=C)NC=C1COC
4442,4920,C1CSC(Br)=C1C
4443,4921,C1CC=CN1CCCCOOO
4444,4922,CC=CC=C=C(C)C=C(C)CCCC=O
4445,4923,CCCC#CC1OCC=CC1C
4446,4924,C=C=CC(C)Cl
4447,4925,OC(O)CNC(C)OOO
4448,4926,CC=CCCC=CC=CC(Br)(N)O
4449,4927,COC(NC=CN)CCOCCOCCC(=CC1)C=C1C
4450,4928,C(C)=CCCl
4451,4929,CNC(O)CCCCCCCCC
4452,4930,C1CN(N)C(NC1(C)S)NCCl
4453,4932,O=C(C=C)C(CS=C(N)SF)=N
4454,4933,CC1CCCC=C1OOSCCCCS
4455,4934,CN(C)C=CC=CNNCCCN1CC1CN
4456,4935,N1=C=CC=CC=NC1N=C
4457,4936,O1C=C(N)CC1C=C=CCl
4458,4937,NNC=O
4459,4938,CCC(C)CCCC=CBr
4460,4939,NC=NOC#CN=CCC=C
4461,4941,N=CCNCCC
4462,4942,NCC(C)(S)C(C)NC=C=CN=O
4463,4943,C12CCCCC1C=CN2
4464,4944,C1=CCC=C[NH1]1
4465,4945,SCN=NCC=CNC=C(O)CCCCNBr
4466,4946,C1CCCCNOC=NCC=CC1
4467,4947,CN(N)CC(C)C=CC=CC(C)F
4468,4948,CC=C1CCCC=CONNCC=C1
4469,4949,C1OCN=NCCNCCC=CC=C1O
4470,4950,CCC=CCNC(C)=CC=C
4471,4952,CCCC=SCCC=CNC(C#CC)C=C=O
4472,4953,CNCCC[NH1]C1(C)C=CCCOSC=CS1N
4473,4954,CCC=CCOC1CN1
4474,4955,CCCCCCC(C=CCC=C=C)C
4475,4956,O(C)NCCCCCOC=C=C=C
4476,4957,CCCC=NNCCCCCCC=O
4477,4959,COOCOCCCCCC=C=CCCCCl
4478,4960,CC=NC=CCl
4479,4961,OCNCC=CC=CC
4480,4962,C(C)CN=NCO
4481,4963,C1CC1=CC(=O)C=CN(C2)NONC2C=CC=C
4482,4964,NCCNC=O
4483,4965,O1CC(C)N1C=C[NH1]C(C)N
4484,4966,NCC(C)(C)NCC=O
4485,4967,CC=C=NCC=CCC=CCC1OC1C
4486,4968,NOCNCCSC(C)N=CC1=CC1
4487,4969,CC1N=C=CNCCCCCCN=C1
4488,4970,C1(C)CNCCCC1SN
4489,4971,CCC(O)CCNCC=C=NN=CO
4490,4972,C1CCC=C1
4491,4973,CNC=CC=CCCOC=NCBr
4492,4975,C=CC=NCC(CC)Cl
4493,4977,CCC(C)OC=C(C1=CN1)OCC=C
4494,4979,NCCOC1CC=CCC2CC21
4495,4980,N(CCCCCC=O)CCNO[NH1]C=O
4496,4981,N1C=CC=CCSCCC1=NC2C=N2
4497,4983,O1C=C1N=O
4498,4984,NC=C=C1OC1
4499,4985,C1=CCCOCC=CC1
4500,4986,C1(C)=CC=CCN1
4501,4991,S1CCCC(C=COC)CC1=C
4502,4992,C1=CCC=C1C
4503,4993,OC=C(C)C=CCCCCC1=C=NNC1
4504,4997,C#CCSC=CCNNN=CCl
4505,4998,NCCNCCC=CC=CC=O
4506,5001,CO[NH1]COC=CCC1CC=CSC1C
4507,5002,CCCCC(C)CCC=CC#C
4508,5003,CCCC=CCNC1SC=C=C1C=CCl
4509,5004,NCC1=CCCCC1=C(C)[NH1]
4510,5005,CCCCC(C=CCN1)=C1C
4511,5006,CCC=C=CC#COC=O
4512,5007,CCCCN(O)C=CCCC(C)CCNF
4513,5008,CCS(CCCBr)C(C)C=CC=CCOC
4514,5009,NCC=C(O)COC=NCOCCC=O
4515,5010,NC1(C)OCCC(C)CCC=C1NN
4516,5011,C1CSC=C1CCC=CCCl
4517,5012,C=NN(OS=NOOC=C(C)C1)N1OCC
4518,5015,C=C(C)C=CC=SC=O
4519,5016,C1CCCC1(CCCC(C)C=CN)OC
4520,5017,OCCCCCCOO
4521,5018,CC=CC=C=CF
4522,5019,C1CCC(C)C1(ONC)C=CCC
4523,5022,C1OCC2=CC=CC=CC1C=CC=C2
4524,5023,CC(Br)(C)COC=NC
4525,5024,CNC=C=PCC=C=C=C1C=CONO1
4526,5025,CN=CCC=C1C=C1C=O
4527,5026,O1CC=CCCO1
4528,5027,CCCCC=C(C)C=CCC=CNC=C
4529,5028,C1OC2NNCC1C2(C)CCC=O
4530,5029,CC=CCC(CC)C=CCCCOOC
4531,5030,NOC(C1)(C2CC=N)C1C=CN(C)C=N2
4532,5031,C=COC(C)CCCC(C)CC1=CC1C
4533,5032,CCCCN=CC=O
4534,5033,C=CC(CCCC)NC=CC(C)CCCl
4535,5034,CC=C(C)C
4536,5035,CCCC(N)C(N)=CCC=O
4537,5036,C=C(CONC)N=C=CC=C=C
4538,5037,COC(C)ONC=O
4539,5038,CCOCCC=CCl
4540,5039,CCCCCCCF
4541,5040,NNCC=C(N1)C=CC=CC1=C
4542,5042,C(C)=C=CCCCC=CCCOS=C
4543,5043,OCCCC(=C=O)CCCOC=C=N
4544,5044,C=CN=CI
4545,5045,CCNCC=NCCC=CNC=O
4546,5046,COC=CCC(=C1)C1=CCCC
4547,5047,N=CCNNCCSC=CN1CCCC=C1
4548,5048,CCOC=CCF
4549,5049,O1C=C(N2)C=CC(C2)COSC1=[PH1]
4550,5050,NCOCN(C)C#C
4551,5051,S=1=CC2CC=CC=C2CNC=1
4552,5052,C1CNCCNC=C1
4553,5053,C1=CC=C(C)C1N=COOCC=C
4554,5054,CNCCCCOCCCC=C=C
4555,5055,OCCC[NH1]N
4556,5056,CC=CCCCC
4557,5057,C=CCSCNC
4558,5059,C=CCNC=CC=CCNCC=CC=O
4559,5060,CC(C=CCC(=C)CC)N=COC
4560,5061,CCC1CNCC1CCN(C)CC=O
4561,5062,COCOC(CCCC)C=CCCl
4562,5064,O1CC=NC1CC(C)=O
4563,5065,CN(N)NCCCC
4564,5066,CONCCC(=CCC)OC1CO1
4565,5067,CC1C(C)=C2C(O)COC2(N)C1
4566,5068,N#N
4567,5069,C12CC=C(C)C1CN2
4568,5070,N=CN=CC=CC=NC=CC=O
4569,5071,NC=NCCCOC=CC=C(CC1)C=C1
4570,5072,OCCN(N)C(C)=O
4571,5073,COCCCN=CC=C=C
4572,5075,C(C1)CCCCNCCC=C1
4573,5076,CCCNCCC(C)=CC=CCN=CC=C=O
4574,5077,NCCC=CNCCC=CCC=O
4575,5078,CNC(N1C(C)=C2C1C)CN[NH1]CC=C=C2
4576,5080,CNCCl
4577,5081,CCC=C=CC=O
4578,5083,OCC1C(C)CCCC=C1
4579,5084,C=CC(C=CC)C=CC
4580,5085,C=CNCCC(C=O)O
4581,5086,O1OCNCC1C(OCC2CCC)CCCC=N2
4582,5087,O1CCC1NCNF
4583,5088,CCCC(CCN1C=CCC1COC)C(C)CNCl
4584,5089,OOCCl
4585,5090,C1CCS1=C(N)C=CF
4586,5092,C=C=C(C)[NH1]CCC(C)=CC=NC[NH1]NC
4587,5093,C=C(C)C(S)CO
4588,5094,C1N=CC1COC=CCl
4589,5095,OC=CC=CS=COC#CCSC=O
4590,5096,O=COC=CCOCCCCC#C
4591,5097,CNC=CC(N)C=NC1OC1N
4592,5098,C1CNCCC1OCCCC#C
4593,5099,C(C)F
4594,5101,C(C)S#N
4595,5102,C1CCCC1C=CC(O)=NCN=CC
4596,5103,CCC=CC(C12)C(C)N=C1C=CC(CC=C3C)C23
4597,5104,C=CC(C)CNC(C)N=CC
4598,5105,C1=CCCC(C)C1CC=CC=C=S=O
4599,5106,NCNCCBr
4600,5109,C=COC=CCCCCSC(C1)C1=N
4601,5110,COC=C(O)OCCl
4602,5112,NCC=S=C=CNCC(C)C=CON=O
4603,5113,C=CNCCCCCOOC=C=P
4604,5114,C=NNBr
4605,5115,O(C)CCCCCN=C(N)OON
4606,5117,O=CC(C)C=O
4607,5118,CNCN(N)CCCNCCCC
4608,5119,CC=COC=C1CCOCC=CCC1N(C)CC=C=N
4609,5120,O=CCNCCC=O
4610,5121,C=CCN(C)CCCNCS
4611,5123,CC=CC=CCC=NCCl
4612,5124,OC=C=C=CCS=O
4613,5125,CCCOC#CC
4614,5126,NCOOCCC=CC=CN(O)NCl
4615,5127,CC=COC=CCC=O
4616,5128,OC(C)C(C)C(C)SS=CC
4617,5129,C1=CCOCC=CCC(OO2)C2NC1
4618,5130,CC=CN=CCC1=CO1
4619,5131,CCC=NCC=O
4620,5132,N1CCCC1(O)C
4621,5134,CCCOCC=NCSC=O
4622,5135,C12NC=NC=C1CC=CN2O
4623,5136,S=C=C(NC=CC=O)Cl
4624,5137,CC=CC(C)CNOF
4625,5138,C=CNCC=O
4626,5139,N1=C=C=C(CCC)CNCN1Br
4627,5140,CCC=CCC=CC=CCCC#C
4628,5141,N(C)CNC1NOCSC=N1
4629,5142,C=CCCNC=CCC=NN=NCON=C(N)C=C
4630,5143,OCCCNC(C1)=C1
4631,5144,CC1SC1=O
4632,5145,NCCC=CCI
4633,5146,CCC=NCC=CNC=1CNC=CC=C=1
4634,5147,CN(N)C=C(C)C(C)ONCCC=C=C
4635,5148,CCONC=O
4636,5149,CCCNCCC=COC=C=CC#CO
4637,5150,OCC=CCl
4638,5151,COC=C=CCCCCC=SNP=NOOO
4639,5152,O=C=CCNC(C)C(C)CS=C
4640,5154,CNC=CCCC=CO
4641,5155,CCCCCCCCCC=CC=O
4642,5156,OCCC=C1CC=CSC1(NC=O)CCCC
4643,5157,OONC(F)ONCCNCOC
4644,5158,CNCNC=C[NH1]CCC=CON
4645,5159,C1CC=C1C
4646,5160,CC=C=CCC=CCF
4647,5161,CONOOF
4648,5162,C#CC=CC=C=O
4649,5163,CNN=CCC=C=C(C)OCC
4650,5164,CCC(CC)(Cl)C=C
4651,5165,C(C)NCC=CC=CCF
4652,5166,CNCC=CCC(C)CC=C=CN=O
4653,5167,C(C1)(C(C)=CCCC)C1
4654,5168,CC(N)Cl
4655,5170,OOCC=CON=O
4656,5171,COC=CC=CCC=C=C=O
4657,5172,CCC=COCC(=C)C(NC=CCC)Br
4658,5173,OCCCNCCC=CC=C(C)CCBr
4659,5174,OCNC=CN=CC=CNCl
4660,5176,C=CNCC=CCS(C=O)C
4661,5177,C1CCOC1NC=CCNC=C=CC=C
4662,5178,COC(N=CCCC=O)NCCNC#C
4663,5179,C1C=C=C(C)CC=CCCC1OC=C
4664,5180,CCCCNC=COCC#C
4665,5181,CCC(CCCC)=CCCN=O
4666,5182,CCCNCC=NC=CCC=C=CC
4667,5183,NC1OC(C=O)=C1
4668,5184,OC(C)COC1=C=C1
4669,5186,C=CC(C)C1=CC=C=C=NCCC1
4670,5187,CC(O)C=C(C)CC(N)C(CCCCCCCCCC=CCC)CC#CC=C=C
4671,5188,N1(CCl)CC1
4672,5189,CCC=CC(O)F
4673,5190,CCCCC#CCC=C
4674,5191,COC=NC=CCOC=CC=NC=CC=O
4675,5193,C=12CC=1C3=COCNNC32
4676,5194,CC=CCC[NH1]C=O
4677,5195,NOCCOCCC=CC(CC)C
4678,5196,CONNC=O
4679,5198,CNC=CCCC=CCCONO
4680,5199,C1CNCC1C=CN2CC#CNN2
4681,5200,N1C(C)C=CNCC1(CC=C=CCl)[NH1]C=COC
4682,5201,ONCC=CCN=CNOC
4683,5202,NC=C(C)C=CONCNCOCCO
4684,5203,CCCC=CCCC=CC=N
4685,5205,CCNNCCC=SCN=O
4686,5206,OC(=O)NC=CNOC=O
4687,5207,C1C=CNC#C[PH1]CN(C2)C12
4688,5208,CCCC=C(C)COCC
4689,5210,CCSCC=O
4690,5211,C(C)CNC1=CC=CC1CCOC=C
4691,5212,O(C)PCOC#C[SH1]N=C
4692,5213,CCCOOCCCC=C(NC)NC(N)NC#C
4693,5214,CONCN=CNC=C1C=C1
4694,5215,OC=CC(C)C=CCC1C=CCC=C1
4695,5217,N=NOCCNNN(C)CC=O
4696,5218,ONN(C=CC=C)C(C)=C(CC=O)NOCCCC=C
4697,5219,C1N=CC(CS=CC=C(O)CC)N1
4698,5220,C(=C1)C1Cl
4699,5221,CS=SC#CC(C)Br
4700,5222,NC(C)C=O
4701,5223,C(C=C=C=CCNCCOC)=CN
4702,5224,C1(NC=C=C)=CCCC(C)O1
4703,5225,SCOCCCCCCCC=CC=C
4704,5226,CCC=CCOCCCCCSC1=CC1
4705,5227,C=CC=NONNC=CC=CC=C(O)COC=C=N
4706,5229,C(CCCN)C(C)N=CCCCCC=C=CC=O
4707,5230,C=NC=SCCCC
4708,5231,NC=CC=NC=O
4709,5232,OCC1CC=C=C=CCC=COC=C1O
4710,5234,CNNC(C)C=COCCBr
4711,5235,CC[NH1]CSS=C1OC=CNCC=CC1N=O
4712,5236,ONC=NCCOC=O
4713,5237,CNCCC=NC=O
4714,5238,CCCC[NH1]OCCCC=1NC=1
4715,5239,C1C=C1NCCC(C)CCON
4716,5240,OCCCCCCC=CCNC[NH1]O
4717,5241,CNC(C)CN(C)CC[NH1]NC1CC1
4718,5242,C1=C=C(C)CCCC=C=CC=C1
4719,5243,CCNCCC=CCNC=CC=O
4720,5244,C=C(NCC=C(C1)NCCC)C1
4721,5246,N=CCCSCN1OCCC=C1C
4722,5247,OCOC=CC1=C2CCCC(C)NC21
4723,5248,C=C=CC=C(CC)NCC(C)C=O
4724,5249,N=CCCC=CNC1C#C1
4725,5250,CCCCCC=CC=CCl
4726,5251,CNC=C(C)CC(=N1)C1C
4727,5252,CCOOCCF
4728,5253,CC(ONC)=CC(N1)=C1CNC=O
4729,5254,C1C(SCC=C)C=C=C(N)CC1N=CC=O
4730,5255,CC=C=CCC(C)CC=CC(C)CCC=CCC=O
4731,5256,NNNNNNC1CNC2=CCN(C)C=C2CC1
4732,5257,CCCCCC1=C=CC=CC1=CCC(N)ON
4733,5258,C(=C)C=C=C1CC1
4734,5259,CC(=C)N=CC=O
4735,5260,CC=NCOCN=NC=C=O
4736,5261,CC(C=O)CONCC(N)C
4737,5262,CC=CCCOCF
4738,5263,CCNN([NH1]C)CC(C)C=O
4739,5264,OCCCCC=CC=O
4740,5265,CCCCC1OCCSC=NC=CCC1
4741,5266,NCCC=CP(C)=CCN1CCCCONO1
4742,5267,CCN=CC1=CC1N=C
4743,5269,CNNCC=O
4744,5270,CC1=CC=C(C1CCCl)CCCCCC=CC
4745,5271,N=C=C
4746,5272,C=CCCC=CC=C(C)CCC(C=C)NCC
4747,5273,CC=C(C)CC=CNC=C=O
4748,5275,C=CNCSN(C)CCCCl
4749,5276,C=C(C)CCCNC=CNCSC=C=C=O
4750,5277,CCCCCCC(N)CCC=C
4751,5278,C1C=CC=C1CCCCC=O
4752,5279,CC=CN=NC=C=CCOC=CCCl
4753,5280,C1=C(C)CCCNC1CCNCC
4754,5281,C#CCCOOC=CC=CCC#C
4755,5282,CNC=NCC1CCCCC=CCCC1
4756,5283,OC1=CC=CNC1=CC=NC
4757,5284,C=CNC(C)(C)[NH1]C=C=O
4758,5285,OCOCCCNCN=NN
4759,5286,C1#CCC=CCCC1S(C)CP
4760,5288,OCCNC=O
4761,5289,CCOCCCS=CC=CC1=C(NCC=CC=C2C=C2)C1OC
4762,5290,C1CC=C(N)OC=C1
4763,5291,C=C=NNN=NC(S)C=CC=CCC=CC=CC=CC=C
4764,5292,NC(N)C(C)C=C1C=CCCCCCCC=C1
4765,5293,CCS(C=COC)CC(=C)OOCOCCNCl
4766,5294,CC1=CCNC2=C(CSCC)C=CN=NC=C21
4767,5295,CCC(C=CN)COCOC=C(CC=CC)CCCl
4768,5296,OCC(C=C)N=C
4769,5297,C=CSNCCCCCC=NO
4770,5298,O1CCCS1C=CCC=C
4771,5299,CNCC(C=COC)NC=O
4772,5300,S=C=CC=C(N)C=CNC1=CCCOSC1
4773,5301,C#CC=CC(O)C=C(C)OSC=C=NOC=CCl
4774,5302,OCNN=CC#N
4775,5303,CNCC=CN=C=C=O
4776,5304,CCCC=CC(C)C1C=C1
4777,5305,C1C(C)CCCOCCCSC=C1C=C
4778,5306,OC=C=C1CC2C=C(C)CC21
4779,5307,C1=CC=CCC2OCCOC2=CC=N1
4780,5308,C1C=CCCC2CC12
4781,5309,ONCOCC(CC1=COC=NC1=C)C(O)C
4782,5310,CCC1=CC(CCCC)=CCC(C)=S1O
4783,5311,CC#CN=C(C)CC1=NC1(C)N
4784,5313,C1C=CCCCC=C=NC1NCC=C=O
4785,5314,O=C(C)CONC=C1CNCCC1=C
4786,5315,CCC1CC=CC=C1COON=CC
4787,5316,C(C1)(C1=C(C)C(C)(C)N)=C
4788,5317,CC=C=CCOF
4789,5318,CC(=C)I
4790,5319,CCCC=C(C)CCC=O
4791,5320,C1CSOCOC=C2C1C2
4792,5321,C12(O)N=C1COCCN2
4793,5322,CSCCNCONCCC(CN)C=NCO
4794,5323,C=C=C(O)C[NH1]C=CCNCC=COCNC=C
4795,5324,OCCC=CN=O
4796,5325,CC1CCNCC(C1CCCC=CC=O)C=C
4797,5327,CCC(C)CC(C)CC(C)NC(CO)COC
4798,5329,COC=CCCC(C1)C=C1
4799,5330,OCN(C#N)CC=C=NCOC
4800,5333,OC=CCCCNC=C=O
4801,5335,CCC=COCOCl
4802,5336,CC(C=C(O)CONNC1)CC1
4803,5337,CC=CC=CC=CCCOCCC=O
4804,5338,NCNNNOCCC(N)(C)C(O1)(C)C1
4805,5339,CC1N=CC=CC(=C)C=C(C)C1
4806,5340,C1NCN=CCNCN1C
4807,5341,CNCC=CC=C=C=CC#CCO
4808,5343,CCCC(C)CC(CC)=O
4809,5344,CCS=CCCCOC=COCNCCCl
4810,5345,C(C)C=CCNCCl
4811,5347,C=CCC=C=CC=O
4812,5348,CC(NCOC=NF)C=O
4813,5349,CCCC=CCCCC=C
4814,5350,CC=CNON(C)C(=N)CNC=O
4815,5351,N(CCl)C(O)C=CCOC
4816,5352,C1C2CCCC=C2C=C=C1
4817,5353,CCCC(C)CCN
4818,5354,OCC=CNCNCC=CC=C
4819,5356,COCCCCNCCCCNCCCNCl
4820,5357,C1=NCCCS=CC1(C=CN)NOON
4821,5358,CC(N)C=CCC(O)C=C=CN=C=NO
4822,5359,N=CC=NC=CC=CNCC(C)=CC=O
4823,5361,CC=CCCNCOC(C=C=O)Br
4824,5362,ON=C(C1)CCCCC1CCCC=O
4825,5363,NCCCCCCI
4826,5366,COC(C)CCC=COC(C)C=CCNCBr
4827,5367,CC=CC(N)CCCOCN=O
4828,5368,CCCCC1N(C)C=CO1
4829,5370,C1C2NCC=CC=C2O1
4830,5371,NC=CC(C)(C)C=O
4831,5372,CNCOCC=CCl
4832,5373,C(C)(C)(C)SSCCCCC#CNN
4833,5374,NSC=C(C(C)OCCC)C
4834,5375,C(C)(CPCCC)=CC=O
4835,5377,OC=CCOC=[PH1]CCNC=C=C
4836,5378,C(NCCC)C=CN(C)CCCCCC=CCS=N
4837,5379,NC#CCC#N
4838,5380,CN=C=CC=CC=CCC=O
4839,5381,C=C=C=C=CCCC=O
4840,5382,C(C[NH1]CC=S=C=C=CC)=CNNBr
4841,5383,CCCCC=CCNC=O
4842,5384,C=CC=CC=CCCOC=CN=C
4843,5385,NOCNN=O
4844,5386,OC=C=NC=C(C1)NC1
4845,5387,N1CC1
4846,5388,OCOCCCCC=C=O
4847,5389,NCOC(=C)C=CC=CC=CC=O
4848,5390,CNCCC1C=CC=C=C1
4849,5391,N1NC=CN(C)CNC#CC1CO
4850,5392,C(CCC=C)(O)CC(C=CCO)C(C)=O
4851,5393,CN=CCCCCCCC=CCC1=C=C1
4852,5394,CC(NNCl)C=C(O)CC1N=C1
4853,5395,C=C(C)C=CC=CC=O
4854,5396,C=CCCOCNNCCC1CC1
4855,5398,ONCOC=C1C(C)N(C2)C2=CC1N
4856,5399,N[NH1]CCC(C)CC=CO
4857,5400,CCNC(C=C)C(C)C#CC
4858,5401,NCC(O)=O
4859,5402,CC(C)C=CC=NC(C)[NH1]CCN=CNC
4860,5403,C=CCCOCOC(C1)C=C1
4861,5404,OCOC=CCC=CSC=C=O
4862,5405,C=CCC=COC(O)(C)OOCCCCC
4863,5407,N1=C=CCCC1N
4864,5408,CCC=C1CC=C=C=N1
4865,5409,C1N2NCC(S)=C1N2
4866,5412,OCCCSCC=O
4867,5413,COC=COCCC(O)C=CCC=C=C
4868,5414,CCCNC=C=CCC1=SC=C=C1
4869,5415,C1NC(N)CCN1O
4870,5417,CCCCC=CC=C=SCCCCO
4871,5418,C=CC(C)(C)C(C1)C1(C)CNO
4872,5419,CCCONCCSC=O
4873,5420,C(C=C)C=CC=O
4874,5421,CC=CN=NC
4875,5422,OC=NCCC=NC1CC1
4876,5423,C1CCNCC2C1=C2N=CN=O
4877,5424,N=CC1C(C)(CC)O1
4878,5425,C=CCCC1CCCC=C1C=C(O)OC#CC=O
4879,5429,C1C(C)C=NNCC=C=CO1
4880,5430,OCCC(CC1=C(CC=O)C)CCCOC1
4881,5431,C1=CO1
4882,5433,C1=CNC=C(C=COCCF)N=C1
4883,5434,OC=CC
4884,5435,CCC=C=COSCNSCCC1CC1
4885,5436,CCCC(N)C=C(C1(C2C#C)N)CC1C=CSC=C2
4886,5437,CNCCCSCCC=O
4887,5438,C(=C)=CCC=O
4888,5439,C=C(C=CC=CC)CS(C)C=C
4889,5441,NCC=CCCCCCC(C)=NBr
4890,5443,C1=CCC2C=C1C=CC=CNCC2
4891,5444,C1CC=COCCCCCC=C1C
4892,5446,O(SC=NC(C)(O)C)C=C(C)NC#CC
4893,5447,C12C=C(C)CC1S=C2
4894,5448,CC=C=CCC=CCCC=CCC=NO
4895,5449,C1CCC=NC1C(C)CO
4896,5450,O=CC=CC(Cl)I
4897,5452,O1C=C1
4898,5453,N1CC2(C=CNC)C1CC2O
4899,5454,C=C1CC=CC=CC=CC=C=C1CPF
4900,5455,CC=C(C)C1(C)NCC1
4901,5456,CCC=CCOO
4902,5457,N1=NC=C1C=COC=C=C
4903,5459,OC(C=O)CN(C)OC
4904,5460,NOC=CCC=O
4905,5461,C=C=CC=CCCCN=O
4906,5462,C=CC=CCC=CCOCCC=NOO
4907,5463,CCC(O)NNCC=NCCCCCl
4908,5464,CC=NCCC=C=CCCC1=CN1
4909,5465,C12CCOC1COCNCN2
4910,5466,CCCNC=CCCCC=O
4911,5467,CON=C=O
4912,5468,CCCCCS
4913,5469,CCCC(C)(CNCC=CCC[NH1])C=NCN
4914,5470,C1=CN1
4915,5471,CC=C=NNCC=CCCCC=CNCC=N
4916,5472,NOCl
4917,5473,CC1C(C)=CC1CC(=CC)C
4918,5474,CCOC(O1)=CCC(C)OS#C1
4919,5475,CC1C=CC=CC1(C)N=C=CC=CCC#CNN
4920,5476,CCNCCC1=CC=CN=C1
4921,5477,O=NCC(C)=CC=CC(C1)CC1NF
4922,5478,CCC=CCCCC
4923,5479,C1=CN(C2)N2ON=CC=CCCO1
4924,5480,NCC1C2C(C)=CCC2CCNO1
4925,5481,CCCCOOC=O
4926,5482,CC=CC=NOCN1CNNC1=C(O)C=N
4927,5484,C1CC=CC2=NCC1NC2OO
4928,5485,CCOCCC=CCOCC=C(CC1)C1
4929,5487,C(C)=NCC=CC(C=O)C=C=O
4930,5488,C=C(O)N=CC=O
4931,5490,CCCOCC#N
4932,5491,[PH1]C(C)CCON=O
4933,5493,ClNC=CCNF
4934,5494,CCC(C)CCCNC1CC([NH1])=CCCC1
4935,5495,OC=CCCCC=O
4936,5496,O1CC(C)NC=C=C=C1
4937,5497,ON(N1)N1N
4938,5498,C(N)SC=CCCl
4939,5499,C1CC=C=C1CC=CCNCC=C[NH1]
4940,5500,OC=CCCCN=O
4941,5501,CCOC(CCC=CC=CC1N=C=C2C1C)CN2
4942,5502,C(C=C=NNC)=S1C=NOCO1
4943,5503,CCCOCC(C=CC1NC)C=CC1
4944,5504,C1(=C)S=CC=CC(C)=C1
4945,5505,N1(C)C=C=C=C(O)C1
4946,5507,NOCCNCF
4947,5508,CNCCNCC=O
4948,5509,O
4949,5510,CN(C=CCC)N=O
4950,5511,CCCCC=CCCCNCCCCN
4951,5512,C=1OCC2C(C)CCSC=12
4952,5513,C12CC=C(C)C13CC23
4953,5514,OCC=NCCC=CCNC=O
4954,5515,O1ON=CC=CCCC=C1CNC=O
4955,5517,NCCCCOC=CCOC(N)C=N
4956,5518,C1C2=CC=NPC=C=C12
4957,5519,CCCCCN=CC1=C=C(C)OCNCOCC1
4958,5520,COCC=CCC(N1)CN[NH1]CC=C1
4959,5521,C1(C)C=C1CCS(N=CCCC)CCC
4960,5524,C=CC(NC)=C=C(C1)C(C)=CC1O
4961,5525,CCC(N)CCCNC=CC1=CC1
4962,5526,OOCCCCCC=O
4963,5527,O1C(C1(C=CN)CCOCC2)C2O
4964,5528,CPNOC=CCC=O
4965,5529,NOC(C)CCC=O
4966,5530,NCCCCCCC#C
4967,5531,O=CC(C)(C1)C=C1
4968,5533,CNCCCCSOCCCC=C=C
4969,5534,N(C)=CCN
4970,5535,O1CC=CCCNCC1O
4971,5536,C1NC1(CCC=NCCl)CC=C
4972,5537,C=C(C1)C(C)NNC1C(C)C(=C)C=O
4973,5538,C=CC(=C)CC1C=CC2=CC1NC2
4974,5539,CCCC=NC=CCC(N)CC=C(C)C
4975,5540,C1CCCC=NC1(N)CCOC=C
4976,5541,OCC(C)C=O
4977,5542,N=C=CC=C(N)C=C(C)NC(N)NCO
4978,5543,CC=NCCl
4979,5544,C=C=COCCN=CC=C=C
4980,5545,O=CC(SCF)C=CC=CCC(O)NN=C
4981,5546,C1CCCC1C(N)Cl
4982,5549,ONCC(COC=C=[NH1])=CO
4983,5550,NOCC=NCC(CC=NC)CO
4984,5551,CNCCC=CS=C
4985,5552,N=CCCCC=C(C)CC=C
4986,5553,CCCC=CCC=O
4987,5554,CNCC=NCSC#C
4988,5555,C=CC=CC=N[NH1]CC#CC=C=C
4989,5556,C12=C(C)C1C2C
4990,5557,C1ONON1SCl
4991,5559,C12=C(C1)CCCC=C2NC=O
4992,5560,C1CC(O)(C=C)CCC1=C
4993,5561,CC=CNOC=CC#CC(C=N)C
4994,5562,CC=C=C(NC)C=C[NH1]CC
4995,5563,CCC=C=NN(N=O)CCCC=C=P=CN
4996,5564,CCCNCCCCNCC=O
4997,5565,CCCNCC(NCNCCCN[NH1]P)CCl
4998,5566,C1CCC=CCCCCC1P
4999,5568,NCCC#CNCCC=C
5000,5569,C=CC=NC(C)=CC=C(C=CC=C)CC=CO
5001,5570,OC(C(C)SCNOCC=CCC)=C=C
5002,5571,CCC=CC(O)C=CCCCC=N
5003,5573,C=COCCCCCC=C1C=C1F
5004,5574,C1C(CC1)(C)S
5005,5575,C1N(S)CN=CCCNC1
5006,5578,CCC(C)C1CC1(C=C=CC)N
5007,5579,O=CCOC(N=C)CC=CCC=CC=COCl
5008,5580,CC=CCC=CNNCF
5009,5581,COCCCOC=CCC=CC
5010,5582,CNCOCNN(C)OBr
5011,5583,CSC(O1)C=SCCO1
5012,5585,C=NCCCC=[NH1]
5013,5587,COC=CNCOOCONOS
5014,5588,CC=C=NCC=C=CC=C=C
5015,5590,CC(NC=CO)CC=C1C=C1
5016,5591,C=CN=CN=CC=CC(C)=CC=O
5017,5593,C=CC=CCOCCC=C=CC
5018,5594,CC(C)C=CC(C)C=CCCN=CC#C
5019,5595,C(CC=C=O)C
5020,5596,C(C)=CCC=C(C)C=CN
5021,5597,SCNC(C)=CCC=O
5022,5598,C=CCCC=C(C=C)C
5023,5599,S1C2=CCSCCNC1=C2
5024,5600,C1=NCC2C1=CC3=C2S3
5025,5601,C(C(C)SCCOC1)C1
5026,5603,CC#CC=CN=O
5027,5605,C=CCOCCCC
5028,5606,C1CC=NC=CC(N)CCCC1
5029,5607,CCC=NCCCCNC#CN
5030,5608,CC=C=NOC=CCCCC=O
5031,5609,O(C)CCCC=CC=CC#C
5032,5610,CC(C)CC(C=C(C)NNSC)N=O
5033,5611,OCCC=C1CCC2C1COCC2C=CCS
5034,5612,C1=CCOCCC=C=C1
5035,5613,OCCNOC(C1)C1ON(C)C=O
5036,5614,C=CCCC=C(C)COOONN
5037,5615,SCC=NN=CCCC
5038,5616,C12N(CCCNC1=NOC2)OC=O
5039,5617,CC1CCCCCCCC(CNC=C)[NH1]1
5040,5618,P(NNC=C)(C)CSC=CCC=CNC(N)=C
5041,5619,O1C=C(O)C(C)C=C(CNN(C1)C)N=O
5042,5620,CCCCNCC=O
5043,5621,SCCC=C=NC=C=CCOCNC
5044,5622,ONCCC(C)CC=O
5045,5623,CCC=CCOCCC(C)NCl
5046,5624,C=CON=NCC(C)(C)C=SCCC#C
5047,5625,C=C(CC=CC=O)C(=O)C
5048,5626,ONC(C)CCNC=CC=CSCCCC=O
5049,5627,C=CN=CC(C)CN(OC1S(C)CC)O1
5050,5628,OCO
5051,5629,C(C1)C1
5052,5630,NONC=O
5053,5631,C(=C=CCNCC#CC)C
5054,5632,C12C(N(C)N=N1)S=N2
5055,5633,C1(C)C(=C)C1OCN=C
5056,5634,CCCC#CSCC=O
5057,5635,CC=C(C1CCNNC)NCCCC1OC#C
5058,5636,CCNCCCCCC=CCCC
5059,5637,COCCCC(CCCCF)C=N
5060,5638,C=CCNCCNC=O
5061,5640,CCCCCC#C
5062,5642,C1=C(N)CC(Cl)CC=C(OCNC1)CC
5063,5643,CCCCNCNC#CCCC
5064,5644,CC=CCC(C=CC=O)=CC
5065,5645,O1C=CNCCCC=CC=C1C
5066,5646,CC(N)COC=O
5067,5647,CCCNCNCCCOO
5068,5648,OCC=C(C)N=C=CCC=CC(C1)C1=O
5069,5649,CC=C=CCNC=O
5070,5650,CCCNOCC(=C[NH1])C1=C=SNNN1
5071,5651,C#S(C)(C)CCC=O
5072,5652,NC=CC1CCCC=C=C1NCCC
5073,5654,CC1CCCC1(C)C=CC
5074,5655,O1CC=C(C)C1CS(C)=C=O
5075,5656,OC=CCCCNC=O
5076,5657,NOC(CCNC=C=C(S)C=C)=C=C
5077,5658,CCC(CN=N)Br
5078,5660,C(C)CC=SCCNC=CCCOC#C
5079,5661,CC=COCC12CC(C)NCSCC1C=C2
5080,5662,C1CNCCC=CC=C1C
5081,5663,C(C)=COC=CC=CN
5082,5664,C=NCC1OCC(=C)C1(C)C
5083,5665,C1CCCC1C(N)NC#CC=CCC=CCCl
5084,5666,CCCNCNC(C)NC=CC=CC=O
5085,5667,CCCOC=CC=C=CC=O
5086,5668,C1CC=NC1CCCOC=CCl
5087,5669,OOC=COC#CC=CCC=NBr
5088,5670,OCCCCC(=C)C=C=C
5089,5671,CC=CC1NC2(C)C=C1C2
5090,5673,C(=N)C=O
5091,5674,COC(=C1)N1NCCC#N
5092,5675,C=CSNCCC=C=O
5093,5676,CCSC[NH1]NCC1=SS(NCCC1(O)O2)O2
5094,5677,ON=CCCC=CCC=O
5095,5678,OC=C(C)N=CC#C
5096,5679,CC=CCSCCC1C=NCC1O
5097,5680,OOC=C=CCCl
5098,5682,C12CC(CCCCCC=CC1OC2)=N
5099,5683,COCC1CC#CC1(C)C#CC
5100,5684,OCC=C
5101,5685,CCC=CCCC([NH1])N=O
5102,5686,C=CC=C(CC=NC)C1CC1N
5103,5687,C=CCN=CCCCCC(C)S=O
5104,5689,CCC1CC(C)CSC1C=C2NC2
5105,5690,COC=CCC(C)=CCCCC=C
5106,5691,CC=C=CCCl
5107,5692,C1(=C(C2)CC=CC1C)C2
5108,5693,CCNOC=O
5109,5694,COC=CC
5110,5695,C1=NC(N)CS1F
5111,5696,OOC=NCC#N
5112,5697,NN=C(C=O)C=CCNCCCC
5113,5698,C=NCC=NC1CNCNCN1
5114,5699,CCNC(C)NNC=CC=CCCC
5115,5700,CCCNCCC=O
5116,5701,C(COC=O)C=CCCS=NC=O
5117,5702,CC(CNCCCCC)=C1CC1(C)O
5118,5703,COCN=C(O1)C(O)OCC1CC=CCC=C
5119,5704,C1C(C)=C(O)C1OC=CC#C
5120,5705,CCCCCC(C)CN=CC(C)CN=O
5121,5706,C1=CCCC=C(N2)C12
5122,5707,C=C1C=NCN=C(C)O1
5123,5708,COC(=C)COO
5124,5709,C=CC(C)CCF
5125,5710,CCCC(C)CN=CN(S)N=CC=O
5126,5711,C1OCSC=CCCCN1SC=C
5127,5712,CCCCC=CCCCN=CO
5128,5713,CCOC=CCCCCNCCF
5129,5714,CNCC(NC=CCCCCCC=O)=C
5130,5715,C12OCC1CNC=C2C#N
5131,5716,CCC=CCCN=CCCC=C=CCOO
5132,5717,CCNN=O
5133,5718,OC(C)(C)C=O
5134,5719,C=1N(C)N=1
5135,5721,CCCCCC[NH1]CC=N
5136,5722,CCCCCCCOC=C(N)C=CC=CC(C=NCN)CC
5137,5723,CCCC=CC=NC=CNOF
5138,5724,CCCSCCCC=CC=CCCBr
5139,5725,NC=CCCCC=CC=NN=SC=C1CC1N
5140,5726,C1C=CC=CCNC1N2CO2
5141,5727,C1CNCCCCC1CC=CC=O
5142,5729,C12C=COCPC1=C2
5143,5731,COCCCCNCCCCC1CC=CCC1C=C=COCCOC
5144,5732,CCC(S)C=O
5145,5733,O1CCCCCC1OC=O
5146,5734,OCC=NC=CCC=O
5147,5735,CCCCN1C(C)=NOON1
5148,5736,CCNCC=CC=CNC=CC[NH1]Br
5149,5737,C1(C(=CC)CCCC)C=C1
5150,5738,CCCCCCCC=CONOC
5151,5739,CCPS[NH1]OC(=C)CC(C1)CS1
5152,5740,CC=C=CC=C(C)N=C(C)CF
5153,5741,SCS(C)=CC=CCN(O)C=O
5154,5743,C1C=C2OC(O)NC21
5155,5744,CC(C)CCNC=O
5156,5745,CCC=C=CCCNC#C
5157,5746,OCC=CONNC1NCC=C=C1S
5158,5747,C1=CC1Cl
5159,5748,C1CC(CCCCCCNC1)C(C)ON
5160,5749,C1C(CNOCCC1NC)(C)C
5161,5750,NCC=CSCC=O
5162,5751,C1C(C)CNCC1O
5163,5753,CCC(C)C(=C)C=C1CC1
5164,5754,CC=CC=CCNCCC(N)Br
5165,5755,OOOOCNC(C=CCCOC=C(O)O)C=O
5166,5756,O1CC1O
5167,5757,NC(CCCCC)=O
5168,5758,OC=CCCCCSCN(C)C=CCS
5169,5759,ONC1=CC(C)C1C=O
5170,5761,C=C=CCCC(C)CC=CNF
5171,5762,C1CCCCC=CNCNC=C(CCC1)ON
5172,5763,C=COC=CC=CCCCCI
5173,5764,NOC=CC(O)=C=CNS=O
5174,5766,CNCC=C=CC=O
5175,5767,CCCCC=CCCC=O
5176,5768,OCC(C)(C)CCNCCCCCC1=NN1
5177,5769,CC(C)(C)CCOC=CC=COC
5178,5770,COCOC(C)CNCl
5179,5771,CNC=C(O)CCC=CCCN=C=C=O
5180,5772,OCCC=NC=C(C)OCCCCCNC=C=NCN
5181,5773,NC=CC=CCl
5182,5774,CC=CCCCC=CC=CN=CC#C
5183,5775,CC=C=C=C=CC=CON=CCl
5184,5776,BrCCCCNCC=C
5185,5778,C=SC=CS=O
5186,5782,C=CCCCCCCCC=[NH1]
5187,5783,CCSCCCCCC=O
5188,5784,O1CC(N)C1N
5189,5786,C=C[NH1]C=CC=O
5190,5787,CC(C=C)CC(=O)OCOCCl
5191,5788,C1NC1CC(CC=C)C(C=C=NN)Br
5192,5790,C(NCC=O)=CNC=O
5193,5791,CC1=CCCC1CC2CC3C=C3CCC2OF
5194,5792,CC=CCCNCCC(=C1)C1C
5195,5794,CCC(C)N=CC=CCF
5196,5795,C#CCC=CC=N
5197,5796,NCCC(N)(C=C=NOC=C)C=O
5198,5797,C1(C(C)NC(C)CCC=C)CS1=CC=C
5199,5799,C(CC=CCCC=O)C
5200,5800,CNCC=CCC=O
5201,5801,CCCCOCC=C=C(O)COCNCOCN
5202,5802,C1NCCC1CCCC=C(C)CSC2CC2O
5203,5803,OCCCCCC#CCCF
5204,5804,CCOC(CCS=C=NC=CC=CC=C)C=C
5205,5805,CC=C=CCCC=CC(C)C=CN
5206,5806,CCC=CC(O)N(N)CCC=O
5207,5808,CNNCC=CCCO[NH1]C=S(C)=C
5208,5809,O=CN(CC=C)C#CC=1N=C=1
5209,5810,CON=CC(C)C=COCS=C
5210,5811,C1ON(C)C=C=C=C1C
5211,5812,C1CCN(O)CCC=CCSC(Cl)=C1
5212,5814,C(NCCC)CN=C1CC=CCC=C=NC1=C
5213,5815,NC=COOCCCN=C
5214,5816,OSC(C)=CCCCC#C
5215,5817,C(C)=CCN(C)CC=O
5216,5819,CNCC(N)CC=O
5217,5820,CC=NCCC=NC=COC=CNC
5218,5821,CNCC(C)Br
5219,5822,CCC=C=C
5220,5825,C(C1NC=CC=CS=CC)CC=CN(C)CC1
5221,5827,NCCCCC=CC(S)(C)C=C=O
5222,5828,NC1CC=CSC=CCOC=C1
5223,5829,C=CCO[PH1](C1)COCCCCC1
5224,5830,C1C=C(C)OC1=C(Cl)CCC
5225,5832,CCCC=NCC1C=C=CCCC1
5226,5833,CCOC=CCCS=CCC=N
5227,5834,C=C1NOCCOC=CN=CC=CCCCC1
5228,5835,C=C=CCC=C(C1)C1C=NC
5229,5836,C1C=CC1C(C2Br)N2CC#C
5230,5837,O1CC1(C(C)OCNNC(O)OC)CCOC=CC2=CC2N
5231,5839,CCCCS1CCON1CC(NC=2)CC=2
5232,5840,NCCOC(N)C1=CCC=C(C)NCC=C1
5233,5841,C=C(C)CC1CO1
5234,5842,C1CC1(C=CCOCCl)C=O
5235,5844,CC=CC(CCCC)CC[NH1]C
5236,5845,COC=C=SCCCC=CP(C)C=C
5237,5846,CCCC(COC)N(C)CNC=C=O
5238,5848,COCOC=CNNNC=O
5239,5850,O=C(C)C=O
5240,5851,C=C=C=O
5241,5852,[NH1]OC=CCOCC=C(CN(C1)C1N=CC=C)OCCCNCOCCNCCSOF
5242,5853,CN=CC=CNCCCCBr
5243,5854,O1CCCC=C=C1
5244,5856,NC=CCC(C=C1CC=CCNC=CC)OC1
5245,5857,CCCCCC=C=NC=O
5246,5858,CCC(=C)C=C(N=NC=C1C=C1C)CO
5247,5859,N1ONN=NCCCC=C=N1
5248,5860,CCCI
5249,5861,C=C=COC=COC=CC=SCCC1C#CC=CC=C1
5250,5862,OCCCONCNC#C
5251,5863,COC=CC(C)=C=O
5252,5864,C=CC=CC=CCNCC=C(C)C#C
5253,5865,NCCC=C=C=C
5254,5867,C(C)CC=C=CC=CC(C1CO)CCCC(C)C=C1S=C
5255,5869,CC1C(CC)C=C1C
5256,5870,NC(C)NCCCl
5257,5871,C=CCNC(C)CCC(C)=CCl
5258,5872,C12(C)CCC1=CCC2
5259,5873,C=C([SH1])CC=CC=C=NN=O
5260,5874,COC=C=CCCCCN(O)OCNC=CI
5261,5875,NCC=C(C1)CCOC1CC#N
5262,5876,C=CN(CCC1CNC)C=CCC=CC1
5263,5877,CCC=CC(C)C(N)CONCN=NC=C
5264,5878,NNCCCCNC1CNC=CCONC1
5265,5879,C1CONCNC=CCC1=C
5266,5882,C1CC2C=C2C=CC=C1
5267,5883,CC=CC=CCC(C)=O
5268,5884,CCC=CONC=CCOCNC=CC=C
5269,5885,CCCCC=C=C=NCN=C=CCNC=O
5270,5886,CNOCCC=CC=O
5271,5887,C=CCCCNC=O
5272,5888,O1NC=N1
5273,5889,CNNC=CC#CC=C=O
5274,5890,CSC=CCCC=CCF
5275,5891,C=1OCC=1C2NCC=CCN2C
5276,5892,CC(C)OC(C)=C=CCOC
5277,5893,COC=CC1=NCC=CC=[PH1]C1
5278,5894,CC(C)=CC=CCC=O
5279,5895,OC=CCCC=C=SCCCNOCC=CCl
5280,5897,N=CCC(N)CC1NC=CC[NH1]1
5281,5898,NC=COOCSNCN=N
5282,5899,O1CC(=C)OS#CO1
5283,5900,FC=CCC(C1)C1
5284,5901,NCCCCCC#CCC=O
5285,5902,CCCCC=C1COCC(N)C1
5286,5904,C=CCCNCCCC=C=P(=C)C=O
5287,5905,NCCCC=CCCCCCC=O
5288,5906,C=CNNC=CC=O
5289,5907,C#CC=COC(C)=O
5290,5909,CCCC(O1)CCNC=C=C=CNC=C1
5291,5911,CCC=CCCCCC1C=C1O
5292,5912,O=CC(OCOC)OC#C
5293,5913,NCONCOS=CCOC=NCOC
5294,5914,CCNS=C=C=CCCC=C
5295,5915,C1=CSC[NH1]CC=CC=S1OON
5296,5917,O1CCC=C=CCCC1O
5297,5919,CCC=CCC=NC=SI
5298,5920,C(SCC)N=C
5299,5921,C=CCOCOC(C)CCCl
5300,5922,CC=CCCCOOC=C=C
5301,5924,C=CCCN(C)C(C)=C
5302,5926,CCC(O)(N)CC=CC=O
5303,5928,CNC(C)C(N)CC(C)=O
5304,5929,C1CC#CS1=C(N)O
5305,5930,CCCCC1=CC(=N)C(C)=NCS=N1
5306,5931,C(C)SP=CCBr
5307,5932,OCCCC(O1)C1=O
5308,5933,C#CCNCCC=S=CN1N=C1
5309,5934,C1(CCNC1(O)CNC)=O
5310,5935,O=CC(CC1C(C)C=C=C=C)N(C)OC1O
5311,5936,C=CNCC=CBr
5312,5937,CCC(CC)CC(F)F
5313,5938,CCCCCC#CCOC=CC=NN
5314,5939,CSN=CCCCC(O)OCl
5315,5940,C1=CCC2OCCC=C2[NH1]OC1
5316,5941,CC=C=CCNCCl
5317,5942,C1=CC(C)=C1C(C)=CC(C)CCOOF
5318,5943,C1CCCC2CCS1CCNCCCN=C2
5319,5944,CON=CF
5320,5945,C[NH1]C=CC(C)C=C=NC=O
5321,5946,CCCCOCCBr
5322,5947,C(C)(CC(OCC)=CO)CCC=NCF
5323,5948,C=C(C)COC=C=CCC#CC1=C=NON=C1
5324,5949,N1=C=CCC=CCC1Cl
5325,5950,C1CCCCN1CC=NC#C
5326,5951,ON(CCOCCNC=O)COC=C
5327,5952,C1CC=C(C)C1=CC=CC=CC#N
5328,5953,CC=C(C)OCPC=CC=C=CC=O
5329,5954,CC=C=COCC=C(C)C(C=1)C=1C(C2)C2C3C=C3
5330,5955,CCNCCC(=O)C
5331,5956,C1C(=CCC=CC=C1C)CCC=C=O
5332,5957,CCCC=COCNC(C)(C)CNC
5333,5958,OCCCONC#CC1C(C1)SO
5334,5959,CCCC(C)C=CC(C)C(=C)OC
5335,5960,CC(C(C)CF)Br
5336,5961,CCC#CCC1CN1P
5337,5962,C1=COCCC=N1
5338,5963,CC=C([SH1]#CCC=CC=CC)CC=C(C)C=CSO
5339,5964,CC(COBr)CCN=CC#C
5340,5966,O(N1CNCOOCCC)C=C=C1
5341,5967,NN=C=O
5342,5968,CNNBr
5343,5969,CCCCC=CC=CCC=C=O
5344,5970,C=C1C2=CC(C)CC=C2OCCC=CS1
5345,5971,C1OCCC1C#C
5346,5973,NNCCC(CNCC1CC1CC2=NCC)OC2
5347,5974,CC(CNC=O)Cl
5348,5975,O(C)C=C=O
5349,5976,FC(C=CCNN)CSC=O
5350,5977,BrNC=O
5351,5978,C=CCCSC=NN=O
5352,5979,C=C(C)C=CC=CCN(O1)C1=CC=CCCC=C
5353,5980,CNCCCC=CCC=CC=O
5354,5981,CCC(N)COCNC=CC=CCC=C
5355,5982,CC(CCNCCC=CNC=C)OOC
5356,5983,CCS=NCC=CC=COCC(O)COC=C
5357,5984,CCCCCCNC=CC=O
5358,5985,NOCC=C
5359,5986,NC(C)N=COCC(C1)=C1CC
5360,5987,O=CC(N)PCCS#C
5361,5988,C=C(CC=CCC=O)ON
5362,5990,NCCC(O)C=O
5363,5991,CCCCC1=COC=CC1
5364,5992,N#CNC=C=C
5365,5993,OCNCCl
5366,5994,C=CC(C)C=CC=CC=NCNC=O
5367,5995,C1CC=C=SSC(C)OCC#C1
5368,5996,CCCCOC(N)CC=CC=CC(CC1)=C1
5369,5997,NC(C)CC=CCCCCON=C
5370,5998,CCCC(C)CN=C1CC#CCCO1
5371,5999,OOCC=O
5372,6000,NCBr
5373,6001,CCC=C1C=C1
5374,6002,COCCCNCC(C)CF
5375,6003,CNCCC=C1CC1
5376,6004,COCC(N)C=CNCN=C
5377,6006,CC(C)CNCC=CC=CC=C=CO
5378,6007,CCCC=C
5379,6008,CNC(O)CC=C(Cl)C=C
5380,6009,CCC(N)C=NC=NCC(C)=CO
5381,6010,C1C=C(C)C=C1C=CC#N
5382,6011,CCCC(C=O)=C1SCCC1
5383,6012,O=CC(C)C(C1=CC=C)C=N1
5384,6013,N(=O)OCNN(CC)CCC1(CC1S)O
5385,6014,O=CCC=NC=CCCC
5386,6015,NCOCC=NC=O
5387,6016,CCOOCNI
5388,6018,C1CCN1C=CN=C2C=C(C)C=N2
5389,6019,COCCC(CC)CNSC(OOCN)Br
5390,6020,OCCC=CCNCOC=C=C
5391,6021,CCC1=CCCC1C
5392,6022,CC=CCCOOC=C=CC
5393,6023,C1NCNCC1=CNC=CSNNO
5394,6024,O=CC(C)CC=CC
5395,6025,C1OC=C(N1OCC)OC=NOCC=O
5396,6026,CC=CCC=CC=C(C)C(O1)=C1
5397,6028,C1=NC=C(C)CC1(OC)C
5398,6029,C12CCCC(C)C=C(C)C1C2N=N
5399,6030,C1=CCCC=CN1
5400,6031,NOC=CC=C=CCNC=COC1=CC1
5401,6032,CCN(OC=CC=C=C=C=CC#C)CCF
5402,6033,CC=C(C)CC(C)C1CC2C1N2
5403,6034,OCCCCCCOOC=O
5404,6035,CC=CC#CC
5405,6036,C=CC=CCCCC(C)OCN
5406,6039,N=CC=CC=C=CC(=O)CC=C(C)OC
5407,6040,CCCOC1OOC=C1C=C
5408,6042,C=CCNN=O
5409,6043,CCOCC(C=O)O
5410,6044,C1C(C)C1(C)NC=C=O
5411,6045,OCCCC(C)CC
5412,6048,CC=CCCOCCCCC=NC1=CN1
5413,6049,CCN(NCC=O)C=CC=CC(CNC=C)=CCCC
5414,6050,OCCCOCC
5415,6051,CN(C)CC=CCCC=O
5416,6052,C(N)=O
5417,6053,ONCCSNCC(COCC1)=C1
5418,6054,CNCCCBr
5419,6055,NCC=CC#CNOCCC=O
5420,6056,C=C=CCCCCC(O)=CC=O
5421,6057,C1=NONCCC2CC21C
5422,6058,C=CCCOC=O
5423,6059,C12=CC=NONCCCC1NC[PH1]C2C
5424,6061,NCCCC(C)SCCl
5425,6062,NCCCCCCOCC=C
5426,6063,CCCC=CC#N
5427,6064,NCCN1CC=CC1(C)CCNCS
5428,6065,CCN(O1)C1C=O
5429,6067,C1CC2CC1C=C2N=CO
5430,6068,N1C=C=CCC(C)CC1
5431,6069,CCCC=C(N)NC#C
5432,6070,CCCCC=C=CN1CC=CC=C=CC1C=C=CS
5433,6071,O1C(C)CC1O
5434,6073,CN=CC=CC(CCCCNCC)CCC=CN=CNCC
5435,6074,OOOC=COCCCN(N1)CC(C)C1C=C
5436,6075,CCS(S(=C)CC=COCC=O)NCC=CCF
5437,6076,ON(CI)C=C(C1C)N1O
5438,6077,C1C=CN=C1CC2C[PH1]2NC
5439,6078,CC=CC=CCNNF
5440,6079,C1COCC(C2)C1=NNOC=CN2
5441,6080,CCCNCC1=CC(N2)=C2OCO1
5442,6081,C1C(C1C=CCCCC)=O
5443,6082,CCCCC=C(C=CC)CC(C1)=C1OC
5444,6084,O=CC=C=CCCSC=C=COC
5445,6085,CSCC1CCCCC=C1
5446,6086,CN=CCOC=C1C=C=C(C2)C12
5447,6087,CC(C)NSCCl
5448,6089,C1COCC1C(C)C(C)OO
5449,6090,CCNCC(C)=SCCCC=CCN=C
5450,6091,NCCCN1CCNC12C=CC(C)COCOCC2
5451,6092,C#CC=C(CN=C)C#CCCCCN
5452,6093,CCC=C=C(C)C=O
5453,6094,CCCC1=SC(O)C1CC=COCOO
5454,6095,CNC(OCC)CC=SCCNC=CF
5455,6096,CNCC=CCCCCCC(CC=C(C)C#N)C
5456,6097,N1C=CCC(O)C=CCC1
5457,6098,O=CCC=CC=CCC(=O)OC
5458,6099,NCOC(C)CN=NC=O
5459,6100,NCSC=CC=O
5460,6101,CNC=NC=CC(SCOC)C#CCC
5461,6102,OC(N)OCCCCCC=CCCl
5462,6103,NCNC(C)=O
5463,6105,C=CCCCCCC=CC(O)NONC
5464,6106,CNC=CC(C)CC(C)C=C
5465,6107,C(C)CCCCC=C=CC=NN
5466,6108,CCC(C)CC=CNNCCC(C1)O1
5467,6109,C1=CC=CCCOCCCCP1NN=O
5468,6110,CCC(C)C(C)C=CN=O
5469,6111,NNNN(C)CC=CC(C)CSCS#CCO
5470,6112,C1CCCCC1(C)CCNCC=CS
5471,6113,C1CCCC#CN=NO1
5472,6114,CC=NC(=C)CC
5473,6115,CNC=CCC=C=O
5474,6116,NOCN(C)C(C)CC=O
5475,6117,C(S)C=CC=O
5476,6118,O=CCC(C)CC(C)C=O
5477,6119,C=NC=CNCCl
5478,6121,C1(C)C(C)C=CC1CC=N
5479,6122,CCNC(N1)CSCC(N1)C
5480,6123,BrCC=C1CCC(C)N1C=CNC=CC(CN)S
5481,6124,C1=CCNC=C(N)C(=C)CC=NC1C
5482,6125,CC(C=CC)CCN=C=C
5483,6126,C1CCCCC=CC=C1
5484,6127,C=CNC=CCSCC=O
5485,6128,CC1COC=CC1C=C=NC=C(C)[NH1]C
5486,6129,COCC=C=NCNCC
5487,6130,CC=CC(C)C1=CCCCC1CC
5488,6131,O1C=CC=C=CCC1N
5489,6132,COCCC(C)ONNCC1OCSC=N1
5490,6133,N12CCC1C2NNF
5491,6134,CC(C)=CCC(N)[NH1]C(N)C=C=N
5492,6135,C1COCCC(=O)C=CC=CONCNC1
5493,6136,C#CCl
5494,6137,CCC(C)CCC=N
5495,6138,NCCCC=C1CCSCC1C=CC#C
5496,6139,CC=CCCC=C(C)C
5497,6140,CC=C(C)C=CN=NCCC
5498,6141,OOC=CC=NCOCC=C
5499,6142,OCC=C1C(C=C)CCCCCCCNOO1
5500,6144,C1C=C=NNS2N=C(C1C)CC=3CC=3CCCCC2
5501,6145,C1CCOCCC1
5502,6147,OC=C=C=CCl
5503,6148,CCCC#CCC=CCNCC=O
5504,6149,COC=CF
5505,6150,C=CCOC=COCC=CC=NCCC[NH1]CC(F)NCOC
5506,6151,C1OCCCC(N)CO1
5507,6152,OC=C1CC=CN(C)C=NNCCO1
5508,6153,OCCCCC=O
5509,6154,COC(C)(COC)C=CCCCCN
5510,6155,NCCC1CC=CC=C=C(CO1)ON
5511,6156,OCCCOSC=CCCCNC=C
5512,6157,CC=C(Br)C=CNCI
5513,6158,CCN=C=CCl
5514,6160,CC(O)C1C=C=C=C1CCCl
5515,6161,NOOOCCS=CCNC1=CN1
5516,6162,N=1C=CNOOCCNC(C)=C=1
5517,6163,CC=CC(CC(N)OCOO)C=CN
5518,6164,CCC=CC=CC=C(C1)C#CCC1=C
5519,6165,ON=C(N)C=CS=S=COO
5520,6166,CC=C=COC=C(C)CC=C1C=C1
5521,6167,C1=CC=CCCC1=C
5522,6168,CC(OCCN=CC)CONNC
5523,6169,CCCNC(C)CC#CCC=CCOC=O
5524,6170,CCOC1C(=C)CC=CC1
5525,6172,NCCNCCC(C)CC#C
5526,6173,N=CC=C(O)C(C)CCCOCCC=C=N
5527,6174,CCC1C(O)C(CCC=N)C=CCCCC1
5528,6175,CCC(C)C=CC(N)C=O
5529,6176,C=CC=C1CC1
5530,6177,CC1NNC=C=C1CCC#CCCN
5531,6178,C=CC(C)=CC1CCNNCSN1CON
5532,6181,CNSOCI
5533,6182,C=CC=C1CCC=C(C)COOC=CC1S
5534,6183,CCC=CC=CC=O
5535,6184,C=CC=CCCC=C(CC=CC1)C1
5536,6185,OCCN[NH1]CCCOC=O
5537,6186,N1=CCC=CC=CN1CC[NH1]
5538,6187,CNCCCC=COCCC#C
5539,6189,C=CCC=C1CC=CC=CCC1(C)N(C)COC
5540,6190,C=CCCOCNCN=O
5541,6191,C(C)=CCCC=O
5542,6192,CC(O)C=C=CCCl
5543,6193,NCC(C1)CCC#C1
5544,6194,CCNN=CNC(O)C=CCC
5545,6195,C1=C=CC=CC=C=C1
5546,6196,O=CC=NCC
5547,6197,OCCCC=CC=C
5548,6198,CCC=CC1C(N)=C=CC(C)CCC1
5549,6199,C(=C=CCCCCC=C1CC)C[NH1]1
5550,6200,NC=NC(C)CC=CCCCC=C=O
5551,6201,CC=C=CC=C=O
5552,6202,CCCC=CCCCCC=CC1C=C1N
5553,6203,CCCC(=C)CC=O
5554,6204,COCCCCCCCCCC=P
5555,6205,CCCCF
5556,6206,COC=CCSC#CCCOOCCl
5557,6207,OCCOC(N)(C)C=CCC=CN
5558,6208,CCCCCC#CC1C(O)C=CN1
5559,6209,CC=CC=CN(C)NCl
5560,6210,NCCC(C)C=NC
5561,6211,C=C=CC=NC=O
5562,6212,NNC=NC(C)NC=CCCNC=O
5563,6213,CC=CCN=CC=CC#CCN=C
5564,6214,COCOCCCNCCCCC[NH1]COF
5565,6215,CN(NC=CCCCCCCCC1)C1=NO[NH1]
5566,6216,C1OCCC2=CCC3=CC23NOC1
5567,6217,C12N=CCC(C=C)CC1S2
5568,6218,O=CCC(CC(C)C1NC1)C
5569,6219,NC(C)OC(O)CNCC
5570,6220,CCCCSC=NC=NCCl
5571,6221,CC=CC=NC(S)C=O
5572,6223,NC=CCC=CC=CCC#C
5573,6224,CCPCCCP=CC=O
5574,6225,OI
5575,6226,CC=CCCNCCCCN
5576,6227,CCCC=CCC=CCCC=[PH1]CCC=C
5577,6228,CN=COCCC=CCl
5578,6229,OCCC=C=CCCC=CC=CC=C
5579,6230,CC=NCl
5580,6231,N1CCC1(COCC=CS)CC=C=N
5581,6233,CCC(CCC)=CC1=CC(C)C1=C
5582,6235,CC=CCC=CCC=CCF
5583,6239,C=CC(CNOC)OCCl
5584,6240,O=NC(CCCC(C)C)(C)C=CC(S)CBr
5585,6241,O1CC(C)=C1S(C)NC
5586,6242,CCCC(C)=NCC(=C)OCCl
5587,6243,C=CCN=NCN=NCC
5588,6244,COCC=CC(C)C=C(O)CC=O
5589,6245,C1C#C1
5590,6247,C1COCC=CCC(C2C1C=CC2)O
5591,6248,NCC=CCNC(C)F
5592,6249,CNN=CCCCCC=CCNCCN
5593,6250,CC(CCC=C)C1C=CCC=C1C=C=C
5594,6251,CCC=CCC(Br)CN
5595,6252,C1=CCC=C1N
5596,6253,NCNC(C)CN=C=CCCCOCO
5597,6254,C12=CCCC1O2
5598,6255,CNCCCN
5599,6256,CC(N)CCC=CNC=O
5600,6257,COCCCCC(O)C(Br)=CO
5601,6259,C1NCC(CC1C=C)(C)C
5602,6260,C=CCONC=NC=O
5603,6262,CCCC=CCC=C(CCl)NNC=O
5604,6263,OCC=COCN=CCC1NC=CCCC1=O
5605,6264,C(N)C=CNC=C=CCC=CC
5606,6266,C=COCC=CC=CCCl
5607,6267,C=CCOCCCl
5608,6268,C#CC=C[NH1]Cl
5609,6269,NCOC(CC=CNC1(C)CC)=NNNC(C)CC1
5610,6270,CC=CCC=C=C(C)CCCCC=C
5611,6271,S=CC=O
5612,6272,CCCC(N)CCNNC=CC=C
5613,6273,C=CCCCCCC=CC=CCl
5614,6275,CONC(C)C=1CCCCS=12=CC2
5615,6276,CC=C=C=CN=CCC=NCC=O
5616,6277,C=CC(N)(N)COOCC=CC
5617,6278,CCCCC=CCCOOCN
5618,6279,C[NH1]CCC[NH1]C(C)CC=O
5619,6280,COCCC[NH1]CC=C1C=C1[SH1]
5620,6281,O=NSC=CC(C)(C)C(N)COOC[PH1]
5621,6282,NOCC=C=CC=CCOSOO
5622,6283,CC=CCP(C)CSCOC=O
5623,6284,C=CCC(C)OCC=CN=O
5624,6285,OOC=C1CCC2C1CC=CC2
5625,6286,CC[NH1]C(O)C=CC=CNCSSC=CBr
5626,6287,CCS1CNCC1=O
5627,6290,C1=C(C)CCO1
5628,6291,CCCCCOCCOC=CCC=CCl
5629,6292,NC=CC(C)CC=NC=CC=CCC
5630,6293,CCCCCC(C)CC(C)(C)ON=C(C)Cl
5631,6294,C1CC2=C3NC=CN1S3NCCC=C2
5632,6295,C=C=NC#CCC=C(CO)CC(C1)ON1
5633,6296,C=CCCCCNCOCCCCOC=O
5634,6297,C1=C(CNCCNNC1=N)O
5635,6298,CCOCSCOCOCC=C=N
5636,6299,N1CNCCCCC1CNCCl
5637,6300,CC=C=NCCCC=CCCOSCl
5638,6301,CC(C)(C)CC=C1SO1
5639,6302,CNCCCCC=C1C=C1COC=CC
5640,6303,ClCCCCF
5641,6304,COC(N1)C1=CCC2CC2
5642,6305,C1CCCC2P1C=CCOC2O
5643,6307,CC=CCCC(COCC[NH1])C=O
5644,6308,CCCC=C=COOCCl
5645,6309,OCONCC(F)C=O
5646,6310,CCC=CC(=C)C(C)CC#CC=CC
5647,6311,CC(C)=C(C1)CNC=C=N1
5648,6312,CCCNCCC(O1)C=NNN1
5649,6313,CCOCNC#CC
5650,6314,C12C=C1CNN=C2Br
5651,6315,C=C=CC1CC(C)=CC1
5652,6316,OC1CC#CCO1
5653,6317,CNCC=NCC=O
5654,6318,CNC=C=O
5655,6319,OOC1=CCC2CCC1OOO2
5656,6320,C12CC=C1C=C2CCCC
5657,6322,O1CCCC=N1
5658,6323,CC=CON=O
5659,6324,O(C)OCCC=CC=C=C=O
5660,6325,O=CCSC1OC=CNS1C
5661,6327,C=NC=CCCCN=CCCC=CCCC=O
5662,6329,O1CCC2CSCC=CN21
5663,6332,BrSCC1CCCC=C1CCP
5664,6333,CCC=CBr
5665,6334,CCC12OC1COCC=CCC=CC2N
5666,6335,CCCCC=CCF
5667,6336,CNCC=NCCC=NC=O
5668,6337,CCCN(C)C=O
5669,6338,CN=CCC(O)C(C)(P)NC=NCNC=C
5670,6339,C=NCCF
5671,6340,C1C=CC1C=O
5672,6341,ONC(C=COC)C=CC(Cl)C=P
5673,6342,CCC1CCCCNCCCN1
5674,6343,NCCCCC=C1CCC=COP1
5675,6344,CCC=CCC(C)=CCOC#C
5676,6345,C1CC2(C)CN=C(C2=C)N1C
5677,6346,C1(C)CN(C)C=C1CCCCC=O
5678,6347,CNC(CC=C=N)CCCCC[NH1]C=O
5679,6348,OC(C1)N1C
5680,6349,NCNC(C)CC=C(C)C=C
5681,6350,CNCCC(C)P=CC=CC=O
5682,6351,OCC=CCOCBr
5683,6352,NOCOCOC=O
5684,6353,OC=CCCC1CC1Cl
5685,6354,N1CCC=C1C[NH1]CCN2OC=CC2O
5686,6355,CC=CC=NCCBr
5687,6357,COCCC1C=C1
5688,6359,C1=CC=CC2CC2OOCCO1
5689,6360,O=C=CCC1OONC1
5690,6361,OCCC=NC1CCC=CNC1=N
5691,6362,NOC=C[NH1]CCC(=N)C=CCC=C(CC=NC)CCl
5692,6363,C12N(Cl)C1CCCO2
5693,6364,OC(C=O)Br
5694,6366,CONN(C)CCSC1=CN1CO
5695,6367,N1=C=C=NN1
5696,6368,NCCC(=N1)CC1C
5697,6369,CCCNCOCCOC=C=CPCNC=C
5698,6370,CN=CC=CC=CNCC=O
5699,6371,COC=CC=O
5700,6372,OCCNN(CC)CC=O
5701,6373,C1CCCCNC=CC1C=CC=C
5702,6374,COCCC(N)C=C
5703,6375,OCNCBr
5704,6376,C1C=C2CCC(C)C=C2NCC=C1
5705,6377,NCC1NNCOC1COC=CN=C
5706,6378,NC=CCNC=CCC=O
5707,6379,ON(COCCCC=N)COC
5708,6380,O=CCNCCNSNNOCC=C(C)CC=O
5709,6381,CCCC=CN=CC=O
5710,6382,CC=CCSCCCCCCOOCCO
5711,6384,C=CCC=CCCO
5712,6385,C=C=C1NC=C=C(C)NCNC#CCC1Br
5713,6386,C#CNNNCCN=C=CCOC=NCOCNC=C
5714,6388,CCC(C)C(C)OCBr
5715,6389,C=CCCOC=C1C=CCSCC(C)C#C1
5716,6390,CCCC(CC=CCCC(Cl)=O)CCCCl
5717,6391,CCC=1CCC(C)C=1C=C(C)C=C
5718,6392,CC=C(CC=O)C=C(CCCC)C=NO[NH1]C=C
5719,6393,COCCC1=CO1
5720,6394,CNC=CN=CC=C1CC1
5721,6395,C1=CNC=CC=COCC=C1
5722,6396,C=CCCCCC=CCBr
5723,6398,O=CC(C=CCN)Cl
5724,6399,CCCCCCCC=S
5725,6400,C12OCOCOOC(C)C1CC3C2=C3Br
5726,6401,CC=CCOOCCCC1=COC2CC12N
5727,6402,C1C=C(C)C1C#CC=O
5728,6403,OOC(C)CCCCl
5729,6404,C(N=O)=CC=C=C1N=CCN1OCC=C
5730,6405,N1CCC=PNCNCC=C1N
5731,6406,NOC=NC=CCN(C)C=CCCOC=O
5732,6407,OC=C1C(C)C(CC=CCC)OC1
5733,6408,NCCSCC=CCCNBr
5734,6409,OC=CC=CC(=C)C(F)C#C
5735,6410,CCCCCC=CSCCCl
5736,6411,C1CC(CCC)=CC1
5737,6412,C1C=C(C)CSCC1=N
5738,6413,C1CCCCC=NNC=C1CC2CC2O
5739,6414,O1OC1SCNCN(C)C=C
5740,6415,C1=NC1(OCCCC)N
5741,6416,C1OC(C2)[SH1](C=C(C)CC12)O
5742,6417,C=C=C=CCC=C=C(O)COC=NC=CCN=N
5743,6418,NOCC1CC=CO1
5744,6419,C1C(C=CCNN)OCC1
5745,6420,C1CN=CNCCOCCC(Cl)C1
5746,6421,NC(ONCN)C=C=CC=CS=S
5747,6422,CCCC(C)C(C)CCNCC[NH1]SO
5748,6423,OCCCC(C)F
5749,6424,OCC(C)CCCl
5750,6427,C=C=N
5751,6428,C=C=CCNSCNCOC=CC=CCCC=CC=O
5752,6430,CCP=CCCOC=C
5753,6431,C12CC1=CCC=CCCC2
5754,6432,C1CC(C)C1=C[NH1]COOCC#CCC
5755,6433,CC=CCCCCCC(C)F
5756,6434,CN(S)C(C)C#C
5757,6435,CCN(C)CON
5758,6438,COCCCN=O
5759,6439,CCN=CC(C)=CCCCC(C)=NCCCl
5760,6440,COCN=NNBr
5761,6441,C=CNC(CI)C=O
5762,6442,NC=C=CC=C=O
5763,6443,CCC=CC=C=C=C(C=CC=C)CC=NC
5764,6444,C1C(CC=CC)CC=CC(S)CC=N1
5765,6446,O(C)CC#CC=CCOC=C
5766,6447,CC=CCNCCN=NCl
5767,6448,OSCCCCC=CCOC(C)=O
5768,6450,CNC1CCNCC(CCO2)C2=CN1
5769,6452,C1CCOC=C=CC1C=O
5770,6453,CC(O)=O
5771,6454,NSCCC(OC1=O)CCCC1Cl
5772,6455,CCC=NCC=CC=NC(C)=CC=CCl
5773,6456,COC(=C)OCCNCCCCCCl
5774,6457,C=CC=CC#CCC=C
5775,6458,OCCC1CCCN(C)NC=C1C
5776,6459,CC(C=C)CC(C)C
5777,6460,C1=CCCOS=C=C=CCCC1=C
5778,6462,CC(CC1=CCCC=C(C)OC)[NH1]C1
5779,6463,N1C=CCNC1(C=CCC)Cl
5780,6464,CCC=CCC=CC=O
5781,6465,CN=NCC(C)CC=CCN
5782,6466,CCCC=CC=O
5783,6468,C1CC=C=CC2=CC=C=CCC12
5784,6469,CCC1CC=CON1
5785,6470,NCCC=C(O)CC=C
5786,6471,C(C)NOC=C1C2CC(O)=C2OCSCO1
5787,6472,NC=CN=CC=CCC=C
5788,6473,CC=CC=CC=CC=NCC=C=O
5789,6475,C=C(O)SC(C)C(C)CC
5790,6478,C=C=CCSOC=CCCC=CC=O
5791,6479,CCCCOC=O
5792,6480,O1CCN=CCCC=CC1=O
5793,6482,C1CC=C1
5794,6483,CNCN1C=COC1
5795,6484,NCCC=NC=O
5796,6485,C1(C)NNC1C=CCI
5797,6486,CCCCCCC=NOC=CCC=CCSCC=O
5798,6489,N=C=C=CCCC#CO
5799,6491,OCOC#CCCCCCCC=C
5800,6493,O=CNC=O
5801,6494,SCNCCCSN=NC=CC=COC
5802,6495,NCCCCCCCCC#C
5803,6496,CC(C(C)C)C=O
5804,6497,OC=C=COCC=O
5805,6498,C1CNCC(NC=C1C)CSCOC=O
5806,6499,CC=CNNCBr
5807,6501,COCC(CCF)C=CCC=C1C(C)=CC#C1
5808,6503,C=CCC(OCC=C)=CC=C=NF
5809,6504,OCOC1=CC1(C)C(C)C
5810,6505,N1C(C)(C)CCC1C
5811,6507,NCCN=NCS=CCC=O
5812,6508,CC=N
5813,6509,CC=NNNNCCCC=C
5814,6510,CCC=CCCCCC([NH1]Cl)CC=C=C
5815,6511,C=C=CCC=C=CCOCC
5816,6512,C=CC(C)N=C=O
5817,6513,NNCOCC=O
5818,6515,NCCN=CC=C
5819,6516,CCCC(C)NCC#N
5820,6518,OCCC=C=C(O)C=COCCCC
5821,6519,C=CCC#CC
5822,6520,C(OC=CC)C(CC=CC=CC)=O
5823,6521,NC=NCC(C)=CC=O
5824,6522,OCNC(C)CCCNCC=O
5825,6523,CCCCC(C)=CC=NCC
5826,6524,NCCC=NCCOCCCC=C=NF
5827,6526,CCCNC=CCC(F)C=CCl
5828,6527,C[NH1]C(NC(C)S(O)C)(C)CO
5829,6529,CCCC=NCCCC=O
5830,6530,O=CC=C=C=N
5831,6531,C=C1CC=C(N)C=COCNC(N)C1
5832,6533,CC=CNNCC=NCCC#C
5833,6534,OCC(C=C=C=C=CC=NCCCC=C1)C1CF
5834,6535,OCCC=C=NOC=N
5835,6536,CCCN
5836,6538,O=C=CCCCCCC=CSCC
5837,6539,C1C=C1CC#CC
5838,6540,CC=COC1C=C(C)C#C1
5839,6541,NC1=CC=C=C(C2)CC=CC21N
5840,6542,C#CCCCCC=O
5841,6543,N(N)C=CCCC=COO
5842,6544,C=CCCCCCCCCOOO
5843,6545,CC=C=CC1C(O)P(C)=C1C=N
5844,6546,OC(CCNNC)C=O
5845,6547,OOCC(O)C=NC(CF)C=C
5846,6548,C=COCC=C1C=C(C=O)S=N1
5847,6549,OCC=CC=NC
5848,6550,N=SC(O)NC(C)NCl
5849,6552,N=C=CS(=C=CI)O
5850,6553,O1C(C)SC1C
5851,6555,NC=C(C)NC=O
5852,6556,C1=C(O)OC23C=CC=CC21C3
5853,6557,O(C)C#CC=O
5854,6558,O1CN=CC(O)C=NC1
5855,6559,C=CC[NH1]CC=C=O
5856,6560,CCCCCNC(=C)C=O
5857,6563,C(C)CONC=CC=C(C)C
5858,6564,COC(C)(COC=CC=CCC=O)NF
5859,6567,OCS=C(C)C=CCNC=O
5860,6568,N1CCCC=CC(C)(C)C=CCC1Cl
5861,6569,O(C)NF
5862,6570,N=C=CCCCC(C)I
5863,6571,CCN(C)NCCl
5864,6572,COCCC=C1ONC(C)=N1
5865,6573,CCOC(C)CCC=C(O1)C=CC=C1NO
5866,6574,C=C=CCCCF
5867,6575,C1CCCCCCC=C=C1OS
5868,6576,N=CCN=CC(C)C=C
5869,6577,OOCC#CNC=C1NC1
5870,6578,ONC(C1)CCC=CNCO1
5871,6579,NCC=COCCCC(C)COC
5872,6580,CC(N=CC(C)C=CO1)C=C1
5873,6581,NCNCOC(C=1)OCCN=NCNC(C)C=1Cl
5874,6582,C=C(C(C)C1OCF)C1
5875,6583,CN=CNC=CC=C(C)CI
5876,6584,C(C)OOC=C=NC=O
5877,6585,CC1NC=CNC1(N)CC=C=CC=COO
5878,6586,ONCCCC=CCOCC=C=C
5879,6587,N1=COCCCOC=CC=C=CN1O
5880,6588,CNBr
5881,6590,O(O)CCC=CC1(C=CN)CC1P
5882,6591,COC=CCCCCC=CC=O
5883,6592,CCCSOCC(CCC)CN1C=C1
5884,6594,COC(CC(C)ONC=CC)CNCNOC=C=COO
5885,6595,CCNC=1C=CNN=C[NH1]CC=1
5886,6596,C#CC(C)C1OC(C)(CC=C1C)C
5887,6597,CC(Cl)C=CCC(N)C=O
5888,6598,CC(O)CCN
5889,6600,OCC[NH1]C(CCC=S)=C=O
5890,6601,C(C)C=C=CCC(C)SOCCl
5891,6603,OCOC=NCNNCCC(C)=O
5892,6604,C(N=CNCCC)C=NC=CN=S
5893,6605,CCSCCC=O
5894,6606,N12C=CC1C=CCCNOCC2CO
5895,6607,C=NCCCCl
5896,6608,CNCCCOC=C=CCOCC=C=NC#C
5897,6609,CCCCNC(C)C#C
5898,6610,COC#CCCSN(C)NCC=CN
5899,6611,OOOC1C(C)C=COC2NC21
5900,6612,CC=CNNCCCC1CC=CC1
5901,6613,C=CNCCCC=C(O)CC#C
5902,6614,CC=NC=NNONCNC=CCCC=CC=C
5903,6615,C=COC=CSCC=NCC=O
5904,6616,C=CCNCC=CCC1=CC=CCC1=C
5905,6617,COCl
5906,6618,CCCC=CC=CCCC
5907,6619,CC(N)C=CCCC=CCC#CC
5908,6620,C=CCN(C)OC(C)[NH1]C=[SH1]=CCl
5909,6621,CNC=C(CCCC)[NH1]N[NH1]CCC=NOCBr
5910,6622,CCNN=NCC(C)N=NN
5911,6623,N=1C=C=CCC=1NOCOCC=C
5912,6624,CCC(CCC=N)C=CCC=O
5913,6626,C=CC=CS(CNC#C1)N1
5914,6627,C=C=CCC=CC=CCCCCN=O
5915,6628,COCOF
5916,6629,CC=C(CCCOS(C)(N)C=C)N
5917,6631,CCCNC=CC=C=NCNC(C)=C
5918,6632,C=NCC1CCCC(C1)C=C=CCN
5919,6633,OCCCCNCCC=NC#C
5920,6635,C(O1)=CONC1CCNC=O
5921,6637,CC=CCCCC=CCCC=O
5922,6638,NCCC=CNON
5923,6639,C(C)N=C(C)OC[NH1]CNC=NCN
5924,6640,C1=C=CON1COCC=O
5925,6642,C1CC=C(N2)CC2CCCC1Cl
5926,6643,CNCC(C)CCSC=CCCO
5927,6644,OCN=COS=CCC=[SH1]=O
5928,6645,CC=CSCNCC1CCOC#CC1
5929,6646,CCCC(N)=CC=C=O
5930,6647,CS=CC=O
5931,6648,C1(CCC=CC1(O)C)(N)CN
5932,6650,N[NH1]CNN=CNCNCNCNC(C1)C1=C=C
5933,6651,C(C)NN(CCN=CC(C)C)CCC#N
5934,6652,O(O)CNCC(C)=CC1C=C1S
5935,6653,S
5936,6655,FC=CCCCCOC=NNN
5937,6656,OC(N)CCCNC=CCN=CCC=C
5938,6657,COOC(O)C(CC=O)F
5939,6658,CC(C)(C)NNCC=C(C)CC(C)=O
5940,6659,C(=CC=O)ON=O
5941,6660,CC1C=CC=CCCCC=[PH1](C)N1
5942,6661,OCCCC(I)CC=C(C)NC(O1)C=C1N
5943,6662,N=CCCCCNC(C1)O1
5944,6663,CC=C=CCCCCC=C=CC=C=C=C=C
5945,6664,OCOCC(Br)OCC1=CN1
5946,6665,O(O)C=CCCCC#CNCO
5947,6667,CCC=SCN(N)CN=CC=NC=C[NH1]C=CO
5948,6668,CCC=NCNCCC=CCl
5949,6669,OOC=C=O
5950,6670,C1CC1(C)C#CC=O
5951,6671,CCCC=C=NSCC=NC=O
5952,6672,N=CS=O
5953,6673,CC=CC(C)N=CCCNCNCCC=C
5954,6674,CCCC(OCC=C)CCC(C)N
5955,6675,C1C=NC=CCCN[NH1]C[NH1]CCC=CC1NF
5956,6676,CNN=CC1CO1
5957,6677,CCC=CC=CC=CC1=NCC=CC1Cl
5958,6678,CCOCC(C1CC=O)=C(S)CN=C1
5959,6679,C#CC(C)C=CCCNNC=CC=COS=C
5960,6680,C=NC=CC1CC#CC1CN=O
5961,6681,CCC(C)C=CC=CO
5962,6682,CNNOC(NCCNC)=SOCC
5963,6683,CCC=NC=C=C=C=O
5964,6684,N=CNC(N)N=CCC(C)C
5965,6686,OCCCNCC=CCOCC=CCC
5966,6687,CCC=CNCC=C=NC(C)C=CCC=N
5967,6688,CCNCN(OC=CCCN)C=N
5968,6689,C=CCCC1OC2=CPC=CC21
5969,6690,NCC=CF
5970,6691,NC(C)CCNCNC=CCN=NCNCN=N
5971,6692,ON1C(=C)C=CC=CCC2=NC2O1
5972,6693,CCCC=NCC=O
5973,6694,COCC(C=CCSC)C=NCC=C(O)O
5974,6695,C=C=NCC=C1CCC=NC=C1F
5975,6696,CCC(O)C=O
5976,6697,C1=CCCC1(C)C=C=CCBr
5977,6698,CC=CCNCCCC(C)(O)C=CC=C
5978,6699,CC=CN=CC=CO
5979,6700,CCC1NCCCNCCOC1=O
5980,6701,C=CCNCCCCNCCCC
5981,6702,CCCCC1CN1
5982,6703,OC=C=C=COC
5983,6704,NONCCN=C=CCC=CCF
5984,6705,C=1=CC2=CC2=1
5985,6706,C1NC(C)C=CCCC1F
5986,6707,NCC=C=O
5987,6708,CN=C=CC=CCC=C(CBr)C
5988,6709,O=CCOCCNCCOC=C
5989,6710,OCCOCF
5990,6711,OCCCCCCC=O
5991,6712,C=CNCOCOC=C=C
5992,6713,CNCCC1(Br)CCCO1
5993,6714,NCCCCNC=C=CC=N[NH1]C
5994,6715,C(O)C=CCNCCC=NC
5995,6716,C=CC1=CCONCC(OC=O)N=SC1
5996,6717,C1=CCC(=N)C(C)C=CC1=CC[NH1]C=C
5997,6718,CCC(N)CN=C(COC=O)[NH1]C=CC=C=C=C=CCN
5998,6719,C1C=C=NC(C)N(C)C=C1
5999,6720,C=NC(C)CC=O
6000,6721,C(C)(C)CSCC(C=C1)C1CC=O
6001,6722,OC=C=C(C=CC)CCOCN=O
6002,6723,C=CC(=C)CCCOCC1=NC1O
6003,6724,CCC=CCCOC=CC=CCNNCCO
6004,6725,CCC=NCCOC=[NH1]
6005,6727,C1C(CCC=C1OOC=C=N)CCCl
6006,6728,C1CC(CC1)C=CF
6007,6729,C12CCC1=C(C)SC2=C
6008,6730,CC=CF
6009,6731,CCC(O)=CC=CNC
6010,6732,C1C(N)C12C=C2C
6011,6733,O=SCC=CF
6012,6734,C1C=CNC1C=O
6013,6735,CCC(N1CNN)CS=CCCO1
6014,6737,C1=C2C=C=CCS2(=C)CC1NC=C
6015,6738,NC=CCCCC=CON=O
6016,6740,OC=CSCCCCCC1C#C1
6017,6741,CC(C)N=C(C)C=C[NH1]C
6018,6742,NC=CCCC=CCOC=O
6019,6743,O1CCCCCCC1
6020,6744,C=CCN(C)C=CCCN(O)COO
6021,6745,CC=CCCNC=C
6022,6746,CCCCCNCCOC
6023,6747,C1NCC(C)C=CCCN1
6024,6748,C(C)(CN=O)Br
6025,6749,O1C(C[NH1]C=O)(CC1OC)Br
6026,6751,C1C=C=C=CCC=CCCO1
6027,6752,O=CCNCCC=C(C)COOPCl
6028,6753,N=1N2NCCC=1CCC=CC=N2
6029,6754,CCCC(C=CC1C2)C2C=C1N
6030,6755,C=CCCCC
6031,6756,OC(N)COCCCC=CN1CCC=C1
6032,6757,OCN=NOOCC=C
6033,6758,C=C=CC=C(C)NNNCCC=CCOC#CC
6034,6759,C=COC(O)NCNC(=S)CCC=C
6035,6761,O1NC2(C)C=CC12CC=CCNC=C
6036,6762,C=CPC=CC(=C)CC=C=C
6037,6763,CCCCC(C)C(N)OC
6038,6764,CCC=CC=NC=O
6039,6765,NCCCC(=C)C#CC
6040,6766,CC(CCNNC)O
6041,6767,CCOC=CF
6042,6768,NCC=CC(C)CC=CCCN=C(C)C
6043,6769,NCCC=C=C=O
6044,6770,C=1CC=CCCC=1
6045,6771,NN(CC=C)CCC=O
6046,6772,CCOC=CNCC=CC=C
6047,6773,C1CSCCC(C=CC=CN)=CC=C1C=CCI
6048,6774,OCCCC=C=CCC1C=C1
6049,6775,C1CCN=C1C=CC=CC=CC=CC=C=C
6050,6776,C=C(C)C(Cl)C=O
6051,6777,OCCCONCOCCOCOCC
6052,6778,C=1CN=C(CCN2CCCC=1C3)N32
6053,6779,C1=CC1CCN=O
6054,6780,CC=CC(O)C=CC=S=O
6055,6781,CCCCC=CC=O
6056,6782,CCC=C1C#CCCC1=CCCCCl
6057,6783,C=NC=CCCNCNCC=CCl
6058,6784,C1CC=CC=COC1C=O
6059,6785,CCCCC(C)OC
6060,6786,CCS=NCNCNC=C(OC)C=CCC=C=C
6061,6787,N=CCCOCNNC=C=CC=CC
6062,6788,CNCC=C=C=C=O
6063,6789,OCC1C(N)=CCNC1
6064,6790,NS=CC=CCC#CC1=CC1
6065,6791,NCC=CCCNCC(C)(O)C(CC)=O
6066,6792,C(N)C=O
6067,6794,CCC[NH1]CSC=O
6068,6795,CCS=C=CC(O)OC=CC=C
6069,6796,C1C(N)CC(S2)CC=C(C)C2NC3N4C31C#C4
6070,6797,OOCNCNCCCN=CCl
6071,6798,CCNCCCCC=O
6072,6799,N=CCCCC=COCNCCONCF
6073,6800,CC=CNOCC[NH1]COC=C(CC)CC=C
6074,6801,C(C=1)(S=1C=CC=C)CCl
6075,6802,CCCOCC[SH1]CCC=O
6076,6803,C=CSCCN=C(C)N=C(O)C=C=C=C
6077,6805,CCC#CC=C1CNC=C1C
6078,6806,O(C)CC=C1CC2C(C)C1OC=C2
6079,6807,CC=CNC=CC(C)=C(C)C=CC1=CC1C
6080,6808,N=NN=NC1OC1F
6081,6809,OCC1CC=CON1COCl
6082,6810,NONCCC=CCCC=CCF
6083,6812,COC(N=COC)C#C
6084,6813,OCCN(C1=CCC=CC=CC=CC)CO1
6085,6814,C12NCC1C=C2O
6086,6816,C=CCSC#CSCC1C(C)=CC1
6087,6817,CC(C)N=C(C1)C1=O
6088,6818,CCPCC=CCONN=COON
6089,6821,C1C=C=CN=C1N=C
6090,6822,N=1COCCC=1
6091,6823,OC(OCCN)Cl
6092,6824,CCC=C=CC=CNC=NC=[NH1]
6093,6825,N(C)C=C(O)C(C)C=O
6094,6826,C1CNCCNC=CCC=C1
6095,6827,OC=C(CC=CNBr)CC(C)(C)CCl
6096,6829,C1CCC2C=C(C)CC1CC=C2N
6097,6830,OCC=CC#C
6098,6831,[SH1]C=O
6099,6832,NCC(C)CBr
6100,6834,CCOC(C)COCC=CC=CN=C=CC
6101,6835,OCC=CCCC
6102,6836,NCCC#CCC=NF
6103,6837,C=CNN(C)C(=N)COC=C=O
6104,6840,NCSSCOC=O
6105,6841,C=COC(P)CCC(C1)N1OC
6106,6843,C1CNC1CCCC=[SH1](C)C=C=O
6107,6844,OOC(C)C=CCCNC(C=CC=O)CO
6108,6845,CC(N)CF
6109,6846,C=CCCNC(O)=CCCC
6110,6848,OC1C=C2C=C=NCC21C
6111,6849,OCCC=C=O
6112,6850,CCCNCCCOCNOOC=C
6113,6851,OCC=CC1CC=C=CCCC1O
6114,6853,N=CC(=C)CCC=O
6115,6854,O=NNCCCl
6116,6855,CC1COCC(C)CC1
6117,6856,OC=C(N1CC=O)CCOCSNN1I
6118,6857,NC=CCCC=COCC=O
6119,6858,O=CC(F)CC#CC
6120,6859,C1C2(C)SNC=C=C1C=C2
6121,6860,COCCCCCNCC=CCC=N
6122,6863,CC(CCCC=C)(O)C=C=CC=C
6123,6864,C=CN=C(CC(N)=CC=C=O)CC
6124,6866,CCN=NC=O
6125,6867,CC#CCC=CCOC=O
6126,6868,O1OC=C1C=CC=O
6127,6869,CCCC#CCCC=O
6128,6870,CC(C)NC(C)C(CCC=CC1)C1
6129,6871,CCN(Cl)CC=C
6130,6873,C1CC=CC=C(C)C1COC=CN
6131,6874,C1CNCC2C=CC(C)=CN21
6132,6875,OC=CC(C)=CCNC=NC=COC=C
6133,6876,C#COCCNC=N
6134,6877,OCNCN=COC=CCC=O
6135,6878,C=CC=CC(O)C=COCCONC
6136,6879,N=NC1=C=C1NOC=CC(C)CC
6137,6880,COC(CCNC)CNCN(F)CNNC=CC=N
6138,6883,CC(CCC1C)C=NC2=CCNCC12
6139,6884,CCC=C(C)N=C=CC=C=CC
6140,6885,CNCSCCC=CCC=C=SC=C=CO
6141,6886,C(CC(N)CC=NC=N)C=C=N[NH1]C#C
6142,6887,C=CC(CONCSC=SC=O)=CNONCCOCP
6143,6888,COCCCNCN1NC1COC=O
6144,6889,CCC=CC=CCC=O
6145,6891,COCC(C)(CCC)CC=C
6146,6893,C=CCC(CNCO)NF
6147,6894,CCCC=CC(C)NCCOC#C
6148,6895,CCCC=CC(CC=C=NC)=CCCCCl
6149,6896,CCCCC=C(O)CC=C
6150,6897,O(C)CC=CSOCCN1C=CCC1
6151,6898,OCCCCC=CBr
6152,6899,OC=CNC=CC=CC=C=C=C=C=S(=C)C=CCl
6153,6900,OC(N=O)F
6154,6903,CC=CC=CCC(=O)NC=C=O
6155,6904,NC=CC1C=C=CN1CNC=CC2C=C2
6156,6905,COC=NC=CN=CC=CC(O)C1CC1
6157,6907,CCCC=CCC(CC=CC)=C(C=C=CC=C)SF
6158,6908,CCOCCCONO
6159,6909,OCOCNC=CCNC=O
6160,6910,O(C)CC=CC=C=O
6161,6911,NCC=CCCC=CCCNC1NC1
6162,6913,CN=CC1=C(CC(C)C1CCNCC=CN)Cl
6163,6914,N1OC(C)(CC(C)=NNC)C1O
6164,6915,CCCCCC1CCN=C(O)C1CCCC=N
6165,6916,ONCNC(C=NC=C=NN=O)C=CN
6166,6917,C=NNNC(C)NC(C)C=O
6167,6918,C=CC=CCCCCOOC(O)(N)F
6168,6919,C=CCCCCCOC(C)NN
6169,6920,CCC=NC=CC=O
6170,6921,CC1CNOC1CSCCCN=C
6171,6923,N1C=CNC1NCC
6172,6924,N1NCC(CN1)C(C)C2C=CCNOCC=C2
6173,6926,CC#CCCC=SC=CC[NH1]CC[NH1]
6174,6927,CNCC(=C)CCC=C(C)C=C[NH1]C
6175,6928,C(O)N(C)CCOCCCC=N
6176,6930,C1CC=CC=CCC1
6177,6931,O1CC=CC=CC1(C)NO
6178,6932,O=CC(C)CC#C
6179,6933,OC=C(Br)NCCOCCOF
6180,6934,OC(C)OCCCC=CCC=CC=O
6181,6935,C=C(C)C=CC(O)C(=N)C=C=CC
6182,6936,COCCCCC(C)NC1ON1O
6183,6938,CCC[NH1]CCCCCONOONCCC
6184,6939,CC(C)CCC(Cl)=O
6185,6940,C=C=CC=NCl
6186,6942,C=CNC=CC=C=O
6187,6943,NOCC(C)C=C=O
6188,6944,NC=CCCCC=O
6189,6945,C1=S(N)C=CCCC1CCF
6190,6946,CCCCSC=C
6191,6947,NCNOC1(C2=CC)C=C1O2
6192,6948,C1C(C)C=CCC1(C)F
6193,6949,C=CCN
6194,6950,O1C=C=C=C(CCC)C=NCC#C1
6195,6951,OC=COOOC=C1CC=C2N1C2=S
6196,6952,C=CNON(C)CC
6197,6954,NCP(C)CCOC=CC=CC=C
6198,6956,SC=NC(C)CC=CCCC=CCC=C
6199,6957,BrOCC#CCC=CNC=COC
6200,6958,CCC(F)C=CCCNS
6201,6959,NCCNC=CCC=NOCCl
6202,6961,[NH1]CNCNN=C=CCCCCCC#C
6203,6962,CCCOC1C=C1CCCC=CCCON
6204,6963,N=CCF
6205,6965,CCC=CCCC1CC1
6206,6966,C1SNC(O)=CCCCCCC1=N
6207,6967,CNCOOCCCCC=O
6208,6969,CCCNCOCC=C
6209,6970,CC(N)C(C)CCCN=CBr
6210,6972,CC=CC(N)CS=O
6211,6973,CCCOCCC(C)OCOCCC=COC=C(C1)C1
6212,6974,NCCC(=C)CC=CC=O
6213,6975,N=CC
6214,6976,C12(C(=CC)C)N=CC=C1C#C2
6215,6977,C=CCC1CCCCC1=C
6216,6978,NCCCCCCCSCNCCNS=O
6217,6980,CCC=NCCCCC1CCCC=C1
6218,6982,OCCCNCC=O
6219,6983,SNCCC=CCC(C)C=O
6220,6984,O1CCC1C=CC=CSCS=O
6221,6985,COC(C)CCCC=CC(CCO)CCCCN1CO1
6222,6987,C=NCCC12CCCNC=CN=C1C2O
6223,6988,CNC=CCC=CC(NCCCCl)C
6224,6989,OOC=CCOCl
6225,6990,N(CCNCC=CCCC=C)C#CNC#CN
6226,6992,CCN(C=1[NH1]C=1C)O
6227,6993,NCCCCC=C(CCC)C(N)O
6228,6994,NCCCCC#CNCOCOCC=CNCC
6229,6995,COC(N)CCC1(C2)C=NNCNC=C1OC2
6230,6996,NC#CC
6231,6997,NC=CC=CCCC=NCCC
6232,6998,C1=CC(C)CC1=NC
6233,7000,CCSC(CC)C=C
6234,7001,NNCNC(O)ONONCC=O
6235,7002,CCC=CCCC=CNCCC=O
6236,7003,ON=CC1N2CCC=C=C=C(C)CC1=N2
6237,7004,C1CCCCN2CCCC1(N2CO)CI
6238,7005,C=C=CC(C)SBr
6239,7007,CC1CCCC=CCCC=CS1(C)O
6240,7008,CN=C=CCCCC(C)C=N
6241,7009,NOCCCN(C)CC(C1)S1
6242,7010,N1OCCOCCCON1CCOC
6243,7011,C1NC=C=CCOCCCNCC=C1
6244,7012,CCNC(PC=CC)=NCOC=O
6245,7013,CCNOCC(N)C=CCCCC=NC=CCl
6246,7014,CCC=CC=SC=CC=C=C=CCCF
6247,7015,O(C)N=NC
6248,7016,C1C[NH1]CNC(CNO)=C1
6249,7017,CCCC=CNOCC(CCCl)CC=C=C
6250,7018,C(NCN=O)CC(O)C=NCC=CC
6251,7019,C=C=C=C(N1)CNC=C1Cl
6252,7020,CCCC#CCCl
6253,7021,C=NN=NC
6254,7022,OC(O)C
6255,7023,CCNN=CCC1CCNSC=CCN=C1
6256,7024,S=C=O
6257,7025,COCCC=O
6258,7026,C1=CCCC=C2CCCC2C1
6259,7028,CC=NC(C=CC=O)NCC=C
6260,7029,CCCC(C1)C=CCCC1=O
6261,7030,C
6262,7031,CNC=NC=O
6263,7032,C1=NSC=C1
6264,7033,CCNCNC(C)CC(C)(C1)C=C1
6265,7034,OC(=C)NNN=O
6266,7035,NCCCCNC=C=CCCCN=O
6267,7036,CNC=CC(N)C=NN=CC
6268,7037,COCCC=CNCC=CC=CCl
6269,7038,OC1CCC(C=C)C#CCNO1
6270,7039,C1C=CCC=C1
6271,7040,COCC=CCCCCN=NC=CCBr
6272,7041,C=CCN=CCl
6273,7042,CNC=CC(C)=C=C=CC=O
6274,7043,N=CCS(C)=NC=C=CCC=C1C=C(C)CS1OC
6275,7044,C1NC=C=C(C2)C2=C1C
6276,7045,C1CC=CCOC=S=C=C=N1
6277,7046,N1C=CC1CCCN=N
6278,7048,C=NCC=CN=C=CC=CCC#N
6279,7049,NC(C)C[NH1]C1=CCOC1N=O
6280,7050,C1NCC(=C)CNCC1
6281,7051,CCNS=O
6282,7052,OCCCON=C(C1)OC=C(N)C=CO1
6283,7054,CNCC(C)=CCC(N)CCCC(O1)=C1
6284,7055,CC1OC[NH1]C(C=O)CCC=CO1
6285,7056,CCCCCC=COCC
6286,7057,O=C(F)C
6287,7058,O=NCC=O
6288,7059,C12=CN=NCC1NC2C
6289,7060,CCC(C)C1C=N1
6290,7061,NC(C)CC=CCC=CCC(CS1)=C1
6291,7062,C1CC=CC=C(C)OC=N1
6292,7063,CCC1CC=CCC=CCCCCO1
6293,7065,OCC(CCNC1)(O1)ONCC[NH1]C#C
6294,7066,C1=CCN1CCOSOC=CC=O
6295,7067,C=CC1ONNC1CCCC=CCCC=C
6296,7068,C=NCC=CC(C)COCSCNF
6297,7069,C1CCCN(O)C=CCS1
6298,7070,COCCC=CC(C)C=CCNOC=CNBr
6299,7071,O1CS(C)CC2C(N)CC1CC=C2
6300,7072,CC#CC=O
6301,7073,CCCOCCBr
6302,7074,CS1C=CCC=COCCC(CN)CC2(C)C1(S)C=C2N(Cl)C
6303,7076,CCCCC=CCCC(C)C=CSC(ONNC1)O1
6304,7078,CC=NNCNCC=CC=CC=S=CON=O
6305,7079,CCCCC(CNCOC=O)=C=C
6306,7080,CN=CCCCCCC[NH1]N=NCC=NN=N
6307,7081,ClC=O
6308,7082,ONCCCCNNCNC1OC1
6309,7083,NCCCNCCl
6310,7085,OCOCC
6311,7086,CNC(C1)C1=CCF
6312,7088,OCCCN1C=CCCC=C1
6313,7089,C[NH1]CCCCCC(C)=C1OO1
6314,7090,CCC=CC=CCCCCCCCCl
6315,7092,C1=C(CC=O)C1=C
6316,7093,OCCCC#CN(CC=CN=N)C=O
6317,7094,CC=CCPC=CCCOC=C
6318,7095,NOOC(C)C=NC=CN=O
6319,7097,CCCC#CC=CC=O
6320,7099,NC(F)CCCC[NH1]C#C[NH1]CON=CC1C=C1N
6321,7100,N=CCC=NOC=COCN(C)CN=CO
6322,7101,OCC(C)=O
6323,7102,CC(C=CCC)(OC=CCCl)C
6324,7104,C1CC1(CCCCCOCCCCC2C)C2
6325,7105,NCN=C(C)C#CCN[PH1]=CNC=C
6326,7106,CCC=NCOC=CCCCCCl
6327,7107,CCCOCCC(CC)COO
6328,7108,C=CC=C=CC=NC(C)C=C1NC1C=C(C=C)C=C=O
6329,7109,O1NCCCCCC(C)=C1
6330,7110,CNCNCSC=COCN=O
6331,7112,NOC=CCCCC=C(C)CC
6332,7113,COC=CCl
6333,7114,C=CC=CC=CC=CN(C(C)=O)CC1C#C1
6334,7115,ClC(N)OC=CNN=CCCl
6335,7116,CC=C1CC1=CC=C=C
6336,7117,NCC(C)=CC(C1)=C1
6337,7119,CCNOC=CCCC=C1CC1
6338,7120,CCCCC(S)Cl
6339,7122,C=C(C)C=CCCCC=C(O)C=CCNC
6340,7123,CCSCCCC=CNC=COC=O
6341,7124,NC(C)C=CN=O
6342,7125,NC=NC(C)NC[NH1]CBr
6343,7126,C(CCCC=O)=C=CC=C
6344,7127,COCOCCCS=CC#C
6345,7128,OCOCCCCC=CCCOC=C(N1)C1
6346,7129,C1NOCC(C)=C=N1
6347,7130,CC=SCCCCNCOOOC(C)NO
6348,7131,CONCCC=CN1C(C)N=SC=C1
6349,7132,CC(C)CNC=CNNOCC=CO
6350,7133,C1NCOC=C=CC(=O)C1=N
6351,7134,NCCCCCCCC=CC=CC=O
6352,7135,O1CC1(C2NCl)CCCN2
6353,7136,N=NC=C=CC
6354,7137,N1(C)C=C(C=C1C)CC=C=NCOCO
6355,7138,C1=CN=NC=C=CCCC1
6356,7139,COC(=C)NCC=O
6357,7140,CCCOCNCOBr
6358,7141,NOCC(C)=O
6359,7142,CCCC[NH1]N(C)CC#CC(C)O
6360,7143,C=COCCCCOCCCCO
6361,7144,NOCCC=CCCCN=CCC[NH1]CO
6362,7145,C#CCCCCC(C)CC[NH1]C1C=C1
6363,7148,C1=C(C)N(C)C1OF
6364,7149,C=CCC=C=CCCNOC=O
6365,7150,O=SNC(C)(N)CC(C)CCBr
6366,7151,CCC(OCCCC)C=CCCC=O
6367,7152,CC(C)CNCCCC=NC=CC
6368,7153,OOCN(N)CC=O
6369,7154,C=CC=COCC=CC=O
6370,7155,COCCNC=CN=COCCC=C(C1C)NCCCC1
6371,7156,CCCN(C)F
6372,7158,C(C)CCCNC=CC=O
6373,7159,CC(C)COOC=SC=CONCCC1CC1CO
6374,7160,C1(C(C)C1CC)C=O
6375,7161,CCC=CC=CC#CC
6376,7162,NCC(C=CCl)CCOC=C
6377,7163,CC(C=CCC)C=CCNCCC=CCCl
6378,7164,CC=CC[NH1]C=C=O
6379,7165,OCC=CCOC=O
6380,7166,CNN(N=CC=O)CCC
6381,7167,CCNC(O)C=CC=O
6382,7168,O=CCCC1CC1O
6383,7169,CC=CCOC=NCC1CCSC#C1
6384,7170,C1OCCCCCOCCC1
6385,7171,C1=C=CC2(CC)CC=C12
6386,7172,OOCCCC=C(C1)O1
6387,7173,C[NH1]CCC1NCC=C=CCCCN=CC=C1O
6388,7174,CC(NC=C)(C)C=O
6389,7175,ClCCN=CC=CCl
6390,7176,CCOOC=CCCCCNSOC
6391,7177,CNC=CCCC=CC=CC=CC(C)C=O
6392,7178,C(C1C=CCCC=CC=O)=CCCC1=C
6393,7179,C1C=COC=C1C=CO
6394,7181,C1(O)C(=C)C=CC(C)C=C=NC=CCC(N)(C2)N12
6395,7182,ONCCC(C)CC#C
6396,7184,CC(C)C=CCBr
6397,7185,CN(O)CCCC=CCNC(C)C
6398,7186,CC=CC=CCC1CC=CC=CC=C(C2)C12
6399,7187,C=C(C=NCC)CN=CN(CN)C
6400,7188,NCOCCC=C(C)C=N
6401,7189,CCOCC=CC(C)CCCBr
6402,7190,C=NCOC=NSCOC=CC=O
6403,7191,ON1NC=CC=COOCCC#C1
6404,7192,C1C(CC=CCC1C)C
6405,7193,OC=CCNC=NCC=O
6406,7194,CC(=CC=CN)C[NH1]CCS(C)NF
6407,7196,C1NN=COCC=C1CC2CCC=C2
6408,7197,CCCNC(O)C=NC=O
6409,7198,NCOCNC=O
6410,7200,COCC=C[NH1]CCC
6411,7201,C1NC1Cl
6412,7202,C1CC=C1OC(C)C(C)F
6413,7203,CCCCCOCC=CC=C=CI
6414,7204,OOC=CC(C(CO)OCC)CC1OC1C
6415,7205,OCCOCC[NH1]
6416,7206,ONC=CCC=C=CC#N
6417,7207,O1CC=C=CC=CCSC=C1C
6418,7208,NCCCN=CC1OC=CC1COC
6419,7209,OCCCCCCSS(CCCC)OC=N
6420,7210,C=CCNCC=CC=CCOOC=C
6421,7212,CC=C(O1)C=C(CC)C=NCCN1
6422,7213,NCCCCC=C(N)CCO
6423,7214,C(C)=C(C)CN=O
6424,7215,CCCC(N1)=C=C1N
6425,7216,O1CC1CC=CF
6426,7217,C=C(C)CCCNOC=CCC=CCC=C
6427,7218,C=C=C(N)CC=O
6428,7219,CC=NC#N
6429,7221,C(C=NC)CCCCCCCON
6430,7223,C(N)CCl
6431,7224,COOCl
6432,7225,CN=SC=CCCF
6433,7226,CC=CC=CCNC(C)=CCCN1C=CC#C1
6434,7227,N=C(C)OCC(O)C=CC=C(C=O)O
6435,7228,CC[SH1]ONC(C)=CC=CCC(C=CCCO)OOC=O
6436,7229,C=CCC(C)CCC(C=CC)CCCC
6437,7230,C1=CC(C2C3=C2C)ONC13
6438,7231,OC(CCCC)C=COCCCCC
6439,7232,CCN=NCC=CC=CC#CC
6440,7233,OOC=NCC=O
6441,7234,OCCOSN=O
6442,7235,NNS=NCCC=CCCCl
6443,7236,CCOCCN(CN=CCN)C
6444,7237,O1C2CPCOC2C=CN1N
6445,7238,C(C)(C)CNCF
6446,7239,CCOC(C)=CC=COOOCCONC=NC
6447,7242,CNC=NCCC(C)CC=CC=C
6448,7243,NC(C=C)CNC(C)CN=C=CC=CCC=C
6449,7245,C=1C=C2C=CC(C=12)C
6450,7246,ONCC=O
6451,7247,CC=CC=CC(CC)CCNO
6452,7249,NC=CN=CCC=CC=C[NH1]C=C
6453,7250,NC=CC(N)ONC=C=C=NCOCC
6454,7251,C=NC(C)C=CCC=CCS=C
6455,7252,O1CNC=C=C=CCC1N=N
6456,7253,CCCCCC1C=C1C
6457,7254,COPC=NCCF
6458,7255,ClNC=CC(CCCC)C=O
6459,7256,COOCCCN=CCCCCBr
6460,7257,C(C)CC=C(C)CC=C=NC=O
6461,7258,CCC1=C(C)N(C)CC=NC=C1
6462,7260,C1(C)COC=CC=C(C)CC=C1
6463,7261,CCOCCCNCC=O
6464,7262,CCOC=COCBr
6465,7263,NN(C)CCCC([NH1])CNO
6466,7264,CCCCC=NCCCOCCC=N
6467,7265,CCN=CCCC=CCCCOCI
6468,7266,CCCSC#CC1COCCO1
6469,7267,C1CCC=CC=CCC=S[NH1]1
6470,7268,OCC=NC=NCCCCC=O
6471,7269,N=C=CCCCNO
6472,7270,C#CCCC(S)CNC=O
6473,7271,OC=C=C(C(C)CSCNCCl)F
6474,7272,CCN(C=NCC)NN=O
6475,7273,C=C=C=C=NCCC=CCl
6476,7274,OCCNC=CCCCC
6477,7275,C=CCOCOC=CC=CC=O
6478,7276,N1CCCCCCC1SOOO
6479,7277,C(O)C=CCC=O
6480,7278,O1OC1C=O
6481,7279,CC(CCl)C=COC1(C)COC1CCO
6482,7280,CCCNCC(S)N=C=O
6483,7282,CCC=C
6484,7283,NCCNC1CC=CC#C1
6485,7284,COC(N)C(C)=O
6486,7285,CC(C)CCS(CC#CC=C=CCCC)C
6487,7286,C=CC=CCF
6488,7287,CC1=CCC(C)CCCCC=C1
6489,7288,N1NC(C)CCC=CCC1C
6490,7289,C1C(C)C1C=C=CNCC=COC=N
6491,7290,CNCC=CC=CN=C=CC=CNCC=CCNCC#C
6492,7291,N1=C2CCCCC2(N)C1
6493,7292,CCC(C)CCCCOC=C
6494,7294,O=NCCC=C=NC=C=O
6495,7295,CC1C=CNC=CCCNC=CC1
6496,7297,CC=CC(OC1=CC=O)C=CCS1
6497,7298,NN(OC=NO1)C1(C=C2)C2
6498,7299,C=C(C1Br)C(C=CC=O)C=C1
6499,7300,OOCONC(C)CC(C)C=C
6500,7301,CC1CC=CC(C)C=CCC=C1
6501,7302,[SH1]OC=C=CCCC(O)[NH1]CN=O
6502,7303,CCC=CCC=O
6503,7304,C=CCCCCC=NC
6504,7306,CSCC=CCCCCNC#C
6505,7307,ONNC(C)CC=O
6506,7308,NC=CNC=O
6507,7309,OCCCCCCC=C
6508,7310,CCSCNCCC=CCCCC(C)Cl
6509,7312,N=CC1(O)C=CC=C=C=S1
6510,7313,CCCCCN=O
6511,7314,CNC=CCCCNCOOCCCl
6512,7315,C=CCCCCC(C)(C)C1C=C1C
6513,7316,C1C#CCC1N=N
6514,7317,N1C=NCC1=NCCCC=O
6515,7318,NC(CN(CNC)C)=CCOC=O
6516,7320,C1=NCN=C(C)CCC=C=C1
6517,7321,CCC=C(CCC)NC(C)C=C=NC(C)=C=O
6518,7322,NN=NCCCC
6519,7323,C#CCCC=C=CC1NCCNCC1(C)OCl
6520,7324,N=CNCC=CCC=C1C=C1CC
6521,7325,ONC=NCCC=C(C)C
6522,7327,CCCCOCNCC(C)C=CCOC
6523,7328,CC=NCCNCCC=O
6524,7329,N1CCCN=C=CCOO1
6525,7330,CCCCC(C)NCCCCCC
6526,7331,CCCC=CCC1CC1
6527,7332,CCCCNNC=C=CCCOO
6528,7333,CC=CNCC=C=CC=C=O
6529,7334,CC=COS(C1)CC[NH1]C#C1
6530,7335,C(N)=C(CC1C=C)CCC2=C=C=C1C2N=N
6531,7336,C1C=CN(C=N)C=C=C=C=C=C1
6532,7337,CC=CCCCC=CC(C1C)=C[NH1]N1
6533,7339,CCC1C=C1
6534,7340,CC(CC=C=CC=O)C
6535,7341,CCCONF
6536,7342,CNNCCCCCOC(=C=NCCCNCl)O
6537,7343,CC(C1)C1=CC=COC(O)=C
6538,7344,OCOC(C)NC1C=C1C([NH1])OC
6539,7345,CCCC=CCCCF
6540,7346,C1CCC=CCC#CC=C1
6541,7348,C#CN=CC=O
6542,7349,NC(C)(I)C=CC#COCCC=C
6543,7350,C1CC(C=C)C1N
6544,7351,C=CCCCC=CC=NC#CNCC#C
6545,7352,CCOCCCOC(O)C=C
6546,7353,C(C)C(C)OCNN=CC=O
6547,7354,OOC1=CO1
6548,7356,C=CN=CCCCC=CO
6549,7357,CN(CC=C(C=CCC)NO)C=C(C)C=C
6550,7358,CCNSCOC(N)C(C)CON
6551,7359,C=CCC=CC1(C)C(C)OC=C=CNC1
6552,7360,C1=C2NS(C)(O)C12
6553,7361,CCC=CNOCNC=O
6554,7362,CS(C)CCCCC(C)CCCBr
6555,7363,N1C(CCl)CC1C=CCC=S
6556,7364,OCC=CCCCCNC(C)COC
6557,7365,C=CC#CCCCNOCCCC
6558,7367,ON(C)C=NCN(O)CCCC=CON
6559,7370,C(NNNS1)N1CC=O
6560,7371,CNCCSC(O)C#CC=[NH1]
6561,7372,CCCN(C)CCCC(C)CNC
6562,7373,NC=C=CCCN1COC=CNO1
6563,7374,CCC(C)N=O
6564,7375,C=CCCOCCC=NCCC=C=C
6565,7376,CCCP(C)C=CC=NC=O
6566,7377,C1N=CC=SCOSCO1
6567,7378,OCCC=C=CC=C
6568,7379,CC(C)F
6569,7380,OC[NH1]CCC(N)C=COF
6570,7381,FNCN(C)CC1C=C1C=CC
6571,7382,C1[NH1]NCC1C=CC=CCNNC#C
6572,7383,CC(C)OC=CCCNC=O
6573,7384,C1NCCC1CC=C(C)C(=C)CNO
6574,7385,C=CC=CN=C1COCC1(C2)C2C
6575,7386,C1C2OCOCC2OC1=NCCl
6576,7388,N#CCC1=CNCCC=N1
6577,7389,COCC=C=CCC=O
6578,7390,C(=C)F
6579,7391,NC=CC=C(C(C)CCOC=NCl)C1C=C1
6580,7392,C=1=CC=1C=O
6581,7393,C(=CCBr)=C
6582,7394,OOCNC1C=CC=CC1C=CC=C
6583,7395,SCC(I)O
6584,7396,CNC#CC1=CC1(C)CCC=C
6585,7397,C1C2=CCCC1C=C2CCN(C)C=O
6586,7399,C1C=CCCCC1CNNCCl
6587,7400,O=CCNCC=CC=CC=O
6588,7401,C=CCC=C=C=CCNC
6589,7402,CC1=CC(N)=CC1=N
6590,7403,CCC=CC(C)=O
6591,7404,C=CN(O)CCC=CC
6592,7405,CCCNC=CCC(C1)C1N
6593,7406,CCCCCSNC=C=O
6594,7407,CCN=C=C
6595,7408,C=CCCCCC1=CCN=CC=C1
6596,7409,CC(=N)CCC(C=O)CC=C
6597,7410,CCCC#N
6598,7411,CCCNC=CC=CC=NCCCC=CC=O
6599,7412,CCCCN=NC(O)C=C
6600,7413,OCCNCF
6601,7414,NC(C=O)=CC=COC=CCl
6602,7415,CC=CC1CC=C(C)C=CNC=C1
6603,7417,CNC1NC(C)C(C)=C=NCN=C1
6604,7418,C(C=O)=CC
6605,7419,N=CC1=NCCCC1NCBr
6606,7420,CNCCC=CC=O
6607,7421,O1NC=CCN1C#CC
6608,7422,SCONCCCC(C)OC1ON1
6609,7423,ONOCNC
6610,7424,CCC=CCCC1[NH1]CC=C1CC=C=[PH1]
6611,7425,CCCOC=CC=O
6612,7426,CCCCC(C)C
6613,7427,CCCC=C=CC=C
6614,7428,CC=C(O)CCC1N=C1N
6615,7430,CCNCCCCC=N
6616,7431,CN=C1C=CCNN=N[NH1]C1=C=[PH1]
6617,7432,N=CC(ONCCC)=O
6618,7433,CC=CNNC=C=O
6619,7435,CNOC=CCOC(C)=O
6620,7436,CN=CC1CC(C)S1OC=CO
6621,7437,CCNC=CONC=O
6622,7438,N1=C=NC1C2=CN(N)ONC=N2
6623,7439,O(O)CCCC=O
6624,7440,CNC1CCCCC=CCCC=C1
6625,7441,C1CCN=CNCC=C1
6626,7442,C1=2CCC1CC=CC=2S
6627,7443,C#CC=COCNC=C(C)C(N(C)ONC=O)N
6628,7444,C(C)CCC=CCN=C
6629,7445,C1OCC(O)CNC1=C
6630,7446,C12CCC=CCC=C1N=C(C)CC=C2Cl
6631,7448,C=CCCC(C)C=CCCC=C=C(C)C=CCCCCOCOC=C
6632,7449,OCCC=NC(C1)C1Br
6633,7450,C1CC=CC1=O
6634,7451,CCCCC(C1)S1N=C
6635,7452,C12CCCC1C2
6636,7453,C(C)SCNC1=CCNC=C1S
6637,7454,C1C(C)(N)C2C(=C)C3C2C13
6638,7455,C1(C2)=C2OCCCCC=N1
6639,7456,CC=CCCCOC=CC(S)=C=NONBr
6640,7457,OC=C=CC=CNCN=C=CCCNCO
6641,7458,C=C(CCCC)C=C=O
6642,7459,C1[NH1]N1O
6643,7460,CC(CC=O)C=CC=CCCCC=N
6644,7461,CCC(=CCCCCN[NH1]CCl)O
6645,7462,C=NN=CC(Cl)C=C=O
6646,7463,C=CC(N)C1CC=C[NH1]CSC=COO1
6647,7464,COCCN=O
6648,7467,C=CCNCC(C)CC=C(C)OOF
6649,7468,C1CCN=C=C1CCSCCO
6650,7469,C1CCC=C1CCCCOC2CC2
6651,7470,C1NCC(O1)CC=N
6652,7471,C1OC(O)(C)C=CCC1
6653,7473,C(C)=C=O
6654,7474,OC=CNCI
6655,7475,CCCC=CCCCC=C=CCONC=O
6656,7476,CC=C(CBr)C#C
6657,7477,CC=CC1CC(C)CC1C=CC=O
6658,7478,O=C(C)CCCC=CC=CC=CC=CCCl
6659,7479,C1#CCCCOCN(C)C1CO
6660,7480,OOC(C)CC=C(N)OCN(CCC1)C=C1N
6661,7482,CCC=CC
6662,7483,CCCC(OCCO)C=CCNC(C)CCCCS1C=C1
6663,7484,C1NCC=C(C)CC(C)OC1
6664,7485,CCNCC=CF
6665,7486,C1=CCCCC1N
6666,7487,CCC1(C=CSC1N(C)C)C=O
6667,7489,C1NNNCCCOC=C=CC=C=C1
6668,7490,NC=CC=CC=O
6669,7491,CCCCCC(C)=CC=O
6670,7492,NC=C
6671,7493,CCC(C)C=C1CC1=C
6672,7494,C=C(C)OC=1C=CCC=NC=1C=C=NCCC
6673,7495,C=CC=CCNCCC=CCC1NC1
6674,7496,CCCC=CC=COCN=O
6675,7497,COC=CC=CC=O
6676,7498,CCCCCOOC(C=C=S)N
6677,7500,CNCCCC=PC
6678,7501,OCN=O
6679,7502,CC=CC([NH1]CO)CC(=CCC1=NCCNN=CN)C=N1
6680,7503,OC1CC=COC#CCC#CNC1
6681,7504,OC1(CCCNC1C=O)O
6682,7505,C1CCCCC(C)C1OCC=C
6683,7507,O=CCCN=CNC=CC(N)C=COON
6684,7508,OCC(C=CCl)F
6685,7509,OCCCCCCOCC=O
6686,7510,C1C=C(CC=CC=COC)O1
6687,7511,C1CCCC=CC=N1
6688,7512,CCC=COC=O
6689,7513,CCOCC[NH1]CC=C1C2C[NH1]CN1CCC2I
6690,7514,O=COC=O
6691,7517,O=CC=C(O1)C1=CC=C=C
6692,7518,O1COCNCC2C=C=CN=C12
6693,7519,C1=CC=CNCCOC1CCC
6694,7520,CCOC=CC=COCCCC[NH1]C
6695,7521,C=CC(N)C=O
6696,7522,C1CCC2=CC21
6697,7524,C=CCCC(S1)N=CNC=C1OC2OC=CCCCC2
6698,7525,NNCC=C=CCCNN
6699,7527,N=C(C)CC=CNC1CC1
6700,7528,NOC=NC=CCCCC=CCCO
6701,7529,CC(C)CCC(F)=O
6702,7531,C1C=CCOC=CC=C1Cl
6703,7532,CN=CCCC=C=CC=CC=COC=O
6704,7533,CCOOOCC(N)C=C=CS
6705,7534,C1CCCCC1C2C=C2C
6706,7535,N1=CCC1=NC2C=C2
6707,7536,COCCCCCSCl
6708,7537,C1N(OCCONC#C)N1
6709,7538,C=CC=CCCCCC=CC
6710,7539,CC=COCNCC(S)CC=CS
6711,7542,CSN=C=C=C(C)CCCC(N)CNNC=O
6712,7543,CCC=C=CONCC=C=CCC=O
6713,7544,CCC=CONCN=C(C)F
6714,7545,O=C=CC=NN
6715,7546,OCOC1C=CCS1(C=NC)C=CNC#COOOCOC2C=C2
6716,7547,CCCCCCCN(C)C=C
6717,7548,CCCNC=CCF
6718,7549,CCCCC1=CC=CC(C)=C1CC
6719,7551,N=CC(C)NCCC=CCC=CN=C=O
6720,7552,CC=C(C)NC=O
6721,7553,CNCCSCBr
6722,7554,OCC=NC=CN(C(=N)OCOC=O)C1CC1
6723,7555,NC=C(C(CCCCC=CNO)=O)CC=C=O
6724,7556,C1CCCC1C=CCC
6725,7557,CNN=CNCCl
6726,7558,CC=C=CCC=1CCCSC=1
6727,7559,NCCCCC=NC(CF)=O
6728,7560,CCCCNCCSOC=C(N)CCCF
6729,7561,C1CCCCC(N)C=CC1Cl
6730,7563,CC(O)C(C)(C)C=O
6731,7564,OOCCCl
6732,7565,COC=C=CCCCCBr
6733,7566,CCCNNCC(O1)CCCCN1
6734,7568,C=C=C=C[NH1]C(C)=C=C=C(C)CC=CCl
6735,7570,C=CC(C)C=CC=O
6736,7571,NC(C)(O)CCC=CCC(C)=CC=O
6737,7572,COC#CCCCCC=C(CC1)C=NCC=CON=C1
6738,7573,O=CC=C=CCC=CCCC=C=C
6739,7574,CCC=CC=C(OC=C1C)C1(C)NCOC
6740,7575,CCCN1CC=CCN1C=C=C
6741,7576,CNC(C)C=C=O
6742,7577,OCOCC=C=CCC(C)C1CC1=C
6743,7579,OCNC(COCN)C=C=NNC=SC(=NO)ON
6744,7580,CC=CCNBr
6745,7581,CCOC=CCCC1C=CC#CNN1C
6746,7583,OCN(C)CCCNCCCCC#CN
6747,7584,C1C2(C)C=C(C)CCCCC1=C2
6748,7585,CC(=C1)OC=CC(O2)C12
6749,7586,NOC(C)C1=CCC(C)C1(C)C=C=C
6750,7587,NCC=CN=C(CS(CC=O)=CCC)C
6751,7588,OOC=C1CC(N)CC1OF
6752,7589,CNC=CC[NH1]ONNCCCCSC=CCC
6753,7590,NOCC=CCNC=CCNCCC
6754,7594,C(CCl)CC=CCCCl
6755,7595,NC=CC(C)CC=O
6756,7596,CC(CCNCCC=CC=O)NC
6757,7597,N12CCNC2(C=C1)Br
6758,7598,NSC=CC(Cl)C=O
6759,7599,CN(O)CCC(=N)[SH1]O
6760,7600,CCC(C)=C(C)C(N)COONC
6761,7601,NN(CC)OC=O
6762,7602,C1=CC(CCF)C1N
6763,7603,CCCCN=NCCCC=CC=CC(C)N=N
6764,7604,CNC=CCCC[NH1]C
6765,7605,CCCC=CCCCNC=CCOC
6766,7606,NCCCOCC=O
6767,7607,CC=CCCC=C=C=CC(C)CC1NCN=C1C
6768,7608,C(CCCCCON1NCCCN12)O2
6769,7609,CCCOC1(C)COCC1Br
6770,7610,CSCC1NCCCC=CCCC=C1
6771,7611,NCC=C=COCOCCCC=O
6772,7613,CC(N)COCON
6773,7614,C=C=NOBr
6774,7615,CCC=NC=CCCCC(C)C#C
6775,7616,C1C=C=CN=CCC2[SH1]NCC2(N)N(C)CNC=C1
6776,7617,C=COCCCCC(OF)O
6777,7618,N1=CCC(C)(C)C=C1N
6778,7619,ClOC=CCOC=CC=NN=O
6779,7620,CCCC=CCCCOOSCOC
6780,7621,COC(C)CCCC(N)CCCN=P
6781,7622,CC=C1NC(C)C=C(C)C=NOC1
6782,7623,C=C=CC=CC=O
6783,7624,C=CC=CCCC=CN=O
6784,7625,CCC=CCCCCCC=[PH1]CCS(C)=O
6785,7626,C=1=CCCC=1
6786,7627,CC1C(=C)CC1=CC
6787,7628,C=C=CCCCC=O
6788,7629,C1=C(C)C1
6789,7630,N=C(C)C=C(O)CCC1(C)CCNCC(=O)C1
6790,7631,C1CCCC=CC1CCC=O
6791,7632,O(C)C=S1C=C=CC=NCC=C=C=N1
6792,7633,C=CCCC=CCOC=CC(CCC)C=C
6793,7634,CCCC(C)CC=O
6794,7635,O=NC#C
6795,7636,SC=NCCC=CCCCC=[NH1]
6796,7637,C1=CC=CCOCCC=C1
6797,7638,CCOC1C2CC=CC1(N)CC2CCl
6798,7639,CNC=C=NCC=NC=CC=O
6799,7640,C1C=C(CC(C)C2CC1)CCCOCC2
6800,7641,CNOC(C1)CCC=C2C=C2CNCC1O
6801,7642,C=NC(C=CCC)CC=CCCCCOOI
6802,7644,O=CC=COCC=CCF
6803,7645,CCC=CS
6804,7646,COC(C1N)(N)C=C=C1
6805,7647,CCCCPOC=C=O
6806,7648,NC1CCC=C=C=C1
6807,7649,C1ONCCNN=C1C
6808,7650,C1C(N(N)OCC=C=NCCF)CC1
6809,7651,O1CC(C2)C2COC=C1
6810,7652,C1C(N)C=CC1NNN
6811,7653,CCC=CC(C)(CCCCC=CCC)CBr
6812,7654,C1CCCCOC=C1
6813,7655,C1=SCCC=C(S=O)OO1
6814,7656,CCOCOCN1CCNC=C=N1
6815,7657,ClOCNCC=C(C)CC=CC1NC1
6816,7658,OOCCCCOCCCS#N
6817,7659,N1=CC1C2=NS2
6818,7661,C=CCCC=CO
6819,7662,OOCOC=COO
6820,7663,ON=CC=NC=O
6821,7664,O=CCNS=COCl
6822,7665,CC(CC(C)I)=O
6823,7666,C1=CC1CCC=CCOC=N
6824,7667,NC(C)=C=CCCCCC(=S)C=C
6825,7668,C=CC=C=NCCC=COCC=O
6826,7669,C(C)OCCC=C1CCCC=COCN1N
6827,7670,NC=CC=NC(C)(CNC)CO
6828,7671,OC=C=CC=NC=CC=CCCC=CCC=C
6829,7672,O1CON=C1N
6830,7673,CCCC=CCC=CCF
6831,7674,C=C(C=CC=C)CCC=O
6832,7675,OOCCOC#CCCCCC=CCC=O
6833,7676,C=CC(CCl)NC=O
6834,7677,CNC=CCCOC#N
6835,7678,COCCC=NC
6836,7679,O(CS=CC)CCCNOO
6837,7680,C(N)=C(C)C=O
6838,7681,COCCS=O
6839,7682,CC(NC=CC)(C)S#C
6840,7683,OOOC=CC(S)CF
6841,7684,OC(C(C)=C1C)=C=C=C1C
6842,7685,CCNC=C=CCC=O
6843,7686,O=CCNN=O
6844,7687,O1OC(C)C=CN(CCC=N1)N
6845,7688,NCC=C=CCOCC#CF
6846,7689,SCC=CS(Br)O
6847,7690,C(NONNCCCN[NH1]NCPN=O)=O
6848,7691,C#CC(C)NCCCC=O
6849,7692,C(C)CCCl
6850,7693,CCCCCCCC=CC(C1)C1
6851,7694,C=NCC=CC(N)C=CCCCCl
6852,7695,OCCN=NCC=O
6853,7696,O1C(C)C1CCCC#CO
6854,7697,C=CCN=CC(Br)CC=O
6855,7698,C=CCC(NCCN1)OC=NC1C
6856,7699,C=CC=C=CCN=C1C=C1OC=N
6857,7700,OOC(CCC=[NH1])C=CCCCC#C
6858,7701,C1(C=O)OC1=NC=O
6859,7702,CN=NON=CN(CCCCCCl)C=CN=O
6860,7703,C1#CC=C(C)N(O)O1
6861,7704,CC=CC=C(C1CC=CCS1=CNO)OCC=CC
6862,7705,CC=CCNCl
6863,7706,C(C)(C)CBr
6864,7707,OC=C=NC=C(CCOC)C([NH1])Cl
6865,7708,NN1C2CCC=CC1OC=C2CCC=O
6866,7709,CC=NNCCN=C(C)COCCC
6867,7710,CC(N1C)C(O2)N2OCC1=O
6868,7711,CCC(CC=CC)CCC=C(C)C
6869,7716,COCCCC=CC=O
6870,7717,N(C)C=CCCCC(=C)C=C
6871,7719,N=CCCC=C=O
6872,7720,C1CCC(C)NC=NOCC1
6873,7722,CNCC=[NH1]
6874,7725,CCC=CC=CCO
6875,7726,C12C=C1C=NC2O
6876,7728,COC=NC=O
6877,7729,CC1CC=CCCOCC1=CC
6878,7730,NCC=SCCCC=COC=CNS=COC#C
6879,7732,CNCC=CCCl
6880,7734,N1=C=NC=C=C1NC
6881,7735,OCC(CCCCN)(O)CON
6882,7736,C1(C)CCSC1
6883,7737,CCC(C1)C1(NCCCC2)CC=CC2C(O3)N3
6884,7738,O1NCCNC=C=CC=C1C
6885,7739,OC=C=SC=COC=COC=O
6886,7740,C=NC(O1)=C=CN(CC=CC1(C)C2)C2N
6887,7741,COC=CCC=O
6888,7742,C(CF)(C=1)=C=1
6889,7743,CC#CCC=CNC=O
6890,7744,O1CCNCCC1
6891,7745,COOCNC=O
6892,7748,N(=C)CC(C)CC#CN
6893,7749,CNCN=CCC1=CC1O
6894,7750,C(C=CCCC=CCCC)=NOC=O
6895,7752,C1(C)ON=CC=CC=C1
6896,7753,C1C(C)CC2C=C=C1CC=CNCNCN2
6897,7754,NOC=NC(NCCN)I
6898,7755,CCCN(S)CC(CC=CC=CNN=C=NNC)=CC=O
6899,7756,CCCCC=CCCCC(C)C#C
6900,7757,NSC(CC=SN)CC(C)Br
6901,7759,COC=CCN=O
6902,7760,OOCCCC=CCNC=O
6903,7761,C1COC#C1
6904,7762,C=CCCC(C)(C)CC1C#C1
6905,7764,N12OCN(C)N1C2C
6906,7765,C1CC=CN1C=C=O
6907,7767,N=1CC=NCCCC=1C
6908,7768,FC=1CCN(C)CNC2C=CN=S=12
6909,7769,CCC=NCS=CCCC=O
6910,7770,O=NCC(C=CN)CC=O
6911,7771,CCC=NCl
6912,7772,CC=CN=C(C)CCC=N
6913,7773,COCC=CC=CCSCCC=NC=S
6914,7774,CC1CCCCC1
6915,7776,C1SSC(C)NCOC=CCC1
6916,7777,CC=C=CNCCCN(C)C
6917,7778,CC=CCCS=O
6918,7779,C(F)NNC(COCC)=CNC=CC=C
6919,7781,O=CCCON=C=C=NC
6920,7782,NC=CCCC=C=O
6921,7783,P(N)=CCNC=O
6922,7784,C12C=CNC(C)(C=C1C)C2
6923,7786,CNC(N)CNC=C=CCl
6924,7787,N=1NCCS=1
6925,7789,C1(N)=CC1C(C=SCC2)=C2C
6926,7790,CC(OC=C=CC)CSCC(CC=CC)C1NC1=C
6927,7791,CNOCC(CC)C[NH1]CC=CCC
6928,7792,O=CC(O)C(C)C=CCCC
6929,7793,CC=CC=CCOCCCC(C)C=C=NC
6930,7794,CNCOC=C(C)CNO
6931,7795,N=C(C)NN=CCCC[SH1](C)=C
6932,7796,ONCNC=CC1OC1C=O
6933,7797,CC=CCC#N
6934,7798,C1=COCN1O
6935,7799,C=C=NNC=CC=1NCNCC=CN=CC=1
6936,7800,C12CC(C)CC1C=C2C=C3OC3
6937,7801,CNC=C(C)NCCl
6938,7803,COCSCC=COF
6939,7804,OC[NH1]CC=C(Cl)CC=CCN
6940,7805,N1=CC1C=CC=CCC
6941,7806,C#CC=NCC=CCCCCCC=CCOC
6942,7807,CNCCC(CC=CC1)=CC=C=CN1N=C=C
6943,7808,CC=C=C(C)CN=O
6944,7809,CN(C)CCC=CC=C=O
6945,7810,NC(N=O)O
6946,7811,C1CC(C)(C)CC=CCC1
6947,7814,C1SCCC=COC1=N
6948,7815,CCCC=COC(N)CCC=C
6949,7816,C=COCC
6950,7817,C(C)C=CC=NC=O
6951,7818,C1=CCC1NNNCCCON=O
6952,7819,NOCCCCl
6953,7822,CONCCCCCCF
6954,7823,NCONOC=COC=CONOC
6955,7824,CC(O)C(CCl)CC1=C2CN=S1CCC=N[NH1]C2
6956,7825,OOCC(C)C=O
6957,7826,C1NCCCCCCCC1
6958,7827,OCCBr
6959,7828,CCC=CC=COC=CC(Cl)COCO
6960,7829,O=CC(O)OC=NOC(C1)CC(C)ON1
6961,7831,C1CC2C=CC(C(C)C=C=C13)N3N2
6962,7833,N1=C=CC=C=C1C
6963,7835,CCCCC=CC1C23CC=CC2C1O3
6964,7837,ClC=CCCC=CC=CNCCC=C
6965,7838,C12=CC(CCC=CC1=N2)OO
6966,7839,C(C)CNC#CS=CC=CONO
6967,7840,C1CC=CC1(OCCl)[SH1]C=C=NN=C
6968,7841,C=C(C)C1CC1CC=CS
6969,7842,CCC=SOCN=CC=C=CNOCNN
6970,7843,CCCSC=C=CNCCC=O
6971,7844,OS(C)CCl
6972,7845,C1=CC1C[NH1]NF
6973,7846,C=C1NCC=C[NH1]CSC(N)C1C2CC2
6974,7850,OON=C1C(CC)C1OC=O
6975,7851,CCCC=CCC(CC)SC=CN=O
6976,7852,CCCCC=CC=1CC2=CC2=1
6977,7853,CCOOC=C=CC=C=O
6978,7854,C1C(C)C1CC=C(C)OC
6979,7855,O(CC(C)=CCC1CC2)CC1OS(C)CC2
6980,7856,CC(C)=CC=CCNC=CCC(C)=C(C1)N1C
6981,7857,CCCNC(C)C=C(C)CCCl
6982,7858,CC=CCNCC=COOC(C)OC=C
6983,7859,FC=COCCCOC=NCC=CC=C=CCCCC=N
6984,7860,C(C)CSCNCCCC(C)F
6985,7861,O(NCC=O)CC
6986,7862,OC(C)C=CC=C=C=CC
6987,7863,CCOOCNC=CCNC1OC1O
6988,7864,ClCCN(C)CF
6989,7865,C=CNCC1C(N)C=CCCCC(C)C1
6990,7866,CCCC=SCON(CF)CN
6991,7867,C1CC=C(S1)C#C
6992,7868,CC=C=CCNC1NCCC12N=C2
6993,7869,NC=CN=C
6994,7870,COOC(C)C=O
6995,7871,O1CCC[NH1]CCN=CC=C1
6996,7872,CCCC(C(=C)C=COC=CC=CC)(Br)OO
6997,7873,C1=CC(C)C1C=COC=C
6998,7874,S(C)C=C=CCOCN=CCCCCC=CN
6999,7875,CCCC=CC=C=CC=C=CCCC=O
7000,7876,CNCNC=CCC=O
7001,7879,C=CCC=C(CC)N=CNCNCCCC(N1)C1
7002,7880,OCNN=COOCCCCN(C)CCC
7003,7881,C(=C)CCC(C)C=CCC1C=C1
7004,7882,NCCC1CCCC=C=CO1
7005,7883,CCC(C)CCCC1CCC=C1
7006,7884,C(CCCN=O)C=O
7007,7885,NC=CC(C)=O
7008,7886,O1CC(CN=N1)(C)CC=O
7009,7888,OCOCC=NCSC=NCF
7010,7889,CNOCOCP=O
7011,7890,CCCCN=O
7012,7891,CC=CC(C)NC(=C)CBr
7013,7892,CNOCC=O
7014,7893,OCCNCC
7015,7894,OOC=CC=CC1=CC[NH1]CO1
7016,7895,NCCCCC=C=CCCCCNCC
7017,7896,C1CCCC(CCC2=CNC=C1C)=C2N
7018,7897,OCOCCN=C=CCSCCN=C
7019,7898,C1=CCNCCC=CC=C=C1
7020,7899,NCCNC(C)=CBr
7021,7900,CNCC(NF)C=NCOCCC1CC1
7022,7901,NNCNNCNCC=C(C)OCNBr
7023,7902,CC=CCF
7024,7904,C(CC(C1[NH1]CCl)C1C=O)C
7025,7905,CCC=CCC=CC=CC1=C=CC=CNCN1OO
7026,7906,C(C)=CCCF
7027,7907,C1PC=NOC2=NC21C
7028,7908,C1=CCC(C)N1NC=CC=CCl
7029,7909,OC=CC[SH1]C
7030,7910,NCCC=CCl
7031,7911,O=CC=C(C)C=NC=CC=CC=CC=N
7032,7913,C1CCCCCC=C(C)CC=CCCC1
7033,7914,C=CCOCC=NCC=CC=CC=O
7034,7915,NCC(=C)C1=CN(C)C(C)C1
7035,7916,C=CCNC
7036,7917,C(C)(C)=C=C1C2NCCCC1=C2
7037,7918,S1(C)C=NCC=NC1C(C)=O
7038,7919,OOC(C)=O
7039,7920,CC1COC=CCCOC(=C)OC1CBr
7040,7921,C=NCCCOC=CC
7041,7922,C=1C(C)CC=1
7042,7923,C1CC=CC1=COOCCl
7043,7924,C1(C)(C)OPC=C1S(N2)C2=O
7044,7925,CNC(C)=CN=NCOCC=S(N)CC
7045,7927,C=COCC=CC=CC=CONCOCC=N
7046,7929,CCCCCCOCC=COCCF
7047,7931,CCC=CCC=C=NC=O
7048,7932,NCN(C)C(C=1)C=1
7049,7933,CCC#CNCCCSC=C=[NH1]
7050,7934,CNC1NCC=CCC=CNC#C1
7051,7935,C=C1C(C)=NC=CC(C)C=C1C
7052,7936,C(O)=CC#CN
7053,7937,C1C2CC2C1CCOC=C
7054,7938,C=CCC1(C)C2C=CCC2OO1
7055,7939,CCC#CCCC1C=C(O)CC1OC#C
7056,7940,CCCC(C)C=C=C=CCCC
7057,7941,COC#CC=C=C=C
7058,7942,CCC(S)CNC=C=CC=C=O
7059,7943,COCOC=CCCOCCNC=O
7060,7944,CC=CCC=C(C)OC=O
7061,7945,CCCCCNC=CC1C=CC=CO1
7062,7946,NC=CC1S(C)C=C(C)N1O
7063,7949,C1N(CNCC)C=CC1C=C
7064,7950,CCC=CCCCC=CC
7065,7951,CCCCCC(C)=C=O
7066,7952,C1C=C1C
7067,7953,N#CC=CCC(C=O)COP
7068,7954,COC(=N)CCCNC
7069,7955,BrC1C2SC(O)CC=C2C=NOC1
7070,7956,NC(CCCCCCC#CC)(N)NO
7071,7957,CCCCCCC1CC1S
7072,7958,CCCCCC(C)N(N)OF
7073,7959,CCCOOC=CCCCC=C=O
7074,7960,OOCNSCC=COC#CC
7075,7961,C1CS(OC1=NCOC2)=C2
7076,7962,C=CCCCC=CC1CC2CC=C=C=NC12
7077,7963,CCCNC(C)=CC=CC=O
7078,7964,C=CSCCCC=CCNC=C
7079,7965,CCCC(C)CC(C=C=NCC)OCN(C)C
7080,7966,C1OCC=C1NCCCCF
7081,7967,CC=CC=NC=CC(C)(C)C=CCOO
7082,7968,CCNCN1CC=CCCCO1
7083,7969,CCCCC=C(C)CC=CC=CC1CC=CCC=C=N1
7084,7970,N1CCOC(=C)NCCNC=C1N
7085,7971,CCCCOOCCC=CCCl
7086,7972,NCC(N)=S=C=CCCNC=C1CC1C
7087,7973,C1NCC=CNCCC=CC=C=CN1ON
7088,7974,CCC1S(C2)CC1NCC2C=NO
7089,7975,C=CCCCC=O
7090,7976,CNCC=CCl
7091,7977,C1C=CCC=2C=S3CC=2CCC31
7092,7978,CNN(N1C(C)CNCN2C)N21
7093,7979,C=CN1C=C(C)CC1CCC2CNNC=NC2Br
7094,7980,SCC=C(N)C
7095,7981,CCC=NC=CC=CCC=CBr
7096,7982,N1=COCCCO1
7097,7983,CNC1CC=CC=CC=NC=C=C1Cl
7098,7984,O=C=NC=NC#CCC=O
7099,7985,N1CCC=CCCC1
7100,7986,O=CNNC#CO
7101,7987,N=1CN=1
7102,7988,COC(C)=NCCBr
7103,7989,CC[NH1]C=CCCCCC=CC=CO[NH1]Br
7104,7990,O=CN(C)OCCCC
7105,7991,C1=COC=C(C=CCC=C1C2)C2
7106,7992,O=COCC1(C)C=CO1
7107,7993,CC=CNC=CC=C=O
7108,7994,C=CNC=CCCCCC=O
7109,7995,CC(NC=C=CCNCC1CCCSC)OO1
7110,7996,OC=CCCNCC=O
7111,7997,CCNCCC=NC1C=C1C
7112,7998,C1CC2=C1C=C=CC2CO
7113,7999,[SH1]1NN=C2C#CC=SC2C1Cl
7114,8000,C(S)COC1C(C)OCCC=CCN1
7115,8001,C1CN=C(C)CC1CCC#CC
7116,8002,C=CCCCC(Cl)OC=N
7117,8003,CCCCC(C)(C)N=CNOOC=O
7118,8004,CNNCN=C(C)CC=C
7119,8005,ONCl
7120,8006,CCC=C(S)CCl
7121,8007,COCC=C=CC(C)F
7122,8008,OCOCN=O
7123,8009,O1CCCCC=C1C
7124,8010,OCCC=1[NH1]C=1F
7125,8011,OCOBr
7126,8012,CC=CC=CC=PC
7127,8014,C1=CCC=C1
7128,8015,CCCC=COC=CNF
7129,8016,O[NH1]CC=O
7130,8018,C1=CCCCCC=C1NN[NH1]C#C
7131,8019,CC=C(C)CCCC(N)C=C=CC#C
7132,8021,CC=C=C=C(C)OSCCCCC=CC=C
7133,8022,C=CCC=CCCOCCCC=CC=CCCC=C
7134,8023,CCCCCC(NC=CC1)=C1
7135,8024,CCCCN=NCC=CC(C=N)C=O
7136,8025,CN=C=CN=CC=NN(C)COC[NH1]C
7137,8026,CCC=CC=C
7138,8027,C1NCOC=C=CC1=CC=NC=C=C
7139,8028,NCONCOC=CCC
7140,8029,OCCOCN(OCC=CNCC=C=O)N1CC1
7141,8030,O=CCCNCC=CO
7142,8032,C1C=C(C)C=CCC(C=C1)=O
7143,8033,O=CC(CCC1C=CCC1C)NCC#C
7144,8034,CC(C[NH1]C1C=C1OCC=CC)NC(C)=O
7145,8035,CONC1C=CC=CO1
7146,8037,CC=CN=CCC=O
7147,8038,CCCC=C(C1)C1(Cl)C=CBr
7148,8039,C(C(C1)O1)=C=C
7149,8040,N1=CCCC(N1CO)S
7150,8041,CC=NNCCC1(CCC=S)N(C)NC(C)C=C1
7151,8042,C=CC(C1)OC(N)OCC1S
7152,8043,OCOCN1CC1
7153,8044,CN=CN=C=C(C)CCOCC(CN)C
7154,8045,OCC=CCC=CCC([SH1]C)CN=C=C
7155,8046,COCN(N)C[NH1]COC=C=O
7156,8047,CNC=S(=C)C=CC(NC=CC)=CCCCOCC=C=NCOC=NOOO
7157,8050,CC=CCCC=NN=O
7158,8051,CC(N=CCNCCl)C=NSC
7159,8052,C=NC=CS(N)C=C=COC
7160,8053,C=C1C(N)N=NCCON1
7161,8054,NC=NN(OCN)C=CO
7162,8055,C1CN1CC=O
7163,8056,OC=CCCC=CCNF
7164,8058,C(=C)CNNN=CCCl
7165,8059,NNN=CC=CC#CC=CN=CC
7166,8060,C1N(Cl)S=CC1
7167,8061,C=CCCC1C=CC=C2C1CC=C2C=CON
7168,8063,CC(CNC(N1C)=CO)C=CCCCC=C1
7169,8064,CCC(NC=O)CC
7170,8066,OCCCNC=COC=C=CSC#CO
7171,8067,COC=CBr
7172,8068,C1=CCNC=CC(=C)C1CC=COO
7173,8070,CC=C=C(C)CCC=O
7174,8071,CCNC(C=CCN=COOC=CS)CC#C
7175,8072,O1CC(O)(C)N(C)C#CC1=CC#C
7176,8073,CC=CCCCCC(O)=C=N
7177,8075,OS=CCNCC(C)C=C=O
7178,8076,C1=CCCO1
7179,8077,C(NCOCOC=CNNC=CCC)NC=CNCCF
7180,8078,O=CBr
7181,8079,CCCC=COBr
7182,8080,OCC=CC=CC=C(CN(C)CC=C1)[NH1]1
7183,8081,OCCC=CCCC=C
7184,8082,NC=CC=CI
7185,8084,CCOCN1CC(N)N=C1
7186,8086,CCN=CC=CCNNC
7187,8087,CNCCC(C)CC=C
7188,8088,C=C=CC(C)C=NSNN
7189,8089,N1=CCCC2CCCC21O
7190,8090,CNC=CC=CNCC=C(C)N=O
7191,8091,NC1ONCC1=CC
7192,8092,NCCCNF
7193,8093,CC(Cl)[NH1]C1=CCC=CC=C=N1
7194,8094,O(C)CNCCCC=NC#CC=O
7195,8095,CN=NCl
7196,8096,OCCC=C=CC=O
7197,8097,COCC1NOCCCCCC(=N)CC1
7198,8098,CNC=CN1CCCC(=C)CO1
7199,8099,N1=CCC(=O)N1N=C2C=C2
7200,8100,CCC(C=C1C)=C1NCC=O
7201,8101,C(C)(CCC)OC=CCCC=CCCN=O
7202,8102,CC=C=CCOC(=C)C#CCO
7203,8103,C(CF)O
7204,8104,CC1CCC(C)C1C=CN=CCC=O
7205,8105,OC=C=CC=NCC=C(C)C=C=C
7206,8106,C=CC(CCC=O)C=CC=C=O
7207,8107,C1NCC=CC=CC1C(C)C=O
7208,8109,CCCC=NCCCS=O
7209,8110,N1C(I)CCC2=CC21
7210,8111,NC=CC(SC=CCC=C)=O
7211,8112,CC1N=CCC=NCC2CC2C1
7212,8114,CCCC=COCCCCC=N
7213,8115,C(C=CC1NC(N)N1)COCCCl
7214,8116,CCCS=O
7215,8117,ON=CCCCCN=CCI
7216,8118,COC=CCCCF
7217,8119,NCCCNCC=C=CCNCNC=O
7218,8120,N(C)NC=CCBr
7219,8121,N1C2=NN=CCNCSON1N=SC2O
7220,8122,O=CN(C1)C(Cl)C=C1O
7221,8124,C(C)CCC[NH1]CNNO[NH1]C=C=O
7222,8125,CC=CN=CCC=C=NC=CO
7223,8126,C1C=CCC1CCCN=O
7224,8127,C(Cl)SNCO
7225,8128,NCCCCCC=CCC=C
7226,8129,OC=CCC=CCCF
7227,8131,NCOCl
7228,8132,CN=CCCCCCC=CC=CC=CC=COOCC
7229,8133,C#COCNCCCC
7230,8135,C1CC(C)CNCC1
7231,8136,O1C(C=CC=O)C1
7232,8137,C=CC=CC=CC(C)NCOC=CCC=C
7233,8139,CCN=C=CCC#CC
7234,8140,CC(C=CC(C1)CCCC)C(C)CCC1N
7235,8141,C[NH1]C=C(CSP(Cl)C=NCO1)N1C
7236,8142,CNCCC=C=C1C=CC=CS1
7237,8143,C1C=C=S(CC(C)(C)C#C1)=CO
7238,8144,OOOC=O
7239,8145,CCNCSCC=C(C=S(C)C=O)CCl
7240,8146,CC=CCCCC=NCNC1=C=C1C
7241,8147,CCCC=C1NCCOC=CCC1
7242,8148,C=NC(C)COC=O
7243,8149,COCCC=CN(C)CCl
7244,8151,CCOCCCC=C=SC=CCF
7245,8153,CNCNOC=C(C=CC(C)C)NCCCF
7246,8154,C1=CCN=CCC=C(C)CC=C1
7247,8155,CCC=C1C(C)CC12C=C2N
7248,8156,CC=NC1=CC=CO1
7249,8157,CCON=C(C)COOC=C=O
7250,8158,CCSCCC(C)(C=C1CSCC1)C
7251,8159,CC(C)CC=CC1NCOCC1
7252,8160,OCC=CCC=CCF
7253,8161,C#CC(O)N=CC=O
7254,8162,OCC=CCCC=NC=NN=O
7255,8163,C=CNC=C=CC
7256,8164,CCC=C(C)C(C)NC1=C=N1
7257,8165,O=CC=C=O
7258,8167,CCC#CCOC=COCCCCCOBr
7259,8168,C(S=O)(C=CCl)C=O
7260,8169,CCC(Cl)S=COOO
7261,8170,C1CCCCCCC=C1S
7262,8171,C#CCC1CCCO1
7263,8172,N=C(C)C=NN(C)CN
7264,8174,C=CCS=C
7265,8175,O1N=CCC(C)N(C)CCCO1
7266,8176,CCC=C(C)C=C
7267,8177,CC=NC1C=CCC1NNN=CC2C#C2
7268,8178,CCC=CCCC=CC(=C)C1=CC1
7269,8179,CCCC(C)=C=C=O
7270,8180,NS1C=NCC=C1
7271,8181,CCCC=C=CC=O
7272,8182,N1C=CC1C=O
7273,8183,OC=NN([NH1]CCC)OCC(C)CCl
7274,8184,NC=NCC=O
7275,8186,CCC(CCC)=CC=C(C)CNC=C(O1)CC1=O
7276,8187,N1CC=COCC=C1N=O
7277,8188,C=CC=CCC(=C)C=COCCOC#C
7278,8189,NC=CCC(C)C=CC=C=NOCCCN
7279,8190,OC(N)NCN=C=C=C=C(C)O
7280,8191,C=CCC(C)=O
7281,8192,COOCCC#COCCCCC#C
7282,8193,CCC=CNCC=O
7283,8194,CCS=NC=NCF
7284,8195,OCCCC=C=O
7285,8197,OC=NCC=O
7286,8198,NC=CCCCCC
7287,8199,CCCCCC=CC
7288,8200,ClCCCCCOCCC#C
7289,8201,C=CCCCNCC=C(N1)CN1
7290,8202,OCCCNC=C[NH1]N=P
7291,8203,N1ON=NCC(C)C=CNN=C1
7292,8204,NNC(C)C=NC=CCC=S(C1)ONCCC=C1
7293,8205,C=CCNCl
7294,8206,C=C(C)CCCCN1C=CCNC=CCN=CN1
7295,8207,C=C=CCCC=C=CNC=CF
7296,8208,CC=CCN=C(S)C(CC#N)CNCF
7297,8209,ONSC=CCl
7298,8210,C(C)=NOC=CC(C)=C
7299,8211,CC(C)NCC=NCC=NCNC=C
7300,8212,C1P=C2CCN(C)CC=C21
7301,8213,CCC(C=O)=CC=C=O
7302,8214,O1CC#CCCC1C=O
7303,8215,C1CC=CC2OC1=NNCCOCN=C2N
7304,8216,COCCOOCCCl
7305,8217,CC(C)NCC=O
7306,8219,N=CCC=CC=COCC=N
7307,8220,CC(O)CC=NCF
7308,8221,CCCOC[NH1]C=C=NN
7309,8222,CCC(C(C)=CCCC1C)CC#C1
7310,8223,C(C)C(C)C#CO
7311,8224,CCCC(OCCNC=C=C=1)CCC=C=1
7312,8225,C=CC=CCCOC=CCNC=C=N
7313,8226,C(C)=NCC(C)CC=CON
7314,8227,CCCCCC=CCOC=O
7315,8228,C(C)NCC1(O)CC=CCNC=CC=C1ONO
7316,8231,CNC=CC=CCCCCCC(N)OC#C
7317,8232,OCOC=CC1C=C(CC=C1C2)CC2
7318,8233,CNC=C=CC=NCC(CNC)=O
7319,8234,OCC=C(OCCCONCCC)OOON
7320,8235,CCC(C=CCNCC1CCC)COC[NH1]1
7321,8236,C(C)CCC=CC=CCC(CC)CC
7322,8237,O1C2=CC=CNC2(C)CC=C1
7323,8239,C=C=C=C(C)C(=C1)C1=CNN
7324,8240,C1N=C1CCC=O
7325,8241,C(C1)C=C(CCC)CC=CC=C=C1
7326,8243,CC(=C)C=CC(C)=CN1CC1
7327,8244,O=CCC=CCl
7328,8245,CC(C)(C)N=CCC=O
7329,8246,CNNCNSCCBr
7330,8247,CCOCCCC1=CCCC(N1)COC2=CC2
7331,8248,C=1COOCC=1OOCON=N
7332,8250,CCCOS[NH1]C(C)Cl
7333,8251,O=C=C[NH1]CNC#CC=CC
7334,8252,CC=CC1=CCCC1C=CCC=O
7335,8253,C1=CC(C)=C=CNCNC1
7336,8254,C(Cl)[NH1]CC(C)(N)C
7337,8255,C(C=CCNCNC=C=CC=C)N=CC
7338,8256,O1CS=CCCOCCCC1(O)O
7339,8257,O1CC(CC2)C(O1)CC=NC=C2C[NH1]
7340,8258,CNNNCC=CCCCC=CC=C=C=S
7341,8259,OCNC(C)=CCl
7342,8260,CC=CC1CN(C2)C(C1)N=CCC2N
7343,8261,O1C=C1CC=CC=COCN
7344,8262,CCCCC(N)CCCC1=NCC=C1
7345,8263,CCCOCCCF
7346,8264,ONCCOC=CCC#CN
7347,8265,CCNC=CCN=CC=C1CNCC1
7348,8266,C=C=C(C=CCCNC=CCl)CN
7349,8267,C1=C(C)CC=NC(C)CC=CP1=NO
7350,8268,OONSC(C)=C1NCC(OCO)CO1
7351,8269,O1C=C=NNC=C1O
7352,8270,O1CCCCC1=O
7353,8271,C=CC=CC(O)(O)N(C=C(C)C=CC=NCNC=C)O
7354,8272,C1=CCCCCS=CCCC1OCBr
7355,8273,C1CCC(C1C=CN=O)C
7356,8274,OC=C(C)NCC=NC=CC=CCCl
7357,8275,C1=C(C2C=CC=O)C2N1[SH1]
7358,8276,C1CC=C=C=NCCC(=O)CC=C1
7359,8277,C1=C(C)CCCNNC=CC1=CNN=CNCC=N
7360,8278,CCCC(C)=CC(=O)F
7361,8280,OOCCNCCCC=C=CP#CC
7362,8281,C(C)=C(N)C(C=CNC)CCC1CC1=CC
7363,8282,C=CN=C=CCCl
7364,8283,SCCCCC=CCN(C)CC#CCC=C
7365,8284,CNCCF
7366,8285,O=CC(C)C=NCNF
7367,8286,CSCl
7368,8287,CC=CC(CC(C)(NC)C[NH1]O1)C1
7369,8288,CNCCCCC1C=C1
7370,8289,CCNCCCSC(C)=NCCC
7371,8290,N=C=CN=O
7372,8291,CC(C)=NC=COCCC=C(C)N(C)C
7373,8292,OC=CCNCC=CC=CNCCC=NCN
7374,8293,NON=C=CC=CC=CCC=CCCl
7375,8295,CCC(C)CC(N)CC
7376,8296,C1C(C)=C=NN1CCNC=C
7377,8298,CC=CCC=S=CCC1OC1NO
7378,8299,OCSCCl
7379,8300,O=C=C1CNCC=C1OCC
7380,8301,O1NC=NC=NCCCCNC=C1
7381,8302,O=COCC=CCCC#CCCON
7382,8303,CC=CC=CCC=SCNCCCOCS
7383,8304,CCC=CC=CCC(C)=C=N
7384,8305,C1CNC1CC=NC=O
7385,8306,C=1CC(C)CCC=1OOCO
7386,8307,C=CCOCOCCCCCCC=CC=CC
7387,8308,CC(C)C(C=CC=C=CCCCC)CCl
7388,8309,OCCCCCC=NOC=C=C=N
7389,8310,OC=C=SCC=CO
7390,8311,C1CC=C=NC=C1C=C2OC=CC=C2O
7391,8312,COC=NCCCC=NC(C1)C=N1
7392,8313,CCC(O)=CC(C)=NN=N
7393,8314,NCC(F)CC
7394,8315,C(C)C=C1C=C=C=NC=COC1O
7395,8316,OC=CNC=C=CC=C(C)O
7396,8317,CCCSNCCC=CC=C1C=CC=C1
7397,8318,COOC(O)C=C[NH1]CNC(N=NCC=O)=C
7398,8319,C1CC#CC=CN(C2)C21C=O
7399,8320,CNCI
7400,8321,CCON=CC=CCCC=O
7401,8322,O(O1)C1=CN=CF
7402,8323,NOCCCN(CC)CNN=N
7403,8324,CC=C=CCCC=NNCCC=O
7404,8325,C=CNC(N)CNC=C=C=C
7405,8326,C=CCC1=C(NCCC1)OCC=NCCl
7406,8327,CCCCCC(C)=O
7407,8328,CCC=COC=SCl
7408,8329,O1C=CON1CC=C
7409,8330,OCNOCNC(N)OI
7410,8331,CC=CCC=C(CC=C=N1)C1
7411,8334,C=COCOCCNOC#CC
7412,8335,C1C=S1=CC=CC=O
7413,8336,CCN=CCC(C)C(=C)CONN=O
7414,8337,CC(C)C(C=CC=O)C(C)=COO
7415,8338,CC1C=C=CC=C1OCN=CCNNC=COC
7416,8339,NC(CC1OCCCNC)=COOCNS1C(C)F
7417,8340,CCCSC1C(C)C=C1CC=C
7418,8341,NC=CC1CC(C)=CC1C=C=O
7419,8342,C=CONC(C=CCC)CCNCCC=C
7420,8343,OCCCNC1(N)NCC#CN1
7421,8345,O(SCCOCC1F)C1=C
7422,8346,C(OC(C)=CSNC)=CCCN
7423,8347,CCCS=1C=C=CN(C)C=1ONCl
7424,8348,OCNOCCC(C)CN=CC=O
7425,8349,O1CSNC(=C)C=C1OC=C[NH1]
7426,8351,NOCCCl
7427,8352,S1CCCCC1CCCC[NH1]C
7428,8353,OOCC=NCC1=C=C=CCSC1
7429,8354,OC=C=CCCC=CC=C=O
7430,8355,C1CCCNC=C=C=C1COCCC=C=N
7431,8356,ClN=CCCC=CC=CC
7432,8357,C1CC=CC=NC=CCC1
7433,8358,OCC1CCC#CCCC(C)CC1OO
7434,8360,CC=COC=CC=O
7435,8361,OCC(C)N(C)CCl
7436,8363,CCOC=CCC=C=C=O
7437,8364,OCCCCCSO
7438,8365,NC(C)NNNC=CC=C(C)C=O
7439,8366,CCC(OC)(N(C)CCC=O)C=CCl
7440,8367,CC(CCF)CCC=C
7441,8370,C(P)CCCCC(O)OCCl
7442,8371,OCCN(C)C(C(C)CC=O)F
7443,8373,C1CC#CCC(C)C1P=O
7444,8374,CCCC=CNCCC#CF
7445,8375,O(NC=NNC=CCCC=COS)OC
7446,8376,CCN(C=O)CC#C
7447,8377,ClCCCNCN=CN
7448,8378,OCCCCCONCC1CC1
7449,8379,NCOCCCNC#N
7450,8381,COC=NCF
7451,8382,C=CC#CCCl
7452,8383,N1CC1(C)C(O)CCOO
7453,8384,OCC(=C)NCC1C(OC=CC1CC)=O
7454,8385,C(C=NCC)=C(OC=O)CCCCNNCONNI
7455,8386,COCCCC(C1)=CC1NSC=C=O
7456,8387,C=CCC1C=CC=C1OC=NC
7457,8388,N1=C=CC(CC2=C)ON=CC1NNN2
7458,8390,CCC=C(N)Cl
7459,8391,C=CCC=C=C(C)C=NCN
7460,8392,C=CC(CC)CC=O
7461,8393,N=CC=CCCNCCNC=CC
7462,8394,SCC(Cl)C=CC(CC)C(=C1)C1
7463,8395,CC(CCC=C)(C)CC1(C)CCN1
7464,8396,CC1CC=CCC1=O
7465,8397,N=C=CN=C=O
7466,8398,C=1C#COCCC=NC=1C=CC
7467,8399,C1=CCC=CC1
7468,8400,FOCOCC(C=O)C=C=CO
7469,8401,CCCC1CCC(F)C(C2)C2=CC1
7470,8402,NCNC(C)=CC=C(O)CC=CCCCCOC
7471,8403,CCC(COC=NCCCC=O)[NH1]C=C
7472,8404,CCOC=CC(C1)C1CCC=C
7473,8405,CCCCC(C)(C=C(C)NCCON)N
7474,8406,CCCOCCCC=O
7475,8407,C(N)C=CC=CCCN
7476,8408,CCC=NCC(CC=CCCN=CO1)N1
7477,8409,CC(C)C=C1C=NC(C)CCCOC1
7478,8410,CNCCN(N)C1=C=C1N
7479,8412,N1C=CC(C=CCONN=CCC=CC)C=C1
7480,8413,NOSS1(N)=CCCN1O
7481,8414,CO[NH1]C(O)=CCC=C
7482,8415,C1=C2C[NH1]CCCC21COCCl
7483,8416,CCC=CCS=CC=CCCl
7484,8417,NC(O)C=C(C1)OOC=CC[NH1]1
7485,8418,N1CN2C1C2(C)C=O
7486,8419,N1C=CCC(C)C1C=CC=C
7487,8420,CCCCCC=SCCCC=O
7488,8421,C1=CC=COC=C=CC1CCS#C
7489,8422,C1OCCC(CC)=CC=N1
7490,8425,C=CCCCOC(C)=NC=C=C=CO
7491,8426,C=COC=CCCC
7492,8427,OC=C(C)OCCCCC=O
7493,8428,OC(C[NH1]OC=O)=O
7494,8429,N12C=NC(C)CC1CO2
7495,8430,N1CNCC1(C)CC
7496,8431,OC(C)C=CCCCC=COOOO
7497,8432,C=CC=CCC=CC
7498,8433,OC=NC=O
7499,8434,CC#CC=CC=NC(=C)C(=O)Cl
7500,8435,CCCCCC(N)CC=CC=C1N=C2C=C2O1
7501,8437,CCS(=C)C=CSCC=O
7502,8438,C(CC1C)C=C(C)C1=CF
7503,8439,ONCCC=C=C
7504,8440,COCC=CC(C=COC)C=CC=CC=C=O
7505,8441,C1OCCOCC1O
7506,8442,C1CCC=C1NCCC
7507,8443,CNCCCCCC=CNCCl
7508,8445,CNCCCC=C
7509,8446,CN=CCCCC=N
7510,8447,C=CN(S)SCCC(O)(C)C=NC=C
7511,8449,N(C)OCCCCC=CCF
7512,8451,O=CCC=CCNCC=C=O
7513,8452,C1CC=C(C)CCC1
7514,8453,OOOCC=CCC=O
7515,8454,N=CCCCCCCNBr
7516,8455,C1=CC=CC=CC1C=CC=CCOC2=CO2
7517,8456,O=CCCC1CC1
7518,8457,NNCCC=CC=CC=C(C)C=C=C
7519,8458,N=C(CC(C)=CC(C)Br)SOF
7520,8459,CN=CCCC#N
7521,8460,NCC=CC(C)(C1)CC=CC=C=CCN=C1
7522,8461,C1OC(C)(C)C=CCC=C1CC
7523,8462,O=CCCOCOCl
7524,8463,C1#CC=C1F
7525,8464,C(C)CCCCC=C1C=C1CC
7526,8465,O=NC=CCCCCNONC
7527,8466,C(C)CC(N)C=CCCCCCBr
7528,8467,C1CC=C(CCON)NCSS1
7529,8468,N=CN=NOC=CCCF
7530,8469,CC=CNOC#CN=NCC=COC=O
7531,8470,CCCC=NCCl
7532,8471,OC=CNCCC=CCC=O
7533,8472,CC=CC(C=CC1)C1C(O)C=NC=NN(P)COC=CC
7534,8473,C1C=CNCCOCCCCCC1
7535,8475,NCCCCCF
7536,8476,OCCC=CC=CC=C
7537,8477,C=CC=CNC(=C)Cl
7538,8478,CCCCC1=CC2(NCC1)CC=C2
7539,8479,O=NNOC=CCC(=C)C
7540,8480,CCCC=CC=CCCCCCN
7541,8481,OC(C=CCC)CC(=C)CC=C=CCCC
7542,8483,OC(C)COCNOC
7543,8484,O=C=CCCNCCCCCBr
7544,8486,CCCC=CC=NCN(F)C=CCC=C=O
7545,8487,NN(C)C=SN(C)NC
7546,8488,C1CO1
7547,8489,C=NNCC(NOCC=C)(C)C
7548,8492,CNCC(C)C(C)O[NH1]C=CC=COCN=N
7549,8493,CCC(C)CC(C)(O)C=O
7550,8494,CCC(C)SF
7551,8495,NOCC(N)C(C)C
7552,8496,CNCC=C1C=CSO1
7553,8497,OCCCCC=C=CCC=O
7554,8498,CCNCCOC=CCCCO
7555,8500,COC(=C)C(OO)(O)C=C[NH1]F
7556,8501,CC(CCCC)CCCNCCCCN=O
7557,8502,CNSCC=COCOCNCC=COS
7558,8503,OCC=CCC=CCC=NON
7559,8505,NCCCCCS(C)Cl
7560,8506,C(C)CC(=NCCl)OCI
7561,8507,C1NOCSC=NCC1CN
7562,8508,CCCC=NC=C=CCl
7563,8509,CN=CC(CCS(OC=C)C=O)Cl
7564,8510,C=C=CCN=CC(CCC)C(N)F
7565,8511,ONN=C=CC
7566,8512,O=NC(CNCC1)C1
7567,8514,NC(C)C=CC=O
7568,8515,C(C=CC=CCNC[NH1])C=C
7569,8516,OC=NCC=C=CCCN=C
7570,8517,OCC(CCCC=1)CCN=1
7571,8518,C12CC1(C)NC2C(CN)N
7572,8519,C1CC(C)C1C=CC=CNN(C)C=O
7573,8520,C=CNCCCN(ON)CCOC=CCNCC=CC=O
7574,8521,CNCCOC([NH1])CC=CC(C)=C
7575,8522,C(C)(C)CCNCCOCl
7576,8523,CN[NH1]CC=C(O1)CCOCOON1
7577,8525,OC(C)=CCN=NNBr
7578,8526,CCC=CCNC=CC#C
7579,8527,NCNC=CCC=NCC=NCOCCN
7580,8528,C1CCOCCCC1(C)O
7581,8529,NOCC=C=CCC(C)N
7582,8530,C=NNSC=C=O
7583,8531,C=C(S)CC=NC1C=C(N)C=CCC1P
7584,8532,NOCC=CCC=CCOCC=C=CON
7585,8533,CCN(C)CC=CNC1C=N1
7586,8535,CCONCNCNNC=CC=O
7587,8537,CCCNN=CCC=O
7588,8538,OCCCCNCC=C=O
7589,8539,NCOCOF
7590,8540,CCC1CCC(O2)C21C3OC3
7591,8541,C(=C=CC=C)=C=NON=C=C=NCC=N
7592,8542,OCCNCC=C(C)C=COC=O
7593,8544,CC(C)=C=CN=CO
7594,8545,CCNCCCCNNC1CCCC1
7595,8546,C=C(O)C#N
7596,8547,O=NOCCCNN1NCC=CC1Cl
7597,8548,CC=CCCC=C(O)COC
7598,8549,C=CCNCN=CC=C=C=C=CCO
7599,8550,CCCC1N(C)CCC1CCC
7600,8552,OCCCCNCCl
7601,8553,N=CC=CCCC=CCCC=O
7602,8554,NC[NH1]NC=C1C=CCN=CNC2=CNC1C2Cl
7603,8555,N1NNC#CC1=NOCN=C
7604,8556,C1=C(C)CC=CCN=C1CNC=C
7605,8557,NC=C[NH1]C=O
7606,8558,C1NOCC=CC1NCC=C=O
7607,8560,CON=C1CC=CC1C=C=O
7608,8561,NC=CC=C1CCCCNC=CC(C)=C2C1C2N
7609,8562,OCOCC(C)CNCOC=O
7610,8564,N=NOC(C1C=CC)=C=N1
7611,8565,OC(S)(CC)C1=CC=CC=C1
7612,8566,C(C)(N1)C=NC[NH1]1
7613,8567,CC=CC=C=NCS=C
7614,8568,CCC(C)OCC[SH1]
7615,8569,CC=CCCC#CC=CCCCC#C
7616,8570,OCC=C(C)C
7617,8571,O(C)OCCBr
7618,8572,CC(C)OC=CF
7619,8574,C1CCCCC=C=C1N
7620,8575,O=NCC1=CC=CC2=C1C2
7621,8576,CCC(C)NCCCC#CCC=C(O1)O1
7622,8578,C=C=NC(C)CCC=C=CN1CC1
7623,8579,CCC(C=CCOCCCC=O)CC=O
7624,8580,CCCC(C)C=O
7625,8581,CC(C)(C)C(O)CC=CCC=O
7626,8582,CCOCCCCCC=O
7627,8584,CC=CCC1=C(CCl)CC1O
7628,8585,CCN=CNCCC(F)=C(C)CS
7629,8586,ONNCC1CC=C2C1C=NN=N2
7630,8587,CCCNCCl
7631,8588,OOCC=C=O
7632,8589,C(C)(C)=CC=CCCCCC=O
7633,8590,CCCOCCCNCCl
7634,8591,CNCC(O)CSC=O
7635,8592,CCOOCCC(C)OCBr
7636,8595,CC#C
7637,8596,CCCCOC
7638,8597,C=CC=CCCC=C=O
7639,8598,C=SC=O
7640,8599,NCSCC(O)CF
7641,8600,O(N=O)CO
7642,8601,N1CC=C1Cl
7643,8602,CCCC(C)CCCCC=O
7644,8603,COC[NH1]C1=CC=CSC1C=C2CN2
7645,8604,NNCS=O
7646,8605,CCCNOC=O
7647,8607,C1=CC=CCNCOC=C1CN
7648,8608,ON=CCNCCC=CCC=O
7649,8609,O=CCCCN[PH1]C=CC(N)C
7650,8610,C1=NNC(C1NC)=CC=O
7651,8611,C(CCC=N)NC(N)=C
7652,8612,N=CC(Br)C=O
7653,8613,C=CCC(C)=C=NN
7654,8614,C=CCC=CCC=CCCCNCCl
7655,8615,CCCC#CNCC=CC1=CC1NCl
7656,8616,C#CCCCCCC=O
7657,8617,CNCCC=CC=C=O
7658,8619,CCSN=NOO
7659,8620,C1NCCC=CC#CNC2C1C2[NH1]
7660,8621,CCOCCC=CCCC=CNCl
7661,8622,O(C)C=CNCC=C(CC=C)NSN=C
7662,8624,CCCCC1=C=CN=S1CNC(N=C)O
7663,8625,CCCSOC=S=CN=CCC=C=C=C=C
7664,8626,N(CCCCl)SC(NC=C=O)CCF
7665,8627,CCCC=C=CBr
7666,8628,C=CCC#CC=O
7667,8629,ONCCCC(N)CCCl
7668,8630,CC(C)=C1CCCCN(C)CNCSOC1
7669,8631,OCC1C=CN(CC=CC2)CC2=C1
7670,8632,C(P)ONN=CCNCC=NC1CC=NN1
7671,8633,O=C(C)C(N)C(CCN=CC=CCO)=CBr
7672,8634,CC(C)C(C1)C1=O
7673,8635,CC(CC)(C)NSCF
7674,8637,N1C(N)ONCC1C=C(CC)O
7675,8638,CON(C)C=CSCCBr
7676,8640,CC(S)CC(C1)C1(S)C=C
7677,8641,CCCNC=C=CBr
7678,8642,NNCC(C)Br
7679,8643,CCCC(CCCCNCl)=C=O
7680,8644,CCOCCCCC1=CCS(C1C)=CCCC
7681,8645,C=CC(O)C=C[NH1]CCCNC=CC=O
7682,8646,OCOCOCl
7683,8647,NOCCCCC=C
7684,8648,C(C)NCNONCCCCCCC=C
7685,8649,CC=CCCC(O)NOC=CC#CS
7686,8650,CS[NH1]CCCCCCCCCCC=CC=O
7687,8651,C12N=NC=CS=C=C1CCC2(NCl)C#C
7688,8653,CCNS=CCC=O
7689,8654,CCC=C(N)N=CNCCCl
7690,8655,OCCCC=CC(C1)=C1
7691,8656,C1CC(=NCC(C)C=O)C1
7692,8657,NSC=O
7693,8659,C1=NC=NCCCCC2CC2C1
7694,8660,CCOCCC=C(CCNN)C=O
7695,8661,ONCCF
7696,8662,C=CC(=C)CCCCOF
7697,8663,C=NCCC=CCOC#[PH1]SC=C=C
7698,8664,N1C=CCCC2=CC2CC(CO1)SO
7699,8665,CCN[NH1]CNC=C(CC=O)COCC=C[PH1]C1C=N1
7700,8666,CCCC(C=CC)C(N)CN1NCS(S2)C12
7701,8667,NC(C)C(N)C=C1CNCCN1C
7702,8668,CC(C=CCNC=COCC=C=CC)(C)C=NCO
7703,8670,CCCC=NC=1N(C)C#CCC=1
7704,8671,NC=CC=CCCNC=CC=O
7705,8672,CC=CC=C(C)CCOCC=O
7706,8673,CC1OC=NC1CC
7707,8674,NCCS=CC=CC=SCC
7708,8675,C(C=C=CNCCCCBr)O
7709,8677,CNC=NC=CCCO
7710,8679,C1CCCCC=CSCC=C1OCC=SF
7711,8680,C12=CCON3C1CCC=C=C23
7712,8681,C1CNCCC=CO1
7713,8682,CC=CCCCCOCC1CN1I
7714,8683,CC(CCNCOCOC=C)=C(C#C)Cl
7715,8685,C(Cl)(CNCO)=NCC=O
7716,8686,C1SCCC=C(OCC1C=C=CC=C)C
7717,8687,C[NH1]CCCC(C)C=CCC
7718,8688,NNNF
7719,8689,C1NCC2CCCCNCC1(C)CCO2
7720,8690,NN(C)C=O
7721,8691,C1CC(C)C1C(=C)OSC=CO
7722,8693,CC=C=CCOCCC=O
7723,8694,CC=CC(C)CCCN(C)CCC=CCl
7724,8695,N1NCC=C1C
7725,8696,C=CCCCCC=C=O
7726,8697,C(CC(C)C=O)CCNCNC=CCOCCN=C
7727,8698,C(=C)NCCC=C=N
7728,8699,CCC(CCCC)NCOCN(C)C=O
7729,8700,C=C(CCCCCCF)OC=CC=CO
7730,8701,N1CCC=CCCNC1O
7731,8702,CNCC=CC=C(O)CC=O
7732,8704,C=CCCC=CCCN=C=CC
7733,8705,CC=CC(C)CCC=C
7734,8706,O=SCC=C(C1)SC1
7735,8707,N(C)C=CCCl
7736,8708,CCCC(=C)F
7737,8709,CCCC1CCN=CN=CNCN1
7738,8710,N1OO1
7739,8711,N#CCCC=C=C
7740,8712,C1CCN(C)C(C=CC=CC)=CN1C=CC=CCNC=C
7741,8714,CC=NC=CC=C=NC
7742,8716,CCC(CCNC)=C=O
7743,8717,C=C=C(C=NOCNOCC)C(N)C=CCCCO
7744,8718,CNC=CCCCCC=CCONN
7745,8719,CC=C=CC(C)CCOC(=O)Cl
7746,8720,CC=NC1=CCCN1C=CO
7747,8721,CC=CC=C(C)NNC(C=C1)C1N
7748,8722,N(=C)C=CS(C)(C)OCl
7749,8723,CCC(CCC(N)=CC=C)C=O
7750,8724,CCOCCC=COC(C1)SCCOCC1
7751,8725,CCSOC=C=CC(C)CC=O
7752,8726,C1CCCCC(CCN1CCC=O)C=O
7753,8727,CCCCCCC1C=C1C=C=C=C
7754,8728,N1CCC1CCCN=COC
7755,8729,OC(=C)OCCC(C)CCC=C(C)NC1=CS1
7756,8730,COCOCNCC=C1CCOCN1N
7757,8732,CNNC=CCC
7758,8733,O1COC(C)NC(C=C)NC1N
7759,8734,CC=CC=CC=CC(NCCN(O)C(Cl)O)=O
7760,8735,NC=CNCC=O
7761,8737,OCC=C([NH1]1)C=COCC1C=O
7762,8738,C1=2C=C3C1CNC=C3CC=2C=C=O
7763,8740,OC=CCCC(=C)OO
7764,8741,C1=CC(=C)[NH1]C1C=CCCN(N)P
7765,8742,CN1CC1(CCCCOC(C)CC)C
7766,8743,N1CC1C=CCC(O)Cl
7767,8744,C1CCCC2(C)CN(C)C12CF
7768,8745,CC=C=CCl
7769,8746,C=1C=CCC=CCCC=1C=O
7770,8747,COCCCCCC=NCNC#C
7771,8748,C1C=C=NC=NCC=CCC=CC=C=C1
7772,8750,N1C=CCCC=C(O2)CN=C1CC=C=N2
7773,8751,CC=CC(C)(C)C=O
7774,8752,CCNCCC=CC=CONN1C=C1O
7775,8753,CC=C=C=PC=CCF
7776,8754,OC(C(=C)C)=C=SCCC=CC=C=CO
7777,8755,COC[NH1]N=COCCNC=1CCNC=1CCC=O
7778,8756,CCC(CC=C)C(NF)C=CC(C)C=CO
7779,8758,C=C(C)CCl
7780,8759,CCC=CC=C=CCl
7781,8760,C=CCCC=CCCC=CCC(=C1)C1
7782,8761,CCCNC(N)N=CCCCCC=NC=CN=C
7783,8762,C1CC(=C)CC1
7784,8764,C12=NCCC=CCC=C1CO2
7785,8765,CCCCC(=C)CC=CO
7786,8768,O=C(C)CCCCCCC=NCC=O
7787,8769,C=CCNOC(C=C1C=CC)=CC1CC
7788,8770,CSCNC#CCCNCCNC=CC=CN=C
7789,8771,C=CC=CCCCF
7790,8772,FF
7791,8773,C(C)C=CCC(C)C=CCC=C=O
7792,8774,C=C=CCC=CC#CC
7793,8776,CNC(C=CCCCCCC(O1)O1)C=CON
7794,8777,O1C=C1CC
7795,8778,CC[PH1]1CCNC1C=CF
7796,8779,C1CCCCSC1(O)SN
7797,8780,OCCC=CCC#N
7798,8781,CCCC(O)C=CCCC
7799,8782,N=NOC=CC(C=O)Br
7800,8784,CC=CC(N)CCCNC=O
7801,8785,COC=COCCl
7802,8786,CNC(C)C(N12)C=CC=C1OC2
7803,8787,CCC(C)CCNC=CSCO
7804,8788,CCCOCCC=CC1C=C(N)C=C1
7805,8789,CC(C)CCl
7806,8790,CCOOCCCCC
7807,8791,O=CNC(CN=C1C)C1
7808,8792,CNCNCC=C
7809,8793,N1C(=O)C1(C)CNC=C
7810,8794,CCCC=CCS(C=O)C=O
7811,8795,CSNC1=C=C=CCCCCOC#C1
7812,8796,CCCC=CCC=C
7813,8797,CC(C)S=CNCNCCC=CS=C
7814,8798,NOC=C1C=C1C
7815,8800,N1CCNCN=CC=NC1
7816,8801,N1NCC=CCC=C(C)C=C1CC=C=C
7817,8802,CCC=CI
7818,8803,OCCCOC#C
7819,8804,C(C(C)[NH1]C=C=O)N
7820,8805,CC=NCCC=C(O1)C1OC=O
7821,8807,FCOCC(C)(COCO)O
7822,8809,SC1=CC#COCC=C1
7823,8811,CCNNON=O
7824,8812,C1=CCCSCC=CS1
7825,8814,N=C(CCC1C(C=CCC)=C)OC1
7826,8815,CCOOOC=CC=O
7827,8816,NCCN[NH1]CNCOC#CBr
7828,8817,C=CC1SC1C
7829,8818,OCCCNCNC=O
7830,8819,C=NCNCC
7831,8820,CCC1C#CC(=C)C1
7832,8821,CCC1C=CN(C=C(N(C)C)NN)CO1
7833,8822,COC=CCCCOC=C=S=CCC=C
7834,8823,C1OC=CCCC1F
7835,8824,N1=CC2C=C1CCN2CCSNCOC=N
7836,8825,C#CCNOOC=CN(C)C=NOCC=O
7837,8826,C1ONC=C2CC21N
7838,8827,C1=C=CCC1CC=CC
7839,8828,C1=CCC=C1C=CCNN
7840,8829,CCC=CCC=CC1C(C)CC=CO1
7841,8830,CCCC(C)C1N[NH1]CC=C1OC=O
7842,8831,CCCC=NC=NCCC(=N)C=C1CC1
7843,8834,C=CCN(C)C=CN=[PH1]C#N
7844,8835,NCC(N)(CCCC)COCCCl
7845,8836,O=CCCC=SCO
7846,8837,C=CSC=CC=CC=CC=CC=CCC=C=C
7847,8838,NN=CI
7848,8839,CS=C=C=O
7849,8840,C1=CCCC1=COSC=C
7850,8841,OCCCN(Cl)CCC=O
7851,8842,C=C(C=NC=O)CCC=CC=S=N
7852,8843,OC1CC=CC1NCCC=[NH1]
7853,8844,NCCC(=C)C1CN(C)CCCC1=CF
7854,8845,O=NCC1CO1
7855,8847,CC=CC(C)C=CC=CS=O
7856,8849,CC=CC=C=NOCCCCCI
7857,8850,O=C1CC1N(CNO)CC
7858,8851,CCCC=C=C1OCCC1C
7859,8852,C1CC1CNOC=O
7860,8853,C(C)(C)=NOCCCC=C
7861,8854,C=CC#CC=C
7862,8856,N=SC=CCOC(C)=C=NC=C=O
7863,8858,CC(C=O)C=C=NC
7864,8859,CCC=C=CCN=COCCC=O
7865,8861,CC=C=CCC=CCC=C=CCCC=O
7866,8862,C=CC=CPCNC(C)(N)C=C=NC
7867,8864,CC=CCC=C(C)C(Cl)C
7868,8865,CCC(=C)CCl
7869,8867,OCCC(C1)C1C(C2)C2
7870,8870,C(CC)CCC=CC(C)C=C=NC=O
7871,8871,OCC=C1CC1OOP
7872,8872,NCC=CC=NCC1CC=CCC1C=CCC
7873,8873,NCC(N)C=CC1C(C)OC[NH1]1
7874,8874,CNOCCC[NH1]NC=C=C(S=O)N(C1)N1
7875,8875,CC=CCC#C
7876,8876,NNCC=COC=CC=O
7877,8877,C=CCCNC=C=C(CCOC#N)ONOO
7878,8878,N1CC=CCC#C1
7879,8879,[NH1]CCC1[NH1]C(C)=CC=C=C1OF
7880,8880,O(C)CCCCCCO
7881,8881,OC=CCCC(Br)NC=O
7882,8882,COCCCC(NC=CC1)C=C(S2)CNC=CC2CC=S1
7883,8883,CCCC=C=COC=CCCCl
7884,8884,CSC(C)CCCC#C
7885,8885,CN=CC=CCOCN=CO
7886,8886,CCSCNCCC1=CCOCC(C)N1N
7887,8888,CCSCCS(C)C=C=C1CC1
7888,8889,O(N=C=CC=C=CCCC=CCC=C)NC
7889,8890,CCOCNCl
7890,8891,CCOCCC=NCNPC1=CC=CCC1CF
7891,8892,[PH1]CC=O
7892,8893,C=1N(C)C(O2)C2CCCN(C)C=C=1
7893,8894,C=C=NC=CCN=NOC=CC
7894,8895,CN=S[SH1]CC#N
7895,8897,CCCC=CC=CCN=CC=CCC=CC=O
7896,8899,OOCl
7897,8900,CNCC(C)(C=C)CCCCNOCN
7898,8901,NCNCOC=CC=C=C(O)OC=C
7899,8903,CCCSCC=CCOCC=CC=C=C
7900,8904,CCCCC=CN(C)C#C
7901,8905,BrCCC(C)=C=CF
7902,8906,C=C(C=CCOC=CC=CC)NCC=CCNI
7903,8907,C=C=CNC=CCl
7904,8908,CCCNC=CN
7905,8909,[NH1]=CC=C(C)NC=CC=C
7906,8910,CC1=CCCC#CC=C=N1
7907,8911,C(C)C(N=CC=C)C(CF)C(C1C=NC1)Br
7908,8912,OCCCP(C)CN=O
7909,8915,C12=CCC1C2C
7910,8916,O=C=C(N)S=CCCCC=N
7911,8917,CN=CCCCCC#C
7912,8918,C1CCC=NCC=CSN=C1C=C=N
7913,8919,CONCC1CC=CCC1=N
7914,8920,N(=C)CCOCC=C(C=CCC)CC=O
7915,8921,C=1CCC=1CNOCCN
7916,8922,C1=C=NC=C(ONCC(C)O)NC=C1C(=C)C=C
7917,8923,CN=C=CCBr
7918,8924,CNCCCCC(N)N1CC1
7919,8925,NNCC=NNC=CC=C=O
7920,8926,O=NC=CCCOC=C=COOF
7921,8927,CCCCCCCCN=C=NCC=C=C=O
7922,8928,C1=CCNCCC=C1CC=O
7923,8929,CC=C(O)COC=CPCCN=NC
7924,8930,CNCCCCC=C
7925,8932,OCCCOCC=CC(Cl)OO
7926,8933,CCCCNC=O
7927,8934,N12C(C(O)F)CC=C1C2=C
7928,8936,COSCC=CNN=CC(C)C=O
7929,8937,NCC(C)CC=S
7930,8938,C(C)NCNCS=C=CNOO
7931,8939,NCC=NCCC1(OOCCO1)C#C
7932,8940,C=C(CC(C=C1)CCl)CCCO1
7933,8941,NCC#COCCS(C)C=O
7934,8942,N=1C=CCNCN=C=1
7935,8943,CCCCCC=CCF
7936,8945,N=C=NN1CC=NC=CC1=C
7937,8946,C1CNCC=NCCC2C1C2Br
7938,8947,OC=CCl
7939,8948,C1=COCCNC(C)C1O
7940,8949,CCCCN1C=C(O)C=C=C1
7941,8950,OCN(N1)C1I
7942,8951,CCC=CCCC(C=CBr)N=C=CCF
7943,8952,C1=C(CC=NC=CS1NO)NN=C
7944,8953,C=CCCNCCC(C1)C1
7945,8954,NNCCCCCNNCN=C
7946,8955,C1CCCC=CCC1I
7947,8956,CCC(C=CCC)CCF
7948,8958,CN=C=C=O
7949,8961,C=CCC[NH1]C(C)C=NC(C)COCBr
7950,8962,CC=NC=CC1SC=CC1=CC=CCl
7951,8963,ON
7952,8964,O(C)C=C=C(C)C=C
7953,8965,OC1CCNCC=CCC=CN1
7954,8966,N1=CNC2=CCN=C1NC2
7955,8967,CCNCN=C(C)CCC1C=C1N
7956,8968,CCN=CN
7957,8969,CC(C)C1C(F)C(NC1OC=CSOO)CN=C
7958,8970,C1CCCCO1
7959,8971,C(CSC=CC=NC=O)C=CC1C=C1
7960,8972,CC1C=CNC(C)CCC(C)(C)O1
7961,8974,OCCCC(C)C
7962,8975,ON(C)C(C)=O
7963,8976,C=C=CCC=O
7964,8977,COONNC1CC1CCC=CCC
7965,8978,CCNCBr
7966,8979,OC=CONCCCC1=CC=CCO1
7967,8980,C1NC=SC=C1COC=C=CCN=CCCO
7968,8981,CCC1=CCCCCCN1
7969,8982,C=C=CCCCC=CC1C(F)CC1O
7970,8983,CPCCN=CCC(O)N=CC(C)=C
7971,8984,OC=CC=CC=C=CC=O
7972,8985,FCCC(C)OCC=CCCC
7973,8987,CNOC=CC(Cl)NCl
7974,8989,CC[NH1]NCC=CC=CSS
7975,8990,N1C=CC1OOC=C
7976,8992,C=C=CCC(C)C=O
7977,8993,OCC(CN=NC)=C=O
7978,8994,C1CNC1CCCCCC=COC
7979,8995,OC=C[NH1]N(N)N1C=C1C=CCNNCS
7980,8996,CNCNC(C)(C1(O2)C=CCN13)C2C3CC#C
7981,8997,CSCCC=CC(ON=NC)N=C
7982,8999,[NH1]=CCCC(C)NC=CC=O
7983,9000,O=C=CC(C1)OC=CCC=C1
7984,9001,CC=CSC=C=C=S(C)C=CN1C=C1
7985,9002,C1C=CC(N)C=CCCC1
7986,9004,CC=CCNC=C=CCCC=NC=O
7987,9005,CC(=C)C(C=C=N)CCl
7988,9006,N=C(C1)C1CCNC#C
7989,9007,CNCC=C=NC(CCNCC)C=O
7990,9008,O=C=C(C)NC=CCCC(Cl)CC=C=C(O)Cl
7991,9009,CC(C)=C=CNCC=C
7992,9010,CC1CC1(N(C)C)O
7993,9011,N=CCCF
7994,9012,CCC[NH1]C#CC=NCC=CCC=CC=CN
7995,9013,CCCC1CC2=C=C2C=CC1
7996,9014,CCC=C=C(O)CSCCCCCl
7997,9015,C=C=NC(C)CC1C=CCCC1
7998,9016,[NH1]CNNC(N)CCN=CC=CNN=C
7999,9017,O1CNCC1(C)C
8000,9018,C=CCCC(=C)C#C
8001,9019,CC(C)CCCSC=CCCl
8002,9020,CC=C(C)OCCC(O)OCC=CC=CC=CCO
8003,9021,C#CN=C(C)CC(C)C=CC=O
8004,9022,CNNC(C)CN=NC=O
8005,9023,COCOCC=O
8006,9024,O1CCCCNC1C
8007,9025,NCC#CCCCC#N
8008,9026,ONN(C)C(C)CCCCC(N)CCOC(=C)O
8009,9027,POC=NNNCNCCC(C1)CO1
8010,9028,CC(C)C[NH1]CCl
8011,9029,NCC(NOCC=CN=O)CCCO
8012,9030,CCCC=C(OC=CNC)C=CCOOC=O
8013,9031,COC(C)OC=CCCC(O)(C)C
8014,9032,CC1CC(N)C1=NC2=CCC=C=C2
8015,9033,C123N(C)C=C1N2C=NC=C3
8016,9034,NC(C)=CCCNOCNN
8017,9035,C1CCC2N(C)C1=C2
8018,9036,CCC(CCC=CNF)=NC1NC1
8019,9038,C1(C)(C)CC=C1C=NCN
8020,9039,O1CCNCC(C)C1C
8021,9040,C=CCCCC(C)C=CCCCC=CN=CC=O
8022,9041,FC=CNCSCCF
8023,9043,C1CCC#CC=CCCCN1
8024,9044,C1CCN=C1CC=O
8025,9045,C=CCC(C)CCC=COC=O
8026,9046,COC#CCCCC[NH1]Cl
8027,9047,COC=CNCNCCOCNNBr
8028,9048,CC(CCSC=NC=C=CC=CC)S=C
8029,9049,CCCSOOCC[NH1]C
8030,9050,NCOCC=CC=O
8031,9051,CCC#CCN(C)C=C=C=NC=C=O
8032,9052,O=C(C)C=CCC
8033,9053,CC(C)(C)C1NCC=C(N)C1
8034,9055,N1CCC1CC2=C=C2
8035,9056,C(C(C)=CC=O)=CN=O
8036,9057,ClCNCNCCl
8037,9058,CCOCCCNC=C=C=CCCCC
8038,9059,CC=CCN=C(CC)C=C=O
8039,9060,COC=C(Cl)CNCC
8040,9062,OCC(N)CC=O
8041,9063,N1OCCC=CCN=C=C1
8042,9064,C=CCOC=C=CC=C=NC=NC=CC=CCN
8043,9065,O=CCCC(C)C=NCCCC1NCCNC1
8044,9067,O=NCC
8045,9068,C=C=CCOC(C)CC=O
8046,9069,CCOCNCOCCl
8047,9070,C=C=CC1CC2(C)C=C1C=S2
8048,9071,OC=CCC=S(=CC=O)CC=O
8049,9073,CCC(CC)C(C)CC=CC=CC=C=O
8050,9074,CC=CCC1C2NC(C)N1CCC2
8051,9075,NOC(CCN)NC=CC#C
8052,9076,CCCCC(C(O)C(C)OCF)=COO
8053,9077,COCSC(C)=C=O
8054,9078,C1CC#CC1C=O
8055,9079,CCC(C)CS1=CC1
8056,9080,NC=CN(C)CCOC=C=O
8057,9081,CCCC=CN=CC=CC=O
8058,9082,CCC=CCOOCCOC
8059,9084,O=CCCCCF
8060,9085,NCOCCCC=O
8061,9086,CCCC=NC=O
8062,9087,C1COON1C=NC=C2CC2
8063,9088,CC=CCCCC=CNC=CC=CC#C
8064,9089,NNC1CC(C=C=CC)CC1SO
8065,9090,C1C=C(C)N(C)NCC1
8066,9091,CN1N(C=CCC1N)N=CNCOC=C=C
8067,9092,OCCCCC1CC1C
8068,9093,NC=NC=C=C=O
8069,9094,C1CCCCNC(C)NC1C=CCCCCl
8070,9095,C(NCOC=O)CCCN=C(C)CC=O
8071,9096,IOOCC(C)CN=N
8072,9097,NCONC1CCNN=NO1
8073,9098,CCOCCC#CCCNN=N
8074,9099,CCC1N=C(C)NOC1
8075,9100,CCCC=C=NC(=CF)C(O)C=C
8076,9101,C=CCCC=COCCN=C
8077,9102,CCC(C)=CCOCC=O
8078,9103,C=CC(N)=CCC=CC=CC#COC
8079,9104,C=1CSC=CC(CC)(C)C=C=1
8080,9105,C1OCOCC([NH1])C=CC#CC1=C
8081,9106,CCCCCCCC=CC=O
8082,9107,CC(C)C(N)C=C=NO
8083,9108,CNCCCC=CN(C)C(C)O
8084,9110,C(=C=NOC=CCC(C)=N)C=CCN(C)NCC
8085,9111,CSCCOC1COC=CC1
8086,9112,O=NCCC=O
8087,9113,C1=CNC1
8088,9114,C1C=CC(C)(O)CC1(C)C2=CC2
8089,9115,C(=C)CCC=NOC=NCOCl
8090,9116,C1CCC=C2CC12C
8091,9117,CCC(Br)NNCNC=C
8092,9118,CCC=C=NC=NC1SCC1
8093,9119,C1=CC1CC=O
8094,9120,O(N)CC=C1CC=CCC1=CSN
8095,9121,N1OCNCSC=N1
8096,9122,CCCN=C1OC(C)=CC=C1CN=COC=CO
8097,9123,NC=CC(N)C=O
8098,9124,COCSC=C1C=C1O
8099,9125,CCCCNCCCCCCl
8100,9126,OC=CCC=CNC
8101,9128,C=CC=C(C)C=CCl
8102,9130,COCCCNSC=C(C1)CN1
8103,9131,CCCCC=CCCCC1C=C=CC=C1N
8104,9132,C1(C)C=CCC(C)CO1
8105,9133,COCCC(C)CN
8106,9134,NCN=CC=C(C1)O1
8107,9135,NSC=C(O)C(=O)C
8108,9136,O(C)CCCC
8109,9137,C1=CCNC=C1C
8110,9138,C=C=CC(O)ON=NOS1=NOS#C1
8111,9139,CN(C)OC(C)C(F)C
8112,9140,C(C)(C)CC1C=NCNCOC1
8113,9141,CNNN(CC=CC)CN
8114,9142,CCC=CNC=C=CCCNCCC=NC[NH1]C
8115,9143,CC=CCCCBr
8116,9144,CC=CCCCCC=NCC=CC(=C1)C1
8117,9145,NPC
8118,9146,CN=CC(C=1)=C=1
8119,9149,N1CCC=C1N
8120,9151,CC(C)NC=O
8121,9152,CC(C)OCCCC=C=C1CN1
8122,9153,OOCF
8123,9154,CC=SC=CCON
8124,9155,CCCC=CCCC=CC(C)C1CC1
8125,9156,CNNC(C=CCCOC=CNCC=C)CO
8126,9157,CNCNCCN=NC#N
8127,9158,C1=CC1CCC=O
8128,9160,COC=C=NC=C(C#C)COF
8129,9161,CC=CCC=CCCC=NCNOCCC=O
8130,9162,NC=C(C=1)C=1
8131,9163,C12C=C=C1C3=C2C=CC=S3
8132,9166,OCCC=CCC(C=CCP)N=O
8133,9167,CNNCN=CN
8134,9168,COCC(C1)C(CCO1)N
8135,9169,CCCC=CC=NCCC=C=C
8136,9170,CNCNCCC(NCC=CC)OC
8137,9171,CCC=C=CCOCCCN
8138,9172,O=CCC1[NH1]CCNNCC=C1
8139,9173,NC1C=C=CN2C(C)=CN2C=C1
8140,9174,CCSC(N)C(C)=NC=O
8141,9176,CNCC=CNCCSC=O
8142,9177,CCOCC=C1CCC=CC1N2CO2
8143,9178,CCNC=CC=CNC#CC=C=C([NH1]1)C1
8144,9181,O1N(C(C)C(N)CCC)C1=N
8145,9183,O1C=CC=CCCC=NN1
8146,9184,N=C=CC=C=C(C)C1=CC1(ON=NOOOO)O[NH1]O
8147,9185,NCCNCC=C=C
8148,9187,CCN1CCNCCCOCC=C1
8149,9188,OCN=CCCC=O
8150,9189,C1#CCC=CCC(C2)C1CCC2O
8151,9190,C=CC=SC=C(C)C(C)=O
8152,9191,C1C=CC#CC1
8153,9192,C1NS=COC=CCNCCC1
8154,9193,O1N(C2)OC=CCC2(C)C=C3C=C31
8155,9194,S1CCC2C(C)N=CN21
8156,9195,C1C=C1COCC(O)CCC=C
8157,9196,C=C=CCCCCCNOC=C
8158,9197,C=CC(N)C=COCNC=C=O
8159,9198,CCC(C1)CC1C=CC=C
8160,9199,FCCC=CC=CC=CCCCC(=C)C=CCCC=CN=O
8161,9200,CCOCCC=CCC#CC
8162,9202,CCC(C1)N=C1
8163,9203,CC=CC=CC1(C=CS)C=CC#C1
8164,9204,C1CCC=C=C(COSCCC1)Cl
8165,9209,C=NC(=C)C=O
8166,9210,N=CC(C)CC(C)C=C(N)COO
8167,9211,OONCC(C)C=C=CCCCC=O
8168,9214,FNC=C(C)C=C=NCCCN=C
8169,9215,CNCCC(CCC=CC=C=C)N=O
8170,9216,SCCC=CCC1CCCC=C1C
8171,9217,NCOOCCCCCC1C=C1O
8172,9218,C(CCC(C=CCO)CS)=NNOC
8173,9219,CCCCNONCCNI
8174,9221,CC=CCNCNCC
8175,9223,C(C)C=CCOCOCC=C1CN1N
8176,9224,CCC1CCOC1C=C=O
8177,9225,CCCC=CN=O
8178,9226,CCCC[NH1]N=NCCCCC=C=C
8179,9227,C(O)C=O
8180,9228,C=CC=CCCC=C(C)C=CC#CC=O
8181,9229,CCSCN=C=C=CCCOF
8182,9230,C1C=CC(O)C=C1C2CNCC2OCO
8183,9231,C1CCS1=NCCC=CCNC(C2)=CC2C=NON
8184,9232,O(C)CNC=C=O
8185,9234,CCCC=C(C=CCC)CCCCCCC=C
8186,9235,O1C=C(CC)CN1
8187,9238,C=NC1C=CC2=CC1C=C2NCNON
8188,9239,NCCOCC=O
8189,9240,NC=CN1COCC1OCC#C
8190,9241,CCC=NCC(=N)C(O)=CCC#CC=O
8191,9243,CNC=CC=COCCN(O)C=CC=CC1OC1=O
8192,9244,OOC=CCCC=CN=C(Cl)CCC=CC
8193,9245,C(S)CC1=CC1C
8194,9246,C1CC2CCCCC2C=C1OOC
8195,9247,CCC(C)CC=C(C)C
8196,9250,CCOCCCCOC
8197,9252,CCCC=C(C)CC=SSCNCCN=N
8198,9253,COCNC=COC=CC(C)C=CC=C
8199,9254,CCCCC(NC)(N)SCCOCN=O
8200,9255,COC#N
8201,9256,CC(NCC)=CC=CC=O
8202,9257,CC=CSOCNCCC1=CC=COC1CN=O
8203,9258,C=CCC=CC(CC1)CCC=NCOCCC=CC1
8204,9259,C1CCCC(N)NCC1ON
8205,9260,CCOBr
8206,9261,C=CCC=CCC(N)C1CC1
8207,9262,N(=C)CC=N
8208,9263,N=C=NC#CC=C=N
8209,9264,CCOC=CCNCCCCN=C
8210,9265,NOC(COCC=NC1=CC)CC1O
8211,9266,C=C(ON=NCCC=CN)C=C(CN)N=CC#C
8212,9267,N1CCCCCCCC1
8213,9268,C1C=CCC(C)CC1
8214,9269,C=C=CC(O)C=CF
8215,9270,CCCC=C=CCCCC=CNCNNC=C=C=N
8216,9271,CCC=CCCCOCC(=C)CC
8217,9272,CCCNCC=C(C)CCC=CC(=N)C=C
8218,9273,C=CC=C=C=C[NH1]CNSNCO
8219,9274,C1C2CCCN=C2CC1O
8220,9275,C#CCCCC=NNCNC=C(O)Cl
8221,9277,CCCC(C)=CCC=O
8222,9278,CC=C=C(C)C
8223,9279,C(CC#CCC)CC#C
8224,9280,CON(C)C=CCC=C=C(N)NO
8225,9283,OCC=CC(=C)OCCCCl
8226,9284,N1C=C(C)C=CC=N1
8227,9285,C1CN=CC1CCCC
8228,9286,NC=CCF
8229,9287,NCNCCCSNCCCS=NCC=C
8230,9288,NCCCC=CCSC#C
8231,9289,C=NNCN=O
8232,9290,N1C=CC(C1CC=NCSC)O[NH1]
8233,9292,NC=PC=C1CCN=CCCC1
8234,9293,SCSCNC(C)CCCCN
8235,9294,C=CC=CCNCNC1C[NH1]CCCC1
8236,9295,COCCC=CCCNOC=O
8237,9296,N=CC=SCO
8238,9297,C1CN(O2)S2CC1CCC=C3C=C3N
8239,9298,N1(C=C=C1)N=CCCC=O
8240,9299,C1C(C)C(CC=O)=CC=C1C=COO
8241,9301,OCCC=C1C=COC1C
8242,9302,OCOCCONNCCCC=C=NOC(Cl)=C=N
8243,9303,NCCCCNCOC=C(C)CNCCNCC#C
8244,9304,C=NC[NH1]CCCCC#CC#C
8245,9305,C(C)(C)CCC=O
8246,9306,C=COC=NCC(C)NC=C
8247,9307,CC(Br)=C
8248,9308,CCCCC=N
8249,9309,CC(NC=CC1C)CCCN=CC=C1N(Cl)C
8250,9311,COCNCBr
8251,9312,CCCC1CN=C(C2OCCl)C=C21
8252,9313,CC1=C=CCCCCCC=NC1
8253,9315,CCC=CC=NCC(C)CCC#C
8254,9317,O=CCCCC1C=C1O
8255,9318,C(C1)(C1C)=CO
8256,9319,OOCC(C)C=CC=C
8257,9320,NNC[SH1]C=CCSNCl
8258,9323,CCCC=CCC1=CC1
8259,9324,CCC(C=CN=C)C=CCN=CNCl
8260,9326,C=CCCCC=C=C=CCCOC=N
8261,9327,C(CC(N)CC(OP)[NH1]1)N=COCNCC=C1
8262,9328,CCC[NH1]C=CC=COCCC
8263,9330,NCCOC=CC=C=C=O
8264,9331,C(O)=CCCOC=CC=CC=C
8265,9332,C1CNCCCCC1C[NH1]C=C
8266,9333,CCC=C=C=NCCCSC#CCl
8267,9334,[PH1]OCC(C)C=CCOC=O
8268,9335,O1CC=CCCCCNN2C=C12
8269,9336,N=CC=C=CNPNOC=C(C)C=1CC=1COC2OC2
8270,9337,NC=CCNC=CC=CNN=C=C=NO
8271,9339,CC(C)(NC(C)CPC)C
8272,9340,OCCC=C=CCCCC=NC
8273,9341,CNSC(C)C=CCCCSC=O
8274,9342,CC(C)CCC=O
8275,9345,COCC1CC=CO1
8276,9346,CC(C)OCCN=C=C=COC
8277,9347,CCCC=C=CC
8278,9348,C1CCC1(CC)NSCC=C
8279,9349,C12C=C=C(C)C1OCNN=C2
8280,9350,C(C)OC=C(O)CN=CC(Cl)CC
8281,9351,C=NOC=CC=O
8282,9353,C(C)C=C(C)C=N
8283,9354,CC=CNCCCCOOC=NCl
8284,9356,O1CCC(N2)C2O1
8285,9357,C=CC(N1OCC)C(=C=C=C)C=CN1
8286,9358,CCCC=C=CC(N)N=NC=O
8287,9359,CCC(C)(CCCN)COCC=C
8288,9360,OC(C)COC(N1)CNC=C1
8289,9361,C(S(CNO)CCI)S1=C=C1C=NC
8290,9362,NCOC=C=O
8291,9363,C=CNOC=C(N1)NCCCCC1C
8292,9364,CC(C)(O)CCCCCF
8293,9365,CCC=CCC(COC)C=O
8294,9367,CCCCNNNC=CC1(N)C=C2NCCC2C1
8295,9369,C=CCC=NC
8296,9370,OCCF
8297,9371,O=CCCCCCCC
8298,9372,C(N)CC=CCC(C)NCCl
8299,9373,OONC=CCCCCNI
8300,9374,C(CCC=C)(C)CCC#C
8301,9375,COCCC=CCOBr
8302,9378,OCC=C1CC1=O
8303,9379,C=S=CCBr
8304,9380,OCOCCCC(C)C=C=CO
8305,9381,CCCOC(NCOON=C)C=CC(C)F
8306,9383,OC=CC1=CCN(C)C1(C)Cl
8307,9384,O=COCCCOOCCC(C)OC
8308,9385,CCC(C)OOC(C)=CCC1CC1
8309,9386,CCCCCC=CCC=C1CC1
8310,9387,CC=CC=CCCOC=CC(C=CCCS)CCC=O
8311,9388,C1CCCCCCC1=CBr
8312,9389,CCNC(C)C=O
8313,9390,OCCN=CC(C)CNCC(CO)COO
8314,9391,CNCOC=CC(NCC)F
8315,9392,O=CC=CN=CC=C1C=NN=CC1CCl
8316,9394,OOCCC=CC(N)C1C=CC=C1CNC=CCCCN=O
8317,9395,CNOC=CS=C(N)CC=CO
8318,9396,O(O)CC=CC1CC1
8319,9397,OCS=COCCCCCNC=O
8320,9398,C1=CCC2CC=NN1C2
8321,9399,O1CN(C)CC(C)NCC1CO
8322,9400,CCC(O)C(N)C=O
8323,9401,COC=CSF
8324,9403,C1CCC=CC(C)=CCO1
8325,9404,N(N)=C=C=CNCCC
8326,9405,CC=C(O)C=CC=O
8327,9406,C(CCC[NH1])CNC=CCC#C
8328,9407,CCC=CNC=O
8329,9408,C(C)NCC1=CCCCC1CCOO
8330,9409,C=C=C(C)CON[NH1]CC=O
8331,9410,OC1CNC(C)=C1N=CBr
8332,9412,C(C)[NH1]OC(Cl)C(=O)CNC=[NH1]
8333,9413,CCC(C)C1CONC=CC=CC=NN1
8334,9414,NCC(S)C1=C=C1OBr
8335,9415,NC1OCNCC1CCC=O
8336,9416,CCC(C)(C)CCC#C
8337,9418,N(C)CCC(C)CCNC=O
8338,9419,CON(OC=CC)CCI
8339,9421,CCCNCC1=CC1=C(C)C2CC2
8340,9422,CC(O)CCCCCl
8341,9424,C1C2CN2C=CN1
8342,9425,CCCN(C)CCC=NOOCCCCOC=NBr
8343,9427,CONC=CC1C(CC=C(C)C)C1
8344,9428,OC(CC)=CCCF
8345,9429,C1CNCC1=O
8346,9430,C=CCC1CC=CC[SH1]C(CC)C#CC1=O
8347,9431,C1CC(NC2)C1C(C)C=C2
8348,9432,CCN(C)CCC=C=N
8349,9433,C[NH1]CS=C=O
8350,9434,C=CC(C)(CNC)C1=CC1
8351,9435,OCOC=CCCl
8352,9436,CCC=CCOC=CCC=O
8353,9437,ONCCC=CC=C(C)CF
8354,9438,CONC=CCC=CN=C(C)CC=CC(O)C#CC=O
8355,9439,OCCC=C(C)CCCCC=NC
8356,9440,NC1CC2(N3)OC(C)C2=C13
8357,9441,CC(=C)C=NCC=O
8358,9442,C(C)C=C=C=O
8359,9443,CCCC=C1C(C=CCC)O1
8360,9444,C1NN(NC=C1CC=O)C
8361,9445,N1S(C)OC1C=O
8362,9446,C=NOCC(N)=C=C=CCC=C(N)CCC(C)=[SH1]CN=CCC
8363,9447,C1=CC#CNCCC=C1ONC=CNC#CC(C)=NO
8364,9448,CNCC=C
8365,9449,C1C(C)=C(C)C1C=CCCCNCC
8366,9450,CCC=CCSC=CCC(C1)C1
8367,9451,CC=C=CCN=NC=CCOCCCCCCC=CC=C=O
8368,9452,CC=C=CNN(CCCC1C=CCC=C=NCCOCC1)N
8369,9454,OCC(C)CNC(C1)C1=NCC=CC
8370,9455,OCCC=NCCl
8371,9456,C=C=CC(C)CCl
8372,9457,CCCC=C(C)F
8373,9458,CC1CC(C)C=C1CC=C
8374,9459,C1ON=C1SC(N)F
8375,9460,CC1CSNC=CC=CC=CC=C1C(CN)COC=C=N
8376,9461,O1NNC(C)=CC2=C1C2
8377,9462,C=CSOCCC=NCC(C)C=O
8378,9463,CCCC#CCCCC(N)=CCl
8379,9464,C1C(C)CCC1COC=NCl
8380,9465,COC1CCC(NCCCC2)C2=CN1
8381,9466,CCN=CCS=C
8382,9467,C=CN=CC=NCCC(=CC)CSF
8383,9468,OC(S=CC=C)(O[NH1]OCC1)C1C=O
8384,9469,C12SC1NOC=N2
8385,9470,CC=C=NCNC=C=CCOC(O)C
8386,9471,SC=CC=C(O1)NCNCOC1
8387,9472,CCN(C1)O1
8388,9473,CON=CCC(C)C1SC1(C)N=NO
8389,9474,NCC=C(OC=CC)CCNCC=O
8390,9475,CCC=CC=CC=CSCCC
8391,9476,C=CNCNCCCO[NH1]C(C)C1=CO1
8392,9477,C1C=CCCC=C=NCCC1N=CC=CF
8393,9478,N#CCCC=C=C=C=C
8394,9479,NCC(C=CC=C=N)CC
8395,9480,NC=CC=CCCC1=CN1C
8396,9481,CN(O)CC=C
8397,9482,C1(C)C=CCC#CN=C1
8398,9483,CC=CCOC[PH1]
8399,9484,C12C(C)CC1C=CC2OC
8400,9485,C=CC=NC=CCCCCCC=CCl
8401,9486,N(NC(C)C(C)CC1)=C1
8402,9487,C1CCNCCCOCNSC1
8403,9488,N1OC=C[NH1]N1CC=CC2CC2CBr
8404,9489,C=CC(=C)C(N)Br
8405,9490,N1CCC=CNCCNCNCC1=SCl
8406,9492,CNC=S=CN(C)CCO
8407,9493,CSC=C=O
8408,9495,C(C(C)C#CCCC=C1)C1(C)C=O
8409,9496,CCOC(Cl)(C)C=NCOC=C1CC1
8410,9497,O=C=CCNCSC[NH1]CC=C
8411,9498,C(C)(C=C)Cl
8412,9499,CCCCCCCC=CN=C=O
8413,9500,OC=C=NOCNCN
8414,9502,CNCSC=O
8415,9503,NNC=C(C)Cl
8416,9504,CC=CCCCOCl
8417,9506,CC=NOC(C)CCC=C=C=C
8418,9507,OCCN=COCOCCO
8419,9508,OCCNC=C=O
8420,9509,CC=C=COCSC(C)=CCOCC=C
8421,9510,CCC=C=C=O
8422,9512,CC=C(C)CC(OC)=C=C
8423,9513,C=C=CCC=CCCSC=O
8424,9514,C1NC=CCCC#CC#C1
8425,9515,C1SCCC2CC12C
8426,9516,OCC(CC=C(C)N=CC=CC)C=C
8427,9517,ONCCC(C=O)C=C
8428,9519,CC(N)CCCOC=C(C)OC=C1CC1
8429,9520,CC=CC(N)Cl
8430,9521,CNN=C(N=1)C=1C=CCCC=CC
8431,9522,O1OCC1(C)CCCCC=O
8432,9523,C1CCCNC1CCCC
8433,9525,OCC1SCCOC=CO1
8434,9526,CCCC(Cl)CCN=SSCC=C1CC1
8435,9527,CCSCOCC(C)NSCl
8436,9528,CC#CN(O)ONNC=CC
8437,9529,C(CCC=C=CC)CCC(C)ONC=O
8438,9530,CC=CCN=C=C=O
8439,9531,C1(C(N2)N2C)=CN1
8440,9532,CCC1OC2CC1S2(C)C=O
8441,9533,OCC=CC=CCC(C)C#CN
8442,9534,N=NC(C)CC[NH1]NC=CC=C=C=COCONC#C
8443,9536,CCCC1=CCC=CC1C(C=NC)C=O
8444,9537,O=CC1COCO1
8445,9538,CC=CCC=CC=O
8446,9539,C=COOC=NC=CCC=C=O
8447,9540,C1NS1(N)CC=C
8448,9541,CNNCF
8449,9542,CCNON=CSCl
8450,9544,NC=CNCCC#C
8451,9545,S1C=NCC=C1CCCCCC
8452,9546,NCCC=C(ONC=CC(C)[NH1]C=CC)F
8453,9547,C1(C(C)=O)=C=C1
8454,9548,C(=O)CNC(O)(N)CCCOCC(=N)O
8455,9549,C=COCN=O
8456,9550,CN=C=CCC(C)NC=O
8457,9551,CS(=C)OCC#CSOC(C1)N1
8458,9552,COCCNCC1C=CC(C=C)=CC=C=N1
8459,9554,N1(S)CC1OC
8460,9555,COC=CCCS=CCCCCCN
8461,9556,C1C(C2)C21CCOCC
8462,9557,CNC=C=S=O
8463,9558,C=CCCCC(C)S=SN
8464,9559,CCCCCOCCC(C)C1=C=C1
8465,9561,NC(OC=NN=COCC)Cl
8466,9562,CC(P)C=CC=CS1[NH1]NCN=C=CCOC=C1
8467,9563,O(C=NC(O)=O)CCC(C)C=CC=C
8468,9564,CC(C)CNCN=CCCNC#CONC#N
8469,9565,CCCCCCPC=COC=COC=C=NCO
8470,9566,CCCC=C=CCCCSCNC=CC
8471,9567,C1=NCNCC=C=CN1C(C)C
8472,9568,COCSCC=CC=NC=C
8473,9570,CN1OC=CCCN=CC=CCC1(C)NS
8474,9571,CCCCC=CC=NCC=CC
8475,9572,C1OC1C=CC=C=C=C=O
8476,9573,N=C(C=C=C)NC=NCCN=O
8477,9574,C1C=C(O)C1=C2N=C2
8478,9575,C=CC=C(C)COCBr
8479,9576,CC(O)C
8480,9577,C=NC=CCC=C(N)CC
8481,9578,CCCC=CC=SCCC=CC(C1)O1
8482,9579,ONC(CCON1C=CC)=C=CCCCCC1
8483,9580,OCCC=NCC=COC=CC=O
8484,9581,CCC=CC=CC=CBr
8485,9582,C=COS=NCC=CC=O
8486,9583,CCC=CCNCC=CN
8487,9584,CC(O)CC=C=O
8488,9585,OC(C)ONP
8489,9586,CC(C)(C)COOI
8490,9588,CCC=C1N=C(CCCC=CNCN1C)C
8491,9590,CN=CCCCCOC
8492,9591,CCC([NH1])=COC=C=O
8493,9592,N=CF
8494,9593,NC=CCNCl
8495,9594,CC=CC=CC=CNCCOC(C)CC=C
8496,9595,N1S2=C=C=CC=C12
8497,9596,C=CC=CCNC=C=O
8498,9598,CC=CC(C)C=O
8499,9599,C12CC1CCCCNCC2(C3)N3NC
8500,9600,CNCCCNCNN(C)CCCl
8501,9601,C1C=CCOOC1(CC=CC=NC=C(N)C)NN=S
8502,9602,C=CCNOC=NC=CC(C)=CN
8503,9603,CCCN1CC=CCC1CCC=O
8504,9604,CCCC=NBr
8505,9605,O(C)C(Br)C=CCCN1NN1
8506,9606,CNCCCOCCC
8507,9607,C(C)OC=CC=CCCC=O
8508,9608,OCCOC=C1C=C=[PH1]C=CN1C
8509,9609,C1C2S(OCBr)CCC2C1
8510,9611,CCCCC=CCOCCC=O
8511,9612,N1=C2CNCCC2C1
8512,9614,CCCOC=CF
8513,9615,CSNCC=C=C(C)CC=COCC=C
8514,9616,C=CC(C1(C)C)OC=SCC=C=CCOCO1
8515,9617,CCCN(C)C(N)CC#C
8516,9618,OCC1CCCC=C1C=CCN[SH1]
8517,9619,O(S)COC=CC(C)C=NC=C=NO
8518,9620,O1CCNCC=CO1
8519,9621,C1CCC(C1C2)C2
8520,9622,CCCC(C)CC=CC1C=C1N
8521,9623,C=CCS=COCC1NC=C1
8522,9624,CCNCC=CC(COCC)=NOC=CCCO[NH1]CCl
8523,9625,CNC(C)(C)CCNOCCN=C=C
8524,9626,COC=CCC#N
8525,9627,C1C(C)=CCCCNCNC1
8526,9630,NC=CCCCCCS=C=C
8527,9631,COCCSCCCCONC1OC1
8528,9632,CCC(C)(CC=O)NCBr
8529,9633,CNC(C)=CC=C(C1)C=N1
8530,9634,OCNC(C)C=NCl
8531,9635,C1N=COCCCNCCS1
8532,9636,N(COC=O)NCNOO
8533,9637,S1COCCC1(N)NC#N
8534,9639,NC=C=CCC=C
8535,9640,CS=CCC(C=O)O
8536,9641,C=CC(CC=CCC(CCCOC)=O)N(C)C
8537,9642,OOCN1C=NNCC1(C2)C2(C)CC#C
8538,9643,CC=C=NC(=C)C=CCCC=O
8539,9644,C1CCCC=CC=C(C2)C1C2
8540,9645,C1=CC=C(C)PC=NO1
8541,9647,CCCCNC=CC=CCCl
8542,9648,C(C)#C
8543,9650,CC=NC=CC=C(C)NCC(C)C=O
8544,9651,CCC=CCCNC=CC=CC
8545,9652,C1C=CC=C[NH1]CC=C1C=CC(C=C=NC)Cl
8546,9653,C=CCN[NH1]CC(C)C=COBr
8547,9654,NC(C)COC=CC=C
8548,9655,C1=C=C(C1(C)C#CN=O)C
8549,9656,CNCC=CC=CC=C(O)N=S
8550,9657,ClC1NCS(C)CC=C1
8551,9658,OCNCCNC=NCCl
8552,9659,C=CCOCC=C(C)C=NC
8553,9660,CC=C=C(N)C=O
8554,9662,CC#CC=C(C)NN=O
8555,9663,CCCCC(C)C=NC=O
8556,9664,CCOC(C)C
8557,9666,C(C=C[NH1]Br)CCNC(C)CC=O
8558,9668,N=CC=NCCCCC=O
8559,9669,C1CC=CN=C1
8560,9670,C1CCCN(CCCC)C1
8561,9671,CC=CONC=C(COC=CCC=O)C
8562,9672,CCNCC(N)(O)C=CCCC=C=CCS(C)C=C
8563,9673,C1NCCSN(C1)CCCl
8564,9674,CNOCC1=C=C1N(O)CCNCCO
8565,9676,C1CCCCCCC=CC1
8566,9677,SOCCC=C=C=O
8567,9678,OC=CCC=CCC
8568,9680,CC1CC[NH1]CC=C1
8569,9681,OOCCC=CC=O
8570,9682,O1CC(C2)C2OC=C1C#C
8571,9683,OC(N)CC=O
8572,9684,CS(F)C=CNC=O
8573,9685,C=C=CF
8574,9686,CCCC=CNCN=CONC=O
8575,9688,N1COC(C)=CCC(=O)OC1
8576,9689,O1CC=CC=C2NC1CCC2(C)S=O
8577,9690,OCCCCNC=CC=CC=O
8578,9691,ONC=C=CC(C#CCN=O)O
8579,9692,C1=CCC=CC=CC=C1
8580,9693,N[NH1]C=CCC(C)C1CCCCN1O
8581,9694,C1C=CC1COON=C
8582,9695,NO[NH1]CCNONCCN=CCNC=C1SC1
8583,9697,CCCSC=CC=COC=CCCC#C
8584,9698,OCCCCSC=CSC(C)CC(C)Br
8585,9699,CCCC=NC=NCC=N
8586,9700,C=CC=C(N)C#CCCCOC
8587,9701,C=1(C)CC=CCC(C)C=1
8588,9702,O1CSCCC1C=CC
8589,9704,CCS=CC1=C=C1ONC
8590,9705,C=C=CC(C)(O)CC=C=C
8591,9706,NN1CNC(O)C1=C2CC(C)CS2
8592,9707,NC(OOCC=N)N=O
8593,9708,NCC=C1SC=CCCNCC1Cl
8594,9709,CC=NC=C1NC=NC1C=C=NCNC=O
8595,9710,ONC(CCCSC=O)=C
8596,9713,CCC1=CC2CCCC(C)C12
8597,9714,C1CC(C)(N)C=C=C1
8598,9715,CCCC(C)C=C=CF
8599,9716,CC(CSC=CCC=CC=CCCBr)CCl
8600,9717,CC=COC=CN(C=1)C=1C
8601,9719,NCC[NH1]C=O
8602,9720,CN=NC(C)CC=CC(O1)=CC1
8603,9721,CONCCC=NC=O
8604,9722,CC(N(O)C=CCNNF)C=O
8605,9723,N=C=S=CCC(C)=CC=C
8606,9725,C1COC=C[NH1]C2CS1(C)C=C(C)O2
8607,9726,O=C=CSCC(N)C#N
8608,9727,N1(C=C=COC1)N
8609,9728,CCOOCCC1C=C1N
8610,9729,CCC(SC(C=CCN)C=O)CN=O
8611,9730,CC(O)C=C=NCCl
8612,9731,C=CC=C(CCC=O)NC=O
8613,9732,O1N2C(C)OC21
8614,9733,CCNCNN=CC1C=C=NNC1
8615,9734,C=C=CN=NCNNCF
8616,9735,CCCCNN=CC=O
8617,9736,CN=NSC(=C)C=C=O
8618,9737,COCCONOC=NCOCCF
8619,9738,CCCCCC=NNCOCCC=CCC=O
8620,9739,C1=CN(C)CCCCOCC=C=CCO1
8621,9741,CC=C(N)C1[NH1]C(C=C1)C=C
8622,9742,CCC(CC1(N)CCCl)C1C
8623,9743,COCOCOCCC(N)ON1C#C1
8624,9744,CC=C(C)CN(C)CCC#C
8625,9745,C=CC=CCNCC=C(CC=C)CSC1=CC1=C
8626,9748,CC=C=C=CCCC=O
8627,9749,CN(C)CCCC=SC=CC=O
8628,9750,NNCC=C(C)CCCC#CN=CC=O
8629,9751,C(C)CCCOCCC=C(C)[NH1]
8630,9753,C1C(O)CCCC1(C)CCCCOC#C
8631,9754,C(C)NCNCN=O
8632,9755,O=C=CCCC=NCC(C1)=C1
8633,9756,CCCCNCF
8634,9757,CCCC=CC=CC=CC=NC=C=O
8635,9758,N1=C2CCCC(C)C1N2
8636,9759,CCC=CCCCOOC(C)C(N)C=C=N
8637,9760,N1=C=CC=CC=C1CN=C
8638,9761,C1C=C=CCCCC=COC1OF
8639,9762,CNOC=CC(OOCCCO)C
8640,9763,O=CC=CCCCF
8641,9764,O1CCC=C1CN=O
8642,9765,ONCC(CC#CC(N)=CCF)O
8643,9766,COC=CC=C=O
8644,9767,ONCCl
8645,9768,NSCN=C(C=C=CCCCC(C)=CO)C
8646,9769,O(O)NCCOCCC[NH1]COOC
8647,9770,N1CCNCC1C#N
8648,9771,C1CC(C)C=CCCC1
8649,9772,O(C)CCCOC(=C)C1NC1
8650,9774,COCN1C=CCC(SCC=C)CCC1CCN[NH1]O
8651,9775,C1CN=C1
8652,9776,CC(CC=CCC)=CC=COC(O)CC=C=O
8653,9777,C=C=CCC(N)NCC(C1)C1N2CP2
8654,9778,C=NC=NCC=C(C)N=CCC=O
8655,9779,C12=C=CC1C=CC2CNCl
8656,9780,C(CNCCOCC)C(C)CN1OCCNC1
8657,9781,NONBr
8658,9782,CC(C)C(C)CCC=COCCC(N)CCN=C=O
8659,9783,C=CCCC=CC=O
8660,9784,O1CC=CCSC1
8661,9785,CCC=CC=CC=C=CCN=C
8662,9786,C(CC(CCCC)=C1O)CC=NCS=C1O
8663,9787,CC=C1CC=CCC=CC=CCC1
8664,9788,CSCC=CC
8665,9789,CC=C(CC(C)C=C=C=CC)CC
8666,9790,N=CNCNCNCCN=C
8667,9791,NC=CC=C1C=CC(C)C(C)O1
8668,9792,OCC=CC=CC(C)=O
8669,9793,O=C=CC1[NH1]C=CCC1NCSC
8670,9794,CC=C1OCC(O)C=CC=C=CC1O
8671,9795,CC=CCN=O
8672,9796,CC(C)(C)CCON=O
8673,9797,NC1=CCCCC1NC
8674,9798,CCC(COCC1)CCN(C)NC=N1
8675,9799,OCCCCCCC(N)NCC#C
8676,9801,CCC=NCCPON
8677,9802,C(C)CC(CC=CC)CCC=CC
8678,9806,C1OC=C=CCN1
8679,9807,NCNCC1=CC=CC#C1
8680,9808,C1C(C)C[NH1]C=COC1NCN=N
8681,9810,OCC=CC=C=C=CCC(C)NC#C
8682,9811,C=CCCNCC=NC=CCC=O
8683,9812,OCOC(C)NCCSC(=C)Cl
8684,9813,CC=CC=CC=CCC=NC(CCF)(C)C=C
8685,9814,CCOC=C=CC
8686,9815,CC=C=CNC(C)N1CNCO1
8687,9816,C1NCC2=CCCCC21
8688,9818,C=SC1CC=CC(C)(N=C)N=N1
8689,9819,CCC(C)NCS=C=C(CC)NC
8690,9820,OC(C=C)=O
8691,9821,C=CC(C)C(C)CC=C=CC=O
8692,9822,C1=CCC=C1C=O
8693,9823,OCCCCCCl
8694,9824,CC=CN=CCCCC=C=CCl
8695,9825,CCCCCCCCC=O
8696,9826,C(C)#CCOCC=C
8697,9827,CSC=CCNCC=CC1COCC=C1
8698,9829,CN(C)CCC=CCOCCCCl
8699,9830,C12=CCC=COC=C1NO2
8700,9831,CNC(CC=CC)=O
8701,9832,C1CNC(C)C1(C)CC=O
8702,9833,C(CN)(CCC)CCC
8703,9835,COC=C=C=C(N)CCC=CNNC=C1CCOC=C1
8704,9836,CC(CC=NCC=C(C)O)NOCOCNO
8705,9837,C=CC=CCC[NH1]C
8706,9838,C[NH1]N1NC(CF)NN=NC1
8707,9840,NC(C)OC(C)C=C=C
8708,9841,N=C1CSCCC1C=O
8709,9842,C(NNC=O)=NO
8710,9843,CNCCSNC=CC=SNNC=C
8711,9844,CC=C=CCNCCCCl
8712,9845,NCCCNCC=O
8713,9846,CC#CCCC=CC([NH1]Cl)C=C
8714,9847,O1CC(C2)C12O
8715,9848,OCC#CC(C)=CC=CO
8716,9849,C[NH1]C=CN(N)C=C(C)CBr
8717,9850,C1CCC1CCN=CC=O
8718,9851,CONC=C1CC=CC=C1C=CC=O
8719,9852,NCCC=CF
8720,9853,CCCCC(C1)C=CC=CC1OC
8721,9854,OCC=CCN=CCCCOONC
8722,9857,N1CCCNC(C)=CCNC#C1
8723,9858,CN=C(C)OC=O
8724,9860,CCC=CC(C)=CN=CC(C)C=C[NH1]
8725,9861,N=CCCC[NH1]CC=O
8726,9862,C=CCC(C)Cl
8727,9863,C1CCC1=C=CCNC=C
8728,9864,CC=CNNC=CONCCC[NH1]C=C
8729,9865,CN=NCCN=CC=CO
8730,9866,NCSCCNC=CC
8731,9869,CCC=CN=CCC=O
8732,9870,CN=CCOCC
8733,9871,C1COCCCCNC=C1CCCCOC
8734,9872,CNNC=CC(C)COC=CCCC=O
8735,9873,C=CCC=CC=C=O
8736,9874,CCOCOF
8737,9876,NCNNOCN(C)CC
8738,9877,C=CC=C=NC=O
8739,9879,C(=N)=C=CCF
8740,9880,O=C=CCCCCF
8741,9881,NCC(C)CCl
8742,9882,CC=C1C=CCCC=CCCCCC=C1
8743,9883,C=CCCCC1CC(N)CC1
8744,9884,NC=CNCC=CC1CC1
8745,9885,CC(NCNCCC=CC=O)CC=O
8746,9887,O1C=COS2=CCCCC2C1=C
8747,9888,NC=C=COCCC(N)C=O
8748,9889,C1NOC2CCSCC23C1C3
8749,9890,CCC=CC=CC=CNCNC=NCO
8750,9891,COSC=C=O
8751,9892,O1C=C2CCCC=C2CCO1
8752,9893,CC=C=CC=CF
8753,9894,C=CCNCC=C=O
8754,9895,FCC=CC=CCCCC=CP=O
8755,9897,CC(C)(CCC1CCOCS1)OCl
8756,9898,CC(N)CCC
8757,9899,CCCC=CC=NC=O
8758,9902,C1CCC1CCC
8759,9903,NC(C)N=CCF
8760,9904,C(NCCCCCCl)(C1)CN1
8761,9905,C1CCO1
8762,9906,C=SC#COCCC(C=C=C=O)OC=C
8763,9907,C1CCC=C(C2)C=CC1CCCNO2
8764,9908,O(C1)C=CCCC=C1
8765,9910,C(CNC=NC)=O
8766,9911,C1COSCCC(C)C1
8767,9912,NOCC(CC1)=C1C=C
8768,9913,CN=CCl
8769,9915,C=NCC(C=C=C(C)CCC1=C)O1
8770,9916,CCC=C[NH1]C=C1CC=C=N1
8771,9917,C(N)(C)CNCl
8772,9919,COCN1C(CCCC1CO)CNCO
8773,9920,CCOCCCCCCC=CCCCC=CN=C
8774,9922,C(C)CC(C)=NC(C)C1CCCC1
8775,9923,CSC(C)CNCCCCCOO
8776,9924,C=C(O)C(C)C(=C)C=CN1SS1
8777,9925,C#CN
8778,9926,CCC=C(C=C=C=C)C=CCON=O
8779,9927,CC=CSCCCC=CC=CCCC=O
8780,9928,C=CNCC=CN(O)CC(C=CCCN1)C1
8781,9930,N1CCSCC(C)C=C=C1O
8782,9931,C=CNN=C=C1OC=C(O)C1=O
8783,9932,OC=C[NH1]CC=O
8784,9934,C12OC=CC(C)=C=C1OC=C2
8785,9935,OC(N)C=O
8786,9936,C1OC2=C3C=CCC31C2
8787,9937,OCCCCC1NC1=C
8788,9938,NC=CCC(=C)CCCC#CCN[NH1]
8789,9940,NC=CBr
8790,9941,O1OC(CC=CCl)=CC#C1
8791,9942,C=1C=CC=C(COCOC=O)C=1
8792,9943,C(C)C(C=C(C)C=C)=C
8793,9944,CC=CC=C=CCCCCC=CCCOCl
8794,9945,C1(C)=NC=CC(C)P1OOC
8795,9946,O1CCC1CCC=O
8796,9947,CCCC=CCC=CNCl
8797,9949,NCCC=CC(N1)C1=O
8798,9950,C1CC=NC(S=NNCC=CN1C)C#C
8799,9951,C1OCCCCOCCCC1OO
8800,9952,CCCCC=COOCCC=O
8801,9953,NC(CC(C)CCF)O
8802,9955,OC=SC(C12)=C1CCCC2C=CCOC=C=C
8803,9956,O1CC=C1OBr
8804,9957,C=C(CCC=NC(O)NO)C1NCNCC1C#C
8805,9958,NC[NH1]C=NCNC=C1C=CC=CCO1
8806,9959,CNC(C(O)C)C=CC=CC#C
8807,9960,COCCC(O1)COCOC1
8808,9961,CCOCC#CC#CC(=C)N
8809,9962,C1N=CC2=CC1CCC2C=CC#CC
8810,9963,C=CC=CC#CNOCC
8811,9964,CCONCCCSC1(CO)COC1
8812,9965,C=CCNNC=CC=O
8813,9966,NOC=CC#CC=CCCCl
8814,9967,C1NCC2C1C2(C)C=CC
8815,9968,CNCCNCC=[PH1]CCC=C(O)OS
8816,9969,CC1CCC2N(CCP)NC=CN=C12
8817,9970,CCC(F)C=C
8818,9971,N1CNCCNC1OCl
8819,9972,NCCCC#CC
8820,9974,OC=C(C)OCCCCC(C)C(C)C=C
8821,9975,C=NC(=CCCC=C)COC(C)(C)C1CC1O
8822,9976,CCC=CC1COC[NH1]1
8823,9977,CNOCS
8824,9980,C1ONOCCCC(C)CC(O)=NC1
8825,9982,C(SC=NC=O)C(Br)C=C[NH1]
8826,9983,COCC=CC[NH1]C=CC=CF
8827,9985,CCNCC1=C(C)CCC1=O
8828,9986,C=C=CCCCCCCCC=NS
8829,9987,CNCC1CCCC=COOCC1
8830,9988,CC=CC1=CC1=C
8831,9989,CCCSOCOC#CSCCCCC
8832,9990,CN(C)C=C=CCCN
8833,9991,NCC=C(N)CCC=CF
8834,9992,C1OCO1
8835,9993,CCCCCC#CCBr
8836,9994,CC=NCCNCCCCF
8837,9995,CC=CC=CNCl
8838,9996,CSC=C=C=CC=CCC=CC=O
8839,9997,C1(C)CCCCC=C=C[NH1]1
8840,9998,COCN=C=C=CCC=C=O
8841,9999,N=CC=C=CCCCNOCN
8842,10000,O1CCCCC=CCC1
8843,10001,BrCC=NF
8844,10002,N1COCN=N1
8845,10003,NOCC(C)(OC=CCN(C1)C=C)ON1
8846,10004,CCOCCCCCCC=C
8847,10007,O1CCCNC=C1C2=CCOCC=C2
8848,10009,O1NCC=CC=N1
8849,10010,C1=CC1(C)CC#C
8850,10011,C[NH1]NCCNC=COCC[NH1]CBr
8851,10012,OC=COCCCC=O
8852,10013,COCCCCC=CCOO[SH1]
8853,10014,C(C)C(CCCl)(C)P[NH1]C
8854,10015,CNC1=CCCC=CCC(C)C=C1
8855,10016,OCCCCC#CCC=CC#CCC
8856,10017,NCCCSCC(S)CC#C
8857,10018,C=CCC=C=O
8858,10019,CCCOCC=CCC=C=CCNC1CC1
8859,10021,O1OCCCO1
8860,10022,CC=CCCCCCCCO
8861,10023,N=CCNC=O
8862,10024,C1C(C)OC2NCCNCOS12(C)O
8863,10025,CCC(O1)N=CC=CC(C)O1
8864,10026,C=CCC(Cl)(NC)C
8865,10027,CNCC=CC=N
8866,10028,CCCC=CCC=CC(N(C)OC=NC(C)C)=O
8867,10029,CCN=CC#CNCON
8868,10030,CC(Cl)CCC=COC=C=C
8869,10031,C1COC=CNC=CC1
8870,10032,C1N(C)C(C)NC=C1
8871,10033,C1C(C2=CC#CC[PH1]2)C=C1C=O
8872,10034,C1(C)CCCCNC=CC1N
8873,10035,C12CCCC1=CO2
8874,10036,O=CC=C=CC(C)=C
8875,10037,CCC=NCCCC=CC1C=N1
8876,10038,CCCCCOC(S)C(C)CC=C=CCl
8877,10039,CCCN=NN=CC#CC=C
8878,10040,C=C1C=CCC1(C)OCCC=C=C=CC
8879,10042,CC=S=CCCCl
8880,10043,SNC=C=NCCCl
8881,10044,CCCNCN1C(NNO)CCNCNCO1
8882,10046,CCC(NCCC)C=CNOONCCC#CBr
8883,10047,FNCCC=C=CCCC=CC=O
8884,10048,OCCC=CNOC=CC=O
8885,10049,CCCNCCCC(C)CSC=O
8886,10050,[NH1]CCCNCC(C)CC=O
8887,10051,CN(CCCCC=CCCC=CC=C=N)N
8888,10052,CCC=C=CCCNC=CC
8889,10053,CCC(CC1CC=CC=O)PCCN1
8890,10055,CS=CF
8891,10056,CCC=CC=CCCCC1=CO1
8892,10057,C=C1OCC(C=CC)=CC=NCC1NC=C
8893,10058,CC(OC=CCCC=O)C=O
8894,10059,C=CCOCCCCC(C)CCC=NO
8895,10060,CC(O)CNC=C=CC=O
8896,10061,O=SCCOC=CN=O
8897,10062,CCCC(C)C(=O)OCCC#C
8898,10063,NCOCCCCCC(C=CCC=O)CO
8899,10064,CCC(C)CCCC(CO)OC=C=[NH1]
8900,10065,CN=CCC=C(C)C=NCC=CCC=CN=N
8901,10066,OC(C)OCCCC=C=CCC=C
8902,10067,CC(=CCl)CC=CCN=CC(C)CCl
8903,10068,CCSOC(C)(C)C=CCCCCC=O
8904,10069,NPC(O)CSCCNCN=CF
8905,10070,COOON(O)N(N)CC=C=O
8906,10072,COCCCOC=O
8907,10073,CC=CN(C1CCCN=CC=C1)OC(C)OCl
8908,10074,O=NCCNCC=CCC#CSCO
8909,10075,CC(OC=CC=O)C=CN=NOC=O
8910,10076,ON(C)CNCCCCCC=C=C
8911,10077,NCCS(C)(CCC)NNC1CCCCC1
8912,10079,COOCCC=O
8913,10080,OCCNC(C)CCC=O
8914,10081,CC1CCNC(C)NC(C2)OC2C1O
8915,10082,CC=CNC=CCC1CC=CC=C1
8916,10084,CCNC(NCC=C)CBr
8917,10086,CSCSC=C=O
8918,10087,CCCSNC=CC=C
8919,10088,NNCCNC=CCC1CN1
8920,10089,CCC[NH1]CCCCC=CN[NH1]C=CCl
8921,10090,C(C1(N)CC=CCF)CNN=S1O
8922,10091,O1CNN2CCC=NCC21
8923,10094,C=CN=NCC=O
8924,10095,N=CC=C(C)C=O
8925,10096,OC(CCCO1)C1=CCC
8926,10097,O(OCCNN)SC1CCCCC1
8927,10099,NC[NH1]CCC(O)C=CCCNCO
8928,10101,CCCC=CCN=CCSCOCC=CF
8929,10102,CNC(C)=CC=CCC[NH1]SO
8930,10104,CC=CCCNONC=O
8931,10105,O=C(C)CCC(N)CC=O
8932,10106,C1=CCC=CC2CC21C
8933,10107,C=C(C)C=CC=O
8934,10108,SC=NC=CCCCNCO
8935,10109,C=C1CCCC=CN(C)C=CC1C
8936,10110,CCOC=C=COC=O
8937,10111,C1C=C=CN=C=NC1(N)N=C=O
8938,10112,CNC=CC#CCC
8939,10113,C1N2C(=C)CNOPC2CNCC1
8940,10114,NC(C)(C)CC=CNCC=C=C
8941,10116,C1CC1=CC=CC(C2)CN2N
8942,10117,O=CC=CC(Br)C(NN)C=C=CNS=CO
8943,10118,NNCOC=O
8944,10119,COC1CC=CN1CSC=CC(CCCC)N
8945,10120,CSCC[NH1]CCC=CC(S)C1P=C1
8946,10121,CCC=CCC(C)C=CNOC=CCC
8947,10122,O1OCCC1(C)OCC
8948,10123,OCCNCN1C=NC=CCCS1
8949,10125,CC=CCC1CC=CC=C1C
8950,10126,OCCN=CCCC#CC=N
8951,10127,C1=CCC=NC=SC=C1
8952,10128,CCCC(C)(CCC=CC)CCCl
8953,10130,CCCNC(C)CN=CC#C
8954,10131,O1CCC(C)=C(C)CC1
8955,10132,O1N(C)[NH1]CC(C)C=C(C2)C=CC=C21
8956,10133,BrC=C(C)S=C=CC=C(C)C
8957,10134,CCNCCCF
8958,10135,CC1C=NC(C)(C)C=C=C1CC=C
8959,10136,O(C)CC=NBr
8960,10137,NCC(C=CCC(=C)CC=C[NH1]C1=C)N1C
8961,10138,OCCCONCC=O
8962,10140,OC(C)OC=C(COC=C)F
8963,10141,N=CCC=CCC=CC(=N1)CC1C=C=CI
8964,10145,N(CC)C=C=C=O
8965,10146,OCC(C)=NC=CC=O
8966,10147,COCCC1([NH1])CCOC1
8967,10148,NC=CCC=COC=NC=C=CC=CC#C
8968,10149,N1C=NC=C=C2N=C=COCC12
8969,10150,COCCCC1CNCC#C1
8970,10153,C=C(N)C=CS(C)N=COC
8971,10154,CC(C)NC=CC=NC=O
8972,10155,COC[NH1]CCC=C(C([NH1])C)C=CN=CN=O
8973,10156,COCCNC1C=CCCC1=CCC2=NNNCN=N2
8974,10157,OC1(CCC=C(N)CC=C=CC=N1)Br
8975,10158,C=CCCC1=CC=CC=C1S
8976,10159,CC1=CCCC1C=O
8977,10160,CNC=C=C=CC=CCCN=NC
8978,10161,C=CCOC=CCC=CC=C
8979,10162,CCOOC1(C)C[NH1][NH1]COCSCC1N
8980,10163,OCOCC[NH1]CCCC=C
8981,10164,OC(C)CCC=CC=S
8982,10165,O=COCCCl
8983,10166,PC=C(O)CF
8984,10167,NCCC(C)=CC=CC
8985,10168,CCCCCC=CC(C=O)Cl
8986,10169,NC(C)(C(=C)CC=O)CCN=O
8987,10170,C=C=CCOOC1C=CNC1(C)O
8988,10172,C(NCNCC=CC1C2=C3C=CO2)NC=NCC1OO3
8989,10173,C=CC=CC#COCC=CCCCC=NC=COCC=C
8990,10174,C=CC#CCCCCCOC=CC=O
8991,10175,CC(C=CNC=CCCCC)CC#N
8992,10176,O=CCCSCCCN=O
8993,10177,NC=C(C=O)CSCC#N
8994,10178,CC(CCC=C)C=NCCC#C
8995,10179,C1C=C(C)CC=CC1OC=CC=CN
8996,10180,C=C1OCC=C=C1C=O
8997,10181,O1OCNC=CC1NC
8998,10182,COCC1CCC(CN1C)S
8999,10183,N=C=CCCOC=C(C)N=C=S
9000,10184,NC=CNCN(C)CCCN=C
9001,10185,OC1=CCCCC1(C)CC=O
9002,10186,OCCC(C)CC=C
9003,10187,CCCNCl
9004,10188,OC(C=O)N
9005,10189,C1OOCC=COCCC1=CN=CO
9006,10190,CCCC=CCOCCCN
9007,10191,C=C=NCBr
9008,10192,S1C=C=C(C(C)ONC12C)S2
9009,10193,C1(C)CC=CCCC1CC=CCCF
9010,10194,CCC=SCC=COCC=C
9011,10196,CCCC(C)=C(C)C=C=O
9012,10197,CCCNC(C)=C(C)COC=CC#C
9013,10198,C1CC1=CCC=C=CCNN
9014,10200,O1CONC(C)NC=C1
9015,10201,OOCCC=CC(C)C=NC1N=C1O
9016,10202,C=CN1C(CCOOSC1CC2)CC2
9017,10203,CCCOC(C=C=CBr)CNC=C
9018,10204,CCC=CCCC
9019,10205,CC=CCC=CCCC=CCCC=O
9020,10206,C1NS=NC1C=C
9021,10207,NCCSC(C)S=O
9022,10208,CCCNCN=C=CC=CCNCOO
9023,10209,CCNC1=CCCC1C=C=O
9024,10210,NCC(C)CCC
9025,10212,OOC=CCC=CCN=CC1CC1=N
9026,10213,OCOCCNCCC=O
9027,10214,C1CCCOC=C1
9028,10215,C1SCCCCS=CSON1
9029,10217,CCC=NCCl
9030,10218,CC(OCSOOCC[NH1])N=NNCOCC#N
9031,10219,C=C(C)CCC=CC(=CCCC#CNC)OC=CCO
9032,10220,C(C=CCC)NC=CS1CCCSC1
9033,10222,C1CC(C=C(O)CC1C)C[NH1]I
9034,10223,C1=CON(C)C1ONC=O
9035,10224,CC1=C=NCNCCC(N)CC1
9036,10225,FCC[NH1]NC1C=S1O
9037,10226,CCCC=CC=COBr
9038,10227,CNON=CCCCCCP1CC1
9039,10228,COCCN=CO
9040,10229,CC=CCNCC=CN=O
9041,10230,CC#CCC=CCC=CNCCO
9042,10231,CCC(C)C=CC#C
9043,10232,C=CCC=COCS=CCCCC#COCONCC=O
9044,10234,OCCC=CCC
9045,10235,CCCCNCCF
9046,10236,C=C=CC=C(CCC=CC1(CN1)CC)SOI
9047,10237,OC(C)=NCC=O
9048,10238,ClC=CC=NC#CC(C=O)C
9049,10239,CCC=CC=CC=CC=CC=O
9050,10240,NC(Cl)CCCCNCF
9051,10242,NC(CN)C=CNC(O)C=C
9052,10244,NNCC=C(C)C(NN)=O
9053,10245,OC=CC=CC(C)CC=NONNC#N
9054,10246,OC(N1)NC(N)(C[NH1]CCC)O1
9055,10250,C1C=CC(C)CC1O
9056,10252,CCC=CN(C)C=CC=O
9057,10253,OOC(C1)=CC=CC=NCC=C(CC1S)CO
9058,10254,O=CC1=CC1COC
9059,10255,N1NC=CC2C3C=C=CCC3C=C1CNC=C2N
9060,10256,C=CCC(O)C=O
9061,10257,C=C=CCCN=CCOCC#C
9062,10258,N1CNC=CC1CC=O
9063,10259,CCCCSC=O
9064,10260,CCCCCSCC1C=C1C=NSCOCN=C
9065,10261,INC=CNC(C)=NC1SCCC1
9066,10262,C1C(N)CCC(C2)C2C=N1
9067,10263,C(CCCC)CNOO
9068,10265,CCCC#CC(C)SC=C=N
9069,10268,C#CC=CCCCCCCCCP
9070,10269,C1=CCCC=CC#CCN1
9071,10270,CN=C=C(CC=CC=O)C
9072,10272,C(C)NCC=NNC=O
9073,10273,COC=C=CNCCCCO
9074,10274,CNNCC=CC=CNC(N)CCO[NH1]NC(C)PCCN
9075,10275,CC=NCNC=C=NC=CCNCC
9076,10277,O1CCCN(C)C=C1C=O
9077,10278,CCCC=C=C=CO
9078,10279,C=CONC(=NC)OC=CCOCO
9079,10280,CCCCN=C(C)OC=C1C=C1
9080,10282,CCCC(C=CCN)(OCCCC=O)C=C
9081,10283,CC(OCC(C=C=CN)CC[NH1]C)C
9082,10284,NCN(C)CCOCC=CCF
9083,10285,OCCCCO
9084,10286,CCCNCC1CNCC=CN1
9085,10287,O=COC(NC=O)C
9086,10288,CCC=CNC(=O)CCCC#C[NH1]S
9087,10289,OC=C
9088,10291,C(C)NC=C=O
9089,10292,CCCNCCNNC(=N)C=NC=C=C=C
9090,10293,C1=CCCC=CN=CC(O)C1(C)C=SC
9091,10294,C(C=CCNC(C)OCC=C=C)=P
9092,10295,ON=CC=NOCCCC(=C1)OOOO1
9093,10296,C=CC=SC#CCCOOCNCNCl
9094,10298,O=C=CCC=O
9095,10299,COC1[NH1]CCC(C)CN(C)CO1
9096,10300,C=CC=NO
9097,10301,OCC=C(C)C[NH1]CC#CC=CN
9098,10302,CCC(C)=CCCC=C(C1)C1=N
9099,10303,C1=CCOC(C)CC=CC1C
9100,10304,C=CCOC=CC=COC=O
9101,10305,C=COC=CCC(C)(C)C
9102,10306,NCC=CONSCC(Cl)CCC
9103,10309,CCCS#SC=CC=CCC=CC
9104,10310,C(C)(COCC)CC=CC(=C)C#SO
9105,10311,CCCC(S1)C#CCCCCN=C1
9106,10312,CCC=NOC(OC#C1)(C)C1N
9107,10313,ClCC(CCC1=O)C=CCCCNC=C1
9108,10315,CNCC=COCOCCN1N=C1
9109,10316,OC=C=CCCCSC(C)N=O
9110,10317,CNC=CC=CCCCCC=O
9111,10318,C=CC=CCCC=S=O
9112,10319,CCC1C2=C(C)C=CC=C=C12
9113,10320,N[NH1]OOCC(C1)CS1=N
9114,10321,CCCC=CC=C=O
9115,10322,CCC(CO)C=O
9116,10323,CCC=CCN=O
9117,10324,CCOCNC(C=CCOOCC=C=CCCCO)NN=C
9118,10325,CC=CCC(C)CCCC
9119,10326,CCC=CC=C(C)CCCCl
9120,10327,COC=COCC=CCC=CC=CF
9121,10328,CC(C)C1ON=CC1(C)COC=N
9122,10329,C=1=CCC(C2)C2N=1
9123,10330,NCCCCC=CC=C
9124,10331,O(CCCNCCl)[NH1]
9125,10332,CCC=CCCCCC=C=O
9126,10333,CCC(O)CC1(C)C2N=C1CC2
9127,10334,C=C=CC
9128,10335,CN=CNCCC=O
9129,10336,N1CO1
9130,10337,CCOCC(CC=CC1C)CC(C)C1CC=O
9131,10338,CC=CC=CC=CC=O
9132,10339,ClC=C=NNC(N)C=C=O
9133,10340,C1C=CC=C1ONCC=CCC=O
9134,10341,C=CC=COCC=C=C(C)C=CCCC
9135,10342,OCN=NC=CC=CCCCF
9136,10343,CC=CCNCC1CCON=CC1
9137,10344,O=CCCCN(OCN(N)NN[NH1])ONC=O
9138,10345,CC(Cl)C=CCCCBr
9139,10346,C1=CC(C1CO)ONN=CCOC#C
9140,10348,COCCCCC=CCCCCONCC
9141,10349,C=CC=CC1N(CCC=CNCC2)CN12
9142,10350,OCNSC=CS(C)C=CCCCCC#N
9143,10351,CCC(CN=C)CN=C
9144,10352,N=CC=C(N)CCC#CC=O
9145,10354,C(O)CCC=CCCC=CF
9146,10355,NON1C=CCOCCC(=C)CC1
9147,10356,OC=CCC=C=CCCCC(C)=CCCl
9148,10358,COCSCCCC=CC=CC=C=O
9149,10359,CC=CCCC=CC=CCC=O
9150,10360,O(OC(C)CCl)CN=CPC1C=CC=NO1
9151,10363,OCC(C=CCC)C(C)=O
9152,10366,C=C=CONC=CC1C(O)C=SCCC(N)C=C1N
9153,10367,CC=CCCCC=O
9154,10368,COCSC1OCCC=C=C1O
9155,10369,O1NC2C=C1CC2(C)O[NH1]
9156,10370,NCCNCOC1C=C1C
9157,10371,CC(O)CCN=NCCCC=C
9158,10372,CC=CC=NC(O)NCC1=CC=CO1
9159,10373,ONC=C1C(C)C(C)C(=C)C1NN=N
9160,10374,C1CC2=CS[NH1]C2C1(C=C)N3CC3N
9161,10375,CC(C)N(C)CCC=O
9162,10376,CC=CCC(C)CCCCC#N
9163,10377,CCCC=COC(C)CNCCCCCl
9164,10378,C1(C)(N)CNS1
9165,10379,OC(=C)C(=C)C=C(C)C=CN
9166,10380,CN(C(C=CC)CCC1)C1C
9167,10381,CCCC(CC=C(C)N)(C)C=N
9168,10382,CCCC=CC=CC=O
9169,10384,C12CCCCNC(C)N1C2
9170,10385,CC=NC=NCN=C=NONCC=CC=CC#CC=NC
9171,10386,OC=C(C=C=O)C#CC=CCC=CC
9172,10387,NCC(C)NCCPC1CCCC1CNCC=COO
9173,10388,C=S=C=CCC=CC=CCC=C=O
9174,10389,OON(O)CCOC#CCN
9175,10390,CCNC#CCCl
9176,10391,NCC=CCCNCCCC=CCC=C(CC=C=C)N
9177,10393,COC(C)C1=CC=CCCC1N(C=CON)Cl
9178,10395,N1CSC1=CC=CCCCSC[NH1]C(N2N)C2
9179,10396,C=C=CCC=CCC=C
9180,10397,CCCC=NC=CCOC1=CC=C=CN1NCOCCl
9181,10398,C(C)CCCC=CC
9182,10400,C=CC(C)=O
9183,10401,CCC(Cl)SS=C=CF
9184,10402,CC=CCC=CCC=CC(C)C=CCNCC[NH1]C=CC
9185,10403,CCC=CC1CC=CCC(C)=CCN1
9186,10404,C(C)NC=CC(C)=C(C)CC
9187,10405,C=CCC(C)C=C1CC1=C
9188,10406,C(C1)C1N(C)CC=SO
9189,10408,CC=NCCC=O
9190,10409,CCCCC=CCC=CC(C)Cl
9191,10410,NCC(OCC=N)CCNC#CNCO
9192,10411,C1CON=C2CCONN1OC=C=CO2
9193,10412,CC=CCC=NC=C(CCl)C=C
9194,10413,OC=CNC=O
9195,10414,CCCCCNC=[PH1][NH1]C(C1)CC1
9196,10415,CNCC=CC=CCC(NCC)C=CCC=O
9197,10416,CNC=NCOCCC=CONC=NO
9198,10417,ON=S=COCCC=CC=O
9199,10418,O=CCCNCCC=CC=O
9200,10419,CCN=CC(C1)=CCC=C=C1CC
9201,10420,CC=C(CC=CC)OCOCCC#CC=O
9202,10421,CCCNCOOCCCC=CN=C
9203,10422,CCNC=CC=CCC=NBr
9204,10423,CC1C=CC#CN=C(C)CC=NC1
9205,10424,CS1=CCCCCC1
9206,10426,COC=COC=CCC=C
9207,10427,Br
9208,10428,CC(C)CCC1CCC[NH1]1
9209,10429,CNCN=CC(CCCNOCO)CC=C=C
9210,10430,CC=CN(C)CC=CF
9211,10431,SCOC=CC=SCCCOC=CCC=N
9212,10432,CC=CNC=CC1=CC1
9213,10433,N=NC=CC1CC1
9214,10434,CCC1=CCCCCCCC(C)C=C=C1
9215,10435,CCCC1COC=NC1(C)C#C
9216,10436,O=CCC=CC(C)C
9217,10437,O=CSC=O
9218,10438,CCC=C(C)C1C=C1
9219,10439,S(C)C=NOCC(C)S
9220,10440,O(C=COCC)C=O
9221,10441,CC=NC1CN[NH1]OCOC=NCCC1
9222,10442,CNCCCN(C)C
9223,10443,CCCCC=C=SC=O
9224,10444,NN=C=CCN(C=[NH1])C
9225,10446,C1=CN=CCCOC1O
9226,10447,CNC(C=CCC)C(N)C=O
9227,10448,CNC(C)=O
9228,10449,C=CCCCNC=S=C
9229,10450,CC=NC=CCCC=CN1N=CN=C1NC
9230,10452,CC(=C)CC(O)CCC(C)=C
9231,10453,NC=NCCC=CCC=CC=CN=O
9232,10454,NC=CCCNNOCCC=CCCCC
9233,10455,C=CCCC(C=CNCNO)(CNC)C=N
9234,10456,CCCCC=CC=CC=O
9235,10457,C(C)(C)CCCl
9236,10458,C=COCN=C1C(C2)=C(C)C1O[NH1]NN=CC=C2
9237,10459,CCCC(O)(C)CCC=CC(C)C=O
9238,10460,C1(O)(C)C(C)CCC(C)C1
9239,10461,CC=C(O)CCCO
9240,10462,CC=C(CCSC(CCCC)=P)CN
9241,10463,OCCC1(CN=O)CC=C1C=C
9242,10464,O=CC(OCCCC=O)N
9243,10465,O1CCC(C)C(Br)[SH1]NC=S1
9244,10467,C[NH1]CCl
9245,10468,COCCC=C=C
9246,10469,CCNCC=NCCCC(C)CCOC=C=C
9247,10470,CCC=NCCONOCCCCl
9248,10471,CCNNCC(C=O)N=C
9249,10473,O1OCN=CCNCC1(CN=O)C
9250,10475,C#CC(Br)CCCl
9251,10476,CNC=CCCl
9252,10477,CC=C=CCCCF
9253,10478,C1N=CCC(C=2)C1C=2C
9254,10479,C(C)=CCCNBr
9255,10480,C=C=CCC=SOCCNC(C)=CN
9256,10481,N=S=NC=O
9257,10482,OCSCCCC=CC=O
9258,10483,CN1CC1C=CN=C
9259,10485,CCCCCCCCN=O
9260,10486,CCCNOCCl
9261,10487,C1CCCC=C=CC1C
9262,10488,CCCC=CSC(C)C=CC=CC=O
9263,10489,CCCN=C(C)CCCC=O
9264,10490,C(N)CC=C=O
9265,10491,CCC=CCC=NC1CCC(C)C1C
9266,10492,NN(N)OC=CCC(N)C(OOO)CC=O
9267,10494,O=NC=O
9268,10495,CCC=C1CCOOC1CO
9269,10496,CNC=C=CCCNCNCC=C=NO
9270,10497,N=CCCNOCCl
9271,10498,C1C(C)C=CNCCCC=C1
9272,10499,C(C)CCCC1CCCN=CCC=C=CC1O
9273,10500,C=CCC#CCC=CC=C1C=C1C
9274,10501,CCCCOCC=C1CC=NCO1
9275,10503,CC(CCC=CCC=N)(C)CF
9276,10504,NC(C1C=C=O)CC=C1
9277,10505,N1CNCCCCC=C=CC=CC1
9278,10508,CCCCSN=C(O)CC(N)=CC=C
9279,10509,NC1=CCN(C)C1C=CCC=C
9280,10510,C=CCCC=C(CC=NC(C)CC1=C)C1
9281,10512,OCCOC=C1C(C)S(=C)CC1=NCN=O
9282,10513,CC=CNN(C=CC=C(C)CC)CF
9283,10514,FCCC1(C)C=NC1C(C)NC=O
9284,10515,C(Cl)CC(C)OCCC=N[NH1]
9285,10516,CNCC(=N)C=CCCCCCCCC
9286,10517,CCC1=CC1N=NN=C=C
9287,10518,CCNCCC=O
9288,10520,O1C(C)NCCCC1C(C=CC=C=C=CC2)O2
9289,10521,CCC1=CC(N)N=CC=SO1
9290,10523,OCCC=S(CCNOC)CC(C)COO
9291,10524,CCCCCCCC=C(C)C=NON
9292,10525,C1NCC=C1C=O
9293,10527,CCCCCNCCC1CC1C
9294,10528,CCCCOCCl
9295,10530,C1CCC(C1)CCCCC=C=O
9296,10531,C(C)N=NCCC=O
9297,10532,C=C(N=CC=C=O)CC(C)Cl
9298,10534,C(CC=C(C)C1O)C=COC1
9299,10537,CC=CC=1CC2=CC2=1
9300,10538,CCOCOC=O
9301,10540,C#CNC=CN=C=NCC1C=C1
9302,10541,NCS=CCC=O
9303,10542,C=CNNCNC1C#CN=CC1Cl
9304,10543,CC(N)NC=O
9305,10544,NN=C=CCF
9306,10545,C1COC=CCCCC=C=CC1
9307,10546,OCC(C)CCCC
9308,10547,COBr
9309,10548,C1(CCC=C1)C=CCC=C=C
9310,10549,NCCC=CC=C=O
9311,10550,C1CCCNC(C)C=CN1NON
9312,10551,CCCCC1=CC(=O)NCC=NCCO1
9313,10552,S1=C=C=CC1(C)O
9314,10553,C=CNC(CCCC=O)=C=O
9315,10554,O1CC=CC1(CBr)F
9316,10555,CC=CNNC=CC=CC=CCOCF
9317,10556,C=NOCC=CCN=N
9318,10557,OCSCCSCl
9319,10558,OCCC1CC=NC=CC#CC=C=C1O
9320,10559,C1C(C)COC1
9321,10560,CCNCCOC(C)CC1=CC1
9322,10561,ONC=CCC=NCN=O
9323,10562,NC(O)C=C1CCCCC1Cl
9324,10564,CC=SN=C=CC=CCC#CCCOO
9325,10565,CCOCCCCCC=NC1CO1
9326,10566,CC=CCCCC=C(O)O
9327,10567,N(C)C=CCCCC(C)C=CC
9328,10568,C1CC(C2)=C2C=CC=C1
9329,10569,CCCNC(N)CNNC1(O)OC=CO1
9330,10570,N=CC=C1CC=C=C=CCN=C1
9331,10572,C1C=CCC1(C)CC#CC
9332,10573,NCCBr
9333,10574,CCC=C=CCC=CC=CNNCCCBr
9334,10575,CCCCOCCC=C(O)C1C=C1N
9335,10576,CCCCC(C=O)C#C
9336,10577,COON(C)NCC(C)CC#CO
9337,10578,CCCC=NCNCC1C=C1C
9338,10579,NCC=C=C(C)CC=C=C
9339,10580,CSCC=CC=CCC=C=N
9340,10581,NCCC=C=O
9341,10582,C1(=CCCCC)C=C1
9342,10583,CCC=CF
9343,10584,COCCCCC=CCON=CNC#C
9344,10586,CCC1=CO1
9345,10588,COC=CCCCC=NC=CCCCCl
9346,10589,C1CCCC1CCC=O
9347,10590,CCCC=CNCF
9348,10591,CC(C)C=CC1=CCSCC1
9349,10593,C1CC(CC)C(NS1)NC=CCC=O
9350,10594,C(C)=CCNNC=O
9351,10595,N1CCCOCSCCC=C1N
9352,10596,OC(=C1)C=C=C(N2)C2ON1
9353,10597,C=C=C(O)C=C=S=O
9354,10600,CC(O)C=CC=O
9355,10601,OCCCCCCC#C
9356,10602,CCCCC=C=CCl
9357,10603,CCOCNC=CC=CCF
9358,10605,CC1=CCOC=C=CCSCCOC=C1
9359,10606,NCC=C(NC)CCF
9360,10607,NCN=CCC(C)NCCC=O
9361,10610,CNC=CCNOC=O
9362,10611,C=CC=CCC=CC=O
9363,10612,CCC=CCCC#N
9364,10613,C1CCCC1CC=O
9365,10614,CCOCCC=NCCl
9366,10615,NNNC=C(C#CF)C=O
9367,10616,CNN=CC=C1C(C)OCC1=N
9368,10617,CC(C)CCOCC=O
9369,10618,COCCC(CCC)CCCC#CC
9370,10619,CC=CC=CCBr
9371,10620,N1NCCC(C1C)C=C=C
9372,10621,NC=CCCC=O
9373,10622,C=CCC=C=CCC=NN=CCN
9374,10623,C1#CCCC1C
9375,10624,CNOC=CNC=CCC=C=C
9376,10625,N(C)C=C(C)C=C
9377,10626,O1CC=CCC=C1OC(C)OBr
9378,10627,CCC(N)=NNN
9379,10628,CONC=CC1(Cl)OCCC1
9380,10629,CN=CC=CNNC=COC
9381,10630,N1C=CC=C1C
9382,10631,CN(CCCl)CCOCC=CC
9383,10632,NCCCNC=CC=CCl
9384,10633,CC(C)C=C=C
9385,10634,CCNOC(N)CC(C)C=CCOC(C)Cl
9386,10635,C1=CC=CCC1
9387,10636,C1CC2CNCCC21C
9388,10637,CCCC=CC(C)(C1)N=C(Br)C1CCC=CN=N
9389,10638,CSCCCC=C
9390,10639,OC(CCCC1=CCOCS=C)C=CNCCCC1
9391,10640,CCSCC(C(=C)CC)O
9392,10641,N1OC=C(C2)C2C1[NH1]
9393,10642,C(C)C=CNC(=C)C(C)OCN=NNC
9394,10643,CCCNC=CSC(C)C
9395,10644,CC=COC(C)CCF
9396,10645,C=C=CCPN=O
9397,10647,O1C(C)CC(S)CC1
9398,10648,CCCC1(O)CC(OC=CC=CC2=O)=C21
9399,10649,C1(CC)N=CC(C)=C=CC#CC1
9400,10650,C1NONC1ONCOCC=NO
9401,10651,NC=NC=CCCC=CC=C
9402,10652,N(Cl)CCC=CCCCCC=CO
9403,10653,CCCC=CC=CCN=CCC=C=S
9404,10654,CC=CCCOCC=CC=CC=S
9405,10655,C1C=CC=NSCC=C=C1
9406,10656,C=CCC=CCC(CNCN)NCC=C=[SH1]
9407,10658,CCCCOOC(CCC=C)=C=SOC
9408,10661,CCN=CCCNC=CC=O
9409,10662,NOC=CCCO
9410,10663,CCSOCN=O
9411,10665,NCCC=CCC(O)C1=CC1
9412,10666,CC(C)C=C=CC(C)OON=CCC=S
9413,10667,O=CCCNCOOCC
9414,10668,CN[NH1]CCC(=C)C=CC(C=O)NCC1CC1O
9415,10669,C=C=C=C(OOCC=S=CC)C=O
9416,10670,CC=NCOC1=CCCC=C1CS(O[NH1]2)N2
9417,10672,C=CC=C1NC=CCC=CCC=C1
9418,10673,CCC=CCCCCC(O)COCl
9419,10675,CC=NCNCCCC=O
9420,10676,NCCCC(C=C=C=C)[NH1]CCCN
9421,10678,C1CC=CCCCCC(NN)C1
9422,10679,OCCC=CC=CC=CF
9423,10681,O1CC=C=CCOC=CCC=C1
9424,10682,CCCCCC(C)C=O
9425,10683,CCCC=CN=NNCONC
9426,10684,CCSC=CC#CCCCC=C=C
9427,10685,CCNC=CC=CN=C
9428,10686,C(CCCCCCCCC=C)(C)F
9429,10688,NCNC=C1CC1(C=O)C
9430,10689,C=CC1=C=C(C)CC=C1
9431,10691,C=C(C)CCOC(CC)CCCC=NC
9432,10692,OPC(C)CC=CCS(C)#C
9433,10693,C1C=CC1CCC(C)=C2OC2
9434,10694,N=CC(NNC(CC=CC)CC1)C1
9435,10696,C=C1CNNC2=CC2(O3)C13
9436,10697,CN(N)CC#[SH1]=O
9437,10698,C1CCCCCC1=O
9438,10699,NCCCC=CC=CC=CCC=C=O
9439,10700,CNCCNCC=C
9440,10701,CCC=CCCCC=CCC#CCCCCC(ON)I
9441,10702,CCCC=CO[NH1]C=C(N1)C1C
9442,10703,CCC=C=CC=CC
9443,10704,C1(CCCCl)=CCN1[SH1]
9444,10705,CCC1(F)C=C(NN1NC=CC=COSN=CC)C=C=C
9445,10706,C=NCCCC=NOCl
9446,10708,CN(C=O)N
9447,10709,CSCCCCOC(C)C=CF
9448,10710,CCC=CC=CC=CC=C=NC#CC=O
9449,10711,CCCNC(C(C)OCOC)NC=N
9450,10712,CC(C)CC=CCNCCC=C
9451,10713,C1NCCCC1(C)N
9452,10714,C=C1N=CCN=CCC=CCC=C=C1
9453,10715,OCC=CC=CC=O
9454,10716,CCNCNCON(C)CCCN=O
9455,10717,OCC=C=CC=NCNC=C(C)O
9456,10718,CC(C)CCCCN
9457,10719,C(C)OC#COC=C=C1OC1C
9458,10720,CCNN=C(CC1CC)C=CCC=CC[NH1]C1C=O
9459,10722,C=CCC=C=CC
9460,10723,OOCCC(N=C=CC)=NS1CC1
9461,10724,C(CCCC=NCONCC)=O
9462,10729,OOCC(Cl)C=C=CCCCC=C=NN=C=O
9463,10730,C=CC=C=CC=CCCCC=C(C)C
9464,10731,CCC=C=CCCCCC=C
9465,10732,C=C1CCC=CN=C1
9466,10733,NC=C=NC=O
9467,10734,CC=CCCCC=C=C=O
9468,10735,OC1OC1
9469,10738,C1CC=CC=NN(C)CC=CC1[NH1]N
9470,10739,CCC(C=CCC)CN=CC1CNC=NC=CCCCC1
9471,10740,CN(C)C1CC1
9472,10741,O1CC#CCN(C2)N=CCPC21
9473,10742,NC(CCCC)NBr
9474,10743,ONCNC=C=C
9475,10744,C1C23COOCC2CCC=NOC31O
9476,10745,CC(CCC=CSC=O)CC=O
9477,10746,C=CCC#N
9478,10748,OCOC=C(OCCCF)CCC(=C)Br
9479,10749,N=1C=C=1
9480,10750,OCCC(C)C=CCCSCCC
9481,10752,OC=CCCC(C=C(C)CCC1ON)OCCN1
9482,10754,CCC=CC(C)CC=O
9483,10755,C1=C=CC1NC=O
9484,10756,C(C)C=C=C1CCCC1N
9485,10757,O1C2=CCCOCCSC21
9486,10758,CNN(C)N[NH1]
9487,10759,C12=CCC1(C)OC=C=N2
9488,10760,OC=C=CC=O
9489,10761,N1CNC=CCC(O)C=CO1
9490,10762,CCCOCNCCNCC=O
9491,10763,NOCC1C(N)CC1C=CC[NH1]
9492,10764,CC=CC=CC=CC=CC(N1)C1=C
9493,10765,OC=C=NC=CCCCCCS(C)CSC=O
9494,10767,NC=CCCCONCCC=NC=N
9495,10768,CCCN=CCCF
9496,10769,C#CCBr
9497,10771,CCC1CC(C=CC=O)CON1O
9498,10772,CNNS=O
9499,10773,O1C=CCOCS1(S=NCCCN(C)Cl)C=C
9500,10774,ONCCCN=CC=CC1C=C1
9501,10776,CNN(C)NBr
9502,10777,OC=N[NH1]NC=CCCCl
9503,10778,CCCC=CCCC=CCC(C)CBr
9504,10780,CCCCCN=CNN(CC(C)C=CCl)ONOC
9505,10781,N=CC=C=NC[NH1]Br
9506,10782,NCCOCF
9507,10783,C#C
9508,10784,COCCCNC=CF
9509,10785,C1NCC#C1
9510,10786,COCC=C(C=NC=CC=COC=CC)NCCO
9511,10787,C=C=NOCCN
9512,10788,C1=C(C)CC=CCCCC[SH1]1CN=S=N
9513,10789,C#CCC=CC=CC(C)C=O
9514,10790,CCC(C=CCC1)=C=CCCCCC2C1N2
9515,10792,NN=CC=NCSC1=CCC1=C
9516,10793,CCCCC=CC(C)C=O
9517,10795,CSC(O)=NCN=NCC#CCCCCO
9518,10796,CCC=CCNC=CC(=CCl)OO
9519,10798,CCCC=NC=NOC(N)(C)CS=N
9520,10799,NSCCCCCCC(C)C
9521,10800,CCC=1CN(CCC=C)CSC=CSC=1S
9522,10801,C12C=C=CC1=CCOCOCNO2
9523,10802,CC1OOCCC1(O)C
9524,10803,C1CCC(COC)(C)NCO1
9525,10804,C=CC=CC1(NCCCC(=C)C=N)C=CN1
9526,10805,COOCSCC=COC(C)CCN=C=NO
9527,10806,N1NOCC(CC=O)=CCC1
9528,10808,CN=C=C
9529,10809,C1#CCC1
9530,10811,CC(N)COC(=CO)OC=O
9531,10812,C1C=CC#C1
9532,10814,C=CCC=CN=CNSNCC
9533,10815,CNCCCCCC=C
9534,10816,C1ONCC=C=C(C)C=C1
9535,10817,NNC=CC(C)=C(CC=O)C=C=N
9536,10818,CC=C(CCOC(CN=C)C)Br
9537,10819,C1C=C2C=C(O)CC12C
9538,10821,CC(C([NH1]1)C)(C)SC1COC=CC
9539,10822,C1CCCCNCCC(C)N1C
9540,10823,CCC(C)(N)CNC1=CC1NC=NBr
9541,10824,NC(OCCO)N(N)CCCCOCCCI
9542,10825,CCOCC=C=SOF
9543,10826,O1C=C1O
9544,10827,OC(O)C(CC=N)C=C(O)C=COO
9545,10828,COC=NC=CCC=O
9546,10829,C1NC=CCCC1S=O
9547,10830,CC=CCCCN=CNCCOCC
9548,10831,C1=CN1CC#CCC=CS
9549,10832,CCNC=C[NH1]CCF
9550,10833,CCCC=C=NCNC=O
9551,10834,NCC=NCC=O
9552,10835,C=NC=C=O
9553,10836,C1=CCCOCC(O)C(C)C=C1Cl
9554,10837,CC(C)=CCC1C=C1C
9555,10838,O=CCC=CNCC=C
9556,10839,C(C)CNCCCC#CCl
9557,10840,C(C)NCC1CC=CNN1C=O
9558,10841,CC=C=CCCCC1CC1
9559,10842,FCC1CNCC1COOC
9560,10843,C=CC=COCN(C1)S1
9561,10844,C1C=CC2C=CC=CCCC2C=C1
9562,10845,CNC1(C)CC=C1C=C=C=CC=CBr
9563,10846,C1N2N(CC)C2CNN=PNCC1
9564,10848,O1CCCCC1(N=CCC)CO
9565,10849,N=CC=C(CC=CC)CCC=CCC=C(C)C=O
9566,10850,S=CCSCNC=O
9567,10851,NCC(C)=CC=NCCOBr
9568,10853,N12SC(C)C1NCNC2N=N
9569,10854,CCC=CS(N)(C=C)NO
9570,10855,C=CC=CNCN(C1)N1O
9571,10856,C=CCCOCN=NCC(ON=CC)=CC(=C)Cl
9572,10857,CCC=CC=CCCCC=CCCCC=O
9573,10858,O=CCCl
9574,10859,CCSNCOCOCCC=N
9575,10860,CC=CN=CC=NC=O
9576,10861,CCC=CC=CCl
9577,10862,OCNOCCCCSCN=C=C=CC=CC=NO
9578,10863,C(CCCC(CC)C=O)CC#C
9579,10864,OCCNOC(C(C1)C1)CNC
9580,10865,C=CC=C=CCCC=CC=S=CC=C=O
9581,10866,CC=CCCCCSCC=O
9582,10867,N=C=CCCCNCN=CN=C
9583,10868,C1C=CC=C1F
9584,10870,C=CC=CCOOCCF
9585,10871,C=CC(C)(CC=O)CCCCNC=O
9586,10873,CN1C=C2CSCCC1=C2C
9587,10874,CCNCON=O
9588,10875,NCCCNC=O
9589,10876,CCNCC=C=CC=CNCCN=N[NH1]NC#C
9590,10879,CNC(N)CCC=O
9591,10880,CC=C1COC=CC1=CCCOCN
9592,10881,CCC=CCNOCC=O
9593,10882,CC(C)(C1)CC=C(CN1C)CBr
9594,10883,C(CCCC)CCCC=C
9595,10884,CCCCCCONNC=C1CC1
9596,10886,COCNC=NC(C)CC=CCCCN=O
9597,10887,C=CC=CC=CCC=CCC=CN=C=C
9598,10888,O1COC1C=C(N)CC=C2CC2
9599,10889,O(C)OC=NCCNCOO
9600,10890,C=CCCOCC[NH1]C=C(C)CN
9601,10891,C1C=CCC=CC=CC#C1
9602,10892,N=C1C2NCC1(C)NCNC=CCCOC2
9603,10893,C1CSC(C)=NC1=C=N
9604,10894,C1CC=C1C(C)CCCS#S
9605,10895,CC(F)CC(C)(C=CC)SC=S
9606,10896,C1=C(C)CCC1O
9607,10897,OCCNCCCCCCCN(C)CC=O
9608,10899,C12CC=C=CC=CC(=SC3N1)C32
9609,10901,O=CC=CC(CCCC=NC=C1)[NH1]1
9610,10903,CCCCNCSCCC=CCOC=C
9611,10904,NNC=C1CCCC=C1CCl
9612,10905,CC=C=CN=C=CNC=CC=CCCC=CCF
9613,10907,CC=CC=COC
9614,10908,COC(=C)Br
9615,10909,CC(C)N(C(O)CCSC=CC=1)CC=1
9616,10913,CNC(C)CCCCC=C1OCC(C)CC=C1C
9617,10915,N1CNOCC1CCCNCCOC
9618,10917,C=NCC(=O)C(C)CN=CF
9619,10918,NCOC=C(C=O)CN=CNOI
9620,10919,COC=NF
9621,10920,NCC=CC(OC=NCNCC=CC=CONC=CC)=NOO
9622,10921,OCCCC
9623,10923,CC=C=COSCNC1C=C=C=CC1C
9624,10924,C=CC=C1NC(C)=C=CCCCN[PH1]=C1OC=C=CS
9625,10925,NCC=NC(Cl)C=CNC(C)(C)CC=C=O
9626,10926,C(C)(CCF)OC=O
9627,10927,O1COCCC1CN(C)CC=C
9628,10928,C=CCC=C
9629,10929,CCC(C)NC=C1C=C1OC=O
9630,10930,CCCN=CC1=CNCOC1
9631,10931,C1CC1C#N
9632,10932,OCOC(C)CC=SC(C)C=C
9633,10934,C=CN(C)SC(C)CC#CC1CN1
9634,10935,N(C)[NH1]C=O
9635,10936,C=NCCC1CCCCNC2C1C2O
9636,10937,C=CC=C=C=O
9637,10938,OCC(COS=NC1CC=CC=C)N1
9638,10939,CCC(C)SCCF
9639,10940,CCCOCC=NC1=CCCOC1
9640,10941,CCCCC(=C)C=C=NNC=CC=C=C=O
9641,10942,CSCNCC=CC=CCCl
9642,10943,CC(C)N=CCCCNC=O
9643,10944,NCCCCN=CF
9644,10946,C1C(C)OCN=C1F
9645,10947,CCCCC(C)OO
9646,10948,CCC=CCC(C)COCCNC=NC=N
9647,10949,CCC#CCCC=O
9648,10950,CCOCCC=CCC1=CCCOO1
9649,10951,CCCCNC(N)CCOCC=O
9650,10952,C=CCC=CCNC(C)=C=C=O
9651,10953,CC=CCCl
9652,10954,NCCCCOOCSOCCN(C)NC=C
9653,10956,BrC=O
9654,10957,C=C(CNCONCNCCC[NH1])CC=NC=C
9655,10958,CCOC1[NH1]CCC=NC1NC=C=C
9656,10960,C=CNOC=CC(NCI)=C=O
9657,10961,COCC=C=CCC=CCC(C)ON
9658,10962,C1=CCNCCOCC1
9659,10963,C=C(C=CCC)COCC=O
9660,10964,CN=C(N)CC#C
9661,10965,CNNCC(C)N(C)C(=C1)C1
9662,10966,CCC(C=CSCC1)C1C=C=O
9663,10970,CCN=CC=C
9664,10971,BrCOCCCCC(N)OO
9665,10972,C(N)COON=O
9666,10973,C1=C2C(C)C(C2C)C=C(C)O1
9667,10974,CCNC(C)(C)CC=NC1CO1
9668,10975,C1(N)=CC(C)=C=C(C)CC1(NO2)CC2
9669,10976,C=CCNC=CCCOC(C)C=CC=O
9670,10977,NCCCCSOCC=C=C=S
9671,10979,O1C=CCCC1C
9672,10980,CCCC(C)=C(C)OCC=O
9673,10982,CCOCCNC=CC1C=CN1
9674,10983,CCC=CN=S=CC=C=C=CC=CCOC=CCCNBr
9675,10984,O1CSC=NC1C=C(C)NCC=C
9676,10985,CCCC1=CC1(C)OC=C
9677,10986,N1C=CCN=SCO1
9678,10987,C=C=CC(=C)CS=C=C
9679,10990,CCC(C)CC(C)CN=C=C
9680,10991,CONC=CCC=O
9681,10993,CCCSCCN=C=CCN=O
9682,10994,C=CC(C=CO)C(C)SC=C=N
9683,10995,C1N=C=C1
9684,10996,C=CC(CC=CC)CCCCOC=CC
9685,10997,NNCCCC=COCC=O
9686,10998,CCCOC=CC=C[NH1][NH1]CCC=CCC=NOC=NCl
9687,11000,NC=C=CCl
9688,11001,OC=CCCOCNI
9689,11002,C=CCCOC=C=CC=C(C)F
9690,11003,CCCCCC=NCCC=O
9691,11004,N(C)CCCCCC(=C)CC
9692,11005,O=CCC=CCCNNC=CBr
9693,11006,C(C)=NC=CC=C1CC=COOCN1
9694,11007,C1=CC(N)CCCCN=N1
9695,11008,C[NH1]CONCCCCC
9696,11009,CC=CCCC=C
9697,11010,N1=CCC=C1NCCC=C
9698,11011,CCOCNC#CCC#COC=CCl
9699,11012,OCN1CS=CCCC1O
9700,11013,C=CN1CC1=NC
9701,11014,C1=CCCCCC12CC2O
9702,11015,OC=NC=CC(O1)C(C)N=NOCOC=CO1
9703,11017,CCCCNCCl
9704,11018,CN(C)NCCCCC=CN(C(C)C)C=C
9705,11020,CCC(C)C=C=C=O
9706,11021,N1C2NC3CC2N1NOON3
9707,11022,CCNCCC=NC=C=O
9708,11023,CCC1CC1CC
9709,11026,C1OC1CCC(SC)ONCl
9710,11027,C1C=CC1(C)N=C(C)CC(C)COC
9711,11028,OC(C)CON=N
9712,11029,NC(CCN=O)C(OCC=C=CCC)O
9713,11032,O1C=CSCCOOC=C=CNC1C
9714,11033,CCCCC=CC(C)CCCC=O
9715,11034,CCCOCCC1=CCNN=C1C
9716,11035,O=CC=CNCCC(O)=C(C)OC
9717,11036,NCC=CC#CC=[NH1]
9718,11038,N1=C(C)CN=CS=C=C=C1
9719,11042,CNCC=CC1C[NH1]C=CC1
9720,11044,CC(CC=CCC)C=CC(C1)O1
9721,11045,CN(C)CC=CCC#CC=CC=C=C
9722,11046,C1ONN=CCCCCC1OCCC
9723,11047,CCCCC(CC)CCCCl
9724,11048,C=CCCNCNCC=C
9725,11049,N=C=CNNSC(O)CC=CC=C=C
9726,11050,C1COC1CCCC#C
9727,11051,C=CC(C)CC=O
9728,11052,C=CN=CCCOC=CC=CCCOC#C
9729,11053,CC=CC=COCOCC=C=CC=O
9730,11054,CC(F)=C
9731,11055,C1#CC(=C)COOC=C1NC
9732,11056,CCC(=C)C=O
9733,11057,OCCCCC1=CC1=NN
9734,11060,CCOCCOC=NCCC=CCOO
9735,11061,CCNCCCNCCC(CC=O)C
9736,11062,NOC=C(CCC)C#C
9737,11064,C1COCCOC1
9738,11065,CNCC=CCCC=CCC=CC=C=NO
9739,11066,CCCC=C=NCC(=[NH1])N
9740,11067,NC(C=CNC)(C)C=O
9741,11068,C=C(N)C=CC=CC=CCOON1CC=N1
9742,11069,CCCNCC=C=O
9743,11071,N1NCCCCCCCCC=C1
9744,11072,OC(C)=C(C)CC=CCCC=O
9745,11073,COCCCC=C(C)C1=CN1C
9746,11075,CCC=C=C=SCI
9747,11076,CCCCONCNCC=NC=O
9748,11077,N1CCCN(CCC=O)C=CC1
9749,11078,OCCC=COC=O
9750,11079,CCCCC(C=NO)C=O
9751,11081,C1=CCO1
9752,11083,C(C)NC=CC=S
9753,11084,C1=CCC=C=C(C)CC2C1CC=CN2CC
9754,11085,CCN(COC=C)CS=C1CC1
9755,11086,O=S=CC(OCC=C(C)OC1=CC1)O
9756,11087,O=C(C)C#N
9757,11088,C1CNCC=CCC=CC#C1
9758,11089,CCCCC(C1)(C)C1
9759,11090,NCCCOC=CCCCC
9760,11091,C=CCCCCCI
9761,11092,CCOC=CC=COC1CN1
9762,11093,CNCC1NCCCOC1O[NH1]C#CNON
9763,11094,C(C)OCCOC=CCC(C)C=C1C=C1C
9764,11095,C=CCCC=CCCCCC=CCN
9765,11100,CCNC=NCC=C(CCC1NCCC1C)CC
9766,11102,C1CC=CC=NCCCC1[PH1]
9767,11103,CCCOCCCN1CCSC1C
9768,11104,C=CCOC(C)CBr
9769,11106,NCCC(C)C=NCCl
9770,11107,C(C)COC=O
9771,11108,C1NCCCS1N=CCNCO
9772,11109,C=C(O)CCC=CCNCCC=C
9773,11110,CC=CC(C)C=CN=NCC=O
9774,11111,CCCCNCC=CC#CC
9775,11112,CNNCCC=C(C)C=CC(=N)C=O
9776,11113,C12CN=C1C2
9777,11115,O=CCNCCC=C=C=O
9778,11116,C=1CCC=C=1
9779,11117,CCC1C=COS1=C=CCCN(C)CCCCC
9780,11118,CCSCCl
9781,11120,NC=CC1C=C2CCC(C2N)C1
9782,11121,C(O)C=C=O
9783,11122,CCNCN=CC=C=CNC=O
9784,11123,CCNC=CNC1CN1
9785,11125,C=1=C=CN=1
9786,11126,CC=CCOCCCCC=CC=NNO
9787,11127,C1=C(C)C1[NH1]NC(O)=O
9788,11128,CCC1(C)CCNCCCCCC=CC#C1
9789,11129,NOCN=CCNC=CC=C
9790,11130,OC(C)=CC(C)(CCCC(C)[SH1]=SN)C=O
9791,11131,N1=CC(O)C=CCC=2C1C=2
9792,11134,CC=C(CCOC)C(N)CONCCCl
9793,11135,NC=C=CC=CC(C)CCC
9794,11136,CN1OCNCC1C=O
9795,11137,NC=CNC(C)CC(C(O)CCCCO)O
9796,11138,C1=C2CCCOCC1=C2C
9797,11139,C1CC(C=CC=C)CCC=CCOO1
9798,11140,CCCC=CNC=C(C)CCl
9799,11142,C1=CC=NC=CC1(C)CN=O
9800,11143,N1C=C1C=CC#CC=CCC#CCN
9801,11145,C(C)(CCC=CC=O)=CNC
9802,11146,OOCNC=C(C)CC(C)NNSS
9803,11147,C(C)CCC=O
9804,11148,CNC(C)=NCCNCSCCOO
9805,11149,C(C)=C=C=NC=CCC=O
9806,11150,NC=C=CCNCC=CCC=CC1=CC1
9807,11151,C=NCCNC=C=CC=CCCCC#CN
9808,11152,NCC=CC=CCC=CC=NSC#C
9809,11153,C12=CCCCC1NOC=C2
9810,11154,CONOC=O
9811,11155,OC=CC=CCC=C=NCC(C)CCBr
9812,11157,C1CC=CCCC=N1
9813,11159,CCNCCN(C)CC#N
9814,11160,CNCNC=CC(O)C=CC(C)C(C)=C
9815,11161,CPC=O
9816,11162,CCCCCN=NNBr
9817,11163,CC(N)CNC=C
9818,11164,C1COCC1=CCCC#C
9819,11165,CC=CCOCC=C=CC#C
9820,11166,N1=C=C2C=CCCC=CCCC12C
9821,11167,NCCC=CC=C=CNC=CCCC=CC=CNC
9822,11168,BrCCCC=O
9823,11169,OCCCCNC=C=NOCCCCOF
9824,11170,C1=CCC1(C)CBr
9825,11171,COC=COCCCCOCF
9826,11173,ONCCCCCSC=O
9827,11175,C=CCCN=C=CCC=C(C1)C1
9828,11176,C(C=CC=CCC=CC)C(C)=C=NNC=N
9829,11177,OC(C=C)C=O
9830,11178,O=C=SC(C1C=C(O)NC=CCS)C=C1OO
9831,11179,COC[NH1]CCCOCNCOC[NH1]CCN=C=C
9832,11180,OCPCC(=C)CCC=O
9833,11183,C1CCCSC(Cl)OC=CC1
9834,11184,C(CCC)=O
9835,11185,CC=CC(C)(C)CN=O
9836,11186,C=C1CN(C=C1C2C3=CPS2)CCC3=N
9837,11187,CCCCC(C)CCC(C)=CCC=C=C=C
9838,11189,C1(C(C)CC[SH1]1C2)NC=C2
9839,11190,C1=CC=CCCCCC=C1
9840,11191,COCC=CCCC=O
9841,11192,CCC=CCC=CCCN(Cl)S=C
9842,11194,CCNNC=CC1OCC#CO1
9843,11195,CCNC#CC=O
9844,11196,C[NH1]C=CCC=C=C=CC#C
9845,11197,CCC=CC1=CC=NC=CC=NC=C1
9846,11198,CC=CCC=CC=C=CBr
9847,11199,CC=CCCCC=NOC
9848,11200,CC(O)CF
9849,11202,C=CCC(COCC)NC=CC1CC1(C)N
9850,11203,NCC=CC=C
9851,11204,C1C=CCC1F
9852,11205,OC=C(CCCC)NC=SNCSC#C
9853,11206,C(O)COCNN=CCCC=SCCC=N
9854,11207,CCC1OC=CC(NCNC#C)(C)C=C1
9855,11208,C1OCCCC(CC)C1C
9856,11210,CNC(C)C=CC=CC(C)COCCCl
9857,11212,C=C=C(NOC)C
9858,11214,O1NCC=CCC1
9859,11215,CC1OOCCCC(C)C=CC1
9860,11216,CCCCCCC=NCOCC=CCCO[NH1]
9861,11217,[NH1]=CNNCCC=C=NF
9862,11218,CCCCCC=CCCCl
9863,11219,C12COCOC=CN2C=CS1
9864,11220,N=C(C)Br
9865,11221,C=C=CCCNCOCC#C
9866,11223,C1NC=NCCCC=SC1C=C=SCN=S(C)OC=O
9867,11224,CCCCCC(C)NCC=C
9868,11225,N=C=CCC=O
9869,11226,OCCCC(C)C(C)C=O
9870,11227,C1CCCNCC(O)C(C)=C1
9871,11229,NC=C1CSCNCNOC=COCCC1O
9872,11230,C(C)NCCCCC=NOO
9873,11231,CCCCC(NC=CN)C(C)C=O
9874,11233,N1CNO1
9875,11234,C1CNSCCCC=C2C=CCC=C2NC1
9876,11235,CC=C(C)CC=CC(C1)C1
9877,11237,C=CC=CNCCCCCCC
9878,11238,C(OCCCC1(C)C=O)(C)NC=C1
9879,11239,N=CBr
9880,11240,CCCNCCSCC=C(N)CC(C)=NC
9881,11241,CC(OC=O)CCC=COC=O
9882,11242,CCCC=C(C)CC
9883,11243,OCCC=CC1C=C=C=C=C1
9884,11244,N1=CCCO1
9885,11245,OCC(C)C(CF)=CS#N
9886,11246,NCOC=C(CCC=CCl)OO
9887,11247,CCC=C=NC=CNC(C)=CCCNCC=C=C=C=CO
9888,11248,COCC
9889,11249,CC=C=CCCC=C=CCC=CC=CF
9890,11250,CC=C[NH1]CCCC=CCCCl
9891,11251,CCOCC=CCCCC(C)CC=C
9892,11252,CC=CCCC=C=C=C
9893,11254,NOCCCCN=CCNCO
9894,11255,CC1C(C)C=C1NOC=CC=CNOF
9895,11256,CN(CC=CC=C=NN)C=CC
9896,11257,NSC=C(O)CC(C)C=O
9897,11258,C=CNC=CF
9898,11259,O=C=C(C=CCC)CC=O
9899,11260,OCCCC=C1CC=NN=C1
9900,11261,CCCCC=CC(C)ONC=NC1CC1
9901,11263,CCCCC=CCCCC=C
9902,11264,C1NCCC(C)CCC=CCC=CC1
9903,11266,OCOCCCCl
9904,11268,CC1OCCCCC=S1CC=CC=O
9905,11269,C(C=CCN)CCCC(C)CC=O
9906,11270,C=CC=NC=CCC(O)C=CF
9907,11271,CCCC=C(C1)N1
9908,11272,CCCCC(C)(C)Cl
9909,11274,OCC=1CC=C=C=C=1
9910,11275,CNCC=CCNC=C=O
9911,11276,SCOCCCCC
9912,11277,CCC=CC[NH1]CNOCCl
9913,11278,C=NC=CNC(C)=CC1(CC(C)C1C=C=N)N=NC=C
9914,11279,C=CCCNCOCC#C
9915,11280,C=CN(C)C=CF
9916,11281,OC=CC=CC=CCC=CSNCC=O
9917,11282,C=CC(O)C(=C)C=O
9918,11283,CCOC=CCS#C
9919,11285,C1CCCCOC1(NC)OC
9920,11286,NCCCOCN=C1OCOC1CC
9921,11287,CC(C=CCC)C=O
9922,11288,CNCC(C(O)C=CONC=CC=1)=C=1
9923,11289,C=NC(CCCC)=CC#CO
9924,11290,N1CCC(O)CCC=C1
9925,11291,NCCC=CCC1CO1
9926,11292,CC=C(ONC=O)SC=C=N
9927,11295,C1OC2=CCCCC=C(C)CC1C2
9928,11296,NC
9929,11297,CCCC(C)F
9930,11298,C=CC=CCCC=CC1OCC2C=S12
9931,11299,CCCCOCNCNNC=C=N
9932,11300,OC(C)CCC=CC
9933,11301,CCC1CC1
9934,11302,CNCC(N)NOO
9935,11303,CCOCCNCNCCCC1S=N1
9936,11304,O=CN1C=CCC=C1O
9937,11306,C=NCC(C)CCC=CCCN=CC#N
9938,11307,C=NC=CCNC=CCN=C=C(C=N)O
9939,11309,NC(C=O)CNC=O
9940,11311,O1CCCCCCSC1CCN
9941,11312,C=C=CC=C=CCCC=CC=O
9942,11313,CSC1COC=NOCCCNC1
9943,11314,CN(C)C(C)C(C)OOC1N=CCCCCOC1
9944,11315,COC=CCS[NH1]C=CCC(C1)C1
9945,11316,CCCCC1CCCS2CCNC=CCC1NNC2
9946,11317,C=CCOC=CCNOC=CC(O)Cl
9947,11318,CCCCOCN(N)CCCC
9948,11319,O1C=CN(C)C2=CC3=CC1C2S3C=O
9949,11320,COCNSCCCCCOC=CC=CC(=C)CN=C
9950,11321,CC1=CCCCC#CCCC=C1CO
9951,11322,OSN=O
9952,11323,C=C(C)C(C)CC=NC=C
9953,11324,COC(CCCSC=CCC=CCO)ONO
9954,11325,CC(C)CCOCCBr
9955,11326,NC1N=C=C(C)CC(C)OC=CC=C1C[NH1]
9956,11327,C1(C)C=N1
9957,11328,OC(C)=C=C(C=C)CCC(C)OC=C=N[PH1]
9958,11329,CCNOCS(CCF)CCl
9959,11330,OC(=C)CC=NC(OCC=CC(C)=C1C)=C1Cl
9960,11331,NC=CS=CC=CN(C#C)C
9961,11332,CCOCCCC[NH1]C(C)(C)S=N
9962,11333,CONC(C)NCC1=CN=CC=C=C1
9963,11334,NNCCCCCCCCC#C
9964,11335,CC=CC(C)C=CC1=CC=CCO1
9965,11336,OSC(C)[NH1]OCCO
9966,11338,C1(CCN=O)=NN1
9967,11339,C=C(C1)O1
9968,11340,CC(=CBr)C1C=C(C)CCO1
9969,11341,CC=CC=P=NC(O)CCl
9970,11343,O1CCC=C1CCCOCC=C=N
9971,11344,COCCCSC=NCCCOCNCNC=O
9972,11345,CC=C=NC(C)=CC(C)N=C
9973,11346,CCC1CC1C
9974,11347,CCC#CC=C(C)ONCNC=O
9975,11348,CC(Br)C1CC(C2)C2=CNCC1
9976,11350,COC=CCF
9977,11351,CNC=CCNC#CCOCl
9978,11353,N1CNC1O
9979,11354,CCCCC(C)Cl
9980,11357,O(CC(N)Br)CS=CC
9981,11358,C=CC1CC1(N)C
9982,11359,CCC=C(C1)C1CC(O2)OC2
9983,11360,OCN=CCC=CCCCCN1CCN=C1
9984,11361,C=CCC=COC(C)[NH1]C
9985,11362,C=CCN=CC(C)N1COCS1
9986,11363,[NH1]=CC=CC=CC=CC=CCCCC=O
9987,11364,CCCC=NCNCC1CNCOC=C1
9988,11365,CN(CCCCONCCCCC)CF
9989,11366,C=C=C[NH1]C=CC(N)CCCC=C=CCCCC=CCl
9990,11367,CC=CI
9991,11368,C=C=CCC#CCCCCCOCC=C=C=C=C
9992,11369,SC(C)CC=C(C)C
9993,11370,C=CCC1C=CCCCCCC=C1
9994,11371,C1CCCC=CSC(C)CNC1(C)N
9995,11372,C=C(N)CC=O
9996,11373,NC=CC=SSSC=CCOC#C
9997,11374,CCCC(=C)C
9998,11375,BrCC(C1(C)CCOO)O1
9999,11376,N1SOCNC=C2CCC=CC12
