Command line
python DeepDeltaSubsampledJustTrain.py
Args
{'activation': 'ReLU',
 'adding_h': False,
 'aggregation': 'sum',
 'aggregation_norm': 100,
 'atom_descriptor_scaling': True,
 'atom_descriptors': None,
 'atom_descriptors_path': None,
 'atom_descriptors_size': 0,
 'atom_features_size': 0,
 'atom_messages': False,
 'batch_size': 50,
 'bias': False,
 'bias_solvent': False,
 'bond_feature_scaling': True,
 'bond_features_path': None,
 'bond_features_size': 0,
 'cache_cutoff': 10000,
 'checkpoint_dir': None,
 'checkpoint_frzn': None,
 'checkpoint_path': None,
 'checkpoint_paths': None,
 'class_balance': False,
 'config_path': None,
 'crossval_index_dir': None,
 'crossval_index_file': None,
 'crossval_index_sets': None,
 'cuda': True,
 'data_path': '/tmp/tmpk7gbpkus',
 'data_weights_path': None,
 'dataset_type': 'regression',
 'depth': 3,
 'depth_solvent': 3,
 'device': device(type='cuda'),
 'dropout': 0.0,
 'empty_cache': False,
 'ensemble_size': 1,
 'epochs': 5,
 'evidential_regularization': 0,
 'explicit_h': False,
 'extra_metrics': [],
 'features_generator': None,
 'features_only': False,
 'features_path': None,
 'features_scaling': True,
 'features_size': None,
 'ffn_hidden_size': 300,
 'ffn_num_layers': 2,
 'final_lr': 0.0001,
 'folds_file': None,
 'freeze_first_only': False,
 'frzn_ffn_layers': 0,
 'gpu': None,
 'grad_clip': None,
 'hidden_size': 300,
 'hidden_size_solvent': 300,
 'ignore_columns': None,
 'init_lr': 0.0001,
 'log_frequency': 10,
 'loss_function': 'mse',
 'max_data_size': None,
 'max_lr': 0.001,
 'metric': 'r2',
 'metrics': ['r2'],
 'minimize_score': False,
 'mpn_shared': False,
 'multiclass_num_classes': 3,
 'no_atom_descriptor_scaling': False,
 'no_bond_features_scaling': False,
 'no_cache_mol': False,
 'no_cuda': False,
 'no_features_scaling': False,
 'num_folds': 1,
 'num_lrs': 1,
 'num_tasks': 1,
 'num_workers': 8,
 'number_of_molecules': 2,
 'overwrite_default_atom_features': False,
 'overwrite_default_bond_features': False,
 'phase_features_path': None,
 'pytorch_seed': 0,
 'quiet': False,
 'reaction': False,
 'reaction_mode': 'reac_diff',
 'reaction_solvent': False,
 'resume_experiment': False,
 'save_dir': 'AqSol_no_prodrugs_trained_model',
 'save_preds': False,
 'save_smiles_splits': False,
 'seed': 0,
 'separate_test_atom_descriptors_path': None,
 'separate_test_bond_features_path': None,
 'separate_test_features_path': None,
 'separate_test_path': None,
 'separate_test_phase_features_path': None,
 'separate_val_atom_descriptors_path': None,
 'separate_val_bond_features_path': None,
 'separate_val_features_path': None,
 'separate_val_path': '/tmp/tmpk7gbpkus',
 'separate_val_phase_features_path': None,
 'show_individual_scores': False,
 'smiles_columns': ['SMILES_x', 'SMILES_y'],
 'spectra_activation': 'exp',
 'spectra_phase_mask_path': None,
 'spectra_target_floor': 1e-08,
 'split_key_molecule': 0,
 'split_sizes': [1.0, 0.0, 0.0],
 'split_type': 'random',
 'target_columns': None,
 'target_weights': None,
 'task_names': ['Y'],
 'test': False,
 'test_fold_index': None,
 'train_data_size': None,
 'undirected': False,
 'use_input_features': False,
 'val_fold_index': None,
 'warmup_epochs': 2.0}
Setting molecule featurization parameters to default.
Loading data
Number of tasks = 1
Fold 0
Splitting data with seed 0
Total size = 997,800 | train size = 997,800 | val size = 997,800 | test size = 0
The test data split is empty. This may be either because splitting with no test set was selected,             such as with `cv-no-test`, or because test data provided with `--separate_test_path` was empty or contained only invalid molecules.             Performance on the test set will not be evaluated and metric scores will return `nan` for each task.
Fitting scaler
Building model 0
MoleculeModel(
  (encoder): MPN(
    (encoder): ModuleList(
      (0): MPNEncoder(
        (dropout_layer): Dropout(p=0.0, inplace=False)
        (act_func): ReLU()
        (W_i): Linear(in_features=147, out_features=300, bias=False)
        (W_h): Linear(in_features=300, out_features=300, bias=False)
        (W_o): Linear(in_features=433, out_features=300, bias=True)
      )
      (1): MPNEncoder(
        (dropout_layer): Dropout(p=0.0, inplace=False)
        (act_func): ReLU()
        (W_i): Linear(in_features=147, out_features=300, bias=False)
        (W_h): Linear(in_features=300, out_features=300, bias=False)
        (W_o): Linear(in_features=433, out_features=300, bias=True)
      )
    )
  )
  (ffn): Sequential(
    (0): Dropout(p=0.0, inplace=False)
    (1): Linear(in_features=600, out_features=300, bias=True)
    (2): ReLU()
    (3): Dropout(p=0.0, inplace=False)
    (4): Linear(in_features=300, out_features=1, bias=True)
  )
)
Number of parameters = 709,801
Moving model to cuda
Epoch 0
Loss = 2.6795e+01, PNorm = 45.8384, GNorm = 1637.0138, lr_0 = 1.0025e-04
Loss = 5.9651e+00, PNorm = 45.8381, GNorm = 516.5406, lr_0 = 1.0047e-04
Loss = 4.0424e+00, PNorm = 45.8379, GNorm = 199.7888, lr_0 = 1.0070e-04
Loss = 2.0675e+00, PNorm = 45.8379, GNorm = 124.4680, lr_0 = 1.0092e-04
Loss = 1.2183e+00, PNorm = 45.8380, GNorm = 112.7337, lr_0 = 1.0115e-04
Loss = 3.0604e+00, PNorm = 45.8381, GNorm = 666.7733, lr_0 = 1.0138e-04
Loss = 2.9811e+00, PNorm = 45.8383, GNorm = 97.9167, lr_0 = 1.0160e-04
Loss = 5.0130e+00, PNorm = 45.8384, GNorm = 317.1173, lr_0 = 1.0183e-04
Loss = 3.8987e+00, PNorm = 45.8383, GNorm = 53.0021, lr_0 = 1.0205e-04
Loss = 2.0417e+00, PNorm = 45.8385, GNorm = 201.5901, lr_0 = 1.0228e-04
Loss = 1.2837e+00, PNorm = 45.8388, GNorm = 1189.8768, lr_0 = 1.0250e-04
Loss = 1.1416e+00, PNorm = 45.8390, GNorm = 98.9594, lr_0 = 1.0273e-04
Loss = 1.0629e+00, PNorm = 45.8392, GNorm = 34.3764, lr_0 = 1.0295e-04
Loss = 8.1510e-01, PNorm = 45.8394, GNorm = 77.8028, lr_0 = 1.0318e-04
Loss = 8.0377e-01, PNorm = 45.8398, GNorm = 54.8110, lr_0 = 1.0340e-04
Loss = 6.2403e-01, PNorm = 45.8400, GNorm = 27.1685, lr_0 = 1.0363e-04
Loss = 6.2910e-01, PNorm = 45.8403, GNorm = 61.2875, lr_0 = 1.0386e-04
Loss = 7.0820e-01, PNorm = 45.8405, GNorm = 163.1769, lr_0 = 1.0408e-04
Loss = 6.8721e-01, PNorm = 45.8408, GNorm = 117.9468, lr_0 = 1.0431e-04
Loss = 9.6898e-01, PNorm = 45.8411, GNorm = 83.8369, lr_0 = 1.0453e-04
Loss = 7.0473e-01, PNorm = 45.8416, GNorm = 30.7259, lr_0 = 1.0476e-04
Loss = 8.3286e-01, PNorm = 45.8420, GNorm = 78.5866, lr_0 = 1.0498e-04
Loss = 6.8777e-01, PNorm = 45.8425, GNorm = 54.4763, lr_0 = 1.0521e-04
Loss = 7.3962e-01, PNorm = 45.8428, GNorm = 63.1691, lr_0 = 1.0543e-04
Loss = 7.5505e-01, PNorm = 45.8431, GNorm = 34.2426, lr_0 = 1.0566e-04
Loss = 6.1483e-01, PNorm = 45.8435, GNorm = 35.5933, lr_0 = 1.0589e-04
Loss = 6.1080e-01, PNorm = 45.8439, GNorm = 127.1530, lr_0 = 1.0611e-04
Loss = 5.8812e-01, PNorm = 45.8441, GNorm = 16.4153, lr_0 = 1.0634e-04
Loss = 6.3011e-01, PNorm = 45.8443, GNorm = 100.3341, lr_0 = 1.0656e-04
Loss = 8.1879e-01, PNorm = 45.8447, GNorm = 46.1354, lr_0 = 1.0679e-04
Loss = 6.2759e-01, PNorm = 45.8451, GNorm = 59.4699, lr_0 = 1.0701e-04
Loss = 5.7350e-01, PNorm = 45.8456, GNorm = 25.1327, lr_0 = 1.0724e-04
Loss = 5.7895e-01, PNorm = 45.8463, GNorm = 29.9806, lr_0 = 1.0746e-04
Loss = 6.4760e-01, PNorm = 45.8471, GNorm = 31.1996, lr_0 = 1.0769e-04
Loss = 4.0992e-01, PNorm = 45.8478, GNorm = 54.7323, lr_0 = 1.0791e-04
Loss = 4.5430e-01, PNorm = 45.8484, GNorm = 86.3861, lr_0 = 1.0814e-04
Loss = 5.8443e-01, PNorm = 45.8489, GNorm = 32.4395, lr_0 = 1.0837e-04
Loss = 5.9336e-01, PNorm = 45.8493, GNorm = 132.1434, lr_0 = 1.0859e-04
Loss = 5.6159e-01, PNorm = 45.8499, GNorm = 65.9892, lr_0 = 1.0882e-04
Loss = 6.3952e-01, PNorm = 45.8503, GNorm = 134.5384, lr_0 = 1.0904e-04
Loss = 6.5023e-01, PNorm = 45.8508, GNorm = 364.0055, lr_0 = 1.0927e-04
Loss = 7.0710e-01, PNorm = 45.8513, GNorm = 98.6457, lr_0 = 1.0949e-04
Loss = 7.3627e-01, PNorm = 45.8517, GNorm = 88.7031, lr_0 = 1.0972e-04
Loss = 8.1161e-01, PNorm = 45.8521, GNorm = 55.6485, lr_0 = 1.0994e-04
Loss = 1.0170e+00, PNorm = 45.8527, GNorm = 145.5283, lr_0 = 1.1017e-04
Loss = 6.5611e-01, PNorm = 45.8537, GNorm = 42.4274, lr_0 = 1.1040e-04
Loss = 9.0511e-01, PNorm = 45.8545, GNorm = 222.9554, lr_0 = 1.1062e-04
Loss = 1.5649e+00, PNorm = 45.8552, GNorm = 160.2068, lr_0 = 1.1085e-04
Loss = 1.2692e+00, PNorm = 45.8553, GNorm = 146.9230, lr_0 = 1.1107e-04
Loss = 1.0585e+00, PNorm = 45.8557, GNorm = 205.7959, lr_0 = 1.1130e-04
Loss = 8.3009e-01, PNorm = 45.8561, GNorm = 65.2933, lr_0 = 1.1152e-04
Loss = 8.1110e-01, PNorm = 45.8566, GNorm = 383.3317, lr_0 = 1.1175e-04
Loss = 8.7886e-01, PNorm = 45.8570, GNorm = 215.4527, lr_0 = 1.1197e-04
Loss = 1.3433e+00, PNorm = 45.8577, GNorm = 93.4487, lr_0 = 1.1220e-04
Loss = 1.2622e+00, PNorm = 45.8585, GNorm = 129.6786, lr_0 = 1.1242e-04
Loss = 9.0825e-01, PNorm = 45.8592, GNorm = 153.1344, lr_0 = 1.1265e-04
Loss = 7.6839e-01, PNorm = 45.8599, GNorm = 135.3984, lr_0 = 1.1288e-04
Loss = 6.5607e-01, PNorm = 45.8604, GNorm = 185.5205, lr_0 = 1.1310e-04
Loss = 5.7229e-01, PNorm = 45.8610, GNorm = 163.3345, lr_0 = 1.1333e-04
Loss = 7.7634e-01, PNorm = 45.8615, GNorm = 134.9521, lr_0 = 1.1355e-04
Loss = 6.0628e-01, PNorm = 45.8620, GNorm = 152.3823, lr_0 = 1.1378e-04
Loss = 4.6104e-01, PNorm = 45.8623, GNorm = 30.2210, lr_0 = 1.1400e-04
Loss = 5.1527e-01, PNorm = 45.8628, GNorm = 93.8491, lr_0 = 1.1423e-04
Loss = 1.2705e+00, PNorm = 45.8633, GNorm = 590.0102, lr_0 = 1.1445e-04
Loss = 2.3014e+00, PNorm = 45.8638, GNorm = 498.3784, lr_0 = 1.1468e-04
Loss = 1.0309e+00, PNorm = 45.8643, GNorm = 148.9716, lr_0 = 1.1491e-04
Loss = 8.0757e-01, PNorm = 45.8648, GNorm = 132.5362, lr_0 = 1.1513e-04
Loss = 8.2556e-01, PNorm = 45.8654, GNorm = 156.8848, lr_0 = 1.1536e-04
Loss = 5.2018e-01, PNorm = 45.8660, GNorm = 48.2011, lr_0 = 1.1558e-04
Loss = 4.8798e-01, PNorm = 45.8665, GNorm = 39.5984, lr_0 = 1.1581e-04
Loss = 4.7778e-01, PNorm = 45.8670, GNorm = 70.4102, lr_0 = 1.1603e-04
Loss = 4.2442e-01, PNorm = 45.8677, GNorm = 122.2566, lr_0 = 1.1626e-04
Loss = 5.5435e-01, PNorm = 45.8684, GNorm = 42.6554, lr_0 = 1.1648e-04
Loss = 3.9456e-01, PNorm = 45.8690, GNorm = 21.5196, lr_0 = 1.1671e-04
Loss = 4.5592e-01, PNorm = 45.8696, GNorm = 47.0272, lr_0 = 1.1693e-04
Loss = 4.5608e-01, PNorm = 45.8703, GNorm = 35.3459, lr_0 = 1.1716e-04
Loss = 4.8754e-01, PNorm = 45.8711, GNorm = 52.1162, lr_0 = 1.1739e-04
Loss = 5.4692e-01, PNorm = 45.8720, GNorm = 35.3505, lr_0 = 1.1761e-04
Loss = 4.7086e-01, PNorm = 45.8727, GNorm = 58.8465, lr_0 = 1.1784e-04
Loss = 4.3779e-01, PNorm = 45.8735, GNorm = 29.8109, lr_0 = 1.1806e-04
Loss = 4.0656e-01, PNorm = 45.8743, GNorm = 21.0923, lr_0 = 1.1829e-04
Loss = 1.4896e+00, PNorm = 45.8752, GNorm = 408.0702, lr_0 = 1.1851e-04
Loss = 8.7846e-01, PNorm = 45.8759, GNorm = 208.0347, lr_0 = 1.1874e-04
Loss = 8.1632e-01, PNorm = 45.8768, GNorm = 171.3554, lr_0 = 1.1896e-04
Loss = 5.0635e-01, PNorm = 45.8777, GNorm = 58.6359, lr_0 = 1.1919e-04
Loss = 4.3707e-01, PNorm = 45.8785, GNorm = 76.6148, lr_0 = 1.1942e-04
Loss = 4.5618e-01, PNorm = 45.8794, GNorm = 91.9989, lr_0 = 1.1964e-04
Loss = 4.4506e-01, PNorm = 45.8802, GNorm = 99.9044, lr_0 = 1.1987e-04
Loss = 7.3161e-01, PNorm = 45.8809, GNorm = 617.8054, lr_0 = 1.2009e-04
Loss = 8.9417e-01, PNorm = 45.8818, GNorm = 188.3385, lr_0 = 1.2032e-04
Loss = 7.0223e-01, PNorm = 45.8828, GNorm = 33.3665, lr_0 = 1.2054e-04
Loss = 5.8007e-01, PNorm = 45.8839, GNorm = 27.0556, lr_0 = 1.2077e-04
Loss = 7.2376e-01, PNorm = 45.8848, GNorm = 189.3237, lr_0 = 1.2099e-04
Loss = 6.4307e-01, PNorm = 45.8856, GNorm = 88.6662, lr_0 = 1.2122e-04
Loss = 6.8056e-01, PNorm = 45.8866, GNorm = 71.7089, lr_0 = 1.2144e-04
Loss = 5.3987e-01, PNorm = 45.8876, GNorm = 129.4766, lr_0 = 1.2167e-04
Loss = 4.4297e-01, PNorm = 45.8882, GNorm = 40.9485, lr_0 = 1.2190e-04
Loss = 4.0885e-01, PNorm = 45.8887, GNorm = 66.4096, lr_0 = 1.2212e-04
Loss = 7.6770e-01, PNorm = 45.8893, GNorm = 77.3509, lr_0 = 1.2235e-04
Loss = 9.0846e-01, PNorm = 45.8902, GNorm = 84.1801, lr_0 = 1.2257e-04
Loss = 7.3416e-01, PNorm = 45.8907, GNorm = 47.4823, lr_0 = 1.2280e-04
Loss = 6.3263e-01, PNorm = 45.8916, GNorm = 390.6640, lr_0 = 1.2302e-04
Loss = 1.0135e+00, PNorm = 45.8923, GNorm = 41.4793, lr_0 = 1.2325e-04
Loss = 7.2255e-01, PNorm = 45.8934, GNorm = 88.7590, lr_0 = 1.2347e-04
Loss = 5.2638e-01, PNorm = 45.8947, GNorm = 88.9369, lr_0 = 1.2370e-04
Loss = 4.7788e-01, PNorm = 45.8958, GNorm = 58.5490, lr_0 = 1.2393e-04
Loss = 4.3385e-01, PNorm = 45.8968, GNorm = 56.1112, lr_0 = 1.2415e-04
Loss = 4.3566e-01, PNorm = 45.8976, GNorm = 47.3658, lr_0 = 1.2438e-04
Loss = 4.4559e-01, PNorm = 45.8985, GNorm = 34.9403, lr_0 = 1.2460e-04
Loss = 3.9678e-01, PNorm = 45.8992, GNorm = 53.2274, lr_0 = 1.2483e-04
Loss = 4.7372e-01, PNorm = 45.8999, GNorm = 35.5906, lr_0 = 1.2505e-04
Loss = 4.3465e-01, PNorm = 45.9009, GNorm = 45.7853, lr_0 = 1.2528e-04
Loss = 3.5492e-01, PNorm = 45.9018, GNorm = 63.1558, lr_0 = 1.2550e-04
Loss = 3.4678e-01, PNorm = 45.9026, GNorm = 41.5694, lr_0 = 1.2573e-04
Loss = 4.4054e-01, PNorm = 45.9036, GNorm = 33.7865, lr_0 = 1.2595e-04
Loss = 4.4897e-01, PNorm = 45.9046, GNorm = 101.5969, lr_0 = 1.2618e-04
Loss = 5.0559e-01, PNorm = 45.9057, GNorm = 16.8962, lr_0 = 1.2641e-04
Loss = 6.0592e-01, PNorm = 45.9070, GNorm = 28.9166, lr_0 = 1.2663e-04
Loss = 4.7803e-01, PNorm = 45.9080, GNorm = 80.1666, lr_0 = 1.2686e-04
Loss = 6.8583e-01, PNorm = 45.9089, GNorm = 68.2872, lr_0 = 1.2708e-04
Loss = 8.0255e-01, PNorm = 45.9096, GNorm = 106.5328, lr_0 = 1.2731e-04
Loss = 5.8300e-01, PNorm = 45.9105, GNorm = 46.5017, lr_0 = 1.2753e-04
Loss = 4.1793e-01, PNorm = 45.9114, GNorm = 11.5153, lr_0 = 1.2776e-04
Loss = 4.4753e-01, PNorm = 45.9125, GNorm = 182.5888, lr_0 = 1.2798e-04
Loss = 5.6243e-01, PNorm = 45.9139, GNorm = 50.2084, lr_0 = 1.2821e-04
Loss = 4.7779e-01, PNorm = 45.9149, GNorm = 19.1395, lr_0 = 1.2844e-04
Loss = 3.8094e-01, PNorm = 45.9159, GNorm = 29.9341, lr_0 = 1.2866e-04
Loss = 3.8169e-01, PNorm = 45.9166, GNorm = 19.6048, lr_0 = 1.2889e-04
Loss = 4.1735e-01, PNorm = 45.9175, GNorm = 49.3870, lr_0 = 1.2911e-04
Loss = 4.4575e-01, PNorm = 45.9185, GNorm = 34.9968, lr_0 = 1.2934e-04
Loss = 4.2449e-01, PNorm = 45.9196, GNorm = 52.5526, lr_0 = 1.2956e-04
Loss = 3.4714e-01, PNorm = 45.9207, GNorm = 22.6118, lr_0 = 1.2979e-04
Loss = 6.1048e-01, PNorm = 45.9217, GNorm = 284.2683, lr_0 = 1.3001e-04
Loss = 5.4090e-01, PNorm = 45.9223, GNorm = 32.4874, lr_0 = 1.3024e-04
Loss = 4.7271e-01, PNorm = 45.9233, GNorm = 68.2996, lr_0 = 1.3046e-04
Loss = 1.5298e+00, PNorm = 45.9246, GNorm = 125.9442, lr_0 = 1.3069e-04
Loss = 1.4230e+00, PNorm = 45.9256, GNorm = 77.2059, lr_0 = 1.3092e-04
Loss = 1.2831e+00, PNorm = 45.9265, GNorm = 72.0265, lr_0 = 1.3114e-04
Loss = 8.1569e-01, PNorm = 45.9276, GNorm = 24.6789, lr_0 = 1.3137e-04
Loss = 5.7058e-01, PNorm = 45.9285, GNorm = 22.2790, lr_0 = 1.3159e-04
Loss = 5.7041e-01, PNorm = 45.9294, GNorm = 98.7152, lr_0 = 1.3182e-04
Loss = 5.1731e-01, PNorm = 45.9305, GNorm = 31.2915, lr_0 = 1.3204e-04
Loss = 4.8946e-01, PNorm = 45.9317, GNorm = 47.5261, lr_0 = 1.3227e-04
Loss = 4.6694e-01, PNorm = 45.9326, GNorm = 67.4630, lr_0 = 1.3249e-04
Loss = 4.4843e-01, PNorm = 45.9337, GNorm = 33.1718, lr_0 = 1.3272e-04
Loss = 4.0927e-01, PNorm = 45.9350, GNorm = 28.7626, lr_0 = 1.3294e-04
Loss = 3.9441e-01, PNorm = 45.9363, GNorm = 17.3521, lr_0 = 1.3317e-04
Loss = 3.9102e-01, PNorm = 45.9378, GNorm = 41.7773, lr_0 = 1.3340e-04
Loss = 4.0806e-01, PNorm = 45.9393, GNorm = 34.3955, lr_0 = 1.3362e-04
Loss = 6.3995e-01, PNorm = 45.9404, GNorm = 102.4128, lr_0 = 1.3385e-04
Loss = 7.7744e-01, PNorm = 45.9415, GNorm = 40.0880, lr_0 = 1.3407e-04
Loss = 1.1812e+00, PNorm = 45.9426, GNorm = 64.8278, lr_0 = 1.3430e-04
Loss = 7.6887e-01, PNorm = 45.9436, GNorm = 91.1203, lr_0 = 1.3452e-04
Loss = 5.5908e-01, PNorm = 45.9448, GNorm = 39.1820, lr_0 = 1.3475e-04
Loss = 6.1515e-01, PNorm = 45.9463, GNorm = 55.1434, lr_0 = 1.3497e-04
Loss = 7.4361e-01, PNorm = 45.9474, GNorm = 122.9510, lr_0 = 1.3520e-04
Loss = 6.6720e-01, PNorm = 45.9487, GNorm = 77.8553, lr_0 = 1.3543e-04
Loss = 5.0316e-01, PNorm = 45.9501, GNorm = 16.7012, lr_0 = 1.3565e-04
Loss = 5.0807e-01, PNorm = 45.9514, GNorm = 46.4941, lr_0 = 1.3588e-04
Loss = 1.0306e+00, PNorm = 45.9526, GNorm = 81.0527, lr_0 = 1.3610e-04
Loss = 1.1719e+00, PNorm = 45.9545, GNorm = 27.3022, lr_0 = 1.3633e-04
Loss = 1.0133e+00, PNorm = 45.9555, GNorm = 86.7032, lr_0 = 1.3655e-04
Loss = 5.4599e-01, PNorm = 45.9568, GNorm = 67.1431, lr_0 = 1.3678e-04
Loss = 5.5993e-01, PNorm = 45.9579, GNorm = 35.4940, lr_0 = 1.3700e-04
Loss = 4.0520e-01, PNorm = 45.9594, GNorm = 38.3092, lr_0 = 1.3723e-04
Loss = 3.3236e-01, PNorm = 45.9605, GNorm = 21.7102, lr_0 = 1.3745e-04
Loss = 4.1440e-01, PNorm = 45.9619, GNorm = 33.3619, lr_0 = 1.3768e-04
Loss = 3.6338e-01, PNorm = 45.9629, GNorm = 25.8988, lr_0 = 1.3791e-04
Loss = 4.1468e-01, PNorm = 45.9638, GNorm = 20.1316, lr_0 = 1.3813e-04
Loss = 3.8334e-01, PNorm = 45.9645, GNorm = 38.1240, lr_0 = 1.3836e-04
Loss = 4.3265e-01, PNorm = 45.9652, GNorm = 70.0323, lr_0 = 1.3858e-04
Loss = 4.7807e-01, PNorm = 45.9662, GNorm = 111.6127, lr_0 = 1.3881e-04
Loss = 4.4421e-01, PNorm = 45.9675, GNorm = 34.6267, lr_0 = 1.3903e-04
Loss = 3.6358e-01, PNorm = 45.9687, GNorm = 76.1655, lr_0 = 1.3926e-04
Loss = 3.7622e-01, PNorm = 45.9699, GNorm = 14.6320, lr_0 = 1.3948e-04
Loss = 3.6433e-01, PNorm = 45.9714, GNorm = 17.9611, lr_0 = 1.3971e-04
Loss = 3.4544e-01, PNorm = 45.9724, GNorm = 41.0086, lr_0 = 1.3994e-04
Loss = 3.4652e-01, PNorm = 45.9734, GNorm = 18.0011, lr_0 = 1.4016e-04
Loss = 4.1606e-01, PNorm = 45.9742, GNorm = 44.8632, lr_0 = 1.4039e-04
Loss = 3.6686e-01, PNorm = 45.9752, GNorm = 61.4362, lr_0 = 1.4061e-04
Loss = 3.5116e-01, PNorm = 45.9761, GNorm = 10.4638, lr_0 = 1.4084e-04
Loss = 3.2889e-01, PNorm = 45.9772, GNorm = 21.5496, lr_0 = 1.4106e-04
Loss = 3.9870e-01, PNorm = 45.9793, GNorm = 16.4731, lr_0 = 1.4129e-04
Loss = 3.6623e-01, PNorm = 45.9810, GNorm = 23.5524, lr_0 = 1.4151e-04
Loss = 3.8508e-01, PNorm = 45.9822, GNorm = 13.8931, lr_0 = 1.4174e-04
Loss = 3.7923e-01, PNorm = 45.9834, GNorm = 20.9596, lr_0 = 1.4196e-04
Loss = 3.4946e-01, PNorm = 45.9851, GNorm = 23.0871, lr_0 = 1.4219e-04
Loss = 4.7954e-01, PNorm = 45.9865, GNorm = 51.0252, lr_0 = 1.4242e-04
Loss = 4.3919e-01, PNorm = 45.9877, GNorm = 34.0315, lr_0 = 1.4264e-04
Loss = 3.8821e-01, PNorm = 45.9887, GNorm = 60.3811, lr_0 = 1.4287e-04
Loss = 4.2467e-01, PNorm = 45.9902, GNorm = 27.3870, lr_0 = 1.4309e-04
Loss = 3.0353e-01, PNorm = 45.9919, GNorm = 40.7482, lr_0 = 1.4332e-04
Loss = 3.7982e-01, PNorm = 45.9928, GNorm = 11.8644, lr_0 = 1.4354e-04
Loss = 3.2683e-01, PNorm = 45.9934, GNorm = 12.0249, lr_0 = 1.4377e-04
Loss = 3.5364e-01, PNorm = 45.9945, GNorm = 9.7827, lr_0 = 1.4399e-04
Loss = 3.3169e-01, PNorm = 45.9961, GNorm = 37.4647, lr_0 = 1.4422e-04
Loss = 2.9393e-01, PNorm = 45.9977, GNorm = 26.9477, lr_0 = 1.4445e-04
Loss = 3.2555e-01, PNorm = 45.9993, GNorm = 19.1908, lr_0 = 1.4467e-04
Loss = 3.2149e-01, PNorm = 46.0004, GNorm = 38.9223, lr_0 = 1.4490e-04
Loss = 3.4025e-01, PNorm = 46.0015, GNorm = 16.0444, lr_0 = 1.4512e-04
Loss = 3.9896e-01, PNorm = 46.0027, GNorm = 17.6672, lr_0 = 1.4535e-04
Loss = 3.7055e-01, PNorm = 46.0042, GNorm = 43.9765, lr_0 = 1.4557e-04
Loss = 3.5129e-01, PNorm = 46.0057, GNorm = 28.8978, lr_0 = 1.4580e-04
Loss = 3.5398e-01, PNorm = 46.0073, GNorm = 70.9374, lr_0 = 1.4602e-04
Loss = 3.3978e-01, PNorm = 46.0087, GNorm = 17.2361, lr_0 = 1.4625e-04
Loss = 2.9728e-01, PNorm = 46.0098, GNorm = 12.0084, lr_0 = 1.4647e-04
Loss = 4.0287e-01, PNorm = 46.0110, GNorm = 13.6063, lr_0 = 1.4670e-04
Loss = 3.3079e-01, PNorm = 46.0125, GNorm = 65.3819, lr_0 = 1.4693e-04
Loss = 3.7537e-01, PNorm = 46.0140, GNorm = 29.2687, lr_0 = 1.4715e-04
Loss = 4.0593e-01, PNorm = 46.0154, GNorm = 23.2699, lr_0 = 1.4738e-04
Loss = 6.8321e-01, PNorm = 46.0163, GNorm = 757.8487, lr_0 = 1.4760e-04
Loss = 1.5314e+00, PNorm = 46.0175, GNorm = 34.7193, lr_0 = 1.4783e-04
Loss = 7.8148e-01, PNorm = 46.0191, GNorm = 59.7907, lr_0 = 1.4805e-04
Loss = 7.2347e-01, PNorm = 46.0208, GNorm = 80.5226, lr_0 = 1.4828e-04
Loss = 6.7890e-01, PNorm = 46.0222, GNorm = 14.9454, lr_0 = 1.4850e-04
Loss = 6.0600e-01, PNorm = 46.0234, GNorm = 31.8983, lr_0 = 1.4873e-04
Loss = 4.3370e-01, PNorm = 46.0253, GNorm = 32.5604, lr_0 = 1.4896e-04
Loss = 4.2522e-01, PNorm = 46.0273, GNorm = 60.9501, lr_0 = 1.4918e-04
Loss = 3.8358e-01, PNorm = 46.0288, GNorm = 12.1521, lr_0 = 1.4941e-04
Loss = 3.4755e-01, PNorm = 46.0303, GNorm = 8.2371, lr_0 = 1.4963e-04
Loss = 3.2830e-01, PNorm = 46.0317, GNorm = 88.0617, lr_0 = 1.4986e-04
Loss = 3.7727e-01, PNorm = 46.0328, GNorm = 50.7159, lr_0 = 1.5008e-04
Loss = 4.8038e-01, PNorm = 46.0345, GNorm = 83.8429, lr_0 = 1.5031e-04
Loss = 9.9302e-01, PNorm = 46.0360, GNorm = 59.2461, lr_0 = 1.5053e-04
Loss = 6.8157e-01, PNorm = 46.0375, GNorm = 11.5763, lr_0 = 1.5076e-04
Loss = 3.6998e-01, PNorm = 46.0387, GNorm = 23.5901, lr_0 = 1.5098e-04
Loss = 3.8638e-01, PNorm = 46.0404, GNorm = 14.3604, lr_0 = 1.5121e-04
Loss = 3.0722e-01, PNorm = 46.0422, GNorm = 45.7162, lr_0 = 1.5144e-04
Loss = 4.1634e-01, PNorm = 46.0443, GNorm = 16.6959, lr_0 = 1.5166e-04
Loss = 3.6739e-01, PNorm = 46.0462, GNorm = 15.2329, lr_0 = 1.5189e-04
Loss = 3.8129e-01, PNorm = 46.0475, GNorm = 30.8040, lr_0 = 1.5211e-04
Loss = 3.9889e-01, PNorm = 46.0486, GNorm = 25.9970, lr_0 = 1.5234e-04
Loss = 3.8272e-01, PNorm = 46.0498, GNorm = 23.2133, lr_0 = 1.5256e-04
Loss = 2.9623e-01, PNorm = 46.0515, GNorm = 34.0263, lr_0 = 1.5279e-04
Loss = 3.1472e-01, PNorm = 46.0532, GNorm = 23.1829, lr_0 = 1.5301e-04
Loss = 3.6190e-01, PNorm = 46.0547, GNorm = 46.0112, lr_0 = 1.5324e-04
Loss = 3.6754e-01, PNorm = 46.0562, GNorm = 9.1732, lr_0 = 1.5347e-04
Loss = 4.7774e-01, PNorm = 46.0580, GNorm = 62.2621, lr_0 = 1.5369e-04
Loss = 8.1091e-01, PNorm = 46.0598, GNorm = 57.4310, lr_0 = 1.5392e-04
Loss = 6.4264e-01, PNorm = 46.0613, GNorm = 68.6227, lr_0 = 1.5414e-04
Loss = 4.8830e-01, PNorm = 46.0628, GNorm = 51.9318, lr_0 = 1.5437e-04
Loss = 3.2888e-01, PNorm = 46.0646, GNorm = 9.6363, lr_0 = 1.5459e-04
Loss = 3.7576e-01, PNorm = 46.0666, GNorm = 33.0536, lr_0 = 1.5482e-04
Loss = 3.4429e-01, PNorm = 46.0687, GNorm = 26.9792, lr_0 = 1.5504e-04
Loss = 3.8878e-01, PNorm = 46.0707, GNorm = 22.0296, lr_0 = 1.5527e-04
Loss = 3.3517e-01, PNorm = 46.0722, GNorm = 10.3898, lr_0 = 1.5549e-04
Loss = 3.3749e-01, PNorm = 46.0742, GNorm = 11.4171, lr_0 = 1.5572e-04
Loss = 3.3637e-01, PNorm = 46.0756, GNorm = 26.7616, lr_0 = 1.5595e-04
Loss = 3.2375e-01, PNorm = 46.0766, GNorm = 30.3204, lr_0 = 1.5617e-04
Loss = 2.9613e-01, PNorm = 46.0777, GNorm = 8.5856, lr_0 = 1.5640e-04
Loss = 4.2977e-01, PNorm = 46.0789, GNorm = 19.2240, lr_0 = 1.5662e-04
Loss = 3.1564e-01, PNorm = 46.0803, GNorm = 10.8268, lr_0 = 1.5685e-04
Loss = 3.0196e-01, PNorm = 46.0822, GNorm = 15.6100, lr_0 = 1.5707e-04
Loss = 3.2316e-01, PNorm = 46.0838, GNorm = 9.8312, lr_0 = 1.5730e-04
Loss = 3.1907e-01, PNorm = 46.0852, GNorm = 19.8064, lr_0 = 1.5752e-04
Loss = 3.2479e-01, PNorm = 46.0868, GNorm = 18.9048, lr_0 = 1.5775e-04
Loss = 2.8056e-01, PNorm = 46.0883, GNorm = 47.1659, lr_0 = 1.5798e-04
Loss = 3.0387e-01, PNorm = 46.0895, GNorm = 20.2005, lr_0 = 1.5820e-04
Loss = 3.0974e-01, PNorm = 46.0910, GNorm = 6.7128, lr_0 = 1.5843e-04
Loss = 2.8567e-01, PNorm = 46.0922, GNorm = 10.2411, lr_0 = 1.5865e-04
Loss = 2.6780e-01, PNorm = 46.0933, GNorm = 22.1534, lr_0 = 1.5888e-04
Loss = 3.4099e-01, PNorm = 46.0952, GNorm = 14.6942, lr_0 = 1.5910e-04
Loss = 3.5505e-01, PNorm = 46.0973, GNorm = 9.3391, lr_0 = 1.5933e-04
Loss = 3.3283e-01, PNorm = 46.0986, GNorm = 9.9659, lr_0 = 1.5955e-04
Loss = 3.0204e-01, PNorm = 46.0998, GNorm = 17.8390, lr_0 = 1.5978e-04
Loss = 3.0401e-01, PNorm = 46.1016, GNorm = 16.1266, lr_0 = 1.6000e-04
Loss = 2.9868e-01, PNorm = 46.1032, GNorm = 41.8773, lr_0 = 1.6023e-04
Loss = 4.1183e-01, PNorm = 46.1048, GNorm = 20.0903, lr_0 = 1.6046e-04
Loss = 5.9326e-01, PNorm = 46.1060, GNorm = 13.8253, lr_0 = 1.6068e-04
Loss = 3.8856e-01, PNorm = 46.1072, GNorm = 32.4911, lr_0 = 1.6091e-04
Loss = 4.5233e-01, PNorm = 46.1080, GNorm = 28.8149, lr_0 = 1.6113e-04
Loss = 3.1411e-01, PNorm = 46.1093, GNorm = 11.5695, lr_0 = 1.6136e-04
Loss = 3.0116e-01, PNorm = 46.1105, GNorm = 16.5759, lr_0 = 1.6158e-04
Loss = 3.2023e-01, PNorm = 46.1127, GNorm = 15.5710, lr_0 = 1.6181e-04
Loss = 4.0045e-01, PNorm = 46.1143, GNorm = 8.0822, lr_0 = 1.6203e-04
Loss = 5.9574e-01, PNorm = 46.1161, GNorm = 17.5762, lr_0 = 1.6226e-04
Loss = 3.9628e-01, PNorm = 46.1180, GNorm = 91.4511, lr_0 = 1.6248e-04
Loss = 3.5702e-01, PNorm = 46.1199, GNorm = 17.3156, lr_0 = 1.6271e-04
Loss = 2.9943e-01, PNorm = 46.1219, GNorm = 4.9179, lr_0 = 1.6294e-04
Loss = 3.2986e-01, PNorm = 46.1241, GNorm = 11.9333, lr_0 = 1.6316e-04
Loss = 2.9685e-01, PNorm = 46.1259, GNorm = 36.3380, lr_0 = 1.6339e-04
Loss = 2.6807e-01, PNorm = 46.1278, GNorm = 8.2030, lr_0 = 1.6361e-04
Loss = 3.0144e-01, PNorm = 46.1296, GNorm = 7.6616, lr_0 = 1.6384e-04
Loss = 2.9556e-01, PNorm = 46.1315, GNorm = 11.4396, lr_0 = 1.6406e-04
Loss = 3.6424e-01, PNorm = 46.1339, GNorm = 12.7571, lr_0 = 1.6429e-04
Loss = 3.2824e-01, PNorm = 46.1361, GNorm = 11.8411, lr_0 = 1.6451e-04
Loss = 3.9234e-01, PNorm = 46.1377, GNorm = 76.0101, lr_0 = 1.6474e-04
Loss = 3.9225e-01, PNorm = 46.1396, GNorm = 53.4998, lr_0 = 1.6497e-04
Loss = 3.4655e-01, PNorm = 46.1415, GNorm = 31.3113, lr_0 = 1.6519e-04
Loss = 3.5271e-01, PNorm = 46.1434, GNorm = 18.1528, lr_0 = 1.6542e-04
Loss = 3.1572e-01, PNorm = 46.1455, GNorm = 21.7611, lr_0 = 1.6564e-04
Loss = 3.0520e-01, PNorm = 46.1468, GNorm = 12.4012, lr_0 = 1.6587e-04
Loss = 3.2075e-01, PNorm = 46.1483, GNorm = 33.6232, lr_0 = 1.6609e-04
Loss = 3.2339e-01, PNorm = 46.1502, GNorm = 18.1580, lr_0 = 1.6632e-04
Loss = 2.8448e-01, PNorm = 46.1524, GNorm = 12.5162, lr_0 = 1.6654e-04
Loss = 4.5050e-01, PNorm = 46.1542, GNorm = 12.5686, lr_0 = 1.6677e-04
Loss = 3.4502e-01, PNorm = 46.1570, GNorm = 8.3723, lr_0 = 1.6699e-04
Loss = 2.6075e-01, PNorm = 46.1592, GNorm = 20.3916, lr_0 = 1.6722e-04
Loss = 2.7969e-01, PNorm = 46.1615, GNorm = 13.9290, lr_0 = 1.6745e-04
Loss = 2.7949e-01, PNorm = 46.1636, GNorm = 12.6736, lr_0 = 1.6767e-04
Loss = 3.0579e-01, PNorm = 46.1659, GNorm = 13.4974, lr_0 = 1.6790e-04
Loss = 3.3829e-01, PNorm = 46.1677, GNorm = 16.0209, lr_0 = 1.6812e-04
Loss = 3.5250e-01, PNorm = 46.1698, GNorm = 16.3468, lr_0 = 1.6835e-04
Loss = 3.1158e-01, PNorm = 46.1715, GNorm = 19.2400, lr_0 = 1.6857e-04
Loss = 2.9784e-01, PNorm = 46.1726, GNorm = 8.6623, lr_0 = 1.6880e-04
Loss = 3.2011e-01, PNorm = 46.1737, GNorm = 37.6263, lr_0 = 1.6902e-04
Loss = 4.0276e-01, PNorm = 46.1750, GNorm = 25.4068, lr_0 = 1.6925e-04
Loss = 2.8675e-01, PNorm = 46.1763, GNorm = 15.8175, lr_0 = 1.6948e-04
Loss = 2.8354e-01, PNorm = 46.1783, GNorm = 10.8575, lr_0 = 1.6970e-04
Loss = 3.7536e-01, PNorm = 46.1803, GNorm = 17.4406, lr_0 = 1.6993e-04
Loss = 2.8100e-01, PNorm = 46.1825, GNorm = 6.4521, lr_0 = 1.7015e-04
Loss = 2.8997e-01, PNorm = 46.1845, GNorm = 23.3910, lr_0 = 1.7038e-04
Loss = 3.0127e-01, PNorm = 46.1862, GNorm = 29.4290, lr_0 = 1.7060e-04
Loss = 3.4429e-01, PNorm = 46.1875, GNorm = 10.8357, lr_0 = 1.7083e-04
Loss = 2.7126e-01, PNorm = 46.1889, GNorm = 6.9227, lr_0 = 1.7105e-04
Loss = 2.5441e-01, PNorm = 46.1907, GNorm = 5.5716, lr_0 = 1.7128e-04
Loss = 3.2453e-01, PNorm = 46.1921, GNorm = 11.2467, lr_0 = 1.7150e-04
Loss = 3.2036e-01, PNorm = 46.1941, GNorm = 62.0279, lr_0 = 1.7173e-04
Loss = 3.1516e-01, PNorm = 46.1958, GNorm = 23.2443, lr_0 = 1.7196e-04
Loss = 3.1144e-01, PNorm = 46.1985, GNorm = 27.2734, lr_0 = 1.7218e-04
Loss = 2.8668e-01, PNorm = 46.2010, GNorm = 7.1162, lr_0 = 1.7241e-04
Loss = 2.8580e-01, PNorm = 46.2034, GNorm = 10.4160, lr_0 = 1.7263e-04
Loss = 3.0070e-01, PNorm = 46.2056, GNorm = 9.3040, lr_0 = 1.7286e-04
Loss = 3.2153e-01, PNorm = 46.2075, GNorm = 45.3493, lr_0 = 1.7308e-04
Loss = 2.7115e-01, PNorm = 46.2097, GNorm = 14.2138, lr_0 = 1.7331e-04
Loss = 4.8246e-01, PNorm = 46.2120, GNorm = 18.0368, lr_0 = 1.7353e-04
Loss = 4.8903e-01, PNorm = 46.2134, GNorm = 51.1394, lr_0 = 1.7376e-04
Loss = 4.6462e-01, PNorm = 46.2153, GNorm = 43.9346, lr_0 = 1.7399e-04
Loss = 4.4956e-01, PNorm = 46.2171, GNorm = 43.0677, lr_0 = 1.7421e-04
Loss = 2.8993e-01, PNorm = 46.2193, GNorm = 16.5627, lr_0 = 1.7444e-04
Loss = 3.0752e-01, PNorm = 46.2218, GNorm = 8.2714, lr_0 = 1.7466e-04
Loss = 3.3348e-01, PNorm = 46.2240, GNorm = 63.8703, lr_0 = 1.7489e-04
Loss = 3.1289e-01, PNorm = 46.2263, GNorm = 24.5537, lr_0 = 1.7511e-04
Loss = 3.5475e-01, PNorm = 46.2285, GNorm = 11.6394, lr_0 = 1.7534e-04
Loss = 2.4489e-01, PNorm = 46.2312, GNorm = 11.9597, lr_0 = 1.7556e-04
Loss = 2.9865e-01, PNorm = 46.2325, GNorm = 6.9624, lr_0 = 1.7579e-04
Loss = 2.8865e-01, PNorm = 46.2345, GNorm = 10.8748, lr_0 = 1.7601e-04
Loss = 3.0044e-01, PNorm = 46.2375, GNorm = 7.1004, lr_0 = 1.7624e-04
Loss = 2.7000e-01, PNorm = 46.2396, GNorm = 11.3271, lr_0 = 1.7647e-04
Loss = 2.5699e-01, PNorm = 46.2410, GNorm = 24.2140, lr_0 = 1.7669e-04
Loss = 3.0081e-01, PNorm = 46.2431, GNorm = 38.0744, lr_0 = 1.7692e-04
Loss = 2.8535e-01, PNorm = 46.2459, GNorm = 19.7410, lr_0 = 1.7714e-04
Loss = 2.4959e-01, PNorm = 46.2485, GNorm = 8.5838, lr_0 = 1.7737e-04
Loss = 2.7113e-01, PNorm = 46.2503, GNorm = 7.1466, lr_0 = 1.7759e-04
Loss = 3.1324e-01, PNorm = 46.2526, GNorm = 31.5663, lr_0 = 1.7782e-04
Loss = 2.3356e-01, PNorm = 46.2549, GNorm = 24.9545, lr_0 = 1.7804e-04
Loss = 2.3850e-01, PNorm = 46.2573, GNorm = 25.2578, lr_0 = 1.7827e-04
Loss = 3.2131e-01, PNorm = 46.2598, GNorm = 86.7434, lr_0 = 1.7850e-04
Loss = 8.3555e-01, PNorm = 46.2622, GNorm = 90.2639, lr_0 = 1.7872e-04
Loss = 1.2962e+00, PNorm = 46.2660, GNorm = 57.8547, lr_0 = 1.7895e-04
Loss = 5.7594e-01, PNorm = 46.2691, GNorm = 12.8156, lr_0 = 1.7917e-04
Loss = 7.0991e-01, PNorm = 46.2732, GNorm = 93.0049, lr_0 = 1.7940e-04
Loss = 6.8117e-01, PNorm = 46.2771, GNorm = 15.2035, lr_0 = 1.7962e-04
Loss = 4.2238e-01, PNorm = 46.2806, GNorm = 22.3406, lr_0 = 1.7985e-04
Loss = 3.4692e-01, PNorm = 46.2842, GNorm = 9.5186, lr_0 = 1.8007e-04
Loss = 2.7846e-01, PNorm = 46.2868, GNorm = 7.0515, lr_0 = 1.8030e-04
Loss = 2.9695e-01, PNorm = 46.2891, GNorm = 30.0288, lr_0 = 1.8052e-04
Loss = 3.1359e-01, PNorm = 46.2910, GNorm = 16.7675, lr_0 = 1.8075e-04
Loss = 4.2231e-01, PNorm = 46.2929, GNorm = 8.2829, lr_0 = 1.8098e-04
Loss = 3.3426e-01, PNorm = 46.2950, GNorm = 10.5163, lr_0 = 1.8120e-04
Loss = 3.1380e-01, PNorm = 46.2972, GNorm = 14.5401, lr_0 = 1.8143e-04
Loss = 5.5241e-01, PNorm = 46.2992, GNorm = 48.3933, lr_0 = 1.8165e-04
Loss = 8.3637e-01, PNorm = 46.3026, GNorm = 13.4663, lr_0 = 1.8188e-04
Loss = 5.9467e-01, PNorm = 46.3072, GNorm = 9.2049, lr_0 = 1.8210e-04
Loss = 4.2199e-01, PNorm = 46.3113, GNorm = 10.5439, lr_0 = 1.8233e-04
Loss = 3.8974e-01, PNorm = 46.3150, GNorm = 14.9499, lr_0 = 1.8255e-04
Loss = 3.7732e-01, PNorm = 46.3189, GNorm = 10.5162, lr_0 = 1.8278e-04
Loss = 3.5902e-01, PNorm = 46.3222, GNorm = 12.8795, lr_0 = 1.8301e-04
Loss = 3.0668e-01, PNorm = 46.3250, GNorm = 6.2728, lr_0 = 1.8323e-04
Loss = 3.1123e-01, PNorm = 46.3283, GNorm = 9.1661, lr_0 = 1.8346e-04
Loss = 2.8839e-01, PNorm = 46.3317, GNorm = 20.9945, lr_0 = 1.8368e-04
Loss = 2.8954e-01, PNorm = 46.3343, GNorm = 7.1349, lr_0 = 1.8391e-04
Loss = 3.8638e-01, PNorm = 46.3359, GNorm = 20.5019, lr_0 = 1.8413e-04
Loss = 4.7466e-01, PNorm = 46.3386, GNorm = 22.4937, lr_0 = 1.8436e-04
Loss = 3.6050e-01, PNorm = 46.3419, GNorm = 11.5007, lr_0 = 1.8458e-04
Loss = 3.1685e-01, PNorm = 46.3444, GNorm = 25.3693, lr_0 = 1.8481e-04
Loss = 5.4951e-01, PNorm = 46.3468, GNorm = 20.2981, lr_0 = 1.8503e-04
Loss = 3.8935e-01, PNorm = 46.3495, GNorm = 10.9730, lr_0 = 1.8526e-04
Loss = 3.7052e-01, PNorm = 46.3517, GNorm = 26.5571, lr_0 = 1.8549e-04
Loss = 3.5622e-01, PNorm = 46.3545, GNorm = 8.8167, lr_0 = 1.8571e-04
Loss = 2.5631e-01, PNorm = 46.3567, GNorm = 9.7410, lr_0 = 1.8594e-04
Loss = 3.2739e-01, PNorm = 46.3591, GNorm = 9.7142, lr_0 = 1.8616e-04
Loss = 3.0030e-01, PNorm = 46.3620, GNorm = 8.5830, lr_0 = 1.8639e-04
Loss = 2.7182e-01, PNorm = 46.3645, GNorm = 5.6110, lr_0 = 1.8661e-04
Loss = 3.1614e-01, PNorm = 46.3664, GNorm = 4.8837, lr_0 = 1.8684e-04
Loss = 2.8832e-01, PNorm = 46.3682, GNorm = 6.3639, lr_0 = 1.8706e-04
Loss = 2.5584e-01, PNorm = 46.3700, GNorm = 8.3814, lr_0 = 1.8729e-04
Loss = 2.9566e-01, PNorm = 46.3724, GNorm = 5.8525, lr_0 = 1.8752e-04
Loss = 3.6966e-01, PNorm = 46.3741, GNorm = 24.4202, lr_0 = 1.8774e-04
Loss = 2.9890e-01, PNorm = 46.3759, GNorm = 7.6357, lr_0 = 1.8797e-04
Loss = 3.1572e-01, PNorm = 46.3777, GNorm = 5.4405, lr_0 = 1.8819e-04
Loss = 2.8108e-01, PNorm = 46.3802, GNorm = 16.5075, lr_0 = 1.8842e-04
Loss = 3.2520e-01, PNorm = 46.3826, GNorm = 12.9233, lr_0 = 1.8864e-04
Loss = 3.1699e-01, PNorm = 46.3857, GNorm = 10.2093, lr_0 = 1.8887e-04
Loss = 3.2130e-01, PNorm = 46.3886, GNorm = 33.7687, lr_0 = 1.8909e-04
Loss = 2.5694e-01, PNorm = 46.3917, GNorm = 6.1547, lr_0 = 1.8932e-04
Loss = 3.4536e-01, PNorm = 46.3955, GNorm = 21.5901, lr_0 = 1.8954e-04
Loss = 2.6443e-01, PNorm = 46.3982, GNorm = 9.2400, lr_0 = 1.8977e-04
Loss = 2.9836e-01, PNorm = 46.4000, GNorm = 3.9285, lr_0 = 1.9000e-04
Loss = 2.8512e-01, PNorm = 46.4026, GNorm = 13.3184, lr_0 = 1.9022e-04
Loss = 3.1045e-01, PNorm = 46.4049, GNorm = 13.0804, lr_0 = 1.9045e-04
Loss = 3.0231e-01, PNorm = 46.4076, GNorm = 8.7623, lr_0 = 1.9067e-04
Loss = 2.6243e-01, PNorm = 46.4101, GNorm = 5.0136, lr_0 = 1.9090e-04
Loss = 2.8791e-01, PNorm = 46.4121, GNorm = 19.1222, lr_0 = 1.9112e-04
Loss = 3.1740e-01, PNorm = 46.4138, GNorm = 10.0752, lr_0 = 1.9135e-04
Loss = 2.5531e-01, PNorm = 46.4156, GNorm = 6.4056, lr_0 = 1.9157e-04
Loss = 2.5696e-01, PNorm = 46.4173, GNorm = 5.2603, lr_0 = 1.9180e-04
Loss = 2.1978e-01, PNorm = 46.4190, GNorm = 5.6451, lr_0 = 1.9202e-04
Loss = 6.9077e-01, PNorm = 46.4219, GNorm = 10.1158, lr_0 = 1.9225e-04
Loss = 5.0821e-01, PNorm = 46.4252, GNorm = 86.4832, lr_0 = 1.9248e-04
Loss = 4.1875e-01, PNorm = 46.4284, GNorm = 17.3155, lr_0 = 1.9270e-04
Loss = 3.3016e-01, PNorm = 46.4325, GNorm = 5.1897, lr_0 = 1.9293e-04
Loss = 2.7435e-01, PNorm = 46.4361, GNorm = 9.5899, lr_0 = 1.9315e-04
Loss = 3.0113e-01, PNorm = 46.4396, GNorm = 16.2777, lr_0 = 1.9338e-04
Loss = 3.1521e-01, PNorm = 46.4427, GNorm = 4.8683, lr_0 = 1.9360e-04
Loss = 3.1250e-01, PNorm = 46.4450, GNorm = 15.2948, lr_0 = 1.9383e-04
Loss = 2.9348e-01, PNorm = 46.4480, GNorm = 21.3638, lr_0 = 1.9405e-04
Loss = 2.7956e-01, PNorm = 46.4510, GNorm = 7.4897, lr_0 = 1.9428e-04
Loss = 2.6382e-01, PNorm = 46.4540, GNorm = 14.7950, lr_0 = 1.9451e-04
Loss = 3.0226e-01, PNorm = 46.4561, GNorm = 22.3871, lr_0 = 1.9473e-04
Loss = 2.7516e-01, PNorm = 46.4584, GNorm = 4.0135, lr_0 = 1.9496e-04
Loss = 3.5226e-01, PNorm = 46.4612, GNorm = 4.8377, lr_0 = 1.9518e-04
Loss = 3.0517e-01, PNorm = 46.4641, GNorm = 10.7497, lr_0 = 1.9541e-04
Loss = 2.7808e-01, PNorm = 46.4665, GNorm = 11.1000, lr_0 = 1.9563e-04
Loss = 2.3593e-01, PNorm = 46.4686, GNorm = 6.9471, lr_0 = 1.9586e-04
Loss = 2.6116e-01, PNorm = 46.4708, GNorm = 7.5388, lr_0 = 1.9608e-04
Loss = 2.8134e-01, PNorm = 46.4729, GNorm = 10.2431, lr_0 = 1.9631e-04
Loss = 2.5315e-01, PNorm = 46.4754, GNorm = 10.3794, lr_0 = 1.9653e-04
Loss = 2.6963e-01, PNorm = 46.4785, GNorm = 5.3849, lr_0 = 1.9676e-04
Loss = 2.6203e-01, PNorm = 46.4815, GNorm = 7.5008, lr_0 = 1.9699e-04
Loss = 2.5520e-01, PNorm = 46.4837, GNorm = 8.0420, lr_0 = 1.9721e-04
Loss = 2.9615e-01, PNorm = 46.4856, GNorm = 13.0732, lr_0 = 1.9744e-04
Loss = 2.8288e-01, PNorm = 46.4892, GNorm = 10.7848, lr_0 = 1.9766e-04
Loss = 2.6771e-01, PNorm = 46.4927, GNorm = 15.2173, lr_0 = 1.9789e-04
Loss = 2.7654e-01, PNorm = 46.4945, GNorm = 23.8671, lr_0 = 1.9811e-04
Loss = 2.6396e-01, PNorm = 46.4959, GNorm = 7.6516, lr_0 = 1.9834e-04
Loss = 2.6601e-01, PNorm = 46.4978, GNorm = 64.5588, lr_0 = 1.9856e-04
Loss = 2.8706e-01, PNorm = 46.5002, GNorm = 14.0095, lr_0 = 1.9879e-04
Loss = 2.3623e-01, PNorm = 46.5028, GNorm = 7.8255, lr_0 = 1.9902e-04
Loss = 2.2564e-01, PNorm = 46.5054, GNorm = 5.5968, lr_0 = 1.9924e-04
Loss = 3.3175e-01, PNorm = 46.5077, GNorm = 10.6212, lr_0 = 1.9947e-04
Loss = 2.9167e-01, PNorm = 46.5109, GNorm = 6.2195, lr_0 = 1.9969e-04
Loss = 2.5801e-01, PNorm = 46.5141, GNorm = 11.1449, lr_0 = 1.9992e-04
Loss = 3.5807e-01, PNorm = 46.5168, GNorm = 109.0481, lr_0 = 2.0014e-04
Loss = 4.9193e-01, PNorm = 46.5193, GNorm = 6.3186, lr_0 = 2.0037e-04
Loss = 3.5299e-01, PNorm = 46.5231, GNorm = 16.6560, lr_0 = 2.0059e-04
Loss = 3.8517e-01, PNorm = 46.5267, GNorm = 29.8754, lr_0 = 2.0082e-04
Loss = 3.6433e-01, PNorm = 46.5301, GNorm = 5.6461, lr_0 = 2.0104e-04
Loss = 3.1466e-01, PNorm = 46.5337, GNorm = 6.7888, lr_0 = 2.0127e-04
Loss = 2.5390e-01, PNorm = 46.5370, GNorm = 4.3210, lr_0 = 2.0150e-04
Loss = 2.4533e-01, PNorm = 46.5402, GNorm = 5.7553, lr_0 = 2.0172e-04
Loss = 2.8887e-01, PNorm = 46.5423, GNorm = 4.4028, lr_0 = 2.0195e-04
Loss = 2.9317e-01, PNorm = 46.5442, GNorm = 12.3076, lr_0 = 2.0217e-04
Loss = 2.6157e-01, PNorm = 46.5473, GNorm = 21.0542, lr_0 = 2.0240e-04
Loss = 2.5885e-01, PNorm = 46.5504, GNorm = 6.6622, lr_0 = 2.0262e-04
Loss = 2.6583e-01, PNorm = 46.5533, GNorm = 10.4609, lr_0 = 2.0285e-04
Loss = 2.7390e-01, PNorm = 46.5564, GNorm = 3.4913, lr_0 = 2.0307e-04
Loss = 2.4533e-01, PNorm = 46.5587, GNorm = 7.5834, lr_0 = 2.0330e-04
Loss = 2.5918e-01, PNorm = 46.5610, GNorm = 4.4258, lr_0 = 2.0353e-04
Loss = 2.3002e-01, PNorm = 46.5640, GNorm = 3.5396, lr_0 = 2.0375e-04
Loss = 2.0487e-01, PNorm = 46.5668, GNorm = 4.5803, lr_0 = 2.0398e-04
Loss = 3.2358e-01, PNorm = 46.5696, GNorm = 19.3293, lr_0 = 2.0420e-04
Loss = 2.6956e-01, PNorm = 46.5726, GNorm = 9.1478, lr_0 = 2.0443e-04
Loss = 2.5253e-01, PNorm = 46.5751, GNorm = 12.2420, lr_0 = 2.0465e-04
Loss = 2.5773e-01, PNorm = 46.5783, GNorm = 10.7013, lr_0 = 2.0488e-04
Loss = 2.1448e-01, PNorm = 46.5819, GNorm = 5.7932, lr_0 = 2.0510e-04
Loss = 2.6770e-01, PNorm = 46.5853, GNorm = 9.6141, lr_0 = 2.0533e-04
Loss = 3.1107e-01, PNorm = 46.5888, GNorm = 5.8750, lr_0 = 2.0555e-04
Loss = 2.3286e-01, PNorm = 46.5917, GNorm = 20.9813, lr_0 = 2.0578e-04
Loss = 2.4389e-01, PNorm = 46.5939, GNorm = 12.0386, lr_0 = 2.0601e-04
Loss = 2.8634e-01, PNorm = 46.5958, GNorm = 12.2578, lr_0 = 2.0623e-04
Loss = 2.7395e-01, PNorm = 46.5982, GNorm = 10.5113, lr_0 = 2.0646e-04
Loss = 2.3909e-01, PNorm = 46.6008, GNorm = 3.7181, lr_0 = 2.0668e-04
Loss = 2.4192e-01, PNorm = 46.6039, GNorm = 5.1463, lr_0 = 2.0691e-04
Loss = 2.5820e-01, PNorm = 46.6060, GNorm = 8.5201, lr_0 = 2.0713e-04
Loss = 2.5853e-01, PNorm = 46.6084, GNorm = 6.9232, lr_0 = 2.0736e-04
Loss = 2.2268e-01, PNorm = 46.6115, GNorm = 6.5520, lr_0 = 2.0758e-04
Loss = 2.2041e-01, PNorm = 46.6156, GNorm = 3.8298, lr_0 = 2.0781e-04
Loss = 2.4086e-01, PNorm = 46.6197, GNorm = 14.5025, lr_0 = 2.0804e-04
Loss = 2.2115e-01, PNorm = 46.6229, GNorm = 4.6265, lr_0 = 2.0826e-04
Loss = 2.4530e-01, PNorm = 46.6264, GNorm = 20.0189, lr_0 = 2.0849e-04
Loss = 2.0881e-01, PNorm = 46.6292, GNorm = 8.2323, lr_0 = 2.0871e-04
Loss = 2.2942e-01, PNorm = 46.6316, GNorm = 7.9176, lr_0 = 2.0894e-04
Loss = 2.5195e-01, PNorm = 46.6342, GNorm = 3.7148, lr_0 = 2.0916e-04
Loss = 2.9200e-01, PNorm = 46.6371, GNorm = 10.0043, lr_0 = 2.0939e-04
Loss = 2.9474e-01, PNorm = 46.6384, GNorm = 14.3554, lr_0 = 2.0961e-04
Loss = 2.7817e-01, PNorm = 46.6415, GNorm = 9.8923, lr_0 = 2.0984e-04
Loss = 2.2819e-01, PNorm = 46.6453, GNorm = 16.6479, lr_0 = 2.1006e-04
Loss = 2.8687e-01, PNorm = 46.6480, GNorm = 53.3082, lr_0 = 2.1029e-04
Loss = 2.9524e-01, PNorm = 46.6508, GNorm = 14.1754, lr_0 = 2.1052e-04
Loss = 3.3076e-01, PNorm = 46.6536, GNorm = 14.9661, lr_0 = 2.1074e-04
Loss = 3.1648e-01, PNorm = 46.6564, GNorm = 7.9516, lr_0 = 2.1097e-04
Loss = 2.4743e-01, PNorm = 46.6589, GNorm = 9.3704, lr_0 = 2.1119e-04
Loss = 2.1992e-01, PNorm = 46.6616, GNorm = 5.5000, lr_0 = 2.1142e-04
Loss = 2.3416e-01, PNorm = 46.6638, GNorm = 10.6414, lr_0 = 2.1164e-04
Loss = 2.3837e-01, PNorm = 46.6662, GNorm = 5.7864, lr_0 = 2.1187e-04
Loss = 2.3914e-01, PNorm = 46.6688, GNorm = 7.7767, lr_0 = 2.1209e-04
Loss = 2.7359e-01, PNorm = 46.6723, GNorm = 15.2506, lr_0 = 2.1232e-04
Loss = 2.8486e-01, PNorm = 46.6763, GNorm = 6.2197, lr_0 = 2.1255e-04
Loss = 2.6904e-01, PNorm = 46.6810, GNorm = 10.6193, lr_0 = 2.1277e-04
Loss = 2.2559e-01, PNorm = 46.6845, GNorm = 9.1814, lr_0 = 2.1300e-04
Loss = 2.6792e-01, PNorm = 46.6881, GNorm = 9.5597, lr_0 = 2.1322e-04
Loss = 2.0354e-01, PNorm = 46.6911, GNorm = 4.7346, lr_0 = 2.1345e-04
Loss = 2.1981e-01, PNorm = 46.6938, GNorm = 3.8645, lr_0 = 2.1367e-04
Loss = 2.2517e-01, PNorm = 46.6963, GNorm = 11.7680, lr_0 = 2.1390e-04
Loss = 2.3844e-01, PNorm = 46.6987, GNorm = 8.7429, lr_0 = 2.1412e-04
Loss = 2.3750e-01, PNorm = 46.7016, GNorm = 3.9390, lr_0 = 2.1435e-04
Loss = 2.4707e-01, PNorm = 46.7050, GNorm = 7.9552, lr_0 = 2.1457e-04
Loss = 2.6447e-01, PNorm = 46.7084, GNorm = 9.5140, lr_0 = 2.1480e-04
Loss = 2.4276e-01, PNorm = 46.7121, GNorm = 6.0507, lr_0 = 2.1503e-04
Loss = 2.4077e-01, PNorm = 46.7153, GNorm = 8.6652, lr_0 = 2.1525e-04
Loss = 2.7817e-01, PNorm = 46.7172, GNorm = 12.2340, lr_0 = 2.1548e-04
Loss = 2.2418e-01, PNorm = 46.7187, GNorm = 7.9718, lr_0 = 2.1570e-04
Loss = 3.3155e-01, PNorm = 46.7216, GNorm = 12.0366, lr_0 = 2.1593e-04
Loss = 3.5137e-01, PNorm = 46.7246, GNorm = 7.4230, lr_0 = 2.1615e-04
Loss = 2.7186e-01, PNorm = 46.7275, GNorm = 7.5365, lr_0 = 2.1638e-04
Loss = 2.8076e-01, PNorm = 46.7308, GNorm = 3.1118, lr_0 = 2.1660e-04
Loss = 2.3610e-01, PNorm = 46.7338, GNorm = 8.2785, lr_0 = 2.1683e-04
Loss = 2.6874e-01, PNorm = 46.7364, GNorm = 9.6829, lr_0 = 2.1706e-04
Loss = 2.5779e-01, PNorm = 46.7389, GNorm = 11.0611, lr_0 = 2.1728e-04
Loss = 2.1564e-01, PNorm = 46.7416, GNorm = 6.3597, lr_0 = 2.1751e-04
Loss = 2.2191e-01, PNorm = 46.7449, GNorm = 7.3258, lr_0 = 2.1773e-04
Loss = 2.1037e-01, PNorm = 46.7475, GNorm = 5.5870, lr_0 = 2.1796e-04
Loss = 2.3315e-01, PNorm = 46.7491, GNorm = 5.7802, lr_0 = 2.1818e-04
Loss = 2.2611e-01, PNorm = 46.7518, GNorm = 4.7474, lr_0 = 2.1841e-04
Loss = 1.9971e-01, PNorm = 46.7556, GNorm = 7.0382, lr_0 = 2.1863e-04
Loss = 2.4146e-01, PNorm = 46.7579, GNorm = 3.0729, lr_0 = 2.1886e-04
Loss = 2.4044e-01, PNorm = 46.7610, GNorm = 12.1250, lr_0 = 2.1908e-04
Loss = 2.8586e-01, PNorm = 46.7632, GNorm = 5.3607, lr_0 = 2.1931e-04
Loss = 2.2339e-01, PNorm = 46.7650, GNorm = 8.9303, lr_0 = 2.1954e-04
Loss = 2.4515e-01, PNorm = 46.7675, GNorm = 27.2877, lr_0 = 2.1976e-04
Loss = 2.3073e-01, PNorm = 46.7714, GNorm = 7.4260, lr_0 = 2.1999e-04
Loss = 2.2895e-01, PNorm = 46.7760, GNorm = 6.8808, lr_0 = 2.2021e-04
Loss = 2.2111e-01, PNorm = 46.7798, GNorm = 5.7977, lr_0 = 2.2044e-04
Loss = 2.3767e-01, PNorm = 46.7838, GNorm = 2.3027, lr_0 = 2.2066e-04
Loss = 2.4257e-01, PNorm = 46.7876, GNorm = 15.4175, lr_0 = 2.2089e-04
Loss = 2.4170e-01, PNorm = 46.7910, GNorm = 8.7889, lr_0 = 2.2111e-04
Loss = 2.2054e-01, PNorm = 46.7938, GNorm = 27.4407, lr_0 = 2.2134e-04
Loss = 2.5857e-01, PNorm = 46.7967, GNorm = 13.9693, lr_0 = 2.2156e-04
Loss = 2.2745e-01, PNorm = 46.7993, GNorm = 3.6495, lr_0 = 2.2179e-04
Loss = 2.4194e-01, PNorm = 46.8018, GNorm = 15.5931, lr_0 = 2.2202e-04
Loss = 2.5710e-01, PNorm = 46.8048, GNorm = 5.5640, lr_0 = 2.2224e-04
Loss = 2.2947e-01, PNorm = 46.8088, GNorm = 7.2563, lr_0 = 2.2247e-04
Loss = 2.2868e-01, PNorm = 46.8118, GNorm = 6.6426, lr_0 = 2.2269e-04
Loss = 2.2337e-01, PNorm = 46.8141, GNorm = 11.0602, lr_0 = 2.2292e-04
Loss = 1.9400e-01, PNorm = 46.8155, GNorm = 4.3560, lr_0 = 2.2314e-04
Loss = 2.4350e-01, PNorm = 46.8171, GNorm = 5.5098, lr_0 = 2.2337e-04
Loss = 2.2097e-01, PNorm = 46.8201, GNorm = 5.4622, lr_0 = 2.2359e-04
Loss = 2.7552e-01, PNorm = 46.8236, GNorm = 16.6990, lr_0 = 2.2382e-04
Loss = 2.4237e-01, PNorm = 46.8271, GNorm = 6.4106, lr_0 = 2.2405e-04
Loss = 2.2329e-01, PNorm = 46.8309, GNorm = 5.2320, lr_0 = 2.2427e-04
Loss = 2.2074e-01, PNorm = 46.8341, GNorm = 10.0426, lr_0 = 2.2450e-04
Loss = 3.2544e-01, PNorm = 46.8371, GNorm = 23.1549, lr_0 = 2.2472e-04
Loss = 2.8632e-01, PNorm = 46.8406, GNorm = 10.2244, lr_0 = 2.2495e-04
Loss = 2.7144e-01, PNorm = 46.8446, GNorm = 4.7242, lr_0 = 2.2517e-04
Loss = 2.4334e-01, PNorm = 46.8498, GNorm = 9.1388, lr_0 = 2.2540e-04
Loss = 2.2424e-01, PNorm = 46.8538, GNorm = 4.8391, lr_0 = 2.2562e-04
Loss = 2.0866e-01, PNorm = 46.8580, GNorm = 3.9392, lr_0 = 2.2585e-04
Loss = 3.0206e-01, PNorm = 46.8612, GNorm = 4.5648, lr_0 = 2.2607e-04
Loss = 2.5496e-01, PNorm = 46.8639, GNorm = 6.5864, lr_0 = 2.2630e-04
Loss = 2.1726e-01, PNorm = 46.8669, GNorm = 7.6652, lr_0 = 2.2653e-04
Loss = 2.4100e-01, PNorm = 46.8700, GNorm = 11.0316, lr_0 = 2.2675e-04
Loss = 2.6152e-01, PNorm = 46.8722, GNorm = 3.1290, lr_0 = 2.2698e-04
Loss = 2.4158e-01, PNorm = 46.8758, GNorm = 6.2022, lr_0 = 2.2720e-04
Loss = 2.2940e-01, PNorm = 46.8781, GNorm = 7.2282, lr_0 = 2.2743e-04
Loss = 2.1737e-01, PNorm = 46.8811, GNorm = 8.8895, lr_0 = 2.2765e-04
Loss = 2.5948e-01, PNorm = 46.8836, GNorm = 7.2952, lr_0 = 2.2788e-04
Loss = 2.3755e-01, PNorm = 46.8869, GNorm = 8.3204, lr_0 = 2.2810e-04
Loss = 2.2747e-01, PNorm = 46.8914, GNorm = 5.0109, lr_0 = 2.2833e-04
Loss = 2.2420e-01, PNorm = 46.8955, GNorm = 9.8925, lr_0 = 2.2856e-04
Loss = 2.5344e-01, PNorm = 46.8979, GNorm = 10.4275, lr_0 = 2.2878e-04
Loss = 3.1906e-01, PNorm = 46.9000, GNorm = 11.0388, lr_0 = 2.2901e-04
Loss = 1.9951e-01, PNorm = 46.9028, GNorm = 4.9278, lr_0 = 2.2923e-04
Loss = 2.2488e-01, PNorm = 46.9058, GNorm = 5.9230, lr_0 = 2.2946e-04
Loss = 2.4730e-01, PNorm = 46.9096, GNorm = 11.0358, lr_0 = 2.2968e-04
Loss = 2.1520e-01, PNorm = 46.9143, GNorm = 4.6949, lr_0 = 2.2991e-04
Loss = 2.0396e-01, PNorm = 46.9183, GNorm = 4.9133, lr_0 = 2.3013e-04
Loss = 2.0624e-01, PNorm = 46.9219, GNorm = 3.4201, lr_0 = 2.3036e-04
Loss = 1.8904e-01, PNorm = 46.9255, GNorm = 2.9088, lr_0 = 2.3058e-04
Loss = 2.2935e-01, PNorm = 46.9284, GNorm = 3.6712, lr_0 = 2.3081e-04
Loss = 2.4210e-01, PNorm = 46.9318, GNorm = 11.0898, lr_0 = 2.3104e-04
Loss = 1.9585e-01, PNorm = 46.9354, GNorm = 3.5102, lr_0 = 2.3126e-04
Loss = 2.3734e-01, PNorm = 46.9384, GNorm = 8.0957, lr_0 = 2.3149e-04
Loss = 2.0681e-01, PNorm = 46.9424, GNorm = 3.0622, lr_0 = 2.3171e-04
Loss = 2.1497e-01, PNorm = 46.9458, GNorm = 4.5663, lr_0 = 2.3194e-04
Loss = 2.5644e-01, PNorm = 46.9489, GNorm = 11.1594, lr_0 = 2.3216e-04
Loss = 2.1355e-01, PNorm = 46.9523, GNorm = 4.8356, lr_0 = 2.3239e-04
Loss = 3.0966e-01, PNorm = 46.9549, GNorm = 14.5160, lr_0 = 2.3261e-04
Loss = 3.0086e-01, PNorm = 46.9564, GNorm = 11.1318, lr_0 = 2.3284e-04
Loss = 2.2568e-01, PNorm = 46.9616, GNorm = 4.9650, lr_0 = 2.3307e-04
Loss = 2.3989e-01, PNorm = 46.9662, GNorm = 5.7179, lr_0 = 2.3329e-04
Loss = 2.3826e-01, PNorm = 46.9713, GNorm = 4.4628, lr_0 = 2.3352e-04
Loss = 1.9031e-01, PNorm = 46.9749, GNorm = 4.2274, lr_0 = 2.3374e-04
Loss = 1.9673e-01, PNorm = 46.9788, GNorm = 7.6954, lr_0 = 2.3397e-04
Loss = 2.1493e-01, PNorm = 46.9830, GNorm = 3.9338, lr_0 = 2.3419e-04
Loss = 2.8078e-01, PNorm = 46.9873, GNorm = 13.9573, lr_0 = 2.3442e-04
Loss = 2.3627e-01, PNorm = 46.9921, GNorm = 7.9791, lr_0 = 2.3464e-04
Loss = 2.0012e-01, PNorm = 46.9956, GNorm = 5.2645, lr_0 = 2.3487e-04
Loss = 2.1970e-01, PNorm = 46.9991, GNorm = 5.3149, lr_0 = 2.3509e-04
Loss = 2.8906e-01, PNorm = 47.0023, GNorm = 5.4924, lr_0 = 2.3532e-04
Loss = 2.7278e-01, PNorm = 47.0073, GNorm = 9.2830, lr_0 = 2.3555e-04
Loss = 2.4131e-01, PNorm = 47.0113, GNorm = 8.7080, lr_0 = 2.3577e-04
Loss = 2.4332e-01, PNorm = 47.0152, GNorm = 14.5877, lr_0 = 2.3600e-04
Loss = 2.3972e-01, PNorm = 47.0179, GNorm = 3.9491, lr_0 = 2.3622e-04
Loss = 2.7098e-01, PNorm = 47.0203, GNorm = 7.2883, lr_0 = 2.3645e-04
Loss = 2.0995e-01, PNorm = 47.0232, GNorm = 5.9059, lr_0 = 2.3667e-04
Loss = 2.0751e-01, PNorm = 47.0269, GNorm = 4.9199, lr_0 = 2.3690e-04
Loss = 2.1665e-01, PNorm = 47.0315, GNorm = 10.8606, lr_0 = 2.3712e-04
Loss = 2.0619e-01, PNorm = 47.0358, GNorm = 3.6047, lr_0 = 2.3735e-04
Loss = 1.7717e-01, PNorm = 47.0387, GNorm = 2.5309, lr_0 = 2.3758e-04
Loss = 2.0835e-01, PNorm = 47.0425, GNorm = 3.4223, lr_0 = 2.3780e-04
Loss = 2.2321e-01, PNorm = 47.0456, GNorm = 11.8533, lr_0 = 2.3803e-04
Loss = 2.2498e-01, PNorm = 47.0492, GNorm = 10.3829, lr_0 = 2.3825e-04
Loss = 2.1183e-01, PNorm = 47.0535, GNorm = 5.1806, lr_0 = 2.3848e-04
Loss = 2.6494e-01, PNorm = 47.0575, GNorm = 7.3246, lr_0 = 2.3870e-04
Loss = 2.7598e-01, PNorm = 47.0626, GNorm = 4.3836, lr_0 = 2.3893e-04
Loss = 2.3141e-01, PNorm = 47.0661, GNorm = 5.4828, lr_0 = 2.3915e-04
Loss = 2.4775e-01, PNorm = 47.0697, GNorm = 6.7019, lr_0 = 2.3938e-04
Loss = 2.6102e-01, PNorm = 47.0723, GNorm = 16.4636, lr_0 = 2.3960e-04
Loss = 1.7617e-01, PNorm = 47.0745, GNorm = 5.0061, lr_0 = 2.3983e-04
Loss = 2.1141e-01, PNorm = 47.0785, GNorm = 14.9705, lr_0 = 2.4006e-04
Loss = 2.1234e-01, PNorm = 47.0811, GNorm = 10.3345, lr_0 = 2.4028e-04
Loss = 1.9054e-01, PNorm = 47.0847, GNorm = 3.9701, lr_0 = 2.4051e-04
Loss = 1.9662e-01, PNorm = 47.0877, GNorm = 4.1524, lr_0 = 2.4073e-04
Loss = 1.8838e-01, PNorm = 47.0910, GNorm = 4.0531, lr_0 = 2.4096e-04
Loss = 2.0742e-01, PNorm = 47.0951, GNorm = 3.9247, lr_0 = 2.4118e-04
Loss = 2.2336e-01, PNorm = 47.0991, GNorm = 5.9127, lr_0 = 2.4141e-04
Loss = 2.3722e-01, PNorm = 47.1015, GNorm = 10.1938, lr_0 = 2.4163e-04
Loss = 2.1755e-01, PNorm = 47.1044, GNorm = 9.8443, lr_0 = 2.4186e-04
Loss = 2.6388e-01, PNorm = 47.1078, GNorm = 12.7691, lr_0 = 2.4209e-04
Loss = 2.4287e-01, PNorm = 47.1105, GNorm = 6.3714, lr_0 = 2.4231e-04
Loss = 2.5688e-01, PNorm = 47.1141, GNorm = 6.7894, lr_0 = 2.4254e-04
Loss = 2.0423e-01, PNorm = 47.1170, GNorm = 5.3042, lr_0 = 2.4276e-04
Loss = 2.5550e-01, PNorm = 47.1202, GNorm = 4.4871, lr_0 = 2.4299e-04
Loss = 2.1357e-01, PNorm = 47.1239, GNorm = 5.2247, lr_0 = 2.4321e-04
Loss = 2.1456e-01, PNorm = 47.1284, GNorm = 8.3928, lr_0 = 2.4344e-04
Loss = 1.9013e-01, PNorm = 47.1331, GNorm = 2.4116, lr_0 = 2.4366e-04
Loss = 2.2033e-01, PNorm = 47.1365, GNorm = 13.0070, lr_0 = 2.4389e-04
Loss = 1.8889e-01, PNorm = 47.1396, GNorm = 4.5142, lr_0 = 2.4411e-04
Loss = 2.5400e-01, PNorm = 47.1438, GNorm = 9.0502, lr_0 = 2.4434e-04
Loss = 2.0349e-01, PNorm = 47.1500, GNorm = 11.4151, lr_0 = 2.4457e-04
Loss = 2.0561e-01, PNorm = 47.1537, GNorm = 9.4848, lr_0 = 2.4479e-04
Loss = 1.8166e-01, PNorm = 47.1560, GNorm = 3.7006, lr_0 = 2.4502e-04
Loss = 2.1047e-01, PNorm = 47.1582, GNorm = 9.1160, lr_0 = 2.4524e-04
Loss = 1.8544e-01, PNorm = 47.1605, GNorm = 8.2741, lr_0 = 2.4547e-04
Loss = 2.2475e-01, PNorm = 47.1640, GNorm = 4.4074, lr_0 = 2.4569e-04
Loss = 2.3536e-01, PNorm = 47.1681, GNorm = 2.8900, lr_0 = 2.4592e-04
Loss = 2.2264e-01, PNorm = 47.1732, GNorm = 4.1018, lr_0 = 2.4614e-04
Loss = 1.7746e-01, PNorm = 47.1776, GNorm = 6.9791, lr_0 = 2.4637e-04
Loss = 2.1576e-01, PNorm = 47.1817, GNorm = 7.4126, lr_0 = 2.4660e-04
Loss = 2.9310e-01, PNorm = 47.1847, GNorm = 11.8885, lr_0 = 2.4682e-04
Loss = 2.6481e-01, PNorm = 47.1901, GNorm = 3.9389, lr_0 = 2.4705e-04
Loss = 2.4133e-01, PNorm = 47.1960, GNorm = 10.0179, lr_0 = 2.4727e-04
Loss = 2.1178e-01, PNorm = 47.2019, GNorm = 3.8814, lr_0 = 2.4750e-04
Loss = 2.3016e-01, PNorm = 47.2066, GNorm = 4.3641, lr_0 = 2.4772e-04
Loss = 2.0518e-01, PNorm = 47.2102, GNorm = 3.6514, lr_0 = 2.4795e-04
Loss = 4.5111e-01, PNorm = 47.2153, GNorm = 10.6283, lr_0 = 2.4817e-04
Loss = 3.1130e-01, PNorm = 47.2234, GNorm = 7.4087, lr_0 = 2.4840e-04
Loss = 2.5205e-01, PNorm = 47.2310, GNorm = 4.2667, lr_0 = 2.4862e-04
Loss = 2.8344e-01, PNorm = 47.2371, GNorm = 9.1843, lr_0 = 2.4885e-04
Loss = 2.3722e-01, PNorm = 47.2419, GNorm = 7.1177, lr_0 = 2.4908e-04
Loss = 2.1580e-01, PNorm = 47.2475, GNorm = 3.2668, lr_0 = 2.4930e-04
Loss = 2.8011e-01, PNorm = 47.2519, GNorm = 11.2846, lr_0 = 2.4953e-04
Loss = 2.9653e-01, PNorm = 47.2580, GNorm = 4.6172, lr_0 = 2.4975e-04
Loss = 2.5619e-01, PNorm = 47.2640, GNorm = 4.5739, lr_0 = 2.4998e-04
Loss = 2.1369e-01, PNorm = 47.2687, GNorm = 4.3174, lr_0 = 2.5020e-04
Loss = 2.3365e-01, PNorm = 47.2731, GNorm = 6.9430, lr_0 = 2.5043e-04
Loss = 1.9538e-01, PNorm = 47.2775, GNorm = 7.9590, lr_0 = 2.5065e-04
Loss = 2.7796e-01, PNorm = 47.2801, GNorm = 10.6413, lr_0 = 2.5088e-04
Loss = 2.5753e-01, PNorm = 47.2838, GNorm = 11.5355, lr_0 = 2.5110e-04
Loss = 2.3772e-01, PNorm = 47.2885, GNorm = 2.9678, lr_0 = 2.5133e-04
Loss = 2.7020e-01, PNorm = 47.2936, GNorm = 9.2941, lr_0 = 2.5156e-04
Loss = 2.3935e-01, PNorm = 47.2977, GNorm = 4.8892, lr_0 = 2.5178e-04
Loss = 1.8966e-01, PNorm = 47.3006, GNorm = 2.3962, lr_0 = 2.5201e-04
Loss = 1.9987e-01, PNorm = 47.3043, GNorm = 5.3929, lr_0 = 2.5223e-04
Loss = 1.7942e-01, PNorm = 47.3079, GNorm = 5.8171, lr_0 = 2.5246e-04
Loss = 2.4283e-01, PNorm = 47.3125, GNorm = 6.4441, lr_0 = 2.5268e-04
Loss = 2.6537e-01, PNorm = 47.3171, GNorm = 5.0427, lr_0 = 2.5291e-04
Loss = 4.3949e-01, PNorm = 47.3212, GNorm = 14.7000, lr_0 = 2.5313e-04
Loss = 4.0182e-01, PNorm = 47.3283, GNorm = 7.7656, lr_0 = 2.5336e-04
Loss = 9.7860e-01, PNorm = 47.3359, GNorm = 13.8640, lr_0 = 2.5359e-04
Loss = 7.4906e-01, PNorm = 47.3491, GNorm = 9.3537, lr_0 = 2.5381e-04
Loss = 7.3265e-01, PNorm = 47.3633, GNorm = 20.6656, lr_0 = 2.5404e-04
Loss = 4.6505e-01, PNorm = 47.3756, GNorm = 15.8844, lr_0 = 2.5426e-04
Loss = 3.5248e-01, PNorm = 47.3833, GNorm = 15.8872, lr_0 = 2.5449e-04
Loss = 3.7480e-01, PNorm = 47.3888, GNorm = 4.1610, lr_0 = 2.5471e-04
Loss = 2.9075e-01, PNorm = 47.3950, GNorm = 11.1739, lr_0 = 2.5494e-04
Loss = 2.8006e-01, PNorm = 47.4012, GNorm = 6.0078, lr_0 = 2.5516e-04
Loss = 2.5246e-01, PNorm = 47.4061, GNorm = 3.1826, lr_0 = 2.5539e-04
Loss = 2.6381e-01, PNorm = 47.4118, GNorm = 22.1389, lr_0 = 2.5561e-04
Loss = 2.5800e-01, PNorm = 47.4169, GNorm = 20.9560, lr_0 = 2.5584e-04
Loss = 3.1916e-01, PNorm = 47.4224, GNorm = 4.3119, lr_0 = 2.5607e-04
Loss = 2.7343e-01, PNorm = 47.4283, GNorm = 5.4637, lr_0 = 2.5629e-04
Loss = 3.2887e-01, PNorm = 47.4340, GNorm = 6.1675, lr_0 = 2.5652e-04
Loss = 2.8638e-01, PNorm = 47.4406, GNorm = 4.3725, lr_0 = 2.5674e-04
Loss = 2.7658e-01, PNorm = 47.4468, GNorm = 5.2912, lr_0 = 2.5697e-04
Loss = 2.4244e-01, PNorm = 47.4526, GNorm = 2.4434, lr_0 = 2.5719e-04
Loss = 3.7013e-01, PNorm = 47.4586, GNorm = 47.2115, lr_0 = 2.5742e-04
Loss = 2.9801e-01, PNorm = 47.4658, GNorm = 3.0388, lr_0 = 2.5764e-04
Loss = 2.6597e-01, PNorm = 47.4706, GNorm = 5.1078, lr_0 = 2.5787e-04
Loss = 2.4145e-01, PNorm = 47.4728, GNorm = 2.9228, lr_0 = 2.5810e-04
Loss = 2.1353e-01, PNorm = 47.4760, GNorm = 2.7837, lr_0 = 2.5832e-04
Loss = 2.5613e-01, PNorm = 47.4778, GNorm = 6.7338, lr_0 = 2.5855e-04
Loss = 2.3627e-01, PNorm = 47.4827, GNorm = 4.5266, lr_0 = 2.5877e-04
Loss = 3.1220e-01, PNorm = 47.4888, GNorm = 5.6701, lr_0 = 2.5900e-04
Loss = 2.7024e-01, PNorm = 47.4950, GNorm = 5.8748, lr_0 = 2.5922e-04
Loss = 2.0792e-01, PNorm = 47.5009, GNorm = 3.7364, lr_0 = 2.5945e-04
Loss = 2.3471e-01, PNorm = 47.5061, GNorm = 3.7453, lr_0 = 2.5967e-04
Loss = 2.5775e-01, PNorm = 47.5110, GNorm = 3.0605, lr_0 = 2.5990e-04
Loss = 2.4097e-01, PNorm = 47.5149, GNorm = 6.0069, lr_0 = 2.6012e-04
Loss = 2.3899e-01, PNorm = 47.5190, GNorm = 9.5379, lr_0 = 2.6035e-04
Loss = 2.4365e-01, PNorm = 47.5227, GNorm = 8.0997, lr_0 = 2.6058e-04
Loss = 2.2891e-01, PNorm = 47.5262, GNorm = 5.6403, lr_0 = 2.6080e-04
Loss = 2.5551e-01, PNorm = 47.5296, GNorm = 3.6771, lr_0 = 2.6103e-04
Loss = 2.3970e-01, PNorm = 47.5333, GNorm = 8.9237, lr_0 = 2.6125e-04
Loss = 2.3091e-01, PNorm = 47.5378, GNorm = 4.1860, lr_0 = 2.6148e-04
Loss = 2.4439e-01, PNorm = 47.5438, GNorm = 3.9527, lr_0 = 2.6170e-04
Loss = 2.1002e-01, PNorm = 47.5489, GNorm = 7.3875, lr_0 = 2.6193e-04
Loss = 2.0019e-01, PNorm = 47.5530, GNorm = 4.5041, lr_0 = 2.6215e-04
Loss = 2.7363e-01, PNorm = 47.5565, GNorm = 5.1616, lr_0 = 2.6238e-04
Loss = 2.1268e-01, PNorm = 47.5596, GNorm = 6.4825, lr_0 = 2.6261e-04
Loss = 2.0953e-01, PNorm = 47.5627, GNorm = 4.0242, lr_0 = 2.6283e-04
Loss = 2.1148e-01, PNorm = 47.5656, GNorm = 5.1694, lr_0 = 2.6306e-04
Loss = 1.8595e-01, PNorm = 47.5714, GNorm = 3.6503, lr_0 = 2.6328e-04
Loss = 2.2103e-01, PNorm = 47.5756, GNorm = 13.9360, lr_0 = 2.6351e-04
Loss = 2.4113e-01, PNorm = 47.5801, GNorm = 5.1187, lr_0 = 2.6373e-04
Loss = 1.6344e-01, PNorm = 47.5834, GNorm = 2.8316, lr_0 = 2.6396e-04
Loss = 2.2098e-01, PNorm = 47.5880, GNorm = 9.2840, lr_0 = 2.6418e-04
Loss = 2.4421e-01, PNorm = 47.5921, GNorm = 8.5952, lr_0 = 2.6441e-04
Loss = 2.0881e-01, PNorm = 47.5962, GNorm = 4.2919, lr_0 = 2.6463e-04
Loss = 2.6205e-01, PNorm = 47.6006, GNorm = 8.7872, lr_0 = 2.6486e-04
Loss = 2.5223e-01, PNorm = 47.6058, GNorm = 10.2821, lr_0 = 2.6509e-04
Loss = 2.0373e-01, PNorm = 47.6134, GNorm = 2.9419, lr_0 = 2.6531e-04
Loss = 2.0346e-01, PNorm = 47.6198, GNorm = 2.9246, lr_0 = 2.6554e-04
Loss = 1.8688e-01, PNorm = 47.6259, GNorm = 2.9969, lr_0 = 2.6576e-04
Loss = 2.3092e-01, PNorm = 47.6312, GNorm = 8.5307, lr_0 = 2.6599e-04
Loss = 2.1494e-01, PNorm = 47.6352, GNorm = 5.6271, lr_0 = 2.6621e-04
Loss = 1.8028e-01, PNorm = 47.6399, GNorm = 5.4109, lr_0 = 2.6644e-04
Loss = 1.9773e-01, PNorm = 47.6443, GNorm = 5.6064, lr_0 = 2.6666e-04
Loss = 2.6159e-01, PNorm = 47.6470, GNorm = 7.8099, lr_0 = 2.6689e-04
Loss = 2.0946e-01, PNorm = 47.6509, GNorm = 4.4038, lr_0 = 2.6712e-04
Loss = 2.4378e-01, PNorm = 47.6558, GNorm = 7.1637, lr_0 = 2.6734e-04
Loss = 2.3248e-01, PNorm = 47.6610, GNorm = 5.7732, lr_0 = 2.6757e-04
Loss = 2.0209e-01, PNorm = 47.6665, GNorm = 8.9983, lr_0 = 2.6779e-04
Loss = 2.0932e-01, PNorm = 47.6701, GNorm = 3.5251, lr_0 = 2.6802e-04
Loss = 2.0032e-01, PNorm = 47.6731, GNorm = 2.4175, lr_0 = 2.6824e-04
Loss = 2.2021e-01, PNorm = 47.6753, GNorm = 12.1291, lr_0 = 2.6847e-04
Loss = 1.8502e-01, PNorm = 47.6770, GNorm = 2.9061, lr_0 = 2.6869e-04
Loss = 2.2678e-01, PNorm = 47.6800, GNorm = 8.8412, lr_0 = 2.6892e-04
Loss = 1.8234e-01, PNorm = 47.6836, GNorm = 6.2075, lr_0 = 2.6914e-04
Loss = 2.2674e-01, PNorm = 47.6881, GNorm = 2.0953, lr_0 = 2.6937e-04
Loss = 2.1306e-01, PNorm = 47.6939, GNorm = 4.6197, lr_0 = 2.6960e-04
Loss = 1.8533e-01, PNorm = 47.6989, GNorm = 2.4381, lr_0 = 2.6982e-04
Loss = 1.9965e-01, PNorm = 47.7031, GNorm = 2.8076, lr_0 = 2.7005e-04
Loss = 2.1222e-01, PNorm = 47.7071, GNorm = 4.5504, lr_0 = 2.7027e-04
Loss = 2.0426e-01, PNorm = 47.7118, GNorm = 5.3885, lr_0 = 2.7050e-04
Loss = 2.0064e-01, PNorm = 47.7162, GNorm = 5.4846, lr_0 = 2.7072e-04
Loss = 2.4206e-01, PNorm = 47.7212, GNorm = 2.8228, lr_0 = 2.7095e-04
Loss = 2.4351e-01, PNorm = 47.7277, GNorm = 12.7954, lr_0 = 2.7117e-04
Loss = 2.1667e-01, PNorm = 47.7332, GNorm = 5.3084, lr_0 = 2.7140e-04
Loss = 1.9757e-01, PNorm = 47.7397, GNorm = 5.9624, lr_0 = 2.7163e-04
Loss = 2.3707e-01, PNorm = 47.7435, GNorm = 9.1891, lr_0 = 2.7185e-04
Loss = 2.2972e-01, PNorm = 47.7473, GNorm = 2.2465, lr_0 = 2.7208e-04
Loss = 2.1837e-01, PNorm = 47.7522, GNorm = 5.2935, lr_0 = 2.7230e-04
Loss = 2.1691e-01, PNorm = 47.7578, GNorm = 3.8084, lr_0 = 2.7253e-04
Loss = 1.9423e-01, PNorm = 47.7633, GNorm = 5.4961, lr_0 = 2.7275e-04
Loss = 2.3231e-01, PNorm = 47.7698, GNorm = 20.0126, lr_0 = 2.7298e-04
Loss = 2.0942e-01, PNorm = 47.7751, GNorm = 3.3365, lr_0 = 2.7320e-04
Loss = 2.1841e-01, PNorm = 47.7806, GNorm = 10.6853, lr_0 = 2.7343e-04
Loss = 2.0589e-01, PNorm = 47.7847, GNorm = 5.4053, lr_0 = 2.7365e-04
Loss = 2.5535e-01, PNorm = 47.7863, GNorm = 2.7461, lr_0 = 2.7388e-04
Loss = 2.6746e-01, PNorm = 47.7905, GNorm = 13.2875, lr_0 = 2.7411e-04
Loss = 2.2380e-01, PNorm = 47.7962, GNorm = 8.7448, lr_0 = 2.7433e-04
Loss = 1.8605e-01, PNorm = 47.8022, GNorm = 4.9915, lr_0 = 2.7456e-04
Loss = 2.1025e-01, PNorm = 47.8069, GNorm = 3.9865, lr_0 = 2.7478e-04
Loss = 1.7343e-01, PNorm = 47.8127, GNorm = 4.8025, lr_0 = 2.7501e-04
Loss = 1.9779e-01, PNorm = 47.8172, GNorm = 2.2058, lr_0 = 2.7523e-04
Loss = 1.8855e-01, PNorm = 47.8219, GNorm = 5.7688, lr_0 = 2.7546e-04
Loss = 1.6487e-01, PNorm = 47.8261, GNorm = 4.3946, lr_0 = 2.7568e-04
Loss = 1.8897e-01, PNorm = 47.8297, GNorm = 5.9712, lr_0 = 2.7591e-04
Loss = 2.0095e-01, PNorm = 47.8339, GNorm = 4.5251, lr_0 = 2.7613e-04
Loss = 2.3378e-01, PNorm = 47.8390, GNorm = 2.8979, lr_0 = 2.7636e-04
Loss = 1.8489e-01, PNorm = 47.8456, GNorm = 3.0361, lr_0 = 2.7659e-04
Loss = 1.8575e-01, PNorm = 47.8510, GNorm = 1.6559, lr_0 = 2.7681e-04
Loss = 2.1762e-01, PNorm = 47.8549, GNorm = 2.2830, lr_0 = 2.7704e-04
Loss = 1.8803e-01, PNorm = 47.8581, GNorm = 3.0594, lr_0 = 2.7726e-04
Loss = 1.8754e-01, PNorm = 47.8614, GNorm = 2.4714, lr_0 = 2.7749e-04
Loss = 2.2976e-01, PNorm = 47.8645, GNorm = 4.9029, lr_0 = 2.7771e-04
Loss = 1.7977e-01, PNorm = 47.8681, GNorm = 3.6524, lr_0 = 2.7794e-04
Loss = 1.8321e-01, PNorm = 47.8707, GNorm = 4.1914, lr_0 = 2.7816e-04
Loss = 1.5452e-01, PNorm = 47.8738, GNorm = 8.0168, lr_0 = 2.7839e-04
Loss = 1.8913e-01, PNorm = 47.8777, GNorm = 1.6198, lr_0 = 2.7862e-04
Loss = 1.7666e-01, PNorm = 47.8814, GNorm = 3.3878, lr_0 = 2.7884e-04
Loss = 1.7508e-01, PNorm = 47.8848, GNorm = 3.6521, lr_0 = 2.7907e-04
Loss = 2.1344e-01, PNorm = 47.8884, GNorm = 5.8098, lr_0 = 2.7929e-04
Loss = 1.9953e-01, PNorm = 47.8907, GNorm = 11.9981, lr_0 = 2.7952e-04
Loss = 2.1334e-01, PNorm = 47.8946, GNorm = 7.1900, lr_0 = 2.7974e-04
Loss = 1.9175e-01, PNorm = 47.9010, GNorm = 2.7684, lr_0 = 2.7997e-04
Loss = 2.3378e-01, PNorm = 47.9062, GNorm = 6.3021, lr_0 = 2.8019e-04
Loss = 2.0810e-01, PNorm = 47.9092, GNorm = 3.4630, lr_0 = 2.8042e-04
Loss = 2.2708e-01, PNorm = 47.9124, GNorm = 5.8944, lr_0 = 2.8064e-04
Loss = 2.3099e-01, PNorm = 47.9166, GNorm = 2.6070, lr_0 = 2.8087e-04
Loss = 1.8996e-01, PNorm = 47.9210, GNorm = 4.4155, lr_0 = 2.8110e-04
Loss = 2.1980e-01, PNorm = 47.9248, GNorm = 4.0516, lr_0 = 2.8132e-04
Loss = 1.9859e-01, PNorm = 47.9287, GNorm = 4.4015, lr_0 = 2.8155e-04
Loss = 1.7823e-01, PNorm = 47.9331, GNorm = 4.3456, lr_0 = 2.8177e-04
Loss = 1.9331e-01, PNorm = 47.9385, GNorm = 3.0774, lr_0 = 2.8200e-04
Loss = 1.5064e-01, PNorm = 47.9433, GNorm = 5.3296, lr_0 = 2.8222e-04
Loss = 1.9949e-01, PNorm = 47.9475, GNorm = 6.1794, lr_0 = 2.8245e-04
Loss = 1.9457e-01, PNorm = 47.9529, GNorm = 4.1948, lr_0 = 2.8267e-04
Loss = 1.8067e-01, PNorm = 47.9564, GNorm = 9.7154, lr_0 = 2.8290e-04
Loss = 1.9246e-01, PNorm = 47.9597, GNorm = 4.9061, lr_0 = 2.8313e-04
Loss = 1.9014e-01, PNorm = 47.9634, GNorm = 5.7916, lr_0 = 2.8335e-04
Loss = 2.0876e-01, PNorm = 47.9681, GNorm = 4.3851, lr_0 = 2.8358e-04
Loss = 1.7081e-01, PNorm = 47.9716, GNorm = 2.0949, lr_0 = 2.8380e-04
Loss = 1.7762e-01, PNorm = 47.9754, GNorm = 2.7175, lr_0 = 2.8403e-04
Loss = 1.8794e-01, PNorm = 47.9784, GNorm = 3.4645, lr_0 = 2.8425e-04
Loss = 1.9851e-01, PNorm = 47.9810, GNorm = 7.9876, lr_0 = 2.8448e-04
Loss = 2.1787e-01, PNorm = 47.9839, GNorm = 2.9195, lr_0 = 2.8470e-04
Loss = 1.8568e-01, PNorm = 47.9877, GNorm = 2.5901, lr_0 = 2.8493e-04
Loss = 1.8451e-01, PNorm = 47.9929, GNorm = 2.5800, lr_0 = 2.8515e-04
Loss = 1.6794e-01, PNorm = 47.9981, GNorm = 3.4841, lr_0 = 2.8538e-04
Loss = 2.0879e-01, PNorm = 48.0029, GNorm = 8.2055, lr_0 = 2.8561e-04
Loss = 2.0598e-01, PNorm = 48.0095, GNorm = 6.4450, lr_0 = 2.8583e-04
Loss = 2.0310e-01, PNorm = 48.0144, GNorm = 6.1825, lr_0 = 2.8606e-04
Loss = 2.0021e-01, PNorm = 48.0198, GNorm = 4.2956, lr_0 = 2.8628e-04
Loss = 1.9821e-01, PNorm = 48.0251, GNorm = 9.1677, lr_0 = 2.8651e-04
Loss = 1.6053e-01, PNorm = 48.0286, GNorm = 1.8298, lr_0 = 2.8673e-04
Loss = 1.7993e-01, PNorm = 48.0334, GNorm = 2.1328, lr_0 = 2.8696e-04
Loss = 1.7278e-01, PNorm = 48.0381, GNorm = 4.2536, lr_0 = 2.8718e-04
Loss = 2.0912e-01, PNorm = 48.0423, GNorm = 4.1015, lr_0 = 2.8741e-04
Loss = 1.7588e-01, PNorm = 48.0464, GNorm = 4.2531, lr_0 = 2.8764e-04
Loss = 1.8251e-01, PNorm = 48.0495, GNorm = 2.9923, lr_0 = 2.8786e-04
Loss = 1.9062e-01, PNorm = 48.0528, GNorm = 3.2683, lr_0 = 2.8809e-04
Loss = 2.0753e-01, PNorm = 48.0560, GNorm = 19.5014, lr_0 = 2.8831e-04
Loss = 2.1870e-01, PNorm = 48.0601, GNorm = 2.6813, lr_0 = 2.8854e-04
Loss = 1.8920e-01, PNorm = 48.0650, GNorm = 2.0114, lr_0 = 2.8876e-04
Loss = 1.7692e-01, PNorm = 48.0699, GNorm = 2.2952, lr_0 = 2.8899e-04
Loss = 1.7385e-01, PNorm = 48.0742, GNorm = 3.4897, lr_0 = 2.8921e-04
Loss = 2.4720e-01, PNorm = 48.0815, GNorm = 57.9937, lr_0 = 2.8944e-04
Loss = 2.5159e-01, PNorm = 48.0918, GNorm = 6.7217, lr_0 = 2.8966e-04
Loss = 2.9637e-01, PNorm = 48.1008, GNorm = 6.1248, lr_0 = 2.8989e-04
Loss = 3.2793e-01, PNorm = 48.1094, GNorm = 5.9830, lr_0 = 2.9012e-04
Loss = 2.2291e-01, PNorm = 48.1183, GNorm = 7.0545, lr_0 = 2.9034e-04
Loss = 2.8137e-01, PNorm = 48.1261, GNorm = 4.5880, lr_0 = 2.9057e-04
Loss = 2.5113e-01, PNorm = 48.1339, GNorm = 5.3258, lr_0 = 2.9079e-04
Loss = 2.0438e-01, PNorm = 48.1378, GNorm = 4.2323, lr_0 = 2.9102e-04
Loss = 4.8367e-01, PNorm = 48.1446, GNorm = 14.9235, lr_0 = 2.9124e-04
Loss = 3.8249e-01, PNorm = 48.1564, GNorm = 5.7024, lr_0 = 2.9147e-04
Loss = 2.7388e-01, PNorm = 48.1670, GNorm = 3.8627, lr_0 = 2.9169e-04
Loss = 2.9029e-01, PNorm = 48.1755, GNorm = 4.8625, lr_0 = 2.9192e-04
Loss = 2.4930e-01, PNorm = 48.1842, GNorm = 2.3957, lr_0 = 2.9215e-04
Loss = 3.0187e-01, PNorm = 48.1920, GNorm = 5.7022, lr_0 = 2.9237e-04
Loss = 2.5858e-01, PNorm = 48.2009, GNorm = 5.6565, lr_0 = 2.9260e-04
Loss = 2.9812e-01, PNorm = 48.2089, GNorm = 2.9890, lr_0 = 2.9282e-04
Loss = 2.7394e-01, PNorm = 48.2167, GNorm = 2.6571, lr_0 = 2.9305e-04
Loss = 2.6015e-01, PNorm = 48.2234, GNorm = 8.4544, lr_0 = 2.9327e-04
Loss = 2.0243e-01, PNorm = 48.2276, GNorm = 5.0172, lr_0 = 2.9350e-04
Loss = 1.9399e-01, PNorm = 48.2327, GNorm = 1.9081, lr_0 = 2.9372e-04
Loss = 1.8918e-01, PNorm = 48.2387, GNorm = 3.1264, lr_0 = 2.9395e-04
Loss = 2.0837e-01, PNorm = 48.2441, GNorm = 5.1269, lr_0 = 2.9417e-04
Loss = 2.1696e-01, PNorm = 48.2511, GNorm = 7.7943, lr_0 = 2.9440e-04
Loss = 2.2264e-01, PNorm = 48.2556, GNorm = 3.7513, lr_0 = 2.9463e-04
Loss = 2.4522e-01, PNorm = 48.2629, GNorm = 9.2242, lr_0 = 2.9485e-04
Loss = 1.9965e-01, PNorm = 48.2694, GNorm = 2.3096, lr_0 = 2.9508e-04
Loss = 2.1855e-01, PNorm = 48.2747, GNorm = 4.7703, lr_0 = 2.9530e-04
Loss = 1.8276e-01, PNorm = 48.2777, GNorm = 2.6357, lr_0 = 2.9553e-04
Loss = 2.0125e-01, PNorm = 48.2823, GNorm = 2.2663, lr_0 = 2.9575e-04
Loss = 2.0102e-01, PNorm = 48.2877, GNorm = 1.9745, lr_0 = 2.9598e-04
Loss = 1.8351e-01, PNorm = 48.2936, GNorm = 6.3812, lr_0 = 2.9620e-04
Loss = 1.6753e-01, PNorm = 48.3009, GNorm = 2.9069, lr_0 = 2.9643e-04
Loss = 1.9091e-01, PNorm = 48.3078, GNorm = 2.3540, lr_0 = 2.9666e-04
Loss = 2.1535e-01, PNorm = 48.3132, GNorm = 2.3661, lr_0 = 2.9688e-04
Loss = 1.9777e-01, PNorm = 48.3208, GNorm = 2.8940, lr_0 = 2.9711e-04
Loss = 2.0560e-01, PNorm = 48.3251, GNorm = 7.3886, lr_0 = 2.9733e-04
Loss = 1.9354e-01, PNorm = 48.3292, GNorm = 2.6410, lr_0 = 2.9756e-04
Loss = 1.7869e-01, PNorm = 48.3325, GNorm = 4.4935, lr_0 = 2.9778e-04
Loss = 2.0488e-01, PNorm = 48.3355, GNorm = 6.2613, lr_0 = 2.9801e-04
Loss = 2.2678e-01, PNorm = 48.3426, GNorm = 2.5997, lr_0 = 2.9823e-04
Loss = 2.0396e-01, PNorm = 48.3488, GNorm = 2.8188, lr_0 = 2.9846e-04
Loss = 1.8344e-01, PNorm = 48.3553, GNorm = 4.1489, lr_0 = 2.9868e-04
Loss = 1.7063e-01, PNorm = 48.3601, GNorm = 2.5334, lr_0 = 2.9891e-04
Loss = 1.6901e-01, PNorm = 48.3650, GNorm = 3.2882, lr_0 = 2.9914e-04
Loss = 1.8153e-01, PNorm = 48.3703, GNorm = 1.9610, lr_0 = 2.9936e-04
Loss = 1.7927e-01, PNorm = 48.3733, GNorm = 3.9204, lr_0 = 2.9959e-04
Loss = 1.9235e-01, PNorm = 48.3756, GNorm = 4.8151, lr_0 = 2.9981e-04
Loss = 1.9553e-01, PNorm = 48.3794, GNorm = 7.1555, lr_0 = 3.0004e-04
Loss = 1.9105e-01, PNorm = 48.3829, GNorm = 4.5529, lr_0 = 3.0026e-04
Loss = 1.8265e-01, PNorm = 48.3862, GNorm = 5.2516, lr_0 = 3.0049e-04
Loss = 2.3434e-01, PNorm = 48.3913, GNorm = 3.8712, lr_0 = 3.0071e-04
Loss = 2.1218e-01, PNorm = 48.3977, GNorm = 4.2513, lr_0 = 3.0094e-04
Loss = 1.6752e-01, PNorm = 48.4044, GNorm = 3.5807, lr_0 = 3.0117e-04
Loss = 1.7354e-01, PNorm = 48.4108, GNorm = 3.4888, lr_0 = 3.0139e-04
Loss = 1.8015e-01, PNorm = 48.4152, GNorm = 2.4769, lr_0 = 3.0162e-04
Loss = 1.8673e-01, PNorm = 48.4174, GNorm = 2.4154, lr_0 = 3.0184e-04
Loss = 1.6942e-01, PNorm = 48.4211, GNorm = 3.6972, lr_0 = 3.0207e-04
Loss = 2.7437e-01, PNorm = 48.4268, GNorm = 3.6579, lr_0 = 3.0229e-04
Loss = 2.1637e-01, PNorm = 48.4343, GNorm = 3.9975, lr_0 = 3.0252e-04
Loss = 2.2714e-01, PNorm = 48.4420, GNorm = 2.1436, lr_0 = 3.0274e-04
Loss = 2.2728e-01, PNorm = 48.4486, GNorm = 6.8047, lr_0 = 3.0297e-04
Loss = 2.2382e-01, PNorm = 48.4543, GNorm = 4.5830, lr_0 = 3.0319e-04
Loss = 1.9351e-01, PNorm = 48.4577, GNorm = 4.5054, lr_0 = 3.0342e-04
Loss = 1.6657e-01, PNorm = 48.4628, GNorm = 1.5476, lr_0 = 3.0365e-04
Loss = 2.0941e-01, PNorm = 48.4681, GNorm = 3.0747, lr_0 = 3.0387e-04
Loss = 1.8225e-01, PNorm = 48.4716, GNorm = 2.2326, lr_0 = 3.0410e-04
Loss = 1.8480e-01, PNorm = 48.4751, GNorm = 2.0898, lr_0 = 3.0432e-04
Loss = 2.1217e-01, PNorm = 48.4796, GNorm = 3.5022, lr_0 = 3.0455e-04
Loss = 1.8685e-01, PNorm = 48.4831, GNorm = 4.3561, lr_0 = 3.0477e-04
Loss = 2.0328e-01, PNorm = 48.4859, GNorm = 5.4586, lr_0 = 3.0500e-04
Loss = 2.6416e-01, PNorm = 48.4884, GNorm = 5.6635, lr_0 = 3.0522e-04
Loss = 2.3967e-01, PNorm = 48.4923, GNorm = 3.6467, lr_0 = 3.0545e-04
Loss = 1.6606e-01, PNorm = 48.4971, GNorm = 4.1502, lr_0 = 3.0567e-04
Loss = 1.5321e-01, PNorm = 48.5022, GNorm = 3.7922, lr_0 = 3.0590e-04
Loss = 1.8616e-01, PNorm = 48.5059, GNorm = 11.2288, lr_0 = 3.0613e-04
Loss = 1.6424e-01, PNorm = 48.5112, GNorm = 3.8221, lr_0 = 3.0635e-04
Loss = 2.0818e-01, PNorm = 48.5162, GNorm = 4.7721, lr_0 = 3.0658e-04
Loss = 2.0633e-01, PNorm = 48.5214, GNorm = 5.0476, lr_0 = 3.0680e-04
Loss = 1.6294e-01, PNorm = 48.5244, GNorm = 2.7098, lr_0 = 3.0703e-04
Loss = 1.6992e-01, PNorm = 48.5293, GNorm = 2.7287, lr_0 = 3.0725e-04
Loss = 1.8273e-01, PNorm = 48.5337, GNorm = 4.9763, lr_0 = 3.0748e-04
Loss = 1.8042e-01, PNorm = 48.5389, GNorm = 3.1217, lr_0 = 3.0770e-04
Loss = 1.6138e-01, PNorm = 48.5452, GNorm = 2.6434, lr_0 = 3.0793e-04
Loss = 1.6050e-01, PNorm = 48.5495, GNorm = 6.9008, lr_0 = 3.0816e-04
Loss = 1.6934e-01, PNorm = 48.5538, GNorm = 5.8077, lr_0 = 3.0838e-04
Loss = 1.7458e-01, PNorm = 48.5581, GNorm = 5.2358, lr_0 = 3.0861e-04
Loss = 1.8534e-01, PNorm = 48.5619, GNorm = 1.9224, lr_0 = 3.0883e-04
Loss = 1.4315e-01, PNorm = 48.5661, GNorm = 2.1066, lr_0 = 3.0906e-04
Loss = 1.6650e-01, PNorm = 48.5685, GNorm = 3.5165, lr_0 = 3.0928e-04
Loss = 1.6924e-01, PNorm = 48.5713, GNorm = 2.8204, lr_0 = 3.0951e-04
Loss = 1.8899e-01, PNorm = 48.5756, GNorm = 4.2314, lr_0 = 3.0973e-04
Loss = 1.6168e-01, PNorm = 48.5795, GNorm = 4.2437, lr_0 = 3.0996e-04
Loss = 1.6647e-01, PNorm = 48.5845, GNorm = 2.0350, lr_0 = 3.1018e-04
Loss = 1.8678e-01, PNorm = 48.5901, GNorm = 1.9469, lr_0 = 3.1041e-04
Loss = 1.8465e-01, PNorm = 48.5944, GNorm = 2.8155, lr_0 = 3.1064e-04
Loss = 1.6345e-01, PNorm = 48.5996, GNorm = 3.6265, lr_0 = 3.1086e-04
Loss = 1.7695e-01, PNorm = 48.6070, GNorm = 1.6719, lr_0 = 3.1109e-04
Loss = 1.8795e-01, PNorm = 48.6126, GNorm = 2.4143, lr_0 = 3.1131e-04
Loss = 1.6301e-01, PNorm = 48.6172, GNorm = 4.0589, lr_0 = 3.1154e-04
Loss = 1.4785e-01, PNorm = 48.6208, GNorm = 2.4273, lr_0 = 3.1176e-04
Loss = 1.6369e-01, PNorm = 48.6244, GNorm = 2.3781, lr_0 = 3.1199e-04
Loss = 1.6063e-01, PNorm = 48.6291, GNorm = 2.6311, lr_0 = 3.1221e-04
Loss = 1.8470e-01, PNorm = 48.6346, GNorm = 3.4630, lr_0 = 3.1244e-04
Loss = 1.8262e-01, PNorm = 48.6395, GNorm = 2.2520, lr_0 = 3.1267e-04
Loss = 1.5137e-01, PNorm = 48.6457, GNorm = 2.7005, lr_0 = 3.1289e-04
Loss = 1.5195e-01, PNorm = 48.6502, GNorm = 1.6840, lr_0 = 3.1312e-04
Loss = 1.5018e-01, PNorm = 48.6540, GNorm = 1.7026, lr_0 = 3.1334e-04
Loss = 1.8404e-01, PNorm = 48.6577, GNorm = 10.9042, lr_0 = 3.1357e-04
Loss = 1.9540e-01, PNorm = 48.6629, GNorm = 4.2541, lr_0 = 3.1379e-04
Loss = 2.0009e-01, PNorm = 48.6668, GNorm = 3.1186, lr_0 = 3.1402e-04
Loss = 1.8622e-01, PNorm = 48.6712, GNorm = 3.0465, lr_0 = 3.1424e-04
Loss = 1.5331e-01, PNorm = 48.6770, GNorm = 2.1520, lr_0 = 3.1447e-04
Loss = 1.7707e-01, PNorm = 48.6832, GNorm = 3.4832, lr_0 = 3.1469e-04
Loss = 1.7563e-01, PNorm = 48.6865, GNorm = 2.8424, lr_0 = 3.1492e-04
Loss = 1.7411e-01, PNorm = 48.6892, GNorm = 1.7319, lr_0 = 3.1515e-04
Loss = 1.6498e-01, PNorm = 48.6940, GNorm = 2.8723, lr_0 = 3.1537e-04
Loss = 1.4349e-01, PNorm = 48.6977, GNorm = 2.3973, lr_0 = 3.1560e-04
Loss = 1.8115e-01, PNorm = 48.7017, GNorm = 3.0936, lr_0 = 3.1582e-04
Loss = 2.0560e-01, PNorm = 48.7082, GNorm = 2.0385, lr_0 = 3.1605e-04
Loss = 2.4182e-01, PNorm = 48.7139, GNorm = 4.4031, lr_0 = 3.1627e-04
Loss = 3.0630e-01, PNorm = 48.7195, GNorm = 7.6467, lr_0 = 3.1650e-04
Loss = 2.3708e-01, PNorm = 48.7267, GNorm = 6.8372, lr_0 = 3.1672e-04
Loss = 1.8212e-01, PNorm = 48.7335, GNorm = 2.0978, lr_0 = 3.1695e-04
Loss = 1.7929e-01, PNorm = 48.7410, GNorm = 3.8880, lr_0 = 3.1718e-04
Loss = 1.8023e-01, PNorm = 48.7495, GNorm = 2.4374, lr_0 = 3.1740e-04
Loss = 2.2870e-01, PNorm = 48.7577, GNorm = 6.5801, lr_0 = 3.1763e-04
Loss = 1.8632e-01, PNorm = 48.7648, GNorm = 2.1259, lr_0 = 3.1785e-04
Loss = 1.8300e-01, PNorm = 48.7702, GNorm = 2.7319, lr_0 = 3.1808e-04
Loss = 1.8397e-01, PNorm = 48.7735, GNorm = 3.8341, lr_0 = 3.1830e-04
Loss = 1.5957e-01, PNorm = 48.7774, GNorm = 1.8435, lr_0 = 3.1853e-04
Loss = 1.8731e-01, PNorm = 48.7824, GNorm = 3.0058, lr_0 = 3.1875e-04
Loss = 1.5642e-01, PNorm = 48.7870, GNorm = 3.8338, lr_0 = 3.1898e-04
Loss = 1.7682e-01, PNorm = 48.7925, GNorm = 5.8188, lr_0 = 3.1920e-04
Loss = 1.7517e-01, PNorm = 48.7987, GNorm = 4.8505, lr_0 = 3.1943e-04
Loss = 1.6824e-01, PNorm = 48.8032, GNorm = 4.7747, lr_0 = 3.1966e-04
Loss = 1.8168e-01, PNorm = 48.8102, GNorm = 5.6521, lr_0 = 3.1988e-04
Loss = 1.4726e-01, PNorm = 48.8171, GNorm = 2.0532, lr_0 = 3.2011e-04
Loss = 1.6745e-01, PNorm = 48.8235, GNorm = 2.4246, lr_0 = 3.2033e-04
Loss = 1.6830e-01, PNorm = 48.8296, GNorm = 2.2372, lr_0 = 3.2056e-04
Loss = 1.5960e-01, PNorm = 48.8347, GNorm = 2.3468, lr_0 = 3.2078e-04
Loss = 1.5429e-01, PNorm = 48.8386, GNorm = 3.9870, lr_0 = 3.2101e-04
Loss = 2.0522e-01, PNorm = 48.8442, GNorm = 23.4977, lr_0 = 3.2123e-04
Loss = 1.7877e-01, PNorm = 48.8515, GNorm = 2.8808, lr_0 = 3.2146e-04
Loss = 1.4734e-01, PNorm = 48.8572, GNorm = 3.9963, lr_0 = 3.2169e-04
Loss = 1.4708e-01, PNorm = 48.8639, GNorm = 1.6472, lr_0 = 3.2191e-04
Loss = 1.4977e-01, PNorm = 48.8709, GNorm = 5.1923, lr_0 = 3.2214e-04
Loss = 1.4820e-01, PNorm = 48.8770, GNorm = 4.1776, lr_0 = 3.2236e-04
Loss = 1.6948e-01, PNorm = 48.8815, GNorm = 3.6846, lr_0 = 3.2259e-04
Loss = 1.7888e-01, PNorm = 48.8850, GNorm = 2.9653, lr_0 = 3.2281e-04
Loss = 1.5372e-01, PNorm = 48.8896, GNorm = 1.8574, lr_0 = 3.2304e-04
Loss = 1.5069e-01, PNorm = 48.8943, GNorm = 3.4041, lr_0 = 3.2326e-04
Loss = 1.5297e-01, PNorm = 48.8980, GNorm = 1.9187, lr_0 = 3.2349e-04
Loss = 1.7264e-01, PNorm = 48.9016, GNorm = 3.2037, lr_0 = 3.2371e-04
Loss = 1.8194e-01, PNorm = 48.9081, GNorm = 2.0754, lr_0 = 3.2394e-04
Loss = 1.7372e-01, PNorm = 48.9168, GNorm = 1.7795, lr_0 = 3.2417e-04
Loss = 1.6844e-01, PNorm = 48.9215, GNorm = 3.2062, lr_0 = 3.2439e-04
Loss = 1.6457e-01, PNorm = 48.9264, GNorm = 4.5858, lr_0 = 3.2462e-04
Loss = 1.8597e-01, PNorm = 48.9320, GNorm = 3.1686, lr_0 = 3.2484e-04
Loss = 1.5577e-01, PNorm = 48.9380, GNorm = 2.2205, lr_0 = 3.2507e-04
Loss = 1.5892e-01, PNorm = 48.9423, GNorm = 3.1876, lr_0 = 3.2529e-04
Loss = 1.4936e-01, PNorm = 48.9459, GNorm = 2.8355, lr_0 = 3.2552e-04
Loss = 1.7513e-01, PNorm = 48.9498, GNorm = 5.5251, lr_0 = 3.2574e-04
Loss = 1.6690e-01, PNorm = 48.9538, GNorm = 3.4073, lr_0 = 3.2597e-04
Loss = 1.6403e-01, PNorm = 48.9581, GNorm = 2.5888, lr_0 = 3.2620e-04
Loss = 1.4844e-01, PNorm = 48.9631, GNorm = 3.5403, lr_0 = 3.2642e-04
Loss = 1.5278e-01, PNorm = 48.9681, GNorm = 2.4513, lr_0 = 3.2665e-04
Loss = 1.7850e-01, PNorm = 48.9708, GNorm = 2.3111, lr_0 = 3.2687e-04
Loss = 1.8405e-01, PNorm = 48.9758, GNorm = 4.4296, lr_0 = 3.2710e-04
Loss = 1.6647e-01, PNorm = 48.9828, GNorm = 4.7648, lr_0 = 3.2732e-04
Loss = 1.6487e-01, PNorm = 48.9893, GNorm = 3.0985, lr_0 = 3.2755e-04
Loss = 1.7675e-01, PNorm = 48.9929, GNorm = 2.2668, lr_0 = 3.2777e-04
Loss = 1.6241e-01, PNorm = 48.9956, GNorm = 3.2700, lr_0 = 3.2800e-04
Loss = 1.3090e-01, PNorm = 48.9997, GNorm = 3.0319, lr_0 = 3.2822e-04
Loss = 1.4940e-01, PNorm = 49.0055, GNorm = 3.2893, lr_0 = 3.2845e-04
Loss = 1.4900e-01, PNorm = 49.0104, GNorm = 2.5947, lr_0 = 3.2868e-04
Loss = 1.1956e-01, PNorm = 49.0147, GNorm = 1.5005, lr_0 = 3.2890e-04
Loss = 1.6142e-01, PNorm = 49.0199, GNorm = 4.8096, lr_0 = 3.2913e-04
Loss = 1.5907e-01, PNorm = 49.0247, GNorm = 1.6845, lr_0 = 3.2935e-04
Loss = 1.5549e-01, PNorm = 49.0307, GNorm = 3.4902, lr_0 = 3.2958e-04
Loss = 1.5145e-01, PNorm = 49.0365, GNorm = 2.3459, lr_0 = 3.2980e-04
Loss = 1.5064e-01, PNorm = 49.0423, GNorm = 2.9145, lr_0 = 3.3003e-04
Loss = 1.8429e-01, PNorm = 49.0483, GNorm = 3.0929, lr_0 = 3.3025e-04
Loss = 1.8973e-01, PNorm = 49.0553, GNorm = 2.0851, lr_0 = 3.3048e-04
Loss = 1.4188e-01, PNorm = 49.0593, GNorm = 3.2842, lr_0 = 3.3071e-04
Loss = 1.5190e-01, PNorm = 49.0628, GNorm = 2.6724, lr_0 = 3.3093e-04
Loss = 1.4736e-01, PNorm = 49.0645, GNorm = 3.1852, lr_0 = 3.3116e-04
Loss = 1.4105e-01, PNorm = 49.0659, GNorm = 3.2710, lr_0 = 3.3138e-04
Loss = 1.5420e-01, PNorm = 49.0701, GNorm = 2.6494, lr_0 = 3.3161e-04
Loss = 1.7041e-01, PNorm = 49.0739, GNorm = 2.3437, lr_0 = 3.3183e-04
Loss = 1.6433e-01, PNorm = 49.0781, GNorm = 2.2069, lr_0 = 3.3206e-04
Loss = 1.2595e-01, PNorm = 49.0833, GNorm = 2.4234, lr_0 = 3.3228e-04
Loss = 1.4778e-01, PNorm = 49.0883, GNorm = 2.5436, lr_0 = 3.3251e-04
Loss = 1.5105e-01, PNorm = 49.0940, GNorm = 3.4292, lr_0 = 3.3273e-04
Loss = 1.7429e-01, PNorm = 49.1008, GNorm = 4.2299, lr_0 = 3.3296e-04
Loss = 1.7007e-01, PNorm = 49.1082, GNorm = 1.9284, lr_0 = 3.3319e-04
Loss = 1.5639e-01, PNorm = 49.1133, GNorm = 1.9360, lr_0 = 3.3341e-04
Loss = 1.6434e-01, PNorm = 49.1190, GNorm = 3.0044, lr_0 = 3.3364e-04
Loss = 1.6148e-01, PNorm = 49.1236, GNorm = 4.0292, lr_0 = 3.3386e-04
Loss = 1.5957e-01, PNorm = 49.1279, GNorm = 3.3804, lr_0 = 3.3409e-04
Loss = 1.6037e-01, PNorm = 49.1326, GNorm = 5.2977, lr_0 = 3.3431e-04
Loss = 1.5061e-01, PNorm = 49.1367, GNorm = 2.2074, lr_0 = 3.3454e-04
Loss = 1.5543e-01, PNorm = 49.1431, GNorm = 1.8810, lr_0 = 3.3476e-04
Loss = 1.5649e-01, PNorm = 49.1489, GNorm = 2.6740, lr_0 = 3.3499e-04
Loss = 1.9801e-01, PNorm = 49.1545, GNorm = 3.2119, lr_0 = 3.3521e-04
Loss = 1.5846e-01, PNorm = 49.1610, GNorm = 3.5258, lr_0 = 3.3544e-04
Loss = 1.7295e-01, PNorm = 49.1670, GNorm = 2.4419, lr_0 = 3.3567e-04
Loss = 1.6548e-01, PNorm = 49.1726, GNorm = 2.2604, lr_0 = 3.3589e-04
Loss = 1.8695e-01, PNorm = 49.1780, GNorm = 3.7537, lr_0 = 3.3612e-04
Loss = 1.8296e-01, PNorm = 49.1834, GNorm = 1.7426, lr_0 = 3.3634e-04
Loss = 1.8058e-01, PNorm = 49.1902, GNorm = 2.9886, lr_0 = 3.3657e-04
Loss = 1.5545e-01, PNorm = 49.1953, GNorm = 1.9854, lr_0 = 3.3679e-04
Loss = 1.6313e-01, PNorm = 49.2009, GNorm = 1.7146, lr_0 = 3.3702e-04
Loss = 1.7018e-01, PNorm = 49.2068, GNorm = 2.3247, lr_0 = 3.3724e-04
Loss = 1.6747e-01, PNorm = 49.2126, GNorm = 4.8307, lr_0 = 3.3747e-04
Loss = 1.8369e-01, PNorm = 49.2189, GNorm = 2.6059, lr_0 = 3.3770e-04
Loss = 1.6859e-01, PNorm = 49.2274, GNorm = 2.1359, lr_0 = 3.3792e-04
Loss = 1.9777e-01, PNorm = 49.2356, GNorm = 3.5736, lr_0 = 3.3815e-04
Loss = 1.4696e-01, PNorm = 49.2429, GNorm = 1.4984, lr_0 = 3.3837e-04
Loss = 1.6638e-01, PNorm = 49.2487, GNorm = 2.1622, lr_0 = 3.3860e-04
Loss = 1.2387e-01, PNorm = 49.2544, GNorm = 1.4841, lr_0 = 3.3882e-04
Loss = 1.6065e-01, PNorm = 49.2597, GNorm = 4.5481, lr_0 = 3.3905e-04
Loss = 1.7242e-01, PNorm = 49.2647, GNorm = 4.1448, lr_0 = 3.3927e-04
Loss = 1.7610e-01, PNorm = 49.2704, GNorm = 2.7156, lr_0 = 3.3950e-04
Loss = 1.5016e-01, PNorm = 49.2770, GNorm = 1.8247, lr_0 = 3.3972e-04
Loss = 1.7689e-01, PNorm = 49.2858, GNorm = 3.6011, lr_0 = 3.3995e-04
Loss = 1.8131e-01, PNorm = 49.2933, GNorm = 2.4863, lr_0 = 3.4018e-04
Loss = 1.4754e-01, PNorm = 49.2989, GNorm = 3.2569, lr_0 = 3.4040e-04
Loss = 1.6503e-01, PNorm = 49.3078, GNorm = 3.4121, lr_0 = 3.4063e-04
Loss = 1.7728e-01, PNorm = 49.3152, GNorm = 4.2785, lr_0 = 3.4085e-04
Loss = 1.7716e-01, PNorm = 49.3222, GNorm = 2.0259, lr_0 = 3.4108e-04
Loss = 1.6304e-01, PNorm = 49.3309, GNorm = 2.7418, lr_0 = 3.4130e-04
Loss = 1.5263e-01, PNorm = 49.3376, GNorm = 2.1203, lr_0 = 3.4153e-04
Loss = 1.2970e-01, PNorm = 49.3436, GNorm = 2.6570, lr_0 = 3.4175e-04
Loss = 1.5727e-01, PNorm = 49.3486, GNorm = 1.9212, lr_0 = 3.4198e-04
Loss = 1.4317e-01, PNorm = 49.3532, GNorm = 2.9254, lr_0 = 3.4221e-04
Loss = 1.3345e-01, PNorm = 49.3590, GNorm = 1.8152, lr_0 = 3.4243e-04
Loss = 1.3904e-01, PNorm = 49.3667, GNorm = 2.6257, lr_0 = 3.4266e-04
Loss = 1.4907e-01, PNorm = 49.3742, GNorm = 2.3504, lr_0 = 3.4288e-04
Loss = 1.4094e-01, PNorm = 49.3817, GNorm = 2.1067, lr_0 = 3.4311e-04
Loss = 1.4575e-01, PNorm = 49.3887, GNorm = 3.2637, lr_0 = 3.4333e-04
Loss = 1.3762e-01, PNorm = 49.3951, GNorm = 2.5722, lr_0 = 3.4356e-04
Loss = 1.6618e-01, PNorm = 49.4031, GNorm = 2.8228, lr_0 = 3.4378e-04
Loss = 1.3961e-01, PNorm = 49.4079, GNorm = 1.6146, lr_0 = 3.4401e-04
Loss = 1.7342e-01, PNorm = 49.4120, GNorm = 4.1150, lr_0 = 3.4423e-04
Loss = 1.4870e-01, PNorm = 49.4190, GNorm = 2.9477, lr_0 = 3.4446e-04
Loss = 2.0470e-01, PNorm = 49.4243, GNorm = 3.4080, lr_0 = 3.4469e-04
Loss = 1.8259e-01, PNorm = 49.4303, GNorm = 2.5614, lr_0 = 3.4491e-04
Loss = 1.8124e-01, PNorm = 49.4377, GNorm = 4.7218, lr_0 = 3.4514e-04
Loss = 1.8565e-01, PNorm = 49.4440, GNorm = 3.3132, lr_0 = 3.4536e-04
Loss = 1.7226e-01, PNorm = 49.4511, GNorm = 3.2583, lr_0 = 3.4559e-04
Loss = 1.6701e-01, PNorm = 49.4611, GNorm = 3.5028, lr_0 = 3.4581e-04
Loss = 1.8059e-01, PNorm = 49.4699, GNorm = 2.6882, lr_0 = 3.4604e-04
Loss = 1.6922e-01, PNorm = 49.4785, GNorm = 5.4040, lr_0 = 3.4626e-04
Loss = 1.5326e-01, PNorm = 49.4862, GNorm = 3.4281, lr_0 = 3.4649e-04
Loss = 1.6165e-01, PNorm = 49.4922, GNorm = 1.6016, lr_0 = 3.4672e-04
Loss = 1.5347e-01, PNorm = 49.4989, GNorm = 1.8807, lr_0 = 3.4694e-04
Loss = 1.6248e-01, PNorm = 49.5062, GNorm = 2.3606, lr_0 = 3.4717e-04
Loss = 1.4014e-01, PNorm = 49.5128, GNorm = 1.5857, lr_0 = 3.4739e-04
Loss = 1.5379e-01, PNorm = 49.5173, GNorm = 1.9538, lr_0 = 3.4762e-04
Loss = 1.3620e-01, PNorm = 49.5218, GNorm = 2.8483, lr_0 = 3.4784e-04
Loss = 1.5796e-01, PNorm = 49.5287, GNorm = 2.1938, lr_0 = 3.4807e-04
Loss = 1.4806e-01, PNorm = 49.5360, GNorm = 2.8226, lr_0 = 3.4829e-04
Loss = 1.4578e-01, PNorm = 49.5433, GNorm = 1.5759, lr_0 = 3.4852e-04
Loss = 1.3990e-01, PNorm = 49.5495, GNorm = 3.0974, lr_0 = 3.4874e-04
Loss = 1.6617e-01, PNorm = 49.5555, GNorm = 1.4501, lr_0 = 3.4897e-04
Loss = 1.3950e-01, PNorm = 49.5605, GNorm = 1.9614, lr_0 = 3.4920e-04
Loss = 1.3750e-01, PNorm = 49.5663, GNorm = 1.9161, lr_0 = 3.4942e-04
Loss = 1.7185e-01, PNorm = 49.5701, GNorm = 10.6062, lr_0 = 3.4965e-04
Loss = 1.7811e-01, PNorm = 49.5749, GNorm = 2.8487, lr_0 = 3.4987e-04
Loss = 1.5595e-01, PNorm = 49.5818, GNorm = 1.9003, lr_0 = 3.5010e-04
Loss = 1.6385e-01, PNorm = 49.5884, GNorm = 3.4631, lr_0 = 3.5032e-04
Loss = 1.5493e-01, PNorm = 49.5956, GNorm = 2.5840, lr_0 = 3.5055e-04
Loss = 1.3172e-01, PNorm = 49.6036, GNorm = 1.7802, lr_0 = 3.5077e-04
Loss = 1.3131e-01, PNorm = 49.6096, GNorm = 1.8818, lr_0 = 3.5100e-04
Loss = 1.4544e-01, PNorm = 49.6171, GNorm = 1.4451, lr_0 = 3.5123e-04
Loss = 1.5958e-01, PNorm = 49.6241, GNorm = 4.8946, lr_0 = 3.5145e-04
Loss = 1.3812e-01, PNorm = 49.6306, GNorm = 1.6401, lr_0 = 3.5168e-04
Loss = 1.5263e-01, PNorm = 49.6377, GNorm = 1.9294, lr_0 = 3.5190e-04
Loss = 1.4396e-01, PNorm = 49.6439, GNorm = 2.8116, lr_0 = 3.5213e-04
Loss = 1.2059e-01, PNorm = 49.6497, GNorm = 1.4987, lr_0 = 3.5235e-04
Loss = 1.3161e-01, PNorm = 49.6553, GNorm = 1.3594, lr_0 = 3.5258e-04
Loss = 1.4267e-01, PNorm = 49.6603, GNorm = 7.8510, lr_0 = 3.5280e-04
Loss = 1.4670e-01, PNorm = 49.6657, GNorm = 1.9239, lr_0 = 3.5303e-04
Loss = 1.4002e-01, PNorm = 49.6716, GNorm = 2.6330, lr_0 = 3.5325e-04
Loss = 1.4099e-01, PNorm = 49.6778, GNorm = 1.7749, lr_0 = 3.5348e-04
Loss = 1.5767e-01, PNorm = 49.6843, GNorm = 1.5455, lr_0 = 3.5371e-04
Loss = 1.4111e-01, PNorm = 49.6926, GNorm = 2.7789, lr_0 = 3.5393e-04
Loss = 1.6352e-01, PNorm = 49.6982, GNorm = 3.5012, lr_0 = 3.5416e-04
Loss = 1.6037e-01, PNorm = 49.7035, GNorm = 2.4909, lr_0 = 3.5438e-04
Loss = 1.3448e-01, PNorm = 49.7076, GNorm = 1.4536, lr_0 = 3.5461e-04
Loss = 1.4461e-01, PNorm = 49.7094, GNorm = 2.1309, lr_0 = 3.5483e-04
Loss = 1.4233e-01, PNorm = 49.7154, GNorm = 2.4348, lr_0 = 3.5506e-04
Loss = 1.4191e-01, PNorm = 49.7233, GNorm = 1.9457, lr_0 = 3.5528e-04
Loss = 1.5452e-01, PNorm = 49.7291, GNorm = 2.0849, lr_0 = 3.5551e-04
Loss = 1.6024e-01, PNorm = 49.7349, GNorm = 2.5505, lr_0 = 3.5574e-04
Loss = 1.5172e-01, PNorm = 49.7410, GNorm = 1.3578, lr_0 = 3.5596e-04
Loss = 1.4183e-01, PNorm = 49.7428, GNorm = 2.1582, lr_0 = 3.5619e-04
Loss = 1.4053e-01, PNorm = 49.7463, GNorm = 1.5218, lr_0 = 3.5641e-04
Loss = 1.4532e-01, PNorm = 49.7536, GNorm = 1.5047, lr_0 = 3.5664e-04
Loss = 1.2677e-01, PNorm = 49.7615, GNorm = 1.5734, lr_0 = 3.5686e-04
Loss = 1.7461e-01, PNorm = 49.7688, GNorm = 4.4450, lr_0 = 3.5709e-04
Loss = 1.7790e-01, PNorm = 49.7786, GNorm = 1.5496, lr_0 = 3.5731e-04
Loss = 1.3877e-01, PNorm = 49.7861, GNorm = 1.6233, lr_0 = 3.5754e-04
Loss = 2.0522e-01, PNorm = 49.7936, GNorm = 2.8250, lr_0 = 3.5776e-04
Loss = 1.5932e-01, PNorm = 49.8019, GNorm = 1.8545, lr_0 = 3.5799e-04
Loss = 1.5112e-01, PNorm = 49.8092, GNorm = 2.7569, lr_0 = 3.5822e-04
Loss = 1.4027e-01, PNorm = 49.8169, GNorm = 4.9180, lr_0 = 3.5844e-04
Loss = 1.8062e-01, PNorm = 49.8228, GNorm = 5.8421, lr_0 = 3.5867e-04
Loss = 1.7497e-01, PNorm = 49.8288, GNorm = 6.5992, lr_0 = 3.5889e-04
Loss = 1.9928e-01, PNorm = 49.8348, GNorm = 3.8080, lr_0 = 3.5912e-04
Loss = 1.4876e-01, PNorm = 49.8415, GNorm = 2.3996, lr_0 = 3.5934e-04
Loss = 1.7126e-01, PNorm = 49.8480, GNorm = 4.1896, lr_0 = 3.5957e-04
Loss = 1.4254e-01, PNorm = 49.8562, GNorm = 1.9099, lr_0 = 3.5979e-04
Loss = 1.4891e-01, PNorm = 49.8649, GNorm = 2.5245, lr_0 = 3.6002e-04
Loss = 1.4046e-01, PNorm = 49.8715, GNorm = 1.6301, lr_0 = 3.6025e-04
Loss = 1.2170e-01, PNorm = 49.8755, GNorm = 1.6705, lr_0 = 3.6047e-04
Loss = 1.2109e-01, PNorm = 49.8802, GNorm = 2.1266, lr_0 = 3.6070e-04
Loss = 1.5505e-01, PNorm = 49.8855, GNorm = 2.4589, lr_0 = 3.6092e-04
Loss = 1.6020e-01, PNorm = 49.8927, GNorm = 1.9181, lr_0 = 3.6115e-04
Loss = 4.0575e-01, PNorm = 49.9046, GNorm = 68.1395, lr_0 = 3.6137e-04
Loss = 3.0044e-01, PNorm = 49.9253, GNorm = 7.0974, lr_0 = 3.6160e-04
Loss = 2.5193e-01, PNorm = 49.9440, GNorm = 4.9571, lr_0 = 3.6182e-04
Loss = 2.3524e-01, PNorm = 49.9605, GNorm = 3.9970, lr_0 = 3.6205e-04
Loss = 1.8479e-01, PNorm = 49.9743, GNorm = 3.4468, lr_0 = 3.6227e-04
Loss = 1.6278e-01, PNorm = 49.9843, GNorm = 2.5837, lr_0 = 3.6250e-04
Loss = 1.5270e-01, PNorm = 49.9905, GNorm = 4.7699, lr_0 = 3.6273e-04
Loss = 2.0589e-01, PNorm = 49.9987, GNorm = 3.8371, lr_0 = 3.6295e-04
Loss = 1.6978e-01, PNorm = 50.0086, GNorm = 2.2088, lr_0 = 3.6318e-04
Loss = 1.5886e-01, PNorm = 50.0173, GNorm = 1.1501, lr_0 = 3.6340e-04
Loss = 1.6863e-01, PNorm = 50.0249, GNorm = 1.5934, lr_0 = 3.6363e-04
Loss = 1.4672e-01, PNorm = 50.0337, GNorm = 3.3956, lr_0 = 3.6385e-04
Loss = 1.4329e-01, PNorm = 50.0425, GNorm = 1.6532, lr_0 = 3.6408e-04
Loss = 1.6045e-01, PNorm = 50.0528, GNorm = 1.7588, lr_0 = 3.6430e-04
Loss = 1.5217e-01, PNorm = 50.0605, GNorm = 1.9384, lr_0 = 3.6453e-04
Loss = 1.3943e-01, PNorm = 50.0669, GNorm = 2.1904, lr_0 = 3.6475e-04
Loss = 2.0481e-01, PNorm = 50.0718, GNorm = 2.5361, lr_0 = 3.6498e-04
Loss = 1.6065e-01, PNorm = 50.0799, GNorm = 2.6323, lr_0 = 3.6521e-04
Loss = 1.5624e-01, PNorm = 50.0867, GNorm = 1.9556, lr_0 = 3.6543e-04
Loss = 1.3000e-01, PNorm = 50.0940, GNorm = 5.0309, lr_0 = 3.6566e-04
Loss = 1.5697e-01, PNorm = 50.0988, GNorm = 2.8752, lr_0 = 3.6588e-04
Loss = 1.6250e-01, PNorm = 50.1029, GNorm = 1.5813, lr_0 = 3.6611e-04
Loss = 1.5989e-01, PNorm = 50.1118, GNorm = 2.5667, lr_0 = 3.6633e-04
Loss = 1.3082e-01, PNorm = 50.1200, GNorm = 1.3182, lr_0 = 3.6656e-04
Loss = 1.7098e-01, PNorm = 50.1264, GNorm = 2.4344, lr_0 = 3.6678e-04
Loss = 1.4132e-01, PNorm = 50.1299, GNorm = 2.2525, lr_0 = 3.6701e-04
Loss = 1.5827e-01, PNorm = 50.1340, GNorm = 2.0706, lr_0 = 3.6724e-04
Loss = 1.3145e-01, PNorm = 50.1396, GNorm = 1.7367, lr_0 = 3.6746e-04
Loss = 1.5888e-01, PNorm = 50.1445, GNorm = 2.8564, lr_0 = 3.6769e-04
Loss = 1.7914e-01, PNorm = 50.1504, GNorm = 2.1143, lr_0 = 3.6791e-04
Loss = 1.2655e-01, PNorm = 50.1568, GNorm = 2.4267, lr_0 = 3.6814e-04
Loss = 1.5096e-01, PNorm = 50.1649, GNorm = 2.9635, lr_0 = 3.6836e-04
Loss = 1.3978e-01, PNorm = 50.1734, GNorm = 3.1360, lr_0 = 3.6859e-04
Loss = 1.5099e-01, PNorm = 50.1809, GNorm = 1.7693, lr_0 = 3.6881e-04
Loss = 1.7265e-01, PNorm = 50.1879, GNorm = 1.2204, lr_0 = 3.6904e-04
Loss = 1.6099e-01, PNorm = 50.1952, GNorm = 1.3908, lr_0 = 3.6926e-04
Loss = 1.8256e-01, PNorm = 50.1998, GNorm = 2.3342, lr_0 = 3.6949e-04
Loss = 1.4742e-01, PNorm = 50.2046, GNorm = 3.9742, lr_0 = 3.6972e-04
Loss = 1.5674e-01, PNorm = 50.2123, GNorm = 2.3041, lr_0 = 3.6994e-04
Loss = 1.7398e-01, PNorm = 50.2223, GNorm = 1.2428, lr_0 = 3.7017e-04
Loss = 1.6118e-01, PNorm = 50.2311, GNorm = 2.4097, lr_0 = 3.7039e-04
Loss = 1.5023e-01, PNorm = 50.2397, GNorm = 3.0111, lr_0 = 3.7062e-04
Loss = 1.2379e-01, PNorm = 50.2472, GNorm = 1.6792, lr_0 = 3.7084e-04
Loss = 1.3102e-01, PNorm = 50.2556, GNorm = 1.5739, lr_0 = 3.7107e-04
Loss = 1.4722e-01, PNorm = 50.2638, GNorm = 2.9878, lr_0 = 3.7129e-04
Loss = 1.5447e-01, PNorm = 50.2712, GNorm = 2.8887, lr_0 = 3.7152e-04
Loss = 1.6267e-01, PNorm = 50.2786, GNorm = 2.5373, lr_0 = 3.7175e-04
Loss = 1.4666e-01, PNorm = 50.2845, GNorm = 1.6133, lr_0 = 3.7197e-04
Loss = 1.1065e-01, PNorm = 50.2899, GNorm = 2.2640, lr_0 = 3.7220e-04
Loss = 1.1100e-01, PNorm = 50.2961, GNorm = 3.2978, lr_0 = 3.7242e-04
Loss = 1.4754e-01, PNorm = 50.3013, GNorm = 1.3498, lr_0 = 3.7265e-04
Loss = 2.0637e-01, PNorm = 50.3082, GNorm = 5.6005, lr_0 = 3.7287e-04
Loss = 1.7278e-01, PNorm = 50.3156, GNorm = 2.4991, lr_0 = 3.7310e-04
Loss = 1.5429e-01, PNorm = 50.3247, GNorm = 4.1032, lr_0 = 3.7332e-04
Loss = 1.2178e-01, PNorm = 50.3333, GNorm = 2.3335, lr_0 = 3.7355e-04
Loss = 1.3792e-01, PNorm = 50.3408, GNorm = 5.5489, lr_0 = 3.7377e-04
Loss = 1.2936e-01, PNorm = 50.3489, GNorm = 1.8112, lr_0 = 3.7400e-04
Loss = 1.4724e-01, PNorm = 50.3566, GNorm = 2.7647, lr_0 = 3.7423e-04
Loss = 1.8595e-01, PNorm = 50.3635, GNorm = 2.3192, lr_0 = 3.7445e-04
Loss = 1.6377e-01, PNorm = 50.3702, GNorm = 4.4366, lr_0 = 3.7468e-04
Loss = 1.4063e-01, PNorm = 50.3766, GNorm = 2.7201, lr_0 = 3.7490e-04
Loss = 1.7058e-01, PNorm = 50.3832, GNorm = 1.7886, lr_0 = 3.7513e-04
Loss = 1.4853e-01, PNorm = 50.3898, GNorm = 1.2935, lr_0 = 3.7535e-04
Loss = 1.3155e-01, PNorm = 50.3959, GNorm = 2.6128, lr_0 = 3.7558e-04
Loss = 1.4309e-01, PNorm = 50.4050, GNorm = 2.1295, lr_0 = 3.7580e-04
Loss = 1.5404e-01, PNorm = 50.4144, GNorm = 1.4195, lr_0 = 3.7603e-04
Loss = 1.5117e-01, PNorm = 50.4229, GNorm = 2.0730, lr_0 = 3.7626e-04
Loss = 1.3278e-01, PNorm = 50.4304, GNorm = 1.3741, lr_0 = 3.7648e-04
Loss = 1.5318e-01, PNorm = 50.4372, GNorm = 2.0387, lr_0 = 3.7671e-04
Loss = 1.3393e-01, PNorm = 50.4429, GNorm = 2.5216, lr_0 = 3.7693e-04
Loss = 1.2169e-01, PNorm = 50.4486, GNorm = 1.7399, lr_0 = 3.7716e-04
Loss = 1.1910e-01, PNorm = 50.4549, GNorm = 2.9930, lr_0 = 3.7738e-04
Loss = 1.2765e-01, PNorm = 50.4621, GNorm = 2.4566, lr_0 = 3.7761e-04
Loss = 1.4654e-01, PNorm = 50.4706, GNorm = 2.4549, lr_0 = 3.7783e-04
Loss = 1.4829e-01, PNorm = 50.4807, GNorm = 2.0429, lr_0 = 3.7806e-04
Loss = 1.5258e-01, PNorm = 50.4918, GNorm = 1.2804, lr_0 = 3.7828e-04
Loss = 1.2982e-01, PNorm = 50.5001, GNorm = 1.2963, lr_0 = 3.7851e-04
Loss = 1.4529e-01, PNorm = 50.5070, GNorm = 1.6194, lr_0 = 3.7874e-04
Loss = 1.3876e-01, PNorm = 50.5122, GNorm = 2.6465, lr_0 = 3.7896e-04
Loss = 1.5770e-01, PNorm = 50.5158, GNorm = 3.0201, lr_0 = 3.7919e-04
Loss = 1.3286e-01, PNorm = 50.5209, GNorm = 1.6568, lr_0 = 3.7941e-04
Loss = 1.3169e-01, PNorm = 50.5271, GNorm = 2.5627, lr_0 = 3.7964e-04
Loss = 1.4356e-01, PNorm = 50.5314, GNorm = 2.2439, lr_0 = 3.7986e-04
Loss = 1.1984e-01, PNorm = 50.5348, GNorm = 2.0485, lr_0 = 3.8009e-04
Loss = 1.2939e-01, PNorm = 50.5408, GNorm = 2.7633, lr_0 = 3.8031e-04
Loss = 1.6644e-01, PNorm = 50.5468, GNorm = 1.8002, lr_0 = 3.8054e-04
Loss = 1.2724e-01, PNorm = 50.5547, GNorm = 2.2926, lr_0 = 3.8077e-04
Loss = 1.4172e-01, PNorm = 50.5647, GNorm = 1.2452, lr_0 = 3.8099e-04
Loss = 1.2662e-01, PNorm = 50.5722, GNorm = 1.3495, lr_0 = 3.8122e-04
Loss = 1.4225e-01, PNorm = 50.5790, GNorm = 2.1142, lr_0 = 3.8144e-04
Loss = 1.4095e-01, PNorm = 50.5853, GNorm = 1.3400, lr_0 = 3.8167e-04
Loss = 1.3663e-01, PNorm = 50.5920, GNorm = 1.4016, lr_0 = 3.8189e-04
Loss = 1.6389e-01, PNorm = 50.5991, GNorm = 2.1179, lr_0 = 3.8212e-04
Loss = 1.4432e-01, PNorm = 50.6087, GNorm = 1.6035, lr_0 = 3.8234e-04
Loss = 1.1908e-01, PNorm = 50.6168, GNorm = 1.4289, lr_0 = 3.8257e-04
Loss = 1.3783e-01, PNorm = 50.6239, GNorm = 3.1799, lr_0 = 3.8279e-04
Loss = 1.3695e-01, PNorm = 50.6304, GNorm = 1.9211, lr_0 = 3.8302e-04
Loss = 1.6502e-01, PNorm = 50.6384, GNorm = 1.7426, lr_0 = 3.8325e-04
Loss = 1.2462e-01, PNorm = 50.6443, GNorm = 2.2966, lr_0 = 3.8347e-04
Loss = 1.5350e-01, PNorm = 50.6507, GNorm = 2.4233, lr_0 = 3.8370e-04
Loss = 1.2867e-01, PNorm = 50.6594, GNorm = 2.6196, lr_0 = 3.8392e-04
Loss = 1.4163e-01, PNorm = 50.6691, GNorm = 1.8059, lr_0 = 3.8415e-04
Loss = 1.3235e-01, PNorm = 50.6784, GNorm = 7.0100, lr_0 = 3.8437e-04
Loss = 1.3059e-01, PNorm = 50.6880, GNorm = 1.7341, lr_0 = 3.8460e-04
Loss = 1.4302e-01, PNorm = 50.6951, GNorm = 1.9845, lr_0 = 3.8482e-04
Loss = 1.3741e-01, PNorm = 50.7040, GNorm = 2.8534, lr_0 = 3.8505e-04
Loss = 1.2732e-01, PNorm = 50.7125, GNorm = 1.6191, lr_0 = 3.8528e-04
Loss = 1.6918e-01, PNorm = 50.7192, GNorm = 5.1539, lr_0 = 3.8550e-04
Loss = 1.4184e-01, PNorm = 50.7257, GNorm = 3.6903, lr_0 = 3.8573e-04
Loss = 1.3268e-01, PNorm = 50.7327, GNorm = 1.0691, lr_0 = 3.8595e-04
Loss = 1.3047e-01, PNorm = 50.7405, GNorm = 1.3540, lr_0 = 3.8618e-04
Loss = 1.2472e-01, PNorm = 50.7492, GNorm = 1.4112, lr_0 = 3.8640e-04
Loss = 1.2523e-01, PNorm = 50.7596, GNorm = 1.8041, lr_0 = 3.8663e-04
Loss = 1.3873e-01, PNorm = 50.7680, GNorm = 2.1667, lr_0 = 3.8685e-04
Loss = 1.3132e-01, PNorm = 50.7744, GNorm = 2.1680, lr_0 = 3.8708e-04
Loss = 1.4744e-01, PNorm = 50.7812, GNorm = 3.0990, lr_0 = 3.8730e-04
Loss = 1.3175e-01, PNorm = 50.7858, GNorm = 5.1004, lr_0 = 3.8753e-04
Loss = 1.2105e-01, PNorm = 50.7945, GNorm = 1.7072, lr_0 = 3.8776e-04
Loss = 1.3451e-01, PNorm = 50.8070, GNorm = 1.7327, lr_0 = 3.8798e-04
Loss = 1.5390e-01, PNorm = 50.8141, GNorm = 1.9317, lr_0 = 3.8821e-04
Loss = 1.5319e-01, PNorm = 50.8211, GNorm = 3.1934, lr_0 = 3.8843e-04
Loss = 1.5876e-01, PNorm = 50.8294, GNorm = 1.9346, lr_0 = 3.8866e-04
Loss = 1.2770e-01, PNorm = 50.8402, GNorm = 1.5950, lr_0 = 3.8888e-04
Loss = 1.5433e-01, PNorm = 50.8502, GNorm = 2.9586, lr_0 = 3.8911e-04
Loss = 1.3701e-01, PNorm = 50.8607, GNorm = 1.1938, lr_0 = 3.8933e-04
Loss = 1.2432e-01, PNorm = 50.8695, GNorm = 1.7814, lr_0 = 3.8956e-04
Loss = 1.2415e-01, PNorm = 50.8771, GNorm = 2.8846, lr_0 = 3.8979e-04
Loss = 1.1747e-01, PNorm = 50.8837, GNorm = 1.5207, lr_0 = 3.9001e-04
Loss = 1.3826e-01, PNorm = 50.8900, GNorm = 2.3225, lr_0 = 3.9024e-04
Loss = 1.3144e-01, PNorm = 50.8974, GNorm = 1.9702, lr_0 = 3.9046e-04
Loss = 1.1413e-01, PNorm = 50.9049, GNorm = 2.1188, lr_0 = 3.9069e-04
Loss = 1.4524e-01, PNorm = 50.9115, GNorm = 2.0279, lr_0 = 3.9091e-04
Loss = 1.4650e-01, PNorm = 50.9168, GNorm = 2.9000, lr_0 = 3.9114e-04
Loss = 3.6011e-01, PNorm = 50.9280, GNorm = 4.0478, lr_0 = 3.9136e-04
Loss = 2.1432e-01, PNorm = 50.9513, GNorm = 2.3985, lr_0 = 3.9159e-04
Loss = 1.8482e-01, PNorm = 50.9740, GNorm = 2.0145, lr_0 = 3.9181e-04
Loss = 1.7420e-01, PNorm = 50.9913, GNorm = 2.7664, lr_0 = 3.9204e-04
Loss = 1.6499e-01, PNorm = 51.0075, GNorm = 2.1525, lr_0 = 3.9227e-04
Loss = 2.4834e-01, PNorm = 51.0287, GNorm = 3.4012, lr_0 = 3.9249e-04
Loss = 2.1895e-01, PNorm = 51.0473, GNorm = 7.3004, lr_0 = 3.9272e-04
Loss = 1.9345e-01, PNorm = 51.0575, GNorm = 2.0694, lr_0 = 3.9294e-04
Loss = 2.0414e-01, PNorm = 51.0693, GNorm = 2.7562, lr_0 = 3.9317e-04
Loss = 1.7666e-01, PNorm = 51.0782, GNorm = 1.4679, lr_0 = 3.9339e-04
Loss = 1.5176e-01, PNorm = 51.0866, GNorm = 1.9493, lr_0 = 3.9362e-04
Loss = 1.4214e-01, PNorm = 51.0931, GNorm = 2.5756, lr_0 = 3.9384e-04
Loss = 1.3258e-01, PNorm = 51.1002, GNorm = 1.1126, lr_0 = 3.9407e-04
Loss = 1.3642e-01, PNorm = 51.1073, GNorm = 2.0101, lr_0 = 3.9429e-04
Loss = 1.4538e-01, PNorm = 51.1156, GNorm = 1.4574, lr_0 = 3.9452e-04
Loss = 1.5075e-01, PNorm = 51.1262, GNorm = 1.2785, lr_0 = 3.9475e-04
Loss = 1.4597e-01, PNorm = 51.1355, GNorm = 2.2180, lr_0 = 3.9497e-04
Loss = 1.2627e-01, PNorm = 51.1455, GNorm = 1.7987, lr_0 = 3.9520e-04
Loss = 1.3758e-01, PNorm = 51.1546, GNorm = 1.6410, lr_0 = 3.9542e-04
Loss = 1.7155e-01, PNorm = 51.1620, GNorm = 10.2230, lr_0 = 3.9565e-04
Loss = 1.2899e-01, PNorm = 51.1692, GNorm = 1.4210, lr_0 = 3.9587e-04
Loss = 1.5315e-01, PNorm = 51.1752, GNorm = 2.3734, lr_0 = 3.9610e-04
Loss = 1.4865e-01, PNorm = 51.1848, GNorm = 2.3255, lr_0 = 3.9632e-04
Loss = 1.4240e-01, PNorm = 51.1940, GNorm = 2.2848, lr_0 = 3.9655e-04
Loss = 1.3195e-01, PNorm = 51.2020, GNorm = 2.0890, lr_0 = 3.9678e-04
Loss = 1.4259e-01, PNorm = 51.2101, GNorm = 2.9671, lr_0 = 3.9700e-04
Loss = 1.6074e-01, PNorm = 51.2200, GNorm = 2.0222, lr_0 = 3.9723e-04
Loss = 1.3458e-01, PNorm = 51.2285, GNorm = 1.5145, lr_0 = 3.9745e-04
Loss = 1.2672e-01, PNorm = 51.2368, GNorm = 1.2929, lr_0 = 3.9768e-04
Loss = 1.4015e-01, PNorm = 51.2443, GNorm = 1.8137, lr_0 = 3.9790e-04
Loss = 1.5368e-01, PNorm = 51.2496, GNorm = 2.1906, lr_0 = 3.9813e-04
Loss = 1.4763e-01, PNorm = 51.2560, GNorm = 2.2178, lr_0 = 3.9835e-04
Loss = 1.4825e-01, PNorm = 51.2652, GNorm = 2.7825, lr_0 = 3.9858e-04
Loss = 1.4389e-01, PNorm = 51.2746, GNorm = 2.7055, lr_0 = 3.9880e-04
Loss = 1.3970e-01, PNorm = 51.2847, GNorm = 2.8013, lr_0 = 3.9903e-04
Loss = 1.4054e-01, PNorm = 51.2924, GNorm = 1.0286, lr_0 = 3.9926e-04
Loss = 1.4938e-01, PNorm = 51.2991, GNorm = 2.4983, lr_0 = 3.9948e-04
Loss = 1.4367e-01, PNorm = 51.3088, GNorm = 1.4903, lr_0 = 3.9971e-04
Loss = 1.3363e-01, PNorm = 51.3192, GNorm = 3.8995, lr_0 = 3.9993e-04
Loss = 1.1866e-01, PNorm = 51.3269, GNorm = 1.6032, lr_0 = 4.0016e-04
Loss = 1.3625e-01, PNorm = 51.3341, GNorm = 2.4599, lr_0 = 4.0038e-04
Loss = 1.3126e-01, PNorm = 51.3398, GNorm = 1.7934, lr_0 = 4.0061e-04
Loss = 1.5711e-01, PNorm = 51.3479, GNorm = 1.8798, lr_0 = 4.0083e-04
Loss = 1.2399e-01, PNorm = 51.3578, GNorm = 2.6058, lr_0 = 4.0106e-04
Loss = 1.5378e-01, PNorm = 51.3662, GNorm = 2.1913, lr_0 = 4.0129e-04
Loss = 1.4901e-01, PNorm = 51.3731, GNorm = 1.3399, lr_0 = 4.0151e-04
Loss = 1.6835e-01, PNorm = 51.3801, GNorm = 2.9936, lr_0 = 4.0174e-04
Loss = 1.4187e-01, PNorm = 51.3878, GNorm = 1.6353, lr_0 = 4.0196e-04
Loss = 1.2669e-01, PNorm = 51.3944, GNorm = 4.0920, lr_0 = 4.0219e-04
Loss = 1.2407e-01, PNorm = 51.4013, GNorm = 1.7775, lr_0 = 4.0241e-04
Loss = 1.5035e-01, PNorm = 51.4110, GNorm = 1.0567, lr_0 = 4.0264e-04
Loss = 1.4850e-01, PNorm = 51.4189, GNorm = 2.4053, lr_0 = 4.0286e-04
Loss = 1.4672e-01, PNorm = 51.4257, GNorm = 2.6864, lr_0 = 4.0309e-04
Loss = 1.1384e-01, PNorm = 51.4328, GNorm = 3.3417, lr_0 = 4.0331e-04
Loss = 1.2650e-01, PNorm = 51.4412, GNorm = 1.3772, lr_0 = 4.0354e-04
Loss = 1.3289e-01, PNorm = 51.4496, GNorm = 2.2411, lr_0 = 4.0377e-04
Loss = 1.3261e-01, PNorm = 51.4569, GNorm = 2.4516, lr_0 = 4.0399e-04
Loss = 1.3717e-01, PNorm = 51.4669, GNorm = 3.5282, lr_0 = 4.0422e-04
Loss = 1.2289e-01, PNorm = 51.4766, GNorm = 3.9300, lr_0 = 4.0444e-04
Loss = 2.1257e-01, PNorm = 51.4832, GNorm = 3.7973, lr_0 = 4.0467e-04
Loss = 1.3568e-01, PNorm = 51.4914, GNorm = 1.9182, lr_0 = 4.0489e-04
Loss = 1.3304e-01, PNorm = 51.4996, GNorm = 2.3006, lr_0 = 4.0512e-04
Loss = 1.3657e-01, PNorm = 51.5094, GNorm = 1.1237, lr_0 = 4.0534e-04
Loss = 1.2532e-01, PNorm = 51.5151, GNorm = 1.0242, lr_0 = 4.0557e-04
Loss = 1.5131e-01, PNorm = 51.5209, GNorm = 3.1608, lr_0 = 4.0580e-04
Loss = 1.4049e-01, PNorm = 51.5300, GNorm = 3.2004, lr_0 = 4.0602e-04
Loss = 1.2022e-01, PNorm = 51.5399, GNorm = 2.1456, lr_0 = 4.0625e-04
Loss = 1.3350e-01, PNorm = 51.5476, GNorm = 2.1847, lr_0 = 4.0647e-04
Loss = 1.4620e-01, PNorm = 51.5545, GNorm = 14.2749, lr_0 = 4.0670e-04
Loss = 1.2699e-01, PNorm = 51.5632, GNorm = 1.9316, lr_0 = 4.0692e-04
Loss = 1.2863e-01, PNorm = 51.5724, GNorm = 2.4186, lr_0 = 4.0715e-04
Loss = 1.2878e-01, PNorm = 51.5827, GNorm = 1.8054, lr_0 = 4.0737e-04
Loss = 1.2785e-01, PNorm = 51.5902, GNorm = 1.3166, lr_0 = 4.0760e-04
Loss = 1.3660e-01, PNorm = 51.5979, GNorm = 1.9106, lr_0 = 4.0782e-04
Loss = 1.2632e-01, PNorm = 51.6052, GNorm = 2.1882, lr_0 = 4.0805e-04
Loss = 1.4764e-01, PNorm = 51.6139, GNorm = 2.2578, lr_0 = 4.0828e-04
Loss = 1.3127e-01, PNorm = 51.6209, GNorm = 3.2159, lr_0 = 4.0850e-04
Loss = 1.2447e-01, PNorm = 51.6278, GNorm = 1.5912, lr_0 = 4.0873e-04
Loss = 1.1771e-01, PNorm = 51.6350, GNorm = 2.7625, lr_0 = 4.0895e-04
Loss = 1.3318e-01, PNorm = 51.6416, GNorm = 1.3953, lr_0 = 4.0918e-04
Loss = 1.4424e-01, PNorm = 51.6494, GNorm = 2.5407, lr_0 = 4.0940e-04
Loss = 1.3083e-01, PNorm = 51.6570, GNorm = 2.3120, lr_0 = 4.0963e-04
Loss = 1.4108e-01, PNorm = 51.6648, GNorm = 1.6606, lr_0 = 4.0985e-04
Loss = 1.1249e-01, PNorm = 51.6721, GNorm = 1.2102, lr_0 = 4.1008e-04
Loss = 1.3234e-01, PNorm = 51.6792, GNorm = 2.0634, lr_0 = 4.1031e-04
Loss = 1.3437e-01, PNorm = 51.6866, GNorm = 2.3218, lr_0 = 4.1053e-04
Loss = 1.1938e-01, PNorm = 51.6934, GNorm = 2.6983, lr_0 = 4.1076e-04
Loss = 1.3668e-01, PNorm = 51.6975, GNorm = 5.7498, lr_0 = 4.1098e-04
Loss = 1.3558e-01, PNorm = 51.7021, GNorm = 1.2717, lr_0 = 4.1121e-04
Loss = 1.6480e-01, PNorm = 51.7115, GNorm = 2.9827, lr_0 = 4.1143e-04
Loss = 1.3475e-01, PNorm = 51.7200, GNorm = 1.5461, lr_0 = 4.1166e-04
Loss = 1.3794e-01, PNorm = 51.7273, GNorm = 2.6433, lr_0 = 4.1188e-04
Loss = 1.3566e-01, PNorm = 51.7324, GNorm = 3.1123, lr_0 = 4.1211e-04
Loss = 1.3823e-01, PNorm = 51.7380, GNorm = 3.7102, lr_0 = 4.1233e-04
Loss = 1.2749e-01, PNorm = 51.7442, GNorm = 1.3361, lr_0 = 4.1256e-04
Loss = 1.1811e-01, PNorm = 51.7521, GNorm = 1.9324, lr_0 = 4.1279e-04
Loss = 1.1013e-01, PNorm = 51.7609, GNorm = 1.4914, lr_0 = 4.1301e-04
Loss = 1.2604e-01, PNorm = 51.7683, GNorm = 2.1323, lr_0 = 4.1324e-04
Loss = 1.1627e-01, PNorm = 51.7774, GNorm = 1.5909, lr_0 = 4.1346e-04
Loss = 1.1484e-01, PNorm = 51.7852, GNorm = 1.3998, lr_0 = 4.1369e-04
Loss = 1.0414e-01, PNorm = 51.7950, GNorm = 1.4939, lr_0 = 4.1391e-04
Loss = 1.0951e-01, PNorm = 51.8059, GNorm = 1.8617, lr_0 = 4.1414e-04
Loss = 1.2938e-01, PNorm = 51.8157, GNorm = 2.7993, lr_0 = 4.1436e-04
Loss = 1.4419e-01, PNorm = 51.8258, GNorm = 1.5479, lr_0 = 4.1459e-04
Loss = 1.3027e-01, PNorm = 51.8348, GNorm = 1.8360, lr_0 = 4.1482e-04
Loss = 1.0597e-01, PNorm = 51.8440, GNorm = 2.4932, lr_0 = 4.1504e-04
Loss = 1.2092e-01, PNorm = 51.8512, GNorm = 1.3385, lr_0 = 4.1527e-04
Loss = 1.1277e-01, PNorm = 51.8561, GNorm = 1.0935, lr_0 = 4.1549e-04
Loss = 1.2072e-01, PNorm = 51.8617, GNorm = 1.4891, lr_0 = 4.1572e-04
Loss = 1.1519e-01, PNorm = 51.8679, GNorm = 1.2898, lr_0 = 4.1594e-04
Loss = 1.4039e-01, PNorm = 51.8752, GNorm = 2.2954, lr_0 = 4.1617e-04
Loss = 1.1845e-01, PNorm = 51.8829, GNorm = 1.1595, lr_0 = 4.1639e-04
Loss = 1.2694e-01, PNorm = 51.8896, GNorm = 1.4408, lr_0 = 4.1662e-04
Loss = 1.2011e-01, PNorm = 51.8944, GNorm = 2.0884, lr_0 = 4.1684e-04
Loss = 9.7876e-02, PNorm = 51.9018, GNorm = 1.5601, lr_0 = 4.1707e-04
Loss = 1.5045e-01, PNorm = 51.9092, GNorm = 3.9142, lr_0 = 4.1730e-04
Loss = 1.2335e-01, PNorm = 51.9154, GNorm = 2.3369, lr_0 = 4.1752e-04
Loss = 1.3899e-01, PNorm = 51.9246, GNorm = 2.6905, lr_0 = 4.1775e-04
Loss = 1.2214e-01, PNorm = 51.9357, GNorm = 1.3484, lr_0 = 4.1797e-04
Loss = 1.2671e-01, PNorm = 51.9458, GNorm = 1.4214, lr_0 = 4.1820e-04
Loss = 1.3489e-01, PNorm = 51.9532, GNorm = 1.9851, lr_0 = 4.1842e-04
Loss = 1.3632e-01, PNorm = 51.9605, GNorm = 0.9063, lr_0 = 4.1865e-04
Loss = 1.1836e-01, PNorm = 51.9679, GNorm = 2.3515, lr_0 = 4.1887e-04
Loss = 1.4019e-01, PNorm = 51.9776, GNorm = 1.9364, lr_0 = 4.1910e-04
Loss = 1.5389e-01, PNorm = 51.9871, GNorm = 1.6670, lr_0 = 4.1933e-04
Loss = 1.3346e-01, PNorm = 51.9984, GNorm = 2.0881, lr_0 = 4.1955e-04
Loss = 1.1480e-01, PNorm = 52.0073, GNorm = 3.4621, lr_0 = 4.1978e-04
Loss = 1.2817e-01, PNorm = 52.0146, GNorm = 5.6699, lr_0 = 4.2000e-04
Loss = 1.1973e-01, PNorm = 52.0214, GNorm = 1.6895, lr_0 = 4.2023e-04
Loss = 1.1317e-01, PNorm = 52.0280, GNorm = 2.0418, lr_0 = 4.2045e-04
Loss = 1.1474e-01, PNorm = 52.0365, GNorm = 1.9619, lr_0 = 4.2068e-04
Loss = 1.3198e-01, PNorm = 52.0448, GNorm = 1.2537, lr_0 = 4.2090e-04
Loss = 1.1519e-01, PNorm = 52.0494, GNorm = 1.1696, lr_0 = 4.2113e-04
Loss = 1.2794e-01, PNorm = 52.0563, GNorm = 1.5627, lr_0 = 4.2135e-04
Loss = 1.1112e-01, PNorm = 52.0647, GNorm = 1.2209, lr_0 = 4.2158e-04
Loss = 1.1486e-01, PNorm = 52.0731, GNorm = 2.0124, lr_0 = 4.2181e-04
Loss = 1.2052e-01, PNorm = 52.0800, GNorm = 1.1684, lr_0 = 4.2203e-04
Loss = 1.3103e-01, PNorm = 52.0868, GNorm = 1.3897, lr_0 = 4.2226e-04
Loss = 1.2954e-01, PNorm = 52.0970, GNorm = 1.6126, lr_0 = 4.2248e-04
Loss = 1.2111e-01, PNorm = 52.1069, GNorm = 1.6391, lr_0 = 4.2271e-04
Loss = 1.3000e-01, PNorm = 52.1143, GNorm = 1.2131, lr_0 = 4.2293e-04
Loss = 1.3783e-01, PNorm = 52.1229, GNorm = 1.8650, lr_0 = 4.2316e-04
Loss = 1.1492e-01, PNorm = 52.1300, GNorm = 1.7627, lr_0 = 4.2338e-04
Loss = 1.1602e-01, PNorm = 52.1369, GNorm = 3.3105, lr_0 = 4.2361e-04
Loss = 1.3474e-01, PNorm = 52.1457, GNorm = 1.5882, lr_0 = 4.2383e-04
Loss = 1.3286e-01, PNorm = 52.1528, GNorm = 3.1197, lr_0 = 4.2406e-04
Loss = 1.1976e-01, PNorm = 52.1636, GNorm = 1.0769, lr_0 = 4.2429e-04
Loss = 9.8319e-02, PNorm = 52.1724, GNorm = 0.8266, lr_0 = 4.2451e-04
Loss = 1.0024e-01, PNorm = 52.1796, GNorm = 1.5118, lr_0 = 4.2474e-04
Loss = 1.0894e-01, PNorm = 52.1890, GNorm = 1.6194, lr_0 = 4.2496e-04
Loss = 1.3380e-01, PNorm = 52.1992, GNorm = 1.0495, lr_0 = 4.2519e-04
Loss = 1.2160e-01, PNorm = 52.2107, GNorm = 2.3660, lr_0 = 4.2541e-04
Loss = 1.0881e-01, PNorm = 52.2216, GNorm = 2.0474, lr_0 = 4.2564e-04
Loss = 1.2512e-01, PNorm = 52.2296, GNorm = 1.3428, lr_0 = 4.2586e-04
Loss = 1.1154e-01, PNorm = 52.2380, GNorm = 2.7276, lr_0 = 4.2609e-04
Loss = 1.2468e-01, PNorm = 52.2460, GNorm = 2.0096, lr_0 = 4.2632e-04
Loss = 1.2369e-01, PNorm = 52.2548, GNorm = 1.4207, lr_0 = 4.2654e-04
Loss = 1.1132e-01, PNorm = 52.2628, GNorm = 0.9724, lr_0 = 4.2677e-04
Loss = 1.1379e-01, PNorm = 52.2684, GNorm = 2.8696, lr_0 = 4.2699e-04
Loss = 1.1210e-01, PNorm = 52.2759, GNorm = 2.1021, lr_0 = 4.2722e-04
Loss = 1.0797e-01, PNorm = 52.2877, GNorm = 1.3198, lr_0 = 4.2744e-04
Loss = 1.2818e-01, PNorm = 52.2961, GNorm = 1.6304, lr_0 = 4.2767e-04
Loss = 1.0994e-01, PNorm = 52.3072, GNorm = 2.7310, lr_0 = 4.2789e-04
Loss = 1.3678e-01, PNorm = 52.3174, GNorm = 2.5531, lr_0 = 4.2812e-04
Loss = 1.0045e-01, PNorm = 52.3251, GNorm = 1.3088, lr_0 = 4.2834e-04
Loss = 1.2685e-01, PNorm = 52.3344, GNorm = 1.6746, lr_0 = 4.2857e-04
Loss = 1.0221e-01, PNorm = 52.3420, GNorm = 1.4221, lr_0 = 4.2880e-04
Loss = 1.2475e-01, PNorm = 52.3509, GNorm = 1.8595, lr_0 = 4.2902e-04
Loss = 1.1740e-01, PNorm = 52.3618, GNorm = 1.6678, lr_0 = 4.2925e-04
Loss = 1.1987e-01, PNorm = 52.3712, GNorm = 3.5775, lr_0 = 4.2947e-04
Loss = 1.3107e-01, PNorm = 52.3778, GNorm = 3.8759, lr_0 = 4.2970e-04
Loss = 1.1372e-01, PNorm = 52.3853, GNorm = 2.6336, lr_0 = 4.2992e-04
Loss = 1.0676e-01, PNorm = 52.3924, GNorm = 2.2498, lr_0 = 4.3015e-04
Loss = 1.1187e-01, PNorm = 52.4031, GNorm = 1.4539, lr_0 = 4.3037e-04
Loss = 9.7351e-02, PNorm = 52.4132, GNorm = 1.2417, lr_0 = 4.3060e-04
Loss = 1.1438e-01, PNorm = 52.4216, GNorm = 1.5487, lr_0 = 4.3083e-04
Loss = 1.0994e-01, PNorm = 52.4290, GNorm = 3.6598, lr_0 = 4.3105e-04
Loss = 1.2030e-01, PNorm = 52.4389, GNorm = 1.3548, lr_0 = 4.3128e-04
Loss = 1.3048e-01, PNorm = 52.4490, GNorm = 3.6641, lr_0 = 4.3150e-04
Loss = 1.2002e-01, PNorm = 52.4588, GNorm = 2.1185, lr_0 = 4.3173e-04
Loss = 1.2042e-01, PNorm = 52.4684, GNorm = 1.9591, lr_0 = 4.3195e-04
Loss = 1.0972e-01, PNorm = 52.4803, GNorm = 0.9744, lr_0 = 4.3218e-04
Loss = 1.2584e-01, PNorm = 52.4926, GNorm = 1.2254, lr_0 = 4.3240e-04
Loss = 1.3114e-01, PNorm = 52.5055, GNorm = 2.1324, lr_0 = 4.3263e-04
Loss = 1.2095e-01, PNorm = 52.5151, GNorm = 1.6670, lr_0 = 4.3285e-04
Loss = 1.0854e-01, PNorm = 52.5206, GNorm = 2.1118, lr_0 = 4.3308e-04
Loss = 1.1778e-01, PNorm = 52.5271, GNorm = 2.5005, lr_0 = 4.3331e-04
Loss = 1.1257e-01, PNorm = 52.5358, GNorm = 1.3581, lr_0 = 4.3353e-04
Loss = 1.0313e-01, PNorm = 52.5434, GNorm = 1.2863, lr_0 = 4.3376e-04
Loss = 1.0754e-01, PNorm = 52.5516, GNorm = 2.1323, lr_0 = 4.3398e-04
Loss = 1.1210e-01, PNorm = 52.5584, GNorm = 2.2156, lr_0 = 4.3421e-04
Loss = 1.1119e-01, PNorm = 52.5652, GNorm = 2.1739, lr_0 = 4.3443e-04
Loss = 1.0378e-01, PNorm = 52.5748, GNorm = 1.1063, lr_0 = 4.3466e-04
Loss = 1.0010e-01, PNorm = 52.5826, GNorm = 1.3792, lr_0 = 4.3488e-04
Loss = 1.0280e-01, PNorm = 52.5907, GNorm = 1.7543, lr_0 = 4.3511e-04
Loss = 9.6235e-02, PNorm = 52.5982, GNorm = 1.1842, lr_0 = 4.3534e-04
Loss = 2.1339e-01, PNorm = 52.6146, GNorm = 5.3108, lr_0 = 4.3556e-04
Loss = 1.6505e-01, PNorm = 52.6326, GNorm = 2.0282, lr_0 = 4.3579e-04
Loss = 1.4111e-01, PNorm = 52.6451, GNorm = 2.4283, lr_0 = 4.3601e-04
Loss = 1.4224e-01, PNorm = 52.6548, GNorm = 1.7882, lr_0 = 4.3624e-04
Loss = 1.2135e-01, PNorm = 52.6640, GNorm = 1.6879, lr_0 = 4.3646e-04
Loss = 1.6825e-01, PNorm = 52.6749, GNorm = 3.7766, lr_0 = 4.3669e-04
Loss = 1.3627e-01, PNorm = 52.6864, GNorm = 2.4390, lr_0 = 4.3691e-04
Loss = 1.9349e-01, PNorm = 52.7001, GNorm = 4.2337, lr_0 = 4.3714e-04
Loss = 1.4706e-01, PNorm = 52.7192, GNorm = 2.1764, lr_0 = 4.3736e-04
Loss = 1.2862e-01, PNorm = 52.7321, GNorm = 1.9939, lr_0 = 4.3759e-04
Loss = 1.3912e-01, PNorm = 52.7468, GNorm = 1.5792, lr_0 = 4.3782e-04
Loss = 1.1754e-01, PNorm = 52.7611, GNorm = 1.8109, lr_0 = 4.3804e-04
Loss = 1.2571e-01, PNorm = 52.7721, GNorm = 1.2961, lr_0 = 4.3827e-04
Loss = 1.4956e-01, PNorm = 52.7817, GNorm = 1.4569, lr_0 = 4.3849e-04
Loss = 1.2453e-01, PNorm = 52.7934, GNorm = 2.5697, lr_0 = 4.3872e-04
Loss = 1.3510e-01, PNorm = 52.8051, GNorm = 2.0577, lr_0 = 4.3894e-04
Loss = 1.2406e-01, PNorm = 52.8136, GNorm = 2.0489, lr_0 = 4.3917e-04
Loss = 1.2498e-01, PNorm = 52.8237, GNorm = 1.9072, lr_0 = 4.3939e-04
Loss = 1.1419e-01, PNorm = 52.8306, GNorm = 2.2459, lr_0 = 4.3962e-04
Loss = 1.4709e-01, PNorm = 52.8410, GNorm = 1.2866, lr_0 = 4.3985e-04
Loss = 1.2723e-01, PNorm = 52.8539, GNorm = 1.9346, lr_0 = 4.4007e-04
Loss = 1.2153e-01, PNorm = 52.8617, GNorm = 1.4427, lr_0 = 4.4030e-04
Loss = 1.3773e-01, PNorm = 52.8729, GNorm = 1.3052, lr_0 = 4.4052e-04
Loss = 1.3039e-01, PNorm = 52.8849, GNorm = 1.7973, lr_0 = 4.4075e-04
Loss = 1.2147e-01, PNorm = 52.8989, GNorm = 3.4567, lr_0 = 4.4097e-04
Loss = 1.3181e-01, PNorm = 52.9124, GNorm = 1.4124, lr_0 = 4.4120e-04
Loss = 1.3358e-01, PNorm = 52.9254, GNorm = 1.5855, lr_0 = 4.4142e-04
Loss = 1.4509e-01, PNorm = 52.9391, GNorm = 1.8543, lr_0 = 4.4165e-04
Loss = 1.2552e-01, PNorm = 52.9547, GNorm = 1.4677, lr_0 = 4.4187e-04
Loss = 1.7443e-01, PNorm = 52.9683, GNorm = 1.4338, lr_0 = 4.4210e-04
Loss = 1.4008e-01, PNorm = 52.9828, GNorm = 1.9156, lr_0 = 4.4233e-04
Loss = 1.1271e-01, PNorm = 52.9941, GNorm = 1.3517, lr_0 = 4.4255e-04
Loss = 1.1756e-01, PNorm = 53.0023, GNorm = 4.5167, lr_0 = 4.4278e-04
Loss = 1.1124e-01, PNorm = 53.0102, GNorm = 1.7956, lr_0 = 4.4300e-04
Loss = 1.1480e-01, PNorm = 53.0210, GNorm = 1.8094, lr_0 = 4.4323e-04
Loss = 1.1952e-01, PNorm = 53.0322, GNorm = 1.0693, lr_0 = 4.4345e-04
Loss = 1.1798e-01, PNorm = 53.0439, GNorm = 1.4477, lr_0 = 4.4368e-04
Loss = 1.1240e-01, PNorm = 53.0518, GNorm = 3.2176, lr_0 = 4.4390e-04
Loss = 1.2755e-01, PNorm = 53.0610, GNorm = 1.0159, lr_0 = 4.4413e-04
Loss = 1.4390e-01, PNorm = 53.0716, GNorm = 2.9597, lr_0 = 4.4436e-04
Loss = 1.1369e-01, PNorm = 53.0820, GNorm = 2.3535, lr_0 = 4.4458e-04
Loss = 1.2747e-01, PNorm = 53.0914, GNorm = 0.9256, lr_0 = 4.4481e-04
Loss = 1.1539e-01, PNorm = 53.1007, GNorm = 2.3455, lr_0 = 4.4503e-04
Loss = 1.3889e-01, PNorm = 53.1099, GNorm = 3.0382, lr_0 = 4.4526e-04
Loss = 1.2757e-01, PNorm = 53.1203, GNorm = 1.6991, lr_0 = 4.4548e-04
Loss = 1.0539e-01, PNorm = 53.1302, GNorm = 2.2075, lr_0 = 4.4571e-04
Loss = 1.1263e-01, PNorm = 53.1394, GNorm = 1.2034, lr_0 = 4.4593e-04
Loss = 1.2405e-01, PNorm = 53.1498, GNorm = 1.0862, lr_0 = 4.4616e-04
Loss = 1.0508e-01, PNorm = 53.1611, GNorm = 1.1204, lr_0 = 4.4638e-04
Loss = 1.4266e-01, PNorm = 53.1692, GNorm = 1.2249, lr_0 = 4.4661e-04
Loss = 1.0530e-01, PNorm = 53.1769, GNorm = 1.4884, lr_0 = 4.4684e-04
Loss = 1.1365e-01, PNorm = 53.1861, GNorm = 2.9821, lr_0 = 4.4706e-04
Loss = 1.0592e-01, PNorm = 53.1970, GNorm = 1.1093, lr_0 = 4.4729e-04
Loss = 1.1967e-01, PNorm = 53.2065, GNorm = 2.0642, lr_0 = 4.4751e-04
Loss = 1.1537e-01, PNorm = 53.2160, GNorm = 2.0814, lr_0 = 4.4774e-04
Loss = 1.2255e-01, PNorm = 53.2241, GNorm = 1.7849, lr_0 = 4.4796e-04
Loss = 1.2173e-01, PNorm = 53.2324, GNorm = 2.7651, lr_0 = 4.4819e-04
Loss = 1.0973e-01, PNorm = 53.2436, GNorm = 3.8242, lr_0 = 4.4841e-04
Loss = 1.1490e-01, PNorm = 53.2537, GNorm = 1.2383, lr_0 = 4.4864e-04
Loss = 1.0097e-01, PNorm = 53.2638, GNorm = 1.0823, lr_0 = 4.4887e-04
Loss = 1.0598e-01, PNorm = 53.2745, GNorm = 1.1625, lr_0 = 4.4909e-04
Loss = 1.2603e-01, PNorm = 53.2859, GNorm = 1.5972, lr_0 = 4.4932e-04
Loss = 1.0212e-01, PNorm = 53.2977, GNorm = 1.3232, lr_0 = 4.4954e-04
Loss = 1.2223e-01, PNorm = 53.3089, GNorm = 3.5500, lr_0 = 4.4977e-04
Loss = 1.0622e-01, PNorm = 53.3235, GNorm = 1.8927, lr_0 = 4.4999e-04
Loss = 1.2044e-01, PNorm = 53.3373, GNorm = 1.5035, lr_0 = 4.5022e-04
Loss = 1.1738e-01, PNorm = 53.3493, GNorm = 1.3139, lr_0 = 4.5044e-04
Loss = 1.0249e-01, PNorm = 53.3627, GNorm = 1.4005, lr_0 = 4.5067e-04
Loss = 1.2556e-01, PNorm = 53.3690, GNorm = 1.9188, lr_0 = 4.5089e-04
Loss = 1.0468e-01, PNorm = 53.3773, GNorm = 1.4387, lr_0 = 4.5112e-04
Loss = 1.0985e-01, PNorm = 53.3873, GNorm = 1.4307, lr_0 = 4.5135e-04
Loss = 1.0060e-01, PNorm = 53.3976, GNorm = 1.3365, lr_0 = 4.5157e-04
Loss = 9.9108e-02, PNorm = 53.4031, GNorm = 2.6967, lr_0 = 4.5180e-04
Loss = 1.1071e-01, PNorm = 53.4126, GNorm = 1.1700, lr_0 = 4.5202e-04
Loss = 9.9438e-02, PNorm = 53.4212, GNorm = 1.2866, lr_0 = 4.5225e-04
Loss = 9.4448e-02, PNorm = 53.4291, GNorm = 1.8040, lr_0 = 4.5247e-04
Loss = 1.2041e-01, PNorm = 53.4384, GNorm = 1.8874, lr_0 = 4.5270e-04
Loss = 1.0995e-01, PNorm = 53.4437, GNorm = 1.6134, lr_0 = 4.5292e-04
Loss = 1.0336e-01, PNorm = 53.4523, GNorm = 1.2777, lr_0 = 4.5315e-04
Loss = 1.5595e-01, PNorm = 53.4597, GNorm = 1.5671, lr_0 = 4.5337e-04
Loss = 1.2438e-01, PNorm = 53.4704, GNorm = 2.1897, lr_0 = 4.5360e-04
Loss = 1.2646e-01, PNorm = 53.4825, GNorm = 2.5791, lr_0 = 4.5383e-04
Loss = 1.0937e-01, PNorm = 53.4932, GNorm = 2.6398, lr_0 = 4.5405e-04
Loss = 1.2782e-01, PNorm = 53.5056, GNorm = 3.1100, lr_0 = 4.5428e-04
Loss = 1.4656e-01, PNorm = 53.5175, GNorm = 2.9076, lr_0 = 4.5450e-04
Loss = 1.1666e-01, PNorm = 53.5281, GNorm = 3.3507, lr_0 = 4.5473e-04
Loss = 1.2870e-01, PNorm = 53.5387, GNorm = 1.0611, lr_0 = 4.5495e-04
Loss = 1.1541e-01, PNorm = 53.5500, GNorm = 2.0277, lr_0 = 4.5518e-04
Loss = 1.2453e-01, PNorm = 53.5586, GNorm = 1.4939, lr_0 = 4.5540e-04
Loss = 1.1272e-01, PNorm = 53.5668, GNorm = 1.9807, lr_0 = 4.5563e-04
Loss = 1.1719e-01, PNorm = 53.5751, GNorm = 1.7109, lr_0 = 4.5586e-04
Loss = 1.2169e-01, PNorm = 53.5860, GNorm = 1.2749, lr_0 = 4.5608e-04
Loss = 1.0578e-01, PNorm = 53.5978, GNorm = 3.8199, lr_0 = 4.5631e-04
Loss = 1.0911e-01, PNorm = 53.6097, GNorm = 1.8536, lr_0 = 4.5653e-04
Loss = 1.1725e-01, PNorm = 53.6215, GNorm = 1.4689, lr_0 = 4.5676e-04
Loss = 1.3326e-01, PNorm = 53.6305, GNorm = 2.0706, lr_0 = 4.5698e-04
Loss = 1.2522e-01, PNorm = 53.6412, GNorm = 1.7268, lr_0 = 4.5721e-04
Loss = 1.3382e-01, PNorm = 53.6534, GNorm = 1.1913, lr_0 = 4.5743e-04
Loss = 1.0861e-01, PNorm = 53.6672, GNorm = 1.8399, lr_0 = 4.5766e-04
Loss = 1.0877e-01, PNorm = 53.6798, GNorm = 1.7946, lr_0 = 4.5788e-04
Loss = 1.0685e-01, PNorm = 53.6928, GNorm = 1.1580, lr_0 = 4.5811e-04
Loss = 1.1244e-01, PNorm = 53.7056, GNorm = 1.2644, lr_0 = 4.5834e-04
Loss = 9.8411e-02, PNorm = 53.7143, GNorm = 1.1531, lr_0 = 4.5856e-04
Loss = 1.0711e-01, PNorm = 53.7231, GNorm = 1.0879, lr_0 = 4.5879e-04
Loss = 1.0554e-01, PNorm = 53.7329, GNorm = 1.4778, lr_0 = 4.5901e-04
Loss = 1.0463e-01, PNorm = 53.7446, GNorm = 1.4734, lr_0 = 4.5924e-04
Loss = 1.3156e-01, PNorm = 53.7569, GNorm = 4.0985, lr_0 = 4.5946e-04
Loss = 1.0837e-01, PNorm = 53.7691, GNorm = 4.3113, lr_0 = 4.5969e-04
Loss = 9.1839e-02, PNorm = 53.7814, GNorm = 1.1886, lr_0 = 4.5991e-04
Loss = 1.1180e-01, PNorm = 53.7901, GNorm = 1.6702, lr_0 = 4.6014e-04
Loss = 9.4733e-02, PNorm = 53.7979, GNorm = 1.4301, lr_0 = 4.6037e-04
Loss = 9.5690e-02, PNorm = 53.8065, GNorm = 0.9416, lr_0 = 4.6059e-04
Loss = 1.1441e-01, PNorm = 53.8163, GNorm = 2.6371, lr_0 = 4.6082e-04
Loss = 1.1924e-01, PNorm = 53.8282, GNorm = 1.4288, lr_0 = 4.6104e-04
Loss = 9.4955e-02, PNorm = 53.8424, GNorm = 1.1404, lr_0 = 4.6127e-04
Loss = 9.4630e-02, PNorm = 53.8547, GNorm = 2.0102, lr_0 = 4.6149e-04
Loss = 1.0314e-01, PNorm = 53.8647, GNorm = 1.6127, lr_0 = 4.6172e-04
Loss = 9.1616e-02, PNorm = 53.8745, GNorm = 1.6074, lr_0 = 4.6194e-04
Loss = 1.2268e-01, PNorm = 53.8835, GNorm = 2.3277, lr_0 = 4.6217e-04
Loss = 1.1024e-01, PNorm = 53.8986, GNorm = 2.8778, lr_0 = 4.6239e-04
Loss = 1.0613e-01, PNorm = 53.9107, GNorm = 1.9325, lr_0 = 4.6262e-04
Loss = 1.1056e-01, PNorm = 53.9238, GNorm = 1.5028, lr_0 = 4.6285e-04
Loss = 1.0058e-01, PNorm = 53.9336, GNorm = 1.8129, lr_0 = 4.6307e-04
Loss = 1.1803e-01, PNorm = 53.9429, GNorm = 3.0203, lr_0 = 4.6330e-04
Loss = 9.4744e-02, PNorm = 53.9512, GNorm = 1.4536, lr_0 = 4.6352e-04
Loss = 1.0055e-01, PNorm = 53.9603, GNorm = 1.4030, lr_0 = 4.6375e-04
Loss = 1.0636e-01, PNorm = 53.9720, GNorm = 1.1528, lr_0 = 4.6397e-04
Loss = 1.1428e-01, PNorm = 53.9842, GNorm = 1.3549, lr_0 = 4.6420e-04
Loss = 9.6732e-02, PNorm = 53.9990, GNorm = 1.2319, lr_0 = 4.6442e-04
Loss = 1.1719e-01, PNorm = 54.0133, GNorm = 1.3462, lr_0 = 4.6465e-04
Loss = 1.4232e-01, PNorm = 54.0253, GNorm = 1.9158, lr_0 = 4.6488e-04
Loss = 1.0424e-01, PNorm = 54.0354, GNorm = 1.3577, lr_0 = 4.6510e-04
Loss = 1.1828e-01, PNorm = 54.0488, GNorm = 1.5916, lr_0 = 4.6533e-04
Loss = 1.2361e-01, PNorm = 54.0612, GNorm = 1.7806, lr_0 = 4.6555e-04
Loss = 1.1654e-01, PNorm = 54.0706, GNorm = 0.9830, lr_0 = 4.6578e-04
Loss = 1.1826e-01, PNorm = 54.0849, GNorm = 2.9642, lr_0 = 4.6600e-04
Loss = 9.5833e-02, PNorm = 54.0975, GNorm = 2.9642, lr_0 = 4.6623e-04
Loss = 9.6849e-02, PNorm = 54.1091, GNorm = 1.3011, lr_0 = 4.6645e-04
Loss = 1.0522e-01, PNorm = 54.1206, GNorm = 1.1419, lr_0 = 4.6668e-04
Loss = 1.1942e-01, PNorm = 54.1313, GNorm = 1.1653, lr_0 = 4.6690e-04
Loss = 1.1903e-01, PNorm = 54.1418, GNorm = 1.7964, lr_0 = 4.6713e-04
Loss = 1.3390e-01, PNorm = 54.1515, GNorm = 1.0520, lr_0 = 4.6736e-04
Loss = 1.4022e-01, PNorm = 54.1637, GNorm = 2.3914, lr_0 = 4.6758e-04
Loss = 1.2363e-01, PNorm = 54.1766, GNorm = 2.0586, lr_0 = 4.6781e-04
Loss = 1.2618e-01, PNorm = 54.1912, GNorm = 1.6950, lr_0 = 4.6803e-04
Loss = 1.5483e-01, PNorm = 54.2072, GNorm = 2.5896, lr_0 = 4.6826e-04
Loss = 1.6252e-01, PNorm = 54.2267, GNorm = 6.7368, lr_0 = 4.6848e-04
Loss = 1.3501e-01, PNorm = 54.2456, GNorm = 2.3765, lr_0 = 4.6871e-04
Loss = 1.2345e-01, PNorm = 54.2619, GNorm = 3.4373, lr_0 = 4.6893e-04
Loss = 1.1271e-01, PNorm = 54.2759, GNorm = 1.9855, lr_0 = 4.6916e-04
Loss = 1.4130e-01, PNorm = 54.2877, GNorm = 1.6438, lr_0 = 4.6939e-04
Loss = 1.1283e-01, PNorm = 54.2993, GNorm = 3.6986, lr_0 = 4.6961e-04
Loss = 1.0308e-01, PNorm = 54.3118, GNorm = 2.2122, lr_0 = 4.6984e-04
Loss = 1.1743e-01, PNorm = 54.3223, GNorm = 1.1743, lr_0 = 4.7006e-04
Loss = 1.4066e-01, PNorm = 54.3329, GNorm = 2.3028, lr_0 = 4.7029e-04
Loss = 1.1234e-01, PNorm = 54.3433, GNorm = 1.2730, lr_0 = 4.7051e-04
Loss = 1.1793e-01, PNorm = 54.3541, GNorm = 2.2427, lr_0 = 4.7074e-04
Loss = 1.0607e-01, PNorm = 54.3650, GNorm = 2.3217, lr_0 = 4.7096e-04
Loss = 1.0752e-01, PNorm = 54.3784, GNorm = 1.9840, lr_0 = 4.7119e-04
Loss = 9.5657e-02, PNorm = 54.3875, GNorm = 1.6398, lr_0 = 4.7141e-04
Loss = 1.0609e-01, PNorm = 54.3957, GNorm = 1.5831, lr_0 = 4.7164e-04
Loss = 1.1229e-01, PNorm = 54.4042, GNorm = 1.6239, lr_0 = 4.7187e-04
Loss = 1.0625e-01, PNorm = 54.4153, GNorm = 1.8892, lr_0 = 4.7209e-04
Loss = 9.7280e-02, PNorm = 54.4279, GNorm = 1.3313, lr_0 = 4.7232e-04
Loss = 1.1456e-01, PNorm = 54.4385, GNorm = 1.9793, lr_0 = 4.7254e-04
Loss = 9.5878e-02, PNorm = 54.4492, GNorm = 1.2253, lr_0 = 4.7277e-04
Loss = 1.0385e-01, PNorm = 54.4608, GNorm = 1.0679, lr_0 = 4.7299e-04
Loss = 1.0223e-01, PNorm = 54.4711, GNorm = 1.4990, lr_0 = 4.7322e-04
Loss = 1.0857e-01, PNorm = 54.4813, GNorm = 1.5053, lr_0 = 4.7344e-04
Loss = 1.1232e-01, PNorm = 54.4919, GNorm = 1.2746, lr_0 = 4.7367e-04
Loss = 1.1912e-01, PNorm = 54.5046, GNorm = 1.9026, lr_0 = 4.7390e-04
Loss = 1.0312e-01, PNorm = 54.5184, GNorm = 2.3038, lr_0 = 4.7412e-04
Loss = 1.0688e-01, PNorm = 54.5293, GNorm = 1.8615, lr_0 = 4.7435e-04
Loss = 1.2158e-01, PNorm = 54.5433, GNorm = 1.7861, lr_0 = 4.7457e-04
Loss = 1.2169e-01, PNorm = 54.5577, GNorm = 1.9928, lr_0 = 4.7480e-04
Loss = 1.1327e-01, PNorm = 54.5706, GNorm = 1.2540, lr_0 = 4.7502e-04
Loss = 1.1687e-01, PNorm = 54.5845, GNorm = 1.6089, lr_0 = 4.7525e-04
Loss = 9.7203e-02, PNorm = 54.5968, GNorm = 1.7986, lr_0 = 4.7547e-04
Loss = 1.1116e-01, PNorm = 54.6093, GNorm = 1.4246, lr_0 = 4.7570e-04
Loss = 1.1177e-01, PNorm = 54.6226, GNorm = 1.4766, lr_0 = 4.7592e-04
Loss = 1.1834e-01, PNorm = 54.6354, GNorm = 2.0993, lr_0 = 4.7615e-04
Loss = 1.1504e-01, PNorm = 54.6466, GNorm = 2.6733, lr_0 = 4.7638e-04
Loss = 1.1515e-01, PNorm = 54.6580, GNorm = 2.8739, lr_0 = 4.7660e-04
Loss = 9.4728e-02, PNorm = 54.6705, GNorm = 1.3565, lr_0 = 4.7683e-04
Loss = 1.0674e-01, PNorm = 54.6823, GNorm = 1.3584, lr_0 = 4.7705e-04
Loss = 1.1623e-01, PNorm = 54.6948, GNorm = 1.5316, lr_0 = 4.7728e-04
Loss = 1.0535e-01, PNorm = 54.7062, GNorm = 0.9269, lr_0 = 4.7750e-04
Loss = 1.2954e-01, PNorm = 54.7211, GNorm = 3.7023, lr_0 = 4.7773e-04
Loss = 1.1491e-01, PNorm = 54.7378, GNorm = 3.8068, lr_0 = 4.7795e-04
Loss = 1.2395e-01, PNorm = 54.7540, GNorm = 4.6044, lr_0 = 4.7818e-04
Loss = 1.0175e-01, PNorm = 54.7723, GNorm = 2.0274, lr_0 = 4.7840e-04
Loss = 1.4222e-01, PNorm = 54.7887, GNorm = 1.4955, lr_0 = 4.7863e-04
Loss = 1.1101e-01, PNorm = 54.8024, GNorm = 1.9268, lr_0 = 4.7886e-04
Loss = 1.0616e-01, PNorm = 54.8106, GNorm = 1.4331, lr_0 = 4.7908e-04
Loss = 1.1965e-01, PNorm = 54.8188, GNorm = 1.5185, lr_0 = 4.7931e-04
Loss = 1.0494e-01, PNorm = 54.8297, GNorm = 1.3148, lr_0 = 4.7953e-04
Loss = 1.1648e-01, PNorm = 54.8408, GNorm = 2.2643, lr_0 = 4.7976e-04
Loss = 9.8482e-02, PNorm = 54.8538, GNorm = 1.2207, lr_0 = 4.7998e-04
Loss = 1.0225e-01, PNorm = 54.8652, GNorm = 1.1650, lr_0 = 4.8021e-04
Loss = 9.4469e-02, PNorm = 54.8779, GNorm = 2.2542, lr_0 = 4.8043e-04
Loss = 9.4458e-02, PNorm = 54.8884, GNorm = 1.1302, lr_0 = 4.8066e-04
Loss = 1.1363e-01, PNorm = 54.8993, GNorm = 1.1063, lr_0 = 4.8089e-04
Loss = 1.1072e-01, PNorm = 54.9119, GNorm = 1.2347, lr_0 = 4.8111e-04
Loss = 1.1350e-01, PNorm = 54.9278, GNorm = 1.4297, lr_0 = 4.8134e-04
Loss = 9.3224e-02, PNorm = 54.9437, GNorm = 1.5652, lr_0 = 4.8156e-04
Loss = 1.0273e-01, PNorm = 54.9563, GNorm = 0.8998, lr_0 = 4.8179e-04
Loss = 9.8488e-02, PNorm = 54.9683, GNorm = 1.7102, lr_0 = 4.8201e-04
Loss = 1.1583e-01, PNorm = 54.9783, GNorm = 1.7580, lr_0 = 4.8224e-04
Loss = 1.0207e-01, PNorm = 54.9900, GNorm = 2.3098, lr_0 = 4.8246e-04
Loss = 1.0156e-01, PNorm = 54.9977, GNorm = 1.0098, lr_0 = 4.8269e-04
Loss = 8.5006e-02, PNorm = 55.0083, GNorm = 1.6917, lr_0 = 4.8291e-04
Loss = 1.0433e-01, PNorm = 55.0205, GNorm = 3.6811, lr_0 = 4.8314e-04
Loss = 1.5288e-01, PNorm = 55.0356, GNorm = 1.5529, lr_0 = 4.8337e-04
Loss = 1.4046e-01, PNorm = 55.0517, GNorm = 1.2088, lr_0 = 4.8359e-04
Loss = 1.1410e-01, PNorm = 55.0671, GNorm = 1.6861, lr_0 = 4.8382e-04
Loss = 1.1897e-01, PNorm = 55.0829, GNorm = 1.8649, lr_0 = 4.8404e-04
Loss = 9.4700e-02, PNorm = 55.0946, GNorm = 1.3275, lr_0 = 4.8427e-04
Loss = 1.1278e-01, PNorm = 55.1015, GNorm = 1.9710, lr_0 = 4.8449e-04
Loss = 1.2050e-01, PNorm = 55.1143, GNorm = 2.0726, lr_0 = 4.8472e-04
Loss = 9.5406e-02, PNorm = 55.1242, GNorm = 1.0812, lr_0 = 4.8494e-04
Loss = 1.1070e-01, PNorm = 55.1344, GNorm = 1.5176, lr_0 = 4.8517e-04
Loss = 1.0096e-01, PNorm = 55.1473, GNorm = 1.9600, lr_0 = 4.8540e-04
Loss = 1.1221e-01, PNorm = 55.1592, GNorm = 1.2518, lr_0 = 4.8562e-04
Loss = 9.1450e-02, PNorm = 55.1696, GNorm = 1.1475, lr_0 = 4.8585e-04
Loss = 1.1479e-01, PNorm = 55.1802, GNorm = 1.1340, lr_0 = 4.8607e-04
Loss = 9.7304e-02, PNorm = 55.1960, GNorm = 1.4685, lr_0 = 4.8630e-04
Loss = 1.0015e-01, PNorm = 55.2107, GNorm = 1.3582, lr_0 = 4.8652e-04
Loss = 9.6168e-02, PNorm = 55.2217, GNorm = 0.9065, lr_0 = 4.8675e-04
Loss = 9.0358e-02, PNorm = 55.2313, GNorm = 2.5063, lr_0 = 4.8697e-04
Loss = 1.0143e-01, PNorm = 55.2392, GNorm = 1.7129, lr_0 = 4.8720e-04
Loss = 8.0779e-02, PNorm = 55.2502, GNorm = 1.1354, lr_0 = 4.8742e-04
Loss = 8.3855e-02, PNorm = 55.2592, GNorm = 1.6737, lr_0 = 4.8765e-04
Loss = 1.0945e-01, PNorm = 55.2709, GNorm = 1.9660, lr_0 = 4.8788e-04
Loss = 1.0236e-01, PNorm = 55.2813, GNorm = 1.9627, lr_0 = 4.8810e-04
Loss = 8.4932e-02, PNorm = 55.2910, GNorm = 2.4519, lr_0 = 4.8833e-04
Loss = 1.1545e-01, PNorm = 55.3035, GNorm = 1.2129, lr_0 = 4.8855e-04
Loss = 1.1485e-01, PNorm = 55.3141, GNorm = 1.5905, lr_0 = 4.8878e-04
Loss = 1.0770e-01, PNorm = 55.3235, GNorm = 0.6369, lr_0 = 4.8900e-04
Loss = 8.0769e-02, PNorm = 55.3334, GNorm = 0.9114, lr_0 = 4.8923e-04
Loss = 9.9600e-02, PNorm = 55.3435, GNorm = 1.1056, lr_0 = 4.8945e-04
Loss = 1.0814e-01, PNorm = 55.3536, GNorm = 1.2985, lr_0 = 4.8968e-04
Loss = 7.7772e-02, PNorm = 55.3660, GNorm = 1.5787, lr_0 = 4.8991e-04
Loss = 9.6361e-02, PNorm = 55.3775, GNorm = 1.1322, lr_0 = 4.9013e-04
Loss = 9.0516e-02, PNorm = 55.3874, GNorm = 2.1780, lr_0 = 4.9036e-04
Loss = 1.0424e-01, PNorm = 55.4005, GNorm = 0.9634, lr_0 = 4.9058e-04
Loss = 1.0098e-01, PNorm = 55.4148, GNorm = 2.1614, lr_0 = 4.9081e-04
Loss = 1.0086e-01, PNorm = 55.4261, GNorm = 2.0943, lr_0 = 4.9103e-04
Loss = 1.1142e-01, PNorm = 55.4392, GNorm = 1.5649, lr_0 = 4.9126e-04
Loss = 1.0474e-01, PNorm = 55.4539, GNorm = 0.8682, lr_0 = 4.9148e-04
Loss = 1.0732e-01, PNorm = 55.4680, GNorm = 1.2997, lr_0 = 4.9171e-04
Loss = 9.2264e-02, PNorm = 55.4797, GNorm = 1.1919, lr_0 = 4.9193e-04
Loss = 9.2958e-02, PNorm = 55.4902, GNorm = 1.6420, lr_0 = 4.9216e-04
Loss = 9.2086e-02, PNorm = 55.5015, GNorm = 2.5923, lr_0 = 4.9239e-04
Loss = 9.8521e-02, PNorm = 55.5139, GNorm = 1.4234, lr_0 = 4.9261e-04
Loss = 9.7894e-02, PNorm = 55.5236, GNorm = 2.1039, lr_0 = 4.9284e-04
Loss = 1.0032e-01, PNorm = 55.5341, GNorm = 2.8348, lr_0 = 4.9306e-04
Loss = 9.6230e-02, PNorm = 55.5413, GNorm = 1.2279, lr_0 = 4.9329e-04
Loss = 1.1192e-01, PNorm = 55.5537, GNorm = 3.1399, lr_0 = 4.9351e-04
Loss = 8.1444e-02, PNorm = 55.5655, GNorm = 1.4862, lr_0 = 4.9374e-04
Loss = 1.2629e-01, PNorm = 55.5767, GNorm = 1.0289, lr_0 = 4.9396e-04
Loss = 8.7065e-02, PNorm = 55.5889, GNorm = 2.2064, lr_0 = 4.9419e-04
Loss = 1.1138e-01, PNorm = 55.6000, GNorm = 2.3835, lr_0 = 4.9442e-04
Loss = 8.5013e-02, PNorm = 55.6114, GNorm = 1.3506, lr_0 = 4.9464e-04
Loss = 9.0831e-02, PNorm = 55.6236, GNorm = 1.8788, lr_0 = 4.9487e-04
Loss = 1.0307e-01, PNorm = 55.6370, GNorm = 1.6362, lr_0 = 4.9509e-04
Loss = 9.0309e-02, PNorm = 55.6507, GNorm = 2.2598, lr_0 = 4.9532e-04
Loss = 1.1706e-01, PNorm = 55.6637, GNorm = 1.2769, lr_0 = 4.9554e-04
Loss = 9.6875e-02, PNorm = 55.6752, GNorm = 2.3265, lr_0 = 4.9577e-04
Loss = 9.6767e-02, PNorm = 55.6878, GNorm = 1.1006, lr_0 = 4.9599e-04
Loss = 1.0042e-01, PNorm = 55.6967, GNorm = 1.3568, lr_0 = 4.9622e-04
Loss = 1.0380e-01, PNorm = 55.7066, GNorm = 1.6349, lr_0 = 4.9644e-04
Loss = 1.1374e-01, PNorm = 55.7197, GNorm = 1.5726, lr_0 = 4.9667e-04
Loss = 8.5092e-02, PNorm = 55.7371, GNorm = 1.4254, lr_0 = 4.9690e-04
Loss = 1.0126e-01, PNorm = 55.7505, GNorm = 1.7736, lr_0 = 4.9712e-04
Loss = 8.4280e-02, PNorm = 55.7650, GNorm = 1.5014, lr_0 = 4.9735e-04
Loss = 9.8324e-02, PNorm = 55.7817, GNorm = 2.4843, lr_0 = 4.9757e-04
Loss = 1.1272e-01, PNorm = 55.7962, GNorm = 1.9972, lr_0 = 4.9780e-04
Loss = 1.1735e-01, PNorm = 55.8104, GNorm = 2.9087, lr_0 = 4.9802e-04
Loss = 1.2991e-01, PNorm = 55.8252, GNorm = 3.8247, lr_0 = 4.9825e-04
Loss = 1.1181e-01, PNorm = 55.8424, GNorm = 2.2646, lr_0 = 4.9847e-04
Loss = 1.0521e-01, PNorm = 55.8603, GNorm = 2.3408, lr_0 = 4.9870e-04
Loss = 1.0206e-01, PNorm = 55.8734, GNorm = 1.0111, lr_0 = 4.9893e-04
Loss = 1.0005e-01, PNorm = 55.8832, GNorm = 0.8083, lr_0 = 4.9915e-04
Loss = 9.8056e-02, PNorm = 55.8949, GNorm = 2.6580, lr_0 = 4.9938e-04
Loss = 8.9462e-02, PNorm = 55.9072, GNorm = 1.5035, lr_0 = 4.9960e-04
Loss = 9.4166e-02, PNorm = 55.9211, GNorm = 1.1221, lr_0 = 4.9983e-04
Loss = 7.6015e-02, PNorm = 55.9353, GNorm = 1.0969, lr_0 = 5.0005e-04
Loss = 8.6997e-02, PNorm = 55.9454, GNorm = 1.2870, lr_0 = 5.0028e-04
Loss = 9.7252e-02, PNorm = 55.9584, GNorm = 1.5779, lr_0 = 5.0050e-04
Loss = 9.3602e-02, PNorm = 55.9681, GNorm = 1.5039, lr_0 = 5.0073e-04
Loss = 8.3739e-02, PNorm = 55.9793, GNorm = 1.0259, lr_0 = 5.0095e-04
Loss = 8.4719e-02, PNorm = 55.9896, GNorm = 1.5325, lr_0 = 5.0118e-04
Loss = 7.6745e-02, PNorm = 55.9997, GNorm = 0.9514, lr_0 = 5.0141e-04
Loss = 1.0892e-01, PNorm = 56.0086, GNorm = 2.3402, lr_0 = 5.0163e-04
Loss = 7.8572e-02, PNorm = 56.0188, GNorm = 0.7768, lr_0 = 5.0186e-04
Loss = 9.1531e-02, PNorm = 56.0291, GNorm = 1.5458, lr_0 = 5.0208e-04
Loss = 1.0060e-01, PNorm = 56.0406, GNorm = 0.8563, lr_0 = 5.0231e-04
Loss = 1.0041e-01, PNorm = 56.0534, GNorm = 1.7961, lr_0 = 5.0253e-04
Loss = 9.5441e-02, PNorm = 56.0672, GNorm = 1.0028, lr_0 = 5.0276e-04
Loss = 1.1525e-01, PNorm = 56.0761, GNorm = 0.8232, lr_0 = 5.0298e-04
Loss = 9.5879e-02, PNorm = 56.0874, GNorm = 1.0883, lr_0 = 5.0321e-04
Loss = 9.6516e-02, PNorm = 56.1001, GNorm = 2.2452, lr_0 = 5.0344e-04
Loss = 1.0482e-01, PNorm = 56.1172, GNorm = 1.1482, lr_0 = 5.0366e-04
Loss = 8.6666e-02, PNorm = 56.1301, GNorm = 1.2564, lr_0 = 5.0389e-04
Loss = 9.8254e-02, PNorm = 56.1392, GNorm = 1.0043, lr_0 = 5.0411e-04
Loss = 9.7235e-02, PNorm = 56.1474, GNorm = 1.1909, lr_0 = 5.0434e-04
Loss = 8.4671e-02, PNorm = 56.1610, GNorm = 1.5204, lr_0 = 5.0456e-04
Loss = 9.3824e-02, PNorm = 56.1734, GNorm = 2.0122, lr_0 = 5.0479e-04
Loss = 1.1500e-01, PNorm = 56.1832, GNorm = 1.2498, lr_0 = 5.0501e-04
Loss = 1.1485e-01, PNorm = 56.1976, GNorm = 0.9932, lr_0 = 5.0524e-04
Loss = 9.1824e-02, PNorm = 56.2102, GNorm = 1.0148, lr_0 = 5.0546e-04
Loss = 1.1371e-01, PNorm = 56.2247, GNorm = 1.6276, lr_0 = 5.0569e-04
Loss = 1.0340e-01, PNorm = 56.2412, GNorm = 1.2321, lr_0 = 5.0592e-04
Loss = 9.8362e-02, PNorm = 56.2531, GNorm = 1.2977, lr_0 = 5.0614e-04
Loss = 9.6159e-02, PNorm = 56.2659, GNorm = 1.4397, lr_0 = 5.0637e-04
Loss = 1.0396e-01, PNorm = 56.2797, GNorm = 1.8157, lr_0 = 5.0659e-04
Loss = 1.0610e-01, PNorm = 56.2942, GNorm = 2.0528, lr_0 = 5.0682e-04
Loss = 1.0420e-01, PNorm = 56.3143, GNorm = 1.5194, lr_0 = 5.0704e-04
Loss = 1.0547e-01, PNorm = 56.3320, GNorm = 1.0207, lr_0 = 5.0727e-04
Loss = 9.2173e-02, PNorm = 56.3482, GNorm = 1.1083, lr_0 = 5.0749e-04
Loss = 1.1766e-01, PNorm = 56.3603, GNorm = 2.8580, lr_0 = 5.0772e-04
Loss = 1.0493e-01, PNorm = 56.3770, GNorm = 1.5534, lr_0 = 5.0794e-04
Loss = 1.0847e-01, PNorm = 56.3933, GNorm = 1.4112, lr_0 = 5.0817e-04
Loss = 1.1648e-01, PNorm = 56.4110, GNorm = 1.5828, lr_0 = 5.0840e-04
Loss = 9.7941e-02, PNorm = 56.4265, GNorm = 1.4034, lr_0 = 5.0862e-04
Loss = 8.2421e-02, PNorm = 56.4406, GNorm = 1.8302, lr_0 = 5.0885e-04
Loss = 1.0396e-01, PNorm = 56.4558, GNorm = 1.7175, lr_0 = 5.0907e-04
Loss = 7.7409e-02, PNorm = 56.4724, GNorm = 0.9624, lr_0 = 5.0930e-04
Loss = 8.3124e-02, PNorm = 56.4826, GNorm = 1.2613, lr_0 = 5.0952e-04
Loss = 1.0048e-01, PNorm = 56.4918, GNorm = 1.2059, lr_0 = 5.0975e-04
Loss = 9.9683e-02, PNorm = 56.5035, GNorm = 0.9944, lr_0 = 5.0997e-04
Loss = 8.9217e-02, PNorm = 56.5159, GNorm = 0.7167, lr_0 = 5.1020e-04
Loss = 1.0480e-01, PNorm = 56.5263, GNorm = 2.2815, lr_0 = 5.1043e-04
Loss = 9.5170e-02, PNorm = 56.5372, GNorm = 2.0828, lr_0 = 5.1065e-04
Loss = 1.0125e-01, PNorm = 56.5495, GNorm = 2.3324, lr_0 = 5.1088e-04
Loss = 9.0084e-02, PNorm = 56.5626, GNorm = 2.3047, lr_0 = 5.1110e-04
Loss = 8.7026e-02, PNorm = 56.5768, GNorm = 1.1435, lr_0 = 5.1133e-04
Loss = 1.0555e-01, PNorm = 56.5938, GNorm = 1.5282, lr_0 = 5.1155e-04
Loss = 9.3892e-02, PNorm = 56.6070, GNorm = 1.3746, lr_0 = 5.1178e-04
Loss = 7.9544e-02, PNorm = 56.6194, GNorm = 0.7187, lr_0 = 5.1200e-04
Loss = 1.0007e-01, PNorm = 56.6309, GNorm = 1.7695, lr_0 = 5.1223e-04
Loss = 7.8717e-02, PNorm = 56.6425, GNorm = 2.0444, lr_0 = 5.1245e-04
Loss = 1.2641e-01, PNorm = 56.6540, GNorm = 1.0307, lr_0 = 5.1268e-04
Loss = 1.1075e-01, PNorm = 56.6685, GNorm = 1.0944, lr_0 = 5.1291e-04
Loss = 9.8562e-02, PNorm = 56.6827, GNorm = 1.7720, lr_0 = 5.1313e-04
Loss = 1.0978e-01, PNorm = 56.6951, GNorm = 1.5495, lr_0 = 5.1336e-04
Loss = 1.1122e-01, PNorm = 56.7068, GNorm = 1.0243, lr_0 = 5.1358e-04
Loss = 1.2931e-01, PNorm = 56.7206, GNorm = 1.1745, lr_0 = 5.1381e-04
Loss = 9.6349e-02, PNorm = 56.7372, GNorm = 3.4677, lr_0 = 5.1403e-04
Loss = 1.0774e-01, PNorm = 56.7502, GNorm = 1.8445, lr_0 = 5.1426e-04
Loss = 1.0421e-01, PNorm = 56.7643, GNorm = 1.0705, lr_0 = 5.1448e-04
Loss = 1.1129e-01, PNorm = 56.7801, GNorm = 1.4366, lr_0 = 5.1471e-04
Loss = 1.1371e-01, PNorm = 56.7972, GNorm = 1.5796, lr_0 = 5.1494e-04
Loss = 1.1332e-01, PNorm = 56.8123, GNorm = 1.3261, lr_0 = 5.1516e-04
Loss = 9.8955e-02, PNorm = 56.8284, GNorm = 1.2506, lr_0 = 5.1539e-04
Loss = 1.1653e-01, PNorm = 56.8415, GNorm = 1.6327, lr_0 = 5.1561e-04
Loss = 8.1430e-02, PNorm = 56.8529, GNorm = 1.1803, lr_0 = 5.1584e-04
Loss = 9.3508e-02, PNorm = 56.8679, GNorm = 1.7643, lr_0 = 5.1606e-04
Loss = 9.3216e-02, PNorm = 56.8847, GNorm = 1.2929, lr_0 = 5.1629e-04
Loss = 8.7399e-02, PNorm = 56.8992, GNorm = 1.4998, lr_0 = 5.1651e-04
Loss = 9.9256e-02, PNorm = 56.9117, GNorm = 0.9501, lr_0 = 5.1674e-04
Loss = 9.7664e-02, PNorm = 56.9243, GNorm = 1.0638, lr_0 = 5.1696e-04
Loss = 9.1708e-02, PNorm = 56.9382, GNorm = 1.2781, lr_0 = 5.1719e-04
Loss = 9.1242e-02, PNorm = 56.9494, GNorm = 1.3156, lr_0 = 5.1742e-04
Loss = 1.0818e-01, PNorm = 56.9593, GNorm = 1.2300, lr_0 = 5.1764e-04
Loss = 8.9856e-02, PNorm = 56.9713, GNorm = 2.4917, lr_0 = 5.1787e-04
Loss = 9.3054e-02, PNorm = 56.9880, GNorm = 1.3198, lr_0 = 5.1809e-04
Loss = 8.7345e-02, PNorm = 57.0030, GNorm = 1.3986, lr_0 = 5.1832e-04
Loss = 1.1023e-01, PNorm = 57.0198, GNorm = 2.8865, lr_0 = 5.1854e-04
Loss = 8.9896e-02, PNorm = 57.0385, GNorm = 1.2991, lr_0 = 5.1877e-04
Loss = 9.2125e-02, PNorm = 57.0520, GNorm = 0.8514, lr_0 = 5.1899e-04
Loss = 9.2780e-02, PNorm = 57.0631, GNorm = 0.9118, lr_0 = 5.1922e-04
Loss = 9.6600e-02, PNorm = 57.0775, GNorm = 0.9201, lr_0 = 5.1945e-04
Loss = 8.9269e-02, PNorm = 57.0918, GNorm = 1.5818, lr_0 = 5.1967e-04
Loss = 9.0565e-02, PNorm = 57.1039, GNorm = 1.8959, lr_0 = 5.1990e-04
Loss = 9.9507e-02, PNorm = 57.1154, GNorm = 2.4315, lr_0 = 5.2012e-04
Loss = 8.7531e-02, PNorm = 57.1275, GNorm = 1.1302, lr_0 = 5.2035e-04
Loss = 1.0102e-01, PNorm = 57.1392, GNorm = 1.2515, lr_0 = 5.2057e-04
Loss = 8.6327e-02, PNorm = 57.1507, GNorm = 1.5991, lr_0 = 5.2080e-04
Loss = 7.7104e-02, PNorm = 57.1591, GNorm = 1.3934, lr_0 = 5.2102e-04
Loss = 8.5398e-02, PNorm = 57.1696, GNorm = 1.3255, lr_0 = 5.2125e-04
Loss = 8.3068e-02, PNorm = 57.1784, GNorm = 0.9583, lr_0 = 5.2147e-04
Loss = 9.8679e-02, PNorm = 57.1919, GNorm = 1.6636, lr_0 = 5.2170e-04
Loss = 1.0869e-01, PNorm = 57.2055, GNorm = 0.9259, lr_0 = 5.2193e-04
Loss = 8.8369e-02, PNorm = 57.2185, GNorm = 1.3618, lr_0 = 5.2215e-04
Loss = 8.2204e-02, PNorm = 57.2325, GNorm = 0.8328, lr_0 = 5.2238e-04
Loss = 8.1875e-02, PNorm = 57.2474, GNorm = 0.9277, lr_0 = 5.2260e-04
Loss = 8.7033e-02, PNorm = 57.2606, GNorm = 1.2910, lr_0 = 5.2283e-04
Loss = 7.8014e-02, PNorm = 57.2727, GNorm = 1.1617, lr_0 = 5.2305e-04
Loss = 8.3152e-02, PNorm = 57.2837, GNorm = 1.3010, lr_0 = 5.2328e-04
Loss = 1.0064e-01, PNorm = 57.2960, GNorm = 1.7320, lr_0 = 5.2350e-04
Loss = 8.1926e-02, PNorm = 57.3095, GNorm = 1.6690, lr_0 = 5.2373e-04
Loss = 8.1455e-02, PNorm = 57.3221, GNorm = 0.9273, lr_0 = 5.2396e-04
Loss = 8.8843e-02, PNorm = 57.3359, GNorm = 1.4378, lr_0 = 5.2418e-04
Loss = 8.5137e-02, PNorm = 57.3469, GNorm = 0.9587, lr_0 = 5.2441e-04
Loss = 8.9723e-02, PNorm = 57.3582, GNorm = 1.6386, lr_0 = 5.2463e-04
Loss = 1.0621e-01, PNorm = 57.3734, GNorm = 1.3223, lr_0 = 5.2486e-04
Loss = 1.0000e-01, PNorm = 57.3872, GNorm = 1.3661, lr_0 = 5.2508e-04
Loss = 7.7109e-02, PNorm = 57.4006, GNorm = 0.8968, lr_0 = 5.2531e-04
Loss = 9.9772e-02, PNorm = 57.4121, GNorm = 1.3335, lr_0 = 5.2553e-04
Loss = 8.2273e-02, PNorm = 57.4242, GNorm = 2.6526, lr_0 = 5.2576e-04
Loss = 9.1262e-02, PNorm = 57.4360, GNorm = 1.0725, lr_0 = 5.2598e-04
Loss = 8.6041e-02, PNorm = 57.4501, GNorm = 1.0168, lr_0 = 5.2621e-04
Loss = 9.3454e-02, PNorm = 57.4638, GNorm = 1.0548, lr_0 = 5.2644e-04
Loss = 8.5743e-02, PNorm = 57.4775, GNorm = 1.4427, lr_0 = 5.2666e-04
Loss = 1.0121e-01, PNorm = 57.4915, GNorm = 1.3201, lr_0 = 5.2689e-04
Loss = 1.0697e-01, PNorm = 57.5089, GNorm = 2.0506, lr_0 = 5.2711e-04
Loss = 1.0286e-01, PNorm = 57.5227, GNorm = 2.0001, lr_0 = 5.2734e-04
Loss = 9.4050e-02, PNorm = 57.5368, GNorm = 1.6348, lr_0 = 5.2756e-04
Loss = 9.3443e-02, PNorm = 57.5522, GNorm = 1.2237, lr_0 = 5.2779e-04
Loss = 8.4686e-02, PNorm = 57.5680, GNorm = 2.1120, lr_0 = 5.2801e-04
Loss = 8.2435e-02, PNorm = 57.5820, GNorm = 1.7839, lr_0 = 5.2824e-04
Loss = 8.4065e-02, PNorm = 57.5956, GNorm = 1.2936, lr_0 = 5.2847e-04
Loss = 8.8793e-02, PNorm = 57.6080, GNorm = 2.0199, lr_0 = 5.2869e-04
Loss = 8.8716e-02, PNorm = 57.6221, GNorm = 2.2647, lr_0 = 5.2892e-04
Loss = 8.3087e-02, PNorm = 57.6374, GNorm = 0.9331, lr_0 = 5.2914e-04
Loss = 7.9929e-02, PNorm = 57.6518, GNorm = 1.3184, lr_0 = 5.2937e-04
Loss = 9.9328e-02, PNorm = 57.6614, GNorm = 1.4882, lr_0 = 5.2959e-04
Loss = 8.9248e-02, PNorm = 57.6743, GNorm = 1.0975, lr_0 = 5.2982e-04
Loss = 8.0114e-02, PNorm = 57.6888, GNorm = 0.9389, lr_0 = 5.3004e-04
Loss = 8.4698e-02, PNorm = 57.7015, GNorm = 1.2764, lr_0 = 5.3027e-04
Loss = 9.3554e-02, PNorm = 57.7118, GNorm = 1.9443, lr_0 = 5.3049e-04
Loss = 7.7504e-02, PNorm = 57.7233, GNorm = 1.6062, lr_0 = 5.3072e-04
Loss = 7.3540e-02, PNorm = 57.7392, GNorm = 1.0407, lr_0 = 5.3095e-04
Loss = 1.0248e-01, PNorm = 57.7539, GNorm = 1.7793, lr_0 = 5.3117e-04
Loss = 1.1628e-01, PNorm = 57.7674, GNorm = 2.1062, lr_0 = 5.3140e-04
Loss = 1.0163e-01, PNorm = 57.7817, GNorm = 0.9804, lr_0 = 5.3162e-04
Loss = 1.0637e-01, PNorm = 57.7977, GNorm = 0.9732, lr_0 = 5.3185e-04
Loss = 8.4030e-02, PNorm = 57.8138, GNorm = 1.3388, lr_0 = 5.3207e-04
Loss = 1.0232e-01, PNorm = 57.8295, GNorm = 0.9442, lr_0 = 5.3230e-04
Loss = 8.8359e-02, PNorm = 57.8442, GNorm = 1.4438, lr_0 = 5.3252e-04
Loss = 9.9788e-02, PNorm = 57.8576, GNorm = 8.9199, lr_0 = 5.3275e-04
Loss = 9.5012e-02, PNorm = 57.8725, GNorm = 1.3654, lr_0 = 5.3298e-04
Loss = 1.0730e-01, PNorm = 57.8873, GNorm = 1.5612, lr_0 = 5.3320e-04
Loss = 9.8251e-02, PNorm = 57.9027, GNorm = 0.8819, lr_0 = 5.3343e-04
Loss = 1.1326e-01, PNorm = 57.9182, GNorm = 1.9530, lr_0 = 5.3365e-04
Loss = 1.1483e-01, PNorm = 57.9320, GNorm = 1.5846, lr_0 = 5.3388e-04
Loss = 8.9700e-02, PNorm = 57.9471, GNorm = 1.6171, lr_0 = 5.3410e-04
Loss = 8.0888e-02, PNorm = 57.9630, GNorm = 1.5574, lr_0 = 5.3433e-04
Loss = 9.9223e-02, PNorm = 57.9795, GNorm = 1.1493, lr_0 = 5.3455e-04
Loss = 1.0282e-01, PNorm = 57.9939, GNorm = 1.3409, lr_0 = 5.3478e-04
Loss = 9.5088e-02, PNorm = 58.0089, GNorm = 1.5021, lr_0 = 5.3500e-04
Loss = 8.3247e-02, PNorm = 58.0241, GNorm = 0.9119, lr_0 = 5.3523e-04
Loss = 9.3261e-02, PNorm = 58.0374, GNorm = 1.8513, lr_0 = 5.3546e-04
Loss = 9.3754e-02, PNorm = 58.0510, GNorm = 1.2061, lr_0 = 5.3568e-04
Loss = 1.1364e-01, PNorm = 58.0635, GNorm = 1.6010, lr_0 = 5.3591e-04
Loss = 1.2690e-01, PNorm = 58.0799, GNorm = 1.6582, lr_0 = 5.3613e-04
Loss = 1.1241e-01, PNorm = 58.0959, GNorm = 1.0771, lr_0 = 5.3636e-04
Loss = 8.8825e-02, PNorm = 58.1088, GNorm = 2.0254, lr_0 = 5.3658e-04
Loss = 8.4081e-02, PNorm = 58.1224, GNorm = 2.1507, lr_0 = 5.3681e-04
Loss = 8.0559e-02, PNorm = 58.1382, GNorm = 1.1247, lr_0 = 5.3703e-04
Loss = 9.6199e-02, PNorm = 58.1551, GNorm = 1.4090, lr_0 = 5.3726e-04
Loss = 1.2621e-01, PNorm = 58.1717, GNorm = 1.4023, lr_0 = 5.3748e-04
Loss = 1.0210e-01, PNorm = 58.1932, GNorm = 1.9631, lr_0 = 5.3771e-04
Loss = 1.0017e-01, PNorm = 58.2113, GNorm = 1.2341, lr_0 = 5.3794e-04
Loss = 1.0068e-01, PNorm = 58.2282, GNorm = 0.7886, lr_0 = 5.3816e-04
Loss = 1.2365e-01, PNorm = 58.2418, GNorm = 1.2549, lr_0 = 5.3839e-04
Loss = 1.0116e-01, PNorm = 58.2589, GNorm = 1.2329, lr_0 = 5.3861e-04
Loss = 1.0664e-01, PNorm = 58.2751, GNorm = 1.8617, lr_0 = 5.3884e-04
Loss = 1.1873e-01, PNorm = 58.2929, GNorm = 0.9479, lr_0 = 5.3906e-04
Loss = 9.7099e-02, PNorm = 58.3109, GNorm = 1.3434, lr_0 = 5.3929e-04
Loss = 1.1960e-01, PNorm = 58.3291, GNorm = 1.7055, lr_0 = 5.3951e-04
Loss = 9.1359e-02, PNorm = 58.3475, GNorm = 1.1553, lr_0 = 5.3974e-04
Loss = 7.5928e-02, PNorm = 58.3645, GNorm = 0.8962, lr_0 = 5.3997e-04
Loss = 1.1091e-01, PNorm = 58.3831, GNorm = 1.8838, lr_0 = 5.4019e-04
Loss = 8.9088e-02, PNorm = 58.3988, GNorm = 1.2249, lr_0 = 5.4042e-04
Loss = 9.9710e-02, PNorm = 58.4156, GNorm = 1.7332, lr_0 = 5.4064e-04
Loss = 7.7391e-02, PNorm = 58.4305, GNorm = 2.0484, lr_0 = 5.4087e-04
Loss = 9.2577e-02, PNorm = 58.4444, GNorm = 1.6604, lr_0 = 5.4109e-04
Loss = 8.6396e-02, PNorm = 58.4597, GNorm = 1.0263, lr_0 = 5.4132e-04
Loss = 1.0198e-01, PNorm = 58.4714, GNorm = 2.2542, lr_0 = 5.4154e-04
Loss = 1.0590e-01, PNorm = 58.4852, GNorm = 0.9259, lr_0 = 5.4177e-04
Loss = 8.6286e-02, PNorm = 58.5034, GNorm = 1.8864, lr_0 = 5.4199e-04
Loss = 8.6287e-02, PNorm = 58.5201, GNorm = 0.7379, lr_0 = 5.4222e-04
Loss = 7.8017e-02, PNorm = 58.5326, GNorm = 1.5437, lr_0 = 5.4245e-04
Loss = 9.2117e-02, PNorm = 58.5435, GNorm = 0.9614, lr_0 = 5.4267e-04
Loss = 9.5338e-02, PNorm = 58.5563, GNorm = 1.8848, lr_0 = 5.4290e-04
Loss = 9.1350e-02, PNorm = 58.5710, GNorm = 1.9527, lr_0 = 5.4312e-04
Loss = 9.6531e-02, PNorm = 58.5895, GNorm = 2.2780, lr_0 = 5.4335e-04
Loss = 9.0291e-02, PNorm = 58.6066, GNorm = 0.9816, lr_0 = 5.4357e-04
Loss = 7.5641e-02, PNorm = 58.6249, GNorm = 1.2071, lr_0 = 5.4380e-04
Loss = 7.5591e-02, PNorm = 58.6395, GNorm = 1.4375, lr_0 = 5.4402e-04
Loss = 8.6404e-02, PNorm = 58.6523, GNorm = 3.0255, lr_0 = 5.4425e-04
Loss = 8.2336e-02, PNorm = 58.6640, GNorm = 0.9461, lr_0 = 5.4448e-04
Loss = 7.0100e-02, PNorm = 58.6745, GNorm = 1.1059, lr_0 = 5.4470e-04
Loss = 8.2721e-02, PNorm = 58.6889, GNorm = 2.4256, lr_0 = 5.4493e-04
Loss = 6.8242e-02, PNorm = 58.7042, GNorm = 1.1706, lr_0 = 5.4515e-04
Loss = 7.4081e-02, PNorm = 58.7182, GNorm = 0.8718, lr_0 = 5.4538e-04
Loss = 8.0816e-02, PNorm = 58.7331, GNorm = 0.9603, lr_0 = 5.4560e-04
Loss = 7.5249e-02, PNorm = 58.7471, GNorm = 1.2560, lr_0 = 5.4583e-04
Loss = 8.0711e-02, PNorm = 58.7599, GNorm = 2.0036, lr_0 = 5.4605e-04
Loss = 7.8989e-02, PNorm = 58.7728, GNorm = 1.4636, lr_0 = 5.4628e-04
Loss = 9.1281e-02, PNorm = 58.7893, GNorm = 1.7857, lr_0 = 5.4650e-04
Loss = 7.5883e-02, PNorm = 58.8033, GNorm = 2.1962, lr_0 = 5.4673e-04
Loss = 9.0332e-02, PNorm = 58.8187, GNorm = 1.8568, lr_0 = 5.4696e-04
Loss = 1.0610e-01, PNorm = 58.8352, GNorm = 2.0166, lr_0 = 5.4718e-04
Loss = 1.0781e-01, PNorm = 58.8495, GNorm = 1.4062, lr_0 = 5.4741e-04
Loss = 8.8700e-02, PNorm = 58.8607, GNorm = 0.6642, lr_0 = 5.4763e-04
Loss = 9.8297e-02, PNorm = 58.8758, GNorm = 1.0459, lr_0 = 5.4786e-04
Loss = 9.4305e-02, PNorm = 58.8912, GNorm = 1.0177, lr_0 = 5.4808e-04
Loss = 8.2675e-02, PNorm = 58.9094, GNorm = 1.0625, lr_0 = 5.4831e-04
Loss = 7.7955e-02, PNorm = 58.9271, GNorm = 1.3546, lr_0 = 5.4853e-04
Loss = 8.4074e-02, PNorm = 58.9390, GNorm = 2.4140, lr_0 = 5.4876e-04
Loss = 1.0857e-01, PNorm = 58.9527, GNorm = 1.4608, lr_0 = 5.4899e-04
Loss = 1.0415e-01, PNorm = 58.9686, GNorm = 1.2871, lr_0 = 5.4921e-04
Loss = 7.8725e-02, PNorm = 58.9869, GNorm = 1.3168, lr_0 = 5.4944e-04
Loss = 9.4740e-02, PNorm = 59.0025, GNorm = 1.1768, lr_0 = 5.4966e-04
Loss = 7.3454e-02, PNorm = 59.0157, GNorm = 0.9594, lr_0 = 5.4989e-04
Validation r2 = 0.914674
Epoch 1
Loss = 9.1092e-02, PNorm = 59.0285, GNorm = 1.3113, lr_0 = 5.5011e-04
Loss = 8.5306e-02, PNorm = 59.0428, GNorm = 1.0654, lr_0 = 5.5034e-04
Loss = 9.8441e-02, PNorm = 59.0587, GNorm = 1.9951, lr_0 = 5.5056e-04
Loss = 8.3700e-02, PNorm = 59.0736, GNorm = 2.0690, lr_0 = 5.5079e-04
Loss = 7.8981e-02, PNorm = 59.0881, GNorm = 0.9487, lr_0 = 5.5101e-04
Loss = 8.9440e-02, PNorm = 59.0992, GNorm = 1.5991, lr_0 = 5.5124e-04
Loss = 6.9084e-02, PNorm = 59.1095, GNorm = 0.8974, lr_0 = 5.5147e-04
Loss = 8.7728e-02, PNorm = 59.1239, GNorm = 1.2712, lr_0 = 5.5169e-04
Loss = 8.1467e-02, PNorm = 59.1408, GNorm = 1.4739, lr_0 = 5.5192e-04
Loss = 9.8053e-02, PNorm = 59.1572, GNorm = 2.7693, lr_0 = 5.5214e-04
Loss = 9.2121e-02, PNorm = 59.1730, GNorm = 1.0990, lr_0 = 5.5237e-04
Loss = 8.1278e-02, PNorm = 59.1872, GNorm = 0.8677, lr_0 = 5.5259e-04
Loss = 6.9333e-02, PNorm = 59.1992, GNorm = 0.8396, lr_0 = 5.5282e-04
Loss = 8.8127e-02, PNorm = 59.2142, GNorm = 2.4681, lr_0 = 5.5304e-04
Loss = 9.5461e-02, PNorm = 59.2304, GNorm = 1.4818, lr_0 = 5.5327e-04
Loss = 7.8302e-02, PNorm = 59.2478, GNorm = 1.0323, lr_0 = 5.5350e-04
Loss = 1.0045e-01, PNorm = 59.2616, GNorm = 1.3108, lr_0 = 5.5372e-04
Loss = 8.3395e-02, PNorm = 59.2743, GNorm = 2.3903, lr_0 = 5.5395e-04
Loss = 9.0535e-02, PNorm = 59.2901, GNorm = 2.4500, lr_0 = 5.5417e-04
Loss = 8.5337e-02, PNorm = 59.3047, GNorm = 0.9328, lr_0 = 5.5440e-04
Loss = 7.7752e-02, PNorm = 59.3216, GNorm = 1.1747, lr_0 = 5.5462e-04
Loss = 9.0222e-02, PNorm = 59.3360, GNorm = 1.2678, lr_0 = 5.5485e-04
Loss = 8.9125e-02, PNorm = 59.3496, GNorm = 0.9823, lr_0 = 5.5507e-04
Loss = 7.5871e-02, PNorm = 59.3631, GNorm = 0.9782, lr_0 = 5.5530e-04
Loss = 9.1717e-02, PNorm = 59.3770, GNorm = 0.9018, lr_0 = 5.5552e-04
Loss = 7.7584e-02, PNorm = 59.3911, GNorm = 1.0582, lr_0 = 5.5575e-04
Loss = 1.0053e-01, PNorm = 59.4051, GNorm = 0.8732, lr_0 = 5.5598e-04
Loss = 6.9056e-02, PNorm = 59.4217, GNorm = 2.5658, lr_0 = 5.5620e-04
Loss = 7.4240e-02, PNorm = 59.4366, GNorm = 1.4981, lr_0 = 5.5643e-04
Loss = 1.0866e-01, PNorm = 59.4486, GNorm = 1.2323, lr_0 = 5.5665e-04
Loss = 8.1900e-02, PNorm = 59.4628, GNorm = 1.0326, lr_0 = 5.5688e-04
Loss = 6.8590e-02, PNorm = 59.4767, GNorm = 1.7596, lr_0 = 5.5710e-04
Loss = 8.5322e-02, PNorm = 59.4868, GNorm = 0.8624, lr_0 = 5.5733e-04
Loss = 9.6261e-02, PNorm = 59.4993, GNorm = 1.1831, lr_0 = 5.5755e-04
Loss = 8.7316e-02, PNorm = 59.5118, GNorm = 1.9420, lr_0 = 5.5778e-04
Loss = 9.3874e-02, PNorm = 59.5288, GNorm = 1.1357, lr_0 = 5.5801e-04
Loss = 9.1978e-02, PNorm = 59.5470, GNorm = 1.1037, lr_0 = 5.5823e-04
Loss = 7.7438e-02, PNorm = 59.5664, GNorm = 0.9103, lr_0 = 5.5846e-04
Loss = 8.5620e-02, PNorm = 59.5817, GNorm = 0.8404, lr_0 = 5.5868e-04
Loss = 8.9915e-02, PNorm = 59.5940, GNorm = 0.9957, lr_0 = 5.5891e-04
Loss = 7.6142e-02, PNorm = 59.6069, GNorm = 1.1298, lr_0 = 5.5913e-04
Loss = 7.7140e-02, PNorm = 59.6223, GNorm = 2.5037, lr_0 = 5.5936e-04
Loss = 7.7284e-02, PNorm = 59.6400, GNorm = 1.4658, lr_0 = 5.5958e-04
Loss = 9.6346e-02, PNorm = 59.6575, GNorm = 1.6291, lr_0 = 5.5981e-04
Loss = 8.0401e-02, PNorm = 59.6770, GNorm = 1.0157, lr_0 = 5.6003e-04
Loss = 7.7898e-02, PNorm = 59.6933, GNorm = 1.3648, lr_0 = 5.6026e-04
Loss = 6.4888e-02, PNorm = 59.7085, GNorm = 1.2386, lr_0 = 5.6049e-04
Loss = 7.6381e-02, PNorm = 59.7207, GNorm = 1.5453, lr_0 = 5.6071e-04
Loss = 8.5569e-02, PNorm = 59.7346, GNorm = 1.0604, lr_0 = 5.6094e-04
Loss = 7.6727e-02, PNorm = 59.7502, GNorm = 1.0930, lr_0 = 5.6116e-04
Loss = 8.5853e-02, PNorm = 59.7637, GNorm = 1.2756, lr_0 = 5.6139e-04
Loss = 7.3893e-02, PNorm = 59.7715, GNorm = 2.2368, lr_0 = 5.6161e-04
Loss = 7.7199e-02, PNorm = 59.7813, GNorm = 0.7641, lr_0 = 5.6184e-04
Loss = 9.5941e-02, PNorm = 59.7982, GNorm = 1.9250, lr_0 = 5.6206e-04
Loss = 8.3672e-02, PNorm = 59.8192, GNorm = 1.0265, lr_0 = 5.6229e-04
Loss = 1.0370e-01, PNorm = 59.8365, GNorm = 0.9907, lr_0 = 5.6252e-04
Loss = 8.4393e-02, PNorm = 59.8520, GNorm = 1.8547, lr_0 = 5.6274e-04
Loss = 8.0000e-02, PNorm = 59.8653, GNorm = 1.0554, lr_0 = 5.6297e-04
Loss = 7.7534e-02, PNorm = 59.8789, GNorm = 1.2504, lr_0 = 5.6319e-04
Loss = 8.4831e-02, PNorm = 59.8946, GNorm = 1.1632, lr_0 = 5.6342e-04
Loss = 8.9833e-02, PNorm = 59.9091, GNorm = 2.1787, lr_0 = 5.6364e-04
Loss = 7.6989e-02, PNorm = 59.9231, GNorm = 3.1931, lr_0 = 5.6387e-04
Loss = 7.4955e-02, PNorm = 59.9385, GNorm = 1.1017, lr_0 = 5.6409e-04
Loss = 1.0116e-01, PNorm = 59.9574, GNorm = 1.4958, lr_0 = 5.6432e-04
Loss = 7.9524e-02, PNorm = 59.9773, GNorm = 0.7252, lr_0 = 5.6454e-04
Loss = 8.0881e-02, PNorm = 59.9928, GNorm = 1.8930, lr_0 = 5.6477e-04
Loss = 7.4949e-02, PNorm = 60.0058, GNorm = 1.5040, lr_0 = 5.6500e-04
Loss = 8.9679e-02, PNorm = 60.0208, GNorm = 0.7764, lr_0 = 5.6522e-04
Loss = 8.1337e-02, PNorm = 60.0348, GNorm = 1.4223, lr_0 = 5.6545e-04
Loss = 7.3848e-02, PNorm = 60.0457, GNorm = 0.8481, lr_0 = 5.6567e-04
Loss = 7.2488e-02, PNorm = 60.0597, GNorm = 0.9375, lr_0 = 5.6590e-04
Loss = 8.7622e-02, PNorm = 60.0709, GNorm = 1.0891, lr_0 = 5.6612e-04
Loss = 7.9497e-02, PNorm = 60.0839, GNorm = 1.1088, lr_0 = 5.6635e-04
Loss = 9.0594e-02, PNorm = 60.0985, GNorm = 0.7164, lr_0 = 5.6657e-04
Loss = 8.7015e-02, PNorm = 60.1161, GNorm = 1.6060, lr_0 = 5.6680e-04
Loss = 8.0120e-02, PNorm = 60.1321, GNorm = 1.6923, lr_0 = 5.6702e-04
Loss = 7.6798e-02, PNorm = 60.1496, GNorm = 2.4332, lr_0 = 5.6725e-04
Loss = 8.9657e-02, PNorm = 60.1627, GNorm = 1.9949, lr_0 = 5.6748e-04
Loss = 7.7342e-02, PNorm = 60.1797, GNorm = 1.3447, lr_0 = 5.6770e-04
Loss = 8.1579e-02, PNorm = 60.1984, GNorm = 1.2897, lr_0 = 5.6793e-04
Loss = 8.1951e-02, PNorm = 60.2148, GNorm = 0.8693, lr_0 = 5.6815e-04
Loss = 7.8484e-02, PNorm = 60.2318, GNorm = 2.5655, lr_0 = 5.6838e-04
Loss = 7.1000e-02, PNorm = 60.2440, GNorm = 1.1555, lr_0 = 5.6860e-04
Loss = 7.4479e-02, PNorm = 60.2578, GNorm = 1.4958, lr_0 = 5.6883e-04
Loss = 7.6284e-02, PNorm = 60.2704, GNorm = 0.8787, lr_0 = 5.6905e-04
Loss = 8.5343e-02, PNorm = 60.2843, GNorm = 1.3961, lr_0 = 5.6928e-04
Loss = 9.2514e-02, PNorm = 60.3041, GNorm = 1.7024, lr_0 = 5.6951e-04
Loss = 9.9002e-02, PNorm = 60.3252, GNorm = 2.0941, lr_0 = 5.6973e-04
Loss = 9.0633e-02, PNorm = 60.3427, GNorm = 1.8072, lr_0 = 5.6996e-04
Loss = 7.7539e-02, PNorm = 60.3607, GNorm = 2.3361, lr_0 = 5.7018e-04
Loss = 8.1523e-02, PNorm = 60.3797, GNorm = 1.5688, lr_0 = 5.7041e-04
Loss = 8.2367e-02, PNorm = 60.3975, GNorm = 1.1003, lr_0 = 5.7063e-04
Loss = 9.6751e-02, PNorm = 60.4140, GNorm = 2.6221, lr_0 = 5.7086e-04
Loss = 9.0439e-02, PNorm = 60.4304, GNorm = 0.9840, lr_0 = 5.7108e-04
Loss = 7.6696e-02, PNorm = 60.4436, GNorm = 1.5300, lr_0 = 5.7131e-04
Loss = 8.7819e-02, PNorm = 60.4573, GNorm = 1.4542, lr_0 = 5.7153e-04
Loss = 9.1865e-02, PNorm = 60.4724, GNorm = 2.0260, lr_0 = 5.7176e-04
Loss = 8.3553e-02, PNorm = 60.4885, GNorm = 1.0918, lr_0 = 5.7199e-04
Loss = 7.6813e-02, PNorm = 60.5041, GNorm = 2.3145, lr_0 = 5.7221e-04
Loss = 9.1934e-02, PNorm = 60.5220, GNorm = 1.0061, lr_0 = 5.7244e-04
Loss = 9.2987e-02, PNorm = 60.5401, GNorm = 2.2683, lr_0 = 5.7266e-04
Loss = 6.5896e-02, PNorm = 60.5599, GNorm = 1.2396, lr_0 = 5.7289e-04
Loss = 8.8842e-02, PNorm = 60.5790, GNorm = 1.0073, lr_0 = 5.7311e-04
Loss = 9.3978e-02, PNorm = 60.5976, GNorm = 1.2302, lr_0 = 5.7334e-04
Loss = 8.6280e-02, PNorm = 60.6151, GNorm = 1.6574, lr_0 = 5.7356e-04
Loss = 7.0557e-02, PNorm = 60.6315, GNorm = 0.7038, lr_0 = 5.7379e-04
Loss = 7.1032e-02, PNorm = 60.6462, GNorm = 1.1706, lr_0 = 5.7402e-04
Loss = 8.7124e-02, PNorm = 60.6644, GNorm = 0.9308, lr_0 = 5.7424e-04
Loss = 8.2514e-02, PNorm = 60.6863, GNorm = 1.1618, lr_0 = 5.7447e-04
Loss = 7.9749e-02, PNorm = 60.7051, GNorm = 1.2377, lr_0 = 5.7469e-04
Loss = 8.4083e-02, PNorm = 60.7215, GNorm = 1.1473, lr_0 = 5.7492e-04
Loss = 6.8761e-02, PNorm = 60.7358, GNorm = 1.0060, lr_0 = 5.7514e-04
Loss = 7.8822e-02, PNorm = 60.7543, GNorm = 1.1129, lr_0 = 5.7537e-04
Loss = 8.3916e-02, PNorm = 60.7690, GNorm = 2.6450, lr_0 = 5.7559e-04
Loss = 7.6018e-02, PNorm = 60.7799, GNorm = 1.8578, lr_0 = 5.7582e-04
Loss = 7.3579e-02, PNorm = 60.7923, GNorm = 1.2824, lr_0 = 5.7604e-04
Loss = 7.7389e-02, PNorm = 60.8077, GNorm = 1.9578, lr_0 = 5.7627e-04
Loss = 7.7855e-02, PNorm = 60.8236, GNorm = 1.8712, lr_0 = 5.7650e-04
Loss = 8.2705e-02, PNorm = 60.8376, GNorm = 1.1481, lr_0 = 5.7672e-04
Loss = 7.0361e-02, PNorm = 60.8511, GNorm = 1.1405, lr_0 = 5.7695e-04
Loss = 8.1977e-02, PNorm = 60.8684, GNorm = 1.4579, lr_0 = 5.7717e-04
Loss = 8.0605e-02, PNorm = 60.8874, GNorm = 1.3401, lr_0 = 5.7740e-04
Loss = 6.6340e-02, PNorm = 60.9011, GNorm = 0.7993, lr_0 = 5.7762e-04
Loss = 1.0505e-01, PNorm = 60.9145, GNorm = 0.7054, lr_0 = 5.7785e-04
Loss = 8.5646e-02, PNorm = 60.9305, GNorm = 0.9199, lr_0 = 5.7807e-04
Loss = 7.6907e-02, PNorm = 60.9443, GNorm = 1.4454, lr_0 = 5.7830e-04
Loss = 7.4190e-02, PNorm = 60.9600, GNorm = 0.6418, lr_0 = 5.7853e-04
Loss = 9.2620e-02, PNorm = 60.9736, GNorm = 1.0541, lr_0 = 5.7875e-04
Loss = 7.5572e-02, PNorm = 60.9859, GNorm = 1.0202, lr_0 = 5.7898e-04
Loss = 7.3598e-02, PNorm = 60.9994, GNorm = 1.5116, lr_0 = 5.7920e-04
Loss = 6.8087e-02, PNorm = 61.0141, GNorm = 1.0925, lr_0 = 5.7943e-04
Loss = 8.8704e-02, PNorm = 61.0284, GNorm = 1.9935, lr_0 = 5.7965e-04
Loss = 8.6229e-02, PNorm = 61.0446, GNorm = 0.9564, lr_0 = 5.7988e-04
Loss = 9.1495e-02, PNorm = 61.0594, GNorm = 0.9569, lr_0 = 5.8010e-04
Loss = 1.0653e-01, PNorm = 61.0827, GNorm = 2.4320, lr_0 = 5.8033e-04
Loss = 8.7816e-02, PNorm = 61.1050, GNorm = 2.0432, lr_0 = 5.8055e-04
Loss = 7.7021e-02, PNorm = 61.1211, GNorm = 1.5030, lr_0 = 5.8078e-04
Loss = 9.1488e-02, PNorm = 61.1394, GNorm = 1.2604, lr_0 = 5.8101e-04
Loss = 1.0466e-01, PNorm = 61.1604, GNorm = 0.9916, lr_0 = 5.8123e-04
Loss = 9.8774e-02, PNorm = 61.1857, GNorm = 1.5024, lr_0 = 5.8146e-04
Loss = 1.0471e-01, PNorm = 61.2078, GNorm = 3.8408, lr_0 = 5.8168e-04
Loss = 8.3990e-02, PNorm = 61.2247, GNorm = 1.4056, lr_0 = 5.8191e-04
Loss = 8.9802e-02, PNorm = 61.2422, GNorm = 1.4113, lr_0 = 5.8213e-04
Loss = 9.1346e-02, PNorm = 61.2644, GNorm = 1.2437, lr_0 = 5.8236e-04
Loss = 9.0070e-02, PNorm = 61.2836, GNorm = 0.9704, lr_0 = 5.8258e-04
Loss = 9.1915e-02, PNorm = 61.3006, GNorm = 1.3604, lr_0 = 5.8281e-04
Loss = 9.3873e-02, PNorm = 61.3227, GNorm = 1.7495, lr_0 = 5.8304e-04
Loss = 1.0663e-01, PNorm = 61.3429, GNorm = 2.5160, lr_0 = 5.8326e-04
Loss = 7.0915e-02, PNorm = 61.3635, GNorm = 1.6692, lr_0 = 5.8349e-04
Loss = 8.9216e-02, PNorm = 61.3811, GNorm = 1.2530, lr_0 = 5.8371e-04
Loss = 1.4550e-01, PNorm = 61.4020, GNorm = 0.9639, lr_0 = 5.8394e-04
Loss = 1.2918e-01, PNorm = 61.4245, GNorm = 2.0709, lr_0 = 5.8416e-04
Loss = 9.6541e-02, PNorm = 61.4446, GNorm = 2.6160, lr_0 = 5.8439e-04
Loss = 1.0874e-01, PNorm = 61.4717, GNorm = 1.3456, lr_0 = 5.8461e-04
Loss = 1.0045e-01, PNorm = 61.4972, GNorm = 1.9689, lr_0 = 5.8484e-04
Loss = 9.4419e-02, PNorm = 61.5172, GNorm = 1.5624, lr_0 = 5.8506e-04
Loss = 8.0841e-02, PNorm = 61.5389, GNorm = 1.0961, lr_0 = 5.8529e-04
Loss = 7.9627e-02, PNorm = 61.5592, GNorm = 0.9393, lr_0 = 5.8552e-04
Loss = 9.9242e-02, PNorm = 61.5764, GNorm = 1.8199, lr_0 = 5.8574e-04
Loss = 7.1700e-02, PNorm = 61.5934, GNorm = 1.3557, lr_0 = 5.8597e-04
Loss = 9.6382e-02, PNorm = 61.6106, GNorm = 1.7687, lr_0 = 5.8619e-04
Loss = 8.0592e-02, PNorm = 61.6296, GNorm = 1.2783, lr_0 = 5.8642e-04
Loss = 7.3663e-02, PNorm = 61.6490, GNorm = 1.0783, lr_0 = 5.8664e-04
Loss = 7.3769e-02, PNorm = 61.6644, GNorm = 1.1693, lr_0 = 5.8687e-04
Loss = 7.1448e-02, PNorm = 61.6787, GNorm = 1.0407, lr_0 = 5.8709e-04
Loss = 7.6401e-02, PNorm = 61.6948, GNorm = 2.7598, lr_0 = 5.8732e-04
Loss = 7.7209e-02, PNorm = 61.7078, GNorm = 2.2415, lr_0 = 5.8755e-04
Loss = 7.9363e-02, PNorm = 61.7199, GNorm = 1.2957, lr_0 = 5.8777e-04
Loss = 7.8763e-02, PNorm = 61.7363, GNorm = 1.0542, lr_0 = 5.8800e-04
Loss = 7.6852e-02, PNorm = 61.7532, GNorm = 1.7037, lr_0 = 5.8822e-04
Loss = 7.3587e-02, PNorm = 61.7685, GNorm = 0.9264, lr_0 = 5.8845e-04
Loss = 1.2083e-01, PNorm = 61.7843, GNorm = 1.4806, lr_0 = 5.8867e-04
Loss = 9.6142e-02, PNorm = 61.8017, GNorm = 1.4831, lr_0 = 5.8890e-04
Loss = 9.3301e-02, PNorm = 61.8187, GNorm = 0.9896, lr_0 = 5.8912e-04
Loss = 9.8151e-02, PNorm = 61.8391, GNorm = 2.1180, lr_0 = 5.8935e-04
Loss = 7.8240e-02, PNorm = 61.8584, GNorm = 0.9829, lr_0 = 5.8957e-04
Loss = 8.0694e-02, PNorm = 61.8736, GNorm = 1.3384, lr_0 = 5.8980e-04
Loss = 7.6103e-02, PNorm = 61.8874, GNorm = 1.5195, lr_0 = 5.9003e-04
Loss = 7.0891e-02, PNorm = 61.9042, GNorm = 0.6340, lr_0 = 5.9025e-04
Loss = 7.2712e-02, PNorm = 61.9215, GNorm = 1.5442, lr_0 = 5.9048e-04
Loss = 7.4623e-02, PNorm = 61.9355, GNorm = 1.1763, lr_0 = 5.9070e-04
Loss = 7.7247e-02, PNorm = 61.9480, GNorm = 0.7745, lr_0 = 5.9093e-04
Loss = 6.9483e-02, PNorm = 61.9637, GNorm = 0.9123, lr_0 = 5.9115e-04
Loss = 7.2881e-02, PNorm = 61.9775, GNorm = 1.4651, lr_0 = 5.9138e-04
Loss = 8.0946e-02, PNorm = 61.9910, GNorm = 0.9375, lr_0 = 5.9160e-04
Loss = 7.7131e-02, PNorm = 62.0068, GNorm = 1.2439, lr_0 = 5.9183e-04
Loss = 8.0881e-02, PNorm = 62.0246, GNorm = 1.2689, lr_0 = 5.9206e-04
Loss = 6.3129e-02, PNorm = 62.0419, GNorm = 0.9307, lr_0 = 5.9228e-04
Loss = 8.9421e-02, PNorm = 62.0588, GNorm = 1.8538, lr_0 = 5.9251e-04
Loss = 7.4059e-02, PNorm = 62.0796, GNorm = 1.7075, lr_0 = 5.9273e-04
Loss = 7.7320e-02, PNorm = 62.0972, GNorm = 0.8300, lr_0 = 5.9296e-04
Loss = 8.0557e-02, PNorm = 62.1140, GNorm = 1.8562, lr_0 = 5.9318e-04
Loss = 7.9146e-02, PNorm = 62.1308, GNorm = 1.7373, lr_0 = 5.9341e-04
Loss = 8.2657e-02, PNorm = 62.1465, GNorm = 1.0724, lr_0 = 5.9363e-04
Loss = 9.1150e-02, PNorm = 62.1614, GNorm = 1.0375, lr_0 = 5.9386e-04
Loss = 7.6701e-02, PNorm = 62.1790, GNorm = 1.0373, lr_0 = 5.9408e-04
Loss = 7.3806e-02, PNorm = 62.1969, GNorm = 0.9554, lr_0 = 5.9431e-04
Loss = 7.6923e-02, PNorm = 62.2145, GNorm = 1.8879, lr_0 = 5.9454e-04
Loss = 8.7047e-02, PNorm = 62.2322, GNorm = 1.4852, lr_0 = 5.9476e-04
Loss = 9.0241e-02, PNorm = 62.2486, GNorm = 0.8539, lr_0 = 5.9499e-04
Loss = 8.2345e-02, PNorm = 62.2677, GNorm = 1.8976, lr_0 = 5.9521e-04
Loss = 8.5240e-02, PNorm = 62.2852, GNorm = 1.0178, lr_0 = 5.9544e-04
Loss = 9.2458e-02, PNorm = 62.3040, GNorm = 1.2489, lr_0 = 5.9566e-04
Loss = 6.8705e-02, PNorm = 62.3266, GNorm = 1.0059, lr_0 = 5.9589e-04
Loss = 6.9864e-02, PNorm = 62.3483, GNorm = 0.8404, lr_0 = 5.9611e-04
Loss = 7.8819e-02, PNorm = 62.3701, GNorm = 1.0044, lr_0 = 5.9634e-04
Loss = 9.6924e-02, PNorm = 62.3853, GNorm = 0.9864, lr_0 = 5.9656e-04
Loss = 9.7504e-02, PNorm = 62.4018, GNorm = 2.0559, lr_0 = 5.9679e-04
Loss = 8.2566e-02, PNorm = 62.4238, GNorm = 1.7384, lr_0 = 5.9702e-04
Loss = 7.5695e-02, PNorm = 62.4470, GNorm = 0.8394, lr_0 = 5.9724e-04
Loss = 7.9662e-02, PNorm = 62.4624, GNorm = 1.4231, lr_0 = 5.9747e-04
Loss = 8.7656e-02, PNorm = 62.4775, GNorm = 1.0069, lr_0 = 5.9769e-04
Loss = 1.1410e-01, PNorm = 62.4913, GNorm = 9.0967, lr_0 = 5.9792e-04
Loss = 9.4079e-02, PNorm = 62.5079, GNorm = 1.0843, lr_0 = 5.9814e-04
Loss = 1.0026e-01, PNorm = 62.5279, GNorm = 1.3508, lr_0 = 5.9837e-04
Loss = 9.2696e-02, PNorm = 62.5495, GNorm = 1.6235, lr_0 = 5.9859e-04
Loss = 1.0471e-01, PNorm = 62.5741, GNorm = 1.7463, lr_0 = 5.9882e-04
Loss = 8.1932e-02, PNorm = 62.5945, GNorm = 1.0263, lr_0 = 5.9905e-04
Loss = 9.3777e-02, PNorm = 62.6164, GNorm = 1.1467, lr_0 = 5.9927e-04
Loss = 1.1139e-01, PNorm = 62.6375, GNorm = 2.6218, lr_0 = 5.9950e-04
Loss = 7.8654e-02, PNorm = 62.6615, GNorm = 1.3229, lr_0 = 5.9972e-04
Loss = 8.4489e-02, PNorm = 62.6841, GNorm = 1.0975, lr_0 = 5.9995e-04
Loss = 7.9404e-02, PNorm = 62.7027, GNorm = 1.0370, lr_0 = 6.0017e-04
Loss = 8.2738e-02, PNorm = 62.7223, GNorm = 1.0206, lr_0 = 6.0040e-04
Loss = 8.5701e-02, PNorm = 62.7446, GNorm = 2.4880, lr_0 = 6.0062e-04
Loss = 8.8913e-02, PNorm = 62.7648, GNorm = 1.6230, lr_0 = 6.0085e-04
Loss = 1.2097e-01, PNorm = 62.7836, GNorm = 2.8858, lr_0 = 6.0107e-04
Loss = 9.4587e-02, PNorm = 62.8028, GNorm = 1.6874, lr_0 = 6.0130e-04
Loss = 1.0576e-01, PNorm = 62.8239, GNorm = 0.7483, lr_0 = 6.0153e-04
Loss = 9.9947e-02, PNorm = 62.8482, GNorm = 0.7167, lr_0 = 6.0175e-04
Loss = 8.0253e-02, PNorm = 62.8693, GNorm = 0.8817, lr_0 = 6.0198e-04
Loss = 8.0867e-02, PNorm = 62.8892, GNorm = 1.3589, lr_0 = 6.0220e-04
Loss = 9.1048e-02, PNorm = 62.9092, GNorm = 1.1478, lr_0 = 6.0243e-04
Loss = 6.9984e-02, PNorm = 62.9297, GNorm = 1.2881, lr_0 = 6.0265e-04
Loss = 7.4176e-02, PNorm = 62.9454, GNorm = 1.5854, lr_0 = 6.0288e-04
Loss = 7.2109e-02, PNorm = 62.9578, GNorm = 0.9150, lr_0 = 6.0310e-04
Loss = 7.6345e-02, PNorm = 62.9704, GNorm = 0.8524, lr_0 = 6.0333e-04
Loss = 7.2188e-02, PNorm = 62.9887, GNorm = 2.4522, lr_0 = 6.0356e-04
Loss = 8.1096e-02, PNorm = 63.0055, GNorm = 1.2531, lr_0 = 6.0378e-04
Loss = 7.8720e-02, PNorm = 63.0208, GNorm = 1.6194, lr_0 = 6.0401e-04
Loss = 7.8480e-02, PNorm = 63.0361, GNorm = 1.8219, lr_0 = 6.0423e-04
Loss = 8.4279e-02, PNorm = 63.0508, GNorm = 1.9392, lr_0 = 6.0446e-04
Loss = 6.9547e-02, PNorm = 63.0660, GNorm = 1.0262, lr_0 = 6.0468e-04
Loss = 9.7745e-02, PNorm = 63.0764, GNorm = 0.7867, lr_0 = 6.0491e-04
Loss = 8.1750e-02, PNorm = 63.0884, GNorm = 0.9454, lr_0 = 6.0513e-04
Loss = 8.1310e-02, PNorm = 63.1055, GNorm = 1.2427, lr_0 = 6.0536e-04
Loss = 8.0538e-02, PNorm = 63.1263, GNorm = 1.3260, lr_0 = 6.0558e-04
Loss = 8.6516e-02, PNorm = 63.1413, GNorm = 1.1025, lr_0 = 6.0581e-04
Loss = 8.4186e-02, PNorm = 63.1597, GNorm = 4.0229, lr_0 = 6.0604e-04
Loss = 8.0302e-02, PNorm = 63.1799, GNorm = 1.8253, lr_0 = 6.0626e-04
Loss = 6.0270e-02, PNorm = 63.1973, GNorm = 0.9399, lr_0 = 6.0649e-04
Loss = 7.8125e-02, PNorm = 63.2141, GNorm = 0.8122, lr_0 = 6.0671e-04
Loss = 7.5069e-02, PNorm = 63.2306, GNorm = 0.9687, lr_0 = 6.0694e-04
Loss = 7.7267e-02, PNorm = 63.2485, GNorm = 1.3535, lr_0 = 6.0716e-04
Loss = 7.7850e-02, PNorm = 63.2624, GNorm = 2.2267, lr_0 = 6.0739e-04
Loss = 9.0414e-02, PNorm = 63.2728, GNorm = 1.6479, lr_0 = 6.0761e-04
Loss = 9.5644e-02, PNorm = 63.2931, GNorm = 2.0926, lr_0 = 6.0784e-04
Loss = 6.4394e-02, PNorm = 63.3126, GNorm = 1.0256, lr_0 = 6.0807e-04
Loss = 8.9348e-02, PNorm = 63.3285, GNorm = 1.1664, lr_0 = 6.0829e-04
Loss = 7.2465e-02, PNorm = 63.3462, GNorm = 1.8464, lr_0 = 6.0852e-04
Loss = 8.0621e-02, PNorm = 63.3609, GNorm = 0.7918, lr_0 = 6.0874e-04
Loss = 8.8904e-02, PNorm = 63.3810, GNorm = 1.1785, lr_0 = 6.0897e-04
Loss = 8.9138e-02, PNorm = 63.4036, GNorm = 1.1156, lr_0 = 6.0919e-04
Loss = 7.2810e-02, PNorm = 63.4241, GNorm = 1.3094, lr_0 = 6.0942e-04
Loss = 6.7721e-02, PNorm = 63.4441, GNorm = 0.8612, lr_0 = 6.0964e-04
Loss = 7.5384e-02, PNorm = 63.4589, GNorm = 2.6883, lr_0 = 6.0987e-04
Loss = 6.5682e-02, PNorm = 63.4718, GNorm = 0.8023, lr_0 = 6.1009e-04
Loss = 8.0336e-02, PNorm = 63.4875, GNorm = 0.9657, lr_0 = 6.1032e-04
Loss = 7.2281e-02, PNorm = 63.5058, GNorm = 1.0736, lr_0 = 6.1055e-04
Loss = 6.8976e-02, PNorm = 63.5230, GNorm = 0.9667, lr_0 = 6.1077e-04
Loss = 7.7931e-02, PNorm = 63.5339, GNorm = 5.0391, lr_0 = 6.1100e-04
Loss = 6.5852e-02, PNorm = 63.5477, GNorm = 0.7615, lr_0 = 6.1122e-04
Loss = 8.1284e-02, PNorm = 63.5680, GNorm = 1.0265, lr_0 = 6.1145e-04
Loss = 7.7874e-02, PNorm = 63.5887, GNorm = 0.9669, lr_0 = 6.1167e-04
Loss = 7.0743e-02, PNorm = 63.6073, GNorm = 0.7777, lr_0 = 6.1190e-04
Loss = 7.4004e-02, PNorm = 63.6229, GNorm = 0.9382, lr_0 = 6.1212e-04
Loss = 5.9507e-02, PNorm = 63.6398, GNorm = 0.7746, lr_0 = 6.1235e-04
Loss = 7.1775e-02, PNorm = 63.6536, GNorm = 1.0950, lr_0 = 6.1258e-04
Loss = 6.5611e-02, PNorm = 63.6687, GNorm = 0.8401, lr_0 = 6.1280e-04
Loss = 7.5387e-02, PNorm = 63.6860, GNorm = 1.3207, lr_0 = 6.1303e-04
Loss = 6.3434e-02, PNorm = 63.7035, GNorm = 0.6551, lr_0 = 6.1325e-04
Loss = 7.2605e-02, PNorm = 63.7171, GNorm = 0.8591, lr_0 = 6.1348e-04
Loss = 7.3815e-02, PNorm = 63.7284, GNorm = 1.6426, lr_0 = 6.1370e-04
Loss = 7.3891e-02, PNorm = 63.7441, GNorm = 0.7871, lr_0 = 6.1393e-04
Loss = 7.7670e-02, PNorm = 63.7571, GNorm = 1.2341, lr_0 = 6.1415e-04
Loss = 6.4912e-02, PNorm = 63.7710, GNorm = 1.1717, lr_0 = 6.1438e-04
Loss = 6.7685e-02, PNorm = 63.7850, GNorm = 1.2285, lr_0 = 6.1460e-04
Loss = 8.6369e-02, PNorm = 63.7962, GNorm = 1.3156, lr_0 = 6.1483e-04
Loss = 6.2904e-02, PNorm = 63.8091, GNorm = 1.1707, lr_0 = 6.1506e-04
Loss = 7.6040e-02, PNorm = 63.8249, GNorm = 1.2101, lr_0 = 6.1528e-04
Loss = 8.6623e-02, PNorm = 63.8412, GNorm = 0.9021, lr_0 = 6.1551e-04
Loss = 9.5653e-02, PNorm = 63.8582, GNorm = 0.9644, lr_0 = 6.1573e-04
Loss = 1.0736e-01, PNorm = 63.8797, GNorm = 1.2157, lr_0 = 6.1596e-04
Loss = 7.2329e-02, PNorm = 63.9015, GNorm = 3.1298, lr_0 = 6.1618e-04
Loss = 7.8121e-02, PNorm = 63.9221, GNorm = 1.3477, lr_0 = 6.1641e-04
Loss = 9.0725e-02, PNorm = 63.9458, GNorm = 0.9455, lr_0 = 6.1663e-04
Loss = 7.7781e-02, PNorm = 63.9674, GNorm = 0.8171, lr_0 = 6.1686e-04
Loss = 7.0246e-02, PNorm = 63.9874, GNorm = 0.6256, lr_0 = 6.1709e-04
Loss = 6.5406e-02, PNorm = 64.0043, GNorm = 1.2146, lr_0 = 6.1731e-04
Loss = 6.3861e-02, PNorm = 64.0178, GNorm = 1.1982, lr_0 = 6.1754e-04
Loss = 6.7020e-02, PNorm = 64.0313, GNorm = 0.7359, lr_0 = 6.1776e-04
Loss = 7.0919e-02, PNorm = 64.0485, GNorm = 0.9087, lr_0 = 6.1799e-04
Loss = 8.0790e-02, PNorm = 64.0663, GNorm = 1.4472, lr_0 = 6.1821e-04
Loss = 9.2393e-02, PNorm = 64.0826, GNorm = 0.9539, lr_0 = 6.1844e-04
Loss = 7.3130e-02, PNorm = 64.0987, GNorm = 0.9628, lr_0 = 6.1866e-04
Loss = 6.4728e-02, PNorm = 64.1124, GNorm = 1.1754, lr_0 = 6.1889e-04
Loss = 7.8740e-02, PNorm = 64.1270, GNorm = 2.6703, lr_0 = 6.1911e-04
Loss = 7.9010e-02, PNorm = 64.1489, GNorm = 1.4513, lr_0 = 6.1934e-04
Loss = 7.7318e-02, PNorm = 64.1711, GNorm = 1.7377, lr_0 = 6.1957e-04
Loss = 7.7370e-02, PNorm = 64.1875, GNorm = 1.4481, lr_0 = 6.1979e-04
Loss = 7.6644e-02, PNorm = 64.2027, GNorm = 0.9158, lr_0 = 6.2002e-04
Loss = 9.6733e-02, PNorm = 64.2183, GNorm = 0.9230, lr_0 = 6.2024e-04
Loss = 9.3404e-02, PNorm = 64.2376, GNorm = 1.3092, lr_0 = 6.2047e-04
Loss = 8.3910e-02, PNorm = 64.2606, GNorm = 0.9407, lr_0 = 6.2069e-04
Loss = 8.2984e-02, PNorm = 64.2758, GNorm = 2.3019, lr_0 = 6.2092e-04
Loss = 9.9240e-02, PNorm = 64.2899, GNorm = 2.4182, lr_0 = 6.2114e-04
Loss = 1.1583e-01, PNorm = 64.3109, GNorm = 1.1906, lr_0 = 6.2137e-04
Loss = 8.3627e-02, PNorm = 64.3328, GNorm = 0.9831, lr_0 = 6.2160e-04
Loss = 9.3526e-02, PNorm = 64.3523, GNorm = 1.1078, lr_0 = 6.2182e-04
Loss = 9.7414e-02, PNorm = 64.3763, GNorm = 2.2313, lr_0 = 6.2205e-04
Loss = 7.3594e-02, PNorm = 64.3989, GNorm = 0.8915, lr_0 = 6.2227e-04
Loss = 7.6705e-02, PNorm = 64.4168, GNorm = 1.2157, lr_0 = 6.2250e-04
Loss = 5.8606e-02, PNorm = 64.4351, GNorm = 1.2899, lr_0 = 6.2272e-04
Loss = 7.6193e-02, PNorm = 64.4517, GNorm = 1.0375, lr_0 = 6.2295e-04
Loss = 9.0667e-02, PNorm = 64.4689, GNorm = 1.2160, lr_0 = 6.2317e-04
Loss = 7.4564e-02, PNorm = 64.4865, GNorm = 2.7113, lr_0 = 6.2340e-04
Loss = 7.7197e-02, PNorm = 64.5063, GNorm = 0.9705, lr_0 = 6.2362e-04
Loss = 7.9835e-02, PNorm = 64.5208, GNorm = 0.7197, lr_0 = 6.2385e-04
Loss = 8.9026e-02, PNorm = 64.5362, GNorm = 2.1570, lr_0 = 6.2408e-04
Loss = 7.3414e-02, PNorm = 64.5540, GNorm = 0.7417, lr_0 = 6.2430e-04
Loss = 7.7446e-02, PNorm = 64.5709, GNorm = 1.9634, lr_0 = 6.2453e-04
Loss = 8.5929e-02, PNorm = 64.5863, GNorm = 0.6655, lr_0 = 6.2475e-04
Loss = 8.9736e-02, PNorm = 64.6031, GNorm = 1.4067, lr_0 = 6.2498e-04
Loss = 8.3573e-02, PNorm = 64.6200, GNorm = 1.0982, lr_0 = 6.2520e-04
Loss = 6.7556e-02, PNorm = 64.6356, GNorm = 1.0678, lr_0 = 6.2543e-04
Loss = 6.6858e-02, PNorm = 64.6516, GNorm = 1.0083, lr_0 = 6.2565e-04
Loss = 7.3558e-02, PNorm = 64.6645, GNorm = 1.7098, lr_0 = 6.2588e-04
Loss = 7.1115e-02, PNorm = 64.6826, GNorm = 0.9237, lr_0 = 6.2610e-04
Loss = 7.5384e-02, PNorm = 64.7032, GNorm = 1.1990, lr_0 = 6.2633e-04
Loss = 7.1140e-02, PNorm = 64.7208, GNorm = 0.8340, lr_0 = 6.2656e-04
Loss = 8.3461e-02, PNorm = 64.7379, GNorm = 1.1589, lr_0 = 6.2678e-04
Loss = 6.5773e-02, PNorm = 64.7537, GNorm = 1.6099, lr_0 = 6.2701e-04
Loss = 6.5692e-02, PNorm = 64.7671, GNorm = 1.4313, lr_0 = 6.2723e-04
Loss = 8.7021e-02, PNorm = 64.7831, GNorm = 0.7775, lr_0 = 6.2746e-04
Loss = 6.1998e-02, PNorm = 64.8005, GNorm = 0.9303, lr_0 = 6.2768e-04
Loss = 7.2641e-02, PNorm = 64.8145, GNorm = 1.8135, lr_0 = 6.2791e-04
Loss = 6.9878e-02, PNorm = 64.8316, GNorm = 1.6195, lr_0 = 6.2813e-04
Loss = 7.2114e-02, PNorm = 64.8494, GNorm = 1.2586, lr_0 = 6.2836e-04
Loss = 7.7860e-02, PNorm = 64.8662, GNorm = 0.8108, lr_0 = 6.2859e-04
Loss = 6.9423e-02, PNorm = 64.8782, GNorm = 4.3497, lr_0 = 6.2881e-04
Loss = 8.4180e-02, PNorm = 64.8946, GNorm = 0.7844, lr_0 = 6.2904e-04
Loss = 7.6239e-02, PNorm = 64.9156, GNorm = 1.1553, lr_0 = 6.2926e-04
Loss = 6.5861e-02, PNorm = 64.9330, GNorm = 0.8657, lr_0 = 6.2949e-04
Loss = 7.9169e-02, PNorm = 64.9474, GNorm = 2.9822, lr_0 = 6.2971e-04
Loss = 6.1198e-02, PNorm = 64.9603, GNorm = 0.7877, lr_0 = 6.2994e-04
Loss = 6.1043e-02, PNorm = 64.9731, GNorm = 0.6035, lr_0 = 6.3016e-04
Loss = 6.5383e-02, PNorm = 64.9864, GNorm = 0.6261, lr_0 = 6.3039e-04
Loss = 7.2957e-02, PNorm = 65.0019, GNorm = 1.0425, lr_0 = 6.3061e-04
Loss = 8.0540e-02, PNorm = 65.0226, GNorm = 0.9540, lr_0 = 6.3084e-04
Loss = 7.3794e-02, PNorm = 65.0435, GNorm = 1.0597, lr_0 = 6.3107e-04
Loss = 6.3572e-02, PNorm = 65.0584, GNorm = 0.9810, lr_0 = 6.3129e-04
Loss = 5.7791e-02, PNorm = 65.0726, GNorm = 0.6813, lr_0 = 6.3152e-04
Loss = 6.8026e-02, PNorm = 65.0872, GNorm = 1.0659, lr_0 = 6.3174e-04
Loss = 5.8573e-02, PNorm = 65.1041, GNorm = 1.0642, lr_0 = 6.3197e-04
Loss = 6.8759e-02, PNorm = 65.1192, GNorm = 0.9619, lr_0 = 6.3219e-04
Loss = 6.9115e-02, PNorm = 65.1372, GNorm = 1.4747, lr_0 = 6.3242e-04
Loss = 6.7425e-02, PNorm = 65.1531, GNorm = 0.7078, lr_0 = 6.3264e-04
Loss = 6.8355e-02, PNorm = 65.1695, GNorm = 0.6476, lr_0 = 6.3287e-04
Loss = 6.5803e-02, PNorm = 65.1872, GNorm = 0.6950, lr_0 = 6.3310e-04
Loss = 6.8495e-02, PNorm = 65.2031, GNorm = 0.9720, lr_0 = 6.3332e-04
Loss = 7.3770e-02, PNorm = 65.2226, GNorm = 1.1569, lr_0 = 6.3355e-04
Loss = 6.8365e-02, PNorm = 65.2411, GNorm = 1.1064, lr_0 = 6.3377e-04
Loss = 6.7802e-02, PNorm = 65.2624, GNorm = 1.7835, lr_0 = 6.3400e-04
Loss = 6.8227e-02, PNorm = 65.2825, GNorm = 1.0572, lr_0 = 6.3422e-04
Loss = 7.3582e-02, PNorm = 65.2987, GNorm = 1.0269, lr_0 = 6.3445e-04
Loss = 6.2165e-02, PNorm = 65.3168, GNorm = 0.9901, lr_0 = 6.3467e-04
Loss = 1.0201e-01, PNorm = 65.3373, GNorm = 1.4734, lr_0 = 6.3490e-04
Loss = 8.3805e-02, PNorm = 65.3591, GNorm = 1.2978, lr_0 = 6.3512e-04
Loss = 7.4863e-02, PNorm = 65.3764, GNorm = 0.8152, lr_0 = 6.3535e-04
Loss = 7.2341e-02, PNorm = 65.3954, GNorm = 1.8345, lr_0 = 6.3558e-04
Loss = 6.7195e-02, PNorm = 65.4178, GNorm = 0.8309, lr_0 = 6.3580e-04
Loss = 8.8267e-02, PNorm = 65.4387, GNorm = 1.8612, lr_0 = 6.3603e-04
Loss = 7.0753e-02, PNorm = 65.4616, GNorm = 0.9817, lr_0 = 6.3625e-04
Loss = 8.0400e-02, PNorm = 65.4788, GNorm = 1.4482, lr_0 = 6.3648e-04
Loss = 7.1147e-02, PNorm = 65.4960, GNorm = 0.8163, lr_0 = 6.3670e-04
Loss = 7.6625e-02, PNorm = 65.5112, GNorm = 1.1674, lr_0 = 6.3693e-04
Loss = 6.8353e-02, PNorm = 65.5251, GNorm = 1.0250, lr_0 = 6.3715e-04
Loss = 8.7653e-02, PNorm = 65.5403, GNorm = 1.1930, lr_0 = 6.3738e-04
Loss = 6.7322e-02, PNorm = 65.5616, GNorm = 1.0274, lr_0 = 6.3761e-04
Loss = 7.7989e-02, PNorm = 65.5814, GNorm = 1.0023, lr_0 = 6.3783e-04
Loss = 8.0407e-02, PNorm = 65.5980, GNorm = 1.5795, lr_0 = 6.3806e-04
Loss = 5.5874e-02, PNorm = 65.6146, GNorm = 0.8315, lr_0 = 6.3828e-04
Loss = 6.5496e-02, PNorm = 65.6268, GNorm = 1.2563, lr_0 = 6.3851e-04
Loss = 7.0547e-02, PNorm = 65.6421, GNorm = 0.9202, lr_0 = 6.3873e-04
Loss = 7.0500e-02, PNorm = 65.6587, GNorm = 1.5329, lr_0 = 6.3896e-04
Loss = 6.4606e-02, PNorm = 65.6772, GNorm = 1.3228, lr_0 = 6.3918e-04
Loss = 6.3956e-02, PNorm = 65.6939, GNorm = 1.0274, lr_0 = 6.3941e-04
Loss = 7.4986e-02, PNorm = 65.7105, GNorm = 1.7935, lr_0 = 6.3963e-04
Loss = 7.3524e-02, PNorm = 65.7270, GNorm = 1.3823, lr_0 = 6.3986e-04
Loss = 7.6066e-02, PNorm = 65.7478, GNorm = 1.2413, lr_0 = 6.4009e-04
Loss = 7.4638e-02, PNorm = 65.7678, GNorm = 0.9473, lr_0 = 6.4031e-04
Loss = 6.6595e-02, PNorm = 65.7825, GNorm = 1.3676, lr_0 = 6.4054e-04
Loss = 6.4050e-02, PNorm = 65.7983, GNorm = 0.9562, lr_0 = 6.4076e-04
Loss = 6.1369e-02, PNorm = 65.8177, GNorm = 1.1229, lr_0 = 6.4099e-04
Loss = 7.3985e-02, PNorm = 65.8348, GNorm = 1.1777, lr_0 = 6.4121e-04
Loss = 7.1491e-02, PNorm = 65.8507, GNorm = 1.1594, lr_0 = 6.4144e-04
Loss = 6.9351e-02, PNorm = 65.8666, GNorm = 2.2092, lr_0 = 6.4166e-04
Loss = 6.4812e-02, PNorm = 65.8852, GNorm = 1.4163, lr_0 = 6.4189e-04
Loss = 6.2249e-02, PNorm = 65.9072, GNorm = 0.7784, lr_0 = 6.4212e-04
Loss = 6.7655e-02, PNorm = 65.9282, GNorm = 0.9549, lr_0 = 6.4234e-04
Loss = 6.9277e-02, PNorm = 65.9455, GNorm = 0.9572, lr_0 = 6.4257e-04
Loss = 7.2016e-02, PNorm = 65.9614, GNorm = 1.4054, lr_0 = 6.4279e-04
Loss = 7.3715e-02, PNorm = 65.9767, GNorm = 1.0141, lr_0 = 6.4302e-04
Loss = 7.5465e-02, PNorm = 65.9903, GNorm = 1.5158, lr_0 = 6.4324e-04
Loss = 5.5227e-02, PNorm = 66.0060, GNorm = 0.8409, lr_0 = 6.4347e-04
Loss = 7.5141e-02, PNorm = 66.0223, GNorm = 1.0252, lr_0 = 6.4369e-04
Loss = 6.6916e-02, PNorm = 66.0419, GNorm = 0.7417, lr_0 = 6.4392e-04
Loss = 6.7666e-02, PNorm = 66.0641, GNorm = 1.2647, lr_0 = 6.4414e-04
Loss = 6.1417e-02, PNorm = 66.0840, GNorm = 0.6608, lr_0 = 6.4437e-04
Loss = 6.2218e-02, PNorm = 66.1018, GNorm = 0.8553, lr_0 = 6.4460e-04
Loss = 7.0615e-02, PNorm = 66.1179, GNorm = 1.4311, lr_0 = 6.4482e-04
Loss = 6.5024e-02, PNorm = 66.1336, GNorm = 0.8351, lr_0 = 6.4505e-04
Loss = 5.9582e-02, PNorm = 66.1462, GNorm = 0.7370, lr_0 = 6.4527e-04
Loss = 5.8627e-02, PNorm = 66.1572, GNorm = 0.8899, lr_0 = 6.4550e-04
Loss = 6.5036e-02, PNorm = 66.1748, GNorm = 0.8892, lr_0 = 6.4572e-04
Loss = 5.9049e-02, PNorm = 66.1931, GNorm = 1.0518, lr_0 = 6.4595e-04
Loss = 6.2910e-02, PNorm = 66.2109, GNorm = 0.7940, lr_0 = 6.4617e-04
Loss = 6.8815e-02, PNorm = 66.2309, GNorm = 1.6742, lr_0 = 6.4640e-04
Loss = 6.3225e-02, PNorm = 66.2485, GNorm = 2.0592, lr_0 = 6.4663e-04
Loss = 6.8650e-02, PNorm = 66.2625, GNorm = 0.7320, lr_0 = 6.4685e-04
Loss = 9.7986e-02, PNorm = 66.2797, GNorm = 1.9272, lr_0 = 6.4708e-04
Loss = 6.3839e-02, PNorm = 66.2963, GNorm = 0.9708, lr_0 = 6.4730e-04
Loss = 8.4358e-02, PNorm = 66.3205, GNorm = 1.9064, lr_0 = 6.4753e-04
Loss = 7.2043e-02, PNorm = 66.3430, GNorm = 0.6572, lr_0 = 6.4775e-04
Loss = 5.6594e-02, PNorm = 66.3619, GNorm = 1.0682, lr_0 = 6.4798e-04
Loss = 6.7328e-02, PNorm = 66.3806, GNorm = 1.1349, lr_0 = 6.4820e-04
Loss = 7.5753e-02, PNorm = 66.3978, GNorm = 1.3764, lr_0 = 6.4843e-04
Loss = 6.3564e-02, PNorm = 66.4182, GNorm = 1.1041, lr_0 = 6.4865e-04
Loss = 7.8202e-02, PNorm = 66.4369, GNorm = 1.2154, lr_0 = 6.4888e-04
Loss = 9.1633e-02, PNorm = 66.4591, GNorm = 0.5747, lr_0 = 6.4911e-04
Loss = 7.6154e-02, PNorm = 66.4830, GNorm = 1.3367, lr_0 = 6.4933e-04
Loss = 8.5320e-02, PNorm = 66.5049, GNorm = 1.0085, lr_0 = 6.4956e-04
Loss = 7.8260e-02, PNorm = 66.5226, GNorm = 0.9746, lr_0 = 6.4978e-04
Loss = 7.4493e-02, PNorm = 66.5438, GNorm = 1.2994, lr_0 = 6.5001e-04
Loss = 7.5150e-02, PNorm = 66.5611, GNorm = 1.0626, lr_0 = 6.5023e-04
Loss = 7.1954e-02, PNorm = 66.5751, GNorm = 0.7838, lr_0 = 6.5046e-04
Loss = 7.4286e-02, PNorm = 66.5945, GNorm = 0.9348, lr_0 = 6.5068e-04
Loss = 7.1716e-02, PNorm = 66.6116, GNorm = 1.4280, lr_0 = 6.5091e-04
Loss = 7.1267e-02, PNorm = 66.6282, GNorm = 0.7745, lr_0 = 6.5113e-04
Loss = 5.8212e-02, PNorm = 66.6498, GNorm = 0.8230, lr_0 = 6.5136e-04
Loss = 6.1653e-02, PNorm = 66.6682, GNorm = 1.1547, lr_0 = 6.5159e-04
Loss = 8.7653e-02, PNorm = 66.6822, GNorm = 3.0050, lr_0 = 6.5181e-04
Loss = 6.9581e-02, PNorm = 66.7017, GNorm = 1.3680, lr_0 = 6.5204e-04
Loss = 7.6962e-02, PNorm = 66.7246, GNorm = 0.7189, lr_0 = 6.5226e-04
Loss = 8.0793e-02, PNorm = 66.7463, GNorm = 1.5965, lr_0 = 6.5249e-04
Loss = 5.9574e-02, PNorm = 66.7683, GNorm = 1.0515, lr_0 = 6.5271e-04
Loss = 7.0949e-02, PNorm = 66.7899, GNorm = 1.6360, lr_0 = 6.5294e-04
Loss = 5.6340e-02, PNorm = 66.8092, GNorm = 0.9650, lr_0 = 6.5316e-04
Loss = 7.5151e-02, PNorm = 66.8283, GNorm = 0.8834, lr_0 = 6.5339e-04
Loss = 6.1058e-02, PNorm = 66.8466, GNorm = 1.1942, lr_0 = 6.5362e-04
Loss = 7.1604e-02, PNorm = 66.8628, GNorm = 1.0051, lr_0 = 6.5384e-04
Loss = 5.8865e-02, PNorm = 66.8801, GNorm = 1.1190, lr_0 = 6.5407e-04
Loss = 6.3647e-02, PNorm = 66.8951, GNorm = 1.1399, lr_0 = 6.5429e-04
Loss = 5.6930e-02, PNorm = 66.9095, GNorm = 0.8940, lr_0 = 6.5452e-04
Loss = 7.3093e-02, PNorm = 66.9240, GNorm = 0.8999, lr_0 = 6.5474e-04
Loss = 6.5019e-02, PNorm = 66.9410, GNorm = 0.9535, lr_0 = 6.5497e-04
Loss = 6.4823e-02, PNorm = 66.9552, GNorm = 0.9516, lr_0 = 6.5519e-04
Loss = 6.7141e-02, PNorm = 66.9697, GNorm = 1.3022, lr_0 = 6.5542e-04
Loss = 6.5142e-02, PNorm = 66.9821, GNorm = 3.2060, lr_0 = 6.5564e-04
Loss = 6.1109e-02, PNorm = 66.9951, GNorm = 0.6532, lr_0 = 6.5587e-04
Loss = 7.0180e-02, PNorm = 67.0098, GNorm = 1.1011, lr_0 = 6.5610e-04
Loss = 6.8301e-02, PNorm = 67.0304, GNorm = 3.0678, lr_0 = 6.5632e-04
Loss = 7.3108e-02, PNorm = 67.0525, GNorm = 0.7602, lr_0 = 6.5655e-04
Loss = 7.2769e-02, PNorm = 67.0700, GNorm = 1.2504, lr_0 = 6.5677e-04
Loss = 9.5901e-02, PNorm = 67.0905, GNorm = 0.9861, lr_0 = 6.5700e-04
Loss = 6.7068e-02, PNorm = 67.1147, GNorm = 1.7663, lr_0 = 6.5722e-04
Loss = 7.3507e-02, PNorm = 67.1334, GNorm = 1.0908, lr_0 = 6.5745e-04
Loss = 8.9113e-02, PNorm = 67.1554, GNorm = 0.9898, lr_0 = 6.5767e-04
Loss = 6.5188e-02, PNorm = 67.1753, GNorm = 1.0835, lr_0 = 6.5790e-04
Loss = 6.7470e-02, PNorm = 67.1915, GNorm = 0.6087, lr_0 = 6.5813e-04
Loss = 7.8372e-02, PNorm = 67.2141, GNorm = 0.5093, lr_0 = 6.5835e-04
Loss = 5.9563e-02, PNorm = 67.2378, GNorm = 1.1205, lr_0 = 6.5858e-04
Loss = 7.8599e-02, PNorm = 67.2530, GNorm = 1.4046, lr_0 = 6.5880e-04
Loss = 5.2993e-02, PNorm = 67.2698, GNorm = 1.1326, lr_0 = 6.5903e-04
Loss = 7.0861e-02, PNorm = 67.2847, GNorm = 0.9435, lr_0 = 6.5925e-04
Loss = 7.1152e-02, PNorm = 67.3001, GNorm = 0.8039, lr_0 = 6.5948e-04
Loss = 7.1829e-02, PNorm = 67.3209, GNorm = 1.4316, lr_0 = 6.5970e-04
Loss = 1.0123e-01, PNorm = 67.3419, GNorm = 0.8904, lr_0 = 6.5993e-04
Loss = 5.9154e-02, PNorm = 67.3634, GNorm = 1.4122, lr_0 = 6.6015e-04
Loss = 7.4993e-02, PNorm = 67.3801, GNorm = 0.9730, lr_0 = 6.6038e-04
Loss = 6.5551e-02, PNorm = 67.3986, GNorm = 1.4028, lr_0 = 6.6061e-04
Loss = 6.7291e-02, PNorm = 67.4169, GNorm = 0.5913, lr_0 = 6.6083e-04
Loss = 8.8745e-02, PNorm = 67.4348, GNorm = 4.0306, lr_0 = 6.6106e-04
Loss = 8.5661e-02, PNorm = 67.4531, GNorm = 0.8304, lr_0 = 6.6128e-04
Loss = 7.3721e-02, PNorm = 67.4739, GNorm = 1.2105, lr_0 = 6.6151e-04
Loss = 7.6422e-02, PNorm = 67.5013, GNorm = 1.0441, lr_0 = 6.6173e-04
Loss = 8.5671e-02, PNorm = 67.5314, GNorm = 1.7754, lr_0 = 6.6196e-04
Loss = 7.4828e-02, PNorm = 67.5592, GNorm = 1.6016, lr_0 = 6.6218e-04
Loss = 7.3832e-02, PNorm = 67.5806, GNorm = 1.4832, lr_0 = 6.6241e-04
Loss = 6.5532e-02, PNorm = 67.5978, GNorm = 0.9728, lr_0 = 6.6264e-04
Loss = 6.9556e-02, PNorm = 67.6184, GNorm = 1.2230, lr_0 = 6.6286e-04
Loss = 6.6177e-02, PNorm = 67.6372, GNorm = 0.7787, lr_0 = 6.6309e-04
Loss = 7.0030e-02, PNorm = 67.6550, GNorm = 1.3842, lr_0 = 6.6331e-04
Loss = 7.1802e-02, PNorm = 67.6742, GNorm = 0.8381, lr_0 = 6.6354e-04
Loss = 7.2356e-02, PNorm = 67.6925, GNorm = 1.1840, lr_0 = 6.6376e-04
Loss = 9.3220e-02, PNorm = 67.7095, GNorm = 1.3210, lr_0 = 6.6399e-04
Loss = 7.2650e-02, PNorm = 67.7321, GNorm = 0.8140, lr_0 = 6.6421e-04
Loss = 7.8430e-02, PNorm = 67.7494, GNorm = 0.8708, lr_0 = 6.6444e-04
Loss = 7.1898e-02, PNorm = 67.7670, GNorm = 1.2042, lr_0 = 6.6466e-04
Loss = 6.5989e-02, PNorm = 67.7891, GNorm = 1.1496, lr_0 = 6.6489e-04
Loss = 6.5468e-02, PNorm = 67.8124, GNorm = 0.9655, lr_0 = 6.6512e-04
Loss = 6.1784e-02, PNorm = 67.8329, GNorm = 1.2151, lr_0 = 6.6534e-04
Loss = 5.7412e-02, PNorm = 67.8476, GNorm = 0.8680, lr_0 = 6.6557e-04
Loss = 7.0372e-02, PNorm = 67.8616, GNorm = 0.6098, lr_0 = 6.6579e-04
Loss = 8.0545e-02, PNorm = 67.8834, GNorm = 1.6375, lr_0 = 6.6602e-04
Loss = 6.6854e-02, PNorm = 67.9057, GNorm = 1.3600, lr_0 = 6.6624e-04
Loss = 6.4219e-02, PNorm = 67.9246, GNorm = 0.6284, lr_0 = 6.6647e-04
Loss = 1.3484e-01, PNorm = 67.9518, GNorm = 1.3626, lr_0 = 6.6669e-04
Loss = 9.1307e-02, PNorm = 67.9848, GNorm = 0.8894, lr_0 = 6.6692e-04
Loss = 9.6660e-02, PNorm = 68.0118, GNorm = 1.7100, lr_0 = 6.6715e-04
Loss = 9.2592e-02, PNorm = 68.0349, GNorm = 1.3699, lr_0 = 6.6737e-04
Loss = 8.4313e-02, PNorm = 68.0583, GNorm = 1.2951, lr_0 = 6.6760e-04
Loss = 7.5883e-02, PNorm = 68.0815, GNorm = 1.1375, lr_0 = 6.6782e-04
Loss = 7.2034e-02, PNorm = 68.1018, GNorm = 1.3706, lr_0 = 6.6805e-04
Loss = 7.2666e-02, PNorm = 68.1236, GNorm = 0.7974, lr_0 = 6.6827e-04
Loss = 8.4838e-02, PNorm = 68.1452, GNorm = 0.7580, lr_0 = 6.6850e-04
Loss = 7.1620e-02, PNorm = 68.1645, GNorm = 1.1739, lr_0 = 6.6872e-04
Loss = 6.8917e-02, PNorm = 68.1844, GNorm = 1.0092, lr_0 = 6.6895e-04
Loss = 7.9784e-02, PNorm = 68.2061, GNorm = 1.2143, lr_0 = 6.6917e-04
Loss = 6.5356e-02, PNorm = 68.2237, GNorm = 0.7970, lr_0 = 6.6940e-04
Loss = 7.2604e-02, PNorm = 68.2424, GNorm = 1.2777, lr_0 = 6.6963e-04
Loss = 5.7197e-02, PNorm = 68.2674, GNorm = 1.8757, lr_0 = 6.6985e-04
Loss = 6.0879e-02, PNorm = 68.2868, GNorm = 1.0054, lr_0 = 6.7008e-04
Loss = 7.1928e-02, PNorm = 68.3029, GNorm = 1.1536, lr_0 = 6.7030e-04
Loss = 6.6406e-02, PNorm = 68.3186, GNorm = 1.1703, lr_0 = 6.7053e-04
Loss = 6.7033e-02, PNorm = 68.3395, GNorm = 1.1991, lr_0 = 6.7075e-04
Loss = 7.2980e-02, PNorm = 68.3581, GNorm = 1.0701, lr_0 = 6.7098e-04
Loss = 6.7169e-02, PNorm = 68.3795, GNorm = 1.1704, lr_0 = 6.7120e-04
Loss = 7.0774e-02, PNorm = 68.4003, GNorm = 1.5817, lr_0 = 6.7143e-04
Loss = 6.4825e-02, PNorm = 68.4195, GNorm = 1.2144, lr_0 = 6.7166e-04
Loss = 6.1965e-02, PNorm = 68.4335, GNorm = 0.7824, lr_0 = 6.7188e-04
Loss = 7.0807e-02, PNorm = 68.4527, GNorm = 1.0871, lr_0 = 6.7211e-04
Loss = 6.6158e-02, PNorm = 68.4672, GNorm = 0.9596, lr_0 = 6.7233e-04
Loss = 7.0979e-02, PNorm = 68.4881, GNorm = 0.8842, lr_0 = 6.7256e-04
Loss = 7.3539e-02, PNorm = 68.5078, GNorm = 0.9270, lr_0 = 6.7278e-04
Loss = 6.2526e-02, PNorm = 68.5239, GNorm = 0.9166, lr_0 = 6.7301e-04
Loss = 6.0608e-02, PNorm = 68.5432, GNorm = 0.9831, lr_0 = 6.7323e-04
Loss = 7.0277e-02, PNorm = 68.5629, GNorm = 1.1198, lr_0 = 6.7346e-04
Loss = 6.3319e-02, PNorm = 68.5813, GNorm = 1.0957, lr_0 = 6.7368e-04
Loss = 6.7559e-02, PNorm = 68.5985, GNorm = 0.6169, lr_0 = 6.7391e-04
Loss = 7.5389e-02, PNorm = 68.6168, GNorm = 0.6203, lr_0 = 6.7414e-04
Loss = 7.9162e-02, PNorm = 68.6399, GNorm = 1.2269, lr_0 = 6.7436e-04
Loss = 6.1041e-02, PNorm = 68.6593, GNorm = 1.0967, lr_0 = 6.7459e-04
Loss = 5.5703e-02, PNorm = 68.6756, GNorm = 0.6021, lr_0 = 6.7481e-04
Loss = 6.7702e-02, PNorm = 68.6919, GNorm = 2.3397, lr_0 = 6.7504e-04
Loss = 5.9337e-02, PNorm = 68.7089, GNorm = 0.9104, lr_0 = 6.7526e-04
Loss = 7.1173e-02, PNorm = 68.7253, GNorm = 1.0630, lr_0 = 6.7549e-04
Loss = 7.2658e-02, PNorm = 68.7446, GNorm = 0.6940, lr_0 = 6.7571e-04
Loss = 5.7825e-02, PNorm = 68.7631, GNorm = 0.7699, lr_0 = 6.7594e-04
Loss = 7.1605e-02, PNorm = 68.7828, GNorm = 0.8521, lr_0 = 6.7617e-04
Loss = 6.6399e-02, PNorm = 68.8049, GNorm = 1.1429, lr_0 = 6.7639e-04
Loss = 6.1169e-02, PNorm = 68.8224, GNorm = 0.9392, lr_0 = 6.7662e-04
Loss = 6.5037e-02, PNorm = 68.8356, GNorm = 0.8743, lr_0 = 6.7684e-04
Loss = 6.7111e-02, PNorm = 68.8509, GNorm = 1.3366, lr_0 = 6.7707e-04
Loss = 6.3046e-02, PNorm = 68.8711, GNorm = 0.6337, lr_0 = 6.7729e-04
Loss = 5.7671e-02, PNorm = 68.8921, GNorm = 0.9898, lr_0 = 6.7752e-04
Loss = 5.9434e-02, PNorm = 68.9118, GNorm = 1.4397, lr_0 = 6.7774e-04
Loss = 8.6082e-02, PNorm = 68.9254, GNorm = 2.1380, lr_0 = 6.7797e-04
Loss = 7.9706e-02, PNorm = 68.9427, GNorm = 1.2786, lr_0 = 6.7819e-04
Loss = 5.6951e-02, PNorm = 68.9628, GNorm = 0.6665, lr_0 = 6.7842e-04
Loss = 6.3974e-02, PNorm = 68.9827, GNorm = 0.6829, lr_0 = 6.7865e-04
Loss = 5.6312e-02, PNorm = 69.0022, GNorm = 1.1002, lr_0 = 6.7887e-04
Loss = 6.1740e-02, PNorm = 69.0173, GNorm = 1.1593, lr_0 = 6.7910e-04
Loss = 5.6430e-02, PNorm = 69.0355, GNorm = 1.3409, lr_0 = 6.7932e-04
Loss = 5.8447e-02, PNorm = 69.0548, GNorm = 0.9687, lr_0 = 6.7955e-04
Loss = 7.6945e-02, PNorm = 69.0706, GNorm = 1.0164, lr_0 = 6.7977e-04
Loss = 7.3038e-02, PNorm = 69.0840, GNorm = 1.2325, lr_0 = 6.8000e-04
Loss = 6.0952e-02, PNorm = 69.0999, GNorm = 1.5036, lr_0 = 6.8022e-04
Loss = 6.4563e-02, PNorm = 69.1180, GNorm = 1.5175, lr_0 = 6.8045e-04
Loss = 6.3677e-02, PNorm = 69.1360, GNorm = 0.9976, lr_0 = 6.8067e-04
Loss = 6.6625e-02, PNorm = 69.1547, GNorm = 0.8692, lr_0 = 6.8090e-04
Loss = 5.9614e-02, PNorm = 69.1743, GNorm = 0.7413, lr_0 = 6.8113e-04
Loss = 6.3652e-02, PNorm = 69.1914, GNorm = 1.1211, lr_0 = 6.8135e-04
Loss = 5.1636e-02, PNorm = 69.2076, GNorm = 0.6262, lr_0 = 6.8158e-04
Loss = 6.4253e-02, PNorm = 69.2249, GNorm = 1.6174, lr_0 = 6.8180e-04
Loss = 6.3822e-02, PNorm = 69.2420, GNorm = 0.5973, lr_0 = 6.8203e-04
Loss = 6.9938e-02, PNorm = 69.2620, GNorm = 0.6695, lr_0 = 6.8225e-04
Loss = 6.2939e-02, PNorm = 69.2806, GNorm = 1.5784, lr_0 = 6.8248e-04
Loss = 7.3244e-02, PNorm = 69.2975, GNorm = 2.0525, lr_0 = 6.8270e-04
Loss = 6.7553e-02, PNorm = 69.3148, GNorm = 1.1622, lr_0 = 6.8293e-04
Loss = 6.8195e-02, PNorm = 69.3340, GNorm = 2.1759, lr_0 = 6.8316e-04
Loss = 6.3626e-02, PNorm = 69.3568, GNorm = 0.6174, lr_0 = 6.8338e-04
Loss = 7.0186e-02, PNorm = 69.3807, GNorm = 0.6851, lr_0 = 6.8361e-04
Loss = 6.5745e-02, PNorm = 69.4020, GNorm = 0.9122, lr_0 = 6.8383e-04
Loss = 6.9064e-02, PNorm = 69.4165, GNorm = 1.2508, lr_0 = 6.8406e-04
Loss = 6.3016e-02, PNorm = 69.4349, GNorm = 0.7726, lr_0 = 6.8428e-04
Loss = 5.9795e-02, PNorm = 69.4511, GNorm = 1.1806, lr_0 = 6.8451e-04
Loss = 6.3025e-02, PNorm = 69.4656, GNorm = 0.6528, lr_0 = 6.8473e-04
Loss = 5.5892e-02, PNorm = 69.4794, GNorm = 0.7814, lr_0 = 6.8496e-04
Loss = 6.8641e-02, PNorm = 69.4937, GNorm = 0.7263, lr_0 = 6.8518e-04
Loss = 5.2976e-02, PNorm = 69.5109, GNorm = 0.6101, lr_0 = 6.8541e-04
Loss = 5.8565e-02, PNorm = 69.5271, GNorm = 1.0507, lr_0 = 6.8564e-04
Loss = 7.8302e-02, PNorm = 69.5461, GNorm = 1.1245, lr_0 = 6.8586e-04
Loss = 7.1032e-02, PNorm = 69.5705, GNorm = 0.6570, lr_0 = 6.8609e-04
Loss = 7.8279e-02, PNorm = 69.5948, GNorm = 1.6819, lr_0 = 6.8631e-04
Loss = 6.6110e-02, PNorm = 69.6207, GNorm = 1.9195, lr_0 = 6.8654e-04
Loss = 7.2326e-02, PNorm = 69.6474, GNorm = 0.9705, lr_0 = 6.8676e-04
Loss = 6.1605e-02, PNorm = 69.6673, GNorm = 0.8698, lr_0 = 6.8699e-04
Loss = 6.6106e-02, PNorm = 69.6852, GNorm = 1.7214, lr_0 = 6.8721e-04
Loss = 7.8942e-02, PNorm = 69.7073, GNorm = 0.7790, lr_0 = 6.8744e-04
Loss = 5.6066e-02, PNorm = 69.7270, GNorm = 1.0396, lr_0 = 6.8767e-04
Loss = 5.8039e-02, PNorm = 69.7457, GNorm = 1.8088, lr_0 = 6.8789e-04
Loss = 5.3111e-02, PNorm = 69.7616, GNorm = 0.6959, lr_0 = 6.8812e-04
Loss = 5.1249e-02, PNorm = 69.7757, GNorm = 0.8221, lr_0 = 6.8834e-04
Loss = 5.6436e-02, PNorm = 69.7922, GNorm = 0.7029, lr_0 = 6.8857e-04
Loss = 5.7677e-02, PNorm = 69.8115, GNorm = 0.8523, lr_0 = 6.8879e-04
Loss = 5.4690e-02, PNorm = 69.8280, GNorm = 0.5829, lr_0 = 6.8902e-04
Loss = 4.9945e-02, PNorm = 69.8427, GNorm = 1.1002, lr_0 = 6.8924e-04
Loss = 5.1739e-02, PNorm = 69.8582, GNorm = 0.8433, lr_0 = 6.8947e-04
Loss = 5.3942e-02, PNorm = 69.8742, GNorm = 1.0910, lr_0 = 6.8969e-04
Loss = 5.9889e-02, PNorm = 69.8928, GNorm = 1.0655, lr_0 = 6.8992e-04
Loss = 6.1809e-02, PNorm = 69.9100, GNorm = 1.0331, lr_0 = 6.9015e-04
Loss = 6.2627e-02, PNorm = 69.9290, GNorm = 0.7202, lr_0 = 6.9037e-04
Loss = 5.9242e-02, PNorm = 69.9461, GNorm = 0.7526, lr_0 = 6.9060e-04
Loss = 6.4705e-02, PNorm = 69.9652, GNorm = 1.4442, lr_0 = 6.9082e-04
Loss = 5.4107e-02, PNorm = 69.9838, GNorm = 1.4395, lr_0 = 6.9105e-04
Loss = 6.1093e-02, PNorm = 70.0012, GNorm = 0.8400, lr_0 = 6.9127e-04
Loss = 5.2269e-02, PNorm = 70.0212, GNorm = 0.9214, lr_0 = 6.9150e-04
Loss = 6.3339e-02, PNorm = 70.0384, GNorm = 1.2337, lr_0 = 6.9172e-04
Loss = 5.6912e-02, PNorm = 70.0528, GNorm = 0.5784, lr_0 = 6.9195e-04
Loss = 6.2875e-02, PNorm = 70.0679, GNorm = 0.8203, lr_0 = 6.9218e-04
Loss = 6.3717e-02, PNorm = 70.0874, GNorm = 1.1453, lr_0 = 6.9240e-04
Loss = 6.8978e-02, PNorm = 70.1098, GNorm = 0.7905, lr_0 = 6.9263e-04
Loss = 5.7799e-02, PNorm = 70.1322, GNorm = 0.6970, lr_0 = 6.9285e-04
Loss = 6.5037e-02, PNorm = 70.1468, GNorm = 0.8765, lr_0 = 6.9308e-04
Loss = 6.2140e-02, PNorm = 70.1629, GNorm = 0.7327, lr_0 = 6.9330e-04
Loss = 6.3952e-02, PNorm = 70.1796, GNorm = 1.9006, lr_0 = 6.9353e-04
Loss = 7.5654e-02, PNorm = 70.2004, GNorm = 0.6071, lr_0 = 6.9375e-04
Loss = 6.9208e-02, PNorm = 70.2236, GNorm = 0.8750, lr_0 = 6.9398e-04
Loss = 5.8994e-02, PNorm = 70.2455, GNorm = 0.9958, lr_0 = 6.9420e-04
Loss = 6.7364e-02, PNorm = 70.2663, GNorm = 0.8391, lr_0 = 6.9443e-04
Loss = 5.0240e-02, PNorm = 70.2829, GNorm = 0.7145, lr_0 = 6.9466e-04
Loss = 5.8935e-02, PNorm = 70.3001, GNorm = 0.7451, lr_0 = 6.9488e-04
Loss = 6.0561e-02, PNorm = 70.3189, GNorm = 0.9159, lr_0 = 6.9511e-04
Loss = 5.9425e-02, PNorm = 70.3346, GNorm = 1.6195, lr_0 = 6.9533e-04
Loss = 6.2839e-02, PNorm = 70.3526, GNorm = 0.7462, lr_0 = 6.9556e-04
Loss = 7.5647e-02, PNorm = 70.3735, GNorm = 1.1425, lr_0 = 6.9578e-04
Loss = 6.2031e-02, PNorm = 70.3929, GNorm = 0.6768, lr_0 = 6.9601e-04
Loss = 9.3002e-02, PNorm = 70.4158, GNorm = 1.0318, lr_0 = 6.9623e-04
Loss = 7.2040e-02, PNorm = 70.4383, GNorm = 0.9985, lr_0 = 6.9646e-04
Loss = 7.6907e-02, PNorm = 70.4610, GNorm = 2.6470, lr_0 = 6.9669e-04
Loss = 7.7730e-02, PNorm = 70.4844, GNorm = 0.7698, lr_0 = 6.9691e-04
Loss = 6.3676e-02, PNorm = 70.5020, GNorm = 0.9699, lr_0 = 6.9714e-04
Loss = 7.0095e-02, PNorm = 70.5172, GNorm = 1.0191, lr_0 = 6.9736e-04
Loss = 6.9777e-02, PNorm = 70.5360, GNorm = 1.4046, lr_0 = 6.9759e-04
Loss = 5.6885e-02, PNorm = 70.5564, GNorm = 1.0271, lr_0 = 6.9781e-04
Loss = 7.5357e-02, PNorm = 70.5719, GNorm = 0.9755, lr_0 = 6.9804e-04
Loss = 5.8599e-02, PNorm = 70.5878, GNorm = 0.7727, lr_0 = 6.9826e-04
Loss = 6.6436e-02, PNorm = 70.6058, GNorm = 0.5118, lr_0 = 6.9849e-04
Loss = 5.6741e-02, PNorm = 70.6232, GNorm = 0.7088, lr_0 = 6.9871e-04
Loss = 5.7703e-02, PNorm = 70.6437, GNorm = 1.1583, lr_0 = 6.9894e-04
Loss = 6.6723e-02, PNorm = 70.6613, GNorm = 0.8762, lr_0 = 6.9917e-04
Loss = 7.0041e-02, PNorm = 70.6819, GNorm = 1.0444, lr_0 = 6.9939e-04
Loss = 5.8420e-02, PNorm = 70.7035, GNorm = 1.3833, lr_0 = 6.9962e-04
Loss = 5.3930e-02, PNorm = 70.7203, GNorm = 2.9607, lr_0 = 6.9984e-04
Loss = 6.9521e-02, PNorm = 70.7368, GNorm = 0.7062, lr_0 = 7.0007e-04
Loss = 6.2329e-02, PNorm = 70.7545, GNorm = 1.6413, lr_0 = 7.0029e-04
Loss = 5.5769e-02, PNorm = 70.7730, GNorm = 1.5826, lr_0 = 7.0052e-04
Loss = 6.9800e-02, PNorm = 70.7916, GNorm = 0.8093, lr_0 = 7.0074e-04
Loss = 5.6941e-02, PNorm = 70.8125, GNorm = 0.7150, lr_0 = 7.0097e-04
Loss = 5.8366e-02, PNorm = 70.8333, GNorm = 0.8922, lr_0 = 7.0120e-04
Loss = 6.5154e-02, PNorm = 70.8517, GNorm = 1.1285, lr_0 = 7.0142e-04
Loss = 7.0017e-02, PNorm = 70.8686, GNorm = 1.2390, lr_0 = 7.0165e-04
Loss = 6.3980e-02, PNorm = 70.8872, GNorm = 1.7838, lr_0 = 7.0187e-04
Loss = 6.7912e-02, PNorm = 70.9036, GNorm = 1.0225, lr_0 = 7.0210e-04
Loss = 6.5131e-02, PNorm = 70.9262, GNorm = 1.2204, lr_0 = 7.0232e-04
Loss = 7.7133e-02, PNorm = 70.9523, GNorm = 1.1368, lr_0 = 7.0255e-04
Loss = 6.9647e-02, PNorm = 70.9760, GNorm = 1.2236, lr_0 = 7.0277e-04
Loss = 5.4419e-02, PNorm = 70.9953, GNorm = 0.7604, lr_0 = 7.0300e-04
Loss = 5.9468e-02, PNorm = 71.0134, GNorm = 1.4740, lr_0 = 7.0322e-04
Loss = 6.9825e-02, PNorm = 71.0313, GNorm = 1.5251, lr_0 = 7.0345e-04
Loss = 6.6542e-02, PNorm = 71.0491, GNorm = 1.4411, lr_0 = 7.0368e-04
Loss = 6.3902e-02, PNorm = 71.0666, GNorm = 0.8808, lr_0 = 7.0390e-04
Loss = 7.0986e-02, PNorm = 71.0822, GNorm = 0.8519, lr_0 = 7.0413e-04
Loss = 7.3281e-02, PNorm = 71.1009, GNorm = 0.9391, lr_0 = 7.0435e-04
Loss = 7.5301e-02, PNorm = 71.1253, GNorm = 0.8712, lr_0 = 7.0458e-04
Loss = 1.0406e-01, PNorm = 71.1522, GNorm = 1.1016, lr_0 = 7.0480e-04
Loss = 6.8206e-02, PNorm = 71.1814, GNorm = 1.9589, lr_0 = 7.0503e-04
Loss = 7.5356e-02, PNorm = 71.2141, GNorm = 2.3741, lr_0 = 7.0525e-04
Loss = 8.3116e-02, PNorm = 71.2463, GNorm = 1.0138, lr_0 = 7.0548e-04
Loss = 6.8213e-02, PNorm = 71.2802, GNorm = 0.5935, lr_0 = 7.0571e-04
Loss = 6.7898e-02, PNorm = 71.3054, GNorm = 1.1229, lr_0 = 7.0593e-04
Loss = 5.1288e-02, PNorm = 71.3252, GNorm = 0.9106, lr_0 = 7.0616e-04
Loss = 6.5447e-02, PNorm = 71.3428, GNorm = 0.8171, lr_0 = 7.0638e-04
Loss = 6.4492e-02, PNorm = 71.3600, GNorm = 2.1365, lr_0 = 7.0661e-04
Loss = 5.7133e-02, PNorm = 71.3789, GNorm = 2.0195, lr_0 = 7.0683e-04
Loss = 6.0822e-02, PNorm = 71.3984, GNorm = 3.1225, lr_0 = 7.0706e-04
Loss = 7.4661e-02, PNorm = 71.4133, GNorm = 0.6754, lr_0 = 7.0728e-04
Loss = 7.8188e-02, PNorm = 71.4391, GNorm = 1.2548, lr_0 = 7.0751e-04
Loss = 8.0613e-02, PNorm = 71.4611, GNorm = 1.1366, lr_0 = 7.0773e-04
Loss = 7.3233e-02, PNorm = 71.4801, GNorm = 2.2676, lr_0 = 7.0796e-04
Loss = 6.7118e-02, PNorm = 71.4997, GNorm = 1.3191, lr_0 = 7.0819e-04
Loss = 6.9152e-02, PNorm = 71.5233, GNorm = 0.5974, lr_0 = 7.0841e-04
Loss = 6.2533e-02, PNorm = 71.5459, GNorm = 0.7413, lr_0 = 7.0864e-04
Loss = 7.2123e-02, PNorm = 71.5661, GNorm = 1.3416, lr_0 = 7.0886e-04
Loss = 8.1493e-02, PNorm = 71.5856, GNorm = 0.9359, lr_0 = 7.0909e-04
Loss = 8.0818e-02, PNorm = 71.6030, GNorm = 0.8996, lr_0 = 7.0931e-04
Loss = 6.6641e-02, PNorm = 71.6244, GNorm = 1.6275, lr_0 = 7.0954e-04
Loss = 5.8785e-02, PNorm = 71.6449, GNorm = 0.6061, lr_0 = 7.0976e-04
Loss = 6.5258e-02, PNorm = 71.6681, GNorm = 1.2178, lr_0 = 7.0999e-04
Loss = 7.1513e-02, PNorm = 71.6910, GNorm = 1.0151, lr_0 = 7.1021e-04
Loss = 5.9234e-02, PNorm = 71.7094, GNorm = 1.0704, lr_0 = 7.1044e-04
Loss = 5.6307e-02, PNorm = 71.7268, GNorm = 0.6449, lr_0 = 7.1067e-04
Loss = 7.7506e-02, PNorm = 71.7467, GNorm = 1.2887, lr_0 = 7.1089e-04
Loss = 5.6823e-02, PNorm = 71.7679, GNorm = 0.8540, lr_0 = 7.1112e-04
Loss = 6.3363e-02, PNorm = 71.7860, GNorm = 0.6078, lr_0 = 7.1134e-04
Loss = 5.5443e-02, PNorm = 71.8049, GNorm = 1.3998, lr_0 = 7.1157e-04
Loss = 6.0289e-02, PNorm = 71.8208, GNorm = 0.7507, lr_0 = 7.1179e-04
Loss = 5.6573e-02, PNorm = 71.8372, GNorm = 1.0304, lr_0 = 7.1202e-04
Loss = 5.9636e-02, PNorm = 71.8569, GNorm = 2.1757, lr_0 = 7.1224e-04
Loss = 5.7460e-02, PNorm = 71.8769, GNorm = 1.9519, lr_0 = 7.1247e-04
Loss = 6.7430e-02, PNorm = 71.8985, GNorm = 0.8739, lr_0 = 7.1270e-04
Loss = 7.2430e-02, PNorm = 71.9160, GNorm = 1.5319, lr_0 = 7.1292e-04
Loss = 6.6054e-02, PNorm = 71.9260, GNorm = 0.8097, lr_0 = 7.1315e-04
Loss = 5.7701e-02, PNorm = 71.9467, GNorm = 1.0957, lr_0 = 7.1337e-04
Loss = 7.8138e-02, PNorm = 71.9712, GNorm = 1.2642, lr_0 = 7.1360e-04
Loss = 6.3948e-02, PNorm = 71.9925, GNorm = 0.7723, lr_0 = 7.1382e-04
Loss = 6.6916e-02, PNorm = 72.0108, GNorm = 1.3464, lr_0 = 7.1405e-04
Loss = 5.8606e-02, PNorm = 72.0287, GNorm = 1.1264, lr_0 = 7.1427e-04
Loss = 7.3009e-02, PNorm = 72.0478, GNorm = 1.0434, lr_0 = 7.1450e-04
Loss = 6.3933e-02, PNorm = 72.0700, GNorm = 2.3681, lr_0 = 7.1472e-04
Loss = 6.1947e-02, PNorm = 72.0918, GNorm = 0.5992, lr_0 = 7.1495e-04
Loss = 6.0500e-02, PNorm = 72.1101, GNorm = 1.2702, lr_0 = 7.1518e-04
Loss = 6.1472e-02, PNorm = 72.1293, GNorm = 1.2067, lr_0 = 7.1540e-04
Loss = 6.3938e-02, PNorm = 72.1440, GNorm = 0.8963, lr_0 = 7.1563e-04
Loss = 7.2314e-02, PNorm = 72.1630, GNorm = 1.6631, lr_0 = 7.1585e-04
Loss = 6.1285e-02, PNorm = 72.1809, GNorm = 1.4586, lr_0 = 7.1608e-04
Loss = 6.2828e-02, PNorm = 72.1975, GNorm = 0.9072, lr_0 = 7.1630e-04
Loss = 6.1098e-02, PNorm = 72.2172, GNorm = 1.3453, lr_0 = 7.1653e-04
Loss = 6.0076e-02, PNorm = 72.2377, GNorm = 0.6789, lr_0 = 7.1675e-04
Loss = 6.8421e-02, PNorm = 72.2621, GNorm = 1.2152, lr_0 = 7.1698e-04
Loss = 5.5422e-02, PNorm = 72.2858, GNorm = 1.0657, lr_0 = 7.1721e-04
Loss = 5.9360e-02, PNorm = 72.3040, GNorm = 1.0295, lr_0 = 7.1743e-04
Loss = 5.6079e-02, PNorm = 72.3239, GNorm = 1.4113, lr_0 = 7.1766e-04
Loss = 5.9678e-02, PNorm = 72.3455, GNorm = 0.7981, lr_0 = 7.1788e-04
Loss = 5.6771e-02, PNorm = 72.3633, GNorm = 0.4727, lr_0 = 7.1811e-04
Loss = 6.0002e-02, PNorm = 72.3795, GNorm = 1.0918, lr_0 = 7.1833e-04
Loss = 5.5575e-02, PNorm = 72.3993, GNorm = 1.1030, lr_0 = 7.1856e-04
Loss = 5.4693e-02, PNorm = 72.4172, GNorm = 1.4198, lr_0 = 7.1878e-04
Loss = 5.7412e-02, PNorm = 72.4376, GNorm = 1.1527, lr_0 = 7.1901e-04
Loss = 6.0274e-02, PNorm = 72.4605, GNorm = 1.9143, lr_0 = 7.1923e-04
Loss = 6.2910e-02, PNorm = 72.4830, GNorm = 0.8313, lr_0 = 7.1946e-04
Loss = 6.3065e-02, PNorm = 72.5072, GNorm = 0.5124, lr_0 = 7.1969e-04
Loss = 5.1003e-02, PNorm = 72.5286, GNorm = 0.8117, lr_0 = 7.1991e-04
Loss = 5.8168e-02, PNorm = 72.5483, GNorm = 0.7750, lr_0 = 7.2014e-04
Loss = 5.6934e-02, PNorm = 72.5666, GNorm = 1.8514, lr_0 = 7.2036e-04
Loss = 5.3411e-02, PNorm = 72.5848, GNorm = 0.7710, lr_0 = 7.2059e-04
Loss = 7.3822e-02, PNorm = 72.6077, GNorm = 2.1362, lr_0 = 7.2081e-04
Loss = 6.8371e-02, PNorm = 72.6284, GNorm = 1.2212, lr_0 = 7.2104e-04
Loss = 7.0586e-02, PNorm = 72.6518, GNorm = 0.9484, lr_0 = 7.2126e-04
Loss = 5.7961e-02, PNorm = 72.6743, GNorm = 0.7316, lr_0 = 7.2149e-04
Loss = 5.6564e-02, PNorm = 72.6946, GNorm = 1.3457, lr_0 = 7.2172e-04
Loss = 5.5820e-02, PNorm = 72.7135, GNorm = 1.0958, lr_0 = 7.2194e-04
Loss = 6.2310e-02, PNorm = 72.7332, GNorm = 0.6434, lr_0 = 7.2217e-04
Loss = 7.0602e-02, PNorm = 72.7519, GNorm = 2.2643, lr_0 = 7.2239e-04
Loss = 5.5544e-02, PNorm = 72.7739, GNorm = 1.2873, lr_0 = 7.2262e-04
Loss = 5.7270e-02, PNorm = 72.7965, GNorm = 0.7605, lr_0 = 7.2284e-04
Loss = 5.7537e-02, PNorm = 72.8149, GNorm = 0.8713, lr_0 = 7.2307e-04
Loss = 6.9582e-02, PNorm = 72.8313, GNorm = 0.8039, lr_0 = 7.2329e-04
Loss = 5.9426e-02, PNorm = 72.8505, GNorm = 1.0033, lr_0 = 7.2352e-04
Loss = 6.3579e-02, PNorm = 72.8691, GNorm = 1.4269, lr_0 = 7.2374e-04
Loss = 6.0335e-02, PNorm = 72.8887, GNorm = 0.5824, lr_0 = 7.2397e-04
Loss = 6.8097e-02, PNorm = 72.9047, GNorm = 1.2086, lr_0 = 7.2420e-04
Loss = 5.6935e-02, PNorm = 72.9207, GNorm = 1.0442, lr_0 = 7.2442e-04
Loss = 5.8522e-02, PNorm = 72.9412, GNorm = 0.9626, lr_0 = 7.2465e-04
Loss = 7.4423e-02, PNorm = 72.9612, GNorm = 2.0248, lr_0 = 7.2487e-04
Loss = 6.4829e-02, PNorm = 72.9873, GNorm = 1.3295, lr_0 = 7.2510e-04
Loss = 5.8258e-02, PNorm = 73.0122, GNorm = 0.8321, lr_0 = 7.2532e-04
Loss = 5.3070e-02, PNorm = 73.0316, GNorm = 0.7105, lr_0 = 7.2555e-04
Loss = 6.2876e-02, PNorm = 73.0479, GNorm = 0.5743, lr_0 = 7.2577e-04
Loss = 5.9843e-02, PNorm = 73.0676, GNorm = 0.6252, lr_0 = 7.2600e-04
Loss = 4.7401e-02, PNorm = 73.0864, GNorm = 0.8232, lr_0 = 7.2623e-04
Loss = 6.1404e-02, PNorm = 73.1038, GNorm = 0.8471, lr_0 = 7.2645e-04
Loss = 5.7804e-02, PNorm = 73.1244, GNorm = 0.5593, lr_0 = 7.2668e-04
Loss = 5.4909e-02, PNorm = 73.1425, GNorm = 0.6535, lr_0 = 7.2690e-04
Loss = 5.6998e-02, PNorm = 73.1599, GNorm = 0.8786, lr_0 = 7.2713e-04
Loss = 4.9912e-02, PNorm = 73.1757, GNorm = 0.5612, lr_0 = 7.2735e-04
Loss = 6.6425e-02, PNorm = 73.1929, GNorm = 0.8597, lr_0 = 7.2758e-04
Loss = 5.3857e-02, PNorm = 73.2094, GNorm = 1.2236, lr_0 = 7.2780e-04
Loss = 6.5629e-02, PNorm = 73.2271, GNorm = 1.2775, lr_0 = 7.2803e-04
Loss = 5.6684e-02, PNorm = 73.2497, GNorm = 1.3066, lr_0 = 7.2825e-04
Loss = 6.8464e-02, PNorm = 73.2689, GNorm = 1.0579, lr_0 = 7.2848e-04
Loss = 5.8977e-02, PNorm = 73.2832, GNorm = 0.9688, lr_0 = 7.2871e-04
Loss = 5.0667e-02, PNorm = 73.3009, GNorm = 0.6465, lr_0 = 7.2893e-04
Loss = 6.8471e-02, PNorm = 73.3212, GNorm = 1.1313, lr_0 = 7.2916e-04
Loss = 7.3714e-02, PNorm = 73.3411, GNorm = 1.4198, lr_0 = 7.2938e-04
Loss = 6.0937e-02, PNorm = 73.3598, GNorm = 1.0672, lr_0 = 7.2961e-04
Loss = 6.8469e-02, PNorm = 73.3866, GNorm = 0.7059, lr_0 = 7.2983e-04
Loss = 6.8818e-02, PNorm = 73.4112, GNorm = 1.1776, lr_0 = 7.3006e-04
Loss = 6.7633e-02, PNorm = 73.4354, GNorm = 0.9497, lr_0 = 7.3028e-04
Loss = 7.0863e-02, PNorm = 73.4586, GNorm = 2.5507, lr_0 = 7.3051e-04
Loss = 6.4778e-02, PNorm = 73.4771, GNorm = 0.9031, lr_0 = 7.3074e-04
Loss = 6.3622e-02, PNorm = 73.5016, GNorm = 0.7057, lr_0 = 7.3096e-04
Loss = 8.1300e-02, PNorm = 73.5281, GNorm = 0.6039, lr_0 = 7.3119e-04
Loss = 6.1620e-02, PNorm = 73.5530, GNorm = 1.1498, lr_0 = 7.3141e-04
Loss = 7.0994e-02, PNorm = 73.5784, GNorm = 0.7863, lr_0 = 7.3164e-04
Loss = 8.0236e-02, PNorm = 73.6052, GNorm = 1.0653, lr_0 = 7.3186e-04
Loss = 6.3451e-02, PNorm = 73.6282, GNorm = 5.1642, lr_0 = 7.3209e-04
Loss = 7.5417e-02, PNorm = 73.6496, GNorm = 1.4326, lr_0 = 7.3231e-04
Loss = 6.7112e-02, PNorm = 73.6727, GNorm = 1.0594, lr_0 = 7.3254e-04
Loss = 6.2654e-02, PNorm = 73.6988, GNorm = 0.9790, lr_0 = 7.3276e-04
Loss = 7.3726e-02, PNorm = 73.7190, GNorm = 1.1049, lr_0 = 7.3299e-04
Loss = 6.6647e-02, PNorm = 73.7374, GNorm = 0.5696, lr_0 = 7.3322e-04
Loss = 6.5385e-02, PNorm = 73.7586, GNorm = 0.6289, lr_0 = 7.3344e-04
Loss = 6.4074e-02, PNorm = 73.7855, GNorm = 0.5413, lr_0 = 7.3367e-04
Loss = 6.9167e-02, PNorm = 73.8141, GNorm = 0.7150, lr_0 = 7.3389e-04
Loss = 7.0301e-02, PNorm = 73.8425, GNorm = 1.1051, lr_0 = 7.3412e-04
Loss = 5.7387e-02, PNorm = 73.8673, GNorm = 1.0563, lr_0 = 7.3434e-04
Loss = 7.6728e-02, PNorm = 73.8951, GNorm = 1.5088, lr_0 = 7.3457e-04
Loss = 7.2049e-02, PNorm = 73.9200, GNorm = 0.7408, lr_0 = 7.3479e-04
Loss = 5.5611e-02, PNorm = 73.9392, GNorm = 0.5008, lr_0 = 7.3502e-04
Loss = 6.1627e-02, PNorm = 73.9638, GNorm = 0.8473, lr_0 = 7.3525e-04
Loss = 7.7331e-02, PNorm = 73.9869, GNorm = 1.1690, lr_0 = 7.3547e-04
Loss = 5.8587e-02, PNorm = 74.0083, GNorm = 1.2704, lr_0 = 7.3570e-04
Loss = 5.8270e-02, PNorm = 74.0302, GNorm = 0.9742, lr_0 = 7.3592e-04
Loss = 6.2217e-02, PNorm = 74.0502, GNorm = 1.0603, lr_0 = 7.3615e-04
Loss = 5.2092e-02, PNorm = 74.0685, GNorm = 0.7487, lr_0 = 7.3637e-04
Loss = 5.9338e-02, PNorm = 74.0840, GNorm = 1.1268, lr_0 = 7.3660e-04
Loss = 5.8807e-02, PNorm = 74.1026, GNorm = 1.1028, lr_0 = 7.3682e-04
Loss = 5.5614e-02, PNorm = 74.1246, GNorm = 1.6176, lr_0 = 7.3705e-04
Loss = 5.9691e-02, PNorm = 74.1465, GNorm = 0.9314, lr_0 = 7.3727e-04
Loss = 6.3799e-02, PNorm = 74.1683, GNorm = 1.0522, lr_0 = 7.3750e-04
Loss = 5.6374e-02, PNorm = 74.1860, GNorm = 1.3103, lr_0 = 7.3773e-04
Loss = 6.9922e-02, PNorm = 74.2070, GNorm = 1.0242, lr_0 = 7.3795e-04
Loss = 6.3369e-02, PNorm = 74.2342, GNorm = 0.9376, lr_0 = 7.3818e-04
Loss = 6.5753e-02, PNorm = 74.2567, GNorm = 0.7440, lr_0 = 7.3840e-04
Loss = 6.4845e-02, PNorm = 74.2785, GNorm = 0.8774, lr_0 = 7.3863e-04
Loss = 5.6695e-02, PNorm = 74.3010, GNorm = 0.9218, lr_0 = 7.3885e-04
Loss = 5.4994e-02, PNorm = 74.3205, GNorm = 0.9341, lr_0 = 7.3908e-04
Loss = 6.4186e-02, PNorm = 74.3403, GNorm = 0.6201, lr_0 = 7.3930e-04
Loss = 6.7697e-02, PNorm = 74.3623, GNorm = 0.7780, lr_0 = 7.3953e-04
Loss = 5.5824e-02, PNorm = 74.3804, GNorm = 0.7391, lr_0 = 7.3975e-04
Loss = 6.1387e-02, PNorm = 74.3967, GNorm = 1.1705, lr_0 = 7.3998e-04
Loss = 6.3601e-02, PNorm = 74.4148, GNorm = 1.1682, lr_0 = 7.4021e-04
Loss = 6.1929e-02, PNorm = 74.4340, GNorm = 1.3646, lr_0 = 7.4043e-04
Loss = 5.1615e-02, PNorm = 74.4553, GNorm = 0.5729, lr_0 = 7.4066e-04
Loss = 4.7903e-02, PNorm = 74.4688, GNorm = 0.6739, lr_0 = 7.4088e-04
Loss = 6.1204e-02, PNorm = 74.4837, GNorm = 0.8438, lr_0 = 7.4111e-04
Loss = 5.5107e-02, PNorm = 74.4992, GNorm = 1.8025, lr_0 = 7.4133e-04
Loss = 5.3482e-02, PNorm = 74.5165, GNorm = 0.9711, lr_0 = 7.4156e-04
Loss = 6.2144e-02, PNorm = 74.5356, GNorm = 0.8028, lr_0 = 7.4178e-04
Loss = 5.5528e-02, PNorm = 74.5491, GNorm = 1.0460, lr_0 = 7.4201e-04
Loss = 5.6034e-02, PNorm = 74.5655, GNorm = 0.8046, lr_0 = 7.4224e-04
Loss = 7.1683e-02, PNorm = 74.5836, GNorm = 1.1921, lr_0 = 7.4246e-04
Loss = 6.5412e-02, PNorm = 74.5992, GNorm = 1.0457, lr_0 = 7.4269e-04
Loss = 6.8820e-02, PNorm = 74.6197, GNorm = 0.7385, lr_0 = 7.4291e-04
Loss = 6.9307e-02, PNorm = 74.6439, GNorm = 0.6913, lr_0 = 7.4314e-04
Loss = 6.1940e-02, PNorm = 74.6639, GNorm = 0.9817, lr_0 = 7.4336e-04
Loss = 6.4657e-02, PNorm = 74.6823, GNorm = 1.3630, lr_0 = 7.4359e-04
Loss = 5.7441e-02, PNorm = 74.6985, GNorm = 1.3539, lr_0 = 7.4381e-04
Loss = 7.3205e-02, PNorm = 74.7155, GNorm = 1.2689, lr_0 = 7.4404e-04
Loss = 6.1829e-02, PNorm = 74.7349, GNorm = 0.8428, lr_0 = 7.4426e-04
Loss = 5.9801e-02, PNorm = 74.7591, GNorm = 1.7056, lr_0 = 7.4449e-04
Loss = 5.6918e-02, PNorm = 74.7818, GNorm = 1.4064, lr_0 = 7.4472e-04
Loss = 5.0882e-02, PNorm = 74.8035, GNorm = 1.0288, lr_0 = 7.4494e-04
Loss = 5.3058e-02, PNorm = 74.8251, GNorm = 1.2400, lr_0 = 7.4517e-04
Loss = 5.2940e-02, PNorm = 74.8446, GNorm = 0.7052, lr_0 = 7.4539e-04
Loss = 4.9927e-02, PNorm = 74.8603, GNorm = 0.6222, lr_0 = 7.4562e-04
Loss = 5.6202e-02, PNorm = 74.8807, GNorm = 2.0968, lr_0 = 7.4584e-04
Loss = 5.6010e-02, PNorm = 74.9021, GNorm = 1.4229, lr_0 = 7.4607e-04
Loss = 5.3497e-02, PNorm = 74.9204, GNorm = 0.9691, lr_0 = 7.4629e-04
Loss = 5.8853e-02, PNorm = 74.9347, GNorm = 0.9585, lr_0 = 7.4652e-04
Loss = 4.9718e-02, PNorm = 74.9557, GNorm = 0.5776, lr_0 = 7.4675e-04
Loss = 5.7238e-02, PNorm = 74.9760, GNorm = 0.8528, lr_0 = 7.4697e-04
Loss = 6.1135e-02, PNorm = 74.9969, GNorm = 0.8280, lr_0 = 7.4720e-04
Loss = 5.6635e-02, PNorm = 75.0195, GNorm = 1.7729, lr_0 = 7.4742e-04
Loss = 5.1419e-02, PNorm = 75.0387, GNorm = 1.2473, lr_0 = 7.4765e-04
Loss = 5.3460e-02, PNorm = 75.0555, GNorm = 1.1073, lr_0 = 7.4787e-04
Loss = 7.0394e-02, PNorm = 75.0755, GNorm = 1.2095, lr_0 = 7.4810e-04
Loss = 8.5082e-02, PNorm = 75.0992, GNorm = 1.5764, lr_0 = 7.4832e-04
Loss = 7.3222e-02, PNorm = 75.1250, GNorm = 0.9529, lr_0 = 7.4855e-04
Loss = 6.5015e-02, PNorm = 75.1514, GNorm = 2.0761, lr_0 = 7.4877e-04
Loss = 6.3624e-02, PNorm = 75.1767, GNorm = 1.1280, lr_0 = 7.4900e-04
Loss = 7.6198e-02, PNorm = 75.1982, GNorm = 1.4527, lr_0 = 7.4923e-04
Loss = 7.6470e-02, PNorm = 75.2218, GNorm = 2.0075, lr_0 = 7.4945e-04
Loss = 5.7935e-02, PNorm = 75.2485, GNorm = 0.5812, lr_0 = 7.4968e-04
Loss = 6.1506e-02, PNorm = 75.2768, GNorm = 0.8097, lr_0 = 7.4990e-04
Loss = 5.9858e-02, PNorm = 75.3020, GNorm = 0.9342, lr_0 = 7.5013e-04
Loss = 5.8859e-02, PNorm = 75.3259, GNorm = 1.4661, lr_0 = 7.5035e-04
Loss = 5.8445e-02, PNorm = 75.3473, GNorm = 1.3104, lr_0 = 7.5058e-04
Loss = 5.9276e-02, PNorm = 75.3684, GNorm = 1.1153, lr_0 = 7.5080e-04
Loss = 6.3049e-02, PNorm = 75.3936, GNorm = 1.5811, lr_0 = 7.5103e-04
Loss = 5.0129e-02, PNorm = 75.4156, GNorm = 0.5737, lr_0 = 7.5126e-04
Loss = 7.3060e-02, PNorm = 75.4367, GNorm = 1.1804, lr_0 = 7.5148e-04
Loss = 5.2004e-02, PNorm = 75.4608, GNorm = 0.5829, lr_0 = 7.5171e-04
Loss = 8.9401e-02, PNorm = 75.4776, GNorm = 15.3540, lr_0 = 7.5193e-04
Loss = 7.3816e-02, PNorm = 75.4979, GNorm = 0.6872, lr_0 = 7.5216e-04
Loss = 6.8948e-02, PNorm = 75.5302, GNorm = 0.9286, lr_0 = 7.5238e-04
Loss = 7.1206e-02, PNorm = 75.5614, GNorm = 1.0036, lr_0 = 7.5261e-04
Loss = 1.2002e-01, PNorm = 75.5921, GNorm = 1.4030, lr_0 = 7.5283e-04
Loss = 8.1561e-02, PNorm = 75.6283, GNorm = 1.0381, lr_0 = 7.5306e-04
Loss = 6.7768e-02, PNorm = 75.6625, GNorm = 0.6024, lr_0 = 7.5328e-04
Loss = 7.5429e-02, PNorm = 75.6911, GNorm = 1.0664, lr_0 = 7.5351e-04
Loss = 6.3340e-02, PNorm = 75.7196, GNorm = 1.1298, lr_0 = 7.5374e-04
Loss = 7.5661e-02, PNorm = 75.7401, GNorm = 1.2261, lr_0 = 7.5396e-04
Loss = 6.9967e-02, PNorm = 75.7645, GNorm = 1.8120, lr_0 = 7.5419e-04
Loss = 6.9880e-02, PNorm = 75.7979, GNorm = 1.4520, lr_0 = 7.5441e-04
Loss = 7.2016e-02, PNorm = 75.8297, GNorm = 1.4869, lr_0 = 7.5464e-04
Loss = 6.2778e-02, PNorm = 75.8525, GNorm = 0.9401, lr_0 = 7.5486e-04
Loss = 5.5496e-02, PNorm = 75.8729, GNorm = 0.6499, lr_0 = 7.5509e-04
Loss = 6.2530e-02, PNorm = 75.8924, GNorm = 1.0362, lr_0 = 7.5531e-04
Loss = 6.5881e-02, PNorm = 75.9118, GNorm = 1.2644, lr_0 = 7.5554e-04
Loss = 5.2643e-02, PNorm = 75.9338, GNorm = 1.5078, lr_0 = 7.5577e-04
Loss = 6.5667e-02, PNorm = 75.9557, GNorm = 0.7402, lr_0 = 7.5599e-04
Loss = 5.7772e-02, PNorm = 75.9783, GNorm = 0.6927, lr_0 = 7.5622e-04
Loss = 6.7666e-02, PNorm = 75.9995, GNorm = 1.7347, lr_0 = 7.5644e-04
Loss = 5.9270e-02, PNorm = 76.0197, GNorm = 0.6666, lr_0 = 7.5667e-04
Loss = 6.6328e-02, PNorm = 76.0430, GNorm = 0.8888, lr_0 = 7.5689e-04
Loss = 6.6298e-02, PNorm = 76.0621, GNorm = 0.6677, lr_0 = 7.5712e-04
Loss = 6.1055e-02, PNorm = 76.0864, GNorm = 1.1911, lr_0 = 7.5734e-04
Loss = 5.7656e-02, PNorm = 76.1131, GNorm = 0.7047, lr_0 = 7.5757e-04
Loss = 7.2793e-02, PNorm = 76.1423, GNorm = 1.5466, lr_0 = 7.5779e-04
Loss = 6.9554e-02, PNorm = 76.1706, GNorm = 1.6878, lr_0 = 7.5802e-04
Loss = 6.4244e-02, PNorm = 76.1928, GNorm = 0.6548, lr_0 = 7.5825e-04
Loss = 5.4227e-02, PNorm = 76.2139, GNorm = 0.5830, lr_0 = 7.5847e-04
Loss = 6.9430e-02, PNorm = 76.2385, GNorm = 1.0379, lr_0 = 7.5870e-04
Loss = 5.8673e-02, PNorm = 76.2608, GNorm = 0.9984, lr_0 = 7.5892e-04
Loss = 6.1070e-02, PNorm = 76.2810, GNorm = 1.0459, lr_0 = 7.5915e-04
Loss = 5.5782e-02, PNorm = 76.3047, GNorm = 1.0751, lr_0 = 7.5937e-04
Loss = 5.0068e-02, PNorm = 76.3237, GNorm = 0.5484, lr_0 = 7.5960e-04
Loss = 5.0578e-02, PNorm = 76.3385, GNorm = 0.8699, lr_0 = 7.5982e-04
Loss = 5.5374e-02, PNorm = 76.3575, GNorm = 0.7570, lr_0 = 7.6005e-04
Loss = 4.7430e-02, PNorm = 76.3761, GNorm = 0.6144, lr_0 = 7.6028e-04
Loss = 5.5387e-02, PNorm = 76.3942, GNorm = 0.7859, lr_0 = 7.6050e-04
Loss = 6.6652e-02, PNorm = 76.4140, GNorm = 1.4216, lr_0 = 7.6073e-04
Loss = 5.4809e-02, PNorm = 76.4363, GNorm = 0.8756, lr_0 = 7.6095e-04
Loss = 5.5360e-02, PNorm = 76.4564, GNorm = 1.1840, lr_0 = 7.6118e-04
Loss = 4.7568e-02, PNorm = 76.4795, GNorm = 0.7662, lr_0 = 7.6140e-04
Loss = 6.3344e-02, PNorm = 76.5017, GNorm = 0.7649, lr_0 = 7.6163e-04
Loss = 6.0885e-02, PNorm = 76.5235, GNorm = 1.5336, lr_0 = 7.6185e-04
Loss = 5.8916e-02, PNorm = 76.5432, GNorm = 0.9129, lr_0 = 7.6208e-04
Loss = 6.8117e-02, PNorm = 76.5624, GNorm = 0.6223, lr_0 = 7.6230e-04
Loss = 5.7757e-02, PNorm = 76.5810, GNorm = 0.7772, lr_0 = 7.6253e-04
Loss = 5.4478e-02, PNorm = 76.6012, GNorm = 1.0113, lr_0 = 7.6276e-04
Loss = 4.4950e-02, PNorm = 76.6211, GNorm = 0.5439, lr_0 = 7.6298e-04
Loss = 4.7068e-02, PNorm = 76.6407, GNorm = 0.7500, lr_0 = 7.6321e-04
Loss = 5.7551e-02, PNorm = 76.6583, GNorm = 1.3649, lr_0 = 7.6343e-04
Loss = 5.4510e-02, PNorm = 76.6810, GNorm = 1.0727, lr_0 = 7.6366e-04
Loss = 5.4517e-02, PNorm = 76.7033, GNorm = 0.9847, lr_0 = 7.6388e-04
Loss = 5.5831e-02, PNorm = 76.7262, GNorm = 0.9373, lr_0 = 7.6411e-04
Loss = 5.0924e-02, PNorm = 76.7460, GNorm = 1.2079, lr_0 = 7.6433e-04
Loss = 6.5463e-02, PNorm = 76.7626, GNorm = 0.9599, lr_0 = 7.6456e-04
Loss = 5.7390e-02, PNorm = 76.7847, GNorm = 0.7268, lr_0 = 7.6479e-04
Loss = 4.4830e-02, PNorm = 76.8020, GNorm = 1.3331, lr_0 = 7.6501e-04
Loss = 6.1362e-02, PNorm = 76.8205, GNorm = 0.5646, lr_0 = 7.6524e-04
Loss = 5.4257e-02, PNorm = 76.8389, GNorm = 1.0203, lr_0 = 7.6546e-04
Loss = 5.3213e-02, PNorm = 76.8591, GNorm = 0.7409, lr_0 = 7.6569e-04
Loss = 4.9934e-02, PNorm = 76.8790, GNorm = 0.8158, lr_0 = 7.6591e-04
Loss = 5.2347e-02, PNorm = 76.8991, GNorm = 0.7705, lr_0 = 7.6614e-04
Loss = 4.7224e-02, PNorm = 76.9175, GNorm = 0.9953, lr_0 = 7.6636e-04
Loss = 7.2466e-02, PNorm = 76.9339, GNorm = 1.7399, lr_0 = 7.6659e-04
Loss = 4.9169e-02, PNorm = 76.9513, GNorm = 0.7901, lr_0 = 7.6681e-04
Loss = 5.2742e-02, PNorm = 76.9713, GNorm = 0.4560, lr_0 = 7.6704e-04
Loss = 5.9782e-02, PNorm = 76.9893, GNorm = 1.0269, lr_0 = 7.6727e-04
Loss = 5.1122e-02, PNorm = 77.0102, GNorm = 0.9362, lr_0 = 7.6749e-04
Loss = 5.4929e-02, PNorm = 77.0274, GNorm = 0.7394, lr_0 = 7.6772e-04
Loss = 4.9329e-02, PNorm = 77.0435, GNorm = 1.0681, lr_0 = 7.6794e-04
Loss = 5.0774e-02, PNorm = 77.0595, GNorm = 0.4673, lr_0 = 7.6817e-04
Loss = 5.2040e-02, PNorm = 77.0791, GNorm = 0.6997, lr_0 = 7.6839e-04
Loss = 6.1519e-02, PNorm = 77.0987, GNorm = 1.4430, lr_0 = 7.6862e-04
Loss = 5.6011e-02, PNorm = 77.1193, GNorm = 1.3350, lr_0 = 7.6884e-04
Loss = 5.4186e-02, PNorm = 77.1399, GNorm = 0.6254, lr_0 = 7.6907e-04
Loss = 5.0671e-02, PNorm = 77.1551, GNorm = 0.8778, lr_0 = 7.6929e-04
Loss = 5.3628e-02, PNorm = 77.1725, GNorm = 0.8455, lr_0 = 7.6952e-04
Loss = 5.1452e-02, PNorm = 77.1930, GNorm = 0.6310, lr_0 = 7.6975e-04
Loss = 6.0945e-02, PNorm = 77.2149, GNorm = 5.3614, lr_0 = 7.6997e-04
Loss = 5.5491e-02, PNorm = 77.2401, GNorm = 1.4805, lr_0 = 7.7020e-04
Loss = 5.6283e-02, PNorm = 77.2661, GNorm = 0.9267, lr_0 = 7.7042e-04
Loss = 5.7269e-02, PNorm = 77.2922, GNorm = 0.6628, lr_0 = 7.7065e-04
Loss = 5.5581e-02, PNorm = 77.3110, GNorm = 1.7287, lr_0 = 7.7087e-04
Loss = 6.6534e-02, PNorm = 77.3282, GNorm = 1.1348, lr_0 = 7.7110e-04
Loss = 5.9487e-02, PNorm = 77.3482, GNorm = 1.0706, lr_0 = 7.7132e-04
Loss = 5.3048e-02, PNorm = 77.3674, GNorm = 0.9387, lr_0 = 7.7155e-04
Loss = 6.2800e-02, PNorm = 77.3869, GNorm = 1.7833, lr_0 = 7.7178e-04
Loss = 5.5354e-02, PNorm = 77.4117, GNorm = 0.7341, lr_0 = 7.7200e-04
Loss = 5.2554e-02, PNorm = 77.4387, GNorm = 1.0345, lr_0 = 7.7223e-04
Loss = 5.7954e-02, PNorm = 77.4626, GNorm = 0.7040, lr_0 = 7.7245e-04
Loss = 4.9368e-02, PNorm = 77.4818, GNorm = 1.7348, lr_0 = 7.7268e-04
Loss = 5.7603e-02, PNorm = 77.5014, GNorm = 1.2931, lr_0 = 7.7290e-04
Loss = 5.0133e-02, PNorm = 77.5226, GNorm = 0.6035, lr_0 = 7.7313e-04
Loss = 5.9262e-02, PNorm = 77.5420, GNorm = 1.6021, lr_0 = 7.7335e-04
Loss = 5.4136e-02, PNorm = 77.5645, GNorm = 0.8873, lr_0 = 7.7358e-04
Loss = 4.9034e-02, PNorm = 77.5859, GNorm = 0.7358, lr_0 = 7.7380e-04
Loss = 5.7550e-02, PNorm = 77.6057, GNorm = 1.5627, lr_0 = 7.7403e-04
Loss = 4.9861e-02, PNorm = 77.6290, GNorm = 0.9356, lr_0 = 7.7426e-04
Loss = 5.8974e-02, PNorm = 77.6498, GNorm = 0.7745, lr_0 = 7.7448e-04
Loss = 5.0296e-02, PNorm = 77.6680, GNorm = 0.9866, lr_0 = 7.7471e-04
Loss = 4.5878e-02, PNorm = 77.6861, GNorm = 0.9887, lr_0 = 7.7493e-04
Loss = 5.9866e-02, PNorm = 77.7049, GNorm = 0.8093, lr_0 = 7.7516e-04
Loss = 5.2642e-02, PNorm = 77.7247, GNorm = 0.7583, lr_0 = 7.7538e-04
Loss = 6.5253e-02, PNorm = 77.7437, GNorm = 1.0170, lr_0 = 7.7561e-04
Loss = 5.0249e-02, PNorm = 77.7642, GNorm = 0.8070, lr_0 = 7.7583e-04
Loss = 6.6700e-02, PNorm = 77.7912, GNorm = 1.2656, lr_0 = 7.7606e-04
Loss = 6.9737e-02, PNorm = 77.8223, GNorm = 0.8946, lr_0 = 7.7629e-04
Loss = 5.0898e-02, PNorm = 77.8522, GNorm = 0.8302, lr_0 = 7.7651e-04
Loss = 5.9425e-02, PNorm = 77.8667, GNorm = 0.8642, lr_0 = 7.7674e-04
Loss = 5.2334e-02, PNorm = 77.8821, GNorm = 1.2217, lr_0 = 7.7696e-04
Loss = 5.2287e-02, PNorm = 77.9024, GNorm = 0.8087, lr_0 = 7.7719e-04
Loss = 5.7073e-02, PNorm = 77.9236, GNorm = 1.3513, lr_0 = 7.7741e-04
Loss = 5.2523e-02, PNorm = 77.9459, GNorm = 1.5282, lr_0 = 7.7764e-04
Loss = 5.4898e-02, PNorm = 77.9682, GNorm = 1.0316, lr_0 = 7.7786e-04
Loss = 5.9096e-02, PNorm = 77.9876, GNorm = 1.4383, lr_0 = 7.7809e-04
Loss = 5.7981e-02, PNorm = 78.0052, GNorm = 0.8212, lr_0 = 7.7831e-04
Loss = 5.3763e-02, PNorm = 78.0255, GNorm = 0.6904, lr_0 = 7.7854e-04
Loss = 5.0973e-02, PNorm = 78.0468, GNorm = 1.1698, lr_0 = 7.7877e-04
Loss = 4.9741e-02, PNorm = 78.0663, GNorm = 0.6601, lr_0 = 7.7899e-04
Loss = 5.4922e-02, PNorm = 78.0830, GNorm = 1.6411, lr_0 = 7.7922e-04
Loss = 6.4718e-02, PNorm = 78.1021, GNorm = 1.6222, lr_0 = 7.7944e-04
Loss = 6.2031e-02, PNorm = 78.1256, GNorm = 0.6400, lr_0 = 7.7967e-04
Loss = 7.4481e-02, PNorm = 78.1522, GNorm = 1.0687, lr_0 = 7.7989e-04
Loss = 6.7576e-02, PNorm = 78.1865, GNorm = 0.7652, lr_0 = 7.8012e-04
Loss = 5.7250e-02, PNorm = 78.2122, GNorm = 1.0315, lr_0 = 7.8034e-04
Loss = 5.1218e-02, PNorm = 78.2328, GNorm = 1.6227, lr_0 = 7.8057e-04
Loss = 5.2012e-02, PNorm = 78.2589, GNorm = 0.4950, lr_0 = 7.8080e-04
Loss = 4.4807e-02, PNorm = 78.2814, GNorm = 0.9822, lr_0 = 7.8102e-04
Loss = 5.4124e-02, PNorm = 78.2998, GNorm = 0.6980, lr_0 = 7.8125e-04
Loss = 4.9870e-02, PNorm = 78.3196, GNorm = 0.7156, lr_0 = 7.8147e-04
Loss = 6.1088e-02, PNorm = 78.3364, GNorm = 1.5856, lr_0 = 7.8170e-04
Loss = 6.1303e-02, PNorm = 78.3559, GNorm = 1.3677, lr_0 = 7.8192e-04
Loss = 5.9924e-02, PNorm = 78.3763, GNorm = 0.6963, lr_0 = 7.8215e-04
Loss = 5.0258e-02, PNorm = 78.3999, GNorm = 0.7029, lr_0 = 7.8237e-04
Loss = 4.5484e-02, PNorm = 78.4208, GNorm = 1.2703, lr_0 = 7.8260e-04
Loss = 5.5231e-02, PNorm = 78.4416, GNorm = 1.7561, lr_0 = 7.8282e-04
Loss = 4.8015e-02, PNorm = 78.4643, GNorm = 1.4392, lr_0 = 7.8305e-04
Loss = 5.0401e-02, PNorm = 78.4858, GNorm = 1.1333, lr_0 = 7.8328e-04
Loss = 5.0650e-02, PNorm = 78.5063, GNorm = 1.0908, lr_0 = 7.8350e-04
Loss = 4.7109e-02, PNorm = 78.5251, GNorm = 0.5787, lr_0 = 7.8373e-04
Loss = 5.1104e-02, PNorm = 78.5458, GNorm = 0.6236, lr_0 = 7.8395e-04
Loss = 4.2263e-02, PNorm = 78.5678, GNorm = 0.6079, lr_0 = 7.8418e-04
Loss = 4.4662e-02, PNorm = 78.5858, GNorm = 0.5234, lr_0 = 7.8440e-04
Loss = 5.5213e-02, PNorm = 78.6025, GNorm = 0.8479, lr_0 = 7.8463e-04
Loss = 5.1406e-02, PNorm = 78.6197, GNorm = 1.3164, lr_0 = 7.8485e-04
Loss = 5.0703e-02, PNorm = 78.6404, GNorm = 0.3943, lr_0 = 7.8508e-04
Loss = 5.4534e-02, PNorm = 78.6608, GNorm = 0.4947, lr_0 = 7.8531e-04
Loss = 4.8448e-02, PNorm = 78.6804, GNorm = 1.2785, lr_0 = 7.8553e-04
Loss = 4.6038e-02, PNorm = 78.7005, GNorm = 1.4142, lr_0 = 7.8576e-04
Loss = 5.2745e-02, PNorm = 78.7221, GNorm = 1.0949, lr_0 = 7.8598e-04
Loss = 5.0658e-02, PNorm = 78.7426, GNorm = 0.9873, lr_0 = 7.8621e-04
Loss = 5.4885e-02, PNorm = 78.7647, GNorm = 0.9730, lr_0 = 7.8643e-04
Loss = 4.6336e-02, PNorm = 78.7839, GNorm = 0.8162, lr_0 = 7.8666e-04
Loss = 5.4462e-02, PNorm = 78.8011, GNorm = 1.0033, lr_0 = 7.8688e-04
Loss = 4.8262e-02, PNorm = 78.8201, GNorm = 0.6479, lr_0 = 7.8711e-04
Loss = 5.4183e-02, PNorm = 78.8373, GNorm = 0.6742, lr_0 = 7.8733e-04
Loss = 5.5218e-02, PNorm = 78.8531, GNorm = 0.5985, lr_0 = 7.8756e-04
Loss = 5.5091e-02, PNorm = 78.8684, GNorm = 0.6861, lr_0 = 7.8779e-04
Loss = 4.7037e-02, PNorm = 78.8871, GNorm = 1.4779, lr_0 = 7.8801e-04
Loss = 4.2436e-02, PNorm = 78.8995, GNorm = 0.4351, lr_0 = 7.8824e-04
Loss = 5.2979e-02, PNorm = 78.9148, GNorm = 1.7869, lr_0 = 7.8846e-04
Loss = 5.0835e-02, PNorm = 78.9352, GNorm = 0.5919, lr_0 = 7.8869e-04
Loss = 5.1774e-02, PNorm = 78.9581, GNorm = 1.2833, lr_0 = 7.8891e-04
Loss = 5.4322e-02, PNorm = 78.9775, GNorm = 0.9086, lr_0 = 7.8914e-04
Loss = 5.6077e-02, PNorm = 79.0021, GNorm = 0.7307, lr_0 = 7.8936e-04
Loss = 4.8168e-02, PNorm = 79.0278, GNorm = 0.8415, lr_0 = 7.8959e-04
Loss = 4.7574e-02, PNorm = 79.0527, GNorm = 0.9621, lr_0 = 7.8982e-04
Loss = 5.4517e-02, PNorm = 79.0763, GNorm = 1.0100, lr_0 = 7.9004e-04
Loss = 6.3263e-02, PNorm = 79.0941, GNorm = 1.6348, lr_0 = 7.9027e-04
Loss = 5.0867e-02, PNorm = 79.1141, GNorm = 1.9127, lr_0 = 7.9049e-04
Loss = 4.6572e-02, PNorm = 79.1338, GNorm = 1.0756, lr_0 = 7.9072e-04
Loss = 5.5208e-02, PNorm = 79.1504, GNorm = 0.9598, lr_0 = 7.9094e-04
Loss = 4.5523e-02, PNorm = 79.1713, GNorm = 0.9744, lr_0 = 7.9117e-04
Loss = 5.9462e-02, PNorm = 79.1936, GNorm = 0.7572, lr_0 = 7.9139e-04
Loss = 6.1900e-02, PNorm = 79.2161, GNorm = 0.7610, lr_0 = 7.9162e-04
Loss = 7.1095e-02, PNorm = 79.2398, GNorm = 0.8484, lr_0 = 7.9184e-04
Loss = 5.2985e-02, PNorm = 79.2665, GNorm = 1.5761, lr_0 = 7.9207e-04
Loss = 5.8527e-02, PNorm = 79.2901, GNorm = 1.0395, lr_0 = 7.9230e-04
Loss = 4.6981e-02, PNorm = 79.3094, GNorm = 0.8663, lr_0 = 7.9252e-04
Loss = 5.8215e-02, PNorm = 79.3356, GNorm = 0.7735, lr_0 = 7.9275e-04
Loss = 7.3439e-02, PNorm = 79.3572, GNorm = 1.0855, lr_0 = 7.9297e-04
Loss = 6.5753e-02, PNorm = 79.3830, GNorm = 0.8682, lr_0 = 7.9320e-04
Loss = 5.6851e-02, PNorm = 79.4152, GNorm = 1.0808, lr_0 = 7.9342e-04
Loss = 7.6814e-02, PNorm = 79.4413, GNorm = 1.1356, lr_0 = 7.9365e-04
Loss = 6.0687e-02, PNorm = 79.4622, GNorm = 1.4308, lr_0 = 7.9387e-04
Loss = 6.0181e-02, PNorm = 79.4859, GNorm = 1.7842, lr_0 = 7.9410e-04
Loss = 5.2409e-02, PNorm = 79.5138, GNorm = 1.5769, lr_0 = 7.9433e-04
Loss = 6.3159e-02, PNorm = 79.5396, GNorm = 1.9198, lr_0 = 7.9455e-04
Loss = 6.4875e-02, PNorm = 79.5627, GNorm = 1.2304, lr_0 = 7.9478e-04
Loss = 6.8733e-02, PNorm = 79.5909, GNorm = 0.8091, lr_0 = 7.9500e-04
Loss = 6.8383e-02, PNorm = 79.6206, GNorm = 0.7259, lr_0 = 7.9523e-04
Loss = 4.9528e-02, PNorm = 79.6412, GNorm = 0.7921, lr_0 = 7.9545e-04
Loss = 6.9377e-02, PNorm = 79.6620, GNorm = 1.2604, lr_0 = 7.9568e-04
Loss = 5.9329e-02, PNorm = 79.6860, GNorm = 0.8693, lr_0 = 7.9590e-04
Loss = 6.2527e-02, PNorm = 79.7097, GNorm = 0.8819, lr_0 = 7.9613e-04
Loss = 5.0798e-02, PNorm = 79.7292, GNorm = 0.4904, lr_0 = 7.9635e-04
Loss = 5.8546e-02, PNorm = 79.7509, GNorm = 0.7437, lr_0 = 7.9658e-04
Loss = 5.9250e-02, PNorm = 79.7726, GNorm = 0.6342, lr_0 = 7.9681e-04
Loss = 5.3387e-02, PNorm = 79.7937, GNorm = 0.9510, lr_0 = 7.9703e-04
Loss = 4.8707e-02, PNorm = 79.8158, GNorm = 0.6521, lr_0 = 7.9726e-04
Loss = 6.1861e-02, PNorm = 79.8361, GNorm = 0.8743, lr_0 = 7.9748e-04
Loss = 5.6573e-02, PNorm = 79.8532, GNorm = 0.8489, lr_0 = 7.9771e-04
Loss = 4.2335e-02, PNorm = 79.8720, GNorm = 0.7294, lr_0 = 7.9793e-04
Loss = 5.4531e-02, PNorm = 79.8924, GNorm = 1.2234, lr_0 = 7.9816e-04
Loss = 5.3912e-02, PNorm = 79.9115, GNorm = 0.9875, lr_0 = 7.9838e-04
Loss = 6.2044e-02, PNorm = 79.9333, GNorm = 1.1828, lr_0 = 7.9861e-04
Loss = 5.8940e-02, PNorm = 79.9619, GNorm = 1.2857, lr_0 = 7.9883e-04
Loss = 5.7247e-02, PNorm = 79.9856, GNorm = 2.6672, lr_0 = 7.9906e-04
Loss = 4.9761e-02, PNorm = 80.0058, GNorm = 1.4605, lr_0 = 7.9929e-04
Loss = 5.0439e-02, PNorm = 80.0234, GNorm = 0.5209, lr_0 = 7.9951e-04
Loss = 4.9334e-02, PNorm = 80.0385, GNorm = 0.6976, lr_0 = 7.9974e-04
Loss = 5.0868e-02, PNorm = 80.0579, GNorm = 0.8617, lr_0 = 7.9996e-04
Loss = 5.3303e-02, PNorm = 80.0854, GNorm = 0.7488, lr_0 = 8.0019e-04
Loss = 4.5954e-02, PNorm = 80.1095, GNorm = 1.0813, lr_0 = 8.0041e-04
Loss = 5.9543e-02, PNorm = 80.1269, GNorm = 0.9612, lr_0 = 8.0064e-04
Loss = 4.9184e-02, PNorm = 80.1453, GNorm = 1.2293, lr_0 = 8.0086e-04
Loss = 4.7695e-02, PNorm = 80.1685, GNorm = 0.6521, lr_0 = 8.0109e-04
Loss = 4.7870e-02, PNorm = 80.1891, GNorm = 0.4986, lr_0 = 8.0132e-04
Loss = 5.8537e-02, PNorm = 80.2049, GNorm = 0.6342, lr_0 = 8.0154e-04
Loss = 5.6886e-02, PNorm = 80.2217, GNorm = 1.1158, lr_0 = 8.0177e-04
Loss = 6.9982e-02, PNorm = 80.2392, GNorm = 1.6696, lr_0 = 8.0199e-04
Loss = 5.4802e-02, PNorm = 80.2608, GNorm = 1.9675, lr_0 = 8.0222e-04
Loss = 5.7816e-02, PNorm = 80.2862, GNorm = 1.1915, lr_0 = 8.0244e-04
Loss = 6.6965e-02, PNorm = 80.3147, GNorm = 1.0122, lr_0 = 8.0267e-04
Loss = 5.1891e-02, PNorm = 80.3411, GNorm = 0.5185, lr_0 = 8.0289e-04
Loss = 5.4433e-02, PNorm = 80.3628, GNorm = 0.8580, lr_0 = 8.0312e-04
Loss = 5.7756e-02, PNorm = 80.3851, GNorm = 6.2397, lr_0 = 8.0334e-04
Loss = 5.1334e-02, PNorm = 80.4111, GNorm = 0.5761, lr_0 = 8.0357e-04
Loss = 5.0099e-02, PNorm = 80.4355, GNorm = 0.7035, lr_0 = 8.0380e-04
Loss = 5.5296e-02, PNorm = 80.4548, GNorm = 0.9192, lr_0 = 8.0402e-04
Loss = 8.2699e-02, PNorm = 80.4761, GNorm = 1.1136, lr_0 = 8.0425e-04
Loss = 8.5343e-02, PNorm = 80.5147, GNorm = 1.1327, lr_0 = 8.0447e-04
Loss = 7.3927e-02, PNorm = 80.5562, GNorm = 1.3687, lr_0 = 8.0470e-04
Loss = 7.3940e-02, PNorm = 80.5954, GNorm = 1.4677, lr_0 = 8.0492e-04
Loss = 9.0565e-02, PNorm = 80.6355, GNorm = 1.4153, lr_0 = 8.0515e-04
Loss = 7.0228e-02, PNorm = 80.6767, GNorm = 1.0636, lr_0 = 8.0537e-04
Loss = 7.7453e-02, PNorm = 80.7166, GNorm = 1.2414, lr_0 = 8.0560e-04
Loss = 7.5607e-02, PNorm = 80.7555, GNorm = 0.6290, lr_0 = 8.0583e-04
Loss = 8.8858e-02, PNorm = 80.7900, GNorm = 1.0466, lr_0 = 8.0605e-04
Loss = 6.9247e-02, PNorm = 80.8219, GNorm = 1.1461, lr_0 = 8.0628e-04
Loss = 6.9195e-02, PNorm = 80.8495, GNorm = 1.4391, lr_0 = 8.0650e-04
Loss = 6.6967e-02, PNorm = 80.8754, GNorm = 0.8821, lr_0 = 8.0673e-04
Loss = 7.0351e-02, PNorm = 80.9039, GNorm = 1.4298, lr_0 = 8.0695e-04
Loss = 6.2257e-02, PNorm = 80.9279, GNorm = 1.6519, lr_0 = 8.0718e-04
Loss = 6.8297e-02, PNorm = 80.9543, GNorm = 0.6054, lr_0 = 8.0740e-04
Loss = 5.7752e-02, PNorm = 80.9802, GNorm = 0.9122, lr_0 = 8.0763e-04
Loss = 5.4264e-02, PNorm = 81.0038, GNorm = 0.9863, lr_0 = 8.0785e-04
Loss = 5.4196e-02, PNorm = 81.0264, GNorm = 1.0144, lr_0 = 8.0808e-04
Loss = 6.6376e-02, PNorm = 81.0502, GNorm = 0.8063, lr_0 = 8.0831e-04
Loss = 6.1591e-02, PNorm = 81.0718, GNorm = 0.9247, lr_0 = 8.0853e-04
Loss = 5.5711e-02, PNorm = 81.0950, GNorm = 0.7818, lr_0 = 8.0876e-04
Loss = 4.9716e-02, PNorm = 81.1178, GNorm = 0.6782, lr_0 = 8.0898e-04
Loss = 5.6357e-02, PNorm = 81.1379, GNorm = 0.8064, lr_0 = 8.0921e-04
Loss = 5.2150e-02, PNorm = 81.1600, GNorm = 0.5629, lr_0 = 8.0943e-04
Loss = 5.0137e-02, PNorm = 81.1820, GNorm = 0.9146, lr_0 = 8.0966e-04
Loss = 5.2936e-02, PNorm = 81.2009, GNorm = 1.0639, lr_0 = 8.0988e-04
Loss = 5.5048e-02, PNorm = 81.2229, GNorm = 0.8712, lr_0 = 8.1011e-04
Loss = 5.4077e-02, PNorm = 81.2396, GNorm = 1.9319, lr_0 = 8.1034e-04
Loss = 4.9880e-02, PNorm = 81.2532, GNorm = 0.7387, lr_0 = 8.1056e-04
Loss = 4.6090e-02, PNorm = 81.2664, GNorm = 0.5987, lr_0 = 8.1079e-04
Loss = 5.5568e-02, PNorm = 81.2835, GNorm = 1.1007, lr_0 = 8.1101e-04
Loss = 5.2857e-02, PNorm = 81.3038, GNorm = 0.7655, lr_0 = 8.1124e-04
Loss = 5.2078e-02, PNorm = 81.3223, GNorm = 0.7491, lr_0 = 8.1146e-04
Loss = 5.3659e-02, PNorm = 81.3428, GNorm = 0.7489, lr_0 = 8.1169e-04
Loss = 6.6425e-02, PNorm = 81.3699, GNorm = 0.8390, lr_0 = 8.1191e-04
Loss = 5.7927e-02, PNorm = 81.3950, GNorm = 1.0455, lr_0 = 8.1214e-04
Loss = 5.5349e-02, PNorm = 81.4202, GNorm = 0.8371, lr_0 = 8.1236e-04
Loss = 4.8566e-02, PNorm = 81.4412, GNorm = 0.7964, lr_0 = 8.1259e-04
Loss = 5.3899e-02, PNorm = 81.4577, GNorm = 0.6915, lr_0 = 8.1282e-04
Loss = 4.4729e-02, PNorm = 81.4767, GNorm = 0.7055, lr_0 = 8.1304e-04
Loss = 5.9934e-02, PNorm = 81.4936, GNorm = 0.9510, lr_0 = 8.1327e-04
Loss = 5.6453e-02, PNorm = 81.5107, GNorm = 0.7865, lr_0 = 8.1349e-04
Loss = 5.3206e-02, PNorm = 81.5293, GNorm = 0.9253, lr_0 = 8.1372e-04
Loss = 5.5443e-02, PNorm = 81.5545, GNorm = 0.4972, lr_0 = 8.1394e-04
Loss = 4.8149e-02, PNorm = 81.5795, GNorm = 1.1019, lr_0 = 8.1417e-04
Loss = 5.0750e-02, PNorm = 81.6002, GNorm = 0.4320, lr_0 = 8.1439e-04
Loss = 5.9837e-02, PNorm = 81.6205, GNorm = 1.1247, lr_0 = 8.1462e-04
Loss = 4.8958e-02, PNorm = 81.6413, GNorm = 1.0344, lr_0 = 8.1485e-04
Loss = 5.4736e-02, PNorm = 81.6605, GNorm = 1.2721, lr_0 = 8.1507e-04
Loss = 5.5790e-02, PNorm = 81.6789, GNorm = 1.8322, lr_0 = 8.1530e-04
Loss = 4.9849e-02, PNorm = 81.6963, GNorm = 0.5255, lr_0 = 8.1552e-04
Loss = 5.2580e-02, PNorm = 81.7180, GNorm = 1.2342, lr_0 = 8.1575e-04
Loss = 5.9332e-02, PNorm = 81.7365, GNorm = 0.6528, lr_0 = 8.1597e-04
Loss = 4.8117e-02, PNorm = 81.7555, GNorm = 1.2127, lr_0 = 8.1620e-04
Loss = 4.5625e-02, PNorm = 81.7761, GNorm = 2.2203, lr_0 = 8.1642e-04
Loss = 4.1928e-02, PNorm = 81.7951, GNorm = 1.4869, lr_0 = 8.1665e-04
Loss = 4.8193e-02, PNorm = 81.8147, GNorm = 0.7222, lr_0 = 8.1687e-04
Loss = 4.7811e-02, PNorm = 81.8293, GNorm = 1.0171, lr_0 = 8.1710e-04
Loss = 5.9475e-02, PNorm = 81.8408, GNorm = 0.6009, lr_0 = 8.1733e-04
Loss = 5.1638e-02, PNorm = 81.8556, GNorm = 1.7109, lr_0 = 8.1755e-04
Loss = 5.0338e-02, PNorm = 81.8737, GNorm = 0.8882, lr_0 = 8.1778e-04
Loss = 4.5017e-02, PNorm = 81.8953, GNorm = 0.6346, lr_0 = 8.1800e-04
Loss = 5.0199e-02, PNorm = 81.9151, GNorm = 2.0601, lr_0 = 8.1823e-04
Loss = 4.9868e-02, PNorm = 81.9360, GNorm = 1.2482, lr_0 = 8.1845e-04
Loss = 6.0847e-02, PNorm = 81.9589, GNorm = 1.0558, lr_0 = 8.1868e-04
Loss = 4.7574e-02, PNorm = 81.9807, GNorm = 0.8770, lr_0 = 8.1890e-04
Loss = 4.1666e-02, PNorm = 81.9992, GNorm = 1.2757, lr_0 = 8.1913e-04
Loss = 4.6357e-02, PNorm = 82.0146, GNorm = 0.9161, lr_0 = 8.1936e-04
Loss = 4.6442e-02, PNorm = 82.0284, GNorm = 1.0899, lr_0 = 8.1958e-04
Loss = 4.8300e-02, PNorm = 82.0457, GNorm = 0.5951, lr_0 = 8.1981e-04
Loss = 4.3099e-02, PNorm = 82.0609, GNorm = 0.7788, lr_0 = 8.2003e-04
Loss = 4.7952e-02, PNorm = 82.0729, GNorm = 0.6450, lr_0 = 8.2026e-04
Loss = 4.7083e-02, PNorm = 82.0866, GNorm = 1.1726, lr_0 = 8.2048e-04
Loss = 6.9871e-02, PNorm = 82.1075, GNorm = 0.7243, lr_0 = 8.2071e-04
Loss = 5.8228e-02, PNorm = 82.1321, GNorm = 1.4304, lr_0 = 8.2093e-04
Loss = 5.9206e-02, PNorm = 82.1538, GNorm = 1.3612, lr_0 = 8.2116e-04
Loss = 5.2817e-02, PNorm = 82.1775, GNorm = 0.9732, lr_0 = 8.2138e-04
Loss = 4.4385e-02, PNorm = 82.1988, GNorm = 0.8169, lr_0 = 8.2161e-04
Loss = 5.0450e-02, PNorm = 82.2215, GNorm = 4.5082, lr_0 = 8.2184e-04
Loss = 4.9550e-02, PNorm = 82.2453, GNorm = 1.3534, lr_0 = 8.2206e-04
Loss = 4.9331e-02, PNorm = 82.2621, GNorm = 0.6178, lr_0 = 8.2229e-04
Loss = 5.1419e-02, PNorm = 82.2810, GNorm = 0.9314, lr_0 = 8.2251e-04
Loss = 5.0391e-02, PNorm = 82.3066, GNorm = 0.7983, lr_0 = 8.2274e-04
Loss = 5.0544e-02, PNorm = 82.3263, GNorm = 0.6099, lr_0 = 8.2296e-04
Loss = 4.2360e-02, PNorm = 82.3478, GNorm = 0.6336, lr_0 = 8.2319e-04
Loss = 5.5234e-02, PNorm = 82.3677, GNorm = 1.4366, lr_0 = 8.2341e-04
Loss = 5.8829e-02, PNorm = 82.3854, GNorm = 1.1856, lr_0 = 8.2364e-04
Loss = 6.8178e-02, PNorm = 82.4053, GNorm = 0.6198, lr_0 = 8.2387e-04
Loss = 5.2906e-02, PNorm = 82.4276, GNorm = 1.1495, lr_0 = 8.2409e-04
Loss = 6.7795e-02, PNorm = 82.4544, GNorm = 1.6958, lr_0 = 8.2432e-04
Loss = 5.0051e-02, PNorm = 82.4870, GNorm = 0.9037, lr_0 = 8.2454e-04
Loss = 5.2550e-02, PNorm = 82.5116, GNorm = 0.6887, lr_0 = 8.2477e-04
Loss = 5.3986e-02, PNorm = 82.5359, GNorm = 0.7251, lr_0 = 8.2499e-04
Loss = 5.6363e-02, PNorm = 82.5570, GNorm = 0.6022, lr_0 = 8.2522e-04
Loss = 4.5751e-02, PNorm = 82.5784, GNorm = 0.5861, lr_0 = 8.2544e-04
Loss = 4.9770e-02, PNorm = 82.6004, GNorm = 1.2954, lr_0 = 8.2567e-04
Loss = 5.3751e-02, PNorm = 82.6241, GNorm = 1.8084, lr_0 = 8.2589e-04
Loss = 4.7414e-02, PNorm = 82.6472, GNorm = 0.5890, lr_0 = 8.2612e-04
Loss = 4.2383e-02, PNorm = 82.6646, GNorm = 0.4774, lr_0 = 8.2635e-04
Loss = 4.6848e-02, PNorm = 82.6820, GNorm = 0.9403, lr_0 = 8.2657e-04
Loss = 5.4750e-02, PNorm = 82.7053, GNorm = 0.8873, lr_0 = 8.2680e-04
Loss = 4.3451e-02, PNorm = 82.7255, GNorm = 0.8661, lr_0 = 8.2702e-04
Loss = 5.0840e-02, PNorm = 82.7420, GNorm = 0.7232, lr_0 = 8.2725e-04
Loss = 6.0766e-02, PNorm = 82.7634, GNorm = 1.9324, lr_0 = 8.2747e-04
Loss = 4.7530e-02, PNorm = 82.7870, GNorm = 1.1718, lr_0 = 8.2770e-04
Loss = 4.8354e-02, PNorm = 82.8130, GNorm = 1.2861, lr_0 = 8.2792e-04
Loss = 4.8635e-02, PNorm = 82.8343, GNorm = 0.9573, lr_0 = 8.2815e-04
Loss = 5.0745e-02, PNorm = 82.8548, GNorm = 0.7647, lr_0 = 8.2837e-04
Loss = 4.7211e-02, PNorm = 82.8767, GNorm = 0.6941, lr_0 = 8.2860e-04
Loss = 5.5556e-02, PNorm = 82.8980, GNorm = 0.7050, lr_0 = 8.2883e-04
Loss = 4.5637e-02, PNorm = 82.9152, GNorm = 0.7998, lr_0 = 8.2905e-04
Loss = 4.3030e-02, PNorm = 82.9333, GNorm = 0.9352, lr_0 = 8.2928e-04
Loss = 4.9273e-02, PNorm = 82.9475, GNorm = 0.7222, lr_0 = 8.2950e-04
Loss = 5.2586e-02, PNorm = 82.9625, GNorm = 0.9896, lr_0 = 8.2973e-04
Loss = 5.4339e-02, PNorm = 82.9816, GNorm = 0.8324, lr_0 = 8.2995e-04
Loss = 4.3415e-02, PNorm = 83.0065, GNorm = 0.4294, lr_0 = 8.3018e-04
Loss = 5.5918e-02, PNorm = 83.0296, GNorm = 4.1389, lr_0 = 8.3040e-04
Loss = 6.9070e-02, PNorm = 83.0527, GNorm = 0.9130, lr_0 = 8.3063e-04
Loss = 5.9418e-02, PNorm = 83.0727, GNorm = 0.7640, lr_0 = 8.3086e-04
Loss = 5.6689e-02, PNorm = 83.0943, GNorm = 0.6818, lr_0 = 8.3108e-04
Loss = 4.7701e-02, PNorm = 83.1159, GNorm = 0.7594, lr_0 = 8.3131e-04
Loss = 5.3431e-02, PNorm = 83.1379, GNorm = 0.7243, lr_0 = 8.3153e-04
Loss = 4.6773e-02, PNorm = 83.1601, GNorm = 0.8950, lr_0 = 8.3176e-04
Loss = 5.4383e-02, PNorm = 83.1787, GNorm = 0.7157, lr_0 = 8.3198e-04
Loss = 5.5447e-02, PNorm = 83.1980, GNorm = 1.5452, lr_0 = 8.3221e-04
Loss = 4.7460e-02, PNorm = 83.2202, GNorm = 0.6819, lr_0 = 8.3243e-04
Loss = 5.3625e-02, PNorm = 83.2429, GNorm = 0.7068, lr_0 = 8.3266e-04
Loss = 6.0944e-02, PNorm = 83.2681, GNorm = 0.9025, lr_0 = 8.3288e-04
Loss = 6.4854e-02, PNorm = 83.2933, GNorm = 1.9579, lr_0 = 8.3311e-04
Loss = 6.6360e-02, PNorm = 83.3212, GNorm = 0.5097, lr_0 = 8.3334e-04
Loss = 5.5318e-02, PNorm = 83.3433, GNorm = 1.0233, lr_0 = 8.3356e-04
Loss = 4.6880e-02, PNorm = 83.3680, GNorm = 0.9357, lr_0 = 8.3379e-04
Loss = 4.7499e-02, PNorm = 83.3940, GNorm = 0.5735, lr_0 = 8.3401e-04
Loss = 6.6647e-02, PNorm = 83.4164, GNorm = 0.7428, lr_0 = 8.3424e-04
Loss = 5.6560e-02, PNorm = 83.4422, GNorm = 0.4412, lr_0 = 8.3446e-04
Loss = 5.3857e-02, PNorm = 83.4699, GNorm = 1.7345, lr_0 = 8.3469e-04
Loss = 5.1558e-02, PNorm = 83.4954, GNorm = 1.5922, lr_0 = 8.3491e-04
Loss = 5.1974e-02, PNorm = 83.5219, GNorm = 0.8707, lr_0 = 8.3514e-04
Loss = 6.3898e-02, PNorm = 83.5465, GNorm = 1.4687, lr_0 = 8.3537e-04
Loss = 5.7530e-02, PNorm = 83.5801, GNorm = 1.0862, lr_0 = 8.3559e-04
Loss = 4.7037e-02, PNorm = 83.6071, GNorm = 1.0008, lr_0 = 8.3582e-04
Loss = 4.4429e-02, PNorm = 83.6319, GNorm = 1.4382, lr_0 = 8.3604e-04
Loss = 5.3227e-02, PNorm = 83.6528, GNorm = 0.7629, lr_0 = 8.3627e-04
Loss = 5.5978e-02, PNorm = 83.6746, GNorm = 0.5157, lr_0 = 8.3649e-04
Loss = 4.8163e-02, PNorm = 83.6961, GNorm = 0.7762, lr_0 = 8.3672e-04
Loss = 5.2408e-02, PNorm = 83.7185, GNorm = 1.6703, lr_0 = 8.3694e-04
Loss = 5.6745e-02, PNorm = 83.7434, GNorm = 0.8261, lr_0 = 8.3717e-04
Loss = 6.3067e-02, PNorm = 83.7722, GNorm = 0.9925, lr_0 = 8.3739e-04
Loss = 4.6467e-02, PNorm = 83.7955, GNorm = 0.7663, lr_0 = 8.3762e-04
Loss = 7.2316e-02, PNorm = 83.8204, GNorm = 1.3481, lr_0 = 8.3785e-04
Loss = 6.4588e-02, PNorm = 83.8498, GNorm = 0.5423, lr_0 = 8.3807e-04
Loss = 5.7119e-02, PNorm = 83.8769, GNorm = 1.3861, lr_0 = 8.3830e-04
Loss = 5.4759e-02, PNorm = 83.8984, GNorm = 1.1380, lr_0 = 8.3852e-04
Loss = 4.8201e-02, PNorm = 83.9178, GNorm = 0.5739, lr_0 = 8.3875e-04
Loss = 4.7856e-02, PNorm = 83.9360, GNorm = 1.3836, lr_0 = 8.3897e-04
Loss = 4.1147e-02, PNorm = 83.9542, GNorm = 0.6324, lr_0 = 8.3920e-04
Loss = 5.5345e-02, PNorm = 83.9766, GNorm = 0.7247, lr_0 = 8.3942e-04
Loss = 6.7855e-02, PNorm = 84.0073, GNorm = 1.7101, lr_0 = 8.3965e-04
Loss = 6.1038e-02, PNorm = 84.0332, GNorm = 0.7730, lr_0 = 8.3988e-04
Loss = 6.3070e-02, PNorm = 84.0591, GNorm = 0.8072, lr_0 = 8.4010e-04
Loss = 5.4510e-02, PNorm = 84.0824, GNorm = 1.1899, lr_0 = 8.4033e-04
Loss = 5.2628e-02, PNorm = 84.1108, GNorm = 0.7643, lr_0 = 8.4055e-04
Loss = 5.4229e-02, PNorm = 84.1363, GNorm = 0.7436, lr_0 = 8.4078e-04
Loss = 5.8377e-02, PNorm = 84.1593, GNorm = 1.7705, lr_0 = 8.4100e-04
Loss = 5.0142e-02, PNorm = 84.1836, GNorm = 0.9945, lr_0 = 8.4123e-04
Loss = 5.6907e-02, PNorm = 84.2048, GNorm = 3.8783, lr_0 = 8.4145e-04
Loss = 5.1150e-02, PNorm = 84.2269, GNorm = 1.0610, lr_0 = 8.4168e-04
Loss = 4.7802e-02, PNorm = 84.2452, GNorm = 0.5580, lr_0 = 8.4190e-04
Loss = 5.1811e-02, PNorm = 84.2655, GNorm = 0.5582, lr_0 = 8.4213e-04
Loss = 5.1157e-02, PNorm = 84.2850, GNorm = 1.4719, lr_0 = 8.4236e-04
Loss = 4.9845e-02, PNorm = 84.3107, GNorm = 0.4558, lr_0 = 8.4258e-04
Loss = 5.8078e-02, PNorm = 84.3334, GNorm = 1.1276, lr_0 = 8.4281e-04
Loss = 5.8558e-02, PNorm = 84.3558, GNorm = 0.8334, lr_0 = 8.4303e-04
Loss = 6.2391e-02, PNorm = 84.3837, GNorm = 0.9091, lr_0 = 8.4326e-04
Loss = 5.2686e-02, PNorm = 84.4078, GNorm = 0.7708, lr_0 = 8.4348e-04
Loss = 5.3017e-02, PNorm = 84.4317, GNorm = 1.1255, lr_0 = 8.4371e-04
Loss = 5.7265e-02, PNorm = 84.4511, GNorm = 1.2481, lr_0 = 8.4393e-04
Loss = 5.5263e-02, PNorm = 84.4692, GNorm = 0.7035, lr_0 = 8.4416e-04
Loss = 5.0130e-02, PNorm = 84.4875, GNorm = 0.8415, lr_0 = 8.4439e-04
Loss = 4.7180e-02, PNorm = 84.5054, GNorm = 0.7898, lr_0 = 8.4461e-04
Loss = 4.5731e-02, PNorm = 84.5206, GNorm = 0.8133, lr_0 = 8.4484e-04
Loss = 4.4185e-02, PNorm = 84.5367, GNorm = 0.8447, lr_0 = 8.4506e-04
Loss = 4.6143e-02, PNorm = 84.5592, GNorm = 1.0543, lr_0 = 8.4529e-04
Loss = 5.3327e-02, PNorm = 84.5856, GNorm = 1.1581, lr_0 = 8.4551e-04
Loss = 4.9751e-02, PNorm = 84.6054, GNorm = 0.5781, lr_0 = 8.4574e-04
Loss = 4.9898e-02, PNorm = 84.6221, GNorm = 0.8009, lr_0 = 8.4596e-04
Loss = 3.9707e-02, PNorm = 84.6379, GNorm = 1.0520, lr_0 = 8.4619e-04
Loss = 5.2771e-02, PNorm = 84.6579, GNorm = 0.8172, lr_0 = 8.4641e-04
Loss = 6.3765e-02, PNorm = 84.6811, GNorm = 0.9673, lr_0 = 8.4664e-04
Loss = 6.6941e-02, PNorm = 84.7001, GNorm = 4.3803, lr_0 = 8.4687e-04
Loss = 5.6211e-02, PNorm = 84.7242, GNorm = 0.9572, lr_0 = 8.4709e-04
Loss = 6.0717e-02, PNorm = 84.7521, GNorm = 0.9186, lr_0 = 8.4732e-04
Loss = 7.1738e-02, PNorm = 84.7813, GNorm = 7.1876, lr_0 = 8.4754e-04
Loss = 5.2251e-02, PNorm = 84.8101, GNorm = 0.5996, lr_0 = 8.4777e-04
Loss = 5.2904e-02, PNorm = 84.8370, GNorm = 0.5322, lr_0 = 8.4799e-04
Loss = 5.2321e-02, PNorm = 84.8609, GNorm = 0.6732, lr_0 = 8.4822e-04
Loss = 4.5765e-02, PNorm = 84.8832, GNorm = 1.0301, lr_0 = 8.4844e-04
Loss = 4.6089e-02, PNorm = 84.9061, GNorm = 1.5087, lr_0 = 8.4867e-04
Loss = 5.5338e-02, PNorm = 84.9311, GNorm = 1.0814, lr_0 = 8.4890e-04
Loss = 6.0214e-02, PNorm = 84.9565, GNorm = 1.3693, lr_0 = 8.4912e-04
Loss = 4.4832e-02, PNorm = 84.9773, GNorm = 0.9665, lr_0 = 8.4935e-04
Loss = 4.5688e-02, PNorm = 84.9982, GNorm = 1.9170, lr_0 = 8.4957e-04
Loss = 5.6218e-02, PNorm = 85.0240, GNorm = 0.7573, lr_0 = 8.4980e-04
Loss = 4.4395e-02, PNorm = 85.0490, GNorm = 0.7888, lr_0 = 8.5002e-04
Loss = 4.3010e-02, PNorm = 85.0706, GNorm = 1.0736, lr_0 = 8.5025e-04
Loss = 4.2848e-02, PNorm = 85.0896, GNorm = 0.8543, lr_0 = 8.5047e-04
Loss = 6.2748e-02, PNorm = 85.1074, GNorm = 1.2756, lr_0 = 8.5070e-04
Loss = 5.1052e-02, PNorm = 85.1302, GNorm = 1.8842, lr_0 = 8.5092e-04
Loss = 4.7418e-02, PNorm = 85.1541, GNorm = 0.7310, lr_0 = 8.5115e-04
Loss = 4.5603e-02, PNorm = 85.1771, GNorm = 0.7479, lr_0 = 8.5138e-04
Loss = 4.5336e-02, PNorm = 85.1980, GNorm = 0.6963, lr_0 = 8.5160e-04
Loss = 5.0282e-02, PNorm = 85.2193, GNorm = 0.6234, lr_0 = 8.5183e-04
Loss = 4.6093e-02, PNorm = 85.2426, GNorm = 0.9060, lr_0 = 8.5205e-04
Loss = 5.3513e-02, PNorm = 85.2651, GNorm = 0.8153, lr_0 = 8.5228e-04
Loss = 4.5638e-02, PNorm = 85.2875, GNorm = 0.4025, lr_0 = 8.5250e-04
Loss = 4.3557e-02, PNorm = 85.3040, GNorm = 0.6442, lr_0 = 8.5273e-04
Loss = 4.9411e-02, PNorm = 85.3205, GNorm = 0.9059, lr_0 = 8.5295e-04
Loss = 4.1943e-02, PNorm = 85.3413, GNorm = 0.5797, lr_0 = 8.5318e-04
Loss = 4.1741e-02, PNorm = 85.3614, GNorm = 0.6445, lr_0 = 8.5340e-04
Loss = 4.3674e-02, PNorm = 85.3772, GNorm = 0.8525, lr_0 = 8.5363e-04
Loss = 4.5830e-02, PNorm = 85.3953, GNorm = 0.9977, lr_0 = 8.5386e-04
Loss = 4.7991e-02, PNorm = 85.4187, GNorm = 1.1345, lr_0 = 8.5408e-04
Loss = 4.9077e-02, PNorm = 85.4425, GNorm = 0.8175, lr_0 = 8.5431e-04
Loss = 4.6103e-02, PNorm = 85.4658, GNorm = 1.2396, lr_0 = 8.5453e-04
Loss = 4.4884e-02, PNorm = 85.4874, GNorm = 1.3602, lr_0 = 8.5476e-04
Loss = 3.8856e-02, PNorm = 85.5119, GNorm = 1.3104, lr_0 = 8.5498e-04
Loss = 4.0830e-02, PNorm = 85.5292, GNorm = 0.4079, lr_0 = 8.5521e-04
Loss = 3.6491e-02, PNorm = 85.5458, GNorm = 0.4265, lr_0 = 8.5543e-04
Loss = 4.8915e-02, PNorm = 85.5606, GNorm = 0.8275, lr_0 = 8.5566e-04
Loss = 4.0160e-02, PNorm = 85.5733, GNorm = 1.1446, lr_0 = 8.5589e-04
Loss = 5.6630e-02, PNorm = 85.5906, GNorm = 0.8616, lr_0 = 8.5611e-04
Loss = 5.5534e-02, PNorm = 85.6107, GNorm = 0.7550, lr_0 = 8.5634e-04
Loss = 4.9522e-02, PNorm = 85.6327, GNorm = 0.8596, lr_0 = 8.5656e-04
Loss = 4.1374e-02, PNorm = 85.6513, GNorm = 0.4716, lr_0 = 8.5679e-04
Loss = 4.7201e-02, PNorm = 85.6734, GNorm = 0.6621, lr_0 = 8.5701e-04
Loss = 4.4836e-02, PNorm = 85.6923, GNorm = 0.5544, lr_0 = 8.5724e-04
Loss = 4.4008e-02, PNorm = 85.7102, GNorm = 1.5060, lr_0 = 8.5746e-04
Loss = 4.6860e-02, PNorm = 85.7339, GNorm = 0.5260, lr_0 = 8.5769e-04
Loss = 4.4492e-02, PNorm = 85.7557, GNorm = 0.5547, lr_0 = 8.5791e-04
Loss = 3.7476e-02, PNorm = 85.7765, GNorm = 0.5153, lr_0 = 8.5814e-04
Loss = 4.2158e-02, PNorm = 85.7899, GNorm = 0.7690, lr_0 = 8.5837e-04
Loss = 4.3511e-02, PNorm = 85.8037, GNorm = 0.6253, lr_0 = 8.5859e-04
Loss = 4.5648e-02, PNorm = 85.8211, GNorm = 0.6607, lr_0 = 8.5882e-04
Loss = 5.0172e-02, PNorm = 85.8443, GNorm = 0.5785, lr_0 = 8.5904e-04
Loss = 4.0815e-02, PNorm = 85.8633, GNorm = 0.5942, lr_0 = 8.5927e-04
Loss = 5.0968e-02, PNorm = 85.8860, GNorm = 1.1617, lr_0 = 8.5949e-04
Loss = 4.5978e-02, PNorm = 85.9097, GNorm = 0.4445, lr_0 = 8.5972e-04
Loss = 4.1707e-02, PNorm = 85.9343, GNorm = 1.2523, lr_0 = 8.5994e-04
Loss = 3.9053e-02, PNorm = 85.9553, GNorm = 0.7970, lr_0 = 8.6017e-04
Loss = 4.1576e-02, PNorm = 85.9738, GNorm = 0.4812, lr_0 = 8.6040e-04
Loss = 4.7426e-02, PNorm = 85.9927, GNorm = 0.8409, lr_0 = 8.6062e-04
Loss = 4.5689e-02, PNorm = 86.0139, GNorm = 0.9343, lr_0 = 8.6085e-04
Loss = 4.6199e-02, PNorm = 86.0394, GNorm = 0.5175, lr_0 = 8.6107e-04
Loss = 4.3356e-02, PNorm = 86.0623, GNorm = 0.6291, lr_0 = 8.6130e-04
Loss = 4.5233e-02, PNorm = 86.0818, GNorm = 1.0861, lr_0 = 8.6152e-04
Loss = 5.0793e-02, PNorm = 86.1013, GNorm = 0.7181, lr_0 = 8.6175e-04
Loss = 4.4842e-02, PNorm = 86.1221, GNorm = 0.5768, lr_0 = 8.6197e-04
Loss = 5.3574e-02, PNorm = 86.1432, GNorm = 0.9370, lr_0 = 8.6220e-04
Loss = 4.4089e-02, PNorm = 86.1652, GNorm = 0.9798, lr_0 = 8.6242e-04
Loss = 4.4783e-02, PNorm = 86.1912, GNorm = 0.5607, lr_0 = 8.6265e-04
Loss = 4.5960e-02, PNorm = 86.2174, GNorm = 1.0269, lr_0 = 8.6288e-04
Loss = 4.3377e-02, PNorm = 86.2450, GNorm = 0.6263, lr_0 = 8.6310e-04
Loss = 4.8856e-02, PNorm = 86.2707, GNorm = 0.7785, lr_0 = 8.6333e-04
Loss = 4.1430e-02, PNorm = 86.2909, GNorm = 0.8499, lr_0 = 8.6355e-04
Loss = 4.0906e-02, PNorm = 86.3080, GNorm = 0.5964, lr_0 = 8.6378e-04
Loss = 4.0964e-02, PNorm = 86.3307, GNorm = 0.5355, lr_0 = 8.6400e-04
Loss = 4.4704e-02, PNorm = 86.3524, GNorm = 0.5530, lr_0 = 8.6423e-04
Loss = 4.2895e-02, PNorm = 86.3697, GNorm = 0.6987, lr_0 = 8.6445e-04
Loss = 4.4005e-02, PNorm = 86.3886, GNorm = 0.7251, lr_0 = 8.6468e-04
Loss = 5.8027e-02, PNorm = 86.4101, GNorm = 0.6770, lr_0 = 8.6491e-04
Loss = 4.0882e-02, PNorm = 86.4347, GNorm = 0.4529, lr_0 = 8.6513e-04
Loss = 5.0262e-02, PNorm = 86.4561, GNorm = 0.8763, lr_0 = 8.6536e-04
Loss = 5.2710e-02, PNorm = 86.4792, GNorm = 1.0045, lr_0 = 8.6558e-04
Loss = 4.3468e-02, PNorm = 86.5050, GNorm = 0.5183, lr_0 = 8.6581e-04
Loss = 4.9087e-02, PNorm = 86.5281, GNorm = 0.6849, lr_0 = 8.6603e-04
Loss = 4.8801e-02, PNorm = 86.5512, GNorm = 1.4442, lr_0 = 8.6626e-04
Loss = 4.6134e-02, PNorm = 86.5780, GNorm = 0.7729, lr_0 = 8.6648e-04
Loss = 5.8644e-02, PNorm = 86.6033, GNorm = 1.4394, lr_0 = 8.6671e-04
Loss = 4.8967e-02, PNorm = 86.6273, GNorm = 1.1073, lr_0 = 8.6693e-04
Loss = 4.2181e-02, PNorm = 86.6486, GNorm = 0.9159, lr_0 = 8.6716e-04
Loss = 4.5009e-02, PNorm = 86.6676, GNorm = 0.6295, lr_0 = 8.6739e-04
Loss = 5.0699e-02, PNorm = 86.6898, GNorm = 1.0872, lr_0 = 8.6761e-04
Loss = 4.1866e-02, PNorm = 86.7116, GNorm = 0.8756, lr_0 = 8.6784e-04
Loss = 4.7104e-02, PNorm = 86.7297, GNorm = 1.0579, lr_0 = 8.6806e-04
Loss = 5.0108e-02, PNorm = 86.7547, GNorm = 0.6382, lr_0 = 8.6829e-04
Loss = 4.9795e-02, PNorm = 86.7823, GNorm = 1.0497, lr_0 = 8.6851e-04
Loss = 4.7561e-02, PNorm = 86.8091, GNorm = 1.0422, lr_0 = 8.6874e-04
Loss = 4.4540e-02, PNorm = 86.8279, GNorm = 0.5162, lr_0 = 8.6896e-04
Loss = 4.2755e-02, PNorm = 86.8412, GNorm = 0.8677, lr_0 = 8.6919e-04
Loss = 4.7404e-02, PNorm = 86.8585, GNorm = 0.7965, lr_0 = 8.6942e-04
Loss = 5.2997e-02, PNorm = 86.8869, GNorm = 0.4501, lr_0 = 8.6964e-04
Loss = 4.5958e-02, PNorm = 86.9107, GNorm = 1.7413, lr_0 = 8.6987e-04
Loss = 5.1245e-02, PNorm = 86.9361, GNorm = 0.6496, lr_0 = 8.7009e-04
Loss = 5.1658e-02, PNorm = 86.9582, GNorm = 1.3199, lr_0 = 8.7032e-04
Loss = 3.9523e-02, PNorm = 86.9830, GNorm = 0.3698, lr_0 = 8.7054e-04
Loss = 7.4875e-02, PNorm = 87.0085, GNorm = 1.0175, lr_0 = 8.7077e-04
Loss = 6.1591e-02, PNorm = 87.0328, GNorm = 0.5820, lr_0 = 8.7099e-04
Loss = 6.4386e-02, PNorm = 87.0595, GNorm = 1.4360, lr_0 = 8.7122e-04
Loss = 6.2776e-02, PNorm = 87.0918, GNorm = 1.2261, lr_0 = 8.7144e-04
Loss = 6.1939e-02, PNorm = 87.1265, GNorm = 0.7418, lr_0 = 8.7167e-04
Loss = 5.8097e-02, PNorm = 87.1559, GNorm = 0.8752, lr_0 = 8.7190e-04
Loss = 5.4658e-02, PNorm = 87.1792, GNorm = 0.6201, lr_0 = 8.7212e-04
Loss = 5.7068e-02, PNorm = 87.2062, GNorm = 1.8095, lr_0 = 8.7235e-04
Loss = 4.9690e-02, PNorm = 87.2328, GNorm = 1.4305, lr_0 = 8.7257e-04
Loss = 5.0054e-02, PNorm = 87.2552, GNorm = 0.8074, lr_0 = 8.7280e-04
Loss = 4.0247e-02, PNorm = 87.2756, GNorm = 1.4137, lr_0 = 8.7302e-04
Loss = 4.2430e-02, PNorm = 87.2987, GNorm = 0.6625, lr_0 = 8.7325e-04
Loss = 5.2623e-02, PNorm = 87.3257, GNorm = 1.3152, lr_0 = 8.7347e-04
Loss = 4.9673e-02, PNorm = 87.3499, GNorm = 0.5769, lr_0 = 8.7370e-04
Loss = 6.2393e-02, PNorm = 87.3777, GNorm = 0.5613, lr_0 = 8.7393e-04
Loss = 4.9628e-02, PNorm = 87.3984, GNorm = 0.5945, lr_0 = 8.7415e-04
Loss = 5.7787e-02, PNorm = 87.4272, GNorm = 0.3645, lr_0 = 8.7438e-04
Loss = 4.6803e-02, PNorm = 87.4583, GNorm = 0.8844, lr_0 = 8.7460e-04
Loss = 5.1850e-02, PNorm = 87.4841, GNorm = 0.7780, lr_0 = 8.7483e-04
Loss = 5.0737e-02, PNorm = 87.5042, GNorm = 1.1829, lr_0 = 8.7505e-04
Loss = 5.3190e-02, PNorm = 87.5300, GNorm = 0.9886, lr_0 = 8.7528e-04
Loss = 4.8076e-02, PNorm = 87.5566, GNorm = 1.0577, lr_0 = 8.7550e-04
Loss = 4.9345e-02, PNorm = 87.5806, GNorm = 0.5143, lr_0 = 8.7573e-04
Loss = 4.0605e-02, PNorm = 87.6006, GNorm = 0.5650, lr_0 = 8.7595e-04
Loss = 5.3285e-02, PNorm = 87.6249, GNorm = 0.8903, lr_0 = 8.7618e-04
Loss = 5.1600e-02, PNorm = 87.6502, GNorm = 0.8354, lr_0 = 8.7641e-04
Loss = 5.1383e-02, PNorm = 87.6771, GNorm = 0.9470, lr_0 = 8.7663e-04
Loss = 4.6462e-02, PNorm = 87.7051, GNorm = 1.1350, lr_0 = 8.7686e-04
Loss = 4.5274e-02, PNorm = 87.7260, GNorm = 0.9580, lr_0 = 8.7708e-04
Loss = 4.4976e-02, PNorm = 87.7370, GNorm = 0.8892, lr_0 = 8.7731e-04
Loss = 5.3287e-02, PNorm = 87.7533, GNorm = 2.1034, lr_0 = 8.7753e-04
Loss = 5.3334e-02, PNorm = 87.7790, GNorm = 0.8462, lr_0 = 8.7776e-04
Loss = 6.1614e-02, PNorm = 87.8037, GNorm = 0.8607, lr_0 = 8.7798e-04
Loss = 7.4643e-02, PNorm = 87.8310, GNorm = 0.9877, lr_0 = 8.7821e-04
Loss = 5.9240e-02, PNorm = 87.8658, GNorm = 0.4620, lr_0 = 8.7844e-04
Loss = 5.4004e-02, PNorm = 87.8946, GNorm = 1.2810, lr_0 = 8.7866e-04
Loss = 7.3554e-02, PNorm = 87.9191, GNorm = 0.5176, lr_0 = 8.7889e-04
Loss = 5.3184e-02, PNorm = 87.9517, GNorm = 1.2275, lr_0 = 8.7911e-04
Loss = 6.0606e-02, PNorm = 87.9841, GNorm = 1.1673, lr_0 = 8.7934e-04
Loss = 5.5465e-02, PNorm = 88.0158, GNorm = 0.8411, lr_0 = 8.7956e-04
Loss = 4.9891e-02, PNorm = 88.0422, GNorm = 0.5214, lr_0 = 8.7979e-04
Loss = 5.9483e-02, PNorm = 88.0683, GNorm = 1.3262, lr_0 = 8.8001e-04
Loss = 4.6931e-02, PNorm = 88.0978, GNorm = 0.7101, lr_0 = 8.8024e-04
Loss = 6.7088e-02, PNorm = 88.1277, GNorm = 0.7100, lr_0 = 8.8046e-04
Loss = 4.6548e-02, PNorm = 88.1581, GNorm = 1.0443, lr_0 = 8.8069e-04
Loss = 5.0398e-02, PNorm = 88.1854, GNorm = 0.6828, lr_0 = 8.8092e-04
Loss = 4.4594e-02, PNorm = 88.2137, GNorm = 0.6871, lr_0 = 8.8114e-04
Loss = 5.4068e-02, PNorm = 88.2369, GNorm = 0.9180, lr_0 = 8.8137e-04
Loss = 6.0193e-02, PNorm = 88.2639, GNorm = 4.9406, lr_0 = 8.8159e-04
Loss = 6.2827e-02, PNorm = 88.2892, GNorm = 1.3446, lr_0 = 8.8182e-04
Loss = 5.7557e-02, PNorm = 88.3101, GNorm = 1.4760, lr_0 = 8.8204e-04
Loss = 5.8961e-02, PNorm = 88.3380, GNorm = 0.8846, lr_0 = 8.8227e-04
Loss = 4.8828e-02, PNorm = 88.3695, GNorm = 0.8898, lr_0 = 8.8249e-04
Loss = 5.7848e-02, PNorm = 88.3967, GNorm = 0.7295, lr_0 = 8.8272e-04
Loss = 5.2627e-02, PNorm = 88.4233, GNorm = 1.2699, lr_0 = 8.8294e-04
Loss = 5.0225e-02, PNorm = 88.4497, GNorm = 1.6423, lr_0 = 8.8317e-04
Loss = 5.6214e-02, PNorm = 88.4715, GNorm = 0.7791, lr_0 = 8.8340e-04
Loss = 5.7186e-02, PNorm = 88.4927, GNorm = 0.7510, lr_0 = 8.8362e-04
Loss = 4.8832e-02, PNorm = 88.5207, GNorm = 0.6659, lr_0 = 8.8385e-04
Loss = 4.9253e-02, PNorm = 88.5486, GNorm = 0.6160, lr_0 = 8.8407e-04
Loss = 5.2437e-02, PNorm = 88.5726, GNorm = 1.1638, lr_0 = 8.8430e-04
Loss = 4.4833e-02, PNorm = 88.5986, GNorm = 0.6043, lr_0 = 8.8452e-04
Loss = 5.1805e-02, PNorm = 88.6218, GNorm = 0.6948, lr_0 = 8.8475e-04
Loss = 5.6390e-02, PNorm = 88.6470, GNorm = 0.4893, lr_0 = 8.8497e-04
Loss = 4.7157e-02, PNorm = 88.6713, GNorm = 0.9173, lr_0 = 8.8520e-04
Loss = 5.1461e-02, PNorm = 88.6968, GNorm = 1.0504, lr_0 = 8.8543e-04
Loss = 5.0273e-02, PNorm = 88.7187, GNorm = 0.9722, lr_0 = 8.8565e-04
Loss = 5.5753e-02, PNorm = 88.7434, GNorm = 0.4949, lr_0 = 8.8588e-04
Loss = 6.1368e-02, PNorm = 88.7692, GNorm = 0.6566, lr_0 = 8.8610e-04
Loss = 5.3225e-02, PNorm = 88.7935, GNorm = 0.7543, lr_0 = 8.8633e-04
Loss = 6.2214e-02, PNorm = 88.8237, GNorm = 0.8810, lr_0 = 8.8655e-04
Loss = 5.5236e-02, PNorm = 88.8512, GNorm = 1.0945, lr_0 = 8.8678e-04
Loss = 5.1143e-02, PNorm = 88.8819, GNorm = 0.8936, lr_0 = 8.8700e-04
Loss = 4.6302e-02, PNorm = 88.9105, GNorm = 1.2686, lr_0 = 8.8723e-04
Loss = 5.1221e-02, PNorm = 88.9394, GNorm = 1.0934, lr_0 = 8.8745e-04
Loss = 4.5083e-02, PNorm = 88.9594, GNorm = 0.5936, lr_0 = 8.8768e-04
Loss = 4.4398e-02, PNorm = 88.9756, GNorm = 0.5760, lr_0 = 8.8791e-04
Loss = 4.2153e-02, PNorm = 88.9913, GNorm = 0.4496, lr_0 = 8.8813e-04
Loss = 4.7227e-02, PNorm = 89.0078, GNorm = 0.8315, lr_0 = 8.8836e-04
Loss = 6.0233e-02, PNorm = 89.0301, GNorm = 0.6195, lr_0 = 8.8858e-04
Loss = 5.0768e-02, PNorm = 89.0552, GNorm = 0.8207, lr_0 = 8.8881e-04
Loss = 3.8646e-02, PNorm = 89.0816, GNorm = 0.4538, lr_0 = 8.8903e-04
Loss = 4.2017e-02, PNorm = 89.1051, GNorm = 0.7833, lr_0 = 8.8926e-04
Loss = 4.9086e-02, PNorm = 89.1206, GNorm = 1.1073, lr_0 = 8.8948e-04
Loss = 4.3771e-02, PNorm = 89.1341, GNorm = 0.4242, lr_0 = 8.8971e-04
Loss = 4.4913e-02, PNorm = 89.1532, GNorm = 1.0920, lr_0 = 8.8994e-04
Loss = 4.1742e-02, PNorm = 89.1745, GNorm = 0.5411, lr_0 = 8.9016e-04
Loss = 5.0795e-02, PNorm = 89.2001, GNorm = 0.7401, lr_0 = 8.9039e-04
Loss = 4.1925e-02, PNorm = 89.2210, GNorm = 0.5979, lr_0 = 8.9061e-04
Loss = 4.1500e-02, PNorm = 89.2398, GNorm = 0.9605, lr_0 = 8.9084e-04
Loss = 5.8590e-02, PNorm = 89.2633, GNorm = 1.1026, lr_0 = 8.9106e-04
Loss = 4.1992e-02, PNorm = 89.2920, GNorm = 0.8239, lr_0 = 8.9129e-04
Loss = 6.7762e-02, PNorm = 89.3200, GNorm = 2.1038, lr_0 = 8.9151e-04
Loss = 4.7864e-02, PNorm = 89.3415, GNorm = 1.1415, lr_0 = 8.9174e-04
Loss = 4.6802e-02, PNorm = 89.3615, GNorm = 1.4080, lr_0 = 8.9196e-04
Loss = 4.6082e-02, PNorm = 89.3836, GNorm = 0.6626, lr_0 = 8.9219e-04
Loss = 3.5058e-02, PNorm = 89.4011, GNorm = 0.4525, lr_0 = 8.9242e-04
Loss = 5.4101e-02, PNorm = 89.4154, GNorm = 0.5779, lr_0 = 8.9264e-04
Loss = 5.4624e-02, PNorm = 89.4334, GNorm = 0.9201, lr_0 = 8.9287e-04
Loss = 5.7708e-02, PNorm = 89.4616, GNorm = 1.0474, lr_0 = 8.9309e-04
Loss = 4.6804e-02, PNorm = 89.4912, GNorm = 0.9487, lr_0 = 8.9332e-04
Loss = 5.5326e-02, PNorm = 89.5177, GNorm = 1.5284, lr_0 = 8.9354e-04
Loss = 5.6287e-02, PNorm = 89.5484, GNorm = 1.1810, lr_0 = 8.9377e-04
Loss = 4.4449e-02, PNorm = 89.5768, GNorm = 0.6484, lr_0 = 8.9399e-04
Loss = 5.9195e-02, PNorm = 89.6071, GNorm = 1.1147, lr_0 = 8.9422e-04
Loss = 4.6799e-02, PNorm = 89.6301, GNorm = 0.4542, lr_0 = 8.9445e-04
Loss = 5.2135e-02, PNorm = 89.6498, GNorm = 0.7352, lr_0 = 8.9467e-04
Loss = 4.7503e-02, PNorm = 89.6726, GNorm = 1.1095, lr_0 = 8.9490e-04
Loss = 4.8548e-02, PNorm = 89.6939, GNorm = 1.0351, lr_0 = 8.9512e-04
Loss = 4.6786e-02, PNorm = 89.7174, GNorm = 0.7949, lr_0 = 8.9535e-04
Loss = 4.4404e-02, PNorm = 89.7391, GNorm = 0.7915, lr_0 = 8.9557e-04
Loss = 4.3721e-02, PNorm = 89.7623, GNorm = 0.7083, lr_0 = 8.9580e-04
Loss = 4.4233e-02, PNorm = 89.7866, GNorm = 0.7609, lr_0 = 8.9602e-04
Loss = 4.7988e-02, PNorm = 89.8095, GNorm = 1.3129, lr_0 = 8.9625e-04
Loss = 5.6049e-02, PNorm = 89.8319, GNorm = 1.0055, lr_0 = 8.9647e-04
Loss = 5.2505e-02, PNorm = 89.8632, GNorm = 0.7776, lr_0 = 8.9670e-04
Loss = 4.4781e-02, PNorm = 89.8882, GNorm = 0.9942, lr_0 = 8.9693e-04
Loss = 4.8799e-02, PNorm = 89.9116, GNorm = 0.7035, lr_0 = 8.9715e-04
Loss = 6.4887e-02, PNorm = 89.9372, GNorm = 1.0037, lr_0 = 8.9738e-04
Loss = 5.7799e-02, PNorm = 89.9687, GNorm = 0.7086, lr_0 = 8.9760e-04
Loss = 5.4391e-02, PNorm = 89.9951, GNorm = 0.9275, lr_0 = 8.9783e-04
Loss = 4.6230e-02, PNorm = 90.0214, GNorm = 0.6608, lr_0 = 8.9805e-04
Loss = 5.2090e-02, PNorm = 90.0464, GNorm = 1.5268, lr_0 = 8.9828e-04
Loss = 5.0474e-02, PNorm = 90.0720, GNorm = 1.7374, lr_0 = 8.9850e-04
Loss = 6.2810e-02, PNorm = 90.0969, GNorm = 1.0547, lr_0 = 8.9873e-04
Loss = 4.4903e-02, PNorm = 90.1290, GNorm = 0.9244, lr_0 = 8.9896e-04
Loss = 5.1064e-02, PNorm = 90.1591, GNorm = 0.6754, lr_0 = 8.9918e-04
Loss = 4.5599e-02, PNorm = 90.1806, GNorm = 0.8566, lr_0 = 8.9941e-04
Loss = 4.8287e-02, PNorm = 90.2034, GNorm = 1.3035, lr_0 = 8.9963e-04
Loss = 5.1511e-02, PNorm = 90.2258, GNorm = 0.5718, lr_0 = 8.9986e-04
Loss = 5.2210e-02, PNorm = 90.2537, GNorm = 0.9502, lr_0 = 9.0008e-04
Loss = 5.8363e-02, PNorm = 90.2791, GNorm = 4.9816, lr_0 = 9.0031e-04
Loss = 4.2515e-02, PNorm = 90.3023, GNorm = 0.6153, lr_0 = 9.0053e-04
Loss = 4.6030e-02, PNorm = 90.3262, GNorm = 0.8179, lr_0 = 9.0076e-04
Loss = 4.4283e-02, PNorm = 90.3502, GNorm = 0.6916, lr_0 = 9.0098e-04
Loss = 4.2903e-02, PNorm = 90.3716, GNorm = 0.8385, lr_0 = 9.0121e-04
Loss = 4.4558e-02, PNorm = 90.3920, GNorm = 0.7021, lr_0 = 9.0144e-04
Loss = 4.2198e-02, PNorm = 90.4081, GNorm = 1.5939, lr_0 = 9.0166e-04
Loss = 4.4508e-02, PNorm = 90.4259, GNorm = 0.8624, lr_0 = 9.0189e-04
Loss = 3.7968e-02, PNorm = 90.4469, GNorm = 1.2139, lr_0 = 9.0211e-04
Loss = 4.6826e-02, PNorm = 90.4689, GNorm = 0.7662, lr_0 = 9.0234e-04
Loss = 4.3194e-02, PNorm = 90.4929, GNorm = 0.7010, lr_0 = 9.0256e-04
Loss = 4.1979e-02, PNorm = 90.5114, GNorm = 1.0277, lr_0 = 9.0279e-04
Loss = 3.8144e-02, PNorm = 90.5243, GNorm = 0.6522, lr_0 = 9.0301e-04
Loss = 4.4491e-02, PNorm = 90.5374, GNorm = 0.5074, lr_0 = 9.0324e-04
Loss = 4.2841e-02, PNorm = 90.5560, GNorm = 0.9586, lr_0 = 9.0347e-04
Loss = 4.6192e-02, PNorm = 90.5796, GNorm = 0.8057, lr_0 = 9.0369e-04
Loss = 3.7437e-02, PNorm = 90.6032, GNorm = 0.5003, lr_0 = 9.0392e-04
Loss = 3.8573e-02, PNorm = 90.6275, GNorm = 0.7644, lr_0 = 9.0414e-04
Loss = 4.2486e-02, PNorm = 90.6496, GNorm = 0.9025, lr_0 = 9.0437e-04
Loss = 3.5554e-02, PNorm = 90.6715, GNorm = 0.6402, lr_0 = 9.0459e-04
Loss = 5.0976e-02, PNorm = 90.6909, GNorm = 0.9716, lr_0 = 9.0482e-04
Loss = 5.6876e-02, PNorm = 90.7101, GNorm = 0.6661, lr_0 = 9.0504e-04
Loss = 5.3681e-02, PNorm = 90.7348, GNorm = 0.7396, lr_0 = 9.0527e-04
Loss = 4.8083e-02, PNorm = 90.7582, GNorm = 1.7975, lr_0 = 9.0549e-04
Loss = 5.4344e-02, PNorm = 90.7876, GNorm = 0.5760, lr_0 = 9.0572e-04
Loss = 7.0468e-02, PNorm = 90.8164, GNorm = 0.8850, lr_0 = 9.0595e-04
Loss = 5.9453e-02, PNorm = 90.8407, GNorm = 0.7540, lr_0 = 9.0617e-04
Loss = 5.1719e-02, PNorm = 90.8694, GNorm = 1.0237, lr_0 = 9.0640e-04
Loss = 4.6682e-02, PNorm = 90.8995, GNorm = 1.0859, lr_0 = 9.0662e-04
Loss = 6.3071e-02, PNorm = 90.9325, GNorm = 0.9842, lr_0 = 9.0685e-04
Loss = 4.9543e-02, PNorm = 90.9627, GNorm = 0.4716, lr_0 = 9.0707e-04
Loss = 4.6104e-02, PNorm = 90.9892, GNorm = 1.1588, lr_0 = 9.0730e-04
Loss = 4.7099e-02, PNorm = 91.0152, GNorm = 0.7552, lr_0 = 9.0752e-04
Loss = 5.1527e-02, PNorm = 91.0374, GNorm = 1.1143, lr_0 = 9.0775e-04
Loss = 5.1574e-02, PNorm = 91.0556, GNorm = 0.7403, lr_0 = 9.0798e-04
Loss = 4.4154e-02, PNorm = 91.0774, GNorm = 0.8454, lr_0 = 9.0820e-04
Loss = 4.5099e-02, PNorm = 91.0962, GNorm = 0.7067, lr_0 = 9.0843e-04
Loss = 5.1754e-02, PNorm = 91.1172, GNorm = 0.5538, lr_0 = 9.0865e-04
Loss = 4.1386e-02, PNorm = 91.1339, GNorm = 1.1723, lr_0 = 9.0888e-04
Loss = 5.0843e-02, PNorm = 91.1525, GNorm = 1.1638, lr_0 = 9.0910e-04
Loss = 5.0127e-02, PNorm = 91.1752, GNorm = 0.7146, lr_0 = 9.0933e-04
Loss = 6.5952e-02, PNorm = 91.1981, GNorm = 0.6742, lr_0 = 9.0955e-04
Loss = 5.0161e-02, PNorm = 91.2241, GNorm = 1.3227, lr_0 = 9.0978e-04
Loss = 4.4188e-02, PNorm = 91.2524, GNorm = 2.8257, lr_0 = 9.1000e-04
Loss = 3.9770e-02, PNorm = 91.2812, GNorm = 0.5456, lr_0 = 9.1023e-04
Loss = 5.9740e-02, PNorm = 91.3095, GNorm = 0.9919, lr_0 = 9.1046e-04
Loss = 5.0538e-02, PNorm = 91.3337, GNorm = 0.7598, lr_0 = 9.1068e-04
Loss = 5.1564e-02, PNorm = 91.3585, GNorm = 1.0288, lr_0 = 9.1091e-04
Loss = 4.1952e-02, PNorm = 91.3898, GNorm = 1.2734, lr_0 = 9.1113e-04
Loss = 4.8864e-02, PNorm = 91.4192, GNorm = 1.1338, lr_0 = 9.1136e-04
Loss = 4.5354e-02, PNorm = 91.4389, GNorm = 1.0176, lr_0 = 9.1158e-04
Loss = 4.5523e-02, PNorm = 91.4570, GNorm = 0.8695, lr_0 = 9.1181e-04
Loss = 4.3320e-02, PNorm = 91.4814, GNorm = 0.7089, lr_0 = 9.1203e-04
Loss = 4.3832e-02, PNorm = 91.5064, GNorm = 0.6477, lr_0 = 9.1226e-04
Loss = 3.6820e-02, PNorm = 91.5279, GNorm = 0.7221, lr_0 = 9.1248e-04
Loss = 3.8830e-02, PNorm = 91.5467, GNorm = 0.8951, lr_0 = 9.1271e-04
Loss = 4.9800e-02, PNorm = 91.5665, GNorm = 0.6254, lr_0 = 9.1294e-04
Loss = 3.9449e-02, PNorm = 91.5896, GNorm = 3.2063, lr_0 = 9.1316e-04
Loss = 4.2840e-02, PNorm = 91.6123, GNorm = 0.8199, lr_0 = 9.1339e-04
Loss = 5.0035e-02, PNorm = 91.6415, GNorm = 0.9463, lr_0 = 9.1361e-04
Loss = 3.9121e-02, PNorm = 91.6655, GNorm = 0.6520, lr_0 = 9.1384e-04
Loss = 4.4420e-02, PNorm = 91.6891, GNorm = 3.5309, lr_0 = 9.1406e-04
Loss = 4.4965e-02, PNorm = 91.7136, GNorm = 0.9419, lr_0 = 9.1429e-04
Loss = 5.1759e-02, PNorm = 91.7381, GNorm = 0.9701, lr_0 = 9.1451e-04
Loss = 5.7136e-02, PNorm = 91.7619, GNorm = 2.1697, lr_0 = 9.1474e-04
Loss = 5.6250e-02, PNorm = 91.7880, GNorm = 1.0721, lr_0 = 9.1497e-04
Loss = 4.2274e-02, PNorm = 91.8168, GNorm = 0.9035, lr_0 = 9.1519e-04
Loss = 4.1558e-02, PNorm = 91.8417, GNorm = 0.6382, lr_0 = 9.1542e-04
Loss = 4.3667e-02, PNorm = 91.8660, GNorm = 0.3969, lr_0 = 9.1564e-04
Loss = 4.4561e-02, PNorm = 91.8855, GNorm = 0.8270, lr_0 = 9.1587e-04
Loss = 5.2261e-02, PNorm = 91.9083, GNorm = 0.8365, lr_0 = 9.1609e-04
Loss = 4.0782e-02, PNorm = 91.9331, GNorm = 1.0071, lr_0 = 9.1632e-04
Loss = 4.1232e-02, PNorm = 91.9517, GNorm = 0.4079, lr_0 = 9.1654e-04
Loss = 4.7798e-02, PNorm = 91.9714, GNorm = 0.5678, lr_0 = 9.1677e-04
Loss = 5.2509e-02, PNorm = 91.9933, GNorm = 0.9181, lr_0 = 9.1699e-04
Loss = 6.3881e-02, PNorm = 92.0146, GNorm = 0.8072, lr_0 = 9.1722e-04
Loss = 5.2292e-02, PNorm = 92.0397, GNorm = 0.9929, lr_0 = 9.1745e-04
Loss = 6.2139e-02, PNorm = 92.0680, GNorm = 0.7671, lr_0 = 9.1767e-04
Loss = 5.0109e-02, PNorm = 92.1023, GNorm = 0.7720, lr_0 = 9.1790e-04
Loss = 6.4523e-02, PNorm = 92.1320, GNorm = 0.7109, lr_0 = 9.1812e-04
Loss = 5.1634e-02, PNorm = 92.1661, GNorm = 0.6876, lr_0 = 9.1835e-04
Loss = 4.7436e-02, PNorm = 92.1953, GNorm = 0.8767, lr_0 = 9.1857e-04
Loss = 4.9167e-02, PNorm = 92.2269, GNorm = 0.8289, lr_0 = 9.1880e-04
Loss = 4.2700e-02, PNorm = 92.2542, GNorm = 0.6682, lr_0 = 9.1902e-04
Loss = 5.2086e-02, PNorm = 92.2790, GNorm = 0.6237, lr_0 = 9.1925e-04
Loss = 5.4581e-02, PNorm = 92.3019, GNorm = 0.9062, lr_0 = 9.1948e-04
Loss = 5.1063e-02, PNorm = 92.3266, GNorm = 1.1571, lr_0 = 9.1970e-04
Loss = 4.1985e-02, PNorm = 92.3555, GNorm = 0.9262, lr_0 = 9.1993e-04
Loss = 4.5899e-02, PNorm = 92.3804, GNorm = 0.4034, lr_0 = 9.2015e-04
Loss = 4.3416e-02, PNorm = 92.4054, GNorm = 0.5571, lr_0 = 9.2038e-04
Loss = 4.2513e-02, PNorm = 92.4302, GNorm = 0.5608, lr_0 = 9.2060e-04
Loss = 4.2385e-02, PNorm = 92.4484, GNorm = 0.7710, lr_0 = 9.2083e-04
Loss = 4.7312e-02, PNorm = 92.4680, GNorm = 0.7890, lr_0 = 9.2105e-04
Loss = 5.6160e-02, PNorm = 92.4876, GNorm = 0.7247, lr_0 = 9.2128e-04
Loss = 5.5667e-02, PNorm = 92.5080, GNorm = 0.5777, lr_0 = 9.2150e-04
Loss = 4.0884e-02, PNorm = 92.5307, GNorm = 0.6067, lr_0 = 9.2173e-04
Loss = 5.2025e-02, PNorm = 92.5570, GNorm = 1.2837, lr_0 = 9.2196e-04
Loss = 4.9156e-02, PNorm = 92.5850, GNorm = 0.9125, lr_0 = 9.2218e-04
Loss = 4.4962e-02, PNorm = 92.6110, GNorm = 1.1388, lr_0 = 9.2241e-04
Loss = 5.6532e-02, PNorm = 92.6360, GNorm = 0.7862, lr_0 = 9.2263e-04
Loss = 4.4436e-02, PNorm = 92.6654, GNorm = 0.4729, lr_0 = 9.2286e-04
Loss = 4.1885e-02, PNorm = 92.6886, GNorm = 0.8796, lr_0 = 9.2308e-04
Loss = 4.7559e-02, PNorm = 92.7123, GNorm = 0.9453, lr_0 = 9.2331e-04
Loss = 4.5410e-02, PNorm = 92.7347, GNorm = 0.4609, lr_0 = 9.2353e-04
Loss = 4.6474e-02, PNorm = 92.7591, GNorm = 0.7092, lr_0 = 9.2376e-04
Loss = 4.4668e-02, PNorm = 92.7906, GNorm = 0.5625, lr_0 = 9.2399e-04
Loss = 5.5552e-02, PNorm = 92.8183, GNorm = 0.8420, lr_0 = 9.2421e-04
Loss = 5.1874e-02, PNorm = 92.8428, GNorm = 1.7920, lr_0 = 9.2444e-04
Loss = 4.8517e-02, PNorm = 92.8726, GNorm = 0.7368, lr_0 = 9.2466e-04
Loss = 4.5925e-02, PNorm = 92.8986, GNorm = 0.7225, lr_0 = 9.2489e-04
Loss = 4.6347e-02, PNorm = 92.9250, GNorm = 0.7966, lr_0 = 9.2511e-04
Loss = 5.1624e-02, PNorm = 92.9523, GNorm = 1.0149, lr_0 = 9.2534e-04
Loss = 4.1992e-02, PNorm = 92.9765, GNorm = 1.4306, lr_0 = 9.2556e-04
Loss = 4.2830e-02, PNorm = 92.9958, GNorm = 1.0493, lr_0 = 9.2579e-04
Loss = 4.1310e-02, PNorm = 93.0151, GNorm = 0.5190, lr_0 = 9.2601e-04
Loss = 4.2002e-02, PNorm = 93.0324, GNorm = 1.3871, lr_0 = 9.2624e-04
Loss = 4.4187e-02, PNorm = 93.0523, GNorm = 0.6951, lr_0 = 9.2647e-04
Loss = 4.4460e-02, PNorm = 93.0699, GNorm = 0.5956, lr_0 = 9.2669e-04
Loss = 4.5214e-02, PNorm = 93.0864, GNorm = 1.0939, lr_0 = 9.2692e-04
Loss = 5.4801e-02, PNorm = 93.1087, GNorm = 0.5817, lr_0 = 9.2714e-04
Loss = 4.4875e-02, PNorm = 93.1337, GNorm = 0.6275, lr_0 = 9.2737e-04
Loss = 5.4960e-02, PNorm = 93.1586, GNorm = 1.0626, lr_0 = 9.2759e-04
Loss = 4.7652e-02, PNorm = 93.1840, GNorm = 0.5699, lr_0 = 9.2782e-04
Loss = 5.5618e-02, PNorm = 93.2157, GNorm = 1.0029, lr_0 = 9.2804e-04
Loss = 4.8231e-02, PNorm = 93.2443, GNorm = 0.9900, lr_0 = 9.2827e-04
Loss = 4.5827e-02, PNorm = 93.2732, GNorm = 0.5738, lr_0 = 9.2850e-04
Loss = 4.5562e-02, PNorm = 93.3010, GNorm = 1.0522, lr_0 = 9.2872e-04
Loss = 6.0497e-02, PNorm = 93.3317, GNorm = 0.6704, lr_0 = 9.2895e-04
Loss = 4.7638e-02, PNorm = 93.3650, GNorm = 1.4691, lr_0 = 9.2917e-04
Loss = 4.1168e-02, PNorm = 93.3949, GNorm = 1.1252, lr_0 = 9.2940e-04
Loss = 4.5214e-02, PNorm = 93.4217, GNorm = 0.6050, lr_0 = 9.2962e-04
Loss = 5.3354e-02, PNorm = 93.4512, GNorm = 1.1716, lr_0 = 9.2985e-04
Loss = 6.2607e-02, PNorm = 93.4789, GNorm = 4.3955, lr_0 = 9.3007e-04
Loss = 5.3100e-02, PNorm = 93.5132, GNorm = 1.1404, lr_0 = 9.3030e-04
Loss = 5.2683e-02, PNorm = 93.5385, GNorm = 0.6852, lr_0 = 9.3052e-04
Loss = 4.9492e-02, PNorm = 93.5653, GNorm = 0.5380, lr_0 = 9.3075e-04
Loss = 5.1666e-02, PNorm = 93.5970, GNorm = 0.8349, lr_0 = 9.3098e-04
Loss = 4.2034e-02, PNorm = 93.6214, GNorm = 0.8459, lr_0 = 9.3120e-04
Loss = 4.6457e-02, PNorm = 93.6445, GNorm = 1.2899, lr_0 = 9.3143e-04
Loss = 5.8438e-02, PNorm = 93.6679, GNorm = 1.7832, lr_0 = 9.3165e-04
Loss = 5.4172e-02, PNorm = 93.6954, GNorm = 1.4017, lr_0 = 9.3188e-04
Loss = 4.7745e-02, PNorm = 93.7237, GNorm = 1.2849, lr_0 = 9.3210e-04
Loss = 5.0533e-02, PNorm = 93.7477, GNorm = 0.8148, lr_0 = 9.3233e-04
Loss = 4.8781e-02, PNorm = 93.7737, GNorm = 0.8467, lr_0 = 9.3255e-04
Loss = 4.8573e-02, PNorm = 93.7966, GNorm = 0.5301, lr_0 = 9.3278e-04
Loss = 5.0608e-02, PNorm = 93.8148, GNorm = 0.7982, lr_0 = 9.3301e-04
Loss = 4.1706e-02, PNorm = 93.8376, GNorm = 1.0261, lr_0 = 9.3323e-04
Loss = 4.8388e-02, PNorm = 93.8578, GNorm = 0.7367, lr_0 = 9.3346e-04
Loss = 5.0237e-02, PNorm = 93.8787, GNorm = 0.6627, lr_0 = 9.3368e-04
Loss = 4.6536e-02, PNorm = 93.9053, GNorm = 1.0616, lr_0 = 9.3391e-04
Loss = 4.5550e-02, PNorm = 93.9335, GNorm = 0.6018, lr_0 = 9.3413e-04
Loss = 5.5677e-02, PNorm = 93.9594, GNorm = 1.6580, lr_0 = 9.3436e-04
Loss = 4.5711e-02, PNorm = 93.9923, GNorm = 1.0499, lr_0 = 9.3458e-04
Loss = 5.3330e-02, PNorm = 94.0154, GNorm = 1.2513, lr_0 = 9.3481e-04
Loss = 4.4126e-02, PNorm = 94.0370, GNorm = 1.1585, lr_0 = 9.3503e-04
Loss = 5.0820e-02, PNorm = 94.0565, GNorm = 0.9386, lr_0 = 9.3526e-04
Loss = 4.6584e-02, PNorm = 94.0781, GNorm = 1.0765, lr_0 = 9.3549e-04
Loss = 4.9730e-02, PNorm = 94.1028, GNorm = 0.6455, lr_0 = 9.3571e-04
Loss = 4.9036e-02, PNorm = 94.1253, GNorm = 0.4339, lr_0 = 9.3594e-04
Loss = 4.0271e-02, PNorm = 94.1468, GNorm = 1.3012, lr_0 = 9.3616e-04
Loss = 9.7418e-02, PNorm = 94.1795, GNorm = 0.5216, lr_0 = 9.3639e-04
Loss = 5.1544e-02, PNorm = 94.2193, GNorm = 0.6156, lr_0 = 9.3661e-04
Loss = 4.8408e-02, PNorm = 94.2549, GNorm = 0.9201, lr_0 = 9.3684e-04
Loss = 4.5464e-02, PNorm = 94.2836, GNorm = 0.8801, lr_0 = 9.3706e-04
Loss = 4.6410e-02, PNorm = 94.3111, GNorm = 0.9486, lr_0 = 9.3729e-04
Loss = 4.2182e-02, PNorm = 94.3392, GNorm = 0.7145, lr_0 = 9.3752e-04
Loss = 4.0506e-02, PNorm = 94.3662, GNorm = 0.4948, lr_0 = 9.3774e-04
Loss = 4.5894e-02, PNorm = 94.3952, GNorm = 0.9316, lr_0 = 9.3797e-04
Loss = 3.7255e-02, PNorm = 94.4216, GNorm = 0.5035, lr_0 = 9.3819e-04
Loss = 5.0933e-02, PNorm = 94.4506, GNorm = 1.0819, lr_0 = 9.3842e-04
Loss = 4.3931e-02, PNorm = 94.4807, GNorm = 0.7421, lr_0 = 9.3864e-04
Loss = 4.7014e-02, PNorm = 94.5063, GNorm = 0.8811, lr_0 = 9.3887e-04
Loss = 4.1964e-02, PNorm = 94.5341, GNorm = 0.6629, lr_0 = 9.3909e-04
Loss = 4.5396e-02, PNorm = 94.5574, GNorm = 0.9179, lr_0 = 9.3932e-04
Loss = 4.3965e-02, PNorm = 94.5793, GNorm = 0.9547, lr_0 = 9.3954e-04
Loss = 4.0599e-02, PNorm = 94.5990, GNorm = 0.4212, lr_0 = 9.3977e-04
Loss = 3.5702e-02, PNorm = 94.6165, GNorm = 0.6134, lr_0 = 9.4000e-04
Loss = 4.2536e-02, PNorm = 94.6366, GNorm = 1.0936, lr_0 = 9.4022e-04
Loss = 3.8838e-02, PNorm = 94.6584, GNorm = 0.5197, lr_0 = 9.4045e-04
Loss = 4.7450e-02, PNorm = 94.6798, GNorm = 1.3635, lr_0 = 9.4067e-04
Loss = 4.1089e-02, PNorm = 94.7006, GNorm = 0.5465, lr_0 = 9.4090e-04
Loss = 4.1109e-02, PNorm = 94.7233, GNorm = 0.4957, lr_0 = 9.4112e-04
Loss = 4.4854e-02, PNorm = 94.7456, GNorm = 0.7326, lr_0 = 9.4135e-04
Loss = 4.5088e-02, PNorm = 94.7662, GNorm = 0.5822, lr_0 = 9.4157e-04
Loss = 4.5548e-02, PNorm = 94.7786, GNorm = 0.7404, lr_0 = 9.4180e-04
Loss = 4.8999e-02, PNorm = 94.8002, GNorm = 1.1701, lr_0 = 9.4202e-04
Loss = 3.6567e-02, PNorm = 94.8216, GNorm = 0.5365, lr_0 = 9.4225e-04
Loss = 3.8842e-02, PNorm = 94.8414, GNorm = 1.0527, lr_0 = 9.4248e-04
Loss = 4.2676e-02, PNorm = 94.8621, GNorm = 0.5511, lr_0 = 9.4270e-04
Loss = 3.6726e-02, PNorm = 94.8826, GNorm = 1.0728, lr_0 = 9.4293e-04
Loss = 3.8920e-02, PNorm = 94.9082, GNorm = 1.1576, lr_0 = 9.4315e-04
Loss = 3.6215e-02, PNorm = 94.9332, GNorm = 1.2130, lr_0 = 9.4338e-04
Loss = 3.9663e-02, PNorm = 94.9564, GNorm = 0.8634, lr_0 = 9.4360e-04
Loss = 5.1343e-02, PNorm = 94.9779, GNorm = 1.2938, lr_0 = 9.4383e-04
Loss = 5.0177e-02, PNorm = 95.0003, GNorm = 0.6718, lr_0 = 9.4405e-04
Loss = 5.2217e-02, PNorm = 95.0211, GNorm = 0.7928, lr_0 = 9.4428e-04
Loss = 5.2352e-02, PNorm = 95.0441, GNorm = 0.8274, lr_0 = 9.4451e-04
Loss = 5.3436e-02, PNorm = 95.0711, GNorm = 0.5066, lr_0 = 9.4473e-04
Loss = 4.1695e-02, PNorm = 95.1043, GNorm = 0.8988, lr_0 = 9.4496e-04
Loss = 4.9724e-02, PNorm = 95.1363, GNorm = 2.2128, lr_0 = 9.4518e-04
Loss = 4.3404e-02, PNorm = 95.1640, GNorm = 0.4868, lr_0 = 9.4541e-04
Loss = 4.5729e-02, PNorm = 95.1906, GNorm = 0.5148, lr_0 = 9.4563e-04
Loss = 4.5495e-02, PNorm = 95.2123, GNorm = 1.3525, lr_0 = 9.4586e-04
Loss = 4.6064e-02, PNorm = 95.2360, GNorm = 1.3023, lr_0 = 9.4608e-04
Loss = 3.8167e-02, PNorm = 95.2632, GNorm = 0.5240, lr_0 = 9.4631e-04
Loss = 6.1954e-02, PNorm = 95.2849, GNorm = 0.6287, lr_0 = 9.4653e-04
Loss = 4.7436e-02, PNorm = 95.3087, GNorm = 0.6801, lr_0 = 9.4676e-04
Loss = 5.1016e-02, PNorm = 95.3356, GNorm = 0.7064, lr_0 = 9.4699e-04
Loss = 4.8768e-02, PNorm = 95.3582, GNorm = 0.7751, lr_0 = 9.4721e-04
Loss = 4.2562e-02, PNorm = 95.3806, GNorm = 1.5555, lr_0 = 9.4744e-04
Loss = 4.2814e-02, PNorm = 95.4061, GNorm = 0.8156, lr_0 = 9.4766e-04
Loss = 4.6326e-02, PNorm = 95.4265, GNorm = 0.6087, lr_0 = 9.4789e-04
Loss = 3.7402e-02, PNorm = 95.4504, GNorm = 0.4591, lr_0 = 9.4811e-04
Loss = 4.1611e-02, PNorm = 95.4684, GNorm = 0.7252, lr_0 = 9.4834e-04
Loss = 4.2403e-02, PNorm = 95.4901, GNorm = 1.1206, lr_0 = 9.4856e-04
Loss = 4.0472e-02, PNorm = 95.5151, GNorm = 1.3102, lr_0 = 9.4879e-04
Loss = 4.2122e-02, PNorm = 95.5332, GNorm = 0.6475, lr_0 = 9.4902e-04
Loss = 4.3520e-02, PNorm = 95.5539, GNorm = 0.5535, lr_0 = 9.4924e-04
Loss = 3.6303e-02, PNorm = 95.5701, GNorm = 0.7785, lr_0 = 9.4947e-04
Loss = 4.3757e-02, PNorm = 95.5853, GNorm = 1.0717, lr_0 = 9.4969e-04
Loss = 4.5915e-02, PNorm = 95.6061, GNorm = 0.6229, lr_0 = 9.4992e-04
Loss = 4.3459e-02, PNorm = 95.6281, GNorm = 0.9497, lr_0 = 9.5014e-04
Loss = 4.2176e-02, PNorm = 95.6474, GNorm = 2.0731, lr_0 = 9.5037e-04
Loss = 5.1314e-02, PNorm = 95.6695, GNorm = 0.8711, lr_0 = 9.5059e-04
Loss = 3.9914e-02, PNorm = 95.6944, GNorm = 0.7615, lr_0 = 9.5082e-04
Loss = 3.8675e-02, PNorm = 95.7190, GNorm = 0.7725, lr_0 = 9.5104e-04
Loss = 5.1348e-02, PNorm = 95.7450, GNorm = 1.0651, lr_0 = 9.5127e-04
Loss = 3.7872e-02, PNorm = 95.7684, GNorm = 0.8558, lr_0 = 9.5150e-04
Loss = 4.6993e-02, PNorm = 95.7918, GNorm = 0.7123, lr_0 = 9.5172e-04
Loss = 5.6531e-02, PNorm = 95.8102, GNorm = 0.8093, lr_0 = 9.5195e-04
Loss = 4.5215e-02, PNorm = 95.8320, GNorm = 0.8796, lr_0 = 9.5217e-04
Loss = 5.1573e-02, PNorm = 95.8516, GNorm = 1.3149, lr_0 = 9.5240e-04
Loss = 4.0545e-02, PNorm = 95.8730, GNorm = 0.8534, lr_0 = 9.5262e-04
Loss = 4.1354e-02, PNorm = 95.8961, GNorm = 0.6419, lr_0 = 9.5285e-04
Loss = 4.6894e-02, PNorm = 95.9189, GNorm = 0.7149, lr_0 = 9.5307e-04
Loss = 3.4092e-02, PNorm = 95.9423, GNorm = 0.5841, lr_0 = 9.5330e-04
Loss = 3.9054e-02, PNorm = 95.9659, GNorm = 0.5539, lr_0 = 9.5353e-04
Loss = 4.0567e-02, PNorm = 95.9868, GNorm = 0.7750, lr_0 = 9.5375e-04
Loss = 4.2210e-02, PNorm = 96.0040, GNorm = 0.7974, lr_0 = 9.5398e-04
Loss = 3.6479e-02, PNorm = 96.0225, GNorm = 0.7580, lr_0 = 9.5420e-04
Loss = 3.3055e-02, PNorm = 96.0398, GNorm = 2.6232, lr_0 = 9.5443e-04
Loss = 3.7354e-02, PNorm = 96.0592, GNorm = 0.7713, lr_0 = 9.5465e-04
Loss = 3.6492e-02, PNorm = 96.0804, GNorm = 0.5937, lr_0 = 9.5488e-04
Loss = 4.6387e-02, PNorm = 96.1035, GNorm = 0.7333, lr_0 = 9.5510e-04
Loss = 3.7912e-02, PNorm = 96.1344, GNorm = 1.7145, lr_0 = 9.5533e-04
Loss = 4.0043e-02, PNorm = 96.1609, GNorm = 0.6933, lr_0 = 9.5555e-04
Loss = 3.4809e-02, PNorm = 96.1798, GNorm = 0.9642, lr_0 = 9.5578e-04
Loss = 3.5077e-02, PNorm = 96.1972, GNorm = 0.9328, lr_0 = 9.5601e-04
Loss = 4.1685e-02, PNorm = 96.2176, GNorm = 0.6562, lr_0 = 9.5623e-04
Loss = 4.2579e-02, PNorm = 96.2343, GNorm = 0.5529, lr_0 = 9.5646e-04
Loss = 4.0348e-02, PNorm = 96.2554, GNorm = 0.5151, lr_0 = 9.5668e-04
Loss = 4.1663e-02, PNorm = 96.2841, GNorm = 0.4367, lr_0 = 9.5691e-04
Loss = 3.5348e-02, PNorm = 96.3097, GNorm = 0.4093, lr_0 = 9.5713e-04
Loss = 4.0377e-02, PNorm = 96.3292, GNorm = 0.6063, lr_0 = 9.5736e-04
Loss = 4.0629e-02, PNorm = 96.3486, GNorm = 0.6534, lr_0 = 9.5758e-04
Loss = 3.8546e-02, PNorm = 96.3663, GNorm = 0.6204, lr_0 = 9.5781e-04
Loss = 3.6752e-02, PNorm = 96.3816, GNorm = 0.7310, lr_0 = 9.5804e-04
Loss = 4.0038e-02, PNorm = 96.4000, GNorm = 0.5227, lr_0 = 9.5826e-04
Loss = 4.1664e-02, PNorm = 96.4224, GNorm = 0.5395, lr_0 = 9.5849e-04
Loss = 4.0631e-02, PNorm = 96.4456, GNorm = 1.2736, lr_0 = 9.5871e-04
Loss = 4.3541e-02, PNorm = 96.4659, GNorm = 0.7524, lr_0 = 9.5894e-04
Loss = 3.7413e-02, PNorm = 96.4857, GNorm = 1.1826, lr_0 = 9.5916e-04
Loss = 3.9410e-02, PNorm = 96.5028, GNorm = 0.9595, lr_0 = 9.5939e-04
Loss = 4.1182e-02, PNorm = 96.5263, GNorm = 1.1645, lr_0 = 9.5961e-04
Loss = 4.2742e-02, PNorm = 96.5527, GNorm = 0.5719, lr_0 = 9.5984e-04
Loss = 4.0062e-02, PNorm = 96.5786, GNorm = 0.6080, lr_0 = 9.6006e-04
Loss = 3.4950e-02, PNorm = 96.5971, GNorm = 0.4533, lr_0 = 9.6029e-04
Loss = 3.9480e-02, PNorm = 96.6123, GNorm = 0.6402, lr_0 = 9.6052e-04
Loss = 4.2398e-02, PNorm = 96.6296, GNorm = 1.0680, lr_0 = 9.6074e-04
Loss = 3.5276e-02, PNorm = 96.6525, GNorm = 0.7661, lr_0 = 9.6097e-04
Loss = 4.9977e-02, PNorm = 96.6792, GNorm = 0.3863, lr_0 = 9.6119e-04
Loss = 3.9567e-02, PNorm = 96.7072, GNorm = 0.4137, lr_0 = 9.6142e-04
Loss = 3.5469e-02, PNorm = 96.7313, GNorm = 0.6298, lr_0 = 9.6164e-04
Loss = 4.1386e-02, PNorm = 96.7568, GNorm = 0.9052, lr_0 = 9.6187e-04
Loss = 3.9481e-02, PNorm = 96.7857, GNorm = 0.5404, lr_0 = 9.6209e-04
Loss = 4.1188e-02, PNorm = 96.8087, GNorm = 0.7844, lr_0 = 9.6232e-04
Loss = 4.1046e-02, PNorm = 96.8350, GNorm = 1.2781, lr_0 = 9.6255e-04
Loss = 4.1300e-02, PNorm = 96.8664, GNorm = 1.0579, lr_0 = 9.6277e-04
Loss = 3.6782e-02, PNorm = 96.8869, GNorm = 0.7357, lr_0 = 9.6300e-04
Loss = 3.7086e-02, PNorm = 96.9045, GNorm = 0.6156, lr_0 = 9.6322e-04
Loss = 4.1846e-02, PNorm = 96.9241, GNorm = 1.2522, lr_0 = 9.6345e-04
Loss = 4.5242e-02, PNorm = 96.9498, GNorm = 0.6124, lr_0 = 9.6367e-04
Loss = 4.0873e-02, PNorm = 96.9728, GNorm = 0.7054, lr_0 = 9.6390e-04
Loss = 3.9834e-02, PNorm = 96.9933, GNorm = 1.1140, lr_0 = 9.6412e-04
Loss = 4.0978e-02, PNorm = 97.0154, GNorm = 0.5216, lr_0 = 9.6435e-04
Loss = 4.0599e-02, PNorm = 97.0333, GNorm = 0.6125, lr_0 = 9.6457e-04
Loss = 4.6898e-02, PNorm = 97.0560, GNorm = 0.6121, lr_0 = 9.6480e-04
Loss = 3.6930e-02, PNorm = 97.0802, GNorm = 0.7756, lr_0 = 9.6503e-04
Loss = 3.8777e-02, PNorm = 97.1022, GNorm = 0.6780, lr_0 = 9.6525e-04
Loss = 5.6941e-02, PNorm = 97.1279, GNorm = 0.5244, lr_0 = 9.6548e-04
Loss = 4.8523e-02, PNorm = 97.1538, GNorm = 2.7077, lr_0 = 9.6570e-04
Loss = 3.9636e-02, PNorm = 97.1797, GNorm = 0.4986, lr_0 = 9.6593e-04
Loss = 5.1062e-02, PNorm = 97.2025, GNorm = 0.8212, lr_0 = 9.6615e-04
Loss = 4.6980e-02, PNorm = 97.2272, GNorm = 0.9831, lr_0 = 9.6638e-04
Loss = 4.9398e-02, PNorm = 97.2549, GNorm = 1.3995, lr_0 = 9.6660e-04
Loss = 4.3086e-02, PNorm = 97.2814, GNorm = 0.9677, lr_0 = 9.6683e-04
Loss = 3.8688e-02, PNorm = 97.3076, GNorm = 1.0507, lr_0 = 9.6706e-04
Loss = 5.1961e-02, PNorm = 97.3361, GNorm = 1.5078, lr_0 = 9.6728e-04
Loss = 5.4538e-02, PNorm = 97.3747, GNorm = 1.3183, lr_0 = 9.6751e-04
Loss = 4.0229e-02, PNorm = 97.4088, GNorm = 0.6728, lr_0 = 9.6773e-04
Loss = 4.0016e-02, PNorm = 97.4331, GNorm = 0.8904, lr_0 = 9.6796e-04
Loss = 4.4930e-02, PNorm = 97.4606, GNorm = 0.4868, lr_0 = 9.6818e-04
Loss = 3.3968e-02, PNorm = 97.4821, GNorm = 0.5346, lr_0 = 9.6841e-04
Loss = 3.5908e-02, PNorm = 97.4976, GNorm = 0.5605, lr_0 = 9.6863e-04
Loss = 3.9189e-02, PNorm = 97.5133, GNorm = 0.5808, lr_0 = 9.6886e-04
Loss = 4.4219e-02, PNorm = 97.5314, GNorm = 0.7390, lr_0 = 9.6908e-04
Loss = 5.1443e-02, PNorm = 97.5467, GNorm = 1.1514, lr_0 = 9.6931e-04
Loss = 3.9434e-02, PNorm = 97.5715, GNorm = 1.1142, lr_0 = 9.6954e-04
Loss = 3.6669e-02, PNorm = 97.5982, GNorm = 1.4551, lr_0 = 9.6976e-04
Loss = 4.7355e-02, PNorm = 97.6219, GNorm = 1.1907, lr_0 = 9.6999e-04
Loss = 4.1537e-02, PNorm = 97.6459, GNorm = 1.2795, lr_0 = 9.7021e-04
Loss = 4.3896e-02, PNorm = 97.6688, GNorm = 0.8649, lr_0 = 9.7044e-04
Loss = 4.1526e-02, PNorm = 97.6927, GNorm = 0.4815, lr_0 = 9.7066e-04
Loss = 5.0163e-02, PNorm = 97.7170, GNorm = 2.1316, lr_0 = 9.7089e-04
Loss = 4.4938e-02, PNorm = 97.7384, GNorm = 0.6529, lr_0 = 9.7111e-04
Loss = 4.5284e-02, PNorm = 97.7583, GNorm = 0.4695, lr_0 = 9.7134e-04
Loss = 4.9297e-02, PNorm = 97.7868, GNorm = 0.6912, lr_0 = 9.7156e-04
Loss = 5.0008e-02, PNorm = 97.8158, GNorm = 1.6754, lr_0 = 9.7179e-04
Loss = 5.0941e-02, PNorm = 97.8513, GNorm = 1.3936, lr_0 = 9.7202e-04
Loss = 4.8144e-02, PNorm = 97.8870, GNorm = 0.8676, lr_0 = 9.7224e-04
Loss = 4.9180e-02, PNorm = 97.9166, GNorm = 1.3007, lr_0 = 9.7247e-04
Loss = 4.7135e-02, PNorm = 97.9431, GNorm = 0.8945, lr_0 = 9.7269e-04
Loss = 5.4156e-02, PNorm = 97.9659, GNorm = 1.3706, lr_0 = 9.7292e-04
Loss = 4.7554e-02, PNorm = 97.9912, GNorm = 0.6330, lr_0 = 9.7314e-04
Loss = 4.2584e-02, PNorm = 98.0220, GNorm = 0.4260, lr_0 = 9.7337e-04
Loss = 4.2418e-02, PNorm = 98.0457, GNorm = 0.5624, lr_0 = 9.7359e-04
Loss = 4.6703e-02, PNorm = 98.0739, GNorm = 1.0505, lr_0 = 9.7382e-04
Loss = 3.8352e-02, PNorm = 98.1072, GNorm = 0.6766, lr_0 = 9.7405e-04
Loss = 4.9311e-02, PNorm = 98.1370, GNorm = 1.1681, lr_0 = 9.7427e-04
Loss = 3.7114e-02, PNorm = 98.1659, GNorm = 0.6718, lr_0 = 9.7450e-04
Loss = 4.0867e-02, PNorm = 98.1919, GNorm = 0.7138, lr_0 = 9.7472e-04
Loss = 3.8652e-02, PNorm = 98.2156, GNorm = 1.0604, lr_0 = 9.7495e-04
Loss = 4.1501e-02, PNorm = 98.2361, GNorm = 0.6520, lr_0 = 9.7517e-04
Loss = 4.5380e-02, PNorm = 98.2553, GNorm = 0.6644, lr_0 = 9.7540e-04
Loss = 4.8119e-02, PNorm = 98.2760, GNorm = 0.7765, lr_0 = 9.7562e-04
Loss = 4.6619e-02, PNorm = 98.2979, GNorm = 1.4619, lr_0 = 9.7585e-04
Loss = 5.3624e-02, PNorm = 98.3216, GNorm = 0.8595, lr_0 = 9.7607e-04
Loss = 4.9082e-02, PNorm = 98.3500, GNorm = 0.6932, lr_0 = 9.7630e-04
Loss = 5.0355e-02, PNorm = 98.3784, GNorm = 0.8051, lr_0 = 9.7653e-04
Loss = 5.0403e-02, PNorm = 98.4067, GNorm = 0.8790, lr_0 = 9.7675e-04
Loss = 4.7226e-02, PNorm = 98.4366, GNorm = 1.2867, lr_0 = 9.7698e-04
Loss = 4.5431e-02, PNorm = 98.4665, GNorm = 0.7232, lr_0 = 9.7720e-04
Loss = 4.8981e-02, PNorm = 98.5006, GNorm = 0.7481, lr_0 = 9.7743e-04
Loss = 4.1034e-02, PNorm = 98.5288, GNorm = 0.8479, lr_0 = 9.7765e-04
Loss = 4.4159e-02, PNorm = 98.5558, GNorm = 0.7111, lr_0 = 9.7788e-04
Loss = 4.1847e-02, PNorm = 98.5816, GNorm = 0.7121, lr_0 = 9.7810e-04
Loss = 4.3882e-02, PNorm = 98.6014, GNorm = 1.7296, lr_0 = 9.7833e-04
Loss = 3.6197e-02, PNorm = 98.6229, GNorm = 0.7187, lr_0 = 9.7856e-04
Loss = 4.5193e-02, PNorm = 98.6486, GNorm = 1.0945, lr_0 = 9.7878e-04
Loss = 3.9552e-02, PNorm = 98.6680, GNorm = 0.9164, lr_0 = 9.7901e-04
Loss = 4.7649e-02, PNorm = 98.6911, GNorm = 0.5719, lr_0 = 9.7923e-04
Loss = 3.9897e-02, PNorm = 98.7182, GNorm = 1.3455, lr_0 = 9.7946e-04
Loss = 5.0577e-02, PNorm = 98.7405, GNorm = 3.3910, lr_0 = 9.7968e-04
Loss = 4.5322e-02, PNorm = 98.7651, GNorm = 0.7166, lr_0 = 9.7991e-04
Loss = 4.4430e-02, PNorm = 98.7994, GNorm = 0.4107, lr_0 = 9.8013e-04
Loss = 3.6357e-02, PNorm = 98.8263, GNorm = 0.5368, lr_0 = 9.8036e-04
Loss = 4.3047e-02, PNorm = 98.8486, GNorm = 1.1671, lr_0 = 9.8058e-04
Loss = 4.0226e-02, PNorm = 98.8748, GNorm = 0.5306, lr_0 = 9.8081e-04
Loss = 3.8317e-02, PNorm = 98.9029, GNorm = 1.1948, lr_0 = 9.8104e-04
Loss = 5.0637e-02, PNorm = 98.9205, GNorm = 2.1247, lr_0 = 9.8126e-04
Loss = 5.8504e-02, PNorm = 98.9504, GNorm = 1.4214, lr_0 = 9.8149e-04
Loss = 5.8558e-02, PNorm = 98.9881, GNorm = 0.8935, lr_0 = 9.8171e-04
Loss = 5.5499e-02, PNorm = 99.0261, GNorm = 0.6782, lr_0 = 9.8194e-04
Loss = 5.3612e-02, PNorm = 99.0625, GNorm = 0.9683, lr_0 = 9.8216e-04
Loss = 8.8693e-02, PNorm = 99.0999, GNorm = 2.3722, lr_0 = 9.8239e-04
Loss = 6.5206e-02, PNorm = 99.1417, GNorm = 0.9686, lr_0 = 9.8261e-04
Loss = 6.1945e-02, PNorm = 99.1775, GNorm = 0.9190, lr_0 = 9.8284e-04
Loss = 4.7653e-02, PNorm = 99.2109, GNorm = 0.7964, lr_0 = 9.8307e-04
Loss = 5.1947e-02, PNorm = 99.2437, GNorm = 0.6935, lr_0 = 9.8329e-04
Loss = 4.7920e-02, PNorm = 99.2742, GNorm = 0.4724, lr_0 = 9.8352e-04
Loss = 4.6170e-02, PNorm = 99.2978, GNorm = 1.1324, lr_0 = 9.8374e-04
Loss = 4.7949e-02, PNorm = 99.3264, GNorm = 0.8140, lr_0 = 9.8397e-04
Loss = 5.4285e-02, PNorm = 99.3553, GNorm = 0.6923, lr_0 = 9.8419e-04
Loss = 4.7669e-02, PNorm = 99.3839, GNorm = 1.5093, lr_0 = 9.8442e-04
Loss = 4.2007e-02, PNorm = 99.4081, GNorm = 1.5767, lr_0 = 9.8464e-04
Loss = 4.6152e-02, PNorm = 99.4288, GNorm = 0.7204, lr_0 = 9.8487e-04
Loss = 4.9008e-02, PNorm = 99.4590, GNorm = 0.7036, lr_0 = 9.8509e-04
Loss = 5.3522e-02, PNorm = 99.4922, GNorm = 0.8154, lr_0 = 9.8532e-04
Loss = 5.2453e-02, PNorm = 99.5259, GNorm = 0.8854, lr_0 = 9.8555e-04
Loss = 5.1542e-02, PNorm = 99.5551, GNorm = 1.0518, lr_0 = 9.8577e-04
Loss = 4.3290e-02, PNorm = 99.5826, GNorm = 1.3488, lr_0 = 9.8600e-04
Loss = 7.2698e-02, PNorm = 99.6132, GNorm = 0.6478, lr_0 = 9.8622e-04
Loss = 5.1910e-02, PNorm = 99.6469, GNorm = 0.6429, lr_0 = 9.8645e-04
Loss = 5.1670e-02, PNorm = 99.6792, GNorm = 0.5814, lr_0 = 9.8667e-04
Loss = 5.4024e-02, PNorm = 99.7130, GNorm = 5.4553, lr_0 = 9.8690e-04
Loss = 5.8218e-02, PNorm = 99.7454, GNorm = 0.6331, lr_0 = 9.8712e-04
Loss = 4.4361e-02, PNorm = 99.7692, GNorm = 0.6891, lr_0 = 9.8735e-04
Loss = 5.2262e-02, PNorm = 99.7891, GNorm = 0.9276, lr_0 = 9.8758e-04
Loss = 4.7379e-02, PNorm = 99.8148, GNorm = 1.1225, lr_0 = 9.8780e-04
Loss = 4.2523e-02, PNorm = 99.8426, GNorm = 0.6228, lr_0 = 9.8803e-04
Loss = 4.1811e-02, PNorm = 99.8670, GNorm = 1.2774, lr_0 = 9.8825e-04
Loss = 4.3705e-02, PNorm = 99.8944, GNorm = 0.5384, lr_0 = 9.8848e-04
Loss = 4.7369e-02, PNorm = 99.9179, GNorm = 0.8182, lr_0 = 9.8870e-04
Loss = 4.4264e-02, PNorm = 99.9390, GNorm = 0.7667, lr_0 = 9.8893e-04
Loss = 4.3056e-02, PNorm = 99.9632, GNorm = 0.6495, lr_0 = 9.8915e-04
Loss = 5.5377e-02, PNorm = 99.9890, GNorm = 1.2692, lr_0 = 9.8938e-04
Loss = 4.6235e-02, PNorm = 100.0128, GNorm = 0.8772, lr_0 = 9.8960e-04
Loss = 3.8848e-02, PNorm = 100.0384, GNorm = 0.9359, lr_0 = 9.8983e-04
Loss = 4.2217e-02, PNorm = 100.0628, GNorm = 0.4169, lr_0 = 9.9006e-04
Loss = 4.1628e-02, PNorm = 100.0910, GNorm = 1.4723, lr_0 = 9.9028e-04
Loss = 5.0708e-02, PNorm = 100.1203, GNorm = 1.6094, lr_0 = 9.9051e-04
Loss = 4.8708e-02, PNorm = 100.1492, GNorm = 1.4507, lr_0 = 9.9073e-04
Loss = 4.9529e-02, PNorm = 100.1730, GNorm = 0.8330, lr_0 = 9.9096e-04
Loss = 4.2832e-02, PNorm = 100.1959, GNorm = 1.0612, lr_0 = 9.9118e-04
Loss = 3.9264e-02, PNorm = 100.2129, GNorm = 0.5257, lr_0 = 9.9141e-04
Loss = 3.5060e-02, PNorm = 100.2289, GNorm = 0.6380, lr_0 = 9.9163e-04
Loss = 4.2242e-02, PNorm = 100.2478, GNorm = 1.1875, lr_0 = 9.9186e-04
Loss = 3.3758e-02, PNorm = 100.2677, GNorm = 0.3517, lr_0 = 9.9209e-04
Loss = 4.2231e-02, PNorm = 100.2886, GNorm = 0.6489, lr_0 = 9.9231e-04
Loss = 4.4883e-02, PNorm = 100.3107, GNorm = 0.6135, lr_0 = 9.9254e-04
Loss = 4.4334e-02, PNorm = 100.3302, GNorm = 0.6019, lr_0 = 9.9276e-04
Loss = 5.2222e-02, PNorm = 100.3591, GNorm = 0.6161, lr_0 = 9.9299e-04
Loss = 4.2267e-02, PNorm = 100.3853, GNorm = 1.1364, lr_0 = 9.9321e-04
Loss = 4.4894e-02, PNorm = 100.4085, GNorm = 0.7269, lr_0 = 9.9344e-04
Loss = 4.3859e-02, PNorm = 100.4320, GNorm = 0.7859, lr_0 = 9.9366e-04
Loss = 3.8491e-02, PNorm = 100.4551, GNorm = 1.1567, lr_0 = 9.9389e-04
Loss = 4.3615e-02, PNorm = 100.4760, GNorm = 1.4214, lr_0 = 9.9411e-04
Loss = 4.7293e-02, PNorm = 100.4988, GNorm = 0.4447, lr_0 = 9.9434e-04
Loss = 4.1010e-02, PNorm = 100.5235, GNorm = 0.6337, lr_0 = 9.9457e-04
Loss = 4.3157e-02, PNorm = 100.5501, GNorm = 0.5352, lr_0 = 9.9479e-04
Loss = 3.7262e-02, PNorm = 100.5721, GNorm = 0.5191, lr_0 = 9.9502e-04
Loss = 3.8480e-02, PNorm = 100.5954, GNorm = 0.7955, lr_0 = 9.9524e-04
Loss = 4.1945e-02, PNorm = 100.6168, GNorm = 0.5500, lr_0 = 9.9547e-04
Loss = 3.9551e-02, PNorm = 100.6343, GNorm = 0.8225, lr_0 = 9.9569e-04
Loss = 3.7895e-02, PNorm = 100.6559, GNorm = 0.4853, lr_0 = 9.9592e-04
Loss = 3.8519e-02, PNorm = 100.6711, GNorm = 0.5190, lr_0 = 9.9614e-04
Loss = 4.2555e-02, PNorm = 100.6856, GNorm = 0.8018, lr_0 = 9.9637e-04
Loss = 4.6081e-02, PNorm = 100.7061, GNorm = 0.8587, lr_0 = 9.9660e-04
Loss = 3.6158e-02, PNorm = 100.7283, GNorm = 0.4930, lr_0 = 9.9682e-04
Loss = 4.0691e-02, PNorm = 100.7501, GNorm = 1.1984, lr_0 = 9.9705e-04
Loss = 4.6174e-02, PNorm = 100.7786, GNorm = 0.5258, lr_0 = 9.9727e-04
Loss = 4.3496e-02, PNorm = 100.8073, GNorm = 1.1594, lr_0 = 9.9750e-04
Loss = 5.1671e-02, PNorm = 100.8347, GNorm = 1.6813, lr_0 = 9.9772e-04
Loss = 4.5449e-02, PNorm = 100.8621, GNorm = 0.5196, lr_0 = 9.9795e-04
Loss = 4.2667e-02, PNorm = 100.8792, GNorm = 0.9620, lr_0 = 9.9817e-04
Loss = 3.4669e-02, PNorm = 100.9001, GNorm = 0.8617, lr_0 = 9.9840e-04
Loss = 4.3327e-02, PNorm = 100.9231, GNorm = 1.7720, lr_0 = 9.9862e-04
Loss = 3.5626e-02, PNorm = 100.9418, GNorm = 1.1367, lr_0 = 9.9885e-04
Loss = 3.8870e-02, PNorm = 100.9624, GNorm = 0.5427, lr_0 = 9.9908e-04
Loss = 3.5314e-02, PNorm = 100.9823, GNorm = 0.4244, lr_0 = 9.9930e-04
Loss = 3.8079e-02, PNorm = 100.9956, GNorm = 0.9334, lr_0 = 9.9953e-04
Loss = 3.5632e-02, PNorm = 101.0146, GNorm = 0.6689, lr_0 = 9.9975e-04
Loss = 4.1582e-02, PNorm = 101.0384, GNorm = 0.8611, lr_0 = 9.9998e-04
Validation r2 = 0.961090
Epoch 2
Loss = 4.2505e-02, PNorm = 101.0618, GNorm = 0.7525, lr_0 = 9.9965e-04
Loss = 3.9759e-02, PNorm = 101.0873, GNorm = 0.7701, lr_0 = 9.9927e-04
Loss = 4.6213e-02, PNorm = 101.1088, GNorm = 1.6643, lr_0 = 9.9889e-04
Loss = 3.9237e-02, PNorm = 101.1279, GNorm = 0.8404, lr_0 = 9.9850e-04
Loss = 4.4297e-02, PNorm = 101.1443, GNorm = 0.7618, lr_0 = 9.9812e-04
Loss = 4.5204e-02, PNorm = 101.1654, GNorm = 0.6462, lr_0 = 9.9773e-04
Loss = 4.0404e-02, PNorm = 101.1912, GNorm = 1.1009, lr_0 = 9.9735e-04
Loss = 4.2999e-02, PNorm = 101.2129, GNorm = 0.5362, lr_0 = 9.9697e-04
Loss = 3.2935e-02, PNorm = 101.2392, GNorm = 0.6180, lr_0 = 9.9658e-04
Loss = 4.0813e-02, PNorm = 101.2641, GNorm = 0.9186, lr_0 = 9.9620e-04
Loss = 5.1757e-02, PNorm = 101.2875, GNorm = 0.8224, lr_0 = 9.9582e-04
Loss = 4.0238e-02, PNorm = 101.3114, GNorm = 0.6216, lr_0 = 9.9543e-04
Loss = 3.7026e-02, PNorm = 101.3382, GNorm = 0.5800, lr_0 = 9.9505e-04
Loss = 4.3826e-02, PNorm = 101.3643, GNorm = 0.5234, lr_0 = 9.9467e-04
Loss = 4.2400e-02, PNorm = 101.3880, GNorm = 1.0886, lr_0 = 9.9429e-04
Loss = 4.6434e-02, PNorm = 101.4120, GNorm = 0.6078, lr_0 = 9.9390e-04
Loss = 4.3232e-02, PNorm = 101.4322, GNorm = 0.6529, lr_0 = 9.9352e-04
Loss = 4.0827e-02, PNorm = 101.4485, GNorm = 1.0437, lr_0 = 9.9314e-04
Loss = 3.4494e-02, PNorm = 101.4692, GNorm = 1.1582, lr_0 = 9.9276e-04
Loss = 3.9535e-02, PNorm = 101.4894, GNorm = 0.5386, lr_0 = 9.9238e-04
Loss = 3.9405e-02, PNorm = 101.5099, GNorm = 0.8694, lr_0 = 9.9199e-04
Loss = 4.5238e-02, PNorm = 101.5333, GNorm = 1.2141, lr_0 = 9.9161e-04
Loss = 3.7020e-02, PNorm = 101.5556, GNorm = 0.3554, lr_0 = 9.9123e-04
Loss = 3.6337e-02, PNorm = 101.5781, GNorm = 0.7869, lr_0 = 9.9085e-04
Loss = 4.1636e-02, PNorm = 101.5999, GNorm = 0.4920, lr_0 = 9.9047e-04
Loss = 4.5399e-02, PNorm = 101.6275, GNorm = 1.3935, lr_0 = 9.9009e-04
Loss = 4.1091e-02, PNorm = 101.6577, GNorm = 0.4591, lr_0 = 9.8971e-04
Loss = 3.7331e-02, PNorm = 101.6852, GNorm = 0.6788, lr_0 = 9.8933e-04
Loss = 3.5426e-02, PNorm = 101.7054, GNorm = 0.5170, lr_0 = 9.8895e-04
Loss = 4.0025e-02, PNorm = 101.7233, GNorm = 0.9930, lr_0 = 9.8857e-04
Loss = 3.4597e-02, PNorm = 101.7412, GNorm = 0.6765, lr_0 = 9.8819e-04
Loss = 3.7680e-02, PNorm = 101.7691, GNorm = 0.4919, lr_0 = 9.8781e-04
Loss = 3.5297e-02, PNorm = 101.7949, GNorm = 0.7300, lr_0 = 9.8743e-04
Loss = 3.9679e-02, PNorm = 101.8196, GNorm = 0.9156, lr_0 = 9.8705e-04
Loss = 3.6814e-02, PNorm = 101.8484, GNorm = 0.5553, lr_0 = 9.8667e-04
Loss = 3.8547e-02, PNorm = 101.8685, GNorm = 0.3899, lr_0 = 9.8629e-04
Loss = 3.9778e-02, PNorm = 101.8881, GNorm = 0.6274, lr_0 = 9.8591e-04
Loss = 4.0173e-02, PNorm = 101.9125, GNorm = 0.8904, lr_0 = 9.8553e-04
Loss = 3.1622e-02, PNorm = 101.9378, GNorm = 0.7430, lr_0 = 9.8515e-04
Loss = 3.7854e-02, PNorm = 101.9617, GNorm = 0.3388, lr_0 = 9.8477e-04
Loss = 3.8606e-02, PNorm = 101.9822, GNorm = 0.6113, lr_0 = 9.8439e-04
Loss = 4.0179e-02, PNorm = 102.0023, GNorm = 0.4443, lr_0 = 9.8401e-04
Loss = 2.9082e-02, PNorm = 102.0190, GNorm = 0.4747, lr_0 = 9.8364e-04
Loss = 3.6711e-02, PNorm = 102.0344, GNorm = 0.4717, lr_0 = 9.8326e-04
Loss = 3.3995e-02, PNorm = 102.0596, GNorm = 0.9558, lr_0 = 9.8288e-04
Loss = 4.1336e-02, PNorm = 102.0825, GNorm = 0.4532, lr_0 = 9.8250e-04
Loss = 3.6076e-02, PNorm = 102.1044, GNorm = 0.5193, lr_0 = 9.8212e-04
Loss = 4.1101e-02, PNorm = 102.1225, GNorm = 0.4652, lr_0 = 9.8175e-04
Loss = 3.6507e-02, PNorm = 102.1430, GNorm = 0.6746, lr_0 = 9.8137e-04
Loss = 3.5155e-02, PNorm = 102.1585, GNorm = 0.9179, lr_0 = 9.8099e-04
Loss = 3.5292e-02, PNorm = 102.1740, GNorm = 0.6805, lr_0 = 9.8061e-04
Loss = 3.8984e-02, PNorm = 102.1931, GNorm = 0.6816, lr_0 = 9.8024e-04
Loss = 4.1736e-02, PNorm = 102.2145, GNorm = 2.3620, lr_0 = 9.7986e-04
Loss = 4.8487e-02, PNorm = 102.2374, GNorm = 1.3546, lr_0 = 9.7948e-04
Loss = 4.1473e-02, PNorm = 102.2626, GNorm = 0.5215, lr_0 = 9.7911e-04
Loss = 3.7545e-02, PNorm = 102.2826, GNorm = 1.4339, lr_0 = 9.7873e-04
Loss = 3.7908e-02, PNorm = 102.3030, GNorm = 0.5371, lr_0 = 9.7835e-04
Loss = 4.2971e-02, PNorm = 102.3210, GNorm = 0.4925, lr_0 = 9.7798e-04
Loss = 4.1994e-02, PNorm = 102.3459, GNorm = 0.6832, lr_0 = 9.7760e-04
Loss = 3.9847e-02, PNorm = 102.3771, GNorm = 0.9429, lr_0 = 9.7723e-04
Loss = 4.6509e-02, PNorm = 102.4028, GNorm = 0.6892, lr_0 = 9.7685e-04
Loss = 5.2634e-02, PNorm = 102.4308, GNorm = 1.2646, lr_0 = 9.7647e-04
Loss = 5.1517e-02, PNorm = 102.4592, GNorm = 1.3025, lr_0 = 9.7610e-04
Loss = 3.9808e-02, PNorm = 102.4882, GNorm = 0.5252, lr_0 = 9.7572e-04
Loss = 3.9367e-02, PNorm = 102.5072, GNorm = 0.5958, lr_0 = 9.7535e-04
Loss = 4.5273e-02, PNorm = 102.5333, GNorm = 0.4400, lr_0 = 9.7497e-04
Loss = 4.1103e-02, PNorm = 102.5598, GNorm = 0.6307, lr_0 = 9.7460e-04
Loss = 3.3182e-02, PNorm = 102.5812, GNorm = 1.0926, lr_0 = 9.7422e-04
Loss = 4.2584e-02, PNorm = 102.6033, GNorm = 1.1059, lr_0 = 9.7385e-04
Loss = 4.3712e-02, PNorm = 102.6219, GNorm = 0.7179, lr_0 = 9.7347e-04
Loss = 4.9301e-02, PNorm = 102.6471, GNorm = 1.3553, lr_0 = 9.7310e-04
Loss = 4.4196e-02, PNorm = 102.6756, GNorm = 1.0611, lr_0 = 9.7273e-04
Loss = 3.9938e-02, PNorm = 102.7031, GNorm = 2.3049, lr_0 = 9.7235e-04
Loss = 4.7898e-02, PNorm = 102.7296, GNorm = 0.9390, lr_0 = 9.7198e-04
Loss = 4.6430e-02, PNorm = 102.7599, GNorm = 0.9164, lr_0 = 9.7160e-04
Loss = 4.6529e-02, PNorm = 102.7848, GNorm = 0.6725, lr_0 = 9.7123e-04
Loss = 4.7022e-02, PNorm = 102.8177, GNorm = 0.9151, lr_0 = 9.7086e-04
Loss = 4.3304e-02, PNorm = 102.8507, GNorm = 0.9549, lr_0 = 9.7048e-04
Loss = 4.3394e-02, PNorm = 102.8837, GNorm = 1.2106, lr_0 = 9.7011e-04
Loss = 4.8409e-02, PNorm = 102.9134, GNorm = 0.6900, lr_0 = 9.6974e-04
Loss = 3.7850e-02, PNorm = 102.9451, GNorm = 1.7297, lr_0 = 9.6936e-04
Loss = 4.8850e-02, PNorm = 102.9754, GNorm = 1.3442, lr_0 = 9.6899e-04
Loss = 4.4223e-02, PNorm = 103.0052, GNorm = 0.4435, lr_0 = 9.6862e-04
Loss = 4.6244e-02, PNorm = 103.0310, GNorm = 1.1495, lr_0 = 9.6825e-04
Loss = 4.1678e-02, PNorm = 103.0500, GNorm = 0.7829, lr_0 = 9.6787e-04
Loss = 3.9318e-02, PNorm = 103.0676, GNorm = 0.6140, lr_0 = 9.6750e-04
Loss = 3.9855e-02, PNorm = 103.0869, GNorm = 1.3200, lr_0 = 9.6713e-04
Loss = 4.1619e-02, PNorm = 103.1100, GNorm = 0.5641, lr_0 = 9.6676e-04
Loss = 3.3312e-02, PNorm = 103.1351, GNorm = 0.4580, lr_0 = 9.6639e-04
Loss = 3.5580e-02, PNorm = 103.1594, GNorm = 0.5103, lr_0 = 9.6601e-04
Loss = 3.2501e-02, PNorm = 103.1764, GNorm = 0.6581, lr_0 = 9.6564e-04
Loss = 3.7512e-02, PNorm = 103.1884, GNorm = 0.9345, lr_0 = 9.6527e-04
Loss = 3.7080e-02, PNorm = 103.2028, GNorm = 0.9772, lr_0 = 9.6490e-04
Loss = 3.3277e-02, PNorm = 103.2246, GNorm = 0.4121, lr_0 = 9.6453e-04
Loss = 4.0982e-02, PNorm = 103.2473, GNorm = 0.6620, lr_0 = 9.6416e-04
Loss = 3.6397e-02, PNorm = 103.2661, GNorm = 0.6146, lr_0 = 9.6379e-04
Loss = 3.9679e-02, PNorm = 103.2828, GNorm = 0.6448, lr_0 = 9.6342e-04
Loss = 4.6117e-02, PNorm = 103.2993, GNorm = 1.0847, lr_0 = 9.6305e-04
Loss = 3.8188e-02, PNorm = 103.3188, GNorm = 0.7714, lr_0 = 9.6268e-04
Loss = 4.2994e-02, PNorm = 103.3398, GNorm = 0.8880, lr_0 = 9.6231e-04
Loss = 3.1691e-02, PNorm = 103.3602, GNorm = 0.9622, lr_0 = 9.6194e-04
Loss = 2.9312e-02, PNorm = 103.3775, GNorm = 0.7212, lr_0 = 9.6157e-04
Loss = 3.3660e-02, PNorm = 103.3943, GNorm = 0.6401, lr_0 = 9.6120e-04
Loss = 3.2787e-02, PNorm = 103.4193, GNorm = 0.6300, lr_0 = 9.6083e-04
Loss = 3.3561e-02, PNorm = 103.4400, GNorm = 0.6898, lr_0 = 9.6046e-04
Loss = 3.8392e-02, PNorm = 103.4567, GNorm = 0.4412, lr_0 = 9.6009e-04
Loss = 4.2874e-02, PNorm = 103.4749, GNorm = 0.6016, lr_0 = 9.5972e-04
Loss = 3.8219e-02, PNorm = 103.4954, GNorm = 1.0462, lr_0 = 9.5935e-04
Loss = 4.5952e-02, PNorm = 103.5197, GNorm = 1.2098, lr_0 = 9.5898e-04
Loss = 3.8402e-02, PNorm = 103.5445, GNorm = 0.7658, lr_0 = 9.5861e-04
Loss = 3.9386e-02, PNorm = 103.5656, GNorm = 1.2149, lr_0 = 9.5824e-04
Loss = 3.5204e-02, PNorm = 103.5836, GNorm = 0.5745, lr_0 = 9.5788e-04
Loss = 3.2439e-02, PNorm = 103.6060, GNorm = 0.6130, lr_0 = 9.5751e-04
Loss = 3.1112e-02, PNorm = 103.6285, GNorm = 0.4438, lr_0 = 9.5714e-04
Loss = 3.1323e-02, PNorm = 103.6526, GNorm = 0.3884, lr_0 = 9.5677e-04
Loss = 4.0789e-02, PNorm = 103.6748, GNorm = 0.5456, lr_0 = 9.5640e-04
Loss = 3.6316e-02, PNorm = 103.6937, GNorm = 0.4811, lr_0 = 9.5603e-04
Loss = 3.2253e-02, PNorm = 103.7096, GNorm = 0.5105, lr_0 = 9.5567e-04
Loss = 3.1650e-02, PNorm = 103.7246, GNorm = 0.7556, lr_0 = 9.5530e-04
Loss = 3.1542e-02, PNorm = 103.7402, GNorm = 0.9461, lr_0 = 9.5493e-04
Loss = 3.5197e-02, PNorm = 103.7630, GNorm = 0.5219, lr_0 = 9.5457e-04
Loss = 3.7913e-02, PNorm = 103.7818, GNorm = 0.7638, lr_0 = 9.5420e-04
Loss = 3.6023e-02, PNorm = 103.8001, GNorm = 0.6200, lr_0 = 9.5383e-04
Loss = 3.9443e-02, PNorm = 103.8163, GNorm = 1.5172, lr_0 = 9.5346e-04
Loss = 4.0098e-02, PNorm = 103.8389, GNorm = 0.5312, lr_0 = 9.5310e-04
Loss = 3.8755e-02, PNorm = 103.8605, GNorm = 2.1530, lr_0 = 9.5273e-04
Loss = 3.8585e-02, PNorm = 103.8767, GNorm = 1.0636, lr_0 = 9.5236e-04
Loss = 4.7291e-02, PNorm = 103.8902, GNorm = 1.0178, lr_0 = 9.5200e-04
Loss = 3.5144e-02, PNorm = 103.9123, GNorm = 0.7940, lr_0 = 9.5163e-04
Loss = 3.8484e-02, PNorm = 103.9356, GNorm = 0.5757, lr_0 = 9.5127e-04
Loss = 4.3757e-02, PNorm = 103.9539, GNorm = 1.1112, lr_0 = 9.5090e-04
Loss = 3.7732e-02, PNorm = 103.9761, GNorm = 1.3559, lr_0 = 9.5054e-04
Loss = 3.4572e-02, PNorm = 103.9973, GNorm = 0.3881, lr_0 = 9.5017e-04
Loss = 3.0416e-02, PNorm = 104.0143, GNorm = 0.6855, lr_0 = 9.4980e-04
Loss = 4.2800e-02, PNorm = 104.0342, GNorm = 0.7324, lr_0 = 9.4944e-04
Loss = 3.5387e-02, PNorm = 104.0545, GNorm = 0.5690, lr_0 = 9.4907e-04
Loss = 3.7140e-02, PNorm = 104.0725, GNorm = 0.6636, lr_0 = 9.4871e-04
Loss = 3.8740e-02, PNorm = 104.0852, GNorm = 0.7648, lr_0 = 9.4834e-04
Loss = 6.0324e-02, PNorm = 104.1069, GNorm = 0.8611, lr_0 = 9.4798e-04
Loss = 5.6820e-02, PNorm = 104.1340, GNorm = 0.6672, lr_0 = 9.4761e-04
Loss = 5.5500e-02, PNorm = 104.1622, GNorm = 0.8517, lr_0 = 9.4725e-04
Loss = 7.2246e-02, PNorm = 104.1873, GNorm = 1.0744, lr_0 = 9.4689e-04
Loss = 5.0180e-02, PNorm = 104.2292, GNorm = 0.6760, lr_0 = 9.4652e-04
Loss = 5.7599e-02, PNorm = 104.2698, GNorm = 1.1523, lr_0 = 9.4616e-04
Loss = 3.9867e-02, PNorm = 104.3021, GNorm = 0.5841, lr_0 = 9.4579e-04
Loss = 4.3925e-02, PNorm = 104.3336, GNorm = 0.9007, lr_0 = 9.4543e-04
Loss = 3.7211e-02, PNorm = 104.3624, GNorm = 0.5235, lr_0 = 9.4507e-04
Loss = 3.9555e-02, PNorm = 104.3853, GNorm = 0.6897, lr_0 = 9.4470e-04
Loss = 4.2648e-02, PNorm = 104.4108, GNorm = 4.1642, lr_0 = 9.4434e-04
Loss = 4.4451e-02, PNorm = 104.4361, GNorm = 0.6885, lr_0 = 9.4398e-04
Loss = 3.7312e-02, PNorm = 104.4561, GNorm = 0.9023, lr_0 = 9.4361e-04
Loss = 3.6086e-02, PNorm = 104.4759, GNorm = 0.4742, lr_0 = 9.4325e-04
Loss = 3.3717e-02, PNorm = 104.4931, GNorm = 0.7179, lr_0 = 9.4289e-04
Loss = 4.1278e-02, PNorm = 104.5108, GNorm = 0.7122, lr_0 = 9.4253e-04
Loss = 4.3459e-02, PNorm = 104.5342, GNorm = 1.0994, lr_0 = 9.4216e-04
Loss = 4.1600e-02, PNorm = 104.5593, GNorm = 1.1257, lr_0 = 9.4180e-04
Loss = 3.7145e-02, PNorm = 104.5774, GNorm = 0.6107, lr_0 = 9.4144e-04
Loss = 3.2906e-02, PNorm = 104.5919, GNorm = 0.4827, lr_0 = 9.4108e-04
Loss = 3.9886e-02, PNorm = 104.6108, GNorm = 0.5112, lr_0 = 9.4072e-04
Loss = 3.7712e-02, PNorm = 104.6288, GNorm = 0.5108, lr_0 = 9.4035e-04
Loss = 3.2728e-02, PNorm = 104.6459, GNorm = 1.0468, lr_0 = 9.3999e-04
Loss = 3.6070e-02, PNorm = 104.6683, GNorm = 0.7065, lr_0 = 9.3963e-04
Loss = 4.0309e-02, PNorm = 104.6907, GNorm = 1.2861, lr_0 = 9.3927e-04
Loss = 3.6725e-02, PNorm = 104.7136, GNorm = 0.9755, lr_0 = 9.3891e-04
Loss = 3.6234e-02, PNorm = 104.7365, GNorm = 1.1076, lr_0 = 9.3855e-04
Loss = 3.5651e-02, PNorm = 104.7591, GNorm = 1.4042, lr_0 = 9.3819e-04
Loss = 4.0207e-02, PNorm = 104.7812, GNorm = 0.6913, lr_0 = 9.3783e-04
Loss = 3.9326e-02, PNorm = 104.7983, GNorm = 1.1019, lr_0 = 9.3746e-04
Loss = 3.7544e-02, PNorm = 104.8151, GNorm = 1.2486, lr_0 = 9.3710e-04
Loss = 3.3447e-02, PNorm = 104.8355, GNorm = 1.1124, lr_0 = 9.3674e-04
Loss = 3.6235e-02, PNorm = 104.8545, GNorm = 0.5027, lr_0 = 9.3638e-04
Loss = 3.7474e-02, PNorm = 104.8728, GNorm = 0.7839, lr_0 = 9.3602e-04
Loss = 3.5741e-02, PNorm = 104.8907, GNorm = 0.9961, lr_0 = 9.3566e-04
Loss = 3.7026e-02, PNorm = 104.9109, GNorm = 0.4899, lr_0 = 9.3530e-04
Loss = 3.7893e-02, PNorm = 104.9334, GNorm = 5.9724, lr_0 = 9.3494e-04
Loss = 4.1514e-02, PNorm = 104.9549, GNorm = 0.7435, lr_0 = 9.3458e-04
Loss = 3.8219e-02, PNorm = 104.9815, GNorm = 1.3005, lr_0 = 9.3423e-04
Loss = 4.2098e-02, PNorm = 105.0133, GNorm = 0.7381, lr_0 = 9.3387e-04
Loss = 2.9434e-02, PNorm = 105.0375, GNorm = 0.6616, lr_0 = 9.3351e-04
Loss = 3.3722e-02, PNorm = 105.0529, GNorm = 0.7693, lr_0 = 9.3315e-04
Loss = 3.0163e-02, PNorm = 105.0613, GNorm = 0.5264, lr_0 = 9.3279e-04
Loss = 4.0129e-02, PNorm = 105.0791, GNorm = 0.3503, lr_0 = 9.3243e-04
Loss = 3.6833e-02, PNorm = 105.0964, GNorm = 0.9544, lr_0 = 9.3207e-04
Loss = 3.1709e-02, PNorm = 105.1126, GNorm = 0.7190, lr_0 = 9.3171e-04
Loss = 2.7890e-02, PNorm = 105.1252, GNorm = 0.5593, lr_0 = 9.3136e-04
Loss = 3.0314e-02, PNorm = 105.1422, GNorm = 1.0119, lr_0 = 9.3100e-04
Loss = 3.1584e-02, PNorm = 105.1567, GNorm = 0.6310, lr_0 = 9.3064e-04
Loss = 3.3045e-02, PNorm = 105.1707, GNorm = 1.2200, lr_0 = 9.3028e-04
Loss = 3.0240e-02, PNorm = 105.1874, GNorm = 0.8410, lr_0 = 9.2992e-04
Loss = 4.1453e-02, PNorm = 105.2077, GNorm = 0.6251, lr_0 = 9.2957e-04
Loss = 3.4739e-02, PNorm = 105.2323, GNorm = 0.6116, lr_0 = 9.2921e-04
Loss = 4.1218e-02, PNorm = 105.2521, GNorm = 0.9656, lr_0 = 9.2885e-04
Loss = 3.9876e-02, PNorm = 105.2728, GNorm = 1.6861, lr_0 = 9.2849e-04
Loss = 3.8315e-02, PNorm = 105.2929, GNorm = 0.6180, lr_0 = 9.2814e-04
Loss = 3.1830e-02, PNorm = 105.3152, GNorm = 0.6736, lr_0 = 9.2778e-04
Loss = 3.4281e-02, PNorm = 105.3350, GNorm = 0.5668, lr_0 = 9.2742e-04
Loss = 3.8119e-02, PNorm = 105.3497, GNorm = 0.4753, lr_0 = 9.2707e-04
Loss = 3.9110e-02, PNorm = 105.3703, GNorm = 0.6004, lr_0 = 9.2671e-04
Loss = 3.4760e-02, PNorm = 105.3929, GNorm = 0.8208, lr_0 = 9.2635e-04
Loss = 3.7275e-02, PNorm = 105.4086, GNorm = 0.3634, lr_0 = 9.2600e-04
Loss = 3.1540e-02, PNorm = 105.4242, GNorm = 0.5112, lr_0 = 9.2564e-04
Loss = 3.9554e-02, PNorm = 105.4453, GNorm = 1.0262, lr_0 = 9.2529e-04
Loss = 2.9110e-02, PNorm = 105.4668, GNorm = 0.3397, lr_0 = 9.2493e-04
Loss = 2.8318e-02, PNorm = 105.4849, GNorm = 0.7100, lr_0 = 9.2457e-04
Loss = 2.9494e-02, PNorm = 105.4987, GNorm = 1.2068, lr_0 = 9.2422e-04
Loss = 3.4617e-02, PNorm = 105.5098, GNorm = 0.8405, lr_0 = 9.2386e-04
Loss = 2.7039e-02, PNorm = 105.5211, GNorm = 0.5069, lr_0 = 9.2351e-04
Loss = 3.4107e-02, PNorm = 105.5328, GNorm = 0.6818, lr_0 = 9.2315e-04
Loss = 2.8595e-02, PNorm = 105.5463, GNorm = 0.6813, lr_0 = 9.2280e-04
Loss = 3.7037e-02, PNorm = 105.5660, GNorm = 0.4677, lr_0 = 9.2244e-04
Loss = 3.0670e-02, PNorm = 105.5834, GNorm = 0.7538, lr_0 = 9.2209e-04
Loss = 3.8635e-02, PNorm = 105.6012, GNorm = 0.8412, lr_0 = 9.2173e-04
Loss = 3.1248e-02, PNorm = 105.6200, GNorm = 0.4891, lr_0 = 9.2138e-04
Loss = 3.7860e-02, PNorm = 105.6380, GNorm = 0.6627, lr_0 = 9.2102e-04
Loss = 3.4118e-02, PNorm = 105.6538, GNorm = 0.6753, lr_0 = 9.2067e-04
Loss = 3.4115e-02, PNorm = 105.6693, GNorm = 0.9060, lr_0 = 9.2032e-04
Loss = 3.7247e-02, PNorm = 105.6887, GNorm = 0.8740, lr_0 = 9.1996e-04
Loss = 3.4187e-02, PNorm = 105.7125, GNorm = 0.4165, lr_0 = 9.1961e-04
Loss = 3.3147e-02, PNorm = 105.7350, GNorm = 0.3687, lr_0 = 9.1926e-04
Loss = 2.9885e-02, PNorm = 105.7523, GNorm = 0.8935, lr_0 = 9.1890e-04
Loss = 2.6662e-02, PNorm = 105.7644, GNorm = 0.3371, lr_0 = 9.1855e-04
Loss = 3.0707e-02, PNorm = 105.7758, GNorm = 0.5302, lr_0 = 9.1820e-04
Loss = 3.8618e-02, PNorm = 105.7870, GNorm = 0.5449, lr_0 = 9.1784e-04
Loss = 3.5735e-02, PNorm = 105.8002, GNorm = 0.6819, lr_0 = 9.1749e-04
Loss = 3.4361e-02, PNorm = 105.8157, GNorm = 0.6731, lr_0 = 9.1714e-04
Loss = 3.5469e-02, PNorm = 105.8313, GNorm = 0.6083, lr_0 = 9.1678e-04
Loss = 3.3784e-02, PNorm = 105.8485, GNorm = 0.9102, lr_0 = 9.1643e-04
Loss = 3.7410e-02, PNorm = 105.8665, GNorm = 0.4248, lr_0 = 9.1608e-04
Loss = 3.4881e-02, PNorm = 105.8866, GNorm = 0.6429, lr_0 = 9.1573e-04
Loss = 3.4921e-02, PNorm = 105.9060, GNorm = 0.7072, lr_0 = 9.1537e-04
Loss = 3.3883e-02, PNorm = 105.9210, GNorm = 1.1224, lr_0 = 9.1502e-04
Loss = 3.9917e-02, PNorm = 105.9333, GNorm = 0.6935, lr_0 = 9.1467e-04
Loss = 3.5256e-02, PNorm = 105.9473, GNorm = 1.0541, lr_0 = 9.1432e-04
Loss = 3.5450e-02, PNorm = 105.9609, GNorm = 0.7639, lr_0 = 9.1397e-04
Loss = 3.8108e-02, PNorm = 105.9768, GNorm = 1.4165, lr_0 = 9.1362e-04
Loss = 3.6118e-02, PNorm = 105.9904, GNorm = 0.7869, lr_0 = 9.1326e-04
Loss = 3.4719e-02, PNorm = 106.0065, GNorm = 0.4957, lr_0 = 9.1291e-04
Loss = 3.3561e-02, PNorm = 106.0263, GNorm = 0.7279, lr_0 = 9.1256e-04
Loss = 3.6813e-02, PNorm = 106.0449, GNorm = 0.5921, lr_0 = 9.1221e-04
Loss = 3.8536e-02, PNorm = 106.0596, GNorm = 0.7059, lr_0 = 9.1186e-04
Loss = 3.4948e-02, PNorm = 106.0784, GNorm = 1.1542, lr_0 = 9.1151e-04
Loss = 3.4360e-02, PNorm = 106.0968, GNorm = 0.4667, lr_0 = 9.1116e-04
Loss = 3.0224e-02, PNorm = 106.1165, GNorm = 0.5466, lr_0 = 9.1081e-04
Loss = 3.5305e-02, PNorm = 106.1386, GNorm = 0.7630, lr_0 = 9.1046e-04
Loss = 4.3401e-02, PNorm = 106.1609, GNorm = 1.1463, lr_0 = 9.1011e-04
Loss = 4.7754e-02, PNorm = 106.1818, GNorm = 0.7399, lr_0 = 9.0976e-04
Loss = 4.0930e-02, PNorm = 106.2061, GNorm = 0.9525, lr_0 = 9.0941e-04
Loss = 3.6195e-02, PNorm = 106.2290, GNorm = 1.0896, lr_0 = 9.0906e-04
Loss = 3.7177e-02, PNorm = 106.2520, GNorm = 1.4896, lr_0 = 9.0871e-04
Loss = 2.9497e-02, PNorm = 106.2695, GNorm = 0.4039, lr_0 = 9.0836e-04
Loss = 3.2996e-02, PNorm = 106.2862, GNorm = 0.4981, lr_0 = 9.0801e-04
Loss = 3.6380e-02, PNorm = 106.3056, GNorm = 0.6458, lr_0 = 9.0766e-04
Loss = 3.7347e-02, PNorm = 106.3318, GNorm = 0.4321, lr_0 = 9.0731e-04
Loss = 3.2451e-02, PNorm = 106.3554, GNorm = 1.4933, lr_0 = 9.0696e-04
Loss = 3.4493e-02, PNorm = 106.3728, GNorm = 0.4926, lr_0 = 9.0662e-04
Loss = 3.2570e-02, PNorm = 106.3906, GNorm = 0.6359, lr_0 = 9.0627e-04
Loss = 2.8921e-02, PNorm = 106.4132, GNorm = 0.6888, lr_0 = 9.0592e-04
Loss = 3.9290e-02, PNorm = 106.4305, GNorm = 0.7612, lr_0 = 9.0557e-04
Loss = 3.1039e-02, PNorm = 106.4490, GNorm = 0.9368, lr_0 = 9.0522e-04
Loss = 3.3031e-02, PNorm = 106.4682, GNorm = 0.4085, lr_0 = 9.0487e-04
Loss = 3.3678e-02, PNorm = 106.4877, GNorm = 0.7761, lr_0 = 9.0453e-04
Loss = 3.6177e-02, PNorm = 106.5026, GNorm = 0.3989, lr_0 = 9.0418e-04
Loss = 3.9787e-02, PNorm = 106.5204, GNorm = 0.7730, lr_0 = 9.0383e-04
Loss = 3.3248e-02, PNorm = 106.5387, GNorm = 0.3420, lr_0 = 9.0348e-04
Loss = 3.2448e-02, PNorm = 106.5583, GNorm = 0.5296, lr_0 = 9.0313e-04
Loss = 3.0385e-02, PNorm = 106.5743, GNorm = 0.7546, lr_0 = 9.0279e-04
Loss = 3.1758e-02, PNorm = 106.5929, GNorm = 0.4823, lr_0 = 9.0244e-04
Loss = 3.2984e-02, PNorm = 106.6113, GNorm = 0.8137, lr_0 = 9.0209e-04
Loss = 3.1431e-02, PNorm = 106.6290, GNorm = 0.8672, lr_0 = 9.0175e-04
Loss = 3.4666e-02, PNorm = 106.6404, GNorm = 0.8052, lr_0 = 9.0140e-04
Loss = 3.4772e-02, PNorm = 106.6550, GNorm = 0.9002, lr_0 = 9.0105e-04
Loss = 3.1136e-02, PNorm = 106.6731, GNorm = 0.5635, lr_0 = 9.0071e-04
Loss = 3.1636e-02, PNorm = 106.6887, GNorm = 0.4456, lr_0 = 9.0036e-04
Loss = 3.2262e-02, PNorm = 106.7045, GNorm = 0.8403, lr_0 = 9.0001e-04
Loss = 3.1176e-02, PNorm = 106.7215, GNorm = 0.8480, lr_0 = 8.9967e-04
Loss = 2.8609e-02, PNorm = 106.7364, GNorm = 0.4280, lr_0 = 8.9932e-04
Loss = 2.7455e-02, PNorm = 106.7496, GNorm = 0.6086, lr_0 = 8.9898e-04
Loss = 3.6250e-02, PNorm = 106.7615, GNorm = 0.3915, lr_0 = 8.9863e-04
Loss = 4.1936e-02, PNorm = 106.7771, GNorm = 0.8276, lr_0 = 8.9829e-04
Loss = 3.3926e-02, PNorm = 106.7946, GNorm = 0.6485, lr_0 = 8.9794e-04
Loss = 3.5690e-02, PNorm = 106.8079, GNorm = 0.6110, lr_0 = 8.9759e-04
Loss = 3.6893e-02, PNorm = 106.8214, GNorm = 1.0754, lr_0 = 8.9725e-04
Loss = 3.0853e-02, PNorm = 106.8341, GNorm = 0.7011, lr_0 = 8.9690e-04
Loss = 3.3695e-02, PNorm = 106.8546, GNorm = 0.6244, lr_0 = 8.9656e-04
Loss = 3.2354e-02, PNorm = 106.8715, GNorm = 0.3543, lr_0 = 8.9621e-04
Loss = 2.9588e-02, PNorm = 106.8915, GNorm = 0.7164, lr_0 = 8.9587e-04
Loss = 3.3478e-02, PNorm = 106.9117, GNorm = 0.8414, lr_0 = 8.9553e-04
Loss = 2.5073e-02, PNorm = 106.9275, GNorm = 1.0506, lr_0 = 8.9518e-04
Loss = 3.5262e-02, PNorm = 106.9453, GNorm = 0.6750, lr_0 = 8.9484e-04
Loss = 3.2421e-02, PNorm = 106.9587, GNorm = 0.8816, lr_0 = 8.9449e-04
Loss = 2.9354e-02, PNorm = 106.9830, GNorm = 0.4895, lr_0 = 8.9415e-04
Loss = 3.2442e-02, PNorm = 107.0034, GNorm = 0.4956, lr_0 = 8.9380e-04
Loss = 3.6644e-02, PNorm = 107.0217, GNorm = 0.5594, lr_0 = 8.9346e-04
Loss = 3.2511e-02, PNorm = 107.0372, GNorm = 0.7162, lr_0 = 8.9312e-04
Loss = 3.4864e-02, PNorm = 107.0535, GNorm = 0.9187, lr_0 = 8.9277e-04
Loss = 3.1940e-02, PNorm = 107.0710, GNorm = 0.5183, lr_0 = 8.9243e-04
Loss = 2.7546e-02, PNorm = 107.0868, GNorm = 0.6485, lr_0 = 8.9209e-04
Loss = 3.2654e-02, PNorm = 107.1036, GNorm = 0.7257, lr_0 = 8.9174e-04
Loss = 3.4605e-02, PNorm = 107.1200, GNorm = 1.1539, lr_0 = 8.9140e-04
Loss = 2.9596e-02, PNorm = 107.1320, GNorm = 1.1567, lr_0 = 8.9106e-04
Loss = 3.4814e-02, PNorm = 107.1463, GNorm = 0.8816, lr_0 = 8.9072e-04
Loss = 2.9987e-02, PNorm = 107.1623, GNorm = 0.5650, lr_0 = 8.9037e-04
Loss = 3.3882e-02, PNorm = 107.1802, GNorm = 0.6707, lr_0 = 8.9003e-04
Loss = 3.2334e-02, PNorm = 107.1995, GNorm = 0.5767, lr_0 = 8.8969e-04
Loss = 2.9827e-02, PNorm = 107.2201, GNorm = 0.4311, lr_0 = 8.8935e-04
Loss = 3.0890e-02, PNorm = 107.2381, GNorm = 0.8002, lr_0 = 8.8901e-04
Loss = 3.5696e-02, PNorm = 107.2525, GNorm = 0.9856, lr_0 = 8.8866e-04
Loss = 3.0215e-02, PNorm = 107.2668, GNorm = 0.4731, lr_0 = 8.8832e-04
Loss = 3.4326e-02, PNorm = 107.2819, GNorm = 0.5273, lr_0 = 8.8798e-04
Loss = 2.8537e-02, PNorm = 107.2957, GNorm = 0.6972, lr_0 = 8.8764e-04
Loss = 3.4926e-02, PNorm = 107.3073, GNorm = 0.8439, lr_0 = 8.8730e-04
Loss = 2.9774e-02, PNorm = 107.3235, GNorm = 1.1170, lr_0 = 8.8696e-04
Loss = 3.4231e-02, PNorm = 107.3395, GNorm = 0.4054, lr_0 = 8.8661e-04
Loss = 3.5348e-02, PNorm = 107.3532, GNorm = 1.4376, lr_0 = 8.8627e-04
Loss = 2.7049e-02, PNorm = 107.3646, GNorm = 0.6090, lr_0 = 8.8593e-04
Loss = 3.2527e-02, PNorm = 107.3809, GNorm = 0.8859, lr_0 = 8.8559e-04
Loss = 2.9101e-02, PNorm = 107.4022, GNorm = 1.2660, lr_0 = 8.8525e-04
Loss = 2.7186e-02, PNorm = 107.4255, GNorm = 0.5896, lr_0 = 8.8491e-04
Loss = 2.9822e-02, PNorm = 107.4414, GNorm = 0.9091, lr_0 = 8.8457e-04
Loss = 3.5241e-02, PNorm = 107.4513, GNorm = 0.7216, lr_0 = 8.8423e-04
Loss = 2.8026e-02, PNorm = 107.4620, GNorm = 0.5519, lr_0 = 8.8389e-04
Loss = 2.8822e-02, PNorm = 107.4793, GNorm = 0.4907, lr_0 = 8.8355e-04
Loss = 3.5322e-02, PNorm = 107.4996, GNorm = 0.5248, lr_0 = 8.8321e-04
Loss = 2.6642e-02, PNorm = 107.5210, GNorm = 0.3931, lr_0 = 8.8287e-04
Loss = 4.1740e-02, PNorm = 107.5401, GNorm = 0.6026, lr_0 = 8.8253e-04
Loss = 2.4222e-02, PNorm = 107.5583, GNorm = 0.5661, lr_0 = 8.8219e-04
Loss = 2.8790e-02, PNorm = 107.5739, GNorm = 0.5261, lr_0 = 8.8185e-04
Loss = 3.5381e-02, PNorm = 107.5883, GNorm = 0.8919, lr_0 = 8.8151e-04
Loss = 2.6161e-02, PNorm = 107.6072, GNorm = 0.8960, lr_0 = 8.8118e-04
Loss = 3.1037e-02, PNorm = 107.6267, GNorm = 0.8981, lr_0 = 8.8084e-04
Loss = 3.4505e-02, PNorm = 107.6390, GNorm = 0.4487, lr_0 = 8.8050e-04
Loss = 3.1935e-02, PNorm = 107.6563, GNorm = 0.9622, lr_0 = 8.8016e-04
Loss = 3.2664e-02, PNorm = 107.6743, GNorm = 0.5574, lr_0 = 8.7982e-04
Loss = 3.1717e-02, PNorm = 107.6888, GNorm = 0.9759, lr_0 = 8.7948e-04
Loss = 2.9480e-02, PNorm = 107.7052, GNorm = 0.6499, lr_0 = 8.7914e-04
Loss = 2.9084e-02, PNorm = 107.7222, GNorm = 1.2619, lr_0 = 8.7881e-04
Loss = 3.3070e-02, PNorm = 107.7384, GNorm = 0.8946, lr_0 = 8.7847e-04
Loss = 2.8045e-02, PNorm = 107.7534, GNorm = 1.2316, lr_0 = 8.7813e-04
Loss = 3.2862e-02, PNorm = 107.7706, GNorm = 0.5743, lr_0 = 8.7779e-04
Loss = 3.4790e-02, PNorm = 107.7835, GNorm = 0.4547, lr_0 = 8.7746e-04
Loss = 3.1771e-02, PNorm = 107.7991, GNorm = 1.3778, lr_0 = 8.7712e-04
Loss = 3.3057e-02, PNorm = 107.8167, GNorm = 0.5122, lr_0 = 8.7678e-04
Loss = 3.2161e-02, PNorm = 107.8369, GNorm = 1.2164, lr_0 = 8.7644e-04
Loss = 3.4109e-02, PNorm = 107.8553, GNorm = 1.4181, lr_0 = 8.7611e-04
Loss = 4.4884e-02, PNorm = 107.8759, GNorm = 0.4444, lr_0 = 8.7577e-04
Loss = 2.6598e-02, PNorm = 107.8976, GNorm = 0.5751, lr_0 = 8.7543e-04
Loss = 3.1301e-02, PNorm = 107.9158, GNorm = 0.8288, lr_0 = 8.7510e-04
Loss = 3.5145e-02, PNorm = 107.9349, GNorm = 1.7924, lr_0 = 8.7476e-04
Loss = 3.4352e-02, PNorm = 107.9535, GNorm = 0.4668, lr_0 = 8.7442e-04
Loss = 3.5035e-02, PNorm = 107.9735, GNorm = 1.1508, lr_0 = 8.7409e-04
Loss = 3.2292e-02, PNorm = 107.9935, GNorm = 0.9950, lr_0 = 8.7375e-04
Loss = 2.7112e-02, PNorm = 108.0147, GNorm = 0.5023, lr_0 = 8.7342e-04
Loss = 2.9143e-02, PNorm = 108.0325, GNorm = 0.8732, lr_0 = 8.7308e-04
Loss = 3.3726e-02, PNorm = 108.0460, GNorm = 0.8597, lr_0 = 8.7274e-04
Loss = 3.8287e-02, PNorm = 108.0599, GNorm = 0.7903, lr_0 = 8.7241e-04
Loss = 3.4764e-02, PNorm = 108.0770, GNorm = 0.3765, lr_0 = 8.7207e-04
Loss = 3.0163e-02, PNorm = 108.0937, GNorm = 0.9936, lr_0 = 8.7174e-04
Loss = 3.1485e-02, PNorm = 108.1126, GNorm = 0.7530, lr_0 = 8.7140e-04
Loss = 3.3276e-02, PNorm = 108.1303, GNorm = 0.6485, lr_0 = 8.7107e-04
Loss = 3.7238e-02, PNorm = 108.1522, GNorm = 0.6949, lr_0 = 8.7073e-04
Loss = 3.3559e-02, PNorm = 108.1735, GNorm = 0.7218, lr_0 = 8.7040e-04
Loss = 3.5110e-02, PNorm = 108.1957, GNorm = 0.9364, lr_0 = 8.7006e-04
Loss = 3.2972e-02, PNorm = 108.2136, GNorm = 0.5158, lr_0 = 8.6973e-04
Loss = 3.1501e-02, PNorm = 108.2328, GNorm = 1.0344, lr_0 = 8.6939e-04
Loss = 3.1981e-02, PNorm = 108.2478, GNorm = 0.4590, lr_0 = 8.6906e-04
Loss = 4.1317e-02, PNorm = 108.2644, GNorm = 0.7684, lr_0 = 8.6872e-04
Loss = 2.8778e-02, PNorm = 108.2841, GNorm = 0.5410, lr_0 = 8.6839e-04
Loss = 2.8258e-02, PNorm = 108.3054, GNorm = 1.0095, lr_0 = 8.6806e-04
Loss = 3.1175e-02, PNorm = 108.3280, GNorm = 0.5710, lr_0 = 8.6772e-04
Loss = 2.4455e-02, PNorm = 108.3482, GNorm = 0.4129, lr_0 = 8.6739e-04
Loss = 2.5665e-02, PNorm = 108.3621, GNorm = 0.5805, lr_0 = 8.6706e-04
Loss = 3.1212e-02, PNorm = 108.3788, GNorm = 0.5394, lr_0 = 8.6672e-04
Loss = 3.0625e-02, PNorm = 108.3944, GNorm = 1.1174, lr_0 = 8.6639e-04
Loss = 3.0777e-02, PNorm = 108.4094, GNorm = 0.4225, lr_0 = 8.6606e-04
Loss = 3.4101e-02, PNorm = 108.4199, GNorm = 0.5488, lr_0 = 8.6572e-04
Loss = 2.7717e-02, PNorm = 108.4344, GNorm = 0.5789, lr_0 = 8.6539e-04
Loss = 3.0156e-02, PNorm = 108.4540, GNorm = 0.8569, lr_0 = 8.6506e-04
Loss = 2.9047e-02, PNorm = 108.4757, GNorm = 0.3416, lr_0 = 8.6472e-04
Loss = 2.9737e-02, PNorm = 108.4944, GNorm = 0.4293, lr_0 = 8.6439e-04
Loss = 3.0503e-02, PNorm = 108.5135, GNorm = 0.4881, lr_0 = 8.6406e-04
Loss = 3.5567e-02, PNorm = 108.5297, GNorm = 0.9655, lr_0 = 8.6373e-04
Loss = 2.8894e-02, PNorm = 108.5488, GNorm = 0.4582, lr_0 = 8.6340e-04
Loss = 3.4649e-02, PNorm = 108.5652, GNorm = 0.6754, lr_0 = 8.6306e-04
Loss = 3.3183e-02, PNorm = 108.5835, GNorm = 0.5224, lr_0 = 8.6273e-04
Loss = 2.8651e-02, PNorm = 108.6000, GNorm = 1.1933, lr_0 = 8.6240e-04
Loss = 2.8756e-02, PNorm = 108.6155, GNorm = 0.5079, lr_0 = 8.6207e-04
Loss = 2.6651e-02, PNorm = 108.6320, GNorm = 0.9628, lr_0 = 8.6174e-04
Loss = 2.9146e-02, PNorm = 108.6468, GNorm = 0.5826, lr_0 = 8.6141e-04
Loss = 3.2173e-02, PNorm = 108.6570, GNorm = 0.6020, lr_0 = 8.6107e-04
Loss = 2.7477e-02, PNorm = 108.6674, GNorm = 0.6870, lr_0 = 8.6074e-04
Loss = 2.6047e-02, PNorm = 108.6829, GNorm = 0.5997, lr_0 = 8.6041e-04
Loss = 2.8280e-02, PNorm = 108.7008, GNorm = 0.4378, lr_0 = 8.6008e-04
Loss = 3.5111e-02, PNorm = 108.7204, GNorm = 1.0108, lr_0 = 8.5975e-04
Loss = 3.1422e-02, PNorm = 108.7359, GNorm = 0.8139, lr_0 = 8.5942e-04
Loss = 3.4930e-02, PNorm = 108.7541, GNorm = 0.6477, lr_0 = 8.5909e-04
Loss = 3.3950e-02, PNorm = 108.7705, GNorm = 0.4944, lr_0 = 8.5876e-04
Loss = 2.8512e-02, PNorm = 108.7818, GNorm = 1.0341, lr_0 = 8.5843e-04
Loss = 3.0419e-02, PNorm = 108.7918, GNorm = 0.4795, lr_0 = 8.5810e-04
Loss = 3.5388e-02, PNorm = 108.8105, GNorm = 0.9698, lr_0 = 8.5777e-04
Loss = 2.6218e-02, PNorm = 108.8287, GNorm = 0.8173, lr_0 = 8.5744e-04
Loss = 3.9965e-02, PNorm = 108.8443, GNorm = 0.9427, lr_0 = 8.5711e-04
Loss = 2.7670e-02, PNorm = 108.8596, GNorm = 0.5873, lr_0 = 8.5678e-04
Loss = 3.3324e-02, PNorm = 108.8733, GNorm = 1.1015, lr_0 = 8.5645e-04
Loss = 3.5146e-02, PNorm = 108.8884, GNorm = 0.5105, lr_0 = 8.5612e-04
Loss = 3.0277e-02, PNorm = 108.9058, GNorm = 0.8037, lr_0 = 8.5579e-04
Loss = 3.0312e-02, PNorm = 108.9235, GNorm = 0.9348, lr_0 = 8.5546e-04
Loss = 2.7087e-02, PNorm = 108.9436, GNorm = 1.2965, lr_0 = 8.5513e-04
Loss = 3.3459e-02, PNorm = 108.9611, GNorm = 0.9851, lr_0 = 8.5480e-04
Loss = 3.5152e-02, PNorm = 108.9783, GNorm = 0.4931, lr_0 = 8.5448e-04
Loss = 2.9956e-02, PNorm = 108.9975, GNorm = 1.0549, lr_0 = 8.5415e-04
Loss = 3.0276e-02, PNorm = 109.0161, GNorm = 0.4389, lr_0 = 8.5382e-04
Loss = 3.8006e-02, PNorm = 109.0384, GNorm = 0.5973, lr_0 = 8.5349e-04
Loss = 2.8638e-02, PNorm = 109.0598, GNorm = 0.4066, lr_0 = 8.5316e-04
Loss = 4.0363e-02, PNorm = 109.0766, GNorm = 0.8527, lr_0 = 8.5283e-04
Loss = 3.7205e-02, PNorm = 109.0966, GNorm = 1.3812, lr_0 = 8.5251e-04
Loss = 3.4911e-02, PNorm = 109.1137, GNorm = 0.4214, lr_0 = 8.5218e-04
Loss = 3.1802e-02, PNorm = 109.1312, GNorm = 0.8821, lr_0 = 8.5185e-04
Loss = 3.3031e-02, PNorm = 109.1442, GNorm = 0.5313, lr_0 = 8.5152e-04
Loss = 2.9336e-02, PNorm = 109.1640, GNorm = 0.5811, lr_0 = 8.5120e-04
Loss = 2.9617e-02, PNorm = 109.1826, GNorm = 1.8342, lr_0 = 8.5087e-04
Loss = 3.1350e-02, PNorm = 109.2033, GNorm = 0.5575, lr_0 = 8.5054e-04
Loss = 3.2206e-02, PNorm = 109.2215, GNorm = 0.8873, lr_0 = 8.5021e-04
Loss = 3.3036e-02, PNorm = 109.2426, GNorm = 0.8813, lr_0 = 8.4989e-04
Loss = 3.1425e-02, PNorm = 109.2672, GNorm = 0.4923, lr_0 = 8.4956e-04
Loss = 2.6437e-02, PNorm = 109.2811, GNorm = 0.5033, lr_0 = 8.4923e-04
Loss = 4.2026e-02, PNorm = 109.2945, GNorm = 0.8204, lr_0 = 8.4891e-04
Loss = 3.9388e-02, PNorm = 109.3149, GNorm = 0.6796, lr_0 = 8.4858e-04
Loss = 2.9845e-02, PNorm = 109.3289, GNorm = 0.6929, lr_0 = 8.4825e-04
Loss = 3.0581e-02, PNorm = 109.3455, GNorm = 0.6446, lr_0 = 8.4793e-04
Loss = 2.9443e-02, PNorm = 109.3639, GNorm = 0.3886, lr_0 = 8.4760e-04
Loss = 3.4435e-02, PNorm = 109.3811, GNorm = 1.6578, lr_0 = 8.4728e-04
Loss = 3.4691e-02, PNorm = 109.3941, GNorm = 1.7267, lr_0 = 8.4695e-04
Loss = 2.9807e-02, PNorm = 109.4079, GNorm = 0.7521, lr_0 = 8.4662e-04
Loss = 2.7429e-02, PNorm = 109.4250, GNorm = 0.5041, lr_0 = 8.4630e-04
Loss = 3.1804e-02, PNorm = 109.4441, GNorm = 0.5002, lr_0 = 8.4597e-04
Loss = 4.2805e-02, PNorm = 109.4620, GNorm = 0.4773, lr_0 = 8.4565e-04
Loss = 2.7499e-02, PNorm = 109.4788, GNorm = 0.4720, lr_0 = 8.4532e-04
Loss = 2.9534e-02, PNorm = 109.4953, GNorm = 0.5583, lr_0 = 8.4500e-04
Loss = 3.1742e-02, PNorm = 109.5122, GNorm = 0.9394, lr_0 = 8.4467e-04
Loss = 3.1109e-02, PNorm = 109.5342, GNorm = 0.7473, lr_0 = 8.4435e-04
Loss = 2.5890e-02, PNorm = 109.5544, GNorm = 0.6728, lr_0 = 8.4402e-04
Loss = 2.8363e-02, PNorm = 109.5681, GNorm = 0.7604, lr_0 = 8.4370e-04
Loss = 3.2072e-02, PNorm = 109.5840, GNorm = 0.4618, lr_0 = 8.4337e-04
Loss = 2.7479e-02, PNorm = 109.6011, GNorm = 0.6930, lr_0 = 8.4305e-04
Loss = 3.0620e-02, PNorm = 109.6190, GNorm = 0.8151, lr_0 = 8.4273e-04
Loss = 2.9962e-02, PNorm = 109.6340, GNorm = 0.5668, lr_0 = 8.4240e-04
Loss = 2.9222e-02, PNorm = 109.6463, GNorm = 1.0194, lr_0 = 8.4208e-04
Loss = 2.9374e-02, PNorm = 109.6650, GNorm = 0.5931, lr_0 = 8.4175e-04
Loss = 2.8204e-02, PNorm = 109.6795, GNorm = 0.6655, lr_0 = 8.4143e-04
Loss = 2.5376e-02, PNorm = 109.6943, GNorm = 0.5338, lr_0 = 8.4111e-04
Loss = 3.1246e-02, PNorm = 109.7096, GNorm = 1.0571, lr_0 = 8.4078e-04
Loss = 2.5390e-02, PNorm = 109.7262, GNorm = 0.8710, lr_0 = 8.4046e-04
Loss = 3.3130e-02, PNorm = 109.7428, GNorm = 0.9431, lr_0 = 8.4014e-04
Loss = 2.8688e-02, PNorm = 109.7566, GNorm = 0.6755, lr_0 = 8.3981e-04
Loss = 2.8321e-02, PNorm = 109.7693, GNorm = 0.7168, lr_0 = 8.3949e-04
Loss = 2.3988e-02, PNorm = 109.7854, GNorm = 0.3251, lr_0 = 8.3917e-04
Loss = 3.7387e-02, PNorm = 109.8011, GNorm = 1.4576, lr_0 = 8.3885e-04
Loss = 2.5416e-02, PNorm = 109.8166, GNorm = 0.6387, lr_0 = 8.3852e-04
Loss = 2.4698e-02, PNorm = 109.8290, GNorm = 1.0158, lr_0 = 8.3820e-04
Loss = 3.0932e-02, PNorm = 109.8426, GNorm = 0.8045, lr_0 = 8.3788e-04
Loss = 2.8405e-02, PNorm = 109.8572, GNorm = 0.7379, lr_0 = 8.3756e-04
Loss = 3.3286e-02, PNorm = 109.8679, GNorm = 1.6780, lr_0 = 8.3723e-04
Loss = 2.9942e-02, PNorm = 109.8832, GNorm = 0.4021, lr_0 = 8.3691e-04
Loss = 3.1787e-02, PNorm = 109.9016, GNorm = 0.6724, lr_0 = 8.3659e-04
Loss = 2.7462e-02, PNorm = 109.9158, GNorm = 0.3982, lr_0 = 8.3627e-04
Loss = 3.1377e-02, PNorm = 109.9267, GNorm = 0.6409, lr_0 = 8.3595e-04
Loss = 2.7687e-02, PNorm = 109.9389, GNorm = 0.6043, lr_0 = 8.3563e-04
Loss = 2.7251e-02, PNorm = 109.9546, GNorm = 0.3998, lr_0 = 8.3530e-04
Loss = 3.1826e-02, PNorm = 109.9683, GNorm = 0.7908, lr_0 = 8.3498e-04
Loss = 2.3691e-02, PNorm = 109.9824, GNorm = 0.5322, lr_0 = 8.3466e-04
Loss = 2.8971e-02, PNorm = 109.9946, GNorm = 0.8728, lr_0 = 8.3434e-04
Loss = 2.5492e-02, PNorm = 110.0092, GNorm = 1.0720, lr_0 = 8.3402e-04
Loss = 2.7599e-02, PNorm = 110.0234, GNorm = 0.5858, lr_0 = 8.3370e-04
Loss = 2.8222e-02, PNorm = 110.0393, GNorm = 0.3683, lr_0 = 8.3338e-04
Loss = 2.5892e-02, PNorm = 110.0560, GNorm = 0.8209, lr_0 = 8.3306e-04
Loss = 2.8055e-02, PNorm = 110.0723, GNorm = 0.4718, lr_0 = 8.3274e-04
Loss = 2.7566e-02, PNorm = 110.0853, GNorm = 0.5188, lr_0 = 8.3242e-04
Loss = 2.2774e-02, PNorm = 110.0974, GNorm = 0.4975, lr_0 = 8.3210e-04
Loss = 2.5064e-02, PNorm = 110.1067, GNorm = 0.9254, lr_0 = 8.3178e-04
Loss = 3.1722e-02, PNorm = 110.1176, GNorm = 1.7191, lr_0 = 8.3146e-04
Loss = 3.0639e-02, PNorm = 110.1323, GNorm = 0.9879, lr_0 = 8.3114e-04
Loss = 3.0209e-02, PNorm = 110.1463, GNorm = 0.8713, lr_0 = 8.3082e-04
Loss = 3.0058e-02, PNorm = 110.1595, GNorm = 0.8415, lr_0 = 8.3050e-04
Loss = 2.7429e-02, PNorm = 110.1712, GNorm = 0.6411, lr_0 = 8.3018e-04
Loss = 2.9984e-02, PNorm = 110.1862, GNorm = 0.5555, lr_0 = 8.2986e-04
Loss = 3.1518e-02, PNorm = 110.2019, GNorm = 0.5959, lr_0 = 8.2954e-04
Loss = 4.0516e-02, PNorm = 110.2208, GNorm = 1.3253, lr_0 = 8.2922e-04
Loss = 2.4921e-02, PNorm = 110.2387, GNorm = 0.5454, lr_0 = 8.2890e-04
Loss = 2.7828e-02, PNorm = 110.2534, GNorm = 1.0133, lr_0 = 8.2858e-04
Loss = 2.8107e-02, PNorm = 110.2678, GNorm = 0.7506, lr_0 = 8.2827e-04
Loss = 3.0238e-02, PNorm = 110.2820, GNorm = 0.3189, lr_0 = 8.2795e-04
Loss = 2.9826e-02, PNorm = 110.2983, GNorm = 0.9073, lr_0 = 8.2763e-04
Loss = 2.8067e-02, PNorm = 110.3114, GNorm = 1.3885, lr_0 = 8.2731e-04
Loss = 2.9330e-02, PNorm = 110.3247, GNorm = 0.8487, lr_0 = 8.2699e-04
Loss = 2.9837e-02, PNorm = 110.3387, GNorm = 0.3071, lr_0 = 8.2667e-04
Loss = 3.1957e-02, PNorm = 110.3511, GNorm = 0.7040, lr_0 = 8.2636e-04
Loss = 2.5179e-02, PNorm = 110.3699, GNorm = 0.8364, lr_0 = 8.2604e-04
Loss = 2.8734e-02, PNorm = 110.3888, GNorm = 1.1348, lr_0 = 8.2572e-04
Loss = 2.9926e-02, PNorm = 110.4072, GNorm = 2.8483, lr_0 = 8.2540e-04
Loss = 2.8690e-02, PNorm = 110.4238, GNorm = 0.9134, lr_0 = 8.2509e-04
Loss = 3.1680e-02, PNorm = 110.4411, GNorm = 1.0562, lr_0 = 8.2477e-04
Loss = 2.7900e-02, PNorm = 110.4561, GNorm = 1.0769, lr_0 = 8.2445e-04
Loss = 2.5752e-02, PNorm = 110.4695, GNorm = 0.8489, lr_0 = 8.2414e-04
Loss = 3.3026e-02, PNorm = 110.4857, GNorm = 1.0017, lr_0 = 8.2382e-04
Loss = 3.0602e-02, PNorm = 110.4995, GNorm = 1.1821, lr_0 = 8.2350e-04
Loss = 2.7680e-02, PNorm = 110.5114, GNorm = 0.5880, lr_0 = 8.2318e-04
Loss = 3.1942e-02, PNorm = 110.5238, GNorm = 0.5815, lr_0 = 8.2287e-04
Loss = 2.6473e-02, PNorm = 110.5381, GNorm = 0.9786, lr_0 = 8.2255e-04
Loss = 2.4059e-02, PNorm = 110.5552, GNorm = 0.3888, lr_0 = 8.2224e-04
Loss = 2.8769e-02, PNorm = 110.5727, GNorm = 0.9935, lr_0 = 8.2192e-04
Loss = 2.7939e-02, PNorm = 110.5861, GNorm = 0.7040, lr_0 = 8.2160e-04
Loss = 2.8888e-02, PNorm = 110.5977, GNorm = 0.6603, lr_0 = 8.2129e-04
Loss = 2.3904e-02, PNorm = 110.6115, GNorm = 0.4872, lr_0 = 8.2097e-04
Loss = 3.0142e-02, PNorm = 110.6265, GNorm = 1.0592, lr_0 = 8.2066e-04
Loss = 2.8797e-02, PNorm = 110.6437, GNorm = 0.7502, lr_0 = 8.2034e-04
Loss = 2.6371e-02, PNorm = 110.6604, GNorm = 0.8630, lr_0 = 8.2002e-04
Loss = 2.5584e-02, PNorm = 110.6710, GNorm = 0.6957, lr_0 = 8.1971e-04
Loss = 3.0320e-02, PNorm = 110.6818, GNorm = 0.9619, lr_0 = 8.1939e-04
Loss = 2.9553e-02, PNorm = 110.6943, GNorm = 0.5233, lr_0 = 8.1908e-04
Loss = 2.9092e-02, PNorm = 110.7073, GNorm = 0.4389, lr_0 = 8.1876e-04
Loss = 2.6154e-02, PNorm = 110.7207, GNorm = 0.5070, lr_0 = 8.1845e-04
Loss = 2.6415e-02, PNorm = 110.7333, GNorm = 0.3102, lr_0 = 8.1813e-04
Loss = 3.0014e-02, PNorm = 110.7524, GNorm = 0.3996, lr_0 = 8.1782e-04
Loss = 2.9971e-02, PNorm = 110.7731, GNorm = 0.5702, lr_0 = 8.1751e-04
Loss = 2.6048e-02, PNorm = 110.7911, GNorm = 0.7376, lr_0 = 8.1719e-04
Loss = 2.7555e-02, PNorm = 110.8042, GNorm = 0.6928, lr_0 = 8.1688e-04
Loss = 2.7314e-02, PNorm = 110.8244, GNorm = 0.5067, lr_0 = 8.1656e-04
Loss = 2.8853e-02, PNorm = 110.8460, GNorm = 0.9488, lr_0 = 8.1625e-04
Loss = 2.5990e-02, PNorm = 110.8616, GNorm = 0.6485, lr_0 = 8.1594e-04
Loss = 3.1865e-02, PNorm = 110.8745, GNorm = 0.8700, lr_0 = 8.1562e-04
Loss = 3.1865e-02, PNorm = 110.8864, GNorm = 0.7077, lr_0 = 8.1531e-04
Loss = 3.1071e-02, PNorm = 110.9016, GNorm = 0.3783, lr_0 = 8.1499e-04
Loss = 2.6281e-02, PNorm = 110.9145, GNorm = 0.5914, lr_0 = 8.1468e-04
Loss = 2.9812e-02, PNorm = 110.9304, GNorm = 0.7281, lr_0 = 8.1437e-04
Loss = 2.8845e-02, PNorm = 110.9470, GNorm = 1.1161, lr_0 = 8.1405e-04
Loss = 2.7869e-02, PNorm = 110.9635, GNorm = 1.0078, lr_0 = 8.1374e-04
Loss = 2.4153e-02, PNorm = 110.9797, GNorm = 0.7018, lr_0 = 8.1343e-04
Loss = 2.7055e-02, PNorm = 110.9913, GNorm = 0.5401, lr_0 = 8.1312e-04
Loss = 2.2753e-02, PNorm = 111.0042, GNorm = 0.4340, lr_0 = 8.1280e-04
Loss = 2.5937e-02, PNorm = 111.0173, GNorm = 0.6671, lr_0 = 8.1249e-04
Loss = 3.4376e-02, PNorm = 111.0304, GNorm = 0.5085, lr_0 = 8.1218e-04
Loss = 2.6048e-02, PNorm = 111.0420, GNorm = 0.8480, lr_0 = 8.1187e-04
Loss = 2.7246e-02, PNorm = 111.0551, GNorm = 0.5297, lr_0 = 8.1155e-04
Loss = 2.6147e-02, PNorm = 111.0703, GNorm = 0.3362, lr_0 = 8.1124e-04
Loss = 2.8183e-02, PNorm = 111.0843, GNorm = 0.7273, lr_0 = 8.1093e-04
Loss = 2.4321e-02, PNorm = 111.0987, GNorm = 0.5657, lr_0 = 8.1062e-04
Loss = 2.3842e-02, PNorm = 111.1120, GNorm = 0.3809, lr_0 = 8.1031e-04
Loss = 2.7464e-02, PNorm = 111.1269, GNorm = 0.4445, lr_0 = 8.0999e-04
Loss = 2.6115e-02, PNorm = 111.1391, GNorm = 0.7920, lr_0 = 8.0968e-04
Loss = 2.9746e-02, PNorm = 111.1476, GNorm = 1.0269, lr_0 = 8.0937e-04
Loss = 2.5138e-02, PNorm = 111.1592, GNorm = 0.3564, lr_0 = 8.0906e-04
Loss = 2.6603e-02, PNorm = 111.1746, GNorm = 0.5460, lr_0 = 8.0875e-04
Loss = 3.0939e-02, PNorm = 111.1885, GNorm = 0.4150, lr_0 = 8.0844e-04
Loss = 2.4981e-02, PNorm = 111.2065, GNorm = 1.5036, lr_0 = 8.0813e-04
Loss = 2.6819e-02, PNorm = 111.2178, GNorm = 0.3593, lr_0 = 8.0782e-04
Loss = 3.5467e-02, PNorm = 111.2296, GNorm = 0.4697, lr_0 = 8.0751e-04
Loss = 2.8199e-02, PNorm = 111.2485, GNorm = 1.0833, lr_0 = 8.0720e-04
Loss = 2.7369e-02, PNorm = 111.2639, GNorm = 0.8704, lr_0 = 8.0689e-04
Loss = 2.8883e-02, PNorm = 111.2755, GNorm = 0.5940, lr_0 = 8.0657e-04
Loss = 2.6690e-02, PNorm = 111.2870, GNorm = 0.9118, lr_0 = 8.0626e-04
Loss = 2.5248e-02, PNorm = 111.2995, GNorm = 0.4210, lr_0 = 8.0595e-04
Loss = 2.7594e-02, PNorm = 111.3175, GNorm = 0.5104, lr_0 = 8.0564e-04
Loss = 2.8495e-02, PNorm = 111.3354, GNorm = 0.5156, lr_0 = 8.0533e-04
Loss = 2.9398e-02, PNorm = 111.3523, GNorm = 0.4397, lr_0 = 8.0503e-04
Loss = 2.9879e-02, PNorm = 111.3665, GNorm = 0.5518, lr_0 = 8.0472e-04
Loss = 2.5572e-02, PNorm = 111.3791, GNorm = 0.5146, lr_0 = 8.0441e-04
Loss = 2.8253e-02, PNorm = 111.3928, GNorm = 0.4366, lr_0 = 8.0410e-04
Loss = 2.6953e-02, PNorm = 111.4074, GNorm = 0.8927, lr_0 = 8.0379e-04
Loss = 2.7172e-02, PNorm = 111.4194, GNorm = 0.6282, lr_0 = 8.0348e-04
Loss = 3.5962e-02, PNorm = 111.4347, GNorm = 0.5959, lr_0 = 8.0317e-04
Loss = 2.9488e-02, PNorm = 111.4546, GNorm = 0.4311, lr_0 = 8.0286e-04
Loss = 2.5969e-02, PNorm = 111.4702, GNorm = 0.6195, lr_0 = 8.0255e-04
Loss = 2.7669e-02, PNorm = 111.4879, GNorm = 1.1891, lr_0 = 8.0224e-04
Loss = 2.6792e-02, PNorm = 111.5078, GNorm = 0.5468, lr_0 = 8.0193e-04
Loss = 2.8288e-02, PNorm = 111.5223, GNorm = 0.4495, lr_0 = 8.0163e-04
Loss = 2.8059e-02, PNorm = 111.5381, GNorm = 0.2737, lr_0 = 8.0132e-04
Loss = 2.3041e-02, PNorm = 111.5535, GNorm = 0.7343, lr_0 = 8.0101e-04
Loss = 2.3961e-02, PNorm = 111.5689, GNorm = 0.3744, lr_0 = 8.0070e-04
Loss = 2.1412e-02, PNorm = 111.5843, GNorm = 0.5435, lr_0 = 8.0039e-04
Loss = 2.3750e-02, PNorm = 111.5945, GNorm = 0.5292, lr_0 = 8.0009e-04
Loss = 2.6455e-02, PNorm = 111.6073, GNorm = 0.7251, lr_0 = 7.9978e-04
Loss = 2.7339e-02, PNorm = 111.6179, GNorm = 0.5142, lr_0 = 7.9947e-04
Loss = 2.9263e-02, PNorm = 111.6294, GNorm = 0.6693, lr_0 = 7.9916e-04
Loss = 2.7653e-02, PNorm = 111.6380, GNorm = 0.3803, lr_0 = 7.9886e-04
Loss = 2.6532e-02, PNorm = 111.6466, GNorm = 0.7561, lr_0 = 7.9855e-04
Loss = 2.8151e-02, PNorm = 111.6611, GNorm = 0.8470, lr_0 = 7.9824e-04
Loss = 3.2389e-02, PNorm = 111.6785, GNorm = 0.6351, lr_0 = 7.9794e-04
Loss = 2.8078e-02, PNorm = 111.6949, GNorm = 1.2435, lr_0 = 7.9763e-04
Loss = 3.6614e-02, PNorm = 111.7127, GNorm = 0.8121, lr_0 = 7.9732e-04
Loss = 3.3074e-02, PNorm = 111.7251, GNorm = 0.8286, lr_0 = 7.9702e-04
Loss = 2.7858e-02, PNorm = 111.7416, GNorm = 0.4352, lr_0 = 7.9671e-04
Loss = 2.4371e-02, PNorm = 111.7548, GNorm = 0.8664, lr_0 = 7.9640e-04
Loss = 3.3823e-02, PNorm = 111.7675, GNorm = 1.4811, lr_0 = 7.9610e-04
Loss = 2.7493e-02, PNorm = 111.7856, GNorm = 1.2055, lr_0 = 7.9579e-04
Loss = 2.9152e-02, PNorm = 111.8053, GNorm = 0.6138, lr_0 = 7.9548e-04
Loss = 2.7018e-02, PNorm = 111.8221, GNorm = 0.8432, lr_0 = 7.9518e-04
Loss = 2.6556e-02, PNorm = 111.8369, GNorm = 0.4495, lr_0 = 7.9487e-04
Loss = 2.7122e-02, PNorm = 111.8487, GNorm = 0.6182, lr_0 = 7.9457e-04
Loss = 2.5546e-02, PNorm = 111.8628, GNorm = 1.2037, lr_0 = 7.9426e-04
Loss = 3.3232e-02, PNorm = 111.8797, GNorm = 0.4059, lr_0 = 7.9396e-04
Loss = 2.6485e-02, PNorm = 111.8904, GNorm = 0.4402, lr_0 = 7.9365e-04
Loss = 2.5188e-02, PNorm = 111.9024, GNorm = 0.7815, lr_0 = 7.9335e-04
Loss = 2.9483e-02, PNorm = 111.9157, GNorm = 0.6169, lr_0 = 7.9304e-04
Loss = 2.5777e-02, PNorm = 111.9263, GNorm = 0.7800, lr_0 = 7.9274e-04
Loss = 2.8743e-02, PNorm = 111.9362, GNorm = 0.6480, lr_0 = 7.9243e-04
Loss = 3.7371e-02, PNorm = 111.9483, GNorm = 0.7114, lr_0 = 7.9213e-04
Loss = 2.9333e-02, PNorm = 111.9582, GNorm = 0.8687, lr_0 = 7.9182e-04
Loss = 4.1156e-02, PNorm = 111.9755, GNorm = 0.9127, lr_0 = 7.9152e-04
Loss = 3.8995e-02, PNorm = 111.9964, GNorm = 1.0054, lr_0 = 7.9121e-04
Loss = 2.7295e-02, PNorm = 112.0172, GNorm = 0.4089, lr_0 = 7.9091e-04
Loss = 3.3429e-02, PNorm = 112.0314, GNorm = 0.4635, lr_0 = 7.9060e-04
Loss = 2.8281e-02, PNorm = 112.0436, GNorm = 0.5337, lr_0 = 7.9030e-04
Loss = 2.5870e-02, PNorm = 112.0563, GNorm = 0.4434, lr_0 = 7.9000e-04
Loss = 3.0382e-02, PNorm = 112.0713, GNorm = 0.4050, lr_0 = 7.8969e-04
Loss = 2.6633e-02, PNorm = 112.0871, GNorm = 0.5420, lr_0 = 7.8939e-04
Loss = 2.4078e-02, PNorm = 112.0995, GNorm = 0.7346, lr_0 = 7.8908e-04
Loss = 2.6835e-02, PNorm = 112.1101, GNorm = 0.4270, lr_0 = 7.8878e-04
Loss = 2.5538e-02, PNorm = 112.1232, GNorm = 0.7661, lr_0 = 7.8848e-04
Loss = 2.6062e-02, PNorm = 112.1348, GNorm = 0.6224, lr_0 = 7.8817e-04
Loss = 2.7808e-02, PNorm = 112.1477, GNorm = 1.1333, lr_0 = 7.8787e-04
Loss = 2.9004e-02, PNorm = 112.1609, GNorm = 0.6287, lr_0 = 7.8757e-04
Loss = 2.6460e-02, PNorm = 112.1719, GNorm = 0.2654, lr_0 = 7.8727e-04
Loss = 2.5174e-02, PNorm = 112.1877, GNorm = 0.8192, lr_0 = 7.8696e-04
Loss = 2.9131e-02, PNorm = 112.2021, GNorm = 0.4484, lr_0 = 7.8666e-04
Loss = 2.7204e-02, PNorm = 112.2168, GNorm = 0.8490, lr_0 = 7.8636e-04
Loss = 2.9037e-02, PNorm = 112.2308, GNorm = 0.7743, lr_0 = 7.8606e-04
Loss = 2.5300e-02, PNorm = 112.2387, GNorm = 0.6678, lr_0 = 7.8575e-04
Loss = 3.0511e-02, PNorm = 112.2518, GNorm = 0.3396, lr_0 = 7.8545e-04
Loss = 2.9965e-02, PNorm = 112.2701, GNorm = 1.0237, lr_0 = 7.8515e-04
Loss = 2.4192e-02, PNorm = 112.2842, GNorm = 0.7110, lr_0 = 7.8485e-04
Loss = 2.8702e-02, PNorm = 112.2951, GNorm = 0.4489, lr_0 = 7.8455e-04
Loss = 2.5596e-02, PNorm = 112.3067, GNorm = 0.4187, lr_0 = 7.8424e-04
Loss = 3.1373e-02, PNorm = 112.3174, GNorm = 0.7272, lr_0 = 7.8394e-04
Loss = 2.4607e-02, PNorm = 112.3287, GNorm = 0.5636, lr_0 = 7.8364e-04
Loss = 2.2576e-02, PNorm = 112.3408, GNorm = 1.3649, lr_0 = 7.8334e-04
Loss = 2.6491e-02, PNorm = 112.3541, GNorm = 0.4760, lr_0 = 7.8304e-04
Loss = 3.0198e-02, PNorm = 112.3670, GNorm = 0.4892, lr_0 = 7.8274e-04
Loss = 3.4724e-02, PNorm = 112.3800, GNorm = 0.9581, lr_0 = 7.8244e-04
Loss = 2.8829e-02, PNorm = 112.3882, GNorm = 0.4806, lr_0 = 7.8214e-04
Loss = 2.5541e-02, PNorm = 112.3968, GNorm = 0.7463, lr_0 = 7.8183e-04
Loss = 2.5889e-02, PNorm = 112.4065, GNorm = 0.5206, lr_0 = 7.8153e-04
Loss = 4.4063e-02, PNorm = 112.4189, GNorm = 0.8759, lr_0 = 7.8123e-04
Loss = 3.7515e-02, PNorm = 112.4370, GNorm = 3.3036, lr_0 = 7.8093e-04
Loss = 3.0963e-02, PNorm = 112.4577, GNorm = 0.7577, lr_0 = 7.8063e-04
Loss = 2.7633e-02, PNorm = 112.4769, GNorm = 0.3595, lr_0 = 7.8033e-04
Loss = 2.5195e-02, PNorm = 112.4921, GNorm = 0.3433, lr_0 = 7.8003e-04
Loss = 2.6096e-02, PNorm = 112.5035, GNorm = 1.7106, lr_0 = 7.7973e-04
Loss = 2.6999e-02, PNorm = 112.5163, GNorm = 0.5760, lr_0 = 7.7943e-04
Loss = 2.4699e-02, PNorm = 112.5303, GNorm = 0.3243, lr_0 = 7.7913e-04
Loss = 2.3849e-02, PNorm = 112.5435, GNorm = 0.3796, lr_0 = 7.7883e-04
Loss = 2.4534e-02, PNorm = 112.5534, GNorm = 0.6381, lr_0 = 7.7853e-04
Loss = 2.1034e-02, PNorm = 112.5651, GNorm = 0.5353, lr_0 = 7.7823e-04
Loss = 2.4965e-02, PNorm = 112.5763, GNorm = 0.4416, lr_0 = 7.7794e-04
Loss = 2.5314e-02, PNorm = 112.5872, GNorm = 0.3098, lr_0 = 7.7764e-04
Loss = 2.3360e-02, PNorm = 112.5981, GNorm = 0.6818, lr_0 = 7.7734e-04
Loss = 2.1306e-02, PNorm = 112.6082, GNorm = 0.3399, lr_0 = 7.7704e-04
Loss = 2.3704e-02, PNorm = 112.6158, GNorm = 0.7573, lr_0 = 7.7674e-04
Loss = 2.2136e-02, PNorm = 112.6255, GNorm = 0.9096, lr_0 = 7.7644e-04
Loss = 2.3483e-02, PNorm = 112.6371, GNorm = 0.5785, lr_0 = 7.7614e-04
Loss = 3.1820e-02, PNorm = 112.6472, GNorm = 0.9049, lr_0 = 7.7584e-04
Loss = 2.5815e-02, PNorm = 112.6604, GNorm = 0.4512, lr_0 = 7.7555e-04
Loss = 2.0761e-02, PNorm = 112.6776, GNorm = 0.4749, lr_0 = 7.7525e-04
Loss = 2.2781e-02, PNorm = 112.6906, GNorm = 0.6541, lr_0 = 7.7495e-04
Loss = 2.7392e-02, PNorm = 112.7074, GNorm = 0.3851, lr_0 = 7.7465e-04
Loss = 2.5901e-02, PNorm = 112.7232, GNorm = 0.3684, lr_0 = 7.7435e-04
Loss = 2.4273e-02, PNorm = 112.7362, GNorm = 0.7099, lr_0 = 7.7406e-04
Loss = 3.1572e-02, PNorm = 112.7469, GNorm = 0.5696, lr_0 = 7.7376e-04
Loss = 2.1984e-02, PNorm = 112.7544, GNorm = 0.5852, lr_0 = 7.7346e-04
Loss = 2.3505e-02, PNorm = 112.7648, GNorm = 0.4945, lr_0 = 7.7316e-04
Loss = 2.1929e-02, PNorm = 112.7733, GNorm = 0.3716, lr_0 = 7.7287e-04
Loss = 2.2431e-02, PNorm = 112.7803, GNorm = 0.3082, lr_0 = 7.7257e-04
Loss = 2.0861e-02, PNorm = 112.7895, GNorm = 1.0296, lr_0 = 7.7227e-04
Loss = 1.9762e-02, PNorm = 112.7975, GNorm = 0.8281, lr_0 = 7.7197e-04
Loss = 2.4777e-02, PNorm = 112.8087, GNorm = 0.4685, lr_0 = 7.7168e-04
Loss = 2.4386e-02, PNorm = 112.8180, GNorm = 0.7375, lr_0 = 7.7138e-04
Loss = 2.6966e-02, PNorm = 112.8316, GNorm = 0.7245, lr_0 = 7.7108e-04
Loss = 2.4621e-02, PNorm = 112.8480, GNorm = 1.1220, lr_0 = 7.7079e-04
Loss = 2.6150e-02, PNorm = 112.8561, GNorm = 0.9108, lr_0 = 7.7049e-04
Loss = 2.8736e-02, PNorm = 112.8648, GNorm = 0.5254, lr_0 = 7.7019e-04
Loss = 2.6768e-02, PNorm = 112.8769, GNorm = 0.8892, lr_0 = 7.6990e-04
Loss = 2.3929e-02, PNorm = 112.8902, GNorm = 0.4638, lr_0 = 7.6960e-04
Loss = 2.6677e-02, PNorm = 112.9067, GNorm = 0.8626, lr_0 = 7.6931e-04
Loss = 2.2161e-02, PNorm = 112.9260, GNorm = 0.6149, lr_0 = 7.6901e-04
Loss = 2.6191e-02, PNorm = 112.9435, GNorm = 0.4802, lr_0 = 7.6871e-04
Loss = 2.3111e-02, PNorm = 112.9571, GNorm = 0.8985, lr_0 = 7.6842e-04
Loss = 2.4710e-02, PNorm = 112.9688, GNorm = 1.3885, lr_0 = 7.6812e-04
Loss = 2.8134e-02, PNorm = 112.9840, GNorm = 0.8109, lr_0 = 7.6783e-04
Loss = 2.0081e-02, PNorm = 112.9999, GNorm = 0.2341, lr_0 = 7.6753e-04
Loss = 2.0316e-02, PNorm = 113.0124, GNorm = 0.6045, lr_0 = 7.6724e-04
Loss = 2.7239e-02, PNorm = 113.0268, GNorm = 0.3697, lr_0 = 7.6694e-04
Loss = 2.1864e-02, PNorm = 113.0409, GNorm = 0.8222, lr_0 = 7.6665e-04
Loss = 2.7675e-02, PNorm = 113.0553, GNorm = 0.4501, lr_0 = 7.6635e-04
Loss = 2.1804e-02, PNorm = 113.0695, GNorm = 0.3880, lr_0 = 7.6606e-04
Loss = 1.9128e-02, PNorm = 113.0819, GNorm = 0.5537, lr_0 = 7.6576e-04
Loss = 2.9823e-02, PNorm = 113.0933, GNorm = 0.5382, lr_0 = 7.6547e-04
Loss = 2.3485e-02, PNorm = 113.1057, GNorm = 0.4174, lr_0 = 7.6518e-04
Loss = 1.9301e-02, PNorm = 113.1172, GNorm = 1.8249, lr_0 = 7.6488e-04
Loss = 2.6813e-02, PNorm = 113.1300, GNorm = 0.2411, lr_0 = 7.6459e-04
Loss = 2.1844e-02, PNorm = 113.1437, GNorm = 0.4416, lr_0 = 7.6429e-04
Loss = 2.1476e-02, PNorm = 113.1581, GNorm = 0.7381, lr_0 = 7.6400e-04
Loss = 3.0551e-02, PNorm = 113.1735, GNorm = 0.4113, lr_0 = 7.6371e-04
Loss = 2.8376e-02, PNorm = 113.1940, GNorm = 0.7253, lr_0 = 7.6341e-04
Loss = 2.6089e-02, PNorm = 113.2065, GNorm = 0.4754, lr_0 = 7.6312e-04
Loss = 2.8806e-02, PNorm = 113.2184, GNorm = 0.6569, lr_0 = 7.6282e-04
Loss = 2.3783e-02, PNorm = 113.2298, GNorm = 0.4165, lr_0 = 7.6253e-04
Loss = 2.4005e-02, PNorm = 113.2430, GNorm = 0.4270, lr_0 = 7.6224e-04
Loss = 2.2500e-02, PNorm = 113.2548, GNorm = 0.5308, lr_0 = 7.6194e-04
Loss = 6.3459e-02, PNorm = 113.2691, GNorm = 0.8933, lr_0 = 7.6165e-04
Loss = 4.2962e-02, PNorm = 113.2946, GNorm = 1.1900, lr_0 = 7.6136e-04
Loss = 3.4091e-02, PNorm = 113.3163, GNorm = 0.4504, lr_0 = 7.6107e-04
Loss = 4.6390e-02, PNorm = 113.3374, GNorm = 1.2859, lr_0 = 7.6077e-04
Loss = 3.5702e-02, PNorm = 113.3597, GNorm = 0.7839, lr_0 = 7.6048e-04
Loss = 4.2235e-02, PNorm = 113.3883, GNorm = 1.1898, lr_0 = 7.6019e-04
Loss = 3.7631e-02, PNorm = 113.4140, GNorm = 0.7868, lr_0 = 7.5990e-04
Loss = 3.9905e-02, PNorm = 113.4319, GNorm = 0.8372, lr_0 = 7.5960e-04
Loss = 3.0383e-02, PNorm = 113.4498, GNorm = 1.5774, lr_0 = 7.5931e-04
Loss = 3.5131e-02, PNorm = 113.4696, GNorm = 0.4671, lr_0 = 7.5902e-04
Loss = 3.7871e-02, PNorm = 113.4912, GNorm = 0.6402, lr_0 = 7.5873e-04
Loss = 3.6986e-02, PNorm = 113.5177, GNorm = 0.8929, lr_0 = 7.5844e-04
Loss = 2.9424e-02, PNorm = 113.5386, GNorm = 0.6981, lr_0 = 7.5814e-04
Loss = 3.7073e-02, PNorm = 113.5512, GNorm = 0.4471, lr_0 = 7.5785e-04
Loss = 3.5085e-02, PNorm = 113.5629, GNorm = 1.3197, lr_0 = 7.5756e-04
Loss = 3.8407e-02, PNorm = 113.5754, GNorm = 2.5387, lr_0 = 7.5727e-04
Loss = 3.0655e-02, PNorm = 113.5867, GNorm = 1.3137, lr_0 = 7.5698e-04
Loss = 3.4230e-02, PNorm = 113.6028, GNorm = 1.1670, lr_0 = 7.5669e-04
Loss = 3.1125e-02, PNorm = 113.6172, GNorm = 1.0108, lr_0 = 7.5640e-04
Loss = 3.1297e-02, PNorm = 113.6300, GNorm = 0.4088, lr_0 = 7.5611e-04
Loss = 3.3837e-02, PNorm = 113.6442, GNorm = 0.6274, lr_0 = 7.5582e-04
Loss = 2.7872e-02, PNorm = 113.6619, GNorm = 0.5301, lr_0 = 7.5552e-04
Loss = 2.6066e-02, PNorm = 113.6790, GNorm = 0.3233, lr_0 = 7.5523e-04
Loss = 2.3298e-02, PNorm = 113.6951, GNorm = 0.7252, lr_0 = 7.5494e-04
Loss = 2.4010e-02, PNorm = 113.7061, GNorm = 0.4954, lr_0 = 7.5465e-04
Loss = 2.3523e-02, PNorm = 113.7140, GNorm = 0.6699, lr_0 = 7.5436e-04
Loss = 2.3020e-02, PNorm = 113.7225, GNorm = 0.6116, lr_0 = 7.5407e-04
Loss = 2.2994e-02, PNorm = 113.7334, GNorm = 0.5396, lr_0 = 7.5378e-04
Loss = 2.7695e-02, PNorm = 113.7465, GNorm = 0.4472, lr_0 = 7.5349e-04
Loss = 2.4429e-02, PNorm = 113.7597, GNorm = 1.7332, lr_0 = 7.5320e-04
Loss = 2.5801e-02, PNorm = 113.7706, GNorm = 1.0925, lr_0 = 7.5291e-04
Loss = 2.9173e-02, PNorm = 113.7823, GNorm = 0.8501, lr_0 = 7.5262e-04
Loss = 2.6042e-02, PNorm = 113.7978, GNorm = 0.7366, lr_0 = 7.5234e-04
Loss = 2.7237e-02, PNorm = 113.8125, GNorm = 1.7723, lr_0 = 7.5205e-04
Loss = 3.0123e-02, PNorm = 113.8238, GNorm = 0.8267, lr_0 = 7.5176e-04
Loss = 2.6076e-02, PNorm = 113.8331, GNorm = 0.9392, lr_0 = 7.5147e-04
Loss = 2.3076e-02, PNorm = 113.8432, GNorm = 0.6402, lr_0 = 7.5118e-04
Loss = 2.3111e-02, PNorm = 113.8534, GNorm = 0.4422, lr_0 = 7.5089e-04
Loss = 2.5103e-02, PNorm = 113.8646, GNorm = 1.2099, lr_0 = 7.5060e-04
Loss = 2.0574e-02, PNorm = 113.8780, GNorm = 0.3697, lr_0 = 7.5031e-04
Loss = 2.1238e-02, PNorm = 113.8898, GNorm = 0.5004, lr_0 = 7.5002e-04
Loss = 2.4553e-02, PNorm = 113.9028, GNorm = 0.6621, lr_0 = 7.4974e-04
Loss = 2.7572e-02, PNorm = 113.9157, GNorm = 0.9212, lr_0 = 7.4945e-04
Loss = 2.9727e-02, PNorm = 113.9269, GNorm = 1.4586, lr_0 = 7.4916e-04
Loss = 1.8344e-02, PNorm = 113.9377, GNorm = 0.5465, lr_0 = 7.4887e-04
Loss = 2.3487e-02, PNorm = 113.9450, GNorm = 0.4850, lr_0 = 7.4858e-04
Loss = 2.2003e-02, PNorm = 113.9539, GNorm = 0.4098, lr_0 = 7.4830e-04
Loss = 2.3622e-02, PNorm = 113.9657, GNorm = 0.3866, lr_0 = 7.4801e-04
Loss = 2.4706e-02, PNorm = 113.9806, GNorm = 0.3508, lr_0 = 7.4772e-04
Loss = 2.1959e-02, PNorm = 113.9960, GNorm = 0.4814, lr_0 = 7.4743e-04
Loss = 2.4518e-02, PNorm = 114.0096, GNorm = 0.7770, lr_0 = 7.4714e-04
Loss = 2.4890e-02, PNorm = 114.0210, GNorm = 0.5833, lr_0 = 7.4686e-04
Loss = 2.4291e-02, PNorm = 114.0307, GNorm = 0.4524, lr_0 = 7.4657e-04
Loss = 2.8644e-02, PNorm = 114.0397, GNorm = 0.6936, lr_0 = 7.4628e-04
Loss = 2.0786e-02, PNorm = 114.0494, GNorm = 0.6359, lr_0 = 7.4600e-04
Loss = 2.7979e-02, PNorm = 114.0619, GNorm = 0.8838, lr_0 = 7.4571e-04
Loss = 3.3223e-02, PNorm = 114.0727, GNorm = 0.5392, lr_0 = 7.4542e-04
Loss = 2.2556e-02, PNorm = 114.0805, GNorm = 0.5774, lr_0 = 7.4514e-04
Loss = 2.6103e-02, PNorm = 114.0920, GNorm = 0.7333, lr_0 = 7.4485e-04
Loss = 3.0661e-02, PNorm = 114.1045, GNorm = 0.4120, lr_0 = 7.4456e-04
Loss = 2.7622e-02, PNorm = 114.1163, GNorm = 0.4943, lr_0 = 7.4428e-04
Loss = 2.0924e-02, PNorm = 114.1295, GNorm = 0.5945, lr_0 = 7.4399e-04
Loss = 2.4819e-02, PNorm = 114.1433, GNorm = 0.5308, lr_0 = 7.4370e-04
Loss = 1.9606e-02, PNorm = 114.1531, GNorm = 0.3643, lr_0 = 7.4342e-04
Loss = 2.0253e-02, PNorm = 114.1601, GNorm = 0.5374, lr_0 = 7.4313e-04
Loss = 1.7016e-02, PNorm = 114.1680, GNorm = 0.2450, lr_0 = 7.4285e-04
Loss = 2.0666e-02, PNorm = 114.1791, GNorm = 0.5703, lr_0 = 7.4256e-04
Loss = 1.9415e-02, PNorm = 114.1920, GNorm = 0.5493, lr_0 = 7.4228e-04
Loss = 2.0975e-02, PNorm = 114.2053, GNorm = 0.4963, lr_0 = 7.4199e-04
Loss = 2.2971e-02, PNorm = 114.2135, GNorm = 0.4153, lr_0 = 7.4170e-04
Loss = 2.2705e-02, PNorm = 114.2197, GNorm = 1.1744, lr_0 = 7.4142e-04
Loss = 2.8180e-02, PNorm = 114.2303, GNorm = 1.5952, lr_0 = 7.4113e-04
Loss = 2.2644e-02, PNorm = 114.2419, GNorm = 0.5749, lr_0 = 7.4085e-04
Loss = 1.9450e-02, PNorm = 114.2541, GNorm = 0.6594, lr_0 = 7.4056e-04
Loss = 2.1091e-02, PNorm = 114.2632, GNorm = 0.3743, lr_0 = 7.4028e-04
Loss = 2.3351e-02, PNorm = 114.2727, GNorm = 0.5004, lr_0 = 7.4000e-04
Loss = 2.0859e-02, PNorm = 114.2837, GNorm = 0.6558, lr_0 = 7.3971e-04
Loss = 2.1339e-02, PNorm = 114.2954, GNorm = 0.5119, lr_0 = 7.3943e-04
Loss = 2.4520e-02, PNorm = 114.3111, GNorm = 1.2018, lr_0 = 7.3914e-04
Loss = 2.2662e-02, PNorm = 114.3215, GNorm = 0.4335, lr_0 = 7.3886e-04
Loss = 2.0862e-02, PNorm = 114.3288, GNorm = 0.5755, lr_0 = 7.3857e-04
Loss = 2.2975e-02, PNorm = 114.3369, GNorm = 0.9653, lr_0 = 7.3829e-04
Loss = 2.9174e-02, PNorm = 114.3499, GNorm = 0.6194, lr_0 = 7.3801e-04
Loss = 2.5320e-02, PNorm = 114.3676, GNorm = 0.5749, lr_0 = 7.3772e-04
Loss = 2.1198e-02, PNorm = 114.3840, GNorm = 0.6042, lr_0 = 7.3744e-04
Loss = 2.6113e-02, PNorm = 114.3968, GNorm = 0.3021, lr_0 = 7.3715e-04
Loss = 2.5074e-02, PNorm = 114.4063, GNorm = 0.8989, lr_0 = 7.3687e-04
Loss = 2.5031e-02, PNorm = 114.4170, GNorm = 0.9319, lr_0 = 7.3659e-04
Loss = 2.9619e-02, PNorm = 114.4261, GNorm = 0.5283, lr_0 = 7.3630e-04
Loss = 2.1871e-02, PNorm = 114.4380, GNorm = 0.4874, lr_0 = 7.3602e-04
Loss = 2.3800e-02, PNorm = 114.4524, GNorm = 1.1137, lr_0 = 7.3574e-04
Loss = 2.4086e-02, PNorm = 114.4689, GNorm = 0.2687, lr_0 = 7.3546e-04
Loss = 2.3111e-02, PNorm = 114.4826, GNorm = 1.1081, lr_0 = 7.3517e-04
Loss = 2.7259e-02, PNorm = 114.4928, GNorm = 0.6891, lr_0 = 7.3489e-04
Loss = 2.1731e-02, PNorm = 114.5047, GNorm = 0.4009, lr_0 = 7.3461e-04
Loss = 2.6716e-02, PNorm = 114.5176, GNorm = 0.8998, lr_0 = 7.3432e-04
Loss = 2.1923e-02, PNorm = 114.5285, GNorm = 0.4873, lr_0 = 7.3404e-04
Loss = 2.1924e-02, PNorm = 114.5415, GNorm = 0.8456, lr_0 = 7.3376e-04
Loss = 2.4223e-02, PNorm = 114.5549, GNorm = 0.5883, lr_0 = 7.3348e-04
Loss = 2.0025e-02, PNorm = 114.5660, GNorm = 0.4548, lr_0 = 7.3320e-04
Loss = 3.7692e-02, PNorm = 114.5767, GNorm = 2.9116, lr_0 = 7.3291e-04
Loss = 3.1679e-02, PNorm = 114.5854, GNorm = 0.6398, lr_0 = 7.3263e-04
Loss = 2.2103e-02, PNorm = 114.5935, GNorm = 0.7926, lr_0 = 7.3235e-04
Loss = 2.5333e-02, PNorm = 114.6057, GNorm = 0.5067, lr_0 = 7.3207e-04
Loss = 2.5506e-02, PNorm = 114.6191, GNorm = 0.3944, lr_0 = 7.3179e-04
Loss = 2.5578e-02, PNorm = 114.6309, GNorm = 0.6655, lr_0 = 7.3151e-04
Loss = 2.7266e-02, PNorm = 114.6427, GNorm = 0.4514, lr_0 = 7.3122e-04
Loss = 2.2338e-02, PNorm = 114.6519, GNorm = 1.0410, lr_0 = 7.3094e-04
Loss = 2.2149e-02, PNorm = 114.6605, GNorm = 0.4580, lr_0 = 7.3066e-04
Loss = 1.9969e-02, PNorm = 114.6709, GNorm = 0.3815, lr_0 = 7.3038e-04
Loss = 2.6726e-02, PNorm = 114.6773, GNorm = 0.6116, lr_0 = 7.3010e-04
Loss = 2.3508e-02, PNorm = 114.6863, GNorm = 0.6435, lr_0 = 7.2982e-04
Loss = 2.5267e-02, PNorm = 114.6984, GNorm = 0.6142, lr_0 = 7.2954e-04
Loss = 2.1561e-02, PNorm = 114.7076, GNorm = 0.4367, lr_0 = 7.2926e-04
Loss = 1.9924e-02, PNorm = 114.7172, GNorm = 0.6613, lr_0 = 7.2898e-04
Loss = 2.3276e-02, PNorm = 114.7276, GNorm = 0.4229, lr_0 = 7.2870e-04
Loss = 2.2383e-02, PNorm = 114.7403, GNorm = 0.4656, lr_0 = 7.2842e-04
Loss = 2.4874e-02, PNorm = 114.7552, GNorm = 0.7141, lr_0 = 7.2814e-04
Loss = 2.6045e-02, PNorm = 114.7672, GNorm = 0.7274, lr_0 = 7.2786e-04
Loss = 2.0877e-02, PNorm = 114.7772, GNorm = 0.3892, lr_0 = 7.2758e-04
Loss = 2.1138e-02, PNorm = 114.7889, GNorm = 0.4113, lr_0 = 7.2730e-04
Loss = 2.5122e-02, PNorm = 114.7993, GNorm = 0.7734, lr_0 = 7.2702e-04
Loss = 2.4699e-02, PNorm = 114.8130, GNorm = 1.3057, lr_0 = 7.2674e-04
Loss = 2.5067e-02, PNorm = 114.8253, GNorm = 0.8408, lr_0 = 7.2646e-04
Loss = 2.1019e-02, PNorm = 114.8353, GNorm = 0.5319, lr_0 = 7.2618e-04
Loss = 2.2297e-02, PNorm = 114.8449, GNorm = 0.5850, lr_0 = 7.2590e-04
Loss = 2.4709e-02, PNorm = 114.8565, GNorm = 0.4375, lr_0 = 7.2562e-04
Loss = 2.5615e-02, PNorm = 114.8693, GNorm = 0.4571, lr_0 = 7.2534e-04
Loss = 2.9377e-02, PNorm = 114.8793, GNorm = 0.7087, lr_0 = 7.2506e-04
Loss = 2.7208e-02, PNorm = 114.8938, GNorm = 0.6530, lr_0 = 7.2478e-04
Loss = 2.2570e-02, PNorm = 114.9071, GNorm = 0.8027, lr_0 = 7.2451e-04
Loss = 2.3627e-02, PNorm = 114.9178, GNorm = 0.7857, lr_0 = 7.2423e-04
Loss = 2.2747e-02, PNorm = 114.9283, GNorm = 0.4223, lr_0 = 7.2395e-04
Loss = 2.6769e-02, PNorm = 114.9408, GNorm = 1.3781, lr_0 = 7.2367e-04
Loss = 2.4128e-02, PNorm = 114.9523, GNorm = 0.4396, lr_0 = 7.2339e-04
Loss = 2.2152e-02, PNorm = 114.9621, GNorm = 0.7322, lr_0 = 7.2311e-04
Loss = 2.3261e-02, PNorm = 114.9731, GNorm = 3.5566, lr_0 = 7.2284e-04
Loss = 2.6023e-02, PNorm = 114.9834, GNorm = 0.9931, lr_0 = 7.2256e-04
Loss = 2.6334e-02, PNorm = 114.9938, GNorm = 1.2942, lr_0 = 7.2228e-04
Loss = 2.1749e-02, PNorm = 115.0009, GNorm = 0.4422, lr_0 = 7.2200e-04
Loss = 2.2679e-02, PNorm = 115.0078, GNorm = 1.1724, lr_0 = 7.2173e-04
Loss = 2.2410e-02, PNorm = 115.0188, GNorm = 0.7578, lr_0 = 7.2145e-04
Loss = 2.1298e-02, PNorm = 115.0319, GNorm = 0.4598, lr_0 = 7.2117e-04
Loss = 2.1648e-02, PNorm = 115.0404, GNorm = 0.4838, lr_0 = 7.2089e-04
Loss = 2.0831e-02, PNorm = 115.0488, GNorm = 0.5972, lr_0 = 7.2062e-04
Loss = 2.1366e-02, PNorm = 115.0604, GNorm = 0.6609, lr_0 = 7.2034e-04
Loss = 2.1464e-02, PNorm = 115.0724, GNorm = 0.3522, lr_0 = 7.2006e-04
Loss = 2.2745e-02, PNorm = 115.0832, GNorm = 0.3313, lr_0 = 7.1978e-04
Loss = 1.7387e-02, PNorm = 115.0960, GNorm = 0.4800, lr_0 = 7.1951e-04
Loss = 2.2971e-02, PNorm = 115.1074, GNorm = 1.0675, lr_0 = 7.1923e-04
Loss = 1.8118e-02, PNorm = 115.1158, GNorm = 0.4932, lr_0 = 7.1895e-04
Loss = 2.4351e-02, PNorm = 115.1236, GNorm = 0.5396, lr_0 = 7.1868e-04
Loss = 2.0393e-02, PNorm = 115.1345, GNorm = 0.8352, lr_0 = 7.1840e-04
Loss = 2.1685e-02, PNorm = 115.1467, GNorm = 0.6455, lr_0 = 7.1813e-04
Loss = 2.4085e-02, PNorm = 115.1572, GNorm = 0.4427, lr_0 = 7.1785e-04
Loss = 2.1319e-02, PNorm = 115.1670, GNorm = 2.0026, lr_0 = 7.1757e-04
Loss = 2.1196e-02, PNorm = 115.1781, GNorm = 1.2538, lr_0 = 7.1730e-04
Loss = 2.5003e-02, PNorm = 115.1857, GNorm = 0.4191, lr_0 = 7.1702e-04
Loss = 2.7795e-02, PNorm = 115.1978, GNorm = 3.2084, lr_0 = 7.1675e-04
Loss = 2.4000e-02, PNorm = 115.2104, GNorm = 0.5434, lr_0 = 7.1647e-04
Loss = 2.3903e-02, PNorm = 115.2220, GNorm = 0.8635, lr_0 = 7.1619e-04
Loss = 2.2031e-02, PNorm = 115.2325, GNorm = 0.6818, lr_0 = 7.1592e-04
Loss = 2.0277e-02, PNorm = 115.2426, GNorm = 0.6015, lr_0 = 7.1564e-04
Loss = 2.3727e-02, PNorm = 115.2509, GNorm = 0.5918, lr_0 = 7.1537e-04
Loss = 2.5191e-02, PNorm = 115.2579, GNorm = 0.3035, lr_0 = 7.1509e-04
Loss = 2.6490e-02, PNorm = 115.2653, GNorm = 0.2879, lr_0 = 7.1482e-04
Loss = 2.0507e-02, PNorm = 115.2736, GNorm = 0.6817, lr_0 = 7.1454e-04
Loss = 2.1693e-02, PNorm = 115.2824, GNorm = 1.0741, lr_0 = 7.1427e-04
Loss = 2.0334e-02, PNorm = 115.2911, GNorm = 0.2861, lr_0 = 7.1399e-04
Loss = 1.8006e-02, PNorm = 115.3029, GNorm = 0.6191, lr_0 = 7.1372e-04
Loss = 2.2829e-02, PNorm = 115.3145, GNorm = 0.5733, lr_0 = 7.1345e-04
Loss = 2.4609e-02, PNorm = 115.3256, GNorm = 0.4168, lr_0 = 7.1317e-04
Loss = 3.1954e-02, PNorm = 115.3330, GNorm = 2.4962, lr_0 = 7.1290e-04
Loss = 2.5940e-02, PNorm = 115.3438, GNorm = 0.3528, lr_0 = 7.1262e-04
Loss = 2.5045e-02, PNorm = 115.3565, GNorm = 0.9825, lr_0 = 7.1235e-04
Loss = 2.3165e-02, PNorm = 115.3693, GNorm = 0.9975, lr_0 = 7.1207e-04
Loss = 2.4415e-02, PNorm = 115.3799, GNorm = 0.5438, lr_0 = 7.1180e-04
Loss = 2.5026e-02, PNorm = 115.3948, GNorm = 0.3630, lr_0 = 7.1153e-04
Loss = 2.1288e-02, PNorm = 115.4079, GNorm = 0.4513, lr_0 = 7.1125e-04
Loss = 1.8418e-02, PNorm = 115.4163, GNorm = 0.3861, lr_0 = 7.1098e-04
Loss = 2.0284e-02, PNorm = 115.4264, GNorm = 1.0359, lr_0 = 7.1071e-04
Loss = 2.1833e-02, PNorm = 115.4368, GNorm = 0.4107, lr_0 = 7.1043e-04
Loss = 2.0591e-02, PNorm = 115.4496, GNorm = 0.4513, lr_0 = 7.1016e-04
Loss = 2.1341e-02, PNorm = 115.4576, GNorm = 0.7066, lr_0 = 7.0989e-04
Loss = 2.0457e-02, PNorm = 115.4670, GNorm = 0.3549, lr_0 = 7.0961e-04
Loss = 2.1999e-02, PNorm = 115.4809, GNorm = 0.4910, lr_0 = 7.0934e-04
Loss = 2.3643e-02, PNorm = 115.4917, GNorm = 1.4305, lr_0 = 7.0907e-04
Loss = 1.8887e-02, PNorm = 115.5027, GNorm = 0.4977, lr_0 = 7.0880e-04
Loss = 2.2477e-02, PNorm = 115.5123, GNorm = 0.4457, lr_0 = 7.0852e-04
Loss = 2.1619e-02, PNorm = 115.5217, GNorm = 0.4514, lr_0 = 7.0825e-04
Loss = 1.9455e-02, PNorm = 115.5325, GNorm = 0.5506, lr_0 = 7.0798e-04
Loss = 1.6929e-02, PNorm = 115.5416, GNorm = 0.6854, lr_0 = 7.0771e-04
Loss = 1.8499e-02, PNorm = 115.5514, GNorm = 0.2420, lr_0 = 7.0743e-04
Loss = 1.8644e-02, PNorm = 115.5597, GNorm = 0.6684, lr_0 = 7.0716e-04
Loss = 2.0977e-02, PNorm = 115.5675, GNorm = 0.3190, lr_0 = 7.0689e-04
Loss = 2.3896e-02, PNorm = 115.5730, GNorm = 1.2329, lr_0 = 7.0662e-04
Loss = 2.1849e-02, PNorm = 115.5801, GNorm = 0.6862, lr_0 = 7.0635e-04
Loss = 2.1693e-02, PNorm = 115.5880, GNorm = 0.4746, lr_0 = 7.0607e-04
Loss = 2.3786e-02, PNorm = 115.5985, GNorm = 0.5325, lr_0 = 7.0580e-04
Loss = 2.1968e-02, PNorm = 115.6062, GNorm = 0.4115, lr_0 = 7.0553e-04
Loss = 2.4031e-02, PNorm = 115.6154, GNorm = 0.5626, lr_0 = 7.0526e-04
Loss = 1.9244e-02, PNorm = 115.6311, GNorm = 0.4222, lr_0 = 7.0499e-04
Loss = 2.0613e-02, PNorm = 115.6419, GNorm = 0.4653, lr_0 = 7.0472e-04
Loss = 1.7860e-02, PNorm = 115.6491, GNorm = 0.3803, lr_0 = 7.0445e-04
Loss = 1.9481e-02, PNorm = 115.6568, GNorm = 0.5931, lr_0 = 7.0418e-04
Loss = 2.1000e-02, PNorm = 115.6649, GNorm = 0.5594, lr_0 = 7.0391e-04
Loss = 1.8906e-02, PNorm = 115.6752, GNorm = 0.7995, lr_0 = 7.0364e-04
Loss = 2.1513e-02, PNorm = 115.6843, GNorm = 0.6376, lr_0 = 7.0336e-04
Loss = 1.6058e-02, PNorm = 115.6884, GNorm = 0.3855, lr_0 = 7.0309e-04
Loss = 2.4234e-02, PNorm = 115.6955, GNorm = 0.7359, lr_0 = 7.0282e-04
Loss = 2.1321e-02, PNorm = 115.7081, GNorm = 0.5200, lr_0 = 7.0255e-04
Loss = 2.1496e-02, PNorm = 115.7171, GNorm = 0.7072, lr_0 = 7.0228e-04
Loss = 1.9683e-02, PNorm = 115.7266, GNorm = 0.9024, lr_0 = 7.0201e-04
Loss = 1.9667e-02, PNorm = 115.7362, GNorm = 0.4817, lr_0 = 7.0174e-04
Loss = 2.1738e-02, PNorm = 115.7468, GNorm = 0.6655, lr_0 = 7.0147e-04
Loss = 1.8464e-02, PNorm = 115.7553, GNorm = 0.4895, lr_0 = 7.0120e-04
Loss = 2.0443e-02, PNorm = 115.7628, GNorm = 0.4791, lr_0 = 7.0093e-04
Loss = 1.9409e-02, PNorm = 115.7706, GNorm = 0.2974, lr_0 = 7.0066e-04
Loss = 2.2929e-02, PNorm = 115.7776, GNorm = 0.5682, lr_0 = 7.0040e-04
Loss = 1.7351e-02, PNorm = 115.7860, GNorm = 0.3502, lr_0 = 7.0013e-04
Loss = 1.9427e-02, PNorm = 115.7943, GNorm = 0.5529, lr_0 = 6.9986e-04
Loss = 2.3007e-02, PNorm = 115.8020, GNorm = 0.4057, lr_0 = 6.9959e-04
Loss = 2.3156e-02, PNorm = 115.8102, GNorm = 0.4506, lr_0 = 6.9932e-04
Loss = 2.0447e-02, PNorm = 115.8192, GNorm = 0.9182, lr_0 = 6.9905e-04
Loss = 2.0699e-02, PNorm = 115.8340, GNorm = 0.4760, lr_0 = 6.9878e-04
Loss = 2.0105e-02, PNorm = 115.8438, GNorm = 0.5569, lr_0 = 6.9851e-04
Loss = 2.3715e-02, PNorm = 115.8577, GNorm = 0.7009, lr_0 = 6.9824e-04
Loss = 2.4104e-02, PNorm = 115.8716, GNorm = 0.4569, lr_0 = 6.9797e-04
Loss = 2.0460e-02, PNorm = 115.8829, GNorm = 0.8030, lr_0 = 6.9771e-04
Loss = 3.1172e-02, PNorm = 115.8944, GNorm = 0.9166, lr_0 = 6.9744e-04
Loss = 2.3942e-02, PNorm = 115.9100, GNorm = 0.9779, lr_0 = 6.9717e-04
Loss = 1.9003e-02, PNorm = 115.9204, GNorm = 0.4712, lr_0 = 6.9690e-04
Loss = 1.6144e-02, PNorm = 115.9304, GNorm = 0.8839, lr_0 = 6.9663e-04
Loss = 1.9075e-02, PNorm = 115.9403, GNorm = 0.6153, lr_0 = 6.9637e-04
Loss = 1.8053e-02, PNorm = 115.9487, GNorm = 0.5246, lr_0 = 6.9610e-04
Loss = 2.1738e-02, PNorm = 115.9588, GNorm = 0.6696, lr_0 = 6.9583e-04
Loss = 2.0652e-02, PNorm = 115.9670, GNorm = 0.4039, lr_0 = 6.9556e-04
Loss = 2.2668e-02, PNorm = 115.9770, GNorm = 0.6867, lr_0 = 6.9530e-04
Loss = 1.8731e-02, PNorm = 115.9878, GNorm = 0.3890, lr_0 = 6.9503e-04
Loss = 2.3994e-02, PNorm = 115.9972, GNorm = 0.8503, lr_0 = 6.9476e-04
Loss = 2.1424e-02, PNorm = 116.0088, GNorm = 0.6140, lr_0 = 6.9449e-04
Loss = 2.0180e-02, PNorm = 116.0192, GNorm = 0.4114, lr_0 = 6.9423e-04
Loss = 1.9660e-02, PNorm = 116.0304, GNorm = 0.3418, lr_0 = 6.9396e-04
Loss = 2.1768e-02, PNorm = 116.0363, GNorm = 0.4768, lr_0 = 6.9369e-04
Loss = 1.8749e-02, PNorm = 116.0427, GNorm = 0.6585, lr_0 = 6.9343e-04
Loss = 2.2705e-02, PNorm = 116.0522, GNorm = 0.3888, lr_0 = 6.9316e-04
Loss = 2.0917e-02, PNorm = 116.0626, GNorm = 0.8741, lr_0 = 6.9289e-04
Loss = 1.9124e-02, PNorm = 116.0735, GNorm = 0.7025, lr_0 = 6.9263e-04
Loss = 2.1796e-02, PNorm = 116.0820, GNorm = 0.5900, lr_0 = 6.9236e-04
Loss = 1.8453e-02, PNorm = 116.0896, GNorm = 0.6989, lr_0 = 6.9209e-04
Loss = 2.1281e-02, PNorm = 116.0985, GNorm = 0.7190, lr_0 = 6.9183e-04
Loss = 2.0537e-02, PNorm = 116.1081, GNorm = 0.7829, lr_0 = 6.9156e-04
Loss = 2.8077e-02, PNorm = 116.1183, GNorm = 0.9890, lr_0 = 6.9130e-04
Loss = 2.0158e-02, PNorm = 116.1299, GNorm = 0.7486, lr_0 = 6.9103e-04
Loss = 2.1691e-02, PNorm = 116.1399, GNorm = 0.7450, lr_0 = 6.9076e-04
Loss = 1.6591e-02, PNorm = 116.1498, GNorm = 0.4325, lr_0 = 6.9050e-04
Loss = 2.0257e-02, PNorm = 116.1557, GNorm = 0.2769, lr_0 = 6.9023e-04
Loss = 2.0099e-02, PNorm = 116.1620, GNorm = 0.3954, lr_0 = 6.8997e-04
Loss = 1.9813e-02, PNorm = 116.1698, GNorm = 1.4621, lr_0 = 6.8970e-04
Loss = 1.7551e-02, PNorm = 116.1773, GNorm = 0.4107, lr_0 = 6.8944e-04
Loss = 2.0227e-02, PNorm = 116.1883, GNorm = 0.4411, lr_0 = 6.8917e-04
Loss = 1.8039e-02, PNorm = 116.1987, GNorm = 0.6854, lr_0 = 6.8891e-04
Loss = 2.1439e-02, PNorm = 116.2065, GNorm = 0.4574, lr_0 = 6.8864e-04
Loss = 1.7044e-02, PNorm = 116.2159, GNorm = 0.4835, lr_0 = 6.8838e-04
Loss = 2.4044e-02, PNorm = 116.2235, GNorm = 0.5167, lr_0 = 6.8811e-04
Loss = 2.2807e-02, PNorm = 116.2320, GNorm = 1.9109, lr_0 = 6.8785e-04
Loss = 1.9225e-02, PNorm = 116.2413, GNorm = 0.7036, lr_0 = 6.8758e-04
Loss = 1.7497e-02, PNorm = 116.2496, GNorm = 0.3278, lr_0 = 6.8732e-04
Loss = 1.8331e-02, PNorm = 116.2581, GNorm = 0.4236, lr_0 = 6.8705e-04
Loss = 2.3749e-02, PNorm = 116.2677, GNorm = 0.4217, lr_0 = 6.8679e-04
Loss = 2.0628e-02, PNorm = 116.2764, GNorm = 0.4421, lr_0 = 6.8653e-04
Loss = 2.0448e-02, PNorm = 116.2878, GNorm = 0.6684, lr_0 = 6.8626e-04
Loss = 2.1823e-02, PNorm = 116.3009, GNorm = 0.8269, lr_0 = 6.8600e-04
Loss = 1.9460e-02, PNorm = 116.3091, GNorm = 0.5299, lr_0 = 6.8573e-04
Loss = 1.8294e-02, PNorm = 116.3152, GNorm = 0.2201, lr_0 = 6.8547e-04
Loss = 2.2707e-02, PNorm = 116.3249, GNorm = 0.4328, lr_0 = 6.8521e-04
Loss = 2.1073e-02, PNorm = 116.3348, GNorm = 0.6841, lr_0 = 6.8494e-04
Loss = 1.9536e-02, PNorm = 116.3456, GNorm = 0.6380, lr_0 = 6.8468e-04
Loss = 2.0723e-02, PNorm = 116.3613, GNorm = 0.5772, lr_0 = 6.8442e-04
Loss = 2.3345e-02, PNorm = 116.3731, GNorm = 0.4984, lr_0 = 6.8415e-04
Loss = 2.9865e-02, PNorm = 116.3811, GNorm = 1.7940, lr_0 = 6.8389e-04
Loss = 3.6132e-02, PNorm = 116.3870, GNorm = 0.6975, lr_0 = 6.8363e-04
Loss = 2.3532e-02, PNorm = 116.3961, GNorm = 0.7133, lr_0 = 6.8337e-04
Loss = 2.2085e-02, PNorm = 116.4071, GNorm = 0.3134, lr_0 = 6.8310e-04
Loss = 1.9978e-02, PNorm = 116.4172, GNorm = 0.5068, lr_0 = 6.8284e-04
Loss = 2.4728e-02, PNorm = 116.4309, GNorm = 0.6056, lr_0 = 6.8258e-04
Loss = 2.3523e-02, PNorm = 116.4433, GNorm = 0.5962, lr_0 = 6.8231e-04
Loss = 2.5019e-02, PNorm = 116.4549, GNorm = 0.8867, lr_0 = 6.8205e-04
Loss = 2.1310e-02, PNorm = 116.4680, GNorm = 0.4925, lr_0 = 6.8179e-04
Loss = 2.3122e-02, PNorm = 116.4857, GNorm = 0.6567, lr_0 = 6.8153e-04
Loss = 2.2033e-02, PNorm = 116.4976, GNorm = 1.0980, lr_0 = 6.8127e-04
Loss = 2.3660e-02, PNorm = 116.5068, GNorm = 0.4510, lr_0 = 6.8100e-04
Loss = 2.7397e-02, PNorm = 116.5198, GNorm = 0.7047, lr_0 = 6.8074e-04
Loss = 2.3253e-02, PNorm = 116.5343, GNorm = 0.4155, lr_0 = 6.8048e-04
Loss = 2.1529e-02, PNorm = 116.5453, GNorm = 1.3164, lr_0 = 6.8022e-04
Loss = 2.1696e-02, PNorm = 116.5593, GNorm = 0.8670, lr_0 = 6.7996e-04
Loss = 2.4689e-02, PNorm = 116.5731, GNorm = 0.4421, lr_0 = 6.7970e-04
Loss = 3.5448e-02, PNorm = 116.5870, GNorm = 0.3070, lr_0 = 6.7943e-04
Loss = 2.7997e-02, PNorm = 116.5986, GNorm = 0.5226, lr_0 = 6.7917e-04
Loss = 2.6926e-02, PNorm = 116.6158, GNorm = 0.3755, lr_0 = 6.7891e-04
Loss = 2.5903e-02, PNorm = 116.6288, GNorm = 0.2956, lr_0 = 6.7865e-04
Loss = 2.3841e-02, PNorm = 116.6383, GNorm = 0.5882, lr_0 = 6.7839e-04
Loss = 1.7274e-02, PNorm = 116.6480, GNorm = 0.6931, lr_0 = 6.7813e-04
Loss = 2.3034e-02, PNorm = 116.6561, GNorm = 0.4910, lr_0 = 6.7787e-04
Loss = 2.2972e-02, PNorm = 116.6628, GNorm = 0.4556, lr_0 = 6.7761e-04
Loss = 2.1114e-02, PNorm = 116.6733, GNorm = 0.6503, lr_0 = 6.7735e-04
Loss = 2.2367e-02, PNorm = 116.6825, GNorm = 0.6091, lr_0 = 6.7709e-04
Loss = 2.7159e-02, PNorm = 116.6926, GNorm = 0.9598, lr_0 = 6.7683e-04
Loss = 2.0318e-02, PNorm = 116.7022, GNorm = 0.6755, lr_0 = 6.7657e-04
Loss = 2.2583e-02, PNorm = 116.7119, GNorm = 0.6188, lr_0 = 6.7631e-04
Loss = 2.2823e-02, PNorm = 116.7245, GNorm = 1.4762, lr_0 = 6.7605e-04
Loss = 2.0895e-02, PNorm = 116.7382, GNorm = 0.3539, lr_0 = 6.7579e-04
Loss = 1.8881e-02, PNorm = 116.7518, GNorm = 0.5387, lr_0 = 6.7553e-04
Loss = 1.8660e-02, PNorm = 116.7597, GNorm = 0.4069, lr_0 = 6.7527e-04
Loss = 1.8997e-02, PNorm = 116.7635, GNorm = 0.6957, lr_0 = 6.7501e-04
Loss = 2.6537e-02, PNorm = 116.7671, GNorm = 1.0864, lr_0 = 6.7475e-04
Loss = 1.8753e-02, PNorm = 116.7705, GNorm = 0.3221, lr_0 = 6.7449e-04
Loss = 2.3610e-02, PNorm = 116.7803, GNorm = 0.4956, lr_0 = 6.7423e-04
Loss = 1.8534e-02, PNorm = 116.7909, GNorm = 0.4501, lr_0 = 6.7397e-04
Loss = 2.0037e-02, PNorm = 116.8029, GNorm = 0.4201, lr_0 = 6.7371e-04
Loss = 1.7973e-02, PNorm = 116.8133, GNorm = 0.3266, lr_0 = 6.7345e-04
Loss = 1.8932e-02, PNorm = 116.8198, GNorm = 0.9415, lr_0 = 6.7319e-04
Loss = 1.9538e-02, PNorm = 116.8294, GNorm = 0.2079, lr_0 = 6.7293e-04
Loss = 2.7344e-02, PNorm = 116.8386, GNorm = 0.5229, lr_0 = 6.7267e-04
Loss = 2.2897e-02, PNorm = 116.8483, GNorm = 0.7864, lr_0 = 6.7242e-04
Loss = 1.9935e-02, PNorm = 116.8586, GNorm = 0.3154, lr_0 = 6.7216e-04
Loss = 2.4041e-02, PNorm = 116.8702, GNorm = 0.7873, lr_0 = 6.7190e-04
Loss = 2.8893e-02, PNorm = 116.8792, GNorm = 0.7762, lr_0 = 6.7164e-04
Loss = 2.0448e-02, PNorm = 116.8881, GNorm = 0.6778, lr_0 = 6.7138e-04
Loss = 2.1522e-02, PNorm = 116.8985, GNorm = 0.6488, lr_0 = 6.7112e-04
Loss = 1.9516e-02, PNorm = 116.9108, GNorm = 0.4577, lr_0 = 6.7087e-04
Loss = 2.4078e-02, PNorm = 116.9198, GNorm = 3.2298, lr_0 = 6.7061e-04
Loss = 2.2523e-02, PNorm = 116.9289, GNorm = 0.5030, lr_0 = 6.7035e-04
Loss = 5.4304e-02, PNorm = 116.9416, GNorm = 0.5343, lr_0 = 6.7009e-04
Loss = 2.5257e-02, PNorm = 116.9578, GNorm = 0.5281, lr_0 = 6.6983e-04
Loss = 1.7219e-02, PNorm = 116.9735, GNorm = 0.3937, lr_0 = 6.6958e-04
Loss = 1.8029e-02, PNorm = 116.9838, GNorm = 0.7142, lr_0 = 6.6932e-04
Loss = 2.3175e-02, PNorm = 116.9914, GNorm = 0.8485, lr_0 = 6.6906e-04
Loss = 1.9839e-02, PNorm = 117.0035, GNorm = 0.9780, lr_0 = 6.6880e-04
Loss = 1.8259e-02, PNorm = 117.0117, GNorm = 0.3309, lr_0 = 6.6855e-04
Loss = 2.2345e-02, PNorm = 117.0203, GNorm = 0.6252, lr_0 = 6.6829e-04
Loss = 2.1295e-02, PNorm = 117.0313, GNorm = 0.3648, lr_0 = 6.6803e-04
Loss = 2.4025e-02, PNorm = 117.0423, GNorm = 0.3251, lr_0 = 6.6778e-04
Loss = 2.1207e-02, PNorm = 117.0515, GNorm = 0.9451, lr_0 = 6.6752e-04
Loss = 2.1831e-02, PNorm = 117.0588, GNorm = 2.6209, lr_0 = 6.6726e-04
Loss = 1.7339e-02, PNorm = 117.0652, GNorm = 0.9026, lr_0 = 6.6701e-04
Loss = 1.8019e-02, PNorm = 117.0733, GNorm = 0.3396, lr_0 = 6.6675e-04
Loss = 1.7277e-02, PNorm = 117.0816, GNorm = 0.2974, lr_0 = 6.6649e-04
Loss = 1.7145e-02, PNorm = 117.0887, GNorm = 1.5101, lr_0 = 6.6624e-04
Loss = 2.2032e-02, PNorm = 117.0974, GNorm = 0.3571, lr_0 = 6.6598e-04
Loss = 1.9471e-02, PNorm = 117.1064, GNorm = 0.3957, lr_0 = 6.6572e-04
Loss = 2.2354e-02, PNorm = 117.1149, GNorm = 0.5481, lr_0 = 6.6547e-04
Loss = 1.7832e-02, PNorm = 117.1230, GNorm = 0.8094, lr_0 = 6.6521e-04
Loss = 2.1410e-02, PNorm = 117.1324, GNorm = 0.5116, lr_0 = 6.6496e-04
Loss = 2.1892e-02, PNorm = 117.1430, GNorm = 0.3369, lr_0 = 6.6470e-04
Loss = 1.8797e-02, PNorm = 117.1531, GNorm = 0.6267, lr_0 = 6.6445e-04
Loss = 2.1585e-02, PNorm = 117.1641, GNorm = 3.7421, lr_0 = 6.6419e-04
Loss = 2.1040e-02, PNorm = 117.1790, GNorm = 2.9572, lr_0 = 6.6393e-04
Loss = 1.9880e-02, PNorm = 117.1889, GNorm = 0.7674, lr_0 = 6.6368e-04
Loss = 1.7981e-02, PNorm = 117.1971, GNorm = 1.5157, lr_0 = 6.6342e-04
Loss = 1.8251e-02, PNorm = 117.2046, GNorm = 0.7504, lr_0 = 6.6317e-04
Loss = 1.7087e-02, PNorm = 117.2126, GNorm = 0.9556, lr_0 = 6.6291e-04
Loss = 1.6466e-02, PNorm = 117.2198, GNorm = 0.5922, lr_0 = 6.6266e-04
Loss = 1.6603e-02, PNorm = 117.2267, GNorm = 0.4120, lr_0 = 6.6240e-04
Loss = 2.1073e-02, PNorm = 117.2385, GNorm = 0.6707, lr_0 = 6.6215e-04
Loss = 2.0634e-02, PNorm = 117.2504, GNorm = 0.5109, lr_0 = 6.6189e-04
Loss = 1.8029e-02, PNorm = 117.2597, GNorm = 0.7982, lr_0 = 6.6164e-04
Loss = 2.2215e-02, PNorm = 117.2673, GNorm = 0.7201, lr_0 = 6.6139e-04
Loss = 2.6008e-02, PNorm = 117.2745, GNorm = 0.6120, lr_0 = 6.6113e-04
Loss = 1.6571e-02, PNorm = 117.2818, GNorm = 0.5262, lr_0 = 6.6088e-04
Loss = 2.0789e-02, PNorm = 117.2883, GNorm = 0.3904, lr_0 = 6.6062e-04
Loss = 1.9098e-02, PNorm = 117.2955, GNorm = 0.7398, lr_0 = 6.6037e-04
Loss = 1.7338e-02, PNorm = 117.3021, GNorm = 0.9720, lr_0 = 6.6012e-04
Loss = 1.6932e-02, PNorm = 117.3115, GNorm = 0.9116, lr_0 = 6.5986e-04
Loss = 1.6580e-02, PNorm = 117.3206, GNorm = 0.4224, lr_0 = 6.5961e-04
Loss = 2.0751e-02, PNorm = 117.3300, GNorm = 0.4678, lr_0 = 6.5935e-04
Loss = 1.8163e-02, PNorm = 117.3391, GNorm = 0.2681, lr_0 = 6.5910e-04
Loss = 1.6824e-02, PNorm = 117.3483, GNorm = 0.5929, lr_0 = 6.5885e-04
Loss = 2.3681e-02, PNorm = 117.3575, GNorm = 0.6716, lr_0 = 6.5859e-04
Loss = 2.0334e-02, PNorm = 117.3678, GNorm = 0.3201, lr_0 = 6.5834e-04
Loss = 2.3866e-02, PNorm = 117.3788, GNorm = 0.6087, lr_0 = 6.5809e-04
Loss = 2.3435e-02, PNorm = 117.3890, GNorm = 0.4258, lr_0 = 6.5783e-04
Loss = 2.1807e-02, PNorm = 117.3998, GNorm = 0.6915, lr_0 = 6.5758e-04
Loss = 2.5579e-02, PNorm = 117.4159, GNorm = 0.4724, lr_0 = 6.5733e-04
Loss = 1.8466e-02, PNorm = 117.4306, GNorm = 0.7415, lr_0 = 6.5708e-04
Loss = 2.1016e-02, PNorm = 117.4405, GNorm = 2.3053, lr_0 = 6.5682e-04
Loss = 2.2855e-02, PNorm = 117.4468, GNorm = 0.4175, lr_0 = 6.5657e-04
Loss = 2.0646e-02, PNorm = 117.4574, GNorm = 0.7193, lr_0 = 6.5632e-04
Loss = 2.3225e-02, PNorm = 117.4685, GNorm = 0.3510, lr_0 = 6.5607e-04
Loss = 2.1486e-02, PNorm = 117.4793, GNorm = 0.6071, lr_0 = 6.5581e-04
Loss = 2.1481e-02, PNorm = 117.4928, GNorm = 0.3796, lr_0 = 6.5556e-04
Loss = 1.6671e-02, PNorm = 117.5058, GNorm = 0.3073, lr_0 = 6.5531e-04
Loss = 2.3269e-02, PNorm = 117.5166, GNorm = 0.5760, lr_0 = 6.5506e-04
Loss = 2.1503e-02, PNorm = 117.5292, GNorm = 0.8458, lr_0 = 6.5481e-04
Loss = 2.5423e-02, PNorm = 117.5386, GNorm = 1.2796, lr_0 = 6.5455e-04
Loss = 2.3782e-02, PNorm = 117.5484, GNorm = 0.6016, lr_0 = 6.5430e-04
Loss = 3.2567e-02, PNorm = 117.5603, GNorm = 0.3939, lr_0 = 6.5405e-04
Loss = 2.6862e-02, PNorm = 117.5701, GNorm = 0.5624, lr_0 = 6.5380e-04
Loss = 1.7655e-02, PNorm = 117.5812, GNorm = 0.4690, lr_0 = 6.5355e-04
Loss = 1.8029e-02, PNorm = 117.5912, GNorm = 0.4580, lr_0 = 6.5330e-04
Loss = 2.4710e-02, PNorm = 117.6017, GNorm = 0.9973, lr_0 = 6.5304e-04
Loss = 2.3173e-02, PNorm = 117.6111, GNorm = 0.3882, lr_0 = 6.5279e-04
Loss = 1.7868e-02, PNorm = 117.6192, GNorm = 0.4744, lr_0 = 6.5254e-04
Loss = 2.2237e-02, PNorm = 117.6279, GNorm = 1.0767, lr_0 = 6.5229e-04
Loss = 1.9048e-02, PNorm = 117.6358, GNorm = 0.5583, lr_0 = 6.5204e-04
Loss = 2.2941e-02, PNorm = 117.6453, GNorm = 0.5326, lr_0 = 6.5179e-04
Loss = 2.1123e-02, PNorm = 117.6592, GNorm = 0.7737, lr_0 = 6.5154e-04
Loss = 2.1490e-02, PNorm = 117.6712, GNorm = 0.4315, lr_0 = 6.5129e-04
Loss = 1.6647e-02, PNorm = 117.6838, GNorm = 0.3504, lr_0 = 6.5104e-04
Loss = 1.5400e-02, PNorm = 117.6924, GNorm = 0.4711, lr_0 = 6.5079e-04
Loss = 2.2172e-02, PNorm = 117.6995, GNorm = 0.9755, lr_0 = 6.5054e-04
Loss = 2.1769e-02, PNorm = 117.7073, GNorm = 0.5083, lr_0 = 6.5029e-04
Loss = 1.9301e-02, PNorm = 117.7165, GNorm = 0.8899, lr_0 = 6.5004e-04
Loss = 1.7037e-02, PNorm = 117.7260, GNorm = 0.3260, lr_0 = 6.4979e-04
Loss = 1.6850e-02, PNorm = 117.7343, GNorm = 0.4496, lr_0 = 6.4954e-04
Loss = 2.0001e-02, PNorm = 117.7428, GNorm = 0.3799, lr_0 = 6.4929e-04
Loss = 1.5522e-02, PNorm = 117.7490, GNorm = 0.2432, lr_0 = 6.4904e-04
Loss = 1.5371e-02, PNorm = 117.7559, GNorm = 0.4646, lr_0 = 6.4879e-04
Loss = 1.9920e-02, PNorm = 117.7664, GNorm = 0.5028, lr_0 = 6.4854e-04
Loss = 2.0756e-02, PNorm = 117.7772, GNorm = 1.1098, lr_0 = 6.4829e-04
Loss = 1.7672e-02, PNorm = 117.7848, GNorm = 0.5627, lr_0 = 6.4804e-04
Loss = 1.6913e-02, PNorm = 117.7932, GNorm = 0.4917, lr_0 = 6.4779e-04
Loss = 1.9326e-02, PNorm = 117.8010, GNorm = 0.4299, lr_0 = 6.4754e-04
Loss = 1.7753e-02, PNorm = 117.8062, GNorm = 0.6761, lr_0 = 6.4729e-04
Loss = 2.1679e-02, PNorm = 117.8147, GNorm = 0.4522, lr_0 = 6.4704e-04
Loss = 2.3622e-02, PNorm = 117.8280, GNorm = 0.3572, lr_0 = 6.4680e-04
Loss = 1.7603e-02, PNorm = 117.8356, GNorm = 0.4272, lr_0 = 6.4655e-04
Loss = 1.6050e-02, PNorm = 117.8415, GNorm = 0.4118, lr_0 = 6.4630e-04
Loss = 1.7099e-02, PNorm = 117.8470, GNorm = 0.3955, lr_0 = 6.4605e-04
Loss = 1.7818e-02, PNorm = 117.8542, GNorm = 0.5731, lr_0 = 6.4580e-04
Loss = 1.5064e-02, PNorm = 117.8634, GNorm = 0.4497, lr_0 = 6.4555e-04
Loss = 1.7924e-02, PNorm = 117.8713, GNorm = 0.3600, lr_0 = 6.4530e-04
Loss = 1.7257e-02, PNorm = 117.8774, GNorm = 0.5488, lr_0 = 6.4506e-04
Loss = 2.0736e-02, PNorm = 117.8860, GNorm = 0.3109, lr_0 = 6.4481e-04
Loss = 1.2858e-02, PNorm = 117.8945, GNorm = 0.4339, lr_0 = 6.4456e-04
Loss = 2.1733e-02, PNorm = 117.9031, GNorm = 0.4034, lr_0 = 6.4431e-04
Loss = 1.9585e-02, PNorm = 117.9098, GNorm = 0.7794, lr_0 = 6.4406e-04
Loss = 1.9190e-02, PNorm = 117.9183, GNorm = 0.3521, lr_0 = 6.4382e-04
Loss = 1.9346e-02, PNorm = 117.9236, GNorm = 0.5417, lr_0 = 6.4357e-04
Loss = 1.7445e-02, PNorm = 117.9261, GNorm = 0.6287, lr_0 = 6.4332e-04
Loss = 1.6684e-02, PNorm = 117.9318, GNorm = 0.6272, lr_0 = 6.4307e-04
Loss = 1.4233e-02, PNorm = 117.9363, GNorm = 0.4080, lr_0 = 6.4283e-04
Loss = 1.7981e-02, PNorm = 117.9399, GNorm = 0.5028, lr_0 = 6.4258e-04
Loss = 1.6457e-02, PNorm = 117.9466, GNorm = 0.4346, lr_0 = 6.4233e-04
Loss = 1.7700e-02, PNorm = 117.9553, GNorm = 0.5811, lr_0 = 6.4209e-04
Loss = 1.4649e-02, PNorm = 117.9616, GNorm = 0.3381, lr_0 = 6.4184e-04
Loss = 1.8066e-02, PNorm = 117.9682, GNorm = 0.2977, lr_0 = 6.4159e-04
Loss = 1.7208e-02, PNorm = 117.9781, GNorm = 0.3201, lr_0 = 6.4135e-04
Loss = 3.0702e-02, PNorm = 117.9875, GNorm = 0.3856, lr_0 = 6.4110e-04
Loss = 1.6613e-02, PNorm = 118.0004, GNorm = 0.4655, lr_0 = 6.4085e-04
Loss = 1.9545e-02, PNorm = 118.0110, GNorm = 0.3829, lr_0 = 6.4061e-04
Loss = 1.9013e-02, PNorm = 118.0191, GNorm = 0.7559, lr_0 = 6.4036e-04
Loss = 1.5482e-02, PNorm = 118.0270, GNorm = 0.7154, lr_0 = 6.4011e-04
Loss = 1.6655e-02, PNorm = 118.0336, GNorm = 0.7382, lr_0 = 6.3987e-04
Loss = 1.6504e-02, PNorm = 118.0435, GNorm = 0.4898, lr_0 = 6.3962e-04
Loss = 1.7529e-02, PNorm = 118.0537, GNorm = 1.0621, lr_0 = 6.3938e-04
Loss = 1.8766e-02, PNorm = 118.0622, GNorm = 0.6192, lr_0 = 6.3913e-04
Loss = 1.9365e-02, PNorm = 118.0681, GNorm = 0.6768, lr_0 = 6.3888e-04
Loss = 1.6272e-02, PNorm = 118.0764, GNorm = 0.3663, lr_0 = 6.3864e-04
Loss = 1.4550e-02, PNorm = 118.0834, GNorm = 0.3242, lr_0 = 6.3839e-04
Loss = 1.8356e-02, PNorm = 118.0929, GNorm = 0.5539, lr_0 = 6.3815e-04
Loss = 1.9295e-02, PNorm = 118.1009, GNorm = 0.3012, lr_0 = 6.3790e-04
Loss = 2.0666e-02, PNorm = 118.1052, GNorm = 0.3416, lr_0 = 6.3766e-04
Loss = 1.9141e-02, PNorm = 118.1106, GNorm = 0.4895, lr_0 = 6.3741e-04
Loss = 1.5707e-02, PNorm = 118.1158, GNorm = 0.6702, lr_0 = 6.3717e-04
Loss = 2.0814e-02, PNorm = 118.1233, GNorm = 0.6503, lr_0 = 6.3692e-04
Loss = 1.9355e-02, PNorm = 118.1322, GNorm = 0.8332, lr_0 = 6.3668e-04
Loss = 1.5895e-02, PNorm = 118.1385, GNorm = 0.3457, lr_0 = 6.3643e-04
Loss = 1.8730e-02, PNorm = 118.1419, GNorm = 0.8699, lr_0 = 6.3619e-04
Loss = 1.8526e-02, PNorm = 118.1480, GNorm = 0.3042, lr_0 = 6.3594e-04
Loss = 2.0796e-02, PNorm = 118.1565, GNorm = 0.7047, lr_0 = 6.3570e-04
Loss = 1.9194e-02, PNorm = 118.1650, GNorm = 1.9675, lr_0 = 6.3545e-04
Loss = 1.8046e-02, PNorm = 118.1744, GNorm = 1.0668, lr_0 = 6.3521e-04
Loss = 1.7229e-02, PNorm = 118.1826, GNorm = 0.5857, lr_0 = 6.3496e-04
Loss = 1.6266e-02, PNorm = 118.1932, GNorm = 0.4591, lr_0 = 6.3472e-04
Loss = 1.8419e-02, PNorm = 118.2031, GNorm = 0.8699, lr_0 = 6.3448e-04
Loss = 1.6815e-02, PNorm = 118.2112, GNorm = 0.4724, lr_0 = 6.3423e-04
Loss = 1.7281e-02, PNorm = 118.2199, GNorm = 0.7783, lr_0 = 6.3399e-04
Loss = 1.6645e-02, PNorm = 118.2288, GNorm = 0.7668, lr_0 = 6.3374e-04
Loss = 2.9564e-02, PNorm = 118.2391, GNorm = 0.5719, lr_0 = 6.3350e-04
Loss = 1.8918e-02, PNorm = 118.2480, GNorm = 0.7835, lr_0 = 6.3326e-04
Loss = 2.0943e-02, PNorm = 118.2568, GNorm = 1.5725, lr_0 = 6.3301e-04
Loss = 1.7123e-02, PNorm = 118.2663, GNorm = 0.4064, lr_0 = 6.3277e-04
Loss = 1.8110e-02, PNorm = 118.2775, GNorm = 0.3215, lr_0 = 6.3253e-04
Loss = 2.7241e-02, PNorm = 118.2878, GNorm = 0.7949, lr_0 = 6.3228e-04
Loss = 2.0205e-02, PNorm = 118.2969, GNorm = 0.6308, lr_0 = 6.3204e-04
Loss = 2.2630e-02, PNorm = 118.3028, GNorm = 0.3430, lr_0 = 6.3180e-04
Loss = 1.8308e-02, PNorm = 118.3107, GNorm = 0.5554, lr_0 = 6.3155e-04
Loss = 1.9076e-02, PNorm = 118.3186, GNorm = 0.6080, lr_0 = 6.3131e-04
Loss = 1.7822e-02, PNorm = 118.3264, GNorm = 0.4123, lr_0 = 6.3107e-04
Loss = 1.7562e-02, PNorm = 118.3351, GNorm = 0.4519, lr_0 = 6.3083e-04
Loss = 2.1881e-02, PNorm = 118.3451, GNorm = 1.2504, lr_0 = 6.3058e-04
Loss = 1.7068e-02, PNorm = 118.3565, GNorm = 0.3714, lr_0 = 6.3034e-04
Loss = 2.2703e-02, PNorm = 118.3632, GNorm = 0.4211, lr_0 = 6.3010e-04
Loss = 1.7883e-02, PNorm = 118.3698, GNorm = 0.8089, lr_0 = 6.2986e-04
Loss = 1.9873e-02, PNorm = 118.3791, GNorm = 0.3828, lr_0 = 6.2961e-04
Loss = 1.9789e-02, PNorm = 118.3871, GNorm = 0.5073, lr_0 = 6.2937e-04
Loss = 2.3853e-02, PNorm = 118.3981, GNorm = 0.9125, lr_0 = 6.2913e-04
Loss = 2.2454e-02, PNorm = 118.4126, GNorm = 0.3747, lr_0 = 6.2889e-04
Loss = 1.9291e-02, PNorm = 118.4260, GNorm = 0.3602, lr_0 = 6.2865e-04
Loss = 1.8240e-02, PNorm = 118.4347, GNorm = 0.4101, lr_0 = 6.2840e-04
Loss = 2.0932e-02, PNorm = 118.4443, GNorm = 1.2759, lr_0 = 6.2816e-04
Loss = 1.8273e-02, PNorm = 118.4541, GNorm = 0.3849, lr_0 = 6.2792e-04
Loss = 1.8431e-02, PNorm = 118.4624, GNorm = 0.3513, lr_0 = 6.2768e-04
Loss = 1.7204e-02, PNorm = 118.4719, GNorm = 0.6701, lr_0 = 6.2744e-04
Loss = 2.2892e-02, PNorm = 118.4848, GNorm = 0.3057, lr_0 = 6.2720e-04
Loss = 2.0431e-02, PNorm = 118.4970, GNorm = 0.3615, lr_0 = 6.2696e-04
Loss = 2.1598e-02, PNorm = 118.5106, GNorm = 0.8897, lr_0 = 6.2672e-04
Loss = 1.5746e-02, PNorm = 118.5228, GNorm = 0.2915, lr_0 = 6.2647e-04
Loss = 1.6612e-02, PNorm = 118.5294, GNorm = 0.3884, lr_0 = 6.2623e-04
Loss = 1.9573e-02, PNorm = 118.5363, GNorm = 1.1544, lr_0 = 6.2599e-04
Loss = 1.7081e-02, PNorm = 118.5461, GNorm = 0.9638, lr_0 = 6.2575e-04
Loss = 1.5735e-02, PNorm = 118.5538, GNorm = 0.6354, lr_0 = 6.2551e-04
Loss = 1.4770e-02, PNorm = 118.5614, GNorm = 0.5769, lr_0 = 6.2527e-04
Loss = 1.9182e-02, PNorm = 118.5690, GNorm = 1.0749, lr_0 = 6.2503e-04
Loss = 1.9243e-02, PNorm = 118.5794, GNorm = 0.5600, lr_0 = 6.2479e-04
Loss = 1.8495e-02, PNorm = 118.5874, GNorm = 0.5405, lr_0 = 6.2455e-04
Loss = 1.8116e-02, PNorm = 118.5960, GNorm = 0.3246, lr_0 = 6.2431e-04
Loss = 1.7808e-02, PNorm = 118.6035, GNorm = 0.5623, lr_0 = 6.2407e-04
Loss = 1.6840e-02, PNorm = 118.6095, GNorm = 0.6142, lr_0 = 6.2383e-04
Loss = 1.7777e-02, PNorm = 118.6199, GNorm = 0.8234, lr_0 = 6.2359e-04
Loss = 1.8769e-02, PNorm = 118.6270, GNorm = 0.3278, lr_0 = 6.2335e-04
Loss = 1.5465e-02, PNorm = 118.6347, GNorm = 0.3627, lr_0 = 6.2311e-04
Loss = 1.4030e-02, PNorm = 118.6399, GNorm = 0.4342, lr_0 = 6.2287e-04
Loss = 1.8711e-02, PNorm = 118.6482, GNorm = 0.8344, lr_0 = 6.2263e-04
Loss = 1.7385e-02, PNorm = 118.6532, GNorm = 0.5382, lr_0 = 6.2239e-04
Loss = 1.5228e-02, PNorm = 118.6616, GNorm = 0.3314, lr_0 = 6.2215e-04
Loss = 2.0015e-02, PNorm = 118.6695, GNorm = 0.4473, lr_0 = 6.2191e-04
Loss = 1.7627e-02, PNorm = 118.6766, GNorm = 0.7476, lr_0 = 6.2167e-04
Loss = 1.7334e-02, PNorm = 118.6846, GNorm = 0.6846, lr_0 = 6.2143e-04
Loss = 1.7267e-02, PNorm = 118.6909, GNorm = 0.3054, lr_0 = 6.2120e-04
Loss = 1.9193e-02, PNorm = 118.6964, GNorm = 1.1345, lr_0 = 6.2096e-04
Loss = 1.5624e-02, PNorm = 118.7021, GNorm = 0.3969, lr_0 = 6.2072e-04
Loss = 1.2657e-02, PNorm = 118.7081, GNorm = 0.3128, lr_0 = 6.2048e-04
Loss = 1.4411e-02, PNorm = 118.7136, GNorm = 0.7608, lr_0 = 6.2024e-04
Loss = 2.3483e-02, PNorm = 118.7246, GNorm = 0.3449, lr_0 = 6.2000e-04
Loss = 1.8186e-02, PNorm = 118.7339, GNorm = 0.6975, lr_0 = 6.1976e-04
Loss = 1.1984e-02, PNorm = 118.7423, GNorm = 0.2880, lr_0 = 6.1953e-04
Loss = 1.6976e-02, PNorm = 118.7451, GNorm = 0.2914, lr_0 = 6.1929e-04
Loss = 1.8361e-02, PNorm = 118.7493, GNorm = 0.3317, lr_0 = 6.1905e-04
Loss = 1.4396e-02, PNorm = 118.7560, GNorm = 1.2079, lr_0 = 6.1881e-04
Loss = 1.9531e-02, PNorm = 118.7649, GNorm = 0.4462, lr_0 = 6.1857e-04
Loss = 1.7382e-02, PNorm = 118.7712, GNorm = 0.5000, lr_0 = 6.1834e-04
Loss = 1.8739e-02, PNorm = 118.7795, GNorm = 0.6244, lr_0 = 6.1810e-04
Loss = 1.9742e-02, PNorm = 118.7896, GNorm = 1.5673, lr_0 = 6.1786e-04
Loss = 2.2058e-02, PNorm = 118.8015, GNorm = 0.4307, lr_0 = 6.1762e-04
Loss = 1.4852e-02, PNorm = 118.8098, GNorm = 0.3318, lr_0 = 6.1738e-04
Loss = 2.2766e-02, PNorm = 118.8149, GNorm = 0.5900, lr_0 = 6.1715e-04
Loss = 1.8799e-02, PNorm = 118.8191, GNorm = 0.5670, lr_0 = 6.1691e-04
Loss = 1.4207e-02, PNorm = 118.8246, GNorm = 0.4114, lr_0 = 6.1667e-04
Loss = 1.8287e-02, PNorm = 118.8313, GNorm = 0.3168, lr_0 = 6.1644e-04
Loss = 2.1549e-02, PNorm = 118.8380, GNorm = 0.4027, lr_0 = 6.1620e-04
Loss = 1.8577e-02, PNorm = 118.8442, GNorm = 0.6050, lr_0 = 6.1596e-04
Loss = 1.5671e-02, PNorm = 118.8506, GNorm = 0.3738, lr_0 = 6.1572e-04
Loss = 1.4915e-02, PNorm = 118.8598, GNorm = 0.2617, lr_0 = 6.1549e-04
Loss = 1.6981e-02, PNorm = 118.8677, GNorm = 0.4447, lr_0 = 6.1525e-04
Loss = 1.5931e-02, PNorm = 118.8741, GNorm = 0.4154, lr_0 = 6.1501e-04
Loss = 1.6868e-02, PNorm = 118.8816, GNorm = 0.6338, lr_0 = 6.1478e-04
Loss = 1.4482e-02, PNorm = 118.8887, GNorm = 0.4570, lr_0 = 6.1454e-04
Loss = 1.7784e-02, PNorm = 118.8945, GNorm = 0.3506, lr_0 = 6.1431e-04
Loss = 1.4878e-02, PNorm = 118.8990, GNorm = 0.7126, lr_0 = 6.1407e-04
Loss = 1.4946e-02, PNorm = 118.9089, GNorm = 0.2875, lr_0 = 6.1383e-04
Loss = 1.7141e-02, PNorm = 118.9153, GNorm = 0.3393, lr_0 = 6.1360e-04
Loss = 1.6648e-02, PNorm = 118.9227, GNorm = 0.3975, lr_0 = 6.1336e-04
Loss = 3.4963e-02, PNorm = 118.9339, GNorm = 1.7376, lr_0 = 6.1313e-04
Loss = 2.2269e-02, PNorm = 118.9434, GNorm = 0.5097, lr_0 = 6.1289e-04
Loss = 1.8179e-02, PNorm = 118.9532, GNorm = 0.5166, lr_0 = 6.1265e-04
Loss = 1.7815e-02, PNorm = 118.9626, GNorm = 0.3989, lr_0 = 6.1242e-04
Loss = 1.9575e-02, PNorm = 118.9693, GNorm = 0.5013, lr_0 = 6.1218e-04
Loss = 1.6298e-02, PNorm = 118.9746, GNorm = 0.4089, lr_0 = 6.1195e-04
Loss = 1.3361e-02, PNorm = 118.9823, GNorm = 0.3469, lr_0 = 6.1171e-04
Loss = 1.9382e-02, PNorm = 118.9919, GNorm = 0.3361, lr_0 = 6.1148e-04
Loss = 1.8138e-02, PNorm = 118.9968, GNorm = 0.8705, lr_0 = 6.1124e-04
Loss = 2.0031e-02, PNorm = 119.0080, GNorm = 0.4975, lr_0 = 6.1101e-04
Loss = 1.8002e-02, PNorm = 119.0179, GNorm = 0.4636, lr_0 = 6.1077e-04
Loss = 2.1814e-02, PNorm = 119.0266, GNorm = 0.4405, lr_0 = 6.1054e-04
Loss = 1.6132e-02, PNorm = 119.0321, GNorm = 0.5333, lr_0 = 6.1030e-04
Loss = 1.6682e-02, PNorm = 119.0346, GNorm = 0.6619, lr_0 = 6.1007e-04
Loss = 1.7828e-02, PNorm = 119.0414, GNorm = 0.7069, lr_0 = 6.0983e-04
Loss = 1.6963e-02, PNorm = 119.0501, GNorm = 1.0186, lr_0 = 6.0960e-04
Loss = 1.6733e-02, PNorm = 119.0560, GNorm = 0.5480, lr_0 = 6.0936e-04
Loss = 1.5474e-02, PNorm = 119.0653, GNorm = 0.8552, lr_0 = 6.0913e-04
Loss = 1.2573e-02, PNorm = 119.0723, GNorm = 0.3563, lr_0 = 6.0890e-04
Loss = 1.4611e-02, PNorm = 119.0768, GNorm = 0.2859, lr_0 = 6.0866e-04
Loss = 2.6066e-02, PNorm = 119.0824, GNorm = 0.4596, lr_0 = 6.0843e-04
Loss = 1.8237e-02, PNorm = 119.0921, GNorm = 0.5410, lr_0 = 6.0819e-04
Loss = 1.6094e-02, PNorm = 119.1009, GNorm = 0.4138, lr_0 = 6.0796e-04
Loss = 1.8815e-02, PNorm = 119.1079, GNorm = 0.5325, lr_0 = 6.0773e-04
Loss = 1.7591e-02, PNorm = 119.1186, GNorm = 0.3043, lr_0 = 6.0749e-04
Loss = 1.9821e-02, PNorm = 119.1271, GNorm = 0.3505, lr_0 = 6.0726e-04
Loss = 1.9263e-02, PNorm = 119.1321, GNorm = 0.5417, lr_0 = 6.0702e-04
Loss = 1.6227e-02, PNorm = 119.1384, GNorm = 0.6777, lr_0 = 6.0679e-04
Loss = 1.4567e-02, PNorm = 119.1439, GNorm = 0.3413, lr_0 = 6.0656e-04
Loss = 1.7580e-02, PNorm = 119.1493, GNorm = 0.5539, lr_0 = 6.0632e-04
Loss = 1.7019e-02, PNorm = 119.1523, GNorm = 0.5977, lr_0 = 6.0609e-04
Loss = 1.5325e-02, PNorm = 119.1611, GNorm = 0.2518, lr_0 = 6.0586e-04
Loss = 1.7131e-02, PNorm = 119.1694, GNorm = 0.3179, lr_0 = 6.0563e-04
Loss = 1.5788e-02, PNorm = 119.1772, GNorm = 0.3642, lr_0 = 6.0539e-04
Loss = 1.7422e-02, PNorm = 119.1876, GNorm = 0.5129, lr_0 = 6.0516e-04
Loss = 1.5584e-02, PNorm = 119.1967, GNorm = 0.5615, lr_0 = 6.0493e-04
Loss = 1.5009e-02, PNorm = 119.2027, GNorm = 0.3651, lr_0 = 6.0469e-04
Loss = 1.6221e-02, PNorm = 119.2081, GNorm = 0.3393, lr_0 = 6.0446e-04
Loss = 1.4333e-02, PNorm = 119.2136, GNorm = 0.5856, lr_0 = 6.0423e-04
Loss = 1.6781e-02, PNorm = 119.2224, GNorm = 0.7785, lr_0 = 6.0400e-04
Loss = 1.5500e-02, PNorm = 119.2319, GNorm = 0.4846, lr_0 = 6.0376e-04
Loss = 1.5638e-02, PNorm = 119.2420, GNorm = 0.6815, lr_0 = 6.0353e-04
Loss = 1.5132e-02, PNorm = 119.2505, GNorm = 0.3448, lr_0 = 6.0330e-04
Loss = 1.5870e-02, PNorm = 119.2605, GNorm = 0.3189, lr_0 = 6.0307e-04
Loss = 1.5831e-02, PNorm = 119.2684, GNorm = 0.2913, lr_0 = 6.0284e-04
Loss = 2.0256e-02, PNorm = 119.2735, GNorm = 0.6882, lr_0 = 6.0261e-04
Loss = 1.9306e-02, PNorm = 119.2822, GNorm = 0.5097, lr_0 = 6.0237e-04
Loss = 1.4736e-02, PNorm = 119.2930, GNorm = 0.3700, lr_0 = 6.0214e-04
Loss = 1.8339e-02, PNorm = 119.3005, GNorm = 0.4765, lr_0 = 6.0191e-04
Loss = 1.4839e-02, PNorm = 119.3099, GNorm = 0.3634, lr_0 = 6.0168e-04
Loss = 1.8438e-02, PNorm = 119.3182, GNorm = 0.9218, lr_0 = 6.0145e-04
Loss = 1.5340e-02, PNorm = 119.3247, GNorm = 0.3243, lr_0 = 6.0122e-04
Loss = 1.9292e-02, PNorm = 119.3318, GNorm = 0.7643, lr_0 = 6.0098e-04
Loss = 1.4895e-02, PNorm = 119.3378, GNorm = 0.2261, lr_0 = 6.0075e-04
Loss = 1.5874e-02, PNorm = 119.3442, GNorm = 0.9410, lr_0 = 6.0052e-04
Loss = 1.8325e-02, PNorm = 119.3511, GNorm = 0.3127, lr_0 = 6.0029e-04
Loss = 1.7526e-02, PNorm = 119.3598, GNorm = 0.9300, lr_0 = 6.0006e-04
Loss = 1.5025e-02, PNorm = 119.3674, GNorm = 0.3401, lr_0 = 5.9983e-04
Loss = 1.6655e-02, PNorm = 119.3739, GNorm = 0.3735, lr_0 = 5.9960e-04
Loss = 1.6099e-02, PNorm = 119.3800, GNorm = 0.3487, lr_0 = 5.9937e-04
Loss = 1.6090e-02, PNorm = 119.3832, GNorm = 0.5653, lr_0 = 5.9914e-04
Loss = 1.1870e-02, PNorm = 119.3827, GNorm = 0.4735, lr_0 = 5.9891e-04
Loss = 1.7465e-02, PNorm = 119.3855, GNorm = 0.3695, lr_0 = 5.9868e-04
Loss = 1.8645e-02, PNorm = 119.3901, GNorm = 0.4443, lr_0 = 5.9845e-04
Loss = 1.5663e-02, PNorm = 119.3978, GNorm = 0.5656, lr_0 = 5.9822e-04
Loss = 2.2483e-02, PNorm = 119.4098, GNorm = 0.3920, lr_0 = 5.9799e-04
Loss = 2.9550e-02, PNorm = 119.4223, GNorm = 0.7434, lr_0 = 5.9776e-04
Loss = 2.5591e-02, PNorm = 119.4361, GNorm = 0.3985, lr_0 = 5.9753e-04
Loss = 2.0101e-02, PNorm = 119.4456, GNorm = 0.4655, lr_0 = 5.9730e-04
Loss = 1.8726e-02, PNorm = 119.4546, GNorm = 0.3952, lr_0 = 5.9707e-04
Loss = 1.7987e-02, PNorm = 119.4629, GNorm = 0.4684, lr_0 = 5.9684e-04
Loss = 1.9232e-02, PNorm = 119.4716, GNorm = 0.3585, lr_0 = 5.9661e-04
Loss = 1.5918e-02, PNorm = 119.4819, GNorm = 0.7442, lr_0 = 5.9638e-04
Loss = 1.6292e-02, PNorm = 119.4901, GNorm = 0.5494, lr_0 = 5.9615e-04
Loss = 1.6791e-02, PNorm = 119.4965, GNorm = 0.5954, lr_0 = 5.9592e-04
Loss = 1.8211e-02, PNorm = 119.5017, GNorm = 0.2830, lr_0 = 5.9569e-04
Loss = 1.9868e-02, PNorm = 119.5108, GNorm = 0.5460, lr_0 = 5.9546e-04
Loss = 2.2403e-02, PNorm = 119.5202, GNorm = 0.6101, lr_0 = 5.9523e-04
Loss = 1.5436e-02, PNorm = 119.5261, GNorm = 0.4579, lr_0 = 5.9500e-04
Loss = 1.5267e-02, PNorm = 119.5293, GNorm = 0.8323, lr_0 = 5.9478e-04
Loss = 1.6604e-02, PNorm = 119.5332, GNorm = 0.4324, lr_0 = 5.9455e-04
Loss = 1.4755e-02, PNorm = 119.5416, GNorm = 0.4013, lr_0 = 5.9432e-04
Loss = 1.4647e-02, PNorm = 119.5506, GNorm = 0.7515, lr_0 = 5.9409e-04
Loss = 1.7133e-02, PNorm = 119.5589, GNorm = 0.2493, lr_0 = 5.9386e-04
Loss = 1.2649e-02, PNorm = 119.5669, GNorm = 0.2937, lr_0 = 5.9363e-04
Loss = 1.4744e-02, PNorm = 119.5733, GNorm = 0.3530, lr_0 = 5.9341e-04
Loss = 1.5492e-02, PNorm = 119.5785, GNorm = 0.6707, lr_0 = 5.9318e-04
Loss = 2.0700e-02, PNorm = 119.5817, GNorm = 1.3825, lr_0 = 5.9295e-04
Loss = 1.5242e-02, PNorm = 119.5868, GNorm = 0.5410, lr_0 = 5.9272e-04
Loss = 2.0475e-02, PNorm = 119.5944, GNorm = 0.5964, lr_0 = 5.9249e-04
Loss = 1.9167e-02, PNorm = 119.6046, GNorm = 0.4635, lr_0 = 5.9227e-04
Loss = 2.0357e-02, PNorm = 119.6142, GNorm = 0.4191, lr_0 = 5.9204e-04
Loss = 1.8439e-02, PNorm = 119.6226, GNorm = 0.2750, lr_0 = 5.9181e-04
Loss = 1.6292e-02, PNorm = 119.6314, GNorm = 0.3415, lr_0 = 5.9158e-04
Loss = 1.7287e-02, PNorm = 119.6369, GNorm = 0.5055, lr_0 = 5.9135e-04
Loss = 1.8254e-02, PNorm = 119.6398, GNorm = 0.3491, lr_0 = 5.9113e-04
Loss = 1.6715e-02, PNorm = 119.6434, GNorm = 0.4074, lr_0 = 5.9090e-04
Loss = 1.6457e-02, PNorm = 119.6495, GNorm = 0.2721, lr_0 = 5.9067e-04
Loss = 2.1935e-02, PNorm = 119.6573, GNorm = 0.6894, lr_0 = 5.9045e-04
Loss = 2.0028e-02, PNorm = 119.6640, GNorm = 1.1162, lr_0 = 5.9022e-04
Loss = 1.7889e-02, PNorm = 119.6729, GNorm = 0.5042, lr_0 = 5.8999e-04
Loss = 2.4968e-02, PNorm = 119.6814, GNorm = 0.5513, lr_0 = 5.8976e-04
Loss = 1.6332e-02, PNorm = 119.6878, GNorm = 0.4568, lr_0 = 5.8954e-04
Loss = 1.4872e-02, PNorm = 119.6941, GNorm = 0.2983, lr_0 = 5.8931e-04
Loss = 2.1168e-02, PNorm = 119.7051, GNorm = 0.5144, lr_0 = 5.8908e-04
Loss = 1.6432e-02, PNorm = 119.7146, GNorm = 0.4565, lr_0 = 5.8886e-04
Loss = 1.3740e-02, PNorm = 119.7239, GNorm = 0.5852, lr_0 = 5.8863e-04
Loss = 1.7015e-02, PNorm = 119.7316, GNorm = 1.0421, lr_0 = 5.8841e-04
Loss = 1.4113e-02, PNorm = 119.7375, GNorm = 0.2491, lr_0 = 5.8818e-04
Loss = 1.4872e-02, PNorm = 119.7446, GNorm = 0.6800, lr_0 = 5.8795e-04
Loss = 1.7194e-02, PNorm = 119.7511, GNorm = 0.3400, lr_0 = 5.8773e-04
Loss = 1.5479e-02, PNorm = 119.7578, GNorm = 0.3926, lr_0 = 5.8750e-04
Loss = 1.8133e-02, PNorm = 119.7652, GNorm = 0.3108, lr_0 = 5.8727e-04
Loss = 1.4041e-02, PNorm = 119.7718, GNorm = 0.4883, lr_0 = 5.8705e-04
Loss = 1.6284e-02, PNorm = 119.7800, GNorm = 0.7452, lr_0 = 5.8682e-04
Loss = 1.3126e-02, PNorm = 119.7872, GNorm = 0.5769, lr_0 = 5.8660e-04
Loss = 1.6840e-02, PNorm = 119.7927, GNorm = 0.6981, lr_0 = 5.8637e-04
Loss = 1.5953e-02, PNorm = 119.8039, GNorm = 0.4811, lr_0 = 5.8615e-04
Loss = 1.7247e-02, PNorm = 119.8108, GNorm = 0.4945, lr_0 = 5.8592e-04
Loss = 1.6451e-02, PNorm = 119.8188, GNorm = 1.1275, lr_0 = 5.8570e-04
Loss = 1.5637e-02, PNorm = 119.8277, GNorm = 0.2878, lr_0 = 5.8547e-04
Loss = 1.5455e-02, PNorm = 119.8358, GNorm = 0.5460, lr_0 = 5.8525e-04
Loss = 1.5190e-02, PNorm = 119.8420, GNorm = 0.3443, lr_0 = 5.8502e-04
Loss = 1.3902e-02, PNorm = 119.8485, GNorm = 0.3743, lr_0 = 5.8480e-04
Loss = 1.5537e-02, PNorm = 119.8526, GNorm = 0.2461, lr_0 = 5.8457e-04
Loss = 1.3094e-02, PNorm = 119.8586, GNorm = 0.3377, lr_0 = 5.8435e-04
Loss = 1.5395e-02, PNorm = 119.8682, GNorm = 0.4360, lr_0 = 5.8412e-04
Loss = 1.4070e-02, PNorm = 119.8768, GNorm = 0.5580, lr_0 = 5.8390e-04
Loss = 1.8940e-02, PNorm = 119.8829, GNorm = 0.4094, lr_0 = 5.8367e-04
Loss = 1.9509e-02, PNorm = 119.8906, GNorm = 0.4587, lr_0 = 5.8345e-04
Loss = 1.7241e-02, PNorm = 119.8967, GNorm = 0.4089, lr_0 = 5.8322e-04
Loss = 1.3072e-02, PNorm = 119.9008, GNorm = 0.7102, lr_0 = 5.8300e-04
Loss = 1.3591e-02, PNorm = 119.9067, GNorm = 0.4436, lr_0 = 5.8277e-04
Loss = 1.8529e-02, PNorm = 119.9151, GNorm = 0.3243, lr_0 = 5.8255e-04
Loss = 1.4470e-02, PNorm = 119.9214, GNorm = 0.3182, lr_0 = 5.8233e-04
Loss = 1.6743e-02, PNorm = 119.9277, GNorm = 0.3262, lr_0 = 5.8210e-04
Loss = 1.2948e-02, PNorm = 119.9331, GNorm = 0.9702, lr_0 = 5.8188e-04
Loss = 1.2952e-02, PNorm = 119.9392, GNorm = 0.4449, lr_0 = 5.8166e-04
Loss = 1.4545e-02, PNorm = 119.9450, GNorm = 0.7350, lr_0 = 5.8143e-04
Loss = 1.4096e-02, PNorm = 119.9526, GNorm = 0.3338, lr_0 = 5.8121e-04
Loss = 1.5687e-02, PNorm = 119.9597, GNorm = 0.4380, lr_0 = 5.8098e-04
Loss = 1.4155e-02, PNorm = 119.9675, GNorm = 0.5265, lr_0 = 5.8076e-04
Loss = 1.3518e-02, PNorm = 119.9738, GNorm = 0.1998, lr_0 = 5.8054e-04
Loss = 1.3847e-02, PNorm = 119.9821, GNorm = 0.3976, lr_0 = 5.8031e-04
Loss = 1.3417e-02, PNorm = 119.9886, GNorm = 0.3464, lr_0 = 5.8009e-04
Loss = 1.3456e-02, PNorm = 119.9947, GNorm = 0.4223, lr_0 = 5.7987e-04
Loss = 1.7577e-02, PNorm = 120.0021, GNorm = 0.6530, lr_0 = 5.7965e-04
Loss = 1.7586e-02, PNorm = 120.0068, GNorm = 0.4277, lr_0 = 5.7942e-04
Loss = 1.5699e-02, PNorm = 120.0146, GNorm = 0.2871, lr_0 = 5.7920e-04
Loss = 1.8690e-02, PNorm = 120.0197, GNorm = 0.4589, lr_0 = 5.7898e-04
Loss = 1.2820e-02, PNorm = 120.0261, GNorm = 0.3386, lr_0 = 5.7875e-04
Loss = 1.4933e-02, PNorm = 120.0315, GNorm = 0.2991, lr_0 = 5.7853e-04
Loss = 1.5917e-02, PNorm = 120.0372, GNorm = 0.3311, lr_0 = 5.7831e-04
Loss = 1.7695e-02, PNorm = 120.0448, GNorm = 0.4480, lr_0 = 5.7809e-04
Loss = 1.3416e-02, PNorm = 120.0501, GNorm = 0.4155, lr_0 = 5.7786e-04
Loss = 1.2818e-02, PNorm = 120.0542, GNorm = 0.7961, lr_0 = 5.7764e-04
Loss = 1.7743e-02, PNorm = 120.0607, GNorm = 0.4908, lr_0 = 5.7742e-04
Loss = 1.4931e-02, PNorm = 120.0677, GNorm = 0.3206, lr_0 = 5.7720e-04
Loss = 1.5007e-02, PNorm = 120.0747, GNorm = 0.7302, lr_0 = 5.7698e-04
Loss = 2.0763e-02, PNorm = 120.0791, GNorm = 0.5092, lr_0 = 5.7675e-04
Loss = 1.8070e-02, PNorm = 120.0830, GNorm = 0.5213, lr_0 = 5.7653e-04
Loss = 1.5480e-02, PNorm = 120.0881, GNorm = 0.8627, lr_0 = 5.7631e-04
Loss = 1.4667e-02, PNorm = 120.0927, GNorm = 0.3317, lr_0 = 5.7609e-04
Loss = 1.5239e-02, PNorm = 120.0967, GNorm = 1.0426, lr_0 = 5.7587e-04
Loss = 1.8062e-02, PNorm = 120.1028, GNorm = 0.3092, lr_0 = 5.7565e-04
Loss = 2.0470e-02, PNorm = 120.1135, GNorm = 5.6215, lr_0 = 5.7542e-04
Loss = 1.6807e-02, PNorm = 120.1204, GNorm = 0.8855, lr_0 = 5.7520e-04
Loss = 1.9953e-02, PNorm = 120.1284, GNorm = 0.4552, lr_0 = 5.7498e-04
Loss = 1.8065e-02, PNorm = 120.1344, GNorm = 1.3732, lr_0 = 5.7476e-04
Loss = 2.1199e-02, PNorm = 120.1451, GNorm = 1.0952, lr_0 = 5.7454e-04
Loss = 2.1647e-02, PNorm = 120.1510, GNorm = 5.4123, lr_0 = 5.7432e-04
Loss = 1.9389e-02, PNorm = 120.1595, GNorm = 0.3421, lr_0 = 5.7410e-04
Loss = 1.8131e-02, PNorm = 120.1694, GNorm = 0.7196, lr_0 = 5.7388e-04
Loss = 1.5092e-02, PNorm = 120.1764, GNorm = 0.3583, lr_0 = 5.7366e-04
Loss = 1.5681e-02, PNorm = 120.1855, GNorm = 0.9974, lr_0 = 5.7344e-04
Loss = 1.9160e-02, PNorm = 120.1943, GNorm = 0.5566, lr_0 = 5.7322e-04
Loss = 1.7290e-02, PNorm = 120.2024, GNorm = 0.5044, lr_0 = 5.7300e-04
Loss = 1.6404e-02, PNorm = 120.2093, GNorm = 0.2428, lr_0 = 5.7278e-04
Loss = 1.6554e-02, PNorm = 120.2159, GNorm = 0.3438, lr_0 = 5.7255e-04
Loss = 1.5690e-02, PNorm = 120.2206, GNorm = 0.4616, lr_0 = 5.7233e-04
Loss = 1.7116e-02, PNorm = 120.2288, GNorm = 0.5514, lr_0 = 5.7211e-04
Loss = 2.2536e-02, PNorm = 120.2334, GNorm = 0.3725, lr_0 = 5.7189e-04
Loss = 1.5235e-02, PNorm = 120.2374, GNorm = 0.3883, lr_0 = 5.7167e-04
Loss = 1.6924e-02, PNorm = 120.2436, GNorm = 0.4984, lr_0 = 5.7145e-04
Loss = 1.4768e-02, PNorm = 120.2484, GNorm = 0.4415, lr_0 = 5.7124e-04
Loss = 1.4012e-02, PNorm = 120.2529, GNorm = 0.3844, lr_0 = 5.7102e-04
Loss = 1.6010e-02, PNorm = 120.2574, GNorm = 0.3869, lr_0 = 5.7080e-04
Loss = 1.3231e-02, PNorm = 120.2653, GNorm = 0.4094, lr_0 = 5.7058e-04
Loss = 1.5010e-02, PNorm = 120.2728, GNorm = 0.4847, lr_0 = 5.7036e-04
Loss = 1.6183e-02, PNorm = 120.2792, GNorm = 0.5605, lr_0 = 5.7014e-04
Loss = 1.8265e-02, PNorm = 120.2820, GNorm = 0.3761, lr_0 = 5.6992e-04
Loss = 1.6479e-02, PNorm = 120.2880, GNorm = 0.8263, lr_0 = 5.6970e-04
Loss = 1.6724e-02, PNorm = 120.2959, GNorm = 1.0245, lr_0 = 5.6948e-04
Loss = 1.3775e-02, PNorm = 120.3029, GNorm = 0.3726, lr_0 = 5.6926e-04
Loss = 1.4916e-02, PNorm = 120.3104, GNorm = 0.5621, lr_0 = 5.6904e-04
Loss = 1.7229e-02, PNorm = 120.3203, GNorm = 0.6614, lr_0 = 5.6882e-04
Loss = 1.5982e-02, PNorm = 120.3281, GNorm = 0.5536, lr_0 = 5.6860e-04
Loss = 1.3452e-02, PNorm = 120.3335, GNorm = 0.4093, lr_0 = 5.6839e-04
Loss = 1.7335e-02, PNorm = 120.3386, GNorm = 1.0451, lr_0 = 5.6817e-04
Loss = 1.4068e-02, PNorm = 120.3453, GNorm = 0.5562, lr_0 = 5.6795e-04
Loss = 1.3355e-02, PNorm = 120.3526, GNorm = 0.4170, lr_0 = 5.6773e-04
Loss = 1.7527e-02, PNorm = 120.3587, GNorm = 0.5029, lr_0 = 5.6751e-04
Loss = 1.3016e-02, PNorm = 120.3667, GNorm = 0.3602, lr_0 = 5.6729e-04
Loss = 1.5919e-02, PNorm = 120.3723, GNorm = 0.3687, lr_0 = 5.6708e-04
Loss = 2.0470e-02, PNorm = 120.3741, GNorm = 1.1266, lr_0 = 5.6686e-04
Loss = 1.4265e-02, PNorm = 120.3786, GNorm = 0.2942, lr_0 = 5.6664e-04
Loss = 1.7211e-02, PNorm = 120.3875, GNorm = 0.3417, lr_0 = 5.6642e-04
Loss = 1.5906e-02, PNorm = 120.3958, GNorm = 1.5465, lr_0 = 5.6620e-04
Loss = 1.6054e-02, PNorm = 120.4020, GNorm = 0.6874, lr_0 = 5.6599e-04
Loss = 1.4318e-02, PNorm = 120.4096, GNorm = 0.5336, lr_0 = 5.6577e-04
Loss = 1.5719e-02, PNorm = 120.4169, GNorm = 0.3083, lr_0 = 5.6555e-04
Loss = 1.5076e-02, PNorm = 120.4187, GNorm = 0.3977, lr_0 = 5.6533e-04
Loss = 1.9985e-02, PNorm = 120.4214, GNorm = 0.4322, lr_0 = 5.6512e-04
Loss = 1.5569e-02, PNorm = 120.4287, GNorm = 0.4092, lr_0 = 5.6490e-04
Loss = 1.8227e-02, PNorm = 120.4370, GNorm = 2.8453, lr_0 = 5.6468e-04
Loss = 1.3995e-02, PNorm = 120.4452, GNorm = 0.4033, lr_0 = 5.6446e-04
Loss = 1.8287e-02, PNorm = 120.4538, GNorm = 0.4683, lr_0 = 5.6425e-04
Loss = 1.8151e-02, PNorm = 120.4611, GNorm = 0.5295, lr_0 = 5.6403e-04
Loss = 1.7791e-02, PNorm = 120.4687, GNorm = 0.3762, lr_0 = 5.6381e-04
Loss = 1.5318e-02, PNorm = 120.4771, GNorm = 0.2911, lr_0 = 5.6360e-04
Loss = 1.5314e-02, PNorm = 120.4858, GNorm = 0.4819, lr_0 = 5.6338e-04
Loss = 1.7028e-02, PNorm = 120.4950, GNorm = 0.3741, lr_0 = 5.6316e-04
Loss = 1.7353e-02, PNorm = 120.5024, GNorm = 0.6390, lr_0 = 5.6295e-04
Loss = 1.4488e-02, PNorm = 120.5095, GNorm = 0.2058, lr_0 = 5.6273e-04
Loss = 1.2404e-02, PNorm = 120.5172, GNorm = 0.3055, lr_0 = 5.6251e-04
Loss = 1.3344e-02, PNorm = 120.5220, GNorm = 0.3750, lr_0 = 5.6230e-04
Loss = 1.5874e-02, PNorm = 120.5258, GNorm = 0.4200, lr_0 = 5.6208e-04
Loss = 1.6871e-02, PNorm = 120.5327, GNorm = 0.3161, lr_0 = 5.6187e-04
Loss = 1.4954e-02, PNorm = 120.5397, GNorm = 0.2487, lr_0 = 5.6165e-04
Loss = 1.3973e-02, PNorm = 120.5461, GNorm = 0.6563, lr_0 = 5.6143e-04
Loss = 1.5646e-02, PNorm = 120.5532, GNorm = 0.3734, lr_0 = 5.6122e-04
Loss = 1.5166e-02, PNorm = 120.5573, GNorm = 0.5169, lr_0 = 5.6100e-04
Loss = 1.5178e-02, PNorm = 120.5635, GNorm = 0.2418, lr_0 = 5.6079e-04
Loss = 1.5084e-02, PNorm = 120.5698, GNorm = 0.7223, lr_0 = 5.6057e-04
Loss = 1.6685e-02, PNorm = 120.5762, GNorm = 0.3766, lr_0 = 5.6036e-04
Loss = 1.6707e-02, PNorm = 120.5824, GNorm = 0.4092, lr_0 = 5.6014e-04
Loss = 1.3672e-02, PNorm = 120.5890, GNorm = 0.2380, lr_0 = 5.5992e-04
Loss = 1.4164e-02, PNorm = 120.5959, GNorm = 0.2739, lr_0 = 5.5971e-04
Loss = 1.4441e-02, PNorm = 120.6011, GNorm = 0.3373, lr_0 = 5.5949e-04
Loss = 1.4230e-02, PNorm = 120.6045, GNorm = 0.5640, lr_0 = 5.5928e-04
Loss = 1.1263e-02, PNorm = 120.6092, GNorm = 0.2144, lr_0 = 5.5906e-04
Loss = 2.5810e-02, PNorm = 120.6162, GNorm = 0.8095, lr_0 = 5.5885e-04
Loss = 1.4379e-02, PNorm = 120.6227, GNorm = 0.3740, lr_0 = 5.5863e-04
Loss = 1.5042e-02, PNorm = 120.6292, GNorm = 0.3391, lr_0 = 5.5842e-04
Loss = 1.3440e-02, PNorm = 120.6348, GNorm = 0.2574, lr_0 = 5.5820e-04
Loss = 1.6420e-02, PNorm = 120.6432, GNorm = 0.4494, lr_0 = 5.5799e-04
Loss = 1.5140e-02, PNorm = 120.6509, GNorm = 0.4682, lr_0 = 5.5777e-04
Loss = 1.3836e-02, PNorm = 120.6584, GNorm = 0.2986, lr_0 = 5.5756e-04
Loss = 1.5000e-02, PNorm = 120.6617, GNorm = 0.7549, lr_0 = 5.5735e-04
Loss = 1.5269e-02, PNorm = 120.6638, GNorm = 0.6939, lr_0 = 5.5713e-04
Loss = 1.5199e-02, PNorm = 120.6686, GNorm = 0.2867, lr_0 = 5.5692e-04
Loss = 1.7410e-02, PNorm = 120.6733, GNorm = 1.1226, lr_0 = 5.5670e-04
Loss = 1.5283e-02, PNorm = 120.6772, GNorm = 0.5921, lr_0 = 5.5649e-04
Loss = 1.5432e-02, PNorm = 120.6831, GNorm = 0.5392, lr_0 = 5.5628e-04
Loss = 1.4662e-02, PNorm = 120.6920, GNorm = 0.7021, lr_0 = 5.5606e-04
Loss = 1.6521e-02, PNorm = 120.7007, GNorm = 0.2964, lr_0 = 5.5585e-04
Loss = 1.7891e-02, PNorm = 120.7115, GNorm = 0.4269, lr_0 = 5.5563e-04
Loss = 1.4426e-02, PNorm = 120.7186, GNorm = 0.4256, lr_0 = 5.5542e-04
Loss = 1.4672e-02, PNorm = 120.7237, GNorm = 0.7795, lr_0 = 5.5521e-04
Loss = 1.2400e-02, PNorm = 120.7277, GNorm = 0.2560, lr_0 = 5.5499e-04
Loss = 1.3941e-02, PNorm = 120.7329, GNorm = 0.5636, lr_0 = 5.5478e-04
Loss = 1.7405e-02, PNorm = 120.7405, GNorm = 0.4498, lr_0 = 5.5457e-04
Loss = 1.3261e-02, PNorm = 120.7466, GNorm = 0.3423, lr_0 = 5.5435e-04
Loss = 2.0930e-02, PNorm = 120.7511, GNorm = 0.4017, lr_0 = 5.5414e-04
Loss = 1.6163e-02, PNorm = 120.7590, GNorm = 0.3687, lr_0 = 5.5393e-04
Loss = 1.2212e-02, PNorm = 120.7642, GNorm = 0.2811, lr_0 = 5.5371e-04
Loss = 1.3046e-02, PNorm = 120.7688, GNorm = 0.4416, lr_0 = 5.5350e-04
Loss = 1.5925e-02, PNorm = 120.7731, GNorm = 0.5532, lr_0 = 5.5329e-04
Loss = 1.4148e-02, PNorm = 120.7795, GNorm = 0.1957, lr_0 = 5.5308e-04
Loss = 1.9529e-02, PNorm = 120.7860, GNorm = 0.8086, lr_0 = 5.5286e-04
Loss = 1.4939e-02, PNorm = 120.7929, GNorm = 0.6791, lr_0 = 5.5265e-04
Loss = 1.2353e-02, PNorm = 120.7991, GNorm = 0.3933, lr_0 = 5.5244e-04
Loss = 1.3004e-02, PNorm = 120.8062, GNorm = 0.5773, lr_0 = 5.5222e-04
Loss = 1.2825e-02, PNorm = 120.8140, GNorm = 0.4177, lr_0 = 5.5201e-04
Loss = 1.3500e-02, PNorm = 120.8204, GNorm = 0.3562, lr_0 = 5.5180e-04
Loss = 1.6841e-02, PNorm = 120.8261, GNorm = 0.6240, lr_0 = 5.5159e-04
Loss = 1.3696e-02, PNorm = 120.8316, GNorm = 0.1870, lr_0 = 5.5138e-04
Loss = 1.5823e-02, PNorm = 120.8371, GNorm = 0.5556, lr_0 = 5.5116e-04
Loss = 1.4059e-02, PNorm = 120.8451, GNorm = 0.4454, lr_0 = 5.5095e-04
Loss = 1.4141e-02, PNorm = 120.8542, GNorm = 0.3959, lr_0 = 5.5074e-04
Loss = 1.3547e-02, PNorm = 120.8604, GNorm = 0.5077, lr_0 = 5.5053e-04
Loss = 1.0661e-02, PNorm = 120.8662, GNorm = 0.3205, lr_0 = 5.5032e-04
Loss = 1.7620e-02, PNorm = 120.8733, GNorm = 0.6634, lr_0 = 5.5011e-04
Loss = 1.6024e-02, PNorm = 120.8798, GNorm = 0.4010, lr_0 = 5.4989e-04
Loss = 1.2783e-02, PNorm = 120.8859, GNorm = 0.8052, lr_0 = 5.4968e-04
Loss = 1.6326e-02, PNorm = 120.8916, GNorm = 0.7296, lr_0 = 5.4947e-04
Loss = 1.2913e-02, PNorm = 120.8987, GNorm = 0.2415, lr_0 = 5.4926e-04
Loss = 1.3468e-02, PNorm = 120.9066, GNorm = 0.7294, lr_0 = 5.4905e-04
Loss = 1.5631e-02, PNorm = 120.9117, GNorm = 0.2123, lr_0 = 5.4884e-04
Loss = 1.5092e-02, PNorm = 120.9163, GNorm = 1.2215, lr_0 = 5.4863e-04
Loss = 1.5315e-02, PNorm = 120.9207, GNorm = 0.3192, lr_0 = 5.4842e-04
Loss = 1.6708e-02, PNorm = 120.9264, GNorm = 0.6508, lr_0 = 5.4820e-04
Loss = 1.8868e-02, PNorm = 120.9363, GNorm = 0.4688, lr_0 = 5.4799e-04
Loss = 1.4661e-02, PNorm = 120.9425, GNorm = 0.5189, lr_0 = 5.4778e-04
Loss = 1.4062e-02, PNorm = 120.9461, GNorm = 0.4196, lr_0 = 5.4757e-04
Loss = 1.3941e-02, PNorm = 120.9507, GNorm = 0.3767, lr_0 = 5.4736e-04
Loss = 1.4700e-02, PNorm = 120.9583, GNorm = 0.4962, lr_0 = 5.4715e-04
Loss = 1.5204e-02, PNorm = 120.9654, GNorm = 0.4308, lr_0 = 5.4694e-04
Loss = 1.4746e-02, PNorm = 120.9740, GNorm = 0.4526, lr_0 = 5.4673e-04
Loss = 1.5006e-02, PNorm = 120.9801, GNorm = 0.2554, lr_0 = 5.4652e-04
Loss = 1.8204e-02, PNorm = 120.9843, GNorm = 0.9548, lr_0 = 5.4631e-04
Loss = 1.8485e-02, PNorm = 120.9894, GNorm = 0.8738, lr_0 = 5.4610e-04
Loss = 1.4375e-02, PNorm = 120.9960, GNorm = 0.4209, lr_0 = 5.4589e-04
Loss = 1.9588e-02, PNorm = 121.0020, GNorm = 0.6492, lr_0 = 5.4568e-04
Loss = 1.3691e-02, PNorm = 121.0056, GNorm = 0.5503, lr_0 = 5.4547e-04
Loss = 1.6155e-02, PNorm = 121.0095, GNorm = 0.3846, lr_0 = 5.4526e-04
Loss = 1.3079e-02, PNorm = 121.0156, GNorm = 0.3319, lr_0 = 5.4505e-04
Loss = 1.3444e-02, PNorm = 121.0213, GNorm = 0.4497, lr_0 = 5.4484e-04
Loss = 1.5213e-02, PNorm = 121.0298, GNorm = 0.3660, lr_0 = 5.4463e-04
Loss = 1.2078e-02, PNorm = 121.0405, GNorm = 0.2829, lr_0 = 5.4442e-04
Loss = 1.8794e-02, PNorm = 121.0481, GNorm = 0.3847, lr_0 = 5.4421e-04
Loss = 1.5267e-02, PNorm = 121.0578, GNorm = 0.5315, lr_0 = 5.4400e-04
Loss = 1.5971e-02, PNorm = 121.0656, GNorm = 0.3334, lr_0 = 5.4379e-04
Loss = 1.3549e-02, PNorm = 121.0715, GNorm = 0.4211, lr_0 = 5.4359e-04
Loss = 1.2977e-02, PNorm = 121.0758, GNorm = 0.4393, lr_0 = 5.4338e-04
Loss = 1.3313e-02, PNorm = 121.0804, GNorm = 0.4015, lr_0 = 5.4317e-04
Loss = 1.3622e-02, PNorm = 121.0864, GNorm = 0.5002, lr_0 = 5.4296e-04
Loss = 2.0938e-02, PNorm = 121.0927, GNorm = 0.9157, lr_0 = 5.4275e-04
Loss = 1.4468e-02, PNorm = 121.1009, GNorm = 0.5148, lr_0 = 5.4254e-04
Loss = 1.4436e-02, PNorm = 121.1079, GNorm = 0.4079, lr_0 = 5.4233e-04
Loss = 1.3117e-02, PNorm = 121.1135, GNorm = 1.0186, lr_0 = 5.4212e-04
Loss = 1.5036e-02, PNorm = 121.1200, GNorm = 0.4274, lr_0 = 5.4192e-04
Loss = 1.3262e-02, PNorm = 121.1248, GNorm = 0.2450, lr_0 = 5.4171e-04
Loss = 1.1518e-02, PNorm = 121.1295, GNorm = 0.3340, lr_0 = 5.4150e-04
Loss = 1.3831e-02, PNorm = 121.1325, GNorm = 0.2900, lr_0 = 5.4129e-04
Loss = 1.3959e-02, PNorm = 121.1381, GNorm = 0.3258, lr_0 = 5.4108e-04
Loss = 1.6729e-02, PNorm = 121.1448, GNorm = 0.3885, lr_0 = 5.4087e-04
Loss = 1.1674e-02, PNorm = 121.1511, GNorm = 0.3791, lr_0 = 5.4067e-04
Loss = 1.5301e-02, PNorm = 121.1562, GNorm = 0.2552, lr_0 = 5.4046e-04
Loss = 1.2320e-02, PNorm = 121.1609, GNorm = 0.2182, lr_0 = 5.4025e-04
Loss = 1.3868e-02, PNorm = 121.1688, GNorm = 0.3129, lr_0 = 5.4004e-04
Loss = 1.2394e-02, PNorm = 121.1769, GNorm = 0.8373, lr_0 = 5.3983e-04
Loss = 1.2928e-02, PNorm = 121.1808, GNorm = 0.7119, lr_0 = 5.3963e-04
Loss = 1.2665e-02, PNorm = 121.1838, GNorm = 0.2610, lr_0 = 5.3942e-04
Loss = 1.3892e-02, PNorm = 121.1893, GNorm = 0.2047, lr_0 = 5.3921e-04
Loss = 1.3280e-02, PNorm = 121.1946, GNorm = 0.3719, lr_0 = 5.3901e-04
Loss = 1.0572e-02, PNorm = 121.1995, GNorm = 0.5642, lr_0 = 5.3880e-04
Loss = 1.2080e-02, PNorm = 121.2046, GNorm = 0.3039, lr_0 = 5.3859e-04
Loss = 1.4603e-02, PNorm = 121.2086, GNorm = 0.3131, lr_0 = 5.3838e-04
Loss = 1.3346e-02, PNorm = 121.2135, GNorm = 0.4570, lr_0 = 5.3818e-04
Loss = 1.2622e-02, PNorm = 121.2170, GNorm = 0.4312, lr_0 = 5.3797e-04
Loss = 1.2110e-02, PNorm = 121.2212, GNorm = 0.4692, lr_0 = 5.3776e-04
Loss = 1.3002e-02, PNorm = 121.2244, GNorm = 0.5017, lr_0 = 5.3756e-04
Loss = 2.0342e-02, PNorm = 121.2267, GNorm = 0.8768, lr_0 = 5.3735e-04
Loss = 1.4685e-02, PNorm = 121.2342, GNorm = 0.3215, lr_0 = 5.3714e-04
Loss = 1.1102e-02, PNorm = 121.2441, GNorm = 0.3984, lr_0 = 5.3694e-04
Loss = 1.3399e-02, PNorm = 121.2493, GNorm = 0.2688, lr_0 = 5.3673e-04
Loss = 1.6894e-02, PNorm = 121.2535, GNorm = 0.4426, lr_0 = 5.3652e-04
Loss = 1.2906e-02, PNorm = 121.2575, GNorm = 0.5133, lr_0 = 5.3632e-04
Loss = 1.4374e-02, PNorm = 121.2622, GNorm = 0.9291, lr_0 = 5.3611e-04
Loss = 1.3767e-02, PNorm = 121.2685, GNorm = 0.3438, lr_0 = 5.3590e-04
Loss = 1.5846e-02, PNorm = 121.2747, GNorm = 0.4519, lr_0 = 5.3570e-04
Loss = 1.3311e-02, PNorm = 121.2808, GNorm = 0.3229, lr_0 = 5.3549e-04
Loss = 1.5415e-02, PNorm = 121.2903, GNorm = 0.3685, lr_0 = 5.3529e-04
Loss = 1.4376e-02, PNorm = 121.2973, GNorm = 0.3149, lr_0 = 5.3508e-04
Loss = 1.4734e-02, PNorm = 121.3005, GNorm = 0.7107, lr_0 = 5.3487e-04
Loss = 1.5895e-02, PNorm = 121.3037, GNorm = 0.3907, lr_0 = 5.3467e-04
Loss = 1.2564e-02, PNorm = 121.3094, GNorm = 0.4406, lr_0 = 5.3446e-04
Loss = 1.6124e-02, PNorm = 121.3185, GNorm = 0.3371, lr_0 = 5.3426e-04
Loss = 1.5026e-02, PNorm = 121.3284, GNorm = 0.4970, lr_0 = 5.3405e-04
Loss = 1.2181e-02, PNorm = 121.3364, GNorm = 0.5141, lr_0 = 5.3385e-04
Loss = 1.3553e-02, PNorm = 121.3436, GNorm = 0.2218, lr_0 = 5.3364e-04
Loss = 1.6282e-02, PNorm = 121.3493, GNorm = 1.5804, lr_0 = 5.3344e-04
Loss = 1.5067e-02, PNorm = 121.3562, GNorm = 0.6220, lr_0 = 5.3323e-04
Loss = 1.6890e-02, PNorm = 121.3640, GNorm = 0.7358, lr_0 = 5.3303e-04
Loss = 1.1886e-02, PNorm = 121.3724, GNorm = 0.5371, lr_0 = 5.3282e-04
Loss = 1.6891e-02, PNorm = 121.3809, GNorm = 0.5353, lr_0 = 5.3262e-04
Loss = 1.2179e-02, PNorm = 121.3879, GNorm = 0.3673, lr_0 = 5.3241e-04
Loss = 1.2570e-02, PNorm = 121.3929, GNorm = 0.5217, lr_0 = 5.3221e-04
Loss = 2.4571e-02, PNorm = 121.3960, GNorm = 4.0249, lr_0 = 5.3200e-04
Loss = 1.6692e-02, PNorm = 121.3970, GNorm = 0.3799, lr_0 = 5.3180e-04
Loss = 1.6232e-02, PNorm = 121.4004, GNorm = 0.4899, lr_0 = 5.3159e-04
Loss = 1.7154e-02, PNorm = 121.4090, GNorm = 0.6673, lr_0 = 5.3139e-04
Loss = 1.3034e-02, PNorm = 121.4182, GNorm = 0.3816, lr_0 = 5.3118e-04
Loss = 1.1607e-02, PNorm = 121.4256, GNorm = 0.5119, lr_0 = 5.3098e-04
Loss = 1.4318e-02, PNorm = 121.4322, GNorm = 0.3010, lr_0 = 5.3078e-04
Loss = 1.4754e-02, PNorm = 121.4406, GNorm = 0.4501, lr_0 = 5.3057e-04
Loss = 1.9627e-02, PNorm = 121.4476, GNorm = 0.5581, lr_0 = 5.3037e-04
Loss = 1.7299e-02, PNorm = 121.4526, GNorm = 0.4096, lr_0 = 5.3016e-04
Loss = 1.2504e-02, PNorm = 121.4623, GNorm = 0.2853, lr_0 = 5.2996e-04
Loss = 1.4185e-02, PNorm = 121.4707, GNorm = 0.5297, lr_0 = 5.2976e-04
Loss = 1.5362e-02, PNorm = 121.4798, GNorm = 0.4325, lr_0 = 5.2955e-04
Loss = 1.1021e-02, PNorm = 121.4872, GNorm = 0.5012, lr_0 = 5.2935e-04
Loss = 1.6386e-02, PNorm = 121.4937, GNorm = 0.9376, lr_0 = 5.2915e-04
Loss = 1.3874e-02, PNorm = 121.5003, GNorm = 0.3182, lr_0 = 5.2894e-04
Loss = 1.4971e-02, PNorm = 121.5070, GNorm = 0.3472, lr_0 = 5.2874e-04
Loss = 1.1421e-02, PNorm = 121.5140, GNorm = 0.3060, lr_0 = 5.2854e-04
Loss = 1.3221e-02, PNorm = 121.5207, GNorm = 0.3440, lr_0 = 5.2833e-04
Loss = 1.3446e-02, PNorm = 121.5287, GNorm = 0.3921, lr_0 = 5.2813e-04
Loss = 1.3129e-02, PNorm = 121.5346, GNorm = 0.2985, lr_0 = 5.2793e-04
Loss = 1.2178e-02, PNorm = 121.5403, GNorm = 1.2683, lr_0 = 5.2772e-04
Loss = 1.4079e-02, PNorm = 121.5457, GNorm = 0.3136, lr_0 = 5.2752e-04
Loss = 1.3977e-02, PNorm = 121.5524, GNorm = 0.2504, lr_0 = 5.2732e-04
Loss = 1.5721e-02, PNorm = 121.5578, GNorm = 0.3930, lr_0 = 5.2711e-04
Loss = 1.3528e-02, PNorm = 121.5639, GNorm = 0.8737, lr_0 = 5.2691e-04
Loss = 1.3404e-02, PNorm = 121.5693, GNorm = 0.6374, lr_0 = 5.2671e-04
Loss = 1.9122e-02, PNorm = 121.5763, GNorm = 0.7579, lr_0 = 5.2651e-04
Loss = 1.4759e-02, PNorm = 121.5842, GNorm = 0.8801, lr_0 = 5.2630e-04
Loss = 1.5554e-02, PNorm = 121.5907, GNorm = 0.2753, lr_0 = 5.2610e-04
Loss = 1.4548e-02, PNorm = 121.5974, GNorm = 0.5345, lr_0 = 5.2590e-04
Loss = 1.0678e-02, PNorm = 121.6041, GNorm = 0.3878, lr_0 = 5.2570e-04
Loss = 1.2346e-02, PNorm = 121.6088, GNorm = 0.6922, lr_0 = 5.2549e-04
Loss = 1.4561e-02, PNorm = 121.6117, GNorm = 0.3333, lr_0 = 5.2529e-04
Loss = 1.8967e-02, PNorm = 121.6152, GNorm = 0.4578, lr_0 = 5.2509e-04
Loss = 1.5821e-02, PNorm = 121.6204, GNorm = 0.3046, lr_0 = 5.2489e-04
Loss = 1.4043e-02, PNorm = 121.6266, GNorm = 0.7125, lr_0 = 5.2469e-04
Loss = 1.4958e-02, PNorm = 121.6329, GNorm = 0.2750, lr_0 = 5.2449e-04
Loss = 1.4355e-02, PNorm = 121.6414, GNorm = 0.1838, lr_0 = 5.2428e-04
Loss = 1.6488e-02, PNorm = 121.6488, GNorm = 0.4354, lr_0 = 5.2408e-04
Loss = 1.3846e-02, PNorm = 121.6545, GNorm = 1.8628, lr_0 = 5.2388e-04
Loss = 1.2619e-02, PNorm = 121.6587, GNorm = 0.6326, lr_0 = 5.2368e-04
Loss = 2.0210e-02, PNorm = 121.6646, GNorm = 0.5948, lr_0 = 5.2348e-04
Loss = 1.4908e-02, PNorm = 121.6730, GNorm = 0.4752, lr_0 = 5.2328e-04
Loss = 1.1960e-02, PNorm = 121.6815, GNorm = 0.5671, lr_0 = 5.2308e-04
Loss = 1.9059e-02, PNorm = 121.6879, GNorm = 0.5012, lr_0 = 5.2287e-04
Loss = 1.2316e-02, PNorm = 121.6947, GNorm = 0.4343, lr_0 = 5.2267e-04
Loss = 1.3336e-02, PNorm = 121.7002, GNorm = 0.2654, lr_0 = 5.2247e-04
Loss = 1.3571e-02, PNorm = 121.7082, GNorm = 0.3234, lr_0 = 5.2227e-04
Loss = 1.3734e-02, PNorm = 121.7160, GNorm = 0.4488, lr_0 = 5.2207e-04
Loss = 1.7215e-02, PNorm = 121.7232, GNorm = 0.7582, lr_0 = 5.2187e-04
Loss = 1.4347e-02, PNorm = 121.7320, GNorm = 0.3648, lr_0 = 5.2167e-04
Loss = 1.3729e-02, PNorm = 121.7399, GNorm = 0.3710, lr_0 = 5.2147e-04
Loss = 1.5019e-02, PNorm = 121.7464, GNorm = 0.4591, lr_0 = 5.2127e-04
Loss = 1.4304e-02, PNorm = 121.7514, GNorm = 0.5835, lr_0 = 5.2107e-04
Loss = 1.3263e-02, PNorm = 121.7562, GNorm = 0.2435, lr_0 = 5.2087e-04
Loss = 1.6708e-02, PNorm = 121.7600, GNorm = 0.4386, lr_0 = 5.2067e-04
Loss = 1.2675e-02, PNorm = 121.7641, GNorm = 0.4472, lr_0 = 5.2047e-04
Loss = 2.3765e-02, PNorm = 121.7713, GNorm = 0.8269, lr_0 = 5.2027e-04
Loss = 2.3342e-02, PNorm = 121.7813, GNorm = 0.3840, lr_0 = 5.2007e-04
Loss = 1.3733e-02, PNorm = 121.7886, GNorm = 0.4038, lr_0 = 5.1987e-04
Loss = 1.8095e-02, PNorm = 121.7978, GNorm = 0.3345, lr_0 = 5.1967e-04
Loss = 1.4215e-02, PNorm = 121.8043, GNorm = 0.2771, lr_0 = 5.1947e-04
Loss = 1.2665e-02, PNorm = 121.8130, GNorm = 0.8882, lr_0 = 5.1927e-04
Loss = 1.3332e-02, PNorm = 121.8228, GNorm = 0.3834, lr_0 = 5.1907e-04
Loss = 1.4446e-02, PNorm = 121.8323, GNorm = 0.3255, lr_0 = 5.1887e-04
Loss = 1.3972e-02, PNorm = 121.8362, GNorm = 0.7613, lr_0 = 5.1867e-04
Loss = 1.4524e-02, PNorm = 121.8381, GNorm = 0.2565, lr_0 = 5.1847e-04
Loss = 1.6429e-02, PNorm = 121.8435, GNorm = 0.4527, lr_0 = 5.1827e-04
Loss = 1.9810e-02, PNorm = 121.8509, GNorm = 2.7623, lr_0 = 5.1807e-04
Loss = 1.4882e-02, PNorm = 121.8600, GNorm = 0.2200, lr_0 = 5.1787e-04
Loss = 1.5316e-02, PNorm = 121.8672, GNorm = 0.6391, lr_0 = 5.1767e-04
Loss = 1.3897e-02, PNorm = 121.8733, GNorm = 0.7488, lr_0 = 5.1747e-04
Loss = 1.2829e-02, PNorm = 121.8784, GNorm = 0.3509, lr_0 = 5.1727e-04
Loss = 1.4709e-02, PNorm = 121.8835, GNorm = 0.4006, lr_0 = 5.1707e-04
Loss = 1.5177e-02, PNorm = 121.8892, GNorm = 0.2767, lr_0 = 5.1688e-04
Loss = 1.3696e-02, PNorm = 121.8916, GNorm = 0.8803, lr_0 = 5.1668e-04
Loss = 1.7951e-02, PNorm = 121.8949, GNorm = 0.4132, lr_0 = 5.1648e-04
Loss = 1.3817e-02, PNorm = 121.8995, GNorm = 0.2560, lr_0 = 5.1628e-04
Loss = 1.3596e-02, PNorm = 121.9050, GNorm = 0.3463, lr_0 = 5.1608e-04
Loss = 1.1577e-02, PNorm = 121.9144, GNorm = 0.4232, lr_0 = 5.1588e-04
Loss = 1.2911e-02, PNorm = 121.9190, GNorm = 0.4226, lr_0 = 5.1568e-04
Loss = 1.2539e-02, PNorm = 121.9242, GNorm = 0.3905, lr_0 = 5.1549e-04
Loss = 1.1446e-02, PNorm = 121.9290, GNorm = 0.3139, lr_0 = 5.1529e-04
Loss = 1.2146e-02, PNorm = 121.9361, GNorm = 0.5118, lr_0 = 5.1509e-04
Loss = 1.1393e-02, PNorm = 121.9423, GNorm = 0.2165, lr_0 = 5.1489e-04
Loss = 1.1481e-02, PNorm = 121.9470, GNorm = 0.3570, lr_0 = 5.1469e-04
Loss = 1.4552e-02, PNorm = 121.9520, GNorm = 0.4595, lr_0 = 5.1450e-04
Loss = 1.3323e-02, PNorm = 121.9567, GNorm = 0.4064, lr_0 = 5.1430e-04
Loss = 1.4818e-02, PNorm = 121.9617, GNorm = 0.4096, lr_0 = 5.1410e-04
Loss = 1.2911e-02, PNorm = 121.9673, GNorm = 0.4378, lr_0 = 5.1390e-04
Loss = 9.7861e-03, PNorm = 121.9716, GNorm = 0.4249, lr_0 = 5.1370e-04
Loss = 1.3239e-02, PNorm = 121.9756, GNorm = 0.3136, lr_0 = 5.1351e-04
Loss = 1.1292e-02, PNorm = 121.9801, GNorm = 0.4054, lr_0 = 5.1331e-04
Loss = 1.4278e-02, PNorm = 121.9884, GNorm = 0.2748, lr_0 = 5.1311e-04
Loss = 1.5623e-02, PNorm = 121.9953, GNorm = 0.7971, lr_0 = 5.1292e-04
Loss = 9.6099e-03, PNorm = 121.9996, GNorm = 0.2941, lr_0 = 5.1272e-04
Loss = 1.0838e-02, PNorm = 122.0027, GNorm = 0.2727, lr_0 = 5.1252e-04
Loss = 1.2894e-02, PNorm = 122.0075, GNorm = 0.3162, lr_0 = 5.1232e-04
Loss = 1.1705e-02, PNorm = 122.0129, GNorm = 0.2202, lr_0 = 5.1213e-04
Loss = 8.7807e-03, PNorm = 122.0184, GNorm = 0.2585, lr_0 = 5.1193e-04
Loss = 1.3751e-02, PNorm = 122.0207, GNorm = 0.4679, lr_0 = 5.1173e-04
Loss = 1.2234e-02, PNorm = 122.0235, GNorm = 0.7397, lr_0 = 5.1154e-04
Loss = 1.0437e-02, PNorm = 122.0285, GNorm = 0.2723, lr_0 = 5.1134e-04
Loss = 1.5722e-02, PNorm = 122.0368, GNorm = 0.9087, lr_0 = 5.1114e-04
Loss = 1.3816e-02, PNorm = 122.0421, GNorm = 0.7961, lr_0 = 5.1095e-04
Loss = 1.2941e-02, PNorm = 122.0449, GNorm = 0.3795, lr_0 = 5.1075e-04
Loss = 1.1587e-02, PNorm = 122.0507, GNorm = 0.2114, lr_0 = 5.1055e-04
Loss = 1.4403e-02, PNorm = 122.0560, GNorm = 0.3199, lr_0 = 5.1036e-04
Loss = 1.1895e-02, PNorm = 122.0630, GNorm = 0.2588, lr_0 = 5.1016e-04
Loss = 1.2898e-02, PNorm = 122.0668, GNorm = 0.3425, lr_0 = 5.0996e-04
Loss = 1.2420e-02, PNorm = 122.0683, GNorm = 0.2513, lr_0 = 5.0977e-04
Loss = 1.0497e-02, PNorm = 122.0697, GNorm = 0.3428, lr_0 = 5.0957e-04
Loss = 1.2002e-02, PNorm = 122.0708, GNorm = 0.2736, lr_0 = 5.0938e-04
Loss = 1.1062e-02, PNorm = 122.0737, GNorm = 0.3254, lr_0 = 5.0918e-04
Loss = 1.4545e-02, PNorm = 122.0782, GNorm = 0.3566, lr_0 = 5.0898e-04
Loss = 1.2144e-02, PNorm = 122.0833, GNorm = 0.2160, lr_0 = 5.0879e-04
Loss = 9.5818e-03, PNorm = 122.0900, GNorm = 0.4164, lr_0 = 5.0859e-04
Loss = 1.2748e-02, PNorm = 122.0944, GNorm = 0.5290, lr_0 = 5.0840e-04
Loss = 1.4452e-02, PNorm = 122.0974, GNorm = 0.2362, lr_0 = 5.0820e-04
Loss = 1.3265e-02, PNorm = 122.1022, GNorm = 0.7065, lr_0 = 5.0801e-04
Loss = 1.2057e-02, PNorm = 122.1089, GNorm = 0.2396, lr_0 = 5.0781e-04
Loss = 1.2040e-02, PNorm = 122.1137, GNorm = 0.6946, lr_0 = 5.0762e-04
Loss = 1.2695e-02, PNorm = 122.1193, GNorm = 0.3219, lr_0 = 5.0742e-04
Loss = 1.0670e-02, PNorm = 122.1227, GNorm = 0.5599, lr_0 = 5.0723e-04
Loss = 1.1535e-02, PNorm = 122.1250, GNorm = 0.6596, lr_0 = 5.0703e-04
Loss = 1.6612e-02, PNorm = 122.1278, GNorm = 0.3366, lr_0 = 5.0684e-04
Loss = 1.3308e-02, PNorm = 122.1333, GNorm = 0.5328, lr_0 = 5.0664e-04
Loss = 1.4347e-02, PNorm = 122.1399, GNorm = 1.1873, lr_0 = 5.0645e-04
Loss = 1.2014e-02, PNorm = 122.1470, GNorm = 0.3707, lr_0 = 5.0625e-04
Loss = 1.4444e-02, PNorm = 122.1525, GNorm = 0.2757, lr_0 = 5.0606e-04
Loss = 1.4864e-02, PNorm = 122.1580, GNorm = 0.4724, lr_0 = 5.0586e-04
Loss = 1.3045e-02, PNorm = 122.1636, GNorm = 0.6359, lr_0 = 5.0567e-04
Loss = 1.4841e-02, PNorm = 122.1697, GNorm = 0.4240, lr_0 = 5.0547e-04
Loss = 1.4696e-02, PNorm = 122.1758, GNorm = 0.6788, lr_0 = 5.0528e-04
Loss = 1.6037e-02, PNorm = 122.1816, GNorm = 0.5451, lr_0 = 5.0508e-04
Loss = 1.6469e-02, PNorm = 122.1887, GNorm = 0.4740, lr_0 = 5.0489e-04
Loss = 1.6090e-02, PNorm = 122.1949, GNorm = 0.7042, lr_0 = 5.0470e-04
Loss = 1.3321e-02, PNorm = 122.1996, GNorm = 2.0907, lr_0 = 5.0450e-04
Loss = 1.4296e-02, PNorm = 122.2062, GNorm = 0.4335, lr_0 = 5.0431e-04
Loss = 1.3156e-02, PNorm = 122.2142, GNorm = 0.3402, lr_0 = 5.0411e-04
Loss = 1.4856e-02, PNorm = 122.2206, GNorm = 0.6032, lr_0 = 5.0392e-04
Loss = 1.1404e-02, PNorm = 122.2275, GNorm = 0.3084, lr_0 = 5.0373e-04
Loss = 1.2274e-02, PNorm = 122.2318, GNorm = 0.3971, lr_0 = 5.0353e-04
Loss = 1.3959e-02, PNorm = 122.2370, GNorm = 0.3448, lr_0 = 5.0334e-04
Loss = 1.2261e-02, PNorm = 122.2421, GNorm = 0.3966, lr_0 = 5.0315e-04
Loss = 1.1524e-02, PNorm = 122.2434, GNorm = 0.5478, lr_0 = 5.0295e-04
Loss = 1.2498e-02, PNorm = 122.2431, GNorm = 0.2489, lr_0 = 5.0276e-04
Loss = 1.1289e-02, PNorm = 122.2472, GNorm = 0.2450, lr_0 = 5.0257e-04
Loss = 1.3323e-02, PNorm = 122.2551, GNorm = 0.2652, lr_0 = 5.0237e-04
Loss = 1.4643e-02, PNorm = 122.2629, GNorm = 0.3647, lr_0 = 5.0218e-04
Loss = 1.1182e-02, PNorm = 122.2692, GNorm = 0.4845, lr_0 = 5.0199e-04
Loss = 1.2009e-02, PNorm = 122.2732, GNorm = 0.4274, lr_0 = 5.0179e-04
Loss = 1.0593e-02, PNorm = 122.2793, GNorm = 0.2447, lr_0 = 5.0160e-04
Loss = 1.1044e-02, PNorm = 122.2852, GNorm = 0.3039, lr_0 = 5.0141e-04
Loss = 1.1456e-02, PNorm = 122.2911, GNorm = 0.6648, lr_0 = 5.0121e-04
Loss = 1.0820e-02, PNorm = 122.2962, GNorm = 0.3386, lr_0 = 5.0102e-04
Loss = 1.0123e-02, PNorm = 122.3010, GNorm = 0.2782, lr_0 = 5.0083e-04
Loss = 1.1674e-02, PNorm = 122.3041, GNorm = 0.2291, lr_0 = 5.0064e-04
Loss = 1.1457e-02, PNorm = 122.3059, GNorm = 0.2003, lr_0 = 5.0044e-04
Loss = 1.1740e-02, PNorm = 122.3091, GNorm = 0.3429, lr_0 = 5.0025e-04
Loss = 1.2158e-02, PNorm = 122.3130, GNorm = 0.3547, lr_0 = 5.0006e-04
Loss = 1.0517e-02, PNorm = 122.3161, GNorm = 0.3972, lr_0 = 4.9987e-04
Loss = 1.3311e-02, PNorm = 122.3216, GNorm = 0.7423, lr_0 = 4.9967e-04
Loss = 1.0890e-02, PNorm = 122.3275, GNorm = 0.6184, lr_0 = 4.9948e-04
Loss = 1.2808e-02, PNorm = 122.3311, GNorm = 0.3426, lr_0 = 4.9929e-04
Loss = 1.1300e-02, PNorm = 122.3338, GNorm = 0.2271, lr_0 = 4.9910e-04
Loss = 1.2175e-02, PNorm = 122.3374, GNorm = 0.1587, lr_0 = 4.9891e-04
Loss = 1.3872e-02, PNorm = 122.3420, GNorm = 0.6651, lr_0 = 4.9871e-04
Loss = 1.5615e-02, PNorm = 122.3452, GNorm = 0.3564, lr_0 = 4.9852e-04
Loss = 1.2125e-02, PNorm = 122.3497, GNorm = 0.2829, lr_0 = 4.9833e-04
Loss = 1.4379e-02, PNorm = 122.3536, GNorm = 0.4452, lr_0 = 4.9814e-04
Loss = 1.2842e-02, PNorm = 122.3587, GNorm = 0.2328, lr_0 = 4.9795e-04
Loss = 1.4172e-02, PNorm = 122.3641, GNorm = 0.3728, lr_0 = 4.9776e-04
Loss = 1.2694e-02, PNorm = 122.3672, GNorm = 0.3533, lr_0 = 4.9756e-04
Loss = 1.1435e-02, PNorm = 122.3708, GNorm = 0.1931, lr_0 = 4.9737e-04
Loss = 1.2916e-02, PNorm = 122.3739, GNorm = 0.5263, lr_0 = 4.9718e-04
Loss = 1.2681e-02, PNorm = 122.3783, GNorm = 0.5710, lr_0 = 4.9699e-04
Loss = 1.2103e-02, PNorm = 122.3808, GNorm = 0.3263, lr_0 = 4.9680e-04
Loss = 1.5165e-02, PNorm = 122.3855, GNorm = 0.6336, lr_0 = 4.9661e-04
Loss = 1.3139e-02, PNorm = 122.3907, GNorm = 0.5313, lr_0 = 4.9642e-04
Loss = 1.7103e-02, PNorm = 122.3977, GNorm = 0.9561, lr_0 = 4.9623e-04
Loss = 1.4426e-02, PNorm = 122.4035, GNorm = 0.9896, lr_0 = 4.9604e-04
Loss = 9.9604e-03, PNorm = 122.4066, GNorm = 0.6999, lr_0 = 4.9585e-04
Loss = 1.4146e-02, PNorm = 122.4118, GNorm = 0.5125, lr_0 = 4.9565e-04
Loss = 1.6672e-02, PNorm = 122.4165, GNorm = 0.2265, lr_0 = 4.9546e-04
Loss = 1.6206e-02, PNorm = 122.4215, GNorm = 0.5708, lr_0 = 4.9527e-04
Loss = 1.5492e-02, PNorm = 122.4297, GNorm = 0.5325, lr_0 = 4.9508e-04
Loss = 1.4068e-02, PNorm = 122.4378, GNorm = 0.3455, lr_0 = 4.9489e-04
Loss = 1.4183e-02, PNorm = 122.4442, GNorm = 1.0530, lr_0 = 4.9470e-04
Loss = 1.4630e-02, PNorm = 122.4498, GNorm = 0.4469, lr_0 = 4.9451e-04
Loss = 1.4656e-02, PNorm = 122.4550, GNorm = 0.4992, lr_0 = 4.9432e-04
Loss = 1.3643e-02, PNorm = 122.4614, GNorm = 0.2425, lr_0 = 4.9413e-04
Loss = 1.2384e-02, PNorm = 122.4670, GNorm = 0.3615, lr_0 = 4.9394e-04
Loss = 1.1319e-02, PNorm = 122.4722, GNorm = 0.2703, lr_0 = 4.9375e-04
Loss = 1.2243e-02, PNorm = 122.4755, GNorm = 0.7418, lr_0 = 4.9356e-04
Loss = 1.0511e-02, PNorm = 122.4786, GNorm = 0.3958, lr_0 = 4.9337e-04
Loss = 1.2198e-02, PNorm = 122.4831, GNorm = 0.2123, lr_0 = 4.9318e-04
Loss = 1.2859e-02, PNorm = 122.4902, GNorm = 0.4593, lr_0 = 4.9299e-04
Loss = 1.2241e-02, PNorm = 122.4965, GNorm = 0.6755, lr_0 = 4.9280e-04
Loss = 1.3997e-02, PNorm = 122.5008, GNorm = 0.3467, lr_0 = 4.9261e-04
Loss = 1.2476e-02, PNorm = 122.5095, GNorm = 0.4735, lr_0 = 4.9242e-04
Loss = 1.1891e-02, PNorm = 122.5189, GNorm = 0.3239, lr_0 = 4.9224e-04
Loss = 1.0153e-02, PNorm = 122.5234, GNorm = 0.5734, lr_0 = 4.9205e-04
Loss = 1.0092e-02, PNorm = 122.5284, GNorm = 0.4048, lr_0 = 4.9186e-04
Loss = 1.5350e-02, PNorm = 122.5318, GNorm = 1.0609, lr_0 = 4.9167e-04
Loss = 1.3646e-02, PNorm = 122.5371, GNorm = 0.4829, lr_0 = 4.9148e-04
Loss = 1.2950e-02, PNorm = 122.5424, GNorm = 0.2818, lr_0 = 4.9129e-04
Loss = 1.2026e-02, PNorm = 122.5456, GNorm = 0.6142, lr_0 = 4.9110e-04
Loss = 1.1052e-02, PNorm = 122.5491, GNorm = 0.5014, lr_0 = 4.9091e-04
Loss = 1.1912e-02, PNorm = 122.5535, GNorm = 0.2589, lr_0 = 4.9072e-04
Loss = 1.7163e-02, PNorm = 122.5586, GNorm = 0.3527, lr_0 = 4.9053e-04
Loss = 1.1994e-02, PNorm = 122.5652, GNorm = 0.2491, lr_0 = 4.9035e-04
Loss = 9.9121e-03, PNorm = 122.5689, GNorm = 0.3171, lr_0 = 4.9016e-04
Loss = 1.2820e-02, PNorm = 122.5729, GNorm = 0.2815, lr_0 = 4.8997e-04
Loss = 9.2024e-03, PNorm = 122.5781, GNorm = 0.4165, lr_0 = 4.8978e-04
Loss = 1.0022e-02, PNorm = 122.5813, GNorm = 0.3147, lr_0 = 4.8959e-04
Loss = 9.4128e-03, PNorm = 122.5839, GNorm = 0.3900, lr_0 = 4.8940e-04
Loss = 1.3198e-02, PNorm = 122.5881, GNorm = 0.3041, lr_0 = 4.8922e-04
Loss = 1.1362e-02, PNorm = 122.5921, GNorm = 0.3329, lr_0 = 4.8903e-04
Loss = 1.2205e-02, PNorm = 122.5977, GNorm = 0.9551, lr_0 = 4.8884e-04
Loss = 9.8161e-03, PNorm = 122.6024, GNorm = 0.3335, lr_0 = 4.8865e-04
Loss = 1.5102e-02, PNorm = 122.6080, GNorm = 0.5863, lr_0 = 4.8846e-04
Loss = 1.2749e-02, PNorm = 122.6142, GNorm = 1.0051, lr_0 = 4.8828e-04
Loss = 1.6901e-02, PNorm = 122.6202, GNorm = 1.2069, lr_0 = 4.8809e-04
Loss = 1.1492e-02, PNorm = 122.6249, GNorm = 0.3351, lr_0 = 4.8790e-04
Loss = 1.3137e-02, PNorm = 122.6307, GNorm = 0.5292, lr_0 = 4.8771e-04
Loss = 1.2986e-02, PNorm = 122.6352, GNorm = 0.2619, lr_0 = 4.8753e-04
Loss = 1.3769e-02, PNorm = 122.6390, GNorm = 0.8133, lr_0 = 4.8734e-04
Loss = 9.6773e-03, PNorm = 122.6455, GNorm = 0.3972, lr_0 = 4.8715e-04
Loss = 1.0672e-02, PNorm = 122.6522, GNorm = 0.4598, lr_0 = 4.8696e-04
Loss = 1.6202e-02, PNorm = 122.6569, GNorm = 0.3638, lr_0 = 4.8678e-04
Loss = 1.1192e-02, PNorm = 122.6617, GNorm = 0.3486, lr_0 = 4.8659e-04
Loss = 1.3272e-02, PNorm = 122.6686, GNorm = 0.3121, lr_0 = 4.8640e-04
Loss = 1.1211e-02, PNorm = 122.6751, GNorm = 0.3073, lr_0 = 4.8621e-04
Loss = 1.3149e-02, PNorm = 122.6794, GNorm = 0.3607, lr_0 = 4.8603e-04
Loss = 1.1426e-02, PNorm = 122.6857, GNorm = 0.5096, lr_0 = 4.8584e-04
Loss = 1.2907e-02, PNorm = 122.6899, GNorm = 0.3051, lr_0 = 4.8565e-04
Loss = 1.1513e-02, PNorm = 122.6964, GNorm = 0.1885, lr_0 = 4.8547e-04
Loss = 1.4644e-02, PNorm = 122.7003, GNorm = 0.4940, lr_0 = 4.8528e-04
Loss = 1.2483e-02, PNorm = 122.7055, GNorm = 1.0696, lr_0 = 4.8509e-04
Loss = 1.2798e-02, PNorm = 122.7086, GNorm = 0.2940, lr_0 = 4.8491e-04
Loss = 1.1289e-02, PNorm = 122.7135, GNorm = 0.2392, lr_0 = 4.8472e-04
Loss = 1.5007e-02, PNorm = 122.7176, GNorm = 0.7620, lr_0 = 4.8453e-04
Loss = 1.2498e-02, PNorm = 122.7233, GNorm = 1.3691, lr_0 = 4.8435e-04
Loss = 1.1083e-02, PNorm = 122.7284, GNorm = 0.5613, lr_0 = 4.8416e-04
Loss = 1.2378e-02, PNorm = 122.7340, GNorm = 0.2332, lr_0 = 4.8398e-04
Loss = 1.1152e-02, PNorm = 122.7368, GNorm = 0.3341, lr_0 = 4.8379e-04
Loss = 8.8417e-03, PNorm = 122.7386, GNorm = 0.4008, lr_0 = 4.8360e-04
Loss = 1.1099e-02, PNorm = 122.7408, GNorm = 0.3959, lr_0 = 4.8342e-04
Loss = 1.0362e-02, PNorm = 122.7416, GNorm = 1.2245, lr_0 = 4.8323e-04
Loss = 1.2571e-02, PNorm = 122.7442, GNorm = 0.4506, lr_0 = 4.8305e-04
Loss = 1.1987e-02, PNorm = 122.7509, GNorm = 0.2847, lr_0 = 4.8286e-04
Loss = 1.3347e-02, PNorm = 122.7557, GNorm = 0.3589, lr_0 = 4.8267e-04
Loss = 1.0253e-02, PNorm = 122.7607, GNorm = 0.3592, lr_0 = 4.8249e-04
Loss = 1.6769e-02, PNorm = 122.7648, GNorm = 0.2646, lr_0 = 4.8230e-04
Loss = 1.0569e-02, PNorm = 122.7696, GNorm = 0.3748, lr_0 = 4.8212e-04
Loss = 1.1849e-02, PNorm = 122.7740, GNorm = 0.3300, lr_0 = 4.8193e-04
Loss = 9.6292e-03, PNorm = 122.7806, GNorm = 0.3111, lr_0 = 4.8175e-04
Loss = 1.3300e-02, PNorm = 122.7849, GNorm = 0.4531, lr_0 = 4.8156e-04
Loss = 1.3820e-02, PNorm = 122.7881, GNorm = 0.3905, lr_0 = 4.8138e-04
Loss = 1.0666e-02, PNorm = 122.7922, GNorm = 0.2465, lr_0 = 4.8119e-04
Loss = 1.0371e-02, PNorm = 122.7957, GNorm = 0.3021, lr_0 = 4.8101e-04
Loss = 1.1388e-02, PNorm = 122.8010, GNorm = 1.2754, lr_0 = 4.8082e-04
Loss = 1.2304e-02, PNorm = 122.8030, GNorm = 0.2815, lr_0 = 4.8064e-04
Loss = 1.1085e-02, PNorm = 122.8051, GNorm = 0.2399, lr_0 = 4.8045e-04
Loss = 1.0373e-02, PNorm = 122.8064, GNorm = 0.4141, lr_0 = 4.8027e-04
Loss = 1.0690e-02, PNorm = 122.8101, GNorm = 0.5702, lr_0 = 4.8008e-04
Loss = 1.0463e-02, PNorm = 122.8136, GNorm = 1.2783, lr_0 = 4.7990e-04
Loss = 1.6716e-02, PNorm = 122.8158, GNorm = 0.4754, lr_0 = 4.7971e-04
Loss = 1.5558e-02, PNorm = 122.8189, GNorm = 0.1936, lr_0 = 4.7953e-04
Loss = 1.3153e-02, PNorm = 122.8219, GNorm = 0.5133, lr_0 = 4.7934e-04
Loss = 1.4893e-02, PNorm = 122.8258, GNorm = 0.5604, lr_0 = 4.7916e-04
Loss = 1.3030e-02, PNorm = 122.8305, GNorm = 0.3618, lr_0 = 4.7898e-04
Loss = 1.5599e-02, PNorm = 122.8362, GNorm = 0.4042, lr_0 = 4.7879e-04
Loss = 1.4674e-02, PNorm = 122.8435, GNorm = 0.4721, lr_0 = 4.7861e-04
Loss = 1.2731e-02, PNorm = 122.8498, GNorm = 0.5139, lr_0 = 4.7842e-04
Loss = 1.2445e-02, PNorm = 122.8532, GNorm = 0.3895, lr_0 = 4.7824e-04
Loss = 1.1875e-02, PNorm = 122.8573, GNorm = 0.5609, lr_0 = 4.7806e-04
Loss = 1.1219e-02, PNorm = 122.8618, GNorm = 0.4308, lr_0 = 4.7787e-04
Loss = 1.2880e-02, PNorm = 122.8658, GNorm = 0.2776, lr_0 = 4.7769e-04
Loss = 1.0864e-02, PNorm = 122.8700, GNorm = 0.3493, lr_0 = 4.7750e-04
Loss = 1.0746e-02, PNorm = 122.8754, GNorm = 0.4486, lr_0 = 4.7732e-04
Loss = 1.3384e-02, PNorm = 122.8780, GNorm = 0.6250, lr_0 = 4.7714e-04
Loss = 1.1766e-02, PNorm = 122.8837, GNorm = 0.3451, lr_0 = 4.7695e-04
Loss = 1.3883e-02, PNorm = 122.8885, GNorm = 0.2892, lr_0 = 4.7677e-04
Loss = 9.6874e-03, PNorm = 122.8912, GNorm = 0.2741, lr_0 = 4.7659e-04
Loss = 1.2445e-02, PNorm = 122.8941, GNorm = 0.2565, lr_0 = 4.7640e-04
Loss = 9.3779e-03, PNorm = 122.8990, GNorm = 0.2156, lr_0 = 4.7622e-04
Loss = 1.0536e-02, PNorm = 122.9039, GNorm = 0.2853, lr_0 = 4.7604e-04
Loss = 1.3566e-02, PNorm = 122.9100, GNorm = 0.7219, lr_0 = 4.7585e-04
Loss = 1.1698e-02, PNorm = 122.9165, GNorm = 0.4698, lr_0 = 4.7567e-04
Loss = 1.1481e-02, PNorm = 122.9208, GNorm = 0.4069, lr_0 = 4.7549e-04
Loss = 1.7364e-02, PNorm = 122.9243, GNorm = 0.5049, lr_0 = 4.7531e-04
Loss = 1.2572e-02, PNorm = 122.9285, GNorm = 0.7484, lr_0 = 4.7512e-04
Loss = 9.8312e-03, PNorm = 122.9337, GNorm = 0.5434, lr_0 = 4.7494e-04
Loss = 1.8672e-02, PNorm = 122.9367, GNorm = 0.3302, lr_0 = 4.7476e-04
Loss = 1.0683e-02, PNorm = 122.9425, GNorm = 0.2777, lr_0 = 4.7457e-04
Loss = 1.2877e-02, PNorm = 122.9489, GNorm = 0.4269, lr_0 = 4.7439e-04
Loss = 1.5310e-02, PNorm = 122.9546, GNorm = 0.7273, lr_0 = 4.7421e-04
Loss = 1.0849e-02, PNorm = 122.9608, GNorm = 0.3129, lr_0 = 4.7403e-04
Loss = 1.2080e-02, PNorm = 122.9680, GNorm = 0.4063, lr_0 = 4.7385e-04
Loss = 9.5036e-03, PNorm = 122.9721, GNorm = 0.2529, lr_0 = 4.7366e-04
Loss = 1.0217e-02, PNorm = 122.9757, GNorm = 0.3132, lr_0 = 4.7348e-04
Loss = 1.0358e-02, PNorm = 122.9800, GNorm = 0.3287, lr_0 = 4.7330e-04
Loss = 1.3793e-02, PNorm = 122.9842, GNorm = 0.3235, lr_0 = 4.7312e-04
Loss = 1.3772e-02, PNorm = 122.9896, GNorm = 0.9484, lr_0 = 4.7293e-04
Loss = 1.3332e-02, PNorm = 122.9958, GNorm = 0.3380, lr_0 = 4.7275e-04
Loss = 1.2225e-02, PNorm = 123.0010, GNorm = 0.6807, lr_0 = 4.7257e-04
Loss = 1.1466e-02, PNorm = 123.0072, GNorm = 0.4579, lr_0 = 4.7239e-04
Loss = 1.1523e-02, PNorm = 123.0110, GNorm = 0.8252, lr_0 = 4.7221e-04
Loss = 1.0281e-02, PNorm = 123.0147, GNorm = 0.2608, lr_0 = 4.7203e-04
Loss = 1.2201e-02, PNorm = 123.0204, GNorm = 0.6707, lr_0 = 4.7184e-04
Loss = 1.5267e-02, PNorm = 123.0272, GNorm = 0.5556, lr_0 = 4.7166e-04
Loss = 1.5206e-02, PNorm = 123.0308, GNorm = 0.2953, lr_0 = 4.7148e-04
Loss = 1.1024e-02, PNorm = 123.0347, GNorm = 0.3213, lr_0 = 4.7130e-04
Loss = 1.4932e-02, PNorm = 123.0390, GNorm = 0.4083, lr_0 = 4.7112e-04
Loss = 1.2644e-02, PNorm = 123.0445, GNorm = 0.3076, lr_0 = 4.7094e-04
Loss = 1.0812e-02, PNorm = 123.0506, GNorm = 0.2436, lr_0 = 4.7076e-04
Loss = 1.1260e-02, PNorm = 123.0552, GNorm = 0.7012, lr_0 = 4.7058e-04
Loss = 1.3613e-02, PNorm = 123.0608, GNorm = 0.7056, lr_0 = 4.7040e-04
Loss = 1.1408e-02, PNorm = 123.0661, GNorm = 0.3421, lr_0 = 4.7021e-04
Loss = 1.2642e-02, PNorm = 123.0706, GNorm = 0.4218, lr_0 = 4.7003e-04
Loss = 1.2518e-02, PNorm = 123.0750, GNorm = 0.2779, lr_0 = 4.6985e-04
Loss = 1.1566e-02, PNorm = 123.0799, GNorm = 0.2752, lr_0 = 4.6967e-04
Loss = 1.0687e-02, PNorm = 123.0829, GNorm = 0.2686, lr_0 = 4.6949e-04
Loss = 1.2643e-02, PNorm = 123.0871, GNorm = 0.5132, lr_0 = 4.6931e-04
Loss = 1.0645e-02, PNorm = 123.0930, GNorm = 0.4162, lr_0 = 4.6913e-04
Loss = 1.3938e-02, PNorm = 123.0972, GNorm = 0.3119, lr_0 = 4.6895e-04
Loss = 8.2292e-03, PNorm = 123.1018, GNorm = 0.3452, lr_0 = 4.6877e-04
Loss = 1.1311e-02, PNorm = 123.1064, GNorm = 0.3041, lr_0 = 4.6859e-04
Loss = 1.1963e-02, PNorm = 123.1117, GNorm = 0.3530, lr_0 = 4.6841e-04
Loss = 9.9858e-03, PNorm = 123.1166, GNorm = 0.4423, lr_0 = 4.6823e-04
Loss = 1.0919e-02, PNorm = 123.1198, GNorm = 0.5104, lr_0 = 4.6805e-04
Loss = 1.2078e-02, PNorm = 123.1221, GNorm = 1.3928, lr_0 = 4.6787e-04
Loss = 1.1674e-02, PNorm = 123.1245, GNorm = 0.3213, lr_0 = 4.6769e-04
Loss = 1.1834e-02, PNorm = 123.1288, GNorm = 0.2908, lr_0 = 4.6751e-04
Loss = 1.2460e-02, PNorm = 123.1335, GNorm = 0.2919, lr_0 = 4.6733e-04
Loss = 9.3304e-03, PNorm = 123.1389, GNorm = 0.3238, lr_0 = 4.6715e-04
Loss = 1.0752e-02, PNorm = 123.1429, GNorm = 0.3113, lr_0 = 4.6697e-04
Loss = 8.8840e-03, PNorm = 123.1458, GNorm = 0.3769, lr_0 = 4.6679e-04
Loss = 1.0834e-02, PNorm = 123.1504, GNorm = 0.2737, lr_0 = 4.6661e-04
Loss = 1.0293e-02, PNorm = 123.1538, GNorm = 0.3259, lr_0 = 4.6643e-04
Loss = 9.7192e-03, PNorm = 123.1579, GNorm = 0.2081, lr_0 = 4.6625e-04
Loss = 9.5838e-03, PNorm = 123.1627, GNorm = 0.1976, lr_0 = 4.6607e-04
Loss = 1.0308e-02, PNorm = 123.1695, GNorm = 0.3661, lr_0 = 4.6589e-04
Loss = 1.0096e-02, PNorm = 123.1752, GNorm = 0.6362, lr_0 = 4.6571e-04
Loss = 1.0820e-02, PNorm = 123.1799, GNorm = 0.4113, lr_0 = 4.6554e-04
Loss = 1.3058e-02, PNorm = 123.1850, GNorm = 0.2660, lr_0 = 4.6536e-04
Loss = 1.3239e-02, PNorm = 123.1894, GNorm = 0.3249, lr_0 = 4.6518e-04
Loss = 1.3957e-02, PNorm = 123.1949, GNorm = 0.8343, lr_0 = 4.6500e-04
Loss = 1.2786e-02, PNorm = 123.2004, GNorm = 0.4127, lr_0 = 4.6482e-04
Loss = 1.1585e-02, PNorm = 123.2047, GNorm = 0.4479, lr_0 = 4.6464e-04
Loss = 1.6058e-02, PNorm = 123.2096, GNorm = 0.7612, lr_0 = 4.6446e-04
Loss = 1.2882e-02, PNorm = 123.2142, GNorm = 0.4747, lr_0 = 4.6428e-04
Validation r2 = 0.988252
Epoch 3
Loss = 9.9311e-03, PNorm = 123.2190, GNorm = 0.5230, lr_0 = 4.6411e-04
Loss = 1.0224e-02, PNorm = 123.2236, GNorm = 0.2191, lr_0 = 4.6393e-04
Loss = 1.2716e-02, PNorm = 123.2299, GNorm = 0.2025, lr_0 = 4.6375e-04
Loss = 1.0813e-02, PNorm = 123.2338, GNorm = 0.2089, lr_0 = 4.6357e-04
Loss = 1.1817e-02, PNorm = 123.2372, GNorm = 0.6252, lr_0 = 4.6339e-04
Loss = 9.5165e-03, PNorm = 123.2389, GNorm = 0.8876, lr_0 = 4.6321e-04
Loss = 1.1210e-02, PNorm = 123.2417, GNorm = 0.5942, lr_0 = 4.6304e-04
Loss = 9.8546e-03, PNorm = 123.2459, GNorm = 0.3054, lr_0 = 4.6286e-04
Loss = 1.2322e-02, PNorm = 123.2511, GNorm = 0.4634, lr_0 = 4.6268e-04
Loss = 1.0186e-02, PNorm = 123.2543, GNorm = 0.2328, lr_0 = 4.6250e-04
Loss = 1.0199e-02, PNorm = 123.2589, GNorm = 0.2728, lr_0 = 4.6232e-04
Loss = 9.6937e-03, PNorm = 123.2635, GNorm = 0.3802, lr_0 = 4.6215e-04
Loss = 1.6037e-02, PNorm = 123.2694, GNorm = 0.8056, lr_0 = 4.6197e-04
Loss = 9.8694e-03, PNorm = 123.2743, GNorm = 0.6859, lr_0 = 4.6179e-04
Loss = 1.0962e-02, PNorm = 123.2776, GNorm = 0.3187, lr_0 = 4.6161e-04
Loss = 1.2018e-02, PNorm = 123.2802, GNorm = 0.5190, lr_0 = 4.6144e-04
Loss = 1.3220e-02, PNorm = 123.2836, GNorm = 0.3190, lr_0 = 4.6126e-04
Loss = 1.2797e-02, PNorm = 123.2884, GNorm = 0.2968, lr_0 = 4.6108e-04
Loss = 8.7253e-03, PNorm = 123.2950, GNorm = 0.5289, lr_0 = 4.6090e-04
Loss = 1.1360e-02, PNorm = 123.3000, GNorm = 0.2272, lr_0 = 4.6073e-04
Loss = 1.0774e-02, PNorm = 123.3041, GNorm = 0.3846, lr_0 = 4.6055e-04
Loss = 1.1578e-02, PNorm = 123.3067, GNorm = 0.5476, lr_0 = 4.6037e-04
Loss = 9.9570e-03, PNorm = 123.3103, GNorm = 0.5800, lr_0 = 4.6019e-04
Loss = 1.0052e-02, PNorm = 123.3149, GNorm = 0.4385, lr_0 = 4.6002e-04
Loss = 1.1189e-02, PNorm = 123.3193, GNorm = 0.4337, lr_0 = 4.5984e-04
Loss = 9.8320e-03, PNorm = 123.3233, GNorm = 0.2313, lr_0 = 4.5966e-04
Loss = 1.1251e-02, PNorm = 123.3262, GNorm = 0.3035, lr_0 = 4.5949e-04
Loss = 1.0623e-02, PNorm = 123.3295, GNorm = 0.2858, lr_0 = 4.5931e-04
Loss = 1.0394e-02, PNorm = 123.3346, GNorm = 0.7324, lr_0 = 4.5913e-04
Loss = 1.0709e-02, PNorm = 123.3396, GNorm = 0.3338, lr_0 = 4.5896e-04
Loss = 1.2811e-02, PNorm = 123.3429, GNorm = 0.5068, lr_0 = 4.5878e-04
Loss = 1.3343e-02, PNorm = 123.3446, GNorm = 0.3303, lr_0 = 4.5860e-04
Loss = 9.3353e-03, PNorm = 123.3484, GNorm = 0.2841, lr_0 = 4.5843e-04
Loss = 1.0460e-02, PNorm = 123.3520, GNorm = 0.2005, lr_0 = 4.5825e-04
Loss = 8.4412e-03, PNorm = 123.3539, GNorm = 0.2727, lr_0 = 4.5808e-04
Loss = 9.6744e-03, PNorm = 123.3552, GNorm = 0.2558, lr_0 = 4.5790e-04
Loss = 1.2929e-02, PNorm = 123.3581, GNorm = 3.1156, lr_0 = 4.5772e-04
Loss = 1.1232e-02, PNorm = 123.3631, GNorm = 0.5072, lr_0 = 4.5755e-04
Loss = 9.3811e-03, PNorm = 123.3678, GNorm = 0.2153, lr_0 = 4.5737e-04
Loss = 8.3484e-03, PNorm = 123.3716, GNorm = 0.2845, lr_0 = 4.5720e-04
Loss = 1.0051e-02, PNorm = 123.3748, GNorm = 0.4152, lr_0 = 4.5702e-04
Loss = 1.3626e-02, PNorm = 123.3791, GNorm = 0.1796, lr_0 = 4.5684e-04
Loss = 1.1278e-02, PNorm = 123.3826, GNorm = 0.6545, lr_0 = 4.5667e-04
Loss = 9.1211e-03, PNorm = 123.3866, GNorm = 0.3452, lr_0 = 4.5649e-04
Loss = 1.0244e-02, PNorm = 123.3899, GNorm = 0.4877, lr_0 = 4.5632e-04
Loss = 1.4759e-02, PNorm = 123.3927, GNorm = 0.5267, lr_0 = 4.5614e-04
Loss = 9.6127e-03, PNorm = 123.3982, GNorm = 0.4536, lr_0 = 4.5597e-04
Loss = 1.2809e-02, PNorm = 123.4043, GNorm = 0.4812, lr_0 = 4.5579e-04
Loss = 1.2115e-02, PNorm = 123.4082, GNorm = 0.7972, lr_0 = 4.5562e-04
Loss = 9.7303e-03, PNorm = 123.4115, GNorm = 0.5098, lr_0 = 4.5544e-04
Loss = 9.6883e-03, PNorm = 123.4143, GNorm = 0.2498, lr_0 = 4.5527e-04
Loss = 7.8876e-03, PNorm = 123.4171, GNorm = 0.4302, lr_0 = 4.5509e-04
Loss = 1.0160e-02, PNorm = 123.4200, GNorm = 0.4159, lr_0 = 4.5492e-04
Loss = 1.0831e-02, PNorm = 123.4255, GNorm = 0.5233, lr_0 = 4.5474e-04
Loss = 1.0299e-02, PNorm = 123.4303, GNorm = 0.3694, lr_0 = 4.5457e-04
Loss = 8.3974e-03, PNorm = 123.4347, GNorm = 0.4625, lr_0 = 4.5439e-04
Loss = 9.7680e-03, PNorm = 123.4405, GNorm = 0.2215, lr_0 = 4.5422e-04
Loss = 8.6733e-03, PNorm = 123.4447, GNorm = 0.3685, lr_0 = 4.5404e-04
Loss = 9.8437e-03, PNorm = 123.4472, GNorm = 0.3226, lr_0 = 4.5387e-04
Loss = 9.7551e-03, PNorm = 123.4504, GNorm = 0.4270, lr_0 = 4.5369e-04
Loss = 1.1116e-02, PNorm = 123.4530, GNorm = 0.4705, lr_0 = 4.5352e-04
Loss = 1.0921e-02, PNorm = 123.4566, GNorm = 0.4891, lr_0 = 4.5334e-04
Loss = 1.0045e-02, PNorm = 123.4617, GNorm = 0.3237, lr_0 = 4.5317e-04
Loss = 1.6553e-02, PNorm = 123.4658, GNorm = 0.2981, lr_0 = 4.5299e-04
Loss = 9.4971e-03, PNorm = 123.4705, GNorm = 0.3724, lr_0 = 4.5282e-04
Loss = 1.1573e-02, PNorm = 123.4756, GNorm = 0.4296, lr_0 = 4.5265e-04
Loss = 1.0782e-02, PNorm = 123.4811, GNorm = 0.3262, lr_0 = 4.5247e-04
Loss = 1.1009e-02, PNorm = 123.4850, GNorm = 0.3145, lr_0 = 4.5230e-04
Loss = 1.0695e-02, PNorm = 123.4875, GNorm = 0.2120, lr_0 = 4.5212e-04
Loss = 1.1733e-02, PNorm = 123.4923, GNorm = 0.7117, lr_0 = 4.5195e-04
Loss = 9.3610e-03, PNorm = 123.4985, GNorm = 0.4427, lr_0 = 4.5178e-04
Loss = 1.1343e-02, PNorm = 123.5018, GNorm = 0.4152, lr_0 = 4.5160e-04
Loss = 9.8825e-03, PNorm = 123.5080, GNorm = 0.5873, lr_0 = 4.5143e-04
Loss = 9.1707e-03, PNorm = 123.5137, GNorm = 0.3143, lr_0 = 4.5126e-04
Loss = 1.1803e-02, PNorm = 123.5176, GNorm = 0.1842, lr_0 = 4.5108e-04
Loss = 1.1489e-02, PNorm = 123.5207, GNorm = 0.3372, lr_0 = 4.5091e-04
Loss = 1.0002e-02, PNorm = 123.5237, GNorm = 0.4010, lr_0 = 4.5074e-04
Loss = 1.1460e-02, PNorm = 123.5289, GNorm = 0.3823, lr_0 = 4.5056e-04
Loss = 8.1760e-03, PNorm = 123.5327, GNorm = 0.1526, lr_0 = 4.5039e-04
Loss = 1.2914e-02, PNorm = 123.5369, GNorm = 0.4026, lr_0 = 4.5022e-04
Loss = 1.1573e-02, PNorm = 123.5407, GNorm = 0.3470, lr_0 = 4.5004e-04
Loss = 1.1042e-02, PNorm = 123.5443, GNorm = 0.2763, lr_0 = 4.4987e-04
Loss = 1.0612e-02, PNorm = 123.5484, GNorm = 0.6260, lr_0 = 4.4970e-04
Loss = 9.2826e-03, PNorm = 123.5529, GNorm = 0.4448, lr_0 = 4.4952e-04
Loss = 8.7991e-03, PNorm = 123.5563, GNorm = 0.2795, lr_0 = 4.4935e-04
Loss = 1.1490e-02, PNorm = 123.5603, GNorm = 0.4333, lr_0 = 4.4918e-04
Loss = 1.1128e-02, PNorm = 123.5642, GNorm = 0.3016, lr_0 = 4.4901e-04
Loss = 1.1180e-02, PNorm = 123.5693, GNorm = 0.4292, lr_0 = 4.4883e-04
Loss = 1.0777e-02, PNorm = 123.5731, GNorm = 0.5053, lr_0 = 4.4866e-04
Loss = 1.1112e-02, PNorm = 123.5786, GNorm = 0.3350, lr_0 = 4.4849e-04
Loss = 1.2229e-02, PNorm = 123.5820, GNorm = 0.6048, lr_0 = 4.4832e-04
Loss = 8.7389e-03, PNorm = 123.5860, GNorm = 0.3112, lr_0 = 4.4814e-04
Loss = 1.1551e-02, PNorm = 123.5921, GNorm = 0.3560, lr_0 = 4.4797e-04
Loss = 8.6910e-03, PNorm = 123.5990, GNorm = 0.3454, lr_0 = 4.4780e-04
Loss = 9.8828e-03, PNorm = 123.6048, GNorm = 0.3743, lr_0 = 4.4763e-04
Loss = 1.3311e-02, PNorm = 123.6103, GNorm = 0.2651, lr_0 = 4.4745e-04
Loss = 9.7701e-03, PNorm = 123.6136, GNorm = 0.2605, lr_0 = 4.4728e-04
Loss = 1.3421e-02, PNorm = 123.6183, GNorm = 0.4935, lr_0 = 4.4711e-04
Loss = 9.6287e-03, PNorm = 123.6227, GNorm = 0.7285, lr_0 = 4.4694e-04
Loss = 9.1979e-03, PNorm = 123.6269, GNorm = 0.4009, lr_0 = 4.4677e-04
Loss = 9.4129e-03, PNorm = 123.6302, GNorm = 0.2303, lr_0 = 4.4659e-04
Loss = 9.2912e-03, PNorm = 123.6349, GNorm = 0.5023, lr_0 = 4.4642e-04
Loss = 9.0872e-03, PNorm = 123.6382, GNorm = 0.7823, lr_0 = 4.4625e-04
Loss = 1.2278e-02, PNorm = 123.6431, GNorm = 0.2561, lr_0 = 4.4608e-04
Loss = 1.1643e-02, PNorm = 123.6481, GNorm = 0.9018, lr_0 = 4.4591e-04
Loss = 1.1331e-02, PNorm = 123.6522, GNorm = 0.2903, lr_0 = 4.4574e-04
Loss = 1.0112e-02, PNorm = 123.6567, GNorm = 0.1941, lr_0 = 4.4556e-04
Loss = 8.7438e-03, PNorm = 123.6610, GNorm = 0.5265, lr_0 = 4.4539e-04
Loss = 1.0914e-02, PNorm = 123.6645, GNorm = 0.2251, lr_0 = 4.4522e-04
Loss = 1.1027e-02, PNorm = 123.6690, GNorm = 0.2342, lr_0 = 4.4505e-04
Loss = 1.0717e-02, PNorm = 123.6737, GNorm = 0.2233, lr_0 = 4.4488e-04
Loss = 8.8045e-03, PNorm = 123.6807, GNorm = 0.4010, lr_0 = 4.4471e-04
Loss = 1.2453e-02, PNorm = 123.6867, GNorm = 0.3974, lr_0 = 4.4454e-04
Loss = 1.1546e-02, PNorm = 123.6896, GNorm = 0.6308, lr_0 = 4.4437e-04
Loss = 9.9901e-03, PNorm = 123.6912, GNorm = 0.9722, lr_0 = 4.4420e-04
Loss = 9.6801e-03, PNorm = 123.6944, GNorm = 0.3986, lr_0 = 4.4403e-04
Loss = 1.1281e-02, PNorm = 123.6987, GNorm = 0.2223, lr_0 = 4.4385e-04
Loss = 9.8275e-03, PNorm = 123.7040, GNorm = 0.6739, lr_0 = 4.4368e-04
Loss = 1.0047e-02, PNorm = 123.7076, GNorm = 0.4362, lr_0 = 4.4351e-04
Loss = 1.3949e-02, PNorm = 123.7093, GNorm = 0.2804, lr_0 = 4.4334e-04
Loss = 1.1856e-02, PNorm = 123.7146, GNorm = 0.4117, lr_0 = 4.4317e-04
Loss = 1.5552e-02, PNorm = 123.7210, GNorm = 0.7296, lr_0 = 4.4300e-04
Loss = 1.1656e-02, PNorm = 123.7247, GNorm = 0.3265, lr_0 = 4.4283e-04
Loss = 1.0962e-02, PNorm = 123.7285, GNorm = 0.4593, lr_0 = 4.4266e-04
Loss = 9.1289e-03, PNorm = 123.7328, GNorm = 0.2899, lr_0 = 4.4249e-04
Loss = 1.1558e-02, PNorm = 123.7387, GNorm = 0.4269, lr_0 = 4.4232e-04
Loss = 1.0237e-02, PNorm = 123.7453, GNorm = 0.2902, lr_0 = 4.4215e-04
Loss = 1.0131e-02, PNorm = 123.7503, GNorm = 0.4220, lr_0 = 4.4198e-04
Loss = 1.0334e-02, PNorm = 123.7545, GNorm = 0.4017, lr_0 = 4.4181e-04
Loss = 1.1557e-02, PNorm = 123.7589, GNorm = 0.1787, lr_0 = 4.4164e-04
Loss = 9.0444e-03, PNorm = 123.7641, GNorm = 0.2419, lr_0 = 4.4147e-04
Loss = 1.0878e-02, PNorm = 123.7706, GNorm = 0.3751, lr_0 = 4.4130e-04
Loss = 9.4274e-03, PNorm = 123.7760, GNorm = 0.2530, lr_0 = 4.4113e-04
Loss = 1.0180e-02, PNorm = 123.7802, GNorm = 1.0852, lr_0 = 4.4096e-04
Loss = 1.0029e-02, PNorm = 123.7844, GNorm = 0.3901, lr_0 = 4.4079e-04
Loss = 8.2162e-03, PNorm = 123.7889, GNorm = 0.2831, lr_0 = 4.4062e-04
Loss = 1.0404e-02, PNorm = 123.7935, GNorm = 0.4198, lr_0 = 4.4045e-04
Loss = 1.0752e-02, PNorm = 123.7979, GNorm = 0.7335, lr_0 = 4.4028e-04
Loss = 1.3489e-02, PNorm = 123.8023, GNorm = 0.3332, lr_0 = 4.4011e-04
Loss = 9.2548e-03, PNorm = 123.8058, GNorm = 0.6122, lr_0 = 4.3995e-04
Loss = 9.2979e-03, PNorm = 123.8101, GNorm = 0.1754, lr_0 = 4.3978e-04
Loss = 8.1364e-03, PNorm = 123.8154, GNorm = 0.4384, lr_0 = 4.3961e-04
Loss = 8.7243e-03, PNorm = 123.8206, GNorm = 0.6547, lr_0 = 4.3944e-04
Loss = 9.7040e-03, PNorm = 123.8253, GNorm = 0.3495, lr_0 = 4.3927e-04
Loss = 1.5723e-02, PNorm = 123.8278, GNorm = 0.3739, lr_0 = 4.3910e-04
Loss = 9.9893e-03, PNorm = 123.8308, GNorm = 0.4787, lr_0 = 4.3893e-04
Loss = 9.3383e-03, PNorm = 123.8348, GNorm = 0.2210, lr_0 = 4.3876e-04
Loss = 1.0512e-02, PNorm = 123.8396, GNorm = 0.4867, lr_0 = 4.3859e-04
Loss = 1.0456e-02, PNorm = 123.8466, GNorm = 0.4635, lr_0 = 4.3843e-04
Loss = 1.2628e-02, PNorm = 123.8508, GNorm = 0.4845, lr_0 = 4.3826e-04
Loss = 1.3998e-02, PNorm = 123.8527, GNorm = 0.3732, lr_0 = 4.3809e-04
Loss = 1.0474e-02, PNorm = 123.8568, GNorm = 0.4225, lr_0 = 4.3792e-04
Loss = 1.1177e-02, PNorm = 123.8624, GNorm = 0.2747, lr_0 = 4.3775e-04
Loss = 9.4213e-03, PNorm = 123.8679, GNorm = 0.3473, lr_0 = 4.3758e-04
Loss = 1.2728e-02, PNorm = 123.8721, GNorm = 0.3912, lr_0 = 4.3741e-04
Loss = 1.1140e-02, PNorm = 123.8753, GNorm = 0.3628, lr_0 = 4.3725e-04
Loss = 1.1898e-02, PNorm = 123.8797, GNorm = 0.2133, lr_0 = 4.3708e-04
Loss = 9.2575e-03, PNorm = 123.8839, GNorm = 0.4098, lr_0 = 4.3691e-04
Loss = 1.0454e-02, PNorm = 123.8883, GNorm = 0.2400, lr_0 = 4.3674e-04
Loss = 9.8131e-03, PNorm = 123.8908, GNorm = 0.5484, lr_0 = 4.3657e-04
Loss = 9.5977e-03, PNorm = 123.8936, GNorm = 0.2421, lr_0 = 4.3641e-04
Loss = 8.5504e-03, PNorm = 123.8975, GNorm = 0.5046, lr_0 = 4.3624e-04
Loss = 9.2846e-03, PNorm = 123.9013, GNorm = 0.4046, lr_0 = 4.3607e-04
Loss = 9.2859e-03, PNorm = 123.9029, GNorm = 0.3685, lr_0 = 4.3590e-04
Loss = 8.0925e-03, PNorm = 123.9043, GNorm = 0.3223, lr_0 = 4.3574e-04
Loss = 1.2968e-02, PNorm = 123.9066, GNorm = 0.6648, lr_0 = 4.3557e-04
Loss = 1.4009e-02, PNorm = 123.9094, GNorm = 0.3123, lr_0 = 4.3540e-04
Loss = 9.9201e-03, PNorm = 123.9132, GNorm = 0.3874, lr_0 = 4.3523e-04
Loss = 8.1422e-03, PNorm = 123.9180, GNorm = 0.2985, lr_0 = 4.3507e-04
Loss = 1.4710e-02, PNorm = 123.9241, GNorm = 0.4076, lr_0 = 4.3490e-04
Loss = 1.0542e-02, PNorm = 123.9285, GNorm = 0.2560, lr_0 = 4.3473e-04
Loss = 9.8240e-03, PNorm = 123.9329, GNorm = 0.3484, lr_0 = 4.3456e-04
Loss = 1.0585e-02, PNorm = 123.9371, GNorm = 0.2843, lr_0 = 4.3440e-04
Loss = 9.5634e-03, PNorm = 123.9414, GNorm = 0.2950, lr_0 = 4.3423e-04
Loss = 1.0676e-02, PNorm = 123.9431, GNorm = 0.4560, lr_0 = 4.3406e-04
Loss = 1.1193e-02, PNorm = 123.9473, GNorm = 0.5006, lr_0 = 4.3390e-04
Loss = 1.1295e-02, PNorm = 123.9502, GNorm = 0.3530, lr_0 = 4.3373e-04
Loss = 1.0922e-02, PNorm = 123.9526, GNorm = 0.7945, lr_0 = 4.3356e-04
Loss = 7.9229e-03, PNorm = 123.9568, GNorm = 0.6997, lr_0 = 4.3340e-04
Loss = 8.3869e-03, PNorm = 123.9614, GNorm = 0.2780, lr_0 = 4.3323e-04
Loss = 1.4940e-02, PNorm = 123.9650, GNorm = 0.6516, lr_0 = 4.3306e-04
Loss = 1.2516e-02, PNorm = 123.9686, GNorm = 0.5315, lr_0 = 4.3290e-04
Loss = 1.2970e-02, PNorm = 123.9733, GNorm = 0.4264, lr_0 = 4.3273e-04
Loss = 1.7738e-02, PNorm = 123.9783, GNorm = 0.3710, lr_0 = 4.3256e-04
Loss = 1.1588e-02, PNorm = 123.9845, GNorm = 0.2295, lr_0 = 4.3240e-04
Loss = 9.6496e-03, PNorm = 123.9907, GNorm = 0.4102, lr_0 = 4.3223e-04
Loss = 1.3056e-02, PNorm = 123.9960, GNorm = 0.4266, lr_0 = 4.3206e-04
Loss = 9.7120e-03, PNorm = 124.0011, GNorm = 0.3508, lr_0 = 4.3190e-04
Loss = 1.1581e-02, PNorm = 124.0055, GNorm = 0.4130, lr_0 = 4.3173e-04
Loss = 1.0764e-02, PNorm = 124.0088, GNorm = 0.5479, lr_0 = 4.3157e-04
Loss = 1.0165e-02, PNorm = 124.0136, GNorm = 0.2585, lr_0 = 4.3140e-04
Loss = 8.3004e-03, PNorm = 124.0177, GNorm = 0.2686, lr_0 = 4.3123e-04
Loss = 8.4193e-03, PNorm = 124.0218, GNorm = 0.1740, lr_0 = 4.3107e-04
Loss = 7.5979e-03, PNorm = 124.0269, GNorm = 0.6050, lr_0 = 4.3090e-04
Loss = 1.1794e-02, PNorm = 124.0299, GNorm = 0.5179, lr_0 = 4.3074e-04
Loss = 1.2319e-02, PNorm = 124.0330, GNorm = 0.4035, lr_0 = 4.3057e-04
Loss = 1.0677e-02, PNorm = 124.0368, GNorm = 0.2737, lr_0 = 4.3041e-04
Loss = 9.5449e-03, PNorm = 124.0397, GNorm = 0.3443, lr_0 = 4.3024e-04
Loss = 1.5000e-02, PNorm = 124.0452, GNorm = 2.7231, lr_0 = 4.3007e-04
Loss = 1.4246e-02, PNorm = 124.0493, GNorm = 3.5275, lr_0 = 4.2991e-04
Loss = 1.0037e-02, PNorm = 124.0527, GNorm = 0.7909, lr_0 = 4.2974e-04
Loss = 9.5394e-03, PNorm = 124.0556, GNorm = 0.2023, lr_0 = 4.2958e-04
Loss = 1.8632e-02, PNorm = 124.0603, GNorm = 0.3542, lr_0 = 4.2941e-04
Loss = 1.2610e-02, PNorm = 124.0656, GNorm = 0.5769, lr_0 = 4.2925e-04
Loss = 1.2971e-02, PNorm = 124.0699, GNorm = 0.2825, lr_0 = 4.2908e-04
Loss = 8.6018e-03, PNorm = 124.0740, GNorm = 0.3038, lr_0 = 4.2892e-04
Loss = 8.7625e-03, PNorm = 124.0768, GNorm = 0.2872, lr_0 = 4.2875e-04
Loss = 1.2861e-02, PNorm = 124.0788, GNorm = 0.4847, lr_0 = 4.2859e-04
Loss = 1.2991e-02, PNorm = 124.0818, GNorm = 0.4513, lr_0 = 4.2842e-04
Loss = 1.1670e-02, PNorm = 124.0858, GNorm = 0.2830, lr_0 = 4.2826e-04
Loss = 1.1370e-02, PNorm = 124.0872, GNorm = 0.4808, lr_0 = 4.2809e-04
Loss = 1.0001e-02, PNorm = 124.0904, GNorm = 0.3054, lr_0 = 4.2793e-04
Loss = 1.2144e-02, PNorm = 124.0940, GNorm = 0.6420, lr_0 = 4.2777e-04
Loss = 1.1459e-02, PNorm = 124.0951, GNorm = 0.2513, lr_0 = 4.2760e-04
Loss = 9.8508e-03, PNorm = 124.0986, GNorm = 0.4434, lr_0 = 4.2744e-04
Loss = 1.0043e-02, PNorm = 124.1019, GNorm = 0.4036, lr_0 = 4.2727e-04
Loss = 1.0119e-02, PNorm = 124.1047, GNorm = 0.8060, lr_0 = 4.2711e-04
Loss = 1.0376e-02, PNorm = 124.1084, GNorm = 0.2697, lr_0 = 4.2694e-04
Loss = 1.1691e-02, PNorm = 124.1125, GNorm = 0.4261, lr_0 = 4.2678e-04
Loss = 9.1534e-03, PNorm = 124.1180, GNorm = 0.3027, lr_0 = 4.2661e-04
Loss = 9.1354e-03, PNorm = 124.1216, GNorm = 0.2567, lr_0 = 4.2645e-04
Loss = 7.3977e-03, PNorm = 124.1262, GNorm = 0.3453, lr_0 = 4.2629e-04
Loss = 9.9469e-03, PNorm = 124.1298, GNorm = 0.2294, lr_0 = 4.2612e-04
Loss = 8.8217e-03, PNorm = 124.1328, GNorm = 0.2713, lr_0 = 4.2596e-04
Loss = 1.1629e-02, PNorm = 124.1357, GNorm = 0.5078, lr_0 = 4.2580e-04
Loss = 1.0728e-02, PNorm = 124.1396, GNorm = 0.6027, lr_0 = 4.2563e-04
Loss = 8.2622e-03, PNorm = 124.1450, GNorm = 0.3421, lr_0 = 4.2547e-04
Loss = 1.3344e-02, PNorm = 124.1517, GNorm = 0.5988, lr_0 = 4.2530e-04
Loss = 1.4550e-02, PNorm = 124.1555, GNorm = 0.5944, lr_0 = 4.2514e-04
Loss = 8.5757e-03, PNorm = 124.1600, GNorm = 0.3395, lr_0 = 4.2498e-04
Loss = 1.2730e-02, PNorm = 124.1640, GNorm = 0.8878, lr_0 = 4.2481e-04
Loss = 8.2366e-03, PNorm = 124.1685, GNorm = 0.2774, lr_0 = 4.2465e-04
Loss = 8.7797e-03, PNorm = 124.1709, GNorm = 0.4134, lr_0 = 4.2449e-04
Loss = 1.1270e-02, PNorm = 124.1738, GNorm = 0.2073, lr_0 = 4.2432e-04
Loss = 1.0175e-02, PNorm = 124.1767, GNorm = 0.2948, lr_0 = 4.2416e-04
Loss = 9.5878e-03, PNorm = 124.1826, GNorm = 0.3373, lr_0 = 4.2400e-04
Loss = 8.8980e-03, PNorm = 124.1875, GNorm = 0.2634, lr_0 = 4.2383e-04
Loss = 1.2002e-02, PNorm = 124.1919, GNorm = 0.3993, lr_0 = 4.2367e-04
Loss = 1.1534e-02, PNorm = 124.1985, GNorm = 0.2876, lr_0 = 4.2351e-04
Loss = 1.0180e-02, PNorm = 124.2033, GNorm = 0.2388, lr_0 = 4.2335e-04
Loss = 1.0638e-02, PNorm = 124.2059, GNorm = 0.4448, lr_0 = 4.2318e-04
Loss = 9.6585e-03, PNorm = 124.2084, GNorm = 0.4049, lr_0 = 4.2302e-04
Loss = 8.6149e-03, PNorm = 124.2117, GNorm = 0.2000, lr_0 = 4.2286e-04
Loss = 1.1285e-02, PNorm = 124.2170, GNorm = 0.3125, lr_0 = 4.2270e-04
Loss = 9.8120e-03, PNorm = 124.2218, GNorm = 0.3624, lr_0 = 4.2253e-04
Loss = 7.2066e-03, PNorm = 124.2244, GNorm = 0.3138, lr_0 = 4.2237e-04
Loss = 9.5519e-03, PNorm = 124.2267, GNorm = 0.3599, lr_0 = 4.2221e-04
Loss = 8.5238e-03, PNorm = 124.2302, GNorm = 0.5874, lr_0 = 4.2205e-04
Loss = 1.5901e-02, PNorm = 124.2347, GNorm = 0.5576, lr_0 = 4.2188e-04
Loss = 8.2699e-03, PNorm = 124.2398, GNorm = 0.1926, lr_0 = 4.2172e-04
Loss = 8.9771e-03, PNorm = 124.2437, GNorm = 0.6410, lr_0 = 4.2156e-04
Loss = 1.1116e-02, PNorm = 124.2479, GNorm = 0.3014, lr_0 = 4.2140e-04
Loss = 8.5337e-03, PNorm = 124.2510, GNorm = 0.5033, lr_0 = 4.2123e-04
Loss = 1.0055e-02, PNorm = 124.2550, GNorm = 0.4366, lr_0 = 4.2107e-04
Loss = 7.7794e-03, PNorm = 124.2592, GNorm = 0.3277, lr_0 = 4.2091e-04
Loss = 1.0565e-02, PNorm = 124.2649, GNorm = 0.6398, lr_0 = 4.2075e-04
Loss = 1.2187e-02, PNorm = 124.2685, GNorm = 0.3340, lr_0 = 4.2059e-04
Loss = 1.0011e-02, PNorm = 124.2707, GNorm = 0.6304, lr_0 = 4.2043e-04
Loss = 8.4097e-03, PNorm = 124.2730, GNorm = 0.1700, lr_0 = 4.2026e-04
Loss = 8.6965e-03, PNorm = 124.2750, GNorm = 0.6094, lr_0 = 4.2010e-04
Loss = 9.2738e-03, PNorm = 124.2777, GNorm = 0.2719, lr_0 = 4.1994e-04
Loss = 1.0045e-02, PNorm = 124.2808, GNorm = 0.6600, lr_0 = 4.1978e-04
Loss = 1.1114e-02, PNorm = 124.2836, GNorm = 0.3748, lr_0 = 4.1962e-04
Loss = 9.8177e-03, PNorm = 124.2879, GNorm = 0.7639, lr_0 = 4.1946e-04
Loss = 1.2737e-02, PNorm = 124.2928, GNorm = 0.5268, lr_0 = 4.1929e-04
Loss = 1.4227e-02, PNorm = 124.2969, GNorm = 0.5197, lr_0 = 4.1913e-04
Loss = 9.1063e-03, PNorm = 124.3009, GNorm = 0.4016, lr_0 = 4.1897e-04
Loss = 9.3894e-03, PNorm = 124.3032, GNorm = 0.5445, lr_0 = 4.1881e-04
Loss = 9.3805e-03, PNorm = 124.3075, GNorm = 0.4209, lr_0 = 4.1865e-04
Loss = 1.0911e-02, PNorm = 124.3140, GNorm = 0.2997, lr_0 = 4.1849e-04
Loss = 9.1305e-03, PNorm = 124.3191, GNorm = 0.7211, lr_0 = 4.1833e-04
Loss = 9.4346e-03, PNorm = 124.3231, GNorm = 0.7038, lr_0 = 4.1817e-04
Loss = 9.9756e-03, PNorm = 124.3268, GNorm = 0.5488, lr_0 = 4.1801e-04
Loss = 1.1429e-02, PNorm = 124.3308, GNorm = 0.2069, lr_0 = 4.1785e-04
Loss = 8.4631e-03, PNorm = 124.3351, GNorm = 0.3144, lr_0 = 4.1769e-04
Loss = 1.1427e-02, PNorm = 124.3391, GNorm = 0.6636, lr_0 = 4.1752e-04
Loss = 8.5969e-03, PNorm = 124.3416, GNorm = 0.2928, lr_0 = 4.1736e-04
Loss = 7.9754e-03, PNorm = 124.3446, GNorm = 0.2835, lr_0 = 4.1720e-04
Loss = 9.8826e-03, PNorm = 124.3481, GNorm = 0.2518, lr_0 = 4.1704e-04
Loss = 8.8633e-03, PNorm = 124.3492, GNorm = 0.5094, lr_0 = 4.1688e-04
Loss = 1.2892e-02, PNorm = 124.3494, GNorm = 0.3226, lr_0 = 4.1672e-04
Loss = 7.4408e-03, PNorm = 124.3519, GNorm = 0.3617, lr_0 = 4.1656e-04
Loss = 8.4317e-03, PNorm = 124.3539, GNorm = 0.4081, lr_0 = 4.1640e-04
Loss = 1.2801e-02, PNorm = 124.3550, GNorm = 0.3445, lr_0 = 4.1624e-04
Loss = 9.0728e-03, PNorm = 124.3582, GNorm = 0.4646, lr_0 = 4.1608e-04
Loss = 1.5407e-02, PNorm = 124.3629, GNorm = 0.3380, lr_0 = 4.1592e-04
Loss = 9.4463e-03, PNorm = 124.3654, GNorm = 0.7171, lr_0 = 4.1576e-04
Loss = 1.3060e-02, PNorm = 124.3692, GNorm = 0.2802, lr_0 = 4.1560e-04
Loss = 9.2848e-03, PNorm = 124.3740, GNorm = 0.3851, lr_0 = 4.1544e-04
Loss = 8.1059e-03, PNorm = 124.3775, GNorm = 0.2756, lr_0 = 4.1528e-04
Loss = 8.3981e-03, PNorm = 124.3814, GNorm = 0.3186, lr_0 = 4.1512e-04
Loss = 7.1672e-03, PNorm = 124.3853, GNorm = 0.3209, lr_0 = 4.1496e-04
Loss = 9.0834e-03, PNorm = 124.3866, GNorm = 0.2345, lr_0 = 4.1480e-04
Loss = 1.0363e-02, PNorm = 124.3896, GNorm = 0.4334, lr_0 = 4.1464e-04
Loss = 9.4689e-03, PNorm = 124.3930, GNorm = 0.3828, lr_0 = 4.1448e-04
Loss = 9.2007e-03, PNorm = 124.3956, GNorm = 0.2602, lr_0 = 4.1433e-04
Loss = 1.2660e-02, PNorm = 124.3982, GNorm = 0.2322, lr_0 = 4.1417e-04
Loss = 1.1693e-02, PNorm = 124.4034, GNorm = 0.6431, lr_0 = 4.1401e-04
Loss = 9.3044e-03, PNorm = 124.4078, GNorm = 0.3423, lr_0 = 4.1385e-04
Loss = 1.0304e-02, PNorm = 124.4121, GNorm = 0.2905, lr_0 = 4.1369e-04
Loss = 1.0967e-02, PNorm = 124.4177, GNorm = 0.2575, lr_0 = 4.1353e-04
Loss = 1.0859e-02, PNorm = 124.4205, GNorm = 0.4809, lr_0 = 4.1337e-04
Loss = 1.0570e-02, PNorm = 124.4232, GNorm = 0.3772, lr_0 = 4.1321e-04
Loss = 9.3934e-03, PNorm = 124.4269, GNorm = 0.6081, lr_0 = 4.1305e-04
Loss = 1.4271e-02, PNorm = 124.4337, GNorm = 0.3553, lr_0 = 4.1289e-04
Loss = 9.3758e-03, PNorm = 124.4395, GNorm = 0.6562, lr_0 = 4.1273e-04
Loss = 1.1926e-02, PNorm = 124.4420, GNorm = 0.9881, lr_0 = 4.1258e-04
Loss = 8.7620e-03, PNorm = 124.4461, GNorm = 0.3582, lr_0 = 4.1242e-04
Loss = 8.6170e-03, PNorm = 124.4507, GNorm = 0.2832, lr_0 = 4.1226e-04
Loss = 9.5113e-03, PNorm = 124.4554, GNorm = 0.3380, lr_0 = 4.1210e-04
Loss = 9.1428e-03, PNorm = 124.4594, GNorm = 0.2751, lr_0 = 4.1194e-04
Loss = 9.2704e-03, PNorm = 124.4629, GNorm = 0.5557, lr_0 = 4.1178e-04
Loss = 8.3842e-03, PNorm = 124.4667, GNorm = 0.2447, lr_0 = 4.1163e-04
Loss = 1.0299e-02, PNorm = 124.4708, GNorm = 0.2708, lr_0 = 4.1147e-04
Loss = 7.3903e-03, PNorm = 124.4728, GNorm = 0.2966, lr_0 = 4.1131e-04
Loss = 1.2472e-02, PNorm = 124.4765, GNorm = 0.2629, lr_0 = 4.1115e-04
Loss = 1.0307e-02, PNorm = 124.4821, GNorm = 0.5009, lr_0 = 4.1099e-04
Loss = 7.8794e-03, PNorm = 124.4861, GNorm = 0.4107, lr_0 = 4.1083e-04
Loss = 1.1581e-02, PNorm = 124.4907, GNorm = 0.7568, lr_0 = 4.1068e-04
Loss = 9.6109e-03, PNorm = 124.4941, GNorm = 0.2434, lr_0 = 4.1052e-04
Loss = 1.2023e-02, PNorm = 124.4967, GNorm = 0.3227, lr_0 = 4.1036e-04
Loss = 9.0476e-03, PNorm = 124.4990, GNorm = 0.6984, lr_0 = 4.1020e-04
Loss = 9.0443e-03, PNorm = 124.5024, GNorm = 0.8555, lr_0 = 4.1005e-04
Loss = 9.3584e-03, PNorm = 124.5057, GNorm = 0.2282, lr_0 = 4.0989e-04
Loss = 8.6485e-03, PNorm = 124.5097, GNorm = 0.6942, lr_0 = 4.0973e-04
Loss = 6.7820e-03, PNorm = 124.5150, GNorm = 0.2382, lr_0 = 4.0957e-04
Loss = 7.8907e-03, PNorm = 124.5181, GNorm = 0.4808, lr_0 = 4.0941e-04
Loss = 1.0133e-02, PNorm = 124.5224, GNorm = 0.2950, lr_0 = 4.0926e-04
Loss = 8.2624e-03, PNorm = 124.5255, GNorm = 0.2118, lr_0 = 4.0910e-04
Loss = 1.2385e-02, PNorm = 124.5264, GNorm = 0.3949, lr_0 = 4.0894e-04
Loss = 7.1898e-03, PNorm = 124.5282, GNorm = 0.2498, lr_0 = 4.0879e-04
Loss = 8.7419e-03, PNorm = 124.5316, GNorm = 0.2988, lr_0 = 4.0863e-04
Loss = 8.4974e-03, PNorm = 124.5367, GNorm = 0.4156, lr_0 = 4.0847e-04
Loss = 1.0465e-02, PNorm = 124.5398, GNorm = 0.3458, lr_0 = 4.0831e-04
Loss = 8.4297e-03, PNorm = 124.5406, GNorm = 0.5242, lr_0 = 4.0816e-04
Loss = 6.4230e-03, PNorm = 124.5407, GNorm = 0.3154, lr_0 = 4.0800e-04
Loss = 8.8293e-03, PNorm = 124.5417, GNorm = 0.3167, lr_0 = 4.0784e-04
Loss = 1.0156e-02, PNorm = 124.5435, GNorm = 0.3358, lr_0 = 4.0769e-04
Loss = 9.1157e-03, PNorm = 124.5461, GNorm = 0.2158, lr_0 = 4.0753e-04
Loss = 8.7973e-03, PNorm = 124.5480, GNorm = 0.2295, lr_0 = 4.0737e-04
Loss = 8.4208e-03, PNorm = 124.5515, GNorm = 0.3589, lr_0 = 4.0722e-04
Loss = 8.4661e-03, PNorm = 124.5549, GNorm = 0.2219, lr_0 = 4.0706e-04
Loss = 1.1659e-02, PNorm = 124.5580, GNorm = 0.2050, lr_0 = 4.0690e-04
Loss = 1.1480e-02, PNorm = 124.5607, GNorm = 0.4472, lr_0 = 4.0675e-04
Loss = 9.6384e-03, PNorm = 124.5660, GNorm = 0.3634, lr_0 = 4.0659e-04
Loss = 9.4600e-03, PNorm = 124.5696, GNorm = 0.2398, lr_0 = 4.0643e-04
Loss = 8.8258e-03, PNorm = 124.5730, GNorm = 0.2925, lr_0 = 4.0628e-04
Loss = 6.1004e-03, PNorm = 124.5756, GNorm = 0.4222, lr_0 = 4.0612e-04
Loss = 7.7862e-03, PNorm = 124.5786, GNorm = 0.4419, lr_0 = 4.0597e-04
Loss = 1.1270e-02, PNorm = 124.5827, GNorm = 0.2782, lr_0 = 4.0581e-04
Loss = 7.7212e-03, PNorm = 124.5865, GNorm = 0.5428, lr_0 = 4.0565e-04
Loss = 1.0956e-02, PNorm = 124.5912, GNorm = 0.4704, lr_0 = 4.0550e-04
Loss = 8.9589e-03, PNorm = 124.5952, GNorm = 0.2499, lr_0 = 4.0534e-04
Loss = 8.2274e-03, PNorm = 124.5978, GNorm = 0.5100, lr_0 = 4.0519e-04
Loss = 7.6329e-03, PNorm = 124.5988, GNorm = 0.1725, lr_0 = 4.0503e-04
Loss = 9.5880e-03, PNorm = 124.6009, GNorm = 0.3823, lr_0 = 4.0487e-04
Loss = 6.5329e-03, PNorm = 124.6031, GNorm = 0.4188, lr_0 = 4.0472e-04
Loss = 5.8556e-03, PNorm = 124.6065, GNorm = 0.3333, lr_0 = 4.0456e-04
Loss = 9.5567e-03, PNorm = 124.6097, GNorm = 0.1801, lr_0 = 4.0441e-04
Loss = 6.7035e-03, PNorm = 124.6121, GNorm = 0.3175, lr_0 = 4.0425e-04
Loss = 8.3727e-03, PNorm = 124.6143, GNorm = 0.2093, lr_0 = 4.0410e-04
Loss = 7.5974e-03, PNorm = 124.6171, GNorm = 0.1677, lr_0 = 4.0394e-04
Loss = 1.2841e-02, PNorm = 124.6188, GNorm = 0.3254, lr_0 = 4.0379e-04
Loss = 7.7913e-03, PNorm = 124.6210, GNorm = 0.2830, lr_0 = 4.0363e-04
Loss = 9.7583e-03, PNorm = 124.6223, GNorm = 1.1653, lr_0 = 4.0347e-04
Loss = 8.0031e-03, PNorm = 124.6251, GNorm = 0.3081, lr_0 = 4.0332e-04
Loss = 7.4165e-03, PNorm = 124.6298, GNorm = 0.2090, lr_0 = 4.0316e-04
Loss = 8.8864e-03, PNorm = 124.6339, GNorm = 0.4775, lr_0 = 4.0301e-04
Loss = 7.1185e-03, PNorm = 124.6392, GNorm = 0.2090, lr_0 = 4.0285e-04
Loss = 8.0417e-03, PNorm = 124.6439, GNorm = 0.3391, lr_0 = 4.0270e-04
Loss = 1.1264e-02, PNorm = 124.6459, GNorm = 0.3010, lr_0 = 4.0254e-04
Loss = 6.2787e-03, PNorm = 124.6490, GNorm = 0.3578, lr_0 = 4.0239e-04
Loss = 9.3756e-03, PNorm = 124.6519, GNorm = 0.1831, lr_0 = 4.0223e-04
Loss = 8.2194e-03, PNorm = 124.6552, GNorm = 0.3385, lr_0 = 4.0208e-04
Loss = 9.6880e-03, PNorm = 124.6590, GNorm = 0.4247, lr_0 = 4.0193e-04
Loss = 8.6312e-03, PNorm = 124.6625, GNorm = 0.2292, lr_0 = 4.0177e-04
Loss = 7.3021e-03, PNorm = 124.6646, GNorm = 0.4776, lr_0 = 4.0162e-04
Loss = 1.0777e-02, PNorm = 124.6674, GNorm = 0.4382, lr_0 = 4.0146e-04
Loss = 8.5563e-03, PNorm = 124.6713, GNorm = 0.3952, lr_0 = 4.0131e-04
Loss = 8.3948e-03, PNorm = 124.6741, GNorm = 0.4323, lr_0 = 4.0115e-04
Loss = 9.1821e-03, PNorm = 124.6774, GNorm = 0.3851, lr_0 = 4.0100e-04
Loss = 9.1499e-03, PNorm = 124.6825, GNorm = 0.2471, lr_0 = 4.0085e-04
Loss = 7.5640e-03, PNorm = 124.6862, GNorm = 0.3892, lr_0 = 4.0069e-04
Loss = 7.4078e-03, PNorm = 124.6896, GNorm = 0.2392, lr_0 = 4.0054e-04
Loss = 8.9081e-03, PNorm = 124.6932, GNorm = 0.4892, lr_0 = 4.0038e-04
Loss = 7.7789e-03, PNorm = 124.6954, GNorm = 0.6812, lr_0 = 4.0023e-04
Loss = 7.5457e-03, PNorm = 124.6977, GNorm = 0.3541, lr_0 = 4.0007e-04
Loss = 9.7996e-03, PNorm = 124.7008, GNorm = 0.5258, lr_0 = 3.9992e-04
Loss = 1.2130e-02, PNorm = 124.7042, GNorm = 0.5253, lr_0 = 3.9977e-04
Loss = 1.2074e-02, PNorm = 124.7081, GNorm = 0.5043, lr_0 = 3.9961e-04
Loss = 1.2171e-02, PNorm = 124.7156, GNorm = 1.1551, lr_0 = 3.9946e-04
Loss = 9.8369e-03, PNorm = 124.7211, GNorm = 0.3635, lr_0 = 3.9931e-04
Loss = 9.9083e-03, PNorm = 124.7249, GNorm = 0.5323, lr_0 = 3.9915e-04
Loss = 9.4185e-03, PNorm = 124.7288, GNorm = 0.2338, lr_0 = 3.9900e-04
Loss = 1.0078e-02, PNorm = 124.7327, GNorm = 0.3766, lr_0 = 3.9885e-04
Loss = 1.4937e-02, PNorm = 124.7371, GNorm = 0.4535, lr_0 = 3.9869e-04
Loss = 1.2640e-02, PNorm = 124.7408, GNorm = 0.4127, lr_0 = 3.9854e-04
Loss = 1.3602e-02, PNorm = 124.7436, GNorm = 0.3093, lr_0 = 3.9839e-04
Loss = 8.3964e-03, PNorm = 124.7486, GNorm = 0.2932, lr_0 = 3.9823e-04
Loss = 1.3707e-02, PNorm = 124.7522, GNorm = 0.2706, lr_0 = 3.9808e-04
Loss = 1.0101e-02, PNorm = 124.7537, GNorm = 0.5971, lr_0 = 3.9793e-04
Loss = 1.0256e-02, PNorm = 124.7567, GNorm = 0.3633, lr_0 = 3.9777e-04
Loss = 9.4841e-03, PNorm = 124.7610, GNorm = 0.6795, lr_0 = 3.9762e-04
Loss = 1.0949e-02, PNorm = 124.7645, GNorm = 0.3960, lr_0 = 3.9747e-04
Loss = 9.7428e-03, PNorm = 124.7671, GNorm = 0.4222, lr_0 = 3.9731e-04
Loss = 1.0030e-02, PNorm = 124.7693, GNorm = 0.4383, lr_0 = 3.9716e-04
Loss = 6.6877e-03, PNorm = 124.7713, GNorm = 0.2460, lr_0 = 3.9701e-04
Loss = 1.0452e-02, PNorm = 124.7740, GNorm = 0.5484, lr_0 = 3.9686e-04
Loss = 1.1406e-02, PNorm = 124.7771, GNorm = 0.5447, lr_0 = 3.9670e-04
Loss = 9.4908e-03, PNorm = 124.7805, GNorm = 0.7765, lr_0 = 3.9655e-04
Loss = 7.7774e-03, PNorm = 124.7850, GNorm = 0.3551, lr_0 = 3.9640e-04
Loss = 1.1847e-02, PNorm = 124.7898, GNorm = 0.4784, lr_0 = 3.9625e-04
Loss = 9.5643e-03, PNorm = 124.7951, GNorm = 0.6308, lr_0 = 3.9609e-04
Loss = 7.9098e-03, PNorm = 124.7985, GNorm = 0.8862, lr_0 = 3.9594e-04
Loss = 1.0528e-02, PNorm = 124.8017, GNorm = 0.9481, lr_0 = 3.9579e-04
Loss = 8.5660e-03, PNorm = 124.8058, GNorm = 0.2227, lr_0 = 3.9564e-04
Loss = 8.5923e-03, PNorm = 124.8094, GNorm = 0.3675, lr_0 = 3.9549e-04
Loss = 1.1154e-02, PNorm = 124.8126, GNorm = 0.2255, lr_0 = 3.9533e-04
Loss = 8.6820e-03, PNorm = 124.8175, GNorm = 0.2412, lr_0 = 3.9518e-04
Loss = 9.0487e-03, PNorm = 124.8219, GNorm = 0.6939, lr_0 = 3.9503e-04
Loss = 1.0532e-02, PNorm = 124.8251, GNorm = 0.4580, lr_0 = 3.9488e-04
Loss = 7.9416e-03, PNorm = 124.8276, GNorm = 0.2512, lr_0 = 3.9473e-04
Loss = 9.9955e-03, PNorm = 124.8312, GNorm = 0.3813, lr_0 = 3.9457e-04
Loss = 9.1025e-03, PNorm = 124.8346, GNorm = 0.3877, lr_0 = 3.9442e-04
Loss = 1.0844e-02, PNorm = 124.8384, GNorm = 0.2294, lr_0 = 3.9427e-04
Loss = 1.0771e-02, PNorm = 124.8422, GNorm = 0.5040, lr_0 = 3.9412e-04
Loss = 7.5115e-03, PNorm = 124.8460, GNorm = 0.1602, lr_0 = 3.9397e-04
Loss = 1.1021e-02, PNorm = 124.8509, GNorm = 0.3440, lr_0 = 3.9382e-04
Loss = 8.4797e-03, PNorm = 124.8557, GNorm = 0.2913, lr_0 = 3.9366e-04
Loss = 1.1555e-02, PNorm = 124.8589, GNorm = 0.9434, lr_0 = 3.9351e-04
Loss = 8.8245e-03, PNorm = 124.8622, GNorm = 0.5022, lr_0 = 3.9336e-04
Loss = 8.5634e-03, PNorm = 124.8630, GNorm = 0.3493, lr_0 = 3.9321e-04
Loss = 7.5835e-03, PNorm = 124.8638, GNorm = 0.2702, lr_0 = 3.9306e-04
Loss = 7.7229e-03, PNorm = 124.8643, GNorm = 0.3249, lr_0 = 3.9291e-04
Loss = 9.5943e-03, PNorm = 124.8672, GNorm = 0.2027, lr_0 = 3.9276e-04
Loss = 8.1159e-03, PNorm = 124.8706, GNorm = 0.3347, lr_0 = 3.9261e-04
Loss = 8.7013e-03, PNorm = 124.8732, GNorm = 0.2636, lr_0 = 3.9245e-04
Loss = 1.6438e-02, PNorm = 124.8759, GNorm = 0.4620, lr_0 = 3.9230e-04
Loss = 8.2901e-03, PNorm = 124.8787, GNorm = 0.2853, lr_0 = 3.9215e-04
Loss = 7.1929e-03, PNorm = 124.8819, GNorm = 0.1876, lr_0 = 3.9200e-04
Loss = 1.4566e-02, PNorm = 124.8838, GNorm = 0.4193, lr_0 = 3.9185e-04
Loss = 7.9193e-03, PNorm = 124.8855, GNorm = 0.4577, lr_0 = 3.9170e-04
Loss = 7.5598e-03, PNorm = 124.8876, GNorm = 0.4258, lr_0 = 3.9155e-04
Loss = 9.3615e-03, PNorm = 124.8906, GNorm = 0.4698, lr_0 = 3.9140e-04
Loss = 1.0653e-02, PNorm = 124.8948, GNorm = 0.6450, lr_0 = 3.9125e-04
Loss = 9.4108e-03, PNorm = 124.9015, GNorm = 0.3382, lr_0 = 3.9110e-04
Loss = 1.3787e-02, PNorm = 124.9038, GNorm = 0.5561, lr_0 = 3.9095e-04
Loss = 8.3125e-03, PNorm = 124.9046, GNorm = 0.3414, lr_0 = 3.9080e-04
Loss = 9.1038e-03, PNorm = 124.9052, GNorm = 0.4291, lr_0 = 3.9065e-04
Loss = 7.3952e-03, PNorm = 124.9058, GNorm = 0.2727, lr_0 = 3.9050e-04
Loss = 1.1372e-02, PNorm = 124.9066, GNorm = 0.3552, lr_0 = 3.9035e-04
Loss = 9.2760e-03, PNorm = 124.9097, GNorm = 0.2390, lr_0 = 3.9020e-04
Loss = 8.3623e-03, PNorm = 124.9143, GNorm = 0.3424, lr_0 = 3.9005e-04
Loss = 1.0551e-02, PNorm = 124.9187, GNorm = 0.5181, lr_0 = 3.8990e-04
Loss = 1.4614e-02, PNorm = 124.9234, GNorm = 0.2646, lr_0 = 3.8975e-04
Loss = 8.8175e-03, PNorm = 124.9263, GNorm = 0.3969, lr_0 = 3.8960e-04
Loss = 1.5439e-02, PNorm = 124.9305, GNorm = 2.0453, lr_0 = 3.8945e-04
Loss = 1.2695e-02, PNorm = 124.9347, GNorm = 0.4172, lr_0 = 3.8930e-04
Loss = 1.2698e-02, PNorm = 124.9396, GNorm = 0.6291, lr_0 = 3.8915e-04
Loss = 1.0363e-02, PNorm = 124.9420, GNorm = 0.2311, lr_0 = 3.8900e-04
Loss = 1.2480e-02, PNorm = 124.9450, GNorm = 0.5235, lr_0 = 3.8885e-04
Loss = 1.0122e-02, PNorm = 124.9496, GNorm = 0.5325, lr_0 = 3.8870e-04
Loss = 8.4742e-03, PNorm = 124.9524, GNorm = 0.2713, lr_0 = 3.8855e-04
Loss = 1.2239e-02, PNorm = 124.9567, GNorm = 0.2347, lr_0 = 3.8840e-04
Loss = 8.9627e-03, PNorm = 124.9614, GNorm = 0.1969, lr_0 = 3.8825e-04
Loss = 7.8839e-03, PNorm = 124.9638, GNorm = 0.3111, lr_0 = 3.8810e-04
Loss = 1.2309e-02, PNorm = 124.9673, GNorm = 0.3515, lr_0 = 3.8795e-04
Loss = 8.4257e-03, PNorm = 124.9700, GNorm = 0.2327, lr_0 = 3.8780e-04
Loss = 8.5523e-03, PNorm = 124.9707, GNorm = 0.2709, lr_0 = 3.8765e-04
Loss = 9.7951e-03, PNorm = 124.9720, GNorm = 0.4267, lr_0 = 3.8751e-04
Loss = 8.9172e-03, PNorm = 124.9726, GNorm = 0.8664, lr_0 = 3.8736e-04
Loss = 9.0764e-03, PNorm = 124.9761, GNorm = 0.4735, lr_0 = 3.8721e-04
Loss = 8.8045e-03, PNorm = 124.9811, GNorm = 0.1440, lr_0 = 3.8706e-04
Loss = 1.0239e-02, PNorm = 124.9863, GNorm = 0.2288, lr_0 = 3.8691e-04
Loss = 7.3979e-03, PNorm = 124.9902, GNorm = 0.1976, lr_0 = 3.8676e-04
Loss = 1.1567e-02, PNorm = 124.9927, GNorm = 0.4845, lr_0 = 3.8661e-04
Loss = 1.0354e-02, PNorm = 124.9937, GNorm = 0.4184, lr_0 = 3.8646e-04
Loss = 9.7645e-03, PNorm = 124.9952, GNorm = 0.4971, lr_0 = 3.8631e-04
Loss = 7.7460e-03, PNorm = 124.9984, GNorm = 0.2281, lr_0 = 3.8617e-04
Loss = 9.7261e-03, PNorm = 125.0023, GNorm = 0.5523, lr_0 = 3.8602e-04
Loss = 8.0797e-03, PNorm = 125.0045, GNorm = 0.3028, lr_0 = 3.8587e-04
Loss = 9.3409e-03, PNorm = 125.0077, GNorm = 0.4605, lr_0 = 3.8572e-04
Loss = 8.0132e-03, PNorm = 125.0110, GNorm = 1.1463, lr_0 = 3.8557e-04
Loss = 8.7428e-03, PNorm = 125.0122, GNorm = 0.3112, lr_0 = 3.8542e-04
Loss = 7.2703e-03, PNorm = 125.0133, GNorm = 0.3583, lr_0 = 3.8528e-04
Loss = 1.0362e-02, PNorm = 125.0156, GNorm = 0.2897, lr_0 = 3.8513e-04
Loss = 8.1655e-03, PNorm = 125.0187, GNorm = 0.2989, lr_0 = 3.8498e-04
Loss = 7.8261e-03, PNorm = 125.0207, GNorm = 0.3290, lr_0 = 3.8483e-04
Loss = 8.1071e-03, PNorm = 125.0225, GNorm = 0.3707, lr_0 = 3.8468e-04
Loss = 7.0823e-03, PNorm = 125.0254, GNorm = 0.2844, lr_0 = 3.8454e-04
Loss = 9.0254e-03, PNorm = 125.0271, GNorm = 0.4096, lr_0 = 3.8439e-04
Loss = 7.1027e-03, PNorm = 125.0316, GNorm = 1.1102, lr_0 = 3.8424e-04
Loss = 1.0509e-02, PNorm = 125.0350, GNorm = 0.2315, lr_0 = 3.8409e-04
Loss = 8.3490e-03, PNorm = 125.0403, GNorm = 0.5291, lr_0 = 3.8394e-04
Loss = 1.0984e-02, PNorm = 125.0445, GNorm = 0.2327, lr_0 = 3.8380e-04
Loss = 7.9029e-03, PNorm = 125.0477, GNorm = 0.4484, lr_0 = 3.8365e-04
Loss = 8.1042e-03, PNorm = 125.0485, GNorm = 0.2335, lr_0 = 3.8350e-04
Loss = 9.5794e-03, PNorm = 125.0510, GNorm = 0.3380, lr_0 = 3.8335e-04
Loss = 7.8341e-03, PNorm = 125.0555, GNorm = 0.3181, lr_0 = 3.8321e-04
Loss = 1.0019e-02, PNorm = 125.0562, GNorm = 0.1964, lr_0 = 3.8306e-04
Loss = 6.5285e-03, PNorm = 125.0568, GNorm = 0.5650, lr_0 = 3.8291e-04
Loss = 1.1532e-02, PNorm = 125.0596, GNorm = 0.3981, lr_0 = 3.8277e-04
Loss = 7.7777e-03, PNorm = 125.0630, GNorm = 0.3216, lr_0 = 3.8262e-04
Loss = 8.2237e-03, PNorm = 125.0661, GNorm = 0.1690, lr_0 = 3.8247e-04
Loss = 8.0120e-03, PNorm = 125.0689, GNorm = 0.5803, lr_0 = 3.8232e-04
Loss = 9.0907e-03, PNorm = 125.0711, GNorm = 0.5321, lr_0 = 3.8218e-04
Loss = 8.4942e-03, PNorm = 125.0732, GNorm = 0.6282, lr_0 = 3.8203e-04
Loss = 9.0039e-03, PNorm = 125.0743, GNorm = 0.2035, lr_0 = 3.8188e-04
Loss = 6.7265e-03, PNorm = 125.0770, GNorm = 0.6028, lr_0 = 3.8174e-04
Loss = 1.0526e-02, PNorm = 125.0808, GNorm = 0.3722, lr_0 = 3.8159e-04
Loss = 9.4415e-03, PNorm = 125.0854, GNorm = 0.2665, lr_0 = 3.8144e-04
Loss = 7.7855e-03, PNorm = 125.0879, GNorm = 0.2773, lr_0 = 3.8130e-04
Loss = 8.1534e-03, PNorm = 125.0898, GNorm = 0.1696, lr_0 = 3.8115e-04
Loss = 7.6914e-03, PNorm = 125.0914, GNorm = 0.4773, lr_0 = 3.8100e-04
Loss = 8.9698e-03, PNorm = 125.0948, GNorm = 0.3057, lr_0 = 3.8086e-04
Loss = 8.6663e-03, PNorm = 125.0978, GNorm = 0.5259, lr_0 = 3.8071e-04
Loss = 8.6459e-03, PNorm = 125.0992, GNorm = 0.4222, lr_0 = 3.8056e-04
Loss = 7.3170e-03, PNorm = 125.0988, GNorm = 0.2615, lr_0 = 3.8042e-04
Loss = 8.5704e-03, PNorm = 125.0992, GNorm = 0.3611, lr_0 = 3.8027e-04
Loss = 7.1479e-03, PNorm = 125.1008, GNorm = 0.1863, lr_0 = 3.8012e-04
Loss = 7.0120e-03, PNorm = 125.1031, GNorm = 0.2529, lr_0 = 3.7998e-04
Loss = 1.3287e-02, PNorm = 125.1057, GNorm = 0.2973, lr_0 = 3.7983e-04
Loss = 7.3800e-03, PNorm = 125.1098, GNorm = 0.7136, lr_0 = 3.7969e-04
Loss = 7.8023e-03, PNorm = 125.1141, GNorm = 0.4450, lr_0 = 3.7954e-04
Loss = 8.8822e-03, PNorm = 125.1184, GNorm = 0.1867, lr_0 = 3.7939e-04
Loss = 6.6478e-03, PNorm = 125.1209, GNorm = 0.2093, lr_0 = 3.7925e-04
Loss = 1.0462e-02, PNorm = 125.1230, GNorm = 0.4752, lr_0 = 3.7910e-04
Loss = 8.5903e-03, PNorm = 125.1246, GNorm = 0.2418, lr_0 = 3.7896e-04
Loss = 9.1496e-03, PNorm = 125.1278, GNorm = 0.4478, lr_0 = 3.7881e-04
Loss = 8.1762e-03, PNorm = 125.1322, GNorm = 0.3126, lr_0 = 3.7867e-04
Loss = 8.1621e-03, PNorm = 125.1365, GNorm = 0.4010, lr_0 = 3.7852e-04
Loss = 8.0449e-03, PNorm = 125.1401, GNorm = 0.2649, lr_0 = 3.7837e-04
Loss = 9.3314e-03, PNorm = 125.1439, GNorm = 0.3070, lr_0 = 3.7823e-04
Loss = 9.2037e-03, PNorm = 125.1477, GNorm = 0.2973, lr_0 = 3.7808e-04
Loss = 9.7838e-03, PNorm = 125.1505, GNorm = 0.1677, lr_0 = 3.7794e-04
Loss = 1.0405e-02, PNorm = 125.1549, GNorm = 0.2934, lr_0 = 3.7779e-04
Loss = 8.0675e-03, PNorm = 125.1580, GNorm = 0.2124, lr_0 = 3.7765e-04
Loss = 1.0633e-02, PNorm = 125.1615, GNorm = 0.4867, lr_0 = 3.7750e-04
Loss = 7.9936e-03, PNorm = 125.1648, GNorm = 0.2936, lr_0 = 3.7736e-04
Loss = 6.3598e-03, PNorm = 125.1675, GNorm = 0.5694, lr_0 = 3.7721e-04
Loss = 7.2965e-03, PNorm = 125.1698, GNorm = 0.1606, lr_0 = 3.7707e-04
Loss = 6.6421e-03, PNorm = 125.1720, GNorm = 0.2189, lr_0 = 3.7692e-04
Loss = 8.1146e-03, PNorm = 125.1754, GNorm = 0.2608, lr_0 = 3.7678e-04
Loss = 8.7986e-03, PNorm = 125.1784, GNorm = 0.6928, lr_0 = 3.7663e-04
Loss = 8.2131e-03, PNorm = 125.1834, GNorm = 0.6925, lr_0 = 3.7649e-04
Loss = 1.2419e-02, PNorm = 125.1872, GNorm = 0.3626, lr_0 = 3.7634e-04
Loss = 7.7444e-03, PNorm = 125.1894, GNorm = 0.2117, lr_0 = 3.7620e-04
Loss = 7.9003e-03, PNorm = 125.1913, GNorm = 0.2227, lr_0 = 3.7605e-04
Loss = 1.0241e-02, PNorm = 125.1927, GNorm = 0.2899, lr_0 = 3.7591e-04
Loss = 9.7272e-03, PNorm = 125.1945, GNorm = 0.3599, lr_0 = 3.7576e-04
Loss = 1.3494e-02, PNorm = 125.1970, GNorm = 0.3383, lr_0 = 3.7562e-04
Loss = 1.0050e-02, PNorm = 125.1990, GNorm = 0.3360, lr_0 = 3.7547e-04
Loss = 8.0486e-03, PNorm = 125.2002, GNorm = 0.4482, lr_0 = 3.7533e-04
Loss = 8.7274e-03, PNorm = 125.2005, GNorm = 0.4215, lr_0 = 3.7519e-04
Loss = 9.7142e-03, PNorm = 125.2019, GNorm = 0.7084, lr_0 = 3.7504e-04
Loss = 9.0903e-03, PNorm = 125.2057, GNorm = 0.5784, lr_0 = 3.7490e-04
Loss = 1.1829e-02, PNorm = 125.2097, GNorm = 0.3722, lr_0 = 3.7475e-04
Loss = 7.1525e-03, PNorm = 125.2145, GNorm = 0.1640, lr_0 = 3.7461e-04
Loss = 1.0935e-02, PNorm = 125.2198, GNorm = 0.8281, lr_0 = 3.7447e-04
Loss = 9.2187e-03, PNorm = 125.2233, GNorm = 0.2270, lr_0 = 3.7432e-04
Loss = 1.0547e-02, PNorm = 125.2249, GNorm = 0.3077, lr_0 = 3.7418e-04
Loss = 7.5239e-03, PNorm = 125.2268, GNorm = 0.2007, lr_0 = 3.7403e-04
Loss = 7.4803e-03, PNorm = 125.2298, GNorm = 0.3617, lr_0 = 3.7389e-04
Loss = 8.1659e-03, PNorm = 125.2321, GNorm = 0.2157, lr_0 = 3.7375e-04
Loss = 1.2093e-02, PNorm = 125.2338, GNorm = 0.6851, lr_0 = 3.7360e-04
Loss = 7.1528e-03, PNorm = 125.2363, GNorm = 0.1695, lr_0 = 3.7346e-04
Loss = 6.6652e-03, PNorm = 125.2389, GNorm = 0.3447, lr_0 = 3.7331e-04
Loss = 8.0079e-03, PNorm = 125.2405, GNorm = 0.2743, lr_0 = 3.7317e-04
Loss = 8.6346e-03, PNorm = 125.2421, GNorm = 0.2087, lr_0 = 3.7303e-04
Loss = 1.0284e-02, PNorm = 125.2458, GNorm = 0.2445, lr_0 = 3.7288e-04
Loss = 8.3137e-03, PNorm = 125.2514, GNorm = 0.3811, lr_0 = 3.7274e-04
Loss = 8.5750e-03, PNorm = 125.2565, GNorm = 0.2314, lr_0 = 3.7260e-04
Loss = 8.2188e-03, PNorm = 125.2602, GNorm = 0.3033, lr_0 = 3.7245e-04
Loss = 6.7629e-03, PNorm = 125.2617, GNorm = 0.4875, lr_0 = 3.7231e-04
Loss = 1.3694e-02, PNorm = 125.2625, GNorm = 0.4876, lr_0 = 3.7217e-04
Loss = 8.3843e-03, PNorm = 125.2651, GNorm = 0.6964, lr_0 = 3.7202e-04
Loss = 9.7354e-03, PNorm = 125.2691, GNorm = 0.2599, lr_0 = 3.7188e-04
Loss = 9.9387e-03, PNorm = 125.2721, GNorm = 0.7183, lr_0 = 3.7174e-04
Loss = 9.1671e-03, PNorm = 125.2744, GNorm = 0.4753, lr_0 = 3.7160e-04
Loss = 7.5681e-03, PNorm = 125.2765, GNorm = 0.5991, lr_0 = 3.7145e-04
Loss = 1.1963e-02, PNorm = 125.2782, GNorm = 0.4343, lr_0 = 3.7131e-04
Loss = 1.1244e-02, PNorm = 125.2821, GNorm = 0.3647, lr_0 = 3.7117e-04
Loss = 8.6671e-03, PNorm = 125.2854, GNorm = 0.3024, lr_0 = 3.7102e-04
Loss = 7.5457e-03, PNorm = 125.2874, GNorm = 0.5785, lr_0 = 3.7088e-04
Loss = 8.3290e-03, PNorm = 125.2898, GNorm = 0.2894, lr_0 = 3.7074e-04
Loss = 1.0785e-02, PNorm = 125.2911, GNorm = 0.3889, lr_0 = 3.7060e-04
Loss = 8.9956e-03, PNorm = 125.2940, GNorm = 0.3982, lr_0 = 3.7045e-04
Loss = 8.4480e-03, PNorm = 125.2969, GNorm = 0.5239, lr_0 = 3.7031e-04
Loss = 7.8996e-03, PNorm = 125.2994, GNorm = 0.3603, lr_0 = 3.7017e-04
Loss = 1.2179e-02, PNorm = 125.3021, GNorm = 0.4669, lr_0 = 3.7003e-04
Loss = 9.1804e-03, PNorm = 125.3047, GNorm = 0.6936, lr_0 = 3.6988e-04
Loss = 8.5860e-03, PNorm = 125.3075, GNorm = 0.2755, lr_0 = 3.6974e-04
Loss = 9.6943e-03, PNorm = 125.3107, GNorm = 0.5244, lr_0 = 3.6960e-04
Loss = 8.2099e-03, PNorm = 125.3128, GNorm = 0.2425, lr_0 = 3.6946e-04
Loss = 7.7328e-03, PNorm = 125.3150, GNorm = 0.3881, lr_0 = 3.6932e-04
Loss = 8.8286e-03, PNorm = 125.3182, GNorm = 0.3281, lr_0 = 3.6917e-04
Loss = 8.0048e-03, PNorm = 125.3211, GNorm = 0.2690, lr_0 = 3.6903e-04
Loss = 8.1492e-03, PNorm = 125.3241, GNorm = 0.1508, lr_0 = 3.6889e-04
Loss = 7.4138e-03, PNorm = 125.3296, GNorm = 0.3914, lr_0 = 3.6875e-04
Loss = 9.4122e-03, PNorm = 125.3329, GNorm = 0.3428, lr_0 = 3.6861e-04
Loss = 8.2865e-03, PNorm = 125.3359, GNorm = 0.4171, lr_0 = 3.6846e-04
Loss = 7.2284e-03, PNorm = 125.3394, GNorm = 0.2121, lr_0 = 3.6832e-04
Loss = 7.7618e-03, PNorm = 125.3425, GNorm = 0.3093, lr_0 = 3.6818e-04
Loss = 6.7367e-03, PNorm = 125.3444, GNorm = 0.2113, lr_0 = 3.6804e-04
Loss = 1.0235e-02, PNorm = 125.3456, GNorm = 0.4165, lr_0 = 3.6790e-04
Loss = 8.2188e-03, PNorm = 125.3467, GNorm = 0.2105, lr_0 = 3.6776e-04
Loss = 1.2503e-02, PNorm = 125.3491, GNorm = 0.5373, lr_0 = 3.6762e-04
Loss = 9.7254e-03, PNorm = 125.3514, GNorm = 0.4510, lr_0 = 3.6747e-04
Loss = 7.2188e-03, PNorm = 125.3532, GNorm = 0.2199, lr_0 = 3.6733e-04
Loss = 8.6635e-03, PNorm = 125.3565, GNorm = 0.7604, lr_0 = 3.6719e-04
Loss = 6.9894e-03, PNorm = 125.3614, GNorm = 0.2533, lr_0 = 3.6705e-04
Loss = 1.0189e-02, PNorm = 125.3645, GNorm = 0.6213, lr_0 = 3.6691e-04
Loss = 7.9658e-03, PNorm = 125.3664, GNorm = 0.3529, lr_0 = 3.6677e-04
Loss = 1.2539e-02, PNorm = 125.3676, GNorm = 0.4082, lr_0 = 3.6663e-04
Loss = 1.2662e-02, PNorm = 125.3712, GNorm = 0.3600, lr_0 = 3.6649e-04
Loss = 8.9870e-03, PNorm = 125.3755, GNorm = 0.1960, lr_0 = 3.6635e-04
Loss = 7.9444e-03, PNorm = 125.3784, GNorm = 0.4283, lr_0 = 3.6620e-04
Loss = 9.0008e-03, PNorm = 125.3815, GNorm = 0.3745, lr_0 = 3.6606e-04
Loss = 7.3873e-03, PNorm = 125.3844, GNorm = 0.2171, lr_0 = 3.6592e-04
Loss = 9.5216e-03, PNorm = 125.3862, GNorm = 0.3506, lr_0 = 3.6578e-04
Loss = 7.8141e-03, PNorm = 125.3884, GNorm = 0.5137, lr_0 = 3.6564e-04
Loss = 1.3795e-02, PNorm = 125.3903, GNorm = 0.2287, lr_0 = 3.6550e-04
Loss = 1.0944e-02, PNorm = 125.3953, GNorm = 0.3675, lr_0 = 3.6536e-04
Loss = 8.6290e-03, PNorm = 125.3986, GNorm = 0.3647, lr_0 = 3.6522e-04
Loss = 7.8281e-03, PNorm = 125.4010, GNorm = 0.3703, lr_0 = 3.6508e-04
Loss = 6.9988e-03, PNorm = 125.4040, GNorm = 0.2586, lr_0 = 3.6494e-04
Loss = 8.5753e-03, PNorm = 125.4062, GNorm = 0.2481, lr_0 = 3.6480e-04
Loss = 8.5370e-03, PNorm = 125.4090, GNorm = 0.2440, lr_0 = 3.6466e-04
Loss = 8.2001e-03, PNorm = 125.4122, GNorm = 0.3197, lr_0 = 3.6452e-04
Loss = 1.1894e-02, PNorm = 125.4166, GNorm = 0.4502, lr_0 = 3.6438e-04
Loss = 1.0224e-02, PNorm = 125.4197, GNorm = 0.2448, lr_0 = 3.6424e-04
Loss = 9.4627e-03, PNorm = 125.4245, GNorm = 0.3879, lr_0 = 3.6410e-04
Loss = 6.3166e-03, PNorm = 125.4290, GNorm = 0.1828, lr_0 = 3.6396e-04
Loss = 7.3066e-03, PNorm = 125.4306, GNorm = 0.4293, lr_0 = 3.6382e-04
Loss = 9.2455e-03, PNorm = 125.4327, GNorm = 0.4348, lr_0 = 3.6368e-04
Loss = 8.2357e-03, PNorm = 125.4340, GNorm = 0.3086, lr_0 = 3.6354e-04
Loss = 6.5491e-03, PNorm = 125.4346, GNorm = 0.6836, lr_0 = 3.6340e-04
Loss = 1.2443e-02, PNorm = 125.4351, GNorm = 0.3163, lr_0 = 3.6326e-04
Loss = 8.3091e-03, PNorm = 125.4370, GNorm = 0.1956, lr_0 = 3.6312e-04
Loss = 7.8941e-03, PNorm = 125.4388, GNorm = 0.2575, lr_0 = 3.6298e-04
Loss = 7.7121e-03, PNorm = 125.4418, GNorm = 0.2210, lr_0 = 3.6284e-04
Loss = 7.2546e-03, PNorm = 125.4438, GNorm = 0.2875, lr_0 = 3.6270e-04
Loss = 7.0087e-03, PNorm = 125.4458, GNorm = 0.3929, lr_0 = 3.6256e-04
Loss = 6.9570e-03, PNorm = 125.4496, GNorm = 0.2403, lr_0 = 3.6242e-04
Loss = 6.9430e-03, PNorm = 125.4537, GNorm = 0.2055, lr_0 = 3.6228e-04
Loss = 1.2926e-02, PNorm = 125.4584, GNorm = 0.1915, lr_0 = 3.6214e-04
Loss = 6.5969e-03, PNorm = 125.4622, GNorm = 0.1386, lr_0 = 3.6200e-04
Loss = 1.0788e-02, PNorm = 125.4652, GNorm = 1.2389, lr_0 = 3.6186e-04
Loss = 1.0167e-02, PNorm = 125.4691, GNorm = 0.5401, lr_0 = 3.6172e-04
Loss = 5.8193e-03, PNorm = 125.4732, GNorm = 0.6325, lr_0 = 3.6159e-04
Loss = 9.2699e-03, PNorm = 125.4757, GNorm = 0.4920, lr_0 = 3.6145e-04
Loss = 8.3657e-03, PNorm = 125.4795, GNorm = 0.3204, lr_0 = 3.6131e-04
Loss = 8.0628e-03, PNorm = 125.4832, GNorm = 0.5215, lr_0 = 3.6117e-04
Loss = 8.7528e-03, PNorm = 125.4854, GNorm = 0.7357, lr_0 = 3.6103e-04
Loss = 9.5643e-03, PNorm = 125.4877, GNorm = 0.2862, lr_0 = 3.6089e-04
Loss = 9.1645e-03, PNorm = 125.4908, GNorm = 0.1459, lr_0 = 3.6075e-04
Loss = 9.0240e-03, PNorm = 125.4924, GNorm = 0.2908, lr_0 = 3.6061e-04
Loss = 1.0183e-02, PNorm = 125.4947, GNorm = 0.1985, lr_0 = 3.6047e-04
Loss = 7.3648e-03, PNorm = 125.4976, GNorm = 0.2580, lr_0 = 3.6034e-04
Loss = 8.8335e-03, PNorm = 125.5002, GNorm = 0.2634, lr_0 = 3.6020e-04
Loss = 1.2246e-02, PNorm = 125.5032, GNorm = 0.3888, lr_0 = 3.6006e-04
Loss = 7.3325e-03, PNorm = 125.5040, GNorm = 0.1483, lr_0 = 3.5992e-04
Loss = 7.7337e-03, PNorm = 125.5073, GNorm = 0.4479, lr_0 = 3.5978e-04
Loss = 7.1346e-03, PNorm = 125.5100, GNorm = 0.1338, lr_0 = 3.5964e-04
Loss = 7.7775e-03, PNorm = 125.5122, GNorm = 0.2619, lr_0 = 3.5951e-04
Loss = 9.8660e-03, PNorm = 125.5142, GNorm = 0.7265, lr_0 = 3.5937e-04
Loss = 7.9193e-03, PNorm = 125.5160, GNorm = 0.3999, lr_0 = 3.5923e-04
Loss = 8.6838e-03, PNorm = 125.5194, GNorm = 0.5642, lr_0 = 3.5909e-04
Loss = 6.7002e-03, PNorm = 125.5236, GNorm = 0.3938, lr_0 = 3.5895e-04
Loss = 6.7056e-03, PNorm = 125.5284, GNorm = 0.6650, lr_0 = 3.5882e-04
Loss = 1.2957e-02, PNorm = 125.5315, GNorm = 0.5696, lr_0 = 3.5868e-04
Loss = 1.4783e-02, PNorm = 125.5353, GNorm = 0.8349, lr_0 = 3.5854e-04
Loss = 8.0537e-03, PNorm = 125.5373, GNorm = 0.4947, lr_0 = 3.5840e-04
Loss = 1.0946e-02, PNorm = 125.5404, GNorm = 0.2423, lr_0 = 3.5826e-04
Loss = 9.6535e-03, PNorm = 125.5416, GNorm = 0.2685, lr_0 = 3.5813e-04
Loss = 8.8255e-03, PNorm = 125.5430, GNorm = 0.2501, lr_0 = 3.5799e-04
Loss = 8.8233e-03, PNorm = 125.5462, GNorm = 0.2984, lr_0 = 3.5785e-04
Loss = 7.4568e-03, PNorm = 125.5492, GNorm = 0.2912, lr_0 = 3.5771e-04
Loss = 9.1181e-03, PNorm = 125.5510, GNorm = 0.2525, lr_0 = 3.5758e-04
Loss = 9.0261e-03, PNorm = 125.5534, GNorm = 0.3948, lr_0 = 3.5744e-04
Loss = 7.3822e-03, PNorm = 125.5560, GNorm = 0.2130, lr_0 = 3.5730e-04
Loss = 6.0903e-03, PNorm = 125.5598, GNorm = 0.3561, lr_0 = 3.5716e-04
Loss = 7.2616e-03, PNorm = 125.5620, GNorm = 0.2910, lr_0 = 3.5703e-04
Loss = 7.2056e-03, PNorm = 125.5633, GNorm = 0.2661, lr_0 = 3.5689e-04
Loss = 7.3289e-03, PNorm = 125.5653, GNorm = 0.2487, lr_0 = 3.5675e-04
Loss = 7.4505e-03, PNorm = 125.5663, GNorm = 0.3358, lr_0 = 3.5661e-04
Loss = 6.2737e-03, PNorm = 125.5680, GNorm = 0.3233, lr_0 = 3.5648e-04
Loss = 5.7521e-03, PNorm = 125.5715, GNorm = 0.2436, lr_0 = 3.5634e-04
Loss = 8.2820e-03, PNorm = 125.5745, GNorm = 0.3694, lr_0 = 3.5620e-04
Loss = 7.6175e-03, PNorm = 125.5772, GNorm = 0.4079, lr_0 = 3.5607e-04
Loss = 8.1509e-03, PNorm = 125.5786, GNorm = 0.4134, lr_0 = 3.5593e-04
Loss = 7.2843e-03, PNorm = 125.5796, GNorm = 0.2961, lr_0 = 3.5579e-04
Loss = 6.9603e-03, PNorm = 125.5812, GNorm = 0.2898, lr_0 = 3.5566e-04
Loss = 1.0844e-02, PNorm = 125.5843, GNorm = 0.3658, lr_0 = 3.5552e-04
Loss = 8.3565e-03, PNorm = 125.5862, GNorm = 0.2919, lr_0 = 3.5538e-04
Loss = 8.2762e-03, PNorm = 125.5882, GNorm = 0.3049, lr_0 = 3.5524e-04
Loss = 1.0440e-02, PNorm = 125.5906, GNorm = 0.1960, lr_0 = 3.5511e-04
Loss = 7.9606e-03, PNorm = 125.5926, GNorm = 0.2018, lr_0 = 3.5497e-04
Loss = 6.5235e-03, PNorm = 125.5968, GNorm = 0.2549, lr_0 = 3.5484e-04
Loss = 1.0736e-02, PNorm = 125.6018, GNorm = 0.3546, lr_0 = 3.5470e-04
Loss = 7.0154e-03, PNorm = 125.6060, GNorm = 0.4466, lr_0 = 3.5456e-04
Loss = 8.1598e-03, PNorm = 125.6089, GNorm = 0.3395, lr_0 = 3.5443e-04
Loss = 7.6896e-03, PNorm = 125.6118, GNorm = 0.4493, lr_0 = 3.5429e-04
Loss = 1.0607e-02, PNorm = 125.6153, GNorm = 0.5311, lr_0 = 3.5415e-04
Loss = 8.0217e-03, PNorm = 125.6181, GNorm = 0.5814, lr_0 = 3.5402e-04
Loss = 9.3365e-03, PNorm = 125.6206, GNorm = 0.4507, lr_0 = 3.5388e-04
Loss = 9.3878e-03, PNorm = 125.6213, GNorm = 0.2553, lr_0 = 3.5375e-04
Loss = 7.4203e-03, PNorm = 125.6214, GNorm = 0.2278, lr_0 = 3.5361e-04
Loss = 8.3561e-03, PNorm = 125.6232, GNorm = 0.5591, lr_0 = 3.5347e-04
Loss = 7.6132e-03, PNorm = 125.6256, GNorm = 0.1771, lr_0 = 3.5334e-04
Loss = 1.1087e-02, PNorm = 125.6295, GNorm = 0.4164, lr_0 = 3.5320e-04
Loss = 8.4067e-03, PNorm = 125.6348, GNorm = 0.3434, lr_0 = 3.5307e-04
Loss = 9.7494e-03, PNorm = 125.6393, GNorm = 0.3258, lr_0 = 3.5293e-04
Loss = 8.3796e-03, PNorm = 125.6423, GNorm = 2.2006, lr_0 = 3.5279e-04
Loss = 9.2780e-03, PNorm = 125.6436, GNorm = 0.4442, lr_0 = 3.5266e-04
Loss = 7.0192e-03, PNorm = 125.6471, GNorm = 0.1946, lr_0 = 3.5252e-04
Loss = 7.0626e-03, PNorm = 125.6513, GNorm = 0.3037, lr_0 = 3.5239e-04
Loss = 7.7655e-03, PNorm = 125.6530, GNorm = 0.3306, lr_0 = 3.5225e-04
Loss = 7.6793e-03, PNorm = 125.6549, GNorm = 0.4555, lr_0 = 3.5212e-04
Loss = 1.0013e-02, PNorm = 125.6575, GNorm = 0.2317, lr_0 = 3.5198e-04
Loss = 1.1144e-02, PNorm = 125.6584, GNorm = 0.6191, lr_0 = 3.5185e-04
Loss = 1.0796e-02, PNorm = 125.6590, GNorm = 0.2740, lr_0 = 3.5171e-04
Loss = 7.6021e-03, PNorm = 125.6625, GNorm = 0.5530, lr_0 = 3.5157e-04
Loss = 8.0206e-03, PNorm = 125.6654, GNorm = 0.2644, lr_0 = 3.5144e-04
Loss = 6.5897e-03, PNorm = 125.6697, GNorm = 0.1606, lr_0 = 3.5130e-04
Loss = 8.0047e-03, PNorm = 125.6741, GNorm = 0.2458, lr_0 = 3.5117e-04
Loss = 7.3496e-03, PNorm = 125.6782, GNorm = 0.4262, lr_0 = 3.5103e-04
Loss = 8.7415e-03, PNorm = 125.6822, GNorm = 0.3029, lr_0 = 3.5090e-04
Loss = 8.1917e-03, PNorm = 125.6820, GNorm = 0.2362, lr_0 = 3.5076e-04
Loss = 7.0464e-03, PNorm = 125.6838, GNorm = 0.2136, lr_0 = 3.5063e-04
Loss = 6.9611e-03, PNorm = 125.6865, GNorm = 0.2966, lr_0 = 3.5049e-04
Loss = 7.0061e-03, PNorm = 125.6886, GNorm = 0.1445, lr_0 = 3.5036e-04
Loss = 8.3513e-03, PNorm = 125.6915, GNorm = 0.1758, lr_0 = 3.5023e-04
Loss = 8.2177e-03, PNorm = 125.6958, GNorm = 0.6273, lr_0 = 3.5009e-04
Loss = 6.6578e-03, PNorm = 125.6985, GNorm = 0.2228, lr_0 = 3.4996e-04
Loss = 5.3168e-03, PNorm = 125.6998, GNorm = 0.3180, lr_0 = 3.4982e-04
Loss = 7.0086e-03, PNorm = 125.7015, GNorm = 0.2296, lr_0 = 3.4969e-04
Loss = 7.7589e-03, PNorm = 125.7039, GNorm = 0.2553, lr_0 = 3.4955e-04
Loss = 8.5078e-03, PNorm = 125.7063, GNorm = 0.6162, lr_0 = 3.4942e-04
Loss = 8.1305e-03, PNorm = 125.7073, GNorm = 0.2179, lr_0 = 3.4928e-04
Loss = 6.9635e-03, PNorm = 125.7075, GNorm = 0.3387, lr_0 = 3.4915e-04
Loss = 6.8212e-03, PNorm = 125.7083, GNorm = 0.2017, lr_0 = 3.4902e-04
Loss = 1.1161e-02, PNorm = 125.7101, GNorm = 0.2650, lr_0 = 3.4888e-04
Loss = 8.4103e-03, PNorm = 125.7133, GNorm = 0.2523, lr_0 = 3.4875e-04
Loss = 9.4574e-03, PNorm = 125.7173, GNorm = 0.3158, lr_0 = 3.4861e-04
Loss = 9.2882e-03, PNorm = 125.7226, GNorm = 0.5244, lr_0 = 3.4848e-04
Loss = 5.1869e-03, PNorm = 125.7257, GNorm = 0.1523, lr_0 = 3.4834e-04
Loss = 8.6933e-03, PNorm = 125.7269, GNorm = 0.2188, lr_0 = 3.4821e-04
Loss = 6.7761e-03, PNorm = 125.7291, GNorm = 0.2541, lr_0 = 3.4808e-04
Loss = 8.4787e-03, PNorm = 125.7321, GNorm = 0.7945, lr_0 = 3.4794e-04
Loss = 8.1956e-03, PNorm = 125.7335, GNorm = 0.4846, lr_0 = 3.4781e-04
Loss = 9.3719e-03, PNorm = 125.7349, GNorm = 0.3429, lr_0 = 3.4768e-04
Loss = 7.3373e-03, PNorm = 125.7369, GNorm = 0.3678, lr_0 = 3.4754e-04
Loss = 7.1804e-03, PNorm = 125.7389, GNorm = 0.1622, lr_0 = 3.4741e-04
Loss = 7.5051e-03, PNorm = 125.7415, GNorm = 0.2177, lr_0 = 3.4727e-04
Loss = 6.8888e-03, PNorm = 125.7446, GNorm = 0.2270, lr_0 = 3.4714e-04
Loss = 5.5459e-03, PNorm = 125.7475, GNorm = 0.2091, lr_0 = 3.4701e-04
Loss = 7.2194e-03, PNorm = 125.7501, GNorm = 0.3914, lr_0 = 3.4687e-04
Loss = 7.0924e-03, PNorm = 125.7553, GNorm = 0.3152, lr_0 = 3.4674e-04
Loss = 8.9027e-03, PNorm = 125.7582, GNorm = 0.3412, lr_0 = 3.4661e-04
Loss = 7.6141e-03, PNorm = 125.7603, GNorm = 0.3678, lr_0 = 3.4647e-04
Loss = 8.1765e-03, PNorm = 125.7622, GNorm = 0.6869, lr_0 = 3.4634e-04
Loss = 7.6351e-03, PNorm = 125.7638, GNorm = 0.3220, lr_0 = 3.4621e-04
Loss = 8.6378e-03, PNorm = 125.7653, GNorm = 0.5522, lr_0 = 3.4607e-04
Loss = 6.2867e-03, PNorm = 125.7677, GNorm = 0.1993, lr_0 = 3.4594e-04
Loss = 8.0497e-03, PNorm = 125.7706, GNorm = 0.2882, lr_0 = 3.4581e-04
Loss = 8.5268e-03, PNorm = 125.7728, GNorm = 0.3496, lr_0 = 3.4568e-04
Loss = 1.0630e-02, PNorm = 125.7763, GNorm = 0.1562, lr_0 = 3.4554e-04
Loss = 8.4626e-03, PNorm = 125.7784, GNorm = 0.2921, lr_0 = 3.4541e-04
Loss = 6.9399e-03, PNorm = 125.7806, GNorm = 0.1879, lr_0 = 3.4528e-04
Loss = 9.0993e-03, PNorm = 125.7851, GNorm = 0.2936, lr_0 = 3.4514e-04
Loss = 6.5571e-03, PNorm = 125.7892, GNorm = 0.3081, lr_0 = 3.4501e-04
Loss = 1.1661e-02, PNorm = 125.7922, GNorm = 0.2368, lr_0 = 3.4488e-04
Loss = 7.3121e-03, PNorm = 125.7945, GNorm = 0.8482, lr_0 = 3.4475e-04
Loss = 4.6691e-03, PNorm = 125.7967, GNorm = 0.2230, lr_0 = 3.4461e-04
Loss = 7.9257e-03, PNorm = 125.7986, GNorm = 0.1592, lr_0 = 3.4448e-04
Loss = 8.4595e-03, PNorm = 125.8005, GNorm = 0.1929, lr_0 = 3.4435e-04
Loss = 7.7933e-03, PNorm = 125.8024, GNorm = 0.4441, lr_0 = 3.4422e-04
Loss = 7.7252e-03, PNorm = 125.8036, GNorm = 0.3963, lr_0 = 3.4408e-04
Loss = 1.0786e-02, PNorm = 125.8041, GNorm = 0.3092, lr_0 = 3.4395e-04
Loss = 8.5344e-03, PNorm = 125.8060, GNorm = 0.2260, lr_0 = 3.4382e-04
Loss = 7.8489e-03, PNorm = 125.8092, GNorm = 0.3068, lr_0 = 3.4369e-04
Loss = 7.9803e-03, PNorm = 125.8130, GNorm = 0.5110, lr_0 = 3.4355e-04
Loss = 7.6095e-03, PNorm = 125.8142, GNorm = 0.4755, lr_0 = 3.4342e-04
Loss = 7.7311e-03, PNorm = 125.8150, GNorm = 0.3694, lr_0 = 3.4329e-04
Loss = 8.1327e-03, PNorm = 125.8165, GNorm = 0.3291, lr_0 = 3.4316e-04
Loss = 7.4603e-03, PNorm = 125.8187, GNorm = 0.2548, lr_0 = 3.4303e-04
Loss = 1.0608e-02, PNorm = 125.8215, GNorm = 0.2223, lr_0 = 3.4289e-04
Loss = 7.6073e-03, PNorm = 125.8234, GNorm = 0.2584, lr_0 = 3.4276e-04
Loss = 6.8606e-03, PNorm = 125.8259, GNorm = 0.6170, lr_0 = 3.4263e-04
Loss = 8.0873e-03, PNorm = 125.8297, GNorm = 0.1611, lr_0 = 3.4250e-04
Loss = 7.4469e-03, PNorm = 125.8325, GNorm = 0.3881, lr_0 = 3.4237e-04
Loss = 7.7914e-03, PNorm = 125.8347, GNorm = 0.5584, lr_0 = 3.4224e-04
Loss = 9.6187e-03, PNorm = 125.8372, GNorm = 0.1750, lr_0 = 3.4210e-04
Loss = 6.1776e-03, PNorm = 125.8405, GNorm = 0.4300, lr_0 = 3.4197e-04
Loss = 7.0667e-03, PNorm = 125.8422, GNorm = 0.3535, lr_0 = 3.4184e-04
Loss = 6.0722e-03, PNorm = 125.8445, GNorm = 0.2796, lr_0 = 3.4171e-04
Loss = 6.8880e-03, PNorm = 125.8470, GNorm = 0.1899, lr_0 = 3.4158e-04
Loss = 9.0049e-03, PNorm = 125.8507, GNorm = 0.2742, lr_0 = 3.4145e-04
Loss = 9.6707e-03, PNorm = 125.8534, GNorm = 0.3155, lr_0 = 3.4132e-04
Loss = 8.7694e-03, PNorm = 125.8552, GNorm = 0.2138, lr_0 = 3.4118e-04
Loss = 7.3778e-03, PNorm = 125.8582, GNorm = 0.5034, lr_0 = 3.4105e-04
Loss = 8.0663e-03, PNorm = 125.8586, GNorm = 0.4214, lr_0 = 3.4092e-04
Loss = 1.0121e-02, PNorm = 125.8617, GNorm = 0.2107, lr_0 = 3.4079e-04
Loss = 7.5719e-03, PNorm = 125.8669, GNorm = 0.3007, lr_0 = 3.4066e-04
Loss = 7.7472e-03, PNorm = 125.8704, GNorm = 0.2752, lr_0 = 3.4053e-04
Loss = 7.5048e-03, PNorm = 125.8718, GNorm = 0.3458, lr_0 = 3.4040e-04
Loss = 6.2975e-03, PNorm = 125.8723, GNorm = 0.1769, lr_0 = 3.4027e-04
Loss = 9.3905e-03, PNorm = 125.8739, GNorm = 0.3248, lr_0 = 3.4014e-04
Loss = 6.9949e-03, PNorm = 125.8771, GNorm = 0.2706, lr_0 = 3.4001e-04
Loss = 6.5670e-03, PNorm = 125.8780, GNorm = 0.5500, lr_0 = 3.3987e-04
Loss = 6.3008e-03, PNorm = 125.8797, GNorm = 0.2753, lr_0 = 3.3974e-04
Loss = 6.2413e-03, PNorm = 125.8810, GNorm = 0.7188, lr_0 = 3.3961e-04
Loss = 7.5876e-03, PNorm = 125.8815, GNorm = 0.7466, lr_0 = 3.3948e-04
Loss = 8.3967e-03, PNorm = 125.8841, GNorm = 0.4455, lr_0 = 3.3935e-04
Loss = 9.5629e-03, PNorm = 125.8859, GNorm = 0.3505, lr_0 = 3.3922e-04
Loss = 7.8931e-03, PNorm = 125.8893, GNorm = 0.3543, lr_0 = 3.3909e-04
Loss = 8.3801e-03, PNorm = 125.8911, GNorm = 0.4347, lr_0 = 3.3896e-04
Loss = 7.1431e-03, PNorm = 125.8929, GNorm = 0.2326, lr_0 = 3.3883e-04
Loss = 8.6429e-03, PNorm = 125.8954, GNorm = 0.3275, lr_0 = 3.3870e-04
Loss = 8.9511e-03, PNorm = 125.8981, GNorm = 0.5057, lr_0 = 3.3857e-04
Loss = 9.0084e-03, PNorm = 125.9000, GNorm = 0.4197, lr_0 = 3.3844e-04
Loss = 8.4804e-03, PNorm = 125.9012, GNorm = 0.2604, lr_0 = 3.3831e-04
Loss = 6.7887e-03, PNorm = 125.9035, GNorm = 0.1713, lr_0 = 3.3818e-04
Loss = 8.0973e-03, PNorm = 125.9059, GNorm = 0.2530, lr_0 = 3.3805e-04
Loss = 7.8473e-03, PNorm = 125.9076, GNorm = 3.3350, lr_0 = 3.3792e-04
Loss = 1.3169e-02, PNorm = 125.9098, GNorm = 0.7941, lr_0 = 3.3779e-04
Loss = 9.1447e-03, PNorm = 125.9127, GNorm = 0.4029, lr_0 = 3.3766e-04
Loss = 8.8139e-03, PNorm = 125.9150, GNorm = 0.4944, lr_0 = 3.3753e-04
Loss = 8.1625e-03, PNorm = 125.9178, GNorm = 0.2546, lr_0 = 3.3740e-04
Loss = 7.7037e-03, PNorm = 125.9210, GNorm = 0.3753, lr_0 = 3.3727e-04
Loss = 7.1982e-03, PNorm = 125.9245, GNorm = 0.1964, lr_0 = 3.3714e-04
Loss = 6.3187e-03, PNorm = 125.9281, GNorm = 0.2964, lr_0 = 3.3701e-04
Loss = 7.7779e-03, PNorm = 125.9309, GNorm = 0.2469, lr_0 = 3.3688e-04
Loss = 6.5591e-03, PNorm = 125.9336, GNorm = 0.2559, lr_0 = 3.3675e-04
Loss = 7.0803e-03, PNorm = 125.9351, GNorm = 0.7031, lr_0 = 3.3662e-04
Loss = 6.7970e-03, PNorm = 125.9370, GNorm = 0.3256, lr_0 = 3.3649e-04
Loss = 7.1590e-03, PNorm = 125.9403, GNorm = 0.1874, lr_0 = 3.3636e-04
Loss = 5.3615e-03, PNorm = 125.9427, GNorm = 0.3316, lr_0 = 3.3623e-04
Loss = 5.9973e-03, PNorm = 125.9433, GNorm = 0.3046, lr_0 = 3.3610e-04
Loss = 8.6761e-03, PNorm = 125.9446, GNorm = 0.1800, lr_0 = 3.3598e-04
Loss = 7.1072e-03, PNorm = 125.9472, GNorm = 0.6509, lr_0 = 3.3585e-04
Loss = 6.8641e-03, PNorm = 125.9514, GNorm = 0.2072, lr_0 = 3.3572e-04
Loss = 7.4629e-03, PNorm = 125.9541, GNorm = 0.6972, lr_0 = 3.3559e-04
Loss = 8.9593e-03, PNorm = 125.9562, GNorm = 0.4656, lr_0 = 3.3546e-04
Loss = 6.7461e-03, PNorm = 125.9593, GNorm = 0.3540, lr_0 = 3.3533e-04
Loss = 7.4773e-03, PNorm = 125.9613, GNorm = 0.2504, lr_0 = 3.3520e-04
Loss = 7.6201e-03, PNorm = 125.9640, GNorm = 0.3797, lr_0 = 3.3507e-04
Loss = 1.0450e-02, PNorm = 125.9664, GNorm = 0.4070, lr_0 = 3.3494e-04
Loss = 6.8197e-03, PNorm = 125.9695, GNorm = 0.4143, lr_0 = 3.3481e-04
Loss = 1.4402e-02, PNorm = 125.9729, GNorm = 0.4063, lr_0 = 3.3469e-04
Loss = 9.7559e-03, PNorm = 125.9753, GNorm = 0.2233, lr_0 = 3.3456e-04
Loss = 7.0770e-03, PNorm = 125.9776, GNorm = 0.2418, lr_0 = 3.3443e-04
Loss = 7.9479e-03, PNorm = 125.9808, GNorm = 0.3119, lr_0 = 3.3430e-04
Loss = 9.5549e-03, PNorm = 125.9833, GNorm = 0.4395, lr_0 = 3.3417e-04
Loss = 1.0109e-02, PNorm = 125.9864, GNorm = 0.2360, lr_0 = 3.3404e-04
Loss = 8.4424e-03, PNorm = 125.9883, GNorm = 0.2382, lr_0 = 3.3391e-04
Loss = 6.8555e-03, PNorm = 125.9907, GNorm = 0.3744, lr_0 = 3.3379e-04
Loss = 8.5894e-03, PNorm = 125.9942, GNorm = 0.8136, lr_0 = 3.3366e-04
Loss = 8.2051e-03, PNorm = 125.9967, GNorm = 0.4909, lr_0 = 3.3353e-04
Loss = 7.8704e-03, PNorm = 125.9979, GNorm = 0.5352, lr_0 = 3.3340e-04
Loss = 1.1613e-02, PNorm = 125.9984, GNorm = 0.3896, lr_0 = 3.3327e-04
Loss = 6.9133e-03, PNorm = 126.0013, GNorm = 0.3584, lr_0 = 3.3314e-04
Loss = 5.9260e-03, PNorm = 126.0033, GNorm = 0.2674, lr_0 = 3.3302e-04
Loss = 7.1538e-03, PNorm = 126.0066, GNorm = 0.3947, lr_0 = 3.3289e-04
Loss = 7.7412e-03, PNorm = 126.0093, GNorm = 0.4529, lr_0 = 3.3276e-04
Loss = 7.1736e-03, PNorm = 126.0117, GNorm = 0.2040, lr_0 = 3.3263e-04
Loss = 6.8867e-03, PNorm = 126.0132, GNorm = 0.3079, lr_0 = 3.3250e-04
Loss = 6.9947e-03, PNorm = 126.0160, GNorm = 0.2448, lr_0 = 3.3238e-04
Loss = 7.7791e-03, PNorm = 126.0194, GNorm = 0.4103, lr_0 = 3.3225e-04
Loss = 7.6447e-03, PNorm = 126.0213, GNorm = 0.1559, lr_0 = 3.3212e-04
Loss = 1.0420e-02, PNorm = 126.0233, GNorm = 0.3865, lr_0 = 3.3199e-04
Loss = 6.8236e-03, PNorm = 126.0259, GNorm = 0.2462, lr_0 = 3.3187e-04
Loss = 1.0433e-02, PNorm = 126.0264, GNorm = 0.3410, lr_0 = 3.3174e-04
Loss = 8.4511e-03, PNorm = 126.0284, GNorm = 0.2000, lr_0 = 3.3161e-04
Loss = 8.6766e-03, PNorm = 126.0289, GNorm = 0.3301, lr_0 = 3.3148e-04
Loss = 7.2951e-03, PNorm = 126.0310, GNorm = 0.1811, lr_0 = 3.3136e-04
Loss = 6.2468e-03, PNorm = 126.0348, GNorm = 0.2022, lr_0 = 3.3123e-04
Loss = 7.5972e-03, PNorm = 126.0381, GNorm = 0.1784, lr_0 = 3.3110e-04
Loss = 7.8015e-03, PNorm = 126.0408, GNorm = 0.3454, lr_0 = 3.3097e-04
Loss = 6.4926e-03, PNorm = 126.0435, GNorm = 0.2708, lr_0 = 3.3085e-04
Loss = 6.3654e-03, PNorm = 126.0454, GNorm = 0.2412, lr_0 = 3.3072e-04
Loss = 7.6307e-03, PNorm = 126.0477, GNorm = 0.2518, lr_0 = 3.3059e-04
Loss = 5.5359e-03, PNorm = 126.0503, GNorm = 0.2687, lr_0 = 3.3046e-04
Loss = 6.3733e-03, PNorm = 126.0519, GNorm = 0.3003, lr_0 = 3.3034e-04
Loss = 6.8089e-03, PNorm = 126.0536, GNorm = 0.3095, lr_0 = 3.3021e-04
Loss = 6.2685e-03, PNorm = 126.0555, GNorm = 0.2458, lr_0 = 3.3008e-04
Loss = 6.8549e-03, PNorm = 126.0572, GNorm = 0.3117, lr_0 = 3.2996e-04
Loss = 7.5567e-03, PNorm = 126.0609, GNorm = 0.2016, lr_0 = 3.2983e-04
Loss = 5.7583e-03, PNorm = 126.0640, GNorm = 0.1907, lr_0 = 3.2970e-04
Loss = 7.4575e-03, PNorm = 126.0656, GNorm = 0.3383, lr_0 = 3.2958e-04
Loss = 6.1269e-03, PNorm = 126.0677, GNorm = 0.5220, lr_0 = 3.2945e-04
Loss = 1.0818e-02, PNorm = 126.0678, GNorm = 0.4320, lr_0 = 3.2932e-04
Loss = 8.4376e-03, PNorm = 126.0697, GNorm = 0.2567, lr_0 = 3.2920e-04
Loss = 6.6382e-03, PNorm = 126.0718, GNorm = 0.2863, lr_0 = 3.2907e-04
Loss = 1.2037e-02, PNorm = 126.0736, GNorm = 0.4000, lr_0 = 3.2894e-04
Loss = 1.8189e-02, PNorm = 126.0770, GNorm = 0.3867, lr_0 = 3.2882e-04
Loss = 7.1698e-03, PNorm = 126.0820, GNorm = 0.3532, lr_0 = 3.2869e-04
Loss = 9.3460e-03, PNorm = 126.0860, GNorm = 0.2840, lr_0 = 3.2856e-04
Loss = 6.7538e-03, PNorm = 126.0879, GNorm = 0.1557, lr_0 = 3.2844e-04
Loss = 7.5111e-03, PNorm = 126.0908, GNorm = 0.2539, lr_0 = 3.2831e-04
Loss = 9.4284e-03, PNorm = 126.0941, GNorm = 0.4076, lr_0 = 3.2819e-04
Loss = 6.4004e-03, PNorm = 126.0987, GNorm = 0.3801, lr_0 = 3.2806e-04
Loss = 7.9069e-03, PNorm = 126.1024, GNorm = 0.3681, lr_0 = 3.2793e-04
Loss = 9.8647e-03, PNorm = 126.1054, GNorm = 0.3402, lr_0 = 3.2781e-04
Loss = 9.8307e-03, PNorm = 126.1089, GNorm = 0.5366, lr_0 = 3.2768e-04
Loss = 6.5624e-03, PNorm = 126.1114, GNorm = 0.2364, lr_0 = 3.2755e-04
Loss = 9.2152e-03, PNorm = 126.1122, GNorm = 0.1750, lr_0 = 3.2743e-04
Loss = 9.1643e-03, PNorm = 126.1145, GNorm = 2.0807, lr_0 = 3.2730e-04
Loss = 5.5264e-03, PNorm = 126.1164, GNorm = 0.1952, lr_0 = 3.2718e-04
Loss = 7.6263e-03, PNorm = 126.1166, GNorm = 0.5425, lr_0 = 3.2705e-04
Loss = 7.2602e-03, PNorm = 126.1170, GNorm = 0.2496, lr_0 = 3.2693e-04
Loss = 7.9936e-03, PNorm = 126.1191, GNorm = 0.4252, lr_0 = 3.2680e-04
Loss = 7.7251e-03, PNorm = 126.1215, GNorm = 0.2648, lr_0 = 3.2667e-04
Loss = 6.5421e-03, PNorm = 126.1236, GNorm = 0.3280, lr_0 = 3.2655e-04
Loss = 7.0976e-03, PNorm = 126.1257, GNorm = 0.4908, lr_0 = 3.2642e-04
Loss = 7.4135e-03, PNorm = 126.1275, GNorm = 0.1915, lr_0 = 3.2630e-04
Loss = 7.4852e-03, PNorm = 126.1290, GNorm = 0.4546, lr_0 = 3.2617e-04
Loss = 8.2209e-03, PNorm = 126.1318, GNorm = 0.2472, lr_0 = 3.2605e-04
Loss = 8.0367e-03, PNorm = 126.1329, GNorm = 0.3163, lr_0 = 3.2592e-04
Loss = 8.4052e-03, PNorm = 126.1334, GNorm = 0.1478, lr_0 = 3.2580e-04
Loss = 5.9142e-03, PNorm = 126.1344, GNorm = 0.2773, lr_0 = 3.2567e-04
Loss = 7.8516e-03, PNorm = 126.1357, GNorm = 0.2665, lr_0 = 3.2555e-04
Loss = 5.5186e-03, PNorm = 126.1379, GNorm = 0.2309, lr_0 = 3.2542e-04
Loss = 9.3335e-03, PNorm = 126.1414, GNorm = 0.2625, lr_0 = 3.2529e-04
Loss = 6.4403e-03, PNorm = 126.1432, GNorm = 0.1294, lr_0 = 3.2517e-04
Loss = 9.2132e-03, PNorm = 126.1446, GNorm = 0.2825, lr_0 = 3.2504e-04
Loss = 9.6295e-03, PNorm = 126.1459, GNorm = 0.4070, lr_0 = 3.2492e-04
Loss = 1.0278e-02, PNorm = 126.1464, GNorm = 0.2844, lr_0 = 3.2479e-04
Loss = 7.1670e-03, PNorm = 126.1487, GNorm = 0.1792, lr_0 = 3.2467e-04
Loss = 7.2802e-03, PNorm = 126.1505, GNorm = 0.3172, lr_0 = 3.2454e-04
Loss = 6.4019e-03, PNorm = 126.1541, GNorm = 0.2003, lr_0 = 3.2442e-04
Loss = 6.6342e-03, PNorm = 126.1570, GNorm = 0.4152, lr_0 = 3.2430e-04
Loss = 7.0477e-03, PNorm = 126.1601, GNorm = 0.1788, lr_0 = 3.2417e-04
Loss = 5.9360e-03, PNorm = 126.1617, GNorm = 0.1516, lr_0 = 3.2405e-04
Loss = 9.8781e-03, PNorm = 126.1627, GNorm = 0.2290, lr_0 = 3.2392e-04
Loss = 9.4897e-03, PNorm = 126.1635, GNorm = 0.3308, lr_0 = 3.2380e-04
Loss = 7.0383e-03, PNorm = 126.1635, GNorm = 0.1870, lr_0 = 3.2367e-04
Loss = 6.7463e-03, PNorm = 126.1637, GNorm = 0.5217, lr_0 = 3.2355e-04
Loss = 6.4962e-03, PNorm = 126.1645, GNorm = 0.2087, lr_0 = 3.2342e-04
Loss = 7.7676e-03, PNorm = 126.1665, GNorm = 0.2663, lr_0 = 3.2330e-04
Loss = 7.4649e-03, PNorm = 126.1690, GNorm = 0.4713, lr_0 = 3.2317e-04
Loss = 9.0158e-03, PNorm = 126.1720, GNorm = 0.4596, lr_0 = 3.2305e-04
Loss = 7.4825e-03, PNorm = 126.1737, GNorm = 0.2669, lr_0 = 3.2293e-04
Loss = 9.8219e-03, PNorm = 126.1765, GNorm = 0.6487, lr_0 = 3.2280e-04
Loss = 6.4695e-03, PNorm = 126.1781, GNorm = 0.3882, lr_0 = 3.2268e-04
Loss = 9.9071e-03, PNorm = 126.1801, GNorm = 0.3208, lr_0 = 3.2255e-04
Loss = 6.5150e-03, PNorm = 126.1829, GNorm = 0.4373, lr_0 = 3.2243e-04
Loss = 7.7945e-03, PNorm = 126.1859, GNorm = 0.1825, lr_0 = 3.2231e-04
Loss = 7.8208e-03, PNorm = 126.1884, GNorm = 0.4567, lr_0 = 3.2218e-04
Loss = 7.2225e-03, PNorm = 126.1902, GNorm = 0.3249, lr_0 = 3.2206e-04
Loss = 7.0480e-03, PNorm = 126.1923, GNorm = 0.1858, lr_0 = 3.2193e-04
Loss = 8.7319e-03, PNorm = 126.1934, GNorm = 0.3189, lr_0 = 3.2181e-04
Loss = 6.6193e-03, PNorm = 126.1950, GNorm = 0.4399, lr_0 = 3.2169e-04
Loss = 1.0004e-02, PNorm = 126.1961, GNorm = 0.1873, lr_0 = 3.2156e-04
Loss = 6.4917e-03, PNorm = 126.1985, GNorm = 0.4352, lr_0 = 3.2144e-04
Loss = 7.8095e-03, PNorm = 126.2006, GNorm = 0.1561, lr_0 = 3.2132e-04
Loss = 9.1035e-03, PNorm = 126.2025, GNorm = 0.1707, lr_0 = 3.2119e-04
Loss = 6.7815e-03, PNorm = 126.2045, GNorm = 0.3188, lr_0 = 3.2107e-04
Loss = 1.0798e-02, PNorm = 126.2067, GNorm = 0.1969, lr_0 = 3.2095e-04
Loss = 6.9031e-03, PNorm = 126.2095, GNorm = 0.5947, lr_0 = 3.2082e-04
Loss = 1.0444e-02, PNorm = 126.2107, GNorm = 0.2578, lr_0 = 3.2070e-04
Loss = 7.7678e-03, PNorm = 126.2126, GNorm = 0.2306, lr_0 = 3.2058e-04
Loss = 1.2720e-02, PNorm = 126.2146, GNorm = 2.2169, lr_0 = 3.2045e-04
Loss = 7.1216e-03, PNorm = 126.2177, GNorm = 0.2926, lr_0 = 3.2033e-04
Loss = 9.2885e-03, PNorm = 126.2217, GNorm = 0.7177, lr_0 = 3.2021e-04
Loss = 7.3231e-03, PNorm = 126.2254, GNorm = 0.3539, lr_0 = 3.2008e-04
Loss = 8.9719e-03, PNorm = 126.2279, GNorm = 0.2667, lr_0 = 3.1996e-04
Loss = 6.7900e-03, PNorm = 126.2301, GNorm = 0.2377, lr_0 = 3.1984e-04
Loss = 7.8597e-03, PNorm = 126.2329, GNorm = 0.6286, lr_0 = 3.1971e-04
Loss = 9.1350e-03, PNorm = 126.2366, GNorm = 0.2803, lr_0 = 3.1959e-04
Loss = 8.9451e-03, PNorm = 126.2390, GNorm = 0.2705, lr_0 = 3.1947e-04
Loss = 6.3926e-03, PNorm = 126.2412, GNorm = 0.2392, lr_0 = 3.1934e-04
Loss = 6.9736e-03, PNorm = 126.2430, GNorm = 0.4274, lr_0 = 3.1922e-04
Loss = 1.1467e-02, PNorm = 126.2449, GNorm = 0.4503, lr_0 = 3.1910e-04
Loss = 6.7293e-03, PNorm = 126.2481, GNorm = 0.1898, lr_0 = 3.1898e-04
Loss = 8.1987e-03, PNorm = 126.2516, GNorm = 0.3114, lr_0 = 3.1885e-04
Loss = 7.7398e-03, PNorm = 126.2545, GNorm = 0.5772, lr_0 = 3.1873e-04
Loss = 8.2265e-03, PNorm = 126.2569, GNorm = 0.3445, lr_0 = 3.1861e-04
Loss = 6.5150e-03, PNorm = 126.2585, GNorm = 0.4759, lr_0 = 3.1849e-04
Loss = 7.7281e-03, PNorm = 126.2603, GNorm = 0.1489, lr_0 = 3.1836e-04
Loss = 9.6689e-03, PNorm = 126.2624, GNorm = 0.1942, lr_0 = 3.1824e-04
Loss = 1.0540e-02, PNorm = 126.2638, GNorm = 0.4809, lr_0 = 3.1812e-04
Loss = 7.6227e-03, PNorm = 126.2655, GNorm = 0.1846, lr_0 = 3.1800e-04
Loss = 6.3224e-03, PNorm = 126.2678, GNorm = 0.2884, lr_0 = 3.1787e-04
Loss = 8.5013e-03, PNorm = 126.2697, GNorm = 0.2980, lr_0 = 3.1775e-04
Loss = 6.7096e-03, PNorm = 126.2712, GNorm = 0.5367, lr_0 = 3.1763e-04
Loss = 8.5122e-03, PNorm = 126.2734, GNorm = 0.3037, lr_0 = 3.1751e-04
Loss = 6.9891e-03, PNorm = 126.2760, GNorm = 0.4087, lr_0 = 3.1739e-04
Loss = 1.0634e-02, PNorm = 126.2798, GNorm = 3.9714, lr_0 = 3.1726e-04
Loss = 7.7431e-03, PNorm = 126.2840, GNorm = 0.2489, lr_0 = 3.1714e-04
Loss = 7.6255e-03, PNorm = 126.2861, GNorm = 0.3575, lr_0 = 3.1702e-04
Loss = 8.7359e-03, PNorm = 126.2893, GNorm = 0.2492, lr_0 = 3.1690e-04
Loss = 5.4793e-03, PNorm = 126.2921, GNorm = 0.4230, lr_0 = 3.1678e-04
Loss = 8.7952e-03, PNorm = 126.2940, GNorm = 0.1939, lr_0 = 3.1665e-04
Loss = 8.3380e-03, PNorm = 126.2955, GNorm = 0.5327, lr_0 = 3.1653e-04
Loss = 7.3619e-03, PNorm = 126.2976, GNorm = 0.3172, lr_0 = 3.1641e-04
Loss = 7.7528e-03, PNorm = 126.3007, GNorm = 0.3532, lr_0 = 3.1629e-04
Loss = 6.7012e-03, PNorm = 126.3048, GNorm = 0.3825, lr_0 = 3.1617e-04
Loss = 8.1949e-03, PNorm = 126.3074, GNorm = 0.9275, lr_0 = 3.1605e-04
Loss = 7.8720e-03, PNorm = 126.3089, GNorm = 0.4783, lr_0 = 3.1592e-04
Loss = 7.3338e-03, PNorm = 126.3100, GNorm = 0.2619, lr_0 = 3.1580e-04
Loss = 5.9497e-03, PNorm = 126.3120, GNorm = 0.2290, lr_0 = 3.1568e-04
Loss = 1.0039e-02, PNorm = 126.3144, GNorm = 0.2050, lr_0 = 3.1556e-04
Loss = 5.6678e-03, PNorm = 126.3159, GNorm = 0.3722, lr_0 = 3.1544e-04
Loss = 9.4014e-03, PNorm = 126.3173, GNorm = 0.3327, lr_0 = 3.1532e-04
Loss = 6.2833e-03, PNorm = 126.3188, GNorm = 0.5067, lr_0 = 3.1520e-04
Loss = 7.1645e-03, PNorm = 126.3201, GNorm = 0.2815, lr_0 = 3.1507e-04
Loss = 6.6874e-03, PNorm = 126.3219, GNorm = 0.2553, lr_0 = 3.1495e-04
Loss = 5.8769e-03, PNorm = 126.3237, GNorm = 0.3765, lr_0 = 3.1483e-04
Loss = 7.1298e-03, PNorm = 126.3247, GNorm = 0.3264, lr_0 = 3.1471e-04
Loss = 5.0213e-03, PNorm = 126.3257, GNorm = 0.1412, lr_0 = 3.1459e-04
Loss = 9.6961e-03, PNorm = 126.3271, GNorm = 0.2802, lr_0 = 3.1447e-04
Loss = 6.2853e-03, PNorm = 126.3301, GNorm = 0.4340, lr_0 = 3.1435e-04
Loss = 5.7872e-03, PNorm = 126.3350, GNorm = 0.3308, lr_0 = 3.1423e-04
Loss = 6.0933e-03, PNorm = 126.3373, GNorm = 0.2656, lr_0 = 3.1411e-04
Loss = 7.2051e-03, PNorm = 126.3376, GNorm = 0.3611, lr_0 = 3.1399e-04
Loss = 6.2158e-03, PNorm = 126.3395, GNorm = 0.4194, lr_0 = 3.1386e-04
Loss = 6.0637e-03, PNorm = 126.3420, GNorm = 0.3878, lr_0 = 3.1374e-04
Loss = 8.1303e-03, PNorm = 126.3434, GNorm = 0.3074, lr_0 = 3.1362e-04
Loss = 8.3083e-03, PNorm = 126.3448, GNorm = 0.4014, lr_0 = 3.1350e-04
Loss = 6.7873e-03, PNorm = 126.3470, GNorm = 0.2381, lr_0 = 3.1338e-04
Loss = 7.8315e-03, PNorm = 126.3478, GNorm = 0.3039, lr_0 = 3.1326e-04
Loss = 7.4123e-03, PNorm = 126.3513, GNorm = 0.2922, lr_0 = 3.1314e-04
Loss = 7.2252e-03, PNorm = 126.3536, GNorm = 0.2075, lr_0 = 3.1302e-04
Loss = 1.1792e-02, PNorm = 126.3549, GNorm = 0.2754, lr_0 = 3.1290e-04
Loss = 7.6156e-03, PNorm = 126.3559, GNorm = 0.2517, lr_0 = 3.1278e-04
Loss = 7.2574e-03, PNorm = 126.3579, GNorm = 0.2483, lr_0 = 3.1266e-04
Loss = 7.8571e-03, PNorm = 126.3602, GNorm = 0.2123, lr_0 = 3.1254e-04
Loss = 7.5500e-03, PNorm = 126.3636, GNorm = 0.9120, lr_0 = 3.1242e-04
Loss = 7.9780e-03, PNorm = 126.3646, GNorm = 0.1481, lr_0 = 3.1230e-04
Loss = 1.1037e-02, PNorm = 126.3642, GNorm = 0.8199, lr_0 = 3.1218e-04
Loss = 5.8698e-03, PNorm = 126.3662, GNorm = 0.2843, lr_0 = 3.1206e-04
Loss = 5.8097e-03, PNorm = 126.3692, GNorm = 0.2449, lr_0 = 3.1194e-04
Loss = 9.4565e-03, PNorm = 126.3720, GNorm = 0.5308, lr_0 = 3.1182e-04
Loss = 5.7736e-03, PNorm = 126.3743, GNorm = 0.2070, lr_0 = 3.1170e-04
Loss = 6.7115e-03, PNorm = 126.3754, GNorm = 0.2271, lr_0 = 3.1158e-04
Loss = 6.6791e-03, PNorm = 126.3771, GNorm = 0.2996, lr_0 = 3.1146e-04
Loss = 8.5979e-03, PNorm = 126.3795, GNorm = 0.3859, lr_0 = 3.1134e-04
Loss = 5.2968e-03, PNorm = 126.3820, GNorm = 0.2376, lr_0 = 3.1122e-04
Loss = 6.3405e-03, PNorm = 126.3832, GNorm = 0.3243, lr_0 = 3.1110e-04
Loss = 7.4674e-03, PNorm = 126.3852, GNorm = 0.3285, lr_0 = 3.1098e-04
Loss = 6.1768e-03, PNorm = 126.3881, GNorm = 0.2269, lr_0 = 3.1086e-04
Loss = 7.1084e-03, PNorm = 126.3913, GNorm = 0.2308, lr_0 = 3.1074e-04
Loss = 7.1944e-03, PNorm = 126.3945, GNorm = 0.4381, lr_0 = 3.1062e-04
Loss = 6.6160e-03, PNorm = 126.3972, GNorm = 1.9894, lr_0 = 3.1050e-04
Loss = 6.3537e-03, PNorm = 126.4002, GNorm = 1.0043, lr_0 = 3.1038e-04
Loss = 9.4538e-03, PNorm = 126.4029, GNorm = 0.3568, lr_0 = 3.1026e-04
Loss = 7.6314e-03, PNorm = 126.4046, GNorm = 0.2378, lr_0 = 3.1014e-04
Loss = 1.0246e-02, PNorm = 126.4067, GNorm = 0.2914, lr_0 = 3.1003e-04
Loss = 6.1040e-03, PNorm = 126.4073, GNorm = 0.3153, lr_0 = 3.0991e-04
Loss = 6.8336e-03, PNorm = 126.4082, GNorm = 0.2267, lr_0 = 3.0979e-04
Loss = 6.1150e-03, PNorm = 126.4090, GNorm = 0.3598, lr_0 = 3.0967e-04
Loss = 6.7249e-03, PNorm = 126.4102, GNorm = 0.4420, lr_0 = 3.0955e-04
Loss = 7.5315e-03, PNorm = 126.4128, GNorm = 0.1341, lr_0 = 3.0943e-04
Loss = 4.9184e-03, PNorm = 126.4141, GNorm = 0.1489, lr_0 = 3.0931e-04
Loss = 7.6428e-03, PNorm = 126.4158, GNorm = 0.5402, lr_0 = 3.0919e-04
Loss = 7.1015e-03, PNorm = 126.4173, GNorm = 0.3055, lr_0 = 3.0907e-04
Loss = 6.5622e-03, PNorm = 126.4182, GNorm = 0.1868, lr_0 = 3.0895e-04
Loss = 6.7479e-03, PNorm = 126.4210, GNorm = 0.1809, lr_0 = 3.0884e-04
Loss = 6.8156e-03, PNorm = 126.4224, GNorm = 1.7380, lr_0 = 3.0872e-04
Loss = 6.5208e-03, PNorm = 126.4238, GNorm = 0.3588, lr_0 = 3.0860e-04
Loss = 6.9182e-03, PNorm = 126.4251, GNorm = 0.2565, lr_0 = 3.0848e-04
Loss = 4.9364e-03, PNorm = 126.4266, GNorm = 0.3157, lr_0 = 3.0836e-04
Loss = 6.2399e-03, PNorm = 126.4299, GNorm = 0.4401, lr_0 = 3.0824e-04
Loss = 7.1950e-03, PNorm = 126.4313, GNorm = 0.7556, lr_0 = 3.0812e-04
Loss = 5.4072e-03, PNorm = 126.4314, GNorm = 0.2945, lr_0 = 3.0801e-04
Loss = 6.0763e-03, PNorm = 126.4331, GNorm = 0.1661, lr_0 = 3.0789e-04
Loss = 8.4515e-03, PNorm = 126.4348, GNorm = 0.2256, lr_0 = 3.0777e-04
Loss = 8.2882e-03, PNorm = 126.4361, GNorm = 1.8733, lr_0 = 3.0765e-04
Loss = 9.2139e-03, PNorm = 126.4375, GNorm = 0.4018, lr_0 = 3.0753e-04
Loss = 6.8682e-03, PNorm = 126.4409, GNorm = 0.8751, lr_0 = 3.0741e-04
Loss = 6.9275e-03, PNorm = 126.4452, GNorm = 0.1447, lr_0 = 3.0730e-04
Loss = 9.2676e-03, PNorm = 126.4474, GNorm = 1.2903, lr_0 = 3.0718e-04
Loss = 6.1992e-03, PNorm = 126.4502, GNorm = 0.4614, lr_0 = 3.0706e-04
Loss = 5.7038e-03, PNorm = 126.4515, GNorm = 0.3195, lr_0 = 3.0694e-04
Loss = 6.8002e-03, PNorm = 126.4525, GNorm = 0.2977, lr_0 = 3.0682e-04
Loss = 7.2042e-03, PNorm = 126.4536, GNorm = 0.3120, lr_0 = 3.0670e-04
Loss = 8.1063e-03, PNorm = 126.4548, GNorm = 0.2742, lr_0 = 3.0659e-04
Loss = 9.1920e-03, PNorm = 126.4577, GNorm = 0.2264, lr_0 = 3.0647e-04
Loss = 6.7931e-03, PNorm = 126.4609, GNorm = 0.1671, lr_0 = 3.0635e-04
Loss = 7.3976e-03, PNorm = 126.4633, GNorm = 0.2231, lr_0 = 3.0623e-04
Loss = 8.6672e-03, PNorm = 126.4655, GNorm = 0.5974, lr_0 = 3.0612e-04
Loss = 6.7103e-03, PNorm = 126.4676, GNorm = 0.5421, lr_0 = 3.0600e-04
Loss = 6.4758e-03, PNorm = 126.4693, GNorm = 0.2322, lr_0 = 3.0588e-04
Loss = 9.2890e-03, PNorm = 126.4713, GNorm = 0.4396, lr_0 = 3.0576e-04
Loss = 6.7087e-03, PNorm = 126.4735, GNorm = 0.5377, lr_0 = 3.0565e-04
Loss = 8.1233e-03, PNorm = 126.4741, GNorm = 0.5729, lr_0 = 3.0553e-04
Loss = 9.6941e-03, PNorm = 126.4756, GNorm = 0.3839, lr_0 = 3.0541e-04
Loss = 8.2374e-03, PNorm = 126.4772, GNorm = 0.3496, lr_0 = 3.0529e-04
Loss = 1.0792e-02, PNorm = 126.4796, GNorm = 0.3205, lr_0 = 3.0518e-04
Loss = 8.1392e-03, PNorm = 126.4818, GNorm = 0.3273, lr_0 = 3.0506e-04
Loss = 7.2619e-03, PNorm = 126.4828, GNorm = 0.5700, lr_0 = 3.0494e-04
Loss = 6.5209e-03, PNorm = 126.4840, GNorm = 0.7125, lr_0 = 3.0482e-04
Loss = 5.4006e-03, PNorm = 126.4848, GNorm = 0.3227, lr_0 = 3.0471e-04
Loss = 9.9709e-03, PNorm = 126.4857, GNorm = 0.5629, lr_0 = 3.0459e-04
Loss = 8.5810e-03, PNorm = 126.4892, GNorm = 0.1629, lr_0 = 3.0447e-04
Loss = 7.6581e-03, PNorm = 126.4938, GNorm = 0.1420, lr_0 = 3.0435e-04
Loss = 1.0639e-02, PNorm = 126.4959, GNorm = 0.6056, lr_0 = 3.0424e-04
Loss = 8.5468e-03, PNorm = 126.4971, GNorm = 0.2768, lr_0 = 3.0412e-04
Loss = 7.3472e-03, PNorm = 126.5005, GNorm = 0.3841, lr_0 = 3.0400e-04
Loss = 7.6584e-03, PNorm = 126.5019, GNorm = 0.3172, lr_0 = 3.0389e-04
Loss = 8.8900e-03, PNorm = 126.5040, GNorm = 0.3895, lr_0 = 3.0377e-04
Loss = 6.0098e-03, PNorm = 126.5057, GNorm = 0.2705, lr_0 = 3.0365e-04
Loss = 5.9459e-03, PNorm = 126.5056, GNorm = 0.3332, lr_0 = 3.0354e-04
Loss = 6.6516e-03, PNorm = 126.5073, GNorm = 0.2449, lr_0 = 3.0342e-04
Loss = 6.1434e-03, PNorm = 126.5094, GNorm = 0.4718, lr_0 = 3.0330e-04
Loss = 6.1281e-03, PNorm = 126.5108, GNorm = 0.1801, lr_0 = 3.0319e-04
Loss = 6.2571e-03, PNorm = 126.5127, GNorm = 0.2956, lr_0 = 3.0307e-04
Loss = 8.9136e-03, PNorm = 126.5147, GNorm = 0.4317, lr_0 = 3.0295e-04
Loss = 6.0495e-03, PNorm = 126.5166, GNorm = 0.5549, lr_0 = 3.0284e-04
Loss = 8.3663e-03, PNorm = 126.5208, GNorm = 0.2206, lr_0 = 3.0272e-04
Loss = 7.5911e-03, PNorm = 126.5245, GNorm = 0.2823, lr_0 = 3.0260e-04
Loss = 8.8088e-03, PNorm = 126.5263, GNorm = 0.4971, lr_0 = 3.0249e-04
Loss = 6.8128e-03, PNorm = 126.5275, GNorm = 0.1865, lr_0 = 3.0237e-04
Loss = 7.2697e-03, PNorm = 126.5286, GNorm = 0.2340, lr_0 = 3.0225e-04
Loss = 6.0445e-03, PNorm = 126.5299, GNorm = 0.7150, lr_0 = 3.0214e-04
Loss = 5.8476e-03, PNorm = 126.5322, GNorm = 0.4865, lr_0 = 3.0202e-04
Loss = 6.0254e-03, PNorm = 126.5344, GNorm = 0.1772, lr_0 = 3.0191e-04
Loss = 1.1642e-02, PNorm = 126.5368, GNorm = 0.3120, lr_0 = 3.0179e-04
Loss = 7.8138e-03, PNorm = 126.5386, GNorm = 1.3765, lr_0 = 3.0167e-04
Loss = 8.2190e-03, PNorm = 126.5416, GNorm = 0.5642, lr_0 = 3.0156e-04
Loss = 9.2870e-03, PNorm = 126.5446, GNorm = 0.3435, lr_0 = 3.0144e-04
Loss = 7.1617e-03, PNorm = 126.5473, GNorm = 0.3309, lr_0 = 3.0133e-04
Loss = 7.5050e-03, PNorm = 126.5501, GNorm = 0.4829, lr_0 = 3.0121e-04
Loss = 4.5370e-03, PNorm = 126.5535, GNorm = 0.3284, lr_0 = 3.0109e-04
Loss = 7.2886e-03, PNorm = 126.5569, GNorm = 0.2069, lr_0 = 3.0098e-04
Loss = 5.8004e-03, PNorm = 126.5609, GNorm = 0.1951, lr_0 = 3.0086e-04
Loss = 7.4981e-03, PNorm = 126.5628, GNorm = 0.6559, lr_0 = 3.0075e-04
Loss = 6.8825e-03, PNorm = 126.5645, GNorm = 0.2393, lr_0 = 3.0063e-04
Loss = 6.2650e-03, PNorm = 126.5657, GNorm = 0.2478, lr_0 = 3.0052e-04
Loss = 4.7778e-03, PNorm = 126.5677, GNorm = 0.1617, lr_0 = 3.0040e-04
Loss = 5.9312e-03, PNorm = 126.5696, GNorm = 0.4207, lr_0 = 3.0029e-04
Loss = 5.0754e-03, PNorm = 126.5714, GNorm = 0.1731, lr_0 = 3.0017e-04
Loss = 6.9713e-03, PNorm = 126.5742, GNorm = 0.7368, lr_0 = 3.0005e-04
Loss = 5.3733e-03, PNorm = 126.5764, GNorm = 0.3173, lr_0 = 2.9994e-04
Loss = 8.4652e-03, PNorm = 126.5775, GNorm = 0.1783, lr_0 = 2.9982e-04
Loss = 9.0872e-03, PNorm = 126.5792, GNorm = 0.3417, lr_0 = 2.9971e-04
Loss = 5.7582e-03, PNorm = 126.5804, GNorm = 0.4094, lr_0 = 2.9959e-04
Loss = 5.5895e-03, PNorm = 126.5818, GNorm = 0.3591, lr_0 = 2.9948e-04
Loss = 9.0604e-03, PNorm = 126.5840, GNorm = 0.3335, lr_0 = 2.9936e-04
Loss = 5.9199e-03, PNorm = 126.5869, GNorm = 0.3857, lr_0 = 2.9925e-04
Loss = 5.3764e-03, PNorm = 126.5900, GNorm = 0.2396, lr_0 = 2.9913e-04
Loss = 9.5125e-03, PNorm = 126.5929, GNorm = 0.2549, lr_0 = 2.9902e-04
Loss = 9.2825e-03, PNorm = 126.5956, GNorm = 0.2786, lr_0 = 2.9890e-04
Loss = 7.3134e-03, PNorm = 126.5981, GNorm = 0.5724, lr_0 = 2.9879e-04
Loss = 4.9469e-03, PNorm = 126.6003, GNorm = 0.2287, lr_0 = 2.9867e-04
Loss = 5.7904e-03, PNorm = 126.6018, GNorm = 0.3550, lr_0 = 2.9856e-04
Loss = 6.3843e-03, PNorm = 126.6026, GNorm = 0.3148, lr_0 = 2.9844e-04
Loss = 6.9458e-03, PNorm = 126.6045, GNorm = 0.5110, lr_0 = 2.9833e-04
Loss = 6.8370e-03, PNorm = 126.6058, GNorm = 0.3130, lr_0 = 2.9821e-04
Loss = 6.1654e-03, PNorm = 126.6074, GNorm = 0.3059, lr_0 = 2.9810e-04
Loss = 6.3006e-03, PNorm = 126.6097, GNorm = 0.2828, lr_0 = 2.9798e-04
Loss = 6.3398e-03, PNorm = 126.6119, GNorm = 0.6035, lr_0 = 2.9787e-04
Loss = 8.2925e-03, PNorm = 126.6142, GNorm = 0.4884, lr_0 = 2.9776e-04
Loss = 6.2398e-03, PNorm = 126.6173, GNorm = 0.1675, lr_0 = 2.9764e-04
Loss = 8.0169e-03, PNorm = 126.6186, GNorm = 0.2062, lr_0 = 2.9753e-04
Loss = 5.1777e-03, PNorm = 126.6200, GNorm = 0.3665, lr_0 = 2.9741e-04
Loss = 1.1817e-02, PNorm = 126.6224, GNorm = 0.3891, lr_0 = 2.9730e-04
Loss = 6.6628e-03, PNorm = 126.6256, GNorm = 0.1807, lr_0 = 2.9718e-04
Loss = 4.9895e-03, PNorm = 126.6276, GNorm = 0.1897, lr_0 = 2.9707e-04
Loss = 5.6741e-03, PNorm = 126.6303, GNorm = 0.4191, lr_0 = 2.9695e-04
Loss = 7.1817e-03, PNorm = 126.6321, GNorm = 0.4225, lr_0 = 2.9684e-04
Loss = 5.6845e-03, PNorm = 126.6326, GNorm = 0.1475, lr_0 = 2.9673e-04
Loss = 6.0854e-03, PNorm = 126.6338, GNorm = 0.1432, lr_0 = 2.9661e-04
Loss = 1.0345e-02, PNorm = 126.6353, GNorm = 0.9470, lr_0 = 2.9650e-04
Loss = 7.7181e-03, PNorm = 126.6367, GNorm = 0.4730, lr_0 = 2.9638e-04
Loss = 7.6392e-03, PNorm = 126.6389, GNorm = 0.2569, lr_0 = 2.9627e-04
Loss = 8.2437e-03, PNorm = 126.6411, GNorm = 0.3684, lr_0 = 2.9616e-04
Loss = 8.6411e-03, PNorm = 126.6423, GNorm = 0.3933, lr_0 = 2.9604e-04
Loss = 4.7542e-03, PNorm = 126.6438, GNorm = 0.3357, lr_0 = 2.9593e-04
Loss = 7.3840e-03, PNorm = 126.6468, GNorm = 0.2671, lr_0 = 2.9581e-04
Loss = 6.6496e-03, PNorm = 126.6490, GNorm = 0.1611, lr_0 = 2.9570e-04
Loss = 5.9887e-03, PNorm = 126.6506, GNorm = 0.3270, lr_0 = 2.9559e-04
Loss = 6.6301e-03, PNorm = 126.6538, GNorm = 0.1864, lr_0 = 2.9547e-04
Loss = 5.6267e-03, PNorm = 126.6569, GNorm = 0.3864, lr_0 = 2.9536e-04
Loss = 5.3916e-03, PNorm = 126.6589, GNorm = 0.1877, lr_0 = 2.9525e-04
Loss = 6.0784e-03, PNorm = 126.6595, GNorm = 0.2321, lr_0 = 2.9513e-04
Loss = 6.2306e-03, PNorm = 126.6604, GNorm = 0.2306, lr_0 = 2.9502e-04
Loss = 8.4516e-03, PNorm = 126.6619, GNorm = 0.4416, lr_0 = 2.9491e-04
Loss = 7.6336e-03, PNorm = 126.6630, GNorm = 0.9987, lr_0 = 2.9479e-04
Loss = 8.3329e-03, PNorm = 126.6652, GNorm = 0.5310, lr_0 = 2.9468e-04
Loss = 7.3036e-03, PNorm = 126.6680, GNorm = 0.4511, lr_0 = 2.9457e-04
Loss = 6.7208e-03, PNorm = 126.6705, GNorm = 0.2807, lr_0 = 2.9445e-04
Loss = 8.7807e-03, PNorm = 126.6727, GNorm = 0.4878, lr_0 = 2.9434e-04
Loss = 6.5028e-03, PNorm = 126.6751, GNorm = 0.2983, lr_0 = 2.9423e-04
Loss = 9.5504e-03, PNorm = 126.6772, GNorm = 0.2799, lr_0 = 2.9411e-04
Loss = 8.3092e-03, PNorm = 126.6792, GNorm = 0.4803, lr_0 = 2.9400e-04
Loss = 7.2736e-03, PNorm = 126.6824, GNorm = 0.3026, lr_0 = 2.9389e-04
Loss = 5.3967e-03, PNorm = 126.6846, GNorm = 0.1779, lr_0 = 2.9377e-04
Loss = 5.3833e-03, PNorm = 126.6866, GNorm = 0.1476, lr_0 = 2.9366e-04
Loss = 7.2309e-03, PNorm = 126.6888, GNorm = 0.3809, lr_0 = 2.9355e-04
Loss = 6.4152e-03, PNorm = 126.6902, GNorm = 0.3261, lr_0 = 2.9343e-04
Loss = 4.4256e-03, PNorm = 126.6918, GNorm = 0.2865, lr_0 = 2.9332e-04
Loss = 6.9539e-03, PNorm = 126.6947, GNorm = 1.5379, lr_0 = 2.9321e-04
Loss = 1.0049e-02, PNorm = 126.6967, GNorm = 0.1199, lr_0 = 2.9310e-04
Loss = 7.4458e-03, PNorm = 126.6983, GNorm = 0.4707, lr_0 = 2.9298e-04
Loss = 8.2929e-03, PNorm = 126.7004, GNorm = 0.5017, lr_0 = 2.9287e-04
Loss = 7.9593e-03, PNorm = 126.7033, GNorm = 0.1922, lr_0 = 2.9276e-04
Loss = 6.6567e-03, PNorm = 126.7046, GNorm = 0.3797, lr_0 = 2.9265e-04
Loss = 6.9662e-03, PNorm = 126.7051, GNorm = 0.9901, lr_0 = 2.9253e-04
Loss = 5.6150e-03, PNorm = 126.7065, GNorm = 0.2814, lr_0 = 2.9242e-04
Loss = 7.2986e-03, PNorm = 126.7069, GNorm = 0.3293, lr_0 = 2.9231e-04
Loss = 4.8497e-03, PNorm = 126.7086, GNorm = 0.1756, lr_0 = 2.9220e-04
Loss = 5.4135e-03, PNorm = 126.7093, GNorm = 0.2883, lr_0 = 2.9208e-04
Loss = 8.0900e-03, PNorm = 126.7105, GNorm = 0.3555, lr_0 = 2.9197e-04
Loss = 4.8012e-03, PNorm = 126.7126, GNorm = 0.3637, lr_0 = 2.9186e-04
Loss = 5.6014e-03, PNorm = 126.7148, GNorm = 0.1250, lr_0 = 2.9175e-04
Loss = 8.3960e-03, PNorm = 126.7159, GNorm = 0.6349, lr_0 = 2.9163e-04
Loss = 6.8163e-03, PNorm = 126.7188, GNorm = 0.2368, lr_0 = 2.9152e-04
Loss = 4.8330e-03, PNorm = 126.7224, GNorm = 0.2886, lr_0 = 2.9141e-04
Loss = 6.1194e-03, PNorm = 126.7246, GNorm = 0.6182, lr_0 = 2.9130e-04
Loss = 6.8202e-03, PNorm = 126.7267, GNorm = 0.3107, lr_0 = 2.9119e-04
Loss = 5.7331e-03, PNorm = 126.7294, GNorm = 0.1222, lr_0 = 2.9107e-04
Loss = 5.4858e-03, PNorm = 126.7322, GNorm = 0.1746, lr_0 = 2.9096e-04
Loss = 6.4602e-03, PNorm = 126.7330, GNorm = 0.6426, lr_0 = 2.9085e-04
Loss = 5.0019e-03, PNorm = 126.7331, GNorm = 0.1460, lr_0 = 2.9074e-04
Loss = 5.8451e-03, PNorm = 126.7330, GNorm = 0.2412, lr_0 = 2.9063e-04
Loss = 6.8461e-03, PNorm = 126.7334, GNorm = 0.3342, lr_0 = 2.9052e-04
Loss = 8.0494e-03, PNorm = 126.7347, GNorm = 0.2963, lr_0 = 2.9040e-04
Loss = 6.6014e-03, PNorm = 126.7362, GNorm = 0.2381, lr_0 = 2.9029e-04
Loss = 8.0609e-03, PNorm = 126.7387, GNorm = 0.2748, lr_0 = 2.9018e-04
Loss = 6.7799e-03, PNorm = 126.7416, GNorm = 0.2594, lr_0 = 2.9007e-04
Loss = 6.0059e-03, PNorm = 126.7425, GNorm = 0.2401, lr_0 = 2.8996e-04
Loss = 6.4037e-03, PNorm = 126.7440, GNorm = 0.1553, lr_0 = 2.8985e-04
Loss = 7.1367e-03, PNorm = 126.7449, GNorm = 0.3498, lr_0 = 2.8973e-04
Loss = 7.1061e-03, PNorm = 126.7463, GNorm = 0.1844, lr_0 = 2.8962e-04
Loss = 8.9440e-03, PNorm = 126.7484, GNorm = 0.5421, lr_0 = 2.8951e-04
Loss = 9.8938e-03, PNorm = 126.7497, GNorm = 0.4021, lr_0 = 2.8940e-04
Loss = 7.7927e-03, PNorm = 126.7515, GNorm = 1.4842, lr_0 = 2.8929e-04
Loss = 8.3553e-03, PNorm = 126.7523, GNorm = 0.2157, lr_0 = 2.8918e-04
Loss = 7.6457e-03, PNorm = 126.7527, GNorm = 0.9437, lr_0 = 2.8907e-04
Loss = 6.5380e-03, PNorm = 126.7521, GNorm = 0.2800, lr_0 = 2.8896e-04
Loss = 6.1787e-03, PNorm = 126.7524, GNorm = 0.3372, lr_0 = 2.8884e-04
Loss = 4.5625e-03, PNorm = 126.7539, GNorm = 0.2080, lr_0 = 2.8873e-04
Loss = 8.2695e-03, PNorm = 126.7551, GNorm = 0.3130, lr_0 = 2.8862e-04
Loss = 4.5509e-03, PNorm = 126.7566, GNorm = 0.2784, lr_0 = 2.8851e-04
Loss = 5.8870e-03, PNorm = 126.7587, GNorm = 0.1850, lr_0 = 2.8840e-04
Loss = 6.1073e-03, PNorm = 126.7604, GNorm = 0.2590, lr_0 = 2.8829e-04
Loss = 8.1691e-03, PNorm = 126.7618, GNorm = 0.2055, lr_0 = 2.8818e-04
Loss = 6.9602e-03, PNorm = 126.7642, GNorm = 0.2778, lr_0 = 2.8807e-04
Loss = 7.1248e-03, PNorm = 126.7668, GNorm = 0.1849, lr_0 = 2.8796e-04
Loss = 7.4734e-03, PNorm = 126.7689, GNorm = 0.1695, lr_0 = 2.8785e-04
Loss = 6.5751e-03, PNorm = 126.7721, GNorm = 0.3178, lr_0 = 2.8774e-04
Loss = 6.0985e-03, PNorm = 126.7748, GNorm = 0.2899, lr_0 = 2.8762e-04
Loss = 6.3308e-03, PNorm = 126.7761, GNorm = 0.2688, lr_0 = 2.8751e-04
Loss = 7.6218e-03, PNorm = 126.7765, GNorm = 0.1971, lr_0 = 2.8740e-04
Loss = 1.1528e-02, PNorm = 126.7776, GNorm = 0.4975, lr_0 = 2.8729e-04
Loss = 6.6527e-03, PNorm = 126.7801, GNorm = 0.2029, lr_0 = 2.8718e-04
Loss = 5.7507e-03, PNorm = 126.7829, GNorm = 0.2974, lr_0 = 2.8707e-04
Loss = 7.7233e-03, PNorm = 126.7845, GNorm = 0.3940, lr_0 = 2.8696e-04
Loss = 6.7392e-03, PNorm = 126.7874, GNorm = 0.1818, lr_0 = 2.8685e-04
Loss = 5.8114e-03, PNorm = 126.7895, GNorm = 0.5969, lr_0 = 2.8674e-04
Loss = 6.1708e-03, PNorm = 126.7903, GNorm = 0.3084, lr_0 = 2.8663e-04
Loss = 6.6130e-03, PNorm = 126.7903, GNorm = 0.2202, lr_0 = 2.8652e-04
Loss = 5.2408e-03, PNorm = 126.7909, GNorm = 0.1792, lr_0 = 2.8641e-04
Loss = 4.4978e-03, PNorm = 126.7916, GNorm = 0.2234, lr_0 = 2.8630e-04
Loss = 5.5748e-03, PNorm = 126.7930, GNorm = 0.4227, lr_0 = 2.8619e-04
Loss = 6.0246e-03, PNorm = 126.7951, GNorm = 0.1810, lr_0 = 2.8608e-04
Loss = 6.8256e-03, PNorm = 126.7979, GNorm = 0.4603, lr_0 = 2.8597e-04
Loss = 5.9680e-03, PNorm = 126.7994, GNorm = 0.3619, lr_0 = 2.8586e-04
Loss = 6.1304e-03, PNorm = 126.8014, GNorm = 0.6387, lr_0 = 2.8575e-04
Loss = 5.9339e-03, PNorm = 126.8036, GNorm = 0.2076, lr_0 = 2.8564e-04
Loss = 4.7268e-03, PNorm = 126.8046, GNorm = 0.2137, lr_0 = 2.8553e-04
Loss = 8.0738e-03, PNorm = 126.8043, GNorm = 0.6442, lr_0 = 2.8542e-04
Loss = 6.3530e-03, PNorm = 126.8054, GNorm = 0.1342, lr_0 = 2.8531e-04
Loss = 5.3331e-03, PNorm = 126.8075, GNorm = 0.2182, lr_0 = 2.8520e-04
Loss = 6.5920e-03, PNorm = 126.8108, GNorm = 0.2127, lr_0 = 2.8509e-04
Loss = 9.6534e-03, PNorm = 126.8120, GNorm = 0.1916, lr_0 = 2.8498e-04
Loss = 6.5123e-03, PNorm = 126.8144, GNorm = 0.2023, lr_0 = 2.8487e-04
Loss = 5.8834e-03, PNorm = 126.8166, GNorm = 0.2055, lr_0 = 2.8476e-04
Loss = 5.9213e-03, PNorm = 126.8186, GNorm = 0.1697, lr_0 = 2.8465e-04
Loss = 1.1316e-02, PNorm = 126.8211, GNorm = 0.6148, lr_0 = 2.8454e-04
Loss = 5.2716e-03, PNorm = 126.8227, GNorm = 0.3146, lr_0 = 2.8443e-04
Loss = 6.1961e-03, PNorm = 126.8247, GNorm = 0.2714, lr_0 = 2.8433e-04
Loss = 5.3550e-03, PNorm = 126.8258, GNorm = 0.1511, lr_0 = 2.8422e-04
Loss = 6.6871e-03, PNorm = 126.8264, GNorm = 0.1310, lr_0 = 2.8411e-04
Loss = 5.4940e-03, PNorm = 126.8274, GNorm = 0.2628, lr_0 = 2.8400e-04
Loss = 6.1139e-03, PNorm = 126.8287, GNorm = 2.2486, lr_0 = 2.8389e-04
Loss = 7.8300e-03, PNorm = 126.8303, GNorm = 0.4513, lr_0 = 2.8378e-04
Loss = 5.7693e-03, PNorm = 126.8316, GNorm = 0.1825, lr_0 = 2.8367e-04
Loss = 7.4068e-03, PNorm = 126.8333, GNorm = 0.1970, lr_0 = 2.8356e-04
Loss = 6.4890e-03, PNorm = 126.8347, GNorm = 0.2939, lr_0 = 2.8345e-04
Loss = 5.7073e-03, PNorm = 126.8342, GNorm = 0.3175, lr_0 = 2.8334e-04
Loss = 8.4259e-03, PNorm = 126.8352, GNorm = 0.2862, lr_0 = 2.8323e-04
Loss = 4.8925e-03, PNorm = 126.8375, GNorm = 0.2594, lr_0 = 2.8312e-04
Loss = 5.5946e-03, PNorm = 126.8388, GNorm = 0.3926, lr_0 = 2.8302e-04
Loss = 6.6702e-03, PNorm = 126.8392, GNorm = 0.2012, lr_0 = 2.8291e-04
Loss = 5.3712e-03, PNorm = 126.8404, GNorm = 0.3076, lr_0 = 2.8280e-04
Loss = 5.8019e-03, PNorm = 126.8426, GNorm = 0.2832, lr_0 = 2.8269e-04
Loss = 5.8914e-03, PNorm = 126.8444, GNorm = 0.2731, lr_0 = 2.8258e-04
Loss = 7.6515e-03, PNorm = 126.8464, GNorm = 0.2442, lr_0 = 2.8247e-04
Loss = 5.5991e-03, PNorm = 126.8480, GNorm = 0.3763, lr_0 = 2.8236e-04
Loss = 5.7161e-03, PNorm = 126.8492, GNorm = 0.3505, lr_0 = 2.8225e-04
Loss = 6.9635e-03, PNorm = 126.8494, GNorm = 0.2741, lr_0 = 2.8215e-04
Loss = 5.8953e-03, PNorm = 126.8502, GNorm = 0.3460, lr_0 = 2.8204e-04
Loss = 9.7249e-03, PNorm = 126.8528, GNorm = 0.2778, lr_0 = 2.8193e-04
Loss = 7.3978e-03, PNorm = 126.8541, GNorm = 0.5809, lr_0 = 2.8182e-04
Loss = 7.1759e-03, PNorm = 126.8556, GNorm = 0.2278, lr_0 = 2.8171e-04
Loss = 7.9795e-03, PNorm = 126.8568, GNorm = 0.1741, lr_0 = 2.8160e-04
Loss = 9.0520e-03, PNorm = 126.8590, GNorm = 0.3699, lr_0 = 2.8150e-04
Loss = 6.8464e-03, PNorm = 126.8612, GNorm = 0.2266, lr_0 = 2.8139e-04
Loss = 6.9712e-03, PNorm = 126.8638, GNorm = 0.1435, lr_0 = 2.8128e-04
Loss = 7.4235e-03, PNorm = 126.8659, GNorm = 0.2737, lr_0 = 2.8117e-04
Loss = 7.4017e-03, PNorm = 126.8671, GNorm = 0.1718, lr_0 = 2.8106e-04
Loss = 5.8952e-03, PNorm = 126.8677, GNorm = 0.2428, lr_0 = 2.8096e-04
Loss = 7.2525e-03, PNorm = 126.8689, GNorm = 0.3434, lr_0 = 2.8085e-04
Loss = 5.3656e-03, PNorm = 126.8703, GNorm = 0.2524, lr_0 = 2.8074e-04
Loss = 6.1455e-03, PNorm = 126.8711, GNorm = 0.1563, lr_0 = 2.8063e-04
Loss = 6.1470e-03, PNorm = 126.8731, GNorm = 0.2352, lr_0 = 2.8052e-04
Loss = 6.7972e-03, PNorm = 126.8738, GNorm = 0.3868, lr_0 = 2.8042e-04
Loss = 5.7983e-03, PNorm = 126.8749, GNorm = 0.5532, lr_0 = 2.8031e-04
Loss = 6.7571e-03, PNorm = 126.8763, GNorm = 0.7689, lr_0 = 2.8020e-04
Loss = 5.3558e-03, PNorm = 126.8776, GNorm = 0.3563, lr_0 = 2.8009e-04
Loss = 7.0468e-03, PNorm = 126.8802, GNorm = 0.3199, lr_0 = 2.7998e-04
Loss = 5.8834e-03, PNorm = 126.8828, GNorm = 0.4197, lr_0 = 2.7988e-04
Loss = 7.4700e-03, PNorm = 126.8862, GNorm = 1.5570, lr_0 = 2.7977e-04
Loss = 7.8115e-03, PNorm = 126.8868, GNorm = 0.2647, lr_0 = 2.7966e-04
Loss = 4.9562e-03, PNorm = 126.8871, GNorm = 0.4001, lr_0 = 2.7955e-04
Loss = 5.0429e-03, PNorm = 126.8880, GNorm = 0.3639, lr_0 = 2.7945e-04
Loss = 7.2462e-03, PNorm = 126.8894, GNorm = 0.2366, lr_0 = 2.7934e-04
Loss = 6.4955e-03, PNorm = 126.8907, GNorm = 0.5097, lr_0 = 2.7923e-04
Loss = 4.6868e-03, PNorm = 126.8925, GNorm = 0.1864, lr_0 = 2.7912e-04
Loss = 8.5170e-03, PNorm = 126.8941, GNorm = 0.2688, lr_0 = 2.7902e-04
Loss = 5.3467e-03, PNorm = 126.8959, GNorm = 0.2174, lr_0 = 2.7891e-04
Loss = 9.9440e-03, PNorm = 126.8984, GNorm = 0.3846, lr_0 = 2.7880e-04
Loss = 6.4265e-03, PNorm = 126.9009, GNorm = 0.1918, lr_0 = 2.7870e-04
Loss = 6.1648e-03, PNorm = 126.9022, GNorm = 0.2560, lr_0 = 2.7859e-04
Loss = 5.7460e-03, PNorm = 126.9033, GNorm = 0.3435, lr_0 = 2.7848e-04
Loss = 8.3252e-03, PNorm = 126.9057, GNorm = 0.2605, lr_0 = 2.7837e-04
Loss = 6.3317e-03, PNorm = 126.9077, GNorm = 0.3790, lr_0 = 2.7827e-04
Loss = 4.9819e-03, PNorm = 126.9097, GNorm = 0.1410, lr_0 = 2.7816e-04
Loss = 5.0742e-03, PNorm = 126.9126, GNorm = 0.2306, lr_0 = 2.7805e-04
Loss = 7.2603e-03, PNorm = 126.9144, GNorm = 0.2286, lr_0 = 2.7795e-04
Loss = 6.0452e-03, PNorm = 126.9157, GNorm = 1.7984, lr_0 = 2.7784e-04
Loss = 4.8649e-03, PNorm = 126.9173, GNorm = 0.2563, lr_0 = 2.7773e-04
Loss = 5.2374e-03, PNorm = 126.9197, GNorm = 0.1376, lr_0 = 2.7763e-04
Loss = 7.2838e-03, PNorm = 126.9212, GNorm = 0.5535, lr_0 = 2.7752e-04
Loss = 4.5796e-03, PNorm = 126.9232, GNorm = 0.2796, lr_0 = 2.7741e-04
Loss = 7.9165e-03, PNorm = 126.9246, GNorm = 0.3200, lr_0 = 2.7731e-04
Loss = 5.1645e-03, PNorm = 126.9263, GNorm = 0.2015, lr_0 = 2.7720e-04
Loss = 7.8287e-03, PNorm = 126.9286, GNorm = 0.1675, lr_0 = 2.7709e-04
Loss = 7.8915e-03, PNorm = 126.9301, GNorm = 1.0590, lr_0 = 2.7699e-04
Loss = 5.3110e-03, PNorm = 126.9304, GNorm = 0.4677, lr_0 = 2.7688e-04
Loss = 5.8743e-03, PNorm = 126.9307, GNorm = 0.1368, lr_0 = 2.7677e-04
Loss = 6.4166e-03, PNorm = 126.9327, GNorm = 0.4096, lr_0 = 2.7667e-04
Loss = 8.8357e-03, PNorm = 126.9333, GNorm = 0.4221, lr_0 = 2.7656e-04
Loss = 7.0547e-03, PNorm = 126.9345, GNorm = 0.1933, lr_0 = 2.7645e-04
Loss = 9.4533e-03, PNorm = 126.9364, GNorm = 0.9222, lr_0 = 2.7635e-04
Loss = 1.1602e-02, PNorm = 126.9400, GNorm = 0.3050, lr_0 = 2.7624e-04
Loss = 7.9282e-03, PNorm = 126.9427, GNorm = 0.5504, lr_0 = 2.7613e-04
Loss = 5.4006e-03, PNorm = 126.9447, GNorm = 0.2242, lr_0 = 2.7603e-04
Loss = 6.8429e-03, PNorm = 126.9458, GNorm = 0.2144, lr_0 = 2.7592e-04
Loss = 9.0676e-03, PNorm = 126.9466, GNorm = 0.4349, lr_0 = 2.7582e-04
Loss = 6.1407e-03, PNorm = 126.9473, GNorm = 0.5521, lr_0 = 2.7571e-04
Loss = 7.1572e-03, PNorm = 126.9482, GNorm = 0.4091, lr_0 = 2.7560e-04
Loss = 5.6502e-03, PNorm = 126.9494, GNorm = 0.3133, lr_0 = 2.7550e-04
Loss = 5.9042e-03, PNorm = 126.9510, GNorm = 0.3552, lr_0 = 2.7539e-04
Loss = 6.4571e-03, PNorm = 126.9528, GNorm = 0.2715, lr_0 = 2.7529e-04
Loss = 8.4191e-03, PNorm = 126.9528, GNorm = 0.2980, lr_0 = 2.7518e-04
Loss = 5.7393e-03, PNorm = 126.9546, GNorm = 0.4289, lr_0 = 2.7507e-04
Loss = 7.5347e-03, PNorm = 126.9561, GNorm = 0.5495, lr_0 = 2.7497e-04
Loss = 8.8606e-03, PNorm = 126.9566, GNorm = 2.6608, lr_0 = 2.7486e-04
Loss = 5.5464e-03, PNorm = 126.9573, GNorm = 0.5183, lr_0 = 2.7476e-04
Loss = 9.5534e-03, PNorm = 126.9583, GNorm = 0.1643, lr_0 = 2.7465e-04
Loss = 7.7063e-03, PNorm = 126.9597, GNorm = 0.2418, lr_0 = 2.7455e-04
Loss = 8.5109e-03, PNorm = 126.9611, GNorm = 0.5891, lr_0 = 2.7444e-04
Loss = 6.6674e-03, PNorm = 126.9622, GNorm = 0.1199, lr_0 = 2.7433e-04
Loss = 7.8178e-03, PNorm = 126.9640, GNorm = 0.1973, lr_0 = 2.7423e-04
Loss = 7.5261e-03, PNorm = 126.9665, GNorm = 0.3310, lr_0 = 2.7412e-04
Loss = 6.0767e-03, PNorm = 126.9691, GNorm = 0.2567, lr_0 = 2.7402e-04
Loss = 5.8016e-03, PNorm = 126.9709, GNorm = 0.2263, lr_0 = 2.7391e-04
Loss = 8.7555e-03, PNorm = 126.9718, GNorm = 0.2657, lr_0 = 2.7381e-04
Loss = 7.8563e-03, PNorm = 126.9728, GNorm = 0.3387, lr_0 = 2.7370e-04
Loss = 6.9794e-03, PNorm = 126.9748, GNorm = 0.3536, lr_0 = 2.7360e-04
Loss = 7.0975e-03, PNorm = 126.9758, GNorm = 0.2665, lr_0 = 2.7349e-04
Loss = 5.0821e-03, PNorm = 126.9769, GNorm = 0.2081, lr_0 = 2.7339e-04
Loss = 6.0994e-03, PNorm = 126.9784, GNorm = 0.1928, lr_0 = 2.7328e-04
Loss = 4.0962e-03, PNorm = 126.9806, GNorm = 0.2778, lr_0 = 2.7318e-04
Loss = 5.7215e-03, PNorm = 126.9826, GNorm = 0.2598, lr_0 = 2.7307e-04
Loss = 6.3228e-03, PNorm = 126.9840, GNorm = 0.1436, lr_0 = 2.7297e-04
Loss = 6.8032e-03, PNorm = 126.9866, GNorm = 0.2212, lr_0 = 2.7286e-04
Loss = 7.0973e-03, PNorm = 126.9900, GNorm = 0.4835, lr_0 = 2.7276e-04
Loss = 6.1232e-03, PNorm = 126.9931, GNorm = 0.4056, lr_0 = 2.7265e-04
Loss = 6.5213e-03, PNorm = 126.9947, GNorm = 0.4652, lr_0 = 2.7255e-04
Loss = 5.7213e-03, PNorm = 126.9957, GNorm = 0.3213, lr_0 = 2.7244e-04
Loss = 7.9708e-03, PNorm = 126.9979, GNorm = 0.1468, lr_0 = 2.7234e-04
Loss = 5.6725e-03, PNorm = 126.9989, GNorm = 0.2119, lr_0 = 2.7223e-04
Loss = 6.8754e-03, PNorm = 126.9995, GNorm = 0.3591, lr_0 = 2.7213e-04
Loss = 5.0938e-03, PNorm = 127.0010, GNorm = 0.4007, lr_0 = 2.7202e-04
Loss = 5.3535e-03, PNorm = 127.0021, GNorm = 0.1462, lr_0 = 2.7192e-04
Loss = 4.6280e-03, PNorm = 127.0027, GNorm = 0.4309, lr_0 = 2.7181e-04
Loss = 7.4843e-03, PNorm = 127.0052, GNorm = 0.1777, lr_0 = 2.7171e-04
Loss = 5.0165e-03, PNorm = 127.0086, GNorm = 0.5386, lr_0 = 2.7161e-04
Loss = 5.0886e-03, PNorm = 127.0110, GNorm = 0.1558, lr_0 = 2.7150e-04
Loss = 5.6728e-03, PNorm = 127.0116, GNorm = 0.2787, lr_0 = 2.7140e-04
Loss = 7.7743e-03, PNorm = 127.0117, GNorm = 0.3410, lr_0 = 2.7129e-04
Loss = 6.9231e-03, PNorm = 127.0131, GNorm = 0.1249, lr_0 = 2.7119e-04
Loss = 6.5088e-03, PNorm = 127.0153, GNorm = 0.2878, lr_0 = 2.7108e-04
Loss = 6.9086e-03, PNorm = 127.0160, GNorm = 0.2970, lr_0 = 2.7098e-04
Loss = 5.4482e-03, PNorm = 127.0166, GNorm = 0.3029, lr_0 = 2.7087e-04
Loss = 6.7795e-03, PNorm = 127.0180, GNorm = 0.4749, lr_0 = 2.7077e-04
Loss = 4.3615e-03, PNorm = 127.0191, GNorm = 0.1347, lr_0 = 2.7067e-04
Loss = 5.8893e-03, PNorm = 127.0209, GNorm = 0.1678, lr_0 = 2.7056e-04
Loss = 7.3230e-03, PNorm = 127.0237, GNorm = 0.2959, lr_0 = 2.7046e-04
Loss = 6.0061e-03, PNorm = 127.0247, GNorm = 1.0936, lr_0 = 2.7035e-04
Loss = 6.0403e-03, PNorm = 127.0247, GNorm = 0.1976, lr_0 = 2.7025e-04
Loss = 5.9316e-03, PNorm = 127.0257, GNorm = 0.1554, lr_0 = 2.7015e-04
Loss = 4.9809e-03, PNorm = 127.0276, GNorm = 0.2033, lr_0 = 2.7004e-04
Loss = 7.6001e-03, PNorm = 127.0299, GNorm = 0.2988, lr_0 = 2.6994e-04
Loss = 6.6303e-03, PNorm = 127.0328, GNorm = 0.2687, lr_0 = 2.6984e-04
Loss = 9.5603e-03, PNorm = 127.0355, GNorm = 0.3711, lr_0 = 2.6973e-04
Loss = 6.9745e-03, PNorm = 127.0367, GNorm = 0.3171, lr_0 = 2.6963e-04
Loss = 6.1153e-03, PNorm = 127.0374, GNorm = 0.1932, lr_0 = 2.6952e-04
Loss = 5.3006e-03, PNorm = 127.0380, GNorm = 0.2013, lr_0 = 2.6942e-04
Loss = 6.5055e-03, PNorm = 127.0392, GNorm = 0.1658, lr_0 = 2.6932e-04
Loss = 4.9750e-03, PNorm = 127.0406, GNorm = 0.2079, lr_0 = 2.6921e-04
Loss = 6.4108e-03, PNorm = 127.0416, GNorm = 0.3118, lr_0 = 2.6911e-04
Loss = 5.2121e-03, PNorm = 127.0430, GNorm = 0.4389, lr_0 = 2.6901e-04
Loss = 8.2248e-03, PNorm = 127.0436, GNorm = 0.3337, lr_0 = 2.6890e-04
Loss = 5.9445e-03, PNorm = 127.0441, GNorm = 0.2445, lr_0 = 2.6880e-04
Loss = 5.3709e-03, PNorm = 127.0457, GNorm = 0.4626, lr_0 = 2.6870e-04
Loss = 5.8210e-03, PNorm = 127.0471, GNorm = 0.4877, lr_0 = 2.6859e-04
Loss = 8.7365e-03, PNorm = 127.0472, GNorm = 0.1507, lr_0 = 2.6849e-04
Loss = 4.4725e-03, PNorm = 127.0487, GNorm = 0.2198, lr_0 = 2.6839e-04
Loss = 6.6545e-03, PNorm = 127.0504, GNorm = 0.3150, lr_0 = 2.6828e-04
Loss = 5.6398e-03, PNorm = 127.0521, GNorm = 0.1491, lr_0 = 2.6818e-04
Loss = 6.1485e-03, PNorm = 127.0547, GNorm = 0.2474, lr_0 = 2.6808e-04
Loss = 4.3673e-03, PNorm = 127.0559, GNorm = 0.1723, lr_0 = 2.6797e-04
Loss = 7.2325e-03, PNorm = 127.0568, GNorm = 0.2847, lr_0 = 2.6787e-04
Loss = 7.1287e-03, PNorm = 127.0578, GNorm = 0.1579, lr_0 = 2.6777e-04
Loss = 6.1962e-03, PNorm = 127.0584, GNorm = 0.1366, lr_0 = 2.6766e-04
Loss = 7.1717e-03, PNorm = 127.0585, GNorm = 0.5188, lr_0 = 2.6756e-04
Loss = 8.1232e-03, PNorm = 127.0583, GNorm = 0.2512, lr_0 = 2.6746e-04
Loss = 6.2107e-03, PNorm = 127.0601, GNorm = 0.2085, lr_0 = 2.6736e-04
Loss = 6.0926e-03, PNorm = 127.0618, GNorm = 0.3979, lr_0 = 2.6725e-04
Loss = 4.8726e-03, PNorm = 127.0632, GNorm = 0.2211, lr_0 = 2.6715e-04
Loss = 5.7552e-03, PNorm = 127.0649, GNorm = 0.2449, lr_0 = 2.6705e-04
Loss = 4.5491e-03, PNorm = 127.0666, GNorm = 0.3108, lr_0 = 2.6694e-04
Loss = 4.2277e-03, PNorm = 127.0681, GNorm = 0.1574, lr_0 = 2.6684e-04
Loss = 7.0585e-03, PNorm = 127.0704, GNorm = 0.2667, lr_0 = 2.6674e-04
Loss = 5.7999e-03, PNorm = 127.0724, GNorm = 0.2798, lr_0 = 2.6664e-04
Loss = 5.5440e-03, PNorm = 127.0738, GNorm = 0.3581, lr_0 = 2.6653e-04
Loss = 4.2378e-03, PNorm = 127.0738, GNorm = 0.1685, lr_0 = 2.6643e-04
Loss = 6.3395e-03, PNorm = 127.0747, GNorm = 0.2154, lr_0 = 2.6633e-04
Loss = 5.6615e-03, PNorm = 127.0760, GNorm = 0.3496, lr_0 = 2.6623e-04
Loss = 6.5279e-03, PNorm = 127.0785, GNorm = 0.5885, lr_0 = 2.6612e-04
Loss = 5.8168e-03, PNorm = 127.0796, GNorm = 0.2022, lr_0 = 2.6602e-04
Loss = 6.0887e-03, PNorm = 127.0802, GNorm = 0.3163, lr_0 = 2.6592e-04
Loss = 4.6716e-03, PNorm = 127.0797, GNorm = 0.1209, lr_0 = 2.6582e-04
Loss = 6.2681e-03, PNorm = 127.0804, GNorm = 0.3506, lr_0 = 2.6572e-04
Loss = 6.5902e-03, PNorm = 127.0820, GNorm = 0.4418, lr_0 = 2.6561e-04
Loss = 6.5685e-03, PNorm = 127.0839, GNorm = 0.2488, lr_0 = 2.6551e-04
Loss = 5.6457e-03, PNorm = 127.0867, GNorm = 0.3170, lr_0 = 2.6541e-04
Loss = 5.0393e-03, PNorm = 127.0886, GNorm = 0.3357, lr_0 = 2.6531e-04
Loss = 5.6242e-03, PNorm = 127.0908, GNorm = 0.3193, lr_0 = 2.6521e-04
Loss = 5.6872e-03, PNorm = 127.0930, GNorm = 0.1847, lr_0 = 2.6510e-04
Loss = 5.9344e-03, PNorm = 127.0952, GNorm = 0.4992, lr_0 = 2.6500e-04
Loss = 5.4576e-03, PNorm = 127.0966, GNorm = 0.2047, lr_0 = 2.6490e-04
Loss = 6.2145e-03, PNorm = 127.0981, GNorm = 0.4211, lr_0 = 2.6480e-04
Loss = 5.6308e-03, PNorm = 127.0991, GNorm = 0.2984, lr_0 = 2.6470e-04
Loss = 5.8552e-03, PNorm = 127.1009, GNorm = 0.1948, lr_0 = 2.6459e-04
Loss = 6.4477e-03, PNorm = 127.1020, GNorm = 0.3184, lr_0 = 2.6449e-04
Loss = 7.3252e-03, PNorm = 127.1028, GNorm = 0.2785, lr_0 = 2.6439e-04
Loss = 5.1890e-03, PNorm = 127.1039, GNorm = 0.2185, lr_0 = 2.6429e-04
Loss = 5.7118e-03, PNorm = 127.1058, GNorm = 0.2326, lr_0 = 2.6419e-04
Loss = 5.8762e-03, PNorm = 127.1076, GNorm = 0.2226, lr_0 = 2.6409e-04
Loss = 5.5220e-03, PNorm = 127.1087, GNorm = 0.2524, lr_0 = 2.6398e-04
Loss = 9.3429e-03, PNorm = 127.1095, GNorm = 0.7474, lr_0 = 2.6388e-04
Loss = 5.7766e-03, PNorm = 127.1108, GNorm = 0.4019, lr_0 = 2.6378e-04
Loss = 4.8606e-03, PNorm = 127.1125, GNorm = 0.1454, lr_0 = 2.6368e-04
Loss = 6.3899e-03, PNorm = 127.1140, GNorm = 0.2568, lr_0 = 2.6358e-04
Loss = 4.2321e-03, PNorm = 127.1160, GNorm = 0.3592, lr_0 = 2.6348e-04
Loss = 6.7761e-03, PNorm = 127.1176, GNorm = 0.3280, lr_0 = 2.6338e-04
Loss = 5.3845e-03, PNorm = 127.1171, GNorm = 0.4280, lr_0 = 2.6327e-04
Loss = 5.6514e-03, PNorm = 127.1163, GNorm = 0.3214, lr_0 = 2.6317e-04
Loss = 6.2585e-03, PNorm = 127.1172, GNorm = 0.1770, lr_0 = 2.6307e-04
Loss = 5.0794e-03, PNorm = 127.1184, GNorm = 0.1802, lr_0 = 2.6297e-04
Loss = 3.9795e-03, PNorm = 127.1197, GNorm = 0.2568, lr_0 = 2.6287e-04
Loss = 5.9942e-03, PNorm = 127.1206, GNorm = 0.2915, lr_0 = 2.6277e-04
Loss = 7.4078e-03, PNorm = 127.1223, GNorm = 0.3263, lr_0 = 2.6267e-04
Loss = 5.6435e-03, PNorm = 127.1228, GNorm = 0.2329, lr_0 = 2.6257e-04
Loss = 4.6172e-03, PNorm = 127.1221, GNorm = 0.1218, lr_0 = 2.6247e-04
Loss = 6.5283e-03, PNorm = 127.1231, GNorm = 0.3611, lr_0 = 2.6236e-04
Loss = 5.1546e-03, PNorm = 127.1242, GNorm = 0.1999, lr_0 = 2.6226e-04
Loss = 5.1210e-03, PNorm = 127.1238, GNorm = 1.9736, lr_0 = 2.6216e-04
Loss = 5.7514e-03, PNorm = 127.1246, GNorm = 0.3955, lr_0 = 2.6206e-04
Loss = 5.1871e-03, PNorm = 127.1262, GNorm = 0.2174, lr_0 = 2.6196e-04
Loss = 5.7702e-03, PNorm = 127.1280, GNorm = 0.3431, lr_0 = 2.6186e-04
Loss = 5.0923e-03, PNorm = 127.1295, GNorm = 0.1549, lr_0 = 2.6176e-04
Loss = 6.3005e-03, PNorm = 127.1310, GNorm = 0.2997, lr_0 = 2.6166e-04
Loss = 4.5144e-03, PNorm = 127.1324, GNorm = 0.2815, lr_0 = 2.6156e-04
Loss = 5.7876e-03, PNorm = 127.1352, GNorm = 0.4457, lr_0 = 2.6146e-04
Loss = 4.7507e-03, PNorm = 127.1358, GNorm = 0.3433, lr_0 = 2.6136e-04
Loss = 5.0725e-03, PNorm = 127.1365, GNorm = 0.5367, lr_0 = 2.6126e-04
Loss = 6.0038e-03, PNorm = 127.1379, GNorm = 0.4164, lr_0 = 2.6116e-04
Loss = 9.3649e-03, PNorm = 127.1391, GNorm = 0.2445, lr_0 = 2.6106e-04
Loss = 6.5413e-03, PNorm = 127.1408, GNorm = 0.1701, lr_0 = 2.6096e-04
Loss = 6.2266e-03, PNorm = 127.1425, GNorm = 0.2000, lr_0 = 2.6086e-04
Loss = 5.3836e-03, PNorm = 127.1439, GNorm = 0.3077, lr_0 = 2.6075e-04
Loss = 4.7264e-03, PNorm = 127.1452, GNorm = 0.2246, lr_0 = 2.6065e-04
Loss = 4.7077e-03, PNorm = 127.1461, GNorm = 0.3622, lr_0 = 2.6055e-04
Loss = 8.9737e-03, PNorm = 127.1473, GNorm = 0.2019, lr_0 = 2.6045e-04
Loss = 8.9146e-03, PNorm = 127.1501, GNorm = 0.2555, lr_0 = 2.6035e-04
Loss = 6.6711e-03, PNorm = 127.1538, GNorm = 0.2830, lr_0 = 2.6025e-04
Loss = 7.8477e-03, PNorm = 127.1571, GNorm = 0.1301, lr_0 = 2.6015e-04
Loss = 5.2748e-03, PNorm = 127.1589, GNorm = 0.2722, lr_0 = 2.6005e-04
Loss = 8.0842e-03, PNorm = 127.1603, GNorm = 0.3870, lr_0 = 2.5995e-04
Loss = 7.4526e-03, PNorm = 127.1619, GNorm = 0.2354, lr_0 = 2.5985e-04
Loss = 5.6895e-03, PNorm = 127.1633, GNorm = 0.2964, lr_0 = 2.5975e-04
Loss = 4.8159e-03, PNorm = 127.1642, GNorm = 0.1440, lr_0 = 2.5965e-04
Loss = 4.8775e-03, PNorm = 127.1656, GNorm = 0.1826, lr_0 = 2.5955e-04
Loss = 4.9369e-03, PNorm = 127.1679, GNorm = 0.5992, lr_0 = 2.5945e-04
Loss = 4.9493e-03, PNorm = 127.1699, GNorm = 0.1746, lr_0 = 2.5935e-04
Loss = 6.2057e-03, PNorm = 127.1718, GNorm = 0.4730, lr_0 = 2.5925e-04
Loss = 7.0430e-03, PNorm = 127.1732, GNorm = 0.3710, lr_0 = 2.5916e-04
Loss = 4.2542e-03, PNorm = 127.1744, GNorm = 0.2825, lr_0 = 2.5906e-04
Loss = 6.7663e-03, PNorm = 127.1775, GNorm = 0.2528, lr_0 = 2.5896e-04
Loss = 7.0421e-03, PNorm = 127.1797, GNorm = 0.2193, lr_0 = 2.5886e-04
Loss = 4.3902e-03, PNorm = 127.1809, GNorm = 0.3304, lr_0 = 2.5876e-04
Loss = 5.9264e-03, PNorm = 127.1828, GNorm = 0.2474, lr_0 = 2.5866e-04
Loss = 1.0146e-02, PNorm = 127.1848, GNorm = 0.2000, lr_0 = 2.5856e-04
Loss = 6.4919e-03, PNorm = 127.1864, GNorm = 0.3258, lr_0 = 2.5846e-04
Loss = 5.6524e-03, PNorm = 127.1876, GNorm = 0.2799, lr_0 = 2.5836e-04
Loss = 7.0338e-03, PNorm = 127.1879, GNorm = 0.4167, lr_0 = 2.5826e-04
Loss = 7.1735e-03, PNorm = 127.1887, GNorm = 0.4625, lr_0 = 2.5816e-04
Loss = 5.7475e-03, PNorm = 127.1893, GNorm = 0.6558, lr_0 = 2.5806e-04
Loss = 1.0078e-02, PNorm = 127.1908, GNorm = 0.1551, lr_0 = 2.5796e-04
Loss = 7.1960e-03, PNorm = 127.1915, GNorm = 0.3460, lr_0 = 2.5786e-04
Loss = 5.6855e-03, PNorm = 127.1922, GNorm = 0.5618, lr_0 = 2.5776e-04
Loss = 7.7160e-03, PNorm = 127.1948, GNorm = 0.2334, lr_0 = 2.5766e-04
Loss = 7.5216e-03, PNorm = 127.1971, GNorm = 0.4379, lr_0 = 2.5757e-04
Loss = 8.8610e-03, PNorm = 127.1988, GNorm = 0.1954, lr_0 = 2.5747e-04
Loss = 5.7788e-03, PNorm = 127.1999, GNorm = 0.2681, lr_0 = 2.5737e-04
Loss = 6.0733e-03, PNorm = 127.2018, GNorm = 0.4556, lr_0 = 2.5727e-04
Loss = 9.4247e-03, PNorm = 127.2035, GNorm = 0.2984, lr_0 = 2.5717e-04
Loss = 6.4263e-03, PNorm = 127.2049, GNorm = 0.2628, lr_0 = 2.5707e-04
Loss = 7.2539e-03, PNorm = 127.2067, GNorm = 0.1493, lr_0 = 2.5697e-04
Loss = 5.9525e-03, PNorm = 127.2081, GNorm = 0.2593, lr_0 = 2.5687e-04
Loss = 4.9685e-03, PNorm = 127.2088, GNorm = 0.1814, lr_0 = 2.5677e-04
Loss = 5.3456e-03, PNorm = 127.2093, GNorm = 0.3424, lr_0 = 2.5668e-04
Loss = 7.6859e-03, PNorm = 127.2098, GNorm = 0.2515, lr_0 = 2.5658e-04
Loss = 5.8616e-03, PNorm = 127.2104, GNorm = 0.4716, lr_0 = 2.5648e-04
Loss = 4.6647e-03, PNorm = 127.2120, GNorm = 0.6039, lr_0 = 2.5638e-04
Loss = 5.2903e-03, PNorm = 127.2134, GNorm = 0.2289, lr_0 = 2.5628e-04
Loss = 6.1793e-03, PNorm = 127.2142, GNorm = 0.1232, lr_0 = 2.5618e-04
Loss = 7.6463e-03, PNorm = 127.2147, GNorm = 0.2357, lr_0 = 2.5608e-04
Loss = 5.9211e-03, PNorm = 127.2160, GNorm = 0.3431, lr_0 = 2.5599e-04
Loss = 6.9337e-03, PNorm = 127.2167, GNorm = 0.3836, lr_0 = 2.5589e-04
Loss = 5.8378e-03, PNorm = 127.2178, GNorm = 0.2063, lr_0 = 2.5579e-04
Loss = 5.4712e-03, PNorm = 127.2186, GNorm = 0.2580, lr_0 = 2.5569e-04
Loss = 6.1567e-03, PNorm = 127.2205, GNorm = 0.2783, lr_0 = 2.5559e-04
Loss = 9.3238e-03, PNorm = 127.2216, GNorm = 0.2436, lr_0 = 2.5549e-04
Loss = 6.9385e-03, PNorm = 127.2241, GNorm = 0.3370, lr_0 = 2.5540e-04
Loss = 6.4286e-03, PNorm = 127.2264, GNorm = 0.1563, lr_0 = 2.5530e-04
Loss = 4.8429e-03, PNorm = 127.2269, GNorm = 0.2577, lr_0 = 2.5520e-04
Loss = 5.5855e-03, PNorm = 127.2273, GNorm = 0.4635, lr_0 = 2.5510e-04
Loss = 7.2141e-03, PNorm = 127.2283, GNorm = 0.1254, lr_0 = 2.5500e-04
Loss = 5.5387e-03, PNorm = 127.2308, GNorm = 0.1823, lr_0 = 2.5490e-04
Loss = 5.9505e-03, PNorm = 127.2333, GNorm = 0.3042, lr_0 = 2.5481e-04
Loss = 5.0570e-03, PNorm = 127.2352, GNorm = 0.3016, lr_0 = 2.5471e-04
Loss = 5.2353e-03, PNorm = 127.2365, GNorm = 0.2626, lr_0 = 2.5461e-04
Loss = 4.6033e-03, PNorm = 127.2384, GNorm = 0.2957, lr_0 = 2.5451e-04
Loss = 9.7496e-03, PNorm = 127.2388, GNorm = 0.1510, lr_0 = 2.5441e-04
Loss = 5.6041e-03, PNorm = 127.2397, GNorm = 0.2727, lr_0 = 2.5432e-04
Loss = 4.1480e-03, PNorm = 127.2405, GNorm = 0.2924, lr_0 = 2.5422e-04
Loss = 7.4961e-03, PNorm = 127.2419, GNorm = 0.2617, lr_0 = 2.5412e-04
Loss = 6.1244e-03, PNorm = 127.2434, GNorm = 0.2212, lr_0 = 2.5402e-04
Loss = 5.0316e-03, PNorm = 127.2436, GNorm = 0.3399, lr_0 = 2.5393e-04
Loss = 6.9820e-03, PNorm = 127.2447, GNorm = 0.2648, lr_0 = 2.5383e-04
Loss = 4.9305e-03, PNorm = 127.2467, GNorm = 0.1577, lr_0 = 2.5373e-04
Loss = 5.1321e-03, PNorm = 127.2487, GNorm = 1.6554, lr_0 = 2.5363e-04
Loss = 5.5969e-03, PNorm = 127.2507, GNorm = 0.3509, lr_0 = 2.5354e-04
Loss = 5.5851e-03, PNorm = 127.2526, GNorm = 0.3643, lr_0 = 2.5344e-04
Loss = 4.5222e-03, PNorm = 127.2543, GNorm = 0.1908, lr_0 = 2.5334e-04
Loss = 6.7869e-03, PNorm = 127.2551, GNorm = 0.4061, lr_0 = 2.5324e-04
Loss = 4.7262e-03, PNorm = 127.2548, GNorm = 0.2562, lr_0 = 2.5315e-04
Loss = 6.9285e-03, PNorm = 127.2549, GNorm = 0.6317, lr_0 = 2.5305e-04
Loss = 5.0859e-03, PNorm = 127.2574, GNorm = 0.5905, lr_0 = 2.5295e-04
Loss = 5.9105e-03, PNorm = 127.2601, GNorm = 0.2993, lr_0 = 2.5285e-04
Loss = 3.9212e-03, PNorm = 127.2632, GNorm = 0.2313, lr_0 = 2.5276e-04
Loss = 5.1893e-03, PNorm = 127.2652, GNorm = 0.2710, lr_0 = 2.5266e-04
Loss = 5.2600e-03, PNorm = 127.2659, GNorm = 0.1789, lr_0 = 2.5256e-04
Loss = 4.7702e-03, PNorm = 127.2661, GNorm = 0.4414, lr_0 = 2.5247e-04
Loss = 5.1677e-03, PNorm = 127.2665, GNorm = 0.2634, lr_0 = 2.5237e-04
Loss = 5.7402e-03, PNorm = 127.2669, GNorm = 0.2961, lr_0 = 2.5227e-04
Loss = 6.2273e-03, PNorm = 127.2679, GNorm = 0.1566, lr_0 = 2.5217e-04
Loss = 4.8692e-03, PNorm = 127.2695, GNorm = 0.1771, lr_0 = 2.5208e-04
Loss = 4.1289e-03, PNorm = 127.2708, GNorm = 0.1257, lr_0 = 2.5198e-04
Loss = 8.2331e-03, PNorm = 127.2725, GNorm = 0.6985, lr_0 = 2.5188e-04
Loss = 5.8591e-03, PNorm = 127.2731, GNorm = 0.1810, lr_0 = 2.5179e-04
Loss = 4.6820e-03, PNorm = 127.2731, GNorm = 0.1602, lr_0 = 2.5169e-04
Loss = 6.9294e-03, PNorm = 127.2748, GNorm = 0.2019, lr_0 = 2.5159e-04
Loss = 6.5288e-03, PNorm = 127.2772, GNorm = 0.2096, lr_0 = 2.5150e-04
Loss = 6.3688e-03, PNorm = 127.2790, GNorm = 0.3578, lr_0 = 2.5140e-04
Loss = 6.1228e-03, PNorm = 127.2803, GNorm = 0.2733, lr_0 = 2.5130e-04
Loss = 5.0544e-03, PNorm = 127.2825, GNorm = 0.2043, lr_0 = 2.5121e-04
Loss = 7.4610e-03, PNorm = 127.2840, GNorm = 0.2647, lr_0 = 2.5111e-04
Loss = 5.1329e-03, PNorm = 127.2854, GNorm = 0.4285, lr_0 = 2.5101e-04
Loss = 4.9441e-03, PNorm = 127.2873, GNorm = 0.2726, lr_0 = 2.5092e-04
Loss = 4.8494e-03, PNorm = 127.2899, GNorm = 0.2197, lr_0 = 2.5082e-04
Loss = 5.5295e-03, PNorm = 127.2924, GNorm = 0.2134, lr_0 = 2.5072e-04
Loss = 6.3224e-03, PNorm = 127.2954, GNorm = 0.1681, lr_0 = 2.5063e-04
Loss = 9.3626e-03, PNorm = 127.2982, GNorm = 0.3535, lr_0 = 2.5053e-04
Loss = 5.4820e-03, PNorm = 127.2995, GNorm = 0.2047, lr_0 = 2.5043e-04
Loss = 9.2506e-03, PNorm = 127.3024, GNorm = 0.3255, lr_0 = 2.5034e-04
Loss = 5.4116e-03, PNorm = 127.3051, GNorm = 0.1771, lr_0 = 2.5024e-04
Loss = 6.5066e-03, PNorm = 127.3059, GNorm = 0.5360, lr_0 = 2.5015e-04
Loss = 5.5568e-03, PNorm = 127.3069, GNorm = 0.3164, lr_0 = 2.5005e-04
Loss = 6.0489e-03, PNorm = 127.3073, GNorm = 0.1904, lr_0 = 2.4995e-04
Loss = 5.1175e-03, PNorm = 127.3085, GNorm = 0.2465, lr_0 = 2.4986e-04
Loss = 5.2780e-03, PNorm = 127.3085, GNorm = 0.9861, lr_0 = 2.4976e-04
Loss = 4.4938e-03, PNorm = 127.3075, GNorm = 0.1514, lr_0 = 2.4966e-04
Loss = 7.5951e-03, PNorm = 127.3067, GNorm = 0.3923, lr_0 = 2.4957e-04
Loss = 6.8052e-03, PNorm = 127.3089, GNorm = 0.4827, lr_0 = 2.4947e-04
Loss = 6.1060e-03, PNorm = 127.3108, GNorm = 0.3286, lr_0 = 2.4938e-04
Loss = 5.0424e-03, PNorm = 127.3137, GNorm = 0.2647, lr_0 = 2.4928e-04
Loss = 3.8612e-03, PNorm = 127.3150, GNorm = 0.2042, lr_0 = 2.4919e-04
Loss = 5.1892e-03, PNorm = 127.3154, GNorm = 0.2203, lr_0 = 2.4909e-04
Loss = 5.3050e-03, PNorm = 127.3158, GNorm = 0.1715, lr_0 = 2.4899e-04
Loss = 4.6840e-03, PNorm = 127.3156, GNorm = 0.3900, lr_0 = 2.4890e-04
Loss = 6.3020e-03, PNorm = 127.3160, GNorm = 0.5561, lr_0 = 2.4880e-04
Loss = 5.9492e-03, PNorm = 127.3173, GNorm = 0.2793, lr_0 = 2.4871e-04
Loss = 4.6968e-03, PNorm = 127.3172, GNorm = 0.2785, lr_0 = 2.4861e-04
Loss = 3.7536e-03, PNorm = 127.3178, GNorm = 0.2506, lr_0 = 2.4852e-04
Loss = 6.3173e-03, PNorm = 127.3197, GNorm = 0.1527, lr_0 = 2.4842e-04
Loss = 4.2297e-03, PNorm = 127.3221, GNorm = 0.3045, lr_0 = 2.4832e-04
Loss = 5.4228e-03, PNorm = 127.3229, GNorm = 0.1847, lr_0 = 2.4823e-04
Loss = 5.0768e-03, PNorm = 127.3221, GNorm = 0.1422, lr_0 = 2.4813e-04
Loss = 5.4538e-03, PNorm = 127.3226, GNorm = 0.3134, lr_0 = 2.4804e-04
Loss = 3.5800e-03, PNorm = 127.3231, GNorm = 0.1959, lr_0 = 2.4794e-04
Loss = 5.3166e-03, PNorm = 127.3249, GNorm = 0.1851, lr_0 = 2.4785e-04
Loss = 4.1765e-03, PNorm = 127.3257, GNorm = 0.4041, lr_0 = 2.4775e-04
Loss = 6.1200e-03, PNorm = 127.3260, GNorm = 0.4960, lr_0 = 2.4766e-04
Loss = 3.8722e-03, PNorm = 127.3275, GNorm = 0.1700, lr_0 = 2.4756e-04
Loss = 8.1041e-03, PNorm = 127.3285, GNorm = 0.2828, lr_0 = 2.4747e-04
Loss = 4.7125e-03, PNorm = 127.3308, GNorm = 0.3751, lr_0 = 2.4737e-04
Loss = 3.2569e-03, PNorm = 127.3329, GNorm = 0.1942, lr_0 = 2.4728e-04
Loss = 7.6521e-03, PNorm = 127.3347, GNorm = 0.2969, lr_0 = 2.4718e-04
Loss = 5.5950e-03, PNorm = 127.3358, GNorm = 0.1716, lr_0 = 2.4709e-04
Loss = 5.4507e-03, PNorm = 127.3375, GNorm = 0.1799, lr_0 = 2.4699e-04
Loss = 7.0494e-03, PNorm = 127.3387, GNorm = 0.1209, lr_0 = 2.4690e-04
Loss = 5.3648e-03, PNorm = 127.3398, GNorm = 0.2444, lr_0 = 2.4680e-04
Loss = 6.5333e-03, PNorm = 127.3400, GNorm = 0.4964, lr_0 = 2.4671e-04
Loss = 4.9755e-03, PNorm = 127.3407, GNorm = 0.1814, lr_0 = 2.4661e-04
Loss = 6.2053e-03, PNorm = 127.3402, GNorm = 0.2794, lr_0 = 2.4652e-04
Loss = 5.7635e-03, PNorm = 127.3392, GNorm = 0.2157, lr_0 = 2.4642e-04
Loss = 5.2924e-03, PNorm = 127.3397, GNorm = 0.2641, lr_0 = 2.4633e-04
Loss = 4.9612e-03, PNorm = 127.3407, GNorm = 0.2450, lr_0 = 2.4623e-04
Loss = 6.8573e-03, PNorm = 127.3434, GNorm = 0.3103, lr_0 = 2.4614e-04
Loss = 5.7188e-03, PNorm = 127.3458, GNorm = 0.4064, lr_0 = 2.4604e-04
Loss = 6.7194e-03, PNorm = 127.3472, GNorm = 0.2365, lr_0 = 2.4595e-04
Loss = 5.0330e-03, PNorm = 127.3473, GNorm = 0.1302, lr_0 = 2.4585e-04
Loss = 5.2502e-03, PNorm = 127.3487, GNorm = 0.1710, lr_0 = 2.4576e-04
Loss = 8.8193e-03, PNorm = 127.3508, GNorm = 0.3049, lr_0 = 2.4566e-04
Loss = 4.6853e-03, PNorm = 127.3520, GNorm = 0.2590, lr_0 = 2.4557e-04
Loss = 4.1365e-03, PNorm = 127.3540, GNorm = 0.2846, lr_0 = 2.4548e-04
Loss = 5.3001e-03, PNorm = 127.3556, GNorm = 0.2046, lr_0 = 2.4538e-04
Loss = 4.7755e-03, PNorm = 127.3571, GNorm = 0.1392, lr_0 = 2.4529e-04
Loss = 5.9626e-03, PNorm = 127.3579, GNorm = 0.2151, lr_0 = 2.4519e-04
Loss = 4.9907e-03, PNorm = 127.3584, GNorm = 0.3288, lr_0 = 2.4510e-04
Loss = 8.1290e-03, PNorm = 127.3586, GNorm = 0.2841, lr_0 = 2.4500e-04
Loss = 4.4376e-03, PNorm = 127.3595, GNorm = 0.0958, lr_0 = 2.4491e-04
Loss = 1.0279e-02, PNorm = 127.3614, GNorm = 0.2116, lr_0 = 2.4482e-04
Loss = 5.2719e-03, PNorm = 127.3626, GNorm = 0.4091, lr_0 = 2.4472e-04
Loss = 6.2245e-03, PNorm = 127.3639, GNorm = 0.3932, lr_0 = 2.4463e-04
Loss = 5.1825e-03, PNorm = 127.3641, GNorm = 0.2675, lr_0 = 2.4453e-04
Loss = 4.2691e-03, PNorm = 127.3643, GNorm = 0.1603, lr_0 = 2.4444e-04
Loss = 5.3692e-03, PNorm = 127.3666, GNorm = 0.1862, lr_0 = 2.4435e-04
Loss = 5.4435e-03, PNorm = 127.3687, GNorm = 0.2497, lr_0 = 2.4425e-04
Loss = 4.9840e-03, PNorm = 127.3701, GNorm = 0.6081, lr_0 = 2.4416e-04
Loss = 4.8696e-03, PNorm = 127.3710, GNorm = 0.4533, lr_0 = 2.4406e-04
Loss = 7.6740e-03, PNorm = 127.3727, GNorm = 0.5351, lr_0 = 2.4397e-04
Loss = 5.0577e-03, PNorm = 127.3739, GNorm = 0.2181, lr_0 = 2.4388e-04
Loss = 6.6486e-03, PNorm = 127.3745, GNorm = 0.2795, lr_0 = 2.4378e-04
Loss = 5.4634e-03, PNorm = 127.3757, GNorm = 0.4674, lr_0 = 2.4369e-04
Loss = 7.6193e-03, PNorm = 127.3786, GNorm = 0.5463, lr_0 = 2.4359e-04
Loss = 6.0397e-03, PNorm = 127.3803, GNorm = 0.1745, lr_0 = 2.4350e-04
Loss = 5.6652e-03, PNorm = 127.3818, GNorm = 0.4843, lr_0 = 2.4341e-04
Loss = 6.1612e-03, PNorm = 127.3837, GNorm = 0.1544, lr_0 = 2.4331e-04
Loss = 6.8324e-03, PNorm = 127.3848, GNorm = 0.4878, lr_0 = 2.4322e-04
Loss = 3.8445e-03, PNorm = 127.3852, GNorm = 0.2706, lr_0 = 2.4313e-04
Loss = 6.3343e-03, PNorm = 127.3860, GNorm = 0.4075, lr_0 = 2.4303e-04
Loss = 6.6988e-03, PNorm = 127.3868, GNorm = 0.1808, lr_0 = 2.4294e-04
Loss = 5.7669e-03, PNorm = 127.3872, GNorm = 0.3475, lr_0 = 2.4285e-04
Loss = 4.7822e-03, PNorm = 127.3881, GNorm = 0.2280, lr_0 = 2.4275e-04
Loss = 3.6148e-03, PNorm = 127.3882, GNorm = 0.5289, lr_0 = 2.4266e-04
Loss = 4.4835e-03, PNorm = 127.3887, GNorm = 0.3299, lr_0 = 2.4257e-04
Loss = 7.9399e-03, PNorm = 127.3889, GNorm = 0.3760, lr_0 = 2.4247e-04
Loss = 3.9917e-03, PNorm = 127.3893, GNorm = 0.2027, lr_0 = 2.4238e-04
Loss = 4.9948e-03, PNorm = 127.3908, GNorm = 0.1399, lr_0 = 2.4229e-04
Loss = 5.9326e-03, PNorm = 127.3923, GNorm = 0.2736, lr_0 = 2.4219e-04
Loss = 4.1871e-03, PNorm = 127.3941, GNorm = 0.1180, lr_0 = 2.4210e-04
Loss = 5.3174e-03, PNorm = 127.3951, GNorm = 0.5782, lr_0 = 2.4201e-04
Loss = 6.0687e-03, PNorm = 127.3959, GNorm = 0.1974, lr_0 = 2.4191e-04
Loss = 4.5959e-03, PNorm = 127.3969, GNorm = 0.1662, lr_0 = 2.4182e-04
Loss = 6.2070e-03, PNorm = 127.3982, GNorm = 1.1164, lr_0 = 2.4173e-04
Loss = 5.1394e-03, PNorm = 127.3995, GNorm = 0.1330, lr_0 = 2.4163e-04
Loss = 5.4590e-03, PNorm = 127.4007, GNorm = 0.1577, lr_0 = 2.4154e-04
Loss = 5.8245e-03, PNorm = 127.4008, GNorm = 0.2936, lr_0 = 2.4145e-04
Loss = 4.7980e-03, PNorm = 127.4026, GNorm = 0.3216, lr_0 = 2.4136e-04
Loss = 3.7961e-03, PNorm = 127.4040, GNorm = 0.2353, lr_0 = 2.4126e-04
Loss = 6.1576e-03, PNorm = 127.4056, GNorm = 0.3411, lr_0 = 2.4117e-04
Loss = 5.5874e-03, PNorm = 127.4073, GNorm = 0.1746, lr_0 = 2.4108e-04
Loss = 4.8301e-03, PNorm = 127.4084, GNorm = 0.1732, lr_0 = 2.4099e-04
Loss = 5.1691e-03, PNorm = 127.4086, GNorm = 0.4600, lr_0 = 2.4089e-04
Loss = 5.8435e-03, PNorm = 127.4094, GNorm = 0.2350, lr_0 = 2.4080e-04
Loss = 6.5005e-03, PNorm = 127.4112, GNorm = 0.4286, lr_0 = 2.4071e-04
Loss = 7.0893e-03, PNorm = 127.4122, GNorm = 0.2168, lr_0 = 2.4061e-04
Loss = 4.3888e-03, PNorm = 127.4144, GNorm = 0.2183, lr_0 = 2.4052e-04
Loss = 5.0072e-03, PNorm = 127.4170, GNorm = 0.2083, lr_0 = 2.4043e-04
Loss = 5.9551e-03, PNorm = 127.4188, GNorm = 0.3627, lr_0 = 2.4034e-04
Loss = 6.1320e-03, PNorm = 127.4214, GNorm = 0.3121, lr_0 = 2.4024e-04
Loss = 4.4276e-03, PNorm = 127.4224, GNorm = 0.2208, lr_0 = 2.4015e-04
Loss = 6.3391e-03, PNorm = 127.4233, GNorm = 0.1272, lr_0 = 2.4006e-04
Loss = 5.9998e-03, PNorm = 127.4244, GNorm = 0.3746, lr_0 = 2.3997e-04
Loss = 6.4473e-03, PNorm = 127.4257, GNorm = 0.3219, lr_0 = 2.3988e-04
Loss = 4.4509e-03, PNorm = 127.4276, GNorm = 0.1982, lr_0 = 2.3978e-04
Loss = 5.2166e-03, PNorm = 127.4293, GNorm = 0.6241, lr_0 = 2.3969e-04
Loss = 4.1368e-03, PNorm = 127.4307, GNorm = 0.1497, lr_0 = 2.3960e-04
Loss = 5.2730e-03, PNorm = 127.4317, GNorm = 0.4313, lr_0 = 2.3951e-04
Loss = 6.1089e-03, PNorm = 127.4323, GNorm = 0.1583, lr_0 = 2.3941e-04
Loss = 4.2130e-03, PNorm = 127.4313, GNorm = 0.2040, lr_0 = 2.3932e-04
Loss = 5.1452e-03, PNorm = 127.4309, GNorm = 0.2865, lr_0 = 2.3923e-04
Loss = 4.4500e-03, PNorm = 127.4307, GNorm = 0.3061, lr_0 = 2.3914e-04
Loss = 4.1908e-03, PNorm = 127.4313, GNorm = 0.6379, lr_0 = 2.3905e-04
Loss = 5.3373e-03, PNorm = 127.4316, GNorm = 0.1212, lr_0 = 2.3895e-04
Loss = 7.1385e-03, PNorm = 127.4327, GNorm = 0.3057, lr_0 = 2.3886e-04
Loss = 4.8644e-03, PNorm = 127.4351, GNorm = 0.2745, lr_0 = 2.3877e-04
Loss = 4.4947e-03, PNorm = 127.4371, GNorm = 0.3441, lr_0 = 2.3868e-04
Loss = 6.2496e-03, PNorm = 127.4390, GNorm = 0.3132, lr_0 = 2.3859e-04
Loss = 4.1938e-03, PNorm = 127.4411, GNorm = 0.1901, lr_0 = 2.3850e-04
Loss = 6.6536e-03, PNorm = 127.4428, GNorm = 0.2158, lr_0 = 2.3840e-04
Loss = 5.2323e-03, PNorm = 127.4450, GNorm = 0.2236, lr_0 = 2.3831e-04
Loss = 3.9569e-03, PNorm = 127.4463, GNorm = 0.2482, lr_0 = 2.3822e-04
Loss = 5.4956e-03, PNorm = 127.4474, GNorm = 0.5878, lr_0 = 2.3813e-04
Loss = 3.7431e-03, PNorm = 127.4479, GNorm = 0.4076, lr_0 = 2.3804e-04
Loss = 4.5200e-03, PNorm = 127.4477, GNorm = 0.1622, lr_0 = 2.3795e-04
Loss = 4.3025e-03, PNorm = 127.4470, GNorm = 0.1217, lr_0 = 2.3785e-04
Loss = 5.2545e-03, PNorm = 127.4478, GNorm = 0.1740, lr_0 = 2.3776e-04
Loss = 6.2728e-03, PNorm = 127.4501, GNorm = 0.3905, lr_0 = 2.3767e-04
Loss = 6.1683e-03, PNorm = 127.4519, GNorm = 0.4182, lr_0 = 2.3758e-04
Loss = 6.5394e-03, PNorm = 127.4538, GNorm = 0.1704, lr_0 = 2.3749e-04
Loss = 8.7836e-03, PNorm = 127.4555, GNorm = 0.1783, lr_0 = 2.3740e-04
Loss = 4.9548e-03, PNorm = 127.4577, GNorm = 0.1533, lr_0 = 2.3731e-04
Loss = 4.5744e-03, PNorm = 127.4599, GNorm = 0.1675, lr_0 = 2.3721e-04
Loss = 4.8360e-03, PNorm = 127.4607, GNorm = 0.1711, lr_0 = 2.3712e-04
Loss = 3.7991e-03, PNorm = 127.4615, GNorm = 0.1823, lr_0 = 2.3703e-04
Loss = 4.3499e-03, PNorm = 127.4614, GNorm = 0.4841, lr_0 = 2.3694e-04
Loss = 4.8484e-03, PNorm = 127.4619, GNorm = 0.2581, lr_0 = 2.3685e-04
Loss = 5.0726e-03, PNorm = 127.4627, GNorm = 0.2714, lr_0 = 2.3676e-04
Loss = 6.7894e-03, PNorm = 127.4636, GNorm = 0.2640, lr_0 = 2.3667e-04
Loss = 4.2558e-03, PNorm = 127.4636, GNorm = 0.1701, lr_0 = 2.3658e-04
Loss = 8.3254e-03, PNorm = 127.4646, GNorm = 0.6678, lr_0 = 2.3649e-04
Loss = 4.5197e-03, PNorm = 127.4663, GNorm = 0.2554, lr_0 = 2.3640e-04
Loss = 6.1998e-03, PNorm = 127.4672, GNorm = 0.1836, lr_0 = 2.3630e-04
Loss = 5.2519e-03, PNorm = 127.4679, GNorm = 0.3105, lr_0 = 2.3621e-04
Loss = 5.1268e-03, PNorm = 127.4695, GNorm = 0.2637, lr_0 = 2.3612e-04
Loss = 5.7680e-03, PNorm = 127.4714, GNorm = 0.1631, lr_0 = 2.3603e-04
Loss = 5.3875e-03, PNorm = 127.4736, GNorm = 0.4747, lr_0 = 2.3594e-04
Loss = 4.2451e-03, PNorm = 127.4753, GNorm = 0.3238, lr_0 = 2.3585e-04
Loss = 4.0003e-03, PNorm = 127.4757, GNorm = 0.1739, lr_0 = 2.3576e-04
Loss = 5.2955e-03, PNorm = 127.4767, GNorm = 0.3377, lr_0 = 2.3567e-04
Loss = 4.7522e-03, PNorm = 127.4771, GNorm = 0.2055, lr_0 = 2.3558e-04
Loss = 6.9338e-03, PNorm = 127.4788, GNorm = 0.3429, lr_0 = 2.3549e-04
Loss = 5.6858e-03, PNorm = 127.4815, GNorm = 0.1577, lr_0 = 2.3540e-04
Loss = 9.8836e-03, PNorm = 127.4836, GNorm = 0.3357, lr_0 = 2.3531e-04
Loss = 4.7931e-03, PNorm = 127.4863, GNorm = 0.3032, lr_0 = 2.3522e-04
Loss = 5.0552e-03, PNorm = 127.4882, GNorm = 0.1342, lr_0 = 2.3513e-04
Loss = 5.0283e-03, PNorm = 127.4889, GNorm = 0.2854, lr_0 = 2.3504e-04
Loss = 5.0407e-03, PNorm = 127.4905, GNorm = 0.6342, lr_0 = 2.3494e-04
Loss = 5.2173e-03, PNorm = 127.4925, GNorm = 0.5142, lr_0 = 2.3485e-04
Loss = 5.5592e-03, PNorm = 127.4939, GNorm = 0.2228, lr_0 = 2.3476e-04
Loss = 4.2418e-03, PNorm = 127.4949, GNorm = 0.1460, lr_0 = 2.3467e-04
Loss = 5.8632e-03, PNorm = 127.4960, GNorm = 0.1776, lr_0 = 2.3458e-04
Loss = 5.8835e-03, PNorm = 127.4973, GNorm = 0.3675, lr_0 = 2.3449e-04
Loss = 7.4927e-03, PNorm = 127.4992, GNorm = 0.3896, lr_0 = 2.3440e-04
Loss = 5.4211e-03, PNorm = 127.5003, GNorm = 0.2724, lr_0 = 2.3431e-04
Loss = 4.7706e-03, PNorm = 127.5013, GNorm = 0.1684, lr_0 = 2.3422e-04
Loss = 6.5444e-03, PNorm = 127.5022, GNorm = 0.1441, lr_0 = 2.3413e-04
Loss = 3.1695e-03, PNorm = 127.5036, GNorm = 0.2009, lr_0 = 2.3404e-04
Loss = 6.8859e-03, PNorm = 127.5046, GNorm = 0.1062, lr_0 = 2.3395e-04
Loss = 3.9285e-03, PNorm = 127.5055, GNorm = 0.1914, lr_0 = 2.3386e-04
Loss = 6.6535e-03, PNorm = 127.5059, GNorm = 0.2376, lr_0 = 2.3377e-04
Loss = 5.5245e-03, PNorm = 127.5068, GNorm = 0.2694, lr_0 = 2.3368e-04
Loss = 5.0352e-03, PNorm = 127.5091, GNorm = 0.1587, lr_0 = 2.3359e-04
Loss = 5.5137e-03, PNorm = 127.5104, GNorm = 0.2374, lr_0 = 2.3350e-04
Loss = 4.5430e-03, PNorm = 127.5119, GNorm = 0.2129, lr_0 = 2.3341e-04
Loss = 4.9357e-03, PNorm = 127.5125, GNorm = 0.3242, lr_0 = 2.3332e-04
Loss = 5.0467e-03, PNorm = 127.5128, GNorm = 0.2901, lr_0 = 2.3323e-04
Loss = 4.6233e-03, PNorm = 127.5139, GNorm = 0.4090, lr_0 = 2.3314e-04
Loss = 4.9143e-03, PNorm = 127.5146, GNorm = 0.1923, lr_0 = 2.3305e-04
Loss = 3.2238e-03, PNorm = 127.5136, GNorm = 0.2086, lr_0 = 2.3297e-04
Loss = 5.1911e-03, PNorm = 127.5137, GNorm = 0.1924, lr_0 = 2.3288e-04
Loss = 5.3577e-03, PNorm = 127.5142, GNorm = 0.4060, lr_0 = 2.3279e-04
Loss = 4.0922e-03, PNorm = 127.5157, GNorm = 0.1016, lr_0 = 2.3270e-04
Loss = 4.8679e-03, PNorm = 127.5178, GNorm = 0.2468, lr_0 = 2.3261e-04
Loss = 7.0720e-03, PNorm = 127.5187, GNorm = 0.8257, lr_0 = 2.3252e-04
Loss = 3.7342e-03, PNorm = 127.5190, GNorm = 0.1731, lr_0 = 2.3243e-04
Loss = 3.8964e-03, PNorm = 127.5197, GNorm = 0.3582, lr_0 = 2.3234e-04
Loss = 4.2191e-03, PNorm = 127.5205, GNorm = 0.2100, lr_0 = 2.3225e-04
Loss = 7.2726e-03, PNorm = 127.5226, GNorm = 0.5176, lr_0 = 2.3216e-04
Loss = 3.8971e-03, PNorm = 127.5236, GNorm = 0.2038, lr_0 = 2.3207e-04
Loss = 3.8939e-03, PNorm = 127.5249, GNorm = 0.3485, lr_0 = 2.3198e-04
Loss = 4.8280e-03, PNorm = 127.5257, GNorm = 0.3030, lr_0 = 2.3189e-04
Loss = 4.1580e-03, PNorm = 127.5264, GNorm = 0.3025, lr_0 = 2.3180e-04
Loss = 8.2592e-03, PNorm = 127.5267, GNorm = 0.3251, lr_0 = 2.3171e-04
Loss = 5.6770e-03, PNorm = 127.5277, GNorm = 0.2425, lr_0 = 2.3163e-04
Loss = 6.8960e-03, PNorm = 127.5295, GNorm = 0.7678, lr_0 = 2.3154e-04
Loss = 5.6080e-03, PNorm = 127.5321, GNorm = 0.1338, lr_0 = 2.3145e-04
Loss = 5.7575e-03, PNorm = 127.5332, GNorm = 0.4421, lr_0 = 2.3136e-04
Loss = 4.8191e-03, PNorm = 127.5340, GNorm = 0.6489, lr_0 = 2.3127e-04
Loss = 5.0487e-03, PNorm = 127.5350, GNorm = 0.1851, lr_0 = 2.3118e-04
Loss = 5.6868e-03, PNorm = 127.5350, GNorm = 0.1707, lr_0 = 2.3109e-04
Loss = 7.3455e-03, PNorm = 127.5363, GNorm = 0.3838, lr_0 = 2.3100e-04
Loss = 4.5008e-03, PNorm = 127.5374, GNorm = 0.2507, lr_0 = 2.3091e-04
Loss = 4.0711e-03, PNorm = 127.5385, GNorm = 0.2607, lr_0 = 2.3082e-04
Loss = 5.7141e-03, PNorm = 127.5381, GNorm = 0.1512, lr_0 = 2.3074e-04
Loss = 5.2069e-03, PNorm = 127.5364, GNorm = 0.1482, lr_0 = 2.3065e-04
Loss = 4.9900e-03, PNorm = 127.5356, GNorm = 0.3181, lr_0 = 2.3056e-04
Loss = 6.7630e-03, PNorm = 127.5365, GNorm = 0.4338, lr_0 = 2.3047e-04
Loss = 5.8813e-03, PNorm = 127.5379, GNorm = 0.3134, lr_0 = 2.3038e-04
Loss = 5.9120e-03, PNorm = 127.5387, GNorm = 0.2197, lr_0 = 2.3029e-04
Loss = 5.3043e-03, PNorm = 127.5392, GNorm = 0.5753, lr_0 = 2.3020e-04
Loss = 3.9984e-03, PNorm = 127.5389, GNorm = 0.2398, lr_0 = 2.3012e-04
Loss = 5.9530e-03, PNorm = 127.5398, GNorm = 0.4603, lr_0 = 2.3003e-04
Loss = 4.0283e-03, PNorm = 127.5411, GNorm = 0.2689, lr_0 = 2.2994e-04
Loss = 6.1244e-03, PNorm = 127.5419, GNorm = 0.2529, lr_0 = 2.2985e-04
Loss = 5.1007e-03, PNorm = 127.5437, GNorm = 0.1521, lr_0 = 2.2976e-04
Loss = 4.1682e-03, PNorm = 127.5454, GNorm = 0.4934, lr_0 = 2.2967e-04
Loss = 5.1012e-03, PNorm = 127.5465, GNorm = 0.4539, lr_0 = 2.2959e-04
Loss = 5.3749e-03, PNorm = 127.5485, GNorm = 0.1591, lr_0 = 2.2950e-04
Loss = 4.3138e-03, PNorm = 127.5509, GNorm = 0.1686, lr_0 = 2.2941e-04
Loss = 4.3826e-03, PNorm = 127.5534, GNorm = 0.2529, lr_0 = 2.2932e-04
Loss = 4.9611e-03, PNorm = 127.5555, GNorm = 0.3554, lr_0 = 2.2923e-04
Loss = 4.5009e-03, PNorm = 127.5576, GNorm = 0.1543, lr_0 = 2.2914e-04
Loss = 1.0424e-02, PNorm = 127.5590, GNorm = 0.2728, lr_0 = 2.2906e-04
Loss = 4.4691e-03, PNorm = 127.5600, GNorm = 0.1319, lr_0 = 2.2897e-04
Loss = 4.8231e-03, PNorm = 127.5610, GNorm = 0.3475, lr_0 = 2.2888e-04
Loss = 8.5473e-03, PNorm = 127.5623, GNorm = 0.2655, lr_0 = 2.2879e-04
Loss = 5.0526e-03, PNorm = 127.5643, GNorm = 0.1932, lr_0 = 2.2870e-04
Loss = 4.8113e-03, PNorm = 127.5660, GNorm = 0.2209, lr_0 = 2.2862e-04
Loss = 6.3020e-03, PNorm = 127.5678, GNorm = 0.4140, lr_0 = 2.2853e-04
Loss = 9.5887e-03, PNorm = 127.5694, GNorm = 0.1041, lr_0 = 2.2844e-04
Loss = 3.8424e-03, PNorm = 127.5709, GNorm = 0.2041, lr_0 = 2.2835e-04
Loss = 5.7362e-03, PNorm = 127.5725, GNorm = 0.2245, lr_0 = 2.2826e-04
Loss = 6.9468e-03, PNorm = 127.5738, GNorm = 0.5569, lr_0 = 2.2818e-04
Loss = 7.4993e-03, PNorm = 127.5749, GNorm = 0.4952, lr_0 = 2.2809e-04
Loss = 7.9611e-03, PNorm = 127.5764, GNorm = 0.2271, lr_0 = 2.2800e-04
Loss = 4.8267e-03, PNorm = 127.5771, GNorm = 0.2253, lr_0 = 2.2791e-04
Loss = 6.4540e-03, PNorm = 127.5767, GNorm = 0.1705, lr_0 = 2.2783e-04
Loss = 3.9605e-03, PNorm = 127.5769, GNorm = 0.2707, lr_0 = 2.2774e-04
Loss = 5.5200e-03, PNorm = 127.5789, GNorm = 0.4129, lr_0 = 2.2765e-04
Loss = 6.3897e-03, PNorm = 127.5800, GNorm = 0.4165, lr_0 = 2.2756e-04
Loss = 6.9363e-03, PNorm = 127.5811, GNorm = 0.1607, lr_0 = 2.2748e-04
Loss = 5.4418e-03, PNorm = 127.5816, GNorm = 0.1916, lr_0 = 2.2739e-04
Loss = 4.2341e-03, PNorm = 127.5829, GNorm = 0.3130, lr_0 = 2.2730e-04
Loss = 5.2155e-03, PNorm = 127.5842, GNorm = 0.1547, lr_0 = 2.2721e-04
Loss = 4.0774e-03, PNorm = 127.5855, GNorm = 0.2434, lr_0 = 2.2713e-04
Loss = 1.0938e-02, PNorm = 127.5868, GNorm = 0.1669, lr_0 = 2.2704e-04
Loss = 5.7920e-03, PNorm = 127.5878, GNorm = 0.3463, lr_0 = 2.2695e-04
Loss = 4.8661e-03, PNorm = 127.5886, GNorm = 0.1261, lr_0 = 2.2686e-04
Loss = 5.0402e-03, PNorm = 127.5894, GNorm = 0.2087, lr_0 = 2.2678e-04
Loss = 8.4632e-03, PNorm = 127.5895, GNorm = 0.3900, lr_0 = 2.2669e-04
Loss = 3.9942e-03, PNorm = 127.5907, GNorm = 0.2352, lr_0 = 2.2660e-04
Loss = 4.5210e-03, PNorm = 127.5932, GNorm = 0.2680, lr_0 = 2.2652e-04
Loss = 4.6524e-03, PNorm = 127.5944, GNorm = 0.5883, lr_0 = 2.2643e-04
Loss = 3.9354e-03, PNorm = 127.5958, GNorm = 0.2980, lr_0 = 2.2634e-04
Loss = 6.3268e-03, PNorm = 127.5966, GNorm = 0.1313, lr_0 = 2.2625e-04
Loss = 3.5599e-03, PNorm = 127.5970, GNorm = 0.2564, lr_0 = 2.2617e-04
Loss = 7.8080e-03, PNorm = 127.5981, GNorm = 0.2537, lr_0 = 2.2608e-04
Loss = 5.8852e-03, PNorm = 127.6001, GNorm = 0.3256, lr_0 = 2.2599e-04
Loss = 4.3039e-03, PNorm = 127.6019, GNorm = 0.2180, lr_0 = 2.2591e-04
Loss = 4.3216e-03, PNorm = 127.6030, GNorm = 0.2819, lr_0 = 2.2582e-04
Loss = 4.0979e-03, PNorm = 127.6035, GNorm = 0.2849, lr_0 = 2.2573e-04
Loss = 4.8203e-03, PNorm = 127.6047, GNorm = 0.4811, lr_0 = 2.2565e-04
Loss = 6.6909e-03, PNorm = 127.6072, GNorm = 0.3858, lr_0 = 2.2556e-04
Loss = 4.3670e-03, PNorm = 127.6083, GNorm = 0.2206, lr_0 = 2.2547e-04
Loss = 5.3135e-03, PNorm = 127.6085, GNorm = 0.2537, lr_0 = 2.2539e-04
Loss = 8.7599e-03, PNorm = 127.6083, GNorm = 0.4899, lr_0 = 2.2530e-04
Loss = 5.9265e-03, PNorm = 127.6090, GNorm = 0.3106, lr_0 = 2.2521e-04
Loss = 8.0427e-03, PNorm = 127.6095, GNorm = 0.3807, lr_0 = 2.2513e-04
Loss = 5.2427e-03, PNorm = 127.6117, GNorm = 0.2023, lr_0 = 2.2504e-04
Loss = 6.3652e-03, PNorm = 127.6136, GNorm = 0.2005, lr_0 = 2.2495e-04
Loss = 6.9684e-03, PNorm = 127.6141, GNorm = 0.1784, lr_0 = 2.2487e-04
Loss = 4.8835e-03, PNorm = 127.6147, GNorm = 0.2203, lr_0 = 2.2478e-04
Loss = 3.9790e-03, PNorm = 127.6154, GNorm = 0.1891, lr_0 = 2.2469e-04
Loss = 5.0672e-03, PNorm = 127.6170, GNorm = 0.1271, lr_0 = 2.2461e-04
Loss = 5.1771e-03, PNorm = 127.6178, GNorm = 0.2229, lr_0 = 2.2452e-04
Loss = 4.2739e-03, PNorm = 127.6186, GNorm = 0.1711, lr_0 = 2.2443e-04
Loss = 6.1566e-03, PNorm = 127.6191, GNorm = 0.2141, lr_0 = 2.2435e-04
Loss = 8.5389e-03, PNorm = 127.6199, GNorm = 0.2958, lr_0 = 2.2426e-04
Loss = 3.9520e-03, PNorm = 127.6213, GNorm = 0.2458, lr_0 = 2.2418e-04
Loss = 5.2052e-03, PNorm = 127.6225, GNorm = 0.1850, lr_0 = 2.2409e-04
Loss = 5.2019e-03, PNorm = 127.6238, GNorm = 0.2039, lr_0 = 2.2400e-04
Loss = 7.1726e-03, PNorm = 127.6251, GNorm = 0.1932, lr_0 = 2.2392e-04
Loss = 5.2129e-03, PNorm = 127.6259, GNorm = 0.3361, lr_0 = 2.2383e-04
Loss = 5.0179e-03, PNorm = 127.6268, GNorm = 0.2693, lr_0 = 2.2374e-04
Loss = 5.1974e-03, PNorm = 127.6280, GNorm = 0.3680, lr_0 = 2.2366e-04
Loss = 3.3411e-03, PNorm = 127.6294, GNorm = 0.2065, lr_0 = 2.2357e-04
Loss = 5.6299e-03, PNorm = 127.6299, GNorm = 0.1964, lr_0 = 2.2349e-04
Loss = 3.1928e-03, PNorm = 127.6310, GNorm = 0.1994, lr_0 = 2.2340e-04
Loss = 5.9802e-03, PNorm = 127.6319, GNorm = 0.1917, lr_0 = 2.2331e-04
Loss = 5.6608e-03, PNorm = 127.6326, GNorm = 0.3103, lr_0 = 2.2323e-04
Loss = 4.8130e-03, PNorm = 127.6327, GNorm = 0.2525, lr_0 = 2.2314e-04
Loss = 7.3406e-03, PNorm = 127.6323, GNorm = 0.2749, lr_0 = 2.2306e-04
Loss = 7.0053e-03, PNorm = 127.6330, GNorm = 0.2086, lr_0 = 2.2297e-04
Loss = 6.2852e-03, PNorm = 127.6339, GNorm = 0.2632, lr_0 = 2.2289e-04
Loss = 5.4476e-03, PNorm = 127.6348, GNorm = 0.8865, lr_0 = 2.2280e-04
Loss = 7.2724e-03, PNorm = 127.6376, GNorm = 0.2858, lr_0 = 2.2271e-04
Loss = 6.9056e-03, PNorm = 127.6416, GNorm = 0.2633, lr_0 = 2.2263e-04
Loss = 8.4401e-03, PNorm = 127.6439, GNorm = 0.2704, lr_0 = 2.2254e-04
Loss = 6.5015e-03, PNorm = 127.6467, GNorm = 0.1818, lr_0 = 2.2246e-04
Loss = 5.3844e-03, PNorm = 127.6489, GNorm = 0.1564, lr_0 = 2.2237e-04
Loss = 6.6351e-03, PNorm = 127.6503, GNorm = 0.2170, lr_0 = 2.2229e-04
Loss = 5.2870e-03, PNorm = 127.6523, GNorm = 0.2239, lr_0 = 2.2220e-04
Loss = 5.8929e-03, PNorm = 127.6541, GNorm = 0.4866, lr_0 = 2.2212e-04
Loss = 6.6114e-03, PNorm = 127.6554, GNorm = 0.2602, lr_0 = 2.2203e-04
Loss = 5.5727e-03, PNorm = 127.6557, GNorm = 0.2338, lr_0 = 2.2194e-04
Loss = 5.7244e-03, PNorm = 127.6557, GNorm = 0.2004, lr_0 = 2.2186e-04
Loss = 6.0299e-03, PNorm = 127.6572, GNorm = 0.2987, lr_0 = 2.2177e-04
Loss = 5.4679e-03, PNorm = 127.6582, GNorm = 0.2930, lr_0 = 2.2169e-04
Loss = 1.1570e-02, PNorm = 127.6604, GNorm = 0.4155, lr_0 = 2.2160e-04
Loss = 6.8045e-03, PNorm = 127.6635, GNorm = 0.1847, lr_0 = 2.2152e-04
Loss = 4.1692e-03, PNorm = 127.6658, GNorm = 0.2385, lr_0 = 2.2143e-04
Loss = 7.7370e-03, PNorm = 127.6677, GNorm = 0.5620, lr_0 = 2.2135e-04
Loss = 6.4907e-03, PNorm = 127.6685, GNorm = 0.2373, lr_0 = 2.2126e-04
Loss = 6.2476e-03, PNorm = 127.6692, GNorm = 0.2071, lr_0 = 2.2118e-04
Loss = 6.8329e-03, PNorm = 127.6703, GNorm = 0.1534, lr_0 = 2.2109e-04
Loss = 8.6924e-03, PNorm = 127.6719, GNorm = 0.2233, lr_0 = 2.2101e-04
Loss = 7.3490e-03, PNorm = 127.6722, GNorm = 0.4763, lr_0 = 2.2092e-04
Loss = 4.5399e-03, PNorm = 127.6731, GNorm = 0.2411, lr_0 = 2.2084e-04
Loss = 4.5243e-03, PNorm = 127.6737, GNorm = 0.2825, lr_0 = 2.2075e-04
Loss = 5.3834e-03, PNorm = 127.6750, GNorm = 0.3487, lr_0 = 2.2067e-04
Loss = 3.7478e-03, PNorm = 127.6763, GNorm = 0.2709, lr_0 = 2.2058e-04
Loss = 5.7457e-03, PNorm = 127.6772, GNorm = 0.4568, lr_0 = 2.2050e-04
Loss = 4.7837e-03, PNorm = 127.6778, GNorm = 0.1243, lr_0 = 2.2041e-04
Loss = 4.3329e-03, PNorm = 127.6784, GNorm = 0.1877, lr_0 = 2.2033e-04
Loss = 3.8495e-03, PNorm = 127.6778, GNorm = 0.2632, lr_0 = 2.2024e-04
Loss = 4.7986e-03, PNorm = 127.6777, GNorm = 0.2608, lr_0 = 2.2016e-04
Loss = 6.1283e-03, PNorm = 127.6790, GNorm = 0.5604, lr_0 = 2.2007e-04
Loss = 6.2145e-03, PNorm = 127.6800, GNorm = 0.2491, lr_0 = 2.1999e-04
Loss = 4.4244e-03, PNorm = 127.6813, GNorm = 0.2081, lr_0 = 2.1991e-04
Loss = 3.9607e-03, PNorm = 127.6824, GNorm = 0.1995, lr_0 = 2.1982e-04
Loss = 6.4629e-03, PNorm = 127.6827, GNorm = 0.2868, lr_0 = 2.1974e-04
Loss = 6.2811e-03, PNorm = 127.6827, GNorm = 0.1279, lr_0 = 2.1965e-04
Loss = 4.3963e-03, PNorm = 127.6830, GNorm = 0.1879, lr_0 = 2.1957e-04
Loss = 4.5480e-03, PNorm = 127.6843, GNorm = 0.2800, lr_0 = 2.1948e-04
Loss = 6.7429e-03, PNorm = 127.6855, GNorm = 0.2829, lr_0 = 2.1940e-04
Loss = 6.4278e-03, PNorm = 127.6872, GNorm = 0.2071, lr_0 = 2.1931e-04
Loss = 6.3856e-03, PNorm = 127.6878, GNorm = 0.1923, lr_0 = 2.1923e-04
Loss = 4.9375e-03, PNorm = 127.6874, GNorm = 0.2250, lr_0 = 2.1915e-04
Loss = 6.8694e-03, PNorm = 127.6887, GNorm = 0.3607, lr_0 = 2.1906e-04
Loss = 7.7804e-03, PNorm = 127.6912, GNorm = 0.4204, lr_0 = 2.1898e-04
Loss = 7.5507e-03, PNorm = 127.6925, GNorm = 0.8552, lr_0 = 2.1889e-04
Loss = 5.8344e-03, PNorm = 127.6927, GNorm = 0.2014, lr_0 = 2.1881e-04
Loss = 6.5718e-03, PNorm = 127.6948, GNorm = 0.1683, lr_0 = 2.1872e-04
Loss = 6.0300e-03, PNorm = 127.6960, GNorm = 0.1495, lr_0 = 2.1864e-04
Loss = 4.5311e-03, PNorm = 127.6965, GNorm = 0.1846, lr_0 = 2.1856e-04
Loss = 3.3803e-03, PNorm = 127.6977, GNorm = 0.4420, lr_0 = 2.1847e-04
Loss = 6.5381e-03, PNorm = 127.6997, GNorm = 0.5145, lr_0 = 2.1839e-04
Loss = 4.1052e-03, PNorm = 127.7009, GNorm = 0.4262, lr_0 = 2.1830e-04
Loss = 5.9115e-03, PNorm = 127.7016, GNorm = 0.3396, lr_0 = 2.1822e-04
Loss = 4.8381e-03, PNorm = 127.7014, GNorm = 0.2234, lr_0 = 2.1814e-04
Loss = 6.5838e-03, PNorm = 127.7018, GNorm = 0.5677, lr_0 = 2.1805e-04
Loss = 7.3937e-03, PNorm = 127.7022, GNorm = 0.3276, lr_0 = 2.1797e-04
Loss = 4.6945e-03, PNorm = 127.7035, GNorm = 0.2319, lr_0 = 2.1789e-04
Loss = 5.5771e-03, PNorm = 127.7057, GNorm = 0.8036, lr_0 = 2.1780e-04
Loss = 4.4652e-03, PNorm = 127.7075, GNorm = 0.3422, lr_0 = 2.1772e-04
Loss = 4.4922e-03, PNorm = 127.7095, GNorm = 0.1545, lr_0 = 2.1763e-04
Loss = 7.1711e-03, PNorm = 127.7109, GNorm = 0.1253, lr_0 = 2.1755e-04
Loss = 8.2006e-03, PNorm = 127.7114, GNorm = 0.9254, lr_0 = 2.1747e-04
Loss = 4.8421e-03, PNorm = 127.7125, GNorm = 0.4497, lr_0 = 2.1738e-04
Loss = 5.9047e-03, PNorm = 127.7133, GNorm = 0.3716, lr_0 = 2.1730e-04
Loss = 7.4645e-03, PNorm = 127.7146, GNorm = 0.3818, lr_0 = 2.1722e-04
Loss = 7.1656e-03, PNorm = 127.7157, GNorm = 0.3304, lr_0 = 2.1713e-04
Loss = 4.9016e-03, PNorm = 127.7169, GNorm = 0.5166, lr_0 = 2.1705e-04
Loss = 4.7042e-03, PNorm = 127.7181, GNorm = 0.2103, lr_0 = 2.1697e-04
Loss = 6.0413e-03, PNorm = 127.7201, GNorm = 0.2428, lr_0 = 2.1688e-04
Loss = 4.3710e-03, PNorm = 127.7224, GNorm = 0.2479, lr_0 = 2.1680e-04
Loss = 7.0334e-03, PNorm = 127.7228, GNorm = 0.1369, lr_0 = 2.1671e-04
Loss = 5.2573e-03, PNorm = 127.7228, GNorm = 0.2363, lr_0 = 2.1663e-04
Loss = 5.3669e-03, PNorm = 127.7237, GNorm = 0.1834, lr_0 = 2.1655e-04
Loss = 4.2964e-03, PNorm = 127.7250, GNorm = 0.2209, lr_0 = 2.1647e-04
Loss = 4.4146e-03, PNorm = 127.7265, GNorm = 0.1401, lr_0 = 2.1638e-04
Loss = 6.6390e-03, PNorm = 127.7273, GNorm = 0.1510, lr_0 = 2.1630e-04
Loss = 3.6914e-03, PNorm = 127.7283, GNorm = 0.3388, lr_0 = 2.1622e-04
Loss = 4.7525e-03, PNorm = 127.7303, GNorm = 0.1600, lr_0 = 2.1613e-04
Loss = 3.2117e-03, PNorm = 127.7319, GNorm = 0.1078, lr_0 = 2.1605e-04
Loss = 6.1864e-03, PNorm = 127.7325, GNorm = 0.5169, lr_0 = 2.1597e-04
Loss = 7.4057e-03, PNorm = 127.7332, GNorm = 0.1127, lr_0 = 2.1588e-04
Loss = 5.8014e-03, PNorm = 127.7343, GNorm = 0.2172, lr_0 = 2.1580e-04
Loss = 6.5905e-03, PNorm = 127.7358, GNorm = 0.2887, lr_0 = 2.1572e-04
Loss = 6.7993e-03, PNorm = 127.7364, GNorm = 0.3177, lr_0 = 2.1563e-04
Loss = 8.4562e-03, PNorm = 127.7387, GNorm = 0.2402, lr_0 = 2.1555e-04
Loss = 5.1498e-03, PNorm = 127.7406, GNorm = 0.2036, lr_0 = 2.1547e-04
Validation r2 = 0.994686
Epoch 4
Loss = 9.9626e-03, PNorm = 127.7420, GNorm = 0.3698, lr_0 = 2.1539e-04
Loss = 4.7020e-03, PNorm = 127.7439, GNorm = 0.2564, lr_0 = 2.1530e-04
Loss = 5.7985e-03, PNorm = 127.7459, GNorm = 0.1564, lr_0 = 2.1522e-04
Loss = 6.0617e-03, PNorm = 127.7462, GNorm = 0.3672, lr_0 = 2.1514e-04
Loss = 3.3180e-03, PNorm = 127.7460, GNorm = 0.2334, lr_0 = 2.1505e-04
Loss = 3.9076e-03, PNorm = 127.7461, GNorm = 0.2640, lr_0 = 2.1497e-04
Loss = 5.2649e-03, PNorm = 127.7467, GNorm = 0.3134, lr_0 = 2.1489e-04
Loss = 6.2804e-03, PNorm = 127.7484, GNorm = 0.1977, lr_0 = 2.1481e-04
Loss = 4.3805e-03, PNorm = 127.7497, GNorm = 0.2439, lr_0 = 2.1472e-04
Loss = 4.5845e-03, PNorm = 127.7500, GNorm = 0.2322, lr_0 = 2.1464e-04
Loss = 5.2262e-03, PNorm = 127.7507, GNorm = 0.2054, lr_0 = 2.1456e-04
Loss = 6.0397e-03, PNorm = 127.7513, GNorm = 0.2877, lr_0 = 2.1448e-04
Loss = 5.0209e-03, PNorm = 127.7517, GNorm = 0.2774, lr_0 = 2.1439e-04
Loss = 4.9723e-03, PNorm = 127.7521, GNorm = 0.2854, lr_0 = 2.1431e-04
Loss = 5.8828e-03, PNorm = 127.7542, GNorm = 0.3397, lr_0 = 2.1423e-04
Loss = 5.2430e-03, PNorm = 127.7565, GNorm = 0.2703, lr_0 = 2.1415e-04
Loss = 3.0250e-03, PNorm = 127.7579, GNorm = 0.1491, lr_0 = 2.1406e-04
Loss = 4.5769e-03, PNorm = 127.7580, GNorm = 0.2022, lr_0 = 2.1398e-04
Loss = 6.3648e-03, PNorm = 127.7583, GNorm = 0.2394, lr_0 = 2.1390e-04
Loss = 5.8161e-03, PNorm = 127.7598, GNorm = 0.4521, lr_0 = 2.1382e-04
Loss = 4.8032e-03, PNorm = 127.7615, GNorm = 0.1364, lr_0 = 2.1374e-04
Loss = 5.5225e-03, PNorm = 127.7625, GNorm = 0.3952, lr_0 = 2.1365e-04
Loss = 5.8649e-03, PNorm = 127.7633, GNorm = 0.3868, lr_0 = 2.1357e-04
Loss = 4.5311e-03, PNorm = 127.7641, GNorm = 0.1391, lr_0 = 2.1349e-04
Loss = 2.9605e-03, PNorm = 127.7639, GNorm = 0.1844, lr_0 = 2.1341e-04
Loss = 7.3289e-03, PNorm = 127.7649, GNorm = 0.2708, lr_0 = 2.1332e-04
Loss = 5.0450e-03, PNorm = 127.7658, GNorm = 0.2633, lr_0 = 2.1324e-04
Loss = 5.2963e-03, PNorm = 127.7663, GNorm = 0.1510, lr_0 = 2.1316e-04
Loss = 6.2347e-03, PNorm = 127.7670, GNorm = 0.2743, lr_0 = 2.1308e-04
Loss = 7.7510e-03, PNorm = 127.7666, GNorm = 0.3094, lr_0 = 2.1300e-04
Loss = 4.7644e-03, PNorm = 127.7662, GNorm = 0.1887, lr_0 = 2.1291e-04
Loss = 7.0047e-03, PNorm = 127.7657, GNorm = 0.1662, lr_0 = 2.1283e-04
Loss = 3.4331e-03, PNorm = 127.7669, GNorm = 0.2989, lr_0 = 2.1275e-04
Loss = 5.8433e-03, PNorm = 127.7679, GNorm = 0.4077, lr_0 = 2.1267e-04
Loss = 4.1242e-03, PNorm = 127.7692, GNorm = 0.1241, lr_0 = 2.1259e-04
Loss = 5.8089e-03, PNorm = 127.7695, GNorm = 0.6251, lr_0 = 2.1251e-04
Loss = 4.2851e-03, PNorm = 127.7700, GNorm = 0.4159, lr_0 = 2.1242e-04
Loss = 4.2857e-03, PNorm = 127.7696, GNorm = 0.2689, lr_0 = 2.1234e-04
Loss = 3.6010e-03, PNorm = 127.7696, GNorm = 0.1454, lr_0 = 2.1226e-04
Loss = 5.3983e-03, PNorm = 127.7689, GNorm = 0.1372, lr_0 = 2.1218e-04
Loss = 3.8420e-03, PNorm = 127.7693, GNorm = 0.1363, lr_0 = 2.1210e-04
Loss = 4.3626e-03, PNorm = 127.7707, GNorm = 0.2606, lr_0 = 2.1202e-04
Loss = 4.5780e-03, PNorm = 127.7718, GNorm = 0.2383, lr_0 = 2.1193e-04
Loss = 3.9976e-03, PNorm = 127.7723, GNorm = 0.3463, lr_0 = 2.1185e-04
Loss = 3.0891e-03, PNorm = 127.7721, GNorm = 0.2480, lr_0 = 2.1177e-04
Loss = 4.2658e-03, PNorm = 127.7733, GNorm = 0.2101, lr_0 = 2.1169e-04
Loss = 3.2707e-03, PNorm = 127.7742, GNorm = 0.1784, lr_0 = 2.1161e-04
Loss = 5.2425e-03, PNorm = 127.7759, GNorm = 0.1632, lr_0 = 2.1153e-04
Loss = 4.7054e-03, PNorm = 127.7767, GNorm = 0.7936, lr_0 = 2.1145e-04
Loss = 4.3224e-03, PNorm = 127.7766, GNorm = 0.2123, lr_0 = 2.1136e-04
Loss = 3.5351e-03, PNorm = 127.7779, GNorm = 0.1642, lr_0 = 2.1128e-04
Loss = 4.0290e-03, PNorm = 127.7787, GNorm = 0.2394, lr_0 = 2.1120e-04
Loss = 7.6672e-03, PNorm = 127.7794, GNorm = 0.1664, lr_0 = 2.1112e-04
Loss = 4.5412e-03, PNorm = 127.7801, GNorm = 0.1754, lr_0 = 2.1104e-04
Loss = 4.9633e-03, PNorm = 127.7806, GNorm = 0.1321, lr_0 = 2.1096e-04
Loss = 4.9977e-03, PNorm = 127.7818, GNorm = 0.2767, lr_0 = 2.1088e-04
Loss = 5.8058e-03, PNorm = 127.7832, GNorm = 0.2065, lr_0 = 2.1080e-04
Loss = 6.8866e-03, PNorm = 127.7836, GNorm = 0.1454, lr_0 = 2.1072e-04
Loss = 7.9111e-03, PNorm = 127.7841, GNorm = 0.7509, lr_0 = 2.1063e-04
Loss = 4.8889e-03, PNorm = 127.7852, GNorm = 0.1110, lr_0 = 2.1055e-04
Loss = 3.7095e-03, PNorm = 127.7871, GNorm = 0.1859, lr_0 = 2.1047e-04
Loss = 4.0647e-03, PNorm = 127.7887, GNorm = 0.1473, lr_0 = 2.1039e-04
Loss = 5.6868e-03, PNorm = 127.7891, GNorm = 0.3141, lr_0 = 2.1031e-04
Loss = 5.4084e-03, PNorm = 127.7887, GNorm = 0.1669, lr_0 = 2.1023e-04
Loss = 4.0653e-03, PNorm = 127.7889, GNorm = 0.2276, lr_0 = 2.1015e-04
Loss = 3.1265e-03, PNorm = 127.7895, GNorm = 0.1093, lr_0 = 2.1007e-04
Loss = 4.5145e-03, PNorm = 127.7899, GNorm = 0.0990, lr_0 = 2.0999e-04
Loss = 6.0301e-03, PNorm = 127.7903, GNorm = 0.3875, lr_0 = 2.0991e-04
Loss = 6.1915e-03, PNorm = 127.7908, GNorm = 0.1780, lr_0 = 2.0983e-04
Loss = 3.9525e-03, PNorm = 127.7918, GNorm = 0.4297, lr_0 = 2.0974e-04
Loss = 4.1716e-03, PNorm = 127.7931, GNorm = 0.2684, lr_0 = 2.0966e-04
Loss = 3.4525e-03, PNorm = 127.7954, GNorm = 0.2214, lr_0 = 2.0958e-04
Loss = 8.9857e-03, PNorm = 127.7979, GNorm = 0.3156, lr_0 = 2.0950e-04
Loss = 4.0433e-03, PNorm = 127.7994, GNorm = 0.2731, lr_0 = 2.0942e-04
Loss = 5.8307e-03, PNorm = 127.7998, GNorm = 0.2722, lr_0 = 2.0934e-04
Loss = 5.0874e-03, PNorm = 127.8008, GNorm = 0.7612, lr_0 = 2.0926e-04
Loss = 6.0530e-03, PNorm = 127.8025, GNorm = 0.1322, lr_0 = 2.0918e-04
Loss = 5.0576e-03, PNorm = 127.8036, GNorm = 0.1386, lr_0 = 2.0910e-04
Loss = 4.0238e-03, PNorm = 127.8055, GNorm = 0.1131, lr_0 = 2.0902e-04
Loss = 5.1013e-03, PNorm = 127.8064, GNorm = 0.3002, lr_0 = 2.0894e-04
Loss = 5.0118e-03, PNorm = 127.8065, GNorm = 0.1621, lr_0 = 2.0886e-04
Loss = 6.4312e-03, PNorm = 127.8068, GNorm = 0.1533, lr_0 = 2.0878e-04
Loss = 4.0489e-03, PNorm = 127.8084, GNorm = 0.1884, lr_0 = 2.0870e-04
Loss = 4.5681e-03, PNorm = 127.8098, GNorm = 0.2251, lr_0 = 2.0862e-04
Loss = 4.5369e-03, PNorm = 127.8108, GNorm = 0.3656, lr_0 = 2.0854e-04
Loss = 5.3601e-03, PNorm = 127.8121, GNorm = 1.0223, lr_0 = 2.0846e-04
Loss = 3.8081e-03, PNorm = 127.8132, GNorm = 0.1623, lr_0 = 2.0838e-04
Loss = 3.0806e-03, PNorm = 127.8138, GNorm = 0.4975, lr_0 = 2.0830e-04
Loss = 5.1473e-03, PNorm = 127.8144, GNorm = 0.3858, lr_0 = 2.0822e-04
Loss = 4.1506e-03, PNorm = 127.8142, GNorm = 0.1794, lr_0 = 2.0814e-04
Loss = 3.3037e-03, PNorm = 127.8146, GNorm = 0.2043, lr_0 = 2.0806e-04
Loss = 4.2037e-03, PNorm = 127.8148, GNorm = 0.3403, lr_0 = 2.0798e-04
Loss = 3.6205e-03, PNorm = 127.8154, GNorm = 0.2774, lr_0 = 2.0790e-04
Loss = 4.6461e-03, PNorm = 127.8154, GNorm = 0.3310, lr_0 = 2.0782e-04
Loss = 3.8771e-03, PNorm = 127.8160, GNorm = 0.1646, lr_0 = 2.0774e-04
Loss = 6.1299e-03, PNorm = 127.8168, GNorm = 0.2844, lr_0 = 2.0766e-04
Loss = 3.8658e-03, PNorm = 127.8176, GNorm = 0.1864, lr_0 = 2.0758e-04
Loss = 4.2564e-03, PNorm = 127.8193, GNorm = 0.3452, lr_0 = 2.0750e-04
Loss = 7.7095e-03, PNorm = 127.8207, GNorm = 0.2869, lr_0 = 2.0742e-04
Loss = 3.2394e-03, PNorm = 127.8224, GNorm = 0.2630, lr_0 = 2.0734e-04
Loss = 6.3165e-03, PNorm = 127.8235, GNorm = 0.2335, lr_0 = 2.0726e-04
Loss = 3.2690e-03, PNorm = 127.8248, GNorm = 0.1410, lr_0 = 2.0718e-04
Loss = 3.9224e-03, PNorm = 127.8266, GNorm = 0.1496, lr_0 = 2.0710e-04
Loss = 4.2399e-03, PNorm = 127.8275, GNorm = 0.2044, lr_0 = 2.0702e-04
Loss = 8.1183e-03, PNorm = 127.8290, GNorm = 0.1891, lr_0 = 2.0694e-04
Loss = 4.7741e-03, PNorm = 127.8303, GNorm = 0.2287, lr_0 = 2.0686e-04
Loss = 3.7272e-03, PNorm = 127.8312, GNorm = 0.1418, lr_0 = 2.0678e-04
Loss = 6.7497e-03, PNorm = 127.8324, GNorm = 0.5069, lr_0 = 2.0670e-04
Loss = 4.1601e-03, PNorm = 127.8323, GNorm = 0.4669, lr_0 = 2.0662e-04
Loss = 3.4085e-03, PNorm = 127.8327, GNorm = 0.1578, lr_0 = 2.0654e-04
Loss = 4.8900e-03, PNorm = 127.8334, GNorm = 0.2281, lr_0 = 2.0646e-04
Loss = 6.7722e-03, PNorm = 127.8344, GNorm = 0.5460, lr_0 = 2.0638e-04
Loss = 2.8749e-03, PNorm = 127.8358, GNorm = 0.1859, lr_0 = 2.0630e-04
Loss = 4.1123e-03, PNorm = 127.8370, GNorm = 0.2321, lr_0 = 2.0623e-04
Loss = 5.1280e-03, PNorm = 127.8389, GNorm = 0.2794, lr_0 = 2.0615e-04
Loss = 3.9022e-03, PNorm = 127.8397, GNorm = 0.1978, lr_0 = 2.0607e-04
Loss = 4.1696e-03, PNorm = 127.8405, GNorm = 0.1274, lr_0 = 2.0599e-04
Loss = 3.7525e-03, PNorm = 127.8412, GNorm = 0.4224, lr_0 = 2.0591e-04
Loss = 3.8941e-03, PNorm = 127.8413, GNorm = 0.2157, lr_0 = 2.0583e-04
Loss = 7.0605e-03, PNorm = 127.8420, GNorm = 0.5808, lr_0 = 2.0575e-04
Loss = 5.5438e-03, PNorm = 127.8427, GNorm = 0.1791, lr_0 = 2.0567e-04
Loss = 4.5329e-03, PNorm = 127.8433, GNorm = 0.4687, lr_0 = 2.0559e-04
Loss = 5.3191e-03, PNorm = 127.8442, GNorm = 0.1763, lr_0 = 2.0551e-04
Loss = 3.9669e-03, PNorm = 127.8453, GNorm = 0.2015, lr_0 = 2.0543e-04
Loss = 3.7808e-03, PNorm = 127.8467, GNorm = 0.3962, lr_0 = 2.0535e-04
Loss = 3.7664e-03, PNorm = 127.8476, GNorm = 1.0992, lr_0 = 2.0528e-04
Loss = 4.2460e-03, PNorm = 127.8480, GNorm = 0.2042, lr_0 = 2.0520e-04
Loss = 3.1562e-03, PNorm = 127.8487, GNorm = 0.1687, lr_0 = 2.0512e-04
Loss = 4.2018e-03, PNorm = 127.8499, GNorm = 0.1905, lr_0 = 2.0504e-04
Loss = 5.9537e-03, PNorm = 127.8508, GNorm = 0.3119, lr_0 = 2.0496e-04
Loss = 4.2621e-03, PNorm = 127.8526, GNorm = 0.2799, lr_0 = 2.0488e-04
Loss = 7.1891e-03, PNorm = 127.8540, GNorm = 0.2620, lr_0 = 2.0480e-04
Loss = 2.9644e-03, PNorm = 127.8550, GNorm = 0.1099, lr_0 = 2.0472e-04
Loss = 5.5974e-03, PNorm = 127.8561, GNorm = 0.2139, lr_0 = 2.0464e-04
Loss = 4.2356e-03, PNorm = 127.8573, GNorm = 0.3308, lr_0 = 2.0457e-04
Loss = 4.2381e-03, PNorm = 127.8572, GNorm = 0.1554, lr_0 = 2.0449e-04
Loss = 3.4263e-03, PNorm = 127.8571, GNorm = 0.1234, lr_0 = 2.0441e-04
Loss = 3.9180e-03, PNorm = 127.8567, GNorm = 0.2049, lr_0 = 2.0433e-04
Loss = 6.7110e-03, PNorm = 127.8569, GNorm = 0.9142, lr_0 = 2.0425e-04
Loss = 3.9524e-03, PNorm = 127.8577, GNorm = 0.2399, lr_0 = 2.0417e-04
Loss = 4.6466e-03, PNorm = 127.8587, GNorm = 0.1747, lr_0 = 2.0409e-04
Loss = 6.2885e-03, PNorm = 127.8592, GNorm = 0.3082, lr_0 = 2.0402e-04
Loss = 3.9876e-03, PNorm = 127.8606, GNorm = 0.2819, lr_0 = 2.0394e-04
Loss = 5.2353e-03, PNorm = 127.8616, GNorm = 0.1860, lr_0 = 2.0386e-04
Loss = 3.6860e-03, PNorm = 127.8630, GNorm = 0.2502, lr_0 = 2.0378e-04
Loss = 4.1782e-03, PNorm = 127.8646, GNorm = 0.1555, lr_0 = 2.0370e-04
Loss = 3.6918e-03, PNorm = 127.8655, GNorm = 0.3436, lr_0 = 2.0362e-04
Loss = 4.7301e-03, PNorm = 127.8666, GNorm = 0.2267, lr_0 = 2.0355e-04
Loss = 3.6997e-03, PNorm = 127.8687, GNorm = 0.3443, lr_0 = 2.0347e-04
Loss = 3.0220e-03, PNorm = 127.8715, GNorm = 0.2428, lr_0 = 2.0339e-04
Loss = 4.4902e-03, PNorm = 127.8732, GNorm = 0.2259, lr_0 = 2.0331e-04
Loss = 4.2131e-03, PNorm = 127.8747, GNorm = 0.1629, lr_0 = 2.0323e-04
Loss = 4.1400e-03, PNorm = 127.8762, GNorm = 0.3027, lr_0 = 2.0315e-04
Loss = 4.5133e-03, PNorm = 127.8773, GNorm = 0.1390, lr_0 = 2.0308e-04
Loss = 5.0480e-03, PNorm = 127.8777, GNorm = 0.5317, lr_0 = 2.0300e-04
Loss = 5.0941e-03, PNorm = 127.8785, GNorm = 0.2967, lr_0 = 2.0292e-04
Loss = 3.1047e-03, PNorm = 127.8797, GNorm = 0.2030, lr_0 = 2.0284e-04
Loss = 3.0703e-03, PNorm = 127.8803, GNorm = 0.1562, lr_0 = 2.0276e-04
Loss = 2.7169e-03, PNorm = 127.8812, GNorm = 0.1159, lr_0 = 2.0269e-04
Loss = 3.9113e-03, PNorm = 127.8823, GNorm = 0.1569, lr_0 = 2.0261e-04
Loss = 5.2020e-03, PNorm = 127.8831, GNorm = 0.2365, lr_0 = 2.0253e-04
Loss = 6.7153e-03, PNorm = 127.8842, GNorm = 0.2019, lr_0 = 2.0245e-04
Loss = 4.5173e-03, PNorm = 127.8851, GNorm = 0.2321, lr_0 = 2.0238e-04
Loss = 6.5033e-03, PNorm = 127.8869, GNorm = 0.3732, lr_0 = 2.0230e-04
Loss = 9.9987e-03, PNorm = 127.8881, GNorm = 0.6447, lr_0 = 2.0222e-04
Loss = 6.6332e-03, PNorm = 127.8888, GNorm = 0.2882, lr_0 = 2.0214e-04
Loss = 3.5733e-03, PNorm = 127.8896, GNorm = 0.1337, lr_0 = 2.0206e-04
Loss = 5.4742e-03, PNorm = 127.8901, GNorm = 0.1749, lr_0 = 2.0199e-04
Loss = 6.5828e-03, PNorm = 127.8905, GNorm = 0.4212, lr_0 = 2.0191e-04
Loss = 4.3079e-03, PNorm = 127.8912, GNorm = 0.1518, lr_0 = 2.0183e-04
Loss = 4.9610e-03, PNorm = 127.8934, GNorm = 0.1934, lr_0 = 2.0175e-04
Loss = 3.4588e-03, PNorm = 127.8950, GNorm = 0.2023, lr_0 = 2.0168e-04
Loss = 3.4064e-03, PNorm = 127.8962, GNorm = 0.0998, lr_0 = 2.0160e-04
Loss = 3.3918e-03, PNorm = 127.8971, GNorm = 0.1614, lr_0 = 2.0152e-04
Loss = 4.3767e-03, PNorm = 127.8977, GNorm = 0.2226, lr_0 = 2.0144e-04
Loss = 6.3441e-03, PNorm = 127.8975, GNorm = 0.1373, lr_0 = 2.0137e-04
Loss = 6.2707e-03, PNorm = 127.8980, GNorm = 0.2148, lr_0 = 2.0129e-04
Loss = 5.5914e-03, PNorm = 127.8989, GNorm = 0.3500, lr_0 = 2.0121e-04
Loss = 5.9022e-03, PNorm = 127.9008, GNorm = 0.3855, lr_0 = 2.0113e-04
Loss = 5.7451e-03, PNorm = 127.9017, GNorm = 0.2464, lr_0 = 2.0106e-04
Loss = 2.8772e-03, PNorm = 127.9025, GNorm = 0.4106, lr_0 = 2.0098e-04
Loss = 5.8601e-03, PNorm = 127.9036, GNorm = 0.2615, lr_0 = 2.0090e-04
Loss = 5.0070e-03, PNorm = 127.9049, GNorm = 0.1987, lr_0 = 2.0082e-04
Loss = 6.5048e-03, PNorm = 127.9055, GNorm = 0.2853, lr_0 = 2.0075e-04
Loss = 5.7110e-03, PNorm = 127.9064, GNorm = 0.2506, lr_0 = 2.0067e-04
Loss = 5.6008e-03, PNorm = 127.9069, GNorm = 0.1733, lr_0 = 2.0059e-04
Loss = 3.6743e-03, PNorm = 127.9069, GNorm = 0.1891, lr_0 = 2.0052e-04
Loss = 4.2484e-03, PNorm = 127.9065, GNorm = 0.1274, lr_0 = 2.0044e-04
Loss = 3.8241e-03, PNorm = 127.9059, GNorm = 0.1431, lr_0 = 2.0036e-04
Loss = 3.9015e-03, PNorm = 127.9063, GNorm = 0.1887, lr_0 = 2.0028e-04
Loss = 4.2448e-03, PNorm = 127.9072, GNorm = 0.2046, lr_0 = 2.0021e-04
Loss = 4.0662e-03, PNorm = 127.9086, GNorm = 0.2568, lr_0 = 2.0013e-04
Loss = 4.9295e-03, PNorm = 127.9101, GNorm = 0.1927, lr_0 = 2.0005e-04
Loss = 4.6159e-03, PNorm = 127.9108, GNorm = 0.2362, lr_0 = 1.9998e-04
Loss = 3.8125e-03, PNorm = 127.9121, GNorm = 0.1394, lr_0 = 1.9990e-04
Loss = 5.2655e-03, PNorm = 127.9134, GNorm = 0.2506, lr_0 = 1.9982e-04
Loss = 4.3061e-03, PNorm = 127.9156, GNorm = 0.1942, lr_0 = 1.9975e-04
Loss = 3.9346e-03, PNorm = 127.9166, GNorm = 0.2530, lr_0 = 1.9967e-04
Loss = 5.0000e-03, PNorm = 127.9175, GNorm = 0.2698, lr_0 = 1.9959e-04
Loss = 3.3407e-03, PNorm = 127.9189, GNorm = 0.1453, lr_0 = 1.9952e-04
Loss = 5.5518e-03, PNorm = 127.9198, GNorm = 0.1869, lr_0 = 1.9944e-04
Loss = 3.7710e-03, PNorm = 127.9203, GNorm = 0.3811, lr_0 = 1.9936e-04
Loss = 3.6219e-03, PNorm = 127.9205, GNorm = 0.3712, lr_0 = 1.9929e-04
Loss = 3.6864e-03, PNorm = 127.9204, GNorm = 0.1275, lr_0 = 1.9921e-04
Loss = 3.2055e-03, PNorm = 127.9209, GNorm = 0.2257, lr_0 = 1.9913e-04
Loss = 3.9511e-03, PNorm = 127.9224, GNorm = 0.2471, lr_0 = 1.9906e-04
Loss = 3.7771e-03, PNorm = 127.9234, GNorm = 0.3329, lr_0 = 1.9898e-04
Loss = 4.8516e-03, PNorm = 127.9238, GNorm = 0.2392, lr_0 = 1.9890e-04
Loss = 3.4984e-03, PNorm = 127.9248, GNorm = 0.1270, lr_0 = 1.9883e-04
Loss = 6.1433e-03, PNorm = 127.9263, GNorm = 0.1367, lr_0 = 1.9875e-04
Loss = 5.4066e-03, PNorm = 127.9278, GNorm = 0.1296, lr_0 = 1.9867e-04
Loss = 5.9735e-03, PNorm = 127.9278, GNorm = 0.3094, lr_0 = 1.9860e-04
Loss = 3.8287e-03, PNorm = 127.9277, GNorm = 0.2187, lr_0 = 1.9852e-04
Loss = 4.0319e-03, PNorm = 127.9284, GNorm = 0.1152, lr_0 = 1.9844e-04
Loss = 4.0271e-03, PNorm = 127.9284, GNorm = 0.2146, lr_0 = 1.9837e-04
Loss = 3.5746e-03, PNorm = 127.9284, GNorm = 0.2996, lr_0 = 1.9829e-04
Loss = 5.2314e-03, PNorm = 127.9280, GNorm = 0.1697, lr_0 = 1.9822e-04
Loss = 3.8630e-03, PNorm = 127.9273, GNorm = 0.5500, lr_0 = 1.9814e-04
Loss = 4.4002e-03, PNorm = 127.9283, GNorm = 0.2030, lr_0 = 1.9806e-04
Loss = 8.4882e-03, PNorm = 127.9294, GNorm = 0.1094, lr_0 = 1.9799e-04
Loss = 8.4770e-03, PNorm = 127.9303, GNorm = 0.3355, lr_0 = 1.9791e-04
Loss = 4.7980e-03, PNorm = 127.9310, GNorm = 0.2150, lr_0 = 1.9783e-04
Loss = 3.9326e-03, PNorm = 127.9317, GNorm = 0.1484, lr_0 = 1.9776e-04
Loss = 5.1692e-03, PNorm = 127.9330, GNorm = 0.2880, lr_0 = 1.9768e-04
Loss = 5.5979e-03, PNorm = 127.9340, GNorm = 0.2577, lr_0 = 1.9761e-04
Loss = 4.5355e-03, PNorm = 127.9352, GNorm = 0.4081, lr_0 = 1.9753e-04
Loss = 5.1842e-03, PNorm = 127.9357, GNorm = 0.1925, lr_0 = 1.9745e-04
Loss = 6.9311e-03, PNorm = 127.9376, GNorm = 0.1651, lr_0 = 1.9738e-04
Loss = 4.2909e-03, PNorm = 127.9387, GNorm = 0.1486, lr_0 = 1.9730e-04
Loss = 3.5025e-03, PNorm = 127.9396, GNorm = 0.2097, lr_0 = 1.9723e-04
Loss = 8.5018e-03, PNorm = 127.9412, GNorm = 0.6059, lr_0 = 1.9715e-04
Loss = 3.1075e-03, PNorm = 127.9424, GNorm = 0.1088, lr_0 = 1.9707e-04
Loss = 5.4643e-03, PNorm = 127.9430, GNorm = 0.2008, lr_0 = 1.9700e-04
Loss = 5.7308e-03, PNorm = 127.9432, GNorm = 0.2720, lr_0 = 1.9692e-04
Loss = 3.0268e-03, PNorm = 127.9446, GNorm = 0.1572, lr_0 = 1.9685e-04
Loss = 3.5895e-03, PNorm = 127.9450, GNorm = 0.1520, lr_0 = 1.9677e-04
Loss = 4.4583e-03, PNorm = 127.9454, GNorm = 0.3025, lr_0 = 1.9670e-04
Loss = 6.6182e-03, PNorm = 127.9457, GNorm = 0.4311, lr_0 = 1.9662e-04
Loss = 2.9602e-03, PNorm = 127.9471, GNorm = 0.3053, lr_0 = 1.9655e-04
Loss = 7.4141e-03, PNorm = 127.9493, GNorm = 0.3390, lr_0 = 1.9647e-04
Loss = 3.1398e-03, PNorm = 127.9508, GNorm = 0.2133, lr_0 = 1.9639e-04
Loss = 6.0090e-03, PNorm = 127.9515, GNorm = 0.4823, lr_0 = 1.9632e-04
Loss = 5.5355e-03, PNorm = 127.9519, GNorm = 0.2408, lr_0 = 1.9624e-04
Loss = 4.7311e-03, PNorm = 127.9526, GNorm = 0.3252, lr_0 = 1.9617e-04
Loss = 3.8375e-03, PNorm = 127.9527, GNorm = 0.1394, lr_0 = 1.9609e-04
Loss = 5.4141e-03, PNorm = 127.9522, GNorm = 0.1722, lr_0 = 1.9602e-04
Loss = 4.6490e-03, PNorm = 127.9519, GNorm = 0.2589, lr_0 = 1.9594e-04
Loss = 4.6410e-03, PNorm = 127.9511, GNorm = 0.4520, lr_0 = 1.9587e-04
Loss = 4.6915e-03, PNorm = 127.9501, GNorm = 0.1264, lr_0 = 1.9579e-04
Loss = 4.3195e-03, PNorm = 127.9498, GNorm = 0.1928, lr_0 = 1.9572e-04
Loss = 4.2498e-03, PNorm = 127.9496, GNorm = 0.1600, lr_0 = 1.9564e-04
Loss = 3.7433e-03, PNorm = 127.9501, GNorm = 0.3790, lr_0 = 1.9556e-04
Loss = 4.8976e-03, PNorm = 127.9502, GNorm = 0.2463, lr_0 = 1.9549e-04
Loss = 3.3266e-03, PNorm = 127.9508, GNorm = 0.1890, lr_0 = 1.9541e-04
Loss = 5.5960e-03, PNorm = 127.9519, GNorm = 0.2761, lr_0 = 1.9534e-04
Loss = 3.7644e-03, PNorm = 127.9533, GNorm = 0.2117, lr_0 = 1.9526e-04
Loss = 5.7261e-03, PNorm = 127.9538, GNorm = 0.2560, lr_0 = 1.9519e-04
Loss = 3.8947e-03, PNorm = 127.9537, GNorm = 0.1829, lr_0 = 1.9511e-04
Loss = 5.2847e-03, PNorm = 127.9538, GNorm = 0.7883, lr_0 = 1.9504e-04
Loss = 4.3331e-03, PNorm = 127.9539, GNorm = 0.4279, lr_0 = 1.9496e-04
Loss = 3.1335e-03, PNorm = 127.9543, GNorm = 0.1743, lr_0 = 1.9489e-04
Loss = 6.0651e-03, PNorm = 127.9551, GNorm = 0.2399, lr_0 = 1.9481e-04
Loss = 7.1163e-03, PNorm = 127.9568, GNorm = 0.1945, lr_0 = 1.9474e-04
Loss = 7.0370e-03, PNorm = 127.9575, GNorm = 0.3909, lr_0 = 1.9466e-04
Loss = 4.3932e-03, PNorm = 127.9577, GNorm = 0.1676, lr_0 = 1.9459e-04
Loss = 3.9387e-03, PNorm = 127.9584, GNorm = 0.2163, lr_0 = 1.9451e-04
Loss = 4.1007e-03, PNorm = 127.9579, GNorm = 0.2233, lr_0 = 1.9444e-04
Loss = 4.2870e-03, PNorm = 127.9572, GNorm = 0.1765, lr_0 = 1.9437e-04
Loss = 3.5516e-03, PNorm = 127.9585, GNorm = 0.1764, lr_0 = 1.9429e-04
Loss = 4.3831e-03, PNorm = 127.9592, GNorm = 0.3500, lr_0 = 1.9422e-04
Loss = 3.7086e-03, PNorm = 127.9608, GNorm = 0.1501, lr_0 = 1.9414e-04
Loss = 4.7693e-03, PNorm = 127.9621, GNorm = 0.1081, lr_0 = 1.9407e-04
Loss = 4.0935e-03, PNorm = 127.9637, GNorm = 0.1624, lr_0 = 1.9399e-04
Loss = 5.2632e-03, PNorm = 127.9657, GNorm = 0.3131, lr_0 = 1.9392e-04
Loss = 3.4862e-03, PNorm = 127.9667, GNorm = 0.4143, lr_0 = 1.9384e-04
Loss = 4.9639e-03, PNorm = 127.9674, GNorm = 0.2748, lr_0 = 1.9377e-04
Loss = 5.8938e-03, PNorm = 127.9683, GNorm = 0.1705, lr_0 = 1.9369e-04
Loss = 5.4223e-03, PNorm = 127.9696, GNorm = 0.5261, lr_0 = 1.9362e-04
Loss = 3.1210e-03, PNorm = 127.9716, GNorm = 0.1809, lr_0 = 1.9354e-04
Loss = 5.3700e-03, PNorm = 127.9732, GNorm = 0.4992, lr_0 = 1.9347e-04
Loss = 7.2642e-03, PNorm = 127.9756, GNorm = 0.1666, lr_0 = 1.9340e-04
Loss = 3.2895e-03, PNorm = 127.9773, GNorm = 0.6507, lr_0 = 1.9332e-04
Loss = 4.4576e-03, PNorm = 127.9774, GNorm = 0.3047, lr_0 = 1.9325e-04
Loss = 3.2725e-03, PNorm = 127.9770, GNorm = 0.3437, lr_0 = 1.9317e-04
Loss = 3.9257e-03, PNorm = 127.9774, GNorm = 0.1344, lr_0 = 1.9310e-04
Loss = 3.9996e-03, PNorm = 127.9775, GNorm = 0.1928, lr_0 = 1.9302e-04
Loss = 6.4382e-03, PNorm = 127.9775, GNorm = 0.4643, lr_0 = 1.9295e-04
Loss = 3.2436e-03, PNorm = 127.9780, GNorm = 0.2550, lr_0 = 1.9288e-04
Loss = 6.2592e-03, PNorm = 127.9792, GNorm = 0.1441, lr_0 = 1.9280e-04
Loss = 6.2610e-03, PNorm = 127.9803, GNorm = 0.1706, lr_0 = 1.9273e-04
Loss = 3.2678e-03, PNorm = 127.9811, GNorm = 0.2237, lr_0 = 1.9265e-04
Loss = 5.2346e-03, PNorm = 127.9825, GNorm = 0.2907, lr_0 = 1.9258e-04
Loss = 3.5160e-03, PNorm = 127.9843, GNorm = 0.3114, lr_0 = 1.9251e-04
Loss = 6.0448e-03, PNorm = 127.9859, GNorm = 0.5010, lr_0 = 1.9243e-04
Loss = 2.9091e-03, PNorm = 127.9869, GNorm = 0.1393, lr_0 = 1.9236e-04
Loss = 5.2711e-03, PNorm = 127.9882, GNorm = 0.2001, lr_0 = 1.9228e-04
Loss = 3.6637e-03, PNorm = 127.9894, GNorm = 0.1563, lr_0 = 1.9221e-04
Loss = 5.8783e-03, PNorm = 127.9903, GNorm = 0.2697, lr_0 = 1.9214e-04
Loss = 5.1674e-03, PNorm = 127.9903, GNorm = 0.2870, lr_0 = 1.9206e-04
Loss = 4.0886e-03, PNorm = 127.9909, GNorm = 0.2009, lr_0 = 1.9199e-04
Loss = 4.2170e-03, PNorm = 127.9920, GNorm = 0.3649, lr_0 = 1.9191e-04
Loss = 3.5376e-03, PNorm = 127.9937, GNorm = 0.1798, lr_0 = 1.9184e-04
Loss = 3.3194e-03, PNorm = 127.9943, GNorm = 0.1422, lr_0 = 1.9177e-04
Loss = 3.5820e-03, PNorm = 127.9945, GNorm = 0.2383, lr_0 = 1.9169e-04
Loss = 4.1658e-03, PNorm = 127.9954, GNorm = 0.4106, lr_0 = 1.9162e-04
Loss = 5.3188e-03, PNorm = 127.9969, GNorm = 0.3067, lr_0 = 1.9155e-04
Loss = 6.2723e-03, PNorm = 127.9981, GNorm = 0.2705, lr_0 = 1.9147e-04
Loss = 4.5454e-03, PNorm = 127.9987, GNorm = 0.2307, lr_0 = 1.9140e-04
Loss = 4.7106e-03, PNorm = 127.9994, GNorm = 0.1510, lr_0 = 1.9132e-04
Loss = 3.9284e-03, PNorm = 128.0006, GNorm = 0.3485, lr_0 = 1.9125e-04
Loss = 3.8108e-03, PNorm = 128.0018, GNorm = 0.1819, lr_0 = 1.9118e-04
Loss = 4.4893e-03, PNorm = 128.0028, GNorm = 0.1270, lr_0 = 1.9110e-04
Loss = 9.6091e-03, PNorm = 128.0028, GNorm = 0.2215, lr_0 = 1.9103e-04
Loss = 3.7064e-03, PNorm = 128.0032, GNorm = 0.1678, lr_0 = 1.9096e-04
Loss = 3.4625e-03, PNorm = 128.0038, GNorm = 0.0920, lr_0 = 1.9088e-04
Loss = 4.1024e-03, PNorm = 128.0043, GNorm = 0.2160, lr_0 = 1.9081e-04
Loss = 7.0367e-03, PNorm = 128.0048, GNorm = 0.1764, lr_0 = 1.9074e-04
Loss = 4.4217e-03, PNorm = 128.0050, GNorm = 0.1818, lr_0 = 1.9066e-04
Loss = 5.0274e-03, PNorm = 128.0062, GNorm = 0.3175, lr_0 = 1.9059e-04
Loss = 5.9849e-03, PNorm = 128.0064, GNorm = 0.1165, lr_0 = 1.9052e-04
Loss = 3.8101e-03, PNorm = 128.0072, GNorm = 0.1566, lr_0 = 1.9044e-04
Loss = 4.8759e-03, PNorm = 128.0079, GNorm = 0.1656, lr_0 = 1.9037e-04
Loss = 4.7100e-03, PNorm = 128.0087, GNorm = 0.3081, lr_0 = 1.9030e-04
Loss = 6.7003e-03, PNorm = 128.0093, GNorm = 0.4644, lr_0 = 1.9022e-04
Loss = 3.6102e-03, PNorm = 128.0090, GNorm = 0.1796, lr_0 = 1.9015e-04
Loss = 3.7769e-03, PNorm = 128.0097, GNorm = 0.1590, lr_0 = 1.9008e-04
Loss = 4.7652e-03, PNorm = 128.0104, GNorm = 0.1200, lr_0 = 1.9000e-04
Loss = 3.6021e-03, PNorm = 128.0112, GNorm = 0.1227, lr_0 = 1.8993e-04
Loss = 3.8029e-03, PNorm = 128.0110, GNorm = 0.1695, lr_0 = 1.8986e-04
Loss = 5.1846e-03, PNorm = 128.0111, GNorm = 0.1489, lr_0 = 1.8979e-04
Loss = 3.3132e-03, PNorm = 128.0116, GNorm = 0.1211, lr_0 = 1.8971e-04
Loss = 3.9701e-03, PNorm = 128.0116, GNorm = 0.2813, lr_0 = 1.8964e-04
Loss = 5.2490e-03, PNorm = 128.0128, GNorm = 0.6337, lr_0 = 1.8957e-04
Loss = 4.9821e-03, PNorm = 128.0131, GNorm = 0.4174, lr_0 = 1.8949e-04
Loss = 6.2966e-03, PNorm = 128.0134, GNorm = 0.4386, lr_0 = 1.8942e-04
Loss = 3.7278e-03, PNorm = 128.0139, GNorm = 0.3428, lr_0 = 1.8935e-04
Loss = 3.6194e-03, PNorm = 128.0147, GNorm = 0.1710, lr_0 = 1.8927e-04
Loss = 3.5857e-03, PNorm = 128.0153, GNorm = 0.3287, lr_0 = 1.8920e-04
Loss = 2.9211e-03, PNorm = 128.0157, GNorm = 0.1273, lr_0 = 1.8913e-04
Loss = 4.4186e-03, PNorm = 128.0161, GNorm = 0.1833, lr_0 = 1.8906e-04
Loss = 4.3202e-03, PNorm = 128.0169, GNorm = 0.3418, lr_0 = 1.8898e-04
Loss = 5.6679e-03, PNorm = 128.0180, GNorm = 0.2247, lr_0 = 1.8891e-04
Loss = 7.1315e-03, PNorm = 128.0190, GNorm = 0.1764, lr_0 = 1.8884e-04
Loss = 6.5675e-03, PNorm = 128.0195, GNorm = 0.1287, lr_0 = 1.8877e-04
Loss = 5.2937e-03, PNorm = 128.0203, GNorm = 0.2846, lr_0 = 1.8869e-04
Loss = 5.2490e-03, PNorm = 128.0221, GNorm = 0.2380, lr_0 = 1.8862e-04
Loss = 4.8688e-03, PNorm = 128.0236, GNorm = 0.2404, lr_0 = 1.8855e-04
Loss = 4.9720e-03, PNorm = 128.0243, GNorm = 0.2614, lr_0 = 1.8848e-04
Loss = 4.9619e-03, PNorm = 128.0261, GNorm = 0.2525, lr_0 = 1.8840e-04
Loss = 4.9427e-03, PNorm = 128.0273, GNorm = 0.3035, lr_0 = 1.8833e-04
Loss = 4.1514e-03, PNorm = 128.0282, GNorm = 0.2138, lr_0 = 1.8826e-04
Loss = 3.3902e-03, PNorm = 128.0292, GNorm = 0.1535, lr_0 = 1.8819e-04
Loss = 5.4123e-03, PNorm = 128.0297, GNorm = 0.1143, lr_0 = 1.8811e-04
Loss = 4.0704e-03, PNorm = 128.0304, GNorm = 0.2841, lr_0 = 1.8804e-04
Loss = 7.8267e-03, PNorm = 128.0314, GNorm = 0.1348, lr_0 = 1.8797e-04
Loss = 3.7072e-03, PNorm = 128.0329, GNorm = 0.5656, lr_0 = 1.8790e-04
Loss = 5.1417e-03, PNorm = 128.0332, GNorm = 0.2830, lr_0 = 1.8782e-04
Loss = 3.6632e-03, PNorm = 128.0331, GNorm = 0.2421, lr_0 = 1.8775e-04
Loss = 4.8595e-03, PNorm = 128.0336, GNorm = 0.2828, lr_0 = 1.8768e-04
Loss = 3.3692e-03, PNorm = 128.0342, GNorm = 0.1925, lr_0 = 1.8761e-04
Loss = 3.2631e-03, PNorm = 128.0351, GNorm = 0.1144, lr_0 = 1.8754e-04
Loss = 6.5397e-03, PNorm = 128.0355, GNorm = 0.3263, lr_0 = 1.8746e-04
Loss = 3.4000e-03, PNorm = 128.0354, GNorm = 0.0947, lr_0 = 1.8739e-04
Loss = 5.7700e-03, PNorm = 128.0371, GNorm = 0.1422, lr_0 = 1.8732e-04
Loss = 4.9817e-03, PNorm = 128.0381, GNorm = 0.2917, lr_0 = 1.8725e-04
Loss = 4.1895e-03, PNorm = 128.0389, GNorm = 0.2399, lr_0 = 1.8718e-04
Loss = 4.3791e-03, PNorm = 128.0394, GNorm = 0.2175, lr_0 = 1.8710e-04
Loss = 3.7883e-03, PNorm = 128.0404, GNorm = 0.2607, lr_0 = 1.8703e-04
Loss = 3.9318e-03, PNorm = 128.0412, GNorm = 0.1203, lr_0 = 1.8696e-04
Loss = 3.2451e-03, PNorm = 128.0418, GNorm = 0.4506, lr_0 = 1.8689e-04
Loss = 4.2064e-03, PNorm = 128.0429, GNorm = 0.7345, lr_0 = 1.8682e-04
Loss = 6.2005e-03, PNorm = 128.0437, GNorm = 0.1558, lr_0 = 1.8674e-04
Loss = 4.5917e-03, PNorm = 128.0442, GNorm = 0.1706, lr_0 = 1.8667e-04
Loss = 4.9508e-03, PNorm = 128.0453, GNorm = 0.1862, lr_0 = 1.8660e-04
Loss = 6.3129e-03, PNorm = 128.0465, GNorm = 0.8406, lr_0 = 1.8653e-04
Loss = 3.3927e-03, PNorm = 128.0482, GNorm = 0.1489, lr_0 = 1.8646e-04
Loss = 3.6229e-03, PNorm = 128.0495, GNorm = 0.2047, lr_0 = 1.8639e-04
Loss = 3.3297e-03, PNorm = 128.0507, GNorm = 0.2973, lr_0 = 1.8631e-04
Loss = 3.9997e-03, PNorm = 128.0515, GNorm = 0.1969, lr_0 = 1.8624e-04
Loss = 3.4149e-03, PNorm = 128.0525, GNorm = 0.2879, lr_0 = 1.8617e-04
Loss = 4.3053e-03, PNorm = 128.0529, GNorm = 0.1833, lr_0 = 1.8610e-04
Loss = 2.9112e-03, PNorm = 128.0531, GNorm = 0.3489, lr_0 = 1.8603e-04
Loss = 7.2081e-03, PNorm = 128.0540, GNorm = 0.2834, lr_0 = 1.8596e-04
Loss = 3.8830e-03, PNorm = 128.0548, GNorm = 0.2044, lr_0 = 1.8588e-04
Loss = 3.5378e-03, PNorm = 128.0555, GNorm = 0.2396, lr_0 = 1.8581e-04
Loss = 3.8433e-03, PNorm = 128.0561, GNorm = 0.5037, lr_0 = 1.8574e-04
Loss = 4.4442e-03, PNorm = 128.0570, GNorm = 0.1187, lr_0 = 1.8567e-04
Loss = 3.4856e-03, PNorm = 128.0576, GNorm = 0.3004, lr_0 = 1.8560e-04
Loss = 5.2205e-03, PNorm = 128.0577, GNorm = 0.1476, lr_0 = 1.8553e-04
Loss = 5.5606e-03, PNorm = 128.0590, GNorm = 0.2716, lr_0 = 1.8546e-04
Loss = 3.8756e-03, PNorm = 128.0596, GNorm = 0.1339, lr_0 = 1.8538e-04
Loss = 7.5430e-03, PNorm = 128.0600, GNorm = 0.3081, lr_0 = 1.8531e-04
Loss = 3.4003e-03, PNorm = 128.0606, GNorm = 0.1724, lr_0 = 1.8524e-04
Loss = 2.9954e-03, PNorm = 128.0607, GNorm = 0.0970, lr_0 = 1.8517e-04
Loss = 6.0895e-03, PNorm = 128.0613, GNorm = 0.1370, lr_0 = 1.8510e-04
Loss = 4.9413e-03, PNorm = 128.0637, GNorm = 0.2892, lr_0 = 1.8503e-04
Loss = 4.6858e-03, PNorm = 128.0662, GNorm = 0.2986, lr_0 = 1.8496e-04
Loss = 3.9290e-03, PNorm = 128.0670, GNorm = 0.2738, lr_0 = 1.8489e-04
Loss = 3.3237e-03, PNorm = 128.0674, GNorm = 0.1708, lr_0 = 1.8481e-04
Loss = 4.5966e-03, PNorm = 128.0678, GNorm = 0.3387, lr_0 = 1.8474e-04
Loss = 3.5256e-03, PNorm = 128.0679, GNorm = 0.1900, lr_0 = 1.8467e-04
Loss = 5.4391e-03, PNorm = 128.0684, GNorm = 0.2300, lr_0 = 1.8460e-04
Loss = 4.8580e-03, PNorm = 128.0689, GNorm = 0.1987, lr_0 = 1.8453e-04
Loss = 3.6762e-03, PNorm = 128.0696, GNorm = 0.2048, lr_0 = 1.8446e-04
Loss = 4.6738e-03, PNorm = 128.0710, GNorm = 0.2955, lr_0 = 1.8439e-04
Loss = 4.9911e-03, PNorm = 128.0710, GNorm = 0.1890, lr_0 = 1.8432e-04
Loss = 4.3107e-03, PNorm = 128.0715, GNorm = 0.1582, lr_0 = 1.8425e-04
Loss = 3.7596e-03, PNorm = 128.0720, GNorm = 0.3035, lr_0 = 1.8418e-04
Loss = 4.9227e-03, PNorm = 128.0731, GNorm = 0.2441, lr_0 = 1.8411e-04
Loss = 5.3759e-03, PNorm = 128.0745, GNorm = 0.3549, lr_0 = 1.8403e-04
Loss = 5.0991e-03, PNorm = 128.0758, GNorm = 0.3595, lr_0 = 1.8396e-04
Loss = 4.3067e-03, PNorm = 128.0767, GNorm = 0.5413, lr_0 = 1.8389e-04
Loss = 5.2199e-03, PNorm = 128.0784, GNorm = 0.2088, lr_0 = 1.8382e-04
Loss = 5.4959e-03, PNorm = 128.0798, GNorm = 0.2348, lr_0 = 1.8375e-04
Loss = 3.7477e-03, PNorm = 128.0811, GNorm = 0.1261, lr_0 = 1.8368e-04
Loss = 6.1078e-03, PNorm = 128.0822, GNorm = 0.1459, lr_0 = 1.8361e-04
Loss = 3.6099e-03, PNorm = 128.0828, GNorm = 0.2354, lr_0 = 1.8354e-04
Loss = 4.4187e-03, PNorm = 128.0828, GNorm = 0.1567, lr_0 = 1.8347e-04
Loss = 3.5185e-03, PNorm = 128.0831, GNorm = 0.1799, lr_0 = 1.8340e-04
Loss = 3.5413e-03, PNorm = 128.0834, GNorm = 0.1498, lr_0 = 1.8333e-04
Loss = 4.3132e-03, PNorm = 128.0833, GNorm = 0.4042, lr_0 = 1.8326e-04
Loss = 6.4669e-03, PNorm = 128.0835, GNorm = 0.5133, lr_0 = 1.8319e-04
Loss = 4.5609e-03, PNorm = 128.0834, GNorm = 0.2705, lr_0 = 1.8312e-04
Loss = 4.6789e-03, PNorm = 128.0848, GNorm = 0.2605, lr_0 = 1.8305e-04
Loss = 3.6016e-03, PNorm = 128.0862, GNorm = 0.1659, lr_0 = 1.8298e-04
Loss = 3.2648e-03, PNorm = 128.0865, GNorm = 0.1921, lr_0 = 1.8291e-04
Loss = 3.2872e-03, PNorm = 128.0864, GNorm = 0.1319, lr_0 = 1.8284e-04
Loss = 3.5486e-03, PNorm = 128.0865, GNorm = 0.1158, lr_0 = 1.8276e-04
Loss = 2.9518e-03, PNorm = 128.0868, GNorm = 0.3880, lr_0 = 1.8269e-04
Loss = 3.2613e-03, PNorm = 128.0872, GNorm = 0.6530, lr_0 = 1.8262e-04
Loss = 6.2433e-03, PNorm = 128.0870, GNorm = 0.2739, lr_0 = 1.8255e-04
Loss = 3.7569e-03, PNorm = 128.0871, GNorm = 0.1294, lr_0 = 1.8248e-04
Loss = 4.4557e-03, PNorm = 128.0883, GNorm = 0.2118, lr_0 = 1.8241e-04
Loss = 4.9687e-03, PNorm = 128.0898, GNorm = 0.1605, lr_0 = 1.8234e-04
Loss = 4.6895e-03, PNorm = 128.0909, GNorm = 0.2537, lr_0 = 1.8227e-04
Loss = 5.5813e-03, PNorm = 128.0917, GNorm = 0.2250, lr_0 = 1.8220e-04
Loss = 4.7434e-03, PNorm = 128.0934, GNorm = 0.1497, lr_0 = 1.8213e-04
Loss = 3.4316e-03, PNorm = 128.0945, GNorm = 0.1898, lr_0 = 1.8206e-04
Loss = 5.3512e-03, PNorm = 128.0960, GNorm = 0.4930, lr_0 = 1.8199e-04
Loss = 6.0251e-03, PNorm = 128.0974, GNorm = 0.3145, lr_0 = 1.8192e-04
Loss = 4.6994e-03, PNorm = 128.0987, GNorm = 0.1222, lr_0 = 1.8185e-04
Loss = 4.6551e-03, PNorm = 128.0993, GNorm = 0.2034, lr_0 = 1.8178e-04
Loss = 6.4334e-03, PNorm = 128.1000, GNorm = 0.4492, lr_0 = 1.8171e-04
Loss = 5.0018e-03, PNorm = 128.1012, GNorm = 0.2492, lr_0 = 1.8164e-04
Loss = 6.2045e-03, PNorm = 128.1023, GNorm = 0.9741, lr_0 = 1.8157e-04
Loss = 6.7903e-03, PNorm = 128.1029, GNorm = 0.4210, lr_0 = 1.8150e-04
Loss = 3.9834e-03, PNorm = 128.1030, GNorm = 0.4202, lr_0 = 1.8143e-04
Loss = 6.1213e-03, PNorm = 128.1041, GNorm = 0.2766, lr_0 = 1.8136e-04
Loss = 3.0341e-03, PNorm = 128.1045, GNorm = 0.1622, lr_0 = 1.8129e-04
Loss = 5.3628e-03, PNorm = 128.1049, GNorm = 0.1042, lr_0 = 1.8122e-04
Loss = 5.3412e-03, PNorm = 128.1066, GNorm = 0.1976, lr_0 = 1.8116e-04
Loss = 3.4847e-03, PNorm = 128.1081, GNorm = 0.1374, lr_0 = 1.8109e-04
Loss = 4.2695e-03, PNorm = 128.1088, GNorm = 0.2567, lr_0 = 1.8102e-04
Loss = 5.2871e-03, PNorm = 128.1096, GNorm = 0.5950, lr_0 = 1.8095e-04
Loss = 5.7232e-03, PNorm = 128.1101, GNorm = 0.1373, lr_0 = 1.8088e-04
Loss = 6.6126e-03, PNorm = 128.1102, GNorm = 0.1678, lr_0 = 1.8081e-04
Loss = 4.2766e-03, PNorm = 128.1108, GNorm = 0.1534, lr_0 = 1.8074e-04
Loss = 2.9408e-03, PNorm = 128.1112, GNorm = 0.2872, lr_0 = 1.8067e-04
Loss = 3.3877e-03, PNorm = 128.1113, GNorm = 0.1556, lr_0 = 1.8060e-04
Loss = 8.7566e-03, PNorm = 128.1115, GNorm = 0.3481, lr_0 = 1.8053e-04
Loss = 3.8022e-03, PNorm = 128.1120, GNorm = 0.2634, lr_0 = 1.8046e-04
Loss = 4.0460e-03, PNorm = 128.1124, GNorm = 0.2580, lr_0 = 1.8039e-04
Loss = 4.0113e-03, PNorm = 128.1121, GNorm = 0.2440, lr_0 = 1.8032e-04
Loss = 6.4940e-03, PNorm = 128.1120, GNorm = 0.0947, lr_0 = 1.8025e-04
Loss = 5.4764e-03, PNorm = 128.1128, GNorm = 0.2938, lr_0 = 1.8018e-04
Loss = 2.4131e-03, PNorm = 128.1136, GNorm = 0.3671, lr_0 = 1.8011e-04
Loss = 4.1130e-03, PNorm = 128.1150, GNorm = 0.5266, lr_0 = 1.8004e-04
Loss = 4.3736e-03, PNorm = 128.1160, GNorm = 0.1750, lr_0 = 1.7997e-04
Loss = 3.5769e-03, PNorm = 128.1165, GNorm = 0.1534, lr_0 = 1.7991e-04
Loss = 7.3566e-03, PNorm = 128.1159, GNorm = 0.1423, lr_0 = 1.7984e-04
Loss = 4.7214e-03, PNorm = 128.1167, GNorm = 0.1950, lr_0 = 1.7977e-04
Loss = 4.1333e-03, PNorm = 128.1167, GNorm = 0.3407, lr_0 = 1.7970e-04
Loss = 5.3238e-03, PNorm = 128.1164, GNorm = 0.3155, lr_0 = 1.7963e-04
Loss = 3.4222e-03, PNorm = 128.1173, GNorm = 1.1195, lr_0 = 1.7956e-04
Loss = 4.6454e-03, PNorm = 128.1185, GNorm = 0.2781, lr_0 = 1.7949e-04
Loss = 4.9672e-03, PNorm = 128.1194, GNorm = 0.5323, lr_0 = 1.7942e-04
Loss = 4.5782e-03, PNorm = 128.1193, GNorm = 0.1809, lr_0 = 1.7935e-04
Loss = 2.6304e-03, PNorm = 128.1196, GNorm = 0.1507, lr_0 = 1.7928e-04
Loss = 3.5416e-03, PNorm = 128.1200, GNorm = 0.4197, lr_0 = 1.7921e-04
Loss = 3.9151e-03, PNorm = 128.1207, GNorm = 0.4430, lr_0 = 1.7915e-04
Loss = 3.5461e-03, PNorm = 128.1218, GNorm = 0.1702, lr_0 = 1.7908e-04
Loss = 3.5184e-03, PNorm = 128.1219, GNorm = 0.1364, lr_0 = 1.7901e-04
Loss = 5.5121e-03, PNorm = 128.1218, GNorm = 0.1372, lr_0 = 1.7894e-04
Loss = 2.6026e-03, PNorm = 128.1219, GNorm = 0.1100, lr_0 = 1.7887e-04
Loss = 5.4384e-03, PNorm = 128.1218, GNorm = 0.2038, lr_0 = 1.7880e-04
Loss = 4.1831e-03, PNorm = 128.1216, GNorm = 0.1534, lr_0 = 1.7873e-04
Loss = 4.3329e-03, PNorm = 128.1223, GNorm = 0.1800, lr_0 = 1.7866e-04
Loss = 4.5311e-03, PNorm = 128.1240, GNorm = 0.2863, lr_0 = 1.7860e-04
Loss = 5.1569e-03, PNorm = 128.1252, GNorm = 0.1008, lr_0 = 1.7853e-04
Loss = 6.7022e-03, PNorm = 128.1267, GNorm = 0.1907, lr_0 = 1.7846e-04
Loss = 3.2379e-03, PNorm = 128.1278, GNorm = 0.1800, lr_0 = 1.7839e-04
Loss = 4.2202e-03, PNorm = 128.1284, GNorm = 0.2320, lr_0 = 1.7832e-04
Loss = 4.1847e-03, PNorm = 128.1292, GNorm = 0.5033, lr_0 = 1.7825e-04
Loss = 5.6578e-03, PNorm = 128.1299, GNorm = 0.1871, lr_0 = 1.7818e-04
Loss = 4.6407e-03, PNorm = 128.1305, GNorm = 0.2043, lr_0 = 1.7812e-04
Loss = 4.1256e-03, PNorm = 128.1309, GNorm = 0.2069, lr_0 = 1.7805e-04
Loss = 3.9887e-03, PNorm = 128.1314, GNorm = 0.8248, lr_0 = 1.7798e-04
Loss = 5.2027e-03, PNorm = 128.1319, GNorm = 1.0132, lr_0 = 1.7791e-04
Loss = 5.7343e-03, PNorm = 128.1324, GNorm = 0.6583, lr_0 = 1.7784e-04
Loss = 5.9215e-03, PNorm = 128.1335, GNorm = 0.3174, lr_0 = 1.7777e-04
Loss = 3.8843e-03, PNorm = 128.1343, GNorm = 0.1838, lr_0 = 1.7770e-04
Loss = 2.7249e-03, PNorm = 128.1355, GNorm = 0.1769, lr_0 = 1.7764e-04
Loss = 2.7055e-03, PNorm = 128.1372, GNorm = 0.2668, lr_0 = 1.7757e-04
Loss = 3.5520e-03, PNorm = 128.1384, GNorm = 0.2254, lr_0 = 1.7750e-04
Loss = 4.5207e-03, PNorm = 128.1390, GNorm = 0.2598, lr_0 = 1.7743e-04
Loss = 4.1054e-03, PNorm = 128.1400, GNorm = 0.1576, lr_0 = 1.7736e-04
Loss = 4.5875e-03, PNorm = 128.1403, GNorm = 0.2518, lr_0 = 1.7730e-04
Loss = 4.0944e-03, PNorm = 128.1400, GNorm = 0.1463, lr_0 = 1.7723e-04
Loss = 3.5071e-03, PNorm = 128.1405, GNorm = 0.1230, lr_0 = 1.7716e-04
Loss = 4.6020e-03, PNorm = 128.1417, GNorm = 0.2421, lr_0 = 1.7709e-04
Loss = 4.0254e-03, PNorm = 128.1431, GNorm = 0.2159, lr_0 = 1.7702e-04
Loss = 3.2807e-03, PNorm = 128.1450, GNorm = 0.2511, lr_0 = 1.7695e-04
Loss = 3.1058e-03, PNorm = 128.1461, GNorm = 0.1974, lr_0 = 1.7689e-04
Loss = 4.4577e-03, PNorm = 128.1472, GNorm = 0.1685, lr_0 = 1.7682e-04
Loss = 3.5698e-03, PNorm = 128.1483, GNorm = 0.1532, lr_0 = 1.7675e-04
Loss = 4.1750e-03, PNorm = 128.1493, GNorm = 0.2304, lr_0 = 1.7668e-04
Loss = 2.6161e-03, PNorm = 128.1499, GNorm = 0.1029, lr_0 = 1.7661e-04
Loss = 3.3653e-03, PNorm = 128.1502, GNorm = 0.1203, lr_0 = 1.7655e-04
Loss = 4.0956e-03, PNorm = 128.1506, GNorm = 0.2372, lr_0 = 1.7648e-04
Loss = 4.1310e-03, PNorm = 128.1508, GNorm = 0.1523, lr_0 = 1.7641e-04
Loss = 6.4212e-03, PNorm = 128.1508, GNorm = 0.1954, lr_0 = 1.7634e-04
Loss = 5.2798e-03, PNorm = 128.1505, GNorm = 0.2343, lr_0 = 1.7628e-04
Loss = 4.6753e-03, PNorm = 128.1509, GNorm = 0.4334, lr_0 = 1.7621e-04
Loss = 3.4116e-03, PNorm = 128.1509, GNorm = 0.2916, lr_0 = 1.7614e-04
Loss = 3.6651e-03, PNorm = 128.1516, GNorm = 0.2418, lr_0 = 1.7607e-04
Loss = 3.2485e-03, PNorm = 128.1531, GNorm = 0.1746, lr_0 = 1.7600e-04
Loss = 4.5444e-03, PNorm = 128.1538, GNorm = 0.3321, lr_0 = 1.7594e-04
Loss = 5.0435e-03, PNorm = 128.1536, GNorm = 0.3825, lr_0 = 1.7587e-04
Loss = 4.4485e-03, PNorm = 128.1542, GNorm = 0.3191, lr_0 = 1.7580e-04
Loss = 5.0446e-03, PNorm = 128.1558, GNorm = 0.1547, lr_0 = 1.7573e-04
Loss = 5.6756e-03, PNorm = 128.1565, GNorm = 0.2226, lr_0 = 1.7567e-04
Loss = 4.2496e-03, PNorm = 128.1569, GNorm = 0.2134, lr_0 = 1.7560e-04
Loss = 3.7482e-03, PNorm = 128.1570, GNorm = 0.1832, lr_0 = 1.7553e-04
Loss = 3.6111e-03, PNorm = 128.1565, GNorm = 0.2774, lr_0 = 1.7546e-04
Loss = 3.7098e-03, PNorm = 128.1571, GNorm = 0.2640, lr_0 = 1.7540e-04
Loss = 6.0451e-03, PNorm = 128.1578, GNorm = 0.2426, lr_0 = 1.7533e-04
Loss = 3.4211e-03, PNorm = 128.1581, GNorm = 0.2303, lr_0 = 1.7526e-04
Loss = 5.0692e-03, PNorm = 128.1595, GNorm = 0.2630, lr_0 = 1.7519e-04
Loss = 3.3540e-03, PNorm = 128.1605, GNorm = 0.2024, lr_0 = 1.7513e-04
Loss = 3.0749e-03, PNorm = 128.1609, GNorm = 0.0947, lr_0 = 1.7506e-04
Loss = 3.7533e-03, PNorm = 128.1614, GNorm = 0.2279, lr_0 = 1.7499e-04
Loss = 5.3558e-03, PNorm = 128.1625, GNorm = 0.1703, lr_0 = 1.7492e-04
Loss = 4.8851e-03, PNorm = 128.1633, GNorm = 0.3369, lr_0 = 1.7486e-04
Loss = 3.1273e-03, PNorm = 128.1638, GNorm = 0.1392, lr_0 = 1.7479e-04
Loss = 8.2914e-03, PNorm = 128.1635, GNorm = 0.5178, lr_0 = 1.7472e-04
Loss = 4.8853e-03, PNorm = 128.1628, GNorm = 0.3280, lr_0 = 1.7466e-04
Loss = 3.8514e-03, PNorm = 128.1632, GNorm = 0.3919, lr_0 = 1.7459e-04
Loss = 5.0652e-03, PNorm = 128.1639, GNorm = 0.1894, lr_0 = 1.7452e-04
Loss = 7.3960e-03, PNorm = 128.1646, GNorm = 0.2744, lr_0 = 1.7445e-04
Loss = 3.3105e-03, PNorm = 128.1653, GNorm = 0.4466, lr_0 = 1.7439e-04
Loss = 4.9153e-03, PNorm = 128.1644, GNorm = 0.2453, lr_0 = 1.7432e-04
Loss = 4.0824e-03, PNorm = 128.1645, GNorm = 0.3262, lr_0 = 1.7425e-04
Loss = 3.9633e-03, PNorm = 128.1653, GNorm = 0.2754, lr_0 = 1.7419e-04
Loss = 4.1333e-03, PNorm = 128.1662, GNorm = 0.1997, lr_0 = 1.7412e-04
Loss = 5.7909e-03, PNorm = 128.1677, GNorm = 0.2020, lr_0 = 1.7405e-04
Loss = 3.6903e-03, PNorm = 128.1687, GNorm = 0.2479, lr_0 = 1.7399e-04
Loss = 2.8884e-03, PNorm = 128.1695, GNorm = 0.2894, lr_0 = 1.7392e-04
Loss = 3.9507e-03, PNorm = 128.1709, GNorm = 0.2308, lr_0 = 1.7385e-04
Loss = 4.3414e-03, PNorm = 128.1717, GNorm = 0.1383, lr_0 = 1.7378e-04
Loss = 6.6817e-03, PNorm = 128.1724, GNorm = 0.1373, lr_0 = 1.7372e-04
Loss = 4.3372e-03, PNorm = 128.1727, GNorm = 0.3400, lr_0 = 1.7365e-04
Loss = 3.4899e-03, PNorm = 128.1741, GNorm = 0.1659, lr_0 = 1.7358e-04
Loss = 3.5043e-03, PNorm = 128.1751, GNorm = 0.1306, lr_0 = 1.7352e-04
Loss = 3.3888e-03, PNorm = 128.1754, GNorm = 0.1489, lr_0 = 1.7345e-04
Loss = 3.4313e-03, PNorm = 128.1748, GNorm = 0.1308, lr_0 = 1.7338e-04
Loss = 3.4103e-03, PNorm = 128.1745, GNorm = 0.1653, lr_0 = 1.7332e-04
Loss = 4.3827e-03, PNorm = 128.1743, GNorm = 0.1713, lr_0 = 1.7325e-04
Loss = 3.1772e-03, PNorm = 128.1743, GNorm = 0.3604, lr_0 = 1.7318e-04
Loss = 4.0802e-03, PNorm = 128.1741, GNorm = 0.2307, lr_0 = 1.7312e-04
Loss = 5.9510e-03, PNorm = 128.1739, GNorm = 0.4400, lr_0 = 1.7305e-04
Loss = 3.7060e-03, PNorm = 128.1745, GNorm = 0.4285, lr_0 = 1.7298e-04
Loss = 3.8256e-03, PNorm = 128.1753, GNorm = 0.2289, lr_0 = 1.7292e-04
Loss = 3.5370e-03, PNorm = 128.1758, GNorm = 0.2282, lr_0 = 1.7285e-04
Loss = 4.8526e-03, PNorm = 128.1763, GNorm = 0.2095, lr_0 = 1.7278e-04
Loss = 3.3090e-03, PNorm = 128.1769, GNorm = 0.2782, lr_0 = 1.7272e-04
Loss = 5.0250e-03, PNorm = 128.1784, GNorm = 0.1398, lr_0 = 1.7265e-04
Loss = 3.8347e-03, PNorm = 128.1792, GNorm = 0.3354, lr_0 = 1.7259e-04
Loss = 3.3460e-03, PNorm = 128.1803, GNorm = 0.1676, lr_0 = 1.7252e-04
Loss = 5.0011e-03, PNorm = 128.1820, GNorm = 0.2580, lr_0 = 1.7245e-04
Loss = 4.7868e-03, PNorm = 128.1839, GNorm = 0.1517, lr_0 = 1.7239e-04
Loss = 3.2093e-03, PNorm = 128.1853, GNorm = 0.1535, lr_0 = 1.7232e-04
Loss = 4.2188e-03, PNorm = 128.1859, GNorm = 0.2561, lr_0 = 1.7225e-04
Loss = 3.3467e-03, PNorm = 128.1861, GNorm = 0.2239, lr_0 = 1.7219e-04
Loss = 5.4352e-03, PNorm = 128.1872, GNorm = 0.1595, lr_0 = 1.7212e-04
Loss = 3.3277e-03, PNorm = 128.1880, GNorm = 0.1705, lr_0 = 1.7206e-04
Loss = 7.8732e-03, PNorm = 128.1897, GNorm = 0.5849, lr_0 = 1.7199e-04
Loss = 4.5815e-03, PNorm = 128.1915, GNorm = 0.2432, lr_0 = 1.7192e-04
Loss = 3.4363e-03, PNorm = 128.1914, GNorm = 0.2573, lr_0 = 1.7186e-04
Loss = 4.9375e-03, PNorm = 128.1904, GNorm = 0.1116, lr_0 = 1.7179e-04
Loss = 6.0504e-03, PNorm = 128.1893, GNorm = 0.4687, lr_0 = 1.7172e-04
Loss = 4.3927e-03, PNorm = 128.1885, GNorm = 0.1602, lr_0 = 1.7166e-04
Loss = 5.5706e-03, PNorm = 128.1892, GNorm = 0.1318, lr_0 = 1.7159e-04
Loss = 3.1589e-03, PNorm = 128.1897, GNorm = 0.3118, lr_0 = 1.7153e-04
Loss = 3.0062e-03, PNorm = 128.1897, GNorm = 0.2130, lr_0 = 1.7146e-04
Loss = 4.9854e-03, PNorm = 128.1900, GNorm = 0.1911, lr_0 = 1.7139e-04
Loss = 5.5656e-03, PNorm = 128.1910, GNorm = 0.1911, lr_0 = 1.7133e-04
Loss = 3.7074e-03, PNorm = 128.1914, GNorm = 0.1467, lr_0 = 1.7126e-04
Loss = 5.9479e-03, PNorm = 128.1922, GNorm = 0.3406, lr_0 = 1.7120e-04
Loss = 4.7977e-03, PNorm = 128.1924, GNorm = 0.2270, lr_0 = 1.7113e-04
Loss = 5.4675e-03, PNorm = 128.1927, GNorm = 0.2169, lr_0 = 1.7107e-04
Loss = 5.0395e-03, PNorm = 128.1938, GNorm = 0.1898, lr_0 = 1.7100e-04
Loss = 6.3882e-03, PNorm = 128.1953, GNorm = 0.2746, lr_0 = 1.7093e-04
Loss = 4.5088e-03, PNorm = 128.1965, GNorm = 0.2187, lr_0 = 1.7087e-04
Loss = 5.1278e-03, PNorm = 128.1965, GNorm = 0.2368, lr_0 = 1.7080e-04
Loss = 4.1150e-03, PNorm = 128.1965, GNorm = 0.2189, lr_0 = 1.7074e-04
Loss = 4.6820e-03, PNorm = 128.1964, GNorm = 0.2733, lr_0 = 1.7067e-04
Loss = 3.9659e-03, PNorm = 128.1969, GNorm = 0.2166, lr_0 = 1.7061e-04
Loss = 5.4637e-03, PNorm = 128.1984, GNorm = 0.1987, lr_0 = 1.7054e-04
Loss = 5.6700e-03, PNorm = 128.1987, GNorm = 0.2158, lr_0 = 1.7047e-04
Loss = 3.7126e-03, PNorm = 128.1994, GNorm = 0.1545, lr_0 = 1.7041e-04
Loss = 3.9098e-03, PNorm = 128.2012, GNorm = 0.1608, lr_0 = 1.7034e-04
Loss = 6.7064e-03, PNorm = 128.2024, GNorm = 0.1064, lr_0 = 1.7028e-04
Loss = 2.4156e-03, PNorm = 128.2032, GNorm = 0.1137, lr_0 = 1.7021e-04
Loss = 3.0855e-03, PNorm = 128.2042, GNorm = 0.1626, lr_0 = 1.7015e-04
Loss = 3.8087e-03, PNorm = 128.2053, GNorm = 0.1774, lr_0 = 1.7008e-04
Loss = 4.0788e-03, PNorm = 128.2064, GNorm = 0.2637, lr_0 = 1.7002e-04
Loss = 3.6650e-03, PNorm = 128.2066, GNorm = 0.1139, lr_0 = 1.6995e-04
Loss = 4.5705e-03, PNorm = 128.2069, GNorm = 0.1119, lr_0 = 1.6989e-04
Loss = 2.9998e-03, PNorm = 128.2073, GNorm = 0.2636, lr_0 = 1.6982e-04
Loss = 5.9694e-03, PNorm = 128.2080, GNorm = 0.2083, lr_0 = 1.6975e-04
Loss = 3.9315e-03, PNorm = 128.2082, GNorm = 0.1413, lr_0 = 1.6969e-04
Loss = 4.1926e-03, PNorm = 128.2085, GNorm = 0.2873, lr_0 = 1.6962e-04
Loss = 2.5189e-03, PNorm = 128.2096, GNorm = 0.1846, lr_0 = 1.6956e-04
Loss = 3.2830e-03, PNorm = 128.2102, GNorm = 0.1331, lr_0 = 1.6949e-04
Loss = 2.5775e-03, PNorm = 128.2102, GNorm = 0.1248, lr_0 = 1.6943e-04
Loss = 3.8514e-03, PNorm = 128.2104, GNorm = 0.2838, lr_0 = 1.6936e-04
Loss = 5.3397e-03, PNorm = 128.2105, GNorm = 0.5077, lr_0 = 1.6930e-04
Loss = 5.1819e-03, PNorm = 128.2111, GNorm = 0.1720, lr_0 = 1.6923e-04
Loss = 2.6169e-03, PNorm = 128.2120, GNorm = 0.2112, lr_0 = 1.6917e-04
Loss = 3.1152e-03, PNorm = 128.2130, GNorm = 0.1737, lr_0 = 1.6910e-04
Loss = 2.7093e-03, PNorm = 128.2139, GNorm = 0.1088, lr_0 = 1.6904e-04
Loss = 4.6124e-03, PNorm = 128.2148, GNorm = 0.2788, lr_0 = 1.6897e-04
Loss = 3.6159e-03, PNorm = 128.2155, GNorm = 0.2398, lr_0 = 1.6891e-04
Loss = 2.9728e-03, PNorm = 128.2161, GNorm = 0.2366, lr_0 = 1.6884e-04
Loss = 4.0148e-03, PNorm = 128.2170, GNorm = 0.1593, lr_0 = 1.6878e-04
Loss = 4.0744e-03, PNorm = 128.2176, GNorm = 0.2879, lr_0 = 1.6871e-04
Loss = 3.4813e-03, PNorm = 128.2184, GNorm = 0.2258, lr_0 = 1.6865e-04
Loss = 4.8940e-03, PNorm = 128.2190, GNorm = 0.1853, lr_0 = 1.6858e-04
Loss = 3.7640e-03, PNorm = 128.2195, GNorm = 0.1243, lr_0 = 1.6852e-04
Loss = 4.8567e-03, PNorm = 128.2202, GNorm = 0.5234, lr_0 = 1.6845e-04
Loss = 6.5621e-03, PNorm = 128.2210, GNorm = 0.2017, lr_0 = 1.6839e-04
Loss = 3.5204e-03, PNorm = 128.2223, GNorm = 0.1729, lr_0 = 1.6832e-04
Loss = 4.5475e-03, PNorm = 128.2229, GNorm = 0.2635, lr_0 = 1.6826e-04
Loss = 5.2460e-03, PNorm = 128.2236, GNorm = 0.1278, lr_0 = 1.6820e-04
Loss = 5.4277e-03, PNorm = 128.2242, GNorm = 0.1972, lr_0 = 1.6813e-04
Loss = 3.8258e-03, PNorm = 128.2244, GNorm = 0.1221, lr_0 = 1.6807e-04
Loss = 6.3586e-03, PNorm = 128.2244, GNorm = 2.6356, lr_0 = 1.6800e-04
Loss = 7.0259e-03, PNorm = 128.2246, GNorm = 0.1864, lr_0 = 1.6794e-04
Loss = 4.9213e-03, PNorm = 128.2249, GNorm = 0.1810, lr_0 = 1.6787e-04
Loss = 5.8539e-03, PNorm = 128.2259, GNorm = 0.2308, lr_0 = 1.6781e-04
Loss = 4.0043e-03, PNorm = 128.2264, GNorm = 0.2366, lr_0 = 1.6774e-04
Loss = 2.4649e-03, PNorm = 128.2266, GNorm = 0.2554, lr_0 = 1.6768e-04
Loss = 6.2092e-03, PNorm = 128.2272, GNorm = 0.4048, lr_0 = 1.6761e-04
Loss = 4.7722e-03, PNorm = 128.2277, GNorm = 0.2679, lr_0 = 1.6755e-04
Loss = 2.6838e-03, PNorm = 128.2286, GNorm = 0.1603, lr_0 = 1.6749e-04
Loss = 3.3053e-03, PNorm = 128.2293, GNorm = 0.1667, lr_0 = 1.6742e-04
Loss = 5.5958e-03, PNorm = 128.2307, GNorm = 0.2534, lr_0 = 1.6736e-04
Loss = 4.0452e-03, PNorm = 128.2319, GNorm = 0.0894, lr_0 = 1.6729e-04
Loss = 3.9940e-03, PNorm = 128.2329, GNorm = 0.2389, lr_0 = 1.6723e-04
Loss = 5.3488e-03, PNorm = 128.2329, GNorm = 0.2799, lr_0 = 1.6716e-04
Loss = 3.8857e-03, PNorm = 128.2333, GNorm = 0.3036, lr_0 = 1.6710e-04
Loss = 3.6276e-03, PNorm = 128.2338, GNorm = 0.1673, lr_0 = 1.6703e-04
Loss = 4.6058e-03, PNorm = 128.2352, GNorm = 0.4878, lr_0 = 1.6697e-04
Loss = 4.2950e-03, PNorm = 128.2362, GNorm = 0.5937, lr_0 = 1.6691e-04
Loss = 4.0295e-03, PNorm = 128.2380, GNorm = 0.1813, lr_0 = 1.6684e-04
Loss = 5.4430e-03, PNorm = 128.2388, GNorm = 0.6908, lr_0 = 1.6678e-04
Loss = 4.2087e-03, PNorm = 128.2386, GNorm = 0.3182, lr_0 = 1.6671e-04
Loss = 4.0630e-03, PNorm = 128.2381, GNorm = 0.2676, lr_0 = 1.6665e-04
Loss = 4.4433e-03, PNorm = 128.2387, GNorm = 0.2806, lr_0 = 1.6659e-04
Loss = 4.0177e-03, PNorm = 128.2388, GNorm = 0.2337, lr_0 = 1.6652e-04
Loss = 7.3241e-03, PNorm = 128.2399, GNorm = 0.2454, lr_0 = 1.6646e-04
Loss = 3.7361e-03, PNorm = 128.2413, GNorm = 0.1349, lr_0 = 1.6639e-04
Loss = 3.9257e-03, PNorm = 128.2418, GNorm = 0.3428, lr_0 = 1.6633e-04
Loss = 7.0506e-03, PNorm = 128.2422, GNorm = 0.3082, lr_0 = 1.6627e-04
Loss = 3.5723e-03, PNorm = 128.2427, GNorm = 0.3202, lr_0 = 1.6620e-04
Loss = 3.3324e-03, PNorm = 128.2435, GNorm = 0.2217, lr_0 = 1.6614e-04
Loss = 4.3661e-03, PNorm = 128.2445, GNorm = 0.1096, lr_0 = 1.6607e-04
Loss = 4.5370e-03, PNorm = 128.2455, GNorm = 0.2874, lr_0 = 1.6601e-04
Loss = 4.0446e-03, PNorm = 128.2456, GNorm = 0.3741, lr_0 = 1.6595e-04
Loss = 3.2591e-03, PNorm = 128.2465, GNorm = 0.2024, lr_0 = 1.6588e-04
Loss = 3.5182e-03, PNorm = 128.2473, GNorm = 0.2641, lr_0 = 1.6582e-04
Loss = 3.5071e-03, PNorm = 128.2480, GNorm = 0.1399, lr_0 = 1.6575e-04
Loss = 2.6267e-03, PNorm = 128.2491, GNorm = 0.0966, lr_0 = 1.6569e-04
Loss = 3.5917e-03, PNorm = 128.2503, GNorm = 0.1206, lr_0 = 1.6563e-04
Loss = 4.6841e-03, PNorm = 128.2508, GNorm = 0.3390, lr_0 = 1.6556e-04
Loss = 3.4617e-03, PNorm = 128.2513, GNorm = 0.4603, lr_0 = 1.6550e-04
Loss = 3.9012e-03, PNorm = 128.2524, GNorm = 0.2512, lr_0 = 1.6544e-04
Loss = 5.6290e-03, PNorm = 128.2525, GNorm = 0.1393, lr_0 = 1.6537e-04
Loss = 5.9519e-03, PNorm = 128.2521, GNorm = 0.3020, lr_0 = 1.6531e-04
Loss = 3.5676e-03, PNorm = 128.2526, GNorm = 0.1275, lr_0 = 1.6525e-04
Loss = 3.4289e-03, PNorm = 128.2537, GNorm = 0.1441, lr_0 = 1.6518e-04
Loss = 5.2606e-03, PNorm = 128.2547, GNorm = 0.3276, lr_0 = 1.6512e-04
Loss = 2.9838e-03, PNorm = 128.2550, GNorm = 0.2619, lr_0 = 1.6506e-04
Loss = 3.1348e-03, PNorm = 128.2556, GNorm = 0.3778, lr_0 = 1.6499e-04
Loss = 3.8015e-03, PNorm = 128.2575, GNorm = 0.4254, lr_0 = 1.6493e-04
Loss = 4.1188e-03, PNorm = 128.2586, GNorm = 0.2125, lr_0 = 1.6486e-04
Loss = 5.2610e-03, PNorm = 128.2587, GNorm = 0.2818, lr_0 = 1.6480e-04
Loss = 3.5615e-03, PNorm = 128.2590, GNorm = 0.3150, lr_0 = 1.6474e-04
Loss = 3.4116e-03, PNorm = 128.2601, GNorm = 0.1642, lr_0 = 1.6467e-04
Loss = 5.6856e-03, PNorm = 128.2610, GNorm = 0.1872, lr_0 = 1.6461e-04
Loss = 2.5048e-03, PNorm = 128.2608, GNorm = 0.0986, lr_0 = 1.6455e-04
Loss = 4.5023e-03, PNorm = 128.2609, GNorm = 0.1817, lr_0 = 1.6448e-04
Loss = 4.3788e-03, PNorm = 128.2615, GNorm = 0.2133, lr_0 = 1.6442e-04
Loss = 3.6239e-03, PNorm = 128.2621, GNorm = 0.1963, lr_0 = 1.6436e-04
Loss = 4.0856e-03, PNorm = 128.2625, GNorm = 0.2259, lr_0 = 1.6430e-04
Loss = 8.1675e-03, PNorm = 128.2628, GNorm = 2.0954, lr_0 = 1.6423e-04
Loss = 2.9605e-03, PNorm = 128.2633, GNorm = 0.1674, lr_0 = 1.6417e-04
Loss = 3.4342e-03, PNorm = 128.2632, GNorm = 0.1839, lr_0 = 1.6411e-04
Loss = 3.3626e-03, PNorm = 128.2633, GNorm = 0.2299, lr_0 = 1.6404e-04
Loss = 4.9629e-03, PNorm = 128.2629, GNorm = 0.1838, lr_0 = 1.6398e-04
Loss = 4.8582e-03, PNorm = 128.2635, GNorm = 0.2431, lr_0 = 1.6392e-04
Loss = 3.0524e-03, PNorm = 128.2637, GNorm = 0.1715, lr_0 = 1.6385e-04
Loss = 6.3273e-03, PNorm = 128.2638, GNorm = 0.3661, lr_0 = 1.6379e-04
Loss = 5.0477e-03, PNorm = 128.2639, GNorm = 0.3392, lr_0 = 1.6373e-04
Loss = 4.8465e-03, PNorm = 128.2650, GNorm = 0.2694, lr_0 = 1.6366e-04
Loss = 3.7627e-03, PNorm = 128.2663, GNorm = 0.2127, lr_0 = 1.6360e-04
Loss = 6.1660e-03, PNorm = 128.2675, GNorm = 0.2082, lr_0 = 1.6354e-04
Loss = 5.7219e-03, PNorm = 128.2678, GNorm = 0.1257, lr_0 = 1.6348e-04
Loss = 4.0754e-03, PNorm = 128.2679, GNorm = 0.3575, lr_0 = 1.6341e-04
Loss = 4.8378e-03, PNorm = 128.2677, GNorm = 0.2272, lr_0 = 1.6335e-04
Loss = 4.3843e-03, PNorm = 128.2688, GNorm = 0.3603, lr_0 = 1.6329e-04
Loss = 3.8158e-03, PNorm = 128.2696, GNorm = 0.1325, lr_0 = 1.6322e-04
Loss = 4.4877e-03, PNorm = 128.2699, GNorm = 0.1265, lr_0 = 1.6316e-04
Loss = 3.5534e-03, PNorm = 128.2708, GNorm = 0.1628, lr_0 = 1.6310e-04
Loss = 4.3576e-03, PNorm = 128.2713, GNorm = 0.2748, lr_0 = 1.6304e-04
Loss = 5.3033e-03, PNorm = 128.2720, GNorm = 0.2225, lr_0 = 1.6297e-04
Loss = 2.8273e-03, PNorm = 128.2725, GNorm = 0.1503, lr_0 = 1.6291e-04
Loss = 3.4117e-03, PNorm = 128.2726, GNorm = 0.1442, lr_0 = 1.6285e-04
Loss = 4.0063e-03, PNorm = 128.2729, GNorm = 0.2355, lr_0 = 1.6279e-04
Loss = 3.5950e-03, PNorm = 128.2733, GNorm = 0.2889, lr_0 = 1.6272e-04
Loss = 3.1813e-03, PNorm = 128.2737, GNorm = 0.2935, lr_0 = 1.6266e-04
Loss = 6.0777e-03, PNorm = 128.2744, GNorm = 0.2896, lr_0 = 1.6260e-04
Loss = 4.0492e-03, PNorm = 128.2751, GNorm = 0.1799, lr_0 = 1.6254e-04
Loss = 3.6543e-03, PNorm = 128.2763, GNorm = 0.1440, lr_0 = 1.6247e-04
Loss = 3.9389e-03, PNorm = 128.2770, GNorm = 0.2516, lr_0 = 1.6241e-04
Loss = 3.5262e-03, PNorm = 128.2778, GNorm = 0.2222, lr_0 = 1.6235e-04
Loss = 4.2914e-03, PNorm = 128.2785, GNorm = 0.1356, lr_0 = 1.6229e-04
Loss = 6.1516e-03, PNorm = 128.2786, GNorm = 0.1713, lr_0 = 1.6222e-04
Loss = 4.3327e-03, PNorm = 128.2790, GNorm = 0.3099, lr_0 = 1.6216e-04
Loss = 6.4374e-03, PNorm = 128.2792, GNorm = 0.2608, lr_0 = 1.6210e-04
Loss = 3.5454e-03, PNorm = 128.2799, GNorm = 0.2607, lr_0 = 1.6204e-04
Loss = 2.6199e-03, PNorm = 128.2800, GNorm = 0.2757, lr_0 = 1.6197e-04
Loss = 3.0118e-03, PNorm = 128.2804, GNorm = 0.2917, lr_0 = 1.6191e-04
Loss = 5.3030e-03, PNorm = 128.2809, GNorm = 0.3761, lr_0 = 1.6185e-04
Loss = 2.7753e-03, PNorm = 128.2816, GNorm = 0.1405, lr_0 = 1.6179e-04
Loss = 5.6935e-03, PNorm = 128.2827, GNorm = 0.4267, lr_0 = 1.6172e-04
Loss = 5.4679e-03, PNorm = 128.2831, GNorm = 0.1271, lr_0 = 1.6166e-04
Loss = 3.3860e-03, PNorm = 128.2836, GNorm = 0.1320, lr_0 = 1.6160e-04
Loss = 3.1478e-03, PNorm = 128.2840, GNorm = 0.3136, lr_0 = 1.6154e-04
Loss = 5.3036e-03, PNorm = 128.2848, GNorm = 0.3469, lr_0 = 1.6148e-04
Loss = 4.4206e-03, PNorm = 128.2851, GNorm = 0.1198, lr_0 = 1.6141e-04
Loss = 4.7251e-03, PNorm = 128.2866, GNorm = 0.2748, lr_0 = 1.6135e-04
Loss = 4.7822e-03, PNorm = 128.2881, GNorm = 0.5385, lr_0 = 1.6129e-04
Loss = 6.3028e-03, PNorm = 128.2893, GNorm = 0.3543, lr_0 = 1.6123e-04
Loss = 4.1190e-03, PNorm = 128.2899, GNorm = 0.1749, lr_0 = 1.6117e-04
Loss = 4.2159e-03, PNorm = 128.2904, GNorm = 0.1588, lr_0 = 1.6110e-04
Loss = 5.8602e-03, PNorm = 128.2906, GNorm = 0.2981, lr_0 = 1.6104e-04
Loss = 3.1280e-03, PNorm = 128.2909, GNorm = 0.1420, lr_0 = 1.6098e-04
Loss = 3.0618e-03, PNorm = 128.2908, GNorm = 0.1512, lr_0 = 1.6092e-04
Loss = 3.8235e-03, PNorm = 128.2905, GNorm = 0.4342, lr_0 = 1.6086e-04
Loss = 2.9806e-03, PNorm = 128.2914, GNorm = 0.2344, lr_0 = 1.6079e-04
Loss = 4.4268e-03, PNorm = 128.2931, GNorm = 0.2130, lr_0 = 1.6073e-04
Loss = 3.5867e-03, PNorm = 128.2948, GNorm = 0.2881, lr_0 = 1.6067e-04
Loss = 4.5660e-03, PNorm = 128.2956, GNorm = 0.0998, lr_0 = 1.6061e-04
Loss = 7.1836e-03, PNorm = 128.2962, GNorm = 0.6640, lr_0 = 1.6055e-04
Loss = 4.4624e-03, PNorm = 128.2967, GNorm = 0.1266, lr_0 = 1.6049e-04
Loss = 4.0145e-03, PNorm = 128.2975, GNorm = 0.2046, lr_0 = 1.6042e-04
Loss = 4.1584e-03, PNorm = 128.2977, GNorm = 0.2954, lr_0 = 1.6036e-04
Loss = 4.3978e-03, PNorm = 128.2988, GNorm = 0.1512, lr_0 = 1.6030e-04
Loss = 5.1096e-03, PNorm = 128.3000, GNorm = 0.2973, lr_0 = 1.6024e-04
Loss = 4.6083e-03, PNorm = 128.3007, GNorm = 0.2153, lr_0 = 1.6018e-04
Loss = 4.6008e-03, PNorm = 128.3006, GNorm = 0.1709, lr_0 = 1.6012e-04
Loss = 3.6074e-03, PNorm = 128.3014, GNorm = 0.1745, lr_0 = 1.6005e-04
Loss = 3.1423e-03, PNorm = 128.3022, GNorm = 0.6516, lr_0 = 1.5999e-04
Loss = 3.0425e-03, PNorm = 128.3033, GNorm = 0.1381, lr_0 = 1.5993e-04
Loss = 5.3423e-03, PNorm = 128.3035, GNorm = 0.1736, lr_0 = 1.5987e-04
Loss = 4.2653e-03, PNorm = 128.3033, GNorm = 0.2564, lr_0 = 1.5981e-04
Loss = 3.5209e-03, PNorm = 128.3035, GNorm = 0.1691, lr_0 = 1.5975e-04
Loss = 3.7428e-03, PNorm = 128.3031, GNorm = 0.4559, lr_0 = 1.5968e-04
Loss = 7.8797e-03, PNorm = 128.3032, GNorm = 0.3652, lr_0 = 1.5962e-04
Loss = 3.3711e-03, PNorm = 128.3033, GNorm = 0.1283, lr_0 = 1.5956e-04
Loss = 3.3709e-03, PNorm = 128.3035, GNorm = 0.2461, lr_0 = 1.5950e-04
Loss = 5.3253e-03, PNorm = 128.3040, GNorm = 0.5101, lr_0 = 1.5944e-04
Loss = 3.0930e-03, PNorm = 128.3045, GNorm = 0.1959, lr_0 = 1.5938e-04
Loss = 6.5110e-03, PNorm = 128.3047, GNorm = 0.3196, lr_0 = 1.5932e-04
Loss = 3.6989e-03, PNorm = 128.3051, GNorm = 0.2743, lr_0 = 1.5926e-04
Loss = 4.4906e-03, PNorm = 128.3054, GNorm = 0.1842, lr_0 = 1.5919e-04
Loss = 4.5115e-03, PNorm = 128.3064, GNorm = 0.2083, lr_0 = 1.5913e-04
Loss = 3.8672e-03, PNorm = 128.3073, GNorm = 0.1329, lr_0 = 1.5907e-04
Loss = 4.6176e-03, PNorm = 128.3086, GNorm = 0.3896, lr_0 = 1.5901e-04
Loss = 7.0105e-03, PNorm = 128.3092, GNorm = 0.5674, lr_0 = 1.5895e-04
Loss = 4.3052e-03, PNorm = 128.3097, GNorm = 0.1984, lr_0 = 1.5889e-04
Loss = 3.6290e-03, PNorm = 128.3104, GNorm = 0.1327, lr_0 = 1.5883e-04
Loss = 4.7531e-03, PNorm = 128.3098, GNorm = 0.2168, lr_0 = 1.5877e-04
Loss = 3.4719e-03, PNorm = 128.3104, GNorm = 0.1711, lr_0 = 1.5871e-04
Loss = 3.4167e-03, PNorm = 128.3114, GNorm = 0.1975, lr_0 = 1.5864e-04
Loss = 3.2912e-03, PNorm = 128.3121, GNorm = 0.2617, lr_0 = 1.5858e-04
Loss = 2.7768e-03, PNorm = 128.3127, GNorm = 0.5390, lr_0 = 1.5852e-04
Loss = 3.9446e-03, PNorm = 128.3136, GNorm = 0.1167, lr_0 = 1.5846e-04
Loss = 4.0892e-03, PNorm = 128.3141, GNorm = 0.4544, lr_0 = 1.5840e-04
Loss = 4.7892e-03, PNorm = 128.3150, GNorm = 0.1192, lr_0 = 1.5834e-04
Loss = 2.0186e-03, PNorm = 128.3157, GNorm = 0.1027, lr_0 = 1.5828e-04
Loss = 2.9432e-03, PNorm = 128.3158, GNorm = 0.1826, lr_0 = 1.5822e-04
Loss = 3.8284e-03, PNorm = 128.3164, GNorm = 0.1922, lr_0 = 1.5816e-04
Loss = 2.5632e-03, PNorm = 128.3172, GNorm = 0.2861, lr_0 = 1.5810e-04
Loss = 3.2757e-03, PNorm = 128.3183, GNorm = 0.1935, lr_0 = 1.5804e-04
Loss = 3.4460e-03, PNorm = 128.3188, GNorm = 0.2588, lr_0 = 1.5797e-04
Loss = 2.5766e-03, PNorm = 128.3191, GNorm = 0.1214, lr_0 = 1.5791e-04
Loss = 3.2753e-03, PNorm = 128.3203, GNorm = 0.1642, lr_0 = 1.5785e-04
Loss = 5.1889e-03, PNorm = 128.3213, GNorm = 0.2427, lr_0 = 1.5779e-04
Loss = 5.1370e-03, PNorm = 128.3216, GNorm = 0.3769, lr_0 = 1.5773e-04
Loss = 4.8192e-03, PNorm = 128.3212, GNorm = 0.2608, lr_0 = 1.5767e-04
Loss = 5.6331e-03, PNorm = 128.3205, GNorm = 0.5188, lr_0 = 1.5761e-04
Loss = 3.0078e-03, PNorm = 128.3206, GNorm = 0.1824, lr_0 = 1.5755e-04
Loss = 5.5072e-03, PNorm = 128.3211, GNorm = 0.1614, lr_0 = 1.5749e-04
Loss = 3.7201e-03, PNorm = 128.3226, GNorm = 0.1220, lr_0 = 1.5743e-04
Loss = 3.8432e-03, PNorm = 128.3230, GNorm = 0.3269, lr_0 = 1.5737e-04
Loss = 4.6807e-03, PNorm = 128.3233, GNorm = 0.1935, lr_0 = 1.5731e-04
Loss = 3.4680e-03, PNorm = 128.3235, GNorm = 0.2366, lr_0 = 1.5725e-04
Loss = 2.8863e-03, PNorm = 128.3239, GNorm = 0.1724, lr_0 = 1.5719e-04
Loss = 3.4883e-03, PNorm = 128.3249, GNorm = 0.3145, lr_0 = 1.5713e-04
Loss = 3.7227e-03, PNorm = 128.3258, GNorm = 0.1820, lr_0 = 1.5707e-04
Loss = 3.2632e-03, PNorm = 128.3269, GNorm = 0.1487, lr_0 = 1.5701e-04
Loss = 2.6567e-03, PNorm = 128.3279, GNorm = 0.2945, lr_0 = 1.5694e-04
Loss = 2.4863e-03, PNorm = 128.3286, GNorm = 0.1964, lr_0 = 1.5688e-04
Loss = 3.3581e-03, PNorm = 128.3292, GNorm = 0.3099, lr_0 = 1.5682e-04
Loss = 2.5222e-03, PNorm = 128.3296, GNorm = 0.1358, lr_0 = 1.5676e-04
Loss = 3.7306e-03, PNorm = 128.3294, GNorm = 0.3143, lr_0 = 1.5670e-04
Loss = 3.5153e-03, PNorm = 128.3293, GNorm = 0.1596, lr_0 = 1.5664e-04
Loss = 3.5628e-03, PNorm = 128.3300, GNorm = 0.1782, lr_0 = 1.5658e-04
Loss = 3.3018e-03, PNorm = 128.3309, GNorm = 0.1798, lr_0 = 1.5652e-04
Loss = 4.2825e-03, PNorm = 128.3324, GNorm = 0.0865, lr_0 = 1.5646e-04
Loss = 3.3634e-03, PNorm = 128.3331, GNorm = 0.2256, lr_0 = 1.5640e-04
Loss = 6.9577e-03, PNorm = 128.3330, GNorm = 0.2494, lr_0 = 1.5634e-04
Loss = 6.7709e-03, PNorm = 128.3335, GNorm = 0.1643, lr_0 = 1.5628e-04
Loss = 3.9754e-03, PNorm = 128.3339, GNorm = 0.1029, lr_0 = 1.5622e-04
Loss = 6.9917e-03, PNorm = 128.3345, GNorm = 0.5393, lr_0 = 1.5616e-04
Loss = 3.2479e-03, PNorm = 128.3355, GNorm = 0.2229, lr_0 = 1.5610e-04
Loss = 3.0729e-03, PNorm = 128.3360, GNorm = 0.2918, lr_0 = 1.5604e-04
Loss = 7.3402e-03, PNorm = 128.3363, GNorm = 0.3031, lr_0 = 1.5598e-04
Loss = 5.7329e-03, PNorm = 128.3367, GNorm = 0.2357, lr_0 = 1.5592e-04
Loss = 4.9125e-03, PNorm = 128.3370, GNorm = 0.1571, lr_0 = 1.5586e-04
Loss = 3.0869e-03, PNorm = 128.3369, GNorm = 0.2481, lr_0 = 1.5580e-04
Loss = 4.2760e-03, PNorm = 128.3367, GNorm = 0.6826, lr_0 = 1.5574e-04
Loss = 3.9214e-03, PNorm = 128.3373, GNorm = 0.2223, lr_0 = 1.5568e-04
Loss = 3.2519e-03, PNorm = 128.3387, GNorm = 0.4846, lr_0 = 1.5562e-04
Loss = 3.3498e-03, PNorm = 128.3401, GNorm = 0.2004, lr_0 = 1.5556e-04
Loss = 3.6688e-03, PNorm = 128.3408, GNorm = 0.1892, lr_0 = 1.5550e-04
Loss = 4.0033e-03, PNorm = 128.3415, GNorm = 0.1799, lr_0 = 1.5544e-04
Loss = 6.1398e-03, PNorm = 128.3429, GNorm = 0.1687, lr_0 = 1.5538e-04
Loss = 4.8896e-03, PNorm = 128.3437, GNorm = 0.2125, lr_0 = 1.5532e-04
Loss = 4.6108e-03, PNorm = 128.3440, GNorm = 0.2308, lr_0 = 1.5526e-04
Loss = 4.2349e-03, PNorm = 128.3444, GNorm = 0.1617, lr_0 = 1.5520e-04
Loss = 2.9100e-03, PNorm = 128.3452, GNorm = 0.2222, lr_0 = 1.5514e-04
Loss = 4.3784e-03, PNorm = 128.3462, GNorm = 0.2320, lr_0 = 1.5508e-04
Loss = 3.1236e-03, PNorm = 128.3472, GNorm = 0.1978, lr_0 = 1.5503e-04
Loss = 3.0349e-03, PNorm = 128.3482, GNorm = 0.2151, lr_0 = 1.5497e-04
Loss = 3.8586e-03, PNorm = 128.3487, GNorm = 0.2872, lr_0 = 1.5491e-04
Loss = 4.5806e-03, PNorm = 128.3491, GNorm = 0.1353, lr_0 = 1.5485e-04
Loss = 3.5006e-03, PNorm = 128.3499, GNorm = 0.2889, lr_0 = 1.5479e-04
Loss = 3.3574e-03, PNorm = 128.3505, GNorm = 0.3228, lr_0 = 1.5473e-04
Loss = 5.9905e-03, PNorm = 128.3510, GNorm = 0.2462, lr_0 = 1.5467e-04
Loss = 3.4044e-03, PNorm = 128.3509, GNorm = 0.1929, lr_0 = 1.5461e-04
Loss = 5.8182e-03, PNorm = 128.3512, GNorm = 0.1707, lr_0 = 1.5455e-04
Loss = 3.9634e-03, PNorm = 128.3515, GNorm = 0.1532, lr_0 = 1.5449e-04
Loss = 6.0309e-03, PNorm = 128.3520, GNorm = 0.2103, lr_0 = 1.5443e-04
Loss = 5.5819e-03, PNorm = 128.3525, GNorm = 0.1489, lr_0 = 1.5437e-04
Loss = 3.0290e-03, PNorm = 128.3527, GNorm = 0.1494, lr_0 = 1.5431e-04
Loss = 3.9090e-03, PNorm = 128.3535, GNorm = 0.1608, lr_0 = 1.5425e-04
Loss = 4.6448e-03, PNorm = 128.3537, GNorm = 0.1140, lr_0 = 1.5419e-04
Loss = 4.8487e-03, PNorm = 128.3542, GNorm = 0.1974, lr_0 = 1.5413e-04
Loss = 2.4666e-03, PNorm = 128.3547, GNorm = 0.1944, lr_0 = 1.5407e-04
Loss = 2.9416e-03, PNorm = 128.3550, GNorm = 0.1099, lr_0 = 1.5401e-04
Loss = 4.0068e-03, PNorm = 128.3555, GNorm = 0.3310, lr_0 = 1.5396e-04
Loss = 4.8413e-03, PNorm = 128.3559, GNorm = 0.3475, lr_0 = 1.5390e-04
Loss = 4.6383e-03, PNorm = 128.3568, GNorm = 0.1751, lr_0 = 1.5384e-04
Loss = 5.7283e-03, PNorm = 128.3576, GNorm = 0.1207, lr_0 = 1.5378e-04
Loss = 4.7945e-03, PNorm = 128.3587, GNorm = 0.1960, lr_0 = 1.5372e-04
Loss = 4.8612e-03, PNorm = 128.3594, GNorm = 0.1286, lr_0 = 1.5366e-04
Loss = 3.2257e-03, PNorm = 128.3598, GNorm = 0.0975, lr_0 = 1.5360e-04
Loss = 5.1411e-03, PNorm = 128.3596, GNorm = 0.2799, lr_0 = 1.5354e-04
Loss = 4.1052e-03, PNorm = 128.3592, GNorm = 0.1954, lr_0 = 1.5348e-04
Loss = 6.8898e-03, PNorm = 128.3594, GNorm = 0.8644, lr_0 = 1.5342e-04
Loss = 3.9018e-03, PNorm = 128.3602, GNorm = 0.1826, lr_0 = 1.5336e-04
Loss = 4.5248e-03, PNorm = 128.3604, GNorm = 0.1658, lr_0 = 1.5331e-04
Loss = 4.1370e-03, PNorm = 128.3603, GNorm = 0.2937, lr_0 = 1.5325e-04
Loss = 4.5352e-03, PNorm = 128.3611, GNorm = 0.2030, lr_0 = 1.5319e-04
Loss = 2.9802e-03, PNorm = 128.3616, GNorm = 0.1803, lr_0 = 1.5313e-04
Loss = 2.8394e-03, PNorm = 128.3622, GNorm = 0.2267, lr_0 = 1.5307e-04
Loss = 2.5331e-03, PNorm = 128.3631, GNorm = 0.1473, lr_0 = 1.5301e-04
Loss = 4.5514e-03, PNorm = 128.3633, GNorm = 0.1287, lr_0 = 1.5295e-04
Loss = 2.5484e-03, PNorm = 128.3637, GNorm = 0.1681, lr_0 = 1.5289e-04
Loss = 2.7895e-03, PNorm = 128.3643, GNorm = 0.2330, lr_0 = 1.5283e-04
Loss = 5.6641e-03, PNorm = 128.3648, GNorm = 0.4840, lr_0 = 1.5278e-04
Loss = 3.0688e-03, PNorm = 128.3653, GNorm = 0.7927, lr_0 = 1.5272e-04
Loss = 3.6118e-03, PNorm = 128.3663, GNorm = 0.2330, lr_0 = 1.5266e-04
Loss = 2.8644e-03, PNorm = 128.3675, GNorm = 0.1713, lr_0 = 1.5260e-04
Loss = 3.9862e-03, PNorm = 128.3676, GNorm = 0.1361, lr_0 = 1.5254e-04
Loss = 5.6229e-03, PNorm = 128.3674, GNorm = 0.2903, lr_0 = 1.5248e-04
Loss = 5.8565e-03, PNorm = 128.3678, GNorm = 0.1443, lr_0 = 1.5242e-04
Loss = 3.5472e-03, PNorm = 128.3683, GNorm = 0.1879, lr_0 = 1.5237e-04
Loss = 2.3325e-03, PNorm = 128.3694, GNorm = 0.1539, lr_0 = 1.5231e-04
Loss = 4.0629e-03, PNorm = 128.3702, GNorm = 0.2052, lr_0 = 1.5225e-04
Loss = 4.1255e-03, PNorm = 128.3713, GNorm = 0.1331, lr_0 = 1.5219e-04
Loss = 4.7632e-03, PNorm = 128.3722, GNorm = 0.0995, lr_0 = 1.5213e-04
Loss = 4.8575e-03, PNorm = 128.3734, GNorm = 0.1808, lr_0 = 1.5207e-04
Loss = 4.1413e-03, PNorm = 128.3743, GNorm = 0.1253, lr_0 = 1.5201e-04
Loss = 3.8330e-03, PNorm = 128.3754, GNorm = 0.0969, lr_0 = 1.5196e-04
Loss = 3.8022e-03, PNorm = 128.3764, GNorm = 0.3586, lr_0 = 1.5190e-04
Loss = 4.3570e-03, PNorm = 128.3764, GNorm = 0.4336, lr_0 = 1.5184e-04
Loss = 4.9260e-03, PNorm = 128.3767, GNorm = 0.2809, lr_0 = 1.5178e-04
Loss = 5.4070e-03, PNorm = 128.3769, GNorm = 0.2277, lr_0 = 1.5172e-04
Loss = 5.0748e-03, PNorm = 128.3767, GNorm = 0.2913, lr_0 = 1.5166e-04
Loss = 4.1027e-03, PNorm = 128.3769, GNorm = 0.1445, lr_0 = 1.5161e-04
Loss = 3.0577e-03, PNorm = 128.3773, GNorm = 0.2339, lr_0 = 1.5155e-04
Loss = 3.4163e-03, PNorm = 128.3778, GNorm = 0.1616, lr_0 = 1.5149e-04
Loss = 4.3461e-03, PNorm = 128.3782, GNorm = 0.1946, lr_0 = 1.5143e-04
Loss = 3.8143e-03, PNorm = 128.3792, GNorm = 0.1536, lr_0 = 1.5137e-04
Loss = 3.1686e-03, PNorm = 128.3798, GNorm = 0.1475, lr_0 = 1.5131e-04
Loss = 2.7488e-03, PNorm = 128.3805, GNorm = 0.1910, lr_0 = 1.5126e-04
Loss = 4.2245e-03, PNorm = 128.3808, GNorm = 0.1480, lr_0 = 1.5120e-04
Loss = 2.6794e-03, PNorm = 128.3815, GNorm = 0.1844, lr_0 = 1.5114e-04
Loss = 4.8692e-03, PNorm = 128.3824, GNorm = 0.2908, lr_0 = 1.5108e-04
Loss = 3.9123e-03, PNorm = 128.3833, GNorm = 0.2656, lr_0 = 1.5102e-04
Loss = 4.7141e-03, PNorm = 128.3841, GNorm = 0.3074, lr_0 = 1.5097e-04
Loss = 3.6274e-03, PNorm = 128.3843, GNorm = 0.1075, lr_0 = 1.5091e-04
Loss = 3.9305e-03, PNorm = 128.3846, GNorm = 0.3834, lr_0 = 1.5085e-04
Loss = 2.6853e-03, PNorm = 128.3849, GNorm = 0.1097, lr_0 = 1.5079e-04
Loss = 4.6298e-03, PNorm = 128.3853, GNorm = 0.2757, lr_0 = 1.5073e-04
Loss = 2.2072e-03, PNorm = 128.3857, GNorm = 0.7560, lr_0 = 1.5068e-04
Loss = 3.9820e-03, PNorm = 128.3863, GNorm = 0.1597, lr_0 = 1.5062e-04
Loss = 2.3693e-03, PNorm = 128.3863, GNorm = 0.2640, lr_0 = 1.5056e-04
Loss = 3.1816e-03, PNorm = 128.3867, GNorm = 0.2566, lr_0 = 1.5050e-04
Loss = 3.4879e-03, PNorm = 128.3874, GNorm = 0.2966, lr_0 = 1.5044e-04
Loss = 3.3753e-03, PNorm = 128.3884, GNorm = 0.2597, lr_0 = 1.5039e-04
Loss = 4.8806e-03, PNorm = 128.3897, GNorm = 0.2286, lr_0 = 1.5033e-04
Loss = 3.5489e-03, PNorm = 128.3911, GNorm = 0.3982, lr_0 = 1.5027e-04
Loss = 4.4006e-03, PNorm = 128.3914, GNorm = 0.2395, lr_0 = 1.5021e-04
Loss = 3.6267e-03, PNorm = 128.3917, GNorm = 0.1861, lr_0 = 1.5015e-04
Loss = 3.1948e-03, PNorm = 128.3916, GNorm = 0.2357, lr_0 = 1.5010e-04
Loss = 3.3050e-03, PNorm = 128.3921, GNorm = 0.1439, lr_0 = 1.5004e-04
Loss = 3.0120e-03, PNorm = 128.3925, GNorm = 0.1742, lr_0 = 1.4998e-04
Loss = 3.1953e-03, PNorm = 128.3929, GNorm = 0.3303, lr_0 = 1.4992e-04
Loss = 3.0584e-03, PNorm = 128.3936, GNorm = 0.0880, lr_0 = 1.4987e-04
Loss = 3.2618e-03, PNorm = 128.3942, GNorm = 0.1340, lr_0 = 1.4981e-04
Loss = 5.5574e-03, PNorm = 128.3949, GNorm = 0.1922, lr_0 = 1.4975e-04
Loss = 6.2190e-03, PNorm = 128.3948, GNorm = 0.2062, lr_0 = 1.4969e-04
Loss = 6.2671e-03, PNorm = 128.3956, GNorm = 0.5929, lr_0 = 1.4964e-04
Loss = 4.4252e-03, PNorm = 128.3966, GNorm = 0.1352, lr_0 = 1.4958e-04
Loss = 4.9786e-03, PNorm = 128.3976, GNorm = 0.5081, lr_0 = 1.4952e-04
Loss = 3.8154e-03, PNorm = 128.3978, GNorm = 0.2500, lr_0 = 1.4946e-04
Loss = 4.3350e-03, PNorm = 128.3980, GNorm = 0.3203, lr_0 = 1.4941e-04
Loss = 3.5565e-03, PNorm = 128.3975, GNorm = 0.1503, lr_0 = 1.4935e-04
Loss = 3.1371e-03, PNorm = 128.3974, GNorm = 0.2736, lr_0 = 1.4929e-04
Loss = 3.2048e-03, PNorm = 128.3971, GNorm = 0.2639, lr_0 = 1.4923e-04
Loss = 4.7947e-03, PNorm = 128.3978, GNorm = 0.1855, lr_0 = 1.4918e-04
Loss = 5.0049e-03, PNorm = 128.3989, GNorm = 0.2352, lr_0 = 1.4912e-04
Loss = 4.1888e-03, PNorm = 128.4006, GNorm = 0.2368, lr_0 = 1.4906e-04
Loss = 6.3274e-03, PNorm = 128.4023, GNorm = 0.2026, lr_0 = 1.4900e-04
Loss = 3.5792e-03, PNorm = 128.4032, GNorm = 0.4024, lr_0 = 1.4895e-04
Loss = 4.1379e-03, PNorm = 128.4040, GNorm = 0.9643, lr_0 = 1.4889e-04
Loss = 3.2339e-03, PNorm = 128.4044, GNorm = 0.2450, lr_0 = 1.4883e-04
Loss = 6.7348e-03, PNorm = 128.4048, GNorm = 0.1913, lr_0 = 1.4877e-04
Loss = 3.5567e-03, PNorm = 128.4052, GNorm = 0.3889, lr_0 = 1.4872e-04
Loss = 3.6789e-03, PNorm = 128.4055, GNorm = 0.3391, lr_0 = 1.4866e-04
Loss = 3.2931e-03, PNorm = 128.4063, GNorm = 0.2486, lr_0 = 1.4860e-04
Loss = 3.8348e-03, PNorm = 128.4073, GNorm = 0.1384, lr_0 = 1.4855e-04
Loss = 4.9146e-03, PNorm = 128.4077, GNorm = 0.2332, lr_0 = 1.4849e-04
Loss = 4.2540e-03, PNorm = 128.4082, GNorm = 0.3083, lr_0 = 1.4843e-04
Loss = 8.5286e-03, PNorm = 128.4081, GNorm = 0.5689, lr_0 = 1.4837e-04
Loss = 3.8399e-03, PNorm = 128.4080, GNorm = 0.1701, lr_0 = 1.4832e-04
Loss = 3.4907e-03, PNorm = 128.4087, GNorm = 0.1742, lr_0 = 1.4826e-04
Loss = 3.0961e-03, PNorm = 128.4090, GNorm = 0.2003, lr_0 = 1.4820e-04
Loss = 3.0443e-03, PNorm = 128.4086, GNorm = 0.4580, lr_0 = 1.4815e-04
Loss = 3.7265e-03, PNorm = 128.4087, GNorm = 0.2414, lr_0 = 1.4809e-04
Loss = 2.5688e-03, PNorm = 128.4093, GNorm = 0.1409, lr_0 = 1.4803e-04
Loss = 4.5095e-03, PNorm = 128.4097, GNorm = 0.4691, lr_0 = 1.4798e-04
Loss = 5.1687e-03, PNorm = 128.4103, GNorm = 0.9948, lr_0 = 1.4792e-04
Loss = 4.2079e-03, PNorm = 128.4115, GNorm = 0.3567, lr_0 = 1.4786e-04
Loss = 4.9447e-03, PNorm = 128.4124, GNorm = 0.4177, lr_0 = 1.4781e-04
Loss = 4.0476e-03, PNorm = 128.4130, GNorm = 0.2656, lr_0 = 1.4775e-04
Loss = 3.2163e-03, PNorm = 128.4128, GNorm = 0.5247, lr_0 = 1.4769e-04
Loss = 3.3636e-03, PNorm = 128.4132, GNorm = 0.1921, lr_0 = 1.4763e-04
Loss = 3.3221e-03, PNorm = 128.4140, GNorm = 0.1086, lr_0 = 1.4758e-04
Loss = 3.9459e-03, PNorm = 128.4145, GNorm = 0.2890, lr_0 = 1.4752e-04
Loss = 4.7527e-03, PNorm = 128.4147, GNorm = 0.5831, lr_0 = 1.4746e-04
Loss = 3.5622e-03, PNorm = 128.4146, GNorm = 0.3106, lr_0 = 1.4741e-04
Loss = 2.9682e-03, PNorm = 128.4147, GNorm = 0.1675, lr_0 = 1.4735e-04
Loss = 3.6422e-03, PNorm = 128.4147, GNorm = 0.2799, lr_0 = 1.4729e-04
Loss = 3.9053e-03, PNorm = 128.4147, GNorm = 0.3065, lr_0 = 1.4724e-04
Loss = 2.7918e-03, PNorm = 128.4148, GNorm = 0.1725, lr_0 = 1.4718e-04
Loss = 3.0182e-03, PNorm = 128.4152, GNorm = 0.2017, lr_0 = 1.4712e-04
Loss = 2.9241e-03, PNorm = 128.4157, GNorm = 0.1244, lr_0 = 1.4707e-04
Loss = 3.5871e-03, PNorm = 128.4159, GNorm = 0.1640, lr_0 = 1.4701e-04
Loss = 3.3360e-03, PNorm = 128.4164, GNorm = 0.2023, lr_0 = 1.4696e-04
Loss = 3.5012e-03, PNorm = 128.4171, GNorm = 0.2016, lr_0 = 1.4690e-04
Loss = 3.3041e-03, PNorm = 128.4179, GNorm = 0.1913, lr_0 = 1.4684e-04
Loss = 3.3445e-03, PNorm = 128.4188, GNorm = 0.1383, lr_0 = 1.4679e-04
Loss = 3.3145e-03, PNorm = 128.4195, GNorm = 0.4551, lr_0 = 1.4673e-04
Loss = 3.1706e-03, PNorm = 128.4201, GNorm = 0.1284, lr_0 = 1.4667e-04
Loss = 2.2821e-03, PNorm = 128.4206, GNorm = 0.1042, lr_0 = 1.4662e-04
Loss = 2.8710e-03, PNorm = 128.4210, GNorm = 0.2284, lr_0 = 1.4656e-04
Loss = 3.6588e-03, PNorm = 128.4218, GNorm = 0.1077, lr_0 = 1.4650e-04
Loss = 4.9224e-03, PNorm = 128.4220, GNorm = 0.1107, lr_0 = 1.4645e-04
Loss = 3.6576e-03, PNorm = 128.4225, GNorm = 0.2627, lr_0 = 1.4639e-04
Loss = 3.8022e-03, PNorm = 128.4232, GNorm = 0.1687, lr_0 = 1.4633e-04
Loss = 3.6325e-03, PNorm = 128.4238, GNorm = 0.2010, lr_0 = 1.4628e-04
Loss = 3.8732e-03, PNorm = 128.4238, GNorm = 0.1244, lr_0 = 1.4622e-04
Loss = 3.9068e-03, PNorm = 128.4235, GNorm = 0.1023, lr_0 = 1.4617e-04
Loss = 4.3034e-03, PNorm = 128.4231, GNorm = 0.3648, lr_0 = 1.4611e-04
Loss = 3.2987e-03, PNorm = 128.4237, GNorm = 0.4185, lr_0 = 1.4605e-04
Loss = 3.9473e-03, PNorm = 128.4241, GNorm = 0.1601, lr_0 = 1.4600e-04
Loss = 2.1825e-03, PNorm = 128.4246, GNorm = 0.1430, lr_0 = 1.4594e-04
Loss = 3.1412e-03, PNorm = 128.4248, GNorm = 0.1647, lr_0 = 1.4589e-04
Loss = 5.9435e-03, PNorm = 128.4256, GNorm = 0.1818, lr_0 = 1.4583e-04
Loss = 3.6876e-03, PNorm = 128.4262, GNorm = 0.1296, lr_0 = 1.4577e-04
Loss = 3.6095e-03, PNorm = 128.4273, GNorm = 0.2861, lr_0 = 1.4572e-04
Loss = 5.4674e-03, PNorm = 128.4276, GNorm = 0.2429, lr_0 = 1.4566e-04
Loss = 3.7042e-03, PNorm = 128.4283, GNorm = 0.2764, lr_0 = 1.4560e-04
Loss = 3.2656e-03, PNorm = 128.4289, GNorm = 0.1466, lr_0 = 1.4555e-04
Loss = 4.5940e-03, PNorm = 128.4297, GNorm = 0.0991, lr_0 = 1.4549e-04
Loss = 2.5339e-03, PNorm = 128.4302, GNorm = 0.2126, lr_0 = 1.4544e-04
Loss = 3.2938e-03, PNorm = 128.4303, GNorm = 0.2168, lr_0 = 1.4538e-04
Loss = 3.6754e-03, PNorm = 128.4305, GNorm = 0.1835, lr_0 = 1.4533e-04
Loss = 3.4844e-03, PNorm = 128.4305, GNorm = 0.2654, lr_0 = 1.4527e-04
Loss = 4.0104e-03, PNorm = 128.4309, GNorm = 0.4723, lr_0 = 1.4521e-04
Loss = 3.9599e-03, PNorm = 128.4314, GNorm = 0.2796, lr_0 = 1.4516e-04
Loss = 3.6480e-03, PNorm = 128.4321, GNorm = 0.2476, lr_0 = 1.4510e-04
Loss = 5.2506e-03, PNorm = 128.4324, GNorm = 0.5502, lr_0 = 1.4505e-04
Loss = 4.2620e-03, PNorm = 128.4320, GNorm = 0.1059, lr_0 = 1.4499e-04
Loss = 2.6715e-03, PNorm = 128.4320, GNorm = 0.2022, lr_0 = 1.4493e-04
Loss = 3.8786e-03, PNorm = 128.4323, GNorm = 0.0986, lr_0 = 1.4488e-04
Loss = 5.8331e-03, PNorm = 128.4320, GNorm = 0.3228, lr_0 = 1.4482e-04
Loss = 4.2729e-03, PNorm = 128.4323, GNorm = 0.3623, lr_0 = 1.4477e-04
Loss = 5.6802e-03, PNorm = 128.4330, GNorm = 0.4472, lr_0 = 1.4471e-04
Loss = 3.9361e-03, PNorm = 128.4332, GNorm = 0.2890, lr_0 = 1.4466e-04
Loss = 3.9138e-03, PNorm = 128.4338, GNorm = 0.1780, lr_0 = 1.4460e-04
Loss = 3.7629e-03, PNorm = 128.4337, GNorm = 0.2791, lr_0 = 1.4454e-04
Loss = 2.2029e-03, PNorm = 128.4342, GNorm = 0.1652, lr_0 = 1.4449e-04
Loss = 5.5362e-03, PNorm = 128.4349, GNorm = 0.3074, lr_0 = 1.4443e-04
Loss = 2.1677e-03, PNorm = 128.4352, GNorm = 0.1036, lr_0 = 1.4438e-04
Loss = 2.5349e-03, PNorm = 128.4357, GNorm = 0.1450, lr_0 = 1.4432e-04
Loss = 3.6260e-03, PNorm = 128.4358, GNorm = 0.3075, lr_0 = 1.4427e-04
Loss = 4.8168e-03, PNorm = 128.4365, GNorm = 0.2652, lr_0 = 1.4421e-04
Loss = 2.7852e-03, PNorm = 128.4380, GNorm = 0.1776, lr_0 = 1.4416e-04
Loss = 3.1716e-03, PNorm = 128.4395, GNorm = 0.3802, lr_0 = 1.4410e-04
Loss = 6.8946e-03, PNorm = 128.4405, GNorm = 0.1605, lr_0 = 1.4405e-04
Loss = 3.8974e-03, PNorm = 128.4412, GNorm = 0.1548, lr_0 = 1.4399e-04
Loss = 4.7506e-03, PNorm = 128.4413, GNorm = 0.3540, lr_0 = 1.4393e-04
Loss = 3.8645e-03, PNorm = 128.4413, GNorm = 0.2050, lr_0 = 1.4388e-04
Loss = 2.5833e-03, PNorm = 128.4413, GNorm = 0.2260, lr_0 = 1.4382e-04
Loss = 3.1558e-03, PNorm = 128.4413, GNorm = 0.2008, lr_0 = 1.4377e-04
Loss = 2.6893e-03, PNorm = 128.4419, GNorm = 0.1633, lr_0 = 1.4371e-04
Loss = 3.1919e-03, PNorm = 128.4427, GNorm = 0.1388, lr_0 = 1.4366e-04
Loss = 1.9804e-03, PNorm = 128.4428, GNorm = 0.1393, lr_0 = 1.4360e-04
Loss = 2.5385e-03, PNorm = 128.4426, GNorm = 0.1259, lr_0 = 1.4355e-04
Loss = 2.9175e-03, PNorm = 128.4425, GNorm = 0.1711, lr_0 = 1.4349e-04
Loss = 4.5193e-03, PNorm = 128.4430, GNorm = 0.2294, lr_0 = 1.4344e-04
Loss = 3.4186e-03, PNorm = 128.4438, GNorm = 0.1934, lr_0 = 1.4338e-04
Loss = 3.4082e-03, PNorm = 128.4441, GNorm = 0.1609, lr_0 = 1.4333e-04
Loss = 4.1194e-03, PNorm = 128.4443, GNorm = 0.3644, lr_0 = 1.4327e-04
Loss = 3.4082e-03, PNorm = 128.4445, GNorm = 0.1519, lr_0 = 1.4322e-04
Loss = 2.3895e-03, PNorm = 128.4444, GNorm = 0.1305, lr_0 = 1.4316e-04
Loss = 3.1203e-03, PNorm = 128.4442, GNorm = 0.0966, lr_0 = 1.4311e-04
Loss = 3.2847e-03, PNorm = 128.4446, GNorm = 0.1724, lr_0 = 1.4305e-04
Loss = 3.8674e-03, PNorm = 128.4456, GNorm = 0.1825, lr_0 = 1.4300e-04
Loss = 2.5478e-03, PNorm = 128.4466, GNorm = 0.1504, lr_0 = 1.4294e-04
Loss = 2.4325e-03, PNorm = 128.4468, GNorm = 0.1348, lr_0 = 1.4289e-04
Loss = 6.0204e-03, PNorm = 128.4469, GNorm = 1.3496, lr_0 = 1.4283e-04
Loss = 4.1413e-03, PNorm = 128.4475, GNorm = 0.1689, lr_0 = 1.4278e-04
Loss = 3.8410e-03, PNorm = 128.4484, GNorm = 0.1430, lr_0 = 1.4272e-04
Loss = 5.1273e-03, PNorm = 128.4488, GNorm = 0.1395, lr_0 = 1.4267e-04
Loss = 4.4418e-03, PNorm = 128.4489, GNorm = 0.2286, lr_0 = 1.4261e-04
Loss = 3.8933e-03, PNorm = 128.4487, GNorm = 0.0942, lr_0 = 1.4256e-04
Loss = 2.7776e-03, PNorm = 128.4489, GNorm = 0.2004, lr_0 = 1.4250e-04
Loss = 4.7282e-03, PNorm = 128.4497, GNorm = 0.4169, lr_0 = 1.4245e-04
Loss = 3.8954e-03, PNorm = 128.4505, GNorm = 0.3417, lr_0 = 1.4239e-04
Loss = 6.1352e-03, PNorm = 128.4511, GNorm = 0.1194, lr_0 = 1.4234e-04
Loss = 3.9917e-03, PNorm = 128.4523, GNorm = 0.2062, lr_0 = 1.4228e-04
Loss = 4.9305e-03, PNorm = 128.4526, GNorm = 0.3890, lr_0 = 1.4223e-04
Loss = 3.2986e-03, PNorm = 128.4529, GNorm = 0.3530, lr_0 = 1.4217e-04
Loss = 5.4760e-03, PNorm = 128.4535, GNorm = 0.1564, lr_0 = 1.4212e-04
Loss = 2.7803e-03, PNorm = 128.4544, GNorm = 0.0733, lr_0 = 1.4206e-04
Loss = 3.0002e-03, PNorm = 128.4549, GNorm = 0.1844, lr_0 = 1.4201e-04
Loss = 5.0898e-03, PNorm = 128.4544, GNorm = 0.1340, lr_0 = 1.4196e-04
Loss = 4.3704e-03, PNorm = 128.4544, GNorm = 0.2534, lr_0 = 1.4190e-04
Loss = 4.8339e-03, PNorm = 128.4552, GNorm = 0.4009, lr_0 = 1.4185e-04
Loss = 4.1914e-03, PNorm = 128.4556, GNorm = 0.1626, lr_0 = 1.4179e-04
Loss = 3.9412e-03, PNorm = 128.4565, GNorm = 0.1147, lr_0 = 1.4174e-04
Loss = 7.3785e-03, PNorm = 128.4573, GNorm = 0.1948, lr_0 = 1.4168e-04
Loss = 7.7464e-03, PNorm = 128.4580, GNorm = 0.1357, lr_0 = 1.4163e-04
Loss = 2.8371e-03, PNorm = 128.4589, GNorm = 0.2483, lr_0 = 1.4157e-04
Loss = 3.7576e-03, PNorm = 128.4594, GNorm = 0.1110, lr_0 = 1.4152e-04
Loss = 3.1710e-03, PNorm = 128.4594, GNorm = 0.1370, lr_0 = 1.4146e-04
Loss = 4.6374e-03, PNorm = 128.4598, GNorm = 0.1880, lr_0 = 1.4141e-04
Loss = 3.4427e-03, PNorm = 128.4604, GNorm = 0.3202, lr_0 = 1.4136e-04
Loss = 2.5114e-03, PNorm = 128.4614, GNorm = 0.2872, lr_0 = 1.4130e-04
Loss = 2.3231e-03, PNorm = 128.4624, GNorm = 0.2136, lr_0 = 1.4125e-04
Loss = 2.9522e-03, PNorm = 128.4636, GNorm = 0.1553, lr_0 = 1.4119e-04
Loss = 3.7229e-03, PNorm = 128.4641, GNorm = 0.1860, lr_0 = 1.4114e-04
Loss = 4.0530e-03, PNorm = 128.4638, GNorm = 0.1790, lr_0 = 1.4108e-04
Loss = 4.1080e-03, PNorm = 128.4639, GNorm = 0.2242, lr_0 = 1.4103e-04
Loss = 4.1437e-03, PNorm = 128.4646, GNorm = 0.1370, lr_0 = 1.4098e-04
Loss = 2.4080e-03, PNorm = 128.4651, GNorm = 0.2111, lr_0 = 1.4092e-04
Loss = 4.1411e-03, PNorm = 128.4656, GNorm = 0.0961, lr_0 = 1.4087e-04
Loss = 3.0954e-03, PNorm = 128.4658, GNorm = 0.2926, lr_0 = 1.4081e-04
Loss = 2.8092e-03, PNorm = 128.4664, GNorm = 0.2232, lr_0 = 1.4076e-04
Loss = 4.6626e-03, PNorm = 128.4676, GNorm = 0.2188, lr_0 = 1.4071e-04
Loss = 4.2668e-03, PNorm = 128.4682, GNorm = 0.1365, lr_0 = 1.4065e-04
Loss = 2.6809e-03, PNorm = 128.4685, GNorm = 0.1217, lr_0 = 1.4060e-04
Loss = 2.7246e-03, PNorm = 128.4686, GNorm = 0.1937, lr_0 = 1.4054e-04
Loss = 5.3262e-03, PNorm = 128.4692, GNorm = 0.2512, lr_0 = 1.4049e-04
Loss = 2.0949e-03, PNorm = 128.4691, GNorm = 0.1547, lr_0 = 1.4043e-04
Loss = 2.8359e-03, PNorm = 128.4695, GNorm = 0.1543, lr_0 = 1.4038e-04
Loss = 3.0255e-03, PNorm = 128.4698, GNorm = 0.1024, lr_0 = 1.4033e-04
Loss = 3.0304e-03, PNorm = 128.4710, GNorm = 0.2369, lr_0 = 1.4027e-04
Loss = 3.0358e-03, PNorm = 128.4718, GNorm = 0.1835, lr_0 = 1.4022e-04
Loss = 2.6917e-03, PNorm = 128.4723, GNorm = 0.1864, lr_0 = 1.4016e-04
Loss = 2.8574e-03, PNorm = 128.4730, GNorm = 0.2342, lr_0 = 1.4011e-04
Loss = 5.1658e-03, PNorm = 128.4742, GNorm = 0.4250, lr_0 = 1.4006e-04
Loss = 2.7789e-03, PNorm = 128.4753, GNorm = 0.1903, lr_0 = 1.4000e-04
Loss = 4.1434e-03, PNorm = 128.4766, GNorm = 0.2490, lr_0 = 1.3995e-04
Loss = 5.8945e-03, PNorm = 128.4765, GNorm = 0.2556, lr_0 = 1.3990e-04
Loss = 5.2718e-03, PNorm = 128.4771, GNorm = 0.1848, lr_0 = 1.3984e-04
Loss = 4.9703e-03, PNorm = 128.4785, GNorm = 0.3990, lr_0 = 1.3979e-04
Loss = 2.2038e-03, PNorm = 128.4798, GNorm = 0.1392, lr_0 = 1.3973e-04
Loss = 7.1085e-03, PNorm = 128.4803, GNorm = 0.7510, lr_0 = 1.3968e-04
Loss = 3.2074e-03, PNorm = 128.4808, GNorm = 0.2824, lr_0 = 1.3963e-04
Loss = 2.7546e-03, PNorm = 128.4816, GNorm = 0.1612, lr_0 = 1.3957e-04
Loss = 2.2570e-03, PNorm = 128.4827, GNorm = 0.2456, lr_0 = 1.3952e-04
Loss = 3.8009e-03, PNorm = 128.4834, GNorm = 0.3953, lr_0 = 1.3947e-04
Loss = 5.2409e-03, PNorm = 128.4840, GNorm = 0.1989, lr_0 = 1.3941e-04
Loss = 5.1638e-03, PNorm = 128.4844, GNorm = 0.1531, lr_0 = 1.3936e-04
Loss = 3.9505e-03, PNorm = 128.4847, GNorm = 0.2381, lr_0 = 1.3931e-04
Loss = 3.9277e-03, PNorm = 128.4851, GNorm = 0.2296, lr_0 = 1.3925e-04
Loss = 2.8313e-03, PNorm = 128.4850, GNorm = 0.2209, lr_0 = 1.3920e-04
Loss = 4.0395e-03, PNorm = 128.4850, GNorm = 0.2604, lr_0 = 1.3914e-04
Loss = 6.3276e-03, PNorm = 128.4852, GNorm = 0.8246, lr_0 = 1.3909e-04
Loss = 3.3375e-03, PNorm = 128.4867, GNorm = 0.1347, lr_0 = 1.3904e-04
Loss = 3.6463e-03, PNorm = 128.4875, GNorm = 0.2061, lr_0 = 1.3898e-04
Loss = 2.3477e-03, PNorm = 128.4875, GNorm = 0.1126, lr_0 = 1.3893e-04
Loss = 2.7742e-03, PNorm = 128.4874, GNorm = 0.3480, lr_0 = 1.3888e-04
Loss = 4.7047e-03, PNorm = 128.4877, GNorm = 0.2475, lr_0 = 1.3882e-04
Loss = 6.1792e-03, PNorm = 128.4890, GNorm = 0.1250, lr_0 = 1.3877e-04
Loss = 3.4672e-03, PNorm = 128.4898, GNorm = 0.2119, lr_0 = 1.3872e-04
Loss = 3.8210e-03, PNorm = 128.4898, GNorm = 0.1096, lr_0 = 1.3866e-04
Loss = 4.5541e-03, PNorm = 128.4891, GNorm = 0.4363, lr_0 = 1.3861e-04
Loss = 4.6619e-03, PNorm = 128.4886, GNorm = 0.0957, lr_0 = 1.3856e-04
Loss = 5.8160e-03, PNorm = 128.4893, GNorm = 0.1993, lr_0 = 1.3850e-04
Loss = 4.1061e-03, PNorm = 128.4903, GNorm = 0.1110, lr_0 = 1.3845e-04
Loss = 2.8938e-03, PNorm = 128.4913, GNorm = 0.1427, lr_0 = 1.3840e-04
Loss = 3.6689e-03, PNorm = 128.4919, GNorm = 0.1077, lr_0 = 1.3834e-04
Loss = 3.6970e-03, PNorm = 128.4931, GNorm = 0.3778, lr_0 = 1.3829e-04
Loss = 4.0713e-03, PNorm = 128.4942, GNorm = 0.2870, lr_0 = 1.3824e-04
Loss = 5.2898e-03, PNorm = 128.4940, GNorm = 0.1266, lr_0 = 1.3818e-04
Loss = 5.1565e-03, PNorm = 128.4940, GNorm = 0.2580, lr_0 = 1.3813e-04
Loss = 2.9190e-03, PNorm = 128.4948, GNorm = 0.1308, lr_0 = 1.3808e-04
Loss = 4.6242e-03, PNorm = 128.4956, GNorm = 0.2203, lr_0 = 1.3803e-04
Loss = 5.9286e-03, PNorm = 128.4957, GNorm = 0.1979, lr_0 = 1.3797e-04
Loss = 4.1313e-03, PNorm = 128.4964, GNorm = 0.1905, lr_0 = 1.3792e-04
Loss = 2.1695e-03, PNorm = 128.4968, GNorm = 0.4217, lr_0 = 1.3787e-04
Loss = 2.4281e-03, PNorm = 128.4974, GNorm = 0.3763, lr_0 = 1.3781e-04
Loss = 3.3494e-03, PNorm = 128.4974, GNorm = 0.1888, lr_0 = 1.3776e-04
Loss = 6.8240e-03, PNorm = 128.4981, GNorm = 0.2972, lr_0 = 1.3771e-04
Loss = 2.8840e-03, PNorm = 128.4991, GNorm = 0.3259, lr_0 = 1.3765e-04
Loss = 3.5833e-03, PNorm = 128.4999, GNorm = 0.2520, lr_0 = 1.3760e-04
Loss = 2.2825e-03, PNorm = 128.5007, GNorm = 0.1607, lr_0 = 1.3755e-04
Loss = 4.8063e-03, PNorm = 128.5010, GNorm = 0.0988, lr_0 = 1.3750e-04
Loss = 4.4297e-03, PNorm = 128.5009, GNorm = 0.3281, lr_0 = 1.3744e-04
Loss = 2.8632e-03, PNorm = 128.5010, GNorm = 0.4669, lr_0 = 1.3739e-04
Loss = 3.7733e-03, PNorm = 128.5011, GNorm = 0.6123, lr_0 = 1.3734e-04
Loss = 3.0287e-03, PNorm = 128.5008, GNorm = 0.2129, lr_0 = 1.3728e-04
Loss = 2.7432e-03, PNorm = 128.5012, GNorm = 0.1737, lr_0 = 1.3723e-04
Loss = 2.9822e-03, PNorm = 128.5019, GNorm = 0.1578, lr_0 = 1.3718e-04
Loss = 3.8557e-03, PNorm = 128.5021, GNorm = 0.1489, lr_0 = 1.3713e-04
Loss = 4.1958e-03, PNorm = 128.5022, GNorm = 0.3680, lr_0 = 1.3707e-04
Loss = 4.7756e-03, PNorm = 128.5026, GNorm = 0.3605, lr_0 = 1.3702e-04
Loss = 3.5730e-03, PNorm = 128.5027, GNorm = 0.3036, lr_0 = 1.3697e-04
Loss = 5.1378e-03, PNorm = 128.5034, GNorm = 0.4293, lr_0 = 1.3691e-04
Loss = 4.6031e-03, PNorm = 128.5042, GNorm = 0.2109, lr_0 = 1.3686e-04
Loss = 3.1942e-03, PNorm = 128.5053, GNorm = 0.1706, lr_0 = 1.3681e-04
Loss = 4.3073e-03, PNorm = 128.5064, GNorm = 0.5784, lr_0 = 1.3676e-04
Loss = 3.4081e-03, PNorm = 128.5074, GNorm = 0.1388, lr_0 = 1.3670e-04
Loss = 2.8049e-03, PNorm = 128.5087, GNorm = 0.3098, lr_0 = 1.3665e-04
Loss = 6.7840e-03, PNorm = 128.5097, GNorm = 0.4684, lr_0 = 1.3660e-04
Loss = 4.6325e-03, PNorm = 128.5099, GNorm = 0.1461, lr_0 = 1.3655e-04
Loss = 3.3022e-03, PNorm = 128.5100, GNorm = 0.5406, lr_0 = 1.3649e-04
Loss = 6.7363e-03, PNorm = 128.5103, GNorm = 0.4371, lr_0 = 1.3644e-04
Loss = 5.6116e-03, PNorm = 128.5103, GNorm = 0.2853, lr_0 = 1.3639e-04
Loss = 3.1332e-03, PNorm = 128.5099, GNorm = 0.2437, lr_0 = 1.3634e-04
Loss = 4.0328e-03, PNorm = 128.5101, GNorm = 0.2323, lr_0 = 1.3628e-04
Loss = 2.4810e-03, PNorm = 128.5101, GNorm = 0.2787, lr_0 = 1.3623e-04
Loss = 4.2896e-03, PNorm = 128.5095, GNorm = 0.4579, lr_0 = 1.3618e-04
Loss = 3.5457e-03, PNorm = 128.5099, GNorm = 0.2230, lr_0 = 1.3613e-04
Loss = 4.0420e-03, PNorm = 128.5105, GNorm = 0.2943, lr_0 = 1.3607e-04
Loss = 2.6666e-03, PNorm = 128.5107, GNorm = 0.2703, lr_0 = 1.3602e-04
Loss = 4.0662e-03, PNorm = 128.5116, GNorm = 0.2090, lr_0 = 1.3597e-04
Loss = 5.5918e-03, PNorm = 128.5121, GNorm = 0.3079, lr_0 = 1.3592e-04
Loss = 5.2071e-03, PNorm = 128.5124, GNorm = 0.1524, lr_0 = 1.3587e-04
Loss = 4.2175e-03, PNorm = 128.5126, GNorm = 0.4026, lr_0 = 1.3581e-04
Loss = 6.3058e-03, PNorm = 128.5127, GNorm = 0.2099, lr_0 = 1.3576e-04
Loss = 5.4328e-03, PNorm = 128.5134, GNorm = 0.1451, lr_0 = 1.3571e-04
Loss = 4.9668e-03, PNorm = 128.5129, GNorm = 0.3066, lr_0 = 1.3566e-04
Loss = 2.7679e-03, PNorm = 128.5128, GNorm = 0.3806, lr_0 = 1.3560e-04
Loss = 5.6222e-03, PNorm = 128.5132, GNorm = 0.3386, lr_0 = 1.3555e-04
Loss = 2.5830e-03, PNorm = 128.5137, GNorm = 0.1621, lr_0 = 1.3550e-04
Loss = 3.1070e-03, PNorm = 128.5140, GNorm = 0.2076, lr_0 = 1.3545e-04
Loss = 3.9728e-03, PNorm = 128.5143, GNorm = 0.1253, lr_0 = 1.3540e-04
Loss = 4.2811e-03, PNorm = 128.5147, GNorm = 0.2421, lr_0 = 1.3534e-04
Loss = 4.8556e-03, PNorm = 128.5150, GNorm = 0.1861, lr_0 = 1.3529e-04
Loss = 4.9094e-03, PNorm = 128.5151, GNorm = 0.1736, lr_0 = 1.3524e-04
Loss = 7.0274e-03, PNorm = 128.5154, GNorm = 0.4628, lr_0 = 1.3519e-04
Loss = 5.5991e-03, PNorm = 128.5167, GNorm = 0.3551, lr_0 = 1.3514e-04
Loss = 5.3467e-03, PNorm = 128.5185, GNorm = 0.1377, lr_0 = 1.3508e-04
Loss = 2.9941e-03, PNorm = 128.5195, GNorm = 0.1306, lr_0 = 1.3503e-04
Loss = 4.0014e-03, PNorm = 128.5199, GNorm = 0.1374, lr_0 = 1.3498e-04
Loss = 4.2273e-03, PNorm = 128.5198, GNorm = 0.2504, lr_0 = 1.3493e-04
Loss = 3.4580e-03, PNorm = 128.5201, GNorm = 0.2095, lr_0 = 1.3488e-04
Loss = 3.9557e-03, PNorm = 128.5211, GNorm = 0.1794, lr_0 = 1.3482e-04
Loss = 4.5967e-03, PNorm = 128.5215, GNorm = 0.2501, lr_0 = 1.3477e-04
Loss = 3.4039e-03, PNorm = 128.5215, GNorm = 0.1386, lr_0 = 1.3472e-04
Loss = 3.4732e-03, PNorm = 128.5217, GNorm = 0.2417, lr_0 = 1.3467e-04
Loss = 2.7886e-03, PNorm = 128.5220, GNorm = 0.1270, lr_0 = 1.3462e-04
Loss = 5.7254e-03, PNorm = 128.5221, GNorm = 0.1470, lr_0 = 1.3457e-04
Loss = 3.2472e-03, PNorm = 128.5220, GNorm = 0.1932, lr_0 = 1.3451e-04
Loss = 3.3340e-03, PNorm = 128.5221, GNorm = 0.0912, lr_0 = 1.3446e-04
Loss = 2.3501e-03, PNorm = 128.5231, GNorm = 0.3073, lr_0 = 1.3441e-04
Loss = 3.3673e-03, PNorm = 128.5241, GNorm = 0.1235, lr_0 = 1.3436e-04
Loss = 4.9632e-03, PNorm = 128.5245, GNorm = 0.4416, lr_0 = 1.3431e-04
Loss = 3.5222e-03, PNorm = 128.5246, GNorm = 0.2004, lr_0 = 1.3426e-04
Loss = 3.6514e-03, PNorm = 128.5252, GNorm = 0.1349, lr_0 = 1.3420e-04
Loss = 3.4236e-03, PNorm = 128.5260, GNorm = 0.2414, lr_0 = 1.3415e-04
Loss = 3.0130e-03, PNorm = 128.5266, GNorm = 0.2959, lr_0 = 1.3410e-04
Loss = 2.8794e-03, PNorm = 128.5266, GNorm = 0.1515, lr_0 = 1.3405e-04
Loss = 5.8870e-03, PNorm = 128.5260, GNorm = 0.2122, lr_0 = 1.3400e-04
Loss = 2.5653e-03, PNorm = 128.5257, GNorm = 0.0988, lr_0 = 1.3395e-04
Loss = 6.5870e-03, PNorm = 128.5257, GNorm = 0.2297, lr_0 = 1.3389e-04
Loss = 3.3289e-03, PNorm = 128.5256, GNorm = 0.1618, lr_0 = 1.3384e-04
Loss = 3.8629e-03, PNorm = 128.5256, GNorm = 0.1295, lr_0 = 1.3379e-04
Loss = 3.3625e-03, PNorm = 128.5261, GNorm = 0.2274, lr_0 = 1.3374e-04
Loss = 4.2631e-03, PNorm = 128.5273, GNorm = 0.1605, lr_0 = 1.3369e-04
Loss = 3.2544e-03, PNorm = 128.5286, GNorm = 0.1098, lr_0 = 1.3364e-04
Loss = 6.7246e-03, PNorm = 128.5296, GNorm = 0.2573, lr_0 = 1.3359e-04
Loss = 3.7743e-03, PNorm = 128.5304, GNorm = 0.2157, lr_0 = 1.3353e-04
Loss = 2.4102e-03, PNorm = 128.5309, GNorm = 0.1047, lr_0 = 1.3348e-04
Loss = 2.3819e-03, PNorm = 128.5310, GNorm = 0.2451, lr_0 = 1.3343e-04
Loss = 3.0027e-03, PNorm = 128.5314, GNorm = 0.1394, lr_0 = 1.3338e-04
Loss = 2.9000e-03, PNorm = 128.5321, GNorm = 0.2912, lr_0 = 1.3333e-04
Loss = 3.2539e-03, PNorm = 128.5327, GNorm = 0.2390, lr_0 = 1.3328e-04
Loss = 4.0335e-03, PNorm = 128.5334, GNorm = 0.1093, lr_0 = 1.3323e-04
Loss = 4.9979e-03, PNorm = 128.5339, GNorm = 0.2048, lr_0 = 1.3318e-04
Loss = 3.5645e-03, PNorm = 128.5343, GNorm = 0.2230, lr_0 = 1.3312e-04
Loss = 4.9219e-03, PNorm = 128.5349, GNorm = 0.1049, lr_0 = 1.3307e-04
Loss = 3.1092e-03, PNorm = 128.5355, GNorm = 0.1876, lr_0 = 1.3302e-04
Loss = 3.4435e-03, PNorm = 128.5358, GNorm = 0.1499, lr_0 = 1.3297e-04
Loss = 3.3193e-03, PNorm = 128.5360, GNorm = 0.3415, lr_0 = 1.3292e-04
Loss = 3.4490e-03, PNorm = 128.5364, GNorm = 0.5790, lr_0 = 1.3287e-04
Loss = 3.1332e-03, PNorm = 128.5372, GNorm = 0.4196, lr_0 = 1.3282e-04
Loss = 2.4323e-03, PNorm = 128.5375, GNorm = 0.2606, lr_0 = 1.3277e-04
Loss = 3.6672e-03, PNorm = 128.5376, GNorm = 1.0471, lr_0 = 1.3272e-04
Loss = 3.4966e-03, PNorm = 128.5379, GNorm = 0.1583, lr_0 = 1.3266e-04
Loss = 3.0452e-03, PNorm = 128.5376, GNorm = 0.1289, lr_0 = 1.3261e-04
Loss = 5.5088e-03, PNorm = 128.5382, GNorm = 0.1295, lr_0 = 1.3256e-04
Loss = 3.1792e-03, PNorm = 128.5383, GNorm = 0.1317, lr_0 = 1.3251e-04
Loss = 2.8643e-03, PNorm = 128.5386, GNorm = 0.1978, lr_0 = 1.3246e-04
Loss = 2.9899e-03, PNorm = 128.5388, GNorm = 0.1012, lr_0 = 1.3241e-04
Loss = 4.8639e-03, PNorm = 128.5391, GNorm = 0.1975, lr_0 = 1.3236e-04
Loss = 2.9732e-03, PNorm = 128.5395, GNorm = 0.1921, lr_0 = 1.3231e-04
Loss = 3.0357e-03, PNorm = 128.5395, GNorm = 0.2110, lr_0 = 1.3226e-04
Loss = 3.1478e-03, PNorm = 128.5393, GNorm = 0.2780, lr_0 = 1.3221e-04
Loss = 3.4389e-03, PNorm = 128.5399, GNorm = 0.4698, lr_0 = 1.3215e-04
Loss = 3.0192e-03, PNorm = 128.5401, GNorm = 0.1257, lr_0 = 1.3210e-04
Loss = 3.0473e-03, PNorm = 128.5408, GNorm = 0.1406, lr_0 = 1.3205e-04
Loss = 2.8333e-03, PNorm = 128.5413, GNorm = 0.1466, lr_0 = 1.3200e-04
Loss = 3.0610e-03, PNorm = 128.5417, GNorm = 0.2100, lr_0 = 1.3195e-04
Loss = 3.1098e-03, PNorm = 128.5425, GNorm = 0.1496, lr_0 = 1.3190e-04
Loss = 1.9822e-03, PNorm = 128.5433, GNorm = 0.1688, lr_0 = 1.3185e-04
Loss = 4.1344e-03, PNorm = 128.5440, GNorm = 0.2178, lr_0 = 1.3180e-04
Loss = 4.0417e-03, PNorm = 128.5447, GNorm = 0.0872, lr_0 = 1.3175e-04
Loss = 2.4476e-03, PNorm = 128.5457, GNorm = 0.0889, lr_0 = 1.3170e-04
Loss = 4.0648e-03, PNorm = 128.5456, GNorm = 0.1803, lr_0 = 1.3165e-04
Loss = 4.3322e-03, PNorm = 128.5458, GNorm = 0.1877, lr_0 = 1.3160e-04
Loss = 2.6894e-03, PNorm = 128.5458, GNorm = 0.1513, lr_0 = 1.3155e-04
Loss = 3.6389e-03, PNorm = 128.5459, GNorm = 0.1114, lr_0 = 1.3150e-04
Loss = 3.2164e-03, PNorm = 128.5459, GNorm = 0.1196, lr_0 = 1.3145e-04
Loss = 2.5346e-03, PNorm = 128.5462, GNorm = 0.1733, lr_0 = 1.3139e-04
Loss = 2.4333e-03, PNorm = 128.5467, GNorm = 0.5363, lr_0 = 1.3134e-04
Loss = 4.2496e-03, PNorm = 128.5478, GNorm = 0.1305, lr_0 = 1.3129e-04
Loss = 3.2816e-03, PNorm = 128.5483, GNorm = 0.1123, lr_0 = 1.3124e-04
Loss = 5.3416e-03, PNorm = 128.5490, GNorm = 0.3620, lr_0 = 1.3119e-04
Loss = 3.0879e-03, PNorm = 128.5491, GNorm = 0.5162, lr_0 = 1.3114e-04
Loss = 2.5580e-03, PNorm = 128.5491, GNorm = 0.1863, lr_0 = 1.3109e-04
Loss = 4.6178e-03, PNorm = 128.5490, GNorm = 0.1040, lr_0 = 1.3104e-04
Loss = 2.6788e-03, PNorm = 128.5488, GNorm = 0.4045, lr_0 = 1.3099e-04
Loss = 2.7096e-03, PNorm = 128.5489, GNorm = 0.0908, lr_0 = 1.3094e-04
Loss = 3.4310e-03, PNorm = 128.5496, GNorm = 0.2181, lr_0 = 1.3089e-04
Loss = 6.1564e-03, PNorm = 128.5504, GNorm = 0.1705, lr_0 = 1.3084e-04
Loss = 4.1126e-03, PNorm = 128.5508, GNorm = 0.1478, lr_0 = 1.3079e-04
Loss = 3.9318e-03, PNorm = 128.5514, GNorm = 0.5060, lr_0 = 1.3074e-04
Loss = 2.9415e-03, PNorm = 128.5523, GNorm = 0.2868, lr_0 = 1.3069e-04
Loss = 2.3317e-03, PNorm = 128.5528, GNorm = 0.0758, lr_0 = 1.3064e-04
Loss = 3.2576e-03, PNorm = 128.5530, GNorm = 0.2110, lr_0 = 1.3059e-04
Loss = 2.7716e-03, PNorm = 128.5530, GNorm = 0.2250, lr_0 = 1.3054e-04
Loss = 3.0286e-03, PNorm = 128.5534, GNorm = 0.1939, lr_0 = 1.3049e-04
Loss = 3.2712e-03, PNorm = 128.5530, GNorm = 0.1052, lr_0 = 1.3044e-04
Loss = 4.1374e-03, PNorm = 128.5529, GNorm = 0.4295, lr_0 = 1.3039e-04
Loss = 3.6831e-03, PNorm = 128.5537, GNorm = 0.1282, lr_0 = 1.3034e-04
Loss = 2.6453e-03, PNorm = 128.5543, GNorm = 0.1718, lr_0 = 1.3029e-04
Loss = 4.2160e-03, PNorm = 128.5544, GNorm = 1.3517, lr_0 = 1.3024e-04
Loss = 3.8884e-03, PNorm = 128.5551, GNorm = 0.3221, lr_0 = 1.3019e-04
Loss = 8.7499e-03, PNorm = 128.5557, GNorm = 0.2194, lr_0 = 1.3014e-04
Loss = 2.7719e-03, PNorm = 128.5566, GNorm = 0.1198, lr_0 = 1.3009e-04
Loss = 6.2459e-03, PNorm = 128.5577, GNorm = 0.3725, lr_0 = 1.3004e-04
Loss = 2.8353e-03, PNorm = 128.5586, GNorm = 0.1729, lr_0 = 1.2999e-04
Loss = 2.5075e-03, PNorm = 128.5594, GNorm = 0.1560, lr_0 = 1.2994e-04
Loss = 2.4717e-03, PNorm = 128.5598, GNorm = 0.4849, lr_0 = 1.2989e-04
Loss = 3.3024e-03, PNorm = 128.5602, GNorm = 0.3121, lr_0 = 1.2984e-04
Loss = 4.7282e-03, PNorm = 128.5601, GNorm = 0.3169, lr_0 = 1.2979e-04
Loss = 3.1697e-03, PNorm = 128.5606, GNorm = 0.2225, lr_0 = 1.2974e-04
Loss = 2.1392e-03, PNorm = 128.5615, GNorm = 0.0987, lr_0 = 1.2969e-04
Loss = 3.3484e-03, PNorm = 128.5620, GNorm = 0.1951, lr_0 = 1.2964e-04
Loss = 7.5589e-03, PNorm = 128.5622, GNorm = 0.2435, lr_0 = 1.2959e-04
Loss = 5.6649e-03, PNorm = 128.5628, GNorm = 0.1146, lr_0 = 1.2954e-04
Loss = 6.3183e-03, PNorm = 128.5631, GNorm = 0.3635, lr_0 = 1.2949e-04
Loss = 2.4849e-03, PNorm = 128.5635, GNorm = 0.2237, lr_0 = 1.2944e-04
Loss = 3.8433e-03, PNorm = 128.5636, GNorm = 0.2244, lr_0 = 1.2939e-04
Loss = 2.5688e-03, PNorm = 128.5636, GNorm = 0.1561, lr_0 = 1.2934e-04
Loss = 3.7252e-03, PNorm = 128.5635, GNorm = 0.3320, lr_0 = 1.2929e-04
Loss = 3.4640e-03, PNorm = 128.5630, GNorm = 0.2766, lr_0 = 1.2924e-04
Loss = 2.3139e-03, PNorm = 128.5637, GNorm = 0.1305, lr_0 = 1.2919e-04
Loss = 2.4077e-03, PNorm = 128.5643, GNorm = 0.3732, lr_0 = 1.2914e-04
Loss = 5.1794e-03, PNorm = 128.5646, GNorm = 0.6158, lr_0 = 1.2909e-04
Loss = 3.3357e-03, PNorm = 128.5644, GNorm = 0.1509, lr_0 = 1.2904e-04
Loss = 2.8077e-03, PNorm = 128.5646, GNorm = 0.1265, lr_0 = 1.2899e-04
Loss = 2.9065e-03, PNorm = 128.5647, GNorm = 0.1633, lr_0 = 1.2894e-04
Loss = 1.9546e-03, PNorm = 128.5650, GNorm = 0.1809, lr_0 = 1.2889e-04
Loss = 3.3162e-03, PNorm = 128.5651, GNorm = 0.2525, lr_0 = 1.2884e-04
Loss = 5.9993e-03, PNorm = 128.5655, GNorm = 0.2319, lr_0 = 1.2879e-04
Loss = 4.7717e-03, PNorm = 128.5659, GNorm = 0.1309, lr_0 = 1.2874e-04
Loss = 2.8552e-03, PNorm = 128.5666, GNorm = 0.1134, lr_0 = 1.2869e-04
Loss = 3.0628e-03, PNorm = 128.5674, GNorm = 0.1839, lr_0 = 1.2864e-04
Loss = 2.2856e-03, PNorm = 128.5680, GNorm = 0.2559, lr_0 = 1.2859e-04
Loss = 2.8048e-03, PNorm = 128.5682, GNorm = 0.2735, lr_0 = 1.2855e-04
Loss = 2.7963e-03, PNorm = 128.5677, GNorm = 0.1576, lr_0 = 1.2850e-04
Loss = 3.1430e-03, PNorm = 128.5678, GNorm = 0.3927, lr_0 = 1.2845e-04
Loss = 2.7683e-03, PNorm = 128.5679, GNorm = 0.1433, lr_0 = 1.2840e-04
Loss = 3.0501e-03, PNorm = 128.5678, GNorm = 0.2263, lr_0 = 1.2835e-04
Loss = 2.7011e-03, PNorm = 128.5683, GNorm = 0.1034, lr_0 = 1.2830e-04
Loss = 2.6849e-03, PNorm = 128.5690, GNorm = 0.1633, lr_0 = 1.2825e-04
Loss = 7.0538e-03, PNorm = 128.5699, GNorm = 0.4584, lr_0 = 1.2820e-04
Loss = 2.7908e-03, PNorm = 128.5707, GNorm = 0.2205, lr_0 = 1.2815e-04
Loss = 3.5680e-03, PNorm = 128.5713, GNorm = 0.1802, lr_0 = 1.2810e-04
Loss = 3.1749e-03, PNorm = 128.5719, GNorm = 0.3003, lr_0 = 1.2805e-04
Loss = 4.0790e-03, PNorm = 128.5732, GNorm = 0.1346, lr_0 = 1.2800e-04
Loss = 2.7264e-03, PNorm = 128.5742, GNorm = 0.2343, lr_0 = 1.2795e-04
Loss = 3.1393e-03, PNorm = 128.5744, GNorm = 0.2407, lr_0 = 1.2790e-04
Loss = 4.3255e-03, PNorm = 128.5743, GNorm = 0.1591, lr_0 = 1.2786e-04
Loss = 2.6273e-03, PNorm = 128.5742, GNorm = 0.1238, lr_0 = 1.2781e-04
Loss = 3.9580e-03, PNorm = 128.5739, GNorm = 0.2141, lr_0 = 1.2776e-04
Loss = 3.6501e-03, PNorm = 128.5740, GNorm = 0.3197, lr_0 = 1.2771e-04
Loss = 3.5547e-03, PNorm = 128.5742, GNorm = 0.1089, lr_0 = 1.2766e-04
Loss = 4.4745e-03, PNorm = 128.5752, GNorm = 1.1060, lr_0 = 1.2761e-04
Loss = 3.9403e-03, PNorm = 128.5763, GNorm = 0.2257, lr_0 = 1.2756e-04
Loss = 5.9106e-03, PNorm = 128.5769, GNorm = 0.1051, lr_0 = 1.2751e-04
Loss = 2.9912e-03, PNorm = 128.5774, GNorm = 0.1404, lr_0 = 1.2746e-04
Loss = 2.7459e-03, PNorm = 128.5776, GNorm = 0.2049, lr_0 = 1.2741e-04
Loss = 2.4540e-03, PNorm = 128.5780, GNorm = 0.2110, lr_0 = 1.2736e-04
Loss = 2.6417e-03, PNorm = 128.5781, GNorm = 0.1122, lr_0 = 1.2732e-04
Loss = 4.0066e-03, PNorm = 128.5779, GNorm = 0.3958, lr_0 = 1.2727e-04
Loss = 2.2724e-03, PNorm = 128.5776, GNorm = 0.1318, lr_0 = 1.2722e-04
Loss = 3.0210e-03, PNorm = 128.5772, GNorm = 0.5491, lr_0 = 1.2717e-04
Loss = 2.9906e-03, PNorm = 128.5772, GNorm = 0.1405, lr_0 = 1.2712e-04
Loss = 3.7442e-03, PNorm = 128.5780, GNorm = 0.2620, lr_0 = 1.2707e-04
Loss = 2.5905e-03, PNorm = 128.5783, GNorm = 0.1602, lr_0 = 1.2702e-04
Loss = 4.5283e-03, PNorm = 128.5780, GNorm = 1.0261, lr_0 = 1.2697e-04
Loss = 2.0303e-03, PNorm = 128.5785, GNorm = 0.2054, lr_0 = 1.2692e-04
Loss = 4.8289e-03, PNorm = 128.5793, GNorm = 0.1578, lr_0 = 1.2688e-04
Loss = 3.7191e-03, PNorm = 128.5801, GNorm = 0.1407, lr_0 = 1.2683e-04
Loss = 3.0985e-03, PNorm = 128.5803, GNorm = 0.1150, lr_0 = 1.2678e-04
Loss = 2.5236e-03, PNorm = 128.5802, GNorm = 0.1477, lr_0 = 1.2673e-04
Loss = 4.3291e-03, PNorm = 128.5801, GNorm = 0.0957, lr_0 = 1.2668e-04
Loss = 4.4690e-03, PNorm = 128.5802, GNorm = 0.0804, lr_0 = 1.2663e-04
Loss = 4.1149e-03, PNorm = 128.5807, GNorm = 0.1805, lr_0 = 1.2658e-04
Loss = 2.7678e-03, PNorm = 128.5810, GNorm = 0.1529, lr_0 = 1.2653e-04
Loss = 4.2051e-03, PNorm = 128.5814, GNorm = 0.3681, lr_0 = 1.2649e-04
Loss = 4.2064e-03, PNorm = 128.5819, GNorm = 0.0998, lr_0 = 1.2644e-04
Loss = 2.8930e-03, PNorm = 128.5829, GNorm = 0.1753, lr_0 = 1.2639e-04
Loss = 6.0407e-03, PNorm = 128.5836, GNorm = 0.1511, lr_0 = 1.2634e-04
Loss = 3.2812e-03, PNorm = 128.5839, GNorm = 0.1688, lr_0 = 1.2629e-04
Loss = 2.7225e-03, PNorm = 128.5846, GNorm = 0.2326, lr_0 = 1.2624e-04
Loss = 4.4387e-03, PNorm = 128.5852, GNorm = 0.2109, lr_0 = 1.2619e-04
Loss = 3.7198e-03, PNorm = 128.5850, GNorm = 0.1276, lr_0 = 1.2615e-04
Loss = 4.3144e-03, PNorm = 128.5851, GNorm = 0.1816, lr_0 = 1.2610e-04
Loss = 3.3175e-03, PNorm = 128.5851, GNorm = 0.2907, lr_0 = 1.2605e-04
Loss = 3.1709e-03, PNorm = 128.5851, GNorm = 0.2564, lr_0 = 1.2600e-04
Loss = 4.7604e-03, PNorm = 128.5857, GNorm = 0.3199, lr_0 = 1.2595e-04
Loss = 6.1499e-03, PNorm = 128.5866, GNorm = 0.0960, lr_0 = 1.2590e-04
Loss = 4.2231e-03, PNorm = 128.5874, GNorm = 0.2094, lr_0 = 1.2585e-04
Loss = 4.5800e-03, PNorm = 128.5883, GNorm = 0.2904, lr_0 = 1.2581e-04
Loss = 4.9834e-03, PNorm = 128.5882, GNorm = 0.1596, lr_0 = 1.2576e-04
Loss = 5.3346e-03, PNorm = 128.5885, GNorm = 0.2388, lr_0 = 1.2571e-04
Loss = 3.1748e-03, PNorm = 128.5897, GNorm = 0.1578, lr_0 = 1.2566e-04
Loss = 3.3207e-03, PNorm = 128.5913, GNorm = 0.2357, lr_0 = 1.2561e-04
Loss = 4.3950e-03, PNorm = 128.5922, GNorm = 0.5004, lr_0 = 1.2556e-04
Loss = 3.1199e-03, PNorm = 128.5923, GNorm = 0.1708, lr_0 = 1.2552e-04
Loss = 3.6469e-03, PNorm = 128.5925, GNorm = 0.2478, lr_0 = 1.2547e-04
Loss = 2.4152e-03, PNorm = 128.5927, GNorm = 0.0992, lr_0 = 1.2542e-04
Loss = 2.0457e-03, PNorm = 128.5928, GNorm = 0.1531, lr_0 = 1.2537e-04
Loss = 3.9378e-03, PNorm = 128.5932, GNorm = 0.4458, lr_0 = 1.2532e-04
Loss = 5.5470e-03, PNorm = 128.5939, GNorm = 0.2431, lr_0 = 1.2528e-04
Loss = 3.3228e-03, PNorm = 128.5943, GNorm = 0.2318, lr_0 = 1.2523e-04
Loss = 3.7231e-03, PNorm = 128.5946, GNorm = 0.2591, lr_0 = 1.2518e-04
Loss = 4.2585e-03, PNorm = 128.5945, GNorm = 0.2017, lr_0 = 1.2513e-04
Loss = 3.7336e-03, PNorm = 128.5944, GNorm = 0.1782, lr_0 = 1.2508e-04
Loss = 2.6532e-03, PNorm = 128.5941, GNorm = 0.1747, lr_0 = 1.2503e-04
Loss = 4.4775e-03, PNorm = 128.5944, GNorm = 0.2303, lr_0 = 1.2499e-04
Loss = 4.3083e-03, PNorm = 128.5948, GNorm = 0.5241, lr_0 = 1.2494e-04
Loss = 4.0292e-03, PNorm = 128.5945, GNorm = 0.1110, lr_0 = 1.2489e-04
Loss = 1.9355e-03, PNorm = 128.5946, GNorm = 0.2085, lr_0 = 1.2484e-04
Loss = 4.7437e-03, PNorm = 128.5951, GNorm = 0.2915, lr_0 = 1.2479e-04
Loss = 4.5553e-03, PNorm = 128.5961, GNorm = 0.2871, lr_0 = 1.2475e-04
Loss = 3.1471e-03, PNorm = 128.5964, GNorm = 0.3527, lr_0 = 1.2470e-04
Loss = 3.2540e-03, PNorm = 128.5962, GNorm = 0.1855, lr_0 = 1.2465e-04
Loss = 4.2335e-03, PNorm = 128.5964, GNorm = 0.5012, lr_0 = 1.2460e-04
Loss = 3.5384e-03, PNorm = 128.5965, GNorm = 0.1521, lr_0 = 1.2455e-04
Loss = 1.0237e-02, PNorm = 128.5971, GNorm = 0.1525, lr_0 = 1.2451e-04
Loss = 2.7616e-03, PNorm = 128.5981, GNorm = 0.2193, lr_0 = 1.2446e-04
Loss = 2.6381e-03, PNorm = 128.5990, GNorm = 0.1444, lr_0 = 1.2441e-04
Loss = 3.2469e-03, PNorm = 128.5991, GNorm = 0.1973, lr_0 = 1.2436e-04
Loss = 3.7445e-03, PNorm = 128.5994, GNorm = 0.1617, lr_0 = 1.2432e-04
Loss = 2.1659e-03, PNorm = 128.5996, GNorm = 0.1412, lr_0 = 1.2427e-04
Loss = 2.3640e-03, PNorm = 128.5997, GNorm = 0.0749, lr_0 = 1.2422e-04
Loss = 2.6952e-03, PNorm = 128.6000, GNorm = 0.2645, lr_0 = 1.2417e-04
Loss = 5.1140e-03, PNorm = 128.6005, GNorm = 0.1362, lr_0 = 1.2412e-04
Loss = 2.5414e-03, PNorm = 128.6008, GNorm = 0.2525, lr_0 = 1.2408e-04
Loss = 2.9806e-03, PNorm = 128.6016, GNorm = 0.1097, lr_0 = 1.2403e-04
Loss = 4.4962e-03, PNorm = 128.6024, GNorm = 0.1432, lr_0 = 1.2398e-04
Loss = 2.1289e-03, PNorm = 128.6025, GNorm = 0.2172, lr_0 = 1.2393e-04
Loss = 6.6924e-03, PNorm = 128.6028, GNorm = 0.4355, lr_0 = 1.2389e-04
Loss = 2.6292e-03, PNorm = 128.6031, GNorm = 0.0768, lr_0 = 1.2384e-04
Loss = 2.4406e-03, PNorm = 128.6033, GNorm = 0.2524, lr_0 = 1.2379e-04
Loss = 4.9904e-03, PNorm = 128.6033, GNorm = 0.3091, lr_0 = 1.2374e-04
Loss = 3.0457e-03, PNorm = 128.6035, GNorm = 0.1161, lr_0 = 1.2370e-04
Loss = 2.5343e-03, PNorm = 128.6035, GNorm = 0.0924, lr_0 = 1.2365e-04
Loss = 2.3552e-03, PNorm = 128.6034, GNorm = 0.1553, lr_0 = 1.2360e-04
Loss = 5.3821e-03, PNorm = 128.6036, GNorm = 0.3917, lr_0 = 1.2355e-04
Loss = 2.2835e-03, PNorm = 128.6038, GNorm = 0.2056, lr_0 = 1.2351e-04
Loss = 1.9520e-03, PNorm = 128.6043, GNorm = 0.1358, lr_0 = 1.2346e-04
Loss = 5.2066e-03, PNorm = 128.6043, GNorm = 0.2113, lr_0 = 1.2341e-04
Loss = 2.6446e-03, PNorm = 128.6046, GNorm = 0.2581, lr_0 = 1.2336e-04
Loss = 1.7174e-03, PNorm = 128.6051, GNorm = 0.0992, lr_0 = 1.2332e-04
Loss = 2.0017e-03, PNorm = 128.6055, GNorm = 0.1119, lr_0 = 1.2327e-04
Loss = 3.0686e-03, PNorm = 128.6060, GNorm = 0.2802, lr_0 = 1.2322e-04
Loss = 3.2083e-03, PNorm = 128.6058, GNorm = 0.1872, lr_0 = 1.2317e-04
Loss = 2.8830e-03, PNorm = 128.6057, GNorm = 0.2590, lr_0 = 1.2313e-04
Loss = 5.8728e-03, PNorm = 128.6056, GNorm = 0.1193, lr_0 = 1.2308e-04
Loss = 2.4435e-03, PNorm = 128.6056, GNorm = 0.1948, lr_0 = 1.2303e-04
Loss = 2.5852e-03, PNorm = 128.6055, GNorm = 0.1738, lr_0 = 1.2298e-04
Loss = 4.3443e-03, PNorm = 128.6055, GNorm = 0.1331, lr_0 = 1.2294e-04
Loss = 2.6253e-03, PNorm = 128.6058, GNorm = 0.1908, lr_0 = 1.2289e-04
Loss = 2.4720e-03, PNorm = 128.6064, GNorm = 0.1559, lr_0 = 1.2284e-04
Loss = 3.1860e-03, PNorm = 128.6068, GNorm = 0.1468, lr_0 = 1.2279e-04
Loss = 2.8879e-03, PNorm = 128.6070, GNorm = 0.1799, lr_0 = 1.2275e-04
Loss = 3.2712e-03, PNorm = 128.6072, GNorm = 0.5549, lr_0 = 1.2270e-04
Loss = 4.3048e-03, PNorm = 128.6073, GNorm = 0.2981, lr_0 = 1.2265e-04
Loss = 4.3740e-03, PNorm = 128.6078, GNorm = 0.1120, lr_0 = 1.2261e-04
Loss = 2.7234e-03, PNorm = 128.6084, GNorm = 0.1553, lr_0 = 1.2256e-04
Loss = 3.0167e-03, PNorm = 128.6091, GNorm = 0.3506, lr_0 = 1.2251e-04
Loss = 4.9700e-03, PNorm = 128.6094, GNorm = 0.5221, lr_0 = 1.2246e-04
Loss = 3.4778e-03, PNorm = 128.6090, GNorm = 0.4064, lr_0 = 1.2242e-04
Loss = 3.0718e-03, PNorm = 128.6089, GNorm = 0.1222, lr_0 = 1.2237e-04
Loss = 5.0363e-03, PNorm = 128.6095, GNorm = 0.1983, lr_0 = 1.2232e-04
Loss = 3.3846e-03, PNorm = 128.6101, GNorm = 0.0894, lr_0 = 1.2228e-04
Loss = 5.9680e-03, PNorm = 128.6103, GNorm = 0.1633, lr_0 = 1.2223e-04
Loss = 3.2602e-03, PNorm = 128.6100, GNorm = 0.1568, lr_0 = 1.2218e-04
Loss = 5.0886e-03, PNorm = 128.6090, GNorm = 0.1219, lr_0 = 1.2214e-04
Loss = 4.4263e-03, PNorm = 128.6088, GNorm = 0.1503, lr_0 = 1.2209e-04
Loss = 2.3325e-03, PNorm = 128.6093, GNorm = 0.3283, lr_0 = 1.2204e-04
Loss = 5.0608e-03, PNorm = 128.6097, GNorm = 0.1846, lr_0 = 1.2199e-04
Loss = 4.8931e-03, PNorm = 128.6097, GNorm = 0.4402, lr_0 = 1.2195e-04
Loss = 2.9202e-03, PNorm = 128.6099, GNorm = 0.2024, lr_0 = 1.2190e-04
Loss = 2.5925e-03, PNorm = 128.6104, GNorm = 0.2039, lr_0 = 1.2185e-04
Loss = 3.3378e-03, PNorm = 128.6107, GNorm = 0.1670, lr_0 = 1.2181e-04
Loss = 3.5947e-03, PNorm = 128.6107, GNorm = 0.1300, lr_0 = 1.2176e-04
Loss = 4.5595e-03, PNorm = 128.6106, GNorm = 0.1466, lr_0 = 1.2171e-04
Loss = 3.7371e-03, PNorm = 128.6106, GNorm = 0.2245, lr_0 = 1.2167e-04
Loss = 2.3174e-03, PNorm = 128.6112, GNorm = 0.2347, lr_0 = 1.2162e-04
Loss = 5.4487e-03, PNorm = 128.6117, GNorm = 0.1222, lr_0 = 1.2157e-04
Loss = 3.3159e-03, PNorm = 128.6126, GNorm = 0.2375, lr_0 = 1.2153e-04
Loss = 3.3452e-03, PNorm = 128.6136, GNorm = 0.2613, lr_0 = 1.2148e-04
Loss = 2.9295e-03, PNorm = 128.6145, GNorm = 0.2238, lr_0 = 1.2143e-04
Loss = 5.0398e-03, PNorm = 128.6150, GNorm = 0.1604, lr_0 = 1.2139e-04
Loss = 6.5375e-03, PNorm = 128.6156, GNorm = 0.3624, lr_0 = 1.2134e-04
Loss = 2.6222e-03, PNorm = 128.6156, GNorm = 0.1297, lr_0 = 1.2129e-04
Loss = 3.4100e-03, PNorm = 128.6156, GNorm = 0.1846, lr_0 = 1.2125e-04
Loss = 3.6886e-03, PNorm = 128.6159, GNorm = 0.2423, lr_0 = 1.2120e-04
Loss = 2.6932e-03, PNorm = 128.6160, GNorm = 0.1534, lr_0 = 1.2115e-04
Loss = 3.3859e-03, PNorm = 128.6164, GNorm = 0.3171, lr_0 = 1.2111e-04
Loss = 3.4386e-03, PNorm = 128.6168, GNorm = 0.1287, lr_0 = 1.2106e-04
Loss = 5.1721e-03, PNorm = 128.6171, GNorm = 0.2265, lr_0 = 1.2101e-04
Loss = 3.7884e-03, PNorm = 128.6178, GNorm = 0.2072, lr_0 = 1.2097e-04
Loss = 3.8657e-03, PNorm = 128.6184, GNorm = 0.2163, lr_0 = 1.2092e-04
Loss = 4.9268e-03, PNorm = 128.6183, GNorm = 0.4537, lr_0 = 1.2087e-04
Loss = 4.1294e-03, PNorm = 128.6182, GNorm = 0.3427, lr_0 = 1.2083e-04
Loss = 4.8597e-03, PNorm = 128.6184, GNorm = 0.1914, lr_0 = 1.2078e-04
Loss = 2.6133e-03, PNorm = 128.6191, GNorm = 0.1800, lr_0 = 1.2073e-04
Loss = 4.3211e-03, PNorm = 128.6200, GNorm = 0.4399, lr_0 = 1.2069e-04
Loss = 3.4102e-03, PNorm = 128.6210, GNorm = 0.2243, lr_0 = 1.2064e-04
Loss = 3.3840e-03, PNorm = 128.6214, GNorm = 0.2117, lr_0 = 1.2059e-04
Loss = 7.3050e-03, PNorm = 128.6213, GNorm = 0.0977, lr_0 = 1.2055e-04
Loss = 3.5635e-03, PNorm = 128.6213, GNorm = 0.1324, lr_0 = 1.2050e-04
Loss = 4.2857e-03, PNorm = 128.6217, GNorm = 0.1794, lr_0 = 1.2046e-04
Loss = 2.1168e-03, PNorm = 128.6223, GNorm = 0.1443, lr_0 = 1.2041e-04
Loss = 3.5157e-03, PNorm = 128.6228, GNorm = 0.4276, lr_0 = 1.2036e-04
Loss = 3.5556e-03, PNorm = 128.6229, GNorm = 0.9002, lr_0 = 1.2032e-04
Loss = 4.5463e-03, PNorm = 128.6228, GNorm = 0.3963, lr_0 = 1.2027e-04
Loss = 2.5635e-03, PNorm = 128.6230, GNorm = 0.1825, lr_0 = 1.2022e-04
Loss = 2.3041e-03, PNorm = 128.6234, GNorm = 0.1626, lr_0 = 1.2018e-04
Loss = 4.5087e-03, PNorm = 128.6237, GNorm = 0.2781, lr_0 = 1.2013e-04
Loss = 5.3971e-03, PNorm = 128.6242, GNorm = 0.1973, lr_0 = 1.2009e-04
Loss = 5.2389e-03, PNorm = 128.6250, GNorm = 0.1205, lr_0 = 1.2004e-04
Loss = 3.1598e-03, PNorm = 128.6255, GNorm = 0.1589, lr_0 = 1.1999e-04
Loss = 4.1856e-03, PNorm = 128.6257, GNorm = 0.0873, lr_0 = 1.1995e-04
Loss = 2.4298e-03, PNorm = 128.6261, GNorm = 0.1898, lr_0 = 1.1990e-04
Loss = 2.6246e-03, PNorm = 128.6264, GNorm = 0.1995, lr_0 = 1.1986e-04
Loss = 3.7458e-03, PNorm = 128.6266, GNorm = 0.1341, lr_0 = 1.1981e-04
Loss = 3.7847e-03, PNorm = 128.6270, GNorm = 0.1951, lr_0 = 1.1976e-04
Loss = 4.9189e-03, PNorm = 128.6278, GNorm = 0.3895, lr_0 = 1.1972e-04
Loss = 2.4988e-03, PNorm = 128.6283, GNorm = 0.1458, lr_0 = 1.1967e-04
Loss = 3.9070e-03, PNorm = 128.6286, GNorm = 0.2534, lr_0 = 1.1962e-04
Loss = 3.1360e-03, PNorm = 128.6290, GNorm = 0.1963, lr_0 = 1.1958e-04
Loss = 2.5842e-03, PNorm = 128.6294, GNorm = 0.1581, lr_0 = 1.1953e-04
Loss = 4.3143e-03, PNorm = 128.6297, GNorm = 0.2506, lr_0 = 1.1949e-04
Loss = 6.0882e-03, PNorm = 128.6307, GNorm = 0.1520, lr_0 = 1.1944e-04
Loss = 4.2012e-03, PNorm = 128.6312, GNorm = 0.1548, lr_0 = 1.1939e-04
Loss = 4.0566e-03, PNorm = 128.6319, GNorm = 0.3767, lr_0 = 1.1935e-04
Loss = 3.7499e-03, PNorm = 128.6317, GNorm = 0.2433, lr_0 = 1.1930e-04
Loss = 2.3603e-03, PNorm = 128.6314, GNorm = 0.1765, lr_0 = 1.1926e-04
Loss = 2.1762e-03, PNorm = 128.6317, GNorm = 0.1713, lr_0 = 1.1921e-04
Loss = 2.1083e-03, PNorm = 128.6321, GNorm = 0.2325, lr_0 = 1.1917e-04
Loss = 4.2461e-03, PNorm = 128.6322, GNorm = 0.3410, lr_0 = 1.1912e-04
Loss = 6.3107e-03, PNorm = 128.6324, GNorm = 0.0881, lr_0 = 1.1907e-04
Loss = 2.1113e-03, PNorm = 128.6328, GNorm = 0.1591, lr_0 = 1.1903e-04
Loss = 3.0815e-03, PNorm = 128.6331, GNorm = 0.1631, lr_0 = 1.1898e-04
Loss = 2.3575e-03, PNorm = 128.6329, GNorm = 0.1584, lr_0 = 1.1894e-04
Loss = 5.4612e-03, PNorm = 128.6324, GNorm = 0.1432, lr_0 = 1.1889e-04
Loss = 2.9910e-03, PNorm = 128.6327, GNorm = 0.1127, lr_0 = 1.1885e-04
Loss = 2.2077e-03, PNorm = 128.6325, GNorm = 0.0903, lr_0 = 1.1880e-04
Loss = 3.7599e-03, PNorm = 128.6330, GNorm = 0.0947, lr_0 = 1.1875e-04
Loss = 2.6594e-03, PNorm = 128.6336, GNorm = 0.5002, lr_0 = 1.1871e-04
Loss = 3.6058e-03, PNorm = 128.6339, GNorm = 0.5873, lr_0 = 1.1866e-04
Loss = 3.6510e-03, PNorm = 128.6339, GNorm = 0.1470, lr_0 = 1.1862e-04
Loss = 8.2874e-03, PNorm = 128.6346, GNorm = 0.2839, lr_0 = 1.1857e-04
Loss = 2.7907e-03, PNorm = 128.6359, GNorm = 0.1530, lr_0 = 1.1853e-04
Loss = 1.8190e-03, PNorm = 128.6373, GNorm = 0.1567, lr_0 = 1.1848e-04
Loss = 3.6946e-03, PNorm = 128.6382, GNorm = 0.2597, lr_0 = 1.1843e-04
Loss = 3.5506e-03, PNorm = 128.6390, GNorm = 0.1299, lr_0 = 1.1839e-04
Loss = 3.2553e-03, PNorm = 128.6394, GNorm = 0.2205, lr_0 = 1.1834e-04
Loss = 2.4907e-03, PNorm = 128.6398, GNorm = 0.2638, lr_0 = 1.1830e-04
Loss = 3.3330e-03, PNorm = 128.6403, GNorm = 0.0712, lr_0 = 1.1825e-04
Loss = 3.5266e-03, PNorm = 128.6405, GNorm = 0.1700, lr_0 = 1.1821e-04
Loss = 3.2009e-03, PNorm = 128.6404, GNorm = 0.2018, lr_0 = 1.1816e-04
Loss = 3.2706e-03, PNorm = 128.6403, GNorm = 0.1891, lr_0 = 1.1812e-04
Loss = 2.9869e-03, PNorm = 128.6404, GNorm = 0.1213, lr_0 = 1.1807e-04
Loss = 2.5920e-03, PNorm = 128.6407, GNorm = 0.0900, lr_0 = 1.1803e-04
Loss = 3.2290e-03, PNorm = 128.6408, GNorm = 0.1038, lr_0 = 1.1798e-04
Loss = 5.2135e-03, PNorm = 128.6409, GNorm = 0.0889, lr_0 = 1.1793e-04
Loss = 3.5761e-03, PNorm = 128.6414, GNorm = 0.1495, lr_0 = 1.1789e-04
Loss = 3.2151e-03, PNorm = 128.6412, GNorm = 0.1785, lr_0 = 1.1784e-04
Loss = 4.3928e-03, PNorm = 128.6403, GNorm = 0.1343, lr_0 = 1.1780e-04
Loss = 5.8880e-03, PNorm = 128.6405, GNorm = 0.3634, lr_0 = 1.1775e-04
Loss = 2.8690e-03, PNorm = 128.6410, GNorm = 0.1343, lr_0 = 1.1771e-04
Loss = 3.4061e-03, PNorm = 128.6412, GNorm = 0.1662, lr_0 = 1.1766e-04
Loss = 3.3204e-03, PNorm = 128.6416, GNorm = 0.1465, lr_0 = 1.1762e-04
Loss = 3.2635e-03, PNorm = 128.6420, GNorm = 0.1096, lr_0 = 1.1757e-04
Loss = 6.5672e-03, PNorm = 128.6421, GNorm = 0.1172, lr_0 = 1.1753e-04
Loss = 4.2939e-03, PNorm = 128.6427, GNorm = 0.1391, lr_0 = 1.1748e-04
Loss = 3.3678e-03, PNorm = 128.6437, GNorm = 0.4213, lr_0 = 1.1744e-04
Loss = 2.7229e-03, PNorm = 128.6440, GNorm = 0.1952, lr_0 = 1.1739e-04
Loss = 6.9097e-03, PNorm = 128.6441, GNorm = 0.3385, lr_0 = 1.1735e-04
Loss = 4.5400e-03, PNorm = 128.6443, GNorm = 0.2873, lr_0 = 1.1730e-04
Loss = 3.7009e-03, PNorm = 128.6451, GNorm = 0.4350, lr_0 = 1.1726e-04
Loss = 4.0383e-03, PNorm = 128.6460, GNorm = 0.1654, lr_0 = 1.1721e-04
Loss = 3.9546e-03, PNorm = 128.6473, GNorm = 0.3542, lr_0 = 1.1717e-04
Loss = 2.0285e-03, PNorm = 128.6478, GNorm = 0.1994, lr_0 = 1.1712e-04
Loss = 3.3011e-03, PNorm = 128.6478, GNorm = 0.2538, lr_0 = 1.1708e-04
Loss = 2.6099e-03, PNorm = 128.6475, GNorm = 0.2744, lr_0 = 1.1703e-04
Loss = 3.0095e-03, PNorm = 128.6469, GNorm = 0.4905, lr_0 = 1.1699e-04
Loss = 2.8337e-03, PNorm = 128.6464, GNorm = 0.2280, lr_0 = 1.1694e-04
Loss = 3.2636e-03, PNorm = 128.6472, GNorm = 0.4611, lr_0 = 1.1690e-04
Loss = 5.0913e-03, PNorm = 128.6480, GNorm = 0.7160, lr_0 = 1.1685e-04
Loss = 4.6236e-03, PNorm = 128.6488, GNorm = 0.2218, lr_0 = 1.1681e-04
Loss = 3.9567e-03, PNorm = 128.6495, GNorm = 0.1983, lr_0 = 1.1676e-04
Loss = 5.3055e-03, PNorm = 128.6505, GNorm = 0.2221, lr_0 = 1.1672e-04
Loss = 3.5093e-03, PNorm = 128.6513, GNorm = 0.1793, lr_0 = 1.1667e-04
Loss = 5.8039e-03, PNorm = 128.6518, GNorm = 0.1949, lr_0 = 1.1663e-04
Loss = 2.9005e-03, PNorm = 128.6519, GNorm = 0.4606, lr_0 = 1.1658e-04
Loss = 2.3765e-03, PNorm = 128.6519, GNorm = 0.1174, lr_0 = 1.1654e-04
Loss = 2.5008e-03, PNorm = 128.6519, GNorm = 0.1420, lr_0 = 1.1649e-04
Loss = 3.0302e-03, PNorm = 128.6523, GNorm = 0.1732, lr_0 = 1.1645e-04
Loss = 3.1761e-03, PNorm = 128.6528, GNorm = 0.1559, lr_0 = 1.1640e-04
Loss = 3.5050e-03, PNorm = 128.6536, GNorm = 0.2745, lr_0 = 1.1636e-04
Loss = 4.1467e-03, PNorm = 128.6546, GNorm = 0.1576, lr_0 = 1.1631e-04
Loss = 5.9307e-03, PNorm = 128.6552, GNorm = 0.2824, lr_0 = 1.1627e-04
Loss = 2.8452e-03, PNorm = 128.6559, GNorm = 0.4287, lr_0 = 1.1622e-04
Loss = 3.7430e-03, PNorm = 128.6562, GNorm = 0.1410, lr_0 = 1.1618e-04
Loss = 4.1113e-03, PNorm = 128.6559, GNorm = 0.1787, lr_0 = 1.1613e-04
Loss = 2.3573e-03, PNorm = 128.6559, GNorm = 0.2246, lr_0 = 1.1609e-04
Loss = 2.2105e-03, PNorm = 128.6559, GNorm = 0.1374, lr_0 = 1.1604e-04
Loss = 2.2120e-03, PNorm = 128.6566, GNorm = 0.1013, lr_0 = 1.1600e-04
Loss = 3.2183e-03, PNorm = 128.6566, GNorm = 0.2585, lr_0 = 1.1596e-04
Loss = 2.3627e-03, PNorm = 128.6574, GNorm = 0.1771, lr_0 = 1.1591e-04
Loss = 3.5089e-03, PNorm = 128.6581, GNorm = 0.6909, lr_0 = 1.1587e-04
Loss = 4.4524e-03, PNorm = 128.6590, GNorm = 0.1427, lr_0 = 1.1582e-04
Loss = 3.0943e-03, PNorm = 128.6592, GNorm = 0.1332, lr_0 = 1.1578e-04
Loss = 2.5017e-03, PNorm = 128.6598, GNorm = 0.1573, lr_0 = 1.1573e-04
Loss = 4.3834e-03, PNorm = 128.6602, GNorm = 0.3082, lr_0 = 1.1569e-04
Loss = 3.7619e-03, PNorm = 128.6603, GNorm = 0.4790, lr_0 = 1.1564e-04
Loss = 3.9743e-03, PNorm = 128.6602, GNorm = 0.2780, lr_0 = 1.1560e-04
Loss = 3.8551e-03, PNorm = 128.6597, GNorm = 0.1761, lr_0 = 1.1555e-04
Loss = 2.4999e-03, PNorm = 128.6598, GNorm = 0.1598, lr_0 = 1.1551e-04
Loss = 4.5808e-03, PNorm = 128.6603, GNorm = 0.0999, lr_0 = 1.1547e-04
Loss = 3.4084e-03, PNorm = 128.6603, GNorm = 0.1888, lr_0 = 1.1542e-04
Loss = 3.7971e-03, PNorm = 128.6606, GNorm = 0.2644, lr_0 = 1.1538e-04
Loss = 3.0458e-03, PNorm = 128.6605, GNorm = 0.1215, lr_0 = 1.1533e-04
Loss = 2.5893e-03, PNorm = 128.6612, GNorm = 0.1325, lr_0 = 1.1529e-04
Loss = 3.1516e-03, PNorm = 128.6612, GNorm = 0.1663, lr_0 = 1.1524e-04
Loss = 4.1005e-03, PNorm = 128.6613, GNorm = 0.0819, lr_0 = 1.1520e-04
Loss = 2.3348e-03, PNorm = 128.6616, GNorm = 0.1934, lr_0 = 1.1516e-04
Loss = 8.3375e-03, PNorm = 128.6621, GNorm = 0.1073, lr_0 = 1.1511e-04
Loss = 4.2863e-03, PNorm = 128.6623, GNorm = 0.3063, lr_0 = 1.1507e-04
Loss = 3.1367e-03, PNorm = 128.6629, GNorm = 0.2018, lr_0 = 1.1502e-04
Loss = 3.5206e-03, PNorm = 128.6633, GNorm = 0.1995, lr_0 = 1.1498e-04
Loss = 2.4532e-03, PNorm = 128.6636, GNorm = 0.2519, lr_0 = 1.1493e-04
Loss = 3.7673e-03, PNorm = 128.6638, GNorm = 0.3115, lr_0 = 1.1489e-04
Loss = 3.4878e-03, PNorm = 128.6639, GNorm = 0.1290, lr_0 = 1.1485e-04
Loss = 4.1413e-03, PNorm = 128.6645, GNorm = 0.3644, lr_0 = 1.1480e-04
Loss = 2.7712e-03, PNorm = 128.6653, GNorm = 0.1557, lr_0 = 1.1476e-04
Loss = 2.6893e-03, PNorm = 128.6657, GNorm = 0.3093, lr_0 = 1.1471e-04
Loss = 4.6798e-03, PNorm = 128.6660, GNorm = 0.2265, lr_0 = 1.1467e-04
Loss = 4.5277e-03, PNorm = 128.6669, GNorm = 0.2090, lr_0 = 1.1463e-04
Loss = 4.2405e-03, PNorm = 128.6673, GNorm = 0.3051, lr_0 = 1.1458e-04
Loss = 2.8113e-03, PNorm = 128.6671, GNorm = 0.0804, lr_0 = 1.1454e-04
Loss = 2.6757e-03, PNorm = 128.6671, GNorm = 0.0999, lr_0 = 1.1449e-04
Loss = 2.9795e-03, PNorm = 128.6670, GNorm = 0.3091, lr_0 = 1.1445e-04
Loss = 2.4407e-03, PNorm = 128.6667, GNorm = 0.1070, lr_0 = 1.1441e-04
Loss = 3.8723e-03, PNorm = 128.6666, GNorm = 0.0957, lr_0 = 1.1436e-04
Loss = 3.8420e-03, PNorm = 128.6668, GNorm = 0.1120, lr_0 = 1.1432e-04
Loss = 3.0513e-03, PNorm = 128.6672, GNorm = 0.1953, lr_0 = 1.1427e-04
Loss = 7.9953e-03, PNorm = 128.6681, GNorm = 0.3459, lr_0 = 1.1423e-04
Loss = 3.0686e-03, PNorm = 128.6684, GNorm = 0.3589, lr_0 = 1.1419e-04
Loss = 2.6973e-03, PNorm = 128.6685, GNorm = 0.1276, lr_0 = 1.1414e-04
Loss = 3.5129e-03, PNorm = 128.6684, GNorm = 0.1752, lr_0 = 1.1410e-04
Loss = 4.3659e-03, PNorm = 128.6687, GNorm = 0.0990, lr_0 = 1.1405e-04
Loss = 3.1221e-03, PNorm = 128.6692, GNorm = 0.2331, lr_0 = 1.1401e-04
Loss = 3.3621e-03, PNorm = 128.6700, GNorm = 0.3848, lr_0 = 1.1397e-04
Loss = 2.1034e-03, PNorm = 128.6705, GNorm = 0.0863, lr_0 = 1.1392e-04
Loss = 1.9835e-03, PNorm = 128.6707, GNorm = 0.1576, lr_0 = 1.1388e-04
Loss = 2.5458e-03, PNorm = 128.6711, GNorm = 0.2330, lr_0 = 1.1383e-04
Loss = 4.1924e-03, PNorm = 128.6712, GNorm = 0.1824, lr_0 = 1.1379e-04
Loss = 3.3735e-03, PNorm = 128.6707, GNorm = 0.2291, lr_0 = 1.1375e-04
Loss = 3.7233e-03, PNorm = 128.6704, GNorm = 0.1205, lr_0 = 1.1370e-04
Loss = 2.7654e-03, PNorm = 128.6707, GNorm = 0.1585, lr_0 = 1.1366e-04
Loss = 2.3940e-03, PNorm = 128.6713, GNorm = 0.1189, lr_0 = 1.1362e-04
Loss = 3.4974e-03, PNorm = 128.6722, GNorm = 0.1368, lr_0 = 1.1357e-04
Loss = 3.2039e-03, PNorm = 128.6724, GNorm = 0.1498, lr_0 = 1.1353e-04
Loss = 6.8573e-03, PNorm = 128.6719, GNorm = 0.3968, lr_0 = 1.1348e-04
Loss = 1.9171e-03, PNorm = 128.6715, GNorm = 0.1725, lr_0 = 1.1344e-04
Loss = 2.4918e-03, PNorm = 128.6716, GNorm = 0.1371, lr_0 = 1.1340e-04
Loss = 4.7183e-03, PNorm = 128.6713, GNorm = 0.4779, lr_0 = 1.1335e-04
Loss = 2.0984e-03, PNorm = 128.6713, GNorm = 0.2199, lr_0 = 1.1331e-04
Loss = 3.9573e-03, PNorm = 128.6716, GNorm = 0.1322, lr_0 = 1.1327e-04
Loss = 3.5016e-03, PNorm = 128.6720, GNorm = 0.2347, lr_0 = 1.1322e-04
Loss = 2.8567e-03, PNorm = 128.6722, GNorm = 0.1449, lr_0 = 1.1318e-04
Loss = 4.3755e-03, PNorm = 128.6724, GNorm = 0.3193, lr_0 = 1.1314e-04
Loss = 2.7811e-03, PNorm = 128.6730, GNorm = 0.2597, lr_0 = 1.1309e-04
Loss = 3.4296e-03, PNorm = 128.6739, GNorm = 0.1695, lr_0 = 1.1305e-04
Loss = 2.6148e-03, PNorm = 128.6745, GNorm = 0.1066, lr_0 = 1.1301e-04
Loss = 2.5457e-03, PNorm = 128.6747, GNorm = 0.1021, lr_0 = 1.1296e-04
Loss = 5.9521e-03, PNorm = 128.6748, GNorm = 0.1286, lr_0 = 1.1292e-04
Loss = 2.9184e-03, PNorm = 128.6750, GNorm = 0.2129, lr_0 = 1.1288e-04
Loss = 3.1589e-03, PNorm = 128.6751, GNorm = 0.1590, lr_0 = 1.1283e-04
Loss = 2.5129e-03, PNorm = 128.6753, GNorm = 0.2360, lr_0 = 1.1279e-04
Loss = 1.7823e-03, PNorm = 128.6750, GNorm = 0.1162, lr_0 = 1.1275e-04
Loss = 4.6646e-03, PNorm = 128.6755, GNorm = 0.1840, lr_0 = 1.1270e-04
Loss = 5.3625e-03, PNorm = 128.6761, GNorm = 0.1012, lr_0 = 1.1266e-04
Loss = 2.6984e-03, PNorm = 128.6766, GNorm = 0.0808, lr_0 = 1.1262e-04
Loss = 2.5147e-03, PNorm = 128.6765, GNorm = 0.1373, lr_0 = 1.1257e-04
Loss = 3.9633e-03, PNorm = 128.6775, GNorm = 0.1912, lr_0 = 1.1253e-04
Loss = 2.5756e-03, PNorm = 128.6784, GNorm = 0.1211, lr_0 = 1.1249e-04
Loss = 5.5137e-03, PNorm = 128.6788, GNorm = 0.1136, lr_0 = 1.1244e-04
Loss = 2.8344e-03, PNorm = 128.6793, GNorm = 0.1222, lr_0 = 1.1240e-04
Loss = 3.3753e-03, PNorm = 128.6797, GNorm = 0.1523, lr_0 = 1.1236e-04
Loss = 4.6533e-03, PNorm = 128.6800, GNorm = 0.0932, lr_0 = 1.1231e-04
Loss = 3.7617e-03, PNorm = 128.6800, GNorm = 0.5010, lr_0 = 1.1227e-04
Loss = 3.5170e-03, PNorm = 128.6807, GNorm = 0.1336, lr_0 = 1.1223e-04
Loss = 4.8624e-03, PNorm = 128.6808, GNorm = 0.2927, lr_0 = 1.1218e-04
Loss = 3.5989e-03, PNorm = 128.6812, GNorm = 0.3399, lr_0 = 1.1214e-04
Loss = 4.1894e-03, PNorm = 128.6813, GNorm = 0.1865, lr_0 = 1.1210e-04
Loss = 2.7285e-03, PNorm = 128.6815, GNorm = 0.1555, lr_0 = 1.1205e-04
Loss = 2.8426e-03, PNorm = 128.6823, GNorm = 0.1090, lr_0 = 1.1201e-04
Loss = 2.9713e-03, PNorm = 128.6829, GNorm = 0.1765, lr_0 = 1.1197e-04
Loss = 2.8795e-03, PNorm = 128.6836, GNorm = 0.2082, lr_0 = 1.1192e-04
Loss = 4.7496e-03, PNorm = 128.6837, GNorm = 0.3604, lr_0 = 1.1188e-04
Loss = 3.3510e-03, PNorm = 128.6843, GNorm = 0.2455, lr_0 = 1.1184e-04
Loss = 3.4076e-03, PNorm = 128.6847, GNorm = 0.2466, lr_0 = 1.1180e-04
Loss = 2.3919e-03, PNorm = 128.6849, GNorm = 0.1451, lr_0 = 1.1175e-04
Loss = 4.3155e-03, PNorm = 128.6850, GNorm = 0.7886, lr_0 = 1.1171e-04
Loss = 3.7609e-03, PNorm = 128.6850, GNorm = 0.1419, lr_0 = 1.1167e-04
Loss = 4.3198e-03, PNorm = 128.6850, GNorm = 0.3074, lr_0 = 1.1162e-04
Loss = 4.1682e-03, PNorm = 128.6853, GNorm = 0.1063, lr_0 = 1.1158e-04
Loss = 2.7493e-03, PNorm = 128.6857, GNorm = 0.2958, lr_0 = 1.1154e-04
Loss = 2.6675e-03, PNorm = 128.6862, GNorm = 0.1672, lr_0 = 1.1149e-04
Loss = 2.3869e-03, PNorm = 128.6872, GNorm = 0.0702, lr_0 = 1.1145e-04
Loss = 2.9796e-03, PNorm = 128.6872, GNorm = 0.2340, lr_0 = 1.1141e-04
Loss = 2.6345e-03, PNorm = 128.6874, GNorm = 0.1976, lr_0 = 1.1137e-04
Loss = 3.6017e-03, PNorm = 128.6877, GNorm = 0.2765, lr_0 = 1.1132e-04
Loss = 2.3739e-03, PNorm = 128.6883, GNorm = 0.1124, lr_0 = 1.1128e-04
Loss = 3.5266e-03, PNorm = 128.6882, GNorm = 0.1423, lr_0 = 1.1124e-04
Loss = 3.7999e-03, PNorm = 128.6875, GNorm = 0.2595, lr_0 = 1.1119e-04
Loss = 3.2146e-03, PNorm = 128.6875, GNorm = 0.1257, lr_0 = 1.1115e-04
Loss = 2.8325e-03, PNorm = 128.6876, GNorm = 0.3213, lr_0 = 1.1111e-04
Loss = 5.0071e-03, PNorm = 128.6881, GNorm = 0.7463, lr_0 = 1.1107e-04
Loss = 4.1894e-03, PNorm = 128.6891, GNorm = 0.3114, lr_0 = 1.1102e-04
Loss = 2.5141e-03, PNorm = 128.6897, GNorm = 0.3232, lr_0 = 1.1098e-04
Loss = 3.9594e-03, PNorm = 128.6902, GNorm = 0.1842, lr_0 = 1.1094e-04
Loss = 3.0686e-03, PNorm = 128.6908, GNorm = 0.0925, lr_0 = 1.1090e-04
Loss = 5.3910e-03, PNorm = 128.6921, GNorm = 0.2261, lr_0 = 1.1085e-04
Loss = 3.3756e-03, PNorm = 128.6927, GNorm = 0.1304, lr_0 = 1.1081e-04
Loss = 2.4772e-03, PNorm = 128.6930, GNorm = 0.2478, lr_0 = 1.1077e-04
Loss = 3.3098e-03, PNorm = 128.6932, GNorm = 0.1894, lr_0 = 1.1073e-04
Loss = 3.4737e-03, PNorm = 128.6935, GNorm = 0.1462, lr_0 = 1.1068e-04
Loss = 2.6224e-03, PNorm = 128.6941, GNorm = 0.0945, lr_0 = 1.1064e-04
Loss = 2.6773e-03, PNorm = 128.6945, GNorm = 0.5190, lr_0 = 1.1060e-04
Loss = 2.8304e-03, PNorm = 128.6949, GNorm = 0.0802, lr_0 = 1.1056e-04
Loss = 2.5300e-03, PNorm = 128.6949, GNorm = 0.2154, lr_0 = 1.1051e-04
Loss = 3.6734e-03, PNorm = 128.6948, GNorm = 0.1260, lr_0 = 1.1047e-04
Loss = 2.1860e-03, PNorm = 128.6950, GNorm = 0.2627, lr_0 = 1.1043e-04
Loss = 3.2551e-03, PNorm = 128.6952, GNorm = 0.2653, lr_0 = 1.1039e-04
Loss = 2.7930e-03, PNorm = 128.6951, GNorm = 0.3177, lr_0 = 1.1034e-04
Loss = 2.9086e-03, PNorm = 128.6948, GNorm = 0.0937, lr_0 = 1.1030e-04
Loss = 4.2571e-03, PNorm = 128.6946, GNorm = 0.1905, lr_0 = 1.1026e-04
Loss = 2.1279e-03, PNorm = 128.6943, GNorm = 0.0715, lr_0 = 1.1022e-04
Loss = 2.0529e-03, PNorm = 128.6938, GNorm = 0.1873, lr_0 = 1.1017e-04
Loss = 3.5270e-03, PNorm = 128.6938, GNorm = 0.1503, lr_0 = 1.1013e-04
Loss = 2.6376e-03, PNorm = 128.6943, GNorm = 0.2060, lr_0 = 1.1009e-04
Loss = 3.4031e-03, PNorm = 128.6945, GNorm = 0.3827, lr_0 = 1.1005e-04
Loss = 3.9357e-03, PNorm = 128.6948, GNorm = 0.2243, lr_0 = 1.1000e-04
Loss = 4.3104e-03, PNorm = 128.6950, GNorm = 0.3883, lr_0 = 1.0996e-04
Loss = 3.2097e-03, PNorm = 128.6954, GNorm = 0.1719, lr_0 = 1.0992e-04
Loss = 3.1223e-03, PNorm = 128.6952, GNorm = 0.3558, lr_0 = 1.0988e-04
Loss = 2.1855e-03, PNorm = 128.6951, GNorm = 0.1695, lr_0 = 1.0983e-04
Loss = 3.7545e-03, PNorm = 128.6947, GNorm = 0.4218, lr_0 = 1.0979e-04
Loss = 3.2019e-03, PNorm = 128.6941, GNorm = 0.2235, lr_0 = 1.0975e-04
Loss = 4.1441e-03, PNorm = 128.6942, GNorm = 0.3437, lr_0 = 1.0971e-04
Loss = 4.0403e-03, PNorm = 128.6945, GNorm = 0.3123, lr_0 = 1.0967e-04
Loss = 3.6056e-03, PNorm = 128.6944, GNorm = 0.3312, lr_0 = 1.0962e-04
Loss = 3.3817e-03, PNorm = 128.6943, GNorm = 0.1142, lr_0 = 1.0958e-04
Loss = 3.4195e-03, PNorm = 128.6948, GNorm = 0.1904, lr_0 = 1.0954e-04
Loss = 6.1330e-03, PNorm = 128.6958, GNorm = 0.2565, lr_0 = 1.0950e-04
Loss = 5.4825e-03, PNorm = 128.6966, GNorm = 0.3283, lr_0 = 1.0946e-04
Loss = 3.4665e-03, PNorm = 128.6971, GNorm = 0.1173, lr_0 = 1.0941e-04
Loss = 4.5038e-03, PNorm = 128.6977, GNorm = 0.1855, lr_0 = 1.0937e-04
Loss = 3.4588e-03, PNorm = 128.6985, GNorm = 0.1634, lr_0 = 1.0933e-04
Loss = 3.1660e-03, PNorm = 128.6991, GNorm = 0.7426, lr_0 = 1.0929e-04
Loss = 4.0140e-03, PNorm = 128.6993, GNorm = 0.0983, lr_0 = 1.0924e-04
Loss = 2.1723e-03, PNorm = 128.7000, GNorm = 0.6754, lr_0 = 1.0920e-04
Loss = 3.8413e-03, PNorm = 128.7001, GNorm = 0.2817, lr_0 = 1.0916e-04
Loss = 3.5109e-03, PNorm = 128.7002, GNorm = 0.1373, lr_0 = 1.0912e-04
Loss = 4.5142e-03, PNorm = 128.7005, GNorm = 0.1327, lr_0 = 1.0908e-04
Loss = 3.6606e-03, PNorm = 128.7008, GNorm = 0.1186, lr_0 = 1.0904e-04
Loss = 6.5777e-03, PNorm = 128.7012, GNorm = 0.3841, lr_0 = 1.0899e-04
Loss = 2.8453e-03, PNorm = 128.7016, GNorm = 0.1751, lr_0 = 1.0895e-04
Loss = 2.8800e-03, PNorm = 128.7017, GNorm = 0.2000, lr_0 = 1.0891e-04
Loss = 4.0495e-03, PNorm = 128.7013, GNorm = 0.1081, lr_0 = 1.0887e-04
Loss = 4.0767e-03, PNorm = 128.7014, GNorm = 0.1157, lr_0 = 1.0883e-04
Loss = 2.4400e-03, PNorm = 128.7016, GNorm = 0.2596, lr_0 = 1.0878e-04
Loss = 4.1006e-03, PNorm = 128.7022, GNorm = 0.3067, lr_0 = 1.0874e-04
Loss = 4.1454e-03, PNorm = 128.7032, GNorm = 0.1403, lr_0 = 1.0870e-04
Loss = 2.0935e-03, PNorm = 128.7042, GNorm = 0.2605, lr_0 = 1.0866e-04
Loss = 2.6631e-03, PNorm = 128.7048, GNorm = 0.2218, lr_0 = 1.0862e-04
Loss = 2.6056e-03, PNorm = 128.7056, GNorm = 0.1634, lr_0 = 1.0857e-04
Loss = 2.9423e-03, PNorm = 128.7061, GNorm = 0.1428, lr_0 = 1.0853e-04
Loss = 2.3789e-03, PNorm = 128.7065, GNorm = 0.2350, lr_0 = 1.0849e-04
Loss = 2.6098e-03, PNorm = 128.7067, GNorm = 0.3185, lr_0 = 1.0845e-04
Loss = 2.8185e-03, PNorm = 128.7070, GNorm = 0.1242, lr_0 = 1.0841e-04
Loss = 3.4062e-03, PNorm = 128.7071, GNorm = 0.0896, lr_0 = 1.0837e-04
Loss = 3.8771e-03, PNorm = 128.7066, GNorm = 0.1715, lr_0 = 1.0832e-04
Loss = 4.1601e-03, PNorm = 128.7068, GNorm = 0.1292, lr_0 = 1.0828e-04
Loss = 3.3404e-03, PNorm = 128.7070, GNorm = 0.1097, lr_0 = 1.0824e-04
Loss = 5.0814e-03, PNorm = 128.7073, GNorm = 0.1429, lr_0 = 1.0820e-04
Loss = 4.4795e-03, PNorm = 128.7076, GNorm = 0.1168, lr_0 = 1.0816e-04
Loss = 3.3288e-03, PNorm = 128.7076, GNorm = 0.2644, lr_0 = 1.0812e-04
Loss = 4.2617e-03, PNorm = 128.7078, GNorm = 0.1232, lr_0 = 1.0807e-04
Loss = 4.8903e-03, PNorm = 128.7078, GNorm = 0.4230, lr_0 = 1.0803e-04
Loss = 3.0646e-03, PNorm = 128.7081, GNorm = 0.1240, lr_0 = 1.0799e-04
Loss = 3.6828e-03, PNorm = 128.7083, GNorm = 0.2446, lr_0 = 1.0795e-04
Loss = 3.4702e-03, PNorm = 128.7087, GNorm = 0.1851, lr_0 = 1.0791e-04
Loss = 3.6303e-03, PNorm = 128.7096, GNorm = 0.3004, lr_0 = 1.0787e-04
Loss = 3.7782e-03, PNorm = 128.7100, GNorm = 0.2144, lr_0 = 1.0783e-04
Loss = 5.5454e-03, PNorm = 128.7103, GNorm = 0.1550, lr_0 = 1.0778e-04
Loss = 2.5876e-03, PNorm = 128.7100, GNorm = 0.1409, lr_0 = 1.0774e-04
Loss = 4.9815e-03, PNorm = 128.7097, GNorm = 0.1942, lr_0 = 1.0770e-04
Loss = 2.8865e-03, PNorm = 128.7094, GNorm = 0.2950, lr_0 = 1.0766e-04
Loss = 2.5154e-03, PNorm = 128.7095, GNorm = 0.3660, lr_0 = 1.0762e-04
Loss = 3.9174e-03, PNorm = 128.7098, GNorm = 0.2076, lr_0 = 1.0758e-04
Loss = 3.6470e-03, PNorm = 128.7098, GNorm = 0.1325, lr_0 = 1.0754e-04
Loss = 3.3285e-03, PNorm = 128.7104, GNorm = 0.1501, lr_0 = 1.0749e-04
Loss = 4.1229e-03, PNorm = 128.7104, GNorm = 0.1582, lr_0 = 1.0745e-04
Loss = 3.4637e-03, PNorm = 128.7103, GNorm = 0.4472, lr_0 = 1.0741e-04
Loss = 2.5825e-03, PNorm = 128.7106, GNorm = 0.1368, lr_0 = 1.0737e-04
Loss = 3.3855e-03, PNorm = 128.7106, GNorm = 0.1747, lr_0 = 1.0733e-04
Loss = 3.0579e-03, PNorm = 128.7103, GNorm = 0.2021, lr_0 = 1.0729e-04
Loss = 3.1857e-03, PNorm = 128.7104, GNorm = 0.2658, lr_0 = 1.0725e-04
Loss = 3.7857e-03, PNorm = 128.7106, GNorm = 0.2127, lr_0 = 1.0721e-04
Loss = 3.1789e-03, PNorm = 128.7107, GNorm = 0.2814, lr_0 = 1.0716e-04
Loss = 3.0120e-03, PNorm = 128.7107, GNorm = 0.3337, lr_0 = 1.0712e-04
Loss = 1.9619e-03, PNorm = 128.7107, GNorm = 0.2009, lr_0 = 1.0708e-04
Loss = 3.3966e-03, PNorm = 128.7110, GNorm = 0.4088, lr_0 = 1.0704e-04
Loss = 2.4540e-03, PNorm = 128.7119, GNorm = 0.0992, lr_0 = 1.0700e-04
Loss = 3.3061e-03, PNorm = 128.7124, GNorm = 0.3649, lr_0 = 1.0696e-04
Loss = 3.5917e-03, PNorm = 128.7124, GNorm = 0.1928, lr_0 = 1.0692e-04
Loss = 2.4752e-03, PNorm = 128.7125, GNorm = 0.1625, lr_0 = 1.0688e-04
Loss = 1.7797e-03, PNorm = 128.7128, GNorm = 0.2259, lr_0 = 1.0683e-04
Loss = 3.8369e-03, PNorm = 128.7135, GNorm = 0.1248, lr_0 = 1.0679e-04
Loss = 3.3769e-03, PNorm = 128.7142, GNorm = 0.7886, lr_0 = 1.0675e-04
Loss = 2.7368e-03, PNorm = 128.7152, GNorm = 0.4506, lr_0 = 1.0671e-04
Loss = 3.0615e-03, PNorm = 128.7155, GNorm = 0.1459, lr_0 = 1.0667e-04
Loss = 3.1049e-03, PNorm = 128.7157, GNorm = 0.1398, lr_0 = 1.0663e-04
Loss = 4.2458e-03, PNorm = 128.7157, GNorm = 0.3332, lr_0 = 1.0659e-04
Loss = 2.7107e-03, PNorm = 128.7153, GNorm = 0.2714, lr_0 = 1.0655e-04
Loss = 4.6148e-03, PNorm = 128.7155, GNorm = 0.1046, lr_0 = 1.0651e-04
Loss = 3.3636e-03, PNorm = 128.7161, GNorm = 0.2939, lr_0 = 1.0647e-04
Loss = 2.9438e-03, PNorm = 128.7169, GNorm = 0.3497, lr_0 = 1.0642e-04
Loss = 3.2370e-03, PNorm = 128.7173, GNorm = 0.1323, lr_0 = 1.0638e-04
Loss = 2.8618e-03, PNorm = 128.7176, GNorm = 0.1292, lr_0 = 1.0634e-04
Loss = 3.3837e-03, PNorm = 128.7177, GNorm = 0.1402, lr_0 = 1.0630e-04
Loss = 2.2000e-03, PNorm = 128.7177, GNorm = 0.1326, lr_0 = 1.0626e-04
Loss = 2.8849e-03, PNorm = 128.7181, GNorm = 0.1563, lr_0 = 1.0622e-04
Loss = 3.3628e-03, PNorm = 128.7185, GNorm = 0.1276, lr_0 = 1.0618e-04
Loss = 4.2795e-03, PNorm = 128.7190, GNorm = 0.9128, lr_0 = 1.0614e-04
Loss = 3.9656e-03, PNorm = 128.7197, GNorm = 0.2042, lr_0 = 1.0610e-04
Loss = 4.8186e-03, PNorm = 128.7196, GNorm = 0.3415, lr_0 = 1.0606e-04
Loss = 4.6885e-03, PNorm = 128.7197, GNorm = 0.1892, lr_0 = 1.0602e-04
Loss = 2.9290e-03, PNorm = 128.7193, GNorm = 0.1392, lr_0 = 1.0598e-04
Loss = 5.5488e-03, PNorm = 128.7189, GNorm = 0.2930, lr_0 = 1.0593e-04
Loss = 3.1420e-03, PNorm = 128.7186, GNorm = 0.2012, lr_0 = 1.0589e-04
Loss = 2.7878e-03, PNorm = 128.7185, GNorm = 0.1278, lr_0 = 1.0585e-04
Loss = 2.2709e-03, PNorm = 128.7189, GNorm = 0.1161, lr_0 = 1.0581e-04
Loss = 2.9377e-03, PNorm = 128.7191, GNorm = 0.1217, lr_0 = 1.0577e-04
Loss = 2.3075e-03, PNorm = 128.7191, GNorm = 0.2700, lr_0 = 1.0573e-04
Loss = 3.5422e-03, PNorm = 128.7197, GNorm = 0.1343, lr_0 = 1.0569e-04
Loss = 2.7450e-03, PNorm = 128.7203, GNorm = 0.2988, lr_0 = 1.0565e-04
Loss = 3.0626e-03, PNorm = 128.7205, GNorm = 0.3086, lr_0 = 1.0561e-04
Loss = 2.9547e-03, PNorm = 128.7208, GNorm = 0.1810, lr_0 = 1.0557e-04
Loss = 1.8070e-03, PNorm = 128.7211, GNorm = 0.0684, lr_0 = 1.0553e-04
Loss = 2.7494e-03, PNorm = 128.7211, GNorm = 0.1918, lr_0 = 1.0549e-04
Loss = 3.2993e-03, PNorm = 128.7211, GNorm = 0.1297, lr_0 = 1.0545e-04
Loss = 2.8731e-03, PNorm = 128.7211, GNorm = 0.1806, lr_0 = 1.0541e-04
Loss = 3.5836e-03, PNorm = 128.7217, GNorm = 0.3187, lr_0 = 1.0537e-04
Loss = 2.8264e-03, PNorm = 128.7222, GNorm = 0.2287, lr_0 = 1.0533e-04
Loss = 2.9097e-03, PNorm = 128.7223, GNorm = 0.1032, lr_0 = 1.0528e-04
Loss = 2.2187e-03, PNorm = 128.7229, GNorm = 0.1659, lr_0 = 1.0524e-04
Loss = 2.4860e-03, PNorm = 128.7230, GNorm = 0.1847, lr_0 = 1.0520e-04
Loss = 5.7431e-03, PNorm = 128.7232, GNorm = 0.7370, lr_0 = 1.0516e-04
Loss = 5.4262e-03, PNorm = 128.7240, GNorm = 0.3365, lr_0 = 1.0512e-04
Loss = 3.1716e-03, PNorm = 128.7246, GNorm = 0.4305, lr_0 = 1.0508e-04
Loss = 3.2026e-03, PNorm = 128.7251, GNorm = 0.3404, lr_0 = 1.0504e-04
Loss = 6.5113e-03, PNorm = 128.7252, GNorm = 0.1615, lr_0 = 1.0500e-04
Loss = 3.1301e-03, PNorm = 128.7254, GNorm = 0.2154, lr_0 = 1.0496e-04
Loss = 3.2192e-03, PNorm = 128.7258, GNorm = 0.7207, lr_0 = 1.0492e-04
Loss = 2.9914e-03, PNorm = 128.7258, GNorm = 0.1845, lr_0 = 1.0488e-04
Loss = 3.3886e-03, PNorm = 128.7260, GNorm = 0.1697, lr_0 = 1.0484e-04
Loss = 2.7135e-03, PNorm = 128.7264, GNorm = 0.2266, lr_0 = 1.0480e-04
Loss = 4.9958e-03, PNorm = 128.7268, GNorm = 0.2532, lr_0 = 1.0476e-04
Loss = 2.7062e-03, PNorm = 128.7270, GNorm = 0.0916, lr_0 = 1.0472e-04
Loss = 2.2591e-03, PNorm = 128.7269, GNorm = 0.1203, lr_0 = 1.0468e-04
Loss = 2.2167e-03, PNorm = 128.7273, GNorm = 0.2194, lr_0 = 1.0464e-04
Loss = 3.4379e-03, PNorm = 128.7279, GNorm = 0.1690, lr_0 = 1.0460e-04
Loss = 1.7781e-03, PNorm = 128.7284, GNorm = 0.1743, lr_0 = 1.0456e-04
Loss = 2.7079e-03, PNorm = 128.7286, GNorm = 0.2585, lr_0 = 1.0452e-04
Loss = 3.8938e-03, PNorm = 128.7292, GNorm = 0.1581, lr_0 = 1.0448e-04
Loss = 1.7293e-03, PNorm = 128.7296, GNorm = 0.2790, lr_0 = 1.0444e-04
Loss = 3.6286e-03, PNorm = 128.7299, GNorm = 0.2611, lr_0 = 1.0440e-04
Loss = 2.6075e-03, PNorm = 128.7299, GNorm = 0.2004, lr_0 = 1.0436e-04
Loss = 3.8374e-03, PNorm = 128.7302, GNorm = 0.2085, lr_0 = 1.0432e-04
Loss = 5.3332e-03, PNorm = 128.7305, GNorm = 0.5390, lr_0 = 1.0428e-04
Loss = 4.4450e-03, PNorm = 128.7305, GNorm = 0.1379, lr_0 = 1.0424e-04
Loss = 2.9121e-03, PNorm = 128.7308, GNorm = 0.2348, lr_0 = 1.0420e-04
Loss = 6.6247e-03, PNorm = 128.7310, GNorm = 0.2827, lr_0 = 1.0416e-04
Loss = 2.1626e-03, PNorm = 128.7312, GNorm = 0.2092, lr_0 = 1.0412e-04
Loss = 5.0326e-03, PNorm = 128.7316, GNorm = 0.1547, lr_0 = 1.0408e-04
Loss = 4.3244e-03, PNorm = 128.7318, GNorm = 0.2663, lr_0 = 1.0404e-04
Loss = 2.3965e-03, PNorm = 128.7322, GNorm = 0.1012, lr_0 = 1.0400e-04
Loss = 3.7264e-03, PNorm = 128.7327, GNorm = 0.2991, lr_0 = 1.0396e-04
Loss = 3.5844e-03, PNorm = 128.7328, GNorm = 0.2611, lr_0 = 1.0392e-04
Loss = 2.9777e-03, PNorm = 128.7326, GNorm = 0.2534, lr_0 = 1.0388e-04
Loss = 3.6275e-03, PNorm = 128.7326, GNorm = 0.2344, lr_0 = 1.0384e-04
Loss = 4.7952e-03, PNorm = 128.7329, GNorm = 0.1971, lr_0 = 1.0380e-04
Loss = 5.1238e-03, PNorm = 128.7334, GNorm = 0.2635, lr_0 = 1.0376e-04
Loss = 2.9458e-03, PNorm = 128.7339, GNorm = 0.2681, lr_0 = 1.0372e-04
Loss = 2.4499e-03, PNorm = 128.7345, GNorm = 0.1294, lr_0 = 1.0368e-04
Loss = 2.9768e-03, PNorm = 128.7347, GNorm = 0.2756, lr_0 = 1.0364e-04
Loss = 4.1193e-03, PNorm = 128.7349, GNorm = 0.2389, lr_0 = 1.0360e-04
Loss = 4.7605e-03, PNorm = 128.7351, GNorm = 0.1686, lr_0 = 1.0356e-04
Loss = 3.1362e-03, PNorm = 128.7358, GNorm = 0.1962, lr_0 = 1.0352e-04
Loss = 2.6124e-03, PNorm = 128.7364, GNorm = 0.2094, lr_0 = 1.0348e-04
Loss = 3.5402e-03, PNorm = 128.7367, GNorm = 0.2452, lr_0 = 1.0344e-04
Loss = 2.6536e-03, PNorm = 128.7365, GNorm = 0.2436, lr_0 = 1.0340e-04
Loss = 3.5087e-03, PNorm = 128.7360, GNorm = 0.2530, lr_0 = 1.0336e-04
Loss = 2.4503e-03, PNorm = 128.7358, GNorm = 0.1778, lr_0 = 1.0332e-04
Loss = 2.2582e-03, PNorm = 128.7362, GNorm = 0.1250, lr_0 = 1.0328e-04
Loss = 4.0584e-03, PNorm = 128.7361, GNorm = 0.1122, lr_0 = 1.0324e-04
Loss = 1.8948e-03, PNorm = 128.7360, GNorm = 0.1459, lr_0 = 1.0320e-04
Loss = 2.3546e-03, PNorm = 128.7360, GNorm = 0.1437, lr_0 = 1.0316e-04
Loss = 3.4947e-03, PNorm = 128.7363, GNorm = 0.4688, lr_0 = 1.0312e-04
Loss = 3.8631e-03, PNorm = 128.7369, GNorm = 0.1682, lr_0 = 1.0308e-04
Loss = 3.7797e-03, PNorm = 128.7367, GNorm = 0.3011, lr_0 = 1.0304e-04
Loss = 2.7895e-03, PNorm = 128.7371, GNorm = 0.5305, lr_0 = 1.0300e-04
Loss = 4.9707e-03, PNorm = 128.7372, GNorm = 0.2906, lr_0 = 1.0296e-04
Loss = 3.7024e-03, PNorm = 128.7377, GNorm = 0.1614, lr_0 = 1.0292e-04
Loss = 3.5269e-03, PNorm = 128.7381, GNorm = 0.4183, lr_0 = 1.0288e-04
Loss = 4.6114e-03, PNorm = 128.7384, GNorm = 0.1890, lr_0 = 1.0284e-04
Loss = 2.8989e-03, PNorm = 128.7385, GNorm = 0.1913, lr_0 = 1.0280e-04
Loss = 1.7935e-03, PNorm = 128.7390, GNorm = 0.0947, lr_0 = 1.0276e-04
Loss = 3.8148e-03, PNorm = 128.7390, GNorm = 0.1373, lr_0 = 1.0272e-04
Loss = 5.8762e-03, PNorm = 128.7391, GNorm = 0.1694, lr_0 = 1.0269e-04
Loss = 3.4319e-03, PNorm = 128.7398, GNorm = 0.1873, lr_0 = 1.0265e-04
Loss = 1.8972e-03, PNorm = 128.7401, GNorm = 0.1028, lr_0 = 1.0261e-04
Loss = 2.1885e-03, PNorm = 128.7405, GNorm = 0.1463, lr_0 = 1.0257e-04
Loss = 2.3304e-03, PNorm = 128.7405, GNorm = 0.1219, lr_0 = 1.0253e-04
Loss = 2.2616e-03, PNorm = 128.7402, GNorm = 0.3982, lr_0 = 1.0249e-04
Loss = 2.6944e-03, PNorm = 128.7405, GNorm = 0.2065, lr_0 = 1.0245e-04
Loss = 3.4345e-03, PNorm = 128.7411, GNorm = 0.2220, lr_0 = 1.0241e-04
Loss = 2.2324e-03, PNorm = 128.7415, GNorm = 0.1401, lr_0 = 1.0237e-04
Loss = 2.1406e-03, PNorm = 128.7419, GNorm = 0.1172, lr_0 = 1.0233e-04
Loss = 2.6090e-03, PNorm = 128.7423, GNorm = 0.2017, lr_0 = 1.0229e-04
Loss = 2.5597e-03, PNorm = 128.7429, GNorm = 0.1008, lr_0 = 1.0225e-04
Loss = 1.9217e-03, PNorm = 128.7431, GNorm = 0.1380, lr_0 = 1.0221e-04
Loss = 5.9704e-03, PNorm = 128.7433, GNorm = 0.2632, lr_0 = 1.0217e-04
Loss = 3.5319e-03, PNorm = 128.7437, GNorm = 0.2593, lr_0 = 1.0213e-04
Loss = 4.0824e-03, PNorm = 128.7440, GNorm = 0.0964, lr_0 = 1.0209e-04
Loss = 3.3570e-03, PNorm = 128.7441, GNorm = 0.1764, lr_0 = 1.0206e-04
Loss = 2.0817e-03, PNorm = 128.7442, GNorm = 0.1273, lr_0 = 1.0202e-04
Loss = 3.3367e-03, PNorm = 128.7444, GNorm = 0.2437, lr_0 = 1.0198e-04
Loss = 3.1422e-03, PNorm = 128.7449, GNorm = 0.2081, lr_0 = 1.0194e-04
Loss = 4.0757e-03, PNorm = 128.7453, GNorm = 0.1434, lr_0 = 1.0190e-04
Loss = 2.1521e-03, PNorm = 128.7455, GNorm = 0.1997, lr_0 = 1.0186e-04
Loss = 3.5904e-03, PNorm = 128.7458, GNorm = 0.1189, lr_0 = 1.0182e-04
Loss = 2.8281e-03, PNorm = 128.7459, GNorm = 0.3146, lr_0 = 1.0178e-04
Loss = 3.3396e-03, PNorm = 128.7462, GNorm = 0.0974, lr_0 = 1.0174e-04
Loss = 2.8209e-03, PNorm = 128.7464, GNorm = 0.1255, lr_0 = 1.0170e-04
Loss = 2.2310e-03, PNorm = 128.7467, GNorm = 0.4265, lr_0 = 1.0166e-04
Loss = 1.7296e-03, PNorm = 128.7475, GNorm = 0.1292, lr_0 = 1.0162e-04
Loss = 3.6683e-03, PNorm = 128.7484, GNorm = 0.1036, lr_0 = 1.0159e-04
Loss = 7.0580e-03, PNorm = 128.7488, GNorm = 0.6114, lr_0 = 1.0155e-04
Loss = 2.5618e-03, PNorm = 128.7489, GNorm = 0.1468, lr_0 = 1.0151e-04
Loss = 4.3486e-03, PNorm = 128.7491, GNorm = 0.2108, lr_0 = 1.0147e-04
Loss = 3.5552e-03, PNorm = 128.7492, GNorm = 0.1456, lr_0 = 1.0143e-04
Loss = 2.4884e-03, PNorm = 128.7494, GNorm = 0.5902, lr_0 = 1.0139e-04
Loss = 2.9675e-03, PNorm = 128.7500, GNorm = 0.1693, lr_0 = 1.0135e-04
Loss = 4.6978e-03, PNorm = 128.7503, GNorm = 0.4926, lr_0 = 1.0131e-04
Loss = 4.8998e-03, PNorm = 128.7506, GNorm = 0.4697, lr_0 = 1.0127e-04
Loss = 2.7830e-03, PNorm = 128.7504, GNorm = 0.1834, lr_0 = 1.0123e-04
Loss = 3.6599e-03, PNorm = 128.7501, GNorm = 0.2206, lr_0 = 1.0120e-04
Loss = 2.7320e-03, PNorm = 128.7501, GNorm = 0.1113, lr_0 = 1.0116e-04
Loss = 2.2646e-03, PNorm = 128.7505, GNorm = 0.1037, lr_0 = 1.0112e-04
Loss = 2.8144e-03, PNorm = 128.7511, GNorm = 0.1612, lr_0 = 1.0108e-04
Loss = 6.9895e-03, PNorm = 128.7514, GNorm = 0.1752, lr_0 = 1.0104e-04
Loss = 2.9672e-03, PNorm = 128.7515, GNorm = 0.1958, lr_0 = 1.0100e-04
Loss = 2.1232e-03, PNorm = 128.7518, GNorm = 0.0863, lr_0 = 1.0096e-04
Loss = 1.3892e-03, PNorm = 128.7522, GNorm = 0.2342, lr_0 = 1.0092e-04
Loss = 2.7054e-03, PNorm = 128.7527, GNorm = 0.2235, lr_0 = 1.0088e-04
Loss = 2.2036e-03, PNorm = 128.7533, GNorm = 0.1141, lr_0 = 1.0085e-04
Loss = 3.8575e-03, PNorm = 128.7536, GNorm = 0.1944, lr_0 = 1.0081e-04
Loss = 4.8185e-03, PNorm = 128.7540, GNorm = 0.2095, lr_0 = 1.0077e-04
Loss = 6.7261e-03, PNorm = 128.7547, GNorm = 0.4823, lr_0 = 1.0073e-04
Loss = 5.3119e-03, PNorm = 128.7554, GNorm = 0.2725, lr_0 = 1.0069e-04
Loss = 2.2818e-03, PNorm = 128.7557, GNorm = 0.3638, lr_0 = 1.0065e-04
Loss = 3.3493e-03, PNorm = 128.7560, GNorm = 0.1950, lr_0 = 1.0061e-04
Loss = 3.3693e-03, PNorm = 128.7564, GNorm = 0.1279, lr_0 = 1.0057e-04
Loss = 2.9375e-03, PNorm = 128.7566, GNorm = 0.1629, lr_0 = 1.0054e-04
Loss = 3.5543e-03, PNorm = 128.7566, GNorm = 0.1397, lr_0 = 1.0050e-04
Loss = 3.2298e-03, PNorm = 128.7565, GNorm = 0.1110, lr_0 = 1.0046e-04
Loss = 4.0476e-03, PNorm = 128.7564, GNorm = 0.1261, lr_0 = 1.0042e-04
Loss = 3.9596e-03, PNorm = 128.7560, GNorm = 0.0806, lr_0 = 1.0038e-04
Loss = 1.9881e-03, PNorm = 128.7556, GNorm = 0.1459, lr_0 = 1.0034e-04
Loss = 3.7952e-03, PNorm = 128.7558, GNorm = 0.3801, lr_0 = 1.0030e-04
Loss = 2.2369e-03, PNorm = 128.7563, GNorm = 0.1712, lr_0 = 1.0027e-04
Loss = 1.9512e-03, PNorm = 128.7570, GNorm = 0.1169, lr_0 = 1.0023e-04
Loss = 6.3320e-03, PNorm = 128.7576, GNorm = 0.1083, lr_0 = 1.0019e-04
Loss = 2.7173e-03, PNorm = 128.7585, GNorm = 0.1618, lr_0 = 1.0015e-04
Loss = 3.9093e-03, PNorm = 128.7591, GNorm = 0.1994, lr_0 = 1.0011e-04
Loss = 2.8386e-03, PNorm = 128.7598, GNorm = 0.3115, lr_0 = 1.0007e-04
Loss = 3.3117e-03, PNorm = 128.7604, GNorm = 0.2087, lr_0 = 1.0003e-04
Loss = 2.9559e-03, PNorm = 128.7606, GNorm = 0.1519, lr_0 = 1.0000e-04
Validation r2 = 0.996787
Model 0 best validation r2 = -inf on epoch 4
Loading pretrained parameter "encoder.encoder.0.cached_zero_vector".
Loading pretrained parameter "encoder.encoder.0.W_i.weight".
Loading pretrained parameter "encoder.encoder.0.W_h.weight".
Loading pretrained parameter "encoder.encoder.0.W_o.weight".
Loading pretrained parameter "encoder.encoder.0.W_o.bias".
Loading pretrained parameter "encoder.encoder.1.cached_zero_vector".
Loading pretrained parameter "encoder.encoder.1.W_i.weight".
Loading pretrained parameter "encoder.encoder.1.W_h.weight".
Loading pretrained parameter "encoder.encoder.1.W_o.weight".
Loading pretrained parameter "encoder.encoder.1.W_o.bias".
Loading pretrained parameter "ffn.1.weight".
Loading pretrained parameter "ffn.1.bias".
Loading pretrained parameter "ffn.4.weight".
Loading pretrained parameter "ffn.4.bias".
Moving model to cuda
Model 0 provided with no test set, no metric evaluation will be performed.
Ensemble test r2 = nan
1-fold cross validation
	Seed 0 ==> test r2 = nan
Overall test r2 = nan +/- nan
Elapsed time = 1:13:07
