Command line
python DeepDeltaSubsampledJustTrain.py
Args
{'activation': 'ReLU',
 'adding_h': False,
 'aggregation': 'sum',
 'aggregation_norm': 100,
 'atom_descriptor_scaling': True,
 'atom_descriptors': None,
 'atom_descriptors_path': None,
 'atom_descriptors_size': 0,
 'atom_features_size': 0,
 'atom_messages': False,
 'batch_size': 50,
 'bias': False,
 'bias_solvent': False,
 'bond_feature_scaling': True,
 'bond_features_path': None,
 'bond_features_size': 0,
 'cache_cutoff': 10000,
 'checkpoint_dir': None,
 'checkpoint_frzn': None,
 'checkpoint_path': None,
 'checkpoint_paths': None,
 'class_balance': False,
 'config_path': None,
 'crossval_index_dir': None,
 'crossval_index_file': None,
 'crossval_index_sets': None,
 'cuda': True,
 'data_path': '/tmp/tmpvo7vaax5',
 'data_weights_path': None,
 'dataset_type': 'regression',
 'depth': 3,
 'depth_solvent': 3,
 'device': device(type='cuda'),
 'dropout': 0.0,
 'empty_cache': False,
 'ensemble_size': 1,
 'epochs': 5,
 'evidential_regularization': 0,
 'explicit_h': False,
 'extra_metrics': [],
 'features_generator': None,
 'features_only': False,
 'features_path': None,
 'features_scaling': True,
 'features_size': None,
 'ffn_hidden_size': 300,
 'ffn_num_layers': 2,
 'final_lr': 0.0001,
 'folds_file': None,
 'freeze_first_only': False,
 'frzn_ffn_layers': 0,
 'gpu': None,
 'grad_clip': None,
 'hidden_size': 300,
 'hidden_size_solvent': 300,
 'ignore_columns': None,
 'init_lr': 0.0001,
 'log_frequency': 10,
 'loss_function': 'mse',
 'max_data_size': None,
 'max_lr': 0.001,
 'metric': 'r2',
 'metrics': ['r2'],
 'minimize_score': False,
 'mpn_shared': False,
 'multiclass_num_classes': 3,
 'no_atom_descriptor_scaling': False,
 'no_bond_features_scaling': False,
 'no_cache_mol': False,
 'no_cuda': False,
 'no_features_scaling': False,
 'num_folds': 1,
 'num_lrs': 1,
 'num_tasks': 1,
 'num_workers': 8,
 'number_of_molecules': 2,
 'overwrite_default_atom_features': False,
 'overwrite_default_bond_features': False,
 'phase_features_path': None,
 'pytorch_seed': 0,
 'quiet': False,
 'reaction': False,
 'reaction_mode': 'reac_diff',
 'reaction_solvent': False,
 'resume_experiment': False,
 'save_dir': 'Lipophilicity_trained_model',
 'save_preds': False,
 'save_smiles_splits': False,
 'seed': 0,
 'separate_test_atom_descriptors_path': None,
 'separate_test_bond_features_path': None,
 'separate_test_features_path': None,
 'separate_test_path': None,
 'separate_test_phase_features_path': None,
 'separate_val_atom_descriptors_path': None,
 'separate_val_bond_features_path': None,
 'separate_val_features_path': None,
 'separate_val_path': '/tmp/tmpvo7vaax5',
 'separate_val_phase_features_path': None,
 'show_individual_scores': False,
 'smiles_columns': ['SMILES_x', 'SMILES_y'],
 'spectra_activation': 'exp',
 'spectra_phase_mask_path': None,
 'spectra_target_floor': 1e-08,
 'split_key_molecule': 0,
 'split_sizes': [1.0, 0.0, 0.0],
 'split_type': 'random',
 'target_columns': None,
 'target_weights': None,
 'task_names': ['Y'],
 'test': False,
 'test_fold_index': None,
 'train_data_size': None,
 'undirected': False,
 'use_input_features': False,
 'val_fold_index': None,
 'warmup_epochs': 2.0}
Setting molecule featurization parameters to default.
Loading data
Number of tasks = 1
Fold 0
Splitting data with seed 0
Total size = 999,600 | train size = 999,600 | val size = 999,600 | test size = 0
The test data split is empty. This may be either because splitting with no test set was selected,             such as with `cv-no-test`, or because test data provided with `--separate_test_path` was empty or contained only invalid molecules.             Performance on the test set will not be evaluated and metric scores will return `nan` for each task.
Fitting scaler
Building model 0
MoleculeModel(
  (encoder): MPN(
    (encoder): ModuleList(
      (0): MPNEncoder(
        (dropout_layer): Dropout(p=0.0, inplace=False)
        (act_func): ReLU()
        (W_i): Linear(in_features=147, out_features=300, bias=False)
        (W_h): Linear(in_features=300, out_features=300, bias=False)
        (W_o): Linear(in_features=433, out_features=300, bias=True)
      )
      (1): MPNEncoder(
        (dropout_layer): Dropout(p=0.0, inplace=False)
        (act_func): ReLU()
        (W_i): Linear(in_features=147, out_features=300, bias=False)
        (W_h): Linear(in_features=300, out_features=300, bias=False)
        (W_o): Linear(in_features=433, out_features=300, bias=True)
      )
    )
  )
  (ffn): Sequential(
    (0): Dropout(p=0.0, inplace=False)
    (1): Linear(in_features=600, out_features=300, bias=True)
    (2): ReLU()
    (3): Dropout(p=0.0, inplace=False)
    (4): Linear(in_features=300, out_features=1, bias=True)
  )
)
Number of parameters = 709,801
Moving model to cuda
Epoch 0
Loss = 2.3907e+01, PNorm = 45.8385, GNorm = 995.3060, lr_0 = 1.0025e-04
Loss = 8.0729e+00, PNorm = 45.8384, GNorm = 1191.4842, lr_0 = 1.0047e-04
Loss = 2.8336e+00, PNorm = 45.8384, GNorm = 893.1633, lr_0 = 1.0070e-04
Loss = 2.2514e+00, PNorm = 45.8385, GNorm = 468.5914, lr_0 = 1.0092e-04
Loss = 1.7406e+00, PNorm = 45.8386, GNorm = 474.0221, lr_0 = 1.0115e-04
Loss = 1.3914e+00, PNorm = 45.8386, GNorm = 213.1213, lr_0 = 1.0137e-04
Loss = 1.1749e+00, PNorm = 45.8386, GNorm = 58.9104, lr_0 = 1.0160e-04
Loss = 1.0409e+00, PNorm = 45.8386, GNorm = 352.7687, lr_0 = 1.0182e-04
Loss = 1.0397e+00, PNorm = 45.8387, GNorm = 266.1340, lr_0 = 1.0205e-04
Loss = 1.0539e+00, PNorm = 45.8388, GNorm = 37.9152, lr_0 = 1.0227e-04
Loss = 1.0718e+00, PNorm = 45.8389, GNorm = 319.0139, lr_0 = 1.0250e-04
Loss = 1.1281e+00, PNorm = 45.8391, GNorm = 148.7836, lr_0 = 1.0272e-04
Loss = 1.0822e+00, PNorm = 45.8393, GNorm = 222.6628, lr_0 = 1.0295e-04
Loss = 8.7874e-01, PNorm = 45.8395, GNorm = 227.5791, lr_0 = 1.0317e-04
Loss = 1.1276e+00, PNorm = 45.8398, GNorm = 73.4441, lr_0 = 1.0340e-04
Loss = 9.2711e-01, PNorm = 45.8402, GNorm = 196.0109, lr_0 = 1.0362e-04
Loss = 9.5957e-01, PNorm = 45.8405, GNorm = 67.1570, lr_0 = 1.0385e-04
Loss = 1.1111e+00, PNorm = 45.8408, GNorm = 465.6342, lr_0 = 1.0407e-04
Loss = 9.1563e-01, PNorm = 45.8411, GNorm = 56.3373, lr_0 = 1.0430e-04
Loss = 1.0722e+00, PNorm = 45.8415, GNorm = 528.4531, lr_0 = 1.0452e-04
Loss = 9.0644e-01, PNorm = 45.8419, GNorm = 268.1274, lr_0 = 1.0475e-04
Loss = 9.5617e-01, PNorm = 45.8423, GNorm = 59.1383, lr_0 = 1.0497e-04
Loss = 7.7353e-01, PNorm = 45.8427, GNorm = 114.5132, lr_0 = 1.0520e-04
Loss = 8.3788e-01, PNorm = 45.8430, GNorm = 245.4035, lr_0 = 1.0542e-04
Loss = 7.6036e-01, PNorm = 45.8435, GNorm = 139.7079, lr_0 = 1.0565e-04
Loss = 8.5981e-01, PNorm = 45.8440, GNorm = 82.1367, lr_0 = 1.0587e-04
Loss = 8.5172e-01, PNorm = 45.8444, GNorm = 93.4795, lr_0 = 1.0610e-04
Loss = 8.3637e-01, PNorm = 45.8448, GNorm = 280.1282, lr_0 = 1.0633e-04
Loss = 8.1009e-01, PNorm = 45.8453, GNorm = 309.1048, lr_0 = 1.0655e-04
Loss = 7.6137e-01, PNorm = 45.8458, GNorm = 92.4277, lr_0 = 1.0678e-04
Loss = 8.8227e-01, PNorm = 45.8464, GNorm = 40.8393, lr_0 = 1.0700e-04
Loss = 8.3917e-01, PNorm = 45.8470, GNorm = 146.6438, lr_0 = 1.0723e-04
Loss = 7.9451e-01, PNorm = 45.8476, GNorm = 216.8975, lr_0 = 1.0745e-04
Loss = 7.3008e-01, PNorm = 45.8482, GNorm = 279.8526, lr_0 = 1.0768e-04
Loss = 7.5894e-01, PNorm = 45.8490, GNorm = 262.7437, lr_0 = 1.0790e-04
Loss = 6.0070e-01, PNorm = 45.8496, GNorm = 20.2602, lr_0 = 1.0813e-04
Loss = 7.6943e-01, PNorm = 45.8502, GNorm = 155.3415, lr_0 = 1.0835e-04
Loss = 8.9819e-01, PNorm = 45.8512, GNorm = 197.0638, lr_0 = 1.0858e-04
Loss = 7.8066e-01, PNorm = 45.8520, GNorm = 226.2745, lr_0 = 1.0880e-04
Loss = 7.1103e-01, PNorm = 45.8527, GNorm = 145.7679, lr_0 = 1.0903e-04
Loss = 6.7935e-01, PNorm = 45.8532, GNorm = 156.0960, lr_0 = 1.0925e-04
Loss = 8.6001e-01, PNorm = 45.8539, GNorm = 450.0635, lr_0 = 1.0948e-04
Loss = 8.3722e-01, PNorm = 45.8544, GNorm = 348.5781, lr_0 = 1.0970e-04
Loss = 8.9056e-01, PNorm = 45.8551, GNorm = 462.5401, lr_0 = 1.0993e-04
Loss = 7.1366e-01, PNorm = 45.8560, GNorm = 23.3870, lr_0 = 1.1015e-04
Loss = 6.7207e-01, PNorm = 45.8570, GNorm = 17.0678, lr_0 = 1.1038e-04
Loss = 6.6335e-01, PNorm = 45.8580, GNorm = 113.1923, lr_0 = 1.1060e-04
Loss = 6.4773e-01, PNorm = 45.8590, GNorm = 110.1286, lr_0 = 1.1083e-04
Loss = 7.3661e-01, PNorm = 45.8600, GNorm = 119.5949, lr_0 = 1.1105e-04
Loss = 6.5976e-01, PNorm = 45.8611, GNorm = 242.0815, lr_0 = 1.1128e-04
Loss = 5.9214e-01, PNorm = 45.8621, GNorm = 29.5656, lr_0 = 1.1150e-04
Loss = 6.9069e-01, PNorm = 45.8631, GNorm = 116.3071, lr_0 = 1.1173e-04
Loss = 6.8275e-01, PNorm = 45.8641, GNorm = 203.5977, lr_0 = 1.1195e-04
Loss = 6.1367e-01, PNorm = 45.8652, GNorm = 121.0790, lr_0 = 1.1218e-04
Loss = 6.8673e-01, PNorm = 45.8665, GNorm = 203.7142, lr_0 = 1.1240e-04
Loss = 6.8646e-01, PNorm = 45.8677, GNorm = 310.8665, lr_0 = 1.1263e-04
Loss = 6.3452e-01, PNorm = 45.8686, GNorm = 178.5590, lr_0 = 1.1285e-04
Loss = 7.3878e-01, PNorm = 45.8695, GNorm = 96.8874, lr_0 = 1.1308e-04
Loss = 8.9829e-01, PNorm = 45.8708, GNorm = 323.1683, lr_0 = 1.1330e-04
Loss = 7.7648e-01, PNorm = 45.8717, GNorm = 49.0746, lr_0 = 1.1353e-04
Loss = 7.9257e-01, PNorm = 45.8725, GNorm = 45.7160, lr_0 = 1.1375e-04
Loss = 6.3470e-01, PNorm = 45.8734, GNorm = 62.0672, lr_0 = 1.1398e-04
Loss = 6.7817e-01, PNorm = 45.8744, GNorm = 271.1643, lr_0 = 1.1420e-04
Loss = 6.4766e-01, PNorm = 45.8756, GNorm = 335.4366, lr_0 = 1.1443e-04
Loss = 7.8110e-01, PNorm = 45.8768, GNorm = 27.4786, lr_0 = 1.1465e-04
Loss = 8.7574e-01, PNorm = 45.8777, GNorm = 427.5590, lr_0 = 1.1488e-04
Loss = 8.8675e-01, PNorm = 45.8785, GNorm = 271.6006, lr_0 = 1.1510e-04
Loss = 6.7861e-01, PNorm = 45.8794, GNorm = 34.1425, lr_0 = 1.1533e-04
Loss = 7.4043e-01, PNorm = 45.8802, GNorm = 91.8083, lr_0 = 1.1555e-04
Loss = 5.9178e-01, PNorm = 45.8813, GNorm = 94.8522, lr_0 = 1.1578e-04
Loss = 7.2747e-01, PNorm = 45.8822, GNorm = 310.7146, lr_0 = 1.1600e-04
Loss = 6.5509e-01, PNorm = 45.8834, GNorm = 254.2008, lr_0 = 1.1623e-04
Loss = 5.7625e-01, PNorm = 45.8846, GNorm = 67.0851, lr_0 = 1.1645e-04
Loss = 5.7545e-01, PNorm = 45.8857, GNorm = 98.7612, lr_0 = 1.1668e-04
Loss = 5.2963e-01, PNorm = 45.8866, GNorm = 52.6233, lr_0 = 1.1690e-04
Loss = 7.0821e-01, PNorm = 45.8876, GNorm = 524.2737, lr_0 = 1.1713e-04
Loss = 1.0204e+00, PNorm = 45.8886, GNorm = 397.5973, lr_0 = 1.1735e-04
Loss = 9.1017e-01, PNorm = 45.8897, GNorm = 438.8651, lr_0 = 1.1758e-04
Loss = 5.9685e-01, PNorm = 45.8909, GNorm = 185.7342, lr_0 = 1.1780e-04
Loss = 6.1406e-01, PNorm = 45.8922, GNorm = 226.0198, lr_0 = 1.1803e-04
Loss = 5.3480e-01, PNorm = 45.8936, GNorm = 144.5636, lr_0 = 1.1825e-04
Loss = 5.4280e-01, PNorm = 45.8952, GNorm = 119.3668, lr_0 = 1.1848e-04
Loss = 6.1815e-01, PNorm = 45.8962, GNorm = 176.6111, lr_0 = 1.1870e-04
Loss = 5.8203e-01, PNorm = 45.8973, GNorm = 236.1032, lr_0 = 1.1893e-04
Loss = 5.9674e-01, PNorm = 45.8985, GNorm = 215.2281, lr_0 = 1.1916e-04
Loss = 5.6234e-01, PNorm = 45.8996, GNorm = 46.9195, lr_0 = 1.1938e-04
Loss = 5.6636e-01, PNorm = 45.9006, GNorm = 146.0649, lr_0 = 1.1961e-04
Loss = 5.8717e-01, PNorm = 45.9017, GNorm = 182.7545, lr_0 = 1.1983e-04
Loss = 5.1911e-01, PNorm = 45.9028, GNorm = 231.8057, lr_0 = 1.2006e-04
Loss = 5.2406e-01, PNorm = 45.9041, GNorm = 58.8211, lr_0 = 1.2028e-04
Loss = 6.1330e-01, PNorm = 45.9054, GNorm = 101.8226, lr_0 = 1.2051e-04
Loss = 6.6587e-01, PNorm = 45.9068, GNorm = 198.2995, lr_0 = 1.2073e-04
Loss = 7.4037e-01, PNorm = 45.9082, GNorm = 391.9445, lr_0 = 1.2096e-04
Loss = 5.0815e-01, PNorm = 45.9095, GNorm = 20.9000, lr_0 = 1.2118e-04
Loss = 4.9616e-01, PNorm = 45.9109, GNorm = 36.4364, lr_0 = 1.2141e-04
Loss = 6.0210e-01, PNorm = 45.9122, GNorm = 225.5715, lr_0 = 1.2163e-04
Loss = 6.5260e-01, PNorm = 45.9135, GNorm = 148.2830, lr_0 = 1.2186e-04
Loss = 6.2117e-01, PNorm = 45.9147, GNorm = 147.2009, lr_0 = 1.2208e-04
Loss = 6.0192e-01, PNorm = 45.9160, GNorm = 165.8739, lr_0 = 1.2231e-04
Loss = 5.3592e-01, PNorm = 45.9170, GNorm = 153.1773, lr_0 = 1.2253e-04
Loss = 7.9440e-01, PNorm = 45.9180, GNorm = 419.1124, lr_0 = 1.2276e-04
Loss = 7.0783e-01, PNorm = 45.9193, GNorm = 172.4277, lr_0 = 1.2298e-04
Loss = 5.3580e-01, PNorm = 45.9207, GNorm = 35.8148, lr_0 = 1.2321e-04
Loss = 7.2365e-01, PNorm = 45.9219, GNorm = 456.2959, lr_0 = 1.2343e-04
Loss = 1.0252e+00, PNorm = 45.9231, GNorm = 117.5909, lr_0 = 1.2366e-04
Loss = 8.9193e-01, PNorm = 45.9242, GNorm = 226.3103, lr_0 = 1.2388e-04
Loss = 5.8546e-01, PNorm = 45.9255, GNorm = 202.5042, lr_0 = 1.2411e-04
Loss = 4.6177e-01, PNorm = 45.9269, GNorm = 31.8036, lr_0 = 1.2433e-04
Loss = 4.6082e-01, PNorm = 45.9282, GNorm = 156.6471, lr_0 = 1.2456e-04
Loss = 4.5457e-01, PNorm = 45.9296, GNorm = 72.3520, lr_0 = 1.2478e-04
Loss = 5.0152e-01, PNorm = 45.9309, GNorm = 168.5141, lr_0 = 1.2501e-04
Loss = 6.4466e-01, PNorm = 45.9322, GNorm = 201.9220, lr_0 = 1.2523e-04
Loss = 6.3955e-01, PNorm = 45.9334, GNorm = 75.1576, lr_0 = 1.2546e-04
Loss = 5.9728e-01, PNorm = 45.9347, GNorm = 172.1106, lr_0 = 1.2568e-04
Loss = 4.8739e-01, PNorm = 45.9360, GNorm = 76.5822, lr_0 = 1.2591e-04
Loss = 6.4085e-01, PNorm = 45.9374, GNorm = 318.8088, lr_0 = 1.2613e-04
Loss = 5.8044e-01, PNorm = 45.9390, GNorm = 107.9242, lr_0 = 1.2636e-04
Loss = 4.6955e-01, PNorm = 45.9405, GNorm = 46.3638, lr_0 = 1.2658e-04
Loss = 4.1117e-01, PNorm = 45.9420, GNorm = 53.9502, lr_0 = 1.2681e-04
Loss = 4.8204e-01, PNorm = 45.9434, GNorm = 22.4634, lr_0 = 1.2703e-04
Loss = 4.8588e-01, PNorm = 45.9450, GNorm = 47.1833, lr_0 = 1.2726e-04
Loss = 4.6965e-01, PNorm = 45.9467, GNorm = 268.0308, lr_0 = 1.2748e-04
Loss = 6.4526e-01, PNorm = 45.9481, GNorm = 203.7100, lr_0 = 1.2771e-04
Loss = 4.7021e-01, PNorm = 45.9491, GNorm = 126.7086, lr_0 = 1.2793e-04
Loss = 5.4782e-01, PNorm = 45.9505, GNorm = 253.9280, lr_0 = 1.2816e-04
Loss = 4.8737e-01, PNorm = 45.9519, GNorm = 169.1622, lr_0 = 1.2838e-04
Loss = 8.6910e-01, PNorm = 45.9532, GNorm = 540.8244, lr_0 = 1.2861e-04
Loss = 6.6721e-01, PNorm = 45.9543, GNorm = 20.7168, lr_0 = 1.2883e-04
Loss = 6.9267e-01, PNorm = 45.9557, GNorm = 121.3641, lr_0 = 1.2906e-04
Loss = 7.2499e-01, PNorm = 45.9571, GNorm = 376.7361, lr_0 = 1.2928e-04
Loss = 4.7460e-01, PNorm = 45.9585, GNorm = 165.6361, lr_0 = 1.2951e-04
Loss = 6.4177e-01, PNorm = 45.9599, GNorm = 257.3738, lr_0 = 1.2973e-04
Loss = 4.5812e-01, PNorm = 45.9612, GNorm = 84.8993, lr_0 = 1.2996e-04
Loss = 4.2189e-01, PNorm = 45.9625, GNorm = 64.2044, lr_0 = 1.3018e-04
Loss = 4.2422e-01, PNorm = 45.9638, GNorm = 244.0274, lr_0 = 1.3041e-04
Loss = 4.6999e-01, PNorm = 45.9650, GNorm = 201.9107, lr_0 = 1.3063e-04
Loss = 4.7699e-01, PNorm = 45.9664, GNorm = 77.7704, lr_0 = 1.3086e-04
Loss = 4.0417e-01, PNorm = 45.9679, GNorm = 184.4425, lr_0 = 1.3108e-04
Loss = 4.6705e-01, PNorm = 45.9694, GNorm = 105.8408, lr_0 = 1.3131e-04
Loss = 4.8186e-01, PNorm = 45.9708, GNorm = 52.4392, lr_0 = 1.3154e-04
Loss = 4.2923e-01, PNorm = 45.9723, GNorm = 62.3598, lr_0 = 1.3176e-04
Loss = 4.1839e-01, PNorm = 45.9738, GNorm = 31.2396, lr_0 = 1.3199e-04
Loss = 4.1692e-01, PNorm = 45.9752, GNorm = 9.5663, lr_0 = 1.3221e-04
Loss = 3.9189e-01, PNorm = 45.9766, GNorm = 209.1406, lr_0 = 1.3244e-04
Loss = 5.1796e-01, PNorm = 45.9784, GNorm = 187.0400, lr_0 = 1.3266e-04
Loss = 5.5752e-01, PNorm = 45.9796, GNorm = 99.6518, lr_0 = 1.3289e-04
Loss = 9.0665e-01, PNorm = 45.9806, GNorm = 457.7836, lr_0 = 1.3311e-04
Loss = 8.7256e-01, PNorm = 45.9817, GNorm = 422.4058, lr_0 = 1.3334e-04
Loss = 6.3703e-01, PNorm = 45.9829, GNorm = 142.5570, lr_0 = 1.3356e-04
Loss = 6.8231e-01, PNorm = 45.9843, GNorm = 67.9460, lr_0 = 1.3379e-04
Loss = 3.8246e-01, PNorm = 45.9858, GNorm = 50.7210, lr_0 = 1.3401e-04
Loss = 4.3034e-01, PNorm = 45.9872, GNorm = 112.2573, lr_0 = 1.3424e-04
Loss = 6.5466e-01, PNorm = 45.9886, GNorm = 227.0638, lr_0 = 1.3446e-04
Loss = 6.8792e-01, PNorm = 45.9901, GNorm = 230.1382, lr_0 = 1.3469e-04
Loss = 6.8773e-01, PNorm = 45.9913, GNorm = 332.9658, lr_0 = 1.3491e-04
Loss = 5.2142e-01, PNorm = 45.9926, GNorm = 261.4281, lr_0 = 1.3514e-04
Loss = 5.6034e-01, PNorm = 45.9941, GNorm = 174.7717, lr_0 = 1.3536e-04
Loss = 4.6943e-01, PNorm = 45.9959, GNorm = 252.5412, lr_0 = 1.3559e-04
Loss = 6.3048e-01, PNorm = 45.9976, GNorm = 254.3247, lr_0 = 1.3581e-04
Loss = 5.6627e-01, PNorm = 45.9994, GNorm = 16.3632, lr_0 = 1.3604e-04
Loss = 4.3340e-01, PNorm = 46.0011, GNorm = 141.5006, lr_0 = 1.3626e-04
Loss = 3.8357e-01, PNorm = 46.0027, GNorm = 168.3448, lr_0 = 1.3649e-04
Loss = 3.9188e-01, PNorm = 46.0042, GNorm = 28.9548, lr_0 = 1.3671e-04
Loss = 3.4506e-01, PNorm = 46.0053, GNorm = 92.7399, lr_0 = 1.3694e-04
Loss = 3.7941e-01, PNorm = 46.0066, GNorm = 36.9646, lr_0 = 1.3716e-04
Loss = 3.6280e-01, PNorm = 46.0080, GNorm = 104.9307, lr_0 = 1.3739e-04
Loss = 3.8528e-01, PNorm = 46.0098, GNorm = 151.2202, lr_0 = 1.3761e-04
Loss = 4.1225e-01, PNorm = 46.0115, GNorm = 26.3679, lr_0 = 1.3784e-04
Loss = 4.3250e-01, PNorm = 46.0130, GNorm = 24.2630, lr_0 = 1.3806e-04
Loss = 4.3137e-01, PNorm = 46.0147, GNorm = 111.6346, lr_0 = 1.3829e-04
Loss = 5.0807e-01, PNorm = 46.0166, GNorm = 194.2473, lr_0 = 1.3851e-04
Loss = 5.1712e-01, PNorm = 46.0183, GNorm = 131.3006, lr_0 = 1.3874e-04
Loss = 6.3304e-01, PNorm = 46.0200, GNorm = 260.6573, lr_0 = 1.3896e-04
Loss = 7.1762e-01, PNorm = 46.0218, GNorm = 409.2961, lr_0 = 1.3919e-04
Loss = 4.7748e-01, PNorm = 46.0233, GNorm = 152.7506, lr_0 = 1.3941e-04
Loss = 3.4326e-01, PNorm = 46.0249, GNorm = 74.4597, lr_0 = 1.3964e-04
Loss = 3.6661e-01, PNorm = 46.0263, GNorm = 79.4665, lr_0 = 1.3986e-04
Loss = 4.1542e-01, PNorm = 46.0276, GNorm = 207.8877, lr_0 = 1.4009e-04
Loss = 4.3833e-01, PNorm = 46.0291, GNorm = 88.4289, lr_0 = 1.4031e-04
Loss = 5.6354e-01, PNorm = 46.0308, GNorm = 260.1353, lr_0 = 1.4054e-04
Loss = 5.4927e-01, PNorm = 46.0322, GNorm = 206.4454, lr_0 = 1.4076e-04
Loss = 4.4683e-01, PNorm = 46.0340, GNorm = 37.2214, lr_0 = 1.4099e-04
Loss = 3.5269e-01, PNorm = 46.0360, GNorm = 50.1103, lr_0 = 1.4121e-04
Loss = 4.1606e-01, PNorm = 46.0376, GNorm = 49.6524, lr_0 = 1.4144e-04
Loss = 3.8930e-01, PNorm = 46.0391, GNorm = 144.1971, lr_0 = 1.4166e-04
Loss = 4.7957e-01, PNorm = 46.0405, GNorm = 28.7102, lr_0 = 1.4189e-04
Loss = 5.4359e-01, PNorm = 46.0420, GNorm = 306.5418, lr_0 = 1.4211e-04
Loss = 3.8270e-01, PNorm = 46.0434, GNorm = 67.0365, lr_0 = 1.4234e-04
Loss = 3.7960e-01, PNorm = 46.0452, GNorm = 25.0632, lr_0 = 1.4256e-04
Loss = 3.7256e-01, PNorm = 46.0468, GNorm = 44.1991, lr_0 = 1.4279e-04
Loss = 3.9606e-01, PNorm = 46.0484, GNorm = 237.1994, lr_0 = 1.4301e-04
Loss = 4.3900e-01, PNorm = 46.0502, GNorm = 35.7257, lr_0 = 1.4324e-04
Loss = 4.5262e-01, PNorm = 46.0520, GNorm = 118.9098, lr_0 = 1.4346e-04
Loss = 4.0367e-01, PNorm = 46.0534, GNorm = 178.3319, lr_0 = 1.4369e-04
Loss = 4.2599e-01, PNorm = 46.0547, GNorm = 133.7111, lr_0 = 1.4392e-04
Loss = 3.9232e-01, PNorm = 46.0564, GNorm = 162.2300, lr_0 = 1.4414e-04
Loss = 4.4353e-01, PNorm = 46.0579, GNorm = 20.9141, lr_0 = 1.4437e-04
Loss = 6.2593e-01, PNorm = 46.0592, GNorm = 76.7554, lr_0 = 1.4459e-04
Loss = 4.2355e-01, PNorm = 46.0606, GNorm = 177.0536, lr_0 = 1.4482e-04
Loss = 4.6399e-01, PNorm = 46.0622, GNorm = 44.1147, lr_0 = 1.4504e-04
Loss = 3.7865e-01, PNorm = 46.0636, GNorm = 211.6013, lr_0 = 1.4527e-04
Loss = 4.6318e-01, PNorm = 46.0649, GNorm = 67.0693, lr_0 = 1.4549e-04
Loss = 4.1374e-01, PNorm = 46.0663, GNorm = 211.4942, lr_0 = 1.4572e-04
Loss = 3.3737e-01, PNorm = 46.0679, GNorm = 18.9361, lr_0 = 1.4594e-04
Loss = 3.2215e-01, PNorm = 46.0692, GNorm = 94.1141, lr_0 = 1.4617e-04
Loss = 3.3372e-01, PNorm = 46.0704, GNorm = 15.6351, lr_0 = 1.4639e-04
Loss = 4.0339e-01, PNorm = 46.0719, GNorm = 79.3592, lr_0 = 1.4662e-04
Loss = 4.4624e-01, PNorm = 46.0736, GNorm = 163.3773, lr_0 = 1.4684e-04
Loss = 4.3991e-01, PNorm = 46.0754, GNorm = 12.6137, lr_0 = 1.4707e-04
Loss = 4.0796e-01, PNorm = 46.0773, GNorm = 60.0251, lr_0 = 1.4729e-04
Loss = 4.3237e-01, PNorm = 46.0792, GNorm = 29.8301, lr_0 = 1.4752e-04
Loss = 3.9415e-01, PNorm = 46.0812, GNorm = 20.1732, lr_0 = 1.4774e-04
Loss = 3.8412e-01, PNorm = 46.0832, GNorm = 107.2997, lr_0 = 1.4797e-04
Loss = 5.2092e-01, PNorm = 46.0847, GNorm = 68.4995, lr_0 = 1.4819e-04
Loss = 3.5124e-01, PNorm = 46.0867, GNorm = 11.6685, lr_0 = 1.4842e-04
Loss = 3.9912e-01, PNorm = 46.0887, GNorm = 154.7249, lr_0 = 1.4864e-04
Loss = 4.5601e-01, PNorm = 46.0906, GNorm = 338.3398, lr_0 = 1.4887e-04
Loss = 3.6978e-01, PNorm = 46.0923, GNorm = 99.5308, lr_0 = 1.4909e-04
Loss = 4.4841e-01, PNorm = 46.0935, GNorm = 171.8452, lr_0 = 1.4932e-04
Loss = 4.8603e-01, PNorm = 46.0947, GNorm = 239.7791, lr_0 = 1.4954e-04
Loss = 4.5772e-01, PNorm = 46.0961, GNorm = 213.4689, lr_0 = 1.4977e-04
Loss = 3.5920e-01, PNorm = 46.0977, GNorm = 15.3421, lr_0 = 1.4999e-04
Loss = 3.3545e-01, PNorm = 46.0990, GNorm = 41.5583, lr_0 = 1.5022e-04
Loss = 2.9897e-01, PNorm = 46.1008, GNorm = 54.8167, lr_0 = 1.5044e-04
Loss = 3.5554e-01, PNorm = 46.1028, GNorm = 16.2643, lr_0 = 1.5067e-04
Loss = 4.2119e-01, PNorm = 46.1050, GNorm = 168.7269, lr_0 = 1.5089e-04
Loss = 5.0445e-01, PNorm = 46.1069, GNorm = 112.8701, lr_0 = 1.5112e-04
Loss = 5.1435e-01, PNorm = 46.1082, GNorm = 325.2548, lr_0 = 1.5134e-04
Loss = 4.6772e-01, PNorm = 46.1098, GNorm = 110.1043, lr_0 = 1.5157e-04
Loss = 4.1731e-01, PNorm = 46.1115, GNorm = 142.5584, lr_0 = 1.5179e-04
Loss = 4.6602e-01, PNorm = 46.1131, GNorm = 188.9596, lr_0 = 1.5202e-04
Loss = 3.3106e-01, PNorm = 46.1148, GNorm = 87.4251, lr_0 = 1.5224e-04
Loss = 3.9223e-01, PNorm = 46.1159, GNorm = 71.4980, lr_0 = 1.5247e-04
Loss = 4.2472e-01, PNorm = 46.1174, GNorm = 181.4394, lr_0 = 1.5269e-04
Loss = 3.4022e-01, PNorm = 46.1191, GNorm = 101.6365, lr_0 = 1.5292e-04
Loss = 3.1632e-01, PNorm = 46.1210, GNorm = 37.7429, lr_0 = 1.5314e-04
Loss = 3.4125e-01, PNorm = 46.1226, GNorm = 108.4276, lr_0 = 1.5337e-04
Loss = 3.5712e-01, PNorm = 46.1242, GNorm = 175.5895, lr_0 = 1.5359e-04
Loss = 3.8605e-01, PNorm = 46.1261, GNorm = 111.2568, lr_0 = 1.5382e-04
Loss = 3.8729e-01, PNorm = 46.1280, GNorm = 40.8207, lr_0 = 1.5404e-04
Loss = 3.8647e-01, PNorm = 46.1294, GNorm = 176.9056, lr_0 = 1.5427e-04
Loss = 4.0233e-01, PNorm = 46.1306, GNorm = 55.0006, lr_0 = 1.5449e-04
Loss = 4.2293e-01, PNorm = 46.1322, GNorm = 137.9243, lr_0 = 1.5472e-04
Loss = 4.3669e-01, PNorm = 46.1336, GNorm = 124.6438, lr_0 = 1.5494e-04
Loss = 3.2560e-01, PNorm = 46.1352, GNorm = 54.3849, lr_0 = 1.5517e-04
Loss = 3.3380e-01, PNorm = 46.1369, GNorm = 19.4845, lr_0 = 1.5539e-04
Loss = 3.1453e-01, PNorm = 46.1388, GNorm = 49.1549, lr_0 = 1.5562e-04
Loss = 3.8573e-01, PNorm = 46.1410, GNorm = 155.4774, lr_0 = 1.5584e-04
Loss = 4.3544e-01, PNorm = 46.1434, GNorm = 231.3637, lr_0 = 1.5607e-04
Loss = 4.8438e-01, PNorm = 46.1451, GNorm = 187.1742, lr_0 = 1.5630e-04
Loss = 3.9258e-01, PNorm = 46.1468, GNorm = 87.1278, lr_0 = 1.5652e-04
Loss = 3.6033e-01, PNorm = 46.1478, GNorm = 23.2462, lr_0 = 1.5675e-04
Loss = 4.2731e-01, PNorm = 46.1486, GNorm = 18.6916, lr_0 = 1.5697e-04
Loss = 4.9125e-01, PNorm = 46.1501, GNorm = 147.6941, lr_0 = 1.5720e-04
Loss = 3.9436e-01, PNorm = 46.1517, GNorm = 62.2841, lr_0 = 1.5742e-04
Loss = 3.3952e-01, PNorm = 46.1531, GNorm = 68.2975, lr_0 = 1.5765e-04
Loss = 4.7706e-01, PNorm = 46.1544, GNorm = 101.2732, lr_0 = 1.5787e-04
Loss = 3.3979e-01, PNorm = 46.1566, GNorm = 76.7335, lr_0 = 1.5810e-04
Loss = 3.3358e-01, PNorm = 46.1586, GNorm = 83.8639, lr_0 = 1.5832e-04
Loss = 2.8549e-01, PNorm = 46.1605, GNorm = 129.6496, lr_0 = 1.5855e-04
Loss = 3.9256e-01, PNorm = 46.1622, GNorm = 13.6473, lr_0 = 1.5877e-04
Loss = 4.5022e-01, PNorm = 46.1637, GNorm = 242.3888, lr_0 = 1.5900e-04
Loss = 3.2004e-01, PNorm = 46.1662, GNorm = 160.8901, lr_0 = 1.5922e-04
Loss = 4.0136e-01, PNorm = 46.1681, GNorm = 148.7493, lr_0 = 1.5945e-04
Loss = 2.6043e-01, PNorm = 46.1700, GNorm = 41.9860, lr_0 = 1.5967e-04
Loss = 3.3698e-01, PNorm = 46.1715, GNorm = 136.7921, lr_0 = 1.5990e-04
Loss = 4.5688e-01, PNorm = 46.1735, GNorm = 226.4082, lr_0 = 1.6012e-04
Loss = 3.6316e-01, PNorm = 46.1754, GNorm = 131.8487, lr_0 = 1.6035e-04
Loss = 3.7300e-01, PNorm = 46.1767, GNorm = 67.7858, lr_0 = 1.6057e-04
Loss = 2.7778e-01, PNorm = 46.1781, GNorm = 25.2390, lr_0 = 1.6080e-04
Loss = 3.0906e-01, PNorm = 46.1794, GNorm = 23.5168, lr_0 = 1.6102e-04
Loss = 3.4057e-01, PNorm = 46.1811, GNorm = 98.4301, lr_0 = 1.6125e-04
Loss = 2.9101e-01, PNorm = 46.1828, GNorm = 120.3380, lr_0 = 1.6147e-04
Loss = 3.2589e-01, PNorm = 46.1846, GNorm = 36.4301, lr_0 = 1.6170e-04
Loss = 2.8687e-01, PNorm = 46.1866, GNorm = 143.6711, lr_0 = 1.6192e-04
Loss = 3.8465e-01, PNorm = 46.1884, GNorm = 182.6521, lr_0 = 1.6215e-04
Loss = 4.5098e-01, PNorm = 46.1904, GNorm = 186.0988, lr_0 = 1.6237e-04
Loss = 3.2036e-01, PNorm = 46.1924, GNorm = 60.9099, lr_0 = 1.6260e-04
Loss = 2.5938e-01, PNorm = 46.1942, GNorm = 44.5479, lr_0 = 1.6282e-04
Loss = 3.6086e-01, PNorm = 46.1959, GNorm = 143.8291, lr_0 = 1.6305e-04
Loss = 3.7555e-01, PNorm = 46.1974, GNorm = 45.4731, lr_0 = 1.6327e-04
Loss = 2.8123e-01, PNorm = 46.1989, GNorm = 46.8267, lr_0 = 1.6350e-04
Loss = 3.3300e-01, PNorm = 46.2004, GNorm = 102.4731, lr_0 = 1.6372e-04
Loss = 2.9171e-01, PNorm = 46.2028, GNorm = 75.3613, lr_0 = 1.6395e-04
Loss = 3.9851e-01, PNorm = 46.2043, GNorm = 113.6043, lr_0 = 1.6417e-04
Loss = 3.3963e-01, PNorm = 46.2060, GNorm = 10.4441, lr_0 = 1.6440e-04
Loss = 3.6635e-01, PNorm = 46.2078, GNorm = 109.4327, lr_0 = 1.6462e-04
Loss = 4.9324e-01, PNorm = 46.2096, GNorm = 217.5258, lr_0 = 1.6485e-04
Loss = 5.7619e-01, PNorm = 46.2122, GNorm = 110.8028, lr_0 = 1.6507e-04
Loss = 3.6549e-01, PNorm = 46.2149, GNorm = 12.5429, lr_0 = 1.6530e-04
Loss = 3.0549e-01, PNorm = 46.2173, GNorm = 54.7436, lr_0 = 1.6552e-04
Loss = 3.2344e-01, PNorm = 46.2188, GNorm = 10.1707, lr_0 = 1.6575e-04
Loss = 2.8039e-01, PNorm = 46.2204, GNorm = 146.3790, lr_0 = 1.6597e-04
Loss = 3.5672e-01, PNorm = 46.2230, GNorm = 24.5963, lr_0 = 1.6620e-04
Loss = 2.9253e-01, PNorm = 46.2252, GNorm = 117.9192, lr_0 = 1.6642e-04
Loss = 3.6420e-01, PNorm = 46.2272, GNorm = 163.0257, lr_0 = 1.6665e-04
Loss = 3.7903e-01, PNorm = 46.2292, GNorm = 51.6719, lr_0 = 1.6687e-04
Loss = 3.4398e-01, PNorm = 46.2314, GNorm = 108.8555, lr_0 = 1.6710e-04
Loss = 3.3642e-01, PNorm = 46.2327, GNorm = 93.2477, lr_0 = 1.6732e-04
Loss = 3.0681e-01, PNorm = 46.2342, GNorm = 49.7517, lr_0 = 1.6755e-04
Loss = 3.4551e-01, PNorm = 46.2358, GNorm = 90.1917, lr_0 = 1.6777e-04
Loss = 2.7342e-01, PNorm = 46.2379, GNorm = 35.5835, lr_0 = 1.6800e-04
Loss = 2.9681e-01, PNorm = 46.2401, GNorm = 25.0287, lr_0 = 1.6822e-04
Loss = 2.2599e-01, PNorm = 46.2421, GNorm = 14.8424, lr_0 = 1.6845e-04
Loss = 2.6653e-01, PNorm = 46.2441, GNorm = 20.3287, lr_0 = 1.6867e-04
Loss = 2.6443e-01, PNorm = 46.2464, GNorm = 13.7606, lr_0 = 1.6890e-04
Loss = 5.2495e-01, PNorm = 46.2485, GNorm = 16.0582, lr_0 = 1.6913e-04
Loss = 3.7656e-01, PNorm = 46.2503, GNorm = 118.0843, lr_0 = 1.6935e-04
Loss = 3.8356e-01, PNorm = 46.2521, GNorm = 86.3771, lr_0 = 1.6958e-04
Loss = 3.9863e-01, PNorm = 46.2539, GNorm = 52.2997, lr_0 = 1.6980e-04
Loss = 5.3494e-01, PNorm = 46.2550, GNorm = 37.9276, lr_0 = 1.7003e-04
Loss = 4.8254e-01, PNorm = 46.2565, GNorm = 14.0807, lr_0 = 1.7025e-04
Loss = 3.2826e-01, PNorm = 46.2584, GNorm = 37.2692, lr_0 = 1.7048e-04
Loss = 4.0049e-01, PNorm = 46.2603, GNorm = 70.2860, lr_0 = 1.7070e-04
Loss = 3.0274e-01, PNorm = 46.2627, GNorm = 17.3311, lr_0 = 1.7093e-04
Loss = 3.5104e-01, PNorm = 46.2648, GNorm = 91.9840, lr_0 = 1.7115e-04
Loss = 2.8261e-01, PNorm = 46.2668, GNorm = 15.2578, lr_0 = 1.7138e-04
Loss = 2.5813e-01, PNorm = 46.2685, GNorm = 8.7139, lr_0 = 1.7160e-04
Loss = 3.9598e-01, PNorm = 46.2700, GNorm = 44.9743, lr_0 = 1.7183e-04
Loss = 4.2797e-01, PNorm = 46.2721, GNorm = 20.4206, lr_0 = 1.7205e-04
Loss = 3.4679e-01, PNorm = 46.2740, GNorm = 161.3024, lr_0 = 1.7228e-04
Loss = 3.2502e-01, PNorm = 46.2758, GNorm = 36.0724, lr_0 = 1.7250e-04
Loss = 2.6549e-01, PNorm = 46.2779, GNorm = 17.8690, lr_0 = 1.7273e-04
Loss = 2.8241e-01, PNorm = 46.2799, GNorm = 43.4113, lr_0 = 1.7295e-04
Loss = 3.0321e-01, PNorm = 46.2823, GNorm = 93.6924, lr_0 = 1.7318e-04
Loss = 2.6794e-01, PNorm = 46.2846, GNorm = 34.9096, lr_0 = 1.7340e-04
Loss = 3.1319e-01, PNorm = 46.2867, GNorm = 128.0306, lr_0 = 1.7363e-04
Loss = 3.1458e-01, PNorm = 46.2887, GNorm = 105.8249, lr_0 = 1.7385e-04
Loss = 3.6615e-01, PNorm = 46.2904, GNorm = 136.9156, lr_0 = 1.7408e-04
Loss = 2.6250e-01, PNorm = 46.2918, GNorm = 56.7074, lr_0 = 1.7430e-04
Loss = 3.4380e-01, PNorm = 46.2937, GNorm = 81.5119, lr_0 = 1.7453e-04
Loss = 5.4260e-01, PNorm = 46.2956, GNorm = 49.6728, lr_0 = 1.7475e-04
Loss = 4.1149e-01, PNorm = 46.2968, GNorm = 35.7378, lr_0 = 1.7498e-04
Loss = 3.1560e-01, PNorm = 46.2985, GNorm = 94.0152, lr_0 = 1.7520e-04
Loss = 2.6723e-01, PNorm = 46.3007, GNorm = 45.4963, lr_0 = 1.7543e-04
Loss = 3.9321e-01, PNorm = 46.3030, GNorm = 117.7661, lr_0 = 1.7565e-04
Loss = 3.6110e-01, PNorm = 46.3054, GNorm = 139.2890, lr_0 = 1.7588e-04
Loss = 5.1794e-01, PNorm = 46.3076, GNorm = 40.6813, lr_0 = 1.7610e-04
Loss = 6.0955e-01, PNorm = 46.3098, GNorm = 220.2165, lr_0 = 1.7633e-04
Loss = 4.7616e-01, PNorm = 46.3117, GNorm = 8.8513, lr_0 = 1.7655e-04
Loss = 3.4561e-01, PNorm = 46.3135, GNorm = 53.2180, lr_0 = 1.7678e-04
Loss = 2.9704e-01, PNorm = 46.3156, GNorm = 59.5433, lr_0 = 1.7700e-04
Loss = 2.4928e-01, PNorm = 46.3175, GNorm = 38.2167, lr_0 = 1.7723e-04
Loss = 2.8847e-01, PNorm = 46.3193, GNorm = 69.8948, lr_0 = 1.7745e-04
Loss = 2.9924e-01, PNorm = 46.3211, GNorm = 155.8332, lr_0 = 1.7768e-04
Loss = 3.9018e-01, PNorm = 46.3231, GNorm = 13.7297, lr_0 = 1.7790e-04
Loss = 3.6095e-01, PNorm = 46.3253, GNorm = 157.3527, lr_0 = 1.7813e-04
Loss = 3.4716e-01, PNorm = 46.3274, GNorm = 61.9912, lr_0 = 1.7835e-04
Loss = 2.9993e-01, PNorm = 46.3296, GNorm = 68.5962, lr_0 = 1.7858e-04
Loss = 3.2434e-01, PNorm = 46.3320, GNorm = 52.4231, lr_0 = 1.7880e-04
Loss = 3.2555e-01, PNorm = 46.3339, GNorm = 158.5697, lr_0 = 1.7903e-04
Loss = 2.5247e-01, PNorm = 46.3358, GNorm = 105.8347, lr_0 = 1.7925e-04
Loss = 2.8342e-01, PNorm = 46.3375, GNorm = 8.9657, lr_0 = 1.7948e-04
Loss = 2.8133e-01, PNorm = 46.3392, GNorm = 123.0044, lr_0 = 1.7970e-04
Loss = 3.5470e-01, PNorm = 46.3408, GNorm = 38.0666, lr_0 = 1.7993e-04
Loss = 3.0700e-01, PNorm = 46.3431, GNorm = 93.8781, lr_0 = 1.8015e-04
Loss = 3.7749e-01, PNorm = 46.3452, GNorm = 62.2346, lr_0 = 1.8038e-04
Loss = 2.7738e-01, PNorm = 46.3479, GNorm = 45.4390, lr_0 = 1.8060e-04
Loss = 2.6484e-01, PNorm = 46.3499, GNorm = 140.4584, lr_0 = 1.8083e-04
Loss = 3.3474e-01, PNorm = 46.3522, GNorm = 57.7428, lr_0 = 1.8105e-04
Loss = 3.9784e-01, PNorm = 46.3544, GNorm = 187.7359, lr_0 = 1.8128e-04
Loss = 3.8143e-01, PNorm = 46.3560, GNorm = 49.2406, lr_0 = 1.8151e-04
Loss = 3.1179e-01, PNorm = 46.3582, GNorm = 138.3189, lr_0 = 1.8173e-04
Loss = 3.2588e-01, PNorm = 46.3607, GNorm = 21.3603, lr_0 = 1.8196e-04
Loss = 3.5789e-01, PNorm = 46.3626, GNorm = 13.7956, lr_0 = 1.8218e-04
Loss = 3.0311e-01, PNorm = 46.3640, GNorm = 52.4540, lr_0 = 1.8241e-04
Loss = 2.7209e-01, PNorm = 46.3653, GNorm = 73.3776, lr_0 = 1.8263e-04
Loss = 2.5347e-01, PNorm = 46.3676, GNorm = 56.6240, lr_0 = 1.8286e-04
Loss = 2.5633e-01, PNorm = 46.3695, GNorm = 78.0770, lr_0 = 1.8308e-04
Loss = 2.4471e-01, PNorm = 46.3711, GNorm = 84.6662, lr_0 = 1.8331e-04
Loss = 2.8466e-01, PNorm = 46.3722, GNorm = 27.1292, lr_0 = 1.8353e-04
Loss = 2.1540e-01, PNorm = 46.3739, GNorm = 39.2693, lr_0 = 1.8376e-04
Loss = 2.5111e-01, PNorm = 46.3756, GNorm = 80.1958, lr_0 = 1.8398e-04
Loss = 2.9367e-01, PNorm = 46.3775, GNorm = 46.0909, lr_0 = 1.8421e-04
Loss = 2.7009e-01, PNorm = 46.3797, GNorm = 40.2893, lr_0 = 1.8443e-04
Loss = 2.4724e-01, PNorm = 46.3819, GNorm = 57.6753, lr_0 = 1.8466e-04
Loss = 2.4569e-01, PNorm = 46.3843, GNorm = 75.1696, lr_0 = 1.8488e-04
Loss = 2.6169e-01, PNorm = 46.3860, GNorm = 62.9608, lr_0 = 1.8511e-04
Loss = 2.8056e-01, PNorm = 46.3876, GNorm = 69.3997, lr_0 = 1.8533e-04
Loss = 2.3191e-01, PNorm = 46.3896, GNorm = 22.4971, lr_0 = 1.8556e-04
Loss = 2.7448e-01, PNorm = 46.3919, GNorm = 69.7226, lr_0 = 1.8578e-04
Loss = 2.9972e-01, PNorm = 46.3936, GNorm = 78.7755, lr_0 = 1.8601e-04
Loss = 2.0966e-01, PNorm = 46.3955, GNorm = 10.6126, lr_0 = 1.8623e-04
Loss = 2.3031e-01, PNorm = 46.3973, GNorm = 24.0203, lr_0 = 1.8646e-04
Loss = 3.0679e-01, PNorm = 46.3989, GNorm = 46.6141, lr_0 = 1.8668e-04
Loss = 4.3279e-01, PNorm = 46.4004, GNorm = 15.1472, lr_0 = 1.8691e-04
Loss = 3.3436e-01, PNorm = 46.4025, GNorm = 65.1867, lr_0 = 1.8713e-04
Loss = 3.4620e-01, PNorm = 46.4038, GNorm = 108.9311, lr_0 = 1.8736e-04
Loss = 3.6074e-01, PNorm = 46.4056, GNorm = 190.0877, lr_0 = 1.8758e-04
Loss = 4.4304e-01, PNorm = 46.4087, GNorm = 163.7708, lr_0 = 1.8781e-04
Loss = 2.9611e-01, PNorm = 46.4111, GNorm = 62.0207, lr_0 = 1.8803e-04
Loss = 3.9922e-01, PNorm = 46.4125, GNorm = 90.5476, lr_0 = 1.8826e-04
Loss = 5.2125e-01, PNorm = 46.4139, GNorm = 197.2423, lr_0 = 1.8848e-04
Loss = 3.8137e-01, PNorm = 46.4159, GNorm = 108.3339, lr_0 = 1.8871e-04
Loss = 3.8286e-01, PNorm = 46.4185, GNorm = 188.8376, lr_0 = 1.8893e-04
Loss = 3.5130e-01, PNorm = 46.4209, GNorm = 19.1535, lr_0 = 1.8916e-04
Loss = 3.3025e-01, PNorm = 46.4240, GNorm = 82.4939, lr_0 = 1.8938e-04
Loss = 2.6155e-01, PNorm = 46.4267, GNorm = 94.7875, lr_0 = 1.8961e-04
Loss = 3.4323e-01, PNorm = 46.4296, GNorm = 102.9224, lr_0 = 1.8983e-04
Loss = 2.0724e-01, PNorm = 46.4323, GNorm = 41.3422, lr_0 = 1.9006e-04
Loss = 2.1080e-01, PNorm = 46.4344, GNorm = 24.1030, lr_0 = 1.9028e-04
Loss = 2.6862e-01, PNorm = 46.4362, GNorm = 39.8266, lr_0 = 1.9051e-04
Loss = 2.5944e-01, PNorm = 46.4377, GNorm = 36.3771, lr_0 = 1.9073e-04
Loss = 3.0639e-01, PNorm = 46.4395, GNorm = 163.5715, lr_0 = 1.9096e-04
Loss = 3.8354e-01, PNorm = 46.4406, GNorm = 44.5816, lr_0 = 1.9118e-04
Loss = 3.3691e-01, PNorm = 46.4422, GNorm = 11.1687, lr_0 = 1.9141e-04
Loss = 2.5084e-01, PNorm = 46.4447, GNorm = 43.6795, lr_0 = 1.9163e-04
Loss = 2.8316e-01, PNorm = 46.4471, GNorm = 22.3181, lr_0 = 1.9186e-04
Loss = 3.1020e-01, PNorm = 46.4497, GNorm = 36.3936, lr_0 = 1.9208e-04
Loss = 2.9776e-01, PNorm = 46.4525, GNorm = 21.9486, lr_0 = 1.9231e-04
Loss = 2.7529e-01, PNorm = 46.4552, GNorm = 123.8227, lr_0 = 1.9253e-04
Loss = 3.6537e-01, PNorm = 46.4574, GNorm = 114.5011, lr_0 = 1.9276e-04
Loss = 2.8844e-01, PNorm = 46.4594, GNorm = 39.2248, lr_0 = 1.9298e-04
Loss = 2.2704e-01, PNorm = 46.4617, GNorm = 24.1259, lr_0 = 1.9321e-04
Loss = 2.4474e-01, PNorm = 46.4644, GNorm = 80.8810, lr_0 = 1.9343e-04
Loss = 2.9521e-01, PNorm = 46.4671, GNorm = 37.9110, lr_0 = 1.9366e-04
Loss = 2.6221e-01, PNorm = 46.4695, GNorm = 30.9321, lr_0 = 1.9389e-04
Loss = 2.2712e-01, PNorm = 46.4717, GNorm = 37.4835, lr_0 = 1.9411e-04
Loss = 2.3358e-01, PNorm = 46.4743, GNorm = 12.2361, lr_0 = 1.9434e-04
Loss = 2.3732e-01, PNorm = 46.4767, GNorm = 16.8620, lr_0 = 1.9456e-04
Loss = 2.0155e-01, PNorm = 46.4786, GNorm = 43.9876, lr_0 = 1.9479e-04
Loss = 2.0430e-01, PNorm = 46.4812, GNorm = 51.9206, lr_0 = 1.9501e-04
Loss = 2.8295e-01, PNorm = 46.4832, GNorm = 68.3692, lr_0 = 1.9524e-04
Loss = 2.5174e-01, PNorm = 46.4857, GNorm = 44.1131, lr_0 = 1.9546e-04
Loss = 2.2154e-01, PNorm = 46.4877, GNorm = 20.1347, lr_0 = 1.9569e-04
Loss = 2.6261e-01, PNorm = 46.4899, GNorm = 56.7015, lr_0 = 1.9591e-04
Loss = 2.3373e-01, PNorm = 46.4925, GNorm = 50.8194, lr_0 = 1.9614e-04
Loss = 2.3315e-01, PNorm = 46.4945, GNorm = 29.0106, lr_0 = 1.9636e-04
Loss = 2.3197e-01, PNorm = 46.4968, GNorm = 76.1086, lr_0 = 1.9659e-04
Loss = 2.7925e-01, PNorm = 46.4984, GNorm = 102.2319, lr_0 = 1.9681e-04
Loss = 3.4621e-01, PNorm = 46.4995, GNorm = 87.5323, lr_0 = 1.9704e-04
Loss = 3.0944e-01, PNorm = 46.5009, GNorm = 155.9690, lr_0 = 1.9726e-04
Loss = 2.8789e-01, PNorm = 46.5033, GNorm = 51.2343, lr_0 = 1.9749e-04
Loss = 2.5303e-01, PNorm = 46.5062, GNorm = 25.3534, lr_0 = 1.9771e-04
Loss = 2.9222e-01, PNorm = 46.5088, GNorm = 109.7372, lr_0 = 1.9794e-04
Loss = 2.3506e-01, PNorm = 46.5107, GNorm = 62.5496, lr_0 = 1.9816e-04
Loss = 2.6399e-01, PNorm = 46.5130, GNorm = 18.9195, lr_0 = 1.9839e-04
Loss = 2.4871e-01, PNorm = 46.5153, GNorm = 18.1729, lr_0 = 1.9861e-04
Loss = 2.2303e-01, PNorm = 46.5174, GNorm = 41.5598, lr_0 = 1.9884e-04
Loss = 2.6782e-01, PNorm = 46.5198, GNorm = 101.6479, lr_0 = 1.9906e-04
Loss = 2.4751e-01, PNorm = 46.5223, GNorm = 41.6273, lr_0 = 1.9929e-04
Loss = 2.4593e-01, PNorm = 46.5247, GNorm = 50.2408, lr_0 = 1.9951e-04
Loss = 2.1281e-01, PNorm = 46.5280, GNorm = 27.9274, lr_0 = 1.9974e-04
Loss = 2.7165e-01, PNorm = 46.5302, GNorm = 95.4328, lr_0 = 1.9996e-04
Loss = 2.9653e-01, PNorm = 46.5326, GNorm = 81.3380, lr_0 = 2.0019e-04
Loss = 2.3797e-01, PNorm = 46.5356, GNorm = 87.4896, lr_0 = 2.0041e-04
Loss = 2.5722e-01, PNorm = 46.5379, GNorm = 36.5948, lr_0 = 2.0064e-04
Loss = 2.8520e-01, PNorm = 46.5398, GNorm = 80.4628, lr_0 = 2.0086e-04
Loss = 1.9246e-01, PNorm = 46.5423, GNorm = 30.4210, lr_0 = 2.0109e-04
Loss = 3.7468e-01, PNorm = 46.5445, GNorm = 78.7567, lr_0 = 2.0131e-04
Loss = 2.5872e-01, PNorm = 46.5465, GNorm = 31.6951, lr_0 = 2.0154e-04
Loss = 3.1091e-01, PNorm = 46.5483, GNorm = 71.3703, lr_0 = 2.0176e-04
Loss = 3.4216e-01, PNorm = 46.5506, GNorm = 7.8552, lr_0 = 2.0199e-04
Loss = 3.2386e-01, PNorm = 46.5532, GNorm = 83.9948, lr_0 = 2.0221e-04
Loss = 2.7630e-01, PNorm = 46.5565, GNorm = 59.4632, lr_0 = 2.0244e-04
Loss = 3.3221e-01, PNorm = 46.5590, GNorm = 61.9144, lr_0 = 2.0266e-04
Loss = 3.3579e-01, PNorm = 46.5618, GNorm = 91.5953, lr_0 = 2.0289e-04
Loss = 3.4780e-01, PNorm = 46.5647, GNorm = 83.4093, lr_0 = 2.0311e-04
Loss = 2.9680e-01, PNorm = 46.5684, GNorm = 12.4667, lr_0 = 2.0334e-04
Loss = 2.1915e-01, PNorm = 46.5726, GNorm = 18.0192, lr_0 = 2.0356e-04
Loss = 2.0372e-01, PNorm = 46.5761, GNorm = 14.1811, lr_0 = 2.0379e-04
Loss = 1.8249e-01, PNorm = 46.5792, GNorm = 33.8737, lr_0 = 2.0401e-04
Loss = 2.1418e-01, PNorm = 46.5820, GNorm = 37.2125, lr_0 = 2.0424e-04
Loss = 2.3183e-01, PNorm = 46.5845, GNorm = 65.8711, lr_0 = 2.0446e-04
Loss = 2.7159e-01, PNorm = 46.5864, GNorm = 27.8991, lr_0 = 2.0469e-04
Loss = 2.8044e-01, PNorm = 46.5882, GNorm = 58.1488, lr_0 = 2.0491e-04
Loss = 2.6511e-01, PNorm = 46.5899, GNorm = 12.2583, lr_0 = 2.0514e-04
Loss = 2.5121e-01, PNorm = 46.5920, GNorm = 67.9630, lr_0 = 2.0536e-04
Loss = 1.9188e-01, PNorm = 46.5945, GNorm = 8.6566, lr_0 = 2.0559e-04
Loss = 1.9940e-01, PNorm = 46.5965, GNorm = 38.4633, lr_0 = 2.0581e-04
Loss = 2.3154e-01, PNorm = 46.5981, GNorm = 75.0224, lr_0 = 2.0604e-04
Loss = 3.2400e-01, PNorm = 46.5997, GNorm = 75.3428, lr_0 = 2.0627e-04
Loss = 3.1590e-01, PNorm = 46.6015, GNorm = 56.9067, lr_0 = 2.0649e-04
Loss = 2.3462e-01, PNorm = 46.6042, GNorm = 27.4818, lr_0 = 2.0672e-04
Loss = 2.1577e-01, PNorm = 46.6066, GNorm = 15.4283, lr_0 = 2.0694e-04
Loss = 2.1739e-01, PNorm = 46.6087, GNorm = 40.2015, lr_0 = 2.0717e-04
Loss = 2.4077e-01, PNorm = 46.6105, GNorm = 68.8246, lr_0 = 2.0739e-04
Loss = 2.9590e-01, PNorm = 46.6127, GNorm = 100.2712, lr_0 = 2.0762e-04
Loss = 3.6579e-01, PNorm = 46.6146, GNorm = 38.5532, lr_0 = 2.0784e-04
Loss = 4.8873e-01, PNorm = 46.6162, GNorm = 138.1768, lr_0 = 2.0807e-04
Loss = 3.0959e-01, PNorm = 46.6192, GNorm = 12.2375, lr_0 = 2.0829e-04
Loss = 2.9454e-01, PNorm = 46.6222, GNorm = 47.0844, lr_0 = 2.0852e-04
Loss = 2.8754e-01, PNorm = 46.6257, GNorm = 70.3649, lr_0 = 2.0874e-04
Loss = 3.3121e-01, PNorm = 46.6288, GNorm = 6.7721, lr_0 = 2.0897e-04
Loss = 2.5835e-01, PNorm = 46.6308, GNorm = 41.7277, lr_0 = 2.0919e-04
Loss = 2.3593e-01, PNorm = 46.6345, GNorm = 22.2661, lr_0 = 2.0942e-04
Loss = 2.1727e-01, PNorm = 46.6384, GNorm = 19.6274, lr_0 = 2.0964e-04
Loss = 2.2686e-01, PNorm = 46.6412, GNorm = 39.5929, lr_0 = 2.0987e-04
Loss = 2.1644e-01, PNorm = 46.6435, GNorm = 30.3354, lr_0 = 2.1009e-04
Loss = 2.4424e-01, PNorm = 46.6466, GNorm = 30.9791, lr_0 = 2.1032e-04
Loss = 2.3434e-01, PNorm = 46.6485, GNorm = 17.5315, lr_0 = 2.1054e-04
Loss = 2.3246e-01, PNorm = 46.6508, GNorm = 47.0691, lr_0 = 2.1077e-04
Loss = 2.0066e-01, PNorm = 46.6539, GNorm = 6.3281, lr_0 = 2.1099e-04
Loss = 2.3217e-01, PNorm = 46.6563, GNorm = 107.0543, lr_0 = 2.1122e-04
Loss = 1.8663e-01, PNorm = 46.6585, GNorm = 10.5708, lr_0 = 2.1144e-04
Loss = 2.2235e-01, PNorm = 46.6609, GNorm = 58.5425, lr_0 = 2.1167e-04
Loss = 2.2363e-01, PNorm = 46.6626, GNorm = 62.4242, lr_0 = 2.1189e-04
Loss = 2.7224e-01, PNorm = 46.6647, GNorm = 86.2025, lr_0 = 2.1212e-04
Loss = 2.5327e-01, PNorm = 46.6678, GNorm = 49.8744, lr_0 = 2.1234e-04
Loss = 2.0700e-01, PNorm = 46.6712, GNorm = 6.2205, lr_0 = 2.1257e-04
Loss = 2.3084e-01, PNorm = 46.6736, GNorm = 35.0789, lr_0 = 2.1279e-04
Loss = 2.0253e-01, PNorm = 46.6761, GNorm = 29.3218, lr_0 = 2.1302e-04
Loss = 2.2913e-01, PNorm = 46.6803, GNorm = 23.6454, lr_0 = 2.1324e-04
Loss = 2.1084e-01, PNorm = 46.6831, GNorm = 51.4830, lr_0 = 2.1347e-04
Loss = 1.9822e-01, PNorm = 46.6850, GNorm = 46.4815, lr_0 = 2.1369e-04
Loss = 2.1504e-01, PNorm = 46.6872, GNorm = 22.2923, lr_0 = 2.1392e-04
Loss = 2.5749e-01, PNorm = 46.6890, GNorm = 7.9886, lr_0 = 2.1414e-04
Loss = 1.9159e-01, PNorm = 46.6912, GNorm = 16.6604, lr_0 = 2.1437e-04
Loss = 2.0853e-01, PNorm = 46.6933, GNorm = 19.8657, lr_0 = 2.1459e-04
Loss = 2.1188e-01, PNorm = 46.6953, GNorm = 14.0661, lr_0 = 2.1482e-04
Loss = 2.1678e-01, PNorm = 46.6977, GNorm = 55.3613, lr_0 = 2.1504e-04
Loss = 2.3974e-01, PNorm = 46.7004, GNorm = 83.9043, lr_0 = 2.1527e-04
Loss = 1.9343e-01, PNorm = 46.7033, GNorm = 7.3842, lr_0 = 2.1549e-04
Loss = 2.4668e-01, PNorm = 46.7059, GNorm = 36.5028, lr_0 = 2.1572e-04
Loss = 2.6322e-01, PNorm = 46.7083, GNorm = 134.4025, lr_0 = 2.1594e-04
Loss = 3.0397e-01, PNorm = 46.7108, GNorm = 41.6559, lr_0 = 2.1617e-04
Loss = 2.5369e-01, PNorm = 46.7127, GNorm = 30.8893, lr_0 = 2.1639e-04
Loss = 3.9073e-01, PNorm = 46.7150, GNorm = 92.3728, lr_0 = 2.1662e-04
Loss = 2.5679e-01, PNorm = 46.7173, GNorm = 68.7921, lr_0 = 2.1684e-04
Loss = 2.6158e-01, PNorm = 46.7197, GNorm = 31.4625, lr_0 = 2.1707e-04
Loss = 2.1126e-01, PNorm = 46.7231, GNorm = 15.7419, lr_0 = 2.1729e-04
Loss = 2.6802e-01, PNorm = 46.7263, GNorm = 32.1084, lr_0 = 2.1752e-04
Loss = 2.7342e-01, PNorm = 46.7293, GNorm = 82.6761, lr_0 = 2.1774e-04
Loss = 2.6938e-01, PNorm = 46.7323, GNorm = 52.4055, lr_0 = 2.1797e-04
Loss = 2.9327e-01, PNorm = 46.7353, GNorm = 51.7776, lr_0 = 2.1819e-04
Loss = 2.0138e-01, PNorm = 46.7382, GNorm = 25.4062, lr_0 = 2.1842e-04
Loss = 2.0631e-01, PNorm = 46.7413, GNorm = 73.4538, lr_0 = 2.1864e-04
Loss = 2.1750e-01, PNorm = 46.7434, GNorm = 14.2804, lr_0 = 2.1887e-04
Loss = 2.2034e-01, PNorm = 46.7459, GNorm = 34.2156, lr_0 = 2.1910e-04
Loss = 2.5997e-01, PNorm = 46.7490, GNorm = 92.6153, lr_0 = 2.1932e-04
Loss = 2.6737e-01, PNorm = 46.7511, GNorm = 7.7521, lr_0 = 2.1955e-04
Loss = 2.2758e-01, PNorm = 46.7538, GNorm = 31.0402, lr_0 = 2.1977e-04
Loss = 2.5436e-01, PNorm = 46.7559, GNorm = 53.0148, lr_0 = 2.2000e-04
Loss = 2.9702e-01, PNorm = 46.7580, GNorm = 47.3212, lr_0 = 2.2022e-04
Loss = 2.9127e-01, PNorm = 46.7605, GNorm = 93.3354, lr_0 = 2.2045e-04
Loss = 3.3374e-01, PNorm = 46.7629, GNorm = 44.2908, lr_0 = 2.2067e-04
Loss = 2.6110e-01, PNorm = 46.7655, GNorm = 49.4983, lr_0 = 2.2090e-04
Loss = 2.9276e-01, PNorm = 46.7691, GNorm = 10.1243, lr_0 = 2.2112e-04
Loss = 3.2877e-01, PNorm = 46.7716, GNorm = 7.1703, lr_0 = 2.2135e-04
Loss = 2.3945e-01, PNorm = 46.7745, GNorm = 36.6793, lr_0 = 2.2157e-04
Loss = 1.8582e-01, PNorm = 46.7780, GNorm = 11.2886, lr_0 = 2.2180e-04
Loss = 1.9485e-01, PNorm = 46.7809, GNorm = 29.9114, lr_0 = 2.2202e-04
Loss = 1.9057e-01, PNorm = 46.7836, GNorm = 28.3646, lr_0 = 2.2225e-04
Loss = 2.0574e-01, PNorm = 46.7869, GNorm = 88.2661, lr_0 = 2.2247e-04
Loss = 2.5370e-01, PNorm = 46.7905, GNorm = 66.2116, lr_0 = 2.2270e-04
Loss = 2.7883e-01, PNorm = 46.7936, GNorm = 41.6530, lr_0 = 2.2292e-04
Loss = 2.5101e-01, PNorm = 46.7975, GNorm = 6.1480, lr_0 = 2.2315e-04
Loss = 1.8960e-01, PNorm = 46.8015, GNorm = 13.0648, lr_0 = 2.2337e-04
Loss = 1.8732e-01, PNorm = 46.8047, GNorm = 8.4043, lr_0 = 2.2360e-04
Loss = 1.9967e-01, PNorm = 46.8077, GNorm = 16.3835, lr_0 = 2.2382e-04
Loss = 2.2303e-01, PNorm = 46.8104, GNorm = 57.7839, lr_0 = 2.2405e-04
Loss = 1.9509e-01, PNorm = 46.8143, GNorm = 19.4486, lr_0 = 2.2427e-04
Loss = 2.7896e-01, PNorm = 46.8178, GNorm = 41.9128, lr_0 = 2.2450e-04
Loss = 2.1074e-01, PNorm = 46.8209, GNorm = 51.4905, lr_0 = 2.2472e-04
Loss = 1.8133e-01, PNorm = 46.8231, GNorm = 7.3968, lr_0 = 2.2495e-04
Loss = 1.8862e-01, PNorm = 46.8249, GNorm = 7.5746, lr_0 = 2.2517e-04
Loss = 2.4361e-01, PNorm = 46.8271, GNorm = 57.0824, lr_0 = 2.2540e-04
Loss = 2.1684e-01, PNorm = 46.8294, GNorm = 15.7380, lr_0 = 2.2562e-04
Loss = 2.0599e-01, PNorm = 46.8308, GNorm = 33.5803, lr_0 = 2.2585e-04
Loss = 3.3287e-01, PNorm = 46.8334, GNorm = 45.0546, lr_0 = 2.2607e-04
Loss = 2.5493e-01, PNorm = 46.8364, GNorm = 23.0276, lr_0 = 2.2630e-04
Loss = 2.5343e-01, PNorm = 46.8396, GNorm = 18.3464, lr_0 = 2.2652e-04
Loss = 2.5370e-01, PNorm = 46.8430, GNorm = 28.4177, lr_0 = 2.2675e-04
Loss = 2.4437e-01, PNorm = 46.8463, GNorm = 60.2761, lr_0 = 2.2697e-04
Loss = 2.6058e-01, PNorm = 46.8499, GNorm = 79.2526, lr_0 = 2.2720e-04
Loss = 3.4838e-01, PNorm = 46.8522, GNorm = 59.2097, lr_0 = 2.2742e-04
Loss = 2.4331e-01, PNorm = 46.8545, GNorm = 6.2883, lr_0 = 2.2765e-04
Loss = 1.9628e-01, PNorm = 46.8573, GNorm = 22.9404, lr_0 = 2.2787e-04
Loss = 2.1504e-01, PNorm = 46.8599, GNorm = 23.3859, lr_0 = 2.2810e-04
Loss = 1.9619e-01, PNorm = 46.8620, GNorm = 8.2475, lr_0 = 2.2832e-04
Loss = 1.5317e-01, PNorm = 46.8648, GNorm = 8.8311, lr_0 = 2.2855e-04
Loss = 1.8554e-01, PNorm = 46.8679, GNorm = 38.8794, lr_0 = 2.2877e-04
Loss = 2.2547e-01, PNorm = 46.8707, GNorm = 64.4021, lr_0 = 2.2900e-04
Loss = 2.2983e-01, PNorm = 46.8737, GNorm = 44.2477, lr_0 = 2.2922e-04
Loss = 1.9666e-01, PNorm = 46.8756, GNorm = 51.8581, lr_0 = 2.2945e-04
Loss = 2.2270e-01, PNorm = 46.8777, GNorm = 7.4908, lr_0 = 2.2967e-04
Loss = 2.0737e-01, PNorm = 46.8803, GNorm = 14.9718, lr_0 = 2.2990e-04
Loss = 2.8223e-01, PNorm = 46.8831, GNorm = 41.4679, lr_0 = 2.3012e-04
Loss = 2.1070e-01, PNorm = 46.8857, GNorm = 42.6390, lr_0 = 2.3035e-04
Loss = 1.8276e-01, PNorm = 46.8878, GNorm = 40.0572, lr_0 = 2.3057e-04
Loss = 2.0893e-01, PNorm = 46.8906, GNorm = 19.0463, lr_0 = 2.3080e-04
Loss = 2.3570e-01, PNorm = 46.8943, GNorm = 64.1104, lr_0 = 2.3102e-04
Loss = 2.5682e-01, PNorm = 46.8972, GNorm = 88.7269, lr_0 = 2.3125e-04
Loss = 3.9185e-01, PNorm = 46.8996, GNorm = 62.0861, lr_0 = 2.3148e-04
Loss = 2.7915e-01, PNorm = 46.9021, GNorm = 97.7446, lr_0 = 2.3170e-04
Loss = 2.9461e-01, PNorm = 46.9049, GNorm = 58.5815, lr_0 = 2.3193e-04
Loss = 1.8865e-01, PNorm = 46.9079, GNorm = 13.0038, lr_0 = 2.3215e-04
Loss = 2.0126e-01, PNorm = 46.9108, GNorm = 44.7938, lr_0 = 2.3238e-04
Loss = 1.9324e-01, PNorm = 46.9144, GNorm = 23.0619, lr_0 = 2.3260e-04
Loss = 1.9328e-01, PNorm = 46.9176, GNorm = 5.7751, lr_0 = 2.3283e-04
Loss = 2.3765e-01, PNorm = 46.9203, GNorm = 25.3066, lr_0 = 2.3305e-04
Loss = 2.6163e-01, PNorm = 46.9228, GNorm = 44.7016, lr_0 = 2.3328e-04
Loss = 2.9843e-01, PNorm = 46.9249, GNorm = 33.2345, lr_0 = 2.3350e-04
Loss = 2.4304e-01, PNorm = 46.9280, GNorm = 32.1157, lr_0 = 2.3373e-04
Loss = 1.8842e-01, PNorm = 46.9315, GNorm = 14.2780, lr_0 = 2.3395e-04
Loss = 2.1529e-01, PNorm = 46.9343, GNorm = 18.8521, lr_0 = 2.3418e-04
Loss = 2.1859e-01, PNorm = 46.9373, GNorm = 27.9482, lr_0 = 2.3440e-04
Loss = 2.1852e-01, PNorm = 46.9411, GNorm = 22.0558, lr_0 = 2.3463e-04
Loss = 2.0640e-01, PNorm = 46.9429, GNorm = 50.9010, lr_0 = 2.3485e-04
Loss = 2.5647e-01, PNorm = 46.9450, GNorm = 33.1637, lr_0 = 2.3508e-04
Loss = 2.3826e-01, PNorm = 46.9475, GNorm = 59.2399, lr_0 = 2.3530e-04
Loss = 2.1559e-01, PNorm = 46.9504, GNorm = 3.9634, lr_0 = 2.3553e-04
Loss = 1.9157e-01, PNorm = 46.9539, GNorm = 38.8848, lr_0 = 2.3575e-04
Loss = 2.2676e-01, PNorm = 46.9569, GNorm = 27.5112, lr_0 = 2.3598e-04
Loss = 1.9144e-01, PNorm = 46.9605, GNorm = 7.9953, lr_0 = 2.3620e-04
Loss = 2.0664e-01, PNorm = 46.9639, GNorm = 7.3542, lr_0 = 2.3643e-04
Loss = 2.0331e-01, PNorm = 46.9670, GNorm = 16.9878, lr_0 = 2.3665e-04
Loss = 2.1340e-01, PNorm = 46.9696, GNorm = 32.4057, lr_0 = 2.3688e-04
Loss = 2.3957e-01, PNorm = 46.9727, GNorm = 33.1886, lr_0 = 2.3710e-04
Loss = 2.2040e-01, PNorm = 46.9766, GNorm = 45.8036, lr_0 = 2.3733e-04
Loss = 1.6892e-01, PNorm = 46.9802, GNorm = 25.0284, lr_0 = 2.3755e-04
Loss = 1.6907e-01, PNorm = 46.9835, GNorm = 24.1227, lr_0 = 2.3778e-04
Loss = 1.7913e-01, PNorm = 46.9864, GNorm = 26.6341, lr_0 = 2.3800e-04
Loss = 1.7424e-01, PNorm = 46.9890, GNorm = 7.8734, lr_0 = 2.3823e-04
Loss = 1.6941e-01, PNorm = 46.9917, GNorm = 21.2082, lr_0 = 2.3845e-04
Loss = 1.9886e-01, PNorm = 46.9939, GNorm = 44.9612, lr_0 = 2.3868e-04
Loss = 2.0827e-01, PNorm = 46.9965, GNorm = 59.4717, lr_0 = 2.3890e-04
Loss = 2.0096e-01, PNorm = 46.9989, GNorm = 49.1908, lr_0 = 2.3913e-04
Loss = 1.8953e-01, PNorm = 47.0016, GNorm = 42.4838, lr_0 = 2.3935e-04
Loss = 1.6954e-01, PNorm = 47.0044, GNorm = 4.4582, lr_0 = 2.3958e-04
Loss = 1.7169e-01, PNorm = 47.0071, GNorm = 32.2221, lr_0 = 2.3980e-04
Loss = 2.0446e-01, PNorm = 47.0095, GNorm = 21.5210, lr_0 = 2.4003e-04
Loss = 1.5845e-01, PNorm = 47.0121, GNorm = 28.6740, lr_0 = 2.4025e-04
Loss = 2.7219e-01, PNorm = 47.0149, GNorm = 61.0878, lr_0 = 2.4048e-04
Loss = 2.0208e-01, PNorm = 47.0184, GNorm = 37.3528, lr_0 = 2.4070e-04
Loss = 1.9744e-01, PNorm = 47.0218, GNorm = 39.3955, lr_0 = 2.4093e-04
Loss = 1.7203e-01, PNorm = 47.0253, GNorm = 23.5023, lr_0 = 2.4115e-04
Loss = 1.9212e-01, PNorm = 47.0287, GNorm = 40.3264, lr_0 = 2.4138e-04
Loss = 2.1933e-01, PNorm = 47.0319, GNorm = 53.8893, lr_0 = 2.4160e-04
Loss = 2.0162e-01, PNorm = 47.0342, GNorm = 47.3808, lr_0 = 2.4183e-04
Loss = 1.8674e-01, PNorm = 47.0369, GNorm = 22.8849, lr_0 = 2.4205e-04
Loss = 1.9939e-01, PNorm = 47.0399, GNorm = 13.4450, lr_0 = 2.4228e-04
Loss = 2.5340e-01, PNorm = 47.0434, GNorm = 24.7028, lr_0 = 2.4250e-04
Loss = 2.3067e-01, PNorm = 47.0464, GNorm = 15.0718, lr_0 = 2.4273e-04
Loss = 2.0469e-01, PNorm = 47.0480, GNorm = 8.0874, lr_0 = 2.4295e-04
Loss = 2.0603e-01, PNorm = 47.0500, GNorm = 35.3766, lr_0 = 2.4318e-04
Loss = 2.4578e-01, PNorm = 47.0534, GNorm = 41.1423, lr_0 = 2.4340e-04
Loss = 2.0755e-01, PNorm = 47.0575, GNorm = 34.9503, lr_0 = 2.4363e-04
Loss = 1.8443e-01, PNorm = 47.0613, GNorm = 21.5206, lr_0 = 2.4386e-04
Loss = 1.5227e-01, PNorm = 47.0645, GNorm = 13.8635, lr_0 = 2.4408e-04
Loss = 1.6699e-01, PNorm = 47.0673, GNorm = 34.0914, lr_0 = 2.4431e-04
Loss = 1.7074e-01, PNorm = 47.0703, GNorm = 17.6311, lr_0 = 2.4453e-04
Loss = 2.0737e-01, PNorm = 47.0741, GNorm = 21.6640, lr_0 = 2.4476e-04
Loss = 1.9181e-01, PNorm = 47.0766, GNorm = 30.0848, lr_0 = 2.4498e-04
Loss = 2.4164e-01, PNorm = 47.0809, GNorm = 89.2690, lr_0 = 2.4521e-04
Loss = 4.0325e-01, PNorm = 47.0839, GNorm = 56.5136, lr_0 = 2.4543e-04
Loss = 2.6459e-01, PNorm = 47.0860, GNorm = 46.7316, lr_0 = 2.4566e-04
Loss = 2.5608e-01, PNorm = 47.0888, GNorm = 37.5817, lr_0 = 2.4588e-04
Loss = 1.9226e-01, PNorm = 47.0932, GNorm = 25.1528, lr_0 = 2.4611e-04
Loss = 1.9184e-01, PNorm = 47.0972, GNorm = 8.7662, lr_0 = 2.4633e-04
Loss = 2.1137e-01, PNorm = 47.1009, GNorm = 6.7967, lr_0 = 2.4656e-04
Loss = 2.5106e-01, PNorm = 47.1031, GNorm = 23.5484, lr_0 = 2.4678e-04
Loss = 2.0968e-01, PNorm = 47.1064, GNorm = 15.0839, lr_0 = 2.4701e-04
Loss = 1.5842e-01, PNorm = 47.1113, GNorm = 7.8950, lr_0 = 2.4723e-04
Loss = 1.8741e-01, PNorm = 47.1153, GNorm = 29.9822, lr_0 = 2.4746e-04
Loss = 1.9585e-01, PNorm = 47.1189, GNorm = 27.6584, lr_0 = 2.4768e-04
Loss = 2.3920e-01, PNorm = 47.1224, GNorm = 14.0784, lr_0 = 2.4791e-04
Loss = 1.5235e-01, PNorm = 47.1253, GNorm = 3.3803, lr_0 = 2.4813e-04
Loss = 1.8947e-01, PNorm = 47.1274, GNorm = 52.9833, lr_0 = 2.4836e-04
Loss = 1.6798e-01, PNorm = 47.1299, GNorm = 5.7488, lr_0 = 2.4858e-04
Loss = 1.8335e-01, PNorm = 47.1325, GNorm = 14.1206, lr_0 = 2.4881e-04
Loss = 1.5821e-01, PNorm = 47.1354, GNorm = 6.1042, lr_0 = 2.4903e-04
Loss = 1.7840e-01, PNorm = 47.1395, GNorm = 6.0151, lr_0 = 2.4926e-04
Loss = 1.6458e-01, PNorm = 47.1427, GNorm = 30.2289, lr_0 = 2.4948e-04
Loss = 1.4778e-01, PNorm = 47.1443, GNorm = 8.8882, lr_0 = 2.4971e-04
Loss = 1.5973e-01, PNorm = 47.1461, GNorm = 9.6579, lr_0 = 2.4993e-04
Loss = 1.6560e-01, PNorm = 47.1485, GNorm = 10.5227, lr_0 = 2.5016e-04
Loss = 1.9001e-01, PNorm = 47.1509, GNorm = 21.3405, lr_0 = 2.5038e-04
Loss = 1.9662e-01, PNorm = 47.1545, GNorm = 25.8775, lr_0 = 2.5061e-04
Loss = 1.5955e-01, PNorm = 47.1568, GNorm = 5.8509, lr_0 = 2.5083e-04
Loss = 1.6377e-01, PNorm = 47.1599, GNorm = 15.8790, lr_0 = 2.5106e-04
Loss = 2.3422e-01, PNorm = 47.1635, GNorm = 38.4726, lr_0 = 2.5128e-04
Loss = 3.5980e-01, PNorm = 47.1663, GNorm = 78.8512, lr_0 = 2.5151e-04
Loss = 2.8217e-01, PNorm = 47.1682, GNorm = 48.3444, lr_0 = 2.5173e-04
Loss = 2.5871e-01, PNorm = 47.1724, GNorm = 21.5109, lr_0 = 2.5196e-04
Loss = 2.9555e-01, PNorm = 47.1765, GNorm = 26.4492, lr_0 = 2.5218e-04
Loss = 1.9137e-01, PNorm = 47.1809, GNorm = 29.8342, lr_0 = 2.5241e-04
Loss = 2.1829e-01, PNorm = 47.1851, GNorm = 54.8998, lr_0 = 2.5263e-04
Loss = 2.6631e-01, PNorm = 47.1913, GNorm = 51.6169, lr_0 = 2.5286e-04
Loss = 1.8764e-01, PNorm = 47.1954, GNorm = 20.1202, lr_0 = 2.5308e-04
Loss = 1.5770e-01, PNorm = 47.2001, GNorm = 9.4956, lr_0 = 2.5331e-04
Loss = 1.4792e-01, PNorm = 47.2034, GNorm = 6.7936, lr_0 = 2.5353e-04
Loss = 1.5557e-01, PNorm = 47.2065, GNorm = 26.7166, lr_0 = 2.5376e-04
Loss = 1.7105e-01, PNorm = 47.2095, GNorm = 40.7387, lr_0 = 2.5398e-04
Loss = 1.9985e-01, PNorm = 47.2119, GNorm = 24.4730, lr_0 = 2.5421e-04
Loss = 1.9123e-01, PNorm = 47.2143, GNorm = 18.0521, lr_0 = 2.5443e-04
Loss = 1.8937e-01, PNorm = 47.2184, GNorm = 43.9478, lr_0 = 2.5466e-04
Loss = 1.8470e-01, PNorm = 47.2218, GNorm = 26.8449, lr_0 = 2.5488e-04
Loss = 1.8091e-01, PNorm = 47.2244, GNorm = 43.1681, lr_0 = 2.5511e-04
Loss = 1.8674e-01, PNorm = 47.2275, GNorm = 7.8010, lr_0 = 2.5533e-04
Loss = 1.7125e-01, PNorm = 47.2304, GNorm = 18.8424, lr_0 = 2.5556e-04
Loss = 2.7297e-01, PNorm = 47.2325, GNorm = 62.5657, lr_0 = 2.5578e-04
Loss = 2.7954e-01, PNorm = 47.2351, GNorm = 5.3242, lr_0 = 2.5601e-04
Loss = 2.9784e-01, PNorm = 47.2374, GNorm = 30.7437, lr_0 = 2.5623e-04
Loss = 1.8000e-01, PNorm = 47.2418, GNorm = 13.0363, lr_0 = 2.5646e-04
Loss = 2.1772e-01, PNorm = 47.2453, GNorm = 40.3163, lr_0 = 2.5669e-04
Loss = 1.9743e-01, PNorm = 47.2479, GNorm = 6.0027, lr_0 = 2.5691e-04
Loss = 1.9726e-01, PNorm = 47.2509, GNorm = 18.6280, lr_0 = 2.5714e-04
Loss = 1.9384e-01, PNorm = 47.2555, GNorm = 30.7290, lr_0 = 2.5736e-04
Loss = 1.7504e-01, PNorm = 47.2588, GNorm = 9.4102, lr_0 = 2.5759e-04
Loss = 1.8630e-01, PNorm = 47.2609, GNorm = 9.6308, lr_0 = 2.5781e-04
Loss = 1.6959e-01, PNorm = 47.2636, GNorm = 7.6421, lr_0 = 2.5804e-04
Loss = 1.8120e-01, PNorm = 47.2675, GNorm = 27.3190, lr_0 = 2.5826e-04
Loss = 1.8045e-01, PNorm = 47.2708, GNorm = 23.0860, lr_0 = 2.5849e-04
Loss = 1.5844e-01, PNorm = 47.2740, GNorm = 11.6110, lr_0 = 2.5871e-04
Loss = 2.0288e-01, PNorm = 47.2780, GNorm = 25.3471, lr_0 = 2.5894e-04
Loss = 1.5614e-01, PNorm = 47.2813, GNorm = 12.1932, lr_0 = 2.5916e-04
Loss = 1.3857e-01, PNorm = 47.2841, GNorm = 12.1578, lr_0 = 2.5939e-04
Loss = 1.8957e-01, PNorm = 47.2876, GNorm = 14.8778, lr_0 = 2.5961e-04
Loss = 1.8050e-01, PNorm = 47.2926, GNorm = 25.2819, lr_0 = 2.5984e-04
Loss = 2.7120e-01, PNorm = 47.2965, GNorm = 48.8936, lr_0 = 2.6006e-04
Loss = 3.0163e-01, PNorm = 47.2998, GNorm = 42.8277, lr_0 = 2.6029e-04
Loss = 2.4303e-01, PNorm = 47.3024, GNorm = 45.6989, lr_0 = 2.6051e-04
Loss = 2.8972e-01, PNorm = 47.3043, GNorm = 31.4449, lr_0 = 2.6074e-04
Loss = 2.1947e-01, PNorm = 47.3088, GNorm = 3.4902, lr_0 = 2.6096e-04
Loss = 1.8349e-01, PNorm = 47.3129, GNorm = 38.4245, lr_0 = 2.6119e-04
Loss = 1.9212e-01, PNorm = 47.3156, GNorm = 12.1939, lr_0 = 2.6141e-04
Loss = 1.8273e-01, PNorm = 47.3174, GNorm = 22.8801, lr_0 = 2.6164e-04
Loss = 2.4893e-01, PNorm = 47.3210, GNorm = 44.2641, lr_0 = 2.6186e-04
Loss = 2.5451e-01, PNorm = 47.3241, GNorm = 34.1430, lr_0 = 2.6209e-04
Loss = 2.1459e-01, PNorm = 47.3280, GNorm = 25.7137, lr_0 = 2.6231e-04
Loss = 1.7901e-01, PNorm = 47.3317, GNorm = 5.0411, lr_0 = 2.6254e-04
Loss = 1.8018e-01, PNorm = 47.3345, GNorm = 9.6926, lr_0 = 2.6276e-04
Loss = 1.3615e-01, PNorm = 47.3380, GNorm = 5.7460, lr_0 = 2.6299e-04
Loss = 1.6849e-01, PNorm = 47.3404, GNorm = 19.3206, lr_0 = 2.6321e-04
Loss = 1.5784e-01, PNorm = 47.3442, GNorm = 6.0620, lr_0 = 2.6344e-04
Loss = 1.5695e-01, PNorm = 47.3484, GNorm = 12.0954, lr_0 = 2.6366e-04
Loss = 1.7282e-01, PNorm = 47.3511, GNorm = 30.4987, lr_0 = 2.6389e-04
Loss = 1.6423e-01, PNorm = 47.3533, GNorm = 5.6787, lr_0 = 2.6411e-04
Loss = 1.5841e-01, PNorm = 47.3572, GNorm = 15.8820, lr_0 = 2.6434e-04
Loss = 1.6864e-01, PNorm = 47.3608, GNorm = 12.5401, lr_0 = 2.6456e-04
Loss = 1.6876e-01, PNorm = 47.3633, GNorm = 25.4514, lr_0 = 2.6479e-04
Loss = 2.3460e-01, PNorm = 47.3653, GNorm = 23.4369, lr_0 = 2.6501e-04
Loss = 1.8672e-01, PNorm = 47.3705, GNorm = 5.5603, lr_0 = 2.6524e-04
Loss = 1.5653e-01, PNorm = 47.3754, GNorm = 16.0971, lr_0 = 2.6546e-04
Loss = 1.6450e-01, PNorm = 47.3789, GNorm = 17.0279, lr_0 = 2.6569e-04
Loss = 1.5734e-01, PNorm = 47.3814, GNorm = 23.1792, lr_0 = 2.6591e-04
Loss = 1.3356e-01, PNorm = 47.3845, GNorm = 10.9911, lr_0 = 2.6614e-04
Loss = 1.2690e-01, PNorm = 47.3886, GNorm = 4.5100, lr_0 = 2.6636e-04
Loss = 1.7245e-01, PNorm = 47.3912, GNorm = 22.8371, lr_0 = 2.6659e-04
Loss = 1.3612e-01, PNorm = 47.3943, GNorm = 21.9183, lr_0 = 2.6681e-04
Loss = 1.7434e-01, PNorm = 47.3978, GNorm = 19.8822, lr_0 = 2.6704e-04
Loss = 1.7182e-01, PNorm = 47.4008, GNorm = 6.7449, lr_0 = 2.6726e-04
Loss = 1.6341e-01, PNorm = 47.4036, GNorm = 23.9162, lr_0 = 2.6749e-04
Loss = 1.6968e-01, PNorm = 47.4063, GNorm = 5.4137, lr_0 = 2.6771e-04
Loss = 1.9015e-01, PNorm = 47.4097, GNorm = 9.2031, lr_0 = 2.6794e-04
Loss = 1.7462e-01, PNorm = 47.4131, GNorm = 5.8696, lr_0 = 2.6816e-04
Loss = 1.4581e-01, PNorm = 47.4166, GNorm = 11.2370, lr_0 = 2.6839e-04
Loss = 1.5848e-01, PNorm = 47.4185, GNorm = 18.3896, lr_0 = 2.6861e-04
Loss = 1.7895e-01, PNorm = 47.4220, GNorm = 10.3288, lr_0 = 2.6884e-04
Loss = 1.4011e-01, PNorm = 47.4273, GNorm = 15.2569, lr_0 = 2.6907e-04
Loss = 1.6843e-01, PNorm = 47.4321, GNorm = 7.9643, lr_0 = 2.6929e-04
Loss = 1.4066e-01, PNorm = 47.4366, GNorm = 12.3537, lr_0 = 2.6952e-04
Loss = 1.5354e-01, PNorm = 47.4412, GNorm = 20.0803, lr_0 = 2.6974e-04
Loss = 1.5954e-01, PNorm = 47.4430, GNorm = 4.6726, lr_0 = 2.6997e-04
Loss = 1.6384e-01, PNorm = 47.4459, GNorm = 18.6316, lr_0 = 2.7019e-04
Loss = 2.0074e-01, PNorm = 47.4491, GNorm = 38.4302, lr_0 = 2.7042e-04
Loss = 1.6290e-01, PNorm = 47.4526, GNorm = 11.4191, lr_0 = 2.7064e-04
Loss = 1.3354e-01, PNorm = 47.4563, GNorm = 11.7000, lr_0 = 2.7087e-04
Loss = 1.8063e-01, PNorm = 47.4589, GNorm = 17.8280, lr_0 = 2.7109e-04
Loss = 1.6936e-01, PNorm = 47.4625, GNorm = 18.9496, lr_0 = 2.7132e-04
Loss = 1.4212e-01, PNorm = 47.4656, GNorm = 5.9192, lr_0 = 2.7154e-04
Loss = 1.7750e-01, PNorm = 47.4674, GNorm = 32.7153, lr_0 = 2.7177e-04
Loss = 1.5139e-01, PNorm = 47.4706, GNorm = 5.5393, lr_0 = 2.7199e-04
Loss = 1.5216e-01, PNorm = 47.4740, GNorm = 8.5189, lr_0 = 2.7222e-04
Loss = 1.6350e-01, PNorm = 47.4782, GNorm = 12.9745, lr_0 = 2.7244e-04
Loss = 1.9671e-01, PNorm = 47.4815, GNorm = 18.4376, lr_0 = 2.7267e-04
Loss = 2.2525e-01, PNorm = 47.4841, GNorm = 26.0944, lr_0 = 2.7289e-04
Loss = 1.6034e-01, PNorm = 47.4875, GNorm = 10.0855, lr_0 = 2.7312e-04
Loss = 1.6759e-01, PNorm = 47.4915, GNorm = 4.9743, lr_0 = 2.7334e-04
Loss = 1.2989e-01, PNorm = 47.4961, GNorm = 16.7285, lr_0 = 2.7357e-04
Loss = 1.5185e-01, PNorm = 47.4989, GNorm = 15.8109, lr_0 = 2.7379e-04
Loss = 1.4932e-01, PNorm = 47.5010, GNorm = 7.2157, lr_0 = 2.7402e-04
Loss = 1.5809e-01, PNorm = 47.5044, GNorm = 14.3338, lr_0 = 2.7424e-04
Loss = 1.4782e-01, PNorm = 47.5078, GNorm = 23.6488, lr_0 = 2.7447e-04
Loss = 1.8002e-01, PNorm = 47.5102, GNorm = 18.4886, lr_0 = 2.7469e-04
Loss = 1.7268e-01, PNorm = 47.5143, GNorm = 16.3027, lr_0 = 2.7492e-04
Loss = 1.4721e-01, PNorm = 47.5187, GNorm = 6.6481, lr_0 = 2.7514e-04
Loss = 1.5040e-01, PNorm = 47.5226, GNorm = 12.0092, lr_0 = 2.7537e-04
Loss = 1.3838e-01, PNorm = 47.5246, GNorm = 5.8082, lr_0 = 2.7559e-04
Loss = 1.3655e-01, PNorm = 47.5273, GNorm = 13.1673, lr_0 = 2.7582e-04
Loss = 1.6491e-01, PNorm = 47.5311, GNorm = 10.8073, lr_0 = 2.7604e-04
Loss = 1.8635e-01, PNorm = 47.5343, GNorm = 13.0946, lr_0 = 2.7627e-04
Loss = 1.4518e-01, PNorm = 47.5373, GNorm = 9.6093, lr_0 = 2.7649e-04
Loss = 2.0181e-01, PNorm = 47.5405, GNorm = 38.5228, lr_0 = 2.7672e-04
Loss = 1.8720e-01, PNorm = 47.5430, GNorm = 25.7989, lr_0 = 2.7694e-04
Loss = 1.5582e-01, PNorm = 47.5471, GNorm = 13.9723, lr_0 = 2.7717e-04
Loss = 2.1888e-01, PNorm = 47.5500, GNorm = 14.7928, lr_0 = 2.7739e-04
Loss = 2.3770e-01, PNorm = 47.5548, GNorm = 8.6751, lr_0 = 2.7762e-04
Loss = 2.1783e-01, PNorm = 47.5587, GNorm = 35.1801, lr_0 = 2.7784e-04
Loss = 1.7811e-01, PNorm = 47.5630, GNorm = 12.9571, lr_0 = 2.7807e-04
Loss = 1.3447e-01, PNorm = 47.5675, GNorm = 6.1959, lr_0 = 2.7829e-04
Loss = 1.4210e-01, PNorm = 47.5721, GNorm = 14.8736, lr_0 = 2.7852e-04
Loss = 1.3364e-01, PNorm = 47.5752, GNorm = 6.6072, lr_0 = 2.7874e-04
Loss = 1.4964e-01, PNorm = 47.5770, GNorm = 6.7706, lr_0 = 2.7897e-04
Loss = 1.7664e-01, PNorm = 47.5799, GNorm = 25.5182, lr_0 = 2.7919e-04
Loss = 1.8470e-01, PNorm = 47.5820, GNorm = 6.1484, lr_0 = 2.7942e-04
Loss = 1.7393e-01, PNorm = 47.5856, GNorm = 13.9171, lr_0 = 2.7964e-04
Loss = 1.7612e-01, PNorm = 47.5907, GNorm = 3.8104, lr_0 = 2.7987e-04
Loss = 1.5576e-01, PNorm = 47.5960, GNorm = 7.5383, lr_0 = 2.8009e-04
Loss = 1.6810e-01, PNorm = 47.6008, GNorm = 14.2605, lr_0 = 2.8032e-04
Loss = 1.5553e-01, PNorm = 47.6034, GNorm = 16.0706, lr_0 = 2.8054e-04
Loss = 1.4406e-01, PNorm = 47.6077, GNorm = 4.4401, lr_0 = 2.8077e-04
Loss = 1.4465e-01, PNorm = 47.6121, GNorm = 19.3392, lr_0 = 2.8099e-04
Loss = 1.4114e-01, PNorm = 47.6158, GNorm = 10.4184, lr_0 = 2.8122e-04
Loss = 1.5744e-01, PNorm = 47.6201, GNorm = 5.3112, lr_0 = 2.8145e-04
Loss = 1.6326e-01, PNorm = 47.6235, GNorm = 7.2193, lr_0 = 2.8167e-04
Loss = 1.4376e-01, PNorm = 47.6253, GNorm = 11.0397, lr_0 = 2.8190e-04
Loss = 1.4439e-01, PNorm = 47.6290, GNorm = 14.4520, lr_0 = 2.8212e-04
Loss = 1.2502e-01, PNorm = 47.6324, GNorm = 4.5569, lr_0 = 2.8235e-04
Loss = 1.2603e-01, PNorm = 47.6346, GNorm = 9.3245, lr_0 = 2.8257e-04
Loss = 1.0696e-01, PNorm = 47.6381, GNorm = 3.9336, lr_0 = 2.8280e-04
Loss = 9.7278e-02, PNorm = 47.6411, GNorm = 7.5859, lr_0 = 2.8302e-04
Loss = 1.5007e-01, PNorm = 47.6430, GNorm = 16.6132, lr_0 = 2.8325e-04
Loss = 1.2486e-01, PNorm = 47.6463, GNorm = 4.4734, lr_0 = 2.8347e-04
Loss = 1.3755e-01, PNorm = 47.6482, GNorm = 5.1143, lr_0 = 2.8370e-04
Loss = 1.5033e-01, PNorm = 47.6513, GNorm = 8.8508, lr_0 = 2.8392e-04
Loss = 1.6459e-01, PNorm = 47.6551, GNorm = 33.2605, lr_0 = 2.8415e-04
Loss = 1.4086e-01, PNorm = 47.6591, GNorm = 8.3800, lr_0 = 2.8437e-04
Loss = 1.4672e-01, PNorm = 47.6640, GNorm = 3.9457, lr_0 = 2.8460e-04
Loss = 2.5653e-01, PNorm = 47.6654, GNorm = 48.7481, lr_0 = 2.8482e-04
Loss = 2.0677e-01, PNorm = 47.6687, GNorm = 11.9846, lr_0 = 2.8505e-04
Loss = 1.5086e-01, PNorm = 47.6718, GNorm = 8.8727, lr_0 = 2.8527e-04
Loss = 1.4177e-01, PNorm = 47.6755, GNorm = 14.8589, lr_0 = 2.8550e-04
Loss = 1.8342e-01, PNorm = 47.6773, GNorm = 4.6094, lr_0 = 2.8572e-04
Loss = 1.3010e-01, PNorm = 47.6802, GNorm = 13.7603, lr_0 = 2.8595e-04
Loss = 1.6211e-01, PNorm = 47.6863, GNorm = 5.7333, lr_0 = 2.8617e-04
Loss = 1.9376e-01, PNorm = 47.6913, GNorm = 23.6960, lr_0 = 2.8640e-04
Loss = 1.4582e-01, PNorm = 47.6942, GNorm = 9.9459, lr_0 = 2.8662e-04
Loss = 1.6792e-01, PNorm = 47.6985, GNorm = 23.9136, lr_0 = 2.8685e-04
Loss = 1.4764e-01, PNorm = 47.7018, GNorm = 4.6535, lr_0 = 2.8707e-04
Loss = 1.6958e-01, PNorm = 47.7074, GNorm = 23.8636, lr_0 = 2.8730e-04
Loss = 1.8130e-01, PNorm = 47.7112, GNorm = 31.6702, lr_0 = 2.8752e-04
Loss = 1.3107e-01, PNorm = 47.7145, GNorm = 10.1988, lr_0 = 2.8775e-04
Loss = 1.4154e-01, PNorm = 47.7179, GNorm = 9.7582, lr_0 = 2.8797e-04
Loss = 1.4393e-01, PNorm = 47.7220, GNorm = 13.1989, lr_0 = 2.8820e-04
Loss = 1.6037e-01, PNorm = 47.7259, GNorm = 21.7941, lr_0 = 2.8842e-04
Loss = 1.9213e-01, PNorm = 47.7304, GNorm = 27.6303, lr_0 = 2.8865e-04
Loss = 2.3579e-01, PNorm = 47.7340, GNorm = 31.0225, lr_0 = 2.8887e-04
Loss = 1.8405e-01, PNorm = 47.7376, GNorm = 14.8281, lr_0 = 2.8910e-04
Loss = 1.7716e-01, PNorm = 47.7427, GNorm = 12.8766, lr_0 = 2.8932e-04
Loss = 1.7856e-01, PNorm = 47.7475, GNorm = 27.9201, lr_0 = 2.8955e-04
Loss = 1.6874e-01, PNorm = 47.7516, GNorm = 17.5687, lr_0 = 2.8977e-04
Loss = 1.7093e-01, PNorm = 47.7559, GNorm = 6.7206, lr_0 = 2.9000e-04
Loss = 1.7863e-01, PNorm = 47.7604, GNorm = 14.8962, lr_0 = 2.9022e-04
Loss = 1.9428e-01, PNorm = 47.7634, GNorm = 21.1700, lr_0 = 2.9045e-04
Loss = 1.6822e-01, PNorm = 47.7670, GNorm = 3.6388, lr_0 = 2.9067e-04
Loss = 1.5550e-01, PNorm = 47.7712, GNorm = 6.9325, lr_0 = 2.9090e-04
Loss = 1.3627e-01, PNorm = 47.7759, GNorm = 4.1911, lr_0 = 2.9112e-04
Loss = 1.3144e-01, PNorm = 47.7806, GNorm = 15.2305, lr_0 = 2.9135e-04
Loss = 1.4916e-01, PNorm = 47.7842, GNorm = 9.6276, lr_0 = 2.9157e-04
Loss = 1.5719e-01, PNorm = 47.7874, GNorm = 29.8367, lr_0 = 2.9180e-04
Loss = 1.7567e-01, PNorm = 47.7917, GNorm = 15.1063, lr_0 = 2.9202e-04
Loss = 1.4958e-01, PNorm = 47.7961, GNorm = 11.3132, lr_0 = 2.9225e-04
Loss = 1.4244e-01, PNorm = 47.7998, GNorm = 9.6858, lr_0 = 2.9247e-04
Loss = 1.3108e-01, PNorm = 47.8031, GNorm = 6.1034, lr_0 = 2.9270e-04
Loss = 1.2340e-01, PNorm = 47.8064, GNorm = 12.9959, lr_0 = 2.9292e-04
Loss = 1.1727e-01, PNorm = 47.8096, GNorm = 9.2311, lr_0 = 2.9315e-04
Loss = 1.1444e-01, PNorm = 47.8129, GNorm = 6.5054, lr_0 = 2.9337e-04
Loss = 1.1723e-01, PNorm = 47.8152, GNorm = 3.4281, lr_0 = 2.9360e-04
Loss = 1.0613e-01, PNorm = 47.8164, GNorm = 7.3325, lr_0 = 2.9383e-04
Loss = 1.2110e-01, PNorm = 47.8186, GNorm = 4.9675, lr_0 = 2.9405e-04
Loss = 1.3709e-01, PNorm = 47.8222, GNorm = 10.5500, lr_0 = 2.9428e-04
Loss = 1.3115e-01, PNorm = 47.8262, GNorm = 17.1793, lr_0 = 2.9450e-04
Loss = 1.3781e-01, PNorm = 47.8288, GNorm = 23.9878, lr_0 = 2.9473e-04
Loss = 1.1841e-01, PNorm = 47.8318, GNorm = 13.8301, lr_0 = 2.9495e-04
Loss = 1.3632e-01, PNorm = 47.8359, GNorm = 2.8798, lr_0 = 2.9518e-04
Loss = 1.4923e-01, PNorm = 47.8390, GNorm = 37.0542, lr_0 = 2.9540e-04
Loss = 1.5260e-01, PNorm = 47.8423, GNorm = 16.9093, lr_0 = 2.9563e-04
Loss = 1.7288e-01, PNorm = 47.8457, GNorm = 11.8210, lr_0 = 2.9585e-04
Loss = 1.2343e-01, PNorm = 47.8503, GNorm = 4.8987, lr_0 = 2.9608e-04
Loss = 1.2473e-01, PNorm = 47.8541, GNorm = 4.5862, lr_0 = 2.9630e-04
Loss = 1.3890e-01, PNorm = 47.8564, GNorm = 25.5927, lr_0 = 2.9653e-04
Loss = 2.0129e-01, PNorm = 47.8593, GNorm = 17.8406, lr_0 = 2.9675e-04
Loss = 1.8886e-01, PNorm = 47.8632, GNorm = 27.5970, lr_0 = 2.9698e-04
Loss = 1.8915e-01, PNorm = 47.8689, GNorm = 21.1852, lr_0 = 2.9720e-04
Loss = 1.9239e-01, PNorm = 47.8739, GNorm = 21.6218, lr_0 = 2.9743e-04
Loss = 2.2101e-01, PNorm = 47.8775, GNorm = 26.5216, lr_0 = 2.9765e-04
Loss = 1.7532e-01, PNorm = 47.8821, GNorm = 5.3501, lr_0 = 2.9788e-04
Loss = 1.3568e-01, PNorm = 47.8885, GNorm = 4.9840, lr_0 = 2.9810e-04
Loss = 1.3925e-01, PNorm = 47.8944, GNorm = 4.6837, lr_0 = 2.9833e-04
Loss = 1.2680e-01, PNorm = 47.8968, GNorm = 10.2436, lr_0 = 2.9855e-04
Loss = 1.4510e-01, PNorm = 47.9002, GNorm = 4.3089, lr_0 = 2.9878e-04
Loss = 1.5479e-01, PNorm = 47.9051, GNorm = 13.7323, lr_0 = 2.9900e-04
Loss = 1.3767e-01, PNorm = 47.9098, GNorm = 8.3330, lr_0 = 2.9923e-04
Loss = 1.2205e-01, PNorm = 47.9129, GNorm = 4.7307, lr_0 = 2.9945e-04
Loss = 1.3066e-01, PNorm = 47.9151, GNorm = 11.3643, lr_0 = 2.9968e-04
Loss = 1.8301e-01, PNorm = 47.9182, GNorm = 16.8833, lr_0 = 2.9990e-04
Loss = 1.4003e-01, PNorm = 47.9229, GNorm = 5.1828, lr_0 = 3.0013e-04
Loss = 1.5401e-01, PNorm = 47.9276, GNorm = 15.3958, lr_0 = 3.0035e-04
Loss = 1.5167e-01, PNorm = 47.9309, GNorm = 10.7525, lr_0 = 3.0058e-04
Loss = 1.3854e-01, PNorm = 47.9363, GNorm = 4.1193, lr_0 = 3.0080e-04
Loss = 1.4266e-01, PNorm = 47.9420, GNorm = 8.6516, lr_0 = 3.0103e-04
Loss = 1.4964e-01, PNorm = 47.9465, GNorm = 11.5226, lr_0 = 3.0125e-04
Loss = 1.6229e-01, PNorm = 47.9498, GNorm = 16.8726, lr_0 = 3.0148e-04
Loss = 1.2326e-01, PNorm = 47.9533, GNorm = 5.5918, lr_0 = 3.0170e-04
Loss = 1.5224e-01, PNorm = 47.9568, GNorm = 23.7809, lr_0 = 3.0193e-04
Loss = 1.5565e-01, PNorm = 47.9608, GNorm = 12.0951, lr_0 = 3.0215e-04
Loss = 1.6149e-01, PNorm = 47.9651, GNorm = 5.5767, lr_0 = 3.0238e-04
Loss = 1.2563e-01, PNorm = 47.9685, GNorm = 7.0374, lr_0 = 3.0260e-04
Loss = 1.4889e-01, PNorm = 47.9722, GNorm = 4.5735, lr_0 = 3.0283e-04
Loss = 1.6573e-01, PNorm = 47.9763, GNorm = 20.0014, lr_0 = 3.0305e-04
Loss = 1.4779e-01, PNorm = 47.9783, GNorm = 10.9093, lr_0 = 3.0328e-04
Loss = 1.5784e-01, PNorm = 47.9817, GNorm = 2.8441, lr_0 = 3.0350e-04
Loss = 1.7386e-01, PNorm = 47.9868, GNorm = 14.5800, lr_0 = 3.0373e-04
Loss = 1.5239e-01, PNorm = 47.9919, GNorm = 10.3720, lr_0 = 3.0395e-04
Loss = 1.5392e-01, PNorm = 47.9973, GNorm = 21.9563, lr_0 = 3.0418e-04
Loss = 1.4889e-01, PNorm = 48.0036, GNorm = 6.7527, lr_0 = 3.0440e-04
Loss = 1.5485e-01, PNorm = 48.0080, GNorm = 21.1130, lr_0 = 3.0463e-04
Loss = 1.4571e-01, PNorm = 48.0124, GNorm = 8.8456, lr_0 = 3.0485e-04
Loss = 1.3374e-01, PNorm = 48.0150, GNorm = 8.1619, lr_0 = 3.0508e-04
Loss = 1.1866e-01, PNorm = 48.0186, GNorm = 4.1431, lr_0 = 3.0530e-04
Loss = 1.5817e-01, PNorm = 48.0229, GNorm = 5.9934, lr_0 = 3.0553e-04
Loss = 1.2125e-01, PNorm = 48.0270, GNorm = 3.9491, lr_0 = 3.0575e-04
Loss = 1.3349e-01, PNorm = 48.0306, GNorm = 12.3712, lr_0 = 3.0598e-04
Loss = 1.2085e-01, PNorm = 48.0341, GNorm = 10.5397, lr_0 = 3.0620e-04
Loss = 1.2234e-01, PNorm = 48.0380, GNorm = 8.5037, lr_0 = 3.0643e-04
Loss = 1.1888e-01, PNorm = 48.0430, GNorm = 8.7365, lr_0 = 3.0666e-04
Loss = 1.1126e-01, PNorm = 48.0459, GNorm = 3.9615, lr_0 = 3.0688e-04
Loss = 1.3352e-01, PNorm = 48.0491, GNorm = 21.4830, lr_0 = 3.0711e-04
Loss = 1.4811e-01, PNorm = 48.0519, GNorm = 14.1072, lr_0 = 3.0733e-04
Loss = 1.4098e-01, PNorm = 48.0550, GNorm = 3.0583, lr_0 = 3.0756e-04
Loss = 1.2073e-01, PNorm = 48.0590, GNorm = 9.0328, lr_0 = 3.0778e-04
Loss = 1.1561e-01, PNorm = 48.0621, GNorm = 8.1985, lr_0 = 3.0801e-04
Loss = 1.3652e-01, PNorm = 48.0644, GNorm = 15.1480, lr_0 = 3.0823e-04
Loss = 1.2242e-01, PNorm = 48.0665, GNorm = 8.4992, lr_0 = 3.0846e-04
Loss = 1.1633e-01, PNorm = 48.0706, GNorm = 10.3236, lr_0 = 3.0868e-04
Loss = 1.1498e-01, PNorm = 48.0745, GNorm = 5.7320, lr_0 = 3.0891e-04
Loss = 1.0643e-01, PNorm = 48.0774, GNorm = 12.9330, lr_0 = 3.0913e-04
Loss = 1.1821e-01, PNorm = 48.0805, GNorm = 6.6358, lr_0 = 3.0936e-04
Loss = 1.4853e-01, PNorm = 48.0840, GNorm = 18.4599, lr_0 = 3.0958e-04
Loss = 1.2083e-01, PNorm = 48.0875, GNorm = 3.2623, lr_0 = 3.0981e-04
Loss = 1.3615e-01, PNorm = 48.0911, GNorm = 4.6540, lr_0 = 3.1003e-04
Loss = 1.1853e-01, PNorm = 48.0932, GNorm = 5.2254, lr_0 = 3.1026e-04
Loss = 1.0818e-01, PNorm = 48.0966, GNorm = 4.9800, lr_0 = 3.1048e-04
Loss = 1.1579e-01, PNorm = 48.1011, GNorm = 9.6399, lr_0 = 3.1071e-04
Loss = 1.6542e-01, PNorm = 48.1054, GNorm = 15.0566, lr_0 = 3.1093e-04
Loss = 1.9383e-01, PNorm = 48.1079, GNorm = 13.0983, lr_0 = 3.1116e-04
Loss = 1.3451e-01, PNorm = 48.1115, GNorm = 6.2113, lr_0 = 3.1138e-04
Loss = 1.4158e-01, PNorm = 48.1164, GNorm = 9.9840, lr_0 = 3.1161e-04
Loss = 1.2873e-01, PNorm = 48.1201, GNorm = 3.4935, lr_0 = 3.1183e-04
Loss = 1.3586e-01, PNorm = 48.1249, GNorm = 11.6021, lr_0 = 3.1206e-04
Loss = 1.1916e-01, PNorm = 48.1294, GNorm = 8.5634, lr_0 = 3.1228e-04
Loss = 1.1113e-01, PNorm = 48.1340, GNorm = 12.8520, lr_0 = 3.1251e-04
Loss = 1.1408e-01, PNorm = 48.1375, GNorm = 7.3579, lr_0 = 3.1273e-04
Loss = 1.2375e-01, PNorm = 48.1410, GNorm = 7.7063, lr_0 = 3.1296e-04
Loss = 1.0923e-01, PNorm = 48.1456, GNorm = 7.9467, lr_0 = 3.1318e-04
Loss = 1.4504e-01, PNorm = 48.1493, GNorm = 15.2480, lr_0 = 3.1341e-04
Loss = 1.2343e-01, PNorm = 48.1538, GNorm = 3.4416, lr_0 = 3.1363e-04
Loss = 1.1341e-01, PNorm = 48.1571, GNorm = 7.1777, lr_0 = 3.1386e-04
Loss = 1.2282e-01, PNorm = 48.1607, GNorm = 16.4368, lr_0 = 3.1408e-04
Loss = 1.3385e-01, PNorm = 48.1641, GNorm = 17.4602, lr_0 = 3.1431e-04
Loss = 1.5296e-01, PNorm = 48.1688, GNorm = 13.3906, lr_0 = 3.1453e-04
Loss = 2.1531e-01, PNorm = 48.1725, GNorm = 5.1953, lr_0 = 3.1476e-04
Loss = 2.1898e-01, PNorm = 48.1766, GNorm = 15.8447, lr_0 = 3.1498e-04
Loss = 1.5577e-01, PNorm = 48.1826, GNorm = 10.5733, lr_0 = 3.1521e-04
Loss = 1.2464e-01, PNorm = 48.1887, GNorm = 4.1409, lr_0 = 3.1543e-04
Loss = 1.2364e-01, PNorm = 48.1922, GNorm = 10.3754, lr_0 = 3.1566e-04
Loss = 1.1579e-01, PNorm = 48.1961, GNorm = 10.3509, lr_0 = 3.1588e-04
Loss = 1.0729e-01, PNorm = 48.2001, GNorm = 3.5902, lr_0 = 3.1611e-04
Loss = 1.3503e-01, PNorm = 48.2025, GNorm = 6.1096, lr_0 = 3.1633e-04
Loss = 1.3929e-01, PNorm = 48.2042, GNorm = 8.2516, lr_0 = 3.1656e-04
Loss = 1.2890e-01, PNorm = 48.2073, GNorm = 9.5887, lr_0 = 3.1678e-04
Loss = 1.3745e-01, PNorm = 48.2106, GNorm = 17.7579, lr_0 = 3.1701e-04
Loss = 1.1198e-01, PNorm = 48.2156, GNorm = 3.1260, lr_0 = 3.1723e-04
Loss = 1.1993e-01, PNorm = 48.2229, GNorm = 11.0845, lr_0 = 3.1746e-04
Loss = 1.1028e-01, PNorm = 48.2279, GNorm = 3.5988, lr_0 = 3.1768e-04
Loss = 1.4886e-01, PNorm = 48.2314, GNorm = 3.7996, lr_0 = 3.1791e-04
Loss = 1.0655e-01, PNorm = 48.2349, GNorm = 5.8823, lr_0 = 3.1813e-04
Loss = 1.1126e-01, PNorm = 48.2368, GNorm = 13.3012, lr_0 = 3.1836e-04
Loss = 1.3651e-01, PNorm = 48.2404, GNorm = 3.1465, lr_0 = 3.1858e-04
Loss = 1.2763e-01, PNorm = 48.2436, GNorm = 19.3702, lr_0 = 3.1881e-04
Loss = 1.2477e-01, PNorm = 48.2461, GNorm = 13.1150, lr_0 = 3.1904e-04
Loss = 1.1389e-01, PNorm = 48.2496, GNorm = 4.1511, lr_0 = 3.1926e-04
Loss = 1.0523e-01, PNorm = 48.2539, GNorm = 6.4988, lr_0 = 3.1949e-04
Loss = 1.1846e-01, PNorm = 48.2562, GNorm = 3.1553, lr_0 = 3.1971e-04
Loss = 1.2007e-01, PNorm = 48.2586, GNorm = 4.4485, lr_0 = 3.1994e-04
Loss = 1.3112e-01, PNorm = 48.2627, GNorm = 15.0774, lr_0 = 3.2016e-04
Loss = 1.4830e-01, PNorm = 48.2665, GNorm = 18.0261, lr_0 = 3.2039e-04
Loss = 1.2239e-01, PNorm = 48.2702, GNorm = 4.9780, lr_0 = 3.2061e-04
Loss = 1.4637e-01, PNorm = 48.2733, GNorm = 10.9875, lr_0 = 3.2084e-04
Loss = 1.4914e-01, PNorm = 48.2774, GNorm = 10.5855, lr_0 = 3.2106e-04
Loss = 1.2780e-01, PNorm = 48.2814, GNorm = 15.8920, lr_0 = 3.2129e-04
Loss = 1.3057e-01, PNorm = 48.2858, GNorm = 13.1173, lr_0 = 3.2151e-04
Loss = 1.1498e-01, PNorm = 48.2896, GNorm = 5.6366, lr_0 = 3.2174e-04
Loss = 1.1779e-01, PNorm = 48.2943, GNorm = 14.9593, lr_0 = 3.2196e-04
Loss = 1.2495e-01, PNorm = 48.2982, GNorm = 7.2528, lr_0 = 3.2219e-04
Loss = 1.4478e-01, PNorm = 48.3028, GNorm = 5.8771, lr_0 = 3.2241e-04
Loss = 1.2245e-01, PNorm = 48.3076, GNorm = 3.3785, lr_0 = 3.2264e-04
Loss = 1.6225e-01, PNorm = 48.3111, GNorm = 10.2041, lr_0 = 3.2286e-04
Loss = 1.6159e-01, PNorm = 48.3170, GNorm = 17.1061, lr_0 = 3.2309e-04
Loss = 1.1487e-01, PNorm = 48.3225, GNorm = 3.8740, lr_0 = 3.2331e-04
Loss = 1.0759e-01, PNorm = 48.3274, GNorm = 5.7640, lr_0 = 3.2354e-04
Loss = 1.0265e-01, PNorm = 48.3329, GNorm = 13.6288, lr_0 = 3.2376e-04
Loss = 1.1663e-01, PNorm = 48.3370, GNorm = 4.7489, lr_0 = 3.2399e-04
Loss = 1.1485e-01, PNorm = 48.3421, GNorm = 6.7490, lr_0 = 3.2421e-04
Loss = 1.2018e-01, PNorm = 48.3443, GNorm = 12.7007, lr_0 = 3.2444e-04
Loss = 1.5334e-01, PNorm = 48.3497, GNorm = 5.4454, lr_0 = 3.2466e-04
Loss = 1.5249e-01, PNorm = 48.3561, GNorm = 6.1711, lr_0 = 3.2489e-04
Loss = 1.1024e-01, PNorm = 48.3612, GNorm = 12.2617, lr_0 = 3.2511e-04
Loss = 1.0278e-01, PNorm = 48.3640, GNorm = 5.1887, lr_0 = 3.2534e-04
Loss = 1.1857e-01, PNorm = 48.3672, GNorm = 5.3421, lr_0 = 3.2556e-04
Loss = 1.3395e-01, PNorm = 48.3702, GNorm = 3.0424, lr_0 = 3.2579e-04
Loss = 1.1909e-01, PNorm = 48.3745, GNorm = 6.1837, lr_0 = 3.2601e-04
Loss = 1.3233e-01, PNorm = 48.3781, GNorm = 7.9230, lr_0 = 3.2624e-04
Loss = 1.5128e-01, PNorm = 48.3805, GNorm = 21.7847, lr_0 = 3.2646e-04
Loss = 1.2381e-01, PNorm = 48.3841, GNorm = 4.5693, lr_0 = 3.2669e-04
Loss = 1.6609e-01, PNorm = 48.3898, GNorm = 7.9442, lr_0 = 3.2691e-04
Loss = 1.2125e-01, PNorm = 48.3959, GNorm = 11.0381, lr_0 = 3.2714e-04
Loss = 1.6972e-01, PNorm = 48.4026, GNorm = 21.2352, lr_0 = 3.2736e-04
Loss = 1.2872e-01, PNorm = 48.4075, GNorm = 4.7681, lr_0 = 3.2759e-04
Loss = 1.3177e-01, PNorm = 48.4128, GNorm = 2.9104, lr_0 = 3.2781e-04
Loss = 1.0798e-01, PNorm = 48.4174, GNorm = 11.3748, lr_0 = 3.2804e-04
Loss = 1.1362e-01, PNorm = 48.4223, GNorm = 4.0990, lr_0 = 3.2826e-04
Loss = 1.1958e-01, PNorm = 48.4259, GNorm = 10.1248, lr_0 = 3.2849e-04
Loss = 1.2187e-01, PNorm = 48.4304, GNorm = 13.0217, lr_0 = 3.2871e-04
Loss = 1.1131e-01, PNorm = 48.4351, GNorm = 7.3766, lr_0 = 3.2894e-04
Loss = 1.0587e-01, PNorm = 48.4395, GNorm = 5.7667, lr_0 = 3.2916e-04
Loss = 1.4603e-01, PNorm = 48.4445, GNorm = 10.3126, lr_0 = 3.2939e-04
Loss = 1.2429e-01, PNorm = 48.4493, GNorm = 18.9594, lr_0 = 3.2961e-04
Loss = 1.2760e-01, PNorm = 48.4541, GNorm = 4.1310, lr_0 = 3.2984e-04
Loss = 1.1507e-01, PNorm = 48.4575, GNorm = 5.8038, lr_0 = 3.3006e-04
Loss = 1.3107e-01, PNorm = 48.4622, GNorm = 6.6129, lr_0 = 3.3029e-04
Loss = 1.1744e-01, PNorm = 48.4650, GNorm = 7.4469, lr_0 = 3.3051e-04
Loss = 1.3065e-01, PNorm = 48.4691, GNorm = 3.6687, lr_0 = 3.3074e-04
Loss = 1.1619e-01, PNorm = 48.4732, GNorm = 7.5729, lr_0 = 3.3096e-04
Loss = 1.2061e-01, PNorm = 48.4769, GNorm = 3.2767, lr_0 = 3.3119e-04
Loss = 1.0933e-01, PNorm = 48.4816, GNorm = 5.5215, lr_0 = 3.3142e-04
Loss = 1.0164e-01, PNorm = 48.4842, GNorm = 5.6097, lr_0 = 3.3164e-04
Loss = 1.5669e-01, PNorm = 48.4874, GNorm = 3.3023, lr_0 = 3.3187e-04
Loss = 1.2982e-01, PNorm = 48.4923, GNorm = 11.1845, lr_0 = 3.3209e-04
Loss = 1.6706e-01, PNorm = 48.4984, GNorm = 17.1787, lr_0 = 3.3232e-04
Loss = 1.4754e-01, PNorm = 48.5069, GNorm = 3.9587, lr_0 = 3.3254e-04
Loss = 1.2012e-01, PNorm = 48.5142, GNorm = 5.0382, lr_0 = 3.3277e-04
Loss = 1.1725e-01, PNorm = 48.5191, GNorm = 3.8913, lr_0 = 3.3299e-04
Loss = 1.2053e-01, PNorm = 48.5243, GNorm = 8.6849, lr_0 = 3.3322e-04
Loss = 1.5393e-01, PNorm = 48.5277, GNorm = 3.3153, lr_0 = 3.3344e-04
Loss = 1.9740e-01, PNorm = 48.5316, GNorm = 11.5347, lr_0 = 3.3367e-04
Loss = 1.3214e-01, PNorm = 48.5376, GNorm = 13.3168, lr_0 = 3.3389e-04
Loss = 1.0404e-01, PNorm = 48.5429, GNorm = 4.6979, lr_0 = 3.3412e-04
Loss = 1.1351e-01, PNorm = 48.5480, GNorm = 12.5058, lr_0 = 3.3434e-04
Loss = 1.1938e-01, PNorm = 48.5520, GNorm = 15.7121, lr_0 = 3.3457e-04
Loss = 1.1094e-01, PNorm = 48.5569, GNorm = 11.5997, lr_0 = 3.3479e-04
Loss = 1.1955e-01, PNorm = 48.5609, GNorm = 6.2319, lr_0 = 3.3502e-04
Loss = 1.1405e-01, PNorm = 48.5646, GNorm = 8.4844, lr_0 = 3.3524e-04
Loss = 1.0988e-01, PNorm = 48.5691, GNorm = 13.2195, lr_0 = 3.3547e-04
Loss = 1.1650e-01, PNorm = 48.5743, GNorm = 7.4433, lr_0 = 3.3569e-04
Loss = 1.1948e-01, PNorm = 48.5788, GNorm = 15.4279, lr_0 = 3.3592e-04
Loss = 1.0097e-01, PNorm = 48.5819, GNorm = 2.8831, lr_0 = 3.3614e-04
Loss = 1.3483e-01, PNorm = 48.5848, GNorm = 14.5761, lr_0 = 3.3637e-04
Loss = 1.6538e-01, PNorm = 48.5886, GNorm = 13.1837, lr_0 = 3.3659e-04
Loss = 1.6797e-01, PNorm = 48.5957, GNorm = 10.8203, lr_0 = 3.3682e-04
Loss = 1.5650e-01, PNorm = 48.6023, GNorm = 10.4751, lr_0 = 3.3704e-04
Loss = 1.3953e-01, PNorm = 48.6072, GNorm = 13.1429, lr_0 = 3.3727e-04
Loss = 1.4147e-01, PNorm = 48.6124, GNorm = 6.7420, lr_0 = 3.3749e-04
Loss = 1.4293e-01, PNorm = 48.6198, GNorm = 7.3203, lr_0 = 3.3772e-04
Loss = 1.1263e-01, PNorm = 48.6240, GNorm = 10.7044, lr_0 = 3.3794e-04
Loss = 1.0971e-01, PNorm = 48.6275, GNorm = 2.9705, lr_0 = 3.3817e-04
Loss = 1.1753e-01, PNorm = 48.6331, GNorm = 5.5376, lr_0 = 3.3839e-04
Loss = 1.1918e-01, PNorm = 48.6377, GNorm = 5.7491, lr_0 = 3.3862e-04
Loss = 1.2662e-01, PNorm = 48.6430, GNorm = 11.3372, lr_0 = 3.3884e-04
Loss = 1.0594e-01, PNorm = 48.6488, GNorm = 5.4371, lr_0 = 3.3907e-04
Loss = 1.1818e-01, PNorm = 48.6532, GNorm = 4.3781, lr_0 = 3.3929e-04
Loss = 1.4718e-01, PNorm = 48.6574, GNorm = 15.5512, lr_0 = 3.3952e-04
Loss = 1.3391e-01, PNorm = 48.6616, GNorm = 3.6436, lr_0 = 3.3974e-04
Loss = 1.1617e-01, PNorm = 48.6656, GNorm = 8.4648, lr_0 = 3.3997e-04
Loss = 1.2087e-01, PNorm = 48.6691, GNorm = 9.9644, lr_0 = 3.4019e-04
Loss = 1.3427e-01, PNorm = 48.6730, GNorm = 11.7284, lr_0 = 3.4042e-04
Loss = 9.4526e-02, PNorm = 48.6786, GNorm = 3.1349, lr_0 = 3.4064e-04
Loss = 1.0528e-01, PNorm = 48.6831, GNorm = 2.6518, lr_0 = 3.4087e-04
Loss = 1.5238e-01, PNorm = 48.6882, GNorm = 17.3667, lr_0 = 3.4109e-04
Loss = 1.4246e-01, PNorm = 48.6927, GNorm = 4.5521, lr_0 = 3.4132e-04
Loss = 1.8546e-01, PNorm = 48.6959, GNorm = 12.1912, lr_0 = 3.4154e-04
Loss = 1.2892e-01, PNorm = 48.7014, GNorm = 5.7384, lr_0 = 3.4177e-04
Loss = 1.0321e-01, PNorm = 48.7077, GNorm = 5.5844, lr_0 = 3.4199e-04
Loss = 1.0823e-01, PNorm = 48.7132, GNorm = 4.2364, lr_0 = 3.4222e-04
Loss = 1.1228e-01, PNorm = 48.7165, GNorm = 13.7619, lr_0 = 3.4244e-04
Loss = 1.0593e-01, PNorm = 48.7190, GNorm = 14.0291, lr_0 = 3.4267e-04
Loss = 1.2747e-01, PNorm = 48.7228, GNorm = 17.8775, lr_0 = 3.4289e-04
Loss = 1.3579e-01, PNorm = 48.7283, GNorm = 11.4180, lr_0 = 3.4312e-04
Loss = 1.0168e-01, PNorm = 48.7301, GNorm = 4.7871, lr_0 = 3.4334e-04
Loss = 1.1574e-01, PNorm = 48.7335, GNorm = 6.7743, lr_0 = 3.4357e-04
Loss = 1.0332e-01, PNorm = 48.7399, GNorm = 3.7214, lr_0 = 3.4380e-04
Loss = 1.3328e-01, PNorm = 48.7446, GNorm = 19.1845, lr_0 = 3.4402e-04
Loss = 1.3094e-01, PNorm = 48.7494, GNorm = 3.0250, lr_0 = 3.4425e-04
Loss = 1.2740e-01, PNorm = 48.7552, GNorm = 8.4312, lr_0 = 3.4447e-04
Loss = 1.2586e-01, PNorm = 48.7616, GNorm = 12.0509, lr_0 = 3.4470e-04
Loss = 1.1820e-01, PNorm = 48.7665, GNorm = 5.5313, lr_0 = 3.4492e-04
Loss = 1.2195e-01, PNorm = 48.7718, GNorm = 10.5190, lr_0 = 3.4515e-04
Loss = 1.0256e-01, PNorm = 48.7784, GNorm = 3.0308, lr_0 = 3.4537e-04
Loss = 1.0841e-01, PNorm = 48.7837, GNorm = 4.8278, lr_0 = 3.4560e-04
Loss = 1.1369e-01, PNorm = 48.7885, GNorm = 8.1280, lr_0 = 3.4582e-04
Loss = 1.0502e-01, PNorm = 48.7927, GNorm = 3.3145, lr_0 = 3.4605e-04
Loss = 1.0310e-01, PNorm = 48.7973, GNorm = 4.7628, lr_0 = 3.4627e-04
Loss = 1.5637e-01, PNorm = 48.8016, GNorm = 3.5487, lr_0 = 3.4650e-04
Loss = 1.0692e-01, PNorm = 48.8068, GNorm = 4.3153, lr_0 = 3.4672e-04
Loss = 1.2081e-01, PNorm = 48.8111, GNorm = 5.1439, lr_0 = 3.4695e-04
Loss = 1.1077e-01, PNorm = 48.8172, GNorm = 4.5953, lr_0 = 3.4717e-04
Loss = 1.0249e-01, PNorm = 48.8212, GNorm = 4.5301, lr_0 = 3.4740e-04
Loss = 1.1590e-01, PNorm = 48.8272, GNorm = 17.0198, lr_0 = 3.4762e-04
Loss = 1.1604e-01, PNorm = 48.8319, GNorm = 3.8718, lr_0 = 3.4785e-04
Loss = 1.0866e-01, PNorm = 48.8341, GNorm = 3.9579, lr_0 = 3.4807e-04
Loss = 1.1037e-01, PNorm = 48.8389, GNorm = 11.2605, lr_0 = 3.4830e-04
Loss = 1.1858e-01, PNorm = 48.8426, GNorm = 13.1482, lr_0 = 3.4852e-04
Loss = 1.0891e-01, PNorm = 48.8475, GNorm = 11.9195, lr_0 = 3.4875e-04
Loss = 1.0744e-01, PNorm = 48.8517, GNorm = 15.2160, lr_0 = 3.4897e-04
Loss = 9.7150e-02, PNorm = 48.8543, GNorm = 9.9356, lr_0 = 3.4920e-04
Loss = 1.1595e-01, PNorm = 48.8587, GNorm = 3.4675, lr_0 = 3.4942e-04
Loss = 1.1308e-01, PNorm = 48.8647, GNorm = 7.5418, lr_0 = 3.4965e-04
Loss = 1.0615e-01, PNorm = 48.8692, GNorm = 3.6144, lr_0 = 3.4987e-04
Loss = 1.3987e-01, PNorm = 48.8725, GNorm = 3.2436, lr_0 = 3.5010e-04
Loss = 9.9432e-02, PNorm = 48.8770, GNorm = 3.2979, lr_0 = 3.5032e-04
Loss = 1.1075e-01, PNorm = 48.8823, GNorm = 5.1229, lr_0 = 3.5055e-04
Loss = 9.6217e-02, PNorm = 48.8865, GNorm = 4.0858, lr_0 = 3.5077e-04
Loss = 1.0552e-01, PNorm = 48.8881, GNorm = 5.5340, lr_0 = 3.5100e-04
Loss = 9.3560e-02, PNorm = 48.8926, GNorm = 2.4132, lr_0 = 3.5122e-04
Loss = 1.0204e-01, PNorm = 48.8976, GNorm = 3.5206, lr_0 = 3.5145e-04
Loss = 1.0037e-01, PNorm = 48.9019, GNorm = 6.5375, lr_0 = 3.5167e-04
Loss = 1.0711e-01, PNorm = 48.9054, GNorm = 3.1753, lr_0 = 3.5190e-04
Loss = 1.2956e-01, PNorm = 48.9103, GNorm = 4.7694, lr_0 = 3.5212e-04
Loss = 1.4390e-01, PNorm = 48.9131, GNorm = 4.2652, lr_0 = 3.5235e-04
Loss = 1.6819e-01, PNorm = 48.9175, GNorm = 18.0676, lr_0 = 3.5257e-04
Loss = 1.4441e-01, PNorm = 48.9217, GNorm = 3.2742, lr_0 = 3.5280e-04
Loss = 1.3136e-01, PNorm = 48.9280, GNorm = 4.5924, lr_0 = 3.5302e-04
Loss = 1.4494e-01, PNorm = 48.9363, GNorm = 12.4452, lr_0 = 3.5325e-04
Loss = 1.5572e-01, PNorm = 48.9405, GNorm = 16.3142, lr_0 = 3.5347e-04
Loss = 1.5307e-01, PNorm = 48.9453, GNorm = 3.3956, lr_0 = 3.5370e-04
Loss = 1.3845e-01, PNorm = 48.9521, GNorm = 8.8892, lr_0 = 3.5392e-04
Loss = 1.3692e-01, PNorm = 48.9605, GNorm = 3.2957, lr_0 = 3.5415e-04
Loss = 1.2062e-01, PNorm = 48.9679, GNorm = 7.3435, lr_0 = 3.5437e-04
Loss = 1.0219e-01, PNorm = 48.9737, GNorm = 2.2966, lr_0 = 3.5460e-04
Loss = 9.7582e-02, PNorm = 48.9781, GNorm = 3.4510, lr_0 = 3.5482e-04
Loss = 9.8538e-02, PNorm = 48.9815, GNorm = 4.6207, lr_0 = 3.5505e-04
Loss = 1.1332e-01, PNorm = 48.9871, GNorm = 5.6092, lr_0 = 3.5527e-04
Loss = 1.0287e-01, PNorm = 48.9910, GNorm = 6.3302, lr_0 = 3.5550e-04
Loss = 1.1006e-01, PNorm = 48.9938, GNorm = 3.8279, lr_0 = 3.5572e-04
Loss = 1.0387e-01, PNorm = 48.9983, GNorm = 2.6306, lr_0 = 3.5595e-04
Loss = 1.1755e-01, PNorm = 49.0035, GNorm = 8.2040, lr_0 = 3.5617e-04
Loss = 1.1914e-01, PNorm = 49.0099, GNorm = 6.0239, lr_0 = 3.5640e-04
Loss = 1.1424e-01, PNorm = 49.0140, GNorm = 6.7554, lr_0 = 3.5663e-04
Loss = 1.6271e-01, PNorm = 49.0184, GNorm = 16.8508, lr_0 = 3.5685e-04
Loss = 1.4442e-01, PNorm = 49.0242, GNorm = 2.6015, lr_0 = 3.5708e-04
Loss = 1.1454e-01, PNorm = 49.0305, GNorm = 10.2042, lr_0 = 3.5730e-04
Loss = 1.1848e-01, PNorm = 49.0325, GNorm = 7.7353, lr_0 = 3.5753e-04
Loss = 8.9501e-02, PNorm = 49.0368, GNorm = 4.7169, lr_0 = 3.5775e-04
Loss = 1.1489e-01, PNorm = 49.0404, GNorm = 6.9772, lr_0 = 3.5798e-04
Loss = 1.0683e-01, PNorm = 49.0457, GNorm = 2.9396, lr_0 = 3.5820e-04
Loss = 1.0698e-01, PNorm = 49.0506, GNorm = 11.0222, lr_0 = 3.5843e-04
Loss = 8.8221e-02, PNorm = 49.0549, GNorm = 4.6662, lr_0 = 3.5865e-04
Loss = 9.3787e-02, PNorm = 49.0599, GNorm = 2.9866, lr_0 = 3.5888e-04
Loss = 8.6736e-02, PNorm = 49.0643, GNorm = 3.4618, lr_0 = 3.5910e-04
Loss = 8.4742e-02, PNorm = 49.0681, GNorm = 3.3774, lr_0 = 3.5933e-04
Loss = 1.0256e-01, PNorm = 49.0735, GNorm = 10.1202, lr_0 = 3.5955e-04
Loss = 1.1456e-01, PNorm = 49.0822, GNorm = 10.4416, lr_0 = 3.5978e-04
Loss = 1.4989e-01, PNorm = 49.0896, GNorm = 4.6177, lr_0 = 3.6000e-04
Loss = 1.4647e-01, PNorm = 49.0933, GNorm = 13.0096, lr_0 = 3.6023e-04
Loss = 1.2995e-01, PNorm = 49.1000, GNorm = 5.1347, lr_0 = 3.6045e-04
Loss = 1.1876e-01, PNorm = 49.1070, GNorm = 6.0844, lr_0 = 3.6068e-04
Loss = 1.2376e-01, PNorm = 49.1107, GNorm = 14.2607, lr_0 = 3.6090e-04
Loss = 1.2343e-01, PNorm = 49.1127, GNorm = 5.6449, lr_0 = 3.6113e-04
Loss = 1.0697e-01, PNorm = 49.1182, GNorm = 2.2406, lr_0 = 3.6135e-04
Loss = 9.9047e-02, PNorm = 49.1236, GNorm = 6.5858, lr_0 = 3.6158e-04
Loss = 1.1003e-01, PNorm = 49.1294, GNorm = 3.1710, lr_0 = 3.6180e-04
Loss = 1.1559e-01, PNorm = 49.1336, GNorm = 7.4552, lr_0 = 3.6203e-04
Loss = 1.0377e-01, PNorm = 49.1374, GNorm = 2.3627, lr_0 = 3.6225e-04
Loss = 1.0591e-01, PNorm = 49.1429, GNorm = 7.3606, lr_0 = 3.6248e-04
Loss = 1.0518e-01, PNorm = 49.1476, GNorm = 2.5127, lr_0 = 3.6270e-04
Loss = 8.5901e-02, PNorm = 49.1514, GNorm = 2.4656, lr_0 = 3.6293e-04
Loss = 9.8191e-02, PNorm = 49.1575, GNorm = 2.0251, lr_0 = 3.6315e-04
Loss = 1.1273e-01, PNorm = 49.1621, GNorm = 2.7593, lr_0 = 3.6338e-04
Loss = 1.0061e-01, PNorm = 49.1682, GNorm = 6.8964, lr_0 = 3.6360e-04
Loss = 1.0647e-01, PNorm = 49.1727, GNorm = 3.1995, lr_0 = 3.6383e-04
Loss = 1.2664e-01, PNorm = 49.1798, GNorm = 9.4545, lr_0 = 3.6405e-04
Loss = 1.0727e-01, PNorm = 49.1864, GNorm = 3.0508, lr_0 = 3.6428e-04
Loss = 1.0505e-01, PNorm = 49.1912, GNorm = 3.5014, lr_0 = 3.6450e-04
Loss = 7.9383e-02, PNorm = 49.1954, GNorm = 7.3490, lr_0 = 3.6473e-04
Loss = 9.2229e-02, PNorm = 49.1966, GNorm = 6.6240, lr_0 = 3.6495e-04
Loss = 9.0361e-02, PNorm = 49.1989, GNorm = 7.0461, lr_0 = 3.6518e-04
Loss = 9.8388e-02, PNorm = 49.2041, GNorm = 5.0381, lr_0 = 3.6540e-04
Loss = 1.0076e-01, PNorm = 49.2106, GNorm = 6.0705, lr_0 = 3.6563e-04
Loss = 9.3566e-02, PNorm = 49.2149, GNorm = 4.9865, lr_0 = 3.6585e-04
Loss = 1.1041e-01, PNorm = 49.2189, GNorm = 6.0476, lr_0 = 3.6608e-04
Loss = 9.8276e-02, PNorm = 49.2229, GNorm = 10.3452, lr_0 = 3.6630e-04
Loss = 1.2259e-01, PNorm = 49.2275, GNorm = 6.1711, lr_0 = 3.6653e-04
Loss = 1.1045e-01, PNorm = 49.2345, GNorm = 2.8325, lr_0 = 3.6675e-04
Loss = 9.1112e-02, PNorm = 49.2426, GNorm = 7.9476, lr_0 = 3.6698e-04
Loss = 1.2724e-01, PNorm = 49.2454, GNorm = 5.3000, lr_0 = 3.6720e-04
Loss = 9.9690e-02, PNorm = 49.2481, GNorm = 3.0578, lr_0 = 3.6743e-04
Loss = 1.0804e-01, PNorm = 49.2521, GNorm = 3.5917, lr_0 = 3.6765e-04
Loss = 1.2295e-01, PNorm = 49.2574, GNorm = 3.1654, lr_0 = 3.6788e-04
Loss = 1.2973e-01, PNorm = 49.2641, GNorm = 5.1164, lr_0 = 3.6810e-04
Loss = 8.9574e-02, PNorm = 49.2703, GNorm = 3.2004, lr_0 = 3.6833e-04
Loss = 9.0443e-02, PNorm = 49.2757, GNorm = 5.8074, lr_0 = 3.6855e-04
Loss = 1.1161e-01, PNorm = 49.2820, GNorm = 6.9969, lr_0 = 3.6878e-04
Loss = 1.1399e-01, PNorm = 49.2893, GNorm = 6.9012, lr_0 = 3.6901e-04
Loss = 1.0715e-01, PNorm = 49.2942, GNorm = 9.8640, lr_0 = 3.6923e-04
Loss = 1.1906e-01, PNorm = 49.2972, GNorm = 11.7912, lr_0 = 3.6946e-04
Loss = 1.0735e-01, PNorm = 49.3015, GNorm = 2.9789, lr_0 = 3.6968e-04
Loss = 9.6947e-02, PNorm = 49.3066, GNorm = 9.4834, lr_0 = 3.6991e-04
Loss = 1.0415e-01, PNorm = 49.3117, GNorm = 5.9767, lr_0 = 3.7013e-04
Loss = 1.0917e-01, PNorm = 49.3142, GNorm = 7.4266, lr_0 = 3.7036e-04
Loss = 1.1656e-01, PNorm = 49.3203, GNorm = 2.8337, lr_0 = 3.7058e-04
Loss = 9.2233e-02, PNorm = 49.3273, GNorm = 3.5187, lr_0 = 3.7081e-04
Loss = 9.0215e-02, PNorm = 49.3334, GNorm = 3.8988, lr_0 = 3.7103e-04
Loss = 1.1706e-01, PNorm = 49.3390, GNorm = 4.9126, lr_0 = 3.7126e-04
Loss = 1.1142e-01, PNorm = 49.3430, GNorm = 8.0409, lr_0 = 3.7148e-04
Loss = 1.1762e-01, PNorm = 49.3509, GNorm = 11.8340, lr_0 = 3.7171e-04
Loss = 1.2071e-01, PNorm = 49.3576, GNorm = 14.1179, lr_0 = 3.7193e-04
Loss = 1.4700e-01, PNorm = 49.3647, GNorm = 4.2096, lr_0 = 3.7216e-04
Loss = 1.3299e-01, PNorm = 49.3724, GNorm = 13.2588, lr_0 = 3.7238e-04
Loss = 9.5917e-02, PNorm = 49.3779, GNorm = 4.3181, lr_0 = 3.7261e-04
Loss = 8.3371e-02, PNorm = 49.3837, GNorm = 3.4107, lr_0 = 3.7283e-04
Loss = 8.5851e-02, PNorm = 49.3893, GNorm = 3.6216, lr_0 = 3.7306e-04
Loss = 1.0564e-01, PNorm = 49.3928, GNorm = 5.3977, lr_0 = 3.7328e-04
Loss = 9.8104e-02, PNorm = 49.3972, GNorm = 2.8174, lr_0 = 3.7351e-04
Loss = 1.0624e-01, PNorm = 49.4026, GNorm = 7.9534, lr_0 = 3.7373e-04
Loss = 9.7093e-02, PNorm = 49.4093, GNorm = 2.7143, lr_0 = 3.7396e-04
Loss = 1.0654e-01, PNorm = 49.4151, GNorm = 6.6589, lr_0 = 3.7418e-04
Loss = 1.0219e-01, PNorm = 49.4194, GNorm = 16.8055, lr_0 = 3.7441e-04
Loss = 1.0974e-01, PNorm = 49.4248, GNorm = 3.1117, lr_0 = 3.7463e-04
Loss = 1.0694e-01, PNorm = 49.4288, GNorm = 3.1042, lr_0 = 3.7486e-04
Loss = 1.0849e-01, PNorm = 49.4340, GNorm = 2.6853, lr_0 = 3.7508e-04
Loss = 1.4097e-01, PNorm = 49.4401, GNorm = 14.6208, lr_0 = 3.7531e-04
Loss = 1.5397e-01, PNorm = 49.4455, GNorm = 15.0616, lr_0 = 3.7553e-04
Loss = 1.4809e-01, PNorm = 49.4506, GNorm = 2.3877, lr_0 = 3.7576e-04
Loss = 1.4088e-01, PNorm = 49.4565, GNorm = 9.3823, lr_0 = 3.7598e-04
Loss = 1.1336e-01, PNorm = 49.4617, GNorm = 5.2012, lr_0 = 3.7621e-04
Loss = 1.0245e-01, PNorm = 49.4679, GNorm = 6.3847, lr_0 = 3.7643e-04
Loss = 9.7912e-02, PNorm = 49.4736, GNorm = 2.5733, lr_0 = 3.7666e-04
Loss = 9.5997e-02, PNorm = 49.4783, GNorm = 2.1679, lr_0 = 3.7688e-04
Loss = 1.0221e-01, PNorm = 49.4831, GNorm = 4.0248, lr_0 = 3.7711e-04
Loss = 9.1545e-02, PNorm = 49.4877, GNorm = 3.5960, lr_0 = 3.7733e-04
Loss = 1.0797e-01, PNorm = 49.4918, GNorm = 6.7691, lr_0 = 3.7756e-04
Loss = 1.1368e-01, PNorm = 49.4980, GNorm = 8.7985, lr_0 = 3.7778e-04
Loss = 8.8511e-02, PNorm = 49.5054, GNorm = 3.2810, lr_0 = 3.7801e-04
Loss = 8.4928e-02, PNorm = 49.5102, GNorm = 2.3614, lr_0 = 3.7823e-04
Loss = 8.3302e-02, PNorm = 49.5144, GNorm = 1.7502, lr_0 = 3.7846e-04
Loss = 8.7261e-02, PNorm = 49.5183, GNorm = 4.5470, lr_0 = 3.7868e-04
Loss = 8.9532e-02, PNorm = 49.5237, GNorm = 3.4106, lr_0 = 3.7891e-04
Loss = 8.5199e-02, PNorm = 49.5277, GNorm = 2.5293, lr_0 = 3.7913e-04
Loss = 9.3357e-02, PNorm = 49.5322, GNorm = 4.3043, lr_0 = 3.7936e-04
Loss = 8.1504e-02, PNorm = 49.5370, GNorm = 6.2624, lr_0 = 3.7958e-04
Loss = 1.1209e-01, PNorm = 49.5425, GNorm = 12.4384, lr_0 = 3.7981e-04
Loss = 1.2366e-01, PNorm = 49.5492, GNorm = 11.3315, lr_0 = 3.8003e-04
Loss = 1.4682e-01, PNorm = 49.5568, GNorm = 6.9998, lr_0 = 3.8026e-04
Loss = 1.1250e-01, PNorm = 49.5633, GNorm = 4.7481, lr_0 = 3.8048e-04
Loss = 9.4976e-02, PNorm = 49.5690, GNorm = 9.6014, lr_0 = 3.8071e-04
Loss = 8.6771e-02, PNorm = 49.5748, GNorm = 3.6319, lr_0 = 3.8093e-04
Loss = 9.7027e-02, PNorm = 49.5789, GNorm = 5.9420, lr_0 = 3.8116e-04
Loss = 8.6859e-02, PNorm = 49.5820, GNorm = 3.6760, lr_0 = 3.8139e-04
Loss = 1.0483e-01, PNorm = 49.5861, GNorm = 5.5959, lr_0 = 3.8161e-04
Loss = 1.1361e-01, PNorm = 49.5909, GNorm = 2.3720, lr_0 = 3.8184e-04
Loss = 1.3225e-01, PNorm = 49.5962, GNorm = 8.3091, lr_0 = 3.8206e-04
Loss = 1.0255e-01, PNorm = 49.6031, GNorm = 2.0251, lr_0 = 3.8229e-04
Loss = 1.0976e-01, PNorm = 49.6074, GNorm = 8.3161, lr_0 = 3.8251e-04
Loss = 1.3663e-01, PNorm = 49.6116, GNorm = 8.9860, lr_0 = 3.8274e-04
Loss = 1.1811e-01, PNorm = 49.6172, GNorm = 6.8712, lr_0 = 3.8296e-04
Loss = 9.4162e-02, PNorm = 49.6244, GNorm = 2.9312, lr_0 = 3.8319e-04
Loss = 9.3579e-02, PNorm = 49.6304, GNorm = 6.8316, lr_0 = 3.8341e-04
Loss = 9.3746e-02, PNorm = 49.6353, GNorm = 4.9766, lr_0 = 3.8364e-04
Loss = 1.1291e-01, PNorm = 49.6380, GNorm = 2.0883, lr_0 = 3.8386e-04
Loss = 1.2579e-01, PNorm = 49.6439, GNorm = 9.2472, lr_0 = 3.8409e-04
Loss = 9.3729e-02, PNorm = 49.6490, GNorm = 7.5845, lr_0 = 3.8431e-04
Loss = 7.6791e-02, PNorm = 49.6536, GNorm = 5.6575, lr_0 = 3.8454e-04
Loss = 9.4594e-02, PNorm = 49.6584, GNorm = 11.8607, lr_0 = 3.8476e-04
Loss = 9.7474e-02, PNorm = 49.6632, GNorm = 2.8830, lr_0 = 3.8499e-04
Loss = 1.1331e-01, PNorm = 49.6671, GNorm = 5.8279, lr_0 = 3.8521e-04
Loss = 9.9433e-02, PNorm = 49.6720, GNorm = 5.1876, lr_0 = 3.8544e-04
Loss = 1.0596e-01, PNorm = 49.6781, GNorm = 7.5099, lr_0 = 3.8566e-04
Loss = 1.1170e-01, PNorm = 49.6839, GNorm = 3.3497, lr_0 = 3.8589e-04
Loss = 1.0810e-01, PNorm = 49.6901, GNorm = 3.8962, lr_0 = 3.8611e-04
Loss = 8.9670e-02, PNorm = 49.6955, GNorm = 5.2777, lr_0 = 3.8634e-04
Loss = 9.1713e-02, PNorm = 49.7005, GNorm = 3.5816, lr_0 = 3.8656e-04
Loss = 9.0534e-02, PNorm = 49.7070, GNorm = 2.0355, lr_0 = 3.8679e-04
Loss = 1.1440e-01, PNorm = 49.7115, GNorm = 7.3691, lr_0 = 3.8701e-04
Loss = 1.1394e-01, PNorm = 49.7193, GNorm = 6.2733, lr_0 = 3.8724e-04
Loss = 9.1762e-02, PNorm = 49.7243, GNorm = 6.3366, lr_0 = 3.8746e-04
Loss = 1.0791e-01, PNorm = 49.7299, GNorm = 3.1766, lr_0 = 3.8769e-04
Loss = 1.4357e-01, PNorm = 49.7358, GNorm = 6.0065, lr_0 = 3.8791e-04
Loss = 1.2889e-01, PNorm = 49.7429, GNorm = 10.1194, lr_0 = 3.8814e-04
Loss = 7.2807e-02, PNorm = 49.7484, GNorm = 2.2174, lr_0 = 3.8836e-04
Loss = 9.3718e-02, PNorm = 49.7532, GNorm = 4.6807, lr_0 = 3.8859e-04
Loss = 8.5957e-02, PNorm = 49.7570, GNorm = 8.8330, lr_0 = 3.8881e-04
Loss = 8.1280e-02, PNorm = 49.7641, GNorm = 6.3539, lr_0 = 3.8904e-04
Loss = 8.0961e-02, PNorm = 49.7695, GNorm = 2.6188, lr_0 = 3.8926e-04
Loss = 8.3915e-02, PNorm = 49.7723, GNorm = 3.0693, lr_0 = 3.8949e-04
Loss = 8.7411e-02, PNorm = 49.7770, GNorm = 5.3583, lr_0 = 3.8971e-04
Loss = 8.6290e-02, PNorm = 49.7819, GNorm = 8.4911, lr_0 = 3.8994e-04
Loss = 8.2753e-02, PNorm = 49.7867, GNorm = 10.1307, lr_0 = 3.9016e-04
Loss = 1.1806e-01, PNorm = 49.7946, GNorm = 9.3325, lr_0 = 3.9039e-04
Loss = 8.9751e-02, PNorm = 49.7992, GNorm = 4.2832, lr_0 = 3.9061e-04
Loss = 8.8333e-02, PNorm = 49.8053, GNorm = 2.7910, lr_0 = 3.9084e-04
Loss = 8.7632e-02, PNorm = 49.8089, GNorm = 4.4702, lr_0 = 3.9106e-04
Loss = 8.8575e-02, PNorm = 49.8143, GNorm = 2.6243, lr_0 = 3.9129e-04
Loss = 9.5917e-02, PNorm = 49.8183, GNorm = 2.8304, lr_0 = 3.9151e-04
Loss = 7.6991e-02, PNorm = 49.8226, GNorm = 6.9350, lr_0 = 3.9174e-04
Loss = 9.3947e-02, PNorm = 49.8276, GNorm = 3.2160, lr_0 = 3.9196e-04
Loss = 8.6173e-02, PNorm = 49.8348, GNorm = 4.3757, lr_0 = 3.9219e-04
Loss = 1.0643e-01, PNorm = 49.8405, GNorm = 6.0610, lr_0 = 3.9241e-04
Loss = 8.0973e-02, PNorm = 49.8445, GNorm = 2.1939, lr_0 = 3.9264e-04
Loss = 8.5474e-02, PNorm = 49.8495, GNorm = 9.0360, lr_0 = 3.9286e-04
Loss = 1.2024e-01, PNorm = 49.8537, GNorm = 14.4386, lr_0 = 3.9309e-04
Loss = 1.2054e-01, PNorm = 49.8597, GNorm = 5.9149, lr_0 = 3.9331e-04
Loss = 1.0721e-01, PNorm = 49.8674, GNorm = 3.1071, lr_0 = 3.9354e-04
Loss = 8.1412e-02, PNorm = 49.8726, GNorm = 4.4971, lr_0 = 3.9377e-04
Loss = 9.2606e-02, PNorm = 49.8769, GNorm = 5.1933, lr_0 = 3.9399e-04
Loss = 9.4529e-02, PNorm = 49.8831, GNorm = 4.2043, lr_0 = 3.9422e-04
Loss = 7.6292e-02, PNorm = 49.8903, GNorm = 2.4364, lr_0 = 3.9444e-04
Loss = 8.5044e-02, PNorm = 49.8952, GNorm = 2.6524, lr_0 = 3.9467e-04
Loss = 7.6589e-02, PNorm = 49.9000, GNorm = 7.5340, lr_0 = 3.9489e-04
Loss = 8.1726e-02, PNorm = 49.9031, GNorm = 6.0089, lr_0 = 3.9512e-04
Loss = 9.1293e-02, PNorm = 49.9066, GNorm = 8.4728, lr_0 = 3.9534e-04
Loss = 7.7196e-02, PNorm = 49.9112, GNorm = 4.7279, lr_0 = 3.9557e-04
Loss = 7.4959e-02, PNorm = 49.9143, GNorm = 2.1918, lr_0 = 3.9579e-04
Loss = 7.9086e-02, PNorm = 49.9188, GNorm = 9.0800, lr_0 = 3.9602e-04
Loss = 7.4991e-02, PNorm = 49.9246, GNorm = 2.5772, lr_0 = 3.9624e-04
Loss = 7.4764e-02, PNorm = 49.9292, GNorm = 2.3894, lr_0 = 3.9647e-04
Loss = 8.7683e-02, PNorm = 49.9323, GNorm = 2.7160, lr_0 = 3.9669e-04
Loss = 8.1988e-02, PNorm = 49.9373, GNorm = 4.4096, lr_0 = 3.9692e-04
Loss = 9.3010e-02, PNorm = 49.9438, GNorm = 6.0017, lr_0 = 3.9714e-04
Loss = 8.2900e-02, PNorm = 49.9502, GNorm = 3.2331, lr_0 = 3.9737e-04
Loss = 9.2683e-02, PNorm = 49.9562, GNorm = 4.0335, lr_0 = 3.9759e-04
Loss = 8.6626e-02, PNorm = 49.9618, GNorm = 6.0795, lr_0 = 3.9782e-04
Loss = 7.4815e-02, PNorm = 49.9628, GNorm = 3.7925, lr_0 = 3.9804e-04
Loss = 8.1325e-02, PNorm = 49.9674, GNorm = 5.7962, lr_0 = 3.9827e-04
Loss = 8.7866e-02, PNorm = 49.9722, GNorm = 4.1799, lr_0 = 3.9849e-04
Loss = 9.0651e-02, PNorm = 49.9795, GNorm = 3.8398, lr_0 = 3.9872e-04
Loss = 7.6817e-02, PNorm = 49.9852, GNorm = 3.9737, lr_0 = 3.9894e-04
Loss = 7.5299e-02, PNorm = 49.9895, GNorm = 1.8400, lr_0 = 3.9917e-04
Loss = 7.5957e-02, PNorm = 49.9914, GNorm = 8.9731, lr_0 = 3.9939e-04
Loss = 1.0321e-01, PNorm = 49.9948, GNorm = 6.0873, lr_0 = 3.9962e-04
Loss = 9.4307e-02, PNorm = 50.0023, GNorm = 3.2315, lr_0 = 3.9984e-04
Loss = 9.5920e-02, PNorm = 50.0089, GNorm = 2.1701, lr_0 = 4.0007e-04
Loss = 8.5441e-02, PNorm = 50.0141, GNorm = 3.1719, lr_0 = 4.0029e-04
Loss = 9.1725e-02, PNorm = 50.0179, GNorm = 6.6986, lr_0 = 4.0052e-04
Loss = 1.0447e-01, PNorm = 50.0231, GNorm = 7.2616, lr_0 = 4.0074e-04
Loss = 8.6827e-02, PNorm = 50.0294, GNorm = 1.4694, lr_0 = 4.0097e-04
Loss = 9.3536e-02, PNorm = 50.0352, GNorm = 2.0447, lr_0 = 4.0119e-04
Loss = 9.5686e-02, PNorm = 50.0430, GNorm = 3.3385, lr_0 = 4.0142e-04
Loss = 7.9988e-02, PNorm = 50.0487, GNorm = 4.6619, lr_0 = 4.0164e-04
Loss = 8.4771e-02, PNorm = 50.0549, GNorm = 2.0812, lr_0 = 4.0187e-04
Loss = 7.9455e-02, PNorm = 50.0593, GNorm = 3.7452, lr_0 = 4.0209e-04
Loss = 8.1261e-02, PNorm = 50.0637, GNorm = 2.0775, lr_0 = 4.0232e-04
Loss = 7.6167e-02, PNorm = 50.0690, GNorm = 6.2707, lr_0 = 4.0254e-04
Loss = 9.1547e-02, PNorm = 50.0751, GNorm = 8.4929, lr_0 = 4.0277e-04
Loss = 9.5990e-02, PNorm = 50.0814, GNorm = 2.0683, lr_0 = 4.0299e-04
Loss = 8.4548e-02, PNorm = 50.0887, GNorm = 7.7950, lr_0 = 4.0322e-04
Loss = 8.1377e-02, PNorm = 50.0939, GNorm = 6.5898, lr_0 = 4.0344e-04
Loss = 9.0881e-02, PNorm = 50.0982, GNorm = 7.5989, lr_0 = 4.0367e-04
Loss = 1.0372e-01, PNorm = 50.1030, GNorm = 6.2209, lr_0 = 4.0389e-04
Loss = 8.0590e-02, PNorm = 50.1066, GNorm = 4.2784, lr_0 = 4.0412e-04
Loss = 1.0181e-01, PNorm = 50.1127, GNorm = 2.0871, lr_0 = 4.0434e-04
Loss = 8.4550e-02, PNorm = 50.1192, GNorm = 7.9839, lr_0 = 4.0457e-04
Loss = 8.1775e-02, PNorm = 50.1266, GNorm = 2.8114, lr_0 = 4.0479e-04
Loss = 8.7792e-02, PNorm = 50.1342, GNorm = 2.0296, lr_0 = 4.0502e-04
Loss = 9.4638e-02, PNorm = 50.1391, GNorm = 2.6446, lr_0 = 4.0524e-04
Loss = 8.7255e-02, PNorm = 50.1426, GNorm = 7.0115, lr_0 = 4.0547e-04
Loss = 8.2157e-02, PNorm = 50.1485, GNorm = 1.6707, lr_0 = 4.0569e-04
Loss = 8.2927e-02, PNorm = 50.1516, GNorm = 4.5919, lr_0 = 4.0592e-04
Loss = 1.0682e-01, PNorm = 50.1573, GNorm = 3.5965, lr_0 = 4.0614e-04
Loss = 9.7047e-02, PNorm = 50.1667, GNorm = 4.4284, lr_0 = 4.0637e-04
Loss = 1.1050e-01, PNorm = 50.1744, GNorm = 5.5818, lr_0 = 4.0660e-04
Loss = 1.0652e-01, PNorm = 50.1848, GNorm = 10.1872, lr_0 = 4.0682e-04
Loss = 1.0757e-01, PNorm = 50.1946, GNorm = 7.0610, lr_0 = 4.0705e-04
Loss = 1.1092e-01, PNorm = 50.2030, GNorm = 9.3051, lr_0 = 4.0727e-04
Loss = 1.0568e-01, PNorm = 50.2099, GNorm = 3.2464, lr_0 = 4.0750e-04
Loss = 1.0323e-01, PNorm = 50.2188, GNorm = 6.7195, lr_0 = 4.0772e-04
Loss = 9.2891e-02, PNorm = 50.2257, GNorm = 3.1987, lr_0 = 4.0795e-04
Loss = 9.3743e-02, PNorm = 50.2310, GNorm = 2.4120, lr_0 = 4.0817e-04
Loss = 9.7595e-02, PNorm = 50.2337, GNorm = 8.3708, lr_0 = 4.0840e-04
Loss = 9.6676e-02, PNorm = 50.2384, GNorm = 2.4951, lr_0 = 4.0862e-04
Loss = 1.0467e-01, PNorm = 50.2457, GNorm = 3.2408, lr_0 = 4.0885e-04
Loss = 1.1143e-01, PNorm = 50.2534, GNorm = 6.3764, lr_0 = 4.0907e-04
Loss = 9.8491e-02, PNorm = 50.2597, GNorm = 3.0906, lr_0 = 4.0930e-04
Loss = 9.4550e-02, PNorm = 50.2680, GNorm = 5.3747, lr_0 = 4.0952e-04
Loss = 8.7038e-02, PNorm = 50.2776, GNorm = 2.7234, lr_0 = 4.0975e-04
Loss = 1.0190e-01, PNorm = 50.2823, GNorm = 9.3059, lr_0 = 4.0997e-04
Loss = 9.8208e-02, PNorm = 50.2896, GNorm = 3.9788, lr_0 = 4.1020e-04
Loss = 9.4968e-02, PNorm = 50.2957, GNorm = 3.7243, lr_0 = 4.1042e-04
Loss = 1.0389e-01, PNorm = 50.3025, GNorm = 6.2994, lr_0 = 4.1065e-04
Loss = 1.0346e-01, PNorm = 50.3099, GNorm = 5.5809, lr_0 = 4.1087e-04
Loss = 9.7162e-02, PNorm = 50.3178, GNorm = 1.7679, lr_0 = 4.1110e-04
Loss = 1.0998e-01, PNorm = 50.3251, GNorm = 9.2471, lr_0 = 4.1132e-04
Loss = 1.5204e-01, PNorm = 50.3339, GNorm = 10.1752, lr_0 = 4.1155e-04
Loss = 1.3441e-01, PNorm = 50.3444, GNorm = 5.2238, lr_0 = 4.1177e-04
Loss = 9.5840e-02, PNorm = 50.3533, GNorm = 8.3574, lr_0 = 4.1200e-04
Loss = 9.5344e-02, PNorm = 50.3603, GNorm = 7.2280, lr_0 = 4.1222e-04
Loss = 7.9897e-02, PNorm = 50.3671, GNorm = 3.2346, lr_0 = 4.1245e-04
Loss = 8.4038e-02, PNorm = 50.3732, GNorm = 2.1378, lr_0 = 4.1267e-04
Loss = 9.9848e-02, PNorm = 50.3788, GNorm = 6.3295, lr_0 = 4.1290e-04
Loss = 8.1950e-02, PNorm = 50.3840, GNorm = 2.2408, lr_0 = 4.1312e-04
Loss = 8.3206e-02, PNorm = 50.3855, GNorm = 3.8944, lr_0 = 4.1335e-04
Loss = 8.8135e-02, PNorm = 50.3899, GNorm = 4.3484, lr_0 = 4.1357e-04
Loss = 8.7401e-02, PNorm = 50.3976, GNorm = 2.4009, lr_0 = 4.1380e-04
Loss = 1.0586e-01, PNorm = 50.4052, GNorm = 7.6228, lr_0 = 4.1402e-04
Loss = 8.2576e-02, PNorm = 50.4120, GNorm = 7.1236, lr_0 = 4.1425e-04
Loss = 7.3491e-02, PNorm = 50.4171, GNorm = 3.6771, lr_0 = 4.1447e-04
Loss = 8.8244e-02, PNorm = 50.4221, GNorm = 2.9315, lr_0 = 4.1470e-04
Loss = 7.9263e-02, PNorm = 50.4271, GNorm = 5.5021, lr_0 = 4.1492e-04
Loss = 8.2586e-02, PNorm = 50.4315, GNorm = 3.8912, lr_0 = 4.1515e-04
Loss = 8.1702e-02, PNorm = 50.4388, GNorm = 1.9417, lr_0 = 4.1537e-04
Loss = 9.3786e-02, PNorm = 50.4441, GNorm = 3.4888, lr_0 = 4.1560e-04
Loss = 8.6456e-02, PNorm = 50.4510, GNorm = 2.8005, lr_0 = 4.1582e-04
Loss = 8.1537e-02, PNorm = 50.4553, GNorm = 2.3296, lr_0 = 4.1605e-04
Loss = 6.7966e-02, PNorm = 50.4588, GNorm = 3.4140, lr_0 = 4.1627e-04
Loss = 9.8137e-02, PNorm = 50.4625, GNorm = 5.9953, lr_0 = 4.1650e-04
Loss = 1.0509e-01, PNorm = 50.4725, GNorm = 3.3072, lr_0 = 4.1672e-04
Loss = 1.0494e-01, PNorm = 50.4796, GNorm = 1.7124, lr_0 = 4.1695e-04
Loss = 8.1368e-02, PNorm = 50.4850, GNorm = 5.6540, lr_0 = 4.1717e-04
Loss = 7.8525e-02, PNorm = 50.4922, GNorm = 2.3958, lr_0 = 4.1740e-04
Loss = 8.1204e-02, PNorm = 50.4958, GNorm = 1.8469, lr_0 = 4.1762e-04
Loss = 8.4827e-02, PNorm = 50.4992, GNorm = 4.8170, lr_0 = 4.1785e-04
Loss = 7.6052e-02, PNorm = 50.5060, GNorm = 4.0673, lr_0 = 4.1807e-04
Loss = 8.5289e-02, PNorm = 50.5139, GNorm = 4.2265, lr_0 = 4.1830e-04
Loss = 7.0181e-02, PNorm = 50.5190, GNorm = 7.2344, lr_0 = 4.1852e-04
Loss = 8.3352e-02, PNorm = 50.5263, GNorm = 3.1216, lr_0 = 4.1875e-04
Loss = 8.9008e-02, PNorm = 50.5296, GNorm = 7.5411, lr_0 = 4.1898e-04
Loss = 9.7237e-02, PNorm = 50.5355, GNorm = 2.8853, lr_0 = 4.1920e-04
Loss = 8.7601e-02, PNorm = 50.5427, GNorm = 2.7395, lr_0 = 4.1943e-04
Loss = 6.7577e-02, PNorm = 50.5493, GNorm = 4.9894, lr_0 = 4.1965e-04
Loss = 7.9804e-02, PNorm = 50.5560, GNorm = 1.8112, lr_0 = 4.1988e-04
Loss = 8.3902e-02, PNorm = 50.5643, GNorm = 3.3642, lr_0 = 4.2010e-04
Loss = 8.3017e-02, PNorm = 50.5699, GNorm = 2.0658, lr_0 = 4.2033e-04
Loss = 9.2597e-02, PNorm = 50.5750, GNorm = 3.7227, lr_0 = 4.2055e-04
Loss = 8.7635e-02, PNorm = 50.5813, GNorm = 4.3059, lr_0 = 4.2078e-04
Loss = 7.8077e-02, PNorm = 50.5868, GNorm = 3.1352, lr_0 = 4.2100e-04
Loss = 8.8246e-02, PNorm = 50.5942, GNorm = 5.2628, lr_0 = 4.2123e-04
Loss = 9.1182e-02, PNorm = 50.6031, GNorm = 5.6386, lr_0 = 4.2145e-04
Loss = 7.2776e-02, PNorm = 50.6079, GNorm = 3.8088, lr_0 = 4.2168e-04
Loss = 8.9656e-02, PNorm = 50.6110, GNorm = 3.9976, lr_0 = 4.2190e-04
Loss = 8.3133e-02, PNorm = 50.6174, GNorm = 1.6160, lr_0 = 4.2213e-04
Loss = 8.0765e-02, PNorm = 50.6257, GNorm = 1.9600, lr_0 = 4.2235e-04
Loss = 6.9727e-02, PNorm = 50.6317, GNorm = 2.0827, lr_0 = 4.2258e-04
Loss = 6.5364e-02, PNorm = 50.6370, GNorm = 1.8313, lr_0 = 4.2280e-04
Loss = 7.2428e-02, PNorm = 50.6416, GNorm = 4.4826, lr_0 = 4.2303e-04
Loss = 7.5005e-02, PNorm = 50.6496, GNorm = 1.7381, lr_0 = 4.2325e-04
Loss = 8.0938e-02, PNorm = 50.6567, GNorm = 5.0739, lr_0 = 4.2348e-04
Loss = 8.1471e-02, PNorm = 50.6628, GNorm = 9.0269, lr_0 = 4.2370e-04
Loss = 7.8909e-02, PNorm = 50.6705, GNorm = 1.9136, lr_0 = 4.2393e-04
Loss = 8.6328e-02, PNorm = 50.6777, GNorm = 4.0560, lr_0 = 4.2415e-04
Loss = 8.5086e-02, PNorm = 50.6828, GNorm = 4.1919, lr_0 = 4.2438e-04
Loss = 6.8518e-02, PNorm = 50.6884, GNorm = 3.8190, lr_0 = 4.2460e-04
Loss = 7.7015e-02, PNorm = 50.6958, GNorm = 6.3050, lr_0 = 4.2483e-04
Loss = 7.2543e-02, PNorm = 50.7035, GNorm = 2.3708, lr_0 = 4.2505e-04
Loss = 6.9852e-02, PNorm = 50.7081, GNorm = 1.9654, lr_0 = 4.2528e-04
Loss = 7.2821e-02, PNorm = 50.7151, GNorm = 1.9219, lr_0 = 4.2550e-04
Loss = 7.0946e-02, PNorm = 50.7225, GNorm = 6.6897, lr_0 = 4.2573e-04
Loss = 8.1254e-02, PNorm = 50.7264, GNorm = 2.2331, lr_0 = 4.2595e-04
Loss = 6.6344e-02, PNorm = 50.7325, GNorm = 2.0277, lr_0 = 4.2618e-04
Loss = 7.7685e-02, PNorm = 50.7375, GNorm = 4.2217, lr_0 = 4.2640e-04
Loss = 7.8484e-02, PNorm = 50.7462, GNorm = 2.0570, lr_0 = 4.2663e-04
Loss = 8.1163e-02, PNorm = 50.7484, GNorm = 3.5600, lr_0 = 4.2685e-04
Loss = 8.9248e-02, PNorm = 50.7514, GNorm = 4.8238, lr_0 = 4.2708e-04
Loss = 7.1811e-02, PNorm = 50.7594, GNorm = 5.5370, lr_0 = 4.2730e-04
Loss = 8.2816e-02, PNorm = 50.7677, GNorm = 3.2091, lr_0 = 4.2753e-04
Loss = 8.1768e-02, PNorm = 50.7743, GNorm = 2.0223, lr_0 = 4.2775e-04
Loss = 8.5103e-02, PNorm = 50.7810, GNorm = 3.6920, lr_0 = 4.2798e-04
Loss = 7.6715e-02, PNorm = 50.7867, GNorm = 10.4261, lr_0 = 4.2820e-04
Loss = 8.6477e-02, PNorm = 50.7923, GNorm = 1.5867, lr_0 = 4.2843e-04
Loss = 9.4125e-02, PNorm = 50.8005, GNorm = 4.7963, lr_0 = 4.2865e-04
Loss = 1.0406e-01, PNorm = 50.8107, GNorm = 3.0671, lr_0 = 4.2888e-04
Loss = 7.4191e-02, PNorm = 50.8155, GNorm = 5.8316, lr_0 = 4.2910e-04
Loss = 8.3754e-02, PNorm = 50.8217, GNorm = 6.8931, lr_0 = 4.2933e-04
Loss = 6.9754e-02, PNorm = 50.8270, GNorm = 4.0244, lr_0 = 4.2955e-04
Loss = 8.1666e-02, PNorm = 50.8330, GNorm = 2.8880, lr_0 = 4.2978e-04
Loss = 8.5858e-02, PNorm = 50.8400, GNorm = 2.1635, lr_0 = 4.3000e-04
Loss = 6.9033e-02, PNorm = 50.8444, GNorm = 1.9806, lr_0 = 4.3023e-04
Loss = 7.2918e-02, PNorm = 50.8489, GNorm = 2.7906, lr_0 = 4.3045e-04
Loss = 7.9359e-02, PNorm = 50.8538, GNorm = 4.5890, lr_0 = 4.3068e-04
Loss = 8.3951e-02, PNorm = 50.8599, GNorm = 3.0452, lr_0 = 4.3090e-04
Loss = 7.3673e-02, PNorm = 50.8676, GNorm = 6.2472, lr_0 = 4.3113e-04
Loss = 8.1740e-02, PNorm = 50.8732, GNorm = 4.0170, lr_0 = 4.3136e-04
Loss = 9.5220e-02, PNorm = 50.8779, GNorm = 4.1161, lr_0 = 4.3158e-04
Loss = 7.1055e-02, PNorm = 50.8862, GNorm = 2.5279, lr_0 = 4.3181e-04
Loss = 9.1331e-02, PNorm = 50.8936, GNorm = 2.0078, lr_0 = 4.3203e-04
Loss = 8.8320e-02, PNorm = 50.9017, GNorm = 2.2891, lr_0 = 4.3226e-04
Loss = 8.5054e-02, PNorm = 50.9106, GNorm = 5.1446, lr_0 = 4.3248e-04
Loss = 7.7398e-02, PNorm = 50.9168, GNorm = 3.7353, lr_0 = 4.3271e-04
Loss = 7.6255e-02, PNorm = 50.9223, GNorm = 1.4421, lr_0 = 4.3293e-04
Loss = 7.8691e-02, PNorm = 50.9290, GNorm = 2.7558, lr_0 = 4.3316e-04
Loss = 8.0517e-02, PNorm = 50.9375, GNorm = 2.0853, lr_0 = 4.3338e-04
Loss = 8.1219e-02, PNorm = 50.9425, GNorm = 3.5220, lr_0 = 4.3361e-04
Loss = 7.4954e-02, PNorm = 50.9486, GNorm = 7.0564, lr_0 = 4.3383e-04
Loss = 8.4256e-02, PNorm = 50.9562, GNorm = 3.9737, lr_0 = 4.3406e-04
Loss = 7.8271e-02, PNorm = 50.9604, GNorm = 7.5714, lr_0 = 4.3428e-04
Loss = 9.3528e-02, PNorm = 50.9670, GNorm = 3.4216, lr_0 = 4.3451e-04
Loss = 1.0443e-01, PNorm = 50.9744, GNorm = 8.4365, lr_0 = 4.3473e-04
Loss = 9.3915e-02, PNorm = 50.9830, GNorm = 2.0706, lr_0 = 4.3496e-04
Loss = 8.3316e-02, PNorm = 50.9920, GNorm = 2.6810, lr_0 = 4.3518e-04
Loss = 7.5238e-02, PNorm = 50.9984, GNorm = 7.7327, lr_0 = 4.3541e-04
Loss = 8.2411e-02, PNorm = 51.0072, GNorm = 5.4661, lr_0 = 4.3563e-04
Loss = 7.4495e-02, PNorm = 51.0155, GNorm = 2.4665, lr_0 = 4.3586e-04
Loss = 7.9681e-02, PNorm = 51.0226, GNorm = 6.1701, lr_0 = 4.3608e-04
Loss = 8.4479e-02, PNorm = 51.0307, GNorm = 7.6296, lr_0 = 4.3631e-04
Loss = 8.1264e-02, PNorm = 51.0388, GNorm = 2.2098, lr_0 = 4.3653e-04
Loss = 7.6130e-02, PNorm = 51.0440, GNorm = 4.0975, lr_0 = 4.3676e-04
Loss = 7.6159e-02, PNorm = 51.0500, GNorm = 1.9342, lr_0 = 4.3698e-04
Loss = 8.3000e-02, PNorm = 51.0554, GNorm = 2.5017, lr_0 = 4.3721e-04
Loss = 7.0691e-02, PNorm = 51.0600, GNorm = 2.3498, lr_0 = 4.3743e-04
Loss = 8.0404e-02, PNorm = 51.0652, GNorm = 2.1335, lr_0 = 4.3766e-04
Loss = 7.0171e-02, PNorm = 51.0709, GNorm = 2.4371, lr_0 = 4.3788e-04
Loss = 8.0356e-02, PNorm = 51.0783, GNorm = 3.3974, lr_0 = 4.3811e-04
Loss = 8.7058e-02, PNorm = 51.0857, GNorm = 8.2132, lr_0 = 4.3833e-04
Loss = 8.6567e-02, PNorm = 51.0940, GNorm = 2.4304, lr_0 = 4.3856e-04
Loss = 8.2791e-02, PNorm = 51.1019, GNorm = 9.0706, lr_0 = 4.3878e-04
Loss = 9.7571e-02, PNorm = 51.1102, GNorm = 6.6879, lr_0 = 4.3901e-04
Loss = 9.4306e-02, PNorm = 51.1198, GNorm = 2.4021, lr_0 = 4.3923e-04
Loss = 8.5498e-02, PNorm = 51.1300, GNorm = 2.1152, lr_0 = 4.3946e-04
Loss = 7.4742e-02, PNorm = 51.1398, GNorm = 3.0991, lr_0 = 4.3968e-04
Loss = 7.0767e-02, PNorm = 51.1442, GNorm = 5.0097, lr_0 = 4.3991e-04
Loss = 6.9615e-02, PNorm = 51.1510, GNorm = 1.6445, lr_0 = 4.4013e-04
Loss = 9.1176e-02, PNorm = 51.1562, GNorm = 2.7163, lr_0 = 4.4036e-04
Loss = 8.7023e-02, PNorm = 51.1621, GNorm = 4.5275, lr_0 = 4.4058e-04
Loss = 9.4518e-02, PNorm = 51.1702, GNorm = 7.0534, lr_0 = 4.4081e-04
Loss = 7.2573e-02, PNorm = 51.1785, GNorm = 1.9816, lr_0 = 4.4103e-04
Loss = 6.7337e-02, PNorm = 51.1847, GNorm = 1.2893, lr_0 = 4.4126e-04
Loss = 7.0440e-02, PNorm = 51.1913, GNorm = 5.1385, lr_0 = 4.4148e-04
Loss = 8.5108e-02, PNorm = 51.1975, GNorm = 4.4354, lr_0 = 4.4171e-04
Loss = 6.7320e-02, PNorm = 51.2051, GNorm = 2.4518, lr_0 = 4.4193e-04
Loss = 6.8349e-02, PNorm = 51.2130, GNorm = 1.8195, lr_0 = 4.4216e-04
Loss = 6.6819e-02, PNorm = 51.2186, GNorm = 3.7512, lr_0 = 4.4238e-04
Loss = 6.1178e-02, PNorm = 51.2249, GNorm = 2.6040, lr_0 = 4.4261e-04
Loss = 6.4105e-02, PNorm = 51.2290, GNorm = 3.6440, lr_0 = 4.4283e-04
Loss = 6.3709e-02, PNorm = 51.2346, GNorm = 2.0949, lr_0 = 4.4306e-04
Loss = 6.6956e-02, PNorm = 51.2414, GNorm = 2.5377, lr_0 = 4.4328e-04
Loss = 6.5493e-02, PNorm = 51.2481, GNorm = 2.1922, lr_0 = 4.4351e-04
Loss = 6.0594e-02, PNorm = 51.2545, GNorm = 1.5088, lr_0 = 4.4373e-04
Loss = 6.6527e-02, PNorm = 51.2609, GNorm = 4.3109, lr_0 = 4.4396e-04
Loss = 5.7274e-02, PNorm = 51.2658, GNorm = 1.6328, lr_0 = 4.4419e-04
Loss = 6.0760e-02, PNorm = 51.2695, GNorm = 2.4981, lr_0 = 4.4441e-04
Loss = 6.5698e-02, PNorm = 51.2743, GNorm = 5.7566, lr_0 = 4.4464e-04
Loss = 9.4358e-02, PNorm = 51.2837, GNorm = 8.1919, lr_0 = 4.4486e-04
Loss = 8.4068e-02, PNorm = 51.2945, GNorm = 5.2044, lr_0 = 4.4509e-04
Loss = 7.3632e-02, PNorm = 51.3016, GNorm = 6.2640, lr_0 = 4.4531e-04
Loss = 8.0571e-02, PNorm = 51.3087, GNorm = 3.9376, lr_0 = 4.4554e-04
Loss = 6.7246e-02, PNorm = 51.3157, GNorm = 1.9283, lr_0 = 4.4576e-04
Loss = 5.7338e-02, PNorm = 51.3229, GNorm = 1.6074, lr_0 = 4.4599e-04
Loss = 6.4613e-02, PNorm = 51.3286, GNorm = 1.6060, lr_0 = 4.4621e-04
Loss = 1.1198e-01, PNorm = 51.3371, GNorm = 9.8189, lr_0 = 4.4644e-04
Loss = 1.1008e-01, PNorm = 51.3496, GNorm = 5.0062, lr_0 = 4.4666e-04
Loss = 9.7520e-02, PNorm = 51.3597, GNorm = 11.3701, lr_0 = 4.4689e-04
Loss = 9.1460e-02, PNorm = 51.3689, GNorm = 2.4912, lr_0 = 4.4711e-04
Loss = 7.5046e-02, PNorm = 51.3792, GNorm = 2.2549, lr_0 = 4.4734e-04
Loss = 7.0980e-02, PNorm = 51.3843, GNorm = 2.2601, lr_0 = 4.4756e-04
Loss = 7.0726e-02, PNorm = 51.3914, GNorm = 1.5365, lr_0 = 4.4779e-04
Loss = 6.4046e-02, PNorm = 51.3974, GNorm = 4.1399, lr_0 = 4.4801e-04
Loss = 7.0256e-02, PNorm = 51.4046, GNorm = 2.0980, lr_0 = 4.4824e-04
Loss = 6.8463e-02, PNorm = 51.4104, GNorm = 3.7684, lr_0 = 4.4846e-04
Loss = 8.0273e-02, PNorm = 51.4161, GNorm = 3.0010, lr_0 = 4.4869e-04
Loss = 9.1467e-02, PNorm = 51.4229, GNorm = 3.4555, lr_0 = 4.4891e-04
Loss = 6.9809e-02, PNorm = 51.4323, GNorm = 3.7015, lr_0 = 4.4914e-04
Loss = 7.9729e-02, PNorm = 51.4403, GNorm = 5.3456, lr_0 = 4.4936e-04
Loss = 7.7210e-02, PNorm = 51.4464, GNorm = 2.0131, lr_0 = 4.4959e-04
Loss = 7.8888e-02, PNorm = 51.4516, GNorm = 6.7173, lr_0 = 4.4981e-04
Loss = 7.8147e-02, PNorm = 51.4610, GNorm = 5.7726, lr_0 = 4.5004e-04
Loss = 9.5035e-02, PNorm = 51.4707, GNorm = 3.3465, lr_0 = 4.5026e-04
Loss = 1.0384e-01, PNorm = 51.4785, GNorm = 2.9340, lr_0 = 4.5049e-04
Loss = 7.6625e-02, PNorm = 51.4892, GNorm = 3.3057, lr_0 = 4.5071e-04
Loss = 8.2726e-02, PNorm = 51.4958, GNorm = 2.4317, lr_0 = 4.5094e-04
Loss = 8.1059e-02, PNorm = 51.5015, GNorm = 2.3807, lr_0 = 4.5116e-04
Loss = 6.5946e-02, PNorm = 51.5098, GNorm = 3.1419, lr_0 = 4.5139e-04
Loss = 6.3547e-02, PNorm = 51.5159, GNorm = 1.8060, lr_0 = 4.5161e-04
Loss = 5.9498e-02, PNorm = 51.5204, GNorm = 1.4744, lr_0 = 4.5184e-04
Loss = 6.8605e-02, PNorm = 51.5282, GNorm = 3.8889, lr_0 = 4.5206e-04
Loss = 6.3021e-02, PNorm = 51.5339, GNorm = 3.7688, lr_0 = 4.5229e-04
Loss = 8.4025e-02, PNorm = 51.5410, GNorm = 4.7190, lr_0 = 4.5251e-04
Loss = 6.5059e-02, PNorm = 51.5478, GNorm = 2.8701, lr_0 = 4.5274e-04
Loss = 7.8575e-02, PNorm = 51.5544, GNorm = 4.0199, lr_0 = 4.5296e-04
Loss = 7.0703e-02, PNorm = 51.5601, GNorm = 3.2033, lr_0 = 4.5319e-04
Loss = 7.7189e-02, PNorm = 51.5678, GNorm = 2.9147, lr_0 = 4.5341e-04
Loss = 6.8977e-02, PNorm = 51.5724, GNorm = 4.0156, lr_0 = 4.5364e-04
Loss = 6.3745e-02, PNorm = 51.5832, GNorm = 3.3749, lr_0 = 4.5386e-04
Loss = 7.3344e-02, PNorm = 51.5899, GNorm = 2.7828, lr_0 = 4.5409e-04
Loss = 8.3694e-02, PNorm = 51.5996, GNorm = 5.0928, lr_0 = 4.5431e-04
Loss = 9.7215e-02, PNorm = 51.6083, GNorm = 4.0011, lr_0 = 4.5454e-04
Loss = 8.3561e-02, PNorm = 51.6162, GNorm = 4.7082, lr_0 = 4.5476e-04
Loss = 6.2071e-02, PNorm = 51.6237, GNorm = 5.1961, lr_0 = 4.5499e-04
Loss = 6.2007e-02, PNorm = 51.6299, GNorm = 1.8081, lr_0 = 4.5521e-04
Loss = 6.0573e-02, PNorm = 51.6366, GNorm = 1.6949, lr_0 = 4.5544e-04
Loss = 6.5063e-02, PNorm = 51.6421, GNorm = 1.9510, lr_0 = 4.5566e-04
Loss = 6.4106e-02, PNorm = 51.6472, GNorm = 3.7163, lr_0 = 4.5589e-04
Loss = 6.2098e-02, PNorm = 51.6545, GNorm = 2.4969, lr_0 = 4.5611e-04
Loss = 7.6886e-02, PNorm = 51.6598, GNorm = 2.7881, lr_0 = 4.5634e-04
Loss = 6.3324e-02, PNorm = 51.6676, GNorm = 1.6023, lr_0 = 4.5657e-04
Loss = 5.9087e-02, PNorm = 51.6751, GNorm = 2.7560, lr_0 = 4.5679e-04
Loss = 7.0289e-02, PNorm = 51.6810, GNorm = 5.4957, lr_0 = 4.5702e-04
Loss = 9.0899e-02, PNorm = 51.6865, GNorm = 3.9630, lr_0 = 4.5724e-04
Loss = 8.7779e-02, PNorm = 51.6947, GNorm = 3.0530, lr_0 = 4.5747e-04
Loss = 7.5841e-02, PNorm = 51.7033, GNorm = 2.5187, lr_0 = 4.5769e-04
Loss = 7.4160e-02, PNorm = 51.7154, GNorm = 6.3167, lr_0 = 4.5792e-04
Loss = 7.8238e-02, PNorm = 51.7244, GNorm = 3.1350, lr_0 = 4.5814e-04
Loss = 6.6925e-02, PNorm = 51.7293, GNorm = 2.9044, lr_0 = 4.5837e-04
Loss = 6.5580e-02, PNorm = 51.7385, GNorm = 1.5447, lr_0 = 4.5859e-04
Loss = 7.1054e-02, PNorm = 51.7475, GNorm = 5.0933, lr_0 = 4.5882e-04
Loss = 9.3668e-02, PNorm = 51.7545, GNorm = 3.0968, lr_0 = 4.5904e-04
Loss = 6.5352e-02, PNorm = 51.7633, GNorm = 3.1577, lr_0 = 4.5927e-04
Loss = 6.7390e-02, PNorm = 51.7709, GNorm = 4.2976, lr_0 = 4.5949e-04
Loss = 5.6291e-02, PNorm = 51.7786, GNorm = 2.1372, lr_0 = 4.5972e-04
Loss = 6.4174e-02, PNorm = 51.7867, GNorm = 1.7205, lr_0 = 4.5994e-04
Loss = 7.2877e-02, PNorm = 51.7933, GNorm = 6.7526, lr_0 = 4.6017e-04
Loss = 8.0002e-02, PNorm = 51.7993, GNorm = 3.7258, lr_0 = 4.6039e-04
Loss = 8.5332e-02, PNorm = 51.8077, GNorm = 5.0313, lr_0 = 4.6062e-04
Loss = 7.5239e-02, PNorm = 51.8172, GNorm = 2.2955, lr_0 = 4.6084e-04
Loss = 7.0633e-02, PNorm = 51.8254, GNorm = 2.3927, lr_0 = 4.6107e-04
Loss = 6.1621e-02, PNorm = 51.8339, GNorm = 1.6112, lr_0 = 4.6129e-04
Loss = 6.9470e-02, PNorm = 51.8400, GNorm = 1.9205, lr_0 = 4.6152e-04
Loss = 6.5472e-02, PNorm = 51.8490, GNorm = 3.4652, lr_0 = 4.6174e-04
Loss = 5.6912e-02, PNorm = 51.8566, GNorm = 2.0360, lr_0 = 4.6197e-04
Loss = 6.5501e-02, PNorm = 51.8631, GNorm = 1.6759, lr_0 = 4.6219e-04
Loss = 5.8477e-02, PNorm = 51.8681, GNorm = 1.5775, lr_0 = 4.6242e-04
Loss = 6.3684e-02, PNorm = 51.8742, GNorm = 2.8392, lr_0 = 4.6264e-04
Loss = 6.1671e-02, PNorm = 51.8810, GNorm = 5.1974, lr_0 = 4.6287e-04
Loss = 6.1490e-02, PNorm = 51.8893, GNorm = 1.7770, lr_0 = 4.6309e-04
Loss = 6.3472e-02, PNorm = 51.8940, GNorm = 4.0329, lr_0 = 4.6332e-04
Loss = 5.9459e-02, PNorm = 51.9000, GNorm = 2.9940, lr_0 = 4.6354e-04
Loss = 6.0452e-02, PNorm = 51.9084, GNorm = 2.4934, lr_0 = 4.6377e-04
Loss = 7.4258e-02, PNorm = 51.9154, GNorm = 2.7941, lr_0 = 4.6399e-04
Loss = 6.4212e-02, PNorm = 51.9244, GNorm = 3.6282, lr_0 = 4.6422e-04
Loss = 5.0252e-02, PNorm = 51.9318, GNorm = 2.2441, lr_0 = 4.6444e-04
Loss = 6.3081e-02, PNorm = 51.9378, GNorm = 2.2941, lr_0 = 4.6467e-04
Loss = 7.1374e-02, PNorm = 51.9446, GNorm = 1.7985, lr_0 = 4.6489e-04
Loss = 6.0452e-02, PNorm = 51.9499, GNorm = 1.2872, lr_0 = 4.6512e-04
Loss = 5.3352e-02, PNorm = 51.9560, GNorm = 1.4040, lr_0 = 4.6534e-04
Loss = 5.8239e-02, PNorm = 51.9641, GNorm = 1.4557, lr_0 = 4.6557e-04
Loss = 5.7239e-02, PNorm = 51.9687, GNorm = 2.8347, lr_0 = 4.6579e-04
Loss = 6.3868e-02, PNorm = 51.9721, GNorm = 1.3659, lr_0 = 4.6602e-04
Loss = 5.7932e-02, PNorm = 51.9756, GNorm = 1.2111, lr_0 = 4.6624e-04
Loss = 6.9680e-02, PNorm = 51.9842, GNorm = 1.5746, lr_0 = 4.6647e-04
Loss = 7.1016e-02, PNorm = 51.9917, GNorm = 4.2732, lr_0 = 4.6669e-04
Loss = 7.1611e-02, PNorm = 51.9966, GNorm = 1.6504, lr_0 = 4.6692e-04
Loss = 9.1123e-02, PNorm = 52.0066, GNorm = 8.5123, lr_0 = 4.6714e-04
Loss = 9.1075e-02, PNorm = 52.0178, GNorm = 1.6415, lr_0 = 4.6737e-04
Loss = 8.0985e-02, PNorm = 52.0267, GNorm = 4.6047, lr_0 = 4.6759e-04
Loss = 6.2409e-02, PNorm = 52.0360, GNorm = 1.6560, lr_0 = 4.6782e-04
Loss = 6.0986e-02, PNorm = 52.0416, GNorm = 2.5363, lr_0 = 4.6804e-04
Loss = 5.6346e-02, PNorm = 52.0495, GNorm = 1.7193, lr_0 = 4.6827e-04
Loss = 6.3018e-02, PNorm = 52.0579, GNorm = 3.8013, lr_0 = 4.6849e-04
Loss = 5.7316e-02, PNorm = 52.0666, GNorm = 1.9646, lr_0 = 4.6872e-04
Loss = 7.0102e-02, PNorm = 52.0736, GNorm = 4.8792, lr_0 = 4.6895e-04
Loss = 6.4190e-02, PNorm = 52.0856, GNorm = 1.3579, lr_0 = 4.6917e-04
Loss = 7.7970e-02, PNorm = 52.0956, GNorm = 2.2787, lr_0 = 4.6940e-04
Loss = 7.7261e-02, PNorm = 52.1083, GNorm = 1.5441, lr_0 = 4.6962e-04
Loss = 9.4347e-02, PNorm = 52.1170, GNorm = 1.7476, lr_0 = 4.6985e-04
Loss = 6.4349e-02, PNorm = 52.1256, GNorm = 1.5261, lr_0 = 4.7007e-04
Loss = 7.3956e-02, PNorm = 52.1343, GNorm = 3.7311, lr_0 = 4.7030e-04
Loss = 6.8109e-02, PNorm = 52.1416, GNorm = 4.2255, lr_0 = 4.7052e-04
Loss = 6.7367e-02, PNorm = 52.1536, GNorm = 2.5200, lr_0 = 4.7075e-04
Loss = 5.4968e-02, PNorm = 52.1604, GNorm = 1.6883, lr_0 = 4.7097e-04
Loss = 5.1876e-02, PNorm = 52.1665, GNorm = 1.3486, lr_0 = 4.7120e-04
Loss = 5.7994e-02, PNorm = 52.1724, GNorm = 3.4937, lr_0 = 4.7142e-04
Loss = 6.6277e-02, PNorm = 52.1767, GNorm = 1.6841, lr_0 = 4.7165e-04
Loss = 5.2576e-02, PNorm = 52.1833, GNorm = 1.4545, lr_0 = 4.7187e-04
Loss = 5.8076e-02, PNorm = 52.1912, GNorm = 2.2207, lr_0 = 4.7210e-04
Loss = 5.7825e-02, PNorm = 52.1980, GNorm = 1.8109, lr_0 = 4.7232e-04
Loss = 5.2003e-02, PNorm = 52.2039, GNorm = 2.2719, lr_0 = 4.7255e-04
Loss = 5.7268e-02, PNorm = 52.2118, GNorm = 2.3229, lr_0 = 4.7277e-04
Loss = 6.0731e-02, PNorm = 52.2215, GNorm = 3.0320, lr_0 = 4.7300e-04
Loss = 6.5496e-02, PNorm = 52.2294, GNorm = 1.6613, lr_0 = 4.7322e-04
Loss = 4.9510e-02, PNorm = 52.2367, GNorm = 1.2934, lr_0 = 4.7345e-04
Loss = 5.2461e-02, PNorm = 52.2441, GNorm = 3.4631, lr_0 = 4.7367e-04
Loss = 6.7926e-02, PNorm = 52.2531, GNorm = 1.7237, lr_0 = 4.7390e-04
Loss = 6.2505e-02, PNorm = 52.2596, GNorm = 4.0172, lr_0 = 4.7412e-04
Loss = 7.1007e-02, PNorm = 52.2681, GNorm = 2.7345, lr_0 = 4.7435e-04
Loss = 5.7023e-02, PNorm = 52.2752, GNorm = 1.3350, lr_0 = 4.7457e-04
Loss = 4.8723e-02, PNorm = 52.2847, GNorm = 1.2128, lr_0 = 4.7480e-04
Loss = 7.6216e-02, PNorm = 52.2910, GNorm = 3.6458, lr_0 = 4.7502e-04
Loss = 7.7406e-02, PNorm = 52.2994, GNorm = 2.6088, lr_0 = 4.7525e-04
Loss = 5.8546e-02, PNorm = 52.3067, GNorm = 1.2513, lr_0 = 4.7547e-04
Loss = 5.4625e-02, PNorm = 52.3137, GNorm = 1.1988, lr_0 = 4.7570e-04
Loss = 5.5718e-02, PNorm = 52.3209, GNorm = 1.1142, lr_0 = 4.7592e-04
Loss = 6.0198e-02, PNorm = 52.3266, GNorm = 4.2613, lr_0 = 4.7615e-04
Loss = 6.5612e-02, PNorm = 52.3318, GNorm = 4.3313, lr_0 = 4.7637e-04
Loss = 8.0030e-02, PNorm = 52.3393, GNorm = 3.3919, lr_0 = 4.7660e-04
Loss = 7.2081e-02, PNorm = 52.3498, GNorm = 4.0495, lr_0 = 4.7682e-04
Loss = 6.3442e-02, PNorm = 52.3615, GNorm = 3.4196, lr_0 = 4.7705e-04
Loss = 6.7873e-02, PNorm = 52.3697, GNorm = 2.0926, lr_0 = 4.7727e-04
Loss = 7.3523e-02, PNorm = 52.3760, GNorm = 1.9372, lr_0 = 4.7750e-04
Loss = 7.0972e-02, PNorm = 52.3825, GNorm = 4.5668, lr_0 = 4.7772e-04
Loss = 6.5317e-02, PNorm = 52.3912, GNorm = 1.4639, lr_0 = 4.7795e-04
Loss = 7.1762e-02, PNorm = 52.3996, GNorm = 6.9694, lr_0 = 4.7817e-04
Loss = 6.9037e-02, PNorm = 52.4069, GNorm = 1.6240, lr_0 = 4.7840e-04
Loss = 5.7975e-02, PNorm = 52.4144, GNorm = 1.9738, lr_0 = 4.7862e-04
Loss = 7.0031e-02, PNorm = 52.4242, GNorm = 3.3857, lr_0 = 4.7885e-04
Loss = 5.1006e-02, PNorm = 52.4316, GNorm = 2.1320, lr_0 = 4.7907e-04
Loss = 5.9459e-02, PNorm = 52.4378, GNorm = 3.6397, lr_0 = 4.7930e-04
Loss = 5.9554e-02, PNorm = 52.4470, GNorm = 2.2862, lr_0 = 4.7952e-04
Loss = 7.3591e-02, PNorm = 52.4529, GNorm = 5.2088, lr_0 = 4.7975e-04
Loss = 8.2652e-02, PNorm = 52.4633, GNorm = 5.8417, lr_0 = 4.7997e-04
Loss = 8.4506e-02, PNorm = 52.4746, GNorm = 5.8914, lr_0 = 4.8020e-04
Loss = 6.6628e-02, PNorm = 52.4863, GNorm = 2.1675, lr_0 = 4.8042e-04
Loss = 6.2281e-02, PNorm = 52.4939, GNorm = 1.4324, lr_0 = 4.8065e-04
Loss = 5.2085e-02, PNorm = 52.5003, GNorm = 1.4116, lr_0 = 4.8087e-04
Loss = 5.7209e-02, PNorm = 52.5051, GNorm = 1.4146, lr_0 = 4.8110e-04
Loss = 6.9199e-02, PNorm = 52.5152, GNorm = 4.2570, lr_0 = 4.8133e-04
Loss = 7.3223e-02, PNorm = 52.5281, GNorm = 5.7081, lr_0 = 4.8155e-04
Loss = 7.8064e-02, PNorm = 52.5359, GNorm = 2.3371, lr_0 = 4.8178e-04
Loss = 6.1967e-02, PNorm = 52.5428, GNorm = 2.5369, lr_0 = 4.8200e-04
Loss = 6.2707e-02, PNorm = 52.5498, GNorm = 3.9628, lr_0 = 4.8223e-04
Loss = 6.0119e-02, PNorm = 52.5614, GNorm = 1.6179, lr_0 = 4.8245e-04
Loss = 6.2434e-02, PNorm = 52.5689, GNorm = 4.2836, lr_0 = 4.8268e-04
Loss = 5.6055e-02, PNorm = 52.5737, GNorm = 2.8446, lr_0 = 4.8290e-04
Loss = 6.8367e-02, PNorm = 52.5817, GNorm = 1.9200, lr_0 = 4.8313e-04
Loss = 5.9336e-02, PNorm = 52.5905, GNorm = 2.0588, lr_0 = 4.8335e-04
Loss = 5.2222e-02, PNorm = 52.5989, GNorm = 3.3919, lr_0 = 4.8358e-04
Loss = 5.3649e-02, PNorm = 52.6045, GNorm = 1.5050, lr_0 = 4.8380e-04
Loss = 5.0793e-02, PNorm = 52.6126, GNorm = 0.9718, lr_0 = 4.8403e-04
Loss = 4.8388e-02, PNorm = 52.6199, GNorm = 4.4703, lr_0 = 4.8425e-04
Loss = 6.8491e-02, PNorm = 52.6244, GNorm = 2.7273, lr_0 = 4.8448e-04
Loss = 8.2249e-02, PNorm = 52.6329, GNorm = 3.7257, lr_0 = 4.8470e-04
Loss = 6.5074e-02, PNorm = 52.6410, GNorm = 3.5342, lr_0 = 4.8493e-04
Loss = 6.8940e-02, PNorm = 52.6494, GNorm = 1.2359, lr_0 = 4.8515e-04
Loss = 5.9298e-02, PNorm = 52.6569, GNorm = 5.2527, lr_0 = 4.8538e-04
Loss = 6.9120e-02, PNorm = 52.6666, GNorm = 3.6854, lr_0 = 4.8560e-04
Loss = 6.7599e-02, PNorm = 52.6763, GNorm = 2.6313, lr_0 = 4.8583e-04
Loss = 5.9274e-02, PNorm = 52.6866, GNorm = 2.7677, lr_0 = 4.8605e-04
Loss = 6.5095e-02, PNorm = 52.6983, GNorm = 1.7844, lr_0 = 4.8628e-04
Loss = 8.1329e-02, PNorm = 52.7096, GNorm = 5.6468, lr_0 = 4.8650e-04
Loss = 8.9646e-02, PNorm = 52.7197, GNorm = 5.2845, lr_0 = 4.8673e-04
Loss = 9.4809e-02, PNorm = 52.7312, GNorm = 1.4030, lr_0 = 4.8695e-04
Loss = 1.1469e-01, PNorm = 52.7434, GNorm = 1.7655, lr_0 = 4.8718e-04
Loss = 8.1640e-02, PNorm = 52.7573, GNorm = 6.0060, lr_0 = 4.8740e-04
Loss = 6.1103e-02, PNorm = 52.7694, GNorm = 3.6160, lr_0 = 4.8763e-04
Loss = 5.8640e-02, PNorm = 52.7800, GNorm = 2.9840, lr_0 = 4.8785e-04
Loss = 6.3313e-02, PNorm = 52.7857, GNorm = 3.4747, lr_0 = 4.8808e-04
Loss = 6.2721e-02, PNorm = 52.7916, GNorm = 2.7343, lr_0 = 4.8830e-04
Loss = 5.5040e-02, PNorm = 52.8002, GNorm = 2.2017, lr_0 = 4.8853e-04
Loss = 5.9824e-02, PNorm = 52.8090, GNorm = 2.5786, lr_0 = 4.8875e-04
Loss = 5.1405e-02, PNorm = 52.8184, GNorm = 1.7563, lr_0 = 4.8898e-04
Loss = 5.3498e-02, PNorm = 52.8250, GNorm = 2.2572, lr_0 = 4.8920e-04
Loss = 5.8151e-02, PNorm = 52.8338, GNorm = 5.4598, lr_0 = 4.8943e-04
Loss = 6.9727e-02, PNorm = 52.8413, GNorm = 1.7543, lr_0 = 4.8965e-04
Loss = 7.2260e-02, PNorm = 52.8480, GNorm = 6.3679, lr_0 = 4.8988e-04
Loss = 5.9573e-02, PNorm = 52.8604, GNorm = 1.8449, lr_0 = 4.9010e-04
Loss = 6.8774e-02, PNorm = 52.8684, GNorm = 3.2286, lr_0 = 4.9033e-04
Loss = 5.5725e-02, PNorm = 52.8747, GNorm = 2.2787, lr_0 = 4.9055e-04
Loss = 5.9759e-02, PNorm = 52.8832, GNorm = 2.5512, lr_0 = 4.9078e-04
Loss = 5.3043e-02, PNorm = 52.8906, GNorm = 1.3700, lr_0 = 4.9100e-04
Loss = 5.2206e-02, PNorm = 52.8980, GNorm = 1.5087, lr_0 = 4.9123e-04
Loss = 5.4126e-02, PNorm = 52.9041, GNorm = 1.5979, lr_0 = 4.9145e-04
Loss = 5.2545e-02, PNorm = 52.9116, GNorm = 2.3631, lr_0 = 4.9168e-04
Loss = 4.7944e-02, PNorm = 52.9194, GNorm = 1.2618, lr_0 = 4.9190e-04
Loss = 5.0356e-02, PNorm = 52.9252, GNorm = 2.4353, lr_0 = 4.9213e-04
Loss = 5.4496e-02, PNorm = 52.9289, GNorm = 1.2248, lr_0 = 4.9235e-04
Loss = 4.9281e-02, PNorm = 52.9381, GNorm = 0.8889, lr_0 = 4.9258e-04
Loss = 5.7435e-02, PNorm = 52.9453, GNorm = 4.8225, lr_0 = 4.9280e-04
Loss = 5.3524e-02, PNorm = 52.9518, GNorm = 1.7244, lr_0 = 4.9303e-04
Loss = 5.1125e-02, PNorm = 52.9588, GNorm = 3.5398, lr_0 = 4.9325e-04
Loss = 4.9186e-02, PNorm = 52.9696, GNorm = 1.4129, lr_0 = 4.9348e-04
Loss = 5.8214e-02, PNorm = 52.9784, GNorm = 1.1445, lr_0 = 4.9370e-04
Loss = 5.1471e-02, PNorm = 52.9880, GNorm = 1.1114, lr_0 = 4.9393e-04
Loss = 5.8938e-02, PNorm = 52.9933, GNorm = 1.2226, lr_0 = 4.9416e-04
Loss = 5.0876e-02, PNorm = 53.0018, GNorm = 1.4477, lr_0 = 4.9438e-04
Loss = 5.6504e-02, PNorm = 53.0092, GNorm = 1.1637, lr_0 = 4.9461e-04
Loss = 6.1508e-02, PNorm = 53.0163, GNorm = 5.8182, lr_0 = 4.9483e-04
Loss = 5.0896e-02, PNorm = 53.0243, GNorm = 3.2467, lr_0 = 4.9506e-04
Loss = 7.3963e-02, PNorm = 53.0334, GNorm = 4.1146, lr_0 = 4.9528e-04
Loss = 9.8328e-02, PNorm = 53.0463, GNorm = 5.1007, lr_0 = 4.9551e-04
Loss = 7.3532e-02, PNorm = 53.0571, GNorm = 3.3800, lr_0 = 4.9573e-04
Loss = 8.0300e-02, PNorm = 53.0671, GNorm = 3.3213, lr_0 = 4.9596e-04
Loss = 6.6321e-02, PNorm = 53.0790, GNorm = 2.9853, lr_0 = 4.9618e-04
Loss = 5.7909e-02, PNorm = 53.0909, GNorm = 2.9272, lr_0 = 4.9641e-04
Loss = 6.7284e-02, PNorm = 53.1001, GNorm = 2.7417, lr_0 = 4.9663e-04
Loss = 5.7221e-02, PNorm = 53.1082, GNorm = 2.0231, lr_0 = 4.9686e-04
Loss = 5.5005e-02, PNorm = 53.1184, GNorm = 2.2192, lr_0 = 4.9708e-04
Loss = 5.0386e-02, PNorm = 53.1273, GNorm = 1.5272, lr_0 = 4.9731e-04
Loss = 6.1941e-02, PNorm = 53.1396, GNorm = 1.9106, lr_0 = 4.9753e-04
Loss = 5.4605e-02, PNorm = 53.1479, GNorm = 1.1257, lr_0 = 4.9776e-04
Loss = 5.8102e-02, PNorm = 53.1522, GNorm = 1.3492, lr_0 = 4.9798e-04
Loss = 5.5480e-02, PNorm = 53.1618, GNorm = 2.2175, lr_0 = 4.9821e-04
Loss = 5.3258e-02, PNorm = 53.1698, GNorm = 2.7952, lr_0 = 4.9843e-04
Loss = 7.1461e-02, PNorm = 53.1794, GNorm = 1.4063, lr_0 = 4.9866e-04
Loss = 6.1266e-02, PNorm = 53.1887, GNorm = 3.1096, lr_0 = 4.9888e-04
Loss = 6.3354e-02, PNorm = 53.1960, GNorm = 3.4392, lr_0 = 4.9911e-04
Loss = 6.4003e-02, PNorm = 53.2061, GNorm = 2.3273, lr_0 = 4.9933e-04
Loss = 5.7477e-02, PNorm = 53.2153, GNorm = 2.6576, lr_0 = 4.9956e-04
Loss = 6.0512e-02, PNorm = 53.2221, GNorm = 1.5114, lr_0 = 4.9978e-04
Loss = 5.4975e-02, PNorm = 53.2281, GNorm = 1.5430, lr_0 = 5.0001e-04
Loss = 6.5652e-02, PNorm = 53.2354, GNorm = 4.5454, lr_0 = 5.0023e-04
Loss = 7.4274e-02, PNorm = 53.2461, GNorm = 6.2275, lr_0 = 5.0046e-04
Loss = 8.6610e-02, PNorm = 53.2582, GNorm = 1.4167, lr_0 = 5.0068e-04
Loss = 6.1930e-02, PNorm = 53.2686, GNorm = 3.6008, lr_0 = 5.0091e-04
Loss = 5.5565e-02, PNorm = 53.2782, GNorm = 1.9643, lr_0 = 5.0113e-04
Loss = 5.4169e-02, PNorm = 53.2881, GNorm = 1.9746, lr_0 = 5.0136e-04
Loss = 6.9552e-02, PNorm = 53.2947, GNorm = 4.1589, lr_0 = 5.0158e-04
Loss = 5.6493e-02, PNorm = 53.3044, GNorm = 1.2878, lr_0 = 5.0181e-04
Loss = 6.6304e-02, PNorm = 53.3126, GNorm = 3.7244, lr_0 = 5.0203e-04
Loss = 4.9524e-02, PNorm = 53.3237, GNorm = 2.6269, lr_0 = 5.0226e-04
Loss = 5.9467e-02, PNorm = 53.3329, GNorm = 1.8662, lr_0 = 5.0248e-04
Loss = 5.8389e-02, PNorm = 53.3395, GNorm = 4.3318, lr_0 = 5.0271e-04
Loss = 6.6777e-02, PNorm = 53.3460, GNorm = 4.4382, lr_0 = 5.0293e-04
Loss = 5.6468e-02, PNorm = 53.3542, GNorm = 1.2168, lr_0 = 5.0316e-04
Loss = 5.1926e-02, PNorm = 53.3643, GNorm = 2.6769, lr_0 = 5.0338e-04
Loss = 6.6769e-02, PNorm = 53.3733, GNorm = 1.9578, lr_0 = 5.0361e-04
Loss = 6.0860e-02, PNorm = 53.3814, GNorm = 1.8015, lr_0 = 5.0383e-04
Loss = 5.9219e-02, PNorm = 53.3927, GNorm = 4.2150, lr_0 = 5.0406e-04
Loss = 6.4009e-02, PNorm = 53.4047, GNorm = 1.3699, lr_0 = 5.0428e-04
Loss = 5.6769e-02, PNorm = 53.4131, GNorm = 1.7377, lr_0 = 5.0451e-04
Loss = 6.2883e-02, PNorm = 53.4178, GNorm = 5.2416, lr_0 = 5.0473e-04
Loss = 6.0162e-02, PNorm = 53.4253, GNorm = 3.7932, lr_0 = 5.0496e-04
Loss = 5.6784e-02, PNorm = 53.4347, GNorm = 1.6578, lr_0 = 5.0518e-04
Loss = 5.8226e-02, PNorm = 53.4463, GNorm = 1.8346, lr_0 = 5.0541e-04
Loss = 5.2843e-02, PNorm = 53.4553, GNorm = 2.3305, lr_0 = 5.0563e-04
Loss = 5.5949e-02, PNorm = 53.4627, GNorm = 2.3630, lr_0 = 5.0586e-04
Loss = 5.8762e-02, PNorm = 53.4707, GNorm = 1.6988, lr_0 = 5.0608e-04
Loss = 5.4354e-02, PNorm = 53.4805, GNorm = 2.0910, lr_0 = 5.0631e-04
Loss = 5.4034e-02, PNorm = 53.4908, GNorm = 4.4209, lr_0 = 5.0654e-04
Loss = 6.2093e-02, PNorm = 53.4994, GNorm = 2.1984, lr_0 = 5.0676e-04
Loss = 5.7410e-02, PNorm = 53.5053, GNorm = 2.0083, lr_0 = 5.0699e-04
Loss = 6.0597e-02, PNorm = 53.5111, GNorm = 1.4481, lr_0 = 5.0721e-04
Loss = 8.4934e-02, PNorm = 53.5227, GNorm = 6.5803, lr_0 = 5.0744e-04
Loss = 7.3214e-02, PNorm = 53.5356, GNorm = 3.7132, lr_0 = 5.0766e-04
Loss = 9.1718e-02, PNorm = 53.5491, GNorm = 1.7727, lr_0 = 5.0789e-04
Loss = 6.9431e-02, PNorm = 53.5621, GNorm = 2.4293, lr_0 = 5.0811e-04
Loss = 6.1808e-02, PNorm = 53.5725, GNorm = 2.0622, lr_0 = 5.0834e-04
Loss = 5.3890e-02, PNorm = 53.5819, GNorm = 2.9935, lr_0 = 5.0856e-04
Loss = 6.0825e-02, PNorm = 53.5914, GNorm = 2.9919, lr_0 = 5.0879e-04
Loss = 5.8855e-02, PNorm = 53.5969, GNorm = 2.6815, lr_0 = 5.0901e-04
Loss = 6.5896e-02, PNorm = 53.6069, GNorm = 3.1253, lr_0 = 5.0924e-04
Loss = 6.6881e-02, PNorm = 53.6169, GNorm = 4.4597, lr_0 = 5.0946e-04
Loss = 5.7783e-02, PNorm = 53.6262, GNorm = 1.8916, lr_0 = 5.0969e-04
Loss = 6.4027e-02, PNorm = 53.6368, GNorm = 1.1995, lr_0 = 5.0991e-04
Loss = 6.1766e-02, PNorm = 53.6453, GNorm = 5.8461, lr_0 = 5.1014e-04
Loss = 7.1292e-02, PNorm = 53.6561, GNorm = 1.5449, lr_0 = 5.1036e-04
Loss = 5.6863e-02, PNorm = 53.6664, GNorm = 1.1225, lr_0 = 5.1059e-04
Loss = 7.2299e-02, PNorm = 53.6758, GNorm = 6.1207, lr_0 = 5.1081e-04
Loss = 7.2483e-02, PNorm = 53.6859, GNorm = 3.0258, lr_0 = 5.1104e-04
Loss = 5.8414e-02, PNorm = 53.6955, GNorm = 4.4114, lr_0 = 5.1126e-04
Loss = 5.3800e-02, PNorm = 53.7067, GNorm = 2.5809, lr_0 = 5.1149e-04
Loss = 6.2764e-02, PNorm = 53.7169, GNorm = 1.7855, lr_0 = 5.1171e-04
Loss = 5.1340e-02, PNorm = 53.7280, GNorm = 3.6551, lr_0 = 5.1194e-04
Loss = 4.5441e-02, PNorm = 53.7352, GNorm = 1.8924, lr_0 = 5.1216e-04
Loss = 5.5415e-02, PNorm = 53.7440, GNorm = 1.3104, lr_0 = 5.1239e-04
Loss = 5.3488e-02, PNorm = 53.7489, GNorm = 2.6219, lr_0 = 5.1261e-04
Loss = 5.6793e-02, PNorm = 53.7575, GNorm = 2.3502, lr_0 = 5.1284e-04
Loss = 5.3154e-02, PNorm = 53.7668, GNorm = 2.5946, lr_0 = 5.1306e-04
Loss = 6.0916e-02, PNorm = 53.7759, GNorm = 1.4239, lr_0 = 5.1329e-04
Loss = 5.2708e-02, PNorm = 53.7870, GNorm = 3.4419, lr_0 = 5.1351e-04
Loss = 6.3305e-02, PNorm = 53.7960, GNorm = 4.1602, lr_0 = 5.1374e-04
Loss = 5.4872e-02, PNorm = 53.8058, GNorm = 1.7965, lr_0 = 5.1396e-04
Loss = 4.3470e-02, PNorm = 53.8129, GNorm = 1.0938, lr_0 = 5.1419e-04
Loss = 5.1914e-02, PNorm = 53.8206, GNorm = 2.5767, lr_0 = 5.1441e-04
Loss = 5.4908e-02, PNorm = 53.8282, GNorm = 3.3345, lr_0 = 5.1464e-04
Loss = 4.8968e-02, PNorm = 53.8360, GNorm = 1.4974, lr_0 = 5.1486e-04
Loss = 6.3012e-02, PNorm = 53.8421, GNorm = 1.9174, lr_0 = 5.1509e-04
Loss = 5.5745e-02, PNorm = 53.8506, GNorm = 4.1118, lr_0 = 5.1531e-04
Loss = 4.9491e-02, PNorm = 53.8579, GNorm = 1.3845, lr_0 = 5.1554e-04
Loss = 5.6785e-02, PNorm = 53.8675, GNorm = 2.5031, lr_0 = 5.1576e-04
Loss = 4.9183e-02, PNorm = 53.8758, GNorm = 2.6261, lr_0 = 5.1599e-04
Loss = 5.0846e-02, PNorm = 53.8853, GNorm = 1.1145, lr_0 = 5.1621e-04
Loss = 5.6694e-02, PNorm = 53.8935, GNorm = 2.9637, lr_0 = 5.1644e-04
Loss = 5.1629e-02, PNorm = 53.9020, GNorm = 1.8142, lr_0 = 5.1666e-04
Loss = 4.9255e-02, PNorm = 53.9091, GNorm = 1.8144, lr_0 = 5.1689e-04
Loss = 5.1691e-02, PNorm = 53.9171, GNorm = 4.4103, lr_0 = 5.1711e-04
Loss = 4.6544e-02, PNorm = 53.9252, GNorm = 1.8961, lr_0 = 5.1734e-04
Loss = 5.0356e-02, PNorm = 53.9324, GNorm = 1.2773, lr_0 = 5.1756e-04
Loss = 5.1383e-02, PNorm = 53.9405, GNorm = 1.5347, lr_0 = 5.1779e-04
Loss = 5.3127e-02, PNorm = 53.9517, GNorm = 1.3884, lr_0 = 5.1801e-04
Loss = 5.8601e-02, PNorm = 53.9595, GNorm = 4.3172, lr_0 = 5.1824e-04
Loss = 8.3925e-02, PNorm = 53.9738, GNorm = 5.7478, lr_0 = 5.1846e-04
Loss = 7.9264e-02, PNorm = 53.9885, GNorm = 3.2849, lr_0 = 5.1869e-04
Loss = 5.9520e-02, PNorm = 54.0005, GNorm = 3.2444, lr_0 = 5.1892e-04
Loss = 6.3230e-02, PNorm = 54.0118, GNorm = 1.8773, lr_0 = 5.1914e-04
Loss = 5.2966e-02, PNorm = 54.0194, GNorm = 3.5893, lr_0 = 5.1937e-04
Loss = 4.8965e-02, PNorm = 54.0302, GNorm = 3.5808, lr_0 = 5.1959e-04
Loss = 6.9442e-02, PNorm = 54.0402, GNorm = 2.0047, lr_0 = 5.1982e-04
Loss = 5.8146e-02, PNorm = 54.0501, GNorm = 3.3630, lr_0 = 5.2004e-04
Loss = 5.6838e-02, PNorm = 54.0594, GNorm = 1.8111, lr_0 = 5.2027e-04
Loss = 4.5038e-02, PNorm = 54.0701, GNorm = 1.3177, lr_0 = 5.2049e-04
Loss = 6.1510e-02, PNorm = 54.0765, GNorm = 3.8471, lr_0 = 5.2072e-04
Loss = 4.8117e-02, PNorm = 54.0871, GNorm = 1.0604, lr_0 = 5.2094e-04
Loss = 5.2818e-02, PNorm = 54.0955, GNorm = 1.3705, lr_0 = 5.2117e-04
Loss = 5.8759e-02, PNorm = 54.1045, GNorm = 4.6993, lr_0 = 5.2139e-04
Loss = 7.3137e-02, PNorm = 54.1182, GNorm = 1.3375, lr_0 = 5.2162e-04
Loss = 6.9115e-02, PNorm = 54.1327, GNorm = 4.3190, lr_0 = 5.2184e-04
Loss = 6.2026e-02, PNorm = 54.1455, GNorm = 1.5229, lr_0 = 5.2207e-04
Loss = 7.3836e-02, PNorm = 54.1566, GNorm = 1.7506, lr_0 = 5.2229e-04
Loss = 5.3278e-02, PNorm = 54.1689, GNorm = 1.7665, lr_0 = 5.2252e-04
Loss = 5.6057e-02, PNorm = 54.1759, GNorm = 4.3944, lr_0 = 5.2274e-04
Loss = 5.0960e-02, PNorm = 54.1831, GNorm = 0.9059, lr_0 = 5.2297e-04
Loss = 5.7573e-02, PNorm = 54.1958, GNorm = 3.9751, lr_0 = 5.2319e-04
Loss = 5.4998e-02, PNorm = 54.2101, GNorm = 1.6001, lr_0 = 5.2342e-04
Loss = 5.1586e-02, PNorm = 54.2176, GNorm = 2.0683, lr_0 = 5.2364e-04
Loss = 4.6681e-02, PNorm = 54.2226, GNorm = 2.1940, lr_0 = 5.2387e-04
Loss = 4.6161e-02, PNorm = 54.2300, GNorm = 1.5684, lr_0 = 5.2409e-04
Loss = 4.8022e-02, PNorm = 54.2380, GNorm = 2.1879, lr_0 = 5.2432e-04
Loss = 5.8424e-02, PNorm = 54.2480, GNorm = 4.0480, lr_0 = 5.2454e-04
Loss = 5.7922e-02, PNorm = 54.2590, GNorm = 4.4979, lr_0 = 5.2477e-04
Loss = 5.3131e-02, PNorm = 54.2703, GNorm = 3.9652, lr_0 = 5.2499e-04
Loss = 5.5224e-02, PNorm = 54.2790, GNorm = 1.9478, lr_0 = 5.2522e-04
Loss = 5.2579e-02, PNorm = 54.2876, GNorm = 1.7206, lr_0 = 5.2544e-04
Loss = 5.1997e-02, PNorm = 54.2973, GNorm = 1.0823, lr_0 = 5.2567e-04
Loss = 4.7632e-02, PNorm = 54.3071, GNorm = 0.9701, lr_0 = 5.2589e-04
Loss = 4.7047e-02, PNorm = 54.3157, GNorm = 2.6084, lr_0 = 5.2612e-04
Loss = 4.6682e-02, PNorm = 54.3225, GNorm = 1.4953, lr_0 = 5.2634e-04
Loss = 4.8457e-02, PNorm = 54.3315, GNorm = 1.0218, lr_0 = 5.2657e-04
Loss = 5.2074e-02, PNorm = 54.3413, GNorm = 1.2895, lr_0 = 5.2679e-04
Loss = 5.0096e-02, PNorm = 54.3525, GNorm = 2.3226, lr_0 = 5.2702e-04
Loss = 5.9192e-02, PNorm = 54.3613, GNorm = 2.5543, lr_0 = 5.2724e-04
Loss = 5.3726e-02, PNorm = 54.3689, GNorm = 3.8822, lr_0 = 5.2747e-04
Loss = 4.8372e-02, PNorm = 54.3767, GNorm = 2.6213, lr_0 = 5.2769e-04
Loss = 5.9463e-02, PNorm = 54.3854, GNorm = 2.7874, lr_0 = 5.2792e-04
Loss = 5.7450e-02, PNorm = 54.3948, GNorm = 2.8694, lr_0 = 5.2814e-04
Loss = 6.2729e-02, PNorm = 54.4049, GNorm = 2.8243, lr_0 = 5.2837e-04
Loss = 6.7524e-02, PNorm = 54.4131, GNorm = 4.9054, lr_0 = 5.2859e-04
Loss = 5.8316e-02, PNorm = 54.4246, GNorm = 2.1996, lr_0 = 5.2882e-04
Loss = 4.9034e-02, PNorm = 54.4332, GNorm = 1.4855, lr_0 = 5.2904e-04
Loss = 5.3053e-02, PNorm = 54.4406, GNorm = 1.3447, lr_0 = 5.2927e-04
Loss = 4.3191e-02, PNorm = 54.4512, GNorm = 1.6788, lr_0 = 5.2949e-04
Loss = 5.2717e-02, PNorm = 54.4600, GNorm = 3.6724, lr_0 = 5.2972e-04
Loss = 4.7278e-02, PNorm = 54.4661, GNorm = 2.1107, lr_0 = 5.2994e-04
Loss = 4.0152e-02, PNorm = 54.4752, GNorm = 1.1942, lr_0 = 5.3017e-04
Loss = 4.9818e-02, PNorm = 54.4846, GNorm = 1.3870, lr_0 = 5.3039e-04
Loss = 5.1003e-02, PNorm = 54.4958, GNorm = 3.2784, lr_0 = 5.3062e-04
Loss = 5.6263e-02, PNorm = 54.5039, GNorm = 1.7837, lr_0 = 5.3084e-04
Loss = 5.2433e-02, PNorm = 54.5130, GNorm = 2.3480, lr_0 = 5.3107e-04
Loss = 5.4892e-02, PNorm = 54.5256, GNorm = 1.3370, lr_0 = 5.3130e-04
Loss = 6.4520e-02, PNorm = 54.5388, GNorm = 1.9696, lr_0 = 5.3152e-04
Loss = 6.2568e-02, PNorm = 54.5495, GNorm = 2.2003, lr_0 = 5.3175e-04
Loss = 4.9521e-02, PNorm = 54.5610, GNorm = 1.4056, lr_0 = 5.3197e-04
Loss = 4.8984e-02, PNorm = 54.5683, GNorm = 0.9678, lr_0 = 5.3220e-04
Loss = 5.1680e-02, PNorm = 54.5760, GNorm = 3.9010, lr_0 = 5.3242e-04
Loss = 6.3022e-02, PNorm = 54.5879, GNorm = 4.6144, lr_0 = 5.3265e-04
Loss = 5.1433e-02, PNorm = 54.5974, GNorm = 0.9629, lr_0 = 5.3287e-04
Loss = 5.5209e-02, PNorm = 54.6092, GNorm = 4.1961, lr_0 = 5.3310e-04
Loss = 5.7884e-02, PNorm = 54.6200, GNorm = 4.4030, lr_0 = 5.3332e-04
Loss = 6.0326e-02, PNorm = 54.6280, GNorm = 2.5569, lr_0 = 5.3355e-04
Loss = 6.2368e-02, PNorm = 54.6408, GNorm = 3.0960, lr_0 = 5.3377e-04
Loss = 6.4211e-02, PNorm = 54.6525, GNorm = 3.6853, lr_0 = 5.3400e-04
Loss = 6.0474e-02, PNorm = 54.6638, GNorm = 1.0545, lr_0 = 5.3422e-04
Loss = 5.0585e-02, PNorm = 54.6717, GNorm = 2.2233, lr_0 = 5.3445e-04
Loss = 6.1116e-02, PNorm = 54.6798, GNorm = 2.3677, lr_0 = 5.3467e-04
Loss = 6.4437e-02, PNorm = 54.6922, GNorm = 1.8865, lr_0 = 5.3490e-04
Loss = 6.1648e-02, PNorm = 54.7015, GNorm = 2.2735, lr_0 = 5.3512e-04
Loss = 5.1279e-02, PNorm = 54.7110, GNorm = 1.7829, lr_0 = 5.3535e-04
Loss = 4.5364e-02, PNorm = 54.7178, GNorm = 2.5472, lr_0 = 5.3557e-04
Loss = 5.4748e-02, PNorm = 54.7273, GNorm = 1.4246, lr_0 = 5.3580e-04
Loss = 5.7365e-02, PNorm = 54.7344, GNorm = 2.3519, lr_0 = 5.3602e-04
Loss = 5.6601e-02, PNorm = 54.7455, GNorm = 1.9908, lr_0 = 5.3625e-04
Loss = 6.1440e-02, PNorm = 54.7561, GNorm = 2.4728, lr_0 = 5.3647e-04
Loss = 5.0360e-02, PNorm = 54.7701, GNorm = 1.7974, lr_0 = 5.3670e-04
Loss = 4.4758e-02, PNorm = 54.7808, GNorm = 0.9325, lr_0 = 5.3692e-04
Loss = 4.8383e-02, PNorm = 54.7878, GNorm = 2.4194, lr_0 = 5.3715e-04
Loss = 5.7015e-02, PNorm = 54.8000, GNorm = 2.3019, lr_0 = 5.3737e-04
Loss = 5.5043e-02, PNorm = 54.8106, GNorm = 3.1978, lr_0 = 5.3760e-04
Loss = 6.5556e-02, PNorm = 54.8194, GNorm = 3.5361, lr_0 = 5.3782e-04
Loss = 5.1453e-02, PNorm = 54.8306, GNorm = 1.0565, lr_0 = 5.3805e-04
Loss = 5.3802e-02, PNorm = 54.8404, GNorm = 1.2140, lr_0 = 5.3827e-04
Loss = 4.7800e-02, PNorm = 54.8510, GNorm = 2.7534, lr_0 = 5.3850e-04
Loss = 4.1445e-02, PNorm = 54.8623, GNorm = 0.8409, lr_0 = 5.3872e-04
Loss = 4.8826e-02, PNorm = 54.8691, GNorm = 2.7467, lr_0 = 5.3895e-04
Loss = 4.0806e-02, PNorm = 54.8754, GNorm = 1.3009, lr_0 = 5.3917e-04
Loss = 4.0149e-02, PNorm = 54.8800, GNorm = 1.7325, lr_0 = 5.3940e-04
Loss = 4.1331e-02, PNorm = 54.8880, GNorm = 1.4075, lr_0 = 5.3962e-04
Loss = 3.9747e-02, PNorm = 54.8954, GNorm = 1.5559, lr_0 = 5.3985e-04
Loss = 3.7227e-02, PNorm = 54.9028, GNorm = 1.1339, lr_0 = 5.4007e-04
Loss = 5.1342e-02, PNorm = 54.9110, GNorm = 3.0398, lr_0 = 5.4030e-04
Loss = 5.1761e-02, PNorm = 54.9196, GNorm = 3.8015, lr_0 = 5.4052e-04
Loss = 4.6434e-02, PNorm = 54.9259, GNorm = 1.2645, lr_0 = 5.4075e-04
Loss = 4.4478e-02, PNorm = 54.9323, GNorm = 2.3349, lr_0 = 5.4097e-04
Loss = 4.0004e-02, PNorm = 54.9387, GNorm = 1.4960, lr_0 = 5.4120e-04
Loss = 5.1036e-02, PNorm = 54.9463, GNorm = 3.6724, lr_0 = 5.4142e-04
Loss = 4.6895e-02, PNorm = 54.9578, GNorm = 4.2352, lr_0 = 5.4165e-04
Loss = 4.5137e-02, PNorm = 54.9652, GNorm = 2.7053, lr_0 = 5.4187e-04
Loss = 5.8573e-02, PNorm = 54.9749, GNorm = 6.2651, lr_0 = 5.4210e-04
Loss = 5.7043e-02, PNorm = 54.9854, GNorm = 1.6713, lr_0 = 5.4232e-04
Loss = 5.1427e-02, PNorm = 54.9977, GNorm = 1.6572, lr_0 = 5.4255e-04
Loss = 4.1690e-02, PNorm = 55.0086, GNorm = 1.3605, lr_0 = 5.4277e-04
Loss = 5.1058e-02, PNorm = 55.0193, GNorm = 1.2937, lr_0 = 5.4300e-04
Loss = 4.7542e-02, PNorm = 55.0270, GNorm = 1.7399, lr_0 = 5.4322e-04
Loss = 6.1572e-02, PNorm = 55.0378, GNorm = 3.8764, lr_0 = 5.4345e-04
Loss = 5.3739e-02, PNorm = 55.0515, GNorm = 2.1695, lr_0 = 5.4367e-04
Loss = 5.2706e-02, PNorm = 55.0654, GNorm = 2.4954, lr_0 = 5.4390e-04
Loss = 5.8309e-02, PNorm = 55.0782, GNorm = 3.1293, lr_0 = 5.4413e-04
Loss = 4.6166e-02, PNorm = 55.0877, GNorm = 0.9113, lr_0 = 5.4435e-04
Loss = 4.1186e-02, PNorm = 55.0977, GNorm = 1.4671, lr_0 = 5.4458e-04
Loss = 4.3468e-02, PNorm = 55.1053, GNorm = 2.3929, lr_0 = 5.4480e-04
Loss = 4.7165e-02, PNorm = 55.1140, GNorm = 2.9964, lr_0 = 5.4503e-04
Loss = 4.7482e-02, PNorm = 55.1223, GNorm = 1.6462, lr_0 = 5.4525e-04
Loss = 4.7477e-02, PNorm = 55.1305, GNorm = 4.7915, lr_0 = 5.4548e-04
Loss = 5.4758e-02, PNorm = 55.1390, GNorm = 1.6428, lr_0 = 5.4570e-04
Loss = 4.1531e-02, PNorm = 55.1493, GNorm = 1.7221, lr_0 = 5.4593e-04
Loss = 3.8975e-02, PNorm = 55.1599, GNorm = 1.7438, lr_0 = 5.4615e-04
Loss = 4.3092e-02, PNorm = 55.1685, GNorm = 2.0989, lr_0 = 5.4638e-04
Loss = 4.5645e-02, PNorm = 55.1765, GNorm = 1.1727, lr_0 = 5.4660e-04
Loss = 4.5300e-02, PNorm = 55.1835, GNorm = 1.2215, lr_0 = 5.4683e-04
Loss = 4.5427e-02, PNorm = 55.1886, GNorm = 2.3654, lr_0 = 5.4705e-04
Loss = 3.9005e-02, PNorm = 55.1963, GNorm = 1.4535, lr_0 = 5.4728e-04
Loss = 4.2159e-02, PNorm = 55.2011, GNorm = 1.9014, lr_0 = 5.4750e-04
Loss = 5.0672e-02, PNorm = 55.2083, GNorm = 4.4237, lr_0 = 5.4773e-04
Loss = 4.7937e-02, PNorm = 55.2197, GNorm = 1.3923, lr_0 = 5.4795e-04
Loss = 5.0017e-02, PNorm = 55.2289, GNorm = 3.9952, lr_0 = 5.4818e-04
Loss = 4.4740e-02, PNorm = 55.2405, GNorm = 1.1349, lr_0 = 5.4840e-04
Loss = 5.0757e-02, PNorm = 55.2475, GNorm = 2.3633, lr_0 = 5.4863e-04
Loss = 5.9521e-02, PNorm = 55.2583, GNorm = 2.4447, lr_0 = 5.4885e-04
Loss = 6.6296e-02, PNorm = 55.2673, GNorm = 3.1058, lr_0 = 5.4908e-04
Loss = 5.2027e-02, PNorm = 55.2790, GNorm = 3.2843, lr_0 = 5.4930e-04
Loss = 4.8376e-02, PNorm = 55.2881, GNorm = 2.1775, lr_0 = 5.4953e-04
Loss = 5.0637e-02, PNorm = 55.3022, GNorm = 2.4846, lr_0 = 5.4975e-04
Loss = 5.6024e-02, PNorm = 55.3113, GNorm = 2.4775, lr_0 = 5.4998e-04
Validation r2 = 0.956198
Epoch 1
Loss = 4.3447e-02, PNorm = 55.3217, GNorm = 1.7283, lr_0 = 5.5020e-04
Loss = 4.6558e-02, PNorm = 55.3297, GNorm = 2.3865, lr_0 = 5.5043e-04
Loss = 5.9641e-02, PNorm = 55.3427, GNorm = 1.5676, lr_0 = 5.5065e-04
Loss = 4.8425e-02, PNorm = 55.3578, GNorm = 1.1365, lr_0 = 5.5088e-04
Loss = 5.4263e-02, PNorm = 55.3725, GNorm = 1.7674, lr_0 = 5.5110e-04
Loss = 5.3089e-02, PNorm = 55.3878, GNorm = 1.8612, lr_0 = 5.5133e-04
Loss = 4.6604e-02, PNorm = 55.3981, GNorm = 2.0364, lr_0 = 5.5155e-04
Loss = 4.4535e-02, PNorm = 55.4078, GNorm = 1.3278, lr_0 = 5.5178e-04
Loss = 4.4929e-02, PNorm = 55.4162, GNorm = 1.7056, lr_0 = 5.5200e-04
Loss = 5.1323e-02, PNorm = 55.4248, GNorm = 3.4404, lr_0 = 5.5223e-04
Loss = 5.5738e-02, PNorm = 55.4348, GNorm = 0.8660, lr_0 = 5.5245e-04
Loss = 7.6323e-02, PNorm = 55.4452, GNorm = 6.6138, lr_0 = 5.5268e-04
Loss = 7.0463e-02, PNorm = 55.4585, GNorm = 4.1670, lr_0 = 5.5290e-04
Loss = 5.5322e-02, PNorm = 55.4769, GNorm = 1.1741, lr_0 = 5.5313e-04
Loss = 5.3952e-02, PNorm = 55.4921, GNorm = 1.7894, lr_0 = 5.5335e-04
Loss = 4.4568e-02, PNorm = 55.5046, GNorm = 2.5338, lr_0 = 5.5358e-04
Loss = 5.3206e-02, PNorm = 55.5160, GNorm = 3.7939, lr_0 = 5.5380e-04
Loss = 5.6964e-02, PNorm = 55.5299, GNorm = 2.0742, lr_0 = 5.5403e-04
Loss = 4.9906e-02, PNorm = 55.5424, GNorm = 1.9243, lr_0 = 5.5425e-04
Loss = 4.8472e-02, PNorm = 55.5536, GNorm = 1.9895, lr_0 = 5.5448e-04
Loss = 4.9401e-02, PNorm = 55.5638, GNorm = 1.5484, lr_0 = 5.5470e-04
Loss = 4.7591e-02, PNorm = 55.5742, GNorm = 2.7299, lr_0 = 5.5493e-04
Loss = 4.8886e-02, PNorm = 55.5884, GNorm = 1.6472, lr_0 = 5.5515e-04
Loss = 5.5747e-02, PNorm = 55.5999, GNorm = 1.0295, lr_0 = 5.5538e-04
Loss = 5.0788e-02, PNorm = 55.6104, GNorm = 1.1727, lr_0 = 5.5560e-04
Loss = 5.0190e-02, PNorm = 55.6212, GNorm = 1.5213, lr_0 = 5.5583e-04
Loss = 5.4114e-02, PNorm = 55.6337, GNorm = 3.2018, lr_0 = 5.5605e-04
Loss = 5.5434e-02, PNorm = 55.6475, GNorm = 3.8123, lr_0 = 5.5628e-04
Loss = 5.8524e-02, PNorm = 55.6625, GNorm = 2.4217, lr_0 = 5.5651e-04
Loss = 5.8485e-02, PNorm = 55.6753, GNorm = 1.8406, lr_0 = 5.5673e-04
Loss = 5.4658e-02, PNorm = 55.6911, GNorm = 1.7231, lr_0 = 5.5696e-04
Loss = 4.9283e-02, PNorm = 55.7016, GNorm = 1.2321, lr_0 = 5.5718e-04
Loss = 4.5888e-02, PNorm = 55.7111, GNorm = 1.5301, lr_0 = 5.5741e-04
Loss = 4.4931e-02, PNorm = 55.7204, GNorm = 0.9385, lr_0 = 5.5763e-04
Loss = 4.6279e-02, PNorm = 55.7271, GNorm = 1.5267, lr_0 = 5.5786e-04
Loss = 3.9679e-02, PNorm = 55.7387, GNorm = 1.8051, lr_0 = 5.5808e-04
Loss = 4.2481e-02, PNorm = 55.7469, GNorm = 1.2463, lr_0 = 5.5831e-04
Loss = 3.8621e-02, PNorm = 55.7560, GNorm = 0.9383, lr_0 = 5.5853e-04
Loss = 4.4865e-02, PNorm = 55.7644, GNorm = 0.9658, lr_0 = 5.5876e-04
Loss = 4.6361e-02, PNorm = 55.7746, GNorm = 3.0712, lr_0 = 5.5898e-04
Loss = 4.2563e-02, PNorm = 55.7838, GNorm = 0.7852, lr_0 = 5.5921e-04
Loss = 4.2500e-02, PNorm = 55.7928, GNorm = 2.0239, lr_0 = 5.5943e-04
Loss = 4.2733e-02, PNorm = 55.7990, GNorm = 1.5287, lr_0 = 5.5966e-04
Loss = 4.2804e-02, PNorm = 55.8083, GNorm = 1.3161, lr_0 = 5.5988e-04
Loss = 4.1314e-02, PNorm = 55.8164, GNorm = 1.0146, lr_0 = 5.6011e-04
Loss = 4.0883e-02, PNorm = 55.8256, GNorm = 3.3330, lr_0 = 5.6033e-04
Loss = 4.0468e-02, PNorm = 55.8328, GNorm = 1.8989, lr_0 = 5.6056e-04
Loss = 4.4999e-02, PNorm = 55.8412, GNorm = 1.4747, lr_0 = 5.6078e-04
Loss = 4.4913e-02, PNorm = 55.8533, GNorm = 2.1743, lr_0 = 5.6101e-04
Loss = 4.7786e-02, PNorm = 55.8635, GNorm = 1.9365, lr_0 = 5.6123e-04
Loss = 6.4722e-02, PNorm = 55.8796, GNorm = 0.7838, lr_0 = 5.6146e-04
Loss = 4.4559e-02, PNorm = 55.8925, GNorm = 1.2968, lr_0 = 5.6168e-04
Loss = 4.4079e-02, PNorm = 55.9027, GNorm = 1.0536, lr_0 = 5.6191e-04
Loss = 5.3113e-02, PNorm = 55.9124, GNorm = 0.8097, lr_0 = 5.6213e-04
Loss = 4.6412e-02, PNorm = 55.9211, GNorm = 0.8460, lr_0 = 5.6236e-04
Loss = 3.6187e-02, PNorm = 55.9318, GNorm = 1.2512, lr_0 = 5.6258e-04
Loss = 3.8573e-02, PNorm = 55.9402, GNorm = 0.9427, lr_0 = 5.6281e-04
Loss = 4.1762e-02, PNorm = 55.9469, GNorm = 1.6915, lr_0 = 5.6303e-04
Loss = 4.9541e-02, PNorm = 55.9552, GNorm = 3.2776, lr_0 = 5.6326e-04
Loss = 4.3150e-02, PNorm = 55.9646, GNorm = 1.2239, lr_0 = 5.6348e-04
Loss = 4.0739e-02, PNorm = 55.9736, GNorm = 1.3479, lr_0 = 5.6371e-04
Loss = 5.3809e-02, PNorm = 55.9861, GNorm = 5.6362, lr_0 = 5.6393e-04
Loss = 5.8984e-02, PNorm = 55.9977, GNorm = 3.2225, lr_0 = 5.6416e-04
Loss = 5.1698e-02, PNorm = 56.0084, GNorm = 1.2983, lr_0 = 5.6438e-04
Loss = 4.6779e-02, PNorm = 56.0220, GNorm = 1.1947, lr_0 = 5.6461e-04
Loss = 4.3374e-02, PNorm = 56.0327, GNorm = 2.1000, lr_0 = 5.6483e-04
Loss = 4.0455e-02, PNorm = 56.0399, GNorm = 1.6979, lr_0 = 5.6506e-04
Loss = 4.5582e-02, PNorm = 56.0469, GNorm = 2.0492, lr_0 = 5.6528e-04
Loss = 4.6599e-02, PNorm = 56.0573, GNorm = 1.6660, lr_0 = 5.6551e-04
Loss = 3.8313e-02, PNorm = 56.0671, GNorm = 0.9507, lr_0 = 5.6573e-04
Loss = 3.6522e-02, PNorm = 56.0741, GNorm = 1.8206, lr_0 = 5.6596e-04
Loss = 3.7666e-02, PNorm = 56.0814, GNorm = 2.8791, lr_0 = 5.6618e-04
Loss = 3.7623e-02, PNorm = 56.0910, GNorm = 1.3119, lr_0 = 5.6641e-04
Loss = 3.9921e-02, PNorm = 56.1012, GNorm = 0.9530, lr_0 = 5.6663e-04
Loss = 4.3178e-02, PNorm = 56.1103, GNorm = 1.0770, lr_0 = 5.6686e-04
Loss = 4.2992e-02, PNorm = 56.1193, GNorm = 0.9072, lr_0 = 5.6708e-04
Loss = 4.1254e-02, PNorm = 56.1288, GNorm = 0.9171, lr_0 = 5.6731e-04
Loss = 3.9722e-02, PNorm = 56.1384, GNorm = 1.1980, lr_0 = 5.6753e-04
Loss = 4.5072e-02, PNorm = 56.1480, GNorm = 1.0107, lr_0 = 5.6776e-04
Loss = 3.9498e-02, PNorm = 56.1578, GNorm = 1.4514, lr_0 = 5.6798e-04
Loss = 3.7251e-02, PNorm = 56.1689, GNorm = 0.9643, lr_0 = 5.6821e-04
Loss = 3.8915e-02, PNorm = 56.1800, GNorm = 1.8344, lr_0 = 5.6843e-04
Loss = 3.9462e-02, PNorm = 56.1897, GNorm = 1.1218, lr_0 = 5.6866e-04
Loss = 4.0244e-02, PNorm = 56.1996, GNorm = 0.8130, lr_0 = 5.6889e-04
Loss = 4.3533e-02, PNorm = 56.2076, GNorm = 1.0392, lr_0 = 5.6911e-04
Loss = 4.0145e-02, PNorm = 56.2168, GNorm = 1.0212, lr_0 = 5.6934e-04
Loss = 3.5514e-02, PNorm = 56.2257, GNorm = 1.3342, lr_0 = 5.6956e-04
Loss = 3.5944e-02, PNorm = 56.2337, GNorm = 1.0547, lr_0 = 5.6979e-04
Loss = 4.3069e-02, PNorm = 56.2445, GNorm = 2.9241, lr_0 = 5.7001e-04
Loss = 5.0171e-02, PNorm = 56.2550, GNorm = 2.3938, lr_0 = 5.7024e-04
Loss = 4.6098e-02, PNorm = 56.2656, GNorm = 1.2811, lr_0 = 5.7046e-04
Loss = 3.6261e-02, PNorm = 56.2762, GNorm = 1.3774, lr_0 = 5.7069e-04
Loss = 4.4229e-02, PNorm = 56.2868, GNorm = 3.3125, lr_0 = 5.7091e-04
Loss = 4.1590e-02, PNorm = 56.2973, GNorm = 1.0346, lr_0 = 5.7114e-04
Loss = 4.0183e-02, PNorm = 56.3072, GNorm = 1.7691, lr_0 = 5.7136e-04
Loss = 3.9823e-02, PNorm = 56.3176, GNorm = 2.2695, lr_0 = 5.7159e-04
Loss = 4.5287e-02, PNorm = 56.3284, GNorm = 1.0370, lr_0 = 5.7181e-04
Loss = 4.0005e-02, PNorm = 56.3372, GNorm = 1.1015, lr_0 = 5.7204e-04
Loss = 4.2796e-02, PNorm = 56.3471, GNorm = 1.5147, lr_0 = 5.7226e-04
Loss = 4.0260e-02, PNorm = 56.3582, GNorm = 2.5253, lr_0 = 5.7249e-04
Loss = 4.8714e-02, PNorm = 56.3664, GNorm = 2.0366, lr_0 = 5.7271e-04
Loss = 6.6331e-02, PNorm = 56.3775, GNorm = 3.1953, lr_0 = 5.7294e-04
Loss = 5.3578e-02, PNorm = 56.3924, GNorm = 3.0494, lr_0 = 5.7316e-04
Loss = 5.3462e-02, PNorm = 56.4118, GNorm = 2.2752, lr_0 = 5.7339e-04
Loss = 4.3738e-02, PNorm = 56.4270, GNorm = 1.1370, lr_0 = 5.7361e-04
Loss = 4.9768e-02, PNorm = 56.4395, GNorm = 1.3404, lr_0 = 5.7384e-04
Loss = 4.8051e-02, PNorm = 56.4502, GNorm = 1.2047, lr_0 = 5.7406e-04
Loss = 4.7873e-02, PNorm = 56.4594, GNorm = 2.9740, lr_0 = 5.7429e-04
Loss = 4.4795e-02, PNorm = 56.4705, GNorm = 0.8890, lr_0 = 5.7451e-04
Loss = 4.0800e-02, PNorm = 56.4804, GNorm = 3.1260, lr_0 = 5.7474e-04
Loss = 4.2573e-02, PNorm = 56.4900, GNorm = 2.6899, lr_0 = 5.7496e-04
Loss = 4.0243e-02, PNorm = 56.4989, GNorm = 1.0114, lr_0 = 5.7519e-04
Loss = 4.7948e-02, PNorm = 56.5083, GNorm = 3.5962, lr_0 = 5.7541e-04
Loss = 4.3145e-02, PNorm = 56.5183, GNorm = 0.9258, lr_0 = 5.7564e-04
Loss = 4.1558e-02, PNorm = 56.5271, GNorm = 2.7722, lr_0 = 5.7586e-04
Loss = 4.0750e-02, PNorm = 56.5350, GNorm = 1.1857, lr_0 = 5.7609e-04
Loss = 4.7782e-02, PNorm = 56.5477, GNorm = 4.2576, lr_0 = 5.7631e-04
Loss = 5.1993e-02, PNorm = 56.5639, GNorm = 0.9824, lr_0 = 5.7654e-04
Loss = 4.1906e-02, PNorm = 56.5746, GNorm = 1.0360, lr_0 = 5.7676e-04
Loss = 4.1643e-02, PNorm = 56.5846, GNorm = 3.2522, lr_0 = 5.7699e-04
Loss = 4.1198e-02, PNorm = 56.5966, GNorm = 0.7639, lr_0 = 5.7721e-04
Loss = 5.0592e-02, PNorm = 56.6051, GNorm = 4.4546, lr_0 = 5.7744e-04
Loss = 4.0838e-02, PNorm = 56.6135, GNorm = 1.5095, lr_0 = 5.7766e-04
Loss = 4.4730e-02, PNorm = 56.6251, GNorm = 1.9592, lr_0 = 5.7789e-04
Loss = 4.2712e-02, PNorm = 56.6365, GNorm = 1.2286, lr_0 = 5.7811e-04
Loss = 3.5326e-02, PNorm = 56.6457, GNorm = 1.5483, lr_0 = 5.7834e-04
Loss = 5.0475e-02, PNorm = 56.6594, GNorm = 2.0346, lr_0 = 5.7856e-04
Loss = 4.9856e-02, PNorm = 56.6706, GNorm = 3.1988, lr_0 = 5.7879e-04
Loss = 4.6494e-02, PNorm = 56.6854, GNorm = 1.8222, lr_0 = 5.7901e-04
Loss = 4.2421e-02, PNorm = 56.6969, GNorm = 2.0495, lr_0 = 5.7924e-04
Loss = 4.6810e-02, PNorm = 56.7065, GNorm = 3.0291, lr_0 = 5.7946e-04
Loss = 4.5015e-02, PNorm = 56.7193, GNorm = 0.9057, lr_0 = 5.7969e-04
Loss = 4.6720e-02, PNorm = 56.7317, GNorm = 0.9409, lr_0 = 5.7991e-04
Loss = 4.0181e-02, PNorm = 56.7446, GNorm = 1.9096, lr_0 = 5.8014e-04
Loss = 4.1199e-02, PNorm = 56.7543, GNorm = 3.1591, lr_0 = 5.8036e-04
Loss = 5.1350e-02, PNorm = 56.7645, GNorm = 2.8951, lr_0 = 5.8059e-04
Loss = 6.4417e-02, PNorm = 56.7797, GNorm = 3.5558, lr_0 = 5.8081e-04
Loss = 6.3357e-02, PNorm = 56.7981, GNorm = 1.5966, lr_0 = 5.8104e-04
Loss = 6.4281e-02, PNorm = 56.8158, GNorm = 3.9441, lr_0 = 5.8127e-04
Loss = 5.9349e-02, PNorm = 56.8328, GNorm = 2.5024, lr_0 = 5.8149e-04
Loss = 4.2593e-02, PNorm = 56.8496, GNorm = 2.5805, lr_0 = 5.8172e-04
Loss = 5.3377e-02, PNorm = 56.8644, GNorm = 2.3854, lr_0 = 5.8194e-04
Loss = 4.6115e-02, PNorm = 56.8779, GNorm = 0.9986, lr_0 = 5.8217e-04
Loss = 4.9279e-02, PNorm = 56.8893, GNorm = 2.3585, lr_0 = 5.8239e-04
Loss = 4.1698e-02, PNorm = 56.9026, GNorm = 1.8426, lr_0 = 5.8262e-04
Loss = 5.7503e-02, PNorm = 56.9129, GNorm = 2.8638, lr_0 = 5.8284e-04
Loss = 6.8744e-02, PNorm = 56.9271, GNorm = 2.0886, lr_0 = 5.8307e-04
Loss = 5.4390e-02, PNorm = 56.9410, GNorm = 2.9679, lr_0 = 5.8329e-04
Loss = 5.7222e-02, PNorm = 56.9551, GNorm = 2.8900, lr_0 = 5.8352e-04
Loss = 5.2615e-02, PNorm = 56.9703, GNorm = 2.2833, lr_0 = 5.8374e-04
Loss = 4.9465e-02, PNorm = 56.9833, GNorm = 1.3326, lr_0 = 5.8397e-04
Loss = 4.9364e-02, PNorm = 56.9918, GNorm = 1.2213, lr_0 = 5.8419e-04
Loss = 4.4787e-02, PNorm = 57.0035, GNorm = 1.4154, lr_0 = 5.8442e-04
Loss = 4.3079e-02, PNorm = 57.0148, GNorm = 2.7441, lr_0 = 5.8464e-04
Loss = 4.0885e-02, PNorm = 57.0309, GNorm = 1.8210, lr_0 = 5.8487e-04
Loss = 4.1500e-02, PNorm = 57.0400, GNorm = 0.9679, lr_0 = 5.8509e-04
Loss = 4.0255e-02, PNorm = 57.0513, GNorm = 0.9165, lr_0 = 5.8532e-04
Loss = 3.9530e-02, PNorm = 57.0627, GNorm = 2.8268, lr_0 = 5.8554e-04
Loss = 4.6019e-02, PNorm = 57.0766, GNorm = 0.8618, lr_0 = 5.8577e-04
Loss = 4.1244e-02, PNorm = 57.0851, GNorm = 3.5231, lr_0 = 5.8599e-04
Loss = 4.3256e-02, PNorm = 57.0962, GNorm = 2.3004, lr_0 = 5.8622e-04
Loss = 4.8740e-02, PNorm = 57.1113, GNorm = 2.5992, lr_0 = 5.8644e-04
Loss = 4.1205e-02, PNorm = 57.1241, GNorm = 3.2075, lr_0 = 5.8667e-04
Loss = 3.9867e-02, PNorm = 57.1330, GNorm = 1.5978, lr_0 = 5.8689e-04
Loss = 4.6519e-02, PNorm = 57.1437, GNorm = 0.9368, lr_0 = 5.8712e-04
Loss = 4.1338e-02, PNorm = 57.1555, GNorm = 0.9363, lr_0 = 5.8734e-04
Loss = 3.7500e-02, PNorm = 57.1645, GNorm = 1.4011, lr_0 = 5.8757e-04
Loss = 3.8346e-02, PNorm = 57.1746, GNorm = 1.4578, lr_0 = 5.8779e-04
Loss = 5.3828e-02, PNorm = 57.1860, GNorm = 3.1154, lr_0 = 5.8802e-04
Loss = 5.5984e-02, PNorm = 57.2009, GNorm = 1.9639, lr_0 = 5.8824e-04
Loss = 4.7224e-02, PNorm = 57.2185, GNorm = 0.8288, lr_0 = 5.8847e-04
Loss = 4.5333e-02, PNorm = 57.2333, GNorm = 1.1341, lr_0 = 5.8869e-04
Loss = 4.0029e-02, PNorm = 57.2402, GNorm = 0.9829, lr_0 = 5.8892e-04
Loss = 3.9886e-02, PNorm = 57.2483, GNorm = 3.9655, lr_0 = 5.8914e-04
Loss = 3.8658e-02, PNorm = 57.2565, GNorm = 1.6846, lr_0 = 5.8937e-04
Loss = 3.9337e-02, PNorm = 57.2633, GNorm = 2.6285, lr_0 = 5.8959e-04
Loss = 4.3800e-02, PNorm = 57.2794, GNorm = 3.2242, lr_0 = 5.8982e-04
Loss = 4.3668e-02, PNorm = 57.2907, GNorm = 1.9348, lr_0 = 5.9004e-04
Loss = 4.8008e-02, PNorm = 57.2999, GNorm = 3.2554, lr_0 = 5.9027e-04
Loss = 3.9640e-02, PNorm = 57.3088, GNorm = 1.1206, lr_0 = 5.9049e-04
Loss = 3.4286e-02, PNorm = 57.3178, GNorm = 1.6721, lr_0 = 5.9072e-04
Loss = 3.8629e-02, PNorm = 57.3305, GNorm = 1.0635, lr_0 = 5.9094e-04
Loss = 3.6129e-02, PNorm = 57.3407, GNorm = 2.9090, lr_0 = 5.9117e-04
Loss = 3.9509e-02, PNorm = 57.3476, GNorm = 1.0194, lr_0 = 5.9139e-04
Loss = 3.4056e-02, PNorm = 57.3567, GNorm = 1.9873, lr_0 = 5.9162e-04
Loss = 4.1973e-02, PNorm = 57.3682, GNorm = 1.3943, lr_0 = 5.9184e-04
Loss = 4.8376e-02, PNorm = 57.3836, GNorm = 1.4286, lr_0 = 5.9207e-04
Loss = 3.5851e-02, PNorm = 57.3939, GNorm = 1.0758, lr_0 = 5.9229e-04
Loss = 4.1635e-02, PNorm = 57.4028, GNorm = 1.1443, lr_0 = 5.9252e-04
Loss = 5.0350e-02, PNorm = 57.4151, GNorm = 1.1002, lr_0 = 5.9274e-04
Loss = 4.5594e-02, PNorm = 57.4274, GNorm = 1.6949, lr_0 = 5.9297e-04
Loss = 3.6044e-02, PNorm = 57.4423, GNorm = 1.1673, lr_0 = 5.9319e-04
Loss = 3.9475e-02, PNorm = 57.4542, GNorm = 1.3588, lr_0 = 5.9342e-04
Loss = 3.5220e-02, PNorm = 57.4658, GNorm = 1.7838, lr_0 = 5.9364e-04
Loss = 4.2486e-02, PNorm = 57.4766, GNorm = 1.2519, lr_0 = 5.9387e-04
Loss = 3.9443e-02, PNorm = 57.4874, GNorm = 1.0395, lr_0 = 5.9410e-04
Loss = 3.6530e-02, PNorm = 57.4953, GNorm = 0.9309, lr_0 = 5.9432e-04
Loss = 3.7086e-02, PNorm = 57.5056, GNorm = 0.8461, lr_0 = 5.9455e-04
Loss = 4.8750e-02, PNorm = 57.5165, GNorm = 2.5122, lr_0 = 5.9477e-04
Loss = 3.9985e-02, PNorm = 57.5329, GNorm = 1.1698, lr_0 = 5.9500e-04
Loss = 3.8483e-02, PNorm = 57.5428, GNorm = 1.3666, lr_0 = 5.9522e-04
Loss = 3.9672e-02, PNorm = 57.5522, GNorm = 1.0011, lr_0 = 5.9545e-04
Loss = 3.2964e-02, PNorm = 57.5609, GNorm = 0.8655, lr_0 = 5.9567e-04
Loss = 3.7459e-02, PNorm = 57.5681, GNorm = 2.5344, lr_0 = 5.9590e-04
Loss = 4.4840e-02, PNorm = 57.5791, GNorm = 4.6780, lr_0 = 5.9612e-04
Loss = 4.4692e-02, PNorm = 57.5909, GNorm = 2.3905, lr_0 = 5.9635e-04
Loss = 3.8870e-02, PNorm = 57.6062, GNorm = 1.3865, lr_0 = 5.9657e-04
Loss = 4.8735e-02, PNorm = 57.6217, GNorm = 2.0579, lr_0 = 5.9680e-04
Loss = 4.6046e-02, PNorm = 57.6380, GNorm = 4.1282, lr_0 = 5.9702e-04
Loss = 5.0623e-02, PNorm = 57.6483, GNorm = 3.3103, lr_0 = 5.9725e-04
Loss = 4.1999e-02, PNorm = 57.6647, GNorm = 2.3213, lr_0 = 5.9747e-04
Loss = 4.4561e-02, PNorm = 57.6743, GNorm = 1.0710, lr_0 = 5.9770e-04
Loss = 3.7192e-02, PNorm = 57.6868, GNorm = 1.2651, lr_0 = 5.9792e-04
Loss = 4.5452e-02, PNorm = 57.7003, GNorm = 4.4607, lr_0 = 5.9815e-04
Loss = 4.8434e-02, PNorm = 57.7137, GNorm = 2.6780, lr_0 = 5.9837e-04
Loss = 4.0900e-02, PNorm = 57.7237, GNorm = 2.0219, lr_0 = 5.9860e-04
Loss = 4.0857e-02, PNorm = 57.7357, GNorm = 0.8208, lr_0 = 5.9882e-04
Loss = 3.6321e-02, PNorm = 57.7444, GNorm = 0.6531, lr_0 = 5.9905e-04
Loss = 3.2707e-02, PNorm = 57.7579, GNorm = 1.1303, lr_0 = 5.9927e-04
Loss = 4.0650e-02, PNorm = 57.7696, GNorm = 0.9948, lr_0 = 5.9950e-04
Loss = 4.1519e-02, PNorm = 57.7798, GNorm = 2.4075, lr_0 = 5.9972e-04
Loss = 3.4791e-02, PNorm = 57.7912, GNorm = 0.8329, lr_0 = 5.9995e-04
Loss = 3.6225e-02, PNorm = 57.7985, GNorm = 2.0762, lr_0 = 6.0017e-04
Loss = 3.7510e-02, PNorm = 57.8078, GNorm = 0.9503, lr_0 = 6.0040e-04
Loss = 3.9329e-02, PNorm = 57.8153, GNorm = 2.4174, lr_0 = 6.0062e-04
Loss = 3.4164e-02, PNorm = 57.8279, GNorm = 0.8446, lr_0 = 6.0085e-04
Loss = 3.4820e-02, PNorm = 57.8401, GNorm = 1.7811, lr_0 = 6.0107e-04
Loss = 4.9094e-02, PNorm = 57.8538, GNorm = 1.2067, lr_0 = 6.0130e-04
Loss = 4.5297e-02, PNorm = 57.8667, GNorm = 0.9808, lr_0 = 6.0152e-04
Loss = 4.0156e-02, PNorm = 57.8803, GNorm = 2.0508, lr_0 = 6.0175e-04
Loss = 3.8415e-02, PNorm = 57.8961, GNorm = 1.8241, lr_0 = 6.0197e-04
Loss = 4.1645e-02, PNorm = 57.9102, GNorm = 0.8165, lr_0 = 6.0220e-04
Loss = 3.7494e-02, PNorm = 57.9215, GNorm = 1.1025, lr_0 = 6.0242e-04
Loss = 4.3952e-02, PNorm = 57.9350, GNorm = 1.9087, lr_0 = 6.0265e-04
Loss = 5.1734e-02, PNorm = 57.9493, GNorm = 3.5363, lr_0 = 6.0287e-04
Loss = 5.9023e-02, PNorm = 57.9662, GNorm = 4.1693, lr_0 = 6.0310e-04
Loss = 5.9633e-02, PNorm = 57.9822, GNorm = 2.4151, lr_0 = 6.0332e-04
Loss = 6.8972e-02, PNorm = 58.0018, GNorm = 2.4226, lr_0 = 6.0355e-04
Loss = 5.1527e-02, PNorm = 58.0215, GNorm = 2.3803, lr_0 = 6.0377e-04
Loss = 4.6528e-02, PNorm = 58.0355, GNorm = 0.9431, lr_0 = 6.0400e-04
Loss = 5.0778e-02, PNorm = 58.0482, GNorm = 1.8773, lr_0 = 6.0422e-04
Loss = 4.1438e-02, PNorm = 58.0672, GNorm = 0.7147, lr_0 = 6.0445e-04
Loss = 4.7225e-02, PNorm = 58.0805, GNorm = 1.3975, lr_0 = 6.0467e-04
Loss = 4.1081e-02, PNorm = 58.0935, GNorm = 1.5315, lr_0 = 6.0490e-04
Loss = 5.0772e-02, PNorm = 58.1051, GNorm = 0.9010, lr_0 = 6.0512e-04
Loss = 4.5369e-02, PNorm = 58.1193, GNorm = 1.3323, lr_0 = 6.0535e-04
Loss = 4.9841e-02, PNorm = 58.1328, GNorm = 2.2798, lr_0 = 6.0557e-04
Loss = 3.9732e-02, PNorm = 58.1465, GNorm = 0.7728, lr_0 = 6.0580e-04
Loss = 3.1896e-02, PNorm = 58.1576, GNorm = 0.7898, lr_0 = 6.0602e-04
Loss = 4.5867e-02, PNorm = 58.1695, GNorm = 1.4031, lr_0 = 6.0625e-04
Loss = 3.7498e-02, PNorm = 58.1806, GNorm = 1.5630, lr_0 = 6.0648e-04
Loss = 3.5970e-02, PNorm = 58.1941, GNorm = 2.1386, lr_0 = 6.0670e-04
Loss = 3.8110e-02, PNorm = 58.2041, GNorm = 0.8086, lr_0 = 6.0693e-04
Loss = 3.9638e-02, PNorm = 58.2136, GNorm = 1.2396, lr_0 = 6.0715e-04
Loss = 3.0678e-02, PNorm = 58.2228, GNorm = 0.9422, lr_0 = 6.0738e-04
Loss = 3.1935e-02, PNorm = 58.2297, GNorm = 0.8016, lr_0 = 6.0760e-04
Loss = 3.6695e-02, PNorm = 58.2381, GNorm = 2.5713, lr_0 = 6.0783e-04
Loss = 3.3024e-02, PNorm = 58.2466, GNorm = 0.7475, lr_0 = 6.0805e-04
Loss = 3.3690e-02, PNorm = 58.2553, GNorm = 1.2873, lr_0 = 6.0828e-04
Loss = 3.4417e-02, PNorm = 58.2640, GNorm = 0.8496, lr_0 = 6.0850e-04
Loss = 3.3596e-02, PNorm = 58.2779, GNorm = 1.2985, lr_0 = 6.0873e-04
Loss = 4.0003e-02, PNorm = 58.2850, GNorm = 2.7416, lr_0 = 6.0895e-04
Loss = 4.4803e-02, PNorm = 58.2969, GNorm = 3.7201, lr_0 = 6.0918e-04
Loss = 3.8775e-02, PNorm = 58.3096, GNorm = 2.0618, lr_0 = 6.0940e-04
Loss = 3.4604e-02, PNorm = 58.3249, GNorm = 0.8352, lr_0 = 6.0963e-04
Loss = 3.7802e-02, PNorm = 58.3332, GNorm = 0.8904, lr_0 = 6.0985e-04
Loss = 3.4415e-02, PNorm = 58.3456, GNorm = 1.6457, lr_0 = 6.1008e-04
Loss = 3.8460e-02, PNorm = 58.3573, GNorm = 1.0104, lr_0 = 6.1030e-04
Loss = 3.6178e-02, PNorm = 58.3666, GNorm = 1.7498, lr_0 = 6.1053e-04
Loss = 4.4346e-02, PNorm = 58.3763, GNorm = 4.2635, lr_0 = 6.1075e-04
Loss = 4.2836e-02, PNorm = 58.3899, GNorm = 1.1240, lr_0 = 6.1098e-04
Loss = 3.7500e-02, PNorm = 58.4054, GNorm = 0.5938, lr_0 = 6.1120e-04
Loss = 4.2995e-02, PNorm = 58.4166, GNorm = 1.9669, lr_0 = 6.1143e-04
Loss = 4.1739e-02, PNorm = 58.4260, GNorm = 1.7336, lr_0 = 6.1165e-04
Loss = 4.2159e-02, PNorm = 58.4362, GNorm = 1.5180, lr_0 = 6.1188e-04
Loss = 3.9128e-02, PNorm = 58.4508, GNorm = 1.1198, lr_0 = 6.1210e-04
Loss = 3.5548e-02, PNorm = 58.4656, GNorm = 0.8792, lr_0 = 6.1233e-04
Loss = 3.7705e-02, PNorm = 58.4773, GNorm = 1.1971, lr_0 = 6.1255e-04
Loss = 3.2664e-02, PNorm = 58.4891, GNorm = 1.2279, lr_0 = 6.1278e-04
Loss = 3.1095e-02, PNorm = 58.4997, GNorm = 1.1382, lr_0 = 6.1300e-04
Loss = 3.3750e-02, PNorm = 58.5095, GNorm = 1.0523, lr_0 = 6.1323e-04
Loss = 3.0889e-02, PNorm = 58.5170, GNorm = 0.8097, lr_0 = 6.1345e-04
Loss = 3.2459e-02, PNorm = 58.5253, GNorm = 1.4690, lr_0 = 6.1368e-04
Loss = 3.3182e-02, PNorm = 58.5301, GNorm = 1.6963, lr_0 = 6.1390e-04
Loss = 3.6646e-02, PNorm = 58.5350, GNorm = 2.0708, lr_0 = 6.1413e-04
Loss = 3.3860e-02, PNorm = 58.5449, GNorm = 2.3006, lr_0 = 6.1435e-04
Loss = 3.0870e-02, PNorm = 58.5556, GNorm = 1.8779, lr_0 = 6.1458e-04
Loss = 3.1927e-02, PNorm = 58.5651, GNorm = 1.8539, lr_0 = 6.1480e-04
Loss = 3.4836e-02, PNorm = 58.5749, GNorm = 2.3738, lr_0 = 6.1503e-04
Loss = 3.8042e-02, PNorm = 58.5894, GNorm = 1.0236, lr_0 = 6.1525e-04
Loss = 3.5591e-02, PNorm = 58.6047, GNorm = 1.5508, lr_0 = 6.1548e-04
Loss = 4.1268e-02, PNorm = 58.6129, GNorm = 2.0153, lr_0 = 6.1570e-04
Loss = 3.2600e-02, PNorm = 58.6239, GNorm = 1.4864, lr_0 = 6.1593e-04
Loss = 3.8277e-02, PNorm = 58.6366, GNorm = 2.2307, lr_0 = 6.1615e-04
Loss = 4.0218e-02, PNorm = 58.6509, GNorm = 1.3497, lr_0 = 6.1638e-04
Loss = 4.0808e-02, PNorm = 58.6615, GNorm = 2.3209, lr_0 = 6.1660e-04
Loss = 5.6784e-02, PNorm = 58.6716, GNorm = 4.1967, lr_0 = 6.1683e-04
Loss = 5.7929e-02, PNorm = 58.6912, GNorm = 3.6928, lr_0 = 6.1705e-04
Loss = 5.4297e-02, PNorm = 58.7101, GNorm = 1.8388, lr_0 = 6.1728e-04
Loss = 5.4954e-02, PNorm = 58.7272, GNorm = 1.8560, lr_0 = 6.1750e-04
Loss = 4.4726e-02, PNorm = 58.7437, GNorm = 0.8138, lr_0 = 6.1773e-04
Loss = 4.0550e-02, PNorm = 58.7596, GNorm = 1.7629, lr_0 = 6.1795e-04
Loss = 3.4318e-02, PNorm = 58.7727, GNorm = 0.8638, lr_0 = 6.1818e-04
Loss = 4.0681e-02, PNorm = 58.7851, GNorm = 0.8520, lr_0 = 6.1840e-04
Loss = 3.6829e-02, PNorm = 58.7987, GNorm = 0.8042, lr_0 = 6.1863e-04
Loss = 4.2315e-02, PNorm = 58.8080, GNorm = 1.9972, lr_0 = 6.1886e-04
Loss = 4.0705e-02, PNorm = 58.8234, GNorm = 1.8200, lr_0 = 6.1908e-04
Loss = 3.7766e-02, PNorm = 58.8387, GNorm = 1.2905, lr_0 = 6.1931e-04
Loss = 4.4019e-02, PNorm = 58.8461, GNorm = 4.4550, lr_0 = 6.1953e-04
Loss = 5.0701e-02, PNorm = 58.8575, GNorm = 5.2310, lr_0 = 6.1976e-04
Loss = 4.8276e-02, PNorm = 58.8726, GNorm = 0.8259, lr_0 = 6.1998e-04
Loss = 3.8313e-02, PNorm = 58.8858, GNorm = 0.8828, lr_0 = 6.2021e-04
Loss = 3.5796e-02, PNorm = 58.8971, GNorm = 1.2329, lr_0 = 6.2043e-04
Loss = 3.8421e-02, PNorm = 58.9117, GNorm = 2.4262, lr_0 = 6.2066e-04
Loss = 3.6560e-02, PNorm = 58.9264, GNorm = 2.0193, lr_0 = 6.2088e-04
Loss = 3.6093e-02, PNorm = 58.9367, GNorm = 1.2816, lr_0 = 6.2111e-04
Loss = 3.2353e-02, PNorm = 58.9446, GNorm = 0.6802, lr_0 = 6.2133e-04
Loss = 3.4154e-02, PNorm = 58.9569, GNorm = 0.9616, lr_0 = 6.2156e-04
Loss = 3.1685e-02, PNorm = 58.9647, GNorm = 0.9889, lr_0 = 6.2178e-04
Loss = 3.5926e-02, PNorm = 58.9766, GNorm = 0.7131, lr_0 = 6.2201e-04
Loss = 3.4805e-02, PNorm = 58.9923, GNorm = 2.0130, lr_0 = 6.2223e-04
Loss = 4.6508e-02, PNorm = 59.0054, GNorm = 1.6505, lr_0 = 6.2246e-04
Loss = 5.8414e-02, PNorm = 59.0205, GNorm = 3.7750, lr_0 = 6.2268e-04
Loss = 5.6982e-02, PNorm = 59.0373, GNorm = 1.8949, lr_0 = 6.2291e-04
Loss = 5.5812e-02, PNorm = 59.0592, GNorm = 1.9011, lr_0 = 6.2313e-04
Loss = 4.1014e-02, PNorm = 59.0774, GNorm = 0.8420, lr_0 = 6.2336e-04
Loss = 4.0438e-02, PNorm = 59.0914, GNorm = 4.0560, lr_0 = 6.2358e-04
Loss = 4.2503e-02, PNorm = 59.1065, GNorm = 3.0747, lr_0 = 6.2381e-04
Loss = 4.3161e-02, PNorm = 59.1208, GNorm = 1.2985, lr_0 = 6.2403e-04
Loss = 4.4768e-02, PNorm = 59.1383, GNorm = 0.9454, lr_0 = 6.2426e-04
Loss = 3.8840e-02, PNorm = 59.1518, GNorm = 1.7278, lr_0 = 6.2448e-04
Loss = 3.5681e-02, PNorm = 59.1647, GNorm = 0.8898, lr_0 = 6.2471e-04
Loss = 3.7207e-02, PNorm = 59.1785, GNorm = 0.5847, lr_0 = 6.2493e-04
Loss = 3.4682e-02, PNorm = 59.1897, GNorm = 0.6403, lr_0 = 6.2516e-04
Loss = 3.1936e-02, PNorm = 59.1972, GNorm = 1.6337, lr_0 = 6.2538e-04
Loss = 3.4080e-02, PNorm = 59.2097, GNorm = 0.9384, lr_0 = 6.2561e-04
Loss = 3.4263e-02, PNorm = 59.2202, GNorm = 1.4252, lr_0 = 6.2583e-04
Loss = 3.5814e-02, PNorm = 59.2295, GNorm = 1.0972, lr_0 = 6.2606e-04
Loss = 3.5053e-02, PNorm = 59.2377, GNorm = 0.6776, lr_0 = 6.2628e-04
Loss = 3.5444e-02, PNorm = 59.2523, GNorm = 2.3182, lr_0 = 6.2651e-04
Loss = 3.7563e-02, PNorm = 59.2639, GNorm = 2.2771, lr_0 = 6.2673e-04
Loss = 3.6519e-02, PNorm = 59.2765, GNorm = 1.3928, lr_0 = 6.2696e-04
Loss = 3.6717e-02, PNorm = 59.2863, GNorm = 0.9301, lr_0 = 6.2718e-04
Loss = 3.4689e-02, PNorm = 59.2997, GNorm = 0.8276, lr_0 = 6.2741e-04
Loss = 4.0357e-02, PNorm = 59.3169, GNorm = 2.0660, lr_0 = 6.2763e-04
Loss = 3.8706e-02, PNorm = 59.3294, GNorm = 1.3510, lr_0 = 6.2786e-04
Loss = 3.2913e-02, PNorm = 59.3362, GNorm = 0.8386, lr_0 = 6.2808e-04
Loss = 3.2713e-02, PNorm = 59.3461, GNorm = 1.1858, lr_0 = 6.2831e-04
Loss = 3.7628e-02, PNorm = 59.3600, GNorm = 0.8564, lr_0 = 6.2853e-04
Loss = 4.4916e-02, PNorm = 59.3775, GNorm = 1.8025, lr_0 = 6.2876e-04
Loss = 3.7627e-02, PNorm = 59.3918, GNorm = 1.7087, lr_0 = 6.2898e-04
Loss = 4.2996e-02, PNorm = 59.4067, GNorm = 2.3975, lr_0 = 6.2921e-04
Loss = 3.8630e-02, PNorm = 59.4225, GNorm = 2.5276, lr_0 = 6.2943e-04
Loss = 4.0663e-02, PNorm = 59.4369, GNorm = 0.8393, lr_0 = 6.2966e-04
Loss = 3.5916e-02, PNorm = 59.4510, GNorm = 0.7583, lr_0 = 6.2988e-04
Loss = 3.7185e-02, PNorm = 59.4648, GNorm = 1.0256, lr_0 = 6.3011e-04
Loss = 3.5962e-02, PNorm = 59.4783, GNorm = 0.7648, lr_0 = 6.3033e-04
Loss = 3.0734e-02, PNorm = 59.4892, GNorm = 0.6728, lr_0 = 6.3056e-04
Loss = 3.8890e-02, PNorm = 59.5045, GNorm = 0.8260, lr_0 = 6.3078e-04
Loss = 3.2217e-02, PNorm = 59.5172, GNorm = 0.8330, lr_0 = 6.3101e-04
Loss = 3.9673e-02, PNorm = 59.5304, GNorm = 2.7032, lr_0 = 6.3123e-04
Loss = 4.2037e-02, PNorm = 59.5457, GNorm = 2.2996, lr_0 = 6.3146e-04
Loss = 3.2297e-02, PNorm = 59.5601, GNorm = 0.8802, lr_0 = 6.3169e-04
Loss = 3.0823e-02, PNorm = 59.5712, GNorm = 0.7080, lr_0 = 6.3191e-04
Loss = 3.0987e-02, PNorm = 59.5826, GNorm = 1.5685, lr_0 = 6.3214e-04
Loss = 3.4270e-02, PNorm = 59.5983, GNorm = 0.8151, lr_0 = 6.3236e-04
Loss = 3.4424e-02, PNorm = 59.6097, GNorm = 0.6177, lr_0 = 6.3259e-04
Loss = 3.0136e-02, PNorm = 59.6201, GNorm = 1.1793, lr_0 = 6.3281e-04
Loss = 3.1608e-02, PNorm = 59.6289, GNorm = 1.4683, lr_0 = 6.3304e-04
Loss = 2.9940e-02, PNorm = 59.6397, GNorm = 0.6285, lr_0 = 6.3326e-04
Loss = 3.1635e-02, PNorm = 59.6492, GNorm = 0.7769, lr_0 = 6.3349e-04
Loss = 3.1063e-02, PNorm = 59.6596, GNorm = 1.6805, lr_0 = 6.3371e-04
Loss = 4.1926e-02, PNorm = 59.6712, GNorm = 2.9171, lr_0 = 6.3394e-04
Loss = 3.4463e-02, PNorm = 59.6849, GNorm = 0.6121, lr_0 = 6.3416e-04
Loss = 3.1208e-02, PNorm = 59.6989, GNorm = 0.9658, lr_0 = 6.3439e-04
Loss = 3.8571e-02, PNorm = 59.7078, GNorm = 3.5730, lr_0 = 6.3461e-04
Loss = 3.6895e-02, PNorm = 59.7240, GNorm = 1.5645, lr_0 = 6.3484e-04
Loss = 3.5623e-02, PNorm = 59.7364, GNorm = 2.2021, lr_0 = 6.3506e-04
Loss = 3.7662e-02, PNorm = 59.7484, GNorm = 2.0860, lr_0 = 6.3529e-04
Loss = 3.4382e-02, PNorm = 59.7624, GNorm = 0.7538, lr_0 = 6.3551e-04
Loss = 3.4383e-02, PNorm = 59.7766, GNorm = 3.4977, lr_0 = 6.3574e-04
Loss = 4.4353e-02, PNorm = 59.7899, GNorm = 0.9000, lr_0 = 6.3596e-04
Loss = 3.6705e-02, PNorm = 59.8007, GNorm = 1.6578, lr_0 = 6.3619e-04
Loss = 3.4520e-02, PNorm = 59.8096, GNorm = 0.8542, lr_0 = 6.3641e-04
Loss = 3.3928e-02, PNorm = 59.8182, GNorm = 1.0476, lr_0 = 6.3664e-04
Loss = 3.0604e-02, PNorm = 59.8290, GNorm = 1.3578, lr_0 = 6.3686e-04
Loss = 3.4913e-02, PNorm = 59.8380, GNorm = 1.8492, lr_0 = 6.3709e-04
Loss = 3.5502e-02, PNorm = 59.8477, GNorm = 1.5508, lr_0 = 6.3731e-04
Loss = 3.8625e-02, PNorm = 59.8622, GNorm = 2.9448, lr_0 = 6.3754e-04
Loss = 4.1534e-02, PNorm = 59.8785, GNorm = 1.5770, lr_0 = 6.3776e-04
Loss = 3.4521e-02, PNorm = 59.8906, GNorm = 0.6290, lr_0 = 6.3799e-04
Loss = 3.7523e-02, PNorm = 59.9010, GNorm = 4.1041, lr_0 = 6.3821e-04
Loss = 4.1218e-02, PNorm = 59.9131, GNorm = 1.5529, lr_0 = 6.3844e-04
Loss = 4.0906e-02, PNorm = 59.9267, GNorm = 0.9075, lr_0 = 6.3866e-04
Loss = 3.9902e-02, PNorm = 59.9460, GNorm = 1.3910, lr_0 = 6.3889e-04
Loss = 3.1141e-02, PNorm = 59.9608, GNorm = 1.0927, lr_0 = 6.3911e-04
Loss = 3.1710e-02, PNorm = 59.9699, GNorm = 0.6954, lr_0 = 6.3934e-04
Loss = 3.1087e-02, PNorm = 59.9803, GNorm = 1.2519, lr_0 = 6.3956e-04
Loss = 3.8998e-02, PNorm = 59.9959, GNorm = 4.4453, lr_0 = 6.3979e-04
Loss = 3.9411e-02, PNorm = 60.0118, GNorm = 0.9462, lr_0 = 6.4001e-04
Loss = 3.2901e-02, PNorm = 60.0294, GNorm = 1.1084, lr_0 = 6.4024e-04
Loss = 4.2063e-02, PNorm = 60.0395, GNorm = 1.2601, lr_0 = 6.4046e-04
Loss = 4.3815e-02, PNorm = 60.0548, GNorm = 2.8470, lr_0 = 6.4069e-04
Loss = 4.0740e-02, PNorm = 60.0669, GNorm = 1.1993, lr_0 = 6.4091e-04
Loss = 3.4242e-02, PNorm = 60.0828, GNorm = 0.7363, lr_0 = 6.4114e-04
Loss = 3.6879e-02, PNorm = 60.0970, GNorm = 2.3937, lr_0 = 6.4136e-04
Loss = 3.5518e-02, PNorm = 60.1106, GNorm = 1.5347, lr_0 = 6.4159e-04
Loss = 3.7147e-02, PNorm = 60.1272, GNorm = 0.5702, lr_0 = 6.4181e-04
Loss = 3.6929e-02, PNorm = 60.1394, GNorm = 1.6083, lr_0 = 6.4204e-04
Loss = 3.3239e-02, PNorm = 60.1545, GNorm = 0.9417, lr_0 = 6.4226e-04
Loss = 3.3296e-02, PNorm = 60.1688, GNorm = 1.8288, lr_0 = 6.4249e-04
Loss = 4.7589e-02, PNorm = 60.1841, GNorm = 1.8185, lr_0 = 6.4271e-04
Loss = 3.9407e-02, PNorm = 60.2009, GNorm = 0.7707, lr_0 = 6.4294e-04
Loss = 3.4908e-02, PNorm = 60.2173, GNorm = 2.0465, lr_0 = 6.4316e-04
Loss = 3.2977e-02, PNorm = 60.2317, GNorm = 0.7374, lr_0 = 6.4339e-04
Loss = 3.5661e-02, PNorm = 60.2447, GNorm = 0.9041, lr_0 = 6.4361e-04
Loss = 3.9840e-02, PNorm = 60.2595, GNorm = 2.4725, lr_0 = 6.4384e-04
Loss = 3.1791e-02, PNorm = 60.2724, GNorm = 0.8105, lr_0 = 6.4407e-04
Loss = 4.3981e-02, PNorm = 60.2844, GNorm = 2.1468, lr_0 = 6.4429e-04
Loss = 3.6917e-02, PNorm = 60.2976, GNorm = 1.5863, lr_0 = 6.4452e-04
Loss = 4.1622e-02, PNorm = 60.3143, GNorm = 3.7473, lr_0 = 6.4474e-04
Loss = 5.2968e-02, PNorm = 60.3282, GNorm = 2.8405, lr_0 = 6.4497e-04
Loss = 4.4323e-02, PNorm = 60.3447, GNorm = 1.6413, lr_0 = 6.4519e-04
Loss = 4.2152e-02, PNorm = 60.3590, GNorm = 2.0262, lr_0 = 6.4542e-04
Loss = 4.4928e-02, PNorm = 60.3798, GNorm = 1.1639, lr_0 = 6.4564e-04
Loss = 3.9208e-02, PNorm = 60.3979, GNorm = 2.1073, lr_0 = 6.4587e-04
Loss = 5.4004e-02, PNorm = 60.4169, GNorm = 2.9688, lr_0 = 6.4609e-04
Loss = 4.6619e-02, PNorm = 60.4380, GNorm = 0.9669, lr_0 = 6.4632e-04
Loss = 3.9476e-02, PNorm = 60.4573, GNorm = 1.0003, lr_0 = 6.4654e-04
Loss = 4.4931e-02, PNorm = 60.4732, GNorm = 1.8015, lr_0 = 6.4677e-04
Loss = 3.7260e-02, PNorm = 60.4912, GNorm = 0.8228, lr_0 = 6.4699e-04
Loss = 3.9480e-02, PNorm = 60.5053, GNorm = 0.6611, lr_0 = 6.4722e-04
Loss = 3.4610e-02, PNorm = 60.5170, GNorm = 1.0767, lr_0 = 6.4744e-04
Loss = 2.9687e-02, PNorm = 60.5306, GNorm = 1.1443, lr_0 = 6.4767e-04
Loss = 3.2041e-02, PNorm = 60.5445, GNorm = 1.2347, lr_0 = 6.4789e-04
Loss = 3.2283e-02, PNorm = 60.5586, GNorm = 1.3835, lr_0 = 6.4812e-04
Loss = 3.3250e-02, PNorm = 60.5710, GNorm = 0.9241, lr_0 = 6.4834e-04
Loss = 3.6725e-02, PNorm = 60.5838, GNorm = 1.1147, lr_0 = 6.4857e-04
Loss = 3.7278e-02, PNorm = 60.5979, GNorm = 1.7229, lr_0 = 6.4879e-04
Loss = 3.2976e-02, PNorm = 60.6132, GNorm = 1.6999, lr_0 = 6.4902e-04
Loss = 3.1220e-02, PNorm = 60.6244, GNorm = 0.6486, lr_0 = 6.4924e-04
Loss = 3.6086e-02, PNorm = 60.6336, GNorm = 3.0718, lr_0 = 6.4947e-04
Loss = 3.8951e-02, PNorm = 60.6466, GNorm = 0.8046, lr_0 = 6.4969e-04
Loss = 3.0321e-02, PNorm = 60.6592, GNorm = 0.7394, lr_0 = 6.4992e-04
Loss = 3.1187e-02, PNorm = 60.6702, GNorm = 0.7556, lr_0 = 6.5014e-04
Loss = 2.6706e-02, PNorm = 60.6786, GNorm = 1.4338, lr_0 = 6.5037e-04
Loss = 3.0121e-02, PNorm = 60.6928, GNorm = 0.8423, lr_0 = 6.5059e-04
Loss = 3.1564e-02, PNorm = 60.7055, GNorm = 1.5946, lr_0 = 6.5082e-04
Loss = 3.0542e-02, PNorm = 60.7172, GNorm = 0.6972, lr_0 = 6.5104e-04
Loss = 2.9685e-02, PNorm = 60.7299, GNorm = 1.3209, lr_0 = 6.5127e-04
Loss = 2.7717e-02, PNorm = 60.7405, GNorm = 1.1215, lr_0 = 6.5149e-04
Loss = 2.8093e-02, PNorm = 60.7498, GNorm = 1.6955, lr_0 = 6.5172e-04
Loss = 2.9078e-02, PNorm = 60.7580, GNorm = 1.4631, lr_0 = 6.5194e-04
Loss = 3.1064e-02, PNorm = 60.7695, GNorm = 0.6133, lr_0 = 6.5217e-04
Loss = 3.8565e-02, PNorm = 60.7825, GNorm = 0.7602, lr_0 = 6.5239e-04
Loss = 3.4764e-02, PNorm = 60.7936, GNorm = 1.2204, lr_0 = 6.5262e-04
Loss = 3.0467e-02, PNorm = 60.8082, GNorm = 1.3737, lr_0 = 6.5284e-04
Loss = 3.3092e-02, PNorm = 60.8193, GNorm = 1.6911, lr_0 = 6.5307e-04
Loss = 3.8686e-02, PNorm = 60.8318, GNorm = 0.8614, lr_0 = 6.5329e-04
Loss = 3.6304e-02, PNorm = 60.8437, GNorm = 0.8764, lr_0 = 6.5352e-04
Loss = 3.4641e-02, PNorm = 60.8562, GNorm = 1.0521, lr_0 = 6.5374e-04
Loss = 3.4824e-02, PNorm = 60.8708, GNorm = 1.3915, lr_0 = 6.5397e-04
Loss = 3.3047e-02, PNorm = 60.8846, GNorm = 1.1939, lr_0 = 6.5419e-04
Loss = 3.0861e-02, PNorm = 60.8999, GNorm = 0.8384, lr_0 = 6.5442e-04
Loss = 2.6609e-02, PNorm = 60.9123, GNorm = 1.3412, lr_0 = 6.5464e-04
Loss = 3.1025e-02, PNorm = 60.9225, GNorm = 1.2552, lr_0 = 6.5487e-04
Loss = 2.9519e-02, PNorm = 60.9314, GNorm = 1.6736, lr_0 = 6.5509e-04
Loss = 2.9273e-02, PNorm = 60.9427, GNorm = 0.5562, lr_0 = 6.5532e-04
Loss = 2.8515e-02, PNorm = 60.9499, GNorm = 2.2957, lr_0 = 6.5554e-04
Loss = 3.5447e-02, PNorm = 60.9630, GNorm = 1.2079, lr_0 = 6.5577e-04
Loss = 3.7327e-02, PNorm = 60.9770, GNorm = 0.5621, lr_0 = 6.5599e-04
Loss = 4.3762e-02, PNorm = 60.9924, GNorm = 3.6561, lr_0 = 6.5622e-04
Loss = 4.8049e-02, PNorm = 61.0104, GNorm = 2.5111, lr_0 = 6.5645e-04
Loss = 4.3264e-02, PNorm = 61.0290, GNorm = 2.0447, lr_0 = 6.5667e-04
Loss = 3.7560e-02, PNorm = 61.0482, GNorm = 1.0304, lr_0 = 6.5690e-04
Loss = 4.0154e-02, PNorm = 61.0686, GNorm = 0.6016, lr_0 = 6.5712e-04
Loss = 3.6365e-02, PNorm = 61.0831, GNorm = 1.8377, lr_0 = 6.5735e-04
Loss = 3.6408e-02, PNorm = 61.0976, GNorm = 2.0951, lr_0 = 6.5757e-04
Loss = 3.4138e-02, PNorm = 61.1102, GNorm = 0.6824, lr_0 = 6.5780e-04
Loss = 3.0629e-02, PNorm = 61.1268, GNorm = 1.1271, lr_0 = 6.5802e-04
Loss = 2.7187e-02, PNorm = 61.1356, GNorm = 1.2228, lr_0 = 6.5825e-04
Loss = 3.4427e-02, PNorm = 61.1460, GNorm = 1.3746, lr_0 = 6.5847e-04
Loss = 2.9924e-02, PNorm = 61.1576, GNorm = 2.6807, lr_0 = 6.5870e-04
Loss = 3.0744e-02, PNorm = 61.1699, GNorm = 0.6925, lr_0 = 6.5892e-04
Loss = 3.0349e-02, PNorm = 61.1853, GNorm = 0.7333, lr_0 = 6.5915e-04
Loss = 3.0322e-02, PNorm = 61.2018, GNorm = 1.2215, lr_0 = 6.5937e-04
Loss = 2.9955e-02, PNorm = 61.2141, GNorm = 0.5523, lr_0 = 6.5960e-04
Loss = 3.0772e-02, PNorm = 61.2245, GNorm = 1.3392, lr_0 = 6.5982e-04
Loss = 2.9070e-02, PNorm = 61.2339, GNorm = 1.1604, lr_0 = 6.6005e-04
Loss = 3.4329e-02, PNorm = 61.2479, GNorm = 1.3035, lr_0 = 6.6027e-04
Loss = 3.4133e-02, PNorm = 61.2612, GNorm = 2.1758, lr_0 = 6.6050e-04
Loss = 3.9254e-02, PNorm = 61.2721, GNorm = 3.1695, lr_0 = 6.6072e-04
Loss = 4.3788e-02, PNorm = 61.2887, GNorm = 1.2800, lr_0 = 6.6095e-04
Loss = 4.2321e-02, PNorm = 61.3039, GNorm = 2.4179, lr_0 = 6.6117e-04
Loss = 4.8094e-02, PNorm = 61.3245, GNorm = 2.2881, lr_0 = 6.6140e-04
Loss = 5.2671e-02, PNorm = 61.3422, GNorm = 1.2757, lr_0 = 6.6162e-04
Loss = 4.2991e-02, PNorm = 61.3659, GNorm = 0.8666, lr_0 = 6.6185e-04
Loss = 3.8627e-02, PNorm = 61.3859, GNorm = 1.0547, lr_0 = 6.6207e-04
Loss = 4.3214e-02, PNorm = 61.4053, GNorm = 1.8157, lr_0 = 6.6230e-04
Loss = 4.2000e-02, PNorm = 61.4232, GNorm = 3.2151, lr_0 = 6.6252e-04
Loss = 4.0082e-02, PNorm = 61.4436, GNorm = 0.9061, lr_0 = 6.6275e-04
Loss = 3.7837e-02, PNorm = 61.4615, GNorm = 2.0154, lr_0 = 6.6297e-04
Loss = 3.8088e-02, PNorm = 61.4763, GNorm = 3.1585, lr_0 = 6.6320e-04
Loss = 3.3141e-02, PNorm = 61.4886, GNorm = 1.1795, lr_0 = 6.6342e-04
Loss = 3.6229e-02, PNorm = 61.5010, GNorm = 1.6259, lr_0 = 6.6365e-04
Loss = 3.1621e-02, PNorm = 61.5132, GNorm = 1.3399, lr_0 = 6.6387e-04
Loss = 3.1056e-02, PNorm = 61.5251, GNorm = 1.1943, lr_0 = 6.6410e-04
Loss = 3.3011e-02, PNorm = 61.5361, GNorm = 1.9552, lr_0 = 6.6432e-04
Loss = 3.5471e-02, PNorm = 61.5454, GNorm = 1.7478, lr_0 = 6.6455e-04
Loss = 4.7894e-02, PNorm = 61.5630, GNorm = 1.0122, lr_0 = 6.6477e-04
Loss = 4.2553e-02, PNorm = 61.5797, GNorm = 0.6164, lr_0 = 6.6500e-04
Loss = 4.5489e-02, PNorm = 61.5965, GNorm = 1.8987, lr_0 = 6.6522e-04
Loss = 4.0176e-02, PNorm = 61.6164, GNorm = 2.5656, lr_0 = 6.6545e-04
Loss = 3.7712e-02, PNorm = 61.6313, GNorm = 1.1886, lr_0 = 6.6567e-04
Loss = 4.6095e-02, PNorm = 61.6474, GNorm = 1.9201, lr_0 = 6.6590e-04
Loss = 4.6161e-02, PNorm = 61.6662, GNorm = 2.0617, lr_0 = 6.6612e-04
Loss = 3.9816e-02, PNorm = 61.6855, GNorm = 2.8001, lr_0 = 6.6635e-04
Loss = 4.6616e-02, PNorm = 61.7106, GNorm = 2.7086, lr_0 = 6.6657e-04
Loss = 4.4765e-02, PNorm = 61.7284, GNorm = 1.1690, lr_0 = 6.6680e-04
Loss = 4.3812e-02, PNorm = 61.7470, GNorm = 0.8736, lr_0 = 6.6702e-04
Loss = 3.8236e-02, PNorm = 61.7646, GNorm = 0.5737, lr_0 = 6.6725e-04
Loss = 3.7630e-02, PNorm = 61.7809, GNorm = 1.5677, lr_0 = 6.6747e-04
Loss = 3.2416e-02, PNorm = 61.7951, GNorm = 0.6923, lr_0 = 6.6770e-04
Loss = 3.4477e-02, PNorm = 61.8122, GNorm = 1.5060, lr_0 = 6.6792e-04
Loss = 2.5180e-02, PNorm = 61.8243, GNorm = 0.5528, lr_0 = 6.6815e-04
Loss = 2.7786e-02, PNorm = 61.8310, GNorm = 0.5669, lr_0 = 6.6837e-04
Loss = 2.8806e-02, PNorm = 61.8418, GNorm = 0.8269, lr_0 = 6.6860e-04
Loss = 2.9986e-02, PNorm = 61.8508, GNorm = 0.9229, lr_0 = 6.6883e-04
Loss = 2.6768e-02, PNorm = 61.8603, GNorm = 0.9233, lr_0 = 6.6905e-04
Loss = 3.1619e-02, PNorm = 61.8672, GNorm = 2.4820, lr_0 = 6.6928e-04
Loss = 2.6862e-02, PNorm = 61.8770, GNorm = 1.4434, lr_0 = 6.6950e-04
Loss = 2.8568e-02, PNorm = 61.8916, GNorm = 0.6727, lr_0 = 6.6973e-04
Loss = 3.2438e-02, PNorm = 61.9055, GNorm = 0.9342, lr_0 = 6.6995e-04
Loss = 2.9095e-02, PNorm = 61.9182, GNorm = 0.8815, lr_0 = 6.7018e-04
Loss = 2.6629e-02, PNorm = 61.9292, GNorm = 0.7515, lr_0 = 6.7040e-04
Loss = 2.7170e-02, PNorm = 61.9354, GNorm = 0.7657, lr_0 = 6.7063e-04
Loss = 3.2084e-02, PNorm = 61.9445, GNorm = 1.1653, lr_0 = 6.7085e-04
Loss = 2.8573e-02, PNorm = 61.9567, GNorm = 0.7369, lr_0 = 6.7108e-04
Loss = 2.6029e-02, PNorm = 61.9659, GNorm = 0.4602, lr_0 = 6.7130e-04
Loss = 3.5587e-02, PNorm = 61.9765, GNorm = 2.8128, lr_0 = 6.7153e-04
Loss = 3.3188e-02, PNorm = 61.9924, GNorm = 2.6548, lr_0 = 6.7175e-04
Loss = 3.0596e-02, PNorm = 62.0093, GNorm = 1.5746, lr_0 = 6.7198e-04
Loss = 2.9567e-02, PNorm = 62.0219, GNorm = 0.8119, lr_0 = 6.7220e-04
Loss = 2.7520e-02, PNorm = 62.0371, GNorm = 1.1266, lr_0 = 6.7243e-04
Loss = 2.9918e-02, PNorm = 62.0443, GNorm = 1.0265, lr_0 = 6.7265e-04
Loss = 2.4726e-02, PNorm = 62.0578, GNorm = 0.5980, lr_0 = 6.7288e-04
Loss = 2.1500e-02, PNorm = 62.0677, GNorm = 0.5314, lr_0 = 6.7310e-04
Loss = 2.5195e-02, PNorm = 62.0784, GNorm = 0.7012, lr_0 = 6.7333e-04
Loss = 2.6545e-02, PNorm = 62.0888, GNorm = 0.5121, lr_0 = 6.7355e-04
Loss = 2.9044e-02, PNorm = 62.1025, GNorm = 1.2538, lr_0 = 6.7378e-04
Loss = 3.0141e-02, PNorm = 62.1163, GNorm = 1.5348, lr_0 = 6.7400e-04
Loss = 3.0386e-02, PNorm = 62.1283, GNorm = 0.5969, lr_0 = 6.7423e-04
Loss = 2.8475e-02, PNorm = 62.1387, GNorm = 0.9940, lr_0 = 6.7445e-04
Loss = 2.8699e-02, PNorm = 62.1501, GNorm = 0.9344, lr_0 = 6.7468e-04
Loss = 3.5833e-02, PNorm = 62.1642, GNorm = 2.5470, lr_0 = 6.7490e-04
Loss = 3.8106e-02, PNorm = 62.1783, GNorm = 0.5955, lr_0 = 6.7513e-04
Loss = 3.7022e-02, PNorm = 62.1929, GNorm = 3.0515, lr_0 = 6.7535e-04
Loss = 4.5888e-02, PNorm = 62.2112, GNorm = 1.0784, lr_0 = 6.7558e-04
Loss = 3.8406e-02, PNorm = 62.2303, GNorm = 1.7166, lr_0 = 6.7580e-04
Loss = 3.1377e-02, PNorm = 62.2450, GNorm = 1.0320, lr_0 = 6.7603e-04
Loss = 3.4791e-02, PNorm = 62.2590, GNorm = 1.7030, lr_0 = 6.7625e-04
Loss = 3.5239e-02, PNorm = 62.2756, GNorm = 0.5982, lr_0 = 6.7648e-04
Loss = 2.7296e-02, PNorm = 62.2915, GNorm = 0.9806, lr_0 = 6.7670e-04
Loss = 3.2273e-02, PNorm = 62.3028, GNorm = 0.4621, lr_0 = 6.7693e-04
Loss = 3.0984e-02, PNorm = 62.3129, GNorm = 1.0804, lr_0 = 6.7715e-04
Loss = 2.9667e-02, PNorm = 62.3245, GNorm = 1.8102, lr_0 = 6.7738e-04
Loss = 2.9931e-02, PNorm = 62.3371, GNorm = 1.4676, lr_0 = 6.7760e-04
Loss = 3.4882e-02, PNorm = 62.3532, GNorm = 1.2906, lr_0 = 6.7783e-04
Loss = 3.1010e-02, PNorm = 62.3694, GNorm = 1.5898, lr_0 = 6.7805e-04
Loss = 3.1304e-02, PNorm = 62.3843, GNorm = 0.7802, lr_0 = 6.7828e-04
Loss = 3.1368e-02, PNorm = 62.3953, GNorm = 0.6252, lr_0 = 6.7850e-04
Loss = 3.1671e-02, PNorm = 62.4073, GNorm = 0.8292, lr_0 = 6.7873e-04
Loss = 3.2245e-02, PNorm = 62.4173, GNorm = 0.6726, lr_0 = 6.7895e-04
Loss = 3.2005e-02, PNorm = 62.4306, GNorm = 2.0327, lr_0 = 6.7918e-04
Loss = 3.2916e-02, PNorm = 62.4459, GNorm = 1.2512, lr_0 = 6.7940e-04
Loss = 3.1533e-02, PNorm = 62.4567, GNorm = 1.0410, lr_0 = 6.7963e-04
Loss = 3.0845e-02, PNorm = 62.4678, GNorm = 1.4146, lr_0 = 6.7985e-04
Loss = 3.3263e-02, PNorm = 62.4842, GNorm = 0.6823, lr_0 = 6.8008e-04
Loss = 3.0546e-02, PNorm = 62.4994, GNorm = 1.0326, lr_0 = 6.8030e-04
Loss = 3.7102e-02, PNorm = 62.5153, GNorm = 1.1760, lr_0 = 6.8053e-04
Loss = 3.5773e-02, PNorm = 62.5291, GNorm = 2.2088, lr_0 = 6.8075e-04
Loss = 3.2997e-02, PNorm = 62.5488, GNorm = 0.6446, lr_0 = 6.8098e-04
Loss = 3.4023e-02, PNorm = 62.5614, GNorm = 0.8702, lr_0 = 6.8120e-04
Loss = 2.7703e-02, PNorm = 62.5759, GNorm = 0.6978, lr_0 = 6.8143e-04
Loss = 3.5947e-02, PNorm = 62.5899, GNorm = 2.0069, lr_0 = 6.8166e-04
Loss = 3.3951e-02, PNorm = 62.6092, GNorm = 1.1156, lr_0 = 6.8188e-04
Loss = 3.0370e-02, PNorm = 62.6261, GNorm = 1.0212, lr_0 = 6.8211e-04
Loss = 3.8693e-02, PNorm = 62.6427, GNorm = 2.1220, lr_0 = 6.8233e-04
Loss = 3.5215e-02, PNorm = 62.6586, GNorm = 1.7772, lr_0 = 6.8256e-04
Loss = 3.4111e-02, PNorm = 62.6804, GNorm = 0.9731, lr_0 = 6.8278e-04
Loss = 2.9191e-02, PNorm = 62.6943, GNorm = 1.9190, lr_0 = 6.8301e-04
Loss = 3.0114e-02, PNorm = 62.7054, GNorm = 0.7441, lr_0 = 6.8323e-04
Loss = 3.3402e-02, PNorm = 62.7188, GNorm = 0.7971, lr_0 = 6.8346e-04
Loss = 3.0898e-02, PNorm = 62.7338, GNorm = 1.7143, lr_0 = 6.8368e-04
Loss = 3.1190e-02, PNorm = 62.7480, GNorm = 0.8737, lr_0 = 6.8391e-04
Loss = 3.4028e-02, PNorm = 62.7603, GNorm = 2.2212, lr_0 = 6.8413e-04
Loss = 3.7171e-02, PNorm = 62.7772, GNorm = 0.7234, lr_0 = 6.8436e-04
Loss = 4.8629e-02, PNorm = 62.7968, GNorm = 2.7483, lr_0 = 6.8458e-04
Loss = 3.5953e-02, PNorm = 62.8158, GNorm = 1.2450, lr_0 = 6.8481e-04
Loss = 3.7997e-02, PNorm = 62.8332, GNorm = 0.9809, lr_0 = 6.8503e-04
Loss = 4.3480e-02, PNorm = 62.8548, GNorm = 1.6776, lr_0 = 6.8526e-04
Loss = 3.1804e-02, PNorm = 62.8727, GNorm = 0.8068, lr_0 = 6.8548e-04
Loss = 3.0519e-02, PNorm = 62.8865, GNorm = 0.6018, lr_0 = 6.8571e-04
Loss = 3.1602e-02, PNorm = 62.9032, GNorm = 0.6258, lr_0 = 6.8593e-04
Loss = 3.2898e-02, PNorm = 62.9200, GNorm = 0.8544, lr_0 = 6.8616e-04
Loss = 2.9294e-02, PNorm = 62.9333, GNorm = 0.5926, lr_0 = 6.8638e-04
Loss = 2.7654e-02, PNorm = 62.9454, GNorm = 0.9966, lr_0 = 6.8661e-04
Loss = 2.9707e-02, PNorm = 62.9580, GNorm = 0.7514, lr_0 = 6.8683e-04
Loss = 2.9380e-02, PNorm = 62.9719, GNorm = 1.6362, lr_0 = 6.8706e-04
Loss = 2.5634e-02, PNorm = 62.9823, GNorm = 0.7220, lr_0 = 6.8728e-04
Loss = 2.4925e-02, PNorm = 62.9945, GNorm = 0.7115, lr_0 = 6.8751e-04
Loss = 2.7716e-02, PNorm = 63.0064, GNorm = 0.9917, lr_0 = 6.8773e-04
Loss = 3.2890e-02, PNorm = 63.0228, GNorm = 1.6105, lr_0 = 6.8796e-04
Loss = 3.0852e-02, PNorm = 63.0375, GNorm = 1.0753, lr_0 = 6.8818e-04
Loss = 2.5332e-02, PNorm = 63.0497, GNorm = 0.6459, lr_0 = 6.8841e-04
Loss = 2.7780e-02, PNorm = 63.0598, GNorm = 1.2943, lr_0 = 6.8863e-04
Loss = 2.9463e-02, PNorm = 63.0705, GNorm = 0.9460, lr_0 = 6.8886e-04
Loss = 3.6974e-02, PNorm = 63.0875, GNorm = 1.6928, lr_0 = 6.8908e-04
Loss = 2.9299e-02, PNorm = 63.1023, GNorm = 1.9184, lr_0 = 6.8931e-04
Loss = 3.5157e-02, PNorm = 63.1168, GNorm = 1.6508, lr_0 = 6.8953e-04
Loss = 3.3167e-02, PNorm = 63.1325, GNorm = 1.1801, lr_0 = 6.8976e-04
Loss = 3.3848e-02, PNorm = 63.1470, GNorm = 0.6782, lr_0 = 6.8998e-04
Loss = 2.7542e-02, PNorm = 63.1629, GNorm = 0.9565, lr_0 = 6.9021e-04
Loss = 4.2832e-02, PNorm = 63.1805, GNorm = 2.7726, lr_0 = 6.9043e-04
Loss = 4.4586e-02, PNorm = 63.2011, GNorm = 2.3158, lr_0 = 6.9066e-04
Loss = 3.9495e-02, PNorm = 63.2248, GNorm = 1.4995, lr_0 = 6.9088e-04
Loss = 2.8574e-02, PNorm = 63.2432, GNorm = 0.5646, lr_0 = 6.9111e-04
Loss = 3.2982e-02, PNorm = 63.2574, GNorm = 0.9442, lr_0 = 6.9133e-04
Loss = 2.8351e-02, PNorm = 63.2716, GNorm = 0.7357, lr_0 = 6.9156e-04
Loss = 2.9160e-02, PNorm = 63.2855, GNorm = 1.5755, lr_0 = 6.9178e-04
Loss = 3.3463e-02, PNorm = 63.3035, GNorm = 0.8082, lr_0 = 6.9201e-04
Loss = 2.7492e-02, PNorm = 63.3145, GNorm = 0.5928, lr_0 = 6.9223e-04
Loss = 3.0221e-02, PNorm = 63.3247, GNorm = 1.6731, lr_0 = 6.9246e-04
Loss = 3.3741e-02, PNorm = 63.3381, GNorm = 1.6202, lr_0 = 6.9268e-04
Loss = 3.8140e-02, PNorm = 63.3540, GNorm = 1.4187, lr_0 = 6.9291e-04
Loss = 3.8539e-02, PNorm = 63.3720, GNorm = 1.5367, lr_0 = 6.9313e-04
Loss = 3.0849e-02, PNorm = 63.3925, GNorm = 0.8922, lr_0 = 6.9336e-04
Loss = 2.9770e-02, PNorm = 63.4063, GNorm = 0.8991, lr_0 = 6.9358e-04
Loss = 2.8133e-02, PNorm = 63.4168, GNorm = 0.7508, lr_0 = 6.9381e-04
Loss = 3.3612e-02, PNorm = 63.4314, GNorm = 1.0790, lr_0 = 6.9404e-04
Loss = 2.6725e-02, PNorm = 63.4453, GNorm = 0.7610, lr_0 = 6.9426e-04
Loss = 3.2493e-02, PNorm = 63.4601, GNorm = 1.6225, lr_0 = 6.9449e-04
Loss = 2.7159e-02, PNorm = 63.4752, GNorm = 0.7291, lr_0 = 6.9471e-04
Loss = 3.0344e-02, PNorm = 63.4906, GNorm = 0.7054, lr_0 = 6.9494e-04
Loss = 3.9038e-02, PNorm = 63.5095, GNorm = 1.7815, lr_0 = 6.9516e-04
Loss = 3.0924e-02, PNorm = 63.5247, GNorm = 1.4255, lr_0 = 6.9539e-04
Loss = 2.7660e-02, PNorm = 63.5384, GNorm = 0.4732, lr_0 = 6.9561e-04
Loss = 2.9733e-02, PNorm = 63.5525, GNorm = 0.5779, lr_0 = 6.9584e-04
Loss = 3.1838e-02, PNorm = 63.5661, GNorm = 1.7846, lr_0 = 6.9606e-04
Loss = 3.9285e-02, PNorm = 63.5805, GNorm = 0.6781, lr_0 = 6.9629e-04
Loss = 3.5591e-02, PNorm = 63.5976, GNorm = 2.5486, lr_0 = 6.9651e-04
Loss = 2.9342e-02, PNorm = 63.6167, GNorm = 1.1861, lr_0 = 6.9674e-04
Loss = 2.9834e-02, PNorm = 63.6332, GNorm = 0.7450, lr_0 = 6.9696e-04
Loss = 3.0414e-02, PNorm = 63.6470, GNorm = 1.5318, lr_0 = 6.9719e-04
Loss = 2.8928e-02, PNorm = 63.6638, GNorm = 0.9170, lr_0 = 6.9741e-04
Loss = 3.4121e-02, PNorm = 63.6751, GNorm = 1.3521, lr_0 = 6.9764e-04
Loss = 3.4186e-02, PNorm = 63.6900, GNorm = 2.4121, lr_0 = 6.9786e-04
Loss = 3.7393e-02, PNorm = 63.7055, GNorm = 1.6500, lr_0 = 6.9809e-04
Loss = 2.8168e-02, PNorm = 63.7245, GNorm = 1.6891, lr_0 = 6.9831e-04
Loss = 2.8326e-02, PNorm = 63.7452, GNorm = 0.8399, lr_0 = 6.9854e-04
Loss = 2.7987e-02, PNorm = 63.7555, GNorm = 1.1517, lr_0 = 6.9876e-04
Loss = 3.4959e-02, PNorm = 63.7691, GNorm = 1.0939, lr_0 = 6.9899e-04
Loss = 3.2395e-02, PNorm = 63.7856, GNorm = 0.6326, lr_0 = 6.9921e-04
Loss = 2.7251e-02, PNorm = 63.7989, GNorm = 1.5082, lr_0 = 6.9944e-04
Loss = 3.3077e-02, PNorm = 63.8131, GNorm = 1.0025, lr_0 = 6.9966e-04
Loss = 3.2667e-02, PNorm = 63.8279, GNorm = 0.7309, lr_0 = 6.9989e-04
Loss = 2.6797e-02, PNorm = 63.8451, GNorm = 0.5634, lr_0 = 7.0011e-04
Loss = 2.9399e-02, PNorm = 63.8598, GNorm = 0.5748, lr_0 = 7.0034e-04
Loss = 2.6972e-02, PNorm = 63.8766, GNorm = 0.6242, lr_0 = 7.0056e-04
Loss = 2.7736e-02, PNorm = 63.8889, GNorm = 1.7016, lr_0 = 7.0079e-04
Loss = 3.1872e-02, PNorm = 63.9049, GNorm = 2.0118, lr_0 = 7.0101e-04
Loss = 2.8456e-02, PNorm = 63.9192, GNorm = 1.5687, lr_0 = 7.0124e-04
Loss = 3.0074e-02, PNorm = 63.9336, GNorm = 0.5513, lr_0 = 7.0146e-04
Loss = 2.7482e-02, PNorm = 63.9471, GNorm = 0.6641, lr_0 = 7.0169e-04
Loss = 3.1315e-02, PNorm = 63.9611, GNorm = 1.8179, lr_0 = 7.0191e-04
Loss = 2.9743e-02, PNorm = 63.9783, GNorm = 0.9692, lr_0 = 7.0214e-04
Loss = 2.6844e-02, PNorm = 63.9874, GNorm = 0.8193, lr_0 = 7.0236e-04
Loss = 3.0615e-02, PNorm = 63.9971, GNorm = 0.7611, lr_0 = 7.0259e-04
Loss = 2.9310e-02, PNorm = 64.0095, GNorm = 0.7996, lr_0 = 7.0281e-04
Loss = 3.4791e-02, PNorm = 64.0257, GNorm = 0.8796, lr_0 = 7.0304e-04
Loss = 3.0430e-02, PNorm = 64.0397, GNorm = 0.8241, lr_0 = 7.0326e-04
Loss = 3.7542e-02, PNorm = 64.0547, GNorm = 2.4253, lr_0 = 7.0349e-04
Loss = 2.9532e-02, PNorm = 64.0698, GNorm = 1.2437, lr_0 = 7.0371e-04
Loss = 2.7687e-02, PNorm = 64.0850, GNorm = 0.6309, lr_0 = 7.0394e-04
Loss = 2.7391e-02, PNorm = 64.0982, GNorm = 1.1765, lr_0 = 7.0416e-04
Loss = 2.8689e-02, PNorm = 64.1093, GNorm = 0.6911, lr_0 = 7.0439e-04
Loss = 2.6917e-02, PNorm = 64.1232, GNorm = 0.9881, lr_0 = 7.0461e-04
Loss = 3.1320e-02, PNorm = 64.1391, GNorm = 1.3704, lr_0 = 7.0484e-04
Loss = 2.5150e-02, PNorm = 64.1528, GNorm = 0.9446, lr_0 = 7.0506e-04
Loss = 2.7642e-02, PNorm = 64.1705, GNorm = 1.5732, lr_0 = 7.0529e-04
Loss = 2.4840e-02, PNorm = 64.1880, GNorm = 0.8845, lr_0 = 7.0551e-04
Loss = 2.6819e-02, PNorm = 64.2038, GNorm = 1.6922, lr_0 = 7.0574e-04
Loss = 3.3439e-02, PNorm = 64.2222, GNorm = 0.7457, lr_0 = 7.0596e-04
Loss = 2.9038e-02, PNorm = 64.2361, GNorm = 0.5029, lr_0 = 7.0619e-04
Loss = 2.9139e-02, PNorm = 64.2494, GNorm = 1.3003, lr_0 = 7.0642e-04
Loss = 2.9426e-02, PNorm = 64.2584, GNorm = 1.5920, lr_0 = 7.0664e-04
Loss = 3.1075e-02, PNorm = 64.2735, GNorm = 0.5555, lr_0 = 7.0687e-04
Loss = 2.7062e-02, PNorm = 64.2870, GNorm = 1.2887, lr_0 = 7.0709e-04
Loss = 3.0175e-02, PNorm = 64.3025, GNorm = 0.8999, lr_0 = 7.0732e-04
Loss = 3.1116e-02, PNorm = 64.3197, GNorm = 1.1550, lr_0 = 7.0754e-04
Loss = 2.7760e-02, PNorm = 64.3326, GNorm = 0.6989, lr_0 = 7.0777e-04
Loss = 2.6946e-02, PNorm = 64.3450, GNorm = 0.6287, lr_0 = 7.0799e-04
Loss = 3.0519e-02, PNorm = 64.3593, GNorm = 1.6801, lr_0 = 7.0822e-04
Loss = 2.7892e-02, PNorm = 64.3735, GNorm = 0.6247, lr_0 = 7.0844e-04
Loss = 2.7422e-02, PNorm = 64.3874, GNorm = 0.7434, lr_0 = 7.0867e-04
Loss = 3.3851e-02, PNorm = 64.4006, GNorm = 1.6066, lr_0 = 7.0889e-04
Loss = 3.1106e-02, PNorm = 64.4164, GNorm = 1.2798, lr_0 = 7.0912e-04
Loss = 3.0508e-02, PNorm = 64.4311, GNorm = 1.8216, lr_0 = 7.0934e-04
Loss = 3.6430e-02, PNorm = 64.4443, GNorm = 1.7490, lr_0 = 7.0957e-04
Loss = 3.5302e-02, PNorm = 64.4613, GNorm = 2.4088, lr_0 = 7.0979e-04
Loss = 3.6723e-02, PNorm = 64.4777, GNorm = 0.7389, lr_0 = 7.1002e-04
Loss = 3.9522e-02, PNorm = 64.4948, GNorm = 0.7865, lr_0 = 7.1024e-04
Loss = 3.6084e-02, PNorm = 64.5136, GNorm = 2.1740, lr_0 = 7.1047e-04
Loss = 3.5436e-02, PNorm = 64.5319, GNorm = 1.0990, lr_0 = 7.1069e-04
Loss = 4.6008e-02, PNorm = 64.5563, GNorm = 3.0108, lr_0 = 7.1092e-04
Loss = 3.5711e-02, PNorm = 64.5781, GNorm = 1.3936, lr_0 = 7.1114e-04
Loss = 3.4673e-02, PNorm = 64.5972, GNorm = 2.1059, lr_0 = 7.1137e-04
Loss = 4.0400e-02, PNorm = 64.6217, GNorm = 2.0798, lr_0 = 7.1159e-04
Loss = 3.9490e-02, PNorm = 64.6436, GNorm = 1.0348, lr_0 = 7.1182e-04
Loss = 2.8706e-02, PNorm = 64.6655, GNorm = 0.8829, lr_0 = 7.1204e-04
Loss = 2.9995e-02, PNorm = 64.6846, GNorm = 0.8313, lr_0 = 7.1227e-04
Loss = 3.4725e-02, PNorm = 64.7009, GNorm = 1.2329, lr_0 = 7.1249e-04
Loss = 3.2637e-02, PNorm = 64.7178, GNorm = 0.6094, lr_0 = 7.1272e-04
Loss = 2.8118e-02, PNorm = 64.7320, GNorm = 0.5849, lr_0 = 7.1294e-04
Loss = 2.9941e-02, PNorm = 64.7406, GNorm = 0.6241, lr_0 = 7.1317e-04
Loss = 2.7858e-02, PNorm = 64.7549, GNorm = 1.3504, lr_0 = 7.1339e-04
Loss = 2.5736e-02, PNorm = 64.7649, GNorm = 0.8699, lr_0 = 7.1362e-04
Loss = 2.6144e-02, PNorm = 64.7775, GNorm = 0.8542, lr_0 = 7.1384e-04
Loss = 2.5223e-02, PNorm = 64.7899, GNorm = 0.7498, lr_0 = 7.1407e-04
Loss = 2.4158e-02, PNorm = 64.8040, GNorm = 0.7722, lr_0 = 7.1429e-04
Loss = 2.6704e-02, PNorm = 64.8176, GNorm = 0.6172, lr_0 = 7.1452e-04
Loss = 2.3923e-02, PNorm = 64.8322, GNorm = 0.7408, lr_0 = 7.1474e-04
Loss = 2.5051e-02, PNorm = 64.8417, GNorm = 1.3838, lr_0 = 7.1497e-04
Loss = 2.7294e-02, PNorm = 64.8584, GNorm = 1.0568, lr_0 = 7.1519e-04
Loss = 3.2015e-02, PNorm = 64.8732, GNorm = 1.2820, lr_0 = 7.1542e-04
Loss = 3.0653e-02, PNorm = 64.8851, GNorm = 0.5800, lr_0 = 7.1564e-04
Loss = 3.4326e-02, PNorm = 64.9018, GNorm = 1.9616, lr_0 = 7.1587e-04
Loss = 3.1933e-02, PNorm = 64.9148, GNorm = 0.7674, lr_0 = 7.1609e-04
Loss = 3.0929e-02, PNorm = 64.9326, GNorm = 0.9216, lr_0 = 7.1632e-04
Loss = 3.0515e-02, PNorm = 64.9525, GNorm = 0.8535, lr_0 = 7.1654e-04
Loss = 2.6997e-02, PNorm = 64.9708, GNorm = 1.3048, lr_0 = 7.1677e-04
Loss = 2.7758e-02, PNorm = 64.9823, GNorm = 0.5527, lr_0 = 7.1699e-04
Loss = 2.5538e-02, PNorm = 64.9933, GNorm = 1.2427, lr_0 = 7.1722e-04
Loss = 2.4474e-02, PNorm = 65.0055, GNorm = 0.4904, lr_0 = 7.1744e-04
Loss = 2.4686e-02, PNorm = 65.0162, GNorm = 0.5212, lr_0 = 7.1767e-04
Loss = 2.4115e-02, PNorm = 65.0273, GNorm = 1.6175, lr_0 = 7.1789e-04
Loss = 2.4658e-02, PNorm = 65.0379, GNorm = 1.7349, lr_0 = 7.1812e-04
Loss = 2.6039e-02, PNorm = 65.0505, GNorm = 0.6798, lr_0 = 7.1834e-04
Loss = 2.8047e-02, PNorm = 65.0592, GNorm = 0.6322, lr_0 = 7.1857e-04
Loss = 2.7651e-02, PNorm = 65.0680, GNorm = 1.1547, lr_0 = 7.1880e-04
Loss = 3.5081e-02, PNorm = 65.0861, GNorm = 1.9689, lr_0 = 7.1902e-04
Loss = 4.6619e-02, PNorm = 65.1045, GNorm = 2.9546, lr_0 = 7.1925e-04
Loss = 3.7625e-02, PNorm = 65.1262, GNorm = 1.0386, lr_0 = 7.1947e-04
Loss = 2.8504e-02, PNorm = 65.1414, GNorm = 0.7444, lr_0 = 7.1970e-04
Loss = 3.7722e-02, PNorm = 65.1597, GNorm = 3.5804, lr_0 = 7.1992e-04
Loss = 4.4055e-02, PNorm = 65.1794, GNorm = 0.6674, lr_0 = 7.2015e-04
Loss = 3.3937e-02, PNorm = 65.2021, GNorm = 0.9817, lr_0 = 7.2037e-04
Loss = 2.8410e-02, PNorm = 65.2226, GNorm = 0.5927, lr_0 = 7.2060e-04
Loss = 3.0455e-02, PNorm = 65.2421, GNorm = 1.8125, lr_0 = 7.2082e-04
Loss = 3.1567e-02, PNorm = 65.2604, GNorm = 1.2638, lr_0 = 7.2105e-04
Loss = 3.5500e-02, PNorm = 65.2810, GNorm = 0.6196, lr_0 = 7.2127e-04
Loss = 3.0574e-02, PNorm = 65.2993, GNorm = 0.9445, lr_0 = 7.2150e-04
Loss = 3.0638e-02, PNorm = 65.3150, GNorm = 1.2773, lr_0 = 7.2172e-04
Loss = 2.5337e-02, PNorm = 65.3304, GNorm = 0.9220, lr_0 = 7.2195e-04
Loss = 2.4750e-02, PNorm = 65.3471, GNorm = 0.5828, lr_0 = 7.2217e-04
Loss = 2.7659e-02, PNorm = 65.3605, GNorm = 1.2870, lr_0 = 7.2240e-04
Loss = 2.4389e-02, PNorm = 65.3694, GNorm = 1.0632, lr_0 = 7.2262e-04
Loss = 2.5398e-02, PNorm = 65.3830, GNorm = 1.1743, lr_0 = 7.2285e-04
Loss = 2.4911e-02, PNorm = 65.3974, GNorm = 1.1093, lr_0 = 7.2307e-04
Loss = 2.5233e-02, PNorm = 65.4085, GNorm = 0.7702, lr_0 = 7.2330e-04
Loss = 2.4445e-02, PNorm = 65.4207, GNorm = 0.9466, lr_0 = 7.2352e-04
Loss = 2.5276e-02, PNorm = 65.4331, GNorm = 0.6290, lr_0 = 7.2375e-04
Loss = 2.3048e-02, PNorm = 65.4414, GNorm = 0.5268, lr_0 = 7.2397e-04
Loss = 2.2681e-02, PNorm = 65.4563, GNorm = 0.9093, lr_0 = 7.2420e-04
Loss = 2.1120e-02, PNorm = 65.4693, GNorm = 0.7068, lr_0 = 7.2442e-04
Loss = 2.5081e-02, PNorm = 65.4824, GNorm = 0.6346, lr_0 = 7.2465e-04
Loss = 2.3984e-02, PNorm = 65.4973, GNorm = 0.5419, lr_0 = 7.2487e-04
Loss = 2.7189e-02, PNorm = 65.5118, GNorm = 0.9158, lr_0 = 7.2510e-04
Loss = 2.7089e-02, PNorm = 65.5263, GNorm = 1.3882, lr_0 = 7.2532e-04
Loss = 2.7992e-02, PNorm = 65.5409, GNorm = 1.1270, lr_0 = 7.2555e-04
Loss = 2.8969e-02, PNorm = 65.5566, GNorm = 0.4177, lr_0 = 7.2577e-04
Loss = 2.2804e-02, PNorm = 65.5715, GNorm = 0.5071, lr_0 = 7.2600e-04
Loss = 2.7386e-02, PNorm = 65.5857, GNorm = 1.2715, lr_0 = 7.2622e-04
Loss = 2.6026e-02, PNorm = 65.6026, GNorm = 2.0977, lr_0 = 7.2645e-04
Loss = 2.8143e-02, PNorm = 65.6150, GNorm = 1.2484, lr_0 = 7.2667e-04
Loss = 2.4310e-02, PNorm = 65.6268, GNorm = 1.4434, lr_0 = 7.2690e-04
Loss = 2.3840e-02, PNorm = 65.6439, GNorm = 0.6204, lr_0 = 7.2712e-04
Loss = 2.4255e-02, PNorm = 65.6589, GNorm = 1.3544, lr_0 = 7.2735e-04
Loss = 2.7315e-02, PNorm = 65.6759, GNorm = 0.6426, lr_0 = 7.2757e-04
Loss = 3.1387e-02, PNorm = 65.6877, GNorm = 0.6039, lr_0 = 7.2780e-04
Loss = 2.9165e-02, PNorm = 65.7047, GNorm = 0.7687, lr_0 = 7.2802e-04
Loss = 2.9213e-02, PNorm = 65.7225, GNorm = 0.6268, lr_0 = 7.2825e-04
Loss = 3.2827e-02, PNorm = 65.7427, GNorm = 0.7923, lr_0 = 7.2847e-04
Loss = 2.8400e-02, PNorm = 65.7603, GNorm = 0.9577, lr_0 = 7.2870e-04
Loss = 2.5194e-02, PNorm = 65.7748, GNorm = 1.5095, lr_0 = 7.2892e-04
Loss = 2.8113e-02, PNorm = 65.7857, GNorm = 0.7366, lr_0 = 7.2915e-04
Loss = 3.5120e-02, PNorm = 65.8052, GNorm = 1.0706, lr_0 = 7.2937e-04
Loss = 3.0646e-02, PNorm = 65.8237, GNorm = 0.9354, lr_0 = 7.2960e-04
Loss = 2.9696e-02, PNorm = 65.8397, GNorm = 2.4117, lr_0 = 7.2982e-04
Loss = 2.9927e-02, PNorm = 65.8575, GNorm = 0.7979, lr_0 = 7.3005e-04
Loss = 2.4911e-02, PNorm = 65.8732, GNorm = 0.6959, lr_0 = 7.3027e-04
Loss = 3.1478e-02, PNorm = 65.8942, GNorm = 1.7497, lr_0 = 7.3050e-04
Loss = 3.2820e-02, PNorm = 65.9114, GNorm = 0.6488, lr_0 = 7.3072e-04
Loss = 3.0225e-02, PNorm = 65.9337, GNorm = 1.9461, lr_0 = 7.3095e-04
Loss = 2.7577e-02, PNorm = 65.9516, GNorm = 0.7539, lr_0 = 7.3117e-04
Loss = 2.4431e-02, PNorm = 65.9700, GNorm = 0.5360, lr_0 = 7.3140e-04
Loss = 3.8305e-02, PNorm = 65.9870, GNorm = 3.3060, lr_0 = 7.3163e-04
Loss = 3.7681e-02, PNorm = 66.0099, GNorm = 1.5326, lr_0 = 7.3185e-04
Loss = 3.3961e-02, PNorm = 66.0331, GNorm = 1.0147, lr_0 = 7.3208e-04
Loss = 3.4143e-02, PNorm = 66.0582, GNorm = 2.8752, lr_0 = 7.3230e-04
Loss = 2.8743e-02, PNorm = 66.0776, GNorm = 0.6751, lr_0 = 7.3253e-04
Loss = 2.9981e-02, PNorm = 66.0912, GNorm = 0.4853, lr_0 = 7.3275e-04
Loss = 3.1812e-02, PNorm = 66.1121, GNorm = 1.4029, lr_0 = 7.3298e-04
Loss = 2.9675e-02, PNorm = 66.1276, GNorm = 0.9873, lr_0 = 7.3320e-04
Loss = 3.0691e-02, PNorm = 66.1434, GNorm = 2.6815, lr_0 = 7.3343e-04
Loss = 3.8007e-02, PNorm = 66.1627, GNorm = 1.9103, lr_0 = 7.3365e-04
Loss = 3.5045e-02, PNorm = 66.1831, GNorm = 1.0248, lr_0 = 7.3388e-04
Loss = 2.6621e-02, PNorm = 66.2024, GNorm = 0.5095, lr_0 = 7.3410e-04
Loss = 3.2093e-02, PNorm = 66.2212, GNorm = 0.7725, lr_0 = 7.3433e-04
Loss = 3.1475e-02, PNorm = 66.2421, GNorm = 0.8328, lr_0 = 7.3455e-04
Loss = 2.8990e-02, PNorm = 66.2614, GNorm = 1.2316, lr_0 = 7.3478e-04
Loss = 3.3625e-02, PNorm = 66.2824, GNorm = 2.9405, lr_0 = 7.3500e-04
Loss = 3.5415e-02, PNorm = 66.2989, GNorm = 2.6255, lr_0 = 7.3523e-04
Loss = 3.0115e-02, PNorm = 66.3193, GNorm = 0.9547, lr_0 = 7.3545e-04
Loss = 2.6930e-02, PNorm = 66.3385, GNorm = 0.9555, lr_0 = 7.3568e-04
Loss = 2.7741e-02, PNorm = 66.3521, GNorm = 0.4932, lr_0 = 7.3590e-04
Loss = 3.1492e-02, PNorm = 66.3701, GNorm = 0.5715, lr_0 = 7.3613e-04
Loss = 2.7221e-02, PNorm = 66.3876, GNorm = 0.5175, lr_0 = 7.3635e-04
Loss = 2.9106e-02, PNorm = 66.4010, GNorm = 1.7317, lr_0 = 7.3658e-04
Loss = 3.0558e-02, PNorm = 66.4119, GNorm = 2.0500, lr_0 = 7.3680e-04
Loss = 2.8877e-02, PNorm = 66.4254, GNorm = 1.9593, lr_0 = 7.3703e-04
Loss = 3.2769e-02, PNorm = 66.4439, GNorm = 2.4883, lr_0 = 7.3725e-04
Loss = 3.6238e-02, PNorm = 66.4618, GNorm = 1.4390, lr_0 = 7.3748e-04
Loss = 3.3282e-02, PNorm = 66.4834, GNorm = 1.0534, lr_0 = 7.3770e-04
Loss = 2.9741e-02, PNorm = 66.4991, GNorm = 1.7280, lr_0 = 7.3793e-04
Loss = 2.7643e-02, PNorm = 66.5172, GNorm = 0.5986, lr_0 = 7.3815e-04
Loss = 3.1558e-02, PNorm = 66.5342, GNorm = 0.5889, lr_0 = 7.3838e-04
Loss = 2.7162e-02, PNorm = 66.5483, GNorm = 1.0710, lr_0 = 7.3860e-04
Loss = 2.7609e-02, PNorm = 66.5620, GNorm = 1.0127, lr_0 = 7.3883e-04
Loss = 2.8683e-02, PNorm = 66.5761, GNorm = 0.4650, lr_0 = 7.3905e-04
Loss = 2.3349e-02, PNorm = 66.5942, GNorm = 0.9339, lr_0 = 7.3928e-04
Loss = 2.6843e-02, PNorm = 66.6057, GNorm = 1.6062, lr_0 = 7.3950e-04
Loss = 2.5999e-02, PNorm = 66.6215, GNorm = 0.5192, lr_0 = 7.3973e-04
Loss = 3.0576e-02, PNorm = 66.6377, GNorm = 1.8290, lr_0 = 7.3995e-04
Loss = 2.8570e-02, PNorm = 66.6514, GNorm = 1.2743, lr_0 = 7.4018e-04
Loss = 3.0479e-02, PNorm = 66.6685, GNorm = 1.9232, lr_0 = 7.4040e-04
Loss = 4.8528e-02, PNorm = 66.6863, GNorm = 3.2306, lr_0 = 7.4063e-04
Loss = 4.1954e-02, PNorm = 66.7079, GNorm = 2.1620, lr_0 = 7.4085e-04
Loss = 3.9082e-02, PNorm = 66.7323, GNorm = 0.7618, lr_0 = 7.4108e-04
Loss = 3.6425e-02, PNorm = 66.7581, GNorm = 0.7535, lr_0 = 7.4130e-04
Loss = 3.0888e-02, PNorm = 66.7794, GNorm = 0.5175, lr_0 = 7.4153e-04
Loss = 3.0063e-02, PNorm = 66.7971, GNorm = 2.2133, lr_0 = 7.4175e-04
Loss = 3.8335e-02, PNorm = 66.8175, GNorm = 2.2598, lr_0 = 7.4198e-04
Loss = 3.6307e-02, PNorm = 66.8355, GNorm = 0.6014, lr_0 = 7.4220e-04
Loss = 3.6863e-02, PNorm = 66.8545, GNorm = 1.5116, lr_0 = 7.4243e-04
Loss = 3.1997e-02, PNorm = 66.8756, GNorm = 0.7462, lr_0 = 7.4265e-04
Loss = 3.3882e-02, PNorm = 66.8950, GNorm = 1.8283, lr_0 = 7.4288e-04
Loss = 3.6765e-02, PNorm = 66.9152, GNorm = 1.6915, lr_0 = 7.4310e-04
Loss = 4.2487e-02, PNorm = 66.9424, GNorm = 0.8973, lr_0 = 7.4333e-04
Loss = 4.7929e-02, PNorm = 66.9630, GNorm = 1.6781, lr_0 = 7.4355e-04
Loss = 4.0794e-02, PNorm = 66.9945, GNorm = 1.3136, lr_0 = 7.4378e-04
Loss = 4.5595e-02, PNorm = 67.0277, GNorm = 1.3498, lr_0 = 7.4401e-04
Loss = 3.2256e-02, PNorm = 67.0562, GNorm = 0.5620, lr_0 = 7.4423e-04
Loss = 3.4116e-02, PNorm = 67.0827, GNorm = 0.7640, lr_0 = 7.4446e-04
Loss = 3.8414e-02, PNorm = 67.1100, GNorm = 0.6466, lr_0 = 7.4468e-04
Loss = 3.4897e-02, PNorm = 67.1305, GNorm = 0.6051, lr_0 = 7.4491e-04
Loss = 3.1134e-02, PNorm = 67.1472, GNorm = 1.4697, lr_0 = 7.4513e-04
Loss = 2.9002e-02, PNorm = 67.1682, GNorm = 0.5632, lr_0 = 7.4536e-04
Loss = 3.0883e-02, PNorm = 67.1856, GNorm = 0.4706, lr_0 = 7.4558e-04
Loss = 2.9661e-02, PNorm = 67.2028, GNorm = 1.3694, lr_0 = 7.4581e-04
Loss = 2.5182e-02, PNorm = 67.2217, GNorm = 0.4323, lr_0 = 7.4603e-04
Loss = 2.3239e-02, PNorm = 67.2398, GNorm = 0.5346, lr_0 = 7.4626e-04
Loss = 2.3009e-02, PNorm = 67.2536, GNorm = 0.8356, lr_0 = 7.4648e-04
Loss = 2.2074e-02, PNorm = 67.2664, GNorm = 0.4854, lr_0 = 7.4671e-04
Loss = 2.8342e-02, PNorm = 67.2784, GNorm = 1.1755, lr_0 = 7.4693e-04
Loss = 2.3642e-02, PNorm = 67.2923, GNorm = 0.9348, lr_0 = 7.4716e-04
Loss = 2.2577e-02, PNorm = 67.3048, GNorm = 0.5422, lr_0 = 7.4738e-04
Loss = 2.2961e-02, PNorm = 67.3175, GNorm = 1.8754, lr_0 = 7.4761e-04
Loss = 2.7101e-02, PNorm = 67.3330, GNorm = 0.5569, lr_0 = 7.4783e-04
Loss = 2.9006e-02, PNorm = 67.3505, GNorm = 1.2861, lr_0 = 7.4806e-04
Loss = 2.9253e-02, PNorm = 67.3687, GNorm = 1.9794, lr_0 = 7.4828e-04
Loss = 3.4463e-02, PNorm = 67.3879, GNorm = 0.9975, lr_0 = 7.4851e-04
Loss = 2.9705e-02, PNorm = 67.4126, GNorm = 0.4352, lr_0 = 7.4873e-04
Loss = 2.7554e-02, PNorm = 67.4307, GNorm = 0.5891, lr_0 = 7.4896e-04
Loss = 2.7319e-02, PNorm = 67.4477, GNorm = 0.5657, lr_0 = 7.4918e-04
Loss = 2.5423e-02, PNorm = 67.4615, GNorm = 0.8274, lr_0 = 7.4941e-04
Loss = 2.4674e-02, PNorm = 67.4725, GNorm = 0.4307, lr_0 = 7.4963e-04
Loss = 2.1802e-02, PNorm = 67.4846, GNorm = 0.6515, lr_0 = 7.4986e-04
Loss = 2.4187e-02, PNorm = 67.5009, GNorm = 1.3419, lr_0 = 7.5008e-04
Loss = 2.4084e-02, PNorm = 67.5159, GNorm = 1.1671, lr_0 = 7.5031e-04
Loss = 2.7904e-02, PNorm = 67.5285, GNorm = 0.6302, lr_0 = 7.5053e-04
Loss = 3.0464e-02, PNorm = 67.5396, GNorm = 2.2013, lr_0 = 7.5076e-04
Loss = 3.0421e-02, PNorm = 67.5566, GNorm = 1.0577, lr_0 = 7.5098e-04
Loss = 2.4842e-02, PNorm = 67.5730, GNorm = 0.5318, lr_0 = 7.5121e-04
Loss = 2.4480e-02, PNorm = 67.5900, GNorm = 0.5289, lr_0 = 7.5143e-04
Loss = 2.2800e-02, PNorm = 67.6074, GNorm = 0.7860, lr_0 = 7.5166e-04
Loss = 2.5283e-02, PNorm = 67.6213, GNorm = 0.3782, lr_0 = 7.5188e-04
Loss = 2.6601e-02, PNorm = 67.6386, GNorm = 0.9281, lr_0 = 7.5211e-04
Loss = 2.3686e-02, PNorm = 67.6529, GNorm = 1.1045, lr_0 = 7.5233e-04
Loss = 2.2726e-02, PNorm = 67.6648, GNorm = 1.7710, lr_0 = 7.5256e-04
Loss = 2.7145e-02, PNorm = 67.6743, GNorm = 0.9707, lr_0 = 7.5278e-04
Loss = 2.5210e-02, PNorm = 67.6881, GNorm = 1.4550, lr_0 = 7.5301e-04
Loss = 2.3335e-02, PNorm = 67.7016, GNorm = 1.0856, lr_0 = 7.5323e-04
Loss = 2.3066e-02, PNorm = 67.7146, GNorm = 1.3577, lr_0 = 7.5346e-04
Loss = 2.8170e-02, PNorm = 67.7292, GNorm = 0.4426, lr_0 = 7.5368e-04
Loss = 2.6849e-02, PNorm = 67.7459, GNorm = 1.3799, lr_0 = 7.5391e-04
Loss = 2.6120e-02, PNorm = 67.7603, GNorm = 0.4332, lr_0 = 7.5413e-04
Loss = 2.5136e-02, PNorm = 67.7740, GNorm = 1.6300, lr_0 = 7.5436e-04
Loss = 2.3117e-02, PNorm = 67.7856, GNorm = 0.5129, lr_0 = 7.5458e-04
Loss = 2.6314e-02, PNorm = 67.7996, GNorm = 0.7216, lr_0 = 7.5481e-04
Loss = 2.4717e-02, PNorm = 67.8177, GNorm = 0.7472, lr_0 = 7.5503e-04
Loss = 2.3023e-02, PNorm = 67.8319, GNorm = 1.4114, lr_0 = 7.5526e-04
Loss = 2.9247e-02, PNorm = 67.8495, GNorm = 1.2348, lr_0 = 7.5548e-04
Loss = 3.8830e-02, PNorm = 67.8667, GNorm = 0.4567, lr_0 = 7.5571e-04
Loss = 4.2902e-02, PNorm = 67.8926, GNorm = 1.1046, lr_0 = 7.5593e-04
Loss = 3.1802e-02, PNorm = 67.9114, GNorm = 0.6990, lr_0 = 7.5616e-04
Loss = 2.6076e-02, PNorm = 67.9317, GNorm = 0.5950, lr_0 = 7.5639e-04
Loss = 2.7186e-02, PNorm = 67.9511, GNorm = 0.6129, lr_0 = 7.5661e-04
Loss = 2.2753e-02, PNorm = 67.9683, GNorm = 0.4431, lr_0 = 7.5684e-04
Loss = 2.4061e-02, PNorm = 67.9811, GNorm = 0.8322, lr_0 = 7.5706e-04
Loss = 2.1033e-02, PNorm = 67.9940, GNorm = 0.6028, lr_0 = 7.5729e-04
Loss = 2.2446e-02, PNorm = 68.0064, GNorm = 1.1137, lr_0 = 7.5751e-04
Loss = 2.6622e-02, PNorm = 68.0183, GNorm = 1.7488, lr_0 = 7.5774e-04
Loss = 3.5192e-02, PNorm = 68.0354, GNorm = 2.9071, lr_0 = 7.5796e-04
Loss = 2.9607e-02, PNorm = 68.0495, GNorm = 1.2536, lr_0 = 7.5819e-04
Loss = 3.2450e-02, PNorm = 68.0713, GNorm = 1.1628, lr_0 = 7.5841e-04
Loss = 3.1173e-02, PNorm = 68.0952, GNorm = 2.2431, lr_0 = 7.5864e-04
Loss = 2.8150e-02, PNorm = 68.1103, GNorm = 1.6770, lr_0 = 7.5886e-04
Loss = 2.5141e-02, PNorm = 68.1269, GNorm = 0.7120, lr_0 = 7.5909e-04
Loss = 2.6149e-02, PNorm = 68.1420, GNorm = 0.5665, lr_0 = 7.5931e-04
Loss = 2.5330e-02, PNorm = 68.1578, GNorm = 0.9919, lr_0 = 7.5954e-04
Loss = 2.2524e-02, PNorm = 68.1747, GNorm = 1.2421, lr_0 = 7.5976e-04
Loss = 2.3215e-02, PNorm = 68.1915, GNorm = 1.0314, lr_0 = 7.5999e-04
Loss = 2.4979e-02, PNorm = 68.2027, GNorm = 1.3987, lr_0 = 7.6021e-04
Loss = 2.5657e-02, PNorm = 68.2144, GNorm = 1.1027, lr_0 = 7.6044e-04
Loss = 2.5728e-02, PNorm = 68.2301, GNorm = 1.6675, lr_0 = 7.6066e-04
Loss = 2.4596e-02, PNorm = 68.2496, GNorm = 0.8625, lr_0 = 7.6089e-04
Loss = 2.1501e-02, PNorm = 68.2631, GNorm = 0.7053, lr_0 = 7.6111e-04
Loss = 2.3366e-02, PNorm = 68.2746, GNorm = 0.5411, lr_0 = 7.6134e-04
Loss = 2.5158e-02, PNorm = 68.2857, GNorm = 1.0979, lr_0 = 7.6156e-04
Loss = 2.2256e-02, PNorm = 68.2997, GNorm = 0.8221, lr_0 = 7.6179e-04
Loss = 2.2745e-02, PNorm = 68.3133, GNorm = 1.3264, lr_0 = 7.6201e-04
Loss = 2.8721e-02, PNorm = 68.3277, GNorm = 1.5574, lr_0 = 7.6224e-04
Loss = 2.4647e-02, PNorm = 68.3403, GNorm = 0.5402, lr_0 = 7.6246e-04
Loss = 2.2048e-02, PNorm = 68.3545, GNorm = 0.6876, lr_0 = 7.6269e-04
Loss = 2.0698e-02, PNorm = 68.3639, GNorm = 1.0840, lr_0 = 7.6291e-04
Loss = 2.1281e-02, PNorm = 68.3780, GNorm = 0.9234, lr_0 = 7.6314e-04
Loss = 2.2325e-02, PNorm = 68.3896, GNorm = 0.4362, lr_0 = 7.6336e-04
Loss = 2.3378e-02, PNorm = 68.4036, GNorm = 0.6047, lr_0 = 7.6359e-04
Loss = 2.0910e-02, PNorm = 68.4175, GNorm = 0.7930, lr_0 = 7.6381e-04
Loss = 2.2425e-02, PNorm = 68.4277, GNorm = 0.5930, lr_0 = 7.6404e-04
Loss = 2.3840e-02, PNorm = 68.4416, GNorm = 0.7688, lr_0 = 7.6426e-04
Loss = 2.3448e-02, PNorm = 68.4572, GNorm = 1.0199, lr_0 = 7.6449e-04
Loss = 2.4506e-02, PNorm = 68.4746, GNorm = 0.8421, lr_0 = 7.6471e-04
Loss = 2.3243e-02, PNorm = 68.4880, GNorm = 0.5001, lr_0 = 7.6494e-04
Loss = 2.2738e-02, PNorm = 68.5035, GNorm = 1.2627, lr_0 = 7.6516e-04
Loss = 2.0026e-02, PNorm = 68.5148, GNorm = 0.5150, lr_0 = 7.6539e-04
Loss = 2.4214e-02, PNorm = 68.5266, GNorm = 2.6123, lr_0 = 7.6561e-04
Loss = 2.2996e-02, PNorm = 68.5413, GNorm = 0.4750, lr_0 = 7.6584e-04
Loss = 2.3708e-02, PNorm = 68.5553, GNorm = 1.3069, lr_0 = 7.6606e-04
Loss = 2.4669e-02, PNorm = 68.5717, GNorm = 0.5557, lr_0 = 7.6629e-04
Loss = 2.8048e-02, PNorm = 68.5868, GNorm = 0.9886, lr_0 = 7.6651e-04
Loss = 2.5694e-02, PNorm = 68.6055, GNorm = 0.6177, lr_0 = 7.6674e-04
Loss = 2.3776e-02, PNorm = 68.6201, GNorm = 0.7334, lr_0 = 7.6696e-04
Loss = 2.1546e-02, PNorm = 68.6363, GNorm = 0.4649, lr_0 = 7.6719e-04
Loss = 2.3687e-02, PNorm = 68.6506, GNorm = 0.4749, lr_0 = 7.6741e-04
Loss = 2.9201e-02, PNorm = 68.6644, GNorm = 2.0375, lr_0 = 7.6764e-04
Loss = 2.6888e-02, PNorm = 68.6858, GNorm = 0.7434, lr_0 = 7.6786e-04
Loss = 2.4713e-02, PNorm = 68.7018, GNorm = 1.1301, lr_0 = 7.6809e-04
Loss = 2.1193e-02, PNorm = 68.7191, GNorm = 0.5688, lr_0 = 7.6831e-04
Loss = 2.1545e-02, PNorm = 68.7330, GNorm = 0.5855, lr_0 = 7.6854e-04
Loss = 2.1597e-02, PNorm = 68.7479, GNorm = 0.6028, lr_0 = 7.6877e-04
Loss = 1.9865e-02, PNorm = 68.7571, GNorm = 1.1219, lr_0 = 7.6899e-04
Loss = 2.1858e-02, PNorm = 68.7677, GNorm = 0.7579, lr_0 = 7.6922e-04
Loss = 2.1502e-02, PNorm = 68.7780, GNorm = 0.7124, lr_0 = 7.6944e-04
Loss = 1.8704e-02, PNorm = 68.7859, GNorm = 0.5464, lr_0 = 7.6967e-04
Loss = 2.1939e-02, PNorm = 68.7991, GNorm = 0.7266, lr_0 = 7.6989e-04
Loss = 1.9366e-02, PNorm = 68.8133, GNorm = 0.5839, lr_0 = 7.7012e-04
Loss = 2.4785e-02, PNorm = 68.8312, GNorm = 2.1472, lr_0 = 7.7034e-04
Loss = 2.8882e-02, PNorm = 68.8427, GNorm = 1.4936, lr_0 = 7.7057e-04
Loss = 2.9099e-02, PNorm = 68.8625, GNorm = 0.9108, lr_0 = 7.7079e-04
Loss = 2.6728e-02, PNorm = 68.8881, GNorm = 0.5024, lr_0 = 7.7102e-04
Loss = 2.5617e-02, PNorm = 68.9091, GNorm = 0.6511, lr_0 = 7.7124e-04
Loss = 2.7418e-02, PNorm = 68.9278, GNorm = 1.2086, lr_0 = 7.7147e-04
Loss = 3.5649e-02, PNorm = 68.9473, GNorm = 1.8462, lr_0 = 7.7169e-04
Loss = 3.0616e-02, PNorm = 68.9680, GNorm = 1.1839, lr_0 = 7.7192e-04
Loss = 2.4840e-02, PNorm = 68.9921, GNorm = 0.6551, lr_0 = 7.7214e-04
Loss = 2.6659e-02, PNorm = 69.0130, GNorm = 0.8685, lr_0 = 7.7237e-04
Loss = 2.5876e-02, PNorm = 69.0342, GNorm = 0.4975, lr_0 = 7.7259e-04
Loss = 2.5160e-02, PNorm = 69.0528, GNorm = 1.3801, lr_0 = 7.7282e-04
Loss = 2.7290e-02, PNorm = 69.0701, GNorm = 0.8153, lr_0 = 7.7304e-04
Loss = 2.5852e-02, PNorm = 69.0842, GNorm = 0.5631, lr_0 = 7.7327e-04
Loss = 2.5359e-02, PNorm = 69.0985, GNorm = 0.5585, lr_0 = 7.7349e-04
Loss = 2.5893e-02, PNorm = 69.1180, GNorm = 0.6885, lr_0 = 7.7372e-04
Loss = 2.6053e-02, PNorm = 69.1366, GNorm = 1.2719, lr_0 = 7.7394e-04
Loss = 2.4488e-02, PNorm = 69.1546, GNorm = 1.3222, lr_0 = 7.7417e-04
Loss = 2.6040e-02, PNorm = 69.1752, GNorm = 1.4334, lr_0 = 7.7439e-04
Loss = 2.5631e-02, PNorm = 69.1939, GNorm = 0.8589, lr_0 = 7.7462e-04
Loss = 2.6245e-02, PNorm = 69.2111, GNorm = 1.1837, lr_0 = 7.7484e-04
Loss = 3.9175e-02, PNorm = 69.2285, GNorm = 2.3829, lr_0 = 7.7507e-04
Loss = 2.6501e-02, PNorm = 69.2514, GNorm = 1.4663, lr_0 = 7.7529e-04
Loss = 2.6008e-02, PNorm = 69.2721, GNorm = 1.0421, lr_0 = 7.7552e-04
Loss = 3.3188e-02, PNorm = 69.2927, GNorm = 2.4029, lr_0 = 7.7574e-04
Loss = 2.5189e-02, PNorm = 69.3096, GNorm = 0.7819, lr_0 = 7.7597e-04
Loss = 3.0706e-02, PNorm = 69.3284, GNorm = 1.8879, lr_0 = 7.7619e-04
Loss = 2.7034e-02, PNorm = 69.3443, GNorm = 0.4610, lr_0 = 7.7642e-04
Loss = 2.7394e-02, PNorm = 69.3595, GNorm = 1.1823, lr_0 = 7.7664e-04
Loss = 2.6671e-02, PNorm = 69.3774, GNorm = 1.7973, lr_0 = 7.7687e-04
Loss = 2.3371e-02, PNorm = 69.3924, GNorm = 1.4168, lr_0 = 7.7709e-04
Loss = 2.3154e-02, PNorm = 69.4099, GNorm = 0.6324, lr_0 = 7.7732e-04
Loss = 2.4689e-02, PNorm = 69.4300, GNorm = 0.7577, lr_0 = 7.7754e-04
Loss = 2.3083e-02, PNorm = 69.4451, GNorm = 1.3128, lr_0 = 7.7777e-04
Loss = 2.0842e-02, PNorm = 69.4545, GNorm = 0.8857, lr_0 = 7.7799e-04
Loss = 2.5596e-02, PNorm = 69.4718, GNorm = 1.7313, lr_0 = 7.7822e-04
Loss = 2.2821e-02, PNorm = 69.4909, GNorm = 0.9872, lr_0 = 7.7844e-04
Loss = 2.0642e-02, PNorm = 69.5038, GNorm = 0.7803, lr_0 = 7.7867e-04
Loss = 2.1835e-02, PNorm = 69.5147, GNorm = 0.6129, lr_0 = 7.7889e-04
Loss = 2.1672e-02, PNorm = 69.5273, GNorm = 0.7181, lr_0 = 7.7912e-04
Loss = 2.1102e-02, PNorm = 69.5381, GNorm = 0.4485, lr_0 = 7.7934e-04
Loss = 2.2109e-02, PNorm = 69.5549, GNorm = 0.8470, lr_0 = 7.7957e-04
Loss = 2.4814e-02, PNorm = 69.5678, GNorm = 0.5863, lr_0 = 7.7979e-04
Loss = 2.5818e-02, PNorm = 69.5819, GNorm = 1.8772, lr_0 = 7.8002e-04
Loss = 2.4979e-02, PNorm = 69.5994, GNorm = 0.9864, lr_0 = 7.8024e-04
Loss = 2.3328e-02, PNorm = 69.6151, GNorm = 0.4542, lr_0 = 7.8047e-04
Loss = 2.2955e-02, PNorm = 69.6354, GNorm = 2.2895, lr_0 = 7.8069e-04
Loss = 2.7744e-02, PNorm = 69.6533, GNorm = 0.5389, lr_0 = 7.8092e-04
Loss = 2.5686e-02, PNorm = 69.6669, GNorm = 1.3344, lr_0 = 7.8114e-04
Loss = 2.7977e-02, PNorm = 69.6843, GNorm = 0.6212, lr_0 = 7.8137e-04
Loss = 2.3935e-02, PNorm = 69.7033, GNorm = 1.0934, lr_0 = 7.8160e-04
Loss = 3.0291e-02, PNorm = 69.7210, GNorm = 0.4359, lr_0 = 7.8182e-04
Loss = 2.9382e-02, PNorm = 69.7387, GNorm = 1.6249, lr_0 = 7.8205e-04
Loss = 2.8995e-02, PNorm = 69.7567, GNorm = 1.7229, lr_0 = 7.8227e-04
Loss = 2.6732e-02, PNorm = 69.7768, GNorm = 1.4461, lr_0 = 7.8250e-04
Loss = 2.6905e-02, PNorm = 69.7928, GNorm = 1.4012, lr_0 = 7.8272e-04
Loss = 2.4218e-02, PNorm = 69.8125, GNorm = 0.6527, lr_0 = 7.8295e-04
Loss = 2.5957e-02, PNorm = 69.8289, GNorm = 0.5919, lr_0 = 7.8317e-04
Loss = 2.5820e-02, PNorm = 69.8464, GNorm = 1.1801, lr_0 = 7.8340e-04
Loss = 2.7040e-02, PNorm = 69.8662, GNorm = 2.2918, lr_0 = 7.8362e-04
Loss = 2.9424e-02, PNorm = 69.8880, GNorm = 0.8180, lr_0 = 7.8385e-04
Loss = 2.5240e-02, PNorm = 69.9060, GNorm = 1.3423, lr_0 = 7.8407e-04
Loss = 2.6787e-02, PNorm = 69.9197, GNorm = 1.4871, lr_0 = 7.8430e-04
Loss = 3.2415e-02, PNorm = 69.9400, GNorm = 0.5461, lr_0 = 7.8452e-04
Loss = 2.4040e-02, PNorm = 69.9605, GNorm = 0.4107, lr_0 = 7.8475e-04
Loss = 2.5196e-02, PNorm = 69.9796, GNorm = 0.7460, lr_0 = 7.8497e-04
Loss = 2.5491e-02, PNorm = 69.9977, GNorm = 0.8316, lr_0 = 7.8520e-04
Loss = 2.5920e-02, PNorm = 70.0156, GNorm = 1.0545, lr_0 = 7.8542e-04
Loss = 2.3128e-02, PNorm = 70.0335, GNorm = 0.7081, lr_0 = 7.8565e-04
Loss = 2.5343e-02, PNorm = 70.0543, GNorm = 1.1185, lr_0 = 7.8587e-04
Loss = 2.1922e-02, PNorm = 70.0776, GNorm = 0.6608, lr_0 = 7.8610e-04
Loss = 2.1387e-02, PNorm = 70.0883, GNorm = 0.8750, lr_0 = 7.8632e-04
Loss = 2.6742e-02, PNorm = 70.1064, GNorm = 1.0314, lr_0 = 7.8655e-04
Loss = 2.7144e-02, PNorm = 70.1263, GNorm = 0.4734, lr_0 = 7.8677e-04
Loss = 1.8767e-02, PNorm = 70.1431, GNorm = 0.4443, lr_0 = 7.8700e-04
Loss = 2.6882e-02, PNorm = 70.1589, GNorm = 0.9648, lr_0 = 7.8722e-04
Loss = 2.5709e-02, PNorm = 70.1816, GNorm = 1.5607, lr_0 = 7.8745e-04
Loss = 2.2376e-02, PNorm = 70.2063, GNorm = 0.5300, lr_0 = 7.8767e-04
Loss = 2.0935e-02, PNorm = 70.2197, GNorm = 0.5436, lr_0 = 7.8790e-04
Loss = 2.2469e-02, PNorm = 70.2299, GNorm = 0.9743, lr_0 = 7.8812e-04
Loss = 2.5365e-02, PNorm = 70.2471, GNorm = 0.4652, lr_0 = 7.8835e-04
Loss = 2.6375e-02, PNorm = 70.2664, GNorm = 0.5620, lr_0 = 7.8857e-04
Loss = 2.6454e-02, PNorm = 70.2801, GNorm = 2.0385, lr_0 = 7.8880e-04
Loss = 2.5503e-02, PNorm = 70.2995, GNorm = 0.8374, lr_0 = 7.8902e-04
Loss = 2.3118e-02, PNorm = 70.3168, GNorm = 0.6407, lr_0 = 7.8925e-04
Loss = 2.1463e-02, PNorm = 70.3321, GNorm = 0.7882, lr_0 = 7.8947e-04
Loss = 1.9449e-02, PNorm = 70.3467, GNorm = 0.4668, lr_0 = 7.8970e-04
Loss = 3.2074e-02, PNorm = 70.3643, GNorm = 3.3002, lr_0 = 7.8992e-04
Loss = 3.6645e-02, PNorm = 70.3930, GNorm = 1.6287, lr_0 = 7.9015e-04
Loss = 4.2346e-02, PNorm = 70.4231, GNorm = 0.6192, lr_0 = 7.9037e-04
Loss = 3.3973e-02, PNorm = 70.4552, GNorm = 0.8493, lr_0 = 7.9060e-04
Loss = 3.0550e-02, PNorm = 70.4825, GNorm = 1.4830, lr_0 = 7.9082e-04
Loss = 3.1593e-02, PNorm = 70.5060, GNorm = 1.5871, lr_0 = 7.9105e-04
Loss = 3.3169e-02, PNorm = 70.5246, GNorm = 2.4892, lr_0 = 7.9127e-04
Loss = 2.9379e-02, PNorm = 70.5412, GNorm = 0.6754, lr_0 = 7.9150e-04
Loss = 2.7392e-02, PNorm = 70.5613, GNorm = 1.5523, lr_0 = 7.9172e-04
Loss = 2.4613e-02, PNorm = 70.5807, GNorm = 0.5211, lr_0 = 7.9195e-04
Loss = 2.7540e-02, PNorm = 70.6002, GNorm = 0.6320, lr_0 = 7.9217e-04
Loss = 2.8915e-02, PNorm = 70.6222, GNorm = 2.2691, lr_0 = 7.9240e-04
Loss = 2.7435e-02, PNorm = 70.6424, GNorm = 0.5182, lr_0 = 7.9262e-04
Loss = 2.3444e-02, PNorm = 70.6571, GNorm = 0.4645, lr_0 = 7.9285e-04
Loss = 2.6293e-02, PNorm = 70.6746, GNorm = 1.4654, lr_0 = 7.9307e-04
Loss = 2.8985e-02, PNorm = 70.6969, GNorm = 1.6414, lr_0 = 7.9330e-04
Loss = 2.9513e-02, PNorm = 70.7217, GNorm = 2.6746, lr_0 = 7.9352e-04
Loss = 3.0479e-02, PNorm = 70.7408, GNorm = 0.7208, lr_0 = 7.9375e-04
Loss = 2.5752e-02, PNorm = 70.7647, GNorm = 0.6600, lr_0 = 7.9398e-04
Loss = 2.5057e-02, PNorm = 70.7826, GNorm = 0.4878, lr_0 = 7.9420e-04
Loss = 2.7158e-02, PNorm = 70.8043, GNorm = 0.9876, lr_0 = 7.9443e-04
Loss = 2.5099e-02, PNorm = 70.8210, GNorm = 0.5377, lr_0 = 7.9465e-04
Loss = 2.3632e-02, PNorm = 70.8375, GNorm = 0.7319, lr_0 = 7.9488e-04
Loss = 2.9080e-02, PNorm = 70.8598, GNorm = 0.4567, lr_0 = 7.9510e-04
Loss = 3.2093e-02, PNorm = 70.8884, GNorm = 1.0539, lr_0 = 7.9533e-04
Loss = 2.4855e-02, PNorm = 70.9098, GNorm = 0.5196, lr_0 = 7.9555e-04
Loss = 2.5785e-02, PNorm = 70.9286, GNorm = 0.6425, lr_0 = 7.9578e-04
Loss = 2.2197e-02, PNorm = 70.9424, GNorm = 0.5310, lr_0 = 7.9600e-04
Loss = 2.3450e-02, PNorm = 70.9539, GNorm = 0.5307, lr_0 = 7.9623e-04
Loss = 2.3215e-02, PNorm = 70.9717, GNorm = 0.5815, lr_0 = 7.9645e-04
Loss = 2.4050e-02, PNorm = 70.9825, GNorm = 0.5527, lr_0 = 7.9668e-04
Loss = 2.1452e-02, PNorm = 70.9994, GNorm = 0.6037, lr_0 = 7.9690e-04
Loss = 2.2776e-02, PNorm = 71.0171, GNorm = 1.1746, lr_0 = 7.9713e-04
Loss = 2.7439e-02, PNorm = 71.0329, GNorm = 1.3215, lr_0 = 7.9735e-04
Loss = 2.3078e-02, PNorm = 71.0456, GNorm = 1.8317, lr_0 = 7.9758e-04
Loss = 2.6048e-02, PNorm = 71.0602, GNorm = 0.5796, lr_0 = 7.9780e-04
Loss = 2.2523e-02, PNorm = 71.0725, GNorm = 0.7286, lr_0 = 7.9803e-04
Loss = 2.1110e-02, PNorm = 71.0880, GNorm = 0.6363, lr_0 = 7.9825e-04
Loss = 2.3629e-02, PNorm = 71.1039, GNorm = 1.0596, lr_0 = 7.9848e-04
Loss = 2.6116e-02, PNorm = 71.1246, GNorm = 0.3397, lr_0 = 7.9870e-04
Loss = 2.1760e-02, PNorm = 71.1417, GNorm = 0.4156, lr_0 = 7.9893e-04
Loss = 2.1548e-02, PNorm = 71.1544, GNorm = 1.2896, lr_0 = 7.9915e-04
Loss = 2.1150e-02, PNorm = 71.1682, GNorm = 0.6112, lr_0 = 7.9938e-04
Loss = 2.0905e-02, PNorm = 71.1834, GNorm = 1.2674, lr_0 = 7.9960e-04
Loss = 1.8481e-02, PNorm = 71.1949, GNorm = 0.6161, lr_0 = 7.9983e-04
Loss = 2.0473e-02, PNorm = 71.2095, GNorm = 0.5197, lr_0 = 8.0005e-04
Loss = 2.1097e-02, PNorm = 71.2271, GNorm = 0.4834, lr_0 = 8.0028e-04
Loss = 1.9262e-02, PNorm = 71.2437, GNorm = 0.3404, lr_0 = 8.0050e-04
Loss = 2.0331e-02, PNorm = 71.2564, GNorm = 0.7854, lr_0 = 8.0073e-04
Loss = 1.9413e-02, PNorm = 71.2661, GNorm = 0.4887, lr_0 = 8.0095e-04
Loss = 1.9789e-02, PNorm = 71.2808, GNorm = 1.0311, lr_0 = 8.0118e-04
Loss = 1.9331e-02, PNorm = 71.2936, GNorm = 0.5345, lr_0 = 8.0140e-04
Loss = 2.5262e-02, PNorm = 71.3111, GNorm = 1.4766, lr_0 = 8.0163e-04
Loss = 2.3796e-02, PNorm = 71.3272, GNorm = 2.0230, lr_0 = 8.0185e-04
Loss = 2.5751e-02, PNorm = 71.3424, GNorm = 1.2911, lr_0 = 8.0208e-04
Loss = 2.7128e-02, PNorm = 71.3594, GNorm = 1.6712, lr_0 = 8.0230e-04
Loss = 2.7541e-02, PNorm = 71.3803, GNorm = 1.4689, lr_0 = 8.0253e-04
Loss = 2.6854e-02, PNorm = 71.3993, GNorm = 0.8080, lr_0 = 8.0275e-04
Loss = 2.3723e-02, PNorm = 71.4172, GNorm = 0.8109, lr_0 = 8.0298e-04
Loss = 2.6338e-02, PNorm = 71.4329, GNorm = 0.9244, lr_0 = 8.0320e-04
Loss = 2.6942e-02, PNorm = 71.4520, GNorm = 1.0352, lr_0 = 8.0343e-04
Loss = 2.2295e-02, PNorm = 71.4709, GNorm = 0.6100, lr_0 = 8.0365e-04
Loss = 2.4151e-02, PNorm = 71.4897, GNorm = 0.9728, lr_0 = 8.0388e-04
Loss = 2.5061e-02, PNorm = 71.5052, GNorm = 0.9154, lr_0 = 8.0410e-04
Loss = 2.2634e-02, PNorm = 71.5213, GNorm = 1.3948, lr_0 = 8.0433e-04
Loss = 2.9653e-02, PNorm = 71.5396, GNorm = 0.4747, lr_0 = 8.0455e-04
Loss = 2.3949e-02, PNorm = 71.5565, GNorm = 0.8516, lr_0 = 8.0478e-04
Loss = 2.2439e-02, PNorm = 71.5763, GNorm = 0.7253, lr_0 = 8.0500e-04
Loss = 2.6010e-02, PNorm = 71.5951, GNorm = 1.9617, lr_0 = 8.0523e-04
Loss = 2.2261e-02, PNorm = 71.6169, GNorm = 0.6801, lr_0 = 8.0545e-04
Loss = 2.0706e-02, PNorm = 71.6337, GNorm = 0.7845, lr_0 = 8.0568e-04
Loss = 2.4964e-02, PNorm = 71.6516, GNorm = 0.8946, lr_0 = 8.0590e-04
Loss = 2.5085e-02, PNorm = 71.6726, GNorm = 0.8436, lr_0 = 8.0613e-04
Loss = 2.5918e-02, PNorm = 71.6921, GNorm = 0.6166, lr_0 = 8.0636e-04
Loss = 2.5977e-02, PNorm = 71.7115, GNorm = 0.7719, lr_0 = 8.0658e-04
Loss = 2.4777e-02, PNorm = 71.7275, GNorm = 1.7307, lr_0 = 8.0681e-04
Loss = 2.4924e-02, PNorm = 71.7499, GNorm = 1.7519, lr_0 = 8.0703e-04
Loss = 2.4943e-02, PNorm = 71.7748, GNorm = 0.8094, lr_0 = 8.0726e-04
Loss = 2.9420e-02, PNorm = 71.7978, GNorm = 1.2376, lr_0 = 8.0748e-04
Loss = 2.1604e-02, PNorm = 71.8131, GNorm = 0.7034, lr_0 = 8.0771e-04
Loss = 2.6235e-02, PNorm = 71.8346, GNorm = 1.0774, lr_0 = 8.0793e-04
Loss = 2.3669e-02, PNorm = 71.8533, GNorm = 0.7997, lr_0 = 8.0816e-04
Loss = 3.0753e-02, PNorm = 71.8694, GNorm = 2.1901, lr_0 = 8.0838e-04
Loss = 4.2877e-02, PNorm = 71.8875, GNorm = 2.5341, lr_0 = 8.0861e-04
Loss = 3.1361e-02, PNorm = 71.9149, GNorm = 1.2421, lr_0 = 8.0883e-04
Loss = 3.2164e-02, PNorm = 71.9403, GNorm = 1.2996, lr_0 = 8.0906e-04
Loss = 3.0704e-02, PNorm = 71.9687, GNorm = 1.0636, lr_0 = 8.0928e-04
Loss = 2.6143e-02, PNorm = 71.9957, GNorm = 0.6173, lr_0 = 8.0951e-04
Loss = 2.3543e-02, PNorm = 72.0181, GNorm = 0.4777, lr_0 = 8.0973e-04
Loss = 2.3439e-02, PNorm = 72.0306, GNorm = 1.1365, lr_0 = 8.0996e-04
Loss = 2.1919e-02, PNorm = 72.0465, GNorm = 0.3872, lr_0 = 8.1018e-04
Loss = 2.1071e-02, PNorm = 72.0617, GNorm = 0.9900, lr_0 = 8.1041e-04
Loss = 2.2435e-02, PNorm = 72.0769, GNorm = 0.4214, lr_0 = 8.1063e-04
Loss = 2.1471e-02, PNorm = 72.0965, GNorm = 0.5328, lr_0 = 8.1086e-04
Loss = 2.1652e-02, PNorm = 72.1154, GNorm = 1.0342, lr_0 = 8.1108e-04
Loss = 2.1328e-02, PNorm = 72.1358, GNorm = 0.3803, lr_0 = 8.1131e-04
Loss = 2.2281e-02, PNorm = 72.1548, GNorm = 0.8902, lr_0 = 8.1153e-04
Loss = 2.0892e-02, PNorm = 72.1690, GNorm = 0.4107, lr_0 = 8.1176e-04
Loss = 2.2640e-02, PNorm = 72.1842, GNorm = 0.8124, lr_0 = 8.1198e-04
Loss = 2.6481e-02, PNorm = 72.1988, GNorm = 0.8479, lr_0 = 8.1221e-04
Loss = 3.0483e-02, PNorm = 72.2140, GNorm = 1.4211, lr_0 = 8.1243e-04
Loss = 2.9979e-02, PNorm = 72.2368, GNorm = 2.1107, lr_0 = 8.1266e-04
Loss = 3.0709e-02, PNorm = 72.2619, GNorm = 1.6494, lr_0 = 8.1288e-04
Loss = 3.0534e-02, PNorm = 72.2838, GNorm = 0.4826, lr_0 = 8.1311e-04
Loss = 2.4915e-02, PNorm = 72.3036, GNorm = 1.3668, lr_0 = 8.1333e-04
Loss = 2.4587e-02, PNorm = 72.3242, GNorm = 0.6631, lr_0 = 8.1356e-04
Loss = 2.2467e-02, PNorm = 72.3400, GNorm = 0.7606, lr_0 = 8.1378e-04
Loss = 2.0672e-02, PNorm = 72.3576, GNorm = 0.7861, lr_0 = 8.1401e-04
Loss = 2.5414e-02, PNorm = 72.3714, GNorm = 0.9594, lr_0 = 8.1423e-04
Loss = 3.2634e-02, PNorm = 72.3912, GNorm = 0.4316, lr_0 = 8.1446e-04
Loss = 3.4119e-02, PNorm = 72.4171, GNorm = 0.5289, lr_0 = 8.1468e-04
Loss = 3.8121e-02, PNorm = 72.4464, GNorm = 0.7142, lr_0 = 8.1491e-04
Loss = 4.6701e-02, PNorm = 72.4766, GNorm = 1.3278, lr_0 = 8.1513e-04
Loss = 4.0913e-02, PNorm = 72.5051, GNorm = 0.8059, lr_0 = 8.1536e-04
Loss = 3.0571e-02, PNorm = 72.5336, GNorm = 1.5108, lr_0 = 8.1558e-04
Loss = 2.8547e-02, PNorm = 72.5587, GNorm = 2.0183, lr_0 = 8.1581e-04
Loss = 3.0766e-02, PNorm = 72.5874, GNorm = 0.5242, lr_0 = 8.1603e-04
Loss = 2.4826e-02, PNorm = 72.6107, GNorm = 0.9090, lr_0 = 8.1626e-04
Loss = 2.7915e-02, PNorm = 72.6287, GNorm = 1.3882, lr_0 = 8.1648e-04
Loss = 2.5290e-02, PNorm = 72.6524, GNorm = 1.4078, lr_0 = 8.1671e-04
Loss = 2.4230e-02, PNorm = 72.6702, GNorm = 0.4846, lr_0 = 8.1693e-04
Loss = 2.3027e-02, PNorm = 72.6876, GNorm = 0.6726, lr_0 = 8.1716e-04
Loss = 2.6187e-02, PNorm = 72.7084, GNorm = 0.3484, lr_0 = 8.1738e-04
Loss = 3.4156e-02, PNorm = 72.7271, GNorm = 2.2604, lr_0 = 8.1761e-04
Loss = 3.1251e-02, PNorm = 72.7531, GNorm = 0.4883, lr_0 = 8.1783e-04
Loss = 3.1149e-02, PNorm = 72.7764, GNorm = 0.4415, lr_0 = 8.1806e-04
Loss = 3.3346e-02, PNorm = 72.7971, GNorm = 0.7445, lr_0 = 8.1828e-04
Loss = 2.8743e-02, PNorm = 72.8249, GNorm = 0.9463, lr_0 = 8.1851e-04
Loss = 2.9190e-02, PNorm = 72.8472, GNorm = 2.2417, lr_0 = 8.1873e-04
Loss = 2.8039e-02, PNorm = 72.8692, GNorm = 0.9706, lr_0 = 8.1896e-04
Loss = 2.0851e-02, PNorm = 72.8875, GNorm = 0.8039, lr_0 = 8.1919e-04
Loss = 2.6780e-02, PNorm = 72.9052, GNorm = 0.9627, lr_0 = 8.1941e-04
Loss = 2.3535e-02, PNorm = 72.9193, GNorm = 1.3244, lr_0 = 8.1964e-04
Loss = 2.7014e-02, PNorm = 72.9381, GNorm = 0.8255, lr_0 = 8.1986e-04
Loss = 2.7277e-02, PNorm = 72.9575, GNorm = 1.1465, lr_0 = 8.2009e-04
Loss = 2.4726e-02, PNorm = 72.9744, GNorm = 0.4353, lr_0 = 8.2031e-04
Loss = 2.6247e-02, PNorm = 72.9916, GNorm = 0.4879, lr_0 = 8.2054e-04
Loss = 2.1802e-02, PNorm = 73.0088, GNorm = 0.4849, lr_0 = 8.2076e-04
Loss = 2.3208e-02, PNorm = 73.0257, GNorm = 0.6235, lr_0 = 8.2099e-04
Loss = 2.2067e-02, PNorm = 73.0407, GNorm = 0.4583, lr_0 = 8.2121e-04
Loss = 2.0435e-02, PNorm = 73.0569, GNorm = 0.6704, lr_0 = 8.2144e-04
Loss = 2.0480e-02, PNorm = 73.0736, GNorm = 0.3629, lr_0 = 8.2166e-04
Loss = 2.4797e-02, PNorm = 73.0924, GNorm = 0.6554, lr_0 = 8.2189e-04
Loss = 2.5396e-02, PNorm = 73.1103, GNorm = 0.5650, lr_0 = 8.2211e-04
Loss = 2.2978e-02, PNorm = 73.1266, GNorm = 0.6370, lr_0 = 8.2234e-04
Loss = 2.0280e-02, PNorm = 73.1439, GNorm = 0.3782, lr_0 = 8.2256e-04
Loss = 1.9850e-02, PNorm = 73.1609, GNorm = 1.7160, lr_0 = 8.2279e-04
Loss = 2.1691e-02, PNorm = 73.1783, GNorm = 0.8112, lr_0 = 8.2301e-04
Loss = 2.0056e-02, PNorm = 73.1920, GNorm = 0.2849, lr_0 = 8.2324e-04
Loss = 1.6683e-02, PNorm = 73.2056, GNorm = 0.5143, lr_0 = 8.2346e-04
Loss = 1.9833e-02, PNorm = 73.2190, GNorm = 1.5405, lr_0 = 8.2369e-04
Loss = 1.8394e-02, PNorm = 73.2339, GNorm = 0.3685, lr_0 = 8.2391e-04
Loss = 2.0743e-02, PNorm = 73.2472, GNorm = 1.4505, lr_0 = 8.2414e-04
Loss = 2.2955e-02, PNorm = 73.2615, GNorm = 0.5086, lr_0 = 8.2436e-04
Loss = 3.0595e-02, PNorm = 73.2796, GNorm = 0.8008, lr_0 = 8.2459e-04
Loss = 2.3634e-02, PNorm = 73.2974, GNorm = 0.5144, lr_0 = 8.2481e-04
Loss = 1.8597e-02, PNorm = 73.3145, GNorm = 0.4145, lr_0 = 8.2504e-04
Loss = 2.4334e-02, PNorm = 73.3327, GNorm = 1.4166, lr_0 = 8.2526e-04
Loss = 2.5174e-02, PNorm = 73.3482, GNorm = 2.8435, lr_0 = 8.2549e-04
Loss = 2.7643e-02, PNorm = 73.3625, GNorm = 0.5374, lr_0 = 8.2571e-04
Loss = 2.2990e-02, PNorm = 73.3764, GNorm = 0.9619, lr_0 = 8.2594e-04
Loss = 2.2253e-02, PNorm = 73.3877, GNorm = 0.4764, lr_0 = 8.2616e-04
Loss = 2.2233e-02, PNorm = 73.4048, GNorm = 2.1747, lr_0 = 8.2639e-04
Loss = 2.6209e-02, PNorm = 73.4262, GNorm = 1.5147, lr_0 = 8.2661e-04
Loss = 2.4180e-02, PNorm = 73.4447, GNorm = 0.5244, lr_0 = 8.2684e-04
Loss = 2.3594e-02, PNorm = 73.4640, GNorm = 0.8083, lr_0 = 8.2706e-04
Loss = 2.1305e-02, PNorm = 73.4861, GNorm = 0.7123, lr_0 = 8.2729e-04
Loss = 2.0449e-02, PNorm = 73.5046, GNorm = 0.3330, lr_0 = 8.2751e-04
Loss = 2.0456e-02, PNorm = 73.5187, GNorm = 0.4399, lr_0 = 8.2774e-04
Loss = 2.2674e-02, PNorm = 73.5335, GNorm = 1.1488, lr_0 = 8.2796e-04
Loss = 2.2925e-02, PNorm = 73.5474, GNorm = 0.4401, lr_0 = 8.2819e-04
Loss = 2.5883e-02, PNorm = 73.5630, GNorm = 1.9845, lr_0 = 8.2841e-04
Loss = 1.9869e-02, PNorm = 73.5818, GNorm = 0.6899, lr_0 = 8.2864e-04
Loss = 1.9408e-02, PNorm = 73.5997, GNorm = 0.5611, lr_0 = 8.2886e-04
Loss = 2.5010e-02, PNorm = 73.6111, GNorm = 1.9236, lr_0 = 8.2909e-04
Loss = 2.6242e-02, PNorm = 73.6325, GNorm = 2.0916, lr_0 = 8.2931e-04
Loss = 2.8358e-02, PNorm = 73.6539, GNorm = 1.1103, lr_0 = 8.2954e-04
Loss = 2.5113e-02, PNorm = 73.6776, GNorm = 0.7149, lr_0 = 8.2976e-04
Loss = 2.0570e-02, PNorm = 73.6971, GNorm = 1.4431, lr_0 = 8.2999e-04
Loss = 2.2883e-02, PNorm = 73.7135, GNorm = 0.7395, lr_0 = 8.3021e-04
Loss = 2.1282e-02, PNorm = 73.7306, GNorm = 0.5334, lr_0 = 8.3044e-04
Loss = 2.2515e-02, PNorm = 73.7514, GNorm = 0.3898, lr_0 = 8.3066e-04
Loss = 2.1086e-02, PNorm = 73.7707, GNorm = 0.5924, lr_0 = 8.3089e-04
Loss = 2.0808e-02, PNorm = 73.7854, GNorm = 0.4006, lr_0 = 8.3111e-04
Loss = 2.0991e-02, PNorm = 73.7994, GNorm = 0.4727, lr_0 = 8.3134e-04
Loss = 2.2861e-02, PNorm = 73.8163, GNorm = 0.9294, lr_0 = 8.3157e-04
Loss = 3.1523e-02, PNorm = 73.8351, GNorm = 1.8449, lr_0 = 8.3179e-04
Loss = 2.2383e-02, PNorm = 73.8513, GNorm = 1.1575, lr_0 = 8.3202e-04
Loss = 2.3198e-02, PNorm = 73.8678, GNorm = 0.6909, lr_0 = 8.3224e-04
Loss = 1.9287e-02, PNorm = 73.8851, GNorm = 1.7659, lr_0 = 8.3247e-04
Loss = 2.1749e-02, PNorm = 73.9047, GNorm = 1.0636, lr_0 = 8.3269e-04
Loss = 2.3346e-02, PNorm = 73.9212, GNorm = 0.3735, lr_0 = 8.3292e-04
Loss = 2.0036e-02, PNorm = 73.9419, GNorm = 0.7408, lr_0 = 8.3314e-04
Loss = 2.1434e-02, PNorm = 73.9581, GNorm = 0.6786, lr_0 = 8.3337e-04
Loss = 1.8506e-02, PNorm = 73.9717, GNorm = 0.9302, lr_0 = 8.3359e-04
Loss = 2.4157e-02, PNorm = 73.9841, GNorm = 0.3945, lr_0 = 8.3382e-04
Loss = 2.0537e-02, PNorm = 73.9991, GNorm = 0.4027, lr_0 = 8.3404e-04
Loss = 3.1559e-02, PNorm = 74.0163, GNorm = 2.5252, lr_0 = 8.3427e-04
Loss = 3.2070e-02, PNorm = 74.0387, GNorm = 1.8949, lr_0 = 8.3449e-04
Loss = 2.9014e-02, PNorm = 74.0634, GNorm = 0.4774, lr_0 = 8.3472e-04
Loss = 2.2905e-02, PNorm = 74.0900, GNorm = 0.7531, lr_0 = 8.3494e-04
Loss = 2.3150e-02, PNorm = 74.1122, GNorm = 0.4617, lr_0 = 8.3517e-04
Loss = 2.7357e-02, PNorm = 74.1356, GNorm = 0.3728, lr_0 = 8.3539e-04
Loss = 2.0207e-02, PNorm = 74.1557, GNorm = 1.9184, lr_0 = 8.3562e-04
Loss = 2.3038e-02, PNorm = 74.1763, GNorm = 0.5201, lr_0 = 8.3584e-04
Loss = 2.3749e-02, PNorm = 74.1939, GNorm = 0.3453, lr_0 = 8.3607e-04
Loss = 2.5400e-02, PNorm = 74.2135, GNorm = 0.7878, lr_0 = 8.3629e-04
Loss = 2.4001e-02, PNorm = 74.2356, GNorm = 0.7030, lr_0 = 8.3652e-04
Loss = 2.2098e-02, PNorm = 74.2568, GNorm = 0.4986, lr_0 = 8.3674e-04
Loss = 2.4157e-02, PNorm = 74.2756, GNorm = 0.7291, lr_0 = 8.3697e-04
Loss = 2.2023e-02, PNorm = 74.2958, GNorm = 0.4102, lr_0 = 8.3719e-04
Loss = 2.1594e-02, PNorm = 74.3136, GNorm = 0.4649, lr_0 = 8.3742e-04
Loss = 1.9326e-02, PNorm = 74.3279, GNorm = 0.6328, lr_0 = 8.3764e-04
Loss = 2.0919e-02, PNorm = 74.3398, GNorm = 0.4756, lr_0 = 8.3787e-04
Loss = 2.1480e-02, PNorm = 74.3544, GNorm = 1.0499, lr_0 = 8.3809e-04
Loss = 2.2208e-02, PNorm = 74.3695, GNorm = 0.3729, lr_0 = 8.3832e-04
Loss = 2.2327e-02, PNorm = 74.3864, GNorm = 0.5961, lr_0 = 8.3854e-04
Loss = 2.0427e-02, PNorm = 74.4016, GNorm = 0.3588, lr_0 = 8.3877e-04
Loss = 2.0742e-02, PNorm = 74.4201, GNorm = 0.5548, lr_0 = 8.3899e-04
Loss = 1.9021e-02, PNorm = 74.4382, GNorm = 0.5488, lr_0 = 8.3922e-04
Loss = 1.9140e-02, PNorm = 74.4536, GNorm = 0.6627, lr_0 = 8.3944e-04
Loss = 2.1798e-02, PNorm = 74.4696, GNorm = 0.7789, lr_0 = 8.3967e-04
Loss = 1.9948e-02, PNorm = 74.4815, GNorm = 0.8773, lr_0 = 8.3989e-04
Loss = 1.9727e-02, PNorm = 74.4990, GNorm = 0.6549, lr_0 = 8.4012e-04
Loss = 1.8293e-02, PNorm = 74.5154, GNorm = 0.4062, lr_0 = 8.4034e-04
Loss = 1.8853e-02, PNorm = 74.5262, GNorm = 1.0279, lr_0 = 8.4057e-04
Loss = 1.5831e-02, PNorm = 74.5382, GNorm = 0.2590, lr_0 = 8.4079e-04
Loss = 1.7268e-02, PNorm = 74.5524, GNorm = 0.3261, lr_0 = 8.4102e-04
Loss = 2.1565e-02, PNorm = 74.5641, GNorm = 1.4198, lr_0 = 8.4124e-04
Loss = 1.9536e-02, PNorm = 74.5767, GNorm = 0.4676, lr_0 = 8.4147e-04
Loss = 2.2031e-02, PNorm = 74.5945, GNorm = 1.9497, lr_0 = 8.4169e-04
Loss = 2.1193e-02, PNorm = 74.6131, GNorm = 0.8135, lr_0 = 8.4192e-04
Loss = 2.0964e-02, PNorm = 74.6323, GNorm = 0.4849, lr_0 = 8.4214e-04
Loss = 1.9835e-02, PNorm = 74.6470, GNorm = 0.5008, lr_0 = 8.4237e-04
Loss = 1.9553e-02, PNorm = 74.6627, GNorm = 0.4843, lr_0 = 8.4259e-04
Loss = 1.7692e-02, PNorm = 74.6796, GNorm = 0.6247, lr_0 = 8.4282e-04
Loss = 1.8725e-02, PNorm = 74.6934, GNorm = 0.8253, lr_0 = 8.4304e-04
Loss = 1.8693e-02, PNorm = 74.7062, GNorm = 0.6373, lr_0 = 8.4327e-04
Loss = 1.8412e-02, PNorm = 74.7174, GNorm = 1.6079, lr_0 = 8.4349e-04
Loss = 1.7951e-02, PNorm = 74.7320, GNorm = 0.4901, lr_0 = 8.4372e-04
Loss = 1.9933e-02, PNorm = 74.7459, GNorm = 0.5890, lr_0 = 8.4395e-04
Loss = 1.6941e-02, PNorm = 74.7622, GNorm = 0.8211, lr_0 = 8.4417e-04
Loss = 1.6207e-02, PNorm = 74.7756, GNorm = 0.5258, lr_0 = 8.4440e-04
Loss = 1.6691e-02, PNorm = 74.7873, GNorm = 0.3723, lr_0 = 8.4462e-04
Loss = 1.8867e-02, PNorm = 74.8027, GNorm = 1.0670, lr_0 = 8.4485e-04
Loss = 1.7540e-02, PNorm = 74.8184, GNorm = 1.1085, lr_0 = 8.4507e-04
Loss = 2.1429e-02, PNorm = 74.8342, GNorm = 0.9071, lr_0 = 8.4530e-04
Loss = 2.5207e-02, PNorm = 74.8529, GNorm = 1.9314, lr_0 = 8.4552e-04
Loss = 2.4222e-02, PNorm = 74.8738, GNorm = 1.7287, lr_0 = 8.4575e-04
Loss = 2.2693e-02, PNorm = 74.9038, GNorm = 0.4656, lr_0 = 8.4597e-04
Loss = 2.4085e-02, PNorm = 74.9222, GNorm = 0.4127, lr_0 = 8.4620e-04
Loss = 2.1259e-02, PNorm = 74.9415, GNorm = 0.7991, lr_0 = 8.4642e-04
Loss = 2.7022e-02, PNorm = 74.9654, GNorm = 0.8833, lr_0 = 8.4665e-04
Loss = 2.2114e-02, PNorm = 74.9890, GNorm = 0.8823, lr_0 = 8.4687e-04
Loss = 3.4903e-02, PNorm = 75.0055, GNorm = 0.8478, lr_0 = 8.4710e-04
Loss = 2.6209e-02, PNorm = 75.0276, GNorm = 0.5719, lr_0 = 8.4732e-04
Loss = 2.8991e-02, PNorm = 75.0487, GNorm = 1.9986, lr_0 = 8.4755e-04
Loss = 3.2536e-02, PNorm = 75.0728, GNorm = 0.4336, lr_0 = 8.4777e-04
Loss = 2.5255e-02, PNorm = 75.0995, GNorm = 0.6283, lr_0 = 8.4800e-04
Loss = 2.6120e-02, PNorm = 75.1226, GNorm = 0.7998, lr_0 = 8.4822e-04
Loss = 2.5375e-02, PNorm = 75.1444, GNorm = 0.7258, lr_0 = 8.4845e-04
Loss = 2.7413e-02, PNorm = 75.1657, GNorm = 0.3168, lr_0 = 8.4867e-04
Loss = 2.3711e-02, PNorm = 75.1876, GNorm = 0.4564, lr_0 = 8.4890e-04
Loss = 2.2423e-02, PNorm = 75.2108, GNorm = 0.3943, lr_0 = 8.4912e-04
Loss = 2.3666e-02, PNorm = 75.2264, GNorm = 0.6111, lr_0 = 8.4935e-04
Loss = 2.1058e-02, PNorm = 75.2455, GNorm = 0.7378, lr_0 = 8.4957e-04
Loss = 2.5388e-02, PNorm = 75.2635, GNorm = 0.4433, lr_0 = 8.4980e-04
Loss = 2.5669e-02, PNorm = 75.2834, GNorm = 1.9843, lr_0 = 8.5002e-04
Loss = 3.0127e-02, PNorm = 75.3114, GNorm = 0.4774, lr_0 = 8.5025e-04
Loss = 2.0810e-02, PNorm = 75.3333, GNorm = 0.7917, lr_0 = 8.5047e-04
Loss = 2.1985e-02, PNorm = 75.3535, GNorm = 0.5962, lr_0 = 8.5070e-04
Loss = 2.1370e-02, PNorm = 75.3690, GNorm = 0.9380, lr_0 = 8.5092e-04
Loss = 1.9114e-02, PNorm = 75.3827, GNorm = 0.3924, lr_0 = 8.5115e-04
Loss = 2.5377e-02, PNorm = 75.3977, GNorm = 1.5319, lr_0 = 8.5137e-04
Loss = 2.0887e-02, PNorm = 75.4215, GNorm = 0.8477, lr_0 = 8.5160e-04
Loss = 1.9988e-02, PNorm = 75.4377, GNorm = 1.0208, lr_0 = 8.5182e-04
Loss = 2.1607e-02, PNorm = 75.4566, GNorm = 0.3704, lr_0 = 8.5205e-04
Loss = 2.2446e-02, PNorm = 75.4776, GNorm = 0.5033, lr_0 = 8.5227e-04
Loss = 1.9908e-02, PNorm = 75.4979, GNorm = 1.1369, lr_0 = 8.5250e-04
Loss = 2.0780e-02, PNorm = 75.5195, GNorm = 0.4713, lr_0 = 8.5272e-04
Loss = 2.0150e-02, PNorm = 75.5359, GNorm = 0.4027, lr_0 = 8.5295e-04
Loss = 2.1655e-02, PNorm = 75.5524, GNorm = 0.5720, lr_0 = 8.5317e-04
Loss = 2.2580e-02, PNorm = 75.5731, GNorm = 0.5936, lr_0 = 8.5340e-04
Loss = 2.8134e-02, PNorm = 75.5905, GNorm = 1.4146, lr_0 = 8.5362e-04
Loss = 3.2546e-02, PNorm = 75.6139, GNorm = 0.8994, lr_0 = 8.5385e-04
Loss = 2.7967e-02, PNorm = 75.6379, GNorm = 0.4440, lr_0 = 8.5407e-04
Loss = 2.6182e-02, PNorm = 75.6678, GNorm = 0.4746, lr_0 = 8.5430e-04
Loss = 2.0396e-02, PNorm = 75.6947, GNorm = 0.4364, lr_0 = 8.5452e-04
Loss = 1.9190e-02, PNorm = 75.7143, GNorm = 1.3278, lr_0 = 8.5475e-04
Loss = 2.3849e-02, PNorm = 75.7323, GNorm = 1.0239, lr_0 = 8.5497e-04
Loss = 2.1911e-02, PNorm = 75.7518, GNorm = 0.3408, lr_0 = 8.5520e-04
Loss = 2.0957e-02, PNorm = 75.7725, GNorm = 0.4304, lr_0 = 8.5542e-04
Loss = 2.0885e-02, PNorm = 75.7861, GNorm = 0.6907, lr_0 = 8.5565e-04
Loss = 2.0914e-02, PNorm = 75.8037, GNorm = 0.4457, lr_0 = 8.5587e-04
Loss = 2.0869e-02, PNorm = 75.8199, GNorm = 0.4015, lr_0 = 8.5610e-04
Loss = 2.1658e-02, PNorm = 75.8382, GNorm = 1.0686, lr_0 = 8.5633e-04
Loss = 2.3139e-02, PNorm = 75.8546, GNorm = 1.2132, lr_0 = 8.5655e-04
Loss = 1.8553e-02, PNorm = 75.8720, GNorm = 0.3806, lr_0 = 8.5678e-04
Loss = 1.8241e-02, PNorm = 75.8882, GNorm = 0.6037, lr_0 = 8.5700e-04
Loss = 2.1373e-02, PNorm = 75.9032, GNorm = 1.2290, lr_0 = 8.5723e-04
Loss = 1.7608e-02, PNorm = 75.9190, GNorm = 0.3538, lr_0 = 8.5745e-04
Loss = 1.8458e-02, PNorm = 75.9351, GNorm = 0.3975, lr_0 = 8.5768e-04
Loss = 1.7837e-02, PNorm = 75.9533, GNorm = 0.3217, lr_0 = 8.5790e-04
Loss = 1.8722e-02, PNorm = 75.9667, GNorm = 0.5811, lr_0 = 8.5813e-04
Loss = 2.0339e-02, PNorm = 75.9808, GNorm = 0.4490, lr_0 = 8.5835e-04
Loss = 1.8586e-02, PNorm = 75.9952, GNorm = 0.5035, lr_0 = 8.5858e-04
Loss = 2.1674e-02, PNorm = 76.0105, GNorm = 0.6287, lr_0 = 8.5880e-04
Loss = 1.8674e-02, PNorm = 76.0279, GNorm = 1.0645, lr_0 = 8.5903e-04
Loss = 2.2307e-02, PNorm = 76.0437, GNorm = 0.7424, lr_0 = 8.5925e-04
Loss = 1.9320e-02, PNorm = 76.0570, GNorm = 1.5230, lr_0 = 8.5948e-04
Loss = 1.9403e-02, PNorm = 76.0765, GNorm = 0.5558, lr_0 = 8.5970e-04
Loss = 2.0103e-02, PNorm = 76.0928, GNorm = 1.3675, lr_0 = 8.5993e-04
Loss = 1.9207e-02, PNorm = 76.1097, GNorm = 0.2871, lr_0 = 8.6015e-04
Loss = 1.9521e-02, PNorm = 76.1284, GNorm = 0.7233, lr_0 = 8.6038e-04
Loss = 1.7576e-02, PNorm = 76.1446, GNorm = 0.7596, lr_0 = 8.6060e-04
Loss = 1.8816e-02, PNorm = 76.1623, GNorm = 0.4350, lr_0 = 8.6083e-04
Loss = 1.8548e-02, PNorm = 76.1784, GNorm = 1.1397, lr_0 = 8.6105e-04
Loss = 2.5209e-02, PNorm = 76.1944, GNorm = 0.8021, lr_0 = 8.6128e-04
Loss = 1.9604e-02, PNorm = 76.2133, GNorm = 0.3260, lr_0 = 8.6150e-04
Loss = 2.0769e-02, PNorm = 76.2294, GNorm = 0.3517, lr_0 = 8.6173e-04
Loss = 2.1044e-02, PNorm = 76.2536, GNorm = 0.4088, lr_0 = 8.6195e-04
Loss = 2.0422e-02, PNorm = 76.2718, GNorm = 0.5541, lr_0 = 8.6218e-04
Loss = 2.1225e-02, PNorm = 76.2915, GNorm = 0.6776, lr_0 = 8.6240e-04
Loss = 1.8896e-02, PNorm = 76.3151, GNorm = 0.3051, lr_0 = 8.6263e-04
Loss = 1.7918e-02, PNorm = 76.3320, GNorm = 1.0055, lr_0 = 8.6285e-04
Loss = 2.1982e-02, PNorm = 76.3443, GNorm = 0.6631, lr_0 = 8.6308e-04
Loss = 2.0768e-02, PNorm = 76.3608, GNorm = 0.3731, lr_0 = 8.6330e-04
Loss = 2.7574e-02, PNorm = 76.3836, GNorm = 0.9086, lr_0 = 8.6353e-04
Loss = 2.2540e-02, PNorm = 76.4064, GNorm = 1.2704, lr_0 = 8.6375e-04
Loss = 2.1982e-02, PNorm = 76.4266, GNorm = 0.8986, lr_0 = 8.6398e-04
Loss = 1.9625e-02, PNorm = 76.4495, GNorm = 0.5945, lr_0 = 8.6420e-04
Loss = 1.6881e-02, PNorm = 76.4699, GNorm = 0.7400, lr_0 = 8.6443e-04
Loss = 2.2186e-02, PNorm = 76.4861, GNorm = 0.9387, lr_0 = 8.6465e-04
Loss = 2.6662e-02, PNorm = 76.5026, GNorm = 0.3107, lr_0 = 8.6488e-04
Loss = 2.1420e-02, PNorm = 76.5200, GNorm = 0.6051, lr_0 = 8.6510e-04
Loss = 2.1864e-02, PNorm = 76.5375, GNorm = 0.8338, lr_0 = 8.6533e-04
Loss = 2.2842e-02, PNorm = 76.5597, GNorm = 0.5173, lr_0 = 8.6555e-04
Loss = 2.2146e-02, PNorm = 76.5779, GNorm = 0.6681, lr_0 = 8.6578e-04
Loss = 2.1727e-02, PNorm = 76.5959, GNorm = 0.9292, lr_0 = 8.6600e-04
Loss = 2.1084e-02, PNorm = 76.6128, GNorm = 1.1295, lr_0 = 8.6623e-04
Loss = 1.9962e-02, PNorm = 76.6307, GNorm = 0.8482, lr_0 = 8.6645e-04
Loss = 2.0116e-02, PNorm = 76.6496, GNorm = 0.4416, lr_0 = 8.6668e-04
Loss = 1.7821e-02, PNorm = 76.6666, GNorm = 0.3450, lr_0 = 8.6690e-04
Loss = 2.3862e-02, PNorm = 76.6837, GNorm = 0.8277, lr_0 = 8.6713e-04
Loss = 2.0607e-02, PNorm = 76.7022, GNorm = 0.5475, lr_0 = 8.6735e-04
Loss = 2.0275e-02, PNorm = 76.7175, GNorm = 1.0519, lr_0 = 8.6758e-04
Loss = 1.9444e-02, PNorm = 76.7345, GNorm = 0.8405, lr_0 = 8.6780e-04
Loss = 1.9332e-02, PNorm = 76.7526, GNorm = 0.5361, lr_0 = 8.6803e-04
Loss = 1.6238e-02, PNorm = 76.7657, GNorm = 0.5685, lr_0 = 8.6825e-04
Loss = 1.4836e-02, PNorm = 76.7750, GNorm = 0.4982, lr_0 = 8.6848e-04
Loss = 1.8121e-02, PNorm = 76.7947, GNorm = 0.9686, lr_0 = 8.6870e-04
Loss = 1.8986e-02, PNorm = 76.8108, GNorm = 0.4903, lr_0 = 8.6893e-04
Loss = 2.2301e-02, PNorm = 76.8326, GNorm = 1.0435, lr_0 = 8.6916e-04
Loss = 2.3795e-02, PNorm = 76.8542, GNorm = 0.3846, lr_0 = 8.6938e-04
Loss = 2.0851e-02, PNorm = 76.8738, GNorm = 0.4407, lr_0 = 8.6961e-04
Loss = 2.2049e-02, PNorm = 76.8943, GNorm = 0.4854, lr_0 = 8.6983e-04
Loss = 2.0222e-02, PNorm = 76.9152, GNorm = 0.8100, lr_0 = 8.7006e-04
Loss = 2.0465e-02, PNorm = 76.9332, GNorm = 0.4912, lr_0 = 8.7028e-04
Loss = 2.2224e-02, PNorm = 76.9483, GNorm = 0.9577, lr_0 = 8.7051e-04
Loss = 2.6246e-02, PNorm = 76.9680, GNorm = 0.4813, lr_0 = 8.7073e-04
Loss = 2.8525e-02, PNorm = 76.9901, GNorm = 1.4826, lr_0 = 8.7096e-04
Loss = 2.2170e-02, PNorm = 77.0128, GNorm = 0.4672, lr_0 = 8.7118e-04
Loss = 2.1225e-02, PNorm = 77.0348, GNorm = 0.4467, lr_0 = 8.7141e-04
Loss = 2.1225e-02, PNorm = 77.0523, GNorm = 0.9315, lr_0 = 8.7163e-04
Loss = 1.9977e-02, PNorm = 77.0723, GNorm = 0.3929, lr_0 = 8.7186e-04
Loss = 1.8705e-02, PNorm = 77.0904, GNorm = 0.3827, lr_0 = 8.7208e-04
Loss = 2.0661e-02, PNorm = 77.1065, GNorm = 0.6391, lr_0 = 8.7231e-04
Loss = 2.8025e-02, PNorm = 77.1254, GNorm = 1.4170, lr_0 = 8.7253e-04
Loss = 2.7025e-02, PNorm = 77.1502, GNorm = 0.8276, lr_0 = 8.7276e-04
Loss = 2.4665e-02, PNorm = 77.1802, GNorm = 0.8530, lr_0 = 8.7298e-04
Loss = 1.9658e-02, PNorm = 77.2013, GNorm = 0.5658, lr_0 = 8.7321e-04
Loss = 1.9894e-02, PNorm = 77.2203, GNorm = 0.8942, lr_0 = 8.7343e-04
Loss = 2.0138e-02, PNorm = 77.2423, GNorm = 0.4267, lr_0 = 8.7366e-04
Loss = 2.1070e-02, PNorm = 77.2615, GNorm = 0.6839, lr_0 = 8.7388e-04
Loss = 2.0241e-02, PNorm = 77.2769, GNorm = 0.8164, lr_0 = 8.7411e-04
Loss = 2.3905e-02, PNorm = 77.2921, GNorm = 0.6237, lr_0 = 8.7433e-04
Loss = 2.2194e-02, PNorm = 77.3090, GNorm = 0.7590, lr_0 = 8.7456e-04
Loss = 2.1995e-02, PNorm = 77.3276, GNorm = 1.2606, lr_0 = 8.7478e-04
Loss = 2.1892e-02, PNorm = 77.3436, GNorm = 0.9207, lr_0 = 8.7501e-04
Loss = 2.4506e-02, PNorm = 77.3699, GNorm = 1.0816, lr_0 = 8.7523e-04
Loss = 2.1059e-02, PNorm = 77.3948, GNorm = 0.4316, lr_0 = 8.7546e-04
Loss = 2.3364e-02, PNorm = 77.4109, GNorm = 0.7840, lr_0 = 8.7568e-04
Loss = 2.2506e-02, PNorm = 77.4325, GNorm = 0.5137, lr_0 = 8.7591e-04
Loss = 2.1802e-02, PNorm = 77.4534, GNorm = 0.3881, lr_0 = 8.7613e-04
Loss = 2.5499e-02, PNorm = 77.4745, GNorm = 1.8265, lr_0 = 8.7636e-04
Loss = 2.8271e-02, PNorm = 77.4958, GNorm = 1.5548, lr_0 = 8.7658e-04
Loss = 2.1513e-02, PNorm = 77.5184, GNorm = 0.4612, lr_0 = 8.7681e-04
Loss = 1.9759e-02, PNorm = 77.5405, GNorm = 0.5483, lr_0 = 8.7703e-04
Loss = 2.2852e-02, PNorm = 77.5616, GNorm = 0.8551, lr_0 = 8.7726e-04
Loss = 1.7681e-02, PNorm = 77.5820, GNorm = 0.8909, lr_0 = 8.7748e-04
Loss = 2.0852e-02, PNorm = 77.5990, GNorm = 0.5450, lr_0 = 8.7771e-04
Loss = 2.0946e-02, PNorm = 77.6147, GNorm = 1.1501, lr_0 = 8.7793e-04
Loss = 1.7500e-02, PNorm = 77.6324, GNorm = 0.8664, lr_0 = 8.7816e-04
Loss = 1.8066e-02, PNorm = 77.6541, GNorm = 0.5644, lr_0 = 8.7838e-04
Loss = 2.0591e-02, PNorm = 77.6732, GNorm = 1.0767, lr_0 = 8.7861e-04
Loss = 2.0600e-02, PNorm = 77.6915, GNorm = 0.8052, lr_0 = 8.7883e-04
Loss = 2.3434e-02, PNorm = 77.7102, GNorm = 0.7739, lr_0 = 8.7906e-04
Loss = 2.0222e-02, PNorm = 77.7341, GNorm = 0.9902, lr_0 = 8.7928e-04
Loss = 1.9715e-02, PNorm = 77.7507, GNorm = 0.3908, lr_0 = 8.7951e-04
Loss = 2.0662e-02, PNorm = 77.7668, GNorm = 0.7211, lr_0 = 8.7973e-04
Loss = 1.7434e-02, PNorm = 77.7823, GNorm = 0.5555, lr_0 = 8.7996e-04
Loss = 1.9511e-02, PNorm = 77.7981, GNorm = 0.7346, lr_0 = 8.8018e-04
Loss = 1.9761e-02, PNorm = 77.8161, GNorm = 0.4332, lr_0 = 8.8041e-04
Loss = 1.8906e-02, PNorm = 77.8331, GNorm = 0.4582, lr_0 = 8.8063e-04
Loss = 2.4269e-02, PNorm = 77.8508, GNorm = 2.0102, lr_0 = 8.8086e-04
Loss = 2.9832e-02, PNorm = 77.8743, GNorm = 2.7219, lr_0 = 8.8108e-04
Loss = 2.3395e-02, PNorm = 77.9007, GNorm = 0.7936, lr_0 = 8.8131e-04
Loss = 2.1622e-02, PNorm = 77.9198, GNorm = 1.1196, lr_0 = 8.8154e-04
Loss = 1.9313e-02, PNorm = 77.9396, GNorm = 1.1476, lr_0 = 8.8176e-04
Loss = 2.5105e-02, PNorm = 77.9570, GNorm = 0.4170, lr_0 = 8.8199e-04
Loss = 2.3789e-02, PNorm = 77.9760, GNorm = 0.6450, lr_0 = 8.8221e-04
Loss = 2.9467e-02, PNorm = 77.9962, GNorm = 0.9530, lr_0 = 8.8244e-04
Loss = 2.7154e-02, PNorm = 78.0254, GNorm = 0.3806, lr_0 = 8.8266e-04
Loss = 2.4187e-02, PNorm = 78.0542, GNorm = 0.9582, lr_0 = 8.8289e-04
Loss = 2.6965e-02, PNorm = 78.0778, GNorm = 1.7751, lr_0 = 8.8311e-04
Loss = 2.4188e-02, PNorm = 78.1007, GNorm = 0.5606, lr_0 = 8.8334e-04
Loss = 2.9499e-02, PNorm = 78.1235, GNorm = 1.4106, lr_0 = 8.8356e-04
Loss = 2.7975e-02, PNorm = 78.1506, GNorm = 1.3786, lr_0 = 8.8379e-04
Loss = 2.8157e-02, PNorm = 78.1758, GNorm = 2.2740, lr_0 = 8.8401e-04
Loss = 2.7196e-02, PNorm = 78.2023, GNorm = 1.3700, lr_0 = 8.8424e-04
Loss = 2.7139e-02, PNorm = 78.2287, GNorm = 1.7632, lr_0 = 8.8446e-04
Loss = 2.2527e-02, PNorm = 78.2542, GNorm = 0.9153, lr_0 = 8.8469e-04
Loss = 2.2285e-02, PNorm = 78.2772, GNorm = 0.5349, lr_0 = 8.8491e-04
Loss = 2.1499e-02, PNorm = 78.2974, GNorm = 0.4294, lr_0 = 8.8514e-04
Loss = 2.2285e-02, PNorm = 78.3200, GNorm = 0.8936, lr_0 = 8.8536e-04
Loss = 2.6757e-02, PNorm = 78.3393, GNorm = 1.8182, lr_0 = 8.8559e-04
Loss = 2.5802e-02, PNorm = 78.3652, GNorm = 1.2651, lr_0 = 8.8581e-04
Loss = 3.0979e-02, PNorm = 78.3913, GNorm = 0.4814, lr_0 = 8.8604e-04
Loss = 2.4234e-02, PNorm = 78.4160, GNorm = 0.4024, lr_0 = 8.8626e-04
Loss = 2.0987e-02, PNorm = 78.4343, GNorm = 0.6321, lr_0 = 8.8649e-04
Loss = 2.1865e-02, PNorm = 78.4544, GNorm = 0.5677, lr_0 = 8.8671e-04
Loss = 2.0153e-02, PNorm = 78.4760, GNorm = 1.1468, lr_0 = 8.8694e-04
Loss = 2.3255e-02, PNorm = 78.4996, GNorm = 0.6977, lr_0 = 8.8716e-04
Loss = 2.2904e-02, PNorm = 78.5212, GNorm = 0.4638, lr_0 = 8.8739e-04
Loss = 1.9519e-02, PNorm = 78.5400, GNorm = 0.7650, lr_0 = 8.8761e-04
Loss = 1.8753e-02, PNorm = 78.5549, GNorm = 0.6425, lr_0 = 8.8784e-04
Loss = 1.8879e-02, PNorm = 78.5725, GNorm = 0.5355, lr_0 = 8.8806e-04
Loss = 2.1197e-02, PNorm = 78.5890, GNorm = 0.7892, lr_0 = 8.8829e-04
Loss = 2.3142e-02, PNorm = 78.6045, GNorm = 0.8868, lr_0 = 8.8851e-04
Loss = 2.1579e-02, PNorm = 78.6283, GNorm = 1.2399, lr_0 = 8.8874e-04
Loss = 2.2299e-02, PNorm = 78.6458, GNorm = 1.1889, lr_0 = 8.8896e-04
Loss = 1.9383e-02, PNorm = 78.6678, GNorm = 0.6676, lr_0 = 8.8919e-04
Loss = 2.3473e-02, PNorm = 78.6871, GNorm = 0.9226, lr_0 = 8.8941e-04
Loss = 1.9853e-02, PNorm = 78.7112, GNorm = 0.6431, lr_0 = 8.8964e-04
Loss = 2.4749e-02, PNorm = 78.7330, GNorm = 1.0182, lr_0 = 8.8986e-04
Loss = 2.0273e-02, PNorm = 78.7469, GNorm = 0.5912, lr_0 = 8.9009e-04
Loss = 2.4305e-02, PNorm = 78.7632, GNorm = 0.5184, lr_0 = 8.9031e-04
Loss = 2.1508e-02, PNorm = 78.7881, GNorm = 0.5334, lr_0 = 8.9054e-04
Loss = 2.0805e-02, PNorm = 78.8083, GNorm = 0.6751, lr_0 = 8.9076e-04
Loss = 1.9112e-02, PNorm = 78.8233, GNorm = 0.4662, lr_0 = 8.9099e-04
Loss = 1.7919e-02, PNorm = 78.8435, GNorm = 0.3734, lr_0 = 8.9121e-04
Loss = 1.7186e-02, PNorm = 78.8609, GNorm = 0.7366, lr_0 = 8.9144e-04
Loss = 1.4994e-02, PNorm = 78.8777, GNorm = 0.6986, lr_0 = 8.9166e-04
Loss = 1.6500e-02, PNorm = 78.8940, GNorm = 0.3045, lr_0 = 8.9189e-04
Loss = 1.8498e-02, PNorm = 78.9081, GNorm = 0.5433, lr_0 = 8.9211e-04
Loss = 1.5694e-02, PNorm = 78.9231, GNorm = 0.8891, lr_0 = 8.9234e-04
Loss = 1.8720e-02, PNorm = 78.9364, GNorm = 0.4374, lr_0 = 8.9256e-04
Loss = 1.4227e-02, PNorm = 78.9510, GNorm = 0.8699, lr_0 = 8.9279e-04
Loss = 1.7770e-02, PNorm = 78.9726, GNorm = 1.7113, lr_0 = 8.9301e-04
Loss = 1.8701e-02, PNorm = 78.9878, GNorm = 0.5163, lr_0 = 8.9324e-04
Loss = 1.6980e-02, PNorm = 79.0020, GNorm = 0.7955, lr_0 = 8.9346e-04
Loss = 2.2441e-02, PNorm = 79.0187, GNorm = 0.5452, lr_0 = 8.9369e-04
Loss = 1.8132e-02, PNorm = 79.0390, GNorm = 0.3724, lr_0 = 8.9392e-04
Loss = 1.5802e-02, PNorm = 79.0596, GNorm = 0.2882, lr_0 = 8.9414e-04
Loss = 1.6927e-02, PNorm = 79.0757, GNorm = 0.8695, lr_0 = 8.9437e-04
Loss = 1.7365e-02, PNorm = 79.0956, GNorm = 0.6662, lr_0 = 8.9459e-04
Loss = 1.8033e-02, PNorm = 79.1138, GNorm = 0.8773, lr_0 = 8.9482e-04
Loss = 2.1052e-02, PNorm = 79.1302, GNorm = 0.4619, lr_0 = 8.9504e-04
Loss = 1.7851e-02, PNorm = 79.1440, GNorm = 0.3318, lr_0 = 8.9527e-04
Loss = 1.6184e-02, PNorm = 79.1559, GNorm = 0.4817, lr_0 = 8.9549e-04
Loss = 1.9185e-02, PNorm = 79.1719, GNorm = 0.4370, lr_0 = 8.9572e-04
Loss = 1.8894e-02, PNorm = 79.1857, GNorm = 1.2634, lr_0 = 8.9594e-04
Loss = 1.6727e-02, PNorm = 79.2037, GNorm = 0.9308, lr_0 = 8.9617e-04
Loss = 1.8048e-02, PNorm = 79.2191, GNorm = 0.6808, lr_0 = 8.9639e-04
Loss = 1.8557e-02, PNorm = 79.2442, GNorm = 0.3732, lr_0 = 8.9662e-04
Loss = 1.6816e-02, PNorm = 79.2672, GNorm = 0.6845, lr_0 = 8.9684e-04
Loss = 2.0821e-02, PNorm = 79.2856, GNorm = 1.1119, lr_0 = 8.9707e-04
Loss = 2.2434e-02, PNorm = 79.3054, GNorm = 0.5841, lr_0 = 8.9729e-04
Loss = 1.8310e-02, PNorm = 79.3234, GNorm = 1.1522, lr_0 = 8.9752e-04
Loss = 1.9577e-02, PNorm = 79.3439, GNorm = 0.9935, lr_0 = 8.9774e-04
Loss = 2.3217e-02, PNorm = 79.3617, GNorm = 0.7329, lr_0 = 8.9797e-04
Loss = 1.9927e-02, PNorm = 79.3847, GNorm = 0.9514, lr_0 = 8.9819e-04
Loss = 2.0215e-02, PNorm = 79.4072, GNorm = 0.4163, lr_0 = 8.9842e-04
Loss = 1.9944e-02, PNorm = 79.4256, GNorm = 0.9979, lr_0 = 8.9864e-04
Loss = 2.1307e-02, PNorm = 79.4411, GNorm = 0.8612, lr_0 = 8.9887e-04
Loss = 2.2747e-02, PNorm = 79.4651, GNorm = 0.8831, lr_0 = 8.9909e-04
Loss = 2.0652e-02, PNorm = 79.4903, GNorm = 0.6040, lr_0 = 8.9932e-04
Loss = 2.0085e-02, PNorm = 79.5134, GNorm = 0.6664, lr_0 = 8.9954e-04
Loss = 2.0976e-02, PNorm = 79.5328, GNorm = 0.6338, lr_0 = 8.9977e-04
Loss = 2.2358e-02, PNorm = 79.5490, GNorm = 1.6045, lr_0 = 8.9999e-04
Loss = 2.4373e-02, PNorm = 79.5684, GNorm = 0.7140, lr_0 = 9.0022e-04
Loss = 2.2761e-02, PNorm = 79.5957, GNorm = 0.4204, lr_0 = 9.0044e-04
Loss = 2.4040e-02, PNorm = 79.6214, GNorm = 1.2577, lr_0 = 9.0067e-04
Loss = 2.2025e-02, PNorm = 79.6448, GNorm = 0.5825, lr_0 = 9.0089e-04
Loss = 2.0843e-02, PNorm = 79.6716, GNorm = 0.3037, lr_0 = 9.0112e-04
Loss = 2.4101e-02, PNorm = 79.6986, GNorm = 1.9962, lr_0 = 9.0134e-04
Loss = 2.3878e-02, PNorm = 79.7240, GNorm = 1.1079, lr_0 = 9.0157e-04
Loss = 2.3868e-02, PNorm = 79.7496, GNorm = 1.3022, lr_0 = 9.0179e-04
Loss = 2.0667e-02, PNorm = 79.7695, GNorm = 1.1826, lr_0 = 9.0202e-04
Loss = 2.3125e-02, PNorm = 79.7890, GNorm = 0.2781, lr_0 = 9.0224e-04
Loss = 1.7584e-02, PNorm = 79.8105, GNorm = 0.3372, lr_0 = 9.0247e-04
Loss = 2.0733e-02, PNorm = 79.8338, GNorm = 0.7873, lr_0 = 9.0269e-04
Loss = 2.0933e-02, PNorm = 79.8545, GNorm = 1.3986, lr_0 = 9.0292e-04
Loss = 1.8475e-02, PNorm = 79.8779, GNorm = 1.4161, lr_0 = 9.0314e-04
Loss = 2.8605e-02, PNorm = 79.9001, GNorm = 0.6088, lr_0 = 9.0337e-04
Loss = 2.4772e-02, PNorm = 79.9235, GNorm = 1.3960, lr_0 = 9.0359e-04
Loss = 2.2856e-02, PNorm = 79.9480, GNorm = 1.2342, lr_0 = 9.0382e-04
Loss = 2.7000e-02, PNorm = 79.9741, GNorm = 1.3369, lr_0 = 9.0404e-04
Loss = 1.9453e-02, PNorm = 80.0000, GNorm = 0.4823, lr_0 = 9.0427e-04
Loss = 1.9233e-02, PNorm = 80.0188, GNorm = 0.4211, lr_0 = 9.0449e-04
Loss = 1.7479e-02, PNorm = 80.0350, GNorm = 0.7818, lr_0 = 9.0472e-04
Loss = 1.7609e-02, PNorm = 80.0546, GNorm = 0.4364, lr_0 = 9.0494e-04
Loss = 1.8634e-02, PNorm = 80.0708, GNorm = 1.3986, lr_0 = 9.0517e-04
Loss = 2.2710e-02, PNorm = 80.0985, GNorm = 0.5139, lr_0 = 9.0539e-04
Loss = 1.8597e-02, PNorm = 80.1169, GNorm = 1.0560, lr_0 = 9.0562e-04
Loss = 2.0390e-02, PNorm = 80.1385, GNorm = 0.5813, lr_0 = 9.0584e-04
Loss = 1.8534e-02, PNorm = 80.1565, GNorm = 0.3330, lr_0 = 9.0607e-04
Loss = 1.5840e-02, PNorm = 80.1736, GNorm = 0.5022, lr_0 = 9.0630e-04
Loss = 1.8771e-02, PNorm = 80.1904, GNorm = 0.8590, lr_0 = 9.0652e-04
Loss = 1.6262e-02, PNorm = 80.2079, GNorm = 0.9536, lr_0 = 9.0675e-04
Loss = 2.2515e-02, PNorm = 80.2276, GNorm = 0.3595, lr_0 = 9.0697e-04
Loss = 2.2672e-02, PNorm = 80.2460, GNorm = 1.1304, lr_0 = 9.0720e-04
Loss = 2.1790e-02, PNorm = 80.2689, GNorm = 0.7909, lr_0 = 9.0742e-04
Loss = 2.1679e-02, PNorm = 80.2923, GNorm = 1.2609, lr_0 = 9.0765e-04
Loss = 2.1184e-02, PNorm = 80.3119, GNorm = 1.7154, lr_0 = 9.0787e-04
Loss = 1.8504e-02, PNorm = 80.3357, GNorm = 0.3872, lr_0 = 9.0810e-04
Loss = 1.8020e-02, PNorm = 80.3536, GNorm = 0.8830, lr_0 = 9.0832e-04
Loss = 2.2366e-02, PNorm = 80.3716, GNorm = 0.5175, lr_0 = 9.0855e-04
Loss = 1.9457e-02, PNorm = 80.3932, GNorm = 0.8420, lr_0 = 9.0877e-04
Loss = 2.0778e-02, PNorm = 80.4188, GNorm = 0.5875, lr_0 = 9.0900e-04
Loss = 2.3571e-02, PNorm = 80.4413, GNorm = 0.5102, lr_0 = 9.0922e-04
Loss = 2.4614e-02, PNorm = 80.4641, GNorm = 2.0198, lr_0 = 9.0945e-04
Loss = 2.4028e-02, PNorm = 80.4868, GNorm = 0.3473, lr_0 = 9.0967e-04
Loss = 1.9009e-02, PNorm = 80.5069, GNorm = 0.9758, lr_0 = 9.0990e-04
Loss = 2.1161e-02, PNorm = 80.5301, GNorm = 0.5610, lr_0 = 9.1012e-04
Loss = 2.0577e-02, PNorm = 80.5515, GNorm = 0.4733, lr_0 = 9.1035e-04
Loss = 1.9884e-02, PNorm = 80.5677, GNorm = 0.5176, lr_0 = 9.1057e-04
Loss = 2.1559e-02, PNorm = 80.5879, GNorm = 0.4541, lr_0 = 9.1080e-04
Loss = 2.1521e-02, PNorm = 80.6079, GNorm = 0.5601, lr_0 = 9.1102e-04
Loss = 1.9416e-02, PNorm = 80.6302, GNorm = 0.8013, lr_0 = 9.1125e-04
Loss = 1.8027e-02, PNorm = 80.6470, GNorm = 0.4446, lr_0 = 9.1147e-04
Loss = 2.2072e-02, PNorm = 80.6653, GNorm = 0.4560, lr_0 = 9.1170e-04
Loss = 2.5421e-02, PNorm = 80.6865, GNorm = 0.9758, lr_0 = 9.1192e-04
Loss = 2.8250e-02, PNorm = 80.7120, GNorm = 1.4162, lr_0 = 9.1215e-04
Loss = 2.2000e-02, PNorm = 80.7301, GNorm = 1.1742, lr_0 = 9.1237e-04
Loss = 2.3813e-02, PNorm = 80.7490, GNorm = 0.8207, lr_0 = 9.1260e-04
Loss = 2.1077e-02, PNorm = 80.7722, GNorm = 1.0817, lr_0 = 9.1282e-04
Loss = 2.3295e-02, PNorm = 80.7979, GNorm = 0.4290, lr_0 = 9.1305e-04
Loss = 2.0250e-02, PNorm = 80.8221, GNorm = 0.4661, lr_0 = 9.1327e-04
Loss = 2.0200e-02, PNorm = 80.8422, GNorm = 0.4291, lr_0 = 9.1350e-04
Loss = 2.2258e-02, PNorm = 80.8603, GNorm = 0.3753, lr_0 = 9.1372e-04
Loss = 2.2908e-02, PNorm = 80.8785, GNorm = 0.3773, lr_0 = 9.1395e-04
Loss = 2.0731e-02, PNorm = 80.8975, GNorm = 0.7908, lr_0 = 9.1417e-04
Loss = 2.2569e-02, PNorm = 80.9221, GNorm = 0.5264, lr_0 = 9.1440e-04
Loss = 2.0885e-02, PNorm = 80.9421, GNorm = 1.0041, lr_0 = 9.1462e-04
Loss = 2.6293e-02, PNorm = 80.9609, GNorm = 0.3890, lr_0 = 9.1485e-04
Loss = 2.6596e-02, PNorm = 80.9848, GNorm = 1.7842, lr_0 = 9.1507e-04
Loss = 3.3191e-02, PNorm = 81.0174, GNorm = 0.6031, lr_0 = 9.1530e-04
Loss = 3.2343e-02, PNorm = 81.0560, GNorm = 0.6122, lr_0 = 9.1552e-04
Loss = 4.0618e-02, PNorm = 81.0970, GNorm = 0.5208, lr_0 = 9.1575e-04
Loss = 3.8177e-02, PNorm = 81.1410, GNorm = 1.2770, lr_0 = 9.1597e-04
Loss = 2.6259e-02, PNorm = 81.1736, GNorm = 1.2484, lr_0 = 9.1620e-04
Loss = 2.5844e-02, PNorm = 81.1982, GNorm = 0.5770, lr_0 = 9.1642e-04
Loss = 2.6346e-02, PNorm = 81.2245, GNorm = 1.5538, lr_0 = 9.1665e-04
Loss = 2.2398e-02, PNorm = 81.2506, GNorm = 0.3490, lr_0 = 9.1687e-04
Loss = 2.9743e-02, PNorm = 81.2731, GNorm = 1.1244, lr_0 = 9.1710e-04
Loss = 2.8647e-02, PNorm = 81.3021, GNorm = 1.2981, lr_0 = 9.1732e-04
Loss = 3.2338e-02, PNorm = 81.3346, GNorm = 0.5590, lr_0 = 9.1755e-04
Loss = 2.2870e-02, PNorm = 81.3591, GNorm = 0.8197, lr_0 = 9.1777e-04
Loss = 2.2204e-02, PNorm = 81.3852, GNorm = 0.8727, lr_0 = 9.1800e-04
Loss = 2.1501e-02, PNorm = 81.4061, GNorm = 0.7181, lr_0 = 9.1822e-04
Loss = 2.3926e-02, PNorm = 81.4270, GNorm = 1.5544, lr_0 = 9.1845e-04
Loss = 3.2568e-02, PNorm = 81.4459, GNorm = 1.9838, lr_0 = 9.1867e-04
Loss = 2.6848e-02, PNorm = 81.4719, GNorm = 0.5351, lr_0 = 9.1890e-04
Loss = 2.2854e-02, PNorm = 81.4916, GNorm = 1.1640, lr_0 = 9.1913e-04
Loss = 2.0079e-02, PNorm = 81.5145, GNorm = 0.8481, lr_0 = 9.1935e-04
Loss = 2.2557e-02, PNorm = 81.5380, GNorm = 1.4697, lr_0 = 9.1958e-04
Loss = 2.4198e-02, PNorm = 81.5633, GNorm = 1.0608, lr_0 = 9.1980e-04
Loss = 1.9854e-02, PNorm = 81.5879, GNorm = 1.1199, lr_0 = 9.2003e-04
Loss = 2.1610e-02, PNorm = 81.6062, GNorm = 1.0960, lr_0 = 9.2025e-04
Loss = 1.9036e-02, PNorm = 81.6291, GNorm = 1.0115, lr_0 = 9.2048e-04
Loss = 1.7519e-02, PNorm = 81.6451, GNorm = 0.5562, lr_0 = 9.2070e-04
Loss = 1.7247e-02, PNorm = 81.6593, GNorm = 0.4387, lr_0 = 9.2093e-04
Loss = 1.8819e-02, PNorm = 81.6782, GNorm = 0.4894, lr_0 = 9.2115e-04
Loss = 1.7552e-02, PNorm = 81.6983, GNorm = 0.3702, lr_0 = 9.2138e-04
Loss = 1.8840e-02, PNorm = 81.7146, GNorm = 0.6019, lr_0 = 9.2160e-04
Loss = 1.7803e-02, PNorm = 81.7279, GNorm = 0.8895, lr_0 = 9.2183e-04
Loss = 1.9919e-02, PNorm = 81.7438, GNorm = 1.2055, lr_0 = 9.2205e-04
Loss = 1.8479e-02, PNorm = 81.7558, GNorm = 0.6097, lr_0 = 9.2228e-04
Loss = 1.5694e-02, PNorm = 81.7683, GNorm = 0.7034, lr_0 = 9.2250e-04
Loss = 1.9603e-02, PNorm = 81.7893, GNorm = 0.5494, lr_0 = 9.2273e-04
Loss = 2.2409e-02, PNorm = 81.8109, GNorm = 1.2814, lr_0 = 9.2295e-04
Loss = 1.9859e-02, PNorm = 81.8279, GNorm = 0.4041, lr_0 = 9.2318e-04
Loss = 2.0293e-02, PNorm = 81.8467, GNorm = 0.8425, lr_0 = 9.2340e-04
Loss = 1.7786e-02, PNorm = 81.8651, GNorm = 0.8317, lr_0 = 9.2363e-04
Loss = 1.9689e-02, PNorm = 81.8880, GNorm = 1.1663, lr_0 = 9.2385e-04
Loss = 2.1477e-02, PNorm = 81.9089, GNorm = 1.2341, lr_0 = 9.2408e-04
Loss = 2.0508e-02, PNorm = 81.9310, GNorm = 1.3724, lr_0 = 9.2430e-04
Loss = 2.1465e-02, PNorm = 81.9515, GNorm = 1.0803, lr_0 = 9.2453e-04
Loss = 2.2783e-02, PNorm = 81.9697, GNorm = 0.7622, lr_0 = 9.2475e-04
Loss = 1.9990e-02, PNorm = 81.9876, GNorm = 0.3221, lr_0 = 9.2498e-04
Loss = 1.8972e-02, PNorm = 82.0071, GNorm = 0.6072, lr_0 = 9.2520e-04
Loss = 1.6411e-02, PNorm = 82.0244, GNorm = 0.5005, lr_0 = 9.2543e-04
Loss = 1.7100e-02, PNorm = 82.0407, GNorm = 0.3461, lr_0 = 9.2565e-04
Loss = 1.7155e-02, PNorm = 82.0631, GNorm = 0.5278, lr_0 = 9.2588e-04
Loss = 2.1275e-02, PNorm = 82.0910, GNorm = 0.5264, lr_0 = 9.2610e-04
Loss = 1.8893e-02, PNorm = 82.1114, GNorm = 0.6578, lr_0 = 9.2633e-04
Loss = 1.8969e-02, PNorm = 82.1343, GNorm = 0.7390, lr_0 = 9.2655e-04
Loss = 1.8653e-02, PNorm = 82.1521, GNorm = 0.5412, lr_0 = 9.2678e-04
Loss = 1.5252e-02, PNorm = 82.1666, GNorm = 0.7019, lr_0 = 9.2700e-04
Loss = 1.5846e-02, PNorm = 82.1798, GNorm = 0.9947, lr_0 = 9.2723e-04
Loss = 1.6748e-02, PNorm = 82.1982, GNorm = 0.3856, lr_0 = 9.2745e-04
Loss = 1.8087e-02, PNorm = 82.2168, GNorm = 0.7121, lr_0 = 9.2768e-04
Loss = 1.5567e-02, PNorm = 82.2326, GNorm = 0.9431, lr_0 = 9.2790e-04
Loss = 1.6627e-02, PNorm = 82.2528, GNorm = 0.6441, lr_0 = 9.2813e-04
Loss = 1.6307e-02, PNorm = 82.2749, GNorm = 0.4725, lr_0 = 9.2835e-04
Loss = 1.6220e-02, PNorm = 82.2893, GNorm = 0.4290, lr_0 = 9.2858e-04
Loss = 1.4917e-02, PNorm = 82.3076, GNorm = 0.4540, lr_0 = 9.2880e-04
Loss = 1.4260e-02, PNorm = 82.3200, GNorm = 0.3627, lr_0 = 9.2903e-04
Loss = 1.4816e-02, PNorm = 82.3348, GNorm = 0.4047, lr_0 = 9.2925e-04
Loss = 1.4293e-02, PNorm = 82.3502, GNorm = 0.3749, lr_0 = 9.2948e-04
Loss = 1.3627e-02, PNorm = 82.3615, GNorm = 0.5620, lr_0 = 9.2970e-04
Loss = 1.5092e-02, PNorm = 82.3734, GNorm = 0.3048, lr_0 = 9.2993e-04
Loss = 1.4347e-02, PNorm = 82.3869, GNorm = 0.4530, lr_0 = 9.3015e-04
Loss = 1.4074e-02, PNorm = 82.4004, GNorm = 0.4474, lr_0 = 9.3038e-04
Loss = 1.2093e-02, PNorm = 82.4139, GNorm = 0.3735, lr_0 = 9.3060e-04
Loss = 1.4960e-02, PNorm = 82.4262, GNorm = 1.2791, lr_0 = 9.3083e-04
Loss = 1.4606e-02, PNorm = 82.4462, GNorm = 0.8755, lr_0 = 9.3105e-04
Loss = 1.3267e-02, PNorm = 82.4660, GNorm = 0.8911, lr_0 = 9.3128e-04
Loss = 1.3215e-02, PNorm = 82.4851, GNorm = 0.5362, lr_0 = 9.3151e-04
Loss = 1.4143e-02, PNorm = 82.4968, GNorm = 0.3063, lr_0 = 9.3173e-04
Loss = 1.2977e-02, PNorm = 82.5099, GNorm = 0.4429, lr_0 = 9.3196e-04
Loss = 1.7907e-02, PNorm = 82.5229, GNorm = 1.6338, lr_0 = 9.3218e-04
Loss = 1.5805e-02, PNorm = 82.5358, GNorm = 0.6653, lr_0 = 9.3241e-04
Loss = 1.5786e-02, PNorm = 82.5492, GNorm = 1.4433, lr_0 = 9.3263e-04
Loss = 1.7682e-02, PNorm = 82.5617, GNorm = 0.9380, lr_0 = 9.3286e-04
Loss = 1.3634e-02, PNorm = 82.5761, GNorm = 0.5310, lr_0 = 9.3308e-04
Loss = 1.6981e-02, PNorm = 82.5947, GNorm = 0.3725, lr_0 = 9.3331e-04
Loss = 1.5450e-02, PNorm = 82.6132, GNorm = 0.7041, lr_0 = 9.3353e-04
Loss = 1.6850e-02, PNorm = 82.6309, GNorm = 0.7487, lr_0 = 9.3376e-04
Loss = 1.4988e-02, PNorm = 82.6408, GNorm = 0.3580, lr_0 = 9.3398e-04
Loss = 1.7138e-02, PNorm = 82.6566, GNorm = 0.5870, lr_0 = 9.3421e-04
Loss = 1.6770e-02, PNorm = 82.6748, GNorm = 0.7816, lr_0 = 9.3443e-04
Loss = 1.6408e-02, PNorm = 82.6915, GNorm = 0.4496, lr_0 = 9.3466e-04
Loss = 1.6519e-02, PNorm = 82.7095, GNorm = 0.6068, lr_0 = 9.3488e-04
Loss = 1.6815e-02, PNorm = 82.7245, GNorm = 0.6606, lr_0 = 9.3511e-04
Loss = 1.8960e-02, PNorm = 82.7416, GNorm = 1.0498, lr_0 = 9.3533e-04
Loss = 2.4963e-02, PNorm = 82.7658, GNorm = 1.5002, lr_0 = 9.3556e-04
Loss = 1.8624e-02, PNorm = 82.7923, GNorm = 0.7369, lr_0 = 9.3578e-04
Loss = 1.6792e-02, PNorm = 82.8131, GNorm = 0.3743, lr_0 = 9.3601e-04
Loss = 1.6406e-02, PNorm = 82.8319, GNorm = 0.7261, lr_0 = 9.3623e-04
Loss = 1.7290e-02, PNorm = 82.8511, GNorm = 0.3178, lr_0 = 9.3646e-04
Loss = 1.8165e-02, PNorm = 82.8696, GNorm = 0.3104, lr_0 = 9.3668e-04
Loss = 1.3760e-02, PNorm = 82.8846, GNorm = 0.7333, lr_0 = 9.3691e-04
Loss = 1.8413e-02, PNorm = 82.8990, GNorm = 0.6975, lr_0 = 9.3713e-04
Loss = 1.7526e-02, PNorm = 82.9172, GNorm = 0.8084, lr_0 = 9.3736e-04
Loss = 2.0712e-02, PNorm = 82.9354, GNorm = 1.2983, lr_0 = 9.3758e-04
Loss = 2.4206e-02, PNorm = 82.9610, GNorm = 1.2069, lr_0 = 9.3781e-04
Loss = 2.1099e-02, PNorm = 82.9872, GNorm = 0.6949, lr_0 = 9.3803e-04
Loss = 1.8288e-02, PNorm = 83.0132, GNorm = 0.8082, lr_0 = 9.3826e-04
Loss = 2.0407e-02, PNorm = 83.0358, GNorm = 0.7187, lr_0 = 9.3848e-04
Loss = 1.8878e-02, PNorm = 83.0585, GNorm = 0.5553, lr_0 = 9.3871e-04
Loss = 2.0174e-02, PNorm = 83.0786, GNorm = 1.1208, lr_0 = 9.3893e-04
Loss = 1.9901e-02, PNorm = 83.1038, GNorm = 1.7889, lr_0 = 9.3916e-04
Loss = 2.5341e-02, PNorm = 83.1290, GNorm = 0.9232, lr_0 = 9.3938e-04
Loss = 2.9815e-02, PNorm = 83.1601, GNorm = 0.7771, lr_0 = 9.3961e-04
Loss = 2.6869e-02, PNorm = 83.1962, GNorm = 0.6161, lr_0 = 9.3983e-04
Loss = 1.8250e-02, PNorm = 83.2203, GNorm = 0.4747, lr_0 = 9.4006e-04
Loss = 1.8582e-02, PNorm = 83.2443, GNorm = 0.4038, lr_0 = 9.4028e-04
Loss = 1.9678e-02, PNorm = 83.2683, GNorm = 0.9947, lr_0 = 9.4051e-04
Loss = 2.0458e-02, PNorm = 83.2891, GNorm = 0.5736, lr_0 = 9.4073e-04
Loss = 2.5144e-02, PNorm = 83.3124, GNorm = 2.0541, lr_0 = 9.4096e-04
Loss = 2.7271e-02, PNorm = 83.3358, GNorm = 1.5198, lr_0 = 9.4118e-04
Loss = 2.4382e-02, PNorm = 83.3641, GNorm = 0.4682, lr_0 = 9.4141e-04
Loss = 1.8824e-02, PNorm = 83.3897, GNorm = 0.5169, lr_0 = 9.4163e-04
Loss = 1.8776e-02, PNorm = 83.4096, GNorm = 1.2129, lr_0 = 9.4186e-04
Loss = 2.4132e-02, PNorm = 83.4310, GNorm = 0.8990, lr_0 = 9.4208e-04
Loss = 1.8039e-02, PNorm = 83.4498, GNorm = 0.9766, lr_0 = 9.4231e-04
Loss = 2.0003e-02, PNorm = 83.4674, GNorm = 1.6642, lr_0 = 9.4253e-04
Loss = 2.3420e-02, PNorm = 83.4984, GNorm = 0.9563, lr_0 = 9.4276e-04
Loss = 2.3511e-02, PNorm = 83.5236, GNorm = 1.4865, lr_0 = 9.4298e-04
Loss = 3.0958e-02, PNorm = 83.5567, GNorm = 0.3792, lr_0 = 9.4321e-04
Loss = 2.5272e-02, PNorm = 83.5901, GNorm = 0.5404, lr_0 = 9.4343e-04
Loss = 2.0272e-02, PNorm = 83.6210, GNorm = 0.3671, lr_0 = 9.4366e-04
Loss = 1.9234e-02, PNorm = 83.6468, GNorm = 1.0025, lr_0 = 9.4389e-04
Loss = 2.3588e-02, PNorm = 83.6694, GNorm = 0.5516, lr_0 = 9.4411e-04
Loss = 2.2500e-02, PNorm = 83.6878, GNorm = 1.5276, lr_0 = 9.4434e-04
Loss = 2.4352e-02, PNorm = 83.7127, GNorm = 1.2359, lr_0 = 9.4456e-04
Loss = 2.2597e-02, PNorm = 83.7409, GNorm = 0.9158, lr_0 = 9.4479e-04
Loss = 2.4522e-02, PNorm = 83.7735, GNorm = 1.4713, lr_0 = 9.4501e-04
Loss = 2.5214e-02, PNorm = 83.8044, GNorm = 1.5582, lr_0 = 9.4524e-04
Loss = 2.2303e-02, PNorm = 83.8271, GNorm = 0.5483, lr_0 = 9.4546e-04
Loss = 2.0321e-02, PNorm = 83.8500, GNorm = 1.1191, lr_0 = 9.4569e-04
Loss = 2.0083e-02, PNorm = 83.8790, GNorm = 0.4918, lr_0 = 9.4591e-04
Loss = 1.8423e-02, PNorm = 83.8988, GNorm = 0.3608, lr_0 = 9.4614e-04
Loss = 1.7577e-02, PNorm = 83.9177, GNorm = 0.3184, lr_0 = 9.4636e-04
Loss = 1.8245e-02, PNorm = 83.9339, GNorm = 0.6564, lr_0 = 9.4659e-04
Loss = 1.8236e-02, PNorm = 83.9505, GNorm = 0.3959, lr_0 = 9.4681e-04
Loss = 1.7403e-02, PNorm = 83.9641, GNorm = 0.3655, lr_0 = 9.4704e-04
Loss = 1.8941e-02, PNorm = 83.9779, GNorm = 0.8962, lr_0 = 9.4726e-04
Loss = 1.7077e-02, PNorm = 83.9937, GNorm = 0.7198, lr_0 = 9.4749e-04
Loss = 1.9592e-02, PNorm = 84.0143, GNorm = 0.6901, lr_0 = 9.4771e-04
Loss = 2.2565e-02, PNorm = 84.0353, GNorm = 0.3251, lr_0 = 9.4794e-04
Loss = 2.2696e-02, PNorm = 84.0645, GNorm = 0.9777, lr_0 = 9.4816e-04
Loss = 2.3037e-02, PNorm = 84.0925, GNorm = 0.7544, lr_0 = 9.4839e-04
Loss = 2.3488e-02, PNorm = 84.1137, GNorm = 0.4493, lr_0 = 9.4861e-04
Loss = 2.0083e-02, PNorm = 84.1349, GNorm = 0.6962, lr_0 = 9.4884e-04
Loss = 2.2732e-02, PNorm = 84.1672, GNorm = 2.1357, lr_0 = 9.4906e-04
Loss = 2.2453e-02, PNorm = 84.1968, GNorm = 1.1939, lr_0 = 9.4929e-04
Loss = 2.1661e-02, PNorm = 84.2187, GNorm = 0.9379, lr_0 = 9.4951e-04
Loss = 1.9704e-02, PNorm = 84.2469, GNorm = 1.5812, lr_0 = 9.4974e-04
Loss = 2.0096e-02, PNorm = 84.2684, GNorm = 0.5492, lr_0 = 9.4996e-04
Loss = 1.9904e-02, PNorm = 84.2911, GNorm = 0.5323, lr_0 = 9.5019e-04
Loss = 1.7621e-02, PNorm = 84.3145, GNorm = 1.1133, lr_0 = 9.5041e-04
Loss = 1.7546e-02, PNorm = 84.3340, GNorm = 0.3633, lr_0 = 9.5064e-04
Loss = 1.5523e-02, PNorm = 84.3519, GNorm = 0.6729, lr_0 = 9.5086e-04
Loss = 1.8240e-02, PNorm = 84.3707, GNorm = 0.6300, lr_0 = 9.5109e-04
Loss = 2.0170e-02, PNorm = 84.3953, GNorm = 1.0947, lr_0 = 9.5131e-04
Loss = 2.3038e-02, PNorm = 84.4165, GNorm = 1.2642, lr_0 = 9.5154e-04
Loss = 1.9591e-02, PNorm = 84.4436, GNorm = 1.0572, lr_0 = 9.5176e-04
Loss = 2.3565e-02, PNorm = 84.4637, GNorm = 0.6600, lr_0 = 9.5199e-04
Loss = 2.2633e-02, PNorm = 84.4825, GNorm = 1.1850, lr_0 = 9.5221e-04
Loss = 2.4233e-02, PNorm = 84.5004, GNorm = 0.4277, lr_0 = 9.5244e-04
Loss = 2.6577e-02, PNorm = 84.5231, GNorm = 1.2609, lr_0 = 9.5266e-04
Loss = 2.3624e-02, PNorm = 84.5513, GNorm = 1.2594, lr_0 = 9.5289e-04
Loss = 2.5025e-02, PNorm = 84.5770, GNorm = 0.8473, lr_0 = 9.5311e-04
Loss = 2.4117e-02, PNorm = 84.5985, GNorm = 1.0356, lr_0 = 9.5334e-04
Loss = 2.2665e-02, PNorm = 84.6261, GNorm = 1.6870, lr_0 = 9.5356e-04
Loss = 2.2626e-02, PNorm = 84.6503, GNorm = 1.5814, lr_0 = 9.5379e-04
Loss = 2.2139e-02, PNorm = 84.6793, GNorm = 1.1278, lr_0 = 9.5401e-04
Loss = 2.1812e-02, PNorm = 84.7070, GNorm = 0.8254, lr_0 = 9.5424e-04
Loss = 2.0611e-02, PNorm = 84.7353, GNorm = 0.3683, lr_0 = 9.5446e-04
Loss = 2.3534e-02, PNorm = 84.7678, GNorm = 0.4241, lr_0 = 9.5469e-04
Loss = 2.6086e-02, PNorm = 84.7931, GNorm = 0.5723, lr_0 = 9.5491e-04
Loss = 2.6669e-02, PNorm = 84.8157, GNorm = 0.6923, lr_0 = 9.5514e-04
Loss = 2.3116e-02, PNorm = 84.8339, GNorm = 0.5501, lr_0 = 9.5536e-04
Loss = 2.3150e-02, PNorm = 84.8564, GNorm = 0.6844, lr_0 = 9.5559e-04
Loss = 2.2666e-02, PNorm = 84.8808, GNorm = 0.7813, lr_0 = 9.5581e-04
Loss = 2.4249e-02, PNorm = 84.9042, GNorm = 0.7517, lr_0 = 9.5604e-04
Loss = 2.1574e-02, PNorm = 84.9268, GNorm = 0.7788, lr_0 = 9.5627e-04
Loss = 1.9836e-02, PNorm = 84.9503, GNorm = 0.9181, lr_0 = 9.5649e-04
Loss = 1.7592e-02, PNorm = 84.9717, GNorm = 0.4641, lr_0 = 9.5672e-04
Loss = 2.0057e-02, PNorm = 84.9867, GNorm = 0.5127, lr_0 = 9.5694e-04
Loss = 1.6822e-02, PNorm = 85.0021, GNorm = 0.3368, lr_0 = 9.5717e-04
Loss = 1.7543e-02, PNorm = 85.0203, GNorm = 0.5401, lr_0 = 9.5739e-04
Loss = 1.6299e-02, PNorm = 85.0415, GNorm = 0.3504, lr_0 = 9.5762e-04
Loss = 1.5938e-02, PNorm = 85.0571, GNorm = 0.9812, lr_0 = 9.5784e-04
Loss = 1.4641e-02, PNorm = 85.0716, GNorm = 0.7049, lr_0 = 9.5807e-04
Loss = 1.4099e-02, PNorm = 85.0893, GNorm = 0.3698, lr_0 = 9.5829e-04
Loss = 1.3619e-02, PNorm = 85.1016, GNorm = 0.4563, lr_0 = 9.5852e-04
Loss = 1.3627e-02, PNorm = 85.1196, GNorm = 0.3283, lr_0 = 9.5874e-04
Loss = 1.4456e-02, PNorm = 85.1330, GNorm = 0.7289, lr_0 = 9.5897e-04
Loss = 1.5505e-02, PNorm = 85.1505, GNorm = 0.6772, lr_0 = 9.5919e-04
Loss = 1.3620e-02, PNorm = 85.1657, GNorm = 0.4780, lr_0 = 9.5942e-04
Loss = 1.5318e-02, PNorm = 85.1836, GNorm = 0.6178, lr_0 = 9.5964e-04
Loss = 1.5258e-02, PNorm = 85.1971, GNorm = 1.4139, lr_0 = 9.5987e-04
Loss = 1.6559e-02, PNorm = 85.2192, GNorm = 0.6644, lr_0 = 9.6009e-04
Loss = 1.9543e-02, PNorm = 85.2400, GNorm = 0.8456, lr_0 = 9.6032e-04
Loss = 1.7329e-02, PNorm = 85.2571, GNorm = 0.3344, lr_0 = 9.6054e-04
Loss = 1.7296e-02, PNorm = 85.2738, GNorm = 0.3592, lr_0 = 9.6077e-04
Loss = 1.6961e-02, PNorm = 85.2929, GNorm = 0.4134, lr_0 = 9.6099e-04
Loss = 1.6194e-02, PNorm = 85.3105, GNorm = 0.3564, lr_0 = 9.6122e-04
Loss = 1.6510e-02, PNorm = 85.3234, GNorm = 0.9323, lr_0 = 9.6144e-04
Loss = 1.5174e-02, PNorm = 85.3379, GNorm = 0.8077, lr_0 = 9.6167e-04
Loss = 1.5800e-02, PNorm = 85.3542, GNorm = 0.4300, lr_0 = 9.6189e-04
Loss = 1.4140e-02, PNorm = 85.3722, GNorm = 0.7867, lr_0 = 9.6212e-04
Loss = 1.3052e-02, PNorm = 85.3842, GNorm = 0.6054, lr_0 = 9.6234e-04
Loss = 1.3190e-02, PNorm = 85.3981, GNorm = 1.1463, lr_0 = 9.6257e-04
Loss = 1.6585e-02, PNorm = 85.4142, GNorm = 0.8676, lr_0 = 9.6279e-04
Loss = 1.7247e-02, PNorm = 85.4308, GNorm = 0.6822, lr_0 = 9.6302e-04
Loss = 1.8572e-02, PNorm = 85.4479, GNorm = 1.2486, lr_0 = 9.6324e-04
Loss = 1.6086e-02, PNorm = 85.4656, GNorm = 1.5539, lr_0 = 9.6347e-04
Loss = 1.9067e-02, PNorm = 85.4855, GNorm = 1.0890, lr_0 = 9.6369e-04
Loss = 1.8513e-02, PNorm = 85.5117, GNorm = 1.2363, lr_0 = 9.6392e-04
Loss = 2.0473e-02, PNorm = 85.5327, GNorm = 1.1036, lr_0 = 9.6414e-04
Loss = 1.8474e-02, PNorm = 85.5553, GNorm = 0.9023, lr_0 = 9.6437e-04
Loss = 1.7933e-02, PNorm = 85.5785, GNorm = 1.6010, lr_0 = 9.6459e-04
Loss = 1.6615e-02, PNorm = 85.5988, GNorm = 0.8160, lr_0 = 9.6482e-04
Loss = 1.8922e-02, PNorm = 85.6124, GNorm = 0.5485, lr_0 = 9.6504e-04
Loss = 1.5554e-02, PNorm = 85.6289, GNorm = 0.3223, lr_0 = 9.6527e-04
Loss = 1.7618e-02, PNorm = 85.6482, GNorm = 0.4792, lr_0 = 9.6549e-04
Loss = 2.2524e-02, PNorm = 85.6695, GNorm = 1.0789, lr_0 = 9.6572e-04
Loss = 2.0830e-02, PNorm = 85.6879, GNorm = 1.2860, lr_0 = 9.6594e-04
Loss = 2.0880e-02, PNorm = 85.7072, GNorm = 0.7994, lr_0 = 9.6617e-04
Loss = 1.8810e-02, PNorm = 85.7312, GNorm = 1.2617, lr_0 = 9.6639e-04
Loss = 2.3816e-02, PNorm = 85.7487, GNorm = 0.3080, lr_0 = 9.6662e-04
Loss = 2.6794e-02, PNorm = 85.7797, GNorm = 0.5433, lr_0 = 9.6684e-04
Loss = 2.5968e-02, PNorm = 85.8118, GNorm = 0.3581, lr_0 = 9.6707e-04
Loss = 1.7283e-02, PNorm = 85.8374, GNorm = 0.6219, lr_0 = 9.6729e-04
Loss = 2.1354e-02, PNorm = 85.8618, GNorm = 0.7780, lr_0 = 9.6752e-04
Loss = 2.2155e-02, PNorm = 85.8817, GNorm = 0.6572, lr_0 = 9.6774e-04
Loss = 2.0258e-02, PNorm = 85.9048, GNorm = 1.4054, lr_0 = 9.6797e-04
Loss = 2.1127e-02, PNorm = 85.9302, GNorm = 0.9657, lr_0 = 9.6819e-04
Loss = 1.9865e-02, PNorm = 85.9509, GNorm = 0.9167, lr_0 = 9.6842e-04
Loss = 1.8094e-02, PNorm = 85.9736, GNorm = 0.8246, lr_0 = 9.6864e-04
Loss = 1.8208e-02, PNorm = 85.9944, GNorm = 0.5343, lr_0 = 9.6887e-04
Loss = 1.6272e-02, PNorm = 86.0138, GNorm = 0.6347, lr_0 = 9.6910e-04
Loss = 2.4073e-02, PNorm = 86.0381, GNorm = 1.7182, lr_0 = 9.6932e-04
Loss = 2.1020e-02, PNorm = 86.0624, GNorm = 1.6704, lr_0 = 9.6955e-04
Loss = 2.6516e-02, PNorm = 86.0889, GNorm = 1.0923, lr_0 = 9.6977e-04
Loss = 2.0438e-02, PNorm = 86.1217, GNorm = 1.0211, lr_0 = 9.7000e-04
Loss = 2.0025e-02, PNorm = 86.1474, GNorm = 0.6330, lr_0 = 9.7022e-04
Loss = 1.8904e-02, PNorm = 86.1714, GNorm = 0.5725, lr_0 = 9.7045e-04
Loss = 1.8526e-02, PNorm = 86.1911, GNorm = 0.3910, lr_0 = 9.7067e-04
Loss = 1.8615e-02, PNorm = 86.2126, GNorm = 0.6015, lr_0 = 9.7090e-04
Loss = 1.5722e-02, PNorm = 86.2363, GNorm = 0.4167, lr_0 = 9.7112e-04
Loss = 1.4238e-02, PNorm = 86.2531, GNorm = 0.9833, lr_0 = 9.7135e-04
Loss = 1.7139e-02, PNorm = 86.2684, GNorm = 0.4796, lr_0 = 9.7157e-04
Loss = 1.6008e-02, PNorm = 86.2921, GNorm = 0.6229, lr_0 = 9.7180e-04
Loss = 1.8282e-02, PNorm = 86.3167, GNorm = 0.7139, lr_0 = 9.7202e-04
Loss = 1.7775e-02, PNorm = 86.3392, GNorm = 0.8186, lr_0 = 9.7225e-04
Loss = 1.5131e-02, PNorm = 86.3568, GNorm = 1.5080, lr_0 = 9.7247e-04
Loss = 1.7358e-02, PNorm = 86.3723, GNorm = 1.3424, lr_0 = 9.7270e-04
Loss = 1.9376e-02, PNorm = 86.3926, GNorm = 0.8515, lr_0 = 9.7292e-04
Loss = 1.7266e-02, PNorm = 86.4073, GNorm = 0.7528, lr_0 = 9.7315e-04
Loss = 1.9192e-02, PNorm = 86.4304, GNorm = 0.6484, lr_0 = 9.7337e-04
Loss = 1.8447e-02, PNorm = 86.4565, GNorm = 0.8192, lr_0 = 9.7360e-04
Loss = 1.4723e-02, PNorm = 86.4723, GNorm = 0.8246, lr_0 = 9.7382e-04
Loss = 2.1110e-02, PNorm = 86.4895, GNorm = 0.8060, lr_0 = 9.7405e-04
Loss = 2.0329e-02, PNorm = 86.5076, GNorm = 0.8898, lr_0 = 9.7427e-04
Loss = 1.8172e-02, PNorm = 86.5307, GNorm = 0.5719, lr_0 = 9.7450e-04
Loss = 1.5482e-02, PNorm = 86.5464, GNorm = 0.4638, lr_0 = 9.7472e-04
Loss = 1.8291e-02, PNorm = 86.5632, GNorm = 0.4808, lr_0 = 9.7495e-04
Loss = 1.9232e-02, PNorm = 86.5779, GNorm = 0.8254, lr_0 = 9.7517e-04
Loss = 2.1771e-02, PNorm = 86.5990, GNorm = 1.5897, lr_0 = 9.7540e-04
Loss = 1.8133e-02, PNorm = 86.6231, GNorm = 0.5103, lr_0 = 9.7562e-04
Loss = 1.8714e-02, PNorm = 86.6476, GNorm = 0.4488, lr_0 = 9.7585e-04
Loss = 1.9588e-02, PNorm = 86.6670, GNorm = 0.5531, lr_0 = 9.7607e-04
Loss = 1.6988e-02, PNorm = 86.6936, GNorm = 0.3626, lr_0 = 9.7630e-04
Loss = 2.0356e-02, PNorm = 86.7128, GNorm = 2.1189, lr_0 = 9.7652e-04
Loss = 1.8222e-02, PNorm = 86.7349, GNorm = 0.8411, lr_0 = 9.7675e-04
Loss = 1.6895e-02, PNorm = 86.7550, GNorm = 0.5042, lr_0 = 9.7697e-04
Loss = 1.3744e-02, PNorm = 86.7778, GNorm = 0.8709, lr_0 = 9.7720e-04
Loss = 1.5309e-02, PNorm = 86.7965, GNorm = 0.7356, lr_0 = 9.7742e-04
Loss = 1.5315e-02, PNorm = 86.8182, GNorm = 0.7824, lr_0 = 9.7765e-04
Loss = 1.6348e-02, PNorm = 86.8370, GNorm = 0.8890, lr_0 = 9.7787e-04
Loss = 1.7021e-02, PNorm = 86.8548, GNorm = 0.4448, lr_0 = 9.7810e-04
Loss = 1.7444e-02, PNorm = 86.8745, GNorm = 0.6944, lr_0 = 9.7832e-04
Loss = 1.7259e-02, PNorm = 86.8945, GNorm = 0.4531, lr_0 = 9.7855e-04
Loss = 1.7893e-02, PNorm = 86.9127, GNorm = 0.5732, lr_0 = 9.7877e-04
Loss = 2.0117e-02, PNorm = 86.9288, GNorm = 1.0136, lr_0 = 9.7900e-04
Loss = 1.6771e-02, PNorm = 86.9492, GNorm = 0.6505, lr_0 = 9.7922e-04
Loss = 1.4025e-02, PNorm = 86.9723, GNorm = 0.4384, lr_0 = 9.7945e-04
Loss = 1.5573e-02, PNorm = 86.9913, GNorm = 0.5144, lr_0 = 9.7967e-04
Loss = 1.5677e-02, PNorm = 87.0106, GNorm = 0.7909, lr_0 = 9.7990e-04
Loss = 1.9913e-02, PNorm = 87.0309, GNorm = 1.5754, lr_0 = 9.8012e-04
Loss = 2.3336e-02, PNorm = 87.0589, GNorm = 1.2137, lr_0 = 9.8035e-04
Loss = 2.1243e-02, PNorm = 87.0891, GNorm = 1.1831, lr_0 = 9.8057e-04
Loss = 1.7718e-02, PNorm = 87.1146, GNorm = 0.9931, lr_0 = 9.8080e-04
Loss = 2.2733e-02, PNorm = 87.1323, GNorm = 1.0312, lr_0 = 9.8102e-04
Loss = 2.0468e-02, PNorm = 87.1606, GNorm = 1.3899, lr_0 = 9.8125e-04
Loss = 2.1833e-02, PNorm = 87.1882, GNorm = 0.3873, lr_0 = 9.8148e-04
Loss = 1.9481e-02, PNorm = 87.2068, GNorm = 0.3565, lr_0 = 9.8170e-04
Loss = 2.5642e-02, PNorm = 87.2327, GNorm = 0.6954, lr_0 = 9.8193e-04
Loss = 1.9342e-02, PNorm = 87.2584, GNorm = 0.7807, lr_0 = 9.8215e-04
Loss = 1.8776e-02, PNorm = 87.2804, GNorm = 0.6635, lr_0 = 9.8238e-04
Loss = 1.5903e-02, PNorm = 87.2944, GNorm = 0.4112, lr_0 = 9.8260e-04
Loss = 1.7078e-02, PNorm = 87.3125, GNorm = 0.9191, lr_0 = 9.8283e-04
Loss = 1.9612e-02, PNorm = 87.3381, GNorm = 0.4777, lr_0 = 9.8305e-04
Loss = 1.7824e-02, PNorm = 87.3600, GNorm = 0.3118, lr_0 = 9.8328e-04
Loss = 1.4711e-02, PNorm = 87.3837, GNorm = 0.5939, lr_0 = 9.8350e-04
Loss = 1.6841e-02, PNorm = 87.4021, GNorm = 0.2766, lr_0 = 9.8373e-04
Loss = 1.4944e-02, PNorm = 87.4210, GNorm = 0.4478, lr_0 = 9.8395e-04
Loss = 1.2935e-02, PNorm = 87.4379, GNorm = 0.4014, lr_0 = 9.8418e-04
Loss = 1.5345e-02, PNorm = 87.4544, GNorm = 0.2927, lr_0 = 9.8440e-04
Loss = 1.4284e-02, PNorm = 87.4664, GNorm = 0.5642, lr_0 = 9.8463e-04
Loss = 1.6282e-02, PNorm = 87.4857, GNorm = 0.2679, lr_0 = 9.8485e-04
Loss = 1.4125e-02, PNorm = 87.5001, GNorm = 0.4290, lr_0 = 9.8508e-04
Loss = 1.5397e-02, PNorm = 87.5130, GNorm = 0.5029, lr_0 = 9.8530e-04
Loss = 1.3830e-02, PNorm = 87.5308, GNorm = 0.4452, lr_0 = 9.8553e-04
Loss = 1.4157e-02, PNorm = 87.5557, GNorm = 0.3648, lr_0 = 9.8575e-04
Loss = 1.4064e-02, PNorm = 87.5779, GNorm = 0.7093, lr_0 = 9.8598e-04
Loss = 1.5886e-02, PNorm = 87.5970, GNorm = 0.3792, lr_0 = 9.8620e-04
Loss = 1.6343e-02, PNorm = 87.6132, GNorm = 0.7512, lr_0 = 9.8643e-04
Loss = 1.2470e-02, PNorm = 87.6253, GNorm = 0.2858, lr_0 = 9.8665e-04
Loss = 1.7335e-02, PNorm = 87.6401, GNorm = 0.4384, lr_0 = 9.8688e-04
Loss = 1.4394e-02, PNorm = 87.6575, GNorm = 0.3653, lr_0 = 9.8710e-04
Loss = 1.5819e-02, PNorm = 87.6702, GNorm = 0.7198, lr_0 = 9.8733e-04
Loss = 1.7000e-02, PNorm = 87.6862, GNorm = 0.4646, lr_0 = 9.8755e-04
Loss = 1.5564e-02, PNorm = 87.7064, GNorm = 0.8848, lr_0 = 9.8778e-04
Loss = 1.6317e-02, PNorm = 87.7221, GNorm = 0.4530, lr_0 = 9.8800e-04
Loss = 1.7214e-02, PNorm = 87.7414, GNorm = 2.0247, lr_0 = 9.8823e-04
Loss = 1.6488e-02, PNorm = 87.7641, GNorm = 0.7708, lr_0 = 9.8845e-04
Loss = 1.5268e-02, PNorm = 87.7872, GNorm = 0.4830, lr_0 = 9.8868e-04
Loss = 1.7498e-02, PNorm = 87.8073, GNorm = 1.0429, lr_0 = 9.8890e-04
Loss = 1.4333e-02, PNorm = 87.8253, GNorm = 0.3447, lr_0 = 9.8913e-04
Loss = 1.7013e-02, PNorm = 87.8422, GNorm = 1.1460, lr_0 = 9.8935e-04
Loss = 1.5698e-02, PNorm = 87.8606, GNorm = 0.5287, lr_0 = 9.8958e-04
Loss = 1.5940e-02, PNorm = 87.8803, GNorm = 1.1323, lr_0 = 9.8980e-04
Loss = 1.9807e-02, PNorm = 87.9053, GNorm = 1.2099, lr_0 = 9.9003e-04
Loss = 1.5283e-02, PNorm = 87.9291, GNorm = 0.4705, lr_0 = 9.9025e-04
Loss = 1.6238e-02, PNorm = 87.9495, GNorm = 0.5405, lr_0 = 9.9048e-04
Loss = 1.7576e-02, PNorm = 87.9681, GNorm = 1.4378, lr_0 = 9.9070e-04
Loss = 2.0402e-02, PNorm = 87.9870, GNorm = 1.6249, lr_0 = 9.9093e-04
Loss = 1.6806e-02, PNorm = 88.0143, GNorm = 0.3341, lr_0 = 9.9115e-04
Loss = 1.4099e-02, PNorm = 88.0382, GNorm = 0.3312, lr_0 = 9.9138e-04
Loss = 1.4930e-02, PNorm = 88.0555, GNorm = 1.1483, lr_0 = 9.9160e-04
Loss = 1.3502e-02, PNorm = 88.0691, GNorm = 0.9141, lr_0 = 9.9183e-04
Loss = 1.9858e-02, PNorm = 88.0876, GNorm = 1.2063, lr_0 = 9.9205e-04
Loss = 1.5892e-02, PNorm = 88.1100, GNorm = 0.8838, lr_0 = 9.9228e-04
Loss = 1.7175e-02, PNorm = 88.1328, GNorm = 0.4333, lr_0 = 9.9250e-04
Loss = 1.7042e-02, PNorm = 88.1463, GNorm = 0.5529, lr_0 = 9.9273e-04
Loss = 1.7386e-02, PNorm = 88.1636, GNorm = 0.5262, lr_0 = 9.9295e-04
Loss = 1.6738e-02, PNorm = 88.1878, GNorm = 0.9303, lr_0 = 9.9318e-04
Loss = 1.7995e-02, PNorm = 88.2160, GNorm = 0.4181, lr_0 = 9.9340e-04
Loss = 1.6956e-02, PNorm = 88.2451, GNorm = 0.7023, lr_0 = 9.9363e-04
Loss = 1.9596e-02, PNorm = 88.2721, GNorm = 0.7023, lr_0 = 9.9386e-04
Loss = 2.2327e-02, PNorm = 88.2961, GNorm = 0.3877, lr_0 = 9.9408e-04
Loss = 2.1327e-02, PNorm = 88.3221, GNorm = 0.6236, lr_0 = 9.9431e-04
Loss = 1.7822e-02, PNorm = 88.3511, GNorm = 0.4777, lr_0 = 9.9453e-04
Loss = 1.8006e-02, PNorm = 88.3749, GNorm = 0.4706, lr_0 = 9.9476e-04
Loss = 2.0334e-02, PNorm = 88.3980, GNorm = 1.2571, lr_0 = 9.9498e-04
Loss = 1.9041e-02, PNorm = 88.4243, GNorm = 0.5364, lr_0 = 9.9521e-04
Loss = 1.8972e-02, PNorm = 88.4490, GNorm = 0.5931, lr_0 = 9.9543e-04
Loss = 1.5579e-02, PNorm = 88.4744, GNorm = 0.5295, lr_0 = 9.9566e-04
Loss = 2.1511e-02, PNorm = 88.4992, GNorm = 0.9883, lr_0 = 9.9588e-04
Loss = 2.5299e-02, PNorm = 88.5303, GNorm = 1.3925, lr_0 = 9.9611e-04
Loss = 2.2735e-02, PNorm = 88.5603, GNorm = 0.3708, lr_0 = 9.9633e-04
Loss = 1.9647e-02, PNorm = 88.5867, GNorm = 0.3444, lr_0 = 9.9656e-04
Loss = 1.8158e-02, PNorm = 88.6118, GNorm = 0.9037, lr_0 = 9.9678e-04
Loss = 1.7243e-02, PNorm = 88.6346, GNorm = 0.4734, lr_0 = 9.9701e-04
Loss = 1.9980e-02, PNorm = 88.6597, GNorm = 0.3939, lr_0 = 9.9723e-04
Loss = 1.8473e-02, PNorm = 88.6833, GNorm = 0.5286, lr_0 = 9.9746e-04
Loss = 1.4940e-02, PNorm = 88.7044, GNorm = 0.3858, lr_0 = 9.9768e-04
Loss = 1.6366e-02, PNorm = 88.7216, GNorm = 0.8323, lr_0 = 9.9791e-04
Loss = 1.8732e-02, PNorm = 88.7438, GNorm = 1.0037, lr_0 = 9.9813e-04
Loss = 1.9010e-02, PNorm = 88.7663, GNorm = 1.0082, lr_0 = 9.9836e-04
Loss = 2.0799e-02, PNorm = 88.7927, GNorm = 0.2811, lr_0 = 9.9858e-04
Loss = 2.0208e-02, PNorm = 88.8220, GNorm = 0.6535, lr_0 = 9.9881e-04
Loss = 1.8453e-02, PNorm = 88.8505, GNorm = 1.1971, lr_0 = 9.9903e-04
Loss = 2.1920e-02, PNorm = 88.8743, GNorm = 0.5028, lr_0 = 9.9926e-04
Loss = 2.0949e-02, PNorm = 88.9012, GNorm = 0.4505, lr_0 = 9.9948e-04
Loss = 1.9778e-02, PNorm = 88.9334, GNorm = 1.1546, lr_0 = 9.9971e-04
Loss = 1.8395e-02, PNorm = 88.9547, GNorm = 0.5725, lr_0 = 9.9993e-04
Validation r2 = 0.973285
Epoch 2
Loss = 1.9646e-02, PNorm = 88.9743, GNorm = 0.8349, lr_0 = 9.9973e-04
Loss = 2.4275e-02, PNorm = 88.9992, GNorm = 1.7380, lr_0 = 9.9935e-04
Loss = 1.9268e-02, PNorm = 89.0261, GNorm = 0.8220, lr_0 = 9.9896e-04
Loss = 1.8761e-02, PNorm = 89.0576, GNorm = 0.9565, lr_0 = 9.9858e-04
Loss = 2.3646e-02, PNorm = 89.0855, GNorm = 1.1954, lr_0 = 9.9820e-04
Loss = 2.4145e-02, PNorm = 89.1146, GNorm = 1.6660, lr_0 = 9.9781e-04
Loss = 2.2612e-02, PNorm = 89.1513, GNorm = 1.7746, lr_0 = 9.9743e-04
Loss = 1.9795e-02, PNorm = 89.1789, GNorm = 0.3353, lr_0 = 9.9705e-04
Loss = 2.0738e-02, PNorm = 89.2053, GNorm = 1.0253, lr_0 = 9.9667e-04
Loss = 1.9528e-02, PNorm = 89.2338, GNorm = 0.6633, lr_0 = 9.9628e-04
Loss = 1.8253e-02, PNorm = 89.2605, GNorm = 1.4520, lr_0 = 9.9590e-04
Loss = 1.9867e-02, PNorm = 89.2816, GNorm = 1.3587, lr_0 = 9.9552e-04
Loss = 1.7023e-02, PNorm = 89.2984, GNorm = 0.7728, lr_0 = 9.9514e-04
Loss = 1.7041e-02, PNorm = 89.3218, GNorm = 0.7230, lr_0 = 9.9475e-04
Loss = 1.8907e-02, PNorm = 89.3426, GNorm = 0.5684, lr_0 = 9.9437e-04
Loss = 2.1566e-02, PNorm = 89.3678, GNorm = 0.8145, lr_0 = 9.9399e-04
Loss = 2.4654e-02, PNorm = 89.3962, GNorm = 0.6125, lr_0 = 9.9361e-04
Loss = 2.3608e-02, PNorm = 89.4280, GNorm = 0.9708, lr_0 = 9.9323e-04
Loss = 1.9078e-02, PNorm = 89.4507, GNorm = 1.0025, lr_0 = 9.9285e-04
Loss = 1.9544e-02, PNorm = 89.4763, GNorm = 0.8122, lr_0 = 9.9247e-04
Loss = 1.6190e-02, PNorm = 89.4973, GNorm = 0.5373, lr_0 = 9.9208e-04
Loss = 1.3783e-02, PNorm = 89.5181, GNorm = 0.4249, lr_0 = 9.9170e-04
Loss = 1.6100e-02, PNorm = 89.5411, GNorm = 0.3461, lr_0 = 9.9132e-04
Loss = 1.5173e-02, PNorm = 89.5569, GNorm = 0.4494, lr_0 = 9.9094e-04
Loss = 1.6697e-02, PNorm = 89.5783, GNorm = 0.8585, lr_0 = 9.9056e-04
Loss = 1.6060e-02, PNorm = 89.5994, GNorm = 0.5029, lr_0 = 9.9018e-04
Loss = 1.5272e-02, PNorm = 89.6183, GNorm = 0.3790, lr_0 = 9.8980e-04
Loss = 1.5782e-02, PNorm = 89.6377, GNorm = 0.7493, lr_0 = 9.8942e-04
Loss = 1.5800e-02, PNorm = 89.6513, GNorm = 0.2738, lr_0 = 9.8904e-04
Loss = 1.4060e-02, PNorm = 89.6720, GNorm = 0.2702, lr_0 = 9.8866e-04
Loss = 1.5106e-02, PNorm = 89.6896, GNorm = 0.3500, lr_0 = 9.8828e-04
Loss = 1.8650e-02, PNorm = 89.7108, GNorm = 1.4345, lr_0 = 9.8790e-04
Loss = 1.7352e-02, PNorm = 89.7277, GNorm = 0.8269, lr_0 = 9.8752e-04
Loss = 1.4444e-02, PNorm = 89.7475, GNorm = 0.9598, lr_0 = 9.8715e-04
Loss = 1.3397e-02, PNorm = 89.7620, GNorm = 0.3901, lr_0 = 9.8677e-04
Loss = 1.3894e-02, PNorm = 89.7753, GNorm = 0.4819, lr_0 = 9.8639e-04
Loss = 1.3857e-02, PNorm = 89.7934, GNorm = 0.7222, lr_0 = 9.8601e-04
Loss = 1.6881e-02, PNorm = 89.8073, GNorm = 0.7697, lr_0 = 9.8563e-04
Loss = 1.5457e-02, PNorm = 89.8279, GNorm = 0.2597, lr_0 = 9.8525e-04
Loss = 1.5364e-02, PNorm = 89.8488, GNorm = 0.7438, lr_0 = 9.8487e-04
Loss = 1.7726e-02, PNorm = 89.8649, GNorm = 0.5390, lr_0 = 9.8450e-04
Loss = 1.6178e-02, PNorm = 89.8897, GNorm = 0.5206, lr_0 = 9.8412e-04
Loss = 1.7562e-02, PNorm = 89.9165, GNorm = 1.0381, lr_0 = 9.8374e-04
Loss = 1.5666e-02, PNorm = 89.9369, GNorm = 0.2836, lr_0 = 9.8336e-04
Loss = 1.8543e-02, PNorm = 89.9537, GNorm = 0.8372, lr_0 = 9.8299e-04
Loss = 1.8053e-02, PNorm = 89.9742, GNorm = 0.8136, lr_0 = 9.8261e-04
Loss = 1.4796e-02, PNorm = 89.9943, GNorm = 0.6121, lr_0 = 9.8223e-04
Loss = 1.7872e-02, PNorm = 90.0126, GNorm = 0.2024, lr_0 = 9.8185e-04
Loss = 1.7332e-02, PNorm = 90.0360, GNorm = 0.2660, lr_0 = 9.8148e-04
Loss = 1.7072e-02, PNorm = 90.0533, GNorm = 0.3853, lr_0 = 9.8110e-04
Loss = 1.5358e-02, PNorm = 90.0750, GNorm = 0.7412, lr_0 = 9.8072e-04
Loss = 1.5738e-02, PNorm = 90.0897, GNorm = 0.9204, lr_0 = 9.8035e-04
Loss = 1.5711e-02, PNorm = 90.1037, GNorm = 0.3767, lr_0 = 9.7997e-04
Loss = 1.6158e-02, PNorm = 90.1273, GNorm = 0.4349, lr_0 = 9.7959e-04
Loss = 1.8035e-02, PNorm = 90.1479, GNorm = 1.6052, lr_0 = 9.7922e-04
Loss = 1.7087e-02, PNorm = 90.1675, GNorm = 0.7002, lr_0 = 9.7884e-04
Loss = 1.5651e-02, PNorm = 90.1838, GNorm = 0.5827, lr_0 = 9.7847e-04
Loss = 1.6511e-02, PNorm = 90.2031, GNorm = 0.6793, lr_0 = 9.7809e-04
Loss = 1.7555e-02, PNorm = 90.2264, GNorm = 0.8057, lr_0 = 9.7772e-04
Loss = 1.4808e-02, PNorm = 90.2417, GNorm = 0.4666, lr_0 = 9.7734e-04
Loss = 1.3833e-02, PNorm = 90.2595, GNorm = 0.4410, lr_0 = 9.7697e-04
Loss = 1.4591e-02, PNorm = 90.2766, GNorm = 0.4175, lr_0 = 9.7659e-04
Loss = 1.4375e-02, PNorm = 90.2952, GNorm = 0.3083, lr_0 = 9.7622e-04
Loss = 1.3320e-02, PNorm = 90.3103, GNorm = 0.2677, lr_0 = 9.7584e-04
Loss = 1.4798e-02, PNorm = 90.3291, GNorm = 0.2791, lr_0 = 9.7547e-04
Loss = 1.2460e-02, PNorm = 90.3466, GNorm = 0.4843, lr_0 = 9.7509e-04
Loss = 1.5009e-02, PNorm = 90.3646, GNorm = 1.1272, lr_0 = 9.7472e-04
Loss = 1.8909e-02, PNorm = 90.3855, GNorm = 1.2843, lr_0 = 9.7434e-04
Loss = 1.8930e-02, PNorm = 90.4049, GNorm = 1.4305, lr_0 = 9.7397e-04
Loss = 1.5921e-02, PNorm = 90.4244, GNorm = 0.4051, lr_0 = 9.7360e-04
Loss = 1.6430e-02, PNorm = 90.4433, GNorm = 1.2631, lr_0 = 9.7322e-04
Loss = 1.8172e-02, PNorm = 90.4617, GNorm = 1.7445, lr_0 = 9.7285e-04
Loss = 2.2851e-02, PNorm = 90.4897, GNorm = 1.1313, lr_0 = 9.7248e-04
Loss = 1.6283e-02, PNorm = 90.5123, GNorm = 0.3850, lr_0 = 9.7210e-04
Loss = 1.6507e-02, PNorm = 90.5376, GNorm = 0.6738, lr_0 = 9.7173e-04
Loss = 1.7098e-02, PNorm = 90.5610, GNorm = 0.6930, lr_0 = 9.7136e-04
Loss = 1.9006e-02, PNorm = 90.5845, GNorm = 1.2735, lr_0 = 9.7098e-04
Loss = 1.6185e-02, PNorm = 90.6105, GNorm = 0.2774, lr_0 = 9.7061e-04
Loss = 1.6038e-02, PNorm = 90.6336, GNorm = 0.7006, lr_0 = 9.7024e-04
Loss = 1.8045e-02, PNorm = 90.6527, GNorm = 1.2300, lr_0 = 9.6987e-04
Loss = 1.9352e-02, PNorm = 90.6794, GNorm = 0.4796, lr_0 = 9.6949e-04
Loss = 1.5181e-02, PNorm = 90.7040, GNorm = 0.4403, lr_0 = 9.6912e-04
Loss = 1.5384e-02, PNorm = 90.7223, GNorm = 0.4640, lr_0 = 9.6875e-04
Loss = 1.3974e-02, PNorm = 90.7382, GNorm = 0.5739, lr_0 = 9.6838e-04
Loss = 1.4236e-02, PNorm = 90.7529, GNorm = 0.3572, lr_0 = 9.6801e-04
Loss = 1.7062e-02, PNorm = 90.7745, GNorm = 0.5889, lr_0 = 9.6763e-04
Loss = 1.7592e-02, PNorm = 90.7977, GNorm = 0.9621, lr_0 = 9.6726e-04
Loss = 1.3647e-02, PNorm = 90.8210, GNorm = 0.3249, lr_0 = 9.6689e-04
Loss = 1.4823e-02, PNorm = 90.8400, GNorm = 0.5853, lr_0 = 9.6652e-04
Loss = 1.5642e-02, PNorm = 90.8559, GNorm = 0.4283, lr_0 = 9.6615e-04
Loss = 1.4455e-02, PNorm = 90.8733, GNorm = 0.8584, lr_0 = 9.6578e-04
Loss = 1.3878e-02, PNorm = 90.8891, GNorm = 0.5767, lr_0 = 9.6541e-04
Loss = 1.2891e-02, PNorm = 90.8980, GNorm = 0.6314, lr_0 = 9.6504e-04
Loss = 1.4157e-02, PNorm = 90.9070, GNorm = 1.0177, lr_0 = 9.6467e-04
Loss = 1.6188e-02, PNorm = 90.9220, GNorm = 0.2901, lr_0 = 9.6430e-04
Loss = 1.4111e-02, PNorm = 90.9422, GNorm = 1.0234, lr_0 = 9.6393e-04
Loss = 1.4321e-02, PNorm = 90.9588, GNorm = 0.2870, lr_0 = 9.6356e-04
Loss = 1.3618e-02, PNorm = 90.9774, GNorm = 1.6653, lr_0 = 9.6319e-04
Loss = 1.9699e-02, PNorm = 90.9980, GNorm = 0.9038, lr_0 = 9.6282e-04
Loss = 1.4424e-02, PNorm = 91.0173, GNorm = 0.3657, lr_0 = 9.6245e-04
Loss = 1.5457e-02, PNorm = 91.0369, GNorm = 1.0169, lr_0 = 9.6208e-04
Loss = 1.6767e-02, PNorm = 91.0584, GNorm = 1.7857, lr_0 = 9.6171e-04
Loss = 1.6147e-02, PNorm = 91.0800, GNorm = 0.4707, lr_0 = 9.6134e-04
Loss = 1.7443e-02, PNorm = 91.0960, GNorm = 0.3622, lr_0 = 9.6097e-04
Loss = 1.5571e-02, PNorm = 91.1155, GNorm = 0.6484, lr_0 = 9.6060e-04
Loss = 1.7986e-02, PNorm = 91.1342, GNorm = 1.1741, lr_0 = 9.6023e-04
Loss = 1.6693e-02, PNorm = 91.1531, GNorm = 0.3697, lr_0 = 9.5986e-04
Loss = 1.4271e-02, PNorm = 91.1707, GNorm = 0.6219, lr_0 = 9.5950e-04
Loss = 1.4546e-02, PNorm = 91.1944, GNorm = 0.3174, lr_0 = 9.5913e-04
Loss = 1.4057e-02, PNorm = 91.2143, GNorm = 0.3373, lr_0 = 9.5876e-04
Loss = 1.3048e-02, PNorm = 91.2299, GNorm = 0.5671, lr_0 = 9.5839e-04
Loss = 1.3183e-02, PNorm = 91.2438, GNorm = 0.4569, lr_0 = 9.5802e-04
Loss = 1.3244e-02, PNorm = 91.2570, GNorm = 0.4589, lr_0 = 9.5766e-04
Loss = 1.4294e-02, PNorm = 91.2693, GNorm = 0.6099, lr_0 = 9.5729e-04
Loss = 1.3860e-02, PNorm = 91.2834, GNorm = 0.3057, lr_0 = 9.5692e-04
Loss = 1.1790e-02, PNorm = 91.2995, GNorm = 0.5926, lr_0 = 9.5655e-04
Loss = 1.3834e-02, PNorm = 91.3129, GNorm = 1.3975, lr_0 = 9.5619e-04
Loss = 1.7047e-02, PNorm = 91.3300, GNorm = 1.0575, lr_0 = 9.5582e-04
Loss = 1.9644e-02, PNorm = 91.3512, GNorm = 0.6022, lr_0 = 9.5545e-04
Loss = 1.8497e-02, PNorm = 91.3808, GNorm = 0.7047, lr_0 = 9.5508e-04
Loss = 1.7430e-02, PNorm = 91.4053, GNorm = 0.5005, lr_0 = 9.5472e-04
Loss = 1.4115e-02, PNorm = 91.4247, GNorm = 0.3266, lr_0 = 9.5435e-04
Loss = 1.2327e-02, PNorm = 91.4436, GNorm = 0.3614, lr_0 = 9.5399e-04
Loss = 1.3661e-02, PNorm = 91.4582, GNorm = 0.4336, lr_0 = 9.5362e-04
Loss = 1.1675e-02, PNorm = 91.4684, GNorm = 0.2519, lr_0 = 9.5325e-04
Loss = 1.1575e-02, PNorm = 91.4838, GNorm = 0.5063, lr_0 = 9.5289e-04
Loss = 1.1815e-02, PNorm = 91.4972, GNorm = 0.6370, lr_0 = 9.5252e-04
Loss = 1.2506e-02, PNorm = 91.5090, GNorm = 0.4086, lr_0 = 9.5216e-04
Loss = 1.4557e-02, PNorm = 91.5228, GNorm = 0.6672, lr_0 = 9.5179e-04
Loss = 1.3067e-02, PNorm = 91.5402, GNorm = 0.2381, lr_0 = 9.5143e-04
Loss = 1.5388e-02, PNorm = 91.5535, GNorm = 0.3763, lr_0 = 9.5106e-04
Loss = 1.3742e-02, PNorm = 91.5668, GNorm = 0.6023, lr_0 = 9.5070e-04
Loss = 1.3259e-02, PNorm = 91.5833, GNorm = 0.4967, lr_0 = 9.5033e-04
Loss = 1.1709e-02, PNorm = 91.5984, GNorm = 0.6608, lr_0 = 9.4997e-04
Loss = 1.6296e-02, PNorm = 91.6161, GNorm = 0.9423, lr_0 = 9.4960e-04
Loss = 1.3784e-02, PNorm = 91.6327, GNorm = 0.2981, lr_0 = 9.4924e-04
Loss = 1.7430e-02, PNorm = 91.6498, GNorm = 0.7168, lr_0 = 9.4887e-04
Loss = 1.5657e-02, PNorm = 91.6675, GNorm = 0.4517, lr_0 = 9.4851e-04
Loss = 1.4638e-02, PNorm = 91.6883, GNorm = 0.3323, lr_0 = 9.4814e-04
Loss = 1.2230e-02, PNorm = 91.7087, GNorm = 0.2725, lr_0 = 9.4778e-04
Loss = 1.2951e-02, PNorm = 91.7236, GNorm = 0.3996, lr_0 = 9.4742e-04
Loss = 1.1503e-02, PNorm = 91.7376, GNorm = 0.7755, lr_0 = 9.4705e-04
Loss = 1.6017e-02, PNorm = 91.7570, GNorm = 1.4693, lr_0 = 9.4669e-04
Loss = 1.2497e-02, PNorm = 91.7737, GNorm = 0.3379, lr_0 = 9.4633e-04
Loss = 1.3809e-02, PNorm = 91.7863, GNorm = 0.4172, lr_0 = 9.4596e-04
Loss = 1.2142e-02, PNorm = 91.7997, GNorm = 0.2517, lr_0 = 9.4560e-04
Loss = 1.2926e-02, PNorm = 91.8142, GNorm = 0.4968, lr_0 = 9.4524e-04
Loss = 1.3718e-02, PNorm = 91.8298, GNorm = 0.3139, lr_0 = 9.4487e-04
Loss = 1.2767e-02, PNorm = 91.8463, GNorm = 1.0584, lr_0 = 9.4451e-04
Loss = 1.2791e-02, PNorm = 91.8591, GNorm = 0.2971, lr_0 = 9.4415e-04
Loss = 1.1915e-02, PNorm = 91.8680, GNorm = 0.7557, lr_0 = 9.4379e-04
Loss = 1.1627e-02, PNorm = 91.8761, GNorm = 1.0433, lr_0 = 9.4342e-04
Loss = 1.1965e-02, PNorm = 91.8912, GNorm = 1.5944, lr_0 = 9.4306e-04
Loss = 1.2236e-02, PNorm = 91.9058, GNorm = 0.5103, lr_0 = 9.4270e-04
Loss = 1.3096e-02, PNorm = 91.9197, GNorm = 0.3548, lr_0 = 9.4234e-04
Loss = 1.2550e-02, PNorm = 91.9332, GNorm = 0.6399, lr_0 = 9.4198e-04
Loss = 1.3034e-02, PNorm = 91.9518, GNorm = 1.2657, lr_0 = 9.4161e-04
Loss = 1.0554e-02, PNorm = 91.9686, GNorm = 0.8466, lr_0 = 9.4125e-04
Loss = 1.1484e-02, PNorm = 91.9851, GNorm = 0.2539, lr_0 = 9.4089e-04
Loss = 1.2128e-02, PNorm = 91.9972, GNorm = 0.8767, lr_0 = 9.4053e-04
Loss = 1.1755e-02, PNorm = 92.0087, GNorm = 0.2426, lr_0 = 9.4017e-04
Loss = 1.1376e-02, PNorm = 92.0206, GNorm = 0.3672, lr_0 = 9.3981e-04
Loss = 1.0652e-02, PNorm = 92.0340, GNorm = 0.2726, lr_0 = 9.3945e-04
Loss = 1.1505e-02, PNorm = 92.0440, GNorm = 0.5298, lr_0 = 9.3909e-04
Loss = 1.1761e-02, PNorm = 92.0580, GNorm = 0.3070, lr_0 = 9.3873e-04
Loss = 1.0914e-02, PNorm = 92.0694, GNorm = 0.4652, lr_0 = 9.3837e-04
Loss = 9.6804e-03, PNorm = 92.0799, GNorm = 0.3128, lr_0 = 9.3801e-04
Loss = 1.1471e-02, PNorm = 92.0956, GNorm = 0.4170, lr_0 = 9.3765e-04
Loss = 1.1875e-02, PNorm = 92.1060, GNorm = 0.5219, lr_0 = 9.3729e-04
Loss = 1.2068e-02, PNorm = 92.1165, GNorm = 0.9134, lr_0 = 9.3693e-04
Loss = 1.4088e-02, PNorm = 92.1348, GNorm = 0.3252, lr_0 = 9.3657e-04
Loss = 1.2606e-02, PNorm = 92.1554, GNorm = 0.7327, lr_0 = 9.3621e-04
Loss = 1.5303e-02, PNorm = 92.1763, GNorm = 1.1172, lr_0 = 9.3585e-04
Loss = 1.2698e-02, PNorm = 92.1981, GNorm = 0.5802, lr_0 = 9.3549e-04
Loss = 1.2364e-02, PNorm = 92.2132, GNorm = 0.3419, lr_0 = 9.3513e-04
Loss = 1.2145e-02, PNorm = 92.2303, GNorm = 0.7074, lr_0 = 9.3477e-04
Loss = 1.3316e-02, PNorm = 92.2440, GNorm = 0.6683, lr_0 = 9.3441e-04
Loss = 1.2152e-02, PNorm = 92.2608, GNorm = 0.4836, lr_0 = 9.3405e-04
Loss = 1.2665e-02, PNorm = 92.2744, GNorm = 0.7184, lr_0 = 9.3369e-04
Loss = 1.0846e-02, PNorm = 92.2848, GNorm = 0.6020, lr_0 = 9.3334e-04
Loss = 1.1794e-02, PNorm = 92.2966, GNorm = 0.3599, lr_0 = 9.3298e-04
Loss = 1.1782e-02, PNorm = 92.3087, GNorm = 0.5496, lr_0 = 9.3262e-04
Loss = 1.0711e-02, PNorm = 92.3227, GNorm = 0.6602, lr_0 = 9.3226e-04
Loss = 1.2779e-02, PNorm = 92.3334, GNorm = 0.4086, lr_0 = 9.3190e-04
Loss = 1.0909e-02, PNorm = 92.3433, GNorm = 0.4094, lr_0 = 9.3155e-04
Loss = 1.1940e-02, PNorm = 92.3539, GNorm = 0.5258, lr_0 = 9.3119e-04
Loss = 1.0919e-02, PNorm = 92.3651, GNorm = 0.5137, lr_0 = 9.3083e-04
Loss = 8.8821e-03, PNorm = 92.3738, GNorm = 0.4341, lr_0 = 9.3047e-04
Loss = 1.2644e-02, PNorm = 92.3851, GNorm = 0.8228, lr_0 = 9.3012e-04
Loss = 1.1121e-02, PNorm = 92.3981, GNorm = 0.3683, lr_0 = 9.2976e-04
Loss = 1.0957e-02, PNorm = 92.4138, GNorm = 0.8079, lr_0 = 9.2940e-04
Loss = 1.0932e-02, PNorm = 92.4253, GNorm = 0.2654, lr_0 = 9.2905e-04
Loss = 1.1007e-02, PNorm = 92.4371, GNorm = 0.3589, lr_0 = 9.2869e-04
Loss = 1.2030e-02, PNorm = 92.4498, GNorm = 0.2555, lr_0 = 9.2833e-04
Loss = 1.3153e-02, PNorm = 92.4579, GNorm = 0.8398, lr_0 = 9.2798e-04
Loss = 1.0447e-02, PNorm = 92.4655, GNorm = 0.4858, lr_0 = 9.2762e-04
Loss = 1.2258e-02, PNorm = 92.4829, GNorm = 0.7340, lr_0 = 9.2726e-04
Loss = 1.0101e-02, PNorm = 92.4988, GNorm = 0.5891, lr_0 = 9.2691e-04
Loss = 1.2431e-02, PNorm = 92.5131, GNorm = 0.2202, lr_0 = 9.2655e-04
Loss = 1.1442e-02, PNorm = 92.5310, GNorm = 0.8164, lr_0 = 9.2620e-04
Loss = 1.1328e-02, PNorm = 92.5452, GNorm = 0.2729, lr_0 = 9.2584e-04
Loss = 1.0797e-02, PNorm = 92.5575, GNorm = 0.2236, lr_0 = 9.2549e-04
Loss = 9.7791e-03, PNorm = 92.5691, GNorm = 0.4703, lr_0 = 9.2513e-04
Loss = 9.7938e-03, PNorm = 92.5832, GNorm = 0.3978, lr_0 = 9.2478e-04
Loss = 1.3709e-02, PNorm = 92.5994, GNorm = 1.0690, lr_0 = 9.2442e-04
Loss = 1.6261e-02, PNorm = 92.6242, GNorm = 1.1578, lr_0 = 9.2407e-04
Loss = 1.6477e-02, PNorm = 92.6410, GNorm = 0.5575, lr_0 = 9.2371e-04
Loss = 1.5346e-02, PNorm = 92.6582, GNorm = 0.3908, lr_0 = 9.2336e-04
Loss = 1.8707e-02, PNorm = 92.6807, GNorm = 0.2881, lr_0 = 9.2300e-04
Loss = 1.7893e-02, PNorm = 92.7066, GNorm = 0.7288, lr_0 = 9.2265e-04
Loss = 1.6037e-02, PNorm = 92.7302, GNorm = 0.6311, lr_0 = 9.2229e-04
Loss = 1.4720e-02, PNorm = 92.7542, GNorm = 0.8240, lr_0 = 9.2194e-04
Loss = 1.4660e-02, PNorm = 92.7804, GNorm = 0.3360, lr_0 = 9.2159e-04
Loss = 1.3601e-02, PNorm = 92.8009, GNorm = 0.8542, lr_0 = 9.2123e-04
Loss = 1.4430e-02, PNorm = 92.8202, GNorm = 0.3440, lr_0 = 9.2088e-04
Loss = 1.4008e-02, PNorm = 92.8450, GNorm = 1.0593, lr_0 = 9.2053e-04
Loss = 1.7309e-02, PNorm = 92.8682, GNorm = 0.9082, lr_0 = 9.2017e-04
Loss = 1.5294e-02, PNorm = 92.8856, GNorm = 0.3186, lr_0 = 9.1982e-04
Loss = 1.6130e-02, PNorm = 92.9022, GNorm = 0.6675, lr_0 = 9.1947e-04
Loss = 1.4343e-02, PNorm = 92.9197, GNorm = 0.8635, lr_0 = 9.1911e-04
Loss = 1.3521e-02, PNorm = 92.9370, GNorm = 0.6013, lr_0 = 9.1876e-04
Loss = 1.5412e-02, PNorm = 92.9550, GNorm = 0.6829, lr_0 = 9.1841e-04
Loss = 1.3532e-02, PNorm = 92.9710, GNorm = 0.3167, lr_0 = 9.1805e-04
Loss = 1.6428e-02, PNorm = 92.9819, GNorm = 1.1244, lr_0 = 9.1770e-04
Loss = 1.4399e-02, PNorm = 92.9966, GNorm = 0.5393, lr_0 = 9.1735e-04
Loss = 1.2824e-02, PNorm = 93.0137, GNorm = 0.7008, lr_0 = 9.1700e-04
Loss = 1.3515e-02, PNorm = 93.0287, GNorm = 0.3326, lr_0 = 9.1665e-04
Loss = 1.1725e-02, PNorm = 93.0443, GNorm = 0.5633, lr_0 = 9.1629e-04
Loss = 1.4824e-02, PNorm = 93.0579, GNorm = 1.2134, lr_0 = 9.1594e-04
Loss = 1.6319e-02, PNorm = 93.0772, GNorm = 0.6212, lr_0 = 9.1559e-04
Loss = 1.3722e-02, PNorm = 93.0926, GNorm = 0.3886, lr_0 = 9.1524e-04
Loss = 1.2126e-02, PNorm = 93.1075, GNorm = 0.3450, lr_0 = 9.1489e-04
Loss = 1.6022e-02, PNorm = 93.1232, GNorm = 0.6257, lr_0 = 9.1454e-04
Loss = 1.5682e-02, PNorm = 93.1431, GNorm = 0.3042, lr_0 = 9.1419e-04
Loss = 1.4762e-02, PNorm = 93.1626, GNorm = 0.7415, lr_0 = 9.1383e-04
Loss = 1.3807e-02, PNorm = 93.1821, GNorm = 0.3768, lr_0 = 9.1348e-04
Loss = 1.3920e-02, PNorm = 93.2051, GNorm = 0.3570, lr_0 = 9.1313e-04
Loss = 1.4157e-02, PNorm = 93.2238, GNorm = 0.5025, lr_0 = 9.1278e-04
Loss = 1.3588e-02, PNorm = 93.2377, GNorm = 0.7494, lr_0 = 9.1243e-04
Loss = 1.4223e-02, PNorm = 93.2542, GNorm = 0.3263, lr_0 = 9.1208e-04
Loss = 1.2924e-02, PNorm = 93.2713, GNorm = 0.6292, lr_0 = 9.1173e-04
Loss = 1.1635e-02, PNorm = 93.2816, GNorm = 0.4509, lr_0 = 9.1138e-04
Loss = 1.2181e-02, PNorm = 93.2978, GNorm = 0.9095, lr_0 = 9.1103e-04
Loss = 1.3263e-02, PNorm = 93.3148, GNorm = 0.3112, lr_0 = 9.1068e-04
Loss = 1.4188e-02, PNorm = 93.3334, GNorm = 0.6005, lr_0 = 9.1033e-04
Loss = 1.2238e-02, PNorm = 93.3574, GNorm = 0.2305, lr_0 = 9.0998e-04
Loss = 1.0029e-02, PNorm = 93.3762, GNorm = 0.1977, lr_0 = 9.0963e-04
Loss = 1.2166e-02, PNorm = 93.3932, GNorm = 0.4480, lr_0 = 9.0929e-04
Loss = 1.0947e-02, PNorm = 93.4065, GNorm = 0.3823, lr_0 = 9.0894e-04
Loss = 1.1917e-02, PNorm = 93.4205, GNorm = 0.4461, lr_0 = 9.0859e-04
Loss = 1.2235e-02, PNorm = 93.4312, GNorm = 0.2995, lr_0 = 9.0824e-04
Loss = 1.1276e-02, PNorm = 93.4417, GNorm = 0.5917, lr_0 = 9.0789e-04
Loss = 1.1510e-02, PNorm = 93.4504, GNorm = 1.0293, lr_0 = 9.0754e-04
Loss = 1.1493e-02, PNorm = 93.4649, GNorm = 0.9553, lr_0 = 9.0719e-04
Loss = 1.3590e-02, PNorm = 93.4799, GNorm = 0.6339, lr_0 = 9.0684e-04
Loss = 1.2554e-02, PNorm = 93.4968, GNorm = 0.2546, lr_0 = 9.0650e-04
Loss = 1.6005e-02, PNorm = 93.5136, GNorm = 1.7521, lr_0 = 9.0615e-04
Loss = 1.7535e-02, PNorm = 93.5316, GNorm = 1.7877, lr_0 = 9.0580e-04
Loss = 1.5439e-02, PNorm = 93.5544, GNorm = 0.3703, lr_0 = 9.0545e-04
Loss = 1.2652e-02, PNorm = 93.5699, GNorm = 0.2798, lr_0 = 9.0511e-04
Loss = 1.2083e-02, PNorm = 93.5845, GNorm = 0.3807, lr_0 = 9.0476e-04
Loss = 1.0792e-02, PNorm = 93.5987, GNorm = 0.9494, lr_0 = 9.0441e-04
Loss = 1.2677e-02, PNorm = 93.6120, GNorm = 1.0961, lr_0 = 9.0406e-04
Loss = 1.4829e-02, PNorm = 93.6274, GNorm = 1.1678, lr_0 = 9.0372e-04
Loss = 1.4038e-02, PNorm = 93.6435, GNorm = 0.9474, lr_0 = 9.0337e-04
Loss = 1.3892e-02, PNorm = 93.6566, GNorm = 0.2749, lr_0 = 9.0302e-04
Loss = 1.5581e-02, PNorm = 93.6734, GNorm = 0.3131, lr_0 = 9.0268e-04
Loss = 1.6733e-02, PNorm = 93.6918, GNorm = 0.3932, lr_0 = 9.0233e-04
Loss = 1.3300e-02, PNorm = 93.7112, GNorm = 0.4538, lr_0 = 9.0198e-04
Loss = 1.5605e-02, PNorm = 93.7351, GNorm = 0.6254, lr_0 = 9.0164e-04
Loss = 1.4270e-02, PNorm = 93.7571, GNorm = 0.4486, lr_0 = 9.0129e-04
Loss = 1.4592e-02, PNorm = 93.7784, GNorm = 0.5439, lr_0 = 9.0095e-04
Loss = 1.3027e-02, PNorm = 93.7936, GNorm = 1.1000, lr_0 = 9.0060e-04
Loss = 1.2985e-02, PNorm = 93.8090, GNorm = 0.5168, lr_0 = 9.0025e-04
Loss = 1.4105e-02, PNorm = 93.8251, GNorm = 0.4208, lr_0 = 8.9991e-04
Loss = 1.4382e-02, PNorm = 93.8422, GNorm = 0.8433, lr_0 = 8.9956e-04
Loss = 1.7182e-02, PNorm = 93.8598, GNorm = 1.8104, lr_0 = 8.9922e-04
Loss = 1.7962e-02, PNorm = 93.8806, GNorm = 0.7953, lr_0 = 8.9887e-04
Loss = 1.5019e-02, PNorm = 93.8976, GNorm = 0.4725, lr_0 = 8.9853e-04
Loss = 1.4997e-02, PNorm = 93.9125, GNorm = 0.9828, lr_0 = 8.9818e-04
Loss = 1.8803e-02, PNorm = 93.9364, GNorm = 0.4789, lr_0 = 8.9784e-04
Loss = 1.7108e-02, PNorm = 93.9623, GNorm = 0.2206, lr_0 = 8.9749e-04
Loss = 1.8826e-02, PNorm = 93.9832, GNorm = 0.9297, lr_0 = 8.9715e-04
Loss = 1.9066e-02, PNorm = 94.0152, GNorm = 0.5282, lr_0 = 8.9680e-04
Loss = 1.5881e-02, PNorm = 94.0422, GNorm = 0.3042, lr_0 = 8.9646e-04
Loss = 1.8131e-02, PNorm = 94.0638, GNorm = 0.8212, lr_0 = 8.9612e-04
Loss = 1.8414e-02, PNorm = 94.0880, GNorm = 0.6341, lr_0 = 8.9577e-04
Loss = 1.7374e-02, PNorm = 94.1159, GNorm = 0.4831, lr_0 = 8.9543e-04
Loss = 1.4511e-02, PNorm = 94.1373, GNorm = 0.4302, lr_0 = 8.9508e-04
Loss = 1.5493e-02, PNorm = 94.1580, GNorm = 1.2072, lr_0 = 8.9474e-04
Loss = 1.8919e-02, PNorm = 94.1769, GNorm = 1.8697, lr_0 = 8.9440e-04
Loss = 1.6096e-02, PNorm = 94.2013, GNorm = 0.7917, lr_0 = 8.9405e-04
Loss = 1.7060e-02, PNorm = 94.2219, GNorm = 0.4995, lr_0 = 8.9371e-04
Loss = 1.6443e-02, PNorm = 94.2504, GNorm = 0.9182, lr_0 = 8.9337e-04
Loss = 1.4011e-02, PNorm = 94.2690, GNorm = 0.6120, lr_0 = 8.9303e-04
Loss = 1.4402e-02, PNorm = 94.2836, GNorm = 0.2652, lr_0 = 8.9268e-04
Loss = 1.2720e-02, PNorm = 94.2997, GNorm = 0.3999, lr_0 = 8.9234e-04
Loss = 1.3609e-02, PNorm = 94.3152, GNorm = 1.0823, lr_0 = 8.9200e-04
Loss = 1.4524e-02, PNorm = 94.3341, GNorm = 0.6221, lr_0 = 8.9165e-04
Loss = 1.4391e-02, PNorm = 94.3506, GNorm = 0.7282, lr_0 = 8.9131e-04
Loss = 1.0926e-02, PNorm = 94.3661, GNorm = 0.2007, lr_0 = 8.9097e-04
Loss = 1.3678e-02, PNorm = 94.3837, GNorm = 0.2100, lr_0 = 8.9063e-04
Loss = 1.1238e-02, PNorm = 94.3983, GNorm = 0.2823, lr_0 = 8.9029e-04
Loss = 1.2048e-02, PNorm = 94.4132, GNorm = 0.3409, lr_0 = 8.8994e-04
Loss = 1.3551e-02, PNorm = 94.4282, GNorm = 0.4198, lr_0 = 8.8960e-04
Loss = 1.0730e-02, PNorm = 94.4421, GNorm = 0.3122, lr_0 = 8.8926e-04
Loss = 1.2026e-02, PNorm = 94.4534, GNorm = 0.4892, lr_0 = 8.8892e-04
Loss = 1.0978e-02, PNorm = 94.4659, GNorm = 0.8195, lr_0 = 8.8858e-04
Loss = 1.0907e-02, PNorm = 94.4795, GNorm = 0.2698, lr_0 = 8.8824e-04
Loss = 1.0504e-02, PNorm = 94.4858, GNorm = 0.6458, lr_0 = 8.8790e-04
Loss = 1.1334e-02, PNorm = 94.4948, GNorm = 0.8920, lr_0 = 8.8756e-04
Loss = 1.1946e-02, PNorm = 94.5101, GNorm = 1.1151, lr_0 = 8.8722e-04
Loss = 1.0713e-02, PNorm = 94.5245, GNorm = 0.3195, lr_0 = 8.8688e-04
Loss = 9.7212e-03, PNorm = 94.5340, GNorm = 0.7986, lr_0 = 8.8653e-04
Loss = 1.0227e-02, PNorm = 94.5452, GNorm = 0.3480, lr_0 = 8.8619e-04
Loss = 9.3305e-03, PNorm = 94.5540, GNorm = 0.4138, lr_0 = 8.8585e-04
Loss = 1.0358e-02, PNorm = 94.5677, GNorm = 0.6244, lr_0 = 8.8551e-04
Loss = 1.0483e-02, PNorm = 94.5791, GNorm = 0.3634, lr_0 = 8.8517e-04
Loss = 1.0186e-02, PNorm = 94.5898, GNorm = 0.4484, lr_0 = 8.8483e-04
Loss = 8.4177e-03, PNorm = 94.5999, GNorm = 0.2238, lr_0 = 8.8449e-04
Loss = 8.5451e-03, PNorm = 94.6132, GNorm = 0.7001, lr_0 = 8.8416e-04
Loss = 8.5502e-03, PNorm = 94.6213, GNorm = 0.3873, lr_0 = 8.8382e-04
Loss = 1.0802e-02, PNorm = 94.6312, GNorm = 0.6458, lr_0 = 8.8348e-04
Loss = 1.0660e-02, PNorm = 94.6448, GNorm = 0.4333, lr_0 = 8.8314e-04
Loss = 1.0949e-02, PNorm = 94.6577, GNorm = 0.3772, lr_0 = 8.8280e-04
Loss = 1.2372e-02, PNorm = 94.6684, GNorm = 0.9278, lr_0 = 8.8246e-04
Loss = 1.1533e-02, PNorm = 94.6790, GNorm = 0.3868, lr_0 = 8.8212e-04
Loss = 1.1985e-02, PNorm = 94.6916, GNorm = 0.2357, lr_0 = 8.8178e-04
Loss = 1.1860e-02, PNorm = 94.7064, GNorm = 0.4410, lr_0 = 8.8144e-04
Loss = 1.0538e-02, PNorm = 94.7238, GNorm = 0.6979, lr_0 = 8.8111e-04
Loss = 1.0302e-02, PNorm = 94.7384, GNorm = 0.3575, lr_0 = 8.8077e-04
Loss = 9.8888e-03, PNorm = 94.7488, GNorm = 0.4352, lr_0 = 8.8043e-04
Loss = 1.1735e-02, PNorm = 94.7621, GNorm = 0.7730, lr_0 = 8.8009e-04
Loss = 1.2274e-02, PNorm = 94.7700, GNorm = 0.6051, lr_0 = 8.7975e-04
Loss = 1.0181e-02, PNorm = 94.7810, GNorm = 0.4555, lr_0 = 8.7942e-04
Loss = 1.3775e-02, PNorm = 94.7934, GNorm = 0.3700, lr_0 = 8.7908e-04
Loss = 1.1664e-02, PNorm = 94.8064, GNorm = 0.3163, lr_0 = 8.7874e-04
Loss = 1.0329e-02, PNorm = 94.8196, GNorm = 0.5965, lr_0 = 8.7840e-04
Loss = 9.6905e-03, PNorm = 94.8305, GNorm = 0.5442, lr_0 = 8.7807e-04
Loss = 1.1633e-02, PNorm = 94.8476, GNorm = 0.5261, lr_0 = 8.7773e-04
Loss = 1.1555e-02, PNorm = 94.8644, GNorm = 1.3194, lr_0 = 8.7739e-04
Loss = 9.6034e-03, PNorm = 94.8761, GNorm = 0.7428, lr_0 = 8.7706e-04
Loss = 9.8597e-03, PNorm = 94.8851, GNorm = 0.3783, lr_0 = 8.7672e-04
Loss = 8.8428e-03, PNorm = 94.8958, GNorm = 0.5335, lr_0 = 8.7638e-04
Loss = 8.5424e-03, PNorm = 94.9091, GNorm = 0.3881, lr_0 = 8.7605e-04
Loss = 8.1149e-03, PNorm = 94.9187, GNorm = 0.8187, lr_0 = 8.7571e-04
Loss = 9.1901e-03, PNorm = 94.9247, GNorm = 1.4161, lr_0 = 8.7537e-04
Loss = 1.0538e-02, PNorm = 94.9316, GNorm = 0.6811, lr_0 = 8.7504e-04
Loss = 1.1662e-02, PNorm = 94.9426, GNorm = 1.1426, lr_0 = 8.7470e-04
Loss = 1.0368e-02, PNorm = 94.9560, GNorm = 0.5182, lr_0 = 8.7437e-04
Loss = 9.4198e-03, PNorm = 94.9669, GNorm = 0.2692, lr_0 = 8.7403e-04
Loss = 8.9325e-03, PNorm = 94.9812, GNorm = 0.8474, lr_0 = 8.7370e-04
Loss = 1.0298e-02, PNorm = 94.9956, GNorm = 0.5611, lr_0 = 8.7336e-04
Loss = 9.1655e-03, PNorm = 95.0046, GNorm = 0.3689, lr_0 = 8.7302e-04
Loss = 9.4773e-03, PNorm = 95.0174, GNorm = 0.1895, lr_0 = 8.7269e-04
Loss = 1.0597e-02, PNorm = 95.0288, GNorm = 0.5245, lr_0 = 8.7235e-04
Loss = 9.5135e-03, PNorm = 95.0424, GNorm = 0.3823, lr_0 = 8.7202e-04
Loss = 9.4721e-03, PNorm = 95.0550, GNorm = 0.3280, lr_0 = 8.7168e-04
Loss = 8.5302e-03, PNorm = 95.0649, GNorm = 0.3565, lr_0 = 8.7135e-04
Loss = 9.8792e-03, PNorm = 95.0737, GNorm = 0.2875, lr_0 = 8.7102e-04
Loss = 9.4497e-03, PNorm = 95.0824, GNorm = 0.4530, lr_0 = 8.7068e-04
Loss = 8.3802e-03, PNorm = 95.0906, GNorm = 0.3230, lr_0 = 8.7035e-04
Loss = 9.9063e-03, PNorm = 95.0988, GNorm = 0.5648, lr_0 = 8.7001e-04
Loss = 1.0181e-02, PNorm = 95.1112, GNorm = 0.4140, lr_0 = 8.6968e-04
Loss = 1.1734e-02, PNorm = 95.1239, GNorm = 0.6031, lr_0 = 8.6935e-04
Loss = 8.9811e-03, PNorm = 95.1334, GNorm = 0.9528, lr_0 = 8.6901e-04
Loss = 1.1308e-02, PNorm = 95.1453, GNorm = 0.3200, lr_0 = 8.6868e-04
Loss = 1.1292e-02, PNorm = 95.1607, GNorm = 0.7106, lr_0 = 8.6834e-04
Loss = 1.3382e-02, PNorm = 95.1734, GNorm = 1.1996, lr_0 = 8.6801e-04
Loss = 1.1917e-02, PNorm = 95.1869, GNorm = 1.1678, lr_0 = 8.6768e-04
Loss = 9.9171e-03, PNorm = 95.2074, GNorm = 1.1534, lr_0 = 8.6735e-04
Loss = 1.1364e-02, PNorm = 95.2188, GNorm = 0.4729, lr_0 = 8.6701e-04
Loss = 9.8778e-03, PNorm = 95.2286, GNorm = 0.2085, lr_0 = 8.6668e-04
Loss = 9.5056e-03, PNorm = 95.2373, GNorm = 0.6264, lr_0 = 8.6635e-04
Loss = 1.0168e-02, PNorm = 95.2481, GNorm = 0.3383, lr_0 = 8.6601e-04
Loss = 1.0300e-02, PNorm = 95.2585, GNorm = 0.5834, lr_0 = 8.6568e-04
Loss = 1.0631e-02, PNorm = 95.2752, GNorm = 0.8816, lr_0 = 8.6535e-04
Loss = 9.3007e-03, PNorm = 95.2927, GNorm = 0.4708, lr_0 = 8.6502e-04
Loss = 9.3593e-03, PNorm = 95.3041, GNorm = 0.6316, lr_0 = 8.6469e-04
Loss = 8.6733e-03, PNorm = 95.3185, GNorm = 0.2387, lr_0 = 8.6435e-04
Loss = 9.2380e-03, PNorm = 95.3336, GNorm = 0.6121, lr_0 = 8.6402e-04
Loss = 9.4280e-03, PNorm = 95.3473, GNorm = 0.6463, lr_0 = 8.6369e-04
Loss = 8.6289e-03, PNorm = 95.3551, GNorm = 0.8540, lr_0 = 8.6336e-04
Loss = 9.0682e-03, PNorm = 95.3667, GNorm = 1.1490, lr_0 = 8.6303e-04
Loss = 1.1630e-02, PNorm = 95.3795, GNorm = 0.6456, lr_0 = 8.6270e-04
Loss = 1.0683e-02, PNorm = 95.3974, GNorm = 0.4740, lr_0 = 8.6236e-04
Loss = 9.5377e-03, PNorm = 95.4119, GNorm = 0.4769, lr_0 = 8.6203e-04
Loss = 8.2689e-03, PNorm = 95.4214, GNorm = 0.7031, lr_0 = 8.6170e-04
Loss = 8.5701e-03, PNorm = 95.4315, GNorm = 0.3418, lr_0 = 8.6137e-04
Loss = 8.7027e-03, PNorm = 95.4449, GNorm = 0.4669, lr_0 = 8.6104e-04
Loss = 9.5804e-03, PNorm = 95.4592, GNorm = 0.3615, lr_0 = 8.6071e-04
Loss = 9.1705e-03, PNorm = 95.4699, GNorm = 0.4304, lr_0 = 8.6038e-04
Loss = 1.0126e-02, PNorm = 95.4857, GNorm = 1.2623, lr_0 = 8.6005e-04
Loss = 8.6882e-03, PNorm = 95.5002, GNorm = 0.6222, lr_0 = 8.5972e-04
Loss = 9.3485e-03, PNorm = 95.5113, GNorm = 1.2035, lr_0 = 8.5939e-04
Loss = 1.2345e-02, PNorm = 95.5243, GNorm = 0.7198, lr_0 = 8.5906e-04
Loss = 1.0653e-02, PNorm = 95.5366, GNorm = 0.3813, lr_0 = 8.5873e-04
Loss = 1.0819e-02, PNorm = 95.5544, GNorm = 1.0553, lr_0 = 8.5840e-04
Loss = 9.3447e-03, PNorm = 95.5682, GNorm = 0.4211, lr_0 = 8.5807e-04
Loss = 8.4526e-03, PNorm = 95.5759, GNorm = 0.3299, lr_0 = 8.5774e-04
Loss = 9.3146e-03, PNorm = 95.5867, GNorm = 0.2381, lr_0 = 8.5741e-04
Loss = 9.3916e-03, PNorm = 95.5971, GNorm = 0.7236, lr_0 = 8.5708e-04
Loss = 9.2249e-03, PNorm = 95.6069, GNorm = 0.8567, lr_0 = 8.5675e-04
Loss = 9.3657e-03, PNorm = 95.6223, GNorm = 0.2706, lr_0 = 8.5643e-04
Loss = 8.7946e-03, PNorm = 95.6345, GNorm = 0.6000, lr_0 = 8.5610e-04
Loss = 8.6308e-03, PNorm = 95.6447, GNorm = 0.4701, lr_0 = 8.5577e-04
Loss = 8.5778e-03, PNorm = 95.6545, GNorm = 0.2376, lr_0 = 8.5544e-04
Loss = 8.5713e-03, PNorm = 95.6679, GNorm = 0.3297, lr_0 = 8.5511e-04
Loss = 9.0897e-03, PNorm = 95.6806, GNorm = 0.4666, lr_0 = 8.5478e-04
Loss = 9.1295e-03, PNorm = 95.6890, GNorm = 0.4537, lr_0 = 8.5446e-04
Loss = 1.0649e-02, PNorm = 95.7011, GNorm = 0.2779, lr_0 = 8.5413e-04
Loss = 1.0121e-02, PNorm = 95.7137, GNorm = 0.3595, lr_0 = 8.5380e-04
Loss = 1.1396e-02, PNorm = 95.7251, GNorm = 0.9854, lr_0 = 8.5347e-04
Loss = 1.1690e-02, PNorm = 95.7382, GNorm = 0.2364, lr_0 = 8.5314e-04
Loss = 9.9706e-03, PNorm = 95.7535, GNorm = 0.7039, lr_0 = 8.5282e-04
Loss = 9.7335e-03, PNorm = 95.7690, GNorm = 0.7676, lr_0 = 8.5249e-04
Loss = 8.7591e-03, PNorm = 95.7851, GNorm = 0.9817, lr_0 = 8.5216e-04
Loss = 9.7395e-03, PNorm = 95.7955, GNorm = 0.3676, lr_0 = 8.5183e-04
Loss = 8.9445e-03, PNorm = 95.8064, GNorm = 0.3997, lr_0 = 8.5151e-04
Loss = 1.0009e-02, PNorm = 95.8193, GNorm = 0.3499, lr_0 = 8.5118e-04
Loss = 1.1596e-02, PNorm = 95.8318, GNorm = 0.7234, lr_0 = 8.5085e-04
Loss = 1.1051e-02, PNorm = 95.8480, GNorm = 0.3077, lr_0 = 8.5053e-04
Loss = 1.1659e-02, PNorm = 95.8635, GNorm = 0.2879, lr_0 = 8.5020e-04
Loss = 1.2391e-02, PNorm = 95.8816, GNorm = 1.2714, lr_0 = 8.4988e-04
Loss = 1.3881e-02, PNorm = 95.8949, GNorm = 0.9580, lr_0 = 8.4955e-04
Loss = 1.1311e-02, PNorm = 95.9141, GNorm = 0.3561, lr_0 = 8.4922e-04
Loss = 1.1697e-02, PNorm = 95.9296, GNorm = 1.0437, lr_0 = 8.4890e-04
Loss = 1.2741e-02, PNorm = 95.9483, GNorm = 0.2414, lr_0 = 8.4857e-04
Loss = 1.3436e-02, PNorm = 95.9720, GNorm = 0.4807, lr_0 = 8.4825e-04
Loss = 1.1174e-02, PNorm = 95.9907, GNorm = 0.2415, lr_0 = 8.4792e-04
Loss = 1.0412e-02, PNorm = 96.0041, GNorm = 0.3547, lr_0 = 8.4759e-04
Loss = 1.1211e-02, PNorm = 96.0153, GNorm = 0.8882, lr_0 = 8.4727e-04
Loss = 1.0721e-02, PNorm = 96.0277, GNorm = 0.2424, lr_0 = 8.4694e-04
Loss = 1.1186e-02, PNorm = 96.0358, GNorm = 0.4101, lr_0 = 8.4662e-04
Loss = 8.8866e-03, PNorm = 96.0466, GNorm = 0.3491, lr_0 = 8.4629e-04
Loss = 9.7086e-03, PNorm = 96.0579, GNorm = 0.3430, lr_0 = 8.4597e-04
Loss = 1.2368e-02, PNorm = 96.0741, GNorm = 0.3606, lr_0 = 8.4564e-04
Loss = 1.1360e-02, PNorm = 96.0959, GNorm = 0.3351, lr_0 = 8.4532e-04
Loss = 1.0428e-02, PNorm = 96.1154, GNorm = 0.7941, lr_0 = 8.4499e-04
Loss = 9.7846e-03, PNorm = 96.1288, GNorm = 0.9624, lr_0 = 8.4467e-04
Loss = 1.1579e-02, PNorm = 96.1461, GNorm = 0.4348, lr_0 = 8.4435e-04
Loss = 1.0187e-02, PNorm = 96.1678, GNorm = 0.8826, lr_0 = 8.4402e-04
Loss = 1.0648e-02, PNorm = 96.1801, GNorm = 0.4492, lr_0 = 8.4370e-04
Loss = 1.0261e-02, PNorm = 96.1971, GNorm = 0.5515, lr_0 = 8.4337e-04
Loss = 1.0128e-02, PNorm = 96.2126, GNorm = 1.0967, lr_0 = 8.4305e-04
Loss = 1.0412e-02, PNorm = 96.2266, GNorm = 0.5929, lr_0 = 8.4273e-04
Loss = 1.0347e-02, PNorm = 96.2403, GNorm = 0.7291, lr_0 = 8.4240e-04
Loss = 1.0014e-02, PNorm = 96.2502, GNorm = 0.2991, lr_0 = 8.4208e-04
Loss = 9.5013e-03, PNorm = 96.2618, GNorm = 0.7962, lr_0 = 8.4176e-04
Loss = 1.0746e-02, PNorm = 96.2758, GNorm = 0.4839, lr_0 = 8.4143e-04
Loss = 9.1235e-03, PNorm = 96.2912, GNorm = 0.6672, lr_0 = 8.4111e-04
Loss = 8.4954e-03, PNorm = 96.3063, GNorm = 0.4485, lr_0 = 8.4079e-04
Loss = 8.4598e-03, PNorm = 96.3189, GNorm = 0.3722, lr_0 = 8.4047e-04
Loss = 8.1274e-03, PNorm = 96.3308, GNorm = 0.5453, lr_0 = 8.4014e-04
Loss = 9.2359e-03, PNorm = 96.3426, GNorm = 0.3654, lr_0 = 8.3982e-04
Loss = 1.0233e-02, PNorm = 96.3569, GNorm = 1.2784, lr_0 = 8.3950e-04
Loss = 1.1060e-02, PNorm = 96.3675, GNorm = 1.3542, lr_0 = 8.3918e-04
Loss = 1.2552e-02, PNorm = 96.3813, GNorm = 0.9282, lr_0 = 8.3885e-04
Loss = 1.0274e-02, PNorm = 96.3975, GNorm = 0.5399, lr_0 = 8.3853e-04
Loss = 1.0788e-02, PNorm = 96.4124, GNorm = 0.6518, lr_0 = 8.3821e-04
Loss = 1.0077e-02, PNorm = 96.4264, GNorm = 0.9593, lr_0 = 8.3789e-04
Loss = 1.3251e-02, PNorm = 96.4409, GNorm = 0.3088, lr_0 = 8.3757e-04
Loss = 9.8694e-03, PNorm = 96.4603, GNorm = 0.9559, lr_0 = 8.3724e-04
Loss = 1.1190e-02, PNorm = 96.4781, GNorm = 0.3605, lr_0 = 8.3692e-04
Loss = 1.0416e-02, PNorm = 96.4920, GNorm = 0.2869, lr_0 = 8.3660e-04
Loss = 9.4446e-03, PNorm = 96.5026, GNorm = 0.3581, lr_0 = 8.3628e-04
Loss = 9.0733e-03, PNorm = 96.5167, GNorm = 0.3446, lr_0 = 8.3596e-04
Loss = 9.7128e-03, PNorm = 96.5214, GNorm = 0.5225, lr_0 = 8.3564e-04
Loss = 1.1536e-02, PNorm = 96.5306, GNorm = 0.2409, lr_0 = 8.3532e-04
Loss = 9.2365e-03, PNorm = 96.5460, GNorm = 0.5140, lr_0 = 8.3500e-04
Loss = 1.0386e-02, PNorm = 96.5600, GNorm = 1.0877, lr_0 = 8.3468e-04
Loss = 1.0644e-02, PNorm = 96.5751, GNorm = 0.8718, lr_0 = 8.3436e-04
Loss = 1.0634e-02, PNorm = 96.5908, GNorm = 0.5331, lr_0 = 8.3404e-04
Loss = 1.0412e-02, PNorm = 96.6026, GNorm = 0.4852, lr_0 = 8.3372e-04
Loss = 9.8688e-03, PNorm = 96.6140, GNorm = 0.3310, lr_0 = 8.3340e-04
Loss = 1.0522e-02, PNorm = 96.6282, GNorm = 0.5602, lr_0 = 8.3308e-04
Loss = 1.1336e-02, PNorm = 96.6441, GNorm = 0.8028, lr_0 = 8.3276e-04
Loss = 1.1346e-02, PNorm = 96.6570, GNorm = 0.6131, lr_0 = 8.3244e-04
Loss = 9.4854e-03, PNorm = 96.6727, GNorm = 0.4582, lr_0 = 8.3212e-04
Loss = 1.0981e-02, PNorm = 96.6895, GNorm = 0.2512, lr_0 = 8.3180e-04
Loss = 9.7331e-03, PNorm = 96.7059, GNorm = 0.6299, lr_0 = 8.3148e-04
Loss = 9.3720e-03, PNorm = 96.7156, GNorm = 0.2717, lr_0 = 8.3116e-04
Loss = 1.0779e-02, PNorm = 96.7244, GNorm = 0.4741, lr_0 = 8.3084e-04
Loss = 1.2122e-02, PNorm = 96.7457, GNorm = 0.4141, lr_0 = 8.3052e-04
Loss = 1.2827e-02, PNorm = 96.7657, GNorm = 0.4332, lr_0 = 8.3020e-04
Loss = 1.2293e-02, PNorm = 96.7838, GNorm = 0.3755, lr_0 = 8.2988e-04
Loss = 9.3439e-03, PNorm = 96.7964, GNorm = 0.5268, lr_0 = 8.2957e-04
Loss = 1.1441e-02, PNorm = 96.8083, GNorm = 0.2773, lr_0 = 8.2925e-04
Loss = 1.0757e-02, PNorm = 96.8247, GNorm = 0.5972, lr_0 = 8.2893e-04
Loss = 1.0555e-02, PNorm = 96.8397, GNorm = 0.6329, lr_0 = 8.2861e-04
Loss = 8.5813e-03, PNorm = 96.8482, GNorm = 0.8144, lr_0 = 8.2829e-04
Loss = 1.0620e-02, PNorm = 96.8602, GNorm = 0.7617, lr_0 = 8.2797e-04
Loss = 1.0390e-02, PNorm = 96.8719, GNorm = 1.0976, lr_0 = 8.2766e-04
Loss = 1.1763e-02, PNorm = 96.8841, GNorm = 0.9048, lr_0 = 8.2734e-04
Loss = 1.3175e-02, PNorm = 96.9025, GNorm = 0.6186, lr_0 = 8.2702e-04
Loss = 1.1584e-02, PNorm = 96.9221, GNorm = 1.0004, lr_0 = 8.2670e-04
Loss = 1.4306e-02, PNorm = 96.9364, GNorm = 1.6799, lr_0 = 8.2639e-04
Loss = 1.4653e-02, PNorm = 96.9508, GNorm = 1.6478, lr_0 = 8.2607e-04
Loss = 1.5389e-02, PNorm = 96.9694, GNorm = 1.8409, lr_0 = 8.2575e-04
Loss = 1.2491e-02, PNorm = 96.9894, GNorm = 0.5824, lr_0 = 8.2544e-04
Loss = 1.2360e-02, PNorm = 97.0103, GNorm = 0.8764, lr_0 = 8.2512e-04
Loss = 1.1856e-02, PNorm = 97.0258, GNorm = 0.8108, lr_0 = 8.2480e-04
Loss = 1.0951e-02, PNorm = 97.0412, GNorm = 0.9200, lr_0 = 8.2449e-04
Loss = 1.2324e-02, PNorm = 97.0571, GNorm = 0.3276, lr_0 = 8.2417e-04
Loss = 1.0202e-02, PNorm = 97.0720, GNorm = 0.4016, lr_0 = 8.2385e-04
Loss = 1.1368e-02, PNorm = 97.0864, GNorm = 1.0619, lr_0 = 8.2354e-04
Loss = 8.6514e-03, PNorm = 97.1026, GNorm = 0.3642, lr_0 = 8.2322e-04
Loss = 1.0360e-02, PNorm = 97.1131, GNorm = 0.7192, lr_0 = 8.2290e-04
Loss = 1.0194e-02, PNorm = 97.1222, GNorm = 0.5581, lr_0 = 8.2259e-04
Loss = 9.3305e-03, PNorm = 97.1334, GNorm = 0.6719, lr_0 = 8.2227e-04
Loss = 8.4387e-03, PNorm = 97.1475, GNorm = 0.1883, lr_0 = 8.2196e-04
Loss = 9.2147e-03, PNorm = 97.1589, GNorm = 0.7425, lr_0 = 8.2164e-04
Loss = 1.0117e-02, PNorm = 97.1702, GNorm = 0.6770, lr_0 = 8.2133e-04
Loss = 8.9476e-03, PNorm = 97.1813, GNorm = 0.1851, lr_0 = 8.2101e-04
Loss = 1.0277e-02, PNorm = 97.1920, GNorm = 1.4402, lr_0 = 8.2070e-04
Loss = 1.0500e-02, PNorm = 97.2066, GNorm = 1.0646, lr_0 = 8.2038e-04
Loss = 9.4418e-03, PNorm = 97.2221, GNorm = 0.2974, lr_0 = 8.2007e-04
Loss = 9.5024e-03, PNorm = 97.2372, GNorm = 0.4409, lr_0 = 8.1975e-04
Loss = 8.1819e-03, PNorm = 97.2501, GNorm = 0.4409, lr_0 = 8.1944e-04
Loss = 9.0328e-03, PNorm = 97.2615, GNorm = 0.3337, lr_0 = 8.1912e-04
Loss = 8.4487e-03, PNorm = 97.2687, GNorm = 0.7124, lr_0 = 8.1881e-04
Loss = 1.0603e-02, PNorm = 97.2839, GNorm = 0.3315, lr_0 = 8.1849e-04
Loss = 7.7013e-03, PNorm = 97.3013, GNorm = 0.6110, lr_0 = 8.1818e-04
Loss = 8.0926e-03, PNorm = 97.3107, GNorm = 0.2306, lr_0 = 8.1787e-04
Loss = 7.9326e-03, PNorm = 97.3186, GNorm = 0.2036, lr_0 = 8.1755e-04
Loss = 8.1625e-03, PNorm = 97.3336, GNorm = 0.5486, lr_0 = 8.1724e-04
Loss = 8.5465e-03, PNorm = 97.3469, GNorm = 0.2305, lr_0 = 8.1692e-04
Loss = 8.6952e-03, PNorm = 97.3539, GNorm = 0.6560, lr_0 = 8.1661e-04
Loss = 8.8835e-03, PNorm = 97.3629, GNorm = 0.6229, lr_0 = 8.1630e-04
Loss = 7.6184e-03, PNorm = 97.3718, GNorm = 0.3086, lr_0 = 8.1598e-04
Loss = 8.6076e-03, PNorm = 97.3836, GNorm = 0.8275, lr_0 = 8.1567e-04
Loss = 9.5851e-03, PNorm = 97.3936, GNorm = 1.0115, lr_0 = 8.1536e-04
Loss = 7.1269e-03, PNorm = 97.4025, GNorm = 0.2859, lr_0 = 8.1504e-04
Loss = 8.5386e-03, PNorm = 97.4149, GNorm = 0.2012, lr_0 = 8.1473e-04
Loss = 7.7869e-03, PNorm = 97.4245, GNorm = 0.3637, lr_0 = 8.1442e-04
Loss = 8.9455e-03, PNorm = 97.4329, GNorm = 0.5492, lr_0 = 8.1411e-04
Loss = 8.5123e-03, PNorm = 97.4487, GNorm = 0.2797, lr_0 = 8.1379e-04
Loss = 8.1875e-03, PNorm = 97.4615, GNorm = 0.6841, lr_0 = 8.1348e-04
Loss = 6.6781e-03, PNorm = 97.4729, GNorm = 0.4784, lr_0 = 8.1317e-04
Loss = 7.2180e-03, PNorm = 97.4799, GNorm = 0.4839, lr_0 = 8.1286e-04
Loss = 8.0220e-03, PNorm = 97.4907, GNorm = 0.3690, lr_0 = 8.1254e-04
Loss = 8.7586e-03, PNorm = 97.4986, GNorm = 0.3743, lr_0 = 8.1223e-04
Loss = 9.3239e-03, PNorm = 97.5053, GNorm = 0.2463, lr_0 = 8.1192e-04
Loss = 9.4629e-03, PNorm = 97.5195, GNorm = 0.3954, lr_0 = 8.1161e-04
Loss = 9.5724e-03, PNorm = 97.5357, GNorm = 0.6395, lr_0 = 8.1130e-04
Loss = 8.5552e-03, PNorm = 97.5518, GNorm = 0.3039, lr_0 = 8.1099e-04
Loss = 8.2198e-03, PNorm = 97.5613, GNorm = 1.0428, lr_0 = 8.1068e-04
Loss = 8.8786e-03, PNorm = 97.5728, GNorm = 0.4898, lr_0 = 8.1036e-04
Loss = 8.5512e-03, PNorm = 97.5832, GNorm = 0.3093, lr_0 = 8.1005e-04
Loss = 7.9225e-03, PNorm = 97.5954, GNorm = 0.2734, lr_0 = 8.0974e-04
Loss = 9.0374e-03, PNorm = 97.6061, GNorm = 0.3589, lr_0 = 8.0943e-04
Loss = 9.1041e-03, PNorm = 97.6179, GNorm = 0.3469, lr_0 = 8.0912e-04
Loss = 1.0722e-02, PNorm = 97.6344, GNorm = 0.2307, lr_0 = 8.0881e-04
Loss = 1.4058e-02, PNorm = 97.6489, GNorm = 0.7128, lr_0 = 8.0850e-04
Loss = 1.4529e-02, PNorm = 97.6731, GNorm = 0.3549, lr_0 = 8.0819e-04
Loss = 1.2352e-02, PNorm = 97.6898, GNorm = 0.5797, lr_0 = 8.0788e-04
Loss = 9.5070e-03, PNorm = 97.7051, GNorm = 0.3637, lr_0 = 8.0757e-04
Loss = 9.5305e-03, PNorm = 97.7220, GNorm = 0.3454, lr_0 = 8.0726e-04
Loss = 8.8788e-03, PNorm = 97.7312, GNorm = 0.2968, lr_0 = 8.0695e-04
Loss = 7.6951e-03, PNorm = 97.7417, GNorm = 0.1995, lr_0 = 8.0664e-04
Loss = 8.7537e-03, PNorm = 97.7532, GNorm = 0.2422, lr_0 = 8.0633e-04
Loss = 7.8136e-03, PNorm = 97.7650, GNorm = 0.1861, lr_0 = 8.0602e-04
Loss = 8.4969e-03, PNorm = 97.7774, GNorm = 0.2007, lr_0 = 8.0571e-04
Loss = 7.6930e-03, PNorm = 97.7913, GNorm = 0.3202, lr_0 = 8.0540e-04
Loss = 1.0321e-02, PNorm = 97.8011, GNorm = 1.2309, lr_0 = 8.0509e-04
Loss = 8.9035e-03, PNorm = 97.8141, GNorm = 0.7626, lr_0 = 8.0478e-04
Loss = 9.5784e-03, PNorm = 97.8226, GNorm = 0.4019, lr_0 = 8.0447e-04
Loss = 7.7168e-03, PNorm = 97.8346, GNorm = 0.2019, lr_0 = 8.0417e-04
Loss = 7.7755e-03, PNorm = 97.8450, GNorm = 0.4076, lr_0 = 8.0386e-04
Loss = 7.5100e-03, PNorm = 97.8504, GNorm = 0.4637, lr_0 = 8.0355e-04
Loss = 7.8669e-03, PNorm = 97.8567, GNorm = 0.8011, lr_0 = 8.0324e-04
Loss = 7.8781e-03, PNorm = 97.8627, GNorm = 0.2450, lr_0 = 8.0293e-04
Loss = 8.1666e-03, PNorm = 97.8689, GNorm = 0.2662, lr_0 = 8.0262e-04
Loss = 7.5308e-03, PNorm = 97.8791, GNorm = 0.4343, lr_0 = 8.0232e-04
Loss = 8.9401e-03, PNorm = 97.8843, GNorm = 0.3088, lr_0 = 8.0201e-04
Loss = 6.8387e-03, PNorm = 97.8953, GNorm = 0.3564, lr_0 = 8.0170e-04
Loss = 8.4081e-03, PNorm = 97.9037, GNorm = 0.3669, lr_0 = 8.0139e-04
Loss = 8.8427e-03, PNorm = 97.9151, GNorm = 0.3414, lr_0 = 8.0108e-04
Loss = 8.5245e-03, PNorm = 97.9314, GNorm = 0.5061, lr_0 = 8.0078e-04
Loss = 9.3879e-03, PNorm = 97.9448, GNorm = 1.0270, lr_0 = 8.0047e-04
Loss = 8.6081e-03, PNorm = 97.9552, GNorm = 0.5773, lr_0 = 8.0016e-04
Loss = 7.6411e-03, PNorm = 97.9702, GNorm = 0.4862, lr_0 = 7.9985e-04
Loss = 1.0044e-02, PNorm = 97.9839, GNorm = 0.8993, lr_0 = 7.9955e-04
Loss = 1.0112e-02, PNorm = 97.9948, GNorm = 0.6271, lr_0 = 7.9924e-04
Loss = 9.7954e-03, PNorm = 98.0067, GNorm = 0.6851, lr_0 = 7.9893e-04
Loss = 7.9717e-03, PNorm = 98.0161, GNorm = 0.4972, lr_0 = 7.9863e-04
Loss = 9.2462e-03, PNorm = 98.0257, GNorm = 0.4469, lr_0 = 7.9832e-04
Loss = 9.0768e-03, PNorm = 98.0420, GNorm = 0.2829, lr_0 = 7.9801e-04
Loss = 8.1835e-03, PNorm = 98.0561, GNorm = 0.6143, lr_0 = 7.9771e-04
Loss = 9.5522e-03, PNorm = 98.0685, GNorm = 0.5214, lr_0 = 7.9740e-04
Loss = 8.2845e-03, PNorm = 98.0817, GNorm = 0.1827, lr_0 = 7.9710e-04
Loss = 8.1680e-03, PNorm = 98.0923, GNorm = 0.2350, lr_0 = 7.9679e-04
Loss = 1.0030e-02, PNorm = 98.1020, GNorm = 0.2963, lr_0 = 7.9648e-04
Loss = 1.0428e-02, PNorm = 98.1142, GNorm = 0.4493, lr_0 = 7.9618e-04
Loss = 1.0735e-02, PNorm = 98.1272, GNorm = 1.3277, lr_0 = 7.9587e-04
Loss = 9.6608e-03, PNorm = 98.1397, GNorm = 0.2284, lr_0 = 7.9557e-04
Loss = 1.0557e-02, PNorm = 98.1555, GNorm = 0.2604, lr_0 = 7.9526e-04
Loss = 8.9356e-03, PNorm = 98.1703, GNorm = 0.5890, lr_0 = 7.9496e-04
Loss = 8.4393e-03, PNorm = 98.1817, GNorm = 0.2278, lr_0 = 7.9465e-04
Loss = 9.2818e-03, PNorm = 98.1991, GNorm = 0.4533, lr_0 = 7.9435e-04
Loss = 8.9194e-03, PNorm = 98.2134, GNorm = 0.8308, lr_0 = 7.9404e-04
Loss = 9.3586e-03, PNorm = 98.2249, GNorm = 0.2082, lr_0 = 7.9374e-04
Loss = 8.7970e-03, PNorm = 98.2363, GNorm = 0.2631, lr_0 = 7.9343e-04
Loss = 8.4236e-03, PNorm = 98.2496, GNorm = 0.4948, lr_0 = 7.9313e-04
Loss = 6.6408e-03, PNorm = 98.2586, GNorm = 0.3890, lr_0 = 7.9282e-04
Loss = 7.5936e-03, PNorm = 98.2689, GNorm = 0.6405, lr_0 = 7.9252e-04
Loss = 8.2611e-03, PNorm = 98.2811, GNorm = 0.8526, lr_0 = 7.9221e-04
Loss = 8.4826e-03, PNorm = 98.2939, GNorm = 0.2309, lr_0 = 7.9191e-04
Loss = 8.8643e-03, PNorm = 98.3039, GNorm = 0.6039, lr_0 = 7.9161e-04
Loss = 9.6370e-03, PNorm = 98.3140, GNorm = 0.4936, lr_0 = 7.9130e-04
Loss = 8.4466e-03, PNorm = 98.3242, GNorm = 0.2641, lr_0 = 7.9100e-04
Loss = 7.0512e-03, PNorm = 98.3397, GNorm = 0.5891, lr_0 = 7.9070e-04
Loss = 7.7992e-03, PNorm = 98.3553, GNorm = 0.5393, lr_0 = 7.9039e-04
Loss = 7.5826e-03, PNorm = 98.3667, GNorm = 0.3045, lr_0 = 7.9009e-04
Loss = 7.1704e-03, PNorm = 98.3730, GNorm = 0.6601, lr_0 = 7.8979e-04
Loss = 7.8878e-03, PNorm = 98.3856, GNorm = 0.3144, lr_0 = 7.8948e-04
Loss = 7.8032e-03, PNorm = 98.3973, GNorm = 0.2198, lr_0 = 7.8918e-04
Loss = 7.9087e-03, PNorm = 98.4091, GNorm = 1.1015, lr_0 = 7.8888e-04
Loss = 8.0076e-03, PNorm = 98.4159, GNorm = 0.6450, lr_0 = 7.8857e-04
Loss = 7.6763e-03, PNorm = 98.4256, GNorm = 0.5357, lr_0 = 7.8827e-04
Loss = 8.4325e-03, PNorm = 98.4396, GNorm = 0.4168, lr_0 = 7.8797e-04
Loss = 7.4321e-03, PNorm = 98.4513, GNorm = 0.1892, lr_0 = 7.8767e-04
Loss = 6.8135e-03, PNorm = 98.4621, GNorm = 0.3782, lr_0 = 7.8736e-04
Loss = 6.7395e-03, PNorm = 98.4720, GNorm = 0.6700, lr_0 = 7.8706e-04
Loss = 8.0118e-03, PNorm = 98.4779, GNorm = 0.8087, lr_0 = 7.8676e-04
Loss = 7.9999e-03, PNorm = 98.4874, GNorm = 0.3540, lr_0 = 7.8646e-04
Loss = 8.1850e-03, PNorm = 98.5001, GNorm = 1.0300, lr_0 = 7.8616e-04
Loss = 8.8480e-03, PNorm = 98.5154, GNorm = 0.9160, lr_0 = 7.8585e-04
Loss = 9.3170e-03, PNorm = 98.5289, GNorm = 0.3848, lr_0 = 7.8555e-04
Loss = 1.0262e-02, PNorm = 98.5378, GNorm = 0.3161, lr_0 = 7.8525e-04
Loss = 8.5836e-03, PNorm = 98.5474, GNorm = 0.2776, lr_0 = 7.8495e-04
Loss = 6.7227e-03, PNorm = 98.5575, GNorm = 0.2282, lr_0 = 7.8465e-04
Loss = 7.0279e-03, PNorm = 98.5680, GNorm = 0.4565, lr_0 = 7.8435e-04
Loss = 6.9775e-03, PNorm = 98.5765, GNorm = 0.2615, lr_0 = 7.8405e-04
Loss = 6.3792e-03, PNorm = 98.5856, GNorm = 0.5238, lr_0 = 7.8374e-04
Loss = 7.0604e-03, PNorm = 98.5963, GNorm = 0.3464, lr_0 = 7.8344e-04
Loss = 7.8104e-03, PNorm = 98.6107, GNorm = 0.1409, lr_0 = 7.8314e-04
Loss = 5.7771e-03, PNorm = 98.6243, GNorm = 0.3688, lr_0 = 7.8284e-04
Loss = 6.6702e-03, PNorm = 98.6368, GNorm = 0.2122, lr_0 = 7.8254e-04
Loss = 7.3750e-03, PNorm = 98.6470, GNorm = 0.3515, lr_0 = 7.8224e-04
Loss = 8.2079e-03, PNorm = 98.6565, GNorm = 0.1898, lr_0 = 7.8194e-04
Loss = 9.4480e-03, PNorm = 98.6663, GNorm = 0.2905, lr_0 = 7.8164e-04
Loss = 8.6541e-03, PNorm = 98.6763, GNorm = 0.5450, lr_0 = 7.8134e-04
Loss = 9.0742e-03, PNorm = 98.6913, GNorm = 0.2120, lr_0 = 7.8104e-04
Loss = 8.4201e-03, PNorm = 98.7047, GNorm = 0.2181, lr_0 = 7.8074e-04
Loss = 8.2172e-03, PNorm = 98.7135, GNorm = 0.4100, lr_0 = 7.8044e-04
Loss = 6.8032e-03, PNorm = 98.7234, GNorm = 0.4031, lr_0 = 7.8014e-04
Loss = 8.3041e-03, PNorm = 98.7341, GNorm = 0.2342, lr_0 = 7.7984e-04
Loss = 8.1213e-03, PNorm = 98.7382, GNorm = 0.1957, lr_0 = 7.7954e-04
Loss = 8.6237e-03, PNorm = 98.7504, GNorm = 1.2737, lr_0 = 7.7924e-04
Loss = 7.9131e-03, PNorm = 98.7607, GNorm = 0.5067, lr_0 = 7.7894e-04
Loss = 7.9011e-03, PNorm = 98.7703, GNorm = 0.8700, lr_0 = 7.7865e-04
Loss = 9.2289e-03, PNorm = 98.7817, GNorm = 1.3050, lr_0 = 7.7835e-04
Loss = 9.1964e-03, PNorm = 98.7998, GNorm = 0.6267, lr_0 = 7.7805e-04
Loss = 7.6618e-03, PNorm = 98.8107, GNorm = 0.4814, lr_0 = 7.7775e-04
Loss = 6.8036e-03, PNorm = 98.8198, GNorm = 0.2294, lr_0 = 7.7745e-04
Loss = 7.9953e-03, PNorm = 98.8330, GNorm = 1.0514, lr_0 = 7.7715e-04
Loss = 8.5960e-03, PNorm = 98.8427, GNorm = 1.3080, lr_0 = 7.7685e-04
Loss = 7.8650e-03, PNorm = 98.8541, GNorm = 0.2897, lr_0 = 7.7656e-04
Loss = 8.6402e-03, PNorm = 98.8660, GNorm = 0.4305, lr_0 = 7.7626e-04
Loss = 7.7707e-03, PNorm = 98.8803, GNorm = 0.4349, lr_0 = 7.7596e-04
Loss = 8.3555e-03, PNorm = 98.8921, GNorm = 0.6328, lr_0 = 7.7566e-04
Loss = 7.0413e-03, PNorm = 98.9051, GNorm = 0.2342, lr_0 = 7.7536e-04
Loss = 7.2782e-03, PNorm = 98.9170, GNorm = 1.1519, lr_0 = 7.7507e-04
Loss = 8.3027e-03, PNorm = 98.9284, GNorm = 0.2667, lr_0 = 7.7477e-04
Loss = 7.5995e-03, PNorm = 98.9421, GNorm = 0.2929, lr_0 = 7.7447e-04
Loss = 7.0701e-03, PNorm = 98.9516, GNorm = 0.4880, lr_0 = 7.7417e-04
Loss = 8.0825e-03, PNorm = 98.9550, GNorm = 0.3135, lr_0 = 7.7388e-04
Loss = 7.4620e-03, PNorm = 98.9667, GNorm = 0.9572, lr_0 = 7.7358e-04
Loss = 6.6127e-03, PNorm = 98.9760, GNorm = 0.4135, lr_0 = 7.7328e-04
Loss = 6.6642e-03, PNorm = 98.9870, GNorm = 0.7948, lr_0 = 7.7299e-04
Loss = 7.4268e-03, PNorm = 99.0020, GNorm = 0.7193, lr_0 = 7.7269e-04
Loss = 8.0226e-03, PNorm = 99.0126, GNorm = 0.6323, lr_0 = 7.7239e-04
Loss = 8.5309e-03, PNorm = 99.0197, GNorm = 1.0092, lr_0 = 7.7210e-04
Loss = 7.6385e-03, PNorm = 99.0289, GNorm = 0.9247, lr_0 = 7.7180e-04
Loss = 9.5099e-03, PNorm = 99.0348, GNorm = 0.7007, lr_0 = 7.7150e-04
Loss = 9.2683e-03, PNorm = 99.0430, GNorm = 0.6566, lr_0 = 7.7121e-04
Loss = 7.9633e-03, PNorm = 99.0553, GNorm = 0.4401, lr_0 = 7.7091e-04
Loss = 8.9433e-03, PNorm = 99.0691, GNorm = 0.3206, lr_0 = 7.7062e-04
Loss = 8.2165e-03, PNorm = 99.0828, GNorm = 0.4236, lr_0 = 7.7032e-04
Loss = 9.0190e-03, PNorm = 99.0974, GNorm = 0.4786, lr_0 = 7.7002e-04
Loss = 7.5217e-03, PNorm = 99.1057, GNorm = 0.3625, lr_0 = 7.6973e-04
Loss = 8.7998e-03, PNorm = 99.1169, GNorm = 0.7857, lr_0 = 7.6943e-04
Loss = 7.4202e-03, PNorm = 99.1297, GNorm = 0.5504, lr_0 = 7.6914e-04
Loss = 8.4633e-03, PNorm = 99.1411, GNorm = 0.5898, lr_0 = 7.6884e-04
Loss = 7.8663e-03, PNorm = 99.1486, GNorm = 0.1706, lr_0 = 7.6855e-04
Loss = 7.9612e-03, PNorm = 99.1590, GNorm = 0.4576, lr_0 = 7.6825e-04
Loss = 8.4037e-03, PNorm = 99.1712, GNorm = 0.4858, lr_0 = 7.6796e-04
Loss = 9.7307e-03, PNorm = 99.1826, GNorm = 0.3006, lr_0 = 7.6766e-04
Loss = 8.8938e-03, PNorm = 99.1957, GNorm = 0.5856, lr_0 = 7.6737e-04
Loss = 8.0835e-03, PNorm = 99.2083, GNorm = 0.3326, lr_0 = 7.6707e-04
Loss = 7.8124e-03, PNorm = 99.2195, GNorm = 0.4406, lr_0 = 7.6678e-04
Loss = 8.0034e-03, PNorm = 99.2307, GNorm = 0.7953, lr_0 = 7.6649e-04
Loss = 8.0550e-03, PNorm = 99.2447, GNorm = 0.1595, lr_0 = 7.6619e-04
Loss = 7.5221e-03, PNorm = 99.2566, GNorm = 0.5869, lr_0 = 7.6590e-04
Loss = 7.2850e-03, PNorm = 99.2711, GNorm = 0.4617, lr_0 = 7.6560e-04
Loss = 7.4722e-03, PNorm = 99.2827, GNorm = 0.2293, lr_0 = 7.6531e-04
Loss = 8.3313e-03, PNorm = 99.2899, GNorm = 0.8344, lr_0 = 7.6502e-04
Loss = 7.7162e-03, PNorm = 99.3032, GNorm = 0.3896, lr_0 = 7.6472e-04
Loss = 8.2905e-03, PNorm = 99.3166, GNorm = 0.6892, lr_0 = 7.6443e-04
Loss = 9.3432e-03, PNorm = 99.3279, GNorm = 0.3487, lr_0 = 7.6413e-04
Loss = 8.4888e-03, PNorm = 99.3402, GNorm = 0.2289, lr_0 = 7.6384e-04
Loss = 7.0857e-03, PNorm = 99.3542, GNorm = 0.6010, lr_0 = 7.6355e-04
Loss = 7.5186e-03, PNorm = 99.3631, GNorm = 0.2586, lr_0 = 7.6326e-04
Loss = 8.7948e-03, PNorm = 99.3715, GNorm = 0.4690, lr_0 = 7.6296e-04
Loss = 6.7911e-03, PNorm = 99.3804, GNorm = 0.3284, lr_0 = 7.6267e-04
Loss = 7.2512e-03, PNorm = 99.3886, GNorm = 0.3759, lr_0 = 7.6238e-04
Loss = 6.8458e-03, PNorm = 99.3997, GNorm = 0.7374, lr_0 = 7.6208e-04
Loss = 7.2104e-03, PNorm = 99.4102, GNorm = 0.4759, lr_0 = 7.6179e-04
Loss = 7.0745e-03, PNorm = 99.4209, GNorm = 0.4783, lr_0 = 7.6150e-04
Loss = 7.1269e-03, PNorm = 99.4348, GNorm = 0.3136, lr_0 = 7.6121e-04
Loss = 8.6424e-03, PNorm = 99.4447, GNorm = 0.3139, lr_0 = 7.6091e-04
Loss = 8.1968e-03, PNorm = 99.4564, GNorm = 0.4738, lr_0 = 7.6062e-04
Loss = 8.5965e-03, PNorm = 99.4702, GNorm = 1.3075, lr_0 = 7.6033e-04
Loss = 8.4183e-03, PNorm = 99.4792, GNorm = 0.3650, lr_0 = 7.6004e-04
Loss = 7.1811e-03, PNorm = 99.4923, GNorm = 0.3521, lr_0 = 7.5975e-04
Loss = 7.3695e-03, PNorm = 99.5048, GNorm = 0.7036, lr_0 = 7.5946e-04
Loss = 8.1691e-03, PNorm = 99.5155, GNorm = 0.6342, lr_0 = 7.5916e-04
Loss = 7.5300e-03, PNorm = 99.5244, GNorm = 0.3470, lr_0 = 7.5887e-04
Loss = 7.1712e-03, PNorm = 99.5315, GNorm = 0.4583, lr_0 = 7.5858e-04
Loss = 6.7898e-03, PNorm = 99.5400, GNorm = 0.3856, lr_0 = 7.5829e-04
Loss = 6.8796e-03, PNorm = 99.5504, GNorm = 0.8731, lr_0 = 7.5800e-04
Loss = 6.8692e-03, PNorm = 99.5592, GNorm = 0.2150, lr_0 = 7.5771e-04
Loss = 7.7629e-03, PNorm = 99.5674, GNorm = 0.2209, lr_0 = 7.5742e-04
Loss = 5.6742e-03, PNorm = 99.5759, GNorm = 0.2354, lr_0 = 7.5713e-04
Loss = 6.2890e-03, PNorm = 99.5838, GNorm = 0.2712, lr_0 = 7.5684e-04
Loss = 6.6668e-03, PNorm = 99.5942, GNorm = 0.3846, lr_0 = 7.5655e-04
Loss = 7.7740e-03, PNorm = 99.6041, GNorm = 1.0020, lr_0 = 7.5625e-04
Loss = 6.3195e-03, PNorm = 99.6134, GNorm = 0.3717, lr_0 = 7.5596e-04
Loss = 6.4165e-03, PNorm = 99.6220, GNorm = 0.4966, lr_0 = 7.5567e-04
Loss = 6.5529e-03, PNorm = 99.6287, GNorm = 0.2604, lr_0 = 7.5538e-04
Loss = 7.1764e-03, PNorm = 99.6426, GNorm = 0.2565, lr_0 = 7.5509e-04
Loss = 6.7705e-03, PNorm = 99.6527, GNorm = 0.3423, lr_0 = 7.5480e-04
Loss = 6.6097e-03, PNorm = 99.6626, GNorm = 0.3437, lr_0 = 7.5451e-04
Loss = 6.8139e-03, PNorm = 99.6712, GNorm = 0.3712, lr_0 = 7.5423e-04
Loss = 7.0263e-03, PNorm = 99.6795, GNorm = 0.5773, lr_0 = 7.5394e-04
Loss = 8.0697e-03, PNorm = 99.6904, GNorm = 1.3834, lr_0 = 7.5365e-04
Loss = 9.6290e-03, PNorm = 99.7017, GNorm = 1.4720, lr_0 = 7.5336e-04
Loss = 1.1553e-02, PNorm = 99.7125, GNorm = 1.7726, lr_0 = 7.5307e-04
Loss = 1.0926e-02, PNorm = 99.7241, GNorm = 1.1651, lr_0 = 7.5278e-04
Loss = 8.5313e-03, PNorm = 99.7398, GNorm = 0.2605, lr_0 = 7.5249e-04
Loss = 8.5926e-03, PNorm = 99.7592, GNorm = 0.1830, lr_0 = 7.5220e-04
Loss = 9.1772e-03, PNorm = 99.7746, GNorm = 0.4506, lr_0 = 7.5191e-04
Loss = 1.0473e-02, PNorm = 99.7863, GNorm = 0.5516, lr_0 = 7.5162e-04
Loss = 9.0238e-03, PNorm = 99.7990, GNorm = 0.8476, lr_0 = 7.5134e-04
Loss = 8.3230e-03, PNorm = 99.8117, GNorm = 0.3687, lr_0 = 7.5105e-04
Loss = 7.9705e-03, PNorm = 99.8241, GNorm = 0.5831, lr_0 = 7.5076e-04
Loss = 9.9691e-03, PNorm = 99.8342, GNorm = 0.8385, lr_0 = 7.5047e-04
Loss = 8.8238e-03, PNorm = 99.8429, GNorm = 0.2598, lr_0 = 7.5018e-04
Loss = 8.0666e-03, PNorm = 99.8537, GNorm = 0.4449, lr_0 = 7.4989e-04
Loss = 7.9374e-03, PNorm = 99.8646, GNorm = 0.6475, lr_0 = 7.4961e-04
Loss = 8.2578e-03, PNorm = 99.8787, GNorm = 0.4309, lr_0 = 7.4932e-04
Loss = 7.8269e-03, PNorm = 99.8897, GNorm = 1.0820, lr_0 = 7.4903e-04
Loss = 7.9726e-03, PNorm = 99.8994, GNorm = 0.5297, lr_0 = 7.4874e-04
Loss = 7.2799e-03, PNorm = 99.9129, GNorm = 0.2692, lr_0 = 7.4846e-04
Loss = 8.0592e-03, PNorm = 99.9235, GNorm = 0.3571, lr_0 = 7.4817e-04
Loss = 6.6196e-03, PNorm = 99.9318, GNorm = 0.3390, lr_0 = 7.4788e-04
Loss = 6.6904e-03, PNorm = 99.9385, GNorm = 0.3671, lr_0 = 7.4759e-04
Loss = 7.0134e-03, PNorm = 99.9473, GNorm = 0.2051, lr_0 = 7.4731e-04
Loss = 7.2246e-03, PNorm = 99.9538, GNorm = 0.3438, lr_0 = 7.4702e-04
Loss = 7.1161e-03, PNorm = 99.9614, GNorm = 0.2331, lr_0 = 7.4673e-04
Loss = 6.8466e-03, PNorm = 99.9730, GNorm = 0.5712, lr_0 = 7.4645e-04
Loss = 6.4206e-03, PNorm = 99.9865, GNorm = 0.3634, lr_0 = 7.4616e-04
Loss = 6.1241e-03, PNorm = 99.9953, GNorm = 0.1895, lr_0 = 7.4587e-04
Loss = 6.0203e-03, PNorm = 100.0002, GNorm = 0.5015, lr_0 = 7.4559e-04
Loss = 6.7118e-03, PNorm = 100.0092, GNorm = 0.1954, lr_0 = 7.4530e-04
Loss = 6.2288e-03, PNorm = 100.0170, GNorm = 0.2466, lr_0 = 7.4502e-04
Loss = 5.5064e-03, PNorm = 100.0256, GNorm = 0.4651, lr_0 = 7.4473e-04
Loss = 7.6705e-03, PNorm = 100.0347, GNorm = 1.0677, lr_0 = 7.4444e-04
Loss = 6.1329e-03, PNorm = 100.0409, GNorm = 0.5396, lr_0 = 7.4416e-04
Loss = 6.4171e-03, PNorm = 100.0490, GNorm = 0.8536, lr_0 = 7.4387e-04
Loss = 6.4952e-03, PNorm = 100.0583, GNorm = 0.2574, lr_0 = 7.4359e-04
Loss = 7.0590e-03, PNorm = 100.0661, GNorm = 0.3426, lr_0 = 7.4330e-04
Loss = 5.7787e-03, PNorm = 100.0761, GNorm = 0.1619, lr_0 = 7.4302e-04
Loss = 6.5120e-03, PNorm = 100.0891, GNorm = 0.2569, lr_0 = 7.4273e-04
Loss = 6.6780e-03, PNorm = 100.0976, GNorm = 0.7563, lr_0 = 7.4245e-04
Loss = 9.2793e-03, PNorm = 100.1091, GNorm = 0.8701, lr_0 = 7.4216e-04
Loss = 6.7955e-03, PNorm = 100.1190, GNorm = 0.2431, lr_0 = 7.4188e-04
Loss = 7.7429e-03, PNorm = 100.1277, GNorm = 0.4683, lr_0 = 7.4159e-04
Loss = 6.4900e-03, PNorm = 100.1390, GNorm = 0.4381, lr_0 = 7.4131e-04
Loss = 7.8120e-03, PNorm = 100.1448, GNorm = 0.2831, lr_0 = 7.4102e-04
Loss = 7.9333e-03, PNorm = 100.1529, GNorm = 0.7768, lr_0 = 7.4074e-04
Loss = 8.8439e-03, PNorm = 100.1638, GNorm = 0.7080, lr_0 = 7.4045e-04
Loss = 7.0445e-03, PNorm = 100.1741, GNorm = 0.6058, lr_0 = 7.4017e-04
Loss = 7.4895e-03, PNorm = 100.1855, GNorm = 0.3790, lr_0 = 7.3989e-04
Loss = 7.5294e-03, PNorm = 100.1950, GNorm = 0.4827, lr_0 = 7.3960e-04
Loss = 7.1461e-03, PNorm = 100.2037, GNorm = 0.2553, lr_0 = 7.3932e-04
Loss = 6.8644e-03, PNorm = 100.2112, GNorm = 0.3496, lr_0 = 7.3903e-04
Loss = 7.8472e-03, PNorm = 100.2182, GNorm = 0.2598, lr_0 = 7.3875e-04
Loss = 6.4569e-03, PNorm = 100.2278, GNorm = 0.6449, lr_0 = 7.3847e-04
Loss = 6.3721e-03, PNorm = 100.2380, GNorm = 0.1703, lr_0 = 7.3818e-04
Loss = 6.4794e-03, PNorm = 100.2467, GNorm = 0.3816, lr_0 = 7.3790e-04
Loss = 6.3759e-03, PNorm = 100.2533, GNorm = 0.7968, lr_0 = 7.3762e-04
Loss = 7.1945e-03, PNorm = 100.2672, GNorm = 0.5811, lr_0 = 7.3733e-04
Loss = 7.2112e-03, PNorm = 100.2786, GNorm = 0.9192, lr_0 = 7.3705e-04
Loss = 8.4725e-03, PNorm = 100.2888, GNorm = 0.9341, lr_0 = 7.3677e-04
Loss = 1.0237e-02, PNorm = 100.3012, GNorm = 0.4098, lr_0 = 7.3648e-04
Loss = 7.7854e-03, PNorm = 100.3112, GNorm = 0.1884, lr_0 = 7.3620e-04
Loss = 9.5281e-03, PNorm = 100.3241, GNorm = 0.2541, lr_0 = 7.3592e-04
Loss = 8.3688e-03, PNorm = 100.3359, GNorm = 0.8043, lr_0 = 7.3564e-04
Loss = 7.7676e-03, PNorm = 100.3475, GNorm = 0.3424, lr_0 = 7.3535e-04
Loss = 7.5026e-03, PNorm = 100.3557, GNorm = 0.2950, lr_0 = 7.3507e-04
Loss = 7.7016e-03, PNorm = 100.3673, GNorm = 0.4270, lr_0 = 7.3479e-04
Loss = 7.4824e-03, PNorm = 100.3794, GNorm = 0.4072, lr_0 = 7.3451e-04
Loss = 6.7965e-03, PNorm = 100.3914, GNorm = 0.3644, lr_0 = 7.3423e-04
Loss = 6.1629e-03, PNorm = 100.4007, GNorm = 0.7110, lr_0 = 7.3394e-04
Loss = 6.3807e-03, PNorm = 100.4104, GNorm = 0.7088, lr_0 = 7.3366e-04
Loss = 6.1935e-03, PNorm = 100.4245, GNorm = 0.2644, lr_0 = 7.3338e-04
Loss = 6.5324e-03, PNorm = 100.4356, GNorm = 1.0845, lr_0 = 7.3310e-04
Loss = 7.2597e-03, PNorm = 100.4428, GNorm = 0.8029, lr_0 = 7.3282e-04
Loss = 8.9705e-03, PNorm = 100.4522, GNorm = 0.4716, lr_0 = 7.3254e-04
Loss = 8.5206e-03, PNorm = 100.4655, GNorm = 0.2779, lr_0 = 7.3226e-04
Loss = 6.7986e-03, PNorm = 100.4792, GNorm = 0.2934, lr_0 = 7.3197e-04
Loss = 8.8772e-03, PNorm = 100.4869, GNorm = 1.0856, lr_0 = 7.3169e-04
Loss = 1.0064e-02, PNorm = 100.4988, GNorm = 1.2485, lr_0 = 7.3141e-04
Loss = 1.3168e-02, PNorm = 100.5127, GNorm = 1.0058, lr_0 = 7.3113e-04
Loss = 1.0677e-02, PNorm = 100.5294, GNorm = 0.5353, lr_0 = 7.3085e-04
Loss = 9.9913e-03, PNorm = 100.5462, GNorm = 0.7585, lr_0 = 7.3057e-04
Loss = 9.5684e-03, PNorm = 100.5623, GNorm = 0.2266, lr_0 = 7.3029e-04
Loss = 8.4975e-03, PNorm = 100.5754, GNorm = 0.5671, lr_0 = 7.3001e-04
Loss = 7.6448e-03, PNorm = 100.5883, GNorm = 0.2148, lr_0 = 7.2973e-04
Loss = 8.1299e-03, PNorm = 100.5997, GNorm = 0.4816, lr_0 = 7.2945e-04
Loss = 8.1762e-03, PNorm = 100.6107, GNorm = 0.3168, lr_0 = 7.2917e-04
Loss = 6.3568e-03, PNorm = 100.6208, GNorm = 0.3817, lr_0 = 7.2889e-04
Loss = 6.9699e-03, PNorm = 100.6296, GNorm = 0.2875, lr_0 = 7.2861e-04
Loss = 6.7811e-03, PNorm = 100.6371, GNorm = 0.7635, lr_0 = 7.2833e-04
Loss = 6.8012e-03, PNorm = 100.6470, GNorm = 0.2584, lr_0 = 7.2805e-04
Loss = 7.8799e-03, PNorm = 100.6594, GNorm = 0.2231, lr_0 = 7.2777e-04
Loss = 7.0046e-03, PNorm = 100.6709, GNorm = 0.4251, lr_0 = 7.2749e-04
Loss = 6.5358e-03, PNorm = 100.6786, GNorm = 0.2570, lr_0 = 7.2721e-04
Loss = 7.9001e-03, PNorm = 100.6848, GNorm = 0.3908, lr_0 = 7.2693e-04
Loss = 8.2617e-03, PNorm = 100.6945, GNorm = 0.9511, lr_0 = 7.2665e-04
Loss = 6.8906e-03, PNorm = 100.7039, GNorm = 0.2546, lr_0 = 7.2638e-04
Loss = 7.9142e-03, PNorm = 100.7137, GNorm = 1.1897, lr_0 = 7.2610e-04
Loss = 8.0632e-03, PNorm = 100.7248, GNorm = 0.9779, lr_0 = 7.2582e-04
Loss = 8.0383e-03, PNorm = 100.7352, GNorm = 0.9303, lr_0 = 7.2554e-04
Loss = 7.1487e-03, PNorm = 100.7479, GNorm = 0.2515, lr_0 = 7.2526e-04
Loss = 7.1683e-03, PNorm = 100.7596, GNorm = 0.2339, lr_0 = 7.2498e-04
Loss = 6.6975e-03, PNorm = 100.7708, GNorm = 0.3407, lr_0 = 7.2470e-04
Loss = 6.7423e-03, PNorm = 100.7815, GNorm = 0.7053, lr_0 = 7.2443e-04
Loss = 6.9661e-03, PNorm = 100.7929, GNorm = 0.7977, lr_0 = 7.2415e-04
Loss = 7.0962e-03, PNorm = 100.8038, GNorm = 0.4652, lr_0 = 7.2387e-04
Loss = 6.8468e-03, PNorm = 100.8126, GNorm = 0.2438, lr_0 = 7.2359e-04
Loss = 6.5877e-03, PNorm = 100.8202, GNorm = 0.7451, lr_0 = 7.2331e-04
Loss = 7.1235e-03, PNorm = 100.8291, GNorm = 0.2698, lr_0 = 7.2304e-04
Loss = 8.1540e-03, PNorm = 100.8405, GNorm = 0.3360, lr_0 = 7.2276e-04
Loss = 7.2179e-03, PNorm = 100.8498, GNorm = 0.3876, lr_0 = 7.2248e-04
Loss = 6.2308e-03, PNorm = 100.8606, GNorm = 0.3086, lr_0 = 7.2220e-04
Loss = 6.6270e-03, PNorm = 100.8693, GNorm = 0.3393, lr_0 = 7.2193e-04
Loss = 7.5414e-03, PNorm = 100.8764, GNorm = 0.3338, lr_0 = 7.2165e-04
Loss = 6.4398e-03, PNorm = 100.8820, GNorm = 0.2623, lr_0 = 7.2137e-04
Loss = 6.5998e-03, PNorm = 100.8858, GNorm = 0.3743, lr_0 = 7.2110e-04
Loss = 7.1562e-03, PNorm = 100.8929, GNorm = 0.5763, lr_0 = 7.2082e-04
Loss = 5.8059e-03, PNorm = 100.9018, GNorm = 0.4991, lr_0 = 7.2054e-04
Loss = 5.4338e-03, PNorm = 100.9120, GNorm = 0.3880, lr_0 = 7.2027e-04
Loss = 5.5760e-03, PNorm = 100.9196, GNorm = 0.3951, lr_0 = 7.1999e-04
Loss = 5.4950e-03, PNorm = 100.9277, GNorm = 0.4043, lr_0 = 7.1971e-04
Loss = 5.2083e-03, PNorm = 100.9354, GNorm = 0.6450, lr_0 = 7.1944e-04
Loss = 5.5448e-03, PNorm = 100.9390, GNorm = 0.3134, lr_0 = 7.1916e-04
Loss = 5.3447e-03, PNorm = 100.9463, GNorm = 0.6925, lr_0 = 7.1888e-04
Loss = 7.3693e-03, PNorm = 100.9585, GNorm = 0.3366, lr_0 = 7.1861e-04
Loss = 6.3379e-03, PNorm = 100.9696, GNorm = 0.8510, lr_0 = 7.1833e-04
Loss = 5.6654e-03, PNorm = 100.9806, GNorm = 0.2097, lr_0 = 7.1806e-04
Loss = 5.6181e-03, PNorm = 100.9852, GNorm = 0.3037, lr_0 = 7.1778e-04
Loss = 4.9479e-03, PNorm = 100.9918, GNorm = 0.2411, lr_0 = 7.1751e-04
Loss = 4.9823e-03, PNorm = 100.9973, GNorm = 0.4465, lr_0 = 7.1723e-04
Loss = 5.7092e-03, PNorm = 101.0066, GNorm = 0.2060, lr_0 = 7.1696e-04
Loss = 5.7626e-03, PNorm = 101.0129, GNorm = 1.1275, lr_0 = 7.1668e-04
Loss = 6.0061e-03, PNorm = 101.0239, GNorm = 0.6665, lr_0 = 7.1641e-04
Loss = 6.6823e-03, PNorm = 101.0354, GNorm = 1.2186, lr_0 = 7.1613e-04
Loss = 6.7996e-03, PNorm = 101.0472, GNorm = 0.4021, lr_0 = 7.1586e-04
Loss = 6.2408e-03, PNorm = 101.0554, GNorm = 0.1930, lr_0 = 7.1558e-04
Loss = 5.3792e-03, PNorm = 101.0635, GNorm = 0.2965, lr_0 = 7.1531e-04
Loss = 5.0704e-03, PNorm = 101.0725, GNorm = 0.4315, lr_0 = 7.1503e-04
Loss = 7.4432e-03, PNorm = 101.0785, GNorm = 0.9985, lr_0 = 7.1476e-04
Loss = 6.4751e-03, PNorm = 101.0885, GNorm = 0.6559, lr_0 = 7.1448e-04
Loss = 5.8129e-03, PNorm = 101.0965, GNorm = 0.2234, lr_0 = 7.1421e-04
Loss = 5.2581e-03, PNorm = 101.1076, GNorm = 0.6354, lr_0 = 7.1393e-04
Loss = 6.8860e-03, PNorm = 101.1174, GNorm = 1.2352, lr_0 = 7.1366e-04
Loss = 6.4811e-03, PNorm = 101.1289, GNorm = 0.1605, lr_0 = 7.1339e-04
Loss = 6.3715e-03, PNorm = 101.1374, GNorm = 0.4811, lr_0 = 7.1311e-04
Loss = 7.0151e-03, PNorm = 101.1487, GNorm = 0.3178, lr_0 = 7.1284e-04
Loss = 6.0236e-03, PNorm = 101.1590, GNorm = 0.4579, lr_0 = 7.1256e-04
Loss = 6.5530e-03, PNorm = 101.1663, GNorm = 0.5890, lr_0 = 7.1229e-04
Loss = 5.8646e-03, PNorm = 101.1714, GNorm = 0.4121, lr_0 = 7.1202e-04
Loss = 6.4860e-03, PNorm = 101.1812, GNorm = 1.0867, lr_0 = 7.1174e-04
Loss = 6.3434e-03, PNorm = 101.1915, GNorm = 0.2822, lr_0 = 7.1147e-04
Loss = 6.6237e-03, PNorm = 101.2010, GNorm = 0.5484, lr_0 = 7.1120e-04
Loss = 7.0384e-03, PNorm = 101.2137, GNorm = 0.9177, lr_0 = 7.1093e-04
Loss = 6.4680e-03, PNorm = 101.2228, GNorm = 0.5501, lr_0 = 7.1065e-04
Loss = 6.4899e-03, PNorm = 101.2297, GNorm = 0.2954, lr_0 = 7.1038e-04
Loss = 6.7066e-03, PNorm = 101.2410, GNorm = 0.6475, lr_0 = 7.1011e-04
Loss = 5.9056e-03, PNorm = 101.2517, GNorm = 0.2216, lr_0 = 7.0983e-04
Loss = 6.1185e-03, PNorm = 101.2580, GNorm = 0.2288, lr_0 = 7.0956e-04
Loss = 7.2181e-03, PNorm = 101.2660, GNorm = 0.3428, lr_0 = 7.0929e-04
Loss = 6.1402e-03, PNorm = 101.2758, GNorm = 0.3416, lr_0 = 7.0902e-04
Loss = 5.4688e-03, PNorm = 101.2793, GNorm = 0.6418, lr_0 = 7.0875e-04
Loss = 5.9512e-03, PNorm = 101.2820, GNorm = 0.2072, lr_0 = 7.0847e-04
Loss = 6.4759e-03, PNorm = 101.2910, GNorm = 0.5234, lr_0 = 7.0820e-04
Loss = 6.4150e-03, PNorm = 101.2996, GNorm = 0.7049, lr_0 = 7.0793e-04
Loss = 5.3230e-03, PNorm = 101.3095, GNorm = 0.2024, lr_0 = 7.0766e-04
Loss = 5.3237e-03, PNorm = 101.3167, GNorm = 0.4668, lr_0 = 7.0739e-04
Loss = 5.2303e-03, PNorm = 101.3226, GNorm = 0.2886, lr_0 = 7.0711e-04
Loss = 5.2983e-03, PNorm = 101.3292, GNorm = 0.1392, lr_0 = 7.0684e-04
Loss = 6.1960e-03, PNorm = 101.3400, GNorm = 0.1931, lr_0 = 7.0657e-04
Loss = 6.1414e-03, PNorm = 101.3475, GNorm = 0.5175, lr_0 = 7.0630e-04
Loss = 6.0862e-03, PNorm = 101.3579, GNorm = 0.7435, lr_0 = 7.0603e-04
Loss = 6.5327e-03, PNorm = 101.3690, GNorm = 0.2923, lr_0 = 7.0576e-04
Loss = 7.9947e-03, PNorm = 101.3796, GNorm = 0.3477, lr_0 = 7.0549e-04
Loss = 5.8291e-03, PNorm = 101.3881, GNorm = 0.4552, lr_0 = 7.0522e-04
Loss = 6.9533e-03, PNorm = 101.3994, GNorm = 0.6820, lr_0 = 7.0495e-04
Loss = 6.6466e-03, PNorm = 101.4108, GNorm = 0.7375, lr_0 = 7.0468e-04
Loss = 7.1785e-03, PNorm = 101.4233, GNorm = 0.7151, lr_0 = 7.0441e-04
Loss = 6.0666e-03, PNorm = 101.4324, GNorm = 0.3034, lr_0 = 7.0413e-04
Loss = 6.3622e-03, PNorm = 101.4417, GNorm = 0.7941, lr_0 = 7.0386e-04
Loss = 8.2573e-03, PNorm = 101.4471, GNorm = 1.8824, lr_0 = 7.0359e-04
Loss = 9.7065e-03, PNorm = 101.4589, GNorm = 0.6211, lr_0 = 7.0332e-04
Loss = 6.8669e-03, PNorm = 101.4710, GNorm = 0.8568, lr_0 = 7.0305e-04
Loss = 7.6777e-03, PNorm = 101.4800, GNorm = 0.3096, lr_0 = 7.0278e-04
Loss = 8.2327e-03, PNorm = 101.4909, GNorm = 1.3567, lr_0 = 7.0251e-04
Loss = 7.7215e-03, PNorm = 101.5027, GNorm = 0.9623, lr_0 = 7.0224e-04
Loss = 8.0766e-03, PNorm = 101.5166, GNorm = 0.5229, lr_0 = 7.0198e-04
Loss = 8.0273e-03, PNorm = 101.5317, GNorm = 0.9718, lr_0 = 7.0171e-04
Loss = 9.1898e-03, PNorm = 101.5430, GNorm = 0.6942, lr_0 = 7.0144e-04
Loss = 6.8273e-03, PNorm = 101.5513, GNorm = 0.7888, lr_0 = 7.0117e-04
Loss = 8.1550e-03, PNorm = 101.5652, GNorm = 1.1850, lr_0 = 7.0090e-04
Loss = 8.1532e-03, PNorm = 101.5786, GNorm = 1.4702, lr_0 = 7.0063e-04
Loss = 6.7579e-03, PNorm = 101.5865, GNorm = 0.3772, lr_0 = 7.0036e-04
Loss = 7.2835e-03, PNorm = 101.5983, GNorm = 0.4594, lr_0 = 7.0009e-04
Loss = 6.1564e-03, PNorm = 101.6114, GNorm = 0.3651, lr_0 = 6.9982e-04
Loss = 6.9260e-03, PNorm = 101.6228, GNorm = 0.2169, lr_0 = 6.9955e-04
Loss = 6.3203e-03, PNorm = 101.6341, GNorm = 0.6825, lr_0 = 6.9929e-04
Loss = 6.2502e-03, PNorm = 101.6421, GNorm = 0.6634, lr_0 = 6.9902e-04
Loss = 6.2485e-03, PNorm = 101.6534, GNorm = 0.3062, lr_0 = 6.9875e-04
Loss = 6.3987e-03, PNorm = 101.6607, GNorm = 0.3194, lr_0 = 6.9848e-04
Loss = 7.7017e-03, PNorm = 101.6686, GNorm = 0.5917, lr_0 = 6.9821e-04
Loss = 8.9552e-03, PNorm = 101.6803, GNorm = 0.4062, lr_0 = 6.9794e-04
Loss = 9.3727e-03, PNorm = 101.6903, GNorm = 1.1656, lr_0 = 6.9768e-04
Loss = 7.0463e-03, PNorm = 101.7002, GNorm = 0.3029, lr_0 = 6.9741e-04
Loss = 6.4070e-03, PNorm = 101.7067, GNorm = 0.2287, lr_0 = 6.9714e-04
Loss = 6.0331e-03, PNorm = 101.7151, GNorm = 0.3900, lr_0 = 6.9687e-04
Loss = 7.1806e-03, PNorm = 101.7241, GNorm = 0.4919, lr_0 = 6.9661e-04
Loss = 5.8488e-03, PNorm = 101.7336, GNorm = 0.4111, lr_0 = 6.9634e-04
Loss = 6.3181e-03, PNorm = 101.7380, GNorm = 0.8542, lr_0 = 6.9607e-04
Loss = 8.2874e-03, PNorm = 101.7459, GNorm = 1.1533, lr_0 = 6.9580e-04
Loss = 7.1646e-03, PNorm = 101.7576, GNorm = 0.2711, lr_0 = 6.9554e-04
Loss = 6.5652e-03, PNorm = 101.7673, GNorm = 0.8123, lr_0 = 6.9527e-04
Loss = 5.5151e-03, PNorm = 101.7784, GNorm = 0.1716, lr_0 = 6.9500e-04
Loss = 6.3159e-03, PNorm = 101.7896, GNorm = 0.5977, lr_0 = 6.9474e-04
Loss = 6.4624e-03, PNorm = 101.7947, GNorm = 0.3210, lr_0 = 6.9447e-04
Loss = 5.7376e-03, PNorm = 101.7992, GNorm = 0.3523, lr_0 = 6.9420e-04
Loss = 5.5122e-03, PNorm = 101.8070, GNorm = 0.2639, lr_0 = 6.9394e-04
Loss = 5.4464e-03, PNorm = 101.8164, GNorm = 0.5215, lr_0 = 6.9367e-04
Loss = 5.1287e-03, PNorm = 101.8231, GNorm = 0.1938, lr_0 = 6.9340e-04
Loss = 5.1763e-03, PNorm = 101.8306, GNorm = 0.5199, lr_0 = 6.9314e-04
Loss = 5.4455e-03, PNorm = 101.8371, GNorm = 0.1913, lr_0 = 6.9287e-04
Loss = 6.1878e-03, PNorm = 101.8438, GNorm = 0.3210, lr_0 = 6.9261e-04
Loss = 7.2689e-03, PNorm = 101.8502, GNorm = 0.6121, lr_0 = 6.9234e-04
Loss = 6.6058e-03, PNorm = 101.8575, GNorm = 0.3439, lr_0 = 6.9207e-04
Loss = 6.3470e-03, PNorm = 101.8667, GNorm = 0.6312, lr_0 = 6.9181e-04
Loss = 5.4628e-03, PNorm = 101.8735, GNorm = 0.1983, lr_0 = 6.9154e-04
Loss = 5.4213e-03, PNorm = 101.8812, GNorm = 0.1487, lr_0 = 6.9128e-04
Loss = 5.5083e-03, PNorm = 101.8903, GNorm = 0.5441, lr_0 = 6.9101e-04
Loss = 5.9960e-03, PNorm = 101.9023, GNorm = 0.3929, lr_0 = 6.9075e-04
Loss = 5.2896e-03, PNorm = 101.9119, GNorm = 0.4247, lr_0 = 6.9048e-04
Loss = 5.1771e-03, PNorm = 101.9216, GNorm = 0.2474, lr_0 = 6.9022e-04
Loss = 5.9472e-03, PNorm = 101.9305, GNorm = 0.3951, lr_0 = 6.8995e-04
Loss = 5.4819e-03, PNorm = 101.9365, GNorm = 0.1895, lr_0 = 6.8969e-04
Loss = 5.9609e-03, PNorm = 101.9436, GNorm = 0.7278, lr_0 = 6.8942e-04
Loss = 6.1799e-03, PNorm = 101.9491, GNorm = 0.6771, lr_0 = 6.8916e-04
Loss = 5.2653e-03, PNorm = 101.9546, GNorm = 0.3052, lr_0 = 6.8889e-04
Loss = 4.9038e-03, PNorm = 101.9643, GNorm = 0.5103, lr_0 = 6.8863e-04
Loss = 4.6347e-03, PNorm = 101.9743, GNorm = 0.4158, lr_0 = 6.8836e-04
Loss = 5.4410e-03, PNorm = 101.9788, GNorm = 0.1557, lr_0 = 6.8810e-04
Loss = 4.9535e-03, PNorm = 101.9819, GNorm = 0.1482, lr_0 = 6.8784e-04
Loss = 4.4491e-03, PNorm = 101.9879, GNorm = 0.4017, lr_0 = 6.8757e-04
Loss = 3.9544e-03, PNorm = 101.9944, GNorm = 0.2833, lr_0 = 6.8731e-04
Loss = 4.4065e-03, PNorm = 102.0011, GNorm = 0.2982, lr_0 = 6.8704e-04
Loss = 4.5006e-03, PNorm = 102.0062, GNorm = 0.3789, lr_0 = 6.8678e-04
Loss = 5.7698e-03, PNorm = 102.0133, GNorm = 0.8016, lr_0 = 6.8652e-04
Loss = 4.9641e-03, PNorm = 102.0231, GNorm = 0.5339, lr_0 = 6.8625e-04
Loss = 5.1291e-03, PNorm = 102.0333, GNorm = 0.1842, lr_0 = 6.8599e-04
Loss = 5.2954e-03, PNorm = 102.0395, GNorm = 0.4101, lr_0 = 6.8573e-04
Loss = 4.9754e-03, PNorm = 102.0444, GNorm = 0.2695, lr_0 = 6.8546e-04
Loss = 4.8345e-03, PNorm = 102.0518, GNorm = 0.1772, lr_0 = 6.8520e-04
Loss = 5.7429e-03, PNorm = 102.0610, GNorm = 0.4261, lr_0 = 6.8494e-04
Loss = 5.3150e-03, PNorm = 102.0724, GNorm = 0.4570, lr_0 = 6.8467e-04
Loss = 5.5359e-03, PNorm = 102.0790, GNorm = 0.8469, lr_0 = 6.8441e-04
Loss = 6.0603e-03, PNorm = 102.0839, GNorm = 0.7985, lr_0 = 6.8415e-04
Loss = 5.3524e-03, PNorm = 102.0918, GNorm = 0.8442, lr_0 = 6.8389e-04
Loss = 6.6366e-03, PNorm = 102.1013, GNorm = 0.5192, lr_0 = 6.8362e-04
Loss = 6.0436e-03, PNorm = 102.1101, GNorm = 0.6555, lr_0 = 6.8336e-04
Loss = 6.0451e-03, PNorm = 102.1149, GNorm = 0.7399, lr_0 = 6.8310e-04
Loss = 5.5352e-03, PNorm = 102.1211, GNorm = 0.3518, lr_0 = 6.8284e-04
Loss = 5.1782e-03, PNorm = 102.1295, GNorm = 0.3088, lr_0 = 6.8257e-04
Loss = 5.7041e-03, PNorm = 102.1355, GNorm = 0.7016, lr_0 = 6.8231e-04
Loss = 6.6627e-03, PNorm = 102.1457, GNorm = 0.8826, lr_0 = 6.8205e-04
Loss = 6.6252e-03, PNorm = 102.1577, GNorm = 1.1589, lr_0 = 6.8179e-04
Loss = 7.4727e-03, PNorm = 102.1682, GNorm = 0.4209, lr_0 = 6.8153e-04
Loss = 5.8151e-03, PNorm = 102.1803, GNorm = 0.4714, lr_0 = 6.8127e-04
Loss = 5.7768e-03, PNorm = 102.1887, GNorm = 0.1378, lr_0 = 6.8100e-04
Loss = 5.9247e-03, PNorm = 102.1987, GNorm = 0.1826, lr_0 = 6.8074e-04
Loss = 6.1485e-03, PNorm = 102.2075, GNorm = 0.7559, lr_0 = 6.8048e-04
Loss = 5.9474e-03, PNorm = 102.2159, GNorm = 0.2068, lr_0 = 6.8022e-04
Loss = 5.7084e-03, PNorm = 102.2240, GNorm = 0.1699, lr_0 = 6.7996e-04
Loss = 5.0711e-03, PNorm = 102.2317, GNorm = 0.2758, lr_0 = 6.7970e-04
Loss = 5.3637e-03, PNorm = 102.2404, GNorm = 0.5149, lr_0 = 6.7944e-04
Loss = 5.5980e-03, PNorm = 102.2493, GNorm = 0.2693, lr_0 = 6.7918e-04
Loss = 6.5157e-03, PNorm = 102.2597, GNorm = 0.2699, lr_0 = 6.7892e-04
Loss = 6.4013e-03, PNorm = 102.2689, GNorm = 0.2601, lr_0 = 6.7866e-04
Loss = 5.4775e-03, PNorm = 102.2772, GNorm = 0.4789, lr_0 = 6.7839e-04
Loss = 5.5563e-03, PNorm = 102.2888, GNorm = 0.2156, lr_0 = 6.7813e-04
Loss = 4.9016e-03, PNorm = 102.2958, GNorm = 0.3010, lr_0 = 6.7787e-04
Loss = 6.4387e-03, PNorm = 102.3048, GNorm = 0.4235, lr_0 = 6.7761e-04
Loss = 6.4099e-03, PNorm = 102.3128, GNorm = 0.3955, lr_0 = 6.7735e-04
Loss = 4.8741e-03, PNorm = 102.3182, GNorm = 0.3713, lr_0 = 6.7709e-04
Loss = 4.6767e-03, PNorm = 102.3271, GNorm = 0.2169, lr_0 = 6.7683e-04
Loss = 5.0311e-03, PNorm = 102.3335, GNorm = 0.9876, lr_0 = 6.7657e-04
Loss = 5.8906e-03, PNorm = 102.3388, GNorm = 0.2300, lr_0 = 6.7631e-04
Loss = 4.8042e-03, PNorm = 102.3448, GNorm = 0.4464, lr_0 = 6.7605e-04
Loss = 4.5747e-03, PNorm = 102.3507, GNorm = 0.4839, lr_0 = 6.7580e-04
Loss = 4.7105e-03, PNorm = 102.3546, GNorm = 0.2670, lr_0 = 6.7554e-04
Loss = 5.1204e-03, PNorm = 102.3591, GNorm = 0.2494, lr_0 = 6.7528e-04
Loss = 4.4524e-03, PNorm = 102.3661, GNorm = 0.3834, lr_0 = 6.7502e-04
Loss = 4.2831e-03, PNorm = 102.3713, GNorm = 0.4201, lr_0 = 6.7476e-04
Loss = 5.3302e-03, PNorm = 102.3781, GNorm = 0.3520, lr_0 = 6.7450e-04
Loss = 4.7683e-03, PNorm = 102.3844, GNorm = 0.5989, lr_0 = 6.7424e-04
Loss = 4.9762e-03, PNorm = 102.3917, GNorm = 0.6418, lr_0 = 6.7398e-04
Loss = 5.8644e-03, PNorm = 102.3975, GNorm = 0.9179, lr_0 = 6.7372e-04
Loss = 4.9999e-03, PNorm = 102.4066, GNorm = 0.1764, lr_0 = 6.7346e-04
Loss = 5.1912e-03, PNorm = 102.4129, GNorm = 0.2955, lr_0 = 6.7321e-04
Loss = 4.9143e-03, PNorm = 102.4190, GNorm = 0.2573, lr_0 = 6.7295e-04
Loss = 4.8816e-03, PNorm = 102.4266, GNorm = 0.4829, lr_0 = 6.7269e-04
Loss = 5.4001e-03, PNorm = 102.4336, GNorm = 0.3405, lr_0 = 6.7243e-04
Loss = 5.0078e-03, PNorm = 102.4396, GNorm = 0.5282, lr_0 = 6.7217e-04
Loss = 5.5035e-03, PNorm = 102.4464, GNorm = 0.5421, lr_0 = 6.7191e-04
Loss = 4.7388e-03, PNorm = 102.4527, GNorm = 0.3309, lr_0 = 6.7166e-04
Loss = 5.5393e-03, PNorm = 102.4605, GNorm = 0.4754, lr_0 = 6.7140e-04
Loss = 5.7203e-03, PNorm = 102.4682, GNorm = 0.2786, lr_0 = 6.7114e-04
Loss = 4.7935e-03, PNorm = 102.4772, GNorm = 0.3216, lr_0 = 6.7088e-04
Loss = 5.2993e-03, PNorm = 102.4845, GNorm = 0.3948, lr_0 = 6.7063e-04
Loss = 5.9638e-03, PNorm = 102.4921, GNorm = 0.6653, lr_0 = 6.7037e-04
Loss = 6.7368e-03, PNorm = 102.5032, GNorm = 0.4212, lr_0 = 6.7011e-04
Loss = 5.9087e-03, PNorm = 102.5105, GNorm = 0.5485, lr_0 = 6.6985e-04
Loss = 5.4385e-03, PNorm = 102.5158, GNorm = 0.3476, lr_0 = 6.6960e-04
Loss = 5.4384e-03, PNorm = 102.5214, GNorm = 0.2762, lr_0 = 6.6934e-04
Loss = 4.6494e-03, PNorm = 102.5283, GNorm = 0.3085, lr_0 = 6.6908e-04
Loss = 5.1540e-03, PNorm = 102.5366, GNorm = 0.5509, lr_0 = 6.6883e-04
Loss = 4.9325e-03, PNorm = 102.5410, GNorm = 0.1924, lr_0 = 6.6857e-04
Loss = 6.1885e-03, PNorm = 102.5488, GNorm = 0.9770, lr_0 = 6.6831e-04
Loss = 5.4859e-03, PNorm = 102.5595, GNorm = 0.4139, lr_0 = 6.6806e-04
Loss = 4.8258e-03, PNorm = 102.5687, GNorm = 0.4461, lr_0 = 6.6780e-04
Loss = 5.6128e-03, PNorm = 102.5778, GNorm = 0.7502, lr_0 = 6.6754e-04
Loss = 6.1323e-03, PNorm = 102.5853, GNorm = 0.9494, lr_0 = 6.6729e-04
Loss = 6.1798e-03, PNorm = 102.5931, GNorm = 0.3791, lr_0 = 6.6703e-04
Loss = 6.4940e-03, PNorm = 102.6030, GNorm = 0.5682, lr_0 = 6.6678e-04
Loss = 6.6296e-03, PNorm = 102.6116, GNorm = 1.0352, lr_0 = 6.6652e-04
Loss = 6.6879e-03, PNorm = 102.6220, GNorm = 0.8366, lr_0 = 6.6626e-04
Loss = 6.3453e-03, PNorm = 102.6303, GNorm = 0.4036, lr_0 = 6.6601e-04
Loss = 5.2220e-03, PNorm = 102.6403, GNorm = 0.2277, lr_0 = 6.6575e-04
Loss = 4.7813e-03, PNorm = 102.6512, GNorm = 0.3675, lr_0 = 6.6550e-04
Loss = 5.9454e-03, PNorm = 102.6618, GNorm = 0.7937, lr_0 = 6.6524e-04
Loss = 5.2864e-03, PNorm = 102.6694, GNorm = 0.9951, lr_0 = 6.6499e-04
Loss = 5.4444e-03, PNorm = 102.6776, GNorm = 0.9914, lr_0 = 6.6473e-04
Loss = 6.0463e-03, PNorm = 102.6875, GNorm = 0.8040, lr_0 = 6.6448e-04
Loss = 5.1186e-03, PNorm = 102.6961, GNorm = 0.2122, lr_0 = 6.6422e-04
Loss = 5.2442e-03, PNorm = 102.7040, GNorm = 0.5159, lr_0 = 6.6397e-04
Loss = 5.8400e-03, PNorm = 102.7127, GNorm = 0.3606, lr_0 = 6.6371e-04
Loss = 5.4511e-03, PNorm = 102.7232, GNorm = 0.4871, lr_0 = 6.6346e-04
Loss = 4.7261e-03, PNorm = 102.7305, GNorm = 0.2509, lr_0 = 6.6320e-04
Loss = 5.2049e-03, PNorm = 102.7380, GNorm = 0.6219, lr_0 = 6.6295e-04
Loss = 4.8862e-03, PNorm = 102.7472, GNorm = 0.6948, lr_0 = 6.6269e-04
Loss = 6.5553e-03, PNorm = 102.7547, GNorm = 1.2610, lr_0 = 6.6244e-04
Loss = 7.4306e-03, PNorm = 102.7644, GNorm = 1.1169, lr_0 = 6.6218e-04
Loss = 6.7037e-03, PNorm = 102.7763, GNorm = 0.2776, lr_0 = 6.6193e-04
Loss = 6.3464e-03, PNorm = 102.7870, GNorm = 0.3241, lr_0 = 6.6168e-04
Loss = 6.6928e-03, PNorm = 102.7984, GNorm = 1.1752, lr_0 = 6.6142e-04
Loss = 6.7684e-03, PNorm = 102.8098, GNorm = 0.2053, lr_0 = 6.6117e-04
Loss = 6.7601e-03, PNorm = 102.8224, GNorm = 0.4486, lr_0 = 6.6091e-04
Loss = 6.1857e-03, PNorm = 102.8328, GNorm = 0.4287, lr_0 = 6.6066e-04
Loss = 5.8630e-03, PNorm = 102.8399, GNorm = 0.7185, lr_0 = 6.6041e-04
Loss = 6.0984e-03, PNorm = 102.8442, GNorm = 0.4545, lr_0 = 6.6015e-04
Loss = 5.9809e-03, PNorm = 102.8534, GNorm = 0.2268, lr_0 = 6.5990e-04
Loss = 4.8727e-03, PNorm = 102.8638, GNorm = 0.1786, lr_0 = 6.5965e-04
Loss = 6.4163e-03, PNorm = 102.8772, GNorm = 0.4264, lr_0 = 6.5939e-04
Loss = 4.7200e-03, PNorm = 102.8856, GNorm = 0.2642, lr_0 = 6.5914e-04
Loss = 5.5645e-03, PNorm = 102.8897, GNorm = 0.2896, lr_0 = 6.5889e-04
Loss = 5.4397e-03, PNorm = 102.8973, GNorm = 1.0571, lr_0 = 6.5863e-04
Loss = 6.2006e-03, PNorm = 102.9062, GNorm = 1.1074, lr_0 = 6.5838e-04
Loss = 5.2367e-03, PNorm = 102.9151, GNorm = 0.1773, lr_0 = 6.5813e-04
Loss = 5.8324e-03, PNorm = 102.9232, GNorm = 0.3012, lr_0 = 6.5788e-04
Loss = 5.5072e-03, PNorm = 102.9316, GNorm = 0.7743, lr_0 = 6.5762e-04
Loss = 5.9169e-03, PNorm = 102.9406, GNorm = 0.5384, lr_0 = 6.5737e-04
Loss = 5.7247e-03, PNorm = 102.9489, GNorm = 0.2337, lr_0 = 6.5712e-04
Loss = 6.0040e-03, PNorm = 102.9585, GNorm = 0.5415, lr_0 = 6.5687e-04
Loss = 5.6361e-03, PNorm = 102.9661, GNorm = 0.4123, lr_0 = 6.5661e-04
Loss = 4.8427e-03, PNorm = 102.9758, GNorm = 0.1951, lr_0 = 6.5636e-04
Loss = 4.4825e-03, PNorm = 102.9818, GNorm = 0.2811, lr_0 = 6.5611e-04
Loss = 4.6835e-03, PNorm = 102.9888, GNorm = 0.1977, lr_0 = 6.5586e-04
Loss = 4.8769e-03, PNorm = 102.9998, GNorm = 0.5750, lr_0 = 6.5561e-04
Loss = 5.2031e-03, PNorm = 103.0070, GNorm = 0.2190, lr_0 = 6.5535e-04
Loss = 4.2491e-03, PNorm = 103.0136, GNorm = 0.2026, lr_0 = 6.5510e-04
Loss = 5.1146e-03, PNorm = 103.0221, GNorm = 0.5439, lr_0 = 6.5485e-04
Loss = 4.7253e-03, PNorm = 103.0321, GNorm = 0.2089, lr_0 = 6.5460e-04
Loss = 4.9957e-03, PNorm = 103.0375, GNorm = 0.6065, lr_0 = 6.5435e-04
Loss = 4.2470e-03, PNorm = 103.0449, GNorm = 0.1746, lr_0 = 6.5410e-04
Loss = 4.4218e-03, PNorm = 103.0504, GNorm = 0.2165, lr_0 = 6.5385e-04
Loss = 4.0505e-03, PNorm = 103.0572, GNorm = 0.3222, lr_0 = 6.5360e-04
Loss = 4.5443e-03, PNorm = 103.0661, GNorm = 0.2045, lr_0 = 6.5335e-04
Loss = 4.3023e-03, PNorm = 103.0738, GNorm = 0.1777, lr_0 = 6.5309e-04
Loss = 4.3641e-03, PNorm = 103.0811, GNorm = 0.1567, lr_0 = 6.5284e-04
Loss = 4.7848e-03, PNorm = 103.0862, GNorm = 0.3835, lr_0 = 6.5259e-04
Loss = 4.6183e-03, PNorm = 103.0953, GNorm = 0.5256, lr_0 = 6.5234e-04
Loss = 5.1258e-03, PNorm = 103.1026, GNorm = 0.3037, lr_0 = 6.5209e-04
Loss = 5.1235e-03, PNorm = 103.1090, GNorm = 0.5386, lr_0 = 6.5184e-04
Loss = 5.7520e-03, PNorm = 103.1175, GNorm = 0.9313, lr_0 = 6.5159e-04
Loss = 5.9742e-03, PNorm = 103.1250, GNorm = 0.3826, lr_0 = 6.5134e-04
Loss = 5.4391e-03, PNorm = 103.1338, GNorm = 0.9303, lr_0 = 6.5109e-04
Loss = 4.9982e-03, PNorm = 103.1423, GNorm = 0.2267, lr_0 = 6.5084e-04
Loss = 4.8571e-03, PNorm = 103.1542, GNorm = 0.5494, lr_0 = 6.5059e-04
Loss = 4.8319e-03, PNorm = 103.1625, GNorm = 0.2126, lr_0 = 6.5034e-04
Loss = 4.3510e-03, PNorm = 103.1695, GNorm = 0.2532, lr_0 = 6.5009e-04
Loss = 5.0564e-03, PNorm = 103.1789, GNorm = 0.1915, lr_0 = 6.4984e-04
Loss = 5.3481e-03, PNorm = 103.1854, GNorm = 0.2312, lr_0 = 6.4959e-04
Loss = 6.5175e-03, PNorm = 103.1931, GNorm = 1.2063, lr_0 = 6.4934e-04
Loss = 6.5580e-03, PNorm = 103.2019, GNorm = 0.7693, lr_0 = 6.4909e-04
Loss = 6.2906e-03, PNorm = 103.2119, GNorm = 0.3266, lr_0 = 6.4885e-04
Loss = 5.9363e-03, PNorm = 103.2207, GNorm = 1.0344, lr_0 = 6.4860e-04
Loss = 5.9732e-03, PNorm = 103.2276, GNorm = 0.7282, lr_0 = 6.4835e-04
Loss = 6.3367e-03, PNorm = 103.2394, GNorm = 0.6246, lr_0 = 6.4810e-04
Loss = 7.5711e-03, PNorm = 103.2508, GNorm = 1.1902, lr_0 = 6.4785e-04
Loss = 5.9500e-03, PNorm = 103.2583, GNorm = 0.4057, lr_0 = 6.4760e-04
Loss = 7.5004e-03, PNorm = 103.2650, GNorm = 0.6346, lr_0 = 6.4735e-04
Loss = 7.8765e-03, PNorm = 103.2770, GNorm = 0.4310, lr_0 = 6.4710e-04
Loss = 6.3299e-03, PNorm = 103.2863, GNorm = 0.3751, lr_0 = 6.4686e-04
Loss = 5.7940e-03, PNorm = 103.2966, GNorm = 0.2623, lr_0 = 6.4661e-04
Loss = 5.7342e-03, PNorm = 103.3030, GNorm = 0.3240, lr_0 = 6.4636e-04
Loss = 5.0054e-03, PNorm = 103.3123, GNorm = 0.7943, lr_0 = 6.4611e-04
Loss = 5.5117e-03, PNorm = 103.3198, GNorm = 0.2494, lr_0 = 6.4586e-04
Loss = 4.3899e-03, PNorm = 103.3265, GNorm = 0.4520, lr_0 = 6.4562e-04
Loss = 4.1656e-03, PNorm = 103.3336, GNorm = 0.2972, lr_0 = 6.4537e-04
Loss = 4.4679e-03, PNorm = 103.3384, GNorm = 0.1669, lr_0 = 6.4512e-04
Loss = 5.2355e-03, PNorm = 103.3425, GNorm = 0.2208, lr_0 = 6.4487e-04
Loss = 4.1343e-03, PNorm = 103.3512, GNorm = 0.2615, lr_0 = 6.4462e-04
Loss = 4.4600e-03, PNorm = 103.3574, GNorm = 0.3219, lr_0 = 6.4438e-04
Loss = 5.5662e-03, PNorm = 103.3674, GNorm = 0.8660, lr_0 = 6.4413e-04
Loss = 5.3077e-03, PNorm = 103.3776, GNorm = 0.5444, lr_0 = 6.4388e-04
Loss = 4.7201e-03, PNorm = 103.3884, GNorm = 0.2450, lr_0 = 6.4364e-04
Loss = 6.0266e-03, PNorm = 103.3975, GNorm = 0.2422, lr_0 = 6.4339e-04
Loss = 4.6809e-03, PNorm = 103.4079, GNorm = 0.4933, lr_0 = 6.4314e-04
Loss = 5.0995e-03, PNorm = 103.4149, GNorm = 0.3463, lr_0 = 6.4289e-04
Loss = 5.1009e-03, PNorm = 103.4244, GNorm = 0.6467, lr_0 = 6.4265e-04
Loss = 5.5796e-03, PNorm = 103.4329, GNorm = 0.6387, lr_0 = 6.4240e-04
Loss = 5.7065e-03, PNorm = 103.4353, GNorm = 0.4077, lr_0 = 6.4215e-04
Loss = 5.0612e-03, PNorm = 103.4423, GNorm = 0.6050, lr_0 = 6.4191e-04
Loss = 5.2875e-03, PNorm = 103.4523, GNorm = 0.6825, lr_0 = 6.4166e-04
Loss = 5.5827e-03, PNorm = 103.4634, GNorm = 0.9963, lr_0 = 6.4142e-04
Loss = 5.2802e-03, PNorm = 103.4696, GNorm = 0.7936, lr_0 = 6.4117e-04
Loss = 6.2820e-03, PNorm = 103.4786, GNorm = 0.9700, lr_0 = 6.4092e-04
Loss = 6.0860e-03, PNorm = 103.4871, GNorm = 0.9704, lr_0 = 6.4068e-04
Loss = 5.8252e-03, PNorm = 103.4928, GNorm = 0.7676, lr_0 = 6.4043e-04
Loss = 4.9496e-03, PNorm = 103.5015, GNorm = 0.3095, lr_0 = 6.4019e-04
Loss = 5.6203e-03, PNorm = 103.5071, GNorm = 0.3127, lr_0 = 6.3994e-04
Loss = 5.0301e-03, PNorm = 103.5118, GNorm = 0.3307, lr_0 = 6.3969e-04
Loss = 5.0930e-03, PNorm = 103.5175, GNorm = 0.5343, lr_0 = 6.3945e-04
Loss = 5.0964e-03, PNorm = 103.5274, GNorm = 0.1927, lr_0 = 6.3920e-04
Loss = 5.4094e-03, PNorm = 103.5331, GNorm = 0.1710, lr_0 = 6.3896e-04
Loss = 5.3841e-03, PNorm = 103.5421, GNorm = 0.3163, lr_0 = 6.3871e-04
Loss = 4.0809e-03, PNorm = 103.5491, GNorm = 0.6742, lr_0 = 6.3847e-04
Loss = 5.0829e-03, PNorm = 103.5582, GNorm = 0.4808, lr_0 = 6.3822e-04
Loss = 4.6867e-03, PNorm = 103.5652, GNorm = 0.5422, lr_0 = 6.3798e-04
Loss = 3.8976e-03, PNorm = 103.5683, GNorm = 0.2468, lr_0 = 6.3773e-04
Loss = 4.4670e-03, PNorm = 103.5735, GNorm = 0.2705, lr_0 = 6.3749e-04
Loss = 4.3662e-03, PNorm = 103.5786, GNorm = 0.2217, lr_0 = 6.3724e-04
Loss = 5.4352e-03, PNorm = 103.5826, GNorm = 0.9429, lr_0 = 6.3700e-04
Loss = 6.5070e-03, PNorm = 103.5915, GNorm = 0.8676, lr_0 = 6.3675e-04
Loss = 5.6651e-03, PNorm = 103.5995, GNorm = 0.7202, lr_0 = 6.3651e-04
Loss = 6.5200e-03, PNorm = 103.6115, GNorm = 0.6809, lr_0 = 6.3627e-04
Loss = 5.7528e-03, PNorm = 103.6220, GNorm = 0.2031, lr_0 = 6.3602e-04
Loss = 5.8073e-03, PNorm = 103.6336, GNorm = 0.8827, lr_0 = 6.3578e-04
Loss = 5.6801e-03, PNorm = 103.6436, GNorm = 0.6579, lr_0 = 6.3553e-04
Loss = 5.2243e-03, PNorm = 103.6504, GNorm = 0.5603, lr_0 = 6.3529e-04
Loss = 5.5518e-03, PNorm = 103.6600, GNorm = 0.5895, lr_0 = 6.3504e-04
Loss = 5.9522e-03, PNorm = 103.6682, GNorm = 0.6758, lr_0 = 6.3480e-04
Loss = 5.8466e-03, PNorm = 103.6764, GNorm = 0.3600, lr_0 = 6.3456e-04
Loss = 4.5523e-03, PNorm = 103.6835, GNorm = 0.2537, lr_0 = 6.3431e-04
Loss = 4.3652e-03, PNorm = 103.6922, GNorm = 0.5020, lr_0 = 6.3407e-04
Loss = 4.5884e-03, PNorm = 103.6990, GNorm = 0.2228, lr_0 = 6.3383e-04
Loss = 4.3600e-03, PNorm = 103.7048, GNorm = 0.1648, lr_0 = 6.3358e-04
Loss = 4.4796e-03, PNorm = 103.7097, GNorm = 0.6821, lr_0 = 6.3334e-04
Loss = 4.3659e-03, PNorm = 103.7151, GNorm = 0.5583, lr_0 = 6.3310e-04
Loss = 5.0808e-03, PNorm = 103.7216, GNorm = 0.2173, lr_0 = 6.3285e-04
Loss = 7.0617e-03, PNorm = 103.7323, GNorm = 0.5485, lr_0 = 6.3261e-04
Loss = 5.7760e-03, PNorm = 103.7423, GNorm = 0.3576, lr_0 = 6.3237e-04
Loss = 5.1761e-03, PNorm = 103.7524, GNorm = 0.2596, lr_0 = 6.3213e-04
Loss = 5.3015e-03, PNorm = 103.7622, GNorm = 0.5299, lr_0 = 6.3188e-04
Loss = 4.3461e-03, PNorm = 103.7709, GNorm = 0.2881, lr_0 = 6.3164e-04
Loss = 4.6517e-03, PNorm = 103.7765, GNorm = 0.4559, lr_0 = 6.3140e-04
Loss = 4.3710e-03, PNorm = 103.7799, GNorm = 0.9794, lr_0 = 6.3116e-04
Loss = 4.8963e-03, PNorm = 103.7839, GNorm = 0.5381, lr_0 = 6.3091e-04
Loss = 4.4836e-03, PNorm = 103.7873, GNorm = 0.5539, lr_0 = 6.3067e-04
Loss = 4.7460e-03, PNorm = 103.7955, GNorm = 0.6227, lr_0 = 6.3043e-04
Loss = 4.1878e-03, PNorm = 103.8027, GNorm = 0.6928, lr_0 = 6.3019e-04
Loss = 3.7738e-03, PNorm = 103.8052, GNorm = 0.5852, lr_0 = 6.2995e-04
Loss = 4.2631e-03, PNorm = 103.8119, GNorm = 0.3484, lr_0 = 6.2970e-04
Loss = 4.2185e-03, PNorm = 103.8190, GNorm = 0.2035, lr_0 = 6.2946e-04
Loss = 3.5762e-03, PNorm = 103.8260, GNorm = 0.3203, lr_0 = 6.2922e-04
Loss = 3.9190e-03, PNorm = 103.8281, GNorm = 0.5346, lr_0 = 6.2898e-04
Loss = 4.1551e-03, PNorm = 103.8303, GNorm = 0.1860, lr_0 = 6.2874e-04
Loss = 3.5387e-03, PNorm = 103.8356, GNorm = 0.3889, lr_0 = 6.2850e-04
Loss = 4.1058e-03, PNorm = 103.8413, GNorm = 0.3441, lr_0 = 6.2825e-04
Loss = 3.4536e-03, PNorm = 103.8450, GNorm = 0.1969, lr_0 = 6.2801e-04
Loss = 4.0208e-03, PNorm = 103.8499, GNorm = 0.2231, lr_0 = 6.2777e-04
Loss = 3.5235e-03, PNorm = 103.8540, GNorm = 0.3570, lr_0 = 6.2753e-04
Loss = 4.8265e-03, PNorm = 103.8589, GNorm = 1.1258, lr_0 = 6.2729e-04
Loss = 4.1633e-03, PNorm = 103.8679, GNorm = 0.4524, lr_0 = 6.2705e-04
Loss = 4.3022e-03, PNorm = 103.8756, GNorm = 0.3392, lr_0 = 6.2681e-04
Loss = 3.8832e-03, PNorm = 103.8776, GNorm = 0.3244, lr_0 = 6.2657e-04
Loss = 4.2008e-03, PNorm = 103.8848, GNorm = 0.1741, lr_0 = 6.2633e-04
Loss = 4.1846e-03, PNorm = 103.8918, GNorm = 0.3656, lr_0 = 6.2609e-04
Loss = 4.0026e-03, PNorm = 103.8965, GNorm = 0.7764, lr_0 = 6.2585e-04
Loss = 4.4696e-03, PNorm = 103.9006, GNorm = 0.7300, lr_0 = 6.2561e-04
Loss = 3.8201e-03, PNorm = 103.9055, GNorm = 0.4707, lr_0 = 6.2537e-04
Loss = 3.6746e-03, PNorm = 103.9116, GNorm = 0.4613, lr_0 = 6.2513e-04
Loss = 4.0911e-03, PNorm = 103.9173, GNorm = 0.2415, lr_0 = 6.2489e-04
Loss = 3.6774e-03, PNorm = 103.9246, GNorm = 0.1697, lr_0 = 6.2465e-04
Loss = 4.7732e-03, PNorm = 103.9315, GNorm = 0.2652, lr_0 = 6.2441e-04
Loss = 4.4075e-03, PNorm = 103.9364, GNorm = 0.5954, lr_0 = 6.2417e-04
Loss = 4.2152e-03, PNorm = 103.9409, GNorm = 0.2570, lr_0 = 6.2393e-04
Loss = 3.8110e-03, PNorm = 103.9472, GNorm = 0.2069, lr_0 = 6.2369e-04
Loss = 3.9835e-03, PNorm = 103.9516, GNorm = 0.3573, lr_0 = 6.2345e-04
Loss = 3.7337e-03, PNorm = 103.9546, GNorm = 0.2957, lr_0 = 6.2321e-04
Loss = 3.9805e-03, PNorm = 103.9623, GNorm = 0.3275, lr_0 = 6.2297e-04
Loss = 3.7438e-03, PNorm = 103.9651, GNorm = 0.4254, lr_0 = 6.2273e-04
Loss = 4.1672e-03, PNorm = 103.9714, GNorm = 0.5068, lr_0 = 6.2249e-04
Loss = 3.8103e-03, PNorm = 103.9784, GNorm = 0.3608, lr_0 = 6.2225e-04
Loss = 4.6663e-03, PNorm = 103.9827, GNorm = 0.7557, lr_0 = 6.2201e-04
Loss = 3.9126e-03, PNorm = 103.9909, GNorm = 0.2502, lr_0 = 6.2178e-04
Loss = 3.4884e-03, PNorm = 103.9957, GNorm = 0.2209, lr_0 = 6.2154e-04
Loss = 3.9920e-03, PNorm = 103.9978, GNorm = 0.2074, lr_0 = 6.2130e-04
Loss = 4.2087e-03, PNorm = 104.0049, GNorm = 0.3316, lr_0 = 6.2106e-04
Loss = 3.8621e-03, PNorm = 104.0115, GNorm = 0.2182, lr_0 = 6.2082e-04
Loss = 3.8226e-03, PNorm = 104.0168, GNorm = 0.1346, lr_0 = 6.2058e-04
Loss = 3.6391e-03, PNorm = 104.0219, GNorm = 0.4065, lr_0 = 6.2035e-04
Loss = 3.6466e-03, PNorm = 104.0263, GNorm = 0.3340, lr_0 = 6.2011e-04
Loss = 3.8273e-03, PNorm = 104.0296, GNorm = 0.3389, lr_0 = 6.1987e-04
Loss = 3.5212e-03, PNorm = 104.0344, GNorm = 0.3145, lr_0 = 6.1963e-04
Loss = 4.5175e-03, PNorm = 104.0366, GNorm = 0.4784, lr_0 = 6.1939e-04
Loss = 4.7871e-03, PNorm = 104.0438, GNorm = 0.3091, lr_0 = 6.1916e-04
Loss = 3.5276e-03, PNorm = 104.0510, GNorm = 0.4029, lr_0 = 6.1892e-04
Loss = 3.5960e-03, PNorm = 104.0583, GNorm = 0.2148, lr_0 = 6.1868e-04
Loss = 4.4157e-03, PNorm = 104.0664, GNorm = 0.3251, lr_0 = 6.1844e-04
Loss = 3.8487e-03, PNorm = 104.0764, GNorm = 0.1784, lr_0 = 6.1821e-04
Loss = 4.3154e-03, PNorm = 104.0854, GNorm = 0.7348, lr_0 = 6.1797e-04
Loss = 4.0702e-03, PNorm = 104.0914, GNorm = 0.2117, lr_0 = 6.1773e-04
Loss = 4.9237e-03, PNorm = 104.0967, GNorm = 0.7797, lr_0 = 6.1749e-04
Loss = 3.9298e-03, PNorm = 104.1027, GNorm = 0.2789, lr_0 = 6.1726e-04
Loss = 5.2116e-03, PNorm = 104.1073, GNorm = 0.4505, lr_0 = 6.1702e-04
Loss = 4.9701e-03, PNorm = 104.1149, GNorm = 0.4764, lr_0 = 6.1678e-04
Loss = 5.6148e-03, PNorm = 104.1220, GNorm = 0.3334, lr_0 = 6.1655e-04
Loss = 4.8618e-03, PNorm = 104.1308, GNorm = 0.2118, lr_0 = 6.1631e-04
Loss = 4.6126e-03, PNorm = 104.1396, GNorm = 0.1596, lr_0 = 6.1607e-04
Loss = 5.2241e-03, PNorm = 104.1471, GNorm = 0.2363, lr_0 = 6.1584e-04
Loss = 4.5808e-03, PNorm = 104.1506, GNorm = 0.2475, lr_0 = 6.1560e-04
Loss = 3.9619e-03, PNorm = 104.1554, GNorm = 0.2694, lr_0 = 6.1536e-04
Loss = 4.2377e-03, PNorm = 104.1613, GNorm = 0.2286, lr_0 = 6.1513e-04
Loss = 4.9239e-03, PNorm = 104.1673, GNorm = 0.1859, lr_0 = 6.1489e-04
Loss = 4.9062e-03, PNorm = 104.1730, GNorm = 0.4554, lr_0 = 6.1466e-04
Loss = 5.0267e-03, PNorm = 104.1812, GNorm = 0.3849, lr_0 = 6.1442e-04
Loss = 4.1465e-03, PNorm = 104.1891, GNorm = 0.2616, lr_0 = 6.1418e-04
Loss = 5.6844e-03, PNorm = 104.1941, GNorm = 0.6821, lr_0 = 6.1395e-04
Loss = 5.3795e-03, PNorm = 104.2057, GNorm = 0.5692, lr_0 = 6.1371e-04
Loss = 5.0191e-03, PNorm = 104.2168, GNorm = 0.6013, lr_0 = 6.1348e-04
Loss = 5.8479e-03, PNorm = 104.2278, GNorm = 1.1631, lr_0 = 6.1324e-04
Loss = 5.5394e-03, PNorm = 104.2344, GNorm = 0.5218, lr_0 = 6.1301e-04
Loss = 5.9000e-03, PNorm = 104.2406, GNorm = 0.2958, lr_0 = 6.1277e-04
Loss = 5.3616e-03, PNorm = 104.2481, GNorm = 0.3848, lr_0 = 6.1254e-04
Loss = 5.9049e-03, PNorm = 104.2611, GNorm = 0.8618, lr_0 = 6.1230e-04
Loss = 5.1034e-03, PNorm = 104.2705, GNorm = 0.5771, lr_0 = 6.1207e-04
Loss = 4.7542e-03, PNorm = 104.2801, GNorm = 0.1769, lr_0 = 6.1183e-04
Loss = 5.0486e-03, PNorm = 104.2870, GNorm = 0.8242, lr_0 = 6.1160e-04
Loss = 5.3401e-03, PNorm = 104.2914, GNorm = 0.5961, lr_0 = 6.1136e-04
Loss = 4.4396e-03, PNorm = 104.2991, GNorm = 0.1486, lr_0 = 6.1113e-04
Loss = 4.9486e-03, PNorm = 104.3044, GNorm = 0.3805, lr_0 = 6.1089e-04
Loss = 4.5133e-03, PNorm = 104.3115, GNorm = 0.6328, lr_0 = 6.1066e-04
Loss = 4.4644e-03, PNorm = 104.3191, GNorm = 0.3155, lr_0 = 6.1042e-04
Loss = 4.1975e-03, PNorm = 104.3260, GNorm = 0.1648, lr_0 = 6.1019e-04
Loss = 4.6939e-03, PNorm = 104.3317, GNorm = 0.3194, lr_0 = 6.0995e-04
Loss = 5.1712e-03, PNorm = 104.3368, GNorm = 0.5632, lr_0 = 6.0972e-04
Loss = 5.7861e-03, PNorm = 104.3450, GNorm = 0.1647, lr_0 = 6.0949e-04
Loss = 5.1377e-03, PNorm = 104.3509, GNorm = 0.2610, lr_0 = 6.0925e-04
Loss = 5.3332e-03, PNorm = 104.3561, GNorm = 0.2709, lr_0 = 6.0902e-04
Loss = 4.6800e-03, PNorm = 104.3626, GNorm = 0.2950, lr_0 = 6.0878e-04
Loss = 5.1645e-03, PNorm = 104.3709, GNorm = 0.3059, lr_0 = 6.0855e-04
Loss = 5.2543e-03, PNorm = 104.3817, GNorm = 0.3162, lr_0 = 6.0832e-04
Loss = 4.2605e-03, PNorm = 104.3912, GNorm = 0.4023, lr_0 = 6.0808e-04
Loss = 5.0689e-03, PNorm = 104.3976, GNorm = 0.6179, lr_0 = 6.0785e-04
Loss = 4.5036e-03, PNorm = 104.4065, GNorm = 0.4064, lr_0 = 6.0762e-04
Loss = 4.2966e-03, PNorm = 104.4136, GNorm = 0.5099, lr_0 = 6.0738e-04
Loss = 5.1497e-03, PNorm = 104.4187, GNorm = 0.8082, lr_0 = 6.0715e-04
Loss = 4.0777e-03, PNorm = 104.4214, GNorm = 0.1827, lr_0 = 6.0692e-04
Loss = 4.9040e-03, PNorm = 104.4278, GNorm = 0.2401, lr_0 = 6.0668e-04
Loss = 4.2768e-03, PNorm = 104.4380, GNorm = 0.4021, lr_0 = 6.0645e-04
Loss = 4.0609e-03, PNorm = 104.4464, GNorm = 0.2603, lr_0 = 6.0622e-04
Loss = 4.6050e-03, PNorm = 104.4503, GNorm = 0.4114, lr_0 = 6.0599e-04
Loss = 4.2747e-03, PNorm = 104.4543, GNorm = 0.4099, lr_0 = 6.0575e-04
Loss = 5.1538e-03, PNorm = 104.4602, GNorm = 1.2316, lr_0 = 6.0552e-04
Loss = 4.7591e-03, PNorm = 104.4699, GNorm = 0.6126, lr_0 = 6.0529e-04
Loss = 5.1458e-03, PNorm = 104.4769, GNorm = 0.5714, lr_0 = 6.0506e-04
Loss = 5.1331e-03, PNorm = 104.4851, GNorm = 0.4737, lr_0 = 6.0482e-04
Loss = 5.5181e-03, PNorm = 104.4965, GNorm = 0.7886, lr_0 = 6.0459e-04
Loss = 4.4016e-03, PNorm = 104.5019, GNorm = 0.5392, lr_0 = 6.0436e-04
Loss = 5.1007e-03, PNorm = 104.5086, GNorm = 0.4104, lr_0 = 6.0413e-04
Loss = 4.5915e-03, PNorm = 104.5181, GNorm = 0.5221, lr_0 = 6.0390e-04
Loss = 3.7353e-03, PNorm = 104.5236, GNorm = 0.1773, lr_0 = 6.0366e-04
Loss = 4.3642e-03, PNorm = 104.5277, GNorm = 0.7214, lr_0 = 6.0343e-04
Loss = 3.2411e-03, PNorm = 104.5310, GNorm = 0.3081, lr_0 = 6.0320e-04
Loss = 3.9422e-03, PNorm = 104.5373, GNorm = 0.4459, lr_0 = 6.0297e-04
Loss = 3.6092e-03, PNorm = 104.5435, GNorm = 0.1171, lr_0 = 6.0274e-04
Loss = 5.3425e-03, PNorm = 104.5498, GNorm = 0.1500, lr_0 = 6.0251e-04
Loss = 4.2988e-03, PNorm = 104.5571, GNorm = 0.3952, lr_0 = 6.0228e-04
Loss = 5.0600e-03, PNorm = 104.5642, GNorm = 0.4201, lr_0 = 6.0204e-04
Loss = 4.3219e-03, PNorm = 104.5740, GNorm = 1.0067, lr_0 = 6.0181e-04
Loss = 5.3683e-03, PNorm = 104.5796, GNorm = 0.6946, lr_0 = 6.0158e-04
Loss = 4.3217e-03, PNorm = 104.5840, GNorm = 0.1921, lr_0 = 6.0135e-04
Loss = 4.8042e-03, PNorm = 104.5873, GNorm = 0.5147, lr_0 = 6.0112e-04
Loss = 4.0327e-03, PNorm = 104.5947, GNorm = 0.7657, lr_0 = 6.0089e-04
Loss = 4.7520e-03, PNorm = 104.6020, GNorm = 0.7415, lr_0 = 6.0066e-04
Loss = 5.3863e-03, PNorm = 104.6120, GNorm = 1.1269, lr_0 = 6.0043e-04
Loss = 5.2958e-03, PNorm = 104.6211, GNorm = 0.1907, lr_0 = 6.0020e-04
Loss = 4.6857e-03, PNorm = 104.6242, GNorm = 0.2085, lr_0 = 5.9997e-04
Loss = 4.8758e-03, PNorm = 104.6346, GNorm = 0.2640, lr_0 = 5.9974e-04
Loss = 3.7415e-03, PNorm = 104.6439, GNorm = 0.5419, lr_0 = 5.9951e-04
Loss = 4.3133e-03, PNorm = 104.6517, GNorm = 0.1501, lr_0 = 5.9928e-04
Loss = 4.3984e-03, PNorm = 104.6590, GNorm = 0.3159, lr_0 = 5.9905e-04
Loss = 3.7536e-03, PNorm = 104.6654, GNorm = 0.2754, lr_0 = 5.9882e-04
Loss = 4.3435e-03, PNorm = 104.6722, GNorm = 0.5148, lr_0 = 5.9859e-04
Loss = 5.0578e-03, PNorm = 104.6800, GNorm = 0.9822, lr_0 = 5.9836e-04
Loss = 5.0239e-03, PNorm = 104.6852, GNorm = 0.1423, lr_0 = 5.9813e-04
Loss = 4.7611e-03, PNorm = 104.6927, GNorm = 0.3619, lr_0 = 5.9790e-04
Loss = 4.2238e-03, PNorm = 104.7015, GNorm = 0.2767, lr_0 = 5.9767e-04
Loss = 4.6966e-03, PNorm = 104.7049, GNorm = 0.6238, lr_0 = 5.9744e-04
Loss = 4.3380e-03, PNorm = 104.7102, GNorm = 0.3368, lr_0 = 5.9721e-04
Loss = 4.4150e-03, PNorm = 104.7156, GNorm = 0.7141, lr_0 = 5.9698e-04
Loss = 4.0309e-03, PNorm = 104.7215, GNorm = 0.6825, lr_0 = 5.9675e-04
Loss = 4.9214e-03, PNorm = 104.7283, GNorm = 0.3860, lr_0 = 5.9652e-04
Loss = 4.2962e-03, PNorm = 104.7335, GNorm = 0.2487, lr_0 = 5.9629e-04
Loss = 4.9735e-03, PNorm = 104.7437, GNorm = 0.3054, lr_0 = 5.9606e-04
Loss = 4.3880e-03, PNorm = 104.7499, GNorm = 0.9411, lr_0 = 5.9584e-04
Loss = 4.1768e-03, PNorm = 104.7546, GNorm = 0.1799, lr_0 = 5.9561e-04
Loss = 3.7442e-03, PNorm = 104.7602, GNorm = 0.1596, lr_0 = 5.9538e-04
Loss = 3.4441e-03, PNorm = 104.7637, GNorm = 0.1788, lr_0 = 5.9515e-04
Loss = 2.9848e-03, PNorm = 104.7663, GNorm = 0.1470, lr_0 = 5.9492e-04
Loss = 3.9035e-03, PNorm = 104.7734, GNorm = 0.5115, lr_0 = 5.9469e-04
Loss = 3.8365e-03, PNorm = 104.7799, GNorm = 0.1737, lr_0 = 5.9447e-04
Loss = 3.5515e-03, PNorm = 104.7864, GNorm = 0.2369, lr_0 = 5.9424e-04
Loss = 4.0369e-03, PNorm = 104.7905, GNorm = 0.5415, lr_0 = 5.9401e-04
Loss = 3.9966e-03, PNorm = 104.7933, GNorm = 0.3855, lr_0 = 5.9378e-04
Loss = 4.0065e-03, PNorm = 104.7974, GNorm = 0.3328, lr_0 = 5.9355e-04
Loss = 3.4278e-03, PNorm = 104.8069, GNorm = 0.1461, lr_0 = 5.9333e-04
Loss = 3.2409e-03, PNorm = 104.8115, GNorm = 0.3709, lr_0 = 5.9310e-04
Loss = 4.2213e-03, PNorm = 104.8158, GNorm = 0.9355, lr_0 = 5.9287e-04
Loss = 3.7254e-03, PNorm = 104.8232, GNorm = 0.4740, lr_0 = 5.9264e-04
Loss = 3.8815e-03, PNorm = 104.8288, GNorm = 0.4831, lr_0 = 5.9241e-04
Loss = 4.3016e-03, PNorm = 104.8347, GNorm = 0.3380, lr_0 = 5.9219e-04
Loss = 4.3760e-03, PNorm = 104.8425, GNorm = 0.4152, lr_0 = 5.9196e-04
Loss = 4.2849e-03, PNorm = 104.8459, GNorm = 0.2963, lr_0 = 5.9173e-04
Loss = 3.8942e-03, PNorm = 104.8472, GNorm = 0.1791, lr_0 = 5.9151e-04
Loss = 3.1870e-03, PNorm = 104.8516, GNorm = 0.2309, lr_0 = 5.9128e-04
Loss = 3.1855e-03, PNorm = 104.8584, GNorm = 0.3438, lr_0 = 5.9105e-04
Loss = 5.5684e-03, PNorm = 104.8657, GNorm = 0.8083, lr_0 = 5.9082e-04
Loss = 4.7160e-03, PNorm = 104.8739, GNorm = 0.3380, lr_0 = 5.9060e-04
Loss = 3.3197e-03, PNorm = 104.8818, GNorm = 0.1782, lr_0 = 5.9037e-04
Loss = 3.3632e-03, PNorm = 104.8867, GNorm = 0.2373, lr_0 = 5.9014e-04
Loss = 3.6889e-03, PNorm = 104.8926, GNorm = 0.1627, lr_0 = 5.8992e-04
Loss = 3.5697e-03, PNorm = 104.8985, GNorm = 0.1624, lr_0 = 5.8969e-04
Loss = 3.7600e-03, PNorm = 104.9058, GNorm = 0.2275, lr_0 = 5.8947e-04
Loss = 3.4116e-03, PNorm = 104.9111, GNorm = 0.2182, lr_0 = 5.8924e-04
Loss = 3.3200e-03, PNorm = 104.9154, GNorm = 0.1190, lr_0 = 5.8901e-04
Loss = 3.8933e-03, PNorm = 104.9183, GNorm = 0.4598, lr_0 = 5.8879e-04
Loss = 4.1906e-03, PNorm = 104.9228, GNorm = 1.2056, lr_0 = 5.8856e-04
Loss = 4.7992e-03, PNorm = 104.9290, GNorm = 0.3932, lr_0 = 5.8833e-04
Loss = 4.6255e-03, PNorm = 104.9393, GNorm = 0.7079, lr_0 = 5.8811e-04
Loss = 3.7717e-03, PNorm = 104.9483, GNorm = 0.4286, lr_0 = 5.8788e-04
Loss = 4.5307e-03, PNorm = 104.9526, GNorm = 0.3202, lr_0 = 5.8766e-04
Loss = 4.1262e-03, PNorm = 104.9574, GNorm = 0.6861, lr_0 = 5.8743e-04
Loss = 3.8000e-03, PNorm = 104.9635, GNorm = 0.8215, lr_0 = 5.8721e-04
Loss = 4.3210e-03, PNorm = 104.9694, GNorm = 0.2327, lr_0 = 5.8698e-04
Loss = 4.3087e-03, PNorm = 104.9770, GNorm = 0.5845, lr_0 = 5.8676e-04
Loss = 3.7744e-03, PNorm = 104.9824, GNorm = 0.3483, lr_0 = 5.8653e-04
Loss = 3.4367e-03, PNorm = 104.9882, GNorm = 0.6551, lr_0 = 5.8631e-04
Loss = 4.5032e-03, PNorm = 104.9973, GNorm = 0.8388, lr_0 = 5.8608e-04
Loss = 4.6473e-03, PNorm = 105.0067, GNorm = 1.1205, lr_0 = 5.8586e-04
Loss = 3.9636e-03, PNorm = 105.0123, GNorm = 0.3798, lr_0 = 5.8563e-04
Loss = 4.8342e-03, PNorm = 105.0171, GNorm = 0.2019, lr_0 = 5.8541e-04
Loss = 4.0834e-03, PNorm = 105.0210, GNorm = 0.1717, lr_0 = 5.8518e-04
Loss = 4.4057e-03, PNorm = 105.0252, GNorm = 0.9039, lr_0 = 5.8496e-04
Loss = 3.8852e-03, PNorm = 105.0314, GNorm = 0.2447, lr_0 = 5.8473e-04
Loss = 4.0981e-03, PNorm = 105.0390, GNorm = 0.2241, lr_0 = 5.8451e-04
Loss = 4.2160e-03, PNorm = 105.0430, GNorm = 0.2816, lr_0 = 5.8428e-04
Loss = 4.2389e-03, PNorm = 105.0489, GNorm = 0.2081, lr_0 = 5.8406e-04
Loss = 3.6095e-03, PNorm = 105.0557, GNorm = 0.5407, lr_0 = 5.8383e-04
Loss = 4.3404e-03, PNorm = 105.0636, GNorm = 0.2740, lr_0 = 5.8361e-04
Loss = 3.0940e-03, PNorm = 105.0685, GNorm = 0.4978, lr_0 = 5.8339e-04
Loss = 3.4632e-03, PNorm = 105.0737, GNorm = 0.5224, lr_0 = 5.8316e-04
Loss = 4.5297e-03, PNorm = 105.0798, GNorm = 0.5191, lr_0 = 5.8294e-04
Loss = 3.4311e-03, PNorm = 105.0881, GNorm = 0.3940, lr_0 = 5.8271e-04
Loss = 3.8570e-03, PNorm = 105.0915, GNorm = 0.7233, lr_0 = 5.8249e-04
Loss = 3.4138e-03, PNorm = 105.0960, GNorm = 0.2954, lr_0 = 5.8227e-04
Loss = 3.7919e-03, PNorm = 105.1014, GNorm = 0.6404, lr_0 = 5.8204e-04
Loss = 3.4954e-03, PNorm = 105.1058, GNorm = 0.4595, lr_0 = 5.8182e-04
Loss = 3.2652e-03, PNorm = 105.1079, GNorm = 0.4019, lr_0 = 5.8160e-04
Loss = 3.4706e-03, PNorm = 105.1116, GNorm = 0.1772, lr_0 = 5.8137e-04
Loss = 4.5118e-03, PNorm = 105.1181, GNorm = 0.5924, lr_0 = 5.8115e-04
Loss = 3.8633e-03, PNorm = 105.1257, GNorm = 0.7240, lr_0 = 5.8093e-04
Loss = 3.5648e-03, PNorm = 105.1323, GNorm = 0.8976, lr_0 = 5.8071e-04
Loss = 3.5170e-03, PNorm = 105.1395, GNorm = 0.7369, lr_0 = 5.8048e-04
Loss = 3.6897e-03, PNorm = 105.1429, GNorm = 0.4355, lr_0 = 5.8026e-04
Loss = 4.0647e-03, PNorm = 105.1481, GNorm = 0.1849, lr_0 = 5.8004e-04
Loss = 3.8378e-03, PNorm = 105.1547, GNorm = 0.3135, lr_0 = 5.7981e-04
Loss = 3.6889e-03, PNorm = 105.1602, GNorm = 0.3315, lr_0 = 5.7959e-04
Loss = 4.2504e-03, PNorm = 105.1646, GNorm = 0.3844, lr_0 = 5.7937e-04
Loss = 4.5753e-03, PNorm = 105.1676, GNorm = 0.5078, lr_0 = 5.7915e-04
Loss = 3.8643e-03, PNorm = 105.1740, GNorm = 0.5287, lr_0 = 5.7892e-04
Loss = 3.5920e-03, PNorm = 105.1763, GNorm = 0.4924, lr_0 = 5.7870e-04
Loss = 3.8667e-03, PNorm = 105.1833, GNorm = 0.2327, lr_0 = 5.7848e-04
Loss = 3.5455e-03, PNorm = 105.1912, GNorm = 0.7640, lr_0 = 5.7826e-04
Loss = 3.6175e-03, PNorm = 105.1984, GNorm = 0.3612, lr_0 = 5.7804e-04
Loss = 3.8154e-03, PNorm = 105.2043, GNorm = 0.2355, lr_0 = 5.7781e-04
Loss = 4.0461e-03, PNorm = 105.2121, GNorm = 0.3060, lr_0 = 5.7759e-04
Loss = 3.6020e-03, PNorm = 105.2183, GNorm = 0.2868, lr_0 = 5.7737e-04
Loss = 3.7755e-03, PNorm = 105.2263, GNorm = 0.7132, lr_0 = 5.7715e-04
Loss = 3.2932e-03, PNorm = 105.2298, GNorm = 0.4748, lr_0 = 5.7693e-04
Loss = 3.8263e-03, PNorm = 105.2340, GNorm = 0.3413, lr_0 = 5.7671e-04
Loss = 4.0853e-03, PNorm = 105.2459, GNorm = 0.6933, lr_0 = 5.7648e-04
Loss = 5.2326e-03, PNorm = 105.2511, GNorm = 0.6772, lr_0 = 5.7626e-04
Loss = 5.0976e-03, PNorm = 105.2550, GNorm = 1.1391, lr_0 = 5.7604e-04
Loss = 5.3510e-03, PNorm = 105.2648, GNorm = 0.9358, lr_0 = 5.7582e-04
Loss = 6.2316e-03, PNorm = 105.2753, GNorm = 1.2560, lr_0 = 5.7560e-04
Loss = 6.1951e-03, PNorm = 105.2879, GNorm = 0.9399, lr_0 = 5.7538e-04
Loss = 5.5840e-03, PNorm = 105.2998, GNorm = 0.7582, lr_0 = 5.7516e-04
Loss = 6.7408e-03, PNorm = 105.3078, GNorm = 1.3424, lr_0 = 5.7494e-04
Loss = 6.2458e-03, PNorm = 105.3183, GNorm = 0.4544, lr_0 = 5.7472e-04
Loss = 4.4954e-03, PNorm = 105.3293, GNorm = 0.3409, lr_0 = 5.7450e-04
Loss = 4.6900e-03, PNorm = 105.3366, GNorm = 0.1802, lr_0 = 5.7428e-04
Loss = 4.8228e-03, PNorm = 105.3429, GNorm = 0.5332, lr_0 = 5.7406e-04
Loss = 4.6881e-03, PNorm = 105.3510, GNorm = 0.9100, lr_0 = 5.7383e-04
Loss = 5.5802e-03, PNorm = 105.3584, GNorm = 0.8109, lr_0 = 5.7361e-04
Loss = 5.6408e-03, PNorm = 105.3650, GNorm = 1.2143, lr_0 = 5.7339e-04
Loss = 4.7611e-03, PNorm = 105.3720, GNorm = 0.3856, lr_0 = 5.7317e-04
Loss = 6.2865e-03, PNorm = 105.3792, GNorm = 0.7823, lr_0 = 5.7295e-04
Loss = 5.3307e-03, PNorm = 105.3895, GNorm = 0.4781, lr_0 = 5.7273e-04
Loss = 5.2046e-03, PNorm = 105.4000, GNorm = 0.5444, lr_0 = 5.7251e-04
Loss = 4.5582e-03, PNorm = 105.4079, GNorm = 0.5572, lr_0 = 5.7229e-04
Loss = 4.4119e-03, PNorm = 105.4152, GNorm = 0.2893, lr_0 = 5.7208e-04
Loss = 4.7889e-03, PNorm = 105.4245, GNorm = 0.3080, lr_0 = 5.7186e-04
Loss = 3.7695e-03, PNorm = 105.4309, GNorm = 0.9677, lr_0 = 5.7164e-04
Loss = 4.7981e-03, PNorm = 105.4370, GNorm = 0.3839, lr_0 = 5.7142e-04
Loss = 3.9333e-03, PNorm = 105.4427, GNorm = 0.1829, lr_0 = 5.7120e-04
Loss = 3.8403e-03, PNorm = 105.4477, GNorm = 0.1788, lr_0 = 5.7098e-04
Loss = 3.9332e-03, PNorm = 105.4505, GNorm = 0.6775, lr_0 = 5.7076e-04
Loss = 3.4367e-03, PNorm = 105.4578, GNorm = 0.5082, lr_0 = 5.7054e-04
Loss = 4.1106e-03, PNorm = 105.4636, GNorm = 0.4632, lr_0 = 5.7032e-04
Loss = 3.3477e-03, PNorm = 105.4691, GNorm = 0.2962, lr_0 = 5.7010e-04
Loss = 3.7476e-03, PNorm = 105.4725, GNorm = 0.5434, lr_0 = 5.6988e-04
Loss = 3.8834e-03, PNorm = 105.4780, GNorm = 0.2538, lr_0 = 5.6966e-04
Loss = 3.4661e-03, PNorm = 105.4819, GNorm = 0.3176, lr_0 = 5.6945e-04
Loss = 3.6409e-03, PNorm = 105.4854, GNorm = 0.3079, lr_0 = 5.6923e-04
Loss = 3.7249e-03, PNorm = 105.4885, GNorm = 0.4549, lr_0 = 5.6901e-04
Loss = 3.4058e-03, PNorm = 105.4923, GNorm = 0.5345, lr_0 = 5.6879e-04
Loss = 3.3485e-03, PNorm = 105.4999, GNorm = 0.2241, lr_0 = 5.6857e-04
Loss = 3.6791e-03, PNorm = 105.5066, GNorm = 0.5199, lr_0 = 5.6835e-04
Loss = 4.2582e-03, PNorm = 105.5125, GNorm = 0.4713, lr_0 = 5.6814e-04
Loss = 3.8621e-03, PNorm = 105.5199, GNorm = 0.4507, lr_0 = 5.6792e-04
Loss = 3.9916e-03, PNorm = 105.5235, GNorm = 0.4328, lr_0 = 5.6770e-04
Loss = 3.4221e-03, PNorm = 105.5253, GNorm = 0.2027, lr_0 = 5.6748e-04
Loss = 3.9652e-03, PNorm = 105.5277, GNorm = 0.1407, lr_0 = 5.6726e-04
Loss = 3.8140e-03, PNorm = 105.5368, GNorm = 0.7055, lr_0 = 5.6705e-04
Loss = 3.8687e-03, PNorm = 105.5440, GNorm = 0.5621, lr_0 = 5.6683e-04
Loss = 3.9618e-03, PNorm = 105.5474, GNorm = 1.0094, lr_0 = 5.6661e-04
Loss = 3.7723e-03, PNorm = 105.5529, GNorm = 0.2367, lr_0 = 5.6639e-04
Loss = 3.6950e-03, PNorm = 105.5606, GNorm = 0.2413, lr_0 = 5.6618e-04
Loss = 3.7768e-03, PNorm = 105.5685, GNorm = 0.1596, lr_0 = 5.6596e-04
Loss = 3.3880e-03, PNorm = 105.5749, GNorm = 0.1980, lr_0 = 5.6574e-04
Loss = 3.6696e-03, PNorm = 105.5820, GNorm = 0.1954, lr_0 = 5.6552e-04
Loss = 3.9352e-03, PNorm = 105.5887, GNorm = 0.4486, lr_0 = 5.6531e-04
Loss = 3.1928e-03, PNorm = 105.5956, GNorm = 0.3577, lr_0 = 5.6509e-04
Loss = 3.3019e-03, PNorm = 105.6025, GNorm = 0.2990, lr_0 = 5.6487e-04
Loss = 3.3588e-03, PNorm = 105.6066, GNorm = 0.4135, lr_0 = 5.6466e-04
Loss = 3.4044e-03, PNorm = 105.6093, GNorm = 0.4180, lr_0 = 5.6444e-04
Loss = 3.3056e-03, PNorm = 105.6131, GNorm = 0.1989, lr_0 = 5.6422e-04
Loss = 3.2124e-03, PNorm = 105.6166, GNorm = 0.1430, lr_0 = 5.6401e-04
Loss = 3.1415e-03, PNorm = 105.6222, GNorm = 0.2120, lr_0 = 5.6379e-04
Loss = 3.0559e-03, PNorm = 105.6272, GNorm = 0.1795, lr_0 = 5.6357e-04
Loss = 2.8258e-03, PNorm = 105.6297, GNorm = 0.2220, lr_0 = 5.6336e-04
Loss = 2.9884e-03, PNorm = 105.6331, GNorm = 0.1259, lr_0 = 5.6314e-04
Loss = 3.0844e-03, PNorm = 105.6371, GNorm = 0.1859, lr_0 = 5.6292e-04
Loss = 3.2367e-03, PNorm = 105.6411, GNorm = 0.6935, lr_0 = 5.6271e-04
Loss = 3.2470e-03, PNorm = 105.6462, GNorm = 0.4428, lr_0 = 5.6249e-04
Loss = 3.2750e-03, PNorm = 105.6493, GNorm = 0.5896, lr_0 = 5.6228e-04
Loss = 3.6801e-03, PNorm = 105.6548, GNorm = 0.5244, lr_0 = 5.6206e-04
Loss = 3.4430e-03, PNorm = 105.6603, GNorm = 0.3878, lr_0 = 5.6184e-04
Loss = 3.2162e-03, PNorm = 105.6646, GNorm = 0.3536, lr_0 = 5.6163e-04
Loss = 3.3555e-03, PNorm = 105.6683, GNorm = 0.6114, lr_0 = 5.6141e-04
Loss = 3.6199e-03, PNorm = 105.6715, GNorm = 0.2652, lr_0 = 5.6120e-04
Loss = 4.0075e-03, PNorm = 105.6787, GNorm = 0.2791, lr_0 = 5.6098e-04
Loss = 3.4451e-03, PNorm = 105.6811, GNorm = 0.2234, lr_0 = 5.6077e-04
Loss = 3.4974e-03, PNorm = 105.6870, GNorm = 0.5129, lr_0 = 5.6055e-04
Loss = 3.3440e-03, PNorm = 105.6942, GNorm = 0.1352, lr_0 = 5.6034e-04
Loss = 4.0679e-03, PNorm = 105.7002, GNorm = 0.1356, lr_0 = 5.6012e-04
Loss = 2.9713e-03, PNorm = 105.7042, GNorm = 0.3841, lr_0 = 5.5991e-04
Loss = 3.4811e-03, PNorm = 105.7073, GNorm = 0.6804, lr_0 = 5.5969e-04
Loss = 3.4338e-03, PNorm = 105.7136, GNorm = 0.2967, lr_0 = 5.5948e-04
Loss = 3.6411e-03, PNorm = 105.7198, GNorm = 0.2529, lr_0 = 5.5926e-04
Loss = 3.4377e-03, PNorm = 105.7260, GNorm = 0.3234, lr_0 = 5.5905e-04
Loss = 3.8594e-03, PNorm = 105.7345, GNorm = 0.4766, lr_0 = 5.5883e-04
Loss = 4.2646e-03, PNorm = 105.7397, GNorm = 0.2847, lr_0 = 5.5862e-04
Loss = 3.7069e-03, PNorm = 105.7440, GNorm = 0.2941, lr_0 = 5.5840e-04
Loss = 3.9307e-03, PNorm = 105.7494, GNorm = 0.1864, lr_0 = 5.5819e-04
Loss = 3.5899e-03, PNorm = 105.7551, GNorm = 0.4815, lr_0 = 5.5798e-04
Loss = 3.6925e-03, PNorm = 105.7609, GNorm = 0.3098, lr_0 = 5.5776e-04
Loss = 3.9038e-03, PNorm = 105.7704, GNorm = 1.0595, lr_0 = 5.5755e-04
Loss = 4.9273e-03, PNorm = 105.7769, GNorm = 0.4232, lr_0 = 5.5733e-04
Loss = 4.1106e-03, PNorm = 105.7842, GNorm = 0.5927, lr_0 = 5.5712e-04
Loss = 3.8449e-03, PNorm = 105.7938, GNorm = 0.4762, lr_0 = 5.5691e-04
Loss = 3.5984e-03, PNorm = 105.8011, GNorm = 0.3503, lr_0 = 5.5669e-04
Loss = 3.7323e-03, PNorm = 105.8072, GNorm = 0.3025, lr_0 = 5.5648e-04
Loss = 3.3041e-03, PNorm = 105.8126, GNorm = 0.3966, lr_0 = 5.5626e-04
Loss = 3.6733e-03, PNorm = 105.8173, GNorm = 0.1845, lr_0 = 5.5605e-04
Loss = 3.4310e-03, PNorm = 105.8205, GNorm = 0.1621, lr_0 = 5.5584e-04
Loss = 3.4098e-03, PNorm = 105.8241, GNorm = 0.2592, lr_0 = 5.5562e-04
Loss = 3.6155e-03, PNorm = 105.8273, GNorm = 0.5766, lr_0 = 5.5541e-04
Loss = 3.8385e-03, PNorm = 105.8305, GNorm = 0.4328, lr_0 = 5.5520e-04
Loss = 3.2685e-03, PNorm = 105.8365, GNorm = 0.2701, lr_0 = 5.5498e-04
Loss = 3.5759e-03, PNorm = 105.8444, GNorm = 0.3341, lr_0 = 5.5477e-04
Loss = 3.3707e-03, PNorm = 105.8508, GNorm = 0.3795, lr_0 = 5.5456e-04
Loss = 3.7394e-03, PNorm = 105.8550, GNorm = 0.6200, lr_0 = 5.5435e-04
Loss = 4.4569e-03, PNorm = 105.8599, GNorm = 1.3288, lr_0 = 5.5413e-04
Loss = 3.5802e-03, PNorm = 105.8676, GNorm = 0.5001, lr_0 = 5.5392e-04
Loss = 3.4341e-03, PNorm = 105.8754, GNorm = 0.3477, lr_0 = 5.5371e-04
Loss = 3.6278e-03, PNorm = 105.8809, GNorm = 0.1384, lr_0 = 5.5350e-04
Loss = 3.9134e-03, PNorm = 105.8860, GNorm = 0.3885, lr_0 = 5.5328e-04
Loss = 4.4599e-03, PNorm = 105.8925, GNorm = 0.4014, lr_0 = 5.5307e-04
Loss = 4.7225e-03, PNorm = 105.8963, GNorm = 0.2096, lr_0 = 5.5286e-04
Loss = 4.6951e-03, PNorm = 105.9048, GNorm = 0.7820, lr_0 = 5.5265e-04
Loss = 4.0428e-03, PNorm = 105.9135, GNorm = 0.6552, lr_0 = 5.5243e-04
Loss = 3.8339e-03, PNorm = 105.9229, GNorm = 0.2740, lr_0 = 5.5222e-04
Loss = 3.7563e-03, PNorm = 105.9301, GNorm = 0.3703, lr_0 = 5.5201e-04
Loss = 3.8015e-03, PNorm = 105.9384, GNorm = 0.3594, lr_0 = 5.5180e-04
Loss = 3.6486e-03, PNorm = 105.9458, GNorm = 0.2756, lr_0 = 5.5159e-04
Loss = 3.7282e-03, PNorm = 105.9516, GNorm = 0.6658, lr_0 = 5.5137e-04
Loss = 3.4281e-03, PNorm = 105.9593, GNorm = 0.6063, lr_0 = 5.5116e-04
Loss = 3.5799e-03, PNorm = 105.9632, GNorm = 0.2238, lr_0 = 5.5095e-04
Loss = 3.3057e-03, PNorm = 105.9668, GNorm = 0.1940, lr_0 = 5.5074e-04
Loss = 3.3788e-03, PNorm = 105.9712, GNorm = 0.4792, lr_0 = 5.5053e-04
Loss = 3.6904e-03, PNorm = 105.9738, GNorm = 0.2877, lr_0 = 5.5032e-04
Loss = 3.2361e-03, PNorm = 105.9768, GNorm = 0.0904, lr_0 = 5.5011e-04
Loss = 3.4249e-03, PNorm = 105.9789, GNorm = 0.6481, lr_0 = 5.4989e-04
Loss = 3.5724e-03, PNorm = 105.9826, GNorm = 0.1482, lr_0 = 5.4968e-04
Loss = 4.7571e-03, PNorm = 105.9898, GNorm = 0.9738, lr_0 = 5.4947e-04
Loss = 4.3135e-03, PNorm = 105.9981, GNorm = 0.3248, lr_0 = 5.4926e-04
Loss = 4.1322e-03, PNorm = 106.0028, GNorm = 0.3100, lr_0 = 5.4905e-04
Loss = 4.5986e-03, PNorm = 106.0063, GNorm = 0.6508, lr_0 = 5.4884e-04
Loss = 4.0750e-03, PNorm = 106.0096, GNorm = 0.4245, lr_0 = 5.4863e-04
Loss = 3.7975e-03, PNorm = 106.0162, GNorm = 0.7522, lr_0 = 5.4842e-04
Loss = 3.7456e-03, PNorm = 106.0250, GNorm = 0.4605, lr_0 = 5.4821e-04
Loss = 4.5599e-03, PNorm = 106.0334, GNorm = 0.9017, lr_0 = 5.4800e-04
Loss = 5.0510e-03, PNorm = 106.0445, GNorm = 0.6540, lr_0 = 5.4779e-04
Loss = 4.6639e-03, PNorm = 106.0507, GNorm = 0.6785, lr_0 = 5.4758e-04
Loss = 4.0517e-03, PNorm = 106.0610, GNorm = 0.6353, lr_0 = 5.4737e-04
Loss = 4.1503e-03, PNorm = 106.0684, GNorm = 0.7824, lr_0 = 5.4716e-04
Loss = 4.7301e-03, PNorm = 106.0745, GNorm = 0.7904, lr_0 = 5.4695e-04
Loss = 3.3360e-03, PNorm = 106.0794, GNorm = 0.4481, lr_0 = 5.4674e-04
Loss = 4.3765e-03, PNorm = 106.0855, GNorm = 0.2670, lr_0 = 5.4653e-04
Loss = 4.2212e-03, PNorm = 106.0917, GNorm = 0.4200, lr_0 = 5.4632e-04
Loss = 3.6982e-03, PNorm = 106.0951, GNorm = 0.2057, lr_0 = 5.4611e-04
Loss = 3.3988e-03, PNorm = 106.1005, GNorm = 0.1358, lr_0 = 5.4590e-04
Loss = 3.4513e-03, PNorm = 106.1050, GNorm = 0.4130, lr_0 = 5.4569e-04
Loss = 3.8165e-03, PNorm = 106.1100, GNorm = 0.7777, lr_0 = 5.4548e-04
Loss = 3.8489e-03, PNorm = 106.1151, GNorm = 0.3684, lr_0 = 5.4527e-04
Loss = 2.9185e-03, PNorm = 106.1186, GNorm = 0.2503, lr_0 = 5.4506e-04
Loss = 3.2352e-03, PNorm = 106.1251, GNorm = 0.2144, lr_0 = 5.4485e-04
Loss = 3.0610e-03, PNorm = 106.1321, GNorm = 0.1672, lr_0 = 5.4464e-04
Loss = 3.4642e-03, PNorm = 106.1368, GNorm = 0.2406, lr_0 = 5.4443e-04
Loss = 3.3319e-03, PNorm = 106.1426, GNorm = 0.1891, lr_0 = 5.4422e-04
Loss = 3.0280e-03, PNorm = 106.1474, GNorm = 0.6259, lr_0 = 5.4402e-04
Loss = 2.9446e-03, PNorm = 106.1509, GNorm = 0.4126, lr_0 = 5.4381e-04
Loss = 3.0336e-03, PNorm = 106.1576, GNorm = 0.3143, lr_0 = 5.4360e-04
Loss = 3.7543e-03, PNorm = 106.1637, GNorm = 0.3201, lr_0 = 5.4339e-04
Loss = 2.8106e-03, PNorm = 106.1686, GNorm = 0.2122, lr_0 = 5.4318e-04
Loss = 3.8151e-03, PNorm = 106.1752, GNorm = 0.5458, lr_0 = 5.4297e-04
Loss = 3.2943e-03, PNorm = 106.1809, GNorm = 0.4815, lr_0 = 5.4276e-04
Loss = 3.0345e-03, PNorm = 106.1857, GNorm = 0.2196, lr_0 = 5.4256e-04
Loss = 2.9882e-03, PNorm = 106.1910, GNorm = 0.2689, lr_0 = 5.4235e-04
Loss = 3.3563e-03, PNorm = 106.1963, GNorm = 0.2213, lr_0 = 5.4214e-04
Loss = 2.8702e-03, PNorm = 106.2008, GNorm = 0.4247, lr_0 = 5.4193e-04
Loss = 3.4082e-03, PNorm = 106.2052, GNorm = 0.1690, lr_0 = 5.4172e-04
Loss = 3.0280e-03, PNorm = 106.2098, GNorm = 0.6530, lr_0 = 5.4151e-04
Loss = 3.8875e-03, PNorm = 106.2164, GNorm = 0.5602, lr_0 = 5.4131e-04
Loss = 3.1248e-03, PNorm = 106.2211, GNorm = 0.3144, lr_0 = 5.4110e-04
Loss = 2.7234e-03, PNorm = 106.2266, GNorm = 0.3154, lr_0 = 5.4089e-04
Loss = 3.1682e-03, PNorm = 106.2318, GNorm = 0.1585, lr_0 = 5.4068e-04
Loss = 2.9141e-03, PNorm = 106.2362, GNorm = 0.3496, lr_0 = 5.4048e-04
Loss = 3.1047e-03, PNorm = 106.2408, GNorm = 0.5754, lr_0 = 5.4027e-04
Loss = 2.9712e-03, PNorm = 106.2441, GNorm = 0.3141, lr_0 = 5.4006e-04
Loss = 3.6112e-03, PNorm = 106.2467, GNorm = 0.4007, lr_0 = 5.3985e-04
Loss = 2.6001e-03, PNorm = 106.2504, GNorm = 0.3305, lr_0 = 5.3965e-04
Loss = 2.9876e-03, PNorm = 106.2545, GNorm = 0.1896, lr_0 = 5.3944e-04
Loss = 2.7828e-03, PNorm = 106.2598, GNorm = 0.1336, lr_0 = 5.3923e-04
Loss = 2.9736e-03, PNorm = 106.2633, GNorm = 0.7801, lr_0 = 5.3903e-04
Loss = 3.2537e-03, PNorm = 106.2669, GNorm = 0.7225, lr_0 = 5.3882e-04
Loss = 2.9243e-03, PNorm = 106.2705, GNorm = 0.3177, lr_0 = 5.3861e-04
Loss = 2.9295e-03, PNorm = 106.2733, GNorm = 0.7787, lr_0 = 5.3841e-04
Loss = 2.9683e-03, PNorm = 106.2787, GNorm = 0.2218, lr_0 = 5.3820e-04
Loss = 2.8982e-03, PNorm = 106.2838, GNorm = 0.1165, lr_0 = 5.3799e-04
Loss = 2.6856e-03, PNorm = 106.2878, GNorm = 0.1724, lr_0 = 5.3779e-04
Loss = 3.3189e-03, PNorm = 106.2916, GNorm = 0.1623, lr_0 = 5.3758e-04
Loss = 2.6387e-03, PNorm = 106.2957, GNorm = 0.2595, lr_0 = 5.3737e-04
Loss = 2.8672e-03, PNorm = 106.2988, GNorm = 0.5456, lr_0 = 5.3717e-04
Loss = 2.6031e-03, PNorm = 106.3009, GNorm = 0.6576, lr_0 = 5.3696e-04
Loss = 2.9102e-03, PNorm = 106.3062, GNorm = 0.4266, lr_0 = 5.3675e-04
Loss = 2.9349e-03, PNorm = 106.3098, GNorm = 0.4705, lr_0 = 5.3655e-04
Loss = 3.1481e-03, PNorm = 106.3137, GNorm = 0.2166, lr_0 = 5.3634e-04
Loss = 2.9530e-03, PNorm = 106.3155, GNorm = 0.7517, lr_0 = 5.3614e-04
Loss = 2.9079e-03, PNorm = 106.3209, GNorm = 0.1240, lr_0 = 5.3593e-04
Loss = 3.2432e-03, PNorm = 106.3242, GNorm = 0.6563, lr_0 = 5.3572e-04
Loss = 3.2836e-03, PNorm = 106.3308, GNorm = 0.6405, lr_0 = 5.3552e-04
Loss = 2.7051e-03, PNorm = 106.3362, GNorm = 0.5055, lr_0 = 5.3531e-04
Loss = 3.4137e-03, PNorm = 106.3391, GNorm = 0.7059, lr_0 = 5.3511e-04
Loss = 2.8607e-03, PNorm = 106.3418, GNorm = 0.3426, lr_0 = 5.3490e-04
Loss = 3.4418e-03, PNorm = 106.3466, GNorm = 0.1427, lr_0 = 5.3470e-04
Loss = 2.9944e-03, PNorm = 106.3504, GNorm = 0.2764, lr_0 = 5.3449e-04
Loss = 2.6588e-03, PNorm = 106.3534, GNorm = 0.1749, lr_0 = 5.3429e-04
Loss = 2.8079e-03, PNorm = 106.3593, GNorm = 0.3046, lr_0 = 5.3408e-04
Loss = 3.0275e-03, PNorm = 106.3677, GNorm = 0.1597, lr_0 = 5.3388e-04
Loss = 3.3303e-03, PNorm = 106.3724, GNorm = 0.6100, lr_0 = 5.3367e-04
Loss = 3.2161e-03, PNorm = 106.3775, GNorm = 0.7014, lr_0 = 5.3347e-04
Loss = 2.6062e-03, PNorm = 106.3837, GNorm = 0.1897, lr_0 = 5.3326e-04
Loss = 3.0134e-03, PNorm = 106.3865, GNorm = 0.2249, lr_0 = 5.3306e-04
Loss = 3.2715e-03, PNorm = 106.3920, GNorm = 0.5138, lr_0 = 5.3285e-04
Loss = 3.4578e-03, PNorm = 106.3974, GNorm = 0.2615, lr_0 = 5.3265e-04
Loss = 2.9835e-03, PNorm = 106.4025, GNorm = 0.1545, lr_0 = 5.3244e-04
Loss = 2.7491e-03, PNorm = 106.4094, GNorm = 0.1602, lr_0 = 5.3224e-04
Loss = 2.4502e-03, PNorm = 106.4119, GNorm = 0.1977, lr_0 = 5.3204e-04
Loss = 3.3131e-03, PNorm = 106.4143, GNorm = 0.2709, lr_0 = 5.3183e-04
Loss = 3.2320e-03, PNorm = 106.4176, GNorm = 0.3521, lr_0 = 5.3163e-04
Loss = 3.7590e-03, PNorm = 106.4200, GNorm = 0.5987, lr_0 = 5.3142e-04
Loss = 4.0888e-03, PNorm = 106.4248, GNorm = 0.5755, lr_0 = 5.3122e-04
Loss = 3.3075e-03, PNorm = 106.4308, GNorm = 0.1987, lr_0 = 5.3101e-04
Loss = 3.3176e-03, PNorm = 106.4361, GNorm = 0.2688, lr_0 = 5.3081e-04
Loss = 3.0472e-03, PNorm = 106.4414, GNorm = 0.4638, lr_0 = 5.3061e-04
Loss = 3.5379e-03, PNorm = 106.4458, GNorm = 0.1735, lr_0 = 5.3040e-04
Loss = 3.9081e-03, PNorm = 106.4512, GNorm = 0.9475, lr_0 = 5.3020e-04
Loss = 4.3810e-03, PNorm = 106.4560, GNorm = 0.6563, lr_0 = 5.3000e-04
Loss = 3.7617e-03, PNorm = 106.4638, GNorm = 0.2010, lr_0 = 5.2979e-04
Loss = 3.5482e-03, PNorm = 106.4688, GNorm = 0.5322, lr_0 = 5.2959e-04
Loss = 4.3401e-03, PNorm = 106.4760, GNorm = 0.4836, lr_0 = 5.2939e-04
Loss = 3.9683e-03, PNorm = 106.4823, GNorm = 0.2085, lr_0 = 5.2918e-04
Loss = 3.2521e-03, PNorm = 106.4836, GNorm = 0.3937, lr_0 = 5.2898e-04
Loss = 3.1452e-03, PNorm = 106.4895, GNorm = 0.1703, lr_0 = 5.2878e-04
Loss = 3.1478e-03, PNorm = 106.4961, GNorm = 0.6075, lr_0 = 5.2857e-04
Loss = 2.9433e-03, PNorm = 106.5023, GNorm = 0.1866, lr_0 = 5.2837e-04
Loss = 2.8811e-03, PNorm = 106.5054, GNorm = 0.2032, lr_0 = 5.2817e-04
Loss = 2.8957e-03, PNorm = 106.5092, GNorm = 0.5239, lr_0 = 5.2797e-04
Loss = 2.7640e-03, PNorm = 106.5120, GNorm = 0.1977, lr_0 = 5.2776e-04
Loss = 3.0021e-03, PNorm = 106.5173, GNorm = 0.5575, lr_0 = 5.2756e-04
Loss = 3.0157e-03, PNorm = 106.5230, GNorm = 0.4172, lr_0 = 5.2736e-04
Loss = 2.6582e-03, PNorm = 106.5266, GNorm = 0.3249, lr_0 = 5.2716e-04
Loss = 2.6973e-03, PNorm = 106.5293, GNorm = 0.3376, lr_0 = 5.2695e-04
Loss = 2.9889e-03, PNorm = 106.5332, GNorm = 0.3173, lr_0 = 5.2675e-04
Loss = 2.7101e-03, PNorm = 106.5363, GNorm = 0.4886, lr_0 = 5.2655e-04
Loss = 3.2450e-03, PNorm = 106.5393, GNorm = 0.9141, lr_0 = 5.2635e-04
Loss = 3.3265e-03, PNorm = 106.5465, GNorm = 0.2077, lr_0 = 5.2614e-04
Loss = 3.0535e-03, PNorm = 106.5531, GNorm = 0.4864, lr_0 = 5.2594e-04
Loss = 2.8671e-03, PNorm = 106.5570, GNorm = 0.1850, lr_0 = 5.2574e-04
Loss = 3.4633e-03, PNorm = 106.5601, GNorm = 1.0591, lr_0 = 5.2554e-04
Loss = 3.6098e-03, PNorm = 106.5638, GNorm = 0.6771, lr_0 = 5.2534e-04
Loss = 4.2632e-03, PNorm = 106.5670, GNorm = 0.8276, lr_0 = 5.2514e-04
Loss = 3.7264e-03, PNorm = 106.5733, GNorm = 0.5909, lr_0 = 5.2493e-04
Loss = 3.6073e-03, PNorm = 106.5778, GNorm = 0.1902, lr_0 = 5.2473e-04
Loss = 3.4061e-03, PNorm = 106.5848, GNorm = 0.4550, lr_0 = 5.2453e-04
Loss = 3.4200e-03, PNorm = 106.5911, GNorm = 0.7501, lr_0 = 5.2433e-04
Loss = 3.8040e-03, PNorm = 106.5983, GNorm = 0.3281, lr_0 = 5.2413e-04
Loss = 3.6965e-03, PNorm = 106.6052, GNorm = 0.2624, lr_0 = 5.2393e-04
Loss = 3.0044e-03, PNorm = 106.6100, GNorm = 0.1650, lr_0 = 5.2373e-04
Loss = 3.5416e-03, PNorm = 106.6144, GNorm = 0.5859, lr_0 = 5.2353e-04
Loss = 3.3814e-03, PNorm = 106.6218, GNorm = 0.2124, lr_0 = 5.2332e-04
Loss = 3.2542e-03, PNorm = 106.6268, GNorm = 0.1664, lr_0 = 5.2312e-04
Loss = 3.4722e-03, PNorm = 106.6321, GNorm = 0.1923, lr_0 = 5.2292e-04
Loss = 3.7298e-03, PNorm = 106.6379, GNorm = 0.3342, lr_0 = 5.2272e-04
Loss = 3.4594e-03, PNorm = 106.6435, GNorm = 0.1966, lr_0 = 5.2252e-04
Loss = 3.2791e-03, PNorm = 106.6469, GNorm = 0.2053, lr_0 = 5.2232e-04
Loss = 2.6323e-03, PNorm = 106.6490, GNorm = 0.2127, lr_0 = 5.2212e-04
Loss = 3.0048e-03, PNorm = 106.6538, GNorm = 0.3990, lr_0 = 5.2192e-04
Loss = 2.9991e-03, PNorm = 106.6577, GNorm = 0.3172, lr_0 = 5.2172e-04
Loss = 2.8033e-03, PNorm = 106.6606, GNorm = 0.1590, lr_0 = 5.2152e-04
Loss = 2.6449e-03, PNorm = 106.6632, GNorm = 0.2515, lr_0 = 5.2132e-04
Loss = 2.7592e-03, PNorm = 106.6677, GNorm = 0.1344, lr_0 = 5.2112e-04
Loss = 3.1923e-03, PNorm = 106.6706, GNorm = 0.1635, lr_0 = 5.2092e-04
Loss = 3.8036e-03, PNorm = 106.6767, GNorm = 0.5611, lr_0 = 5.2072e-04
Loss = 4.1197e-03, PNorm = 106.6807, GNorm = 0.3316, lr_0 = 5.2052e-04
Loss = 6.1816e-03, PNorm = 106.6859, GNorm = 1.2144, lr_0 = 5.2032e-04
Loss = 4.8420e-03, PNorm = 106.6930, GNorm = 0.1217, lr_0 = 5.2012e-04
Loss = 4.0682e-03, PNorm = 106.6983, GNorm = 0.2576, lr_0 = 5.1992e-04
Loss = 3.8036e-03, PNorm = 106.7034, GNorm = 0.5849, lr_0 = 5.1972e-04
Loss = 3.2801e-03, PNorm = 106.7126, GNorm = 0.1574, lr_0 = 5.1952e-04
Loss = 3.3731e-03, PNorm = 106.7184, GNorm = 0.6336, lr_0 = 5.1932e-04
Loss = 3.7376e-03, PNorm = 106.7226, GNorm = 0.3366, lr_0 = 5.1912e-04
Loss = 3.1456e-03, PNorm = 106.7267, GNorm = 0.3124, lr_0 = 5.1892e-04
Loss = 3.1670e-03, PNorm = 106.7310, GNorm = 0.5135, lr_0 = 5.1872e-04
Loss = 2.6599e-03, PNorm = 106.7361, GNorm = 0.4681, lr_0 = 5.1852e-04
Loss = 2.9105e-03, PNorm = 106.7398, GNorm = 0.2291, lr_0 = 5.1833e-04
Loss = 2.6469e-03, PNorm = 106.7429, GNorm = 0.2707, lr_0 = 5.1813e-04
Loss = 2.5984e-03, PNorm = 106.7479, GNorm = 0.1354, lr_0 = 5.1793e-04
Loss = 2.7724e-03, PNorm = 106.7515, GNorm = 0.1100, lr_0 = 5.1773e-04
Loss = 2.6836e-03, PNorm = 106.7553, GNorm = 0.1637, lr_0 = 5.1753e-04
Loss = 2.6887e-03, PNorm = 106.7595, GNorm = 0.4021, lr_0 = 5.1733e-04
Loss = 2.7843e-03, PNorm = 106.7634, GNorm = 0.3196, lr_0 = 5.1713e-04
Loss = 2.5708e-03, PNorm = 106.7660, GNorm = 0.1268, lr_0 = 5.1693e-04
Loss = 2.3677e-03, PNorm = 106.7720, GNorm = 0.1773, lr_0 = 5.1674e-04
Loss = 2.6173e-03, PNorm = 106.7756, GNorm = 0.3560, lr_0 = 5.1654e-04
Loss = 3.0440e-03, PNorm = 106.7811, GNorm = 0.5164, lr_0 = 5.1634e-04
Loss = 2.9196e-03, PNorm = 106.7870, GNorm = 0.3615, lr_0 = 5.1614e-04
Loss = 2.9725e-03, PNorm = 106.7902, GNorm = 0.6932, lr_0 = 5.1594e-04
Loss = 2.9548e-03, PNorm = 106.7932, GNorm = 0.4620, lr_0 = 5.1574e-04
Loss = 2.8096e-03, PNorm = 106.7986, GNorm = 0.8976, lr_0 = 5.1555e-04
Loss = 3.2388e-03, PNorm = 106.8055, GNorm = 0.5358, lr_0 = 5.1535e-04
Loss = 3.0773e-03, PNorm = 106.8103, GNorm = 0.2542, lr_0 = 5.1515e-04
Loss = 2.7383e-03, PNorm = 106.8142, GNorm = 0.3819, lr_0 = 5.1495e-04
Loss = 3.7188e-03, PNorm = 106.8192, GNorm = 0.5897, lr_0 = 5.1476e-04
Loss = 2.8730e-03, PNorm = 106.8230, GNorm = 0.1889, lr_0 = 5.1456e-04
Loss = 3.2096e-03, PNorm = 106.8268, GNorm = 0.7180, lr_0 = 5.1436e-04
Loss = 2.8240e-03, PNorm = 106.8312, GNorm = 0.1551, lr_0 = 5.1416e-04
Loss = 2.3954e-03, PNorm = 106.8322, GNorm = 0.3066, lr_0 = 5.1397e-04
Loss = 2.5346e-03, PNorm = 106.8348, GNorm = 0.3087, lr_0 = 5.1377e-04
Loss = 2.6572e-03, PNorm = 106.8395, GNorm = 0.2505, lr_0 = 5.1357e-04
Loss = 3.0811e-03, PNorm = 106.8425, GNorm = 0.5805, lr_0 = 5.1337e-04
Loss = 3.7590e-03, PNorm = 106.8475, GNorm = 0.6658, lr_0 = 5.1318e-04
Loss = 3.1160e-03, PNorm = 106.8552, GNorm = 0.2204, lr_0 = 5.1298e-04
Loss = 3.0335e-03, PNorm = 106.8627, GNorm = 0.5245, lr_0 = 5.1278e-04
Loss = 2.8405e-03, PNorm = 106.8699, GNorm = 0.5002, lr_0 = 5.1259e-04
Loss = 3.1711e-03, PNorm = 106.8737, GNorm = 0.3093, lr_0 = 5.1239e-04
Loss = 3.4654e-03, PNorm = 106.8793, GNorm = 0.2933, lr_0 = 5.1219e-04
Loss = 3.2718e-03, PNorm = 106.8813, GNorm = 0.3801, lr_0 = 5.1200e-04
Loss = 2.7624e-03, PNorm = 106.8867, GNorm = 0.3169, lr_0 = 5.1180e-04
Loss = 2.8445e-03, PNorm = 106.8919, GNorm = 0.1572, lr_0 = 5.1160e-04
Loss = 3.5988e-03, PNorm = 106.8979, GNorm = 0.3398, lr_0 = 5.1141e-04
Loss = 3.1601e-03, PNorm = 106.9029, GNorm = 0.2092, lr_0 = 5.1121e-04
Loss = 2.7113e-03, PNorm = 106.9044, GNorm = 0.2785, lr_0 = 5.1101e-04
Loss = 2.9559e-03, PNorm = 106.9083, GNorm = 0.2603, lr_0 = 5.1082e-04
Loss = 2.7353e-03, PNorm = 106.9110, GNorm = 0.6077, lr_0 = 5.1062e-04
Loss = 2.7714e-03, PNorm = 106.9145, GNorm = 0.5630, lr_0 = 5.1043e-04
Loss = 2.9978e-03, PNorm = 106.9207, GNorm = 0.5927, lr_0 = 5.1023e-04
Loss = 3.1401e-03, PNorm = 106.9239, GNorm = 0.3410, lr_0 = 5.1003e-04
Loss = 3.1365e-03, PNorm = 106.9277, GNorm = 0.2490, lr_0 = 5.0984e-04
Loss = 2.4681e-03, PNorm = 106.9294, GNorm = 0.1203, lr_0 = 5.0964e-04
Loss = 2.3728e-03, PNorm = 106.9346, GNorm = 0.1489, lr_0 = 5.0945e-04
Loss = 3.0412e-03, PNorm = 106.9391, GNorm = 0.2195, lr_0 = 5.0925e-04
Loss = 2.7548e-03, PNorm = 106.9422, GNorm = 0.2838, lr_0 = 5.0906e-04
Loss = 3.1817e-03, PNorm = 106.9455, GNorm = 0.2750, lr_0 = 5.0886e-04
Loss = 2.9346e-03, PNorm = 106.9498, GNorm = 0.2793, lr_0 = 5.0867e-04
Loss = 3.6493e-03, PNorm = 106.9568, GNorm = 0.4808, lr_0 = 5.0847e-04
Loss = 2.5681e-03, PNorm = 106.9643, GNorm = 0.2181, lr_0 = 5.0828e-04
Loss = 2.8706e-03, PNorm = 106.9690, GNorm = 0.7830, lr_0 = 5.0808e-04
Loss = 3.1964e-03, PNorm = 106.9732, GNorm = 0.3085, lr_0 = 5.0789e-04
Loss = 3.0787e-03, PNorm = 106.9779, GNorm = 0.2016, lr_0 = 5.0769e-04
Loss = 3.4935e-03, PNorm = 106.9819, GNorm = 0.9801, lr_0 = 5.0750e-04
Loss = 3.0965e-03, PNorm = 106.9846, GNorm = 0.5428, lr_0 = 5.0730e-04
Loss = 3.0274e-03, PNorm = 106.9881, GNorm = 0.5185, lr_0 = 5.0711e-04
Loss = 2.5130e-03, PNorm = 106.9907, GNorm = 0.2359, lr_0 = 5.0691e-04
Loss = 2.9968e-03, PNorm = 106.9932, GNorm = 0.3066, lr_0 = 5.0672e-04
Loss = 2.6176e-03, PNorm = 106.9980, GNorm = 0.2016, lr_0 = 5.0652e-04
Loss = 2.5139e-03, PNorm = 107.0005, GNorm = 0.9388, lr_0 = 5.0633e-04
Loss = 2.7938e-03, PNorm = 107.0058, GNorm = 0.1660, lr_0 = 5.0613e-04
Loss = 2.4134e-03, PNorm = 107.0101, GNorm = 0.3113, lr_0 = 5.0594e-04
Loss = 2.6702e-03, PNorm = 107.0131, GNorm = 0.6682, lr_0 = 5.0574e-04
Loss = 2.6306e-03, PNorm = 107.0168, GNorm = 0.5964, lr_0 = 5.0555e-04
Loss = 2.7067e-03, PNorm = 107.0207, GNorm = 0.5370, lr_0 = 5.0536e-04
Loss = 2.6983e-03, PNorm = 107.0257, GNorm = 0.1507, lr_0 = 5.0516e-04
Loss = 2.6746e-03, PNorm = 107.0297, GNorm = 0.2462, lr_0 = 5.0497e-04
Loss = 2.6535e-03, PNorm = 107.0326, GNorm = 0.2205, lr_0 = 5.0478e-04
Loss = 2.4341e-03, PNorm = 107.0400, GNorm = 0.3787, lr_0 = 5.0458e-04
Loss = 2.5075e-03, PNorm = 107.0456, GNorm = 0.4098, lr_0 = 5.0439e-04
Loss = 2.5423e-03, PNorm = 107.0490, GNorm = 0.2024, lr_0 = 5.0419e-04
Loss = 2.8444e-03, PNorm = 107.0525, GNorm = 0.1015, lr_0 = 5.0400e-04
Loss = 2.4740e-03, PNorm = 107.0560, GNorm = 0.6784, lr_0 = 5.0381e-04
Loss = 2.7020e-03, PNorm = 107.0636, GNorm = 0.7527, lr_0 = 5.0361e-04
Loss = 2.6343e-03, PNorm = 107.0695, GNorm = 0.4326, lr_0 = 5.0342e-04
Loss = 2.8233e-03, PNorm = 107.0728, GNorm = 0.5312, lr_0 = 5.0323e-04
Loss = 3.0773e-03, PNorm = 107.0763, GNorm = 0.4057, lr_0 = 5.0303e-04
Loss = 2.7912e-03, PNorm = 107.0793, GNorm = 0.2459, lr_0 = 5.0284e-04
Loss = 2.7900e-03, PNorm = 107.0830, GNorm = 0.4677, lr_0 = 5.0265e-04
Loss = 3.9054e-03, PNorm = 107.0877, GNorm = 0.4534, lr_0 = 5.0245e-04
Loss = 4.9900e-03, PNorm = 107.0979, GNorm = 0.4074, lr_0 = 5.0226e-04
Loss = 3.7499e-03, PNorm = 107.1046, GNorm = 0.2734, lr_0 = 5.0207e-04
Loss = 3.4349e-03, PNorm = 107.1121, GNorm = 0.1658, lr_0 = 5.0188e-04
Loss = 3.0067e-03, PNorm = 107.1196, GNorm = 0.1547, lr_0 = 5.0168e-04
Loss = 2.3448e-03, PNorm = 107.1235, GNorm = 0.7097, lr_0 = 5.0149e-04
Loss = 2.9099e-03, PNorm = 107.1277, GNorm = 0.2898, lr_0 = 5.0130e-04
Loss = 2.4480e-03, PNorm = 107.1327, GNorm = 0.2281, lr_0 = 5.0111e-04
Loss = 2.4923e-03, PNorm = 107.1370, GNorm = 0.2000, lr_0 = 5.0091e-04
Loss = 3.6905e-03, PNorm = 107.1395, GNorm = 0.4975, lr_0 = 5.0072e-04
Loss = 2.7617e-03, PNorm = 107.1449, GNorm = 0.3128, lr_0 = 5.0053e-04
Loss = 2.9413e-03, PNorm = 107.1479, GNorm = 0.5587, lr_0 = 5.0034e-04
Loss = 2.8784e-03, PNorm = 107.1497, GNorm = 0.5906, lr_0 = 5.0015e-04
Loss = 2.7001e-03, PNorm = 107.1532, GNorm = 0.4958, lr_0 = 4.9995e-04
Loss = 3.1387e-03, PNorm = 107.1553, GNorm = 0.1762, lr_0 = 4.9976e-04
Loss = 2.5569e-03, PNorm = 107.1596, GNorm = 0.1936, lr_0 = 4.9957e-04
Loss = 3.1287e-03, PNorm = 107.1650, GNorm = 0.2848, lr_0 = 4.9938e-04
Loss = 3.0697e-03, PNorm = 107.1715, GNorm = 0.5344, lr_0 = 4.9919e-04
Loss = 3.1776e-03, PNorm = 107.1771, GNorm = 0.5003, lr_0 = 4.9899e-04
Loss = 3.5079e-03, PNorm = 107.1825, GNorm = 0.7292, lr_0 = 4.9880e-04
Loss = 3.3482e-03, PNorm = 107.1877, GNorm = 0.4797, lr_0 = 4.9861e-04
Loss = 2.9117e-03, PNorm = 107.1958, GNorm = 0.3206, lr_0 = 4.9842e-04
Loss = 2.6995e-03, PNorm = 107.2001, GNorm = 0.2772, lr_0 = 4.9823e-04
Loss = 2.7756e-03, PNorm = 107.2035, GNorm = 0.2202, lr_0 = 4.9804e-04
Loss = 2.8178e-03, PNorm = 107.2076, GNorm = 0.5824, lr_0 = 4.9785e-04
Loss = 2.3699e-03, PNorm = 107.2127, GNorm = 0.2207, lr_0 = 4.9766e-04
Loss = 2.4655e-03, PNorm = 107.2155, GNorm = 0.1616, lr_0 = 4.9746e-04
Loss = 2.8722e-03, PNorm = 107.2169, GNorm = 0.6243, lr_0 = 4.9727e-04
Loss = 2.8453e-03, PNorm = 107.2233, GNorm = 0.3150, lr_0 = 4.9708e-04
Loss = 2.5187e-03, PNorm = 107.2281, GNorm = 0.4721, lr_0 = 4.9689e-04
Loss = 2.6064e-03, PNorm = 107.2311, GNorm = 0.5524, lr_0 = 4.9670e-04
Loss = 2.7158e-03, PNorm = 107.2372, GNorm = 0.6725, lr_0 = 4.9651e-04
Loss = 2.8334e-03, PNorm = 107.2428, GNorm = 0.4678, lr_0 = 4.9632e-04
Loss = 2.9830e-03, PNorm = 107.2467, GNorm = 0.9207, lr_0 = 4.9613e-04
Loss = 2.8321e-03, PNorm = 107.2545, GNorm = 0.7327, lr_0 = 4.9594e-04
Loss = 3.1717e-03, PNorm = 107.2594, GNorm = 0.9967, lr_0 = 4.9575e-04
Loss = 2.9594e-03, PNorm = 107.2650, GNorm = 0.1864, lr_0 = 4.9556e-04
Loss = 2.5145e-03, PNorm = 107.2696, GNorm = 0.3920, lr_0 = 4.9537e-04
Loss = 2.6938e-03, PNorm = 107.2753, GNorm = 0.1167, lr_0 = 4.9518e-04
Loss = 2.4792e-03, PNorm = 107.2798, GNorm = 0.2254, lr_0 = 4.9499e-04
Loss = 2.3798e-03, PNorm = 107.2840, GNorm = 0.3423, lr_0 = 4.9480e-04
Loss = 2.3275e-03, PNorm = 107.2868, GNorm = 0.2067, lr_0 = 4.9461e-04
Loss = 2.2392e-03, PNorm = 107.2911, GNorm = 0.3893, lr_0 = 4.9442e-04
Loss = 2.0461e-03, PNorm = 107.2928, GNorm = 0.3991, lr_0 = 4.9423e-04
Loss = 2.3551e-03, PNorm = 107.2937, GNorm = 0.2136, lr_0 = 4.9404e-04
Loss = 2.1324e-03, PNorm = 107.2964, GNorm = 0.1437, lr_0 = 4.9385e-04
Loss = 2.1087e-03, PNorm = 107.3010, GNorm = 0.1328, lr_0 = 4.9366e-04
Loss = 2.1803e-03, PNorm = 107.3059, GNorm = 0.1206, lr_0 = 4.9347e-04
Loss = 2.3255e-03, PNorm = 107.3083, GNorm = 0.1996, lr_0 = 4.9328e-04
Loss = 2.4213e-03, PNorm = 107.3109, GNorm = 0.6245, lr_0 = 4.9309e-04
Loss = 2.3828e-03, PNorm = 107.3154, GNorm = 0.1759, lr_0 = 4.9290e-04
Loss = 2.1195e-03, PNorm = 107.3180, GNorm = 0.1607, lr_0 = 4.9271e-04
Loss = 2.8335e-03, PNorm = 107.3204, GNorm = 0.4919, lr_0 = 4.9252e-04
Loss = 2.9728e-03, PNorm = 107.3243, GNorm = 0.5652, lr_0 = 4.9233e-04
Loss = 2.7602e-03, PNorm = 107.3259, GNorm = 0.1993, lr_0 = 4.9215e-04
Loss = 2.5607e-03, PNorm = 107.3298, GNorm = 0.9304, lr_0 = 4.9196e-04
Loss = 2.8424e-03, PNorm = 107.3340, GNorm = 0.6434, lr_0 = 4.9177e-04
Loss = 3.3383e-03, PNorm = 107.3361, GNorm = 0.2873, lr_0 = 4.9158e-04
Loss = 3.1369e-03, PNorm = 107.3425, GNorm = 0.2963, lr_0 = 4.9139e-04
Loss = 2.6855e-03, PNorm = 107.3504, GNorm = 0.1738, lr_0 = 4.9120e-04
Loss = 2.8710e-03, PNorm = 107.3565, GNorm = 0.4949, lr_0 = 4.9101e-04
Loss = 3.0707e-03, PNorm = 107.3628, GNorm = 0.2668, lr_0 = 4.9082e-04
Loss = 3.3866e-03, PNorm = 107.3698, GNorm = 0.3851, lr_0 = 4.9064e-04
Loss = 2.7691e-03, PNorm = 107.3747, GNorm = 0.1903, lr_0 = 4.9045e-04
Loss = 3.1890e-03, PNorm = 107.3793, GNorm = 0.3104, lr_0 = 4.9026e-04
Loss = 3.8503e-03, PNorm = 107.3864, GNorm = 0.2514, lr_0 = 4.9007e-04
Loss = 3.0110e-03, PNorm = 107.3935, GNorm = 0.4859, lr_0 = 4.8988e-04
Loss = 2.8051e-03, PNorm = 107.3980, GNorm = 0.1994, lr_0 = 4.8970e-04
Loss = 2.7552e-03, PNorm = 107.4002, GNorm = 0.1887, lr_0 = 4.8951e-04
Loss = 2.5601e-03, PNorm = 107.4023, GNorm = 0.1284, lr_0 = 4.8932e-04
Loss = 2.7369e-03, PNorm = 107.4055, GNorm = 0.3199, lr_0 = 4.8913e-04
Loss = 3.1118e-03, PNorm = 107.4114, GNorm = 0.3439, lr_0 = 4.8894e-04
Loss = 2.7296e-03, PNorm = 107.4166, GNorm = 0.1565, lr_0 = 4.8876e-04
Loss = 2.5605e-03, PNorm = 107.4210, GNorm = 0.4261, lr_0 = 4.8857e-04
Loss = 2.3758e-03, PNorm = 107.4231, GNorm = 0.2830, lr_0 = 4.8838e-04
Loss = 2.4256e-03, PNorm = 107.4277, GNorm = 0.3249, lr_0 = 4.8819e-04
Loss = 2.3725e-03, PNorm = 107.4295, GNorm = 0.2210, lr_0 = 4.8801e-04
Loss = 2.3680e-03, PNorm = 107.4326, GNorm = 0.1845, lr_0 = 4.8782e-04
Loss = 2.4337e-03, PNorm = 107.4377, GNorm = 0.3469, lr_0 = 4.8763e-04
Loss = 2.5377e-03, PNorm = 107.4416, GNorm = 0.2615, lr_0 = 4.8744e-04
Loss = 2.4827e-03, PNorm = 107.4470, GNorm = 0.1708, lr_0 = 4.8726e-04
Loss = 2.2627e-03, PNorm = 107.4497, GNorm = 0.2055, lr_0 = 4.8707e-04
Loss = 2.1359e-03, PNorm = 107.4517, GNorm = 0.0726, lr_0 = 4.8688e-04
Loss = 2.3569e-03, PNorm = 107.4575, GNorm = 0.2292, lr_0 = 4.8670e-04
Loss = 2.5097e-03, PNorm = 107.4606, GNorm = 0.2473, lr_0 = 4.8651e-04
Loss = 2.5859e-03, PNorm = 107.4639, GNorm = 0.1163, lr_0 = 4.8632e-04
Loss = 2.5399e-03, PNorm = 107.4669, GNorm = 0.7614, lr_0 = 4.8614e-04
Loss = 2.5971e-03, PNorm = 107.4703, GNorm = 0.2958, lr_0 = 4.8595e-04
Loss = 2.6275e-03, PNorm = 107.4741, GNorm = 0.2466, lr_0 = 4.8576e-04
Loss = 2.0521e-03, PNorm = 107.4758, GNorm = 0.1597, lr_0 = 4.8558e-04
Loss = 2.3276e-03, PNorm = 107.4793, GNorm = 0.2838, lr_0 = 4.8539e-04
Loss = 2.1264e-03, PNorm = 107.4830, GNorm = 0.3224, lr_0 = 4.8520e-04
Loss = 2.2531e-03, PNorm = 107.4871, GNorm = 0.2204, lr_0 = 4.8502e-04
Loss = 2.1394e-03, PNorm = 107.4905, GNorm = 0.2333, lr_0 = 4.8483e-04
Loss = 2.3644e-03, PNorm = 107.4922, GNorm = 0.6861, lr_0 = 4.8465e-04
Loss = 2.0089e-03, PNorm = 107.4932, GNorm = 0.2966, lr_0 = 4.8446e-04
Loss = 2.1807e-03, PNorm = 107.4965, GNorm = 0.2498, lr_0 = 4.8427e-04
Loss = 2.3304e-03, PNorm = 107.5013, GNorm = 0.3540, lr_0 = 4.8409e-04
Loss = 2.9282e-03, PNorm = 107.5046, GNorm = 0.9159, lr_0 = 4.8390e-04
Loss = 2.6459e-03, PNorm = 107.5076, GNorm = 0.6654, lr_0 = 4.8372e-04
Loss = 2.3693e-03, PNorm = 107.5126, GNorm = 0.3808, lr_0 = 4.8353e-04
Loss = 2.5316e-03, PNorm = 107.5164, GNorm = 0.1997, lr_0 = 4.8334e-04
Loss = 2.5828e-03, PNorm = 107.5193, GNorm = 0.8483, lr_0 = 4.8316e-04
Loss = 2.6575e-03, PNorm = 107.5234, GNorm = 0.7293, lr_0 = 4.8297e-04
Loss = 2.5739e-03, PNorm = 107.5277, GNorm = 0.4117, lr_0 = 4.8279e-04
Loss = 3.0274e-03, PNorm = 107.5310, GNorm = 0.2758, lr_0 = 4.8260e-04
Loss = 2.7850e-03, PNorm = 107.5365, GNorm = 0.2923, lr_0 = 4.8242e-04
Loss = 2.7060e-03, PNorm = 107.5436, GNorm = 0.4925, lr_0 = 4.8223e-04
Loss = 2.7414e-03, PNorm = 107.5464, GNorm = 0.7742, lr_0 = 4.8205e-04
Loss = 3.1006e-03, PNorm = 107.5514, GNorm = 0.5370, lr_0 = 4.8186e-04
Loss = 2.9396e-03, PNorm = 107.5550, GNorm = 0.2538, lr_0 = 4.8168e-04
Loss = 2.9891e-03, PNorm = 107.5627, GNorm = 0.6177, lr_0 = 4.8149e-04
Loss = 3.8180e-03, PNorm = 107.5723, GNorm = 0.8846, lr_0 = 4.8131e-04
Loss = 3.7702e-03, PNorm = 107.5800, GNorm = 0.4488, lr_0 = 4.8112e-04
Loss = 2.8649e-03, PNorm = 107.5846, GNorm = 0.4169, lr_0 = 4.8094e-04
Loss = 3.3008e-03, PNorm = 107.5892, GNorm = 0.7251, lr_0 = 4.8075e-04
Loss = 3.0127e-03, PNorm = 107.5943, GNorm = 0.4955, lr_0 = 4.8057e-04
Loss = 3.2875e-03, PNorm = 107.5982, GNorm = 0.4266, lr_0 = 4.8038e-04
Loss = 3.1355e-03, PNorm = 107.6041, GNorm = 0.3724, lr_0 = 4.8020e-04
Loss = 2.7872e-03, PNorm = 107.6089, GNorm = 0.2170, lr_0 = 4.8002e-04
Loss = 2.3816e-03, PNorm = 107.6124, GNorm = 0.2355, lr_0 = 4.7983e-04
Loss = 2.6316e-03, PNorm = 107.6163, GNorm = 0.2761, lr_0 = 4.7965e-04
Loss = 2.4620e-03, PNorm = 107.6177, GNorm = 0.2682, lr_0 = 4.7946e-04
Loss = 2.5343e-03, PNorm = 107.6197, GNorm = 0.3720, lr_0 = 4.7928e-04
Loss = 3.4426e-03, PNorm = 107.6230, GNorm = 0.3836, lr_0 = 4.7910e-04
Loss = 2.4999e-03, PNorm = 107.6260, GNorm = 0.2535, lr_0 = 4.7891e-04
Loss = 2.7500e-03, PNorm = 107.6308, GNorm = 0.5862, lr_0 = 4.7873e-04
Loss = 2.4306e-03, PNorm = 107.6347, GNorm = 0.5895, lr_0 = 4.7854e-04
Loss = 2.5732e-03, PNorm = 107.6413, GNorm = 0.3268, lr_0 = 4.7836e-04
Loss = 2.6755e-03, PNorm = 107.6465, GNorm = 0.2523, lr_0 = 4.7818e-04
Loss = 2.5576e-03, PNorm = 107.6521, GNorm = 0.2017, lr_0 = 4.7799e-04
Loss = 2.4273e-03, PNorm = 107.6547, GNorm = 0.3324, lr_0 = 4.7781e-04
Loss = 2.2517e-03, PNorm = 107.6572, GNorm = 0.3414, lr_0 = 4.7763e-04
Loss = 2.1945e-03, PNorm = 107.6608, GNorm = 0.2132, lr_0 = 4.7744e-04
Loss = 2.5842e-03, PNorm = 107.6652, GNorm = 0.1898, lr_0 = 4.7726e-04
Loss = 2.5481e-03, PNorm = 107.6693, GNorm = 0.4669, lr_0 = 4.7708e-04
Loss = 2.5411e-03, PNorm = 107.6730, GNorm = 0.4458, lr_0 = 4.7689e-04
Loss = 2.9190e-03, PNorm = 107.6758, GNorm = 0.5641, lr_0 = 4.7671e-04
Loss = 3.6453e-03, PNorm = 107.6813, GNorm = 0.1507, lr_0 = 4.7653e-04
Loss = 2.8245e-03, PNorm = 107.6868, GNorm = 0.1300, lr_0 = 4.7634e-04
Loss = 2.3860e-03, PNorm = 107.6931, GNorm = 0.4983, lr_0 = 4.7616e-04
Loss = 2.9355e-03, PNorm = 107.6976, GNorm = 0.2583, lr_0 = 4.7598e-04
Loss = 3.1560e-03, PNorm = 107.7012, GNorm = 0.5372, lr_0 = 4.7580e-04
Loss = 2.7315e-03, PNorm = 107.7046, GNorm = 0.5868, lr_0 = 4.7561e-04
Loss = 2.5937e-03, PNorm = 107.7076, GNorm = 0.3579, lr_0 = 4.7543e-04
Loss = 2.8202e-03, PNorm = 107.7111, GNorm = 0.1011, lr_0 = 4.7525e-04
Loss = 2.5482e-03, PNorm = 107.7138, GNorm = 0.1485, lr_0 = 4.7507e-04
Loss = 2.4597e-03, PNorm = 107.7167, GNorm = 0.3744, lr_0 = 4.7488e-04
Loss = 2.2838e-03, PNorm = 107.7219, GNorm = 0.2309, lr_0 = 4.7470e-04
Loss = 2.9403e-03, PNorm = 107.7281, GNorm = 0.1531, lr_0 = 4.7452e-04
Loss = 2.5636e-03, PNorm = 107.7330, GNorm = 0.2845, lr_0 = 4.7434e-04
Loss = 2.4721e-03, PNorm = 107.7380, GNorm = 0.1714, lr_0 = 4.7416e-04
Loss = 2.7761e-03, PNorm = 107.7424, GNorm = 0.3110, lr_0 = 4.7397e-04
Loss = 2.5711e-03, PNorm = 107.7455, GNorm = 0.2787, lr_0 = 4.7379e-04
Loss = 2.2332e-03, PNorm = 107.7498, GNorm = 0.3657, lr_0 = 4.7361e-04
Loss = 2.2799e-03, PNorm = 107.7526, GNorm = 0.2158, lr_0 = 4.7343e-04
Loss = 2.1002e-03, PNorm = 107.7544, GNorm = 0.1183, lr_0 = 4.7325e-04
Loss = 2.1063e-03, PNorm = 107.7579, GNorm = 0.2232, lr_0 = 4.7306e-04
Loss = 2.5045e-03, PNorm = 107.7619, GNorm = 0.2359, lr_0 = 4.7288e-04
Loss = 2.4710e-03, PNorm = 107.7634, GNorm = 0.1969, lr_0 = 4.7270e-04
Loss = 2.1548e-03, PNorm = 107.7684, GNorm = 0.2430, lr_0 = 4.7252e-04
Loss = 1.9932e-03, PNorm = 107.7710, GNorm = 0.4047, lr_0 = 4.7234e-04
Loss = 1.9940e-03, PNorm = 107.7745, GNorm = 0.5473, lr_0 = 4.7216e-04
Loss = 2.0662e-03, PNorm = 107.7797, GNorm = 0.1588, lr_0 = 4.7198e-04
Loss = 1.8824e-03, PNorm = 107.7835, GNorm = 0.2527, lr_0 = 4.7179e-04
Loss = 2.0990e-03, PNorm = 107.7871, GNorm = 0.2892, lr_0 = 4.7161e-04
Loss = 1.9590e-03, PNorm = 107.7892, GNorm = 0.1120, lr_0 = 4.7143e-04
Loss = 2.0849e-03, PNorm = 107.7932, GNorm = 0.1558, lr_0 = 4.7125e-04
Loss = 2.1781e-03, PNorm = 107.7968, GNorm = 0.1474, lr_0 = 4.7107e-04
Loss = 1.8461e-03, PNorm = 107.7998, GNorm = 0.1536, lr_0 = 4.7089e-04
Loss = 1.8426e-03, PNorm = 107.8017, GNorm = 0.2499, lr_0 = 4.7071e-04
Loss = 1.9759e-03, PNorm = 107.8042, GNorm = 0.2225, lr_0 = 4.7053e-04
Loss = 2.0812e-03, PNorm = 107.8083, GNorm = 0.5274, lr_0 = 4.7035e-04
Loss = 2.3571e-03, PNorm = 107.8107, GNorm = 0.3704, lr_0 = 4.7017e-04
Loss = 2.2264e-03, PNorm = 107.8149, GNorm = 0.4560, lr_0 = 4.6999e-04
Loss = 2.1868e-03, PNorm = 107.8209, GNorm = 0.1910, lr_0 = 4.6981e-04
Loss = 1.8093e-03, PNorm = 107.8246, GNorm = 0.6673, lr_0 = 4.6963e-04
Loss = 2.5142e-03, PNorm = 107.8276, GNorm = 0.6665, lr_0 = 4.6945e-04
Loss = 2.5153e-03, PNorm = 107.8327, GNorm = 0.6203, lr_0 = 4.6927e-04
Loss = 2.2804e-03, PNorm = 107.8351, GNorm = 0.3176, lr_0 = 4.6909e-04
Loss = 2.2370e-03, PNorm = 107.8359, GNorm = 0.1768, lr_0 = 4.6891e-04
Loss = 2.0823e-03, PNorm = 107.8357, GNorm = 0.1170, lr_0 = 4.6873e-04
Loss = 2.3528e-03, PNorm = 107.8340, GNorm = 0.4920, lr_0 = 4.6855e-04
Loss = 2.0740e-03, PNorm = 107.8384, GNorm = 0.1631, lr_0 = 4.6837e-04
Loss = 2.1600e-03, PNorm = 107.8471, GNorm = 0.2864, lr_0 = 4.6819e-04
Loss = 2.1562e-03, PNorm = 107.8491, GNorm = 0.3609, lr_0 = 4.6801e-04
Loss = 2.7720e-03, PNorm = 107.8490, GNorm = 0.4748, lr_0 = 4.6783e-04
Loss = 2.6389e-03, PNorm = 107.8532, GNorm = 0.6351, lr_0 = 4.6765e-04
Loss = 2.5036e-03, PNorm = 107.8599, GNorm = 0.2688, lr_0 = 4.6747e-04
Loss = 2.2148e-03, PNorm = 107.8642, GNorm = 0.5719, lr_0 = 4.6729e-04
Loss = 2.3216e-03, PNorm = 107.8697, GNorm = 0.3049, lr_0 = 4.6711e-04
Loss = 2.0669e-03, PNorm = 107.8764, GNorm = 0.2913, lr_0 = 4.6693e-04
Loss = 2.2007e-03, PNorm = 107.8814, GNorm = 0.3533, lr_0 = 4.6675e-04
Loss = 2.4015e-03, PNorm = 107.8836, GNorm = 0.1794, lr_0 = 4.6657e-04
Loss = 2.5321e-03, PNorm = 107.8893, GNorm = 0.5864, lr_0 = 4.6639e-04
Loss = 2.3323e-03, PNorm = 107.8921, GNorm = 0.1818, lr_0 = 4.6621e-04
Loss = 2.1523e-03, PNorm = 107.8969, GNorm = 0.1271, lr_0 = 4.6603e-04
Loss = 2.1375e-03, PNorm = 107.9006, GNorm = 0.1415, lr_0 = 4.6585e-04
Loss = 2.4464e-03, PNorm = 107.9027, GNorm = 0.2078, lr_0 = 4.6568e-04
Loss = 1.9579e-03, PNorm = 107.9059, GNorm = 0.4600, lr_0 = 4.6550e-04
Loss = 1.9897e-03, PNorm = 107.9111, GNorm = 0.3068, lr_0 = 4.6532e-04
Loss = 1.9114e-03, PNorm = 107.9147, GNorm = 0.1835, lr_0 = 4.6514e-04
Loss = 2.0694e-03, PNorm = 107.9162, GNorm = 0.1346, lr_0 = 4.6496e-04
Loss = 2.0871e-03, PNorm = 107.9206, GNorm = 0.1926, lr_0 = 4.6478e-04
Loss = 2.1887e-03, PNorm = 107.9261, GNorm = 0.3834, lr_0 = 4.6460e-04
Loss = 1.9914e-03, PNorm = 107.9292, GNorm = 0.4759, lr_0 = 4.6443e-04
Loss = 2.2203e-03, PNorm = 107.9333, GNorm = 0.1896, lr_0 = 4.6425e-04
Validation r2 = 0.997986
Epoch 3
Loss = 2.0661e-03, PNorm = 107.9361, GNorm = 0.4307, lr_0 = 4.6407e-04
Loss = 2.9705e-03, PNorm = 107.9394, GNorm = 0.6128, lr_0 = 4.6389e-04
Loss = 2.4375e-03, PNorm = 107.9412, GNorm = 0.2626, lr_0 = 4.6371e-04
Loss = 2.4336e-03, PNorm = 107.9449, GNorm = 0.2713, lr_0 = 4.6354e-04
Loss = 2.3878e-03, PNorm = 107.9490, GNorm = 0.5858, lr_0 = 4.6336e-04
Loss = 2.3928e-03, PNorm = 107.9516, GNorm = 0.1635, lr_0 = 4.6318e-04
Loss = 2.4018e-03, PNorm = 107.9539, GNorm = 0.2490, lr_0 = 4.6300e-04
Loss = 2.2629e-03, PNorm = 107.9567, GNorm = 0.6754, lr_0 = 4.6282e-04
Loss = 2.1492e-03, PNorm = 107.9612, GNorm = 0.7602, lr_0 = 4.6265e-04
Loss = 2.2753e-03, PNorm = 107.9625, GNorm = 0.2014, lr_0 = 4.6247e-04
Loss = 2.3234e-03, PNorm = 107.9639, GNorm = 0.2222, lr_0 = 4.6229e-04
Loss = 2.2362e-03, PNorm = 107.9679, GNorm = 0.1946, lr_0 = 4.6211e-04
Loss = 2.2254e-03, PNorm = 107.9716, GNorm = 0.2576, lr_0 = 4.6194e-04
Loss = 2.3866e-03, PNorm = 107.9732, GNorm = 0.3089, lr_0 = 4.6176e-04
Loss = 2.4375e-03, PNorm = 107.9766, GNorm = 0.5723, lr_0 = 4.6158e-04
Loss = 2.1574e-03, PNorm = 107.9809, GNorm = 0.1894, lr_0 = 4.6141e-04
Loss = 2.0350e-03, PNorm = 107.9872, GNorm = 0.3128, lr_0 = 4.6123e-04
Loss = 2.3268e-03, PNorm = 107.9917, GNorm = 0.6512, lr_0 = 4.6105e-04
Loss = 2.1917e-03, PNorm = 107.9946, GNorm = 0.2720, lr_0 = 4.6087e-04
Loss = 2.0350e-03, PNorm = 108.0000, GNorm = 0.2976, lr_0 = 4.6070e-04
Loss = 2.5081e-03, PNorm = 108.0042, GNorm = 0.5896, lr_0 = 4.6052e-04
Loss = 2.2744e-03, PNorm = 108.0077, GNorm = 0.1039, lr_0 = 4.6034e-04
Loss = 2.3437e-03, PNorm = 108.0122, GNorm = 0.1350, lr_0 = 4.6017e-04
Loss = 2.3649e-03, PNorm = 108.0169, GNorm = 0.3610, lr_0 = 4.5999e-04
Loss = 2.4931e-03, PNorm = 108.0193, GNorm = 0.8475, lr_0 = 4.5981e-04
Loss = 2.9161e-03, PNorm = 108.0242, GNorm = 0.4946, lr_0 = 4.5964e-04
Loss = 2.3065e-03, PNorm = 108.0286, GNorm = 0.3032, lr_0 = 4.5946e-04
Loss = 2.1920e-03, PNorm = 108.0338, GNorm = 0.3347, lr_0 = 4.5928e-04
Loss = 2.5634e-03, PNorm = 108.0368, GNorm = 0.3138, lr_0 = 4.5911e-04
Loss = 2.4339e-03, PNorm = 108.0401, GNorm = 0.5285, lr_0 = 4.5893e-04
Loss = 2.5996e-03, PNorm = 108.0440, GNorm = 0.3465, lr_0 = 4.5876e-04
Loss = 2.0394e-03, PNorm = 108.0474, GNorm = 0.5340, lr_0 = 4.5858e-04
Loss = 2.3800e-03, PNorm = 108.0515, GNorm = 1.0366, lr_0 = 4.5840e-04
Loss = 2.4989e-03, PNorm = 108.0556, GNorm = 0.6726, lr_0 = 4.5823e-04
Loss = 2.6950e-03, PNorm = 108.0614, GNorm = 0.2834, lr_0 = 4.5805e-04
Loss = 2.5972e-03, PNorm = 108.0670, GNorm = 0.9132, lr_0 = 4.5788e-04
Loss = 2.4904e-03, PNorm = 108.0724, GNorm = 0.1803, lr_0 = 4.5770e-04
Loss = 2.8493e-03, PNorm = 108.0754, GNorm = 0.1522, lr_0 = 4.5752e-04
Loss = 2.9120e-03, PNorm = 108.0787, GNorm = 0.4968, lr_0 = 4.5735e-04
Loss = 2.8317e-03, PNorm = 108.0837, GNorm = 0.3493, lr_0 = 4.5717e-04
Loss = 2.7908e-03, PNorm = 108.0854, GNorm = 0.7174, lr_0 = 4.5700e-04
Loss = 2.6264e-03, PNorm = 108.0878, GNorm = 0.1012, lr_0 = 4.5682e-04
Loss = 2.8227e-03, PNorm = 108.0910, GNorm = 0.1446, lr_0 = 4.5665e-04
Loss = 2.1730e-03, PNorm = 108.0946, GNorm = 0.1585, lr_0 = 4.5647e-04
Loss = 3.0099e-03, PNorm = 108.0990, GNorm = 0.3121, lr_0 = 4.5630e-04
Loss = 2.5091e-03, PNorm = 108.1030, GNorm = 0.6888, lr_0 = 4.5612e-04
Loss = 2.7957e-03, PNorm = 108.1075, GNorm = 0.1599, lr_0 = 4.5595e-04
Loss = 2.2888e-03, PNorm = 108.1104, GNorm = 0.4388, lr_0 = 4.5577e-04
Loss = 2.2361e-03, PNorm = 108.1131, GNorm = 0.4548, lr_0 = 4.5560e-04
Loss = 2.4621e-03, PNorm = 108.1185, GNorm = 0.3702, lr_0 = 4.5542e-04
Loss = 2.0599e-03, PNorm = 108.1248, GNorm = 0.3994, lr_0 = 4.5525e-04
Loss = 2.0201e-03, PNorm = 108.1281, GNorm = 0.3436, lr_0 = 4.5507e-04
Loss = 2.0205e-03, PNorm = 108.1309, GNorm = 0.2445, lr_0 = 4.5490e-04
Loss = 2.3426e-03, PNorm = 108.1340, GNorm = 0.2133, lr_0 = 4.5472e-04
Loss = 2.4354e-03, PNorm = 108.1356, GNorm = 0.4359, lr_0 = 4.5455e-04
Loss = 2.1447e-03, PNorm = 108.1396, GNorm = 0.2469, lr_0 = 4.5437e-04
Loss = 2.5599e-03, PNorm = 108.1425, GNorm = 0.4169, lr_0 = 4.5420e-04
Loss = 2.1845e-03, PNorm = 108.1458, GNorm = 0.3609, lr_0 = 4.5402e-04
Loss = 1.9076e-03, PNorm = 108.1502, GNorm = 0.1286, lr_0 = 4.5385e-04
Loss = 2.1115e-03, PNorm = 108.1578, GNorm = 0.2204, lr_0 = 4.5368e-04
Loss = 2.0577e-03, PNorm = 108.1634, GNorm = 0.1169, lr_0 = 4.5350e-04
Loss = 1.9715e-03, PNorm = 108.1681, GNorm = 0.2120, lr_0 = 4.5333e-04
Loss = 2.1920e-03, PNorm = 108.1714, GNorm = 0.4518, lr_0 = 4.5315e-04
Loss = 2.2365e-03, PNorm = 108.1725, GNorm = 0.6009, lr_0 = 4.5298e-04
Loss = 2.3617e-03, PNorm = 108.1743, GNorm = 0.2267, lr_0 = 4.5281e-04
Loss = 2.0268e-03, PNorm = 108.1770, GNorm = 0.2630, lr_0 = 4.5263e-04
Loss = 2.2227e-03, PNorm = 108.1792, GNorm = 0.3176, lr_0 = 4.5246e-04
Loss = 2.0418e-03, PNorm = 108.1819, GNorm = 0.3322, lr_0 = 4.5228e-04
Loss = 2.1027e-03, PNorm = 108.1859, GNorm = 0.2669, lr_0 = 4.5211e-04
Loss = 1.8132e-03, PNorm = 108.1890, GNorm = 0.2224, lr_0 = 4.5194e-04
Loss = 2.3358e-03, PNorm = 108.1917, GNorm = 0.3913, lr_0 = 4.5176e-04
Loss = 2.2043e-03, PNorm = 108.1943, GNorm = 0.4035, lr_0 = 4.5159e-04
Loss = 2.6261e-03, PNorm = 108.1984, GNorm = 0.1093, lr_0 = 4.5142e-04
Loss = 3.2453e-03, PNorm = 108.2029, GNorm = 0.8894, lr_0 = 4.5124e-04
Loss = 3.2761e-03, PNorm = 108.2081, GNorm = 0.4422, lr_0 = 4.5107e-04
Loss = 3.0097e-03, PNorm = 108.2114, GNorm = 0.6132, lr_0 = 4.5090e-04
Loss = 2.3914e-03, PNorm = 108.2147, GNorm = 0.2267, lr_0 = 4.5072e-04
Loss = 3.1251e-03, PNorm = 108.2188, GNorm = 0.3463, lr_0 = 4.5055e-04
Loss = 2.7632e-03, PNorm = 108.2231, GNorm = 0.3918, lr_0 = 4.5038e-04
Loss = 2.7558e-03, PNorm = 108.2304, GNorm = 0.3930, lr_0 = 4.5021e-04
Loss = 2.7943e-03, PNorm = 108.2348, GNorm = 0.6761, lr_0 = 4.5003e-04
Loss = 2.7381e-03, PNorm = 108.2403, GNorm = 0.7921, lr_0 = 4.4986e-04
Loss = 2.8177e-03, PNorm = 108.2433, GNorm = 0.4549, lr_0 = 4.4969e-04
Loss = 2.8484e-03, PNorm = 108.2452, GNorm = 0.6354, lr_0 = 4.4952e-04
Loss = 2.6987e-03, PNorm = 108.2495, GNorm = 0.5709, lr_0 = 4.4934e-04
Loss = 2.8172e-03, PNorm = 108.2533, GNorm = 0.6067, lr_0 = 4.4917e-04
Loss = 2.4572e-03, PNorm = 108.2594, GNorm = 0.3715, lr_0 = 4.4900e-04
Loss = 2.3513e-03, PNorm = 108.2647, GNorm = 0.2292, lr_0 = 4.4883e-04
Loss = 2.2367e-03, PNorm = 108.2681, GNorm = 0.1519, lr_0 = 4.4865e-04
Loss = 2.7358e-03, PNorm = 108.2710, GNorm = 0.1438, lr_0 = 4.4848e-04
Loss = 2.7956e-03, PNorm = 108.2728, GNorm = 0.5633, lr_0 = 4.4831e-04
Loss = 2.8797e-03, PNorm = 108.2748, GNorm = 0.1122, lr_0 = 4.4814e-04
Loss = 2.4150e-03, PNorm = 108.2768, GNorm = 0.3184, lr_0 = 4.4796e-04
Loss = 2.5456e-03, PNorm = 108.2791, GNorm = 0.3767, lr_0 = 4.4779e-04
Loss = 2.5220e-03, PNorm = 108.2843, GNorm = 0.4968, lr_0 = 4.4762e-04
Loss = 2.4343e-03, PNorm = 108.2882, GNorm = 0.1405, lr_0 = 4.4745e-04
Loss = 2.4333e-03, PNorm = 108.2914, GNorm = 0.4441, lr_0 = 4.4728e-04
Loss = 2.6237e-03, PNorm = 108.2951, GNorm = 0.5004, lr_0 = 4.4711e-04
Loss = 2.4468e-03, PNorm = 108.2996, GNorm = 0.3362, lr_0 = 4.4693e-04
Loss = 2.6409e-03, PNorm = 108.3036, GNorm = 0.4494, lr_0 = 4.4676e-04
Loss = 2.2208e-03, PNorm = 108.3075, GNorm = 0.3797, lr_0 = 4.4659e-04
Loss = 1.9729e-03, PNorm = 108.3119, GNorm = 0.3960, lr_0 = 4.4642e-04
Loss = 2.1664e-03, PNorm = 108.3136, GNorm = 0.1722, lr_0 = 4.4625e-04
Loss = 2.1120e-03, PNorm = 108.3174, GNorm = 0.4005, lr_0 = 4.4608e-04
Loss = 2.0843e-03, PNorm = 108.3211, GNorm = 0.1623, lr_0 = 4.4591e-04
Loss = 1.9574e-03, PNorm = 108.3233, GNorm = 0.1132, lr_0 = 4.4573e-04
Loss = 2.0916e-03, PNorm = 108.3260, GNorm = 0.2521, lr_0 = 4.4556e-04
Loss = 1.7733e-03, PNorm = 108.3288, GNorm = 0.3361, lr_0 = 4.4539e-04
Loss = 1.9918e-03, PNorm = 108.3313, GNorm = 0.3307, lr_0 = 4.4522e-04
Loss = 1.8915e-03, PNorm = 108.3351, GNorm = 0.2577, lr_0 = 4.4505e-04
Loss = 2.2389e-03, PNorm = 108.3383, GNorm = 0.2067, lr_0 = 4.4488e-04
Loss = 1.8721e-03, PNorm = 108.3405, GNorm = 0.1915, lr_0 = 4.4471e-04
Loss = 2.1668e-03, PNorm = 108.3431, GNorm = 0.6118, lr_0 = 4.4454e-04
Loss = 1.9755e-03, PNorm = 108.3489, GNorm = 0.6332, lr_0 = 4.4437e-04
Loss = 2.0984e-03, PNorm = 108.3530, GNorm = 0.6712, lr_0 = 4.4420e-04
Loss = 2.0492e-03, PNorm = 108.3543, GNorm = 0.2128, lr_0 = 4.4403e-04
Loss = 2.3413e-03, PNorm = 108.3570, GNorm = 0.7574, lr_0 = 4.4386e-04
Loss = 2.3255e-03, PNorm = 108.3627, GNorm = 0.3572, lr_0 = 4.4369e-04
Loss = 1.8755e-03, PNorm = 108.3662, GNorm = 0.1897, lr_0 = 4.4352e-04
Loss = 2.1233e-03, PNorm = 108.3680, GNorm = 0.6389, lr_0 = 4.4335e-04
Loss = 2.0231e-03, PNorm = 108.3702, GNorm = 0.0992, lr_0 = 4.4318e-04
Loss = 1.8449e-03, PNorm = 108.3727, GNorm = 0.4870, lr_0 = 4.4300e-04
Loss = 2.0506e-03, PNorm = 108.3751, GNorm = 0.2979, lr_0 = 4.4283e-04
Loss = 2.0132e-03, PNorm = 108.3780, GNorm = 0.1845, lr_0 = 4.4266e-04
Loss = 2.1278e-03, PNorm = 108.3815, GNorm = 0.1502, lr_0 = 4.4249e-04
Loss = 2.6629e-03, PNorm = 108.3855, GNorm = 0.3853, lr_0 = 4.4233e-04
Loss = 2.2715e-03, PNorm = 108.3889, GNorm = 0.3849, lr_0 = 4.4216e-04
Loss = 2.1138e-03, PNorm = 108.3915, GNorm = 0.3132, lr_0 = 4.4199e-04
Loss = 1.8161e-03, PNorm = 108.3944, GNorm = 0.2127, lr_0 = 4.4182e-04
Loss = 1.8298e-03, PNorm = 108.3976, GNorm = 0.1634, lr_0 = 4.4165e-04
Loss = 1.9504e-03, PNorm = 108.4006, GNorm = 0.1453, lr_0 = 4.4148e-04
Loss = 2.1153e-03, PNorm = 108.4053, GNorm = 0.1244, lr_0 = 4.4131e-04
Loss = 1.6979e-03, PNorm = 108.4093, GNorm = 0.2553, lr_0 = 4.4114e-04
Loss = 1.7863e-03, PNorm = 108.4122, GNorm = 0.1323, lr_0 = 4.4097e-04
Loss = 1.8423e-03, PNorm = 108.4133, GNorm = 0.1751, lr_0 = 4.4080e-04
Loss = 1.8590e-03, PNorm = 108.4174, GNorm = 0.2358, lr_0 = 4.4063e-04
Loss = 2.0602e-03, PNorm = 108.4201, GNorm = 0.2263, lr_0 = 4.4046e-04
Loss = 1.8855e-03, PNorm = 108.4214, GNorm = 0.4612, lr_0 = 4.4029e-04
Loss = 1.9449e-03, PNorm = 108.4261, GNorm = 0.0919, lr_0 = 4.4012e-04
Loss = 1.7450e-03, PNorm = 108.4283, GNorm = 0.1864, lr_0 = 4.3995e-04
Loss = 1.7905e-03, PNorm = 108.4302, GNorm = 0.3881, lr_0 = 4.3979e-04
Loss = 2.2303e-03, PNorm = 108.4322, GNorm = 0.3256, lr_0 = 4.3962e-04
Loss = 1.9160e-03, PNorm = 108.4367, GNorm = 0.1644, lr_0 = 4.3945e-04
Loss = 1.9205e-03, PNorm = 108.4386, GNorm = 0.4837, lr_0 = 4.3928e-04
Loss = 2.0514e-03, PNorm = 108.4395, GNorm = 0.2072, lr_0 = 4.3911e-04
Loss = 2.0278e-03, PNorm = 108.4412, GNorm = 0.1024, lr_0 = 4.3894e-04
Loss = 1.9740e-03, PNorm = 108.4424, GNorm = 0.1579, lr_0 = 4.3877e-04
Loss = 1.8414e-03, PNorm = 108.4455, GNorm = 0.2183, lr_0 = 4.3860e-04
Loss = 2.1830e-03, PNorm = 108.4478, GNorm = 0.3089, lr_0 = 4.3844e-04
Loss = 1.9516e-03, PNorm = 108.4492, GNorm = 0.3347, lr_0 = 4.3827e-04
Loss = 2.1139e-03, PNorm = 108.4524, GNorm = 0.3689, lr_0 = 4.3810e-04
Loss = 1.7439e-03, PNorm = 108.4573, GNorm = 0.0776, lr_0 = 4.3793e-04
Loss = 1.7331e-03, PNorm = 108.4603, GNorm = 0.1386, lr_0 = 4.3776e-04
Loss = 1.8944e-03, PNorm = 108.4630, GNorm = 0.4266, lr_0 = 4.3760e-04
Loss = 1.8455e-03, PNorm = 108.4669, GNorm = 0.0843, lr_0 = 4.3743e-04
Loss = 1.6179e-03, PNorm = 108.4706, GNorm = 0.1460, lr_0 = 4.3726e-04
Loss = 1.7982e-03, PNorm = 108.4739, GNorm = 0.1197, lr_0 = 4.3709e-04
Loss = 2.4242e-03, PNorm = 108.4780, GNorm = 0.2683, lr_0 = 4.3692e-04
Loss = 2.2084e-03, PNorm = 108.4832, GNorm = 0.3211, lr_0 = 4.3676e-04
Loss = 2.3500e-03, PNorm = 108.4872, GNorm = 0.1354, lr_0 = 4.3659e-04
Loss = 2.5898e-03, PNorm = 108.4897, GNorm = 0.2322, lr_0 = 4.3642e-04
Loss = 2.3892e-03, PNorm = 108.4927, GNorm = 0.4827, lr_0 = 4.3625e-04
Loss = 2.2148e-03, PNorm = 108.4984, GNorm = 0.3655, lr_0 = 4.3609e-04
Loss = 2.6302e-03, PNorm = 108.5030, GNorm = 0.4940, lr_0 = 4.3592e-04
Loss = 2.2564e-03, PNorm = 108.5063, GNorm = 0.3276, lr_0 = 4.3575e-04
Loss = 2.2630e-03, PNorm = 108.5098, GNorm = 0.3431, lr_0 = 4.3558e-04
Loss = 2.1706e-03, PNorm = 108.5129, GNorm = 0.1369, lr_0 = 4.3542e-04
Loss = 2.0613e-03, PNorm = 108.5193, GNorm = 0.3301, lr_0 = 4.3525e-04
Loss = 2.0133e-03, PNorm = 108.5234, GNorm = 0.3398, lr_0 = 4.3508e-04
Loss = 1.7382e-03, PNorm = 108.5247, GNorm = 0.4989, lr_0 = 4.3492e-04
Loss = 1.6792e-03, PNorm = 108.5270, GNorm = 0.1423, lr_0 = 4.3475e-04
Loss = 1.9956e-03, PNorm = 108.5302, GNorm = 0.3603, lr_0 = 4.3458e-04
Loss = 1.7596e-03, PNorm = 108.5315, GNorm = 0.2136, lr_0 = 4.3442e-04
Loss = 1.7243e-03, PNorm = 108.5344, GNorm = 0.2551, lr_0 = 4.3425e-04
Loss = 1.6535e-03, PNorm = 108.5371, GNorm = 0.1575, lr_0 = 4.3408e-04
Loss = 1.7666e-03, PNorm = 108.5390, GNorm = 0.3314, lr_0 = 4.3392e-04
Loss = 1.7907e-03, PNorm = 108.5412, GNorm = 0.4088, lr_0 = 4.3375e-04
Loss = 1.7711e-03, PNorm = 108.5456, GNorm = 0.5157, lr_0 = 4.3358e-04
Loss = 2.1422e-03, PNorm = 108.5493, GNorm = 0.5447, lr_0 = 4.3342e-04
Loss = 2.0642e-03, PNorm = 108.5511, GNorm = 0.3523, lr_0 = 4.3325e-04
Loss = 2.1689e-03, PNorm = 108.5548, GNorm = 0.6535, lr_0 = 4.3308e-04
Loss = 2.2435e-03, PNorm = 108.5596, GNorm = 0.2829, lr_0 = 4.3292e-04
Loss = 1.9451e-03, PNorm = 108.5617, GNorm = 0.5964, lr_0 = 4.3275e-04
Loss = 1.7914e-03, PNorm = 108.5663, GNorm = 0.3493, lr_0 = 4.3258e-04
Loss = 1.8201e-03, PNorm = 108.5682, GNorm = 0.0855, lr_0 = 4.3242e-04
Loss = 2.2653e-03, PNorm = 108.5712, GNorm = 0.2651, lr_0 = 4.3225e-04
Loss = 1.8655e-03, PNorm = 108.5736, GNorm = 0.6959, lr_0 = 4.3209e-04
Loss = 2.0838e-03, PNorm = 108.5778, GNorm = 0.7610, lr_0 = 4.3192e-04
Loss = 1.9044e-03, PNorm = 108.5798, GNorm = 0.3344, lr_0 = 4.3176e-04
Loss = 1.9032e-03, PNorm = 108.5815, GNorm = 0.4365, lr_0 = 4.3159e-04
Loss = 1.9394e-03, PNorm = 108.5844, GNorm = 0.2095, lr_0 = 4.3142e-04
Loss = 1.5932e-03, PNorm = 108.5875, GNorm = 0.2435, lr_0 = 4.3126e-04
Loss = 1.5519e-03, PNorm = 108.5910, GNorm = 0.4324, lr_0 = 4.3109e-04
Loss = 1.7456e-03, PNorm = 108.5935, GNorm = 0.2931, lr_0 = 4.3093e-04
Loss = 1.5127e-03, PNorm = 108.5978, GNorm = 0.1062, lr_0 = 4.3076e-04
Loss = 1.9482e-03, PNorm = 108.5999, GNorm = 0.2500, lr_0 = 4.3060e-04
Loss = 1.6013e-03, PNorm = 108.6018, GNorm = 0.0951, lr_0 = 4.3043e-04
Loss = 1.4159e-03, PNorm = 108.6038, GNorm = 0.1052, lr_0 = 4.3027e-04
Loss = 1.5990e-03, PNorm = 108.6082, GNorm = 0.2405, lr_0 = 4.3010e-04
Loss = 1.5182e-03, PNorm = 108.6103, GNorm = 0.1241, lr_0 = 4.2994e-04
Loss = 1.7631e-03, PNorm = 108.6134, GNorm = 0.5509, lr_0 = 4.2977e-04
Loss = 1.6563e-03, PNorm = 108.6166, GNorm = 0.0973, lr_0 = 4.2961e-04
Loss = 1.3873e-03, PNorm = 108.6179, GNorm = 0.3496, lr_0 = 4.2944e-04
Loss = 1.5847e-03, PNorm = 108.6203, GNorm = 0.3448, lr_0 = 4.2928e-04
Loss = 1.4658e-03, PNorm = 108.6234, GNorm = 0.2918, lr_0 = 4.2911e-04
Loss = 1.5030e-03, PNorm = 108.6255, GNorm = 0.2873, lr_0 = 4.2895e-04
Loss = 1.5769e-03, PNorm = 108.6306, GNorm = 0.1231, lr_0 = 4.2878e-04
Loss = 1.5702e-03, PNorm = 108.6341, GNorm = 0.1662, lr_0 = 4.2862e-04
Loss = 1.7717e-03, PNorm = 108.6356, GNorm = 0.4342, lr_0 = 4.2845e-04
Loss = 1.9949e-03, PNorm = 108.6373, GNorm = 0.1551, lr_0 = 4.2829e-04
Loss = 1.5597e-03, PNorm = 108.6391, GNorm = 0.0990, lr_0 = 4.2812e-04
Loss = 1.5524e-03, PNorm = 108.6427, GNorm = 0.2108, lr_0 = 4.2796e-04
Loss = 1.4426e-03, PNorm = 108.6439, GNorm = 0.2667, lr_0 = 4.2780e-04
Loss = 1.4627e-03, PNorm = 108.6464, GNorm = 0.4452, lr_0 = 4.2763e-04
Loss = 1.7830e-03, PNorm = 108.6500, GNorm = 0.1141, lr_0 = 4.2747e-04
Loss = 1.4403e-03, PNorm = 108.6528, GNorm = 0.1849, lr_0 = 4.2730e-04
Loss = 1.4987e-03, PNorm = 108.6553, GNorm = 0.1750, lr_0 = 4.2714e-04
Loss = 1.5920e-03, PNorm = 108.6586, GNorm = 0.0939, lr_0 = 4.2697e-04
Loss = 1.9394e-03, PNorm = 108.6623, GNorm = 0.7837, lr_0 = 4.2681e-04
Loss = 2.2878e-03, PNorm = 108.6664, GNorm = 0.8344, lr_0 = 4.2665e-04
Loss = 2.2968e-03, PNorm = 108.6688, GNorm = 0.4124, lr_0 = 4.2648e-04
Loss = 2.0690e-03, PNorm = 108.6724, GNorm = 0.2425, lr_0 = 4.2632e-04
Loss = 1.9127e-03, PNorm = 108.6760, GNorm = 0.2284, lr_0 = 4.2616e-04
Loss = 1.9081e-03, PNorm = 108.6794, GNorm = 0.1280, lr_0 = 4.2599e-04
Loss = 1.6505e-03, PNorm = 108.6827, GNorm = 0.1210, lr_0 = 4.2583e-04
Loss = 1.8167e-03, PNorm = 108.6850, GNorm = 0.2580, lr_0 = 4.2567e-04
Loss = 2.2138e-03, PNorm = 108.6876, GNorm = 0.3340, lr_0 = 4.2550e-04
Loss = 2.2336e-03, PNorm = 108.6905, GNorm = 0.4995, lr_0 = 4.2534e-04
Loss = 2.0138e-03, PNorm = 108.6932, GNorm = 0.2362, lr_0 = 4.2518e-04
Loss = 1.6358e-03, PNorm = 108.6941, GNorm = 0.2338, lr_0 = 4.2501e-04
Loss = 1.7921e-03, PNorm = 108.6949, GNorm = 0.4176, lr_0 = 4.2485e-04
Loss = 1.6762e-03, PNorm = 108.6984, GNorm = 0.2026, lr_0 = 4.2469e-04
Loss = 1.9244e-03, PNorm = 108.7011, GNorm = 0.6802, lr_0 = 4.2452e-04
Loss = 2.0516e-03, PNorm = 108.7031, GNorm = 0.2357, lr_0 = 4.2436e-04
Loss = 1.9371e-03, PNorm = 108.7033, GNorm = 0.3700, lr_0 = 4.2420e-04
Loss = 1.8441e-03, PNorm = 108.7054, GNorm = 0.4358, lr_0 = 4.2403e-04
Loss = 1.7434e-03, PNorm = 108.7098, GNorm = 0.0984, lr_0 = 4.2387e-04
Loss = 1.7105e-03, PNorm = 108.7141, GNorm = 0.4866, lr_0 = 4.2371e-04
Loss = 1.6543e-03, PNorm = 108.7188, GNorm = 0.2486, lr_0 = 4.2355e-04
Loss = 1.5693e-03, PNorm = 108.7224, GNorm = 0.1572, lr_0 = 4.2338e-04
Loss = 1.7601e-03, PNorm = 108.7268, GNorm = 0.1716, lr_0 = 4.2322e-04
Loss = 1.8050e-03, PNorm = 108.7299, GNorm = 0.3721, lr_0 = 4.2306e-04
Loss = 1.7968e-03, PNorm = 108.7318, GNorm = 0.2406, lr_0 = 4.2290e-04
Loss = 1.7455e-03, PNorm = 108.7349, GNorm = 0.2051, lr_0 = 4.2273e-04
Loss = 1.6682e-03, PNorm = 108.7373, GNorm = 0.1222, lr_0 = 4.2257e-04
Loss = 2.0935e-03, PNorm = 108.7406, GNorm = 0.2092, lr_0 = 4.2241e-04
Loss = 2.3247e-03, PNorm = 108.7438, GNorm = 0.3389, lr_0 = 4.2225e-04
Loss = 1.8434e-03, PNorm = 108.7464, GNorm = 0.7631, lr_0 = 4.2209e-04
Loss = 2.4529e-03, PNorm = 108.7518, GNorm = 0.9776, lr_0 = 4.2192e-04
Loss = 1.9328e-03, PNorm = 108.7560, GNorm = 0.2206, lr_0 = 4.2176e-04
Loss = 2.2182e-03, PNorm = 108.7597, GNorm = 0.2706, lr_0 = 4.2160e-04
Loss = 2.4451e-03, PNorm = 108.7642, GNorm = 0.1582, lr_0 = 4.2144e-04
Loss = 2.4786e-03, PNorm = 108.7694, GNorm = 0.2041, lr_0 = 4.2128e-04
Loss = 2.1508e-03, PNorm = 108.7727, GNorm = 0.4217, lr_0 = 4.2111e-04
Loss = 2.0362e-03, PNorm = 108.7757, GNorm = 0.2879, lr_0 = 4.2095e-04
Loss = 2.2113e-03, PNorm = 108.7794, GNorm = 0.2276, lr_0 = 4.2079e-04
Loss = 2.0409e-03, PNorm = 108.7837, GNorm = 0.3138, lr_0 = 4.2063e-04
Loss = 1.8766e-03, PNorm = 108.7864, GNorm = 0.4541, lr_0 = 4.2047e-04
Loss = 2.1727e-03, PNorm = 108.7909, GNorm = 0.2053, lr_0 = 4.2031e-04
Loss = 1.8349e-03, PNorm = 108.7930, GNorm = 0.2133, lr_0 = 4.2015e-04
Loss = 1.9908e-03, PNorm = 108.7959, GNorm = 0.6573, lr_0 = 4.1998e-04
Loss = 2.1592e-03, PNorm = 108.8030, GNorm = 0.3938, lr_0 = 4.1982e-04
Loss = 1.8013e-03, PNorm = 108.8079, GNorm = 0.1041, lr_0 = 4.1966e-04
Loss = 1.7567e-03, PNorm = 108.8089, GNorm = 0.2049, lr_0 = 4.1950e-04
Loss = 1.9231e-03, PNorm = 108.8121, GNorm = 0.2713, lr_0 = 4.1934e-04
Loss = 2.0867e-03, PNorm = 108.8169, GNorm = 0.4057, lr_0 = 4.1918e-04
Loss = 1.8137e-03, PNorm = 108.8217, GNorm = 0.2294, lr_0 = 4.1902e-04
Loss = 2.2158e-03, PNorm = 108.8264, GNorm = 0.5742, lr_0 = 4.1886e-04
Loss = 2.6469e-03, PNorm = 108.8311, GNorm = 0.6852, lr_0 = 4.1870e-04
Loss = 2.0811e-03, PNorm = 108.8340, GNorm = 0.3729, lr_0 = 4.1854e-04
Loss = 2.5545e-03, PNorm = 108.8367, GNorm = 0.4769, lr_0 = 4.1837e-04
Loss = 2.0380e-03, PNorm = 108.8393, GNorm = 0.4111, lr_0 = 4.1821e-04
Loss = 2.0857e-03, PNorm = 108.8411, GNorm = 0.1995, lr_0 = 4.1805e-04
Loss = 1.9747e-03, PNorm = 108.8434, GNorm = 0.2347, lr_0 = 4.1789e-04
Loss = 2.0318e-03, PNorm = 108.8472, GNorm = 0.6178, lr_0 = 4.1773e-04
Loss = 2.0596e-03, PNorm = 108.8510, GNorm = 0.1243, lr_0 = 4.1757e-04
Loss = 1.8158e-03, PNorm = 108.8542, GNorm = 0.4836, lr_0 = 4.1741e-04
Loss = 2.1301e-03, PNorm = 108.8554, GNorm = 0.4829, lr_0 = 4.1725e-04
Loss = 2.4727e-03, PNorm = 108.8565, GNorm = 0.6359, lr_0 = 4.1709e-04
Loss = 2.2102e-03, PNorm = 108.8603, GNorm = 0.6455, lr_0 = 4.1693e-04
Loss = 2.6292e-03, PNorm = 108.8642, GNorm = 0.1703, lr_0 = 4.1677e-04
Loss = 2.1392e-03, PNorm = 108.8666, GNorm = 0.5054, lr_0 = 4.1661e-04
Loss = 2.2283e-03, PNorm = 108.8678, GNorm = 0.4271, lr_0 = 4.1645e-04
Loss = 2.3418e-03, PNorm = 108.8706, GNorm = 0.2099, lr_0 = 4.1629e-04
Loss = 2.3806e-03, PNorm = 108.8746, GNorm = 0.2503, lr_0 = 4.1613e-04
Loss = 2.6418e-03, PNorm = 108.8801, GNorm = 0.2052, lr_0 = 4.1597e-04
Loss = 2.3789e-03, PNorm = 108.8852, GNorm = 0.2948, lr_0 = 4.1581e-04
Loss = 2.3318e-03, PNorm = 108.8877, GNorm = 0.4463, lr_0 = 4.1565e-04
Loss = 2.3063e-03, PNorm = 108.8894, GNorm = 0.1426, lr_0 = 4.1549e-04
Loss = 2.0905e-03, PNorm = 108.8918, GNorm = 0.4951, lr_0 = 4.1533e-04
Loss = 2.5501e-03, PNorm = 108.8963, GNorm = 0.1570, lr_0 = 4.1517e-04
Loss = 2.0469e-03, PNorm = 108.8980, GNorm = 0.5201, lr_0 = 4.1502e-04
Loss = 2.2063e-03, PNorm = 108.9018, GNorm = 0.7707, lr_0 = 4.1486e-04
Loss = 2.8653e-03, PNorm = 108.9071, GNorm = 0.8468, lr_0 = 4.1470e-04
Loss = 1.9768e-03, PNorm = 108.9097, GNorm = 0.3828, lr_0 = 4.1454e-04
Loss = 2.0195e-03, PNorm = 108.9120, GNorm = 0.4428, lr_0 = 4.1438e-04
Loss = 1.8821e-03, PNorm = 108.9150, GNorm = 0.4929, lr_0 = 4.1422e-04
Loss = 2.0777e-03, PNorm = 108.9200, GNorm = 0.4108, lr_0 = 4.1406e-04
Loss = 2.1864e-03, PNorm = 108.9258, GNorm = 0.1752, lr_0 = 4.1390e-04
Loss = 2.1823e-03, PNorm = 108.9302, GNorm = 0.1595, lr_0 = 4.1374e-04
Loss = 2.2725e-03, PNorm = 108.9354, GNorm = 0.6589, lr_0 = 4.1358e-04
Loss = 2.0824e-03, PNorm = 108.9403, GNorm = 0.6248, lr_0 = 4.1342e-04
Loss = 1.9613e-03, PNorm = 108.9440, GNorm = 0.3648, lr_0 = 4.1327e-04
Loss = 1.9793e-03, PNorm = 108.9463, GNorm = 0.5743, lr_0 = 4.1311e-04
Loss = 1.9599e-03, PNorm = 108.9498, GNorm = 0.3615, lr_0 = 4.1295e-04
Loss = 1.8369e-03, PNorm = 108.9519, GNorm = 0.1157, lr_0 = 4.1279e-04
Loss = 1.9990e-03, PNorm = 108.9548, GNorm = 0.6450, lr_0 = 4.1263e-04
Loss = 1.7528e-03, PNorm = 108.9561, GNorm = 0.4518, lr_0 = 4.1247e-04
Loss = 1.5621e-03, PNorm = 108.9574, GNorm = 0.3587, lr_0 = 4.1232e-04
Loss = 2.0952e-03, PNorm = 108.9592, GNorm = 0.1384, lr_0 = 4.1216e-04
Loss = 1.8508e-03, PNorm = 108.9646, GNorm = 0.2132, lr_0 = 4.1200e-04
Loss = 1.9745e-03, PNorm = 108.9672, GNorm = 0.2652, lr_0 = 4.1184e-04
Loss = 1.8116e-03, PNorm = 108.9724, GNorm = 0.3369, lr_0 = 4.1168e-04
Loss = 1.8404e-03, PNorm = 108.9766, GNorm = 0.3676, lr_0 = 4.1152e-04
Loss = 1.7297e-03, PNorm = 108.9781, GNorm = 0.1911, lr_0 = 4.1137e-04
Loss = 1.8870e-03, PNorm = 108.9816, GNorm = 0.2631, lr_0 = 4.1121e-04
Loss = 1.6089e-03, PNorm = 108.9845, GNorm = 0.4094, lr_0 = 4.1105e-04
Loss = 1.8282e-03, PNorm = 108.9854, GNorm = 0.3036, lr_0 = 4.1089e-04
Loss = 1.7345e-03, PNorm = 108.9899, GNorm = 0.1771, lr_0 = 4.1074e-04
Loss = 1.8434e-03, PNorm = 108.9929, GNorm = 0.5238, lr_0 = 4.1058e-04
Loss = 2.0002e-03, PNorm = 108.9955, GNorm = 0.5007, lr_0 = 4.1042e-04
Loss = 1.6658e-03, PNorm = 108.9967, GNorm = 0.1460, lr_0 = 4.1026e-04
Loss = 1.7090e-03, PNorm = 109.0005, GNorm = 0.1999, lr_0 = 4.1011e-04
Loss = 1.8756e-03, PNorm = 109.0027, GNorm = 0.1940, lr_0 = 4.0995e-04
Loss = 1.6296e-03, PNorm = 109.0037, GNorm = 0.5586, lr_0 = 4.0979e-04
Loss = 1.7537e-03, PNorm = 109.0047, GNorm = 0.7353, lr_0 = 4.0963e-04
Loss = 1.9973e-03, PNorm = 109.0092, GNorm = 0.7660, lr_0 = 4.0948e-04
Loss = 1.9621e-03, PNorm = 109.0124, GNorm = 0.4914, lr_0 = 4.0932e-04
Loss = 2.0721e-03, PNorm = 109.0151, GNorm = 0.1386, lr_0 = 4.0916e-04
Loss = 1.8364e-03, PNorm = 109.0202, GNorm = 0.2486, lr_0 = 4.0900e-04
Loss = 2.0593e-03, PNorm = 109.0251, GNorm = 0.4580, lr_0 = 4.0885e-04
Loss = 1.7748e-03, PNorm = 109.0266, GNorm = 0.1686, lr_0 = 4.0869e-04
Loss = 1.5910e-03, PNorm = 109.0295, GNorm = 0.1764, lr_0 = 4.0853e-04
Loss = 1.4582e-03, PNorm = 109.0347, GNorm = 0.1885, lr_0 = 4.0838e-04
Loss = 1.4804e-03, PNorm = 109.0382, GNorm = 0.2533, lr_0 = 4.0822e-04
Loss = 1.7018e-03, PNorm = 109.0404, GNorm = 0.2081, lr_0 = 4.0806e-04
Loss = 1.5948e-03, PNorm = 109.0417, GNorm = 0.2631, lr_0 = 4.0791e-04
Loss = 1.3500e-03, PNorm = 109.0430, GNorm = 0.1272, lr_0 = 4.0775e-04
Loss = 1.4696e-03, PNorm = 109.0443, GNorm = 0.1071, lr_0 = 4.0759e-04
Loss = 1.4531e-03, PNorm = 109.0458, GNorm = 0.2620, lr_0 = 4.0744e-04
Loss = 1.3743e-03, PNorm = 109.0475, GNorm = 0.3312, lr_0 = 4.0728e-04
Loss = 1.4794e-03, PNorm = 109.0489, GNorm = 0.7189, lr_0 = 4.0712e-04
Loss = 1.7281e-03, PNorm = 109.0515, GNorm = 0.5210, lr_0 = 4.0697e-04
Loss = 1.6056e-03, PNorm = 109.0542, GNorm = 0.3597, lr_0 = 4.0681e-04
Loss = 1.4328e-03, PNorm = 109.0585, GNorm = 0.3093, lr_0 = 4.0666e-04
Loss = 1.4224e-03, PNorm = 109.0613, GNorm = 0.2652, lr_0 = 4.0650e-04
Loss = 1.4632e-03, PNorm = 109.0631, GNorm = 0.4249, lr_0 = 4.0634e-04
Loss = 1.6092e-03, PNorm = 109.0658, GNorm = 0.3018, lr_0 = 4.0619e-04
Loss = 1.4129e-03, PNorm = 109.0684, GNorm = 0.3442, lr_0 = 4.0603e-04
Loss = 1.4192e-03, PNorm = 109.0711, GNorm = 0.1955, lr_0 = 4.0588e-04
Loss = 1.3626e-03, PNorm = 109.0724, GNorm = 0.1315, lr_0 = 4.0572e-04
Loss = 1.4244e-03, PNorm = 109.0731, GNorm = 0.5677, lr_0 = 4.0556e-04
Loss = 1.6075e-03, PNorm = 109.0753, GNorm = 0.3533, lr_0 = 4.0541e-04
Loss = 1.4021e-03, PNorm = 109.0774, GNorm = 0.2727, lr_0 = 4.0525e-04
Loss = 1.5817e-03, PNorm = 109.0802, GNorm = 0.1311, lr_0 = 4.0510e-04
Loss = 1.6750e-03, PNorm = 109.0836, GNorm = 0.4238, lr_0 = 4.0494e-04
Loss = 1.2974e-03, PNorm = 109.0861, GNorm = 0.1379, lr_0 = 4.0479e-04
Loss = 1.5102e-03, PNorm = 109.0877, GNorm = 0.1658, lr_0 = 4.0463e-04
Loss = 1.4492e-03, PNorm = 109.0886, GNorm = 0.1285, lr_0 = 4.0448e-04
Loss = 1.5485e-03, PNorm = 109.0908, GNorm = 0.0741, lr_0 = 4.0432e-04
Loss = 1.3119e-03, PNorm = 109.0943, GNorm = 0.3374, lr_0 = 4.0417e-04
Loss = 1.3471e-03, PNorm = 109.0955, GNorm = 0.2640, lr_0 = 4.0401e-04
Loss = 1.4075e-03, PNorm = 109.0981, GNorm = 0.3468, lr_0 = 4.0386e-04
Loss = 1.4927e-03, PNorm = 109.0996, GNorm = 0.4794, lr_0 = 4.0370e-04
Loss = 1.2645e-03, PNorm = 109.1017, GNorm = 0.2552, lr_0 = 4.0355e-04
Loss = 1.6809e-03, PNorm = 109.1036, GNorm = 0.2942, lr_0 = 4.0339e-04
Loss = 2.0631e-03, PNorm = 109.1061, GNorm = 0.0688, lr_0 = 4.0324e-04
Loss = 1.8715e-03, PNorm = 109.1077, GNorm = 0.1872, lr_0 = 4.0308e-04
Loss = 1.8832e-03, PNorm = 109.1099, GNorm = 0.3724, lr_0 = 4.0293e-04
Loss = 1.7402e-03, PNorm = 109.1119, GNorm = 0.2730, lr_0 = 4.0277e-04
Loss = 1.5670e-03, PNorm = 109.1140, GNorm = 0.0905, lr_0 = 4.0262e-04
Loss = 1.5669e-03, PNorm = 109.1146, GNorm = 0.5422, lr_0 = 4.0246e-04
Loss = 1.9125e-03, PNorm = 109.1179, GNorm = 0.6023, lr_0 = 4.0231e-04
Loss = 2.0455e-03, PNorm = 109.1219, GNorm = 0.6789, lr_0 = 4.0215e-04
Loss = 1.9817e-03, PNorm = 109.1267, GNorm = 0.4619, lr_0 = 4.0200e-04
Loss = 1.5489e-03, PNorm = 109.1302, GNorm = 0.3254, lr_0 = 4.0184e-04
Loss = 1.7060e-03, PNorm = 109.1326, GNorm = 0.5806, lr_0 = 4.0169e-04
Loss = 1.6934e-03, PNorm = 109.1370, GNorm = 0.1454, lr_0 = 4.0154e-04
Loss = 1.6985e-03, PNorm = 109.1388, GNorm = 0.3193, lr_0 = 4.0138e-04
Loss = 1.8092e-03, PNorm = 109.1379, GNorm = 0.4220, lr_0 = 4.0123e-04
Loss = 1.7081e-03, PNorm = 109.1398, GNorm = 0.1927, lr_0 = 4.0107e-04
Loss = 1.5284e-03, PNorm = 109.1413, GNorm = 0.2270, lr_0 = 4.0092e-04
Loss = 2.0202e-03, PNorm = 109.1438, GNorm = 0.1718, lr_0 = 4.0077e-04
Loss = 2.0506e-03, PNorm = 109.1459, GNorm = 0.2017, lr_0 = 4.0061e-04
Loss = 2.1083e-03, PNorm = 109.1487, GNorm = 0.4163, lr_0 = 4.0046e-04
Loss = 2.0860e-03, PNorm = 109.1514, GNorm = 0.4092, lr_0 = 4.0030e-04
Loss = 1.9967e-03, PNorm = 109.1578, GNorm = 0.5000, lr_0 = 4.0015e-04
Loss = 2.1015e-03, PNorm = 109.1600, GNorm = 0.1436, lr_0 = 4.0000e-04
Loss = 2.5197e-03, PNorm = 109.1603, GNorm = 0.8074, lr_0 = 3.9984e-04
Loss = 2.1255e-03, PNorm = 109.1634, GNorm = 0.8297, lr_0 = 3.9969e-04
Loss = 2.4611e-03, PNorm = 109.1670, GNorm = 0.7761, lr_0 = 3.9954e-04
Loss = 1.9748e-03, PNorm = 109.1711, GNorm = 0.2433, lr_0 = 3.9938e-04
Loss = 1.8876e-03, PNorm = 109.1747, GNorm = 0.3598, lr_0 = 3.9923e-04
Loss = 1.9121e-03, PNorm = 109.1775, GNorm = 0.1599, lr_0 = 3.9908e-04
Loss = 1.9181e-03, PNorm = 109.1801, GNorm = 0.1856, lr_0 = 3.9892e-04
Loss = 1.9226e-03, PNorm = 109.1830, GNorm = 0.1809, lr_0 = 3.9877e-04
Loss = 1.7778e-03, PNorm = 109.1866, GNorm = 0.2077, lr_0 = 3.9862e-04
Loss = 1.6706e-03, PNorm = 109.1893, GNorm = 0.1412, lr_0 = 3.9846e-04
Loss = 1.7840e-03, PNorm = 109.1902, GNorm = 0.2067, lr_0 = 3.9831e-04
Loss = 1.6538e-03, PNorm = 109.1949, GNorm = 0.4927, lr_0 = 3.9816e-04
Loss = 1.6679e-03, PNorm = 109.2004, GNorm = 0.2282, lr_0 = 3.9801e-04
Loss = 1.7716e-03, PNorm = 109.2023, GNorm = 0.2819, lr_0 = 3.9785e-04
Loss = 1.7579e-03, PNorm = 109.2026, GNorm = 0.1577, lr_0 = 3.9770e-04
Loss = 1.7672e-03, PNorm = 109.2069, GNorm = 0.1234, lr_0 = 3.9755e-04
Loss = 1.8642e-03, PNorm = 109.2096, GNorm = 0.4314, lr_0 = 3.9740e-04
Loss = 1.6428e-03, PNorm = 109.2112, GNorm = 0.3182, lr_0 = 3.9724e-04
Loss = 1.7763e-03, PNorm = 109.2128, GNorm = 0.1865, lr_0 = 3.9709e-04
Loss = 1.6203e-03, PNorm = 109.2143, GNorm = 0.1510, lr_0 = 3.9694e-04
Loss = 1.4843e-03, PNorm = 109.2167, GNorm = 0.5798, lr_0 = 3.9679e-04
Loss = 1.9301e-03, PNorm = 109.2191, GNorm = 0.6609, lr_0 = 3.9663e-04
Loss = 1.7639e-03, PNorm = 109.2227, GNorm = 0.5570, lr_0 = 3.9648e-04
Loss = 1.7975e-03, PNorm = 109.2271, GNorm = 0.3375, lr_0 = 3.9633e-04
Loss = 1.6644e-03, PNorm = 109.2303, GNorm = 0.2056, lr_0 = 3.9618e-04
Loss = 1.5243e-03, PNorm = 109.2352, GNorm = 0.1705, lr_0 = 3.9602e-04
Loss = 1.5329e-03, PNorm = 109.2380, GNorm = 0.1829, lr_0 = 3.9587e-04
Loss = 1.5950e-03, PNorm = 109.2391, GNorm = 0.1794, lr_0 = 3.9572e-04
Loss = 1.4940e-03, PNorm = 109.2413, GNorm = 0.1074, lr_0 = 3.9557e-04
Loss = 1.5424e-03, PNorm = 109.2446, GNorm = 0.1427, lr_0 = 3.9542e-04
Loss = 1.7479e-03, PNorm = 109.2480, GNorm = 0.1237, lr_0 = 3.9527e-04
Loss = 1.5257e-03, PNorm = 109.2516, GNorm = 0.3077, lr_0 = 3.9511e-04
Loss = 1.8557e-03, PNorm = 109.2562, GNorm = 0.2558, lr_0 = 3.9496e-04
Loss = 1.5183e-03, PNorm = 109.2604, GNorm = 0.1174, lr_0 = 3.9481e-04
Loss = 1.5238e-03, PNorm = 109.2602, GNorm = 0.2069, lr_0 = 3.9466e-04
Loss = 1.7210e-03, PNorm = 109.2633, GNorm = 0.3373, lr_0 = 3.9451e-04
Loss = 1.4813e-03, PNorm = 109.2663, GNorm = 0.1917, lr_0 = 3.9436e-04
Loss = 1.6948e-03, PNorm = 109.2705, GNorm = 0.1473, lr_0 = 3.9420e-04
Loss = 1.3451e-03, PNorm = 109.2738, GNorm = 0.1777, lr_0 = 3.9405e-04
Loss = 1.4512e-03, PNorm = 109.2762, GNorm = 0.2494, lr_0 = 3.9390e-04
Loss = 1.3361e-03, PNorm = 109.2763, GNorm = 0.4774, lr_0 = 3.9375e-04
Loss = 1.8272e-03, PNorm = 109.2779, GNorm = 0.4301, lr_0 = 3.9360e-04
Loss = 1.8497e-03, PNorm = 109.2804, GNorm = 0.1428, lr_0 = 3.9345e-04
Loss = 1.4123e-03, PNorm = 109.2840, GNorm = 0.1854, lr_0 = 3.9330e-04
Loss = 1.4201e-03, PNorm = 109.2867, GNorm = 0.1718, lr_0 = 3.9315e-04
Loss = 1.2833e-03, PNorm = 109.2894, GNorm = 0.1170, lr_0 = 3.9300e-04
Loss = 1.4627e-03, PNorm = 109.2914, GNorm = 0.1993, lr_0 = 3.9284e-04
Loss = 1.3702e-03, PNorm = 109.2936, GNorm = 0.4407, lr_0 = 3.9269e-04
Loss = 1.4666e-03, PNorm = 109.2953, GNorm = 0.5051, lr_0 = 3.9254e-04
Loss = 1.6938e-03, PNorm = 109.2957, GNorm = 0.1549, lr_0 = 3.9239e-04
Loss = 1.5320e-03, PNorm = 109.2989, GNorm = 0.1172, lr_0 = 3.9224e-04
Loss = 1.5602e-03, PNorm = 109.3021, GNorm = 0.1071, lr_0 = 3.9209e-04
Loss = 1.3013e-03, PNorm = 109.3026, GNorm = 0.4188, lr_0 = 3.9194e-04
Loss = 1.4304e-03, PNorm = 109.3024, GNorm = 0.2256, lr_0 = 3.9179e-04
Loss = 1.6374e-03, PNorm = 109.3054, GNorm = 0.2423, lr_0 = 3.9164e-04
Loss = 1.5382e-03, PNorm = 109.3066, GNorm = 0.1725, lr_0 = 3.9149e-04
Loss = 1.5506e-03, PNorm = 109.3076, GNorm = 0.3284, lr_0 = 3.9134e-04
Loss = 1.5629e-03, PNorm = 109.3095, GNorm = 0.2804, lr_0 = 3.9119e-04
Loss = 1.3504e-03, PNorm = 109.3118, GNorm = 0.1968, lr_0 = 3.9104e-04
Loss = 1.6082e-03, PNorm = 109.3122, GNorm = 0.3474, lr_0 = 3.9089e-04
Loss = 1.6636e-03, PNorm = 109.3145, GNorm = 0.2848, lr_0 = 3.9074e-04
Loss = 1.5448e-03, PNorm = 109.3190, GNorm = 0.1130, lr_0 = 3.9059e-04
Loss = 1.6013e-03, PNorm = 109.3218, GNorm = 0.4579, lr_0 = 3.9044e-04
Loss = 1.5188e-03, PNorm = 109.3238, GNorm = 0.0893, lr_0 = 3.9029e-04
Loss = 1.3962e-03, PNorm = 109.3269, GNorm = 0.1679, lr_0 = 3.9014e-04
Loss = 1.5396e-03, PNorm = 109.3276, GNorm = 0.7165, lr_0 = 3.8999e-04
Loss = 1.7987e-03, PNorm = 109.3296, GNorm = 0.6484, lr_0 = 3.8984e-04
Loss = 1.4947e-03, PNorm = 109.3326, GNorm = 0.3462, lr_0 = 3.8969e-04
Loss = 1.4891e-03, PNorm = 109.3352, GNorm = 0.2954, lr_0 = 3.8954e-04
Loss = 1.5319e-03, PNorm = 109.3381, GNorm = 0.1141, lr_0 = 3.8939e-04
Loss = 1.7466e-03, PNorm = 109.3389, GNorm = 0.2853, lr_0 = 3.8924e-04
Loss = 2.2019e-03, PNorm = 109.3411, GNorm = 0.3910, lr_0 = 3.8909e-04
Loss = 1.9326e-03, PNorm = 109.3441, GNorm = 0.7591, lr_0 = 3.8894e-04
Loss = 1.7133e-03, PNorm = 109.3472, GNorm = 0.3438, lr_0 = 3.8879e-04
Loss = 1.8881e-03, PNorm = 109.3515, GNorm = 0.2152, lr_0 = 3.8864e-04
Loss = 1.7282e-03, PNorm = 109.3543, GNorm = 0.2902, lr_0 = 3.8850e-04
Loss = 1.5577e-03, PNorm = 109.3588, GNorm = 0.5143, lr_0 = 3.8835e-04
Loss = 1.3801e-03, PNorm = 109.3632, GNorm = 0.2728, lr_0 = 3.8820e-04
Loss = 1.5878e-03, PNorm = 109.3647, GNorm = 0.2462, lr_0 = 3.8805e-04
Loss = 1.4664e-03, PNorm = 109.3658, GNorm = 0.1221, lr_0 = 3.8790e-04
Loss = 1.5043e-03, PNorm = 109.3655, GNorm = 0.4575, lr_0 = 3.8775e-04
Loss = 1.9008e-03, PNorm = 109.3692, GNorm = 0.8295, lr_0 = 3.8760e-04
Loss = 2.0074e-03, PNorm = 109.3727, GNorm = 0.6244, lr_0 = 3.8745e-04
Loss = 2.0659e-03, PNorm = 109.3743, GNorm = 0.5204, lr_0 = 3.8730e-04
Loss = 2.1134e-03, PNorm = 109.3780, GNorm = 0.7425, lr_0 = 3.8716e-04
Loss = 1.8991e-03, PNorm = 109.3819, GNorm = 0.6913, lr_0 = 3.8701e-04
Loss = 2.0505e-03, PNorm = 109.3831, GNorm = 0.6980, lr_0 = 3.8686e-04
Loss = 1.9881e-03, PNorm = 109.3871, GNorm = 0.2879, lr_0 = 3.8671e-04
Loss = 1.7917e-03, PNorm = 109.3934, GNorm = 0.1376, lr_0 = 3.8656e-04
Loss = 2.0144e-03, PNorm = 109.3962, GNorm = 0.2144, lr_0 = 3.8641e-04
Loss = 1.4278e-03, PNorm = 109.3996, GNorm = 0.1272, lr_0 = 3.8626e-04
Loss = 1.6495e-03, PNorm = 109.4039, GNorm = 0.4063, lr_0 = 3.8612e-04
Loss = 1.8013e-03, PNorm = 109.4064, GNorm = 0.6695, lr_0 = 3.8597e-04
Loss = 1.5200e-03, PNorm = 109.4107, GNorm = 0.4246, lr_0 = 3.8582e-04
Loss = 1.4776e-03, PNorm = 109.4134, GNorm = 0.1102, lr_0 = 3.8567e-04
Loss = 1.4808e-03, PNorm = 109.4152, GNorm = 0.5842, lr_0 = 3.8552e-04
Loss = 1.7159e-03, PNorm = 109.4174, GNorm = 0.5989, lr_0 = 3.8538e-04
Loss = 1.5802e-03, PNorm = 109.4220, GNorm = 0.4565, lr_0 = 3.8523e-04
Loss = 1.5404e-03, PNorm = 109.4266, GNorm = 0.2545, lr_0 = 3.8508e-04
Loss = 1.6652e-03, PNorm = 109.4300, GNorm = 0.2558, lr_0 = 3.8493e-04
Loss = 1.6967e-03, PNorm = 109.4324, GNorm = 0.2444, lr_0 = 3.8478e-04
Loss = 1.7192e-03, PNorm = 109.4354, GNorm = 0.5361, lr_0 = 3.8464e-04
Loss = 2.0514e-03, PNorm = 109.4382, GNorm = 0.7171, lr_0 = 3.8449e-04
Loss = 1.8207e-03, PNorm = 109.4424, GNorm = 0.5527, lr_0 = 3.8434e-04
Loss = 1.6113e-03, PNorm = 109.4459, GNorm = 0.2436, lr_0 = 3.8419e-04
Loss = 1.5515e-03, PNorm = 109.4483, GNorm = 0.3395, lr_0 = 3.8405e-04
Loss = 1.7252e-03, PNorm = 109.4498, GNorm = 0.3092, lr_0 = 3.8390e-04
Loss = 1.5880e-03, PNorm = 109.4507, GNorm = 0.1296, lr_0 = 3.8375e-04
Loss = 1.8291e-03, PNorm = 109.4540, GNorm = 0.2868, lr_0 = 3.8360e-04
Loss = 1.9476e-03, PNorm = 109.4587, GNorm = 0.4517, lr_0 = 3.8346e-04
Loss = 1.7265e-03, PNorm = 109.4608, GNorm = 0.2238, lr_0 = 3.8331e-04
Loss = 1.9489e-03, PNorm = 109.4626, GNorm = 0.4632, lr_0 = 3.8316e-04
Loss = 1.8096e-03, PNorm = 109.4647, GNorm = 0.1562, lr_0 = 3.8302e-04
Loss = 1.8898e-03, PNorm = 109.4676, GNorm = 0.3275, lr_0 = 3.8287e-04
Loss = 1.7412e-03, PNorm = 109.4715, GNorm = 0.2911, lr_0 = 3.8272e-04
Loss = 2.0972e-03, PNorm = 109.4746, GNorm = 0.7067, lr_0 = 3.8257e-04
Loss = 2.0352e-03, PNorm = 109.4758, GNorm = 0.6307, lr_0 = 3.8243e-04
Loss = 2.3332e-03, PNorm = 109.4772, GNorm = 0.4724, lr_0 = 3.8228e-04
Loss = 2.5491e-03, PNorm = 109.4811, GNorm = 0.5144, lr_0 = 3.8213e-04
Loss = 2.9156e-03, PNorm = 109.4871, GNorm = 0.3772, lr_0 = 3.8199e-04
Loss = 2.6618e-03, PNorm = 109.4934, GNorm = 0.5131, lr_0 = 3.8184e-04
Loss = 2.3355e-03, PNorm = 109.4997, GNorm = 0.5198, lr_0 = 3.8169e-04
Loss = 2.6321e-03, PNorm = 109.5045, GNorm = 0.8916, lr_0 = 3.8155e-04
Loss = 2.5851e-03, PNorm = 109.5086, GNorm = 0.2327, lr_0 = 3.8140e-04
Loss = 2.7122e-03, PNorm = 109.5127, GNorm = 0.4690, lr_0 = 3.8126e-04
Loss = 2.7000e-03, PNorm = 109.5200, GNorm = 0.7579, lr_0 = 3.8111e-04
Loss = 2.3209e-03, PNorm = 109.5242, GNorm = 0.0940, lr_0 = 3.8096e-04
Loss = 2.0747e-03, PNorm = 109.5255, GNorm = 0.2798, lr_0 = 3.8082e-04
Loss = 2.1423e-03, PNorm = 109.5272, GNorm = 0.2822, lr_0 = 3.8067e-04
Loss = 2.2854e-03, PNorm = 109.5283, GNorm = 0.2827, lr_0 = 3.8052e-04
Loss = 2.1892e-03, PNorm = 109.5316, GNorm = 0.7751, lr_0 = 3.8038e-04
Loss = 2.3131e-03, PNorm = 109.5351, GNorm = 0.8439, lr_0 = 3.8023e-04
Loss = 2.1634e-03, PNorm = 109.5389, GNorm = 0.3556, lr_0 = 3.8009e-04
Loss = 1.8828e-03, PNorm = 109.5428, GNorm = 0.1440, lr_0 = 3.7994e-04
Loss = 1.9006e-03, PNorm = 109.5465, GNorm = 0.1107, lr_0 = 3.7979e-04
Loss = 1.9673e-03, PNorm = 109.5484, GNorm = 0.1680, lr_0 = 3.7965e-04
Loss = 1.6344e-03, PNorm = 109.5500, GNorm = 0.3356, lr_0 = 3.7950e-04
Loss = 1.5928e-03, PNorm = 109.5515, GNorm = 0.1524, lr_0 = 3.7936e-04
Loss = 1.7655e-03, PNorm = 109.5560, GNorm = 0.5871, lr_0 = 3.7921e-04
Loss = 1.8767e-03, PNorm = 109.5617, GNorm = 0.3543, lr_0 = 3.7907e-04
Loss = 1.7907e-03, PNorm = 109.5654, GNorm = 0.0910, lr_0 = 3.7892e-04
Loss = 1.7243e-03, PNorm = 109.5654, GNorm = 0.1950, lr_0 = 3.7878e-04
Loss = 1.7583e-03, PNorm = 109.5687, GNorm = 0.8000, lr_0 = 3.7863e-04
Loss = 1.9371e-03, PNorm = 109.5716, GNorm = 0.5482, lr_0 = 3.7848e-04
Loss = 1.7174e-03, PNorm = 109.5736, GNorm = 0.3655, lr_0 = 3.7834e-04
Loss = 1.8315e-03, PNorm = 109.5764, GNorm = 0.1414, lr_0 = 3.7819e-04
Loss = 1.7620e-03, PNorm = 109.5777, GNorm = 0.1820, lr_0 = 3.7805e-04
Loss = 1.9880e-03, PNorm = 109.5796, GNorm = 0.7567, lr_0 = 3.7790e-04
Loss = 1.4996e-03, PNorm = 109.5833, GNorm = 0.1426, lr_0 = 3.7776e-04
Loss = 1.7073e-03, PNorm = 109.5868, GNorm = 0.2562, lr_0 = 3.7761e-04
Loss = 1.6070e-03, PNorm = 109.5904, GNorm = 0.5235, lr_0 = 3.7747e-04
Loss = 1.8109e-03, PNorm = 109.5943, GNorm = 0.2541, lr_0 = 3.7732e-04
Loss = 1.5366e-03, PNorm = 109.5965, GNorm = 0.1711, lr_0 = 3.7718e-04
Loss = 1.6799e-03, PNorm = 109.5997, GNorm = 0.2672, lr_0 = 3.7703e-04
Loss = 1.6013e-03, PNorm = 109.6013, GNorm = 0.2897, lr_0 = 3.7689e-04
Loss = 1.5770e-03, PNorm = 109.6044, GNorm = 0.0975, lr_0 = 3.7674e-04
Loss = 1.3722e-03, PNorm = 109.6067, GNorm = 0.1402, lr_0 = 3.7660e-04
Loss = 1.2938e-03, PNorm = 109.6096, GNorm = 0.1616, lr_0 = 3.7646e-04
Loss = 1.3587e-03, PNorm = 109.6119, GNorm = 0.3785, lr_0 = 3.7631e-04
Loss = 1.3276e-03, PNorm = 109.6139, GNorm = 0.0751, lr_0 = 3.7617e-04
Loss = 1.3539e-03, PNorm = 109.6171, GNorm = 0.4371, lr_0 = 3.7602e-04
Loss = 1.2970e-03, PNorm = 109.6184, GNorm = 0.1769, lr_0 = 3.7588e-04
Loss = 1.2816e-03, PNorm = 109.6195, GNorm = 0.3594, lr_0 = 3.7573e-04
Loss = 1.2151e-03, PNorm = 109.6221, GNorm = 0.3253, lr_0 = 3.7559e-04
Loss = 1.3512e-03, PNorm = 109.6228, GNorm = 0.1309, lr_0 = 3.7545e-04
Loss = 1.2160e-03, PNorm = 109.6239, GNorm = 0.1186, lr_0 = 3.7530e-04
Loss = 1.3700e-03, PNorm = 109.6255, GNorm = 0.3244, lr_0 = 3.7516e-04
Loss = 1.2793e-03, PNorm = 109.6264, GNorm = 0.3699, lr_0 = 3.7501e-04
Loss = 1.2426e-03, PNorm = 109.6268, GNorm = 0.1191, lr_0 = 3.7487e-04
Loss = 1.2244e-03, PNorm = 109.6283, GNorm = 0.2127, lr_0 = 3.7473e-04
Loss = 1.1580e-03, PNorm = 109.6300, GNorm = 0.2944, lr_0 = 3.7458e-04
Loss = 1.2917e-03, PNorm = 109.6308, GNorm = 0.1505, lr_0 = 3.7444e-04
Loss = 1.2245e-03, PNorm = 109.6325, GNorm = 0.0965, lr_0 = 3.7429e-04
Loss = 1.2609e-03, PNorm = 109.6344, GNorm = 0.2108, lr_0 = 3.7415e-04
Loss = 1.1070e-03, PNorm = 109.6365, GNorm = 0.1445, lr_0 = 3.7401e-04
Loss = 1.2971e-03, PNorm = 109.6399, GNorm = 0.3145, lr_0 = 3.7386e-04
Loss = 1.5221e-03, PNorm = 109.6409, GNorm = 0.5333, lr_0 = 3.7372e-04
Loss = 1.3299e-03, PNorm = 109.6426, GNorm = 0.1833, lr_0 = 3.7358e-04
Loss = 1.1501e-03, PNorm = 109.6435, GNorm = 0.1244, lr_0 = 3.7343e-04
Loss = 1.0588e-03, PNorm = 109.6449, GNorm = 0.1766, lr_0 = 3.7329e-04
Loss = 1.1608e-03, PNorm = 109.6475, GNorm = 0.2402, lr_0 = 3.7315e-04
Loss = 1.1331e-03, PNorm = 109.6496, GNorm = 0.6541, lr_0 = 3.7300e-04
Loss = 1.2390e-03, PNorm = 109.6524, GNorm = 0.1921, lr_0 = 3.7286e-04
Loss = 1.1518e-03, PNorm = 109.6556, GNorm = 0.1529, lr_0 = 3.7272e-04
Loss = 9.4417e-04, PNorm = 109.6572, GNorm = 0.0845, lr_0 = 3.7257e-04
Loss = 1.0620e-03, PNorm = 109.6582, GNorm = 0.0874, lr_0 = 3.7243e-04
Loss = 1.2311e-03, PNorm = 109.6585, GNorm = 0.1918, lr_0 = 3.7229e-04
Loss = 9.3628e-04, PNorm = 109.6604, GNorm = 0.0791, lr_0 = 3.7214e-04
Loss = 9.9330e-04, PNorm = 109.6611, GNorm = 0.2294, lr_0 = 3.7200e-04
Loss = 9.9459e-04, PNorm = 109.6616, GNorm = 0.1607, lr_0 = 3.7186e-04
Loss = 1.1234e-03, PNorm = 109.6628, GNorm = 0.1770, lr_0 = 3.7172e-04
Loss = 1.0199e-03, PNorm = 109.6633, GNorm = 0.3524, lr_0 = 3.7157e-04
Loss = 1.0254e-03, PNorm = 109.6660, GNorm = 0.1946, lr_0 = 3.7143e-04
Loss = 1.0383e-03, PNorm = 109.6695, GNorm = 0.6337, lr_0 = 3.7129e-04
Loss = 1.3287e-03, PNorm = 109.6712, GNorm = 0.1130, lr_0 = 3.7115e-04
Loss = 1.1072e-03, PNorm = 109.6722, GNorm = 0.1405, lr_0 = 3.7100e-04
Loss = 1.0526e-03, PNorm = 109.6739, GNorm = 0.0871, lr_0 = 3.7086e-04
Loss = 9.5285e-04, PNorm = 109.6754, GNorm = 0.0633, lr_0 = 3.7072e-04
Loss = 1.1747e-03, PNorm = 109.6752, GNorm = 0.2259, lr_0 = 3.7058e-04
Loss = 1.0061e-03, PNorm = 109.6762, GNorm = 0.1647, lr_0 = 3.7043e-04
Loss = 1.1174e-03, PNorm = 109.6778, GNorm = 0.1424, lr_0 = 3.7029e-04
Loss = 1.2133e-03, PNorm = 109.6805, GNorm = 0.3518, lr_0 = 3.7015e-04
Loss = 1.2221e-03, PNorm = 109.6831, GNorm = 0.1160, lr_0 = 3.7001e-04
Loss = 1.4374e-03, PNorm = 109.6834, GNorm = 0.1147, lr_0 = 3.6987e-04
Loss = 9.9219e-04, PNorm = 109.6861, GNorm = 0.1165, lr_0 = 3.6972e-04
Loss = 1.3058e-03, PNorm = 109.6886, GNorm = 0.4453, lr_0 = 3.6958e-04
Loss = 1.2195e-03, PNorm = 109.6906, GNorm = 0.2846, lr_0 = 3.6944e-04
Loss = 1.1855e-03, PNorm = 109.6935, GNorm = 0.1431, lr_0 = 3.6930e-04
Loss = 1.1959e-03, PNorm = 109.6950, GNorm = 0.1421, lr_0 = 3.6916e-04
Loss = 1.1394e-03, PNorm = 109.6965, GNorm = 0.1185, lr_0 = 3.6901e-04
Loss = 1.1512e-03, PNorm = 109.6978, GNorm = 0.1391, lr_0 = 3.6887e-04
Loss = 1.5275e-03, PNorm = 109.6983, GNorm = 0.2136, lr_0 = 3.6873e-04
Loss = 1.0996e-03, PNorm = 109.7016, GNorm = 0.2966, lr_0 = 3.6859e-04
Loss = 1.3930e-03, PNorm = 109.7035, GNorm = 0.2437, lr_0 = 3.6845e-04
Loss = 1.1315e-03, PNorm = 109.7070, GNorm = 0.1724, lr_0 = 3.6831e-04
Loss = 1.5100e-03, PNorm = 109.7083, GNorm = 0.4195, lr_0 = 3.6817e-04
Loss = 1.5101e-03, PNorm = 109.7099, GNorm = 0.3596, lr_0 = 3.6802e-04
Loss = 1.5439e-03, PNorm = 109.7118, GNorm = 0.4819, lr_0 = 3.6788e-04
Loss = 1.3933e-03, PNorm = 109.7154, GNorm = 0.3505, lr_0 = 3.6774e-04
Loss = 1.2861e-03, PNorm = 109.7176, GNorm = 0.0794, lr_0 = 3.6760e-04
Loss = 1.2752e-03, PNorm = 109.7199, GNorm = 0.1614, lr_0 = 3.6746e-04
Loss = 1.2662e-03, PNorm = 109.7223, GNorm = 0.3591, lr_0 = 3.6732e-04
Loss = 1.1874e-03, PNorm = 109.7248, GNorm = 0.3642, lr_0 = 3.6718e-04
Loss = 1.2614e-03, PNorm = 109.7300, GNorm = 0.2579, lr_0 = 3.6704e-04
Loss = 1.0970e-03, PNorm = 109.7329, GNorm = 0.1829, lr_0 = 3.6690e-04
Loss = 1.3795e-03, PNorm = 109.7369, GNorm = 0.0887, lr_0 = 3.6675e-04
Loss = 1.2302e-03, PNorm = 109.7393, GNorm = 0.1866, lr_0 = 3.6661e-04
Loss = 1.1169e-03, PNorm = 109.7425, GNorm = 0.0949, lr_0 = 3.6647e-04
Loss = 1.2530e-03, PNorm = 109.7434, GNorm = 0.1060, lr_0 = 3.6633e-04
Loss = 1.2062e-03, PNorm = 109.7453, GNorm = 0.2074, lr_0 = 3.6619e-04
Loss = 1.1222e-03, PNorm = 109.7469, GNorm = 0.3085, lr_0 = 3.6605e-04
Loss = 1.1894e-03, PNorm = 109.7489, GNorm = 0.1632, lr_0 = 3.6591e-04
Loss = 1.1272e-03, PNorm = 109.7520, GNorm = 0.1772, lr_0 = 3.6577e-04
Loss = 1.2801e-03, PNorm = 109.7555, GNorm = 0.0619, lr_0 = 3.6563e-04
Loss = 1.5311e-03, PNorm = 109.7564, GNorm = 0.4068, lr_0 = 3.6549e-04
Loss = 1.2805e-03, PNorm = 109.7567, GNorm = 0.1226, lr_0 = 3.6535e-04
Loss = 1.6381e-03, PNorm = 109.7582, GNorm = 0.9798, lr_0 = 3.6521e-04
Loss = 1.5283e-03, PNorm = 109.7600, GNorm = 0.4983, lr_0 = 3.6507e-04
Loss = 1.3548e-03, PNorm = 109.7635, GNorm = 0.0804, lr_0 = 3.6493e-04
Loss = 1.4121e-03, PNorm = 109.7664, GNorm = 0.3943, lr_0 = 3.6479e-04
Loss = 1.3839e-03, PNorm = 109.7689, GNorm = 0.1636, lr_0 = 3.6465e-04
Loss = 1.1225e-03, PNorm = 109.7714, GNorm = 0.0857, lr_0 = 3.6451e-04
Loss = 1.0852e-03, PNorm = 109.7733, GNorm = 0.1035, lr_0 = 3.6437e-04
Loss = 1.4701e-03, PNorm = 109.7739, GNorm = 0.3268, lr_0 = 3.6423e-04
Loss = 1.3315e-03, PNorm = 109.7777, GNorm = 0.2183, lr_0 = 3.6409e-04
Loss = 1.2866e-03, PNorm = 109.7812, GNorm = 0.4458, lr_0 = 3.6395e-04
Loss = 1.4510e-03, PNorm = 109.7825, GNorm = 0.5333, lr_0 = 3.6381e-04
Loss = 1.3154e-03, PNorm = 109.7835, GNorm = 0.1889, lr_0 = 3.6367e-04
Loss = 1.2001e-03, PNorm = 109.7856, GNorm = 0.0875, lr_0 = 3.6353e-04
Loss = 1.0769e-03, PNorm = 109.7873, GNorm = 0.3563, lr_0 = 3.6339e-04
Loss = 1.1559e-03, PNorm = 109.7890, GNorm = 0.2837, lr_0 = 3.6325e-04
Loss = 1.0741e-03, PNorm = 109.7912, GNorm = 0.1840, lr_0 = 3.6311e-04
Loss = 1.0549e-03, PNorm = 109.7944, GNorm = 0.4007, lr_0 = 3.6297e-04
Loss = 9.4655e-04, PNorm = 109.7959, GNorm = 0.1474, lr_0 = 3.6283e-04
Loss = 1.0977e-03, PNorm = 109.7967, GNorm = 0.1455, lr_0 = 3.6269e-04
Loss = 9.8746e-04, PNorm = 109.7968, GNorm = 0.1878, lr_0 = 3.6255e-04
Loss = 1.1250e-03, PNorm = 109.7979, GNorm = 0.1285, lr_0 = 3.6242e-04
Loss = 9.9651e-04, PNorm = 109.7989, GNorm = 0.1099, lr_0 = 3.6228e-04
Loss = 1.0435e-03, PNorm = 109.8011, GNorm = 0.1513, lr_0 = 3.6214e-04
Loss = 1.3026e-03, PNorm = 109.8035, GNorm = 0.3187, lr_0 = 3.6200e-04
Loss = 1.1693e-03, PNorm = 109.8048, GNorm = 0.4907, lr_0 = 3.6186e-04
Loss = 1.1461e-03, PNorm = 109.8079, GNorm = 0.1784, lr_0 = 3.6172e-04
Loss = 1.2906e-03, PNorm = 109.8101, GNorm = 0.3744, lr_0 = 3.6158e-04
Loss = 1.1153e-03, PNorm = 109.8126, GNorm = 0.1005, lr_0 = 3.6144e-04
Loss = 1.0568e-03, PNorm = 109.8145, GNorm = 0.2892, lr_0 = 3.6130e-04
Loss = 1.3795e-03, PNorm = 109.8179, GNorm = 0.1549, lr_0 = 3.6117e-04
Loss = 1.1793e-03, PNorm = 109.8206, GNorm = 0.1385, lr_0 = 3.6103e-04
Loss = 1.2294e-03, PNorm = 109.8228, GNorm = 0.4491, lr_0 = 3.6089e-04
Loss = 1.1143e-03, PNorm = 109.8263, GNorm = 0.1224, lr_0 = 3.6075e-04
Loss = 1.3800e-03, PNorm = 109.8284, GNorm = 0.3072, lr_0 = 3.6061e-04
Loss = 1.2553e-03, PNorm = 109.8291, GNorm = 0.1057, lr_0 = 3.6047e-04
Loss = 1.3997e-03, PNorm = 109.8311, GNorm = 0.1492, lr_0 = 3.6033e-04
Loss = 1.1305e-03, PNorm = 109.8326, GNorm = 0.1202, lr_0 = 3.6020e-04
Loss = 1.2464e-03, PNorm = 109.8358, GNorm = 0.1356, lr_0 = 3.6006e-04
Loss = 1.2016e-03, PNorm = 109.8384, GNorm = 0.1029, lr_0 = 3.5992e-04
Loss = 1.3447e-03, PNorm = 109.8406, GNorm = 0.6036, lr_0 = 3.5978e-04
Loss = 1.2743e-03, PNorm = 109.8448, GNorm = 0.2158, lr_0 = 3.5964e-04
Loss = 1.1713e-03, PNorm = 109.8482, GNorm = 0.5173, lr_0 = 3.5951e-04
Loss = 1.2385e-03, PNorm = 109.8492, GNorm = 0.2723, lr_0 = 3.5937e-04
Loss = 1.2139e-03, PNorm = 109.8519, GNorm = 0.1479, lr_0 = 3.5923e-04
Loss = 1.4563e-03, PNorm = 109.8547, GNorm = 0.2806, lr_0 = 3.5909e-04
Loss = 1.3063e-03, PNorm = 109.8571, GNorm = 0.3847, lr_0 = 3.5895e-04
Loss = 1.2498e-03, PNorm = 109.8589, GNorm = 0.3677, lr_0 = 3.5882e-04
Loss = 1.4754e-03, PNorm = 109.8600, GNorm = 0.4210, lr_0 = 3.5868e-04
Loss = 1.3413e-03, PNorm = 109.8625, GNorm = 0.6193, lr_0 = 3.5854e-04
Loss = 1.6017e-03, PNorm = 109.8657, GNorm = 0.0919, lr_0 = 3.5840e-04
Loss = 1.4997e-03, PNorm = 109.8702, GNorm = 0.3807, lr_0 = 3.5827e-04
Loss = 1.5229e-03, PNorm = 109.8739, GNorm = 0.5639, lr_0 = 3.5813e-04
Loss = 1.7000e-03, PNorm = 109.8766, GNorm = 0.4793, lr_0 = 3.5799e-04
Loss = 1.5424e-03, PNorm = 109.8783, GNorm = 0.4276, lr_0 = 3.5785e-04
Loss = 1.4939e-03, PNorm = 109.8814, GNorm = 0.0858, lr_0 = 3.5772e-04
Loss = 1.2042e-03, PNorm = 109.8857, GNorm = 0.2627, lr_0 = 3.5758e-04
Loss = 1.5220e-03, PNorm = 109.8874, GNorm = 0.1945, lr_0 = 3.5744e-04
Loss = 1.3214e-03, PNorm = 109.8886, GNorm = 0.4595, lr_0 = 3.5730e-04
Loss = 1.2554e-03, PNorm = 109.8909, GNorm = 0.2397, lr_0 = 3.5717e-04
Loss = 1.0749e-03, PNorm = 109.8945, GNorm = 0.0727, lr_0 = 3.5703e-04
Loss = 1.2222e-03, PNorm = 109.8959, GNorm = 0.2064, lr_0 = 3.5689e-04
Loss = 1.2575e-03, PNorm = 109.8972, GNorm = 0.1185, lr_0 = 3.5676e-04
Loss = 1.0419e-03, PNorm = 109.8981, GNorm = 0.3025, lr_0 = 3.5662e-04
Loss = 1.2475e-03, PNorm = 109.8999, GNorm = 0.1217, lr_0 = 3.5648e-04
Loss = 1.3182e-03, PNorm = 109.9042, GNorm = 0.1073, lr_0 = 3.5635e-04
Loss = 1.2834e-03, PNorm = 109.9052, GNorm = 0.1083, lr_0 = 3.5621e-04
Loss = 1.1513e-03, PNorm = 109.9052, GNorm = 0.3473, lr_0 = 3.5607e-04
Loss = 1.1915e-03, PNorm = 109.9076, GNorm = 0.0885, lr_0 = 3.5593e-04
Loss = 1.1757e-03, PNorm = 109.9088, GNorm = 0.2324, lr_0 = 3.5580e-04
Loss = 1.2831e-03, PNorm = 109.9116, GNorm = 0.2922, lr_0 = 3.5566e-04
Loss = 1.2433e-03, PNorm = 109.9141, GNorm = 0.2457, lr_0 = 3.5553e-04
Loss = 1.3673e-03, PNorm = 109.9166, GNorm = 0.1818, lr_0 = 3.5539e-04
Loss = 1.2479e-03, PNorm = 109.9193, GNorm = 0.4961, lr_0 = 3.5525e-04
Loss = 1.2925e-03, PNorm = 109.9212, GNorm = 0.4850, lr_0 = 3.5512e-04
Loss = 1.2630e-03, PNorm = 109.9227, GNorm = 0.1095, lr_0 = 3.5498e-04
Loss = 1.2675e-03, PNorm = 109.9242, GNorm = 0.1904, lr_0 = 3.5484e-04
Loss = 1.6434e-03, PNorm = 109.9265, GNorm = 0.3100, lr_0 = 3.5471e-04
Loss = 1.3015e-03, PNorm = 109.9274, GNorm = 0.1838, lr_0 = 3.5457e-04
Loss = 1.0382e-03, PNorm = 109.9295, GNorm = 0.2117, lr_0 = 3.5443e-04
Loss = 1.2913e-03, PNorm = 109.9320, GNorm = 0.2504, lr_0 = 3.5430e-04
Loss = 1.2219e-03, PNorm = 109.9329, GNorm = 0.1469, lr_0 = 3.5416e-04
Loss = 1.2604e-03, PNorm = 109.9341, GNorm = 0.3480, lr_0 = 3.5403e-04
Loss = 1.4151e-03, PNorm = 109.9358, GNorm = 0.2250, lr_0 = 3.5389e-04
Loss = 1.3493e-03, PNorm = 109.9403, GNorm = 0.4823, lr_0 = 3.5376e-04
Loss = 1.3102e-03, PNorm = 109.9435, GNorm = 0.4783, lr_0 = 3.5362e-04
Loss = 1.4433e-03, PNorm = 109.9474, GNorm = 0.2506, lr_0 = 3.5348e-04
Loss = 1.4431e-03, PNorm = 109.9489, GNorm = 0.2881, lr_0 = 3.5335e-04
Loss = 1.2485e-03, PNorm = 109.9497, GNorm = 0.0892, lr_0 = 3.5321e-04
Loss = 1.2511e-03, PNorm = 109.9510, GNorm = 0.3859, lr_0 = 3.5308e-04
Loss = 1.1638e-03, PNorm = 109.9539, GNorm = 0.1662, lr_0 = 3.5294e-04
Loss = 1.2736e-03, PNorm = 109.9572, GNorm = 0.2813, lr_0 = 3.5281e-04
Loss = 1.3193e-03, PNorm = 109.9593, GNorm = 0.2328, lr_0 = 3.5267e-04
Loss = 1.2295e-03, PNorm = 109.9609, GNorm = 0.1517, lr_0 = 3.5253e-04
Loss = 1.1499e-03, PNorm = 109.9632, GNorm = 0.4749, lr_0 = 3.5240e-04
Loss = 1.3347e-03, PNorm = 109.9661, GNorm = 0.1558, lr_0 = 3.5226e-04
Loss = 1.1273e-03, PNorm = 109.9684, GNorm = 0.1290, lr_0 = 3.5213e-04
Loss = 1.1527e-03, PNorm = 109.9703, GNorm = 0.6320, lr_0 = 3.5199e-04
Loss = 1.4345e-03, PNorm = 109.9714, GNorm = 0.1348, lr_0 = 3.5186e-04
Loss = 1.2741e-03, PNorm = 109.9718, GNorm = 0.2267, lr_0 = 3.5172e-04
Loss = 1.3494e-03, PNorm = 109.9726, GNorm = 0.4417, lr_0 = 3.5159e-04
Loss = 1.4194e-03, PNorm = 109.9742, GNorm = 0.2439, lr_0 = 3.5145e-04
Loss = 1.4671e-03, PNorm = 109.9778, GNorm = 0.1405, lr_0 = 3.5132e-04
Loss = 1.2902e-03, PNorm = 109.9820, GNorm = 0.1132, lr_0 = 3.5118e-04
Loss = 1.2769e-03, PNorm = 109.9848, GNorm = 0.1536, lr_0 = 3.5105e-04
Loss = 1.2382e-03, PNorm = 109.9859, GNorm = 0.2004, lr_0 = 3.5091e-04
Loss = 1.1113e-03, PNorm = 109.9867, GNorm = 0.1715, lr_0 = 3.5078e-04
Loss = 1.2355e-03, PNorm = 109.9894, GNorm = 0.2224, lr_0 = 3.5065e-04
Loss = 1.3794e-03, PNorm = 109.9915, GNorm = 0.3624, lr_0 = 3.5051e-04
Loss = 1.1971e-03, PNorm = 109.9936, GNorm = 0.1376, lr_0 = 3.5038e-04
Loss = 1.3906e-03, PNorm = 109.9968, GNorm = 0.1994, lr_0 = 3.5024e-04
Loss = 1.2145e-03, PNorm = 109.9999, GNorm = 0.5237, lr_0 = 3.5011e-04
Loss = 1.3184e-03, PNorm = 110.0024, GNorm = 0.6691, lr_0 = 3.4997e-04
Loss = 1.4791e-03, PNorm = 110.0044, GNorm = 0.3636, lr_0 = 3.4984e-04
Loss = 1.4087e-03, PNorm = 110.0081, GNorm = 0.1712, lr_0 = 3.4970e-04
Loss = 1.2918e-03, PNorm = 110.0112, GNorm = 0.1370, lr_0 = 3.4957e-04
Loss = 1.3168e-03, PNorm = 110.0124, GNorm = 0.1653, lr_0 = 3.4944e-04
Loss = 1.3176e-03, PNorm = 110.0142, GNorm = 0.1527, lr_0 = 3.4930e-04
Loss = 1.2751e-03, PNorm = 110.0167, GNorm = 0.2023, lr_0 = 3.4917e-04
Loss = 1.2374e-03, PNorm = 110.0191, GNorm = 0.2609, lr_0 = 3.4903e-04
Loss = 1.2123e-03, PNorm = 110.0224, GNorm = 0.1364, lr_0 = 3.4890e-04
Loss = 1.4077e-03, PNorm = 110.0248, GNorm = 0.2805, lr_0 = 3.4877e-04
Loss = 1.3143e-03, PNorm = 110.0271, GNorm = 0.0966, lr_0 = 3.4863e-04
Loss = 1.5013e-03, PNorm = 110.0284, GNorm = 0.3188, lr_0 = 3.4850e-04
Loss = 1.3104e-03, PNorm = 110.0302, GNorm = 0.2615, lr_0 = 3.4836e-04
Loss = 1.1660e-03, PNorm = 110.0334, GNorm = 0.1513, lr_0 = 3.4823e-04
Loss = 1.2058e-03, PNorm = 110.0355, GNorm = 0.2085, lr_0 = 3.4810e-04
Loss = 1.4669e-03, PNorm = 110.0365, GNorm = 0.3179, lr_0 = 3.4796e-04
Loss = 1.2164e-03, PNorm = 110.0376, GNorm = 0.0869, lr_0 = 3.4783e-04
Loss = 1.1462e-03, PNorm = 110.0384, GNorm = 0.1250, lr_0 = 3.4770e-04
Loss = 1.0660e-03, PNorm = 110.0387, GNorm = 0.2702, lr_0 = 3.4756e-04
Loss = 1.1976e-03, PNorm = 110.0415, GNorm = 0.1416, lr_0 = 3.4743e-04
Loss = 1.0345e-03, PNorm = 110.0430, GNorm = 0.1018, lr_0 = 3.4730e-04
Loss = 1.2688e-03, PNorm = 110.0447, GNorm = 0.2739, lr_0 = 3.4716e-04
Loss = 1.4085e-03, PNorm = 110.0474, GNorm = 0.2157, lr_0 = 3.4703e-04
Loss = 1.3045e-03, PNorm = 110.0510, GNorm = 0.0845, lr_0 = 3.4690e-04
Loss = 1.4275e-03, PNorm = 110.0529, GNorm = 0.3075, lr_0 = 3.4676e-04
Loss = 1.3679e-03, PNorm = 110.0549, GNorm = 0.1504, lr_0 = 3.4663e-04
Loss = 1.5174e-03, PNorm = 110.0570, GNorm = 0.2042, lr_0 = 3.4650e-04
Loss = 1.2837e-03, PNorm = 110.0591, GNorm = 0.1544, lr_0 = 3.4636e-04
Loss = 1.2496e-03, PNorm = 110.0617, GNorm = 0.0745, lr_0 = 3.4623e-04
Loss = 1.3242e-03, PNorm = 110.0650, GNorm = 0.3363, lr_0 = 3.4610e-04
Loss = 1.2594e-03, PNorm = 110.0676, GNorm = 0.2438, lr_0 = 3.4597e-04
Loss = 1.2352e-03, PNorm = 110.0688, GNorm = 0.1884, lr_0 = 3.4583e-04
Loss = 1.2866e-03, PNorm = 110.0709, GNorm = 0.1097, lr_0 = 3.4570e-04
Loss = 1.3708e-03, PNorm = 110.0737, GNorm = 0.2788, lr_0 = 3.4557e-04
Loss = 1.1562e-03, PNorm = 110.0767, GNorm = 0.1568, lr_0 = 3.4543e-04
Loss = 1.3319e-03, PNorm = 110.0805, GNorm = 0.2380, lr_0 = 3.4530e-04
Loss = 1.3689e-03, PNorm = 110.0833, GNorm = 0.1348, lr_0 = 3.4517e-04
Loss = 1.2366e-03, PNorm = 110.0844, GNorm = 0.4306, lr_0 = 3.4504e-04
Loss = 1.2527e-03, PNorm = 110.0855, GNorm = 0.1088, lr_0 = 3.4490e-04
Loss = 1.0269e-03, PNorm = 110.0868, GNorm = 0.1411, lr_0 = 3.4477e-04
Loss = 1.3210e-03, PNorm = 110.0883, GNorm = 0.2702, lr_0 = 3.4464e-04
Loss = 1.1067e-03, PNorm = 110.0915, GNorm = 0.1772, lr_0 = 3.4451e-04
Loss = 1.4579e-03, PNorm = 110.0926, GNorm = 0.2255, lr_0 = 3.4437e-04
Loss = 1.1358e-03, PNorm = 110.0966, GNorm = 0.2899, lr_0 = 3.4424e-04
Loss = 1.0557e-03, PNorm = 110.1011, GNorm = 0.1982, lr_0 = 3.4411e-04
Loss = 1.3099e-03, PNorm = 110.1035, GNorm = 0.1506, lr_0 = 3.4398e-04
Loss = 1.4791e-03, PNorm = 110.1042, GNorm = 0.4948, lr_0 = 3.4385e-04
Loss = 1.5275e-03, PNorm = 110.1065, GNorm = 0.5477, lr_0 = 3.4371e-04
Loss = 1.3908e-03, PNorm = 110.1100, GNorm = 0.2672, lr_0 = 3.4358e-04
Loss = 1.1126e-03, PNorm = 110.1135, GNorm = 0.1587, lr_0 = 3.4345e-04
Loss = 1.1801e-03, PNorm = 110.1146, GNorm = 0.1851, lr_0 = 3.4332e-04
Loss = 1.2504e-03, PNorm = 110.1165, GNorm = 0.5786, lr_0 = 3.4319e-04
Loss = 1.3971e-03, PNorm = 110.1214, GNorm = 0.5430, lr_0 = 3.4306e-04
Loss = 1.1506e-03, PNorm = 110.1253, GNorm = 0.2388, lr_0 = 3.4292e-04
Loss = 1.2308e-03, PNorm = 110.1265, GNorm = 0.0928, lr_0 = 3.4279e-04
Loss = 1.1008e-03, PNorm = 110.1246, GNorm = 0.0630, lr_0 = 3.4266e-04
Loss = 1.2645e-03, PNorm = 110.1242, GNorm = 0.2574, lr_0 = 3.4253e-04
Loss = 1.2006e-03, PNorm = 110.1258, GNorm = 0.2369, lr_0 = 3.4240e-04
Loss = 1.3781e-03, PNorm = 110.1293, GNorm = 0.1562, lr_0 = 3.4227e-04
Loss = 1.3572e-03, PNorm = 110.1314, GNorm = 0.1422, lr_0 = 3.4213e-04
Loss = 1.4238e-03, PNorm = 110.1333, GNorm = 0.1219, lr_0 = 3.4200e-04
Loss = 1.4363e-03, PNorm = 110.1356, GNorm = 0.2689, lr_0 = 3.4187e-04
Loss = 1.4408e-03, PNorm = 110.1381, GNorm = 0.6049, lr_0 = 3.4174e-04
Loss = 1.2833e-03, PNorm = 110.1393, GNorm = 0.4111, lr_0 = 3.4161e-04
Loss = 1.3205e-03, PNorm = 110.1411, GNorm = 0.5774, lr_0 = 3.4148e-04
Loss = 1.2857e-03, PNorm = 110.1426, GNorm = 0.1449, lr_0 = 3.4135e-04
Loss = 1.2788e-03, PNorm = 110.1451, GNorm = 0.0828, lr_0 = 3.4122e-04
Loss = 1.3512e-03, PNorm = 110.1479, GNorm = 0.2943, lr_0 = 3.4109e-04
Loss = 1.1403e-03, PNorm = 110.1509, GNorm = 0.0788, lr_0 = 3.4095e-04
Loss = 1.3335e-03, PNorm = 110.1524, GNorm = 0.3411, lr_0 = 3.4082e-04
Loss = 1.2660e-03, PNorm = 110.1539, GNorm = 0.1129, lr_0 = 3.4069e-04
Loss = 1.5566e-03, PNorm = 110.1555, GNorm = 0.3552, lr_0 = 3.4056e-04
Loss = 1.2978e-03, PNorm = 110.1575, GNorm = 0.3280, lr_0 = 3.4043e-04
Loss = 1.4377e-03, PNorm = 110.1585, GNorm = 0.1776, lr_0 = 3.4030e-04
Loss = 1.2481e-03, PNorm = 110.1594, GNorm = 0.1121, lr_0 = 3.4017e-04
Loss = 1.5170e-03, PNorm = 110.1635, GNorm = 0.1376, lr_0 = 3.4004e-04
Loss = 1.4044e-03, PNorm = 110.1660, GNorm = 0.1086, lr_0 = 3.3991e-04
Loss = 1.3950e-03, PNorm = 110.1656, GNorm = 0.4434, lr_0 = 3.3978e-04
Loss = 1.2196e-03, PNorm = 110.1670, GNorm = 0.0682, lr_0 = 3.3965e-04
Loss = 1.4109e-03, PNorm = 110.1704, GNorm = 0.2816, lr_0 = 3.3952e-04
Loss = 1.4362e-03, PNorm = 110.1749, GNorm = 0.7053, lr_0 = 3.3939e-04
Loss = 1.4321e-03, PNorm = 110.1768, GNorm = 0.5155, lr_0 = 3.3926e-04
Loss = 1.3113e-03, PNorm = 110.1793, GNorm = 0.2540, lr_0 = 3.3913e-04
Loss = 1.3192e-03, PNorm = 110.1818, GNorm = 0.2498, lr_0 = 3.3900e-04
Loss = 1.3973e-03, PNorm = 110.1839, GNorm = 0.1743, lr_0 = 3.3887e-04
Loss = 1.1708e-03, PNorm = 110.1863, GNorm = 0.2885, lr_0 = 3.3874e-04
Loss = 1.2245e-03, PNorm = 110.1880, GNorm = 0.5489, lr_0 = 3.3861e-04
Loss = 1.3294e-03, PNorm = 110.1895, GNorm = 0.3391, lr_0 = 3.3848e-04
Loss = 1.2678e-03, PNorm = 110.1908, GNorm = 0.2633, lr_0 = 3.3835e-04
Loss = 1.0132e-03, PNorm = 110.1936, GNorm = 0.0814, lr_0 = 3.3822e-04
Loss = 1.2791e-03, PNorm = 110.1927, GNorm = 0.2542, lr_0 = 3.3809e-04
Loss = 1.4076e-03, PNorm = 110.1934, GNorm = 0.2937, lr_0 = 3.3796e-04
Loss = 1.3124e-03, PNorm = 110.1930, GNorm = 0.3247, lr_0 = 3.3783e-04
Loss = 1.3402e-03, PNorm = 110.1949, GNorm = 0.5482, lr_0 = 3.3770e-04
Loss = 1.6575e-03, PNorm = 110.1960, GNorm = 0.4507, lr_0 = 3.3757e-04
Loss = 1.5532e-03, PNorm = 110.1981, GNorm = 0.1835, lr_0 = 3.3744e-04
Loss = 1.1782e-03, PNorm = 110.2017, GNorm = 0.2099, lr_0 = 3.3731e-04
Loss = 1.3910e-03, PNorm = 110.2044, GNorm = 0.2312, lr_0 = 3.3718e-04
Loss = 1.1299e-03, PNorm = 110.2064, GNorm = 0.4678, lr_0 = 3.3705e-04
Loss = 1.3660e-03, PNorm = 110.2078, GNorm = 0.1903, lr_0 = 3.3692e-04
Loss = 1.2960e-03, PNorm = 110.2101, GNorm = 0.1350, lr_0 = 3.3679e-04
Loss = 1.3563e-03, PNorm = 110.2142, GNorm = 0.1255, lr_0 = 3.3666e-04
Loss = 1.3412e-03, PNorm = 110.2155, GNorm = 0.3656, lr_0 = 3.3653e-04
Loss = 1.1824e-03, PNorm = 110.2172, GNorm = 0.0874, lr_0 = 3.3640e-04
Loss = 1.2617e-03, PNorm = 110.2203, GNorm = 0.4490, lr_0 = 3.3627e-04
Loss = 1.1363e-03, PNorm = 110.2226, GNorm = 0.1073, lr_0 = 3.3615e-04
Loss = 1.0794e-03, PNorm = 110.2255, GNorm = 0.3427, lr_0 = 3.3602e-04
Loss = 1.1387e-03, PNorm = 110.2277, GNorm = 0.1783, lr_0 = 3.3589e-04
Loss = 1.1371e-03, PNorm = 110.2297, GNorm = 0.4135, lr_0 = 3.3576e-04
Loss = 1.1653e-03, PNorm = 110.2325, GNorm = 0.2313, lr_0 = 3.3563e-04
Loss = 1.4051e-03, PNorm = 110.2352, GNorm = 0.3573, lr_0 = 3.3550e-04
Loss = 1.4567e-03, PNorm = 110.2381, GNorm = 0.6450, lr_0 = 3.3537e-04
Loss = 1.2958e-03, PNorm = 110.2400, GNorm = 0.0673, lr_0 = 3.3524e-04
Loss = 1.2088e-03, PNorm = 110.2418, GNorm = 0.2398, lr_0 = 3.3511e-04
Loss = 1.0683e-03, PNorm = 110.2428, GNorm = 0.4784, lr_0 = 3.3499e-04
Loss = 1.1859e-03, PNorm = 110.2439, GNorm = 0.5578, lr_0 = 3.3486e-04
Loss = 1.3690e-03, PNorm = 110.2450, GNorm = 0.3786, lr_0 = 3.3473e-04
Loss = 1.3046e-03, PNorm = 110.2470, GNorm = 0.0806, lr_0 = 3.3460e-04
Loss = 1.2401e-03, PNorm = 110.2486, GNorm = 0.1311, lr_0 = 3.3447e-04
Loss = 1.3257e-03, PNorm = 110.2498, GNorm = 0.1688, lr_0 = 3.3434e-04
Loss = 1.4051e-03, PNorm = 110.2535, GNorm = 0.2540, lr_0 = 3.3422e-04
Loss = 1.2376e-03, PNorm = 110.2556, GNorm = 0.1772, lr_0 = 3.3409e-04
Loss = 1.2874e-03, PNorm = 110.2575, GNorm = 0.1230, lr_0 = 3.3396e-04
Loss = 1.1994e-03, PNorm = 110.2609, GNorm = 0.1547, lr_0 = 3.3383e-04
Loss = 1.1973e-03, PNorm = 110.2636, GNorm = 0.1553, lr_0 = 3.3370e-04
Loss = 1.1239e-03, PNorm = 110.2661, GNorm = 0.2682, lr_0 = 3.3357e-04
Loss = 1.0187e-03, PNorm = 110.2675, GNorm = 0.1046, lr_0 = 3.3345e-04
Loss = 1.1962e-03, PNorm = 110.2685, GNorm = 0.3281, lr_0 = 3.3332e-04
Loss = 1.3464e-03, PNorm = 110.2691, GNorm = 0.2444, lr_0 = 3.3319e-04
Loss = 1.4552e-03, PNorm = 110.2698, GNorm = 0.3740, lr_0 = 3.3306e-04
Loss = 1.5199e-03, PNorm = 110.2691, GNorm = 0.3642, lr_0 = 3.3293e-04
Loss = 1.3906e-03, PNorm = 110.2715, GNorm = 0.4340, lr_0 = 3.3281e-04
Loss = 1.5055e-03, PNorm = 110.2754, GNorm = 0.4221, lr_0 = 3.3268e-04
Loss = 1.8564e-03, PNorm = 110.2795, GNorm = 0.6666, lr_0 = 3.3255e-04
Loss = 1.7716e-03, PNorm = 110.2838, GNorm = 0.4242, lr_0 = 3.3242e-04
Loss = 1.6275e-03, PNorm = 110.2853, GNorm = 0.3205, lr_0 = 3.3230e-04
Loss = 1.4326e-03, PNorm = 110.2874, GNorm = 0.2158, lr_0 = 3.3217e-04
Loss = 1.2343e-03, PNorm = 110.2894, GNorm = 0.2130, lr_0 = 3.3204e-04
Loss = 1.1691e-03, PNorm = 110.2919, GNorm = 0.3539, lr_0 = 3.3191e-04
Loss = 1.2123e-03, PNorm = 110.2942, GNorm = 0.1559, lr_0 = 3.3179e-04
Loss = 1.4093e-03, PNorm = 110.2957, GNorm = 0.4968, lr_0 = 3.3166e-04
Loss = 1.6170e-03, PNorm = 110.2973, GNorm = 0.4424, lr_0 = 3.3153e-04
Loss = 1.4662e-03, PNorm = 110.2999, GNorm = 0.4851, lr_0 = 3.3140e-04
Loss = 1.4352e-03, PNorm = 110.3022, GNorm = 0.3001, lr_0 = 3.3128e-04
Loss = 1.1305e-03, PNorm = 110.3033, GNorm = 0.1352, lr_0 = 3.3115e-04
Loss = 1.1284e-03, PNorm = 110.3048, GNorm = 0.1772, lr_0 = 3.3102e-04
Loss = 1.0664e-03, PNorm = 110.3072, GNorm = 0.1698, lr_0 = 3.3090e-04
Loss = 1.0950e-03, PNorm = 110.3101, GNorm = 0.2179, lr_0 = 3.3077e-04
Loss = 9.9935e-04, PNorm = 110.3118, GNorm = 0.5253, lr_0 = 3.3064e-04
Loss = 1.0757e-03, PNorm = 110.3128, GNorm = 0.0944, lr_0 = 3.3051e-04
Loss = 1.1768e-03, PNorm = 110.3154, GNorm = 0.1224, lr_0 = 3.3039e-04
Loss = 1.3391e-03, PNorm = 110.3166, GNorm = 0.8084, lr_0 = 3.3026e-04
Loss = 1.2313e-03, PNorm = 110.3176, GNorm = 0.1183, lr_0 = 3.3013e-04
Loss = 1.2869e-03, PNorm = 110.3202, GNorm = 0.4990, lr_0 = 3.3001e-04
Loss = 9.7149e-04, PNorm = 110.3225, GNorm = 0.1046, lr_0 = 3.2988e-04
Loss = 9.8553e-04, PNorm = 110.3231, GNorm = 0.1307, lr_0 = 3.2975e-04
Loss = 9.5779e-04, PNorm = 110.3237, GNorm = 0.0738, lr_0 = 3.2963e-04
Loss = 9.5085e-04, PNorm = 110.3231, GNorm = 0.1446, lr_0 = 3.2950e-04
Loss = 9.3858e-04, PNorm = 110.3249, GNorm = 0.3683, lr_0 = 3.2937e-04
Loss = 9.5101e-04, PNorm = 110.3274, GNorm = 0.1633, lr_0 = 3.2925e-04
Loss = 9.6410e-04, PNorm = 110.3281, GNorm = 0.1354, lr_0 = 3.2912e-04
Loss = 9.1928e-04, PNorm = 110.3297, GNorm = 0.1118, lr_0 = 3.2900e-04
Loss = 1.0610e-03, PNorm = 110.3296, GNorm = 0.2168, lr_0 = 3.2887e-04
Loss = 1.0839e-03, PNorm = 110.3307, GNorm = 0.1982, lr_0 = 3.2874e-04
Loss = 1.2936e-03, PNorm = 110.3318, GNorm = 0.5081, lr_0 = 3.2862e-04
Loss = 1.3280e-03, PNorm = 110.3328, GNorm = 0.4544, lr_0 = 3.2849e-04
Loss = 1.2755e-03, PNorm = 110.3351, GNorm = 0.6727, lr_0 = 3.2836e-04
Loss = 1.2315e-03, PNorm = 110.3376, GNorm = 0.3397, lr_0 = 3.2824e-04
Loss = 1.2123e-03, PNorm = 110.3389, GNorm = 0.3415, lr_0 = 3.2811e-04
Loss = 1.0729e-03, PNorm = 110.3399, GNorm = 0.1085, lr_0 = 3.2799e-04
Loss = 1.2895e-03, PNorm = 110.3416, GNorm = 0.2141, lr_0 = 3.2786e-04
Loss = 1.2231e-03, PNorm = 110.3418, GNorm = 0.3469, lr_0 = 3.2774e-04
Loss = 1.2656e-03, PNorm = 110.3410, GNorm = 0.4003, lr_0 = 3.2761e-04
Loss = 1.1432e-03, PNorm = 110.3443, GNorm = 0.2087, lr_0 = 3.2748e-04
Loss = 1.1717e-03, PNorm = 110.3467, GNorm = 0.3125, lr_0 = 3.2736e-04
Loss = 9.7642e-04, PNorm = 110.3469, GNorm = 0.1075, lr_0 = 3.2723e-04
Loss = 9.9942e-04, PNorm = 110.3492, GNorm = 0.4596, lr_0 = 3.2711e-04
Loss = 8.8728e-04, PNorm = 110.3513, GNorm = 0.1403, lr_0 = 3.2698e-04
Loss = 9.7404e-04, PNorm = 110.3531, GNorm = 0.2767, lr_0 = 3.2686e-04
Loss = 1.0676e-03, PNorm = 110.3545, GNorm = 0.3239, lr_0 = 3.2673e-04
Loss = 1.1072e-03, PNorm = 110.3578, GNorm = 0.4975, lr_0 = 3.2660e-04
Loss = 9.7986e-04, PNorm = 110.3601, GNorm = 0.1532, lr_0 = 3.2648e-04
Loss = 1.0594e-03, PNorm = 110.3610, GNorm = 0.2155, lr_0 = 3.2635e-04
Loss = 8.7529e-04, PNorm = 110.3633, GNorm = 0.1077, lr_0 = 3.2623e-04
Loss = 9.4254e-04, PNorm = 110.3652, GNorm = 0.0936, lr_0 = 3.2610e-04
Loss = 9.9484e-04, PNorm = 110.3673, GNorm = 0.1107, lr_0 = 3.2598e-04
Loss = 1.1802e-03, PNorm = 110.3690, GNorm = 0.1073, lr_0 = 3.2585e-04
Loss = 8.4106e-04, PNorm = 110.3713, GNorm = 0.2690, lr_0 = 3.2573e-04
Loss = 8.6356e-04, PNorm = 110.3723, GNorm = 0.0986, lr_0 = 3.2560e-04
Loss = 8.5346e-04, PNorm = 110.3759, GNorm = 0.1214, lr_0 = 3.2548e-04
Loss = 9.4597e-04, PNorm = 110.3784, GNorm = 0.0716, lr_0 = 3.2535e-04
Loss = 1.1467e-03, PNorm = 110.3785, GNorm = 0.2001, lr_0 = 3.2523e-04
Loss = 9.7066e-04, PNorm = 110.3785, GNorm = 0.3158, lr_0 = 3.2510e-04
Loss = 1.0739e-03, PNorm = 110.3796, GNorm = 0.1184, lr_0 = 3.2498e-04
Loss = 8.4651e-04, PNorm = 110.3824, GNorm = 0.4178, lr_0 = 3.2485e-04
Loss = 9.1772e-04, PNorm = 110.3845, GNorm = 0.0935, lr_0 = 3.2473e-04
Loss = 1.0643e-03, PNorm = 110.3859, GNorm = 0.0770, lr_0 = 3.2460e-04
Loss = 9.7537e-04, PNorm = 110.3876, GNorm = 0.3816, lr_0 = 3.2448e-04
Loss = 9.0199e-04, PNorm = 110.3880, GNorm = 0.2288, lr_0 = 3.2436e-04
Loss = 9.3615e-04, PNorm = 110.3900, GNorm = 0.0932, lr_0 = 3.2423e-04
Loss = 8.9120e-04, PNorm = 110.3912, GNorm = 0.0983, lr_0 = 3.2411e-04
Loss = 8.7444e-04, PNorm = 110.3937, GNorm = 0.1521, lr_0 = 3.2398e-04
Loss = 1.0064e-03, PNorm = 110.3965, GNorm = 0.0991, lr_0 = 3.2386e-04
Loss = 8.2943e-04, PNorm = 110.3979, GNorm = 0.1396, lr_0 = 3.2373e-04
Loss = 8.8313e-04, PNorm = 110.3987, GNorm = 0.1392, lr_0 = 3.2361e-04
Loss = 8.6765e-04, PNorm = 110.3990, GNorm = 0.1452, lr_0 = 3.2348e-04
Loss = 9.7163e-04, PNorm = 110.3989, GNorm = 0.2359, lr_0 = 3.2336e-04
Loss = 9.7132e-04, PNorm = 110.4004, GNorm = 0.1228, lr_0 = 3.2324e-04
Loss = 1.0454e-03, PNorm = 110.4008, GNorm = 0.0856, lr_0 = 3.2311e-04
Loss = 9.9462e-04, PNorm = 110.4011, GNorm = 0.0911, lr_0 = 3.2299e-04
Loss = 1.1834e-03, PNorm = 110.4026, GNorm = 0.1690, lr_0 = 3.2286e-04
Loss = 9.1928e-04, PNorm = 110.4051, GNorm = 0.2626, lr_0 = 3.2274e-04
Loss = 9.4761e-04, PNorm = 110.4055, GNorm = 0.1238, lr_0 = 3.2262e-04
Loss = 9.4007e-04, PNorm = 110.4068, GNorm = 0.1707, lr_0 = 3.2249e-04
Loss = 8.5058e-04, PNorm = 110.4077, GNorm = 0.2078, lr_0 = 3.2237e-04
Loss = 8.2615e-04, PNorm = 110.4092, GNorm = 0.0864, lr_0 = 3.2225e-04
Loss = 9.8197e-04, PNorm = 110.4100, GNorm = 0.0703, lr_0 = 3.2212e-04
Loss = 8.7455e-04, PNorm = 110.4116, GNorm = 0.1171, lr_0 = 3.2200e-04
Loss = 8.3706e-04, PNorm = 110.4137, GNorm = 0.1377, lr_0 = 3.2187e-04
Loss = 9.4216e-04, PNorm = 110.4147, GNorm = 0.2015, lr_0 = 3.2175e-04
Loss = 8.7978e-04, PNorm = 110.4162, GNorm = 0.2298, lr_0 = 3.2163e-04
Loss = 1.1124e-03, PNorm = 110.4188, GNorm = 0.0940, lr_0 = 3.2150e-04
Loss = 8.0382e-04, PNorm = 110.4210, GNorm = 0.1072, lr_0 = 3.2138e-04
Loss = 9.5745e-04, PNorm = 110.4217, GNorm = 0.0998, lr_0 = 3.2126e-04
Loss = 8.8622e-04, PNorm = 110.4231, GNorm = 0.0762, lr_0 = 3.2113e-04
Loss = 9.0564e-04, PNorm = 110.4246, GNorm = 0.3176, lr_0 = 3.2101e-04
Loss = 8.6264e-04, PNorm = 110.4254, GNorm = 0.2366, lr_0 = 3.2089e-04
Loss = 9.4079e-04, PNorm = 110.4272, GNorm = 0.2533, lr_0 = 3.2076e-04
Loss = 8.7347e-04, PNorm = 110.4288, GNorm = 0.0799, lr_0 = 3.2064e-04
Loss = 1.0646e-03, PNorm = 110.4303, GNorm = 0.2013, lr_0 = 3.2052e-04
Loss = 1.0405e-03, PNorm = 110.4318, GNorm = 0.1363, lr_0 = 3.2039e-04
Loss = 1.1262e-03, PNorm = 110.4343, GNorm = 0.4064, lr_0 = 3.2027e-04
Loss = 1.1308e-03, PNorm = 110.4368, GNorm = 0.5550, lr_0 = 3.2015e-04
Loss = 1.5482e-03, PNorm = 110.4391, GNorm = 0.1865, lr_0 = 3.2003e-04
Loss = 1.4151e-03, PNorm = 110.4408, GNorm = 0.2843, lr_0 = 3.1990e-04
Loss = 1.1487e-03, PNorm = 110.4433, GNorm = 0.1115, lr_0 = 3.1978e-04
Loss = 1.3736e-03, PNorm = 110.4463, GNorm = 0.5450, lr_0 = 3.1966e-04
Loss = 1.3415e-03, PNorm = 110.4491, GNorm = 0.3027, lr_0 = 3.1954e-04
Loss = 1.2558e-03, PNorm = 110.4505, GNorm = 0.1236, lr_0 = 3.1941e-04
Loss = 1.1005e-03, PNorm = 110.4527, GNorm = 0.1460, lr_0 = 3.1929e-04
Loss = 1.0106e-03, PNorm = 110.4536, GNorm = 0.2262, lr_0 = 3.1917e-04
Loss = 1.0067e-03, PNorm = 110.4538, GNorm = 0.1704, lr_0 = 3.1904e-04
Loss = 1.0740e-03, PNorm = 110.4565, GNorm = 0.1556, lr_0 = 3.1892e-04
Loss = 1.0290e-03, PNorm = 110.4587, GNorm = 0.1609, lr_0 = 3.1880e-04
Loss = 1.2112e-03, PNorm = 110.4628, GNorm = 0.2980, lr_0 = 3.1868e-04
Loss = 1.0037e-03, PNorm = 110.4665, GNorm = 0.5168, lr_0 = 3.1856e-04
Loss = 1.1235e-03, PNorm = 110.4684, GNorm = 0.3395, lr_0 = 3.1843e-04
Loss = 1.0405e-03, PNorm = 110.4706, GNorm = 0.2110, lr_0 = 3.1831e-04
Loss = 9.6496e-04, PNorm = 110.4738, GNorm = 0.0992, lr_0 = 3.1819e-04
Loss = 1.0592e-03, PNorm = 110.4758, GNorm = 0.1173, lr_0 = 3.1807e-04
Loss = 8.7068e-04, PNorm = 110.4770, GNorm = 0.0853, lr_0 = 3.1794e-04
Loss = 1.0116e-03, PNorm = 110.4786, GNorm = 0.1395, lr_0 = 3.1782e-04
Loss = 9.3258e-04, PNorm = 110.4807, GNorm = 0.1262, lr_0 = 3.1770e-04
Loss = 1.0458e-03, PNorm = 110.4820, GNorm = 0.1851, lr_0 = 3.1758e-04
Loss = 9.8511e-04, PNorm = 110.4832, GNorm = 0.3486, lr_0 = 3.1746e-04
Loss = 1.0129e-03, PNorm = 110.4832, GNorm = 0.1963, lr_0 = 3.1733e-04
Loss = 1.1398e-03, PNorm = 110.4850, GNorm = 0.3895, lr_0 = 3.1721e-04
Loss = 1.1414e-03, PNorm = 110.4866, GNorm = 0.3061, lr_0 = 3.1709e-04
Loss = 1.0779e-03, PNorm = 110.4885, GNorm = 0.1188, lr_0 = 3.1697e-04
Loss = 1.1795e-03, PNorm = 110.4907, GNorm = 0.1774, lr_0 = 3.1685e-04
Loss = 1.1443e-03, PNorm = 110.4929, GNorm = 0.1467, lr_0 = 3.1673e-04
Loss = 1.1363e-03, PNorm = 110.4933, GNorm = 0.1385, lr_0 = 3.1660e-04
Loss = 1.2145e-03, PNorm = 110.4953, GNorm = 0.2473, lr_0 = 3.1648e-04
Loss = 1.1748e-03, PNorm = 110.4994, GNorm = 0.4077, lr_0 = 3.1636e-04
Loss = 1.3296e-03, PNorm = 110.5013, GNorm = 0.2809, lr_0 = 3.1624e-04
Loss = 1.2545e-03, PNorm = 110.5034, GNorm = 0.1021, lr_0 = 3.1612e-04
Loss = 1.1040e-03, PNorm = 110.5041, GNorm = 0.1728, lr_0 = 3.1600e-04
Loss = 1.1261e-03, PNorm = 110.5060, GNorm = 0.1804, lr_0 = 3.1588e-04
Loss = 9.5366e-04, PNorm = 110.5086, GNorm = 0.0672, lr_0 = 3.1575e-04
Loss = 9.9672e-04, PNorm = 110.5096, GNorm = 0.1490, lr_0 = 3.1563e-04
Loss = 9.4737e-04, PNorm = 110.5111, GNorm = 0.2390, lr_0 = 3.1551e-04
Loss = 1.0577e-03, PNorm = 110.5124, GNorm = 0.2891, lr_0 = 3.1539e-04
Loss = 1.2180e-03, PNorm = 110.5127, GNorm = 0.1601, lr_0 = 3.1527e-04
Loss = 1.1686e-03, PNorm = 110.5143, GNorm = 0.5026, lr_0 = 3.1515e-04
Loss = 9.6261e-04, PNorm = 110.5156, GNorm = 0.0686, lr_0 = 3.1503e-04
Loss = 1.1259e-03, PNorm = 110.5168, GNorm = 0.1124, lr_0 = 3.1491e-04
Loss = 1.0664e-03, PNorm = 110.5195, GNorm = 0.1581, lr_0 = 3.1479e-04
Loss = 1.0068e-03, PNorm = 110.5210, GNorm = 0.3193, lr_0 = 3.1467e-04
Loss = 1.0817e-03, PNorm = 110.5228, GNorm = 0.2568, lr_0 = 3.1454e-04
Loss = 9.6774e-04, PNorm = 110.5239, GNorm = 0.1268, lr_0 = 3.1442e-04
Loss = 9.9726e-04, PNorm = 110.5254, GNorm = 0.2385, lr_0 = 3.1430e-04
Loss = 8.8246e-04, PNorm = 110.5278, GNorm = 0.2584, lr_0 = 3.1418e-04
Loss = 9.4702e-04, PNorm = 110.5300, GNorm = 0.0776, lr_0 = 3.1406e-04
Loss = 8.9798e-04, PNorm = 110.5328, GNorm = 0.1283, lr_0 = 3.1394e-04
Loss = 1.0737e-03, PNorm = 110.5330, GNorm = 0.1513, lr_0 = 3.1382e-04
Loss = 9.0897e-04, PNorm = 110.5339, GNorm = 0.0634, lr_0 = 3.1370e-04
Loss = 8.4366e-04, PNorm = 110.5351, GNorm = 0.1586, lr_0 = 3.1358e-04
Loss = 8.4225e-04, PNorm = 110.5363, GNorm = 0.1655, lr_0 = 3.1346e-04
Loss = 9.1727e-04, PNorm = 110.5385, GNorm = 0.1681, lr_0 = 3.1334e-04
Loss = 9.6299e-04, PNorm = 110.5395, GNorm = 0.2576, lr_0 = 3.1322e-04
Loss = 9.9047e-04, PNorm = 110.5410, GNorm = 0.2115, lr_0 = 3.1310e-04
Loss = 8.4702e-04, PNorm = 110.5429, GNorm = 0.2043, lr_0 = 3.1298e-04
Loss = 9.9170e-04, PNorm = 110.5444, GNorm = 0.4224, lr_0 = 3.1286e-04
Loss = 9.6573e-04, PNorm = 110.5461, GNorm = 0.0769, lr_0 = 3.1274e-04
Loss = 9.2801e-04, PNorm = 110.5473, GNorm = 0.1420, lr_0 = 3.1262e-04
Loss = 8.9453e-04, PNorm = 110.5479, GNorm = 0.0841, lr_0 = 3.1250e-04
Loss = 9.3830e-04, PNorm = 110.5490, GNorm = 0.1210, lr_0 = 3.1238e-04
Loss = 1.0871e-03, PNorm = 110.5487, GNorm = 0.1453, lr_0 = 3.1226e-04
Loss = 1.1052e-03, PNorm = 110.5488, GNorm = 0.3776, lr_0 = 3.1214e-04
Loss = 1.0120e-03, PNorm = 110.5505, GNorm = 0.5261, lr_0 = 3.1202e-04
Loss = 1.0998e-03, PNorm = 110.5515, GNorm = 0.2677, lr_0 = 3.1190e-04
Loss = 1.0601e-03, PNorm = 110.5530, GNorm = 0.4905, lr_0 = 3.1178e-04
Loss = 1.2658e-03, PNorm = 110.5540, GNorm = 0.2876, lr_0 = 3.1166e-04
Loss = 1.2641e-03, PNorm = 110.5557, GNorm = 0.1381, lr_0 = 3.1154e-04
Loss = 9.6760e-04, PNorm = 110.5573, GNorm = 0.1726, lr_0 = 3.1142e-04
Loss = 1.0737e-03, PNorm = 110.5595, GNorm = 0.1370, lr_0 = 3.1130e-04
Loss = 1.0988e-03, PNorm = 110.5612, GNorm = 0.3606, lr_0 = 3.1118e-04
Loss = 1.0813e-03, PNorm = 110.5623, GNorm = 0.2035, lr_0 = 3.1106e-04
Loss = 1.0784e-03, PNorm = 110.5649, GNorm = 0.1672, lr_0 = 3.1094e-04
Loss = 8.7459e-04, PNorm = 110.5668, GNorm = 0.0897, lr_0 = 3.1082e-04
Loss = 1.2447e-03, PNorm = 110.5696, GNorm = 0.1042, lr_0 = 3.1070e-04
Loss = 9.6489e-04, PNorm = 110.5702, GNorm = 0.2357, lr_0 = 3.1058e-04
Loss = 9.7544e-04, PNorm = 110.5730, GNorm = 0.1672, lr_0 = 3.1047e-04
Loss = 9.5923e-04, PNorm = 110.5756, GNorm = 0.0978, lr_0 = 3.1035e-04
Loss = 1.0911e-03, PNorm = 110.5779, GNorm = 0.4655, lr_0 = 3.1023e-04
Loss = 9.6157e-04, PNorm = 110.5801, GNorm = 0.1525, lr_0 = 3.1011e-04
Loss = 1.0822e-03, PNorm = 110.5825, GNorm = 0.1809, lr_0 = 3.0999e-04
Loss = 1.0870e-03, PNorm = 110.5848, GNorm = 0.1682, lr_0 = 3.0987e-04
Loss = 1.0358e-03, PNorm = 110.5869, GNorm = 0.0839, lr_0 = 3.0975e-04
Loss = 9.8419e-04, PNorm = 110.5890, GNorm = 0.1649, lr_0 = 3.0963e-04
Loss = 1.0747e-03, PNorm = 110.5902, GNorm = 0.1539, lr_0 = 3.0951e-04
Loss = 1.0127e-03, PNorm = 110.5902, GNorm = 0.0817, lr_0 = 3.0939e-04
Loss = 9.3047e-04, PNorm = 110.5918, GNorm = 0.0772, lr_0 = 3.0928e-04
Loss = 1.0285e-03, PNorm = 110.5942, GNorm = 0.2130, lr_0 = 3.0916e-04
Loss = 1.0322e-03, PNorm = 110.5964, GNorm = 0.5003, lr_0 = 3.0904e-04
Loss = 1.1536e-03, PNorm = 110.5984, GNorm = 0.5185, lr_0 = 3.0892e-04
Loss = 1.1758e-03, PNorm = 110.5992, GNorm = 0.1160, lr_0 = 3.0880e-04
Loss = 9.7139e-04, PNorm = 110.5987, GNorm = 0.0821, lr_0 = 3.0868e-04
Loss = 7.6053e-04, PNorm = 110.5982, GNorm = 0.0916, lr_0 = 3.0856e-04
Loss = 9.2639e-04, PNorm = 110.6004, GNorm = 0.2604, lr_0 = 3.0845e-04
Loss = 8.0676e-04, PNorm = 110.6025, GNorm = 0.0989, lr_0 = 3.0833e-04
Loss = 9.3060e-04, PNorm = 110.6032, GNorm = 0.4014, lr_0 = 3.0821e-04
Loss = 8.8277e-04, PNorm = 110.6042, GNorm = 0.1751, lr_0 = 3.0809e-04
Loss = 8.5518e-04, PNorm = 110.6059, GNorm = 0.1308, lr_0 = 3.0797e-04
Loss = 8.8938e-04, PNorm = 110.6073, GNorm = 0.1865, lr_0 = 3.0785e-04
Loss = 8.8245e-04, PNorm = 110.6081, GNorm = 0.2368, lr_0 = 3.0774e-04
Loss = 8.5562e-04, PNorm = 110.6092, GNorm = 0.2419, lr_0 = 3.0762e-04
Loss = 1.0434e-03, PNorm = 110.6108, GNorm = 0.4080, lr_0 = 3.0750e-04
Loss = 1.5169e-03, PNorm = 110.6135, GNorm = 0.7112, lr_0 = 3.0738e-04
Loss = 1.2809e-03, PNorm = 110.6170, GNorm = 0.5192, lr_0 = 3.0726e-04
Loss = 1.1448e-03, PNorm = 110.6184, GNorm = 0.4181, lr_0 = 3.0715e-04
Loss = 1.1043e-03, PNorm = 110.6202, GNorm = 0.1070, lr_0 = 3.0703e-04
Loss = 8.9227e-04, PNorm = 110.6211, GNorm = 0.1380, lr_0 = 3.0691e-04
Loss = 1.0488e-03, PNorm = 110.6218, GNorm = 0.2865, lr_0 = 3.0679e-04
Loss = 1.0313e-03, PNorm = 110.6228, GNorm = 0.0970, lr_0 = 3.0667e-04
Loss = 9.5556e-04, PNorm = 110.6240, GNorm = 0.1028, lr_0 = 3.0656e-04
Loss = 9.7606e-04, PNorm = 110.6248, GNorm = 0.2869, lr_0 = 3.0644e-04
Loss = 9.4865e-04, PNorm = 110.6266, GNorm = 0.1213, lr_0 = 3.0632e-04
Loss = 9.3379e-04, PNorm = 110.6283, GNorm = 0.3848, lr_0 = 3.0620e-04
Loss = 1.0235e-03, PNorm = 110.6305, GNorm = 0.3442, lr_0 = 3.0609e-04
Loss = 9.8888e-04, PNorm = 110.6326, GNorm = 0.2832, lr_0 = 3.0597e-04
Loss = 1.0114e-03, PNorm = 110.6326, GNorm = 0.3564, lr_0 = 3.0585e-04
Loss = 9.8759e-04, PNorm = 110.6337, GNorm = 0.3992, lr_0 = 3.0573e-04
Loss = 1.0824e-03, PNorm = 110.6356, GNorm = 0.2519, lr_0 = 3.0562e-04
Loss = 1.1010e-03, PNorm = 110.6368, GNorm = 0.3996, lr_0 = 3.0550e-04
Loss = 9.5614e-04, PNorm = 110.6380, GNorm = 0.1689, lr_0 = 3.0538e-04
Loss = 1.0221e-03, PNorm = 110.6410, GNorm = 0.1248, lr_0 = 3.0527e-04
Loss = 9.7538e-04, PNorm = 110.6441, GNorm = 0.1867, lr_0 = 3.0515e-04
Loss = 8.3884e-04, PNorm = 110.6430, GNorm = 0.1135, lr_0 = 3.0503e-04
Loss = 1.0773e-03, PNorm = 110.6447, GNorm = 0.1534, lr_0 = 3.0491e-04
Loss = 9.3787e-04, PNorm = 110.6457, GNorm = 0.1376, lr_0 = 3.0480e-04
Loss = 9.9276e-04, PNorm = 110.6463, GNorm = 0.2245, lr_0 = 3.0468e-04
Loss = 8.6696e-04, PNorm = 110.6478, GNorm = 0.2211, lr_0 = 3.0456e-04
Loss = 1.0040e-03, PNorm = 110.6503, GNorm = 0.2028, lr_0 = 3.0445e-04
Loss = 9.3190e-04, PNorm = 110.6522, GNorm = 0.4194, lr_0 = 3.0433e-04
Loss = 1.0125e-03, PNorm = 110.6520, GNorm = 0.0744, lr_0 = 3.0421e-04
Loss = 9.2998e-04, PNorm = 110.6537, GNorm = 0.1099, lr_0 = 3.0410e-04
Loss = 1.0157e-03, PNorm = 110.6555, GNorm = 0.1794, lr_0 = 3.0398e-04
Loss = 8.3746e-04, PNorm = 110.6575, GNorm = 0.1457, lr_0 = 3.0386e-04
Loss = 8.1409e-04, PNorm = 110.6591, GNorm = 0.3209, lr_0 = 3.0375e-04
Loss = 8.5351e-04, PNorm = 110.6603, GNorm = 0.1812, lr_0 = 3.0363e-04
Loss = 8.1007e-04, PNorm = 110.6613, GNorm = 0.0813, lr_0 = 3.0351e-04
Loss = 7.6052e-04, PNorm = 110.6627, GNorm = 0.0703, lr_0 = 3.0340e-04
Loss = 8.1969e-04, PNorm = 110.6642, GNorm = 0.0766, lr_0 = 3.0328e-04
Loss = 7.9181e-04, PNorm = 110.6665, GNorm = 0.1298, lr_0 = 3.0316e-04
Loss = 8.5163e-04, PNorm = 110.6673, GNorm = 0.1972, lr_0 = 3.0305e-04
Loss = 8.8179e-04, PNorm = 110.6678, GNorm = 0.1396, lr_0 = 3.0293e-04
Loss = 8.7041e-04, PNorm = 110.6693, GNorm = 0.1135, lr_0 = 3.0281e-04
Loss = 8.8098e-04, PNorm = 110.6725, GNorm = 0.3296, lr_0 = 3.0270e-04
Loss = 7.1008e-04, PNorm = 110.6740, GNorm = 0.3077, lr_0 = 3.0258e-04
Loss = 8.3810e-04, PNorm = 110.6757, GNorm = 0.1551, lr_0 = 3.0247e-04
Loss = 8.3904e-04, PNorm = 110.6771, GNorm = 0.3484, lr_0 = 3.0235e-04
Loss = 8.0893e-04, PNorm = 110.6790, GNorm = 0.2702, lr_0 = 3.0223e-04
Loss = 7.9292e-04, PNorm = 110.6801, GNorm = 0.0781, lr_0 = 3.0212e-04
Loss = 8.1626e-04, PNorm = 110.6812, GNorm = 0.3538, lr_0 = 3.0200e-04
Loss = 9.2674e-04, PNorm = 110.6824, GNorm = 0.2228, lr_0 = 3.0189e-04
Loss = 9.3844e-04, PNorm = 110.6819, GNorm = 0.3907, lr_0 = 3.0177e-04
Loss = 9.3217e-04, PNorm = 110.6824, GNorm = 0.0797, lr_0 = 3.0165e-04
Loss = 7.7197e-04, PNorm = 110.6834, GNorm = 0.3321, lr_0 = 3.0154e-04
Loss = 9.1218e-04, PNorm = 110.6846, GNorm = 0.1772, lr_0 = 3.0142e-04
Loss = 1.1050e-03, PNorm = 110.6867, GNorm = 0.1418, lr_0 = 3.0131e-04
Loss = 9.8696e-04, PNorm = 110.6897, GNorm = 0.5485, lr_0 = 3.0119e-04
Loss = 9.3506e-04, PNorm = 110.6922, GNorm = 0.3779, lr_0 = 3.0108e-04
Loss = 1.1400e-03, PNorm = 110.6936, GNorm = 0.1620, lr_0 = 3.0096e-04
Loss = 1.1999e-03, PNorm = 110.6946, GNorm = 0.5809, lr_0 = 3.0084e-04
Loss = 1.1477e-03, PNorm = 110.6971, GNorm = 0.8120, lr_0 = 3.0073e-04
Loss = 1.0473e-03, PNorm = 110.6991, GNorm = 0.6113, lr_0 = 3.0061e-04
Loss = 1.0960e-03, PNorm = 110.7003, GNorm = 0.3355, lr_0 = 3.0050e-04
Loss = 1.0480e-03, PNorm = 110.7025, GNorm = 0.4342, lr_0 = 3.0038e-04
Loss = 1.1768e-03, PNorm = 110.7037, GNorm = 0.7149, lr_0 = 3.0027e-04
Loss = 1.1738e-03, PNorm = 110.7050, GNorm = 0.3503, lr_0 = 3.0015e-04
Loss = 1.2035e-03, PNorm = 110.7063, GNorm = 0.2327, lr_0 = 3.0004e-04
Loss = 1.4208e-03, PNorm = 110.7089, GNorm = 0.6356, lr_0 = 2.9992e-04
Loss = 1.1908e-03, PNorm = 110.7120, GNorm = 0.2581, lr_0 = 2.9981e-04
Loss = 1.2066e-03, PNorm = 110.7147, GNorm = 0.4880, lr_0 = 2.9969e-04
Loss = 1.2591e-03, PNorm = 110.7162, GNorm = 0.6371, lr_0 = 2.9958e-04
Loss = 1.3742e-03, PNorm = 110.7191, GNorm = 0.1692, lr_0 = 2.9946e-04
Loss = 1.2461e-03, PNorm = 110.7214, GNorm = 0.3288, lr_0 = 2.9935e-04
Loss = 1.0034e-03, PNorm = 110.7231, GNorm = 0.2751, lr_0 = 2.9923e-04
Loss = 1.0613e-03, PNorm = 110.7256, GNorm = 0.2299, lr_0 = 2.9912e-04
Loss = 1.0870e-03, PNorm = 110.7266, GNorm = 0.7122, lr_0 = 2.9900e-04
Loss = 1.3979e-03, PNorm = 110.7279, GNorm = 0.5559, lr_0 = 2.9889e-04
Loss = 1.0901e-03, PNorm = 110.7307, GNorm = 0.2955, lr_0 = 2.9877e-04
Loss = 1.1002e-03, PNorm = 110.7311, GNorm = 0.4800, lr_0 = 2.9866e-04
Loss = 1.2660e-03, PNorm = 110.7331, GNorm = 0.4216, lr_0 = 2.9854e-04
Loss = 1.3140e-03, PNorm = 110.7377, GNorm = 0.4796, lr_0 = 2.9843e-04
Loss = 1.3169e-03, PNorm = 110.7408, GNorm = 0.1827, lr_0 = 2.9831e-04
Loss = 1.1605e-03, PNorm = 110.7405, GNorm = 0.1507, lr_0 = 2.9820e-04
Loss = 1.0470e-03, PNorm = 110.7426, GNorm = 0.2042, lr_0 = 2.9808e-04
Loss = 9.4917e-04, PNorm = 110.7457, GNorm = 0.1180, lr_0 = 2.9797e-04
Loss = 8.8121e-04, PNorm = 110.7464, GNorm = 0.0895, lr_0 = 2.9786e-04
Loss = 8.4624e-04, PNorm = 110.7456, GNorm = 0.1913, lr_0 = 2.9774e-04
Loss = 8.5294e-04, PNorm = 110.7460, GNorm = 0.0686, lr_0 = 2.9763e-04
Loss = 8.3218e-04, PNorm = 110.7478, GNorm = 0.2702, lr_0 = 2.9751e-04
Loss = 8.7266e-04, PNorm = 110.7486, GNorm = 0.1452, lr_0 = 2.9740e-04
Loss = 7.2181e-04, PNorm = 110.7496, GNorm = 0.1589, lr_0 = 2.9728e-04
Loss = 8.2565e-04, PNorm = 110.7511, GNorm = 0.2102, lr_0 = 2.9717e-04
Loss = 8.9141e-04, PNorm = 110.7532, GNorm = 0.0811, lr_0 = 2.9706e-04
Loss = 8.2187e-04, PNorm = 110.7531, GNorm = 0.1469, lr_0 = 2.9694e-04
Loss = 7.9387e-04, PNorm = 110.7556, GNorm = 0.1374, lr_0 = 2.9683e-04
Loss = 9.0827e-04, PNorm = 110.7572, GNorm = 0.2886, lr_0 = 2.9671e-04
Loss = 8.8092e-04, PNorm = 110.7583, GNorm = 0.3801, lr_0 = 2.9660e-04
Loss = 8.6558e-04, PNorm = 110.7600, GNorm = 0.2193, lr_0 = 2.9649e-04
Loss = 8.6505e-04, PNorm = 110.7614, GNorm = 0.0642, lr_0 = 2.9637e-04
Loss = 7.5358e-04, PNorm = 110.7625, GNorm = 0.2956, lr_0 = 2.9626e-04
Loss = 7.9431e-04, PNorm = 110.7652, GNorm = 0.0976, lr_0 = 2.9615e-04
Loss = 7.9267e-04, PNorm = 110.7669, GNorm = 0.1011, lr_0 = 2.9603e-04
Loss = 8.3592e-04, PNorm = 110.7669, GNorm = 0.0901, lr_0 = 2.9592e-04
Loss = 9.6947e-04, PNorm = 110.7662, GNorm = 0.2199, lr_0 = 2.9580e-04
Loss = 7.6525e-04, PNorm = 110.7667, GNorm = 0.1277, lr_0 = 2.9569e-04
Loss = 8.3215e-04, PNorm = 110.7689, GNorm = 0.0974, lr_0 = 2.9558e-04
Loss = 8.2179e-04, PNorm = 110.7703, GNorm = 0.2463, lr_0 = 2.9546e-04
Loss = 8.2660e-04, PNorm = 110.7727, GNorm = 0.0681, lr_0 = 2.9535e-04
Loss = 9.8788e-04, PNorm = 110.7745, GNorm = 0.1224, lr_0 = 2.9524e-04
Loss = 1.3697e-03, PNorm = 110.7770, GNorm = 0.3026, lr_0 = 2.9512e-04
Loss = 1.1540e-03, PNorm = 110.7791, GNorm = 0.2717, lr_0 = 2.9501e-04
Loss = 9.3562e-04, PNorm = 110.7796, GNorm = 0.2349, lr_0 = 2.9490e-04
Loss = 1.0200e-03, PNorm = 110.7806, GNorm = 0.1814, lr_0 = 2.9478e-04
Loss = 1.0673e-03, PNorm = 110.7818, GNorm = 0.1048, lr_0 = 2.9467e-04
Loss = 8.0098e-04, PNorm = 110.7822, GNorm = 0.0953, lr_0 = 2.9456e-04
Loss = 8.2337e-04, PNorm = 110.7822, GNorm = 0.0844, lr_0 = 2.9445e-04
Loss = 7.4103e-04, PNorm = 110.7832, GNorm = 0.1124, lr_0 = 2.9433e-04
Loss = 8.2742e-04, PNorm = 110.7851, GNorm = 0.1393, lr_0 = 2.9422e-04
Loss = 8.2555e-04, PNorm = 110.7866, GNorm = 0.0677, lr_0 = 2.9411e-04
Loss = 1.0025e-03, PNorm = 110.7877, GNorm = 0.1304, lr_0 = 2.9399e-04
Loss = 1.5380e-03, PNorm = 110.7904, GNorm = 0.7041, lr_0 = 2.9388e-04
Loss = 1.1555e-03, PNorm = 110.7928, GNorm = 0.3925, lr_0 = 2.9377e-04
Loss = 1.0834e-03, PNorm = 110.7939, GNorm = 0.1829, lr_0 = 2.9365e-04
Loss = 1.1681e-03, PNorm = 110.7944, GNorm = 0.0946, lr_0 = 2.9354e-04
Loss = 1.0530e-03, PNorm = 110.7982, GNorm = 0.0752, lr_0 = 2.9343e-04
Loss = 1.0912e-03, PNorm = 110.8007, GNorm = 0.0982, lr_0 = 2.9332e-04
Loss = 7.8782e-04, PNorm = 110.8035, GNorm = 0.2042, lr_0 = 2.9320e-04
Loss = 9.0540e-04, PNorm = 110.8049, GNorm = 0.2647, lr_0 = 2.9309e-04
Loss = 9.4965e-04, PNorm = 110.8083, GNorm = 0.1624, lr_0 = 2.9298e-04
Loss = 9.5937e-04, PNorm = 110.8109, GNorm = 0.1301, lr_0 = 2.9287e-04
Loss = 8.8252e-04, PNorm = 110.8125, GNorm = 0.1037, lr_0 = 2.9275e-04
Loss = 9.9187e-04, PNorm = 110.8153, GNorm = 0.4159, lr_0 = 2.9264e-04
Loss = 8.3364e-04, PNorm = 110.8164, GNorm = 0.2798, lr_0 = 2.9253e-04
Loss = 8.0144e-04, PNorm = 110.8164, GNorm = 0.1652, lr_0 = 2.9242e-04
Loss = 7.6642e-04, PNorm = 110.8173, GNorm = 0.0994, lr_0 = 2.9231e-04
Loss = 7.8277e-04, PNorm = 110.8185, GNorm = 0.2275, lr_0 = 2.9219e-04
Loss = 8.0459e-04, PNorm = 110.8194, GNorm = 0.5179, lr_0 = 2.9208e-04
Loss = 8.0704e-04, PNorm = 110.8199, GNorm = 0.1728, lr_0 = 2.9197e-04
Loss = 8.6524e-04, PNorm = 110.8216, GNorm = 0.1009, lr_0 = 2.9186e-04
Loss = 7.5167e-04, PNorm = 110.8235, GNorm = 0.1338, lr_0 = 2.9174e-04
Loss = 8.0674e-04, PNorm = 110.8253, GNorm = 0.2408, lr_0 = 2.9163e-04
Loss = 6.7286e-04, PNorm = 110.8261, GNorm = 0.1155, lr_0 = 2.9152e-04
Loss = 7.2386e-04, PNorm = 110.8280, GNorm = 0.1289, lr_0 = 2.9141e-04
Loss = 6.7503e-04, PNorm = 110.8292, GNorm = 0.0973, lr_0 = 2.9130e-04
Loss = 6.1322e-04, PNorm = 110.8303, GNorm = 0.2676, lr_0 = 2.9119e-04
Loss = 7.2051e-04, PNorm = 110.8312, GNorm = 0.1791, lr_0 = 2.9107e-04
Loss = 6.4771e-04, PNorm = 110.8322, GNorm = 0.0984, lr_0 = 2.9096e-04
Loss = 6.3351e-04, PNorm = 110.8331, GNorm = 0.1052, lr_0 = 2.9085e-04
Loss = 7.2410e-04, PNorm = 110.8343, GNorm = 0.1612, lr_0 = 2.9074e-04
Loss = 7.0842e-04, PNorm = 110.8350, GNorm = 0.0641, lr_0 = 2.9063e-04
Loss = 7.8718e-04, PNorm = 110.8354, GNorm = 0.3358, lr_0 = 2.9052e-04
Loss = 7.5251e-04, PNorm = 110.8367, GNorm = 0.2361, lr_0 = 2.9040e-04
Loss = 9.0961e-04, PNorm = 110.8393, GNorm = 0.3687, lr_0 = 2.9029e-04
Loss = 8.6717e-04, PNorm = 110.8400, GNorm = 0.1129, lr_0 = 2.9018e-04
Loss = 6.9912e-04, PNorm = 110.8407, GNorm = 0.0756, lr_0 = 2.9007e-04
Loss = 7.3214e-04, PNorm = 110.8415, GNorm = 0.1812, lr_0 = 2.8996e-04
Loss = 7.6546e-04, PNorm = 110.8436, GNorm = 0.1309, lr_0 = 2.8985e-04
Loss = 6.6926e-04, PNorm = 110.8451, GNorm = 0.3630, lr_0 = 2.8974e-04
Loss = 8.4056e-04, PNorm = 110.8455, GNorm = 0.5723, lr_0 = 2.8962e-04
Loss = 8.5273e-04, PNorm = 110.8465, GNorm = 0.0931, lr_0 = 2.8951e-04
Loss = 7.8450e-04, PNorm = 110.8495, GNorm = 0.0900, lr_0 = 2.8940e-04
Loss = 6.8325e-04, PNorm = 110.8510, GNorm = 0.0638, lr_0 = 2.8929e-04
Loss = 7.1768e-04, PNorm = 110.8520, GNorm = 0.2149, lr_0 = 2.8918e-04
Loss = 7.5722e-04, PNorm = 110.8527, GNorm = 0.3007, lr_0 = 2.8907e-04
Loss = 7.1978e-04, PNorm = 110.8531, GNorm = 0.3879, lr_0 = 2.8896e-04
Loss = 7.3421e-04, PNorm = 110.8548, GNorm = 0.0753, lr_0 = 2.8885e-04
Loss = 8.1563e-04, PNorm = 110.8572, GNorm = 0.1272, lr_0 = 2.8874e-04
Loss = 9.5847e-04, PNorm = 110.8583, GNorm = 0.0881, lr_0 = 2.8863e-04
Loss = 9.3402e-04, PNorm = 110.8583, GNorm = 0.2695, lr_0 = 2.8851e-04
Loss = 9.6343e-04, PNorm = 110.8595, GNorm = 0.0787, lr_0 = 2.8840e-04
Loss = 9.4937e-04, PNorm = 110.8605, GNorm = 0.1013, lr_0 = 2.8829e-04
Loss = 1.0060e-03, PNorm = 110.8627, GNorm = 0.3192, lr_0 = 2.8818e-04
Loss = 1.0037e-03, PNorm = 110.8653, GNorm = 0.0823, lr_0 = 2.8807e-04
Loss = 8.9979e-04, PNorm = 110.8666, GNorm = 0.1545, lr_0 = 2.8796e-04
Loss = 8.4620e-04, PNorm = 110.8671, GNorm = 0.2437, lr_0 = 2.8785e-04
Loss = 7.9109e-04, PNorm = 110.8688, GNorm = 0.2768, lr_0 = 2.8774e-04
Loss = 8.4037e-04, PNorm = 110.8687, GNorm = 0.2181, lr_0 = 2.8763e-04
Loss = 7.0916e-04, PNorm = 110.8702, GNorm = 0.2110, lr_0 = 2.8752e-04
Loss = 7.8635e-04, PNorm = 110.8713, GNorm = 0.1062, lr_0 = 2.8741e-04
Loss = 7.9116e-04, PNorm = 110.8725, GNorm = 0.0736, lr_0 = 2.8730e-04
Loss = 9.1219e-04, PNorm = 110.8722, GNorm = 0.4371, lr_0 = 2.8719e-04
Loss = 9.6857e-04, PNorm = 110.8750, GNorm = 0.2385, lr_0 = 2.8708e-04
Loss = 8.4026e-04, PNorm = 110.8772, GNorm = 0.1946, lr_0 = 2.8697e-04
Loss = 1.0209e-03, PNorm = 110.8791, GNorm = 0.4127, lr_0 = 2.8686e-04
Loss = 9.1955e-04, PNorm = 110.8811, GNorm = 0.3088, lr_0 = 2.8675e-04
Loss = 8.7093e-04, PNorm = 110.8815, GNorm = 0.1309, lr_0 = 2.8664e-04
Loss = 8.8259e-04, PNorm = 110.8830, GNorm = 0.2021, lr_0 = 2.8653e-04
Loss = 8.5907e-04, PNorm = 110.8841, GNorm = 0.2112, lr_0 = 2.8642e-04
Loss = 7.1661e-04, PNorm = 110.8849, GNorm = 0.1166, lr_0 = 2.8631e-04
Loss = 7.9093e-04, PNorm = 110.8853, GNorm = 0.2380, lr_0 = 2.8620e-04
Loss = 8.9139e-04, PNorm = 110.8859, GNorm = 0.3072, lr_0 = 2.8609e-04
Loss = 7.6149e-04, PNorm = 110.8880, GNorm = 0.3410, lr_0 = 2.8598e-04
Loss = 8.3829e-04, PNorm = 110.8894, GNorm = 0.1804, lr_0 = 2.8587e-04
Loss = 7.8035e-04, PNorm = 110.8911, GNorm = 0.1384, lr_0 = 2.8576e-04
Loss = 7.6395e-04, PNorm = 110.8934, GNorm = 0.1397, lr_0 = 2.8565e-04
Loss = 7.9311e-04, PNorm = 110.8931, GNorm = 0.1467, lr_0 = 2.8554e-04
Loss = 7.9258e-04, PNorm = 110.8940, GNorm = 0.2093, lr_0 = 2.8543e-04
Loss = 7.2407e-04, PNorm = 110.8951, GNorm = 0.1411, lr_0 = 2.8532e-04
Loss = 6.8550e-04, PNorm = 110.8954, GNorm = 0.2172, lr_0 = 2.8521e-04
Loss = 6.8489e-04, PNorm = 110.8962, GNorm = 0.4828, lr_0 = 2.8510e-04
Loss = 7.7848e-04, PNorm = 110.8969, GNorm = 0.2190, lr_0 = 2.8499e-04
Loss = 6.1727e-04, PNorm = 110.8981, GNorm = 0.0774, lr_0 = 2.8488e-04
Loss = 8.0625e-04, PNorm = 110.8996, GNorm = 0.1277, lr_0 = 2.8477e-04
Loss = 6.0363e-04, PNorm = 110.9018, GNorm = 0.0631, lr_0 = 2.8466e-04
Loss = 6.9674e-04, PNorm = 110.9026, GNorm = 0.1344, lr_0 = 2.8455e-04
Loss = 6.5410e-04, PNorm = 110.9037, GNorm = 0.0745, lr_0 = 2.8444e-04
Loss = 7.5999e-04, PNorm = 110.9043, GNorm = 0.1269, lr_0 = 2.8434e-04
Loss = 8.4226e-04, PNorm = 110.9064, GNorm = 0.4235, lr_0 = 2.8423e-04
Loss = 7.9374e-04, PNorm = 110.9084, GNorm = 0.4521, lr_0 = 2.8412e-04
Loss = 8.2110e-04, PNorm = 110.9093, GNorm = 0.2643, lr_0 = 2.8401e-04
Loss = 1.0131e-03, PNorm = 110.9108, GNorm = 0.5856, lr_0 = 2.8390e-04
Loss = 8.8460e-04, PNorm = 110.9139, GNorm = 0.3570, lr_0 = 2.8379e-04
Loss = 8.2047e-04, PNorm = 110.9152, GNorm = 0.2862, lr_0 = 2.8368e-04
Loss = 7.1408e-04, PNorm = 110.9155, GNorm = 0.1247, lr_0 = 2.8357e-04
Loss = 6.7744e-04, PNorm = 110.9166, GNorm = 0.0639, lr_0 = 2.8346e-04
Loss = 7.1088e-04, PNorm = 110.9172, GNorm = 0.2480, lr_0 = 2.8336e-04
Loss = 7.3111e-04, PNorm = 110.9172, GNorm = 0.1594, lr_0 = 2.8325e-04
Loss = 8.5347e-04, PNorm = 110.9181, GNorm = 0.4939, lr_0 = 2.8314e-04
Loss = 8.8769e-04, PNorm = 110.9194, GNorm = 0.0954, lr_0 = 2.8303e-04
Loss = 7.5568e-04, PNorm = 110.9203, GNorm = 0.1526, lr_0 = 2.8292e-04
Loss = 6.7016e-04, PNorm = 110.9214, GNorm = 0.1370, lr_0 = 2.8281e-04
Loss = 8.1777e-04, PNorm = 110.9220, GNorm = 0.3071, lr_0 = 2.8270e-04
Loss = 7.7138e-04, PNorm = 110.9233, GNorm = 0.1490, lr_0 = 2.8259e-04
Loss = 8.0489e-04, PNorm = 110.9234, GNorm = 0.1004, lr_0 = 2.8249e-04
Loss = 6.0591e-04, PNorm = 110.9248, GNorm = 0.1092, lr_0 = 2.8238e-04
Loss = 7.4236e-04, PNorm = 110.9258, GNorm = 0.3520, lr_0 = 2.8227e-04
Loss = 6.6110e-04, PNorm = 110.9262, GNorm = 0.1940, lr_0 = 2.8216e-04
Loss = 6.3571e-04, PNorm = 110.9268, GNorm = 0.1860, lr_0 = 2.8205e-04
Loss = 7.1624e-04, PNorm = 110.9292, GNorm = 0.1597, lr_0 = 2.8194e-04
Loss = 6.6340e-04, PNorm = 110.9324, GNorm = 0.1334, lr_0 = 2.8184e-04
Loss = 7.7139e-04, PNorm = 110.9342, GNorm = 0.2668, lr_0 = 2.8173e-04
Loss = 6.5973e-04, PNorm = 110.9355, GNorm = 0.2009, lr_0 = 2.8162e-04
Loss = 7.7136e-04, PNorm = 110.9361, GNorm = 0.1597, lr_0 = 2.8151e-04
Loss = 8.2076e-04, PNorm = 110.9378, GNorm = 0.1114, lr_0 = 2.8140e-04
Loss = 9.1322e-04, PNorm = 110.9401, GNorm = 0.1551, lr_0 = 2.8130e-04
Loss = 7.2516e-04, PNorm = 110.9416, GNorm = 0.0625, lr_0 = 2.8119e-04
Loss = 7.9968e-04, PNorm = 110.9431, GNorm = 0.4536, lr_0 = 2.8108e-04
Loss = 9.0121e-04, PNorm = 110.9458, GNorm = 0.0954, lr_0 = 2.8097e-04
Loss = 9.2644e-04, PNorm = 110.9492, GNorm = 0.1248, lr_0 = 2.8086e-04
Loss = 8.9822e-04, PNorm = 110.9509, GNorm = 0.0977, lr_0 = 2.8076e-04
Loss = 8.8680e-04, PNorm = 110.9525, GNorm = 0.1390, lr_0 = 2.8065e-04
Loss = 8.9704e-04, PNorm = 110.9525, GNorm = 0.2360, lr_0 = 2.8054e-04
Loss = 7.6910e-04, PNorm = 110.9532, GNorm = 0.3060, lr_0 = 2.8043e-04
Loss = 9.9445e-04, PNorm = 110.9533, GNorm = 0.3107, lr_0 = 2.8033e-04
Loss = 9.1463e-04, PNorm = 110.9545, GNorm = 0.1628, lr_0 = 2.8022e-04
Loss = 7.9640e-04, PNorm = 110.9551, GNorm = 0.1294, lr_0 = 2.8011e-04
Loss = 9.1705e-04, PNorm = 110.9562, GNorm = 0.0955, lr_0 = 2.8000e-04
Loss = 8.7343e-04, PNorm = 110.9579, GNorm = 0.3254, lr_0 = 2.7990e-04
Loss = 7.4583e-04, PNorm = 110.9581, GNorm = 0.1041, lr_0 = 2.7979e-04
Loss = 8.7855e-04, PNorm = 110.9595, GNorm = 0.3244, lr_0 = 2.7968e-04
Loss = 7.6619e-04, PNorm = 110.9618, GNorm = 0.2407, lr_0 = 2.7957e-04
Loss = 7.4225e-04, PNorm = 110.9627, GNorm = 0.1432, lr_0 = 2.7947e-04
Loss = 7.2462e-04, PNorm = 110.9628, GNorm = 0.3549, lr_0 = 2.7936e-04
Loss = 8.1319e-04, PNorm = 110.9632, GNorm = 0.5708, lr_0 = 2.7925e-04
Loss = 1.1385e-03, PNorm = 110.9649, GNorm = 0.4571, lr_0 = 2.7914e-04
Loss = 1.1242e-03, PNorm = 110.9663, GNorm = 0.4122, lr_0 = 2.7904e-04
Loss = 9.4953e-04, PNorm = 110.9687, GNorm = 0.3643, lr_0 = 2.7893e-04
Loss = 9.1156e-04, PNorm = 110.9711, GNorm = 0.2889, lr_0 = 2.7882e-04
Loss = 9.7829e-04, PNorm = 110.9723, GNorm = 0.1149, lr_0 = 2.7872e-04
Loss = 1.0616e-03, PNorm = 110.9747, GNorm = 0.2046, lr_0 = 2.7861e-04
Loss = 9.2601e-04, PNorm = 110.9784, GNorm = 0.1737, lr_0 = 2.7850e-04
Loss = 1.2520e-03, PNorm = 110.9806, GNorm = 0.5408, lr_0 = 2.7839e-04
Loss = 1.1691e-03, PNorm = 110.9824, GNorm = 0.7315, lr_0 = 2.7829e-04
Loss = 1.3111e-03, PNorm = 110.9847, GNorm = 0.1773, lr_0 = 2.7818e-04
Loss = 1.1101e-03, PNorm = 110.9866, GNorm = 0.4433, lr_0 = 2.7807e-04
Loss = 9.9784e-04, PNorm = 110.9882, GNorm = 0.1523, lr_0 = 2.7797e-04
Loss = 9.7117e-04, PNorm = 110.9894, GNorm = 0.2154, lr_0 = 2.7786e-04
Loss = 1.1128e-03, PNorm = 110.9937, GNorm = 0.4664, lr_0 = 2.7775e-04
Loss = 1.1087e-03, PNorm = 110.9968, GNorm = 0.2606, lr_0 = 2.7765e-04
Loss = 9.9327e-04, PNorm = 110.9979, GNorm = 0.3687, lr_0 = 2.7754e-04
Loss = 9.6017e-04, PNorm = 110.9987, GNorm = 0.2692, lr_0 = 2.7743e-04
Loss = 9.9134e-04, PNorm = 110.9993, GNorm = 0.3297, lr_0 = 2.7733e-04
Loss = 8.5315e-04, PNorm = 111.0015, GNorm = 0.3388, lr_0 = 2.7722e-04
Loss = 8.1341e-04, PNorm = 111.0039, GNorm = 0.0824, lr_0 = 2.7712e-04
Loss = 7.4031e-04, PNorm = 111.0048, GNorm = 0.1465, lr_0 = 2.7701e-04
Loss = 6.9164e-04, PNorm = 111.0058, GNorm = 0.2688, lr_0 = 2.7690e-04
Loss = 7.4310e-04, PNorm = 111.0064, GNorm = 0.1680, lr_0 = 2.7680e-04
Loss = 6.6667e-04, PNorm = 111.0082, GNorm = 0.2566, lr_0 = 2.7669e-04
Loss = 6.8151e-04, PNorm = 111.0108, GNorm = 0.0854, lr_0 = 2.7658e-04
Loss = 6.9329e-04, PNorm = 111.0121, GNorm = 0.2120, lr_0 = 2.7648e-04
Loss = 7.3713e-04, PNorm = 111.0127, GNorm = 0.0731, lr_0 = 2.7637e-04
Loss = 6.2158e-04, PNorm = 111.0137, GNorm = 0.0881, lr_0 = 2.7627e-04
Loss = 7.1789e-04, PNorm = 111.0148, GNorm = 0.1006, lr_0 = 2.7616e-04
Loss = 6.7321e-04, PNorm = 111.0154, GNorm = 0.1509, lr_0 = 2.7605e-04
Loss = 6.2694e-04, PNorm = 111.0161, GNorm = 0.3714, lr_0 = 2.7595e-04
Loss = 6.3273e-04, PNorm = 111.0177, GNorm = 0.1680, lr_0 = 2.7584e-04
Loss = 6.5108e-04, PNorm = 111.0192, GNorm = 0.2427, lr_0 = 2.7574e-04
Loss = 7.0604e-04, PNorm = 111.0210, GNorm = 0.2133, lr_0 = 2.7563e-04
Loss = 6.5668e-04, PNorm = 111.0227, GNorm = 0.1778, lr_0 = 2.7552e-04
Loss = 6.7030e-04, PNorm = 111.0233, GNorm = 0.1204, lr_0 = 2.7542e-04
Loss = 8.5625e-04, PNorm = 111.0236, GNorm = 0.3077, lr_0 = 2.7531e-04
Loss = 9.6913e-04, PNorm = 111.0235, GNorm = 0.2901, lr_0 = 2.7521e-04
Loss = 8.8292e-04, PNorm = 111.0236, GNorm = 0.2765, lr_0 = 2.7510e-04
Loss = 9.0613e-04, PNorm = 111.0253, GNorm = 0.0841, lr_0 = 2.7500e-04
Loss = 8.7178e-04, PNorm = 111.0262, GNorm = 0.4678, lr_0 = 2.7489e-04
Loss = 8.3229e-04, PNorm = 111.0273, GNorm = 0.2761, lr_0 = 2.7478e-04
Loss = 8.3828e-04, PNorm = 111.0277, GNorm = 0.2256, lr_0 = 2.7468e-04
Loss = 7.9419e-04, PNorm = 111.0291, GNorm = 0.2198, lr_0 = 2.7457e-04
Loss = 7.7306e-04, PNorm = 111.0317, GNorm = 0.1046, lr_0 = 2.7447e-04
Loss = 7.7537e-04, PNorm = 111.0335, GNorm = 0.1739, lr_0 = 2.7436e-04
Loss = 7.7815e-04, PNorm = 111.0348, GNorm = 0.2564, lr_0 = 2.7426e-04
Loss = 8.8458e-04, PNorm = 111.0352, GNorm = 0.1660, lr_0 = 2.7415e-04
Loss = 7.0684e-04, PNorm = 111.0371, GNorm = 0.4480, lr_0 = 2.7405e-04
Loss = 6.8195e-04, PNorm = 111.0387, GNorm = 0.1345, lr_0 = 2.7394e-04
Loss = 7.1738e-04, PNorm = 111.0408, GNorm = 0.2267, lr_0 = 2.7384e-04
Loss = 7.0265e-04, PNorm = 111.0415, GNorm = 0.1759, lr_0 = 2.7373e-04
Loss = 6.4854e-04, PNorm = 111.0423, GNorm = 0.1740, lr_0 = 2.7363e-04
Loss = 7.6664e-04, PNorm = 111.0426, GNorm = 0.0806, lr_0 = 2.7352e-04
Loss = 7.6766e-04, PNorm = 111.0432, GNorm = 0.3233, lr_0 = 2.7342e-04
Loss = 9.6514e-04, PNorm = 111.0453, GNorm = 0.5838, lr_0 = 2.7331e-04
Loss = 1.0125e-03, PNorm = 111.0454, GNorm = 0.2335, lr_0 = 2.7321e-04
Loss = 9.2271e-04, PNorm = 111.0460, GNorm = 0.1400, lr_0 = 2.7310e-04
Loss = 8.9149e-04, PNorm = 111.0472, GNorm = 0.0693, lr_0 = 2.7300e-04
Loss = 7.8033e-04, PNorm = 111.0495, GNorm = 0.0972, lr_0 = 2.7289e-04
Loss = 6.8357e-04, PNorm = 111.0508, GNorm = 0.1253, lr_0 = 2.7279e-04
Loss = 8.7668e-04, PNorm = 111.0505, GNorm = 0.3346, lr_0 = 2.7268e-04
Loss = 8.3883e-04, PNorm = 111.0511, GNorm = 0.1156, lr_0 = 2.7258e-04
Loss = 6.5970e-04, PNorm = 111.0533, GNorm = 0.0583, lr_0 = 2.7247e-04
Loss = 7.5269e-04, PNorm = 111.0544, GNorm = 0.1475, lr_0 = 2.7237e-04
Loss = 6.9921e-04, PNorm = 111.0557, GNorm = 0.4158, lr_0 = 2.7226e-04
Loss = 8.1376e-04, PNorm = 111.0562, GNorm = 0.2743, lr_0 = 2.7216e-04
Loss = 8.6257e-04, PNorm = 111.0588, GNorm = 0.2451, lr_0 = 2.7206e-04
Loss = 8.1807e-04, PNorm = 111.0608, GNorm = 0.1686, lr_0 = 2.7195e-04
Loss = 8.8183e-04, PNorm = 111.0619, GNorm = 0.0933, lr_0 = 2.7185e-04
Loss = 7.2958e-04, PNorm = 111.0618, GNorm = 0.1318, lr_0 = 2.7174e-04
Loss = 6.7733e-04, PNorm = 111.0633, GNorm = 0.1665, lr_0 = 2.7164e-04
Loss = 6.3471e-04, PNorm = 111.0649, GNorm = 0.3396, lr_0 = 2.7153e-04
Loss = 7.3268e-04, PNorm = 111.0668, GNorm = 0.3903, lr_0 = 2.7143e-04
Loss = 6.0008e-04, PNorm = 111.0667, GNorm = 0.1744, lr_0 = 2.7133e-04
Loss = 6.7333e-04, PNorm = 111.0676, GNorm = 0.1156, lr_0 = 2.7122e-04
Loss = 7.9177e-04, PNorm = 111.0695, GNorm = 0.1507, lr_0 = 2.7112e-04
Loss = 7.2323e-04, PNorm = 111.0709, GNorm = 0.1421, lr_0 = 2.7101e-04
Loss = 6.6633e-04, PNorm = 111.0720, GNorm = 0.3272, lr_0 = 2.7091e-04
Loss = 7.9129e-04, PNorm = 111.0727, GNorm = 0.3533, lr_0 = 2.7080e-04
Loss = 8.4585e-04, PNorm = 111.0741, GNorm = 0.1677, lr_0 = 2.7070e-04
Loss = 7.3604e-04, PNorm = 111.0751, GNorm = 0.1850, lr_0 = 2.7060e-04
Loss = 7.6765e-04, PNorm = 111.0751, GNorm = 0.2418, lr_0 = 2.7049e-04
Loss = 7.0165e-04, PNorm = 111.0758, GNorm = 0.1246, lr_0 = 2.7039e-04
Loss = 6.7924e-04, PNorm = 111.0772, GNorm = 0.0912, lr_0 = 2.7029e-04
Loss = 6.4172e-04, PNorm = 111.0775, GNorm = 0.1859, lr_0 = 2.7018e-04
Loss = 6.8880e-04, PNorm = 111.0788, GNorm = 0.0976, lr_0 = 2.7008e-04
Loss = 5.6524e-04, PNorm = 111.0821, GNorm = 0.3064, lr_0 = 2.6997e-04
Loss = 6.7479e-04, PNorm = 111.0834, GNorm = 0.2169, lr_0 = 2.6987e-04
Loss = 6.5494e-04, PNorm = 111.0840, GNorm = 0.1545, lr_0 = 2.6977e-04
Loss = 6.6492e-04, PNorm = 111.0846, GNorm = 0.0744, lr_0 = 2.6966e-04
Loss = 5.8496e-04, PNorm = 111.0861, GNorm = 0.2215, lr_0 = 2.6956e-04
Loss = 5.2040e-04, PNorm = 111.0862, GNorm = 0.1119, lr_0 = 2.6946e-04
Loss = 6.4971e-04, PNorm = 111.0864, GNorm = 0.1574, lr_0 = 2.6935e-04
Loss = 5.8222e-04, PNorm = 111.0861, GNorm = 0.1020, lr_0 = 2.6925e-04
Loss = 5.2103e-04, PNorm = 111.0859, GNorm = 0.1766, lr_0 = 2.6915e-04
Loss = 6.5947e-04, PNorm = 111.0869, GNorm = 0.1508, lr_0 = 2.6904e-04
Loss = 6.3515e-04, PNorm = 111.0875, GNorm = 0.0835, lr_0 = 2.6894e-04
Loss = 6.1566e-04, PNorm = 111.0877, GNorm = 0.2282, lr_0 = 2.6884e-04
Loss = 6.1732e-04, PNorm = 111.0885, GNorm = 0.0892, lr_0 = 2.6873e-04
Loss = 6.5056e-04, PNorm = 111.0903, GNorm = 0.0989, lr_0 = 2.6863e-04
Loss = 6.0205e-04, PNorm = 111.0915, GNorm = 0.2547, lr_0 = 2.6853e-04
Loss = 6.1755e-04, PNorm = 111.0916, GNorm = 0.3407, lr_0 = 2.6842e-04
Loss = 6.7649e-04, PNorm = 111.0936, GNorm = 0.3746, lr_0 = 2.6832e-04
Loss = 6.0611e-04, PNorm = 111.0951, GNorm = 0.1790, lr_0 = 2.6822e-04
Loss = 6.1276e-04, PNorm = 111.0966, GNorm = 0.2951, lr_0 = 2.6812e-04
Loss = 5.8097e-04, PNorm = 111.0975, GNorm = 0.0765, lr_0 = 2.6801e-04
Loss = 6.2995e-04, PNorm = 111.0984, GNorm = 0.0533, lr_0 = 2.6791e-04
Loss = 8.1081e-04, PNorm = 111.0992, GNorm = 0.4009, lr_0 = 2.6781e-04
Loss = 5.9856e-04, PNorm = 111.1000, GNorm = 0.0732, lr_0 = 2.6770e-04
Loss = 6.6068e-04, PNorm = 111.1005, GNorm = 0.3473, lr_0 = 2.6760e-04
Loss = 6.8223e-04, PNorm = 111.1020, GNorm = 0.1126, lr_0 = 2.6750e-04
Loss = 6.1077e-04, PNorm = 111.1037, GNorm = 0.1199, lr_0 = 2.6740e-04
Loss = 6.5844e-04, PNorm = 111.1047, GNorm = 0.1562, lr_0 = 2.6729e-04
Loss = 5.4070e-04, PNorm = 111.1047, GNorm = 0.0932, lr_0 = 2.6719e-04
Loss = 6.7478e-04, PNorm = 111.1062, GNorm = 0.1041, lr_0 = 2.6709e-04
Loss = 7.6059e-04, PNorm = 111.1075, GNorm = 0.1586, lr_0 = 2.6699e-04
Loss = 6.7988e-04, PNorm = 111.1083, GNorm = 0.1928, lr_0 = 2.6688e-04
Loss = 8.5932e-04, PNorm = 111.1100, GNorm = 0.4889, lr_0 = 2.6678e-04
Loss = 6.4313e-04, PNorm = 111.1110, GNorm = 0.1258, lr_0 = 2.6668e-04
Loss = 7.3820e-04, PNorm = 111.1123, GNorm = 0.1280, lr_0 = 2.6658e-04
Loss = 6.8667e-04, PNorm = 111.1137, GNorm = 0.1118, lr_0 = 2.6647e-04
Loss = 7.3472e-04, PNorm = 111.1164, GNorm = 0.2913, lr_0 = 2.6637e-04
Loss = 6.9735e-04, PNorm = 111.1180, GNorm = 0.3580, lr_0 = 2.6627e-04
Loss = 8.1355e-04, PNorm = 111.1193, GNorm = 0.3218, lr_0 = 2.6617e-04
Loss = 6.6119e-04, PNorm = 111.1205, GNorm = 0.1369, lr_0 = 2.6606e-04
Loss = 7.4927e-04, PNorm = 111.1206, GNorm = 0.1212, lr_0 = 2.6596e-04
Loss = 7.5794e-04, PNorm = 111.1221, GNorm = 0.2600, lr_0 = 2.6586e-04
Loss = 6.9213e-04, PNorm = 111.1230, GNorm = 0.1306, lr_0 = 2.6576e-04
Loss = 7.5139e-04, PNorm = 111.1245, GNorm = 0.2423, lr_0 = 2.6566e-04
Loss = 6.9248e-04, PNorm = 111.1252, GNorm = 0.1343, lr_0 = 2.6555e-04
Loss = 7.4370e-04, PNorm = 111.1252, GNorm = 0.1244, lr_0 = 2.6545e-04
Loss = 7.1658e-04, PNorm = 111.1263, GNorm = 0.1987, lr_0 = 2.6535e-04
Loss = 7.0556e-04, PNorm = 111.1281, GNorm = 0.2399, lr_0 = 2.6525e-04
Loss = 8.6696e-04, PNorm = 111.1304, GNorm = 0.2247, lr_0 = 2.6515e-04
Loss = 6.8852e-04, PNorm = 111.1334, GNorm = 0.1826, lr_0 = 2.6504e-04
Loss = 8.0455e-04, PNorm = 111.1353, GNorm = 0.0765, lr_0 = 2.6494e-04
Loss = 7.5849e-04, PNorm = 111.1352, GNorm = 0.1778, lr_0 = 2.6484e-04
Loss = 8.5737e-04, PNorm = 111.1359, GNorm = 0.1581, lr_0 = 2.6474e-04
Loss = 6.8874e-04, PNorm = 111.1384, GNorm = 0.5391, lr_0 = 2.6464e-04
Loss = 8.2290e-04, PNorm = 111.1399, GNorm = 0.1254, lr_0 = 2.6454e-04
Loss = 7.4775e-04, PNorm = 111.1408, GNorm = 0.1363, lr_0 = 2.6443e-04
Loss = 7.3595e-04, PNorm = 111.1426, GNorm = 0.1242, lr_0 = 2.6433e-04
Loss = 8.3277e-04, PNorm = 111.1453, GNorm = 0.2305, lr_0 = 2.6423e-04
Loss = 9.0573e-04, PNorm = 111.1467, GNorm = 0.4036, lr_0 = 2.6413e-04
Loss = 7.4469e-04, PNorm = 111.1484, GNorm = 0.1214, lr_0 = 2.6403e-04
Loss = 6.9743e-04, PNorm = 111.1497, GNorm = 0.1148, lr_0 = 2.6393e-04
Loss = 6.9311e-04, PNorm = 111.1511, GNorm = 0.3302, lr_0 = 2.6383e-04
Loss = 6.7085e-04, PNorm = 111.1536, GNorm = 0.1245, lr_0 = 2.6373e-04
Loss = 7.0347e-04, PNorm = 111.1552, GNorm = 0.1495, lr_0 = 2.6362e-04
Loss = 7.2706e-04, PNorm = 111.1557, GNorm = 0.1079, lr_0 = 2.6352e-04
Loss = 7.3777e-04, PNorm = 111.1567, GNorm = 0.1244, lr_0 = 2.6342e-04
Loss = 7.2131e-04, PNorm = 111.1566, GNorm = 0.0777, lr_0 = 2.6332e-04
Loss = 6.0384e-04, PNorm = 111.1565, GNorm = 0.1990, lr_0 = 2.6322e-04
Loss = 5.7139e-04, PNorm = 111.1582, GNorm = 0.0892, lr_0 = 2.6312e-04
Loss = 5.9865e-04, PNorm = 111.1596, GNorm = 0.1103, lr_0 = 2.6302e-04
Loss = 5.9926e-04, PNorm = 111.1589, GNorm = 0.5337, lr_0 = 2.6292e-04
Loss = 6.7865e-04, PNorm = 111.1581, GNorm = 0.2870, lr_0 = 2.6282e-04
Loss = 6.2276e-04, PNorm = 111.1582, GNorm = 0.2695, lr_0 = 2.6271e-04
Loss = 5.7204e-04, PNorm = 111.1599, GNorm = 0.0900, lr_0 = 2.6261e-04
Loss = 7.0207e-04, PNorm = 111.1617, GNorm = 0.3588, lr_0 = 2.6251e-04
Loss = 7.1024e-04, PNorm = 111.1635, GNorm = 0.2913, lr_0 = 2.6241e-04
Loss = 7.4207e-04, PNorm = 111.1656, GNorm = 0.1125, lr_0 = 2.6231e-04
Loss = 6.5721e-04, PNorm = 111.1667, GNorm = 0.1427, lr_0 = 2.6221e-04
Loss = 6.4320e-04, PNorm = 111.1679, GNorm = 0.0537, lr_0 = 2.6211e-04
Loss = 6.7373e-04, PNorm = 111.1684, GNorm = 0.0941, lr_0 = 2.6201e-04
Loss = 7.4264e-04, PNorm = 111.1698, GNorm = 0.2281, lr_0 = 2.6191e-04
Loss = 7.8650e-04, PNorm = 111.1720, GNorm = 0.3152, lr_0 = 2.6181e-04
Loss = 6.2719e-04, PNorm = 111.1722, GNorm = 0.1884, lr_0 = 2.6171e-04
Loss = 5.6268e-04, PNorm = 111.1737, GNorm = 0.0912, lr_0 = 2.6161e-04
Loss = 5.7727e-04, PNorm = 111.1748, GNorm = 0.2936, lr_0 = 2.6151e-04
Loss = 6.7351e-04, PNorm = 111.1753, GNorm = 0.3504, lr_0 = 2.6141e-04
Loss = 8.4449e-04, PNorm = 111.1749, GNorm = 0.2420, lr_0 = 2.6131e-04
Loss = 7.7265e-04, PNorm = 111.1760, GNorm = 0.2939, lr_0 = 2.6121e-04
Loss = 6.4801e-04, PNorm = 111.1777, GNorm = 0.0705, lr_0 = 2.6111e-04
Loss = 6.4151e-04, PNorm = 111.1790, GNorm = 0.2993, lr_0 = 2.6101e-04
Loss = 7.6968e-04, PNorm = 111.1798, GNorm = 0.1113, lr_0 = 2.6091e-04
Loss = 5.9033e-04, PNorm = 111.1803, GNorm = 0.1905, lr_0 = 2.6081e-04
Loss = 6.4976e-04, PNorm = 111.1809, GNorm = 0.0933, lr_0 = 2.6071e-04
Loss = 5.8801e-04, PNorm = 111.1823, GNorm = 0.3008, lr_0 = 2.6061e-04
Loss = 6.6753e-04, PNorm = 111.1831, GNorm = 0.3088, lr_0 = 2.6051e-04
Loss = 6.2400e-04, PNorm = 111.1843, GNorm = 0.4394, lr_0 = 2.6041e-04
Loss = 7.5121e-04, PNorm = 111.1851, GNorm = 0.0797, lr_0 = 2.6031e-04
Loss = 6.7120e-04, PNorm = 111.1858, GNorm = 0.1776, lr_0 = 2.6021e-04
Loss = 6.9124e-04, PNorm = 111.1871, GNorm = 0.1309, lr_0 = 2.6011e-04
Loss = 6.4995e-04, PNorm = 111.1871, GNorm = 0.3061, lr_0 = 2.6001e-04
Loss = 5.9003e-04, PNorm = 111.1872, GNorm = 0.1862, lr_0 = 2.5991e-04
Loss = 6.3933e-04, PNorm = 111.1884, GNorm = 0.2249, lr_0 = 2.5981e-04
Loss = 7.2234e-04, PNorm = 111.1909, GNorm = 0.3915, lr_0 = 2.5971e-04
Loss = 8.2745e-04, PNorm = 111.1917, GNorm = 0.1496, lr_0 = 2.5961e-04
Loss = 7.5580e-04, PNorm = 111.1926, GNorm = 0.1761, lr_0 = 2.5951e-04
Loss = 6.6393e-04, PNorm = 111.1947, GNorm = 0.1031, lr_0 = 2.5941e-04
Loss = 6.0502e-04, PNorm = 111.1973, GNorm = 0.0782, lr_0 = 2.5931e-04
Loss = 5.3716e-04, PNorm = 111.1980, GNorm = 0.1907, lr_0 = 2.5921e-04
Loss = 6.7313e-04, PNorm = 111.1974, GNorm = 0.2125, lr_0 = 2.5911e-04
Loss = 6.2302e-04, PNorm = 111.1975, GNorm = 0.2343, lr_0 = 2.5901e-04
Loss = 5.5255e-04, PNorm = 111.1985, GNorm = 0.4158, lr_0 = 2.5891e-04
Loss = 6.9516e-04, PNorm = 111.1987, GNorm = 0.4406, lr_0 = 2.5881e-04
Loss = 7.4322e-04, PNorm = 111.1998, GNorm = 0.1656, lr_0 = 2.5871e-04
Loss = 6.5727e-04, PNorm = 111.2019, GNorm = 0.2697, lr_0 = 2.5861e-04
Loss = 6.9290e-04, PNorm = 111.2036, GNorm = 0.0573, lr_0 = 2.5851e-04
Loss = 7.6114e-04, PNorm = 111.2057, GNorm = 0.1390, lr_0 = 2.5841e-04
Loss = 5.7222e-04, PNorm = 111.2078, GNorm = 0.1692, lr_0 = 2.5831e-04
Loss = 6.7568e-04, PNorm = 111.2101, GNorm = 0.3770, lr_0 = 2.5821e-04
Loss = 7.5112e-04, PNorm = 111.2096, GNorm = 0.3721, lr_0 = 2.5812e-04
Loss = 6.6633e-04, PNorm = 111.2103, GNorm = 0.2492, lr_0 = 2.5802e-04
Loss = 7.5787e-04, PNorm = 111.2121, GNorm = 0.0748, lr_0 = 2.5792e-04
Loss = 7.4518e-04, PNorm = 111.2136, GNorm = 0.1382, lr_0 = 2.5782e-04
Loss = 7.0994e-04, PNorm = 111.2154, GNorm = 0.1773, lr_0 = 2.5772e-04
Loss = 7.4885e-04, PNorm = 111.2172, GNorm = 0.1275, lr_0 = 2.5762e-04
Loss = 7.2200e-04, PNorm = 111.2199, GNorm = 0.4191, lr_0 = 2.5752e-04
Loss = 7.0566e-04, PNorm = 111.2201, GNorm = 0.3929, lr_0 = 2.5742e-04
Loss = 7.4335e-04, PNorm = 111.2200, GNorm = 0.1156, lr_0 = 2.5732e-04
Loss = 6.1408e-04, PNorm = 111.2221, GNorm = 0.3032, lr_0 = 2.5723e-04
Loss = 6.9960e-04, PNorm = 111.2224, GNorm = 0.0588, lr_0 = 2.5713e-04
Loss = 8.0902e-04, PNorm = 111.2221, GNorm = 0.2540, lr_0 = 2.5703e-04
Loss = 6.9900e-04, PNorm = 111.2224, GNorm = 0.0592, lr_0 = 2.5693e-04
Loss = 7.2724e-04, PNorm = 111.2237, GNorm = 0.0732, lr_0 = 2.5683e-04
Loss = 6.4036e-04, PNorm = 111.2256, GNorm = 0.1182, lr_0 = 2.5673e-04
Loss = 5.4455e-04, PNorm = 111.2274, GNorm = 0.2003, lr_0 = 2.5663e-04
Loss = 7.5190e-04, PNorm = 111.2287, GNorm = 0.2902, lr_0 = 2.5654e-04
Loss = 5.8980e-04, PNorm = 111.2299, GNorm = 0.0609, lr_0 = 2.5644e-04
Loss = 6.0708e-04, PNorm = 111.2304, GNorm = 0.1364, lr_0 = 2.5634e-04
Loss = 6.5060e-04, PNorm = 111.2319, GNorm = 0.0874, lr_0 = 2.5624e-04
Loss = 5.4203e-04, PNorm = 111.2328, GNorm = 0.0957, lr_0 = 2.5614e-04
Loss = 6.8095e-04, PNorm = 111.2340, GNorm = 0.3561, lr_0 = 2.5604e-04
Loss = 6.5056e-04, PNorm = 111.2345, GNorm = 0.0882, lr_0 = 2.5594e-04
Loss = 6.1294e-04, PNorm = 111.2333, GNorm = 0.0933, lr_0 = 2.5585e-04
Loss = 6.6076e-04, PNorm = 111.2332, GNorm = 0.3831, lr_0 = 2.5575e-04
Loss = 6.7977e-04, PNorm = 111.2352, GNorm = 0.1507, lr_0 = 2.5565e-04
Loss = 5.6572e-04, PNorm = 111.2373, GNorm = 0.0904, lr_0 = 2.5555e-04
Loss = 7.3122e-04, PNorm = 111.2389, GNorm = 0.1523, lr_0 = 2.5545e-04
Loss = 5.1411e-04, PNorm = 111.2404, GNorm = 0.2603, lr_0 = 2.5536e-04
Loss = 6.3180e-04, PNorm = 111.2424, GNorm = 0.1302, lr_0 = 2.5526e-04
Loss = 5.7459e-04, PNorm = 111.2439, GNorm = 0.2014, lr_0 = 2.5516e-04
Loss = 6.4824e-04, PNorm = 111.2442, GNorm = 0.1062, lr_0 = 2.5506e-04
Loss = 7.0808e-04, PNorm = 111.2458, GNorm = 0.1847, lr_0 = 2.5496e-04
Loss = 6.4110e-04, PNorm = 111.2468, GNorm = 0.0946, lr_0 = 2.5487e-04
Loss = 6.7406e-04, PNorm = 111.2480, GNorm = 0.0665, lr_0 = 2.5477e-04
Loss = 5.9055e-04, PNorm = 111.2479, GNorm = 0.1020, lr_0 = 2.5467e-04
Loss = 5.2621e-04, PNorm = 111.2483, GNorm = 0.0566, lr_0 = 2.5457e-04
Loss = 5.5880e-04, PNorm = 111.2493, GNorm = 0.2284, lr_0 = 2.5448e-04
Loss = 5.0030e-04, PNorm = 111.2495, GNorm = 0.3787, lr_0 = 2.5438e-04
Loss = 6.3425e-04, PNorm = 111.2512, GNorm = 0.0461, lr_0 = 2.5428e-04
Loss = 5.6728e-04, PNorm = 111.2528, GNorm = 0.0645, lr_0 = 2.5418e-04
Loss = 4.7292e-04, PNorm = 111.2533, GNorm = 0.0618, lr_0 = 2.5408e-04
Loss = 5.1955e-04, PNorm = 111.2534, GNorm = 0.0893, lr_0 = 2.5399e-04
Loss = 5.2819e-04, PNorm = 111.2543, GNorm = 0.1495, lr_0 = 2.5389e-04
Loss = 5.7709e-04, PNorm = 111.2549, GNorm = 0.0814, lr_0 = 2.5379e-04
Loss = 5.2945e-04, PNorm = 111.2560, GNorm = 0.1614, lr_0 = 2.5369e-04
Loss = 5.7918e-04, PNorm = 111.2570, GNorm = 0.2852, lr_0 = 2.5360e-04
Loss = 6.5894e-04, PNorm = 111.2569, GNorm = 0.2541, lr_0 = 2.5350e-04
Loss = 6.1875e-04, PNorm = 111.2577, GNorm = 0.1057, lr_0 = 2.5340e-04
Loss = 5.2773e-04, PNorm = 111.2588, GNorm = 0.0803, lr_0 = 2.5331e-04
Loss = 5.4928e-04, PNorm = 111.2587, GNorm = 0.1932, lr_0 = 2.5321e-04
Loss = 5.9344e-04, PNorm = 111.2601, GNorm = 0.3579, lr_0 = 2.5311e-04
Loss = 6.9499e-04, PNorm = 111.2596, GNorm = 0.3831, lr_0 = 2.5301e-04
Loss = 6.1991e-04, PNorm = 111.2615, GNorm = 0.2489, lr_0 = 2.5292e-04
Loss = 5.8228e-04, PNorm = 111.2635, GNorm = 0.0947, lr_0 = 2.5282e-04
Loss = 6.3086e-04, PNorm = 111.2654, GNorm = 0.2484, lr_0 = 2.5272e-04
Loss = 6.3642e-04, PNorm = 111.2669, GNorm = 0.1901, lr_0 = 2.5263e-04
Loss = 6.7134e-04, PNorm = 111.2671, GNorm = 0.2121, lr_0 = 2.5253e-04
Loss = 6.0188e-04, PNorm = 111.2679, GNorm = 0.0690, lr_0 = 2.5243e-04
Loss = 5.6851e-04, PNorm = 111.2690, GNorm = 0.1255, lr_0 = 2.5233e-04
Loss = 5.6663e-04, PNorm = 111.2695, GNorm = 0.1223, lr_0 = 2.5224e-04
Loss = 5.0890e-04, PNorm = 111.2700, GNorm = 0.2634, lr_0 = 2.5214e-04
Loss = 5.7284e-04, PNorm = 111.2707, GNorm = 0.1228, lr_0 = 2.5204e-04
Loss = 5.7514e-04, PNorm = 111.2705, GNorm = 0.1309, lr_0 = 2.5195e-04
Loss = 6.1983e-04, PNorm = 111.2707, GNorm = 0.1002, lr_0 = 2.5185e-04
Loss = 5.9745e-04, PNorm = 111.2722, GNorm = 0.2575, lr_0 = 2.5175e-04
Loss = 5.9155e-04, PNorm = 111.2735, GNorm = 0.1022, lr_0 = 2.5166e-04
Loss = 5.4244e-04, PNorm = 111.2749, GNorm = 0.0605, lr_0 = 2.5156e-04
Loss = 5.7590e-04, PNorm = 111.2760, GNorm = 0.2150, lr_0 = 2.5146e-04
Loss = 5.3097e-04, PNorm = 111.2767, GNorm = 0.2187, lr_0 = 2.5137e-04
Loss = 6.1838e-04, PNorm = 111.2783, GNorm = 0.0944, lr_0 = 2.5127e-04
Loss = 5.9889e-04, PNorm = 111.2788, GNorm = 0.4366, lr_0 = 2.5118e-04
Loss = 5.6378e-04, PNorm = 111.2795, GNorm = 0.0782, lr_0 = 2.5108e-04
Loss = 5.8449e-04, PNorm = 111.2816, GNorm = 0.1847, lr_0 = 2.5098e-04
Loss = 5.5267e-04, PNorm = 111.2817, GNorm = 0.1156, lr_0 = 2.5089e-04
Loss = 5.2490e-04, PNorm = 111.2824, GNorm = 0.0463, lr_0 = 2.5079e-04
Loss = 5.7791e-04, PNorm = 111.2850, GNorm = 0.1728, lr_0 = 2.5069e-04
Loss = 5.9760e-04, PNorm = 111.2858, GNorm = 0.3149, lr_0 = 2.5060e-04
Loss = 4.8494e-04, PNorm = 111.2869, GNorm = 0.0616, lr_0 = 2.5050e-04
Loss = 5.2629e-04, PNorm = 111.2880, GNorm = 0.1247, lr_0 = 2.5040e-04
Loss = 5.7742e-04, PNorm = 111.2895, GNorm = 0.0910, lr_0 = 2.5031e-04
Loss = 5.7727e-04, PNorm = 111.2905, GNorm = 0.1315, lr_0 = 2.5021e-04
Loss = 5.4478e-04, PNorm = 111.2913, GNorm = 0.2679, lr_0 = 2.5012e-04
Loss = 7.6111e-04, PNorm = 111.2931, GNorm = 0.7375, lr_0 = 2.5002e-04
Loss = 9.1505e-04, PNorm = 111.2938, GNorm = 0.1624, lr_0 = 2.4992e-04
Loss = 8.8590e-04, PNorm = 111.2954, GNorm = 0.5835, lr_0 = 2.4983e-04
Loss = 6.3386e-04, PNorm = 111.2980, GNorm = 0.1107, lr_0 = 2.4973e-04
Loss = 6.9551e-04, PNorm = 111.2998, GNorm = 0.1266, lr_0 = 2.4964e-04
Loss = 6.4490e-04, PNorm = 111.3015, GNorm = 0.1507, lr_0 = 2.4954e-04
Loss = 6.8379e-04, PNorm = 111.3021, GNorm = 0.2532, lr_0 = 2.4945e-04
Loss = 6.2276e-04, PNorm = 111.3026, GNorm = 0.2931, lr_0 = 2.4935e-04
Loss = 6.4905e-04, PNorm = 111.3041, GNorm = 0.0749, lr_0 = 2.4925e-04
Loss = 6.4073e-04, PNorm = 111.3049, GNorm = 0.1391, lr_0 = 2.4916e-04
Loss = 6.9820e-04, PNorm = 111.3072, GNorm = 0.1127, lr_0 = 2.4906e-04
Loss = 5.8569e-04, PNorm = 111.3064, GNorm = 0.1322, lr_0 = 2.4897e-04
Loss = 5.7438e-04, PNorm = 111.3069, GNorm = 0.4579, lr_0 = 2.4887e-04
Loss = 7.8441e-04, PNorm = 111.3077, GNorm = 0.3108, lr_0 = 2.4878e-04
Loss = 7.2043e-04, PNorm = 111.3088, GNorm = 0.1252, lr_0 = 2.4868e-04
Loss = 5.5371e-04, PNorm = 111.3101, GNorm = 0.0536, lr_0 = 2.4858e-04
Loss = 7.9113e-04, PNorm = 111.3104, GNorm = 0.3587, lr_0 = 2.4849e-04
Loss = 6.4737e-04, PNorm = 111.3121, GNorm = 0.0772, lr_0 = 2.4839e-04
Loss = 6.4619e-04, PNorm = 111.3143, GNorm = 0.1407, lr_0 = 2.4830e-04
Loss = 6.8353e-04, PNorm = 111.3141, GNorm = 0.4390, lr_0 = 2.4820e-04
Loss = 7.7368e-04, PNorm = 111.3141, GNorm = 0.1766, lr_0 = 2.4811e-04
Loss = 5.8976e-04, PNorm = 111.3154, GNorm = 0.3808, lr_0 = 2.4801e-04
Loss = 7.1191e-04, PNorm = 111.3162, GNorm = 0.0891, lr_0 = 2.4792e-04
Loss = 7.8104e-04, PNorm = 111.3174, GNorm = 0.2567, lr_0 = 2.4782e-04
Loss = 6.9157e-04, PNorm = 111.3183, GNorm = 0.4636, lr_0 = 2.4773e-04
Loss = 8.2275e-04, PNorm = 111.3206, GNorm = 0.5181, lr_0 = 2.4763e-04
Loss = 7.2653e-04, PNorm = 111.3223, GNorm = 0.2230, lr_0 = 2.4754e-04
Loss = 7.4296e-04, PNorm = 111.3235, GNorm = 0.4321, lr_0 = 2.4744e-04
Loss = 7.9338e-04, PNorm = 111.3241, GNorm = 0.2991, lr_0 = 2.4735e-04
Loss = 6.8452e-04, PNorm = 111.3250, GNorm = 0.3518, lr_0 = 2.4725e-04
Loss = 6.5901e-04, PNorm = 111.3261, GNorm = 0.0743, lr_0 = 2.4716e-04
Loss = 7.2320e-04, PNorm = 111.3285, GNorm = 0.3922, lr_0 = 2.4706e-04
Loss = 7.0102e-04, PNorm = 111.3295, GNorm = 0.4220, lr_0 = 2.4697e-04
Loss = 9.2151e-04, PNorm = 111.3298, GNorm = 0.5251, lr_0 = 2.4687e-04
Loss = 9.6064e-04, PNorm = 111.3311, GNorm = 0.7140, lr_0 = 2.4678e-04
Loss = 9.9949e-04, PNorm = 111.3340, GNorm = 0.4921, lr_0 = 2.4668e-04
Loss = 8.2204e-04, PNorm = 111.3361, GNorm = 0.1471, lr_0 = 2.4659e-04
Loss = 8.5494e-04, PNorm = 111.3377, GNorm = 0.1355, lr_0 = 2.4649e-04
Loss = 7.3320e-04, PNorm = 111.3388, GNorm = 0.1428, lr_0 = 2.4640e-04
Loss = 7.7257e-04, PNorm = 111.3400, GNorm = 0.3209, lr_0 = 2.4631e-04
Loss = 6.8400e-04, PNorm = 111.3409, GNorm = 0.0854, lr_0 = 2.4621e-04
Loss = 7.9522e-04, PNorm = 111.3420, GNorm = 0.5314, lr_0 = 2.4612e-04
Loss = 8.3037e-04, PNorm = 111.3436, GNorm = 0.3743, lr_0 = 2.4602e-04
Loss = 7.4854e-04, PNorm = 111.3455, GNorm = 0.2983, lr_0 = 2.4593e-04
Loss = 7.1090e-04, PNorm = 111.3468, GNorm = 0.2752, lr_0 = 2.4583e-04
Loss = 8.2519e-04, PNorm = 111.3483, GNorm = 0.2157, lr_0 = 2.4574e-04
Loss = 7.1308e-04, PNorm = 111.3497, GNorm = 0.3890, lr_0 = 2.4564e-04
Loss = 6.5750e-04, PNorm = 111.3512, GNorm = 0.2835, lr_0 = 2.4555e-04
Loss = 6.7001e-04, PNorm = 111.3516, GNorm = 0.0659, lr_0 = 2.4546e-04
Loss = 6.3944e-04, PNorm = 111.3529, GNorm = 0.1722, lr_0 = 2.4536e-04
Loss = 5.5564e-04, PNorm = 111.3541, GNorm = 0.1412, lr_0 = 2.4527e-04
Loss = 6.7646e-04, PNorm = 111.3551, GNorm = 0.1621, lr_0 = 2.4517e-04
Loss = 5.5091e-04, PNorm = 111.3561, GNorm = 0.1761, lr_0 = 2.4508e-04
Loss = 4.9325e-04, PNorm = 111.3575, GNorm = 0.3324, lr_0 = 2.4498e-04
Loss = 6.4576e-04, PNorm = 111.3588, GNorm = 0.1757, lr_0 = 2.4489e-04
Loss = 7.0736e-04, PNorm = 111.3609, GNorm = 0.0697, lr_0 = 2.4480e-04
Loss = 6.5050e-04, PNorm = 111.3624, GNorm = 0.2587, lr_0 = 2.4470e-04
Loss = 5.6793e-04, PNorm = 111.3641, GNorm = 0.0616, lr_0 = 2.4461e-04
Loss = 5.8666e-04, PNorm = 111.3655, GNorm = 0.1014, lr_0 = 2.4451e-04
Loss = 5.7433e-04, PNorm = 111.3678, GNorm = 0.1741, lr_0 = 2.4442e-04
Loss = 5.0427e-04, PNorm = 111.3692, GNorm = 0.1048, lr_0 = 2.4433e-04
Loss = 4.9480e-04, PNorm = 111.3693, GNorm = 0.2799, lr_0 = 2.4423e-04
Loss = 6.5959e-04, PNorm = 111.3687, GNorm = 0.1329, lr_0 = 2.4414e-04
Loss = 5.9961e-04, PNorm = 111.3701, GNorm = 0.0552, lr_0 = 2.4405e-04
Loss = 5.2420e-04, PNorm = 111.3706, GNorm = 0.2680, lr_0 = 2.4395e-04
Loss = 5.4144e-04, PNorm = 111.3713, GNorm = 0.0958, lr_0 = 2.4386e-04
Loss = 4.6017e-04, PNorm = 111.3716, GNorm = 0.1233, lr_0 = 2.4377e-04
Loss = 6.0849e-04, PNorm = 111.3719, GNorm = 0.0819, lr_0 = 2.4367e-04
Loss = 5.2668e-04, PNorm = 111.3723, GNorm = 0.1568, lr_0 = 2.4358e-04
Loss = 5.3133e-04, PNorm = 111.3728, GNorm = 0.1905, lr_0 = 2.4348e-04
Loss = 5.7653e-04, PNorm = 111.3722, GNorm = 0.0836, lr_0 = 2.4339e-04
Loss = 4.6373e-04, PNorm = 111.3735, GNorm = 0.1952, lr_0 = 2.4330e-04
Loss = 6.4584e-04, PNorm = 111.3757, GNorm = 0.2531, lr_0 = 2.4320e-04
Loss = 5.4894e-04, PNorm = 111.3771, GNorm = 0.3783, lr_0 = 2.4311e-04
Loss = 6.2819e-04, PNorm = 111.3788, GNorm = 0.2802, lr_0 = 2.4302e-04
Loss = 6.7651e-04, PNorm = 111.3796, GNorm = 0.2665, lr_0 = 2.4292e-04
Loss = 6.6505e-04, PNorm = 111.3821, GNorm = 0.4726, lr_0 = 2.4283e-04
Loss = 6.3821e-04, PNorm = 111.3849, GNorm = 0.2399, lr_0 = 2.4274e-04
Loss = 5.1416e-04, PNorm = 111.3861, GNorm = 0.2280, lr_0 = 2.4264e-04
Loss = 5.6918e-04, PNorm = 111.3864, GNorm = 0.2819, lr_0 = 2.4255e-04
Loss = 5.5926e-04, PNorm = 111.3870, GNorm = 0.0661, lr_0 = 2.4246e-04
Loss = 5.5158e-04, PNorm = 111.3886, GNorm = 0.0982, lr_0 = 2.4237e-04
Loss = 5.6396e-04, PNorm = 111.3886, GNorm = 0.0849, lr_0 = 2.4227e-04
Loss = 5.1926e-04, PNorm = 111.3908, GNorm = 0.0892, lr_0 = 2.4218e-04
Loss = 5.7871e-04, PNorm = 111.3922, GNorm = 0.0842, lr_0 = 2.4209e-04
Loss = 5.8394e-04, PNorm = 111.3923, GNorm = 0.1584, lr_0 = 2.4199e-04
Loss = 6.3032e-04, PNorm = 111.3931, GNorm = 0.2071, lr_0 = 2.4190e-04
Loss = 5.7882e-04, PNorm = 111.3936, GNorm = 0.1507, lr_0 = 2.4181e-04
Loss = 6.0486e-04, PNorm = 111.3948, GNorm = 0.1819, lr_0 = 2.4171e-04
Loss = 5.1314e-04, PNorm = 111.3961, GNorm = 0.1263, lr_0 = 2.4162e-04
Loss = 5.5194e-04, PNorm = 111.3982, GNorm = 0.0860, lr_0 = 2.4153e-04
Loss = 5.8260e-04, PNorm = 111.3999, GNorm = 0.2561, lr_0 = 2.4144e-04
Loss = 6.9368e-04, PNorm = 111.4011, GNorm = 0.0989, lr_0 = 2.4134e-04
Loss = 8.0399e-04, PNorm = 111.4024, GNorm = 0.1966, lr_0 = 2.4125e-04
Loss = 8.3932e-04, PNorm = 111.4023, GNorm = 0.4977, lr_0 = 2.4116e-04
Loss = 6.6712e-04, PNorm = 111.4024, GNorm = 0.0481, lr_0 = 2.4107e-04
Loss = 8.2276e-04, PNorm = 111.4034, GNorm = 0.3730, lr_0 = 2.4097e-04
Loss = 6.6572e-04, PNorm = 111.4053, GNorm = 0.0972, lr_0 = 2.4088e-04
Loss = 7.2121e-04, PNorm = 111.4058, GNorm = 0.1593, lr_0 = 2.4079e-04
Loss = 8.1536e-04, PNorm = 111.4061, GNorm = 0.1286, lr_0 = 2.4070e-04
Loss = 1.0013e-03, PNorm = 111.4075, GNorm = 0.1223, lr_0 = 2.4060e-04
Loss = 8.2868e-04, PNorm = 111.4090, GNorm = 0.6088, lr_0 = 2.4051e-04
Loss = 7.3722e-04, PNorm = 111.4106, GNorm = 0.0878, lr_0 = 2.4042e-04
Loss = 6.6347e-04, PNorm = 111.4116, GNorm = 0.1388, lr_0 = 2.4033e-04
Loss = 6.7773e-04, PNorm = 111.4136, GNorm = 0.4192, lr_0 = 2.4023e-04
Loss = 8.0514e-04, PNorm = 111.4145, GNorm = 0.2548, lr_0 = 2.4014e-04
Loss = 7.7921e-04, PNorm = 111.4150, GNorm = 0.1182, lr_0 = 2.4005e-04
Loss = 7.0205e-04, PNorm = 111.4171, GNorm = 0.3106, lr_0 = 2.3996e-04
Loss = 6.8300e-04, PNorm = 111.4185, GNorm = 0.1179, lr_0 = 2.3987e-04
Loss = 6.1688e-04, PNorm = 111.4201, GNorm = 0.1467, lr_0 = 2.3977e-04
Loss = 5.6523e-04, PNorm = 111.4226, GNorm = 0.1893, lr_0 = 2.3968e-04
Loss = 5.5558e-04, PNorm = 111.4246, GNorm = 0.1120, lr_0 = 2.3959e-04
Loss = 5.6149e-04, PNorm = 111.4260, GNorm = 0.1530, lr_0 = 2.3950e-04
Loss = 6.0155e-04, PNorm = 111.4267, GNorm = 0.0879, lr_0 = 2.3941e-04
Loss = 5.7083e-04, PNorm = 111.4268, GNorm = 0.1662, lr_0 = 2.3931e-04
Loss = 5.3768e-04, PNorm = 111.4276, GNorm = 0.1458, lr_0 = 2.3922e-04
Loss = 5.7476e-04, PNorm = 111.4284, GNorm = 0.1007, lr_0 = 2.3913e-04
Loss = 4.3906e-04, PNorm = 111.4290, GNorm = 0.1295, lr_0 = 2.3904e-04
Loss = 6.1578e-04, PNorm = 111.4296, GNorm = 0.2507, lr_0 = 2.3895e-04
Loss = 5.9101e-04, PNorm = 111.4299, GNorm = 0.1034, lr_0 = 2.3886e-04
Loss = 5.5168e-04, PNorm = 111.4302, GNorm = 0.0982, lr_0 = 2.3876e-04
Loss = 7.5740e-04, PNorm = 111.4317, GNorm = 0.5854, lr_0 = 2.3867e-04
Loss = 6.6800e-04, PNorm = 111.4318, GNorm = 0.3561, lr_0 = 2.3858e-04
Loss = 7.1215e-04, PNorm = 111.4321, GNorm = 0.1216, lr_0 = 2.3849e-04
Loss = 5.6204e-04, PNorm = 111.4333, GNorm = 0.1341, lr_0 = 2.3840e-04
Loss = 6.7899e-04, PNorm = 111.4355, GNorm = 0.3394, lr_0 = 2.3831e-04
Loss = 6.4148e-04, PNorm = 111.4373, GNorm = 0.1152, lr_0 = 2.3821e-04
Loss = 6.0387e-04, PNorm = 111.4375, GNorm = 0.0826, lr_0 = 2.3812e-04
Loss = 6.2190e-04, PNorm = 111.4374, GNorm = 0.1212, lr_0 = 2.3803e-04
Loss = 5.1710e-04, PNorm = 111.4375, GNorm = 0.0693, lr_0 = 2.3794e-04
Loss = 6.3303e-04, PNorm = 111.4382, GNorm = 0.1060, lr_0 = 2.3785e-04
Loss = 5.5539e-04, PNorm = 111.4401, GNorm = 0.0966, lr_0 = 2.3776e-04
Loss = 5.1976e-04, PNorm = 111.4407, GNorm = 0.2147, lr_0 = 2.3767e-04
Loss = 4.5396e-04, PNorm = 111.4419, GNorm = 0.2101, lr_0 = 2.3757e-04
Loss = 5.7644e-04, PNorm = 111.4432, GNorm = 0.2755, lr_0 = 2.3748e-04
Loss = 5.5802e-04, PNorm = 111.4430, GNorm = 0.1933, lr_0 = 2.3739e-04
Loss = 5.8887e-04, PNorm = 111.4428, GNorm = 0.3322, lr_0 = 2.3730e-04
Loss = 5.8857e-04, PNorm = 111.4441, GNorm = 0.0681, lr_0 = 2.3721e-04
Loss = 6.1132e-04, PNorm = 111.4455, GNorm = 0.3156, lr_0 = 2.3712e-04
Loss = 7.3795e-04, PNorm = 111.4470, GNorm = 0.1809, lr_0 = 2.3703e-04
Loss = 9.3231e-04, PNorm = 111.4465, GNorm = 0.2335, lr_0 = 2.3694e-04
Loss = 7.2310e-04, PNorm = 111.4463, GNorm = 0.1827, lr_0 = 2.3685e-04
Loss = 7.4737e-04, PNorm = 111.4471, GNorm = 0.2619, lr_0 = 2.3676e-04
Loss = 8.2828e-04, PNorm = 111.4482, GNorm = 0.3343, lr_0 = 2.3666e-04
Loss = 7.3585e-04, PNorm = 111.4509, GNorm = 0.2911, lr_0 = 2.3657e-04
Loss = 6.7517e-04, PNorm = 111.4524, GNorm = 0.3206, lr_0 = 2.3648e-04
Loss = 7.5023e-04, PNorm = 111.4547, GNorm = 0.2374, lr_0 = 2.3639e-04
Loss = 6.8324e-04, PNorm = 111.4554, GNorm = 0.1119, lr_0 = 2.3630e-04
Loss = 6.9071e-04, PNorm = 111.4566, GNorm = 0.1797, lr_0 = 2.3621e-04
Loss = 6.2608e-04, PNorm = 111.4578, GNorm = 0.3763, lr_0 = 2.3612e-04
Loss = 7.8554e-04, PNorm = 111.4589, GNorm = 0.1103, lr_0 = 2.3603e-04
Loss = 7.1792e-04, PNorm = 111.4601, GNorm = 0.2269, lr_0 = 2.3594e-04
Loss = 6.6326e-04, PNorm = 111.4617, GNorm = 0.1300, lr_0 = 2.3585e-04
Loss = 6.4396e-04, PNorm = 111.4636, GNorm = 0.0981, lr_0 = 2.3576e-04
Loss = 5.7865e-04, PNorm = 111.4650, GNorm = 0.0774, lr_0 = 2.3567e-04
Loss = 4.9261e-04, PNorm = 111.4655, GNorm = 0.1732, lr_0 = 2.3558e-04
Loss = 5.6820e-04, PNorm = 111.4660, GNorm = 0.1358, lr_0 = 2.3549e-04
Loss = 5.1346e-04, PNorm = 111.4657, GNorm = 0.1153, lr_0 = 2.3540e-04
Loss = 4.7172e-04, PNorm = 111.4651, GNorm = 0.0808, lr_0 = 2.3531e-04
Loss = 4.8241e-04, PNorm = 111.4659, GNorm = 0.1261, lr_0 = 2.3522e-04
Loss = 4.7210e-04, PNorm = 111.4660, GNorm = 0.1377, lr_0 = 2.3512e-04
Loss = 5.1488e-04, PNorm = 111.4664, GNorm = 0.1867, lr_0 = 2.3503e-04
Loss = 4.6152e-04, PNorm = 111.4664, GNorm = 0.0636, lr_0 = 2.3494e-04
Loss = 5.3966e-04, PNorm = 111.4667, GNorm = 0.1789, lr_0 = 2.3485e-04
Loss = 5.3750e-04, PNorm = 111.4675, GNorm = 0.1094, lr_0 = 2.3476e-04
Loss = 5.3830e-04, PNorm = 111.4680, GNorm = 0.1712, lr_0 = 2.3467e-04
Loss = 5.3895e-04, PNorm = 111.4701, GNorm = 0.1533, lr_0 = 2.3458e-04
Loss = 5.8526e-04, PNorm = 111.4712, GNorm = 0.3759, lr_0 = 2.3449e-04
Loss = 5.5047e-04, PNorm = 111.4726, GNorm = 0.5727, lr_0 = 2.3440e-04
Loss = 6.1512e-04, PNorm = 111.4745, GNorm = 0.3812, lr_0 = 2.3431e-04
Loss = 7.6965e-04, PNorm = 111.4748, GNorm = 0.1383, lr_0 = 2.3422e-04
Loss = 6.2534e-04, PNorm = 111.4740, GNorm = 0.2264, lr_0 = 2.3413e-04
Loss = 6.4432e-04, PNorm = 111.4739, GNorm = 0.1846, lr_0 = 2.3404e-04
Loss = 5.1336e-04, PNorm = 111.4748, GNorm = 0.0949, lr_0 = 2.3395e-04
Loss = 6.5224e-04, PNorm = 111.4765, GNorm = 0.2849, lr_0 = 2.3386e-04
Loss = 6.3810e-04, PNorm = 111.4772, GNorm = 0.3755, lr_0 = 2.3377e-04
Loss = 5.4363e-04, PNorm = 111.4765, GNorm = 0.0998, lr_0 = 2.3368e-04
Loss = 5.7452e-04, PNorm = 111.4775, GNorm = 0.1576, lr_0 = 2.3360e-04
Loss = 6.0049e-04, PNorm = 111.4794, GNorm = 0.2022, lr_0 = 2.3351e-04
Loss = 4.5519e-04, PNorm = 111.4817, GNorm = 0.2351, lr_0 = 2.3342e-04
Loss = 4.5002e-04, PNorm = 111.4831, GNorm = 0.0938, lr_0 = 2.3333e-04
Loss = 5.1314e-04, PNorm = 111.4834, GNorm = 0.2310, lr_0 = 2.3324e-04
Loss = 4.4733e-04, PNorm = 111.4847, GNorm = 0.0853, lr_0 = 2.3315e-04
Loss = 5.2778e-04, PNorm = 111.4860, GNorm = 0.4528, lr_0 = 2.3306e-04
Loss = 4.6440e-04, PNorm = 111.4865, GNorm = 0.1621, lr_0 = 2.3297e-04
Loss = 5.7578e-04, PNorm = 111.4878, GNorm = 0.1239, lr_0 = 2.3288e-04
Loss = 5.5514e-04, PNorm = 111.4891, GNorm = 0.2717, lr_0 = 2.3279e-04
Loss = 4.9000e-04, PNorm = 111.4898, GNorm = 0.2672, lr_0 = 2.3270e-04
Loss = 4.2717e-04, PNorm = 111.4910, GNorm = 0.1469, lr_0 = 2.3261e-04
Loss = 4.8542e-04, PNorm = 111.4918, GNorm = 0.2258, lr_0 = 2.3252e-04
Loss = 4.0013e-04, PNorm = 111.4920, GNorm = 0.2348, lr_0 = 2.3243e-04
Loss = 4.7846e-04, PNorm = 111.4922, GNorm = 0.2700, lr_0 = 2.3234e-04
Loss = 4.1743e-04, PNorm = 111.4945, GNorm = 0.1504, lr_0 = 2.3225e-04
Loss = 3.7573e-04, PNorm = 111.4963, GNorm = 0.1252, lr_0 = 2.3216e-04
Loss = 4.5595e-04, PNorm = 111.4974, GNorm = 0.1758, lr_0 = 2.3208e-04
Loss = 4.6339e-04, PNorm = 111.4972, GNorm = 0.1523, lr_0 = 2.3199e-04
Loss = 3.3559e-04, PNorm = 111.4979, GNorm = 0.0577, lr_0 = 2.3190e-04
Loss = 5.0652e-04, PNorm = 111.4973, GNorm = 0.0778, lr_0 = 2.3181e-04
Loss = 5.7164e-04, PNorm = 111.4983, GNorm = 0.3498, lr_0 = 2.3172e-04
Loss = 5.9702e-04, PNorm = 111.4996, GNorm = 0.2861, lr_0 = 2.3163e-04
Loss = 5.0111e-04, PNorm = 111.4995, GNorm = 0.2378, lr_0 = 2.3154e-04
Loss = 5.0084e-04, PNorm = 111.5001, GNorm = 0.0811, lr_0 = 2.3145e-04
Loss = 4.3055e-04, PNorm = 111.5017, GNorm = 0.1357, lr_0 = 2.3136e-04
Loss = 3.9251e-04, PNorm = 111.5028, GNorm = 0.0948, lr_0 = 2.3128e-04
Loss = 4.9653e-04, PNorm = 111.5037, GNorm = 0.0938, lr_0 = 2.3119e-04
Loss = 4.7158e-04, PNorm = 111.5049, GNorm = 0.1084, lr_0 = 2.3110e-04
Loss = 5.1223e-04, PNorm = 111.5048, GNorm = 0.0711, lr_0 = 2.3101e-04
Loss = 5.0079e-04, PNorm = 111.5042, GNorm = 0.1357, lr_0 = 2.3092e-04
Loss = 4.6666e-04, PNorm = 111.5050, GNorm = 0.1940, lr_0 = 2.3083e-04
Loss = 4.7864e-04, PNorm = 111.5059, GNorm = 0.0612, lr_0 = 2.3074e-04
Loss = 5.3247e-04, PNorm = 111.5064, GNorm = 0.4581, lr_0 = 2.3065e-04
Loss = 5.2218e-04, PNorm = 111.5070, GNorm = 0.1109, lr_0 = 2.3057e-04
Loss = 4.3356e-04, PNorm = 111.5078, GNorm = 0.1453, lr_0 = 2.3048e-04
Loss = 4.1727e-04, PNorm = 111.5089, GNorm = 0.2004, lr_0 = 2.3039e-04
Loss = 4.4363e-04, PNorm = 111.5091, GNorm = 0.1186, lr_0 = 2.3030e-04
Loss = 4.7187e-04, PNorm = 111.5099, GNorm = 0.1669, lr_0 = 2.3021e-04
Loss = 4.9283e-04, PNorm = 111.5110, GNorm = 0.1288, lr_0 = 2.3012e-04
Loss = 3.6262e-04, PNorm = 111.5119, GNorm = 0.0609, lr_0 = 2.3004e-04
Loss = 4.1062e-04, PNorm = 111.5131, GNorm = 0.3129, lr_0 = 2.2995e-04
Loss = 3.6896e-04, PNorm = 111.5134, GNorm = 0.0724, lr_0 = 2.2986e-04
Loss = 4.4573e-04, PNorm = 111.5138, GNorm = 0.0577, lr_0 = 2.2977e-04
Loss = 4.2831e-04, PNorm = 111.5150, GNorm = 0.1186, lr_0 = 2.2968e-04
Loss = 4.7910e-04, PNorm = 111.5151, GNorm = 0.2289, lr_0 = 2.2959e-04
Loss = 4.5527e-04, PNorm = 111.5160, GNorm = 0.0911, lr_0 = 2.2951e-04
Loss = 5.0674e-04, PNorm = 111.5161, GNorm = 0.1530, lr_0 = 2.2942e-04
Loss = 5.4246e-04, PNorm = 111.5169, GNorm = 0.1788, lr_0 = 2.2933e-04
Loss = 5.2215e-04, PNorm = 111.5173, GNorm = 0.0967, lr_0 = 2.2924e-04
Loss = 4.8496e-04, PNorm = 111.5183, GNorm = 0.0735, lr_0 = 2.2915e-04
Loss = 4.5204e-04, PNorm = 111.5192, GNorm = 0.0640, lr_0 = 2.2907e-04
Loss = 4.6173e-04, PNorm = 111.5201, GNorm = 0.1260, lr_0 = 2.2898e-04
Loss = 5.2819e-04, PNorm = 111.5213, GNorm = 0.2823, lr_0 = 2.2889e-04
Loss = 4.2060e-04, PNorm = 111.5228, GNorm = 0.0401, lr_0 = 2.2880e-04
Loss = 4.7009e-04, PNorm = 111.5236, GNorm = 0.2607, lr_0 = 2.2871e-04
Loss = 5.0668e-04, PNorm = 111.5255, GNorm = 0.1007, lr_0 = 2.2863e-04
Loss = 4.7931e-04, PNorm = 111.5274, GNorm = 0.3897, lr_0 = 2.2854e-04
Loss = 6.7570e-04, PNorm = 111.5283, GNorm = 0.4854, lr_0 = 2.2845e-04
Loss = 6.5519e-04, PNorm = 111.5292, GNorm = 0.2671, lr_0 = 2.2836e-04
Loss = 5.8326e-04, PNorm = 111.5302, GNorm = 0.2032, lr_0 = 2.2828e-04
Loss = 5.8419e-04, PNorm = 111.5305, GNorm = 0.4213, lr_0 = 2.2819e-04
Loss = 6.1181e-04, PNorm = 111.5308, GNorm = 0.2117, lr_0 = 2.2810e-04
Loss = 6.0056e-04, PNorm = 111.5319, GNorm = 0.0694, lr_0 = 2.2801e-04
Loss = 5.7768e-04, PNorm = 111.5334, GNorm = 0.1612, lr_0 = 2.2793e-04
Loss = 4.7337e-04, PNorm = 111.5339, GNorm = 0.1038, lr_0 = 2.2784e-04
Loss = 5.6529e-04, PNorm = 111.5340, GNorm = 0.3287, lr_0 = 2.2775e-04
Loss = 5.4087e-04, PNorm = 111.5332, GNorm = 0.3173, lr_0 = 2.2766e-04
Loss = 5.0609e-04, PNorm = 111.5324, GNorm = 0.2027, lr_0 = 2.2758e-04
Loss = 5.4413e-04, PNorm = 111.5323, GNorm = 0.2796, lr_0 = 2.2749e-04
Loss = 5.4242e-04, PNorm = 111.5335, GNorm = 0.1277, lr_0 = 2.2740e-04
Loss = 4.9891e-04, PNorm = 111.5338, GNorm = 0.2107, lr_0 = 2.2731e-04
Loss = 4.8677e-04, PNorm = 111.5351, GNorm = 0.2993, lr_0 = 2.2723e-04
Loss = 4.9269e-04, PNorm = 111.5365, GNorm = 0.1129, lr_0 = 2.2714e-04
Loss = 4.8334e-04, PNorm = 111.5369, GNorm = 0.1305, lr_0 = 2.2705e-04
Loss = 5.7496e-04, PNorm = 111.5386, GNorm = 0.4544, lr_0 = 2.2697e-04
Loss = 4.6806e-04, PNorm = 111.5395, GNorm = 0.0781, lr_0 = 2.2688e-04
Loss = 4.6456e-04, PNorm = 111.5393, GNorm = 0.0767, lr_0 = 2.2679e-04
Loss = 4.4675e-04, PNorm = 111.5391, GNorm = 0.0758, lr_0 = 2.2670e-04
Loss = 4.4641e-04, PNorm = 111.5395, GNorm = 0.1047, lr_0 = 2.2662e-04
Loss = 4.5836e-04, PNorm = 111.5406, GNorm = 0.1285, lr_0 = 2.2653e-04
Loss = 4.0882e-04, PNorm = 111.5416, GNorm = 0.1149, lr_0 = 2.2644e-04
Loss = 4.3005e-04, PNorm = 111.5427, GNorm = 0.1142, lr_0 = 2.2636e-04
Loss = 3.4248e-04, PNorm = 111.5432, GNorm = 0.1985, lr_0 = 2.2627e-04
Loss = 3.4558e-04, PNorm = 111.5442, GNorm = 0.0731, lr_0 = 2.2618e-04
Loss = 4.0150e-04, PNorm = 111.5464, GNorm = 0.0561, lr_0 = 2.2610e-04
Loss = 4.6978e-04, PNorm = 111.5476, GNorm = 0.0891, lr_0 = 2.2601e-04
Loss = 5.7118e-04, PNorm = 111.5477, GNorm = 0.2214, lr_0 = 2.2592e-04
Loss = 4.7625e-04, PNorm = 111.5487, GNorm = 0.1780, lr_0 = 2.2584e-04
Loss = 5.9605e-04, PNorm = 111.5499, GNorm = 0.1626, lr_0 = 2.2575e-04
Loss = 4.7763e-04, PNorm = 111.5515, GNorm = 0.1249, lr_0 = 2.2566e-04
Loss = 4.8006e-04, PNorm = 111.5529, GNorm = 0.2378, lr_0 = 2.2558e-04
Loss = 4.2073e-04, PNorm = 111.5535, GNorm = 0.1122, lr_0 = 2.2549e-04
Loss = 4.9487e-04, PNorm = 111.5549, GNorm = 0.1063, lr_0 = 2.2540e-04
Loss = 5.3068e-04, PNorm = 111.5552, GNorm = 0.1880, lr_0 = 2.2532e-04
Loss = 5.0977e-04, PNorm = 111.5568, GNorm = 0.1642, lr_0 = 2.2523e-04
Loss = 4.8308e-04, PNorm = 111.5582, GNorm = 0.2121, lr_0 = 2.2514e-04
Loss = 4.0992e-04, PNorm = 111.5589, GNorm = 0.0723, lr_0 = 2.2506e-04
Loss = 4.5010e-04, PNorm = 111.5591, GNorm = 0.1372, lr_0 = 2.2497e-04
Loss = 5.2617e-04, PNorm = 111.5597, GNorm = 0.1005, lr_0 = 2.2488e-04
Loss = 4.1120e-04, PNorm = 111.5604, GNorm = 0.1493, lr_0 = 2.2480e-04
Loss = 4.6130e-04, PNorm = 111.5614, GNorm = 0.3875, lr_0 = 2.2471e-04
Loss = 4.9108e-04, PNorm = 111.5628, GNorm = 0.1564, lr_0 = 2.2462e-04
Loss = 4.1340e-04, PNorm = 111.5637, GNorm = 0.0988, lr_0 = 2.2454e-04
Loss = 3.8703e-04, PNorm = 111.5642, GNorm = 0.1053, lr_0 = 2.2445e-04
Loss = 4.1962e-04, PNorm = 111.5641, GNorm = 0.2424, lr_0 = 2.2437e-04
Loss = 4.4715e-04, PNorm = 111.5639, GNorm = 0.1870, lr_0 = 2.2428e-04
Loss = 4.4857e-04, PNorm = 111.5655, GNorm = 0.2225, lr_0 = 2.2419e-04
Loss = 4.8451e-04, PNorm = 111.5669, GNorm = 0.3759, lr_0 = 2.2411e-04
Loss = 4.9172e-04, PNorm = 111.5670, GNorm = 0.3451, lr_0 = 2.2402e-04
Loss = 4.2597e-04, PNorm = 111.5671, GNorm = 0.0775, lr_0 = 2.2394e-04
Loss = 4.9528e-04, PNorm = 111.5673, GNorm = 0.0981, lr_0 = 2.2385e-04
Loss = 4.9610e-04, PNorm = 111.5676, GNorm = 0.3502, lr_0 = 2.2376e-04
Loss = 5.0991e-04, PNorm = 111.5684, GNorm = 0.3413, lr_0 = 2.2368e-04
Loss = 4.0085e-04, PNorm = 111.5688, GNorm = 0.2426, lr_0 = 2.2359e-04
Loss = 5.0675e-04, PNorm = 111.5696, GNorm = 0.0470, lr_0 = 2.2351e-04
Loss = 4.4272e-04, PNorm = 111.5701, GNorm = 0.2993, lr_0 = 2.2342e-04
Loss = 5.1022e-04, PNorm = 111.5704, GNorm = 0.1311, lr_0 = 2.2333e-04
Loss = 4.8521e-04, PNorm = 111.5715, GNorm = 0.1466, lr_0 = 2.2325e-04
Loss = 4.5058e-04, PNorm = 111.5727, GNorm = 0.1580, lr_0 = 2.2316e-04
Loss = 4.4667e-04, PNorm = 111.5735, GNorm = 0.2012, lr_0 = 2.2308e-04
Loss = 4.6091e-04, PNorm = 111.5743, GNorm = 0.2021, lr_0 = 2.2299e-04
Loss = 5.0360e-04, PNorm = 111.5755, GNorm = 0.3965, lr_0 = 2.2291e-04
Loss = 6.1316e-04, PNorm = 111.5780, GNorm = 0.2338, lr_0 = 2.2282e-04
Loss = 5.0957e-04, PNorm = 111.5793, GNorm = 0.1434, lr_0 = 2.2274e-04
Loss = 4.7588e-04, PNorm = 111.5797, GNorm = 0.0807, lr_0 = 2.2265e-04
Loss = 5.7067e-04, PNorm = 111.5808, GNorm = 0.1110, lr_0 = 2.2256e-04
Loss = 4.2426e-04, PNorm = 111.5827, GNorm = 0.0919, lr_0 = 2.2248e-04
Loss = 4.4253e-04, PNorm = 111.5832, GNorm = 0.2891, lr_0 = 2.2239e-04
Loss = 4.6592e-04, PNorm = 111.5832, GNorm = 0.2119, lr_0 = 2.2231e-04
Loss = 4.5755e-04, PNorm = 111.5841, GNorm = 0.2064, lr_0 = 2.2222e-04
Loss = 4.2725e-04, PNorm = 111.5840, GNorm = 0.0858, lr_0 = 2.2214e-04
Loss = 4.6387e-04, PNorm = 111.5838, GNorm = 0.1810, lr_0 = 2.2205e-04
Loss = 5.2942e-04, PNorm = 111.5852, GNorm = 0.1166, lr_0 = 2.2197e-04
Loss = 4.4913e-04, PNorm = 111.5861, GNorm = 0.0438, lr_0 = 2.2188e-04
Loss = 4.9441e-04, PNorm = 111.5877, GNorm = 0.0735, lr_0 = 2.2180e-04
Loss = 4.8877e-04, PNorm = 111.5880, GNorm = 0.1187, lr_0 = 2.2171e-04
Loss = 5.0099e-04, PNorm = 111.5881, GNorm = 0.0774, lr_0 = 2.2163e-04
Loss = 4.6902e-04, PNorm = 111.5893, GNorm = 0.0629, lr_0 = 2.2154e-04
Loss = 4.2104e-04, PNorm = 111.5894, GNorm = 0.1077, lr_0 = 2.2146e-04
Loss = 4.5283e-04, PNorm = 111.5902, GNorm = 0.3412, lr_0 = 2.2137e-04
Loss = 5.2015e-04, PNorm = 111.5918, GNorm = 0.2739, lr_0 = 2.2129e-04
Loss = 4.4542e-04, PNorm = 111.5930, GNorm = 0.1208, lr_0 = 2.2120e-04
Loss = 4.3812e-04, PNorm = 111.5936, GNorm = 0.0885, lr_0 = 2.2112e-04
Loss = 4.3368e-04, PNorm = 111.5939, GNorm = 0.2664, lr_0 = 2.2103e-04
Loss = 5.0088e-04, PNorm = 111.5943, GNorm = 0.1131, lr_0 = 2.2095e-04
Loss = 5.1012e-04, PNorm = 111.5943, GNorm = 0.0552, lr_0 = 2.2086e-04
Loss = 5.9539e-04, PNorm = 111.5941, GNorm = 0.2406, lr_0 = 2.2078e-04
Loss = 4.9415e-04, PNorm = 111.5947, GNorm = 0.1204, lr_0 = 2.2069e-04
Loss = 3.8822e-04, PNorm = 111.5956, GNorm = 0.0736, lr_0 = 2.2061e-04
Loss = 4.4202e-04, PNorm = 111.5967, GNorm = 0.0452, lr_0 = 2.2052e-04
Loss = 5.5722e-04, PNorm = 111.5973, GNorm = 0.0773, lr_0 = 2.2044e-04
Loss = 4.1272e-04, PNorm = 111.5982, GNorm = 0.1239, lr_0 = 2.2035e-04
Loss = 5.1710e-04, PNorm = 111.5993, GNorm = 0.1387, lr_0 = 2.2027e-04
Loss = 5.4663e-04, PNorm = 111.6008, GNorm = 0.2228, lr_0 = 2.2018e-04
Loss = 6.1453e-04, PNorm = 111.6021, GNorm = 0.4646, lr_0 = 2.2010e-04
Loss = 7.1803e-04, PNorm = 111.6034, GNorm = 0.5528, lr_0 = 2.2002e-04
Loss = 6.4106e-04, PNorm = 111.6038, GNorm = 0.2515, lr_0 = 2.1993e-04
Loss = 7.4372e-04, PNorm = 111.6029, GNorm = 0.4776, lr_0 = 2.1985e-04
Loss = 5.7859e-04, PNorm = 111.6040, GNorm = 0.2383, lr_0 = 2.1976e-04
Loss = 5.5225e-04, PNorm = 111.6050, GNorm = 0.2302, lr_0 = 2.1968e-04
Loss = 6.3467e-04, PNorm = 111.6057, GNorm = 0.2234, lr_0 = 2.1959e-04
Loss = 7.6946e-04, PNorm = 111.6075, GNorm = 0.2890, lr_0 = 2.1951e-04
Loss = 6.4189e-04, PNorm = 111.6081, GNorm = 0.1399, lr_0 = 2.1943e-04
Loss = 6.3943e-04, PNorm = 111.6092, GNorm = 0.1802, lr_0 = 2.1934e-04
Loss = 6.0606e-04, PNorm = 111.6104, GNorm = 0.1145, lr_0 = 2.1926e-04
Loss = 4.9282e-04, PNorm = 111.6122, GNorm = 0.1780, lr_0 = 2.1917e-04
Loss = 6.5941e-04, PNorm = 111.6137, GNorm = 0.4665, lr_0 = 2.1909e-04
Loss = 5.8361e-04, PNorm = 111.6150, GNorm = 0.0532, lr_0 = 2.1900e-04
Loss = 4.9997e-04, PNorm = 111.6159, GNorm = 0.1988, lr_0 = 2.1892e-04
Loss = 5.0118e-04, PNorm = 111.6177, GNorm = 0.2230, lr_0 = 2.1884e-04
Loss = 5.3917e-04, PNorm = 111.6181, GNorm = 0.0941, lr_0 = 2.1875e-04
Loss = 5.0412e-04, PNorm = 111.6185, GNorm = 0.2326, lr_0 = 2.1867e-04
Loss = 4.8605e-04, PNorm = 111.6199, GNorm = 0.0682, lr_0 = 2.1858e-04
Loss = 5.8084e-04, PNorm = 111.6204, GNorm = 0.3066, lr_0 = 2.1850e-04
Loss = 5.2520e-04, PNorm = 111.6214, GNorm = 0.2094, lr_0 = 2.1842e-04
Loss = 5.3651e-04, PNorm = 111.6222, GNorm = 0.1852, lr_0 = 2.1833e-04
Loss = 4.9449e-04, PNorm = 111.6226, GNorm = 0.2342, lr_0 = 2.1825e-04
Loss = 6.7454e-04, PNorm = 111.6234, GNorm = 0.0537, lr_0 = 2.1817e-04
Loss = 4.9407e-04, PNorm = 111.6244, GNorm = 0.1653, lr_0 = 2.1808e-04
Loss = 5.0502e-04, PNorm = 111.6244, GNorm = 0.1695, lr_0 = 2.1800e-04
Loss = 5.2972e-04, PNorm = 111.6251, GNorm = 0.1173, lr_0 = 2.1791e-04
Loss = 5.0153e-04, PNorm = 111.6257, GNorm = 0.1114, lr_0 = 2.1783e-04
Loss = 5.4335e-04, PNorm = 111.6268, GNorm = 0.2281, lr_0 = 2.1775e-04
Loss = 5.1711e-04, PNorm = 111.6279, GNorm = 0.1797, lr_0 = 2.1766e-04
Loss = 6.0413e-04, PNorm = 111.6291, GNorm = 0.1893, lr_0 = 2.1758e-04
Loss = 5.6522e-04, PNorm = 111.6307, GNorm = 0.0662, lr_0 = 2.1750e-04
Loss = 4.9700e-04, PNorm = 111.6310, GNorm = 0.2516, lr_0 = 2.1741e-04
Loss = 5.8299e-04, PNorm = 111.6327, GNorm = 0.2876, lr_0 = 2.1733e-04
Loss = 4.6547e-04, PNorm = 111.6342, GNorm = 0.2032, lr_0 = 2.1725e-04
Loss = 4.7700e-04, PNorm = 111.6339, GNorm = 0.0801, lr_0 = 2.1716e-04
Loss = 4.3355e-04, PNorm = 111.6338, GNorm = 0.1429, lr_0 = 2.1708e-04
Loss = 6.0495e-04, PNorm = 111.6357, GNorm = 0.3835, lr_0 = 2.1700e-04
Loss = 4.9177e-04, PNorm = 111.6365, GNorm = 0.0557, lr_0 = 2.1691e-04
Loss = 4.9441e-04, PNorm = 111.6374, GNorm = 0.2095, lr_0 = 2.1683e-04
Loss = 5.1372e-04, PNorm = 111.6381, GNorm = 0.1438, lr_0 = 2.1675e-04
Loss = 5.3030e-04, PNorm = 111.6381, GNorm = 0.3077, lr_0 = 2.1666e-04
Loss = 5.9137e-04, PNorm = 111.6383, GNorm = 0.2089, lr_0 = 2.1658e-04
Loss = 5.6133e-04, PNorm = 111.6383, GNorm = 0.2288, lr_0 = 2.1650e-04
Loss = 5.3787e-04, PNorm = 111.6399, GNorm = 0.1118, lr_0 = 2.1641e-04
Loss = 4.7228e-04, PNorm = 111.6420, GNorm = 0.1190, lr_0 = 2.1633e-04
Loss = 4.9989e-04, PNorm = 111.6418, GNorm = 0.2363, lr_0 = 2.1625e-04
Loss = 4.6894e-04, PNorm = 111.6417, GNorm = 0.1654, lr_0 = 2.1616e-04
Loss = 5.3275e-04, PNorm = 111.6432, GNorm = 0.0982, lr_0 = 2.1608e-04
Loss = 5.0331e-04, PNorm = 111.6444, GNorm = 0.3251, lr_0 = 2.1600e-04
Loss = 4.4416e-04, PNorm = 111.6458, GNorm = 0.1284, lr_0 = 2.1592e-04
Loss = 4.3594e-04, PNorm = 111.6463, GNorm = 0.0729, lr_0 = 2.1583e-04
Loss = 4.6735e-04, PNorm = 111.6480, GNorm = 0.0334, lr_0 = 2.1575e-04
Loss = 5.3408e-04, PNorm = 111.6484, GNorm = 0.5073, lr_0 = 2.1567e-04
Loss = 4.1932e-04, PNorm = 111.6492, GNorm = 0.2256, lr_0 = 2.1558e-04
Loss = 4.6717e-04, PNorm = 111.6494, GNorm = 0.3715, lr_0 = 2.1550e-04
Validation r2 = 0.999512
Epoch 4
Loss = 4.3595e-04, PNorm = 111.6499, GNorm = 0.3161, lr_0 = 2.1542e-04
Loss = 4.3817e-04, PNorm = 111.6515, GNorm = 0.0704, lr_0 = 2.1534e-04
Loss = 4.7082e-04, PNorm = 111.6513, GNorm = 0.1186, lr_0 = 2.1525e-04
Loss = 4.6210e-04, PNorm = 111.6507, GNorm = 0.1535, lr_0 = 2.1517e-04
Loss = 4.2764e-04, PNorm = 111.6518, GNorm = 0.0635, lr_0 = 2.1509e-04
Loss = 4.2545e-04, PNorm = 111.6524, GNorm = 0.1396, lr_0 = 2.1501e-04
Loss = 4.0475e-04, PNorm = 111.6527, GNorm = 0.1972, lr_0 = 2.1492e-04
Loss = 4.5679e-04, PNorm = 111.6533, GNorm = 0.2996, lr_0 = 2.1484e-04
Loss = 3.9882e-04, PNorm = 111.6534, GNorm = 0.1078, lr_0 = 2.1476e-04
Loss = 4.2322e-04, PNorm = 111.6530, GNorm = 0.1518, lr_0 = 2.1468e-04
Loss = 3.9964e-04, PNorm = 111.6534, GNorm = 0.1073, lr_0 = 2.1459e-04
Loss = 5.0368e-04, PNorm = 111.6542, GNorm = 0.1817, lr_0 = 2.1451e-04
Loss = 4.2142e-04, PNorm = 111.6559, GNorm = 0.1864, lr_0 = 2.1443e-04
Loss = 4.4712e-04, PNorm = 111.6570, GNorm = 0.3071, lr_0 = 2.1435e-04
Loss = 3.9408e-04, PNorm = 111.6572, GNorm = 0.0661, lr_0 = 2.1426e-04
Loss = 3.5084e-04, PNorm = 111.6572, GNorm = 0.0444, lr_0 = 2.1418e-04
Loss = 3.5615e-04, PNorm = 111.6570, GNorm = 0.1044, lr_0 = 2.1410e-04
Loss = 3.9030e-04, PNorm = 111.6580, GNorm = 0.1242, lr_0 = 2.1402e-04
Loss = 4.0760e-04, PNorm = 111.6584, GNorm = 0.2588, lr_0 = 2.1394e-04
Loss = 3.5746e-04, PNorm = 111.6587, GNorm = 0.0820, lr_0 = 2.1385e-04
Loss = 3.8303e-04, PNorm = 111.6577, GNorm = 0.1506, lr_0 = 2.1377e-04
Loss = 3.8786e-04, PNorm = 111.6583, GNorm = 0.1672, lr_0 = 2.1369e-04
Loss = 4.1390e-04, PNorm = 111.6598, GNorm = 0.1432, lr_0 = 2.1361e-04
Loss = 4.1335e-04, PNorm = 111.6606, GNorm = 0.0644, lr_0 = 2.1352e-04
Loss = 3.3168e-04, PNorm = 111.6606, GNorm = 0.1116, lr_0 = 2.1344e-04
Loss = 3.6767e-04, PNorm = 111.6607, GNorm = 0.0445, lr_0 = 2.1336e-04
Loss = 3.6774e-04, PNorm = 111.6608, GNorm = 0.1419, lr_0 = 2.1328e-04
Loss = 3.8721e-04, PNorm = 111.6615, GNorm = 0.1013, lr_0 = 2.1320e-04
Loss = 3.9101e-04, PNorm = 111.6633, GNorm = 0.2089, lr_0 = 2.1312e-04
Loss = 4.2838e-04, PNorm = 111.6644, GNorm = 0.2426, lr_0 = 2.1303e-04
Loss = 4.4702e-04, PNorm = 111.6657, GNorm = 0.0660, lr_0 = 2.1295e-04
Loss = 4.3004e-04, PNorm = 111.6665, GNorm = 0.1162, lr_0 = 2.1287e-04
Loss = 4.0844e-04, PNorm = 111.6666, GNorm = 0.2269, lr_0 = 2.1279e-04
Loss = 5.6198e-04, PNorm = 111.6678, GNorm = 0.4096, lr_0 = 2.1271e-04
Loss = 3.9961e-04, PNorm = 111.6687, GNorm = 0.1854, lr_0 = 2.1263e-04
Loss = 3.8444e-04, PNorm = 111.6685, GNorm = 0.1051, lr_0 = 2.1254e-04
Loss = 4.2875e-04, PNorm = 111.6686, GNorm = 0.1737, lr_0 = 2.1246e-04
Loss = 4.1291e-04, PNorm = 111.6701, GNorm = 0.0875, lr_0 = 2.1238e-04
Loss = 4.0287e-04, PNorm = 111.6716, GNorm = 0.1279, lr_0 = 2.1230e-04
Loss = 3.9954e-04, PNorm = 111.6720, GNorm = 0.0739, lr_0 = 2.1222e-04
Loss = 4.7061e-04, PNorm = 111.6725, GNorm = 0.1089, lr_0 = 2.1214e-04
Loss = 3.6917e-04, PNorm = 111.6738, GNorm = 0.0693, lr_0 = 2.1205e-04
Loss = 4.1015e-04, PNorm = 111.6744, GNorm = 0.1971, lr_0 = 2.1197e-04
Loss = 4.0924e-04, PNorm = 111.6762, GNorm = 0.0936, lr_0 = 2.1189e-04
Loss = 4.1721e-04, PNorm = 111.6770, GNorm = 0.0959, lr_0 = 2.1181e-04
Loss = 3.9672e-04, PNorm = 111.6781, GNorm = 0.1440, lr_0 = 2.1173e-04
Loss = 3.9961e-04, PNorm = 111.6790, GNorm = 0.0877, lr_0 = 2.1165e-04
Loss = 3.8402e-04, PNorm = 111.6803, GNorm = 0.2353, lr_0 = 2.1157e-04
Loss = 3.6644e-04, PNorm = 111.6810, GNorm = 0.2477, lr_0 = 2.1149e-04
Loss = 4.6177e-04, PNorm = 111.6805, GNorm = 0.1418, lr_0 = 2.1140e-04
Loss = 3.5092e-04, PNorm = 111.6805, GNorm = 0.2036, lr_0 = 2.1132e-04
Loss = 5.8551e-04, PNorm = 111.6809, GNorm = 0.8073, lr_0 = 2.1124e-04
Loss = 5.1297e-04, PNorm = 111.6821, GNorm = 0.3605, lr_0 = 2.1116e-04
Loss = 6.1977e-04, PNorm = 111.6821, GNorm = 0.4869, lr_0 = 2.1108e-04
Loss = 6.3861e-04, PNorm = 111.6822, GNorm = 0.3932, lr_0 = 2.1100e-04
Loss = 5.7981e-04, PNorm = 111.6828, GNorm = 0.3154, lr_0 = 2.1092e-04
Loss = 5.8907e-04, PNorm = 111.6836, GNorm = 0.2597, lr_0 = 2.1084e-04
Loss = 4.6191e-04, PNorm = 111.6852, GNorm = 0.1376, lr_0 = 2.1076e-04
Loss = 5.4130e-04, PNorm = 111.6865, GNorm = 0.2632, lr_0 = 2.1067e-04
Loss = 5.8507e-04, PNorm = 111.6878, GNorm = 0.1898, lr_0 = 2.1059e-04
Loss = 6.0407e-04, PNorm = 111.6881, GNorm = 0.1451, lr_0 = 2.1051e-04
Loss = 5.5458e-04, PNorm = 111.6882, GNorm = 0.1434, lr_0 = 2.1043e-04
Loss = 4.1716e-04, PNorm = 111.6890, GNorm = 0.0933, lr_0 = 2.1035e-04
Loss = 4.0987e-04, PNorm = 111.6898, GNorm = 0.1364, lr_0 = 2.1027e-04
Loss = 5.1876e-04, PNorm = 111.6907, GNorm = 0.2777, lr_0 = 2.1019e-04
Loss = 5.6238e-04, PNorm = 111.6927, GNorm = 0.2415, lr_0 = 2.1011e-04
Loss = 5.6158e-04, PNorm = 111.6938, GNorm = 0.3109, lr_0 = 2.1003e-04
Loss = 5.0748e-04, PNorm = 111.6937, GNorm = 0.3029, lr_0 = 2.0995e-04
Loss = 5.8038e-04, PNorm = 111.6941, GNorm = 0.4087, lr_0 = 2.0987e-04
Loss = 5.2716e-04, PNorm = 111.6954, GNorm = 0.1340, lr_0 = 2.0979e-04
Loss = 4.3488e-04, PNorm = 111.6967, GNorm = 0.0556, lr_0 = 2.0971e-04
Loss = 4.7675e-04, PNorm = 111.6979, GNorm = 0.0626, lr_0 = 2.0963e-04
Loss = 4.2526e-04, PNorm = 111.6982, GNorm = 0.1041, lr_0 = 2.0955e-04
Loss = 4.5389e-04, PNorm = 111.6987, GNorm = 0.2465, lr_0 = 2.0947e-04
Loss = 5.2305e-04, PNorm = 111.6992, GNorm = 0.1415, lr_0 = 2.0938e-04
Loss = 4.2692e-04, PNorm = 111.7009, GNorm = 0.1521, lr_0 = 2.0930e-04
Loss = 4.2606e-04, PNorm = 111.7009, GNorm = 0.0601, lr_0 = 2.0922e-04
Loss = 3.6820e-04, PNorm = 111.7014, GNorm = 0.0744, lr_0 = 2.0914e-04
Loss = 4.4151e-04, PNorm = 111.7030, GNorm = 0.0899, lr_0 = 2.0906e-04
Loss = 5.0374e-04, PNorm = 111.7045, GNorm = 0.1019, lr_0 = 2.0898e-04
Loss = 5.0137e-04, PNorm = 111.7046, GNorm = 0.0985, lr_0 = 2.0890e-04
Loss = 4.9208e-04, PNorm = 111.7042, GNorm = 0.2408, lr_0 = 2.0882e-04
Loss = 4.5191e-04, PNorm = 111.7045, GNorm = 0.2015, lr_0 = 2.0874e-04
Loss = 4.5773e-04, PNorm = 111.7059, GNorm = 0.4112, lr_0 = 2.0866e-04
Loss = 4.7300e-04, PNorm = 111.7079, GNorm = 0.2033, lr_0 = 2.0858e-04
Loss = 5.4789e-04, PNorm = 111.7100, GNorm = 0.3604, lr_0 = 2.0850e-04
Loss = 5.6466e-04, PNorm = 111.7109, GNorm = 0.1097, lr_0 = 2.0842e-04
Loss = 4.1590e-04, PNorm = 111.7100, GNorm = 0.3296, lr_0 = 2.0834e-04
Loss = 4.7331e-04, PNorm = 111.7112, GNorm = 0.1674, lr_0 = 2.0826e-04
Loss = 4.3158e-04, PNorm = 111.7124, GNorm = 0.0731, lr_0 = 2.0818e-04
Loss = 4.2288e-04, PNorm = 111.7131, GNorm = 0.1891, lr_0 = 2.0810e-04
Loss = 4.0210e-04, PNorm = 111.7144, GNorm = 0.4084, lr_0 = 2.0802e-04
Loss = 4.5934e-04, PNorm = 111.7155, GNorm = 0.2031, lr_0 = 2.0794e-04
Loss = 3.5374e-04, PNorm = 111.7163, GNorm = 0.1877, lr_0 = 2.0786e-04
Loss = 3.9203e-04, PNorm = 111.7159, GNorm = 0.2825, lr_0 = 2.0778e-04
Loss = 4.0534e-04, PNorm = 111.7151, GNorm = 0.0985, lr_0 = 2.0770e-04
Loss = 4.0040e-04, PNorm = 111.7148, GNorm = 0.0772, lr_0 = 2.0762e-04
Loss = 3.7533e-04, PNorm = 111.7158, GNorm = 0.1039, lr_0 = 2.0754e-04
Loss = 4.4838e-04, PNorm = 111.7170, GNorm = 0.0640, lr_0 = 2.0746e-04
Loss = 3.7055e-04, PNorm = 111.7176, GNorm = 0.0873, lr_0 = 2.0738e-04
Loss = 3.6847e-04, PNorm = 111.7181, GNorm = 0.1342, lr_0 = 2.0731e-04
Loss = 4.0715e-04, PNorm = 111.7190, GNorm = 0.1019, lr_0 = 2.0723e-04
Loss = 3.7299e-04, PNorm = 111.7188, GNorm = 0.0951, lr_0 = 2.0715e-04
Loss = 4.4119e-04, PNorm = 111.7198, GNorm = 0.3378, lr_0 = 2.0707e-04
Loss = 4.3361e-04, PNorm = 111.7204, GNorm = 0.1427, lr_0 = 2.0699e-04
Loss = 4.2419e-04, PNorm = 111.7205, GNorm = 0.2013, lr_0 = 2.0691e-04
Loss = 4.1351e-04, PNorm = 111.7208, GNorm = 0.1891, lr_0 = 2.0683e-04
Loss = 3.9169e-04, PNorm = 111.7210, GNorm = 0.2063, lr_0 = 2.0675e-04
Loss = 3.0482e-04, PNorm = 111.7209, GNorm = 0.1069, lr_0 = 2.0667e-04
Loss = 3.7987e-04, PNorm = 111.7207, GNorm = 0.1327, lr_0 = 2.0659e-04
Loss = 3.5203e-04, PNorm = 111.7217, GNorm = 0.0612, lr_0 = 2.0651e-04
Loss = 4.0902e-04, PNorm = 111.7220, GNorm = 0.3973, lr_0 = 2.0643e-04
Loss = 3.8496e-04, PNorm = 111.7224, GNorm = 0.1898, lr_0 = 2.0635e-04
Loss = 3.3755e-04, PNorm = 111.7235, GNorm = 0.0737, lr_0 = 2.0627e-04
Loss = 4.1250e-04, PNorm = 111.7242, GNorm = 0.2053, lr_0 = 2.0619e-04
Loss = 5.0811e-04, PNorm = 111.7255, GNorm = 0.2697, lr_0 = 2.0611e-04
Loss = 5.2078e-04, PNorm = 111.7260, GNorm = 0.3879, lr_0 = 2.0604e-04
Loss = 5.1022e-04, PNorm = 111.7263, GNorm = 0.3369, lr_0 = 2.0596e-04
Loss = 5.3472e-04, PNorm = 111.7274, GNorm = 0.3287, lr_0 = 2.0588e-04
Loss = 4.8060e-04, PNorm = 111.7279, GNorm = 0.1460, lr_0 = 2.0580e-04
Loss = 4.3750e-04, PNorm = 111.7274, GNorm = 0.0903, lr_0 = 2.0572e-04
Loss = 4.5732e-04, PNorm = 111.7277, GNorm = 0.1960, lr_0 = 2.0564e-04
Loss = 4.8439e-04, PNorm = 111.7294, GNorm = 0.2199, lr_0 = 2.0556e-04
Loss = 4.8094e-04, PNorm = 111.7301, GNorm = 0.1058, lr_0 = 2.0548e-04
Loss = 4.2094e-04, PNorm = 111.7315, GNorm = 0.1537, lr_0 = 2.0540e-04
Loss = 4.2484e-04, PNorm = 111.7325, GNorm = 0.0847, lr_0 = 2.0532e-04
Loss = 4.2025e-04, PNorm = 111.7337, GNorm = 0.1859, lr_0 = 2.0525e-04
Loss = 3.9162e-04, PNorm = 111.7345, GNorm = 0.0914, lr_0 = 2.0517e-04
Loss = 3.6791e-04, PNorm = 111.7348, GNorm = 0.0800, lr_0 = 2.0509e-04
Loss = 4.0819e-04, PNorm = 111.7348, GNorm = 0.1837, lr_0 = 2.0501e-04
Loss = 3.4857e-04, PNorm = 111.7354, GNorm = 0.1628, lr_0 = 2.0493e-04
Loss = 4.2690e-04, PNorm = 111.7369, GNorm = 0.0954, lr_0 = 2.0485e-04
Loss = 3.3277e-04, PNorm = 111.7376, GNorm = 0.0684, lr_0 = 2.0477e-04
Loss = 3.3394e-04, PNorm = 111.7376, GNorm = 0.1075, lr_0 = 2.0470e-04
Loss = 3.1257e-04, PNorm = 111.7378, GNorm = 0.0816, lr_0 = 2.0462e-04
Loss = 3.3174e-04, PNorm = 111.7381, GNorm = 0.0991, lr_0 = 2.0454e-04
Loss = 3.4322e-04, PNorm = 111.7390, GNorm = 0.1487, lr_0 = 2.0446e-04
Loss = 3.7143e-04, PNorm = 111.7400, GNorm = 0.0757, lr_0 = 2.0438e-04
Loss = 3.7632e-04, PNorm = 111.7408, GNorm = 0.2237, lr_0 = 2.0430e-04
Loss = 4.3918e-04, PNorm = 111.7405, GNorm = 0.1014, lr_0 = 2.0422e-04
Loss = 4.2144e-04, PNorm = 111.7406, GNorm = 0.2540, lr_0 = 2.0415e-04
Loss = 3.8036e-04, PNorm = 111.7410, GNorm = 0.1141, lr_0 = 2.0407e-04
Loss = 4.2684e-04, PNorm = 111.7423, GNorm = 0.4130, lr_0 = 2.0399e-04
Loss = 4.6055e-04, PNorm = 111.7434, GNorm = 0.2993, lr_0 = 2.0391e-04
Loss = 3.4556e-04, PNorm = 111.7437, GNorm = 0.1031, lr_0 = 2.0383e-04
Loss = 3.6447e-04, PNorm = 111.7437, GNorm = 0.0672, lr_0 = 2.0375e-04
Loss = 3.5791e-04, PNorm = 111.7450, GNorm = 0.0860, lr_0 = 2.0368e-04
Loss = 3.5867e-04, PNorm = 111.7464, GNorm = 0.1350, lr_0 = 2.0360e-04
Loss = 3.6656e-04, PNorm = 111.7466, GNorm = 0.1544, lr_0 = 2.0352e-04
Loss = 3.8852e-04, PNorm = 111.7464, GNorm = 0.1973, lr_0 = 2.0344e-04
Loss = 3.7073e-04, PNorm = 111.7464, GNorm = 0.2475, lr_0 = 2.0336e-04
Loss = 4.0310e-04, PNorm = 111.7473, GNorm = 0.0601, lr_0 = 2.0329e-04
Loss = 3.1721e-04, PNorm = 111.7477, GNorm = 0.0538, lr_0 = 2.0321e-04
Loss = 3.6853e-04, PNorm = 111.7480, GNorm = 0.0904, lr_0 = 2.0313e-04
Loss = 3.9118e-04, PNorm = 111.7496, GNorm = 0.2749, lr_0 = 2.0305e-04
Loss = 4.5915e-04, PNorm = 111.7509, GNorm = 0.2535, lr_0 = 2.0297e-04
Loss = 4.0895e-04, PNorm = 111.7519, GNorm = 0.1897, lr_0 = 2.0290e-04
Loss = 3.5369e-04, PNorm = 111.7532, GNorm = 0.2446, lr_0 = 2.0282e-04
Loss = 4.1965e-04, PNorm = 111.7533, GNorm = 0.2561, lr_0 = 2.0274e-04
Loss = 3.6002e-04, PNorm = 111.7533, GNorm = 0.0881, lr_0 = 2.0266e-04
Loss = 3.8508e-04, PNorm = 111.7534, GNorm = 0.1731, lr_0 = 2.0258e-04
Loss = 3.9818e-04, PNorm = 111.7535, GNorm = 0.1126, lr_0 = 2.0251e-04
Loss = 4.5580e-04, PNorm = 111.7552, GNorm = 0.0639, lr_0 = 2.0243e-04
Loss = 4.3278e-04, PNorm = 111.7562, GNorm = 0.0819, lr_0 = 2.0235e-04
Loss = 3.8423e-04, PNorm = 111.7555, GNorm = 0.2440, lr_0 = 2.0227e-04
Loss = 4.9086e-04, PNorm = 111.7560, GNorm = 0.1239, lr_0 = 2.0220e-04
Loss = 4.2158e-04, PNorm = 111.7579, GNorm = 0.1305, lr_0 = 2.0212e-04
Loss = 3.8284e-04, PNorm = 111.7593, GNorm = 0.2003, lr_0 = 2.0204e-04
Loss = 3.9603e-04, PNorm = 111.7592, GNorm = 0.0673, lr_0 = 2.0196e-04
Loss = 3.6666e-04, PNorm = 111.7595, GNorm = 0.1934, lr_0 = 2.0189e-04
Loss = 3.4507e-04, PNorm = 111.7599, GNorm = 0.1538, lr_0 = 2.0181e-04
Loss = 3.6631e-04, PNorm = 111.7606, GNorm = 0.1053, lr_0 = 2.0173e-04
Loss = 4.1537e-04, PNorm = 111.7620, GNorm = 0.2894, lr_0 = 2.0165e-04
Loss = 4.7167e-04, PNorm = 111.7624, GNorm = 0.0988, lr_0 = 2.0158e-04
Loss = 3.8911e-04, PNorm = 111.7624, GNorm = 0.1701, lr_0 = 2.0150e-04
Loss = 4.4164e-04, PNorm = 111.7631, GNorm = 0.2768, lr_0 = 2.0142e-04
Loss = 4.3928e-04, PNorm = 111.7626, GNorm = 0.0663, lr_0 = 2.0134e-04
Loss = 5.0208e-04, PNorm = 111.7635, GNorm = 0.3223, lr_0 = 2.0127e-04
Loss = 5.1077e-04, PNorm = 111.7645, GNorm = 0.2390, lr_0 = 2.0119e-04
Loss = 4.3383e-04, PNorm = 111.7667, GNorm = 0.0950, lr_0 = 2.0111e-04
Loss = 5.3066e-04, PNorm = 111.7671, GNorm = 0.3540, lr_0 = 2.0103e-04
Loss = 4.2653e-04, PNorm = 111.7673, GNorm = 0.0926, lr_0 = 2.0096e-04
Loss = 4.5830e-04, PNorm = 111.7673, GNorm = 0.1214, lr_0 = 2.0088e-04
Loss = 4.0180e-04, PNorm = 111.7685, GNorm = 0.1039, lr_0 = 2.0080e-04
Loss = 3.3881e-04, PNorm = 111.7691, GNorm = 0.3103, lr_0 = 2.0073e-04
Loss = 3.8388e-04, PNorm = 111.7698, GNorm = 0.2088, lr_0 = 2.0065e-04
Loss = 3.7843e-04, PNorm = 111.7698, GNorm = 0.1048, lr_0 = 2.0057e-04
Loss = 4.9632e-04, PNorm = 111.7698, GNorm = 0.1001, lr_0 = 2.0050e-04
Loss = 5.6654e-04, PNorm = 111.7690, GNorm = 0.1622, lr_0 = 2.0042e-04
Loss = 5.8817e-04, PNorm = 111.7689, GNorm = 0.5277, lr_0 = 2.0034e-04
Loss = 6.0189e-04, PNorm = 111.7697, GNorm = 0.1142, lr_0 = 2.0026e-04
Loss = 5.1882e-04, PNorm = 111.7711, GNorm = 0.1130, lr_0 = 2.0019e-04
Loss = 5.5633e-04, PNorm = 111.7724, GNorm = 0.3132, lr_0 = 2.0011e-04
Loss = 5.2161e-04, PNorm = 111.7738, GNorm = 0.1744, lr_0 = 2.0003e-04
Loss = 4.7665e-04, PNorm = 111.7753, GNorm = 0.3161, lr_0 = 1.9996e-04
Loss = 4.3847e-04, PNorm = 111.7757, GNorm = 0.1771, lr_0 = 1.9988e-04
Loss = 5.0619e-04, PNorm = 111.7761, GNorm = 0.0935, lr_0 = 1.9980e-04
Loss = 4.4860e-04, PNorm = 111.7776, GNorm = 0.0567, lr_0 = 1.9973e-04
Loss = 4.1275e-04, PNorm = 111.7791, GNorm = 0.0928, lr_0 = 1.9965e-04
Loss = 4.8733e-04, PNorm = 111.7801, GNorm = 0.0908, lr_0 = 1.9957e-04
Loss = 5.3652e-04, PNorm = 111.7812, GNorm = 0.2206, lr_0 = 1.9950e-04
Loss = 5.9068e-04, PNorm = 111.7822, GNorm = 0.0986, lr_0 = 1.9942e-04
Loss = 4.1797e-04, PNorm = 111.7827, GNorm = 0.2502, lr_0 = 1.9934e-04
Loss = 4.9380e-04, PNorm = 111.7835, GNorm = 0.1543, lr_0 = 1.9927e-04
Loss = 5.8290e-04, PNorm = 111.7833, GNorm = 0.0731, lr_0 = 1.9919e-04
Loss = 4.8606e-04, PNorm = 111.7836, GNorm = 0.0672, lr_0 = 1.9911e-04
Loss = 5.2636e-04, PNorm = 111.7849, GNorm = 0.1570, lr_0 = 1.9904e-04
Loss = 5.1590e-04, PNorm = 111.7857, GNorm = 0.1276, lr_0 = 1.9896e-04
Loss = 4.5878e-04, PNorm = 111.7860, GNorm = 0.1021, lr_0 = 1.9889e-04
Loss = 4.3136e-04, PNorm = 111.7865, GNorm = 0.2374, lr_0 = 1.9881e-04
Loss = 4.1526e-04, PNorm = 111.7867, GNorm = 0.1089, lr_0 = 1.9873e-04
Loss = 4.1701e-04, PNorm = 111.7874, GNorm = 0.1238, lr_0 = 1.9866e-04
Loss = 3.7042e-04, PNorm = 111.7883, GNorm = 0.0766, lr_0 = 1.9858e-04
Loss = 4.2108e-04, PNorm = 111.7894, GNorm = 0.1135, lr_0 = 1.9850e-04
Loss = 4.6940e-04, PNorm = 111.7905, GNorm = 0.1780, lr_0 = 1.9843e-04
Loss = 3.7487e-04, PNorm = 111.7915, GNorm = 0.0959, lr_0 = 1.9835e-04
Loss = 3.8013e-04, PNorm = 111.7935, GNorm = 0.2241, lr_0 = 1.9828e-04
Loss = 4.1724e-04, PNorm = 111.7939, GNorm = 0.1452, lr_0 = 1.9820e-04
Loss = 4.2724e-04, PNorm = 111.7935, GNorm = 0.3200, lr_0 = 1.9812e-04
Loss = 4.0252e-04, PNorm = 111.7943, GNorm = 0.1267, lr_0 = 1.9805e-04
Loss = 4.2035e-04, PNorm = 111.7960, GNorm = 0.0335, lr_0 = 1.9797e-04
Loss = 3.7107e-04, PNorm = 111.7970, GNorm = 0.1168, lr_0 = 1.9790e-04
Loss = 3.6166e-04, PNorm = 111.7979, GNorm = 0.0949, lr_0 = 1.9782e-04
Loss = 3.7401e-04, PNorm = 111.7983, GNorm = 0.1711, lr_0 = 1.9774e-04
Loss = 3.9669e-04, PNorm = 111.7985, GNorm = 0.1052, lr_0 = 1.9767e-04
Loss = 3.8439e-04, PNorm = 111.7994, GNorm = 0.0960, lr_0 = 1.9759e-04
Loss = 4.2032e-04, PNorm = 111.8002, GNorm = 0.2533, lr_0 = 1.9752e-04
Loss = 3.6139e-04, PNorm = 111.8009, GNorm = 0.0724, lr_0 = 1.9744e-04
Loss = 3.5783e-04, PNorm = 111.8019, GNorm = 0.0596, lr_0 = 1.9736e-04
Loss = 3.5718e-04, PNorm = 111.8029, GNorm = 0.1038, lr_0 = 1.9729e-04
Loss = 3.4226e-04, PNorm = 111.8040, GNorm = 0.0570, lr_0 = 1.9721e-04
Loss = 3.1185e-04, PNorm = 111.8041, GNorm = 0.3268, lr_0 = 1.9714e-04
Loss = 4.2755e-04, PNorm = 111.8040, GNorm = 0.1719, lr_0 = 1.9706e-04
Loss = 3.4619e-04, PNorm = 111.8045, GNorm = 0.2475, lr_0 = 1.9699e-04
Loss = 3.7449e-04, PNorm = 111.8053, GNorm = 0.2883, lr_0 = 1.9691e-04
Loss = 3.9805e-04, PNorm = 111.8060, GNorm = 0.2669, lr_0 = 1.9683e-04
Loss = 3.6374e-04, PNorm = 111.8068, GNorm = 0.1388, lr_0 = 1.9676e-04
Loss = 3.6381e-04, PNorm = 111.8067, GNorm = 0.0686, lr_0 = 1.9668e-04
Loss = 3.5115e-04, PNorm = 111.8074, GNorm = 0.2375, lr_0 = 1.9661e-04
Loss = 3.4627e-04, PNorm = 111.8076, GNorm = 0.0637, lr_0 = 1.9653e-04
Loss = 3.4336e-04, PNorm = 111.8090, GNorm = 0.0448, lr_0 = 1.9646e-04
Loss = 3.3095e-04, PNorm = 111.8098, GNorm = 0.0803, lr_0 = 1.9638e-04
Loss = 3.4027e-04, PNorm = 111.8096, GNorm = 0.1055, lr_0 = 1.9631e-04
Loss = 3.7385e-04, PNorm = 111.8103, GNorm = 0.0867, lr_0 = 1.9623e-04
Loss = 3.9649e-04, PNorm = 111.8117, GNorm = 0.0821, lr_0 = 1.9616e-04
Loss = 3.8667e-04, PNorm = 111.8126, GNorm = 0.3315, lr_0 = 1.9608e-04
Loss = 4.0361e-04, PNorm = 111.8135, GNorm = 0.2066, lr_0 = 1.9600e-04
Loss = 3.6513e-04, PNorm = 111.8151, GNorm = 0.4760, lr_0 = 1.9593e-04
Loss = 3.6950e-04, PNorm = 111.8157, GNorm = 0.2691, lr_0 = 1.9585e-04
Loss = 3.6259e-04, PNorm = 111.8152, GNorm = 0.0440, lr_0 = 1.9578e-04
Loss = 4.1596e-04, PNorm = 111.8152, GNorm = 0.0616, lr_0 = 1.9570e-04
Loss = 3.5889e-04, PNorm = 111.8158, GNorm = 0.1198, lr_0 = 1.9563e-04
Loss = 3.5940e-04, PNorm = 111.8175, GNorm = 0.1901, lr_0 = 1.9555e-04
Loss = 3.7887e-04, PNorm = 111.8182, GNorm = 0.2029, lr_0 = 1.9548e-04
Loss = 3.2721e-04, PNorm = 111.8179, GNorm = 0.1995, lr_0 = 1.9540e-04
Loss = 3.5971e-04, PNorm = 111.8184, GNorm = 0.1926, lr_0 = 1.9533e-04
Loss = 3.3823e-04, PNorm = 111.8189, GNorm = 0.0703, lr_0 = 1.9525e-04
Loss = 3.4574e-04, PNorm = 111.8195, GNorm = 0.0589, lr_0 = 1.9518e-04
Loss = 3.8159e-04, PNorm = 111.8189, GNorm = 0.2626, lr_0 = 1.9510e-04
Loss = 3.6757e-04, PNorm = 111.8193, GNorm = 0.0633, lr_0 = 1.9503e-04
Loss = 3.6279e-04, PNorm = 111.8200, GNorm = 0.1909, lr_0 = 1.9495e-04
Loss = 3.3806e-04, PNorm = 111.8199, GNorm = 0.2410, lr_0 = 1.9488e-04
Loss = 4.1798e-04, PNorm = 111.8202, GNorm = 0.3279, lr_0 = 1.9480e-04
Loss = 4.3019e-04, PNorm = 111.8215, GNorm = 0.1646, lr_0 = 1.9473e-04
Loss = 5.8577e-04, PNorm = 111.8221, GNorm = 0.2448, lr_0 = 1.9466e-04
Loss = 7.0492e-04, PNorm = 111.8228, GNorm = 0.1585, lr_0 = 1.9458e-04
Loss = 5.9534e-04, PNorm = 111.8235, GNorm = 0.0739, lr_0 = 1.9451e-04
Loss = 5.3959e-04, PNorm = 111.8241, GNorm = 0.0794, lr_0 = 1.9443e-04
Loss = 3.8665e-04, PNorm = 111.8248, GNorm = 0.1849, lr_0 = 1.9436e-04
Loss = 4.1544e-04, PNorm = 111.8270, GNorm = 0.0570, lr_0 = 1.9428e-04
Loss = 4.6327e-04, PNorm = 111.8281, GNorm = 0.2841, lr_0 = 1.9421e-04
Loss = 4.0753e-04, PNorm = 111.8285, GNorm = 0.3255, lr_0 = 1.9413e-04
Loss = 4.9765e-04, PNorm = 111.8293, GNorm = 0.3744, lr_0 = 1.9406e-04
Loss = 4.2802e-04, PNorm = 111.8309, GNorm = 0.3855, lr_0 = 1.9398e-04
Loss = 4.1042e-04, PNorm = 111.8310, GNorm = 0.0845, lr_0 = 1.9391e-04
Loss = 4.8651e-04, PNorm = 111.8324, GNorm = 0.1344, lr_0 = 1.9383e-04
Loss = 4.1024e-04, PNorm = 111.8342, GNorm = 0.2068, lr_0 = 1.9376e-04
Loss = 4.6167e-04, PNorm = 111.8344, GNorm = 0.4766, lr_0 = 1.9369e-04
Loss = 3.8830e-04, PNorm = 111.8353, GNorm = 0.2266, lr_0 = 1.9361e-04
Loss = 5.0991e-04, PNorm = 111.8354, GNorm = 0.2518, lr_0 = 1.9354e-04
Loss = 4.8376e-04, PNorm = 111.8365, GNorm = 0.1049, lr_0 = 1.9346e-04
Loss = 4.7475e-04, PNorm = 111.8373, GNorm = 0.0634, lr_0 = 1.9339e-04
Loss = 4.7487e-04, PNorm = 111.8383, GNorm = 0.0789, lr_0 = 1.9331e-04
Loss = 4.3469e-04, PNorm = 111.8388, GNorm = 0.2406, lr_0 = 1.9324e-04
Loss = 3.7585e-04, PNorm = 111.8384, GNorm = 0.0474, lr_0 = 1.9317e-04
Loss = 4.7190e-04, PNorm = 111.8389, GNorm = 0.5028, lr_0 = 1.9309e-04
Loss = 6.6945e-04, PNorm = 111.8396, GNorm = 0.3936, lr_0 = 1.9302e-04
Loss = 5.3550e-04, PNorm = 111.8406, GNorm = 0.2190, lr_0 = 1.9294e-04
Loss = 4.8099e-04, PNorm = 111.8420, GNorm = 0.0989, lr_0 = 1.9287e-04
Loss = 4.9093e-04, PNorm = 111.8425, GNorm = 0.2157, lr_0 = 1.9280e-04
Loss = 5.1493e-04, PNorm = 111.8437, GNorm = 0.4221, lr_0 = 1.9272e-04
Loss = 5.5599e-04, PNorm = 111.8444, GNorm = 0.3785, lr_0 = 1.9265e-04
Loss = 5.5793e-04, PNorm = 111.8450, GNorm = 0.2749, lr_0 = 1.9257e-04
Loss = 4.0445e-04, PNorm = 111.8452, GNorm = 0.0718, lr_0 = 1.9250e-04
Loss = 4.5177e-04, PNorm = 111.8457, GNorm = 0.0831, lr_0 = 1.9243e-04
Loss = 4.1477e-04, PNorm = 111.8461, GNorm = 0.0635, lr_0 = 1.9235e-04
Loss = 4.1578e-04, PNorm = 111.8466, GNorm = 0.1890, lr_0 = 1.9228e-04
Loss = 4.3224e-04, PNorm = 111.8474, GNorm = 0.1126, lr_0 = 1.9220e-04
Loss = 3.9548e-04, PNorm = 111.8472, GNorm = 0.0667, lr_0 = 1.9213e-04
Loss = 4.4527e-04, PNorm = 111.8476, GNorm = 0.0717, lr_0 = 1.9206e-04
Loss = 3.7844e-04, PNorm = 111.8477, GNorm = 0.2592, lr_0 = 1.9198e-04
Loss = 3.7295e-04, PNorm = 111.8477, GNorm = 0.0828, lr_0 = 1.9191e-04
Loss = 3.0826e-04, PNorm = 111.8486, GNorm = 0.1947, lr_0 = 1.9184e-04
Loss = 4.0686e-04, PNorm = 111.8502, GNorm = 0.4065, lr_0 = 1.9176e-04
Loss = 4.4478e-04, PNorm = 111.8500, GNorm = 0.4815, lr_0 = 1.9169e-04
Loss = 4.1874e-04, PNorm = 111.8505, GNorm = 0.2130, lr_0 = 1.9162e-04
Loss = 4.4572e-04, PNorm = 111.8514, GNorm = 0.2330, lr_0 = 1.9154e-04
Loss = 3.5741e-04, PNorm = 111.8518, GNorm = 0.0674, lr_0 = 1.9147e-04
Loss = 3.1268e-04, PNorm = 111.8516, GNorm = 0.0895, lr_0 = 1.9139e-04
Loss = 3.3337e-04, PNorm = 111.8526, GNorm = 0.0489, lr_0 = 1.9132e-04
Loss = 3.2636e-04, PNorm = 111.8538, GNorm = 0.1940, lr_0 = 1.9125e-04
Loss = 3.5729e-04, PNorm = 111.8546, GNorm = 0.1070, lr_0 = 1.9117e-04
Loss = 3.1479e-04, PNorm = 111.8552, GNorm = 0.1309, lr_0 = 1.9110e-04
Loss = 2.9976e-04, PNorm = 111.8548, GNorm = 0.2277, lr_0 = 1.9103e-04
Loss = 2.9807e-04, PNorm = 111.8543, GNorm = 0.0640, lr_0 = 1.9095e-04
Loss = 3.1876e-04, PNorm = 111.8546, GNorm = 0.0478, lr_0 = 1.9088e-04
Loss = 2.7326e-04, PNorm = 111.8549, GNorm = 0.0598, lr_0 = 1.9081e-04
Loss = 2.7958e-04, PNorm = 111.8553, GNorm = 0.2294, lr_0 = 1.9073e-04
Loss = 3.3203e-04, PNorm = 111.8551, GNorm = 0.0430, lr_0 = 1.9066e-04
Loss = 2.7814e-04, PNorm = 111.8556, GNorm = 0.1134, lr_0 = 1.9059e-04
Loss = 3.7460e-04, PNorm = 111.8564, GNorm = 0.1726, lr_0 = 1.9051e-04
Loss = 3.0428e-04, PNorm = 111.8572, GNorm = 0.2250, lr_0 = 1.9044e-04
Loss = 2.9444e-04, PNorm = 111.8580, GNorm = 0.0634, lr_0 = 1.9037e-04
Loss = 3.6007e-04, PNorm = 111.8592, GNorm = 0.1338, lr_0 = 1.9030e-04
Loss = 2.8803e-04, PNorm = 111.8597, GNorm = 0.1271, lr_0 = 1.9022e-04
Loss = 2.7366e-04, PNorm = 111.8599, GNorm = 0.2581, lr_0 = 1.9015e-04
Loss = 2.9848e-04, PNorm = 111.8596, GNorm = 0.1976, lr_0 = 1.9008e-04
Loss = 3.3363e-04, PNorm = 111.8597, GNorm = 0.2011, lr_0 = 1.9000e-04
Loss = 3.1460e-04, PNorm = 111.8601, GNorm = 0.1078, lr_0 = 1.8993e-04
Loss = 3.9858e-04, PNorm = 111.8608, GNorm = 0.1358, lr_0 = 1.8986e-04
Loss = 2.9821e-04, PNorm = 111.8613, GNorm = 0.0706, lr_0 = 1.8978e-04
Loss = 3.4348e-04, PNorm = 111.8619, GNorm = 0.0485, lr_0 = 1.8971e-04
Loss = 3.2057e-04, PNorm = 111.8626, GNorm = 0.1505, lr_0 = 1.8964e-04
Loss = 3.2601e-04, PNorm = 111.8632, GNorm = 0.0680, lr_0 = 1.8957e-04
Loss = 2.8047e-04, PNorm = 111.8636, GNorm = 0.1362, lr_0 = 1.8949e-04
Loss = 3.0909e-04, PNorm = 111.8639, GNorm = 0.1464, lr_0 = 1.8942e-04
Loss = 2.8140e-04, PNorm = 111.8646, GNorm = 0.0701, lr_0 = 1.8935e-04
Loss = 2.9847e-04, PNorm = 111.8645, GNorm = 0.0795, lr_0 = 1.8928e-04
Loss = 2.9303e-04, PNorm = 111.8649, GNorm = 0.0734, lr_0 = 1.8920e-04
Loss = 3.5060e-04, PNorm = 111.8654, GNorm = 0.2218, lr_0 = 1.8913e-04
Loss = 3.3385e-04, PNorm = 111.8668, GNorm = 0.2828, lr_0 = 1.8906e-04
Loss = 4.5873e-04, PNorm = 111.8674, GNorm = 0.4820, lr_0 = 1.8898e-04
Loss = 3.7021e-04, PNorm = 111.8675, GNorm = 0.0913, lr_0 = 1.8891e-04
Loss = 3.2516e-04, PNorm = 111.8684, GNorm = 0.0845, lr_0 = 1.8884e-04
Loss = 3.2675e-04, PNorm = 111.8686, GNorm = 0.2037, lr_0 = 1.8877e-04
Loss = 3.0709e-04, PNorm = 111.8691, GNorm = 0.0698, lr_0 = 1.8869e-04
Loss = 2.8777e-04, PNorm = 111.8696, GNorm = 0.2428, lr_0 = 1.8862e-04
Loss = 3.4750e-04, PNorm = 111.8699, GNorm = 0.2766, lr_0 = 1.8855e-04
Loss = 3.2058e-04, PNorm = 111.8707, GNorm = 0.1233, lr_0 = 1.8848e-04
Loss = 3.2023e-04, PNorm = 111.8707, GNorm = 0.0946, lr_0 = 1.8841e-04
Loss = 2.8835e-04, PNorm = 111.8701, GNorm = 0.1610, lr_0 = 1.8833e-04
Loss = 3.8443e-04, PNorm = 111.8706, GNorm = 0.2422, lr_0 = 1.8826e-04
Loss = 3.0565e-04, PNorm = 111.8712, GNorm = 0.1735, lr_0 = 1.8819e-04
Loss = 2.8811e-04, PNorm = 111.8718, GNorm = 0.0974, lr_0 = 1.8812e-04
Loss = 2.9520e-04, PNorm = 111.8721, GNorm = 0.1428, lr_0 = 1.8804e-04
Loss = 3.3721e-04, PNorm = 111.8718, GNorm = 0.1593, lr_0 = 1.8797e-04
Loss = 3.5225e-04, PNorm = 111.8721, GNorm = 0.2304, lr_0 = 1.8790e-04
Loss = 3.7472e-04, PNorm = 111.8731, GNorm = 0.1056, lr_0 = 1.8783e-04
Loss = 3.1139e-04, PNorm = 111.8735, GNorm = 0.1464, lr_0 = 1.8776e-04
Loss = 3.2300e-04, PNorm = 111.8736, GNorm = 0.0801, lr_0 = 1.8768e-04
Loss = 3.5674e-04, PNorm = 111.8732, GNorm = 0.1194, lr_0 = 1.8761e-04
Loss = 3.1912e-04, PNorm = 111.8728, GNorm = 0.1519, lr_0 = 1.8754e-04
Loss = 3.0637e-04, PNorm = 111.8732, GNorm = 0.2299, lr_0 = 1.8747e-04
Loss = 2.6805e-04, PNorm = 111.8740, GNorm = 0.0840, lr_0 = 1.8740e-04
Loss = 3.1116e-04, PNorm = 111.8744, GNorm = 0.1169, lr_0 = 1.8732e-04
Loss = 3.2776e-04, PNorm = 111.8750, GNorm = 0.1558, lr_0 = 1.8725e-04
Loss = 4.3913e-04, PNorm = 111.8754, GNorm = 0.0566, lr_0 = 1.8718e-04
Loss = 4.1382e-04, PNorm = 111.8765, GNorm = 0.0517, lr_0 = 1.8711e-04
Loss = 3.4097e-04, PNorm = 111.8775, GNorm = 0.1645, lr_0 = 1.8704e-04
Loss = 4.0868e-04, PNorm = 111.8781, GNorm = 0.0897, lr_0 = 1.8696e-04
Loss = 3.3928e-04, PNorm = 111.8784, GNorm = 0.2379, lr_0 = 1.8689e-04
Loss = 3.6839e-04, PNorm = 111.8791, GNorm = 0.1288, lr_0 = 1.8682e-04
Loss = 3.7463e-04, PNorm = 111.8803, GNorm = 0.2577, lr_0 = 1.8675e-04
Loss = 3.5835e-04, PNorm = 111.8807, GNorm = 0.1957, lr_0 = 1.8668e-04
Loss = 3.4691e-04, PNorm = 111.8812, GNorm = 0.1128, lr_0 = 1.8661e-04
Loss = 3.6122e-04, PNorm = 111.8820, GNorm = 0.2555, lr_0 = 1.8653e-04
Loss = 3.1078e-04, PNorm = 111.8832, GNorm = 0.1203, lr_0 = 1.8646e-04
Loss = 3.7690e-04, PNorm = 111.8832, GNorm = 0.0833, lr_0 = 1.8639e-04
Loss = 3.6413e-04, PNorm = 111.8841, GNorm = 0.1244, lr_0 = 1.8632e-04
Loss = 3.1823e-04, PNorm = 111.8844, GNorm = 0.1327, lr_0 = 1.8625e-04
Loss = 3.3343e-04, PNorm = 111.8846, GNorm = 0.0393, lr_0 = 1.8618e-04
Loss = 3.8879e-04, PNorm = 111.8848, GNorm = 0.0608, lr_0 = 1.8610e-04
Loss = 3.7951e-04, PNorm = 111.8856, GNorm = 0.0447, lr_0 = 1.8603e-04
Loss = 3.8012e-04, PNorm = 111.8864, GNorm = 0.0898, lr_0 = 1.8596e-04
Loss = 3.3385e-04, PNorm = 111.8876, GNorm = 0.1928, lr_0 = 1.8589e-04
Loss = 3.1852e-04, PNorm = 111.8886, GNorm = 0.0898, lr_0 = 1.8582e-04
Loss = 3.4945e-04, PNorm = 111.8894, GNorm = 0.0665, lr_0 = 1.8575e-04
Loss = 4.3401e-04, PNorm = 111.8898, GNorm = 0.2437, lr_0 = 1.8568e-04
Loss = 4.5379e-04, PNorm = 111.8907, GNorm = 0.1248, lr_0 = 1.8561e-04
Loss = 4.6570e-04, PNorm = 111.8917, GNorm = 0.2231, lr_0 = 1.8553e-04
Loss = 4.0715e-04, PNorm = 111.8919, GNorm = 0.1750, lr_0 = 1.8546e-04
Loss = 4.4815e-04, PNorm = 111.8915, GNorm = 0.3933, lr_0 = 1.8539e-04
Loss = 4.2168e-04, PNorm = 111.8919, GNorm = 0.0950, lr_0 = 1.8532e-04
Loss = 3.7263e-04, PNorm = 111.8925, GNorm = 0.1729, lr_0 = 1.8525e-04
Loss = 3.3742e-04, PNorm = 111.8931, GNorm = 0.1213, lr_0 = 1.8518e-04
Loss = 3.4513e-04, PNorm = 111.8936, GNorm = 0.1332, lr_0 = 1.8511e-04
Loss = 3.2994e-04, PNorm = 111.8940, GNorm = 0.1071, lr_0 = 1.8504e-04
Loss = 3.5715e-04, PNorm = 111.8949, GNorm = 0.1490, lr_0 = 1.8497e-04
Loss = 3.4990e-04, PNorm = 111.8954, GNorm = 0.4029, lr_0 = 1.8489e-04
Loss = 3.8084e-04, PNorm = 111.8962, GNorm = 0.1918, lr_0 = 1.8482e-04
Loss = 3.5983e-04, PNorm = 111.8973, GNorm = 0.2149, lr_0 = 1.8475e-04
Loss = 3.0471e-04, PNorm = 111.8985, GNorm = 0.0754, lr_0 = 1.8468e-04
Loss = 3.2555e-04, PNorm = 111.8988, GNorm = 0.2185, lr_0 = 1.8461e-04
Loss = 3.5016e-04, PNorm = 111.8995, GNorm = 0.0612, lr_0 = 1.8454e-04
Loss = 3.0560e-04, PNorm = 111.9003, GNorm = 0.0567, lr_0 = 1.8447e-04
Loss = 3.5343e-04, PNorm = 111.9007, GNorm = 0.0707, lr_0 = 1.8440e-04
Loss = 3.2698e-04, PNorm = 111.9010, GNorm = 0.1141, lr_0 = 1.8433e-04
Loss = 3.9871e-04, PNorm = 111.9013, GNorm = 0.0788, lr_0 = 1.8426e-04
Loss = 3.8934e-04, PNorm = 111.9009, GNorm = 0.1425, lr_0 = 1.8419e-04
Loss = 3.2161e-04, PNorm = 111.9009, GNorm = 0.0587, lr_0 = 1.8412e-04
Loss = 3.6024e-04, PNorm = 111.8999, GNorm = 0.1038, lr_0 = 1.8404e-04
Loss = 3.0727e-04, PNorm = 111.9004, GNorm = 0.0971, lr_0 = 1.8397e-04
Loss = 3.4475e-04, PNorm = 111.9010, GNorm = 0.0842, lr_0 = 1.8390e-04
Loss = 3.3361e-04, PNorm = 111.9016, GNorm = 0.0433, lr_0 = 1.8383e-04
Loss = 3.2676e-04, PNorm = 111.9030, GNorm = 0.2443, lr_0 = 1.8376e-04
Loss = 3.0325e-04, PNorm = 111.9035, GNorm = 0.1745, lr_0 = 1.8369e-04
Loss = 2.8232e-04, PNorm = 111.9033, GNorm = 0.1063, lr_0 = 1.8362e-04
Loss = 2.5213e-04, PNorm = 111.9034, GNorm = 0.0562, lr_0 = 1.8355e-04
Loss = 3.3463e-04, PNorm = 111.9035, GNorm = 0.0812, lr_0 = 1.8348e-04
Loss = 3.3237e-04, PNorm = 111.9044, GNorm = 0.0905, lr_0 = 1.8341e-04
Loss = 2.8107e-04, PNorm = 111.9053, GNorm = 0.2235, lr_0 = 1.8334e-04
Loss = 2.8165e-04, PNorm = 111.9055, GNorm = 0.1361, lr_0 = 1.8327e-04
Loss = 3.0011e-04, PNorm = 111.9064, GNorm = 0.2615, lr_0 = 1.8320e-04
Loss = 2.8828e-04, PNorm = 111.9070, GNorm = 0.0824, lr_0 = 1.8313e-04
Loss = 3.3494e-04, PNorm = 111.9075, GNorm = 0.3091, lr_0 = 1.8306e-04
Loss = 3.4124e-04, PNorm = 111.9082, GNorm = 0.3491, lr_0 = 1.8299e-04
Loss = 3.9925e-04, PNorm = 111.9087, GNorm = 0.1327, lr_0 = 1.8292e-04
Loss = 3.4017e-04, PNorm = 111.9097, GNorm = 0.1833, lr_0 = 1.8285e-04
Loss = 3.5207e-04, PNorm = 111.9105, GNorm = 0.1023, lr_0 = 1.8278e-04
Loss = 3.1552e-04, PNorm = 111.9108, GNorm = 0.2227, lr_0 = 1.8271e-04
Loss = 3.2298e-04, PNorm = 111.9117, GNorm = 0.0725, lr_0 = 1.8264e-04
Loss = 3.0666e-04, PNorm = 111.9123, GNorm = 0.1521, lr_0 = 1.8257e-04
Loss = 3.4380e-04, PNorm = 111.9125, GNorm = 0.2962, lr_0 = 1.8250e-04
Loss = 3.1851e-04, PNorm = 111.9130, GNorm = 0.1465, lr_0 = 1.8243e-04
Loss = 3.4425e-04, PNorm = 111.9129, GNorm = 0.0455, lr_0 = 1.8236e-04
Loss = 2.9033e-04, PNorm = 111.9131, GNorm = 0.0573, lr_0 = 1.8229e-04
Loss = 2.9014e-04, PNorm = 111.9130, GNorm = 0.0739, lr_0 = 1.8222e-04
Loss = 2.6283e-04, PNorm = 111.9132, GNorm = 0.0906, lr_0 = 1.8215e-04
Loss = 3.2691e-04, PNorm = 111.9139, GNorm = 0.1769, lr_0 = 1.8208e-04
Loss = 3.1757e-04, PNorm = 111.9158, GNorm = 0.1076, lr_0 = 1.8201e-04
Loss = 2.8941e-04, PNorm = 111.9174, GNorm = 0.0579, lr_0 = 1.8194e-04
Loss = 2.7486e-04, PNorm = 111.9175, GNorm = 0.0997, lr_0 = 1.8187e-04
Loss = 2.9286e-04, PNorm = 111.9180, GNorm = 0.2421, lr_0 = 1.8180e-04
Loss = 3.3122e-04, PNorm = 111.9189, GNorm = 0.2139, lr_0 = 1.8173e-04
Loss = 3.2344e-04, PNorm = 111.9192, GNorm = 0.0762, lr_0 = 1.8166e-04
Loss = 2.6923e-04, PNorm = 111.9193, GNorm = 0.0607, lr_0 = 1.8159e-04
Loss = 3.2558e-04, PNorm = 111.9195, GNorm = 0.0579, lr_0 = 1.8152e-04
Loss = 2.8923e-04, PNorm = 111.9199, GNorm = 0.0494, lr_0 = 1.8145e-04
Loss = 2.8834e-04, PNorm = 111.9205, GNorm = 0.0815, lr_0 = 1.8138e-04
Loss = 2.6958e-04, PNorm = 111.9207, GNorm = 0.0598, lr_0 = 1.8131e-04
Loss = 2.9616e-04, PNorm = 111.9204, GNorm = 0.1244, lr_0 = 1.8124e-04
Loss = 2.4642e-04, PNorm = 111.9213, GNorm = 0.1106, lr_0 = 1.8117e-04
Loss = 2.9054e-04, PNorm = 111.9213, GNorm = 0.1063, lr_0 = 1.8110e-04
Loss = 3.1703e-04, PNorm = 111.9217, GNorm = 0.2601, lr_0 = 1.8103e-04
Loss = 3.4573e-04, PNorm = 111.9222, GNorm = 0.0610, lr_0 = 1.8096e-04
Loss = 2.8709e-04, PNorm = 111.9228, GNorm = 0.2217, lr_0 = 1.8089e-04
Loss = 3.2297e-04, PNorm = 111.9247, GNorm = 0.2308, lr_0 = 1.8082e-04
Loss = 3.0629e-04, PNorm = 111.9252, GNorm = 0.0629, lr_0 = 1.8075e-04
Loss = 2.7616e-04, PNorm = 111.9255, GNorm = 0.1291, lr_0 = 1.8068e-04
Loss = 2.6179e-04, PNorm = 111.9261, GNorm = 0.1072, lr_0 = 1.8061e-04
Loss = 2.8908e-04, PNorm = 111.9264, GNorm = 0.0333, lr_0 = 1.8055e-04
Loss = 2.6137e-04, PNorm = 111.9263, GNorm = 0.0425, lr_0 = 1.8048e-04
Loss = 2.8481e-04, PNorm = 111.9266, GNorm = 0.1181, lr_0 = 1.8041e-04
Loss = 2.7089e-04, PNorm = 111.9270, GNorm = 0.1367, lr_0 = 1.8034e-04
Loss = 3.5237e-04, PNorm = 111.9270, GNorm = 0.1904, lr_0 = 1.8027e-04
Loss = 3.1470e-04, PNorm = 111.9272, GNorm = 0.1074, lr_0 = 1.8020e-04
Loss = 3.2382e-04, PNorm = 111.9269, GNorm = 0.0968, lr_0 = 1.8013e-04
Loss = 2.9001e-04, PNorm = 111.9271, GNorm = 0.0960, lr_0 = 1.8006e-04
Loss = 3.4937e-04, PNorm = 111.9273, GNorm = 0.2467, lr_0 = 1.7999e-04
Loss = 3.5326e-04, PNorm = 111.9279, GNorm = 0.3532, lr_0 = 1.7992e-04
Loss = 6.0607e-04, PNorm = 111.9294, GNorm = 0.6605, lr_0 = 1.7985e-04
Loss = 3.9379e-04, PNorm = 111.9294, GNorm = 0.3727, lr_0 = 1.7978e-04
Loss = 3.7792e-04, PNorm = 111.9302, GNorm = 0.0621, lr_0 = 1.7972e-04
Loss = 3.7697e-04, PNorm = 111.9310, GNorm = 0.2633, lr_0 = 1.7965e-04
Loss = 3.5707e-04, PNorm = 111.9311, GNorm = 0.0957, lr_0 = 1.7958e-04
Loss = 3.7497e-04, PNorm = 111.9325, GNorm = 0.2792, lr_0 = 1.7951e-04
Loss = 3.5174e-04, PNorm = 111.9324, GNorm = 0.1461, lr_0 = 1.7944e-04
Loss = 3.3740e-04, PNorm = 111.9329, GNorm = 0.1641, lr_0 = 1.7937e-04
Loss = 3.1602e-04, PNorm = 111.9337, GNorm = 0.1408, lr_0 = 1.7930e-04
Loss = 3.3427e-04, PNorm = 111.9339, GNorm = 0.2268, lr_0 = 1.7923e-04
Loss = 3.0412e-04, PNorm = 111.9339, GNorm = 0.1111, lr_0 = 1.7916e-04
Loss = 4.2360e-04, PNorm = 111.9347, GNorm = 0.1572, lr_0 = 1.7910e-04
Loss = 4.1377e-04, PNorm = 111.9351, GNorm = 0.2451, lr_0 = 1.7903e-04
Loss = 3.6089e-04, PNorm = 111.9349, GNorm = 0.2618, lr_0 = 1.7896e-04
Loss = 3.3476e-04, PNorm = 111.9357, GNorm = 0.0999, lr_0 = 1.7889e-04
Loss = 3.5505e-04, PNorm = 111.9361, GNorm = 0.0926, lr_0 = 1.7882e-04
Loss = 4.1225e-04, PNorm = 111.9365, GNorm = 0.0714, lr_0 = 1.7875e-04
Loss = 3.2122e-04, PNorm = 111.9378, GNorm = 0.1415, lr_0 = 1.7868e-04
Loss = 3.6108e-04, PNorm = 111.9376, GNorm = 0.1831, lr_0 = 1.7861e-04
Loss = 2.8983e-04, PNorm = 111.9377, GNorm = 0.0709, lr_0 = 1.7855e-04
Loss = 3.0474e-04, PNorm = 111.9383, GNorm = 0.2017, lr_0 = 1.7848e-04
Loss = 3.3299e-04, PNorm = 111.9392, GNorm = 0.1010, lr_0 = 1.7841e-04
Loss = 3.2638e-04, PNorm = 111.9395, GNorm = 0.2341, lr_0 = 1.7834e-04
Loss = 3.5714e-04, PNorm = 111.9404, GNorm = 0.0789, lr_0 = 1.7827e-04
Loss = 3.0947e-04, PNorm = 111.9409, GNorm = 0.0854, lr_0 = 1.7820e-04
Loss = 2.9915e-04, PNorm = 111.9408, GNorm = 0.0979, lr_0 = 1.7814e-04
Loss = 2.9470e-04, PNorm = 111.9408, GNorm = 0.0859, lr_0 = 1.7807e-04
Loss = 3.1217e-04, PNorm = 111.9415, GNorm = 0.1500, lr_0 = 1.7800e-04
Loss = 3.6771e-04, PNorm = 111.9439, GNorm = 0.0611, lr_0 = 1.7793e-04
Loss = 3.4692e-04, PNorm = 111.9449, GNorm = 0.0575, lr_0 = 1.7786e-04
Loss = 2.9921e-04, PNorm = 111.9450, GNorm = 0.0419, lr_0 = 1.7779e-04
Loss = 3.1723e-04, PNorm = 111.9450, GNorm = 0.0649, lr_0 = 1.7773e-04
Loss = 2.8638e-04, PNorm = 111.9459, GNorm = 0.2589, lr_0 = 1.7766e-04
Loss = 2.7961e-04, PNorm = 111.9467, GNorm = 0.0610, lr_0 = 1.7759e-04
Loss = 2.8512e-04, PNorm = 111.9469, GNorm = 0.1490, lr_0 = 1.7752e-04
Loss = 3.0177e-04, PNorm = 111.9466, GNorm = 0.0945, lr_0 = 1.7745e-04
Loss = 2.7744e-04, PNorm = 111.9466, GNorm = 0.1463, lr_0 = 1.7738e-04
Loss = 2.9955e-04, PNorm = 111.9484, GNorm = 0.2903, lr_0 = 1.7732e-04
Loss = 2.7092e-04, PNorm = 111.9495, GNorm = 0.0605, lr_0 = 1.7725e-04
Loss = 3.1989e-04, PNorm = 111.9496, GNorm = 0.1814, lr_0 = 1.7718e-04
Loss = 3.2260e-04, PNorm = 111.9502, GNorm = 0.0460, lr_0 = 1.7711e-04
Loss = 2.8614e-04, PNorm = 111.9517, GNorm = 0.1697, lr_0 = 1.7704e-04
Loss = 2.7184e-04, PNorm = 111.9512, GNorm = 0.1816, lr_0 = 1.7698e-04
Loss = 2.9455e-04, PNorm = 111.9511, GNorm = 0.1683, lr_0 = 1.7691e-04
Loss = 3.2987e-04, PNorm = 111.9511, GNorm = 0.1521, lr_0 = 1.7684e-04
Loss = 2.8952e-04, PNorm = 111.9515, GNorm = 0.1057, lr_0 = 1.7677e-04
Loss = 2.6966e-04, PNorm = 111.9515, GNorm = 0.1504, lr_0 = 1.7671e-04
Loss = 2.9847e-04, PNorm = 111.9518, GNorm = 0.0801, lr_0 = 1.7664e-04
Loss = 2.8245e-04, PNorm = 111.9526, GNorm = 0.1319, lr_0 = 1.7657e-04
Loss = 2.5458e-04, PNorm = 111.9530, GNorm = 0.0963, lr_0 = 1.7650e-04
Loss = 2.7162e-04, PNorm = 111.9535, GNorm = 0.0672, lr_0 = 1.7643e-04
Loss = 2.5922e-04, PNorm = 111.9539, GNorm = 0.1232, lr_0 = 1.7637e-04
Loss = 2.6590e-04, PNorm = 111.9541, GNorm = 0.0490, lr_0 = 1.7630e-04
Loss = 2.7090e-04, PNorm = 111.9535, GNorm = 0.0938, lr_0 = 1.7623e-04
Loss = 2.6764e-04, PNorm = 111.9536, GNorm = 0.1156, lr_0 = 1.7616e-04
Loss = 2.7860e-04, PNorm = 111.9529, GNorm = 0.0639, lr_0 = 1.7610e-04
Loss = 2.4555e-04, PNorm = 111.9531, GNorm = 0.0392, lr_0 = 1.7603e-04
Loss = 2.4953e-04, PNorm = 111.9541, GNorm = 0.0884, lr_0 = 1.7596e-04
Loss = 2.5245e-04, PNorm = 111.9551, GNorm = 0.1110, lr_0 = 1.7589e-04
Loss = 2.6482e-04, PNorm = 111.9549, GNorm = 0.0907, lr_0 = 1.7583e-04
Loss = 3.0453e-04, PNorm = 111.9552, GNorm = 0.1585, lr_0 = 1.7576e-04
Loss = 2.6991e-04, PNorm = 111.9560, GNorm = 0.0732, lr_0 = 1.7569e-04
Loss = 2.5560e-04, PNorm = 111.9561, GNorm = 0.0606, lr_0 = 1.7562e-04
Loss = 2.5208e-04, PNorm = 111.9564, GNorm = 0.1972, lr_0 = 1.7556e-04
Loss = 2.8618e-04, PNorm = 111.9568, GNorm = 0.0695, lr_0 = 1.7549e-04
Loss = 2.9533e-04, PNorm = 111.9582, GNorm = 0.3143, lr_0 = 1.7542e-04
Loss = 3.3358e-04, PNorm = 111.9593, GNorm = 0.2756, lr_0 = 1.7535e-04
Loss = 4.2359e-04, PNorm = 111.9584, GNorm = 0.4474, lr_0 = 1.7529e-04
Loss = 3.6941e-04, PNorm = 111.9589, GNorm = 0.3031, lr_0 = 1.7522e-04
Loss = 4.7973e-04, PNorm = 111.9594, GNorm = 0.2017, lr_0 = 1.7515e-04
Loss = 4.0875e-04, PNorm = 111.9606, GNorm = 0.3801, lr_0 = 1.7508e-04
Loss = 4.2347e-04, PNorm = 111.9609, GNorm = 0.4390, lr_0 = 1.7502e-04
Loss = 3.6790e-04, PNorm = 111.9610, GNorm = 0.2413, lr_0 = 1.7495e-04
Loss = 3.2629e-04, PNorm = 111.9613, GNorm = 0.2411, lr_0 = 1.7488e-04
Loss = 3.9529e-04, PNorm = 111.9623, GNorm = 0.2795, lr_0 = 1.7482e-04
Loss = 3.6968e-04, PNorm = 111.9638, GNorm = 0.2762, lr_0 = 1.7475e-04
Loss = 3.7836e-04, PNorm = 111.9642, GNorm = 0.1788, lr_0 = 1.7468e-04
Loss = 3.5359e-04, PNorm = 111.9648, GNorm = 0.0482, lr_0 = 1.7461e-04
Loss = 3.7499e-04, PNorm = 111.9656, GNorm = 0.2865, lr_0 = 1.7455e-04
Loss = 3.8586e-04, PNorm = 111.9658, GNorm = 0.2879, lr_0 = 1.7448e-04
Loss = 3.2588e-04, PNorm = 111.9665, GNorm = 0.0921, lr_0 = 1.7441e-04
Loss = 3.5013e-04, PNorm = 111.9671, GNorm = 0.0815, lr_0 = 1.7435e-04
Loss = 3.5247e-04, PNorm = 111.9676, GNorm = 0.1788, lr_0 = 1.7428e-04
Loss = 3.5889e-04, PNorm = 111.9662, GNorm = 0.1350, lr_0 = 1.7421e-04
Loss = 3.7016e-04, PNorm = 111.9665, GNorm = 0.1159, lr_0 = 1.7415e-04
Loss = 3.2878e-04, PNorm = 111.9681, GNorm = 0.1030, lr_0 = 1.7408e-04
Loss = 3.3135e-04, PNorm = 111.9692, GNorm = 0.1593, lr_0 = 1.7401e-04
Loss = 3.3694e-04, PNorm = 111.9702, GNorm = 0.0629, lr_0 = 1.7395e-04
Loss = 3.1803e-04, PNorm = 111.9711, GNorm = 0.4275, lr_0 = 1.7388e-04
Loss = 4.0862e-04, PNorm = 111.9724, GNorm = 0.3025, lr_0 = 1.7381e-04
Loss = 3.9503e-04, PNorm = 111.9732, GNorm = 0.3220, lr_0 = 1.7375e-04
Loss = 3.8284e-04, PNorm = 111.9726, GNorm = 0.2189, lr_0 = 1.7368e-04
Loss = 3.4888e-04, PNorm = 111.9732, GNorm = 0.1039, lr_0 = 1.7361e-04
Loss = 3.2819e-04, PNorm = 111.9743, GNorm = 0.0648, lr_0 = 1.7355e-04
Loss = 3.3201e-04, PNorm = 111.9754, GNorm = 0.0386, lr_0 = 1.7348e-04
Loss = 3.8046e-04, PNorm = 111.9769, GNorm = 0.0544, lr_0 = 1.7341e-04
Loss = 2.9142e-04, PNorm = 111.9775, GNorm = 0.1857, lr_0 = 1.7335e-04
Loss = 3.5469e-04, PNorm = 111.9776, GNorm = 0.2107, lr_0 = 1.7328e-04
Loss = 4.0500e-04, PNorm = 111.9792, GNorm = 0.1951, lr_0 = 1.7321e-04
Loss = 3.0437e-04, PNorm = 111.9811, GNorm = 0.2002, lr_0 = 1.7315e-04
Loss = 3.1070e-04, PNorm = 111.9811, GNorm = 0.1044, lr_0 = 1.7308e-04
Loss = 2.9283e-04, PNorm = 111.9807, GNorm = 0.1039, lr_0 = 1.7301e-04
Loss = 2.9423e-04, PNorm = 111.9805, GNorm = 0.0312, lr_0 = 1.7295e-04
Loss = 2.6134e-04, PNorm = 111.9808, GNorm = 0.0421, lr_0 = 1.7288e-04
Loss = 2.6106e-04, PNorm = 111.9812, GNorm = 0.1411, lr_0 = 1.7281e-04
Loss = 2.7698e-04, PNorm = 111.9808, GNorm = 0.1070, lr_0 = 1.7275e-04
Loss = 3.5827e-04, PNorm = 111.9800, GNorm = 0.0897, lr_0 = 1.7268e-04
Loss = 2.9983e-04, PNorm = 111.9795, GNorm = 0.1524, lr_0 = 1.7261e-04
Loss = 3.0532e-04, PNorm = 111.9807, GNorm = 0.1731, lr_0 = 1.7255e-04
Loss = 2.6969e-04, PNorm = 111.9810, GNorm = 0.1165, lr_0 = 1.7248e-04
Loss = 3.7166e-04, PNorm = 111.9820, GNorm = 0.1802, lr_0 = 1.7242e-04
Loss = 4.0525e-04, PNorm = 111.9842, GNorm = 0.1372, lr_0 = 1.7235e-04
Loss = 3.5630e-04, PNorm = 111.9856, GNorm = 0.2909, lr_0 = 1.7228e-04
Loss = 3.2309e-04, PNorm = 111.9866, GNorm = 0.1272, lr_0 = 1.7222e-04
Loss = 3.8102e-04, PNorm = 111.9872, GNorm = 0.2968, lr_0 = 1.7215e-04
Loss = 3.1623e-04, PNorm = 111.9884, GNorm = 0.2070, lr_0 = 1.7209e-04
Loss = 3.4738e-04, PNorm = 111.9902, GNorm = 0.1473, lr_0 = 1.7202e-04
Loss = 3.1939e-04, PNorm = 111.9917, GNorm = 0.1640, lr_0 = 1.7195e-04
Loss = 3.3926e-04, PNorm = 111.9919, GNorm = 0.2057, lr_0 = 1.7189e-04
Loss = 3.3305e-04, PNorm = 111.9925, GNorm = 0.1374, lr_0 = 1.7182e-04
Loss = 3.3398e-04, PNorm = 111.9924, GNorm = 0.1608, lr_0 = 1.7176e-04
Loss = 2.8130e-04, PNorm = 111.9925, GNorm = 0.0637, lr_0 = 1.7169e-04
Loss = 2.7925e-04, PNorm = 111.9932, GNorm = 0.2772, lr_0 = 1.7162e-04
Loss = 2.9637e-04, PNorm = 111.9944, GNorm = 0.1916, lr_0 = 1.7156e-04
Loss = 2.7872e-04, PNorm = 111.9937, GNorm = 0.1173, lr_0 = 1.7149e-04
Loss = 2.8482e-04, PNorm = 111.9934, GNorm = 0.0670, lr_0 = 1.7143e-04
Loss = 2.6930e-04, PNorm = 111.9937, GNorm = 0.1826, lr_0 = 1.7136e-04
Loss = 2.6947e-04, PNorm = 111.9934, GNorm = 0.0362, lr_0 = 1.7129e-04
Loss = 2.8291e-04, PNorm = 111.9936, GNorm = 0.0603, lr_0 = 1.7123e-04
Loss = 3.0135e-04, PNorm = 111.9936, GNorm = 0.1919, lr_0 = 1.7116e-04
Loss = 2.4221e-04, PNorm = 111.9944, GNorm = 0.1088, lr_0 = 1.7110e-04
Loss = 2.8914e-04, PNorm = 111.9946, GNorm = 0.2864, lr_0 = 1.7103e-04
Loss = 2.2614e-04, PNorm = 111.9946, GNorm = 0.1497, lr_0 = 1.7097e-04
Loss = 2.6392e-04, PNorm = 111.9946, GNorm = 0.0679, lr_0 = 1.7090e-04
Loss = 2.4938e-04, PNorm = 111.9953, GNorm = 0.0927, lr_0 = 1.7083e-04
Loss = 2.8989e-04, PNorm = 111.9960, GNorm = 0.2508, lr_0 = 1.7077e-04
Loss = 2.7789e-04, PNorm = 111.9962, GNorm = 0.1765, lr_0 = 1.7070e-04
Loss = 2.5180e-04, PNorm = 111.9968, GNorm = 0.0539, lr_0 = 1.7064e-04
Loss = 2.3567e-04, PNorm = 111.9967, GNorm = 0.0939, lr_0 = 1.7057e-04
Loss = 2.7597e-04, PNorm = 111.9971, GNorm = 0.1894, lr_0 = 1.7051e-04
Loss = 2.7170e-04, PNorm = 111.9972, GNorm = 0.0668, lr_0 = 1.7044e-04
Loss = 2.2858e-04, PNorm = 111.9978, GNorm = 0.0687, lr_0 = 1.7038e-04
Loss = 2.7458e-04, PNorm = 111.9983, GNorm = 0.1503, lr_0 = 1.7031e-04
Loss = 3.4021e-04, PNorm = 111.9987, GNorm = 0.0854, lr_0 = 1.7025e-04
Loss = 3.4298e-04, PNorm = 111.9992, GNorm = 0.2575, lr_0 = 1.7018e-04
Loss = 2.9372e-04, PNorm = 111.9997, GNorm = 0.1979, lr_0 = 1.7011e-04
Loss = 2.8609e-04, PNorm = 111.9999, GNorm = 0.1326, lr_0 = 1.7005e-04
Loss = 3.2031e-04, PNorm = 112.0004, GNorm = 0.0729, lr_0 = 1.6998e-04
Loss = 2.9958e-04, PNorm = 112.0012, GNorm = 0.0862, lr_0 = 1.6992e-04
Loss = 2.7554e-04, PNorm = 112.0016, GNorm = 0.2916, lr_0 = 1.6985e-04
Loss = 2.2789e-04, PNorm = 112.0012, GNorm = 0.0408, lr_0 = 1.6979e-04
Loss = 2.7263e-04, PNorm = 112.0011, GNorm = 0.0590, lr_0 = 1.6972e-04
Loss = 2.3056e-04, PNorm = 112.0009, GNorm = 0.0605, lr_0 = 1.6966e-04
Loss = 2.7893e-04, PNorm = 112.0014, GNorm = 0.1664, lr_0 = 1.6959e-04
Loss = 2.5225e-04, PNorm = 112.0025, GNorm = 0.2521, lr_0 = 1.6953e-04
Loss = 3.5720e-04, PNorm = 112.0042, GNorm = 0.2235, lr_0 = 1.6946e-04
Loss = 2.8839e-04, PNorm = 112.0040, GNorm = 0.1872, lr_0 = 1.6940e-04
Loss = 3.1977e-04, PNorm = 112.0043, GNorm = 0.1436, lr_0 = 1.6933e-04
Loss = 2.9218e-04, PNorm = 112.0044, GNorm = 0.1419, lr_0 = 1.6927e-04
Loss = 4.0057e-04, PNorm = 112.0044, GNorm = 0.1150, lr_0 = 1.6920e-04
Loss = 3.9746e-04, PNorm = 112.0046, GNorm = 0.0960, lr_0 = 1.6914e-04
Loss = 3.3780e-04, PNorm = 112.0046, GNorm = 0.0555, lr_0 = 1.6907e-04
Loss = 3.2163e-04, PNorm = 112.0051, GNorm = 0.0966, lr_0 = 1.6901e-04
Loss = 2.6358e-04, PNorm = 112.0051, GNorm = 0.1052, lr_0 = 1.6894e-04
Loss = 2.7482e-04, PNorm = 112.0057, GNorm = 0.4422, lr_0 = 1.6888e-04
Loss = 3.8282e-04, PNorm = 112.0059, GNorm = 0.2449, lr_0 = 1.6881e-04
Loss = 3.5420e-04, PNorm = 112.0067, GNorm = 0.1102, lr_0 = 1.6875e-04
Loss = 3.6909e-04, PNorm = 112.0079, GNorm = 0.1406, lr_0 = 1.6868e-04
Loss = 3.1621e-04, PNorm = 112.0084, GNorm = 0.2007, lr_0 = 1.6862e-04
Loss = 3.1435e-04, PNorm = 112.0099, GNorm = 0.1291, lr_0 = 1.6855e-04
Loss = 2.4347e-04, PNorm = 112.0105, GNorm = 0.0744, lr_0 = 1.6849e-04
Loss = 2.9621e-04, PNorm = 112.0110, GNorm = 0.0771, lr_0 = 1.6843e-04
Loss = 2.9221e-04, PNorm = 112.0117, GNorm = 0.1502, lr_0 = 1.6836e-04
Loss = 3.2360e-04, PNorm = 112.0115, GNorm = 0.0702, lr_0 = 1.6830e-04
Loss = 2.7406e-04, PNorm = 112.0116, GNorm = 0.1214, lr_0 = 1.6823e-04
Loss = 2.4763e-04, PNorm = 112.0117, GNorm = 0.0560, lr_0 = 1.6817e-04
Loss = 2.7799e-04, PNorm = 112.0119, GNorm = 0.0499, lr_0 = 1.6810e-04
Loss = 3.2754e-04, PNorm = 112.0132, GNorm = 0.2897, lr_0 = 1.6804e-04
Loss = 3.1805e-04, PNorm = 112.0148, GNorm = 0.3207, lr_0 = 1.6797e-04
Loss = 3.1822e-04, PNorm = 112.0156, GNorm = 0.2424, lr_0 = 1.6791e-04
Loss = 2.9880e-04, PNorm = 112.0166, GNorm = 0.0796, lr_0 = 1.6784e-04
Loss = 2.5911e-04, PNorm = 112.0180, GNorm = 0.0888, lr_0 = 1.6778e-04
Loss = 3.0206e-04, PNorm = 112.0186, GNorm = 0.1072, lr_0 = 1.6772e-04
Loss = 2.4250e-04, PNorm = 112.0185, GNorm = 0.2164, lr_0 = 1.6765e-04
Loss = 3.0217e-04, PNorm = 112.0179, GNorm = 0.0664, lr_0 = 1.6759e-04
Loss = 2.9443e-04, PNorm = 112.0183, GNorm = 0.2890, lr_0 = 1.6752e-04
Loss = 3.4341e-04, PNorm = 112.0193, GNorm = 0.2271, lr_0 = 1.6746e-04
Loss = 3.7778e-04, PNorm = 112.0204, GNorm = 0.2398, lr_0 = 1.6739e-04
Loss = 3.4426e-04, PNorm = 112.0214, GNorm = 0.1009, lr_0 = 1.6733e-04
Loss = 3.3372e-04, PNorm = 112.0208, GNorm = 0.2378, lr_0 = 1.6727e-04
Loss = 2.7987e-04, PNorm = 112.0207, GNorm = 0.0671, lr_0 = 1.6720e-04
Loss = 3.3901e-04, PNorm = 112.0213, GNorm = 0.1102, lr_0 = 1.6714e-04
Loss = 2.8748e-04, PNorm = 112.0218, GNorm = 0.1686, lr_0 = 1.6707e-04
Loss = 3.0265e-04, PNorm = 112.0218, GNorm = 0.2256, lr_0 = 1.6701e-04
Loss = 2.6701e-04, PNorm = 112.0225, GNorm = 0.0676, lr_0 = 1.6694e-04
Loss = 2.5793e-04, PNorm = 112.0225, GNorm = 0.2029, lr_0 = 1.6688e-04
Loss = 2.8353e-04, PNorm = 112.0225, GNorm = 0.0353, lr_0 = 1.6682e-04
Loss = 2.7549e-04, PNorm = 112.0230, GNorm = 0.0498, lr_0 = 1.6675e-04
Loss = 2.2449e-04, PNorm = 112.0234, GNorm = 0.0853, lr_0 = 1.6669e-04
Loss = 2.6064e-04, PNorm = 112.0228, GNorm = 0.1073, lr_0 = 1.6662e-04
Loss = 2.7815e-04, PNorm = 112.0227, GNorm = 0.2386, lr_0 = 1.6656e-04
Loss = 2.5759e-04, PNorm = 112.0230, GNorm = 0.0994, lr_0 = 1.6650e-04
Loss = 2.4779e-04, PNorm = 112.0238, GNorm = 0.1042, lr_0 = 1.6643e-04
Loss = 2.3260e-04, PNorm = 112.0247, GNorm = 0.1159, lr_0 = 1.6637e-04
Loss = 2.1895e-04, PNorm = 112.0253, GNorm = 0.1172, lr_0 = 1.6630e-04
Loss = 2.2134e-04, PNorm = 112.0259, GNorm = 0.0915, lr_0 = 1.6624e-04
Loss = 2.0558e-04, PNorm = 112.0265, GNorm = 0.0967, lr_0 = 1.6618e-04
Loss = 2.4174e-04, PNorm = 112.0275, GNorm = 0.0384, lr_0 = 1.6611e-04
Loss = 2.1427e-04, PNorm = 112.0284, GNorm = 0.1283, lr_0 = 1.6605e-04
Loss = 2.2764e-04, PNorm = 112.0288, GNorm = 0.0791, lr_0 = 1.6599e-04
Loss = 2.4323e-04, PNorm = 112.0287, GNorm = 0.1649, lr_0 = 1.6592e-04
Loss = 2.4088e-04, PNorm = 112.0293, GNorm = 0.0835, lr_0 = 1.6586e-04
Loss = 2.3321e-04, PNorm = 112.0297, GNorm = 0.1732, lr_0 = 1.6579e-04
Loss = 2.7054e-04, PNorm = 112.0303, GNorm = 0.2296, lr_0 = 1.6573e-04
Loss = 2.8602e-04, PNorm = 112.0305, GNorm = 0.0570, lr_0 = 1.6567e-04
Loss = 2.5591e-04, PNorm = 112.0306, GNorm = 0.3135, lr_0 = 1.6560e-04
Loss = 2.9267e-04, PNorm = 112.0306, GNorm = 0.2668, lr_0 = 1.6554e-04
Loss = 2.4394e-04, PNorm = 112.0306, GNorm = 0.0998, lr_0 = 1.6548e-04
Loss = 2.6299e-04, PNorm = 112.0302, GNorm = 0.2228, lr_0 = 1.6541e-04
Loss = 2.6518e-04, PNorm = 112.0310, GNorm = 0.1447, lr_0 = 1.6535e-04
Loss = 2.6907e-04, PNorm = 112.0318, GNorm = 0.1298, lr_0 = 1.6529e-04
Loss = 2.5891e-04, PNorm = 112.0321, GNorm = 0.0817, lr_0 = 1.6522e-04
Loss = 2.6752e-04, PNorm = 112.0316, GNorm = 0.0904, lr_0 = 1.6516e-04
Loss = 2.9516e-04, PNorm = 112.0322, GNorm = 0.1925, lr_0 = 1.6510e-04
Loss = 2.2120e-04, PNorm = 112.0332, GNorm = 0.0892, lr_0 = 1.6503e-04
Loss = 2.3417e-04, PNorm = 112.0340, GNorm = 0.1346, lr_0 = 1.6497e-04
Loss = 2.6267e-04, PNorm = 112.0343, GNorm = 0.1004, lr_0 = 1.6491e-04
Loss = 2.6226e-04, PNorm = 112.0344, GNorm = 0.1890, lr_0 = 1.6484e-04
Loss = 2.5612e-04, PNorm = 112.0349, GNorm = 0.1021, lr_0 = 1.6478e-04
Loss = 2.6785e-04, PNorm = 112.0357, GNorm = 0.0520, lr_0 = 1.6472e-04
Loss = 2.4713e-04, PNorm = 112.0362, GNorm = 0.0500, lr_0 = 1.6465e-04
Loss = 2.5904e-04, PNorm = 112.0374, GNorm = 0.0474, lr_0 = 1.6459e-04
Loss = 2.3005e-04, PNorm = 112.0378, GNorm = 0.0635, lr_0 = 1.6453e-04
Loss = 2.9898e-04, PNorm = 112.0379, GNorm = 0.1537, lr_0 = 1.6446e-04
Loss = 4.0334e-04, PNorm = 112.0387, GNorm = 0.3059, lr_0 = 1.6440e-04
Loss = 3.8449e-04, PNorm = 112.0394, GNorm = 0.1165, lr_0 = 1.6434e-04
Loss = 3.5311e-04, PNorm = 112.0403, GNorm = 0.1592, lr_0 = 1.6427e-04
Loss = 3.1833e-04, PNorm = 112.0404, GNorm = 0.2229, lr_0 = 1.6421e-04
Loss = 2.7337e-04, PNorm = 112.0410, GNorm = 0.1226, lr_0 = 1.6415e-04
Loss = 2.9241e-04, PNorm = 112.0420, GNorm = 0.1040, lr_0 = 1.6409e-04
Loss = 3.3557e-04, PNorm = 112.0418, GNorm = 0.0531, lr_0 = 1.6402e-04
Loss = 3.3370e-04, PNorm = 112.0423, GNorm = 0.2120, lr_0 = 1.6396e-04
Loss = 3.7789e-04, PNorm = 112.0426, GNorm = 0.3091, lr_0 = 1.6390e-04
Loss = 3.6344e-04, PNorm = 112.0423, GNorm = 0.1698, lr_0 = 1.6383e-04
Loss = 3.4582e-04, PNorm = 112.0431, GNorm = 0.0356, lr_0 = 1.6377e-04
Loss = 3.1230e-04, PNorm = 112.0433, GNorm = 0.1584, lr_0 = 1.6371e-04
Loss = 3.1980e-04, PNorm = 112.0437, GNorm = 0.1319, lr_0 = 1.6364e-04
Loss = 2.9807e-04, PNorm = 112.0442, GNorm = 0.0976, lr_0 = 1.6358e-04
Loss = 2.7342e-04, PNorm = 112.0457, GNorm = 0.0327, lr_0 = 1.6352e-04
Loss = 2.6987e-04, PNorm = 112.0464, GNorm = 0.0372, lr_0 = 1.6346e-04
Loss = 3.5149e-04, PNorm = 112.0474, GNorm = 0.1571, lr_0 = 1.6339e-04
Loss = 3.5005e-04, PNorm = 112.0488, GNorm = 0.1908, lr_0 = 1.6333e-04
Loss = 2.7112e-04, PNorm = 112.0489, GNorm = 0.2063, lr_0 = 1.6327e-04
Loss = 2.8976e-04, PNorm = 112.0490, GNorm = 0.1045, lr_0 = 1.6321e-04
Loss = 2.4794e-04, PNorm = 112.0487, GNorm = 0.0632, lr_0 = 1.6314e-04
Loss = 2.5482e-04, PNorm = 112.0487, GNorm = 0.1447, lr_0 = 1.6308e-04
Loss = 2.3972e-04, PNorm = 112.0497, GNorm = 0.0488, lr_0 = 1.6302e-04
Loss = 2.2664e-04, PNorm = 112.0500, GNorm = 0.1103, lr_0 = 1.6296e-04
Loss = 2.2555e-04, PNorm = 112.0504, GNorm = 0.1000, lr_0 = 1.6289e-04
Loss = 2.5325e-04, PNorm = 112.0510, GNorm = 0.1752, lr_0 = 1.6283e-04
Loss = 2.6460e-04, PNorm = 112.0509, GNorm = 0.1683, lr_0 = 1.6277e-04
Loss = 2.5243e-04, PNorm = 112.0519, GNorm = 0.0868, lr_0 = 1.6271e-04
Loss = 2.6922e-04, PNorm = 112.0528, GNorm = 0.0812, lr_0 = 1.6264e-04
Loss = 2.2901e-04, PNorm = 112.0539, GNorm = 0.1076, lr_0 = 1.6258e-04
Loss = 2.9102e-04, PNorm = 112.0542, GNorm = 0.0874, lr_0 = 1.6252e-04
Loss = 2.4927e-04, PNorm = 112.0541, GNorm = 0.1265, lr_0 = 1.6246e-04
Loss = 2.2827e-04, PNorm = 112.0547, GNorm = 0.0621, lr_0 = 1.6239e-04
Loss = 2.4474e-04, PNorm = 112.0551, GNorm = 0.1066, lr_0 = 1.6233e-04
Loss = 2.0006e-04, PNorm = 112.0552, GNorm = 0.1004, lr_0 = 1.6227e-04
Loss = 2.4092e-04, PNorm = 112.0553, GNorm = 0.1950, lr_0 = 1.6221e-04
Loss = 2.9836e-04, PNorm = 112.0555, GNorm = 0.0962, lr_0 = 1.6214e-04
Loss = 2.3369e-04, PNorm = 112.0558, GNorm = 0.1484, lr_0 = 1.6208e-04
Loss = 2.6033e-04, PNorm = 112.0566, GNorm = 0.0589, lr_0 = 1.6202e-04
Loss = 2.7309e-04, PNorm = 112.0572, GNorm = 0.0493, lr_0 = 1.6196e-04
Loss = 2.5587e-04, PNorm = 112.0569, GNorm = 0.1737, lr_0 = 1.6190e-04
Loss = 2.9853e-04, PNorm = 112.0573, GNorm = 0.1563, lr_0 = 1.6183e-04
Loss = 2.1931e-04, PNorm = 112.0579, GNorm = 0.0327, lr_0 = 1.6177e-04
Loss = 2.6478e-04, PNorm = 112.0583, GNorm = 0.1598, lr_0 = 1.6171e-04
Loss = 2.5692e-04, PNorm = 112.0594, GNorm = 0.0556, lr_0 = 1.6165e-04
Loss = 2.3516e-04, PNorm = 112.0599, GNorm = 0.1152, lr_0 = 1.6158e-04
Loss = 2.4481e-04, PNorm = 112.0605, GNorm = 0.1991, lr_0 = 1.6152e-04
Loss = 2.0697e-04, PNorm = 112.0610, GNorm = 0.0741, lr_0 = 1.6146e-04
Loss = 2.3674e-04, PNorm = 112.0610, GNorm = 0.0505, lr_0 = 1.6140e-04
Loss = 2.1546e-04, PNorm = 112.0611, GNorm = 0.1242, lr_0 = 1.6134e-04
Loss = 2.7770e-04, PNorm = 112.0617, GNorm = 0.2413, lr_0 = 1.6127e-04
Loss = 2.6990e-04, PNorm = 112.0619, GNorm = 0.2868, lr_0 = 1.6121e-04
Loss = 2.7571e-04, PNorm = 112.0620, GNorm = 0.1676, lr_0 = 1.6115e-04
Loss = 3.1228e-04, PNorm = 112.0625, GNorm = 0.2974, lr_0 = 1.6109e-04
Loss = 3.0608e-04, PNorm = 112.0634, GNorm = 0.0678, lr_0 = 1.6103e-04
Loss = 2.8449e-04, PNorm = 112.0638, GNorm = 0.1452, lr_0 = 1.6097e-04
Loss = 2.7920e-04, PNorm = 112.0637, GNorm = 0.1069, lr_0 = 1.6090e-04
Loss = 2.2680e-04, PNorm = 112.0635, GNorm = 0.1386, lr_0 = 1.6084e-04
Loss = 2.3321e-04, PNorm = 112.0644, GNorm = 0.1033, lr_0 = 1.6078e-04
Loss = 2.1641e-04, PNorm = 112.0648, GNorm = 0.1244, lr_0 = 1.6072e-04
Loss = 2.4478e-04, PNorm = 112.0645, GNorm = 0.0892, lr_0 = 1.6066e-04
Loss = 2.2628e-04, PNorm = 112.0643, GNorm = 0.0299, lr_0 = 1.6060e-04
Loss = 2.0671e-04, PNorm = 112.0644, GNorm = 0.1022, lr_0 = 1.6053e-04
Loss = 2.7018e-04, PNorm = 112.0650, GNorm = 0.0699, lr_0 = 1.6047e-04
Loss = 2.5449e-04, PNorm = 112.0651, GNorm = 0.0364, lr_0 = 1.6041e-04
Loss = 2.2174e-04, PNorm = 112.0648, GNorm = 0.2135, lr_0 = 1.6035e-04
Loss = 2.2522e-04, PNorm = 112.0648, GNorm = 0.1199, lr_0 = 1.6029e-04
Loss = 2.2423e-04, PNorm = 112.0653, GNorm = 0.0420, lr_0 = 1.6023e-04
Loss = 2.4468e-04, PNorm = 112.0666, GNorm = 0.0659, lr_0 = 1.6016e-04
Loss = 2.8298e-04, PNorm = 112.0669, GNorm = 0.1497, lr_0 = 1.6010e-04
Loss = 2.5952e-04, PNorm = 112.0677, GNorm = 0.2683, lr_0 = 1.6004e-04
Loss = 2.6986e-04, PNorm = 112.0676, GNorm = 0.2377, lr_0 = 1.5998e-04
Loss = 2.6714e-04, PNorm = 112.0677, GNorm = 0.1754, lr_0 = 1.5992e-04
Loss = 2.2693e-04, PNorm = 112.0680, GNorm = 0.0568, lr_0 = 1.5986e-04
Loss = 2.5860e-04, PNorm = 112.0685, GNorm = 0.1114, lr_0 = 1.5980e-04
Loss = 2.1079e-04, PNorm = 112.0689, GNorm = 0.0411, lr_0 = 1.5973e-04
Loss = 2.5034e-04, PNorm = 112.0698, GNorm = 0.0396, lr_0 = 1.5967e-04
Loss = 2.4108e-04, PNorm = 112.0704, GNorm = 0.0632, lr_0 = 1.5961e-04
Loss = 2.2941e-04, PNorm = 112.0711, GNorm = 0.1020, lr_0 = 1.5955e-04
Loss = 2.2829e-04, PNorm = 112.0716, GNorm = 0.1429, lr_0 = 1.5949e-04
Loss = 2.6922e-04, PNorm = 112.0710, GNorm = 0.1422, lr_0 = 1.5943e-04
Loss = 2.7983e-04, PNorm = 112.0701, GNorm = 0.1295, lr_0 = 1.5937e-04
Loss = 2.3061e-04, PNorm = 112.0707, GNorm = 0.0565, lr_0 = 1.5931e-04
Loss = 2.4953e-04, PNorm = 112.0716, GNorm = 0.1974, lr_0 = 1.5924e-04
Loss = 2.6222e-04, PNorm = 112.0716, GNorm = 0.3199, lr_0 = 1.5918e-04
Loss = 2.5307e-04, PNorm = 112.0718, GNorm = 0.0306, lr_0 = 1.5912e-04
Loss = 2.5675e-04, PNorm = 112.0718, GNorm = 0.0640, lr_0 = 1.5906e-04
Loss = 2.6892e-04, PNorm = 112.0722, GNorm = 0.1773, lr_0 = 1.5900e-04
Loss = 2.4627e-04, PNorm = 112.0721, GNorm = 0.0906, lr_0 = 1.5894e-04
Loss = 2.5626e-04, PNorm = 112.0723, GNorm = 0.2208, lr_0 = 1.5888e-04
Loss = 2.5867e-04, PNorm = 112.0722, GNorm = 0.1139, lr_0 = 1.5882e-04
Loss = 2.9737e-04, PNorm = 112.0730, GNorm = 0.0347, lr_0 = 1.5876e-04
Loss = 2.7567e-04, PNorm = 112.0739, GNorm = 0.1399, lr_0 = 1.5870e-04
Loss = 3.0229e-04, PNorm = 112.0740, GNorm = 0.3609, lr_0 = 1.5863e-04
Loss = 3.6426e-04, PNorm = 112.0742, GNorm = 0.3049, lr_0 = 1.5857e-04
Loss = 3.0868e-04, PNorm = 112.0742, GNorm = 0.1335, lr_0 = 1.5851e-04
Loss = 2.9115e-04, PNorm = 112.0750, GNorm = 0.1458, lr_0 = 1.5845e-04
Loss = 2.8160e-04, PNorm = 112.0760, GNorm = 0.0985, lr_0 = 1.5839e-04
Loss = 2.7051e-04, PNorm = 112.0772, GNorm = 0.1790, lr_0 = 1.5833e-04
Loss = 2.4129e-04, PNorm = 112.0770, GNorm = 0.0676, lr_0 = 1.5827e-04
Loss = 3.1103e-04, PNorm = 112.0773, GNorm = 0.2809, lr_0 = 1.5821e-04
Loss = 2.8628e-04, PNorm = 112.0773, GNorm = 0.0862, lr_0 = 1.5815e-04
Loss = 3.2471e-04, PNorm = 112.0781, GNorm = 0.1346, lr_0 = 1.5809e-04
Loss = 2.9635e-04, PNorm = 112.0782, GNorm = 0.0928, lr_0 = 1.5803e-04
Loss = 2.9569e-04, PNorm = 112.0794, GNorm = 0.1533, lr_0 = 1.5797e-04
Loss = 2.8257e-04, PNorm = 112.0807, GNorm = 0.2309, lr_0 = 1.5791e-04
Loss = 2.4482e-04, PNorm = 112.0815, GNorm = 0.0991, lr_0 = 1.5784e-04
Loss = 2.4036e-04, PNorm = 112.0815, GNorm = 0.1758, lr_0 = 1.5778e-04
Loss = 2.6753e-04, PNorm = 112.0814, GNorm = 0.2005, lr_0 = 1.5772e-04
Loss = 2.4272e-04, PNorm = 112.0813, GNorm = 0.1739, lr_0 = 1.5766e-04
Loss = 2.2497e-04, PNorm = 112.0814, GNorm = 0.0647, lr_0 = 1.5760e-04
Loss = 2.5659e-04, PNorm = 112.0812, GNorm = 0.3375, lr_0 = 1.5754e-04
Loss = 2.7349e-04, PNorm = 112.0817, GNorm = 0.1196, lr_0 = 1.5748e-04
Loss = 2.9966e-04, PNorm = 112.0818, GNorm = 0.3645, lr_0 = 1.5742e-04
Loss = 2.7704e-04, PNorm = 112.0823, GNorm = 0.1641, lr_0 = 1.5736e-04
Loss = 2.6060e-04, PNorm = 112.0826, GNorm = 0.1713, lr_0 = 1.5730e-04
Loss = 2.6275e-04, PNorm = 112.0828, GNorm = 0.2626, lr_0 = 1.5724e-04
Loss = 2.4821e-04, PNorm = 112.0835, GNorm = 0.2413, lr_0 = 1.5718e-04
Loss = 3.0284e-04, PNorm = 112.0846, GNorm = 0.0506, lr_0 = 1.5712e-04
Loss = 2.8168e-04, PNorm = 112.0860, GNorm = 0.0798, lr_0 = 1.5706e-04
Loss = 2.6378e-04, PNorm = 112.0858, GNorm = 0.0772, lr_0 = 1.5700e-04
Loss = 2.3721e-04, PNorm = 112.0860, GNorm = 0.0793, lr_0 = 1.5694e-04
Loss = 2.7680e-04, PNorm = 112.0864, GNorm = 0.0763, lr_0 = 1.5688e-04
Loss = 2.5261e-04, PNorm = 112.0868, GNorm = 0.1603, lr_0 = 1.5682e-04
Loss = 2.5220e-04, PNorm = 112.0866, GNorm = 0.1724, lr_0 = 1.5676e-04
Loss = 2.4363e-04, PNorm = 112.0869, GNorm = 0.1686, lr_0 = 1.5670e-04
Loss = 2.3933e-04, PNorm = 112.0870, GNorm = 0.1134, lr_0 = 1.5664e-04
Loss = 1.8193e-04, PNorm = 112.0870, GNorm = 0.0389, lr_0 = 1.5658e-04
Loss = 2.4636e-04, PNorm = 112.0879, GNorm = 0.0889, lr_0 = 1.5652e-04
Loss = 2.4401e-04, PNorm = 112.0885, GNorm = 0.1075, lr_0 = 1.5646e-04
Loss = 2.8829e-04, PNorm = 112.0884, GNorm = 0.0431, lr_0 = 1.5640e-04
Loss = 2.7011e-04, PNorm = 112.0888, GNorm = 0.2308, lr_0 = 1.5634e-04
Loss = 2.6578e-04, PNorm = 112.0894, GNorm = 0.1742, lr_0 = 1.5628e-04
Loss = 2.7959e-04, PNorm = 112.0895, GNorm = 0.2321, lr_0 = 1.5622e-04
Loss = 3.0910e-04, PNorm = 112.0892, GNorm = 0.2763, lr_0 = 1.5616e-04
Loss = 2.7150e-04, PNorm = 112.0897, GNorm = 0.2523, lr_0 = 1.5610e-04
Loss = 2.7572e-04, PNorm = 112.0905, GNorm = 0.0617, lr_0 = 1.5604e-04
Loss = 3.1014e-04, PNorm = 112.0903, GNorm = 0.1361, lr_0 = 1.5598e-04
Loss = 2.5677e-04, PNorm = 112.0909, GNorm = 0.0542, lr_0 = 1.5592e-04
Loss = 2.3595e-04, PNorm = 112.0910, GNorm = 0.0465, lr_0 = 1.5586e-04
Loss = 2.6306e-04, PNorm = 112.0907, GNorm = 0.1588, lr_0 = 1.5580e-04
Loss = 2.6871e-04, PNorm = 112.0908, GNorm = 0.1430, lr_0 = 1.5574e-04
Loss = 2.6054e-04, PNorm = 112.0907, GNorm = 0.0599, lr_0 = 1.5568e-04
Loss = 2.2036e-04, PNorm = 112.0907, GNorm = 0.1082, lr_0 = 1.5562e-04
Loss = 2.6881e-04, PNorm = 112.0907, GNorm = 0.1203, lr_0 = 1.5556e-04
Loss = 2.3816e-04, PNorm = 112.0913, GNorm = 0.0792, lr_0 = 1.5550e-04
Loss = 2.0390e-04, PNorm = 112.0926, GNorm = 0.0925, lr_0 = 1.5544e-04
Loss = 2.2484e-04, PNorm = 112.0941, GNorm = 0.0612, lr_0 = 1.5538e-04
Loss = 2.2568e-04, PNorm = 112.0946, GNorm = 0.0344, lr_0 = 1.5532e-04
Loss = 2.6114e-04, PNorm = 112.0953, GNorm = 0.0516, lr_0 = 1.5526e-04
Loss = 2.2315e-04, PNorm = 112.0955, GNorm = 0.1355, lr_0 = 1.5520e-04
Loss = 1.8882e-04, PNorm = 112.0957, GNorm = 0.0406, lr_0 = 1.5514e-04
Loss = 2.2236e-04, PNorm = 112.0956, GNorm = 0.0432, lr_0 = 1.5508e-04
Loss = 2.1168e-04, PNorm = 112.0958, GNorm = 0.0601, lr_0 = 1.5502e-04
Loss = 2.2032e-04, PNorm = 112.0964, GNorm = 0.0919, lr_0 = 1.5496e-04
Loss = 2.1870e-04, PNorm = 112.0974, GNorm = 0.1251, lr_0 = 1.5490e-04
Loss = 2.3447e-04, PNorm = 112.0983, GNorm = 0.0655, lr_0 = 1.5484e-04
Loss = 1.9570e-04, PNorm = 112.0988, GNorm = 0.0335, lr_0 = 1.5478e-04
Loss = 1.9462e-04, PNorm = 112.0990, GNorm = 0.0619, lr_0 = 1.5472e-04
Loss = 2.6168e-04, PNorm = 112.0999, GNorm = 0.1042, lr_0 = 1.5467e-04
Loss = 3.0298e-04, PNorm = 112.1004, GNorm = 0.0329, lr_0 = 1.5461e-04
Loss = 2.1990e-04, PNorm = 112.0996, GNorm = 0.0675, lr_0 = 1.5455e-04
Loss = 2.3358e-04, PNorm = 112.1001, GNorm = 0.0633, lr_0 = 1.5449e-04
Loss = 2.2864e-04, PNorm = 112.1005, GNorm = 0.0335, lr_0 = 1.5443e-04
Loss = 2.1456e-04, PNorm = 112.1013, GNorm = 0.0302, lr_0 = 1.5437e-04
Loss = 1.8520e-04, PNorm = 112.1025, GNorm = 0.0645, lr_0 = 1.5431e-04
Loss = 2.2859e-04, PNorm = 112.1027, GNorm = 0.1470, lr_0 = 1.5425e-04
Loss = 1.9582e-04, PNorm = 112.1032, GNorm = 0.0888, lr_0 = 1.5419e-04
Loss = 1.9150e-04, PNorm = 112.1032, GNorm = 0.0506, lr_0 = 1.5413e-04
Loss = 1.8224e-04, PNorm = 112.1032, GNorm = 0.1357, lr_0 = 1.5407e-04
Loss = 2.1018e-04, PNorm = 112.1033, GNorm = 0.0747, lr_0 = 1.5401e-04
Loss = 2.0483e-04, PNorm = 112.1037, GNorm = 0.0713, lr_0 = 1.5395e-04
Loss = 1.8878e-04, PNorm = 112.1043, GNorm = 0.0358, lr_0 = 1.5390e-04
Loss = 2.1673e-04, PNorm = 112.1044, GNorm = 0.0524, lr_0 = 1.5384e-04
Loss = 2.4840e-04, PNorm = 112.1048, GNorm = 0.2716, lr_0 = 1.5378e-04
Loss = 2.6347e-04, PNorm = 112.1055, GNorm = 0.2034, lr_0 = 1.5372e-04
Loss = 2.3217e-04, PNorm = 112.1055, GNorm = 0.1622, lr_0 = 1.5366e-04
Loss = 2.6889e-04, PNorm = 112.1055, GNorm = 0.0900, lr_0 = 1.5360e-04
Loss = 2.3223e-04, PNorm = 112.1048, GNorm = 0.1127, lr_0 = 1.5354e-04
Loss = 2.3658e-04, PNorm = 112.1045, GNorm = 0.2174, lr_0 = 1.5348e-04
Loss = 2.3657e-04, PNorm = 112.1050, GNorm = 0.1233, lr_0 = 1.5342e-04
Loss = 2.5994e-04, PNorm = 112.1061, GNorm = 0.1851, lr_0 = 1.5336e-04
Loss = 2.2381e-04, PNorm = 112.1065, GNorm = 0.1395, lr_0 = 1.5331e-04
Loss = 2.5684e-04, PNorm = 112.1066, GNorm = 0.0469, lr_0 = 1.5325e-04
Loss = 2.0105e-04, PNorm = 112.1069, GNorm = 0.1001, lr_0 = 1.5319e-04
Loss = 2.6744e-04, PNorm = 112.1072, GNorm = 0.2081, lr_0 = 1.5313e-04
Loss = 2.9167e-04, PNorm = 112.1072, GNorm = 0.0532, lr_0 = 1.5307e-04
Loss = 2.4538e-04, PNorm = 112.1079, GNorm = 0.2849, lr_0 = 1.5301e-04
Loss = 2.7145e-04, PNorm = 112.1086, GNorm = 0.1452, lr_0 = 1.5295e-04
Loss = 2.9778e-04, PNorm = 112.1086, GNorm = 0.1501, lr_0 = 1.5289e-04
Loss = 2.8561e-04, PNorm = 112.1087, GNorm = 0.0745, lr_0 = 1.5284e-04
Loss = 3.0315e-04, PNorm = 112.1102, GNorm = 0.0742, lr_0 = 1.5278e-04
Loss = 3.3800e-04, PNorm = 112.1108, GNorm = 0.1545, lr_0 = 1.5272e-04
Loss = 3.3569e-04, PNorm = 112.1110, GNorm = 0.1087, lr_0 = 1.5266e-04
Loss = 3.6575e-04, PNorm = 112.1111, GNorm = 0.4172, lr_0 = 1.5260e-04
Loss = 3.0386e-04, PNorm = 112.1123, GNorm = 0.0833, lr_0 = 1.5254e-04
Loss = 2.8461e-04, PNorm = 112.1133, GNorm = 0.2475, lr_0 = 1.5248e-04
Loss = 2.4456e-04, PNorm = 112.1133, GNorm = 0.0913, lr_0 = 1.5243e-04
Loss = 2.4135e-04, PNorm = 112.1142, GNorm = 0.2117, lr_0 = 1.5237e-04
Loss = 2.3380e-04, PNorm = 112.1146, GNorm = 0.2254, lr_0 = 1.5231e-04
Loss = 2.6925e-04, PNorm = 112.1154, GNorm = 0.2486, lr_0 = 1.5225e-04
Loss = 2.7031e-04, PNorm = 112.1167, GNorm = 0.2470, lr_0 = 1.5219e-04
Loss = 2.5668e-04, PNorm = 112.1171, GNorm = 0.1019, lr_0 = 1.5213e-04
Loss = 2.4386e-04, PNorm = 112.1173, GNorm = 0.1049, lr_0 = 1.5207e-04
Loss = 2.4086e-04, PNorm = 112.1177, GNorm = 0.0991, lr_0 = 1.5202e-04
Loss = 2.4318e-04, PNorm = 112.1180, GNorm = 0.1487, lr_0 = 1.5196e-04
Loss = 2.5683e-04, PNorm = 112.1186, GNorm = 0.0358, lr_0 = 1.5190e-04
Loss = 2.5295e-04, PNorm = 112.1186, GNorm = 0.3324, lr_0 = 1.5184e-04
Loss = 2.5401e-04, PNorm = 112.1189, GNorm = 0.0871, lr_0 = 1.5178e-04
Loss = 2.4431e-04, PNorm = 112.1186, GNorm = 0.0884, lr_0 = 1.5172e-04
Loss = 2.3163e-04, PNorm = 112.1178, GNorm = 0.0985, lr_0 = 1.5167e-04
Loss = 2.1765e-04, PNorm = 112.1175, GNorm = 0.0505, lr_0 = 1.5161e-04
Loss = 2.6110e-04, PNorm = 112.1181, GNorm = 0.1360, lr_0 = 1.5155e-04
Loss = 2.4093e-04, PNorm = 112.1183, GNorm = 0.1284, lr_0 = 1.5149e-04
Loss = 2.3312e-04, PNorm = 112.1186, GNorm = 0.0885, lr_0 = 1.5143e-04
Loss = 2.5097e-04, PNorm = 112.1188, GNorm = 0.1487, lr_0 = 1.5138e-04
Loss = 2.2644e-04, PNorm = 112.1189, GNorm = 0.1606, lr_0 = 1.5132e-04
Loss = 2.4391e-04, PNorm = 112.1195, GNorm = 0.1661, lr_0 = 1.5126e-04
Loss = 2.4931e-04, PNorm = 112.1204, GNorm = 0.0626, lr_0 = 1.5120e-04
Loss = 2.4666e-04, PNorm = 112.1210, GNorm = 0.1362, lr_0 = 1.5114e-04
Loss = 2.2658e-04, PNorm = 112.1216, GNorm = 0.0397, lr_0 = 1.5109e-04
Loss = 2.5841e-04, PNorm = 112.1224, GNorm = 0.1303, lr_0 = 1.5103e-04
Loss = 2.2940e-04, PNorm = 112.1228, GNorm = 0.0392, lr_0 = 1.5097e-04
Loss = 2.0442e-04, PNorm = 112.1227, GNorm = 0.0518, lr_0 = 1.5091e-04
Loss = 2.2446e-04, PNorm = 112.1233, GNorm = 0.2780, lr_0 = 1.5085e-04
Loss = 2.7308e-04, PNorm = 112.1234, GNorm = 0.3290, lr_0 = 1.5080e-04
Loss = 2.5143e-04, PNorm = 112.1242, GNorm = 0.0652, lr_0 = 1.5074e-04
Loss = 2.8597e-04, PNorm = 112.1255, GNorm = 0.0569, lr_0 = 1.5068e-04
Loss = 2.1878e-04, PNorm = 112.1262, GNorm = 0.1284, lr_0 = 1.5062e-04
Loss = 2.1364e-04, PNorm = 112.1264, GNorm = 0.0648, lr_0 = 1.5056e-04
Loss = 2.0147e-04, PNorm = 112.1262, GNorm = 0.0494, lr_0 = 1.5051e-04
Loss = 2.2295e-04, PNorm = 112.1265, GNorm = 0.1157, lr_0 = 1.5045e-04
Loss = 2.1263e-04, PNorm = 112.1266, GNorm = 0.0803, lr_0 = 1.5039e-04
Loss = 2.2497e-04, PNorm = 112.1269, GNorm = 0.1331, lr_0 = 1.5033e-04
Loss = 2.1947e-04, PNorm = 112.1273, GNorm = 0.0625, lr_0 = 1.5028e-04
Loss = 2.0624e-04, PNorm = 112.1279, GNorm = 0.1132, lr_0 = 1.5022e-04
Loss = 2.0764e-04, PNorm = 112.1285, GNorm = 0.0344, lr_0 = 1.5016e-04
Loss = 2.3590e-04, PNorm = 112.1288, GNorm = 0.3575, lr_0 = 1.5010e-04
Loss = 2.5456e-04, PNorm = 112.1299, GNorm = 0.0690, lr_0 = 1.5004e-04
Loss = 2.6264e-04, PNorm = 112.1301, GNorm = 0.1291, lr_0 = 1.4999e-04
Loss = 2.2697e-04, PNorm = 112.1302, GNorm = 0.1925, lr_0 = 1.4993e-04
Loss = 2.4452e-04, PNorm = 112.1303, GNorm = 0.1257, lr_0 = 1.4987e-04
Loss = 2.1825e-04, PNorm = 112.1309, GNorm = 0.0917, lr_0 = 1.4981e-04
Loss = 2.0642e-04, PNorm = 112.1319, GNorm = 0.1551, lr_0 = 1.4976e-04
Loss = 2.3022e-04, PNorm = 112.1321, GNorm = 0.1277, lr_0 = 1.4970e-04
Loss = 2.4147e-04, PNorm = 112.1326, GNorm = 0.1950, lr_0 = 1.4964e-04
Loss = 2.0764e-04, PNorm = 112.1334, GNorm = 0.0465, lr_0 = 1.4958e-04
Loss = 2.1640e-04, PNorm = 112.1339, GNorm = 0.1549, lr_0 = 1.4953e-04
Loss = 2.2647e-04, PNorm = 112.1345, GNorm = 0.1515, lr_0 = 1.4947e-04
Loss = 2.5208e-04, PNorm = 112.1346, GNorm = 0.1145, lr_0 = 1.4941e-04
Loss = 2.1564e-04, PNorm = 112.1345, GNorm = 0.0991, lr_0 = 1.4935e-04
Loss = 2.1850e-04, PNorm = 112.1342, GNorm = 0.0746, lr_0 = 1.4930e-04
Loss = 2.0307e-04, PNorm = 112.1339, GNorm = 0.1640, lr_0 = 1.4924e-04
Loss = 2.2843e-04, PNorm = 112.1347, GNorm = 0.0555, lr_0 = 1.4918e-04
Loss = 2.1182e-04, PNorm = 112.1350, GNorm = 0.0479, lr_0 = 1.4913e-04
Loss = 2.1887e-04, PNorm = 112.1353, GNorm = 0.0589, lr_0 = 1.4907e-04
Loss = 2.1741e-04, PNorm = 112.1353, GNorm = 0.0949, lr_0 = 1.4901e-04
Loss = 2.1041e-04, PNorm = 112.1357, GNorm = 0.0755, lr_0 = 1.4895e-04
Loss = 2.3570e-04, PNorm = 112.1356, GNorm = 0.0817, lr_0 = 1.4890e-04
Loss = 2.1545e-04, PNorm = 112.1358, GNorm = 0.1978, lr_0 = 1.4884e-04
Loss = 2.2185e-04, PNorm = 112.1362, GNorm = 0.2456, lr_0 = 1.4878e-04
Loss = 2.1987e-04, PNorm = 112.1366, GNorm = 0.2464, lr_0 = 1.4873e-04
Loss = 2.2772e-04, PNorm = 112.1368, GNorm = 0.0401, lr_0 = 1.4867e-04
Loss = 2.1999e-04, PNorm = 112.1379, GNorm = 0.2303, lr_0 = 1.4861e-04
Loss = 2.6096e-04, PNorm = 112.1389, GNorm = 0.1526, lr_0 = 1.4855e-04
Loss = 3.3325e-04, PNorm = 112.1392, GNorm = 0.1768, lr_0 = 1.4850e-04
Loss = 3.0910e-04, PNorm = 112.1393, GNorm = 0.1197, lr_0 = 1.4844e-04
Loss = 2.5100e-04, PNorm = 112.1397, GNorm = 0.0750, lr_0 = 1.4838e-04
Loss = 2.9628e-04, PNorm = 112.1396, GNorm = 0.1989, lr_0 = 1.4833e-04
Loss = 2.4632e-04, PNorm = 112.1399, GNorm = 0.1978, lr_0 = 1.4827e-04
Loss = 2.5553e-04, PNorm = 112.1402, GNorm = 0.0479, lr_0 = 1.4821e-04
Loss = 2.2385e-04, PNorm = 112.1408, GNorm = 0.0765, lr_0 = 1.4816e-04
Loss = 2.1073e-04, PNorm = 112.1411, GNorm = 0.1083, lr_0 = 1.4810e-04
Loss = 2.3775e-04, PNorm = 112.1412, GNorm = 0.1639, lr_0 = 1.4804e-04
Loss = 2.1496e-04, PNorm = 112.1412, GNorm = 0.1116, lr_0 = 1.4799e-04
Loss = 2.0237e-04, PNorm = 112.1411, GNorm = 0.0688, lr_0 = 1.4793e-04
Loss = 2.7105e-04, PNorm = 112.1416, GNorm = 0.2596, lr_0 = 1.4787e-04
Loss = 2.7434e-04, PNorm = 112.1428, GNorm = 0.3135, lr_0 = 1.4781e-04
Loss = 2.5432e-04, PNorm = 112.1429, GNorm = 0.1084, lr_0 = 1.4776e-04
Loss = 2.4319e-04, PNorm = 112.1429, GNorm = 0.1736, lr_0 = 1.4770e-04
Loss = 2.7076e-04, PNorm = 112.1434, GNorm = 0.1006, lr_0 = 1.4764e-04
Loss = 2.7507e-04, PNorm = 112.1432, GNorm = 0.1727, lr_0 = 1.4759e-04
Loss = 2.6564e-04, PNorm = 112.1435, GNorm = 0.0997, lr_0 = 1.4753e-04
Loss = 2.5999e-04, PNorm = 112.1446, GNorm = 0.1460, lr_0 = 1.4747e-04
Loss = 2.1449e-04, PNorm = 112.1450, GNorm = 0.1940, lr_0 = 1.4742e-04
Loss = 2.6256e-04, PNorm = 112.1450, GNorm = 0.2083, lr_0 = 1.4736e-04
Loss = 2.5708e-04, PNorm = 112.1453, GNorm = 0.1407, lr_0 = 1.4730e-04
Loss = 2.5059e-04, PNorm = 112.1459, GNorm = 0.0909, lr_0 = 1.4725e-04
Loss = 2.8384e-04, PNorm = 112.1462, GNorm = 0.1111, lr_0 = 1.4719e-04
Loss = 3.0946e-04, PNorm = 112.1470, GNorm = 0.1402, lr_0 = 1.4714e-04
Loss = 2.4610e-04, PNorm = 112.1476, GNorm = 0.0586, lr_0 = 1.4708e-04
Loss = 2.4394e-04, PNorm = 112.1472, GNorm = 0.0498, lr_0 = 1.4702e-04
Loss = 2.1647e-04, PNorm = 112.1469, GNorm = 0.0473, lr_0 = 1.4697e-04
Loss = 2.1407e-04, PNorm = 112.1467, GNorm = 0.0769, lr_0 = 1.4691e-04
Loss = 1.7132e-04, PNorm = 112.1464, GNorm = 0.0686, lr_0 = 1.4685e-04
Loss = 2.2549e-04, PNorm = 112.1461, GNorm = 0.1889, lr_0 = 1.4680e-04
Loss = 2.5033e-04, PNorm = 112.1463, GNorm = 0.2668, lr_0 = 1.4674e-04
Loss = 3.1189e-04, PNorm = 112.1470, GNorm = 0.3270, lr_0 = 1.4668e-04
Loss = 2.2872e-04, PNorm = 112.1475, GNorm = 0.1542, lr_0 = 1.4663e-04
Loss = 2.5003e-04, PNorm = 112.1476, GNorm = 0.2686, lr_0 = 1.4657e-04
Loss = 2.4372e-04, PNorm = 112.1476, GNorm = 0.0998, lr_0 = 1.4652e-04
Loss = 1.9059e-04, PNorm = 112.1481, GNorm = 0.0497, lr_0 = 1.4646e-04
Loss = 2.5139e-04, PNorm = 112.1483, GNorm = 0.0535, lr_0 = 1.4640e-04
Loss = 2.5173e-04, PNorm = 112.1487, GNorm = 0.1045, lr_0 = 1.4635e-04
Loss = 2.1665e-04, PNorm = 112.1497, GNorm = 0.2272, lr_0 = 1.4629e-04
Loss = 2.4002e-04, PNorm = 112.1504, GNorm = 0.0857, lr_0 = 1.4623e-04
Loss = 2.0920e-04, PNorm = 112.1504, GNorm = 0.1319, lr_0 = 1.4618e-04
Loss = 1.9490e-04, PNorm = 112.1512, GNorm = 0.0494, lr_0 = 1.4612e-04
Loss = 2.1640e-04, PNorm = 112.1519, GNorm = 0.0903, lr_0 = 1.4607e-04
Loss = 1.8441e-04, PNorm = 112.1529, GNorm = 0.1501, lr_0 = 1.4601e-04
Loss = 1.6357e-04, PNorm = 112.1533, GNorm = 0.0468, lr_0 = 1.4595e-04
Loss = 2.0005e-04, PNorm = 112.1542, GNorm = 0.0583, lr_0 = 1.4590e-04
Loss = 2.2957e-04, PNorm = 112.1544, GNorm = 0.0422, lr_0 = 1.4584e-04
Loss = 1.9472e-04, PNorm = 112.1540, GNorm = 0.1486, lr_0 = 1.4579e-04
Loss = 2.0700e-04, PNorm = 112.1542, GNorm = 0.0749, lr_0 = 1.4573e-04
Loss = 1.9414e-04, PNorm = 112.1550, GNorm = 0.0796, lr_0 = 1.4567e-04
Loss = 1.5757e-04, PNorm = 112.1553, GNorm = 0.1080, lr_0 = 1.4562e-04
Loss = 1.7613e-04, PNorm = 112.1553, GNorm = 0.0563, lr_0 = 1.4556e-04
Loss = 1.9537e-04, PNorm = 112.1550, GNorm = 0.0433, lr_0 = 1.4551e-04
Loss = 1.9654e-04, PNorm = 112.1550, GNorm = 0.1504, lr_0 = 1.4545e-04
Loss = 1.7234e-04, PNorm = 112.1549, GNorm = 0.1060, lr_0 = 1.4539e-04
Loss = 1.7979e-04, PNorm = 112.1550, GNorm = 0.0979, lr_0 = 1.4534e-04
Loss = 1.7478e-04, PNorm = 112.1556, GNorm = 0.0523, lr_0 = 1.4528e-04
Loss = 1.9155e-04, PNorm = 112.1562, GNorm = 0.0342, lr_0 = 1.4523e-04
Loss = 1.6662e-04, PNorm = 112.1566, GNorm = 0.0306, lr_0 = 1.4517e-04
Loss = 1.4699e-04, PNorm = 112.1568, GNorm = 0.0534, lr_0 = 1.4512e-04
Loss = 1.8531e-04, PNorm = 112.1567, GNorm = 0.2018, lr_0 = 1.4506e-04
Loss = 2.1439e-04, PNorm = 112.1569, GNorm = 0.0763, lr_0 = 1.4500e-04
Loss = 2.0146e-04, PNorm = 112.1573, GNorm = 0.0478, lr_0 = 1.4495e-04
Loss = 1.9304e-04, PNorm = 112.1582, GNorm = 0.0544, lr_0 = 1.4489e-04
Loss = 2.1901e-04, PNorm = 112.1585, GNorm = 0.2678, lr_0 = 1.4484e-04
Loss = 2.4388e-04, PNorm = 112.1589, GNorm = 0.2726, lr_0 = 1.4478e-04
Loss = 2.3933e-04, PNorm = 112.1593, GNorm = 0.1891, lr_0 = 1.4473e-04
Loss = 2.1020e-04, PNorm = 112.1590, GNorm = 0.1082, lr_0 = 1.4467e-04
Loss = 2.0708e-04, PNorm = 112.1592, GNorm = 0.0548, lr_0 = 1.4462e-04
Loss = 2.0255e-04, PNorm = 112.1592, GNorm = 0.0580, lr_0 = 1.4456e-04
Loss = 2.0757e-04, PNorm = 112.1593, GNorm = 0.0560, lr_0 = 1.4450e-04
Loss = 1.9438e-04, PNorm = 112.1600, GNorm = 0.0524, lr_0 = 1.4445e-04
Loss = 1.8195e-04, PNorm = 112.1602, GNorm = 0.0582, lr_0 = 1.4439e-04
Loss = 1.7595e-04, PNorm = 112.1611, GNorm = 0.2152, lr_0 = 1.4434e-04
Loss = 1.8314e-04, PNorm = 112.1614, GNorm = 0.0567, lr_0 = 1.4428e-04
Loss = 2.0305e-04, PNorm = 112.1613, GNorm = 0.0844, lr_0 = 1.4423e-04
Loss = 1.8612e-04, PNorm = 112.1610, GNorm = 0.0713, lr_0 = 1.4417e-04
Loss = 1.9466e-04, PNorm = 112.1611, GNorm = 0.0439, lr_0 = 1.4412e-04
Loss = 2.2103e-04, PNorm = 112.1611, GNorm = 0.0436, lr_0 = 1.4406e-04
Loss = 1.9696e-04, PNorm = 112.1615, GNorm = 0.0770, lr_0 = 1.4401e-04
Loss = 2.1245e-04, PNorm = 112.1622, GNorm = 0.0488, lr_0 = 1.4395e-04
Loss = 2.2037e-04, PNorm = 112.1624, GNorm = 0.2808, lr_0 = 1.4390e-04
Loss = 2.1436e-04, PNorm = 112.1627, GNorm = 0.2968, lr_0 = 1.4384e-04
Loss = 2.1882e-04, PNorm = 112.1634, GNorm = 0.0754, lr_0 = 1.4378e-04
Loss = 2.3573e-04, PNorm = 112.1642, GNorm = 0.0845, lr_0 = 1.4373e-04
Loss = 2.1122e-04, PNorm = 112.1640, GNorm = 0.2120, lr_0 = 1.4367e-04
Loss = 2.1788e-04, PNorm = 112.1638, GNorm = 0.1938, lr_0 = 1.4362e-04
Loss = 2.1356e-04, PNorm = 112.1642, GNorm = 0.0368, lr_0 = 1.4356e-04
Loss = 2.0519e-04, PNorm = 112.1646, GNorm = 0.1288, lr_0 = 1.4351e-04
Loss = 2.1584e-04, PNorm = 112.1644, GNorm = 0.0841, lr_0 = 1.4345e-04
Loss = 2.5906e-04, PNorm = 112.1644, GNorm = 0.0892, lr_0 = 1.4340e-04
Loss = 2.6138e-04, PNorm = 112.1644, GNorm = 0.0691, lr_0 = 1.4334e-04
Loss = 2.8530e-04, PNorm = 112.1644, GNorm = 0.0590, lr_0 = 1.4329e-04
Loss = 2.8351e-04, PNorm = 112.1645, GNorm = 0.0913, lr_0 = 1.4323e-04
Loss = 2.4210e-04, PNorm = 112.1649, GNorm = 0.0895, lr_0 = 1.4318e-04
Loss = 2.2010e-04, PNorm = 112.1646, GNorm = 0.1322, lr_0 = 1.4312e-04
Loss = 2.2878e-04, PNorm = 112.1652, GNorm = 0.2214, lr_0 = 1.4307e-04
Loss = 2.0348e-04, PNorm = 112.1645, GNorm = 0.0518, lr_0 = 1.4301e-04
Loss = 1.9036e-04, PNorm = 112.1649, GNorm = 0.0471, lr_0 = 1.4296e-04
Loss = 1.9288e-04, PNorm = 112.1653, GNorm = 0.0636, lr_0 = 1.4290e-04
Loss = 1.9417e-04, PNorm = 112.1652, GNorm = 0.0454, lr_0 = 1.4285e-04
Loss = 2.0612e-04, PNorm = 112.1660, GNorm = 0.1640, lr_0 = 1.4279e-04
Loss = 1.9265e-04, PNorm = 112.1664, GNorm = 0.1242, lr_0 = 1.4274e-04
Loss = 1.9021e-04, PNorm = 112.1669, GNorm = 0.0392, lr_0 = 1.4269e-04
Loss = 1.8025e-04, PNorm = 112.1671, GNorm = 0.0714, lr_0 = 1.4263e-04
Loss = 1.9788e-04, PNorm = 112.1677, GNorm = 0.0765, lr_0 = 1.4258e-04
Loss = 1.9129e-04, PNorm = 112.1677, GNorm = 0.0811, lr_0 = 1.4252e-04
Loss = 1.8651e-04, PNorm = 112.1688, GNorm = 0.0666, lr_0 = 1.4247e-04
Loss = 1.5950e-04, PNorm = 112.1697, GNorm = 0.0996, lr_0 = 1.4241e-04
Loss = 1.8484e-04, PNorm = 112.1704, GNorm = 0.0443, lr_0 = 1.4236e-04
Loss = 2.1961e-04, PNorm = 112.1707, GNorm = 0.0315, lr_0 = 1.4230e-04
Loss = 1.8382e-04, PNorm = 112.1709, GNorm = 0.0431, lr_0 = 1.4225e-04
Loss = 1.9215e-04, PNorm = 112.1713, GNorm = 0.0696, lr_0 = 1.4219e-04
Loss = 1.6650e-04, PNorm = 112.1711, GNorm = 0.1045, lr_0 = 1.4214e-04
Loss = 1.7414e-04, PNorm = 112.1714, GNorm = 0.0456, lr_0 = 1.4208e-04
Loss = 2.2058e-04, PNorm = 112.1722, GNorm = 0.1025, lr_0 = 1.4203e-04
Loss = 1.7144e-04, PNorm = 112.1728, GNorm = 0.0488, lr_0 = 1.4197e-04
Loss = 1.6302e-04, PNorm = 112.1722, GNorm = 0.0879, lr_0 = 1.4192e-04
Loss = 1.6966e-04, PNorm = 112.1718, GNorm = 0.0404, lr_0 = 1.4187e-04
Loss = 1.9600e-04, PNorm = 112.1720, GNorm = 0.1103, lr_0 = 1.4181e-04
Loss = 1.8027e-04, PNorm = 112.1723, GNorm = 0.0428, lr_0 = 1.4176e-04
Loss = 1.7681e-04, PNorm = 112.1730, GNorm = 0.0422, lr_0 = 1.4170e-04
Loss = 1.7829e-04, PNorm = 112.1739, GNorm = 0.0898, lr_0 = 1.4165e-04
Loss = 1.8760e-04, PNorm = 112.1743, GNorm = 0.1155, lr_0 = 1.4159e-04
Loss = 1.7402e-04, PNorm = 112.1746, GNorm = 0.0422, lr_0 = 1.4154e-04
Loss = 1.9858e-04, PNorm = 112.1748, GNorm = 0.0827, lr_0 = 1.4148e-04
Loss = 1.9286e-04, PNorm = 112.1751, GNorm = 0.0942, lr_0 = 1.4143e-04
Loss = 2.0545e-04, PNorm = 112.1754, GNorm = 0.2860, lr_0 = 1.4138e-04
Loss = 2.3379e-04, PNorm = 112.1754, GNorm = 0.1861, lr_0 = 1.4132e-04
Loss = 1.7065e-04, PNorm = 112.1760, GNorm = 0.1067, lr_0 = 1.4127e-04
Loss = 2.7563e-04, PNorm = 112.1763, GNorm = 0.1478, lr_0 = 1.4121e-04
Loss = 1.9714e-04, PNorm = 112.1762, GNorm = 0.0435, lr_0 = 1.4116e-04
Loss = 1.8004e-04, PNorm = 112.1759, GNorm = 0.1024, lr_0 = 1.4111e-04
Loss = 1.8008e-04, PNorm = 112.1757, GNorm = 0.1607, lr_0 = 1.4105e-04
Loss = 1.9434e-04, PNorm = 112.1763, GNorm = 0.2129, lr_0 = 1.4100e-04
Loss = 2.0394e-04, PNorm = 112.1768, GNorm = 0.1168, lr_0 = 1.4094e-04
Loss = 1.7239e-04, PNorm = 112.1774, GNorm = 0.0758, lr_0 = 1.4089e-04
Loss = 1.9426e-04, PNorm = 112.1776, GNorm = 0.0812, lr_0 = 1.4083e-04
Loss = 1.7800e-04, PNorm = 112.1776, GNorm = 0.0417, lr_0 = 1.4078e-04
Loss = 1.8107e-04, PNorm = 112.1780, GNorm = 0.1106, lr_0 = 1.4073e-04
Loss = 1.8615e-04, PNorm = 112.1783, GNorm = 0.0347, lr_0 = 1.4067e-04
Loss = 1.7342e-04, PNorm = 112.1789, GNorm = 0.0455, lr_0 = 1.4062e-04
Loss = 1.7797e-04, PNorm = 112.1790, GNorm = 0.0379, lr_0 = 1.4056e-04
Loss = 1.7188e-04, PNorm = 112.1794, GNorm = 0.1050, lr_0 = 1.4051e-04
Loss = 1.5229e-04, PNorm = 112.1797, GNorm = 0.0934, lr_0 = 1.4046e-04
Loss = 1.4884e-04, PNorm = 112.1800, GNorm = 0.0880, lr_0 = 1.4040e-04
Loss = 1.7716e-04, PNorm = 112.1803, GNorm = 0.0472, lr_0 = 1.4035e-04
Loss = 1.6815e-04, PNorm = 112.1803, GNorm = 0.0846, lr_0 = 1.4029e-04
Loss = 1.4376e-04, PNorm = 112.1803, GNorm = 0.0782, lr_0 = 1.4024e-04
Loss = 1.6225e-04, PNorm = 112.1804, GNorm = 0.1012, lr_0 = 1.4019e-04
Loss = 1.5595e-04, PNorm = 112.1806, GNorm = 0.1036, lr_0 = 1.4013e-04
Loss = 1.6679e-04, PNorm = 112.1809, GNorm = 0.0318, lr_0 = 1.4008e-04
Loss = 1.6705e-04, PNorm = 112.1813, GNorm = 0.2001, lr_0 = 1.4003e-04
Loss = 1.7749e-04, PNorm = 112.1817, GNorm = 0.2431, lr_0 = 1.3997e-04
Loss = 1.7810e-04, PNorm = 112.1821, GNorm = 0.0970, lr_0 = 1.3992e-04
Loss = 1.9693e-04, PNorm = 112.1825, GNorm = 0.1951, lr_0 = 1.3986e-04
Loss = 1.6372e-04, PNorm = 112.1829, GNorm = 0.1157, lr_0 = 1.3981e-04
Loss = 1.8080e-04, PNorm = 112.1833, GNorm = 0.0638, lr_0 = 1.3976e-04
Loss = 2.2153e-04, PNorm = 112.1837, GNorm = 0.1682, lr_0 = 1.3970e-04
Loss = 2.9158e-04, PNorm = 112.1843, GNorm = 0.1645, lr_0 = 1.3965e-04
Loss = 2.8287e-04, PNorm = 112.1841, GNorm = 0.0404, lr_0 = 1.3960e-04
Loss = 3.1415e-04, PNorm = 112.1848, GNorm = 0.2958, lr_0 = 1.3954e-04
Loss = 3.4558e-04, PNorm = 112.1863, GNorm = 0.3252, lr_0 = 1.3949e-04
Loss = 3.9146e-04, PNorm = 112.1872, GNorm = 0.2831, lr_0 = 1.3944e-04
Loss = 3.3901e-04, PNorm = 112.1879, GNorm = 0.3361, lr_0 = 1.3938e-04
Loss = 3.0239e-04, PNorm = 112.1888, GNorm = 0.2375, lr_0 = 1.3933e-04
Loss = 2.6051e-04, PNorm = 112.1897, GNorm = 0.1602, lr_0 = 1.3928e-04
Loss = 2.8491e-04, PNorm = 112.1904, GNorm = 0.1202, lr_0 = 1.3922e-04
Loss = 2.6974e-04, PNorm = 112.1904, GNorm = 0.0995, lr_0 = 1.3917e-04
Loss = 2.8114e-04, PNorm = 112.1903, GNorm = 0.2622, lr_0 = 1.3912e-04
Loss = 2.8452e-04, PNorm = 112.1910, GNorm = 0.1891, lr_0 = 1.3906e-04
Loss = 2.9181e-04, PNorm = 112.1914, GNorm = 0.1054, lr_0 = 1.3901e-04
Loss = 2.7540e-04, PNorm = 112.1921, GNorm = 0.1734, lr_0 = 1.3895e-04
Loss = 2.6566e-04, PNorm = 112.1928, GNorm = 0.0972, lr_0 = 1.3890e-04
Loss = 2.6807e-04, PNorm = 112.1930, GNorm = 0.2242, lr_0 = 1.3885e-04
Loss = 2.5152e-04, PNorm = 112.1929, GNorm = 0.1442, lr_0 = 1.3879e-04
Loss = 2.5433e-04, PNorm = 112.1930, GNorm = 0.1485, lr_0 = 1.3874e-04
Loss = 2.4738e-04, PNorm = 112.1931, GNorm = 0.2112, lr_0 = 1.3869e-04
Loss = 2.5076e-04, PNorm = 112.1932, GNorm = 0.2446, lr_0 = 1.3864e-04
Loss = 2.2278e-04, PNorm = 112.1923, GNorm = 0.1514, lr_0 = 1.3858e-04
Loss = 2.3624e-04, PNorm = 112.1927, GNorm = 0.0693, lr_0 = 1.3853e-04
Loss = 2.0445e-04, PNorm = 112.1931, GNorm = 0.0633, lr_0 = 1.3848e-04
Loss = 2.2782e-04, PNorm = 112.1936, GNorm = 0.0980, lr_0 = 1.3842e-04
Loss = 2.1094e-04, PNorm = 112.1938, GNorm = 0.0899, lr_0 = 1.3837e-04
Loss = 2.0820e-04, PNorm = 112.1941, GNorm = 0.1194, lr_0 = 1.3832e-04
Loss = 2.4986e-04, PNorm = 112.1936, GNorm = 0.1692, lr_0 = 1.3826e-04
Loss = 2.3913e-04, PNorm = 112.1937, GNorm = 0.1902, lr_0 = 1.3821e-04
Loss = 2.0973e-04, PNorm = 112.1945, GNorm = 0.0627, lr_0 = 1.3816e-04
Loss = 1.8031e-04, PNorm = 112.1947, GNorm = 0.0365, lr_0 = 1.3810e-04
Loss = 1.9470e-04, PNorm = 112.1952, GNorm = 0.2244, lr_0 = 1.3805e-04
Loss = 2.1269e-04, PNorm = 112.1950, GNorm = 0.2016, lr_0 = 1.3800e-04
Loss = 2.0271e-04, PNorm = 112.1948, GNorm = 0.0330, lr_0 = 1.3794e-04
Loss = 1.8200e-04, PNorm = 112.1951, GNorm = 0.0581, lr_0 = 1.3789e-04
Loss = 1.9970e-04, PNorm = 112.1952, GNorm = 0.0672, lr_0 = 1.3784e-04
Loss = 1.7606e-04, PNorm = 112.1949, GNorm = 0.0544, lr_0 = 1.3779e-04
Loss = 1.7307e-04, PNorm = 112.1951, GNorm = 0.1039, lr_0 = 1.3773e-04
Loss = 1.9003e-04, PNorm = 112.1954, GNorm = 0.1294, lr_0 = 1.3768e-04
Loss = 1.7335e-04, PNorm = 112.1964, GNorm = 0.0721, lr_0 = 1.3763e-04
Loss = 2.0452e-04, PNorm = 112.1971, GNorm = 0.0347, lr_0 = 1.3757e-04
Loss = 1.9754e-04, PNorm = 112.1974, GNorm = 0.0626, lr_0 = 1.3752e-04
Loss = 2.0224e-04, PNorm = 112.1976, GNorm = 0.0791, lr_0 = 1.3747e-04
Loss = 1.8841e-04, PNorm = 112.1982, GNorm = 0.0775, lr_0 = 1.3742e-04
Loss = 2.2590e-04, PNorm = 112.1989, GNorm = 0.0605, lr_0 = 1.3736e-04
Loss = 2.3491e-04, PNorm = 112.1992, GNorm = 0.1367, lr_0 = 1.3731e-04
Loss = 2.4653e-04, PNorm = 112.1997, GNorm = 0.1307, lr_0 = 1.3726e-04
Loss = 2.4249e-04, PNorm = 112.1997, GNorm = 0.1381, lr_0 = 1.3721e-04
Loss = 1.8804e-04, PNorm = 112.2005, GNorm = 0.0664, lr_0 = 1.3715e-04
Loss = 2.3431e-04, PNorm = 112.2006, GNorm = 0.1834, lr_0 = 1.3710e-04
Loss = 1.9600e-04, PNorm = 112.2010, GNorm = 0.0469, lr_0 = 1.3705e-04
Loss = 1.8635e-04, PNorm = 112.2012, GNorm = 0.0651, lr_0 = 1.3699e-04
Loss = 1.8989e-04, PNorm = 112.2013, GNorm = 0.2254, lr_0 = 1.3694e-04
Loss = 1.9505e-04, PNorm = 112.2020, GNorm = 0.1807, lr_0 = 1.3689e-04
Loss = 2.0628e-04, PNorm = 112.2034, GNorm = 0.0467, lr_0 = 1.3684e-04
Loss = 2.1053e-04, PNorm = 112.2043, GNorm = 0.1525, lr_0 = 1.3678e-04
Loss = 1.8493e-04, PNorm = 112.2044, GNorm = 0.0759, lr_0 = 1.3673e-04
Loss = 1.9758e-04, PNorm = 112.2047, GNorm = 0.0679, lr_0 = 1.3668e-04
Loss = 2.2782e-04, PNorm = 112.2049, GNorm = 0.0939, lr_0 = 1.3663e-04
Loss = 1.9728e-04, PNorm = 112.2054, GNorm = 0.0807, lr_0 = 1.3657e-04
Loss = 1.7621e-04, PNorm = 112.2057, GNorm = 0.1127, lr_0 = 1.3652e-04
Loss = 1.7594e-04, PNorm = 112.2056, GNorm = 0.0392, lr_0 = 1.3647e-04
Loss = 2.1342e-04, PNorm = 112.2056, GNorm = 0.0342, lr_0 = 1.3642e-04
Loss = 1.9900e-04, PNorm = 112.2057, GNorm = 0.0716, lr_0 = 1.3637e-04
Loss = 1.7402e-04, PNorm = 112.2061, GNorm = 0.0644, lr_0 = 1.3631e-04
Loss = 1.7861e-04, PNorm = 112.2063, GNorm = 0.2114, lr_0 = 1.3626e-04
Loss = 2.0870e-04, PNorm = 112.2067, GNorm = 0.1664, lr_0 = 1.3621e-04
Loss = 1.7064e-04, PNorm = 112.2070, GNorm = 0.0725, lr_0 = 1.3616e-04
Loss = 1.8317e-04, PNorm = 112.2074, GNorm = 0.0684, lr_0 = 1.3610e-04
Loss = 1.7488e-04, PNorm = 112.2071, GNorm = 0.1075, lr_0 = 1.3605e-04
Loss = 1.8972e-04, PNorm = 112.2069, GNorm = 0.0932, lr_0 = 1.3600e-04
Loss = 1.7457e-04, PNorm = 112.2070, GNorm = 0.0833, lr_0 = 1.3595e-04
Loss = 1.6456e-04, PNorm = 112.2066, GNorm = 0.0901, lr_0 = 1.3589e-04
Loss = 1.7097e-04, PNorm = 112.2065, GNorm = 0.1734, lr_0 = 1.3584e-04
Loss = 2.2620e-04, PNorm = 112.2064, GNorm = 0.2565, lr_0 = 1.3579e-04
Loss = 2.2433e-04, PNorm = 112.2068, GNorm = 0.0371, lr_0 = 1.3574e-04
Loss = 1.7779e-04, PNorm = 112.2074, GNorm = 0.0614, lr_0 = 1.3569e-04
Loss = 1.8548e-04, PNorm = 112.2074, GNorm = 0.1918, lr_0 = 1.3563e-04
Loss = 1.9160e-04, PNorm = 112.2083, GNorm = 0.0413, lr_0 = 1.3558e-04
Loss = 1.9410e-04, PNorm = 112.2090, GNorm = 0.1276, lr_0 = 1.3553e-04
Loss = 1.4602e-04, PNorm = 112.2093, GNorm = 0.2171, lr_0 = 1.3548e-04
Loss = 2.3053e-04, PNorm = 112.2088, GNorm = 0.0958, lr_0 = 1.3543e-04
Loss = 1.7530e-04, PNorm = 112.2083, GNorm = 0.1954, lr_0 = 1.3537e-04
Loss = 1.9077e-04, PNorm = 112.2089, GNorm = 0.1314, lr_0 = 1.3532e-04
Loss = 1.6489e-04, PNorm = 112.2091, GNorm = 0.0530, lr_0 = 1.3527e-04
Loss = 1.8861e-04, PNorm = 112.2090, GNorm = 0.0935, lr_0 = 1.3522e-04
Loss = 1.7432e-04, PNorm = 112.2092, GNorm = 0.2633, lr_0 = 1.3517e-04
Loss = 2.0342e-04, PNorm = 112.2089, GNorm = 0.2474, lr_0 = 1.3511e-04
Loss = 2.0000e-04, PNorm = 112.2091, GNorm = 0.1714, lr_0 = 1.3506e-04
Loss = 2.2742e-04, PNorm = 112.2092, GNorm = 0.3604, lr_0 = 1.3501e-04
Loss = 1.8530e-04, PNorm = 112.2090, GNorm = 0.0865, lr_0 = 1.3496e-04
Loss = 1.8473e-04, PNorm = 112.2095, GNorm = 0.0439, lr_0 = 1.3491e-04
Loss = 1.7127e-04, PNorm = 112.2100, GNorm = 0.0590, lr_0 = 1.3486e-04
Loss = 1.6412e-04, PNorm = 112.2098, GNorm = 0.0791, lr_0 = 1.3480e-04
Loss = 1.9911e-04, PNorm = 112.2099, GNorm = 0.1392, lr_0 = 1.3475e-04
Loss = 1.7195e-04, PNorm = 112.2101, GNorm = 0.0325, lr_0 = 1.3470e-04
Loss = 1.7734e-04, PNorm = 112.2103, GNorm = 0.1385, lr_0 = 1.3465e-04
Loss = 1.9990e-04, PNorm = 112.2110, GNorm = 0.0518, lr_0 = 1.3460e-04
Loss = 1.9461e-04, PNorm = 112.2119, GNorm = 0.1038, lr_0 = 1.3455e-04
Loss = 1.6037e-04, PNorm = 112.2125, GNorm = 0.0472, lr_0 = 1.3449e-04
Loss = 1.9060e-04, PNorm = 112.2129, GNorm = 0.0749, lr_0 = 1.3444e-04
Loss = 1.6891e-04, PNorm = 112.2135, GNorm = 0.0587, lr_0 = 1.3439e-04
Loss = 2.4118e-04, PNorm = 112.2136, GNorm = 0.1113, lr_0 = 1.3434e-04
Loss = 1.9005e-04, PNorm = 112.2141, GNorm = 0.0512, lr_0 = 1.3429e-04
Loss = 2.0855e-04, PNorm = 112.2143, GNorm = 0.0991, lr_0 = 1.3424e-04
Loss = 1.7225e-04, PNorm = 112.2147, GNorm = 0.1996, lr_0 = 1.3418e-04
Loss = 2.0946e-04, PNorm = 112.2146, GNorm = 0.0961, lr_0 = 1.3413e-04
Loss = 2.3508e-04, PNorm = 112.2151, GNorm = 0.2175, lr_0 = 1.3408e-04
Loss = 2.4005e-04, PNorm = 112.2151, GNorm = 0.2015, lr_0 = 1.3403e-04
Loss = 2.3765e-04, PNorm = 112.2151, GNorm = 0.3724, lr_0 = 1.3398e-04
Loss = 2.4338e-04, PNorm = 112.2151, GNorm = 0.1977, lr_0 = 1.3393e-04
Loss = 2.1185e-04, PNorm = 112.2153, GNorm = 0.1094, lr_0 = 1.3388e-04
Loss = 2.0653e-04, PNorm = 112.2150, GNorm = 0.1565, lr_0 = 1.3382e-04
Loss = 2.2464e-04, PNorm = 112.2147, GNorm = 0.2168, lr_0 = 1.3377e-04
Loss = 2.2592e-04, PNorm = 112.2149, GNorm = 0.2253, lr_0 = 1.3372e-04
Loss = 2.3772e-04, PNorm = 112.2157, GNorm = 0.2736, lr_0 = 1.3367e-04
Loss = 2.2283e-04, PNorm = 112.2155, GNorm = 0.1483, lr_0 = 1.3362e-04
Loss = 2.0917e-04, PNorm = 112.2156, GNorm = 0.1389, lr_0 = 1.3357e-04
Loss = 1.8708e-04, PNorm = 112.2154, GNorm = 0.1011, lr_0 = 1.3352e-04
Loss = 1.8158e-04, PNorm = 112.2154, GNorm = 0.0504, lr_0 = 1.3346e-04
Loss = 1.9201e-04, PNorm = 112.2161, GNorm = 0.1806, lr_0 = 1.3341e-04
Loss = 2.0418e-04, PNorm = 112.2164, GNorm = 0.3140, lr_0 = 1.3336e-04
Loss = 1.7463e-04, PNorm = 112.2169, GNorm = 0.2176, lr_0 = 1.3331e-04
Loss = 2.5279e-04, PNorm = 112.2171, GNorm = 0.3390, lr_0 = 1.3326e-04
Loss = 2.7142e-04, PNorm = 112.2176, GNorm = 0.1348, lr_0 = 1.3321e-04
Loss = 2.0098e-04, PNorm = 112.2179, GNorm = 0.0387, lr_0 = 1.3316e-04
Loss = 2.0555e-04, PNorm = 112.2186, GNorm = 0.0393, lr_0 = 1.3311e-04
Loss = 1.9494e-04, PNorm = 112.2184, GNorm = 0.0369, lr_0 = 1.3306e-04
Loss = 1.9111e-04, PNorm = 112.2188, GNorm = 0.1029, lr_0 = 1.3300e-04
Loss = 1.5251e-04, PNorm = 112.2191, GNorm = 0.0265, lr_0 = 1.3295e-04
Loss = 1.8052e-04, PNorm = 112.2194, GNorm = 0.1283, lr_0 = 1.3290e-04
Loss = 1.8755e-04, PNorm = 112.2193, GNorm = 0.0342, lr_0 = 1.3285e-04
Loss = 1.7705e-04, PNorm = 112.2199, GNorm = 0.0927, lr_0 = 1.3280e-04
Loss = 1.8774e-04, PNorm = 112.2205, GNorm = 0.0871, lr_0 = 1.3275e-04
Loss = 1.7175e-04, PNorm = 112.2209, GNorm = 0.1549, lr_0 = 1.3270e-04
Loss = 1.9611e-04, PNorm = 112.2210, GNorm = 0.0346, lr_0 = 1.3265e-04
Loss = 1.5942e-04, PNorm = 112.2219, GNorm = 0.0766, lr_0 = 1.3260e-04
Loss = 1.9911e-04, PNorm = 112.2221, GNorm = 0.1371, lr_0 = 1.3255e-04
Loss = 1.9368e-04, PNorm = 112.2220, GNorm = 0.2375, lr_0 = 1.3249e-04
Loss = 1.6195e-04, PNorm = 112.2225, GNorm = 0.1555, lr_0 = 1.3244e-04
Loss = 1.6069e-04, PNorm = 112.2223, GNorm = 0.0479, lr_0 = 1.3239e-04
Loss = 1.4949e-04, PNorm = 112.2218, GNorm = 0.0403, lr_0 = 1.3234e-04
Loss = 1.6672e-04, PNorm = 112.2220, GNorm = 0.0970, lr_0 = 1.3229e-04
Loss = 1.8595e-04, PNorm = 112.2223, GNorm = 0.1112, lr_0 = 1.3224e-04
Loss = 1.3918e-04, PNorm = 112.2225, GNorm = 0.0420, lr_0 = 1.3219e-04
Loss = 1.6311e-04, PNorm = 112.2226, GNorm = 0.0402, lr_0 = 1.3214e-04
Loss = 1.3114e-04, PNorm = 112.2224, GNorm = 0.1576, lr_0 = 1.3209e-04
Loss = 1.6880e-04, PNorm = 112.2227, GNorm = 0.2363, lr_0 = 1.3204e-04
Loss = 1.9719e-04, PNorm = 112.2232, GNorm = 0.1681, lr_0 = 1.3199e-04
Loss = 1.5773e-04, PNorm = 112.2236, GNorm = 0.0431, lr_0 = 1.3194e-04
Loss = 1.5111e-04, PNorm = 112.2239, GNorm = 0.0540, lr_0 = 1.3189e-04
Loss = 1.5018e-04, PNorm = 112.2246, GNorm = 0.1232, lr_0 = 1.3184e-04
Loss = 1.6574e-04, PNorm = 112.2247, GNorm = 0.0993, lr_0 = 1.3178e-04
Loss = 1.5481e-04, PNorm = 112.2242, GNorm = 0.0728, lr_0 = 1.3173e-04
Loss = 1.4833e-04, PNorm = 112.2243, GNorm = 0.1141, lr_0 = 1.3168e-04
Loss = 1.7091e-04, PNorm = 112.2243, GNorm = 0.0797, lr_0 = 1.3163e-04
Loss = 1.5531e-04, PNorm = 112.2246, GNorm = 0.0448, lr_0 = 1.3158e-04
Loss = 1.4119e-04, PNorm = 112.2252, GNorm = 0.1594, lr_0 = 1.3153e-04
Loss = 1.3144e-04, PNorm = 112.2254, GNorm = 0.0882, lr_0 = 1.3148e-04
Loss = 1.6332e-04, PNorm = 112.2253, GNorm = 0.0947, lr_0 = 1.3143e-04
Loss = 1.6251e-04, PNorm = 112.2258, GNorm = 0.2315, lr_0 = 1.3138e-04
Loss = 1.6969e-04, PNorm = 112.2261, GNorm = 0.1538, lr_0 = 1.3133e-04
Loss = 1.4582e-04, PNorm = 112.2262, GNorm = 0.0389, lr_0 = 1.3128e-04
Loss = 1.4767e-04, PNorm = 112.2262, GNorm = 0.0814, lr_0 = 1.3123e-04
Loss = 1.6266e-04, PNorm = 112.2261, GNorm = 0.0484, lr_0 = 1.3118e-04
Loss = 1.7653e-04, PNorm = 112.2265, GNorm = 0.0263, lr_0 = 1.3113e-04
Loss = 1.7016e-04, PNorm = 112.2269, GNorm = 0.1259, lr_0 = 1.3108e-04
Loss = 1.5498e-04, PNorm = 112.2271, GNorm = 0.1472, lr_0 = 1.3103e-04
Loss = 1.5573e-04, PNorm = 112.2278, GNorm = 0.1073, lr_0 = 1.3098e-04
Loss = 1.4858e-04, PNorm = 112.2278, GNorm = 0.0554, lr_0 = 1.3093e-04
Loss = 1.5722e-04, PNorm = 112.2288, GNorm = 0.0385, lr_0 = 1.3088e-04
Loss = 1.6012e-04, PNorm = 112.2293, GNorm = 0.0297, lr_0 = 1.3083e-04
Loss = 1.6281e-04, PNorm = 112.2294, GNorm = 0.0707, lr_0 = 1.3078e-04
Loss = 1.3699e-04, PNorm = 112.2300, GNorm = 0.1171, lr_0 = 1.3073e-04
Loss = 1.3875e-04, PNorm = 112.2297, GNorm = 0.0722, lr_0 = 1.3068e-04
Loss = 1.6975e-04, PNorm = 112.2298, GNorm = 0.2022, lr_0 = 1.3063e-04
Loss = 1.5639e-04, PNorm = 112.2306, GNorm = 0.1672, lr_0 = 1.3058e-04
Loss = 1.4820e-04, PNorm = 112.2309, GNorm = 0.1819, lr_0 = 1.3053e-04
Loss = 1.8281e-04, PNorm = 112.2311, GNorm = 0.0898, lr_0 = 1.3048e-04
Loss = 1.5883e-04, PNorm = 112.2311, GNorm = 0.0527, lr_0 = 1.3043e-04
Loss = 1.8241e-04, PNorm = 112.2317, GNorm = 0.0804, lr_0 = 1.3038e-04
Loss = 1.7933e-04, PNorm = 112.2319, GNorm = 0.2871, lr_0 = 1.3033e-04
Loss = 2.0091e-04, PNorm = 112.2317, GNorm = 0.2460, lr_0 = 1.3028e-04
Loss = 1.8518e-04, PNorm = 112.2318, GNorm = 0.1118, lr_0 = 1.3023e-04
Loss = 1.8314e-04, PNorm = 112.2323, GNorm = 0.0335, lr_0 = 1.3018e-04
Loss = 1.5720e-04, PNorm = 112.2325, GNorm = 0.0549, lr_0 = 1.3013e-04
Loss = 1.6818e-04, PNorm = 112.2327, GNorm = 0.1534, lr_0 = 1.3008e-04
Loss = 1.5915e-04, PNorm = 112.2330, GNorm = 0.0799, lr_0 = 1.3003e-04
Loss = 1.7641e-04, PNorm = 112.2336, GNorm = 0.0513, lr_0 = 1.2998e-04
Loss = 1.6095e-04, PNorm = 112.2338, GNorm = 0.1249, lr_0 = 1.2993e-04
Loss = 1.6836e-04, PNorm = 112.2340, GNorm = 0.1959, lr_0 = 1.2988e-04
Loss = 1.7468e-04, PNorm = 112.2339, GNorm = 0.0467, lr_0 = 1.2983e-04
Loss = 1.4280e-04, PNorm = 112.2342, GNorm = 0.0991, lr_0 = 1.2978e-04
Loss = 1.5655e-04, PNorm = 112.2339, GNorm = 0.0814, lr_0 = 1.2973e-04
Loss = 1.6020e-04, PNorm = 112.2345, GNorm = 0.0768, lr_0 = 1.2968e-04
Loss = 1.5419e-04, PNorm = 112.2357, GNorm = 0.0785, lr_0 = 1.2963e-04
Loss = 1.5810e-04, PNorm = 112.2361, GNorm = 0.1032, lr_0 = 1.2958e-04
Loss = 1.6798e-04, PNorm = 112.2365, GNorm = 0.0682, lr_0 = 1.2953e-04
Loss = 1.7350e-04, PNorm = 112.2365, GNorm = 0.0801, lr_0 = 1.2948e-04
Loss = 1.4363e-04, PNorm = 112.2370, GNorm = 0.0928, lr_0 = 1.2943e-04
Loss = 1.4086e-04, PNorm = 112.2375, GNorm = 0.0675, lr_0 = 1.2938e-04
Loss = 1.7587e-04, PNorm = 112.2374, GNorm = 0.0940, lr_0 = 1.2933e-04
Loss = 1.9006e-04, PNorm = 112.2374, GNorm = 0.1620, lr_0 = 1.2928e-04
Loss = 1.6829e-04, PNorm = 112.2382, GNorm = 0.1449, lr_0 = 1.2923e-04
Loss = 1.7657e-04, PNorm = 112.2385, GNorm = 0.2128, lr_0 = 1.2918e-04
Loss = 1.8208e-04, PNorm = 112.2384, GNorm = 0.2373, lr_0 = 1.2913e-04
Loss = 1.7628e-04, PNorm = 112.2384, GNorm = 0.2329, lr_0 = 1.2908e-04
Loss = 1.6920e-04, PNorm = 112.2386, GNorm = 0.0469, lr_0 = 1.2903e-04
Loss = 1.7159e-04, PNorm = 112.2386, GNorm = 0.2993, lr_0 = 1.2898e-04
Loss = 1.6832e-04, PNorm = 112.2380, GNorm = 0.1734, lr_0 = 1.2893e-04
Loss = 1.7966e-04, PNorm = 112.2374, GNorm = 0.1916, lr_0 = 1.2888e-04
Loss = 1.5850e-04, PNorm = 112.2377, GNorm = 0.1409, lr_0 = 1.2883e-04
Loss = 1.3524e-04, PNorm = 112.2383, GNorm = 0.0864, lr_0 = 1.2878e-04
Loss = 1.2709e-04, PNorm = 112.2387, GNorm = 0.0590, lr_0 = 1.2873e-04
Loss = 1.3012e-04, PNorm = 112.2393, GNorm = 0.0712, lr_0 = 1.2868e-04
Loss = 1.1826e-04, PNorm = 112.2400, GNorm = 0.0370, lr_0 = 1.2864e-04
Loss = 1.3389e-04, PNorm = 112.2401, GNorm = 0.0678, lr_0 = 1.2859e-04
Loss = 1.2719e-04, PNorm = 112.2401, GNorm = 0.0285, lr_0 = 1.2854e-04
Loss = 1.5701e-04, PNorm = 112.2399, GNorm = 0.1243, lr_0 = 1.2849e-04
Loss = 1.4219e-04, PNorm = 112.2396, GNorm = 0.0798, lr_0 = 1.2844e-04
Loss = 1.7463e-04, PNorm = 112.2398, GNorm = 0.0808, lr_0 = 1.2839e-04
Loss = 1.7821e-04, PNorm = 112.2402, GNorm = 0.0733, lr_0 = 1.2834e-04
Loss = 1.8164e-04, PNorm = 112.2407, GNorm = 0.0872, lr_0 = 1.2829e-04
Loss = 1.6354e-04, PNorm = 112.2410, GNorm = 0.0411, lr_0 = 1.2824e-04
Loss = 1.7125e-04, PNorm = 112.2415, GNorm = 0.2287, lr_0 = 1.2819e-04
Loss = 1.6891e-04, PNorm = 112.2420, GNorm = 0.0640, lr_0 = 1.2814e-04
Loss = 1.5746e-04, PNorm = 112.2425, GNorm = 0.0666, lr_0 = 1.2809e-04
Loss = 1.5953e-04, PNorm = 112.2426, GNorm = 0.1167, lr_0 = 1.2804e-04
Loss = 1.6419e-04, PNorm = 112.2436, GNorm = 0.0793, lr_0 = 1.2799e-04
Loss = 1.6983e-04, PNorm = 112.2435, GNorm = 0.0376, lr_0 = 1.2795e-04
Loss = 1.5969e-04, PNorm = 112.2431, GNorm = 0.0856, lr_0 = 1.2790e-04
Loss = 1.8503e-04, PNorm = 112.2428, GNorm = 0.0853, lr_0 = 1.2785e-04
Loss = 1.5558e-04, PNorm = 112.2426, GNorm = 0.0431, lr_0 = 1.2780e-04
Loss = 1.7692e-04, PNorm = 112.2428, GNorm = 0.1462, lr_0 = 1.2775e-04
Loss = 1.8321e-04, PNorm = 112.2429, GNorm = 0.2309, lr_0 = 1.2770e-04
Loss = 2.1753e-04, PNorm = 112.2431, GNorm = 0.2426, lr_0 = 1.2765e-04
Loss = 2.2507e-04, PNorm = 112.2440, GNorm = 0.1472, lr_0 = 1.2760e-04
Loss = 1.8539e-04, PNorm = 112.2446, GNorm = 0.0857, lr_0 = 1.2755e-04
Loss = 1.9469e-04, PNorm = 112.2453, GNorm = 0.0564, lr_0 = 1.2750e-04
Loss = 1.7996e-04, PNorm = 112.2453, GNorm = 0.0561, lr_0 = 1.2746e-04
Loss = 1.9098e-04, PNorm = 112.2455, GNorm = 0.1502, lr_0 = 1.2741e-04
Loss = 1.9803e-04, PNorm = 112.2461, GNorm = 0.0717, lr_0 = 1.2736e-04
Loss = 1.7809e-04, PNorm = 112.2467, GNorm = 0.1163, lr_0 = 1.2731e-04
Loss = 1.6493e-04, PNorm = 112.2465, GNorm = 0.0591, lr_0 = 1.2726e-04
Loss = 2.0144e-04, PNorm = 112.2465, GNorm = 0.0672, lr_0 = 1.2721e-04
Loss = 1.7152e-04, PNorm = 112.2472, GNorm = 0.0762, lr_0 = 1.2716e-04
Loss = 1.7638e-04, PNorm = 112.2469, GNorm = 0.1578, lr_0 = 1.2711e-04
Loss = 1.6176e-04, PNorm = 112.2470, GNorm = 0.1795, lr_0 = 1.2706e-04
Loss = 1.8833e-04, PNorm = 112.2471, GNorm = 0.1576, lr_0 = 1.2702e-04
Loss = 1.7100e-04, PNorm = 112.2477, GNorm = 0.2510, lr_0 = 1.2697e-04
Loss = 1.8035e-04, PNorm = 112.2475, GNorm = 0.0706, lr_0 = 1.2692e-04
Loss = 1.6123e-04, PNorm = 112.2472, GNorm = 0.0744, lr_0 = 1.2687e-04
Loss = 1.6451e-04, PNorm = 112.2482, GNorm = 0.1844, lr_0 = 1.2682e-04
Loss = 1.5841e-04, PNorm = 112.2495, GNorm = 0.0788, lr_0 = 1.2677e-04
Loss = 1.4097e-04, PNorm = 112.2501, GNorm = 0.0703, lr_0 = 1.2672e-04
Loss = 1.9111e-04, PNorm = 112.2505, GNorm = 0.1210, lr_0 = 1.2668e-04
Loss = 1.9798e-04, PNorm = 112.2507, GNorm = 0.0437, lr_0 = 1.2663e-04
Loss = 1.6299e-04, PNorm = 112.2512, GNorm = 0.0413, lr_0 = 1.2658e-04
Loss = 1.6762e-04, PNorm = 112.2519, GNorm = 0.0432, lr_0 = 1.2653e-04
Loss = 1.6624e-04, PNorm = 112.2518, GNorm = 0.0472, lr_0 = 1.2648e-04
Loss = 1.5604e-04, PNorm = 112.2521, GNorm = 0.0434, lr_0 = 1.2643e-04
Loss = 1.3732e-04, PNorm = 112.2522, GNorm = 0.0617, lr_0 = 1.2638e-04
Loss = 1.5200e-04, PNorm = 112.2523, GNorm = 0.0738, lr_0 = 1.2634e-04
Loss = 1.6643e-04, PNorm = 112.2521, GNorm = 0.1022, lr_0 = 1.2629e-04
Loss = 1.8041e-04, PNorm = 112.2524, GNorm = 0.0957, lr_0 = 1.2624e-04
Loss = 1.9776e-04, PNorm = 112.2527, GNorm = 0.1656, lr_0 = 1.2619e-04
Loss = 1.9024e-04, PNorm = 112.2523, GNorm = 0.0398, lr_0 = 1.2614e-04
Loss = 2.0818e-04, PNorm = 112.2525, GNorm = 0.0759, lr_0 = 1.2609e-04
Loss = 2.0711e-04, PNorm = 112.2530, GNorm = 0.1933, lr_0 = 1.2604e-04
Loss = 2.3927e-04, PNorm = 112.2537, GNorm = 0.1025, lr_0 = 1.2600e-04
Loss = 1.9552e-04, PNorm = 112.2545, GNorm = 0.1949, lr_0 = 1.2595e-04
Loss = 1.6848e-04, PNorm = 112.2540, GNorm = 0.1344, lr_0 = 1.2590e-04
Loss = 2.2089e-04, PNorm = 112.2535, GNorm = 0.2477, lr_0 = 1.2585e-04
Loss = 1.8468e-04, PNorm = 112.2539, GNorm = 0.2160, lr_0 = 1.2580e-04
Loss = 1.9490e-04, PNorm = 112.2542, GNorm = 0.2027, lr_0 = 1.2575e-04
Loss = 1.8571e-04, PNorm = 112.2544, GNorm = 0.0962, lr_0 = 1.2571e-04
Loss = 1.8449e-04, PNorm = 112.2546, GNorm = 0.0934, lr_0 = 1.2566e-04
Loss = 1.9058e-04, PNorm = 112.2549, GNorm = 0.1990, lr_0 = 1.2561e-04
Loss = 1.6531e-04, PNorm = 112.2559, GNorm = 0.0715, lr_0 = 1.2556e-04
Loss = 1.6206e-04, PNorm = 112.2561, GNorm = 0.1176, lr_0 = 1.2551e-04
Loss = 1.7469e-04, PNorm = 112.2564, GNorm = 0.0633, lr_0 = 1.2547e-04
Loss = 1.4340e-04, PNorm = 112.2573, GNorm = 0.0478, lr_0 = 1.2542e-04
Loss = 2.1441e-04, PNorm = 112.2575, GNorm = 0.2804, lr_0 = 1.2537e-04
Loss = 1.9003e-04, PNorm = 112.2583, GNorm = 0.1614, lr_0 = 1.2532e-04
Loss = 1.8194e-04, PNorm = 112.2595, GNorm = 0.1589, lr_0 = 1.2527e-04
Loss = 2.2725e-04, PNorm = 112.2603, GNorm = 0.1657, lr_0 = 1.2522e-04
Loss = 1.6139e-04, PNorm = 112.2607, GNorm = 0.1089, lr_0 = 1.2518e-04
Loss = 1.7542e-04, PNorm = 112.2609, GNorm = 0.0358, lr_0 = 1.2513e-04
Loss = 1.7418e-04, PNorm = 112.2608, GNorm = 0.0367, lr_0 = 1.2508e-04
Loss = 1.4130e-04, PNorm = 112.2606, GNorm = 0.0626, lr_0 = 1.2503e-04
Loss = 1.4950e-04, PNorm = 112.2610, GNorm = 0.0580, lr_0 = 1.2498e-04
Loss = 1.3917e-04, PNorm = 112.2607, GNorm = 0.0355, lr_0 = 1.2494e-04
Loss = 1.5496e-04, PNorm = 112.2607, GNorm = 0.0834, lr_0 = 1.2489e-04
Loss = 1.3940e-04, PNorm = 112.2609, GNorm = 0.0380, lr_0 = 1.2484e-04
Loss = 1.4103e-04, PNorm = 112.2611, GNorm = 0.0604, lr_0 = 1.2479e-04
Loss = 1.6089e-04, PNorm = 112.2611, GNorm = 0.0916, lr_0 = 1.2474e-04
Loss = 1.4159e-04, PNorm = 112.2618, GNorm = 0.1073, lr_0 = 1.2470e-04
Loss = 1.5765e-04, PNorm = 112.2624, GNorm = 0.0985, lr_0 = 1.2465e-04
Loss = 1.9289e-04, PNorm = 112.2622, GNorm = 0.0399, lr_0 = 1.2460e-04
Loss = 1.8954e-04, PNorm = 112.2627, GNorm = 0.0721, lr_0 = 1.2455e-04
Loss = 1.7678e-04, PNorm = 112.2634, GNorm = 0.0675, lr_0 = 1.2451e-04
Loss = 1.8194e-04, PNorm = 112.2634, GNorm = 0.1704, lr_0 = 1.2446e-04
Loss = 1.6690e-04, PNorm = 112.2635, GNorm = 0.1138, lr_0 = 1.2441e-04
Loss = 1.5569e-04, PNorm = 112.2641, GNorm = 0.0776, lr_0 = 1.2436e-04
Loss = 1.7840e-04, PNorm = 112.2648, GNorm = 0.2555, lr_0 = 1.2431e-04
Loss = 1.9616e-04, PNorm = 112.2660, GNorm = 0.1923, lr_0 = 1.2427e-04
Loss = 1.5931e-04, PNorm = 112.2664, GNorm = 0.0343, lr_0 = 1.2422e-04
Loss = 1.5711e-04, PNorm = 112.2662, GNorm = 0.0741, lr_0 = 1.2417e-04
Loss = 1.7602e-04, PNorm = 112.2660, GNorm = 0.0849, lr_0 = 1.2412e-04
Loss = 1.4400e-04, PNorm = 112.2662, GNorm = 0.0842, lr_0 = 1.2408e-04
Loss = 1.5737e-04, PNorm = 112.2663, GNorm = 0.0917, lr_0 = 1.2403e-04
Loss = 1.6722e-04, PNorm = 112.2666, GNorm = 0.0845, lr_0 = 1.2398e-04
Loss = 1.5929e-04, PNorm = 112.2667, GNorm = 0.2914, lr_0 = 1.2393e-04
Loss = 1.8087e-04, PNorm = 112.2673, GNorm = 0.1474, lr_0 = 1.2389e-04
Loss = 1.6841e-04, PNorm = 112.2678, GNorm = 0.1411, lr_0 = 1.2384e-04
Loss = 1.5873e-04, PNorm = 112.2677, GNorm = 0.0709, lr_0 = 1.2379e-04
Loss = 1.8223e-04, PNorm = 112.2680, GNorm = 0.0337, lr_0 = 1.2374e-04
Loss = 1.4487e-04, PNorm = 112.2682, GNorm = 0.0539, lr_0 = 1.2370e-04
Loss = 1.6851e-04, PNorm = 112.2689, GNorm = 0.0697, lr_0 = 1.2365e-04
Loss = 1.4609e-04, PNorm = 112.2693, GNorm = 0.1255, lr_0 = 1.2360e-04
Loss = 1.3657e-04, PNorm = 112.2696, GNorm = 0.0384, lr_0 = 1.2355e-04
Loss = 1.4495e-04, PNorm = 112.2704, GNorm = 0.0332, lr_0 = 1.2351e-04
Loss = 1.5443e-04, PNorm = 112.2707, GNorm = 0.0567, lr_0 = 1.2346e-04
Loss = 1.4843e-04, PNorm = 112.2709, GNorm = 0.0890, lr_0 = 1.2341e-04
Loss = 1.3752e-04, PNorm = 112.2704, GNorm = 0.2317, lr_0 = 1.2336e-04
Loss = 1.6256e-04, PNorm = 112.2701, GNorm = 0.1009, lr_0 = 1.2332e-04
Loss = 1.2747e-04, PNorm = 112.2699, GNorm = 0.0955, lr_0 = 1.2327e-04
Loss = 1.5892e-04, PNorm = 112.2701, GNorm = 0.0716, lr_0 = 1.2322e-04
Loss = 1.5021e-04, PNorm = 112.2700, GNorm = 0.1517, lr_0 = 1.2317e-04
Loss = 1.6251e-04, PNorm = 112.2699, GNorm = 0.0860, lr_0 = 1.2313e-04
Loss = 1.5261e-04, PNorm = 112.2699, GNorm = 0.0513, lr_0 = 1.2308e-04
Loss = 1.6173e-04, PNorm = 112.2703, GNorm = 0.1381, lr_0 = 1.2303e-04
Loss = 1.3680e-04, PNorm = 112.2707, GNorm = 0.1273, lr_0 = 1.2299e-04
Loss = 1.3187e-04, PNorm = 112.2710, GNorm = 0.0302, lr_0 = 1.2294e-04
Loss = 1.3014e-04, PNorm = 112.2708, GNorm = 0.0794, lr_0 = 1.2289e-04
Loss = 1.3501e-04, PNorm = 112.2709, GNorm = 0.0404, lr_0 = 1.2284e-04
Loss = 1.2495e-04, PNorm = 112.2709, GNorm = 0.0519, lr_0 = 1.2280e-04
Loss = 1.4716e-04, PNorm = 112.2713, GNorm = 0.1235, lr_0 = 1.2275e-04
Loss = 1.4061e-04, PNorm = 112.2711, GNorm = 0.0535, lr_0 = 1.2270e-04
Loss = 1.5597e-04, PNorm = 112.2708, GNorm = 0.1565, lr_0 = 1.2266e-04
Loss = 1.4372e-04, PNorm = 112.2715, GNorm = 0.1344, lr_0 = 1.2261e-04
Loss = 1.2691e-04, PNorm = 112.2716, GNorm = 0.1527, lr_0 = 1.2256e-04
Loss = 1.1362e-04, PNorm = 112.2712, GNorm = 0.0560, lr_0 = 1.2251e-04
Loss = 1.3802e-04, PNorm = 112.2718, GNorm = 0.0307, lr_0 = 1.2247e-04
Loss = 1.4797e-04, PNorm = 112.2719, GNorm = 0.1171, lr_0 = 1.2242e-04
Loss = 1.3987e-04, PNorm = 112.2723, GNorm = 0.1027, lr_0 = 1.2237e-04
Loss = 1.0939e-04, PNorm = 112.2722, GNorm = 0.0351, lr_0 = 1.2233e-04
Loss = 1.4637e-04, PNorm = 112.2720, GNorm = 0.1446, lr_0 = 1.2228e-04
Loss = 1.3781e-04, PNorm = 112.2725, GNorm = 0.0416, lr_0 = 1.2223e-04
Loss = 1.3438e-04, PNorm = 112.2724, GNorm = 0.1137, lr_0 = 1.2219e-04
Loss = 1.1953e-04, PNorm = 112.2726, GNorm = 0.0537, lr_0 = 1.2214e-04
Loss = 1.1829e-04, PNorm = 112.2731, GNorm = 0.0520, lr_0 = 1.2209e-04
Loss = 1.1321e-04, PNorm = 112.2733, GNorm = 0.0387, lr_0 = 1.2204e-04
Loss = 1.2067e-04, PNorm = 112.2735, GNorm = 0.0446, lr_0 = 1.2200e-04
Loss = 1.4787e-04, PNorm = 112.2740, GNorm = 0.2272, lr_0 = 1.2195e-04
Loss = 1.5580e-04, PNorm = 112.2742, GNorm = 0.1375, lr_0 = 1.2190e-04
Loss = 1.2919e-04, PNorm = 112.2743, GNorm = 0.1181, lr_0 = 1.2186e-04
Loss = 1.4019e-04, PNorm = 112.2742, GNorm = 0.1563, lr_0 = 1.2181e-04
Loss = 1.5378e-04, PNorm = 112.2743, GNorm = 0.0877, lr_0 = 1.2176e-04
Loss = 1.4843e-04, PNorm = 112.2744, GNorm = 0.0926, lr_0 = 1.2172e-04
Loss = 1.5718e-04, PNorm = 112.2746, GNorm = 0.0768, lr_0 = 1.2167e-04
Loss = 1.6473e-04, PNorm = 112.2750, GNorm = 0.0809, lr_0 = 1.2162e-04
Loss = 1.7221e-04, PNorm = 112.2747, GNorm = 0.0431, lr_0 = 1.2158e-04
Loss = 1.6412e-04, PNorm = 112.2749, GNorm = 0.1560, lr_0 = 1.2153e-04
Loss = 1.6581e-04, PNorm = 112.2755, GNorm = 0.1139, lr_0 = 1.2148e-04
Loss = 1.5093e-04, PNorm = 112.2751, GNorm = 0.1012, lr_0 = 1.2144e-04
Loss = 1.7958e-04, PNorm = 112.2757, GNorm = 0.1529, lr_0 = 1.2139e-04
Loss = 1.5700e-04, PNorm = 112.2759, GNorm = 0.0565, lr_0 = 1.2134e-04
Loss = 1.4957e-04, PNorm = 112.2761, GNorm = 0.0924, lr_0 = 1.2130e-04
Loss = 1.4003e-04, PNorm = 112.2756, GNorm = 0.1091, lr_0 = 1.2125e-04
Loss = 1.6081e-04, PNorm = 112.2759, GNorm = 0.0763, lr_0 = 1.2120e-04
Loss = 1.3994e-04, PNorm = 112.2766, GNorm = 0.0550, lr_0 = 1.2116e-04
Loss = 1.2986e-04, PNorm = 112.2777, GNorm = 0.0926, lr_0 = 1.2111e-04
Loss = 1.4825e-04, PNorm = 112.2783, GNorm = 0.0523, lr_0 = 1.2106e-04
Loss = 1.2754e-04, PNorm = 112.2785, GNorm = 0.0765, lr_0 = 1.2102e-04
Loss = 1.4072e-04, PNorm = 112.2788, GNorm = 0.0406, lr_0 = 1.2097e-04
Loss = 1.3105e-04, PNorm = 112.2787, GNorm = 0.0905, lr_0 = 1.2093e-04
Loss = 1.3390e-04, PNorm = 112.2789, GNorm = 0.0250, lr_0 = 1.2088e-04
Loss = 1.2033e-04, PNorm = 112.2794, GNorm = 0.1696, lr_0 = 1.2083e-04
Loss = 1.4670e-04, PNorm = 112.2793, GNorm = 0.1722, lr_0 = 1.2079e-04
Loss = 1.4389e-04, PNorm = 112.2797, GNorm = 0.0719, lr_0 = 1.2074e-04
Loss = 1.4339e-04, PNorm = 112.2803, GNorm = 0.0437, lr_0 = 1.2069e-04
Loss = 1.2188e-04, PNorm = 112.2805, GNorm = 0.0417, lr_0 = 1.2065e-04
Loss = 1.3565e-04, PNorm = 112.2807, GNorm = 0.1647, lr_0 = 1.2060e-04
Loss = 1.3612e-04, PNorm = 112.2814, GNorm = 0.1776, lr_0 = 1.2055e-04
Loss = 1.4521e-04, PNorm = 112.2814, GNorm = 0.2572, lr_0 = 1.2051e-04
Loss = 1.3366e-04, PNorm = 112.2813, GNorm = 0.0802, lr_0 = 1.2046e-04
Loss = 1.2258e-04, PNorm = 112.2814, GNorm = 0.0278, lr_0 = 1.2042e-04
Loss = 1.3397e-04, PNorm = 112.2820, GNorm = 0.0352, lr_0 = 1.2037e-04
Loss = 1.4295e-04, PNorm = 112.2821, GNorm = 0.0934, lr_0 = 1.2032e-04
Loss = 1.4113e-04, PNorm = 112.2826, GNorm = 0.0700, lr_0 = 1.2028e-04
Loss = 1.3613e-04, PNorm = 112.2822, GNorm = 0.0395, lr_0 = 1.2023e-04
Loss = 1.4019e-04, PNorm = 112.2828, GNorm = 0.1748, lr_0 = 1.2018e-04
Loss = 1.4906e-04, PNorm = 112.2828, GNorm = 0.2026, lr_0 = 1.2014e-04
Loss = 1.5130e-04, PNorm = 112.2829, GNorm = 0.0535, lr_0 = 1.2009e-04
Loss = 1.9961e-04, PNorm = 112.2837, GNorm = 0.0405, lr_0 = 1.2005e-04
Loss = 1.9200e-04, PNorm = 112.2842, GNorm = 0.1301, lr_0 = 1.2000e-04
Loss = 1.4782e-04, PNorm = 112.2846, GNorm = 0.0760, lr_0 = 1.1995e-04
Loss = 1.6414e-04, PNorm = 112.2848, GNorm = 0.1683, lr_0 = 1.1991e-04
Loss = 2.3786e-04, PNorm = 112.2854, GNorm = 0.0500, lr_0 = 1.1986e-04
Loss = 2.0422e-04, PNorm = 112.2865, GNorm = 0.0814, lr_0 = 1.1982e-04
Loss = 1.6554e-04, PNorm = 112.2872, GNorm = 0.0777, lr_0 = 1.1977e-04
Loss = 1.7636e-04, PNorm = 112.2875, GNorm = 0.0502, lr_0 = 1.1972e-04
Loss = 1.7181e-04, PNorm = 112.2877, GNorm = 0.1114, lr_0 = 1.1968e-04
Loss = 1.7411e-04, PNorm = 112.2881, GNorm = 0.1759, lr_0 = 1.1963e-04
Loss = 1.6732e-04, PNorm = 112.2881, GNorm = 0.0383, lr_0 = 1.1959e-04
Loss = 1.5034e-04, PNorm = 112.2882, GNorm = 0.1544, lr_0 = 1.1954e-04
Loss = 1.8690e-04, PNorm = 112.2883, GNorm = 0.2592, lr_0 = 1.1949e-04
Loss = 1.8510e-04, PNorm = 112.2881, GNorm = 0.0424, lr_0 = 1.1945e-04
Loss = 1.7156e-04, PNorm = 112.2889, GNorm = 0.0958, lr_0 = 1.1940e-04
Loss = 1.4822e-04, PNorm = 112.2894, GNorm = 0.1494, lr_0 = 1.1936e-04
Loss = 1.6472e-04, PNorm = 112.2895, GNorm = 0.2290, lr_0 = 1.1931e-04
Loss = 1.3395e-04, PNorm = 112.2898, GNorm = 0.0773, lr_0 = 1.1927e-04
Loss = 1.4712e-04, PNorm = 112.2902, GNorm = 0.1060, lr_0 = 1.1922e-04
Loss = 2.0205e-04, PNorm = 112.2904, GNorm = 0.0382, lr_0 = 1.1917e-04
Loss = 1.5970e-04, PNorm = 112.2904, GNorm = 0.0620, lr_0 = 1.1913e-04
Loss = 1.7506e-04, PNorm = 112.2905, GNorm = 0.1067, lr_0 = 1.1908e-04
Loss = 1.5756e-04, PNorm = 112.2908, GNorm = 0.0847, lr_0 = 1.1904e-04
Loss = 1.4094e-04, PNorm = 112.2913, GNorm = 0.0759, lr_0 = 1.1899e-04
Loss = 1.3794e-04, PNorm = 112.2918, GNorm = 0.0923, lr_0 = 1.1895e-04
Loss = 1.3698e-04, PNorm = 112.2921, GNorm = 0.0470, lr_0 = 1.1890e-04
Loss = 1.4499e-04, PNorm = 112.2924, GNorm = 0.1017, lr_0 = 1.1885e-04
Loss = 1.4355e-04, PNorm = 112.2925, GNorm = 0.0490, lr_0 = 1.1881e-04
Loss = 1.3806e-04, PNorm = 112.2927, GNorm = 0.0663, lr_0 = 1.1876e-04
Loss = 1.3466e-04, PNorm = 112.2928, GNorm = 0.1267, lr_0 = 1.1872e-04
Loss = 1.3717e-04, PNorm = 112.2930, GNorm = 0.1099, lr_0 = 1.1867e-04
Loss = 1.5106e-04, PNorm = 112.2929, GNorm = 0.1502, lr_0 = 1.1863e-04
Loss = 1.5409e-04, PNorm = 112.2928, GNorm = 0.2879, lr_0 = 1.1858e-04
Loss = 1.6183e-04, PNorm = 112.2939, GNorm = 0.0725, lr_0 = 1.1853e-04
Loss = 1.3024e-04, PNorm = 112.2942, GNorm = 0.0477, lr_0 = 1.1849e-04
Loss = 1.3047e-04, PNorm = 112.2943, GNorm = 0.0285, lr_0 = 1.1844e-04
Loss = 1.4504e-04, PNorm = 112.2951, GNorm = 0.1015, lr_0 = 1.1840e-04
Loss = 1.3238e-04, PNorm = 112.2958, GNorm = 0.0449, lr_0 = 1.1835e-04
Loss = 1.4504e-04, PNorm = 112.2959, GNorm = 0.0608, lr_0 = 1.1831e-04
Loss = 1.5377e-04, PNorm = 112.2962, GNorm = 0.0855, lr_0 = 1.1826e-04
Loss = 1.3637e-04, PNorm = 112.2962, GNorm = 0.0447, lr_0 = 1.1822e-04
Loss = 1.2388e-04, PNorm = 112.2961, GNorm = 0.1416, lr_0 = 1.1817e-04
Loss = 1.5439e-04, PNorm = 112.2964, GNorm = 0.0814, lr_0 = 1.1813e-04
Loss = 1.4887e-04, PNorm = 112.2964, GNorm = 0.1687, lr_0 = 1.1808e-04
Loss = 1.9059e-04, PNorm = 112.2962, GNorm = 0.1569, lr_0 = 1.1804e-04
Loss = 1.8228e-04, PNorm = 112.2964, GNorm = 0.0865, lr_0 = 1.1799e-04
Loss = 1.6650e-04, PNorm = 112.2964, GNorm = 0.0581, lr_0 = 1.1794e-04
Loss = 1.6033e-04, PNorm = 112.2968, GNorm = 0.1627, lr_0 = 1.1790e-04
Loss = 1.8036e-04, PNorm = 112.2975, GNorm = 0.2577, lr_0 = 1.1785e-04
Loss = 1.6190e-04, PNorm = 112.2981, GNorm = 0.0441, lr_0 = 1.1781e-04
Loss = 1.2920e-04, PNorm = 112.2987, GNorm = 0.0250, lr_0 = 1.1776e-04
Loss = 1.5006e-04, PNorm = 112.2990, GNorm = 0.0710, lr_0 = 1.1772e-04
Loss = 1.3195e-04, PNorm = 112.2994, GNorm = 0.0572, lr_0 = 1.1767e-04
Loss = 1.4000e-04, PNorm = 112.3000, GNorm = 0.0568, lr_0 = 1.1763e-04
Loss = 1.4542e-04, PNorm = 112.3001, GNorm = 0.0753, lr_0 = 1.1758e-04
Loss = 1.7548e-04, PNorm = 112.2998, GNorm = 0.0999, lr_0 = 1.1754e-04
Loss = 2.0480e-04, PNorm = 112.2998, GNorm = 0.1266, lr_0 = 1.1749e-04
Loss = 1.7479e-04, PNorm = 112.3000, GNorm = 0.0691, lr_0 = 1.1745e-04
Loss = 1.4686e-04, PNorm = 112.2998, GNorm = 0.1390, lr_0 = 1.1740e-04
Loss = 2.1479e-04, PNorm = 112.3002, GNorm = 0.1714, lr_0 = 1.1736e-04
Loss = 1.7905e-04, PNorm = 112.3005, GNorm = 0.1921, lr_0 = 1.1731e-04
Loss = 1.8996e-04, PNorm = 112.3009, GNorm = 0.2499, lr_0 = 1.1727e-04
Loss = 2.3471e-04, PNorm = 112.3013, GNorm = 0.0405, lr_0 = 1.1722e-04
Loss = 1.9803e-04, PNorm = 112.3013, GNorm = 0.2102, lr_0 = 1.1718e-04
Loss = 2.0394e-04, PNorm = 112.3020, GNorm = 0.0393, lr_0 = 1.1713e-04
Loss = 1.8995e-04, PNorm = 112.3025, GNorm = 0.2979, lr_0 = 1.1709e-04
Loss = 2.2936e-04, PNorm = 112.3027, GNorm = 0.2749, lr_0 = 1.1704e-04
Loss = 2.8477e-04, PNorm = 112.3031, GNorm = 0.3342, lr_0 = 1.1700e-04
Loss = 2.3807e-04, PNorm = 112.3031, GNorm = 0.1646, lr_0 = 1.1695e-04
Loss = 1.6629e-04, PNorm = 112.3028, GNorm = 0.0672, lr_0 = 1.1691e-04
Loss = 1.7590e-04, PNorm = 112.3029, GNorm = 0.0652, lr_0 = 1.1686e-04
Loss = 1.7835e-04, PNorm = 112.3029, GNorm = 0.1619, lr_0 = 1.1682e-04
Loss = 1.8187e-04, PNorm = 112.3030, GNorm = 0.1420, lr_0 = 1.1677e-04
Loss = 1.6932e-04, PNorm = 112.3033, GNorm = 0.1955, lr_0 = 1.1673e-04
Loss = 1.7107e-04, PNorm = 112.3034, GNorm = 0.1818, lr_0 = 1.1668e-04
Loss = 1.6353e-04, PNorm = 112.3038, GNorm = 0.1646, lr_0 = 1.1664e-04
Loss = 1.5322e-04, PNorm = 112.3043, GNorm = 0.0491, lr_0 = 1.1659e-04
Loss = 1.8578e-04, PNorm = 112.3053, GNorm = 0.0583, lr_0 = 1.1655e-04
Loss = 1.7326e-04, PNorm = 112.3053, GNorm = 0.0693, lr_0 = 1.1650e-04
Loss = 1.7391e-04, PNorm = 112.3058, GNorm = 0.0393, lr_0 = 1.1646e-04
Loss = 1.5408e-04, PNorm = 112.3063, GNorm = 0.0281, lr_0 = 1.1642e-04
Loss = 1.6985e-04, PNorm = 112.3061, GNorm = 0.0811, lr_0 = 1.1637e-04
Loss = 1.5074e-04, PNorm = 112.3065, GNorm = 0.0895, lr_0 = 1.1633e-04
Loss = 1.6333e-04, PNorm = 112.3069, GNorm = 0.0451, lr_0 = 1.1628e-04
Loss = 1.4117e-04, PNorm = 112.3072, GNorm = 0.0505, lr_0 = 1.1624e-04
Loss = 1.3324e-04, PNorm = 112.3078, GNorm = 0.1112, lr_0 = 1.1619e-04
Loss = 1.4145e-04, PNorm = 112.3081, GNorm = 0.0905, lr_0 = 1.1615e-04
Loss = 1.1912e-04, PNorm = 112.3079, GNorm = 0.0759, lr_0 = 1.1610e-04
Loss = 1.3803e-04, PNorm = 112.3083, GNorm = 0.0516, lr_0 = 1.1606e-04
Loss = 1.2499e-04, PNorm = 112.3088, GNorm = 0.0420, lr_0 = 1.1601e-04
Loss = 1.3656e-04, PNorm = 112.3093, GNorm = 0.1377, lr_0 = 1.1597e-04
Loss = 1.3632e-04, PNorm = 112.3095, GNorm = 0.0659, lr_0 = 1.1592e-04
Loss = 1.1995e-04, PNorm = 112.3095, GNorm = 0.0958, lr_0 = 1.1588e-04
Loss = 1.5520e-04, PNorm = 112.3091, GNorm = 0.0838, lr_0 = 1.1584e-04
Loss = 1.7208e-04, PNorm = 112.3091, GNorm = 0.0483, lr_0 = 1.1579e-04
Loss = 1.3803e-04, PNorm = 112.3089, GNorm = 0.1066, lr_0 = 1.1575e-04
Loss = 1.1653e-04, PNorm = 112.3091, GNorm = 0.0347, lr_0 = 1.1570e-04
Loss = 1.3087e-04, PNorm = 112.3093, GNorm = 0.0352, lr_0 = 1.1566e-04
Loss = 1.2461e-04, PNorm = 112.3093, GNorm = 0.1049, lr_0 = 1.1561e-04
Loss = 1.2237e-04, PNorm = 112.3091, GNorm = 0.1346, lr_0 = 1.1557e-04
Loss = 1.1881e-04, PNorm = 112.3087, GNorm = 0.0463, lr_0 = 1.1552e-04
Loss = 1.4027e-04, PNorm = 112.3084, GNorm = 0.1484, lr_0 = 1.1548e-04
Loss = 1.0094e-04, PNorm = 112.3081, GNorm = 0.0551, lr_0 = 1.1544e-04
Loss = 1.2526e-04, PNorm = 112.3088, GNorm = 0.0706, lr_0 = 1.1539e-04
Loss = 1.1806e-04, PNorm = 112.3086, GNorm = 0.0689, lr_0 = 1.1535e-04
Loss = 1.1657e-04, PNorm = 112.3086, GNorm = 0.1031, lr_0 = 1.1530e-04
Loss = 1.1591e-04, PNorm = 112.3087, GNorm = 0.1147, lr_0 = 1.1526e-04
Loss = 1.1538e-04, PNorm = 112.3090, GNorm = 0.1438, lr_0 = 1.1521e-04
Loss = 1.1730e-04, PNorm = 112.3094, GNorm = 0.0577, lr_0 = 1.1517e-04
Loss = 1.3317e-04, PNorm = 112.3098, GNorm = 0.0825, lr_0 = 1.1513e-04
Loss = 1.3691e-04, PNorm = 112.3103, GNorm = 0.0508, lr_0 = 1.1508e-04
Loss = 1.2968e-04, PNorm = 112.3106, GNorm = 0.1625, lr_0 = 1.1504e-04
Loss = 1.3994e-04, PNorm = 112.3107, GNorm = 0.0823, lr_0 = 1.1499e-04
Loss = 1.3231e-04, PNorm = 112.3111, GNorm = 0.1635, lr_0 = 1.1495e-04
Loss = 1.3763e-04, PNorm = 112.3118, GNorm = 0.1099, lr_0 = 1.1491e-04
Loss = 1.3133e-04, PNorm = 112.3122, GNorm = 0.0686, lr_0 = 1.1486e-04
Loss = 1.2436e-04, PNorm = 112.3122, GNorm = 0.0906, lr_0 = 1.1482e-04
Loss = 1.2132e-04, PNorm = 112.3128, GNorm = 0.0977, lr_0 = 1.1477e-04
Loss = 1.2978e-04, PNorm = 112.3132, GNorm = 0.2386, lr_0 = 1.1473e-04
Loss = 1.2860e-04, PNorm = 112.3132, GNorm = 0.1011, lr_0 = 1.1469e-04
Loss = 1.1391e-04, PNorm = 112.3131, GNorm = 0.1234, lr_0 = 1.1464e-04
Loss = 1.1117e-04, PNorm = 112.3131, GNorm = 0.1128, lr_0 = 1.1460e-04
Loss = 1.3960e-04, PNorm = 112.3132, GNorm = 0.1240, lr_0 = 1.1455e-04
Loss = 1.3939e-04, PNorm = 112.3138, GNorm = 0.0442, lr_0 = 1.1451e-04
Loss = 1.6133e-04, PNorm = 112.3139, GNorm = 0.0667, lr_0 = 1.1447e-04
Loss = 1.6223e-04, PNorm = 112.3134, GNorm = 0.0502, lr_0 = 1.1442e-04
Loss = 1.3773e-04, PNorm = 112.3130, GNorm = 0.1316, lr_0 = 1.1438e-04
Loss = 1.2344e-04, PNorm = 112.3132, GNorm = 0.0686, lr_0 = 1.1433e-04
Loss = 1.2778e-04, PNorm = 112.3131, GNorm = 0.0397, lr_0 = 1.1429e-04
Loss = 1.3718e-04, PNorm = 112.3133, GNorm = 0.0641, lr_0 = 1.1425e-04
Loss = 1.1608e-04, PNorm = 112.3131, GNorm = 0.1909, lr_0 = 1.1420e-04
Loss = 1.2504e-04, PNorm = 112.3134, GNorm = 0.1735, lr_0 = 1.1416e-04
Loss = 1.3500e-04, PNorm = 112.3137, GNorm = 0.1479, lr_0 = 1.1411e-04
Loss = 1.1536e-04, PNorm = 112.3141, GNorm = 0.0543, lr_0 = 1.1407e-04
Loss = 1.3685e-04, PNorm = 112.3138, GNorm = 0.0347, lr_0 = 1.1403e-04
Loss = 1.3984e-04, PNorm = 112.3141, GNorm = 0.0540, lr_0 = 1.1398e-04
Loss = 1.5415e-04, PNorm = 112.3148, GNorm = 0.1530, lr_0 = 1.1394e-04
Loss = 1.7554e-04, PNorm = 112.3151, GNorm = 0.1659, lr_0 = 1.1390e-04
Loss = 1.3479e-04, PNorm = 112.3150, GNorm = 0.0409, lr_0 = 1.1385e-04
Loss = 1.3278e-04, PNorm = 112.3152, GNorm = 0.0795, lr_0 = 1.1381e-04
Loss = 1.3377e-04, PNorm = 112.3151, GNorm = 0.0383, lr_0 = 1.1376e-04
Loss = 1.2737e-04, PNorm = 112.3153, GNorm = 0.0891, lr_0 = 1.1372e-04
Loss = 1.2459e-04, PNorm = 112.3154, GNorm = 0.1227, lr_0 = 1.1368e-04
Loss = 1.3701e-04, PNorm = 112.3156, GNorm = 0.1139, lr_0 = 1.1363e-04
Loss = 1.2862e-04, PNorm = 112.3158, GNorm = 0.1586, lr_0 = 1.1359e-04
Loss = 9.9276e-05, PNorm = 112.3154, GNorm = 0.0932, lr_0 = 1.1355e-04
Loss = 1.1751e-04, PNorm = 112.3156, GNorm = 0.0682, lr_0 = 1.1350e-04
Loss = 1.0743e-04, PNorm = 112.3156, GNorm = 0.0411, lr_0 = 1.1346e-04
Loss = 1.2189e-04, PNorm = 112.3152, GNorm = 0.0577, lr_0 = 1.1342e-04
Loss = 1.2477e-04, PNorm = 112.3153, GNorm = 0.0378, lr_0 = 1.1337e-04
Loss = 1.1025e-04, PNorm = 112.3155, GNorm = 0.0245, lr_0 = 1.1333e-04
Loss = 1.0573e-04, PNorm = 112.3159, GNorm = 0.0317, lr_0 = 1.1328e-04
Loss = 1.8152e-04, PNorm = 112.3162, GNorm = 0.1457, lr_0 = 1.1324e-04
Loss = 2.0721e-04, PNorm = 112.3161, GNorm = 0.0742, lr_0 = 1.1320e-04
Loss = 1.5861e-04, PNorm = 112.3160, GNorm = 0.0599, lr_0 = 1.1315e-04
Loss = 1.3578e-04, PNorm = 112.3164, GNorm = 0.0974, lr_0 = 1.1311e-04
Loss = 1.2393e-04, PNorm = 112.3161, GNorm = 0.0718, lr_0 = 1.1307e-04
Loss = 1.2937e-04, PNorm = 112.3161, GNorm = 0.0763, lr_0 = 1.1302e-04
Loss = 1.2300e-04, PNorm = 112.3167, GNorm = 0.0377, lr_0 = 1.1298e-04
Loss = 1.4444e-04, PNorm = 112.3168, GNorm = 0.0363, lr_0 = 1.1294e-04
Loss = 1.4977e-04, PNorm = 112.3172, GNorm = 0.0299, lr_0 = 1.1289e-04
Loss = 1.3316e-04, PNorm = 112.3175, GNorm = 0.1182, lr_0 = 1.1285e-04
Loss = 1.2759e-04, PNorm = 112.3177, GNorm = 0.0384, lr_0 = 1.1281e-04
Loss = 1.5269e-04, PNorm = 112.3179, GNorm = 0.2202, lr_0 = 1.1276e-04
Loss = 1.3915e-04, PNorm = 112.3180, GNorm = 0.0571, lr_0 = 1.1272e-04
Loss = 1.3595e-04, PNorm = 112.3180, GNorm = 0.0493, lr_0 = 1.1268e-04
Loss = 1.1817e-04, PNorm = 112.3182, GNorm = 0.0547, lr_0 = 1.1263e-04
Loss = 1.0287e-04, PNorm = 112.3184, GNorm = 0.0596, lr_0 = 1.1259e-04
Loss = 1.1458e-04, PNorm = 112.3184, GNorm = 0.0713, lr_0 = 1.1255e-04
Loss = 1.2576e-04, PNorm = 112.3181, GNorm = 0.0718, lr_0 = 1.1250e-04
Loss = 1.2398e-04, PNorm = 112.3190, GNorm = 0.1470, lr_0 = 1.1246e-04
Loss = 1.1947e-04, PNorm = 112.3198, GNorm = 0.0975, lr_0 = 1.1242e-04
Loss = 1.1234e-04, PNorm = 112.3203, GNorm = 0.0604, lr_0 = 1.1238e-04
Loss = 1.2197e-04, PNorm = 112.3204, GNorm = 0.0715, lr_0 = 1.1233e-04
Loss = 1.1137e-04, PNorm = 112.3204, GNorm = 0.1545, lr_0 = 1.1229e-04
Loss = 9.9798e-05, PNorm = 112.3206, GNorm = 0.0403, lr_0 = 1.1225e-04
Loss = 1.0191e-04, PNorm = 112.3208, GNorm = 0.0918, lr_0 = 1.1220e-04
Loss = 1.0476e-04, PNorm = 112.3210, GNorm = 0.0830, lr_0 = 1.1216e-04
Loss = 1.4358e-04, PNorm = 112.3205, GNorm = 0.0561, lr_0 = 1.1212e-04
Loss = 1.2537e-04, PNorm = 112.3207, GNorm = 0.1270, lr_0 = 1.1207e-04
Loss = 1.4000e-04, PNorm = 112.3211, GNorm = 0.0282, lr_0 = 1.1203e-04
Loss = 1.3180e-04, PNorm = 112.3211, GNorm = 0.0800, lr_0 = 1.1199e-04
Loss = 1.1596e-04, PNorm = 112.3217, GNorm = 0.0510, lr_0 = 1.1194e-04
Loss = 1.0949e-04, PNorm = 112.3222, GNorm = 0.0324, lr_0 = 1.1190e-04
Loss = 1.2276e-04, PNorm = 112.3228, GNorm = 0.0773, lr_0 = 1.1186e-04
Loss = 1.2585e-04, PNorm = 112.3232, GNorm = 0.0360, lr_0 = 1.1182e-04
Loss = 1.2644e-04, PNorm = 112.3232, GNorm = 0.1381, lr_0 = 1.1177e-04
Loss = 1.4972e-04, PNorm = 112.3230, GNorm = 0.2027, lr_0 = 1.1173e-04
Loss = 1.1876e-04, PNorm = 112.3231, GNorm = 0.0336, lr_0 = 1.1169e-04
Loss = 1.5147e-04, PNorm = 112.3226, GNorm = 0.1095, lr_0 = 1.1164e-04
Loss = 1.3661e-04, PNorm = 112.3220, GNorm = 0.0551, lr_0 = 1.1160e-04
Loss = 1.1992e-04, PNorm = 112.3220, GNorm = 0.1126, lr_0 = 1.1156e-04
Loss = 1.0748e-04, PNorm = 112.3222, GNorm = 0.1557, lr_0 = 1.1152e-04
Loss = 1.1368e-04, PNorm = 112.3226, GNorm = 0.0666, lr_0 = 1.1147e-04
Loss = 1.2666e-04, PNorm = 112.3230, GNorm = 0.1869, lr_0 = 1.1143e-04
Loss = 1.1337e-04, PNorm = 112.3234, GNorm = 0.0308, lr_0 = 1.1139e-04
Loss = 1.0303e-04, PNorm = 112.3238, GNorm = 0.0793, lr_0 = 1.1134e-04
Loss = 1.0509e-04, PNorm = 112.3236, GNorm = 0.0830, lr_0 = 1.1130e-04
Loss = 1.1053e-04, PNorm = 112.3236, GNorm = 0.0350, lr_0 = 1.1126e-04
Loss = 1.1180e-04, PNorm = 112.3240, GNorm = 0.0358, lr_0 = 1.1122e-04
Loss = 1.1632e-04, PNorm = 112.3244, GNorm = 0.1004, lr_0 = 1.1117e-04
Loss = 1.1493e-04, PNorm = 112.3239, GNorm = 0.0975, lr_0 = 1.1113e-04
Loss = 9.9618e-05, PNorm = 112.3236, GNorm = 0.0320, lr_0 = 1.1109e-04
Loss = 1.0589e-04, PNorm = 112.3242, GNorm = 0.2021, lr_0 = 1.1105e-04
Loss = 1.3993e-04, PNorm = 112.3249, GNorm = 0.0611, lr_0 = 1.1100e-04
Loss = 1.2210e-04, PNorm = 112.3253, GNorm = 0.1025, lr_0 = 1.1096e-04
Loss = 1.1866e-04, PNorm = 112.3258, GNorm = 0.0383, lr_0 = 1.1092e-04
Loss = 1.4305e-04, PNorm = 112.3260, GNorm = 0.0608, lr_0 = 1.1088e-04
Loss = 1.3078e-04, PNorm = 112.3265, GNorm = 0.0582, lr_0 = 1.1083e-04
Loss = 1.1884e-04, PNorm = 112.3273, GNorm = 0.0546, lr_0 = 1.1079e-04
Loss = 1.1689e-04, PNorm = 112.3270, GNorm = 0.0560, lr_0 = 1.1075e-04
Loss = 1.1379e-04, PNorm = 112.3272, GNorm = 0.1478, lr_0 = 1.1071e-04
Loss = 1.4510e-04, PNorm = 112.3275, GNorm = 0.0525, lr_0 = 1.1066e-04
Loss = 1.2286e-04, PNorm = 112.3280, GNorm = 0.0374, lr_0 = 1.1062e-04
Loss = 1.1921e-04, PNorm = 112.3281, GNorm = 0.0747, lr_0 = 1.1058e-04
Loss = 1.5534e-04, PNorm = 112.3284, GNorm = 0.0474, lr_0 = 1.1054e-04
Loss = 1.2056e-04, PNorm = 112.3286, GNorm = 0.0191, lr_0 = 1.1049e-04
Loss = 1.3816e-04, PNorm = 112.3290, GNorm = 0.0661, lr_0 = 1.1045e-04
Loss = 1.4030e-04, PNorm = 112.3294, GNorm = 0.0544, lr_0 = 1.1041e-04
Loss = 1.3706e-04, PNorm = 112.3296, GNorm = 0.0676, lr_0 = 1.1037e-04
Loss = 1.4565e-04, PNorm = 112.3303, GNorm = 0.0472, lr_0 = 1.1032e-04
Loss = 1.2458e-04, PNorm = 112.3309, GNorm = 0.0712, lr_0 = 1.1028e-04
Loss = 1.2660e-04, PNorm = 112.3308, GNorm = 0.0874, lr_0 = 1.1024e-04
Loss = 1.3036e-04, PNorm = 112.3309, GNorm = 0.0712, lr_0 = 1.1020e-04
Loss = 1.4018e-04, PNorm = 112.3309, GNorm = 0.1157, lr_0 = 1.1015e-04
Loss = 1.2238e-04, PNorm = 112.3310, GNorm = 0.0558, lr_0 = 1.1011e-04
Loss = 1.2285e-04, PNorm = 112.3311, GNorm = 0.0328, lr_0 = 1.1007e-04
Loss = 1.2203e-04, PNorm = 112.3313, GNorm = 0.0844, lr_0 = 1.1003e-04
Loss = 1.1945e-04, PNorm = 112.3313, GNorm = 0.1135, lr_0 = 1.0998e-04
Loss = 1.3056e-04, PNorm = 112.3313, GNorm = 0.0422, lr_0 = 1.0994e-04
Loss = 1.1622e-04, PNorm = 112.3316, GNorm = 0.1283, lr_0 = 1.0990e-04
Loss = 1.2412e-04, PNorm = 112.3323, GNorm = 0.1084, lr_0 = 1.0986e-04
Loss = 1.1101e-04, PNorm = 112.3329, GNorm = 0.0472, lr_0 = 1.0982e-04
Loss = 1.1050e-04, PNorm = 112.3331, GNorm = 0.1272, lr_0 = 1.0977e-04
Loss = 1.3402e-04, PNorm = 112.3330, GNorm = 0.2482, lr_0 = 1.0973e-04
Loss = 1.3927e-04, PNorm = 112.3335, GNorm = 0.2122, lr_0 = 1.0969e-04
Loss = 1.3076e-04, PNorm = 112.3337, GNorm = 0.0527, lr_0 = 1.0965e-04
Loss = 1.3014e-04, PNorm = 112.3334, GNorm = 0.0847, lr_0 = 1.0961e-04
Loss = 1.3033e-04, PNorm = 112.3335, GNorm = 0.0847, lr_0 = 1.0956e-04
Loss = 1.3852e-04, PNorm = 112.3335, GNorm = 0.0475, lr_0 = 1.0952e-04
Loss = 1.2587e-04, PNorm = 112.3337, GNorm = 0.0436, lr_0 = 1.0948e-04
Loss = 1.2088e-04, PNorm = 112.3337, GNorm = 0.0229, lr_0 = 1.0944e-04
Loss = 1.1981e-04, PNorm = 112.3338, GNorm = 0.0353, lr_0 = 1.0940e-04
Loss = 1.6279e-04, PNorm = 112.3338, GNorm = 0.1384, lr_0 = 1.0935e-04
Loss = 1.5036e-04, PNorm = 112.3341, GNorm = 0.0581, lr_0 = 1.0931e-04
Loss = 1.3798e-04, PNorm = 112.3344, GNorm = 0.1312, lr_0 = 1.0927e-04
Loss = 1.0167e-04, PNorm = 112.3349, GNorm = 0.0587, lr_0 = 1.0923e-04
Loss = 1.2690e-04, PNorm = 112.3351, GNorm = 0.0622, lr_0 = 1.0919e-04
Loss = 1.1847e-04, PNorm = 112.3350, GNorm = 0.0699, lr_0 = 1.0914e-04
Loss = 1.1963e-04, PNorm = 112.3348, GNorm = 0.0849, lr_0 = 1.0910e-04
Loss = 1.1301e-04, PNorm = 112.3350, GNorm = 0.1915, lr_0 = 1.0906e-04
Loss = 1.3672e-04, PNorm = 112.3351, GNorm = 0.0343, lr_0 = 1.0902e-04
Loss = 1.1306e-04, PNorm = 112.3351, GNorm = 0.0897, lr_0 = 1.0898e-04
Loss = 1.1885e-04, PNorm = 112.3350, GNorm = 0.0393, lr_0 = 1.0893e-04
Loss = 1.1915e-04, PNorm = 112.3348, GNorm = 0.0595, lr_0 = 1.0889e-04
Loss = 1.2475e-04, PNorm = 112.3352, GNorm = 0.0571, lr_0 = 1.0885e-04
Loss = 1.2261e-04, PNorm = 112.3355, GNorm = 0.0441, lr_0 = 1.0881e-04
Loss = 1.0836e-04, PNorm = 112.3357, GNorm = 0.1183, lr_0 = 1.0877e-04
Loss = 1.2597e-04, PNorm = 112.3361, GNorm = 0.0390, lr_0 = 1.0873e-04
Loss = 1.0782e-04, PNorm = 112.3362, GNorm = 0.0389, lr_0 = 1.0868e-04
Loss = 1.3393e-04, PNorm = 112.3364, GNorm = 0.1523, lr_0 = 1.0864e-04
Loss = 1.4680e-04, PNorm = 112.3362, GNorm = 0.0361, lr_0 = 1.0860e-04
Loss = 1.2696e-04, PNorm = 112.3365, GNorm = 0.1611, lr_0 = 1.0856e-04
Loss = 1.3054e-04, PNorm = 112.3368, GNorm = 0.0569, lr_0 = 1.0852e-04
Loss = 1.1941e-04, PNorm = 112.3373, GNorm = 0.0445, lr_0 = 1.0848e-04
Loss = 1.0983e-04, PNorm = 112.3374, GNorm = 0.0596, lr_0 = 1.0843e-04
Loss = 1.1965e-04, PNorm = 112.3370, GNorm = 0.2212, lr_0 = 1.0839e-04
Loss = 1.1024e-04, PNorm = 112.3375, GNorm = 0.0693, lr_0 = 1.0835e-04
Loss = 1.0081e-04, PNorm = 112.3387, GNorm = 0.0640, lr_0 = 1.0831e-04
Loss = 1.0236e-04, PNorm = 112.3391, GNorm = 0.0278, lr_0 = 1.0827e-04
Loss = 7.9743e-05, PNorm = 112.3389, GNorm = 0.0677, lr_0 = 1.0823e-04
Loss = 9.6913e-05, PNorm = 112.3389, GNorm = 0.0573, lr_0 = 1.0818e-04
Loss = 1.1152e-04, PNorm = 112.3388, GNorm = 0.0562, lr_0 = 1.0814e-04
Loss = 1.2373e-04, PNorm = 112.3386, GNorm = 0.0356, lr_0 = 1.0810e-04
Loss = 1.1218e-04, PNorm = 112.3383, GNorm = 0.1307, lr_0 = 1.0806e-04
Loss = 1.1262e-04, PNorm = 112.3385, GNorm = 0.0800, lr_0 = 1.0802e-04
Loss = 1.1087e-04, PNorm = 112.3384, GNorm = 0.0557, lr_0 = 1.0798e-04
Loss = 1.1444e-04, PNorm = 112.3385, GNorm = 0.0369, lr_0 = 1.0794e-04
Loss = 1.0463e-04, PNorm = 112.3393, GNorm = 0.0267, lr_0 = 1.0789e-04
Loss = 9.5387e-05, PNorm = 112.3399, GNorm = 0.0486, lr_0 = 1.0785e-04
Loss = 1.0757e-04, PNorm = 112.3398, GNorm = 0.0637, lr_0 = 1.0781e-04
Loss = 9.7817e-05, PNorm = 112.3400, GNorm = 0.0233, lr_0 = 1.0777e-04
Loss = 1.2861e-04, PNorm = 112.3406, GNorm = 0.1603, lr_0 = 1.0773e-04
Loss = 1.3758e-04, PNorm = 112.3411, GNorm = 0.1112, lr_0 = 1.0769e-04
Loss = 1.6918e-04, PNorm = 112.3410, GNorm = 0.1843, lr_0 = 1.0765e-04
Loss = 1.3894e-04, PNorm = 112.3410, GNorm = 0.1322, lr_0 = 1.0760e-04
Loss = 1.3888e-04, PNorm = 112.3415, GNorm = 0.1738, lr_0 = 1.0756e-04
Loss = 1.2099e-04, PNorm = 112.3419, GNorm = 0.1253, lr_0 = 1.0752e-04
Loss = 1.0945e-04, PNorm = 112.3421, GNorm = 0.0287, lr_0 = 1.0748e-04
Loss = 1.2296e-04, PNorm = 112.3417, GNorm = 0.0649, lr_0 = 1.0744e-04
Loss = 1.1274e-04, PNorm = 112.3417, GNorm = 0.0581, lr_0 = 1.0740e-04
Loss = 1.2202e-04, PNorm = 112.3425, GNorm = 0.0971, lr_0 = 1.0736e-04
Loss = 1.1050e-04, PNorm = 112.3429, GNorm = 0.0395, lr_0 = 1.0732e-04
Loss = 1.3220e-04, PNorm = 112.3426, GNorm = 0.0876, lr_0 = 1.0727e-04
Loss = 1.2140e-04, PNorm = 112.3429, GNorm = 0.1065, lr_0 = 1.0723e-04
Loss = 1.2568e-04, PNorm = 112.3431, GNorm = 0.0289, lr_0 = 1.0719e-04
Loss = 1.1383e-04, PNorm = 112.3432, GNorm = 0.0625, lr_0 = 1.0715e-04
Loss = 1.0724e-04, PNorm = 112.3430, GNorm = 0.0226, lr_0 = 1.0711e-04
Loss = 1.2536e-04, PNorm = 112.3430, GNorm = 0.0942, lr_0 = 1.0707e-04
Loss = 1.2304e-04, PNorm = 112.3433, GNorm = 0.0373, lr_0 = 1.0703e-04
Loss = 1.3701e-04, PNorm = 112.3435, GNorm = 0.0505, lr_0 = 1.0699e-04
Loss = 1.2824e-04, PNorm = 112.3433, GNorm = 0.0357, lr_0 = 1.0695e-04
Loss = 1.3350e-04, PNorm = 112.3434, GNorm = 0.0893, lr_0 = 1.0690e-04
Loss = 1.3626e-04, PNorm = 112.3435, GNorm = 0.0263, lr_0 = 1.0686e-04
Loss = 1.3077e-04, PNorm = 112.3440, GNorm = 0.1138, lr_0 = 1.0682e-04
Loss = 9.9136e-05, PNorm = 112.3443, GNorm = 0.0605, lr_0 = 1.0678e-04
Loss = 1.1148e-04, PNorm = 112.3447, GNorm = 0.0860, lr_0 = 1.0674e-04
Loss = 1.0653e-04, PNorm = 112.3448, GNorm = 0.0652, lr_0 = 1.0670e-04
Loss = 1.0824e-04, PNorm = 112.3450, GNorm = 0.1056, lr_0 = 1.0666e-04
Loss = 1.2378e-04, PNorm = 112.3453, GNorm = 0.1901, lr_0 = 1.0662e-04
Loss = 1.0948e-04, PNorm = 112.3453, GNorm = 0.1103, lr_0 = 1.0658e-04
Loss = 1.0434e-04, PNorm = 112.3457, GNorm = 0.0563, lr_0 = 1.0654e-04
Loss = 1.2797e-04, PNorm = 112.3458, GNorm = 0.0900, lr_0 = 1.0649e-04
Loss = 1.3455e-04, PNorm = 112.3459, GNorm = 0.0401, lr_0 = 1.0645e-04
Loss = 1.0415e-04, PNorm = 112.3462, GNorm = 0.1024, lr_0 = 1.0641e-04
Loss = 1.1283e-04, PNorm = 112.3459, GNorm = 0.0510, lr_0 = 1.0637e-04
Loss = 1.2048e-04, PNorm = 112.3459, GNorm = 0.0893, lr_0 = 1.0633e-04
Loss = 1.3939e-04, PNorm = 112.3467, GNorm = 0.0356, lr_0 = 1.0629e-04
Loss = 1.3738e-04, PNorm = 112.3463, GNorm = 0.0382, lr_0 = 1.0625e-04
Loss = 1.1830e-04, PNorm = 112.3462, GNorm = 0.0320, lr_0 = 1.0621e-04
Loss = 1.1168e-04, PNorm = 112.3469, GNorm = 0.0793, lr_0 = 1.0617e-04
Loss = 1.2274e-04, PNorm = 112.3476, GNorm = 0.1140, lr_0 = 1.0613e-04
Loss = 1.0372e-04, PNorm = 112.3487, GNorm = 0.0504, lr_0 = 1.0609e-04
Loss = 1.2318e-04, PNorm = 112.3491, GNorm = 0.0562, lr_0 = 1.0605e-04
Loss = 1.0528e-04, PNorm = 112.3495, GNorm = 0.0389, lr_0 = 1.0601e-04
Loss = 1.2946e-04, PNorm = 112.3494, GNorm = 0.0543, lr_0 = 1.0596e-04
Loss = 1.1414e-04, PNorm = 112.3490, GNorm = 0.0490, lr_0 = 1.0592e-04
Loss = 1.1715e-04, PNorm = 112.3487, GNorm = 0.1147, lr_0 = 1.0588e-04
Loss = 1.0988e-04, PNorm = 112.3493, GNorm = 0.0427, lr_0 = 1.0584e-04
Loss = 1.1764e-04, PNorm = 112.3503, GNorm = 0.0774, lr_0 = 1.0580e-04
Loss = 1.1923e-04, PNorm = 112.3507, GNorm = 0.0563, lr_0 = 1.0576e-04
Loss = 1.1217e-04, PNorm = 112.3506, GNorm = 0.1663, lr_0 = 1.0572e-04
Loss = 1.0122e-04, PNorm = 112.3505, GNorm = 0.1681, lr_0 = 1.0568e-04
Loss = 1.3002e-04, PNorm = 112.3505, GNorm = 0.1159, lr_0 = 1.0564e-04
Loss = 1.1667e-04, PNorm = 112.3510, GNorm = 0.0939, lr_0 = 1.0560e-04
Loss = 1.2289e-04, PNorm = 112.3516, GNorm = 0.0977, lr_0 = 1.0556e-04
Loss = 1.0824e-04, PNorm = 112.3517, GNorm = 0.0962, lr_0 = 1.0552e-04
Loss = 1.6037e-04, PNorm = 112.3513, GNorm = 0.2084, lr_0 = 1.0548e-04
Loss = 1.5436e-04, PNorm = 112.3515, GNorm = 0.0896, lr_0 = 1.0544e-04
Loss = 1.3815e-04, PNorm = 112.3513, GNorm = 0.0685, lr_0 = 1.0540e-04
Loss = 1.1803e-04, PNorm = 112.3515, GNorm = 0.0694, lr_0 = 1.0536e-04
Loss = 1.3050e-04, PNorm = 112.3518, GNorm = 0.1410, lr_0 = 1.0532e-04
Loss = 1.3566e-04, PNorm = 112.3526, GNorm = 0.0823, lr_0 = 1.0528e-04
Loss = 1.2368e-04, PNorm = 112.3532, GNorm = 0.0775, lr_0 = 1.0523e-04
Loss = 1.4862e-04, PNorm = 112.3532, GNorm = 0.0833, lr_0 = 1.0519e-04
Loss = 1.3774e-04, PNorm = 112.3539, GNorm = 0.0676, lr_0 = 1.0515e-04
Loss = 1.3830e-04, PNorm = 112.3542, GNorm = 0.0553, lr_0 = 1.0511e-04
Loss = 1.2453e-04, PNorm = 112.3539, GNorm = 0.0656, lr_0 = 1.0507e-04
Loss = 1.3140e-04, PNorm = 112.3538, GNorm = 0.1252, lr_0 = 1.0503e-04
Loss = 1.1900e-04, PNorm = 112.3539, GNorm = 0.0477, lr_0 = 1.0499e-04
Loss = 1.3425e-04, PNorm = 112.3537, GNorm = 0.2160, lr_0 = 1.0495e-04
Loss = 1.2626e-04, PNorm = 112.3539, GNorm = 0.1838, lr_0 = 1.0491e-04
Loss = 1.3427e-04, PNorm = 112.3542, GNorm = 0.2344, lr_0 = 1.0487e-04
Loss = 1.3272e-04, PNorm = 112.3543, GNorm = 0.0580, lr_0 = 1.0483e-04
Loss = 1.2469e-04, PNorm = 112.3548, GNorm = 0.0651, lr_0 = 1.0479e-04
Loss = 1.0638e-04, PNorm = 112.3552, GNorm = 0.0668, lr_0 = 1.0475e-04
Loss = 1.1687e-04, PNorm = 112.3557, GNorm = 0.0280, lr_0 = 1.0471e-04
Loss = 1.1512e-04, PNorm = 112.3563, GNorm = 0.1030, lr_0 = 1.0467e-04
Loss = 1.1035e-04, PNorm = 112.3565, GNorm = 0.0600, lr_0 = 1.0463e-04
Loss = 1.2056e-04, PNorm = 112.3562, GNorm = 0.1136, lr_0 = 1.0459e-04
Loss = 1.1574e-04, PNorm = 112.3562, GNorm = 0.0704, lr_0 = 1.0455e-04
Loss = 1.0833e-04, PNorm = 112.3563, GNorm = 0.1396, lr_0 = 1.0451e-04
Loss = 1.1051e-04, PNorm = 112.3566, GNorm = 0.0646, lr_0 = 1.0447e-04
Loss = 1.0802e-04, PNorm = 112.3570, GNorm = 0.0654, lr_0 = 1.0443e-04
Loss = 1.2086e-04, PNorm = 112.3575, GNorm = 0.0981, lr_0 = 1.0439e-04
Loss = 1.1225e-04, PNorm = 112.3578, GNorm = 0.1139, lr_0 = 1.0435e-04
Loss = 1.1546e-04, PNorm = 112.3583, GNorm = 0.1400, lr_0 = 1.0431e-04
Loss = 1.2161e-04, PNorm = 112.3581, GNorm = 0.0568, lr_0 = 1.0427e-04
Loss = 1.0108e-04, PNorm = 112.3582, GNorm = 0.0182, lr_0 = 1.0423e-04
Loss = 1.1013e-04, PNorm = 112.3585, GNorm = 0.0531, lr_0 = 1.0419e-04
Loss = 1.2108e-04, PNorm = 112.3588, GNorm = 0.0730, lr_0 = 1.0415e-04
Loss = 1.1415e-04, PNorm = 112.3588, GNorm = 0.0304, lr_0 = 1.0411e-04
Loss = 1.2105e-04, PNorm = 112.3594, GNorm = 0.0489, lr_0 = 1.0407e-04
Loss = 1.0564e-04, PNorm = 112.3598, GNorm = 0.0911, lr_0 = 1.0403e-04
Loss = 1.0869e-04, PNorm = 112.3600, GNorm = 0.1506, lr_0 = 1.0399e-04
Loss = 9.4215e-05, PNorm = 112.3606, GNorm = 0.0385, lr_0 = 1.0395e-04
Loss = 1.0523e-04, PNorm = 112.3611, GNorm = 0.0470, lr_0 = 1.0391e-04
Loss = 1.0250e-04, PNorm = 112.3612, GNorm = 0.0768, lr_0 = 1.0387e-04
Loss = 1.1274e-04, PNorm = 112.3613, GNorm = 0.0729, lr_0 = 1.0383e-04
Loss = 1.2784e-04, PNorm = 112.3614, GNorm = 0.0903, lr_0 = 1.0379e-04
Loss = 9.8909e-05, PNorm = 112.3614, GNorm = 0.0185, lr_0 = 1.0375e-04
Loss = 1.2442e-04, PNorm = 112.3616, GNorm = 0.0633, lr_0 = 1.0371e-04
Loss = 1.0633e-04, PNorm = 112.3620, GNorm = 0.0875, lr_0 = 1.0367e-04
Loss = 1.1514e-04, PNorm = 112.3619, GNorm = 0.0529, lr_0 = 1.0363e-04
Loss = 1.0336e-04, PNorm = 112.3613, GNorm = 0.1152, lr_0 = 1.0359e-04
Loss = 1.2109e-04, PNorm = 112.3610, GNorm = 0.0339, lr_0 = 1.0355e-04
Loss = 1.2912e-04, PNorm = 112.3611, GNorm = 0.0970, lr_0 = 1.0351e-04
Loss = 1.1315e-04, PNorm = 112.3614, GNorm = 0.0705, lr_0 = 1.0347e-04
Loss = 1.1115e-04, PNorm = 112.3623, GNorm = 0.1666, lr_0 = 1.0343e-04
Loss = 1.4211e-04, PNorm = 112.3628, GNorm = 0.2458, lr_0 = 1.0339e-04
Loss = 1.2320e-04, PNorm = 112.3626, GNorm = 0.0577, lr_0 = 1.0335e-04
Loss = 1.2455e-04, PNorm = 112.3629, GNorm = 0.0752, lr_0 = 1.0331e-04
Loss = 1.1100e-04, PNorm = 112.3629, GNorm = 0.0219, lr_0 = 1.0327e-04
Loss = 1.5536e-04, PNorm = 112.3623, GNorm = 0.1371, lr_0 = 1.0323e-04
Loss = 1.3649e-04, PNorm = 112.3625, GNorm = 0.0703, lr_0 = 1.0319e-04
Loss = 1.3796e-04, PNorm = 112.3626, GNorm = 0.0551, lr_0 = 1.0315e-04
Loss = 1.2754e-04, PNorm = 112.3628, GNorm = 0.0827, lr_0 = 1.0312e-04
Loss = 1.2766e-04, PNorm = 112.3631, GNorm = 0.0688, lr_0 = 1.0308e-04
Loss = 1.2744e-04, PNorm = 112.3634, GNorm = 0.0613, lr_0 = 1.0304e-04
Loss = 1.0193e-04, PNorm = 112.3635, GNorm = 0.0461, lr_0 = 1.0300e-04
Loss = 1.1978e-04, PNorm = 112.3635, GNorm = 0.1588, lr_0 = 1.0296e-04
Loss = 1.2134e-04, PNorm = 112.3636, GNorm = 0.1293, lr_0 = 1.0292e-04
Loss = 1.1406e-04, PNorm = 112.3641, GNorm = 0.0559, lr_0 = 1.0288e-04
Loss = 1.0689e-04, PNorm = 112.3639, GNorm = 0.0723, lr_0 = 1.0284e-04
Loss = 1.0315e-04, PNorm = 112.3635, GNorm = 0.1289, lr_0 = 1.0280e-04
Loss = 1.0648e-04, PNorm = 112.3639, GNorm = 0.0734, lr_0 = 1.0276e-04
Loss = 1.0727e-04, PNorm = 112.3640, GNorm = 0.0865, lr_0 = 1.0272e-04
Loss = 1.3811e-04, PNorm = 112.3643, GNorm = 0.0203, lr_0 = 1.0268e-04
Loss = 1.5271e-04, PNorm = 112.3641, GNorm = 0.0498, lr_0 = 1.0264e-04
Loss = 1.4027e-04, PNorm = 112.3642, GNorm = 0.2548, lr_0 = 1.0260e-04
Loss = 1.6194e-04, PNorm = 112.3644, GNorm = 0.2429, lr_0 = 1.0256e-04
Loss = 1.4788e-04, PNorm = 112.3653, GNorm = 0.1263, lr_0 = 1.0252e-04
Loss = 1.4455e-04, PNorm = 112.3656, GNorm = 0.0332, lr_0 = 1.0248e-04
Loss = 1.3244e-04, PNorm = 112.3658, GNorm = 0.0624, lr_0 = 1.0244e-04
Loss = 1.2122e-04, PNorm = 112.3663, GNorm = 0.1151, lr_0 = 1.0240e-04
Loss = 1.1106e-04, PNorm = 112.3661, GNorm = 0.1171, lr_0 = 1.0237e-04
Loss = 1.1510e-04, PNorm = 112.3660, GNorm = 0.1106, lr_0 = 1.0233e-04
Loss = 1.2351e-04, PNorm = 112.3660, GNorm = 0.1975, lr_0 = 1.0229e-04
Loss = 1.1824e-04, PNorm = 112.3657, GNorm = 0.0316, lr_0 = 1.0225e-04
Loss = 1.0958e-04, PNorm = 112.3654, GNorm = 0.0414, lr_0 = 1.0221e-04
Loss = 1.3176e-04, PNorm = 112.3654, GNorm = 0.0562, lr_0 = 1.0217e-04
Loss = 1.0680e-04, PNorm = 112.3656, GNorm = 0.0547, lr_0 = 1.0213e-04
Loss = 1.0170e-04, PNorm = 112.3654, GNorm = 0.1337, lr_0 = 1.0209e-04
Loss = 1.1623e-04, PNorm = 112.3653, GNorm = 0.0382, lr_0 = 1.0205e-04
Loss = 1.0976e-04, PNorm = 112.3659, GNorm = 0.0738, lr_0 = 1.0201e-04
Loss = 1.1283e-04, PNorm = 112.3660, GNorm = 0.0928, lr_0 = 1.0197e-04
Loss = 1.3629e-04, PNorm = 112.3660, GNorm = 0.2005, lr_0 = 1.0193e-04
Loss = 1.3057e-04, PNorm = 112.3659, GNorm = 0.1345, lr_0 = 1.0190e-04
Loss = 1.4211e-04, PNorm = 112.3658, GNorm = 0.0639, lr_0 = 1.0186e-04
Loss = 1.9094e-04, PNorm = 112.3658, GNorm = 0.0628, lr_0 = 1.0182e-04
Loss = 1.3725e-04, PNorm = 112.3667, GNorm = 0.0608, lr_0 = 1.0178e-04
Loss = 1.3234e-04, PNorm = 112.3670, GNorm = 0.1642, lr_0 = 1.0174e-04
Loss = 1.2596e-04, PNorm = 112.3670, GNorm = 0.0698, lr_0 = 1.0170e-04
Loss = 1.1990e-04, PNorm = 112.3675, GNorm = 0.0551, lr_0 = 1.0166e-04
Loss = 1.2840e-04, PNorm = 112.3678, GNorm = 0.1022, lr_0 = 1.0162e-04
Loss = 1.3011e-04, PNorm = 112.3676, GNorm = 0.1630, lr_0 = 1.0158e-04
Loss = 1.3823e-04, PNorm = 112.3679, GNorm = 0.0973, lr_0 = 1.0154e-04
Loss = 1.4252e-04, PNorm = 112.3678, GNorm = 0.0334, lr_0 = 1.0150e-04
Loss = 1.0422e-04, PNorm = 112.3675, GNorm = 0.0256, lr_0 = 1.0147e-04
Loss = 1.0210e-04, PNorm = 112.3677, GNorm = 0.0583, lr_0 = 1.0143e-04
Loss = 1.1844e-04, PNorm = 112.3682, GNorm = 0.0451, lr_0 = 1.0139e-04
Loss = 1.0800e-04, PNorm = 112.3687, GNorm = 0.0705, lr_0 = 1.0135e-04
Loss = 1.0992e-04, PNorm = 112.3691, GNorm = 0.0526, lr_0 = 1.0131e-04
Loss = 1.2707e-04, PNorm = 112.3693, GNorm = 0.2352, lr_0 = 1.0127e-04
Loss = 1.3032e-04, PNorm = 112.3693, GNorm = 0.0353, lr_0 = 1.0123e-04
Loss = 1.1087e-04, PNorm = 112.3692, GNorm = 0.0340, lr_0 = 1.0119e-04
Loss = 1.1075e-04, PNorm = 112.3695, GNorm = 0.0802, lr_0 = 1.0115e-04
Loss = 1.2330e-04, PNorm = 112.3694, GNorm = 0.1085, lr_0 = 1.0112e-04
Loss = 1.4093e-04, PNorm = 112.3692, GNorm = 0.0593, lr_0 = 1.0108e-04
Loss = 1.1130e-04, PNorm = 112.3693, GNorm = 0.0414, lr_0 = 1.0104e-04
Loss = 1.1583e-04, PNorm = 112.3698, GNorm = 0.1150, lr_0 = 1.0100e-04
Loss = 1.1568e-04, PNorm = 112.3703, GNorm = 0.1918, lr_0 = 1.0096e-04
Loss = 1.0663e-04, PNorm = 112.3703, GNorm = 0.1131, lr_0 = 1.0092e-04
Loss = 9.6938e-05, PNorm = 112.3703, GNorm = 0.0415, lr_0 = 1.0088e-04
Loss = 9.5132e-05, PNorm = 112.3707, GNorm = 0.1517, lr_0 = 1.0084e-04
Loss = 1.0073e-04, PNorm = 112.3708, GNorm = 0.1095, lr_0 = 1.0081e-04
Loss = 1.0560e-04, PNorm = 112.3708, GNorm = 0.0268, lr_0 = 1.0077e-04
Loss = 1.2933e-04, PNorm = 112.3712, GNorm = 0.0325, lr_0 = 1.0073e-04
Loss = 1.0066e-04, PNorm = 112.3712, GNorm = 0.0407, lr_0 = 1.0069e-04
Loss = 1.1116e-04, PNorm = 112.3709, GNorm = 0.1466, lr_0 = 1.0065e-04
Loss = 1.1574e-04, PNorm = 112.3709, GNorm = 0.0205, lr_0 = 1.0061e-04
Loss = 1.1031e-04, PNorm = 112.3712, GNorm = 0.0496, lr_0 = 1.0057e-04
Loss = 9.7580e-05, PNorm = 112.3715, GNorm = 0.1445, lr_0 = 1.0054e-04
Loss = 1.1684e-04, PNorm = 112.3713, GNorm = 0.0278, lr_0 = 1.0050e-04
Loss = 9.8137e-05, PNorm = 112.3713, GNorm = 0.0367, lr_0 = 1.0046e-04
Loss = 1.0146e-04, PNorm = 112.3717, GNorm = 0.0801, lr_0 = 1.0042e-04
Loss = 1.2525e-04, PNorm = 112.3720, GNorm = 0.1634, lr_0 = 1.0038e-04
Loss = 1.3067e-04, PNorm = 112.3723, GNorm = 0.0491, lr_0 = 1.0034e-04
Loss = 1.0853e-04, PNorm = 112.3722, GNorm = 0.0708, lr_0 = 1.0030e-04
Loss = 1.0711e-04, PNorm = 112.3726, GNorm = 0.0820, lr_0 = 1.0027e-04
Loss = 9.2712e-05, PNorm = 112.3730, GNorm = 0.1073, lr_0 = 1.0023e-04
Loss = 1.3408e-04, PNorm = 112.3731, GNorm = 0.1155, lr_0 = 1.0019e-04
Loss = 1.0168e-04, PNorm = 112.3729, GNorm = 0.0638, lr_0 = 1.0015e-04
Loss = 1.3166e-04, PNorm = 112.3734, GNorm = 0.1161, lr_0 = 1.0011e-04
Loss = 1.2561e-04, PNorm = 112.3742, GNorm = 0.0286, lr_0 = 1.0007e-04
Loss = 1.2317e-04, PNorm = 112.3746, GNorm = 0.0682, lr_0 = 1.0003e-04
Loss = 1.1381e-04, PNorm = 112.3749, GNorm = 0.1090, lr_0 = 1.0000e-04
Validation r2 = 0.999899
Model 0 best validation r2 = -inf on epoch 4
Loading pretrained parameter "encoder.encoder.0.cached_zero_vector".
Loading pretrained parameter "encoder.encoder.0.W_i.weight".
Loading pretrained parameter "encoder.encoder.0.W_h.weight".
Loading pretrained parameter "encoder.encoder.0.W_o.weight".
Loading pretrained parameter "encoder.encoder.0.W_o.bias".
Loading pretrained parameter "encoder.encoder.1.cached_zero_vector".
Loading pretrained parameter "encoder.encoder.1.W_i.weight".
Loading pretrained parameter "encoder.encoder.1.W_h.weight".
Loading pretrained parameter "encoder.encoder.1.W_o.weight".
Loading pretrained parameter "encoder.encoder.1.W_o.bias".
Loading pretrained parameter "ffn.1.weight".
Loading pretrained parameter "ffn.1.bias".
Loading pretrained parameter "ffn.4.weight".
Loading pretrained parameter "ffn.4.bias".
Moving model to cuda
Model 0 provided with no test set, no metric evaluation will be performed.
Ensemble test r2 = nan
1-fold cross validation
	Seed 0 ==> test r2 = nan
Overall test r2 = nan +/- nan
Elapsed time = 1:58:18
