SMILES,Type,X,Y
NCc1ccccc1C(=O)O,Fragment,54.804695,-56.33535
OCc1cccc2ccccc12,Fragment,68.64028,-24.87912
CC(C)(C)c1ccc(C(C)(C)C)cc1,Fragment,38.19457,2.9858687
O[SH]1Sc2ccccc2S1,Fragment,77.46468,-8.945596
NC(CCCCc1nnn[nH]1)C(=O)O,Fragment,-7.757742,-58.691597
O=C1C=Cc2c(O)ccc3cccc1c23,Fragment,44.10217,-20.236864
CC1CC2=C(CO1)C(=O)C(C)(O)C(O)C2,Fragment,7.704689,4.0076165
Cc1cc(NC(=O)c2ccccn2)no1,Fragment,60.280525,-49.63643
CCON=CC(O)CNC(C)C,Fragment,-35.11313,-2.0123703
O=CC(=O)O,Fragment,-12.376157,-43.360558
CCNC(C)Cc1ccccc1,Fragment,72.14025,-31.736774
Clc1ccc(CCn2cncn2)cc1,Fragment,52.05827,0.23470505
CC(C)(C)Cn1cnc2c(N)ncnc21,Fragment,30.399103,4.4066296
c1cn(CC2CCCCC2)cn1,Fragment,13.899544,20.056229
CCCCCCC#CC(=O)OC,Fragment,-66.979645,-39.99097
O=C(O)C1CC(O)C(O)C(C(O)CF)O1,Fragment,-8.789888,-42.098557
N#CCc1ccccc1,Fragment,78.00017,-29.186674
NCCCC(NN)C(=O)O,Fragment,-11.186917,-61.238853
Cc1ccc(=O)n(CCCCC(=N)S)n1,Fragment,25.897465,1.8935404
Cc1ccc(F)cc1,Fragment,50.46798,19.002111
NCC1CC1c1ccc(F)cc1Cl,Fragment,57.87056,28.708563
CC(C)CCOC1C=CC(=O)C(CO)O1,Fragment,2.760506,-11.752251
O=C(OCCOCBr)c1ccccc1,Fragment,50.024315,-58.861057
Cc1cccnc1CO,Fragment,70.72841,7.9169784
O=C1CNC(=O)c2ccccc2N1,Fragment,84.4761,-17.596745
c1ccc2c(c1)CCNC2C1CC1,Fragment,90.51407,-6.224332
COc1ccc(C=C(S)C(=O)O)cc1,Fragment,26.75429,-41.989944
Cc1cccc2cccnc12,Fragment,66.47306,7.2085085
CCCOC(=O)C=Cc1ccc(O)cc1,Fragment,11.457473,-71.985855
Cc1cc(C#N)cc(C)c1O,Fragment,39.30699,-8.969123
O=C(NC1COC1=O)c1ccccc1,Fragment,90.20077,-18.013401
Cc1noc2c1C1CCC(CC2)N1,Fragment,31.350159,28.95029
CC1=CC(C)C(C=O)C(C)C1,Fragment,30.231447,25.370934
O=C(O)CCC(=O)c1ccc(Cl)c(Cl)c1,Fragment,40.668423,-38.23628
NOCc1c(F)c(F)c(F)c(F)c1F,Fragment,-10.022349,48.891285
CCOC(=O)P(=O)(O)OCC,Fragment,-31.543726,-51.89365
CC(N)C1CC2CCC1C2,Fragment,-1.617646,12.738365
COC(=O)C(N)CCCCN,Fragment,-11.136589,-62.057613
C1CN(CCN2CCOCC2)CCO1,Fragment,4.5246744,40.515465
CN1C(=O)C(CCC(=O)O)NC1=S,Fragment,-5.522849,-45.029167
CCOC(=O)c1c(N)sc2c1CCCC2,Fragment,13.095024,-54.646862
C[SH]1c2ccccc2-c2ccccc21,Fragment,78.73449,-9.52938
Clc1cccc(Cl)c1C=Nc1ccco1,Fragment,56.755165,-7.6198463
Cc1ccc(Cn2cc[nH]c2=S)cc1,Fragment,45.89224,8.698578
N=C(N)NCCCCCCSC(=N)N,Fragment,-22.74444,21.810745
CCCCCN1CCCN=C1C=NO,Fragment,-18.579939,-21.286057
O=C1C=CC(=O)O1,Fragment,18.7001,0.106227905
CC(=O)OCC=C(C)C,Fragment,-25.294218,-41.611656
Cn1nc(-c2cccc(F)c2)n(C)c1=S,Fragment,53.315372,22.011871
CC(C)OP(C)(=O)OC(C)C,Fragment,-37.529552,-35.425964
CCCC1CCCC(=O)O1,Fragment,-10.421483,-18.052029
COc1ccc(-c2cc(O)[nH]n2)cc1,Fragment,29.242445,-14.662844
CC1=CC(C(C)C)NC(=S)N1,Fragment,32.8763,19.038479
CC(C)(C)Sc1ccc(N)nc1,Fragment,30.570621,4.5271077
c1ccc(CNCCN2CCCC2)cc1,Fragment,83.81223,-5.3077617
Cc1ccccc1NCC1=NCCN1,Fragment,84.46854,8.80881
CCC(=O)OCc1ccccc1,Fragment,46.71866,-58.324688
CC1CC(O)CC(C)(C)C1,Fragment,2.3888156,6.572022
Oc1c2ccccc2nc2sc(Cl)nc12,Fragment,67.91925,-4.6945086
COc1c(O)c(C)c(Cl)c(OC)c1Cl,Fragment,28.480658,-26.156305
N#Cc1ccc(NC(=O)C(Cl)Cl)cn1,Fragment,44.941257,-39.95945
Clc1cccc2c1CC(C1=NCCN1)O2,Fragment,90.68711,0.50734055
N=C(N)SCc1ccc(N=C=S)cc1,Fragment,46.02103,-31.398727
O=C(O)CN=CC=Cc1ccc(Cl)cc1,Fragment,39.710835,-37.182922
O=C(O)CCC(O)c1ccc(Br)cc1,Fragment,50.8418,-45.941216
Clc1ccc(CN2CCSCC2)cc1Cl,Fragment,51.02223,2.6640952
Nc1cccc(Cl)c1Cl,Fragment,57.67918,-7.1275926
CC#CCON=C1CN2CCC1C2,Fragment,-7.825334,15.372902
CCCCCC(C)=NO,Fragment,-60.91067,-35.652687
O=C1CC(C(=O)O)C(C(=O)O)C1,Fragment,2.1509383,-33.593227
C=CC(=O)CCCCC,Fragment,-63.721676,-41.839405
CC1CC(N)=Nc2ccccc21,Fragment,86.45151,-13.254031
N=C(N)NC(=O)c1cccnc1,Fragment,63.90731,-20.286608
CC(C(=O)O)c1ccc(C(C)(C)C)cc1,Fragment,33.677826,-52.294796
COC1C(C(=O)O)OC(O)C(O)C1O,Fragment,-11.14878,-42.215427
CCCOC(=S)OCCCN(C)C,Fragment,-44.94106,-27.553324
Cc1nccn1CC(I)=C(I)I,Fragment,33.96091,6.5247827
CC(C)Cc1nccc2nc(N)[nH]c12,Fragment,27.690624,-8.599612
CN(C)C(C)(C)CO,Fragment,-25.906994,-8.005135
CC(C)Cn1c(N)cc(=O)n(C)c1=O,Fragment,16.280817,-36.126953
OC(CCl)CNc1c(Cl)cccc1Cl,Fragment,58.47891,-8.52654
CCOS(=O)(=O)CCl,Fragment,-47.5855,-21.286077
CCCCCCCCCN1CCNCC1,Fragment,-21.945868,-20.03021
O=C(Nc1ccccc1)Nc1cnns1,Fragment,53.10588,-49.521248
NCC=CC(N)(C(=O)O)C(F)F,Fragment,-15.626302,-45.24654
Cc1cc(C)c(NC(=O)CN)c(C)c1,Fragment,29.904224,-50.371933
CC1CCO[PH](O)(N(CCCl)CCCl)N1,Fragment,-0.5197396,19.812891
CC1Cc2cccc(C(N)=O)c2O1,Fragment,52.792694,34.954815
CCc1ccc(C2CCCN2C)cn1,Fragment,21.794315,16.24873
CC1CNC2(C1)C1CC3CC(C1)CC2C3,Fragment,5.9038253,28.538313
CCn1ccccc1=O,Fragment,79.14215,-16.737867
CCSc1nsnc1C1=CCCN(C)C1,Fragment,27.80789,10.015305
COc1ccc(O)cc1C=O,Fragment,25.473125,-35.969
CNc1nc(N)nc(N(C)C)n1,Fragment,11.908732,-11.717101
NCCNC(=O)c1cccc(Br)c1,Fragment,35.31323,-63.838707
Nc1ccc(C(=O)O)c(Cl)c1,Fragment,42.021027,-39.666534
Cc1ccc(OCC(=O)O)c(O)c1,Fragment,29.068493,-43.29666
Cc1cc(O)cc2oc(=O)cc(C)c12,Fragment,38.16707,-3.298683
Fc1ccc(N2CCNCC2)cc1,Fragment,45.26331,27.195463
Oc1[nH]c(S)nc2nc(S)nc1-2,Fragment,30.884706,0.2876006
Cn1ncc2c(Cl)ncnc21,Fragment,30.719858,7.1358967
CC(C)(C)c1cccc(C(=O)CF)c1,Fragment,37.81279,-47.24513
OCCC[SH]1CC(O)C(C(O)CO)C1,Fragment,-27.825724,29.19882
Cc1cc(=O)c2c(O)cc(O)cc2o1,Fragment,38.28072,-3.5055223
CCC(=O)c1ccc2c(c1)OCCO2,Fragment,24.29993,-55.470203
CNC(C)CCC=C(C)C,Fragment,-42.113956,1.48032
O=C(O)C(O)C(O)C(O)C(=O)CO,Fragment,-12.019439,-49.533142
NCCCC(CC(N)C(=O)O)C(=O)O,Fragment,-11.366477,-60.644302
COc1cc2c(cc1OC)C(N)CC2=O,Fragment,51.402073,31.552011
Cc1ccc(F)cc1NC1=NCCN1,Fragment,49.90666,20.659508
CCCCCNCC(=O)O,Fragment,-77.913414,-25.490622
O=Cc1ccccc1-c1ccccc1,Fragment,74.17044,-21.401512
O=Cc1ccc(Br)o1,Fragment,50.91942,11.619554
COc1cc2c(cc1OC)C(C)NCC2,Fragment,49.42121,28.761057
Cc1cc2c(C)cc(O)cc2c(=O)o1,Fragment,38.191624,-3.3256078
CC1(C)NC(C(=O)O)CS1,Fragment,0.6231335,-30.433167
NC(Cc1ccc(O)c(F)c1)C(=O)O,Fragment,54.793804,-63.14249
NCC1(C(=O)O)CC12CCCC2,Fragment,-0.9640729,-35.652435
C#CCNC1c2ccccc2CC1F,Fragment,95.22726,-8.701267
CSc1ccc(Cl)cc1,Fragment,49.572754,-8.299092
CCOC(=O)CCN=C(N)N,Fragment,-32.416843,-52.98785
CN1C2CCCC1C(OS(C)(=O)=O)C2,Fragment,14.718769,11.635248
CCOC(=S)OCCN(C)C,Fragment,-44.928406,-27.51725
NCc1ccc(Cl)c(Cl)c1,Fragment,53.199062,-3.084191
NC1=CC(=O)C=CC1=O,Fragment,39.66894,-14.210575
Cc1nsc2cc(Cl)n(C)c(=O)c12,Fragment,45.811356,5.707136
CCN1C(=O)NC(c2ccccc2)C1=O,Fragment,81.4841,-15.847082
CN1CCCC2c3ccccc3CCC21,Fragment,84.93193,-8.287881
Cc1cc(N)c2c(c1)SSSSS2,Fragment,40.23721,4.381606
Oc1ccc(Cl)nc1,Fragment,47.688995,-5.7777643
Cc1c(CN)cnn1O,Fragment,28.633,-2.4516163
Cc1ccc(NCc2ccccn2)cc1,Fragment,72.77078,6.5133014
Cc1c(C)c(Cl)c(Cl)c(CN)c1O,Fragment,30.046225,-25.239418
CCCCCOC(=S)S,Fragment,-64.13181,-33.04386
Brc1ccc(Sc2ccccn2)cc1,Fragment,64.96196,0.042718988
Nc1cc(O)nc2c1CCC2,Fragment,33.170753,47.974865
CC1NC(=O)C2CCCN2C1=O,Fragment,15.391602,11.200869
CCC(N)C12CC3CC(CC(O)(C3)C1)C2,Fragment,-5.545877,1.7011205
NCCC1CN=C(N)N1,Fragment,13.548798,22.822325
NCC=C(F)COc1ccccc1,Fragment,74.586586,-36.353634
CCCCCNCc1cc(F)cc(F)c1,Fragment,20.719309,-70.013824
CSC(C)C(=O)NCC(=O)O,Fragment,-20.64558,-55.698456
CNC(C)CC1CCCCC1,Fragment,-2.141039,15.793787
CCN(Cc1ccncc1)S(C)(=O)=O,Fragment,66.52539,-12.997623
CC(=O)NNC(=O)C1CCCCN1,Fragment,-6.002301,-26.427053
O=S(O)CCCSSSCCCS(=O)O,Fragment,-17.67761,63.603935
NC(N)=NCC(N)C(=O)O,Fragment,-12.051077,-53.95838
N=C(N)C(Cl)(Cl)Cl,Fragment,-19.860405,46.05374
Nc1ncnc2c1CCC2,Fragment,33.789776,48.14793
O=C(O)c1cnn(-c2ccc(Cl)cc2)c1,Fragment,39.233124,-39.643555
N=C(CO)NCc1ccccc1,Fragment,67.24709,-42.15188
O=C(NCCc1cccs1)c1cccs1,Fragment,55.32556,-41.88745
NC(CC(CP(=O)(O)O)=NO)C(=O)O,Fragment,-12.142952,-53.443
O=C1CCC(c2cccnc2)O1,Fragment,74.45949,24.312534
CC=Cc1ccc2c(c1)OCO2,Fragment,47.079113,17.329878
CC1=CC(=C2N=C(N(C)C)SS2)C(C)=N1,Fragment,37.390545,11.748149
C=CC(=O)OCC(C)C,Fragment,-62.245327,19.477764
O=C(O)C(O)(c1cccs1)c1cccs1,Fragment,52.077927,-44.121014
N#CSC#CCCC#CSC#N,Fragment,-24.953005,51.235905
C#CCN1CCOCC1,Fragment,4.550123,40.81671
NCCc1ccc(O)c(O)c1Cl,Fragment,33.905315,-25.647255
C=C(C)C(=O)OCCN(CC)CC,Fragment,-30.038553,-50.12536
O=CC(O)C(O)C(O)C(O)C(=O)O,Fragment,-12.287148,-44.215984
CCOC(=O)C(CCSC)NC(=O)CN,Fragment,-29.963322,-55.945965
c1ccc(C2CC3=NCCN3C2)cc1,Fragment,86.04671,-4.406219
N=C(N)NN=Cc1ccnc(C(=N)N)n1,Fragment,48.056137,-26.34775
CCC(C)CCC(=O)O,Fragment,-21.817125,-54.22031
O=S1(=O)CC(O)(CCc2ccccc2)C1,Fragment,54.073147,-54.39415
C=C=C(CC)C(C(=O)OC)N(CC)CC,Fragment,-27.939653,-47.106327
O=S(=O)(O)SSSS(=O)(=O)O,Fragment,-18.544172,63.056988
COCCN=C(S)N1CCN(C)CC1,Fragment,-19.307158,-3.4375937
Sc1n[nH]c2c3ccccc3nc-2n1,Fragment,70.84299,-6.177422
CN(C)c1nc(=NCc2cccs2)ss1,Fragment,58.1609,-40.56373
CN(C)C(C=NO)=NCc1ccccc1,Fragment,70.77162,-40.434063
CC(=O)c1ccc(-c2cccc(O)c2)s1,Fragment,36.382957,-47.24662
Cc1ccc2c(c1)nc(NCCO)n2C,Fragment,35.314312,2.979907
BrC1=NOC(c2ccccc2)C1,Fragment,89.45083,-13.201631
O=S1(=O)NCNc2ncccc21,Fragment,76.7478,2.3973293
CN(C)C=C(C=O)c1c(Cl)cccc1Cl,Fragment,56.713203,-11.601371
C(=NNc1nn[nH]n1)c1ccccc1,Fragment,70.89467,-7.27279
Clc1ccc(C(Cl)(Cl)Cl)cn1,Fragment,47.481262,-2.6435301
CC(C(=O)O)c1ccc2c(c1)OCCO2,Fragment,26.247705,-50.674416
CC(=O)NCCC1CN=CN1,Fragment,2.2333755,-48.97242
CSc1ncnc2ncn(C)c12,Fragment,29.665222,8.0781555
NCCP(=O)(O)O,Fragment,-35.0661,-41.94309
Brc1ccc2[nH]c3c(c2c1)CCC3,Fragment,44.568943,49.568153
NCc1c(O)ccc2cccnc12,Fragment,68.92739,0.82155687
CC(=O)N1CCOC1c1ccccc1Cl,Fragment,89.29135,-19.81575
C=CC(C)CCCC(C)(C)O,Fragment,-57.95483,15.075526
CNC(=O)SCC(N)C(=O)O,Fragment,-17.949532,-57.389915
NC1CC(=O)c2sc(I)cc21,Fragment,47.847675,36.04224
COCC(C)(CS(=O)(=O)O)N(Cl)Cl,Fragment,-34.607758,-33.116367
COc1ccc(C23CNCC2C3)cc1,Fragment,49.164062,28.872095
C#CCN(C)CC(=C)c1cccc(F)c1,Fragment,54.766533,-24.114225
NCCNCc1ccc(O)c(O)c1,Fragment,34.540787,-27.742975
CSC(=N)Nc1ccc(Cl)cc1,Fragment,45.429867,-29.70222
Cc1csc(N=CN(C)C)c1C#N,Fragment,42.51844,14.715456
c1coc(CNC2CCCCC2)c1,Fragment,35.603855,37.459297
O=C(O)C1OC1C(=O)O,Fragment,-11.516739,-42.4977
NOCc1ccc(Cl)c(C(F)(F)F)c1,Fragment,53.974934,-3.430814
CC(C)CC#N,Fragment,-45.45562,-5.728942
COC(C)(C)CCCC(C)CC=O,Fragment,-75.335266,18.910341
CCCC(CCC)(CCC)C(N)=O,Fragment,-19.433563,-42.140133
NCCN=C(S)Nc1cccc(Cl)c1Cl,Fragment,57.98071,-9.127257
CCCCC(CC)C(=O)Cl,Fragment,-54.24121,-40.748707
c1ccc(C2CN=C3NCCN32)cc1,Fragment,86.47585,-3.6391988
O=c1cc(CSc2ccc(Cl)cc2)[nH][nH]1,Fragment,49.65924,-5.0627117
CC(N)c1cccc(N2CCOCC2)c1,Fragment,65.97042,28.120398
C=C(OC1C=CC=CC1O)C(=O)O,Fragment,3.1271958,-34.806377
NC(=O)C(F)C(N)C(=O)O,Fragment,-10.869444,-54.48354
Nc1ccc(C(=O)O)cc1N,Fragment,42.849533,-42.67485
CCC=CCCO,Fragment,-60.35289,4.033088
COc1ccc(CSCCN)cc1Cl,Fragment,43.874126,-13.643253
N#Cc1cccc(C=NNC(N)=NO)c1,Fragment,49.207996,-24.393969
COCc1c(N)c(C)nc(Cl)c1C#N,Fragment,32.50993,-6.297957
c1ccc(COCC2COCCN2)cc1,Fragment,90.142,-7.755694
CN1CCN(C2=CC(=O)CCC2)CC1,Fragment,18.924578,10.319496
C=CCSc1cnc(O)nc1O,Fragment,-40.346558,56.86838
Brc1ccc(C2CN3C=CSC3=N2)cc1,Fragment,41.61223,48.241997
O=C(O)CCCCc1cccnc1,Fragment,65.06733,-22.160831
C#CCOCCCc1c[nH]cn1,Fragment,12.026118,-22.407925
CC(=O)N(O)CCCCCP(=O)(O)O,Fragment,-32.18136,-38.166756
COC1=NOC2(C1)CC1CCC(C2)N1,Fragment,22.73569,24.820856
CCNCc1ccc(Cl)c(C(F)(F)F)c1,Fragment,49.30841,-15.430727
C(#Cc1ccccc1)CN1CCOCC1,Fragment,81.36394,-24.615028
CCOC(=O)C1CN=CNC1,Fragment,3.1476996,-51.021076
CN(C)C(=S)Oc1ccc(C#N)cc1,Fragment,37.968143,-10.492534
O=C(O)CC(C(=O)O)n1ccnc1,Fragment,-4.4773006,-52.421154
Cc1ccc2c(Cl)c(C(=O)O)sc2c1,Fragment,37.558514,-53.33315
CC(=O)N(O)CCCS(=O)(=O)O,Fragment,-27.56275,-39.650124
CC(=NO)C(C)=NO,Fragment,-27.785608,54.569344
CC(C)Cc1noc(C2CN=CNC2)n1,Fragment,28.342142,30.295702
CN(C)Cc1cc(N)ccc1O,Fragment,38.47548,-24.026136
OCC=CCO,Fragment,-34.03654,35.435005
NC1Cc2ccccc2OC1=O,Fragment,86.612686,-15.621009
C[SH]1CC(O)C(O)C1CO,Fragment,-9.778651,10.224678
CN(C)CCCCOc1ccccc1Cl,Fragment,55.984352,-13.026336
NCCNCCSc1ccncc1,Fragment,-18.559273,26.329582
Oc1cccc(CN2CCCCC2)c1,Fragment,44.409813,42.77704
CCOC(=O)c1nc2cc(Cl)ccc2s1,Fragment,15.81726,-57.28071
NC1CC(Cl)c2c(Cl)sc(Cl)c21,Fragment,13.060453,25.213144
Cc1cc2nc(C(F)(F)F)sc(=O)n2n1,Fragment,40.662937,7.5291
NC(=Nc1ccc(O)cc1)NO,Fragment,40.94423,-26.832888
CN1CCC(OC(=O)c2ccco2)CC1,Fragment,57.92329,36.31125
NCC(=C(F)F)c1ccccc1,Fragment,74.75239,-36.257103
CCCn1nc2ccccc2n1,Fragment,69.498,-13.670781
NC1CC(=O)c2cc(Cl)sc21,Fragment,47.730663,36.06261
Cc1cc2[nH]c3ccccc3c2c(C)n1,Fragment,62.760887,4.65342
C=Cc1ccc(C(C)(C)C)cc1,Fragment,-5.45082,58.61803
Cc1cc(Cl)ccc1N,Fragment,43.802383,-6.1626234
O=c1ssc(=O)n1-c1ccccc1,Fragment,77.61676,-17.436506
CCCC1CCCC(CN)(CC(=O)O)C1,Fragment,-1.0957105,-36.305546
Cc1nc2cc(Cl)ccc2[nH]1,Fragment,44.252052,-4.1063952
N=C(N)Nc1cc2c(s1)CCCC2,Fragment,60.782124,42.911636
CCOC(C)C(=O)C(O)O,Fragment,-27.441793,-51.945343
CN=C1CCCN1,Fragment,8.685017,41.610775
NCc1ccc(Br)cc1,Fragment,25.404778,-21.034554
CC(C)NCc1cccc(C#N)c1,Fragment,70.407974,-31.15895
CN=C(Cc1ccc(Cl)cc1)NC,Fragment,48.917675,-12.69912
Cc1cccc(-c2nnc(S)[nH]2)c1,Fragment,61.734062,5.478034
CCCNC(=O)C(C)Oc1ccccc1,Fragment,47.107716,-56.245506
C#CCC(NC(=O)C(N)CCl)C(=O)O,Fragment,-13.63528,-55.73124
C=C(C)CCSP(=O)(O)OP(=O)(O)O,Fragment,-39.317463,-38.342144
NNC1CCC2(CCCCC2)CC1,Fragment,4.876955,19.748806
CCCCc1ccc(N)cc1,Fragment,11.646863,-67.78971
CC(C)CNC1C=CC(O)C(O)C1O,Fragment,0.631603,-12.057404
c1ccc(-n2cnnn2)cc1,Fragment,74.708,-9.217845
O=c1oc2ccccc2c2c1C(O)CO2,Fragment,88.02647,-17.331738
CC(C)(N)CC12CC3CC(CC(C3)C1)C2,Fragment,0.16858444,10.560861
CCC1NCC(O)C(O)C(O)C1O,Fragment,-7.0942087,0.55072135
CC(=O)OCCSC(=S)n1ccnc1,Fragment,1.943217,-56.98276
C[SH](C)CC(=O)Nc1ccccc1,Fragment,49.681408,-54.492535
O=S1(=O)N2CN3CCN(C2)CN1C3,Fragment,1.9120007,47.125294
CCN(Cc1ccccc1)N=O,Fragment,70.64634,-40.30352
C=C1CC(N)C(C(=O)O)C1,Fragment,1.397094,-33.704216
CC(N)C(C)c1ccccc1,Fragment,73.76288,-30.88828
CCNC1CCc2ccccc2C1,Fragment,95.12563,-8.70384
NC1=NCCN1c1ccccc1,Fragment,75.54702,-8.02322
O=c1[nH]nc(-c2cccc(Cl)c2)o1,Fragment,57.63003,-3.814411
N=C(N)NCC=CC1CCCCC1,Fragment,6.20095,19.664112
Cc1ccc2sc3cccc(C)c3c2c1,Fragment,57.067177,4.4466524
N#CCCl,Fragment,-26.253979,50.58418
CC(O)C(N)C(=O)O,Fragment,-15.668073,-54.75492
CCN1CCN(C(S)=NCCOC)CC1,Fragment,-19.257505,-3.4847138
O=P(O)(O)C(O)c1ccc(Br)cc1F,Fragment,35.144,-19.630524
CC(=O)Nc1cccc(C2CC2CN)c1,Fragment,58.746765,-56.972305
Nc1ccc(Cc2nn[nH]n2)cc1,Fragment,55.585445,0.77316815
COc1ccncc1-c1ccc(CN)o1,Fragment,77.3713,15.086713
Cc1ccsc1C=C1SC(N)=NC1=O,Fragment,43.65435,12.154803
CN(CCc1ccccc1)N=O,Fragment,70.74778,-40.30272
CCn1c(=O)c(NC)nc2ccccc21,Fragment,76.61674,-13.576617
c1ccc2nn(N=C3NCCN3)cc2c1,Fragment,85.60081,-1.2711719
Cc1ccc(S(=O)(=O)N(Cl)Cl)cc1,Fragment,43.760605,16.402004
CCN=C(S)NCCN1CCCCC1,Fragment,-17.385527,-3.9766946
C=C1C2OC(O)C3C1CC(O)C3(C)O2,Fragment,4.0832953,6.562656
O=C(O)c1ccnc2c(Br)cccc12,Fragment,60.038715,-45.61557
CCNCCO,Fragment,-43.018806,-8.65015
COC(=O)CNC(=O)CN,Fragment,-24.350958,-46.460617
CN(C)CC1CC(CN(C)C)SS1,Fragment,-13.670498,14.776828
CN(C)CCn1ccc2ccccc21,Fragment,66.15607,-15.834379
CC[PH]1(CC)CCCC1,Fragment,-15.110079,-4.217832
COC(=O)C(C)O,Fragment,-25.520353,-48.025337
NC(=O)C1CO1,Fragment,-0.42807674,-21.661503
Clc1ccc2cc3ccccc3cc2c1,Fragment,56.882717,-5.9357967
CC1=C(c2ccccc2)CC(C)N(C)C1,Fragment,84.76023,-9.464264
O=c1c2c(nc3ccccn13)CCC2,Fragment,79.99926,-13.053081
O=C(O)CCNS(=O)(=O)c1ccccc1,Fragment,51.392105,-55.753426
CC(N)Cc1ccc(Cl)s1,Fragment,43.08793,-12.295154
Cc1cccc(NC(=O)C(=O)O)c1C#N,Fragment,41.241188,-53.829357
N=C(N)NN=Cc1cnn(C(=N)N)c1,Fragment,48.009125,-26.51687
O=P(O)(O)OCC(O)CO,Fragment,-37.670925,-43.344555
CCc1ccc(Br)cc1,Fragment,23.656952,-21.601782
N=C(N)Nc1nc2c(s1)CCC2,Fragment,60.807693,43.2678
CS(=O)(=O)Nc1ccc(F)c(F)c1,Fragment,43.256813,-17.446058
CCN(CC)CCC(=O)OC,Fragment,-27.927711,-46.9782
CN1CCCC12Cc1ccccc1C2,Fragment,82.581474,-8.099533
NC1CCc2c(O)cc(O)cc2C1,Fragment,44.075737,37.856792
Oc1nc2cc(Br)cc(Br)c2nc1O,Fragment,37.06193,-19.143585
Cc1ncc(CCl)c2c1OC(C)(C)OC2,Fragment,33.78098,13.738886
CCC(C)=NOCC(O)CNC(C)(C)C,Fragment,-33.69423,-2.4814992
Fc1ccc(NCc2cccnc2)cc1,Fragment,72.5893,18.43884
CC1(C)C(=O)C2(N)CCC1C2,Fragment,7.173222,5.4764247
CC(=N)Nc1ccc(C(=N)N)cc1,Fragment,47.919582,-30.075977
CC(=O)Nc1cnc2ccccc2c1,Fragment,58.77663,-50.106342
SCCCCCCCCS,Fragment,-18.293308,50.975174
CC1CN(Cc2ccccc2)C(=N)N1,Fragment,88.07655,-8.496776
CC(=O)C=C(C)NC1CON=C1O,Fragment,11.908683,-46.63854
Cc1ccccc1C=Cc1csnn1,Fragment,65.04319,5.841801
O=C1CSC(=S)N1c1ccc(O)cc1,Fragment,36.854218,-5.52094
Fc1ccc(Cl)cc1Br,Fragment,52.95845,-6.9593263
C(=CC1CCNC1)c1cccnc1,Fragment,76.109245,21.664946
CCc1c(C)nc2c(C#N)cnn2c1O,Fragment,33.90061,0.3247678
CCCCNC(=O)NC1CCCC1,Fragment,-11.078706,-22.412619
c1cc2c(cc1N1CCNCC1)OCO2,Fragment,44.910076,25.936535
OC1COC(O)C(O)C1O,Fragment,-1.6490798,26.765425
NCC1CCCCc2c1ccc(O)c2O,Fragment,42.092674,36.48832
NS(=O)(=O)c1nn2c(=O)ccnc2s1,Fragment,41.28516,-14.674834
CCCCCCCCCCCC(=O)Cl,Fragment,-62.937054,-41.349075
COP(OC)OC,Fragment,-23.088781,4.739505
COC(=O)C12CCC(CC1=O)C2(C)C,Fragment,1.1186538,-25.082594
COC(=O)C1CCCN=C1N,Fragment,3.2686036,-39.243122
CC(O)CC(=O)O,Fragment,-20.93011,-54.276276
CNCCOc1c(Br)cccc1Br,Fragment,63.746983,-30.905527
c1ccc(-n2cccn2)cc1,Fragment,74.8142,-9.139853
CN1C2CCC1C(C(=O)O)C(O)C2,Fragment,-5.929214,-34.02031
CCC(C)(C)CC,Fragment,-42.203552,-23.983181
O=C1CC2CC(CC3(CO3)C2)C1F,Fragment,13.298918,4.0646935
CCCc1cn(Cc2ccccc2)nn1,Fragment,70.13532,-13.777666
CC(C)NCC(O)c1scc(Br)c1Br,Fragment,20.611786,-19.73022
COC1=CC(=O)C(COC(C)=O)=CC1=O,Fragment,8.718479,-43.99586
C[SH](C)CC#CCN1CCCC1=O,Fragment,17.21557,8.835678
CN(C)C1CCc2n[nH]cc2C1,Fragment,27.890461,27.320095
Nc1ccc(Nc2cccc(N)c2)cc1,Fragment,56.731533,6.883883
O=C(O)CCNCCCNCCC(=O)O,Fragment,-13.531815,-46.612972
O=C1NC2NC(=O)NC2N1,Fragment,15.5890875,-0.21759233
CC(C)Cc1ccc(C(C)C(=O)O)cc1,Fragment,33.674908,-52.470966
CC(=N)Nc1ccccc1,Fragment,65.44881,-42.588013
CC12CC3CC(C)(C1)CC(CN)(C3)C2,Fragment,0.68674994,10.498795
CN(C)C=Nc1cc(Cl)ccc1Cl,Fragment,53.434326,-11.526873
C#CCN(C)C(C)CCC,Fragment,-31.016323,-16.546877
O=C(C(Cl)Cl)N1CC2CCC(CC2)C1,Fragment,-5.9991283,-33.381695
COc1ccc(OC)c(N)c1,Fragment,30.422022,-14.438592
C=C(C)C1CC=C(C)C(O)C1O,Fragment,28.4795,23.515326
NCCc1ccccc1S(=O)(=O)F,Fragment,75.50495,-36.545513
CC(C)NC(=O)c1ccc(C=O)cc1,Fragment,27.981314,-45.324295
Cc1cc2c(SCC(=O)O)ncnc2s1,Fragment,23.19842,-51.527462
NOCc1ccc(F)cc1F,Fragment,55.684082,19.70855
S=C(S)NCCN1CCOCC1,Fragment,3.8383126,39.695232
CC(=CCSP(=O)(O)OP(=O)(O)O)CO,Fragment,-39.325294,-38.21068
CC(C)c1cc(I)c(O)c(CN)c1,Fragment,32.37986,-24.724932
CN(C)CCC(=O)c1cccc(Br)c1,Fragment,34.798477,-61.58511
COC1(F)C(F)(F)C1(F)Cl,Fragment,-22.693932,3.709228
CCCCCCCCN1C=CN(C)C1,Fragment,-20.724976,-19.252033
C[PH]1(c2ccccc2)CCCCC1,Fragment,79.89092,-7.9675984
CC(C)Oc1ccc(CCN)cc1Cl,Fragment,43.525307,-12.843482
CC12CCC(C1)C(C)(C)C2CN,Fragment,0.70217836,10.139398
Cn1ccc(-c2cccc(Cl)c2)c1,Fragment,57.031055,-5.0106053
NC1Cc2cccc3nc(O)n(c23)C1,Fragment,60.304375,11.0642605
Cc1cccc(N)c1,Fragment,57.571507,4.688419
NOCCCCOc1ccc(Cl)cc1,Fragment,53.892776,-5.600887
COc1ccc(CC(N)=O)cc1OC,Fragment,30.983238,-39.993736
O=C1CCCC(=O)O1,Fragment,15.0093355,5.4393044
C#CC(=O)OCC#CCOC(=O)C#C,Fragment,-9.370778,-50.53364
N=C(N)NN=Cc1ccc(N)cc1,Fragment,48.785004,-26.436253
CN(NC(=O)CCCl)C1=NCCCCN1,Fragment,-24.914845,-33.875015
NC(Cc1ccc(C(=O)O)cc1)C(=O)O,Fragment,54.6171,-62.36066
CN=CNc1ccc(-c2c[nH]cn2)cc1,Fragment,34.529133,11.989039
CCCCCOC(=O)c1cnc(Cl)cn1,Fragment,7.330233,-72.93612
Cc1sc2c(c1C)C(=NO)c1cccn1-2,Fragment,54.15646,-30.116934
C=CC(=C)CCCC(C)(C)OC(C)=O,Fragment,-60.26702,23.860666
Oc1ccc(CN2C=NCC2)cc1O,Fragment,44.344467,42.6078
O=S(=O)(C(Cl)(Cl)Cl)C(Cl)(Cl)Cl,Fragment,-15.995976,59.30263
Cc1ccc(C(C)C)c(N)c1,Fragment,40.44359,3.6635232
O=C(O)C1=CSC2CC(=O)N12,Fragment,2.779195,-33.181686
CCC(C)NCCOc1ccccc1C,Fragment,65.8053,-32.08752
C=CC(C)=CCC=C(C)CCC=C(C)C,Fragment,-49.924473,42.93262
CN(C)CC1CCSS1,Fragment,-13.401507,14.481745
C=CCNc1nc(C(=O)OCC)cs1,Fragment,15.406847,-53.219536
CC(C)(C)c1cc2ccccn2c1C=S,Fragment,82.29008,-11.026806
CNN=Cc1ccc2ccc(=O)oc2c1,Fragment,48.183052,15.375944
CNC(C)(C)Cc1ccc(Cl)cc1,Fragment,49.132984,-13.927476
C=CCCCCCCCCC(=O)OCC,Fragment,-65.02285,8.567572
CCCNCc1ccc(Cl)cc1Cl,Fragment,49.33929,-16.19901
CSc1c(SC)c2cnccn2c1SC,Fragment,32.9809,8.241672
CCOC(=O)c1c(C)n[nH]c1C,Fragment,13.994616,-56.072346
CN1CC2(c3ccccc3)CCCC1C2,Fragment,83.79647,-8.384966
Oc1ccc(CC2CNC=N2)cc1O,Fragment,44.193535,42.32113
CN1C=CN(C)C1,Fragment,12.799491,31.844036
O=C1NC(=O)C(c2ccccc2)O1,Fragment,86.17459,-17.787254
CC1C(C)(C)C2=C(C(=O)CCC2)C1(C)C,Fragment,7.665257,5.470981
CNC(=O)C(N)Cc1c[nH]cn1,Fragment,11.678526,-26.377378
NCC(NO)c1c[nH]c2ccc(I)cc12,Fragment,34.25917,-22.595774
CNCc1cc(=O)c(O)co1,Fragment,38.873764,-3.4332056
CS(=O)(=O)OCCNCCOS(C)(=O)=O,Fragment,-79.53657,23.712624
Cn1ncc(C2CN3CCC2C3)n1,Fragment,19.49029,17.468084
CC(=O)OCc1cc(=O)n(C)c(=O)n1C,Fragment,8.606938,-44.098755
Cc1c(Cl)cccc1N=C1CCC(C)N1,Fragment,41.00359,27.102816
NCCCOc1ccc(S(N)(=O)=O)cc1,Fragment,36.100437,-23.887737
OC1CCCCC1c1ccccc1,Fragment,90.391945,-11.298405
Cc1ccc(SCc2cccnc2)cc1,Fragment,69.37807,18.73945
COc1cccc(C2CCNC2)c1,Fragment,50.474194,28.574919
CN1CC(=O)n2cccc2C1=O,Fragment,79.89628,-15.653676
Cc1cccc(-c2nnc(C(C)N)o2)c1,Fragment,58.48855,5.3242035
CN(C)CC1CS[SH](O)C1,Fragment,-13.940145,14.737905
CC(CO)CO,Fragment,-35.127148,-9.333069
NC(=S)Cc1ccccn1,Fragment,74.052376,3.621698
COc1cc(OC)c(C=O)c(C(C)=O)c1,Fragment,25.05518,-38.36094
Cc1nn(CCN)c(C)c1Cl,Fragment,29.054419,-3.1367097
O=S(O)c1ccc2cc(Cl)ccc2c1,Fragment,49.31439,-6.527019
ClCc1ccccc1CCl,Fragment,61.597206,-11.660393
O=C(CNc1ccccc1)NO,Fragment,50.916836,-55.207626
C#CCC(N)C(=O)NC(C)C(=O)O,Fragment,-14.814531,-55.76968
NC(=Nc1ccccc1Cl)NO,Fragment,57.842075,-9.6339655
CCc1cccc(C)c1NC(=O)CCN,Fragment,41.14565,-57.00036
O=C(NO)NN=CC1CCCCC1,Fragment,-7.609772,-28.296633
CN1CCC(OC(=O)c2ccoc2)CC1,Fragment,57.916622,36.31442
CCOCCOCCOCC,Fragment,-43.600056,-19.201931
CC1CCc2nc3ccccc3c(=O)n21,Fragment,81.46535,-14.253228
NC(=O)c1ccccc1Br,Fragment,47.014126,-48.59458
CCCN(c1ccncc1)n1cccn1,Fragment,67.54788,-13.357553
Nc1ccc(N(CCBr)CCBr)cc1,Fragment,25.522816,-19.845263
O=C(Oc1cccnc1)c1cccs1,Fragment,61.26981,-19.374857
CCC1(N)CC1c1cccc(OC)c1,Fragment,54.024315,29.714056
CCCC(N)C(=O)c1ccccc1,Fragment,56.797394,-60.81824
Cc1ccc(-c2cnnc(NN)n2)cc1,Fragment,39.55478,10.499571
O=C1CCC(c2cccnc2)N1CO,Fragment,75.03996,24.422785
NCCCCCNOCCCN,Fragment,-20.890587,26.985767
Cc1ccc(C2=CSC3=NCCN23)cc1,Fragment,42.039616,7.092181
C=C(Br)COc1noc2c1CNCC2,Fragment,25.222908,18.995005
CCNCc1cccnc1,Fragment,72.17586,17.915571
CC(O)(CO)C(O)COP(=O)(O)O,Fragment,-38.044388,-43.09543
NC1c2c(Br)sc(Br)c2C(O)C1O,Fragment,-7.5512853,45.234062
O=c1[nH]c2cc3c(cc2n1O)CCC3,Fragment,17.445038,2.6100972
Cc1cccc(C)c1N=C1CCC(C)N1,Fragment,40.69902,26.451015
O=S1(=O)CCNCN1,Fragment,12.111132,39.225452
CCOC(=O)C1CN=C(N)NC1,Fragment,3.3867197,-51.959347
Clc1cc(C(Cl)(Cl)Cl)cnc1Cl,Fragment,47.408882,-2.7158136
CC1CCc2ccc(Cl)c(Cl)c2CN1,Fragment,41.389294,28.448442
O=c1c2c(nc3ccccn13)CCCC2,Fragment,80.006325,-13.030064
NC(CCC(=O)c1ccccn1)C(=O)O,Fragment,58.629364,-47.148808
CC(=O)N(O)CCC(F)P(=O)(O)O,Fragment,-31.701826,-38.68256
CSC(=S)N(C)C1=[SH]SC(N(C)C)=N1,Fragment,11.365473,-15.29742
C[SH](C)CCC(=O)Nc1ccc(Cl)cc1,Fragment,42.581837,-34.507885
Cc1cc(O)c(Cl)c(C)c1Cl,Fragment,42.974773,-8.09124
CCc1cscc1Cc1c[nH]cn1,Fragment,12.639829,-24.141691
COc1cc2cc(N)cnc2cc1OC,Fragment,30.037004,-14.594501
CCOC(=O)c1nsnc1NCCCl,Fragment,13.434145,-52.77863
N=C(N)Nc1cc2c(s1)CCC2,Fragment,60.76313,42.90965
O=C(O)C1CCCN(C(=S)S)C1,Fragment,-7.377744,-31.054688
c1ccc(CC2CCNCC2)cc1,Fragment,89.953476,-7.13523
N=C(CS)NCC=Cc1ccccc1,Fragment,67.129,-42.39849
NC(=O)CCN=C(N)N,Fragment,-17.753248,-36.95629
Cc1cc(C)c(=O)[nH]n1,Fragment,24.075298,3.6670644
Cc1ccc(-c2nnc(NN)s2)cc1,Fragment,40.002262,10.955315
CC(C)(C)c1ccccc1NC(N)=S,Fragment,51.719456,-30.403378
COc1cc(C(=O)O)ccc1Cl,Fragment,27.344692,-40.244846
Oc1ccccc1N1CCNCC1,Fragment,87.62309,2.5601926
N=c1ccn(Cc2ccc(F)cc2)cc1,Fragment,51.12394,0.6106355
CC(C)OC(=S)S,Fragment,-31.8442,-8.551206
Clc1ccc(OCc2ccccn2)cc1,Fragment,73.03028,0.84671295
Cc1ccc(C=O)s1,Fragment,45.217194,13.004375
C=C(C)C(C)N(O)c1cc(C)ccn1,Fragment,36.43871,9.136579
O=C(O)c1cc(Br)c(Br)[nH]1,Fragment,42.392662,-44.638985
Cc1n[nH]c2c(=S)[nH]c(=O)[nH]c12,Fragment,23.77803,3.5329387
O=C1NCC(F)C(=O)N1,Fragment,16.199358,0.72108257
CN1CCCC1COc1ccccn1,Fragment,79.66852,1.2149007
CNC(=O)c1nn[nH]c1O,Fragment,11.033575,-48.989452
CCCc1c(O)noc1C1CCNCC1,Fragment,7.741166,13.849369
OCC1N=CC(O)C1O,Fragment,-7.122583,26.178722
N=C(N)c1cccc(N)c1,Fragment,51.84495,-25.220713
Nc1ccc(OCCn2ccnc2)cc1,Fragment,29.079016,3.6489546
Cc1cnc(CO)c(C)c1,Fragment,34.72513,4.7656245
Clc1cc2c(cn1)[nH]c1ccccc12,Fragment,70.54278,-4.460877
O=C(O)COc1c(C(=O)O)sc(Br)c1Br,Fragment,-8.494257,-45.366592
CC=Cc1cc(O)c(OC)c(OC)c1,Fragment,25.41765,-34.42425
COc1cc(Br)ccc1CCN,Fragment,25.953003,-25.168589
CCOC(=O)C(C#N)=C1C=CN(C)C=N1,Fragment,14.475485,-57.39412
C=C(CO)c1ccc(C)cc1O,Fragment,40.5206,-9.176814
Cc1nc2sc(S(N)(=O)=O)nn2c1C,Fragment,13.92797,-46.867573
Cc1ccc(CNC2CCCCC2)s1,Fragment,35.60484,36.360203
Cc1ccc(C2CC2CN)c(Br)c1,Fragment,97.30134,-12.223025
CCCCC(=O)c1nc2ncccc2o1,Fragment,8.896345,-59.743355
NCc1nnn(Cc2ccccc2)c1N,Fragment,73.7484,-13.37548
CNc1cncc(NC)c1CN,Fragment,27.079962,-5.2904625
CN1CCSC1=NS(=O)(=O)O,Fragment,24.847427,11.402688
NC1Cc2ccccc2CC(O)C1=O,Fragment,86.28286,-15.364198
OC1CN2CCCC(O)C2C(O)C1O,Fragment,9.026381,21.965471
CN(C)c1cccc(C(=N)N)c1,Fragment,52.25484,-25.482782
COC(C)(C)CCO,Fragment,-24.852257,-1.8703084
Cc1ccsc1Cc1c[nH]cn1,Fragment,13.163504,-23.418673
COc1ccc(CCNC(=N)N)cc1,Fragment,42.228634,-30.695295
N#CC(c1cccs1)N1CCOCC1,Fragment,66.271545,29.411827
COc1ccc2cc(C(=O)O)cnc2c1,Fragment,24.969517,-42.904385
CCOC(=O)C(Cl)C(C)=O,Fragment,-29.795858,-51.758488
Brc1ccc(-c2nc3ccccc3s2)s1,Fragment,66.11665,-6.94158
NNC1=NCCN1,Fragment,16.361881,40.558685
CCCCCOCC(O)CCC(=O)NN,Fragment,-68.31911,-34.54877
c1ccn2c(C3CCCN3)nnc2c1,Fragment,89.483696,-5.38733
COCCOC,Fragment,-26.199894,3.3404882
CC(C)c1cccc(N2CCNCC2)n1,Fragment,86.9309,2.2025173
CCC(N)Cc1cc(OC)ccc1OC,Fragment,24.895065,-27.939606
O=C1NC2NC3NC(=O)NC3NC2N1,Fragment,15.583057,-0.2199272
Cc1c(F)cnc2[nH]c(=O)c(=O)[nH]c12,Fragment,24.582197,3.9559708
OC1OCCOC1O,Fragment,-1.4838088,26.574154
O=C(O)C(F)(F)C(=O)O,Fragment,-14.0808,-43.628036
CC=CC(=O)N(CC)c1ccccc1C,Fragment,42.40389,-57.166294
Cc1ccc(F)cc1-c1nnc(NN)s1,Fragment,48.343086,19.648386
Cc1c(Cl)cc(CN)c(O)c1C,Fragment,30.82211,-26.078657
CNc1nc(NC)nc(N(C)C)n1,Fragment,11.903161,-11.718713
NNc1ccc(N(CCO)CCO)nn1,Fragment,18.621944,-12.7521105
CC(C)CC1(CC(C)C)NC(=O)NC1=O,Fragment,5.5637116,-9.755037
NC(=O)c1nnn(-c2ccccc2)c1O,Fragment,55.266796,-50.60055
CCC(CN(C)C)C(=O)c1ccco1,Fragment,42.87265,-55.298267
Cc1ccc(NC=O)c(C)c1,Fragment,46.249523,13.80899
CSc1nc2c(N)ncnc2n1C,Fragment,29.726576,7.952624
Oc1nc2c3c(ccc2[nH]1)CCNC3,Fragment,29.031134,42.39014
S=C(S)OC1CC2CC1C1CCCC21,Fragment,6.5533786,21.563305
C1=C(CCNCC2CC2)CCCC1,Fragment,33.698162,39.57424
COc1cc(C)cc(CN)c1O,Fragment,28.131968,-28.03264
CC(C)Oc1ccccc1O,Fragment,30.867373,-32.75325
CCc1c(Br)c(Br)c(Br)c(Br)c1Br,Fragment,-47.958702,-13.713083
CCOC(=O)CC(=O)c1ccccc1,Fragment,45.77318,-58.337193
N=c1ccn(Cc2ccc(Cl)cc2)cc1,Fragment,51.531883,0.2220086
CCCCCCc1nc2ccccc2[nH]1,Fragment,13.002808,-66.44628
COc1cc(S(=O)(=O)O)ccc1O,Fragment,26.245405,-35.110855
NOCc1cccc(Cl)c1Cl,Fragment,57.92806,-7.2883763
NC(N)=NC(N)=NCc1ccc(Cl)cc1,Fragment,51.712055,-3.9307668
NCC1(CC(=O)O)Cc2ccccc21,Fragment,55.71031,-55.382126
CCOC(=O)c1cc(C)[nH]c1C,Fragment,17.16353,-57.08509
CC(C)SCCNCCN,Fragment,-35.269947,2.883527
C=CCC(CO)NCCNC(CC)CO,Fragment,-62.789074,14.212601
CCOC(=O)c1cccc(P(C)(C)=O)c1,Fragment,18.288809,-56.960384
N=C(N)NCc1cccc(F)c1,Fragment,51.963657,-22.733465
C=CC=CC1(C)SC(=O)C(C)=C1O,Fragment,8.430594,0.5051472
O=C(O)C(O)C(O)c1ccccc1,Fragment,52.854748,-52.011986
Cc1cc(O)nc(SCC(=O)O)c1C#N,Fragment,23.183163,-51.49124
c1ccc2[nH]c(CN3CCCC3)nc2c1,Fragment,84.78789,-1.3476248
CNC(CN=C(N)N)C(=O)O,Fragment,-17.957079,-56.246624
CCCC1CC(CSC(=N)N)OC1=O,Fragment,-2.6562846,-38.431293
CC1CCCC(N)=NC1,Fragment,9.968866,17.500309
CCC(C)N1Cc2ccccc2C1=N,Fragment,73.077385,-29.857967
C1CCC23CC45CNCC4(CC2(C1)C5)C3,Fragment,11.122885,38.802807
N#CC(c1ccco1)N1CCOCC1,Fragment,66.25806,29.343567
N=C(N)NCCC(=O)NO,Fragment,-14.886456,-36.931328
NC(N)=O,Fragment,-12.370482,-39.817024
CC(=O)C=Cc1ccc2c(c1)OCO2,Fragment,36.439445,-49.99392
CN=C(N=c1ssc(=NC)n1C)N(C)C,Fragment,25.193134,11.160791
C=CCNc1nnc(S)s1,Fragment,-42.948025,51.683746
NOCc1ccccc1O,Fragment,36.801186,-28.20694
Cc1csc(C2C=CN=CN2)c1C,Fragment,37.020447,18.939474
Cc1nc2ccc3ccccc3c2o1,Fragment,64.95101,5.0417857
Oc1cc2c(cc1O)C1CCCN1CC2,Fragment,40.92428,37.43825
COCCNCc1ccc(Cl)cc1Cl,Fragment,47.603775,-15.281028
ClCCCc1cn[nH]c1,Fragment,47.961445,0.13987654
Cc1n[nH]c(C)c1CCN,Fragment,27.333225,-2.9658859
c1cncc(N2CC3CC(C2)N3)c1,Fragment,76.22687,22.71846
Cc1ccc(-c2csc(N=C(N)N)n2)[nH]1,Fragment,40.78305,13.788678
C=C1CCC(C(=O)O)C1N,Fragment,1.2545761,-33.683254
CCCNCc1cccc(Cl)c1,Fragment,49.273037,-16.500696
CC(C)(C)C(O)C(CN)c1ccccc1,Fragment,73.27072,-35.000298
COc1cccc2c(C)cc(=O)n(C)c12,Fragment,35.023277,-10.851144
Cc1nc(N2CCCCC2)sc1C=O,Fragment,22.385254,9.388432
CCC(C)C1NC(=O)C2CCCN2C1=O,Fragment,5.1163006,-7.9514256
Cc1ccc(O)cc1CC(N)C(=O)O,Fragment,29.692915,-52.858627
CN(C)CC(O)COc1ccccc1O,Fragment,30.862133,-32.617092
NCC1CC1c1ccccc1,Fragment,95.6224,-13.233412
CCCCC=C1CCC(CN(C)C)C1=O,Fragment,-10.3802,-18.725304
COCc1noc(C2CN=CNC2)n1,Fragment,21.640617,25.766178
CCSCCCSP(=O)(O)OP(=O)(O)O,Fragment,-40.783104,-37.1957
O=C(O)C(O)c1cccs1,Fragment,52.012016,-44.735035
Cc1cc(C)n(-c2nc(C(=O)O)cs2)n1,Fragment,23.09625,-50.323967
Oc1ccc2c(c1)-c1ccccc1C2,Fragment,78.068695,-7.6823826
CCCCP(=O)(O)CC(O)CN,Fragment,-50.923115,-37.659603
COc1cc(Cl)c(Cl)c(CN)c1O,Fragment,28.762331,-27.074518
CSCc1noc(C2CN=CNC2)n1,Fragment,28.589106,30.040522
COC(=O)CC(C(C)=O)C(=O)OC,Fragment,-26.161945,-47.594154
CC(C)C1(C(C)C)OCC(CO)O1,Fragment,-6.489153,10.770669
CC=NNC1=NCCc2ccccc21,Fragment,79.5234,-5.8708673
CCCC(=O)OCCC(C)C,Fragment,-27.402403,-52.77547
c1cncc(Oc2cccnc2)c1,Fragment,74.74797,15.200159
CCN(CC)N(O)N=O,Fragment,-28.601643,-31.891392
C1=CN2CCC1C(c1ccccc1)C2,Fragment,86.53362,-8.102968
CCCCCNN=C(C)C(=O)O,Fragment,-77.44634,-26.303255
Cc1cc(O)c(Cl)cc1C,Fragment,43.106865,-8.041543
CCCCC(C)C(=O)O,Fragment,-53.751953,-41.623863
CC(C)(C)CNC(=N)CCCS,Fragment,-37.824398,14.821491
CC(=O)NC(CSC(C)=O)C(=O)O,Fragment,-20.50419,-56.390774
CCN(CCCl)Cc1cccc(C)c1,Fragment,57.027412,-23.437162
COc1c(Cl)c(OC)c(CN)c(O)c1I,Fragment,28.816944,-26.678377
COC(=O)N(O)CC=CP(=O)(O)O,Fragment,-31.801376,-40.705307
NNC(=O)c1cc(=O)[nH][nH]1,Fragment,16.886759,-3.8033004
CSC(=N)Nc1ccc(C(F)(F)F)cc1,Fragment,46.70783,-29.829771
NC=Nc1cccc(-c2c[nH]cn2)c1,Fragment,55.366447,9.918388
COC(=O)C(N)Cn1ccn(C)c1=S,Fragment,-4.2248254,-56.038662
CN1CCCC2Cc3n[nH]cc3CC21,Fragment,19.975979,16.367605
O=C(O)C1CCN1C(=O)CCS,Fragment,-7.260672,-31.75476
Cc1n[nH]c(SC2C=CS(=O)(=O)C2)n1,Fragment,29.997536,27.435942
CNC(=O)C1(C)C=CCN1C(=O)OC,Fragment,5.2244186,-43.740913
CCNCCc1ccc(O)c(O)c1Cl,Fragment,45.50794,-10.919176
CCCOC(=S)n1ccnc1,Fragment,2.2132223,-56.002045
CCN(CC)c1ccc(C=O)c(O)c1,Fragment,36.888943,-34.495438
CNC(C)COc1ccc(Br)cc1Br,Fragment,22.120989,-19.66301
CC(=O)Cc1ccc2ccccc2n1,Fragment,57.67166,-50.006306
CC(=O)N(C)CC#CCN1CCNCC1,Fragment,-10.567496,-34.430603
CC(C)(C)CC(=O)Nc1nn[nH]n1,Fragment,10.6487255,-48.980305
Nc1ncnc2c1sc1nc[nH]c12,Fragment,22.213211,-5.9254518
C(#CC1CCCN1)CN1CCCC1,Fragment,8.82286,29.478111
O=c1cc(CSc2ccccc2)[nH][nH]1,Fragment,76.38746,-21.795706
NCc1ccc2cnccc2c1O,Fragment,68.471344,1.9325621
CC1NNC(CN)C(O)C1O,Fragment,-10.771598,27.895575
NC(CCCNc1ncc[nH]1)C(=O)O,Fragment,-7.2200446,-58.733948
O=C(O)C=CC(=O)O,Fragment,-12.55948,-43.036167
CNC(=S)N1CCCCc2cccnc21,Fragment,78.0291,0.11446453
O=C(Nc1ccccc1)N1CCNCC1,Fragment,91.571846,-21.934221
OC1CCCC2c3cccnc3CCC12,Fragment,81.12392,1.4877517
N=C(N)NCCc1cccc(F)c1,Fragment,51.96224,-22.719261
C#CCCCOC(=O)NCCCCC,Fragment,-67.72733,-40.16392
NCC1CC1c1ccccc1Br,Fragment,96.59262,-12.399311
CC1(C)C=C(C(N)=O)C(C)(C)N1O,Fragment,13.094683,-36.21868
Cc1ncc2c(=O)[nH]c(=O)n(C)c2n1,Fragment,24.100296,3.2315025
COC(=O)C1CCCC(C(=O)OC)N1,Fragment,-6.64903,-25.6777
CC(C)(C)Cc1cc(I)c(O)c(CN)c1,Fragment,32.619682,-25.87025
CCCCSCC(NC(C)=O)C(=O)O,Fragment,-22.142591,-59.6915
COC(=N)CCCl,Fragment,-27.482714,0.4821696
CC1=C(c2ccccc2)C=NNCC1=O,Fragment,78.72628,-14.026138
NS(=O)(=O)Nc1ccc(S(N)(=O)=O)cc1,Fragment,40.752247,-16.876564
CN(C)CC1CSSSC1,Fragment,-13.682208,14.746114
CN=C(NC)SCc1ccc(Cl)cc1,Fragment,49.056557,-12.781154
Cc1ccccc1OCCNCC(C)O,Fragment,65.88434,-32.095272
O=C1CCC(=O)N1Cl,Fragment,16.373158,6.417794
N=C(N)NCC1CC1C(N)C(=O)O,Fragment,-8.653342,-55.14987
c1ccc2c(N=C3NCCN3)n[nH]c2c1,Fragment,85.80113,-1.2688932
NC1CC2CCC1C2,Fragment,4.193438,20.88497
CCCNC(C)Cc1ccc(O)c(O)c1,Fragment,30.815998,-21.410067
COCCl,Fragment,-24.508686,2.2441812
O=C1c2ccccc2NCC2CCCN12,Fragment,83.32602,-15.809274
N=C(N)NN=Cc1ccc(Br)cc1,Fragment,49.03671,-26.716623
c1ccc2c(c1)C1CCCNC2C1,Fragment,90.40631,-6.110972
O=C(C1CCC1)N1CC2CNCC2C1,Fragment,-4.1129627,-30.634586
N=C(N)NC(=O)Nc1ccc(Cl)c(Cl)c1,Fragment,45.42766,-27.869013
CCCCCCC(C)NN,Fragment,-53.324448,-33.21172
CC(C)NC(C)C(C)c1ccccc1,Fragment,72.316505,-30.619719
NCC1NC(CO)C(O)C1O,Fragment,-10.794169,27.602148
CCCC=C(CC(N)C(=O)O)C(=O)O,Fragment,-14.917462,-59.325172
COC1Oc2ccccc2N(O)C1=O,Fragment,80.8532,-18.317492
CC(C)(O)CC(=O)O,Fragment,-19.375772,-45.44078
CCOC(=O)C1(C(O)c2ccco2)CO1,Fragment,21.729923,-57.803894
O=c1[nH]c2cc(Cl)ccc2cc1O,Fragment,41.43477,-5.6218834
Cc1cc(C2CCC3CCC2N3)on1,Fragment,32.07393,29.043406
CC1(CO)CN(c2ccccc2)NC1=O,Fragment,83.78006,-20.53246
CCCCC(N)(Cc1c[nH]cn1)C(=O)O,Fragment,11.576238,-27.698137
Fc1ccc2c3c([nH]c2c1)CCNC3,Fragment,45.4176,27.43925
O=C(O)C1=CCNCC1,Fragment,6.1584234,-30.599384
CN(C1CCCCC1)C1CCCCC1,Fragment,1.4583809,19.668068
CNc1cc(CC(C)C)cc(I)c1O,Fragment,30.152739,-21.276299
CC1CN1P(=O)(N1CC1C)N1CC1C,Fragment,10.0941725,25.241386
N=c1ccccn1CC(F)(F)F,Fragment,75.882454,-10.512283
NCC1CC1c1cccc(F)c1,Fragment,57.78311,28.499723
CC(C)CC=C(C=O)c1ccccc1,Fragment,66.10704,-38.346046
NC1(COc2cccnc2)CC1,Fragment,75.96783,16.745169
CCC(C(N)=O)N1CC(C#CBr)CC1=O,Fragment,-5.7320695,-39.450222
COc1ccc2c(c1)CCCN2C(N)=O,Fragment,29.289703,-18.046036
CC1=NN(c2ccccc2C)C(=O)C1,Fragment,79.26122,-14.045446
CC1(C)C(=O)N(Cl)C(=O)N1Br,Fragment,10.635878,-2.3286238
O=C(O)c1ccc2[nH]c(CO)nc2c1,Fragment,40.0645,-44.144077
CC(=O)c1ccccc1C=O,Fragment,49.66709,-50.257843
CC(C)(C)NCC(O)CO,Fragment,-33.86815,-8.172055
Clc1ccc2[nH]c3c(c2c1)CCNC3,Fragment,51.97311,5.1386933
C1CS1,Fragment,3.9902902,49.001377
O=C(O)C1CSC(c2ccccc2O)N1,Fragment,92.260414,-20.01557
CCSC(=N)Nc1ccc(C(=O)O)cc1,Fragment,46.05374,-54.293167
C[SH](C)CCC(N)C(=O)O,Fragment,-13.882201,-57.416954
C=CC(=O)OCCOCCOCC,Fragment,-56.376278,-7.4048347
COC(=O)CC(CN)CC(C)C,Fragment,-24.611984,-48.029995
COc1cccc2c1N=C(N)NC2,Fragment,29.93477,-13.299667
CC1=C(C(=O)O)N2C(=O)C(N)C2SC1,Fragment,2.476793,-32.987057
FC(F)(Cl)Cl,Fragment,-11.6887045,47.98459
Oc1cc(-c2ccc(Cl)cc2)no1,Fragment,46.231373,-6.2696714
CC=Cc1ccc(N(O)C(C)=O)cc1,Fragment,35.74239,-49.547363
Oc1nc(Cl)c(Cl)cc1Cl,Fragment,46.936165,-5.278346
O=C(O)CCCCc1ccncc1,Fragment,65.064735,-22.327969
Cc1cccc(C)c1OCC(O)CN,Fragment,60.538757,-32.25324
CC(C)NC1CCc2c(O)cccc2C1,Fragment,40.847824,39.64182
CCCCCNCc1cccc(Br)c1,Fragment,20.137596,-71.07901
CCOc1ccccc1CNCCO,Fragment,66.60872,-31.500818
CCCCNC(=O)P(=O)(O)O,Fragment,-77.72939,-26.89843
COn1c(CN)cc2ccccc21,Fragment,70.07666,-21.634518
CCCCCCCCOCCC#N,Fragment,-66.06664,-25.776543
CC(=N)Nc1ccc(N(C)C)cc1,Fragment,47.72251,-30.245226
CNC(C)Cc1ccc(O)cc1,Fragment,30.057022,-21.16866
N#Cc1ccc(CSC2=NCCN2)cc1,Fragment,25.136229,40.215
COCC(C)O,Fragment,-32.37698,-5.1124783
CN=c1cnsn1C,Fragment,28.589664,7.575079
N=C(N)NN=Cc1c(Cl)nc2sccn12,Fragment,47.73636,-26.893156
CN(C)C(=O)N=NC(=O)N(C)C,Fragment,-27.40015,-33.112743
CC(=O)N(O)CCCCP(=O)(O)O,Fragment,-32.143417,-38.244694
CN(N)c1nnc(Cc2ccccc2)s1,Fragment,72.156525,-10.835866
COc1ccc(OC)c(CC(C)N)c1,Fragment,24.903042,-27.925007
CCCC1OC1(CC)C(N)=O,Fragment,-2.631973,-37.609818
CC(Oc1ccc(Cl)cc1)C(=N)NO,Fragment,44.81977,-29.877596
CNC(C)C(=O)c1ccc(OC)cc1,Fragment,27.23071,-44.03785
OCCSCc1ccncc1,Fragment,70.90135,10.860472
CCCCCCCCSCCO,Fragment,-55.764336,-24.632984
CNC12CCCCC1Cc1ccccc12,Fragment,92.14005,-9.030471
CCCCCCOS(=O)(=O)O,Fragment,-65.19826,-31.97887
C=C(Br)C=O,Fragment,-65.65578,37.139038
NCC1CC1c1cccc(Cl)c1Cl,Fragment,58.159927,29.050392
O=C(O)CNCCSc1cccc(Br)c1,Fragment,36.094,-63.102943
Nc1ncc(CO)c(CO)c1O,Fragment,17.994198,-14.516648
CCc1nsc(C2CN3CCC2C3)n1,Fragment,18.188875,17.096807
OCCC1CCCCN1,Fragment,2.6995764,16.435595
Cc1cc(N)nc(CC(C)C)c1,Fragment,28.14878,-7.733398
CCC(C)(CCC(C)C)C(=O)O,Fragment,-24.076447,-53.684868
Cn1[nH]nnc1=S,Fragment,26.680847,5.427302
CN1CCCC1COc1cnccn1,Fragment,22.100962,16.185078
C1CCN2CCCN=C2C1,Fragment,35.251343,46.187443
N#CCC(=O)O,Fragment,-9.284546,-49.886986
CCSc1nc2n(c(=S)n1)CCN2C,Fragment,27.744822,10.015696
O=c1oc(-c2cccnc2Cl)ns1,Fragment,71.48947,-0.07589653
CC12CC34CNCC3(C1)CC2(C)C4,Fragment,7.8189645,34.599552
COC(=O)C=CC1=CN(C)CN1C,Fragment,5.367035,-43.843987
CCCc1cccc(CCC)c1CN,Fragment,57.137997,-24.875633
COCC(O)CNC(C)(C)C,Fragment,-33.112152,-3.7714632
O=S(=O)(O)OS(=O)(=O)O,Fragment,-19.268442,62.398407
O=C(O)c1ccc(-c2nccs2)cc1O,Fragment,39.499485,-42.92804
CCCC(C)=NNC(=S)SC,Fragment,-49.96797,10.038165
O=C(O)c1cc(Cl)cc(Cl)c1O,Fragment,40.5814,-39.816803
OC1(c2ccc(F)cc2)CCNC1,Fragment,45.268906,27.803009
NCC(Br)CC(=O)O,Fragment,-13.651876,-52.896564
CC(=CC(=O)O)C1CCCCC1,Fragment,-6.678325,-28.018372
CN(C)CCC(CCN(C)C)=NO,Fragment,-28.882984,-29.497835
CCCCC1(N)CCCCC1,Fragment,-56.434734,-27.571543
NC1CCc2c(Cl)cc(I)c(O)c21,Fragment,44.407234,37.849068
CC1OC(O)C(O)C(O)C1O,Fragment,0.29535317,27.155561
CN1c2ccccc2Oc2ccccc21,Fragment,79.241455,-10.165219
CNc1cncc(-c2ccc(C)cc2)n1,Fragment,38.91338,10.455142
CCC1SC2(CCN(C)CC2)NC1=O,Fragment,4.4941216,-5.716353
CCOC1=NOC2(C1)CC1CCC(C2)N1,Fragment,-4.2174726,-1.815122
CCC=C1OC(=O)c2c(C)cc(C)cc21,Fragment,38.45248,-0.7645698
COc1ccc(OC)c2c1=NS[SH]=2,Fragment,31.817888,-11.538054
O=C1NCCC(=NO)c2cc[nH]c21,Fragment,17.968195,3.4309366
C#CC(O)(C=CCl)CC,Fragment,-54.08281,-11.609908
CCCCCCCCS(=O)(=O)Cl,Fragment,-60.55253,-29.81076
NCc1ccc(C(=O)O)s1,Fragment,43.1055,-50.82161
CNCCOc1ccccc1OC(C)C,Fragment,65.16907,-31.770557
CCCCCC(C)C(=O)O,Fragment,-53.762318,-41.62445
O=C(O)CNC(=O)c1ccncc1,Fragment,62.54318,-21.055231
CN(C)c1nsc(C2CN3CCC2C3)n1,Fragment,18.070797,18.212435
Oc1nc(O)c(Br)c(N2CCC2)n1,Fragment,26.063349,15.815515
CC(=O)NC1=NC(=O)C(C)S1,Fragment,12.409903,-47.08674
CC(=O)Nc1ccc(C)cc1C,Fragment,31.024315,-50.573235
NCCc1ccc(N2CCCCC2)cc1,Fragment,39.71444,44.855198
c1ccc(CCNCc2cccs2)cc1,Fragment,59.890408,-40.172234
CC(C)c1ccc(C#N)cc1,Fragment,38.63766,-9.972536
Cc1cc2c3ccccc3nc(O)n2n1,Fragment,64.323135,2.9417741
COc1ccc(Cl)cc1C,Fragment,45.3702,-14.847777
CN1CCN(c2cccc(F)c2)CC1,Fragment,53.2795,22.141972
CN1C(C)(C)C=CCC1(C)C,Fragment,11.391789,31.822027
N#CC(C#N)=Cc1ccc(S(=O)(=O)O)o1,Fragment,46.499416,-20.956236
Cc1c(Cl)c(C)c(CN)c(O)c1CN,Fragment,29.9189,-25.195711
CCC(=O)OC1CC2CCCC1N2,Fragment,-9.311063,-25.412361
CCc1nc(N)ccc1C(=O)O,Fragment,32.19753,-48.654816
COC(=O)c1cc(C(O)CN)ccc1O,Fragment,31.08284,-38.66951
C#CCN1CC(C)C(=NO)CC1C,Fragment,-7.229016,15.440763
COc1cccc2c(=O)ccoc12,Fragment,33.53712,-12.671938
CCN(CC)CCCl,Fragment,-48.475918,-23.624645
NCc1cc(Cl)c2cccnc2c1O,Fragment,69.268364,0.8322568
CNCCc1ccc2c(c1)OCO2,Fragment,54.07316,-18.003271
COc1cccc(-c2nc(CCl)cs2)c1,Fragment,33.345047,-10.452827
Cc1cccc(C23CNCC2C3)c1,Fragment,41.81431,24.656713
N=C1SCCN1N,Fragment,2.8421643,49.41044
O=C1CC(c2cccc(Br)c2)C(=O)N1,Fragment,45.650234,48.200386
CCCc1ccc(O)c(OC)c1,Fragment,27.51534,-29.61173
OCC1NCCCC1O,Fragment,2.6974993,16.516829
O=C(Nc1ccc(O)cc1)C(Cl)(Cl)Cl,Fragment,46.12329,-38.01878
N=C1C=C(N)C(=O)c2ccccc21,Fragment,76.826546,-19.017776
c1ccc(C2CO2)cc1,Fragment,89.85226,-13.751408
N#CCOC(=O)C(N)Cc1ccccc1,Fragment,54.482346,-60.92099
CC(C)N1CCC(c2cccc(O)c2)C1,Fragment,41.530457,40.479595
NCC1C2C=CC(CC2)C1CN,Fragment,3.184171,33.200474
N=C1CCCN1Cc1nc[nH]c(=O)c1Cl,Fragment,18.189108,6.4771056
O=C1NC(=O)C(=Cc2ccncc2)S1,Fragment,72.32668,23.14918
N#CC1CCCc2cccnc21,Fragment,81.26327,1.4945084
CCCN=C(S)N1CCN(CC)CC1,Fragment,-17.6285,-4.377384
CC(=O)C(C)O,Fragment,-23.474424,-50.918125
COc1ccc(F)c(Cl)c1C1CC1CN,Fragment,56.093185,30.004898
O=C(c1ccc[nH]1)N1OC2C=CC1C2,Fragment,89.240875,-19.424225
OCC1Cc2ccc(Br)cc2CN1,Fragment,44.022697,47.775192
NC(CNCC(=O)O)=NO,Fragment,-16.791208,-38.051704
CC(N)(C=CI)C(=O)O,Fragment,-16.075653,-44.810547
CN(C)C(=O)CCNc1ccc(Br)cc1,Fragment,32.908924,-60.402176
OCC1OC(O)CC(O)C1O,Fragment,-4.3027964,25.575802
COc1ccc(C)cc1NC(=S)C#N,Fragment,37.22128,-9.601483
COc1c(I)cc(C(C)(C)C)cc1CN,Fragment,27.007877,-26.866789
Cc1ccc2ccccc2c1CON,Fragment,69.54595,-21.770607
CN1CCc2c[nH]c3cccc(c23)C1,Fragment,85.92477,2.551576
CCCCCC=CCC(=O)OC,Fragment,-71.75311,-36.00995
CC(=O)NC(C[SH]1CCCC1)C(=O)O,Fragment,-20.611202,-56.54196
CC(=O)Cc1ccc(O)c(O)c1,Fragment,33.824642,-37.92258
CN=C(N)Cc1ccc2ccccc2c1,Fragment,54.054096,-27.00001
CN1CC2CC2(c2cccc(O)c2)C1,Fragment,41.754784,40.740253
O=P(O)(O)OCC(Cl)(Cl)Cl,Fragment,-37.288925,-41.69899
CCCCC1C(N)=Nc2ccccc21,Fragment,13.528996,-66.696724
Cc1cc(C)c(C=O)c(C)c1,Fragment,46.16695,13.764923
COc1ccccc1-c1nnc(NN)s1,Fragment,32.05255,-11.182659
CCCOCCC,Fragment,-44.249027,-19.867308
O=C(O)C1CCNC1C(=O)O,Fragment,-2.9645474,-29.767628
CC=C(CC)C(=O)NC(N)=O,Fragment,-19.656153,-41.46655
NCC1CC1c1ccccc1O,Fragment,96.09897,-12.883088
CN(CC#CCN1CCCC1)C(=O)CN,Fragment,-10.664759,-34.43783
OCC1CCCC2(CCCC(CO)O2)O1,Fragment,-4.9246583,24.14429
CCCCNCc1ccc(Cl)cc1Cl,Fragment,49.62302,-16.516386
Cc1cc(C)n(-c2nnc(C)n2N)n1,Fragment,39.443565,7.1095486
CCC(Br)(C(N)=O)C(C)C,Fragment,-24.900644,-52.974026
CC1(C)C2=CCCC(C)(C)C23CCC1C3,Fragment,4.3195515,9.060392
CCC(N)C(=O)CCCCCC(=O)O,Fragment,-14.312626,-61.640724
NC1C=Cc2ccccc2C1,Fragment,87.03659,-13.120819
CC1CN(Cc2ccccn2)CCC1=O,Fragment,78.25783,1.7253494
CC(Cc1ccccc1)NCCC#N,Fragment,70.84053,-31.258362
NC(CS)CCCS(=O)(=O)O,Fragment,-20.990675,-27.68466
FC(F)(F)C(F)(C(F)(F)F)C(F)(F)F,Fragment,-11.76873,48.35424
CC(=N)Nc1ccc(CSC(=N)N)cc1,Fragment,46.766373,-30.910646
C#CCN(C)C(C)CCCCCCCC,Fragment,-51.348984,-30.824684
O=C(O)CCN1CCOCC1,Fragment,-3.4317992,-45.00631
CNC(=N)NCCSCc1nc[nH]c1C,Fragment,6.2767034,-18.884066
CCCCCCCCOC(=O)C(N)CC,Fragment,-67.87785,-35.15435
CC(N)C(=O)Nc1nnc(S(N)(=O)=O)s1,Fragment,14.774,-47.428833
CCN1CN(CC)CN(CC)C1,Fragment,-15.815553,-4.6802917
NC1CCSC1C(=O)O,Fragment,-1.3077655,-32.523056
CC(C)=CCCC(C)C=O,Fragment,-67.16699,21.248999
C#CCN(C)C(C)CCCCO,Fragment,-26.952877,-11.036522
CNC(=O)CCN1CCOCC1,Fragment,-3.41311,-44.997215
Cc1cc(C(C)(C)C)cc(C)c1N,Fragment,40.178143,4.3438687
CC1COCCN1C(=S)S,Fragment,1.6897386,28.78333
CCC(N)C(N)CCCCCC(=O)O,Fragment,-14.274111,-61.66921
C1=C(c2ccccc2)N2CCN=C2S1,Fragment,75.70003,-7.8195453
Cn1cc2c(C(N)=O)nc(N)nc2n1,Fragment,13.591355,-36.09836
C=CC(C)(CCC=C(C)C)OC=O,Fragment,-60.11768,23.850008
O=C(CP(=O)(O)O)Nc1nccs1,Fragment,17.497221,-51.03503
CC(=O)C(C)n1ccc(N)nc1=O,Fragment,14.944174,-37.543133
Cc1cn(CC(O)CO)c(=O)[nH]c1=O,Fragment,11.802644,-7.9445424
N#CC(C(=O)c1ccccc1)=C(S)S,Fragment,52.377975,-50.879906
C1NC2CC3CC1CC(C3)C2,Fragment,6.9950466,28.020174
CN(C)c1cc(N)c2ccccc2n1,Fragment,67.9612,-10.189985
C=CC(=O)NCOCC(C)C,Fragment,-62.040222,19.382713
NCCNCc1nnn[nH]1,Fragment,-18.74298,29.70285
Cc1ccc2c(CC(=O)O)coc2c1C,Fragment,39.762936,-52.437366
Nc1cccc(C2CCNC2C(=O)O)c1,Fragment,93.34695,-19.875952
O=S(O)S(=O)O,Fragment,-19.547674,61.329334
COC(=O)c1ccc(C(=O)O)cc1,Fragment,26.653137,-42.252632
C#CCN(C)CCCCCCO,Fragment,-26.827888,-11.006828
COC(=O)C(C)(N)Cc1c[nH]cn1,Fragment,11.523692,-27.392569
Cc1ccc(NC(=N)NCCO)nc1,Fragment,35.18751,4.0785127
CC(C)=CC(C)(C)C,Fragment,-48.864162,37.210632
Nc1nc2c(s1)CC(N)CC2,Fragment,10.392791,18.498041
CC(C)=NOCC(O)CNC(C)C,Fragment,-35.268517,-2.5988834
CC12OOC(C)(OO1)C2CC(Br)CBr,Fragment,-4.6615453,10.6862
O=C(O)CCSCC(=O)O,Fragment,-14.182689,-49.24841
CCc1noc(C2=CCCN(C)C2)n1,Fragment,27.772558,10.181816
N=C(N)Nc1cc2[nH]c(=O)[nH]c(=O)c2s1,Fragment,59.72924,41.919895
CCCc1cc(C)c2c(c1O)C(N)CC2,Fragment,-6.0846066,-11.053366
C=C(C)CNCC,Fragment,-47.578823,11.964921
O=C(O)CCCC1CCNC1,Fragment,-2.600368,-28.894815
COc1ccc2c(c1)N1CCN=C1N2C,Fragment,48.649097,25.37461
CC(=O)C=Cc1ccccc1,Fragment,49.84429,-50.669224
CCCCNCc1ccccc1,Fragment,19.628973,-71.7204
CNC(=N)NC,Fragment,-26.03111,17.529339
NCc1ccc(O)c(O)c1,Fragment,34.83947,-26.74771
O=C(O)CCCCCCCCCCCBr,Fragment,-11.178322,-46.976387
CCCCCSc1nncc(O)n1,Fragment,2.635136,-69.90379
CC(N)C(=O)Nc1c(Br)cccc1Br,Fragment,32.72896,-58.418488
N#CC(=NNC(=N)N)c1cccs1,Fragment,48.633705,-25.079254
CN(C)CCCNCCC#N,Fragment,-25.003922,-11.407572
O=C(Cl)OCCOCCOC(=O)Cl,Fragment,-20.36612,0.027979823
OCc1cn(-c2cc(Cl)cc(Cl)c2)nn1,Fragment,49.370125,-2.4626122
O=S(=O)(O)CO,Fragment,-29.294893,27.682798
COc1cc(C)c(NC(=O)CN)c(C)c1,Fragment,29.696598,-50.17199
CC(NC(=O)c1ccco1)C(=O)O,Fragment,45.179935,-52.69772
Nc1cc(C(F)(F)F)ccc1S,Fragment,38.15069,-15.23829
Cc1cc(F)ccc1-c1nnc(NN)s1,Fragment,48.339684,19.646936
CNCCOc1ccc(Cl)cc1Cl,Fragment,47.737167,-14.910938
CN(C)c1ccc2nc(N)nc(N)c2c1,Fragment,67.89716,-10.19819
Cc1c(Cl)c(C)c(CN)c(O)c1Cl,Fragment,29.919008,-25.195513
CCc1ccc(S(=O)(=O)O)cc1,Fragment,40.970238,-19.622604
c1cncc(OCC2CCCN2)c1,Fragment,75.954636,21.02708
BrC1=NOC2(C1)CC1CCC(C2)N1,Fragment,26.891516,33.78896
C1=CC2C3CNCC3C1C1CC21,Fragment,18.323689,37.97462
Cn1nnc(C2CN3CCC2C3)n1,Fragment,19.091408,17.482992
NCC1CC1(F)c1ccccc1,Fragment,95.200264,-13.752516
c1ccc(NNC2=NCCCCC2)cc1,Fragment,79.703316,-6.8745
CNCc1ccc(C(F)(F)F)cc1,Fragment,53.033604,-18.430826
CC1(C)CCC(C)(C)c2ccccc21,Fragment,80.807846,-8.787522
c1ccc(CN2CC3CCC(C3)C2)cc1,Fragment,88.10956,-8.552491
CC(Br)CN1CCOCC1,Fragment,5.289131,40.233776
CCOC(=O)C=CC(=O)O,Fragment,-31.653963,-50.712753
NCc1ccc(C(=O)O)o1,Fragment,43.104362,-50.841576
COc1cccc(C2CC2CN)c1,Fragment,54.455513,29.770386
NCC(N)CCCCCC(=O)O,Fragment,-12.678689,-61.580925
S=C(S)N1CCN(C(=S)S)CC1,Fragment,7.772016,38.97137
O=c1cc(CNC2CCCC2)[nH]c(=O)[nH]1,Fragment,14.71414,2.42962
CN1Cc2cc(O)c(O)cc2C(C)(C)C1,Fragment,6.7443295,9.002067
N#CCCC(Br)(C#N)CBr,Fragment,-24.905195,52.119137
CNC(=S)NN=C1NCCCCN1,Fragment,8.340667,41.636955
CCOCC(O)CNc1cncc(Br)c1,Fragment,22.842812,-12.383208
C=CC(C)(C)C,Fragment,-42.359734,48.571587
N#CSCCCCO,Fragment,-27.638205,31.229582
Oc1cccc2c(Br)ccnc12,Fragment,65.268715,-1.3949746
COc1cc(CCN)c(OC)cc1Br,Fragment,25.975748,-25.210361
C[SH](C)CCC(=O)NC1CCCCC1,Fragment,-7.7323413,-26.868645
CC(=O)NCCCC(NC(C)=O)C(=O)O,Fragment,-21.350283,-57.369907
CC(=O)C1(C)CC(=O)NC1=O,Fragment,3.0513504,-27.777567
NC1C2C3CC4C2C(O)C2C1C3C42,Fragment,6.038494,23.73591
CCCCCOc1ccccc1C(N)=O,Fragment,10.5940485,-74.334724
C=CCn1c(N)cc(=O)n(CC)c1=O,Fragment,-8.963251,70.5994
CCC(C)COC(=O)CC(C)C,Fragment,-27.3846,-52.018047
O=S(O)c1ccc(Cl)cc1,Fragment,49.250107,-6.992953
NCCOCCN,Fragment,-24.409742,36.37421
COC(=O)C(N)(CC(=O)O)CC(=O)O,Fragment,-24.265259,-46.320206
Ic1[nH]c(I)c(I)c1I,Fragment,-13.304615,55.257828
N=C(c1ccccc1)N1CCCCC1,Fragment,82.17918,-6.11213
CC=NOCC(O)CNC(C)(C)C,Fragment,-33.50737,-2.3845975
NC1(C(=O)O)CC1Cc1nsnc1O,Fragment,2.560688,-30.462666
NC(C(=O)O)C1CCCN1,Fragment,-2.8186295,-31.494534
COC(=O)c1cccc(O)c1OC,Fragment,27.724413,-36.93007
S=C(S)N(c1c[nH]cn1)c1c[nH]cn1,Fragment,13.612747,-19.204876
CN(C)c1ccc(Br)c(Br)c1,Fragment,24.498283,-18.431917
CCOP(=O)(OCC)C(N)C1CCCC1,Fragment,-13.417384,-25.876251
CN(C)NC1CSSC1,Fragment,-13.223078,15.351739
CC1=CC2=NC(C)CC2=CC1=O,Fragment,30.187616,26.44436
C1CC2=NCCN2C1,Fragment,35.250027,46.20304
O=P(Cl)(Cl)c1ccccc1,Fragment,73.93046,-19.183645
CSCCC(N)C(=O)NC(C)C(=O)O,Fragment,-17.916744,-57.689674
N=C(N)NN=Cc1cccc(N)c1,Fragment,49.52055,-25.82491
CC1OCC(F)C(O)C1O,Fragment,-0.455036,27.573889
CN(C)CCCNCCNC(=O)C=NO,Fragment,-29.086832,-33.050255
O=S(=O)(O)CCSSCCS(=O)(=O)O,Fragment,-17.968266,63.427475
CNC(C)C(O)c1cccc(O)c1,Fragment,57.824768,-30.418646
CC1CCCCC1NC(=O)NC(=O)CCl,Fragment,-7.772136,-26.697552
NC1(C(=O)O)CCCC1F,Fragment,-0.5731136,-32.32799
CC1(C)N=C(c2ccc(Cl)cc2)C(=O)N1,Fragment,45.62647,3.2513494
O=C(O)c1ccccc1S,Fragment,52.695496,-51.90742
CC(C)c1cnn(O)c1C(N)C(=O)O,Fragment,16.117392,-41.330666
CNC(=S)N(C)C,Fragment,-20.999123,15.304406
C=CCC(N)Cc1ccccc1,Fragment,75.18607,-31.524324
O=C(O)C(O)c1ccccc1Cl,Fragment,47.054607,-44.865635
CCCCC1CCCCC(=O)O1,Fragment,-10.804146,-18.177576
CC(C)(NC(=O)N(CCCl)N=O)C(=O)O,Fragment,-20.146946,-39.646904
CN1CC2CC(C1)c1ccccc12,Fragment,84.9983,-9.412884
NC1CCc2c(Cl)cccc2CC1=O,Fragment,93.85278,5.9963384
CC(C)c1ccccc1C(C)C,Fragment,72.75752,-30.461376
OC(Cn1cnnc1)c1ccccc1,Fragment,80.715904,-24.754793
NC(=NO)NCCc1ccc(Br)cc1,Fragment,40.18845,-28.119156
CC(=O)N(C)CC#CCN1CCC(F)C1,Fragment,-10.340621,-34.38885
CC1CC2=NCCN2C1,Fragment,18.078983,18.61211
COC(=O)CCN1C(=O)C(Cl)=C(Cl)[SH]1O,Fragment,6.6783857,-41.634956
CNC(=S)NCO,Fragment,-25.709826,16.234207
c1ccc(C2Cn3nccc3N2)cc1,Fragment,86.53287,-3.963285
CCCOC(=O)C1CCC(N)=NC1,Fragment,3.5509484,-52.355827
N=C(N)N1CC23CC4CC2(CC4C3)C1,Fragment,7.0448103,23.710295
CC(=O)OCCC1=CCC2CC1C2(C)C,Fragment,3.192664,-46.160374
CSc1nnc(C2CCNCC2)n1C,Fragment,17.275951,16.13498
O=C1NCc2c(O)cc(O)cc21,Fragment,38.036694,-5.637934
COc1ccc(C(=O)O)cc1F,Fragment,26.487576,-40.993557
CN(C)C1CC12C1CC3CC(C1)CC2C3,Fragment,-15.161082,15.343958
N=C(NCC(=O)O)NP(=O)(O)O,Fragment,-14.790444,-41.053036
CC(CS)C(=O)Nc1ccccc1,Fragment,48.257072,-54.56608
Oc1cc2c(cc1O)C1CC1C2,Fragment,42.946095,38.41879
COC(=O)CC(N)c1ccc(Br)cc1,Fragment,32.762497,-58.878475
CCC1C(=O)N=C2SC=NN2C1=O,Fragment,4.320315,-4.0820727
O=c1c(I)c[nH]cc1I,Fragment,18.379904,-0.63706553
Cc1cc2c(cc1C)NC(=O)C(C)CN2,Fragment,31.82512,16.22932
Cc1csc(Cc2c[nH]cn2)c1C,Fragment,13.130038,-23.30656
CC(=N)Nc1ccc(NN)cc1,Fragment,47.874863,-30.152843
COC(C)OC,Fragment,-30.246214,-7.5101743
CN1C2CCC1CC(O)C2,Fragment,9.03965,23.170008
Nc1ccc(Nc2ccncc2)cc1,Fragment,70.122574,14.0553665
CN=C(S)C1(c2cccnn2)CCCS1,Fragment,71.16283,28.68532
NC1Cc2ccccc2NC1=O,Fragment,85.5062,-16.653326
Brc1cccc(Br)c1N=C1NCCN1,Fragment,45.442856,49.727283
C=CC(=O)OCCOC(=O)CCC(=O)O,Fragment,-18.48598,0.4675615
CC1CCC(C)N1CC(=O)N=C(N)N,Fragment,-5.0863614,-34.993027
CCOC(=O)C=CC(=O)Nc1nccs1,Fragment,16.1167,-53.65439
O=C(C1CC1F)N1CC2CNCC2C1,Fragment,-4.537483,-31.675207
CCC(C)(C#N)N=NC(C)(C#N)CC,Fragment,-52.581238,-12.011713
NC(=O)C1OC(CO)C(O)C(O)C1O,Fragment,-0.45163232,-21.63595
Cc1ccccc1CCO,Fragment,68.10537,-24.247162
Nc1ccc([SH](O)c2ccncc2)cc1,Fragment,69.87934,13.893847
COc1cc(C=C(C#N)C#N)ccc1O,Fragment,25.082207,-34.237507
CN=C(S)SCCOc1ccc(C)cc1,Fragment,42.109886,-59.8318
O=C1C=CC(=Nc2ccc(O)cc2)C=C1,Fragment,43.83616,-20.17953
COc1ccccc1OCC(O)CO,Fragment,29.092712,-32.687294
CC(=O)CCC1=C(C)CCCC1(C)C,Fragment,0.09271053,-41.06685
Cn1nnc2cc(C(=O)O)ccc21,Fragment,25.279291,-48.194572
Cc1ccc(C(=O)C(C)N)cc1,Fragment,30.70616,-52.307884
Cc1nc2cnccn2c1O,Fragment,33.51901,7.6992984
NC1=S2C=CC(S(N)(=O)=O)=C2C(=O)C1=O,Fragment,40.07373,-14.793214
CCc1ccc(-c2cnco2)cc1,Fragment,65.75932,-12.843361
COc1c(O)cccc1C=O,Fragment,26.140972,-36.403564
CN1CCN(c2ccc(N)cc2Cl)CC1,Fragment,43.824947,6.302755
CC(C)c1ccc(CSC(=N)N)cc1,Fragment,45.80059,-31.091082
O=CNC(O)C(Cl)(Cl)Cl,Fragment,-67.203,36.283127
CCNCc1cccc(F)c1,Fragment,53.240215,-20.235422
Nc1nc(N)nc(N2CCCCC2)n1,Fragment,34.841595,47.39092
O=C(O)C12C=CC(C1)c1ccccc12,Fragment,91.20233,-19.545744
CCC(CC)NC(=O)c1ccc(Cl)cc1,Fragment,42.7254,-34.211212
CCP(=S)(CC)CCl,Fragment,-49.32277,-21.376722
CCCNCc1ccc(C(F)(F)F)cc1,Fragment,21.434113,-69.93138
O=C(Cc1ccccc1)c1ccccc1,Fragment,52.868515,-54.685272
CS(=O)(=O)SCCO,Fragment,-22.304283,11.962549
Cc1cccnc1CCCO,Fragment,70.884415,8.156876
NC1CCC(NC2CCC(N)CC2)CC1,Fragment,4.416673,20.308039
CCCCCCCCCCCCI,Fragment,-58.7567,-27.865948
CC(O)C#CC(C)O,Fragment,-32.172577,-9.238303
Oc1ccc(C(O)C2=NCCN2)cc1O,Fragment,29.695992,42.667446
NCC(O)c1ccc2c(c1)NS(=O)(=O)N2,Fragment,34.26066,-22.446684
NCC(=Cc1ccccc1)C(=O)O,Fragment,54.77015,-56.14549
CC(C=CC(N)=O)=CC(C)CC(=O)O,Fragment,-16.749617,-54.0849
c1cnc2ccc(N3CCCC3)cc2c1,Fragment,77.25424,0.2673437
CNC1C2(C)CCC(C2)C1(C)C,Fragment,1.6163682,8.788507
CN(C)CC12CC3CC(CC(C3)C1Br)C2,Fragment,-15.166238,15.199716
CCC(=O)OCC(O)CNC(C)(C)C,Fragment,-26.66692,-50.840363
Cc1cc(Cl)c2ccccc2n1,Fragment,62.858147,3.0791438
NCCSCC(N)C(=O)O,Fragment,-11.879826,-58.0404
CN(C)CC1(O)CC2CC3CC(C2)C1C3,Fragment,-15.395958,15.099241
NC1(c2ccccc2Cl)CCC=CC1=O,Fragment,84.96064,-16.173166
Oc1cc(Br)cc2cccnc12,Fragment,65.09434,-1.1376114
CNC1CC2CC3CC(C2)C1C3,Fragment,-2.4122632,19.926064
CN1C(C)(C)CCCC1(C)C,Fragment,9.646696,33.354973
CC(CN)C(C)(CN)C(=O)O,Fragment,-17.867004,-53.973972
CCS(=O)(=O)CCSC(=N)N,Fragment,-17.37468,-51.2374
CC1=CC(C)(C)C(C(=O)O)C(C(=O)O)C1,Fragment,1.7316433,-31.491745
Nc1ccncc1C(=O)O,Fragment,63.688736,-21.88884
C=C(CNN)c1ccc(Cl)cc1,Fragment,51.499157,-4.41693
COCC(=O)CCCCCNCCCN,Fragment,-16.03575,-34.069775
Cc1onc(O)c1CCCC(N)C(=O)O,Fragment,-8.928285,-58.926258
O=C(NCC=CCO)c1ccccc1,Fragment,51.72059,-56.835514
O=C(O)C1CCCN1C(=S)S,Fragment,-7.3642397,-31.111994
c1ccc2[nH]nnc2c1,Fragment,70.87763,-6.0504866
Cc1nc(C#Cc2ccsc2)cs1,Fragment,39.700005,12.380189
COc1cc(C(=O)O)nc2ccccc12,Fragment,25.11117,-43.10507
COc1cc2c(cc1O)C(=O)C(C)C2,Fragment,27.774387,-18.051735
Oc1nc2cc(Cl)ccc2[nH]1,Fragment,45.771946,-5.358201
COc1cccc(CO)c1O,Fragment,28.443502,-33.884583
CCc1cc2c(O)nc(COC)nc2s1,Fragment,26.334866,-31.223816
COc1cc(CCN)cc(O)c1OC,Fragment,27.9282,-28.293499
OCCCCCO,Fragment,-28.645018,30.208883
SCc1ccco1,Fragment,57.450356,-16.416277
Nc1ccc(CSc2ccccc2)cc1,Fragment,78.57969,-32.80874
CCSC(=N)Nc1ccc(C(C)C)cc1,Fragment,45.305466,-30.474129
Cc1cc(C2=CCCC3CCC2N3)on1,Fragment,32.158756,29.084581
Oc1ncc(Oc2ccc(Br)cc2)cn1,Fragment,64.0839,-1.0650839
O=C(O)c1cc(O)cc(O)c1,Fragment,40.92339,-43.51924
Fc1ccc(-c2cncnc2)c(F)c1,Fragment,54.986526,18.226187
Cc1ccc(C)c(CN2CCSCC2)c1,Fragment,44.644855,22.59581
CC(=O)Nc1nnc(S)s1,Fragment,12.82443,-47.391216
Cc1ccc(-c2cnc(N)n2C)cc1C,Fragment,38.251797,7.510652
Cc1nc2ccc(Cl)cc2n1C,Fragment,43.77936,-3.3433917
Oc1cc(C2=CCNCC2)sn1,Fragment,28.813412,42.39093
O=C1OC(O)c2ccccc21,Fragment,87.92052,-17.293953
C=CCNC(=O)C=Cc1cccc(O)c1,Fragment,49.172375,-66.01565
CCCCC(CC)COCCCN,Fragment,-35.99498,-22.924816
CC(=NOCC(=O)O)c1ccc(N)cc1,Fragment,33.318882,-48.63037
CCOCc1cc(O)c(O)c(Br)c1,Fragment,22.769754,-22.877987
Cc1cccc(C)n1,Fragment,63.823166,6.3529625
CN(C)C(=N)NC(N)=S,Fragment,-21.912872,15.0021305
CCC(=O)N(CC)CCc1nccs1,Fragment,17.036417,-52.47323
C#CCOC(=O)C(N)CS,Fragment,-9.723041,-51.46874
O=C1C=CCC(C=CC2CCCCC2)O1,Fragment,11.377187,9.204034
CC(c1ccsc1)c1ccc(O)cc1O,Fragment,31.969477,-20.919971
CC1CCCN(C(S)=NC2CCCC2)C1,Fragment,9.718335,21.733025
NC(=O)NC1NC(=O)NC1=O,Fragment,15.759901,-2.5508933
N#CSc1cc(C(=O)O)ccc1N,Fragment,43.444923,-42.334602
c1cc(-c2nnc3n2CCC3)n[nH]1,Fragment,36.0054,46.879124
COC(=O)c1cc2ccc(N)cc2[nH]1,Fragment,22.416069,-42.4375
CCOC(=O)c1cnc(SC)nc1N,Fragment,14.97649,-55.41605
O=C1NC(CO)C(=O)Nc2[nH]cnc21,Fragment,11.748958,-5.9764605
C=CCC1=C(O)C(=O)N2CCCC12,Fragment,11.758679,13.443397
CCN(CC)N=C(S)Nc1ccccc1,Fragment,69.91228,-40.743412
CC(C)CCCC(C)N,Fragment,-34.417435,-14.792957
NC(=O)c1ccnc2ccccc12,Fragment,59.866394,-47.822147
CCC(=O)N1C(=O)OCC1C(C)C,Fragment,-5.7927465,-38.42709
CC(CCC(=O)O)C(=O)O,Fragment,-21.57195,-54.244972
Fc1ncccc1OCC1C=CCN1,Fragment,82.09894,7.1128225
O=C1CSC(=S)N1N=Cc1ccc(Cl)s1,Fragment,47.17095,4.7230577
O=c1[nH]c(=O)n(C2CCCS2)cc1F,Fragment,17.20568,11.436674
CCCc1cc(O)c2ccc(N)nc2n1,Fragment,42.29814,-23.767921
CCOC(=O)C1NC1C(=O)O,Fragment,-30.654873,-52.795948
Cc1[nH]c2c(ccc3cccnc32)c1C,Fragment,66.07136,7.425015
COC(=O)Cc1nnc(N)s1,Fragment,16.82448,-47.96963
O=C1CSC(NN=C2CCCCC2)=N1,Fragment,19.827396,3.7298295
c1ccc(CCCN2CCNCC2)cc1,Fragment,84.546974,-5.043717
O=P1(O)NCCCO1,Fragment,11.138167,42.653324
COc1c(C)cc(Br)cc1C(=O)O,Fragment,25.229551,-41.019882
O=S(=O)(O)c1ccc(S)cc1,Fragment,42.221115,-19.740965
CC(C)Cc1cc(C(=O)NN)ccn1,Fragment,17.170301,-38.45365
O=c1c(Cl)c(Cl)cnn1CCCl,Fragment,48.625023,1.8958813
CON=Cc1ccc(O)c(O)c1,Fragment,25.413834,-34.258553
Cc1cc(C)n2nc(N)nc2n1,Fragment,39.43225,7.173791
CCNCCCNC1CCCC(N)CC1,Fragment,-8.452138,5.2317038
C=CCSSC=CC[SH](O)CC=C,Fragment,-43.815563,55.325237
C(=Cc1ccccc1)C1=NCCN1,Fragment,86.579124,-2.7395873
COC(=O)CCn1sc(Cl)c(C)c1=O,Fragment,6.6398683,-41.657
CCCC1(CCC)CC1(CN)C(=O)O,Fragment,-1.2535053,-36.299908
Cc1cccc2c(CC(=O)O)c[nH]c12,Fragment,40.263092,-55.022343
C=CCP1(=O)OC(C=C)CC(C=C)O1,Fragment,-4.4224014,64.79239
O=C(O)C(c1ccccc1)C1(O)CCC1,Fragment,53.80789,-52.273056
CC1(C)C(=S)C(C)(C)C1=S,Fragment,10.500804,-1.868255
CC(c1cc2ccccc2s1)N(O)C=O,Fragment,66.03553,-38.40023
CC(NC(=O)c1ccccc1Br)C(=O)O,Fragment,47.481876,-52.6763
c1ccc(-c2nc3c[nH]cnc-3n2)nc1,Fragment,75.64071,2.1979556
O=NN(c1ccccc1)c1ccccc1,Fragment,74.79315,-19.681362
CC(CCOn1cccn1)N(C)C,Fragment,10.513723,-38.771427
CN1CCC1COc1cncnc1,Fragment,22.025284,16.17532
CCCCC(=O)c1c(O)cc(O)cc1O,Fragment,7.3629594,-66.934654
O=c1c(Cl)nc(Cl)cn1-c1ccccc1,Fragment,73.20871,-15.692988
Cc1c(C(=O)O)n(C)c2c(Br)csc12,Fragment,37.577988,-51.6513
Oc1c(Br)ccc2cccnc12,Fragment,65.08471,-1.0840027
CC1=CCCCC1C1C=CC(=O)C(C)O1,Fragment,33.38298,31.551224
CC1=CC(=Cc2ccc(Br)o2)C(=O)O1,Fragment,50.682407,12.2542715
CCSc1ccc(CC(N)CC)cc1,Fragment,26.77964,-10.958516
OC1C(O)C(O)C(F)C(O)C1O,Fragment,-15.738604,47.48146
Brc1cc(N2CC3CNC3C2)cnc1Br,Fragment,41.901955,48.016808
CC(C)CC(N)P(=O)(O)O,Fragment,-39.519726,-45.286743
S=c1[nH]ccn1Cc1cccc(Cl)c1,Fragment,55.711575,-3.3827116
CC(C)Nc1nc(Cl)nc2ccccc12,Fragment,71.92305,-28.933023
NC(Cn1cc(I)c(=O)[nH]c1=O)C(=O)O,Fragment,-5.0466614,-56.903076
O=C1CN=CN1,Fragment,19.50164,1.8443937
NN=Cc1cc(Br)ccc1O,Fragment,37.548126,-20.595081
CN(C)Cc1cc(C(=O)O)[nH]n1,Fragment,22.999716,-47.443157
CC1Cn2c(nc3ccccc32)NC1=O,Fragment,81.554436,-14.60598
CCC(=O)C1C(CC)CC2CCC1N2C,Fragment,-5.868951,-35.05187
O=CC1=C(Cl)c2cc(Br)ccc2SC1,Fragment,50.16792,10.235054
C(=CC1CCCNC1)c1ccccc1,Fragment,90.60494,-5.5182204
OCCOc1ccccc2cccc1-2,Fragment,69.32898,-24.777626
NC(=O)c1[nH]cnc1-c1cccc(Cl)c1,Fragment,57.12674,-1.5466921
CC(=O)Oc1ccc(N)cc1,Fragment,34.143543,-48.70979
CC1(C)CC(=O)c2cn[nH]c2C1,Fragment,20.273129,1.5266339
CSc1nc(O)c2[nH]c(O)nc2n1,Fragment,31.025076,0.07135904
Cc1cc(Cl)nc(N2CCN(C)CC2)n1,Fragment,42.48678,6.5695786
CCOP(=O)(O)CC(C)(C)N(Cl)Cl,Fragment,-38.19311,-41.68433
CC(C)C1CC(c2csc(N)n2)CCO1,Fragment,30.03512,34.571426
NCCCCCC1CCCCC1,Fragment,6.8384266,17.60293
CCCCCCC=CC=O,Fragment,-74.32879,-6.2811537
COC(=O)c1cn2nc[nH]c(=O)c2c1C,Fragment,20.38827,-43.31903
O=c1[nH][nH]c(=O)[nH]1,Fragment,17.236853,-0.050543156
CC1CCC2C(O)C(O)C(CO)N12,Fragment,-10.123505,10.225219
NC(C=CCC(N)C(=O)O)C(=O)O,Fragment,-11.510894,-55.87226
Cc1cc2ncn(C)c2cc1C,Fragment,38.175793,7.3784957
c1cc2c(cnc3cscc32)s1,Fragment,66.58956,12.338041
CC(C)CCc1cc(O)ccc1O,Fragment,31.48904,-21.157787
NC(=O)c1ccc(N)nc1,Fragment,46.996754,-41.17842
O=C1c2ccccc2C(=O)N1O,Fragment,78.19847,-18.34778
Cc1ccc(CCN2CCCC2C)cc1,Fragment,39.59187,34.267887
N#Cc1ccc(Cn2ccc(N)n2)cc1,Fragment,53.319927,0.3417877
Brc1cccc2[nH]c3c(c12)CCNC3,Fragment,45.193962,49.724525
O=C(O)C(S)Cc1ccccc1,Fragment,52.84771,-54.61795
O=Cc1cn(-c2ccccc2Cl)nn1,Fragment,72.67251,-15.513172
COC(=O)Cc1ccc(O)c(N)c1,Fragment,31.19983,-39.0858
NC(C(=O)O)C1CCC1C(=O)O,Fragment,-2.4783041,-33.01199
O=C(O)Cc1ccc(C(=O)O)nc1,Fragment,38.10376,-43.66037
IC(I)=C(I)Cn1ncnn1,Fragment,8.929099,10.241785
CC1CC(O)C2C(O)C(O)C(CO)N12,Fragment,-10.068545,10.293141
CN(C)CCOc1cccc(Br)n1,Fragment,23.037365,-16.83008
CC(C)CN(CCC(=O)O)CC(C)C,Fragment,-21.729267,-54.918808
OC1CN2C(O)C(O)C(O)C2C1O,Fragment,8.268043,23.502583
NC(CS(=O)(=O)NCCCl)C(=O)O,Fragment,-12.98077,-56.087788
C1=C(c2cccnc2)CC2CNCC1C2,Fragment,76.16623,22.148766
CC(C)(C)c1nnnn1CC#CI,Fragment,32.167088,3.291252
Cc1ncc(C#Cc2ccccc2)cn1,Fragment,67.737434,5.5794153
c1csc(SSc2nccs2)n1,Fragment,66.5742,12.45525
COP1(=S)NCC(c2ccccc2C)O1,Fragment,92.83374,-6.5845003
Nc1ncc(C2CC3CCC2N3)cc1I,Fragment,45.99103,33.12298
Fc1cccc(C2=NCCCC2)c1,Fragment,55.828156,22.952507
NCCN1CCNCC1,Fragment,6.126235,37.43636
CSc1nc2ccccc2nc1Cl,Fragment,63.025406,-8.238146
Clc1ccc2ccc3cccnc3c2n1,Fragment,71.84181,0.23714735
Clc1ccc(N=NN2CCCC2)cc1Cl,Fragment,50.727325,4.1193533
O=C(NC1CCOC1=O)c1ccccc1,Fragment,90.22492,-18.000767
CCCc1cc(C(=O)O)sc1C,Fragment,23.11257,-52.45853
CN1CCC(c2ccccc2)CC1,Fragment,85.29488,-8.67863
CC(=O)NCc1ccccc1,Fragment,49.193493,-55.535202
CCOC(=O)C1NC1C(=O)OCC,Fragment,-30.66967,-52.726166
CN1CCCCC1,Fragment,10.996675,33.511147
CON=C(C)C1CC=C(C=NO)CC1,Fragment,15.954809,23.932276
O=C1OC(=CBr)C(Br)=C1CBr,Fragment,50.854553,13.6176605
CCOCCOC(=O)c1ccc(N)cc1,Fragment,18.176805,-58.464573
CCCOc1ccc(C(=O)O)cc1,Fragment,10.208822,-72.92956
CCS(=O)(=O)CCSP(=O)(OC)OC,Fragment,-41.41886,-34.498657
NCCCP(=O)(O)CC1CCCCC1,Fragment,6.7768135,17.810995
COc1ccc(-c2cc(N)on2)cc1,Fragment,30.106476,-14.635521
CC(C)=CCOC(=O)c1ccncc1,Fragment,30.350077,-46.500427
CCSC(=S)NNC(=O)c1cccnc1,Fragment,62.686295,-19.223495
CC#Cc1ccc(-c2ccccc2)s1,Fragment,78.10901,-9.346696
CC(N)Cc1ccc(Cl)c(Cl)c1,Fragment,43.280575,-12.44605
CCNc1ccc(C(=O)O)cc1N,Fragment,32.187084,-48.66007
ClC1=C(Cl)C(Cl)(Cl)SS1,Fragment,44.34526,0.6670504
Nc1c(Br)cc(Br)c2nsnc12,Fragment,22.409836,-6.9587836
O=C(C=Cc1cccs1)c1ccccc1,Fragment,52.16621,-44.072735
Cc1ncc(C)c2c(O)cccc12,Fragment,62.922226,-2.9956458
CNCC(O)c1cccc(O)c1F,Fragment,57.669388,-31.034966
CC(N)(CCSCP(=O)(O)O)C(=O)O,Fragment,-17.643114,-46.94612
Nc1cccc(C(=O)O)c1C(=O)O,Fragment,44.80382,-47.63631
O=C1NCCNC12CC2c1ccccc1,Fragment,85.160835,-17.794521
CNC(=S)NCc1c[nH]c2ccccc12,Fragment,65.98737,-27.500149
O=C(O)c1cccc(O)c1C(=O)O,Fragment,45.155525,-46.12039
CN(C)N=Nc1ccc2[nH]c(=O)[nH]c2c1,Fragment,36.399483,-1.364574
Nc1noc(C2CN3CCCC2C3)n1,Fragment,11.509198,18.090618
N#Cc1c2n(c(=O)[nH]c1=O)CCCCC2,Fragment,16.55943,8.977383
CC1(O)CC2C(CC1SCCO)C2(C)C,Fragment,0.5953434,4.8254857
CN=C(S)C1(c2cnccn2)CCCS1,Fragment,71.161575,28.677536
Clc1ccc(N=NN2CCCC2)cc1,Fragment,50.835903,4.158211
CN1C(=S)C(CC(=O)O)c2ccccc21,Fragment,53.0989,-53.749146
O=c1ccc2cccc(F)c2[nH]1,Fragment,59.62455,22.559975
NS(=O)(=O)Cc1noc2ccc(F)cc12,Fragment,56.513287,14.833853
Clc1ccc(C2CN3CCC2CC3)nn1,Fragment,20.62738,18.621315
CC1c2cc(Cl)c(Cl)cc2C2CNCC12,Fragment,41.452053,28.558472
CCNC(=O)c1nc(C)nc(NCC)n1,Fragment,11.394763,-51.720325
O=C(O)Cn1cc(Br)c(C2CC2)n1,Fragment,4.773314,-33.72587
NNC(=O)COP(=O)(O)O,Fragment,-34.417397,-41.684284
Brc1ccnc2[nH]ccc12,Fragment,61.899532,0.13850789
O=C1COCC2(CC2c2ccccc2)N1,Fragment,86.08702,-17.961472
CSC1SC(C)C(O)C(O)C1O,Fragment,4.6291075,25.304276
c1cc(C2N3CCCN2CC3)ccn1,Fragment,29.826004,13.032396
Fc1ccc(OCc2nn[nH]n2)c(F)c1,Fragment,55.327633,20.289394
CC(=O)Nc1cc2c(s1)CNCC2,Fragment,5.8814282,-47.29724
S=c1[nH]cc(-c2ccc(Cl)cc2)o1,Fragment,49.635593,-8.222168
CC1CC(C#N)=C2NCCCCN2C1=O,Fragment,16.133375,9.46958
CC(=O)CC(O)(C(F)(F)Cl)C(F)(Cl)Cl,Fragment,-22.010527,-44.835464
O=C1NCC(O)N1c1ccccc1,Fragment,86.12023,-19.440155
CCCCCCC=CC(=O)C(F)(F)F,Fragment,-72.19442,-7.1860495
CC1(c2ccc(Cl)s2)NC(=O)NC1=O,Fragment,45.62105,3.2975388
Cc1cccc(C#Cc2ccccn2)n1,Fragment,67.32873,6.864581
NCC(O)c1ccc2ccccc2c1,Fragment,73.40624,-25.2613
CC(NC(C)(C)C)C(O)c1ccccc1,Fragment,72.15294,-33.55275
Cc1cc(C)c2ccc(S)nc2n1,Fragment,39.643097,9.105261
C#CCOC(C)(C=C)CCC=C(C)C,Fragment,-59.40392,23.652826
Nc1cccc(-n2cccc2)c1,Fragment,56.864372,6.9600167
O=C1NC(=O)c2c1ccc1c2CCC1,Fragment,17.536789,3.192212
O=S(=O)(O)c1ccc(O)cc1,Fragment,42.392895,-20.210888
Cc1cc(O)c2c(ccc3[nH]ccc32)n1,Fragment,34.314583,-2.0437608
O=C(O)CCCCCN1C(=O)CCC1=O,Fragment,-5.527809,-45.09925
Cc1cc(C)c2c(c1)C(C)(C)CCC2,Fragment,35.574757,24.245764
Cc1ccc(S(=O)(=O)OCC2CO2)cc1,Fragment,43.07866,17.88171
O=Cc1ccc(Cl)cc1Cl,Fragment,49.852406,-6.5723934
NNC(=O)C=Cc1ccc(Cl)cc1Cl,Fragment,42.90057,-38.584675
NC(=O)c1sc(-c2ccncc2)cc1N,Fragment,47.863758,-41.3991
N#Cc1cccc(-c2c[nH]nn2)c1,Fragment,54.84789,8.811605
C=C(CO)C(=O)O,Fragment,-11.9477215,-48.601837
NCC(Cl)CON,Fragment,-24.208126,38.422394
Cc1ccc(C(=N)N)cc1,Fragment,48.318626,-29.640648
CC(=O)NC=Cc1ccccc1,Fragment,49.5801,-51.18557
CCC(C)C=O,Fragment,-71.93635,13.048426
N=C(N)NC(=N)Nc1ccc(Cl)c(Cl)c1,Fragment,45.50765,-27.720955
CCN=C(S)Nc1cc(Cl)ccc1C,Fragment,47.296776,-12.699758
Oc1ccc(CCN=C=S)cc1O,Fragment,36.424175,-26.864666
COC(=O)c1cc(CCCCO)sc1N,Fragment,17.819471,-47.54149
Cc1c(C(C)C)ccc(C(C)C)c1O,Fragment,32.116238,-20.064137
c1ccc(CCn2cccc2)nc1,Fragment,75.47404,2.914209
CN1c2nccnc2C(N)=NS1(=O)=O,Fragment,29.50532,6.4606295
CC1(C)C2CC=C(CO)C1C2,Fragment,0.81233495,3.5729165
CC1C2CC(CC2O)C1(C)C,Fragment,2.346514,6.5970273
OC1CC1Sc1ccccc1,Fragment,90.38512,-12.683358
O=C1Nc2ccccc2C1=C1CCCN1,Fragment,84.2862,-17.631218
CCN1CCCCC1,Fragment,-15.957802,-4.4453197
CCCCC(C)=NNC(N)=S,Fragment,-60.264305,-34.9995
Oc1ccc2c(c1)C1CC1C2,Fragment,42.96393,38.42308
Cc1cc(N)nc2c1CCCC2,Fragment,33.034206,47.90781
NS(=O)(=O)OCC12CCCCC1CCC2,Fragment,2.588091,13.388997
N#Cc1ccc(Cl)c(NC(=O)C(=O)O)c1,Fragment,44.23951,-39.856052
COC1CN(C)CC(CO)O1,Fragment,-10.250154,10.788947
CN1C=C(C(N)=O)Cc2ccsc21,Fragment,51.201935,-41.368507
CC(=CC(=O)O)CO,Fragment,-24.144396,-41.235905
CN(C)C1CSC(C#N)SC1,Fragment,-13.3547735,15.766541
C1CCC(NC2=NCCO2)CC1,Fragment,4.909734,16.513365
CC(C)C(N)C1=NC(=C2N=CN=N2)NO1,Fragment,27.19222,-9.00831
CC(=O)c1cnc(-c2ccccc2)s1,Fragment,51.16333,-48.81233
O=c1oc2cc(O)ccc2c(O)c1Br,Fragment,39.15849,-5.1561384
NC(Cc1ccc(I)cc1)C(=O)O,Fragment,54.60779,-62.354603
COC(=O)CCCC#CCCO,Fragment,-23.338331,-5.611193
Cn1c(=O)c2[nH]c(N=O)nc2n(C)c1=O,Fragment,23.137592,2.1905115
O=C(O)c1cc2cc(O)c(O)cc2s1,Fragment,40.539597,-43.174488
NC1=NC(c2ccccc2)CO1,Fragment,89.0819,-13.296554
NNC(=O)CCCCCC(=O)NO,Fragment,-16.071564,-36.027275
Cc1ccc(C)n1-c1ccccc1N,Fragment,79.3096,-10.521681
CC1NCC(O)C(O)C1O,Fragment,6.6637864,26.864624
CC(c1ccccc1O)C1CC1,Fragment,40.93612,39.7772
Cc1nc2cc(F)c(Cl)cc2nc1C,Fragment,43.69474,-4.4973
CC(C)CN=C=S,Fragment,-44.88835,-5.2337637
NCC(CCC(=O)O)c1ccc(Cl)cc1,Fragment,40.665836,-37.365475
CC(=O)c1csc2ccccc12,Fragment,50.81401,-48.791325
O=C1OC(=O)C(CBr)=C1CBr,Fragment,50.860218,13.682438
Cc1nc(C#Cc2ccccn2)cs1,Fragment,67.822105,8.225755
CCCCCN=C=S,Fragment,-60.2232,-25.666649
O=C1C=CN2CCCCC2CC1,Fragment,16.263638,11.78692
CC1C(O)=C(O)c2ccccc2N1O,Fragment,83.46228,-11.078675
O=C1CCC2(CCO1)OCCO2,Fragment,14.429101,4.95132
Nc1nc(Cl)cc(NCCO)n1,Fragment,19.266628,-12.143668
CC#CCON=CC1CN2CCC1C2,Fragment,-7.930169,15.51308
CCOC(=O)COS(=O)(=O)C(F)(F)F,Fragment,-31.553886,-51.228683
CCC(C)CCCCNC1=NCCS1,Fragment,-27.880632,-18.065285
CCC(=O)NCCCc1cccc(Br)c1,Fragment,35.362877,-63.97635
CCCCOc1ccc(C(=O)NC)cc1,Fragment,9.367841,-73.87939
CC1CCC2(CCCCO2)OC1,Fragment,0.27870375,21.478989
ON=CNc1cccc2nonc12,Fragment,49.371033,-21.170746
CCCCC1OC(=O)C2=CCCCC21,Fragment,-11.087783,-17.554665
Cc1ccc(CCn2ccnc2S)s1,Fragment,34.376408,6.231323
CC1=CC(=O)C=CC1(C)C(Cl)Cl,Fragment,11.149556,-2.2325768
CC=Cc1ccc(O)c(OC)c1,Fragment,25.42764,-34.42563
CC1CN(c2ccccc2)C(=O)CS1,Fragment,81.68446,-15.120459
N=c1sccn1Cc1ccc(Cl)nc1,Fragment,51.99397,1.5275309
SCc1ccc(CS)s1,Fragment,57.20814,-16.576082
O=c1c(O)cc(Cl)nn1-c1ccccc1,Fragment,73.10251,-15.9473505
C(=C1CN2CCC1CC2)c1ccccc1,Fragment,86.487495,-8.361584
O=C(O)C1CSC(c2ccc(Cl)cc2)=N1,Fragment,38.70045,-39.41067
CCCCCOS(N)(=O)=O,Fragment,-65.03531,-31.357327
NC1CC1c1ccc(Cl)cc1Cl,Fragment,55.788452,-5.9372106
O=C(c1cccc(F)c1)N1CC=CC1,Fragment,39.00347,-47.567165
CCCC(N)CCCCCC(=O)O,Fragment,-14.37491,-61.770607
Cc1ccc(C(C)CO)cc1O,Fragment,31.876944,-20.285477
NC(Cn1ncc(=O)[nH]c1=O)C(=O)O,Fragment,-5.1437316,-56.99095
Clc1nssc1=Nc1ccccc1Br,Fragment,65.62427,-6.857349
O=C1CCC(O)c2cccc(O)c21,Fragment,42.922256,36.38099
CC(C)COC(=O)c1cnccn1,Fragment,60.846207,-24.62473
CCC(CC)CC1CCCCC(N)=N1,Fragment,9.472762,17.025314
CC(=O)N=C(N)NCCCc1c[nH]cn1,Fragment,10.298844,-26.54195
CCc1cccc(C)c1,Fragment,57.258488,-23.725649
C#Cc1ccccc1N1C(=O)C=CC1=O,Fragment,78.19556,-18.066656
CCC1(C)CCSC1=S,Fragment,-5.599456,-0.6887995
OCCOCCOCCO,Fragment,-32.66935,23.459414
C=C(C(=O)OC)C(O)c1ccc(F)cc1,Fragment,27.052485,-44.109165
CC(C)c1cc(C(=O)O)on1,Fragment,25.984169,-50.41779
CC(C)OC(=O)Cc1ccc(O)c(O)c1,Fragment,33.518024,-38.007847
CCCOC(S)=Nc1ccccc1,Fragment,73.89811,-41.464462
CON=C(C#N)C(=O)NC1=NOC(C)C1,Fragment,6.313651,-38.24221
NN=C1NCCN1c1cccc(Cl)c1,Fragment,50.180233,5.665602
Cc1ccc2c(c1)[nH]c1ccc(F)cc12,Fragment,50.419743,20.080679
CC(=O)NCCc1ccccc1,Fragment,49.25221,-55.675358
Oc1n[nH]c2cccc(Cl)c12,Fragment,59.338913,-6.04993
CCCO,Fragment,-44.852634,-11.185459
NC1(C(=O)O)C(O)CC2C(C(=O)O)C21,Fragment,-0.4269519,-32.921665
N#Cc1cccc(OS(N)(=O)=O)c1,Fragment,54.99058,7.0464015
OCC1OC(n2cncn2)C(O)C1O,Fragment,-6.9850745,26.382698
Cc1ccc(C(O)=CC(=O)C(=O)O)o1,Fragment,39.5559,-52.0277
NCCCCC(=O)c1cccnc1,Fragment,64.893845,-21.204859
C=CCC1(C(=O)OC)CCCC(=NO)C1,Fragment,1.4071555,-19.222033
Cc1ccnc2c(S)cccc12,Fragment,66.105644,7.173157
CCC1NC(N)=Nc2ccccc21,Fragment,69.59461,-16.283602
O=c1c(Br)c(Br)cnn1-c1ccccc1,Fragment,76.444695,-17.138369
NCCc1ccc2c(c1)CC(=O)N2,Fragment,54.997635,13.450303
COC(=O)C(C)NC(=O)n1ccnc1,Fragment,12.20759,-39.678516
CNc1ccccc1-c1c[nH]nn1,Fragment,72.13676,-6.520574
CC(C)(C)NC(=O)C=NO,Fragment,-22.456818,-35.703667
C[SH](O)CC(N)C(=O)O,Fragment,-13.92509,-57.375805
CCOC(=O)CSc1nnc(C)c(C)n1,Fragment,14.059715,-55.506596
Cc1c(N)cc2c(c1C)OC(C)(C)C2,Fragment,36.617863,24.225603
CCCCCCNC(=O)C1CCOC1=O,Fragment,-11.427912,-21.106522
Cn1c(=O)c2[nH]c(=O)[nH]c2n(C)c1=O,Fragment,23.329748,1.8788388
CON(C)CCc1c[nH]c2ccccc12,Fragment,66.875534,-16.122131
CCOc1nc2cccc(Cl)c2c(=O)o1,Fragment,61.87785,-6.8339524
CC(C)NC(=O)n1cccn1,Fragment,12.487424,-39.80839
NC(CS)CC1CCC(C(=O)O)CC1,Fragment,-2.7222269,-33.202415
Sc1nnnn1-c1ccccc1,Fragment,74.600426,-9.176083
COCc1cn(-c2ccccc2)[nH]c1=O,Fragment,80.15205,-17.708519
NC1C2CCC1c1c(O)cccc12,Fragment,42.740417,36.482372
CCCCCc1ccc(C)cc1O,Fragment,6.6039453,-67.26079
OCC1OCC(O)C(O)C1O,Fragment,-4.2401423,25.618425
CN(N=O)C(=O)NNC(=O)N(C)N=O,Fragment,-27.499998,-33.253925
C=C(C)C1CC(=O)C(C)=C(O)C1,Fragment,8.152429,2.071149
O=C(CNOCc1ccccc1)NO,Fragment,50.655567,-57.79015
O=C(O)C1C(C(=O)O)C1(Br)CBr,Fragment,-9.0424385,-44.772766
CCCOCn1cc(F)c(=O)[nH]c1=O,Fragment,-25.299698,-23.155235
O=C(O)Cn1ncc2ccccc2c1=O,Fragment,55.377113,-49.81153
COC(=O)NCC#CCn1cncc1C,Fragment,19.882711,-43.43111
O=C1C2C3C=CC(C3)C2C(=O)N1O,Fragment,13.085512,0.7091893
c1nc(CCCCN2CCCC2)c[nH]1,Fragment,21.736708,13.923165
ClCBr,Fragment,-22.8344,43.656116
CC1(Cl)CC(C)(C=CCl)C(Cl)CC1Cl,Fragment,3.8495944,11.200883
Cc1cccc2[nH]c3ccncc3c12,Fragment,65.510414,8.247911
CC#CC(O)(CCO)CC(=O)O,Fragment,-19.582323,-45.65113
ClCCN(CCCl)c1ccccc1,Fragment,61.37493,-11.957417
COc1ccccc1CCC=O,Fragment,22.128656,-36.80109
CC(N)Cc1ccccc1,Fragment,74.04048,-31.99083
FC(F)CCl,Fragment,-23.720184,43.279102
CN1C(=O)C=C(CC(N)C(=O)O)C1=O,Fragment,-4.704395,-56.43281
CSC(=S)n1ccnc1C,Fragment,34.157185,7.349867
Cc1nc2c(c(C)c1O)CCN2C,Fragment,26.940247,15.34475
Clc1[nH]nnc1-c1nn[nH]n1,Fragment,46.262253,0.7925875
Cc1ccccc1NC1CCNCC1,Fragment,92.240776,-6.3809376
Cc1cc2c3nonc3ccc2n1C,Fragment,38.29169,6.4393473
NCC(Cc1ccccc1)c1nnn[nH]1,Fragment,76.053055,-25.449474
CC1C2(N)CCC(C2)C1(C)C,Fragment,1.3056573,9.178837
COc1c(Nc2cccnc2)c(=O)c1=O,Fragment,76.2351,14.238292
COC(=O)CCCN1C=CC(C)(C)C=C1,Fragment,5.3345838,-43.125664
NC1=NCC(Cc2ccccc2)C(N)=N1,Fragment,93.971405,-12.741295
OCc1ccc(Cl)cc1,Fragment,51.336136,-3.6740658
CC(O)Cn1cnc2c(F)nc(N)nc21,Fragment,15.341245,-38.69116
CC(C)(C(=O)O)C1CCCN1,Fragment,-3.834087,-28.879038
CC1(C)C(=O)C(C)(C)C1=S,Fragment,10.72566,-2.1457224
O=C(NN=Cc1ccc[nH]1)c1cccs1,Fragment,52.233017,-41.929607
CCCN1CSC(=S)N(CC(=O)O)C1,Fragment,-4.988668,-42.7963
CN(C)c1ccc(C=CNC=O)cc1,Fragment,45.73581,15.699514
Cc1cccc2[nH]c3nc(O)nc-3cc12,Fragment,61.821533,4.6670876
Cc1ccc(N=NNCCCCN)cc1,Fragment,-18.112984,26.312408
O=C1Nc2ccccc2C12CC2CO,Fragment,84.3488,-20.500376
O=C1OC2CCC3C(O)CC=C1C23O,Fragment,9.460833,3.3882375
NC1CCC1(O)c1ccccc1,Fragment,90.802315,-11.311237
Cc1ncc(COP(=O)(O)O)c(C)c1O,Fragment,19.43114,-33.707226
CCCCN=CN(C)c1ccccc1,Fragment,71.21968,-40.90773
c1cc2c3c(ccc2o1)CCNCC3,Fragment,25.076502,41.469112
Cc1ccc(Nc2ccccc2)cc1,Fragment,78.089264,-10.360955
Clc1c(Cl)c(Cl)c(Cl)c(Cl)c1Cl,Fragment,44.439384,0.45003557
NC(Cc1cccc(C(=O)O)c1)C(=O)O,Fragment,55.190453,-62.619358
CC(=O)N1CC2CC(CN(C)C2)C1,Fragment,-5.1965833,-32.90905
O=C1C2NCCC2CN1O,Fragment,14.054737,-0.009334671
Oc1nc(-c2ccccc2)cs1,Fragment,67.95465,-4.6466284
CC1CC(OC(N)=O)C(C)CC1=O,Fragment,1.7286237,-37.728374
CSc1ccc(CC(C)NC(C)C)cc1,Fragment,29.222485,-20.597977
Cc1cc(C(N)C(=O)O)sc1C,Fragment,29.845562,-52.692684
C=CCc1ccc(OC)c(OC)c1,Fragment,22.234413,-29.567616
CCC=C(C)C(=O)O,Fragment,-23.771002,-42.726875
CC12CCC(CC1O)C2C(=O)O,Fragment,0.13121961,-31.203836
O=S(=O)(O)c1ccc(O)c2ccccc12,Fragment,42.797096,-20.983873
O=Cc1cncs1,Fragment,23.62046,9.095937
NCc1ccc2oc(=O)ccc2c1,Fragment,55.32249,13.605399
CC(=O)NCC1NC(CO)C(O)C1O,Fragment,-23.363829,-39.93918
Cc1cc(C(=O)NC2CCCCC2)on1,Fragment,33.755054,30.397
OCc1ncccc1O,Fragment,68.4626,0.22702052
C1CN2N3CCCC23C1,Fragment,9.686532,33.6385
COc1ccc2c(O)cc(=O)oc2c1,Fragment,26.635881,-35.316616
C#CCNC(=O)N(CC#C)N=O,Fragment,-28.029556,-33.901585
CN(C)C(=O)c1ccc(N)cc1,Fragment,34.433197,-48.809566
CCC=COCC(O)CO,Fragment,-50.802494,-5.5091248
O=C(O)c1nccnc1C(=O)O,Fragment,37.61121,-43.051884
CC(C)n1c(-c2ccccc2)cnc1N,Fragment,73.72095,-27.991468
CN(C)C1CCc2cc(Cl)c(O)cc2C1,Fragment,44.49005,38.22505
C(Cc1nn[nH]n1)Cc1nn[nH]n1,Fragment,46.172024,1.1775889
CCOCc1nnc(NC(C)=O)s1,Fragment,13.735679,-51.83348
CNC(=O)C(C)Br,Fragment,-22.03672,-50.803585
Cc1c(Cl)cnc(N=C(N)N)c1Cl,Fragment,42.60373,1.7280341
O=C(O)C=Cc1ccc(O)cc1O,Fragment,41.125458,-43.284447
NC(=O)SCC(=O)Nc1ccc(Cl)cc1,Fragment,42.978096,-35.1381
CC(O)(CC(=O)O)C1CCCCC1,Fragment,-5.5707045,-28.563473
NNC(=O)C(N)Cc1c[nH]cn1,Fragment,11.679465,-26.361568
NC(C(=O)O)C12CC(C(=O)O)(C1)C2,Fragment,-10.194554,-54.223476
O=C(O)c1cncc(Cl)c1,Fragment,39.373497,-40.01281
O=c1ccn(CSc2ccc(Cl)cc2)[nH]1,Fragment,49.66938,-4.9169354
CC1CN(N=O)CCN1N=O,Fragment,10.1985445,25.25955
OC(CCl)c1sc(Br)c(Br)c1Br,Fragment,-22.953674,44.964348
O=C1NC(=S)NC1=Cc1ccc(Cl)s1,Fragment,46.9376,4.5091596
CC#N,Fragment,-22.55992,53.297466
CCc1ccc(O)c2ncccc12,Fragment,67.75618,0.029522985
CCOC(=O)c1nnsc1N,Fragment,13.843752,-54.803726
CCOc1cncc(N2CCNCC2)c1,Fragment,46.730644,25.006151
Cc1oc(C)c(C(N)=O)c1C(N)=O,Fragment,11.7633505,-36.386826
Cc1cc(C)nc(NC(C)(C)C(=O)O)n1,Fragment,23.821484,-49.936768
CC(=O)Oc1cccc(I)c1,Fragment,36.09937,-48.020172
CCN1CCN(c2ccc(N)cc2)CC1,Fragment,42.94319,20.351347
CC(C)C(=O)Nc1ccc(Br)cc1Cl,Fragment,31.327003,-58.400715
Nc1nc(Cc2ccccc2)cc(=O)[nH]1,Fragment,76.19193,-23.55537
O=C(O)C(O)C(CCO)C(=O)O,Fragment,-11.967329,-49.620674
c1cc(N2CCNCC2)c2[nH]ccc2c1,Fragment,87.01704,2.404669
Fc1ccc(C2CC3CCC2N3)cn1,Fragment,46.095245,32.35637
C=CCN=C1N=C(CC(=O)OCC)CS1,Fragment,15.226083,-53.162884
Clc1ccccc1,Fragment,60.817825,-10.615479
CC(=O)Nc1ccc2sccc2c1,Fragment,34.861176,-46.14516
COC(=O)c1c[nH]nc1N,Fragment,22.019764,-42.619137
NCC1NCC(O)C(O)C1O,Fragment,-10.649982,27.581127
COC(=O)C(C)=NN=C(S)SC,Fragment,-27.283167,-44.386402
Nc1ncnc2[nH]c(N3CCCC3)nc12,Fragment,35.157238,47.601723
Oc1nc2nc(S)nc-2c2n1CCS2,Fragment,26.554838,15.290891
CC(N)P(=O)(O)C(N)Cc1ccccc1,Fragment,74.31417,-32.83748
O=C1CSC(=S)N1c1ccc(Cl)c(Cl)c1,Fragment,47.508522,5.227262
NCC(N)C(=O)N1CCCCC1,Fragment,-9.203836,-61.982124
CCCCCCCCN=C=S,Fragment,-60.227062,-25.704693
C=CCCC(=O)N1CC(CC=C)C1=O,Fragment,11.608684,13.386602
O=C(O)c1ccc(N2CCCCC2)cc1,Fragment,60.17334,-53.918564
COc1cc(O)cc(OC)c1C(=O)O,Fragment,25.835651,-41.160126
CC(C)OC(=O)c1cccc(C(=O)O)n1,Fragment,33.95011,-54.69317
Fc1cccc(Cc2cccnc2S)c1,Fragment,56.82054,20.142385
CCCCC1OC(=O)c2cc(F)ccc21,Fragment,14.880025,-66.76501
CSC1=NC=CCN1C,Fragment,29.117352,8.994029
O=c1c2ccccc2sn1C1CCCC1,Fragment,83.23989,-15.590528
Nc1ccccc1NC1CCCCC1,Fragment,91.72921,-8.852403
CC(=O)C(=O)C(O)C(C)O,Fragment,-23.471422,-50.92329
N#CCN1CCCC(C(N)=O)C1,Fragment,-10.936511,-31.54342
N#CCc1cnc2ccccc2n1,Fragment,70.08559,4.8793173
O=C1C=CC(=Nc2ccc(Cl)cc2)O1,Fragment,54.2589,-8.185467
COc1cccc(O)c1C(C)=O,Fragment,27.657957,-36.821846
CON=C(C#N)C(=O)NCc1cccs1,Fragment,26.127398,-62.382145
c1cncc(NCCNC2CCSC2)c1,Fragment,74.591324,20.563549
CC(C)CC(CC(=O)O)C(C)N,Fragment,-16.4049,-55.1417
N#CCc1cccc(CC#N)c1Br,Fragment,65.491325,-9.454099
Nc1cc(Cl)c(Cl)cc1S(N)(=O)=O,Fragment,51.092823,-10.577327
Cc1cc(C)n2c(SCCO)nnc2n1,Fragment,34.742542,2.4906821
O=C(O)C(O)C(O)COP(=O)(O)O,Fragment,-37.220722,-43.555954
Nc1ccc2[nH]c3cnccc3c2c1,Fragment,69.63513,15.350622
c1cncc(CNCc2cccnc2)c1,Fragment,72.19574,18.03768
Nc1nc(SCC(=O)O)nc(O)c1N,Fragment,19.579954,-49.34128
OCCCc1cc(-c2ccccc2)no1,Fragment,78.94551,-22.414005
O=C(NCCCl)Nc1ccc(Cl)cc1,Fragment,42.943455,-34.950066
CC(=O)NC(C(=O)O)c1ccc(O)cc1,Fragment,34.93977,-51.15586
O=C(O)c1ccccc1NCCO,Fragment,51.37779,-56.404625
Oc1ccc(Cc2ccccc2)c(O)c1,Fragment,37.287804,-28.84193
Cc1ccc2[nH]c(NCCCO)nc2c1,Fragment,35.424934,2.938582
O=C1C2CSCN2C(=O)C2CCCN12,Fragment,16.098927,11.837959
Brc1ccc(Oc2cccnc2)cc1,Fragment,74.56764,14.932194
O=C(O)c1cnnn1-c1ccccc1,Fragment,55.05576,-50.154644
CC12CCC(C(=NO)C1=O)C2(C)C,Fragment,6.773345,4.981956
FC(F)c1cn(-c2cccc(Cl)c2)nn1,Fragment,57.64873,-4.5622563
C1=CC2OC2C=C1,Fragment,16.511894,53.291237
S=c1[nH]nc(CCC2CCCCC2)[nH]1,Fragment,7.3536143,16.103218
Cn1sc(=O)n(Cc2ccccc2)c1=O,Fragment,75.711235,-15.823443
NC(C(=O)O)c1c(Cl)cnn1O,Fragment,16.56273,-41.642612
CC#CCC(CC(N)C(=O)O)C(=O)O,Fragment,-14.053521,-56.813595
O=C1CCCc2ccncc21,Fragment,73.83015,23.217224
CC1Cc2[nH]nc(-c3nn[nH]n3)c2C1,Fragment,27.75843,28.006414
CN(C)CCC(=O)c1cccs1,Fragment,56.907722,-41.753754
CSC1OC(CO)C(O)C(O)C1O,Fragment,-4.523701,26.395876
O=C1NC(=S)SC1=Cc1cccnc1,Fragment,72.422264,23.105228
NC(=NCc1ccco1)c1ccncc1,Fragment,71.79633,12.542811
CC1=COC(c2ccccc2)C(C)C1O,Fragment,91.11469,-13.590289
CC1Cc2cc(N)cc(C(N)=O)c2O1,Fragment,52.522717,34.92555
O=C1C=C(Br)C(=O)N1Cc1ccccc1,Fragment,75.192055,-15.502553
CCCOC(=O)NC1CCS(=O)(=O)C1,Fragment,-9.524758,-25.099728
CC(C)(CO)C(O)C(=O)NCC(=O)O,Fragment,-19.581594,-46.633865
CSc1ccccc1NC1=NCCO1,Fragment,86.176094,9.62007
CCCCCCCCCN=C(N)N,Fragment,-59.78736,-35.27084
COC1=Nc2ccccc2N2CCN=C12,Fragment,76.8173,-5.499353
O=Cc1cc2ccccc2[nH]c1=O,Fragment,75.088615,-21.524809
CCCC(=O)c1ccc2c(c1)OCCO2,Fragment,24.29018,-55.48185
COC=CC(=O)c1ccccn1,Fragment,61.95299,-47.278976
CCOc1cc(C)ncc1C(N)=O,Fragment,15.67483,-55.51299
Nc1ccc(C(=O)c2cccs2)cc1,Fragment,52.00011,-41.626842
CC1(C)C(=O)N(CCO)CC(=O)N1Cl,Fragment,8.329347,-3.8755178
Cc1ccc2[nH]c(C(C#N)=NO)nc2c1,Fragment,38.41359,-8.172908
CC(=O)NC=Cc1ccccc1O,Fragment,48.66934,-50.529186
CC(N)C(=O)NC(=CCl)C(=O)O,Fragment,-16.17853,-53.918816
Oc1cccc2ccc(Br)nc12,Fragment,65.259186,-2.1352108
Cc1c(O)ccc2cnn(CC(C)N)c12,Fragment,32.81025,-3.221261
CCCCCCCCN1CCCC(=O)N1,Fragment,-21.308912,-22.143621
CCN(CC)C(=O)c1ccccc1N,Fragment,42.53806,-56.068066
CCc1ncc(C(=O)NC(C)(C)CC)s1,Fragment,17.159317,-51.752956
O=C(O)CCc1c[nH]c2ccccc12,Fragment,52.788696,-55.66135
CN(C)C(=O)Nc1ccc(F)cc1F,Fragment,47.289963,-34.279667
COC(=O)C=Cc1ccc2c(c1)CCC2,Fragment,23.589043,-39.218975
CC(C)CC(NC(=O)CN)C(=O)O,Fragment,-17.379946,-55.08118
CN(C)CC#Cc1n[nH]c2ccccc12,Fragment,66.98154,-15.881164
C#CC(O)COc1ccc(COC)cc1,Fragment,28.742981,-32.10265
C#Cc1cncc(C2CCCN2C)c1,Fragment,21.117567,16.816849
CCCCN(C)N=O,Fragment,-61.97945,-23.444452
CCN1C(=O)C2C3CCC(O3)C2C1=O,Fragment,3.281868,-5.1246386
CC1(COS(N)(=O)=O)CCCCC1,Fragment,2.5595891,13.33098
Sc1ncnc2[nH]c(-c3cscn3)nc12,Fragment,22.199846,-6.1020346
Cc1ccc(S(=O)(=O)C2CC2(Cl)Cl)cc1,Fragment,43.422443,17.177643
ClCCOCC1CO1,Fragment,-17.81396,21.134052
CCC(C)OSSOC(C)CC,Fragment,-38.583664,-14.220369
CCSCC(N)C(=O)O,Fragment,-14.759156,-58.201897
CC(=O)c1c(C(=O)O)[nH]c(C(=O)O)c1C,Fragment,11.070092,-45.161594
N#CCCN1CCN(CCC#N)C1=S,Fragment,-3.8575122,52.459152
COc1ccc(C(=O)O)c(O)c1OC,Fragment,26.218979,-41.417267
O=C(OCCCl)c1cnccn1,Fragment,61.087357,-23.590315
CCC(C)N1CC(C(=O)O)CC1=O,Fragment,-5.7849064,-38.659523
Cc1n[nH]c(=O)n1N1C(=O)CCCC1=O,Fragment,22.302181,3.6194818
Cc1ccc(NCc2ccoc2)cc1,Fragment,45.696934,8.875563
Cn1c(Br)nc2c(Br)c(Br)c(Br)c(Br)c21,Fragment,26.753998,5.437969
NS(=O)(=O)Oc1cccc(I)c1,Fragment,55.09151,7.024052
NS(=O)(=O)Oc1cc(F)ccc1F,Fragment,42.6588,-17.174835
O=C1CCC(=O)N1c1ccc(Cl)c(Cl)c1,Fragment,47.914616,5.2803526
CC(CS)C(=O)N1C(C(=O)O)CC2CC21,Fragment,-6.9464703,-35.56963
CC(C)[SH](O)CCCCCCN=C=S,Fragment,-44.649906,-4.9898686
S=C(S)N1CCNCC1,Fragment,8.696798,39.080257
C(=CC1CCCCN1)c1ccccc1,Fragment,90.59006,-5.528627
C=CCn1c(=O)oc(=O)c2ccccc21,Fragment,78.77732,-19.552607
C=CCOC(=O)c1ccco1,Fragment,49.567375,-65.81664
OCCN=C(S)c1ccccc1,Fragment,72.586205,-37.832905
CC(C)(C)c1ccc(O)c(C=NO)c1,Fragment,38.794003,-20.996899
CCCn1cnc2c(N(C)C)ncnc21,Fragment,30.94392,6.3044133
CCCCNC(=O)n1cncn1,Fragment,8.143055,-62.05395
ClC(Cl)=C(Cl)C(Cl)=C(Cl)Cl,Fragment,-21.298721,47.30623
N#Cc1cc2cc(Cl)cnc2nc1O,Fragment,47.005028,-5.0533056
Cc1ccc2c(c1)NC(=O)CO2,Fragment,31.935509,16.002752
NNC(=O)c1csc(N)n1,Fragment,16.474976,-48.3983
CC(COS(N)(=O)=O)COS(N)(=O)=O,Fragment,-33.76289,-17.137909
CCC(C(=O)NC)N1CC(CI)CC1=O,Fragment,-5.7672133,-38.91863
CCc1cncc(C2CCCN2C)c1,Fragment,21.52926,16.551144
CC1CC(N)=NC2CCCCCC12,Fragment,9.990605,17.563301
Cn1nnnc1SCc1ccc(Cl)cc1,Fragment,51.205597,-0.3901775
CC1Nc2cnccc2NC1=O,Fragment,73.07883,22.555586
O=NN(C1CCCCC1)C1CCCCC1,Fragment,1.8931115,20.317886
O=C1Nc2c(F)cccc2C1=O,Fragment,59.643707,22.56164
O=c1oc(CCO)cc2ccccc12,Fragment,78.82169,-21.91175
NCC12C3C4C5C3C1C5C42,Fragment,-20.658836,36.33049
NC(CS)c1ccccc1,Fragment,74.7878,-31.407967
CC1Cc2c(cc(N)nc2Br)NC1=O,Fragment,21.087437,0.89826316
C#CCOC1CN=CNC1,Fragment,19.12135,39.704884
Clc1ccc2oc(-c3cccs3)nc2c1,Fragment,59.614407,-4.733169
COC(=O)CN(CC1CCOC1)C1CC1,Fragment,-7.296441,-25.099764
CCOc1ccc2[nH]c(S)nc2c1,Fragment,28.025816,-14.209476
CCCCCC1CCC(=O)O1,Fragment,-11.35102,-18.233322
COc1nc(OC)c2scc(Br)c2n1,Fragment,31.606775,-10.20358
CC1NCCCC1c1c[nH]cn1,Fragment,20.5415,14.388877
CCC(=O)C(=O)O,Fragment,-21.39623,-43.386395
O=S1(=O)N2CN3CN(C2)CN1C3,Fragment,1.8515052,47.1596
CCCCCCNCC(=O)C(F)(F)F,Fragment,-77.72713,-25.051336
O=C(O)C1NCCC1c1ccccc1,Fragment,92.49999,-19.76157
O=C1C=CC(=O)C1(Br)Br,Fragment,18.45862,0.020120982
CC(C)CCc1ccc(C(=O)O)c(O)n1,Fragment,33.24185,-53.939365
N#CC(C#N)=Cc1ccc(C=O)cc1,Fragment,46.55722,-20.992716
CC(C)Cn1cc(C(=O)CF)cn1,Fragment,15.276535,-39.54594
O=C1CSC(Nc2n[nH]c(=S)s2)=N1,Fragment,19.84508,2.9709659
CCc1ccc(C(C)CC)oc1=O,Fragment,3.928764,-11.990201
COc1cccc2c1N(O)C(=O)C(N)C2,Fragment,51.83771,31.065298
O=Nc1ccc(N(CCCl)CCCl)cc1,Fragment,61.12968,-12.413891
O=C(O)C1CSCN1,Fragment,-1.6885678,-30.294151
CCCCC(CC)C(N)P(=O)(O)O,Fragment,-50.989952,-37.62674
Cc1cc(OCC(O)CO)cc(C)c1Cl,Fragment,25.791332,-14.708323
Cc1ccc(Nc2nc(C)cs2)nc1,Fragment,39.877815,11.788519
OC(c1ccccc1)C1CNC1,Fragment,92.45423,-18.084614
CC(C)NC1Cc2cc(O)c(O)cc2C1,Fragment,40.62613,39.117924
NC(=S)c1cccs1,Fragment,52.301662,-40.766502
C#CC1NC(=O)C1N(CC)CC,Fragment,3.07362,-6.3005137
CCN1CCCC1c1cccnc1,Fragment,76.52927,24.525019
Cc1cc(NC(=O)Nc2cccs2)no1,Fragment,34.764294,-45.86921
NC(CC1CCCCC1)C1CCCCC1,Fragment,5.003345,18.466976
CC1CCC2C(C)(C)CC3(C)CC=CC123,Fragment,4.0653443,9.25492
CC(=O)c1sc(C)nc1C,Fragment,13.157218,-47.324604
c1c[nH]c(CN2CCOCC2)n1,Fragment,28.786707,12.198921
CN(C)C(=S)S,Fragment,-20.748339,15.274511
CNC(c1ccccc1)C1COCOC1,Fragment,91.086685,-14.963371
CSC(C(=O)O)C(O)C(=O)O,Fragment,-19.895294,-54.97945
COc1ccc(C(C)=NNC(N)=S)cc1,Fragment,32.66112,-15.638912
Cc1cc(Cl)c(O)c(CN)c1,Fragment,30.877003,-26.11642
CN(c1ccccc1C(=O)O)S(C)(=O)=O,Fragment,51.61169,-51.870903
c1ccc(CSC2CCCCC2)nc1,Fragment,80.25481,1.3907613
CSC1=NCCN1C(=O)Cc1cccs1,Fragment,57.556496,-40.802116
Cc1ccc(OC(=O)CC(C)C)cc1,Fragment,31.343601,-52.601562
CCCc1c(N)ccc2cnccc12,Fragment,65.7434,-12.668514
c1ccc2c(c1)CCC1(CCCN1)C2,Fragment,81.01438,-8.057226
CCCCC(CC)COS(=O)(=O)O,Fragment,-54.04967,-39.12838
CC1CN(C(N)=S)N=C1c1ccccc1,Fragment,83.819885,-10.971736
COc1ccc2nccc(C(N)=O)c2c1,Fragment,24.502363,-42.840923
CC(NC(=O)C(N)CN)C(=O)O,Fragment,-16.84136,-55.62321
NC(=O)c1ncn2c(=O)n(CO)nnc12,Fragment,13.420686,-33.683903
CCCN1CC(O)C(O)C(CO)C1,Fragment,-15.868863,-1.0960289
C=CN1CCCCCC1=O,Fragment,12.989532,14.028208
Cc1c(C)n(O)c2ccc3nonc3c12,Fragment,38.079826,6.208681
Cc1occc(=S)c1O,Fragment,35.99074,-3.7428815
O=C(NC1CCCCC1)N1CCCC1,Fragment,-7.532271,-30.141617
CCC(C)C(N)C(=O)O,Fragment,-15.596653,-57.232845
NCC1(CC(=O)O)CCc2ccccc21,Fragment,55.77868,-55.331245
O=C(O)c1ncccc1S,Fragment,59.79528,-46.794216
O=C1CN(Cc2ccccc2)N=N1,Fragment,75.0198,-15.695335
O=S(=O)(O)c1cc(O)ccc1O,Fragment,42.364582,-20.561512
CN(N=Cc1ccccn1)C1=NCCN1,Fragment,83.59059,6.2580924
c1ccc(-n2ncc3cccnc32)cc1,Fragment,75.75386,0.6430665
Cc1sc2c(c1C)CN1CC(=O)NC1=N2,Fragment,22.427021,3.561658
CCOP(=O)(OCC)C(N)C(C)(C)C,Fragment,-39.961433,-43.43947
CCCNC(=O)Nc1ccc(F)c(Cl)c1,Fragment,44.504997,-33.94381
CCCCCCC1CCCC(=O)O1,Fragment,-10.942207,-18.255268
CN(C)CCCc1ccc(Cl)cc1,Fragment,52.049065,-13.50986
CCOC(=O)C1Cc2ccccc2CN1,Fragment,19.62223,-57.662327
CC(CN)C(=O)O,Fragment,-16.917336,-54.84559
CN1CCC2c3ccccc3CCC2C1,Fragment,85.114105,-8.704916
NC(=O)NC1CCC(=O)c2sccc21,Fragment,48.43582,36.204494
Nc1ccc(O)c(Cn2cccn2)c1,Fragment,42.28954,-23.785038
COc1ccc2c(c1)C1NCCCC1C2,Fragment,49.993,28.62609
O=C1Nc2ccccc2N2CCNCC12,Fragment,83.59541,-17.005053
C=C(CNNCC)c1ccc(F)cc1,Fragment,51.2734,-33.99573
NCC(=O)SCC(=O)O,Fragment,-13.781006,-51.298817
N#Cc1ccc(N=c2ssnc2Cl)cc1,Fragment,51.62828,-6.5045614
NC(CCc1ccccc1)C(=O)O,Fragment,55.089096,-61.512012
O=c1[nH]c2sccc2c(=O)n1O,Fragment,12.666462,-7.0650225
CC(=Cc1ccccc1)C(O)S(=O)(=O)O,Fragment,50.091152,-49.99181
CCC(=O)OCOC(=O)C1=CCNCC1,Fragment,4.871415,-48.12223
C[SH](C)C,Fragment,-13.000123,43.152172
CC(=O)NC(C)COc1ccccc1,Fragment,47.570656,-55.68285
O=C(O)c1cscn1,Fragment,37.410007,-42.94184
Cc1ccc(OCCc2c[nH]cn2)cc1,Fragment,13.071799,-22.90337
NCCCCC1NC(=S)NC1=O,Fragment,16.817263,-1.6109703
CC(=O)NNc1ccccc1S(N)(=O)=O,Fragment,48.33835,-50.547215
CCC#CCOC(=O)C1CN=CNC1,Fragment,3.0663815,-50.788048
OCC(Br)=C(Br)CO,Fragment,-31.401964,29.912294
NC1CCCc2cc(F)ccc2C1O,Fragment,52.23216,39.77219
c1csc(CNCc2ccncc2)c1,Fragment,59.430965,-40.153255
O=C(O)c1c(F)c(F)cc(F)c1F,Fragment,40.141136,-45.426693
CC1=CC(O)C2CC1C2(C)C,Fragment,5.400659,6.575378
c1ccc2c(c1)Cc1ccccc1C2,Fragment,79.073616,-8.0786295
CN(N)c1nnc(-c2ccccc2Cl)s1,Fragment,57.80002,-12.387077
CCSC1=NC(C)=CC(C)(C)N1,Fragment,35.933342,17.81656
CON=CC(C)=Cc1ccco1,Fragment,34.58511,-15.839866
CCOC(=O)Cn1ccnc1,Fragment,13.986488,-58.04833
CC(CCN(C)C)=NO,Fragment,-28.900574,-29.454014
CC(=Cc1c[nH]c2ccccc12)C(=O)O,Fragment,50.01175,-50.646057
OCC12C=CC(C1)c1ccccc12,Fragment,84.60831,-20.679094
Oc1nc(O)c(Br)c(N2CCCC2)n1,Fragment,26.05334,15.823079
CC(F)C1CNCC(O)C1O,Fragment,7.4515834,26.87365
c1ccc2c(c1)CC(C1=NCCN1)S2,Fragment,86.89468,-2.668691
CC(C)OC(=S)n1ccnc1,Fragment,10.975397,-38.985443
O=C(O)C1CCCNC1,Fragment,-3.3106828,-29.482962
NCc1cc(I)cc(I)c1O,Fragment,33.493687,-26.342306
C=C(CNN)c1ccc(F)cc1,Fragment,51.274597,-34.08481
NCCc1cccc(O)c1,Fragment,35.063618,-27.281015
COP(=O)(NC(C)=O)SC,Fragment,-27.356968,-44.40104
Nc1ncccc1C(=O)O,Fragment,59.697624,-47.372135
Cc1ccc(O)c(N)c1,Fragment,41.28823,-9.130685
Brc1c2ccccc2cc2ccccc12,Fragment,65.96824,-7.3720484
COC(=O)COc1nc(C(C)C)no1,Fragment,-23.053757,-48.447372
Cc1ccc(C#N)cc1,Fragment,38.687435,-9.626353
Nc1nnnn1-c1ccccc1,Fragment,74.42909,-8.94596
C=CCCCN1CCCCC1=S,Fragment,12.97519,14.239872
NCc1ccc(-c2ccc(Cl)cc2)cc1,Fragment,53.089558,-2.9726596
NCC(O)c1cccc(O)c1O,Fragment,35.950893,-28.078312
CC(COc1cnc(Cl)c(Br)c1)N(C)C,Fragment,24.310556,-16.261948
NNc1ccc(-n2cccc2)nn1,Fragment,72.80898,-8.105134
C=CC(=O)NC(C)C,Fragment,-61.462482,19.320164
CNCCSS(=O)(=O)CCNC,Fragment,-29.134718,13.881467
CCOC(=O)CSc1nnc(N)s1,Fragment,13.979903,-55.003788
COc1ccc(CCCN(C)C)cc1Cl,Fragment,52.60729,-13.794816
CC(C)(C#N)C(C)(C)C#N,Fragment,-23.085978,53.51422
Cc1cnc2c(c1)CCC2C(N)=S,Fragment,38.021393,29.867407
C=C(C)C(=O)OC(C)C,Fragment,-24.118286,-50.60674
COC(=O)c1cc2cccnc2[nH]1,Fragment,62.22154,-47.50014
CCCCCCOC(C)=O,Fragment,-67.45965,-36.58643
C=C(C)C(=O)OCC,Fragment,-30.516357,-51.259262
CC(N)C1CC2CCC1(C)C2(C)C,Fragment,-1.4812436,11.393737
CN(C)c1ccc(O)cc1,Fragment,38.85287,-23.137209
Cc1cccc2c1CC(N)C(=O)N2O,Fragment,83.17019,-12.923547
S=c1ssc2c1CCCCCC2,Fragment,7.213961,50.129448
OC1CCCN(C(=S)S)C1,Fragment,9.1141,21.787142
CON(C)C(=O)Nc1ccc(Br)cc1,Fragment,32.814476,-60.056137
CC(=O)Cn1c2c(sc1=N)CCCC2,Fragment,0.39449492,-42.756107
NCCC1CN=CN1,Fragment,3.730942,33.176186
CCC1(C)N(C)C(=NC#N)NP1(=O)O,Fragment,-49.706387,-9.909673
NCCC1CCCC(CCN)N1,Fragment,6.9115205,16.954758
O=C(O)C1CCCCN1C(=S)S,Fragment,-7.381481,-31.037985
CN(C)CCOC(=O)c1cccc(Br)c1,Fragment,34.98091,-61.59467
CCCCCON=O,Fragment,-64.374756,-30.346363
O=C(O)C=CC(O)c1ccc(Cl)cc1,Fragment,39.87324,-37.144756
OCCNc1nc2cc(Cl)ccc2[nH]1,Fragment,19.705448,-11.904402
COCCc1ccc(O)cc1,Fragment,27.894281,-31.194431
O=C1C=C2C(=NC(C(=O)O)C2O)C=C1O,Fragment,3.4067676,-34.053787
CC(=O)N(O)CCc1ccccc1,Fragment,49.211422,-56.326508
Cc1cc(-c2ccc(Br)cc2)[nH]n1,Fragment,36.244694,13.789009
NC1=Nc2cccc3cccc1c23,Fragment,58.641197,9.29349
O=C(Cn1ccccc1=O)c1cccs1,Fragment,54.95304,-41.131004
CC(C)Cc1cc(I)c(O)c(CN)c1,Fragment,32.381542,-24.672867
NC(=O)C1ONC(=O)C1N,Fragment,15.548806,-2.438921
NC(C(=O)O)C1C(C(=O)O)C1C1CC1,Fragment,-2.5028634,-32.987827
CN(C)CCOCCO,Fragment,-26.069004,-6.368681
COc1cccc2ccc(C)nc12,Fragment,33.600933,-9.546541
Cc1nc(N)nc(C(F)(F)F)n1,Fragment,40.07025,6.04697
CNc1ccc(C=C2C=CC=C2)cc1,Fragment,46.070465,16.966373
CCCCCCCN,Fragment,-56.583164,-31.235796
CC(C)OCC(O)CN1CCNCC1,Fragment,-12.815817,1.387847
Cc1cc(C)n2c(C)nnc2c1,Fragment,39.031002,7.361019
Fc1c(F)c(F)c(C(F)(F)F)c(F)c1F,Fragment,-11.463914,48.529434
CN(C)C1Cc2cccc3ncn(c23)C1,Fragment,82.02226,-2.7082667
CN(C)CCCC1CSSC1,Fragment,-13.931397,14.386094
CC12CCC(C1)C(C)(C)C2O,Fragment,1.6614136,7.56926
CC(=O)c1ccc(C(C)=O)cc1,Fragment,35.383854,-49.319225
CC(NC(=O)C1(C)CC1(Br)Br)C(C)(C)C,Fragment,-21.997766,-52.10709
CCCCC(CC)C(=O)O,Fragment,-53.787838,-41.532433
Cc1cc(C)c(NC(=O)C(C)N)c(C)c1,Fragment,30.415869,-52.100437
CC(C)(CO)COC(=O)C(C)(C)CO,Fragment,-21.686924,-45.59241
Cn1cc(-c2cc(C(=O)O)ccn2)nn1,Fragment,25.365154,-48.085117
COC(=O)C=Cc1c(C)nc(O)nc1O,Fragment,13.362126,-48.74221
CC(C)(C)c1ccccc1NC(=O)CN,Fragment,57.79379,-56.55713
CCOC(=O)N1CCN(C=S)CC1,Fragment,-33.114918,-50.490765
CCCOc1ccccc1C1CC1CN,Fragment,97.28415,-13.293473
C=C(COCO)C(C)=O,Fragment,-25.284962,-41.7061
COc1ccc2c(c1)C(N)CC2=O,Fragment,51.43334,31.512264
CC1=NC2C(OC(CO)C(O)C2O)S1,Fragment,15.667994,-11.555903
Nc1nc2ccc3c(c2s1)CNCC3,Fragment,27.788013,42.45453
N#Cc1cccc(C=NNC(=N)N)c1,Fragment,49.263264,-24.72392
CC(=O)OCOC(=O)C1=CCNCC1,Fragment,4.8309474,-47.902912
CC(=O)CCc1ccccc1,Fragment,49.255688,-56.27544
CCC(=O)Nc1ccc(S(N)(=O)=O)cc1,Fragment,46.9087,-36.58444
Cn1cc(Cc2ccccc2)nc1N,Fragment,72.602974,-12.666388
CCOC(=O)C(N)CSC(=O)NC,Fragment,-29.93748,-55.96727
Cc1ccc2c(O)c(C)c(O)nc2n1,Fragment,33.5575,-1.5925626
Cc1ccc2c(c1)sc1nncn12,Fragment,40.627632,8.54568
CC=CC1OC(=O)C=CC1O,Fragment,6.0122094,1.6637908
CN(C)C(=S)SC(=S)N1CCCCCC1,Fragment,-18.403435,14.881717
Oc1oc2ccccc2c2nccc1-2,Fragment,67.89414,-1.8235029
CCN(CCN)c1cccc(C)c1,Fragment,56.16317,-24.920162
CN(C)C=NS(=O)(=O)c1ccc(Cl)cc1,Fragment,53.449207,-11.554222
Nc1cccc(CC(=O)O)c1,Fragment,44.04385,-48.056618
CCCCCCCCN=C(N)NC,Fragment,-60.004047,-34.371693
NCCCC(=O)NCCN,Fragment,-16.31415,-34.464905
N#CC1Nc2ccccc2C(O)C1O,Fragment,87.11829,-21.691538
O=C1OC(c2ccc(Cl)cc2)C(=O)C1=O,Fragment,54.471478,-8.1960125
CSCC1OC(CP(=O)(O)O)C(O)C1O,Fragment,-39.50457,-36.94082
CCOC(=O)C(Br)c1ccccc1,Fragment,45.78357,-58.329502
COc1ccc(CC=C(C)CCO)cc1,Fragment,22.349186,-30.882977
CC(C)(CN)c1cnc[nH]1,Fragment,27.391783,-4.008288
COc1ccc2c(c1I)C(=O)C=CC2=O,Fragment,32.699974,-12.437578
O=Cc1cc(OP(=O)(O)O)ccc1O,Fragment,24.961664,-36.145363
N#Cc1cnn2c1ncc1cccnc12,Fragment,70.11452,4.957814
CC1(C)C(O)C(C)(C)C1O,Fragment,2.2992995,6.4040456
CC1=NCC(CCN)N1,Fragment,13.657421,22.7622
Cc1ccc(C2CCCN2C)o1,Fragment,39.35308,34.025658
NC(=O)NN=C1CCn2cccc21,Fragment,48.265156,-37.92645
CC(=N)OC1CC2CCC1(C)C2(C)C,Fragment,2.1061623,7.349183
c1cncc(C2CCCN2)c1,Fragment,75.924774,21.561052
CCOCCOC(=O)CCC(=O)CN,Fragment,-32.445824,-53.54724
N=C(NO)NN=Cc1ccccc1,Fragment,66.671906,-43.010025
C=CCNc1nc(C)nc(OC)n1,Fragment,-44.501816,49.698593
Nc1nc(COC(=O)c2ccco2)cs1,Fragment,51.059002,-65.2849
O=C(Nc1ccccc1)c1cccnc1,Fragment,63.052715,-19.81144
NCc1nc(-c2ccc(F)cc2)no1,Fragment,56.52735,17.341312
CCC(C)(O)C(=O)Nc1ccccc1Cl,Fragment,48.235508,-45.60117
Nc1nc2[nH]cnc2c(=NO)[nH]1,Fragment,22.081299,-5.8201623
CCC(C)C(N)C(=O)OC(C)(C)C,Fragment,-25.362656,-52.849487
CC(C)CC(S)C(=O)O,Fragment,-20.830029,-54.34084
COC(=O)CNC(=O)NC1CCCCC1,Fragment,-7.3456745,-25.876179
CC1OC(CC2=CCCCC2)C=CC1=O,Fragment,3.915364,-1.4580557
CC1CC(O)C2OC2C1O,Fragment,-0.28800616,27.335674
Brc1cn(Cc2ccccc2)nn1,Fragment,74.498184,-14.504791
N=C(N)NN=Cc1ccsc1,Fragment,48.68573,-26.347637
CC(NCc1cccs1)c1ccccc1,Fragment,71.3958,-32.289867
CC(C)CC(N)C(C)O,Fragment,-34.36606,-12.028205
CNC(=O)NC,Fragment,-23.992481,-37.46898
Cc1ccc(SCCNCCCN)cc1,Fragment,-18.312572,26.307688
CNC1C2C=CC(C2)C1C(=O)O,Fragment,3.398061,-35.77224
CN=C(NCC1CC1)C(Cl)(Cl)Cl,Fragment,-6.665572,19.181467
CCC1Cc2ccc(C(C)C)c(O)c21,Fragment,-4.966907,-12.670451
CCNc1ccc(NC2=NCCN2)cn1,Fragment,83.53889,8.672471
CN1CCCC1(O)c1cccnc1,Fragment,76.55247,25.751436
Cc1cnc(-c2ccccc2)o1,Fragment,67.60516,5.4272013
CCC(C)(CCCC(C)C)OC(C)=O,Fragment,-25.589962,-53.603477
C=CCC(N)C(=O)O,Fragment,-11.048263,-56.36116
O=C(O)c1cnc(OCC2CC2)c(Cl)c1,Fragment,38.23878,-40.03257
COC(C=C(C)CCC=C(C)C)OC,Fragment,-37.81726,7.0829587
NC1CC1(F)c1ccc(F)cc1,Fragment,51.80865,38.062805
CC(CCOC(=O)C1CC1)N(C)C,Fragment,-8.377993,-35.71303
CNC1COc2ccccc2C(O)C1,Fragment,91.06551,-14.986568
CNCCCOc1ccc(C)cc1Br,Fragment,63.498066,-31.065098
COC(=O)Cc1c(C)[nH]c2ccccc12,Fragment,44.473537,-56.639977
O=C(OC1CCC1)c1cccc(S)n1,Fragment,56.82917,-48.637794
Oc1ccc2c(c1)CCCC21CCNC1,Fragment,29.773024,41.79715
Cc1nnc2nc3ccccc3n2c1O,Fragment,64.394844,2.956682
CCN(C(=O)CN)c1c(C)cccc1C,Fragment,41.31927,-56.945305
CCN1CCN(C(=O)C(C)(C)C)CC1,Fragment,-5.847475,-42.49774
NCCCCNOCCCN,Fragment,-20.887815,26.982304
C=CC(=O)OCCCCO,Fragment,-18.424068,2.2744606
NCC(N)CCCCc1ccccc1,Fragment,76.17192,-32.272083
C#CCCCC(=O)Nc1ccccc1,Fragment,51.34804,-55.336246
CN1CCN(c2cc(N)nc(N)n2)CC1,Fragment,43.176693,6.479063
COC(=O)C1(SC)C2CCC3C2CCC31,Fragment,-6.2785773,-25.095226
CC1SC(OP(=O)(O)O)C(O)C(O)C1O,Fragment,-37.15874,-37.461536
N#CC(C#N)=CNc1cccnc1,Fragment,72.683395,14.469834
CC(C)(C)N=C(N)Nc1ccccc1I,Fragment,51.77886,-30.326923
CCCCn1c(=O)[nH]c2[nH]cnc2c1=O,Fragment,-22.987488,-22.913542
CN1CCN=C1Cc1ccc(Br)nc1,Fragment,61.30395,18.94747
Oc1ccc(CNC2CCCCC2)cc1,Fragment,36.63902,39.374443
CCN1C(=O)C(Cl)=C(Cl)[SH]1O,Fragment,5.82183,-5.419011
Oc1cccc2ccc(F)nc12,Fragment,65.1983,-2.990739
CN(CC1CCOC1)c1ncc(Br)cn1,Fragment,29.977837,32.607788
NC(C(=O)O)C(CC(=O)O)C(=O)O,Fragment,-12.260538,-54.943233
CC(C)(NC(=O)CP(=O)(O)O)P(=O)(O)O,Fragment,-33.13822,-40.21481
O=C1C(=O)N(CO)c2ccccc21,Fragment,78.39199,-18.847282
Cc1ccc2c(c1)C1CNCC1C2C,Fragment,41.83139,24.692617
CC(=NO)C1C(=NO)CC2C1C2(C)C,Fragment,3.444642,5.998574
CC(C)c1nsc(N2CCSCC2)n1,Fragment,26.758505,14.0930395
Clc1cc2nc(C3CC3)[nH]c2cc1Cl,Fragment,48.559937,7.5698056
C=CCNc1nnc(Cl)c2ccccc12,Fragment,69.97902,-9.08993
Cc1cccc(C(=O)O)c1O,Fragment,40.405056,-53.88082
Nc1ccc(C(=O)O)c(Br)c1,Fragment,42.966206,-43.712597
NC(CCC(=O)CCl)C(=O)O,Fragment,-12.795677,-56.15466
COC(=O)NCc1c[nH]c2ccccc12,Fragment,44.52942,-56.59788
CN1CC=C(C#CC(C)(C)O)CC1,Fragment,22.710148,20.031893
CCN(C)CCOc1ccc(Br)nc1,Fragment,22.823057,-16.45393
Nc1cc2ccccc2[nH]1,Fragment,69.64565,-5.4563456
NCC(=CF)c1ccc(O)c(O)c1,Fragment,34.936745,-26.142557
CCCCc1cc(I)c(O)c(CN)c1,Fragment,5.977831,-66.58806
O=C(NN=C1NCCN1)c1ccco1,Fragment,44.999596,-50.115948
CCCc1cc(CN)c(O)c(OC)c1,Fragment,27.805183,-28.607666
CN(C)CCCOc1ccc(Cl)cc1Br,Fragment,53.548885,-13.740935
OCC(O)C(O)CO,Fragment,-30.404009,28.8144
C#CCN(N)Cc1ccccc1,Fragment,77.89795,-29.311037
Clc1cccc(Cl)c1CNC1CCCC1,Fragment,35.71929,37.69375
CCCCC(=O)P(=O)(O)OC,Fragment,-65.557724,-39.584984
Cc1cc2c(c(=O)n1C)SCC2,Fragment,31.126266,15.266918
CC1CC(CN)(CC(=O)O)CC1C,Fragment,-1.1340333,-35.75921
CC(C)(C)S,Fragment,-14.090889,44.641796
CC(=N)NCC[SH](O)CC(N)C(=O)O,Fragment,-18.284817,-59.518925
Cc1ncc2c(n1)-c1ccccc1C2,Fragment,67.60207,6.720381
Cc1ccc(OCCN2CCCC2)cc1,Fragment,46.343193,22.952778
N=C(N)COc1cccc(Cl)c1,Fragment,51.35774,-24.951113
NC1=CC(=O)C(N)=CC1=O,Fragment,39.66276,-14.203902
COCC[SH]1CC(O)C(C(O)CO)C1,Fragment,-9.7301035,8.939726
OCC1CNCCC1c1ccc(F)cc1,Fragment,27.735643,37.12124
CC(=O)NC(Cc1ccccc1)C(C)=O,Fragment,48.86132,-55.355595
ClC=CCCl,Fragment,-27.95069,41.95081
O=C(N=CNNC(=O)NO)NO,Fragment,-16.628313,-39.099373
Cc1[nH]c2c(C)cccc2c1CC(=O)O,Fragment,40.271847,-55.00202
CC1=CC(c2ccc(Br)cc2)NC(=S)N1,Fragment,35.767574,14.72601
COC1=CC2=NCCc3n[nH]c(c32)C1=O,Fragment,12.990064,6.948493
N=C(N)NCCCC(=O)O,Fragment,-14.785745,-37.026245
Ic1cncc(C2CC3CCC2N3)c1,Fragment,45.973576,32.862614
Oc1nnc(C2CCCNC2)o1,Fragment,7.677792,14.197212
CNCc1ccc(Cl)cc1Cl,Fragment,48.31977,-14.314326
Cc1ccccc1C1CC1CN,Fragment,96.90568,-12.865549
Cc1ccsc1-c1cncc(Br)c1,Fragment,37.447975,13.445708
Clc1ccccc1N=Nc1ccccn1,Fragment,72.18133,0.39410695
CC1=CN2CC(=O)NN=C2C=C1,Fragment,23.034271,3.4566803
Cc1ccc(C2=CCNCC2)cc1,Fragment,39.8102,23.900103
CC(C)CN1Cc2nc(N)ncc2C1=O,Fragment,16.254927,-36.217434
C1CN=C(C2=NCCCN2)NC1,Fragment,16.345541,40.57691
CCCCCC1CCCC(=O)O1,Fragment,-10.881604,-18.229403
CC(NC1CCCC1)=C(C#N)C(N)=O,Fragment,-6.7722845,-27.143433
Nc1cc2[nH]cnc2c(=O)[nH]1,Fragment,21.622889,-3.9392533
O=C(O)CCCc1nnc(S)[nH]1,Fragment,-10.5991955,-46.877598
Cc1ccc(C(=O)NCc2ccco2)o1,Fragment,44.126373,-52.964127
Cc1cc2c([nH]c3ccccc32)c(C)n1,Fragment,62.7722,4.646096
O=C1NC(O)n2c(=O)[nH]c(=O)n21,Fragment,14.105276,-0.16703074
CCCOC(=O)C1CN=CNC1,Fragment,3.186173,-50.96307
CC(=N)N1CCC(C(CS)C(=O)O)CC1,Fragment,-6.3265505,-35.111263
O=C1NC2OCC(O)C(O1)C2O,Fragment,11.156925,1.4861295
C=CCC(CC)(CC)C(N)=O,Fragment,-18.450077,-42.009933
NCC(=O)N(O)Cc1ccccc1,Fragment,54.60117,-56.4943
CCOC(=O)CCSc1nnc(S)s1,Fragment,13.93701,-55.320423
C1=CN2CCN=C2CS1,Fragment,27.933117,13.495983
C=C1CCc2cc(OC)ccc2C1,Fragment,34.665237,-12.41298
Nc1nc(N)nc(NCCCO)n1,Fragment,18.840034,-12.368896
O=C(c1cccnc1)N1CCOCC1,Fragment,76.40945,25.942905
O=C(O)C1CC2(CN1)CC(O)=NO2,Fragment,2.3892436,-29.805632
CC(C)NSSNC(C)C,Fragment,-30.630234,-9.694039
O=c1cc(CCl)c2ccc(O)cc2o1,Fragment,40.1634,-5.032519
CC1CCc2cc(F)ccc2N1C=O,Fragment,24.248127,20.779093
N=C(N)NCCCCSC(=N)N,Fragment,-22.763042,21.8184
CCCCOC(=O)C(=O)OCCCC,Fragment,-67.26183,-36.923805
O=C1OCC2CCCCC12,Fragment,12.049982,8.848829
O=c1[nH]c2cc(Cl)c(O)cc2o1,Fragment,40.770466,-5.4018445
CC1CC2=NCCCN2C1,Fragment,18.067719,18.590546
N#Cc1ccccc1C=NO,Fragment,48.10039,-22.231161
FC(Cl)C(F)(F)C1(F)N=N1,Fragment,-11.117329,47.41931
Cc1cc(C)c(CN)c(O)c1,Fragment,31.559454,-26.33787
NC(=O)c1cc(Cl)ccc1N,Fragment,42.457184,-39.07561
O=C1NCCc2ccncc21,Fragment,73.74724,23.02918
CCOC(=O)CN,Fragment,-31.896793,-52.960434
CCCCN1C=CN(C)C1,Fragment,-20.694761,-19.260607
CC1(C(=O)Nc2nc[nH]n2)CC1(Cl)Cl,Fragment,4.205047,-45.98929
Brc1cccc2c3c([nH]c12)C=NCC3,Fragment,45.42189,49.71131
O=P(O)(O)C=CCCO,Fragment,-36.169476,35.302135
Nc1cc(-c2ccco2)no1,Fragment,58.04925,11.914654
O=c1c(I)ccc2n1CC1CNCC2C1,Fragment,13.767209,1.0390658
CCN(CCO)Cc1ccccc1C,Fragment,67.97795,-24.137253
CC=CC=CC(=O)Nc1ccccc1Cl,Fragment,47.989017,-46.278366
CC(C)=CC(=O)Nc1ccc(O)cc1,Fragment,35.40252,-50.47341
c1cncc(-c2c[nH]cn2)c1,Fragment,74.977196,11.151772
CC=NCC1(CC(=O)O)CCCCC1,Fragment,-9.66737,-39.787323
CC(C)NCC(O)CON=C1CCCC1,Fragment,-35.45439,-2.6433477
C1=C(c2cccnc2)CCNC1,Fragment,76.79001,21.793642
NCc1cc(F)cc(Cl)c1,Fragment,53.35576,-3.3569224
Nc1scc(-c2ccncc2)c1Cl,Fragment,69.28409,13.491678
CC(=O)C(=O)CC(C)C,Fragment,-23.22212,-51.485996
CN(C)C1CCCc2ccccc2C1,Fragment,80.329605,-5.2768717
CCC(CC)C(CN)CC(=O)O,Fragment,-15.799726,-57.290012
O=C(NCCO)c1cc(O)ccc1O,Fragment,43.539906,-64.43251
Brc1cccc(NCc2cnc[nH]2)c1,Fragment,61.57521,0.51021403
COc1cccc(C2=CC(=O)CCC2)c1,Fragment,34.869217,-12.081283
ON=C1CN2CCC1CC2,Fragment,10.700417,21.036879
CC(C)CC1NC(=O)C(CS)NC1=O,Fragment,5.428835,-9.743547
CNC(=O)C(N)c1ccccc1,Fragment,48.44822,-52.619617
CNCC(O)c1cc(Cl)c(Cl)cc1C,Fragment,46.622658,-13.163356
O=[PH](O)C1(O)CCNCC1,Fragment,11.444678,38.42547
CN(C)CCCCC1CSSC1,Fragment,-13.959691,14.344728
N=C(CS)N1CCOCC1,Fragment,4.0114064,39.90708
CC(C1CC1)N(O)C(N)=O,Fragment,-8.247115,-35.433247
COC1C(=O)NC1C(C)=O,Fragment,9.114546,-43.63066
CNCCc1c(O)ccc2ccccc12,Fragment,66.20279,-27.214262
CN1C(=O)SC(Nc2ccccc2)C1=O,Fragment,78.483635,-16.101076
c1cncc(N2CC3CNC3C2)c1,Fragment,76.25225,22.687515
NC1=NC(c2cc(F)cc(F)c2)CO1,Fragment,50.560585,39.985123
CN=C(NC)NCc1ccc(OC)cc1,Fragment,32.559708,-16.597723
CC(N)C(F)=C1CCCC1C#N,Fragment,9.814378,15.416112
Nc1ccccc1C1OC(=O)NC1=O,Fragment,86.138855,-16.98572
Oc1cnnc2ccccc12,Fragment,67.414696,-2.4544935
C=C(C)C(=O)OCCOc1ccccc1,Fragment,48.00138,-58.154076
CN(C)CC1CCc2sccc2C1=O,Fragment,-12.918558,13.605356
NC(=O)c1cccc(OCCCCBr)c1,Fragment,37.233658,-58.08826
CCCCCCCCCCCCCBr,Fragment,-59.577473,-27.86068
Nc1ccc2c(c1)CC(N)(C(=O)O)CC2,Fragment,42.680004,-42.29452
CCC(C)=O,Fragment,-23.074453,-42.158245
CCCCCCC1(O)CC(=O)OC1(C)C,Fragment,-14.20001,-20.53497
CCCCNC(=O)C(C)CS,Fragment,-76.270164,-27.272816
N=C1CCC2CCCN12,Fragment,14.123719,18.463531
NC(=NO)NCCc1ccc(O)cc1,Fragment,40.154495,-28.017563
CC(=N)Nc1ccc(CC(=O)O)cc1,Fragment,46.203384,-54.33376
Cn1cc(-c2cc(C(=O)O)on2)cn1,Fragment,25.29265,-48.71184
CC(N)P(=O)(O)OCC(=O)O,Fragment,-18.916428,-52.98783
Nc1nnnn1N=Cc1cccc(Br)c1,Fragment,58.24714,7.9005666
C=Cc1ccc(C)cc1,Fragment,44.62293,14.441384
CN1CC2CC1CN2c1ccc(Cl)nn1,Fragment,20.649853,18.653048
Clc1ccccc1OCc1ccccn1,Fragment,72.9894,0.8895039
Oc1ccc(Cc2ccccc2O)cc1,Fragment,37.227654,-28.71168
C=Cc1nc(O)nc(O)c1I,Fragment,-40.307457,56.39991
CN1CC=CC=C1C=NO,Fragment,12.364048,29.0754
CCCN1C2=NCCN2c2ccccc21,Fragment,69.36171,-13.427902
CCN(C)CCOc1cnccc1Cl,Fragment,22.67088,-16.11526
C=C(C)C1CCC(C)(O)C(C#N)C1,Fragment,0.66184163,6.8013716
CCNC(=S)NN=C(C)c1ccc(Cl)s1,Fragment,44.540306,-25.739103
CN1CCC(Oc2ccccc2)CC1,Fragment,85.28835,-8.433332
Cc1ccc(CN2CCSCC2)c(C)c1,Fragment,44.64738,22.595482
S=C(S)SCc1ccccc1,Fragment,79.12022,-32.82314
C#CCOCn1cnc2ncnc(N)c21,Fragment,29.356226,3.5904133
Nc1c(C(=O)O)nnc2cc(Cl)ccc12,Fragment,41.737667,-39.7313
O=C(O)CNC(=S)S,Fragment,-14.932081,-40.714527
C1=CCN(c2cnc3ccccc3c2)C1,Fragment,77.03074,0.25697243
CC(C)NNC(=O)c1ccccn1,Fragment,60.468796,-49.49773
NCC1(c2ccccc2)OCCO1,Fragment,94.973076,-14.378793
CC1(C(=O)O)CCC(C(=O)O)C1(C)C,Fragment,0.11315858,-31.219519
CCCNCCCCc1c[nH]cn1,Fragment,9.522593,-23.91224
CCOC(=O)C(CN)c1ccc(Cl)cc1,Fragment,20.274532,-55.511963
CCCCN1CCN=C1C=NO,Fragment,-18.562548,-21.297997
Nc1ccc(C(=O)CCC(=O)O)cc1,Fragment,42.646664,-48.28785
CCC1(C)NOC(=O)c2ccccc2N1,Fragment,82.48809,-19.084507
Cc1c(Br)cc(Br)c(O)c1Br,Fragment,36.07198,-18.517391
COCCC#N,Fragment,-26.55344,5.542294
c1ccc2c(-c3nnn[nH]3)c[nH]c2c1,Fragment,70.96931,-6.0005574
CN(C)C(=O)c1cnn2c1OCCC2,Fragment,22.352367,-48.185703
O=C1OC2C(O)C(O)OC1C2O,Fragment,11.03421,1.4947534
CC(=O)C=Cc1cccc(F)c1,Fragment,38.200394,-47.826935
OCC(c1ccccc1)N1CCOCC1,Fragment,81.0225,-24.689817
CCCNC1Cc2ccccc2C1,Fragment,95.18256,-8.701582
CCC(C)C(C)=O,Fragment,-23.589575,-51.907
COCCC1CC=CC1OC,Fragment,18.512375,25.325998
CNC1(C=CCOc2cccnc2)CC1,Fragment,75.888435,17.007603
CS(=O)(=O)N1CC2CNCC(C2)C1,Fragment,10.110307,26.092104
CN1CNc2nc(N)n(C)c(=O)c2C1,Fragment,22.798826,2.2038696
CCC(C)n1c(=O)[nH]c2ncc(Br)nc21,Fragment,19.374659,-5.645319
CC(=O)N1CC2CNCC(C2)C1,Fragment,-4.971188,-32.463932
CC(C)OC(=O)CCC(=O)OC(C)C,Fragment,-26.24107,-52.00454
NC1C2Cc3ccccc3C12,Fragment,87.04067,-13.115354
O=C(Nc1ccc(Br)cc1)c1c[nH]cn1,Fragment,61.42049,-44.36569
O=C(O)C1CCCN1,Fragment,-3.3953462,-29.608585
ON=CC1=CCCC1,Fragment,-0.03889037,42.153534
c1[nH]cc2c1CC1CCCNC1C2,Fragment,20.109913,14.387698
Cn1nc(C(=O)O)c(=O)n(C)c1=O,Fragment,13.256582,-43.953518
Nc1nc(Cl)c(N)c(Cl)n1,Fragment,43.691776,-0.665227
c1ccc(C2(N3CCCCC3)CC2)cc1,Fragment,82.32265,-7.561121
Cc1cnc2c(c1)CCCC2C#N,Fragment,36.428127,29.597052
NC(=O)CCC(=O)c1cccnc1,Fragment,64.44611,-20.902212
COC(c1c[nH]cn1)c1sccc1Br,Fragment,30.743935,-9.3001175
Nc1ccc(N)cc1,Fragment,38.06881,-14.64315
c1cc2c(cn1)C1CCC(CC2)N1,Fragment,75.444885,21.99495
CNN1CCSC1=N,Fragment,1.9334055,49.263805
CCCC1NC(N)=Nc2ccccc21,Fragment,69.595345,-16.266903
COP(=S)(OC)OCCc1ccccc1,Fragment,70.25655,-36.724808
NCCc1c[nH]c(-c2cccc(Cl)c2)n1,Fragment,56.724983,-1.3658313
Cc1ncsc1C(=O)Nc1cccnc1,Fragment,61.612343,-19.439886
CCC(CO)NCCNC(CO)CO,Fragment,-42.112858,-9.238863
O=C1SCCN1Cc1ccccc1,Fragment,75.38001,-15.8542185
C=C1CC1CC(N)C(=O)O,Fragment,-9.28294,-56.392315
CCOC(=O)c1nc2ccccc2n1C,Fragment,15.111132,-58.084892
CCOC(=O)c1cn2ccc(C)cc2n1,Fragment,15.094544,-57.795055
Cn1cccc1C=NN=C(N)NO,Fragment,52.48099,-29.483744
Cc1cc(C)oc(=O)c1,Fragment,37.909367,-0.99909097
CCC(=O)Nc1ccc(Br)cc1,Fragment,32.83914,-60.350693
CCc1nc2c(O)ccc(O)c2nc1C,Fragment,33.43317,-1.5897458
NC(C(=O)O)c1ccc(Br)s1,Fragment,51.169727,-45.5632
N#CCCC#N,Fragment,-25.034184,51.316853
Cc1cccc(N=C2CC(C)CN2)c1C,Fragment,40.81553,26.160255
CC(C)(C(=O)O)n1cncn1,Fragment,14.209225,-43.456795
Nn1c(Cc2ccc(Cl)cc2)n[nH]c1=O,Fragment,52.34285,-1.137297
CC1(C=C2C=CCCC2)SC(=O)C=C1O,Fragment,21.210442,11.652549
CN(CCCP(=O)(O)O)C(=S)S,Fragment,-32.133575,-36.863132
CCc1nc2ccccc2c(=O)[nH]1,Fragment,76.6586,-13.529618
ON=C1CCCCC1NO,Fragment,8.451238,20.155739
COc1ccc(OCC(=O)O)cc1,Fragment,27.25772,-42.16908
CCCCn1c(O)nc2c(N)ncnc21,Fragment,7.432931,-54.8964
Cc1cnc2c(c1)C(C)CCC2C(N)=S,Fragment,38.059544,29.868164
COc1ccc2c(c1)cc1n2CCNC1,Fragment,48.319126,25.818619
CC1CC(N)=NC1C,Fragment,25.877653,24.582254
O=C(O)C(O)=CC(=O)c1cccc(F)c1,Fragment,38.81577,-47.631355
FC(C(F)(F)F)C(F)(F)F,Fragment,-11.501035,47.888577
C1CCCNCCC1,Fragment,11.209398,40.25721
CC(=C(C#N)C(N)=O)c1ccccc1,Fragment,51.96749,-50.543175
Cc1cccnc1CC(O)C(=O)O,Fragment,62.562042,-50.30016
CSc1cccc(C(=O)O)c1,Fragment,39.06297,-49.888344
C=CCS(=O)(=O)O,Fragment,-42.68528,55.40096
Nc1nnc(COc2ccccc2)s1,Fragment,74.90487,-3.700469
CCOC(=O)C(C#N)=CN1CCOCC1,Fragment,-33.404972,-50.409267
CON=C(C#N)C1CN2CCC1CC2,Fragment,-8.221984,15.379452
CC(CSC(=N)N)C(N)=O,Fragment,-17.385036,-51.473206
Cc1nnnn1CC#CI,Fragment,32.29271,3.2040844
O=C1C=C(Br)c2ccccc2C1=O,Fragment,76.762024,-18.628351
OCCNC1=NCc2cccnc2N1,Fragment,82.82923,8.94853
CC(=O)NNC(=O)c1cc2sccc2s1,Fragment,34.89674,-46.17174
COC(=O)c1ccsc1NC(=N)N,Fragment,49.01484,-39.350464
Cc1nc(CSc2nnc(C)s2)cs1,Fragment,39.12587,12.783739
O=C(O)CCCCO,Fragment,-11.5161495,-47.342876
CC=CC=CC=CC(=O)O,Fragment,-12.733216,-42.53156
C=C(C)C1CCC(C)(O)C(O)C1,Fragment,1.21134,7.1280384
Cc1cccc2c3c([nH]c12)CCNC3,Fragment,40.138153,24.104544
O=C1CC(=O)N(Cc2ccco2)C(=S)N1,Fragment,83.035805,-18.867147
O=c1[nH]nc(CNc2cncc(Br)c2)[nH]1,Fragment,19.418386,-5.437185
Nc1cc(=O)[nH]c(=O)n1CC1CC1,Fragment,14.545474,1.8977863
COc1cc(Cl)c(Cl)cc1C1CC1CN,Fragment,56.10839,30.034912
CCOc1cc(N)cc(C(F)(F)F)c1,Fragment,17.233675,-27.901155
CC(S)C(C)S,Fragment,-31.348223,-9.542731
CC1CN(c2ccccc2)NC1=O,Fragment,81.656235,-15.308254
COCN1COCNC1=NC#N,Fragment,-23.057865,9.022216
Cc1cc(N2OC3C=CC2C3)no1,Fragment,32.702793,28.338163
CC(C)CN1CC(C)C(=O)NC1=O,Fragment,5.271498,-8.891976
CC(=O)N1CCCCC1=O,Fragment,0.6864084,-42.83802
CNc1cc(C)nc(N2CCOCC2)n1,Fragment,42.66808,8.834572
CC(=N)NCC(F)(F)CCC(N)C(=O)O,Fragment,-18.1885,-59.65637
CC(C)(C)OC(=O)c1cnccn1,Fragment,60.93327,-24.446724
CCCCCC(N)=O,Fragment,-61.749405,-40.075554
CCC(O)C(N)C(=O)O,Fragment,-15.12351,-57.934425
Cc1cc(=O)oc2cc(N(C)C)ccc12,Fragment,37.50824,-1.35588
CCCCCCCCCCCCC1CO1,Fragment,-14.027461,-15.829621
CN(C)CCCN,Fragment,-19.392338,32.68118
NCCC1CCCCC(N)=N1,Fragment,8.59387,17.225832
Cc1cnc2c(c1)CC(C)CC2C(N)=S,Fragment,38.10862,29.86392
CCCC1(CCO)C(=O)NC(=S)NC1=O,Fragment,-2.0437632,-14.093995
CSc1nnc(-c2ccc(Cl)cc2)n1C,Fragment,43.86602,-2.8741884
CN(C)C(=O)NC(O)C(Cl)Cl,Fragment,-26.334234,-34.123047
CCn1c(=O)ccc2c(C)cc(C)nc21,Fragment,37.947506,4.681457
C=C(NC(C)=O)c1c(F)cccc1F,Fragment,37.932156,-48.315853
CCCCc1[nH]nc(C(=O)O)c1F,Fragment,9.508329,-52.181484
O=C(O)C1CSC(Cc2ccccc2)N1,Fragment,92.26922,-20.203962
CCN(CC#N)C(=O)C(N)C(C)(C)C,Fragment,-19.3204,-50.005333
CC=CC=CC(=O)OCCCCC,Fragment,-67.45059,-37.505657
CI,Fragment,-12.541335,43.043232
C=C1CCC2C(C3C(C)CCC13)C2(C)C,Fragment,4.499976,7.7972136
CCCCCCNCC(=O)CCC(=O)O,Fragment,-78.09539,-25.412096
O=C(O)c1c(F)cccc1Cl,Fragment,46.325905,-45.29098
CNc1nc(=O)n(C2CCCO2)cc1C,Fragment,33.322216,30.362879
CCN(CC)CCN1CNC(=S)NC1,Fragment,-15.559066,-5.6001697
CC=C(NC(=O)C1CCCC1)C(=O)O,Fragment,-6.878745,-27.951977
NCCCCC(N)C(=O)N1CCCC1,Fragment,-9.326709,-61.950756
CN(C)C1Cc2cccc3[nH]cc(c23)C1,Fragment,81.96985,-2.6754222
C=CCC1NCCc2c(Br)cccc21,Fragment,46.095097,50.177284
Brc1ccc2nc3c(n2c1)CCCC3,Fragment,40.710125,48.942516
CCC(C)=COC(=O)C1CN=CNC1,Fragment,2.977342,-50.534237
CCOP(=O)(NCCN)OCC,Fragment,-40.90225,-18.752247
Cc1cc(C)c(O)c(C(C)(C)C)c1,Fragment,41.174236,-8.464456
NNc1nnc(-c2ccccc2)s1,Fragment,72.42154,-9.159685
CCN(CC)C(=S)SCC1=CCOC1=O,Fragment,3.7898147,-13.198816
CCCCc1cc(C(N)=S)ccn1,Fragment,10.934504,-66.19366
Clc1cc(Br)c2cccccc1-2,Fragment,65.22746,-7.7021914
CC(C)=CCOC(=O)c1ccccc1,Fragment,47.877266,-57.826942
S=C=NCc1ccc2c(c1)OCO2,Fragment,55.351013,-17.329943
OCC=CC1OCCCC1O,Fragment,-4.700864,23.741426
O=C(Nc1nnn[nH]1)NC1CCCCC1,Fragment,-3.8480875,-25.965351
O=C(NO)c1ccccc1,Fragment,51.038414,-52.60768
Cc1cc(OC(=O)N(C)C)no1,Fragment,22.700039,-47.75016
Cn1cnc2c(=O)sc3ccccc3c21,Fragment,78.453125,-14.997717
Nc1ccc(Cl)cc1C(=O)O,Fragment,42.04997,-39.49318
O=CNC1CC1,Fragment,-10.365192,20.42222
CSc1nc(-c2ccccc2)n(C)n1,Fragment,74.51266,-10.718139
O=C(O)C=CC(=O)NCc1cccnc1,Fragment,63.899208,-19.10092
O=C(O)CCNc1nccs1,Fragment,36.445694,-43.506626
CN(C)C=C1C(=O)NN=C1C(F)(F)F,Fragment,13.320959,-14.5247
NC1C(=O)NC(=O)NC1=O,Fragment,16.290165,-0.77363294
CCSc1nnc2c(Cl)cc(Cl)cn12,Fragment,44.408337,-2.5736709
O=C1CCCCCCN1,Fragment,17.107567,4.056147
CCOC(=O)c1cc[nH]c1C,Fragment,17.44172,-57.07268
NC(=O)c1ncn(COCCO)c1N,Fragment,13.531706,-33.395256
NC(Cc1cccc(F)c1)C(=O)O,Fragment,55.273136,-63.03673
Oc1ccnc2ccccc12,Fragment,67.68831,-1.8832816
CCCC1CCCCC1NC1=NCCO1,Fragment,-3.3530962,0.40204987
COc1ccc(-c2cc(N)[nH]n2)cc1,Fragment,29.827074,-14.382297
CSP(C)(=O)OC1CCCCC1,Fragment,2.2089622,19.662722
COC(=O)C(C)NC(=O)c1cccnc1,Fragment,62.17334,-18.535437
COc1cccc2c1CCCC2O,Fragment,51.138256,29.228203
O=C(O)CC=CCC(=O)O,Fragment,-12.869291,-43.013794
CCN=C(N)S,Fragment,-48.649445,6.403836
Nc1nc(C2CCOCC2)cs1,Fragment,30.0266,34.62647
O=C(O)CC(C(=O)O)C(O)C(=O)O,Fragment,-12.119888,-49.80757
CC1CC(O)C=CC(O)CCC(=O)O1,Fragment,9.615521,3.7828455
O=C(O)CCNc1ccc(C(=O)O)cc1,Fragment,42.40785,-48.84912
CCC(=NN=C(N)S)c1cccc(Cl)c1,Fragment,53.735504,-25.90593
Clc1ccc(N2CCNCC2)cc1,Fragment,51.200916,4.4796906
NC(=O)C=C1CCc2cc(Cl)ccc21,Fragment,42.69013,-38.741432
COc1cc(C=CC(C)=O)cc(I)c1O,Fragment,25.051739,-38.228863
Cn1nc(-c2ccccc2)n(C)c1=O,Fragment,78.519714,-14.605365
Clc1nc2ncnc-2c[nH]1,Fragment,46.549995,0.41508272
O=C(CCc1ccccc1)NCCO,Fragment,51.341686,-56.458076
Cc1nc2c(O)cccn2c1CC#N,Fragment,34.05715,0.2886633
CCS(=O)(=O)NCc1cn2ccsc2n1,Fragment,15.005543,-50.302967
O=C(O)CC1CCNC1,Fragment,-2.69532,-29.101036
N#Cc1ccccc1OCC(=O)C1CC1,Fragment,88.15672,-23.112648
NC(CCSCCSCC(=O)O)C(=O)O,Fragment,-12.084154,-57.838745
Cc1cc(C)cc(N2CC(C)(C)C2=O)c1,Fragment,31.782524,15.417828
BrCCCc1ccccc1,Fragment,76.52069,-30.620275
CN1C(=O)CNc2ccccc21,Fragment,80.11449,-15.781876
CN(C)Cc1c[nH]c2ncnc(O)c12,Fragment,13.114453,-18.19307
CC(C)CC(N)C(=O)NO,Fragment,-17.40278,-55.651203
Brc1cncc2nccn12,Fragment,30.346697,11.509929
N=C(N)Nc1ccc2c(c1)CCCC2,Fragment,60.883537,42.78711
Nc1ccccc1C(=O)OC1CSC1,Fragment,89.10853,-22.552053
O=S1(=O)CC(O)C(O)CS1,Fragment,5.846689,24.982367
CNc1ccc2cncnc2c1,Fragment,38.313263,10.412341
CCP(=O)(CC)C(Cl)(Cl)C(O)C(Cl)(Cl)Cl,Fragment,-38.867756,-41.9047
CCOP(=O)(OCC)Sc1ccccc1,Fragment,46.498825,-59.346832
CC(=O)Cc1ncccc1C,Fragment,62.76767,-50.21975
CC(=O)C=Cc1ccc(C(F)(F)F)cc1,Fragment,36.27774,-49.36606
NNC(=O)c1ccccn1,Fragment,60.493248,-48.678505
Nc1ncnc2c1ncn2CC=CCCl,Fragment,28.62107,2.2214365
C1CCC2CCCCC2C1,Fragment,2.5327399,20.450218
COCP1(=S)OC(C)CCN1C(C)C,Fragment,-7.8935127,14.478666
CC(C)(C)CCn1nc(O)c(=O)[nH]c1=O,Fragment,23.45859,1.0224288
Cc1ccccc1OC1=CCN(C)CC1,Fragment,83.82648,-7.034623
O=C(O)c1cc(-c2cccc(Br)c2)[nH]n1,Fragment,42.8253,-45.25349
CC(O)C1CCC(CO)O1,Fragment,-6.5277376,10.790831
CC(O)C(=O)n1cnc2c(O)ncnc21,Fragment,15.296701,-39.627514
O=S(=O)(NCCc1c[nH]cn1)C(Cl)(Cl)Cl,Fragment,11.253519,-24.441866
CN(C)CCn1ccc2c(O)cccc21,Fragment,65.77104,-15.88861
NS(=O)(=O)c1ccc(F)cc1,Fragment,42.28628,-17.293098
O=C(O)C1CCNC(C(=O)O)C1,Fragment,-2.8550627,-29.788168
Cn1[nH]c(=O)c2ccccc2c1=O,Fragment,79.70013,-15.9818535
COc1nc(C#N)nc(N2CCCC2)n1,Fragment,49.46392,24.389322
CC(=O)NCCc1c[nH]c2ncccc12,Fragment,62.807205,-49.439648
Cc1cc(N)ccc1-c1ccccc1,Fragment,58.11185,4.2126207
CC(C)(C)Nc1cnc2cnccn12,Fragment,32.726894,8.553716
NC(=O)c1cnc2cc(O)c(O)cc2c1,Fragment,46.58805,-41.28416
COc1cc2c(cc1O)C(=O)N(C)CC2,Fragment,27.870422,-18.043959
O=C(O)C1CC(c2ccc(F)cc2)=NO1,Fragment,52.88022,41.63501
CC1C(=O)C=CC2=CC(O)C(O)CC21C,Fragment,7.52378,4.1086917
Nc1cn(COCCO)c(=O)[nH]c1=O,Fragment,13.700823,-32.93617
Cn1cnc2cc(C(=O)O)ccc21,Fragment,25.340397,-48.08438
Cc1ccc(C2C=CCCC2)c(O)c1O,Fragment,37.10738,33.851593
CCc1nn(C)c(-c2n[nH]c(=O)o2)c1Cl,Fragment,6.4308968,-5.415406
CN(CC(=O)NO)CP(=O)(O)O,Fragment,-32.23231,-39.75887
CC(C)=CC1C(C(=O)O)C1(C)C,Fragment,0.12438299,-30.75112
C=C(C)CCOP(=O)(O)O,Fragment,-38.99839,-38.5726
CN1C=Nc2cccc3cccc1c23,Fragment,63.75191,7.27822
C#Cc1ccc(S(N)(=O)=O)cc1,Fragment,40.759666,-16.667488
CCC(C)C1NC(=O)C(=C(C)O)C1=O,Fragment,5.09809,-10.115639
CCOC(=O)C1(C)CC(O)C(=O)N1C,Fragment,-2.0622654,-40.71272
O=C(O)c1cc2cc(O)ccc2[nH]1,Fragment,40.89114,-43.671734
Cn1ccccc1=NC1CC1,Fragment,85.25911,-9.04737
OCC1OCCC1O,Approved,-4.55683,24.803883
C12=C(CCC2)C=CC=C1,Approved,79.68276,-7.630884
O=P(O)O,Approved,-19.784718,60.977108
CC=O,Approved,-67.844826,30.772741
O=CO,Approved,-66.269264,37.109055
O=C,Approved,-17.7041,57.879444
O=C,Approved,-17.704714,57.8798
CCC=O,Approved,-74.9837,7.447754
CCC,Approved,-48.117443,-15.806594
O=C,Approved,-17.7041,57.879444
O=C,Approved,-17.704714,57.8798
O,Approved,-16.279955,52.46567
C,Approved,-14.612993,51.220108
CC,Approved,-12.789639,43.440166
CC(C)(C=O)C,Approved,-67.59219,32.012432
O=CC1=CC=CC=C1,Approved,74.097305,-21.385483
CCOC(OCC)=O,Approved,-31.077492,-51.78054
CCCCCCCCCC=O,Approved,-76.963646,-5.84375
O=C(C1=C(O)C=CC(N)=C1)O,Approved,42.3675,-42.705116
O=C(C1=CC=CC=C1)NC,Approved,49.93175,-52.558983
CC1=CC=C(C=O)C=C1,Approved,45.737587,13.574481
CC(OCC)=O,Approved,-30.665665,-51.545612
CCC(OCC(C)C)=O,Approved,-27.45459,-51.934044
CC(OC(OCC)=O)C,Approved,-28.472319,-52.047035
COCCOCC,Approved,-43.27213,-19.662298
CCN1CCOCC1,Approved,4.8894596,40.314495
O=P(O)(OC)O,Approved,-36.50247,-37.319046
O=CN1CCC(CC1)N2CCCCC2,Approved,-10.568586,19.33471
NCC=O,Approved,-71.626335,46.53562
CC1(S[C@@H]2[C@@H](C(N2[C@H]1C(OC)=O)=O)NC([C@@H](C3=CC=CC=C3)N)=O)C,Approved,53.95828,-47.000397
CCOC(OC1CCCCC1)=O,Approved,-9.406546,-25.467684
O=C(CCNC(C1=CC=C(N)C=C1)=O)O,Approved,42.36169,-48.50544
CC(OC(OC)=O)C,Approved,-25.512253,-47.992382
CC(C)(C(OC)=O)C,Approved,-25.208317,-46.662342
CC(O1)=C(C)OC1=O,Approved,37.663662,-0.5308728
CC(C)(OC(OC)=O)C,Approved,-25.323711,-46.998898
CC(C=O)C,Approved,-70.64873,17.73772
NCCCC[C@@H](C=O)N,Approved,-74.09667,49.801907
O=CC1=CC=CO1,Approved,51.312862,11.580353
O=P([O-])(OC)[O-],Approved,-36.51056,-36.67138
CC(OC=O)OC(C(C)C)=O,Approved,-75.69819,14.885584
O=C(OCCCOC(CCCC1=CC=CC=C1)=O)CCCC2=CC=CC=C2,Approved,49.923588,-58.857563
CCCCCCCCCCC=O,Approved,-76.13184,-5.926598
CNCC(OCC1=C(N(C(OCC)=O)C)N=CC=C1)=O,Approved,44.47974,-59.620686
CCCCCCCCCCCC(OC)=O,Approved,-66.49721,-39.809975
O=C(CC(C=O)CC(O)=O)O,Approved,-12.349903,-44.28107
CC([C@@H](C=O)N)C,Approved,-71.58648,17.747524
O=[N+](OCCCC)[O-],Approved,-64.651276,-30.044535
[OH-],Approved,-14.303369,51.436573
CC1=CC(C)=C(C=O)C=C1,Approved,46.134533,13.695043
O=S([O-])=O,Approved,-17.491388,59.663055
O=P(O)(OC)[O-],Approved,-36.482956,-37.2903
COC(OC)=O,Approved,-25.701122,-47.567623
O=[NH+][O-],Approved,-17.616926,59.587006
O=C1CCC(N1CC)=O,Approved,4.0343,-5.4298873
O=C(CCC=O)O,Approved,-63.12059,39.8211
O=C(C1=CC=C[N+](COC=O)=C1)N[C@H](C([O-])=O)CO,Approved,28.321012,-45.590897
NCC(NCC(NCC=O)=O)=O,Approved,-70.543945,45.18915
CCCCCCCC=O,Investigational,-76.42144,-6.1846824
CCOC(OC(C)C)=O,Investigational,-28.47235,-52.046417
CCO,Investigational,-44.2209,-11.554658
O=CC(C)C,Investigational,-70.6492,17.737635
O=CCCCCCCCCCCCCCCCCCCC,Investigational,-76.736305,-6.246481
O=CCCCCCCCCCCCCCCCCC,Investigational,-76.13238,-5.929111
O=CCCCCCCCCCCCCCCC,Investigational,-76.957436,-5.881013
O=COCOC(C(C)C)=O,Investigational,-75.75372,14.711635
O=COCOC(C(CC)CC)=O,Investigational,-76.26767,13.335039
O=COC,Investigational,-68.61063,27.13234
O=COCC,Investigational,-77.31201,9.842247
O=COCCC,Investigational,-78.8409,10.271222
O=COCCCC,Investigational,-82.57337,-7.5622396
O=COCCCCC,Investigational,-82.720985,-7.7202497
O=COCCCCCC,Investigational,-82.75186,-7.8194923
O=COCCCCCCC,Investigational,-82.75186,-7.8194923
O=C1C2=CC=CC=C2CO1,Investigational,87.52597,-15.82296
O=C(CCCCCN1C(C=CC1=O)=O)N/N=C\CO,Investigational,-15.431119,-30.407179
O=C(CCCCCN1C(C=CC1=O)=O)N/N=C\CO,Investigational,-15.431119,-30.407179
O=C(O)C(NC(C(NC(CCC(N)C(O)=O)=O)CS(=O)(CCC)=O)=O)C1=CC=CC=C1,Investigational,56.925053,-60.80994
CSCC[C@H](N)C(C)=O,Investigational,-16.985855,-58.15503
CN1C(CC)=CN=C1[N+]([O-])=O,Investigational,30.18397,6.395384
CNC(OCCSSC[C@H](NC([C@@H](NC([C@@H](NC([C@@H](C)CCCNC(N)=N)=O)CC(O)=O)=O)CC(O)=O)=O)C(O)=O)=O,Investigational,-19.84301,-59.805233
O=COCC1COC(C)(C)O1,Investigational,-71.13229,25.174185
C[C@@H]([O])C1=CC(OC2=CC=CC(C(N(C)C)=O)=C2)=C([N+]([O-])=O)C=C1,Investigational,34.174652,-55.295246
O=P1([O])OCCC(C2=CC=NC=C2)O1,Investigational,73.526276,25.364407
CC1=C2C(=NC=N1)N=CN2,Investigational,35.72911,11.960681
OC1=CC=C(CCNC(O)=O)C=C1,Investigational,43.88816,-63.920677
OC1=C(O)C=C(CCNC(O)=O)C=C1,Investigational,43.780525,-64.07196
OC1=CC=C(CC(CC(OC)=O)NC(O)=O)C=C1,Investigational,32.442493,-37.84106
OC(NCCOC1=CC=C(O)C=C1)=O,Investigational,44.47913,-63.212723
OC(NCCSC1=CC=C(O)C=C1)=O,Investigational,44.158337,-63.46185
OC(N(C)CC1=CC=C(O)C=C1)=O,Investigational,34.85146,-36.55973
O=CN(C)CC1=CC=C(O)C=C1,Investigational,34.773182,-36.097675
O=CNCC1=CC=C(O)C=C1,Investigational,33.60963,-35.141838
O=CNC(C(OC)C=O)CC1=CC=C(O)C=C1,Investigational,32.925022,-35.929295
NCCC1=CC=C(O)C=C1,Investigational,35.05235,-26.788248
O=C(N)NC1=CC=C(O)C=C1,Investigational,46.840397,-37.98649
O=C(N)NC1=CC=C(O)C(O)=C1,Investigational,46.65088,-37.951317
O=C(N)NC1=C(CCN)C=C(O)C(O)=C1,Investigational,33.20222,-27.562
S=C(N)NC1=C(CCN)C=C(O)C(O)=C1,Investigational,33.35402,-27.29399
S=C(N)NC1=CC=C(O)C(O)=C1,Investigational,41.45819,-26.663946
S=C(N)NC1=CC=C(O)C=C1,Investigational,41.399525,-26.688585
OC(C1CCC[N]1)=O,Investigational,-4.6303663,-29.64235
O=COCC1=CC=CC(COC=O)=C1NC(OCCSSCCOC(OCCCN=[N+]=N)=O)=O,Investigational,41.058647,-62.445366
O=COCCSSCCOC=O,Investigational,-69.98908,41.203087
O=COCCSSCCOC(ONCC[NH])=O,Investigational,-70.695564,40.361317
O,Investigational,-16.118643,52.761154
O=COCCSSC1=CC=C(CCC(NC2=CC(N=CC(C(NCN(CC)CC)=O)=N3)=C3C=C2)=O)C=C1,Investigational,30.103611,-46.797672
O=CNNCC1=CC=C(O)C=C1,Investigational,33.62644,-35.092903
COC,Investigational,-23.084566,4.75889
N,Investigational,-14.9413,52.53623
CN,Investigational,-12.295813,40.884106
O=[N+](C1=CC=CC=C1)O,Investigational,52.67111,-51.71438
O=C(O)C1=CC=CC=C1,Investigational,52.41113,-51.806858
O=CNCCCCCCCC,Investigational,-77.44923,-16.252102
O=C(C)OC1=CC=C(OCC=O)C=C1,Investigational,29.312962,-45.880283
O=C(OC)OC1=CC=C(OCC=O)C=C1,Investigational,28.88975,-45.672234
CCC,Investigational,-48.114372,-15.794565
NCN,Investigational,-21.389761,36.131897
NCCCN,Investigational,-20.119827,33.546013
NCCCCCN,Investigational,-20.139841,33.454254
CC(CCC(NCCCCCCCCC)=O)=O,Investigational,-77.32439,-26.451033
CSCC[C@H](N)C=O,Investigational,-71.019745,15.32219
C1=CC=CC=C1,Investigational,19.514177,55.973114
OC1C(O)C(C)OC1C,Investigational,0.35055178,27.125784
O=[P]1OC2=C(CO1)C=CC=C2,Investigational,87.77147,-15.455419
O=[P]1OC=C(C2=CC=CC=C2)CO1,Investigational,87.880035,-15.214942
O=[P](OC1=CC=CC=C1)OCCSC(C(C)(C)C)=O,Investigational,46.56792,-60.358253
O=[P](CCCSC(C(C)(C)C)=O)OCCSC(C(C)(C)C)=O,Investigational,-21.806904,-46.08494
O=[P]1OC=C(CO1)C2=CC(C)=CC=C2,Investigational,56.571712,4.5291643
CC(C(=O)O)N,Investigational,-15.784292,-54.802757
C(C(C(=O)O)N)O,Investigational,-12.075953,-55.07075
C1=CC=C(C=C1)CC(C(=O)O)N,Investigational,54.90901,-61.610413
CC(C)CC(C(=O)O)N,Investigational,-15.84521,-55.672703
O=C(CCC)OC1=CC=CC=C1,Investigational,13.869157,-74.513374
O=C(CCCCC)OC1=CC=CC=C1,Investigational,13.20787,-74.91023
O=C(CCCCCCC)OC1=CC=CC=C1,Investigational,13.089864,-75.505936
O=C(CCCCCCCCC)OC1=CC=CC=C1,Investigational,13.089864,-75.505936
O=C(CCCCCCCCCCC)OC1=CC=CC=C1,Investigational,13.089864,-75.505936
O=C(CCCCCCCCCCCCC)OC1=CC=CC=C1,Investigational,13.089864,-75.505936
O=C(CCCCCCCCCCCCCCC)OC1=CC=CC=C1,Investigational,12.6519785,-75.206825
O=C(CCCCCCCCCCCCCCCCC)OC1=CC=CC=C1,Investigational,13.089864,-75.505936
O=C(CCCCCCCCCCCCCCCCCCC)OC1=CC=CC=C1,Investigational,13.089864,-75.505936
O=C(CCCCCCCCCCCCCCCCCCCCC)OC1=CC=CC=C1,Investigational,12.6519785,-75.206825
O=C(CCCCCCCCCCCCCCCCCCCCCCC)OC1=CC=CC=C1,Investigational,13.089864,-75.505936
O=C(OC1=CC=CC=C1)N(CCCCCCCCCCCCCCC[N+](O)=O)C,Investigational,47.227985,-62.171722
O=C(OC1=CC=CC=C1)N(CCCCCCCCCCCCCCCCC[N+](O)=O)C,Investigational,47.227985,-62.171722
O=C(OC1=CC=CC=C1)N(CCCCCCCCCCCCCCCCCCC[N+](O)=O)C,Investigational,47.227985,-62.171722
NO,Investigational,-17.715723,46.557423
O=P(O)O,Investigational,-19.785854,60.977573
O=P(O)(O)O,Investigational,-35.254807,-41.158478
O=P(O)(OC)O,Investigational,-36.502567,-37.319798
O=P(O)(NC)O,Investigational,-34.72201,-39.517036
O=P(O)(N)O,Investigational,-35.028233,-41.3552
COCCOCCOCCOCCOC(OC)=O,Investigational,-26.605478,-47.51646
C1(N2CCCCC2)CC[N]CC1,Investigational,13.61722,19.395828
CCCCCCCCCCOC1=C[N+](=CC(=C1)CC(P(=O)(O)O)P(=O)(O)[O-])C,Investigational,8.863771,-74.21468
NC([NH+](C(N)=O)C(CC(C(O)=O)NC(O)=O)=O)C(NC(NC([NH+](CN)C(CC(C(O)=O)NC(O)=O)=O)=O)=O)=O,Investigational,-14.10841,-54.652737
O=COCC(C(C=CC(C(CC([N]CCN(C)C)=O)CC([N]CCN(C)C)=O)=C1)=C1O2)=CC2=O,Investigational,26.898376,-53.90084
OC(C(OCCCC=O)O1)C(O)C(O)C1CO,Investigational,-65.41515,44.25728
O=COCCSSCCN,Investigational,-71.870834,43.361588
CCN1CCN(CCCO)CC1,Investigational,-16.084185,-1.2328715
OCC(O)CO,Investigational,-30.38562,28.79366
Cl,Investigational,-15.258776,51.66052
O=CCC(C(C)C)[N+](C)(C)C,Investigational,-71.77726,16.467443
OC(C(OC1=C(N)C=C(CO)C=C1)O2)C(O)C(O)C2CO,Investigational,53.78638,45.673054
OC1C(OC(CO)C(O)C1O)OC2=C(C=C(C=C2)CO)[N+](O)=O,Investigational,53.78369,45.67088
OC(CO1)C(O)C(O)C1CO,Investigational,-4.2401423,25.618425
O=P(O)(O)OCC1=CC(C=[N])=C(C)N=C1,Investigational,19.420506,-33.7244
O=P(O)(OCC1=CC(C)=C(N=C1)C)O,Investigational,19.416632,-33.719357
[S]CC[N],Investigational,-18.209864,51.26976
O=C(CCCC(O[Na])=O)[N][Na],Investigational,-17.837238,-36.320908
SO,Investigational,-17.15234,48.127537
COCCOCCOCCOCCOC=O,Investigational,-79.8317,20.005785
COCCOCC[O],Investigational,-26.554585,3.3551748
OCCOCCSCC=O,Investigational,-68.09334,41.922806
O=CC1CC[N]CC1,Investigational,-10.484549,20.351646
O=CC1=CC=CC=C1O,Investigational,43.326363,-21.693506
O=C(CCCCCN1C(C=CC1=O)=O)N/N=C\CO,Investigational,-15.431119,-30.407179
O=C(CCCCCN1C(C=CC1=O)=O)N/N=C\CO,Investigational,-15.431119,-30.407179
[O]CCS(=O)(C)=O,Investigational,-15.420574,60.958603
CN1C=NC([N+]([O-])=O)=C1,Investigational,29.654081,6.7094593
O=[P]1OCCC(C2=CC=NC=C2)O1,Investigational,73.527306,25.365019
CC1=CC=C(C=O)C=C1,Investigational,45.737587,13.574481
C(C)(C)C,Investigational,-31.35625,-9.605924
C[N]CC(NC(CNC(CN)=O)=O)=O,Investigational,-21.551235,-38.76755
C(C)CCCl,GRU,-52.505028,-26.240263
C(C)CCCl,GRU,-52.5048,-26.240286
OCC1=CNC=CCC=C=C1,GRU,26.509306,38.36799
COOCCOC(C1)=C1C=CCC,GRU,-33.82413,9.61175
C(CCNC=CC=C=CC=CC=CN)COC(C)CI,GRU,-41.53232,8.050653
N1CC=C1CCC=C=C=C,GRU,2.1168513,55.979176
CONCC(C)C=CC(N)CNCCF,GRU,-41.514416,6.6809726
C=O,GRU,-17.704031,57.87924
C=O,GRU,-17.70453,57.879555
C=O,GRU,-17.704695,57.87973
C#CCCC(C)=CC=CCC=O,GRU,-61.02108,31.713026
N1(C)CC=C=C(O)C1C=CC=O,GRU,15.991468,21.907839
SC=NC(CC=CCC)(C=O)C=NCCO,GRU,-51.016827,20.63284
CN(C)C=O,GRU,-69.59061,32.13264
C1CC=C(C)C=CO[NH1]1,GRU,35.039043,21.066494
CCNCCC(C=O)C1C=CCC1CC,GRU,-17.335003,10.119328
N1=CC=CC2CNCCCOC3C1(C)NS=C32,GRU,27.032248,32.51338
CCl,GRU,-14.756952,44.84785
CCl,GRU,-14.756946,44.84781
CCl,GRU,-14.756965,44.847904
S1OC=C=NCCC1COC(O)NCCl,GRU,-4.009369,14.971821
C1NNCCO1,GRU,12.605946,44.094444
NOC=C(C1=C(N)CO)CCC1C,GRU,-11.728463,7.619506
COCC(O)=CNC[NH1]N=N,GRU,-29.71487,8.660437
CSCS=NNCOSC=CCC=O,GRU,-77.35075,24.007343
NC=CCCl,GRU,-28.204021,41.724865
C(CCCN)=C(CCC=C)CCl,GRU,-37.143307,43.976154
CN=CCC=C(C)CC=C,GRU,-49.029892,41.870728
CCCCCC=CCC=CCCC=CF,GRU,-70.21618,-7.6849537
CCCl,GRU,-49.56958,-21.508919
CCCl,GRU,-49.56888,-21.50771
CCCl,GRU,-49.569626,-21.508942
OC=O,GRU,-66.26939,37.10952
OC=O,GRU,-66.26935,37.1092
N=C(C)CCCCCCOO,GRU,-37.16772,5.7662773
CCCC=CC,GRU,-50.99654,26.47957
Cl,GRU,-15.279642,51.978203
Cl,GRU,-15.269679,51.583187
Cl,GRU,-15.253903,52.065075
C=1=C=C=1,GRU,-13.30695,50.959625
CNC=CCNC1=CC=C(C)C=CC(O2)C12,GRU,-6.7943535,40.059517
O1CN1S=O,GRU,15.647094,6.766007
NCCCCCSNC=N,GRU,-18.064629,31.81723
CN=C=O,GRU,-26.535738,58.408016
CF,GRU,-12.417497,45.00583
CF,GRU,-12.417119,45.00588
CF,GRU,-12.41728,45.00591
C=CC=NOCCl,GRU,-37.907936,56.01629
OCCCCCCNCCC1C(C)CC=CPCC2(C)CC1C2CC=O,GRU,-39.033047,28.660677
CCC(CC1C=O)NCC1CC=CC=O,GRU,1.2823883,-2.1655118
OOC(O)Cl,GRU,-21.697237,48.127773
C1CCCC1NC=C=CC=C,GRU,-8.410387,63.53047
C(CCN1C)N=C(C=O)C1=O,GRU,21.718513,9.50119
ONC=NOC=O,GRU,-66.51771,38.57482
CN=C(O)CCBr,GRU,-48.3915,7.412999
CC=CS=CF,GRU,-49.012196,32.162754
CCBr,GRU,-48.257244,-14.363557
CCBr,GRU,-48.25731,-14.362884
CNNCCC=CC1(C)C=C=C1C,GRU,-6.7249203,41.02505
C=CCC=O,GRU,-57.275295,47.76281
C=CCC=O,GRU,-57.27519,47.763588
C=CCC=O,GRU,-57.27514,47.763603
C(C)C=O,GRU,-74.98355,7.4469686
C(C)C=O,GRU,-74.9835,7.4475074
CCCCCCNCC=O,GRU,-77.51196,-16.229816
CSBr,GRU,-10.608057,43.664852
C(C)C(C)OCC=O,GRU,-73.71131,13.798886
CCN=O,GRU,-58.548412,-20.369247
CCCCN=NCC=CNCl,GRU,-64.10916,-21.079985
OOC=C=CCCC=C=CC,GRU,-45.06952,18.666801
OSC=CCl,GRU,-25.469307,46.73754
CCCCNOCCCC1=CC(CCCC)C1N,GRU,-68.26,-21.269447
CCC(C)=N,GRU,-47.913074,10.601079
CNCNC1CC1NCC=C,GRU,-3.118739,65.93264
C=CCOC(C)CC=O,GRU,-64.27737,17.697374
CC=CC(C)NC=C(CCCCCl)S,GRU,-37.421474,-0.8145943
OOC=O,GRU,-66.63742,37.988617
CCNCCC#C,GRU,-53.6132,-16.775585
NCCCCCCC=CCCC=O,GRU,-70.40251,50.149513
O1NC1CC=C=NN,GRU,-32.33849,47.787834
NCCCCCF,GRU,-20.101454,33.329613
N=C(C)C=C=CCN1N=CC=CN[NH1]1,GRU,-46.19473,18.328045
C1C=2C=C=CC=2OC1CC=CC,GRU,-32.50539,65.339294
C=C(C1)CC(CC=C1)=O,GRU,18.865833,0.8821112
C1C=CCCCCC1,GRU,24.166868,51.386997
CC1=CC(C)C1=C(C)Cl,GRU,28.551325,23.744722
SCCCC=O,GRU,-63.778076,47.691822
N=O,GRU,-19.43957,59.550133
N=O,GRU,-19.439423,59.550182
N=O,GRU,-19.439493,59.550224
NCCCNCCC(C)=CCOOOCC=C,GRU,-40.139652,16.295242
CCOCCCC(C)CCC(C)I,GRU,-38.295322,-20.226929
SC(N)CC=CC=CSCC=C=O,GRU,-33.65814,44.306355
OCC(ON=NCl)C=CCSS(C)O,GRU,-50.865807,-6.069336
OC#CCC=CCCC(C)CCCCCF,GRU,-44.01705,-1.9605232
CNCC=C1C(C)(C)C=C1,GRU,-6.652395,40.868015
NC(NC)OCCC=C=CF,GRU,-42.05306,7.885801
C1C(C)CC=C=C1S(C)CC,GRU,-6.912134,-7.4248915
NC1CNNCCC=C(C)CC1,GRU,35.638218,27.029318
C(C)CC=C1C=C1,GRU,-17.049885,-10.03119
CCC1COOC=C1C=O,GRU,-0.71946263,-2.7043405
CCPCS=CC=CCC=O,GRU,-73.8753,6.132627
C(OCCCCCl)NCC(O)NCCC,GRU,-69.52027,-24.523594
N(CC=CC)C(C)S(N(C)CCCNN=C)C,GRU,-54.974316,22.920958
CC=CC1CC=COC1CCCN=NOC,GRU,-6.2679815,33.065002
CCC=O,GRU,-74.98408,7.4460945
CCC=O,GRU,-74.98341,7.4469543
CCC=O,GRU,-74.9833,7.446777
N=CCC=CC=C(C)PNCC=C(C1)C=C1,GRU,-2.3813574,43.285515
COC#CCC#CC,GRU,-25.476849,4.9111447
OC(C)C=O,GRU,-70.52856,18.961086
OON(C(N)(C)CCC)OC,GRU,-42.622208,-22.887146
OOC=CN=C,GRU,-35.937103,55.86113
NCl,GRU,-19.495726,44.16919
NCl,GRU,-19.495714,44.16924
NCl,GRU,-19.49569,44.169285
CCNN1CC=CS(O)CC1N,GRU,-9.096174,-4.10737
COC=COC=CCNN,GRU,-35.135468,12.489474
N12C=C1NCCNCC2(C)CC=O,GRU,-0.56992584,-0.04876735
C1CCCCC(C)CNCCC1,GRU,0.46515927,17.201513
C1=C=C(C)NC=CC1,GRU,33.67613,21.579758
C(C)CC(C)(C)Cl,GRU,-42.81698,-24.867851
N=CCC=O,GRU,-63.150898,36.42368
N=CCC=O,GRU,-63.151054,36.423862
C(C)I,GRU,-48.371525,-15.794224
C(C)CC1C=C2C(CC1CC=C2C)N,GRU,-7.1301265,-8.460492
NC=CCl,GRU,-26.975811,44.98868
C=CCCC#CCC=C=C(C)CCC=O,GRU,-53.422264,42.927303
OCC=CCCCCNNC1C2NC=CC2CC1,GRU,-41.642296,29.72902
C=C=C=NC(N)CCCNCOI,GRU,-37.926903,17.34644
NN=CCCCC=O,GRU,-63.433994,49.95136
C=CCC(=SCC(C)=C1CC=C)CC1,GRU,3.3851712,65.02792
CCF,GRU,-48.426598,-17.656446
CCF,GRU,-48.427204,-17.656826
CCF,GRU,-48.42664,-17.656446
CCCCC(CC)C1=NCCCCOC(C)CC=N1,GRU,-11.952124,-15.283119
C1=CN(C)S2C1=C2,GRU,27.890976,7.3527937
NCC1=CC2(C)CC=C1C2,GRU,1.2682492,11.109555
C=CNC=CCCC=O,GRU,-57.597267,50.098534
CC=SCF,GRU,-49.176018,31.704903
C,GRU,-14.636792,51.128124
C,GRU,-14.488058,51.670437
C,GRU,-14.96937,50.97497
SN=O,GRU,-24.256983,60.466564
C1#CCN1CCOCC,GRU,-42.452007,-20.013355
S[NH1]CN1CC#CC=C1F,GRU,23.997234,44.856197
SCCC1C=C1C,GRU,30.83128,22.252789
CCOC(C)=O,GRU,-30.665665,-51.545612
NC(CSN[NH1]C1C(Cl)C)CC(C)C1,GRU,-1.4931952,12.68853
CC(C)CC1CCC=CS1CC(C)O,GRU,0.4075283,-12.399848
CCOCCCCCN1C=NC=CC1,GRU,-41.82872,-20.426863
C#N,GRU,-17.102797,52.556423
C#N,GRU,-17.102867,52.556786
N=CC=O,GRU,-65.41117,34.938065
N=CC=O,GRU,-65.41155,34.937805
N=CC=O,GRU,-65.41132,34.938206
C=C=C=CCl,GRU,-38.584103,51.43471
CC=C=C=NOCN,GRU,-30.729017,43.500557
CCCCOOC,GRU,-64.16107,-28.78799
CCC=S,GRU,-52.58671,-8.62767
C1N=NC=C1CNCCCC=NC=CN=C,GRU,-42.553383,27.285975
C1=CCCCCC1,GRU,24.166483,51.386578
CCCCCCCCC=CCCC=NCF,GRU,-69.70385,-8.649245
OC=CC(O)C(F)CCCC1=C=C1,GRU,-14.719407,33.672245
CCC=C,GRU,-46.373013,46.52801
NCCC(NCCC=C=CC)N=C,GRU,-38.098114,19.174368
CC=C(C)C=CF,GRU,-48.377987,35.923126
OCCC=NC,GRU,-50.028885,20.561035
C=1S=C=1,GRU,18.671394,55.025867
CCCCC(CC=C=C)(N)C1=CC=COC1COOC,GRU,-10.506377,-10.063017
C(C)CCCCC=O,GRU,-76.42144,-6.1846824
C1CNC(C)=CNC=C1CCC,GRU,-4.9894934,-7.2861047
CC=CCCCCC(C)=CC(O)CC(CS=CC)Cl,GRU,-52.77653,25.502254
C(C)COC=O,GRU,-78.8409,10.271222
C1N2NCC1C=COC2O,GRU,23.55791,34.691833
C1CC(N)C1C,GRU,3.6400568,21.156662
CNCOC1CC(C)CC1CC=O,GRU,-74.79403,27.455889
CC=O,GRU,-67.67568,30.490122
CC=O,GRU,-67.84749,30.772951
CC=O,GRU,-67.67584,30.490717
CCCCCOCCF,GRU,-66.68065,-27.880777
C(C)C1=NCCC=C1N=O,GRU,-2.8101506,-9.625324
C1CNC1=O,GRU,17.232883,3.83068
OCCC=C,GRU,-44.70754,56.122833
C=CNCOC=O,GRU,-56.13721,49.959206
C1C=C1NCC=NC,GRU,-3.040626,39.8815
COC(CC=O)C=C,GRU,-64.71759,18.204884
C#CC=CCC=CCC(C)CONN=S,GRU,-48.3034,-0.05022541
C(=C)C(CCC)CC=CC=CCBr,GRU,-58.37706,11.434931
CCCOCCNP,GRU,-55.576305,-18.957933
CNCOCOCCNCl,GRU,-30.000278,12.409526
CN=O,GRU,-26.152275,58.945354
CN=O,GRU,-26.152534,58.94541
CN=O,GRU,-26.152487,58.945408
CNCN=O,GRU,-30.287199,18.880527
OCCS(CSCCC)#N,GRU,-46.201103,-10.987932
CCOCCN=C=NO,GRU,-43.202713,-17.657328
CCOC=CNCNC#CC=NCC=C=O,GRU,-70.51323,2.6359777
CSN(N)COCN=CCCC1SCCNCSC1,GRU,-1.2631868,37.43326
CCC=CCC=O,GRU,-73.95579,6.2670574
C#C[NH1]OOC,GRU,-24.67285,6.4781694
NCNCC=CC=CC(C)C(O1)C1,GRU,-41.410698,4.613856
CCNOCNC=CCC=C(C)CCNS=N,GRU,-43.35419,13.950655
C1CCC=C=CC1,GRU,24.731976,50.95335
CCNOC1=C(C2)NOC1C2,GRU,-4.321193,-2.1787064
NCCC=O,GRU,-71.0817,48.528904
NCCC=O,GRU,-71.08173,48.528923
C(NCCC)=O,GRU,-75.919685,3.852397
OCCCCCF,GRU,-28.324387,30.425451
CC(OC)OCl,GRU,-30.24992,-7.462182
CN1C=COC#C1,GRU,13.373268,31.640265
N1C=C(C)CCC2C=CN=NCS1NC=CO2,GRU,31.372604,29.37631
CN(N)NC(C)CC,GRU,-31.747524,-13.5766115
C1=C=C(C)O1,GRU,34.477467,20.242025
OCCCCl,GRU,-33.042015,26.5873
NCCC=CCC=O,GRU,-70.21963,48.215435
OC=CCNN(C)CCCC,GRU,-62.38927,-18.458986
OCCC(C)C(CNCN)CNC1CNCCCC1OC,GRU,-3.9932976,8.761356
C1(Cl)CCCC=CC#C1,GRU,28.071667,51.68188
CCNC1C(=C)C(C)=C1O,GRU,-3.8713455,-12.323612
C1C(=O)C1CC=C(C=2)C=2,GRU,3.3448863,-0.3081393
CCN=CCC=C=C=C(O)CC1=CC1,GRU,-2.234209,40.52414
CC1(CNC=O)CC1,GRU,-72.045204,24.914522
C=CCC[NH1]CF,GRU,-51.13618,52.744835
CCCCCCCS=O,GRU,-60.08175,-29.197508
C=C=NC=C=C,GRU,-34.832115,54.014637
C1OC(N)CNC(C)C1N,GRU,3.1156673,25.811354
C=C(C)CO,GRU,-48.606155,12.418721
C=CC(CCCC1S(C)=CCC1NO)C=CNCCl,GRU,-1.9462249,66.43613
CCCCF,GRU,-56.333527,-29.4332
CCCCF,GRU,-56.333027,-29.432457
CCCCF,GRU,-56.332428,-29.434334
CC=C=COC,GRU,-23.530125,7.462473
CCNCONC(OCCCl)CC1=C=C1,GRU,-53.11874,-20.143068
CNCCCC,GRU,-73.18226,-22.02874
COCC(O1)C=CC=CCC=C(C)C1=[NH2+1],GRU,19.098125,24.811453
CCC=CCCC=CC=C=CC=CCC#C,GRU,-62.51452,0.06564126
CC=CC=NOCCC=CCC1=C=C(C)NN1CC2=CS2,GRU,-46.1432,31.080837
C1CCCCCN(Br)C=C1,GRU,24.859756,52.48666
C1CC1=CNC,GRU,-1.0619694,46.972607
COC(SCCOC(N)CCCN)CCCCCON=O,GRU,-35.05946,-20.901325
CCC(C)CN=O,GRU,-38.64407,-11.656627
CCOC=N,GRU,-53.81467,-8.295026
CCNCNC1=C=CSC=NOC=CC=C1[Si],GRU,14.815405,-8.792637
OCCC=CC,GRU,-49.323574,22.903542
C=C(C)CI,GRU,-48.68414,12.210571
N=CCC=CCCC=O,GRU,-65.30787,47.86656
C=CCCC=CBr,GRU,-48.2969,52.02689
CN=CC1=CCCC=C1O,GRU,-0.709188,41.804955
NCCC1=C(C)NNC1,GRU,26.88226,-2.686293
CCCCCCCC=O,GRU,-76.96119,-5.8607416
CNCC(O)C=C,GRU,-61.859325,16.148111
OC(C)CCN(O)OCCC=N,GRU,-41.751965,-2.031175
NCCNCCS=O,GRU,-19.481314,28.824444
COCCCOCCC=CNC=CCCC,GRU,-62.22922,-8.407553
NNNOONCC=CCOOCCCCC=C(C1)C1,GRU,-38.680904,39.66508
C1=CC(C)O1,GRU,18.932745,29.936714
CCCC(C)C(N)C1OC1=CO,GRU,-35.58341,-13.609388
C#CCl,GRU,-19.196611,52.891747
N=NCOCC1CCC=CC1CC,GRU,-9.758396,-8.258235
CCOCCC=CI,GRU,-59.973927,-8.145688
C#CCC,GRU,-50.96077,-13.397973
C1=CC=C(C)NOCSSC=N1,GRU,36.303154,19.723738
C=CN=CC=CCCCCOC,GRU,-31.238049,5.206228
NNNC,GRU,-28.033072,17.630564
C12CC=CC1C2COC,GRU,18.407917,25.30123
O1NCNON=CC=C1O,GRU,26.414022,18.864021
OCC(C)=C,GRU,-48.606117,12.418923
C1C2(C(C)C3CC2CC)C3CCCC1(NC)CCCCl,GRU,-3.5160763,3.6498885
C=CC#N,GRU,-37.52302,52.36816
C1CC=CCSCCC1,GRU,23.071758,52.335274
CCC=CC(C)=O,GRU,-24.086468,-43.269802
CSCCNC(C1)C=C[NH1]C1CC=C,GRU,-1.5671997,64.53505
ONCOC(C)NC#N,GRU,-34.86683,-6.3215365
CCOC=CCC=CCC=NNN(C)C1S=C1,GRU,-57.99763,-5.3972974
C1N(N)SCCCCCC1C,GRU,3.576937,18.9042
C=C,GRU,-16.866108,54.757313
C=C,GRU,-16.86597,54.757046
C=C,GRU,-16.866064,54.757214
C=C(S)C=C,GRU,-40.627052,54.72963
CC1N=C1C,GRU,30.773941,20.494474
NC=NC#CN(C)N=CCCNCCC,GRU,-68.494606,-0.38071486
CNC1CC2=C=C=C=C=C2CS1,GRU,-2.5220766,20.016588
NCC(C)CCC=CC(C)C(C=O)NCC=O,GRU,-73.75332,17.871435
CCCC=C(O)CN(C)OONCC=O,GRU,-80.85396,7.1209908
NCSCC=O,GRU,-72.35916,46.405197
CC=C=C=CCI,GRU,-51.050175,32.886784
C(O)CC1(C)CC=NC1CCNC,GRU,-0.043358833,3.6075451
C=CC(C)(Br)CF,GRU,-43.35288,46.22844
COCCC(C)C=O,GRU,-77.3861,18.240683
ONONCC1C=C=CON=C1OC,GRU,17.881155,-7.977033
OOC(OCC)CNOO,GRU,-42.50973,-15.595521
NBr,GRU,-14.774885,49.320766
CC(N)OOCCBr,GRU,-35.776432,-16.263588
C(=N)C(C)C=C=C(C)N,GRU,-55.14761,17.486416
CC=CCC=COC(C)NBr,GRU,-54.827747,23.95393
C(CC1=CC(=C)CC1)CC=CO,GRU,-4.0317426,45.19515
N1CCCC1CCC#C,GRU,8.934661,29.175465
CCCC(NC)=O,GRU,-21.234135,-42.046307
NCCCCCCNC(N)C,GRU,-35.425198,2.6177475
CCCC=O,GRU,-76.70583,-1.8186282
CCCC=O,GRU,-76.7056,-1.8184125
CCCC=O,GRU,-76.70581,-1.8185663
C(CI)CCC=CC=CC(N)CC,GRU,-65.609695,-3.816165
CNCCOCNNCCNC=NC=O,GRU,-79.381775,25.112833
OCCNC=C=CN1C=NC=C1,GRU,-36.562157,33.291046
C(C)C,GRU,-48.115723,-15.790414
C1CC=2C=C1CC=C=2,GRU,25.828531,45.33298
C=CBr,GRU,-40.482838,52.7661
C1COCC2=C(C=O)C2N3CCOOC3C=S=C1,GRU,12.106313,55.513046
CNC1C=CCC=C1,GRU,20.871637,28.558306
C1C2CCCC=CC21[N+1],GRU,27.381735,52.29106
CS1C(C=C=C=C1C=C)Cl,GRU,0.23377095,61.19713
O1CC(C)(N(C)CC1)C(N2Cl)CCOOC2,GRU,7.7147017,32.667366
CC=CNC(C)Cl,GRU,-44.498165,3.8844874
CCNCCCCC=O,GRU,-77.678444,1.824289
CCC,GRU,-48.111755,-15.804989
CCC,GRU,-48.111946,-15.797533
CCC,GRU,-48.115276,-15.793678
CNF,GRU,-28.250212,17.16227
C=CC=NCC=O,GRU,-59.337578,48.4278
OCCNCNC=O,GRU,-37.84686,30.347977
NCC(C)CCC1=C=CC=CCC=C1CCCOCNNC=O,GRU,-62.137135,8.781098
C=C=CCCl,GRU,-28.188734,50.188137
CCCCC[NH1]C#CCN=O,GRU,-61.31027,-21.39994
C1#CCC1,GRU,4.6282353,48.083946
COC=CBr,GRU,-22.983261,6.706302
CC=CCCC=O,GRU,-58.46573,29.397543
CCCNNCC=CNS,GRU,-60.326187,-4.4821005
CC1C=CC2=CC1=NNCC2=CC3N=CNCC(C)C=C3NCOC,GRU,21.34791,25.677832
CC=C(C)C=NC,GRU,-47.65313,35.827465
CCN(C)OC=O,GRU,-80.71555,9.002511
CCNCC(C)NC(CC)CCCC=C,GRU,-63.304832,13.003136
OOBr,GRU,-10.709902,54.09773
C1OCC=CC=CC=C1CCC=O,GRU,10.98439,56.49686
OCCCl,GRU,-32.21831,27.131863
CC=CCCC(N1)O1,GRU,-47.69489,26.608986
COC=O,GRU,-68.61058,27.132294
COC=O,GRU,-68.61101,27.132137
COC=O,GRU,-68.61102,27.132124
NCC=NSCC=C=CCCCONI,GRU,-39.336937,41.168816
OC=CC1CCCCC(O1)(C)C=CBr,GRU,2.4769056,8.423395
CCCC=NNCl,GRU,-66.52618,-0.835344
CCCNCCC,GRU,-53.895927,-17.45779
C1(C)C2OCC(C)C12Cl,GRU,1.9189625,25.763922
C=CN=CC1CCCCC1C#C,GRU,-8.434151,63.527534
NCC=CCBr,GRU,-32.559628,41.11139
C=COC=CCOCOC=CC,GRU,-46.275967,49.6121
CCCN(C)C=O,GRU,-81.05315,8.70756
CCCC1CCC(SC=C1OOON)=N,GRU,-8.324263,-9.396195
C(C)=C,GRU,-41.82566,49.27874
C(C)=C,GRU,-41.826588,49.278614
CCNC=C(C)Br,GRU,-46.14733,12.223149
CC=CCC=CCCOCCCOCSC(S)(N)CN=O,GRU,-55.365826,29.663183
NC=O,GRU,-68.73736,37.45691
C(C)=C1CC(S)OC1S,GRU,2.1529517,26.943117
C1C=CC=COC=C1,GRU,16.923311,48.435337
OCCCC=C(Br)OC=CN(N)CCCC(C)(C)Cl,GRU,-25.462637,-7.865359
C=C=CCC=CCC=CI,GRU,-38.375698,47.257816
NN=CCCCCCCCCSC(C=CCl)F,GRU,-28.95087,45.564877
CCN(C)CCC=C(N)NF,GRU,-53.554615,5.332642
C1NNON=C1O,GRU,26.149601,18.655432
CC(C)NC=CCC=CC,GRU,-54.76573,23.886688
NCCCCC=C(N)CC=O,GRU,-70.212456,49.450523
C1CC1CC=S,GRU,-7.889428,19.613491
CCCC=CC=CCC=CCNO,GRU,-62.07032,-3.0480227
OCCCC(C)C=C(C)C1C(C)(N)C(=C)C1CO,GRU,-56.705864,13.324579
CCNCCCCS=CI,GRU,-74.308075,2.3318777
CCNCCCONC=CCl,GRU,-61.062756,-12.67641
C1CNCC1,GRU,11.37216,40.16927
CCOC(C=CCNC)C=O,GRU,-77.76427,6.8193383
C=CCSCC(C1)CCCPN1,GRU,-4.848375,63.40617
CC1C=C(C)OCCCC1,GRU,33.428234,31.904867
CC=CC=O,GRU,-68.33106,30.275507
CC=CC=O,GRU,-68.33163,30.276289
OCC=C=NCC(C)CCC(N)=C1CC=CCC1C=[NH1],GRU,-15.096609,8.606651
CC,GRU,-12.96274,43.169594
CC,GRU,-12.813625,43.426495
CC,GRU,-12.81984,43.42154
CCC=C1NC(CC)C(CC2=C1OCCC2CCC=O)=C=C,GRU,0.04018459,-2.731598
OCCC(CCC=C)N(N=1)C=1,GRU,-44.535454,57.129726
C1C=CCCNOCCC1C,GRU,21.96402,31.76162
C(=C)NCCSC(C)ON,GRU,-60.727345,16.980574
OCCC(C)CC=C,GRU,-56.682354,13.915955
OC(C)CCC,GRU,-36.686054,-12.7575445
CCCCI,GRU,-58.10096,-27.559555
C(C)CCC(C=CC)Cl,GRU,-52.927715,-29.815477
C(C)CCC(CCCC)=CCNCC=O,GRU,-77.47617,-13.166562
C1CCCNCNC=COCC(=O)C1=CCC#C,GRU,17.192179,5.061292
N1C(C)C=C(C)C1(C)CCCC=C,GRU,2.625561,66.357666
N(C)OC=SOC=CNCOC=N,GRU,-33.39972,13.092431
CNC(O)CI,GRU,-36.877514,-4.210135
C=C=C=C(C)CNCC(C)=C(N)CCl,GRU,-40.227764,15.510329
O=CCCNC#C,GRU,-59.04449,39.927807
NC(O)=O,GRU,-12.374042,-39.952168
C=NCC=O,GRU,-59.417812,47.6811
NCCCCl,GRU,-22.063805,38.08999
NCCCCl,GRU,-22.064272,38.089836
ONOCNCC1CC2CN=SC2C=CC=C=C1C[NH1]C,GRU,17.796732,-7.954808
C1COC(O)CNNC2CCC=C1CC2,GRU,24.18289,34.25367
C#C,GRU,-16.175348,51.408825
C#C,GRU,-16.174091,51.39154
C#C,GRU,-16.172632,51.363724
CC=1CC(C)=SCCCCNN2C=1CON2,GRU,11.761549,36.168385
CC1=C(C)CC=C(C)NC1,GRU,33.826576,21.4227
C1CCCNC1=NO,GRU,8.679304,41.620857
N=NOCCOCCC(C)SCCCC(C)C,GRU,-36.168667,-19.22196
CCCCC=C(C)CNC(C)Cl,GRU,-73.95164,-28.088747
C1=CCC(C)[NH1]OCC1,GRU,20.859375,31.502241
CCC(C)=O,GRU,-23.074335,-42.158348
CCC(C)=O,GRU,-23.073954,-42.15799
COC=CC#C,GRU,-23.705484,7.4761972
C1=C=C=C1C=CCN=C(N)C=N,GRU,-31.444906,36.778408
OCCCC=NCC1CCN(C)C1CO,GRU,-11.653061,11.064839
CCCCSOCCC=CC(=O)OCOC,GRU,-71.63998,-36.039448
CC1NCNC=CCNC=CC=C1,GRU,21.433182,30.445957
CCOCl,GRU,-46.203114,-20.28082
C1CCCC=C1OC2CC=NS=C2,GRU,27.249619,48.30751
OOCCCCCOC1CCCCC[NH1]1,GRU,2.6364,16.053171
OOCCCCCOCl,GRU,-31.33522,24.34271
C1CNC#C1,GRU,12.597518,39.676785
C=NCOCCNC=O,GRU,-79.78796,25.711943
CNC=CCl,GRU,-30.946823,16.867506
C1CCCCC1,GRU,6.386025,48.403183
C1CCCCC1,GRU,6.3856416,48.404495
CCON(C)CF,GRU,-45.79092,-23.210148
C1CCC1=C,GRU,7.9695263,50.198643
CCC(Cl)NCC=O,GRU,-73.08959,8.883076
C=COCNCCCCCNC=C,GRU,-54.249683,54.31962
CCCCOCCCC=C(CCNC)COC=O,GRU,-81.35438,1.3752629
C=C(OC(OCCC)NCCO)COC,GRU,-41.313904,-9.853865
NCC=CBr,GRU,-32.564762,41.153786
CCOC=CCNOCNCCSCNN=O,GRU,-79.99602,4.313057
CCC(C)CCNCCC=CCS=NCCCOCCN1C=C1,GRU,-60.194447,7.725424
C123CCN=C1C2OCC=C3,GRU,27.634474,34.27967
CC=C(CCC1O)CCCCC(C)CCON1,GRU,-0.765811,21.95233
N=C(C)CN,GRU,-24.090115,24.536945
CNCCCC1=C(S)C=C1CC=O,GRU,-76.04238,28.596813
CC=CC1CCC(C)C=NNCCCN(CC1)C,GRU,16.071785,16.452402
C(C=C1CCCNNC=O)C=C1,GRU,10.679149,61.24372
CN(OCPC(OCOC)C=O)CC=C,GRU,-64.87529,18.399658
CCC#CC,GRU,-50.526814,-13.617785
CCCCC=O,GRU,-76.59864,-4.8018436
CCCCC=O,GRU,-76.62512,-4.8030763
CCCCC=O,GRU,-76.59864,-4.8018436
O1COC=CC=C1F,GRU,15.719971,50.011814
C1CCS(N)=C(OO)C=C1NC=O,GRU,12.404035,61.357834
COOC(C)(C)CN(CC)I,GRU,-43.02935,-22.539688
N=C=NCCCS1(N)CCCCCC1,GRU,5.3841043,50.90984
S(O)=NOOCN,GRU,-23.735344,34.238712
N=CCCCCCC(C)CN=CC,GRU,-44.72598,-2.5224266
OPCCl,GRU,-24.285072,43.97764
CCC=C(C)CCl,GRU,-44.190784,11.177844
CCCCNOCC,GRU,-67.797356,-20.75094
OCCN=CNCOOCC,GRU,-55.62469,5.263952
CCCCC=CCCC=O,GRU,-75.37557,-4.7151113
CNCCC(C)CC,GRU,-38.58987,-8.108362
OC=CC(C(C)CCCCNC)CCC=O,GRU,-67.96465,14.284846
C=CCC=CC,GRU,-46.94789,48.304348
C12C=C=CCC1CC2,GRU,17.325891,30.883064
C=C=CCC=CCOCC1(C)CC=NC=C1C,GRU,-1.4453349,58.11912
OCN=C(C1)C1,GRU,-30.187151,32.73256
C=C=CC1=CC=C(C)C=C1O,GRU,40.04774,-8.9825945
CC1C(C)C=N1,GRU,18.45298,29.243628
CCOONF,GRU,-45.796528,-17.980417
CCCCC,GRU,-58.05253,-27.540588
CCCCC,GRU,-58.052715,-27.539892
N1CN=C1,GRU,19.553118,41.017864
C=CCl,GRU,-39.633945,51.693985
C=CCl,GRU,-39.633945,51.693985
C=CCl,GRU,-39.633945,51.693985
CSNC1CC(C)OC1=O,GRU,10.147878,4.6435494
O1COC1,GRU,11.106486,46.977295
COC(C)(C)CC1CNCOC1Cl,GRU,5.2613587,31.021479
C1=C(Cl)OCCCC(C)N=CC1,GRU,31.883614,33.15849
CC(C)C=C(C)CNCl,GRU,-41.631588,1.593276
I,GRU,-14.59897,52.007957
I,GRU,-14.598091,52.01181
N12C=C=C1C2,GRU,24.87322,44.726295
CCCCC(C)CC[NH1]CCCCN1CCCCN1CNNOSI,GRU,-73.96475,-25.013138
C1N(O)C1Br,GRU,8.051155,23.6696
CCC=CNC(N)C#C,GRU,-58.56876,0.39066607
C=CC=C1C=CSCC(O)CNCC1[NH1]CCC=O,GRU,-14.360607,21.720417
NCCN=CC,GRU,-30.559277,43.353527
CCCN,GRU,-45.6951,-14.866255
CC(C)COCN=C,GRU,-43.30702,-4.929146
CCNC(C)C(C)=C=NC=C(OCCC)N,GRU,-60.183887,-15.279277
C=CC=O,GRU,-56.878735,45.752914
C=CC=O,GRU,-56.87834,45.753227
C=CC=O,GRU,-56.879047,45.75302
CCOCCC[NH1]C=C(O)CNNN=CO,GRU,-57.42702,6.932333
CC(C)CNC(OC=CC)N,GRU,-42.61933,5.061975
CCN=CSC(O)COOCCCC,GRU,-66.896904,-11.451568
C1OCC=C1C=CC#C,GRU,13.75701,50.878365
NCNN=CCC=C(C)C#C,GRU,-44.810524,16.59592
OC=C(C)CBr,GRU,-46.00527,10.9122305
C=CCCCC=CC=O,GRU,-51.839848,50.239326
OCOC=O,GRU,-66.08434,41.518948
C=CCF,GRU,-42.950527,52.5514
C=CCF,GRU,-42.950527,52.5514
CCCN(C=CCCNCCC1CC2)CCC1CC2N,GRU,-11.813642,-2.793291
CC=C=CCCCNNC=C,GRU,-51.11553,54.737556
CCCC(CC=O)C(N)NN1C=NC=CCCC#C1,GRU,-73.1454,10.255801
ONCCNC(NC)CCF,GRU,-36.44232,-4.1958685
N(C)CCCCC(C)=CCCCC(C)CCC,GRU,-73.97351,-28.127409
CCOC(CCC(C)CCC)OONCCCCCON=N,GRU,-36.74278,-19.268301
CCC=CCCCCC,GRU,-70.25252,-7.2600765
SCC=C(O)C=C(C=N)CCCl,GRU,-24.938236,44.213898
CC(=C)C=NC=O,GRU,-64.58669,27.364904
NCCCC=C(C)C(N)C1CCOCCC(C)N1,GRU,-10.627741,29.161087
CCCCCOF,GRU,-65.271454,-28.777582
CCCCCOF,GRU,-65.27167,-28.77764
CCCC(C)CC1(CCCC2)SCCC=C12,GRU,-5.206573,-14.7410965
CC1C2(CS)N1CCO2,GRU,2.7440941,28.974777
CN=CCCOCCNC(C)N1CCC=C=C1,GRU,-59.988125,7.7941403
CNCOCCOCCC=O,GRU,-81.79718,24.300652
CC=C=NCOCNCC(OC1C)COCNCOC1,GRU,-4.1200805,32.63
NS=O,GRU,-17.280241,61.277924
CONCC=O,GRU,-78.57558,22.15611
C1[NH1]OC=CON=C1,GRU,18.299242,42.811356
C#CC(C)=O,GRU,-26.034771,-37.811443
CN=CCON(C)SCC1P(C)C(OC=CCC)CC1Cl,GRU,-57.98551,-5.3844457
ONCC=CCCC,GRU,-62.007072,-3.1139255
CSC(CCC=C(C)C=C)OCC=O,GRU,-65.27563,21.246347
CCOCCOO,GRU,-43.28651,-18.208971
C1NCC1O,GRU,6.829991,26.573336
OCCCOC(C)N=O,GRU,-27.475325,-3.8189948
C(C=CC)CCCCC=O,GRU,-58.84618,29.372355
C1CN(S)CNCC1C#N,GRU,8.646918,29.558884
CCCC#CONOCl,GRU,-54.51301,-19.771358
N1CNCCCCCCC1(OCCC=C)NOO,GRU,-49.06252,58.36251
NCCCCC(O)C=O,GRU,-74.221344,49.991306
C1CN=C1,GRU,23.985487,49.31016
CCCCC=C=CNCNCCF,GRU,-73.819275,-16.344475
C(=C)CCNC(N(O)CCCCCCCC)C=CCOCCCC=O,GRU,-80.67097,1.6810043
NCBr,GRU,-21.230345,35.972668
NCBr,GRU,-21.230486,35.972473
NCC=NCCN1CC1[O-1],GRU,-8.150317,17.580698
N=C=CCC(C)CN=C=O,GRU,-46.394737,-3.3140152
CCCONCCC=O,GRU,-79.67934,3.01092
CCNC=C(C)C(O)CC[NH1],GRU,-46.12532,12.630113
C[NH1]CCCN=CC#C,GRU,-33.719185,19.174799
CCSC=C=NC(C)(CCN=C)OC,GRU,-31.337318,9.458496
C(N)C=CCC=O,GRU,-70.558495,47.393406
ONCO,GRU,-32.913227,29.453678
CC[NH1]CCC,GRU,-53.86879,-17.455906
O=C=NC=C=O,GRU,-24.710194,57.60065
C1CC(C)COCSCC=C=C1C(C)Cl,GRU,32.585854,33.64461
C1CC1,GRU,6.385157,48.404194
C1CC1,GRU,6.3857956,48.401714
NF,GRU,-12.976556,48.36144
NF,GRU,-12.976128,48.362167
C(=C=C=CC)[NH1]C(C)=O,GRU,-24.95271,-37.059383
CCN(C)CC(CNCCl)(C)S,GRU,-47.597057,-24.327477
C1CCC=CCSC12CCCC=C2C,GRU,35.044514,24.474602
NC(O)C(C=C)N=C(C)CC=O,GRU,-66.285194,21.9773
CC(C)C(C)NCC=C,GRU,-60.457565,15.980882
OC=C=CCNCCC=C=O,GRU,-59.809315,39.35248
CCCCCCC=C=C=O,GRU,-73.44742,-7.4440646
C1C=C(N)C=CC1(C2)O2,GRU,14.873268,48.9724
C1=COC=C1C=CC,GRU,46.99311,17.277988
OOCCNC(O)C,GRU,-35.826626,-5.1261196
C1=CNN=C1CC(C)Cl,GRU,27.937506,-9.168038
SCCl,GRU,-23.54932,43.47581
NNCl,GRU,-18.798405,43.92527
C=CC(C=COC(C)CCOCC)C1C=C1O,GRU,-53.85418,-5.1828556
NNCC1=CC1,GRU,-0.0117570385,-8.046926
C1CCCC1=C,GRU,7.9444003,50.21449
CCNCC=O,GRU,-76.05845,6.130237
CCNCC=O,GRU,-76.05911,6.130467
CCCO[NH1]OC=CCCCl,GRU,-61.10754,-7.1037846
C=CC1CCCC=CCC#CN1,GRU,-1.5174795,62.32365
OCC=C,GRU,-43.9727,55.989502
C(C)NC(F)ON=CC=C=CC,GRU,-48.854614,-0.21499132
CN=NCCCCC=CC=C=CSC=C=O,GRU,-53.799942,33.27996
CCONCC=CCF,GRU,-57.20813,-11.952372
SCCCC(N)CC(C)=CC=CCC1C=C=CNCP1,GRU,2.219073,36.759712
OCON=O,GRU,-29.095486,26.98697
CC=NNCCC1=CCCS=C1,GRU,-3.3855329,40.180916
[O+1]C12CC1OC=C2CCC#C,GRU,13.495182,51.238613
CCCOCl,GRU,-45.149857,-20.305845
COCCCCC(C)CC1=CCN=C1,GRU,-29.80015,-4.6506486
C=C=O,GRU,-19.518675,56.686283
C=C=O,GRU,-19.519026,56.68632
C=C=O,GRU,-19.518679,56.6863
CCNCCC(O)C1CCCC2COCC12CC=C,GRU,-63.9717,15.168419
S=CCC=CCCC=O,GRU,-65.4032,47.80965
CSCC=C1C=C1N,GRU,25.061502,-3.2318418
C(C)C(C)CCNOC,GRU,-38.984314,-9.0113
NC=C=CC(C)(C)NCC=CCCCC,GRU,-69.00615,-6.890996
C=CCC(C)=C(C)CCC,GRU,-50.515736,13.249395
C1CO1,GRU,11.363156,47.02589
C1CO1,GRU,11.36321,47.025936
NCC=C=C(C=CCC)C#C,GRU,-58.898003,1.2135825
CCCCCCC=C,GRU,-71.49607,-12.357901
C#CCN(C)C=CC=C=CN=C(CC)N,GRU,-58.9861,2.0028143
CCCC#N,GRU,-51.915977,-13.375983
CCCC#N,GRU,-51.915977,-13.375983
C1CSON=C1C#C,GRU,12.236413,50.809532
CCCCCC=O,GRU,-76.266754,-5.3997016
CCCCCC=O,GRU,-76.82025,-5.359663
CCCCCC=O,GRU,-76.266014,-5.4012284
CCOCCC=O,GRU,-82.9866,14.947106
CCOCCC=O,GRU,-82.9866,14.947106
C#CNC=CC=O,GRU,-63.56007,33.355606
CCCCCCNC=CC,GRU,-75.30765,-17.862652
CCCOC#CC=C=C(CC[SH1])SC,GRU,-55.84624,-9.632953
N1COCNC1CCCCCCNC2=C=C2C,GRU,-17.868437,23.410152
OCCCC=CCCC=O,GRU,-63.50514,44.708973
C1C#C[NH1]CCC=CC1,GRU,21.011875,42.786697
CPCCCSCCN(OC=NC)C,GRU,-30.946268,-25.976599
NCCC=C(OCSC)CCON(C)N,GRU,-23.090014,-8.761478
N(C)=CF,GRU,-46.555504,34.44875
C1=CCC(CCCl)N(N)ON1,GRU,17.104113,34.93516
C1NC1,GRU,12.26771,39.692554
C1NC1,GRU,12.267489,39.69258
CCCCOCCCNC#C,GRU,-66.82088,-24.436663
COOOCCCCCC=C=CF,GRU,-29.862041,5.2821164
C=CCCCCOCCC1S(C)N=NC1C=C(N2)C2C3NCC[NH1]C3OC,GRU,2.6029818,67.410034
C12(C)CCC1OC2=C,GRU,4.3750744,7.729781
N1CCCCN1CCCC,GRU,-21.925236,-20.03792
C1(CC=S2CNSC1)C2,GRU,17.848408,37.795784
F,GRU,-13.83144,52.598442
F,GRU,-13.687748,52.269165
F,GRU,-13.676065,52.219517
CNCCCC(O)=NCBr,GRU,-26.239979,14.050839
CC(CC=CF)COC1(C)C(C)CCC1O,GRU,-2.332126,6.9106703
C=CCCCOC(C)CCC=CC=COF,GRU,-60.66645,11.874593
CC(C1C)O1,GRU,1.4730711,26.410316
CC(C)(C)OCC,GRU,-43.10054,-22.155796
CCC(COCC=C=CCCC=C)(C)CCC1=CC1,GRU,-3.7304075,59.17672
CNC=O,GRU,-71.691895,29.423891
CNC=O,GRU,-71.6918,29.423882
CNC=O,GRU,-71.691895,29.423891
C=NP=NO,GRU,-30.487324,54.517006
CNC(C)=O,GRU,-24.168976,-37.53426
CI,GRU,-12.472964,43.212383
CI,GRU,-12.477083,43.192852
CI,GRU,-12.599019,42.992542
C(N)=CCCCN1CCOC1,GRU,4.0622787,41.234264
C[NH1]NC(C)C=CC,GRU,-44.27563,4.2315803
C1C2C=C(O)CC1(C)CN2C,GRU,6.5578403,8.878399
COCCCC(N)(C=CCCC=C)CCO,GRU,-32.01431,4.9472694
CCC=CC=NCNC=O,GRU,-71.78651,1.6474801
CC(C1)CC2CNC=C=C12,GRU,24.692429,29.56996
CC=CC(CC=C1CC(N)C=C)=N1,GRU,4.990383,62.87765
C12CC1C=CS=CC2C,GRU,17.37257,29.117212
CCCNC=C=CNC(Cl)CCCC,GRU,-71.9981,-24.144993
CNC(C1)OCNCC=C1,GRU,18.833864,32.545853
C1CCC=CCSC1,GRU,23.016806,52.35829
C1COC1,GRU,11.770414,47.565445
CCSCCC=C(CCCl)C=CN,GRU,-45.33068,7.456969
CCN1OP(=C2)SC2CC1C,GRU,-10.250549,-3.6657097
CCCOC1CCCCC1CCCC=CC2SCC=C=C=N2,GRU,-69.4124,-4.3743057
C=CC=CC=NC=C=CCCC=C(N)C,GRU,-50.669453,15.377592
C12COCC1(OOOCC=C2)I,GRU,16.11808,47.40634
C1C=CC=CC(C)C1(CCCC)CCl,GRU,-11.807411,-12.581925
C(C)#C,GRU,-21.66678,53.002438
C(C)#C,GRU,-21.666687,53.00256
N=C=CCCCCC(C)C,GRU,-44.253483,-2.2478123
C1(C)CCC=C=C1OO,GRU,27.46678,25.81252
CC(CNC=C1)C=COCCC1(CNCCN=C=CC2=C=N[NH1]3)C3CC=C2,GRU,26.986246,32.49131
OOCCCCN(C)C=O,GRU,-82.942444,10.971692
N(C)CCl,GRU,-29.354782,14.959806
C=CC(C=CCC=O)C1OCCC=C1O,GRU,10.273047,56.753937
CC=C1C=C=CCC=C1CO,GRU,-1.9402547,43.552593
OC=SN=CNCC=O,GRU,-64.53413,39.593067
CCCCC=C=COC,GRU,-66.285934,-13.814651
C1CC=CCC1CC=O,GRU,-16.243961,10.94779
N1CC=CCC1CCCCCCNC=O,GRU,-14.976484,21.582518
CCC=CC(C)(C1)CNC(CC1)CCCC=C=CC,GRU,-45.028915,25.261665
CCCNOCCN=O,GRU,-60.33598,-20.089123
N1OCCCCSC1(N)N,GRU,11.334364,44.55955
CSCC=O,GRU,-70.05086,34.93017
O1C=C1CCCN,GRU,-18.991608,34.185333
CCC=CC(C)=NNCONC=C=C1CC1,GRU,-45.64235,14.328985
O=COC=NC,GRU,-68.53616,28.142002
C1C(C)N[NH1]CC1OCCCCl,GRU,-18.011091,20.9703
C1(NCCO)CCCC1(N)C(OCOC)C,GRU,-3.4682522,8.918689
CCN(CCCC=C)S,GRU,-48.136864,45.87811
CCC(C)C=O,GRU,-71.93641,13.048471
C=CCOOCCOC(N)C(C)C=C,GRU,-59.503258,13.669032
CNCOCC=CCC=COC=C=CNC1CC1,GRU,-11.110762,34.90012
CNC1NCCC1,GRU,-0.4086155,17.544312
CCNC=O,GRU,-76.0833,6.173023
CCNC=O,GRU,-76.083244,6.1732593
CCCC(C)=C,GRU,-49.41648,11.140905
CC=CCC=C(CCC1=NC=O)C=C1O,GRU,-4.3081074,43.582638
NCC=C(CC=CN(Cl)CCC)C=C,GRU,-55.384563,1.1830434
C(O)CCCC=CC=CC(N)Cl,GRU,-34.013668,34.258366
CCC1=CCCO1,GRU,-3.5289168,-8.297284
CCCC=C(C)C=CCCO,GRU,-60.35116,3.8402405
N=CCP(C)C=CC(CC1C=O)CCCCC(C)C1,GRU,-9.759955,19.4726
C1CC(C)O1,GRU,1.4219187,24.754854
NCC=C(CNC1C)C1CCO,GRU,-12.274216,7.5297937
COOC=C(C)CC(CCCNC1CCCS)C1C=C(CC)NCCNC#C,GRU,-7.1359334,5.8739185
OC=COC1C=CC=COO1,GRU,-0.37449408,31.463556
CCNF,GRU,-50.08171,-17.779156
C=C(N)CN=C(C)CC=CCN1CCCCC1CF,GRU,-8.2844,17.441446
C=CCCC=O,GRU,-58.671238,49.26704
CCCNCCCCCSCC=O,GRU,-78.67685,-15.165897
C=CCC(=C)CCON,GRU,-45.361588,52.386536
S12=COCCCCC1C=C=C2NS,GRU,32.942265,36.339848
CCCCC(CC=C=O)O,GRU,-55.4397,-38.338913
NCC(C)CC(O)CO,GRU,-34.310135,-11.527672
CCOC=CN=CCCCCCCC,GRU,-67.85592,-10.304296
ONCCC=NOCC=O,GRU,-65.22666,39.28652
NCCOC=O,GRU,-72.17764,44.16332
CCCCC(C)CNCC(C)S=O,GRU,-80.869736,-17.374907
C=CC=C,GRU,-40.65077,52.60925
C=CC=C,GRU,-40.650978,52.60928
NCNC=C=CCCC=C(C)CC=O,GRU,-76.84504,41.59003
OCF,GRU,-30.33019,30.336384
CC=CC(C)F,GRU,-56.437035,21.619528
C(C)=C=N,GRU,-50.541573,34.052082
C=CCCC1=CCNC=C1CCCC,GRU,0.9924929,66.875465
OCCCCCCC#CN1CC=NC=C1O,GRU,-26.033846,27.994102
CCNC=C1CCC=CC=CC1,GRU,-4.1933265,-9.150287
NCNC1C=CCC=C1C#C,GRU,-0.6793006,-7.7621408
O1CC23C=C(C1)OC2NCC=N3,GRU,27.226866,33.78874
NCC=O,GRU,-71.626366,46.535553
NCC=O,GRU,-71.627075,46.53566
CN(C=C1C2C)CCCC2=C1,GRU,19.039806,19.816547
C12CC1(C#N)CC2OCOC(C3)C3,GRU,-14.614152,36.568417
C1CCCCNC1C,GRU,0.50383896,17.270609
SNF,GRU,-11.780497,50.28893
C1NCCCCC(CC=O)C1NC(O)CC,GRU,-6.1281085,6.6420193
NCC[NH1]CNNNCF,GRU,-19.222729,29.209087
CC(N=O)=CCC(C)=O,GRU,-24.728455,-40.49879
CC1=CCCO1,GRU,35.13442,22.277952
O1CNC1CCCCC#N,GRU,-13.542644,37.209137
CC=CCCOC(C)C#C,GRU,-55.078228,25.418673
CCC=CCC(N)Br,GRU,-56.255703,-2.0116425
C(SCCCC=O)=O,GRU,-63.44343,47.25488
O1CSCC=C1C,GRU,35.156487,22.068483
N=C=NCC=C=CCl,GRU,-28.456451,48.691936
CCCOCC1=NC=C=C1C(C)=CCI,GRU,-58.119236,-9.146088
CN(C(C)C)OCC(=O)N1N=CNCOCC1O,GRU,-7.7496557,-36.7941
CNCC(NF)C=C(C)C=NCOC=O,GRU,-78.02834,25.64396
N=C=CCl,GRU,-27.59399,48.438274
C12C(S)N1[BH1-1][NH1]C=C2S,GRU,22.998363,38.78957
NCCNOC(C1CCC=C1CCCCC)=C=CC,GRU,-14.489778,-11.756264
C=CN=CCCC=O,GRU,-59.564476,48.72822
C1C=CCN1,GRU,20.902645,41.973736
CC=SCCCCl,GRU,-44.095608,34.397636
CCCCCN=CCCC=C,GRU,-70.668175,-12.862303
C=C=CC=CCC=O,GRU,-61.239975,34.89564
CCN=CCCSC(C)CC(C)CC1CC=CCC1NCNNNCS=O,GRU,-48.95947,-2.3551893
C1CC=C2CCOCC1OO2,GRU,32.22174,35.998135
C1=CC(N)CC1(C=C)F,GRU,-2.6522071,62.325317
C1CC=C=C=C1C=C,GRU,2.4879105,60.681957
N1=CCC2=C1CSCCC2,GRU,25.074986,47.85697
CCNCCCC=C(C)COCC=CC,GRU,-42.884026,14.288664
C1=CCC(C1OCCCCC=C2)CCC=C2CC=C=C,GRU,32.429985,37.118687
OC(O)N(C)CC=O,GRU,-82.288605,10.040002
OOC=C=C=NC=C,GRU,-35.83866,55.407196
NCOCC=O,GRU,-72.11979,44.48562
C1CNOOOC1N,GRU,2.4991984,24.00177
CC(C)C=C1C=NC(C)CC1CCC=O,GRU,-15.622283,9.881414
CCC1(C2)OC(C3CC2)CN3CC=C1C=O,GRU,-0.94714856,-2.3190434
C#CC=O,GRU,-63.480667,33.570248
COC=CCC1N(N)CNCO1,GRU,0.6851239,34.69869
CNCC=C=COSCF,GRU,-32.56133,13.132407
C1CCOC[NH1]CCO1,GRU,12.908269,44.10598
C=CCC(C)NCC=O,GRU,-63.892643,16.971678
CCOCI,GRU,-43.994762,-18.678001
OCC=CCCCCC=C,GRU,-45.45836,55.845066
CCOC=O,GRU,-77.31307,9.842549
CCOC=O,GRU,-77.312,9.842192
CCOC=O,GRU,-77.31313,9.842532
C=1(CC2CC)[NH1]C2=1,GRU,-5.8855157,-0.66853374
OC=C=CCl,GRU,-26.811712,47.968956
CCC=CC1=C(CCC1)Cl,GRU,-54.465412,-2.7256856
COC(C)OCCl,GRU,-30.20879,-6.9768915
CCC=CC1C=CC=C(N)C=C1[N-1],GRU,-16.19326,-9.284136
CC=CC(C)(C)C[NH1]C=C,GRU,-43.393105,47.606647
CCNNN=O,GRU,-59.312027,-20.136732
CNC1CC[NH1]C1=C,GRU,-0.9637614,17.91312
C(C=1)C=CSCC=1,GRU,21.823929,53.132088
NCOCCl,GRU,-24.073753,37.970287
C=S1CCOCCCN=C1,GRU,18.117867,50.12072
C1=CCCCCNC1CCCCNC#CO,GRU,19.940718,35.03101
C1=COC(C)C1CC=CC=C=O,GRU,-53.984283,32.255634
O1NCCCC1,GRU,11.359011,43.223427
C1C=CCCCCC#C1,GRU,23.945045,51.258427
C1=CCNCCC(O)CCON1,GRU,22.164764,34.154892
CCCC=CCNCl,GRU,-61.387844,-3.849113
NCCC=CC=CNCC=CO,GRU,-35.38171,39.78255
NCC(C=O)=C,GRU,-71.89006,45.961224
CCNCCCC=O,GRU,-77.64639,1.8921409
CCOCC=O,GRU,-77.64707,9.565729
OC=C,GRU,-40.564472,54.534206
OC=CCCOC=C,GRU,-46.273495,52.898087
N1SC12CCC=CCO2,GRU,19.186659,45.513813
CCCI,GRU,-49.292046,-15.760848
C=CC,GRU,-41.825687,49.27874
C1(CC1=CCC)NCCCC,GRU,-14.264301,-12.663272
C(C)C(O)C=O,GRU,-74.07324,11.70234
CC=CN=C=CC12N=C1CCN2C#CCN=NCC=C=O,GRU,18.00331,8.616929
C1=C=CCN=C1Cl,GRU,23.598791,47.75059
CCCCCCOCCNCBr,GRU,-67.882416,-23.784683
CCCCOCCCCCCC(C)CC(C)=O,GRU,-68.68508,-33.191044
CCCC=C,GRU,-46.858967,46.334538
CCCCCF,GRU,-56.69537,-29.572212
CCCCCF,GRU,-56.697277,-29.571304
C1=CC1(NCCC2COOC=C2CC)C3=NC3,GRU,-6.8854456,-4.5106688
[NH1]CCCC=O,GRU,-64.00047,47.73376
[NH1]1C=C=COC1OCl,GRU,15.6030445,53.54458
CNC1=NC=CC#C1,GRU,34.952682,10.808922
N,GRU,-14.93279,52.539406
N,GRU,-14.906495,52.5329
OCC[NH1]CF,GRU,-35.94463,29.39133
SONCCCCCI,GRU,-20.36284,24.249655
CC1=CC([NH1])CO1,GRU,31.489668,25.042938
CC=CCNCNCl,GRU,-54.406296,27.538902
CCOC=C=C,GRU,-55.032707,-5.7351003
CCCCCNC=O,GRU,-77.51337,-16.147081
NON(OOC)CNC(C)CCCC,GRU,-53.453575,-32.78561
OCCCC(CCCNCCCC)(CBr)COC=C=NCCCCCl,GRU,-79.00275,-21.470222
C=C(C=CC=O)OCC=O,GRU,-65.33396,41.300896
CN=CCCC#N,GRU,-30.34208,57.62376
COC1CCC=CC(C)C1CCCl,GRU,17.998589,25.074883
OC=CNNOCC=O,GRU,-66.33193,40.38127
C=C=CCC=O,GRU,-61.37514,34.933384
C1CC=C1OCCNC=O,GRU,10.852267,61.424236
CCCSC=CCONCCC=O,GRU,-79.86206,3.856368
CCOCCCl,GRU,-45.73407,-20.471434
SC(CCC=C1COCCC1)C=O,GRU,10.843347,55.49693
CC=C(C)C(NCOCCCC=CCN=C)CF,GRU,-56.07804,8.929268
C=CC(CS(C)(I)C)COCC,GRU,-54.51055,-5.877697
CCC1C(=C)CC=C1C,GRU,-6.029384,-7.4838967
C#CN=O,GRU,-23.974642,57.709457
C#CN=O,GRU,-23.974722,57.709606
CCNCOCCBr,GRU,-78.83501,7.7674847
C1=CC=C=C=C1,GRU,18.74219,55.07539
OCC(C)C,GRU,-35.076466,-9.33519
C=NCC=C1CNC=C=NCC1O,GRU,0.9395401,54.759365
CCC=C=CN=C(C)C=CI,GRU,-50.984383,9.051588
CCONCC=O,GRU,-77.561424,7.480558
CBr,GRU,-11.27227,43.483467
CBr,GRU,-11.272223,43.48367
C#CC1CC#CCCOCCC1,GRU,0.26417422,23.319422
N=C=C1CC(O)CC1C2CC=C=N2,GRU,25.943802,35.938107
C=1CC=1CCN(C2)CNNC3C=C32,GRU,24.496054,38.288322
C1CSC(Cl)OC=C(C)CC1,GRU,33.715664,33.751297
CCC#N,GRU,-51.35868,-12.880951
CCC#N,GRU,-51.35872,-12.880226
C1C#COCC=CCN=CCC1,GRU,19.876781,49.25035
OC=C=C(CC=N)OO,GRU,-44.788628,19.071497
COCl,GRU,-23.275318,4.244674
C(C)F,GRU,-48.426464,-17.65641
NCO,GRU,-25.234018,32.66036
CNCC,GRU,-28.00955,13.027004
N=CC=NN=C=S=C,GRU,-33.92889,54.971184
CCCCN(C)N=CNN=O,GRU,-62.18582,-23.096312
N(OCNC=CCCCC=CP)Cl,GRU,-38.517525,23.286985
C1CCC=CC(C)CC=C1O,GRU,29.264494,46.654026
C=CC=NC(C)C=CC=CNOC(C)=CCCC=O,GRU,-65.61205,21.071316
CCC(C)CNCC1=C2C=CC1SN2,GRU,0.23730491,-11.075811
CCCCCCOP,GRU,-64.86606,-29.075552
ONC[NH1]Cl,GRU,-33.217392,28.721767
OOC1CCC(CC=C1C=C)O,GRU,1.7242142,59.35743
CO,GRU,-14.99254,42.61729
C1C=C(N)CC(C)C#C1,GRU,25.894203,24.834923
CCC(NCOCN(C)C(C1)C)(N)C(C)C1Cl,GRU,-9.97439,-2.3968945
CCCCC1(C)OCC=S1C,GRU,-15.410256,-19.295355
CCCNNCC=CCC=O,GRU,-75.58831,4.285682
[N+1]CC=O,GRU,-64.1606,37.24927
CNNCCCCBr,GRU,-26.265972,14.020997
CC(C(C)(O)CC)CC=C(C)C(=O)COCCCCC1N2C=CP2C1,GRU,-25.991085,-54.451954
CCOC=NC(C)CCC(C)=CCCC=CCBr,GRU,-51.258163,1.5238184
NCNCCCCOCCC1CC=CCOC(OF)NNC1,GRU,-16.678358,28.494432
N=CC=CCCCC=O,GRU,-64.63006,47.948666
CC(C)C(C)C=C,GRU,-58.494408,16.609133
OOCC=CC=O,GRU,-65.68327,41.309036
OCNC=C(C=O)OO,GRU,-66.27148,40.58514
OC(O)=N,GRU,-17.60524,49.10534
OC=C(C)CCNC#C,GRU,-45.95994,16.08175
NCCN(OCOCCCNC1)C1,GRU,6.17249,37.54024
CC=CCCC=CONCC=O,GRU,-57.66475,28.554047
C=CC#CC1CC=CC1CCl,GRU,-2.4379485,63.792126
COCO,GRU,-25.520197,-1.6496509
CNC(S(C)=NOC=C=O)N,GRU,-72.91639,31.323435
CCCCl,GRU,-50.160908,-22.291426
CCCCl,GRU,-50.16019,-22.292095
CCCCl,GRU,-50.1604,-22.29114
OCCBr,GRU,-31.40651,29.933561
NCN=O,GRU,-22.69251,35.556572
CCCOCCCC,GRU,-65.899414,-27.515665
C[NH1]CCC=CCC(C)C,GRU,-43.96373,2.0470614
CC=CCCl,GRU,-53.092793,27.496002
CC=CCCl,GRU,-53.093052,27.496067
C1C=C1PO,GRU,25.779121,45.26726
C=CNCC=CC=C=C=CN=C=O,GRU,-34.51116,52.380825
C=CC(C)=C[NH1],GRU,-47.71997,42.40607
ONOC=CC=C(C)Br,GRU,-37.946022,12.091667
NN=NCC=CCNC#CCC(C)CCl,GRU,-45.30976,2.9135633
CC(O)CCl,GRU,-36.163254,-7.5936694
C1=CC1NC(C)OC2CCCC=C2,GRU,29.107718,52.472504
C=C=NC(C)C12COC=C1NSCCC=CS2,GRU,20.608484,45.435535
OC=CC=CC(S)C1OCC#C1,GRU,-2.0360398,25.6389
C(N)CC=O,GRU,-71.0817,48.528904
C=NCCC,GRU,-58.691776,-21.844105
CN(P)CCCCl,GRU,-48.622585,-24.228605
CCC=CC=CC=O,GRU,-73.835236,6.7703557
NOC=O,GRU,-68.99663,37.838245
NOC=O,GRU,-68.99818,37.838394
CCCCCCNCCC=CC1[NH1]C1N,GRU,-75.73568,-16.55677
C=C(C)NCC(O)=NC,GRU,-48.38187,8.9516735
O1CCCC1=O,GRU,15.0039835,5.431106
CC(CCCl)NCC=N,GRU,-45.41009,1.5209032
C=CC(N)CS=C(O)N=C,GRU,-43.68356,59.188446
OCCC=O,GRU,-63.775757,43.91397
OCCC=O,GRU,-63.775757,43.91397
OCCC=O,GRU,-63.775757,43.91397
COCCCCC,GRU,-63.890205,-29.029066
Br,GRU,-15.30306,51.067505
Br,GRU,-15.296366,51.06669
NCCNC(C)NCC=O,GRU,-73.57448,17.88486
OCCN=CC1C(Br)C2CCCNC2COCCCCC1,GRU,-4.648934,22.727493
CCCF,GRU,-48.745045,-18.754826
CCCF,GRU,-48.745155,-18.754852
CCCOC(CCCC)=O,GRU,-66.61656,-37.65649
C=NC,GRU,-28.284927,56.469547
CCCC1CCC2CC1=CCC2,GRU,-7.716971,-8.426551
CN=C1C=C(F)NC=CCC1C=CC=C,GRU,-0.035926852,62.210094
CCCC(C)S=CC=O,GRU,-71.8139,12.3127775
CC(O)(C)CF,GRU,-40.592728,-24.031687
C=S=O,GRU,-16.917074,57.977184
NCC(C)=CNC=CC(C)=CCCCN,GRU,-41.466064,18.055355
CC(=C)C=O,GRU,-64.55263,27.792517
ON=CC=CCl,GRU,-27.177166,46.52443
NCCCC=CCl,GRU,-35.608433,42.30886
O1C=C=CC1C=NOC,GRU,-6.4186263,32.55709
OCNSOCC#C,GRU,-32.393066,31.3499
C=NC=COOCBr,GRU,-37.210632,56.10578
CCNN=C(N)C=C(C)CCCC(C)=C,GRU,-51.450317,11.777225
C=CC(C)C1C=N1,GRU,-58.450546,17.473124
NS(Cl)#N,GRU,-19.583473,44.12008
CC(N)CC1(C)CCCC1,GRU,-1.5782616,10.997917
CCCC[NH1]C,GRU,-73.17828,-22.029974
NNC=CC=CCS,GRU,-34.0728,37.809155
CCCSC=C,GRU,-46.409405,45.853035
CN(C#CC)COC,GRU,-25.38795,4.9071927
CNN=CCC=O,GRU,-76.16726,27.259756
NNNC(C)CC=C=CN(C)C(Cl)=CC,GRU,-40.62983,2.1174169
CS(C)NCC=CCCC=O,GRU,-78.55108,28.321878
N1C(O)CCCC=C1,GRU,21.452982,34.50297
CCCCN=CCOS1CCCC(O)CON1,GRU,-17.423248,-15.639571
OCCCCC=CCCC=C=CCNCSC=CC=O,GRU,-40.238228,33.149902
COOCCCCOC=O,GRU,-80.08486,19.83392
O1CCCC=CC=CC1,GRU,18.820538,50.312546
C1CCC=C1OC,GRU,21.140036,22.46393
N1CCN=C1,GRU,19.44015,41.25307
OCN(NSNC)SOC1C(=C)CC1C,GRU,-11.2654,9.372863
C1C=C1NC=C,GRU,2.3562508,60.99802
OCCCNCC=CC=C(O)CC=C=C=C=CCCC(S)CCO,GRU,-40.8124,31.3439
CCCCONC=C,GRU,-69.04886,-14.516572
CCNCOCC=NCC1=NOC2CC1CC[NH1]CC2,GRU,-4.0336804,32.489338
C=CCCCC(=O)C=C,GRU,-51.927223,43.36905
O=O,GRU,-17.55425,59.633274
N(C)Cl,GRU,-29.235083,16.6208
N=C=O,GRU,-20.935766,58.07524
N=C=O,GRU,-20.93638,58.077145
N=C=O,GRU,-20.936281,58.07715
CCCCN=C=COC=CCl,GRU,-64.3003,-20.115011
NNCC=CC=O,GRU,-69.6328,45.12937
OCC(=C)NC=C=C(C)C,GRU,-48.714443,14.86144
NCCC=C(C)CC=O,GRU,-76.42516,41.772774
NC=CC(N)CC(=O)CNC,GRU,-18.177053,-56.304096
ON=CC=C(C)CC,GRU,-51.78615,8.983431
CC=CCOC=CCSCC1(O)C(C)CC1,GRU,-46.461082,25.699232
C1CCC=COC1(S)OOCCl,GRU,21.368246,50.542255
N[NH1]CC=CC=C(C)C=C(C)C=C,GRU,-48.906487,15.220999
NCCC#CC1CNOCC1S=C(C2)C=CCN2Cl,GRU,17.302824,34.807377
CCCCONCCC=CC(C)CC1C=C[NH1]NC1CCCOC=NCC,GRU,-69.52147,-17.678722
CNBr,GRU,-27.779863,16.787764
C1CCC=CC1,GRU,24.002195,51.201588
ONSCNCC=CCl,GRU,-25.336557,46.49235
C(N)C#C,GRU,-24.829525,41.070126
C1C=C1CCl,GRU,26.487307,45.205986
CCC=O,GRU,-74.98408,7.4460945
CCC=O,GRU,-74.98341,7.4469543
CCC=O,GRU,-74.9833,7.446777
CC(N)N(CCCC#C)Cl,GRU,-30.740793,-16.358313
OCCCNCCCBr,GRU,-36.7878,28.614265
NC=C=C=O,GRU,-33.14786,45.360344
CCNC=C(C)C=C=CNF,GRU,-46.280754,13.321692
CN(CC(C)C=CCC1=CN)C=NC1,GRU,15.168668,28.671291
NCC=CC=CCBr,GRU,-32.649166,41.09555
COC=C(C)CCOCSC=C(O)OCl,GRU,-36.85822,8.322513
CCCCCN(NOCN=O)CC=S=N,GRU,-62.352936,-22.972225
C=O,GRU,-17.704031,57.87924
C=O,GRU,-17.70453,57.879555
C=O,GRU,-17.704695,57.87973
C1CC1O,GRU,5.8364043,22.348421
OCC=CC=O,GRU,-64.025894,42.27378
CCCC[NH1]CCCC=C=CCC=CC,GRU,-73.94464,-16.529518
N1C2C=C1C(C)CC=C3CCC=C32,GRU,24.83676,29.757612
NCCC=CC=CC=COC=C=S,GRU,-34.30256,41.077446
NCCCS=SNCCCCC=CN=C1NCCCCO1,GRU,-36.863308,40.307785
C(CCCCC(C)CC(C)C)C1CCCC=C1CCCCC,GRU,-11.508886,-14.833118
OC(CN)(C)C=O,GRU,-74.14879,46.020065
C[NH1]NCCCNOCCC=C1C=CC=CC=CCN1,GRU,-9.612591,37.058453
C1CCOC=CCNO1,GRU,17.517601,45.745163
COCCCCCI,GRU,-27.475393,3.6548276
CC(C)NC=O,GRU,-69.90706,17.847795
C(C)=C,GRU,-41.82566,49.27874
C(C)=C,GRU,-41.826588,49.278614
CC=CCC=C=O,GRU,-53.322548,31.065298
CNS=NCCCCC#CCCC=O,GRU,-78.16308,29.845469
C=CC1CC=CC1C,GRU,-0.9858552,62.95336
OCC=CC=CNCNN=CC(O)=O,GRU,-16.505455,-39.51237
N1C=CC=CC1O,GRU,22.244179,36.076218
CCCO,GRU,-44.852303,-11.186316
CCCO,GRU,-44.85303,-11.186039
CCON,GRU,-41.791805,-17.993921
COC=CC=CC(C)OCCCC=N,GRU,-41.06947,-1.9659688
CNC(C)CCC1CCCC=SOCCCCOC1OO,GRU,-3.8076289,14.962545
CCCCCCCOONC,GRU,-65.56081,-29.269466
C1NCOC=CCC=C1,GRU,18.221455,44.373505
OCCC(C)C=CCCC=C(C)C(C)C=O,GRU,-68.05019,20.873245
C=CC(C)CBr,GRU,-59.08189,15.803063
CC=NC=CF,GRU,-46.64097,34.404865
C(C)=O,GRU,-67.67447,30.49198
C(C)=O,GRU,-67.84347,30.772848
CCCC(C)C(C)C1CNCNC1=O,GRU,4.868169,-8.483365
C1COCCNC=C1CC=CC=C=COC2CN(C)N=C2I,GRU,-6.344954,37.45437
CCCCC(CNC=C=CCCC=C(C=CC1C)NC=S)C1Cl,GRU,-12.581044,-11.636831
C1CCN(C1CCC)C=O,GRU,-10.385662,18.820051
CN=O,GRU,-26.152275,58.945354
CN=O,GRU,-26.152534,58.94541
CN=O,GRU,-26.152487,58.945408
C=C=CNNOCC=C=NC,GRU,-35.03084,17.765886
OC=C=C(CNPN)CC=O,GRU,-60.426567,39.443356
CCCCC1(C)COCN=CC1,GRU,-15.411455,-19.282305
CNCC(C)CCC=O,GRU,-71.78159,21.41217
CCC(C)NCCN,GRU,-33.309704,-12.992677
OCS=CCC#N,GRU,-38.10937,34.391956
C=C(O)C=C,GRU,-40.663174,54.626396
NCC=CCCC(CN(O)CCl)C=CCCNCl,GRU,-40.221283,19.035961
CC(C)=C(C)F,GRU,-15.815206,42.532906
C1N=N1,GRU,4.7614946,47.3013
CCN(C)CCl,GRU,-48.148453,-23.804842
C(C)C=CC(O)=CN=CC#C,GRU,-63.36228,1.8291041
CCCOCOCC=CO,GRU,-58.63254,-8.676654
S1(Br)(C)CC1C,GRU,3.779575,23.122135
N1OC(COC1C)C=C=C,GRU,2.8096557,27.045584
COC=O,GRU,-68.61058,27.132294
COC=O,GRU,-68.61101,27.132137
COC=O,GRU,-68.61102,27.132124
C,GRU,-14.636792,51.128124
C,GRU,-14.488058,51.670437
C,GRU,-14.96937,50.97497
CC,GRU,-12.96274,43.169594
CC,GRU,-12.813625,43.426495
CC,GRU,-12.81984,43.42154
CCC1CCCC2CC=C(CC=CN)CC(CS1)C2=C,GRU,-8.542686,-10.031032
C=CC=CCN,GRU,-36.578304,46.31672
CCNCC=O,GRU,-76.05845,6.130237
CCNCC=O,GRU,-76.05911,6.130467
C=C=CCN=C=C,GRU,-34.464046,53.656864
CCCCF,GRU,-56.333527,-29.4332
CCCCF,GRU,-56.333027,-29.432457
CCCCF,GRU,-56.332428,-29.434334
CCCOC=CCC(O)OBr,GRU,-51.97498,-5.0359697
CC1CCCCCCC=CC=CC=CCCC1,GRU,28.508476,51.92848
C#CNCCCCC=C,GRU,-51.226986,54.67344
CCCCCOCCC(C)C,GRU,-68.675224,-31.931908
CCCCOC(CCC)CN=C(C=C=O)C(C)=O,GRU,-57.179142,-39.31985
C1=C=CCC#CN(O)C=C1,GRU,24.602524,45.67798
CC(O)C=O,GRU,-70.528656,18.960787
CC(O)C=O,GRU,-70.52853,18.961071
CC(O)CCNCCCCCCCN=C,GRU,-41.17453,-5.5529227
C=CCCCCCCC=C(C)OC,GRU,-50.29486,44.869797
[Te+1]N(C)C=O,GRU,-69.587364,32.1302
OCOCl,GRU,-31.636076,25.886919
Cl,GRU,-15.279642,51.978203
Cl,GRU,-15.269679,51.583187
Cl,GRU,-15.253903,52.065075
C(C)C(C)C(O)C1(C)CCCCCC=CCC1,GRU,-5.678083,-14.722633
CCCCCCCCCNC(C)C(C)=O,GRU,-76.21501,-27.21231
NCC1=CCCC(C)C=CC=CCC1NCNN=N,GRU,-1.9407202,-7.26682
C(OCC=CC(C)[NH1]C1=N)C1OO,GRU,24.170397,27.932718
C=CCCC=CCNCC=COBr,GRU,-49.15356,52.635307
COC(C1)N1,GRU,5.7303033,30.197567
C1C=CNC=CC=C1,GRU,21.224207,42.161488
C(C)(C1)C=C1C,GRU,29.761742,24.621277
C#CN=O,GRU,-23.974642,57.709457
C#CN=O,GRU,-23.974722,57.709606
CCOONCC,GRU,-45.600517,-17.88753
C1(C)CC(C)=CCC1,GRU,29.292885,25.048403
C=C=NNCC=NON,GRU,-36.296684,49.571472
C(=C)CCCC[NH1]C=CC=O,GRU,-53.334877,52.232105
CCCCCl,GRU,-52.505028,-26.240263
CCCCCl,GRU,-52.50412,-26.240309
C1=S=C1C,GRU,37.390835,15.756865
CNCCCl,GRU,-29.048986,14.643214
OCCCCCCCCC=CC(N)=CC1C=CCCCCO1,GRU,-7.044502,23.245872
CCON=C(C)OCCOCC=CCC=C=CC=C,GRU,-55.596478,-6.4961834
C1=CC=CO1,GRU,17.022861,54.091705
C=CC(C1)C=C[NH1]NC=CCC=NCNC1N=O,GRU,-0.8326578,62.3089
N1=C=CCCC1,GRU,23.934807,49.40916
CN=C,GRU,-28.2869,56.470795
CN1CCCCNC=C1,GRU,12.602071,33.613087
C(C)CCC(C)OI,GRU,-52.862446,-32.06016
C=CCCCCCC1C=CNC(C)=CC=CC=C1COC,GRU,2.681971,66.86617
CCC=CCl,GRU,-55.088642,-1.9675914
COC(C)(ON1)S1,GRU,-21.187014,4.8675356
N=O,GRU,-19.43957,59.550133
N=O,GRU,-19.439423,59.550182
N=O,GRU,-19.439493,59.550224
NONCOCO,GRU,-28.542826,24.443882
C(C=N)CCCCCC=C=O,GRU,-55.864277,37.24912
CCOCCNCC=CBr,GRU,-59.608746,-11.794585
OSCN(C)C=O,GRU,-82.19856,10.175665
C1=CCOCC=C2C=C21,GRU,15.654359,49.632874
OCCC=CC=CCl,GRU,-34.38671,34.877934
C1CCC1,GRU,6.3863926,48.40372
C1C2CC1(N)CCCC=C2,GRU,27.000986,52.46473
CNC(CC1CO)C(CC1C)CCCCl,GRU,-19.33077,20.291538
C1CCCC1(OC=O)NC2=CC2,GRU,12.32649,61.1381
CCNCl,GRU,-51.289356,-19.69895
CCCCN=NO[NH1]Cl,GRU,-63.870148,-21.534904
C1CC1C,GRU,3.5182805,22.382654
C1=CN=COC1C,GRU,19.00373,29.848963
OC1CN=C(C)CCCCC#C1,GRU,28.597225,21.557194
C1OCCS=C=C1,GRU,16.430866,48.709743
CCCC(C(C)C)OC(C)COCCC=CCCOC=CS#[N+1],GRU,-51.138866,0.18933938
NCCC(C)CC1CC([NH1])CC1NCCOC#C,GRU,-38.7935,0.9176306
CCCCCC#CC=CC,GRU,-58.429,-25.410036
O1COCCC=CC1C=CCBr,GRU,15.322091,47.53345
CNC=CCCCC=NC1CCCC=CS1,GRU,-4.0112844,38.94876
CCCCCCl,GRU,-52.66182,-26.516468
C=CC=CCCl,GRU,-47.377537,54.323235
CCCN=CCC=C(C)NNC1C=C1,GRU,-50.641293,7.5100293
CNC=C=C(C)CC=CO,GRU,-45.88436,15.869526
OCCNCN=O,GRU,-37.09241,30.031689
CC(C)C1OCCCC1CC=NS#C,GRU,-4.809537,12.8448305
COSCC=CC=C(C1)C1,GRU,-33.734497,9.664548
NC=CF,GRU,-13.494025,48.20323
N1(C)C=C1N,GRU,27.658125,7.134393
CCNCNC(O)CCO,GRU,-42.186832,-9.126216
C1=CC=CCNC1,GRU,20.909086,42.067726
C1CN2CC(C)C=C12,GRU,18.88928,19.953173
NCCCC(CC(O)CC=O)(CCOCC=CC1OC2C)C=C1CC=C2,GRU,-9.400364,31.278812
C(CON)C=CC=CCC(C)C=C=CCCCl,GRU,-47.626442,2.4121876
OCNC(C)=C=COCC,GRU,-46.272774,13.9779415
CC=C=C(O)C=C=O,GRU,-64.3122,30.057837
CCCN(C1C=O)C=C(C)CN1,GRU,-0.7143038,-1.2605559
CN=N,GRU,-27.173199,56.483505
OS=NCCOSCC=O,GRU,-68.68311,41.48894
OCC(C=COCl)CCC,GRU,-50.876526,-6.057606
C1CC1,GRU,6.385157,48.404194
C1CC1,GRU,6.3857956,48.401714
OCCC(CC=CCC1=C(CCC2)C1)C2,GRU,28.596754,38.380386
CC=C(C)CCC=C,GRU,-50.276085,43.520813
CNCOCCCCCCOC=SS=C(C)CC=CC=CS,GRU,-42.473354,21.315742
CC(C)CC=CCl,GRU,-46.014923,2.2810006
ON,GRU,-17.715742,46.557377
CCCNCCC=O,GRU,-77.15355,2.5391397
N=CC=C=O,GRU,-21.891907,57.91402
CCCOCCCC=O,GRU,-83.69241,15.087911
CNCNOC(C)(C)CF,GRU,-31.289469,13.203408
C1CC1(C=[NH1])C=C,GRU,-41.22016,51.72396
CCCCNCCC(C#N)OC=O,GRU,-79.60988,-16.875992
CC=C(C)C1=CCC=N1,GRU,-1.4368287,42.72741
CC=NCCCCNCCNC1C=C(O)C=CC#CC1NCl,GRU,-4.1807766,40.640858
CC=CNCC(C=O)F,GRU,-74.69717,25.486212
CC=C(C)CCCOCCC=CC=NC,GRU,-55.961014,9.188711
N1=CC1CC,GRU,-8.192125,-5.903286
CC#C,GRU,-21.666767,53.00251
NCNON1OCC=C=CC(N=O)=CC1(O)ONC=C,GRU,1.4171538,-19.171
C=CCl,GRU,-39.633945,51.693985
C=CCl,GRU,-39.633945,51.693985
C=CCl,GRU,-39.633945,51.693985
N=CCCC=C(Br)C,GRU,-46.185402,10.710873
O=C=C=O,GRU,-20.453806,57.436832
C[NH1]CCC(C)NCCCCC(C)CC=O,GRU,-68.03074,13.820638
NCOCNCl,GRU,-24.890488,37.211292
OCCOCCCCl,GRU,-33.463615,24.49175
OCC(CC)CCC=O,GRU,-68.64835,20.548498
NCCCC1OCC(C)C1[NH1]C,GRU,-11.530456,30.774178
CCC1C(=C)SCS=CC=CS=N1,GRU,-4.4297357,-6.0626364
ONOCOCC=C(C)C=CCl,GRU,-40.92222,12.135829
O1C(C)(C)CNN1C,GRU,8.1205225,34.087257
OCCC=CF,GRU,-34.22014,35.156998
CC=CCl,GRU,-48.29794,33.677124
CCCCCC=S(C)=O,GRU,-73.57467,-7.331618
C=C=C=CCCCOC(C)=O,GRU,-64.04023,6.262712
COOOCC#CCN=O,GRU,-27.152979,7.483073
OCOCCCl,GRU,-32.15925,24.881325
C=CCOC=C,GRU,-44.617336,51.779633
CF,GRU,-12.417497,45.00583
CF,GRU,-12.417119,45.00588
CF,GRU,-12.41728,45.00591
C=CCC=O,GRU,-57.275295,47.76281
C=CCC=O,GRU,-57.27519,47.763588
C=CCC=O,GRU,-57.27514,47.763603
C(C)C=O,GRU,-74.98355,7.4469686
C(C)C=O,GRU,-74.9835,7.4475074
CC=O,GRU,-67.67568,30.490122
CC=O,GRU,-67.84749,30.772951
CC=O,GRU,-67.67584,30.490717
N1OCC1,GRU,11.699373,43.370342
CNC=CC(C1(C)C=C=N1)C#CCC=O,GRU,-73.653786,25.31917
[NH1]1CC=C1,GRU,21.077131,42.057327
N1CCC=C1,GRU,20.986977,42.588734
CCC=C=O,GRU,-69.341515,4.8457212
CCC=C=O,GRU,-69.341515,4.8457212
CBr,GRU,-11.27227,43.483467
CBr,GRU,-11.272223,43.48367
CCCSCC[O+1]CC=C=NO,GRU,-65.70031,0.98928434
OCC(S)C1C(C)CSC1O,GRU,-9.527164,9.748252
OCCNNC(CCC1=C=CC=CC1Cl)=NCCF,GRU,-35.51264,26.526194
CC=COC=O,GRU,-68.16578,28.959429
NOC=CCC1NCC=C=CC1,GRU,1.4314879,35.71266
CC(=CC)OCCO,GRU,-47.21939,20.390993
CCOOO,GRU,-43.192738,-16.130323
CC(O)CC(C)CC,GRU,-36.776814,-12.427435
CC(C)C=O,GRU,-70.650826,17.737703
CC(C)C=O,GRU,-70.64929,17.737318
O1CN(C)CC=CCCN1,GRU,13.97748,33.923786
CCN=C(O)CC,GRU,-48.861664,7.1740327
C1C=C=C(C)C(C)(O)OC1,GRU,33.470337,26.271612
CCCS(C)C=C(N)CC=C=CCCl,GRU,-55.937775,0.10046975
C1CCC1C=CCCCCl,GRU,-27.998419,39.164936
OOC=C(C)CCC=NCCC,GRU,-52.77128,8.4996395
CCCCCNOSC=CCCl,GRU,-67.41464,-18.746258
C=C=O,GRU,-19.518675,56.686283
C=C=O,GRU,-19.519026,56.68632
C=C=O,GRU,-19.518679,56.6863
C1C=CNCOCC=C1OC2CCC=CC2=C=CC,GRU,23.807142,31.047438
CNN=CCCNCOC=O,GRU,-79.00984,25.24461
C=CC=CCCCCC,GRU,-71.36001,-11.447406
CCl,GRU,-14.756952,44.84785
CCl,GRU,-14.756946,44.84781
CCl,GRU,-14.756965,44.847904
O,GRU,-16.279337,52.467323
O,GRU,-16.118656,52.76012
NSCS=O,GRU,-17.161016,61.77853
COCC1C#C[NH1]C=CCN1C=CCN,GRU,0.6624695,35.046436
OCCCC=C1CCCC12ONOCCCCCONNC=NC=C2,GRU,-4.076638,46.121094
CCC=CNCC1C=CSOC1(C)NCN,GRU,-10.428651,-1.5747743
C(N)C,GRU,-45.717106,-14.8981285
CCC=CC=C(N)NC#C,GRU,-58.730656,1.0525911
C(OCC(C)CCC=O)N,GRU,-73.84901,17.214012
CCCC=O,GRU,-76.70583,-1.8186282
CCCC=O,GRU,-76.7056,-1.8184125
CCCC=O,GRU,-76.70581,-1.8185663
C=CN=CC=NON=CC=N,GRU,-36.668262,54.972973
NN1OC=CCCCC1,GRU,24.756252,52.896717
OCCCC=C(C)C=O,GRU,-62.13286,44.38208
N=NC=CCC=NC,GRU,-45.645725,30.376707
S1C=CC=C1,GRU,20.583647,54.84487
C(C)C=CCC#CC(C)CCl,GRU,-53.77236,-1.7232798
C[NH1]ONNC=C=O,GRU,-72.69324,30.739773
N1CN=C=C(S)C1,GRU,21.320328,38.600945
OCCNNC=O,GRU,-37.862003,30.372478
CCBr,GRU,-48.257244,-14.363557
CCBr,GRU,-48.25731,-14.362884
C=C(C)C(C)N=CN,GRU,-55.75148,17.314575
C1=CC1CC=C,GRU,-2.279698,63.316162
CC(O)(S)C=C=C(C)C,GRU,-48.912964,37.268482
CCCCCCOOOC=CCCl,GRU,-65.20177,-18.455503
CCNCCCCNNC(C)C=O,GRU,-68.35841,12.632665
C(CC(C)C(C)C)C=C,GRU,-59.511726,15.104917
OCCCCCNCCI,GRU,-36.95459,28.550303
PCCCN=CCl,GRU,-29.08488,47.09492
CCCCN=O,GRU,-60.58173,-23.820057
CCCCCC,GRU,-58.48349,-27.667578
CCCCCC,GRU,-58.483166,-27.667349
OCCCCN(CCCC)N[NH1]NC,GRU,-55.687145,-23.04076
CC=CC=C(C)C=C(C=C)CC,GRU,-50.385277,13.489422
C=COCN(C)CC1=NC(C)CC1=CC#C,GRU,-0.8083455,59.48245
CN(C=NCN)C=CC=CCl,GRU,-30.14895,43.204746
CNC=CC(C)C=CBr,GRU,-44.215122,4.320433
OC(C)(C)CC,GRU,-41.07075,-23.855808
C(C)CC=C[NH1]NC#C,GRU,-62.2184,-0.7921003
C=CCC=CC=C=C=CC(C1)CCNCCC1=N,GRU,1.8331698,56.41333
CCC=CCNC=CCCCCl,GRU,-62.130817,-5.4094057
C1=CCC=C=C1C,GRU,33.432163,22.240646
OC(NCCCCC=CC)(S)O,GRU,-50.817684,24.794264
C1CC=C1CC2CNCNN2N,GRU,24.536793,38.12716
C1SCNCC1Br,GRU,16.052298,37.874794
C=COOCCCC(NCCC(C)ONCC)C#CCOCC(C)C=N,GRU,-61.240612,9.947203
CCCCCCC=CCC,GRU,-70.297386,-7.3104854
N=CCCCCO,GRU,-29.171968,31.687395
NCC=C1CN2C=CCCC2CNCC1,GRU,24.678066,37.834103
CCCC#N,GRU,-51.915977,-13.375983
CCCC#N,GRU,-51.915977,-13.375983
CCCCCN(C)C#CC,GRU,-58.973682,-26.275984
COC(N)CNCCOSC#C,GRU,-40.290833,7.124432
C(CN)=CCCl,GRU,-28.459942,41.536392
C#C,GRU,-16.175348,51.408825
C#C,GRU,-16.174091,51.39154
C#C,GRU,-16.172632,51.363724
C=CCC=C,GRU,-43.513786,53.313263
ON1C=C1C=NOC=C,GRU,-35.896446,56.526527
CC=CC1OCN=C1CCCPCNOCS,GRU,-8.422231,35.320152
O1CCC=C=NOCCC1,GRU,18.417385,50.087357
NCCCC=CC=CCC=CI,GRU,-35.670326,42.22084
CCNC=CCN=O,GRU,-71.41558,1.746883
CCC1CC1,GRU,-6.8736863,2.1146567
SCOC(C)OC(C)C=N,GRU,-41.175144,-2.3123412
C=CCOC,GRU,-44.947075,50.183216
N1NC(NCF)C1F,GRU,-10.931002,50.738224
OCOSCNCCOC=CCCC=O,GRU,-66.67871,44.519764
C=CC=C(C)CN1NN1C=CNCC=CCC=O,GRU,-75.86366,30.821846
CCCNCOCNPNC1C=C1,GRU,-55.23878,-17.559809
O[NH1]CCCCCN=CC=CCS,GRU,-40.885647,24.708954
C=CCC=C=CCCCCCOCO,GRU,-44.246216,41.346752
CC=NCCC=NC1=CC1,GRU,-2.594116,39.97866
CS(C)CCNCOCNC=O,GRU,-79.486176,23.853012
C=CC=O,GRU,-56.878735,45.752914
C=CC=O,GRU,-56.87834,45.753227
C=CC=O,GRU,-56.879047,45.75302
O1C(C)NC#CC=C=C1,GRU,19.849745,30.324165
CC(CNCC(S)=NN(O)C)=CC=CCCC,GRU,-53.379047,6.131545
C12CCC1C=C(C)C2,GRU,29.292683,24.706324
COCC=1CCNCC=1OCOC=O,GRU,-77.56376,20.408916
NCCNC=O,GRU,-70.20302,46.09717
C=C(C)OCC1C=CCCO1,GRU,16.644445,26.817034
O1CS(C1)OC,GRU,-21.68403,4.999531
OCCCN(O)C=N,GRU,-29.103931,31.48276
CS1CCC=C1NCCOCCC=C(C)CC(C=CCO)(S2=CCCC=C2CC[NH1]N)C#N,GRU,-44.82405,21.471592
C1COCC=C1,GRU,17.040787,48.477215
OCC=CC=CN,GRU,-33.47736,35.928307
O1CCCC1CCCCCCO,GRU,-5.3768425,23.904444
OC=C(C)CCCC=O,GRU,-75.918945,38.30113
NCCC(CN)C=C=N,GRU,-32.461773,43.42561
CC(N)COC,GRU,-31.428934,-4.95134
CCCCCNCCC=O,GRU,-77.349724,-15.49739
CONCN=C1C=CC1,GRU,19.801607,22.570154
OCC=CCC(C1)=C1O,GRU,-31.935883,33.94806
OCCC=CCCOCCCCl,GRU,-34.10125,24.441732
CNCOOCCCCC=NC,GRU,-57.57651,7.7092032
C=CC=C=O,GRU,-36.6517,52.64796
COCCOCCC=O,GRU,-81.73191,21.734165
CONCC=CC=O,GRU,-78.436485,21.955217
C#CCC=C(O)NC=O,GRU,-60.177826,38.771057
C(N)Cl,GRU,-23.02822,39.29233
ON(C)NCCN=O,GRU,-28.459333,-32.947258
CC=CCCC=NCSCC=CC#C,GRU,-52.177006,30.224627
C=C=C[NH1]ON,GRU,-36.719303,50.102978
N,GRU,-14.93279,52.539406
N,GRU,-14.906495,52.5329
CCCCOCC(C)=O,GRU,-67.783104,-36.438175
COCC(C)OCCOS(C)S1=NO1,GRU,-30.549194,-4.922274
C1(O)C=C2NC=CCC=C1C2N,GRU,23.539776,36.386906
CC1CCOCCOC2OCC=NC=C12,GRU,30.165045,32.191612
NCC(C)(C)CC=O,GRU,-73.8013,46.07702
CCN=C(C)C=NN(C)CC=O,GRU,-83.173836,8.312851
C1OCCCON1C,GRU,10.978959,35.30966
CCCC(C1)C1=O,GRU,3.2921762,-5.452131
OC=CC,GRU,-48.71903,34.502678
CCCCCCN1C(C)C(S)CC1,GRU,-21.01106,-17.530737
C(C)=CC=CCCC=C=O,GRU,-53.603092,31.791168
OC=NC(CCNCCl)OCC=C=N,GRU,-43.44312,19.332727
N(C)C=O,GRU,-71.6918,29.423882
C=CCF,GRU,-42.950527,52.5514
C=CCF,GRU,-42.950527,52.5514
CCCC=CCC(C)C=NOOCC,GRU,-51.24443,0.57171017
NCCCN=C=CC=O,GRU,-72.86117,48.457573
OCC1NCCCN1CCCSC#N,GRU,8.67136,30.217037
C(C=CCCC1OON)C1(C)C2=CC2CO,GRU,0.98726743,3.4639118
CCC=S(N)C=CCCCCN=CC=C=CBr,GRU,-65.19543,-2.6181226
CCNCC(Cl)CCl,GRU,-52.261395,-19.675316
OCC(N)=CC=CC(S)C=C(O)NC1CC=C1,GRU,-8.394632,24.386177
C1NCCS#CC1I,GRU,16.058237,37.9173
COC(C)=C1C(C)(C)CCC1,GRU,3.7222383,3.612444
CCCC=CC(C)=CC#C,GRU,-61.72612,0.448165
CCCCCC=C,GRU,-71.47111,-12.387746
C=C1NC(O)=C=C1CC,GRU,-2.1450186,-13.996475
CCC=CC=CCC=C,GRU,-47.09223,47.14988
CC=CCCOC=O,GRU,-57.439564,28.727053
O1CNCC1,GRU,12.673354,44.03443
C1=CO1,GRU,17.010117,53.92963
OCCSCNCN1CCCC(C)C=C2C1PC(CO2)C#CC=C,GRU,-5.3198357,67.34222
NN=C(C)C(CC1(C)CC12)CCCC2,GRU,0.64618826,8.079984
C(N)C=NCCOCOC#N,GRU,-39.03019,41.402462
OC=CCC(C=CNNC#CCCC=C=C)=O,GRU,-40.936043,37.675
SC(C)C(CC)C=CC=O,GRU,-72.42667,13.235978
NNC(CNSCCCN)CCC=O,GRU,-71.96625,50.158463
OCCCCC,GRU,-55.681007,-23.668161
NNCC1CNCS=C1CC=O,GRU,-13.085547,21.85705
COC=C(C)C=O,GRU,-67.11718,26.49737
OCCC#C,GRU,-32.052433,31.08934
CCCCN=C,GRU,-60.59366,-24.700848
C(O)CNCl,GRU,-34.707943,28.492716
CCCCC(C)CCCNC=O,GRU,-80.25156,-16.817432
CCCCC=O,GRU,-76.59864,-4.8018436
CCCCC=O,GRU,-76.62512,-4.8030763
CCCCC=O,GRU,-76.59864,-4.8018436
CCCCCC(C)NCCCCl,GRU,-71.65119,-25.604006
CONN(CCI)O,GRU,-26.71676,-0.21477106
CC=COCC1CC=CCC1CCCCN,GRU,-0.46255323,35.085747
CCCN=O,GRU,-58.67607,-20.647205
NCSCCl,GRU,-22.421602,39.468388
CSCNCC=CBr,GRU,-72.62186,36.517056
NOC=1C=NOCNOC(C)SC=1,GRU,24.891037,26.05387
C1CCC=C=C=CC1,GRU,24.403107,50.74845
C(N)CCCCCCNO[C+1]CCCONO,GRU,-21.084063,26.956326
C=CCC=C[NH1]CSOC=N,GRU,-44.265102,53.550007
CC=CNCCPN,GRU,-34.892265,14.493781
COOCC=CN(C1)C1,GRU,-32.41644,2.6792612
CNOCCNCCCC=CO,GRU,-41.515995,22.230623
N(CCCC)CCCC=C(S)C(C1)CO1,GRU,-75.947845,-14.712048
CN1OCCC1=C,GRU,10.516496,35.581383
OCCSCC,GRU,-46.177937,-10.959569
N1OCCCCCC(C)=CCC2=CC=NC(C12C)O,GRU,33.280254,26.595242
C1CCCCN=C1C(C)C(C)C=C,GRU,6.087132,57.617504
C=C(C(C)CCF)COOCCCCCC=C,GRU,-60.68069,11.917128
C=C,GRU,-16.866108,54.757313
C=C,GRU,-16.86597,54.757046
C=C,GRU,-16.866064,54.757214
CCC1CCC=C1O,GRU,-5.0780754,-11.234991
CCCNCC(C)C=CC,GRU,-69.70125,11.501892
C#CN,GRU,-19.916567,52.8205
CCCC(CC[NH1]CCCC1CC)CNCCC1,GRU,-6.237546,4.1915565
CNCCCBr,GRU,-26.318571,14.021722
CCCCCCCNCC=C,GRU,-77.33911,-18.221626
OC(=NC)C=CPCI,GRU,-48.904694,7.4915404
OCCC#CNC#CC=C=CF,GRU,-37.18025,32.658836
NOCOC=C(O)[NH1]C=O,GRU,-67.24367,39.9268
C1CCCNC1,GRU,11.209398,40.25721
COCC(C)C=CC=COC,GRU,-40.262184,-1.6292616
N1C=C=C=CC1CBr,GRU,17.44241,56.686703
CN(C)CSCCC(C)(C)CC,GRU,-44.48223,-24.073978
C1CC1(C#C)C,GRU,-21.624268,51.903942
C=C1C(C)CC=C1NC=C,GRU,1.1357629,61.836384
CCC(C)=CBr,GRU,-46.303825,11.247789
CCC(C)=NCC=O,GRU,-83.80191,7.5460963
CC=CSCCNN,GRU,-35.07333,14.629548
CCCC(C)CC=C=O,GRU,-70.91652,12.793419
C(C)=CC(C)CC(CC)CC=C1CC(C)OC=C1,GRU,-1.7771065,-4.945639
NC(C)SCCF,GRU,-33.780727,-15.992376
OC1CC=CC=CC(OC)CC=C1,GRU,17.69437,26.38099
NCCCCNCC1(NCC)CS1(C)(C)C,GRU,-18.241924,28.452599
CC=CCC(C)(C)C=O,GRU,-57.93334,30.266129
C1=CC(N)N=C1C,GRU,31.121225,21.010706
OCCNC(CCCCCCC#COCOC1C)CCCOCC1COC=CCCCC,GRU,-12.383165,3.4190454
OOCCCN=O,GRU,-30.00691,22.313713
OC(C)CC=CNCCCNI,GRU,-43.627026,1.6187221
CCNC=O,GRU,-76.0833,6.173023
CCNC=O,GRU,-76.083244,6.1732593
C1CC2C=CCCCC1=NCCCN=C2O,GRU,29.470255,47.29513
CCCl,GRU,-49.56958,-21.508919
CCCl,GRU,-49.56888,-21.50771
CCCl,GRU,-49.569626,-21.508942
CC(C)=CCC(C)C(C)CCC(OC)(C)CC(C)CC=SC,GRU,-38.02114,4.043452
CCC=N,GRU,-53.257023,-8.855493
C1C(N)(C)C=CCNC1CN=C,GRU,1.9373631,10.95146
NCCCC=O,GRU,-70.897995,49.4735
NCCCC=O,GRU,-70.897995,49.4735
C(C1OCCN)C1CCCCl,GRU,-22.918903,37.514523
N1CCC1N2C=C=CCN(C)CC=C2,GRU,15.187037,30.870453
CCOCSCCCOC,GRU,-41.69461,-33.509197
CNSC=CC(C)=O,GRU,-23.996449,-36.538246
CCNCC=C,GRU,-45.77358,46.586117
NCC=CCNOCCCl,GRU,-26.033329,38.06604
C(CCCC=C(C)C1C=C)CC=C1C=CCNC=C,GRU,2.9679615,64.27403
C1CCCC=C=C=N1,GRU,24.056307,49.532055
NCNNC=O,GRU,-70.45385,45.671658
CC(=O)CCNOCC(OC)CCC=O,GRU,-75.20808,21.488684
CNCC=CC=CN(C)C=CC=C=O,GRU,-73.8627,29.641222
CCCCCNC(C)C,GRU,-73.2723,-25.067726
OC1CCCCC(OC1)[NH1],GRU,-0.56343615,23.640257
CCCCCC=C(O)O,GRU,-71.223175,-7.5670114
CCCC,GRU,-49.2444,-15.846294
CCCC,GRU,-49.244545,-15.84659
C12NOCCC1CC2,GRU,2.1773489,23.827757
NCN=C=C(N)SC(Br)NC,GRU,-26.314493,10.984815
C1SCCCC=C1C=CSCCO,GRU,-0.6033185,44.212425
PC=CC1=C=CCCO1,GRU,14.991617,50.233696
CC=CC=CCCCCCC=CC=CCCC=C,GRU,-49.47589,48.489902
N=CC=C(C)CCC=O,GRU,-75.83431,38.351692
C1CC=C=C(C)C(C)C1(C)Cl,GRU,5.743828,7.001702
C=CCCN(C)CCC(C)F,GRU,-60.454346,14.759576
C=COF,GRU,-41.637276,52.960133
C1OCCC1CC[NH1]CNC=C(C)N,GRU,-3.5277207,29.004696
N12CC1C2O,GRU,8.112222,23.633768
C1=COC1OO,GRU,-0.2971693,31.29358
NCl,GRU,-19.495726,44.16919
NCl,GRU,-19.495714,44.16924
NCl,GRU,-19.49569,44.169285
NNCC=CCC1N=CCNC1=NC,GRU,-2.7199843,38.50222
C=CNC=C=C,GRU,-37.542213,51.577526
NCCCCCCC(CC1OOCCN1C)NC2C=N2,GRU,-12.773364,30.867498
CC(O)C=C,GRU,-58.081577,16.466663
OC(C)C1C=C1P,GRU,1.090307,-12.1585655
COCOCOOC=CC=O,GRU,-79.024895,20.294949
C=C1NC=CCC=C(CC=O)CC1,GRU,11.197816,59.59445
CCNNCCCC=COCOCC1CC1(C)C,GRU,-61.707386,-9.525799
CCCCCC=O,GRU,-76.266754,-5.3997016
CCCCCC=O,GRU,-76.82025,-5.359663
CCCCCC=O,GRU,-76.266014,-5.4012284
C1NC1,GRU,12.26771,39.692554
C1NC1,GRU,12.267489,39.69258
CNCF,GRU,-30.804579,13.523808
CNC(CC)(C)O,GRU,-40.852623,-23.67146
CSCOCC(C)C=CO,GRU,-40.3499,-2.6011252
NC(C)N[SH1](C)C=CC=C(CCl)C=COC,GRU,-38.61263,9.197297
OC1=CC=CCCC1,GRU,28.367609,46.709396
CCC=CCC#C,GRU,-62.69847,0.3839193
CCC=[NH1],GRU,-53.257023,-8.85626
CCS1CNCCCN(C2CC=CCC2)OC=N1,GRU,-12.074493,-2.7121663
C1CC1(CC=CC)CCCC=C,GRU,-49.3055,48.39105
CCCCCCC1CC2CCN1C=NCON2C=NCNC=C,GRU,-15.341489,-13.920338
CN(C1)C1,GRU,11.023312,33.45113
NC1=NCC=C1C=C,GRU,3.1319304,60.536552
CCCCNN=O,GRU,-61.14219,-21.244308
C1=CC=C=CN=C=NN1,GRU,20.017292,40.614704
CSC(C)CCCCON,GRU,-35.68929,-19.28216
CCOC(N)C=O,GRU,-75.80898,11.350097
NOC(CC)CF,GRU,-40.993633,-17.296003
CCCCCC(N)(CCCC=O)COCO,GRU,-78.24135,-5.367533
CC(=O)COCCCOC=C=O,GRU,-64.02579,6.2711835
OCCOOC(C)OOC=CC1NC1,GRU,-8.343968,9.7631645
S#CC=C=CSF,GRU,-14.743473,54.840176
CC=COOC=COCCC=CCl,GRU,-52.786106,28.592651
CCCC(O)CCC(N)=CCC=O,GRU,-73.86284,11.027885
C=C=NCCC1CC#CO1,GRU,-3.96785,34.336792
C(C)CC=CC=CCNC=CBr,GRU,-61.12802,-3.4516568
O1C(O)C=C(C)CN=CN1,GRU,30.255428,29.019012
CC1CCC=CCCC[NH1]C=CCC1=N,GRU,22.741879,32.292774
CC=CCCOCCC(C)=CCC(=C1)C1,GRU,-55.72211,9.923989
CCC1CC(C=C2CNC=C1C=C)C=C2,GRU,1.2113724,65.27533
COCCOOCCCl,GRU,-24.901281,2.3168356
N=NCN=C[NH1]CC=C1CCC1,GRU,5.2575655,52.64662
C(C=CCC)CC(C)=O,GRU,-24.216705,-43.474094
CCC(I)CCCCCl,GRU,-51.12073,-25.2069
CCOCC(C=C)=[N-1],GRU,-54.657753,-6.146198
C=C=CCC1=COCC1(N)C=O,GRU,11.79889,57.467712
OCC=CCNCCCCCF,GRU,-39.895527,30.587652
OCC=CCC=C=O,GRU,-39.14141,35.631756
CCC1OOC(C)CCCCNN1,GRU,-6.665559,3.53943
C1C=CC(O)NC1O,GRU,22.56139,35.87202
CC1CCNC=C1CO,GRU,27.275593,37.83273
O1CC1CCN=CC,GRU,-4.592447,34.498825
OOCCC=CC=C(NC=C=C)N=NCN,GRU,-40.145786,39.920345
C1CCOCC=C=C1Br,GRU,16.544744,50.944637
CN=C=NCC=CC=C(O)N1C(C)C=CC=C=C1,GRU,-44.242096,30.969383
O=NC=O,GRU,-59.041706,45.68307
[SH1]CC#N,GRU,-25.055443,51.271362
CC1COCC=C1COCCC(C)CCC,GRU,-2.593201,-4.582079
N=CCC(C)(C)CNCCCCCC(=C)CO,GRU,-38.731388,15.085469
C1CO1,GRU,11.363156,47.02589
C1CO1,GRU,11.36321,47.025936
CCCCC=C(CCCC)CNC=C(CCC=C=C1)C1,GRU,-18.298388,-12.341907
C1(C)CC(C)C1,GRU,3.747796,23.104698
NNC[N-1]CCNCNC=COC(N)F,GRU,-41.50794,7.0111976
O1CON1OC(C2)C2,GRU,1.6984088,23.37741
ONCOC,GRU,-26.813095,0.101640016
C1CCCC1(C)CC(C)C=CNCN=C=O,GRU,-72.25044,24.114576
C1N=C(O)COOCCC=C1,GRU,26.892754,19.094181
C1N=C(C1C)C=CN=NOCCCCCCNOC=CCC=N,GRU,-8.828242,36.11712
C1=CC=C1,GRU,18.772024,55.15031
C=C=C,GRU,-18.335684,54.75562
NNCNOCCl,GRU,-25.396618,37.876156
CC(=CC(N)C=C1CC2CS1)SC=C=C2,GRU,30.292673,24.025192
O1CC(CC=CCl)CN1,GRU,-5.3226843,29.73912
CCC=NC=C(C1)C1(O)Br,GRU,-50.042713,6.5709796
NNN=CCS=O,GRU,-32.73735,38.74203
NNCCC(C)CC(C)(CCCCC1CCC2OC1)CC2NO,GRU,-2.9700356,9.416882
C1NOC=CCC2CCCC21,GRU,21.800133,33.606945
ONC(C)=O,GRU,-24.216074,-37.910408
CCNC=CC=CCCCCl,GRU,-62.13844,-5.4458113
CNOCCOCC=O,GRU,-81.41293,24.319077
CC=CCCOCNC=P,GRU,-57.334988,28.23762
C[NH1]C=C(C)C(CNCCl)(C)OC=O,GRU,-40.54106,11.948591
OCCC,GRU,-44.852585,-11.186413
C#CCC=CC=C=CCC=O,GRU,-60.902103,34.328556
CCCC=C(OCCC1)C1CO,GRU,-11.748729,3.5845299
CCCCC1CN=C=C=C1C,GRU,-13.347688,-14.850267
CNC=O,GRU,-71.691895,29.423891
CNC=O,GRU,-71.6918,29.423882
CNC=O,GRU,-71.691895,29.423891
NCCC=NC(C)CC=CNC1CCCC1OSNCl,GRU,-40.78926,4.8439045
CC=CCCl,GRU,-53.092793,27.496002
CC=CCCl,GRU,-53.093052,27.496067
CC=NCCl,GRU,-44.637615,34.61612
C1(C=N1)C2CCCCC=CCC2,GRU,27.824451,51.415783
CON,GRU,-23.08728,5.395581
N1NCCC=C1,GRU,20.969408,42.58642
C=CC=C=CCC=CON,GRU,-37.837746,47.222176
COCNC=C(CCC)CCCCC=O,GRU,-78.75372,-0.48480543
NC(COCC=CCCOCC)=C=O,GRU,-65.316376,4.574074
CCCCC#N,GRU,-58.034527,-24.196129
CCCCCCF,GRU,-56.859047,-29.745235
S1C(=N)CC1,GRU,3.5728793,49.677143
C1OC(C)CN1C,GRU,3.5742447,27.962084
C=CC(C=NNC)=O,GRU,-22.497824,-35.62801
N1C2CC=C(N)CC(OC)CN1COCC2,GRU,24.503452,26.134918
NCC=C(C)NCCC=CCl,GRU,-41.381157,18.108597
CC=CCC=NCC(N)=O,GRU,-56.39764,30.9126
N(C)CC=CCC=C=CCC=O,GRU,-74.619,28.752594
C=CCNC(C)C(=O)SCOOO,GRU,-61.93415,19.316887
CC=CCCCC(NC)CP(N)(C)COC=O,GRU,-57.87627,27.943775
CC=C=NC1CCC=C1,GRU,-0.4226236,40.082638
C1C(C)C=S1CS(F)SC=SCC,GRU,-7.7976775,-6.9132514
CN(N=S(C)C=O)C=NSNCC=CNN=CCCCN,GRU,-71.27035,51.726696
OC1(CCOCC1CCCCCCCF)CC=O,GRU,-9.902725,31.16296
C1OS=CNCC=N1,GRU,18.524593,42.845417
OCCNCOCCNCOCO,GRU,-36.49683,30.543522
CCC=C(C)N=NC=O,GRU,-83.79092,7.5434933
CC=CCC(OCCCCCCNOC)=O,GRU,-26.986458,-58.640053
OCCCCCl,GRU,-33.061306,26.573462
OCCCCCl,GRU,-33.061306,26.573462
CCC=C(C)CC=NC[NH1]CC(P1)N1NOCCCl,GRU,-42.2691,11.605735
CC(C#N)C=C=CCO,GRU,-46.823647,-7.054807
C1NCC(=C)CC1,GRU,12.926152,41.023903
CC1C(=NC(C2=C1)CC)CCCCC=C=C2,GRU,-5.994942,-8.844182
CCCC=C(C)CNCN=C,GRU,-52.127132,9.403738
C1[NH1]C1NCC,GRU,-7.1049123,0.44464797
N=C(C)C(C)(C12)CC=NC1S=CC=C2COCOC=O,GRU,2.683163,-46.181892
C1C=C1CCCC,GRU,-13.473245,-13.990168
COCCC=O,GRU,-81.636635,21.685112
CNCCl,GRU,-29.35479,14.959871
C1(CC=C1OONCNCC)C=C(C)CC=CC(C)CCCCC#C,GRU,-38.510967,1.737267
CC[NH2+1]CC=C[NH1]CC1C=CCS1OCCNC,GRU,-11.075779,35.036137
CONC=COCOCCSC1=CCC=CC1,GRU,-9.678333,37.227753
CCC(C)N(C)CC=CCC=C=O,GRU,-69.143585,8.220028
COCP(NSC=C)CC(Cl)COCCN=O,GRU,-59.63478,20.730598
C=C(NCCO)O,GRU,-34.927605,29.276606
CNCC(N)CCCCCNCCS1C=C1,GRU,-36.328373,1.9309615
NNCCCCC(C)Cl,GRU,-35.960598,1.8302917
CC(N)[NH1],GRU,-31.662346,-10.796428
C(CCCC=O)CCNF,GRU,-59.29469,41.64131
C1C=C=C=C1C(C)C(N)CC=C,GRU,4.9795275,62.97575
C1CCCN=C1,GRU,23.974623,49.429977
C=CCCC(C)=O,GRU,-51.65155,43.282177
C=1C=CC=1N,GRU,38.120743,-14.5184965
CCCCCCCOC=C(C)CC=O,GRU,-82.51534,-8.51575
CN(Br)CC1=NN1,GRU,12.953377,-16.33315
C1=CC=CCS1CCSC2N3N2C3,GRU,23.211992,56.13734
OC1NC(C)C=C1O,GRU,26.349237,28.527658
I,GRU,-14.59897,52.007957
I,GRU,-14.598091,52.01181
N1C(C)(C)CCO1,GRU,7.587546,34.35338
OCN=O,GRU,-29.099768,27.331097
CCNOC(N)=CC#N,GRU,-57.019367,1.8776546
SCCCC=C,GRU,-48.756264,51.263165
CC=CCC(S)N,GRU,-53.85875,24.456863
C(SC=CCCC)(CCN=C(C)CCN)C=CCN=C,GRU,-51.42699,17.235554
CCNCCl,GRU,-52.007713,-19.519445
CCNCCl,GRU,-52.007736,-19.51941
CNC=CN(C)OCO,GRU,-31.374428,-27.180079
C=1=CCCNCCCCC=1N,GRU,25.806175,42.591263
N1SCC1O,GRU,6.507218,25.467573
C1#CN(N)CC1OC,GRU,-9.748484,15.75796
C1CCCSC=N1,GRU,24.543507,48.55641
NCC1C(OCNC)CCCC1,GRU,-2.5609915,16.385939
CC(S)CC=O,GRU,-71.669205,16.019243
CCCCCCNCCNCC=C,GRU,-77.34157,-18.226032
CCF,GRU,-48.426598,-17.656446
CCF,GRU,-48.427204,-17.656826
CCF,GRU,-48.42664,-17.656446
SCl,GRU,-19.368565,48.20208
N=C=O,GRU,-20.935766,58.07524
N=C=O,GRU,-20.93638,58.077145
N=C=O,GRU,-20.936281,58.07715
NC(C)SCS=O,GRU,-33.697212,-16.400778
C1C(C)CC=C=C1Cl,GRU,27.426733,24.686285
NCCCBr,GRU,-20.294378,33.956192
OCOOC=CC1CCC=CC1=O,GRU,3.4410427,-0.06617859
CCN1C=NCC1C=C,GRU,-0.70229334,64.16496
CCCC(C)=O,GRU,-22.11814,-42.246105
OOCCCCC#CC=O,GRU,-66.7705,42.123554
O1CC1C,GRU,1.9375898,26.231962
O1CC1C,GRU,1.9375507,26.23196
CCC#CC=C=C=O,GRU,-69.36037,4.858897
CNCl,GRU,-29.234789,16.620602
CNCl,GRU,-29.23512,16.620739
N1=CS=C=N1,GRU,18.920752,54.041855
CCC(C)N(P)CC#C,GRU,-31.007866,-16.492424
CCCCC=CC=CCNCCSCOC,GRU,-68.29953,-17.656694
C1#CC=CC=SC=C1,GRU,18.851873,54.62839
CCNC(C)C=O,GRU,-70.88542,11.667052
C=CCC=C(O[NH1])C,GRU,-48.179184,42.36932
CCCOCOCC(=O)C=CN=C,GRU,-56.638653,-7.5929036
OCCl,GRU,-31.98791,27.232794
N1C=CC=C=C=SCC1C,GRU,21.446117,30.382454
C1N(O)CC(C)CC1C,GRU,8.664927,23.82407
N=CCCC,GRU,-53.343258,-9.225751
OCCC=CC=CNNCC=O,GRU,-62.63858,43.30664
CONCCBr,GRU,-26.103819,1.0324569
NCCOC(OC)(C)C,GRU,-27.079187,2.3726811
O1CC1CCCNOC2COCO2,GRU,-19.334244,23.868803
CCOC(C)C=C(O)C=O,GRU,-75.945816,13.420742
OC1COCOC1C,GRU,-0.4127421,27.36659
NCBr,GRU,-21.230345,35.972668
NCBr,GRU,-21.230486,35.972473
CNC=C(C=CCC1CC(=C)CC1)OCC=C=O,GRU,-11.471643,34.186287
OCN,GRU,-25.233942,32.66048
C1=CC1C=C,GRU,-1.9688765,62.885704
CNCCCCCCCCC=CF,GRU,-41.708996,22.995274
C=1C(O)(CC=1CNC(=O)C)OP,GRU,3.855371,-46.150333
OCCC=O,GRU,-63.775757,43.91397
OCCC=O,GRU,-63.775757,43.91397
OCCC=O,GRU,-63.775757,43.91397
CCCCCCNC=SC=CCCCOCSN(Cl)OCF,GRU,-66.71036,-16.81906
CNCC=O,GRU,-75.182724,28.057055
O1OCCC1=O,GRU,14.626535,5.112498
CCOC=O,GRU,-77.31307,9.842549
CCOC=O,GRU,-77.312,9.842192
CCOC=O,GRU,-77.31313,9.842532
CCC,GRU,-48.111755,-15.804989
CCC,GRU,-48.111946,-15.797533
CCC,GRU,-48.115276,-15.793678
COCC=CC1=CCOC(C2)C=C12,GRU,-6.4784594,36.81146
C=NC=C=C=CC=C=C=NC#CC,GRU,-29.85088,56.96131
CCCCCCC=NCC=C=C(NS)CBr,GRU,-68.230446,-10.749135
CNNC#CC=C1C=C(C2=N)C1C=C2OC3OC3O,GRU,5.045897,1.5570732
C=SCCC=O,GRU,-59.028225,49.109566
CCOCCCC=O,GRU,-83.567055,15.198248
F,GRU,-13.83144,52.598442
F,GRU,-13.687748,52.269165
F,GRU,-13.676065,52.219517
CCCCOCl,GRU,-64.29737,-28.103918
CC=CCNC1SCOC=C1CCC,GRU,-32.321896,65.28085
CONCN=CNF,GRU,-28.532488,8.581007
CCC=S(CCl)N,GRU,-55.620117,-0.41875678
C=CCNCCCCNCCCCOC=C=CSNCCl,GRU,-53.81109,54.75608
CN=C=C(N)Cl,GRU,-27.056946,54.7189
NCNC=C(C)COCC=O,GRU,-76.097,41.76085
CC(C)CCC(=CCC(C)NC=C)C#C,GRU,-55.861664,15.857831
CCCC1=CCC=CC=C1O,GRU,-4.9396024,-11.005501
N1=NC1(CCNCOC#CC=C2)C=C2,GRU,18.991352,44.26917
C1OC=CC1(CNNNCC2)O2,GRU,18.873777,45.43927
NCOCCCC=CNCC1CN1C=O,GRU,-84.70665,17.630466
C=COO,GRU,-40.084076,54.642685
CCNS1C=CCC23S1=CSNCNC2ON3N,GRU,-10.268503,-2.4146717
NC1C=C(C)CC1CCC=C,GRU,2.7430768,65.125114
C1(C)C=C=C1C(C)=CC=C=NN,GRU,5.9927435,11.985594
N(C)CC,GRU,-28.009846,13.027085
ONCC(OC(C)CONCO)CC=O,GRU,-73.48485,20.450079
CCC=CC=CC=CC,GRU,-58.096165,-2.629889
C(C)CNCCNC(C=CC=CCOC(C1)C)[NH1]1,GRU,-12.01822,-6.3789787
COCC=CC=C,GRU,-45.327007,50.082027
C=CC(N)NCO,GRU,-44.132587,58.545868
ONC=CCCF,GRU,-35.31216,39.24278
C1CCC(C)CC=C1CC#N,GRU,35.728237,29.50358
CNC(C)COO,GRU,-35.817497,-4.8225183
NNN(C)CN(C1C)NCCC=C1C,GRU,29.010035,28.173832
NCN1CC=CC=C1C(C)CCSN,GRU,1.5603226,-9.225353
CCCCCCCCCCCNCCC1CC=CC1,GRU,-76.02995,-19.494404
SCCCCCNCNCONC=C,GRU,-54.256134,54.385174
CCNNNN=CCNCC=C(N)C(C1)C=C1,GRU,-8.761252,-3.9622545
ONCCCN(C1COCC=N1)CC=C(C)CNC2C=CC=C2C,GRU,-4.564964,35.86573
NNN=O,GRU,-23.094501,61.90577
C[NH1]CCCOCC=NC[NH1]C=N,GRU,-57.601192,7.5397058
C=1C(C=O)OCCCN=COCC=1,GRU,12.834399,54.040077
CCOBr,GRU,-44.75313,-16.630098
CCOBr,GRU,-44.75313,-16.630098
C1NOS(C)CC#CC1(C)NCCl,GRU,6.8669376,34.36278
C=CC#CCCCNC=CCCl,GRU,-51.463802,54.453793
S=O,GRU,-17.563599,59.754593
NCCCCNCCNCC1C=CCC=CC1,GRU,-17.211348,28.650433
CCS(C)CCC[NH1]OOO,GRU,-67.577324,-20.301786
OCC1(C)CCCN1NCCN,GRU,-14.408606,28.117653
NCC=C(CC=CCl)F,GRU,-29.037643,41.31986
CNOOCC=NBr,GRU,-34.909107,17.475983
N1C=C[NH1][NH1]OCC=CC1C,GRU,20.827356,31.162794
NCCCC(CC(=C)C=O)(C)CNC=O,GRU,-74.57451,46.05675
CC=CNCOCN,GRU,-34.873737,13.228686
C1C=CCC=C([NH1]2)C=C12,GRU,23.492794,42.22323
OCOCCC=O,GRU,-66.1161,43.64201
N=NCC=CC(C)CN=O,GRU,-45.999577,-3.0159473
NCCl,GRU,-23.028181,39.292305
NCCl,GRU,-23.028185,39.292324
CC(N)CCC=NCCCC1N=CC(C)=C1C=N,GRU,-45.441803,-1.6908861
N1=CNC=C1C2=CCC=C2O,GRU,13.680046,-19.270452
OC(=C)N(C)CC=CC=NC#C,GRU,-53.830753,20.30537
OCCCNCNCC=O,GRU,-38.181633,30.354168
CCCNN=O,GRU,-60.018597,-20.313837
C1CC1C2=CCCC=C2O,GRU,39.60521,38.654087
CSCC(P)C=CC#N,GRU,-47.46862,-6.0155087
C(C)=CC,GRU,-48.85074,33.719624
NSCCCNI,GRU,-20.489561,24.360464
NCC=S,GRU,-32.00843,42.183674
OC(C)CC[NH1]CCN1C(C)=CC=C1C=O,GRU,4.5737414,-59.743015
CN=C(CCCCN)CC=NC1CCC=C1CCOC=O,GRU,-0.9024306,35.453777
OF,GRU,-16.096687,47.802216
OF,GRU,-16.096548,47.80207
C1CC1CCCCCCCC(C)=O,GRU,-8.848867,-27.669458
OC(CC1)C1C2C(C)CC2(C)CCC#C,GRU,0.76433873,6.6726093
CCCC=COCC=NC=CCCCC(C)=O,GRU,-53.73054,8.161481
CN=CC=CCOCC=C=CNNCC(C)F,GRU,-48.57948,-0.039093595
CNC(C=CC=CI)CC=O,GRU,-74.56093,25.724031
CCNNF,GRU,-50.055477,-17.765013
NN1C=NCPC1C,GRU,15.108285,28.602425
C=C(C)CCCCCC=C,GRU,-50.53949,44.273148
C(SC=CCC=O)CNCCBr,GRU,-72.31892,37.121803
COC=CC,GRU,-23.081793,6.924714
COC1C=C1[NH1],GRU,30.277897,-11.403956
CC1=C(CCCCCC=NCC)C1OC=CC,GRU,-66.94524,-9.294587
CNC(C)CCCC1(N)N(CNC=CO)CN=C1O,GRU,-40.502266,3.2606533
CO[NH1]C(C)=CN,GRU,-37.678577,11.829995
CC=CCCCC1CCCN[NH1]C=COOC1,GRU,-47.03313,27.241808
CCCCNCCCC=CCOCCC=CCCN,GRU,-71.18888,-17.030416
S1OCCCC2=CC12,GRU,32.209328,35.687572
N=CNC=CCONOC1C(C)COC1C,GRU,-7.790183,35.083775
NOCC=CC=N,GRU,-31.22704,39.938736
COCC(C)CCCCC(CSC#CCCC)CCCCC=O,GRU,-81.56166,-3.5447905
CCCOC=CC=O,GRU,-78.83284,10.283609
OCCCC1C=C1CCCC#CC2OC2NC=C,GRU,-43.466244,40.03424
CC=NCC=CC=CCCCF,GRU,-49.596348,28.697367
CCCCl,GRU,-50.160908,-22.291426
CCCCl,GRU,-50.16019,-22.292095
CCCCl,GRU,-50.1604,-22.29114
COCC=C,GRU,-44.948147,50.182697
CCCCCCCCCOCCCCC(C)NC=O,GRU,-84.30467,-8.336081
CCCCCNCCCCCCC=NC1NCCC(F)N1,GRU,-75.65028,-15.991725
CCCC=CC1S2=CC=C1C(C)C2=C,GRU,-16.961212,-9.823912
C1(O)COC1,GRU,-1.4554284,26.603222
C=CC(O)CC=C,GRU,-42.622025,57.273468
C(C)CCl,GRU,-50.160873,-22.29101
CC(C1CNCNN1C=N)CC,GRU,-8.831756,0.6387125
OCNC1C=COC=C1,GRU,-7.2444563,25.796505
CCCC[NH1]F,GRU,-73.55647,-21.458992
CNC=CCCl,GRU,-31.999271,15.885659
CNC=CCCl,GRU,-31.999271,15.885659
C=C=CCCC=NS=C1CCC=CCC1[NH1]O,GRU,0.2505994,53.88352
OCC=C(CCCN)NCCC=C=NCCCCCN,GRU,-23.006948,29.336674
COCCCl,GRU,-24.884178,2.3219073
CC=NC(N)C=CC=NCOCC(C)CC=CI,GRU,-49.31392,1.5893992
NC(C)CONCCCC(C)=C(C)CC=COC#C,GRU,-40.786785,8.346036
C1C(CC=O)C(C)C=C1,GRU,-16.253424,10.736716
CCN(C)C,GRU,-46.064445,-23.542944
CN=CCCCCCNSI,GRU,-41.12363,24.584703
N1C=CC1CC=COCON,GRU,1.3649261,35.688187
CCCCCC(C)(C)C=C,GRU,-72.12645,-12.98076
C1N=C1O,GRU,26.357729,18.046568
N1=CCCNCCC1,GRU,19.407774,41.958096
C(C)#C,GRU,-21.66678,53.002438
C(C)#C,GRU,-21.666687,53.00256
C1=C(O)SO1,GRU,27.312712,18.615038
C=C=NC,GRU,-28.63682,56.847336
NN(C1)CNNN=NC=CC1CC=C=CO,GRU,2.1934583,36.365017
CCC1C=CCN(C)NC=COC1N,GRU,-10.708744,-2.9396708
NCNC=O,GRU,-70.59022,45.815968
CC(S)CCC,GRU,-37.47022,-13.089814
OC=C(CSCCNCCONC=C=O)CCCC#C,GRU,-71.46428,40.148926
CCC=CCC(O)CC=COC#N,GRU,-49.983707,-5.255985
CC(C)PCCl,GRU,-36.371048,-7.7862396
N1C2=CCC=C=C21,GRU,23.558805,42.18588
CCCCCN=NCNSC=CCl,GRU,-64.10564,-21.082718
OCCNC(CCC(C[P+1]1Br)CC)=C(N)OCC1,GRU,-10.821336,4.4615684
OCCCC1SCC2=CCN=C(C2(CC)C)CC1,GRU,0.7758466,2.6805868
CCCOCC(C(O)CC(N)CCCC)CCOCC=S,GRU,-53.000893,-36.80347
CNCOCC(COCCC=COCCN)=O,GRU,-58.19545,26.158112
CC(=COCC)CC=NNC(C)CC=C,GRU,-50.223465,3.8105447
C(CCCC=CCC)=O,GRU,-74.65989,-2.4101162
NCC=O,GRU,-71.626366,46.535553
NCC=O,GRU,-71.627075,46.53566
C1=CCCCCOC1(C)C#CCC#N,GRU,19.3203,46.819668
CCCNCCOOCOSC(N)C=O,GRU,-80.52062,3.4925265
O1CCCCCCCCCCC=CCC1,GRU,18.894636,50.361233
CCC=CNCC=O,GRU,-76.136734,5.319608
COC=CC1C(C)CC2C1(N)S[NH1]C2CCCCNN,GRU,-15.371064,24.541765
CCOCCl,GRU,-46.10439,-20.432838
N=NC(C(N=NCC)C)=C,GRU,-36.84858,-11.758851
C=CCCCC(C#N)NN,GRU,-50.69654,55.496838
CNCCCCCCl,GRU,-28.27163,14.5734005
NC1C=CCOC1C=CCNNNC=O,GRU,-15.617656,19.229826
CCCCCCN[NH1],GRU,-74.7209,-21.462496
COC=C=CC#CC=C(N1)ON1,GRU,-23.174791,8.221757
O1CC(CCCF)C1,GRU,-10.563602,31.00048
C(C)(C)CCC(C)CC=CCl,GRU,-46.01785,2.203686
C(C)(C)C=NCCCC=O,GRU,-70.24255,21.429653
C=CNNCCC(C1)C(O)CN1C,GRU,-4.5064235,66.402115
N=CC=O,GRU,-65.41117,34.938065
N=CC=O,GRU,-65.41155,34.937805
N=CC=O,GRU,-65.41132,34.938206
CCCF,GRU,-48.745045,-18.754826
CCCF,GRU,-48.745155,-18.754852
OC1COC(S)C1,GRU,-1.5889182,26.700674
CC=CCCNSCC,GRU,-50.949787,25.630623
CN=CNCC1COC=N1,GRU,-4.52902,35.221577
CCCCNOCC=CO,GRU,-67.77753,-18.766188
CCC=C(C)COCNCNCNC=CCCN=CC,GRU,-52.88587,9.407427
C(CN(C)C(C)=C)C=C,GRU,-48.78132,44.645252
CCOCOCF,GRU,-44.759308,-18.516464
CC(C)CCCC,GRU,-52.700592,-32.037956
COCC=NC=O,GRU,-78.76393,19.500847
NCNSOCCC(N)=O,GRU,-15.641861,-35.77558
CCCNC=CC=COCCCC=O,GRU,-79.906525,2.5534363
OCCCC=O,GRU,-63.5165,44.476414
CCC=CC1NC(O)CC(=O)C1=C,GRU,1.9566569,-2.4655697
C(C)NC(N)CCC=O,GRU,-72.60525,9.045366
C=NOCCCCCC(OCCCC)CSCCC=O,GRU,-81.55456,-3.6461544
O1CCCC(=C)C1,GRU,10.415978,49.608124
C=CN=SC=C(C)CC,GRU,-50.948883,13.118662
NN=O,GRU,-23.08177,61.775112
NN=O,GRU,-23.081598,61.77537
CC=C(C1CCNCl)CNCNC1,GRU,-13.379462,25.100706
C(CCCCN=CC=C1CC1)O,GRU,-29.674768,32.873222
OCCC=CN,GRU,-33.54188,35.45885
CNC=CCCCC=O,GRU,-78.64166,28.7716
C12C=C1C=CCONCCC2C,GRU,23.323069,31.163452
N(N)C(OCCl)CCN,GRU,-24.504171,38.419178
CCC(N)C(CC1=C=C=C(C2)C1)SC(C)C2CI,GRU,-7.0754824,-2.1178095
C1[NH1]C=C=C=C1CON(O)CC=NOCC=O,GRU,-62.338924,38.123188
CCC=CC(=CC)C(C)Br,GRU,-52.787468,-1.5019847
C1NCC1=C,GRU,13.597568,40.779896
C1CCCCCCC(C)CCC1N,GRU,3.3733134,20.019005
OC=C=NC=CNCC(C#1)S#1C,GRU,-44.32814,15.788825
C1S(CC(N)=CON=N1)CC(C[OH0])C=O,GRU,11.624915,56.751736
CN=CCC=CC=N,GRU,-45.672405,30.390965
NC=CCNCC#CCC=C(C)CC,GRU,-46.884716,15.202653
OOCNNN=CC=CCC#C,GRU,-40.401478,39.594303
CC1CCC=NC1=N,GRU,28.428991,25.984148
OCCCCNCCC=CF,GRU,-39.975277,30.62354
OCCS=N,GRU,-30.681822,29.779978
NCC(C)C(C)=CCC(C)C=CCl,GRU,-41.870415,2.8352742
CCC=CC=C=O,GRU,-68.81345,4.63425
OCSCCCCCCCCCC=O,GRU,-63.31435,46.62126
N1CNC(O)C1,GRU,6.8330507,26.56625
O1C2CC=NN(O1)CS=NC2,GRU,21.082216,47.58462
CCCOOS1=NCOC(=C)C1C#CF,GRU,-3.7643442,-3.3471146
OCC=O,GRU,-64.20499,42.066494
OCC=O,GRU,-64.20476,42.066097
C=CC=N[SH1]=O,GRU,-35.51426,52.625877
C=C(C)OCCCCNC(N)F,GRU,-40.659462,9.571644
COCOCCCCCOCC=O,GRU,-80.53311,19.684237
CI,GRU,-12.472964,43.212383
CI,GRU,-12.477083,43.192852
CI,GRU,-12.599019,42.992542
NCCCCl,GRU,-22.063805,38.08999
NCCCCl,GRU,-22.064272,38.089836
CCCOCCCF,GRU,-66.91278,-27.60466
OOCNCF,GRU,-34.128464,31.037489
COCS(C)(=O)C1C=CC=C1C,GRU,19.449705,24.540958
CNC,GRU,-28.157888,17.125546
CCOCCCCC(C)F,GRU,-38.308567,-20.26674
OC[NH1]C(C)CCl,GRU,-36.178562,-6.938747
OOC=C(OSCC1)S1,GRU,2.7216039,51.1568
CC=CC=C=NONCC=C(C)NO,GRU,-45.28103,15.871818
CCCCC=CCN=CC(S)CNCSC,GRU,-70.59684,-9.473806
CCCCC,GRU,-58.05253,-27.540588
CCCCC,GRU,-58.052715,-27.539892
N1CS1CCCC,GRU,-57.174988,-27.195395
OC1CCC(C)=C1C#C,GRU,28.38427,21.814518
CCCCCCCl,GRU,-52.73399,-26.643402
CCCC=CN1C=CCC(C1=CCC(O)CC)=O,GRU,-18.749245,-9.792664
C(C)P(C)F,GRU,-48.357376,-17.44478
NNC(C)C(C)CC=CCN,GRU,-41.848095,4.2752104
COC(C=CCC=C=CCCC)=C,GRU,-61.827602,-1.2839755
CNNSCCN=CC=C=O,GRU,-33.67563,19.488209
CCC1CCCCC2N1S2,GRU,-8.558245,3.4037507
C(C)NCCCO,GRU,-43.11378,-8.349622
CONC(C)=CC=O,GRU,-66.81525,26.317299
OC#CC=CN=C,GRU,-35.093292,54.857895
CCOC1C2=C(C(C)C1C2)C=C,GRU,0.5835168,64.88914
C1=COCCO1,GRU,16.12873,48.594143
C(C)=CSC(C)C1=COC2=CC13CC=C2CC3N,GRU,0.265538,13.015302
CCCC=C(C)C=C=SOCC=C(C)C=C,GRU,-51.382137,13.5606575
[NH2+1]OBr,GRU,-10.788027,54.064777
C=CC(N)C=O,GRU,-56.880573,44.83455
N1CCCC1O,GRU,2.650846,16.768198
CCCC=CCCC=NC=C=CCCF,GRU,-63.94122,-0.6698941
N=C=CC=O,GRU,-64.654495,34.263523
C1C=COCNCN1CCNC(C)OCCl,GRU,15.180249,34.304214
CCCCNOCNCCC=CCCC1N=CC=C=N1,GRU,-68.8685,-17.777071
NCCCNCC(N)COC=C,GRU,-38.045338,17.309113
C1SCC=C1,GRU,21.792376,53.182858
CC=C(C)C=O,GRU,-64.88377,28.094048
N=CSCCN=C,GRU,-33.713196,55.047153
C=C1CC=COCNN1C,GRU,14.083041,34.392452
C1CCOCO1,GRU,12.027204,48.09656
CCNC(C)S=O,GRU,-38.407448,-10.984212
CC(C)CN(C)C(C)C=C,GRU,-60.246185,15.10111
C=CC=CCOCC=O,GRU,-56.355293,49.224632
CCC=CC=CS,GRU,-58.20501,-2.6145275
NN=CC=CCl,GRU,-27.643476,45.55342
CNONCl,GRU,-29.617495,16.49106
OC=CC1OOCC1,GRU,-1.7301708,25.23994
NCCCC1=NCC#CC=C(I)C1,GRU,-18.481466,34.409847
OC(C)CCCCCCl,GRU,-37.011,-7.725354
CCCCCCCCCI,GRU,-58.75674,-27.865982
CC=C=CC=C(C)CC=CCOCC=O,GRU,-62.49607,26.224112
CCCCl,GRU,-50.160908,-22.291426
CCCCl,GRU,-50.16019,-22.292095
CCCCl,GRU,-50.1604,-22.29114
C=O,GRU,-17.704031,57.87924
C=O,GRU,-17.70453,57.879555
C=O,GRU,-17.704695,57.87973
C=C=CCC(C)I,GRU,-56.790695,15.629514
C1SC2=CCC=C2CCNS=N1,GRU,27.06629,42.349525
NCCC1CN1CCO,GRU,-13.366208,29.228996
CCC=CCS=CCC=NC#C,GRU,-63.929573,0.67553055
N1N=NCNC=CN=CC1,GRU,19.658188,41.124447
CCCCCC(C)C=O,GRU,-81.44232,-16.274418
C12=NC1C=COC2,GRU,27.747946,34.44205
C=C(C)C=C=O,GRU,-63.9093,28.395575
OOOC(O)=C(C)CC=CCS=NCCO,GRU,-49.56497,20.592583
CC=C=COOOCCNC1=NC1,GRU,-8.7766485,35.235806
CC=CCCC=CC1CSC=C=CC=C1,GRU,-48.31587,27.015045
NN=O,GRU,-23.08177,61.775112
NN=O,GRU,-23.081598,61.77537
CCCCOCONCCS=NC,GRU,-66.29505,-23.659058
C1C(NCOC1(C)CSC)CCC[NH1]C=COC,GRU,-15.383365,24.544373
CC(C)CNPCNCC=C1C=CCO1,GRU,-1.1329991,-5.7948074
SCCC=CCCC,GRU,-60.3217,-2.8144987
C=CC=C=CC=CON=[NH1],GRU,-36.302467,54.783928
C1(C)SC1N=CN,GRU,-11.664418,39.684753
C1CC=NNC1=NCC=C(C)NCCCCNC=NCCCC=O,GRU,-43.047783,27.518793
CCC(CC=CC=O)COC,GRU,-78.570854,17.201145
C1OC(O)C1C=CO,GRU,-1.8642405,25.901169
N1CC1C=O,GRU,-11.73508,21.495737
OC=C(NCC(C)C)CN,GRU,-41.523796,3.6500995
CC=CC=CCOSCC=N,GRU,-50.17953,30.702095
COCC=CS1COCNCCCCCON1,GRU,10.071636,43.413635
NOCNC=C(C1)N=C[NH1]C=C1CC=C=C,GRU,3.284966,56.296337
C1CCCC=C=CCC#C1,GRU,24.738222,51.085175
C1(C=CCO)CCCC=C1,GRU,-7.34789,23.0817
C12CC=C1CCCC2,GRU,33.008884,38.721424
NNCCC=CCCCN(C)C,GRU,-53.808086,21.054636
OOCOOCC=O,GRU,-65.996414,41.310925
CCC1CC=CN=C1C,GRU,-6.186037,-7.4899683
CC(C)(N)CC=CC=NCCC=C=C(O)CCl,GRU,-63.560505,2.4977105
OCCC(C)CC=C(C)N=C,GRU,-56.03765,14.064169
O1CON(C)C=C1C=CCO,GRU,-2.16148,44.0709
CC1CCCCC1=O,GRU,12.68514,9.179726
CCSCC#N,GRU,-51.09214,-12.217228
ONOCC(C)CCl,GRU,-35.974903,-6.0646424
COC=O,GRU,-68.61058,27.132294
COC=O,GRU,-68.61101,27.132137
COC=O,GRU,-68.61102,27.132124
CCC=CCCCCC=NC=NCC=O,GRU,-74.142494,-2.1068492
CCSCCOCOC=C=N,GRU,-55.421513,-9.573663
COC(OCC1N)C=CC1=NCCC=CCCCNC,GRU,-6.506807,36.252483
NCCCC=O,GRU,-70.897995,49.4735
NCCCC=O,GRU,-70.897995,49.4735
CCCC1CN(C)CC=C1,GRU,-10.675025,-4.2068543
CCNC=C(C)Cl,GRU,-45.44019,12.365329
CCC=O,GRU,-74.98408,7.4460945
CCC=O,GRU,-74.98341,7.4469543
CCC=O,GRU,-74.9833,7.446777
CCCCC=CCC=C(C1)CCCC#C1,GRU,-17.802937,-12.159428
C=C=C(C)C(C)=O,GRU,-26.048532,-37.855923
CCCCCC=NC=O,GRU,-75.310555,-8.188484
CCCCCl,GRU,-52.505028,-26.240263
CCCCCl,GRU,-52.50412,-26.240309
CN=CCC=CCCCC1N[NH1]1,GRU,-47.919086,28.836746
CNCCCCOOC=CCC=C=C,GRU,-40.696365,21.329094
OCCCCCC=CCC,GRU,-60.45104,4.200136
C(C)CCCl,GRU,-52.505028,-26.240263
C(C)CCCl,GRU,-52.5048,-26.240286
CCNCCl,GRU,-52.007713,-19.519445
CCNCCl,GRU,-52.007736,-19.51941
NCS[NH1]CCC=CC(N)C(O)C[NH1]CC=C=C(N)SO,GRU,-38.819065,19.517511
C1CNC1=COC=C,GRU,13.685295,41.281193
CCCC=CCCCCCC1CPCSC#CC1C,GRU,-69.980286,-5.240928
N(C=O)OSBr,GRU,-70.354385,38.74878
C=C=CC=C,GRU,-37.690056,52.42186
CN=O,GRU,-26.152275,58.945354
CN=O,GRU,-26.152534,58.94541
CN=O,GRU,-26.152487,58.945408
C(CCC)C=C,GRU,-71.44087,-12.45775
CCC,GRU,-48.111755,-15.804989
CCC,GRU,-48.111946,-15.797533
CCC,GRU,-48.115276,-15.793678
CCNC1CC=CC=N1,GRU,-8.315488,-5.558755
C1=CCNC=CC=CNC2CC1C=C=C2CC,GRU,-6.554388,-6.470103
CCSCCCCCCl,GRU,-53.15065,-24.879469
CCCl,GRU,-49.56958,-21.508919
CCCl,GRU,-49.56888,-21.50771
CCCl,GRU,-49.569626,-21.508942
C(C(N)NCS)(C)NC1=CC1,GRU,0.44460577,-8.887773
C=C(C1)C(CCC)N=CCC1,GRU,-6.0535083,-9.010427
CCC#N,GRU,-51.35868,-12.880951
CCC#N,GRU,-51.35872,-12.880226
C12(CCC=NC1(C)CC2)N,GRU,10.820334,31.177637
ONC(C)COCCCC=O,GRU,-83.68303,16.949821
NC=CC=NC(Cl)CF,GRU,-28.620037,45.355587
CCC=C(C)OCC=C(C)CN1CC1,GRU,-18.613886,-5.8715067
OC(C)OCC#CCl,GRU,-35.02165,-6.9318805
CC=C=CP[NH1]NCC=C,GRU,-43.061447,47.60032
OCCC(C)CCC=O,GRU,-68.5005,20.697893
NCCC=O,GRU,-71.0817,48.528904
NCCC=O,GRU,-71.08173,48.528923
NCCCCOCC=CC=CNN=C,GRU,-39.52352,42.516594
CCNCCC(C)=C(OCCC)OCNCCCCC(C=C)(C)Cl,GRU,-61.787933,-12.791942
CNON=C,GRU,-28.896114,19.701223
OC=C(O)NNCCF,GRU,-34.59195,31.716969
CCCNCCNC=CCC=NC=C,GRU,-68.67335,-0.14581046
CCC=CCN=CCCNC=CCO,GRU,-55.295143,3.8858676
CCCCCNCCl,GRU,-75.238205,-20.415243
C(N)(C=O)C(C)C=O,GRU,-71.655045,17.793348
C=C(CC)C,GRU,-48.53472,11.426796
N=NC1=CC=C=C1CNCCC=CNNONO,GRU,-41.871666,26.677416
CC=CCC=O,GRU,-57.79613,30.094213
CNOCC(C)C=C,GRU,-60.854668,16.303734
CCCCOC=CCCl,GRU,-65.20135,-18.429502
N1CCCC1OCC=O,GRU,-11.535746,20.899302
CCCCCOF,GRU,-65.271454,-28.777582
CCCCCOF,GRU,-65.27167,-28.77764
CC(CN=CC)C1=CNC=C=C1C=O,GRU,-70.05121,16.327389
CNCCCCCC=O,GRU,-78.78816,29.59658
COCCCC=C=CON,GRU,-29.967228,5.210112
C=C,GRU,-16.866108,54.757313
C=C,GRU,-16.86597,54.757046
C=C,GRU,-16.866064,54.757214
CCC=CON,GRU,-57.182312,-2.4382453
O1CCCN(C)C=CCC=C1N,GRU,14.711433,32.65282
NC#CCCl,GRU,-23.263304,40.770004
NCCCC(C)CCOCCCCC=O,GRU,-84.427765,17.374414
CCC(C)CCCC=CCOCCCC=O,GRU,-83.84744,16.341883
CC=C(P1)C=CCC1=C,GRU,1.4316113,60.741985
NN=C(O)CC(C)=O,GRU,-21.951334,-38.982536
N=CCCC=C1CSC=CC1,GRU,5.9132037,54.93467
CC(C)OCl,GRU,-30.545778,-7.9763556
S1CCS1N=O,GRU,-24.596033,61.013077
C=CC=C(C)C(C([NH1])C)COCC(C)CO,GRU,-55.441856,13.769878
NOC=C(N)C[NH1]C(C)=NCl,GRU,-38.305363,10.403721
OC(O1)C1C,GRU,0.39556587,27.107834
NOCCC=C,GRU,-45.443245,52.34669
SCC=CNCC=CCO,GRU,-34.569397,36.67504
C=CC1C(CCBr)C1,GRU,-4.411922,64.43791
COC=CCN=NCCOCC=O,GRU,-79.113174,19.699545
C1=CC1CI,GRU,17.62624,56.397053
CNC=C(C)ONCNNCCl,GRU,-40.69855,12.267515
CCC=C=CSC=O,GRU,-70.75608,5.38935
OCC=O,GRU,-64.20499,42.066494
OCC=O,GRU,-64.20476,42.066097
N[NH1]CC=CCC1[NH1]CCC(CCCC)CC(N)=C1,GRU,-13.512524,-11.561134
C=CCCNC(O)CCC(C)C(C)CF,GRU,-62.099834,13.662054
C[SH1]1C=NCCOCO1,GRU,18.271189,48.114548
CC=CCC(C)=C(CC=O)CC=CCNCl,GRU,-55.11361,27.640165
C[NH1]C=C(C)OCCC=O,GRU,-82.01404,24.528963
C12CCCC(C)C=C1C2,GRU,28.644463,25.62108
CC=O,GRU,-67.67568,30.490122
CC=O,GRU,-67.84749,30.772951
CC=O,GRU,-67.67584,30.490717
C=CC(C)CCNCC,GRU,-63.75067,13.553504
CCCCS(O)CCOCC(=C)CCC=C(C1)C1,GRU,-65.218315,-13.773003
C(CCOCCNCCC)CF,GRU,-67.89901,-24.349455
C1=CCCCC(OCC=O)(C2)C=C21,GRU,12.302165,60.830894
CN=C(C)CCCOC(O)O,GRU,-37.400734,5.8572483
C12C3=CCN1CC3CC2,GRU,17.706547,20.370867
OCCNCCCC(C)C,GRU,-41.107403,-6.2086234
Cl,GRU,-15.279642,51.978203
Cl,GRU,-15.269679,51.583187
Cl,GRU,-15.253903,52.065075
Br,GRU,-15.30306,51.067505
Br,GRU,-15.296366,51.06669
OCCS=CC,GRU,-48.735806,21.44407
C1C=C(C)COCCC1,GRU,35.532505,22.614887
C1=CC2=CC=C1C=CNCN2,GRU,24.078901,40.615234
C=CC(C)Br,GRU,-58.624043,16.389847
NSCCCCOCCCCC,GRU,-65.34815,-27.164206
CC=CCCC=CC1=CNC=C1O,GRU,-49.530983,24.264893
N1C(N2)=SCC1=S=C2,GRU,23.593534,42.373714
CCC=CC(O)CCC=CCCl,GRU,-53.747356,-1.0834825
C1NCCCCCCN1S,GRU,9.581264,39.15799
CCCC(O)=O,GRU,-21.044725,-43.102215
CCCOCCC#N,GRU,-53.31871,-14.413047
CCCCCC=CC=NOCOC=C=C,GRU,-70.01242,-10.610795
CCCCC=O,GRU,-76.59864,-4.8018436
CCCCC=O,GRU,-76.62512,-4.8030763
CCCCC=O,GRU,-76.59864,-4.8018436
C=C=CC1C=CCC(C1CCNCCCOF)NCC=C,GRU,-54.56734,55.223038
CNC1=C=CCC=CC1Cl,GRU,21.096754,28.427925
C=CPCCC=CCO,GRU,-45.02842,55.88218
C=CC(C)C=CCF,GRU,-59.26254,14.940203
CCN1C(C)C(=O)C1CCC=CCC=C(C)CF,GRU,-18.69872,-9.741468
C=CCNCN(COCCC1CC(C)C)C1CC=O,GRU,-64.04016,16.12953
CCCCCC(S)=C=C(C)C1NCC=C1,GRU,-11.015334,-12.79811
NCCl,GRU,-23.028181,39.292305
NCCl,GRU,-23.028185,39.292324
CCCCC=CCC1CNSC=C1C#C,GRU,-70.20776,-4.938691
N1=NCN1,GRU,17.758677,40.49681
C=CCC(S)C,GRU,-59.594524,15.951984
CNCNC(=C)CCCN(C)CCC,GRU,-31.308962,-30.742565
OCCCCCCCCCCN=O,GRU,-28.66909,28.506966
CCCC(=C)CCCOCCCSOC=NC[NH1]C,GRU,-57.605064,5.7166724
C1N(CC)C1N=C[NH1]C2=CCC=C2OC,GRU,19.413254,22.499714
CC=CCCN(C)CCC=CF,GRU,-50.919724,27.851444
OC1COCCC1,GRU,-0.54727775,23.7399
C=NCCCONCN=N,GRU,-29.325497,21.60487
CCCCCCCCCC=CSC#CN=C=C,GRU,-70.55154,-10.237183
C1CN=NCC=CN=C(C)C1,GRU,33.67157,23.505322
CCC=CC=C(C)NCNNS=CCCN(C)Br,GRU,-53.46191,5.8893404
N=CCC=O,GRU,-63.150898,36.42368
N=CCC=O,GRU,-63.151054,36.423862
CC=CCCF,GRU,-50.75606,28.025856
NCCCCCC(=C)C(=C)N,GRU,-21.365492,33.360863
C(C)COCC=CC=C(O)OCNCC=N,GRU,-59.05259,-9.460125
C(OC=CC)F,GRU,-49.612667,31.122435
CCC(C)CSC=O,GRU,-72.274124,13.63437
CCS(C)Cl,GRU,-49.509342,-20.809767
C1(CCCN)C=C=C1F,GRU,-18.879992,34.20429
CC,GRU,-12.96274,43.169594
CC,GRU,-12.813625,43.426495
CC,GRU,-12.81984,43.42154
OCC(C)=CCCl,GRU,-44.28062,11.008239
NCCC(C)=C1C=CNCO1,GRU,25.075686,-1.5401236
CCOCOCC,GRU,-44.03064,-18.676254
O1C=C1C=CC=C[NH1]N,GRU,33.987915,50.96382
C=CCOC(C)(C1)C1,GRU,-44.06502,50.69329
CCC=CCONCCCCC=C=N,GRU,-68.015015,-17.122778
C1=CC1NC=C=CC=O,GRU,-63.654102,33.01295
NCCCNC(C)OCOC=CCCCC,GRU,-71.139465,-17.006783
C1(C)NCC=CC1=O,GRU,24.392782,29.590837
C(C)CCC1CNC(=O)COCC1,GRU,-12.041036,-18.021732
CNC=O,GRU,-71.691895,29.423891
CNC=O,GRU,-71.6918,29.423882
CNC=O,GRU,-71.691895,29.423891
O1OC2NCCC(C)S=CC21,GRU,22.497484,31.448362
NCOCC,GRU,-41.740463,-18.24436
CNCOCCC(O)C(C)CF,GRU,-34.894444,-4.3300834
OCCCCOC1=CC1CCC=C,GRU,-44.11569,41.147366
CC=CC(C1=O)=C1,GRU,47.962856,15.204967
C1CCNN1CC=C=O,GRU,9.274505,37.893433
CC(O)[NH1]CC=O,GRU,-72.80398,20.357832
NC=NCOCN1C(=C)CC2=C1C=C=N2,GRU,7.880671,11.592895
OCCC=CC=CC=C(C)C1OCCCCOC=C1C=C,GRU,-3.8117132,45.638325
CC=CNNC=CN(N)OC(C)Br,GRU,-43.100822,5.0010834
NNCOCCCF,GRU,-25.121864,35.89246
C(CCSCN)O,GRU,-26.00119,31.374743
C1=CC=CC1NC(O)=O,GRU,3.37959,-35.6132
O1CCCN1C=C,GRU,8.541,45.529488
CCC=COC1=NOCCCC1,GRU,-34.204365,9.357166
CCCCF,GRU,-56.333527,-29.4332
CCCCF,GRU,-56.333027,-29.432457
CCCCF,GRU,-56.332428,-29.434334
C(CN=CCCCC=CNC)CC,GRU,-69.52869,-9.229307
CC(O1)C(O)CC=CC=C1[NH1],GRU,24.163044,27.857851
CCC1C=C1O,GRU,-4.2900257,-11.693426
O1CCCC1C,GRU,0.49582767,22.148779
N1OCCCN(C)C1,GRU,11.199099,35.14447
CC(C)CC=CNCl,GRU,-45.137077,2.5712912
O,GRU,-16.279337,52.467323
O,GRU,-16.118656,52.76012
CCCOC(N)OCCC1N(O)C=N1,GRU,2.2340698,-55.75239
CCNC=CCCN=CC(S)CO,GRU,-55.267723,3.8915472
C12NCC1CC2(S)C=O,GRU,-11.758232,21.5885
CCCN(C)C(C)C=C(COCC)CCC[NH1]S=CC=C=NN1CC1,GRU,-60.458088,-15.756577
OCCCN(O1)C2=C=C(C)C=C1N2,GRU,29.331673,17.025667
CCCCCCC(N)C=S,GRU,-53.50579,-33.827923
O1CC1=C,GRU,9.267823,47.584717
CCC1CCOCOCC1,GRU,-6.9897614,2.5316167
C1OCC1,GRU,11.770353,47.565754
C=N,GRU,-16.460419,55.185497
NCCNC=C(N)CC(C#CC)CCC=C=C,GRU,-38.254116,19.23885
CCCC#CCCCC=CC=C(O)C(F)CC#N,GRU,-61.682064,1.6744474
C,GRU,-14.636792,51.128124
C,GRU,-14.488058,51.670437
C,GRU,-14.96937,50.97497
OCC(C)=O,GRU,-23.842487,-41.12911
COC(F)CCP=C,GRU,-23.002216,2.0492058
CNC=CC(CNCC1=O)C1O,GRU,7.0903,-0.01947897
CNOSCCCCCC=O,GRU,-79.585976,30.20537
C=CNNC(CN)(N=O)F,GRU,-35.797806,48.118042
NCCC=NC=CC=O,GRU,-72.052185,48.635746
NCCCCCC(O)COC1=CN1,GRU,-21.833838,31.976217
C1PN=C1C,GRU,30.74828,20.257753
OC1C=C2NC2C=CC[NH1]1,GRU,23.403742,36.185474
CC=CCCC=CCI,GRU,-51.036896,27.327003
C1NCCCS1=C,GRU,11.801024,40.59692
NCCCCCNC[NH1],GRU,-19.0595,28.91936
CCCCOCC=CC=O,GRU,-83.32614,-6.8666377
N1CN=C(C)CC(C)C=C1,GRU,28.819353,27.752993
CCCCNNC1=CN1CC=C=C,GRU,-71.41058,-19.988125
OCOCC=O,GRU,-66.14442,41.816715
CC(O)OCCCCCCSC=O,GRU,-75.90542,16.548937
CCCC=C=CCCCOC=C=C,GRU,-65.93891,-13.689074
C(C[NH1]CC=C(O)CC[NH1])=O,GRU,-63.847073,39.539394
C1CC1=CCC=C=CCCCC2CCS(C2C=O)C=O,GRU,2.5817664,-0.22429487
CCC=CCCC=C,GRU,-47.359165,46.945175
NN(C)C=O,GRU,-69.679955,32.28072
COCCN=CC=C=CC=SF,GRU,-29.4439,6.354163
CC=C=CC=O,GRU,-66.08404,31.056149
CCOO,GRU,-43.175045,-16.084278
CCC#CCCBr,GRU,-49.722775,-13.585814
OCN1CC=CCCC1N=C,GRU,-9.253286,12.596628
N=C=O,GRU,-20.935766,58.07524
N=C=O,GRU,-20.93638,58.077145
N=C=O,GRU,-20.936281,58.07715
NCCCC=CC=O,GRU,-70.42015,50.49728
CCOCC1CCOCCC1=C,GRU,-4.156371,-2.8432255
CC1OCCC=CC=C1,GRU,20.31277,31.347479
CCONCCC=O,GRU,-79.00374,3.5578506
CCCBr,GRU,-48.6514,-14.39391
CCCC(CCl)(CC)C,GRU,-42.897923,-24.98964
OC=C=CC=C,GRU,-38.6547,53.840683
N=O,GRU,-19.43957,59.550133
N=O,GRU,-19.439423,59.550182
N=O,GRU,-19.439493,59.550224
CCC=C=CC=NCCC=CCCCC=O,GRU,-74.20308,-2.1165576
C1=C=NN=CC(=C)C(C1)OC,GRU,22.450548,24.046028
C1COCCOC=C[NH1]C=CC=COCN1C=CSCl,GRU,15.914597,45.060017
C=1C=CC=NCC(O)(CNC=1C=CCCl)O,GRU,27.744982,40.22934
N=CCCN(C(C)(C)C=[NH1])CC(C)CS,GRU,-41.560516,-3.0104067
OC=CCCCCOOCNC,GRU,-41.53188,21.92055
OC=NBr,GRU,-31.755545,54.314415
CCCOCCCC=CC=CCC=C(C)COC,GRU,-62.670315,-8.145891
CCOC=C(C)C=O,GRU,-77.36482,10.973021
C=CF,GRU,-41.37734,52.761314
C1S#CC2CC12COCC=C(C)CCl,GRU,-42.91344,11.260176
NCOCCO[NH1]C1CCNCC1CC=C=S=O,GRU,-13.004556,23.23347
CCC(O)CNC=NC=COCS(=C)(O)C=O,GRU,-78.47757,15.353535
NC1OCC(CI)(N)C1,GRU,-8.031783,29.515116
CCCNCNCl,GRU,-53.354267,-18.09232
OCC(C=C)C=O,GRU,-62.787617,41.627323
C=CCC(N)CCCS(C)CN,GRU,-59.238873,13.563057
OC=O,GRU,-66.26939,37.10952
OC=O,GRU,-66.26935,37.1092
CC=C=C=C(O)CC=C,GRU,-41.601665,46.8677
C=SC(C)CCCCCNCO,GRU,-41.131737,-5.920897
C(F)CF,GRU,-10.10095,50.380108
N=CC=O,GRU,-65.41117,34.938065
N=CC=O,GRU,-65.41155,34.937805
N=CC=O,GRU,-65.41132,34.938206
CC(O)C=O,GRU,-70.528656,18.960787
CC(O)C=O,GRU,-70.52853,18.961071
OC(NN(O1)N1O)CCCN=C,GRU,-38.04698,-3.2678368
OC(C)CN=C=O,GRU,-44.794983,-5.1461835
COCC(=CCl)OCCOCl,GRU,-36.903286,8.384212
N1OOO1,GRU,-12.147969,53.146175
NCONCC=CCC=C,GRU,-37.401295,46.96369
NCCCCN=C(S)OCC#C,GRU,-23.345938,33.82417
COC(C1)NC=CCC=N1,GRU,20.380455,26.504725
C1=CC1C,GRU,18.436056,29.595543
C=NNCCOOCCCCCCC=NCCOCCC=CC,GRU,-56.82904,8.605643
CCCC(C)C(C)C=C(C)NCCCCCC,GRU,-74.62774,-27.395575
C1C#C1,GRU,4.6197944,48.08503
N(C)NCCCN(C)C,GRU,-24.91645,-11.370186
C=C=CC,GRU,-40.72216,48.001526
CC1C2CC3=CC=CCC=C1C=COCN2CC3C,GRU,23.200264,27.278889
NCC=CS,GRU,-32.634563,42.31762
CNCNOCCCCCC=CC=C=C,GRU,-40.89861,21.473225
CC#CC1CN1,GRU,6.25599,28.656025
CCC(CC(S1)ONC)=CCCN1,GRU,-5.94084,-5.657416
CCC(C)=O,GRU,-23.074335,-42.158348
CCC(C)=O,GRU,-23.073954,-42.15799
OCCNCN(C)CCNCC=CCl,GRU,-36.933167,26.756636
CNC(=C)NC1OC=C=C1C=C=C=O,GRU,5.2781982,1.5640016
OC=CC=CCC=C=O,GRU,-39.3269,35.86045
NCCCC=CC=CCCC=C1CC=CC=C1C2CCCC=NCC#CC2,GRU,-1.0819438,34.292934
OCCOC(Br)CCC=CC(C)CC(C)=C,GRU,-55.199196,13.323881
CCOCCSOCCC(NCCC)=CCNCC,GRU,-59.965706,-12.164422
C1C(C)CCC1CN=S,GRU,-6.8930063,19.150997
CCCOC=C(C)[NH1]C(C)C=O,GRU,-77.21891,13.011029
N1C=C1COOC,GRU,29.28292,-11.073273
C1CCC=C1CC=O,GRU,11.48408,59.783546
CNCNCC=O,GRU,-75.19248,27.972065
C=CN=C=O,GRU,-35.5086,53.040092
COCCNC=O,GRU,-79.934586,22.866955
C=C(C)CCCCl,GRU,-44.444542,9.978005
C1=CCNCC=N1,GRU,19.790724,41.533993
OCCOCCON=C,GRU,-32.40717,23.265818
C1=C(C)CCCC=C=CC(NC)NC1OCl,GRU,32.08687,23.596405
CC=NC1=CCCC=C1,GRU,-0.8865738,41.28934
CCONOOF,GRU,-45.798576,-17.984293
CC=CNC=CC=O,GRU,-70.194855,29.883001
C(C)CCC1C=SCNC1CC=C,GRU,0.8613962,66.92808
C(CCOC)CC=C=S,GRU,-29.982172,5.2604046
NOOCCCC=SC=CNC#C,GRU,-39.34034,40.199486
C(C)CCCF,GRU,-56.69756,-29.571812
N1PCC(C(C)C1C)OC=COC,GRU,5.710906,30.232506
ONC=O,GRU,-66.72571,37.118084
N1CC=C1OCCC=NC=C(C)N(C)CN,GRU,-1.2657853,37.40236
C=1C=C=1,GRU,18.705807,55.141945
CCC1=NOC=CC=C1COC=C,GRU,-2.468342,58.8279
CCl,GRU,-14.756952,44.84785
CCl,GRU,-14.756946,44.84781
CCl,GRU,-14.756965,44.847904
NNC=CNOC=O,GRU,-69.290764,38.52303
C1C=C1C,GRU,33.404858,22.230772
COCC(CCl)OCC=C(C)S,GRU,-37.230965,7.927638
F,GRU,-13.83144,52.598442
F,GRU,-13.687748,52.269165
F,GRU,-13.676065,52.219517
CNCCCC(C)CCN=CC1C=C1,GRU,-44.368706,-0.11841054
O1OCCNCCCC1C(C2)CC2CC=CF,GRU,-5.8626494,29.224575
COCC=CCCC=O,GRU,-81.23691,21.526796
O1C=CCC2O[NH1]C3C1CNC2C3C=O,GRU,5.607773,44.217396
NCC(C)CC=O,GRU,-73.21901,17.364058
C(C)CN1CCC=NC1OSCCl,GRU,-10.769169,-5.1389313
COC=CN,GRU,-22.942179,6.2294364
CCOCCC=O,GRU,-82.9866,14.947106
CCOCCC=O,GRU,-82.9866,14.947106
OCC=CC,GRU,-49.281006,22.86708
CN=CN(C)CC(O)=CC=C[NH1]CC=CCC=NC,GRU,-45.33823,29.750498
N=CNCNCCBr,GRU,-72.779594,36.5033
COC=CCCCOC,GRU,-30.76647,5.389378
CCC(CC)=NC1C=C1N=[NH1+1],GRU,-3.8589022,-11.553312
O[NH1]NCCC(C)C,GRU,-36.540684,-5.554677
C1C[NH1]CC2(C)C(C)NC1C(C)NCN=C2S,GRU,26.68427,30.76175
CC=CC,GRU,-48.8509,33.719555
CCCC=NCC=CCC(C)N(CCBr)SO,GRU,-52.94648,1.6975958
C1C(=C)O1,GRU,9.267775,47.584324
[NH1]1CC1C=CCCC=CC,GRU,-47.58869,26.386284
CNCC(C)(C)CC(C1)=C1,GRU,0.69904435,-8.080725
N1SC2CC1NCS(O)S2,GRU,6.537267,25.868874
OCC=SC=CC,GRU,-48.752903,21.571947
NCCC(N)C=O,GRU,-74.049866,49.638653
CC=NC=C(C)CCCF,GRU,-50.515156,18.27305
C=NC=O,GRU,-58.85068,45.793274
N1COCN=C1Cl,GRU,32.491222,43.567833
CSNC(=O)NC=O,GRU,-23.92478,-36.129482
C1C=CNCCN1OC=O,GRU,5.826468,43.306347
C1NCC=C1I,GRU,23.818903,41.36305
OCCC(C)=CC[NH1]C=NI,GRU,-48.738323,17.846472
CCNCCCCCC,GRU,-75.50688,-20.117874
CCC=C=C=CC(C)N=O,GRU,-47.268368,-3.2923818
NCC1N(C)C=NC=CSO1,GRU,14.268948,27.577026
CCC1C(C)NNCNC=C1CC=CC,GRU,-33.028458,65.615616
CNC=C=CONCCCN=C(N)NCC=O,GRU,-77.61946,33.640575
OF,GRU,-16.096687,47.802216
OF,GRU,-16.096548,47.80207
N1C=C1C=CCC=CC=O,GRU,-61.851803,36.456528
OON=COCCC,GRU,-57.44731,-8.225539
CCC(CC=CC)=CCCCCN,GRU,-52.298866,18.46226
OOCC=CSNCN(C)C=CN=O,GRU,-31.286407,-27.053366
CNC(C)=CCC=O,GRU,-75.72284,30.323824
PCCCNOOOC=O,GRU,-70.91753,39.480957
O1NC=CCCC1O,GRU,22.037971,34.256588
NCCNC=C=C(C)CCS=NCCCOOCl,GRU,-42.759296,17.035742
NCCCCC=COCCC=C,GRU,-38.328808,43.73915
CCNOC=O,GRU,-77.46279,7.6347136
CNC=CC(N)C(C1)C1,GRU,-1.8266971,14.012534
C(NCCCNNCC1NCCC)C1,GRU,-6.3080926,4.487946
CCCC(C1=C(C)ONC)N1,GRU,-7.563252,-0.25550622
C1NCC1OC=O,GRU,-11.744269,21.545797
CCOOC=C=CC(C1)C=CC=C1C=O,GRU,-0.8348617,-2.8853025
CCNCCC=C(F)C1=CC1=NOOO,GRU,-53.49336,10.555099
CN=CC=C=CN=C=O,GRU,-27.741322,58.740906
O1C(C)CC1(N)OC2=CC2,GRU,25.326523,25.301708
C#C,GRU,-16.175348,51.408825
C#C,GRU,-16.174091,51.39154
C#C,GRU,-16.172632,51.363724
CC(C)=C=C(I)CC,GRU,-48.233677,10.823107
COC=NNOCC=CC1C=C=C1,GRU,-28.751856,9.422868
CCNNOC=CCCC#C,GRU,-62.08266,-0.7301604
CCCC=NC=C=CC=C=C(C1)S1,GRU,-65.20672,-0.38134703
C1CN=C=CCC=CC(N)C1,GRU,27.390383,51.172886
CC=C(C1OCCNO1)CBr,GRU,-5.08124,29.79186
C(F)C(O)(C)C=CC(=C)C,GRU,-43.57897,45.62765
CSCCCCCC(N)COC,GRU,-35.154823,-20.078823
CC(C)OC=CN(C1)C1,GRU,-32.42934,2.6413345
NC=CCCN=C(C)CCF,GRU,-50.79886,18.051622
OC1CCCC1Br,GRU,5.818856,21.676868
C(N)=NCCC=CCNCCC1=CC1,GRU,-41.88574,26.951101
C(O)CCN=CC=CCCN,GRU,-31.76726,35.291492
CCC(C)C(C)=CCC=C,GRU,-54.332848,14.996489
CC=C=C,GRU,-40.722076,48.001522
CI,GRU,-12.472964,43.212383
CI,GRU,-12.477083,43.192852
CI,GRU,-12.599019,42.992542
CN(CC=CC)SC=C=C(C)N=O,GRU,-29.033514,-27.844454
O1NCCNCCCCO1,GRU,11.392985,43.049877
C=CC=C,GRU,-40.65077,52.60925
C=CC=C,GRU,-40.650978,52.60928
OCNCCC=CCC1=C(C)CC1C,GRU,-6.876862,41.667545
OCOCC=C(Cl)NCC(C)C=CCCCCS(C)#N,GRU,-43.643097,1.2203069
CCC(C)=C(C)C#CNC=C,GRU,-49.411423,14.425644
O1OC1,GRU,10.981279,46.94252
NCCOC(CO)OC=CNC=N[NH1]O,GRU,-30.767231,0.28962982
C12C=C3C=C1CNC2C3,GRU,22.88122,38.16395
COC1CC=C=CCC=CN1O,GRU,17.658306,26.444675
C1CCCC1,GRU,6.38658,48.40103
COCCNCCC=O,GRU,-80.328316,22.622501
CCCON1C=C1N,GRU,-26.100664,-23.059511
OCCC[NH1]C=C=C=O,GRU,-38.22342,31.3663
NCC=C(C)C1=C=CC=C=NC1(C=2)C=2,GRU,25.219046,-1.6055815
C(CCC=O)=CCOO,GRU,-65.94347,45.32448
C1CC(C)OC=N1,GRU,29.868343,32.01409
CNN=O,GRU,-30.146965,18.964169
CCCCC=C,GRU,-71.4401,-12.4585495
OCCF,GRU,-30.009506,30.431892
NNNCNNCCC=CNN,GRU,-34.216137,37.91587
ON=C=NCI,GRU,-30.079067,53.865963
CN(CC)CCCC=C(C)CN=CCCl,GRU,-52.39307,6.866983
CCCCOCCSOCCl,GRU,-64.99792,-26.980614
N=CCC=CC=CN1N=N1,GRU,-30.345451,38.897747
CCC(CS=CF)(C)OCC=O,GRU,-76.22833,9.248733
C1N=C1C=CC=CCCC=CNCN,GRU,-36.02541,39.944996
C=CCCC=C(C)CSC,GRU,-49.587402,43.592896
C(C)CC=C(C)CC=O,GRU,-83.67518,6.3336916
C1CCC(O)OC=C1N,GRU,31.190954,36.925095
OC=NCC1=CCC=CCC1,GRU,-0.060344677,42.18475
C(Cl)C=C=O,GRU,-27.692215,50.11617
CCC=C(N(C)CC=CC=CCN)CCC#C,GRU,-58.99975,1.5682243
CC=C,GRU,-41.82642,49.27865
C1CCCC=SCCC(=C)C=C1,GRU,26.496607,48.495712
NC(CCCNCNCC)CCN(C)CCCO,GRU,-42.351124,-7.853713
N=C=CC=CC,GRU,-50.586384,34.031876
CC=CCCC1CCC(O)C1,GRU,-46.743736,25.820045
OCBr,GRU,-31.419624,29.923994
C(CC=CN(C)OCC)OC(C)CCC#C[NH1],GRU,-42.200546,-1.833495
N=NC[NH1]C(CCCCNCOC)Cl,GRU,-35.434837,0.5918651
N=S=O,GRU,-19.079891,59.745537
CCCCOCCOC#N,GRU,-66.03233,-25.759907
C=CC=CC=CCCl,GRU,-47.38407,54.324368
CCSN=O,GRU,-58.34055,-20.23241
CN=NCCOCC=C=O,GRU,-31.619707,20.862679
CCCC(C)(C)C,GRU,-42.546246,-24.438816
CCC(C)NCCCC(C1)C=C1N,GRU,0.16025679,-9.377048
CNCl,GRU,-29.234789,16.620602
CNCl,GRU,-29.23512,16.620739
NCCCCOO,GRU,-22.6037,33.61118
CCCCCCCC1CCC=CCC=C1,GRU,-11.676226,-12.896939
C=C(CCCC=CCC=O)CCN,GRU,-69.33054,49.27591
CCSF,GRU,-47.670303,-17.582253
CCC(O)OOCCC=CCC=CC1(C)CCCNCCCC=C1,GRU,-6.5074234,-14.941326
CN=C(NCCCC)CCC=O,GRU,-77.03469,-13.182364
CCC1CCCCCCSCC1O,GRU,-8.579456,3.4730945
CCCSC1CCC=C1NNCC=C=N,GRU,-8.888931,-7.7061195
CNN=CCl,GRU,-30.911093,17.06953
OCNCCl,GRU,-33.90312,28.313791
OCCC=O,GRU,-63.775757,43.91397
OCCC=O,GRU,-63.775757,43.91397
OCCC=O,GRU,-63.775757,43.91397
C1=CCNC1=C,GRU,22.886534,41.366077
C(C=O)=C=C(C)C,GRU,-64.45086,28.403683
[NH1]CCOC=CCC1C=C1,GRU,-30.475187,39.52079
CCCCCC=O,GRU,-76.266754,-5.3997016
CCCCCC=O,GRU,-76.82025,-5.359663
CCCCCC=O,GRU,-76.266014,-5.4012284
C(C[NH1]CC(C)C)CNC=O,GRU,-68.136604,13.339729
CCC(C)CC,GRU,-37.76045,-12.818246
CCOCNSCC=NC,GRU,-56.99577,5.2969747
OCCCCC=CC1(C)CCN1CCC=O,GRU,-63.054455,45.131657
OOCCS,GRU,-30.913902,24.792612
C=CCC(C)Cl,GRU,-59.39173,15.650767
COCNN=O,GRU,-27.244057,7.725182
C=CCC(C)C=1CS=1(N)COCCC=NCCNC,GRU,-59.231586,8.307947
CC=CCSCC=CCC(C)C=NN(O)CC1CN1,GRU,-47.555088,25.183945
CCCCNC(C)CC#CCC,GRU,-73.02945,-24.999392
CC=C=CCC=O,GRU,-61.587532,33.29591
NCC(COC1=C(O)CCCC)=CCC1C(CC=CO)O,GRU,-16.110235,-12.042539
CNCCCCC1CC(C)CCCNN=C1,GRU,-2.2568853,17.906439
CNOCCF,GRU,-31.161446,12.876921
CCCCNC=O,GRU,-77.607254,-16.033417
NF,GRU,-12.976556,48.36144
NF,GRU,-12.976128,48.362167
CCCCCCCOC,GRU,-63.871067,-29.071522
CCC(O)SC=O,GRU,-74.08742,11.914595
[NH1]CCCCNC=CNC=CC(C)CC=O,GRU,-68.13541,13.483895
CC(C)CCCCCN=N,GRU,-44.759743,-3.035185
CCCC=O,GRU,-76.70583,-1.8186282
CCCC=O,GRU,-76.7056,-1.8184125
CCCC=O,GRU,-76.70581,-1.8185663
CCC(OCC=CO)CC=CC1OC=CC=C1,GRU,-51.64706,-4.5319595
C(C)CCCCC1OCCCNC1=C,GRU,-12.683962,-17.549854
CCONC(C)CC1N(N)NCC12CC2F,GRU,-10.535426,1.0106243
CC=CCC,GRU,-51.12881,26.404627
CC(C)CC(C)OC=O,GRU,-72.957245,15.453509
C1=C=CC(=C)N1C=O,GRU,-56.252834,46.02842
C(C)=C(N)COC(C)CCC=CCCl,GRU,-47.454742,2.3928196
CCC=CN,GRU,-57.188877,-2.1595588
CC=COC(C)CC#CC=O,GRU,-72.80126,15.181631
P(N)CCCCC1CCSN=C1,GRU,3.2024093,32.557526
C(N)COCC=O,GRU,-72.22032,44.14028
OCOONN(C)CBr,GRU,-26.156849,-6.305581
CCOC1CCOC=C1N,GRU,-4.8483486,-3.1688488
NNC=N,GRU,-17.73348,44.145638
C#CCOOOOCCCCCCN=O,GRU,-30.529734,21.675274
CC=C(OCOC=CC=CBr)C=C,GRU,-46.35317,49.752083
C(O)=NC1NN(C)NC=C1,GRU,12.44159,29.086987
NCCOCCCl,GRU,-24.234335,37.318993
CC=C=CCNN(N)C(C)C(C)=C(CC)CC=CCCCC=O,GRU,-77.55782,41.27415
CCC1NNCC=C(C1)C,GRU,-5.7776117,-6.8801894
C#CC=NCCC,GRU,-65.28351,0.26158836
C1C2=CCN1C2,GRU,24.938374,44.80204
C=CCC=O,GRU,-57.275295,47.76281
C=CCC=O,GRU,-57.27519,47.763588
C=CCC=O,GRU,-57.27514,47.763603
CCOC(C)Cl,GRU,-38.43172,-14.670808
C#N,GRU,-17.102797,52.556423
C#N,GRU,-17.102867,52.556786
NOCC1CC(S)C=C1,GRU,2.7532287,34.070606
NCCNI,GRU,-20.018332,29.813023
NCl,GRU,-19.495726,44.16919
NCl,GRU,-19.495714,44.16924
NCl,GRU,-19.49569,44.169285
OC=COCC,GRU,-53.32072,-6.7655916
OCl,GRU,-21.295551,47.330044
CCC1C(OCC=CC[NH1]NCF)N1,GRU,-57.069675,-11.891905
CCCCCC=NCOO,GRU,-67.79508,-10.4897785
CCNN(C)CC=O,GRU,-80.862564,7.8860626
O1CC1C,GRU,1.9375898,26.231962
O1CC1C,GRU,1.9375507,26.23196
CCC=CCC=CCCC(C)Br,GRU,-52.465504,-1.4435232
OCCNCNCNCCCl,GRU,-34.826164,28.169786
OCCCCCCOCCC=C,GRU,-44.255653,41.348644
CNC=C(C=CCC=C(N)CC1C)NC=C=C1C=CO,GRU,22.38961,28.64487
N(C)CC=CC=CNC(OCC=N)=O,GRU,-30.638227,-42.086884
NC=CCBr,GRU,-32.434334,40.51054
CNCN(O)NCCCOCC(C)CC1CC1C,GRU,-34.85775,-4.8467236
OOC=CCCC=CCCN,GRU,-34.775482,40.6841
C12N(O)NC=CC=C1CO2,GRU,23.921583,34.560394
C=C(CC)CC=NC=O,GRU,-84.38045,7.6433296
C12=CCCC=C1C(C)O2,GRU,24.050638,30.313627
CC1=CCC=C=S1,GRU,33.38726,22.303818
COC(C)(CC=O)NCONCCC(O)C=CC=COCCO,GRU,-74.3793,20.504208
C1C=CCOC1,GRU,17.040796,48.47707
CC=CC=CNC=O,GRU,-70.20357,29.879335
CNCCCCOC=C(C)Cl,GRU,-40.60362,12.741567
C1C(C)(C)CCCNN1CCO,GRU,8.647455,35.204952
C(C)CCCCCCN=NOCN=C,GRU,-61.052628,-25.072866
COCC1CC(C)NCCCCCC1N,GRU,1.1154598,17.19554
CCCCCC,GRU,-58.48349,-27.667578
CCCCCC,GRU,-58.483166,-27.667349
OO,GRU,-17.327024,48.691284
CC=CCOCCC,GRU,-59.028175,-8.127175
CC=CCC=NOC=CC=O,GRU,-56.817776,30.279045
CF,GRU,-12.417497,45.00583
CF,GRU,-12.417119,45.00588
CF,GRU,-12.41728,45.00591
CC#N,GRU,-22.55993,53.29746
CCCCC(O)=CCCl,GRU,-53.03878,-28.410482
C1NCOS(CC=CON1)C(CC=NC2)C2,GRU,17.453453,42.525715
OC=C=CC=CCCOCCOCC(C)=C=O,GRU,-64.313705,5.8633804
COC=C(N)CCl,GRU,-38.18653,9.653143
C=C=CC(C)COOC,GRU,-40.072945,-0.8242835
CS(C)CNBr,GRU,-27.396326,16.17437
CC(C)C=C(C)O,GRU,-56.00148,17.914734
CCCC,GRU,-49.2444,-15.846294
CCCC,GRU,-49.244545,-15.84659
CCC=C(N)CC1NNCCC1OCCC=COCCCC=C[N+1],GRU,-65.57299,4.2532096
S=NC,GRU,-27.43981,56.5907
CNC=CC,GRU,-31.764568,17.257597
C12CCCCCC1(C)CN=C2,GRU,3.8237004,9.688573
CNC[NH1]Cl,GRU,-29.400589,15.087228
OCCCNNCl,GRU,-34.973927,28.247366
CCCCCCCC(CC=NNC)NC=C,GRU,-70.18982,-13.65425
C=CC1CC=C1CONCCC=C(CC)NC2C=C2,GRU,1.0485593,64.711136
C1=CCC1,GRU,23.10722,50.839813
C=C=C=C[SH1](N)CC,GRU,-55.60574,-4.4948244
C=CCNNCCCF,GRU,-50.72291,52.782974
NC=CS=NC(C1=NN=C=CSC12)CC2=N,GRU,26.323412,22.626835
CC=CCC(C)C,GRU,-54.39231,24.198511
NC(C)CNNC=CCCC1C=CCC=C1CC=C,GRU,4.594849,63.619366
C1CCC#CN=C1,GRU,23.900637,49.463436
CN=NCCCC=C1SOCOC1OO,GRU,-5.7060385,34.415146
CN(C)C,GRU,-13.410965,42.008316
S1CCCC=C(O)C=C1,GRU,28.111183,46.561882
CCCCCF,GRU,-56.69537,-29.572212
CCCCCF,GRU,-56.697277,-29.571304
CNCC[NH1]CCC=CNCC,GRU,-76.08132,2.3341322
CCC(C)C=CF,GRU,-48.52799,-3.8556693
OCNOC[NH1]C1(O)CCC(O)CS1C,GRU,-1.9630786,6.3567405
C1CCCCC1,GRU,6.386025,48.403183
C1CCCCC1,GRU,6.3856416,48.404495
CCCCCN,GRU,-56.572857,-31.222706
CCCC=CCON=O,GRU,-60.01509,-1.6251786
OCOCNSCC=O,GRU,-67.31113,41.188385
CNCC=C(OCCCC(C)Cl)C=O,GRU,-67.6321,15.900344
C=1CC=C(C)COCC=CC=1C,GRU,35.023792,22.166433
OC=CCCCC,GRU,-70.674,-7.3020377
C=1=NC2(C)COC=1N2OOO,GRU,3.9892333,3.921426
CCCCC=CC=CCC=O,GRU,-74.75505,-5.0111284
C=CC=CC=C=CC=N,GRU,-37.956047,53.228504
O1C(F)C=N1,GRU,16.787462,52.848145
C=C=CNCNCCCC=O,GRU,-58.8348,40.56895
C=CC=C(Cl)COCNCPC=N,GRU,-53.23978,47.997765
ONC=COCCC=CCCCCCCl,GRU,-38.54244,23.369646
C#P,GRU,-17.090473,48.16322
CCCCCCCCC(Cl)CCCCCl,GRU,-52.122402,-27.118496
OCCNOO,GRU,-34.547478,29.457113
CC=CCCC=COCF,GRU,-51.034466,28.013521
OCCC=C=O,GRU,-38.872887,34.955482
CCC1CC=C(C)N1,GRU,-5.805732,-6.8864336
C1=C2C3=CNC1CN=C=C32,GRU,22.061852,38.188297
CC(C)(C)C=CC(C)OCNCC,GRU,-69.62288,10.856006
C(C)=C(C1)C1,GRU,-1.0730317,46.96245
OCC(N1)C1=CCl,GRU,-31.181782,27.079456
NC(C)CCONC=O,GRU,-73.86385,15.838763
COCNCN(C)SNCC=CBr,GRU,-77.369026,22.379631
C1CC(Cl)NC=CCSCS1(C)S,GRU,18.117916,36.524097
CCCC1CC=C=NC1Cl,GRU,-8.809276,-6.219915
CCCN(COCC(C)C)O,GRU,-37.019352,-13.691176
C(CC=CC)C=NCCCCC=CCCN=O,GRU,-48.59395,28.97754
C1=C([NH1]CC(N)C=C=CON)C=C1N,GRU,-42.53812,7.9940276
C1CNCOC1OC=C,GRU,8.089547,44.66408
N(C)CC(C)Cl,GRU,-37.94188,-5.8816814
C(ONCC)=CC=CC=CBr,GRU,-58.286564,-11.613133
OCCCCCl,GRU,-33.061306,26.573462
OCCCCCl,GRU,-33.061306,26.573462
CONCC=CO,GRU,-35.265816,11.904894
NOCCOOCCC=CCCCC=C[NH1]C=CCC,GRU,-61.866985,-8.55481
C=CC=C(C=CCCC=C(C)CC)CCCCCCC=CC=N,GRU,-50.93407,44.449783
C[NH1]NCC=C(C)CCCC=NO,GRU,-48.770386,17.567701
OC,GRU,-14.99354,42.61702
S1C=C(C1C)N=SCN(C)OCCCC,GRU,-63.312485,-25.117622
OCCCC=SCCC[NH1]C=C,GRU,-45.96431,56.517532
COF,GRU,-22.915894,4.3956084
C1(C)CCCOO1,GRU,0.47646007,22.08173
CCCCCC(C)C(C)CCC,GRU,-52.745678,-32.108444
C=CC=CC=CCCOCl,GRU,-46.518375,53.04326
S(F)CC=O,GRU,-69.67865,35.363262
C1NCCC(OOCCC)C1=O,GRU,1.2808417,-5.3622813
CCCO,GRU,-44.852303,-11.186316
CCCO,GRU,-44.85303,-11.186039
NOCOCC(C)C=C=NCC(C1)O1,GRU,-4.7973037,13.002543
C1CCC2C=C=C=C=C2OOCC1,GRU,32.609512,36.284832
C1#S(C)C1N,GRU,-11.891868,40.238888
C(C1)CCCC=C1CS,GRU,26.666485,47.890587
C1CCC=C1C,GRU,33.765884,23.401192
C12C(C)NCCN1COC2,GRU,3.9890687,27.847986
C1NN1CCCCCCCN,GRU,-13.89207,31.097326
CCCC(C(C)C)NN=NC#CC=NC=O,GRU,-71.363976,11.325788
CN=CCN(CCCC)CCCC=CN,GRU,-68.92311,-8.493257
C1CC=C=C(S)C1,GRU,26.617569,48.121643
C=S(CCCC[NH1]CC=C(C)N)C,GRU,-40.22765,15.593479
NNCCOCOCCCCC(C)C=N,GRU,-61.279945,9.082727
NCC=C=C=O,GRU,-32.815006,43.657623
C=C(C)C=O,GRU,-64.55264,27.792526
CN=CCl,GRU,-45.2488,34.7784
CCCOOCC1CC1=CN,GRU,-9.281335,-9.595162
O1OO1,GRU,-12.352718,53.04249
CC=CCC=CCCCl,GRU,-52.789608,27.209053
CCCCCC1=C=CCOC(C)COC1[NH1]C=NC,GRU,-14.905037,-13.55887
OCSCCC=C=O,GRU,-39.074085,34.857765
CCCNOC=CC#CF,GRU,-57.597424,-12.794209
CC=CCC#C,GRU,-52.655113,30.537151
CCC1=CC1CCCNC,GRU,-24.78337,12.740113
CCCONCl,GRU,-54.624565,-19.63568
C=CCCCCCCC=CC=O,GRU,-51.823353,50.239742
CCCC(C)COCOCNC=C=NCCCNO,GRU,-60.32625,-15.484109
CNCC=CC1SC1N,GRU,-34.054844,15.093162
NC=CCOCOCC=C(C)C=O,GRU,-62.530697,26.061972
CC(OSCl)OOCCSCC,GRU,-39.017723,-14.6086
CCCNC=CCCC=O,GRU,-76.93175,2.5358036
CNCC#CO,GRU,-25.984755,16.086557
N1OCCC=CC1,GRU,17.670115,45.589527
OOC=CC=C(O)CCCNO,GRU,-39.27197,24.264841
CONC=CC1=CC1,GRU,20.485619,22.475204
C=CCNC(C)C1CN(C(C)NN2CC=O)C12C=CCCCC,GRU,-64.30007,11.734202
CCCOC(O)OC=O,GRU,-77.10984,12.865365
C1=C=C1,GRU,18.706596,55.143456
CCN(C)F,GRU,-45.973587,-23.408146
CCCC#CCSC1CCN=C=CC=CN=C=N1,GRU,-8.936577,-7.0345287
C12CC1CSC2[NH1]SO,GRU,5.363244,25.12767
N1CC=C=C(C)O1,GRU,34.780136,21.062729
CC=C(C)C=NCC(C)OCl,GRU,-41.392395,1.3414044
NC[NH1]CCC#CN,GRU,-20.306068,29.72043
N=CCONC=CC#CCCN=CN=CC=O,GRU,-57.452785,37.744286
CC=C=S,GRU,-50.122948,33.88071
CC=C(C)P(P)CCCCBr,GRU,-45.90943,10.714648
C(C1)[NH1]CCCN1O,GRU,9.239668,39.131794
OCN=C=CCCOCC=O,GRU,-66.61427,43.131725
CC=CCN=SF,GRU,-50.77733,28.99019
COCN=O,GRU,-27.131226,7.5520773
C=C(C)CCCC=C1C=CONC1OOC=CCN=C2C=C2,GRU,-6.1761575,34.3428
CC=C(CSCCl)N,GRU,-45.276726,7.479865
NC=NCCCCCCOOCC,GRU,-64.86146,-9.22723
CCOBr,GRU,-44.75313,-16.630098
CCOBr,GRU,-44.75313,-16.630098
OOCl,GRU,-21.707914,47.775505
C=C=O,GRU,-19.518675,56.686283
C=C=O,GRU,-19.519026,56.68632
C=C=O,GRU,-19.518679,56.6863
NCCCC=C[NH1]C=O,GRU,-70.55156,50.752846
[NH1]CCCC1N2OCC=CC2C1,GRU,15.851796,46.643234
C=C(OCNC)CCCN(C)N=O,GRU,-31.011967,-30.850193
OC[NH1]C1CC1N,GRU,-8.812578,25.194883
CCCNOCCCBr,GRU,-67.57925,-21.523518
C1COC=C1C=O,GRU,11.6191845,56.070183
C#CC,GRU,-21.666822,53.0025
C1=C=CC=C(C)C1N=NI,GRU,31.647392,21.86927
C1C=C=NOCC=CC=C1,GRU,18.900723,48.530563
CC(C)CCCCF,GRU,-34.164433,-14.775923
CCC(CC=O)CC=C=NOC,GRU,-78.32243,16.07063
NNC=CCN=CCBr,GRU,-32.87673,38.7173
N1(O)C=CC=C=C(C(CC)N=O)N1,GRU,-2.925832,-11.59863
C[Se]CC=C=C,GRU,-40.823944,47.256702
C1=CCC=C=C1C=CC=S(C)=C=CC2C=C[NH1]C#C2,GRU,23.096718,29.761787
CC1(NC1C)CNC,GRU,-24.0976,15.238739
C=C(C)CC(C(C)CC=O)=NN,GRU,-66.41127,21.833948
O=CC,GRU,-67.84225,30.77124
C=CCl,GRU,-39.633945,51.693985
C=CCl,GRU,-39.633945,51.693985
C=CCl,GRU,-39.633945,51.693985
NN=CCCC=O,GRU,-63.307182,49.932808
CCOC=O,GRU,-77.31307,9.842549
CCOC=O,GRU,-77.312,9.842192
CCOC=O,GRU,-77.31313,9.842532
CN=CCC=C1C=NCC=C1,GRU,-2.4887216,39.71357
ON=CCC,GRU,-49.96201,7.0967836
CCOOCCCCC=NCCOON,GRU,-64.90881,-9.233551
CCCC=CCC=CC#N,GRU,-62.78692,-0.19755358
CN,GRU,-12.296716,40.884285
NC(C)C=CC1(C2)CNC13NC2OCO3,GRU,-0.863126,12.571466
ONCCCC#CCC=O,GRU,-59.88946,39.53247
C=C(Cl)CC=O,GRU,-63.857708,41.13673
CC(C)CCCCSC1CCONC1,GRU,-5.3563447,12.525892
CC(C)CC=CCCCl,GRU,-46.458054,2.2901785
COC#CC=CCC=SCCN=C,GRU,-29.316332,7.187773
CN1N(C)CCC1OCCCCC,GRU,-21.485956,-17.185278
C1CCCN(C)CCC=CS1,GRU,12.434476,32.626133
CCC=CC=CC=CNCC,GRU,-60.176376,-4.1978674
OOCC(C)=O,GRU,-25.076988,-41.862682
COC(Cl)CF,GRU,-23.233667,2.271784
NOC=O,GRU,-68.99663,37.838245
NOC=O,GRU,-68.99818,37.838394
C=C1CNS(N)(C)=C1OI,GRU,14.154954,40.76492
O1CCCC1,GRU,11.953323,48.13016
COC1C(C)N[NH1]C=C1,GRU,19.472631,26.855812
CC=C=CCC=C1C=CC2=C1C2CC=C,GRU,-0.82529825,60.140858
CCNCCC=NCC=CC=CC1=C(C)C(=NCC)C=CC1,GRU,-41.123352,27.21646
CC=CC=O,GRU,-68.33106,30.275507
CC=CC=O,GRU,-68.33163,30.276289
C=CNNCCC=COCC=O,GRU,-56.277725,50.54536
C1=CC(C)C(F)=C1O,GRU,26.239494,27.996284
N=C=CCCCNCCC=CC[O+1]O,GRU,-41.35514,31.2029
CCCCOC=CC#CO,GRU,-65.70047,-14.31911
CCCC=C(O)N=COC=CCC=CO,GRU,-60.06798,-1.4021914
CCCCCC(CCC1)CCC=2C(CC(C)C=C=2)=N1,GRU,-12.047857,-15.254331
OCC1NCC=CC=C(O)C1,GRU,26.838959,38.00171
C1C=C(C)C1COCl,GRU,30.40621,22.753733
C1CNNN[NH1]C=CCCCS1N=O,GRU,21.602467,43.901012
OCCC(C)OC(O)OCl,GRU,-35.069885,-8.462278
CC=CC=CN=CC=NCCO,GRU,-49.871323,20.686829
N1C=CCOCN1C,GRU,14.024423,33.948555
CC(CCCC)NC(C)CC1C=CC=CC1I,GRU,-52.01517,-32.3145
N=CCCC=C=O,GRU,-55.9485,37.261436
CCNC(C)CCl,GRU,-38.057083,-9.047151
N(C)CCC=O,GRU,-78.045975,29.005947
C12C=CCN1C=C=N2,GRU,21.211592,47.616474
C(C)=O,GRU,-67.67447,30.49198
C(C)=O,GRU,-67.84347,30.772848
CNOC(C=O)(C)CC,GRU,-76.89891,7.7820654
C=CONCCC=O,GRU,-56.34446,50.463062
COC(O)C=O,GRU,-68.25092,25.881794
CCN(C=O)C,GRU,-81.04117,8.799043
CCCCCCC([NH1])O,GRU,-52.309875,-35.026985
C1CC=C=C1OC,GRU,21.041243,22.519558
NCCCCCCOCC=CCCCN=O,GRU,-39.587967,42.614925
CCC(C1)CCC=CC1=CON,GRU,-8.794656,-9.295677
C(C1)O1,GRU,11.363197,47.026096
C=C=NC=SOCC=CC(C)CCCCC,GRU,-63.38081,-16.137646
C#CN=C(CCC=CC)CCCCCl,GRU,-52.919254,26.37863
COCC=COC=O,GRU,-78.8181,20.731491
C=CCCCNCCl,GRU,-52.336643,53.60794
NCCCCC=O,GRU,-70.82147,49.617435
C=1OC=NCCC=1,GRU,19.069557,48.536114
CCOC=C(C=O)C=C=C,GRU,-77.25527,11.227136
C=CC=C1CCCNN1C(C2)O2,GRU,8.457927,45.33381
O1CCCC1=C=C,GRU,10.386345,49.64434
C1CCCCCCC=C1C=O,GRU,11.817118,59.781788
CS=O,GRU,-16.273548,60.434986
CCC(C)CN=CC(C)OC=NC#N,GRU,-47.786633,-3.3041315
C1CCCC=C=C1,GRU,24.732159,50.95379
C=C(NCC=O)CCCOCCC=O,GRU,-83.03801,24.63543
CSCCCCNC(CCC=C(O)NCCC)C=O,GRU,-79.17508,-14.797774
CCCC=CCC(C)C1=CCCC=C(C)C1OCC,GRU,-51.312492,-2.1336324
CCCC=CBr,GRU,-60.49927,-2.9718027
C1C2CC=CN1C2C,GRU,15.227907,29.611135
CCCCCCCC=NNCCC=CS=O,GRU,-72.84095,-9.490806
OC(C)C1C=CCCC=C1CC=O,GRU,-15.663707,9.8768425
OC(C)NC1(C=CNCC=O)C=NC1,GRU,-73.03474,21.68743
CC(C)(CCNCC)CC=C=O,GRU,-71.93657,5.298233
O[NH1]CCCC=C(Cl)COOO,GRU,-39.227592,23.943459
CCOCC1CSOCC1=O,GRU,2.7650313,-4.965139
CCF,GRU,-48.426598,-17.656446
CCF,GRU,-48.427204,-17.656826
CCF,GRU,-48.42664,-17.656446
O1CCN[NH1]OCC1(Cl)N(C)CCCC#CCCC=CN=CC2CC2,GRU,-13.619396,18.58556
C1C=CN1C,GRU,12.847032,31.866644
CC(C)C=O,GRU,-70.650826,17.737703
CC(C)C=O,GRU,-70.64929,17.737318
CCO,GRU,-44.220776,-11.554498
N1C=C=CC(C1O)C=N,GRU,21.977102,36.230328
CCC(CC=CCC)Cl,GRU,-53.996647,-1.7401044
N1CCC1CC=CC,GRU,-47.334644,26.360865
CCSCCC(N)OCC=CF,GRU,-40.07568,-16.911093
CCCCCCCC#C,GRU,-58.6186,-25.706903
N1CCC1(OCNC=C=C=CNO)C,GRU,-72.03744,25.14315
CCC(N)CCCC=CC=CC,GRU,-65.58922,-3.842006
OOCNCCCCNC(C)C=C,GRU,-64.78185,13.710052
NCC=CCN=CCC#C,GRU,-31.16407,44.70619
OCC=COCCCCC=O,GRU,-65.723976,44.6065
CCCCC(C)CCCC=CN,GRU,-66.21149,-4.3438997
CCCC=C=NCCl,GRU,-65.7546,-0.30313322
C=CC=O,GRU,-56.878735,45.752914
C=CC=O,GRU,-56.87834,45.753227
C=CC=O,GRU,-56.879047,45.75302
C1OC(Cl)=NC1,GRU,32.49571,43.579624
OC=C(N)NOCC(C)(C)CC(O)CC,GRU,-33.147526,-2.3127184
C=C(CCC1CNC2C=C1C)O2,GRU,31.26435,29.58536
C=CCNCCC=CCC=CO,GRU,-51.416016,52.482635
NCNCCCBr,GRU,-19.487947,29.233595
CCNC(C)CO[As]N1C2(S)C(C)C1C2,GRU,-10.553989,1.0201366
CCCOCOCN=CCCCO,GRU,-65.440704,-10.314851
CCC=C=O,GRU,-69.341515,4.8457212
CCC=C=O,GRU,-69.341515,4.8457212
CCCC1CCC(=C1)OC#C,GRU,-8.046358,-8.525871
C1[NH1]CCCCC1,GRU,11.209398,40.25721
CCC=C(C)OCCCN=CCl,GRU,-51.30502,5.2287583
OC=CC=C,GRU,-40.59028,54.57281
CCC(C)C=CC=O,GRU,-71.91429,13.037972
CON=C=CC(C)CC1C=C1,GRU,-47.725254,-1.9230093
C=C1C2=CCN1CC2NC=CN3C=C3,GRU,2.4710143,61.67593
CC=NCCC(C)CCN=N,GRU,-45.604023,-2.9380558
C(C)CC1C(CC=CC1OC2CC2O)S,GRU,-9.790739,-5.887674
C=CNC=CCCCl,GRU,-48.05897,54.414158
NCCC(C)=C=C=O,GRU,-23.965622,24.980371
C1CNCOC1,GRU,12.895787,44.083706
OCC=CC=CCC=CC(N)C=C,GRU,-44.202904,58.47213
CNC1CCNCO1,GRU,18.533882,32.664772
CCCCOC=NC=NC=O,GRU,-82.13693,-7.4255323
COCCC=CC=CCCCCCC1=CC1,GRU,-31.076952,5.9129567
C1=C(C)N=CN1CC=O,GRU,24.359068,6.523028
C(C)CC=COCC(C)OC=O,GRU,-74.14735,13.718052
NC=C(N)CCCC=COCC=O,GRU,-66.23443,45.734795
CCCC=CCCCC1=NC1,GRU,-70.10928,-6.018094
C=CCCCCF,GRU,-48.965282,51.218113
CCCCC=NC=C(CCC)C=O,GRU,-75.3871,-8.48968
CNC=C=CONCCCCCCCC=O,GRU,-79.49092,30.223227
N1C(C)CC=CCCC1,GRU,21.719524,32.33315
OCC1(O)CC=C1C(C)CC,GRU,-5.363586,-14.361136
C1OOC=CC=CN=CCC=C1CC,GRU,-3.5366168,-8.215158
C(CCCNC1)CCCC(C)=CC1N,GRU,35.711803,27.020433
C1CCNC=CC=CC1,GRU,21.269081,43.482952
OCN1CC=CCC1C,GRU,-9.272537,12.04788
NC(C1)C1CC,GRU,-6.3090363,1.7432344
CCC(C)C=NC1C=C1,GRU,-47.9934,-2.6870625
CC=C(C)CC=CCNC#C,GRU,-45.948624,16.00712
NC(C)CC(CC=O)C1(C)CCC1=CONCC#C,GRU,-72.499725,23.724533
ONCCCC=O,GRU,-59.74964,41.261143
CCCOCCCOC[SH1]1NCC(C)C1CC=O,GRU,-84.286446,-6.2953525
COC(C)S=CNCC1CC1C(C)C#C,GRU,-39.52408,-0.11662998
NCC1CCC=C=N1,GRU,3.3118024,33.060257
C1CNCCO1,GRU,11.840824,43.31151
C1=C=CC=CC=C1OC,GRU,30.276133,-11.42013
C#CCC=O,GRU,-62.148968,34.19576
C1CNNOCCC=CO1,GRU,17.627,45.46927
CNC=CCCl,GRU,-31.999271,15.885659
CNC=CCCl,GRU,-31.999271,15.885659
C1CC=C=CC1,GRU,24.869247,50.79431
NCCC=CCC,GRU,-57.599846,-1.5367312
CSOC1OCSC=C1N=O,GRU,10.271642,4.8430386
C1CSCPN1CCCl,GRU,-1.3586239,50.135674
CCCOC=CCC,GRU,-59.023773,-8.295701
CNNC=C=O,GRU,-72.65714,30.522715
CCC(C)Br,GRU,-37.871784,-12.814527
C1CCC1NN,GRU,4.710043,19.898338
C(CC(C)NCC=O)C,GRU,-71.27143,11.382507
C=CNCl,GRU,-39.80963,51.27556
C1=NCCCCC=CC(C)C=C(O1)Cl,GRU,31.79089,33.141914
NC(C)OCCC,GRU,-36.22915,-15.771875
CCC(C)CC=CCN=CCCCN(C)C=O,GRU,-53.038124,1.7865678
CC=C(NC=O)NC=CCC(C)CS=O,GRU,-72.35835,20.067705
NNOC=O,GRU,-69.34679,38.40089
C1OCC=NCC=CNCO1,GRU,18.068699,44.013866
CCNCF,GRU,-50.492447,-17.745533
C=CCC(C)C=O,GRU,-63.897358,17.266697
C(Br)C(C)=O,GRU,-23.61744,-41.1122
CC(CC=CCOBr)=CC=O,GRU,-62.616913,26.020391
ON=O,GRU,-24.203178,60.19844
C=CCCCCC[NH1]CC=O,GRU,-53.394646,52.27775
CCOCC=CC=CCCC=C(N[NH1]C=C=O)OCC=O,GRU,-78.47652,4.672813
C=CC(C)=CCC#N,GRU,-49.990643,15.158545
CC1=CC(C)=N[Cu]1,LLM,35.91751,11.450066
CC1=CC(C)=N[Cu]1,LLM,35.91757,11.4498415
N=NC(CCCN)CC(N)Cc1ccccn1,LLM,75.22648,6.6528654
N=NC(CCCN)CC(N)Cc1ccccn1,LLM,75.22648,6.6528654
CCC(C)(C#N)CN1CCCC1=N,LLM,-4.435921,54.373493
CCC(C)(C#N)CN1CCCC1=N,LLM,-4.435921,54.373493
CC(C)=NOc1c(Cl)ccc2cccnc12,LLM,71.17525,2.156472
CC(C)=NOc1c(Cl)ccc2cccnc12,LLM,71.17525,2.156472
CNCCC1CCCCCCCCOS1,LLM,-3.1603923,17.67862
CNCCC1CCCCCCCCOS1,LLM,-3.1603923,17.67862
CN(C)CCCCCCCNCc1ccc(Cl)cc1Cl,LLM,51.43949,-15.410147
CN(C)CCCCCCCNCc1ccc(Cl)cc1Cl,LLM,51.43949,-15.410147
CCCCCCS(=O)(=O)O,LLM,-60.76269,-30.44281
CCCCCCS(=O)(=O)O,LLM,-60.7634,-30.44353
C#CCS(=O)(=O)Cc1ccccc1,LLM,78.09256,-29.083664
C#CCS(=O)(=O)Cc1ccccc1,LLM,78.09078,-29.083717
CCCCCCOS(=O)(=O)Cl,LLM,-65.27611,-31.32641
CCCCCCOS(=O)(=O)Cl,LLM,-65.27611,-31.32641
CCCCC1CCC(CN)C(C)N1O:O,LLM,-20.454298,-16.02855
CCCCC1CCC(CN)C(C)N1O:O,LLM,-20.454298,-16.02855
CCNC(N)Cc1ccccc1O,LLM,61.801075,-35.05205
CCNC(N)Cc1ccccc1O,LLM,61.801075,-35.05205
CCc1ccc(F)cc1O,LLM,37.178905,-34.37099
CCc1ccc(F)cc1O,LLM,37.178905,-34.37099
CCN1CCN(C(=S)S)CC1,LLM,-17.508636,-4.5941286
CCN1CCN(C(=S)S)CC1,LLM,-17.508636,-4.5941286
N=C(NNC(=S)N=O)Nc1ccccc1,LLM,66.46602,-43.264984
N=C(NNC(=S)N=O)Nc1ccccc1,LLM,66.46602,-43.264984
CC1=COC(C2=CC(Cl)CCCC2)C(O)C1O,LLM,35.72739,33.10103
CC1=COC(C2=CC(Cl)CCCC2)C(O)C1O,LLM,35.726948,33.100727
CC1=COC(C2=CC(Cl)CCCC2)C(O)C1O,LLM,35.72739,33.10103
CN=C(C(=O)CI)c1ccoc1C(=O)O,LLM,40.76554,-51.557693
CN=C(C(=O)CI)c1ccoc1C(=O)O,LLM,40.765144,-51.5575
CCCCN1CN(CC(C)=O)CN1,LLM,-18.288973,-24.642874
CCCCN1CN(CC(C)=O)CN1,LLM,-18.288973,-24.642874
Nc1nc2c([nH]1)NCCC2C(=O)S,LLM,-2.5835547,-24.949938
Nc1nc2c([nH]1)NCCC2C(=O)S,LLM,-2.5835547,-24.949938
O=P(O)(O)OCC(O)c1ccccc1O,LLM,36.21669,-31.43901
O=P(O)(O)OCC(O)c1ccccc1O,LLM,36.21669,-31.43901
C#CC[PH](=O)OC(=O)c1cnccn1,LLM,61.927315,-24.332092
C#CC[PH](=O)OC(=O)c1cnccn1,LLM,61.927315,-24.332092
C#CCCC=CCOC=O,LLM,-59.62876,34.501343
C#CCCC=CCOC=O,LLM,-59.62876,34.501343
Fc1cccc(C(Cl)=CNCCCCl)c1,LLM,62.21892,27.129753
Fc1cccc(C(Cl)=CNCCCCl)c1,LLM,62.21892,27.129753
CN(Cc1nnn[nH]1)c1ccc(Br)cc1Br,LLM,24.134941,-18.073856
CN(Cc1nnn[nH]1)c1ccc(Br)cc1Br,LLM,24.134941,-18.073856
Cc1cccc(N=c2nns[nH]2)n1,LLM,62.03212,6.627099
Cc1cccc(N=c2nns[nH]2)n1,LLM,62.032146,6.6270914
CCCC(CC)C(CO)(CCCCF)SS,LLM,-48.063602,-32.390533
CCCC(CC)C(CO)(CCCCF)SS,LLM,-48.063602,-32.390533
CSC=CCN=Cc1ccncc1,LLM,65.119675,19.774452
CSC=CCN=Cc1ccncc1,LLM,65.119675,19.774452
Oc1cnccc1C(CS)NCCS,LLM,81.47784,15.500257
Oc1cnccc1C(CS)NCCS,LLM,81.47784,15.500257
COCCC(C)(CCC=O)COC,LLM,-82.78314,21.21276
COCCC(C)(CCC=O)COC,LLM,-82.78314,21.21276
Cc1cccc(=O)n1OCCCCCBr,LLM,72.03637,34.18516
Cc1cccc(=O)n1OCCCCCBr,LLM,72.03637,34.18516
CC1(N)C=CN1c1ccccc1,LLM,81.00304,-9.973212
CC1(N)C=CN1c1ccccc1,LLM,81.00298,-9.97256
NCc1cn(NCc2ccc(Cl)cc2)nn1,LLM,52.891712,-1.1654893
NCc1cn(NCc2ccc(Cl)cc2)nn1,LLM,52.891712,-1.1654893
CCCC(=O)NN1CC(=CCCC=O)OC(=O)CCCC1=O,LLM,-86.3416,1.2459766
CCCC(=O)NN1CC(=CCCC=O)OC(=O)CCCC1=O,LLM,-86.3416,1.2459766
NOCN1N=NC1=NO,LLM,8.212028,-14.136673
NOCN1N=NC1=NO,LLM,8.212028,-14.136673
COc1cc(CC(O)CO)cc(O)c1O,LLM,26.462618,-30.048855
COc1cc(CC(O)CO)cc(O)c1O,LLM,26.462618,-30.048855
Cc1cccc(-n2cc(NN)nn2)c1,LLM,60.029922,6.791804
Cc1cccc(-n2cc(NN)nn2)c1,LLM,60.03013,6.791778
CC(=N)N=Cc1ccc(F)cc1,LLM,50.05808,-31.98908
CC(=N)N=Cc1ccc(F)cc1,LLM,50.058727,-31.990047
C#CCC(C)CCCCCCCCCCNC(C)CO,LLM,-40.40996,-6.3446684
C#CCC(C)CCCCCCCCCCNC(C)CO,LLM,-40.40996,-6.3446684
CC1CCC2CCCC3CC(=O)OC3(CO)N1C2,LLM,7.8999753,-3.035124
CC1CCC2CCCC3CC(=O)OC3(CO)N1C2,LLM,7.8999753,-3.035124
CCCC(C)NC(=O)c1cccc(Br)n1,LLM,34.33399,-67.00749
CCCC(C)NC(=O)c1cccc(Br)n1,LLM,34.33399,-67.00749
CCCCCc1ccc(O)cc1O,LLM,6.6570673,-67.27324
CCCCCc1ccc(O)cc1O,LLM,6.657085,-67.27368
CCCCCc1ccc(O)cc1O,LLM,6.657085,-67.27368
CCCCCC(=N)OCCCBr,LLM,-64.74884,-34.786278
CCCCCC(=N)OCCCBr,LLM,-64.75186,-34.788822
CCCCCC(=N)OCCCBr,LLM,-64.75186,-34.788822
CNC(=N)Cc1c[nH]c2ccccc12,LLM,65.89568,-27.555532
CNC(=N)Cc1c[nH]c2ccccc12,LLM,65.89568,-27.555532
Fc1ccc(COC2COCCCN2)cc1,LLM,49.50206,44.117844
Fc1ccc(COC2COCCCN2)cc1,LLM,49.50206,44.117844
CCCCNCc1cc(F)cc(F)c1,LLM,20.767376,-70.006454
CCCCNCc1cc(F)cc(F)c1,LLM,20.767523,-70.00647
Oc1c(I)cc(F)c(Br)c1F,LLM,35.532867,-19.438047
Oc1c(I)cc(F)c(Br)c1F,LLM,35.532867,-19.438047
CN(C)N(Cl)c1ccccc1Cl,LLM,57.35114,-12.102271
CN(C)N(Cl)c1ccccc1Cl,LLM,57.35114,-12.102271
NCC1(c2ccccc2)CCNC1,LLM,95.09298,-15.400394
NCC1(c2ccccc2)CCNC1,LLM,95.09298,-15.400394
OCc1oc(-c2cccc(F)c2)*c1O,LLM,54.506924,-21.893827
OCc1oc(-c2cccc(F)c2)*c1O,LLM,54.506992,-21.893795
NCCSCCCc1ccccc1,LLM,77.73502,-33.006622
NCCSCCCc1ccccc1,LLM,77.73502,-33.006622
CC(=O)NNC(=O)c1ccccc1,LLM,49.773003,-52.19393
CC(=O)NNC(=O)c1ccccc1,LLM,49.77237,-52.194138
CCCCCCOC(=O)C1OCC(O)O1,LLM,-69.8563,-38.376396
CCCCCCOC(=O)C1OCC(O)O1,LLM,-69.8563,-38.376396
Cc1ccc(F)cc1,LLM,50.46745,19.001911
Cc1ccc(F)cc1,LLM,50.467472,19.001959
CCOc1cccc(NN)c1,LLM,62.27943,-29.256369
CCOc1cccc(NN)c1,LLM,62.279247,-29.25637
CCN(N=O)NN=C(O)c1ccc(Cl)cc1O,LLM,47.015415,-11.399224
CCN(N=O)NN=C(O)c1ccc(Cl)cc1O,LLM,47.015415,-11.399224
O=C(O)c1cc(O)ccc1Br,LLM,42.309917,-44.367767
O=C(O)c1cc(O)ccc1Br,LLM,42.309593,-44.36701
CCC(C)OC=CCC(=O)OC,LLM,-30.139164,-47.310463
CCC(C)OC=CCC(=O)OC,LLM,-30.139164,-47.310463
CCC(C)OC=CCC(=O)OC,LLM,-30.137712,-47.30988
Nc1cccc(-c2nc[nH]n2)c1,LLM,55.315804,9.4077425
Nc1cccc(-c2nc[nH]n2)c1,LLM,55.317135,9.407756
Nc1cccc(-c2nc[nH]n2)c1,LLM,55.317135,9.407756
CCCCNNNC(CC)CCl,LLM,-71.34792,-24.950954
CCCCNNNC(CC)CCl,LLM,-71.34755,-24.950733
CCCCNNNC(CC)CCl,LLM,-71.347374,-24.950615
O=C(OCCNc1ccccc1O)c1ccccc1,LLM,49.56902,-60.11551
O=C(OCCNc1ccccc1O)c1ccccc1,LLM,49.56902,-60.11551
CC(C1CCCCC1)C1CCCCN1,LLM,-0.15056263,16.19484
CC(C1CCCCC1)C1CCCCN1,LLM,-0.15062423,16.194695
C=C1NCCCC(c2ccccc2)C1=NO,LLM,91.34977,-4.563676
C=C1NCCCC(c2ccccc2)C1=NO,LLM,91.34977,-4.563676
CN1CCCC(F)C1=O,LLM,15.422872,11.812439
CN1CCCC(F)C1=O,LLM,15.422872,11.812439
ClC(Cl)=C(Cl)C(Cl)(Cl)Cl,LLM,-20.866526,46.487934
ClC(Cl)=C(Cl)C(Cl)(Cl)Cl,LLM,-20.866291,46.488113
C=C1CCCCC1=Cc1c(F)cc(F)cc1Br,LLM,30.471336,57.103573
C=C1CCCCC1=Cc1c(F)cc(F)cc1Br,LLM,30.471336,57.103573
CCC=CC=CCC(C)CNc1ccncc1,LLM,-2.280781,-18.122896
CCC=CC=CCC(C)CNc1ccncc1,LLM,-2.280781,-18.122896
CCCCCC1CCCC1CO,LLM,-17.135029,-16.53735
CCCCCC1CCCC1CO,LLM,-17.13499,-16.537317
Oc1ccc(Cl)cc1,LLM,48.081356,-7.305067
Oc1ccc(Cl)cc1,LLM,48.081078,-7.3068175
O=P(O)(O)CC=CCNCc1nn[nH]n1,LLM,-47.417316,-55.20017
O=P(O)(O)CC=CCNCc1nn[nH]n1,LLM,-47.417316,-55.20017
CC1CCc2cccc(Cl)c2N1N=C1CC(=O)CN1,LLM,93.88098,5.744013
CC1CCc2cccc(Cl)c2N1N=C1CC(=O)CN1,LLM,93.88098,5.744013
C=CC(=O)OCC(C)(C)NCC(=O)O,LLM,-17.086647,-43.08281
C=CC(=O)OCC(C)(C)NCC(=O)O,LLM,-17.086647,-43.08281
CON=C(F)c1ccc(Br)o1,LLM,34.482483,-16.47427
CON=C(F)c1ccc(Br)o1,LLM,34.4827,-16.474516
CC(=O)CN(CC(=O)NO)CC(=O)NO,LLM,-24.318361,-38.92518
CC(=O)CN(CC(=O)NO)CC(=O)NO,LLM,-24.318855,-38.925915
COCC(O)c1cc(CCl)ncn1,LLM,25.31645,-15.007568
COCC(O)c1cc(CCl)ncn1,LLM,25.316113,-15.007616
CCS(=O)(=O)NNNCC(O)C(=O)O,LLM,-20.149246,-57.864017
CCS(=O)(=O)NNNCC(O)C(=O)O,LLM,-20.1494,-57.864445
NCc1ccc(-c2nn[nH]n2)cc1,LLM,55.669262,0.70895725
NCc1ccc(-c2nn[nH]n2)cc1,LLM,55.669262,0.70895725
CN(Cc1ccc(Cl)cc1)SS,LLM,51.496296,-13.2287035
CN(Cc1ccc(Cl)cc1)SS,LLM,51.49635,-13.2284975
COC1CCCC(=O)O1,LLM,12.708834,7.495852
COC1CCCC(=O)O1,LLM,12.708834,7.495852
O=C(O)c1nc2cc(Cl)c(Cl)cc2n1O,LLM,39.64,-40.02831
O=C(O)c1nc2cc(Cl)c(Cl)cc2n1O,LLM,39.64026,-40.02918
NS(=O)(=O)O,LLM,-20.10144,63.54611
NS(=O)(=O)O,LLM,-20.10144,63.54611
CNC1OCC(O)C(O)C1O,LLM,-1.7911326,28.527985
CNC1OCC(O)C(O)C1O,LLM,-1.791111,28.527914
CN=C(Cl)SC(=O)n1cccn1,LLM,11.617387,-41.853863
CN=C(Cl)SC(=O)n1cccn1,LLM,11.617387,-41.853863
FC1CCNC2N=CC1CN2,LLM,19.938,37.438442
FC1CCNC2N=CC1CN2,LLM,19.937899,37.438496
CCOC(Br)Cc1nc(N)nc(N2CC=CC2)n1,LLM,1.9895777,-15.983217
CCOC(Br)Cc1nc(N)nc(N2CC=CC2)n1,LLM,1.9896315,-15.983258
CC(O)C(Br)CO,LLM,-34.827335,-9.963109
CC(O)C(Br)CO,LLM,-34.82848,-9.963477
CC(O)C(Br)CO,LLM,-34.82848,-9.963477
CCC(N)OCCCCCN,LLM,-35.728333,-22.594675
CCC(N)OCCCCCN,LLM,-35.72824,-22.594799
CCC(N)OCCCCCN,LLM,-35.728657,-22.594727
NNC=CN1CCCCC1,LLM,2.8486836,44.78784
NNC=CN1CCCCC1,LLM,2.8486836,44.78784
NS(=O)(=O)c1ccc(Cc2ccccn2)s1,LLM,76.97025,6.072713
NS(=O)(=O)c1ccc(Cc2ccccn2)s1,LLM,76.97025,6.072713
CCC(=O)OCCCNOCCC(C)CO,LLM,-38.860672,-54.709805
CCC(=O)OCCCNOCCC(C)CO,LLM,-38.860672,-54.709805
CN1C2CCCN1CC2=C(S)C(Cl)(Cl)Cl,LLM,13.489875,16.563745
CN1C2CCCN1CC2=C(S)C(Cl)(Cl)Cl,LLM,13.489818,16.56358
CCCCCON(C)CC(=O)NN=C1CCCCN1,LLM,-72.35841,-41.403572
CCCCCON(C)CC(=O)NN=C1CCCCN1,LLM,-72.35841,-41.403572
Nc1cccc2ccnn12,LLM,59.726414,10.858291
Nc1cccc2ccnn12,LLM,59.72704,10.858413
CCC(=O)Cc1nnn(CC)n1,LLM,10.739198,-51.845325
CCC(=O)Cc1nnn(CC)n1,LLM,10.739643,-51.844616
OCn1c(Cl)ccc1CCl,LLM,50.387955,-2.9085507
OCn1c(Cl)ccc1CCl,LLM,50.387936,-2.908901
CC(C)CCCCCCNC(=O)CCCC(=O)O,LLM,-23.47856,-57.294285
CC(C)CCCCCCNC(=O)CCCC(=O)O,LLM,-23.47856,-57.294285
C[SH](O)CCCC[SH](O)Cc1ccccn1,LLM,73.87297,4.8257456
C[SH](O)CCCC[SH](O)Cc1ccccn1,LLM,73.87529,4.8257375
CC(Br)CC(O)CO,LLM,-34.726162,-10.108488
CC(Br)CC(O)CO,LLM,-34.726223,-10.108612
Cc1ccc(NCc2ccccn2)cc1,LLM,72.77078,6.5133014
Cc1ccc(NCc2ccccn2)cc1,LLM,72.77078,6.5133014
CCCCCCSS,LLM,-55.892857,-26.003912
CCCCCCSS,LLM,-55.89284,-26.004133
CCCNCc1cn[nH]c1C,LLM,7.382411,-23.23406
CCCNCc1cn[nH]c1C,LLM,7.382344,-23.234106
C=CC(=O)CCCCOCCCO,LLM,-18.376877,2.346838
C=CC(=O)CCCCOCCCO,LLM,-18.376877,2.346838
Nc1ccc2ccc(Cl)cc2n1,LLM,45.49438,-4.0141015
Nc1ccc2ccc(Cl)cc2n1,LLM,45.49451,-4.0147777
CCNc1cnccc1F,LLM,73.3567,18.566895
CCNc1cnccc1F,LLM,73.35585,18.566849
Cc1nc(CCCCN(C)C)nc(N2CCOCC2)n1,LLM,37.571213,57.260925
Cc1nc(CCCCN(C)C)nc(N2CCOCC2)n1,LLM,37.57162,57.261658
Cc1nc(CCCCN(C)C)nc(N2CCOCC2)n1,LLM,37.57162,57.261658
N#CCCCCCCCCC(=O)OCl,LLM,-19.599447,-30.569578
N#CCCCCCCCCC(=O)OCl,LLM,-19.599447,-30.569578
N#CCCCCCCCCC(=O)OCl,LLM,-19.599447,-30.569578
NOCCNO,LLM,-28.436157,24.276203
NOCCNO,LLM,-28.436245,24.276274
CCCCCCCC(N)CN=N,LLM,-53.929077,-34.74208
CCCCCCCC(N)CN=N,LLM,-53.929077,-34.74208
CNC(=O)S(=CN=O)Cc1ccccc1,LLM,50.638832,-54.003326
CNC(=O)S(=CN=O)Cc1ccccc1,LLM,50.638863,-54.003494
NOC=CCn1ccnc1C=O,LLM,28.295141,2.1340342
NOC=CCn1ccnc1C=O,LLM,28.295141,2.1340342
CC=CCC1=CC(OC(=O)c2ccccn2)C(O)C(=O)N1I,LLM,68.16295,-51.933807
CC=CCC1=CC(OC(=O)c2ccccn2)C(O)C(=O)N1I,LLM,68.16295,-51.933807
ON=C1NC2CC3CCN3CC2C1S,LLM,10.9398,21.058867
ON=C1NC2CC3CCN3CC2C1S,LLM,10.93981,21.05889
Cc1cccnc1COC(=O)C(N)=NO,LLM,63.632965,-51.73212
Cc1cccnc1COC(=O)C(N)=NO,LLM,63.632965,-51.73212
CCCCCNCCCCCCO,LLM,-77.61288,-21.845709
CCCCCNCCCCCCO,LLM,-77.61282,-21.846066
C=C(Br)C(=O)OCCSP(=O)(O)Cl,LLM,-42.95222,-40.090836
C=C(Br)C(=O)OCCSP(=O)(O)Cl,LLM,-42.95222,-40.090836
O=Cc1cc(Br)ccc1CS,LLM,50.10205,10.599811
O=Cc1cc(Br)ccc1CS,LLM,50.10205,10.599811
CCCCCC(O)C(N)c1ccc(F)cc1,LLM,-49.876133,-40.182507
CCCCCC(O)C(N)c1ccc(F)cc1,LLM,-49.876133,-40.182507
NCCCCCCC(F)CN,LLM,-21.440592,32.218132
NCCCCCCC(F)CN,LLM,-21.440592,32.218132
ClC(CBr)=C(Br)C(Cl)(Cl)Cl,LLM,-22.32785,45.219635
ClC(CBr)=C(Br)C(Cl)(Cl)Cl,LLM,-22.32785,45.219635
CCCCCOCCCCCC(C)O,LLM,-68.701454,-32.211357
CCCCCOCCCCCC(C)O,LLM,-68.701454,-32.211357
CN=CCn1cccc1C,LLM,60.22432,15.448168
CN=CCn1cccc1C,LLM,60.22147,15.448424
COCC1(O)COC(OC2NCCC2=O)C1,LLM,8.742473,-6.472214
COCC1(O)COC(OC2NCCC2=O)C1,LLM,8.74238,-6.4722505
CN1CC2CC(=O)C(N)=CC1c1ccccc1C2,LLM,84.322266,-13.42695
CN1CC2CC(=O)C(N)=CC1c1ccccc1C2,LLM,84.322266,-13.42695
CCC(N)(C#N)c1ccccc1Cl,LLM,60.360466,-15.008236
CCC(N)(C#N)c1ccccc1Cl,LLM,60.360466,-15.008236
CNc1ccccc1Cc1ccccc1CNN,LLM,67.98507,-27.828192
CNc1ccccc1Cc1ccccc1CNN,LLM,67.98516,-27.827808
CCCNCCNC1C=CC(CCF)=CC1,LLM,-12.505498,-7.705803
CCCNCCNC1C=CC(CCF)=CC1,LLM,-12.505498,-7.705803
CSc1cn(OCCCNO)cn1,LLM,7.6743093,-18.58507
CSc1cn(OCCCNO)cn1,LLM,7.6743093,-18.58507
COP(CCCNC(=N)N):C(O)=NO,LLM,-23.255268,19.827608
COP(CCCNC(=N)N):C(O)=NO,LLM,-23.255268,19.827608
COCC(NC(C)(C)C)[SH]1CC(O)CCO1,LLM,-16.709183,6.142012
COCC(NC(C)(C)C)[SH]1CC(O)CCO1,LLM,-16.709183,6.142012
CCCC1CCC(NC(C)(C)CO)C1(C)S,LLM,-2.7422745,4.439463
CCCC1CCC(NC(C)(C)CO)C1(C)S,LLM,-2.7422745,4.439463
CC(CCNCOP)c1ccco1,LLM,65.46461,-34.496613
CC(CCNCOP)c1ccco1,LLM,65.46461,-34.496613
CC(CCNCOP)c1ccco1,LLM,65.462944,-34.496235
NSC(=S)S(CC(F)C(=O)O)=NO,LLM,-11.2852745,-52.976902
NSC(=S)S(CC(F)C(=O)O)=NO,LLM,-11.285248,-52.97691
NS(=O)(=O)OCCCP(=O)(O)OP1CCCCP1,LLM,-37.928406,-32.622425
NS(=O)(=O)OCCCP(=O)(O)OP1CCCCP1,LLM,-37.928406,-32.622425
N=C1CCCCC1=NN=[SH]N,LLM,6.2603645,52.064117
N=C1CCCCC1=NN=[SH]N,LLM,6.2603645,52.064117
CON(C)Cc1c[nH]cn1,LLM,13.199291,-21.424597
CON(C)Cc1c[nH]cn1,LLM,13.199291,-21.424597
CNCCOc1cccc(I)c1,LLM,63.79203,-30.690771
CNCCOc1cccc(I)c1,LLM,63.79203,-30.690771
O=C(S)c1ccc2ccccc2n1,LLM,56.88527,-49.41399
O=C(S)c1ccc2ccccc2n1,LLM,56.885612,-49.413532
ClSSCN1CC2OCCC1COO2,LLM,-2.810986,23.165216
ClSSCN1CC2OCCC1COO2,LLM,-2.8120716,23.165264
ClCCCc1noc2ccccc12,LLM,70.564514,-2.0790606
ClCCCc1noc2ccccc12,LLM,70.564514,-2.0790606
CC(B1C=CC=C1F)C(=O)N(C)c1cscc1Cl,LLM,28.814325,-67.09455
CC(B1C=CC=C1F)C(=O)N(C)c1cscc1Cl,LLM,28.814177,-67.094864
O=C(O)C(Br)c1ccsc1,LLM,51.63203,-45.203304
O=C(O)C(Br)c1ccsc1,LLM,51.63203,-45.203304
C=CN1CCCC(=O)N1Cc1ccccc1,LLM,74.74043,-17.424063
C=CN1CCCC(=O)N1Cc1ccccc1,LLM,74.74043,-17.424063
O=C(O)C=C1CNCCN1,LLM,6.0693097,-30.531612
O=C(O)C=C1CNCCN1,LLM,6.0693097,-30.531612
NNCCn1cc(O)cnc1=O,LLM,12.474795,-31.003176
NNCCn1cc(O)cnc1=O,LLM,12.474947,-31.003204
CC1=CC=CC2=CC=CNN12,LLM,33.9708,17.921316
CC1=CC=CC2=CC=CNN12,LLM,33.970875,17.921026
NS(=O)(=O)Oc1nccnc1Cl,LLM,45.960316,-1.2991743
NS(=O)(=O)Oc1nccnc1Cl,LLM,45.963974,-1.3007436
CN(CC1CNNC1)c1ccccn1,LLM,82.92415,6.6914244
CN(CC1CNNC1)c1ccccn1,LLM,82.92415,6.6914244
COCCCO,LLM,-25.754423,-3.160273
COCCCO,LLM,-25.754423,-3.160273
COCCCO,LLM,-25.754408,-3.1602964
CCC(O)(Cc1ccco1)c1cccc(O)c1,LLM,56.693153,-27.049032
CCC(O)(Cc1ccco1)c1cccc(O)c1,LLM,56.693153,-27.049032
C=C(CCO)C(=O)OCCO,LLM,-18.990625,1.1150432
C=C(CCO)C(=O)OCCO,LLM,-18.990625,1.1150432
NC(CC(F)C(F)C(F)Br)C(=O)O,LLM,-11.1045265,-55.279034
NC(CC(F)C(F)C(F)Br)C(=O)O,LLM,-11.104576,-55.278683
CC[SH](O)CC(C)CN,LLM,-34.092052,-12.7545185
CC[SH](O)CC(C)CN,LLM,-34.09238,-12.754198
O=S(=O)(F)C1CC(Cl)(Cl)C(F)(C(Cl)Cl)C1,LLM,-11.110112,59.191856
O=S(=O)(F)C1CC(Cl)(Cl)C(F)(C(Cl)Cl)C1,LLM,-11.110119,59.191895
CCC1CCC(Nc2ccncc2Br)N1,LLM,80.1235,23.814154
CCC1CCC(Nc2ccncc2Br)N1,LLM,80.1235,23.814154
CCCCOC(=O)CCSP(=O)(O)O,LLM,-65.06527,-38.71484
CCCCOC(=O)CCSP(=O)(O)O,LLM,-65.06527,-38.71484
CC=CCCNC1NCNNCS1,LLM,-48.522957,26.212292
CC=CCCNC1NCNNCS1,LLM,-48.522358,26.212164
CC1=CN2C=NC(C=O)=C1CCS2,LLM,22.960875,9.222127
CC1=CN2C=NC(C=O)=C1CCS2,LLM,22.960875,9.222127
Nc1nc(Cc2cccs2)cc(=O)n1O,LLM,57.224857,-37.571674
Nc1nc(Cc2cccs2)cc(=O)n1O,LLM,57.224857,-37.571674
Nc1nc(Cc2cccs2)cc(=O)n1O,LLM,57.224857,-37.571674
NNCc1ccc(F)c(C(N)=O)n1,LLM,50.34802,-36.148163
NNCc1ccc(F)c(C(N)=O)n1,LLM,50.34802,-36.148163
CN=CNC1=CC=C(NO)OC1=C=S,LLM,-14.802072,4.11289
CN=CNC1=CC=C(NO)OC1=C=S,LLM,-14.802078,4.112894
c1ccc(C2CO2)cc1,LLM,89.851715,-13.751363
c1ccc(C2CO2)cc1,LLM,89.85177,-13.751442
CC(=S)NS,LLM,-22.300253,16.756405
CC(=S)NS,LLM,-22.29995,16.756578
Cc1ccc(N2CBNCC2)cc1I,LLM,44.23113,24.34819
Cc1ccc(N2CBNCC2)cc1I,LLM,44.23113,24.34819
NCC1C(Cl)CC1(O)c1ccc(Cl)nn1,LLM,59.469505,31.86956
NCC1C(Cl)CC1(O)c1ccc(Cl)nn1,LLM,59.469467,31.869629
CCN(CO)N=C(N)Cc1cccc(I)c1,LLM,54.16659,-26.406408
CCN(CO)N=C(N)Cc1cccc(I)c1,LLM,54.16659,-26.406408
CCCCN(C)CCCCCC(=O)O,LLM,-61.974766,-43.558434
CCCCN(C)CCCCCC(=O)O,LLM,-61.974503,-43.558495
CCC(C)OP(=O)(O)O,LLM,-39.665638,-42.165478
CCC(C)OP(=O)(O)O,LLM,-39.665638,-42.165478
CCC(C)OP(=O)(O)O,LLM,-39.6645,-42.165287
OC1CCC2C=COC1CC2,LLM,0.009807919,29.826616
OC1CCC2C=COC1CC2,LLM,0.009772516,29.827444
Cc1cccc2cccnc12,LLM,66.47343,7.2083855
Cc1cccc2cccnc12,LLM,66.4738,7.2084694
COCOP,LLM,-25.184553,3.787855
COCOP,LLM,-25.184189,3.788136
ONC1=NSSN=C1,LLM,20.251308,-8.616632
ONC1=NSSN=C1,LLM,20.251284,-8.616556
CCCc1ncc(I)c2ccccc12,LLM,68.57956,-14.210066
CCCc1ncc(I)c2ccccc12,LLM,68.57969,-14.211078
CC1=C2NC=CC(Br)=C2C=C(N)O1,LLM,35.32062,15.936727
CC1=C2NC=CC(Br)=C2C=C(N)O1,LLM,35.320755,15.936758
CCOP(=O)(Cc1cnccn1)NCCN,LLM,17.285563,-30.842028
CCOP(=O)(Cc1cnccn1)NCCN,LLM,17.285563,-30.842028
CC1CCCCC(O)N1c1ccc(O)cc1,LLM,40.19224,36.95065
CC1CCCCC(O)N1c1ccc(O)cc1,LLM,40.19224,36.95065
CN1CCC1(O)c1ccccc1,LLM,82.473335,-8.560607
CN1CCC1(O)c1ccccc1,LLM,82.473335,-8.560607
CCCC=C1NCCC=CO1,LLM,-8.072425,-13.435343
CCCC=C1NCCC=CO1,LLM,-8.072425,-13.435343
CCC1=C2CC(C)(C)C2=C1C(N)=O,LLM,-0.80161214,-39.319668
CCC1=C2CC(C)(C)C2=C1C(N)=O,LLM,-0.80161214,-39.319668
C#CCSSCCc1cnccn1,LLM,65.972336,15.1731205
C#CCSSCCc1cnccn1,LLM,65.972336,15.1731205
CCOC(S)=Nc1ccco1,LLM,22.296587,-58.711147
CCOC(S)=Nc1ccco1,LLM,22.296587,-58.711147
NCC=CC(=O)CO,LLM,-36.52135,37.249413
NCC=CC(=O)CO,LLM,-36.521347,37.249428
CCCC(N)=O,LLM,-19.917585,-41.95566
CCCC(N)=O,LLM,-19.917662,-41.955692
COc1ccc(SCC(=O)CCN(C)C)cc1,LLM,28.274315,-55.734463
COc1ccc(SCC(=O)CCN(C)C)cc1,LLM,28.274523,-55.734364
NNc1ccc(C(N)=O)cc1,LLM,47.49821,-38.260433
NNc1ccc(C(N)=O)cc1,LLM,47.498577,-38.26039
ClCCC1=C(Cl)N=C2N=C(Cl)C=S21,LLM,48.46759,0.16513717
ClCCC1=C(Cl)N=C2N=C(Cl)C=S21,LLM,48.46774,0.16512764
CCCN(CCN)C(=O)c1ccc(Br)cc1Br,LLM,33.144253,-62.597946
CCCN(CCN)C(=O)c1ccc(Br)cc1Br,LLM,33.144253,-62.597946
CC(Br)C1=C(O)[SH](O)S1,LLM,-26.0445,-14.305728
CC(Br)C1=C(O)[SH](O)S1,LLM,-26.044613,-14.305715
N=C1CCN(c2ccccc2)CC1=N,LLM,82.34271,-6.149092
N=C1CCN(c2ccccc2)CC1=N,LLM,82.34294,-6.148669
CC(=O)C(C)NCC1=NN=N[C@@H]1O,LLM,-21.873878,-49.102894
CC(=O)C(C)NCC1=NN=N[C@@H]1O,LLM,-21.873915,-49.102962
CN(N=C(N)N)C(=O)CO,LLM,-26.93343,-31.408955
CN(N=C(N)N)C(=O)CO,LLM,-26.933237,-31.408941
CON(CC(=O)O)C(=O)CC(N)c1cccs1,LLM,54.470795,-44.61094
CON(CC(=O)O)C(=O)CC(N)c1cccs1,LLM,54.470795,-44.61094
CC(=O)NC1CCC2(C)C(O)C(=O)C12,LLM,1.4969633,-25.266764
CC(=O)NC1CCC2(C)C(O)C(=O)C12,LLM,1.4969633,-25.266764
NCCCNCCc1ccc(C(=O)O)cc1,LLM,44.865067,-67.9502
NCCCNCCc1ccc(C(=O)O)cc1,LLM,44.865067,-67.9502
COc1cccc(C=CN)c1C1CC1CN,LLM,54.70427,29.81876
COc1cccc(C=CN)c1C1CC1CN,LLM,54.704224,29.819498
CC(CCl)(CCCCCl)CS(=O)(=O)O,LLM,-35.775173,-29.685291
CC(CCl)(CCCCCl)CS(=O)(=O)O,LLM,-35.775173,-29.685291
Clc1cccc2ccccc1NCCON2,LLM,90.68888,0.22799723
Clc1cccc2ccccc1NCCON2,LLM,90.68888,0.22799723
CNCCSC(N)CSC(N)CBr,LLM,-26.655848,11.38283
CNCCSC(N)CSC(N)CBr,LLM,-26.655848,11.38283
C[SH](O)CCCCO[SH](=O)(O)CCCl,LLM,-35.02089,6.375696
C[SH](O)CCCCO[SH](=O)(O)CCCl,LLM,-35.021084,6.3758993
Cc1nc(CO)nc(O)c1O,LLM,32.155872,-1.0791489
Cc1nc(CO)nc(O)c1O,LLM,32.15578,-1.0791587
O=P(O)(O)CCC=Nc1c[nH]cn1,LLM,14.583944,-26.085407
O=P(O)(O)CCC=Nc1c[nH]cn1,LLM,14.583956,-26.084463
CCC(O)CC(S)S,LLM,-41.199688,-12.822237
CCC(O)CC(S)S,LLM,-41.199688,-12.822237
CCCN1CC(O)CCN1CN,LLM,-14.052646,-1.087576
CCCN1CC(O)CCN1CN,LLM,-14.052591,-1.0874108
CCCN1CC(O)CCN1CN,LLM,-14.052646,-1.087576
Cc1cccn1NC(=N)NC1=NCCCS1,LLM,64.32293,40.56632
Cc1cccn1NC(=N)NC1=NCCCS1,LLM,64.32293,40.56632
Cc1csc(CCc2cccnc2)n1,LLM,69.40312,18.809118
Cc1csc(CCc2cccnc2)n1,LLM,69.403625,18.808187
OC(O)c1c(F)sc(P(F)C(F)(F)F)c1I,LLM,-7.7654877,48.830204
OC(O)c1c(F)sc(P(F)C(F)(F)F)c1I,LLM,-7.7654877,48.830204
NCC(CO)COC(=O)c1ccco1,LLM,50.661648,-65.14822
NCC(CO)COC(=O)c1ccco1,LLM,50.661648,-65.14822
CC(CS)c1ccccc1,LLM,72.964966,-31.358456
CC(CS)c1ccccc1,LLM,72.96587,-31.358433
Fc1ccccc1Cc1ccccn1,LLM,75.25038,4.347541
Fc1ccccc1Cc1ccccn1,LLM,75.25038,4.347541
CN(N)c1nsnc1S(=O)(=O)Br,LLM,12.528666,-13.550892
CN(N)c1nsnc1S(=O)(=O)Br,LLM,12.528666,-13.550892
CCCCCCCCCC(=O)Cl,LLM,-62.93695,-41.349113
CCCCCCCCCC(=O)Cl,LLM,-62.937088,-41.349216
CCCCCCCCCC(=O)Cl,LLM,-62.937134,-41.34919
O=Cc1cc(-c2ccccn2)no1,LLM,78.96418,4.9152355
O=Cc1cc(-c2ccccn2)no1,LLM,78.963394,4.9146967
O=Cc1cc(-c2ccccn2)no1,LLM,78.963394,4.9146967
CCCCCOc1ccc(C(=O)NO)cc1,LLM,9.392488,-73.897224
CCCCCOc1ccc(C(=O)NO)cc1,LLM,9.392488,-73.897224
CCC#CC[SH]=C(C#N)C(S)=NO,LLM,-49.739685,-10.000177
CCC#CC[SH]=C(C#N)C(S)=NO,LLM,-49.739685,-10.000177
CC(C)CCC(N)(CCC(C)C)C(O)ON=CN,LLM,-33.066586,-0.2688929
CC(C)CCC(N)(CCC(C)C)C(O)ON=CN,LLM,-33.066586,-0.2688929
Cc1cccc(C=CN)c1Cl,LLM,58.58286,1.7118363
Cc1cccc(C=CN)c1Cl,LLM,58.582947,1.7112828
Cc1cccc(C=CN)c1Cl,LLM,58.58286,1.7112074
CN1CCNCC1c1ccccc1Cl,LLM,93.55996,1.3849525
CN1CCNCC1c1ccccc1Cl,LLM,93.56119,1.3850207
CN1CCNCC1c1ccccc1Cl,LLM,93.56119,1.3850207
CCOc1ccc(CCl)cc1,LLM,19.54171,-27.153374
CCOc1ccc(CCl)cc1,LLM,19.54171,-27.153374
CCOc1ccc(CCl)cc1,LLM,19.54171,-27.153374
O=C(Cl)c1ccccc1Cl,LLM,47.346336,-45.434025
O=C(Cl)c1ccccc1Cl,LLM,47.346336,-45.434025
CNC(C)CF,LLM,-37.953815,-5.2764645
CNC(C)CF,LLM,-37.953808,-5.276484
O=C(Cl)CBr,LLM,-9.393803,-44.74406
O=C(Cl)CBr,LLM,-9.393823,-44.74395
NNc1ccc(=O)n(-c2cccs2)c1,LLM,54.69489,-38.92378
NNc1ccc(=O)n(-c2cccs2)c1,LLM,54.69489,-38.92378
NNc1ccc(=O)n(-c2cccs2)c1,LLM,54.69489,-38.92378
CCC(CC(N)=O)N1CCC(=O)N(C)CC1,LLM,-4.6889353,-40.647293
CCC(CC(N)=O)N1CCC(=O)N(C)CC1,LLM,-4.688879,-40.647305
CCOC(=O)c1ccsc1,LLM,17.578024,-56.192005
CCOC(=O)c1ccsc1,LLM,17.578024,-56.192005
CC(N)C(O)CNC(=S)CCCCCl,LLM,-37.3049,-0.9377125
CC(N)C(O)CNC(=S)CCCCCl,LLM,-37.3049,-0.9377125
CCONc1ncncc1-c1cccc(=O)cc1I,LLM,62.329273,-27.797894
CCONc1ncncc1-c1cccc(=O)cc1I,LLM,62.32826,-27.797756
CCCOC1=CC=NC(CN(C)C)=NO1,LLM,21.3219,-15.666022
CCCOC1=CC=NC(CN(C)C)=NO1,LLM,21.3219,-15.666022
CNCC1OC(=S)N=CS1,LLM,15.475466,-8.655752
CNCC1OC(=S)N=CS1,LLM,15.475466,-8.655752
CNCC1OC(=S)N=CS1,LLM,15.474895,-8.655615
CCCCCCCCCC(=O)OCCC,LLM,-66.380936,-37.837616
CCCCCCCCCC(=O)OCCC,LLM,-66.38069,-37.83745
CCCCCCCCCC(=O)OCCC,LLM,-66.38069,-37.83745
NCc1cc(I)ccc1O,LLM,34.25027,-26.498192
NCc1cc(I)ccc1O,LLM,34.25066,-26.498474
NCc1cc(I)ccc1O,LLM,34.250324,-26.498524
O=C(NO)c1csc(Nn2cccc2)n1,LLM,34.364723,-43.084595
O=C(NO)c1csc(Nn2cccc2)n1,LLM,34.36471,-43.08489
CCCOC(=O)C(Cl)(Cl)CCCC(=O)OC,LLM,-67.64744,-42.33943
CCCOC(=O)C(Cl)(Cl)CCCC(=O)OC,LLM,-67.64744,-42.33943
NCCCCNC(S)=NCO,LLM,-22.522804,29.304207
NCCCCNC(S)=NCO,LLM,-22.522804,29.304207
C=CCCC=C(C)CCC=CC=S,LLM,-50.25806,43.68399
C=CCCC=C(C)CCC=CC=S,LLM,-50.26009,43.68593
N#CCCC(N)(CP(=O)(O)O)C(=O)O,LLM,-16.950657,-47.970657
N#CCCC(N)(CP(=O)(O)O)C(=O)O,LLM,-16.950657,-47.970657
CCOC(=O)c1nsnc1OCC(=O)c1cnsn1,LLM,16.10294,-54.521324
CCOC(=O)c1nsnc1OCC(=O)c1cnsn1,LLM,16.103615,-54.524162
CC(=O)Oc1ccc(Cl)nc1,LLM,31.479355,-45.15423
CC(=O)Oc1ccc(Cl)nc1,LLM,31.478233,-45.156025
CN1N=CN(C2CCCS2)C(=O)N1,LLM,17.81351,11.867838
CN1N=CN(C2CCCS2)C(=O)N1,LLM,17.81351,11.867838
CNCc1ccc(F)c(F)c1,LLM,53.1975,-18.476812
CNCc1ccc(F)c(F)c1,LLM,53.1975,-18.476812
Cc1cc(C)c(OCCn2cnc3ccccc32)c(C)c1,LLM,63.135914,11.47725
Cc1cc(C)c(OCCn2cnc3ccccc32)c(C)c1,LLM,63.135582,11.477278
N=C(O)n1ccnc1,LLM,9.287547,-34.672882
N=C(O)n1ccnc1,LLM,9.287547,-34.672882
COc1ccc(OC)s1,LLM,31.79003,-11.957851
COc1ccc(OC)s1,LLM,31.789827,-11.957689
CO[SH]1(CO[SH](C)(=O)OC(C)SC)C[SH](CC(=O)C(C)O)C1(C)C(O)CF,LLM,-29.717123,-60.66472
CO[SH]1(CO[SH](C)(=O)OC(C)SC)C[SH](CC(=O)C(C)O)C1(C)C(O)CF,LLM,-29.717123,-60.66472
O=NC1COc2ccccc21,LLM,88.9662,-15.77059
O=NC1COc2ccccc21,LLM,88.96651,-15.770679
O=NC1COc2ccccc21,LLM,88.96628,-15.7707615
N#CCCCN1CCCC(C(N)=O)C1,LLM,-11.004291,-31.525953
N#CCCCN1CCCC(C(N)=O)C1,LLM,-11.004291,-31.525953
N#CCCCN1CCCC(C(N)=O)C1,LLM,-11.004291,-31.525953
COCC(O)C(OC(N)C(=O)O)C(F)(Br)Br,LLM,-16.909023,-66.17718
COCC(O)C(OC(N)C(=O)O)C(F)(Br)Br,LLM,-16.909023,-66.17718
Cc1ccccc1CNSC1=NCCO1,LLM,85.988716,9.589407
Cc1ccccc1CNSC1=NCCO1,LLM,85.988716,9.589407
Fc1cccc(C(F)c2c[nH]nn2)c1,LLM,55.394028,21.855318
Fc1cccc(C(F)c2c[nH]nn2)c1,LLM,55.394028,21.855318
O=c1[nH]cnc2ccccc12,LLM,72.58792,-4.843781
O=c1[nH]cnc2ccccc12,LLM,72.58124,-4.8438354
CC(=NNc1nc2ccccc2nc1Cl)C(=O)O,LLM,58.091553,-51.935936
CC(=NNc1nc2ccccc2nc1Cl)C(=O)O,LLM,58.091026,-51.93563
CON(C)CCCCCP(=O)(O)O,LLM,-33.0471,-36.915134
CON(C)CCCCCP(=O)(O)O,LLM,-33.0471,-36.915134
CCC(CC)CCCC(N)C(=O)O,LLM,-13.836737,-59.25412
CCC(CC)CCCC(N)C(=O)O,LLM,-13.836353,-59.253193
CCCCN1C=NCCC[N+]1([O-])O,LLM,-19.773048,-20.454521
CCCCN1C=NCCC[N+]1([O-])O,LLM,-19.773098,-20.454489
CC(=O)OCN1CCCCCC1=O,LLM,0.75964415,-42.85316
CC(=O)OCN1CCCCCC1=O,LLM,0.75964415,-42.85316
CCS(=O)(=O)NCc1cccs1,LLM,60.328003,-38.29006
CCS(=O)(=O)NCc1cccs1,LLM,60.328003,-38.29006
NC(=O)NCC1=CC(Br)=CC=CS1,LLM,29.769682,-58.95087
NC(=O)NCC1=CC(Br)=CC=CS1,LLM,29.76986,-58.950714
CCC(N)C(C)=O,LLM,-16.166975,-58.44441
CCC(N)C(C)=O,LLM,-16.167221,-58.444447
NCCn1cc(Br)c(Br)c1,LLM,25.908361,-21.50949
NCCn1cc(Br)c(Br)c1,LLM,25.90828,-21.509748
CCCCNC(=O)c1ccncc1,LLM,8.368195,-62.41784
CCCCNC(=O)c1ccncc1,LLM,8.368195,-62.41784
O=C(O)C(O)Cn1cnnn1,LLM,-4.6853213,-52.46544
O=C(O)C(O)Cn1cnnn1,LLM,-4.685371,-52.465294
C1=NCn2ccnc21,LLM,29.660765,11.9876175
C1=NCn2ccnc21,LLM,29.660738,11.987493
CSc1nnnn1C(=O)C=Nc1ccccc1,LLM,56.265007,-52.1909
CSc1nnnn1C(=O)C=Nc1ccccc1,LLM,56.264854,-52.191406
O=[SH](=O)Cc1ccncc1O,LLM,67.83695,2.3346593
O=[SH](=O)Cc1ccncc1O,LLM,67.83709,2.334695
CCC(=O)N(O)CCCC#CO,LLM,-28.471561,-39.637356
CCC(=O)N(O)CCCC#CO,LLM,-28.471561,-39.637356
O=C(CP(=O)(O)O)NCCCCc1ccccn1,LLM,64.961555,-48.38179
O=C(CP(=O)(O)O)NCCCCc1ccccn1,LLM,64.961555,-48.38179
CCCn1pc(CC(N)=O)nc1O,LLM,8.064804,-54.033775
CCCn1pc(CC(N)=O)nc1O,LLM,8.064297,-54.033325
COC(C)(CO)c1ccccc1,LLM,70.603836,-36.32015
COC(C)(CO)c1ccccc1,LLM,70.603836,-36.32015
c1ccc(SCc2nccs2)cc1,LLM,75.08239,-3.0072215
c1ccc(SCc2nccs2)cc1,LLM,75.08239,-3.0072215
NC(=NO)NCCCCP(=O)(O)O,LLM,-33.812828,-44.217754
NC(=NO)NCCCCP(=O)(O)O,LLM,-33.812828,-44.217754
OCC(O)CNCc1ccc(CI)cc1,LLM,18.148945,-17.603037
OCC(O)CNCc1ccc(CI)cc1,LLM,18.149008,-17.602995
NCCCCCC(=O)OCCCCN,LLM,-17.701883,-32.989586
NCCCCCC(=O)OCCCCN,LLM,-17.701797,-32.989616
CC(C)=CCOCNCCCCCCS,LLM,-41.393604,14.883258
CC(C)=CCOCNCCCCCCS,LLM,-41.393604,14.883258
C#CC(C)(C=C)C(N)C(F)C(C)(C)C=C(C)C.C=C,LLM,-51.445415,38.539474
C#CC(C)(C=C)C(N)C(F)C(C)(C)C=C(C)C.C=C,LLM,-51.445415,38.539474
CC(C(=O)Nc1nn[nH]n1)=C(F)C(=O)O,LLM,10.183574,-48.518787
CC(C(=O)Nc1nn[nH]n1)=C(F)C(=O)O,LLM,10.183546,-48.518745
N=C1NCCCCCNNC(c2cccnc2)=NC=C1O,LLM,77.73304,21.278696
N=C1NCCCCCNNC(c2cccnc2)=NC=C1O,LLM,77.73293,21.27847
Cc1ccc(Sc2nn[nH]n2)cc1,LLM,39.0763,14.691492
Cc1ccc(Sc2nn[nH]n2)cc1,LLM,39.075905,14.691394
Cc1ncccc1-c1cccs1,LLM,67.68346,9.264362
Cc1ncccc1-c1cccs1,LLM,67.68346,9.264362
CC1NC(=O)CCCC1C=O,LLM,12.816487,10.176742
CC1NC(=O)CCCC1C=O,LLM,12.816104,10.176935
CCCOCc1ccccc1C(Cl)Cl,LLM,74.73714,-41.729347
CCCOCc1ccccc1C(Cl)Cl,LLM,74.73699,-41.729164
CCCOCc1ccccc1C(Cl)Cl,LLM,74.73714,-41.729347
NC1CCCCCC1O,LLM,5.6469817,20.801786
NC1CCCCCC1O,LLM,5.646903,20.802176
CCCCCCCC1CC(C)(F)CC(C(=O)O)=NO1,LLM,-14.160139,-21.577682
CCCCCCCC1CC(C)(F)CC(C(=O)O)=NO1,LLM,-14.160139,-21.577682
Cc1ccsc1OC1CNC2(C=NO)CCC1C2,LLM,43.243538,56.08523
Cc1ccsc1OC1CNC2(C=NO)CCC1C2,LLM,43.243538,56.08523
CC=C(CCC=CCCC)[SH]1CCCC1C=S,LLM,-45.687176,24.35611
CC=C(CCC=CCCC)[SH]1CCCC1C=S,LLM,-45.686623,24.355927
CCCC[PH](CC)(CC)CC,LLM,-58.003773,-27.864529
CCCC[PH](CC)(CC)CC,LLM,-58.00409,-27.864773
CCC=NNCCCC(S)=NN=C(N)N,LLM,-64.74059,-6.2428446
CCC=NNCCCC(S)=NN=C(N)N,LLM,-64.73865,-6.2429905
CSSCOC(=O)c1ccccc1C,LLM,42.814617,-59.049538
CSSCOC(=O)c1ccccc1C,LLM,42.814228,-59.04915
OC1=NOC(c2cc(Cl)ccc2Cl)=CS1,LLM,46.082596,-6.5236106
OC1=NOC(c2cc(Cl)ccc2Cl)=CS1,LLM,46.082596,-6.5236106
OC1=NN(c2ccco2)CCN1,LLM,88.34089,3.5135381
OC1=NN(c2ccco2)CCN1,LLM,88.34089,3.5135381
NC(CC=CCO)=NO,LLM,-32.26826,36.537014
NC(CC=CCO)=NO,LLM,-32.268333,36.537186
O=C1Cc2c(F)cccc2C1=O,LLM,59.650738,22.79002
O=C1Cc2c(F)cccc2C1=O,LLM,59.650738,22.79002
NCCCO,LLM,-25.19431,31.315279
NCCCO,LLM,-25.19431,31.315279
COCCCCCC(=O)C1=CC=C2C=CNC2C1,LLM,-5.1429796,-20.625423
COCCCCCC(=O)C1=CC=C2C=CNC2C1,LLM,-5.1429796,-20.625423
CCSc1nc2ccccc2nc1Cl,LLM,62.99066,-8.281667
CCSc1nc2ccccc2nc1Cl,LLM,62.99066,-8.281667
Cc1cccc(Cl)c1CC(=O)O,LLM,38.864193,-54.659946
Cc1cccc(Cl)c1CC(=O)O,LLM,38.864193,-54.659946
CN=C(CCn1cccn1)c1ccccc1,LLM,70.437675,-11.964273
CN=C(CCn1cccn1)c1ccccc1,LLM,70.43765,-11.964553
CCCCCON=C(N)NO,LLM,-61.72865,-33.748894
CCCCCON=C(N)NO,LLM,-61.727837,-33.749428
CCCCCC(O)CC(N)CC,LLM,-52.59128,-36.010136
CCCCCC(O)CC(N)CC,LLM,-52.59128,-36.010136
NCCS(=O)(=O)Nc1cc(=O)[nH]c(=O)[nH]1,LLM,17.929663,-3.760269
NCCS(=O)(=O)Nc1cc(=O)[nH]c(=O)[nH]1,LLM,17.929663,-3.760269
COc1ccc(N2CCCCC2)cc1,LLM,48.87588,24.863966
COc1ccc(N2CCCCC2)cc1,LLM,48.87588,24.863966
CC(=N)NC(C(=O)O)c1ccccc1,LLM,48.784256,-53.102383
CC(=N)NC(C(=O)O)c1ccccc1,LLM,48.783764,-53.10265
CNC(=NO)c1cccc(O)c1,LLM,57.96398,-29.647694
CNC(=NO)c1cccc(O)c1,LLM,57.963055,-29.647741
NOCN1N=C(CNO)C1=S,LLM,7.7630024,-14.867047
NOCN1N=C(CNO)C1=S,LLM,7.7630024,-14.867047
CONCCOSn1ccnc1N=Cc1ccccc1,LLM,77.999565,-2.6293688
CONCCOSn1ccnc1N=Cc1ccccc1,LLM,77.999565,-2.6293688
C(=NNc1ccccc1)c1cccs1,LLM,71.70478,-19.260675
C(=NNc1ccccc1)c1cccs1,LLM,71.70478,-19.260675
Fc1ccc(-c2cncnc2Cl)cc1,LLM,54.351448,17.44982
Fc1ccc(-c2cncnc2Cl)cc1,LLM,54.35183,17.449785
NC1=NC(S)C(CO)S1,LLM,16.376286,-12.147396
NC1=NC(S)C(CO)S1,LLM,16.376286,-12.147396
COCON=CCOC(O)CC(O)CO,LLM,-30.057936,-1.5583181
COCON=CCOC(O)CC(O)CO,LLM,-30.057936,-1.5583181
Cn1cc(Cc2ccco2)cn1,LLM,61.58554,18.682844
Cn1cc(Cc2ccco2)cn1,LLM,61.585842,18.68301
COCc1noc2cccc(Cl)c12,LLM,61.529034,-6.4950924
COCc1noc2cccc(Cl)c12,LLM,61.529034,-6.4950924
CCCCc1noc(C2CCOC2)c1Cl,LLM,-14.048375,-17.243162
CCCCc1noc(C2CCOC2)c1Cl,LLM,-14.048375,-17.243162
Ic1ccc(Cn2ccnc2)cc1,LLM,52.574158,1.153808
Ic1ccc(Cn2ccnc2)cc1,LLM,52.574158,1.153808
Ic1ccc(Cn2ccnc2)cc1,LLM,52.574158,1.153808
CC(Br)Cc1ccccc1,LLM,73.244064,-32.03789
CC(Br)Cc1ccccc1,LLM,73.244255,-32.038303
CC(Br)Cc1ccccc1,LLM,73.24374,-32.038017
CC1=C(Cc2c[nH]cn2)N(O)OC(Br)=C1,LLM,10.898847,-20.457373
CC1=C(Cc2c[nH]cn2)N(O)OC(Br)=C1,LLM,10.898847,-20.457373
S=C(S)N1CCCSC(CCl)C1,LLM,-1.6623565,50.065815
S=C(S)N1CCCSC(CCl)C1,LLM,-1.6623565,50.065815
O=C(NO)NOCCc1ccccc1,LLM,50.7262,-58.404987
O=C(NO)NOCCc1ccccc1,LLM,50.726574,-58.405243
Cc1cccc(C2CCC2C)c1C,LLM,40.15471,26.514177
Cc1cccc(C2CCC2C)c1C,LLM,40.15498,26.514095
COCC(N)c1ccc(O)c(O)c1,LLM,28.89154,-30.314995
COCC(N)c1ccc(O)c(O)c1,LLM,28.891346,-30.31482
CCCC(CC(N)CC(=O)O)C(=O)O,LLM,-14.36486,-58.941963
CCCC(CC(N)CC(=O)O)C(=O)O,LLM,-14.364999,-58.943882
FC(F)c1cnc(Cl)o1,LLM,53.09693,15.69531
FC(F)c1cnc(Cl)o1,LLM,53.09693,15.69531
Cc1cc(CN)c(O)c(CSc2ccccc2)c1,LLM,32.832962,-29.83835
Cc1cc(CN)c(O)c(CSc2ccccc2)c1,LLM,32.832962,-29.83835
COC=C(CCCO)NCl,LLM,-24.025883,-4.9344234
COC=C(CCCO)NCl,LLM,-24.025883,-4.9344234
CCNC(=O)NCCCOS(N)(=O)=O,LLM,-39.83792,-52.405407
CCNC(=O)NCCCOS(N)(=O)=O,LLM,-39.83792,-52.405407
FC1=NC2=CC(c3conn3)=NS2=N1,LLM,56.159054,17.671675
FC1=NC2=CC(c3conn3)=NS2=N1,LLM,56.15902,17.671867
COC(=O)CN1CCCC(C)=NO1,LLM,3.2110085,-41.350475
COC(=O)CN1CCCC(C)=NO1,LLM,3.2110085,-41.350475
Cn1nc(CCc2cccnc2)[nH]1,LLM,70.904175,18.829416
Cn1nc(CCc2cccnc2)[nH]1,LLM,70.904175,18.829416
CN=C(C(N)=O)c1ccccc1Br,LLM,47.013107,-48.82968
CN=C(C(N)=O)c1ccccc1Br,LLM,47.013107,-48.82968
NNC1OCC(O)C(O)C(O)C1O,LLM,-2.74229,27.794767
NNC1OCC(O)C(O)C(O)C1O,LLM,-2.74229,27.794767
CCC#CCCNC(=N)N,LLM,-24.876059,20.974955
CCC#CCCNC(=N)N,LLM,-24.876059,20.974955
C1=NCC=NN1c1ccccn1,LLM,76.871216,1.5525959
C1=NCC=NN1c1ccccn1,LLM,76.87125,1.5526313
CCOC(=O)C=Nc1cc(N)ccc1N,LLM,17.424734,-59.354572
CCOC(=O)C=Nc1cc(N)ccc1N,LLM,17.424734,-59.354572
CC=NN(CC(N)=O)OCCC(CC)CC,LLM,-34.80815,-57.359997
CC=NN(CC(N)=O)OCCC(CC)CC,LLM,-34.80815,-57.359997
C=C(N=CNNC(=N)N)C(F)(F)F,LLM,-34.305782,60.803974
C=C(N=CNNC(=N)N)C(F)(F)F,LLM,-34.305782,60.803974
Cc1nnnn1Cc1cncnc1I,LLM,33.593575,6.4912963
Cc1nnnn1Cc1cncnc1I,LLM,33.594067,6.4912496
NCc1ccc2ccccc2c1N(O)C(=O)O,LLM,55.02085,-56.72514
NCc1ccc2ccccc2c1N(O)C(=O)O,LLM,55.02085,-56.72514
CC1CCc2ccc(N)cc2OC1=O,LLM,51.10792,34.67134
CC1CCc2ccc(N)cc2OC1=O,LLM,51.10792,34.67134
CC1CCc2ccc(N)cc2OC1=O,LLM,51.10792,34.67134
O=CCc1c(F)cccc1Cl,LLM,63.983322,24.122272
O=CCc1c(F)cccc1Cl,LLM,63.983322,24.122272
O=CCc1c(F)cccc1Cl,LLM,63.983322,24.122272
COCCC(CCCCO)C(O)=CC(=O)Cl,LLM,-22.527157,-3.091582
COCCC(CCCCO)C(O)=CC(=O)Cl,LLM,-22.527157,-3.091582
COCCC(CCCCO)C(O)=CC(=O)Cl,LLM,-22.527157,-3.091582
OC1COc2ccc(F)cc21,LLM,52.144444,40.76108
OC1COc2ccc(F)cc21,LLM,52.144444,40.76108
OC1COc2ccc(F)cc21,LLM,52.144444,40.76108
CC1N=C(C#N)Nc2ccsc21,LLM,40.44654,16.744259
CC1N=C(C#N)Nc2ccsc21,LLM,40.446526,16.744663
CSc1nc(Oc2cccnc2)n(NO)n1,LLM,76.46902,13.589741
CSc1nc(Oc2cccnc2)n(NO)n1,LLM,76.46941,13.589307
CCCCOC1CCCN(C#N)N1,LLM,-22.44959,-16.8549
CCCCOC1CCCN(C#N)N1,LLM,-22.449686,-16.854937
NC(=Nc1cccnc1)NO,LLM,72.17658,13.711958
NC(=Nc1cccnc1)NO,LLM,72.17635,13.711848
ClCBr,LLM,-22.8344,43.656116
ClCBr,LLM,-22.834656,43.655907
ClC=C(Cl)Cl,LLM,-26.105152,47.16133
ClC=C(Cl)Cl,LLM,-26.10493,47.161545
CCCCCCN1CCSC1=O,LLM,-20.928951,-22.457928
CCCCCCN1CCSC1=O,LLM,-20.928951,-22.457928
CN(C)Cc1ccc(O)c(O)c1Br,LLM,38.187622,-23.022278
CN(C)Cc1ccc(O)c(O)c1Br,LLM,38.187637,-23.022947
NCC#CC(Cl)(Cl)Cl,LLM,-23.837019,40.619465
NCC#CC(Cl)(Cl)Cl,LLM,-23.837076,40.619324
OCc1cncc(CC(O)CO)c1I,LLM,17.561195,-15.155471
OCc1cncc(CC(O)CO)c1I,LLM,17.56117,-15.155473
CCC(CN)NCCS1=NSN=C1C,LLM,-28.224606,-19.367395
CCC(CN)NCCS1=NSN=C1C,LLM,-28.224606,-19.367395
CCCCSCSSCCCCCNOc1ccccc1,LLM,18.613577,-72.89539
CCCCSCSSCCCCCNOc1ccccc1,LLM,18.613577,-72.89539
CCCCSCSSCCCCCNOc1ccccc1,LLM,18.613577,-72.89539
CN(C)c1cc(Cl)cc(Cl)c1S(N)(=O)=O,LLM,51.80913,-10.80451
CN(C)c1cc(Cl)cc(Cl)c1S(N)(=O)=O,LLM,51.80913,-10.80451
C=CC(S)=CNc1ccc(CC(C)Br)cc1,LLM,18.475368,-21.149117
C=CC(S)=CNc1ccc(CC(C)Br)cc1,LLM,18.475368,-21.149117
Cc1ccc(SN(C)C)nc1,LLM,36.644638,9.747549
Cc1ccc(SN(C)C)nc1,LLM,36.645046,9.747537
S=C(S)SCCNc1nnn[nH]1,LLM,5.7060094,-17.281483
S=C(S)SCCNc1nnn[nH]1,LLM,5.7060094,-17.281483
CC(NCc1cccc(N)n1)C(Cl)Cl,LLM,71.51735,-26.914974
CC(NCc1cccc(N)n1)C(Cl)Cl,LLM,71.51735,-26.914974
COS(=O)(=O)OCCC=CCCCCO,LLM,-32.63568,6.968023
COS(=O)(=O)OCCC=CCCCCO,LLM,-32.63568,6.968023
N#CN1Cc2ccccc2C(O)CNC1=O,LLM,86.769516,-21.077421
N#CN1Cc2ccccc2C(O)CNC1=O,LLM,86.769516,-21.077421
CO[SH](O)CCO,LLM,-25.417198,-1.8439604
CO[SH](O)CCO,LLM,-25.417229,-1.8439449
O=NC(C1CNCN1)C1CC1F,LLM,14.048157,37.211426
O=NC(C1CNCN1)C1CC1F,LLM,14.04822,37.211376
NCCc1cc(Br)c(Cl)c(Br)c1Cl,LLM,25.756136,-23.037874
NCCc1cc(Br)c(Cl)c(Br)c1Cl,LLM,25.75563,-23.03704
CC(N)Cc1ccc(OCCCN)nc1,LLM,25.082613,-8.069731
CC(N)Cc1ccc(OCCCN)nc1,LLM,25.082613,-8.069731
Cc1cc(Cn2cccc2)no1,LLM,42.677032,9.6096525
Cc1cc(Cn2cccc2)no1,LLM,42.677032,9.6096525
N=C(N)Nc1cc(N)ncn1,LLM,46.64591,-25.809063
N=C(N)Nc1cc(N)ncn1,LLM,46.64591,-25.809063
Oc1ccc(C=CCS)cc1,LLM,38.170784,-26.64901
Oc1ccc(C=CCS)cc1,LLM,38.170437,-26.6489
CNCCSC(=S)NN1CCCC1CN,LLM,-5.122748,16.945772
CNCCSC(=S)NN1CCCC1CN,LLM,-5.122748,16.945772
CCCCC(=O)OCc1ccccc1O,LLM,12.489579,-73.351685
CCCCC(=O)OCc1ccccc1O,LLM,12.489579,-73.351685
NCOc1nn(Cc2ccccc2Cl)cc1Cl,LLM,73.2795,-1.3583734
NCOc1nn(Cc2ccccc2Cl)cc1Cl,LLM,73.2795,-1.3583734
COc1cc(N)nc(CC(=O)O)n1,LLM,23.92117,-44.391422
COc1cc(N)nc(CC(=O)O)n1,LLM,23.923365,-44.39172
FN=C1CC(=C(F)I)CCC1CC1CC1,LLM,-4.9830236,20.483122
FN=C1CC(=C(F)I)CCC1CC1CC1,LLM,-4.9830236,20.483122
O=CNC=Cc1ccccn1,LLM,78.39697,4.1739697
O=CNC=Cc1ccccn1,LLM,78.397446,4.1741805
CC(CS)CN(C)C,LLM,-30.469635,-14.162916
CC(CS)CN(C)C,LLM,-30.469612,-14.162972
OCC(O)Cc1ccc(O)nc1,LLM,17.94963,-15.806676
OCC(O)Cc1ccc(O)nc1,LLM,17.94855,-15.80687
CCCO,LLM,-44.852654,-11.187053
CCCO,LLM,-44.853752,-11.179714
Cc1ccc(C)c(C)n1,LLM,39.677536,9.487564
Cc1ccc(C)c(C)n1,LLM,39.677536,9.487564
CC(N)P(=O)(O)CO,LLM,-39.55768,-45.441586
CC(N)P(=O)(O)CO,LLM,-39.55768,-45.441586
NC(N)(Cl)CCl,LLM,-21.66766,41.266273
NC(N)(Cl)CCl,LLM,-21.66766,41.266273
CNCC(O)c1sccc1O,LLM,56.530415,-32.345287
CNCC(O)c1sccc1O,LLM,56.530415,-32.345287
N#CC1CCC1CN,LLM,-15.225016,36.489517
N#CC1CCC1CN,LLM,-15.225016,36.489517
CCC(O)c1bc(CO)c(O)c(OC)c1,LLM,26.055592,-29.932985
CCC(O)c1bc(CO)c(O)c(OC)c1,LLM,26.055496,-29.93349
CCC(=O)CCSP(=O)(O)O,LLM,-41.163216,-38.003098
CCC(=O)CCSP(=O)(O)O,LLM,-41.163216,-38.003098
COc1cccc(CCC(=O)CO)c1,LLM,30.32621,-41.2201
COc1cccc(CCC(=O)CO)c1,LLM,30.327957,-41.219955
CCC1=C(C)Nc2ccccc2N1,LLM,69.09119,-18.129665
CCC1=C(C)Nc2ccccc2N1,LLM,69.09119,-18.129665
NOCc1cccc(Cl)c1,LLM,55.210117,-3.6697903
NOCc1cccc(Cl)c1,LLM,55.210117,-3.6697903
CCSc1cc(O)cc(Cl)c1S,LLM,45.414463,-9.718242
CCSc1cc(O)cc(Cl)c1S,LLM,45.414463,-9.718242
NCOc1ccc(O)cc1,LLM,35.85245,-25.194616
NCOc1ccc(O)cc1,LLM,35.85232,-25.196255
Cc1ccc2[nH]c(Cl)c(Cl)c2c1C=O,LLM,45.74376,11.646787
Cc1ccc2[nH]c(Cl)c(Cl)c2c1C=O,LLM,45.74376,11.646787
N#Cc1c(F)ccc(Cl)c1Cl,LLM,51.963474,-6.9735737
N#Cc1c(F)ccc(Cl)c1Cl,LLM,51.96356,-6.9734807
CC(N)c1cncc(NCN)c1,LLM,26.970537,-6.411253
CC(N)c1cncc(NCN)c1,LLM,26.970537,-6.411253
S=c1cc1C1C=CCCC1,LLM,28.706478,50.81095
S=c1cc1C1C=CCCC1,LLM,28.706478,50.81095
CCOP(=O)(NC1CCCNC1)OC(C)C,LLM,-5.1867814,6.651754
CCOP(=O)(NC1CCCNC1)OC(C)C,LLM,-5.1867814,6.651754
CCC(O)C(CO)CC#N,LLM,-47.426495,-7.9935136
CCC(O)C(CO)CC#N,LLM,-47.426495,-7.9935136
N#CCCl,LLM,-26.253979,50.58418
N#CCCl,LLM,-26.252205,50.58354
Nc1ncccc1CC1CC=CCO1,LLM,79.80014,8.0220375
Nc1ncccc1CC1CC=CCO1,LLM,79.80014,8.0220375
COC(N)=NOCN,LLM,-29.597591,1.3855451
COC(N)=NOCN,LLM,-29.597591,1.3855451
Sc1ccc2c(c1)Nc1cnccc1O2,LLM,69.58066,16.232632
Sc1ccc2c(c1)Nc1cnccc1O2,LLM,69.57972,16.232721
Oc1ccc(CNC2CCCCC2)nc1O,LLM,36.802395,39.540676
Oc1ccc(CNC2CCCCC2)nc1O,LLM,36.802395,39.540676
CN(N)c1cc(Cl)c2c(c1)C=N2,LLM,52.82657,-10.336195
CN(N)c1cc(Cl)c2c(c1)C=N2,LLM,52.82673,-10.336038
N=C(CCS)NOCC#CI,LLM,-26.245337,22.675507
N=C(CCS)NOCC#CI,LLM,-26.245337,22.675507
O=C(NO)c1ccncc1S,LLM,62.472572,-20.219048
O=C(NO)c1ccncc1S,LLM,62.472572,-20.219048
CCOCC(C)OC(C)(C)Cl,LLM,-38.462883,-16.32099
CCOCC(C)OC(C)(C)Cl,LLM,-38.462883,-16.32099
CC(N)(CCCCN)C(=O)Cl,LLM,-23.895844,-28.75553
CC(N)(CCCCN)C(=O)Cl,LLM,-23.895844,-28.75553
COCc1cccc(CC(N)=O)c1,LLM,31.091902,-40.370537
COCc1cccc(CC(N)=O)c1,LLM,31.091839,-40.370876
CCCCSCCc1csnc1O,LLM,2.3819695,-70.027214
CCCCSCCc1csnc1O,LLM,2.3819695,-70.027214
CCCC(=O)C1=CN=CC1=O,LLM,8.688272,-57.827625
CCCC(=O)C1=CN=CC1=O,LLM,8.688227,-57.82781
CCCC(=O)C1=CN=CC1=O,LLM,8.688198,-57.828136
NC1=NCC(O)c2cc(O)[nH]c(=O)c2C1,LLM,14.042434,-3.8436885
NC1=NCC(O)c2cc(O)[nH]c(=O)c2C1,LLM,14.042434,-3.8436885
NC1=NCC(O)c2cc(O)[nH]c(=O)c2C1,LLM,14.042434,-3.8436885
CCC(CO)OCC1CCCC1O,LLM,-7.7296934,7.8400855
CCC(CO)OCC1CCCC1O,LLM,-7.7297163,7.8397837
CCC(CO)OCC1CCCC1O,LLM,-7.7296934,7.8400855
C=C1NCCOc2ccccc21,LLM,89.94788,-1.3908509
C=C1NCCOc2ccccc21,LLM,89.94788,-1.3908509
C=C1NCCOc2ccccc21,LLM,89.94788,-1.3908509
COCC(CC(N)CCCl)N(Cc1ccccn1)C(Cl)(Cl)Cl,LLM,77.42022,9.005767
COCC(CC(N)CCCl)N(Cc1ccccn1)C(Cl)(Cl)Cl,LLM,77.42022,9.005767
OCOCNCc1c[nH]cn1,LLM,10.976897,-23.025927
OCOCNCc1c[nH]cn1,LLM,10.976897,-23.025927
OCOCNCc1c[nH]cn1,LLM,10.976897,-23.025927
CNCCCN1CC(O)C(CC(=O)O)C1,LLM,-3.0632074,-48.04583
CNCCCN1CC(O)C(CC(=O)O)C1,LLM,-3.0632074,-48.04583
C=CCCCCCCCCC(C=O)CC,LLM,-63.60334,11.9152
C=CCCCCCCCCC(C=O)CC,LLM,-63.60334,11.9152
CSc1cc(C=Cc2nn[nH]n2)no1,LLM,39.733246,19.601145
CSc1cc(C=Cc2nn[nH]n2)no1,LLM,39.733246,19.601145
NCCSCCc1cccc(NO)c1F,LLM,53.774803,-34.87672
NCCSCCc1cccc(NO)c1F,LLM,53.774803,-34.87672
CC=C(C)CCCO,LLM,-48.131866,19.920479
CC=C(C)CCCO,LLM,-48.131866,19.920479
CCSCC(=O)NC1=CCNCC1,LLM,5.7770724,-48.50669
CCSCC(=O)NC1=CCNCC1,LLM,5.7770724,-48.50669
CC(O)Cc1cc(Br)cc(CCI)c1,LLM,21.939747,-20.411148
CC(O)Cc1cc(Br)cc(CCI)c1,LLM,21.939747,-20.411148
CCCCCCOC(=O)C(F)(F)F,LLM,-66.71644,-36.02111
CCCCCCOC(=O)C(F)(F)F,LLM,-66.718506,-36.021492
NC1CN(Cc2c[nH]cn2)C=C(Br)S1,LLM,23.49582,13.394244
NC1CN(Cc2c[nH]cn2)C=C(Br)S1,LLM,23.49582,13.394244
N=c1scnc2cnccc12,LLM,67.66685,13.983083
N=c1scnc2cnccc12,LLM,67.66685,13.983083
CCOCCOCC,LLM,-43.63685,-19.136559
CCOCCOCC,LLM,-43.637886,-19.136894
Nc1cc(CSc2nncs2)no1,LLM,42.371258,31.622976
Nc1cc(CSc2nncs2)no1,LLM,42.371258,31.622976
CCCCCC(CN)=NO,LLM,-60.16972,-35.951397
CCCCCC(CN)=NO,LLM,-60.16972,-35.951397
O=C1CCC1=Nc1cccc(Cl)c1,LLM,49.57116,6.047953
O=C1CCC1=Nc1cccc(Cl)c1,LLM,49.571373,6.048023
C[SH](C)Cc1ccc2c(c1)N=CN=CC(F)=C2,LLM,54.400055,19.332933
C[SH](C)Cc1ccc2c(c1)N=CN=CC(F)=C2,LLM,54.400215,19.332485
NCc1ccc(OCc2cnncn2)s1,LLM,63.29522,14.2923155
NCc1ccc(OCc2cnncn2)s1,LLM,63.29522,14.2923155
CC(CN(C)C)NNC(N)=S,LLM,-30.16143,-12.824618
CC(CN(C)C)NNC(N)=S,LLM,-30.16146,-12.824845
C1CCC(C2CO2)CC1,LLM,1.2582458,22.221327
C1CCC(C2CO2)CC1,LLM,1.2583858,22.221334
CC1=NC=CN(C)C(NC(C)C(=O)O)=N1,LLM,15.071816,-41.00974
CC1=NC=CN(C)C(NC(C)C(=O)O)=N1,LLM,15.071816,-41.00974
C=C=C(C=C(C)C(C)C)CC(C)C,LLM,-55.394955,15.600421
C=C=C(C=C(C)C(C)C)CC(C)C,LLM,-55.394554,15.599684
C=C=C(C=C(C)C(C)C)CC(C)C,LLM,-55.394436,15.600436
CC12CCC(C1)C(C)(C)C2O,LLM,1.6614136,7.56926
CC12CCC(C1)C(C)(C)C2O,LLM,1.6614136,7.56926
CCCC(N)CCCC(=O)NO,LLM,-15.956199,-62.85025
CCCC(N)CCCC(=O)NO,LLM,-15.956765,-62.850166
CC1CN(c2ccccc2C=N)c2ccccc21,LLM,85.31808,-10.780053
CC1CN(c2ccccc2C=N)c2ccccc21,LLM,85.31792,-10.780027
Cc1ccc(O)c2cccc(O)c12,LLM,62.909218,-3.3492835
Cc1ccc(O)c2cccc(O)c12,LLM,62.909126,-3.3491676
CON=CC(C(=O)F)=C(C#N)Nc1nccs1,LLM,22.522797,-63.09853
CON=CC(C(=O)F)=C(C#N)Nc1nccs1,LLM,22.522797,-63.09853
CON=CC(C(=O)F)=C(C#N)Nc1nccs1,LLM,22.522797,-63.09853
N#CC(F)C(=O)O,LLM,-8.993066,-49.40073
N#CC(F)C(=O)O,LLM,-8.993059,-49.400696
CONC1=CN(C)C=CN1C,LLM,25.55482,8.048274
CONC1=CN(C)C=CN1C,LLM,25.554852,8.048224
NC(CNC(=O)c1cccs1)C(=S)Cl,LLM,53.945045,-42.514652
NC(CNC(=O)c1cccs1)C(=S)Cl,LLM,53.945045,-42.514652
C=CCNCc1ccc(O)c(O)c1,LLM,33.922684,-33.465443
C=CCNCc1ccc(O)c(O)c1,LLM,33.92268,-33.46556
CCCC(CC#N)(CCC)CCC,LLM,-52.465088,-12.581338
CCCC(CC#N)(CCC)CCC,LLM,-52.465137,-12.581262
CCC(N=C1CCCCC1)c1ccccc1O,LLM,57.85269,-20.186821
CCC(N=C1CCCCC1)c1ccccc1O,LLM,57.85269,-20.186821
CC(=O)C(C)(N)COP(=O)(O)OCB1CCCC(Br)C1,LLM,-13.514433,-27.440346
CC(=O)C(C)(N)COP(=O)(O)OCB1CCCC(Br)C1,LLM,-13.514433,-27.440346
SCCN1CC=CCC1,LLM,23.857895,56.40195
SCCN1CC=CCC1,LLM,23.857876,56.40204
CCC(N)C(=N)CCc1csc(=O)o1,LLM,-9.945168,-69.41945
CCC(N)C(=N)CCc1csc(=O)o1,LLM,-9.945168,-69.41945
COC(c1cnc(Br)o1)C1CNN1,LLM,23.9861,23.324413
COC(c1cnc(Br)o1)C1CNN1,LLM,23.9861,23.324413
O=C1COC(N2C(=O)C(=O)SC2=NO)C1,LLM,11.609636,3.0719948
O=C1COC(N2C(=O)C(=O)SC2=NO)C1,LLM,11.609636,3.0719948
CC(C)CN1CCC(c2ccccc2)N1,LLM,87.8684,-6.801724
CC(C)CN1CCC(c2ccccc2)N1,LLM,87.867836,-6.8012524
CCC(C)(O)c1ccc(Br)c(Cl)c1,LLM,22.345526,-24.896673
CCC(C)(O)c1ccc(Br)c(Cl)c1,LLM,22.345526,-24.896673
N#CSc1ccc(Cl)cc1Cl,LLM,51.32146,-7.936243
N#CSc1ccc(Cl)cc1Cl,LLM,51.32146,-7.936243
OCC1(O)NCC(Cl)C(Br)C1Br,LLM,-11.03458,25.241686
OCC1(O)NCC(Cl)C(Br)C1Br,LLM,-11.034767,25.24149
NCCCc1noc(CN2CCCC2)n1,LLM,38.603485,45.3127
NCCCc1noc(CN2CCCC2)n1,LLM,38.603485,45.3127
N#CC(CCN)c1cccc(F)c1,LLM,57.83235,25.481604
N#CC(CCN)c1cccc(F)c1,LLM,57.83235,25.481604
CON=CC(CN)CO,LLM,-30.610657,-0.043897487
CON=CC(CN)CO,LLM,-30.610657,-0.043897487
Cc1ccc(C=NN(C)C)cc1,LLM,43.315857,14.855646
Cc1ccc(C=NN(C)C)cc1,LLM,43.315857,14.855646
Cc1cc(OC(=O)Nc2nn[nH]n2)on1,LLM,20.711195,-45.791245
Cc1cc(OC(=O)Nc2nn[nH]n2)on1,LLM,20.711195,-45.791245
N=C(O)c1sc(F)c(CN)c1F,LLM,-17.52205,39.0879
N=C(O)c1sc(F)c(CN)c1F,LLM,-17.522284,39.08706
CCCCCCSC(=O)c1ccc(Cl)nc1,LLM,6.699594,-72.64019
CCCCCCSC(=O)c1ccc(Cl)nc1,LLM,6.699594,-72.64019
O=C(CCl)c1cnccn1,LLM,61.10779,-23.358826
O=C(CCl)c1cnccn1,LLM,61.10779,-23.358826
O=P(O)(CCBr)CCBr,LLM,-36.01357,-41.323864
O=P(O)(CCBr)CCBr,LLM,-36.0136,-41.32385
CCCC(=O)c1cccc(O)c1OC,LLM,28.875397,-37.349415
CCCC(=O)c1cccc(O)c1OC,LLM,28.875397,-37.349415
CSc1nc(Cl)c(S)c(Cl)c1CN,LLM,30.329447,-4.5236883
CSc1nc(Cl)c(S)c(Cl)c1CN,LLM,30.329447,-4.5236883
CCC(CC)c1cc(C)ncc1NC,LLM,23.101446,-11.298512
CCC(CC)c1cc(C)ncc1NC,LLM,23.100723,-11.298647
CCC(CC)c1cc(C)ncc1NC,LLM,23.101446,-11.298512
CCN(n1ccnc1)n1c(C)csc1=S,LLM,36.065773,6.6788054
CCN(n1ccnc1)n1c(C)csc1=S,LLM,36.065773,6.6788054
CSCCCCN,LLM,-17.820013,32.170044
CSCCCCN,LLM,-17.820452,32.169968
Cc1cnccc1CNCCCOC(=S)S,LLM,83.25617,17.590525
Cc1cnccc1CNCCCOC(=S)S,LLM,83.25617,17.590525
Cc1ccc(Cl)c(C(=O)O)c1Cl,LLM,37.685745,-53.726845
Cc1ccc(Cl)c(C(=O)O)c1Cl,LLM,37.682823,-53.72657
C(=Nc1cccnc1)Oc1ccccc1,LLM,74.43546,15.939516
C(=Nc1cccnc1)Oc1ccccc1,LLM,74.43435,15.940177
ClCC1NC1=Nc1ccc[nH]1,LLM,59.397324,-2.5329874
ClCC1NC1=Nc1ccc[nH]1,LLM,59.397335,-2.5328708
CC1=CC(=N)NN(C(CS)=NC(C)C)C1,LLM,9.296143,-9.590164
CC1=CC(=N)NN(C(CS)=NC(C)C)C1,LLM,9.296143,-9.590164
O=Cc1c(F)cccc1NC=NO,LLM,49.211823,-20.243752
O=Cc1c(F)cccc1NC=NO,LLM,49.211784,-20.243803
CC=CCC1C=NN=NCc2cccc(Br)c21,LLM,49.616665,52.973293
CC=CCC1C=NN=NCc2cccc(Br)c21,LLM,49.616665,52.973293
NCCCCC(=O)NC1=NOSC=C1,LLM,0.51584196,-62.87634
NCCCCC(=O)NC1=NOSC=C1,LLM,0.51584196,-62.87634
CCCCCC(O)C=NCC#N,LLM,-55.72958,-37.51864
CCCCCC(O)C=NCC#N,LLM,-55.72958,-37.51864
CC(=O)NC1(C)c2ccccc2C(CN)C1C#N,LLM,59.374348,-57.350117
CC(=O)NC1(C)c2ccccc2C(CN)C1C#N,LLM,59.374348,-57.350117
CCNC(=O)c1sc(Br)c(CC(C)N)c1Br,LLM,-20.395144,-64.050644
CCNC(=O)c1sc(Br)c(CC(C)N)c1Br,LLM,-20.395144,-64.050644
CCCSCc1nsc(Br)c1Br,LLM,-1.0014342,-71.56895
CCCSCc1nsc(Br)c1Br,LLM,-1.0014342,-71.56895
CCCSCc1nsc(Br)c1Br,LLM,-1.0014342,-71.56895
CCCCC1(O)CCCC(NC(C)=O)C1,LLM,-11.098361,-22.870306
CCCCC1(O)CCCC(NC(C)=O)C1,LLM,-11.098361,-22.870306
NC1c2ncccc2CC(O)C1C=O,LLM,81.255585,3.9170678
NC1c2ncccc2CC(O)C1C=O,LLM,81.255585,3.9170678
NC(=O)NNC(=S)S,LLM,-12.833439,-38.350388
NC(=O)NNC(=S)S,LLM,-12.833439,-38.350388
CCC1SCC(N)C(CO)S1,LLM,-10.8337145,5.932274
CCC1SCC(N)C(CO)S1,LLM,-10.8337145,5.932274
CCC(=N)Nc1nnn[nH]1,LLM,4.900464,-20.114643
CCC(=N)Nc1nnn[nH]1,LLM,4.900464,-20.114643
O=C(CS)c1c(O)cccc1S,LLM,38.609806,-31.45478
O=C(CS)c1c(O)cccc1S,LLM,38.60997,-31.454813
CCCCCCOCOCF,LLM,-66.360405,-28.108679
CCCCCCOCOCF,LLM,-66.34906,-28.111814
CN1CCCC(O)C(O)C1=O,LLM,15.058526,12.385372
CN1CCCC(O)C(O)C1=O,LLM,15.058526,12.385372
Nc1cc(-c2cnco2)no1,LLM,58.17265,12.630555
Nc1cc(-c2cnco2)no1,LLM,58.172523,12.63053
CSc1ccc(O)c(Cl)c1,LLM,45.56955,-8.677519
CSc1ccc(O)c(Cl)c1,LLM,45.5694,-8.677541
CC#CC=O,LLM,-66.15372,31.15359
CC#CC=O,LLM,-66.15356,31.153608
CC#CC=O,LLM,-66.153915,31.153713
NCOc1cc(C(N)C(=O)O)n[nH]1,LLM,-4.85832,-59.190983
NCOc1cc(C(N)C(=O)O)n[nH]1,LLM,-4.858901,-59.191093
NCOc1cc(C(N)C(=O)O)n[nH]1,LLM,-4.85832,-59.190983
N#CC(=O)N1CC2CNCC(C2)C1=S,LLM,-0.5769818,-27.294773
N#CC(=O)N1CC2CNCC(C2)C1=S,LLM,-0.5769818,-27.294773
CCCOc1cc(Cl)c2c(n1)SN(N)C(C)=C2,LLM,40.61938,1.0563253
CCCOc1cc(Cl)c2c(n1)SN(N)C(C)=C2,LLM,40.61938,1.0563253
NC(CC1CCCCN1)S1=CC=CN=C1,LLM,5.0581055,14.436497
NC(CC1CCCCN1)S1=CC=CN=C1,LLM,5.0581055,14.436497
NC(CC1CCCCN1)S1=CC=CN=C1,LLM,5.0581055,14.436497
CCCCC(CC)CO,LLM,-51.6864,-34.92794
CCCCC(CC)CO,LLM,-51.686653,-34.928074
NCC(CCC(=O)OC(=O)O)c1ccccc1,LLM,54.87161,-58.305893
NCC(CCC(=O)OC(=O)O)c1ccccc1,LLM,54.871998,-58.307323
CCCCCCNCCN,LLM,-73.92232,-19.358107
CCCCCCNCCN,LLM,-73.92232,-19.358107
N=C(NC(=O)CN)c1cccc(F)n1,LLM,51.039772,-36.450127
N=C(NC(=O)CN)c1cccc(F)n1,LLM,51.039772,-36.450127
CCOP(=O)(O)CCSC(=S)n1ccnc1,LLM,1.2704065,-57.806873
CCOP(=O)(O)CCSC(=S)n1ccnc1,LLM,1.2704065,-57.806873
CN=C(NC)C1N=NNC1C,LLM,-19.45594,17.979918
CN=C(NC)C1N=NNC1C,LLM,-19.45594,17.979918
CC(Cn1cnc2ncsc21)C(N)=O,LLM,16.357157,-38.38037
CC(Cn1cnc2ncsc21)C(N)=O,LLM,16.357157,-38.38037
COc1ccc(Cl)cc1C(I)C(=O)O,LLM,27.512405,-40.064568
COc1ccc(Cl)cc1C(I)C(=O)O,LLM,27.512405,-40.064568
Cc1ccc(C)n1CC(N)=NF,LLM,53.483128,-28.994848
Cc1ccc(C)n1CC(N)=NF,LLM,53.483128,-28.994848
CCCCCC(=O)S(N)=O,LLM,-61.786606,-40.32234
CCCCCC(=O)S(N)=O,LLM,-61.786606,-40.32234
N#CCCCNOC(=O)c1cccc(Br)c1,LLM,37.61328,-63.3062
N#CCCCNOC(=O)c1cccc(Br)c1,LLM,37.61328,-63.3062
CC(CN)[SH](CCC#N)Cc1c[nH]cn1,LLM,15.550513,-22.67219
CC(CN)[SH](CCC#N)Cc1c[nH]cn1,LLM,15.550513,-22.67219
Cc1cnc2oc(=O)ccc2c1C,LLM,37.761604,1.0686064
Cc1cnc2oc(=O)ccc2c1C,LLM,37.761604,1.0686064
CC(=O)C(=Cc1c[nH]cn1)CCCNN,LLM,10.299173,-26.5866
CC(=O)C(=Cc1c[nH]cn1)CCCNN,LLM,10.299173,-26.5866
CCCCCC(N)=O,LLM,-61.749405,-40.075554
CCCCCC(N)=O,LLM,-61.74932,-40.076035
COCc1nc(N)ccc1C,LLM,32.575226,-6.715098
COCc1nc(N)ccc1C,LLM,32.57521,-6.715104
Cc1cc(-c2cc(Cl)no2)on1,LLM,42.726265,3.397376
Cc1cc(-c2cc(Cl)no2)on1,LLM,42.72629,3.397424
Cc1cc(-c2nn[nH]n2)on1,LLM,38.607716,18.274855
Cc1cc(-c2nn[nH]n2)on1,LLM,38.607716,18.274855
O=C1OCC1c1c[nH]c2ccccc12,LLM,87.050026,-17.43013
O=C1OCC1c1c[nH]c2ccccc12,LLM,87.050026,-17.43013
CCS(=O)(=O)OCCCSCCOC,LLM,-41.5516,-34.13009
CCS(=O)(=O)OCCCSCCOC,LLM,-41.5516,-34.13009
NCC(O)C12CC1CC=C2O,LLM,9.070426,7.8274074
NCC(O)C12CC1CC=C2O,LLM,9.070426,7.8274074
COc1cccc(C2CCNCC2)c1,LLM,50.4627,28.574205
COc1cccc(C2CCNCC2)c1,LLM,50.4627,28.574205
Cc1nc2c3c(cccc3c1C)N2,LLM,62.979126,6.1616974
Cc1nc2c3c(cccc3c1C)N2,LLM,62.979458,6.161655
CON=CCCN1C(=O)C(C)(C)C1=O,LLM,-29.530294,72.46144
CON=CCCN1C(=O)C(C)(C)C1=O,LLM,-29.530294,72.46144
ON=CC(O)(Br)CCCBr,LLM,-31.255226,51.195057
ON=CC(O)(Br)CCCBr,LLM,-31.255226,51.195057
NCCCC(N)C(=O)O,LLM,-11.360308,-60.6584
NCCCC(N)C(=O)O,LLM,-11.360308,-60.6584
Cc1c(F)cccc1C(N)O,LLM,59.89316,-32.52658
Cc1c(F)cccc1C(N)O,LLM,59.89316,-32.52658
Oc1cccc(Cn2ccnc2)n1,LLM,67.12743,0.4243685
Oc1cccc(Cn2ccnc2)n1,LLM,67.128494,0.42444232
ON(c1ccccc1)c1ccccc1Cl,LLM,59.45551,-11.311234
ON(c1ccccc1)c1ccccc1Cl,LLM,59.454967,-11.311344
FC1CCC2(CC1Br)c1ccccc12,LLM,92.02975,-10.539202
FC1CCC2(CC1Br)c1ccccc12,LLM,92.02975,-10.539202
CNc1cccc(C(F)(F)F)c1,LLM,59.133564,-28.244421
CNc1cccc(C(F)(F)F)c1,LLM,59.133564,-28.244421
CCCCCCC=C(CCCl)C(N)=S,LLM,-57.453983,-35.348698
CCCCCCC=C(CCCl)C(N)=S,LLM,-57.45371,-35.349056
Cc1cccc(N2C=CNC=N2)c1C,LLM,62.56969,7.993972
Cc1cccc(N2C=CNC=N2)c1C,LLM,62.56969,7.993972
Cc1cccc(N2C=CNC=N2)c1C,LLM,62.56969,7.993972
CCCOCNN=C(CCC)NC(N)=O,LLM,-35.256454,-54.212776
CCCOCNN=C(CCC)NC(N)=O,LLM,-35.256454,-54.212776
CCCCCn1[nH]c(=O)ccc1=O,LLM,-22.866903,-22.910704
CCCCCn1[nH]c(=O)ccc1=O,LLM,-22.866903,-22.910704
NC(=S)Nc1c(Br)ccc2ncccc12,LLM,63.47094,0.23380336
NC(=S)Nc1c(Br)ccc2ncccc12,LLM,63.47094,0.23380336
C=CC(O)n1c(N)cnc1O,LLM,-19.439232,11.901225
C=CC(O)n1c(N)cnc1O,LLM,-19.439232,11.901225
CCC(C)(C)CCCCCN,LLM,-38.1406,-26.274488
CCC(C)(C)CCCCCN,LLM,-38.1406,-26.274488
Cc1[nH]ncc1CN,LLM,27.4588,-3.3260999
Cc1[nH]ncc1CN,LLM,27.458883,-3.3261237
COCCCCCCN=C=S,LLM,-28.34324,4.6166353
COCCCCCCN=C=S,LLM,-28.34324,4.6166353
CN=C1N=C(N2CCCC2)N=C1NC[SH]C,LLM,19.62492,8.214091
CN=C1N=C(N2CCCC2)N=C1NC[SH]C,LLM,19.625309,8.213864
Cc1ccc(NC(=N)NCC(Cl)Cl)c(Cl)c1Cl,LLM,43.816692,-29.212479
Cc1ccc(NC(=N)NCC(Cl)Cl)c(Cl)c1Cl,LLM,43.816692,-29.212479
CCC(C)(CCC(=O)O)NC(=O)c1bc(CC(C)C)ccc1,LLM,38.348557,-69.15237
CCC(C)(CCC(=O)O)NC(=O)c1bc(CC(C)C)ccc1,LLM,38.348557,-69.15237
CCCCCOCC=O,LLM,-83.52997,-7.2363815
CCCCCOCC=O,LLM,-83.530426,-7.2369256
O=CC=CSCC=NCCC=O,LLM,-62.608265,49.69408
O=CC=CSCC=NCCC=O,LLM,-62.609135,49.69416
Nc1ccc2onc(CS(N)(=O)=O)c2c1,LLM,56.43305,14.200916
Nc1ccc2onc(CS(N)(=O)=O)c2c1,LLM,56.43305,14.200916
CON=CC(N)(Cl)Cl,LLM,-20.354969,7.8319445
CON=CC(N)(Cl)Cl,LLM,-20.355236,7.8319125
Nc1ccc(CCC(O)C2=CCC2)[nH]1,LLM,21.300285,6.3345513
Nc1ccc(CCC(O)C2=CCC2)[nH]1,LLM,21.300285,6.3345513
CCCCCNCCCBr,LLM,-75.69699,-20.159874
CCCCCNCCCBr,LLM,-75.69699,-20.159874
C=C1CN2CCCC1C2,LLM,14.05264,18.583927
C=C1CN2CCCC1C2,LLM,14.05264,18.583927
NS(=O)(=O)c1ccc(CS)cc1,LLM,40.448174,-18.005291
NS(=O)(=O)c1ccc(CS)cc1,LLM,40.448174,-18.005291
CC(c1ccccc1)c1cccc(N)n1,LLM,73.44015,-28.007772
CC(c1ccccc1)c1cccc(N)n1,LLM,73.44025,-28.008196
O=c1cccc(Cc2cccnc2)o1,LLM,71.271065,20.464354
O=c1cccc(Cc2cccnc2)o1,LLM,71.271065,20.464354
C=CCC(S)CC1CCCCCCNC1=O,LLM,10.218097,12.214123
C=CCC(S)CC1CCCCCCNC1=O,LLM,10.218097,12.214123
CCCC(=NCc1cccs1)C(=O)OC,LLM,26.216007,-62.34457
CCCC(=NCc1cccs1)C(=O)OC,LLM,26.216007,-62.34457
NC1CCCS1,LLM,4.136849,19.11243
NC1CCCS1,LLM,4.136849,19.11243
CCCCCC(=O)COS[NH],LLM,-62.89461,-39.133873
CCCCCC(=O)COS[NH],LLM,-62.89461,-39.133873
Nc1nnc(O)c2ccccc12,LLM,67.53283,-3.3231995
Nc1nnc(O)c2ccccc12,LLM,67.53321,-3.3237047
OC=COc1ccc2c(c1)SN=NN2,LLM,63.753666,33.76479
OC=COc1ccc2c(c1)SN=NN2,LLM,63.753666,33.76479
CC1(O)CNC2=C(CSCC2)C1=O,LLM,3.6776533,-27.00778
CC1(O)CNC2=C(CSCC2)C1=O,LLM,3.6776533,-27.00778
OCCCCn1ncnn1,LLM,-26.213943,28.160131
OCCCCn1ncnn1,LLM,-26.213943,28.160131
CN1CCCC(C=C2NCCN2)C1,LLM,15.814546,16.115353
CN1CCCC(C=C2NCCN2)C1,LLM,15.814546,16.115353
CN1CCCC(C=C2NCCN2)C1,LLM,15.814546,16.115353
COc1cccc(C)c1,LLM,34.678463,-10.6453495
COc1cccc(C)c1,LLM,34.678463,-10.6453495
CCN(CCO)c1cc(F)c(Br)c(Br)c1Br,LLM,20.122356,-23.47396
CCN(CCO)c1cc(F)c(Br)c(Br)c1Br,LLM,20.122137,-23.472994
OCCCCCON=C1CN=CN1,LLM,-26.273483,26.10643
OCCCCCON=C1CN=CN1,LLM,-26.273483,26.10643
CCCCCC(=NO)OCCC,LLM,-63.18533,-34.530125
CCCCCC(=NO)OCCC,LLM,-63.18564,-34.52868
CCCCCCCCNCCO,LLM,-77.552155,-21.836246
CCCCCCCCNCCO,LLM,-77.552155,-21.836246
Cc1ccc2ccc3cnccc3c2c1S,LLM,67.27891,18.026262
Cc1ccc2ccc3cnccc3c2c1S,LLM,67.27891,18.026262
O=C(O)CCCCCNCC(O)CO,LLM,-13.611858,-46.730743
O=C(O)CCCCCNCC(O)CO,LLM,-13.611858,-46.730743
CC(=O)CCCC=CC#CC(C)(C)CCC(Cl)Cl,LLM,-45.799137,-49.482395
CC(=O)CCCC=CC#CC(C)(C)CCC(Cl)Cl,LLM,-45.799137,-49.482395
O=P(O)(O)CC(F)=CO,LLM,-36.088196,-41.198723
O=C(Nc1ccccn1)c1ccco1,LLM,60.507538,-49.00118
CCCCCCCNCc1ccc(Cl)cc1Cl,LLM,49.759087,-16.639591
S=S=S,LLM,-14.5348015,54.071182
NNc1nnc(O)c2sc(S)nc12,LLM,21.16968,-8.091671
CCC(C(N)=O)c1cccs1,LLM,54.0034,-43.667274
CCCCC(CC)C(=O)Cl,LLM,-54.24147,-40.748627
Cc1ccccc1OC=O,LLM,46.50378,12.938377
CCC1(C(=O)O)CC1SC,LLM,-2.302286,-36.3633
O=C(CSP(=O)(O)O)c1cccs1,LLM,54.885612,-41.884632
OCCCCCO,LLM,-28.645018,30.208883
CCCCN1C(=O)SCS1(C)C=CBr,LLM,-20.797916,-22.604614
COc1cccc2cc(O)c(=O)[nH]c12,LLM,27.206247,-35.677902
CC1=COC(C2=CC(Cl)CCCC2)C(O)C1O,LLM,35.72739,33.10103
CC1=COC(C2=CC(Cl)CCCC2)C(O)C1O,LLM,35.726948,33.100727
CC1=COC(C2=CC(Cl)CCCC2)C(O)C1O,LLM,35.72739,33.10103
C[PH],LLM,-11.775168,42.442913
COCc1cc(OC)c(C(I)I)cc1Cl,LLM,45.586414,-15.339376
OCCNc1ccc(Br)cc1,LLM,17.687647,-18.701523
NC(C=S)CC(CS)CCOS(=O)Br,LLM,-67.1502,9.528587
COCCC#N,LLM,-26.55344,5.542294
COCCC#N,LLM,-26.553436,5.542313
NNC1CNCN1Cc1nsnc1Cl,LLM,13.345938,25.279839
CSc1c(Br)sc2ccccc12,LLM,66.627106,-7.0587406
CNCCSCCN=NC(F)(Cl)Cl,LLM,-30.314878,14.166622
O=C1CNCC(=Cc2c[nH]cn2)N1,LLM,20.17515,-1.0535187
CCC1CNCCC(CN)C1,LLM,-5.973004,3.8033233
c1coc(-c2cscn2)c1,LLM,66.28687,11.7890005
CN1CCN=CCCCC1NCCO,LLM,-8.81603,12.423031
CCc1ccc(CS)s1,LLM,57.314663,-16.696705
NCCCCC(N)C(=O)O,LLM,-11.358046,-60.706562
CCCCCCCCCC(=O)O,LLM,-62.34911,-41.901905
COc1ccc(O)c(O)c1Br,LLM,26.772831,-33.581867
NS(=O)(=O)S(N)(=O)=O,LLM,-19.904581,63.773727
CCCCCCSCCl,LLM,-55.111156,-25.902153
CCCCCc1ccc(O)cc1O,LLM,6.6570673,-67.27324
CCCCCc1ccc(O)cc1O,LLM,6.657085,-67.27368
CCCCCc1ccc(O)cc1O,LLM,6.657085,-67.27368
CCCCCC(=N)OCCCBr,LLM,-64.74884,-34.786278
CCCCCC(=N)OCCCBr,LLM,-64.75186,-34.788822
CCCCCC(=N)OCCCBr,LLM,-64.75186,-34.788822
CCCCCN(O)CNCCNC,LLM,-74.0201,-22.413256
CNC(=NCl)[SH](O)CSc1cccs1,LLM,55.249928,-31.61845
Cc1nc2cc(Cl)cc(N)c2nc1C,LLM,44.289955,-4.2869534
CCCn1cnc2c(Cl)ncnc21,LLM,30.928684,6.5896544
CC(=NO)NNC(=O)CO,LLM,-22.739304,-39.23077
O=C(O)CCSP(=O)(O)CO,LLM,-14.264873,-49.150833
N=C(NO)NCCCSCCC(Br)=NO,LLM,-22.371391,21.841059
CN(C)CC(F)(S)C(=O)O,LLM,-18.676867,-44.778793
CC(CC=CCN)C(=O)Nc1ccccc1,LLM,48.077827,-54.34668
Cc1nc(O)c(O)c(O)c1CN,LLM,31.413345,-2.0431826
CCC(C)OC=CCC(=O)OC,LLM,-30.139164,-47.310463
CCC(C)OC=CCC(=O)OC,LLM,-30.139164,-47.310463
CCC(C)OC=CCC(=O)OC,LLM,-30.137712,-47.30988
Nc1cccc(-c2nc[nH]n2)c1,LLM,55.315804,9.4077425
Nc1cccc(-c2nc[nH]n2)c1,LLM,55.317135,9.407756
Nc1cccc(-c2nc[nH]n2)c1,LLM,55.317135,9.407756
CCCCNNNC(CC)CCl,LLM,-71.34792,-24.950954
CCCCNNNC(CC)CCl,LLM,-71.34755,-24.950733
CCCCNNNC(CC)CCl,LLM,-71.347374,-24.950615
CON(c1ccccn1)C1CS(S)=NS1,LLM,82.53063,6.041986
CN=C(C=NCc1ccncc1)NC=CCCNC,LLM,32.603905,11.897733
CCNC(O)CSP(=O)(O)O,LLM,-39.663197,-41.309994
CN(C)NNS(=O)(=O)SC(=S)S,LLM,-20.55394,15.1336155
COP(=O)(OC(C)C(Cl)Cl)SC,LLM,-37.58344,-35.299973
CCO[PH](C)(CCCCCP(=O)(O)O)P(=O)(O)O,LLM,-38.313194,-39.698467
C=C(COOCCC(c1cccs1)c1cccs1)SC,LLM,55.460304,-44.672394
NC(OCC(F)=CCCO)C(F)(F)F,LLM,-33.091175,34.614418
CC(Cc1ccc(Br)nn1)NC1=CCCC1,LLM,20.479109,-19.542345
CC(C)NC=Cc1cc(F)c(C=O)c(Br)c1,LLM,48.69034,11.421847
NC(CCCC1CS1=O)C(=O)O,LLM,-9.488529,-56.69983
CCCNC1CS(=O)(=O)CC1(N)CC#CCCl,LLM,-3.2999294,2.8452327
Brc1cnccc1-c1ccccc1,LLM,74.33328,14.635636
CNc1cncc(-c2ccccc2)n1,LLM,73.15902,-7.3124657
CC(C)(CO)CCC(=O)O,LLM,-19.456837,-45.60334
CC(O)C(Br)CO,LLM,-34.827335,-9.963109
CC(O)C(Br)CO,LLM,-34.82848,-9.963477
CC(O)C(Br)CO,LLM,-34.82848,-9.963477
CCC(N)OCCCCCN,LLM,-35.728333,-22.594675
CCC(N)OCCCCCN,LLM,-35.72824,-22.594799
CCC(N)OCCCCCN,LLM,-35.728657,-22.594727
CSc1ccc(SCc2ccccn2)cn1,LLM,73.64006,5.532138
Clc1nsnc1C=CNc1ccccc1,LLM,70.374054,-8.881157
OC(NNCS)c1sccc1F,LLM,56.136208,-33.22145
CCNCCC(=O)c1ccc(F)c(Cl)c1,LLM,44.51707,-33.93326
NNC(=O)c1oc(O)c(Cl)c1Cl,LLM,16.46587,-46.068756
COc1ccc(OC(=O)CCCl)s1,LLM,28.093798,-42.114983
CON(CCSc1cccc(Br)c1)C(=O)CCl,LLM,35.449867,-61.781204
CCONC(=S)NP(=O)(O)OCB1BC(Br)CCC1,LLM,-13.437616,-26.202099
Cc1cccc(C)c1,LLM,57.151096,4.5357056
O=C(Cc1ccncc1)NCCO,LLM,62.197304,-21.32988
Cc1ccc(Cl)c(O)c1,LLM,43.252407,-8.006214
COc1cccc(I)c1CCNC(C)CF,LLM,65.00438,-34.200577
CCCC(=O)CCCCCCN,LLM,-60.622936,-40.71584
Cc1nc(CCCCN(C)C)nc(N2CCOCC2)n1,LLM,37.571213,57.260925
Cc1nc(CCCCN(C)C)nc(N2CCOCC2)n1,LLM,37.57162,57.261658
Cc1nc(CCCCN(C)C)nc(N2CCOCC2)n1,LLM,37.57162,57.261658
N#CCCCCCCCCC(=O)OCl,LLM,-19.599447,-30.569578
N#CCCCCCCCCC(=O)OCl,LLM,-19.599447,-30.569578
N#CCCCCCCCCC(=O)OCl,LLM,-19.599447,-30.569578
CCC(CC)NCCC(N)(CC)Cc1ccco1,LLM,61.28821,-37.493855
O=C(Oc1cnc[nH]1)c1ccccn1,LLM,61.507927,-47.010693
C=NCCCCOc1ccc(Cl)cc1,LLM,53.894928,-5.6251698
N=C(Nc1cccc(Br)c1)c1nccnn1,LLM,63.10118,0.13200928
CC1CCC(N=CNS(=O)(=O)O)CC1,LLM,-9.070937,20.809761
CSc1ccc2c([nH]c3ccccc32)c1C,LLM,63.39842,4.5854616
Nc1o[nH]c1C=COc1ccco1,LLM,56.77536,11.169752
ClCl,LLM,-19.349026,48.196053
CNC(CC1(CN)CCC1)c1ccccc1,LLM,69.05555,-28.348967
COC(=O)C(N)=NO,LLM,-19.728537,-37.46771
CN(C)CN(CC1CCCN1)C1CCCN1,LLM,0.54567796,18.541998
CCS(=O)(=O)CCl,LLM,-48.184177,-21.462168
CSc1noc(C2CN=CCN2)n1,LLM,28.690393,29.944164
CN1CCC=CC(N)C1,LLM,14.987172,29.487453
NC1NC(O)CSSSC2=NCC(C2=O)C1=O,LLM,14.014969,-2.794048
CCOC(O)C(Br)CO,LLM,-40.428535,-11.763657
NC(CC(=O)Nc1nn[nH]n1)C(=O)O,LLM,-7.644104,-58.632236
N#CCc1cncn(Cl)c1=O,LLM,48.671856,2.033549
NNC=C1CC2=NC(N)=NC(=N1)O2,LLM,33.989456,50.447018
NCCCCCC(=O)Cl,LLM,-17.167604,-33.6716
C=C1CN=CNC1c1cccc(F)c1,LLM,55.749496,22.85012
CC1=NOC(c2ccccc2)C(OS(C)(=O)=O)=[SH]1,LLM,91.7528,-13.3162775
Cc1ccc(C2(N)CCCC2)s1,LLM,35.32912,24.612509
C=CCSP(=O)(O)OP(=O)(O)OBr,LLM,-43.409527,-39.40722
COCCOCCO,LLM,-25.725985,-2.8346133
CCCCCNCC(=O)c1ccc(C)c(O)c1O,LLM,7.6356506,-63.66477
CCCc1noc(-c2ccc(N)cc2)n1,LLM,65.3523,-12.820167
Brc1ccc(N2CCCCC2)cc1,LLM,40.674274,48.99633
NCC1CCCCCCNC(=S)N1,LLM,7.0227594,16.60748
COC(=O)c1cc(I)[nH]c1O,LLM,22.950996,-41.90717
NC(=Nc1ccccc1Cl)NO,LLM,57.842556,-9.635204
CC1=CCc2cc(O)ccc2C1=O,LLM,37.52371,-5.0078683
CCCC1CCC(NC(Cl)(Cl)Cl)C1(C)S,LLM,-3.1253612,3.810873
CC(CCNCOP)c1ccco1,LLM,65.46461,-34.496613
CC(CCNCOP)c1ccco1,LLM,65.46461,-34.496613
CC(CCNCOP)c1ccco1,LLM,65.462944,-34.496235
CNC(S)=NCCC(F)CS,LLM,-37.47091,-3.703197
O=CC(F)(Cl)C(F)(Cl)Cl,LLM,-67.255684,33.61291
CCC(O)(CO)C(=O)O,LLM,-19.89423,-45.164024
C=CC(=O)NCc1cccnc1,LLM,63.985985,-18.908033
CC(C)NNC(=O)N(C)c1cscc1Cl,LLM,28.706516,-67.12266
CCCCCN=C(NC)NN,LLM,-60.024498,-34.31767
OC1OC2OCC(O)C(O)C2O1,LLM,-1.6040565,26.73891
CSSCC(N)SCCCCN(C)C,LLM,-30.29172,-24.75421
Fc1ncccc1N1N=C1C1CCCCC1,LLM,80.98649,1.3063824
NCCC(=S)CO,LLM,-24.986652,32.718666
CC(=O)NC(F)CC(N)C(=O)O,LLM,-17.8766,-59.23426
COS(CCP(=O)(O)O)=C(C)O,LLM,-36.401787,-38.197517
O=C(O)c1nc2ccc(Br)cc2n1O,LLM,42.87099,-44.986794
Nc1nc(Cc2cccs2)cc(=O)n1O,LLM,57.224857,-37.571674
Nc1nc(Cc2cccs2)cc(=O)n1O,LLM,57.224857,-37.571674
Nc1nc(Cc2cccs2)cc(=O)n1O,LLM,57.224857,-37.571674
CCCC(CCN)CCCCC(N)C(=O)O,LLM,-13.191576,-60.0121
C[C@@H]1CN1CCCN,LLM,-13.209531,30.727453
Cc1ccsc1-c1nn[nH]c2nccc1-2,LLM,40.036945,12.7472
CCCCCC(N)=NC(Cl)Cl,LLM,-59.390823,-35.78033
OCCOCCCCCSPF,LLM,-33.33511,23.105768
CC(C)NNC1=NN=C(Cl)S1=S,LLM,-29.658302,-9.444989
NCC1CON=CCN1C=NO,LLM,-7.285796,27.369253
Clc1cc2nnn(N=Nc3ccccc3)nc-2c1,LLM,68.66094,-7.694475
CC(C)OP(C)(=O)OC(C)CCCCCC(=O)O,LLM,-24.75055,-57.06515
CCC(C)OP(=O)(O)O,LLM,-39.665638,-42.165478
CCC(C)OP(=O)(O)O,LLM,-39.665638,-42.165478
CCC(C)OP(=O)(O)O,LLM,-39.6645,-42.165287
OC1CCC2C=CCOC1CC2,LLM,0.042384535,29.868124
COc1cccc(S)c1O,LLM,28.397463,-33.958263
CN=C(Cc1cnccn1)NCC1CCCC1,LLM,33.07821,10.7332535
CN=C(CC1CCOC1)c1nnn2c1NC=NC=C2,LLM,30.191813,30.757881
CC(O)=NC1CC(C(O)C=O)C1,LLM,-65.242386,24.888042
Cc1cn(CCCn2cc[nH]c2=S)c(=O)oc1=O,LLM,25.368237,2.102498
C=CCC(N)(CCCCC=O)C(=O)O,LLM,-59.35071,50.468544
CCN1CCC2NC3CC2CC(=N3)C1,LLM,18.111591,16.876484
CCC=C1CCC(N)=NNC1=C(C)CO,LLM,-12.475537,7.056219
CN(CCCP(=O)(O)O)C(=S)S,LLM,-32.133575,-36.863132
CC(C)CNC12CNCCC1CN2,LLM,-0.80224943,15.651313
CCCC(=NNC(=N)N)c1c(P=O)cccc1C(=N)N,LLM,52.196476,-27.483412
Cc1nc2ccc(Cl)cc2n1CC(=O)C(F)(F)F,LLM,42.708664,-3.8029156
CCCCC=C(C=C(C)CCC)[SH]1CCCC(=O)C1,LLM,-18.513355,-12.430409
CN=C(C=NO)c1ccsc1,LLM,54.245647,-30.402397
CCCP(=O)(CCCC(=O)O)CCC(=O)O,LLM,-20.769419,-43.516525
CC(=N)Nc1ccc(S(N)(=O)=O)cc1,LLM,48.052822,-30.858713
COCCSCCc1ncccc1Cl,LLM,72.848595,1.7016387
NC(=O)CC(N)C(O)C(N)O,LLM,-12.604527,-54.37434
CC1=NOC(C2=CNC=CC2)=NS1,LLM,36.24684,19.871
O=[PH](NCCCl)OC(O)CCCBr,LLM,-34.85669,5.4952574
CC(=N)Nc1cccc(C=CN)c1,LLM,49.212257,-28.946571
CC(O)=CC(N)C(O)c1ccccc1,LLM,73.82702,-34.389214
CCCCC1=C(O)C(O)=C(O)SS1,LLM,-58.57865,-29.251707
CCCN1CC(O)CCN1CN,LLM,-14.052646,-1.087576
CCCN1CC(O)CCN1CN,LLM,-14.052591,-1.0874108
CCCN1CC(O)CCN1CN,LLM,-14.052646,-1.087576
Cc1ccccc1CCON,LLM,69.48404,-21.811651
O=C1CC2Cc3nccn3CCC12,LLM,17.962408,13.138635
Cc1ccc(I)c(Cl)c1C(N)=O,LLM,37.259926,-53.943897
CNc1ccccc1C(CCCOS)=NOC,LLM,68.40301,-35.128254
S=C=S,LLM,-17.97295,53.016483
OCC(O)Cc1ncns1,LLM,17.393536,-15.388224
O=C1C=NC(CCNC2CC=CS2)C1,LLM,5.666718,-1.7865103
CCCOC(=O)C=C(N)Cc1c[nH]nc1O,LLM,4.3552885,-52.486687
CCC(CC(C)CN)N(C)C=S,LLM,-32.00921,-13.578319
COCCCSc1ncnc(S)n1,LLM,8.222901,-18.515276
CCCCN=C(S)NC(=N)NCl,LLM,-59.901928,-33.495106
CCCCCCCCCC(=O)Cl,LLM,-62.93695,-41.349113
CCCCCCCCCC(=O)Cl,LLM,-62.937088,-41.349216
CCCCCCCCCC(=O)Cl,LLM,-62.937134,-41.34919
O=Cc1cc(-c2ccccn2)no1,LLM,78.96418,4.9152355
O=Cc1cc(-c2ccccn2)no1,LLM,78.963394,4.9146967
O=Cc1cc(-c2ccccn2)no1,LLM,78.963394,4.9146967
CCCCCOc1ccc(C(=O)O)cc1I,LLM,9.968943,-73.198006
N=C(N)NCCCl,LLM,-24.307867,22.264143
CCC1(CS)CCC(C)OC1c1ccsc1N,LLM,-5.5535016,-3.1707406
COCCC#N,LLM,-26.55344,5.542294
COCCC#N,LLM,-26.553436,5.542313
NN=CNNCCC(=O)N=O,LLM,-16.739244,-38.012375
Cc1cccc(C=CN)c1Cl,LLM,58.58286,1.7118363
Cc1cccc(C=CN)c1Cl,LLM,58.582947,1.7112828
Cc1cccc(C=CN)c1Cl,LLM,58.58286,1.7112074
CN1CCNCC1c1ccccc1Cl,LLM,93.55996,1.3849525
CN1CCNCC1c1ccccc1Cl,LLM,93.56119,1.3850207
CN1CCNCC1c1ccccc1Cl,LLM,93.56119,1.3850207
CCOc1ccc(CCl)cc1,LLM,19.54171,-27.153374
CCOc1ccc(CCl)cc1,LLM,19.54171,-27.153374
CCOc1ccc(CCl)cc1,LLM,19.54171,-27.153374
CON(C)CCNC1CCN(Cl)C1,LLM,-11.80699,15.067303
CSCNCc1ccc(Cl)cc1,LLM,49.848404,-13.456124
NNc1ccc(=O)n(-c2cccs2)c1,LLM,54.69489,-38.92378
NNc1ccc(=O)n(-c2cccs2)c1,LLM,54.69489,-38.92378
NNc1ccc(=O)n(-c2cccs2)c1,LLM,54.69489,-38.92378
CNC(=S)NP(=O)(O)OCOC(F)F,LLM,-35.191917,-39.296425
CCCCC(N)C(=O)c1cccc(C(O)CF)n1,LLM,-49.725163,-40.512672
COc1cn(-c2cccc(Cl)c2)nn1,LLM,57.44274,-4.7751412
CON(O)CCCCCS(=O)(=O)F,LLM,-34.614243,-34.27681
NCC1CCC1CNCCCl,LLM,-20.080425,38.731594
CN=NCNc1cncnc1O,LLM,33.583664,10.598525
c1ccc(CCc2cccnc2)nc1,LLM,74.498856,9.116943
O=C(O)c1cccc(O)c1Cl,LLM,45.444633,-45.89184
CONC(=O)Cc1ccc(Cl)cc1,LLM,42.01258,-34.371407
CNCC1OC(=S)N=CS1,LLM,15.475466,-8.655752
CNCC1OC(=S)N=CS1,LLM,15.475466,-8.655752
CNCC1OC(=S)N=CS1,LLM,15.474895,-8.655615
CCCCCCCCCC(=O)OCCC,LLM,-66.380936,-37.837616
CCCCCCCCCC(=O)OCCC,LLM,-66.38069,-37.83745
CCCCCCCCCC(=O)OCCC,LLM,-66.38069,-37.83745
NCc1cc(I)ccc1O,LLM,34.25027,-26.498192
NCc1cc(I)ccc1O,LLM,34.25066,-26.498474
NCc1cc(I)ccc1O,LLM,34.250324,-26.498524
CN(C)C(=O)c1csc(Nn2cccc2O)n1,LLM,34.289753,-43.2372
COc1c(Cl)cc(Cl)cc1C(O)OC,LLM,45.4993,-15.365215
NNCCCC=C(S)C=O,LLM,-60.11357,41.212227
CSC#Cc1ccccc1O,LLM,65.54845,-4.553439
CCCCCCCc1ccc(I)nc1,LLM,11.243015,-67.14594
NCCN1CCNCC1,LLM,6.126235,37.43636
FC(Cl)=C(F)C(F)Cl,LLM,-21.013033,48.23551
O=C1NC2CN(Cl)C=C12,LLM,13.766796,0.9796589
CCCN(C)c1cccc(C#N)c1,LLM,55.28115,-23.993103
O=CNC1Nc2cccc(Cl)c2O1,LLM,55.426914,-8.385356
S=c1cnccnc1CC#CC1=NN=C(S)SS1,LLM,66.51336,14.793903
COP(=S)(CCC(C)O)OC,LLM,-32.509377,-5.336768
CCCC1CC(O)C(Cl)(Cl)C(C(=O)O)O1,LLM,-2.598649,-36.702415
O=NC1COc2ccccc21,LLM,88.9662,-15.77059
O=NC1COc2ccccc21,LLM,88.96651,-15.770679
O=NC1COc2ccccc21,LLM,88.96628,-15.7707615
N#CCCCN1CCCC(C(N)=O)C1,LLM,-11.004291,-31.525953
N#CCCCN1CCCC(C(N)=O)C1,LLM,-11.004291,-31.525953
N#CCCCN1CCCC(C(N)=O)C1,LLM,-11.004291,-31.525953
NC1Cc2ccc(Cl)c(O)c2C(=O)C1O,LLM,45.26001,37.35759
OC1CC=C(CCNC2CSSC2)C1,LLM,5.670944,-1.7813363
OCCCC1=C(N=Nc2cccnc2)N=N1,LLM,71.47821,10.7249365
CON=C(CCCS)C(O)c1cccc(F)c1,LLM,59.116764,-33.68402
O=c1c(O)ccnc(-n2ccnc2)c1O,LLM,67.355644,2.2049472
Cc1cc(=S)[nH]c2cc(F)ccc12,LLM,50.43374,20.076555
CN1CCOC(=O)CC(CCCP(=O)(O)O)(CC(=O)O)C1,LLM,-3.7262228,-44.91223
NS(=O)(=O)c1cccnc1,LLM,71.34226,14.817554
COCCCO,LLM,-25.754423,-3.160273
COCCCO,LLM,-25.754423,-3.160273
COCCCO,LLM,-25.754408,-3.1602964
CC(C)Cn1ccnc1,LLM,10.784052,-38.867645
NC(=O)NCc1cc(Br)cc(Cl)c1Br,LLM,30.301544,-58.7405
O=C(O)c1ncccc1S,LLM,59.79526,-46.794525
COCCOS(=O)(=O)O,LLM,-35.362263,-34.948902
COCCON,LLM,-26.474476,2.9844124
COCON=CI,LLM,-28.06201,8.152563
O=S(=O)(O)c1ccc(F)o1,LLM,42.452705,-19.054262
NCCCCOc1ccc(Br)cc1O,LLM,27.687077,-23.415243
O=NC1=NCCc2cc(Cl)c(Cl)cc2N1,LLM,48.89607,7.011526
CC(C)OOC(=O)CC(C)(C)C,LLM,-25.55456,-51.88686
COC(C)(C)COc1ccccc1,LLM,70.71697,-36.15916
Nc1nnnc2c1CCC2,LLM,33.88383,48.147964
CN=C(CCS)Nc1ns[nH]c1=S,LLM,-19.393488,17.709621
CC(=O)NCC1=NC(C#N)=C(O)C(=O)C1=O,LLM,-26.47033,-36.82667
N#CCCC=C1C=CCCN1,LLM,2.1970527,55.799816
CCCCCC(C=NOC)C(N)=O,LLM,-57.610947,-39.550293
COc1ccc(-c2cc(N)nc(O)c2Br)cc1,LLM,29.764309,-15.339558
O=c1oc(CCl)cc(O)c1Cl,LLM,40.32056,-5.0935254
Cc1oc(Cc2ccccc2)c(Cl)c1C,LLM,62.20308,-11.166308
OC(O)Cc1ccc(Cl)c(F)c1,LLM,52.731644,-3.9410846
O=C(O)Cc1ccc(F)c(F)c1,LLM,40.051342,-45.731846
Nc1cc[nH]c1,LLM,37.5585,-14.335987
Oc1cc(Cl)c(Cl)cc1I,LLM,46.751034,-7.5414834
COn1cc2ccccc2c1N=O,LLM,80.250824,-18.244179
Clc1cccc(-c2ccc(Cl)s2)n1,LLM,59.393776,-5.427161
S=C(S)N1OC(=CS)NC1Cc1ccccc1,LLM,79.95727,-32.677418
COOCNC(=S)S,LLM,-26.915052,0.0361132
CCNC1=NN(S)C(CN)=NO1,LLM,-28.158325,-19.749006
COCC1N=C(NC(=O)CN)N(C)CC1=O,LLM,3.1626346,-39.212364
CCCOCc1ccccc1C(Cl)Cl,LLM,74.73714,-41.729347
CCCOCc1ccccc1C(Cl)Cl,LLM,74.73699,-41.729164
CCCOCc1ccccc1C(Cl)Cl,LLM,74.73714,-41.729347
CCC(CC(=O)O)=NNC=NS(=O)(=O)Cl,LLM,-20.478209,-39.44778
CCSc1nc(O)oc1N=NN(CC)CC,LLM,31.160223,-0.74353045
NC(=O)CCn1ccnc1,LLM,13.168891,-34.406006
CC(C)C1OC2C3CC4CCC32C1C4,LLM,-3.730306,12.333708
Cc1cccc(C(=O)O)c1O,LLM,40.404472,-53.88102
O=S(=O)(N=S)N1CCCCC1,LLM,2.4605231,46.726818
COC(S)CCC(=O)Nc1ccc(Cl)cc1,LLM,42.158985,-34.28825
C=CC1C(=O)C2CC(O)(C=CC)C12,LLM,8.059105,0.749998
NC(=S)C=CCO,LLM,-33.224384,36.139812
COC(=O)N(O)CCCNc1[nH]c(=O)[nH]c1Cl,LLM,7.2723947,-41.3202
NCCC(=NC(Cl)Cl)C(=O)O,LLM,-13.76285,-52.499546
OC1CCCN2CC(O)c3c(F)cccc3C=C2N1,LLM,86.46897,-6.987666
CO[SH](S)N=C(c1ccc(N)cc1)C(Cl)(Cl)Cl,LLM,32.737022,-15.519418
CCOP(=O)(O)OCCc1sccc1C,LLM,17.982279,-55.841278
Nc1cccc(OCC(=O)O)c1,LLM,37.221226,-57.879135
CC1(CC(=O)O)Cc2nc(Cl)sc2C1=O,LLM,2.9194348,-30.08311
OCc1nnc(NCc2cccs2)s1,LLM,58.935192,-40.22536
C=C(Br)CCS,LLM,-19.659248,50.22981
NC1=NOC2CCCC1C2,LLM,10.484144,17.918106
N#Cc1cccc2nccc(CN)c12,LLM,70.067764,4.8141685
CCC#CCCC(=O)N1CCC2CCOC21CI,LLM,-5.19201,-36.246605
CSC1NC(CO)c2nsnc2NC1=O,LLM,11.590881,-5.8910403
CON=C1C=NN1c1cnccn1,LLM,32.365536,8.943271
Cc1ccc(C(=O)O)s1,LLM,37.859444,-52.06586
NC1=C(c2cccs2)C1,LLM,52.300858,-40.460373
Ic1ccc(Cn2ccnc2)cc1,LLM,52.574158,1.153808
Ic1ccc(Cn2ccnc2)cc1,LLM,52.574158,1.153808
Ic1ccc(Cn2ccnc2)cc1,LLM,52.574158,1.153808
CC(Br)Cc1ccccc1,LLM,73.244064,-32.03789
CC(Br)Cc1ccccc1,LLM,73.244255,-32.038303
CC(Br)Cc1ccccc1,LLM,73.24374,-32.038017
Cc1cscc1NC1=NCCN1,LLM,37.314644,20.221914
NC(CCNC=O)COC(=O)c1cccnc1,LLM,64.733315,-19.463383
NC(=NO)C(=O)c1ccco1,LLM,44.921112,-49.96012
O=c1[nH]c2c(c(=O)n1CO)C=CSS2,LLM,12.450899,-7.051088
NNc1ccc(C(=O)O)s1,LLM,48.276344,-39.41284
CCCCCCNCCCCC=S,LLM,-76.084915,-16.872824
CCCC(N)CC(N)CC(C)C,LLM,-35.765087,-14.71369
NCCCCCCO,LLM,-25.13069,31.214916
NC(=S)c1ccc(O)cc1,LLM,40.576767,-25.493717
CC=CC=CP(NC(=O)C(=O)O)OCC,LLM,-31.599827,-49.232418
CC1NC1=CCOc1cccnc1,LLM,75.56666,17.424007
O=CC1CCCC1NCCCO,LLM,-38.55117,29.775171
CN1CCCC(Cc2c[nH]cn2)C1,LLM,21.424139,14.176435
NCC1NCCCCN1c1cccnc1,LLM,76.82023,22.946413
NC(=O)NS(=O)(=O)c1cccnc1,LLM,63.84317,-20.323843
CCN(CC)c1cccc(C(N)=S)c1,LLM,54.32871,-25.426443
N#Cc1c(O)cccc1N=CN,LLM,48.11305,-22.421253
Oc1cccc2cccc(O)c12,LLM,64.78227,-3.4079301
CC(c1ccccn1)c1cccs1,LLM,68.02156,9.438131
CCC(=NOC)C(C)C.O=S(=O)(O)O,LLM,-32.751057,-19.162918
CC1CCc2ccc(N)cc2OC1=O,LLM,51.10792,34.67134
CC1CCc2ccc(N)cc2OC1=O,LLM,51.10792,34.67134
CC1CCc2ccc(N)cc2OC1=O,LLM,51.10792,34.67134
O=CCc1c(F)cccc1Cl,LLM,63.983322,24.122272
O=CCc1c(F)cccc1Cl,LLM,63.983322,24.122272
O=CCc1c(F)cccc1Cl,LLM,63.983322,24.122272
COCCC(CCCCO)C(O)=CC(=O)Cl,LLM,-22.527157,-3.091582
COCCC(CCCCO)C(O)=CC(=O)Cl,LLM,-22.527157,-3.091582
COCCC(CCCCO)C(O)=CC(=O)Cl,LLM,-22.527157,-3.091582
OC1COc2ccc(F)cc21,LLM,52.144444,40.76108
OC1COc2ccc(F)cc21,LLM,52.144444,40.76108
OC1COc2ccc(F)cc21,LLM,52.144444,40.76108
NC(C(=O)O)C(=O)CN=C=S,LLM,-11.996009,-53.766376
CCCNC(=N)NN=Cc1cccnc1,LLM,72.29463,16.461613
NNCCC(=O)NO,LLM,-15.913842,-36.185852
CCCCCN=NCO,LLM,-59.283432,-32.77471
COCCO,LLM,-25.650633,-2.6232877
CC1(C)CC=CC(N)(CC2OCCO2)C(=O)O1,LLM,7.256408,3.5765626
CC(C)NCCCCCCN,LLM,-35.349693,2.6953957
Cc1cc(OP(=O)(O)O)cnc1O,LLM,19.436937,-33.717606
NC(=O)c1nsnc1CNO,LLM,16.43522,-48.220856
CNCCOc1nnc(S)s1,LLM,-29.792559,11.830884
CN1CCCC(O)NC1,LLM,10.02337,22.299917
CCCCSCSSCCCCCNOc1ccccc1,LLM,18.613577,-72.89539
CCCCSCSSCCCCCNOc1ccccc1,LLM,18.613577,-72.89539
CCCCSCSSCCCCCNOc1ccccc1,LLM,18.613577,-72.89539
CN(C)C=Nc1cccc(N=NN)c1O,LLM,39.598797,-23.180027
CCCCCN=C(S)SCC(=O)C=NO,LLM,-59.87327,-38.41576
NCCCOc1cc(Br)cc(Br)c1O,LLM,27.653793,-23.410936
CN(CO)CCc1nn[nH]n1,LLM,12.911148,-16.440447
COCONNC(CS)c1cc(Cl)ccc1Cl,LLM,46.501476,-15.208735
C=CCC1CCC1COS(=N)N,LLM,-4.7646546,63.956467
Cc1ccc(OCc2ccccc2Cl)cc1,LLM,63.11373,-12.022461
N#CCCCCCCCNC(=S)CN,LLM,-21.545101,29.411455
CCCCCNCCOCN,LLM,-68.40417,-23.155603
N=C1N=C2NCCCCCCNC(F)(CCl)c3ccccc3N12,LLM,84.524025,-1.3488256
CNC(C)c1csc2c(S)ccc-2n1,LLM,41.095234,11.760505
CNCC(CP(=O)(O)O)=C(F)F,LLM,-34.871536,-39.45507
CC1(N)CN2C(=O)CC2CC(CO)CN1,LLM,8.475623,-4.3011503
C=CCCCn1cc(-c2cccc(Br)c2)nn1,LLM,58.332508,7.790247
NOCc1ccc(O)c(F)c1Br,LLM,36.810642,-25.531897
CC(CS)C(CC(=O)O)C1CCCCC1,LLM,-6.089939,-29.12823
CN1C2=CC=C(NN)C21,LLM,27.338545,7.170105
CNc1cn(CCc2ccccc2)cn1,LLM,72.43956,-12.669834
CCOc1cccc(C#CC(N)=O)c1,LLM,36.455517,-57.929634
COc1cccc(CNC(=N)N)c1Cl,LLM,42.293053,-30.628258
OCCOc1c(Cl)cccc1Cl,LLM,59.591682,-8.318785
NC(N=O)=NCCc1cnc[nH]1,LLM,9.336294,-13.438657
OC1=CN=C2N=NN=C(Cl)N=S12,LLM,47.5804,-5.8231335
Nc1cc(C(O)c2nnns2)nc(N)n1,LLM,21.862158,-7.5665665
Nc1cccc(C(=NF)c2ccccc2)c1,LLM,52.617146,-24.441158
CNc1ccc(-n2cccc2)nn1,LLM,72.839584,-7.802531
Cc1ccccc1OC(=O)c1cnns1,LLM,42.909496,-58.601833
OCCCOCCO,LLM,-33.038055,23.389618
Brc1ccc(NCc2ncco2)cc1,LLM,61.794216,0.029649936
CC1=CC(CNC2CCCS2)=N1,LLM,35.61914,36.134468
CC1=C(O)SC2=C(N=C1)C(Cl)CCC2,LLM,35.26361,33.915558
Cc1cc(C)c2c(c1)CNCCC2=O,LLM,31.31759,16.014605
CCP(=O)(CC(C)C)SCc1cccc(Br)c1,LLM,35.26813,-65.36038
CN1CCC(C(=O)c2cccnc2)CC1,LLM,76.41306,25.665594
Cn1cccc1Oc1ccncc1,LLM,74.664024,13.422986
CCCCCNC(=O)c1ccco1,LLM,8.633955,-62.908306
C[SH]1Cc2ccccc2-c2ccccc21,LLM,79.454605,-8.605487
CN=C=S,LLM,-27.663465,56.93515
CON=C(N)Cc1ccccc1,LLM,69.745094,-37.11159
Cc1ccn(C)c1CN,LLM,28.815428,-2.1456654
CN(CC#CC(F)(F)F)NCc1cnc(CO)s1,LLM,16.046904,-9.731751
COc1ccc(C(N)=S)s1,LLM,32.325863,-13.998704
CNC1CNC(O)C(C(N)CI)CO1,LLM,-2.695948,29.109745
C[PH](C)(O)CC(C=Nc1ccccc1)CN,LLM,73.48444,-35.166523
CP(=O)(O)CCCCCC(N)=NF,LLM,-33.319862,-43.3327
S=C=C1NCCSC1Cl,LLM,16.897045,37.852276
O=C(O)C[SH](CC1CCCC1)OCC[PH]1(Cl)C2CCC21,LLM,-5.449044,-29.446697
C[SH](C)CC(N)c1cc[nH]c1,LLM,27.05295,-10.239148
NC1CN(C(=O)O)C1(N)C(=O)O,LLM,-0.5197896,-33.127415
CCN(C)Cc1cc(F)cc(Cl)c1C(N)=O,LLM,46.215313,-33.953278
CC1=NCC(CCN=NCl)O1,LLM,29.744503,20.479412
C(CNC1CCCCC1)=C1CCCCC1,LLM,33.377125,39.28875
N=C1NCC(C(F)(F)F)C(CO)CO1,LLM,27.51496,37.077087
NCC1(CC(=O)O)Cc2cnccc21,LLM,63.755722,-22.084562
CCCC(=O)C1=CN=CC1=O,LLM,8.688272,-57.827625
CCCC(=O)C1=CN=CC1=O,LLM,8.688227,-57.82781
CCCC(=O)C1=CN=CC1=O,LLM,8.688198,-57.828136
NC1=NCC(O)c2cc(O)[nH]c(=O)c2C1,LLM,14.042434,-3.8436885
NC1=NCC(O)c2cc(O)[nH]c(=O)c2C1,LLM,14.042434,-3.8436885
NC1=NCC(O)c2cc(O)[nH]c(=O)c2C1,LLM,14.042434,-3.8436885
CCC(CO)OCC1CCCC1O,LLM,-7.7296934,7.8400855
CCC(CO)OCC1CCCC1O,LLM,-7.7297163,7.8397837
CCC(CO)OCC1CCCC1O,LLM,-7.7296934,7.8400855
C=C1NCCOc2ccccc21,LLM,89.94788,-1.3908509
C=C1NCCOc2ccccc21,LLM,89.94788,-1.3908509
C=C1NCCOc2ccccc21,LLM,89.94788,-1.3908509
COCC(O)CC(N)O,LLM,-31.67193,-4.762138
CCc1nsc(C2NC=NS2)n1,LLM,-4.307911,-5.993601
OCOCNCc1c[nH]cn1,LLM,10.976897,-23.025927
OCOCNCc1c[nH]cn1,LLM,10.976897,-23.025927
OCOCNCc1c[nH]cn1,LLM,10.976897,-23.025927
CNCCCN1C(=N)NC1=NS,LLM,-25.508726,14.146373
CN(C)CC(=O)CCCCCC=O,LLM,-76.420654,37.912807
CC1=CCOC(=O)c2ccc(F)c(O)c21,LLM,37.01753,-4.2846427
Cc1cc(F)ccc1C(=O)CCCCO,LLM,37.91524,-46.142788
C=CN=Cc1ccc(O)c(Cl)c1,LLM,47.062626,-8.185001
CN1CCc2[nH]c3c(Br)cccc3c21,LLM,85.87666,2.7725744
OCc1ncccc1C1=CON=Nc2ccccc21,LLM,72.65716,3.7412992
CCc1cccnc1CCCOCCO,LLM,71.49523,8.511893
CCSc1ccc(P(C)(=O)P(C)(=O)C(Cl)Cl)cc1,LLM,26.598444,-11.4896345
CCCCCCCCCCNCC(=O)OO,LLM,-77.66058,-25.178684
COCCCCNOCC(CCCN)CCNO,LLM,-21.56877,26.404263
Clc1cccc(Cl)n1,LLM,59.21416,-5.6567154
CNC1C(N)C2CC(CCN=C(N)S)[SH]1CCC2S,LLM,-6.5123887,19.165066
CC1=NOC(C(C)(N)CC(=O)O)CCC1,LLM,-5.0839944,-28.102552
C=C=C(C=C(C)C(C)C)CC(C)C,LLM,-55.394955,15.600421
C=C=C(C=C(C)C(C)C)CC(C)C,LLM,-55.394554,15.599684
C=C=C(C=C(C)C(C)C)CC(C)C,LLM,-55.394436,15.600436
CON=CC(C(=O)F)=C(C#N)Nc1nccs1,LLM,22.522797,-63.09853
CON=CC(C(=O)F)=C(C#N)Nc1nccs1,LLM,22.522797,-63.09853
CON=CC(C(=O)F)=C(C#N)Nc1nccs1,LLM,22.522797,-63.09853
N#CC(F)CCOP(=O)(O)O,LLM,-37.265427,-43.998817
CC(=O)OCCSc1nc(O)nc(C=CCCO)n1,LLM,-22.829557,-31.944456
Brc1ccc(N2CCCC2N2CCCC2)cc1,LLM,40.681423,48.99779
CCCCCC(=NO)C(N)=O,LLM,-61.192684,-39.39778
N=C(N)c1cc(Cl)cs1,LLM,45.62367,-27.339746
CSC1=S2C=C(C)C(=NOCCN)C=C2N1,LLM,25.95604,-3.206817
CC1=CC(C(C)N2CC=CC2O)=CNO1,LLM,24.83963,33.096718
COP(=O)(O)CC(Cl)NNCC(C)O,LLM,-40.712322,-42.165443
NCc1c(Cl)c(O)c(Cl)c(Cl)c1Cl,LLM,30.196695,-24.928017
Nc1cccc(S(N)(=O)=O)n1,LLM,58.602634,9.422775
O=C(c1csc(C=NO)n1)C(F)C(F)F,LLM,36.78768,-42.28658
CCNCCCO,LLM,-43.11378,-8.349622
Clc1ccc(-c2cccc(Cl)c2)cc1,LLM,56.759388,-5.6754713
C=CCC(C=C)C(O)c1ccc(S)cc1,LLM,-42.27193,57.648987
N#CNc1cccnc1C(N)C(=O)O,LLM,58.93717,-46.616447
CN(N=C(N)C(N)=O)C(=O)CN,LLM,-26.88752,-31.395424
CCCNCCOC(=S)N1C=CN(C)C=C1,LLM,-55.74149,-17.467672
COc1ccc(PC)s1,LLM,31.793736,-11.957459
C=C(Br)C(C)(Br)C(=O)OC(C)C,LLM,-25.10557,-51.227886
CC(C)=CC(Cc1ccco1)=NC(=N)N,LLM,51.252457,-28.318945
Oc1nc2cc(Br)ccc2cc1I,LLM,37.08775,-19.209486
C=COCCCCNCCOS,LLM,-54.246468,54.513252
C=CS,LLM,-40.65509,52.759144
NC(=NC=O)c1nnc(Cl)s1,LLM,42.756905,-0.4867387
OCC1OC(O)CCC(O)N1O,LLM,-4.6469183,24.787794
NCCCCCOc1cccnc1,LLM,77.20115,16.338697
CNc1cccc(N=C2NC(=N)S2)c1,LLM,58.66827,-28.901207
O=C(c1ccns1)C1CCCNC1,LLM,-2.868425,-26.029385
O=C(NCC=C(F)F)NC(=S)S,LLM,-15.160415,-40.371395
CNc1cc2cnnc(N)n2c1C,LLM,39.211727,8.071939
C#CCc1cnc(O)nc1C,LLM,33.59306,0.25039065
CCCC(=O)NCCC=O,LLM,-78.310555,0.28865713
CCOCc1cccc([PH](=O)P)c1,LLM,57.73506,-23.81591
NS(=O)(=O)c1ccc(F)cc1F,LLM,42.591827,-17.22827
OCCNCCS,LLM,-36.06062,29.17485
CCSCCCC(CCC(=O)OC)C(=O)O,LLM,-21.724035,-59.354275
CCCSCc1ccc(Br)nc1,LLM,-0.5574032,-71.65246
CCCCCP(N)(=O)N1C=CC=C(CCC2=NN=C[S+]2)O1,LLM,-23.07413,-21.776299
CON(OCCCCN(C)CN)[SH](O)=S,LLM,-23.168575,-8.70332
O=S(=O)(CC(Cl)=C(Cl)CCCl)NCl,LLM,-28.312387,35.561344
CC=CN(N)CCCl,LLM,-43.043907,35.325462
C1=CC2(COCCOC2)O1,LLM,15.98447,48.15869
CO[SH](CCl)C(Cl)(Cl)Cl,LLM,-24.421492,2.2134314
CCC(N)CSC=C(S)C(CS)N(C)C=O,LLM,-81.222176,11.484826
O=C(Oc1ccc(Br)o1)c1ncc[nH]1,LLM,61.280865,-44.751217
Cc1ncc(C2=CC(C(=O)O)=COC2)cn1,LLM,25.453058,-50.14024
CCC(CC)c1cc(C)ncc1NC,LLM,23.101446,-11.298512
CCC(CC)c1cc(C)ncc1NC,LLM,23.100723,-11.298647
CCC(CC)c1cc(C)ncc1NC,LLM,23.101446,-11.298512
Cc1ncc(Br)[nH]1,LLM,35.97857,13.044522
CCC(N)CCC(=O)NC1CC[IH]C(=O)C1C#N,LLM,-6.0182624,-39.704838
S=C(S)OCCCNCc1ccncc1,LLM,83.25591,17.575457
CC(Oc1cccc([PH](C)(=O)=O)c1)C(=O)O,LLM,34.104633,-54.86581
CCCC(C)=NO,LLM,-49.907272,10.106256
Clc1[nH]nnc1-c1ccccc1,LLM,70.20054,-6.4990788
CCP(=S)(CC)CC,LLM,-47.30991,-15.828748
CC(CN)c1ccc2nc(NS)[nH]c2c1,LLM,27.276968,-7.306336
CCCOC(O)CSSCI,LLM,-40.46094,-14.80736
NCC(=NCc1ccccc1)c1nnn[nH]1,LLM,76.066055,-25.491074
CCCCCCCCNC(=O)C(N)CC,LLM,-76.53561,-27.692028
Bc1ccncc1N(C)CCc1ccccn1,LLM,74.56774,8.849742
CCC1OCc2c(Br)cccc21,LLM,97.00467,-11.127789
CCCCOC(=O)C(CSC(C)=O)C(F)Br,LLM,-68.13115,-36.231377
CCCSCc1nsc(Br)c1Br,LLM,-1.0014342,-71.56895
CCCSCc1nsc(Br)c1Br,LLM,-1.0014342,-71.56895
CCCSCc1nsc(Br)c1Br,LLM,-1.0014342,-71.56895
CCCCC1(O)NC(NC(C)=O)=C(NC)CS1,LLM,-17.295082,-24.770775
COC(=S)N(c1ccco1)C(Cl)(Cl)Cl,LLM,34.52658,-15.207058
CCCCCCc1cccc(OPN)c1,LLM,11.907327,-68.047356
CSc1ncncc1C1CCCCCCN(C)CCC1=O,LLM,17.557285,13.223937
OC1CC2=COSSC2=Cc2ccccc21,LLM,90.16604,-14.388338
CNc1cc2ccccc2n1CO,LLM,67.40484,-26.598192
NC1=C(C(=O)NC(C(=O)O)C(N)c2ccco2)C(=O)O1,LLM,46.00008,-51.96003
CCCCc1ccccc1-c1cnncn1,LLM,12.008328,-66.44852
CC=CCCCCOC(=O)CC(C)C(=O)O,LLM,-25.63903,-57.602226
FCBr,LLM,-10.059789,50.420063
CC#CC=O,LLM,-66.15372,31.15359
CC#CC=O,LLM,-66.15356,31.153608
CC#CC=O,LLM,-66.153915,31.153713
NCOc1cc(C(N)C(=O)O)n[nH]1,LLM,-4.85832,-59.190983
NCOc1cc(C(N)C(=O)O)n[nH]1,LLM,-4.858901,-59.191093
NCOc1cc(C(N)C(=O)O)n[nH]1,LLM,-4.85832,-59.190983
CCCc1cc(Br)c(BO)cc1Br,LLM,22.701273,-22.797451
Sc1ccc(Cl)cc1,LLM,49.68757,-7.6545544
NCCC(CS)NCCNCn1c(O)ccc1CCl,LLM,34.153286,-23.589912
CCCCCCCCNC(O)=S,LLM,-75.200836,-22.280024
O=C1NC(=O)C(=O)N1,LLM,17.243296,-0.040415443
C#CCCCc1ccc(S)s1,LLM,56.78734,-16.516687
CN1CCc2c(cccc2-c2nn[nH]n2)C1=O,LLM,85.27122,2.1205122
NC(CC1CCCCN1)S1=CC=CN=C1,LLM,5.0581055,14.436497
NC(CC1CCCCN1)S1=CC=CN=C1,LLM,5.0581055,14.436497
NC(CC1CCCCN1)S1=CC=CN=C1,LLM,5.0581055,14.436497
OCCS,LLM,-30.926395,29.55009
Cc1cccn1CCC1CCCCC1=NO,LLM,39.76621,34.556213
CCCCCC(=NO)OC,LLM,-62.58303,-34.888237
CN(C)C(=S)SCC1(C)CC(C)(CSSC[SH](C)C)[SH]1O,LLM,-16.281313,14.97505
CCOP(=O)(NCC=S)NCCc1cccc(Br)c1,LLM,35.321293,-64.93705
OC(Cl)CCSC#Cc1cncs1,LLM,16.501663,-15.016803
O=C(O)CCOCc1cc(Cl)ccc1Cl,LLM,40.686672,-38.28063
CCCCCC[SH]=Nc1ccc(O)cc1,LLM,6.548592,-67.87515
CNn1c(=O)[nH]c(=O)n1C(C)C,LLM,6.401756,-9.853706
NC=NOCCOCc1ccccc1C=O,LLM,72.81764,-22.065107
CC(C)n1nc(Cl)c2ccc(NN)cc21,LLM,42.15592,-2.4625738
CCCCSCCCC=CCCCCCCO,LLM,-67.74064,-6.3522987
CC(C=ICF)NCCCC(=O)O,LLM,-23.53507,-57.229065
CCS(=O)(=O)NN(CCC#N)c1ccccc1,LLM,79.17589,-28.764433
NCCl,LLM,-23.028042,39.292435
CNC(O)CCC(F)(F)CC(O)CC(COCCS)[PH](O)(O)O,LLM,-33.7937,-3.9310308
CCN(c1ccccc1)c1cnc[nH]1,LLM,68.07727,-14.969546
CC(=O)NC(=O)NC(C)CI,LLM,-22.720556,-51.398582
Cc1cc(Cl)cc(Cl)c1,LLM,43.65671,-6.4787064
CN(CF)CCCCc1c[nH]cn1,LLM,13.24117,-21.289042
CN(N)CCSSCCS(=O)O,LLM,-30.190207,-24.91743
CC(NCc1ccco1)C(CC=O)N(C)C,LLM,65.52456,-35.515827
CCCCCBr,LLM,-59.508614,-27.819868
CC#CC=CCCCN(C)C,LLM,-53.813316,20.907398
C=CCN1OCOC(O)C1C,LLM,-4.551032,66.11365
NC(=O)c1ccc(OC=O)nc1Cl,LLM,43.500824,-38.129375
Cc1c(I)nc(I)c(C)c1O,LLM,32.527485,-1.1492847
CN1CCCC1(Cl)C=CN,LLM,9.594321,33.109993
NCC#CCCCl,LLM,-23.36703,40.407925
CCCCCCCOc1ccncc1I,LLM,10.875986,-67.09664
O=C(CNc1nsnc1Cl)c1nn[nH]n1,LLM,11.678291,-49.237343
N=C1SCCC1Cc1ccccc1,LLM,88.71461,-8.7814665
CN1CCCN1CCC#N,LLM,-3.857727,52.454723
Nc1ccc(O)[nH]1,LLM,40.51594,-25.334597
N=C(N)SCC(=CN)N1CCCC(=NO)N1,LLM,6.197573,52.76961
CSP(CS)c1cn(C(F)(F)F)nn1,LLM,31.775776,3.9490905
NC(CC(=O)O)N(O)CCCl,LLM,-12.802718,-55.397346
CCSCC(=NC(C)=NO)OOC,LLM,-43.22099,-14.713667
COCCCC[PH](=O)C(CO)CN=NOC,LLM,-27.188309,-3.6653178
CC1=CC2=COC(=NC(S)=N2)N1,LLM,35.811768,18.450153
CN1CCc2cc(C(F)(F)F)ccc21,LLM,22.999271,20.068743
CCCCCCC=C(CCCl)C(N)=NO,LLM,-57.600887,-35.36867
Cc1cccc(N2C=CNC=N2)c1C,LLM,62.56969,7.993972
Cc1cccc(N2C=CNC=N2)c1C,LLM,62.56969,7.993972
Cc1cccc(N2C=CNC=N2)c1C,LLM,62.56969,7.993972
Cc1nn(C(=O)OCCCNC(=O)C(F)(F)F)s1,LLM,12.731167,-52.346626
CCCCCC(=O)CCCCC(C)=O,LLM,-62.912872,-40.70137
CC(Br)=C1NC(=O)N1Cc1cccc(F)c1,LLM,45.39936,-23.364943
CCCSCC(O)C=CCC(N)=O,LLM,-59.463463,-41.89389
CNCCCNC(CS)C(=O)O,LLM,-21.486942,-57.47301
CCC=CC(NO)C(=O)CN(CC)CC(C)C,LLM,-30.51371,-47.00818
CNOC(=O)CCC(N)=NO,LLM,-19.26952,-37.405006
CC1NCC2=CC=CC1=C(O)[SH](C)C2,LLM,26.566399,28.865507
CCCCCCCCCCNO,LLM,-75.0909,-22.095594
CCON=Cc1ccc(C(C)(C)C)cc1,LLM,-5.325521,58.62039
CCCCCC1C=CC(=O)c2ccccc21,LLM,14.3609705,-66.760635
CC1CC(OC(N)=O)C(CN)C1=O,LLM,1.7058772,-37.80679
CCCCSc1nnc(-n2cccc2)n1C(=S)S,LLM,2.8389423,-69.780914
CN(N)c1cccc(Cl)c1Cl,LLM,57.131397,-11.786399
NC(=O)CCCN=C(N)CF,LLM,-17.774755,-36.865955
NS(=O)(=O)SS,LLM,-19.573256,63.92281
N=C(N)NCC(O)CN,LLM,-24.650284,22.724031
COc1cccc2ccc(Br)nc12,LLM,33.4856,-9.452413
CNC(=S)N=Nc1ccc(Cl)c(Cl)c1O,LLM,48.599773,-11.723925
CN1CCCC(C=C2NCCN2)C1,LLM,15.814546,16.115353
CN1CCCC(C=C2NCCN2)C1,LLM,15.814546,16.115353
CN1CCCC(C=C2NCCN2)C1,LLM,15.814546,16.115353
CC1CN1N=C1SCN1C(Cl)(Cl)Cl,LLM,11.729348,24.791456
CC(N)c1ccc(S(N)(=O)=O)cc1,LLM,40.0401,-16.672226
CON(C)CSCc1cn[nH]c1O,LLM,12.804765,-17.645926
CCCCNCCOCCNCCCC,LLM,-68.08003,-23.477085
Cc1ccc(C(N)=NN=CSCCNCCCCCC(=O)O)cn1,LLM,41.49986,-48.499382
CC12C(=O)NCCC1(C(=O)O)C2O,LLM,2.7838683,-28.160744
CCOCSC1CC2OC1(C)CC(O)C2O,LLM,-1.0421801,5.826184
CCC(CCOS(=O)(=O)O)c1c[nH]cn1,LLM,12.642935,-24.602833
CN(C)CCCCC(N)=NC(O)=S,LLM,-28.676893,-29.518452
NNc1cccnc1,LLM,71.817566,14.553514
CNCCS[SH](C=NNNNC(=O)O)C(=O)O,LLM,-21.429804,-37.216892
O=C1NCCCCO1,LLM,16.497677,4.622156
Cc1cccc2c1NN=NCCN2C,LLM,62.75554,8.440046
NC#Cc1cc(N=CN)n(Cl)c(=O)n1,LLM,39.928196,-12.878009
Cc1cc(Cl)ccc1S(=O)(=O)O,LLM,43.78577,-7.477661
CCCOC1OC(OS)C1CC(C(=O)O)C(=O)CN,LLM,-16.249485,-60.12248
Cc1ccc(OCCOS)n1C=Cc1cccs1,LLM,60.617783,15.217389
COCC1=C(S)SSc2c(O)c(O)cc(O)c21,LLM,26.71541,-30.917595
NC1CCc2ccc(I)cc2N1,LLM,46.096504,33.62998
CC1=CC(C)=N[Cu]1,LLM,35.91751,11.450066
CC1=CC(C)=N[Cu]1,LLM,35.91757,11.4498415
N=NC(CCCN)CC(N)Cc1ccccn1,LLM,75.22648,6.6528654
N=NC(CCCN)CC(N)Cc1ccccn1,LLM,75.22648,6.6528654
CCC(C)(C#N)CN1CCCC1=N,LLM,-4.435921,54.373493
CCC(C)(C#N)CN1CCCC1=N,LLM,-4.435921,54.373493
CC(C)=NOc1c(Cl)ccc2cccnc12,LLM,71.17525,2.156472
CC(C)=NOc1c(Cl)ccc2cccnc12,LLM,71.17525,2.156472
CNCCC1CCCCCCCCOS1,LLM,-3.1603923,17.67862
CNCCC1CCCCCCCCOS1,LLM,-3.1603923,17.67862
CN(C)CCCCCCCNCc1ccc(Cl)cc1Cl,LLM,51.43949,-15.410147
CN(C)CCCCCCCNCc1ccc(Cl)cc1Cl,LLM,51.43949,-15.410147
CCCCCCS(=O)(=O)O,LLM,-60.76269,-30.44281
CCCCCCS(=O)(=O)O,LLM,-60.7634,-30.44353
C#CCS(=O)(=O)Cc1ccccc1,LLM,78.09256,-29.083664
C#CCS(=O)(=O)Cc1ccccc1,LLM,78.09078,-29.083717
CCCCCCOS(=O)(=O)Cl,LLM,-65.27611,-31.32641
CCCCCCOS(=O)(=O)Cl,LLM,-65.27611,-31.32641
CCCCC1CCC(CN)C(C)N1O:O,LLM,-20.454298,-16.02855
CCCCC1CCC(CN)C(C)N1O:O,LLM,-20.454298,-16.02855
CCNC(N)Cc1ccccc1O,LLM,61.801075,-35.05205
CCNC(N)Cc1ccccc1O,LLM,61.801075,-35.05205
CCc1ccc(F)cc1O,LLM,37.178905,-34.37099
CCc1ccc(F)cc1O,LLM,37.178905,-34.37099
CCN1CCN(C(=S)S)CC1,LLM,-17.508636,-4.5941286
CCN1CCN(C(=S)S)CC1,LLM,-17.508636,-4.5941286
N=C(NNC(=S)N=O)Nc1ccccc1,LLM,66.46602,-43.264984
N=C(NNC(=S)N=O)Nc1ccccc1,LLM,66.46602,-43.264984
CC1=COC(C2=CC(Cl)CCCC2)C(O)C1O,LLM,35.72739,33.10103
CC1=COC(C2=CC(Cl)CCCC2)C(O)C1O,LLM,35.726948,33.100727
CC1=COC(C2=CC(Cl)CCCC2)C(O)C1O,LLM,35.72739,33.10103
CN=C(C(=O)CI)c1ccoc1C(=O)O,LLM,40.76554,-51.557693
CN=C(C(=O)CI)c1ccoc1C(=O)O,LLM,40.765144,-51.5575
CCCCN1CN(CC(C)=O)CN1,LLM,-18.288973,-24.642874
CCCCN1CN(CC(C)=O)CN1,LLM,-18.288973,-24.642874
Nc1nc2c([nH]1)NCCC2C(=O)S,LLM,-2.5835547,-24.949938
Nc1nc2c([nH]1)NCCC2C(=O)S,LLM,-2.5835547,-24.949938
O=P(O)(O)OCC(O)c1ccccc1O,LLM,36.21669,-31.43901
O=P(O)(O)OCC(O)c1ccccc1O,LLM,36.21669,-31.43901
C#CC[PH](=O)OC(=O)c1cnccn1,LLM,61.927315,-24.332092
C#CC[PH](=O)OC(=O)c1cnccn1,LLM,61.927315,-24.332092
C#CCCC=CCOC=O,LLM,-59.62876,34.501343
C#CCCC=CCOC=O,LLM,-59.62876,34.501343
Fc1cccc(C(Cl)=CNCCCCl)c1,LLM,62.21892,27.129753
Fc1cccc(C(Cl)=CNCCCCl)c1,LLM,62.21892,27.129753
CN(Cc1nnn[nH]1)c1ccc(Br)cc1Br,LLM,24.134941,-18.073856
CN(Cc1nnn[nH]1)c1ccc(Br)cc1Br,LLM,24.134941,-18.073856
Cc1cccc(N=c2nns[nH]2)n1,LLM,62.03212,6.627099
Cc1cccc(N=c2nns[nH]2)n1,LLM,62.032146,6.6270914
CCCC(CC)C(CO)(CCCCF)SS,LLM,-48.063602,-32.390533
CCCC(CC)C(CO)(CCCCF)SS,LLM,-48.063602,-32.390533
CSC=CCN=Cc1ccncc1,LLM,65.119675,19.774452
CSC=CCN=Cc1ccncc1,LLM,65.119675,19.774452
Oc1cnccc1C(CS)NCCS,LLM,81.47784,15.500257
Oc1cnccc1C(CS)NCCS,LLM,81.47784,15.500257
COCCC(C)(CCC=O)COC,LLM,-82.78314,21.21276
COCCC(C)(CCC=O)COC,LLM,-82.78314,21.21276
Cc1cccc(=O)n1OCCCCCBr,LLM,72.03637,34.18516
Cc1cccc(=O)n1OCCCCCBr,LLM,72.03637,34.18516
CC1(N)C=CN1c1ccccc1,LLM,81.00304,-9.973212
CC1(N)C=CN1c1ccccc1,LLM,81.00298,-9.97256
NCc1cn(NCc2ccc(Cl)cc2)nn1,LLM,52.891712,-1.1654893
NCc1cn(NCc2ccc(Cl)cc2)nn1,LLM,52.891712,-1.1654893
CCCC(=O)NN1CC(=CCCC=O)OC(=O)CCCC1=O,LLM,-86.3416,1.2459766
CCCC(=O)NN1CC(=CCCC=O)OC(=O)CCCC1=O,LLM,-86.3416,1.2459766
NOCN1N=NC1=NO,LLM,8.212028,-14.136673
NOCN1N=NC1=NO,LLM,8.212028,-14.136673
COc1cc(CC(O)CO)cc(O)c1O,LLM,26.462618,-30.048855
COc1cc(CC(O)CO)cc(O)c1O,LLM,26.462618,-30.048855
Cc1cccc(-n2cc(NN)nn2)c1,LLM,60.029922,6.791804
Cc1cccc(-n2cc(NN)nn2)c1,LLM,60.03013,6.791778
CC(=N)N=Cc1ccc(F)cc1,LLM,50.05808,-31.98908
CC(=N)N=Cc1ccc(F)cc1,LLM,50.058727,-31.990047
C#CCC(C)CCCCCCCCCCNC(C)CO,LLM,-40.40996,-6.3446684
C#CCC(C)CCCCCCCCCCNC(C)CO,LLM,-40.40996,-6.3446684
CC1CCC2CCCC3CC(=O)OC3(CO)N1C2,LLM,7.8999753,-3.035124
CC1CCC2CCCC3CC(=O)OC3(CO)N1C2,LLM,7.8999753,-3.035124
CCCC(C)NC(=O)c1cccc(Br)n1,LLM,34.33399,-67.00749
CCCC(C)NC(=O)c1cccc(Br)n1,LLM,34.33399,-67.00749
CCCCCc1ccc(O)cc1O,LLM,6.6570673,-67.27324
CCCCCc1ccc(O)cc1O,LLM,6.657085,-67.27368
CCCCCc1ccc(O)cc1O,LLM,6.657085,-67.27368
CCCCCC(=N)OCCCBr,LLM,-64.74884,-34.786278
CCCCCC(=N)OCCCBr,LLM,-64.75186,-34.788822
CCCCCC(=N)OCCCBr,LLM,-64.75186,-34.788822
CNC(=N)Cc1c[nH]c2ccccc12,LLM,65.89568,-27.555532
CNC(=N)Cc1c[nH]c2ccccc12,LLM,65.89568,-27.555532
Fc1ccc(COC2COCCCN2)cc1,LLM,49.50206,44.117844
Fc1ccc(COC2COCCCN2)cc1,LLM,49.50206,44.117844
CCCCNCc1cc(F)cc(F)c1,LLM,20.767376,-70.006454
CCCCNCc1cc(F)cc(F)c1,LLM,20.767523,-70.00647
Oc1c(I)cc(F)c(Br)c1F,LLM,35.532867,-19.438047
Oc1c(I)cc(F)c(Br)c1F,LLM,35.532867,-19.438047
CN(C)N(Cl)c1ccccc1Cl,LLM,57.35114,-12.102271
CN(C)N(Cl)c1ccccc1Cl,LLM,57.35114,-12.102271
NCC1(c2ccccc2)CCNC1,LLM,95.09298,-15.400394
NCC1(c2ccccc2)CCNC1,LLM,95.09298,-15.400394
OCc1oc(-c2cccc(F)c2)*c1O,LLM,54.506924,-21.893827
OCc1oc(-c2cccc(F)c2)*c1O,LLM,54.506992,-21.893795
NCCSCCCc1ccccc1,LLM,77.73502,-33.006622
NCCSCCCc1ccccc1,LLM,77.73502,-33.006622
CC(=O)NNC(=O)c1ccccc1,LLM,49.773003,-52.19393
CC(=O)NNC(=O)c1ccccc1,LLM,49.77237,-52.194138
CCCCCCOC(=O)C1OCC(O)O1,LLM,-69.8563,-38.376396
CCCCCCOC(=O)C1OCC(O)O1,LLM,-69.8563,-38.376396
Cc1ccc(F)cc1,LLM,50.46745,19.001911
Cc1ccc(F)cc1,LLM,50.467472,19.001959
CCOc1cccc(NN)c1,LLM,62.27943,-29.256369
CCOc1cccc(NN)c1,LLM,62.279247,-29.25637
CCN(N=O)NN=C(O)c1ccc(Cl)cc1O,LLM,47.015415,-11.399224
CCN(N=O)NN=C(O)c1ccc(Cl)cc1O,LLM,47.015415,-11.399224
O=C(O)c1cc(O)ccc1Br,LLM,42.309917,-44.367767
O=C(O)c1cc(O)ccc1Br,LLM,42.309593,-44.36701
CCC(C)OC=CCC(=O)OC,LLM,-30.139164,-47.310463
CCC(C)OC=CCC(=O)OC,LLM,-30.139164,-47.310463
CCC(C)OC=CCC(=O)OC,LLM,-30.137712,-47.30988
Nc1cccc(-c2nc[nH]n2)c1,LLM,55.315804,9.4077425
Nc1cccc(-c2nc[nH]n2)c1,LLM,55.317135,9.407756
Nc1cccc(-c2nc[nH]n2)c1,LLM,55.317135,9.407756
CCCCNNNC(CC)CCl,LLM,-71.34792,-24.950954
CCCCNNNC(CC)CCl,LLM,-71.34755,-24.950733
CCCCNNNC(CC)CCl,LLM,-71.347374,-24.950615
O=C(OCCNc1ccccc1O)c1ccccc1,LLM,49.56902,-60.11551
O=C(OCCNc1ccccc1O)c1ccccc1,LLM,49.56902,-60.11551
CC(C1CCCCC1)C1CCCCN1,LLM,-0.15056263,16.19484
CC(C1CCCCC1)C1CCCCN1,LLM,-0.15062423,16.194695
C=C1NCCCC(c2ccccc2)C1=NO,LLM,91.34977,-4.563676
C=C1NCCCC(c2ccccc2)C1=NO,LLM,91.34977,-4.563676
CN1CCCC(F)C1=O,LLM,15.422872,11.812439
CN1CCCC(F)C1=O,LLM,15.422872,11.812439
ClC(Cl)=C(Cl)C(Cl)(Cl)Cl,LLM,-20.866526,46.487934
ClC(Cl)=C(Cl)C(Cl)(Cl)Cl,LLM,-20.866291,46.488113
C=C1CCCCC1=Cc1c(F)cc(F)cc1Br,LLM,30.471336,57.103573
C=C1CCCCC1=Cc1c(F)cc(F)cc1Br,LLM,30.471336,57.103573
CCC=CC=CCC(C)CNc1ccncc1,LLM,-2.280781,-18.122896
CCC=CC=CCC(C)CNc1ccncc1,LLM,-2.280781,-18.122896
CCCCCC1CCCC1CO,LLM,-17.135029,-16.53735
CCCCCC1CCCC1CO,LLM,-17.13499,-16.537317
Oc1ccc(Cl)cc1,LLM,48.081356,-7.305067
Oc1ccc(Cl)cc1,LLM,48.081078,-7.3068175
O=P(O)(O)CC=CCNCc1nn[nH]n1,LLM,-47.417316,-55.20017
O=P(O)(O)CC=CCNCc1nn[nH]n1,LLM,-47.417316,-55.20017
CC1CCc2cccc(Cl)c2N1N=C1CC(=O)CN1,LLM,93.88098,5.744013
CC1CCc2cccc(Cl)c2N1N=C1CC(=O)CN1,LLM,93.88098,5.744013
C=CC(=O)OCC(C)(C)NCC(=O)O,LLM,-17.086647,-43.08281
C=CC(=O)OCC(C)(C)NCC(=O)O,LLM,-17.086647,-43.08281
CON=C(F)c1ccc(Br)o1,LLM,34.482483,-16.47427
CON=C(F)c1ccc(Br)o1,LLM,34.4827,-16.474516
CC(=O)CN(CC(=O)NO)CC(=O)NO,LLM,-24.318361,-38.92518
CC(=O)CN(CC(=O)NO)CC(=O)NO,LLM,-24.318855,-38.925915
COCC(O)c1cc(CCl)ncn1,LLM,25.31645,-15.007568
COCC(O)c1cc(CCl)ncn1,LLM,25.316113,-15.007616
CCS(=O)(=O)NNNCC(O)C(=O)O,LLM,-20.149246,-57.864017
CCS(=O)(=O)NNNCC(O)C(=O)O,LLM,-20.1494,-57.864445
NCc1ccc(-c2nn[nH]n2)cc1,LLM,55.669262,0.70895725
NCc1ccc(-c2nn[nH]n2)cc1,LLM,55.669262,0.70895725
CN(Cc1ccc(Cl)cc1)SS,LLM,51.496296,-13.2287035
CN(Cc1ccc(Cl)cc1)SS,LLM,51.49635,-13.2284975
COC1CCCC(=O)O1,LLM,12.708834,7.495852
COC1CCCC(=O)O1,LLM,12.708834,7.495852
O=C(O)c1nc2cc(Cl)c(Cl)cc2n1O,LLM,39.64,-40.02831
O=C(O)c1nc2cc(Cl)c(Cl)cc2n1O,LLM,39.64026,-40.02918
NS(=O)(=O)O,LLM,-20.10144,63.54611
NS(=O)(=O)O,LLM,-20.10144,63.54611
CNC1OCC(O)C(O)C1O,LLM,-1.7911326,28.527985
CNC1OCC(O)C(O)C1O,LLM,-1.791111,28.527914
CN=C(Cl)SC(=O)n1cccn1,LLM,11.617387,-41.853863
CN=C(Cl)SC(=O)n1cccn1,LLM,11.617387,-41.853863
FC1CCNC2N=CC1CN2,LLM,19.938,37.438442
FC1CCNC2N=CC1CN2,LLM,19.937899,37.438496
CCOC(Br)Cc1nc(N)nc(N2CC=CC2)n1,LLM,1.9895777,-15.983217
CCOC(Br)Cc1nc(N)nc(N2CC=CC2)n1,LLM,1.9896315,-15.983258
CC(O)C(Br)CO,LLM,-34.827335,-9.963109
CC(O)C(Br)CO,LLM,-34.82848,-9.963477
CC(O)C(Br)CO,LLM,-34.82848,-9.963477
CCC(N)OCCCCCN,LLM,-35.728333,-22.594675
CCC(N)OCCCCCN,LLM,-35.72824,-22.594799
CCC(N)OCCCCCN,LLM,-35.728657,-22.594727
NNC=CN1CCCCC1,LLM,2.8486836,44.78784
NNC=CN1CCCCC1,LLM,2.8486836,44.78784
NS(=O)(=O)c1ccc(Cc2ccccn2)s1,LLM,76.97025,6.072713
NS(=O)(=O)c1ccc(Cc2ccccn2)s1,LLM,76.97025,6.072713
CCC(=O)OCCCNOCCC(C)CO,LLM,-38.860672,-54.709805
CCC(=O)OCCCNOCCC(C)CO,LLM,-38.860672,-54.709805
CN1C2CCCN1CC2=C(S)C(Cl)(Cl)Cl,LLM,13.489875,16.563745
CN1C2CCCN1CC2=C(S)C(Cl)(Cl)Cl,LLM,13.489818,16.56358
CCCCCON(C)CC(=O)NN=C1CCCCN1,LLM,-72.35841,-41.403572
CCCCCON(C)CC(=O)NN=C1CCCCN1,LLM,-72.35841,-41.403572
Nc1cccc2ccnn12,LLM,59.726414,10.858291
Nc1cccc2ccnn12,LLM,59.72704,10.858413
CCC(=O)Cc1nnn(CC)n1,LLM,10.739198,-51.845325
CCC(=O)Cc1nnn(CC)n1,LLM,10.739643,-51.844616
OCn1c(Cl)ccc1CCl,LLM,50.387955,-2.9085507
OCn1c(Cl)ccc1CCl,LLM,50.387936,-2.908901
CC(C)CCCCCCNC(=O)CCCC(=O)O,LLM,-23.47856,-57.294285
CC(C)CCCCCCNC(=O)CCCC(=O)O,LLM,-23.47856,-57.294285
C[SH](O)CCCC[SH](O)Cc1ccccn1,LLM,73.87297,4.8257456
C[SH](O)CCCC[SH](O)Cc1ccccn1,LLM,73.87529,4.8257375
CC(Br)CC(O)CO,LLM,-34.726162,-10.108488
CC(Br)CC(O)CO,LLM,-34.726223,-10.108612
Cc1ccc(NCc2ccccn2)cc1,LLM,72.77078,6.5133014
Cc1ccc(NCc2ccccn2)cc1,LLM,72.77078,6.5133014
CCCCCCSS,LLM,-55.892857,-26.003912
CCCCCCSS,LLM,-55.89284,-26.004133
CCCNCc1cn[nH]c1C,LLM,7.382411,-23.23406
CCCNCc1cn[nH]c1C,LLM,7.382344,-23.234106
C=CC(=O)CCCCOCCCO,LLM,-18.376877,2.346838
C=CC(=O)CCCCOCCCO,LLM,-18.376877,2.346838
Nc1ccc2ccc(Cl)cc2n1,LLM,45.49438,-4.0141015
Nc1ccc2ccc(Cl)cc2n1,LLM,45.49451,-4.0147777
CCNc1cnccc1F,LLM,73.3567,18.566895
CCNc1cnccc1F,LLM,73.35585,18.566849
Cc1nc(CCCCN(C)C)nc(N2CCOCC2)n1,LLM,37.571213,57.260925
Cc1nc(CCCCN(C)C)nc(N2CCOCC2)n1,LLM,37.57162,57.261658
Cc1nc(CCCCN(C)C)nc(N2CCOCC2)n1,LLM,37.57162,57.261658
N#CCCCCCCCCC(=O)OCl,LLM,-19.599447,-30.569578
N#CCCCCCCCCC(=O)OCl,LLM,-19.599447,-30.569578
N#CCCCCCCCCC(=O)OCl,LLM,-19.599447,-30.569578
NOCCNO,LLM,-28.436157,24.276203
NOCCNO,LLM,-28.436245,24.276274
CCCCCCCC(N)CN=N,LLM,-53.929077,-34.74208
CCCCCCCC(N)CN=N,LLM,-53.929077,-34.74208
CNC(=O)S(=CN=O)Cc1ccccc1,LLM,50.638832,-54.003326
CNC(=O)S(=CN=O)Cc1ccccc1,LLM,50.638863,-54.003494
NOC=CCn1ccnc1C=O,LLM,28.295141,2.1340342
NOC=CCn1ccnc1C=O,LLM,28.295141,2.1340342
CC=CCC1=CC(OC(=O)c2ccccn2)C(O)C(=O)N1I,LLM,68.16295,-51.933807
CC=CCC1=CC(OC(=O)c2ccccn2)C(O)C(=O)N1I,LLM,68.16295,-51.933807
ON=C1NC2CC3CCN3CC2C1S,LLM,10.9398,21.058867
ON=C1NC2CC3CCN3CC2C1S,LLM,10.93981,21.05889
Cc1cccnc1COC(=O)C(N)=NO,LLM,63.632965,-51.73212
Cc1cccnc1COC(=O)C(N)=NO,LLM,63.632965,-51.73212
CCCCCNCCCCCCO,LLM,-77.61288,-21.845709
CCCCCNCCCCCCO,LLM,-77.61282,-21.846066
C=C(Br)C(=O)OCCSP(=O)(O)Cl,LLM,-42.95222,-40.090836
C=C(Br)C(=O)OCCSP(=O)(O)Cl,LLM,-42.95222,-40.090836
O=Cc1cc(Br)ccc1CS,LLM,50.10205,10.599811
O=Cc1cc(Br)ccc1CS,LLM,50.10205,10.599811
CCCCCC(O)C(N)c1ccc(F)cc1,LLM,-49.876133,-40.182507
CCCCCC(O)C(N)c1ccc(F)cc1,LLM,-49.876133,-40.182507
NCCCCCCC(F)CN,LLM,-21.440592,32.218132
NCCCCCCC(F)CN,LLM,-21.440592,32.218132
ClC(CBr)=C(Br)C(Cl)(Cl)Cl,LLM,-22.32785,45.219635
ClC(CBr)=C(Br)C(Cl)(Cl)Cl,LLM,-22.32785,45.219635
CCCCCOCCCCCC(C)O,LLM,-68.701454,-32.211357
CCCCCOCCCCCC(C)O,LLM,-68.701454,-32.211357
CN=CCn1cccc1C,LLM,60.22432,15.448168
CN=CCn1cccc1C,LLM,60.22147,15.448424
COCC1(O)COC(OC2NCCC2=O)C1,LLM,8.742473,-6.472214
COCC1(O)COC(OC2NCCC2=O)C1,LLM,8.74238,-6.4722505
CN1CC2CC(=O)C(N)=CC1c1ccccc1C2,LLM,84.322266,-13.42695
CN1CC2CC(=O)C(N)=CC1c1ccccc1C2,LLM,84.322266,-13.42695
CCC(N)(C#N)c1ccccc1Cl,LLM,60.360466,-15.008236
CCC(N)(C#N)c1ccccc1Cl,LLM,60.360466,-15.008236
CNc1ccccc1Cc1ccccc1CNN,LLM,67.98507,-27.828192
CNc1ccccc1Cc1ccccc1CNN,LLM,67.98516,-27.827808
CCCNCCNC1C=CC(CCF)=CC1,LLM,-12.505498,-7.705803
CCCNCCNC1C=CC(CCF)=CC1,LLM,-12.505498,-7.705803
CSc1cn(OCCCNO)cn1,LLM,7.6743093,-18.58507
CSc1cn(OCCCNO)cn1,LLM,7.6743093,-18.58507
COP(CCCNC(=N)N):C(O)=NO,LLM,-23.255268,19.827608
COP(CCCNC(=N)N):C(O)=NO,LLM,-23.255268,19.827608
COCC(NC(C)(C)C)[SH]1CC(O)CCO1,LLM,-16.709183,6.142012
COCC(NC(C)(C)C)[SH]1CC(O)CCO1,LLM,-16.709183,6.142012
CCCC1CCC(NC(C)(C)CO)C1(C)S,LLM,-2.7422745,4.439463
CCCC1CCC(NC(C)(C)CO)C1(C)S,LLM,-2.7422745,4.439463
CC(CCNCOP)c1ccco1,LLM,65.46461,-34.496613
CC(CCNCOP)c1ccco1,LLM,65.46461,-34.496613
CC(CCNCOP)c1ccco1,LLM,65.462944,-34.496235
NSC(=S)S(CC(F)C(=O)O)=NO,LLM,-11.2852745,-52.976902
NSC(=S)S(CC(F)C(=O)O)=NO,LLM,-11.285248,-52.97691
NS(=O)(=O)OCCCP(=O)(O)OP1CCCCP1,LLM,-37.928406,-32.622425
NS(=O)(=O)OCCCP(=O)(O)OP1CCCCP1,LLM,-37.928406,-32.622425
N=C1CCCCC1=NN=[SH]N,LLM,6.2603645,52.064117
N=C1CCCCC1=NN=[SH]N,LLM,6.2603645,52.064117
CON(C)Cc1c[nH]cn1,LLM,13.199291,-21.424597
CON(C)Cc1c[nH]cn1,LLM,13.199291,-21.424597
CNCCOc1cccc(I)c1,LLM,63.79203,-30.690771
CNCCOc1cccc(I)c1,LLM,63.79203,-30.690771
O=C(S)c1ccc2ccccc2n1,LLM,56.88527,-49.41399
O=C(S)c1ccc2ccccc2n1,LLM,56.885612,-49.413532
ClSSCN1CC2OCCC1COO2,LLM,-2.810986,23.165216
ClSSCN1CC2OCCC1COO2,LLM,-2.8120716,23.165264
ClCCCc1noc2ccccc12,LLM,70.564514,-2.0790606
ClCCCc1noc2ccccc12,LLM,70.564514,-2.0790606
CC(B1C=CC=C1F)C(=O)N(C)c1cscc1Cl,LLM,28.814325,-67.09455
CC(B1C=CC=C1F)C(=O)N(C)c1cscc1Cl,LLM,28.814177,-67.094864
O=C(O)C(Br)c1ccsc1,LLM,51.63203,-45.203304
O=C(O)C(Br)c1ccsc1,LLM,51.63203,-45.203304
C=CN1CCCC(=O)N1Cc1ccccc1,LLM,74.74043,-17.424063
C=CN1CCCC(=O)N1Cc1ccccc1,LLM,74.74043,-17.424063
O=C(O)C=C1CNCCN1,LLM,6.0693097,-30.531612
O=C(O)C=C1CNCCN1,LLM,6.0693097,-30.531612
NNCCn1cc(O)cnc1=O,LLM,12.474795,-31.003176
NNCCn1cc(O)cnc1=O,LLM,12.474947,-31.003204
CC1=CC=CC2=CC=CNN12,LLM,33.9708,17.921316
CC1=CC=CC2=CC=CNN12,LLM,33.970875,17.921026
NS(=O)(=O)Oc1nccnc1Cl,LLM,45.960316,-1.2991743
NS(=O)(=O)Oc1nccnc1Cl,LLM,45.963974,-1.3007436
CN(CC1CNNC1)c1ccccn1,LLM,82.92415,6.6914244
CN(CC1CNNC1)c1ccccn1,LLM,82.92415,6.6914244
COCCCO,LLM,-25.754423,-3.160273
COCCCO,LLM,-25.754423,-3.160273
COCCCO,LLM,-25.754408,-3.1602964
CCC(O)(Cc1ccco1)c1cccc(O)c1,LLM,56.693153,-27.049032
CCC(O)(Cc1ccco1)c1cccc(O)c1,LLM,56.693153,-27.049032
C=C(CCO)C(=O)OCCO,LLM,-18.990625,1.1150432
C=C(CCO)C(=O)OCCO,LLM,-18.990625,1.1150432
NC(CC(F)C(F)C(F)Br)C(=O)O,LLM,-11.1045265,-55.279034
NC(CC(F)C(F)C(F)Br)C(=O)O,LLM,-11.104576,-55.278683
CC[SH](O)CC(C)CN,LLM,-34.092052,-12.7545185
CC[SH](O)CC(C)CN,LLM,-34.09238,-12.754198
O=S(=O)(F)C1CC(Cl)(Cl)C(F)(C(Cl)Cl)C1,LLM,-11.110112,59.191856
O=S(=O)(F)C1CC(Cl)(Cl)C(F)(C(Cl)Cl)C1,LLM,-11.110119,59.191895
CCC1CCC(Nc2ccncc2Br)N1,LLM,80.1235,23.814154
CCC1CCC(Nc2ccncc2Br)N1,LLM,80.1235,23.814154
CCCCOC(=O)CCSP(=O)(O)O,LLM,-65.06527,-38.71484
CCCCOC(=O)CCSP(=O)(O)O,LLM,-65.06527,-38.71484
CC=CCCNC1NCNNCS1,LLM,-48.522957,26.212292
CC=CCCNC1NCNNCS1,LLM,-48.522358,26.212164
CC1=CN2C=NC(C=O)=C1CCS2,LLM,22.960875,9.222127
CC1=CN2C=NC(C=O)=C1CCS2,LLM,22.960875,9.222127
Nc1nc(Cc2cccs2)cc(=O)n1O,LLM,57.224857,-37.571674
Nc1nc(Cc2cccs2)cc(=O)n1O,LLM,57.224857,-37.571674
Nc1nc(Cc2cccs2)cc(=O)n1O,LLM,57.224857,-37.571674
NNCc1ccc(F)c(C(N)=O)n1,LLM,50.34802,-36.148163
NNCc1ccc(F)c(C(N)=O)n1,LLM,50.34802,-36.148163
CN=CNC1=CC=C(NO)OC1=C=S,LLM,-14.802072,4.11289
CN=CNC1=CC=C(NO)OC1=C=S,LLM,-14.802078,4.112894
c1ccc(C2CO2)cc1,LLM,89.851715,-13.751363
c1ccc(C2CO2)cc1,LLM,89.85177,-13.751442
CC(=S)NS,LLM,-22.300253,16.756405
CC(=S)NS,LLM,-22.29995,16.756578
Cc1ccc(N2CBNCC2)cc1I,LLM,44.23113,24.34819
Cc1ccc(N2CBNCC2)cc1I,LLM,44.23113,24.34819
NCC1C(Cl)CC1(O)c1ccc(Cl)nn1,LLM,59.469505,31.86956
NCC1C(Cl)CC1(O)c1ccc(Cl)nn1,LLM,59.469467,31.869629
CCN(CO)N=C(N)Cc1cccc(I)c1,LLM,54.16659,-26.406408
CCN(CO)N=C(N)Cc1cccc(I)c1,LLM,54.16659,-26.406408
CCCCN(C)CCCCCC(=O)O,LLM,-61.974766,-43.558434
CCCCN(C)CCCCCC(=O)O,LLM,-61.974503,-43.558495
CCC(C)OP(=O)(O)O,LLM,-39.665638,-42.165478
CCC(C)OP(=O)(O)O,LLM,-39.665638,-42.165478
CCC(C)OP(=O)(O)O,LLM,-39.6645,-42.165287
OC1CCC2C=COC1CC2,LLM,0.009807919,29.826616
OC1CCC2C=COC1CC2,LLM,0.009772516,29.827444
Cc1cccc2cccnc12,LLM,66.47343,7.2083855
Cc1cccc2cccnc12,LLM,66.4738,7.2084694
COCOP,LLM,-25.184553,3.787855
COCOP,LLM,-25.184189,3.788136
ONC1=NSSN=C1,LLM,20.251308,-8.616632
ONC1=NSSN=C1,LLM,20.251284,-8.616556
CCCc1ncc(I)c2ccccc12,LLM,68.57956,-14.210066
CCCc1ncc(I)c2ccccc12,LLM,68.57969,-14.211078
CC1=C2NC=CC(Br)=C2C=C(N)O1,LLM,35.32062,15.936727
CC1=C2NC=CC(Br)=C2C=C(N)O1,LLM,35.320755,15.936758
CCOP(=O)(Cc1cnccn1)NCCN,LLM,17.285563,-30.842028
CCOP(=O)(Cc1cnccn1)NCCN,LLM,17.285563,-30.842028
CC1CCCCC(O)N1c1ccc(O)cc1,LLM,40.19224,36.95065
CC1CCCCC(O)N1c1ccc(O)cc1,LLM,40.19224,36.95065
CN1CCC1(O)c1ccccc1,LLM,82.473335,-8.560607
CN1CCC1(O)c1ccccc1,LLM,82.473335,-8.560607
CCCC=C1NCCC=CO1,LLM,-8.072425,-13.435343
CCCC=C1NCCC=CO1,LLM,-8.072425,-13.435343
CCC1=C2CC(C)(C)C2=C1C(N)=O,LLM,-0.80161214,-39.319668
CCC1=C2CC(C)(C)C2=C1C(N)=O,LLM,-0.80161214,-39.319668
C#CCSSCCc1cnccn1,LLM,65.972336,15.1731205
C#CCSSCCc1cnccn1,LLM,65.972336,15.1731205
CCOC(S)=Nc1ccco1,LLM,22.296587,-58.711147
CCOC(S)=Nc1ccco1,LLM,22.296587,-58.711147
NCC=CC(=O)CO,LLM,-36.52135,37.249413
NCC=CC(=O)CO,LLM,-36.521347,37.249428
CCCC(N)=O,LLM,-19.917585,-41.95566
CCCC(N)=O,LLM,-19.917662,-41.955692
COc1ccc(SCC(=O)CCN(C)C)cc1,LLM,28.274315,-55.734463
COc1ccc(SCC(=O)CCN(C)C)cc1,LLM,28.274523,-55.734364
NNc1ccc(C(N)=O)cc1,LLM,47.49821,-38.260433
NNc1ccc(C(N)=O)cc1,LLM,47.498577,-38.26039
ClCCC1=C(Cl)N=C2N=C(Cl)C=S21,LLM,48.46759,0.16513717
ClCCC1=C(Cl)N=C2N=C(Cl)C=S21,LLM,48.46774,0.16512764
CCCN(CCN)C(=O)c1ccc(Br)cc1Br,LLM,33.144253,-62.597946
CCCN(CCN)C(=O)c1ccc(Br)cc1Br,LLM,33.144253,-62.597946
CC(Br)C1=C(O)[SH](O)S1,LLM,-26.0445,-14.305728
CC(Br)C1=C(O)[SH](O)S1,LLM,-26.044613,-14.305715
N=C1CCN(c2ccccc2)CC1=N,LLM,82.34271,-6.149092
N=C1CCN(c2ccccc2)CC1=N,LLM,82.34294,-6.148669
CC(=O)C(C)NCC1=NN=N[C@@H]1O,LLM,-21.873878,-49.102894
CC(=O)C(C)NCC1=NN=N[C@@H]1O,LLM,-21.873915,-49.102962
CN(N=C(N)N)C(=O)CO,LLM,-26.93343,-31.408955
CN(N=C(N)N)C(=O)CO,LLM,-26.933237,-31.408941
CON(CC(=O)O)C(=O)CC(N)c1cccs1,LLM,54.470795,-44.61094
CON(CC(=O)O)C(=O)CC(N)c1cccs1,LLM,54.470795,-44.61094
CC(=O)NC1CCC2(C)C(O)C(=O)C12,LLM,1.4969633,-25.266764
CC(=O)NC1CCC2(C)C(O)C(=O)C12,LLM,1.4969633,-25.266764
NCCCNCCc1ccc(C(=O)O)cc1,LLM,44.865067,-67.9502
NCCCNCCc1ccc(C(=O)O)cc1,LLM,44.865067,-67.9502
COc1cccc(C=CN)c1C1CC1CN,LLM,54.70427,29.81876
COc1cccc(C=CN)c1C1CC1CN,LLM,54.704224,29.819498
CC(CCl)(CCCCCl)CS(=O)(=O)O,LLM,-35.775173,-29.685291
CC(CCl)(CCCCCl)CS(=O)(=O)O,LLM,-35.775173,-29.685291
Clc1cccc2ccccc1NCCON2,LLM,90.68888,0.22799723
Clc1cccc2ccccc1NCCON2,LLM,90.68888,0.22799723
CNCCSC(N)CSC(N)CBr,LLM,-26.655848,11.38283
CNCCSC(N)CSC(N)CBr,LLM,-26.655848,11.38283
C[SH](O)CCCCO[SH](=O)(O)CCCl,LLM,-35.02089,6.375696
C[SH](O)CCCCO[SH](=O)(O)CCCl,LLM,-35.021084,6.3758993
Cc1nc(CO)nc(O)c1O,LLM,32.155872,-1.0791489
Cc1nc(CO)nc(O)c1O,LLM,32.15578,-1.0791587
O=P(O)(O)CCC=Nc1c[nH]cn1,LLM,14.583944,-26.085407
O=P(O)(O)CCC=Nc1c[nH]cn1,LLM,14.583956,-26.084463
CCC(O)CC(S)S,LLM,-41.199688,-12.822237
CCC(O)CC(S)S,LLM,-41.199688,-12.822237
CCCN1CC(O)CCN1CN,LLM,-14.052646,-1.087576
CCCN1CC(O)CCN1CN,LLM,-14.052591,-1.0874108
CCCN1CC(O)CCN1CN,LLM,-14.052646,-1.087576
Cc1cccn1NC(=N)NC1=NCCCS1,LLM,64.32293,40.56632
Cc1cccn1NC(=N)NC1=NCCCS1,LLM,64.32293,40.56632
Cc1csc(CCc2cccnc2)n1,LLM,69.40312,18.809118
Cc1csc(CCc2cccnc2)n1,LLM,69.403625,18.808187
OC(O)c1c(F)sc(P(F)C(F)(F)F)c1I,LLM,-7.7654877,48.830204
OC(O)c1c(F)sc(P(F)C(F)(F)F)c1I,LLM,-7.7654877,48.830204
NCC(CO)COC(=O)c1ccco1,LLM,50.661648,-65.14822
NCC(CO)COC(=O)c1ccco1,LLM,50.661648,-65.14822
CC(CS)c1ccccc1,LLM,72.964966,-31.358456
CC(CS)c1ccccc1,LLM,72.96587,-31.358433
Fc1ccccc1Cc1ccccn1,LLM,75.25038,4.347541
Fc1ccccc1Cc1ccccn1,LLM,75.25038,4.347541
CN(N)c1nsnc1S(=O)(=O)Br,LLM,12.528666,-13.550892
CN(N)c1nsnc1S(=O)(=O)Br,LLM,12.528666,-13.550892
CCCCCCCCCC(=O)Cl,LLM,-62.93695,-41.349113
CCCCCCCCCC(=O)Cl,LLM,-62.937088,-41.349216
CCCCCCCCCC(=O)Cl,LLM,-62.937134,-41.34919
O=Cc1cc(-c2ccccn2)no1,LLM,78.96418,4.9152355
O=Cc1cc(-c2ccccn2)no1,LLM,78.963394,4.9146967
O=Cc1cc(-c2ccccn2)no1,LLM,78.963394,4.9146967
CCCCCOc1ccc(C(=O)NO)cc1,LLM,9.392488,-73.897224
CCCCCOc1ccc(C(=O)NO)cc1,LLM,9.392488,-73.897224
CCC#CC[SH]=C(C#N)C(S)=NO,LLM,-49.739685,-10.000177
CCC#CC[SH]=C(C#N)C(S)=NO,LLM,-49.739685,-10.000177
CC(C)CCC(N)(CCC(C)C)C(O)ON=CN,LLM,-33.066586,-0.2688929
CC(C)CCC(N)(CCC(C)C)C(O)ON=CN,LLM,-33.066586,-0.2688929
Cc1cccc(C=CN)c1Cl,LLM,58.58286,1.7118363
Cc1cccc(C=CN)c1Cl,LLM,58.582947,1.7112828
Cc1cccc(C=CN)c1Cl,LLM,58.58286,1.7112074
CN1CCNCC1c1ccccc1Cl,LLM,93.55996,1.3849525
CN1CCNCC1c1ccccc1Cl,LLM,93.56119,1.3850207
CN1CCNCC1c1ccccc1Cl,LLM,93.56119,1.3850207
CCOc1ccc(CCl)cc1,LLM,19.54171,-27.153374
CCOc1ccc(CCl)cc1,LLM,19.54171,-27.153374
CCOc1ccc(CCl)cc1,LLM,19.54171,-27.153374
O=C(Cl)c1ccccc1Cl,LLM,47.346336,-45.434025
O=C(Cl)c1ccccc1Cl,LLM,47.346336,-45.434025
CNC(C)CF,LLM,-37.953815,-5.2764645
CNC(C)CF,LLM,-37.953808,-5.276484
O=C(Cl)CBr,LLM,-9.393803,-44.74406
O=C(Cl)CBr,LLM,-9.393823,-44.74395
NNc1ccc(=O)n(-c2cccs2)c1,LLM,54.69489,-38.92378
NNc1ccc(=O)n(-c2cccs2)c1,LLM,54.69489,-38.92378
NNc1ccc(=O)n(-c2cccs2)c1,LLM,54.69489,-38.92378
CCC(CC(N)=O)N1CCC(=O)N(C)CC1,LLM,-4.6889353,-40.647293
CCC(CC(N)=O)N1CCC(=O)N(C)CC1,LLM,-4.688879,-40.647305
CCOC(=O)c1ccsc1,LLM,17.578024,-56.192005
CCOC(=O)c1ccsc1,LLM,17.578024,-56.192005
CC(N)C(O)CNC(=S)CCCCCl,LLM,-37.3049,-0.9377125
CC(N)C(O)CNC(=S)CCCCCl,LLM,-37.3049,-0.9377125
CCONc1ncncc1-c1cccc(=O)cc1I,LLM,62.329273,-27.797894
CCONc1ncncc1-c1cccc(=O)cc1I,LLM,62.32826,-27.797756
CCCOC1=CC=NC(CN(C)C)=NO1,LLM,21.3219,-15.666022
CCCOC1=CC=NC(CN(C)C)=NO1,LLM,21.3219,-15.666022
CNCC1OC(=S)N=CS1,LLM,15.475466,-8.655752
CNCC1OC(=S)N=CS1,LLM,15.475466,-8.655752
CNCC1OC(=S)N=CS1,LLM,15.474895,-8.655615
CCCCCCCCCC(=O)OCCC,LLM,-66.380936,-37.837616
CCCCCCCCCC(=O)OCCC,LLM,-66.38069,-37.83745
CCCCCCCCCC(=O)OCCC,LLM,-66.38069,-37.83745
NCc1cc(I)ccc1O,LLM,34.25027,-26.498192
NCc1cc(I)ccc1O,LLM,34.25066,-26.498474
NCc1cc(I)ccc1O,LLM,34.250324,-26.498524
O=C(NO)c1csc(Nn2cccc2)n1,LLM,34.364723,-43.084595
O=C(NO)c1csc(Nn2cccc2)n1,LLM,34.36471,-43.08489
CCCOC(=O)C(Cl)(Cl)CCCC(=O)OC,LLM,-67.64744,-42.33943
CCCOC(=O)C(Cl)(Cl)CCCC(=O)OC,LLM,-67.64744,-42.33943
NCCCCNC(S)=NCO,LLM,-22.522804,29.304207
NCCCCNC(S)=NCO,LLM,-22.522804,29.304207
C=CCCC=C(C)CCC=CC=S,LLM,-50.25806,43.68399
C=CCCC=C(C)CCC=CC=S,LLM,-50.26009,43.68593
N#CCCC(N)(CP(=O)(O)O)C(=O)O,LLM,-16.950657,-47.970657
N#CCCC(N)(CP(=O)(O)O)C(=O)O,LLM,-16.950657,-47.970657
CCOC(=O)c1nsnc1OCC(=O)c1cnsn1,LLM,16.10294,-54.521324
CCOC(=O)c1nsnc1OCC(=O)c1cnsn1,LLM,16.103615,-54.524162
CC(=O)Oc1ccc(Cl)nc1,LLM,31.479355,-45.15423
CC(=O)Oc1ccc(Cl)nc1,LLM,31.478233,-45.156025
CN1N=CN(C2CCCS2)C(=O)N1,LLM,17.81351,11.867838
CN1N=CN(C2CCCS2)C(=O)N1,LLM,17.81351,11.867838
CNCc1ccc(F)c(F)c1,LLM,53.1975,-18.476812
CNCc1ccc(F)c(F)c1,LLM,53.1975,-18.476812
Cc1cc(C)c(OCCn2cnc3ccccc32)c(C)c1,LLM,63.135914,11.47725
Cc1cc(C)c(OCCn2cnc3ccccc32)c(C)c1,LLM,63.135582,11.477278
N=C(O)n1ccnc1,LLM,9.287547,-34.672882
N=C(O)n1ccnc1,LLM,9.287547,-34.672882
COc1ccc(OC)s1,LLM,31.79003,-11.957851
COc1ccc(OC)s1,LLM,31.789827,-11.957689
CO[SH]1(CO[SH](C)(=O)OC(C)SC)C[SH](CC(=O)C(C)O)C1(C)C(O)CF,LLM,-29.717123,-60.66472
CO[SH]1(CO[SH](C)(=O)OC(C)SC)C[SH](CC(=O)C(C)O)C1(C)C(O)CF,LLM,-29.717123,-60.66472
O=NC1COc2ccccc21,LLM,88.9662,-15.77059
O=NC1COc2ccccc21,LLM,88.96651,-15.770679
O=NC1COc2ccccc21,LLM,88.96628,-15.7707615
N#CCCCN1CCCC(C(N)=O)C1,LLM,-11.004291,-31.525953
N#CCCCN1CCCC(C(N)=O)C1,LLM,-11.004291,-31.525953
N#CCCCN1CCCC(C(N)=O)C1,LLM,-11.004291,-31.525953
COCC(O)C(OC(N)C(=O)O)C(F)(Br)Br,LLM,-16.909023,-66.17718
COCC(O)C(OC(N)C(=O)O)C(F)(Br)Br,LLM,-16.909023,-66.17718
Cc1ccccc1CNSC1=NCCO1,LLM,85.988716,9.589407
Cc1ccccc1CNSC1=NCCO1,LLM,85.988716,9.589407
Fc1cccc(C(F)c2c[nH]nn2)c1,LLM,55.394028,21.855318
Fc1cccc(C(F)c2c[nH]nn2)c1,LLM,55.394028,21.855318
O=c1[nH]cnc2ccccc12,LLM,72.58792,-4.843781
O=c1[nH]cnc2ccccc12,LLM,72.58124,-4.8438354
CC(=NNc1nc2ccccc2nc1Cl)C(=O)O,LLM,58.091553,-51.935936
CC(=NNc1nc2ccccc2nc1Cl)C(=O)O,LLM,58.091026,-51.93563
CON(C)CCCCCP(=O)(O)O,LLM,-33.0471,-36.915134
CON(C)CCCCCP(=O)(O)O,LLM,-33.0471,-36.915134
CCC(CC)CCCC(N)C(=O)O,LLM,-13.836737,-59.25412
CCC(CC)CCCC(N)C(=O)O,LLM,-13.836353,-59.253193
CCCCN1C=NCCC[N+]1([O-])O,LLM,-19.773048,-20.454521
CCCCN1C=NCCC[N+]1([O-])O,LLM,-19.773098,-20.454489
CC(=O)OCN1CCCCCC1=O,LLM,0.75964415,-42.85316
CC(=O)OCN1CCCCCC1=O,LLM,0.75964415,-42.85316
CCS(=O)(=O)NCc1cccs1,LLM,60.328003,-38.29006
CCS(=O)(=O)NCc1cccs1,LLM,60.328003,-38.29006
NC(=O)NCC1=CC(Br)=CC=CS1,LLM,29.769682,-58.95087
NC(=O)NCC1=CC(Br)=CC=CS1,LLM,29.76986,-58.950714
CCC(N)C(C)=O,LLM,-16.166975,-58.44441
CCC(N)C(C)=O,LLM,-16.167221,-58.444447
NCCn1cc(Br)c(Br)c1,LLM,25.908361,-21.50949
NCCn1cc(Br)c(Br)c1,LLM,25.90828,-21.509748
CCCCNC(=O)c1ccncc1,LLM,8.368195,-62.41784
CCCCNC(=O)c1ccncc1,LLM,8.368195,-62.41784
O=C(O)C(O)Cn1cnnn1,LLM,-4.6853213,-52.46544
O=C(O)C(O)Cn1cnnn1,LLM,-4.685371,-52.465294
C1=NCn2ccnc21,LLM,29.660765,11.9876175
C1=NCn2ccnc21,LLM,29.660738,11.987493
CSc1nnnn1C(=O)C=Nc1ccccc1,LLM,56.265007,-52.1909
CSc1nnnn1C(=O)C=Nc1ccccc1,LLM,56.264854,-52.191406
O=[SH](=O)Cc1ccncc1O,LLM,67.83695,2.3346593
O=[SH](=O)Cc1ccncc1O,LLM,67.83709,2.334695
CCC(=O)N(O)CCCC#CO,LLM,-28.471561,-39.637356
CCC(=O)N(O)CCCC#CO,LLM,-28.471561,-39.637356
O=C(CP(=O)(O)O)NCCCCc1ccccn1,LLM,64.961555,-48.38179
O=C(CP(=O)(O)O)NCCCCc1ccccn1,LLM,64.961555,-48.38179
CCCn1pc(CC(N)=O)nc1O,LLM,8.064804,-54.033775
CCCn1pc(CC(N)=O)nc1O,LLM,8.064297,-54.033325
COC(C)(CO)c1ccccc1,LLM,70.603836,-36.32015
COC(C)(CO)c1ccccc1,LLM,70.603836,-36.32015
c1ccc(SCc2nccs2)cc1,LLM,75.08239,-3.0072215
c1ccc(SCc2nccs2)cc1,LLM,75.08239,-3.0072215
NC(=NO)NCCCCP(=O)(O)O,LLM,-33.812828,-44.217754
NC(=NO)NCCCCP(=O)(O)O,LLM,-33.812828,-44.217754
OCC(O)CNCc1ccc(CI)cc1,LLM,18.148945,-17.603037
OCC(O)CNCc1ccc(CI)cc1,LLM,18.149008,-17.602995
NCCCCCC(=O)OCCCCN,LLM,-17.701883,-32.989586
NCCCCCC(=O)OCCCCN,LLM,-17.701797,-32.989616
CC(C)=CCOCNCCCCCCS,LLM,-41.393604,14.883258
CC(C)=CCOCNCCCCCCS,LLM,-41.393604,14.883258
C#CC(C)(C=C)C(N)C(F)C(C)(C)C=C(C)C.C=C,LLM,-51.445415,38.539474
C#CC(C)(C=C)C(N)C(F)C(C)(C)C=C(C)C.C=C,LLM,-51.445415,38.539474
CC(C(=O)Nc1nn[nH]n1)=C(F)C(=O)O,LLM,10.183574,-48.518787
CC(C(=O)Nc1nn[nH]n1)=C(F)C(=O)O,LLM,10.183546,-48.518745
N=C1NCCCCCNNC(c2cccnc2)=NC=C1O,LLM,77.73304,21.278696
N=C1NCCCCCNNC(c2cccnc2)=NC=C1O,LLM,77.73293,21.27847
Cc1ccc(Sc2nn[nH]n2)cc1,LLM,39.0763,14.691492
Cc1ccc(Sc2nn[nH]n2)cc1,LLM,39.075905,14.691394
Cc1ncccc1-c1cccs1,LLM,67.68346,9.264362
Cc1ncccc1-c1cccs1,LLM,67.68346,9.264362
CC1NC(=O)CCCC1C=O,LLM,12.816487,10.176742
CC1NC(=O)CCCC1C=O,LLM,12.816104,10.176935
CCCOCc1ccccc1C(Cl)Cl,LLM,74.73714,-41.729347
CCCOCc1ccccc1C(Cl)Cl,LLM,74.73699,-41.729164
CCCOCc1ccccc1C(Cl)Cl,LLM,74.73714,-41.729347
NC1CCCCCC1O,LLM,5.6469817,20.801786
NC1CCCCCC1O,LLM,5.646903,20.802176
CCCCCCCC1CC(C)(F)CC(C(=O)O)=NO1,LLM,-14.160139,-21.577682
CCCCCCCC1CC(C)(F)CC(C(=O)O)=NO1,LLM,-14.160139,-21.577682
Cc1ccsc1OC1CNC2(C=NO)CCC1C2,LLM,43.243538,56.08523
Cc1ccsc1OC1CNC2(C=NO)CCC1C2,LLM,43.243538,56.08523
CC=C(CCC=CCCC)[SH]1CCCC1C=S,LLM,-45.687176,24.35611
CC=C(CCC=CCCC)[SH]1CCCC1C=S,LLM,-45.686623,24.355927
CCCC[PH](CC)(CC)CC,LLM,-58.003773,-27.864529
CCCC[PH](CC)(CC)CC,LLM,-58.00409,-27.864773
CCC=NNCCCC(S)=NN=C(N)N,LLM,-64.74059,-6.2428446
CCC=NNCCCC(S)=NN=C(N)N,LLM,-64.73865,-6.2429905
CSSCOC(=O)c1ccccc1C,LLM,42.814617,-59.049538
CSSCOC(=O)c1ccccc1C,LLM,42.814228,-59.04915
OC1=NOC(c2cc(Cl)ccc2Cl)=CS1,LLM,46.082596,-6.5236106
OC1=NOC(c2cc(Cl)ccc2Cl)=CS1,LLM,46.082596,-6.5236106
OC1=NN(c2ccco2)CCN1,LLM,88.34089,3.5135381
OC1=NN(c2ccco2)CCN1,LLM,88.34089,3.5135381
NC(CC=CCO)=NO,LLM,-32.26826,36.537014
NC(CC=CCO)=NO,LLM,-32.268333,36.537186
O=C1Cc2c(F)cccc2C1=O,LLM,59.650738,22.79002
O=C1Cc2c(F)cccc2C1=O,LLM,59.650738,22.79002
NCCCO,LLM,-25.19431,31.315279
NCCCO,LLM,-25.19431,31.315279
COCCCCCC(=O)C1=CC=C2C=CNC2C1,LLM,-5.1429796,-20.625423
COCCCCCC(=O)C1=CC=C2C=CNC2C1,LLM,-5.1429796,-20.625423
CCSc1nc2ccccc2nc1Cl,LLM,62.99066,-8.281667
CCSc1nc2ccccc2nc1Cl,LLM,62.99066,-8.281667
Cc1cccc(Cl)c1CC(=O)O,LLM,38.864193,-54.659946
Cc1cccc(Cl)c1CC(=O)O,LLM,38.864193,-54.659946
CN=C(CCn1cccn1)c1ccccc1,LLM,70.437675,-11.964273
CN=C(CCn1cccn1)c1ccccc1,LLM,70.43765,-11.964553
CCCCCON=C(N)NO,LLM,-61.72865,-33.748894
CCCCCON=C(N)NO,LLM,-61.727837,-33.749428
CCCCCC(O)CC(N)CC,LLM,-52.59128,-36.010136
CCCCCC(O)CC(N)CC,LLM,-52.59128,-36.010136
NCCS(=O)(=O)Nc1cc(=O)[nH]c(=O)[nH]1,LLM,17.929663,-3.760269
NCCS(=O)(=O)Nc1cc(=O)[nH]c(=O)[nH]1,LLM,17.929663,-3.760269
COc1ccc(N2CCCCC2)cc1,LLM,48.87588,24.863966
COc1ccc(N2CCCCC2)cc1,LLM,48.87588,24.863966
CC(=N)NC(C(=O)O)c1ccccc1,LLM,48.784256,-53.102383
CC(=N)NC(C(=O)O)c1ccccc1,LLM,48.783764,-53.10265
CNC(=NO)c1cccc(O)c1,LLM,57.96398,-29.647694
CNC(=NO)c1cccc(O)c1,LLM,57.963055,-29.647741
NOCN1N=C(CNO)C1=S,LLM,7.7630024,-14.867047
NOCN1N=C(CNO)C1=S,LLM,7.7630024,-14.867047
CONCCOSn1ccnc1N=Cc1ccccc1,LLM,77.999565,-2.6293688
CONCCOSn1ccnc1N=Cc1ccccc1,LLM,77.999565,-2.6293688
C(=NNc1ccccc1)c1cccs1,LLM,71.70478,-19.260675
C(=NNc1ccccc1)c1cccs1,LLM,71.70478,-19.260675
Fc1ccc(-c2cncnc2Cl)cc1,LLM,54.351448,17.44982
Fc1ccc(-c2cncnc2Cl)cc1,LLM,54.35183,17.449785
NC1=NC(S)C(CO)S1,LLM,16.376286,-12.147396
NC1=NC(S)C(CO)S1,LLM,16.376286,-12.147396
COCON=CCOC(O)CC(O)CO,LLM,-30.057936,-1.5583181
COCON=CCOC(O)CC(O)CO,LLM,-30.057936,-1.5583181
Cn1cc(Cc2ccco2)cn1,LLM,61.58554,18.682844
Cn1cc(Cc2ccco2)cn1,LLM,61.585842,18.68301
COCc1noc2cccc(Cl)c12,LLM,61.529034,-6.4950924
COCc1noc2cccc(Cl)c12,LLM,61.529034,-6.4950924
CCCCc1noc(C2CCOC2)c1Cl,LLM,-14.048375,-17.243162
CCCCc1noc(C2CCOC2)c1Cl,LLM,-14.048375,-17.243162
Ic1ccc(Cn2ccnc2)cc1,LLM,52.574158,1.153808
Ic1ccc(Cn2ccnc2)cc1,LLM,52.574158,1.153808
Ic1ccc(Cn2ccnc2)cc1,LLM,52.574158,1.153808
CC(Br)Cc1ccccc1,LLM,73.244064,-32.03789
CC(Br)Cc1ccccc1,LLM,73.244255,-32.038303
CC(Br)Cc1ccccc1,LLM,73.24374,-32.038017
CC1=C(Cc2c[nH]cn2)N(O)OC(Br)=C1,LLM,10.898847,-20.457373
CC1=C(Cc2c[nH]cn2)N(O)OC(Br)=C1,LLM,10.898847,-20.457373
S=C(S)N1CCCSC(CCl)C1,LLM,-1.6623565,50.065815
S=C(S)N1CCCSC(CCl)C1,LLM,-1.6623565,50.065815
O=C(NO)NOCCc1ccccc1,LLM,50.7262,-58.404987
O=C(NO)NOCCc1ccccc1,LLM,50.726574,-58.405243
Cc1cccc(C2CCC2C)c1C,LLM,40.15471,26.514177
Cc1cccc(C2CCC2C)c1C,LLM,40.15498,26.514095
COCC(N)c1ccc(O)c(O)c1,LLM,28.89154,-30.314995
COCC(N)c1ccc(O)c(O)c1,LLM,28.891346,-30.31482
CCCC(CC(N)CC(=O)O)C(=O)O,LLM,-14.36486,-58.941963
CCCC(CC(N)CC(=O)O)C(=O)O,LLM,-14.364999,-58.943882
FC(F)c1cnc(Cl)o1,LLM,53.09693,15.69531
FC(F)c1cnc(Cl)o1,LLM,53.09693,15.69531
Cc1cc(CN)c(O)c(CSc2ccccc2)c1,LLM,32.832962,-29.83835
Cc1cc(CN)c(O)c(CSc2ccccc2)c1,LLM,32.832962,-29.83835
COC=C(CCCO)NCl,LLM,-24.025883,-4.9344234
COC=C(CCCO)NCl,LLM,-24.025883,-4.9344234
CCNC(=O)NCCCOS(N)(=O)=O,LLM,-39.83792,-52.405407
CCNC(=O)NCCCOS(N)(=O)=O,LLM,-39.83792,-52.405407
FC1=NC2=CC(c3conn3)=NS2=N1,LLM,56.159054,17.671675
FC1=NC2=CC(c3conn3)=NS2=N1,LLM,56.15902,17.671867
COC(=O)CN1CCCC(C)=NO1,LLM,3.2110085,-41.350475
COC(=O)CN1CCCC(C)=NO1,LLM,3.2110085,-41.350475
Cn1nc(CCc2cccnc2)[nH]1,LLM,70.904175,18.829416
Cn1nc(CCc2cccnc2)[nH]1,LLM,70.904175,18.829416
CN=C(C(N)=O)c1ccccc1Br,LLM,47.013107,-48.82968
CN=C(C(N)=O)c1ccccc1Br,LLM,47.013107,-48.82968
NNC1OCC(O)C(O)C(O)C1O,LLM,-2.74229,27.794767
NNC1OCC(O)C(O)C(O)C1O,LLM,-2.74229,27.794767
CCC#CCCNC(=N)N,LLM,-24.876059,20.974955
CCC#CCCNC(=N)N,LLM,-24.876059,20.974955
C1=NCC=NN1c1ccccn1,LLM,76.871216,1.5525959
C1=NCC=NN1c1ccccn1,LLM,76.87125,1.5526313
CCOC(=O)C=Nc1cc(N)ccc1N,LLM,17.424734,-59.354572
CCOC(=O)C=Nc1cc(N)ccc1N,LLM,17.424734,-59.354572
CC=NN(CC(N)=O)OCCC(CC)CC,LLM,-34.80815,-57.359997
CC=NN(CC(N)=O)OCCC(CC)CC,LLM,-34.80815,-57.359997
C=C(N=CNNC(=N)N)C(F)(F)F,LLM,-34.305782,60.803974
C=C(N=CNNC(=N)N)C(F)(F)F,LLM,-34.305782,60.803974
Cc1nnnn1Cc1cncnc1I,LLM,33.593575,6.4912963
Cc1nnnn1Cc1cncnc1I,LLM,33.594067,6.4912496
NCc1ccc2ccccc2c1N(O)C(=O)O,LLM,55.02085,-56.72514
NCc1ccc2ccccc2c1N(O)C(=O)O,LLM,55.02085,-56.72514
CC1CCc2ccc(N)cc2OC1=O,LLM,51.10792,34.67134
CC1CCc2ccc(N)cc2OC1=O,LLM,51.10792,34.67134
CC1CCc2ccc(N)cc2OC1=O,LLM,51.10792,34.67134
O=CCc1c(F)cccc1Cl,LLM,63.983322,24.122272
O=CCc1c(F)cccc1Cl,LLM,63.983322,24.122272
O=CCc1c(F)cccc1Cl,LLM,63.983322,24.122272
COCCC(CCCCO)C(O)=CC(=O)Cl,LLM,-22.527157,-3.091582
COCCC(CCCCO)C(O)=CC(=O)Cl,LLM,-22.527157,-3.091582
COCCC(CCCCO)C(O)=CC(=O)Cl,LLM,-22.527157,-3.091582
OC1COc2ccc(F)cc21,LLM,52.144444,40.76108
OC1COc2ccc(F)cc21,LLM,52.144444,40.76108
OC1COc2ccc(F)cc21,LLM,52.144444,40.76108
CC1N=C(C#N)Nc2ccsc21,LLM,40.44654,16.744259
CC1N=C(C#N)Nc2ccsc21,LLM,40.446526,16.744663
CSc1nc(Oc2cccnc2)n(NO)n1,LLM,76.46902,13.589741
CSc1nc(Oc2cccnc2)n(NO)n1,LLM,76.46941,13.589307
CCCCOC1CCCN(C#N)N1,LLM,-22.44959,-16.8549
CCCCOC1CCCN(C#N)N1,LLM,-22.449686,-16.854937
NC(=Nc1cccnc1)NO,LLM,72.17658,13.711958
NC(=Nc1cccnc1)NO,LLM,72.17635,13.711848
ClCBr,LLM,-22.8344,43.656116
ClCBr,LLM,-22.834656,43.655907
ClC=C(Cl)Cl,LLM,-26.105152,47.16133
ClC=C(Cl)Cl,LLM,-26.10493,47.161545
CCCCCCN1CCSC1=O,LLM,-20.928951,-22.457928
CCCCCCN1CCSC1=O,LLM,-20.928951,-22.457928
CN(C)Cc1ccc(O)c(O)c1Br,LLM,38.187622,-23.022278
CN(C)Cc1ccc(O)c(O)c1Br,LLM,38.187637,-23.022947
NCC#CC(Cl)(Cl)Cl,LLM,-23.837019,40.619465
NCC#CC(Cl)(Cl)Cl,LLM,-23.837076,40.619324
OCc1cncc(CC(O)CO)c1I,LLM,17.561195,-15.155471
OCc1cncc(CC(O)CO)c1I,LLM,17.56117,-15.155473
CCC(CN)NCCS1=NSN=C1C,LLM,-28.224606,-19.367395
CCC(CN)NCCS1=NSN=C1C,LLM,-28.224606,-19.367395
CCCCSCSSCCCCCNOc1ccccc1,LLM,18.613577,-72.89539
CCCCSCSSCCCCCNOc1ccccc1,LLM,18.613577,-72.89539
CCCCSCSSCCCCCNOc1ccccc1,LLM,18.613577,-72.89539
CN(C)c1cc(Cl)cc(Cl)c1S(N)(=O)=O,LLM,51.80913,-10.80451
CN(C)c1cc(Cl)cc(Cl)c1S(N)(=O)=O,LLM,51.80913,-10.80451
C=CC(S)=CNc1ccc(CC(C)Br)cc1,LLM,18.475368,-21.149117
C=CC(S)=CNc1ccc(CC(C)Br)cc1,LLM,18.475368,-21.149117
Cc1ccc(SN(C)C)nc1,LLM,36.644638,9.747549
Cc1ccc(SN(C)C)nc1,LLM,36.645046,9.747537
S=C(S)SCCNc1nnn[nH]1,LLM,5.7060094,-17.281483
S=C(S)SCCNc1nnn[nH]1,LLM,5.7060094,-17.281483
CC(NCc1cccc(N)n1)C(Cl)Cl,LLM,71.51735,-26.914974
CC(NCc1cccc(N)n1)C(Cl)Cl,LLM,71.51735,-26.914974
COS(=O)(=O)OCCC=CCCCCO,LLM,-32.63568,6.968023
COS(=O)(=O)OCCC=CCCCCO,LLM,-32.63568,6.968023
N#CN1Cc2ccccc2C(O)CNC1=O,LLM,86.769516,-21.077421
N#CN1Cc2ccccc2C(O)CNC1=O,LLM,86.769516,-21.077421
CO[SH](O)CCO,LLM,-25.417198,-1.8439604
CO[SH](O)CCO,LLM,-25.417229,-1.8439449
O=NC(C1CNCN1)C1CC1F,LLM,14.048157,37.211426
O=NC(C1CNCN1)C1CC1F,LLM,14.04822,37.211376
NCCc1cc(Br)c(Cl)c(Br)c1Cl,LLM,25.756136,-23.037874
NCCc1cc(Br)c(Cl)c(Br)c1Cl,LLM,25.75563,-23.03704
CC(N)Cc1ccc(OCCCN)nc1,LLM,25.082613,-8.069731
CC(N)Cc1ccc(OCCCN)nc1,LLM,25.082613,-8.069731
Cc1cc(Cn2cccc2)no1,LLM,42.677032,9.6096525
Cc1cc(Cn2cccc2)no1,LLM,42.677032,9.6096525
N=C(N)Nc1cc(N)ncn1,LLM,46.64591,-25.809063
N=C(N)Nc1cc(N)ncn1,LLM,46.64591,-25.809063
Oc1ccc(C=CCS)cc1,LLM,38.170784,-26.64901
Oc1ccc(C=CCS)cc1,LLM,38.170437,-26.6489
CNCCSC(=S)NN1CCCC1CN,LLM,-5.122748,16.945772
CNCCSC(=S)NN1CCCC1CN,LLM,-5.122748,16.945772
CCCCC(=O)OCc1ccccc1O,LLM,12.489579,-73.351685
CCCCC(=O)OCc1ccccc1O,LLM,12.489579,-73.351685
NCOc1nn(Cc2ccccc2Cl)cc1Cl,LLM,73.2795,-1.3583734
NCOc1nn(Cc2ccccc2Cl)cc1Cl,LLM,73.2795,-1.3583734
COc1cc(N)nc(CC(=O)O)n1,LLM,23.92117,-44.391422
COc1cc(N)nc(CC(=O)O)n1,LLM,23.923365,-44.39172
FN=C1CC(=C(F)I)CCC1CC1CC1,LLM,-4.9830236,20.483122
FN=C1CC(=C(F)I)CCC1CC1CC1,LLM,-4.9830236,20.483122
O=CNC=Cc1ccccn1,LLM,78.39697,4.1739697
O=CNC=Cc1ccccn1,LLM,78.397446,4.1741805
CC(CS)CN(C)C,LLM,-30.469635,-14.162916
CC(CS)CN(C)C,LLM,-30.469612,-14.162972
OCC(O)Cc1ccc(O)nc1,LLM,17.94963,-15.806676
OCC(O)Cc1ccc(O)nc1,LLM,17.94855,-15.80687
CCCO,LLM,-44.852654,-11.187053
CCCO,LLM,-44.853752,-11.179714
Cc1ccc(C)c(C)n1,LLM,39.677536,9.487564
Cc1ccc(C)c(C)n1,LLM,39.677536,9.487564
CC(N)P(=O)(O)CO,LLM,-39.55768,-45.441586
CC(N)P(=O)(O)CO,LLM,-39.55768,-45.441586
NC(N)(Cl)CCl,LLM,-21.66766,41.266273
NC(N)(Cl)CCl,LLM,-21.66766,41.266273
CNCC(O)c1sccc1O,LLM,56.530415,-32.345287
CNCC(O)c1sccc1O,LLM,56.530415,-32.345287
N#CC1CCC1CN,LLM,-15.225016,36.489517
N#CC1CCC1CN,LLM,-15.225016,36.489517
CCC(O)c1bc(CO)c(O)c(OC)c1,LLM,26.055592,-29.932985
CCC(O)c1bc(CO)c(O)c(OC)c1,LLM,26.055496,-29.93349
CCC(=O)CCSP(=O)(O)O,LLM,-41.163216,-38.003098
CCC(=O)CCSP(=O)(O)O,LLM,-41.163216,-38.003098
COc1cccc(CCC(=O)CO)c1,LLM,30.32621,-41.2201
COc1cccc(CCC(=O)CO)c1,LLM,30.327957,-41.219955
CCC1=C(C)Nc2ccccc2N1,LLM,69.09119,-18.129665
CCC1=C(C)Nc2ccccc2N1,LLM,69.09119,-18.129665
NOCc1cccc(Cl)c1,LLM,55.210117,-3.6697903
NOCc1cccc(Cl)c1,LLM,55.210117,-3.6697903
CCSc1cc(O)cc(Cl)c1S,LLM,45.414463,-9.718242
CCSc1cc(O)cc(Cl)c1S,LLM,45.414463,-9.718242
NCOc1ccc(O)cc1,LLM,35.85245,-25.194616
NCOc1ccc(O)cc1,LLM,35.85232,-25.196255
Cc1ccc2[nH]c(Cl)c(Cl)c2c1C=O,LLM,45.74376,11.646787
Cc1ccc2[nH]c(Cl)c(Cl)c2c1C=O,LLM,45.74376,11.646787
N#Cc1c(F)ccc(Cl)c1Cl,LLM,51.963474,-6.9735737
N#Cc1c(F)ccc(Cl)c1Cl,LLM,51.96356,-6.9734807
CC(N)c1cncc(NCN)c1,LLM,26.970537,-6.411253
CC(N)c1cncc(NCN)c1,LLM,26.970537,-6.411253
S=c1cc1C1C=CCCC1,LLM,28.706478,50.81095
S=c1cc1C1C=CCCC1,LLM,28.706478,50.81095
CCOP(=O)(NC1CCCNC1)OC(C)C,LLM,-5.1867814,6.651754
CCOP(=O)(NC1CCCNC1)OC(C)C,LLM,-5.1867814,6.651754
CCC(O)C(CO)CC#N,LLM,-47.426495,-7.9935136
CCC(O)C(CO)CC#N,LLM,-47.426495,-7.9935136
N#CCCl,LLM,-26.253979,50.58418
N#CCCl,LLM,-26.252205,50.58354
Nc1ncccc1CC1CC=CCO1,LLM,79.80014,8.0220375
Nc1ncccc1CC1CC=CCO1,LLM,79.80014,8.0220375
COC(N)=NOCN,LLM,-29.597591,1.3855451
COC(N)=NOCN,LLM,-29.597591,1.3855451
Sc1ccc2c(c1)Nc1cnccc1O2,LLM,69.58066,16.232632
Sc1ccc2c(c1)Nc1cnccc1O2,LLM,69.57972,16.232721
Oc1ccc(CNC2CCCCC2)nc1O,LLM,36.802395,39.540676
Oc1ccc(CNC2CCCCC2)nc1O,LLM,36.802395,39.540676
CN(N)c1cc(Cl)c2c(c1)C=N2,LLM,52.82657,-10.336195
CN(N)c1cc(Cl)c2c(c1)C=N2,LLM,52.82673,-10.336038
N=C(CCS)NOCC#CI,LLM,-26.245337,22.675507
N=C(CCS)NOCC#CI,LLM,-26.245337,22.675507
O=C(NO)c1ccncc1S,LLM,62.472572,-20.219048
O=C(NO)c1ccncc1S,LLM,62.472572,-20.219048
CCOCC(C)OC(C)(C)Cl,LLM,-38.462883,-16.32099
CCOCC(C)OC(C)(C)Cl,LLM,-38.462883,-16.32099
CC(N)(CCCCN)C(=O)Cl,LLM,-23.895844,-28.75553
CC(N)(CCCCN)C(=O)Cl,LLM,-23.895844,-28.75553
COCc1cccc(CC(N)=O)c1,LLM,31.091902,-40.370537
COCc1cccc(CC(N)=O)c1,LLM,31.091839,-40.370876
CCCCSCCc1csnc1O,LLM,2.3819695,-70.027214
CCCCSCCc1csnc1O,LLM,2.3819695,-70.027214
CCCC(=O)C1=CN=CC1=O,LLM,8.688272,-57.827625
CCCC(=O)C1=CN=CC1=O,LLM,8.688227,-57.82781
CCCC(=O)C1=CN=CC1=O,LLM,8.688198,-57.828136
NC1=NCC(O)c2cc(O)[nH]c(=O)c2C1,LLM,14.042434,-3.8436885
NC1=NCC(O)c2cc(O)[nH]c(=O)c2C1,LLM,14.042434,-3.8436885
NC1=NCC(O)c2cc(O)[nH]c(=O)c2C1,LLM,14.042434,-3.8436885
CCC(CO)OCC1CCCC1O,LLM,-7.7296934,7.8400855
CCC(CO)OCC1CCCC1O,LLM,-7.7297163,7.8397837
CCC(CO)OCC1CCCC1O,LLM,-7.7296934,7.8400855
C=C1NCCOc2ccccc21,LLM,89.94788,-1.3908509
C=C1NCCOc2ccccc21,LLM,89.94788,-1.3908509
C=C1NCCOc2ccccc21,LLM,89.94788,-1.3908509
COCC(CC(N)CCCl)N(Cc1ccccn1)C(Cl)(Cl)Cl,LLM,77.42022,9.005767
COCC(CC(N)CCCl)N(Cc1ccccn1)C(Cl)(Cl)Cl,LLM,77.42022,9.005767
OCOCNCc1c[nH]cn1,LLM,10.976897,-23.025927
OCOCNCc1c[nH]cn1,LLM,10.976897,-23.025927
OCOCNCc1c[nH]cn1,LLM,10.976897,-23.025927
CNCCCN1CC(O)C(CC(=O)O)C1,LLM,-3.0632074,-48.04583
CNCCCN1CC(O)C(CC(=O)O)C1,LLM,-3.0632074,-48.04583
C=CCCCCCCCCC(C=O)CC,LLM,-63.60334,11.9152
C=CCCCCCCCCC(C=O)CC,LLM,-63.60334,11.9152
CSc1cc(C=Cc2nn[nH]n2)no1,LLM,39.733246,19.601145
CSc1cc(C=Cc2nn[nH]n2)no1,LLM,39.733246,19.601145
NCCSCCc1cccc(NO)c1F,LLM,53.774803,-34.87672
NCCSCCc1cccc(NO)c1F,LLM,53.774803,-34.87672
CC=C(C)CCCO,LLM,-48.131866,19.920479
CC=C(C)CCCO,LLM,-48.131866,19.920479
CCSCC(=O)NC1=CCNCC1,LLM,5.7770724,-48.50669
CCSCC(=O)NC1=CCNCC1,LLM,5.7770724,-48.50669
CC(O)Cc1cc(Br)cc(CCI)c1,LLM,21.939747,-20.411148
CC(O)Cc1cc(Br)cc(CCI)c1,LLM,21.939747,-20.411148
CCCCCCOC(=O)C(F)(F)F,LLM,-66.71644,-36.02111
CCCCCCOC(=O)C(F)(F)F,LLM,-66.718506,-36.021492
NC1CN(Cc2c[nH]cn2)C=C(Br)S1,LLM,23.49582,13.394244
NC1CN(Cc2c[nH]cn2)C=C(Br)S1,LLM,23.49582,13.394244
N=c1scnc2cnccc12,LLM,67.66685,13.983083
N=c1scnc2cnccc12,LLM,67.66685,13.983083
CCOCCOCC,LLM,-43.63685,-19.136559
CCOCCOCC,LLM,-43.637886,-19.136894
Nc1cc(CSc2nncs2)no1,LLM,42.371258,31.622976
Nc1cc(CSc2nncs2)no1,LLM,42.371258,31.622976
CCCCCC(CN)=NO,LLM,-60.16972,-35.951397
CCCCCC(CN)=NO,LLM,-60.16972,-35.951397
O=C1CCC1=Nc1cccc(Cl)c1,LLM,49.57116,6.047953
O=C1CCC1=Nc1cccc(Cl)c1,LLM,49.571373,6.048023
C[SH](C)Cc1ccc2c(c1)N=CN=CC(F)=C2,LLM,54.400055,19.332933
C[SH](C)Cc1ccc2c(c1)N=CN=CC(F)=C2,LLM,54.400215,19.332485
NCc1ccc(OCc2cnncn2)s1,LLM,63.29522,14.2923155
NCc1ccc(OCc2cnncn2)s1,LLM,63.29522,14.2923155
CC(CN(C)C)NNC(N)=S,LLM,-30.16143,-12.824618
CC(CN(C)C)NNC(N)=S,LLM,-30.16146,-12.824845
C1CCC(C2CO2)CC1,LLM,1.2582458,22.221327
C1CCC(C2CO2)CC1,LLM,1.2583858,22.221334
CC1=NC=CN(C)C(NC(C)C(=O)O)=N1,LLM,15.071816,-41.00974
CC1=NC=CN(C)C(NC(C)C(=O)O)=N1,LLM,15.071816,-41.00974
C=C=C(C=C(C)C(C)C)CC(C)C,LLM,-55.394955,15.600421
C=C=C(C=C(C)C(C)C)CC(C)C,LLM,-55.394554,15.599684
C=C=C(C=C(C)C(C)C)CC(C)C,LLM,-55.394436,15.600436
CC12CCC(C1)C(C)(C)C2O,LLM,1.6614136,7.56926
CC12CCC(C1)C(C)(C)C2O,LLM,1.6614136,7.56926
CCCC(N)CCCC(=O)NO,LLM,-15.956199,-62.85025
CCCC(N)CCCC(=O)NO,LLM,-15.956765,-62.850166
CC1CN(c2ccccc2C=N)c2ccccc21,LLM,85.31808,-10.780053
CC1CN(c2ccccc2C=N)c2ccccc21,LLM,85.31792,-10.780027
Cc1ccc(O)c2cccc(O)c12,LLM,62.909218,-3.3492835
Cc1ccc(O)c2cccc(O)c12,LLM,62.909126,-3.3491676
CON=CC(C(=O)F)=C(C#N)Nc1nccs1,LLM,22.522797,-63.09853
CON=CC(C(=O)F)=C(C#N)Nc1nccs1,LLM,22.522797,-63.09853
CON=CC(C(=O)F)=C(C#N)Nc1nccs1,LLM,22.522797,-63.09853
N#CC(F)C(=O)O,LLM,-8.993066,-49.40073
N#CC(F)C(=O)O,LLM,-8.993059,-49.400696
CONC1=CN(C)C=CN1C,LLM,25.55482,8.048274
CONC1=CN(C)C=CN1C,LLM,25.554852,8.048224
NC(CNC(=O)c1cccs1)C(=S)Cl,LLM,53.945045,-42.514652
NC(CNC(=O)c1cccs1)C(=S)Cl,LLM,53.945045,-42.514652
C=CCNCc1ccc(O)c(O)c1,LLM,33.922684,-33.465443
C=CCNCc1ccc(O)c(O)c1,LLM,33.92268,-33.46556
CCCC(CC#N)(CCC)CCC,LLM,-52.465088,-12.581338
CCCC(CC#N)(CCC)CCC,LLM,-52.465137,-12.581262
CCC(N=C1CCCCC1)c1ccccc1O,LLM,57.85269,-20.186821
CCC(N=C1CCCCC1)c1ccccc1O,LLM,57.85269,-20.186821
CC(=O)C(C)(N)COP(=O)(O)OCB1CCCC(Br)C1,LLM,-13.514433,-27.440346
CC(=O)C(C)(N)COP(=O)(O)OCB1CCCC(Br)C1,LLM,-13.514433,-27.440346
SCCN1CC=CCC1,LLM,23.857895,56.40195
SCCN1CC=CCC1,LLM,23.857876,56.40204
CCC(N)C(=N)CCc1csc(=O)o1,LLM,-9.945168,-69.41945
CCC(N)C(=N)CCc1csc(=O)o1,LLM,-9.945168,-69.41945
COC(c1cnc(Br)o1)C1CNN1,LLM,23.9861,23.324413
COC(c1cnc(Br)o1)C1CNN1,LLM,23.9861,23.324413
O=C1COC(N2C(=O)C(=O)SC2=NO)C1,LLM,11.609636,3.0719948
O=C1COC(N2C(=O)C(=O)SC2=NO)C1,LLM,11.609636,3.0719948
CC(C)CN1CCC(c2ccccc2)N1,LLM,87.8684,-6.801724
CC(C)CN1CCC(c2ccccc2)N1,LLM,87.867836,-6.8012524
CCC(C)(O)c1ccc(Br)c(Cl)c1,LLM,22.345526,-24.896673
CCC(C)(O)c1ccc(Br)c(Cl)c1,LLM,22.345526,-24.896673
N#CSc1ccc(Cl)cc1Cl,LLM,51.32146,-7.936243
N#CSc1ccc(Cl)cc1Cl,LLM,51.32146,-7.936243
OCC1(O)NCC(Cl)C(Br)C1Br,LLM,-11.03458,25.241686
OCC1(O)NCC(Cl)C(Br)C1Br,LLM,-11.034767,25.24149
NCCCc1noc(CN2CCCC2)n1,LLM,38.603485,45.3127
NCCCc1noc(CN2CCCC2)n1,LLM,38.603485,45.3127
N#CC(CCN)c1cccc(F)c1,LLM,57.83235,25.481604
N#CC(CCN)c1cccc(F)c1,LLM,57.83235,25.481604
CON=CC(CN)CO,LLM,-30.610657,-0.043897487
CON=CC(CN)CO,LLM,-30.610657,-0.043897487
Cc1ccc(C=NN(C)C)cc1,LLM,43.315857,14.855646
Cc1ccc(C=NN(C)C)cc1,LLM,43.315857,14.855646
Cc1cc(OC(=O)Nc2nn[nH]n2)on1,LLM,20.711195,-45.791245
Cc1cc(OC(=O)Nc2nn[nH]n2)on1,LLM,20.711195,-45.791245
N=C(O)c1sc(F)c(CN)c1F,LLM,-17.52205,39.0879
N=C(O)c1sc(F)c(CN)c1F,LLM,-17.522284,39.08706
CCCCCCSC(=O)c1ccc(Cl)nc1,LLM,6.699594,-72.64019
CCCCCCSC(=O)c1ccc(Cl)nc1,LLM,6.699594,-72.64019
O=C(CCl)c1cnccn1,LLM,61.10779,-23.358826
O=C(CCl)c1cnccn1,LLM,61.10779,-23.358826
O=P(O)(CCBr)CCBr,LLM,-36.01357,-41.323864
O=P(O)(CCBr)CCBr,LLM,-36.0136,-41.32385
CCCC(=O)c1cccc(O)c1OC,LLM,28.875397,-37.349415
CCCC(=O)c1cccc(O)c1OC,LLM,28.875397,-37.349415
CSc1nc(Cl)c(S)c(Cl)c1CN,LLM,30.329447,-4.5236883
CSc1nc(Cl)c(S)c(Cl)c1CN,LLM,30.329447,-4.5236883
CCC(CC)c1cc(C)ncc1NC,LLM,23.101446,-11.298512
CCC(CC)c1cc(C)ncc1NC,LLM,23.100723,-11.298647
CCC(CC)c1cc(C)ncc1NC,LLM,23.101446,-11.298512
CCN(n1ccnc1)n1c(C)csc1=S,LLM,36.065773,6.6788054
CCN(n1ccnc1)n1c(C)csc1=S,LLM,36.065773,6.6788054
CSCCCCN,LLM,-17.820013,32.170044
CSCCCCN,LLM,-17.820452,32.169968
Cc1cnccc1CNCCCOC(=S)S,LLM,83.25617,17.590525
Cc1cnccc1CNCCCOC(=S)S,LLM,83.25617,17.590525
Cc1ccc(Cl)c(C(=O)O)c1Cl,LLM,37.685745,-53.726845
Cc1ccc(Cl)c(C(=O)O)c1Cl,LLM,37.682823,-53.72657
C(=Nc1cccnc1)Oc1ccccc1,LLM,74.43546,15.939516
C(=Nc1cccnc1)Oc1ccccc1,LLM,74.43435,15.940177
ClCC1NC1=Nc1ccc[nH]1,LLM,59.397324,-2.5329874
ClCC1NC1=Nc1ccc[nH]1,LLM,59.397335,-2.5328708
CC1=CC(=N)NN(C(CS)=NC(C)C)C1,LLM,9.296143,-9.590164
CC1=CC(=N)NN(C(CS)=NC(C)C)C1,LLM,9.296143,-9.590164
O=Cc1c(F)cccc1NC=NO,LLM,49.211823,-20.243752
O=Cc1c(F)cccc1NC=NO,LLM,49.211784,-20.243803
CC=CCC1C=NN=NCc2cccc(Br)c21,LLM,49.616665,52.973293
CC=CCC1C=NN=NCc2cccc(Br)c21,LLM,49.616665,52.973293
NCCCCC(=O)NC1=NOSC=C1,LLM,0.51584196,-62.87634
NCCCCC(=O)NC1=NOSC=C1,LLM,0.51584196,-62.87634
CCCCCC(O)C=NCC#N,LLM,-55.72958,-37.51864
CCCCCC(O)C=NCC#N,LLM,-55.72958,-37.51864
CC(=O)NC1(C)c2ccccc2C(CN)C1C#N,LLM,59.374348,-57.350117
CC(=O)NC1(C)c2ccccc2C(CN)C1C#N,LLM,59.374348,-57.350117
CCNC(=O)c1sc(Br)c(CC(C)N)c1Br,LLM,-20.395144,-64.050644
CCNC(=O)c1sc(Br)c(CC(C)N)c1Br,LLM,-20.395144,-64.050644
CCCSCc1nsc(Br)c1Br,LLM,-1.0014342,-71.56895
CCCSCc1nsc(Br)c1Br,LLM,-1.0014342,-71.56895
CCCSCc1nsc(Br)c1Br,LLM,-1.0014342,-71.56895
CCCCC1(O)CCCC(NC(C)=O)C1,LLM,-11.098361,-22.870306
CCCCC1(O)CCCC(NC(C)=O)C1,LLM,-11.098361,-22.870306
NC1c2ncccc2CC(O)C1C=O,LLM,81.255585,3.9170678
NC1c2ncccc2CC(O)C1C=O,LLM,81.255585,3.9170678
NC(=O)NNC(=S)S,LLM,-12.833439,-38.350388
NC(=O)NNC(=S)S,LLM,-12.833439,-38.350388
CCC1SCC(N)C(CO)S1,LLM,-10.8337145,5.932274
CCC1SCC(N)C(CO)S1,LLM,-10.8337145,5.932274
CCC(=N)Nc1nnn[nH]1,LLM,4.900464,-20.114643
CCC(=N)Nc1nnn[nH]1,LLM,4.900464,-20.114643
O=C(CS)c1c(O)cccc1S,LLM,38.609806,-31.45478
O=C(CS)c1c(O)cccc1S,LLM,38.60997,-31.454813
CCCCCCOCOCF,LLM,-66.360405,-28.108679
CCCCCCOCOCF,LLM,-66.34906,-28.111814
CN1CCCC(O)C(O)C1=O,LLM,15.058526,12.385372
CN1CCCC(O)C(O)C1=O,LLM,15.058526,12.385372
Nc1cc(-c2cnco2)no1,LLM,58.17265,12.630555
Nc1cc(-c2cnco2)no1,LLM,58.172523,12.63053
CSc1ccc(O)c(Cl)c1,LLM,45.56955,-8.677519
CSc1ccc(O)c(Cl)c1,LLM,45.5694,-8.677541
CC#CC=O,LLM,-66.15372,31.15359
CC#CC=O,LLM,-66.15356,31.153608
CC#CC=O,LLM,-66.153915,31.153713
NCOc1cc(C(N)C(=O)O)n[nH]1,LLM,-4.85832,-59.190983
NCOc1cc(C(N)C(=O)O)n[nH]1,LLM,-4.858901,-59.191093
NCOc1cc(C(N)C(=O)O)n[nH]1,LLM,-4.85832,-59.190983
N#CC(=O)N1CC2CNCC(C2)C1=S,LLM,-0.5769818,-27.294773
N#CC(=O)N1CC2CNCC(C2)C1=S,LLM,-0.5769818,-27.294773
CCCOc1cc(Cl)c2c(n1)SN(N)C(C)=C2,LLM,40.61938,1.0563253
CCCOc1cc(Cl)c2c(n1)SN(N)C(C)=C2,LLM,40.61938,1.0563253
NC(CC1CCCCN1)S1=CC=CN=C1,LLM,5.0581055,14.436497
NC(CC1CCCCN1)S1=CC=CN=C1,LLM,5.0581055,14.436497
NC(CC1CCCCN1)S1=CC=CN=C1,LLM,5.0581055,14.436497
CCCCC(CC)CO,LLM,-51.6864,-34.92794
CCCCC(CC)CO,LLM,-51.686653,-34.928074
NCC(CCC(=O)OC(=O)O)c1ccccc1,LLM,54.87161,-58.305893
NCC(CCC(=O)OC(=O)O)c1ccccc1,LLM,54.871998,-58.307323
CCCCCCNCCN,LLM,-73.92232,-19.358107
CCCCCCNCCN,LLM,-73.92232,-19.358107
N=C(NC(=O)CN)c1cccc(F)n1,LLM,51.039772,-36.450127
N=C(NC(=O)CN)c1cccc(F)n1,LLM,51.039772,-36.450127
CCOP(=O)(O)CCSC(=S)n1ccnc1,LLM,1.2704065,-57.806873
CCOP(=O)(O)CCSC(=S)n1ccnc1,LLM,1.2704065,-57.806873
CN=C(NC)C1N=NNC1C,LLM,-19.45594,17.979918
CN=C(NC)C1N=NNC1C,LLM,-19.45594,17.979918
CC(Cn1cnc2ncsc21)C(N)=O,LLM,16.357157,-38.38037
CC(Cn1cnc2ncsc21)C(N)=O,LLM,16.357157,-38.38037
COc1ccc(Cl)cc1C(I)C(=O)O,LLM,27.512405,-40.064568
COc1ccc(Cl)cc1C(I)C(=O)O,LLM,27.512405,-40.064568
Cc1ccc(C)n1CC(N)=NF,LLM,53.483128,-28.994848
Cc1ccc(C)n1CC(N)=NF,LLM,53.483128,-28.994848
CCCCCC(=O)S(N)=O,LLM,-61.786606,-40.32234
CCCCCC(=O)S(N)=O,LLM,-61.786606,-40.32234
N#CCCCNOC(=O)c1cccc(Br)c1,LLM,37.61328,-63.3062
N#CCCCNOC(=O)c1cccc(Br)c1,LLM,37.61328,-63.3062
CC(CN)[SH](CCC#N)Cc1c[nH]cn1,LLM,15.550513,-22.67219
CC(CN)[SH](CCC#N)Cc1c[nH]cn1,LLM,15.550513,-22.67219
Cc1cnc2oc(=O)ccc2c1C,LLM,37.761604,1.0686064
Cc1cnc2oc(=O)ccc2c1C,LLM,37.761604,1.0686064
CC(=O)C(=Cc1c[nH]cn1)CCCNN,LLM,10.299173,-26.5866
CC(=O)C(=Cc1c[nH]cn1)CCCNN,LLM,10.299173,-26.5866
CCCCCC(N)=O,LLM,-61.749405,-40.075554
CCCCCC(N)=O,LLM,-61.74932,-40.076035
COCc1nc(N)ccc1C,LLM,32.575226,-6.715098
COCc1nc(N)ccc1C,LLM,32.57521,-6.715104
Cc1cc(-c2cc(Cl)no2)on1,LLM,42.726265,3.397376
Cc1cc(-c2cc(Cl)no2)on1,LLM,42.72629,3.397424
Cc1cc(-c2nn[nH]n2)on1,LLM,38.607716,18.274855
Cc1cc(-c2nn[nH]n2)on1,LLM,38.607716,18.274855
O=C1OCC1c1c[nH]c2ccccc12,LLM,87.050026,-17.43013
O=C1OCC1c1c[nH]c2ccccc12,LLM,87.050026,-17.43013
CCS(=O)(=O)OCCCSCCOC,LLM,-41.5516,-34.13009
CCS(=O)(=O)OCCCSCCOC,LLM,-41.5516,-34.13009
NCC(O)C12CC1CC=C2O,LLM,9.070426,7.8274074
NCC(O)C12CC1CC=C2O,LLM,9.070426,7.8274074
COc1cccc(C2CCNCC2)c1,LLM,50.4627,28.574205
COc1cccc(C2CCNCC2)c1,LLM,50.4627,28.574205
Cc1nc2c3c(cccc3c1C)N2,LLM,62.979126,6.1616974
Cc1nc2c3c(cccc3c1C)N2,LLM,62.979458,6.161655
CON=CCCN1C(=O)C(C)(C)C1=O,LLM,-29.530294,72.46144
CON=CCCN1C(=O)C(C)(C)C1=O,LLM,-29.530294,72.46144
ON=CC(O)(Br)CCCBr,LLM,-31.255226,51.195057
ON=CC(O)(Br)CCCBr,LLM,-31.255226,51.195057
NCCCC(N)C(=O)O,LLM,-11.360308,-60.6584
NCCCC(N)C(=O)O,LLM,-11.360308,-60.6584
Cc1c(F)cccc1C(N)O,LLM,59.89316,-32.52658
Cc1c(F)cccc1C(N)O,LLM,59.89316,-32.52658
Oc1cccc(Cn2ccnc2)n1,LLM,67.12743,0.4243685
Oc1cccc(Cn2ccnc2)n1,LLM,67.128494,0.42444232
ON(c1ccccc1)c1ccccc1Cl,LLM,59.45551,-11.311234
ON(c1ccccc1)c1ccccc1Cl,LLM,59.454967,-11.311344
FC1CCC2(CC1Br)c1ccccc12,LLM,92.02975,-10.539202
FC1CCC2(CC1Br)c1ccccc12,LLM,92.02975,-10.539202
CNc1cccc(C(F)(F)F)c1,LLM,59.133564,-28.244421
CNc1cccc(C(F)(F)F)c1,LLM,59.133564,-28.244421
CCCCCCC=C(CCCl)C(N)=S,LLM,-57.453983,-35.348698
CCCCCCC=C(CCCl)C(N)=S,LLM,-57.45371,-35.349056
Cc1cccc(N2C=CNC=N2)c1C,LLM,62.56969,7.993972
Cc1cccc(N2C=CNC=N2)c1C,LLM,62.56969,7.993972
Cc1cccc(N2C=CNC=N2)c1C,LLM,62.56969,7.993972
CCCOCNN=C(CCC)NC(N)=O,LLM,-35.256454,-54.212776
CCCOCNN=C(CCC)NC(N)=O,LLM,-35.256454,-54.212776
CCCCCn1[nH]c(=O)ccc1=O,LLM,-22.866903,-22.910704
CCCCCn1[nH]c(=O)ccc1=O,LLM,-22.866903,-22.910704
NC(=S)Nc1c(Br)ccc2ncccc12,LLM,63.47094,0.23380336
NC(=S)Nc1c(Br)ccc2ncccc12,LLM,63.47094,0.23380336
C=CC(O)n1c(N)cnc1O,LLM,-19.439232,11.901225
C=CC(O)n1c(N)cnc1O,LLM,-19.439232,11.901225
CCC(C)(C)CCCCCN,LLM,-38.1406,-26.274488
CCC(C)(C)CCCCCN,LLM,-38.1406,-26.274488
Cc1[nH]ncc1CN,LLM,27.4588,-3.3260999
Cc1[nH]ncc1CN,LLM,27.458883,-3.3261237
COCCCCCCN=C=S,LLM,-28.34324,4.6166353
COCCCCCCN=C=S,LLM,-28.34324,4.6166353
CN=C1N=C(N2CCCC2)N=C1NC[SH]C,LLM,19.62492,8.214091
CN=C1N=C(N2CCCC2)N=C1NC[SH]C,LLM,19.625309,8.213864
Cc1ccc(NC(=N)NCC(Cl)Cl)c(Cl)c1Cl,LLM,43.816692,-29.212479
Cc1ccc(NC(=N)NCC(Cl)Cl)c(Cl)c1Cl,LLM,43.816692,-29.212479
CCC(C)(CCC(=O)O)NC(=O)c1bc(CC(C)C)ccc1,LLM,38.348557,-69.15237
CCC(C)(CCC(=O)O)NC(=O)c1bc(CC(C)C)ccc1,LLM,38.348557,-69.15237
CCCCCOCC=O,LLM,-83.52997,-7.2363815
CCCCCOCC=O,LLM,-83.530426,-7.2369256
O=CC=CSCC=NCCC=O,LLM,-62.608265,49.69408
O=CC=CSCC=NCCC=O,LLM,-62.609135,49.69416
Nc1ccc2onc(CS(N)(=O)=O)c2c1,LLM,56.43305,14.200916
Nc1ccc2onc(CS(N)(=O)=O)c2c1,LLM,56.43305,14.200916
CON=CC(N)(Cl)Cl,LLM,-20.354969,7.8319445
CON=CC(N)(Cl)Cl,LLM,-20.355236,7.8319125
Nc1ccc(CCC(O)C2=CCC2)[nH]1,LLM,21.300285,6.3345513
Nc1ccc(CCC(O)C2=CCC2)[nH]1,LLM,21.300285,6.3345513
CCCCCNCCCBr,LLM,-75.69699,-20.159874
CCCCCNCCCBr,LLM,-75.69699,-20.159874
C=C1CN2CCCC1C2,LLM,14.05264,18.583927
C=C1CN2CCCC1C2,LLM,14.05264,18.583927
NS(=O)(=O)c1ccc(CS)cc1,LLM,40.448174,-18.005291
NS(=O)(=O)c1ccc(CS)cc1,LLM,40.448174,-18.005291
CC(c1ccccc1)c1cccc(N)n1,LLM,73.44015,-28.007772
CC(c1ccccc1)c1cccc(N)n1,LLM,73.44025,-28.008196
O=c1cccc(Cc2cccnc2)o1,LLM,71.271065,20.464354
O=c1cccc(Cc2cccnc2)o1,LLM,71.271065,20.464354
C=CCC(S)CC1CCCCCCNC1=O,LLM,10.218097,12.214123
C=CCC(S)CC1CCCCCCNC1=O,LLM,10.218097,12.214123
CCCC(=NCc1cccs1)C(=O)OC,LLM,26.216007,-62.34457
CCCC(=NCc1cccs1)C(=O)OC,LLM,26.216007,-62.34457
NC1CCCS1,LLM,4.136849,19.11243
NC1CCCS1,LLM,4.136849,19.11243
CCCCCC(=O)COS[NH],LLM,-62.89461,-39.133873
CCCCCC(=O)COS[NH],LLM,-62.89461,-39.133873
Nc1nnc(O)c2ccccc12,LLM,67.53283,-3.3231995
Nc1nnc(O)c2ccccc12,LLM,67.53321,-3.3237047
OC=COc1ccc2c(c1)SN=NN2,LLM,63.753666,33.76479
OC=COc1ccc2c(c1)SN=NN2,LLM,63.753666,33.76479
CC1(O)CNC2=C(CSCC2)C1=O,LLM,3.6776533,-27.00778
CC1(O)CNC2=C(CSCC2)C1=O,LLM,3.6776533,-27.00778
OCCCCn1ncnn1,LLM,-26.213943,28.160131
OCCCCn1ncnn1,LLM,-26.213943,28.160131
CN1CCCC(C=C2NCCN2)C1,LLM,15.814546,16.115353
CN1CCCC(C=C2NCCN2)C1,LLM,15.814546,16.115353
CN1CCCC(C=C2NCCN2)C1,LLM,15.814546,16.115353
COc1cccc(C)c1,LLM,34.678463,-10.6453495
COc1cccc(C)c1,LLM,34.678463,-10.6453495
CCN(CCO)c1cc(F)c(Br)c(Br)c1Br,LLM,20.122356,-23.47396
CCN(CCO)c1cc(F)c(Br)c(Br)c1Br,LLM,20.122137,-23.472994
OCCCCCON=C1CN=CN1,LLM,-26.273483,26.10643
OCCCCCON=C1CN=CN1,LLM,-26.273483,26.10643
CCCCCC(=NO)OCCC,LLM,-63.18533,-34.530125
CCCCCC(=NO)OCCC,LLM,-63.18564,-34.52868
CCCCCCCCNCCO,LLM,-77.552155,-21.836246
CCCCCCCCNCCO,LLM,-77.552155,-21.836246
Cc1ccc2ccc3cnccc3c2c1S,LLM,67.27891,18.026262
Cc1ccc2ccc3cnccc3c2c1S,LLM,67.27891,18.026262
O=C(O)CCCCCNCC(O)CO,LLM,-13.611858,-46.730743
O=C(O)CCCCCNCC(O)CO,LLM,-13.611858,-46.730743
CC(=O)CCCC=CC#CC(C)(C)CCC(Cl)Cl,LLM,-45.799137,-49.482395
CC(=O)CCCC=CC#CC(C)(C)CCC(Cl)Cl,LLM,-45.799137,-49.482395
