Command line
python DeepDeltaSubsampledJustTrain.py
Args
{'activation': 'ReLU',
 'adding_h': False,
 'aggregation': 'sum',
 'aggregation_norm': 100,
 'atom_descriptor_scaling': True,
 'atom_descriptors': None,
 'atom_descriptors_path': None,
 'atom_descriptors_size': 0,
 'atom_features_size': 0,
 'atom_messages': False,
 'batch_size': 50,
 'bias': False,
 'bias_solvent': False,
 'bond_feature_scaling': True,
 'bond_features_path': None,
 'bond_features_size': 0,
 'cache_cutoff': 10000,
 'checkpoint_dir': None,
 'checkpoint_frzn': None,
 'checkpoint_path': None,
 'checkpoint_paths': None,
 'class_balance': False,
 'config_path': None,
 'crossval_index_dir': None,
 'crossval_index_file': None,
 'crossval_index_sets': None,
 'cuda': True,
 'data_path': '/tmp/tmpkis9eciz',
 'data_weights_path': None,
 'dataset_type': 'regression',
 'depth': 3,
 'depth_solvent': 3,
 'device': device(type='cuda'),
 'dropout': 0.0,
 'empty_cache': False,
 'ensemble_size': 1,
 'epochs': 5,
 'evidential_regularization': 0,
 'explicit_h': False,
 'extra_metrics': [],
 'features_generator': None,
 'features_only': False,
 'features_path': None,
 'features_scaling': True,
 'features_size': None,
 'ffn_hidden_size': 300,
 'ffn_num_layers': 2,
 'final_lr': 0.0001,
 'folds_file': None,
 'freeze_first_only': False,
 'frzn_ffn_layers': 0,
 'gpu': None,
 'grad_clip': None,
 'hidden_size': 300,
 'hidden_size_solvent': 300,
 'ignore_columns': None,
 'init_lr': 0.0001,
 'log_frequency': 10,
 'loss_function': 'mse',
 'max_data_size': None,
 'max_lr': 0.001,
 'metric': 'r2',
 'metrics': ['r2'],
 'minimize_score': False,
 'mpn_shared': False,
 'multiclass_num_classes': 3,
 'no_atom_descriptor_scaling': False,
 'no_bond_features_scaling': False,
 'no_cache_mol': False,
 'no_cuda': False,
 'no_features_scaling': False,
 'num_folds': 1,
 'num_lrs': 1,
 'num_tasks': 1,
 'num_workers': 8,
 'number_of_molecules': 2,
 'overwrite_default_atom_features': False,
 'overwrite_default_bond_features': False,
 'phase_features_path': None,
 'pytorch_seed': 0,
 'quiet': False,
 'reaction': False,
 'reaction_mode': 'reac_diff',
 'reaction_solvent': False,
 'resume_experiment': False,
 'save_dir': 'Lipophilicity_no_prodrugs_trained_model',
 'save_preds': False,
 'save_smiles_splits': False,
 'seed': 0,
 'separate_test_atom_descriptors_path': None,
 'separate_test_bond_features_path': None,
 'separate_test_features_path': None,
 'separate_test_path': None,
 'separate_test_phase_features_path': None,
 'separate_val_atom_descriptors_path': None,
 'separate_val_bond_features_path': None,
 'separate_val_features_path': None,
 'separate_val_path': '/tmp/tmpkis9eciz',
 'separate_val_phase_features_path': None,
 'show_individual_scores': False,
 'smiles_columns': ['SMILES_x', 'SMILES_y'],
 'spectra_activation': 'exp',
 'spectra_phase_mask_path': None,
 'spectra_target_floor': 1e-08,
 'split_key_molecule': 0,
 'split_sizes': [1.0, 0.0, 0.0],
 'split_type': 'random',
 'target_columns': None,
 'target_weights': None,
 'task_names': ['Y'],
 'test': False,
 'test_fold_index': None,
 'train_data_size': None,
 'undirected': False,
 'use_input_features': False,
 'val_fold_index': None,
 'warmup_epochs': 2.0}
Setting molecule featurization parameters to default.
Loading data
Number of tasks = 1
Fold 0
Splitting data with seed 0
Total size = 998,172 | train size = 998,172 | val size = 998,172 | test size = 0
The test data split is empty. This may be either because splitting with no test set was selected,             such as with `cv-no-test`, or because test data provided with `--separate_test_path` was empty or contained only invalid molecules.             Performance on the test set will not be evaluated and metric scores will return `nan` for each task.
Fitting scaler
Building model 0
MoleculeModel(
  (encoder): MPN(
    (encoder): ModuleList(
      (0): MPNEncoder(
        (dropout_layer): Dropout(p=0.0, inplace=False)
        (act_func): ReLU()
        (W_i): Linear(in_features=147, out_features=300, bias=False)
        (W_h): Linear(in_features=300, out_features=300, bias=False)
        (W_o): Linear(in_features=433, out_features=300, bias=True)
      )
      (1): MPNEncoder(
        (dropout_layer): Dropout(p=0.0, inplace=False)
        (act_func): ReLU()
        (W_i): Linear(in_features=147, out_features=300, bias=False)
        (W_h): Linear(in_features=300, out_features=300, bias=False)
        (W_o): Linear(in_features=433, out_features=300, bias=True)
      )
    )
  )
  (ffn): Sequential(
    (0): Dropout(p=0.0, inplace=False)
    (1): Linear(in_features=600, out_features=300, bias=True)
    (2): ReLU()
    (3): Dropout(p=0.0, inplace=False)
    (4): Linear(in_features=300, out_features=1, bias=True)
  )
)
Number of parameters = 709,801
Moving model to cuda
Epoch 0
Loss = 2.2079e+01, PNorm = 45.8385, GNorm = 313.2677, lr_0 = 1.0025e-04
Loss = 7.9661e+00, PNorm = 45.8384, GNorm = 1160.2880, lr_0 = 1.0047e-04
Loss = 3.9940e+00, PNorm = 45.8385, GNorm = 1130.7818, lr_0 = 1.0070e-04
Loss = 2.0456e+00, PNorm = 45.8384, GNorm = 565.8191, lr_0 = 1.0092e-04
Loss = 1.7604e+00, PNorm = 45.8384, GNorm = 286.5579, lr_0 = 1.0115e-04
Loss = 1.4876e+00, PNorm = 45.8384, GNorm = 101.5057, lr_0 = 1.0138e-04
Loss = 1.2299e+00, PNorm = 45.8384, GNorm = 109.5109, lr_0 = 1.0160e-04
Loss = 1.0985e+00, PNorm = 45.8385, GNorm = 77.7485, lr_0 = 1.0183e-04
Loss = 1.1442e+00, PNorm = 45.8387, GNorm = 118.4496, lr_0 = 1.0205e-04
Loss = 1.1747e+00, PNorm = 45.8389, GNorm = 69.5934, lr_0 = 1.0228e-04
Loss = 1.1730e+00, PNorm = 45.8391, GNorm = 162.0234, lr_0 = 1.0250e-04
Loss = 9.9321e-01, PNorm = 45.8394, GNorm = 136.9132, lr_0 = 1.0273e-04
Loss = 1.0084e+00, PNorm = 45.8398, GNorm = 137.6314, lr_0 = 1.0295e-04
Loss = 9.0915e-01, PNorm = 45.8401, GNorm = 280.1015, lr_0 = 1.0318e-04
Loss = 1.0083e+00, PNorm = 45.8405, GNorm = 175.1114, lr_0 = 1.0340e-04
Loss = 8.9506e-01, PNorm = 45.8409, GNorm = 51.2914, lr_0 = 1.0363e-04
Loss = 8.4205e-01, PNorm = 45.8413, GNorm = 38.5510, lr_0 = 1.0385e-04
Loss = 8.9643e-01, PNorm = 45.8415, GNorm = 157.6300, lr_0 = 1.0408e-04
Loss = 8.3757e-01, PNorm = 45.8418, GNorm = 243.8098, lr_0 = 1.0431e-04
Loss = 8.9470e-01, PNorm = 45.8422, GNorm = 288.6273, lr_0 = 1.0453e-04
Loss = 8.9051e-01, PNorm = 45.8426, GNorm = 213.5077, lr_0 = 1.0476e-04
Loss = 8.7600e-01, PNorm = 45.8431, GNorm = 399.8608, lr_0 = 1.0498e-04
Loss = 7.6900e-01, PNorm = 45.8435, GNorm = 47.9952, lr_0 = 1.0521e-04
Loss = 9.2959e-01, PNorm = 45.8439, GNorm = 282.8302, lr_0 = 1.0543e-04
Loss = 8.2916e-01, PNorm = 45.8443, GNorm = 86.5074, lr_0 = 1.0566e-04
Loss = 8.0218e-01, PNorm = 45.8448, GNorm = 118.2646, lr_0 = 1.0588e-04
Loss = 7.3091e-01, PNorm = 45.8454, GNorm = 136.7196, lr_0 = 1.0611e-04
Loss = 7.5736e-01, PNorm = 45.8459, GNorm = 183.8384, lr_0 = 1.0633e-04
Loss = 8.1424e-01, PNorm = 45.8465, GNorm = 123.7284, lr_0 = 1.0656e-04
Loss = 7.8292e-01, PNorm = 45.8471, GNorm = 302.2459, lr_0 = 1.0679e-04
Loss = 7.4042e-01, PNorm = 45.8477, GNorm = 237.4593, lr_0 = 1.0701e-04
Loss = 7.5785e-01, PNorm = 45.8484, GNorm = 58.3545, lr_0 = 1.0724e-04
Loss = 7.1047e-01, PNorm = 45.8490, GNorm = 46.4127, lr_0 = 1.0746e-04
Loss = 7.4905e-01, PNorm = 45.8496, GNorm = 257.2292, lr_0 = 1.0769e-04
Loss = 1.0002e+00, PNorm = 45.8502, GNorm = 248.3232, lr_0 = 1.0791e-04
Loss = 7.5755e-01, PNorm = 45.8508, GNorm = 209.9930, lr_0 = 1.0814e-04
Loss = 8.1429e-01, PNorm = 45.8514, GNorm = 401.4260, lr_0 = 1.0836e-04
Loss = 8.9017e-01, PNorm = 45.8521, GNorm = 171.0654, lr_0 = 1.0859e-04
Loss = 9.5161e-01, PNorm = 45.8529, GNorm = 358.9001, lr_0 = 1.0881e-04
Loss = 7.6427e-01, PNorm = 45.8537, GNorm = 36.8416, lr_0 = 1.0904e-04
Loss = 6.7363e-01, PNorm = 45.8544, GNorm = 28.4939, lr_0 = 1.0926e-04
Loss = 6.6910e-01, PNorm = 45.8552, GNorm = 89.9716, lr_0 = 1.0949e-04
Loss = 6.3780e-01, PNorm = 45.8558, GNorm = 141.5631, lr_0 = 1.0972e-04
Loss = 7.5798e-01, PNorm = 45.8566, GNorm = 100.0888, lr_0 = 1.0994e-04
Loss = 7.2848e-01, PNorm = 45.8574, GNorm = 342.6938, lr_0 = 1.1017e-04
Loss = 8.0256e-01, PNorm = 45.8582, GNorm = 120.6952, lr_0 = 1.1039e-04
Loss = 6.9549e-01, PNorm = 45.8592, GNorm = 93.5120, lr_0 = 1.1062e-04
Loss = 6.7433e-01, PNorm = 45.8601, GNorm = 29.8108, lr_0 = 1.1084e-04
Loss = 7.7139e-01, PNorm = 45.8613, GNorm = 231.4757, lr_0 = 1.1107e-04
Loss = 6.7385e-01, PNorm = 45.8622, GNorm = 52.5733, lr_0 = 1.1129e-04
Loss = 6.5227e-01, PNorm = 45.8632, GNorm = 62.1860, lr_0 = 1.1152e-04
Loss = 6.7514e-01, PNorm = 45.8642, GNorm = 164.3273, lr_0 = 1.1174e-04
Loss = 7.3731e-01, PNorm = 45.8652, GNorm = 121.7469, lr_0 = 1.1197e-04
Loss = 6.6811e-01, PNorm = 45.8662, GNorm = 340.3090, lr_0 = 1.1220e-04
Loss = 7.8226e-01, PNorm = 45.8673, GNorm = 212.1178, lr_0 = 1.1242e-04
Loss = 5.9208e-01, PNorm = 45.8684, GNorm = 36.9929, lr_0 = 1.1265e-04
Loss = 5.5208e-01, PNorm = 45.8694, GNorm = 45.7920, lr_0 = 1.1287e-04
Loss = 6.0991e-01, PNorm = 45.8705, GNorm = 109.2613, lr_0 = 1.1310e-04
Loss = 8.5533e-01, PNorm = 45.8714, GNorm = 211.2851, lr_0 = 1.1332e-04
Loss = 6.7749e-01, PNorm = 45.8726, GNorm = 23.7385, lr_0 = 1.1355e-04
Loss = 5.7896e-01, PNorm = 45.8736, GNorm = 168.6661, lr_0 = 1.1377e-04
Loss = 5.9893e-01, PNorm = 45.8746, GNorm = 142.1463, lr_0 = 1.1400e-04
Loss = 5.9075e-01, PNorm = 45.8757, GNorm = 190.0192, lr_0 = 1.1422e-04
Loss = 7.5471e-01, PNorm = 45.8768, GNorm = 74.7492, lr_0 = 1.1445e-04
Loss = 6.0614e-01, PNorm = 45.8781, GNorm = 84.3669, lr_0 = 1.1467e-04
Loss = 5.4031e-01, PNorm = 45.8793, GNorm = 135.5025, lr_0 = 1.1490e-04
Loss = 6.0714e-01, PNorm = 45.8806, GNorm = 84.4196, lr_0 = 1.1513e-04
Loss = 6.6789e-01, PNorm = 45.8819, GNorm = 176.8521, lr_0 = 1.1535e-04
Loss = 6.8583e-01, PNorm = 45.8829, GNorm = 212.5688, lr_0 = 1.1558e-04
Loss = 6.0552e-01, PNorm = 45.8840, GNorm = 86.1849, lr_0 = 1.1580e-04
Loss = 6.7348e-01, PNorm = 45.8852, GNorm = 443.8535, lr_0 = 1.1603e-04
Loss = 6.8867e-01, PNorm = 45.8865, GNorm = 211.2565, lr_0 = 1.1625e-04
Loss = 7.6344e-01, PNorm = 45.8879, GNorm = 349.1385, lr_0 = 1.1648e-04
Loss = 7.1437e-01, PNorm = 45.8892, GNorm = 362.8870, lr_0 = 1.1670e-04
Loss = 7.2662e-01, PNorm = 45.8905, GNorm = 208.3442, lr_0 = 1.1693e-04
Loss = 6.1048e-01, PNorm = 45.8918, GNorm = 24.9877, lr_0 = 1.1715e-04
Loss = 5.2941e-01, PNorm = 45.8931, GNorm = 228.7883, lr_0 = 1.1738e-04
Loss = 8.2213e-01, PNorm = 45.8942, GNorm = 108.4211, lr_0 = 1.1761e-04
Loss = 8.2561e-01, PNorm = 45.8952, GNorm = 438.7149, lr_0 = 1.1783e-04
Loss = 9.8032e-01, PNorm = 45.8963, GNorm = 421.2646, lr_0 = 1.1806e-04
Loss = 5.7968e-01, PNorm = 45.8973, GNorm = 116.6976, lr_0 = 1.1828e-04
Loss = 6.7560e-01, PNorm = 45.8985, GNorm = 284.1841, lr_0 = 1.1851e-04
Loss = 7.3140e-01, PNorm = 45.8996, GNorm = 346.6265, lr_0 = 1.1873e-04
Loss = 5.0720e-01, PNorm = 45.9008, GNorm = 167.0621, lr_0 = 1.1896e-04
Loss = 4.9432e-01, PNorm = 45.9020, GNorm = 91.1554, lr_0 = 1.1918e-04
Loss = 5.0958e-01, PNorm = 45.9034, GNorm = 103.7076, lr_0 = 1.1941e-04
Loss = 5.5613e-01, PNorm = 45.9047, GNorm = 96.7358, lr_0 = 1.1963e-04
Loss = 5.4759e-01, PNorm = 45.9059, GNorm = 65.3038, lr_0 = 1.1986e-04
Loss = 5.6958e-01, PNorm = 45.9069, GNorm = 60.8558, lr_0 = 1.2008e-04
Loss = 7.5648e-01, PNorm = 45.9080, GNorm = 227.7776, lr_0 = 1.2031e-04
Loss = 5.6139e-01, PNorm = 45.9091, GNorm = 352.4621, lr_0 = 1.2054e-04
Loss = 6.8228e-01, PNorm = 45.9105, GNorm = 70.9838, lr_0 = 1.2076e-04
Loss = 5.1835e-01, PNorm = 45.9116, GNorm = 31.7390, lr_0 = 1.2099e-04
Loss = 4.4909e-01, PNorm = 45.9126, GNorm = 41.0884, lr_0 = 1.2121e-04
Loss = 4.6947e-01, PNorm = 45.9135, GNorm = 192.9397, lr_0 = 1.2144e-04
Loss = 5.1808e-01, PNorm = 45.9148, GNorm = 273.3884, lr_0 = 1.2166e-04
Loss = 5.7021e-01, PNorm = 45.9161, GNorm = 64.8351, lr_0 = 1.2189e-04
Loss = 4.8446e-01, PNorm = 45.9174, GNorm = 49.3040, lr_0 = 1.2211e-04
Loss = 4.6936e-01, PNorm = 45.9188, GNorm = 180.8086, lr_0 = 1.2234e-04
Loss = 5.3448e-01, PNorm = 45.9200, GNorm = 127.1283, lr_0 = 1.2256e-04
Loss = 5.0813e-01, PNorm = 45.9211, GNorm = 161.4812, lr_0 = 1.2279e-04
Loss = 5.9988e-01, PNorm = 45.9222, GNorm = 133.8360, lr_0 = 1.2302e-04
Loss = 7.9778e-01, PNorm = 45.9236, GNorm = 528.8292, lr_0 = 1.2324e-04
Loss = 8.8502e-01, PNorm = 45.9251, GNorm = 33.7569, lr_0 = 1.2347e-04
Loss = 6.1080e-01, PNorm = 45.9264, GNorm = 151.6030, lr_0 = 1.2369e-04
Loss = 5.1541e-01, PNorm = 45.9278, GNorm = 94.8525, lr_0 = 1.2392e-04
Loss = 4.3395e-01, PNorm = 45.9291, GNorm = 52.8417, lr_0 = 1.2414e-04
Loss = 5.3578e-01, PNorm = 45.9306, GNorm = 230.2534, lr_0 = 1.2437e-04
Loss = 5.3392e-01, PNorm = 45.9319, GNorm = 53.0885, lr_0 = 1.2459e-04
Loss = 5.2586e-01, PNorm = 45.9331, GNorm = 85.0852, lr_0 = 1.2482e-04
Loss = 5.5239e-01, PNorm = 45.9345, GNorm = 84.5602, lr_0 = 1.2504e-04
Loss = 7.4535e-01, PNorm = 45.9361, GNorm = 447.2908, lr_0 = 1.2527e-04
Loss = 7.0833e-01, PNorm = 45.9374, GNorm = 130.3326, lr_0 = 1.2549e-04
Loss = 6.2963e-01, PNorm = 45.9383, GNorm = 195.2651, lr_0 = 1.2572e-04
Loss = 5.0149e-01, PNorm = 45.9393, GNorm = 51.3117, lr_0 = 1.2595e-04
Loss = 5.1850e-01, PNorm = 45.9406, GNorm = 16.2533, lr_0 = 1.2617e-04
Loss = 4.8181e-01, PNorm = 45.9419, GNorm = 123.8981, lr_0 = 1.2640e-04
Loss = 4.2750e-01, PNorm = 45.9433, GNorm = 15.5624, lr_0 = 1.2662e-04
Loss = 4.4874e-01, PNorm = 45.9447, GNorm = 23.6935, lr_0 = 1.2685e-04
Loss = 4.3709e-01, PNorm = 45.9464, GNorm = 34.6233, lr_0 = 1.2707e-04
Loss = 4.8316e-01, PNorm = 45.9477, GNorm = 140.2751, lr_0 = 1.2730e-04
Loss = 5.1535e-01, PNorm = 45.9491, GNorm = 43.3922, lr_0 = 1.2752e-04
Loss = 5.2111e-01, PNorm = 45.9506, GNorm = 297.6786, lr_0 = 1.2775e-04
Loss = 4.9266e-01, PNorm = 45.9523, GNorm = 258.5745, lr_0 = 1.2797e-04
Loss = 4.5955e-01, PNorm = 45.9537, GNorm = 32.3760, lr_0 = 1.2820e-04
Loss = 4.2665e-01, PNorm = 45.9553, GNorm = 53.9166, lr_0 = 1.2843e-04
Loss = 4.0483e-01, PNorm = 45.9564, GNorm = 55.9785, lr_0 = 1.2865e-04
Loss = 5.3635e-01, PNorm = 45.9579, GNorm = 178.5804, lr_0 = 1.2888e-04
Loss = 4.4935e-01, PNorm = 45.9597, GNorm = 36.4886, lr_0 = 1.2910e-04
Loss = 4.6045e-01, PNorm = 45.9615, GNorm = 59.9614, lr_0 = 1.2933e-04
Loss = 4.4688e-01, PNorm = 45.9633, GNorm = 237.0642, lr_0 = 1.2955e-04
Loss = 7.0122e-01, PNorm = 45.9647, GNorm = 388.4241, lr_0 = 1.2978e-04
Loss = 8.0177e-01, PNorm = 45.9661, GNorm = 341.3652, lr_0 = 1.3000e-04
Loss = 5.0191e-01, PNorm = 45.9676, GNorm = 21.7460, lr_0 = 1.3023e-04
Loss = 4.7575e-01, PNorm = 45.9689, GNorm = 87.4729, lr_0 = 1.3045e-04
Loss = 8.5745e-01, PNorm = 45.9700, GNorm = 67.5538, lr_0 = 1.3068e-04
Loss = 7.4329e-01, PNorm = 45.9710, GNorm = 312.4077, lr_0 = 1.3090e-04
Loss = 7.2426e-01, PNorm = 45.9717, GNorm = 229.2308, lr_0 = 1.3113e-04
Loss = 5.3500e-01, PNorm = 45.9728, GNorm = 172.5926, lr_0 = 1.3136e-04
Loss = 4.9936e-01, PNorm = 45.9742, GNorm = 39.2883, lr_0 = 1.3158e-04
Loss = 4.2577e-01, PNorm = 45.9755, GNorm = 122.6451, lr_0 = 1.3181e-04
Loss = 4.7587e-01, PNorm = 45.9768, GNorm = 132.0680, lr_0 = 1.3203e-04
Loss = 4.5948e-01, PNorm = 45.9783, GNorm = 227.3005, lr_0 = 1.3226e-04
Loss = 5.3201e-01, PNorm = 45.9795, GNorm = 248.1842, lr_0 = 1.3248e-04
Loss = 6.6085e-01, PNorm = 45.9805, GNorm = 20.5308, lr_0 = 1.3271e-04
Loss = 4.1254e-01, PNorm = 45.9816, GNorm = 23.8500, lr_0 = 1.3293e-04
Loss = 3.7450e-01, PNorm = 45.9828, GNorm = 60.1809, lr_0 = 1.3316e-04
Loss = 3.8355e-01, PNorm = 45.9843, GNorm = 56.1279, lr_0 = 1.3338e-04
Loss = 4.1251e-01, PNorm = 45.9855, GNorm = 169.4299, lr_0 = 1.3361e-04
Loss = 4.5010e-01, PNorm = 45.9868, GNorm = 29.0394, lr_0 = 1.3384e-04
Loss = 4.6179e-01, PNorm = 45.9880, GNorm = 85.7252, lr_0 = 1.3406e-04
Loss = 3.8418e-01, PNorm = 45.9892, GNorm = 33.8619, lr_0 = 1.3429e-04
Loss = 4.6135e-01, PNorm = 45.9905, GNorm = 18.8259, lr_0 = 1.3451e-04
Loss = 4.0487e-01, PNorm = 45.9919, GNorm = 161.1014, lr_0 = 1.3474e-04
Loss = 4.2013e-01, PNorm = 45.9935, GNorm = 35.6709, lr_0 = 1.3496e-04
Loss = 4.6110e-01, PNorm = 45.9950, GNorm = 18.0506, lr_0 = 1.3519e-04
Loss = 5.0535e-01, PNorm = 45.9964, GNorm = 37.1043, lr_0 = 1.3541e-04
Loss = 5.8040e-01, PNorm = 45.9978, GNorm = 125.8282, lr_0 = 1.3564e-04
Loss = 4.2814e-01, PNorm = 45.9990, GNorm = 231.5628, lr_0 = 1.3586e-04
Loss = 5.3157e-01, PNorm = 46.0004, GNorm = 311.2369, lr_0 = 1.3609e-04
Loss = 6.4190e-01, PNorm = 46.0018, GNorm = 385.7991, lr_0 = 1.3631e-04
Loss = 5.8843e-01, PNorm = 46.0031, GNorm = 54.1744, lr_0 = 1.3654e-04
Loss = 6.2311e-01, PNorm = 46.0044, GNorm = 74.0860, lr_0 = 1.3677e-04
Loss = 3.8566e-01, PNorm = 46.0059, GNorm = 114.5150, lr_0 = 1.3699e-04
Loss = 4.3165e-01, PNorm = 46.0078, GNorm = 234.9213, lr_0 = 1.3722e-04
Loss = 5.0124e-01, PNorm = 46.0090, GNorm = 18.1630, lr_0 = 1.3744e-04
Loss = 4.7747e-01, PNorm = 46.0104, GNorm = 98.6406, lr_0 = 1.3767e-04
Loss = 4.6531e-01, PNorm = 46.0118, GNorm = 155.1046, lr_0 = 1.3789e-04
Loss = 4.1361e-01, PNorm = 46.0134, GNorm = 16.6504, lr_0 = 1.3812e-04
Loss = 3.5963e-01, PNorm = 46.0151, GNorm = 23.7951, lr_0 = 1.3834e-04
Loss = 4.2519e-01, PNorm = 46.0168, GNorm = 114.4302, lr_0 = 1.3857e-04
Loss = 3.8334e-01, PNorm = 46.0183, GNorm = 114.4439, lr_0 = 1.3879e-04
Loss = 4.1412e-01, PNorm = 46.0198, GNorm = 83.0034, lr_0 = 1.3902e-04
Loss = 3.5675e-01, PNorm = 46.0214, GNorm = 34.5438, lr_0 = 1.3925e-04
Loss = 4.1354e-01, PNorm = 46.0227, GNorm = 169.8354, lr_0 = 1.3947e-04
Loss = 3.6763e-01, PNorm = 46.0243, GNorm = 42.8700, lr_0 = 1.3970e-04
Loss = 3.6319e-01, PNorm = 46.0261, GNorm = 171.4281, lr_0 = 1.3992e-04
Loss = 3.8099e-01, PNorm = 46.0280, GNorm = 127.1411, lr_0 = 1.4015e-04
Loss = 4.2485e-01, PNorm = 46.0298, GNorm = 46.2253, lr_0 = 1.4037e-04
Loss = 4.1538e-01, PNorm = 46.0317, GNorm = 130.6970, lr_0 = 1.4060e-04
Loss = 8.1959e-01, PNorm = 46.0333, GNorm = 110.2350, lr_0 = 1.4082e-04
Loss = 6.2785e-01, PNorm = 46.0345, GNorm = 191.9901, lr_0 = 1.4105e-04
Loss = 3.6302e-01, PNorm = 46.0361, GNorm = 47.4554, lr_0 = 1.4127e-04
Loss = 3.7007e-01, PNorm = 46.0378, GNorm = 118.7413, lr_0 = 1.4150e-04
Loss = 4.0002e-01, PNorm = 46.0396, GNorm = 26.5511, lr_0 = 1.4172e-04
Loss = 3.6714e-01, PNorm = 46.0415, GNorm = 129.9411, lr_0 = 1.4195e-04
Loss = 4.0936e-01, PNorm = 46.0433, GNorm = 56.1343, lr_0 = 1.4218e-04
Loss = 3.8126e-01, PNorm = 46.0452, GNorm = 169.2748, lr_0 = 1.4240e-04
Loss = 4.8793e-01, PNorm = 46.0466, GNorm = 152.8408, lr_0 = 1.4263e-04
Loss = 4.3191e-01, PNorm = 46.0483, GNorm = 36.0305, lr_0 = 1.4285e-04
Loss = 3.9260e-01, PNorm = 46.0498, GNorm = 84.0660, lr_0 = 1.4308e-04
Loss = 4.3200e-01, PNorm = 46.0511, GNorm = 170.6933, lr_0 = 1.4330e-04
Loss = 3.4951e-01, PNorm = 46.0523, GNorm = 164.0012, lr_0 = 1.4353e-04
Loss = 3.1330e-01, PNorm = 46.0537, GNorm = 25.6074, lr_0 = 1.4375e-04
Loss = 3.4681e-01, PNorm = 46.0553, GNorm = 17.1783, lr_0 = 1.4398e-04
Loss = 3.7390e-01, PNorm = 46.0573, GNorm = 233.6338, lr_0 = 1.4420e-04
Loss = 4.6246e-01, PNorm = 46.0588, GNorm = 95.1946, lr_0 = 1.4443e-04
Loss = 6.4784e-01, PNorm = 46.0608, GNorm = 139.9442, lr_0 = 1.4466e-04
Loss = 6.7715e-01, PNorm = 46.0625, GNorm = 364.9527, lr_0 = 1.4488e-04
Loss = 4.5187e-01, PNorm = 46.0640, GNorm = 59.6346, lr_0 = 1.4511e-04
Loss = 4.8691e-01, PNorm = 46.0656, GNorm = 140.4882, lr_0 = 1.4533e-04
Loss = 4.6827e-01, PNorm = 46.0670, GNorm = 21.2064, lr_0 = 1.4556e-04
Loss = 3.6068e-01, PNorm = 46.0683, GNorm = 22.3262, lr_0 = 1.4578e-04
Loss = 4.5740e-01, PNorm = 46.0699, GNorm = 128.3078, lr_0 = 1.4601e-04
Loss = 4.2775e-01, PNorm = 46.0712, GNorm = 221.2789, lr_0 = 1.4623e-04
Loss = 3.8688e-01, PNorm = 46.0725, GNorm = 244.6694, lr_0 = 1.4646e-04
Loss = 6.9543e-01, PNorm = 46.0738, GNorm = 171.6896, lr_0 = 1.4668e-04
Loss = 5.2002e-01, PNorm = 46.0752, GNorm = 81.8707, lr_0 = 1.4691e-04
Loss = 3.2924e-01, PNorm = 46.0763, GNorm = 76.5354, lr_0 = 1.4713e-04
Loss = 3.5678e-01, PNorm = 46.0778, GNorm = 101.6673, lr_0 = 1.4736e-04
Loss = 3.2362e-01, PNorm = 46.0793, GNorm = 17.0858, lr_0 = 1.4759e-04
Loss = 4.2526e-01, PNorm = 46.0808, GNorm = 173.3858, lr_0 = 1.4781e-04
Loss = 5.2506e-01, PNorm = 46.0822, GNorm = 180.7243, lr_0 = 1.4804e-04
Loss = 5.9658e-01, PNorm = 46.0837, GNorm = 230.2216, lr_0 = 1.4826e-04
Loss = 6.9260e-01, PNorm = 46.0853, GNorm = 20.6517, lr_0 = 1.4849e-04
Loss = 5.6817e-01, PNorm = 46.0870, GNorm = 225.3428, lr_0 = 1.4871e-04
Loss = 4.9033e-01, PNorm = 46.0888, GNorm = 221.9099, lr_0 = 1.4894e-04
Loss = 5.2731e-01, PNorm = 46.0904, GNorm = 210.5492, lr_0 = 1.4916e-04
Loss = 5.3869e-01, PNorm = 46.0923, GNorm = 33.1038, lr_0 = 1.4939e-04
Loss = 3.5521e-01, PNorm = 46.0943, GNorm = 66.4693, lr_0 = 1.4961e-04
Loss = 3.4896e-01, PNorm = 46.0961, GNorm = 100.9467, lr_0 = 1.4984e-04
Loss = 3.2968e-01, PNorm = 46.0982, GNorm = 99.8211, lr_0 = 1.5007e-04
Loss = 4.4994e-01, PNorm = 46.0999, GNorm = 218.5591, lr_0 = 1.5029e-04
Loss = 4.7084e-01, PNorm = 46.1012, GNorm = 40.2328, lr_0 = 1.5052e-04
Loss = 4.4316e-01, PNorm = 46.1020, GNorm = 240.7190, lr_0 = 1.5074e-04
Loss = 4.7074e-01, PNorm = 46.1037, GNorm = 84.2629, lr_0 = 1.5097e-04
Loss = 3.7874e-01, PNorm = 46.1054, GNorm = 30.6238, lr_0 = 1.5119e-04
Loss = 3.5703e-01, PNorm = 46.1070, GNorm = 35.2308, lr_0 = 1.5142e-04
Loss = 4.5737e-01, PNorm = 46.1087, GNorm = 275.4024, lr_0 = 1.5164e-04
Loss = 3.5345e-01, PNorm = 46.1105, GNorm = 70.0164, lr_0 = 1.5187e-04
Loss = 3.6927e-01, PNorm = 46.1123, GNorm = 120.2679, lr_0 = 1.5209e-04
Loss = 2.9622e-01, PNorm = 46.1140, GNorm = 61.3048, lr_0 = 1.5232e-04
Loss = 3.5981e-01, PNorm = 46.1156, GNorm = 186.6047, lr_0 = 1.5254e-04
Loss = 3.5255e-01, PNorm = 46.1172, GNorm = 123.2206, lr_0 = 1.5277e-04
Loss = 3.2207e-01, PNorm = 46.1189, GNorm = 24.2098, lr_0 = 1.5300e-04
Loss = 3.7853e-01, PNorm = 46.1204, GNorm = 78.7292, lr_0 = 1.5322e-04
Loss = 4.1681e-01, PNorm = 46.1215, GNorm = 13.6705, lr_0 = 1.5345e-04
Loss = 3.5842e-01, PNorm = 46.1227, GNorm = 176.2642, lr_0 = 1.5367e-04
Loss = 4.3543e-01, PNorm = 46.1243, GNorm = 135.0560, lr_0 = 1.5390e-04
Loss = 5.3549e-01, PNorm = 46.1256, GNorm = 317.8614, lr_0 = 1.5412e-04
Loss = 4.3559e-01, PNorm = 46.1273, GNorm = 26.3419, lr_0 = 1.5435e-04
Loss = 3.3090e-01, PNorm = 46.1289, GNorm = 24.0752, lr_0 = 1.5457e-04
Loss = 4.1699e-01, PNorm = 46.1304, GNorm = 59.2662, lr_0 = 1.5480e-04
Loss = 3.5486e-01, PNorm = 46.1314, GNorm = 236.3498, lr_0 = 1.5502e-04
Loss = 3.7514e-01, PNorm = 46.1327, GNorm = 220.3930, lr_0 = 1.5525e-04
Loss = 4.7997e-01, PNorm = 46.1342, GNorm = 156.6782, lr_0 = 1.5548e-04
Loss = 3.6200e-01, PNorm = 46.1360, GNorm = 52.3920, lr_0 = 1.5570e-04
Loss = 3.2040e-01, PNorm = 46.1376, GNorm = 13.5355, lr_0 = 1.5593e-04
Loss = 2.9056e-01, PNorm = 46.1394, GNorm = 11.1422, lr_0 = 1.5615e-04
Loss = 4.2386e-01, PNorm = 46.1411, GNorm = 103.7186, lr_0 = 1.5638e-04
Loss = 3.6097e-01, PNorm = 46.1428, GNorm = 79.2451, lr_0 = 1.5660e-04
Loss = 3.0507e-01, PNorm = 46.1447, GNorm = 90.1203, lr_0 = 1.5683e-04
Loss = 3.8713e-01, PNorm = 46.1465, GNorm = 254.4058, lr_0 = 1.5705e-04
Loss = 3.9123e-01, PNorm = 46.1481, GNorm = 35.3944, lr_0 = 1.5728e-04
Loss = 3.8816e-01, PNorm = 46.1500, GNorm = 105.2071, lr_0 = 1.5750e-04
Loss = 6.0572e-01, PNorm = 46.1518, GNorm = 279.2763, lr_0 = 1.5773e-04
Loss = 5.3805e-01, PNorm = 46.1533, GNorm = 21.2808, lr_0 = 1.5795e-04
Loss = 4.0052e-01, PNorm = 46.1545, GNorm = 125.6629, lr_0 = 1.5818e-04
Loss = 4.7587e-01, PNorm = 46.1557, GNorm = 172.9163, lr_0 = 1.5841e-04
Loss = 4.7843e-01, PNorm = 46.1570, GNorm = 74.3792, lr_0 = 1.5863e-04
Loss = 4.6724e-01, PNorm = 46.1585, GNorm = 196.5313, lr_0 = 1.5886e-04
Loss = 4.0280e-01, PNorm = 46.1602, GNorm = 140.8633, lr_0 = 1.5908e-04
Loss = 3.1759e-01, PNorm = 46.1617, GNorm = 23.7284, lr_0 = 1.5931e-04
Loss = 3.5062e-01, PNorm = 46.1637, GNorm = 109.4955, lr_0 = 1.5953e-04
Loss = 3.2854e-01, PNorm = 46.1655, GNorm = 46.3047, lr_0 = 1.5976e-04
Loss = 3.7224e-01, PNorm = 46.1672, GNorm = 189.8261, lr_0 = 1.5998e-04
Loss = 3.6040e-01, PNorm = 46.1687, GNorm = 21.2966, lr_0 = 1.6021e-04
Loss = 4.3173e-01, PNorm = 46.1704, GNorm = 236.1390, lr_0 = 1.6043e-04
Loss = 3.7893e-01, PNorm = 46.1720, GNorm = 14.6800, lr_0 = 1.6066e-04
Loss = 3.7875e-01, PNorm = 46.1734, GNorm = 109.9780, lr_0 = 1.6089e-04
Loss = 4.8958e-01, PNorm = 46.1749, GNorm = 207.1242, lr_0 = 1.6111e-04
Loss = 3.5138e-01, PNorm = 46.1769, GNorm = 83.6037, lr_0 = 1.6134e-04
Loss = 3.2801e-01, PNorm = 46.1787, GNorm = 118.8498, lr_0 = 1.6156e-04
Loss = 3.1044e-01, PNorm = 46.1803, GNorm = 20.6923, lr_0 = 1.6179e-04
Loss = 3.0396e-01, PNorm = 46.1822, GNorm = 116.5179, lr_0 = 1.6201e-04
Loss = 3.7383e-01, PNorm = 46.1839, GNorm = 129.7994, lr_0 = 1.6224e-04
Loss = 3.4216e-01, PNorm = 46.1855, GNorm = 36.6594, lr_0 = 1.6246e-04
Loss = 3.5845e-01, PNorm = 46.1874, GNorm = 13.8185, lr_0 = 1.6269e-04
Loss = 2.9994e-01, PNorm = 46.1894, GNorm = 28.9838, lr_0 = 1.6291e-04
Loss = 3.1537e-01, PNorm = 46.1909, GNorm = 75.8362, lr_0 = 1.6314e-04
Loss = 2.9245e-01, PNorm = 46.1924, GNorm = 22.4033, lr_0 = 1.6336e-04
Loss = 2.8930e-01, PNorm = 46.1940, GNorm = 61.9506, lr_0 = 1.6359e-04
Loss = 2.6814e-01, PNorm = 46.1957, GNorm = 13.9962, lr_0 = 1.6382e-04
Loss = 3.8944e-01, PNorm = 46.1977, GNorm = 26.4074, lr_0 = 1.6404e-04
Loss = 3.9102e-01, PNorm = 46.1990, GNorm = 117.3156, lr_0 = 1.6427e-04
Loss = 3.6946e-01, PNorm = 46.2006, GNorm = 69.2920, lr_0 = 1.6449e-04
Loss = 2.9119e-01, PNorm = 46.2020, GNorm = 35.4759, lr_0 = 1.6472e-04
Loss = 3.1924e-01, PNorm = 46.2040, GNorm = 190.9740, lr_0 = 1.6494e-04
Loss = 3.0606e-01, PNorm = 46.2054, GNorm = 9.8136, lr_0 = 1.6517e-04
Loss = 3.0933e-01, PNorm = 46.2068, GNorm = 61.7715, lr_0 = 1.6539e-04
Loss = 2.9422e-01, PNorm = 46.2088, GNorm = 87.4534, lr_0 = 1.6562e-04
Loss = 3.4751e-01, PNorm = 46.2109, GNorm = 15.7385, lr_0 = 1.6584e-04
Loss = 2.8739e-01, PNorm = 46.2129, GNorm = 61.3332, lr_0 = 1.6607e-04
Loss = 2.7431e-01, PNorm = 46.2147, GNorm = 16.5058, lr_0 = 1.6630e-04
Loss = 2.7340e-01, PNorm = 46.2164, GNorm = 14.9834, lr_0 = 1.6652e-04
Loss = 2.9104e-01, PNorm = 46.2179, GNorm = 86.8687, lr_0 = 1.6675e-04
Loss = 4.5374e-01, PNorm = 46.2191, GNorm = 311.0591, lr_0 = 1.6697e-04
Loss = 4.2222e-01, PNorm = 46.2210, GNorm = 42.9000, lr_0 = 1.6720e-04
Loss = 3.0693e-01, PNorm = 46.2230, GNorm = 126.8167, lr_0 = 1.6742e-04
Loss = 3.0019e-01, PNorm = 46.2249, GNorm = 19.1500, lr_0 = 1.6765e-04
Loss = 3.9691e-01, PNorm = 46.2267, GNorm = 169.4942, lr_0 = 1.6787e-04
Loss = 4.1157e-01, PNorm = 46.2281, GNorm = 234.3788, lr_0 = 1.6810e-04
Loss = 3.3551e-01, PNorm = 46.2292, GNorm = 107.7278, lr_0 = 1.6832e-04
Loss = 2.8015e-01, PNorm = 46.2308, GNorm = 31.5875, lr_0 = 1.6855e-04
Loss = 3.3251e-01, PNorm = 46.2329, GNorm = 87.7170, lr_0 = 1.6877e-04
Loss = 3.9989e-01, PNorm = 46.2353, GNorm = 109.6191, lr_0 = 1.6900e-04
Loss = 3.4820e-01, PNorm = 46.2377, GNorm = 61.9342, lr_0 = 1.6923e-04
Loss = 3.1753e-01, PNorm = 46.2397, GNorm = 95.2199, lr_0 = 1.6945e-04
Loss = 3.7848e-01, PNorm = 46.2414, GNorm = 130.7278, lr_0 = 1.6968e-04
Loss = 3.4500e-01, PNorm = 46.2438, GNorm = 32.2713, lr_0 = 1.6990e-04
Loss = 2.7888e-01, PNorm = 46.2459, GNorm = 118.6637, lr_0 = 1.7013e-04
Loss = 3.3809e-01, PNorm = 46.2478, GNorm = 22.4909, lr_0 = 1.7035e-04
Loss = 3.3524e-01, PNorm = 46.2494, GNorm = 155.1819, lr_0 = 1.7058e-04
Loss = 2.7175e-01, PNorm = 46.2511, GNorm = 36.9908, lr_0 = 1.7080e-04
Loss = 2.5858e-01, PNorm = 46.2528, GNorm = 12.4941, lr_0 = 1.7103e-04
Loss = 3.5582e-01, PNorm = 46.2542, GNorm = 65.9252, lr_0 = 1.7125e-04
Loss = 4.5968e-01, PNorm = 46.2555, GNorm = 124.6300, lr_0 = 1.7148e-04
Loss = 3.0868e-01, PNorm = 46.2574, GNorm = 97.6774, lr_0 = 1.7171e-04
Loss = 2.5730e-01, PNorm = 46.2591, GNorm = 52.1374, lr_0 = 1.7193e-04
Loss = 2.7450e-01, PNorm = 46.2609, GNorm = 34.0103, lr_0 = 1.7216e-04
Loss = 3.1767e-01, PNorm = 46.2630, GNorm = 71.2660, lr_0 = 1.7238e-04
Loss = 2.6873e-01, PNorm = 46.2653, GNorm = 53.7503, lr_0 = 1.7261e-04
Loss = 3.3755e-01, PNorm = 46.2670, GNorm = 165.6848, lr_0 = 1.7283e-04
Loss = 3.2968e-01, PNorm = 46.2687, GNorm = 69.5738, lr_0 = 1.7306e-04
Loss = 3.1591e-01, PNorm = 46.2705, GNorm = 184.3361, lr_0 = 1.7328e-04
Loss = 3.8207e-01, PNorm = 46.2722, GNorm = 150.3921, lr_0 = 1.7351e-04
Loss = 4.1737e-01, PNorm = 46.2742, GNorm = 54.4272, lr_0 = 1.7373e-04
Loss = 3.1399e-01, PNorm = 46.2766, GNorm = 51.1748, lr_0 = 1.7396e-04
Loss = 2.9704e-01, PNorm = 46.2785, GNorm = 96.8227, lr_0 = 1.7418e-04
Loss = 3.1891e-01, PNorm = 46.2805, GNorm = 226.3153, lr_0 = 1.7441e-04
Loss = 2.8550e-01, PNorm = 46.2824, GNorm = 51.8272, lr_0 = 1.7464e-04
Loss = 3.0386e-01, PNorm = 46.2839, GNorm = 92.0752, lr_0 = 1.7486e-04
Loss = 2.8296e-01, PNorm = 46.2857, GNorm = 12.7109, lr_0 = 1.7509e-04
Loss = 3.1090e-01, PNorm = 46.2877, GNorm = 54.3868, lr_0 = 1.7531e-04
Loss = 3.6282e-01, PNorm = 46.2899, GNorm = 32.5180, lr_0 = 1.7554e-04
Loss = 2.7801e-01, PNorm = 46.2921, GNorm = 93.6510, lr_0 = 1.7576e-04
Loss = 4.4180e-01, PNorm = 46.2941, GNorm = 270.7632, lr_0 = 1.7599e-04
Loss = 4.2234e-01, PNorm = 46.2965, GNorm = 249.3914, lr_0 = 1.7621e-04
Loss = 3.0872e-01, PNorm = 46.2985, GNorm = 39.8497, lr_0 = 1.7644e-04
Loss = 2.7176e-01, PNorm = 46.3006, GNorm = 55.9856, lr_0 = 1.7666e-04
Loss = 3.0972e-01, PNorm = 46.3023, GNorm = 121.4754, lr_0 = 1.7689e-04
Loss = 3.6819e-01, PNorm = 46.3040, GNorm = 100.2848, lr_0 = 1.7712e-04
Loss = 3.2109e-01, PNorm = 46.3059, GNorm = 100.7818, lr_0 = 1.7734e-04
Loss = 2.7407e-01, PNorm = 46.3077, GNorm = 95.1768, lr_0 = 1.7757e-04
Loss = 2.6599e-01, PNorm = 46.3098, GNorm = 19.5748, lr_0 = 1.7779e-04
Loss = 2.9120e-01, PNorm = 46.3116, GNorm = 77.4053, lr_0 = 1.7802e-04
Loss = 2.6416e-01, PNorm = 46.3128, GNorm = 116.4456, lr_0 = 1.7824e-04
Loss = 2.6677e-01, PNorm = 46.3150, GNorm = 18.5290, lr_0 = 1.7847e-04
Loss = 2.6573e-01, PNorm = 46.3169, GNorm = 24.3520, lr_0 = 1.7869e-04
Loss = 4.1250e-01, PNorm = 46.3188, GNorm = 114.4964, lr_0 = 1.7892e-04
Loss = 4.2649e-01, PNorm = 46.3206, GNorm = 46.5439, lr_0 = 1.7914e-04
Loss = 3.3466e-01, PNorm = 46.3224, GNorm = 130.5666, lr_0 = 1.7937e-04
Loss = 4.1020e-01, PNorm = 46.3241, GNorm = 29.7665, lr_0 = 1.7959e-04
Loss = 3.6878e-01, PNorm = 46.3251, GNorm = 58.4828, lr_0 = 1.7982e-04
Loss = 2.4906e-01, PNorm = 46.3274, GNorm = 14.2222, lr_0 = 1.8005e-04
Loss = 2.5368e-01, PNorm = 46.3298, GNorm = 30.7027, lr_0 = 1.8027e-04
Loss = 4.0009e-01, PNorm = 46.3315, GNorm = 73.1321, lr_0 = 1.8050e-04
Loss = 3.4407e-01, PNorm = 46.3327, GNorm = 168.0063, lr_0 = 1.8072e-04
Loss = 3.1908e-01, PNorm = 46.3345, GNorm = 48.3755, lr_0 = 1.8095e-04
Loss = 3.4114e-01, PNorm = 46.3363, GNorm = 145.8337, lr_0 = 1.8117e-04
Loss = 3.6516e-01, PNorm = 46.3383, GNorm = 80.6924, lr_0 = 1.8140e-04
Loss = 4.0340e-01, PNorm = 46.3395, GNorm = 158.4360, lr_0 = 1.8162e-04
Loss = 3.5834e-01, PNorm = 46.3401, GNorm = 106.7946, lr_0 = 1.8185e-04
Loss = 4.7365e-01, PNorm = 46.3415, GNorm = 138.9720, lr_0 = 1.8207e-04
Loss = 5.4651e-01, PNorm = 46.3432, GNorm = 108.6609, lr_0 = 1.8230e-04
Loss = 3.6315e-01, PNorm = 46.3449, GNorm = 120.4086, lr_0 = 1.8253e-04
Loss = 4.1520e-01, PNorm = 46.3473, GNorm = 43.1078, lr_0 = 1.8275e-04
Loss = 4.8189e-01, PNorm = 46.3501, GNorm = 99.6775, lr_0 = 1.8298e-04
Loss = 5.4462e-01, PNorm = 46.3517, GNorm = 133.2632, lr_0 = 1.8320e-04
Loss = 3.2331e-01, PNorm = 46.3538, GNorm = 80.7857, lr_0 = 1.8343e-04
Loss = 2.7091e-01, PNorm = 46.3561, GNorm = 13.3800, lr_0 = 1.8365e-04
Loss = 2.7641e-01, PNorm = 46.3581, GNorm = 72.4023, lr_0 = 1.8388e-04
Loss = 2.9622e-01, PNorm = 46.3603, GNorm = 128.2774, lr_0 = 1.8410e-04
Loss = 3.2789e-01, PNorm = 46.3625, GNorm = 86.6176, lr_0 = 1.8433e-04
Loss = 2.6177e-01, PNorm = 46.3642, GNorm = 96.2310, lr_0 = 1.8455e-04
Loss = 2.7269e-01, PNorm = 46.3660, GNorm = 120.1632, lr_0 = 1.8478e-04
Loss = 3.3113e-01, PNorm = 46.3678, GNorm = 86.7675, lr_0 = 1.8500e-04
Loss = 3.0547e-01, PNorm = 46.3693, GNorm = 74.8568, lr_0 = 1.8523e-04
Loss = 3.4092e-01, PNorm = 46.3712, GNorm = 36.1574, lr_0 = 1.8546e-04
Loss = 3.2066e-01, PNorm = 46.3734, GNorm = 10.8307, lr_0 = 1.8568e-04
Loss = 2.6745e-01, PNorm = 46.3765, GNorm = 59.5402, lr_0 = 1.8591e-04
Loss = 2.7394e-01, PNorm = 46.3786, GNorm = 48.5475, lr_0 = 1.8613e-04
Loss = 2.2806e-01, PNorm = 46.3808, GNorm = 18.6578, lr_0 = 1.8636e-04
Loss = 2.3297e-01, PNorm = 46.3829, GNorm = 45.7960, lr_0 = 1.8658e-04
Loss = 2.9920e-01, PNorm = 46.3848, GNorm = 41.3937, lr_0 = 1.8681e-04
Loss = 3.1104e-01, PNorm = 46.3867, GNorm = 105.7079, lr_0 = 1.8703e-04
Loss = 3.5339e-01, PNorm = 46.3887, GNorm = 19.6263, lr_0 = 1.8726e-04
Loss = 3.2047e-01, PNorm = 46.3904, GNorm = 119.7934, lr_0 = 1.8748e-04
Loss = 3.3157e-01, PNorm = 46.3921, GNorm = 45.1162, lr_0 = 1.8771e-04
Loss = 2.4097e-01, PNorm = 46.3942, GNorm = 10.8525, lr_0 = 1.8794e-04
Loss = 2.8980e-01, PNorm = 46.3960, GNorm = 38.5245, lr_0 = 1.8816e-04
Loss = 3.3220e-01, PNorm = 46.3975, GNorm = 10.9590, lr_0 = 1.8839e-04
Loss = 2.8712e-01, PNorm = 46.3992, GNorm = 27.8472, lr_0 = 1.8861e-04
Loss = 2.6240e-01, PNorm = 46.4012, GNorm = 73.4374, lr_0 = 1.8884e-04
Loss = 2.3697e-01, PNorm = 46.4033, GNorm = 19.4414, lr_0 = 1.8906e-04
Loss = 3.3252e-01, PNorm = 46.4049, GNorm = 87.4219, lr_0 = 1.8929e-04
Loss = 2.6480e-01, PNorm = 46.4072, GNorm = 56.3074, lr_0 = 1.8951e-04
Loss = 2.8913e-01, PNorm = 46.4099, GNorm = 100.5312, lr_0 = 1.8974e-04
Loss = 3.3538e-01, PNorm = 46.4128, GNorm = 66.3093, lr_0 = 1.8996e-04
Loss = 2.6433e-01, PNorm = 46.4149, GNorm = 13.6615, lr_0 = 1.9019e-04
Loss = 2.9508e-01, PNorm = 46.4161, GNorm = 92.2216, lr_0 = 1.9041e-04
Loss = 2.5463e-01, PNorm = 46.4176, GNorm = 11.9111, lr_0 = 1.9064e-04
Loss = 2.6512e-01, PNorm = 46.4195, GNorm = 28.0392, lr_0 = 1.9087e-04
Loss = 2.9406e-01, PNorm = 46.4215, GNorm = 97.8674, lr_0 = 1.9109e-04
Loss = 2.6933e-01, PNorm = 46.4232, GNorm = 23.8528, lr_0 = 1.9132e-04
Loss = 2.7577e-01, PNorm = 46.4250, GNorm = 25.4430, lr_0 = 1.9154e-04
Loss = 2.6503e-01, PNorm = 46.4264, GNorm = 10.3956, lr_0 = 1.9177e-04
Loss = 2.5569e-01, PNorm = 46.4281, GNorm = 16.8217, lr_0 = 1.9199e-04
Loss = 3.5680e-01, PNorm = 46.4297, GNorm = 134.7055, lr_0 = 1.9222e-04
Loss = 3.4182e-01, PNorm = 46.4309, GNorm = 89.5543, lr_0 = 1.9244e-04
Loss = 2.9549e-01, PNorm = 46.4325, GNorm = 110.3335, lr_0 = 1.9267e-04
Loss = 2.6983e-01, PNorm = 46.4344, GNorm = 24.7158, lr_0 = 1.9289e-04
Loss = 2.9276e-01, PNorm = 46.4362, GNorm = 93.0578, lr_0 = 1.9312e-04
Loss = 2.5985e-01, PNorm = 46.4385, GNorm = 59.6448, lr_0 = 1.9335e-04
Loss = 2.7025e-01, PNorm = 46.4406, GNorm = 29.3382, lr_0 = 1.9357e-04
Loss = 2.4438e-01, PNorm = 46.4428, GNorm = 41.0255, lr_0 = 1.9380e-04
Loss = 2.4148e-01, PNorm = 46.4452, GNorm = 53.6662, lr_0 = 1.9402e-04
Loss = 2.8945e-01, PNorm = 46.4475, GNorm = 97.9406, lr_0 = 1.9425e-04
Loss = 3.4717e-01, PNorm = 46.4492, GNorm = 82.8919, lr_0 = 1.9447e-04
Loss = 2.5520e-01, PNorm = 46.4511, GNorm = 70.2842, lr_0 = 1.9470e-04
Loss = 2.9514e-01, PNorm = 46.4530, GNorm = 17.7447, lr_0 = 1.9492e-04
Loss = 2.4683e-01, PNorm = 46.4548, GNorm = 15.3651, lr_0 = 1.9515e-04
Loss = 2.0307e-01, PNorm = 46.4565, GNorm = 25.9220, lr_0 = 1.9537e-04
Loss = 1.8401e-01, PNorm = 46.4580, GNorm = 9.2096, lr_0 = 1.9560e-04
Loss = 3.4130e-01, PNorm = 46.4606, GNorm = 39.5059, lr_0 = 1.9582e-04
Loss = 3.0175e-01, PNorm = 46.4635, GNorm = 77.5919, lr_0 = 1.9605e-04
Loss = 2.3388e-01, PNorm = 46.4654, GNorm = 19.0174, lr_0 = 1.9628e-04
Loss = 2.5981e-01, PNorm = 46.4679, GNorm = 18.3147, lr_0 = 1.9650e-04
Loss = 2.4502e-01, PNorm = 46.4699, GNorm = 78.6853, lr_0 = 1.9673e-04
Loss = 2.6312e-01, PNorm = 46.4710, GNorm = 69.2051, lr_0 = 1.9695e-04
Loss = 2.2611e-01, PNorm = 46.4722, GNorm = 28.1513, lr_0 = 1.9718e-04
Loss = 2.3833e-01, PNorm = 46.4745, GNorm = 60.9426, lr_0 = 1.9740e-04
Loss = 2.2225e-01, PNorm = 46.4766, GNorm = 71.6829, lr_0 = 1.9763e-04
Loss = 2.7007e-01, PNorm = 46.4784, GNorm = 13.6543, lr_0 = 1.9785e-04
Loss = 2.1796e-01, PNorm = 46.4808, GNorm = 12.4491, lr_0 = 1.9808e-04
Loss = 2.6171e-01, PNorm = 46.4825, GNorm = 74.2057, lr_0 = 1.9830e-04
Loss = 2.6826e-01, PNorm = 46.4838, GNorm = 12.7551, lr_0 = 1.9853e-04
Loss = 3.2841e-01, PNorm = 46.4860, GNorm = 12.5384, lr_0 = 1.9876e-04
Loss = 2.3544e-01, PNorm = 46.4886, GNorm = 86.7592, lr_0 = 1.9898e-04
Loss = 2.9869e-01, PNorm = 46.4905, GNorm = 49.6841, lr_0 = 1.9921e-04
Loss = 3.1045e-01, PNorm = 46.4934, GNorm = 129.0664, lr_0 = 1.9943e-04
Loss = 2.6777e-01, PNorm = 46.4973, GNorm = 44.4933, lr_0 = 1.9966e-04
Loss = 2.5443e-01, PNorm = 46.5002, GNorm = 29.8258, lr_0 = 1.9988e-04
Loss = 2.8705e-01, PNorm = 46.5030, GNorm = 48.0554, lr_0 = 2.0011e-04
Loss = 2.3248e-01, PNorm = 46.5051, GNorm = 49.3356, lr_0 = 2.0033e-04
Loss = 1.9970e-01, PNorm = 46.5074, GNorm = 26.9851, lr_0 = 2.0056e-04
Loss = 2.0743e-01, PNorm = 46.5095, GNorm = 31.5455, lr_0 = 2.0078e-04
Loss = 2.5891e-01, PNorm = 46.5113, GNorm = 100.1876, lr_0 = 2.0101e-04
Loss = 2.8010e-01, PNorm = 46.5129, GNorm = 45.9718, lr_0 = 2.0123e-04
Loss = 2.1069e-01, PNorm = 46.5142, GNorm = 9.4638, lr_0 = 2.0146e-04
Loss = 2.5199e-01, PNorm = 46.5160, GNorm = 75.9936, lr_0 = 2.0169e-04
Loss = 2.5811e-01, PNorm = 46.5186, GNorm = 35.3247, lr_0 = 2.0191e-04
Loss = 2.4517e-01, PNorm = 46.5216, GNorm = 32.8164, lr_0 = 2.0214e-04
Loss = 2.2093e-01, PNorm = 46.5241, GNorm = 31.1094, lr_0 = 2.0236e-04
Loss = 3.1435e-01, PNorm = 46.5268, GNorm = 89.5775, lr_0 = 2.0259e-04
Loss = 2.6717e-01, PNorm = 46.5294, GNorm = 55.5761, lr_0 = 2.0281e-04
Loss = 2.0577e-01, PNorm = 46.5316, GNorm = 6.9943, lr_0 = 2.0304e-04
Loss = 2.2562e-01, PNorm = 46.5342, GNorm = 31.5805, lr_0 = 2.0326e-04
Loss = 2.2250e-01, PNorm = 46.5368, GNorm = 42.8031, lr_0 = 2.0349e-04
Loss = 2.1737e-01, PNorm = 46.5393, GNorm = 7.1661, lr_0 = 2.0371e-04
Loss = 2.5097e-01, PNorm = 46.5409, GNorm = 69.8602, lr_0 = 2.0394e-04
Loss = 3.0538e-01, PNorm = 46.5426, GNorm = 49.6342, lr_0 = 2.0417e-04
Loss = 2.5440e-01, PNorm = 46.5444, GNorm = 8.4481, lr_0 = 2.0439e-04
Loss = 2.7123e-01, PNorm = 46.5467, GNorm = 71.8956, lr_0 = 2.0462e-04
Loss = 3.0877e-01, PNorm = 46.5488, GNorm = 93.3803, lr_0 = 2.0484e-04
Loss = 3.1325e-01, PNorm = 46.5505, GNorm = 8.5116, lr_0 = 2.0507e-04
Loss = 3.4328e-01, PNorm = 46.5523, GNorm = 104.3014, lr_0 = 2.0529e-04
Loss = 3.7899e-01, PNorm = 46.5537, GNorm = 19.5969, lr_0 = 2.0552e-04
Loss = 3.6567e-01, PNorm = 46.5565, GNorm = 73.3895, lr_0 = 2.0574e-04
Loss = 3.0572e-01, PNorm = 46.5593, GNorm = 11.0795, lr_0 = 2.0597e-04
Loss = 3.2316e-01, PNorm = 46.5618, GNorm = 26.8919, lr_0 = 2.0619e-04
Loss = 2.7739e-01, PNorm = 46.5642, GNorm = 27.9402, lr_0 = 2.0642e-04
Loss = 2.0413e-01, PNorm = 46.5662, GNorm = 16.3893, lr_0 = 2.0664e-04
Loss = 2.7740e-01, PNorm = 46.5676, GNorm = 99.1220, lr_0 = 2.0687e-04
Loss = 2.3340e-01, PNorm = 46.5699, GNorm = 14.6239, lr_0 = 2.0710e-04
Loss = 2.1862e-01, PNorm = 46.5723, GNorm = 32.1232, lr_0 = 2.0732e-04
Loss = 2.8364e-01, PNorm = 46.5746, GNorm = 88.3919, lr_0 = 2.0755e-04
Loss = 3.4410e-01, PNorm = 46.5767, GNorm = 78.8437, lr_0 = 2.0777e-04
Loss = 2.4663e-01, PNorm = 46.5788, GNorm = 73.7396, lr_0 = 2.0800e-04
Loss = 2.2648e-01, PNorm = 46.5813, GNorm = 28.3594, lr_0 = 2.0822e-04
Loss = 2.6683e-01, PNorm = 46.5839, GNorm = 81.5283, lr_0 = 2.0845e-04
Loss = 2.6521e-01, PNorm = 46.5865, GNorm = 33.3555, lr_0 = 2.0867e-04
Loss = 3.1471e-01, PNorm = 46.5894, GNorm = 45.2914, lr_0 = 2.0890e-04
Loss = 2.5868e-01, PNorm = 46.5917, GNorm = 7.0239, lr_0 = 2.0912e-04
Loss = 2.6224e-01, PNorm = 46.5941, GNorm = 18.5390, lr_0 = 2.0935e-04
Loss = 2.1227e-01, PNorm = 46.5968, GNorm = 10.6475, lr_0 = 2.0958e-04
Loss = 3.3849e-01, PNorm = 46.5991, GNorm = 126.8301, lr_0 = 2.0980e-04
Loss = 2.9324e-01, PNorm = 46.6006, GNorm = 24.1869, lr_0 = 2.1003e-04
Loss = 2.8929e-01, PNorm = 46.6022, GNorm = 45.5730, lr_0 = 2.1025e-04
Loss = 2.8724e-01, PNorm = 46.6044, GNorm = 104.8842, lr_0 = 2.1048e-04
Loss = 2.3352e-01, PNorm = 46.6072, GNorm = 33.3324, lr_0 = 2.1070e-04
Loss = 2.1255e-01, PNorm = 46.6104, GNorm = 22.4189, lr_0 = 2.1093e-04
Loss = 1.9374e-01, PNorm = 46.6128, GNorm = 18.3968, lr_0 = 2.1115e-04
Loss = 2.5642e-01, PNorm = 46.6147, GNorm = 29.8151, lr_0 = 2.1138e-04
Loss = 3.8557e-01, PNorm = 46.6174, GNorm = 124.6089, lr_0 = 2.1160e-04
Loss = 4.4321e-01, PNorm = 46.6201, GNorm = 28.1832, lr_0 = 2.1183e-04
Loss = 3.0014e-01, PNorm = 46.6233, GNorm = 17.4996, lr_0 = 2.1205e-04
Loss = 2.4677e-01, PNorm = 46.6255, GNorm = 23.8070, lr_0 = 2.1228e-04
Loss = 3.6706e-01, PNorm = 46.6280, GNorm = 120.4836, lr_0 = 2.1251e-04
Loss = 2.8767e-01, PNorm = 46.6309, GNorm = 48.4653, lr_0 = 2.1273e-04
Loss = 2.7875e-01, PNorm = 46.6335, GNorm = 46.1744, lr_0 = 2.1296e-04
Loss = 2.5354e-01, PNorm = 46.6368, GNorm = 15.1788, lr_0 = 2.1318e-04
Loss = 2.3685e-01, PNorm = 46.6400, GNorm = 28.6253, lr_0 = 2.1341e-04
Loss = 2.0520e-01, PNorm = 46.6424, GNorm = 7.7883, lr_0 = 2.1363e-04
Loss = 2.2541e-01, PNorm = 46.6449, GNorm = 50.5562, lr_0 = 2.1386e-04
Loss = 1.8875e-01, PNorm = 46.6469, GNorm = 44.0209, lr_0 = 2.1408e-04
Loss = 2.8269e-01, PNorm = 46.6485, GNorm = 30.8221, lr_0 = 2.1431e-04
Loss = 2.4423e-01, PNorm = 46.6503, GNorm = 44.1714, lr_0 = 2.1453e-04
Loss = 1.8752e-01, PNorm = 46.6526, GNorm = 6.2767, lr_0 = 2.1476e-04
Loss = 1.9685e-01, PNorm = 46.6551, GNorm = 38.2127, lr_0 = 2.1499e-04
Loss = 2.5590e-01, PNorm = 46.6573, GNorm = 38.0048, lr_0 = 2.1521e-04
Loss = 2.0981e-01, PNorm = 46.6601, GNorm = 56.6241, lr_0 = 2.1544e-04
Loss = 2.5083e-01, PNorm = 46.6632, GNorm = 8.9784, lr_0 = 2.1566e-04
Loss = 2.3749e-01, PNorm = 46.6663, GNorm = 43.7087, lr_0 = 2.1589e-04
Loss = 2.1598e-01, PNorm = 46.6683, GNorm = 26.4964, lr_0 = 2.1611e-04
Loss = 2.0044e-01, PNorm = 46.6703, GNorm = 7.2256, lr_0 = 2.1634e-04
Loss = 2.9572e-01, PNorm = 46.6722, GNorm = 23.4177, lr_0 = 2.1656e-04
Loss = 3.7767e-01, PNorm = 46.6742, GNorm = 124.7023, lr_0 = 2.1679e-04
Loss = 2.9951e-01, PNorm = 46.6764, GNorm = 19.3561, lr_0 = 2.1701e-04
Loss = 2.2476e-01, PNorm = 46.6791, GNorm = 16.9241, lr_0 = 2.1724e-04
Loss = 2.6746e-01, PNorm = 46.6816, GNorm = 67.0182, lr_0 = 2.1746e-04
Loss = 2.9158e-01, PNorm = 46.6844, GNorm = 12.9902, lr_0 = 2.1769e-04
Loss = 2.1728e-01, PNorm = 46.6873, GNorm = 22.3266, lr_0 = 2.1792e-04
Loss = 2.5258e-01, PNorm = 46.6908, GNorm = 54.0102, lr_0 = 2.1814e-04
Loss = 3.4188e-01, PNorm = 46.6932, GNorm = 33.3202, lr_0 = 2.1837e-04
Loss = 4.3091e-01, PNorm = 46.6956, GNorm = 88.7039, lr_0 = 2.1859e-04
Loss = 2.6527e-01, PNorm = 46.6985, GNorm = 50.8324, lr_0 = 2.1882e-04
Loss = 2.7319e-01, PNorm = 46.7006, GNorm = 59.8442, lr_0 = 2.1904e-04
Loss = 2.4040e-01, PNorm = 46.7031, GNorm = 65.8549, lr_0 = 2.1927e-04
Loss = 2.1664e-01, PNorm = 46.7059, GNorm = 32.9836, lr_0 = 2.1949e-04
Loss = 2.4481e-01, PNorm = 46.7087, GNorm = 89.5479, lr_0 = 2.1972e-04
Loss = 3.1867e-01, PNorm = 46.7122, GNorm = 24.4525, lr_0 = 2.1994e-04
Loss = 2.9952e-01, PNorm = 46.7149, GNorm = 17.4919, lr_0 = 2.2017e-04
Loss = 2.1787e-01, PNorm = 46.7182, GNorm = 38.4851, lr_0 = 2.2040e-04
Loss = 2.0381e-01, PNorm = 46.7213, GNorm = 62.7580, lr_0 = 2.2062e-04
Loss = 2.8337e-01, PNorm = 46.7232, GNorm = 44.4800, lr_0 = 2.2085e-04
Loss = 2.5414e-01, PNorm = 46.7250, GNorm = 6.6570, lr_0 = 2.2107e-04
Loss = 2.1680e-01, PNorm = 46.7277, GNorm = 6.6876, lr_0 = 2.2130e-04
Loss = 2.3012e-01, PNorm = 46.7300, GNorm = 15.4298, lr_0 = 2.2152e-04
Loss = 1.8637e-01, PNorm = 46.7325, GNorm = 18.9758, lr_0 = 2.2175e-04
Loss = 2.0823e-01, PNorm = 46.7347, GNorm = 9.9295, lr_0 = 2.2197e-04
Loss = 1.7743e-01, PNorm = 46.7376, GNorm = 8.1086, lr_0 = 2.2220e-04
Loss = 2.0802e-01, PNorm = 46.7405, GNorm = 23.7320, lr_0 = 2.2242e-04
Loss = 2.1174e-01, PNorm = 46.7430, GNorm = 50.2850, lr_0 = 2.2265e-04
Loss = 2.0144e-01, PNorm = 46.7453, GNorm = 16.9423, lr_0 = 2.2287e-04
Loss = 2.8070e-01, PNorm = 46.7482, GNorm = 105.1374, lr_0 = 2.2310e-04
Loss = 2.8827e-01, PNorm = 46.7512, GNorm = 61.6871, lr_0 = 2.2333e-04
Loss = 2.4293e-01, PNorm = 46.7536, GNorm = 13.9123, lr_0 = 2.2355e-04
Loss = 2.5225e-01, PNorm = 46.7560, GNorm = 7.2126, lr_0 = 2.2378e-04
Loss = 2.7407e-01, PNorm = 46.7583, GNorm = 50.3948, lr_0 = 2.2400e-04
Loss = 2.0821e-01, PNorm = 46.7612, GNorm = 6.8620, lr_0 = 2.2423e-04
Loss = 2.2730e-01, PNorm = 46.7636, GNorm = 53.0116, lr_0 = 2.2445e-04
Loss = 2.1772e-01, PNorm = 46.7662, GNorm = 35.5295, lr_0 = 2.2468e-04
Loss = 2.2768e-01, PNorm = 46.7690, GNorm = 18.1201, lr_0 = 2.2490e-04
Loss = 1.9877e-01, PNorm = 46.7721, GNorm = 37.5013, lr_0 = 2.2513e-04
Loss = 1.7571e-01, PNorm = 46.7750, GNorm = 34.5736, lr_0 = 2.2535e-04
Loss = 1.9303e-01, PNorm = 46.7766, GNorm = 8.9162, lr_0 = 2.2558e-04
Loss = 1.9309e-01, PNorm = 46.7784, GNorm = 18.8010, lr_0 = 2.2581e-04
Loss = 2.0764e-01, PNorm = 46.7807, GNorm = 29.2057, lr_0 = 2.2603e-04
Loss = 2.1633e-01, PNorm = 46.7837, GNorm = 10.9913, lr_0 = 2.2626e-04
Loss = 2.3390e-01, PNorm = 46.7869, GNorm = 73.8784, lr_0 = 2.2648e-04
Loss = 1.9491e-01, PNorm = 46.7894, GNorm = 13.2565, lr_0 = 2.2671e-04
Loss = 2.0070e-01, PNorm = 46.7917, GNorm = 11.9508, lr_0 = 2.2693e-04
Loss = 2.2562e-01, PNorm = 46.7950, GNorm = 27.3010, lr_0 = 2.2716e-04
Loss = 2.2801e-01, PNorm = 46.7977, GNorm = 11.3248, lr_0 = 2.2738e-04
Loss = 1.9947e-01, PNorm = 46.7997, GNorm = 19.3720, lr_0 = 2.2761e-04
Loss = 2.6262e-01, PNorm = 46.8022, GNorm = 27.6942, lr_0 = 2.2783e-04
Loss = 2.5485e-01, PNorm = 46.8051, GNorm = 47.3753, lr_0 = 2.2806e-04
Loss = 1.7166e-01, PNorm = 46.8078, GNorm = 7.3121, lr_0 = 2.2828e-04
Loss = 1.9029e-01, PNorm = 46.8109, GNorm = 8.1815, lr_0 = 2.2851e-04
Loss = 1.7001e-01, PNorm = 46.8135, GNorm = 12.0866, lr_0 = 2.2874e-04
Loss = 2.6746e-01, PNorm = 46.8154, GNorm = 80.1049, lr_0 = 2.2896e-04
Loss = 2.6392e-01, PNorm = 46.8180, GNorm = 67.1948, lr_0 = 2.2919e-04
Loss = 2.2117e-01, PNorm = 46.8216, GNorm = 16.7423, lr_0 = 2.2941e-04
Loss = 1.9368e-01, PNorm = 46.8251, GNorm = 58.7917, lr_0 = 2.2964e-04
Loss = 1.8502e-01, PNorm = 46.8293, GNorm = 18.2823, lr_0 = 2.2986e-04
Loss = 2.4535e-01, PNorm = 46.8330, GNorm = 55.4602, lr_0 = 2.3009e-04
Loss = 1.9176e-01, PNorm = 46.8360, GNorm = 7.1448, lr_0 = 2.3031e-04
Loss = 2.0966e-01, PNorm = 46.8390, GNorm = 6.8337, lr_0 = 2.3054e-04
Loss = 2.2317e-01, PNorm = 46.8418, GNorm = 60.8053, lr_0 = 2.3076e-04
Loss = 1.8809e-01, PNorm = 46.8447, GNorm = 17.6339, lr_0 = 2.3099e-04
Loss = 1.8908e-01, PNorm = 46.8470, GNorm = 19.2072, lr_0 = 2.3122e-04
Loss = 2.9750e-01, PNorm = 46.8489, GNorm = 55.6806, lr_0 = 2.3144e-04
Loss = 2.3022e-01, PNorm = 46.8512, GNorm = 10.3008, lr_0 = 2.3167e-04
Loss = 2.1326e-01, PNorm = 46.8543, GNorm = 40.9135, lr_0 = 2.3189e-04
Loss = 1.9201e-01, PNorm = 46.8574, GNorm = 6.4701, lr_0 = 2.3212e-04
Loss = 1.7725e-01, PNorm = 46.8608, GNorm = 7.0486, lr_0 = 2.3234e-04
Loss = 1.8469e-01, PNorm = 46.8641, GNorm = 23.0581, lr_0 = 2.3257e-04
Loss = 1.9041e-01, PNorm = 46.8666, GNorm = 19.2825, lr_0 = 2.3279e-04
Loss = 1.8410e-01, PNorm = 46.8686, GNorm = 21.4517, lr_0 = 2.3302e-04
Loss = 2.2797e-01, PNorm = 46.8712, GNorm = 62.4731, lr_0 = 2.3324e-04
Loss = 2.6401e-01, PNorm = 46.8732, GNorm = 48.3669, lr_0 = 2.3347e-04
Loss = 2.3985e-01, PNorm = 46.8749, GNorm = 49.2512, lr_0 = 2.3369e-04
Loss = 1.8966e-01, PNorm = 46.8781, GNorm = 17.4038, lr_0 = 2.3392e-04
Loss = 1.9573e-01, PNorm = 46.8809, GNorm = 23.2490, lr_0 = 2.3415e-04
Loss = 1.7593e-01, PNorm = 46.8844, GNorm = 50.4032, lr_0 = 2.3437e-04
Loss = 2.1169e-01, PNorm = 46.8872, GNorm = 10.3444, lr_0 = 2.3460e-04
Loss = 2.1061e-01, PNorm = 46.8905, GNorm = 27.9027, lr_0 = 2.3482e-04
Loss = 1.8065e-01, PNorm = 46.8938, GNorm = 9.5919, lr_0 = 2.3505e-04
Loss = 2.1207e-01, PNorm = 46.8966, GNorm = 32.0004, lr_0 = 2.3527e-04
Loss = 2.1663e-01, PNorm = 46.8990, GNorm = 43.5187, lr_0 = 2.3550e-04
Loss = 2.6930e-01, PNorm = 46.9018, GNorm = 59.3041, lr_0 = 2.3572e-04
Loss = 2.4182e-01, PNorm = 46.9049, GNorm = 24.6600, lr_0 = 2.3595e-04
Loss = 1.8595e-01, PNorm = 46.9076, GNorm = 18.7434, lr_0 = 2.3617e-04
Loss = 2.0354e-01, PNorm = 46.9104, GNorm = 30.1682, lr_0 = 2.3640e-04
Loss = 2.1734e-01, PNorm = 46.9126, GNorm = 63.6998, lr_0 = 2.3663e-04
Loss = 2.2706e-01, PNorm = 46.9156, GNorm = 11.0301, lr_0 = 2.3685e-04
Loss = 2.3211e-01, PNorm = 46.9189, GNorm = 42.0588, lr_0 = 2.3708e-04
Loss = 1.7046e-01, PNorm = 46.9213, GNorm = 5.2538, lr_0 = 2.3730e-04
Loss = 1.6033e-01, PNorm = 46.9234, GNorm = 6.0403, lr_0 = 2.3753e-04
Loss = 1.6248e-01, PNorm = 46.9256, GNorm = 6.3135, lr_0 = 2.3775e-04
Loss = 2.4025e-01, PNorm = 46.9280, GNorm = 9.0702, lr_0 = 2.3798e-04
Loss = 1.7920e-01, PNorm = 46.9308, GNorm = 42.3679, lr_0 = 2.3820e-04
Loss = 2.1738e-01, PNorm = 46.9335, GNorm = 16.9304, lr_0 = 2.3843e-04
Loss = 2.1564e-01, PNorm = 46.9353, GNorm = 8.3823, lr_0 = 2.3865e-04
Loss = 1.7188e-01, PNorm = 46.9374, GNorm = 26.9556, lr_0 = 2.3888e-04
Loss = 1.9509e-01, PNorm = 46.9406, GNorm = 9.5057, lr_0 = 2.3910e-04
Loss = 2.8428e-01, PNorm = 46.9440, GNorm = 22.7905, lr_0 = 2.3933e-04
Loss = 2.4694e-01, PNorm = 46.9479, GNorm = 26.2819, lr_0 = 2.3956e-04
Loss = 1.9516e-01, PNorm = 46.9513, GNorm = 32.9384, lr_0 = 2.3978e-04
Loss = 2.2701e-01, PNorm = 46.9547, GNorm = 37.2935, lr_0 = 2.4001e-04
Loss = 2.2400e-01, PNorm = 46.9577, GNorm = 22.7474, lr_0 = 2.4023e-04
Loss = 3.3859e-01, PNorm = 46.9607, GNorm = 45.5615, lr_0 = 2.4046e-04
Loss = 4.7514e-01, PNorm = 46.9634, GNorm = 70.8559, lr_0 = 2.4068e-04
Loss = 4.1472e-01, PNorm = 46.9681, GNorm = 36.3564, lr_0 = 2.4091e-04
Loss = 3.6730e-01, PNorm = 46.9714, GNorm = 7.1568, lr_0 = 2.4113e-04
Loss = 2.8015e-01, PNorm = 46.9740, GNorm = 56.1673, lr_0 = 2.4136e-04
Loss = 2.0918e-01, PNorm = 46.9781, GNorm = 17.1189, lr_0 = 2.4158e-04
Loss = 1.6788e-01, PNorm = 46.9816, GNorm = 14.2922, lr_0 = 2.4181e-04
Loss = 1.9251e-01, PNorm = 46.9845, GNorm = 18.9009, lr_0 = 2.4204e-04
Loss = 1.9125e-01, PNorm = 46.9881, GNorm = 14.1044, lr_0 = 2.4226e-04
Loss = 1.7522e-01, PNorm = 46.9915, GNorm = 14.6592, lr_0 = 2.4249e-04
Loss = 1.8743e-01, PNorm = 46.9954, GNorm = 14.8954, lr_0 = 2.4271e-04
Loss = 1.9741e-01, PNorm = 46.9982, GNorm = 30.6820, lr_0 = 2.4294e-04
Loss = 1.5787e-01, PNorm = 47.0010, GNorm = 20.1728, lr_0 = 2.4316e-04
Loss = 2.0298e-01, PNorm = 47.0045, GNorm = 26.8221, lr_0 = 2.4339e-04
Loss = 2.3920e-01, PNorm = 47.0084, GNorm = 23.4893, lr_0 = 2.4361e-04
Loss = 1.9804e-01, PNorm = 47.0119, GNorm = 18.7227, lr_0 = 2.4384e-04
Loss = 1.7956e-01, PNorm = 47.0148, GNorm = 26.1546, lr_0 = 2.4406e-04
Loss = 1.7520e-01, PNorm = 47.0188, GNorm = 13.8478, lr_0 = 2.4429e-04
Loss = 1.8942e-01, PNorm = 47.0225, GNorm = 16.4011, lr_0 = 2.4451e-04
Loss = 1.5919e-01, PNorm = 47.0256, GNorm = 33.3947, lr_0 = 2.4474e-04
Loss = 1.9596e-01, PNorm = 47.0275, GNorm = 33.2117, lr_0 = 2.4497e-04
Loss = 1.8354e-01, PNorm = 47.0295, GNorm = 11.6143, lr_0 = 2.4519e-04
Loss = 1.8786e-01, PNorm = 47.0329, GNorm = 10.8414, lr_0 = 2.4542e-04
Loss = 2.0075e-01, PNorm = 47.0359, GNorm = 34.3502, lr_0 = 2.4564e-04
Loss = 2.1696e-01, PNorm = 47.0371, GNorm = 15.1399, lr_0 = 2.4587e-04
Loss = 1.8904e-01, PNorm = 47.0390, GNorm = 5.8491, lr_0 = 2.4609e-04
Loss = 1.8852e-01, PNorm = 47.0421, GNorm = 35.5787, lr_0 = 2.4632e-04
Loss = 2.2136e-01, PNorm = 47.0455, GNorm = 48.0143, lr_0 = 2.4654e-04
Loss = 3.7703e-01, PNorm = 47.0487, GNorm = 54.1330, lr_0 = 2.4677e-04
Loss = 2.4906e-01, PNorm = 47.0526, GNorm = 42.0641, lr_0 = 2.4699e-04
Loss = 3.3098e-01, PNorm = 47.0570, GNorm = 58.3571, lr_0 = 2.4722e-04
Loss = 2.7905e-01, PNorm = 47.0616, GNorm = 38.0694, lr_0 = 2.4745e-04
Loss = 2.1054e-01, PNorm = 47.0663, GNorm = 18.7391, lr_0 = 2.4767e-04
Loss = 1.7832e-01, PNorm = 47.0698, GNorm = 6.8498, lr_0 = 2.4790e-04
Loss = 1.5742e-01, PNorm = 47.0725, GNorm = 29.7670, lr_0 = 2.4812e-04
Loss = 1.8631e-01, PNorm = 47.0748, GNorm = 16.7104, lr_0 = 2.4835e-04
Loss = 1.8039e-01, PNorm = 47.0773, GNorm = 6.9219, lr_0 = 2.4857e-04
Loss = 1.4616e-01, PNorm = 47.0800, GNorm = 8.8276, lr_0 = 2.4880e-04
Loss = 1.8754e-01, PNorm = 47.0823, GNorm = 21.5129, lr_0 = 2.4902e-04
Loss = 1.5193e-01, PNorm = 47.0852, GNorm = 12.8058, lr_0 = 2.4925e-04
Loss = 1.8462e-01, PNorm = 47.0887, GNorm = 10.4007, lr_0 = 2.4947e-04
Loss = 1.7527e-01, PNorm = 47.0914, GNorm = 45.3143, lr_0 = 2.4970e-04
Loss = 1.7582e-01, PNorm = 47.0937, GNorm = 6.0941, lr_0 = 2.4992e-04
Loss = 1.8319e-01, PNorm = 47.0960, GNorm = 40.3024, lr_0 = 2.5015e-04
Loss = 1.6636e-01, PNorm = 47.0986, GNorm = 34.1592, lr_0 = 2.5038e-04
Loss = 2.1104e-01, PNorm = 47.1012, GNorm = 25.5993, lr_0 = 2.5060e-04
Loss = 1.6973e-01, PNorm = 47.1037, GNorm = 10.2421, lr_0 = 2.5083e-04
Loss = 2.1258e-01, PNorm = 47.1056, GNorm = 43.3167, lr_0 = 2.5105e-04
Loss = 2.0003e-01, PNorm = 47.1083, GNorm = 29.8058, lr_0 = 2.5128e-04
Loss = 1.8585e-01, PNorm = 47.1113, GNorm = 14.7575, lr_0 = 2.5150e-04
Loss = 1.7840e-01, PNorm = 47.1145, GNorm = 18.2781, lr_0 = 2.5173e-04
Loss = 2.5747e-01, PNorm = 47.1178, GNorm = 68.2090, lr_0 = 2.5195e-04
Loss = 2.2569e-01, PNorm = 47.1207, GNorm = 37.7805, lr_0 = 2.5218e-04
Loss = 1.9485e-01, PNorm = 47.1239, GNorm = 16.4099, lr_0 = 2.5240e-04
Loss = 1.5771e-01, PNorm = 47.1275, GNorm = 8.4309, lr_0 = 2.5263e-04
Loss = 1.7789e-01, PNorm = 47.1309, GNorm = 26.8273, lr_0 = 2.5286e-04
Loss = 2.3083e-01, PNorm = 47.1331, GNorm = 4.7087, lr_0 = 2.5308e-04
Loss = 1.8974e-01, PNorm = 47.1351, GNorm = 26.2263, lr_0 = 2.5331e-04
Loss = 1.6080e-01, PNorm = 47.1392, GNorm = 6.9983, lr_0 = 2.5353e-04
Loss = 2.0090e-01, PNorm = 47.1432, GNorm = 10.3684, lr_0 = 2.5376e-04
Loss = 2.0955e-01, PNorm = 47.1467, GNorm = 36.3670, lr_0 = 2.5398e-04
Loss = 1.8399e-01, PNorm = 47.1497, GNorm = 14.9601, lr_0 = 2.5421e-04
Loss = 1.6371e-01, PNorm = 47.1534, GNorm = 35.9590, lr_0 = 2.5443e-04
Loss = 1.7603e-01, PNorm = 47.1577, GNorm = 7.1871, lr_0 = 2.5466e-04
Loss = 1.7646e-01, PNorm = 47.1606, GNorm = 27.0056, lr_0 = 2.5488e-04
Loss = 2.8720e-01, PNorm = 47.1630, GNorm = 32.6015, lr_0 = 2.5511e-04
Loss = 1.8018e-01, PNorm = 47.1664, GNorm = 25.1541, lr_0 = 2.5533e-04
Loss = 2.4541e-01, PNorm = 47.1695, GNorm = 26.6122, lr_0 = 2.5556e-04
Loss = 1.7815e-01, PNorm = 47.1740, GNorm = 29.7000, lr_0 = 2.5579e-04
Loss = 1.8498e-01, PNorm = 47.1771, GNorm = 7.8479, lr_0 = 2.5601e-04
Loss = 1.7981e-01, PNorm = 47.1808, GNorm = 11.4214, lr_0 = 2.5624e-04
Loss = 1.7952e-01, PNorm = 47.1850, GNorm = 7.3252, lr_0 = 2.5646e-04
Loss = 1.8759e-01, PNorm = 47.1887, GNorm = 7.0786, lr_0 = 2.5669e-04
Loss = 2.1840e-01, PNorm = 47.1927, GNorm = 11.9970, lr_0 = 2.5691e-04
Loss = 2.0496e-01, PNorm = 47.1955, GNorm = 30.5933, lr_0 = 2.5714e-04
Loss = 1.8525e-01, PNorm = 47.1971, GNorm = 16.7618, lr_0 = 2.5736e-04
Loss = 1.7313e-01, PNorm = 47.2002, GNorm = 37.1220, lr_0 = 2.5759e-04
Loss = 1.7899e-01, PNorm = 47.2033, GNorm = 42.0119, lr_0 = 2.5781e-04
Loss = 2.0383e-01, PNorm = 47.2062, GNorm = 4.4948, lr_0 = 2.5804e-04
Loss = 2.2249e-01, PNorm = 47.2093, GNorm = 38.4647, lr_0 = 2.5827e-04
Loss = 1.7979e-01, PNorm = 47.2124, GNorm = 9.2113, lr_0 = 2.5849e-04
Loss = 1.5876e-01, PNorm = 47.2159, GNorm = 14.5254, lr_0 = 2.5872e-04
Loss = 1.6395e-01, PNorm = 47.2199, GNorm = 7.0424, lr_0 = 2.5894e-04
Loss = 1.5773e-01, PNorm = 47.2232, GNorm = 6.1343, lr_0 = 2.5917e-04
Loss = 1.8246e-01, PNorm = 47.2262, GNorm = 19.1220, lr_0 = 2.5939e-04
Loss = 1.4618e-01, PNorm = 47.2284, GNorm = 7.8264, lr_0 = 2.5962e-04
Loss = 1.6009e-01, PNorm = 47.2304, GNorm = 7.8647, lr_0 = 2.5984e-04
Loss = 1.4880e-01, PNorm = 47.2340, GNorm = 25.3497, lr_0 = 2.6007e-04
Loss = 1.7094e-01, PNorm = 47.2368, GNorm = 34.6290, lr_0 = 2.6029e-04
Loss = 1.9441e-01, PNorm = 47.2400, GNorm = 32.8725, lr_0 = 2.6052e-04
Loss = 1.6882e-01, PNorm = 47.2430, GNorm = 38.6953, lr_0 = 2.6074e-04
Loss = 2.0060e-01, PNorm = 47.2464, GNorm = 28.1706, lr_0 = 2.6097e-04
Loss = 1.5994e-01, PNorm = 47.2499, GNorm = 30.3510, lr_0 = 2.6120e-04
Loss = 1.7665e-01, PNorm = 47.2525, GNorm = 18.9306, lr_0 = 2.6142e-04
Loss = 1.5619e-01, PNorm = 47.2547, GNorm = 7.0496, lr_0 = 2.6165e-04
Loss = 2.0879e-01, PNorm = 47.2583, GNorm = 44.2863, lr_0 = 2.6187e-04
Loss = 1.7044e-01, PNorm = 47.2617, GNorm = 13.6156, lr_0 = 2.6210e-04
Loss = 1.4954e-01, PNorm = 47.2646, GNorm = 4.8766, lr_0 = 2.6232e-04
Loss = 1.5748e-01, PNorm = 47.2678, GNorm = 8.7561, lr_0 = 2.6255e-04
Loss = 1.6720e-01, PNorm = 47.2709, GNorm = 10.2452, lr_0 = 2.6277e-04
Loss = 1.8467e-01, PNorm = 47.2755, GNorm = 7.1447, lr_0 = 2.6300e-04
Loss = 1.7367e-01, PNorm = 47.2789, GNorm = 36.4875, lr_0 = 2.6322e-04
Loss = 1.9071e-01, PNorm = 47.2815, GNorm = 3.3202, lr_0 = 2.6345e-04
Loss = 1.5602e-01, PNorm = 47.2843, GNorm = 30.3585, lr_0 = 2.6368e-04
Loss = 1.4274e-01, PNorm = 47.2882, GNorm = 23.5456, lr_0 = 2.6390e-04
Loss = 1.6044e-01, PNorm = 47.2928, GNorm = 7.7043, lr_0 = 2.6413e-04
Loss = 2.0529e-01, PNorm = 47.2964, GNorm = 23.7163, lr_0 = 2.6435e-04
Loss = 2.0430e-01, PNorm = 47.2993, GNorm = 11.9292, lr_0 = 2.6458e-04
Loss = 1.9416e-01, PNorm = 47.3022, GNorm = 20.3991, lr_0 = 2.6480e-04
Loss = 2.0203e-01, PNorm = 47.3055, GNorm = 5.7885, lr_0 = 2.6503e-04
Loss = 1.3140e-01, PNorm = 47.3101, GNorm = 7.9749, lr_0 = 2.6525e-04
Loss = 1.4656e-01, PNorm = 47.3132, GNorm = 5.8193, lr_0 = 2.6548e-04
Loss = 1.5526e-01, PNorm = 47.3161, GNorm = 18.1374, lr_0 = 2.6570e-04
Loss = 1.6379e-01, PNorm = 47.3177, GNorm = 17.5333, lr_0 = 2.6593e-04
Loss = 1.8896e-01, PNorm = 47.3214, GNorm = 19.3418, lr_0 = 2.6615e-04
Loss = 2.7248e-01, PNorm = 47.3243, GNorm = 26.4299, lr_0 = 2.6638e-04
Loss = 2.3403e-01, PNorm = 47.3289, GNorm = 10.0635, lr_0 = 2.6661e-04
Loss = 2.7447e-01, PNorm = 47.3338, GNorm = 4.8014, lr_0 = 2.6683e-04
Loss = 1.6653e-01, PNorm = 47.3390, GNorm = 5.3340, lr_0 = 2.6706e-04
Loss = 1.5582e-01, PNorm = 47.3434, GNorm = 17.2339, lr_0 = 2.6728e-04
Loss = 2.3713e-01, PNorm = 47.3449, GNorm = 55.0934, lr_0 = 2.6751e-04
Loss = 2.2261e-01, PNorm = 47.3476, GNorm = 33.4923, lr_0 = 2.6773e-04
Loss = 1.7533e-01, PNorm = 47.3518, GNorm = 6.4662, lr_0 = 2.6796e-04
Loss = 1.6358e-01, PNorm = 47.3555, GNorm = 5.4237, lr_0 = 2.6818e-04
Loss = 1.3599e-01, PNorm = 47.3592, GNorm = 16.2810, lr_0 = 2.6841e-04
Loss = 1.6526e-01, PNorm = 47.3624, GNorm = 17.0818, lr_0 = 2.6863e-04
Loss = 2.1569e-01, PNorm = 47.3653, GNorm = 40.1578, lr_0 = 2.6886e-04
Loss = 1.7627e-01, PNorm = 47.3684, GNorm = 22.2315, lr_0 = 2.6909e-04
Loss = 1.8001e-01, PNorm = 47.3719, GNorm = 5.7841, lr_0 = 2.6931e-04
Loss = 1.5824e-01, PNorm = 47.3754, GNorm = 12.7951, lr_0 = 2.6954e-04
Loss = 1.7028e-01, PNorm = 47.3797, GNorm = 26.8902, lr_0 = 2.6976e-04
Loss = 1.5505e-01, PNorm = 47.3833, GNorm = 14.4800, lr_0 = 2.6999e-04
Loss = 1.6737e-01, PNorm = 47.3856, GNorm = 8.2340, lr_0 = 2.7021e-04
Loss = 1.4839e-01, PNorm = 47.3895, GNorm = 11.2654, lr_0 = 2.7044e-04
Loss = 1.5458e-01, PNorm = 47.3942, GNorm = 18.5242, lr_0 = 2.7066e-04
Loss = 1.5657e-01, PNorm = 47.3988, GNorm = 22.6061, lr_0 = 2.7089e-04
Loss = 2.0311e-01, PNorm = 47.4017, GNorm = 29.3535, lr_0 = 2.7111e-04
Loss = 1.7268e-01, PNorm = 47.4057, GNorm = 22.7178, lr_0 = 2.7134e-04
Loss = 1.8540e-01, PNorm = 47.4091, GNorm = 11.7417, lr_0 = 2.7156e-04
Loss = 1.6979e-01, PNorm = 47.4127, GNorm = 9.6408, lr_0 = 2.7179e-04
Loss = 1.4168e-01, PNorm = 47.4163, GNorm = 20.9421, lr_0 = 2.7202e-04
Loss = 1.6257e-01, PNorm = 47.4185, GNorm = 20.8502, lr_0 = 2.7224e-04
Loss = 1.6168e-01, PNorm = 47.4219, GNorm = 31.9385, lr_0 = 2.7247e-04
Loss = 2.0168e-01, PNorm = 47.4264, GNorm = 38.2680, lr_0 = 2.7269e-04
Loss = 1.7270e-01, PNorm = 47.4297, GNorm = 15.7768, lr_0 = 2.7292e-04
Loss = 2.2368e-01, PNorm = 47.4345, GNorm = 48.1490, lr_0 = 2.7314e-04
Loss = 2.3573e-01, PNorm = 47.4395, GNorm = 23.0838, lr_0 = 2.7337e-04
Loss = 2.0013e-01, PNorm = 47.4431, GNorm = 8.9336, lr_0 = 2.7359e-04
Loss = 1.8602e-01, PNorm = 47.4469, GNorm = 14.6592, lr_0 = 2.7382e-04
Loss = 1.5092e-01, PNorm = 47.4506, GNorm = 11.5591, lr_0 = 2.7404e-04
Loss = 1.5471e-01, PNorm = 47.4542, GNorm = 28.6974, lr_0 = 2.7427e-04
Loss = 1.6133e-01, PNorm = 47.4564, GNorm = 12.4521, lr_0 = 2.7450e-04
Loss = 1.7980e-01, PNorm = 47.4600, GNorm = 9.2125, lr_0 = 2.7472e-04
Loss = 1.3298e-01, PNorm = 47.4639, GNorm = 24.1179, lr_0 = 2.7495e-04
Loss = 1.5542e-01, PNorm = 47.4677, GNorm = 14.3442, lr_0 = 2.7517e-04
Loss = 1.3205e-01, PNorm = 47.4703, GNorm = 28.8883, lr_0 = 2.7540e-04
Loss = 1.6456e-01, PNorm = 47.4721, GNorm = 23.4078, lr_0 = 2.7562e-04
Loss = 1.4104e-01, PNorm = 47.4747, GNorm = 7.8806, lr_0 = 2.7585e-04
Loss = 1.6871e-01, PNorm = 47.4775, GNorm = 27.8097, lr_0 = 2.7607e-04
Loss = 1.6880e-01, PNorm = 47.4813, GNorm = 12.0704, lr_0 = 2.7630e-04
Loss = 1.5171e-01, PNorm = 47.4852, GNorm = 19.5931, lr_0 = 2.7652e-04
Loss = 1.8315e-01, PNorm = 47.4888, GNorm = 9.4609, lr_0 = 2.7675e-04
Loss = 1.6021e-01, PNorm = 47.4921, GNorm = 11.0660, lr_0 = 2.7697e-04
Loss = 1.6828e-01, PNorm = 47.4954, GNorm = 25.0006, lr_0 = 2.7720e-04
Loss = 1.9305e-01, PNorm = 47.4988, GNorm = 27.0253, lr_0 = 2.7743e-04
Loss = 2.1476e-01, PNorm = 47.5018, GNorm = 7.0594, lr_0 = 2.7765e-04
Loss = 1.7459e-01, PNorm = 47.5058, GNorm = 43.1188, lr_0 = 2.7788e-04
Loss = 2.1557e-01, PNorm = 47.5097, GNorm = 47.4177, lr_0 = 2.7810e-04
Loss = 1.9025e-01, PNorm = 47.5125, GNorm = 7.2816, lr_0 = 2.7833e-04
Loss = 1.8394e-01, PNorm = 47.5173, GNorm = 31.7172, lr_0 = 2.7855e-04
Loss = 2.0102e-01, PNorm = 47.5226, GNorm = 36.6488, lr_0 = 2.7878e-04
Loss = 1.6561e-01, PNorm = 47.5281, GNorm = 10.4034, lr_0 = 2.7900e-04
Loss = 1.6757e-01, PNorm = 47.5318, GNorm = 5.3921, lr_0 = 2.7923e-04
Loss = 2.1665e-01, PNorm = 47.5349, GNorm = 39.7173, lr_0 = 2.7945e-04
Loss = 1.8368e-01, PNorm = 47.5371, GNorm = 30.6305, lr_0 = 2.7968e-04
Loss = 1.6872e-01, PNorm = 47.5396, GNorm = 12.5226, lr_0 = 2.7991e-04
Loss = 1.9505e-01, PNorm = 47.5435, GNorm = 30.5598, lr_0 = 2.8013e-04
Loss = 2.1939e-01, PNorm = 47.5481, GNorm = 24.8456, lr_0 = 2.8036e-04
Loss = 1.9072e-01, PNorm = 47.5525, GNorm = 18.1799, lr_0 = 2.8058e-04
Loss = 1.6734e-01, PNorm = 47.5563, GNorm = 21.3582, lr_0 = 2.8081e-04
Loss = 1.9194e-01, PNorm = 47.5603, GNorm = 16.8714, lr_0 = 2.8103e-04
Loss = 1.7618e-01, PNorm = 47.5640, GNorm = 17.7419, lr_0 = 2.8126e-04
Loss = 1.7646e-01, PNorm = 47.5680, GNorm = 7.5823, lr_0 = 2.8148e-04
Loss = 1.5014e-01, PNorm = 47.5709, GNorm = 10.4035, lr_0 = 2.8171e-04
Loss = 1.6039e-01, PNorm = 47.5739, GNorm = 7.4240, lr_0 = 2.8193e-04
Loss = 1.3231e-01, PNorm = 47.5775, GNorm = 18.3960, lr_0 = 2.8216e-04
Loss = 1.6901e-01, PNorm = 47.5813, GNorm = 12.2579, lr_0 = 2.8238e-04
Loss = 2.4401e-01, PNorm = 47.5864, GNorm = 30.0636, lr_0 = 2.8261e-04
Loss = 2.1212e-01, PNorm = 47.5902, GNorm = 5.9356, lr_0 = 2.8284e-04
Loss = 1.9842e-01, PNorm = 47.5943, GNorm = 25.0321, lr_0 = 2.8306e-04
Loss = 1.4184e-01, PNorm = 47.5991, GNorm = 13.7966, lr_0 = 2.8329e-04
Loss = 1.4292e-01, PNorm = 47.6040, GNorm = 10.8356, lr_0 = 2.8351e-04
Loss = 1.3800e-01, PNorm = 47.6079, GNorm = 18.0130, lr_0 = 2.8374e-04
Loss = 1.9302e-01, PNorm = 47.6111, GNorm = 43.2350, lr_0 = 2.8396e-04
Loss = 1.8989e-01, PNorm = 47.6134, GNorm = 15.0062, lr_0 = 2.8419e-04
Loss = 2.3567e-01, PNorm = 47.6163, GNorm = 11.3230, lr_0 = 2.8441e-04
Loss = 1.7322e-01, PNorm = 47.6219, GNorm = 5.4916, lr_0 = 2.8464e-04
Loss = 1.7211e-01, PNorm = 47.6276, GNorm = 6.2340, lr_0 = 2.8486e-04
Loss = 1.7756e-01, PNorm = 47.6306, GNorm = 11.0972, lr_0 = 2.8509e-04
Loss = 1.8447e-01, PNorm = 47.6356, GNorm = 10.7499, lr_0 = 2.8532e-04
Loss = 1.6823e-01, PNorm = 47.6402, GNorm = 7.0010, lr_0 = 2.8554e-04
Loss = 1.4636e-01, PNorm = 47.6452, GNorm = 6.2484, lr_0 = 2.8577e-04
Loss = 1.6013e-01, PNorm = 47.6501, GNorm = 5.3327, lr_0 = 2.8599e-04
Loss = 1.9591e-01, PNorm = 47.6541, GNorm = 8.4389, lr_0 = 2.8622e-04
Loss = 1.7835e-01, PNorm = 47.6570, GNorm = 3.6259, lr_0 = 2.8644e-04
Loss = 1.4916e-01, PNorm = 47.6595, GNorm = 17.6697, lr_0 = 2.8667e-04
Loss = 1.4441e-01, PNorm = 47.6627, GNorm = 12.1725, lr_0 = 2.8689e-04
Loss = 1.4709e-01, PNorm = 47.6647, GNorm = 3.6769, lr_0 = 2.8712e-04
Loss = 1.3086e-01, PNorm = 47.6676, GNorm = 9.6950, lr_0 = 2.8734e-04
Loss = 1.2567e-01, PNorm = 47.6715, GNorm = 16.3100, lr_0 = 2.8757e-04
Loss = 1.4316e-01, PNorm = 47.6751, GNorm = 4.0072, lr_0 = 2.8779e-04
Loss = 1.5983e-01, PNorm = 47.6791, GNorm = 3.3201, lr_0 = 2.8802e-04
Loss = 1.4869e-01, PNorm = 47.6823, GNorm = 17.4808, lr_0 = 2.8825e-04
Loss = 1.4927e-01, PNorm = 47.6863, GNorm = 12.6204, lr_0 = 2.8847e-04
Loss = 1.5760e-01, PNorm = 47.6910, GNorm = 12.8380, lr_0 = 2.8870e-04
Loss = 1.3133e-01, PNorm = 47.6964, GNorm = 4.7831, lr_0 = 2.8892e-04
Loss = 1.4167e-01, PNorm = 47.6996, GNorm = 20.9131, lr_0 = 2.8915e-04
Loss = 1.4791e-01, PNorm = 47.7030, GNorm = 4.5236, lr_0 = 2.8937e-04
Loss = 1.3606e-01, PNorm = 47.7075, GNorm = 27.1703, lr_0 = 2.8960e-04
Loss = 1.5829e-01, PNorm = 47.7117, GNorm = 10.5833, lr_0 = 2.8982e-04
Loss = 1.7351e-01, PNorm = 47.7142, GNorm = 37.6105, lr_0 = 2.9005e-04
Loss = 1.9831e-01, PNorm = 47.7171, GNorm = 25.6060, lr_0 = 2.9027e-04
Loss = 2.3618e-01, PNorm = 47.7202, GNorm = 6.4950, lr_0 = 2.9050e-04
Loss = 2.5776e-01, PNorm = 47.7260, GNorm = 34.4429, lr_0 = 2.9073e-04
Loss = 2.1553e-01, PNorm = 47.7305, GNorm = 5.8922, lr_0 = 2.9095e-04
Loss = 1.6396e-01, PNorm = 47.7351, GNorm = 7.1008, lr_0 = 2.9118e-04
Loss = 1.1831e-01, PNorm = 47.7399, GNorm = 5.3807, lr_0 = 2.9140e-04
Loss = 1.1578e-01, PNorm = 47.7421, GNorm = 11.9949, lr_0 = 2.9163e-04
Loss = 1.2805e-01, PNorm = 47.7446, GNorm = 4.9817, lr_0 = 2.9185e-04
Loss = 1.3851e-01, PNorm = 47.7479, GNorm = 5.3025, lr_0 = 2.9208e-04
Loss = 1.2759e-01, PNorm = 47.7534, GNorm = 13.3734, lr_0 = 2.9230e-04
Loss = 1.3445e-01, PNorm = 47.7574, GNorm = 6.1702, lr_0 = 2.9253e-04
Loss = 1.3743e-01, PNorm = 47.7617, GNorm = 9.0555, lr_0 = 2.9275e-04
Loss = 1.4117e-01, PNorm = 47.7660, GNorm = 15.5805, lr_0 = 2.9298e-04
Loss = 1.1921e-01, PNorm = 47.7693, GNorm = 8.4233, lr_0 = 2.9320e-04
Loss = 1.5088e-01, PNorm = 47.7716, GNorm = 4.6383, lr_0 = 2.9343e-04
Loss = 1.8124e-01, PNorm = 47.7755, GNorm = 20.2379, lr_0 = 2.9366e-04
Loss = 1.1435e-01, PNorm = 47.7792, GNorm = 8.7588, lr_0 = 2.9388e-04
Loss = 1.2501e-01, PNorm = 47.7825, GNorm = 5.8657, lr_0 = 2.9411e-04
Loss = 1.2384e-01, PNorm = 47.7863, GNorm = 9.4508, lr_0 = 2.9433e-04
Loss = 1.5276e-01, PNorm = 47.7892, GNorm = 20.5577, lr_0 = 2.9456e-04
Loss = 1.6109e-01, PNorm = 47.7921, GNorm = 13.9698, lr_0 = 2.9478e-04
Loss = 1.5570e-01, PNorm = 47.7956, GNorm = 8.2901, lr_0 = 2.9501e-04
Loss = 1.3559e-01, PNorm = 47.7996, GNorm = 10.8205, lr_0 = 2.9523e-04
Loss = 1.3214e-01, PNorm = 47.8027, GNorm = 13.1415, lr_0 = 2.9546e-04
Loss = 1.3217e-01, PNorm = 47.8067, GNorm = 12.5412, lr_0 = 2.9568e-04
Loss = 1.1721e-01, PNorm = 47.8100, GNorm = 3.7841, lr_0 = 2.9591e-04
Loss = 1.1687e-01, PNorm = 47.8127, GNorm = 6.2010, lr_0 = 2.9614e-04
Loss = 1.2564e-01, PNorm = 47.8153, GNorm = 3.3276, lr_0 = 2.9636e-04
Loss = 1.3133e-01, PNorm = 47.8194, GNorm = 15.3872, lr_0 = 2.9659e-04
Loss = 1.4849e-01, PNorm = 47.8223, GNorm = 22.8401, lr_0 = 2.9681e-04
Loss = 1.5470e-01, PNorm = 47.8255, GNorm = 6.2476, lr_0 = 2.9704e-04
Loss = 1.2396e-01, PNorm = 47.8295, GNorm = 6.8047, lr_0 = 2.9726e-04
Loss = 1.5753e-01, PNorm = 47.8340, GNorm = 7.4596, lr_0 = 2.9749e-04
Loss = 1.3020e-01, PNorm = 47.8382, GNorm = 7.0557, lr_0 = 2.9771e-04
Loss = 1.2900e-01, PNorm = 47.8423, GNorm = 3.1673, lr_0 = 2.9794e-04
Loss = 1.2507e-01, PNorm = 47.8465, GNorm = 4.8738, lr_0 = 2.9816e-04
Loss = 1.4397e-01, PNorm = 47.8513, GNorm = 15.6564, lr_0 = 2.9839e-04
Loss = 1.5819e-01, PNorm = 47.8555, GNorm = 15.5465, lr_0 = 2.9861e-04
Loss = 2.0530e-01, PNorm = 47.8601, GNorm = 22.3114, lr_0 = 2.9884e-04
Loss = 2.0948e-01, PNorm = 47.8646, GNorm = 5.6705, lr_0 = 2.9907e-04
Loss = 1.8247e-01, PNorm = 47.8686, GNorm = 16.6043, lr_0 = 2.9929e-04
Loss = 1.7736e-01, PNorm = 47.8725, GNorm = 9.9312, lr_0 = 2.9952e-04
Loss = 1.3811e-01, PNorm = 47.8770, GNorm = 4.6312, lr_0 = 2.9974e-04
Loss = 1.4462e-01, PNorm = 47.8816, GNorm = 4.0497, lr_0 = 2.9997e-04
Loss = 1.4723e-01, PNorm = 47.8863, GNorm = 4.8441, lr_0 = 3.0019e-04
Loss = 1.2382e-01, PNorm = 47.8894, GNorm = 9.9980, lr_0 = 3.0042e-04
Loss = 1.3578e-01, PNorm = 47.8930, GNorm = 9.1162, lr_0 = 3.0064e-04
Loss = 1.4252e-01, PNorm = 47.8964, GNorm = 21.5007, lr_0 = 3.0087e-04
Loss = 1.8111e-01, PNorm = 47.8990, GNorm = 16.0400, lr_0 = 3.0109e-04
Loss = 1.5048e-01, PNorm = 47.9023, GNorm = 6.8741, lr_0 = 3.0132e-04
Loss = 1.4126e-01, PNorm = 47.9060, GNorm = 5.0547, lr_0 = 3.0155e-04
Loss = 1.2798e-01, PNorm = 47.9091, GNorm = 6.1695, lr_0 = 3.0177e-04
Loss = 1.4093e-01, PNorm = 47.9141, GNorm = 3.7380, lr_0 = 3.0200e-04
Loss = 1.3007e-01, PNorm = 47.9178, GNorm = 14.4261, lr_0 = 3.0222e-04
Loss = 1.2684e-01, PNorm = 47.9197, GNorm = 10.5785, lr_0 = 3.0245e-04
Loss = 1.3001e-01, PNorm = 47.9227, GNorm = 5.2804, lr_0 = 3.0267e-04
Loss = 1.3077e-01, PNorm = 47.9260, GNorm = 4.3125, lr_0 = 3.0290e-04
Loss = 1.3409e-01, PNorm = 47.9287, GNorm = 5.6769, lr_0 = 3.0312e-04
Loss = 1.1568e-01, PNorm = 47.9318, GNorm = 8.6681, lr_0 = 3.0335e-04
Loss = 1.4821e-01, PNorm = 47.9353, GNorm = 10.3608, lr_0 = 3.0357e-04
Loss = 1.3365e-01, PNorm = 47.9386, GNorm = 3.2063, lr_0 = 3.0380e-04
Loss = 1.2132e-01, PNorm = 47.9427, GNorm = 7.6723, lr_0 = 3.0402e-04
Loss = 1.2048e-01, PNorm = 47.9463, GNorm = 5.6481, lr_0 = 3.0425e-04
Loss = 1.5813e-01, PNorm = 47.9484, GNorm = 18.1335, lr_0 = 3.0448e-04
Loss = 1.8637e-01, PNorm = 47.9522, GNorm = 20.9786, lr_0 = 3.0470e-04
Loss = 1.7161e-01, PNorm = 47.9559, GNorm = 9.6206, lr_0 = 3.0493e-04
Loss = 1.3173e-01, PNorm = 47.9609, GNorm = 6.8071, lr_0 = 3.0515e-04
Loss = 1.3222e-01, PNorm = 47.9650, GNorm = 3.9793, lr_0 = 3.0538e-04
Loss = 1.2150e-01, PNorm = 47.9676, GNorm = 4.4405, lr_0 = 3.0560e-04
Loss = 1.3345e-01, PNorm = 47.9706, GNorm = 6.0352, lr_0 = 3.0583e-04
Loss = 1.4858e-01, PNorm = 47.9743, GNorm = 6.4667, lr_0 = 3.0605e-04
Loss = 1.1928e-01, PNorm = 47.9776, GNorm = 13.5274, lr_0 = 3.0628e-04
Loss = 1.3695e-01, PNorm = 47.9814, GNorm = 7.8469, lr_0 = 3.0650e-04
Loss = 1.3045e-01, PNorm = 47.9876, GNorm = 14.1624, lr_0 = 3.0673e-04
Loss = 1.3294e-01, PNorm = 47.9916, GNorm = 3.3847, lr_0 = 3.0696e-04
Loss = 1.1464e-01, PNorm = 47.9952, GNorm = 6.0777, lr_0 = 3.0718e-04
Loss = 1.3851e-01, PNorm = 47.9992, GNorm = 7.9770, lr_0 = 3.0741e-04
Loss = 1.3310e-01, PNorm = 48.0012, GNorm = 7.9280, lr_0 = 3.0763e-04
Loss = 1.1176e-01, PNorm = 48.0037, GNorm = 5.0787, lr_0 = 3.0786e-04
Loss = 1.2812e-01, PNorm = 48.0060, GNorm = 14.4351, lr_0 = 3.0808e-04
Loss = 1.4776e-01, PNorm = 48.0081, GNorm = 26.1037, lr_0 = 3.0831e-04
Loss = 1.4450e-01, PNorm = 48.0118, GNorm = 21.6974, lr_0 = 3.0853e-04
Loss = 1.7125e-01, PNorm = 48.0160, GNorm = 28.7177, lr_0 = 3.0876e-04
Loss = 1.4340e-01, PNorm = 48.0203, GNorm = 11.1805, lr_0 = 3.0898e-04
Loss = 1.6402e-01, PNorm = 48.0243, GNorm = 20.5291, lr_0 = 3.0921e-04
Loss = 1.5687e-01, PNorm = 48.0284, GNorm = 10.4006, lr_0 = 3.0943e-04
Loss = 1.5019e-01, PNorm = 48.0319, GNorm = 5.5320, lr_0 = 3.0966e-04
Loss = 1.2731e-01, PNorm = 48.0366, GNorm = 4.9986, lr_0 = 3.0989e-04
Loss = 2.3825e-01, PNorm = 48.0403, GNorm = 4.3647, lr_0 = 3.1011e-04
Loss = 1.6761e-01, PNorm = 48.0454, GNorm = 11.0034, lr_0 = 3.1034e-04
Loss = 1.7890e-01, PNorm = 48.0492, GNorm = 10.2765, lr_0 = 3.1056e-04
Loss = 1.8386e-01, PNorm = 48.0537, GNorm = 5.7982, lr_0 = 3.1079e-04
Loss = 1.5379e-01, PNorm = 48.0576, GNorm = 4.7436, lr_0 = 3.1101e-04
Loss = 1.6730e-01, PNorm = 48.0617, GNorm = 18.1782, lr_0 = 3.1124e-04
Loss = 1.4103e-01, PNorm = 48.0663, GNorm = 14.8917, lr_0 = 3.1146e-04
Loss = 1.2758e-01, PNorm = 48.0705, GNorm = 10.0189, lr_0 = 3.1169e-04
Loss = 1.7665e-01, PNorm = 48.0764, GNorm = 9.0143, lr_0 = 3.1191e-04
Loss = 1.1641e-01, PNorm = 48.0808, GNorm = 3.7436, lr_0 = 3.1214e-04
Loss = 1.2518e-01, PNorm = 48.0852, GNorm = 5.3892, lr_0 = 3.1237e-04
Loss = 1.2110e-01, PNorm = 48.0901, GNorm = 9.6677, lr_0 = 3.1259e-04
Loss = 1.1423e-01, PNorm = 48.0939, GNorm = 6.2686, lr_0 = 3.1282e-04
Loss = 1.1793e-01, PNorm = 48.0974, GNorm = 18.7092, lr_0 = 3.1304e-04
Loss = 1.5094e-01, PNorm = 48.1016, GNorm = 26.2130, lr_0 = 3.1327e-04
Loss = 1.3787e-01, PNorm = 48.1053, GNorm = 11.5627, lr_0 = 3.1349e-04
Loss = 1.3147e-01, PNorm = 48.1092, GNorm = 9.0293, lr_0 = 3.1372e-04
Loss = 1.7533e-01, PNorm = 48.1137, GNorm = 10.0858, lr_0 = 3.1394e-04
Loss = 1.4712e-01, PNorm = 48.1180, GNorm = 20.1216, lr_0 = 3.1417e-04
Loss = 1.2682e-01, PNorm = 48.1224, GNorm = 3.5631, lr_0 = 3.1439e-04
Loss = 1.2398e-01, PNorm = 48.1274, GNorm = 7.5739, lr_0 = 3.1462e-04
Loss = 1.0650e-01, PNorm = 48.1322, GNorm = 6.1195, lr_0 = 3.1484e-04
Loss = 1.0005e-01, PNorm = 48.1351, GNorm = 8.2346, lr_0 = 3.1507e-04
Loss = 1.5971e-01, PNorm = 48.1364, GNorm = 6.6678, lr_0 = 3.1530e-04
Loss = 1.3117e-01, PNorm = 48.1392, GNorm = 4.4512, lr_0 = 3.1552e-04
Loss = 1.4257e-01, PNorm = 48.1438, GNorm = 14.0477, lr_0 = 3.1575e-04
Loss = 1.2044e-01, PNorm = 48.1475, GNorm = 7.1866, lr_0 = 3.1597e-04
Loss = 9.9414e-02, PNorm = 48.1518, GNorm = 7.6234, lr_0 = 3.1620e-04
Loss = 1.5177e-01, PNorm = 48.1561, GNorm = 13.5649, lr_0 = 3.1642e-04
Loss = 1.3541e-01, PNorm = 48.1614, GNorm = 14.1976, lr_0 = 3.1665e-04
Loss = 1.1633e-01, PNorm = 48.1664, GNorm = 6.8310, lr_0 = 3.1687e-04
Loss = 1.3526e-01, PNorm = 48.1700, GNorm = 10.7285, lr_0 = 3.1710e-04
Loss = 1.1883e-01, PNorm = 48.1729, GNorm = 4.4290, lr_0 = 3.1732e-04
Loss = 1.3038e-01, PNorm = 48.1749, GNorm = 6.6669, lr_0 = 3.1755e-04
Loss = 1.1502e-01, PNorm = 48.1773, GNorm = 7.8610, lr_0 = 3.1778e-04
Loss = 1.1963e-01, PNorm = 48.1810, GNorm = 5.2609, lr_0 = 3.1800e-04
Loss = 1.0920e-01, PNorm = 48.1850, GNorm = 10.0752, lr_0 = 3.1823e-04
Loss = 1.3815e-01, PNorm = 48.1880, GNorm = 19.3288, lr_0 = 3.1845e-04
Loss = 1.5960e-01, PNorm = 48.1925, GNorm = 19.7180, lr_0 = 3.1868e-04
Loss = 1.3745e-01, PNorm = 48.1966, GNorm = 5.6353, lr_0 = 3.1890e-04
Loss = 1.3996e-01, PNorm = 48.2014, GNorm = 7.4963, lr_0 = 3.1913e-04
Loss = 1.4102e-01, PNorm = 48.2062, GNorm = 3.0542, lr_0 = 3.1935e-04
Loss = 1.3522e-01, PNorm = 48.2109, GNorm = 8.7462, lr_0 = 3.1958e-04
Loss = 1.7517e-01, PNorm = 48.2138, GNorm = 25.5194, lr_0 = 3.1980e-04
Loss = 1.6821e-01, PNorm = 48.2190, GNorm = 3.3742, lr_0 = 3.2003e-04
Loss = 1.4779e-01, PNorm = 48.2245, GNorm = 12.6953, lr_0 = 3.2025e-04
Loss = 1.2755e-01, PNorm = 48.2305, GNorm = 5.1891, lr_0 = 3.2048e-04
Loss = 1.6626e-01, PNorm = 48.2377, GNorm = 18.9448, lr_0 = 3.2071e-04
Loss = 1.4654e-01, PNorm = 48.2431, GNorm = 3.4226, lr_0 = 3.2093e-04
Loss = 1.6035e-01, PNorm = 48.2489, GNorm = 23.8315, lr_0 = 3.2116e-04
Loss = 1.4996e-01, PNorm = 48.2536, GNorm = 3.7583, lr_0 = 3.2138e-04
Loss = 1.6928e-01, PNorm = 48.2574, GNorm = 26.8319, lr_0 = 3.2161e-04
Loss = 1.5840e-01, PNorm = 48.2617, GNorm = 9.2046, lr_0 = 3.2183e-04
Loss = 1.2945e-01, PNorm = 48.2659, GNorm = 4.1867, lr_0 = 3.2206e-04
Loss = 1.2060e-01, PNorm = 48.2706, GNorm = 15.4541, lr_0 = 3.2228e-04
Loss = 1.4611e-01, PNorm = 48.2744, GNorm = 18.6966, lr_0 = 3.2251e-04
Loss = 1.3713e-01, PNorm = 48.2782, GNorm = 7.9439, lr_0 = 3.2273e-04
Loss = 1.1137e-01, PNorm = 48.2817, GNorm = 12.2144, lr_0 = 3.2296e-04
Loss = 1.3487e-01, PNorm = 48.2852, GNorm = 15.3657, lr_0 = 3.2319e-04
Loss = 1.2947e-01, PNorm = 48.2884, GNorm = 8.6865, lr_0 = 3.2341e-04
Loss = 1.2397e-01, PNorm = 48.2903, GNorm = 2.9318, lr_0 = 3.2364e-04
Loss = 1.2756e-01, PNorm = 48.2945, GNorm = 5.4195, lr_0 = 3.2386e-04
Loss = 1.0356e-01, PNorm = 48.2983, GNorm = 5.6115, lr_0 = 3.2409e-04
Loss = 1.3728e-01, PNorm = 48.3016, GNorm = 12.6717, lr_0 = 3.2431e-04
Loss = 1.1999e-01, PNorm = 48.3061, GNorm = 4.7816, lr_0 = 3.2454e-04
Loss = 1.1673e-01, PNorm = 48.3118, GNorm = 10.2205, lr_0 = 3.2476e-04
Loss = 1.1902e-01, PNorm = 48.3175, GNorm = 4.5666, lr_0 = 3.2499e-04
Loss = 1.0784e-01, PNorm = 48.3212, GNorm = 3.5133, lr_0 = 3.2521e-04
Loss = 1.1910e-01, PNorm = 48.3260, GNorm = 4.9780, lr_0 = 3.2544e-04
Loss = 1.2808e-01, PNorm = 48.3291, GNorm = 4.8236, lr_0 = 3.2566e-04
Loss = 1.0813e-01, PNorm = 48.3338, GNorm = 6.8719, lr_0 = 3.2589e-04
Loss = 1.2327e-01, PNorm = 48.3371, GNorm = 2.9028, lr_0 = 3.2612e-04
Loss = 1.1417e-01, PNorm = 48.3398, GNorm = 8.6651, lr_0 = 3.2634e-04
Loss = 1.2844e-01, PNorm = 48.3437, GNorm = 7.6496, lr_0 = 3.2657e-04
Loss = 1.0845e-01, PNorm = 48.3476, GNorm = 6.4599, lr_0 = 3.2679e-04
Loss = 1.0774e-01, PNorm = 48.3512, GNorm = 5.4773, lr_0 = 3.2702e-04
Loss = 1.2855e-01, PNorm = 48.3547, GNorm = 4.5701, lr_0 = 3.2724e-04
Loss = 1.5917e-01, PNorm = 48.3603, GNorm = 15.1501, lr_0 = 3.2747e-04
Loss = 1.8757e-01, PNorm = 48.3654, GNorm = 24.5342, lr_0 = 3.2769e-04
Loss = 1.4300e-01, PNorm = 48.3709, GNorm = 2.4522, lr_0 = 3.2792e-04
Loss = 1.3146e-01, PNorm = 48.3755, GNorm = 11.7913, lr_0 = 3.2814e-04
Loss = 1.3941e-01, PNorm = 48.3799, GNorm = 2.9953, lr_0 = 3.2837e-04
Loss = 1.6539e-01, PNorm = 48.3868, GNorm = 15.4658, lr_0 = 3.2860e-04
Loss = 1.5227e-01, PNorm = 48.3913, GNorm = 9.3048, lr_0 = 3.2882e-04
Loss = 1.2406e-01, PNorm = 48.3948, GNorm = 10.5023, lr_0 = 3.2905e-04
Loss = 1.6503e-01, PNorm = 48.3979, GNorm = 26.7700, lr_0 = 3.2927e-04
Loss = 1.8017e-01, PNorm = 48.4019, GNorm = 4.9064, lr_0 = 3.2950e-04
Loss = 1.3471e-01, PNorm = 48.4078, GNorm = 9.2751, lr_0 = 3.2972e-04
Loss = 1.1790e-01, PNorm = 48.4133, GNorm = 5.8954, lr_0 = 3.2995e-04
Loss = 1.0036e-01, PNorm = 48.4167, GNorm = 3.7729, lr_0 = 3.3017e-04
Loss = 1.1647e-01, PNorm = 48.4221, GNorm = 3.3914, lr_0 = 3.3040e-04
Loss = 1.1039e-01, PNorm = 48.4273, GNorm = 10.7998, lr_0 = 3.3062e-04
Loss = 1.0808e-01, PNorm = 48.4310, GNorm = 7.4778, lr_0 = 3.3085e-04
Loss = 1.2686e-01, PNorm = 48.4343, GNorm = 3.4168, lr_0 = 3.3107e-04
Loss = 1.0397e-01, PNorm = 48.4396, GNorm = 3.3378, lr_0 = 3.3130e-04
Loss = 1.1583e-01, PNorm = 48.4449, GNorm = 11.2753, lr_0 = 3.3153e-04
Loss = 1.1604e-01, PNorm = 48.4493, GNorm = 8.6083, lr_0 = 3.3175e-04
Loss = 1.1835e-01, PNorm = 48.4545, GNorm = 10.6607, lr_0 = 3.3198e-04
Loss = 1.7644e-01, PNorm = 48.4574, GNorm = 6.1166, lr_0 = 3.3220e-04
Loss = 1.5388e-01, PNorm = 48.4617, GNorm = 12.7039, lr_0 = 3.3243e-04
Loss = 1.5462e-01, PNorm = 48.4675, GNorm = 16.5867, lr_0 = 3.3265e-04
Loss = 1.5130e-01, PNorm = 48.4722, GNorm = 5.7473, lr_0 = 3.3288e-04
Loss = 1.3403e-01, PNorm = 48.4765, GNorm = 3.1575, lr_0 = 3.3310e-04
Loss = 1.2511e-01, PNorm = 48.4812, GNorm = 5.0841, lr_0 = 3.3333e-04
Loss = 1.1012e-01, PNorm = 48.4865, GNorm = 5.8700, lr_0 = 3.3355e-04
Loss = 1.4001e-01, PNorm = 48.4921, GNorm = 14.2766, lr_0 = 3.3378e-04
Loss = 1.3109e-01, PNorm = 48.4944, GNorm = 12.4836, lr_0 = 3.3401e-04
Loss = 1.4127e-01, PNorm = 48.4977, GNorm = 8.4728, lr_0 = 3.3423e-04
Loss = 1.2190e-01, PNorm = 48.5017, GNorm = 8.5257, lr_0 = 3.3446e-04
Loss = 1.4663e-01, PNorm = 48.5067, GNorm = 3.8849, lr_0 = 3.3468e-04
Loss = 1.1792e-01, PNorm = 48.5125, GNorm = 3.8046, lr_0 = 3.3491e-04
Loss = 1.3434e-01, PNorm = 48.5181, GNorm = 5.5176, lr_0 = 3.3513e-04
Loss = 1.1252e-01, PNorm = 48.5210, GNorm = 3.2408, lr_0 = 3.3536e-04
Loss = 1.2919e-01, PNorm = 48.5245, GNorm = 7.1603, lr_0 = 3.3558e-04
Loss = 1.2135e-01, PNorm = 48.5285, GNorm = 6.3695, lr_0 = 3.3581e-04
Loss = 1.1837e-01, PNorm = 48.5320, GNorm = 13.5802, lr_0 = 3.3603e-04
Loss = 1.1677e-01, PNorm = 48.5355, GNorm = 3.9110, lr_0 = 3.3626e-04
Loss = 1.0352e-01, PNorm = 48.5391, GNorm = 3.2758, lr_0 = 3.3648e-04
Loss = 1.1236e-01, PNorm = 48.5417, GNorm = 13.3250, lr_0 = 3.3671e-04
Loss = 1.2964e-01, PNorm = 48.5445, GNorm = 5.3386, lr_0 = 3.3694e-04
Loss = 1.3455e-01, PNorm = 48.5494, GNorm = 6.9101, lr_0 = 3.3716e-04
Loss = 1.2530e-01, PNorm = 48.5556, GNorm = 13.3561, lr_0 = 3.3739e-04
Loss = 1.0918e-01, PNorm = 48.5616, GNorm = 2.5132, lr_0 = 3.3761e-04
Loss = 1.0271e-01, PNorm = 48.5670, GNorm = 3.4476, lr_0 = 3.3784e-04
Loss = 1.4497e-01, PNorm = 48.5696, GNorm = 6.5386, lr_0 = 3.3806e-04
Loss = 1.3314e-01, PNorm = 48.5748, GNorm = 16.5192, lr_0 = 3.3829e-04
Loss = 1.2497e-01, PNorm = 48.5808, GNorm = 9.6907, lr_0 = 3.3851e-04
Loss = 1.0677e-01, PNorm = 48.5856, GNorm = 5.4736, lr_0 = 3.3874e-04
Loss = 1.0856e-01, PNorm = 48.5894, GNorm = 6.7420, lr_0 = 3.3896e-04
Loss = 1.0508e-01, PNorm = 48.5917, GNorm = 5.9209, lr_0 = 3.3919e-04
Loss = 9.6311e-02, PNorm = 48.5938, GNorm = 5.8145, lr_0 = 3.3942e-04
Loss = 1.1046e-01, PNorm = 48.5976, GNorm = 8.6782, lr_0 = 3.3964e-04
Loss = 1.1043e-01, PNorm = 48.6017, GNorm = 4.6953, lr_0 = 3.3987e-04
Loss = 1.2180e-01, PNorm = 48.6050, GNorm = 14.6258, lr_0 = 3.4009e-04
Loss = 1.0408e-01, PNorm = 48.6096, GNorm = 4.2485, lr_0 = 3.4032e-04
Loss = 1.2939e-01, PNorm = 48.6155, GNorm = 3.2249, lr_0 = 3.4054e-04
Loss = 1.3536e-01, PNorm = 48.6211, GNorm = 4.0412, lr_0 = 3.4077e-04
Loss = 1.6527e-01, PNorm = 48.6259, GNorm = 11.0774, lr_0 = 3.4099e-04
Loss = 1.4351e-01, PNorm = 48.6309, GNorm = 8.3759, lr_0 = 3.4122e-04
Loss = 1.2868e-01, PNorm = 48.6356, GNorm = 4.7753, lr_0 = 3.4144e-04
Loss = 1.0910e-01, PNorm = 48.6391, GNorm = 17.6300, lr_0 = 3.4167e-04
Loss = 1.2522e-01, PNorm = 48.6428, GNorm = 4.3156, lr_0 = 3.4190e-04
Loss = 1.1139e-01, PNorm = 48.6474, GNorm = 5.3250, lr_0 = 3.4212e-04
Loss = 1.2325e-01, PNorm = 48.6534, GNorm = 12.2150, lr_0 = 3.4235e-04
Loss = 9.9964e-02, PNorm = 48.6583, GNorm = 8.5588, lr_0 = 3.4257e-04
Loss = 1.2491e-01, PNorm = 48.6615, GNorm = 7.1986, lr_0 = 3.4280e-04
Loss = 1.1492e-01, PNorm = 48.6662, GNorm = 4.8008, lr_0 = 3.4302e-04
Loss = 1.0824e-01, PNorm = 48.6715, GNorm = 3.5124, lr_0 = 3.4325e-04
Loss = 9.7873e-02, PNorm = 48.6761, GNorm = 3.5379, lr_0 = 3.4347e-04
Loss = 1.1693e-01, PNorm = 48.6806, GNorm = 8.5004, lr_0 = 3.4370e-04
Loss = 1.0319e-01, PNorm = 48.6853, GNorm = 8.7152, lr_0 = 3.4392e-04
Loss = 1.3256e-01, PNorm = 48.6869, GNorm = 11.7022, lr_0 = 3.4415e-04
Loss = 1.2708e-01, PNorm = 48.6890, GNorm = 2.8030, lr_0 = 3.4437e-04
Loss = 1.1740e-01, PNorm = 48.6926, GNorm = 2.5983, lr_0 = 3.4460e-04
Loss = 1.1616e-01, PNorm = 48.6973, GNorm = 5.9873, lr_0 = 3.4483e-04
Loss = 1.4325e-01, PNorm = 48.7024, GNorm = 3.2070, lr_0 = 3.4505e-04
Loss = 1.1052e-01, PNorm = 48.7069, GNorm = 13.3330, lr_0 = 3.4528e-04
Loss = 1.2312e-01, PNorm = 48.7112, GNorm = 3.1398, lr_0 = 3.4550e-04
Loss = 1.2178e-01, PNorm = 48.7137, GNorm = 5.2985, lr_0 = 3.4573e-04
Loss = 1.2152e-01, PNorm = 48.7180, GNorm = 2.1926, lr_0 = 3.4595e-04
Loss = 1.0380e-01, PNorm = 48.7216, GNorm = 3.5964, lr_0 = 3.4618e-04
Loss = 1.0999e-01, PNorm = 48.7255, GNorm = 13.3710, lr_0 = 3.4640e-04
Loss = 1.1539e-01, PNorm = 48.7305, GNorm = 5.0967, lr_0 = 3.4663e-04
Loss = 1.2492e-01, PNorm = 48.7348, GNorm = 4.7333, lr_0 = 3.4685e-04
Loss = 1.2762e-01, PNorm = 48.7396, GNorm = 13.2106, lr_0 = 3.4708e-04
Loss = 1.1004e-01, PNorm = 48.7450, GNorm = 4.1942, lr_0 = 3.4731e-04
Loss = 1.0485e-01, PNorm = 48.7500, GNorm = 7.4252, lr_0 = 3.4753e-04
Loss = 8.7131e-02, PNorm = 48.7533, GNorm = 5.2111, lr_0 = 3.4776e-04
Loss = 8.8833e-02, PNorm = 48.7567, GNorm = 6.6588, lr_0 = 3.4798e-04
Loss = 1.2686e-01, PNorm = 48.7612, GNorm = 10.5363, lr_0 = 3.4821e-04
Loss = 1.1474e-01, PNorm = 48.7644, GNorm = 21.9038, lr_0 = 3.4843e-04
Loss = 1.4188e-01, PNorm = 48.7676, GNorm = 12.4308, lr_0 = 3.4866e-04
Loss = 1.3379e-01, PNorm = 48.7729, GNorm = 6.7138, lr_0 = 3.4888e-04
Loss = 1.1927e-01, PNorm = 48.7782, GNorm = 8.5047, lr_0 = 3.4911e-04
Loss = 9.9298e-02, PNorm = 48.7833, GNorm = 7.1800, lr_0 = 3.4933e-04
Loss = 1.2112e-01, PNorm = 48.7879, GNorm = 10.1977, lr_0 = 3.4956e-04
Loss = 1.3769e-01, PNorm = 48.7918, GNorm = 3.4957, lr_0 = 3.4978e-04
Loss = 1.1093e-01, PNorm = 48.7966, GNorm = 12.0195, lr_0 = 3.5001e-04
Loss = 1.2201e-01, PNorm = 48.8003, GNorm = 10.7308, lr_0 = 3.5024e-04
Loss = 1.4921e-01, PNorm = 48.8053, GNorm = 5.5834, lr_0 = 3.5046e-04
Loss = 1.3704e-01, PNorm = 48.8143, GNorm = 6.8775, lr_0 = 3.5069e-04
Loss = 1.3742e-01, PNorm = 48.8213, GNorm = 8.7046, lr_0 = 3.5091e-04
Loss = 1.2708e-01, PNorm = 48.8278, GNorm = 5.6017, lr_0 = 3.5114e-04
Loss = 1.2598e-01, PNorm = 48.8353, GNorm = 3.9616, lr_0 = 3.5136e-04
Loss = 1.1156e-01, PNorm = 48.8436, GNorm = 5.3246, lr_0 = 3.5159e-04
Loss = 1.3058e-01, PNorm = 48.8517, GNorm = 11.4389, lr_0 = 3.5181e-04
Loss = 1.2232e-01, PNorm = 48.8587, GNorm = 9.1786, lr_0 = 3.5204e-04
Loss = 1.2327e-01, PNorm = 48.8639, GNorm = 5.9424, lr_0 = 3.5226e-04
Loss = 1.0267e-01, PNorm = 48.8693, GNorm = 12.8572, lr_0 = 3.5249e-04
Loss = 1.0228e-01, PNorm = 48.8725, GNorm = 12.8359, lr_0 = 3.5272e-04
Loss = 1.1828e-01, PNorm = 48.8778, GNorm = 9.8291, lr_0 = 3.5294e-04
Loss = 9.9399e-02, PNorm = 48.8835, GNorm = 5.6320, lr_0 = 3.5317e-04
Loss = 1.1093e-01, PNorm = 48.8873, GNorm = 12.0296, lr_0 = 3.5339e-04
Loss = 8.7001e-02, PNorm = 48.8904, GNorm = 1.9359, lr_0 = 3.5362e-04
Loss = 9.6261e-02, PNorm = 48.8955, GNorm = 2.9364, lr_0 = 3.5384e-04
Loss = 1.0118e-01, PNorm = 48.9013, GNorm = 3.2867, lr_0 = 3.5407e-04
Loss = 9.3402e-02, PNorm = 48.9068, GNorm = 3.9655, lr_0 = 3.5429e-04
Loss = 1.2470e-01, PNorm = 48.9138, GNorm = 2.7853, lr_0 = 3.5452e-04
Loss = 1.0655e-01, PNorm = 48.9186, GNorm = 2.5652, lr_0 = 3.5474e-04
Loss = 1.2688e-01, PNorm = 48.9227, GNorm = 6.5031, lr_0 = 3.5497e-04
Loss = 9.9325e-02, PNorm = 48.9268, GNorm = 3.4373, lr_0 = 3.5519e-04
Loss = 9.7156e-02, PNorm = 48.9314, GNorm = 3.2450, lr_0 = 3.5542e-04
Loss = 1.1986e-01, PNorm = 48.9359, GNorm = 3.6292, lr_0 = 3.5565e-04
Loss = 1.1594e-01, PNorm = 48.9403, GNorm = 10.8479, lr_0 = 3.5587e-04
Loss = 8.7029e-02, PNorm = 48.9446, GNorm = 4.6509, lr_0 = 3.5610e-04
Loss = 1.0153e-01, PNorm = 48.9510, GNorm = 11.1454, lr_0 = 3.5632e-04
Loss = 1.3166e-01, PNorm = 48.9555, GNorm = 3.0795, lr_0 = 3.5655e-04
Loss = 1.6027e-01, PNorm = 48.9600, GNorm = 20.8896, lr_0 = 3.5677e-04
Loss = 1.7036e-01, PNorm = 48.9669, GNorm = 5.3405, lr_0 = 3.5700e-04
Loss = 1.4378e-01, PNorm = 48.9758, GNorm = 14.0802, lr_0 = 3.5722e-04
Loss = 9.9730e-02, PNorm = 48.9825, GNorm = 3.6028, lr_0 = 3.5745e-04
Loss = 1.1045e-01, PNorm = 48.9869, GNorm = 7.7991, lr_0 = 3.5767e-04
Loss = 8.9718e-02, PNorm = 48.9895, GNorm = 3.1391, lr_0 = 3.5790e-04
Loss = 1.0794e-01, PNorm = 48.9915, GNorm = 11.8568, lr_0 = 3.5813e-04
Loss = 1.2059e-01, PNorm = 48.9957, GNorm = 8.2526, lr_0 = 3.5835e-04
Loss = 1.5953e-01, PNorm = 49.0009, GNorm = 13.9554, lr_0 = 3.5858e-04
Loss = 1.3196e-01, PNorm = 49.0054, GNorm = 7.6237, lr_0 = 3.5880e-04
Loss = 1.1975e-01, PNorm = 49.0125, GNorm = 4.7540, lr_0 = 3.5903e-04
Loss = 1.0884e-01, PNorm = 49.0160, GNorm = 6.5457, lr_0 = 3.5925e-04
Loss = 1.1750e-01, PNorm = 49.0205, GNorm = 7.0988, lr_0 = 3.5948e-04
Loss = 1.2300e-01, PNorm = 49.0249, GNorm = 5.3741, lr_0 = 3.5970e-04
Loss = 1.0191e-01, PNorm = 49.0302, GNorm = 8.3537, lr_0 = 3.5993e-04
Loss = 1.1414e-01, PNorm = 49.0350, GNorm = 5.9867, lr_0 = 3.6015e-04
Loss = 1.2066e-01, PNorm = 49.0396, GNorm = 5.5204, lr_0 = 3.6038e-04
Loss = 1.3041e-01, PNorm = 49.0450, GNorm = 10.9944, lr_0 = 3.6060e-04
Loss = 1.1280e-01, PNorm = 49.0507, GNorm = 3.0237, lr_0 = 3.6083e-04
Loss = 1.2305e-01, PNorm = 49.0577, GNorm = 9.5169, lr_0 = 3.6106e-04
Loss = 1.0749e-01, PNorm = 49.0622, GNorm = 5.1113, lr_0 = 3.6128e-04
Loss = 1.1687e-01, PNorm = 49.0677, GNorm = 7.0869, lr_0 = 3.6151e-04
Loss = 9.9092e-02, PNorm = 49.0723, GNorm = 9.5776, lr_0 = 3.6173e-04
Loss = 1.2099e-01, PNorm = 49.0776, GNorm = 7.3596, lr_0 = 3.6196e-04
Loss = 1.0300e-01, PNorm = 49.0824, GNorm = 6.9372, lr_0 = 3.6218e-04
Loss = 1.0827e-01, PNorm = 49.0878, GNorm = 2.2490, lr_0 = 3.6241e-04
Loss = 1.1019e-01, PNorm = 49.0936, GNorm = 11.4290, lr_0 = 3.6263e-04
Loss = 1.1768e-01, PNorm = 49.0984, GNorm = 2.7682, lr_0 = 3.6286e-04
Loss = 1.1954e-01, PNorm = 49.1034, GNorm = 3.5546, lr_0 = 3.6308e-04
Loss = 1.0812e-01, PNorm = 49.1088, GNorm = 2.1709, lr_0 = 3.6331e-04
Loss = 8.8184e-02, PNorm = 49.1150, GNorm = 2.5097, lr_0 = 3.6354e-04
Loss = 1.1187e-01, PNorm = 49.1189, GNorm = 8.5047, lr_0 = 3.6376e-04
Loss = 1.0140e-01, PNorm = 49.1246, GNorm = 4.6961, lr_0 = 3.6399e-04
Loss = 1.2348e-01, PNorm = 49.1276, GNorm = 6.5944, lr_0 = 3.6421e-04
Loss = 9.8083e-02, PNorm = 49.1336, GNorm = 3.6010, lr_0 = 3.6444e-04
Loss = 9.9538e-02, PNorm = 49.1384, GNorm = 8.9774, lr_0 = 3.6466e-04
Loss = 1.0742e-01, PNorm = 49.1440, GNorm = 7.1237, lr_0 = 3.6489e-04
Loss = 9.4968e-02, PNorm = 49.1497, GNorm = 2.0136, lr_0 = 3.6511e-04
Loss = 9.7339e-02, PNorm = 49.1547, GNorm = 4.7750, lr_0 = 3.6534e-04
Loss = 1.2158e-01, PNorm = 49.1585, GNorm = 2.6056, lr_0 = 3.6556e-04
Loss = 1.2484e-01, PNorm = 49.1636, GNorm = 12.5436, lr_0 = 3.6579e-04
Loss = 1.2143e-01, PNorm = 49.1690, GNorm = 4.5103, lr_0 = 3.6601e-04
Loss = 9.7337e-02, PNorm = 49.1744, GNorm = 3.1409, lr_0 = 3.6624e-04
Loss = 1.1465e-01, PNorm = 49.1794, GNorm = 7.7425, lr_0 = 3.6647e-04
Loss = 1.0586e-01, PNorm = 49.1838, GNorm = 3.9651, lr_0 = 3.6669e-04
Loss = 1.0552e-01, PNorm = 49.1877, GNorm = 4.2077, lr_0 = 3.6692e-04
Loss = 1.3350e-01, PNorm = 49.1941, GNorm = 14.0334, lr_0 = 3.6714e-04
Loss = 1.0904e-01, PNorm = 49.1994, GNorm = 6.1266, lr_0 = 3.6737e-04
Loss = 1.0249e-01, PNorm = 49.2042, GNorm = 10.3113, lr_0 = 3.6759e-04
Loss = 9.1563e-02, PNorm = 49.2081, GNorm = 6.0429, lr_0 = 3.6782e-04
Loss = 9.3140e-02, PNorm = 49.2133, GNorm = 4.3419, lr_0 = 3.6804e-04
Loss = 8.8520e-02, PNorm = 49.2180, GNorm = 6.1216, lr_0 = 3.6827e-04
Loss = 1.0470e-01, PNorm = 49.2244, GNorm = 13.4602, lr_0 = 3.6849e-04
Loss = 9.6219e-02, PNorm = 49.2303, GNorm = 2.8475, lr_0 = 3.6872e-04
Loss = 1.0788e-01, PNorm = 49.2316, GNorm = 8.8007, lr_0 = 3.6895e-04
Loss = 1.1066e-01, PNorm = 49.2336, GNorm = 8.2435, lr_0 = 3.6917e-04
Loss = 1.1592e-01, PNorm = 49.2394, GNorm = 3.5367, lr_0 = 3.6940e-04
Loss = 8.3759e-02, PNorm = 49.2434, GNorm = 2.6315, lr_0 = 3.6962e-04
Loss = 9.8526e-02, PNorm = 49.2475, GNorm = 3.5556, lr_0 = 3.6985e-04
Loss = 9.4686e-02, PNorm = 49.2523, GNorm = 4.1889, lr_0 = 3.7007e-04
Loss = 8.5907e-02, PNorm = 49.2566, GNorm = 3.3988, lr_0 = 3.7030e-04
Loss = 9.5246e-02, PNorm = 49.2616, GNorm = 3.5998, lr_0 = 3.7052e-04
Loss = 8.4758e-02, PNorm = 49.2660, GNorm = 5.1829, lr_0 = 3.7075e-04
Loss = 9.7205e-02, PNorm = 49.2718, GNorm = 7.9521, lr_0 = 3.7097e-04
Loss = 9.5947e-02, PNorm = 49.2754, GNorm = 4.2192, lr_0 = 3.7120e-04
Loss = 1.1204e-01, PNorm = 49.2807, GNorm = 6.2185, lr_0 = 3.7142e-04
Loss = 1.0235e-01, PNorm = 49.2874, GNorm = 3.9696, lr_0 = 3.7165e-04
Loss = 1.0835e-01, PNorm = 49.2931, GNorm = 4.6888, lr_0 = 3.7188e-04
Loss = 9.0414e-02, PNorm = 49.3011, GNorm = 3.5744, lr_0 = 3.7210e-04
Loss = 1.0774e-01, PNorm = 49.3073, GNorm = 10.6427, lr_0 = 3.7233e-04
Loss = 1.9519e-01, PNorm = 49.3125, GNorm = 16.0385, lr_0 = 3.7255e-04
Loss = 1.8244e-01, PNorm = 49.3200, GNorm = 5.4236, lr_0 = 3.7278e-04
Loss = 1.4277e-01, PNorm = 49.3284, GNorm = 9.3040, lr_0 = 3.7300e-04
Loss = 1.0874e-01, PNorm = 49.3323, GNorm = 7.4234, lr_0 = 3.7323e-04
Loss = 1.3202e-01, PNorm = 49.3373, GNorm = 10.6211, lr_0 = 3.7345e-04
Loss = 1.0182e-01, PNorm = 49.3456, GNorm = 2.6602, lr_0 = 3.7368e-04
Loss = 1.0579e-01, PNorm = 49.3537, GNorm = 2.7525, lr_0 = 3.7390e-04
Loss = 9.6536e-02, PNorm = 49.3598, GNorm = 10.9125, lr_0 = 3.7413e-04
Loss = 1.1450e-01, PNorm = 49.3622, GNorm = 6.8299, lr_0 = 3.7436e-04
Loss = 1.1718e-01, PNorm = 49.3675, GNorm = 6.5879, lr_0 = 3.7458e-04
Loss = 9.6405e-02, PNorm = 49.3728, GNorm = 5.5265, lr_0 = 3.7481e-04
Loss = 9.4113e-02, PNorm = 49.3786, GNorm = 3.3854, lr_0 = 3.7503e-04
Loss = 1.0486e-01, PNorm = 49.3827, GNorm = 4.8082, lr_0 = 3.7526e-04
Loss = 8.9930e-02, PNorm = 49.3855, GNorm = 7.3233, lr_0 = 3.7548e-04
Loss = 8.8336e-02, PNorm = 49.3902, GNorm = 2.1694, lr_0 = 3.7571e-04
Loss = 8.7603e-02, PNorm = 49.3942, GNorm = 2.8233, lr_0 = 3.7593e-04
Loss = 9.5282e-02, PNorm = 49.3978, GNorm = 9.0480, lr_0 = 3.7616e-04
Loss = 1.0983e-01, PNorm = 49.4033, GNorm = 2.6109, lr_0 = 3.7638e-04
Loss = 9.3810e-02, PNorm = 49.4095, GNorm = 4.8487, lr_0 = 3.7661e-04
Loss = 9.2598e-02, PNorm = 49.4132, GNorm = 14.8812, lr_0 = 3.7683e-04
Loss = 1.3586e-01, PNorm = 49.4179, GNorm = 12.5745, lr_0 = 3.7706e-04
Loss = 9.7119e-02, PNorm = 49.4234, GNorm = 4.7285, lr_0 = 3.7729e-04
Loss = 1.0337e-01, PNorm = 49.4286, GNorm = 2.7268, lr_0 = 3.7751e-04
Loss = 9.0569e-02, PNorm = 49.4328, GNorm = 2.3000, lr_0 = 3.7774e-04
Loss = 8.6405e-02, PNorm = 49.4385, GNorm = 2.9429, lr_0 = 3.7796e-04
Loss = 8.0262e-02, PNorm = 49.4439, GNorm = 3.6139, lr_0 = 3.7819e-04
Loss = 8.0043e-02, PNorm = 49.4477, GNorm = 4.1552, lr_0 = 3.7841e-04
Loss = 7.4170e-02, PNorm = 49.4507, GNorm = 5.4120, lr_0 = 3.7864e-04
Loss = 8.2840e-02, PNorm = 49.4530, GNorm = 4.9114, lr_0 = 3.7886e-04
Loss = 9.7714e-02, PNorm = 49.4573, GNorm = 3.4418, lr_0 = 3.7909e-04
Loss = 9.7342e-02, PNorm = 49.4626, GNorm = 5.2965, lr_0 = 3.7931e-04
Loss = 1.0596e-01, PNorm = 49.4709, GNorm = 3.8225, lr_0 = 3.7954e-04
Loss = 1.0393e-01, PNorm = 49.4746, GNorm = 7.3508, lr_0 = 3.7977e-04
Loss = 1.0883e-01, PNorm = 49.4784, GNorm = 5.4042, lr_0 = 3.7999e-04
Loss = 1.0446e-01, PNorm = 49.4868, GNorm = 2.9939, lr_0 = 3.8022e-04
Loss = 8.5799e-02, PNorm = 49.4928, GNorm = 4.9564, lr_0 = 3.8044e-04
Loss = 1.1536e-01, PNorm = 49.4979, GNorm = 7.3727, lr_0 = 3.8067e-04
Loss = 9.5616e-02, PNorm = 49.5005, GNorm = 3.5896, lr_0 = 3.8089e-04
Loss = 1.0495e-01, PNorm = 49.5075, GNorm = 2.5498, lr_0 = 3.8112e-04
Loss = 1.1267e-01, PNorm = 49.5127, GNorm = 4.1865, lr_0 = 3.8134e-04
Loss = 1.1613e-01, PNorm = 49.5187, GNorm = 9.2977, lr_0 = 3.8157e-04
Loss = 1.0930e-01, PNorm = 49.5245, GNorm = 2.8487, lr_0 = 3.8179e-04
Loss = 9.8830e-02, PNorm = 49.5304, GNorm = 3.6095, lr_0 = 3.8202e-04
Loss = 9.8004e-02, PNorm = 49.5360, GNorm = 2.8078, lr_0 = 3.8224e-04
Loss = 9.9204e-02, PNorm = 49.5425, GNorm = 2.2362, lr_0 = 3.8247e-04
Loss = 9.9451e-02, PNorm = 49.5487, GNorm = 2.3686, lr_0 = 3.8270e-04
Loss = 9.3056e-02, PNorm = 49.5566, GNorm = 4.6533, lr_0 = 3.8292e-04
Loss = 1.0676e-01, PNorm = 49.5587, GNorm = 4.7506, lr_0 = 3.8315e-04
Loss = 8.6408e-02, PNorm = 49.5633, GNorm = 1.9685, lr_0 = 3.8337e-04
Loss = 1.3579e-01, PNorm = 49.5709, GNorm = 3.7518, lr_0 = 3.8360e-04
Loss = 1.0931e-01, PNorm = 49.5816, GNorm = 2.4325, lr_0 = 3.8382e-04
Loss = 1.1967e-01, PNorm = 49.5898, GNorm = 6.2592, lr_0 = 3.8405e-04
Loss = 1.0981e-01, PNorm = 49.5949, GNorm = 6.5883, lr_0 = 3.8427e-04
Loss = 1.3887e-01, PNorm = 49.6011, GNorm = 9.3647, lr_0 = 3.8450e-04
Loss = 1.0325e-01, PNorm = 49.6083, GNorm = 3.6927, lr_0 = 3.8472e-04
Loss = 1.0516e-01, PNorm = 49.6142, GNorm = 4.1319, lr_0 = 3.8495e-04
Loss = 1.0267e-01, PNorm = 49.6206, GNorm = 11.2751, lr_0 = 3.8518e-04
Loss = 1.1101e-01, PNorm = 49.6248, GNorm = 10.4176, lr_0 = 3.8540e-04
Loss = 1.0865e-01, PNorm = 49.6289, GNorm = 4.0427, lr_0 = 3.8563e-04
Loss = 1.0111e-01, PNorm = 49.6358, GNorm = 6.6919, lr_0 = 3.8585e-04
Loss = 8.1904e-02, PNorm = 49.6414, GNorm = 2.7541, lr_0 = 3.8608e-04
Loss = 1.0719e-01, PNorm = 49.6464, GNorm = 11.1822, lr_0 = 3.8630e-04
Loss = 8.9088e-02, PNorm = 49.6510, GNorm = 2.1675, lr_0 = 3.8653e-04
Loss = 9.3956e-02, PNorm = 49.6568, GNorm = 4.4334, lr_0 = 3.8675e-04
Loss = 8.8403e-02, PNorm = 49.6633, GNorm = 2.9579, lr_0 = 3.8698e-04
Loss = 8.8915e-02, PNorm = 49.6697, GNorm = 3.1220, lr_0 = 3.8720e-04
Loss = 9.6101e-02, PNorm = 49.6755, GNorm = 4.3384, lr_0 = 3.8743e-04
Loss = 9.6189e-02, PNorm = 49.6815, GNorm = 7.4433, lr_0 = 3.8765e-04
Loss = 1.0237e-01, PNorm = 49.6891, GNorm = 9.7011, lr_0 = 3.8788e-04
Loss = 1.0638e-01, PNorm = 49.6942, GNorm = 16.5114, lr_0 = 3.8811e-04
Loss = 1.0798e-01, PNorm = 49.6979, GNorm = 3.2403, lr_0 = 3.8833e-04
Loss = 9.3566e-02, PNorm = 49.7048, GNorm = 3.0842, lr_0 = 3.8856e-04
Loss = 8.7941e-02, PNorm = 49.7100, GNorm = 6.4314, lr_0 = 3.8878e-04
Loss = 8.7912e-02, PNorm = 49.7139, GNorm = 3.0765, lr_0 = 3.8901e-04
Loss = 9.2997e-02, PNorm = 49.7185, GNorm = 4.6975, lr_0 = 3.8923e-04
Loss = 9.9391e-02, PNorm = 49.7217, GNorm = 4.3733, lr_0 = 3.8946e-04
Loss = 8.0736e-02, PNorm = 49.7280, GNorm = 4.7473, lr_0 = 3.8968e-04
Loss = 1.0887e-01, PNorm = 49.7345, GNorm = 3.8494, lr_0 = 3.8991e-04
Loss = 8.8743e-02, PNorm = 49.7413, GNorm = 3.6744, lr_0 = 3.9013e-04
Loss = 1.0483e-01, PNorm = 49.7470, GNorm = 7.2413, lr_0 = 3.9036e-04
Loss = 1.3010e-01, PNorm = 49.7535, GNorm = 14.0854, lr_0 = 3.9059e-04
Loss = 1.0151e-01, PNorm = 49.7573, GNorm = 1.7547, lr_0 = 3.9081e-04
Loss = 1.0172e-01, PNorm = 49.7610, GNorm = 3.5387, lr_0 = 3.9104e-04
Loss = 1.0437e-01, PNorm = 49.7684, GNorm = 4.8008, lr_0 = 3.9126e-04
Loss = 1.1953e-01, PNorm = 49.7753, GNorm = 6.0039, lr_0 = 3.9149e-04
Loss = 9.5227e-02, PNorm = 49.7792, GNorm = 3.9936, lr_0 = 3.9171e-04
Loss = 9.2463e-02, PNorm = 49.7845, GNorm = 7.1305, lr_0 = 3.9194e-04
Loss = 8.5266e-02, PNorm = 49.7884, GNorm = 2.2792, lr_0 = 3.9216e-04
Loss = 1.1110e-01, PNorm = 49.7957, GNorm = 2.2049, lr_0 = 3.9239e-04
Loss = 9.0047e-02, PNorm = 49.8004, GNorm = 2.2242, lr_0 = 3.9261e-04
Loss = 8.3804e-02, PNorm = 49.8049, GNorm = 3.4104, lr_0 = 3.9284e-04
Loss = 9.1923e-02, PNorm = 49.8100, GNorm = 2.1883, lr_0 = 3.9306e-04
Loss = 8.8766e-02, PNorm = 49.8165, GNorm = 3.3104, lr_0 = 3.9329e-04
Loss = 9.5140e-02, PNorm = 49.8218, GNorm = 10.2177, lr_0 = 3.9352e-04
Loss = 1.0168e-01, PNorm = 49.8280, GNorm = 3.0248, lr_0 = 3.9374e-04
Loss = 1.0459e-01, PNorm = 49.8348, GNorm = 2.5592, lr_0 = 3.9397e-04
Loss = 8.6139e-02, PNorm = 49.8428, GNorm = 2.5512, lr_0 = 3.9419e-04
Loss = 1.0556e-01, PNorm = 49.8490, GNorm = 4.3602, lr_0 = 3.9442e-04
Loss = 7.9828e-02, PNorm = 49.8546, GNorm = 4.5765, lr_0 = 3.9464e-04
Loss = 1.2172e-01, PNorm = 49.8596, GNorm = 7.2285, lr_0 = 3.9487e-04
Loss = 9.2373e-02, PNorm = 49.8652, GNorm = 4.9880, lr_0 = 3.9509e-04
Loss = 1.0123e-01, PNorm = 49.8720, GNorm = 8.7808, lr_0 = 3.9532e-04
Loss = 7.8156e-02, PNorm = 49.8794, GNorm = 4.0076, lr_0 = 3.9554e-04
Loss = 7.2708e-02, PNorm = 49.8866, GNorm = 5.0030, lr_0 = 3.9577e-04
Loss = 8.2437e-02, PNorm = 49.8922, GNorm = 3.9705, lr_0 = 3.9600e-04
Loss = 8.2798e-02, PNorm = 49.8962, GNorm = 9.1941, lr_0 = 3.9622e-04
Loss = 8.8241e-02, PNorm = 49.9033, GNorm = 2.9056, lr_0 = 3.9645e-04
Loss = 8.6869e-02, PNorm = 49.9081, GNorm = 2.7644, lr_0 = 3.9667e-04
Loss = 1.0411e-01, PNorm = 49.9127, GNorm = 2.9878, lr_0 = 3.9690e-04
Loss = 8.9494e-02, PNorm = 49.9157, GNorm = 7.9415, lr_0 = 3.9712e-04
Loss = 8.7164e-02, PNorm = 49.9215, GNorm = 2.8317, lr_0 = 3.9735e-04
Loss = 7.5992e-02, PNorm = 49.9279, GNorm = 1.9289, lr_0 = 3.9757e-04
Loss = 7.8326e-02, PNorm = 49.9331, GNorm = 2.8205, lr_0 = 3.9780e-04
Loss = 7.3421e-02, PNorm = 49.9361, GNorm = 2.5386, lr_0 = 3.9802e-04
Loss = 8.2503e-02, PNorm = 49.9391, GNorm = 1.7495, lr_0 = 3.9825e-04
Loss = 7.9436e-02, PNorm = 49.9448, GNorm = 5.2195, lr_0 = 3.9847e-04
Loss = 1.2231e-01, PNorm = 49.9515, GNorm = 6.4638, lr_0 = 3.9870e-04
Loss = 1.0002e-01, PNorm = 49.9599, GNorm = 4.3659, lr_0 = 3.9893e-04
Loss = 1.0218e-01, PNorm = 49.9680, GNorm = 6.9152, lr_0 = 3.9915e-04
Loss = 8.3881e-02, PNorm = 49.9715, GNorm = 3.3739, lr_0 = 3.9938e-04
Loss = 8.7833e-02, PNorm = 49.9778, GNorm = 4.8822, lr_0 = 3.9960e-04
Loss = 1.2373e-01, PNorm = 49.9851, GNorm = 10.1381, lr_0 = 3.9983e-04
Loss = 1.1606e-01, PNorm = 49.9910, GNorm = 8.0158, lr_0 = 4.0005e-04
Loss = 9.9484e-02, PNorm = 49.9960, GNorm = 3.4239, lr_0 = 4.0028e-04
Loss = 9.6161e-02, PNorm = 50.0029, GNorm = 7.4058, lr_0 = 4.0050e-04
Loss = 1.0128e-01, PNorm = 50.0081, GNorm = 4.7768, lr_0 = 4.0073e-04
Loss = 9.9236e-02, PNorm = 50.0164, GNorm = 6.1477, lr_0 = 4.0095e-04
Loss = 1.0197e-01, PNorm = 50.0217, GNorm = 10.3536, lr_0 = 4.0118e-04
Loss = 8.2845e-02, PNorm = 50.0273, GNorm = 2.2469, lr_0 = 4.0141e-04
Loss = 7.5916e-02, PNorm = 50.0351, GNorm = 4.7709, lr_0 = 4.0163e-04
Loss = 1.0064e-01, PNorm = 50.0385, GNorm = 7.1249, lr_0 = 4.0186e-04
Loss = 7.6244e-02, PNorm = 50.0434, GNorm = 3.6610, lr_0 = 4.0208e-04
Loss = 8.4758e-02, PNorm = 50.0508, GNorm = 2.4614, lr_0 = 4.0231e-04
Loss = 9.8654e-02, PNorm = 50.0577, GNorm = 8.3535, lr_0 = 4.0253e-04
Loss = 1.1619e-01, PNorm = 50.0633, GNorm = 2.2203, lr_0 = 4.0276e-04
Loss = 9.6388e-02, PNorm = 50.0723, GNorm = 2.2848, lr_0 = 4.0298e-04
Loss = 8.4056e-02, PNorm = 50.0825, GNorm = 4.1721, lr_0 = 4.0321e-04
Loss = 7.9827e-02, PNorm = 50.0882, GNorm = 2.4208, lr_0 = 4.0343e-04
Loss = 7.4656e-02, PNorm = 50.0949, GNorm = 6.5592, lr_0 = 4.0366e-04
Loss = 7.5440e-02, PNorm = 50.1007, GNorm = 2.9811, lr_0 = 4.0388e-04
Loss = 8.3094e-02, PNorm = 50.1054, GNorm = 3.5471, lr_0 = 4.0411e-04
Loss = 7.4345e-02, PNorm = 50.1120, GNorm = 2.9614, lr_0 = 4.0434e-04
Loss = 6.9410e-02, PNorm = 50.1168, GNorm = 2.2089, lr_0 = 4.0456e-04
Loss = 8.4671e-02, PNorm = 50.1239, GNorm = 3.4392, lr_0 = 4.0479e-04
Loss = 7.6621e-02, PNorm = 50.1288, GNorm = 2.2787, lr_0 = 4.0501e-04
Loss = 7.4633e-02, PNorm = 50.1349, GNorm = 2.1878, lr_0 = 4.0524e-04
Loss = 8.1603e-02, PNorm = 50.1413, GNorm = 7.9206, lr_0 = 4.0546e-04
Loss = 8.6562e-02, PNorm = 50.1468, GNorm = 5.5662, lr_0 = 4.0569e-04
Loss = 8.1442e-02, PNorm = 50.1508, GNorm = 2.6412, lr_0 = 4.0591e-04
Loss = 6.8837e-02, PNorm = 50.1557, GNorm = 1.5351, lr_0 = 4.0614e-04
Loss = 8.8482e-02, PNorm = 50.1601, GNorm = 7.4927, lr_0 = 4.0636e-04
Loss = 9.5615e-02, PNorm = 50.1653, GNorm = 4.6260, lr_0 = 4.0659e-04
Loss = 1.0025e-01, PNorm = 50.1726, GNorm = 6.0158, lr_0 = 4.0682e-04
Loss = 8.3146e-02, PNorm = 50.1799, GNorm = 2.7742, lr_0 = 4.0704e-04
Loss = 8.9434e-02, PNorm = 50.1854, GNorm = 3.3321, lr_0 = 4.0727e-04
Loss = 9.1599e-02, PNorm = 50.1906, GNorm = 8.0366, lr_0 = 4.0749e-04
Loss = 8.4099e-02, PNorm = 50.1944, GNorm = 7.5092, lr_0 = 4.0772e-04
Loss = 8.4506e-02, PNorm = 50.1992, GNorm = 2.6742, lr_0 = 4.0794e-04
Loss = 9.3575e-02, PNorm = 50.2046, GNorm = 3.3014, lr_0 = 4.0817e-04
Loss = 6.8226e-02, PNorm = 50.2098, GNorm = 3.3171, lr_0 = 4.0839e-04
Loss = 9.0181e-02, PNorm = 50.2158, GNorm = 5.8368, lr_0 = 4.0862e-04
Loss = 8.3964e-02, PNorm = 50.2216, GNorm = 6.3907, lr_0 = 4.0884e-04
Loss = 1.0085e-01, PNorm = 50.2282, GNorm = 5.7982, lr_0 = 4.0907e-04
Loss = 8.6279e-02, PNorm = 50.2357, GNorm = 3.8017, lr_0 = 4.0929e-04
Loss = 8.0016e-02, PNorm = 50.2427, GNorm = 8.4089, lr_0 = 4.0952e-04
Loss = 7.3757e-02, PNorm = 50.2491, GNorm = 2.3686, lr_0 = 4.0975e-04
Loss = 8.8770e-02, PNorm = 50.2544, GNorm = 3.9562, lr_0 = 4.0997e-04
Loss = 9.7900e-02, PNorm = 50.2590, GNorm = 9.7590, lr_0 = 4.1020e-04
Loss = 9.7052e-02, PNorm = 50.2664, GNorm = 2.9502, lr_0 = 4.1042e-04
Loss = 8.1220e-02, PNorm = 50.2724, GNorm = 3.3977, lr_0 = 4.1065e-04
Loss = 9.1309e-02, PNorm = 50.2765, GNorm = 12.1261, lr_0 = 4.1087e-04
Loss = 8.7407e-02, PNorm = 50.2829, GNorm = 3.2457, lr_0 = 4.1110e-04
Loss = 1.0192e-01, PNorm = 50.2880, GNorm = 2.7466, lr_0 = 4.1132e-04
Loss = 1.0754e-01, PNorm = 50.2946, GNorm = 1.8081, lr_0 = 4.1155e-04
Loss = 8.3127e-02, PNorm = 50.2997, GNorm = 10.3593, lr_0 = 4.1177e-04
Loss = 8.1208e-02, PNorm = 50.3043, GNorm = 2.7637, lr_0 = 4.1200e-04
Loss = 8.8850e-02, PNorm = 50.3114, GNorm = 2.5958, lr_0 = 4.1223e-04
Loss = 8.7184e-02, PNorm = 50.3182, GNorm = 5.7437, lr_0 = 4.1245e-04
Loss = 1.0438e-01, PNorm = 50.3243, GNorm = 3.9112, lr_0 = 4.1268e-04
Loss = 8.0101e-02, PNorm = 50.3302, GNorm = 3.8624, lr_0 = 4.1290e-04
Loss = 7.0780e-02, PNorm = 50.3369, GNorm = 3.7368, lr_0 = 4.1313e-04
Loss = 7.7202e-02, PNorm = 50.3434, GNorm = 2.2253, lr_0 = 4.1335e-04
Loss = 8.2685e-02, PNorm = 50.3485, GNorm = 6.6179, lr_0 = 4.1358e-04
Loss = 8.8626e-02, PNorm = 50.3545, GNorm = 3.9384, lr_0 = 4.1380e-04
Loss = 1.0412e-01, PNorm = 50.3606, GNorm = 5.3813, lr_0 = 4.1403e-04
Loss = 8.2389e-02, PNorm = 50.3655, GNorm = 1.7108, lr_0 = 4.1425e-04
Loss = 9.0777e-02, PNorm = 50.3715, GNorm = 2.7265, lr_0 = 4.1448e-04
Loss = 9.4749e-02, PNorm = 50.3789, GNorm = 3.1351, lr_0 = 4.1470e-04
Loss = 8.5981e-02, PNorm = 50.3847, GNorm = 3.9154, lr_0 = 4.1493e-04
Loss = 1.1057e-01, PNorm = 50.3906, GNorm = 7.9998, lr_0 = 4.1516e-04
Loss = 1.2962e-01, PNorm = 50.3982, GNorm = 5.9979, lr_0 = 4.1538e-04
Loss = 1.0675e-01, PNorm = 50.4052, GNorm = 3.9531, lr_0 = 4.1561e-04
Loss = 1.1293e-01, PNorm = 50.4143, GNorm = 9.8982, lr_0 = 4.1583e-04
Loss = 1.1039e-01, PNorm = 50.4208, GNorm = 2.0474, lr_0 = 4.1606e-04
Loss = 8.9264e-02, PNorm = 50.4281, GNorm = 3.5394, lr_0 = 4.1628e-04
Loss = 8.4911e-02, PNorm = 50.4351, GNorm = 2.6666, lr_0 = 4.1651e-04
Loss = 8.8178e-02, PNorm = 50.4425, GNorm = 7.8961, lr_0 = 4.1673e-04
Loss = 8.8139e-02, PNorm = 50.4504, GNorm = 5.6466, lr_0 = 4.1696e-04
Loss = 9.1565e-02, PNorm = 50.4569, GNorm = 6.1793, lr_0 = 4.1718e-04
Loss = 8.2013e-02, PNorm = 50.4634, GNorm = 4.5655, lr_0 = 4.1741e-04
Loss = 7.6629e-02, PNorm = 50.4699, GNorm = 4.4468, lr_0 = 4.1764e-04
Loss = 9.8369e-02, PNorm = 50.4806, GNorm = 2.5831, lr_0 = 4.1786e-04
Loss = 8.6995e-02, PNorm = 50.4877, GNorm = 2.4243, lr_0 = 4.1809e-04
Loss = 8.0148e-02, PNorm = 50.4930, GNorm = 3.4308, lr_0 = 4.1831e-04
Loss = 7.7734e-02, PNorm = 50.4973, GNorm = 8.7419, lr_0 = 4.1854e-04
Loss = 1.0086e-01, PNorm = 50.5036, GNorm = 5.8670, lr_0 = 4.1876e-04
Loss = 7.7034e-02, PNorm = 50.5097, GNorm = 3.1158, lr_0 = 4.1899e-04
Loss = 9.8683e-02, PNorm = 50.5179, GNorm = 5.5982, lr_0 = 4.1921e-04
Loss = 1.1707e-01, PNorm = 50.5266, GNorm = 14.3756, lr_0 = 4.1944e-04
Loss = 1.4152e-01, PNorm = 50.5373, GNorm = 5.3120, lr_0 = 4.1966e-04
Loss = 1.3482e-01, PNorm = 50.5474, GNorm = 6.1858, lr_0 = 4.1989e-04
Loss = 1.0008e-01, PNorm = 50.5590, GNorm = 10.5569, lr_0 = 4.2011e-04
Loss = 9.3172e-02, PNorm = 50.5658, GNorm = 3.1039, lr_0 = 4.2034e-04
Loss = 9.0179e-02, PNorm = 50.5734, GNorm = 2.4722, lr_0 = 4.2057e-04
Loss = 8.6526e-02, PNorm = 50.5821, GNorm = 4.7436, lr_0 = 4.2079e-04
Loss = 7.2045e-02, PNorm = 50.5881, GNorm = 2.9795, lr_0 = 4.2102e-04
Loss = 7.4091e-02, PNorm = 50.5939, GNorm = 2.4587, lr_0 = 4.2124e-04
Loss = 7.3149e-02, PNorm = 50.5993, GNorm = 4.6277, lr_0 = 4.2147e-04
Loss = 8.1270e-02, PNorm = 50.6036, GNorm = 6.7361, lr_0 = 4.2169e-04
Loss = 7.9212e-02, PNorm = 50.6121, GNorm = 2.2071, lr_0 = 4.2192e-04
Loss = 7.3582e-02, PNorm = 50.6212, GNorm = 6.6947, lr_0 = 4.2214e-04
Loss = 7.4923e-02, PNorm = 50.6264, GNorm = 6.6141, lr_0 = 4.2237e-04
Loss = 7.7138e-02, PNorm = 50.6316, GNorm = 2.0940, lr_0 = 4.2259e-04
Loss = 7.1208e-02, PNorm = 50.6358, GNorm = 2.4677, lr_0 = 4.2282e-04
Loss = 7.6764e-02, PNorm = 50.6416, GNorm = 1.7294, lr_0 = 4.2305e-04
Loss = 8.0485e-02, PNorm = 50.6493, GNorm = 3.5872, lr_0 = 4.2327e-04
Loss = 1.4062e-01, PNorm = 50.6568, GNorm = 5.7612, lr_0 = 4.2350e-04
Loss = 8.8268e-02, PNorm = 50.6664, GNorm = 3.1689, lr_0 = 4.2372e-04
Loss = 7.7164e-02, PNorm = 50.6744, GNorm = 1.8211, lr_0 = 4.2395e-04
Loss = 7.3916e-02, PNorm = 50.6814, GNorm = 2.3776, lr_0 = 4.2417e-04
Loss = 7.1954e-02, PNorm = 50.6863, GNorm = 3.3143, lr_0 = 4.2440e-04
Loss = 7.1118e-02, PNorm = 50.6890, GNorm = 3.4346, lr_0 = 4.2462e-04
Loss = 6.3266e-02, PNorm = 50.6935, GNorm = 4.7566, lr_0 = 4.2485e-04
Loss = 7.5220e-02, PNorm = 50.6990, GNorm = 2.3826, lr_0 = 4.2507e-04
Loss = 7.6954e-02, PNorm = 50.7051, GNorm = 1.5680, lr_0 = 4.2530e-04
Loss = 9.5145e-02, PNorm = 50.7151, GNorm = 4.0829, lr_0 = 4.2552e-04
Loss = 8.2465e-02, PNorm = 50.7239, GNorm = 1.6687, lr_0 = 4.2575e-04
Loss = 7.0016e-02, PNorm = 50.7289, GNorm = 3.4174, lr_0 = 4.2598e-04
Loss = 6.5825e-02, PNorm = 50.7329, GNorm = 2.2490, lr_0 = 4.2620e-04
Loss = 7.2404e-02, PNorm = 50.7384, GNorm = 3.9410, lr_0 = 4.2643e-04
Loss = 7.7743e-02, PNorm = 50.7445, GNorm = 1.9411, lr_0 = 4.2665e-04
Loss = 1.1510e-01, PNorm = 50.7504, GNorm = 9.3109, lr_0 = 4.2688e-04
Loss = 1.2141e-01, PNorm = 50.7578, GNorm = 2.8481, lr_0 = 4.2710e-04
Loss = 7.8737e-02, PNorm = 50.7626, GNorm = 2.1065, lr_0 = 4.2733e-04
Loss = 8.9586e-02, PNorm = 50.7721, GNorm = 2.8181, lr_0 = 4.2755e-04
Loss = 8.1240e-02, PNorm = 50.7815, GNorm = 2.0645, lr_0 = 4.2778e-04
Loss = 1.0579e-01, PNorm = 50.7897, GNorm = 4.8605, lr_0 = 4.2800e-04
Loss = 6.3807e-02, PNorm = 50.7981, GNorm = 2.6749, lr_0 = 4.2823e-04
Loss = 9.0534e-02, PNorm = 50.8033, GNorm = 1.9759, lr_0 = 4.2846e-04
Loss = 9.3736e-02, PNorm = 50.8107, GNorm = 2.6438, lr_0 = 4.2868e-04
Loss = 7.6761e-02, PNorm = 50.8151, GNorm = 2.4582, lr_0 = 4.2891e-04
Loss = 6.6512e-02, PNorm = 50.8212, GNorm = 2.6041, lr_0 = 4.2913e-04
Loss = 7.4408e-02, PNorm = 50.8255, GNorm = 4.0432, lr_0 = 4.2936e-04
Loss = 8.4160e-02, PNorm = 50.8319, GNorm = 1.8198, lr_0 = 4.2958e-04
Loss = 8.0480e-02, PNorm = 50.8367, GNorm = 6.4891, lr_0 = 4.2981e-04
Loss = 8.3290e-02, PNorm = 50.8435, GNorm = 1.7282, lr_0 = 4.3003e-04
Loss = 7.5530e-02, PNorm = 50.8493, GNorm = 3.6991, lr_0 = 4.3026e-04
Loss = 8.1621e-02, PNorm = 50.8564, GNorm = 2.4148, lr_0 = 4.3048e-04
Loss = 9.7396e-02, PNorm = 50.8655, GNorm = 9.0046, lr_0 = 4.3071e-04
Loss = 1.1169e-01, PNorm = 50.8728, GNorm = 2.6371, lr_0 = 4.3093e-04
Loss = 1.0198e-01, PNorm = 50.8815, GNorm = 5.1387, lr_0 = 4.3116e-04
Loss = 8.3524e-02, PNorm = 50.8909, GNorm = 5.3150, lr_0 = 4.3139e-04
Loss = 7.6804e-02, PNorm = 50.8987, GNorm = 1.8006, lr_0 = 4.3161e-04
Loss = 6.8603e-02, PNorm = 50.9068, GNorm = 3.2674, lr_0 = 4.3184e-04
Loss = 7.6617e-02, PNorm = 50.9124, GNorm = 3.8305, lr_0 = 4.3206e-04
Loss = 7.6613e-02, PNorm = 50.9195, GNorm = 4.3623, lr_0 = 4.3229e-04
Loss = 8.7338e-02, PNorm = 50.9267, GNorm = 2.9741, lr_0 = 4.3251e-04
Loss = 8.6647e-02, PNorm = 50.9342, GNorm = 3.1212, lr_0 = 4.3274e-04
Loss = 7.2731e-02, PNorm = 50.9405, GNorm = 2.9064, lr_0 = 4.3296e-04
Loss = 7.8043e-02, PNorm = 50.9475, GNorm = 3.4860, lr_0 = 4.3319e-04
Loss = 7.0804e-02, PNorm = 50.9530, GNorm = 5.4237, lr_0 = 4.3341e-04
Loss = 5.9401e-02, PNorm = 50.9561, GNorm = 2.6733, lr_0 = 4.3364e-04
Loss = 7.2379e-02, PNorm = 50.9609, GNorm = 3.5277, lr_0 = 4.3387e-04
Loss = 6.9416e-02, PNorm = 50.9677, GNorm = 3.5711, lr_0 = 4.3409e-04
Loss = 7.7866e-02, PNorm = 50.9731, GNorm = 1.4438, lr_0 = 4.3432e-04
Loss = 6.7267e-02, PNorm = 50.9807, GNorm = 2.7455, lr_0 = 4.3454e-04
Loss = 8.0205e-02, PNorm = 50.9858, GNorm = 7.0998, lr_0 = 4.3477e-04
Loss = 7.3814e-02, PNorm = 50.9920, GNorm = 1.6321, lr_0 = 4.3499e-04
Loss = 7.7661e-02, PNorm = 50.9981, GNorm = 6.0384, lr_0 = 4.3522e-04
Loss = 7.1829e-02, PNorm = 51.0075, GNorm = 1.7058, lr_0 = 4.3544e-04
Loss = 8.3471e-02, PNorm = 51.0164, GNorm = 2.1586, lr_0 = 4.3567e-04
Loss = 8.4963e-02, PNorm = 51.0249, GNorm = 2.3735, lr_0 = 4.3589e-04
Loss = 8.2417e-02, PNorm = 51.0342, GNorm = 3.2199, lr_0 = 4.3612e-04
Loss = 7.9234e-02, PNorm = 51.0436, GNorm = 3.9044, lr_0 = 4.3634e-04
Loss = 9.7475e-02, PNorm = 51.0487, GNorm = 6.6004, lr_0 = 4.3657e-04
Loss = 1.0885e-01, PNorm = 51.0584, GNorm = 4.9539, lr_0 = 4.3680e-04
Loss = 8.1909e-02, PNorm = 51.0685, GNorm = 1.7523, lr_0 = 4.3702e-04
Loss = 6.7826e-02, PNorm = 51.0757, GNorm = 2.4187, lr_0 = 4.3725e-04
Loss = 7.9292e-02, PNorm = 51.0834, GNorm = 3.2598, lr_0 = 4.3747e-04
Loss = 8.0891e-02, PNorm = 51.0896, GNorm = 6.9189, lr_0 = 4.3770e-04
Loss = 1.0711e-01, PNorm = 51.0975, GNorm = 2.1039, lr_0 = 4.3792e-04
Loss = 8.4155e-02, PNorm = 51.1051, GNorm = 2.0649, lr_0 = 4.3815e-04
Loss = 8.0465e-02, PNorm = 51.1116, GNorm = 5.9097, lr_0 = 4.3837e-04
Loss = 8.5815e-02, PNorm = 51.1173, GNorm = 4.9019, lr_0 = 4.3860e-04
Loss = 8.9518e-02, PNorm = 51.1249, GNorm = 5.3845, lr_0 = 4.3882e-04
Loss = 8.5305e-02, PNorm = 51.1322, GNorm = 9.9647, lr_0 = 4.3905e-04
Loss = 9.2316e-02, PNorm = 51.1401, GNorm = 3.0283, lr_0 = 4.3928e-04
Loss = 6.9567e-02, PNorm = 51.1481, GNorm = 3.7115, lr_0 = 4.3950e-04
Loss = 6.9887e-02, PNorm = 51.1549, GNorm = 4.6599, lr_0 = 4.3973e-04
Loss = 7.5687e-02, PNorm = 51.1617, GNorm = 1.7255, lr_0 = 4.3995e-04
Loss = 7.4137e-02, PNorm = 51.1679, GNorm = 6.2304, lr_0 = 4.4018e-04
Loss = 9.1175e-02, PNorm = 51.1764, GNorm = 2.0185, lr_0 = 4.4040e-04
Loss = 1.0844e-01, PNorm = 51.1852, GNorm = 8.9714, lr_0 = 4.4063e-04
Loss = 8.9988e-02, PNorm = 51.1921, GNorm = 1.8476, lr_0 = 4.4085e-04
Loss = 8.4983e-02, PNorm = 51.1977, GNorm = 1.8604, lr_0 = 4.4108e-04
Loss = 8.3076e-02, PNorm = 51.2043, GNorm = 1.7464, lr_0 = 4.4130e-04
Loss = 7.9073e-02, PNorm = 51.2132, GNorm = 6.7168, lr_0 = 4.4153e-04
Loss = 8.4434e-02, PNorm = 51.2212, GNorm = 2.0416, lr_0 = 4.4175e-04
Loss = 6.9048e-02, PNorm = 51.2265, GNorm = 2.3212, lr_0 = 4.4198e-04
Loss = 4.9969e-02, PNorm = 51.2316, GNorm = 1.6309, lr_0 = 4.4221e-04
Loss = 7.4739e-02, PNorm = 51.2383, GNorm = 4.8153, lr_0 = 4.4243e-04
Loss = 6.6502e-02, PNorm = 51.2468, GNorm = 2.1411, lr_0 = 4.4266e-04
Loss = 6.7124e-02, PNorm = 51.2560, GNorm = 2.1784, lr_0 = 4.4288e-04
Loss = 7.7601e-02, PNorm = 51.2602, GNorm = 8.7214, lr_0 = 4.4311e-04
Loss = 9.2219e-02, PNorm = 51.2665, GNorm = 4.7709, lr_0 = 4.4333e-04
Loss = 9.3120e-02, PNorm = 51.2735, GNorm = 4.3903, lr_0 = 4.4356e-04
Loss = 9.3697e-02, PNorm = 51.2814, GNorm = 2.2117, lr_0 = 4.4378e-04
Loss = 8.4939e-02, PNorm = 51.2908, GNorm = 7.7161, lr_0 = 4.4401e-04
Loss = 7.8973e-02, PNorm = 51.2991, GNorm = 3.1503, lr_0 = 4.4423e-04
Loss = 7.7745e-02, PNorm = 51.3083, GNorm = 1.5290, lr_0 = 4.4446e-04
Loss = 7.2688e-02, PNorm = 51.3159, GNorm = 3.6715, lr_0 = 4.4469e-04
Loss = 7.4010e-02, PNorm = 51.3244, GNorm = 6.1431, lr_0 = 4.4491e-04
Loss = 6.6934e-02, PNorm = 51.3313, GNorm = 1.4587, lr_0 = 4.4514e-04
Loss = 7.6499e-02, PNorm = 51.3371, GNorm = 4.4407, lr_0 = 4.4536e-04
Loss = 8.7430e-02, PNorm = 51.3460, GNorm = 3.7051, lr_0 = 4.4559e-04
Loss = 7.2102e-02, PNorm = 51.3534, GNorm = 5.9546, lr_0 = 4.4581e-04
Loss = 7.0842e-02, PNorm = 51.3594, GNorm = 2.6848, lr_0 = 4.4604e-04
Loss = 6.8222e-02, PNorm = 51.3656, GNorm = 4.8239, lr_0 = 4.4626e-04
Loss = 8.2405e-02, PNorm = 51.3706, GNorm = 7.0070, lr_0 = 4.4649e-04
Loss = 8.2570e-02, PNorm = 51.3800, GNorm = 4.5285, lr_0 = 4.4671e-04
Loss = 8.1861e-02, PNorm = 51.3869, GNorm = 4.0468, lr_0 = 4.4694e-04
Loss = 6.9994e-02, PNorm = 51.3921, GNorm = 2.2801, lr_0 = 4.4716e-04
Loss = 8.3892e-02, PNorm = 51.3997, GNorm = 1.3433, lr_0 = 4.4739e-04
Loss = 7.1562e-02, PNorm = 51.4049, GNorm = 1.9749, lr_0 = 4.4762e-04
Loss = 7.5720e-02, PNorm = 51.4110, GNorm = 2.0000, lr_0 = 4.4784e-04
Loss = 7.5525e-02, PNorm = 51.4160, GNorm = 1.4843, lr_0 = 4.4807e-04
Loss = 6.2170e-02, PNorm = 51.4227, GNorm = 2.7987, lr_0 = 4.4829e-04
Loss = 6.5181e-02, PNorm = 51.4260, GNorm = 1.5103, lr_0 = 4.4852e-04
Loss = 6.7784e-02, PNorm = 51.4305, GNorm = 3.6578, lr_0 = 4.4874e-04
Loss = 7.0862e-02, PNorm = 51.4370, GNorm = 3.5281, lr_0 = 4.4897e-04
Loss = 6.9453e-02, PNorm = 51.4455, GNorm = 6.5528, lr_0 = 4.4919e-04
Loss = 8.0455e-02, PNorm = 51.4496, GNorm = 2.4906, lr_0 = 4.4942e-04
Loss = 6.1251e-02, PNorm = 51.4575, GNorm = 1.5102, lr_0 = 4.4964e-04
Loss = 6.7231e-02, PNorm = 51.4630, GNorm = 7.9798, lr_0 = 4.4987e-04
Loss = 8.0779e-02, PNorm = 51.4683, GNorm = 3.6018, lr_0 = 4.5010e-04
Loss = 5.8126e-02, PNorm = 51.4753, GNorm = 1.8812, lr_0 = 4.5032e-04
Loss = 7.3171e-02, PNorm = 51.4832, GNorm = 5.6213, lr_0 = 4.5055e-04
Loss = 7.8537e-02, PNorm = 51.4899, GNorm = 1.9790, lr_0 = 4.5077e-04
Loss = 7.2878e-02, PNorm = 51.4953, GNorm = 3.5619, lr_0 = 4.5100e-04
Loss = 9.8153e-02, PNorm = 51.5039, GNorm = 11.2257, lr_0 = 4.5122e-04
Loss = 9.4543e-02, PNorm = 51.5144, GNorm = 3.3887, lr_0 = 4.5145e-04
Loss = 7.9032e-02, PNorm = 51.5236, GNorm = 1.5881, lr_0 = 4.5167e-04
Loss = 6.4753e-02, PNorm = 51.5301, GNorm = 1.6634, lr_0 = 4.5190e-04
Loss = 6.5523e-02, PNorm = 51.5356, GNorm = 1.7656, lr_0 = 4.5212e-04
Loss = 6.6200e-02, PNorm = 51.5422, GNorm = 3.2765, lr_0 = 4.5235e-04
Loss = 6.4183e-02, PNorm = 51.5487, GNorm = 2.4236, lr_0 = 4.5257e-04
Loss = 6.6358e-02, PNorm = 51.5546, GNorm = 4.9018, lr_0 = 4.5280e-04
Loss = 6.4804e-02, PNorm = 51.5616, GNorm = 2.0493, lr_0 = 4.5303e-04
Loss = 6.7907e-02, PNorm = 51.5678, GNorm = 1.7258, lr_0 = 4.5325e-04
Loss = 7.5444e-02, PNorm = 51.5760, GNorm = 8.5177, lr_0 = 4.5348e-04
Loss = 7.4975e-02, PNorm = 51.5848, GNorm = 1.6916, lr_0 = 4.5370e-04
Loss = 7.3851e-02, PNorm = 51.5941, GNorm = 2.2825, lr_0 = 4.5393e-04
Loss = 6.1019e-02, PNorm = 51.6017, GNorm = 2.1555, lr_0 = 4.5415e-04
Loss = 5.8746e-02, PNorm = 51.6068, GNorm = 2.4447, lr_0 = 4.5438e-04
Loss = 6.1217e-02, PNorm = 51.6132, GNorm = 3.5956, lr_0 = 4.5460e-04
Loss = 5.7524e-02, PNorm = 51.6196, GNorm = 2.9283, lr_0 = 4.5483e-04
Loss = 5.9859e-02, PNorm = 51.6256, GNorm = 1.9946, lr_0 = 4.5505e-04
Loss = 6.2849e-02, PNorm = 51.6330, GNorm = 2.2574, lr_0 = 4.5528e-04
Loss = 8.0153e-02, PNorm = 51.6418, GNorm = 2.5444, lr_0 = 4.5551e-04
Loss = 8.8017e-02, PNorm = 51.6481, GNorm = 3.4933, lr_0 = 4.5573e-04
Loss = 6.9471e-02, PNorm = 51.6544, GNorm = 3.5072, lr_0 = 4.5596e-04
Loss = 6.6831e-02, PNorm = 51.6615, GNorm = 2.7110, lr_0 = 4.5618e-04
Loss = 6.4884e-02, PNorm = 51.6677, GNorm = 3.7152, lr_0 = 4.5641e-04
Loss = 7.0499e-02, PNorm = 51.6734, GNorm = 3.7033, lr_0 = 4.5663e-04
Loss = 6.7597e-02, PNorm = 51.6801, GNorm = 2.6315, lr_0 = 4.5686e-04
Loss = 6.9364e-02, PNorm = 51.6874, GNorm = 5.1730, lr_0 = 4.5708e-04
Loss = 7.5941e-02, PNorm = 51.6970, GNorm = 6.5504, lr_0 = 4.5731e-04
Loss = 7.8831e-02, PNorm = 51.7057, GNorm = 1.6079, lr_0 = 4.5753e-04
Loss = 6.3406e-02, PNorm = 51.7114, GNorm = 4.7120, lr_0 = 4.5776e-04
Loss = 6.4772e-02, PNorm = 51.7181, GNorm = 4.1555, lr_0 = 4.5798e-04
Loss = 7.6630e-02, PNorm = 51.7271, GNorm = 4.5886, lr_0 = 4.5821e-04
Loss = 7.8593e-02, PNorm = 51.7346, GNorm = 6.4386, lr_0 = 4.5844e-04
Loss = 8.1247e-02, PNorm = 51.7465, GNorm = 2.2950, lr_0 = 4.5866e-04
Loss = 8.0082e-02, PNorm = 51.7551, GNorm = 2.5422, lr_0 = 4.5889e-04
Loss = 8.3399e-02, PNorm = 51.7630, GNorm = 3.3073, lr_0 = 4.5911e-04
Loss = 6.2742e-02, PNorm = 51.7704, GNorm = 1.5244, lr_0 = 4.5934e-04
Loss = 6.0082e-02, PNorm = 51.7754, GNorm = 1.2575, lr_0 = 4.5956e-04
Loss = 7.1403e-02, PNorm = 51.7815, GNorm = 3.7017, lr_0 = 4.5979e-04
Loss = 7.4786e-02, PNorm = 51.7903, GNorm = 3.8450, lr_0 = 4.6001e-04
Loss = 6.8438e-02, PNorm = 51.7988, GNorm = 3.3924, lr_0 = 4.6024e-04
Loss = 7.8716e-02, PNorm = 51.8082, GNorm = 1.7885, lr_0 = 4.6046e-04
Loss = 6.9976e-02, PNorm = 51.8144, GNorm = 2.1472, lr_0 = 4.6069e-04
Loss = 8.2889e-02, PNorm = 51.8226, GNorm = 1.8066, lr_0 = 4.6092e-04
Loss = 7.9848e-02, PNorm = 51.8309, GNorm = 5.4642, lr_0 = 4.6114e-04
Loss = 8.0641e-02, PNorm = 51.8385, GNorm = 3.6654, lr_0 = 4.6137e-04
Loss = 9.3568e-02, PNorm = 51.8480, GNorm = 8.7554, lr_0 = 4.6159e-04
Loss = 8.3645e-02, PNorm = 51.8582, GNorm = 4.1292, lr_0 = 4.6182e-04
Loss = 9.8392e-02, PNorm = 51.8689, GNorm = 4.5583, lr_0 = 4.6204e-04
Loss = 1.1164e-01, PNorm = 51.8797, GNorm = 10.0676, lr_0 = 4.6227e-04
Loss = 1.2627e-01, PNorm = 51.8879, GNorm = 2.7058, lr_0 = 4.6249e-04
Loss = 9.9052e-02, PNorm = 51.9002, GNorm = 6.9044, lr_0 = 4.6272e-04
Loss = 9.3203e-02, PNorm = 51.9132, GNorm = 3.4267, lr_0 = 4.6294e-04
Loss = 6.8617e-02, PNorm = 51.9235, GNorm = 1.7265, lr_0 = 4.6317e-04
Loss = 6.8197e-02, PNorm = 51.9308, GNorm = 2.1802, lr_0 = 4.6339e-04
Loss = 5.6626e-02, PNorm = 51.9388, GNorm = 1.7248, lr_0 = 4.6362e-04
Loss = 6.1865e-02, PNorm = 51.9472, GNorm = 2.2844, lr_0 = 4.6385e-04
Loss = 6.3783e-02, PNorm = 51.9531, GNorm = 1.5611, lr_0 = 4.6407e-04
Loss = 6.7234e-02, PNorm = 51.9607, GNorm = 1.7989, lr_0 = 4.6430e-04
Loss = 6.6861e-02, PNorm = 51.9708, GNorm = 1.7224, lr_0 = 4.6452e-04
Loss = 5.9148e-02, PNorm = 51.9791, GNorm = 2.7860, lr_0 = 4.6475e-04
Loss = 6.9599e-02, PNorm = 51.9853, GNorm = 1.3720, lr_0 = 4.6497e-04
Loss = 6.3744e-02, PNorm = 51.9940, GNorm = 2.1782, lr_0 = 4.6520e-04
Loss = 6.0664e-02, PNorm = 51.9989, GNorm = 1.5666, lr_0 = 4.6542e-04
Loss = 5.8904e-02, PNorm = 52.0062, GNorm = 1.8561, lr_0 = 4.6565e-04
Loss = 5.7949e-02, PNorm = 52.0136, GNorm = 1.4887, lr_0 = 4.6587e-04
Loss = 6.4718e-02, PNorm = 52.0202, GNorm = 8.3719, lr_0 = 4.6610e-04
Loss = 7.2022e-02, PNorm = 52.0263, GNorm = 5.9565, lr_0 = 4.6633e-04
Loss = 9.6333e-02, PNorm = 52.0333, GNorm = 5.5994, lr_0 = 4.6655e-04
Loss = 9.4637e-02, PNorm = 52.0453, GNorm = 1.6087, lr_0 = 4.6678e-04
Loss = 6.7924e-02, PNorm = 52.0569, GNorm = 1.9929, lr_0 = 4.6700e-04
Loss = 7.1834e-02, PNorm = 52.0652, GNorm = 6.6245, lr_0 = 4.6723e-04
Loss = 5.9353e-02, PNorm = 52.0746, GNorm = 4.6077, lr_0 = 4.6745e-04
Loss = 6.5637e-02, PNorm = 52.0817, GNorm = 1.7104, lr_0 = 4.6768e-04
Loss = 7.4827e-02, PNorm = 52.0875, GNorm = 3.1258, lr_0 = 4.6790e-04
Loss = 7.7476e-02, PNorm = 52.0948, GNorm = 4.8316, lr_0 = 4.6813e-04
Loss = 7.8235e-02, PNorm = 52.1055, GNorm = 1.8799, lr_0 = 4.6835e-04
Loss = 1.0415e-01, PNorm = 52.1164, GNorm = 3.6266, lr_0 = 4.6858e-04
Loss = 9.0503e-02, PNorm = 52.1258, GNorm = 2.7210, lr_0 = 4.6880e-04
Loss = 7.6183e-02, PNorm = 52.1345, GNorm = 5.9096, lr_0 = 4.6903e-04
Loss = 7.3270e-02, PNorm = 52.1427, GNorm = 1.6455, lr_0 = 4.6926e-04
Loss = 6.8794e-02, PNorm = 52.1544, GNorm = 3.8032, lr_0 = 4.6948e-04
Loss = 8.7346e-02, PNorm = 52.1631, GNorm = 6.3320, lr_0 = 4.6971e-04
Loss = 8.7189e-02, PNorm = 52.1750, GNorm = 4.2435, lr_0 = 4.6993e-04
Loss = 9.0329e-02, PNorm = 52.1840, GNorm = 4.0469, lr_0 = 4.7016e-04
Loss = 7.3188e-02, PNorm = 52.1937, GNorm = 3.3489, lr_0 = 4.7038e-04
Loss = 6.7122e-02, PNorm = 52.2030, GNorm = 1.2652, lr_0 = 4.7061e-04
Loss = 5.8760e-02, PNorm = 52.2107, GNorm = 2.1803, lr_0 = 4.7083e-04
Loss = 5.8599e-02, PNorm = 52.2151, GNorm = 1.4884, lr_0 = 4.7106e-04
Loss = 6.6865e-02, PNorm = 52.2210, GNorm = 4.3549, lr_0 = 4.7128e-04
Loss = 7.2346e-02, PNorm = 52.2297, GNorm = 1.4033, lr_0 = 4.7151e-04
Loss = 6.6087e-02, PNorm = 52.2390, GNorm = 3.9561, lr_0 = 4.7174e-04
Loss = 9.0762e-02, PNorm = 52.2478, GNorm = 1.5678, lr_0 = 4.7196e-04
Loss = 6.4573e-02, PNorm = 52.2568, GNorm = 2.7634, lr_0 = 4.7219e-04
Loss = 7.4944e-02, PNorm = 52.2654, GNorm = 4.8718, lr_0 = 4.7241e-04
Loss = 7.0286e-02, PNorm = 52.2733, GNorm = 2.5865, lr_0 = 4.7264e-04
Loss = 7.6856e-02, PNorm = 52.2792, GNorm = 5.4695, lr_0 = 4.7286e-04
Loss = 7.8645e-02, PNorm = 52.2878, GNorm = 6.7789, lr_0 = 4.7309e-04
Loss = 6.9491e-02, PNorm = 52.2964, GNorm = 3.7597, lr_0 = 4.7331e-04
Loss = 7.0837e-02, PNorm = 52.3058, GNorm = 3.2236, lr_0 = 4.7354e-04
Loss = 7.3603e-02, PNorm = 52.3134, GNorm = 2.6697, lr_0 = 4.7376e-04
Loss = 6.9337e-02, PNorm = 52.3227, GNorm = 1.3860, lr_0 = 4.7399e-04
Loss = 6.3702e-02, PNorm = 52.3310, GNorm = 2.2422, lr_0 = 4.7421e-04
Loss = 6.2302e-02, PNorm = 52.3397, GNorm = 1.9378, lr_0 = 4.7444e-04
Loss = 5.8087e-02, PNorm = 52.3497, GNorm = 1.3290, lr_0 = 4.7467e-04
Loss = 6.0648e-02, PNorm = 52.3566, GNorm = 1.7094, lr_0 = 4.7489e-04
Loss = 6.6192e-02, PNorm = 52.3630, GNorm = 2.5619, lr_0 = 4.7512e-04
Loss = 6.5052e-02, PNorm = 52.3716, GNorm = 3.0169, lr_0 = 4.7534e-04
Loss = 7.3487e-02, PNorm = 52.3787, GNorm = 7.7362, lr_0 = 4.7557e-04
Loss = 9.0547e-02, PNorm = 52.3879, GNorm = 1.6635, lr_0 = 4.7579e-04
Loss = 7.9558e-02, PNorm = 52.3973, GNorm = 3.3357, lr_0 = 4.7602e-04
Loss = 6.8603e-02, PNorm = 52.4079, GNorm = 1.5281, lr_0 = 4.7624e-04
Loss = 5.9217e-02, PNorm = 52.4159, GNorm = 3.4861, lr_0 = 4.7647e-04
Loss = 5.6610e-02, PNorm = 52.4211, GNorm = 1.9661, lr_0 = 4.7669e-04
Loss = 5.7198e-02, PNorm = 52.4272, GNorm = 3.0082, lr_0 = 4.7692e-04
Loss = 6.1342e-02, PNorm = 52.4331, GNorm = 2.2956, lr_0 = 4.7715e-04
Loss = 5.3551e-02, PNorm = 52.4404, GNorm = 1.1548, lr_0 = 4.7737e-04
Loss = 5.8823e-02, PNorm = 52.4458, GNorm = 3.6181, lr_0 = 4.7760e-04
Loss = 5.9344e-02, PNorm = 52.4524, GNorm = 3.0631, lr_0 = 4.7782e-04
Loss = 6.2320e-02, PNorm = 52.4616, GNorm = 2.2263, lr_0 = 4.7805e-04
Loss = 4.9450e-02, PNorm = 52.4707, GNorm = 1.7037, lr_0 = 4.7827e-04
Loss = 5.4436e-02, PNorm = 52.4778, GNorm = 1.6229, lr_0 = 4.7850e-04
Loss = 5.5423e-02, PNorm = 52.4860, GNorm = 1.2995, lr_0 = 4.7872e-04
Loss = 5.2316e-02, PNorm = 52.4930, GNorm = 1.4814, lr_0 = 4.7895e-04
Loss = 5.6571e-02, PNorm = 52.4993, GNorm = 2.0457, lr_0 = 4.7917e-04
Loss = 6.0548e-02, PNorm = 52.5078, GNorm = 1.5267, lr_0 = 4.7940e-04
Loss = 5.3734e-02, PNorm = 52.5165, GNorm = 4.8106, lr_0 = 4.7962e-04
Loss = 6.6308e-02, PNorm = 52.5218, GNorm = 2.3746, lr_0 = 4.7985e-04
Loss = 5.3427e-02, PNorm = 52.5269, GNorm = 3.4840, lr_0 = 4.8008e-04
Loss = 8.2478e-02, PNorm = 52.5351, GNorm = 7.4857, lr_0 = 4.8030e-04
Loss = 6.4584e-02, PNorm = 52.5466, GNorm = 3.0855, lr_0 = 4.8053e-04
Loss = 7.6525e-02, PNorm = 52.5550, GNorm = 5.4959, lr_0 = 4.8075e-04
Loss = 6.7363e-02, PNorm = 52.5630, GNorm = 4.9384, lr_0 = 4.8098e-04
Loss = 6.7112e-02, PNorm = 52.5720, GNorm = 3.5682, lr_0 = 4.8120e-04
Loss = 6.1559e-02, PNorm = 52.5811, GNorm = 3.8706, lr_0 = 4.8143e-04
Loss = 6.0889e-02, PNorm = 52.5888, GNorm = 2.6919, lr_0 = 4.8165e-04
Loss = 6.0008e-02, PNorm = 52.5974, GNorm = 3.9490, lr_0 = 4.8188e-04
Loss = 7.4830e-02, PNorm = 52.6076, GNorm = 4.0452, lr_0 = 4.8210e-04
Loss = 7.7317e-02, PNorm = 52.6188, GNorm = 3.3135, lr_0 = 4.8233e-04
Loss = 7.4842e-02, PNorm = 52.6299, GNorm = 5.0184, lr_0 = 4.8256e-04
Loss = 6.2352e-02, PNorm = 52.6422, GNorm = 3.2117, lr_0 = 4.8278e-04
Loss = 7.1315e-02, PNorm = 52.6540, GNorm = 5.0919, lr_0 = 4.8301e-04
Loss = 6.7828e-02, PNorm = 52.6621, GNorm = 1.2367, lr_0 = 4.8323e-04
Loss = 6.4069e-02, PNorm = 52.6707, GNorm = 4.9889, lr_0 = 4.8346e-04
Loss = 1.0265e-01, PNorm = 52.6807, GNorm = 9.8293, lr_0 = 4.8368e-04
Loss = 9.2339e-02, PNorm = 52.6915, GNorm = 7.8699, lr_0 = 4.8391e-04
Loss = 1.0698e-01, PNorm = 52.7043, GNorm = 5.1676, lr_0 = 4.8413e-04
Loss = 1.0787e-01, PNorm = 52.7201, GNorm = 4.8041, lr_0 = 4.8436e-04
Loss = 7.2360e-02, PNorm = 52.7334, GNorm = 1.2778, lr_0 = 4.8458e-04
Loss = 7.3332e-02, PNorm = 52.7428, GNorm = 1.5989, lr_0 = 4.8481e-04
Loss = 7.3116e-02, PNorm = 52.7540, GNorm = 5.6278, lr_0 = 4.8503e-04
Loss = 8.1339e-02, PNorm = 52.7650, GNorm = 1.6837, lr_0 = 4.8526e-04
Loss = 7.1677e-02, PNorm = 52.7754, GNorm = 1.4896, lr_0 = 4.8549e-04
Loss = 6.7713e-02, PNorm = 52.7841, GNorm = 3.8839, lr_0 = 4.8571e-04
Loss = 7.2832e-02, PNorm = 52.7914, GNorm = 2.7548, lr_0 = 4.8594e-04
Loss = 7.0295e-02, PNorm = 52.8002, GNorm = 5.0465, lr_0 = 4.8616e-04
Loss = 6.6455e-02, PNorm = 52.8130, GNorm = 1.7471, lr_0 = 4.8639e-04
Loss = 6.3485e-02, PNorm = 52.8192, GNorm = 2.2287, lr_0 = 4.8661e-04
Loss = 7.0076e-02, PNorm = 52.8241, GNorm = 2.0264, lr_0 = 4.8684e-04
Loss = 8.4582e-02, PNorm = 52.8347, GNorm = 4.1388, lr_0 = 4.8706e-04
Loss = 7.2970e-02, PNorm = 52.8453, GNorm = 1.6004, lr_0 = 4.8729e-04
Loss = 5.4584e-02, PNorm = 52.8560, GNorm = 2.5813, lr_0 = 4.8751e-04
Loss = 5.8871e-02, PNorm = 52.8610, GNorm = 2.2990, lr_0 = 4.8774e-04
Loss = 6.4282e-02, PNorm = 52.8691, GNorm = 5.0593, lr_0 = 4.8797e-04
Loss = 5.4590e-02, PNorm = 52.8767, GNorm = 1.6867, lr_0 = 4.8819e-04
Loss = 6.6642e-02, PNorm = 52.8837, GNorm = 5.0279, lr_0 = 4.8842e-04
Loss = 6.1325e-02, PNorm = 52.8916, GNorm = 1.9437, lr_0 = 4.8864e-04
Loss = 6.5549e-02, PNorm = 52.8994, GNorm = 1.2559, lr_0 = 4.8887e-04
Loss = 5.9314e-02, PNorm = 52.9084, GNorm = 2.0282, lr_0 = 4.8909e-04
Loss = 6.1221e-02, PNorm = 52.9172, GNorm = 2.5509, lr_0 = 4.8932e-04
Loss = 6.2738e-02, PNorm = 52.9224, GNorm = 1.5710, lr_0 = 4.8954e-04
Loss = 8.4558e-02, PNorm = 52.9308, GNorm = 4.6020, lr_0 = 4.8977e-04
Loss = 6.6187e-02, PNorm = 52.9445, GNorm = 1.5934, lr_0 = 4.8999e-04
Loss = 5.4832e-02, PNorm = 52.9533, GNorm = 1.4001, lr_0 = 4.9022e-04
Loss = 7.8558e-02, PNorm = 52.9609, GNorm = 3.5294, lr_0 = 4.9044e-04
Loss = 5.2404e-02, PNorm = 52.9708, GNorm = 2.0703, lr_0 = 4.9067e-04
Loss = 4.9068e-02, PNorm = 52.9807, GNorm = 2.9499, lr_0 = 4.9090e-04
Loss = 5.2147e-02, PNorm = 52.9877, GNorm = 1.3681, lr_0 = 4.9112e-04
Loss = 5.0342e-02, PNorm = 52.9923, GNorm = 1.4754, lr_0 = 4.9135e-04
Loss = 7.6363e-02, PNorm = 53.0014, GNorm = 2.9882, lr_0 = 4.9157e-04
Loss = 8.1484e-02, PNorm = 53.0126, GNorm = 4.0669, lr_0 = 4.9180e-04
Loss = 4.9829e-02, PNorm = 53.0197, GNorm = 1.9673, lr_0 = 4.9202e-04
Loss = 5.3019e-02, PNorm = 53.0261, GNorm = 2.2935, lr_0 = 4.9225e-04
Loss = 5.2986e-02, PNorm = 53.0343, GNorm = 1.2170, lr_0 = 4.9247e-04
Loss = 5.3533e-02, PNorm = 53.0424, GNorm = 2.7240, lr_0 = 4.9270e-04
Loss = 5.5854e-02, PNorm = 53.0516, GNorm = 4.6300, lr_0 = 4.9292e-04
Loss = 5.4482e-02, PNorm = 53.0595, GNorm = 1.2162, lr_0 = 4.9315e-04
Loss = 5.0031e-02, PNorm = 53.0667, GNorm = 2.7912, lr_0 = 4.9338e-04
Loss = 5.6690e-02, PNorm = 53.0732, GNorm = 1.3998, lr_0 = 4.9360e-04
Loss = 6.2885e-02, PNorm = 53.0794, GNorm = 3.6371, lr_0 = 4.9383e-04
Loss = 6.8965e-02, PNorm = 53.0908, GNorm = 2.8538, lr_0 = 4.9405e-04
Loss = 6.6178e-02, PNorm = 53.1017, GNorm = 1.8885, lr_0 = 4.9428e-04
Loss = 9.2674e-02, PNorm = 53.1116, GNorm = 6.5749, lr_0 = 4.9450e-04
Loss = 6.6365e-02, PNorm = 53.1233, GNorm = 2.6134, lr_0 = 4.9473e-04
Loss = 4.9546e-02, PNorm = 53.1321, GNorm = 1.2876, lr_0 = 4.9495e-04
Loss = 5.3828e-02, PNorm = 53.1416, GNorm = 2.7693, lr_0 = 4.9518e-04
Loss = 6.6043e-02, PNorm = 53.1488, GNorm = 4.5729, lr_0 = 4.9540e-04
Loss = 5.4667e-02, PNorm = 53.1563, GNorm = 2.0237, lr_0 = 4.9563e-04
Loss = 4.7841e-02, PNorm = 53.1647, GNorm = 1.8858, lr_0 = 4.9585e-04
Loss = 4.8992e-02, PNorm = 53.1742, GNorm = 1.8671, lr_0 = 4.9608e-04
Loss = 5.1346e-02, PNorm = 53.1822, GNorm = 2.8244, lr_0 = 4.9631e-04
Loss = 4.4679e-02, PNorm = 53.1885, GNorm = 2.1735, lr_0 = 4.9653e-04
Loss = 4.9444e-02, PNorm = 53.1943, GNorm = 4.8964, lr_0 = 4.9676e-04
Loss = 5.2773e-02, PNorm = 53.2005, GNorm = 2.3241, lr_0 = 4.9698e-04
Loss = 5.7302e-02, PNorm = 53.2075, GNorm = 2.2004, lr_0 = 4.9721e-04
Loss = 4.8701e-02, PNorm = 53.2151, GNorm = 2.4366, lr_0 = 4.9743e-04
Loss = 5.5763e-02, PNorm = 53.2234, GNorm = 1.2252, lr_0 = 4.9766e-04
Loss = 5.4034e-02, PNorm = 53.2321, GNorm = 3.8058, lr_0 = 4.9788e-04
Loss = 5.0981e-02, PNorm = 53.2387, GNorm = 2.1582, lr_0 = 4.9811e-04
Loss = 5.6195e-02, PNorm = 53.2470, GNorm = 4.1202, lr_0 = 4.9833e-04
Loss = 5.1771e-02, PNorm = 53.2567, GNorm = 1.2449, lr_0 = 4.9856e-04
Loss = 5.3086e-02, PNorm = 53.2648, GNorm = 1.2972, lr_0 = 4.9879e-04
Loss = 6.3584e-02, PNorm = 53.2749, GNorm = 1.8619, lr_0 = 4.9901e-04
Loss = 5.3918e-02, PNorm = 53.2836, GNorm = 2.2942, lr_0 = 4.9924e-04
Loss = 5.4514e-02, PNorm = 53.2868, GNorm = 4.3565, lr_0 = 4.9946e-04
Loss = 4.8392e-02, PNorm = 53.2922, GNorm = 2.3655, lr_0 = 4.9969e-04
Loss = 6.1615e-02, PNorm = 53.2979, GNorm = 2.8195, lr_0 = 4.9991e-04
Loss = 6.2228e-02, PNorm = 53.3044, GNorm = 2.4732, lr_0 = 5.0014e-04
Loss = 6.0477e-02, PNorm = 53.3153, GNorm = 3.5702, lr_0 = 5.0036e-04
Loss = 6.5665e-02, PNorm = 53.3261, GNorm = 2.0525, lr_0 = 5.0059e-04
Loss = 6.0863e-02, PNorm = 53.3339, GNorm = 2.3650, lr_0 = 5.0081e-04
Loss = 6.1828e-02, PNorm = 53.3454, GNorm = 2.4659, lr_0 = 5.0104e-04
Loss = 6.3181e-02, PNorm = 53.3546, GNorm = 1.8923, lr_0 = 5.0126e-04
Loss = 4.7304e-02, PNorm = 53.3654, GNorm = 1.2027, lr_0 = 5.0149e-04
Loss = 4.8734e-02, PNorm = 53.3749, GNorm = 2.1709, lr_0 = 5.0172e-04
Loss = 4.9980e-02, PNorm = 53.3852, GNorm = 2.0727, lr_0 = 5.0194e-04
Loss = 5.0266e-02, PNorm = 53.3941, GNorm = 1.1833, lr_0 = 5.0217e-04
Loss = 4.9223e-02, PNorm = 53.3995, GNorm = 1.0544, lr_0 = 5.0239e-04
Loss = 5.0845e-02, PNorm = 53.4049, GNorm = 1.9131, lr_0 = 5.0262e-04
Loss = 4.8893e-02, PNorm = 53.4105, GNorm = 1.8114, lr_0 = 5.0284e-04
Loss = 4.6859e-02, PNorm = 53.4154, GNorm = 3.2678, lr_0 = 5.0307e-04
Loss = 5.6363e-02, PNorm = 53.4239, GNorm = 3.9020, lr_0 = 5.0329e-04
Loss = 6.6128e-02, PNorm = 53.4328, GNorm = 4.1106, lr_0 = 5.0352e-04
Loss = 5.1776e-02, PNorm = 53.4427, GNorm = 2.1674, lr_0 = 5.0374e-04
Loss = 5.1169e-02, PNorm = 53.4517, GNorm = 1.1135, lr_0 = 5.0397e-04
Loss = 5.0903e-02, PNorm = 53.4589, GNorm = 2.3057, lr_0 = 5.0420e-04
Loss = 5.2837e-02, PNorm = 53.4643, GNorm = 1.1973, lr_0 = 5.0442e-04
Loss = 6.7539e-02, PNorm = 53.4697, GNorm = 7.6393, lr_0 = 5.0465e-04
Loss = 6.4825e-02, PNorm = 53.4800, GNorm = 1.0820, lr_0 = 5.0487e-04
Loss = 5.6228e-02, PNorm = 53.4938, GNorm = 2.7710, lr_0 = 5.0510e-04
Loss = 5.4103e-02, PNorm = 53.5030, GNorm = 3.3058, lr_0 = 5.0532e-04
Loss = 5.4958e-02, PNorm = 53.5101, GNorm = 1.5358, lr_0 = 5.0555e-04
Loss = 5.1678e-02, PNorm = 53.5188, GNorm = 1.2006, lr_0 = 5.0577e-04
Loss = 4.7411e-02, PNorm = 53.5274, GNorm = 3.9351, lr_0 = 5.0600e-04
Loss = 4.9924e-02, PNorm = 53.5359, GNorm = 2.2361, lr_0 = 5.0622e-04
Loss = 5.0372e-02, PNorm = 53.5433, GNorm = 1.6788, lr_0 = 5.0645e-04
Loss = 4.4964e-02, PNorm = 53.5525, GNorm = 1.4056, lr_0 = 5.0667e-04
Loss = 5.3786e-02, PNorm = 53.5613, GNorm = 2.2107, lr_0 = 5.0690e-04
Loss = 5.0570e-02, PNorm = 53.5694, GNorm = 2.4627, lr_0 = 5.0713e-04
Loss = 4.7765e-02, PNorm = 53.5751, GNorm = 1.1419, lr_0 = 5.0735e-04
Loss = 5.1088e-02, PNorm = 53.5811, GNorm = 3.9149, lr_0 = 5.0758e-04
Loss = 5.1213e-02, PNorm = 53.5876, GNorm = 4.2757, lr_0 = 5.0780e-04
Loss = 7.3852e-02, PNorm = 53.5964, GNorm = 4.3445, lr_0 = 5.0803e-04
Loss = 6.9503e-02, PNorm = 53.6084, GNorm = 1.3569, lr_0 = 5.0825e-04
Loss = 6.3949e-02, PNorm = 53.6195, GNorm = 5.4719, lr_0 = 5.0848e-04
Loss = 5.6593e-02, PNorm = 53.6280, GNorm = 3.5210, lr_0 = 5.0870e-04
Loss = 5.8968e-02, PNorm = 53.6357, GNorm = 1.5003, lr_0 = 5.0893e-04
Loss = 6.0155e-02, PNorm = 53.6459, GNorm = 2.2161, lr_0 = 5.0915e-04
Loss = 5.6488e-02, PNorm = 53.6559, GNorm = 4.5968, lr_0 = 5.0938e-04
Loss = 6.3547e-02, PNorm = 53.6675, GNorm = 2.3420, lr_0 = 5.0961e-04
Loss = 4.9254e-02, PNorm = 53.6797, GNorm = 3.0726, lr_0 = 5.0983e-04
Loss = 8.2705e-02, PNorm = 53.6885, GNorm = 3.5677, lr_0 = 5.1006e-04
Loss = 7.2661e-02, PNorm = 53.7005, GNorm = 1.6968, lr_0 = 5.1028e-04
Loss = 5.2110e-02, PNorm = 53.7107, GNorm = 2.3520, lr_0 = 5.1051e-04
Loss = 4.8526e-02, PNorm = 53.7200, GNorm = 1.1615, lr_0 = 5.1073e-04
Loss = 5.0987e-02, PNorm = 53.7267, GNorm = 2.4068, lr_0 = 5.1096e-04
Loss = 5.3748e-02, PNorm = 53.7363, GNorm = 2.6998, lr_0 = 5.1118e-04
Loss = 5.2297e-02, PNorm = 53.7477, GNorm = 1.7278, lr_0 = 5.1141e-04
Loss = 4.6005e-02, PNorm = 53.7567, GNorm = 1.8463, lr_0 = 5.1163e-04
Loss = 5.5610e-02, PNorm = 53.7636, GNorm = 1.9034, lr_0 = 5.1186e-04
Loss = 6.8217e-02, PNorm = 53.7725, GNorm = 3.8741, lr_0 = 5.1208e-04
Loss = 6.9701e-02, PNorm = 53.7825, GNorm = 1.6330, lr_0 = 5.1231e-04
Loss = 6.5006e-02, PNorm = 53.7932, GNorm = 2.3696, lr_0 = 5.1254e-04
Loss = 5.1496e-02, PNorm = 53.8052, GNorm = 1.5756, lr_0 = 5.1276e-04
Loss = 5.3133e-02, PNorm = 53.8133, GNorm = 1.2733, lr_0 = 5.1299e-04
Loss = 5.6114e-02, PNorm = 53.8248, GNorm = 1.5054, lr_0 = 5.1321e-04
Loss = 4.9335e-02, PNorm = 53.8338, GNorm = 2.0783, lr_0 = 5.1344e-04
Loss = 5.2313e-02, PNorm = 53.8412, GNorm = 1.4016, lr_0 = 5.1366e-04
Loss = 5.6185e-02, PNorm = 53.8507, GNorm = 1.3035, lr_0 = 5.1389e-04
Loss = 4.8788e-02, PNorm = 53.8601, GNorm = 2.9680, lr_0 = 5.1411e-04
Loss = 5.2497e-02, PNorm = 53.8678, GNorm = 3.3470, lr_0 = 5.1434e-04
Loss = 4.4484e-02, PNorm = 53.8768, GNorm = 1.8165, lr_0 = 5.1456e-04
Loss = 4.9134e-02, PNorm = 53.8850, GNorm = 1.7349, lr_0 = 5.1479e-04
Loss = 5.6539e-02, PNorm = 53.8953, GNorm = 2.2734, lr_0 = 5.1502e-04
Loss = 5.9647e-02, PNorm = 53.9031, GNorm = 4.0609, lr_0 = 5.1524e-04
Loss = 6.0358e-02, PNorm = 53.9136, GNorm = 4.1671, lr_0 = 5.1547e-04
Loss = 6.4103e-02, PNorm = 53.9246, GNorm = 3.2243, lr_0 = 5.1569e-04
Loss = 5.4558e-02, PNorm = 53.9355, GNorm = 1.2116, lr_0 = 5.1592e-04
Loss = 6.7029e-02, PNorm = 53.9463, GNorm = 5.8241, lr_0 = 5.1614e-04
Loss = 6.1533e-02, PNorm = 53.9547, GNorm = 1.8861, lr_0 = 5.1637e-04
Loss = 6.7924e-02, PNorm = 53.9663, GNorm = 4.6751, lr_0 = 5.1659e-04
Loss = 6.8436e-02, PNorm = 53.9776, GNorm = 1.5097, lr_0 = 5.1682e-04
Loss = 7.7174e-02, PNorm = 53.9896, GNorm = 4.7014, lr_0 = 5.1704e-04
Loss = 6.2097e-02, PNorm = 54.0014, GNorm = 1.8038, lr_0 = 5.1727e-04
Loss = 6.1723e-02, PNorm = 54.0131, GNorm = 3.4288, lr_0 = 5.1749e-04
Loss = 6.1134e-02, PNorm = 54.0199, GNorm = 3.4473, lr_0 = 5.1772e-04
Loss = 6.5871e-02, PNorm = 54.0290, GNorm = 1.0660, lr_0 = 5.1795e-04
Loss = 5.6123e-02, PNorm = 54.0409, GNorm = 1.7234, lr_0 = 5.1817e-04
Loss = 5.2809e-02, PNorm = 54.0511, GNorm = 1.1794, lr_0 = 5.1840e-04
Loss = 5.4257e-02, PNorm = 54.0641, GNorm = 1.9970, lr_0 = 5.1862e-04
Loss = 7.3123e-02, PNorm = 54.0769, GNorm = 1.2114, lr_0 = 5.1885e-04
Loss = 5.2267e-02, PNorm = 54.0875, GNorm = 1.4071, lr_0 = 5.1907e-04
Loss = 5.5621e-02, PNorm = 54.0949, GNorm = 1.5073, lr_0 = 5.1930e-04
Loss = 5.3533e-02, PNorm = 54.1052, GNorm = 3.5625, lr_0 = 5.1952e-04
Loss = 5.1744e-02, PNorm = 54.1110, GNorm = 2.1321, lr_0 = 5.1975e-04
Loss = 5.1920e-02, PNorm = 54.1208, GNorm = 3.6133, lr_0 = 5.1997e-04
Loss = 4.5816e-02, PNorm = 54.1311, GNorm = 1.6951, lr_0 = 5.2020e-04
Loss = 5.3429e-02, PNorm = 54.1422, GNorm = 2.0407, lr_0 = 5.2043e-04
Loss = 5.8962e-02, PNorm = 54.1496, GNorm = 1.9826, lr_0 = 5.2065e-04
Loss = 5.8814e-02, PNorm = 54.1597, GNorm = 2.1402, lr_0 = 5.2088e-04
Loss = 4.8016e-02, PNorm = 54.1694, GNorm = 1.2286, lr_0 = 5.2110e-04
Loss = 5.3535e-02, PNorm = 54.1792, GNorm = 2.0134, lr_0 = 5.2133e-04
Loss = 5.2277e-02, PNorm = 54.1887, GNorm = 1.0897, lr_0 = 5.2155e-04
Loss = 5.3373e-02, PNorm = 54.1988, GNorm = 2.7195, lr_0 = 5.2178e-04
Loss = 4.3554e-02, PNorm = 54.2054, GNorm = 1.4660, lr_0 = 5.2200e-04
Loss = 4.8542e-02, PNorm = 54.2133, GNorm = 3.1222, lr_0 = 5.2223e-04
Loss = 4.9945e-02, PNorm = 54.2215, GNorm = 1.6298, lr_0 = 5.2245e-04
Loss = 4.7629e-02, PNorm = 54.2301, GNorm = 2.7333, lr_0 = 5.2268e-04
Loss = 4.8632e-02, PNorm = 54.2383, GNorm = 1.8204, lr_0 = 5.2290e-04
Loss = 5.8963e-02, PNorm = 54.2448, GNorm = 1.1922, lr_0 = 5.2313e-04
Loss = 5.2137e-02, PNorm = 54.2528, GNorm = 1.1592, lr_0 = 5.2336e-04
Loss = 4.1314e-02, PNorm = 54.2591, GNorm = 1.0786, lr_0 = 5.2358e-04
Loss = 4.6232e-02, PNorm = 54.2672, GNorm = 1.0411, lr_0 = 5.2381e-04
Loss = 5.8155e-02, PNorm = 54.2770, GNorm = 4.6664, lr_0 = 5.2403e-04
Loss = 6.1087e-02, PNorm = 54.2878, GNorm = 1.2159, lr_0 = 5.2426e-04
Loss = 6.6457e-02, PNorm = 54.2973, GNorm = 4.0963, lr_0 = 5.2448e-04
Loss = 5.9287e-02, PNorm = 54.3112, GNorm = 4.6484, lr_0 = 5.2471e-04
Loss = 4.7516e-02, PNorm = 54.3197, GNorm = 1.8526, lr_0 = 5.2493e-04
Loss = 5.2961e-02, PNorm = 54.3276, GNorm = 3.0625, lr_0 = 5.2516e-04
Loss = 4.8036e-02, PNorm = 54.3377, GNorm = 4.0017, lr_0 = 5.2538e-04
Loss = 5.8224e-02, PNorm = 54.3486, GNorm = 2.9394, lr_0 = 5.2561e-04
Loss = 4.7038e-02, PNorm = 54.3588, GNorm = 1.1403, lr_0 = 5.2584e-04
Loss = 5.3288e-02, PNorm = 54.3685, GNorm = 1.4016, lr_0 = 5.2606e-04
Loss = 5.1345e-02, PNorm = 54.3782, GNorm = 1.2743, lr_0 = 5.2629e-04
Loss = 5.0225e-02, PNorm = 54.3863, GNorm = 1.1627, lr_0 = 5.2651e-04
Loss = 5.9231e-02, PNorm = 54.3962, GNorm = 1.0710, lr_0 = 5.2674e-04
Loss = 4.7784e-02, PNorm = 54.4067, GNorm = 1.2660, lr_0 = 5.2696e-04
Loss = 4.1670e-02, PNorm = 54.4158, GNorm = 1.0863, lr_0 = 5.2719e-04
Loss = 5.3340e-02, PNorm = 54.4254, GNorm = 1.0164, lr_0 = 5.2741e-04
Loss = 3.9111e-02, PNorm = 54.4349, GNorm = 2.1421, lr_0 = 5.2764e-04
Loss = 5.7025e-02, PNorm = 54.4450, GNorm = 3.9992, lr_0 = 5.2786e-04
Loss = 5.1051e-02, PNorm = 54.4536, GNorm = 1.9983, lr_0 = 5.2809e-04
Loss = 4.0479e-02, PNorm = 54.4595, GNorm = 1.1036, lr_0 = 5.2831e-04
Loss = 5.5109e-02, PNorm = 54.4683, GNorm = 1.0753, lr_0 = 5.2854e-04
Loss = 5.7638e-02, PNorm = 54.4759, GNorm = 3.6356, lr_0 = 5.2877e-04
Loss = 4.9317e-02, PNorm = 54.4834, GNorm = 2.0584, lr_0 = 5.2899e-04
Loss = 4.7798e-02, PNorm = 54.4941, GNorm = 1.6609, lr_0 = 5.2922e-04
Loss = 5.6282e-02, PNorm = 54.5059, GNorm = 1.0762, lr_0 = 5.2944e-04
Loss = 5.1025e-02, PNorm = 54.5157, GNorm = 1.0880, lr_0 = 5.2967e-04
Loss = 5.2439e-02, PNorm = 54.5285, GNorm = 4.4455, lr_0 = 5.2989e-04
Loss = 6.1595e-02, PNorm = 54.5394, GNorm = 4.9675, lr_0 = 5.3012e-04
Loss = 5.8921e-02, PNorm = 54.5492, GNorm = 1.2345, lr_0 = 5.3034e-04
Loss = 5.3886e-02, PNorm = 54.5624, GNorm = 1.4168, lr_0 = 5.3057e-04
Loss = 6.2587e-02, PNorm = 54.5730, GNorm = 2.6723, lr_0 = 5.3079e-04
Loss = 5.5984e-02, PNorm = 54.5832, GNorm = 2.4390, lr_0 = 5.3102e-04
Loss = 5.0089e-02, PNorm = 54.5914, GNorm = 1.9863, lr_0 = 5.3125e-04
Loss = 4.4334e-02, PNorm = 54.5985, GNorm = 1.8873, lr_0 = 5.3147e-04
Loss = 4.7929e-02, PNorm = 54.6047, GNorm = 1.2085, lr_0 = 5.3170e-04
Loss = 4.9949e-02, PNorm = 54.6150, GNorm = 2.3032, lr_0 = 5.3192e-04
Loss = 5.1636e-02, PNorm = 54.6236, GNorm = 3.3452, lr_0 = 5.3215e-04
Loss = 5.1565e-02, PNorm = 54.6337, GNorm = 2.0710, lr_0 = 5.3237e-04
Loss = 5.6687e-02, PNorm = 54.6405, GNorm = 1.1456, lr_0 = 5.3260e-04
Loss = 7.6469e-02, PNorm = 54.6530, GNorm = 4.8002, lr_0 = 5.3282e-04
Loss = 7.0012e-02, PNorm = 54.6638, GNorm = 1.1119, lr_0 = 5.3305e-04
Loss = 5.4122e-02, PNorm = 54.6767, GNorm = 3.5254, lr_0 = 5.3327e-04
Loss = 4.7563e-02, PNorm = 54.6846, GNorm = 1.7583, lr_0 = 5.3350e-04
Loss = 5.2529e-02, PNorm = 54.6941, GNorm = 2.6874, lr_0 = 5.3372e-04
Loss = 4.5722e-02, PNorm = 54.7064, GNorm = 1.8261, lr_0 = 5.3395e-04
Loss = 5.3335e-02, PNorm = 54.7186, GNorm = 2.8085, lr_0 = 5.3418e-04
Loss = 6.6068e-02, PNorm = 54.7276, GNorm = 3.7364, lr_0 = 5.3440e-04
Loss = 6.1305e-02, PNorm = 54.7410, GNorm = 1.3045, lr_0 = 5.3463e-04
Loss = 6.9700e-02, PNorm = 54.7490, GNorm = 0.8926, lr_0 = 5.3485e-04
Loss = 7.6995e-02, PNorm = 54.7630, GNorm = 4.6870, lr_0 = 5.3508e-04
Loss = 5.5409e-02, PNorm = 54.7773, GNorm = 1.1091, lr_0 = 5.3530e-04
Loss = 5.5033e-02, PNorm = 54.7884, GNorm = 2.0858, lr_0 = 5.3553e-04
Loss = 5.7283e-02, PNorm = 54.8003, GNorm = 1.1986, lr_0 = 5.3575e-04
Loss = 7.1326e-02, PNorm = 54.8137, GNorm = 1.1629, lr_0 = 5.3598e-04
Loss = 5.1454e-02, PNorm = 54.8239, GNorm = 3.6444, lr_0 = 5.3620e-04
Loss = 6.0119e-02, PNorm = 54.8338, GNorm = 1.5618, lr_0 = 5.3643e-04
Loss = 4.6750e-02, PNorm = 54.8457, GNorm = 2.7207, lr_0 = 5.3666e-04
Loss = 4.8893e-02, PNorm = 54.8554, GNorm = 1.6175, lr_0 = 5.3688e-04
Loss = 4.1387e-02, PNorm = 54.8648, GNorm = 1.1752, lr_0 = 5.3711e-04
Loss = 4.6525e-02, PNorm = 54.8746, GNorm = 1.3044, lr_0 = 5.3733e-04
Loss = 3.9808e-02, PNorm = 54.8839, GNorm = 1.3830, lr_0 = 5.3756e-04
Loss = 5.0847e-02, PNorm = 54.8906, GNorm = 1.5202, lr_0 = 5.3778e-04
Loss = 4.6187e-02, PNorm = 54.9004, GNorm = 3.2343, lr_0 = 5.3801e-04
Loss = 5.6410e-02, PNorm = 54.9108, GNorm = 2.4263, lr_0 = 5.3823e-04
Loss = 4.8585e-02, PNorm = 54.9201, GNorm = 1.0951, lr_0 = 5.3846e-04
Loss = 5.1187e-02, PNorm = 54.9311, GNorm = 1.2198, lr_0 = 5.3868e-04
Loss = 4.4065e-02, PNorm = 54.9404, GNorm = 1.7582, lr_0 = 5.3891e-04
Loss = 4.7950e-02, PNorm = 54.9501, GNorm = 1.3395, lr_0 = 5.3913e-04
Loss = 4.6017e-02, PNorm = 54.9606, GNorm = 2.5998, lr_0 = 5.3936e-04
Loss = 4.3532e-02, PNorm = 54.9667, GNorm = 1.4829, lr_0 = 5.3959e-04
Loss = 4.2969e-02, PNorm = 54.9759, GNorm = 5.1409, lr_0 = 5.3981e-04
Loss = 4.8321e-02, PNorm = 54.9867, GNorm = 1.5608, lr_0 = 5.4004e-04
Loss = 4.7405e-02, PNorm = 54.9923, GNorm = 3.0252, lr_0 = 5.4026e-04
Loss = 4.0892e-02, PNorm = 55.0019, GNorm = 1.0282, lr_0 = 5.4049e-04
Loss = 4.6148e-02, PNorm = 55.0102, GNorm = 1.9210, lr_0 = 5.4071e-04
Loss = 4.4501e-02, PNorm = 55.0176, GNorm = 2.9140, lr_0 = 5.4094e-04
Loss = 5.0944e-02, PNorm = 55.0265, GNorm = 2.5661, lr_0 = 5.4116e-04
Loss = 5.4109e-02, PNorm = 55.0388, GNorm = 3.4427, lr_0 = 5.4139e-04
Loss = 5.4629e-02, PNorm = 55.0476, GNorm = 1.6818, lr_0 = 5.4161e-04
Loss = 4.8925e-02, PNorm = 55.0552, GNorm = 1.4511, lr_0 = 5.4184e-04
Loss = 4.7872e-02, PNorm = 55.0670, GNorm = 1.9921, lr_0 = 5.4207e-04
Loss = 4.0364e-02, PNorm = 55.0756, GNorm = 1.1531, lr_0 = 5.4229e-04
Loss = 4.4811e-02, PNorm = 55.0822, GNorm = 1.3425, lr_0 = 5.4252e-04
Loss = 4.7578e-02, PNorm = 55.0886, GNorm = 1.3891, lr_0 = 5.4274e-04
Loss = 4.1988e-02, PNorm = 55.1012, GNorm = 1.4640, lr_0 = 5.4297e-04
Loss = 3.9187e-02, PNorm = 55.1111, GNorm = 1.5795, lr_0 = 5.4319e-04
Loss = 4.3028e-02, PNorm = 55.1217, GNorm = 0.9705, lr_0 = 5.4342e-04
Loss = 3.8575e-02, PNorm = 55.1314, GNorm = 1.6071, lr_0 = 5.4364e-04
Loss = 4.3335e-02, PNorm = 55.1387, GNorm = 2.5237, lr_0 = 5.4387e-04
Loss = 4.0218e-02, PNorm = 55.1485, GNorm = 1.0825, lr_0 = 5.4409e-04
Loss = 4.8805e-02, PNorm = 55.1554, GNorm = 1.9663, lr_0 = 5.4432e-04
Loss = 4.8313e-02, PNorm = 55.1619, GNorm = 0.9015, lr_0 = 5.4454e-04
Loss = 4.2320e-02, PNorm = 55.1722, GNorm = 2.6416, lr_0 = 5.4477e-04
Loss = 4.7845e-02, PNorm = 55.1823, GNorm = 2.4202, lr_0 = 5.4500e-04
Loss = 4.5585e-02, PNorm = 55.1887, GNorm = 2.5191, lr_0 = 5.4522e-04
Loss = 4.9689e-02, PNorm = 55.1968, GNorm = 2.6022, lr_0 = 5.4545e-04
Loss = 4.8588e-02, PNorm = 55.2034, GNorm = 1.0905, lr_0 = 5.4567e-04
Loss = 4.5023e-02, PNorm = 55.2132, GNorm = 2.5454, lr_0 = 5.4590e-04
Loss = 4.3523e-02, PNorm = 55.2241, GNorm = 2.3649, lr_0 = 5.4612e-04
Loss = 5.2848e-02, PNorm = 55.2338, GNorm = 1.4955, lr_0 = 5.4635e-04
Loss = 4.4546e-02, PNorm = 55.2454, GNorm = 1.1050, lr_0 = 5.4657e-04
Loss = 5.6603e-02, PNorm = 55.2581, GNorm = 2.1171, lr_0 = 5.4680e-04
Loss = 5.8678e-02, PNorm = 55.2729, GNorm = 1.2335, lr_0 = 5.4702e-04
Loss = 4.6445e-02, PNorm = 55.2838, GNorm = 2.6528, lr_0 = 5.4725e-04
Loss = 4.9160e-02, PNorm = 55.2928, GNorm = 2.6523, lr_0 = 5.4748e-04
Loss = 5.1668e-02, PNorm = 55.3051, GNorm = 4.2284, lr_0 = 5.4770e-04
Loss = 4.5106e-02, PNorm = 55.3171, GNorm = 2.6441, lr_0 = 5.4793e-04
Loss = 5.2417e-02, PNorm = 55.3273, GNorm = 1.0488, lr_0 = 5.4815e-04
Loss = 4.4866e-02, PNorm = 55.3389, GNorm = 1.4275, lr_0 = 5.4838e-04
Loss = 4.5907e-02, PNorm = 55.3488, GNorm = 1.3505, lr_0 = 5.4860e-04
Loss = 5.7116e-02, PNorm = 55.3602, GNorm = 1.1592, lr_0 = 5.4883e-04
Loss = 5.2587e-02, PNorm = 55.3704, GNorm = 1.5147, lr_0 = 5.4905e-04
Loss = 4.4580e-02, PNorm = 55.3815, GNorm = 2.1415, lr_0 = 5.4928e-04
Loss = 4.3129e-02, PNorm = 55.3900, GNorm = 1.1455, lr_0 = 5.4950e-04
Loss = 4.8721e-02, PNorm = 55.4008, GNorm = 3.4284, lr_0 = 5.4973e-04
Loss = 4.7292e-02, PNorm = 55.4092, GNorm = 0.9691, lr_0 = 5.4995e-04
Validation r2 = 0.939437
Epoch 1
Loss = 5.3483e-02, PNorm = 55.4205, GNorm = 3.1142, lr_0 = 5.5020e-04
Loss = 6.5730e-02, PNorm = 55.4313, GNorm = 2.0741, lr_0 = 5.5043e-04
Loss = 4.7445e-02, PNorm = 55.4456, GNorm = 0.9764, lr_0 = 5.5065e-04
Loss = 4.0995e-02, PNorm = 55.4564, GNorm = 1.1272, lr_0 = 5.5088e-04
Loss = 4.2093e-02, PNorm = 55.4666, GNorm = 2.6731, lr_0 = 5.5110e-04
Loss = 5.3931e-02, PNorm = 55.4785, GNorm = 0.8233, lr_0 = 5.5133e-04
Loss = 5.6102e-02, PNorm = 55.4893, GNorm = 1.7450, lr_0 = 5.5156e-04
Loss = 6.3570e-02, PNorm = 55.5025, GNorm = 1.5898, lr_0 = 5.5178e-04
Loss = 5.7821e-02, PNorm = 55.5178, GNorm = 2.9910, lr_0 = 5.5201e-04
Loss = 5.1932e-02, PNorm = 55.5303, GNorm = 1.4640, lr_0 = 5.5223e-04
Loss = 4.4544e-02, PNorm = 55.5388, GNorm = 1.0189, lr_0 = 5.5246e-04
Loss = 4.4925e-02, PNorm = 55.5482, GNorm = 1.2940, lr_0 = 5.5268e-04
Loss = 4.3246e-02, PNorm = 55.5579, GNorm = 1.7232, lr_0 = 5.5291e-04
Loss = 4.3787e-02, PNorm = 55.5684, GNorm = 1.0637, lr_0 = 5.5313e-04
Loss = 4.2717e-02, PNorm = 55.5739, GNorm = 3.3829, lr_0 = 5.5336e-04
Loss = 4.6828e-02, PNorm = 55.5837, GNorm = 0.9156, lr_0 = 5.5358e-04
Loss = 4.8782e-02, PNorm = 55.5917, GNorm = 1.3627, lr_0 = 5.5381e-04
Loss = 4.7966e-02, PNorm = 55.6002, GNorm = 1.3763, lr_0 = 5.5403e-04
Loss = 4.5413e-02, PNorm = 55.6115, GNorm = 0.9304, lr_0 = 5.5426e-04
Loss = 5.2266e-02, PNorm = 55.6222, GNorm = 2.6892, lr_0 = 5.5449e-04
Loss = 4.7754e-02, PNorm = 55.6343, GNorm = 2.4517, lr_0 = 5.5471e-04
Loss = 4.8904e-02, PNorm = 55.6471, GNorm = 0.9095, lr_0 = 5.5494e-04
Loss = 5.2694e-02, PNorm = 55.6572, GNorm = 1.7251, lr_0 = 5.5516e-04
Loss = 4.4851e-02, PNorm = 55.6673, GNorm = 2.9360, lr_0 = 5.5539e-04
Loss = 4.2229e-02, PNorm = 55.6775, GNorm = 0.9655, lr_0 = 5.5561e-04
Loss = 3.6744e-02, PNorm = 55.6878, GNorm = 1.0853, lr_0 = 5.5584e-04
Loss = 5.3820e-02, PNorm = 55.6967, GNorm = 4.3771, lr_0 = 5.5606e-04
Loss = 5.1230e-02, PNorm = 55.7111, GNorm = 2.1173, lr_0 = 5.5629e-04
Loss = 6.0607e-02, PNorm = 55.7232, GNorm = 4.9332, lr_0 = 5.5651e-04
Loss = 6.0151e-02, PNorm = 55.7374, GNorm = 2.1970, lr_0 = 5.5674e-04
Loss = 5.7318e-02, PNorm = 55.7534, GNorm = 1.7234, lr_0 = 5.5697e-04
Loss = 4.2628e-02, PNorm = 55.7678, GNorm = 0.9839, lr_0 = 5.5719e-04
Loss = 4.8159e-02, PNorm = 55.7759, GNorm = 1.6289, lr_0 = 5.5742e-04
Loss = 4.7546e-02, PNorm = 55.7864, GNorm = 2.9632, lr_0 = 5.5764e-04
Loss = 4.2816e-02, PNorm = 55.7968, GNorm = 2.6050, lr_0 = 5.5787e-04
Loss = 6.1518e-02, PNorm = 55.8077, GNorm = 3.3291, lr_0 = 5.5809e-04
Loss = 6.0271e-02, PNorm = 55.8190, GNorm = 4.1925, lr_0 = 5.5832e-04
Loss = 5.7715e-02, PNorm = 55.8325, GNorm = 1.9317, lr_0 = 5.5854e-04
Loss = 4.8100e-02, PNorm = 55.8462, GNorm = 2.2554, lr_0 = 5.5877e-04
Loss = 4.7123e-02, PNorm = 55.8608, GNorm = 1.8423, lr_0 = 5.5899e-04
Loss = 5.7535e-02, PNorm = 55.8715, GNorm = 5.1049, lr_0 = 5.5922e-04
Loss = 5.1537e-02, PNorm = 55.8821, GNorm = 1.8899, lr_0 = 5.5944e-04
Loss = 4.9450e-02, PNorm = 55.8920, GNorm = 1.5325, lr_0 = 5.5967e-04
Loss = 4.7180e-02, PNorm = 55.9048, GNorm = 3.3906, lr_0 = 5.5990e-04
Loss = 4.3207e-02, PNorm = 55.9150, GNorm = 1.0291, lr_0 = 5.6012e-04
Loss = 5.0209e-02, PNorm = 55.9240, GNorm = 1.3902, lr_0 = 5.6035e-04
Loss = 4.0134e-02, PNorm = 55.9344, GNorm = 1.1758, lr_0 = 5.6057e-04
Loss = 4.5582e-02, PNorm = 55.9439, GNorm = 2.3176, lr_0 = 5.6080e-04
Loss = 4.9613e-02, PNorm = 55.9575, GNorm = 0.9168, lr_0 = 5.6102e-04
Loss = 4.4665e-02, PNorm = 55.9672, GNorm = 2.0484, lr_0 = 5.6125e-04
Loss = 4.4418e-02, PNorm = 55.9762, GNorm = 1.4807, lr_0 = 5.6147e-04
Loss = 4.6725e-02, PNorm = 55.9840, GNorm = 1.6456, lr_0 = 5.6170e-04
Loss = 4.5783e-02, PNorm = 55.9954, GNorm = 3.3418, lr_0 = 5.6192e-04
Loss = 4.6895e-02, PNorm = 56.0084, GNorm = 2.8213, lr_0 = 5.6215e-04
Loss = 5.7532e-02, PNorm = 56.0209, GNorm = 2.3274, lr_0 = 5.6238e-04
Loss = 6.1601e-02, PNorm = 56.0355, GNorm = 2.8598, lr_0 = 5.6260e-04
Loss = 5.4222e-02, PNorm = 56.0503, GNorm = 3.9612, lr_0 = 5.6283e-04
Loss = 5.3527e-02, PNorm = 56.0641, GNorm = 1.3878, lr_0 = 5.6305e-04
Loss = 7.0809e-02, PNorm = 56.0784, GNorm = 4.9735, lr_0 = 5.6328e-04
Loss = 5.7843e-02, PNorm = 56.0909, GNorm = 2.5920, lr_0 = 5.6350e-04
Loss = 5.0806e-02, PNorm = 56.1055, GNorm = 1.3249, lr_0 = 5.6373e-04
Loss = 5.1389e-02, PNorm = 56.1195, GNorm = 2.4514, lr_0 = 5.6395e-04
Loss = 4.9336e-02, PNorm = 56.1307, GNorm = 2.1676, lr_0 = 5.6418e-04
Loss = 5.0685e-02, PNorm = 56.1455, GNorm = 1.4266, lr_0 = 5.6440e-04
Loss = 4.6089e-02, PNorm = 56.1601, GNorm = 1.9062, lr_0 = 5.6463e-04
Loss = 4.3029e-02, PNorm = 56.1719, GNorm = 1.1430, lr_0 = 5.6485e-04
Loss = 3.7209e-02, PNorm = 56.1823, GNorm = 0.8211, lr_0 = 5.6508e-04
Loss = 3.7709e-02, PNorm = 56.1926, GNorm = 1.1366, lr_0 = 5.6531e-04
Loss = 3.8381e-02, PNorm = 56.2004, GNorm = 1.1225, lr_0 = 5.6553e-04
Loss = 4.6793e-02, PNorm = 56.2084, GNorm = 3.1113, lr_0 = 5.6576e-04
Loss = 4.5615e-02, PNorm = 56.2176, GNorm = 2.2779, lr_0 = 5.6598e-04
Loss = 4.3369e-02, PNorm = 56.2269, GNorm = 2.0977, lr_0 = 5.6621e-04
Loss = 4.1750e-02, PNorm = 56.2370, GNorm = 1.8891, lr_0 = 5.6643e-04
Loss = 3.4188e-02, PNorm = 56.2471, GNorm = 0.6892, lr_0 = 5.6666e-04
Loss = 4.3171e-02, PNorm = 56.2568, GNorm = 0.9597, lr_0 = 5.6688e-04
Loss = 4.5283e-02, PNorm = 56.2657, GNorm = 0.8610, lr_0 = 5.6711e-04
Loss = 4.8366e-02, PNorm = 56.2748, GNorm = 3.9184, lr_0 = 5.6733e-04
Loss = 4.3575e-02, PNorm = 56.2884, GNorm = 1.7612, lr_0 = 5.6756e-04
Loss = 5.9325e-02, PNorm = 56.3016, GNorm = 4.1721, lr_0 = 5.6779e-04
Loss = 6.3549e-02, PNorm = 56.3154, GNorm = 4.7930, lr_0 = 5.6801e-04
Loss = 5.8423e-02, PNorm = 56.3308, GNorm = 2.4385, lr_0 = 5.6824e-04
Loss = 6.0939e-02, PNorm = 56.3466, GNorm = 1.5130, lr_0 = 5.6846e-04
Loss = 8.7845e-02, PNorm = 56.3668, GNorm = 3.0931, lr_0 = 5.6869e-04
Loss = 5.2386e-02, PNorm = 56.3847, GNorm = 3.2332, lr_0 = 5.6891e-04
Loss = 6.0519e-02, PNorm = 56.3982, GNorm = 1.2208, lr_0 = 5.6914e-04
Loss = 4.4530e-02, PNorm = 56.4103, GNorm = 0.8630, lr_0 = 5.6936e-04
Loss = 5.2259e-02, PNorm = 56.4245, GNorm = 1.2255, lr_0 = 5.6959e-04
Loss = 5.3813e-02, PNorm = 56.4388, GNorm = 4.0020, lr_0 = 5.6981e-04
Loss = 4.9744e-02, PNorm = 56.4502, GNorm = 2.1577, lr_0 = 5.7004e-04
Loss = 3.9973e-02, PNorm = 56.4647, GNorm = 1.1790, lr_0 = 5.7026e-04
Loss = 4.4271e-02, PNorm = 56.4741, GNorm = 0.8971, lr_0 = 5.7049e-04
Loss = 4.8045e-02, PNorm = 56.4795, GNorm = 2.9827, lr_0 = 5.7072e-04
Loss = 5.2769e-02, PNorm = 56.4917, GNorm = 2.0059, lr_0 = 5.7094e-04
Loss = 4.1006e-02, PNorm = 56.5036, GNorm = 0.9593, lr_0 = 5.7117e-04
Loss = 3.4993e-02, PNorm = 56.5157, GNorm = 1.0008, lr_0 = 5.7139e-04
Loss = 3.8279e-02, PNorm = 56.5232, GNorm = 0.8843, lr_0 = 5.7162e-04
Loss = 4.2669e-02, PNorm = 56.5295, GNorm = 0.8945, lr_0 = 5.7184e-04
Loss = 3.8556e-02, PNorm = 56.5393, GNorm = 2.0603, lr_0 = 5.7207e-04
Loss = 4.7267e-02, PNorm = 56.5482, GNorm = 0.7857, lr_0 = 5.7229e-04
Loss = 4.5778e-02, PNorm = 56.5610, GNorm = 2.3647, lr_0 = 5.7252e-04
Loss = 5.6912e-02, PNorm = 56.5745, GNorm = 2.9049, lr_0 = 5.7274e-04
Loss = 5.6049e-02, PNorm = 56.5897, GNorm = 3.1472, lr_0 = 5.7297e-04
Loss = 3.9970e-02, PNorm = 56.6014, GNorm = 0.9897, lr_0 = 5.7320e-04
Loss = 3.7439e-02, PNorm = 56.6131, GNorm = 1.0237, lr_0 = 5.7342e-04
Loss = 4.0455e-02, PNorm = 56.6249, GNorm = 1.1675, lr_0 = 5.7365e-04
Loss = 5.9929e-02, PNorm = 56.6339, GNorm = 4.5069, lr_0 = 5.7387e-04
Loss = 6.1051e-02, PNorm = 56.6484, GNorm = 0.9866, lr_0 = 5.7410e-04
Loss = 4.5247e-02, PNorm = 56.6597, GNorm = 2.4951, lr_0 = 5.7432e-04
Loss = 4.2594e-02, PNorm = 56.6734, GNorm = 1.6615, lr_0 = 5.7455e-04
Loss = 4.2799e-02, PNorm = 56.6822, GNorm = 1.0239, lr_0 = 5.7477e-04
Loss = 4.5741e-02, PNorm = 56.6944, GNorm = 3.0665, lr_0 = 5.7500e-04
Loss = 4.2611e-02, PNorm = 56.7039, GNorm = 3.5957, lr_0 = 5.7522e-04
Loss = 4.0549e-02, PNorm = 56.7135, GNorm = 2.7293, lr_0 = 5.7545e-04
Loss = 4.1188e-02, PNorm = 56.7262, GNorm = 2.3458, lr_0 = 5.7567e-04
Loss = 4.4623e-02, PNorm = 56.7407, GNorm = 2.1541, lr_0 = 5.7590e-04
Loss = 3.7915e-02, PNorm = 56.7519, GNorm = 0.9410, lr_0 = 5.7613e-04
Loss = 4.6875e-02, PNorm = 56.7647, GNorm = 2.4493, lr_0 = 5.7635e-04
Loss = 3.4210e-02, PNorm = 56.7752, GNorm = 1.1603, lr_0 = 5.7658e-04
Loss = 3.9735e-02, PNorm = 56.7822, GNorm = 1.6404, lr_0 = 5.7680e-04
Loss = 3.9624e-02, PNorm = 56.7918, GNorm = 1.2420, lr_0 = 5.7703e-04
Loss = 4.5755e-02, PNorm = 56.8012, GNorm = 2.1174, lr_0 = 5.7725e-04
Loss = 4.5252e-02, PNorm = 56.8120, GNorm = 1.1600, lr_0 = 5.7748e-04
Loss = 3.9755e-02, PNorm = 56.8190, GNorm = 2.6253, lr_0 = 5.7770e-04
Loss = 4.3130e-02, PNorm = 56.8286, GNorm = 0.9104, lr_0 = 5.7793e-04
Loss = 3.6888e-02, PNorm = 56.8391, GNorm = 1.6396, lr_0 = 5.7815e-04
Loss = 4.6109e-02, PNorm = 56.8522, GNorm = 3.1313, lr_0 = 5.7838e-04
Loss = 3.8134e-02, PNorm = 56.8647, GNorm = 0.8133, lr_0 = 5.7861e-04
Loss = 3.8160e-02, PNorm = 56.8751, GNorm = 1.2089, lr_0 = 5.7883e-04
Loss = 3.4651e-02, PNorm = 56.8874, GNorm = 0.7748, lr_0 = 5.7906e-04
Loss = 4.1440e-02, PNorm = 56.8961, GNorm = 1.4370, lr_0 = 5.7928e-04
Loss = 5.0083e-02, PNorm = 56.9072, GNorm = 2.8176, lr_0 = 5.7951e-04
Loss = 3.9820e-02, PNorm = 56.9194, GNorm = 1.2581, lr_0 = 5.7973e-04
Loss = 4.9243e-02, PNorm = 56.9298, GNorm = 1.7886, lr_0 = 5.7996e-04
Loss = 4.4421e-02, PNorm = 56.9415, GNorm = 0.8931, lr_0 = 5.8018e-04
Loss = 3.9611e-02, PNorm = 56.9537, GNorm = 1.6957, lr_0 = 5.8041e-04
Loss = 3.9699e-02, PNorm = 56.9641, GNorm = 1.5843, lr_0 = 5.8063e-04
Loss = 3.7955e-02, PNorm = 56.9719, GNorm = 2.2660, lr_0 = 5.8086e-04
Loss = 3.5501e-02, PNorm = 56.9816, GNorm = 0.7007, lr_0 = 5.8109e-04
Loss = 4.1622e-02, PNorm = 56.9905, GNorm = 2.0629, lr_0 = 5.8131e-04
Loss = 4.8153e-02, PNorm = 57.0001, GNorm = 1.3498, lr_0 = 5.8154e-04
Loss = 3.8938e-02, PNorm = 57.0101, GNorm = 0.9638, lr_0 = 5.8176e-04
Loss = 4.1320e-02, PNorm = 57.0190, GNorm = 1.9577, lr_0 = 5.8199e-04
Loss = 4.6518e-02, PNorm = 57.0276, GNorm = 3.1846, lr_0 = 5.8221e-04
Loss = 4.3443e-02, PNorm = 57.0385, GNorm = 2.6816, lr_0 = 5.8244e-04
Loss = 4.6606e-02, PNorm = 57.0537, GNorm = 1.0150, lr_0 = 5.8266e-04
Loss = 4.8809e-02, PNorm = 57.0710, GNorm = 0.8822, lr_0 = 5.8289e-04
Loss = 4.6394e-02, PNorm = 57.0860, GNorm = 2.0116, lr_0 = 5.8311e-04
Loss = 4.2131e-02, PNorm = 57.0972, GNorm = 1.7052, lr_0 = 5.8334e-04
Loss = 4.4051e-02, PNorm = 57.1081, GNorm = 2.8645, lr_0 = 5.8356e-04
Loss = 4.0690e-02, PNorm = 57.1219, GNorm = 0.7706, lr_0 = 5.8379e-04
Loss = 3.6999e-02, PNorm = 57.1316, GNorm = 1.5170, lr_0 = 5.8402e-04
Loss = 4.9837e-02, PNorm = 57.1439, GNorm = 0.8575, lr_0 = 5.8424e-04
Loss = 4.8837e-02, PNorm = 57.1533, GNorm = 3.7540, lr_0 = 5.8447e-04
Loss = 3.6698e-02, PNorm = 57.1648, GNorm = 1.3830, lr_0 = 5.8469e-04
Loss = 5.0980e-02, PNorm = 57.1785, GNorm = 3.6846, lr_0 = 5.8492e-04
Loss = 4.1727e-02, PNorm = 57.1933, GNorm = 1.4161, lr_0 = 5.8514e-04
Loss = 4.8186e-02, PNorm = 57.2043, GNorm = 1.5998, lr_0 = 5.8537e-04
Loss = 3.5722e-02, PNorm = 57.2121, GNorm = 1.2918, lr_0 = 5.8559e-04
Loss = 3.7617e-02, PNorm = 57.2201, GNorm = 1.3235, lr_0 = 5.8582e-04
Loss = 4.7285e-02, PNorm = 57.2343, GNorm = 3.6757, lr_0 = 5.8604e-04
Loss = 3.9059e-02, PNorm = 57.2497, GNorm = 1.1743, lr_0 = 5.8627e-04
Loss = 4.8905e-02, PNorm = 57.2575, GNorm = 2.0665, lr_0 = 5.8650e-04
Loss = 4.3708e-02, PNorm = 57.2687, GNorm = 1.2948, lr_0 = 5.8672e-04
Loss = 5.3780e-02, PNorm = 57.2886, GNorm = 1.1208, lr_0 = 5.8695e-04
Loss = 4.1288e-02, PNorm = 57.3020, GNorm = 0.9877, lr_0 = 5.8717e-04
Loss = 3.8704e-02, PNorm = 57.3105, GNorm = 1.9840, lr_0 = 5.8740e-04
Loss = 3.7829e-02, PNorm = 57.3218, GNorm = 2.8411, lr_0 = 5.8762e-04
Loss = 4.9514e-02, PNorm = 57.3334, GNorm = 0.9202, lr_0 = 5.8785e-04
Loss = 5.7125e-02, PNorm = 57.3447, GNorm = 3.6973, lr_0 = 5.8807e-04
Loss = 4.8681e-02, PNorm = 57.3605, GNorm = 1.3336, lr_0 = 5.8830e-04
Loss = 4.5549e-02, PNorm = 57.3742, GNorm = 2.4668, lr_0 = 5.8852e-04
Loss = 4.6394e-02, PNorm = 57.3888, GNorm = 3.2959, lr_0 = 5.8875e-04
Loss = 4.6257e-02, PNorm = 57.4002, GNorm = 1.6832, lr_0 = 5.8897e-04
Loss = 5.4783e-02, PNorm = 57.4153, GNorm = 1.5392, lr_0 = 5.8920e-04
Loss = 5.0652e-02, PNorm = 57.4290, GNorm = 3.5995, lr_0 = 5.8943e-04
Loss = 4.5579e-02, PNorm = 57.4452, GNorm = 2.9576, lr_0 = 5.8965e-04
Loss = 3.8578e-02, PNorm = 57.4601, GNorm = 0.8591, lr_0 = 5.8988e-04
Loss = 4.7935e-02, PNorm = 57.4677, GNorm = 1.3868, lr_0 = 5.9010e-04
Loss = 4.0791e-02, PNorm = 57.4767, GNorm = 3.0725, lr_0 = 5.9033e-04
Loss = 3.6000e-02, PNorm = 57.4901, GNorm = 1.6308, lr_0 = 5.9055e-04
Loss = 4.2981e-02, PNorm = 57.5023, GNorm = 1.1002, lr_0 = 5.9078e-04
Loss = 4.1471e-02, PNorm = 57.5129, GNorm = 1.3014, lr_0 = 5.9100e-04
Loss = 3.9553e-02, PNorm = 57.5227, GNorm = 1.1738, lr_0 = 5.9123e-04
Loss = 3.7138e-02, PNorm = 57.5334, GNorm = 1.4359, lr_0 = 5.9145e-04
Loss = 3.9016e-02, PNorm = 57.5465, GNorm = 1.0651, lr_0 = 5.9168e-04
Loss = 4.2014e-02, PNorm = 57.5582, GNorm = 0.9691, lr_0 = 5.9191e-04
Loss = 3.8112e-02, PNorm = 57.5648, GNorm = 0.7876, lr_0 = 5.9213e-04
Loss = 3.5044e-02, PNorm = 57.5741, GNorm = 1.0042, lr_0 = 5.9236e-04
Loss = 4.1194e-02, PNorm = 57.5847, GNorm = 2.2265, lr_0 = 5.9258e-04
Loss = 4.6181e-02, PNorm = 57.5949, GNorm = 1.4167, lr_0 = 5.9281e-04
Loss = 4.1745e-02, PNorm = 57.6074, GNorm = 1.8528, lr_0 = 5.9303e-04
Loss = 4.5769e-02, PNorm = 57.6204, GNorm = 1.4908, lr_0 = 5.9326e-04
Loss = 4.5182e-02, PNorm = 57.6324, GNorm = 2.8657, lr_0 = 5.9348e-04
Loss = 4.4163e-02, PNorm = 57.6458, GNorm = 0.8537, lr_0 = 5.9371e-04
Loss = 4.4818e-02, PNorm = 57.6588, GNorm = 2.2175, lr_0 = 5.9393e-04
Loss = 3.7002e-02, PNorm = 57.6740, GNorm = 1.5343, lr_0 = 5.9416e-04
Loss = 3.6126e-02, PNorm = 57.6839, GNorm = 1.7508, lr_0 = 5.9438e-04
Loss = 4.2811e-02, PNorm = 57.6937, GNorm = 0.8440, lr_0 = 5.9461e-04
Loss = 4.2807e-02, PNorm = 57.7063, GNorm = 1.3524, lr_0 = 5.9484e-04
Loss = 3.3750e-02, PNorm = 57.7158, GNorm = 0.9948, lr_0 = 5.9506e-04
Loss = 4.0580e-02, PNorm = 57.7270, GNorm = 1.0969, lr_0 = 5.9529e-04
Loss = 4.1530e-02, PNorm = 57.7373, GNorm = 1.6450, lr_0 = 5.9551e-04
Loss = 5.4183e-02, PNorm = 57.7515, GNorm = 2.9005, lr_0 = 5.9574e-04
Loss = 4.9523e-02, PNorm = 57.7645, GNorm = 1.5478, lr_0 = 5.9596e-04
Loss = 3.5771e-02, PNorm = 57.7764, GNorm = 0.7166, lr_0 = 5.9619e-04
Loss = 3.5636e-02, PNorm = 57.7867, GNorm = 1.2569, lr_0 = 5.9641e-04
Loss = 3.4907e-02, PNorm = 57.7972, GNorm = 2.5274, lr_0 = 5.9664e-04
Loss = 3.6882e-02, PNorm = 57.8062, GNorm = 1.0055, lr_0 = 5.9686e-04
Loss = 3.7244e-02, PNorm = 57.8152, GNorm = 0.9432, lr_0 = 5.9709e-04
Loss = 4.5265e-02, PNorm = 57.8253, GNorm = 0.9169, lr_0 = 5.9732e-04
Loss = 3.8049e-02, PNorm = 57.8393, GNorm = 2.8242, lr_0 = 5.9754e-04
Loss = 3.7427e-02, PNorm = 57.8500, GNorm = 2.6091, lr_0 = 5.9777e-04
Loss = 4.3661e-02, PNorm = 57.8634, GNorm = 0.9679, lr_0 = 5.9799e-04
Loss = 4.2471e-02, PNorm = 57.8734, GNorm = 2.1819, lr_0 = 5.9822e-04
Loss = 4.5683e-02, PNorm = 57.8837, GNorm = 3.6240, lr_0 = 5.9844e-04
Loss = 5.2306e-02, PNorm = 57.8994, GNorm = 1.8734, lr_0 = 5.9867e-04
Loss = 4.0263e-02, PNorm = 57.9144, GNorm = 1.5963, lr_0 = 5.9889e-04
Loss = 3.3254e-02, PNorm = 57.9253, GNorm = 1.5988, lr_0 = 5.9912e-04
Loss = 4.2049e-02, PNorm = 57.9370, GNorm = 1.1466, lr_0 = 5.9934e-04
Loss = 4.6650e-02, PNorm = 57.9510, GNorm = 3.1345, lr_0 = 5.9957e-04
Loss = 3.5364e-02, PNorm = 57.9614, GNorm = 0.9195, lr_0 = 5.9979e-04
Loss = 3.8098e-02, PNorm = 57.9712, GNorm = 0.9983, lr_0 = 6.0002e-04
Loss = 3.5383e-02, PNorm = 57.9824, GNorm = 0.8802, lr_0 = 6.0025e-04
Loss = 3.4414e-02, PNorm = 57.9934, GNorm = 1.1532, lr_0 = 6.0047e-04
Loss = 3.9624e-02, PNorm = 58.0037, GNorm = 1.4019, lr_0 = 6.0070e-04
Loss = 4.5379e-02, PNorm = 58.0135, GNorm = 2.3212, lr_0 = 6.0092e-04
Loss = 4.9923e-02, PNorm = 58.0276, GNorm = 1.5707, lr_0 = 6.0115e-04
Loss = 4.2735e-02, PNorm = 58.0441, GNorm = 1.2233, lr_0 = 6.0137e-04
Loss = 4.1392e-02, PNorm = 58.0578, GNorm = 2.1496, lr_0 = 6.0160e-04
Loss = 4.0694e-02, PNorm = 58.0691, GNorm = 2.9799, lr_0 = 6.0182e-04
Loss = 4.0312e-02, PNorm = 58.0827, GNorm = 1.1532, lr_0 = 6.0205e-04
Loss = 3.7092e-02, PNorm = 58.0925, GNorm = 1.8359, lr_0 = 6.0227e-04
Loss = 4.2242e-02, PNorm = 58.1061, GNorm = 1.9358, lr_0 = 6.0250e-04
Loss = 4.5578e-02, PNorm = 58.1167, GNorm = 2.2385, lr_0 = 6.0273e-04
Loss = 4.0929e-02, PNorm = 58.1280, GNorm = 1.0028, lr_0 = 6.0295e-04
Loss = 4.4288e-02, PNorm = 58.1435, GNorm = 2.0532, lr_0 = 6.0318e-04
Loss = 4.7688e-02, PNorm = 58.1583, GNorm = 2.1047, lr_0 = 6.0340e-04
Loss = 5.7139e-02, PNorm = 58.1706, GNorm = 3.6953, lr_0 = 6.0363e-04
Loss = 4.5200e-02, PNorm = 58.1849, GNorm = 1.4180, lr_0 = 6.0385e-04
Loss = 3.4996e-02, PNorm = 58.1962, GNorm = 1.4425, lr_0 = 6.0408e-04
Loss = 3.1550e-02, PNorm = 58.2067, GNorm = 0.9382, lr_0 = 6.0430e-04
Loss = 4.9804e-02, PNorm = 58.2205, GNorm = 1.5415, lr_0 = 6.0453e-04
Loss = 4.3542e-02, PNorm = 58.2341, GNorm = 0.8851, lr_0 = 6.0475e-04
Loss = 4.4783e-02, PNorm = 58.2487, GNorm = 2.0841, lr_0 = 6.0498e-04
Loss = 5.8523e-02, PNorm = 58.2637, GNorm = 3.9628, lr_0 = 6.0520e-04
Loss = 5.2510e-02, PNorm = 58.2790, GNorm = 1.2832, lr_0 = 6.0543e-04
Loss = 3.9629e-02, PNorm = 58.2915, GNorm = 1.0102, lr_0 = 6.0566e-04
Loss = 3.7509e-02, PNorm = 58.3058, GNorm = 1.6009, lr_0 = 6.0588e-04
Loss = 3.2675e-02, PNorm = 58.3155, GNorm = 1.3069, lr_0 = 6.0611e-04
Loss = 4.0396e-02, PNorm = 58.3269, GNorm = 1.7217, lr_0 = 6.0633e-04
Loss = 4.3504e-02, PNorm = 58.3371, GNorm = 3.4961, lr_0 = 6.0656e-04
Loss = 3.8892e-02, PNorm = 58.3495, GNorm = 1.4434, lr_0 = 6.0678e-04
Loss = 4.0096e-02, PNorm = 58.3593, GNorm = 1.5672, lr_0 = 6.0701e-04
Loss = 4.0355e-02, PNorm = 58.3725, GNorm = 1.1284, lr_0 = 6.0723e-04
Loss = 3.6199e-02, PNorm = 58.3846, GNorm = 1.8885, lr_0 = 6.0746e-04
Loss = 3.6984e-02, PNorm = 58.3986, GNorm = 2.3828, lr_0 = 6.0768e-04
Loss = 3.0154e-02, PNorm = 58.4102, GNorm = 0.8645, lr_0 = 6.0791e-04
Loss = 3.7309e-02, PNorm = 58.4210, GNorm = 2.2245, lr_0 = 6.0814e-04
Loss = 4.2893e-02, PNorm = 58.4352, GNorm = 1.9048, lr_0 = 6.0836e-04
Loss = 3.4976e-02, PNorm = 58.4479, GNorm = 0.7091, lr_0 = 6.0859e-04
Loss = 3.2259e-02, PNorm = 58.4596, GNorm = 0.8711, lr_0 = 6.0881e-04
Loss = 3.3200e-02, PNorm = 58.4699, GNorm = 0.9869, lr_0 = 6.0904e-04
Loss = 3.6198e-02, PNorm = 58.4782, GNorm = 0.8601, lr_0 = 6.0926e-04
Loss = 3.4649e-02, PNorm = 58.4893, GNorm = 1.4079, lr_0 = 6.0949e-04
Loss = 3.2970e-02, PNorm = 58.5014, GNorm = 0.9566, lr_0 = 6.0971e-04
Loss = 3.4632e-02, PNorm = 58.5089, GNorm = 1.4253, lr_0 = 6.0994e-04
Loss = 4.5688e-02, PNorm = 58.5208, GNorm = 0.6956, lr_0 = 6.1016e-04
Loss = 4.2634e-02, PNorm = 58.5358, GNorm = 2.9617, lr_0 = 6.1039e-04
Loss = 3.8579e-02, PNorm = 58.5506, GNorm = 1.6018, lr_0 = 6.1061e-04
Loss = 4.0057e-02, PNorm = 58.5664, GNorm = 0.9339, lr_0 = 6.1084e-04
Loss = 4.0997e-02, PNorm = 58.5775, GNorm = 2.2410, lr_0 = 6.1107e-04
Loss = 5.1283e-02, PNorm = 58.5875, GNorm = 2.1563, lr_0 = 6.1129e-04
Loss = 5.3634e-02, PNorm = 58.6015, GNorm = 2.3222, lr_0 = 6.1152e-04
Loss = 4.5597e-02, PNorm = 58.6187, GNorm = 1.1360, lr_0 = 6.1174e-04
Loss = 3.3278e-02, PNorm = 58.6351, GNorm = 1.1905, lr_0 = 6.1197e-04
Loss = 3.4172e-02, PNorm = 58.6479, GNorm = 1.1183, lr_0 = 6.1219e-04
Loss = 3.0826e-02, PNorm = 58.6577, GNorm = 1.1908, lr_0 = 6.1242e-04
Loss = 3.8976e-02, PNorm = 58.6668, GNorm = 1.9013, lr_0 = 6.1264e-04
Loss = 4.5716e-02, PNorm = 58.6776, GNorm = 0.8243, lr_0 = 6.1287e-04
Loss = 6.5220e-02, PNorm = 58.6909, GNorm = 2.8946, lr_0 = 6.1309e-04
Loss = 7.8105e-02, PNorm = 58.7128, GNorm = 3.5664, lr_0 = 6.1332e-04
Loss = 5.9535e-02, PNorm = 58.7324, GNorm = 1.7354, lr_0 = 6.1355e-04
Loss = 5.0727e-02, PNorm = 58.7509, GNorm = 4.5728, lr_0 = 6.1377e-04
Loss = 4.4848e-02, PNorm = 58.7689, GNorm = 0.8098, lr_0 = 6.1400e-04
Loss = 3.9987e-02, PNorm = 58.7850, GNorm = 0.6696, lr_0 = 6.1422e-04
Loss = 3.6559e-02, PNorm = 58.8005, GNorm = 0.8791, lr_0 = 6.1445e-04
Loss = 3.5624e-02, PNorm = 58.8170, GNorm = 0.8024, lr_0 = 6.1467e-04
Loss = 3.5224e-02, PNorm = 58.8284, GNorm = 0.9445, lr_0 = 6.1490e-04
Loss = 3.3452e-02, PNorm = 58.8379, GNorm = 0.8430, lr_0 = 6.1512e-04
Loss = 3.8918e-02, PNorm = 58.8505, GNorm = 1.7706, lr_0 = 6.1535e-04
Loss = 3.7235e-02, PNorm = 58.8673, GNorm = 0.9886, lr_0 = 6.1557e-04
Loss = 3.1208e-02, PNorm = 58.8744, GNorm = 0.8687, lr_0 = 6.1580e-04
Loss = 3.3579e-02, PNorm = 58.8847, GNorm = 0.8897, lr_0 = 6.1602e-04
Loss = 3.6306e-02, PNorm = 58.8952, GNorm = 1.1317, lr_0 = 6.1625e-04
Loss = 3.7759e-02, PNorm = 58.9065, GNorm = 1.1415, lr_0 = 6.1648e-04
Loss = 3.1424e-02, PNorm = 58.9154, GNorm = 0.7729, lr_0 = 6.1670e-04
Loss = 3.4223e-02, PNorm = 58.9256, GNorm = 0.9584, lr_0 = 6.1693e-04
Loss = 3.5611e-02, PNorm = 58.9363, GNorm = 1.3322, lr_0 = 6.1715e-04
Loss = 3.2739e-02, PNorm = 58.9443, GNorm = 0.7554, lr_0 = 6.1738e-04
Loss = 4.6424e-02, PNorm = 58.9555, GNorm = 3.6763, lr_0 = 6.1760e-04
Loss = 4.1225e-02, PNorm = 58.9707, GNorm = 2.0194, lr_0 = 6.1783e-04
Loss = 4.7001e-02, PNorm = 58.9859, GNorm = 1.2130, lr_0 = 6.1805e-04
Loss = 3.7401e-02, PNorm = 58.9979, GNorm = 1.0324, lr_0 = 6.1828e-04
Loss = 3.7770e-02, PNorm = 59.0129, GNorm = 2.3818, lr_0 = 6.1850e-04
Loss = 4.6948e-02, PNorm = 59.0266, GNorm = 1.7844, lr_0 = 6.1873e-04
Loss = 4.0014e-02, PNorm = 59.0424, GNorm = 1.7969, lr_0 = 6.1896e-04
Loss = 3.4764e-02, PNorm = 59.0498, GNorm = 0.8362, lr_0 = 6.1918e-04
Loss = 3.7310e-02, PNorm = 59.0597, GNorm = 1.4215, lr_0 = 6.1941e-04
Loss = 3.5937e-02, PNorm = 59.0719, GNorm = 0.7556, lr_0 = 6.1963e-04
Loss = 3.4595e-02, PNorm = 59.0831, GNorm = 1.3836, lr_0 = 6.1986e-04
Loss = 3.6550e-02, PNorm = 59.0939, GNorm = 1.0428, lr_0 = 6.2008e-04
Loss = 3.2563e-02, PNorm = 59.1042, GNorm = 1.4738, lr_0 = 6.2031e-04
Loss = 3.8537e-02, PNorm = 59.1124, GNorm = 1.1142, lr_0 = 6.2053e-04
Loss = 3.8577e-02, PNorm = 59.1232, GNorm = 3.1538, lr_0 = 6.2076e-04
Loss = 4.0380e-02, PNorm = 59.1348, GNorm = 1.4148, lr_0 = 6.2098e-04
Loss = 3.8375e-02, PNorm = 59.1462, GNorm = 1.2255, lr_0 = 6.2121e-04
Loss = 2.8561e-02, PNorm = 59.1590, GNorm = 1.0086, lr_0 = 6.2143e-04
Loss = 3.3440e-02, PNorm = 59.1723, GNorm = 1.1020, lr_0 = 6.2166e-04
Loss = 3.1895e-02, PNorm = 59.1842, GNorm = 0.7670, lr_0 = 6.2189e-04
Loss = 3.3227e-02, PNorm = 59.1936, GNorm = 1.9112, lr_0 = 6.2211e-04
Loss = 3.4145e-02, PNorm = 59.2020, GNorm = 0.7703, lr_0 = 6.2234e-04
Loss = 3.1034e-02, PNorm = 59.2111, GNorm = 0.9885, lr_0 = 6.2256e-04
Loss = 3.5899e-02, PNorm = 59.2214, GNorm = 2.9225, lr_0 = 6.2279e-04
Loss = 5.1606e-02, PNorm = 59.2335, GNorm = 2.5516, lr_0 = 6.2301e-04
Loss = 4.5801e-02, PNorm = 59.2510, GNorm = 1.3612, lr_0 = 6.2324e-04
Loss = 4.2659e-02, PNorm = 59.2723, GNorm = 0.5262, lr_0 = 6.2346e-04
Loss = 4.2311e-02, PNorm = 59.2904, GNorm = 3.1379, lr_0 = 6.2369e-04
Loss = 4.3567e-02, PNorm = 59.3067, GNorm = 0.7639, lr_0 = 6.2391e-04
Loss = 4.0576e-02, PNorm = 59.3223, GNorm = 2.0386, lr_0 = 6.2414e-04
Loss = 3.6171e-02, PNorm = 59.3340, GNorm = 1.1650, lr_0 = 6.2437e-04
Loss = 3.1458e-02, PNorm = 59.3453, GNorm = 0.7609, lr_0 = 6.2459e-04
Loss = 2.8626e-02, PNorm = 59.3545, GNorm = 0.8132, lr_0 = 6.2482e-04
Loss = 3.2447e-02, PNorm = 59.3650, GNorm = 1.7268, lr_0 = 6.2504e-04
Loss = 3.2626e-02, PNorm = 59.3722, GNorm = 1.4176, lr_0 = 6.2527e-04
Loss = 3.7062e-02, PNorm = 59.3858, GNorm = 1.0593, lr_0 = 6.2549e-04
Loss = 3.6040e-02, PNorm = 59.3971, GNorm = 2.2706, lr_0 = 6.2572e-04
Loss = 3.2232e-02, PNorm = 59.4074, GNorm = 1.1663, lr_0 = 6.2594e-04
Loss = 3.0345e-02, PNorm = 59.4155, GNorm = 2.0156, lr_0 = 6.2617e-04
Loss = 3.7178e-02, PNorm = 59.4267, GNorm = 0.9313, lr_0 = 6.2639e-04
Loss = 3.6055e-02, PNorm = 59.4418, GNorm = 0.9658, lr_0 = 6.2662e-04
Loss = 3.3034e-02, PNorm = 59.4517, GNorm = 0.6811, lr_0 = 6.2684e-04
Loss = 3.8313e-02, PNorm = 59.4637, GNorm = 2.0572, lr_0 = 6.2707e-04
Loss = 3.8542e-02, PNorm = 59.4763, GNorm = 2.7732, lr_0 = 6.2730e-04
Loss = 3.4425e-02, PNorm = 59.4928, GNorm = 2.6046, lr_0 = 6.2752e-04
Loss = 3.4737e-02, PNorm = 59.5051, GNorm = 0.6522, lr_0 = 6.2775e-04
Loss = 2.9090e-02, PNorm = 59.5164, GNorm = 0.5809, lr_0 = 6.2797e-04
Loss = 2.7539e-02, PNorm = 59.5282, GNorm = 0.6769, lr_0 = 6.2820e-04
Loss = 3.0040e-02, PNorm = 59.5366, GNorm = 1.3706, lr_0 = 6.2842e-04
Loss = 3.2449e-02, PNorm = 59.5463, GNorm = 1.7348, lr_0 = 6.2865e-04
Loss = 3.4315e-02, PNorm = 59.5558, GNorm = 1.3014, lr_0 = 6.2887e-04
Loss = 3.8164e-02, PNorm = 59.5646, GNorm = 3.6631, lr_0 = 6.2910e-04
Loss = 4.6738e-02, PNorm = 59.5777, GNorm = 1.2554, lr_0 = 6.2932e-04
Loss = 5.0936e-02, PNorm = 59.5939, GNorm = 2.1877, lr_0 = 6.2955e-04
Loss = 4.2389e-02, PNorm = 59.6086, GNorm = 2.0522, lr_0 = 6.2978e-04
Loss = 4.5022e-02, PNorm = 59.6267, GNorm = 1.2066, lr_0 = 6.3000e-04
Loss = 3.5873e-02, PNorm = 59.6414, GNorm = 0.8023, lr_0 = 6.3023e-04
Loss = 3.5008e-02, PNorm = 59.6549, GNorm = 1.3587, lr_0 = 6.3045e-04
Loss = 3.4342e-02, PNorm = 59.6684, GNorm = 0.9220, lr_0 = 6.3068e-04
Loss = 3.1170e-02, PNorm = 59.6773, GNorm = 1.7639, lr_0 = 6.3090e-04
Loss = 3.1677e-02, PNorm = 59.6888, GNorm = 2.7405, lr_0 = 6.3113e-04
Loss = 3.0910e-02, PNorm = 59.6983, GNorm = 1.7426, lr_0 = 6.3135e-04
Loss = 3.1395e-02, PNorm = 59.7093, GNorm = 1.9896, lr_0 = 6.3158e-04
Loss = 2.9634e-02, PNorm = 59.7234, GNorm = 1.1854, lr_0 = 6.3180e-04
Loss = 3.2936e-02, PNorm = 59.7347, GNorm = 1.1283, lr_0 = 6.3203e-04
Loss = 3.6880e-02, PNorm = 59.7474, GNorm = 1.0054, lr_0 = 6.3225e-04
Loss = 3.5206e-02, PNorm = 59.7582, GNorm = 0.9778, lr_0 = 6.3248e-04
Loss = 4.1468e-02, PNorm = 59.7689, GNorm = 3.5711, lr_0 = 6.3271e-04
Loss = 4.0003e-02, PNorm = 59.7811, GNorm = 0.9017, lr_0 = 6.3293e-04
Loss = 3.5097e-02, PNorm = 59.7974, GNorm = 2.3053, lr_0 = 6.3316e-04
Loss = 3.0086e-02, PNorm = 59.8101, GNorm = 1.4762, lr_0 = 6.3338e-04
Loss = 3.4221e-02, PNorm = 59.8210, GNorm = 1.0683, lr_0 = 6.3361e-04
Loss = 3.2596e-02, PNorm = 59.8333, GNorm = 0.7189, lr_0 = 6.3383e-04
Loss = 3.3333e-02, PNorm = 59.8463, GNorm = 1.9133, lr_0 = 6.3406e-04
Loss = 3.0376e-02, PNorm = 59.8575, GNorm = 1.1490, lr_0 = 6.3428e-04
Loss = 3.3209e-02, PNorm = 59.8689, GNorm = 0.7874, lr_0 = 6.3451e-04
Loss = 3.5609e-02, PNorm = 59.8781, GNorm = 1.2341, lr_0 = 6.3473e-04
Loss = 3.3972e-02, PNorm = 59.8915, GNorm = 2.0992, lr_0 = 6.3496e-04
Loss = 3.2574e-02, PNorm = 59.9048, GNorm = 1.0176, lr_0 = 6.3519e-04
Loss = 3.5645e-02, PNorm = 59.9163, GNorm = 1.0509, lr_0 = 6.3541e-04
Loss = 4.0673e-02, PNorm = 59.9298, GNorm = 0.9582, lr_0 = 6.3564e-04
Loss = 3.4120e-02, PNorm = 59.9407, GNorm = 1.2044, lr_0 = 6.3586e-04
Loss = 3.5046e-02, PNorm = 59.9534, GNorm = 2.2141, lr_0 = 6.3609e-04
Loss = 3.8338e-02, PNorm = 59.9690, GNorm = 1.7222, lr_0 = 6.3631e-04
Loss = 4.1572e-02, PNorm = 59.9870, GNorm = 2.7941, lr_0 = 6.3654e-04
Loss = 4.9893e-02, PNorm = 60.0053, GNorm = 2.6824, lr_0 = 6.3676e-04
Loss = 4.7311e-02, PNorm = 60.0255, GNorm = 2.1013, lr_0 = 6.3699e-04
Loss = 5.3388e-02, PNorm = 60.0478, GNorm = 1.7861, lr_0 = 6.3721e-04
Loss = 5.0304e-02, PNorm = 60.0674, GNorm = 2.0342, lr_0 = 6.3744e-04
Loss = 3.8576e-02, PNorm = 60.0841, GNorm = 1.8788, lr_0 = 6.3766e-04
Loss = 3.8123e-02, PNorm = 60.1029, GNorm = 2.1699, lr_0 = 6.3789e-04
Loss = 3.2202e-02, PNorm = 60.1150, GNorm = 0.9372, lr_0 = 6.3812e-04
Loss = 3.5515e-02, PNorm = 60.1262, GNorm = 1.7665, lr_0 = 6.3834e-04
Loss = 3.7690e-02, PNorm = 60.1378, GNorm = 0.9433, lr_0 = 6.3857e-04
Loss = 2.9321e-02, PNorm = 60.1485, GNorm = 0.7704, lr_0 = 6.3879e-04
Loss = 3.6369e-02, PNorm = 60.1593, GNorm = 2.2024, lr_0 = 6.3902e-04
Loss = 3.5329e-02, PNorm = 60.1682, GNorm = 1.2257, lr_0 = 6.3924e-04
Loss = 3.3978e-02, PNorm = 60.1815, GNorm = 0.8126, lr_0 = 6.3947e-04
Loss = 3.0584e-02, PNorm = 60.1946, GNorm = 1.3911, lr_0 = 6.3969e-04
Loss = 4.0110e-02, PNorm = 60.2060, GNorm = 0.6415, lr_0 = 6.3992e-04
Loss = 4.5023e-02, PNorm = 60.2203, GNorm = 2.8860, lr_0 = 6.4014e-04
Loss = 3.2160e-02, PNorm = 60.2366, GNorm = 0.7048, lr_0 = 6.4037e-04
Loss = 3.2235e-02, PNorm = 60.2498, GNorm = 0.9384, lr_0 = 6.4060e-04
Loss = 3.1031e-02, PNorm = 60.2600, GNorm = 0.6994, lr_0 = 6.4082e-04
Loss = 3.5298e-02, PNorm = 60.2710, GNorm = 2.2116, lr_0 = 6.4105e-04
Loss = 3.3478e-02, PNorm = 60.2823, GNorm = 0.8412, lr_0 = 6.4127e-04
Loss = 3.2643e-02, PNorm = 60.2957, GNorm = 1.5215, lr_0 = 6.4150e-04
Loss = 3.5003e-02, PNorm = 60.3098, GNorm = 1.1351, lr_0 = 6.4172e-04
Loss = 3.6340e-02, PNorm = 60.3226, GNorm = 0.8363, lr_0 = 6.4195e-04
Loss = 3.6257e-02, PNorm = 60.3403, GNorm = 1.3553, lr_0 = 6.4217e-04
Loss = 3.6995e-02, PNorm = 60.3516, GNorm = 0.9950, lr_0 = 6.4240e-04
Loss = 3.4139e-02, PNorm = 60.3613, GNorm = 0.7789, lr_0 = 6.4262e-04
Loss = 3.5961e-02, PNorm = 60.3727, GNorm = 0.6458, lr_0 = 6.4285e-04
Loss = 3.1727e-02, PNorm = 60.3843, GNorm = 0.5914, lr_0 = 6.4307e-04
Loss = 3.8011e-02, PNorm = 60.3926, GNorm = 1.1510, lr_0 = 6.4330e-04
Loss = 3.6879e-02, PNorm = 60.4048, GNorm = 2.0100, lr_0 = 6.4353e-04
Loss = 3.2983e-02, PNorm = 60.4207, GNorm = 1.2560, lr_0 = 6.4375e-04
Loss = 3.0647e-02, PNorm = 60.4317, GNorm = 1.0061, lr_0 = 6.4398e-04
Loss = 3.0036e-02, PNorm = 60.4467, GNorm = 0.8648, lr_0 = 6.4420e-04
Loss = 3.7382e-02, PNorm = 60.4596, GNorm = 1.3837, lr_0 = 6.4443e-04
Loss = 3.1765e-02, PNorm = 60.4717, GNorm = 1.0083, lr_0 = 6.4465e-04
Loss = 3.7548e-02, PNorm = 60.4821, GNorm = 1.2879, lr_0 = 6.4488e-04
Loss = 3.6240e-02, PNorm = 60.4964, GNorm = 1.0292, lr_0 = 6.4510e-04
Loss = 3.5259e-02, PNorm = 60.5136, GNorm = 1.9678, lr_0 = 6.4533e-04
Loss = 3.2034e-02, PNorm = 60.5265, GNorm = 0.7669, lr_0 = 6.4555e-04
Loss = 3.6923e-02, PNorm = 60.5387, GNorm = 0.6813, lr_0 = 6.4578e-04
Loss = 3.2040e-02, PNorm = 60.5520, GNorm = 0.8744, lr_0 = 6.4601e-04
Loss = 3.2260e-02, PNorm = 60.5650, GNorm = 0.9458, lr_0 = 6.4623e-04
Loss = 2.9800e-02, PNorm = 60.5762, GNorm = 0.7773, lr_0 = 6.4646e-04
Loss = 3.6990e-02, PNorm = 60.5908, GNorm = 0.8268, lr_0 = 6.4668e-04
Loss = 3.1313e-02, PNorm = 60.6053, GNorm = 1.0277, lr_0 = 6.4691e-04
Loss = 3.5937e-02, PNorm = 60.6193, GNorm = 2.5708, lr_0 = 6.4713e-04
Loss = 3.7200e-02, PNorm = 60.6378, GNorm = 1.8764, lr_0 = 6.4736e-04
Loss = 3.8543e-02, PNorm = 60.6526, GNorm = 2.2902, lr_0 = 6.4758e-04
Loss = 4.1116e-02, PNorm = 60.6641, GNorm = 0.8929, lr_0 = 6.4781e-04
Loss = 4.6591e-02, PNorm = 60.6771, GNorm = 1.7784, lr_0 = 6.4803e-04
Loss = 4.5742e-02, PNorm = 60.7029, GNorm = 0.8710, lr_0 = 6.4826e-04
Loss = 4.3126e-02, PNorm = 60.7214, GNorm = 2.3834, lr_0 = 6.4848e-04
Loss = 4.4900e-02, PNorm = 60.7387, GNorm = 2.3871, lr_0 = 6.4871e-04
Loss = 3.8960e-02, PNorm = 60.7535, GNorm = 1.3532, lr_0 = 6.4894e-04
Loss = 3.8106e-02, PNorm = 60.7706, GNorm = 1.6421, lr_0 = 6.4916e-04
Loss = 3.7020e-02, PNorm = 60.7834, GNorm = 1.2966, lr_0 = 6.4939e-04
Loss = 3.4439e-02, PNorm = 60.7972, GNorm = 3.5380, lr_0 = 6.4961e-04
Loss = 4.4699e-02, PNorm = 60.8122, GNorm = 1.1938, lr_0 = 6.4984e-04
Loss = 3.6069e-02, PNorm = 60.8287, GNorm = 1.1122, lr_0 = 6.5006e-04
Loss = 4.2804e-02, PNorm = 60.8447, GNorm = 2.0772, lr_0 = 6.5029e-04
Loss = 5.1869e-02, PNorm = 60.8647, GNorm = 3.3042, lr_0 = 6.5051e-04
Loss = 3.8578e-02, PNorm = 60.8821, GNorm = 1.0423, lr_0 = 6.5074e-04
Loss = 4.2367e-02, PNorm = 60.8977, GNorm = 0.7631, lr_0 = 6.5096e-04
Loss = 4.6481e-02, PNorm = 60.9160, GNorm = 3.4859, lr_0 = 6.5119e-04
Loss = 3.9651e-02, PNorm = 60.9355, GNorm = 1.1054, lr_0 = 6.5142e-04
Loss = 4.9616e-02, PNorm = 60.9508, GNorm = 2.5252, lr_0 = 6.5164e-04
Loss = 4.9858e-02, PNorm = 60.9695, GNorm = 3.0140, lr_0 = 6.5187e-04
Loss = 3.7146e-02, PNorm = 60.9915, GNorm = 0.9432, lr_0 = 6.5209e-04
Loss = 3.5954e-02, PNorm = 61.0085, GNorm = 0.9285, lr_0 = 6.5232e-04
Loss = 3.9671e-02, PNorm = 61.0220, GNorm = 3.0534, lr_0 = 6.5254e-04
Loss = 3.7749e-02, PNorm = 61.0345, GNorm = 0.9695, lr_0 = 6.5277e-04
Loss = 3.5095e-02, PNorm = 61.0481, GNorm = 0.5518, lr_0 = 6.5299e-04
Loss = 3.6159e-02, PNorm = 61.0636, GNorm = 0.7447, lr_0 = 6.5322e-04
Loss = 3.3491e-02, PNorm = 61.0786, GNorm = 1.9962, lr_0 = 6.5344e-04
Loss = 3.5512e-02, PNorm = 61.0933, GNorm = 2.8371, lr_0 = 6.5367e-04
Loss = 3.5390e-02, PNorm = 61.1045, GNorm = 1.1419, lr_0 = 6.5389e-04
Loss = 3.0707e-02, PNorm = 61.1152, GNorm = 0.5123, lr_0 = 6.5412e-04
Loss = 3.3703e-02, PNorm = 61.1227, GNorm = 1.0626, lr_0 = 6.5435e-04
Loss = 3.3015e-02, PNorm = 61.1352, GNorm = 1.7857, lr_0 = 6.5457e-04
Loss = 3.1674e-02, PNorm = 61.1495, GNorm = 0.8393, lr_0 = 6.5480e-04
Loss = 2.8253e-02, PNorm = 61.1625, GNorm = 1.3472, lr_0 = 6.5502e-04
Loss = 2.9586e-02, PNorm = 61.1738, GNorm = 1.6871, lr_0 = 6.5525e-04
Loss = 3.0082e-02, PNorm = 61.1823, GNorm = 1.0246, lr_0 = 6.5547e-04
Loss = 3.2268e-02, PNorm = 61.1927, GNorm = 0.5530, lr_0 = 6.5570e-04
Loss = 3.3298e-02, PNorm = 61.2041, GNorm = 1.6681, lr_0 = 6.5592e-04
Loss = 3.0090e-02, PNorm = 61.2179, GNorm = 0.8036, lr_0 = 6.5615e-04
Loss = 2.6547e-02, PNorm = 61.2316, GNorm = 1.2278, lr_0 = 6.5637e-04
Loss = 3.1662e-02, PNorm = 61.2460, GNorm = 1.3691, lr_0 = 6.5660e-04
Loss = 2.9885e-02, PNorm = 61.2579, GNorm = 1.7684, lr_0 = 6.5683e-04
Loss = 2.9077e-02, PNorm = 61.2685, GNorm = 1.1444, lr_0 = 6.5705e-04
Loss = 3.2293e-02, PNorm = 61.2795, GNorm = 2.0851, lr_0 = 6.5728e-04
Loss = 3.7409e-02, PNorm = 61.2914, GNorm = 0.9795, lr_0 = 6.5750e-04
Loss = 3.6153e-02, PNorm = 61.3022, GNorm = 1.6153, lr_0 = 6.5773e-04
Loss = 4.2031e-02, PNorm = 61.3150, GNorm = 3.7816, lr_0 = 6.5795e-04
Loss = 3.9156e-02, PNorm = 61.3290, GNorm = 1.8686, lr_0 = 6.5818e-04
Loss = 3.9154e-02, PNorm = 61.3469, GNorm = 2.5386, lr_0 = 6.5840e-04
Loss = 4.0018e-02, PNorm = 61.3645, GNorm = 0.7695, lr_0 = 6.5863e-04
Loss = 3.6046e-02, PNorm = 61.3824, GNorm = 0.7918, lr_0 = 6.5885e-04
Loss = 3.4421e-02, PNorm = 61.3944, GNorm = 0.7463, lr_0 = 6.5908e-04
Loss = 4.6253e-02, PNorm = 61.4077, GNorm = 4.5978, lr_0 = 6.5930e-04
Loss = 4.5099e-02, PNorm = 61.4272, GNorm = 0.5842, lr_0 = 6.5953e-04
Loss = 3.7228e-02, PNorm = 61.4476, GNorm = 1.0251, lr_0 = 6.5976e-04
Loss = 5.4684e-02, PNorm = 61.4647, GNorm = 3.4780, lr_0 = 6.5998e-04
Loss = 4.5804e-02, PNorm = 61.4805, GNorm = 2.8185, lr_0 = 6.6021e-04
Loss = 4.1658e-02, PNorm = 61.5024, GNorm = 0.9294, lr_0 = 6.6043e-04
Loss = 3.3837e-02, PNorm = 61.5198, GNorm = 0.9877, lr_0 = 6.6066e-04
Loss = 3.7839e-02, PNorm = 61.5359, GNorm = 1.9596, lr_0 = 6.6088e-04
Loss = 4.3345e-02, PNorm = 61.5501, GNorm = 2.1374, lr_0 = 6.6111e-04
Loss = 4.5718e-02, PNorm = 61.5686, GNorm = 0.8012, lr_0 = 6.6133e-04
Loss = 4.0334e-02, PNorm = 61.5837, GNorm = 0.9987, lr_0 = 6.6156e-04
Loss = 3.7439e-02, PNorm = 61.6041, GNorm = 0.9163, lr_0 = 6.6178e-04
Loss = 3.5004e-02, PNorm = 61.6177, GNorm = 0.7434, lr_0 = 6.6201e-04
Loss = 3.3210e-02, PNorm = 61.6324, GNorm = 0.8168, lr_0 = 6.6224e-04
Loss = 3.5942e-02, PNorm = 61.6478, GNorm = 0.9144, lr_0 = 6.6246e-04
Loss = 3.2349e-02, PNorm = 61.6615, GNorm = 0.6318, lr_0 = 6.6269e-04
Loss = 3.5636e-02, PNorm = 61.6716, GNorm = 1.3397, lr_0 = 6.6291e-04
Loss = 3.2891e-02, PNorm = 61.6821, GNorm = 0.6696, lr_0 = 6.6314e-04
Loss = 3.1363e-02, PNorm = 61.6929, GNorm = 1.6631, lr_0 = 6.6336e-04
Loss = 3.0689e-02, PNorm = 61.7055, GNorm = 0.8927, lr_0 = 6.6359e-04
Loss = 2.9143e-02, PNorm = 61.7163, GNorm = 1.2485, lr_0 = 6.6381e-04
Loss = 2.7793e-02, PNorm = 61.7275, GNorm = 1.2522, lr_0 = 6.6404e-04
Loss = 2.6065e-02, PNorm = 61.7384, GNorm = 1.1465, lr_0 = 6.6426e-04
Loss = 3.3681e-02, PNorm = 61.7487, GNorm = 2.3431, lr_0 = 6.6449e-04
Loss = 3.4052e-02, PNorm = 61.7631, GNorm = 1.2156, lr_0 = 6.6471e-04
Loss = 3.2054e-02, PNorm = 61.7761, GNorm = 1.4418, lr_0 = 6.6494e-04
Loss = 2.5803e-02, PNorm = 61.7894, GNorm = 1.1230, lr_0 = 6.6517e-04
Loss = 3.8539e-02, PNorm = 61.8000, GNorm = 1.5559, lr_0 = 6.6539e-04
Loss = 3.1612e-02, PNorm = 61.8082, GNorm = 0.6454, lr_0 = 6.6562e-04
Loss = 3.8492e-02, PNorm = 61.8209, GNorm = 0.7905, lr_0 = 6.6584e-04
Loss = 4.0416e-02, PNorm = 61.8395, GNorm = 0.8870, lr_0 = 6.6607e-04
Loss = 3.2431e-02, PNorm = 61.8557, GNorm = 0.8706, lr_0 = 6.6629e-04
Loss = 2.8408e-02, PNorm = 61.8688, GNorm = 1.0152, lr_0 = 6.6652e-04
Loss = 2.8099e-02, PNorm = 61.8827, GNorm = 1.2640, lr_0 = 6.6674e-04
Loss = 3.0788e-02, PNorm = 61.8911, GNorm = 0.6868, lr_0 = 6.6697e-04
Loss = 2.6809e-02, PNorm = 61.9027, GNorm = 0.9595, lr_0 = 6.6719e-04
Loss = 3.5604e-02, PNorm = 61.9149, GNorm = 1.4757, lr_0 = 6.6742e-04
Loss = 3.6204e-02, PNorm = 61.9284, GNorm = 1.7605, lr_0 = 6.6765e-04
Loss = 3.2783e-02, PNorm = 61.9394, GNorm = 1.2512, lr_0 = 6.6787e-04
Loss = 3.0857e-02, PNorm = 61.9536, GNorm = 2.0067, lr_0 = 6.6810e-04
Loss = 3.3109e-02, PNorm = 61.9662, GNorm = 1.3006, lr_0 = 6.6832e-04
Loss = 3.0888e-02, PNorm = 61.9810, GNorm = 0.5197, lr_0 = 6.6855e-04
Loss = 2.8452e-02, PNorm = 61.9918, GNorm = 1.1331, lr_0 = 6.6877e-04
Loss = 2.6678e-02, PNorm = 62.0010, GNorm = 0.7916, lr_0 = 6.6900e-04
Loss = 2.9101e-02, PNorm = 62.0094, GNorm = 0.5782, lr_0 = 6.6922e-04
Loss = 3.1622e-02, PNorm = 62.0234, GNorm = 0.7761, lr_0 = 6.6945e-04
Loss = 3.0013e-02, PNorm = 62.0346, GNorm = 0.6675, lr_0 = 6.6967e-04
Loss = 3.7353e-02, PNorm = 62.0472, GNorm = 1.6513, lr_0 = 6.6990e-04
Loss = 3.9459e-02, PNorm = 62.0632, GNorm = 1.0073, lr_0 = 6.7012e-04
Loss = 4.3457e-02, PNorm = 62.0833, GNorm = 2.6317, lr_0 = 6.7035e-04
Loss = 3.7491e-02, PNorm = 62.1015, GNorm = 1.9517, lr_0 = 6.7058e-04
Loss = 3.2356e-02, PNorm = 62.1190, GNorm = 1.6809, lr_0 = 6.7080e-04
Loss = 3.5001e-02, PNorm = 62.1353, GNorm = 0.7759, lr_0 = 6.7103e-04
Loss = 3.1440e-02, PNorm = 62.1530, GNorm = 0.7016, lr_0 = 6.7125e-04
Loss = 3.5034e-02, PNorm = 62.1690, GNorm = 1.0082, lr_0 = 6.7148e-04
Loss = 3.2099e-02, PNorm = 62.1833, GNorm = 2.1618, lr_0 = 6.7170e-04
Loss = 3.2987e-02, PNorm = 62.1996, GNorm = 1.3663, lr_0 = 6.7193e-04
Loss = 4.0155e-02, PNorm = 62.2147, GNorm = 0.9536, lr_0 = 6.7215e-04
Loss = 3.2482e-02, PNorm = 62.2298, GNorm = 2.3834, lr_0 = 6.7238e-04
Loss = 2.7880e-02, PNorm = 62.2442, GNorm = 0.6734, lr_0 = 6.7260e-04
Loss = 2.9321e-02, PNorm = 62.2555, GNorm = 0.6046, lr_0 = 6.7283e-04
Loss = 2.7322e-02, PNorm = 62.2658, GNorm = 1.0410, lr_0 = 6.7306e-04
Loss = 3.4939e-02, PNorm = 62.2734, GNorm = 0.7921, lr_0 = 6.7328e-04
Loss = 2.5835e-02, PNorm = 62.2841, GNorm = 0.6685, lr_0 = 6.7351e-04
Loss = 3.3471e-02, PNorm = 62.2954, GNorm = 1.7064, lr_0 = 6.7373e-04
Loss = 2.9682e-02, PNorm = 62.3113, GNorm = 0.9124, lr_0 = 6.7396e-04
Loss = 3.2754e-02, PNorm = 62.3235, GNorm = 0.9040, lr_0 = 6.7418e-04
Loss = 2.8776e-02, PNorm = 62.3341, GNorm = 1.0690, lr_0 = 6.7441e-04
Loss = 3.1188e-02, PNorm = 62.3448, GNorm = 0.7627, lr_0 = 6.7463e-04
Loss = 2.6893e-02, PNorm = 62.3581, GNorm = 0.9888, lr_0 = 6.7486e-04
Loss = 3.1918e-02, PNorm = 62.3711, GNorm = 0.8181, lr_0 = 6.7508e-04
Loss = 2.4340e-02, PNorm = 62.3831, GNorm = 1.0077, lr_0 = 6.7531e-04
Loss = 2.8378e-02, PNorm = 62.3948, GNorm = 0.5782, lr_0 = 6.7553e-04
Loss = 2.9780e-02, PNorm = 62.4092, GNorm = 1.9371, lr_0 = 6.7576e-04
Loss = 4.2695e-02, PNorm = 62.4238, GNorm = 3.2789, lr_0 = 6.7599e-04
Loss = 3.4571e-02, PNorm = 62.4400, GNorm = 0.8369, lr_0 = 6.7621e-04
Loss = 3.4546e-02, PNorm = 62.4550, GNorm = 1.0670, lr_0 = 6.7644e-04
Loss = 2.9893e-02, PNorm = 62.4707, GNorm = 0.5870, lr_0 = 6.7666e-04
Loss = 2.6810e-02, PNorm = 62.4868, GNorm = 0.9419, lr_0 = 6.7689e-04
Loss = 2.5177e-02, PNorm = 62.4999, GNorm = 1.1226, lr_0 = 6.7711e-04
Loss = 3.2094e-02, PNorm = 62.5130, GNorm = 2.4314, lr_0 = 6.7734e-04
Loss = 3.9876e-02, PNorm = 62.5271, GNorm = 1.7652, lr_0 = 6.7756e-04
Loss = 3.6453e-02, PNorm = 62.5437, GNorm = 1.1186, lr_0 = 6.7779e-04
Loss = 3.4937e-02, PNorm = 62.5583, GNorm = 1.5773, lr_0 = 6.7801e-04
Loss = 3.1780e-02, PNorm = 62.5714, GNorm = 1.2090, lr_0 = 6.7824e-04
Loss = 3.6983e-02, PNorm = 62.5838, GNorm = 0.7414, lr_0 = 6.7847e-04
Loss = 4.9543e-02, PNorm = 62.5998, GNorm = 3.5124, lr_0 = 6.7869e-04
Loss = 5.0037e-02, PNorm = 62.6212, GNorm = 3.4465, lr_0 = 6.7892e-04
Loss = 3.6647e-02, PNorm = 62.6456, GNorm = 1.3930, lr_0 = 6.7914e-04
Loss = 3.9370e-02, PNorm = 62.6605, GNorm = 1.3185, lr_0 = 6.7937e-04
Loss = 2.9224e-02, PNorm = 62.6766, GNorm = 0.5016, lr_0 = 6.7959e-04
Loss = 3.2142e-02, PNorm = 62.6901, GNorm = 1.0224, lr_0 = 6.7982e-04
Loss = 3.2243e-02, PNorm = 62.7045, GNorm = 2.0826, lr_0 = 6.8004e-04
Loss = 3.1992e-02, PNorm = 62.7218, GNorm = 2.5953, lr_0 = 6.8027e-04
Loss = 2.9210e-02, PNorm = 62.7337, GNorm = 0.9679, lr_0 = 6.8049e-04
Loss = 3.0459e-02, PNorm = 62.7441, GNorm = 1.5372, lr_0 = 6.8072e-04
Loss = 2.8491e-02, PNorm = 62.7558, GNorm = 1.1708, lr_0 = 6.8094e-04
Loss = 3.0870e-02, PNorm = 62.7672, GNorm = 1.4781, lr_0 = 6.8117e-04
Loss = 2.7641e-02, PNorm = 62.7832, GNorm = 1.7311, lr_0 = 6.8140e-04
Loss = 2.8501e-02, PNorm = 62.7989, GNorm = 1.3069, lr_0 = 6.8162e-04
Loss = 2.8997e-02, PNorm = 62.8115, GNorm = 1.2192, lr_0 = 6.8185e-04
Loss = 3.2365e-02, PNorm = 62.8234, GNorm = 1.1433, lr_0 = 6.8207e-04
Loss = 2.9429e-02, PNorm = 62.8399, GNorm = 0.5923, lr_0 = 6.8230e-04
Loss = 3.1861e-02, PNorm = 62.8570, GNorm = 0.9557, lr_0 = 6.8252e-04
Loss = 3.5418e-02, PNorm = 62.8742, GNorm = 0.8645, lr_0 = 6.8275e-04
Loss = 3.6864e-02, PNorm = 62.8888, GNorm = 1.8223, lr_0 = 6.8297e-04
Loss = 2.9068e-02, PNorm = 62.9044, GNorm = 1.1346, lr_0 = 6.8320e-04
Loss = 2.7778e-02, PNorm = 62.9159, GNorm = 1.1351, lr_0 = 6.8342e-04
Loss = 2.9785e-02, PNorm = 62.9302, GNorm = 0.4944, lr_0 = 6.8365e-04
Loss = 2.5773e-02, PNorm = 62.9441, GNorm = 0.7220, lr_0 = 6.8388e-04
Loss = 3.0357e-02, PNorm = 62.9588, GNorm = 1.0001, lr_0 = 6.8410e-04
Loss = 3.2561e-02, PNorm = 62.9742, GNorm = 1.8436, lr_0 = 6.8433e-04
Loss = 3.7067e-02, PNorm = 62.9918, GNorm = 0.8860, lr_0 = 6.8455e-04
Loss = 3.2803e-02, PNorm = 63.0088, GNorm = 2.0973, lr_0 = 6.8478e-04
Loss = 3.1556e-02, PNorm = 63.0245, GNorm = 1.5914, lr_0 = 6.8500e-04
Loss = 3.3530e-02, PNorm = 63.0381, GNorm = 0.7374, lr_0 = 6.8523e-04
Loss = 3.7940e-02, PNorm = 63.0552, GNorm = 0.8317, lr_0 = 6.8545e-04
Loss = 2.8579e-02, PNorm = 63.0695, GNorm = 1.7913, lr_0 = 6.8568e-04
Loss = 2.9883e-02, PNorm = 63.0783, GNorm = 2.8071, lr_0 = 6.8590e-04
Loss = 3.3750e-02, PNorm = 63.0930, GNorm = 1.0241, lr_0 = 6.8613e-04
Loss = 3.8310e-02, PNorm = 63.1100, GNorm = 2.4328, lr_0 = 6.8635e-04
Loss = 3.7547e-02, PNorm = 63.1278, GNorm = 2.2414, lr_0 = 6.8658e-04
Loss = 3.7023e-02, PNorm = 63.1496, GNorm = 2.6141, lr_0 = 6.8681e-04
Loss = 3.3114e-02, PNorm = 63.1659, GNorm = 0.7883, lr_0 = 6.8703e-04
Loss = 3.5516e-02, PNorm = 63.1813, GNorm = 0.7737, lr_0 = 6.8726e-04
Loss = 3.1853e-02, PNorm = 63.1958, GNorm = 1.7320, lr_0 = 6.8748e-04
Loss = 3.6944e-02, PNorm = 63.2041, GNorm = 0.9648, lr_0 = 6.8771e-04
Loss = 2.4840e-02, PNorm = 63.2157, GNorm = 0.5539, lr_0 = 6.8793e-04
Loss = 2.6825e-02, PNorm = 63.2318, GNorm = 0.8443, lr_0 = 6.8816e-04
Loss = 3.0495e-02, PNorm = 63.2462, GNorm = 1.9709, lr_0 = 6.8838e-04
Loss = 2.5463e-02, PNorm = 63.2585, GNorm = 0.6974, lr_0 = 6.8861e-04
Loss = 2.6002e-02, PNorm = 63.2687, GNorm = 0.5270, lr_0 = 6.8883e-04
Loss = 2.7734e-02, PNorm = 63.2814, GNorm = 0.7262, lr_0 = 6.8906e-04
Loss = 2.7587e-02, PNorm = 63.2962, GNorm = 0.6141, lr_0 = 6.8929e-04
Loss = 3.0371e-02, PNorm = 63.3094, GNorm = 0.5265, lr_0 = 6.8951e-04
Loss = 2.7768e-02, PNorm = 63.3191, GNorm = 0.5857, lr_0 = 6.8974e-04
Loss = 2.2882e-02, PNorm = 63.3307, GNorm = 0.5004, lr_0 = 6.8996e-04
Loss = 2.8692e-02, PNorm = 63.3403, GNorm = 0.4791, lr_0 = 6.9019e-04
Loss = 2.4163e-02, PNorm = 63.3514, GNorm = 1.3402, lr_0 = 6.9041e-04
Loss = 3.2097e-02, PNorm = 63.3620, GNorm = 1.7290, lr_0 = 6.9064e-04
Loss = 2.9114e-02, PNorm = 63.3751, GNorm = 0.8402, lr_0 = 6.9086e-04
Loss = 3.1558e-02, PNorm = 63.3920, GNorm = 0.9260, lr_0 = 6.9109e-04
Loss = 2.8193e-02, PNorm = 63.4059, GNorm = 1.7726, lr_0 = 6.9131e-04
Loss = 2.5257e-02, PNorm = 63.4212, GNorm = 1.8045, lr_0 = 6.9154e-04
Loss = 2.9243e-02, PNorm = 63.4337, GNorm = 0.7094, lr_0 = 6.9176e-04
Loss = 2.7667e-02, PNorm = 63.4481, GNorm = 1.3634, lr_0 = 6.9199e-04
Loss = 3.2553e-02, PNorm = 63.4599, GNorm = 1.9398, lr_0 = 6.9222e-04
Loss = 2.4962e-02, PNorm = 63.4768, GNorm = 0.7900, lr_0 = 6.9244e-04
Loss = 2.6114e-02, PNorm = 63.4935, GNorm = 0.8949, lr_0 = 6.9267e-04
Loss = 2.7268e-02, PNorm = 63.5052, GNorm = 1.0904, lr_0 = 6.9289e-04
Loss = 2.9017e-02, PNorm = 63.5172, GNorm = 0.6507, lr_0 = 6.9312e-04
Loss = 3.1031e-02, PNorm = 63.5313, GNorm = 1.9700, lr_0 = 6.9334e-04
Loss = 2.9979e-02, PNorm = 63.5482, GNorm = 0.7255, lr_0 = 6.9357e-04
Loss = 3.4197e-02, PNorm = 63.5664, GNorm = 1.6749, lr_0 = 6.9379e-04
Loss = 3.2667e-02, PNorm = 63.5798, GNorm = 1.6849, lr_0 = 6.9402e-04
Loss = 3.4331e-02, PNorm = 63.5960, GNorm = 0.9522, lr_0 = 6.9424e-04
Loss = 2.8143e-02, PNorm = 63.6116, GNorm = 0.5875, lr_0 = 6.9447e-04
Loss = 2.9854e-02, PNorm = 63.6265, GNorm = 0.5339, lr_0 = 6.9470e-04
Loss = 2.5169e-02, PNorm = 63.6399, GNorm = 1.0685, lr_0 = 6.9492e-04
Loss = 2.6797e-02, PNorm = 63.6492, GNorm = 0.5148, lr_0 = 6.9515e-04
Loss = 2.8492e-02, PNorm = 63.6599, GNorm = 0.8017, lr_0 = 6.9537e-04
Loss = 2.9791e-02, PNorm = 63.6699, GNorm = 3.1185, lr_0 = 6.9560e-04
Loss = 2.9271e-02, PNorm = 63.6839, GNorm = 0.6147, lr_0 = 6.9582e-04
Loss = 2.8207e-02, PNorm = 63.6961, GNorm = 0.7270, lr_0 = 6.9605e-04
Loss = 3.4885e-02, PNorm = 63.7093, GNorm = 2.6126, lr_0 = 6.9627e-04
Loss = 3.5508e-02, PNorm = 63.7246, GNorm = 2.0375, lr_0 = 6.9650e-04
Loss = 4.0535e-02, PNorm = 63.7476, GNorm = 2.4881, lr_0 = 6.9672e-04
Loss = 2.9993e-02, PNorm = 63.7614, GNorm = 0.9897, lr_0 = 6.9695e-04
Loss = 2.9113e-02, PNorm = 63.7778, GNorm = 0.5896, lr_0 = 6.9717e-04
Loss = 2.8722e-02, PNorm = 63.7946, GNorm = 0.8281, lr_0 = 6.9740e-04
Loss = 2.7181e-02, PNorm = 63.8095, GNorm = 0.5392, lr_0 = 6.9763e-04
Loss = 3.4003e-02, PNorm = 63.8214, GNorm = 3.8762, lr_0 = 6.9785e-04
Loss = 4.0374e-02, PNorm = 63.8381, GNorm = 0.5416, lr_0 = 6.9808e-04
Loss = 7.3643e-02, PNorm = 63.8570, GNorm = 4.3520, lr_0 = 6.9830e-04
Loss = 5.8103e-02, PNorm = 63.8879, GNorm = 1.5730, lr_0 = 6.9853e-04
Loss = 4.4753e-02, PNorm = 63.9166, GNorm = 1.2768, lr_0 = 6.9875e-04
Loss = 3.7668e-02, PNorm = 63.9381, GNorm = 0.7213, lr_0 = 6.9898e-04
Loss = 3.4983e-02, PNorm = 63.9625, GNorm = 0.8408, lr_0 = 6.9920e-04
Loss = 3.8121e-02, PNorm = 63.9807, GNorm = 4.5027, lr_0 = 6.9943e-04
Loss = 4.2058e-02, PNorm = 63.9987, GNorm = 1.8234, lr_0 = 6.9965e-04
Loss = 4.0315e-02, PNorm = 64.0227, GNorm = 1.2346, lr_0 = 6.9988e-04
Loss = 3.5621e-02, PNorm = 64.0460, GNorm = 1.5029, lr_0 = 7.0011e-04
Loss = 4.1585e-02, PNorm = 64.0654, GNorm = 2.2582, lr_0 = 7.0033e-04
Loss = 3.9015e-02, PNorm = 64.0830, GNorm = 1.7833, lr_0 = 7.0056e-04
Loss = 3.4610e-02, PNorm = 64.1042, GNorm = 0.6987, lr_0 = 7.0078e-04
Loss = 3.3975e-02, PNorm = 64.1228, GNorm = 1.6220, lr_0 = 7.0101e-04
Loss = 3.4978e-02, PNorm = 64.1402, GNorm = 1.2969, lr_0 = 7.0123e-04
Loss = 3.4280e-02, PNorm = 64.1596, GNorm = 2.0630, lr_0 = 7.0146e-04
Loss = 2.9546e-02, PNorm = 64.1757, GNorm = 0.8731, lr_0 = 7.0168e-04
Loss = 2.7534e-02, PNorm = 64.1893, GNorm = 0.8268, lr_0 = 7.0191e-04
Loss = 3.2541e-02, PNorm = 64.2037, GNorm = 2.1090, lr_0 = 7.0213e-04
Loss = 2.9340e-02, PNorm = 64.2184, GNorm = 1.7321, lr_0 = 7.0236e-04
Loss = 3.0646e-02, PNorm = 64.2348, GNorm = 1.7643, lr_0 = 7.0258e-04
Loss = 3.7525e-02, PNorm = 64.2512, GNorm = 0.8273, lr_0 = 7.0281e-04
Loss = 3.9543e-02, PNorm = 64.2662, GNorm = 0.4944, lr_0 = 7.0304e-04
Loss = 3.5593e-02, PNorm = 64.2852, GNorm = 0.4035, lr_0 = 7.0326e-04
Loss = 4.6343e-02, PNorm = 64.3045, GNorm = 1.3142, lr_0 = 7.0349e-04
Loss = 4.8868e-02, PNorm = 64.3270, GNorm = 2.5843, lr_0 = 7.0371e-04
Loss = 3.5217e-02, PNorm = 64.3508, GNorm = 1.4087, lr_0 = 7.0394e-04
Loss = 3.6178e-02, PNorm = 64.3686, GNorm = 0.6456, lr_0 = 7.0416e-04
Loss = 3.4153e-02, PNorm = 64.3896, GNorm = 0.7240, lr_0 = 7.0439e-04
Loss = 3.1378e-02, PNorm = 64.4037, GNorm = 1.3056, lr_0 = 7.0461e-04
Loss = 3.0474e-02, PNorm = 64.4197, GNorm = 1.5041, lr_0 = 7.0484e-04
Loss = 3.5356e-02, PNorm = 64.4310, GNorm = 0.6191, lr_0 = 7.0506e-04
Loss = 2.9672e-02, PNorm = 64.4445, GNorm = 2.1068, lr_0 = 7.0529e-04
Loss = 2.5834e-02, PNorm = 64.4591, GNorm = 0.7804, lr_0 = 7.0552e-04
Loss = 2.7847e-02, PNorm = 64.4713, GNorm = 0.6583, lr_0 = 7.0574e-04
Loss = 2.6396e-02, PNorm = 64.4849, GNorm = 1.4092, lr_0 = 7.0597e-04
Loss = 2.4032e-02, PNorm = 64.4971, GNorm = 0.7422, lr_0 = 7.0619e-04
Loss = 2.4885e-02, PNorm = 64.5098, GNorm = 0.4577, lr_0 = 7.0642e-04
Loss = 3.2678e-02, PNorm = 64.5235, GNorm = 2.2290, lr_0 = 7.0664e-04
Loss = 2.7918e-02, PNorm = 64.5380, GNorm = 1.1790, lr_0 = 7.0687e-04
Loss = 3.3525e-02, PNorm = 64.5524, GNorm = 2.4584, lr_0 = 7.0709e-04
Loss = 2.9978e-02, PNorm = 64.5664, GNorm = 2.1722, lr_0 = 7.0732e-04
Loss = 3.4661e-02, PNorm = 64.5793, GNorm = 0.5934, lr_0 = 7.0754e-04
Loss = 3.5927e-02, PNorm = 64.5995, GNorm = 0.6959, lr_0 = 7.0777e-04
Loss = 3.2171e-02, PNorm = 64.6184, GNorm = 0.8562, lr_0 = 7.0799e-04
Loss = 2.9078e-02, PNorm = 64.6323, GNorm = 0.5883, lr_0 = 7.0822e-04
Loss = 3.1068e-02, PNorm = 64.6438, GNorm = 1.4690, lr_0 = 7.0845e-04
Loss = 3.7451e-02, PNorm = 64.6611, GNorm = 1.2402, lr_0 = 7.0867e-04
Loss = 2.7852e-02, PNorm = 64.6769, GNorm = 0.7629, lr_0 = 7.0890e-04
Loss = 2.5635e-02, PNorm = 64.6869, GNorm = 0.7509, lr_0 = 7.0912e-04
Loss = 2.6213e-02, PNorm = 64.6970, GNorm = 0.6653, lr_0 = 7.0935e-04
Loss = 2.8405e-02, PNorm = 64.7110, GNorm = 0.5434, lr_0 = 7.0957e-04
Loss = 2.5071e-02, PNorm = 64.7242, GNorm = 1.1805, lr_0 = 7.0980e-04
Loss = 2.4809e-02, PNorm = 64.7379, GNorm = 0.5742, lr_0 = 7.1002e-04
Loss = 2.7425e-02, PNorm = 64.7483, GNorm = 0.4683, lr_0 = 7.1025e-04
Loss = 3.4735e-02, PNorm = 64.7563, GNorm = 1.4695, lr_0 = 7.1047e-04
Loss = 3.1840e-02, PNorm = 64.7701, GNorm = 1.9507, lr_0 = 7.1070e-04
Loss = 2.5040e-02, PNorm = 64.7814, GNorm = 0.5467, lr_0 = 7.1093e-04
Loss = 2.3080e-02, PNorm = 64.7928, GNorm = 1.2652, lr_0 = 7.1115e-04
Loss = 2.3252e-02, PNorm = 64.8053, GNorm = 1.3034, lr_0 = 7.1138e-04
Loss = 2.6879e-02, PNorm = 64.8167, GNorm = 0.5389, lr_0 = 7.1160e-04
Loss = 2.9019e-02, PNorm = 64.8308, GNorm = 2.6732, lr_0 = 7.1183e-04
Loss = 2.8556e-02, PNorm = 64.8473, GNorm = 0.5258, lr_0 = 7.1205e-04
Loss = 2.7633e-02, PNorm = 64.8626, GNorm = 0.9142, lr_0 = 7.1228e-04
Loss = 3.0805e-02, PNorm = 64.8765, GNorm = 0.7543, lr_0 = 7.1250e-04
Loss = 2.9149e-02, PNorm = 64.8934, GNorm = 1.4615, lr_0 = 7.1273e-04
Loss = 2.9473e-02, PNorm = 64.9071, GNorm = 0.8910, lr_0 = 7.1295e-04
Loss = 3.1602e-02, PNorm = 64.9236, GNorm = 2.1545, lr_0 = 7.1318e-04
Loss = 2.8843e-02, PNorm = 64.9367, GNorm = 1.9393, lr_0 = 7.1340e-04
Loss = 2.4794e-02, PNorm = 64.9505, GNorm = 0.6880, lr_0 = 7.1363e-04
Loss = 2.8655e-02, PNorm = 64.9650, GNorm = 0.6013, lr_0 = 7.1386e-04
Loss = 2.5060e-02, PNorm = 64.9780, GNorm = 1.2923, lr_0 = 7.1408e-04
Loss = 2.3827e-02, PNorm = 64.9880, GNorm = 0.4802, lr_0 = 7.1431e-04
Loss = 2.2714e-02, PNorm = 64.9994, GNorm = 0.5538, lr_0 = 7.1453e-04
Loss = 2.5380e-02, PNorm = 65.0145, GNorm = 1.1988, lr_0 = 7.1476e-04
Loss = 2.9111e-02, PNorm = 65.0258, GNorm = 0.8433, lr_0 = 7.1498e-04
Loss = 2.6126e-02, PNorm = 65.0377, GNorm = 0.7123, lr_0 = 7.1521e-04
Loss = 2.4258e-02, PNorm = 65.0506, GNorm = 1.0743, lr_0 = 7.1543e-04
Loss = 2.4316e-02, PNorm = 65.0627, GNorm = 0.5695, lr_0 = 7.1566e-04
Loss = 2.1855e-02, PNorm = 65.0696, GNorm = 0.5561, lr_0 = 7.1588e-04
Loss = 2.2764e-02, PNorm = 65.0815, GNorm = 0.5430, lr_0 = 7.1611e-04
Loss = 2.6821e-02, PNorm = 65.0952, GNorm = 2.0357, lr_0 = 7.1634e-04
Loss = 3.0527e-02, PNorm = 65.1095, GNorm = 1.7257, lr_0 = 7.1656e-04
Loss = 2.7167e-02, PNorm = 65.1227, GNorm = 1.5470, lr_0 = 7.1679e-04
Loss = 2.4689e-02, PNorm = 65.1388, GNorm = 0.4307, lr_0 = 7.1701e-04
Loss = 2.6364e-02, PNorm = 65.1533, GNorm = 0.6834, lr_0 = 7.1724e-04
Loss = 2.5656e-02, PNorm = 65.1655, GNorm = 1.5074, lr_0 = 7.1746e-04
Loss = 2.5453e-02, PNorm = 65.1765, GNorm = 0.4604, lr_0 = 7.1769e-04
Loss = 2.4466e-02, PNorm = 65.1923, GNorm = 0.6199, lr_0 = 7.1791e-04
Loss = 2.2016e-02, PNorm = 65.2055, GNorm = 0.4959, lr_0 = 7.1814e-04
Loss = 2.3961e-02, PNorm = 65.2182, GNorm = 0.4487, lr_0 = 7.1836e-04
Loss = 2.7015e-02, PNorm = 65.2333, GNorm = 2.0547, lr_0 = 7.1859e-04
Loss = 2.6937e-02, PNorm = 65.2439, GNorm = 0.5636, lr_0 = 7.1881e-04
Loss = 2.4947e-02, PNorm = 65.2533, GNorm = 0.5744, lr_0 = 7.1904e-04
Loss = 2.6334e-02, PNorm = 65.2690, GNorm = 1.5087, lr_0 = 7.1927e-04
Loss = 2.3410e-02, PNorm = 65.2791, GNorm = 1.1237, lr_0 = 7.1949e-04
Loss = 2.5125e-02, PNorm = 65.2906, GNorm = 0.9399, lr_0 = 7.1972e-04
Loss = 2.5421e-02, PNorm = 65.3068, GNorm = 0.5892, lr_0 = 7.1994e-04
Loss = 2.3820e-02, PNorm = 65.3193, GNorm = 1.0185, lr_0 = 7.2017e-04
Loss = 3.1096e-02, PNorm = 65.3321, GNorm = 1.9201, lr_0 = 7.2039e-04
Loss = 3.3813e-02, PNorm = 65.3458, GNorm = 0.6960, lr_0 = 7.2062e-04
Loss = 3.3956e-02, PNorm = 65.3618, GNorm = 1.4950, lr_0 = 7.2084e-04
Loss = 3.2064e-02, PNorm = 65.3820, GNorm = 0.9990, lr_0 = 7.2107e-04
Loss = 2.7114e-02, PNorm = 65.4010, GNorm = 0.6636, lr_0 = 7.2129e-04
Loss = 2.2599e-02, PNorm = 65.4182, GNorm = 0.8786, lr_0 = 7.2152e-04
Loss = 2.7550e-02, PNorm = 65.4338, GNorm = 0.5412, lr_0 = 7.2175e-04
Loss = 2.4108e-02, PNorm = 65.4472, GNorm = 1.4274, lr_0 = 7.2197e-04
Loss = 2.4736e-02, PNorm = 65.4612, GNorm = 0.5563, lr_0 = 7.2220e-04
Loss = 2.4401e-02, PNorm = 65.4743, GNorm = 1.0540, lr_0 = 7.2242e-04
Loss = 2.5165e-02, PNorm = 65.4872, GNorm = 1.6297, lr_0 = 7.2265e-04
Loss = 2.9477e-02, PNorm = 65.5002, GNorm = 0.5842, lr_0 = 7.2287e-04
Loss = 2.9123e-02, PNorm = 65.5190, GNorm = 1.7123, lr_0 = 7.2310e-04
Loss = 2.7633e-02, PNorm = 65.5371, GNorm = 0.5525, lr_0 = 7.2332e-04
Loss = 3.0681e-02, PNorm = 65.5530, GNorm = 1.6602, lr_0 = 7.2355e-04
Loss = 2.7761e-02, PNorm = 65.5688, GNorm = 0.7675, lr_0 = 7.2377e-04
Loss = 2.6849e-02, PNorm = 65.5847, GNorm = 1.1553, lr_0 = 7.2400e-04
Loss = 2.3782e-02, PNorm = 65.5965, GNorm = 1.4461, lr_0 = 7.2422e-04
Loss = 2.6184e-02, PNorm = 65.6115, GNorm = 0.5505, lr_0 = 7.2445e-04
Loss = 2.5051e-02, PNorm = 65.6246, GNorm = 1.2370, lr_0 = 7.2468e-04
Loss = 2.2502e-02, PNorm = 65.6424, GNorm = 1.0126, lr_0 = 7.2490e-04
Loss = 2.7169e-02, PNorm = 65.6551, GNorm = 0.4927, lr_0 = 7.2513e-04
Loss = 2.6193e-02, PNorm = 65.6667, GNorm = 0.5296, lr_0 = 7.2535e-04
Loss = 2.2876e-02, PNorm = 65.6821, GNorm = 1.0279, lr_0 = 7.2558e-04
Loss = 3.0193e-02, PNorm = 65.6964, GNorm = 1.9608, lr_0 = 7.2580e-04
Loss = 2.9187e-02, PNorm = 65.7092, GNorm = 2.6597, lr_0 = 7.2603e-04
Loss = 3.3118e-02, PNorm = 65.7283, GNorm = 1.7187, lr_0 = 7.2625e-04
Loss = 3.0115e-02, PNorm = 65.7436, GNorm = 0.6206, lr_0 = 7.2648e-04
Loss = 2.7381e-02, PNorm = 65.7621, GNorm = 0.6395, lr_0 = 7.2670e-04
Loss = 2.7327e-02, PNorm = 65.7723, GNorm = 0.5211, lr_0 = 7.2693e-04
Loss = 2.8306e-02, PNorm = 65.7856, GNorm = 1.2029, lr_0 = 7.2716e-04
Loss = 2.8504e-02, PNorm = 65.8034, GNorm = 0.6094, lr_0 = 7.2738e-04
Loss = 3.0821e-02, PNorm = 65.8185, GNorm = 2.0277, lr_0 = 7.2761e-04
Loss = 3.0961e-02, PNorm = 65.8306, GNorm = 1.5446, lr_0 = 7.2783e-04
Loss = 2.5603e-02, PNorm = 65.8451, GNorm = 1.9944, lr_0 = 7.2806e-04
Loss = 3.0354e-02, PNorm = 65.8631, GNorm = 0.5091, lr_0 = 7.2828e-04
Loss = 2.7696e-02, PNorm = 65.8774, GNorm = 1.0468, lr_0 = 7.2851e-04
Loss = 2.6955e-02, PNorm = 65.8908, GNorm = 1.1802, lr_0 = 7.2873e-04
Loss = 2.8361e-02, PNorm = 65.9038, GNorm = 0.5540, lr_0 = 7.2896e-04
Loss = 2.7030e-02, PNorm = 65.9226, GNorm = 1.0786, lr_0 = 7.2918e-04
Loss = 2.8199e-02, PNorm = 65.9400, GNorm = 0.5735, lr_0 = 7.2941e-04
Loss = 2.7189e-02, PNorm = 65.9595, GNorm = 0.6067, lr_0 = 7.2963e-04
Loss = 2.9457e-02, PNorm = 65.9732, GNorm = 0.4905, lr_0 = 7.2986e-04
Loss = 2.5959e-02, PNorm = 65.9901, GNorm = 1.0276, lr_0 = 7.3009e-04
Loss = 2.7703e-02, PNorm = 66.0068, GNorm = 0.5122, lr_0 = 7.3031e-04
Loss = 2.7684e-02, PNorm = 66.0240, GNorm = 1.8088, lr_0 = 7.3054e-04
Loss = 2.3719e-02, PNorm = 66.0413, GNorm = 0.8416, lr_0 = 7.3076e-04
Loss = 2.4216e-02, PNorm = 66.0583, GNorm = 0.5714, lr_0 = 7.3099e-04
Loss = 2.8950e-02, PNorm = 66.0714, GNorm = 1.8112, lr_0 = 7.3121e-04
Loss = 3.7375e-02, PNorm = 66.0895, GNorm = 0.6768, lr_0 = 7.3144e-04
Loss = 4.1229e-02, PNorm = 66.1077, GNorm = 0.7345, lr_0 = 7.3166e-04
Loss = 3.8087e-02, PNorm = 66.1317, GNorm = 1.0359, lr_0 = 7.3189e-04
Loss = 3.0532e-02, PNorm = 66.1519, GNorm = 1.5440, lr_0 = 7.3211e-04
Loss = 3.2919e-02, PNorm = 66.1723, GNorm = 0.9894, lr_0 = 7.3234e-04
Loss = 3.3579e-02, PNorm = 66.1907, GNorm = 0.7921, lr_0 = 7.3257e-04
Loss = 3.2205e-02, PNorm = 66.2115, GNorm = 0.7384, lr_0 = 7.3279e-04
Loss = 3.2781e-02, PNorm = 66.2292, GNorm = 1.6980, lr_0 = 7.3302e-04
Loss = 4.5873e-02, PNorm = 66.2526, GNorm = 2.4242, lr_0 = 7.3324e-04
Loss = 3.4782e-02, PNorm = 66.2806, GNorm = 2.0304, lr_0 = 7.3347e-04
Loss = 3.8716e-02, PNorm = 66.3011, GNorm = 0.6482, lr_0 = 7.3369e-04
Loss = 3.0315e-02, PNorm = 66.3183, GNorm = 1.3121, lr_0 = 7.3392e-04
Loss = 2.9855e-02, PNorm = 66.3347, GNorm = 0.6660, lr_0 = 7.3414e-04
Loss = 3.2573e-02, PNorm = 66.3592, GNorm = 1.0134, lr_0 = 7.3437e-04
Loss = 2.8365e-02, PNorm = 66.3804, GNorm = 0.8388, lr_0 = 7.3459e-04
Loss = 2.9403e-02, PNorm = 66.3964, GNorm = 1.3687, lr_0 = 7.3482e-04
Loss = 2.8373e-02, PNorm = 66.4130, GNorm = 1.3591, lr_0 = 7.3504e-04
Loss = 2.6736e-02, PNorm = 66.4316, GNorm = 0.7523, lr_0 = 7.3527e-04
Loss = 2.9380e-02, PNorm = 66.4474, GNorm = 1.1680, lr_0 = 7.3550e-04
Loss = 2.9396e-02, PNorm = 66.4663, GNorm = 0.7222, lr_0 = 7.3572e-04
Loss = 2.6430e-02, PNorm = 66.4878, GNorm = 1.0631, lr_0 = 7.3595e-04
Loss = 3.4279e-02, PNorm = 66.5041, GNorm = 1.2953, lr_0 = 7.3617e-04
Loss = 2.4999e-02, PNorm = 66.5189, GNorm = 0.8441, lr_0 = 7.3640e-04
Loss = 2.9174e-02, PNorm = 66.5351, GNorm = 0.9475, lr_0 = 7.3662e-04
Loss = 2.9803e-02, PNorm = 66.5543, GNorm = 1.4148, lr_0 = 7.3685e-04
Loss = 2.9714e-02, PNorm = 66.5721, GNorm = 0.8629, lr_0 = 7.3707e-04
Loss = 2.5543e-02, PNorm = 66.5866, GNorm = 0.9020, lr_0 = 7.3730e-04
Loss = 2.5223e-02, PNorm = 66.6023, GNorm = 0.4969, lr_0 = 7.3752e-04
Loss = 2.7231e-02, PNorm = 66.6171, GNorm = 1.2346, lr_0 = 7.3775e-04
Loss = 2.4499e-02, PNorm = 66.6299, GNorm = 0.5626, lr_0 = 7.3798e-04
Loss = 2.8411e-02, PNorm = 66.6455, GNorm = 0.5676, lr_0 = 7.3820e-04
Loss = 2.6315e-02, PNorm = 66.6573, GNorm = 0.5473, lr_0 = 7.3843e-04
Loss = 2.9404e-02, PNorm = 66.6722, GNorm = 0.9135, lr_0 = 7.3865e-04
Loss = 2.7603e-02, PNorm = 66.6879, GNorm = 0.8386, lr_0 = 7.3888e-04
Loss = 2.2682e-02, PNorm = 66.7044, GNorm = 1.4696, lr_0 = 7.3910e-04
Loss = 2.7375e-02, PNorm = 66.7210, GNorm = 1.1022, lr_0 = 7.3933e-04
Loss = 2.9283e-02, PNorm = 66.7367, GNorm = 1.6699, lr_0 = 7.3955e-04
Loss = 3.6680e-02, PNorm = 66.7545, GNorm = 1.4615, lr_0 = 7.3978e-04
Loss = 2.6109e-02, PNorm = 66.7759, GNorm = 2.1760, lr_0 = 7.4000e-04
Loss = 3.2403e-02, PNorm = 66.7952, GNorm = 1.1252, lr_0 = 7.4023e-04
Loss = 3.1359e-02, PNorm = 66.8115, GNorm = 1.3291, lr_0 = 7.4045e-04
Loss = 2.7724e-02, PNorm = 66.8287, GNorm = 1.0755, lr_0 = 7.4068e-04
Loss = 2.4952e-02, PNorm = 66.8438, GNorm = 1.1042, lr_0 = 7.4091e-04
Loss = 2.3220e-02, PNorm = 66.8587, GNorm = 0.5411, lr_0 = 7.4113e-04
Loss = 2.6382e-02, PNorm = 66.8737, GNorm = 1.2927, lr_0 = 7.4136e-04
Loss = 2.6306e-02, PNorm = 66.8914, GNorm = 1.5168, lr_0 = 7.4158e-04
Loss = 2.5737e-02, PNorm = 66.9057, GNorm = 0.4487, lr_0 = 7.4181e-04
Loss = 2.8550e-02, PNorm = 66.9172, GNorm = 0.5277, lr_0 = 7.4203e-04
Loss = 2.7518e-02, PNorm = 66.9306, GNorm = 0.4694, lr_0 = 7.4226e-04
Loss = 2.5423e-02, PNorm = 66.9449, GNorm = 0.8405, lr_0 = 7.4248e-04
Loss = 2.8939e-02, PNorm = 66.9603, GNorm = 1.0386, lr_0 = 7.4271e-04
Loss = 2.5818e-02, PNorm = 66.9746, GNorm = 0.5275, lr_0 = 7.4293e-04
Loss = 2.7148e-02, PNorm = 66.9907, GNorm = 1.5504, lr_0 = 7.4316e-04
Loss = 3.0626e-02, PNorm = 67.0035, GNorm = 0.5427, lr_0 = 7.4339e-04
Loss = 2.6043e-02, PNorm = 67.0189, GNorm = 1.5424, lr_0 = 7.4361e-04
Loss = 2.6967e-02, PNorm = 67.0347, GNorm = 1.1553, lr_0 = 7.4384e-04
Loss = 2.2290e-02, PNorm = 67.0484, GNorm = 0.6627, lr_0 = 7.4406e-04
Loss = 2.9582e-02, PNorm = 67.0593, GNorm = 1.9896, lr_0 = 7.4429e-04
Loss = 3.9264e-02, PNorm = 67.0814, GNorm = 0.7107, lr_0 = 7.4451e-04
Loss = 2.8972e-02, PNorm = 67.0964, GNorm = 0.9548, lr_0 = 7.4474e-04
Loss = 2.8606e-02, PNorm = 67.1116, GNorm = 1.1049, lr_0 = 7.4496e-04
Loss = 2.7744e-02, PNorm = 67.1363, GNorm = 0.6459, lr_0 = 7.4519e-04
Loss = 2.4442e-02, PNorm = 67.1556, GNorm = 0.3191, lr_0 = 7.4541e-04
Loss = 2.3989e-02, PNorm = 67.1722, GNorm = 0.5055, lr_0 = 7.4564e-04
Loss = 2.4034e-02, PNorm = 67.1846, GNorm = 0.6220, lr_0 = 7.4586e-04
Loss = 2.7177e-02, PNorm = 67.1959, GNorm = 0.9493, lr_0 = 7.4609e-04
Loss = 2.7268e-02, PNorm = 67.2081, GNorm = 2.0411, lr_0 = 7.4632e-04
Loss = 2.9024e-02, PNorm = 67.2275, GNorm = 1.4949, lr_0 = 7.4654e-04
Loss = 3.0491e-02, PNorm = 67.2431, GNorm = 1.4954, lr_0 = 7.4677e-04
Loss = 2.7374e-02, PNorm = 67.2587, GNorm = 1.7280, lr_0 = 7.4699e-04
Loss = 2.9499e-02, PNorm = 67.2776, GNorm = 0.7240, lr_0 = 7.4722e-04
Loss = 2.7924e-02, PNorm = 67.2910, GNorm = 0.6241, lr_0 = 7.4744e-04
Loss = 2.5245e-02, PNorm = 67.3062, GNorm = 0.6277, lr_0 = 7.4767e-04
Loss = 2.9839e-02, PNorm = 67.3242, GNorm = 0.6437, lr_0 = 7.4789e-04
Loss = 2.4364e-02, PNorm = 67.3368, GNorm = 0.8796, lr_0 = 7.4812e-04
Loss = 2.8002e-02, PNorm = 67.3494, GNorm = 0.6825, lr_0 = 7.4834e-04
Loss = 3.4237e-02, PNorm = 67.3690, GNorm = 1.8203, lr_0 = 7.4857e-04
Loss = 3.2524e-02, PNorm = 67.3886, GNorm = 1.3148, lr_0 = 7.4880e-04
Loss = 2.8452e-02, PNorm = 67.4084, GNorm = 0.5057, lr_0 = 7.4902e-04
Loss = 2.7420e-02, PNorm = 67.4258, GNorm = 1.4724, lr_0 = 7.4925e-04
Loss = 2.5029e-02, PNorm = 67.4465, GNorm = 0.5643, lr_0 = 7.4947e-04
Loss = 2.5680e-02, PNorm = 67.4646, GNorm = 1.6616, lr_0 = 7.4970e-04
Loss = 2.9196e-02, PNorm = 67.4790, GNorm = 1.2443, lr_0 = 7.4992e-04
Loss = 2.3647e-02, PNorm = 67.4950, GNorm = 0.6980, lr_0 = 7.5015e-04
Loss = 2.5939e-02, PNorm = 67.5128, GNorm = 0.7787, lr_0 = 7.5037e-04
Loss = 2.7012e-02, PNorm = 67.5275, GNorm = 0.5398, lr_0 = 7.5060e-04
Loss = 2.0080e-02, PNorm = 67.5391, GNorm = 0.9819, lr_0 = 7.5082e-04
Loss = 2.1358e-02, PNorm = 67.5535, GNorm = 0.8885, lr_0 = 7.5105e-04
Loss = 2.3702e-02, PNorm = 67.5651, GNorm = 1.5348, lr_0 = 7.5127e-04
Loss = 3.4043e-02, PNorm = 67.5777, GNorm = 1.4226, lr_0 = 7.5150e-04
Loss = 3.3243e-02, PNorm = 67.5945, GNorm = 0.6622, lr_0 = 7.5173e-04
Loss = 3.1129e-02, PNorm = 67.6161, GNorm = 2.0313, lr_0 = 7.5195e-04
Loss = 3.2040e-02, PNorm = 67.6330, GNorm = 0.7699, lr_0 = 7.5218e-04
Loss = 2.8459e-02, PNorm = 67.6494, GNorm = 0.4405, lr_0 = 7.5240e-04
Loss = 2.7359e-02, PNorm = 67.6671, GNorm = 1.2300, lr_0 = 7.5263e-04
Loss = 2.3261e-02, PNorm = 67.6818, GNorm = 0.8374, lr_0 = 7.5285e-04
Loss = 2.5384e-02, PNorm = 67.6897, GNorm = 1.8755, lr_0 = 7.5308e-04
Loss = 2.4298e-02, PNorm = 67.7017, GNorm = 0.9391, lr_0 = 7.5330e-04
Loss = 2.5461e-02, PNorm = 67.7166, GNorm = 0.4374, lr_0 = 7.5353e-04
Loss = 2.8235e-02, PNorm = 67.7355, GNorm = 2.0797, lr_0 = 7.5375e-04
Loss = 2.7691e-02, PNorm = 67.7536, GNorm = 0.7214, lr_0 = 7.5398e-04
Loss = 2.2944e-02, PNorm = 67.7700, GNorm = 0.7216, lr_0 = 7.5421e-04
Loss = 2.5419e-02, PNorm = 67.7800, GNorm = 1.9435, lr_0 = 7.5443e-04
Loss = 2.7446e-02, PNorm = 67.7927, GNorm = 0.4336, lr_0 = 7.5466e-04
Loss = 2.7974e-02, PNorm = 67.8122, GNorm = 0.7043, lr_0 = 7.5488e-04
Loss = 2.4828e-02, PNorm = 67.8297, GNorm = 0.9464, lr_0 = 7.5511e-04
Loss = 2.3442e-02, PNorm = 67.8455, GNorm = 0.6733, lr_0 = 7.5533e-04
Loss = 2.6452e-02, PNorm = 67.8608, GNorm = 0.6927, lr_0 = 7.5556e-04
Loss = 2.4496e-02, PNorm = 67.8763, GNorm = 1.1915, lr_0 = 7.5578e-04
Loss = 2.5121e-02, PNorm = 67.8904, GNorm = 0.6255, lr_0 = 7.5601e-04
Loss = 2.9161e-02, PNorm = 67.9085, GNorm = 0.6237, lr_0 = 7.5623e-04
Loss = 2.7903e-02, PNorm = 67.9220, GNorm = 1.1068, lr_0 = 7.5646e-04
Loss = 2.4292e-02, PNorm = 67.9386, GNorm = 1.0323, lr_0 = 7.5668e-04
Loss = 2.1576e-02, PNorm = 67.9518, GNorm = 0.4787, lr_0 = 7.5691e-04
Loss = 2.4007e-02, PNorm = 67.9651, GNorm = 1.5169, lr_0 = 7.5714e-04
Loss = 2.2290e-02, PNorm = 67.9754, GNorm = 0.5791, lr_0 = 7.5736e-04
Loss = 2.5497e-02, PNorm = 67.9906, GNorm = 1.3012, lr_0 = 7.5759e-04
Loss = 2.3274e-02, PNorm = 68.0068, GNorm = 0.5378, lr_0 = 7.5781e-04
Loss = 2.3850e-02, PNorm = 68.0196, GNorm = 0.5000, lr_0 = 7.5804e-04
Loss = 2.3586e-02, PNorm = 68.0376, GNorm = 0.7389, lr_0 = 7.5826e-04
Loss = 2.0307e-02, PNorm = 68.0499, GNorm = 0.8482, lr_0 = 7.5849e-04
Loss = 2.8825e-02, PNorm = 68.0628, GNorm = 1.5272, lr_0 = 7.5871e-04
Loss = 2.7121e-02, PNorm = 68.0749, GNorm = 0.5567, lr_0 = 7.5894e-04
Loss = 2.3210e-02, PNorm = 68.0908, GNorm = 0.9245, lr_0 = 7.5916e-04
Loss = 2.5247e-02, PNorm = 68.1055, GNorm = 0.6643, lr_0 = 7.5939e-04
Loss = 2.4988e-02, PNorm = 68.1216, GNorm = 1.3641, lr_0 = 7.5962e-04
Loss = 2.3183e-02, PNorm = 68.1351, GNorm = 1.0985, lr_0 = 7.5984e-04
Loss = 2.4399e-02, PNorm = 68.1500, GNorm = 1.1038, lr_0 = 7.6007e-04
Loss = 2.7854e-02, PNorm = 68.1714, GNorm = 0.4510, lr_0 = 7.6029e-04
Loss = 2.9200e-02, PNorm = 68.1933, GNorm = 0.5389, lr_0 = 7.6052e-04
Loss = 2.7330e-02, PNorm = 68.2088, GNorm = 1.3314, lr_0 = 7.6074e-04
Loss = 2.5526e-02, PNorm = 68.2253, GNorm = 0.9705, lr_0 = 7.6097e-04
Loss = 2.2752e-02, PNorm = 68.2397, GNorm = 0.6628, lr_0 = 7.6119e-04
Loss = 2.5961e-02, PNorm = 68.2576, GNorm = 0.6858, lr_0 = 7.6142e-04
Loss = 2.4218e-02, PNorm = 68.2724, GNorm = 1.2608, lr_0 = 7.6164e-04
Loss = 2.6154e-02, PNorm = 68.2850, GNorm = 0.7348, lr_0 = 7.6187e-04
Loss = 2.6771e-02, PNorm = 68.3022, GNorm = 1.2263, lr_0 = 7.6209e-04
Loss = 2.0115e-02, PNorm = 68.3165, GNorm = 0.9628, lr_0 = 7.6232e-04
Loss = 2.4858e-02, PNorm = 68.3316, GNorm = 1.1908, lr_0 = 7.6255e-04
Loss = 2.7602e-02, PNorm = 68.3448, GNorm = 0.9688, lr_0 = 7.6277e-04
Loss = 2.1225e-02, PNorm = 68.3623, GNorm = 0.7327, lr_0 = 7.6300e-04
Loss = 2.4257e-02, PNorm = 68.3770, GNorm = 1.4141, lr_0 = 7.6322e-04
Loss = 2.7454e-02, PNorm = 68.3934, GNorm = 1.1169, lr_0 = 7.6345e-04
Loss = 2.8252e-02, PNorm = 68.4129, GNorm = 0.4264, lr_0 = 7.6367e-04
Loss = 2.7780e-02, PNorm = 68.4332, GNorm = 0.6750, lr_0 = 7.6390e-04
Loss = 2.8700e-02, PNorm = 68.4499, GNorm = 1.5054, lr_0 = 7.6412e-04
Loss = 2.9353e-02, PNorm = 68.4694, GNorm = 1.4347, lr_0 = 7.6435e-04
Loss = 2.7664e-02, PNorm = 68.4834, GNorm = 0.9269, lr_0 = 7.6457e-04
Loss = 3.0636e-02, PNorm = 68.5044, GNorm = 2.0336, lr_0 = 7.6480e-04
Loss = 3.4062e-02, PNorm = 68.5211, GNorm = 0.8186, lr_0 = 7.6503e-04
Loss = 4.2448e-02, PNorm = 68.5468, GNorm = 2.1458, lr_0 = 7.6525e-04
Loss = 3.6301e-02, PNorm = 68.5762, GNorm = 0.8844, lr_0 = 7.6548e-04
Loss = 3.2572e-02, PNorm = 68.6015, GNorm = 1.3302, lr_0 = 7.6570e-04
Loss = 2.9833e-02, PNorm = 68.6204, GNorm = 1.0756, lr_0 = 7.6593e-04
Loss = 2.8720e-02, PNorm = 68.6387, GNorm = 0.5808, lr_0 = 7.6615e-04
Loss = 2.2190e-02, PNorm = 68.6571, GNorm = 1.8463, lr_0 = 7.6638e-04
Loss = 2.8332e-02, PNorm = 68.6739, GNorm = 0.7817, lr_0 = 7.6660e-04
Loss = 2.3546e-02, PNorm = 68.6921, GNorm = 0.5816, lr_0 = 7.6683e-04
Loss = 2.2153e-02, PNorm = 68.7073, GNorm = 0.5424, lr_0 = 7.6705e-04
Loss = 2.3512e-02, PNorm = 68.7190, GNorm = 0.5013, lr_0 = 7.6728e-04
Loss = 2.1507e-02, PNorm = 68.7304, GNorm = 0.8836, lr_0 = 7.6750e-04
Loss = 2.3181e-02, PNorm = 68.7464, GNorm = 0.8378, lr_0 = 7.6773e-04
Loss = 2.1510e-02, PNorm = 68.7634, GNorm = 0.5888, lr_0 = 7.6796e-04
Loss = 2.3108e-02, PNorm = 68.7774, GNorm = 0.4638, lr_0 = 7.6818e-04
Loss = 2.9998e-02, PNorm = 68.7935, GNorm = 1.3446, lr_0 = 7.6841e-04
Loss = 2.4392e-02, PNorm = 68.8109, GNorm = 0.8024, lr_0 = 7.6863e-04
Loss = 2.4182e-02, PNorm = 68.8253, GNorm = 0.9698, lr_0 = 7.6886e-04
Loss = 2.7221e-02, PNorm = 68.8439, GNorm = 1.8408, lr_0 = 7.6908e-04
Loss = 2.5828e-02, PNorm = 68.8644, GNorm = 1.4577, lr_0 = 7.6931e-04
Loss = 2.5092e-02, PNorm = 68.8829, GNorm = 0.7651, lr_0 = 7.6953e-04
Loss = 2.5410e-02, PNorm = 68.8984, GNorm = 1.3456, lr_0 = 7.6976e-04
Loss = 2.5119e-02, PNorm = 68.9148, GNorm = 0.4271, lr_0 = 7.6998e-04
Loss = 2.1349e-02, PNorm = 68.9332, GNorm = 0.6354, lr_0 = 7.7021e-04
Loss = 2.2216e-02, PNorm = 68.9511, GNorm = 1.0676, lr_0 = 7.7044e-04
Loss = 2.4315e-02, PNorm = 68.9649, GNorm = 0.8232, lr_0 = 7.7066e-04
Loss = 2.5759e-02, PNorm = 68.9804, GNorm = 0.5930, lr_0 = 7.7089e-04
Loss = 2.7671e-02, PNorm = 69.0011, GNorm = 0.5307, lr_0 = 7.7111e-04
Loss = 3.4166e-02, PNorm = 69.0183, GNorm = 2.0034, lr_0 = 7.7134e-04
Loss = 3.3201e-02, PNorm = 69.0428, GNorm = 0.4969, lr_0 = 7.7156e-04
Loss = 2.9785e-02, PNorm = 69.0622, GNorm = 1.3217, lr_0 = 7.7179e-04
Loss = 2.6018e-02, PNorm = 69.0790, GNorm = 0.5102, lr_0 = 7.7201e-04
Loss = 2.6637e-02, PNorm = 69.0929, GNorm = 0.5613, lr_0 = 7.7224e-04
Loss = 2.8038e-02, PNorm = 69.1127, GNorm = 1.7703, lr_0 = 7.7246e-04
Loss = 2.7315e-02, PNorm = 69.1300, GNorm = 1.1025, lr_0 = 7.7269e-04
Loss = 2.6984e-02, PNorm = 69.1485, GNorm = 0.6475, lr_0 = 7.7291e-04
Loss = 2.7984e-02, PNorm = 69.1698, GNorm = 0.6856, lr_0 = 7.7314e-04
Loss = 3.3434e-02, PNorm = 69.1837, GNorm = 1.7970, lr_0 = 7.7337e-04
Loss = 2.2786e-02, PNorm = 69.1994, GNorm = 0.6746, lr_0 = 7.7359e-04
Loss = 2.7019e-02, PNorm = 69.2190, GNorm = 0.7673, lr_0 = 7.7382e-04
Loss = 3.2176e-02, PNorm = 69.2397, GNorm = 0.7253, lr_0 = 7.7404e-04
Loss = 2.3273e-02, PNorm = 69.2563, GNorm = 0.4530, lr_0 = 7.7427e-04
Loss = 2.8179e-02, PNorm = 69.2760, GNorm = 1.1806, lr_0 = 7.7449e-04
Loss = 2.7906e-02, PNorm = 69.2948, GNorm = 0.3957, lr_0 = 7.7472e-04
Loss = 2.6211e-02, PNorm = 69.3136, GNorm = 1.7117, lr_0 = 7.7494e-04
Loss = 2.7353e-02, PNorm = 69.3290, GNorm = 0.9432, lr_0 = 7.7517e-04
Loss = 2.4370e-02, PNorm = 69.3463, GNorm = 0.6892, lr_0 = 7.7539e-04
Loss = 2.1726e-02, PNorm = 69.3612, GNorm = 0.8588, lr_0 = 7.7562e-04
Loss = 2.8110e-02, PNorm = 69.3765, GNorm = 1.1790, lr_0 = 7.7585e-04
Loss = 2.3566e-02, PNorm = 69.3943, GNorm = 1.6325, lr_0 = 7.7607e-04
Loss = 2.8700e-02, PNorm = 69.4146, GNorm = 1.0463, lr_0 = 7.7630e-04
Loss = 3.4295e-02, PNorm = 69.4365, GNorm = 2.6422, lr_0 = 7.7652e-04
Loss = 2.5630e-02, PNorm = 69.4549, GNorm = 0.7194, lr_0 = 7.7675e-04
Loss = 2.2789e-02, PNorm = 69.4729, GNorm = 0.6406, lr_0 = 7.7697e-04
Loss = 2.7269e-02, PNorm = 69.4904, GNorm = 0.4197, lr_0 = 7.7720e-04
Loss = 2.6547e-02, PNorm = 69.5104, GNorm = 0.4801, lr_0 = 7.7742e-04
Loss = 2.2652e-02, PNorm = 69.5286, GNorm = 1.2349, lr_0 = 7.7765e-04
Loss = 2.3876e-02, PNorm = 69.5438, GNorm = 0.6595, lr_0 = 7.7787e-04
Loss = 2.6319e-02, PNorm = 69.5601, GNorm = 1.2385, lr_0 = 7.7810e-04
Loss = 2.7091e-02, PNorm = 69.5794, GNorm = 0.9787, lr_0 = 7.7832e-04
Loss = 2.6209e-02, PNorm = 69.6015, GNorm = 0.7933, lr_0 = 7.7855e-04
Loss = 2.3009e-02, PNorm = 69.6198, GNorm = 1.0747, lr_0 = 7.7878e-04
Loss = 2.9593e-02, PNorm = 69.6376, GNorm = 1.8020, lr_0 = 7.7900e-04
Loss = 3.3164e-02, PNorm = 69.6536, GNorm = 1.5042, lr_0 = 7.7923e-04
Loss = 2.8038e-02, PNorm = 69.6755, GNorm = 0.7090, lr_0 = 7.7945e-04
Loss = 2.1572e-02, PNorm = 69.6950, GNorm = 0.5761, lr_0 = 7.7968e-04
Loss = 2.7254e-02, PNorm = 69.7112, GNorm = 2.2887, lr_0 = 7.7990e-04
Loss = 2.8373e-02, PNorm = 69.7349, GNorm = 0.6637, lr_0 = 7.8013e-04
Loss = 3.2594e-02, PNorm = 69.7566, GNorm = 2.0068, lr_0 = 7.8035e-04
Loss = 3.2434e-02, PNorm = 69.7757, GNorm = 1.2460, lr_0 = 7.8058e-04
Loss = 2.6174e-02, PNorm = 69.7949, GNorm = 0.5735, lr_0 = 7.8080e-04
Loss = 2.8497e-02, PNorm = 69.8161, GNorm = 1.8391, lr_0 = 7.8103e-04
Loss = 2.9256e-02, PNorm = 69.8397, GNorm = 1.2630, lr_0 = 7.8126e-04
Loss = 2.6397e-02, PNorm = 69.8561, GNorm = 0.7052, lr_0 = 7.8148e-04
Loss = 2.2671e-02, PNorm = 69.8731, GNorm = 0.7596, lr_0 = 7.8171e-04
Loss = 2.3624e-02, PNorm = 69.8911, GNorm = 0.7124, lr_0 = 7.8193e-04
Loss = 2.4840e-02, PNorm = 69.9070, GNorm = 0.9375, lr_0 = 7.8216e-04
Loss = 2.2435e-02, PNorm = 69.9242, GNorm = 1.2490, lr_0 = 7.8238e-04
Loss = 2.4904e-02, PNorm = 69.9403, GNorm = 0.6121, lr_0 = 7.8261e-04
Loss = 2.4931e-02, PNorm = 69.9559, GNorm = 1.7614, lr_0 = 7.8283e-04
Loss = 2.8869e-02, PNorm = 69.9753, GNorm = 0.4873, lr_0 = 7.8306e-04
Loss = 3.2304e-02, PNorm = 69.9931, GNorm = 0.9119, lr_0 = 7.8328e-04
Loss = 5.0183e-02, PNorm = 70.0230, GNorm = 1.4740, lr_0 = 7.8351e-04
Loss = 4.2301e-02, PNorm = 70.0524, GNorm = 0.6597, lr_0 = 7.8373e-04
Loss = 3.4218e-02, PNorm = 70.0823, GNorm = 1.4232, lr_0 = 7.8396e-04
Loss = 2.8746e-02, PNorm = 70.1059, GNorm = 0.6440, lr_0 = 7.8419e-04
Loss = 3.0918e-02, PNorm = 70.1270, GNorm = 0.6042, lr_0 = 7.8441e-04
Loss = 2.7019e-02, PNorm = 70.1512, GNorm = 1.0401, lr_0 = 7.8464e-04
Loss = 2.9287e-02, PNorm = 70.1712, GNorm = 0.5170, lr_0 = 7.8486e-04
Loss = 3.7741e-02, PNorm = 70.1861, GNorm = 0.5608, lr_0 = 7.8509e-04
Loss = 2.9474e-02, PNorm = 70.2055, GNorm = 1.9004, lr_0 = 7.8531e-04
Loss = 2.5177e-02, PNorm = 70.2230, GNorm = 0.5428, lr_0 = 7.8554e-04
Loss = 2.7143e-02, PNorm = 70.2379, GNorm = 0.8752, lr_0 = 7.8576e-04
Loss = 2.6326e-02, PNorm = 70.2542, GNorm = 1.4032, lr_0 = 7.8599e-04
Loss = 2.0940e-02, PNorm = 70.2704, GNorm = 0.4540, lr_0 = 7.8621e-04
Loss = 2.2402e-02, PNorm = 70.2826, GNorm = 1.1073, lr_0 = 7.8644e-04
Loss = 2.7134e-02, PNorm = 70.3007, GNorm = 0.9377, lr_0 = 7.8667e-04
Loss = 2.8411e-02, PNorm = 70.3187, GNorm = 0.7827, lr_0 = 7.8689e-04
Loss = 2.4349e-02, PNorm = 70.3333, GNorm = 1.0578, lr_0 = 7.8712e-04
Loss = 2.0777e-02, PNorm = 70.3478, GNorm = 0.4081, lr_0 = 7.8734e-04
Loss = 2.0460e-02, PNorm = 70.3610, GNorm = 0.4974, lr_0 = 7.8757e-04
Loss = 2.0900e-02, PNorm = 70.3754, GNorm = 1.1585, lr_0 = 7.8779e-04
Loss = 2.0945e-02, PNorm = 70.3850, GNorm = 0.8699, lr_0 = 7.8802e-04
Loss = 2.1796e-02, PNorm = 70.3978, GNorm = 1.1197, lr_0 = 7.8824e-04
Loss = 2.2821e-02, PNorm = 70.4136, GNorm = 1.1615, lr_0 = 7.8847e-04
Loss = 2.1602e-02, PNorm = 70.4297, GNorm = 1.1467, lr_0 = 7.8869e-04
Loss = 1.9458e-02, PNorm = 70.4409, GNorm = 1.5386, lr_0 = 7.8892e-04
Loss = 1.9500e-02, PNorm = 70.4531, GNorm = 0.5195, lr_0 = 7.8914e-04
Loss = 1.5861e-02, PNorm = 70.4657, GNorm = 0.5729, lr_0 = 7.8937e-04
Loss = 1.7197e-02, PNorm = 70.4751, GNorm = 0.5183, lr_0 = 7.8960e-04
Loss = 2.0253e-02, PNorm = 70.4829, GNorm = 0.5377, lr_0 = 7.8982e-04
Loss = 2.0558e-02, PNorm = 70.4990, GNorm = 1.8950, lr_0 = 7.9005e-04
Loss = 1.8321e-02, PNorm = 70.5132, GNorm = 0.5456, lr_0 = 7.9027e-04
Loss = 2.5523e-02, PNorm = 70.5313, GNorm = 1.4789, lr_0 = 7.9050e-04
Loss = 1.8703e-02, PNorm = 70.5427, GNorm = 0.4606, lr_0 = 7.9072e-04
Loss = 2.3577e-02, PNorm = 70.5525, GNorm = 1.1356, lr_0 = 7.9095e-04
Loss = 2.2605e-02, PNorm = 70.5711, GNorm = 0.9485, lr_0 = 7.9117e-04
Loss = 2.2017e-02, PNorm = 70.5899, GNorm = 0.4730, lr_0 = 7.9140e-04
Loss = 2.0051e-02, PNorm = 70.6022, GNorm = 0.4604, lr_0 = 7.9162e-04
Loss = 2.2549e-02, PNorm = 70.6177, GNorm = 1.0065, lr_0 = 7.9185e-04
Loss = 2.0815e-02, PNorm = 70.6319, GNorm = 0.6774, lr_0 = 7.9208e-04
Loss = 1.8060e-02, PNorm = 70.6424, GNorm = 0.3749, lr_0 = 7.9230e-04
Loss = 2.1830e-02, PNorm = 70.6528, GNorm = 0.6396, lr_0 = 7.9253e-04
Loss = 1.9555e-02, PNorm = 70.6642, GNorm = 1.1189, lr_0 = 7.9275e-04
Loss = 2.5579e-02, PNorm = 70.6796, GNorm = 0.4105, lr_0 = 7.9298e-04
Loss = 2.4509e-02, PNorm = 70.6966, GNorm = 0.7272, lr_0 = 7.9320e-04
Loss = 1.9134e-02, PNorm = 70.7129, GNorm = 0.3410, lr_0 = 7.9343e-04
Loss = 1.9149e-02, PNorm = 70.7255, GNorm = 0.4554, lr_0 = 7.9365e-04
Loss = 1.9936e-02, PNorm = 70.7353, GNorm = 1.1258, lr_0 = 7.9388e-04
Loss = 2.2566e-02, PNorm = 70.7487, GNorm = 1.4741, lr_0 = 7.9410e-04
Loss = 2.8177e-02, PNorm = 70.7710, GNorm = 0.4983, lr_0 = 7.9433e-04
Loss = 2.8808e-02, PNorm = 70.7946, GNorm = 0.6791, lr_0 = 7.9455e-04
Loss = 2.5513e-02, PNorm = 70.8126, GNorm = 0.5441, lr_0 = 7.9478e-04
Loss = 2.7345e-02, PNorm = 70.8300, GNorm = 0.4137, lr_0 = 7.9501e-04
Loss = 2.3954e-02, PNorm = 70.8449, GNorm = 1.5072, lr_0 = 7.9523e-04
Loss = 2.0028e-02, PNorm = 70.8631, GNorm = 0.9079, lr_0 = 7.9546e-04
Loss = 2.0242e-02, PNorm = 70.8789, GNorm = 0.4291, lr_0 = 7.9568e-04
Loss = 2.1308e-02, PNorm = 70.8952, GNorm = 0.5768, lr_0 = 7.9591e-04
Loss = 2.0618e-02, PNorm = 70.9105, GNorm = 0.5032, lr_0 = 7.9613e-04
Loss = 2.1077e-02, PNorm = 70.9264, GNorm = 0.5450, lr_0 = 7.9636e-04
Loss = 2.3604e-02, PNorm = 70.9414, GNorm = 0.8282, lr_0 = 7.9658e-04
Loss = 2.1955e-02, PNorm = 70.9560, GNorm = 0.5006, lr_0 = 7.9681e-04
Loss = 2.3857e-02, PNorm = 70.9691, GNorm = 0.5286, lr_0 = 7.9703e-04
Loss = 2.4402e-02, PNorm = 70.9854, GNorm = 0.9330, lr_0 = 7.9726e-04
Loss = 2.2248e-02, PNorm = 71.0043, GNorm = 0.4479, lr_0 = 7.9749e-04
Loss = 2.2240e-02, PNorm = 71.0203, GNorm = 1.2777, lr_0 = 7.9771e-04
Loss = 2.4267e-02, PNorm = 71.0307, GNorm = 0.8422, lr_0 = 7.9794e-04
Loss = 2.5556e-02, PNorm = 71.0508, GNorm = 0.5779, lr_0 = 7.9816e-04
Loss = 3.0324e-02, PNorm = 71.0733, GNorm = 1.2581, lr_0 = 7.9839e-04
Loss = 2.3507e-02, PNorm = 71.0907, GNorm = 1.0176, lr_0 = 7.9861e-04
Loss = 2.6662e-02, PNorm = 71.1080, GNorm = 1.6497, lr_0 = 7.9884e-04
Loss = 2.6406e-02, PNorm = 71.1256, GNorm = 0.6280, lr_0 = 7.9906e-04
Loss = 2.2771e-02, PNorm = 71.1431, GNorm = 1.9611, lr_0 = 7.9929e-04
Loss = 2.5777e-02, PNorm = 71.1620, GNorm = 0.5822, lr_0 = 7.9951e-04
Loss = 2.4898e-02, PNorm = 71.1781, GNorm = 0.6762, lr_0 = 7.9974e-04
Loss = 2.7026e-02, PNorm = 71.1990, GNorm = 0.4625, lr_0 = 7.9996e-04
Loss = 2.2029e-02, PNorm = 71.2183, GNorm = 0.9157, lr_0 = 8.0019e-04
Loss = 2.6058e-02, PNorm = 71.2410, GNorm = 1.1871, lr_0 = 8.0042e-04
Loss = 2.2120e-02, PNorm = 71.2593, GNorm = 0.4149, lr_0 = 8.0064e-04
Loss = 2.6771e-02, PNorm = 71.2754, GNorm = 1.4777, lr_0 = 8.0087e-04
Loss = 2.1270e-02, PNorm = 71.2926, GNorm = 0.5763, lr_0 = 8.0109e-04
Loss = 2.2549e-02, PNorm = 71.3123, GNorm = 0.4228, lr_0 = 8.0132e-04
Loss = 2.3496e-02, PNorm = 71.3241, GNorm = 1.2130, lr_0 = 8.0154e-04
Loss = 2.2996e-02, PNorm = 71.3395, GNorm = 0.4250, lr_0 = 8.0177e-04
Loss = 2.5965e-02, PNorm = 71.3516, GNorm = 0.8519, lr_0 = 8.0199e-04
Loss = 2.1600e-02, PNorm = 71.3686, GNorm = 0.5440, lr_0 = 8.0222e-04
Loss = 2.7022e-02, PNorm = 71.3868, GNorm = 1.1694, lr_0 = 8.0244e-04
Loss = 2.3422e-02, PNorm = 71.4054, GNorm = 0.8115, lr_0 = 8.0267e-04
Loss = 2.4403e-02, PNorm = 71.4252, GNorm = 0.3608, lr_0 = 8.0290e-04
Loss = 2.0647e-02, PNorm = 71.4429, GNorm = 0.4994, lr_0 = 8.0312e-04
Loss = 1.8828e-02, PNorm = 71.4617, GNorm = 0.3910, lr_0 = 8.0335e-04
Loss = 2.4099e-02, PNorm = 71.4759, GNorm = 1.4083, lr_0 = 8.0357e-04
Loss = 2.5383e-02, PNorm = 71.4907, GNorm = 1.3119, lr_0 = 8.0380e-04
Loss = 2.1744e-02, PNorm = 71.5098, GNorm = 1.3185, lr_0 = 8.0402e-04
Loss = 2.4507e-02, PNorm = 71.5216, GNorm = 0.7483, lr_0 = 8.0425e-04
Loss = 3.0202e-02, PNorm = 71.5402, GNorm = 0.7725, lr_0 = 8.0447e-04
Loss = 2.5091e-02, PNorm = 71.5640, GNorm = 1.1544, lr_0 = 8.0470e-04
Loss = 2.6676e-02, PNorm = 71.5820, GNorm = 0.8114, lr_0 = 8.0492e-04
Loss = 2.7556e-02, PNorm = 71.6018, GNorm = 1.9395, lr_0 = 8.0515e-04
Loss = 2.6123e-02, PNorm = 71.6224, GNorm = 1.4530, lr_0 = 8.0537e-04
Loss = 2.3402e-02, PNorm = 71.6422, GNorm = 0.5789, lr_0 = 8.0560e-04
Loss = 3.0428e-02, PNorm = 71.6615, GNorm = 1.4576, lr_0 = 8.0583e-04
Loss = 2.7396e-02, PNorm = 71.6833, GNorm = 1.3700, lr_0 = 8.0605e-04
Loss = 2.9417e-02, PNorm = 71.7002, GNorm = 1.7279, lr_0 = 8.0628e-04
Loss = 2.5177e-02, PNorm = 71.7174, GNorm = 0.7379, lr_0 = 8.0650e-04
Loss = 2.5807e-02, PNorm = 71.7366, GNorm = 0.6291, lr_0 = 8.0673e-04
Loss = 2.6489e-02, PNorm = 71.7558, GNorm = 1.0422, lr_0 = 8.0695e-04
Loss = 2.1951e-02, PNorm = 71.7718, GNorm = 0.5959, lr_0 = 8.0718e-04
Loss = 2.0651e-02, PNorm = 71.7832, GNorm = 0.8474, lr_0 = 8.0740e-04
Loss = 2.2241e-02, PNorm = 71.7982, GNorm = 0.3949, lr_0 = 8.0763e-04
Loss = 2.0719e-02, PNorm = 71.8104, GNorm = 1.2392, lr_0 = 8.0785e-04
Loss = 2.1015e-02, PNorm = 71.8280, GNorm = 0.5180, lr_0 = 8.0808e-04
Loss = 2.7251e-02, PNorm = 71.8427, GNorm = 1.5097, lr_0 = 8.0831e-04
Loss = 2.5548e-02, PNorm = 71.8601, GNorm = 1.7948, lr_0 = 8.0853e-04
Loss = 2.4803e-02, PNorm = 71.8793, GNorm = 0.4803, lr_0 = 8.0876e-04
Loss = 2.5807e-02, PNorm = 71.9007, GNorm = 0.7767, lr_0 = 8.0898e-04
Loss = 2.2614e-02, PNorm = 71.9222, GNorm = 1.0566, lr_0 = 8.0921e-04
Loss = 2.0847e-02, PNorm = 71.9419, GNorm = 0.6436, lr_0 = 8.0943e-04
Loss = 2.1215e-02, PNorm = 71.9556, GNorm = 0.5222, lr_0 = 8.0966e-04
Loss = 2.3624e-02, PNorm = 71.9720, GNorm = 1.5084, lr_0 = 8.0988e-04
Loss = 2.1101e-02, PNorm = 71.9901, GNorm = 0.6748, lr_0 = 8.1011e-04
Loss = 2.3538e-02, PNorm = 72.0101, GNorm = 0.6292, lr_0 = 8.1033e-04
Loss = 2.2828e-02, PNorm = 72.0294, GNorm = 1.5907, lr_0 = 8.1056e-04
Loss = 3.2141e-02, PNorm = 72.0439, GNorm = 0.4659, lr_0 = 8.1078e-04
Loss = 2.9708e-02, PNorm = 72.0651, GNorm = 1.3438, lr_0 = 8.1101e-04
Loss = 3.3207e-02, PNorm = 72.0909, GNorm = 2.3408, lr_0 = 8.1124e-04
Loss = 2.7237e-02, PNorm = 72.1146, GNorm = 1.1828, lr_0 = 8.1146e-04
Loss = 2.4284e-02, PNorm = 72.1319, GNorm = 0.4040, lr_0 = 8.1169e-04
Loss = 2.6018e-02, PNorm = 72.1502, GNorm = 1.2389, lr_0 = 8.1191e-04
Loss = 2.3313e-02, PNorm = 72.1659, GNorm = 0.5365, lr_0 = 8.1214e-04
Loss = 2.6138e-02, PNorm = 72.1856, GNorm = 1.0895, lr_0 = 8.1236e-04
Loss = 2.4088e-02, PNorm = 72.2027, GNorm = 0.9248, lr_0 = 8.1259e-04
Loss = 2.3250e-02, PNorm = 72.2195, GNorm = 0.5154, lr_0 = 8.1281e-04
Loss = 2.2933e-02, PNorm = 72.2375, GNorm = 0.5858, lr_0 = 8.1304e-04
Loss = 2.2473e-02, PNorm = 72.2507, GNorm = 0.4598, lr_0 = 8.1326e-04
Loss = 2.0437e-02, PNorm = 72.2628, GNorm = 0.6852, lr_0 = 8.1349e-04
Loss = 2.3262e-02, PNorm = 72.2792, GNorm = 0.5936, lr_0 = 8.1372e-04
Loss = 1.8379e-02, PNorm = 72.2946, GNorm = 0.4015, lr_0 = 8.1394e-04
Loss = 2.2226e-02, PNorm = 72.3151, GNorm = 0.4912, lr_0 = 8.1417e-04
Loss = 2.0698e-02, PNorm = 72.3343, GNorm = 0.5031, lr_0 = 8.1439e-04
Loss = 2.2420e-02, PNorm = 72.3514, GNorm = 1.2796, lr_0 = 8.1462e-04
Loss = 2.6167e-02, PNorm = 72.3726, GNorm = 0.4694, lr_0 = 8.1484e-04
Loss = 2.2602e-02, PNorm = 72.3880, GNorm = 1.7731, lr_0 = 8.1507e-04
Loss = 2.1958e-02, PNorm = 72.4031, GNorm = 0.4085, lr_0 = 8.1529e-04
Loss = 2.0745e-02, PNorm = 72.4164, GNorm = 0.5141, lr_0 = 8.1552e-04
Loss = 2.1020e-02, PNorm = 72.4332, GNorm = 0.6905, lr_0 = 8.1574e-04
Loss = 1.8797e-02, PNorm = 72.4452, GNorm = 0.4054, lr_0 = 8.1597e-04
Loss = 1.8233e-02, PNorm = 72.4619, GNorm = 0.3753, lr_0 = 8.1619e-04
Loss = 2.1946e-02, PNorm = 72.4761, GNorm = 0.4565, lr_0 = 8.1642e-04
Loss = 2.2034e-02, PNorm = 72.4901, GNorm = 0.4048, lr_0 = 8.1665e-04
Loss = 2.3494e-02, PNorm = 72.5044, GNorm = 0.5138, lr_0 = 8.1687e-04
Loss = 1.9104e-02, PNorm = 72.5251, GNorm = 0.7636, lr_0 = 8.1710e-04
Loss = 2.2952e-02, PNorm = 72.5391, GNorm = 0.6915, lr_0 = 8.1732e-04
Loss = 2.3664e-02, PNorm = 72.5494, GNorm = 1.5323, lr_0 = 8.1755e-04
Loss = 2.6555e-02, PNorm = 72.5658, GNorm = 1.4376, lr_0 = 8.1777e-04
Loss = 2.8283e-02, PNorm = 72.5869, GNorm = 0.5368, lr_0 = 8.1800e-04
Loss = 2.2163e-02, PNorm = 72.6101, GNorm = 1.4296, lr_0 = 8.1822e-04
Loss = 2.5155e-02, PNorm = 72.6296, GNorm = 1.2774, lr_0 = 8.1845e-04
Loss = 2.5351e-02, PNorm = 72.6453, GNorm = 0.7913, lr_0 = 8.1867e-04
Loss = 2.5759e-02, PNorm = 72.6655, GNorm = 1.1909, lr_0 = 8.1890e-04
Loss = 2.1207e-02, PNorm = 72.6829, GNorm = 0.4623, lr_0 = 8.1913e-04
Loss = 2.2209e-02, PNorm = 72.7014, GNorm = 0.4628, lr_0 = 8.1935e-04
Loss = 2.1930e-02, PNorm = 72.7196, GNorm = 0.4518, lr_0 = 8.1958e-04
Loss = 2.9607e-02, PNorm = 72.7391, GNorm = 1.3304, lr_0 = 8.1980e-04
Loss = 2.6182e-02, PNorm = 72.7628, GNorm = 1.1182, lr_0 = 8.2003e-04
Loss = 3.0097e-02, PNorm = 72.7866, GNorm = 2.4126, lr_0 = 8.2025e-04
Loss = 2.5870e-02, PNorm = 72.8052, GNorm = 1.7039, lr_0 = 8.2048e-04
Loss = 2.5689e-02, PNorm = 72.8240, GNorm = 1.1282, lr_0 = 8.2070e-04
Loss = 2.8091e-02, PNorm = 72.8464, GNorm = 0.7821, lr_0 = 8.2093e-04
Loss = 2.9330e-02, PNorm = 72.8678, GNorm = 1.5364, lr_0 = 8.2115e-04
Loss = 2.6007e-02, PNorm = 72.8925, GNorm = 0.4920, lr_0 = 8.2138e-04
Loss = 2.2578e-02, PNorm = 72.9152, GNorm = 0.6336, lr_0 = 8.2160e-04
Loss = 2.3296e-02, PNorm = 72.9361, GNorm = 0.6756, lr_0 = 8.2183e-04
Loss = 2.6011e-02, PNorm = 72.9522, GNorm = 1.5237, lr_0 = 8.2206e-04
Loss = 2.3828e-02, PNorm = 72.9707, GNorm = 0.7064, lr_0 = 8.2228e-04
Loss = 2.5792e-02, PNorm = 72.9889, GNorm = 2.0204, lr_0 = 8.2251e-04
Loss = 2.6579e-02, PNorm = 73.0127, GNorm = 1.4823, lr_0 = 8.2273e-04
Loss = 2.6009e-02, PNorm = 73.0345, GNorm = 0.4708, lr_0 = 8.2296e-04
Loss = 2.6778e-02, PNorm = 73.0562, GNorm = 0.8663, lr_0 = 8.2318e-04
Loss = 2.3392e-02, PNorm = 73.0749, GNorm = 0.4991, lr_0 = 8.2341e-04
Loss = 2.4780e-02, PNorm = 73.0977, GNorm = 0.6173, lr_0 = 8.2363e-04
Loss = 2.0100e-02, PNorm = 73.1172, GNorm = 0.7818, lr_0 = 8.2386e-04
Loss = 2.0183e-02, PNorm = 73.1319, GNorm = 0.4986, lr_0 = 8.2408e-04
Loss = 1.9005e-02, PNorm = 73.1464, GNorm = 1.1213, lr_0 = 8.2431e-04
Loss = 1.9242e-02, PNorm = 73.1576, GNorm = 0.6717, lr_0 = 8.2454e-04
Loss = 2.2989e-02, PNorm = 73.1696, GNorm = 1.9112, lr_0 = 8.2476e-04
Loss = 2.8388e-02, PNorm = 73.1882, GNorm = 1.0267, lr_0 = 8.2499e-04
Loss = 2.5670e-02, PNorm = 73.2111, GNorm = 1.2169, lr_0 = 8.2521e-04
Loss = 2.8194e-02, PNorm = 73.2361, GNorm = 0.6706, lr_0 = 8.2544e-04
Loss = 2.4972e-02, PNorm = 73.2604, GNorm = 0.7669, lr_0 = 8.2566e-04
Loss = 2.0011e-02, PNorm = 73.2750, GNorm = 0.3611, lr_0 = 8.2589e-04
Loss = 1.9102e-02, PNorm = 73.2886, GNorm = 0.9586, lr_0 = 8.2611e-04
Loss = 2.4421e-02, PNorm = 73.3041, GNorm = 0.7915, lr_0 = 8.2634e-04
Loss = 2.3744e-02, PNorm = 73.3221, GNorm = 0.4330, lr_0 = 8.2656e-04
Loss = 2.6664e-02, PNorm = 73.3389, GNorm = 1.5506, lr_0 = 8.2679e-04
Loss = 2.6007e-02, PNorm = 73.3615, GNorm = 0.8092, lr_0 = 8.2701e-04
Loss = 2.6212e-02, PNorm = 73.3775, GNorm = 0.5645, lr_0 = 8.2724e-04
Loss = 2.5253e-02, PNorm = 73.3947, GNorm = 0.8962, lr_0 = 8.2747e-04
Loss = 2.7091e-02, PNorm = 73.4140, GNorm = 0.7778, lr_0 = 8.2769e-04
Loss = 2.2535e-02, PNorm = 73.4324, GNorm = 2.0782, lr_0 = 8.2792e-04
Loss = 2.1363e-02, PNorm = 73.4519, GNorm = 0.8559, lr_0 = 8.2814e-04
Loss = 2.3608e-02, PNorm = 73.4693, GNorm = 0.4986, lr_0 = 8.2837e-04
Loss = 2.4479e-02, PNorm = 73.4910, GNorm = 1.3483, lr_0 = 8.2859e-04
Loss = 2.5171e-02, PNorm = 73.5101, GNorm = 1.2352, lr_0 = 8.2882e-04
Loss = 2.8069e-02, PNorm = 73.5259, GNorm = 0.6600, lr_0 = 8.2904e-04
Loss = 2.7038e-02, PNorm = 73.5464, GNorm = 0.4955, lr_0 = 8.2927e-04
Loss = 3.2279e-02, PNorm = 73.5693, GNorm = 0.9754, lr_0 = 8.2949e-04
Loss = 3.2064e-02, PNorm = 73.5964, GNorm = 1.7636, lr_0 = 8.2972e-04
Loss = 3.0491e-02, PNorm = 73.6189, GNorm = 1.6890, lr_0 = 8.2995e-04
Loss = 2.8039e-02, PNorm = 73.6439, GNorm = 1.0499, lr_0 = 8.3017e-04
Loss = 3.1933e-02, PNorm = 73.6691, GNorm = 0.9765, lr_0 = 8.3040e-04
Loss = 3.0136e-02, PNorm = 73.6949, GNorm = 0.4957, lr_0 = 8.3062e-04
Loss = 2.5118e-02, PNorm = 73.7176, GNorm = 0.8904, lr_0 = 8.3085e-04
Loss = 2.4372e-02, PNorm = 73.7343, GNorm = 0.7893, lr_0 = 8.3107e-04
Loss = 2.0765e-02, PNorm = 73.7534, GNorm = 0.8503, lr_0 = 8.3130e-04
Loss = 2.3202e-02, PNorm = 73.7691, GNorm = 0.4502, lr_0 = 8.3152e-04
Loss = 2.7744e-02, PNorm = 73.7839, GNorm = 0.7647, lr_0 = 8.3175e-04
Loss = 2.6161e-02, PNorm = 73.8083, GNorm = 0.8109, lr_0 = 8.3197e-04
Loss = 2.4024e-02, PNorm = 73.8310, GNorm = 1.0379, lr_0 = 8.3220e-04
Loss = 2.8010e-02, PNorm = 73.8528, GNorm = 0.4422, lr_0 = 8.3242e-04
Loss = 2.5179e-02, PNorm = 73.8769, GNorm = 0.3078, lr_0 = 8.3265e-04
Loss = 2.1970e-02, PNorm = 73.9004, GNorm = 0.4465, lr_0 = 8.3288e-04
Loss = 2.6482e-02, PNorm = 73.9187, GNorm = 0.4292, lr_0 = 8.3310e-04
Loss = 3.1418e-02, PNorm = 73.9388, GNorm = 0.4326, lr_0 = 8.3333e-04
Loss = 2.6421e-02, PNorm = 73.9624, GNorm = 0.3804, lr_0 = 8.3355e-04
Loss = 2.6523e-02, PNorm = 73.9779, GNorm = 0.9430, lr_0 = 8.3378e-04
Loss = 3.2286e-02, PNorm = 74.0053, GNorm = 1.4793, lr_0 = 8.3400e-04
Loss = 3.0531e-02, PNorm = 74.0306, GNorm = 1.6143, lr_0 = 8.3423e-04
Loss = 3.6203e-02, PNorm = 74.0567, GNorm = 2.8001, lr_0 = 8.3445e-04
Loss = 2.9942e-02, PNorm = 74.0820, GNorm = 0.5992, lr_0 = 8.3468e-04
Loss = 2.8195e-02, PNorm = 74.1041, GNorm = 0.6175, lr_0 = 8.3490e-04
Loss = 2.4227e-02, PNorm = 74.1205, GNorm = 0.6081, lr_0 = 8.3513e-04
Loss = 2.7918e-02, PNorm = 74.1417, GNorm = 1.2553, lr_0 = 8.3536e-04
Loss = 2.6735e-02, PNorm = 74.1636, GNorm = 2.6437, lr_0 = 8.3558e-04
Loss = 2.8217e-02, PNorm = 74.1848, GNorm = 1.7579, lr_0 = 8.3581e-04
Loss = 2.4053e-02, PNorm = 74.2045, GNorm = 0.6859, lr_0 = 8.3603e-04
Loss = 2.1359e-02, PNorm = 74.2237, GNorm = 0.5062, lr_0 = 8.3626e-04
Loss = 2.1896e-02, PNorm = 74.2420, GNorm = 0.5721, lr_0 = 8.3648e-04
Loss = 2.1928e-02, PNorm = 74.2610, GNorm = 0.5331, lr_0 = 8.3671e-04
Loss = 1.9396e-02, PNorm = 74.2752, GNorm = 0.5748, lr_0 = 8.3693e-04
Loss = 1.9092e-02, PNorm = 74.2896, GNorm = 0.3425, lr_0 = 8.3716e-04
Loss = 2.4671e-02, PNorm = 74.3070, GNorm = 1.0605, lr_0 = 8.3738e-04
Loss = 2.1768e-02, PNorm = 74.3261, GNorm = 1.2860, lr_0 = 8.3761e-04
Loss = 2.2764e-02, PNorm = 74.3470, GNorm = 1.1427, lr_0 = 8.3783e-04
Loss = 2.7107e-02, PNorm = 74.3695, GNorm = 0.7280, lr_0 = 8.3806e-04
Loss = 2.3071e-02, PNorm = 74.3924, GNorm = 1.3658, lr_0 = 8.3829e-04
Loss = 2.1814e-02, PNorm = 74.4077, GNorm = 0.6080, lr_0 = 8.3851e-04
Loss = 2.1600e-02, PNorm = 74.4227, GNorm = 0.3814, lr_0 = 8.3874e-04
Loss = 2.6030e-02, PNorm = 74.4419, GNorm = 0.4220, lr_0 = 8.3896e-04
Loss = 1.9145e-02, PNorm = 74.4607, GNorm = 0.9719, lr_0 = 8.3919e-04
Loss = 2.4091e-02, PNorm = 74.4766, GNorm = 0.5360, lr_0 = 8.3941e-04
Loss = 2.2519e-02, PNorm = 74.5002, GNorm = 0.4484, lr_0 = 8.3964e-04
Loss = 2.6211e-02, PNorm = 74.5217, GNorm = 0.3982, lr_0 = 8.3986e-04
Loss = 2.5172e-02, PNorm = 74.5420, GNorm = 0.6600, lr_0 = 8.4009e-04
Loss = 1.9583e-02, PNorm = 74.5614, GNorm = 0.5323, lr_0 = 8.4031e-04
Loss = 2.1158e-02, PNorm = 74.5769, GNorm = 0.2889, lr_0 = 8.4054e-04
Loss = 2.0873e-02, PNorm = 74.5981, GNorm = 0.5184, lr_0 = 8.4077e-04
Loss = 2.1694e-02, PNorm = 74.6179, GNorm = 0.6638, lr_0 = 8.4099e-04
Loss = 2.1730e-02, PNorm = 74.6373, GNorm = 0.8589, lr_0 = 8.4122e-04
Loss = 1.8448e-02, PNorm = 74.6528, GNorm = 0.5875, lr_0 = 8.4144e-04
Loss = 1.7938e-02, PNorm = 74.6657, GNorm = 0.3870, lr_0 = 8.4167e-04
Loss = 1.7761e-02, PNorm = 74.6794, GNorm = 0.8797, lr_0 = 8.4189e-04
Loss = 1.9995e-02, PNorm = 74.6931, GNorm = 0.4292, lr_0 = 8.4212e-04
Loss = 1.7443e-02, PNorm = 74.7081, GNorm = 0.7877, lr_0 = 8.4234e-04
Loss = 1.8761e-02, PNorm = 74.7230, GNorm = 1.0633, lr_0 = 8.4257e-04
Loss = 1.9468e-02, PNorm = 74.7414, GNorm = 0.5571, lr_0 = 8.4279e-04
Loss = 1.8331e-02, PNorm = 74.7543, GNorm = 0.7241, lr_0 = 8.4302e-04
Loss = 1.8471e-02, PNorm = 74.7648, GNorm = 0.3189, lr_0 = 8.4325e-04
Loss = 1.5564e-02, PNorm = 74.7780, GNorm = 0.3858, lr_0 = 8.4347e-04
Loss = 1.9921e-02, PNorm = 74.7898, GNorm = 0.8802, lr_0 = 8.4370e-04
Loss = 2.1117e-02, PNorm = 74.8026, GNorm = 0.4984, lr_0 = 8.4392e-04
Loss = 2.3734e-02, PNorm = 74.8201, GNorm = 1.5237, lr_0 = 8.4415e-04
Loss = 2.0295e-02, PNorm = 74.8387, GNorm = 0.6100, lr_0 = 8.4437e-04
Loss = 2.3644e-02, PNorm = 74.8588, GNorm = 0.5259, lr_0 = 8.4460e-04
Loss = 2.2187e-02, PNorm = 74.8729, GNorm = 1.4126, lr_0 = 8.4482e-04
Loss = 1.9801e-02, PNorm = 74.8901, GNorm = 0.6334, lr_0 = 8.4505e-04
Loss = 1.9340e-02, PNorm = 74.9075, GNorm = 0.9755, lr_0 = 8.4527e-04
Loss = 1.8754e-02, PNorm = 74.9228, GNorm = 0.4123, lr_0 = 8.4550e-04
Loss = 2.0853e-02, PNorm = 74.9421, GNorm = 0.6188, lr_0 = 8.4572e-04
Loss = 1.9917e-02, PNorm = 74.9586, GNorm = 1.4892, lr_0 = 8.4595e-04
Loss = 1.7349e-02, PNorm = 74.9725, GNorm = 0.9795, lr_0 = 8.4618e-04
Loss = 2.5038e-02, PNorm = 74.9880, GNorm = 1.3740, lr_0 = 8.4640e-04
Loss = 1.8495e-02, PNorm = 75.0019, GNorm = 0.4139, lr_0 = 8.4663e-04
Loss = 1.9337e-02, PNorm = 75.0132, GNorm = 0.4426, lr_0 = 8.4685e-04
Loss = 1.8891e-02, PNorm = 75.0272, GNorm = 0.4300, lr_0 = 8.4708e-04
Loss = 1.7731e-02, PNorm = 75.0451, GNorm = 1.1307, lr_0 = 8.4730e-04
Loss = 1.5955e-02, PNorm = 75.0590, GNorm = 0.4988, lr_0 = 8.4753e-04
Loss = 2.1140e-02, PNorm = 75.0733, GNorm = 0.9163, lr_0 = 8.4775e-04
Loss = 2.5239e-02, PNorm = 75.0872, GNorm = 1.5055, lr_0 = 8.4798e-04
Loss = 2.6334e-02, PNorm = 75.1063, GNorm = 0.7466, lr_0 = 8.4820e-04
Loss = 2.4360e-02, PNorm = 75.1284, GNorm = 1.3010, lr_0 = 8.4843e-04
Loss = 2.1963e-02, PNorm = 75.1489, GNorm = 1.0252, lr_0 = 8.4866e-04
Loss = 1.7087e-02, PNorm = 75.1623, GNorm = 0.4706, lr_0 = 8.4888e-04
Loss = 2.0505e-02, PNorm = 75.1788, GNorm = 0.5945, lr_0 = 8.4911e-04
Loss = 2.0296e-02, PNorm = 75.1940, GNorm = 1.0994, lr_0 = 8.4933e-04
Loss = 2.0119e-02, PNorm = 75.2135, GNorm = 0.4663, lr_0 = 8.4956e-04
Loss = 2.0752e-02, PNorm = 75.2290, GNorm = 0.6061, lr_0 = 8.4978e-04
Loss = 2.2549e-02, PNorm = 75.2482, GNorm = 0.4856, lr_0 = 8.5001e-04
Loss = 2.2697e-02, PNorm = 75.2662, GNorm = 0.4656, lr_0 = 8.5023e-04
Loss = 2.3016e-02, PNorm = 75.2811, GNorm = 0.4751, lr_0 = 8.5046e-04
Loss = 2.0177e-02, PNorm = 75.2991, GNorm = 0.8231, lr_0 = 8.5068e-04
Loss = 1.6963e-02, PNorm = 75.3185, GNorm = 0.8504, lr_0 = 8.5091e-04
Loss = 2.1038e-02, PNorm = 75.3340, GNorm = 0.4097, lr_0 = 8.5113e-04
Loss = 1.8021e-02, PNorm = 75.3521, GNorm = 0.4754, lr_0 = 8.5136e-04
Loss = 1.5648e-02, PNorm = 75.3672, GNorm = 0.5403, lr_0 = 8.5159e-04
Loss = 1.6833e-02, PNorm = 75.3807, GNorm = 0.3959, lr_0 = 8.5181e-04
Loss = 1.5925e-02, PNorm = 75.3922, GNorm = 0.6310, lr_0 = 8.5204e-04
Loss = 1.4293e-02, PNorm = 75.4025, GNorm = 0.7122, lr_0 = 8.5226e-04
Loss = 2.0307e-02, PNorm = 75.4188, GNorm = 1.0636, lr_0 = 8.5249e-04
Loss = 1.7402e-02, PNorm = 75.4331, GNorm = 1.1120, lr_0 = 8.5271e-04
Loss = 1.9362e-02, PNorm = 75.4451, GNorm = 0.8696, lr_0 = 8.5294e-04
Loss = 2.1195e-02, PNorm = 75.4593, GNorm = 0.9859, lr_0 = 8.5316e-04
Loss = 1.7472e-02, PNorm = 75.4761, GNorm = 0.6278, lr_0 = 8.5339e-04
Loss = 1.8957e-02, PNorm = 75.4860, GNorm = 0.6964, lr_0 = 8.5361e-04
Loss = 2.0166e-02, PNorm = 75.4952, GNorm = 0.8022, lr_0 = 8.5384e-04
Loss = 2.5795e-02, PNorm = 75.5166, GNorm = 0.9347, lr_0 = 8.5407e-04
Loss = 2.5425e-02, PNorm = 75.5393, GNorm = 0.7813, lr_0 = 8.5429e-04
Loss = 2.0300e-02, PNorm = 75.5605, GNorm = 0.7050, lr_0 = 8.5452e-04
Loss = 2.3025e-02, PNorm = 75.5867, GNorm = 0.8715, lr_0 = 8.5474e-04
Loss = 2.2544e-02, PNorm = 75.6058, GNorm = 0.3179, lr_0 = 8.5497e-04
Loss = 2.2838e-02, PNorm = 75.6220, GNorm = 0.9935, lr_0 = 8.5519e-04
Loss = 2.0809e-02, PNorm = 75.6420, GNorm = 0.4174, lr_0 = 8.5542e-04
Loss = 1.9207e-02, PNorm = 75.6608, GNorm = 0.3273, lr_0 = 8.5564e-04
Loss = 1.9027e-02, PNorm = 75.6819, GNorm = 1.0207, lr_0 = 8.5587e-04
Loss = 1.8696e-02, PNorm = 75.6985, GNorm = 0.5590, lr_0 = 8.5609e-04
Loss = 1.8866e-02, PNorm = 75.7134, GNorm = 0.8975, lr_0 = 8.5632e-04
Loss = 2.2414e-02, PNorm = 75.7310, GNorm = 0.4759, lr_0 = 8.5654e-04
Loss = 1.8491e-02, PNorm = 75.7461, GNorm = 0.7344, lr_0 = 8.5677e-04
Loss = 1.8431e-02, PNorm = 75.7623, GNorm = 0.9971, lr_0 = 8.5700e-04
Loss = 1.7930e-02, PNorm = 75.7804, GNorm = 1.0452, lr_0 = 8.5722e-04
Loss = 2.1198e-02, PNorm = 75.7978, GNorm = 1.7563, lr_0 = 8.5745e-04
Loss = 2.5779e-02, PNorm = 75.8182, GNorm = 0.3477, lr_0 = 8.5767e-04
Loss = 2.3204e-02, PNorm = 75.8410, GNorm = 0.5634, lr_0 = 8.5790e-04
Loss = 2.7119e-02, PNorm = 75.8677, GNorm = 0.5212, lr_0 = 8.5812e-04
Loss = 2.3558e-02, PNorm = 75.8909, GNorm = 1.0434, lr_0 = 8.5835e-04
Loss = 2.7482e-02, PNorm = 75.9144, GNorm = 1.9440, lr_0 = 8.5857e-04
Loss = 2.9981e-02, PNorm = 75.9429, GNorm = 0.4807, lr_0 = 8.5880e-04
Loss = 3.0428e-02, PNorm = 75.9698, GNorm = 1.3372, lr_0 = 8.5902e-04
Loss = 2.9753e-02, PNorm = 75.9974, GNorm = 1.2474, lr_0 = 8.5925e-04
Loss = 2.5460e-02, PNorm = 76.0262, GNorm = 0.4061, lr_0 = 8.5948e-04
Loss = 2.3994e-02, PNorm = 76.0444, GNorm = 0.4009, lr_0 = 8.5970e-04
Loss = 2.0893e-02, PNorm = 76.0622, GNorm = 0.4517, lr_0 = 8.5993e-04
Loss = 2.2209e-02, PNorm = 76.0812, GNorm = 0.5531, lr_0 = 8.6015e-04
Loss = 2.1333e-02, PNorm = 76.1055, GNorm = 0.3684, lr_0 = 8.6038e-04
Loss = 2.0212e-02, PNorm = 76.1248, GNorm = 1.0878, lr_0 = 8.6060e-04
Loss = 2.3641e-02, PNorm = 76.1401, GNorm = 1.3283, lr_0 = 8.6083e-04
Loss = 2.5067e-02, PNorm = 76.1570, GNorm = 1.0556, lr_0 = 8.6105e-04
Loss = 2.9863e-02, PNorm = 76.1790, GNorm = 2.2647, lr_0 = 8.6128e-04
Loss = 2.3340e-02, PNorm = 76.2029, GNorm = 0.5855, lr_0 = 8.6150e-04
Loss = 2.5844e-02, PNorm = 76.2290, GNorm = 0.4252, lr_0 = 8.6173e-04
Loss = 2.0398e-02, PNorm = 76.2549, GNorm = 0.6101, lr_0 = 8.6195e-04
Loss = 2.1350e-02, PNorm = 76.2741, GNorm = 0.6998, lr_0 = 8.6218e-04
Loss = 2.0753e-02, PNorm = 76.2970, GNorm = 0.4089, lr_0 = 8.6241e-04
Loss = 2.1102e-02, PNorm = 76.3191, GNorm = 1.6172, lr_0 = 8.6263e-04
Loss = 1.7581e-02, PNorm = 76.3374, GNorm = 0.4691, lr_0 = 8.6286e-04
Loss = 1.8465e-02, PNorm = 76.3526, GNorm = 0.5098, lr_0 = 8.6308e-04
Loss = 1.8781e-02, PNorm = 76.3753, GNorm = 0.4427, lr_0 = 8.6331e-04
Loss = 1.9414e-02, PNorm = 76.3910, GNorm = 1.4080, lr_0 = 8.6353e-04
Loss = 2.2427e-02, PNorm = 76.4098, GNorm = 1.3120, lr_0 = 8.6376e-04
Loss = 2.2041e-02, PNorm = 76.4321, GNorm = 0.5866, lr_0 = 8.6398e-04
Loss = 2.1237e-02, PNorm = 76.4506, GNorm = 1.1585, lr_0 = 8.6421e-04
Loss = 1.9855e-02, PNorm = 76.4645, GNorm = 0.7992, lr_0 = 8.6443e-04
Loss = 1.7698e-02, PNorm = 76.4784, GNorm = 0.5595, lr_0 = 8.6466e-04
Loss = 2.3344e-02, PNorm = 76.5009, GNorm = 0.4747, lr_0 = 8.6489e-04
Loss = 2.1927e-02, PNorm = 76.5168, GNorm = 0.4586, lr_0 = 8.6511e-04
Loss = 2.3288e-02, PNorm = 76.5357, GNorm = 1.5587, lr_0 = 8.6534e-04
Loss = 2.6839e-02, PNorm = 76.5535, GNorm = 1.6608, lr_0 = 8.6556e-04
Loss = 1.9614e-02, PNorm = 76.5721, GNorm = 1.0164, lr_0 = 8.6579e-04
Loss = 2.0174e-02, PNorm = 76.5838, GNorm = 0.6806, lr_0 = 8.6601e-04
Loss = 2.1178e-02, PNorm = 76.6014, GNorm = 0.4930, lr_0 = 8.6624e-04
Loss = 2.2755e-02, PNorm = 76.6192, GNorm = 0.7431, lr_0 = 8.6646e-04
Loss = 2.4331e-02, PNorm = 76.6357, GNorm = 1.1272, lr_0 = 8.6669e-04
Loss = 1.8201e-02, PNorm = 76.6521, GNorm = 0.6668, lr_0 = 8.6691e-04
Loss = 2.0030e-02, PNorm = 76.6692, GNorm = 0.6006, lr_0 = 8.6714e-04
Loss = 1.9231e-02, PNorm = 76.6855, GNorm = 0.4260, lr_0 = 8.6736e-04
Loss = 2.0518e-02, PNorm = 76.7050, GNorm = 0.3991, lr_0 = 8.6759e-04
Loss = 1.9340e-02, PNorm = 76.7256, GNorm = 0.6923, lr_0 = 8.6782e-04
Loss = 1.6679e-02, PNorm = 76.7407, GNorm = 0.4501, lr_0 = 8.6804e-04
Loss = 1.9238e-02, PNorm = 76.7575, GNorm = 0.5584, lr_0 = 8.6827e-04
Loss = 1.9314e-02, PNorm = 76.7757, GNorm = 0.6449, lr_0 = 8.6849e-04
Loss = 1.9434e-02, PNorm = 76.7883, GNorm = 0.3170, lr_0 = 8.6872e-04
Loss = 1.6497e-02, PNorm = 76.8061, GNorm = 0.5439, lr_0 = 8.6894e-04
Loss = 1.7911e-02, PNorm = 76.8215, GNorm = 1.3387, lr_0 = 8.6917e-04
Loss = 1.8045e-02, PNorm = 76.8366, GNorm = 0.3820, lr_0 = 8.6939e-04
Loss = 1.9219e-02, PNorm = 76.8530, GNorm = 0.6552, lr_0 = 8.6962e-04
Loss = 1.9027e-02, PNorm = 76.8729, GNorm = 0.4800, lr_0 = 8.6984e-04
Loss = 1.6511e-02, PNorm = 76.8893, GNorm = 0.5401, lr_0 = 8.7007e-04
Loss = 2.0529e-02, PNorm = 76.9046, GNorm = 0.4270, lr_0 = 8.7030e-04
Loss = 2.2409e-02, PNorm = 76.9188, GNorm = 0.3725, lr_0 = 8.7052e-04
Loss = 1.7358e-02, PNorm = 76.9351, GNorm = 0.6889, lr_0 = 8.7075e-04
Loss = 1.5993e-02, PNorm = 76.9535, GNorm = 1.1303, lr_0 = 8.7097e-04
Loss = 2.0129e-02, PNorm = 76.9667, GNorm = 0.5948, lr_0 = 8.7120e-04
Loss = 1.8945e-02, PNorm = 76.9837, GNorm = 0.3580, lr_0 = 8.7142e-04
Loss = 2.1060e-02, PNorm = 77.0031, GNorm = 0.8273, lr_0 = 8.7165e-04
Loss = 1.7058e-02, PNorm = 77.0269, GNorm = 0.4374, lr_0 = 8.7187e-04
Loss = 1.8578e-02, PNorm = 77.0429, GNorm = 0.4259, lr_0 = 8.7210e-04
Loss = 1.8092e-02, PNorm = 77.0627, GNorm = 0.5748, lr_0 = 8.7232e-04
Loss = 1.7482e-02, PNorm = 77.0766, GNorm = 1.0059, lr_0 = 8.7255e-04
Loss = 1.8345e-02, PNorm = 77.0930, GNorm = 0.8333, lr_0 = 8.7277e-04
Loss = 2.2142e-02, PNorm = 77.1116, GNorm = 0.8408, lr_0 = 8.7300e-04
Loss = 2.5942e-02, PNorm = 77.1303, GNorm = 1.4942, lr_0 = 8.7323e-04
Loss = 2.2673e-02, PNorm = 77.1548, GNorm = 0.3962, lr_0 = 8.7345e-04
Loss = 2.5650e-02, PNorm = 77.1828, GNorm = 1.2222, lr_0 = 8.7368e-04
Loss = 2.1203e-02, PNorm = 77.2035, GNorm = 0.8002, lr_0 = 8.7390e-04
Loss = 2.4846e-02, PNorm = 77.2235, GNorm = 0.6672, lr_0 = 8.7413e-04
Loss = 2.8383e-02, PNorm = 77.2512, GNorm = 1.0057, lr_0 = 8.7435e-04
Loss = 1.8533e-02, PNorm = 77.2738, GNorm = 1.2551, lr_0 = 8.7458e-04
Loss = 2.2263e-02, PNorm = 77.2956, GNorm = 1.1698, lr_0 = 8.7480e-04
Loss = 2.8986e-02, PNorm = 77.3164, GNorm = 1.1439, lr_0 = 8.7503e-04
Loss = 2.7062e-02, PNorm = 77.3395, GNorm = 0.6834, lr_0 = 8.7525e-04
Loss = 2.4232e-02, PNorm = 77.3640, GNorm = 1.2722, lr_0 = 8.7548e-04
Loss = 2.1913e-02, PNorm = 77.3863, GNorm = 1.1510, lr_0 = 8.7571e-04
Loss = 2.2449e-02, PNorm = 77.4051, GNorm = 0.8123, lr_0 = 8.7593e-04
Loss = 2.3533e-02, PNorm = 77.4280, GNorm = 0.5968, lr_0 = 8.7616e-04
Loss = 2.9411e-02, PNorm = 77.4522, GNorm = 1.1437, lr_0 = 8.7638e-04
Loss = 2.1364e-02, PNorm = 77.4767, GNorm = 0.9747, lr_0 = 8.7661e-04
Loss = 2.0511e-02, PNorm = 77.5011, GNorm = 0.8599, lr_0 = 8.7683e-04
Loss = 2.0081e-02, PNorm = 77.5235, GNorm = 0.3520, lr_0 = 8.7706e-04
Loss = 2.2294e-02, PNorm = 77.5395, GNorm = 1.6370, lr_0 = 8.7728e-04
Loss = 2.4757e-02, PNorm = 77.5572, GNorm = 1.8223, lr_0 = 8.7751e-04
Loss = 2.7411e-02, PNorm = 77.5798, GNorm = 1.9525, lr_0 = 8.7773e-04
Loss = 2.6330e-02, PNorm = 77.6032, GNorm = 1.0635, lr_0 = 8.7796e-04
Loss = 2.1565e-02, PNorm = 77.6284, GNorm = 0.9240, lr_0 = 8.7818e-04
Loss = 2.0670e-02, PNorm = 77.6507, GNorm = 0.8534, lr_0 = 8.7841e-04
Loss = 2.0186e-02, PNorm = 77.6689, GNorm = 0.6967, lr_0 = 8.7864e-04
Loss = 2.2761e-02, PNorm = 77.6883, GNorm = 0.7543, lr_0 = 8.7886e-04
Loss = 2.2667e-02, PNorm = 77.7130, GNorm = 0.4944, lr_0 = 8.7909e-04
Loss = 2.3284e-02, PNorm = 77.7353, GNorm = 0.9342, lr_0 = 8.7931e-04
Loss = 2.3009e-02, PNorm = 77.7575, GNorm = 1.4608, lr_0 = 8.7954e-04
Loss = 2.7984e-02, PNorm = 77.7820, GNorm = 0.6854, lr_0 = 8.7976e-04
Loss = 2.1461e-02, PNorm = 77.8029, GNorm = 0.5477, lr_0 = 8.7999e-04
Loss = 2.4096e-02, PNorm = 77.8245, GNorm = 0.4462, lr_0 = 8.8021e-04
Loss = 2.9902e-02, PNorm = 77.8441, GNorm = 0.9608, lr_0 = 8.8044e-04
Loss = 2.9298e-02, PNorm = 77.8680, GNorm = 1.7475, lr_0 = 8.8066e-04
Loss = 3.0475e-02, PNorm = 77.8931, GNorm = 0.4630, lr_0 = 8.8089e-04
Loss = 2.1245e-02, PNorm = 77.9167, GNorm = 0.3972, lr_0 = 8.8112e-04
Loss = 2.0459e-02, PNorm = 77.9407, GNorm = 1.0357, lr_0 = 8.8134e-04
Loss = 1.8007e-02, PNorm = 77.9611, GNorm = 0.7553, lr_0 = 8.8157e-04
Loss = 1.8219e-02, PNorm = 77.9790, GNorm = 1.2299, lr_0 = 8.8179e-04
Loss = 2.1290e-02, PNorm = 77.9938, GNorm = 0.4822, lr_0 = 8.8202e-04
Loss = 2.1391e-02, PNorm = 78.0093, GNorm = 0.5251, lr_0 = 8.8224e-04
Loss = 1.8352e-02, PNorm = 78.0279, GNorm = 0.5313, lr_0 = 8.8247e-04
Loss = 1.8999e-02, PNorm = 78.0476, GNorm = 0.4012, lr_0 = 8.8269e-04
Loss = 1.9243e-02, PNorm = 78.0664, GNorm = 1.4328, lr_0 = 8.8292e-04
Loss = 2.0465e-02, PNorm = 78.0883, GNorm = 0.4318, lr_0 = 8.8314e-04
Loss = 2.0393e-02, PNorm = 78.1114, GNorm = 0.3776, lr_0 = 8.8337e-04
Loss = 2.2376e-02, PNorm = 78.1307, GNorm = 1.5194, lr_0 = 8.8359e-04
Loss = 2.0129e-02, PNorm = 78.1458, GNorm = 1.1584, lr_0 = 8.8382e-04
Loss = 1.9922e-02, PNorm = 78.1662, GNorm = 1.0754, lr_0 = 8.8405e-04
Loss = 2.1087e-02, PNorm = 78.1843, GNorm = 0.3233, lr_0 = 8.8427e-04
Loss = 2.0621e-02, PNorm = 78.2065, GNorm = 0.4183, lr_0 = 8.8450e-04
Loss = 1.8581e-02, PNorm = 78.2248, GNorm = 0.5185, lr_0 = 8.8472e-04
Loss = 1.8161e-02, PNorm = 78.2406, GNorm = 0.3366, lr_0 = 8.8495e-04
Loss = 2.2009e-02, PNorm = 78.2572, GNorm = 0.8420, lr_0 = 8.8517e-04
Loss = 2.1505e-02, PNorm = 78.2788, GNorm = 0.7321, lr_0 = 8.8540e-04
Loss = 2.0287e-02, PNorm = 78.2964, GNorm = 0.4231, lr_0 = 8.8562e-04
Loss = 1.7624e-02, PNorm = 78.3168, GNorm = 0.4455, lr_0 = 8.8585e-04
Loss = 1.7351e-02, PNorm = 78.3348, GNorm = 0.6788, lr_0 = 8.8607e-04
Loss = 1.8210e-02, PNorm = 78.3485, GNorm = 0.3464, lr_0 = 8.8630e-04
Loss = 1.5354e-02, PNorm = 78.3620, GNorm = 0.7476, lr_0 = 8.8653e-04
Loss = 1.9128e-02, PNorm = 78.3767, GNorm = 0.4490, lr_0 = 8.8675e-04
Loss = 2.0265e-02, PNorm = 78.3886, GNorm = 1.1162, lr_0 = 8.8698e-04
Loss = 2.0959e-02, PNorm = 78.4069, GNorm = 1.1077, lr_0 = 8.8720e-04
Loss = 2.0864e-02, PNorm = 78.4281, GNorm = 0.9688, lr_0 = 8.8743e-04
Loss = 2.1022e-02, PNorm = 78.4409, GNorm = 0.6246, lr_0 = 8.8765e-04
Loss = 1.7919e-02, PNorm = 78.4559, GNorm = 0.3702, lr_0 = 8.8788e-04
Loss = 2.1674e-02, PNorm = 78.4726, GNorm = 0.4470, lr_0 = 8.8810e-04
Loss = 1.7310e-02, PNorm = 78.4913, GNorm = 1.1664, lr_0 = 8.8833e-04
Loss = 2.1923e-02, PNorm = 78.5107, GNorm = 0.3519, lr_0 = 8.8855e-04
Loss = 2.0571e-02, PNorm = 78.5279, GNorm = 0.7709, lr_0 = 8.8878e-04
Loss = 1.9137e-02, PNorm = 78.5476, GNorm = 0.5573, lr_0 = 8.8900e-04
Loss = 2.0917e-02, PNorm = 78.5664, GNorm = 0.3395, lr_0 = 8.8923e-04
Loss = 1.8981e-02, PNorm = 78.5875, GNorm = 1.0703, lr_0 = 8.8946e-04
Loss = 1.9632e-02, PNorm = 78.6044, GNorm = 0.8418, lr_0 = 8.8968e-04
Loss = 2.5794e-02, PNorm = 78.6254, GNorm = 1.7310, lr_0 = 8.8991e-04
Loss = 2.5783e-02, PNorm = 78.6490, GNorm = 0.8164, lr_0 = 8.9013e-04
Loss = 2.3048e-02, PNorm = 78.6733, GNorm = 1.5781, lr_0 = 8.9036e-04
Loss = 1.8994e-02, PNorm = 78.6961, GNorm = 0.8042, lr_0 = 8.9058e-04
Loss = 1.7883e-02, PNorm = 78.7156, GNorm = 0.5597, lr_0 = 8.9081e-04
Loss = 2.0748e-02, PNorm = 78.7358, GNorm = 1.2891, lr_0 = 8.9103e-04
Loss = 2.0606e-02, PNorm = 78.7535, GNorm = 0.5517, lr_0 = 8.9126e-04
Loss = 1.9379e-02, PNorm = 78.7686, GNorm = 1.6247, lr_0 = 8.9148e-04
Loss = 2.2758e-02, PNorm = 78.7848, GNorm = 1.3410, lr_0 = 8.9171e-04
Loss = 2.0816e-02, PNorm = 78.8030, GNorm = 0.6801, lr_0 = 8.9194e-04
Loss = 1.9558e-02, PNorm = 78.8153, GNorm = 0.3848, lr_0 = 8.9216e-04
Loss = 1.6248e-02, PNorm = 78.8306, GNorm = 0.6122, lr_0 = 8.9239e-04
Loss = 1.7537e-02, PNorm = 78.8499, GNorm = 1.2138, lr_0 = 8.9261e-04
Loss = 1.8499e-02, PNorm = 78.8682, GNorm = 1.2147, lr_0 = 8.9284e-04
Loss = 1.8324e-02, PNorm = 78.8876, GNorm = 0.3478, lr_0 = 8.9306e-04
Loss = 1.7120e-02, PNorm = 78.9071, GNorm = 0.2919, lr_0 = 8.9329e-04
Loss = 1.7343e-02, PNorm = 78.9230, GNorm = 0.3629, lr_0 = 8.9351e-04
Loss = 1.6832e-02, PNorm = 78.9371, GNorm = 0.7644, lr_0 = 8.9374e-04
Loss = 1.9227e-02, PNorm = 78.9551, GNorm = 0.9304, lr_0 = 8.9396e-04
Loss = 2.2396e-02, PNorm = 78.9725, GNorm = 0.3939, lr_0 = 8.9419e-04
Loss = 2.0084e-02, PNorm = 78.9874, GNorm = 0.5501, lr_0 = 8.9441e-04
Loss = 1.9879e-02, PNorm = 79.0045, GNorm = 1.0526, lr_0 = 8.9464e-04
Loss = 2.0117e-02, PNorm = 79.0232, GNorm = 0.9828, lr_0 = 8.9487e-04
Loss = 2.0341e-02, PNorm = 79.0403, GNorm = 1.3212, lr_0 = 8.9509e-04
Loss = 2.1623e-02, PNorm = 79.0638, GNorm = 0.9319, lr_0 = 8.9532e-04
Loss = 2.0544e-02, PNorm = 79.0823, GNorm = 0.7537, lr_0 = 8.9554e-04
Loss = 1.6996e-02, PNorm = 79.1025, GNorm = 0.4385, lr_0 = 8.9577e-04
Loss = 2.0392e-02, PNorm = 79.1215, GNorm = 0.4656, lr_0 = 8.9599e-04
Loss = 1.8665e-02, PNorm = 79.1374, GNorm = 0.4210, lr_0 = 8.9622e-04
Loss = 1.8170e-02, PNorm = 79.1512, GNorm = 0.8745, lr_0 = 8.9644e-04
Loss = 1.8002e-02, PNorm = 79.1681, GNorm = 0.9253, lr_0 = 8.9667e-04
Loss = 1.8642e-02, PNorm = 79.1848, GNorm = 1.1342, lr_0 = 8.9689e-04
Loss = 1.8936e-02, PNorm = 79.2029, GNorm = 1.6306, lr_0 = 8.9712e-04
Loss = 2.0327e-02, PNorm = 79.2211, GNorm = 0.8661, lr_0 = 8.9735e-04
Loss = 1.9745e-02, PNorm = 79.2384, GNorm = 0.4083, lr_0 = 8.9757e-04
Loss = 1.5972e-02, PNorm = 79.2574, GNorm = 0.4276, lr_0 = 8.9780e-04
Loss = 1.5525e-02, PNorm = 79.2758, GNorm = 0.3380, lr_0 = 8.9802e-04
Loss = 1.8654e-02, PNorm = 79.2927, GNorm = 0.3552, lr_0 = 8.9825e-04
Loss = 1.7175e-02, PNorm = 79.3092, GNorm = 0.4924, lr_0 = 8.9847e-04
Loss = 1.7955e-02, PNorm = 79.3239, GNorm = 1.4720, lr_0 = 8.9870e-04
Loss = 1.7156e-02, PNorm = 79.3420, GNorm = 0.4023, lr_0 = 8.9892e-04
Loss = 1.8542e-02, PNorm = 79.3593, GNorm = 0.7835, lr_0 = 8.9915e-04
Loss = 1.7764e-02, PNorm = 79.3743, GNorm = 0.5796, lr_0 = 8.9937e-04
Loss = 1.7760e-02, PNorm = 79.3898, GNorm = 1.3919, lr_0 = 8.9960e-04
Loss = 1.6864e-02, PNorm = 79.4101, GNorm = 0.4345, lr_0 = 8.9982e-04
Loss = 1.6895e-02, PNorm = 79.4247, GNorm = 0.6176, lr_0 = 9.0005e-04
Loss = 1.8925e-02, PNorm = 79.4397, GNorm = 1.6946, lr_0 = 9.0028e-04
Loss = 1.6621e-02, PNorm = 79.4580, GNorm = 0.5850, lr_0 = 9.0050e-04
Loss = 1.4138e-02, PNorm = 79.4769, GNorm = 0.3047, lr_0 = 9.0073e-04
Loss = 1.8331e-02, PNorm = 79.4891, GNorm = 0.3928, lr_0 = 9.0095e-04
Loss = 1.9345e-02, PNorm = 79.5063, GNorm = 0.4393, lr_0 = 9.0118e-04
Loss = 1.9608e-02, PNorm = 79.5269, GNorm = 0.7472, lr_0 = 9.0140e-04
Loss = 2.2183e-02, PNorm = 79.5459, GNorm = 0.5924, lr_0 = 9.0163e-04
Loss = 1.9660e-02, PNorm = 79.5635, GNorm = 0.5120, lr_0 = 9.0185e-04
Loss = 1.7888e-02, PNorm = 79.5790, GNorm = 0.5744, lr_0 = 9.0208e-04
Loss = 1.8502e-02, PNorm = 79.5940, GNorm = 0.4149, lr_0 = 9.0230e-04
Loss = 1.7114e-02, PNorm = 79.6072, GNorm = 0.6744, lr_0 = 9.0253e-04
Loss = 1.8572e-02, PNorm = 79.6277, GNorm = 1.4290, lr_0 = 9.0276e-04
Loss = 1.8521e-02, PNorm = 79.6418, GNorm = 0.5205, lr_0 = 9.0298e-04
Loss = 2.1408e-02, PNorm = 79.6586, GNorm = 0.4563, lr_0 = 9.0321e-04
Loss = 1.8085e-02, PNorm = 79.6794, GNorm = 1.7375, lr_0 = 9.0343e-04
Loss = 1.8723e-02, PNorm = 79.7004, GNorm = 1.2460, lr_0 = 9.0366e-04
Loss = 1.9002e-02, PNorm = 79.7199, GNorm = 0.6234, lr_0 = 9.0388e-04
Loss = 1.9808e-02, PNorm = 79.7424, GNorm = 0.7181, lr_0 = 9.0411e-04
Loss = 1.9861e-02, PNorm = 79.7677, GNorm = 0.3865, lr_0 = 9.0433e-04
Loss = 1.6780e-02, PNorm = 79.7833, GNorm = 0.3702, lr_0 = 9.0456e-04
Loss = 2.0046e-02, PNorm = 79.8021, GNorm = 0.6863, lr_0 = 9.0478e-04
Loss = 1.7098e-02, PNorm = 79.8203, GNorm = 0.4409, lr_0 = 9.0501e-04
Loss = 1.6452e-02, PNorm = 79.8381, GNorm = 0.4434, lr_0 = 9.0523e-04
Loss = 1.7218e-02, PNorm = 79.8545, GNorm = 0.7570, lr_0 = 9.0546e-04
Loss = 1.7520e-02, PNorm = 79.8693, GNorm = 0.4717, lr_0 = 9.0569e-04
Loss = 2.2479e-02, PNorm = 79.8900, GNorm = 1.7347, lr_0 = 9.0591e-04
Loss = 1.7570e-02, PNorm = 79.9037, GNorm = 0.3912, lr_0 = 9.0614e-04
Loss = 1.7136e-02, PNorm = 79.9220, GNorm = 0.2806, lr_0 = 9.0636e-04
Loss = 1.8683e-02, PNorm = 79.9428, GNorm = 0.4330, lr_0 = 9.0659e-04
Loss = 1.8725e-02, PNorm = 79.9554, GNorm = 1.2949, lr_0 = 9.0681e-04
Loss = 1.9882e-02, PNorm = 79.9768, GNorm = 0.3344, lr_0 = 9.0704e-04
Loss = 2.0671e-02, PNorm = 79.9949, GNorm = 0.3732, lr_0 = 9.0726e-04
Loss = 1.9465e-02, PNorm = 80.0159, GNorm = 0.5496, lr_0 = 9.0749e-04
Loss = 2.0327e-02, PNorm = 80.0404, GNorm = 1.1152, lr_0 = 9.0771e-04
Loss = 2.0841e-02, PNorm = 80.0641, GNorm = 0.8660, lr_0 = 9.0794e-04
Loss = 1.7075e-02, PNorm = 80.0876, GNorm = 0.3063, lr_0 = 9.0817e-04
Loss = 1.6873e-02, PNorm = 80.1085, GNorm = 0.7544, lr_0 = 9.0839e-04
Loss = 1.7564e-02, PNorm = 80.1243, GNorm = 0.8111, lr_0 = 9.0862e-04
Loss = 1.7878e-02, PNorm = 80.1395, GNorm = 0.3378, lr_0 = 9.0884e-04
Loss = 1.7931e-02, PNorm = 80.1524, GNorm = 0.7309, lr_0 = 9.0907e-04
Loss = 1.6022e-02, PNorm = 80.1718, GNorm = 0.3963, lr_0 = 9.0929e-04
Loss = 1.8432e-02, PNorm = 80.1871, GNorm = 0.5178, lr_0 = 9.0952e-04
Loss = 1.9109e-02, PNorm = 80.2114, GNorm = 0.3932, lr_0 = 9.0974e-04
Loss = 2.0468e-02, PNorm = 80.2320, GNorm = 1.2166, lr_0 = 9.0997e-04
Loss = 1.5454e-02, PNorm = 80.2535, GNorm = 0.6668, lr_0 = 9.1019e-04
Loss = 2.4583e-02, PNorm = 80.2709, GNorm = 0.6150, lr_0 = 9.1042e-04
Loss = 1.9220e-02, PNorm = 80.2886, GNorm = 0.6453, lr_0 = 9.1064e-04
Loss = 1.9050e-02, PNorm = 80.3042, GNorm = 0.3688, lr_0 = 9.1087e-04
Loss = 1.9675e-02, PNorm = 80.3205, GNorm = 0.4930, lr_0 = 9.1110e-04
Loss = 2.0035e-02, PNorm = 80.3407, GNorm = 0.4528, lr_0 = 9.1132e-04
Loss = 2.0310e-02, PNorm = 80.3628, GNorm = 0.7658, lr_0 = 9.1155e-04
Loss = 1.9432e-02, PNorm = 80.3873, GNorm = 0.7881, lr_0 = 9.1177e-04
Loss = 1.8130e-02, PNorm = 80.4058, GNorm = 0.4830, lr_0 = 9.1200e-04
Loss = 1.8038e-02, PNorm = 80.4194, GNorm = 1.4255, lr_0 = 9.1222e-04
Loss = 1.9981e-02, PNorm = 80.4365, GNorm = 0.8274, lr_0 = 9.1245e-04
Loss = 2.1943e-02, PNorm = 80.4595, GNorm = 0.4401, lr_0 = 9.1267e-04
Loss = 2.1545e-02, PNorm = 80.4847, GNorm = 0.4517, lr_0 = 9.1290e-04
Loss = 2.3496e-02, PNorm = 80.5057, GNorm = 0.3937, lr_0 = 9.1312e-04
Loss = 1.9367e-02, PNorm = 80.5252, GNorm = 0.3454, lr_0 = 9.1335e-04
Loss = 1.9548e-02, PNorm = 80.5461, GNorm = 0.8100, lr_0 = 9.1358e-04
Loss = 1.8504e-02, PNorm = 80.5687, GNorm = 0.4250, lr_0 = 9.1380e-04
Loss = 2.0928e-02, PNorm = 80.5903, GNorm = 1.7256, lr_0 = 9.1403e-04
Loss = 2.3679e-02, PNorm = 80.6115, GNorm = 0.6982, lr_0 = 9.1425e-04
Loss = 1.8435e-02, PNorm = 80.6367, GNorm = 1.4093, lr_0 = 9.1448e-04
Loss = 1.7017e-02, PNorm = 80.6586, GNorm = 0.4264, lr_0 = 9.1470e-04
Loss = 1.9772e-02, PNorm = 80.6805, GNorm = 0.6001, lr_0 = 9.1493e-04
Loss = 1.8063e-02, PNorm = 80.6998, GNorm = 0.2594, lr_0 = 9.1515e-04
Loss = 2.1870e-02, PNorm = 80.7248, GNorm = 0.5599, lr_0 = 9.1538e-04
Loss = 1.9480e-02, PNorm = 80.7490, GNorm = 0.3610, lr_0 = 9.1560e-04
Loss = 1.9991e-02, PNorm = 80.7709, GNorm = 0.5468, lr_0 = 9.1583e-04
Loss = 1.6334e-02, PNorm = 80.7946, GNorm = 0.2867, lr_0 = 9.1605e-04
Loss = 1.8811e-02, PNorm = 80.8146, GNorm = 1.1540, lr_0 = 9.1628e-04
Loss = 1.9274e-02, PNorm = 80.8387, GNorm = 0.3790, lr_0 = 9.1651e-04
Loss = 1.8595e-02, PNorm = 80.8648, GNorm = 0.5555, lr_0 = 9.1673e-04
Loss = 2.1026e-02, PNorm = 80.8785, GNorm = 0.8597, lr_0 = 9.1696e-04
Loss = 2.1597e-02, PNorm = 80.8979, GNorm = 0.5541, lr_0 = 9.1718e-04
Loss = 1.9733e-02, PNorm = 80.9208, GNorm = 1.1149, lr_0 = 9.1741e-04
Loss = 1.9284e-02, PNorm = 80.9423, GNorm = 1.1555, lr_0 = 9.1763e-04
Loss = 1.7634e-02, PNorm = 80.9637, GNorm = 0.3880, lr_0 = 9.1786e-04
Loss = 1.7805e-02, PNorm = 80.9828, GNorm = 1.0636, lr_0 = 9.1808e-04
Loss = 1.9892e-02, PNorm = 80.9980, GNorm = 0.5960, lr_0 = 9.1831e-04
Loss = 1.9292e-02, PNorm = 81.0177, GNorm = 0.6043, lr_0 = 9.1853e-04
Loss = 2.2419e-02, PNorm = 81.0391, GNorm = 0.7606, lr_0 = 9.1876e-04
Loss = 2.1750e-02, PNorm = 81.0580, GNorm = 0.9181, lr_0 = 9.1899e-04
Loss = 2.1263e-02, PNorm = 81.0791, GNorm = 0.3265, lr_0 = 9.1921e-04
Loss = 1.9378e-02, PNorm = 81.0996, GNorm = 0.6915, lr_0 = 9.1944e-04
Loss = 1.7737e-02, PNorm = 81.1231, GNorm = 0.8142, lr_0 = 9.1966e-04
Loss = 2.2518e-02, PNorm = 81.1457, GNorm = 0.4729, lr_0 = 9.1989e-04
Loss = 2.0654e-02, PNorm = 81.1667, GNorm = 1.2163, lr_0 = 9.2011e-04
Loss = 1.7112e-02, PNorm = 81.1870, GNorm = 0.5306, lr_0 = 9.2034e-04
Loss = 1.7166e-02, PNorm = 81.2093, GNorm = 0.6353, lr_0 = 9.2056e-04
Loss = 1.8245e-02, PNorm = 81.2318, GNorm = 0.4069, lr_0 = 9.2079e-04
Loss = 2.0152e-02, PNorm = 81.2536, GNorm = 1.3884, lr_0 = 9.2101e-04
Loss = 2.1364e-02, PNorm = 81.2774, GNorm = 0.5913, lr_0 = 9.2124e-04
Loss = 1.9131e-02, PNorm = 81.2978, GNorm = 0.9902, lr_0 = 9.2146e-04
Loss = 1.9187e-02, PNorm = 81.3229, GNorm = 0.7403, lr_0 = 9.2169e-04
Loss = 2.2397e-02, PNorm = 81.3438, GNorm = 0.8445, lr_0 = 9.2192e-04
Loss = 2.0013e-02, PNorm = 81.3601, GNorm = 0.4766, lr_0 = 9.2214e-04
Loss = 1.8576e-02, PNorm = 81.3791, GNorm = 0.4877, lr_0 = 9.2237e-04
Loss = 2.3383e-02, PNorm = 81.4040, GNorm = 1.7146, lr_0 = 9.2259e-04
Loss = 2.1863e-02, PNorm = 81.4317, GNorm = 1.5133, lr_0 = 9.2282e-04
Loss = 2.0987e-02, PNorm = 81.4510, GNorm = 0.7328, lr_0 = 9.2304e-04
Loss = 2.1840e-02, PNorm = 81.4726, GNorm = 1.0497, lr_0 = 9.2327e-04
Loss = 2.1230e-02, PNorm = 81.4992, GNorm = 0.5931, lr_0 = 9.2349e-04
Loss = 1.9044e-02, PNorm = 81.5202, GNorm = 0.9685, lr_0 = 9.2372e-04
Loss = 1.9590e-02, PNorm = 81.5436, GNorm = 0.7794, lr_0 = 9.2394e-04
Loss = 2.3332e-02, PNorm = 81.5655, GNorm = 0.7679, lr_0 = 9.2417e-04
Loss = 1.8775e-02, PNorm = 81.5887, GNorm = 1.0097, lr_0 = 9.2440e-04
Loss = 1.9636e-02, PNorm = 81.6141, GNorm = 0.5611, lr_0 = 9.2462e-04
Loss = 1.8243e-02, PNorm = 81.6406, GNorm = 1.0092, lr_0 = 9.2485e-04
Loss = 1.9721e-02, PNorm = 81.6609, GNorm = 0.7771, lr_0 = 9.2507e-04
Loss = 2.0683e-02, PNorm = 81.6861, GNorm = 0.3442, lr_0 = 9.2530e-04
Loss = 2.1390e-02, PNorm = 81.7042, GNorm = 0.7476, lr_0 = 9.2552e-04
Loss = 1.9074e-02, PNorm = 81.7251, GNorm = 0.5626, lr_0 = 9.2575e-04
Loss = 1.9831e-02, PNorm = 81.7457, GNorm = 0.7403, lr_0 = 9.2597e-04
Loss = 1.8018e-02, PNorm = 81.7708, GNorm = 0.3134, lr_0 = 9.2620e-04
Loss = 1.8082e-02, PNorm = 81.7899, GNorm = 0.4799, lr_0 = 9.2642e-04
Loss = 1.8823e-02, PNorm = 81.8072, GNorm = 0.6174, lr_0 = 9.2665e-04
Loss = 1.8585e-02, PNorm = 81.8258, GNorm = 0.3904, lr_0 = 9.2687e-04
Loss = 2.0107e-02, PNorm = 81.8423, GNorm = 0.4195, lr_0 = 9.2710e-04
Loss = 1.8831e-02, PNorm = 81.8583, GNorm = 1.4423, lr_0 = 9.2733e-04
Loss = 2.0522e-02, PNorm = 81.8792, GNorm = 1.3772, lr_0 = 9.2755e-04
Loss = 2.1172e-02, PNorm = 81.9000, GNorm = 0.6334, lr_0 = 9.2778e-04
Loss = 2.4504e-02, PNorm = 81.9290, GNorm = 1.4808, lr_0 = 9.2800e-04
Loss = 2.6099e-02, PNorm = 81.9596, GNorm = 0.7701, lr_0 = 9.2823e-04
Loss = 2.2821e-02, PNorm = 81.9872, GNorm = 0.3738, lr_0 = 9.2845e-04
Loss = 2.3825e-02, PNorm = 82.0091, GNorm = 2.2888, lr_0 = 9.2868e-04
Loss = 2.9607e-02, PNorm = 82.0377, GNorm = 0.9132, lr_0 = 9.2890e-04
Loss = 4.2376e-02, PNorm = 82.0812, GNorm = 2.0755, lr_0 = 9.2913e-04
Loss = 3.0941e-02, PNorm = 82.1218, GNorm = 0.7151, lr_0 = 9.2935e-04
Loss = 2.3451e-02, PNorm = 82.1547, GNorm = 0.3932, lr_0 = 9.2958e-04
Loss = 2.4933e-02, PNorm = 82.1820, GNorm = 0.3829, lr_0 = 9.2981e-04
Loss = 2.1898e-02, PNorm = 82.2060, GNorm = 0.7160, lr_0 = 9.3003e-04
Loss = 2.3935e-02, PNorm = 82.2250, GNorm = 0.4747, lr_0 = 9.3026e-04
Loss = 2.0755e-02, PNorm = 82.2437, GNorm = 0.6594, lr_0 = 9.3048e-04
Loss = 2.2319e-02, PNorm = 82.2693, GNorm = 1.3183, lr_0 = 9.3071e-04
Loss = 2.5859e-02, PNorm = 82.2976, GNorm = 1.0880, lr_0 = 9.3093e-04
Loss = 2.0526e-02, PNorm = 82.3215, GNorm = 0.3608, lr_0 = 9.3116e-04
Loss = 1.9427e-02, PNorm = 82.3435, GNorm = 0.8488, lr_0 = 9.3138e-04
Loss = 2.3991e-02, PNorm = 82.3682, GNorm = 1.4985, lr_0 = 9.3161e-04
Loss = 2.5442e-02, PNorm = 82.3973, GNorm = 0.5283, lr_0 = 9.3183e-04
Loss = 2.6598e-02, PNorm = 82.4231, GNorm = 0.2635, lr_0 = 9.3206e-04
Loss = 2.3242e-02, PNorm = 82.4502, GNorm = 0.5968, lr_0 = 9.3228e-04
Loss = 2.1389e-02, PNorm = 82.4784, GNorm = 0.8105, lr_0 = 9.3251e-04
Loss = 2.2593e-02, PNorm = 82.4993, GNorm = 0.4911, lr_0 = 9.3274e-04
Loss = 2.1085e-02, PNorm = 82.5186, GNorm = 1.4967, lr_0 = 9.3296e-04
Loss = 2.0599e-02, PNorm = 82.5367, GNorm = 1.1945, lr_0 = 9.3319e-04
Loss = 2.0094e-02, PNorm = 82.5591, GNorm = 0.3321, lr_0 = 9.3341e-04
Loss = 2.0408e-02, PNorm = 82.5849, GNorm = 0.9281, lr_0 = 9.3364e-04
Loss = 2.1963e-02, PNorm = 82.6047, GNorm = 2.5703, lr_0 = 9.3386e-04
Loss = 2.4256e-02, PNorm = 82.6306, GNorm = 0.8409, lr_0 = 9.3409e-04
Loss = 1.9723e-02, PNorm = 82.6564, GNorm = 0.8287, lr_0 = 9.3431e-04
Loss = 2.1598e-02, PNorm = 82.6806, GNorm = 1.3537, lr_0 = 9.3454e-04
Loss = 2.3067e-02, PNorm = 82.7016, GNorm = 1.8261, lr_0 = 9.3476e-04
Loss = 2.2580e-02, PNorm = 82.7203, GNorm = 0.5553, lr_0 = 9.3499e-04
Loss = 2.4675e-02, PNorm = 82.7409, GNorm = 1.1444, lr_0 = 9.3522e-04
Loss = 2.2265e-02, PNorm = 82.7679, GNorm = 0.6722, lr_0 = 9.3544e-04
Loss = 1.5819e-02, PNorm = 82.7900, GNorm = 0.6399, lr_0 = 9.3567e-04
Loss = 2.3649e-02, PNorm = 82.8045, GNorm = 1.3925, lr_0 = 9.3589e-04
Loss = 1.8441e-02, PNorm = 82.8228, GNorm = 0.3389, lr_0 = 9.3612e-04
Loss = 1.7646e-02, PNorm = 82.8413, GNorm = 0.3986, lr_0 = 9.3634e-04
Loss = 1.6902e-02, PNorm = 82.8598, GNorm = 0.6176, lr_0 = 9.3657e-04
Loss = 1.8495e-02, PNorm = 82.8767, GNorm = 1.1760, lr_0 = 9.3679e-04
Loss = 1.7611e-02, PNorm = 82.8913, GNorm = 0.9508, lr_0 = 9.3702e-04
Loss = 1.9448e-02, PNorm = 82.9077, GNorm = 0.8303, lr_0 = 9.3724e-04
Loss = 2.1820e-02, PNorm = 82.9269, GNorm = 1.2459, lr_0 = 9.3747e-04
Loss = 2.0887e-02, PNorm = 82.9567, GNorm = 0.4086, lr_0 = 9.3769e-04
Loss = 1.9368e-02, PNorm = 82.9789, GNorm = 0.9618, lr_0 = 9.3792e-04
Loss = 2.0435e-02, PNorm = 82.9960, GNorm = 0.4796, lr_0 = 9.3815e-04
Loss = 1.8201e-02, PNorm = 83.0156, GNorm = 0.4748, lr_0 = 9.3837e-04
Loss = 1.4279e-02, PNorm = 83.0312, GNorm = 0.7543, lr_0 = 9.3860e-04
Loss = 1.4777e-02, PNorm = 83.0473, GNorm = 0.3853, lr_0 = 9.3882e-04
Loss = 1.8899e-02, PNorm = 83.0615, GNorm = 1.1493, lr_0 = 9.3905e-04
Loss = 1.7799e-02, PNorm = 83.0805, GNorm = 0.8716, lr_0 = 9.3927e-04
Loss = 2.2873e-02, PNorm = 83.1025, GNorm = 0.4101, lr_0 = 9.3950e-04
Loss = 2.3521e-02, PNorm = 83.1264, GNorm = 1.6089, lr_0 = 9.3972e-04
Loss = 1.9958e-02, PNorm = 83.1425, GNorm = 0.3094, lr_0 = 9.3995e-04
Loss = 2.1187e-02, PNorm = 83.1630, GNorm = 0.8559, lr_0 = 9.4017e-04
Loss = 2.0994e-02, PNorm = 83.1809, GNorm = 1.0599, lr_0 = 9.4040e-04
Loss = 2.2730e-02, PNorm = 83.2067, GNorm = 0.9668, lr_0 = 9.4063e-04
Loss = 1.9814e-02, PNorm = 83.2318, GNorm = 1.2078, lr_0 = 9.4085e-04
Loss = 2.1027e-02, PNorm = 83.2503, GNorm = 0.5516, lr_0 = 9.4108e-04
Loss = 1.7529e-02, PNorm = 83.2674, GNorm = 1.0098, lr_0 = 9.4130e-04
Loss = 1.7310e-02, PNorm = 83.2825, GNorm = 0.9117, lr_0 = 9.4153e-04
Loss = 1.6380e-02, PNorm = 83.2996, GNorm = 0.9088, lr_0 = 9.4175e-04
Loss = 1.3910e-02, PNorm = 83.3219, GNorm = 0.6574, lr_0 = 9.4198e-04
Loss = 1.5537e-02, PNorm = 83.3404, GNorm = 0.4990, lr_0 = 9.4220e-04
Loss = 1.7272e-02, PNorm = 83.3566, GNorm = 0.8004, lr_0 = 9.4243e-04
Loss = 1.8592e-02, PNorm = 83.3723, GNorm = 1.8816, lr_0 = 9.4265e-04
Loss = 2.1039e-02, PNorm = 83.3912, GNorm = 0.3239, lr_0 = 9.4288e-04
Loss = 1.6305e-02, PNorm = 83.4094, GNorm = 1.0936, lr_0 = 9.4310e-04
Loss = 1.8307e-02, PNorm = 83.4219, GNorm = 0.3790, lr_0 = 9.4333e-04
Loss = 1.5530e-02, PNorm = 83.4359, GNorm = 0.3116, lr_0 = 9.4356e-04
Loss = 1.4015e-02, PNorm = 83.4498, GNorm = 0.2833, lr_0 = 9.4378e-04
Loss = 1.4646e-02, PNorm = 83.4628, GNorm = 0.5331, lr_0 = 9.4401e-04
Loss = 1.6201e-02, PNorm = 83.4786, GNorm = 1.0576, lr_0 = 9.4423e-04
Loss = 1.5065e-02, PNorm = 83.4939, GNorm = 0.2877, lr_0 = 9.4446e-04
Loss = 1.8513e-02, PNorm = 83.5134, GNorm = 0.7158, lr_0 = 9.4468e-04
Loss = 1.4806e-02, PNorm = 83.5356, GNorm = 0.2734, lr_0 = 9.4491e-04
Loss = 1.4264e-02, PNorm = 83.5516, GNorm = 0.2740, lr_0 = 9.4513e-04
Loss = 1.3621e-02, PNorm = 83.5690, GNorm = 0.6110, lr_0 = 9.4536e-04
Loss = 1.3660e-02, PNorm = 83.5847, GNorm = 0.7288, lr_0 = 9.4558e-04
Loss = 1.3402e-02, PNorm = 83.6026, GNorm = 0.8623, lr_0 = 9.4581e-04
Loss = 1.2803e-02, PNorm = 83.6185, GNorm = 0.6141, lr_0 = 9.4604e-04
Loss = 1.3005e-02, PNorm = 83.6351, GNorm = 0.3249, lr_0 = 9.4626e-04
Loss = 1.5948e-02, PNorm = 83.6546, GNorm = 0.4689, lr_0 = 9.4649e-04
Loss = 1.5324e-02, PNorm = 83.6642, GNorm = 0.7910, lr_0 = 9.4671e-04
Loss = 1.8736e-02, PNorm = 83.6843, GNorm = 0.9340, lr_0 = 9.4694e-04
Loss = 1.7701e-02, PNorm = 83.7011, GNorm = 0.6435, lr_0 = 9.4716e-04
Loss = 1.5646e-02, PNorm = 83.7239, GNorm = 0.8784, lr_0 = 9.4739e-04
Loss = 2.0202e-02, PNorm = 83.7406, GNorm = 0.7829, lr_0 = 9.4761e-04
Loss = 1.4697e-02, PNorm = 83.7583, GNorm = 0.3574, lr_0 = 9.4784e-04
Loss = 1.8230e-02, PNorm = 83.7748, GNorm = 2.0032, lr_0 = 9.4806e-04
Loss = 2.2396e-02, PNorm = 83.7932, GNorm = 1.4317, lr_0 = 9.4829e-04
Loss = 2.0938e-02, PNorm = 83.8135, GNorm = 0.9656, lr_0 = 9.4851e-04
Loss = 2.0264e-02, PNorm = 83.8395, GNorm = 0.8391, lr_0 = 9.4874e-04
Loss = 2.0916e-02, PNorm = 83.8646, GNorm = 1.2090, lr_0 = 9.4897e-04
Loss = 1.7617e-02, PNorm = 83.8860, GNorm = 0.8176, lr_0 = 9.4919e-04
Loss = 1.7169e-02, PNorm = 83.9068, GNorm = 0.4369, lr_0 = 9.4942e-04
Loss = 1.9352e-02, PNorm = 83.9303, GNorm = 0.7319, lr_0 = 9.4964e-04
Loss = 1.8490e-02, PNorm = 83.9492, GNorm = 0.7807, lr_0 = 9.4987e-04
Loss = 1.7830e-02, PNorm = 83.9712, GNorm = 0.4062, lr_0 = 9.5009e-04
Loss = 1.4464e-02, PNorm = 83.9863, GNorm = 0.3861, lr_0 = 9.5032e-04
Loss = 1.9950e-02, PNorm = 84.0015, GNorm = 0.6385, lr_0 = 9.5054e-04
Loss = 1.5245e-02, PNorm = 84.0253, GNorm = 0.5917, lr_0 = 9.5077e-04
Loss = 1.7291e-02, PNorm = 84.0431, GNorm = 0.3370, lr_0 = 9.5099e-04
Loss = 1.7512e-02, PNorm = 84.0617, GNorm = 1.0110, lr_0 = 9.5122e-04
Loss = 1.9825e-02, PNorm = 84.0817, GNorm = 0.3996, lr_0 = 9.5145e-04
Loss = 1.5858e-02, PNorm = 84.1070, GNorm = 0.6002, lr_0 = 9.5167e-04
Loss = 1.7911e-02, PNorm = 84.1291, GNorm = 0.7324, lr_0 = 9.5190e-04
Loss = 1.7348e-02, PNorm = 84.1505, GNorm = 0.3881, lr_0 = 9.5212e-04
Loss = 1.7448e-02, PNorm = 84.1756, GNorm = 0.3927, lr_0 = 9.5235e-04
Loss = 1.7798e-02, PNorm = 84.1959, GNorm = 0.5357, lr_0 = 9.5257e-04
Loss = 1.5359e-02, PNorm = 84.2164, GNorm = 0.4616, lr_0 = 9.5280e-04
Loss = 1.6024e-02, PNorm = 84.2350, GNorm = 0.6124, lr_0 = 9.5302e-04
Loss = 1.5451e-02, PNorm = 84.2554, GNorm = 0.6691, lr_0 = 9.5325e-04
Loss = 1.7956e-02, PNorm = 84.2707, GNorm = 1.0674, lr_0 = 9.5347e-04
Loss = 1.9433e-02, PNorm = 84.2855, GNorm = 1.1113, lr_0 = 9.5370e-04
Loss = 1.7774e-02, PNorm = 84.3094, GNorm = 0.4950, lr_0 = 9.5392e-04
Loss = 1.7588e-02, PNorm = 84.3297, GNorm = 0.3962, lr_0 = 9.5415e-04
Loss = 1.8049e-02, PNorm = 84.3501, GNorm = 0.6662, lr_0 = 9.5438e-04
Loss = 1.5103e-02, PNorm = 84.3681, GNorm = 0.3835, lr_0 = 9.5460e-04
Loss = 1.6457e-02, PNorm = 84.3901, GNorm = 0.2907, lr_0 = 9.5483e-04
Loss = 1.5904e-02, PNorm = 84.4079, GNorm = 1.2738, lr_0 = 9.5505e-04
Loss = 1.4774e-02, PNorm = 84.4294, GNorm = 0.3959, lr_0 = 9.5528e-04
Loss = 1.4331e-02, PNorm = 84.4424, GNorm = 0.3611, lr_0 = 9.5550e-04
Loss = 1.5939e-02, PNorm = 84.4562, GNorm = 0.3001, lr_0 = 9.5573e-04
Loss = 1.4881e-02, PNorm = 84.4636, GNorm = 0.6520, lr_0 = 9.5595e-04
Loss = 1.5237e-02, PNorm = 84.4755, GNorm = 0.2935, lr_0 = 9.5618e-04
Loss = 1.5770e-02, PNorm = 84.4923, GNorm = 0.8979, lr_0 = 9.5640e-04
Loss = 1.5261e-02, PNorm = 84.5070, GNorm = 0.4150, lr_0 = 9.5663e-04
Loss = 1.4762e-02, PNorm = 84.5234, GNorm = 0.5962, lr_0 = 9.5686e-04
Loss = 1.5593e-02, PNorm = 84.5439, GNorm = 0.6048, lr_0 = 9.5708e-04
Loss = 1.7489e-02, PNorm = 84.5649, GNorm = 0.3972, lr_0 = 9.5731e-04
Loss = 1.5716e-02, PNorm = 84.5813, GNorm = 0.4623, lr_0 = 9.5753e-04
Loss = 1.3898e-02, PNorm = 84.6003, GNorm = 0.3256, lr_0 = 9.5776e-04
Loss = 1.5197e-02, PNorm = 84.6139, GNorm = 0.9519, lr_0 = 9.5798e-04
Loss = 1.5465e-02, PNorm = 84.6326, GNorm = 0.5950, lr_0 = 9.5821e-04
Loss = 1.4977e-02, PNorm = 84.6508, GNorm = 0.7659, lr_0 = 9.5843e-04
Loss = 1.6724e-02, PNorm = 84.6693, GNorm = 0.9045, lr_0 = 9.5866e-04
Loss = 1.4954e-02, PNorm = 84.6891, GNorm = 0.3828, lr_0 = 9.5888e-04
Loss = 1.5582e-02, PNorm = 84.7048, GNorm = 0.3764, lr_0 = 9.5911e-04
Loss = 1.7443e-02, PNorm = 84.7203, GNorm = 0.4000, lr_0 = 9.5933e-04
Loss = 1.5539e-02, PNorm = 84.7382, GNorm = 0.6206, lr_0 = 9.5956e-04
Loss = 1.9370e-02, PNorm = 84.7584, GNorm = 1.3491, lr_0 = 9.5979e-04
Loss = 1.6917e-02, PNorm = 84.7809, GNorm = 0.5300, lr_0 = 9.6001e-04
Loss = 1.7283e-02, PNorm = 84.8017, GNorm = 1.1206, lr_0 = 9.6024e-04
Loss = 2.8217e-02, PNorm = 84.8201, GNorm = 0.5714, lr_0 = 9.6046e-04
Loss = 2.4072e-02, PNorm = 84.8545, GNorm = 0.8872, lr_0 = 9.6069e-04
Loss = 1.9081e-02, PNorm = 84.8838, GNorm = 0.4002, lr_0 = 9.6091e-04
Loss = 1.6601e-02, PNorm = 84.9062, GNorm = 0.6100, lr_0 = 9.6114e-04
Loss = 1.9882e-02, PNorm = 84.9265, GNorm = 1.9419, lr_0 = 9.6136e-04
Loss = 1.7581e-02, PNorm = 84.9502, GNorm = 0.4000, lr_0 = 9.6159e-04
Loss = 1.8651e-02, PNorm = 84.9770, GNorm = 1.1286, lr_0 = 9.6181e-04
Loss = 1.8016e-02, PNorm = 85.0001, GNorm = 0.6448, lr_0 = 9.6204e-04
Loss = 1.5555e-02, PNorm = 85.0174, GNorm = 0.7034, lr_0 = 9.6227e-04
Loss = 2.0574e-02, PNorm = 85.0440, GNorm = 0.5416, lr_0 = 9.6249e-04
Loss = 2.4352e-02, PNorm = 85.0783, GNorm = 1.3761, lr_0 = 9.6272e-04
Loss = 2.1513e-02, PNorm = 85.1048, GNorm = 1.0834, lr_0 = 9.6294e-04
Loss = 2.1656e-02, PNorm = 85.1337, GNorm = 0.7567, lr_0 = 9.6317e-04
Loss = 1.9552e-02, PNorm = 85.1526, GNorm = 0.2974, lr_0 = 9.6339e-04
Loss = 2.1443e-02, PNorm = 85.1799, GNorm = 1.2544, lr_0 = 9.6362e-04
Loss = 1.8697e-02, PNorm = 85.2061, GNorm = 0.8633, lr_0 = 9.6384e-04
Loss = 1.6888e-02, PNorm = 85.2301, GNorm = 0.7055, lr_0 = 9.6407e-04
Loss = 1.9145e-02, PNorm = 85.2528, GNorm = 0.6184, lr_0 = 9.6429e-04
Loss = 1.8691e-02, PNorm = 85.2679, GNorm = 0.8991, lr_0 = 9.6452e-04
Loss = 1.6865e-02, PNorm = 85.2871, GNorm = 0.4616, lr_0 = 9.6474e-04
Loss = 1.9746e-02, PNorm = 85.3139, GNorm = 0.8311, lr_0 = 9.6497e-04
Loss = 1.6945e-02, PNorm = 85.3400, GNorm = 0.7376, lr_0 = 9.6520e-04
Loss = 1.6159e-02, PNorm = 85.3633, GNorm = 0.9083, lr_0 = 9.6542e-04
Loss = 1.7499e-02, PNorm = 85.3798, GNorm = 1.1051, lr_0 = 9.6565e-04
Loss = 1.9973e-02, PNorm = 85.3992, GNorm = 0.8896, lr_0 = 9.6587e-04
Loss = 1.8451e-02, PNorm = 85.4182, GNorm = 0.4319, lr_0 = 9.6610e-04
Loss = 1.6691e-02, PNorm = 85.4378, GNorm = 0.6927, lr_0 = 9.6632e-04
Loss = 1.6026e-02, PNorm = 85.4567, GNorm = 1.0040, lr_0 = 9.6655e-04
Loss = 1.6683e-02, PNorm = 85.4752, GNorm = 0.6690, lr_0 = 9.6677e-04
Loss = 1.7145e-02, PNorm = 85.4918, GNorm = 0.4267, lr_0 = 9.6700e-04
Loss = 1.8104e-02, PNorm = 85.5071, GNorm = 0.5337, lr_0 = 9.6722e-04
Loss = 1.7452e-02, PNorm = 85.5259, GNorm = 0.3712, lr_0 = 9.6745e-04
Loss = 1.6245e-02, PNorm = 85.5453, GNorm = 0.5710, lr_0 = 9.6768e-04
Loss = 1.5613e-02, PNorm = 85.5590, GNorm = 0.3446, lr_0 = 9.6790e-04
Loss = 1.8475e-02, PNorm = 85.5715, GNorm = 1.0309, lr_0 = 9.6813e-04
Loss = 2.1579e-02, PNorm = 85.5990, GNorm = 1.3683, lr_0 = 9.6835e-04
Loss = 1.9088e-02, PNorm = 85.6222, GNorm = 0.8830, lr_0 = 9.6858e-04
Loss = 2.1345e-02, PNorm = 85.6481, GNorm = 1.2892, lr_0 = 9.6880e-04
Loss = 1.9990e-02, PNorm = 85.6758, GNorm = 0.7698, lr_0 = 9.6903e-04
Loss = 2.0269e-02, PNorm = 85.7053, GNorm = 0.4714, lr_0 = 9.6925e-04
Loss = 1.8227e-02, PNorm = 85.7314, GNorm = 1.4062, lr_0 = 9.6948e-04
Loss = 2.3025e-02, PNorm = 85.7574, GNorm = 0.7237, lr_0 = 9.6970e-04
Loss = 2.4639e-02, PNorm = 85.7811, GNorm = 0.7357, lr_0 = 9.6993e-04
Loss = 1.8502e-02, PNorm = 85.8070, GNorm = 0.8101, lr_0 = 9.7015e-04
Loss = 1.8892e-02, PNorm = 85.8333, GNorm = 0.3650, lr_0 = 9.7038e-04
Loss = 1.8667e-02, PNorm = 85.8573, GNorm = 1.1960, lr_0 = 9.7061e-04
Loss = 2.1907e-02, PNorm = 85.8822, GNorm = 1.4866, lr_0 = 9.7083e-04
Loss = 2.3800e-02, PNorm = 85.9096, GNorm = 0.9582, lr_0 = 9.7106e-04
Loss = 2.4416e-02, PNorm = 85.9398, GNorm = 0.6348, lr_0 = 9.7128e-04
Loss = 3.0014e-02, PNorm = 85.9662, GNorm = 0.8583, lr_0 = 9.7151e-04
Loss = 2.3411e-02, PNorm = 86.0063, GNorm = 0.4128, lr_0 = 9.7173e-04
Loss = 1.7866e-02, PNorm = 86.0367, GNorm = 0.5942, lr_0 = 9.7196e-04
Loss = 1.8959e-02, PNorm = 86.0620, GNorm = 1.0065, lr_0 = 9.7218e-04
Loss = 2.2492e-02, PNorm = 86.0951, GNorm = 0.5913, lr_0 = 9.7241e-04
Loss = 2.0428e-02, PNorm = 86.1251, GNorm = 0.3563, lr_0 = 9.7263e-04
Loss = 2.0860e-02, PNorm = 86.1529, GNorm = 0.5037, lr_0 = 9.7286e-04
Loss = 2.0362e-02, PNorm = 86.1746, GNorm = 0.6655, lr_0 = 9.7309e-04
Loss = 2.4722e-02, PNorm = 86.2038, GNorm = 0.6656, lr_0 = 9.7331e-04
Loss = 2.1994e-02, PNorm = 86.2376, GNorm = 0.6374, lr_0 = 9.7354e-04
Loss = 2.2111e-02, PNorm = 86.2689, GNorm = 0.5006, lr_0 = 9.7376e-04
Loss = 2.0007e-02, PNorm = 86.2932, GNorm = 0.6348, lr_0 = 9.7399e-04
Loss = 1.6714e-02, PNorm = 86.3175, GNorm = 0.5896, lr_0 = 9.7421e-04
Loss = 2.0790e-02, PNorm = 86.3396, GNorm = 1.1700, lr_0 = 9.7444e-04
Loss = 2.4855e-02, PNorm = 86.3586, GNorm = 1.3574, lr_0 = 9.7466e-04
Loss = 2.0456e-02, PNorm = 86.3801, GNorm = 0.2914, lr_0 = 9.7489e-04
Loss = 2.0830e-02, PNorm = 86.4092, GNorm = 0.9108, lr_0 = 9.7511e-04
Loss = 1.8630e-02, PNorm = 86.4306, GNorm = 0.4084, lr_0 = 9.7534e-04
Loss = 2.0759e-02, PNorm = 86.4511, GNorm = 1.3257, lr_0 = 9.7556e-04
Loss = 2.2096e-02, PNorm = 86.4747, GNorm = 2.0685, lr_0 = 9.7579e-04
Loss = 2.1804e-02, PNorm = 86.5037, GNorm = 0.4817, lr_0 = 9.7602e-04
Loss = 2.0016e-02, PNorm = 86.5303, GNorm = 0.9781, lr_0 = 9.7624e-04
Loss = 1.8222e-02, PNorm = 86.5560, GNorm = 0.6142, lr_0 = 9.7647e-04
Loss = 1.9032e-02, PNorm = 86.5853, GNorm = 0.4907, lr_0 = 9.7669e-04
Loss = 1.7975e-02, PNorm = 86.6089, GNorm = 0.7648, lr_0 = 9.7692e-04
Loss = 1.8370e-02, PNorm = 86.6286, GNorm = 0.3466, lr_0 = 9.7714e-04
Loss = 1.8612e-02, PNorm = 86.6458, GNorm = 0.7603, lr_0 = 9.7737e-04
Loss = 1.5495e-02, PNorm = 86.6655, GNorm = 1.0378, lr_0 = 9.7759e-04
Loss = 2.2546e-02, PNorm = 86.6915, GNorm = 1.1399, lr_0 = 9.7782e-04
Loss = 2.4235e-02, PNorm = 86.7212, GNorm = 1.6034, lr_0 = 9.7804e-04
Loss = 2.2130e-02, PNorm = 86.7484, GNorm = 0.7472, lr_0 = 9.7827e-04
Loss = 2.5030e-02, PNorm = 86.7816, GNorm = 0.6485, lr_0 = 9.7850e-04
Loss = 2.6248e-02, PNorm = 86.8107, GNorm = 0.8968, lr_0 = 9.7872e-04
Loss = 2.4043e-02, PNorm = 86.8379, GNorm = 0.7089, lr_0 = 9.7895e-04
Loss = 2.0668e-02, PNorm = 86.8590, GNorm = 0.3836, lr_0 = 9.7917e-04
Loss = 2.0405e-02, PNorm = 86.8797, GNorm = 0.3311, lr_0 = 9.7940e-04
Loss = 2.0137e-02, PNorm = 86.9023, GNorm = 0.5289, lr_0 = 9.7962e-04
Loss = 1.8345e-02, PNorm = 86.9239, GNorm = 0.5227, lr_0 = 9.7985e-04
Loss = 1.9801e-02, PNorm = 86.9495, GNorm = 0.4793, lr_0 = 9.8007e-04
Loss = 1.8761e-02, PNorm = 86.9748, GNorm = 0.9467, lr_0 = 9.8030e-04
Loss = 1.7538e-02, PNorm = 86.9950, GNorm = 0.5101, lr_0 = 9.8052e-04
Loss = 1.6410e-02, PNorm = 87.0192, GNorm = 0.4177, lr_0 = 9.8075e-04
Loss = 1.5086e-02, PNorm = 87.0457, GNorm = 0.7614, lr_0 = 9.8097e-04
Loss = 1.8278e-02, PNorm = 87.0598, GNorm = 0.3018, lr_0 = 9.8120e-04
Loss = 1.9356e-02, PNorm = 87.0808, GNorm = 0.7626, lr_0 = 9.8143e-04
Loss = 1.8408e-02, PNorm = 87.1005, GNorm = 0.5157, lr_0 = 9.8165e-04
Loss = 1.7070e-02, PNorm = 87.1185, GNorm = 0.3223, lr_0 = 9.8188e-04
Loss = 1.9981e-02, PNorm = 87.1381, GNorm = 0.9337, lr_0 = 9.8210e-04
Loss = 2.0457e-02, PNorm = 87.1598, GNorm = 1.6580, lr_0 = 9.8233e-04
Loss = 2.3374e-02, PNorm = 87.1889, GNorm = 1.0092, lr_0 = 9.8255e-04
Loss = 2.1016e-02, PNorm = 87.2142, GNorm = 0.8778, lr_0 = 9.8278e-04
Loss = 2.2182e-02, PNorm = 87.2347, GNorm = 0.9446, lr_0 = 9.8300e-04
Loss = 2.6219e-02, PNorm = 87.2639, GNorm = 1.3013, lr_0 = 9.8323e-04
Loss = 2.3683e-02, PNorm = 87.2984, GNorm = 1.0524, lr_0 = 9.8345e-04
Loss = 1.9775e-02, PNorm = 87.3244, GNorm = 1.4722, lr_0 = 9.8368e-04
Loss = 2.1700e-02, PNorm = 87.3524, GNorm = 0.4388, lr_0 = 9.8391e-04
Loss = 1.7500e-02, PNorm = 87.3741, GNorm = 1.1063, lr_0 = 9.8413e-04
Loss = 1.9042e-02, PNorm = 87.4006, GNorm = 1.0169, lr_0 = 9.8436e-04
Loss = 2.0464e-02, PNorm = 87.4264, GNorm = 1.3600, lr_0 = 9.8458e-04
Loss = 2.0601e-02, PNorm = 87.4501, GNorm = 0.4236, lr_0 = 9.8481e-04
Loss = 2.2022e-02, PNorm = 87.4705, GNorm = 0.5803, lr_0 = 9.8503e-04
Loss = 2.4963e-02, PNorm = 87.4940, GNorm = 0.5227, lr_0 = 9.8526e-04
Loss = 2.0048e-02, PNorm = 87.5224, GNorm = 0.7270, lr_0 = 9.8548e-04
Loss = 1.7287e-02, PNorm = 87.5463, GNorm = 1.7494, lr_0 = 9.8571e-04
Loss = 1.9675e-02, PNorm = 87.5689, GNorm = 0.6515, lr_0 = 9.8593e-04
Loss = 1.9919e-02, PNorm = 87.5908, GNorm = 0.6771, lr_0 = 9.8616e-04
Loss = 2.7093e-02, PNorm = 87.6136, GNorm = 1.3487, lr_0 = 9.8638e-04
Loss = 2.2107e-02, PNorm = 87.6371, GNorm = 1.0382, lr_0 = 9.8661e-04
Loss = 1.9915e-02, PNorm = 87.6613, GNorm = 0.4388, lr_0 = 9.8684e-04
Loss = 2.0306e-02, PNorm = 87.6841, GNorm = 0.3326, lr_0 = 9.8706e-04
Loss = 1.7354e-02, PNorm = 87.7086, GNorm = 0.3145, lr_0 = 9.8729e-04
Loss = 2.2861e-02, PNorm = 87.7275, GNorm = 1.5155, lr_0 = 9.8751e-04
Loss = 2.1118e-02, PNorm = 87.7475, GNorm = 1.0273, lr_0 = 9.8774e-04
Loss = 2.0650e-02, PNorm = 87.7729, GNorm = 0.4236, lr_0 = 9.8796e-04
Loss = 2.0011e-02, PNorm = 87.7986, GNorm = 0.9167, lr_0 = 9.8819e-04
Loss = 1.8353e-02, PNorm = 87.8207, GNorm = 0.4714, lr_0 = 9.8841e-04
Loss = 1.6589e-02, PNorm = 87.8405, GNorm = 0.4945, lr_0 = 9.8864e-04
Loss = 1.8087e-02, PNorm = 87.8633, GNorm = 0.5503, lr_0 = 9.8886e-04
Loss = 1.7442e-02, PNorm = 87.8876, GNorm = 1.1402, lr_0 = 9.8909e-04
Loss = 2.1711e-02, PNorm = 87.9052, GNorm = 1.3651, lr_0 = 9.8932e-04
Loss = 2.0995e-02, PNorm = 87.9298, GNorm = 0.6907, lr_0 = 9.8954e-04
Loss = 1.8270e-02, PNorm = 87.9534, GNorm = 0.6318, lr_0 = 9.8977e-04
Loss = 2.3783e-02, PNorm = 87.9753, GNorm = 1.3202, lr_0 = 9.8999e-04
Loss = 1.7522e-02, PNorm = 88.0010, GNorm = 0.4477, lr_0 = 9.9022e-04
Loss = 2.0443e-02, PNorm = 88.0208, GNorm = 0.8249, lr_0 = 9.9044e-04
Loss = 2.1770e-02, PNorm = 88.0433, GNorm = 2.2033, lr_0 = 9.9067e-04
Loss = 2.0692e-02, PNorm = 88.0628, GNorm = 1.1058, lr_0 = 9.9089e-04
Loss = 1.9493e-02, PNorm = 88.0847, GNorm = 0.3448, lr_0 = 9.9112e-04
Loss = 2.2169e-02, PNorm = 88.1110, GNorm = 0.6234, lr_0 = 9.9134e-04
Loss = 1.7370e-02, PNorm = 88.1357, GNorm = 0.5605, lr_0 = 9.9157e-04
Loss = 1.8230e-02, PNorm = 88.1532, GNorm = 0.3961, lr_0 = 9.9179e-04
Loss = 1.6584e-02, PNorm = 88.1716, GNorm = 0.4042, lr_0 = 9.9202e-04
Loss = 1.6097e-02, PNorm = 88.1879, GNorm = 0.3450, lr_0 = 9.9225e-04
Loss = 1.5814e-02, PNorm = 88.2060, GNorm = 1.2653, lr_0 = 9.9247e-04
Loss = 1.5593e-02, PNorm = 88.2239, GNorm = 0.9426, lr_0 = 9.9270e-04
Loss = 1.5747e-02, PNorm = 88.2434, GNorm = 1.1788, lr_0 = 9.9292e-04
Loss = 1.5512e-02, PNorm = 88.2641, GNorm = 1.2575, lr_0 = 9.9315e-04
Loss = 1.7314e-02, PNorm = 88.2846, GNorm = 0.9888, lr_0 = 9.9337e-04
Loss = 1.9455e-02, PNorm = 88.3050, GNorm = 0.4751, lr_0 = 9.9360e-04
Loss = 1.7244e-02, PNorm = 88.3250, GNorm = 0.4878, lr_0 = 9.9382e-04
Loss = 1.6302e-02, PNorm = 88.3408, GNorm = 0.6622, lr_0 = 9.9405e-04
Loss = 1.6429e-02, PNorm = 88.3589, GNorm = 0.6537, lr_0 = 9.9427e-04
Loss = 1.4600e-02, PNorm = 88.3789, GNorm = 0.3683, lr_0 = 9.9450e-04
Loss = 1.6145e-02, PNorm = 88.3975, GNorm = 0.6551, lr_0 = 9.9473e-04
Loss = 1.4356e-02, PNorm = 88.4133, GNorm = 0.2594, lr_0 = 9.9495e-04
Loss = 1.3543e-02, PNorm = 88.4242, GNorm = 0.6722, lr_0 = 9.9518e-04
Loss = 1.2272e-02, PNorm = 88.4382, GNorm = 0.5083, lr_0 = 9.9540e-04
Loss = 1.5129e-02, PNorm = 88.4539, GNorm = 0.9565, lr_0 = 9.9563e-04
Loss = 1.7185e-02, PNorm = 88.4729, GNorm = 1.2586, lr_0 = 9.9585e-04
Loss = 1.6210e-02, PNorm = 88.4951, GNorm = 0.7026, lr_0 = 9.9608e-04
Loss = 1.5862e-02, PNorm = 88.5173, GNorm = 0.7888, lr_0 = 9.9630e-04
Loss = 1.4668e-02, PNorm = 88.5322, GNorm = 1.1576, lr_0 = 9.9653e-04
Loss = 1.4114e-02, PNorm = 88.5468, GNorm = 0.7115, lr_0 = 9.9675e-04
Loss = 2.0660e-02, PNorm = 88.5662, GNorm = 1.9453, lr_0 = 9.9698e-04
Loss = 2.2722e-02, PNorm = 88.5904, GNorm = 1.9685, lr_0 = 9.9720e-04
Loss = 2.4166e-02, PNorm = 88.6188, GNorm = 1.6488, lr_0 = 9.9743e-04
Loss = 2.4624e-02, PNorm = 88.6416, GNorm = 1.2997, lr_0 = 9.9766e-04
Loss = 2.8978e-02, PNorm = 88.6694, GNorm = 1.4265, lr_0 = 9.9788e-04
Loss = 2.8021e-02, PNorm = 88.7005, GNorm = 0.4210, lr_0 = 9.9811e-04
Loss = 2.0057e-02, PNorm = 88.7369, GNorm = 0.6575, lr_0 = 9.9833e-04
Loss = 2.1272e-02, PNorm = 88.7629, GNorm = 1.5301, lr_0 = 9.9856e-04
Loss = 2.1535e-02, PNorm = 88.7899, GNorm = 0.7053, lr_0 = 9.9878e-04
Loss = 2.1484e-02, PNorm = 88.8139, GNorm = 0.8081, lr_0 = 9.9901e-04
Loss = 2.1552e-02, PNorm = 88.8397, GNorm = 0.6010, lr_0 = 9.9923e-04
Loss = 1.9969e-02, PNorm = 88.8648, GNorm = 0.2855, lr_0 = 9.9946e-04
Loss = 1.8166e-02, PNorm = 88.8886, GNorm = 0.3421, lr_0 = 9.9968e-04
Loss = 1.7136e-02, PNorm = 88.9131, GNorm = 0.3348, lr_0 = 9.9991e-04
Validation r2 = 0.982455
Epoch 2
Loss = 1.6569e-02, PNorm = 88.9401, GNorm = 1.4285, lr_0 = 9.9973e-04
Loss = 2.0217e-02, PNorm = 88.9623, GNorm = 2.8243, lr_0 = 9.9935e-04
Loss = 1.8519e-02, PNorm = 88.9865, GNorm = 1.7906, lr_0 = 9.9896e-04
Loss = 1.7695e-02, PNorm = 89.0109, GNorm = 1.1849, lr_0 = 9.9858e-04
Loss = 2.0485e-02, PNorm = 89.0352, GNorm = 0.4955, lr_0 = 9.9819e-04
Loss = 1.5475e-02, PNorm = 89.0533, GNorm = 0.4200, lr_0 = 9.9781e-04
Loss = 1.4219e-02, PNorm = 89.0720, GNorm = 0.4367, lr_0 = 9.9743e-04
Loss = 1.5671e-02, PNorm = 89.0942, GNorm = 0.8429, lr_0 = 9.9704e-04
Loss = 1.6571e-02, PNorm = 89.1084, GNorm = 0.5457, lr_0 = 9.9666e-04
Loss = 1.5869e-02, PNorm = 89.1248, GNorm = 0.3704, lr_0 = 9.9628e-04
Loss = 1.3336e-02, PNorm = 89.1404, GNorm = 0.6485, lr_0 = 9.9589e-04
Loss = 1.5107e-02, PNorm = 89.1566, GNorm = 0.4197, lr_0 = 9.9551e-04
Loss = 1.3003e-02, PNorm = 89.1642, GNorm = 0.2652, lr_0 = 9.9513e-04
Loss = 1.4353e-02, PNorm = 89.1789, GNorm = 0.4797, lr_0 = 9.9475e-04
Loss = 1.3239e-02, PNorm = 89.1976, GNorm = 0.4519, lr_0 = 9.9436e-04
Loss = 1.3982e-02, PNorm = 89.2176, GNorm = 0.8480, lr_0 = 9.9398e-04
Loss = 1.5091e-02, PNorm = 89.2379, GNorm = 1.3889, lr_0 = 9.9360e-04
Loss = 1.4773e-02, PNorm = 89.2540, GNorm = 1.1261, lr_0 = 9.9322e-04
Loss = 1.7539e-02, PNorm = 89.2696, GNorm = 1.4265, lr_0 = 9.9284e-04
Loss = 1.4246e-02, PNorm = 89.2888, GNorm = 0.6580, lr_0 = 9.9245e-04
Loss = 1.5372e-02, PNorm = 89.3042, GNorm = 0.6241, lr_0 = 9.9207e-04
Loss = 1.3766e-02, PNorm = 89.3184, GNorm = 0.5228, lr_0 = 9.9169e-04
Loss = 1.3609e-02, PNorm = 89.3354, GNorm = 0.6600, lr_0 = 9.9131e-04
Loss = 1.2650e-02, PNorm = 89.3467, GNorm = 0.4532, lr_0 = 9.9093e-04
Loss = 1.4228e-02, PNorm = 89.3613, GNorm = 0.3928, lr_0 = 9.9055e-04
Loss = 1.2267e-02, PNorm = 89.3749, GNorm = 0.3627, lr_0 = 9.9017e-04
Loss = 1.3292e-02, PNorm = 89.3906, GNorm = 0.3734, lr_0 = 9.8979e-04
Loss = 1.3775e-02, PNorm = 89.4065, GNorm = 0.6593, lr_0 = 9.8941e-04
Loss = 1.3164e-02, PNorm = 89.4225, GNorm = 0.4785, lr_0 = 9.8903e-04
Loss = 1.1818e-02, PNorm = 89.4438, GNorm = 0.2422, lr_0 = 9.8865e-04
Loss = 1.0883e-02, PNorm = 89.4577, GNorm = 0.3616, lr_0 = 9.8827e-04
Loss = 1.1515e-02, PNorm = 89.4718, GNorm = 0.2490, lr_0 = 9.8789e-04
Loss = 1.1112e-02, PNorm = 89.4860, GNorm = 0.3037, lr_0 = 9.8751e-04
Loss = 1.1601e-02, PNorm = 89.4946, GNorm = 1.0688, lr_0 = 9.8713e-04
Loss = 1.2400e-02, PNorm = 89.5078, GNorm = 0.7453, lr_0 = 9.8675e-04
Loss = 1.2027e-02, PNorm = 89.5221, GNorm = 0.7054, lr_0 = 9.8637e-04
Loss = 1.2313e-02, PNorm = 89.5419, GNorm = 0.6014, lr_0 = 9.8599e-04
Loss = 1.2990e-02, PNorm = 89.5573, GNorm = 0.3898, lr_0 = 9.8561e-04
Loss = 1.2493e-02, PNorm = 89.5697, GNorm = 1.0917, lr_0 = 9.8523e-04
Loss = 1.0874e-02, PNorm = 89.5855, GNorm = 0.8347, lr_0 = 9.8485e-04
Loss = 1.2290e-02, PNorm = 89.6016, GNorm = 0.4830, lr_0 = 9.8447e-04
Loss = 1.3409e-02, PNorm = 89.6114, GNorm = 1.3636, lr_0 = 9.8410e-04
Loss = 1.2928e-02, PNorm = 89.6283, GNorm = 1.2034, lr_0 = 9.8372e-04
Loss = 1.4334e-02, PNorm = 89.6408, GNorm = 0.3983, lr_0 = 9.8334e-04
Loss = 1.3504e-02, PNorm = 89.6526, GNorm = 0.2876, lr_0 = 9.8296e-04
Loss = 1.4413e-02, PNorm = 89.6701, GNorm = 0.8428, lr_0 = 9.8258e-04
Loss = 1.3655e-02, PNorm = 89.6849, GNorm = 0.8807, lr_0 = 9.8221e-04
Loss = 1.4850e-02, PNorm = 89.7002, GNorm = 0.7462, lr_0 = 9.8183e-04
Loss = 1.4094e-02, PNorm = 89.7141, GNorm = 0.4287, lr_0 = 9.8145e-04
Loss = 1.2091e-02, PNorm = 89.7318, GNorm = 0.3668, lr_0 = 9.8107e-04
Loss = 1.2155e-02, PNorm = 89.7447, GNorm = 0.5279, lr_0 = 9.8070e-04
Loss = 1.5610e-02, PNorm = 89.7583, GNorm = 0.4868, lr_0 = 9.8032e-04
Loss = 1.3702e-02, PNorm = 89.7727, GNorm = 0.5602, lr_0 = 9.7994e-04
Loss = 1.2489e-02, PNorm = 89.7893, GNorm = 0.5527, lr_0 = 9.7957e-04
Loss = 1.1171e-02, PNorm = 89.8043, GNorm = 0.5498, lr_0 = 9.7919e-04
Loss = 1.2654e-02, PNorm = 89.8178, GNorm = 0.5067, lr_0 = 9.7881e-04
Loss = 1.3650e-02, PNorm = 89.8326, GNorm = 0.4836, lr_0 = 9.7844e-04
Loss = 1.4618e-02, PNorm = 89.8460, GNorm = 0.5610, lr_0 = 9.7806e-04
Loss = 1.4693e-02, PNorm = 89.8631, GNorm = 0.3093, lr_0 = 9.7768e-04
Loss = 1.6755e-02, PNorm = 89.8892, GNorm = 0.3935, lr_0 = 9.7731e-04
Loss = 1.5420e-02, PNorm = 89.9054, GNorm = 0.6855, lr_0 = 9.7693e-04
Loss = 1.2185e-02, PNorm = 89.9225, GNorm = 0.2619, lr_0 = 9.7656e-04
Loss = 1.4435e-02, PNorm = 89.9404, GNorm = 0.3499, lr_0 = 9.7618e-04
Loss = 1.2140e-02, PNorm = 89.9556, GNorm = 0.3995, lr_0 = 9.7581e-04
Loss = 1.1840e-02, PNorm = 89.9689, GNorm = 0.3066, lr_0 = 9.7543e-04
Loss = 1.5034e-02, PNorm = 89.9893, GNorm = 0.6302, lr_0 = 9.7506e-04
Loss = 1.5708e-02, PNorm = 90.0067, GNorm = 1.0686, lr_0 = 9.7468e-04
Loss = 1.6729e-02, PNorm = 90.0237, GNorm = 0.7286, lr_0 = 9.7431e-04
Loss = 1.6556e-02, PNorm = 90.0416, GNorm = 0.6565, lr_0 = 9.7393e-04
Loss = 1.8151e-02, PNorm = 90.0639, GNorm = 0.9854, lr_0 = 9.7356e-04
Loss = 1.6751e-02, PNorm = 90.0791, GNorm = 0.4934, lr_0 = 9.7318e-04
Loss = 1.6718e-02, PNorm = 90.1025, GNorm = 0.7079, lr_0 = 9.7281e-04
Loss = 1.7007e-02, PNorm = 90.1220, GNorm = 0.4141, lr_0 = 9.7244e-04
Loss = 1.4082e-02, PNorm = 90.1416, GNorm = 0.8202, lr_0 = 9.7206e-04
Loss = 1.4770e-02, PNorm = 90.1553, GNorm = 0.6865, lr_0 = 9.7169e-04
Loss = 1.4965e-02, PNorm = 90.1700, GNorm = 0.5109, lr_0 = 9.7131e-04
Loss = 1.2728e-02, PNorm = 90.1874, GNorm = 0.6479, lr_0 = 9.7094e-04
Loss = 1.4991e-02, PNorm = 90.2052, GNorm = 0.3793, lr_0 = 9.7057e-04
Loss = 1.5589e-02, PNorm = 90.2210, GNorm = 1.2121, lr_0 = 9.7019e-04
Loss = 1.5615e-02, PNorm = 90.2408, GNorm = 0.3279, lr_0 = 9.6982e-04
Loss = 1.3254e-02, PNorm = 90.2632, GNorm = 0.2832, lr_0 = 9.6945e-04
Loss = 1.2953e-02, PNorm = 90.2792, GNorm = 0.2973, lr_0 = 9.6908e-04
Loss = 1.3294e-02, PNorm = 90.2976, GNorm = 0.7737, lr_0 = 9.6870e-04
Loss = 1.5244e-02, PNorm = 90.3195, GNorm = 0.5318, lr_0 = 9.6833e-04
Loss = 1.3204e-02, PNorm = 90.3367, GNorm = 0.2534, lr_0 = 9.6796e-04
Loss = 1.3746e-02, PNorm = 90.3540, GNorm = 0.3643, lr_0 = 9.6759e-04
Loss = 1.2069e-02, PNorm = 90.3689, GNorm = 0.3079, lr_0 = 9.6722e-04
Loss = 1.2353e-02, PNorm = 90.3837, GNorm = 0.5745, lr_0 = 9.6684e-04
Loss = 1.1584e-02, PNorm = 90.4016, GNorm = 0.4464, lr_0 = 9.6647e-04
Loss = 1.3792e-02, PNorm = 90.4186, GNorm = 1.1618, lr_0 = 9.6610e-04
Loss = 1.4571e-02, PNorm = 90.4340, GNorm = 1.7098, lr_0 = 9.6573e-04
Loss = 1.5934e-02, PNorm = 90.4547, GNorm = 0.8801, lr_0 = 9.6536e-04
Loss = 1.3822e-02, PNorm = 90.4756, GNorm = 0.3093, lr_0 = 9.6499e-04
Loss = 1.7186e-02, PNorm = 90.4915, GNorm = 1.0770, lr_0 = 9.6462e-04
Loss = 1.3979e-02, PNorm = 90.5088, GNorm = 0.3456, lr_0 = 9.6425e-04
Loss = 1.4740e-02, PNorm = 90.5269, GNorm = 0.4819, lr_0 = 9.6387e-04
Loss = 1.3073e-02, PNorm = 90.5467, GNorm = 0.5596, lr_0 = 9.6350e-04
Loss = 1.5153e-02, PNorm = 90.5650, GNorm = 1.2052, lr_0 = 9.6313e-04
Loss = 1.7874e-02, PNorm = 90.5865, GNorm = 1.0796, lr_0 = 9.6276e-04
Loss = 1.3515e-02, PNorm = 90.6046, GNorm = 0.7898, lr_0 = 9.6239e-04
Loss = 1.3148e-02, PNorm = 90.6177, GNorm = 0.4626, lr_0 = 9.6202e-04
Loss = 1.2704e-02, PNorm = 90.6409, GNorm = 0.4757, lr_0 = 9.6165e-04
Loss = 1.3301e-02, PNorm = 90.6601, GNorm = 0.4306, lr_0 = 9.6128e-04
Loss = 1.1392e-02, PNorm = 90.6759, GNorm = 0.4201, lr_0 = 9.6091e-04
Loss = 1.2918e-02, PNorm = 90.6885, GNorm = 0.6467, lr_0 = 9.6054e-04
Loss = 1.3213e-02, PNorm = 90.7023, GNorm = 0.3664, lr_0 = 9.6018e-04
Loss = 1.8210e-02, PNorm = 90.7184, GNorm = 1.7959, lr_0 = 9.5981e-04
Loss = 1.4539e-02, PNorm = 90.7384, GNorm = 0.3570, lr_0 = 9.5944e-04
Loss = 1.3451e-02, PNorm = 90.7564, GNorm = 0.4910, lr_0 = 9.5907e-04
Loss = 1.5530e-02, PNorm = 90.7755, GNorm = 1.6390, lr_0 = 9.5870e-04
Loss = 1.7523e-02, PNorm = 90.7981, GNorm = 1.1625, lr_0 = 9.5833e-04
Loss = 1.3880e-02, PNorm = 90.8181, GNorm = 0.7690, lr_0 = 9.5796e-04
Loss = 1.6460e-02, PNorm = 90.8380, GNorm = 0.3711, lr_0 = 9.5759e-04
Loss = 1.5096e-02, PNorm = 90.8608, GNorm = 0.4094, lr_0 = 9.5723e-04
Loss = 1.4799e-02, PNorm = 90.8770, GNorm = 0.7705, lr_0 = 9.5686e-04
Loss = 1.5072e-02, PNorm = 90.8964, GNorm = 0.6271, lr_0 = 9.5649e-04
Loss = 1.4804e-02, PNorm = 90.9158, GNorm = 0.3365, lr_0 = 9.5612e-04
Loss = 1.3951e-02, PNorm = 90.9331, GNorm = 1.3525, lr_0 = 9.5576e-04
Loss = 1.4964e-02, PNorm = 90.9461, GNorm = 1.0581, lr_0 = 9.5539e-04
Loss = 1.6167e-02, PNorm = 90.9648, GNorm = 0.4452, lr_0 = 9.5502e-04
Loss = 1.3852e-02, PNorm = 90.9849, GNorm = 0.6804, lr_0 = 9.5465e-04
Loss = 1.5724e-02, PNorm = 91.0046, GNorm = 1.2594, lr_0 = 9.5429e-04
Loss = 1.2800e-02, PNorm = 91.0181, GNorm = 0.3569, lr_0 = 9.5392e-04
Loss = 1.4740e-02, PNorm = 91.0329, GNorm = 0.4331, lr_0 = 9.5355e-04
Loss = 1.3407e-02, PNorm = 91.0522, GNorm = 0.5686, lr_0 = 9.5319e-04
Loss = 1.4561e-02, PNorm = 91.0704, GNorm = 0.4687, lr_0 = 9.5282e-04
Loss = 1.3559e-02, PNorm = 91.0924, GNorm = 0.2548, lr_0 = 9.5245e-04
Loss = 1.2014e-02, PNorm = 91.1107, GNorm = 0.2637, lr_0 = 9.5209e-04
Loss = 1.2260e-02, PNorm = 91.1240, GNorm = 1.3062, lr_0 = 9.5172e-04
Loss = 1.3040e-02, PNorm = 91.1371, GNorm = 0.3041, lr_0 = 9.5136e-04
Loss = 1.1138e-02, PNorm = 91.1537, GNorm = 0.7186, lr_0 = 9.5099e-04
Loss = 1.3420e-02, PNorm = 91.1656, GNorm = 1.0825, lr_0 = 9.5063e-04
Loss = 1.1203e-02, PNorm = 91.1762, GNorm = 1.1835, lr_0 = 9.5026e-04
Loss = 1.3528e-02, PNorm = 91.1892, GNorm = 1.0261, lr_0 = 9.4989e-04
Loss = 1.3145e-02, PNorm = 91.2032, GNorm = 0.2843, lr_0 = 9.4953e-04
Loss = 1.3919e-02, PNorm = 91.2197, GNorm = 0.4069, lr_0 = 9.4916e-04
Loss = 1.3292e-02, PNorm = 91.2345, GNorm = 0.5316, lr_0 = 9.4880e-04
Loss = 1.4032e-02, PNorm = 91.2488, GNorm = 0.4802, lr_0 = 9.4843e-04
Loss = 1.4071e-02, PNorm = 91.2641, GNorm = 0.4554, lr_0 = 9.4807e-04
Loss = 1.6029e-02, PNorm = 91.2858, GNorm = 0.5665, lr_0 = 9.4771e-04
Loss = 1.4591e-02, PNorm = 91.3063, GNorm = 0.3947, lr_0 = 9.4734e-04
Loss = 1.3433e-02, PNorm = 91.3233, GNorm = 0.3036, lr_0 = 9.4698e-04
Loss = 1.4418e-02, PNorm = 91.3390, GNorm = 1.0502, lr_0 = 9.4661e-04
Loss = 1.3695e-02, PNorm = 91.3559, GNorm = 1.2758, lr_0 = 9.4625e-04
Loss = 1.4082e-02, PNorm = 91.3764, GNorm = 0.4118, lr_0 = 9.4589e-04
Loss = 1.3850e-02, PNorm = 91.3992, GNorm = 0.3183, lr_0 = 9.4552e-04
Loss = 1.2726e-02, PNorm = 91.4107, GNorm = 0.3845, lr_0 = 9.4516e-04
Loss = 1.2962e-02, PNorm = 91.4246, GNorm = 0.5321, lr_0 = 9.4480e-04
Loss = 1.0907e-02, PNorm = 91.4386, GNorm = 0.2890, lr_0 = 9.4443e-04
Loss = 1.3753e-02, PNorm = 91.4496, GNorm = 0.4182, lr_0 = 9.4407e-04
Loss = 1.2136e-02, PNorm = 91.4636, GNorm = 0.4121, lr_0 = 9.4371e-04
Loss = 1.2839e-02, PNorm = 91.4781, GNorm = 0.4003, lr_0 = 9.4334e-04
Loss = 1.2285e-02, PNorm = 91.4944, GNorm = 0.8448, lr_0 = 9.4298e-04
Loss = 1.1787e-02, PNorm = 91.5120, GNorm = 0.4338, lr_0 = 9.4262e-04
Loss = 1.3083e-02, PNorm = 91.5287, GNorm = 0.4199, lr_0 = 9.4226e-04
Loss = 1.2217e-02, PNorm = 91.5442, GNorm = 0.8079, lr_0 = 9.4189e-04
Loss = 1.3519e-02, PNorm = 91.5631, GNorm = 1.5513, lr_0 = 9.4153e-04
Loss = 1.5644e-02, PNorm = 91.5818, GNorm = 0.7148, lr_0 = 9.4117e-04
Loss = 1.3725e-02, PNorm = 91.6027, GNorm = 0.4424, lr_0 = 9.4081e-04
Loss = 1.5876e-02, PNorm = 91.6224, GNorm = 1.4082, lr_0 = 9.4045e-04
Loss = 1.4926e-02, PNorm = 91.6477, GNorm = 0.3247, lr_0 = 9.4008e-04
Loss = 1.4815e-02, PNorm = 91.6723, GNorm = 1.0468, lr_0 = 9.3972e-04
Loss = 1.5811e-02, PNorm = 91.6923, GNorm = 0.3643, lr_0 = 9.3936e-04
Loss = 1.4716e-02, PNorm = 91.7083, GNorm = 0.4903, lr_0 = 9.3900e-04
Loss = 1.4870e-02, PNorm = 91.7270, GNorm = 0.4505, lr_0 = 9.3864e-04
Loss = 1.4019e-02, PNorm = 91.7473, GNorm = 1.2615, lr_0 = 9.3828e-04
Loss = 1.4219e-02, PNorm = 91.7643, GNorm = 0.5011, lr_0 = 9.3792e-04
Loss = 1.1819e-02, PNorm = 91.7847, GNorm = 0.3515, lr_0 = 9.3756e-04
Loss = 1.5741e-02, PNorm = 91.8016, GNorm = 0.3883, lr_0 = 9.3720e-04
Loss = 1.4913e-02, PNorm = 91.8189, GNorm = 0.5731, lr_0 = 9.3684e-04
Loss = 1.5235e-02, PNorm = 91.8325, GNorm = 1.4453, lr_0 = 9.3648e-04
Loss = 1.7594e-02, PNorm = 91.8533, GNorm = 1.4242, lr_0 = 9.3612e-04
Loss = 1.4163e-02, PNorm = 91.8774, GNorm = 0.3288, lr_0 = 9.3576e-04
Loss = 1.4836e-02, PNorm = 91.8969, GNorm = 0.9734, lr_0 = 9.3540e-04
Loss = 1.7591e-02, PNorm = 91.9162, GNorm = 0.6787, lr_0 = 9.3504e-04
Loss = 2.1205e-02, PNorm = 91.9356, GNorm = 1.9382, lr_0 = 9.3468e-04
Loss = 1.6477e-02, PNorm = 91.9573, GNorm = 0.8130, lr_0 = 9.3432e-04
Loss = 1.4986e-02, PNorm = 91.9826, GNorm = 0.9383, lr_0 = 9.3396e-04
Loss = 1.6104e-02, PNorm = 92.0057, GNorm = 1.6008, lr_0 = 9.3360e-04
Loss = 1.3968e-02, PNorm = 92.0297, GNorm = 0.3242, lr_0 = 9.3324e-04
Loss = 1.6375e-02, PNorm = 92.0419, GNorm = 0.6844, lr_0 = 9.3288e-04
Loss = 1.5703e-02, PNorm = 92.0664, GNorm = 0.3940, lr_0 = 9.3253e-04
Loss = 1.5299e-02, PNorm = 92.0863, GNorm = 0.9548, lr_0 = 9.3217e-04
Loss = 1.4781e-02, PNorm = 92.1038, GNorm = 0.3124, lr_0 = 9.3181e-04
Loss = 1.4059e-02, PNorm = 92.1218, GNorm = 0.6055, lr_0 = 9.3145e-04
Loss = 1.3649e-02, PNorm = 92.1408, GNorm = 0.2266, lr_0 = 9.3109e-04
Loss = 1.3981e-02, PNorm = 92.1583, GNorm = 0.2431, lr_0 = 9.3073e-04
Loss = 1.3266e-02, PNorm = 92.1813, GNorm = 0.4242, lr_0 = 9.3038e-04
Loss = 1.4803e-02, PNorm = 92.2036, GNorm = 0.3668, lr_0 = 9.3002e-04
Loss = 1.4090e-02, PNorm = 92.2209, GNorm = 0.3590, lr_0 = 9.2966e-04
Loss = 1.5579e-02, PNorm = 92.2333, GNorm = 1.8805, lr_0 = 9.2930e-04
Loss = 1.5166e-02, PNorm = 92.2513, GNorm = 0.7825, lr_0 = 9.2895e-04
Loss = 1.4360e-02, PNorm = 92.2718, GNorm = 0.6436, lr_0 = 9.2859e-04
Loss = 1.3991e-02, PNorm = 92.2846, GNorm = 0.5326, lr_0 = 9.2823e-04
Loss = 1.2195e-02, PNorm = 92.2976, GNorm = 0.8662, lr_0 = 9.2788e-04
Loss = 1.3619e-02, PNorm = 92.3133, GNorm = 0.3079, lr_0 = 9.2752e-04
Loss = 1.0990e-02, PNorm = 92.3274, GNorm = 0.3663, lr_0 = 9.2716e-04
Loss = 1.0268e-02, PNorm = 92.3435, GNorm = 0.7361, lr_0 = 9.2681e-04
Loss = 1.1994e-02, PNorm = 92.3556, GNorm = 0.4263, lr_0 = 9.2645e-04
Loss = 1.1447e-02, PNorm = 92.3690, GNorm = 0.8475, lr_0 = 9.2609e-04
Loss = 1.0355e-02, PNorm = 92.3818, GNorm = 0.4571, lr_0 = 9.2574e-04
Loss = 1.7710e-02, PNorm = 92.3962, GNorm = 1.2537, lr_0 = 9.2538e-04
Loss = 2.2195e-02, PNorm = 92.4204, GNorm = 2.0735, lr_0 = 9.2503e-04
Loss = 1.9427e-02, PNorm = 92.4489, GNorm = 2.0229, lr_0 = 9.2467e-04
Loss = 1.7435e-02, PNorm = 92.4762, GNorm = 0.4072, lr_0 = 9.2432e-04
Loss = 1.7140e-02, PNorm = 92.4981, GNorm = 0.2406, lr_0 = 9.2396e-04
Loss = 1.6261e-02, PNorm = 92.5182, GNorm = 0.8204, lr_0 = 9.2360e-04
Loss = 1.5826e-02, PNorm = 92.5400, GNorm = 0.6608, lr_0 = 9.2325e-04
Loss = 1.5128e-02, PNorm = 92.5579, GNorm = 1.3942, lr_0 = 9.2289e-04
Loss = 1.5621e-02, PNorm = 92.5734, GNorm = 0.6256, lr_0 = 9.2254e-04
Loss = 1.4621e-02, PNorm = 92.5908, GNorm = 0.4009, lr_0 = 9.2219e-04
Loss = 1.5194e-02, PNorm = 92.6117, GNorm = 0.4338, lr_0 = 9.2183e-04
Loss = 1.5312e-02, PNorm = 92.6304, GNorm = 1.1047, lr_0 = 9.2148e-04
Loss = 1.6855e-02, PNorm = 92.6537, GNorm = 0.3200, lr_0 = 9.2112e-04
Loss = 1.6907e-02, PNorm = 92.6760, GNorm = 0.8104, lr_0 = 9.2077e-04
Loss = 1.8805e-02, PNorm = 92.6927, GNorm = 0.6539, lr_0 = 9.2041e-04
Loss = 1.5098e-02, PNorm = 92.7151, GNorm = 0.2676, lr_0 = 9.2006e-04
Loss = 1.3745e-02, PNorm = 92.7369, GNorm = 0.4006, lr_0 = 9.1971e-04
Loss = 1.2293e-02, PNorm = 92.7564, GNorm = 0.3137, lr_0 = 9.1935e-04
Loss = 1.2711e-02, PNorm = 92.7725, GNorm = 0.4517, lr_0 = 9.1900e-04
Loss = 1.2486e-02, PNorm = 92.7871, GNorm = 0.4419, lr_0 = 9.1865e-04
Loss = 1.1414e-02, PNorm = 92.8013, GNorm = 0.3454, lr_0 = 9.1829e-04
Loss = 1.0975e-02, PNorm = 92.8140, GNorm = 0.4058, lr_0 = 9.1794e-04
Loss = 1.7811e-02, PNorm = 92.8312, GNorm = 1.8481, lr_0 = 9.1759e-04
Loss = 1.4196e-02, PNorm = 92.8488, GNorm = 0.5213, lr_0 = 9.1723e-04
Loss = 1.4431e-02, PNorm = 92.8553, GNorm = 0.5904, lr_0 = 9.1688e-04
Loss = 1.3026e-02, PNorm = 92.8736, GNorm = 0.2529, lr_0 = 9.1653e-04
Loss = 1.1493e-02, PNorm = 92.8921, GNorm = 0.7510, lr_0 = 9.1618e-04
Loss = 1.1759e-02, PNorm = 92.9097, GNorm = 0.6904, lr_0 = 9.1583e-04
Loss = 1.2026e-02, PNorm = 92.9247, GNorm = 0.5547, lr_0 = 9.1547e-04
Loss = 1.0755e-02, PNorm = 92.9371, GNorm = 0.5124, lr_0 = 9.1512e-04
Loss = 1.0553e-02, PNorm = 92.9474, GNorm = 0.3715, lr_0 = 9.1477e-04
Loss = 1.0822e-02, PNorm = 92.9630, GNorm = 0.4539, lr_0 = 9.1442e-04
Loss = 1.1309e-02, PNorm = 92.9766, GNorm = 1.1592, lr_0 = 9.1407e-04
Loss = 1.3344e-02, PNorm = 92.9881, GNorm = 1.0990, lr_0 = 9.1372e-04
Loss = 1.1663e-02, PNorm = 93.0026, GNorm = 1.1787, lr_0 = 9.1336e-04
Loss = 1.1427e-02, PNorm = 93.0184, GNorm = 1.4929, lr_0 = 9.1301e-04
Loss = 1.1326e-02, PNorm = 93.0309, GNorm = 0.7594, lr_0 = 9.1266e-04
Loss = 1.0749e-02, PNorm = 93.0439, GNorm = 0.3720, lr_0 = 9.1231e-04
Loss = 1.1058e-02, PNorm = 93.0620, GNorm = 0.2565, lr_0 = 9.1196e-04
Loss = 1.0662e-02, PNorm = 93.0765, GNorm = 1.0096, lr_0 = 9.1161e-04
Loss = 1.0661e-02, PNorm = 93.0961, GNorm = 0.7918, lr_0 = 9.1126e-04
Loss = 1.4265e-02, PNorm = 93.1117, GNorm = 0.9296, lr_0 = 9.1091e-04
Loss = 1.0635e-02, PNorm = 93.1269, GNorm = 0.4054, lr_0 = 9.1056e-04
Loss = 9.7388e-03, PNorm = 93.1391, GNorm = 0.5201, lr_0 = 9.1021e-04
Loss = 1.2573e-02, PNorm = 93.1518, GNorm = 1.1653, lr_0 = 9.0986e-04
Loss = 1.3986e-02, PNorm = 93.1722, GNorm = 1.5346, lr_0 = 9.0951e-04
Loss = 1.4332e-02, PNorm = 93.1880, GNorm = 0.5713, lr_0 = 9.0916e-04
Loss = 1.2351e-02, PNorm = 93.2040, GNorm = 0.6089, lr_0 = 9.0881e-04
Loss = 1.2197e-02, PNorm = 93.2163, GNorm = 0.3436, lr_0 = 9.0846e-04
Loss = 1.1480e-02, PNorm = 93.2303, GNorm = 0.6931, lr_0 = 9.0811e-04
Loss = 1.2352e-02, PNorm = 93.2464, GNorm = 0.5162, lr_0 = 9.0776e-04
Loss = 1.1418e-02, PNorm = 93.2629, GNorm = 0.6641, lr_0 = 9.0741e-04
Loss = 1.0700e-02, PNorm = 93.2812, GNorm = 0.3816, lr_0 = 9.0706e-04
Loss = 1.2048e-02, PNorm = 93.2956, GNorm = 0.9959, lr_0 = 9.0672e-04
Loss = 1.1314e-02, PNorm = 93.3106, GNorm = 0.5156, lr_0 = 9.0637e-04
Loss = 1.2969e-02, PNorm = 93.3264, GNorm = 0.2411, lr_0 = 9.0602e-04
Loss = 1.3518e-02, PNorm = 93.3480, GNorm = 0.2918, lr_0 = 9.0567e-04
Loss = 1.5038e-02, PNorm = 93.3668, GNorm = 0.4193, lr_0 = 9.0532e-04
Loss = 1.1604e-02, PNorm = 93.3798, GNorm = 0.4352, lr_0 = 9.0497e-04
Loss = 1.1193e-02, PNorm = 93.3941, GNorm = 0.8138, lr_0 = 9.0463e-04
Loss = 1.1457e-02, PNorm = 93.4069, GNorm = 0.4567, lr_0 = 9.0428e-04
Loss = 1.0882e-02, PNorm = 93.4181, GNorm = 0.3380, lr_0 = 9.0393e-04
Loss = 9.3003e-03, PNorm = 93.4290, GNorm = 0.7134, lr_0 = 9.0358e-04
Loss = 9.4653e-03, PNorm = 93.4387, GNorm = 0.2378, lr_0 = 9.0324e-04
Loss = 1.1830e-02, PNorm = 93.4490, GNorm = 0.5441, lr_0 = 9.0289e-04
Loss = 1.1427e-02, PNorm = 93.4613, GNorm = 0.7286, lr_0 = 9.0254e-04
Loss = 1.2303e-02, PNorm = 93.4760, GNorm = 0.6010, lr_0 = 9.0220e-04
Loss = 1.4077e-02, PNorm = 93.4949, GNorm = 1.5973, lr_0 = 9.0185e-04
Loss = 1.9574e-02, PNorm = 93.5212, GNorm = 2.1536, lr_0 = 9.0150e-04
Loss = 1.8227e-02, PNorm = 93.5529, GNorm = 1.4890, lr_0 = 9.0116e-04
Loss = 1.5981e-02, PNorm = 93.5762, GNorm = 0.3277, lr_0 = 9.0081e-04
Loss = 1.4906e-02, PNorm = 93.5937, GNorm = 0.2685, lr_0 = 9.0046e-04
Loss = 1.2510e-02, PNorm = 93.6187, GNorm = 0.9466, lr_0 = 9.0012e-04
Loss = 1.6887e-02, PNorm = 93.6398, GNorm = 0.9875, lr_0 = 8.9977e-04
Loss = 1.3572e-02, PNorm = 93.6591, GNorm = 0.8547, lr_0 = 8.9942e-04
Loss = 1.3005e-02, PNorm = 93.6730, GNorm = 0.4037, lr_0 = 8.9908e-04
Loss = 1.2782e-02, PNorm = 93.6909, GNorm = 0.8110, lr_0 = 8.9873e-04
Loss = 1.3979e-02, PNorm = 93.7036, GNorm = 0.2861, lr_0 = 8.9839e-04
Loss = 1.2644e-02, PNorm = 93.7205, GNorm = 0.7822, lr_0 = 8.9804e-04
Loss = 1.1309e-02, PNorm = 93.7330, GNorm = 0.3536, lr_0 = 8.9770e-04
Loss = 1.2829e-02, PNorm = 93.7461, GNorm = 0.3824, lr_0 = 8.9735e-04
Loss = 1.2561e-02, PNorm = 93.7635, GNorm = 0.4300, lr_0 = 8.9701e-04
Loss = 1.0685e-02, PNorm = 93.7792, GNorm = 0.2888, lr_0 = 8.9666e-04
Loss = 1.1682e-02, PNorm = 93.7990, GNorm = 0.5579, lr_0 = 8.9632e-04
Loss = 1.0889e-02, PNorm = 93.8121, GNorm = 0.6195, lr_0 = 8.9597e-04
Loss = 1.0560e-02, PNorm = 93.8273, GNorm = 0.2183, lr_0 = 8.9563e-04
Loss = 1.0541e-02, PNorm = 93.8399, GNorm = 0.6593, lr_0 = 8.9528e-04
Loss = 1.0535e-02, PNorm = 93.8491, GNorm = 0.7971, lr_0 = 8.9494e-04
Loss = 1.1031e-02, PNorm = 93.8614, GNorm = 0.2591, lr_0 = 8.9460e-04
Loss = 9.7541e-03, PNorm = 93.8737, GNorm = 0.3856, lr_0 = 8.9425e-04
Loss = 9.1693e-03, PNorm = 93.8836, GNorm = 0.7271, lr_0 = 8.9391e-04
Loss = 9.0415e-03, PNorm = 93.8954, GNorm = 0.4432, lr_0 = 8.9357e-04
Loss = 9.5684e-03, PNorm = 93.9091, GNorm = 0.2296, lr_0 = 8.9322e-04
Loss = 9.3539e-03, PNorm = 93.9215, GNorm = 0.5947, lr_0 = 8.9288e-04
Loss = 1.0710e-02, PNorm = 93.9358, GNorm = 0.6069, lr_0 = 8.9254e-04
Loss = 1.0409e-02, PNorm = 93.9536, GNorm = 0.9120, lr_0 = 8.9219e-04
Loss = 9.1542e-03, PNorm = 93.9700, GNorm = 0.2061, lr_0 = 8.9185e-04
Loss = 1.1620e-02, PNorm = 93.9823, GNorm = 0.5182, lr_0 = 8.9151e-04
Loss = 1.0373e-02, PNorm = 93.9947, GNorm = 0.3937, lr_0 = 8.9116e-04
Loss = 1.0078e-02, PNorm = 94.0070, GNorm = 0.3593, lr_0 = 8.9082e-04
Loss = 1.0888e-02, PNorm = 94.0158, GNorm = 0.3117, lr_0 = 8.9048e-04
Loss = 1.0377e-02, PNorm = 94.0271, GNorm = 1.2777, lr_0 = 8.9014e-04
Loss = 9.6940e-03, PNorm = 94.0344, GNorm = 0.2099, lr_0 = 8.8979e-04
Loss = 9.4409e-03, PNorm = 94.0463, GNorm = 0.2842, lr_0 = 8.8945e-04
Loss = 1.0599e-02, PNorm = 94.0590, GNorm = 0.5550, lr_0 = 8.8911e-04
Loss = 1.0477e-02, PNorm = 94.0730, GNorm = 0.3074, lr_0 = 8.8877e-04
Loss = 1.1365e-02, PNorm = 94.0822, GNorm = 0.8465, lr_0 = 8.8843e-04
Loss = 9.5202e-03, PNorm = 94.0894, GNorm = 0.5774, lr_0 = 8.8809e-04
Loss = 9.1470e-03, PNorm = 94.1028, GNorm = 0.3502, lr_0 = 8.8774e-04
Loss = 1.1576e-02, PNorm = 94.1167, GNorm = 0.4278, lr_0 = 8.8740e-04
Loss = 1.3331e-02, PNorm = 94.1302, GNorm = 1.4519, lr_0 = 8.8706e-04
Loss = 1.2480e-02, PNorm = 94.1498, GNorm = 0.4597, lr_0 = 8.8672e-04
Loss = 1.2867e-02, PNorm = 94.1688, GNorm = 1.0354, lr_0 = 8.8638e-04
Loss = 1.1137e-02, PNorm = 94.1872, GNorm = 0.2754, lr_0 = 8.8604e-04
Loss = 1.0742e-02, PNorm = 94.2043, GNorm = 0.2116, lr_0 = 8.8570e-04
Loss = 9.9015e-03, PNorm = 94.2158, GNorm = 0.4101, lr_0 = 8.8536e-04
Loss = 1.0315e-02, PNorm = 94.2288, GNorm = 0.5604, lr_0 = 8.8502e-04
Loss = 9.1080e-03, PNorm = 94.2408, GNorm = 0.3957, lr_0 = 8.8468e-04
Loss = 1.1028e-02, PNorm = 94.2569, GNorm = 0.7609, lr_0 = 8.8434e-04
Loss = 1.1543e-02, PNorm = 94.2690, GNorm = 0.7423, lr_0 = 8.8400e-04
Loss = 1.0827e-02, PNorm = 94.2806, GNorm = 0.2562, lr_0 = 8.8366e-04
Loss = 9.0583e-03, PNorm = 94.2917, GNorm = 0.2760, lr_0 = 8.8332e-04
Loss = 9.3072e-03, PNorm = 94.3003, GNorm = 0.9530, lr_0 = 8.8298e-04
Loss = 1.1761e-02, PNorm = 94.3136, GNorm = 0.6482, lr_0 = 8.8264e-04
Loss = 1.0073e-02, PNorm = 94.3252, GNorm = 0.7524, lr_0 = 8.8230e-04
Loss = 1.1019e-02, PNorm = 94.3337, GNorm = 0.2669, lr_0 = 8.8196e-04
Loss = 1.1862e-02, PNorm = 94.3473, GNorm = 0.8815, lr_0 = 8.8162e-04
Loss = 1.0184e-02, PNorm = 94.3628, GNorm = 0.4360, lr_0 = 8.8128e-04
Loss = 1.1313e-02, PNorm = 94.3744, GNorm = 1.1257, lr_0 = 8.8094e-04
Loss = 1.3095e-02, PNorm = 94.3913, GNorm = 0.9840, lr_0 = 8.8061e-04
Loss = 1.0578e-02, PNorm = 94.4070, GNorm = 0.3709, lr_0 = 8.8027e-04
Loss = 1.2054e-02, PNorm = 94.4241, GNorm = 0.6367, lr_0 = 8.7993e-04
Loss = 1.1345e-02, PNorm = 94.4391, GNorm = 0.7007, lr_0 = 8.7959e-04
Loss = 1.0463e-02, PNorm = 94.4571, GNorm = 0.7177, lr_0 = 8.7925e-04
Loss = 1.0157e-02, PNorm = 94.4682, GNorm = 0.5556, lr_0 = 8.7891e-04
Loss = 9.7952e-03, PNorm = 94.4846, GNorm = 0.3254, lr_0 = 8.7858e-04
Loss = 1.4275e-02, PNorm = 94.5012, GNorm = 1.1673, lr_0 = 8.7824e-04
Loss = 1.7948e-02, PNorm = 94.5173, GNorm = 1.7390, lr_0 = 8.7790e-04
Loss = 1.3732e-02, PNorm = 94.5362, GNorm = 0.9420, lr_0 = 8.7756e-04
Loss = 1.1721e-02, PNorm = 94.5547, GNorm = 0.3471, lr_0 = 8.7723e-04
Loss = 1.2126e-02, PNorm = 94.5755, GNorm = 0.4938, lr_0 = 8.7689e-04
Loss = 1.0625e-02, PNorm = 94.5916, GNorm = 0.3374, lr_0 = 8.7655e-04
Loss = 1.1390e-02, PNorm = 94.6042, GNorm = 0.4367, lr_0 = 8.7621e-04
Loss = 1.2250e-02, PNorm = 94.6174, GNorm = 0.5364, lr_0 = 8.7588e-04
Loss = 1.1788e-02, PNorm = 94.6326, GNorm = 0.5657, lr_0 = 8.7554e-04
Loss = 1.0049e-02, PNorm = 94.6492, GNorm = 0.6344, lr_0 = 8.7520e-04
Loss = 1.0490e-02, PNorm = 94.6646, GNorm = 0.2002, lr_0 = 8.7487e-04
Loss = 1.1111e-02, PNorm = 94.6776, GNorm = 0.7716, lr_0 = 8.7453e-04
Loss = 1.1335e-02, PNorm = 94.6927, GNorm = 1.3265, lr_0 = 8.7420e-04
Loss = 1.3218e-02, PNorm = 94.7055, GNorm = 1.2404, lr_0 = 8.7386e-04
Loss = 1.2933e-02, PNorm = 94.7179, GNorm = 0.6819, lr_0 = 8.7352e-04
Loss = 1.0822e-02, PNorm = 94.7319, GNorm = 0.3613, lr_0 = 8.7319e-04
Loss = 1.1388e-02, PNorm = 94.7444, GNorm = 0.2603, lr_0 = 8.7285e-04
Loss = 1.1131e-02, PNorm = 94.7562, GNorm = 0.3243, lr_0 = 8.7252e-04
Loss = 9.8815e-03, PNorm = 94.7674, GNorm = 0.4850, lr_0 = 8.7218e-04
Loss = 1.0692e-02, PNorm = 94.7786, GNorm = 0.3926, lr_0 = 8.7185e-04
Loss = 1.0408e-02, PNorm = 94.7883, GNorm = 0.2708, lr_0 = 8.7151e-04
Loss = 1.0998e-02, PNorm = 94.8006, GNorm = 0.5355, lr_0 = 8.7118e-04
Loss = 1.0168e-02, PNorm = 94.8143, GNorm = 0.2306, lr_0 = 8.7084e-04
Loss = 9.3363e-03, PNorm = 94.8259, GNorm = 0.6634, lr_0 = 8.7051e-04
Loss = 9.5061e-03, PNorm = 94.8375, GNorm = 1.0059, lr_0 = 8.7017e-04
Loss = 9.3529e-03, PNorm = 94.8517, GNorm = 0.4231, lr_0 = 8.6984e-04
Loss = 1.0039e-02, PNorm = 94.8627, GNorm = 0.4448, lr_0 = 8.6950e-04
Loss = 8.9188e-03, PNorm = 94.8758, GNorm = 0.2689, lr_0 = 8.6917e-04
Loss = 9.6416e-03, PNorm = 94.8860, GNorm = 0.2696, lr_0 = 8.6883e-04
Loss = 1.0470e-02, PNorm = 94.8967, GNorm = 0.4142, lr_0 = 8.6850e-04
Loss = 9.5018e-03, PNorm = 94.9070, GNorm = 0.5091, lr_0 = 8.6817e-04
Loss = 9.0317e-03, PNorm = 94.9177, GNorm = 0.3315, lr_0 = 8.6783e-04
Loss = 9.4596e-03, PNorm = 94.9270, GNorm = 0.4874, lr_0 = 8.6750e-04
Loss = 9.0471e-03, PNorm = 94.9401, GNorm = 0.1812, lr_0 = 8.6717e-04
Loss = 9.9162e-03, PNorm = 94.9560, GNorm = 0.7783, lr_0 = 8.6683e-04
Loss = 1.1451e-02, PNorm = 94.9712, GNorm = 0.8560, lr_0 = 8.6650e-04
Loss = 9.7583e-03, PNorm = 94.9830, GNorm = 0.4741, lr_0 = 8.6617e-04
Loss = 1.1700e-02, PNorm = 94.9929, GNorm = 1.0508, lr_0 = 8.6583e-04
Loss = 1.0018e-02, PNorm = 95.0088, GNorm = 0.5767, lr_0 = 8.6550e-04
Loss = 1.0021e-02, PNorm = 95.0215, GNorm = 0.3327, lr_0 = 8.6517e-04
Loss = 1.0504e-02, PNorm = 95.0371, GNorm = 0.2655, lr_0 = 8.6484e-04
Loss = 1.1124e-02, PNorm = 95.0480, GNorm = 1.2095, lr_0 = 8.6450e-04
Loss = 9.1638e-03, PNorm = 95.0601, GNorm = 0.4375, lr_0 = 8.6417e-04
Loss = 9.3444e-03, PNorm = 95.0786, GNorm = 0.6569, lr_0 = 8.6384e-04
Loss = 9.8476e-03, PNorm = 95.0933, GNorm = 0.4595, lr_0 = 8.6351e-04
Loss = 9.2347e-03, PNorm = 95.1037, GNorm = 0.4576, lr_0 = 8.6317e-04
Loss = 9.5299e-03, PNorm = 95.1150, GNorm = 0.2334, lr_0 = 8.6284e-04
Loss = 9.3694e-03, PNorm = 95.1293, GNorm = 0.7770, lr_0 = 8.6251e-04
Loss = 9.5248e-03, PNorm = 95.1413, GNorm = 0.5848, lr_0 = 8.6218e-04
Loss = 9.3995e-03, PNorm = 95.1514, GNorm = 0.9987, lr_0 = 8.6185e-04
Loss = 1.0974e-02, PNorm = 95.1633, GNorm = 1.2352, lr_0 = 8.6152e-04
Loss = 1.0988e-02, PNorm = 95.1774, GNorm = 0.7397, lr_0 = 8.6119e-04
Loss = 1.0086e-02, PNorm = 95.1904, GNorm = 0.6323, lr_0 = 8.6085e-04
Loss = 1.2596e-02, PNorm = 95.2052, GNorm = 0.5319, lr_0 = 8.6052e-04
Loss = 1.3402e-02, PNorm = 95.2181, GNorm = 1.1931, lr_0 = 8.6019e-04
Loss = 1.3213e-02, PNorm = 95.2336, GNorm = 1.4259, lr_0 = 8.5986e-04
Loss = 1.1220e-02, PNorm = 95.2492, GNorm = 0.3775, lr_0 = 8.5953e-04
Loss = 1.0973e-02, PNorm = 95.2649, GNorm = 0.7770, lr_0 = 8.5920e-04
Loss = 1.0778e-02, PNorm = 95.2837, GNorm = 0.6465, lr_0 = 8.5887e-04
Loss = 1.1254e-02, PNorm = 95.2992, GNorm = 0.9689, lr_0 = 8.5854e-04
Loss = 1.2820e-02, PNorm = 95.3126, GNorm = 0.9553, lr_0 = 8.5821e-04
Loss = 1.1064e-02, PNorm = 95.3257, GNorm = 0.6015, lr_0 = 8.5788e-04
Loss = 1.1550e-02, PNorm = 95.3428, GNorm = 0.2990, lr_0 = 8.5755e-04
Loss = 1.2155e-02, PNorm = 95.3591, GNorm = 0.5596, lr_0 = 8.5722e-04
Loss = 1.2049e-02, PNorm = 95.3774, GNorm = 0.7486, lr_0 = 8.5689e-04
Loss = 9.8190e-03, PNorm = 95.3959, GNorm = 0.2687, lr_0 = 8.5656e-04
Loss = 9.8101e-03, PNorm = 95.4080, GNorm = 0.2559, lr_0 = 8.5623e-04
Loss = 9.4388e-03, PNorm = 95.4166, GNorm = 0.4211, lr_0 = 8.5590e-04
Loss = 9.4045e-03, PNorm = 95.4305, GNorm = 0.2650, lr_0 = 8.5557e-04
Loss = 1.0838e-02, PNorm = 95.4451, GNorm = 1.4244, lr_0 = 8.5525e-04
Loss = 1.3823e-02, PNorm = 95.4584, GNorm = 1.4108, lr_0 = 8.5492e-04
Loss = 1.1019e-02, PNorm = 95.4699, GNorm = 0.9935, lr_0 = 8.5459e-04
Loss = 1.0898e-02, PNorm = 95.4819, GNorm = 0.5149, lr_0 = 8.5426e-04
Loss = 1.1267e-02, PNorm = 95.4970, GNorm = 0.3839, lr_0 = 8.5393e-04
Loss = 1.1334e-02, PNorm = 95.5127, GNorm = 0.7286, lr_0 = 8.5360e-04
Loss = 1.0925e-02, PNorm = 95.5304, GNorm = 0.8261, lr_0 = 8.5328e-04
Loss = 1.1594e-02, PNorm = 95.5484, GNorm = 0.8277, lr_0 = 8.5295e-04
Loss = 1.3680e-02, PNorm = 95.5680, GNorm = 1.1626, lr_0 = 8.5262e-04
Loss = 1.4493e-02, PNorm = 95.5866, GNorm = 1.9433, lr_0 = 8.5229e-04
Loss = 1.4536e-02, PNorm = 95.6006, GNorm = 1.1593, lr_0 = 8.5196e-04
Loss = 1.3293e-02, PNorm = 95.6226, GNorm = 0.3142, lr_0 = 8.5164e-04
Loss = 1.3432e-02, PNorm = 95.6408, GNorm = 1.9145, lr_0 = 8.5131e-04
Loss = 1.3862e-02, PNorm = 95.6607, GNorm = 0.8149, lr_0 = 8.5098e-04
Loss = 1.2326e-02, PNorm = 95.6796, GNorm = 0.3945, lr_0 = 8.5065e-04
Loss = 1.2865e-02, PNorm = 95.6950, GNorm = 0.4167, lr_0 = 8.5033e-04
Loss = 1.1127e-02, PNorm = 95.7114, GNorm = 0.2314, lr_0 = 8.5000e-04
Loss = 1.0575e-02, PNorm = 95.7260, GNorm = 0.2981, lr_0 = 8.4967e-04
Loss = 1.1305e-02, PNorm = 95.7387, GNorm = 0.8528, lr_0 = 8.4935e-04
Loss = 1.0833e-02, PNorm = 95.7509, GNorm = 0.3572, lr_0 = 8.4902e-04
Loss = 1.0178e-02, PNorm = 95.7643, GNorm = 0.4488, lr_0 = 8.4869e-04
Loss = 1.1313e-02, PNorm = 95.7767, GNorm = 1.2735, lr_0 = 8.4837e-04
Loss = 9.1845e-03, PNorm = 95.7915, GNorm = 0.4127, lr_0 = 8.4804e-04
Loss = 1.0502e-02, PNorm = 95.8033, GNorm = 0.2169, lr_0 = 8.4772e-04
Loss = 1.0642e-02, PNorm = 95.8142, GNorm = 0.3319, lr_0 = 8.4739e-04
Loss = 8.9647e-03, PNorm = 95.8251, GNorm = 0.4325, lr_0 = 8.4706e-04
Loss = 9.4953e-03, PNorm = 95.8342, GNorm = 0.2896, lr_0 = 8.4674e-04
Loss = 9.6433e-03, PNorm = 95.8478, GNorm = 0.5106, lr_0 = 8.4641e-04
Loss = 1.1619e-02, PNorm = 95.8603, GNorm = 0.9909, lr_0 = 8.4609e-04
Loss = 1.0047e-02, PNorm = 95.8777, GNorm = 0.5204, lr_0 = 8.4576e-04
Loss = 9.6314e-03, PNorm = 95.8941, GNorm = 0.7343, lr_0 = 8.4544e-04
Loss = 8.6388e-03, PNorm = 95.9036, GNorm = 0.5245, lr_0 = 8.4511e-04
Loss = 8.4794e-03, PNorm = 95.9131, GNorm = 1.1981, lr_0 = 8.4479e-04
Loss = 8.4595e-03, PNorm = 95.9219, GNorm = 0.1935, lr_0 = 8.4446e-04
Loss = 8.6935e-03, PNorm = 95.9342, GNorm = 0.6483, lr_0 = 8.4414e-04
Loss = 9.5754e-03, PNorm = 95.9478, GNorm = 0.7733, lr_0 = 8.4381e-04
Loss = 9.5265e-03, PNorm = 95.9581, GNorm = 0.3792, lr_0 = 8.4349e-04
Loss = 9.9392e-03, PNorm = 95.9645, GNorm = 0.7725, lr_0 = 8.4317e-04
Loss = 1.0283e-02, PNorm = 95.9766, GNorm = 1.0871, lr_0 = 8.4284e-04
Loss = 1.1688e-02, PNorm = 95.9861, GNorm = 1.5496, lr_0 = 8.4252e-04
Loss = 1.1272e-02, PNorm = 95.9974, GNorm = 1.6343, lr_0 = 8.4219e-04
Loss = 1.3623e-02, PNorm = 96.0198, GNorm = 1.4433, lr_0 = 8.4187e-04
Loss = 1.4140e-02, PNorm = 96.0343, GNorm = 1.3971, lr_0 = 8.4155e-04
Loss = 1.2776e-02, PNorm = 96.0511, GNorm = 0.6780, lr_0 = 8.4122e-04
Loss = 1.1464e-02, PNorm = 96.0660, GNorm = 0.3818, lr_0 = 8.4090e-04
Loss = 9.6479e-03, PNorm = 96.0827, GNorm = 0.4211, lr_0 = 8.4058e-04
Loss = 9.9209e-03, PNorm = 96.0951, GNorm = 0.3157, lr_0 = 8.4025e-04
Loss = 1.2371e-02, PNorm = 96.1104, GNorm = 1.6178, lr_0 = 8.3993e-04
Loss = 1.1688e-02, PNorm = 96.1246, GNorm = 0.9299, lr_0 = 8.3961e-04
Loss = 1.0891e-02, PNorm = 96.1437, GNorm = 0.3997, lr_0 = 8.3928e-04
Loss = 1.1521e-02, PNorm = 96.1585, GNorm = 0.5086, lr_0 = 8.3896e-04
Loss = 1.1009e-02, PNorm = 96.1746, GNorm = 0.3282, lr_0 = 8.3864e-04
Loss = 1.1121e-02, PNorm = 96.1878, GNorm = 1.0147, lr_0 = 8.3832e-04
Loss = 1.1771e-02, PNorm = 96.1996, GNorm = 1.2102, lr_0 = 8.3799e-04
Loss = 1.1216e-02, PNorm = 96.2143, GNorm = 0.9967, lr_0 = 8.3767e-04
Loss = 1.0555e-02, PNorm = 96.2315, GNorm = 0.7572, lr_0 = 8.3735e-04
Loss = 1.1281e-02, PNorm = 96.2450, GNorm = 1.1820, lr_0 = 8.3703e-04
Loss = 1.0263e-02, PNorm = 96.2531, GNorm = 0.5601, lr_0 = 8.3671e-04
Loss = 1.1227e-02, PNorm = 96.2647, GNorm = 0.8754, lr_0 = 8.3639e-04
Loss = 1.1531e-02, PNorm = 96.2779, GNorm = 0.1995, lr_0 = 8.3606e-04
Loss = 1.0625e-02, PNorm = 96.2945, GNorm = 0.2860, lr_0 = 8.3574e-04
Loss = 9.6605e-03, PNorm = 96.3081, GNorm = 0.3771, lr_0 = 8.3542e-04
Loss = 9.1889e-03, PNorm = 96.3234, GNorm = 0.3933, lr_0 = 8.3510e-04
Loss = 8.4312e-03, PNorm = 96.3338, GNorm = 0.2920, lr_0 = 8.3478e-04
Loss = 9.1204e-03, PNorm = 96.3430, GNorm = 0.2322, lr_0 = 8.3446e-04
Loss = 1.0122e-02, PNorm = 96.3552, GNorm = 0.4889, lr_0 = 8.3414e-04
Loss = 9.5842e-03, PNorm = 96.3684, GNorm = 1.0407, lr_0 = 8.3382e-04
Loss = 1.0834e-02, PNorm = 96.3773, GNorm = 0.5768, lr_0 = 8.3350e-04
Loss = 1.0233e-02, PNorm = 96.3905, GNorm = 0.9950, lr_0 = 8.3318e-04
Loss = 1.1252e-02, PNorm = 96.4031, GNorm = 0.6712, lr_0 = 8.3286e-04
Loss = 1.1147e-02, PNorm = 96.4172, GNorm = 0.4378, lr_0 = 8.3254e-04
Loss = 1.0019e-02, PNorm = 96.4296, GNorm = 0.3799, lr_0 = 8.3222e-04
Loss = 8.8350e-03, PNorm = 96.4428, GNorm = 0.4327, lr_0 = 8.3190e-04
Loss = 1.0011e-02, PNorm = 96.4559, GNorm = 1.5781, lr_0 = 8.3158e-04
Loss = 1.0020e-02, PNorm = 96.4695, GNorm = 1.1582, lr_0 = 8.3126e-04
Loss = 9.0085e-03, PNorm = 96.4819, GNorm = 0.2351, lr_0 = 8.3094e-04
Loss = 1.1599e-02, PNorm = 96.4993, GNorm = 0.6805, lr_0 = 8.3062e-04
Loss = 1.1025e-02, PNorm = 96.5124, GNorm = 0.6099, lr_0 = 8.3030e-04
Loss = 1.0045e-02, PNorm = 96.5288, GNorm = 0.5357, lr_0 = 8.2998e-04
Loss = 9.1667e-03, PNorm = 96.5411, GNorm = 0.5149, lr_0 = 8.2966e-04
Loss = 1.1318e-02, PNorm = 96.5508, GNorm = 0.8033, lr_0 = 8.2934e-04
Loss = 9.0891e-03, PNorm = 96.5590, GNorm = 0.4336, lr_0 = 8.2902e-04
Loss = 8.2725e-03, PNorm = 96.5725, GNorm = 0.3083, lr_0 = 8.2870e-04
Loss = 9.7146e-03, PNorm = 96.5825, GNorm = 0.2658, lr_0 = 8.2838e-04
Loss = 8.2348e-03, PNorm = 96.5949, GNorm = 0.2050, lr_0 = 8.2807e-04
Loss = 8.4284e-03, PNorm = 96.6055, GNorm = 0.2621, lr_0 = 8.2775e-04
Loss = 7.1183e-03, PNorm = 96.6199, GNorm = 0.2440, lr_0 = 8.2743e-04
Loss = 8.4892e-03, PNorm = 96.6305, GNorm = 1.0804, lr_0 = 8.2711e-04
Loss = 9.3812e-03, PNorm = 96.6428, GNorm = 1.5490, lr_0 = 8.2679e-04
Loss = 9.0649e-03, PNorm = 96.6533, GNorm = 0.4259, lr_0 = 8.2648e-04
Loss = 7.7531e-03, PNorm = 96.6627, GNorm = 0.4654, lr_0 = 8.2616e-04
Loss = 8.6682e-03, PNorm = 96.6732, GNorm = 0.3787, lr_0 = 8.2584e-04
Loss = 8.5538e-03, PNorm = 96.6853, GNorm = 0.6431, lr_0 = 8.2552e-04
Loss = 8.8255e-03, PNorm = 96.6964, GNorm = 0.8988, lr_0 = 8.2521e-04
Loss = 8.4645e-03, PNorm = 96.7022, GNorm = 0.1770, lr_0 = 8.2489e-04
Loss = 8.6920e-03, PNorm = 96.7085, GNorm = 0.5013, lr_0 = 8.2457e-04
Loss = 9.5411e-03, PNorm = 96.7201, GNorm = 0.4905, lr_0 = 8.2425e-04
Loss = 9.9359e-03, PNorm = 96.7301, GNorm = 0.3446, lr_0 = 8.2394e-04
Loss = 9.1856e-03, PNorm = 96.7413, GNorm = 1.1071, lr_0 = 8.2362e-04
Loss = 1.0187e-02, PNorm = 96.7520, GNorm = 0.6266, lr_0 = 8.2330e-04
Loss = 9.2077e-03, PNorm = 96.7607, GNorm = 0.5770, lr_0 = 8.2299e-04
Loss = 1.0764e-02, PNorm = 96.7734, GNorm = 0.9705, lr_0 = 8.2267e-04
Loss = 1.1917e-02, PNorm = 96.7911, GNorm = 0.4813, lr_0 = 8.2236e-04
Loss = 1.1097e-02, PNorm = 96.8081, GNorm = 1.5710, lr_0 = 8.2204e-04
Loss = 1.1006e-02, PNorm = 96.8211, GNorm = 0.3635, lr_0 = 8.2172e-04
Loss = 1.1258e-02, PNorm = 96.8320, GNorm = 0.3043, lr_0 = 8.2141e-04
Loss = 9.8106e-03, PNorm = 96.8490, GNorm = 0.7807, lr_0 = 8.2109e-04
Loss = 1.0688e-02, PNorm = 96.8648, GNorm = 0.8013, lr_0 = 8.2078e-04
Loss = 1.0127e-02, PNorm = 96.8722, GNorm = 0.6907, lr_0 = 8.2046e-04
Loss = 9.4382e-03, PNorm = 96.8849, GNorm = 0.6591, lr_0 = 8.2015e-04
Loss = 9.2099e-03, PNorm = 96.8978, GNorm = 0.9343, lr_0 = 8.1983e-04
Loss = 8.6158e-03, PNorm = 96.9109, GNorm = 0.3960, lr_0 = 8.1951e-04
Loss = 9.7424e-03, PNorm = 96.9220, GNorm = 0.2808, lr_0 = 8.1920e-04
Loss = 8.3670e-03, PNorm = 96.9324, GNorm = 0.3737, lr_0 = 8.1888e-04
Loss = 9.2734e-03, PNorm = 96.9429, GNorm = 0.4525, lr_0 = 8.1857e-04
Loss = 1.0163e-02, PNorm = 96.9589, GNorm = 0.2478, lr_0 = 8.1826e-04
Loss = 1.1254e-02, PNorm = 96.9720, GNorm = 0.3756, lr_0 = 8.1794e-04
Loss = 9.5939e-03, PNorm = 96.9852, GNorm = 0.3488, lr_0 = 8.1763e-04
Loss = 9.9785e-03, PNorm = 96.9993, GNorm = 0.8740, lr_0 = 8.1731e-04
Loss = 1.1117e-02, PNorm = 97.0142, GNorm = 1.3107, lr_0 = 8.1700e-04
Loss = 1.1333e-02, PNorm = 97.0276, GNorm = 0.6349, lr_0 = 8.1668e-04
Loss = 9.0821e-03, PNorm = 97.0450, GNorm = 0.4687, lr_0 = 8.1637e-04
Loss = 8.4788e-03, PNorm = 97.0534, GNorm = 0.2371, lr_0 = 8.1606e-04
Loss = 8.8883e-03, PNorm = 97.0671, GNorm = 0.8185, lr_0 = 8.1574e-04
Loss = 8.6255e-03, PNorm = 97.0773, GNorm = 0.7007, lr_0 = 8.1543e-04
Loss = 9.1566e-03, PNorm = 97.0856, GNorm = 0.3405, lr_0 = 8.1512e-04
Loss = 9.2858e-03, PNorm = 97.0975, GNorm = 0.7034, lr_0 = 8.1480e-04
Loss = 8.1095e-03, PNorm = 97.1047, GNorm = 0.3713, lr_0 = 8.1449e-04
Loss = 8.8339e-03, PNorm = 97.1140, GNorm = 0.9556, lr_0 = 8.1418e-04
Loss = 7.7295e-03, PNorm = 97.1232, GNorm = 0.4731, lr_0 = 8.1386e-04
Loss = 8.9271e-03, PNorm = 97.1348, GNorm = 0.3978, lr_0 = 8.1355e-04
Loss = 8.2484e-03, PNorm = 97.1452, GNorm = 0.3000, lr_0 = 8.1324e-04
Loss = 9.0532e-03, PNorm = 97.1562, GNorm = 0.2563, lr_0 = 8.1292e-04
Loss = 9.1300e-03, PNorm = 97.1639, GNorm = 0.1895, lr_0 = 8.1261e-04
Loss = 9.5965e-03, PNorm = 97.1769, GNorm = 0.3878, lr_0 = 8.1230e-04
Loss = 7.7233e-03, PNorm = 97.1896, GNorm = 0.2973, lr_0 = 8.1199e-04
Loss = 7.7880e-03, PNorm = 97.1989, GNorm = 0.2070, lr_0 = 8.1168e-04
Loss = 6.9111e-03, PNorm = 97.2087, GNorm = 0.2049, lr_0 = 8.1136e-04
Loss = 7.5395e-03, PNorm = 97.2174, GNorm = 1.0392, lr_0 = 8.1105e-04
Loss = 7.6232e-03, PNorm = 97.2269, GNorm = 0.3666, lr_0 = 8.1074e-04
Loss = 6.4713e-03, PNorm = 97.2349, GNorm = 0.1693, lr_0 = 8.1043e-04
Loss = 7.3998e-03, PNorm = 97.2413, GNorm = 0.2780, lr_0 = 8.1012e-04
Loss = 7.2367e-03, PNorm = 97.2521, GNorm = 0.2977, lr_0 = 8.0981e-04
Loss = 7.6379e-03, PNorm = 97.2573, GNorm = 0.4733, lr_0 = 8.0949e-04
Loss = 6.9775e-03, PNorm = 97.2652, GNorm = 0.2124, lr_0 = 8.0918e-04
Loss = 6.7102e-03, PNorm = 97.2721, GNorm = 0.2261, lr_0 = 8.0887e-04
Loss = 7.0708e-03, PNorm = 97.2796, GNorm = 0.8160, lr_0 = 8.0856e-04
Loss = 7.4215e-03, PNorm = 97.2891, GNorm = 0.2644, lr_0 = 8.0825e-04
Loss = 6.6414e-03, PNorm = 97.3000, GNorm = 0.4606, lr_0 = 8.0794e-04
Loss = 8.2123e-03, PNorm = 97.3085, GNorm = 0.2468, lr_0 = 8.0763e-04
Loss = 7.0554e-03, PNorm = 97.3174, GNorm = 0.5525, lr_0 = 8.0732e-04
Loss = 7.8176e-03, PNorm = 97.3263, GNorm = 1.1383, lr_0 = 8.0701e-04
Loss = 8.5424e-03, PNorm = 97.3380, GNorm = 0.7256, lr_0 = 8.0670e-04
Loss = 9.1308e-03, PNorm = 97.3500, GNorm = 0.5535, lr_0 = 8.0639e-04
Loss = 7.8809e-03, PNorm = 97.3638, GNorm = 0.2908, lr_0 = 8.0608e-04
Loss = 8.0207e-03, PNorm = 97.3792, GNorm = 0.3172, lr_0 = 8.0577e-04
Loss = 7.7270e-03, PNorm = 97.3875, GNorm = 0.5471, lr_0 = 8.0546e-04
Loss = 7.7494e-03, PNorm = 97.3964, GNorm = 0.2961, lr_0 = 8.0515e-04
Loss = 7.8550e-03, PNorm = 97.4078, GNorm = 0.2613, lr_0 = 8.0484e-04
Loss = 7.1383e-03, PNorm = 97.4176, GNorm = 0.2623, lr_0 = 8.0453e-04
Loss = 7.0145e-03, PNorm = 97.4262, GNorm = 0.3006, lr_0 = 8.0422e-04
Loss = 6.6842e-03, PNorm = 97.4334, GNorm = 0.3737, lr_0 = 8.0391e-04
Loss = 6.7142e-03, PNorm = 97.4393, GNorm = 0.2087, lr_0 = 8.0360e-04
Loss = 6.4092e-03, PNorm = 97.4476, GNorm = 0.3638, lr_0 = 8.0329e-04
Loss = 7.0092e-03, PNorm = 97.4555, GNorm = 0.2318, lr_0 = 8.0298e-04
Loss = 6.3633e-03, PNorm = 97.4619, GNorm = 0.3425, lr_0 = 8.0268e-04
Loss = 7.0384e-03, PNorm = 97.4681, GNorm = 0.6807, lr_0 = 8.0237e-04
Loss = 7.8246e-03, PNorm = 97.4760, GNorm = 0.6438, lr_0 = 8.0206e-04
Loss = 6.9628e-03, PNorm = 97.4801, GNorm = 0.9059, lr_0 = 8.0175e-04
Loss = 6.1129e-03, PNorm = 97.4891, GNorm = 0.3849, lr_0 = 8.0144e-04
Loss = 7.1009e-03, PNorm = 97.5001, GNorm = 0.4926, lr_0 = 8.0113e-04
Loss = 7.7601e-03, PNorm = 97.5067, GNorm = 1.1580, lr_0 = 8.0083e-04
Loss = 7.3149e-03, PNorm = 97.5133, GNorm = 0.4608, lr_0 = 8.0052e-04
Loss = 6.9254e-03, PNorm = 97.5246, GNorm = 1.2436, lr_0 = 8.0021e-04
Loss = 8.9427e-03, PNorm = 97.5367, GNorm = 0.8952, lr_0 = 7.9990e-04
Loss = 7.4076e-03, PNorm = 97.5481, GNorm = 0.4517, lr_0 = 7.9960e-04
Loss = 8.1243e-03, PNorm = 97.5573, GNorm = 0.3557, lr_0 = 7.9929e-04
Loss = 9.1279e-03, PNorm = 97.5731, GNorm = 0.5379, lr_0 = 7.9898e-04
Loss = 1.0165e-02, PNorm = 97.5869, GNorm = 0.5265, lr_0 = 7.9867e-04
Loss = 7.6234e-03, PNorm = 97.5989, GNorm = 0.3155, lr_0 = 7.9837e-04
Loss = 8.3474e-03, PNorm = 97.6104, GNorm = 0.1952, lr_0 = 7.9806e-04
Loss = 7.5952e-03, PNorm = 97.6203, GNorm = 0.2233, lr_0 = 7.9775e-04
Loss = 6.8038e-03, PNorm = 97.6332, GNorm = 0.7008, lr_0 = 7.9745e-04
Loss = 7.1059e-03, PNorm = 97.6467, GNorm = 0.6814, lr_0 = 7.9714e-04
Loss = 8.0387e-03, PNorm = 97.6567, GNorm = 1.2496, lr_0 = 7.9683e-04
Loss = 8.2347e-03, PNorm = 97.6696, GNorm = 0.5384, lr_0 = 7.9653e-04
Loss = 8.4137e-03, PNorm = 97.6857, GNorm = 0.2450, lr_0 = 7.9622e-04
Loss = 7.5687e-03, PNorm = 97.7001, GNorm = 0.6239, lr_0 = 7.9591e-04
Loss = 7.1914e-03, PNorm = 97.7107, GNorm = 0.1758, lr_0 = 7.9561e-04
Loss = 7.1627e-03, PNorm = 97.7220, GNorm = 0.6121, lr_0 = 7.9530e-04
Loss = 8.5606e-03, PNorm = 97.7336, GNorm = 0.9235, lr_0 = 7.9500e-04
Loss = 8.3707e-03, PNorm = 97.7437, GNorm = 0.3644, lr_0 = 7.9469e-04
Loss = 7.3971e-03, PNorm = 97.7538, GNorm = 1.2456, lr_0 = 7.9439e-04
Loss = 7.3291e-03, PNorm = 97.7662, GNorm = 0.1768, lr_0 = 7.9408e-04
Loss = 7.7385e-03, PNorm = 97.7803, GNorm = 0.9157, lr_0 = 7.9378e-04
Loss = 7.5895e-03, PNorm = 97.7911, GNorm = 0.3254, lr_0 = 7.9347e-04
Loss = 8.8873e-03, PNorm = 97.7993, GNorm = 1.2133, lr_0 = 7.9317e-04
Loss = 1.0659e-02, PNorm = 97.8113, GNorm = 0.6112, lr_0 = 7.9286e-04
Loss = 8.5232e-03, PNorm = 97.8289, GNorm = 0.4405, lr_0 = 7.9256e-04
Loss = 7.4299e-03, PNorm = 97.8451, GNorm = 1.1406, lr_0 = 7.9225e-04
Loss = 7.7808e-03, PNorm = 97.8580, GNorm = 0.5012, lr_0 = 7.9195e-04
Loss = 9.0443e-03, PNorm = 97.8699, GNorm = 1.0262, lr_0 = 7.9164e-04
Loss = 9.5333e-03, PNorm = 97.8823, GNorm = 0.3656, lr_0 = 7.9134e-04
Loss = 8.3487e-03, PNorm = 97.8980, GNorm = 0.2472, lr_0 = 7.9103e-04
Loss = 8.9250e-03, PNorm = 97.9081, GNorm = 0.5899, lr_0 = 7.9073e-04
Loss = 9.1132e-03, PNorm = 97.9179, GNorm = 0.3166, lr_0 = 7.9043e-04
Loss = 8.7550e-03, PNorm = 97.9317, GNorm = 0.2225, lr_0 = 7.9012e-04
Loss = 1.0241e-02, PNorm = 97.9406, GNorm = 0.6440, lr_0 = 7.8982e-04
Loss = 9.3413e-03, PNorm = 97.9490, GNorm = 0.5444, lr_0 = 7.8951e-04
Loss = 9.0238e-03, PNorm = 97.9647, GNorm = 0.7690, lr_0 = 7.8921e-04
Loss = 8.3398e-03, PNorm = 97.9749, GNorm = 0.3141, lr_0 = 7.8891e-04
Loss = 9.9994e-03, PNorm = 97.9883, GNorm = 1.2241, lr_0 = 7.8860e-04
Loss = 9.7289e-03, PNorm = 98.0028, GNorm = 0.7869, lr_0 = 7.8830e-04
Loss = 9.2028e-03, PNorm = 98.0132, GNorm = 0.9628, lr_0 = 7.8800e-04
Loss = 8.6094e-03, PNorm = 98.0209, GNorm = 0.3479, lr_0 = 7.8770e-04
Loss = 8.6882e-03, PNorm = 98.0321, GNorm = 0.2256, lr_0 = 7.8739e-04
Loss = 9.1051e-03, PNorm = 98.0434, GNorm = 0.1930, lr_0 = 7.8709e-04
Loss = 8.9090e-03, PNorm = 98.0557, GNorm = 0.9092, lr_0 = 7.8679e-04
Loss = 9.1340e-03, PNorm = 98.0670, GNorm = 0.7093, lr_0 = 7.8648e-04
Loss = 7.2210e-03, PNorm = 98.0799, GNorm = 0.3232, lr_0 = 7.8618e-04
Loss = 8.9708e-03, PNorm = 98.0909, GNorm = 0.9853, lr_0 = 7.8588e-04
Loss = 9.1965e-03, PNorm = 98.0985, GNorm = 0.6480, lr_0 = 7.8558e-04
Loss = 9.5454e-03, PNorm = 98.1124, GNorm = 0.4712, lr_0 = 7.8528e-04
Loss = 8.3495e-03, PNorm = 98.1262, GNorm = 0.3125, lr_0 = 7.8497e-04
Loss = 8.2807e-03, PNorm = 98.1374, GNorm = 0.4457, lr_0 = 7.8467e-04
Loss = 1.0505e-02, PNorm = 98.1483, GNorm = 0.6412, lr_0 = 7.8437e-04
Loss = 9.0990e-03, PNorm = 98.1655, GNorm = 0.7889, lr_0 = 7.8407e-04
Loss = 9.2850e-03, PNorm = 98.1794, GNorm = 0.3689, lr_0 = 7.8377e-04
Loss = 9.5756e-03, PNorm = 98.1935, GNorm = 0.2407, lr_0 = 7.8347e-04
Loss = 6.9894e-03, PNorm = 98.2064, GNorm = 0.2217, lr_0 = 7.8317e-04
Loss = 8.3490e-03, PNorm = 98.2212, GNorm = 0.3994, lr_0 = 7.8286e-04
Loss = 8.4526e-03, PNorm = 98.2322, GNorm = 0.2939, lr_0 = 7.8256e-04
Loss = 8.3886e-03, PNorm = 98.2438, GNorm = 0.8366, lr_0 = 7.8226e-04
Loss = 7.8748e-03, PNorm = 98.2582, GNorm = 0.7216, lr_0 = 7.8196e-04
Loss = 9.4217e-03, PNorm = 98.2701, GNorm = 0.4075, lr_0 = 7.8166e-04
Loss = 8.2263e-03, PNorm = 98.2798, GNorm = 0.5692, lr_0 = 7.8136e-04
Loss = 8.0107e-03, PNorm = 98.2925, GNorm = 0.1708, lr_0 = 7.8106e-04
Loss = 7.6157e-03, PNorm = 98.3056, GNorm = 0.4656, lr_0 = 7.8076e-04
Loss = 8.4623e-03, PNorm = 98.3180, GNorm = 0.3977, lr_0 = 7.8046e-04
Loss = 7.8404e-03, PNorm = 98.3249, GNorm = 0.4717, lr_0 = 7.8016e-04
Loss = 8.3436e-03, PNorm = 98.3362, GNorm = 0.4635, lr_0 = 7.7986e-04
Loss = 9.1019e-03, PNorm = 98.3490, GNorm = 0.8893, lr_0 = 7.7956e-04
Loss = 8.1285e-03, PNorm = 98.3603, GNorm = 0.5791, lr_0 = 7.7926e-04
Loss = 8.4178e-03, PNorm = 98.3730, GNorm = 0.2908, lr_0 = 7.7896e-04
Loss = 8.9625e-03, PNorm = 98.3837, GNorm = 0.2484, lr_0 = 7.7866e-04
Loss = 7.7229e-03, PNorm = 98.3956, GNorm = 0.1766, lr_0 = 7.7836e-04
Loss = 7.8798e-03, PNorm = 98.4063, GNorm = 0.8517, lr_0 = 7.7806e-04
Loss = 8.3042e-03, PNorm = 98.4143, GNorm = 0.6062, lr_0 = 7.7776e-04
Loss = 7.2004e-03, PNorm = 98.4257, GNorm = 0.2482, lr_0 = 7.7747e-04
Loss = 7.5083e-03, PNorm = 98.4341, GNorm = 0.3258, lr_0 = 7.7717e-04
Loss = 6.9006e-03, PNorm = 98.4384, GNorm = 0.2680, lr_0 = 7.7687e-04
Loss = 7.3224e-03, PNorm = 98.4454, GNorm = 0.4385, lr_0 = 7.7657e-04
Loss = 5.9937e-03, PNorm = 98.4510, GNorm = 0.3368, lr_0 = 7.7627e-04
Loss = 6.6236e-03, PNorm = 98.4588, GNorm = 0.2084, lr_0 = 7.7597e-04
Loss = 7.8570e-03, PNorm = 98.4684, GNorm = 0.5892, lr_0 = 7.7567e-04
Loss = 6.8479e-03, PNorm = 98.4817, GNorm = 0.2598, lr_0 = 7.7538e-04
Loss = 6.8884e-03, PNorm = 98.4890, GNorm = 0.2630, lr_0 = 7.7508e-04
Loss = 7.1965e-03, PNorm = 98.5012, GNorm = 0.2229, lr_0 = 7.7478e-04
Loss = 9.0215e-03, PNorm = 98.5141, GNorm = 1.1163, lr_0 = 7.7448e-04
Loss = 8.0230e-03, PNorm = 98.5274, GNorm = 0.4515, lr_0 = 7.7418e-04
Loss = 7.2999e-03, PNorm = 98.5393, GNorm = 0.8837, lr_0 = 7.7389e-04
Loss = 6.6707e-03, PNorm = 98.5510, GNorm = 0.2307, lr_0 = 7.7359e-04
Loss = 7.8063e-03, PNorm = 98.5588, GNorm = 1.2797, lr_0 = 7.7329e-04
Loss = 8.8854e-03, PNorm = 98.5743, GNorm = 1.0052, lr_0 = 7.7299e-04
Loss = 7.4813e-03, PNorm = 98.5852, GNorm = 0.5281, lr_0 = 7.7270e-04
Loss = 8.0457e-03, PNorm = 98.5958, GNorm = 0.5576, lr_0 = 7.7240e-04
Loss = 7.6431e-03, PNorm = 98.6041, GNorm = 1.0401, lr_0 = 7.7210e-04
Loss = 7.7675e-03, PNorm = 98.6161, GNorm = 0.2844, lr_0 = 7.7181e-04
Loss = 7.0820e-03, PNorm = 98.6297, GNorm = 0.4599, lr_0 = 7.7151e-04
Loss = 6.5587e-03, PNorm = 98.6365, GNorm = 0.4933, lr_0 = 7.7121e-04
Loss = 7.7508e-03, PNorm = 98.6463, GNorm = 1.0933, lr_0 = 7.7092e-04
Loss = 8.6364e-03, PNorm = 98.6569, GNorm = 0.8629, lr_0 = 7.7062e-04
Loss = 7.9752e-03, PNorm = 98.6676, GNorm = 0.6628, lr_0 = 7.7032e-04
Loss = 8.8373e-03, PNorm = 98.6816, GNorm = 0.3029, lr_0 = 7.7003e-04
Loss = 7.5943e-03, PNorm = 98.6905, GNorm = 0.4180, lr_0 = 7.6973e-04
Loss = 8.2937e-03, PNorm = 98.6979, GNorm = 0.8170, lr_0 = 7.6944e-04
Loss = 7.6396e-03, PNorm = 98.7104, GNorm = 0.8022, lr_0 = 7.6914e-04
Loss = 7.1983e-03, PNorm = 98.7219, GNorm = 0.2333, lr_0 = 7.6885e-04
Loss = 7.1447e-03, PNorm = 98.7326, GNorm = 0.4568, lr_0 = 7.6855e-04
Loss = 7.8639e-03, PNorm = 98.7442, GNorm = 0.8280, lr_0 = 7.6825e-04
Loss = 7.7421e-03, PNorm = 98.7542, GNorm = 0.4423, lr_0 = 7.6796e-04
Loss = 8.1929e-03, PNorm = 98.7637, GNorm = 0.7237, lr_0 = 7.6766e-04
Loss = 8.3374e-03, PNorm = 98.7732, GNorm = 0.7876, lr_0 = 7.6737e-04
Loss = 7.5323e-03, PNorm = 98.7840, GNorm = 0.2532, lr_0 = 7.6707e-04
Loss = 7.5539e-03, PNorm = 98.7924, GNorm = 0.4612, lr_0 = 7.6678e-04
Loss = 9.2075e-03, PNorm = 98.8062, GNorm = 1.2540, lr_0 = 7.6648e-04
Loss = 8.8022e-03, PNorm = 98.8207, GNorm = 0.8648, lr_0 = 7.6619e-04
Loss = 9.1094e-03, PNorm = 98.8340, GNorm = 0.3071, lr_0 = 7.6589e-04
Loss = 8.9683e-03, PNorm = 98.8454, GNorm = 0.9086, lr_0 = 7.6560e-04
Loss = 7.9908e-03, PNorm = 98.8529, GNorm = 0.7058, lr_0 = 7.6531e-04
Loss = 7.4584e-03, PNorm = 98.8620, GNorm = 0.4872, lr_0 = 7.6501e-04
Loss = 8.0629e-03, PNorm = 98.8738, GNorm = 0.4793, lr_0 = 7.6472e-04
Loss = 7.2438e-03, PNorm = 98.8874, GNorm = 0.2696, lr_0 = 7.6442e-04
Loss = 1.0080e-02, PNorm = 98.9024, GNorm = 0.6331, lr_0 = 7.6413e-04
Loss = 9.6830e-03, PNorm = 98.9156, GNorm = 0.5720, lr_0 = 7.6384e-04
Loss = 8.6008e-03, PNorm = 98.9270, GNorm = 0.9333, lr_0 = 7.6354e-04
Loss = 9.1671e-03, PNorm = 98.9404, GNorm = 0.3544, lr_0 = 7.6325e-04
Loss = 8.4680e-03, PNorm = 98.9537, GNorm = 0.4156, lr_0 = 7.6296e-04
Loss = 9.4248e-03, PNorm = 98.9710, GNorm = 0.2811, lr_0 = 7.6266e-04
Loss = 7.7467e-03, PNorm = 98.9836, GNorm = 0.4359, lr_0 = 7.6237e-04
Loss = 8.8467e-03, PNorm = 98.9943, GNorm = 0.6699, lr_0 = 7.6208e-04
Loss = 9.5273e-03, PNorm = 99.0034, GNorm = 0.9090, lr_0 = 7.6178e-04
Loss = 9.9507e-03, PNorm = 99.0150, GNorm = 0.3763, lr_0 = 7.6149e-04
Loss = 8.0924e-03, PNorm = 99.0262, GNorm = 0.2705, lr_0 = 7.6120e-04
Loss = 8.6254e-03, PNorm = 99.0393, GNorm = 0.9836, lr_0 = 7.6091e-04
Loss = 7.7743e-03, PNorm = 99.0490, GNorm = 0.2630, lr_0 = 7.6061e-04
Loss = 6.9799e-03, PNorm = 99.0620, GNorm = 0.2274, lr_0 = 7.6032e-04
Loss = 7.7475e-03, PNorm = 99.0766, GNorm = 0.7261, lr_0 = 7.6003e-04
Loss = 7.5515e-03, PNorm = 99.0911, GNorm = 0.3602, lr_0 = 7.5974e-04
Loss = 8.1470e-03, PNorm = 99.1003, GNorm = 0.2608, lr_0 = 7.5944e-04
Loss = 7.6837e-03, PNorm = 99.1087, GNorm = 0.3477, lr_0 = 7.5915e-04
Loss = 7.4131e-03, PNorm = 99.1221, GNorm = 0.3310, lr_0 = 7.5886e-04
Loss = 8.1667e-03, PNorm = 99.1331, GNorm = 0.4608, lr_0 = 7.5857e-04
Loss = 7.8181e-03, PNorm = 99.1407, GNorm = 0.6935, lr_0 = 7.5828e-04
Loss = 7.2063e-03, PNorm = 99.1497, GNorm = 0.2617, lr_0 = 7.5799e-04
Loss = 7.1155e-03, PNorm = 99.1618, GNorm = 0.2291, lr_0 = 7.5769e-04
Loss = 8.6905e-03, PNorm = 99.1757, GNorm = 0.3638, lr_0 = 7.5740e-04
Loss = 9.3381e-03, PNorm = 99.1931, GNorm = 0.4456, lr_0 = 7.5711e-04
Loss = 9.7737e-03, PNorm = 99.2074, GNorm = 0.3570, lr_0 = 7.5682e-04
Loss = 1.1967e-02, PNorm = 99.2235, GNorm = 1.5336, lr_0 = 7.5653e-04
Loss = 1.0081e-02, PNorm = 99.2376, GNorm = 1.0021, lr_0 = 7.5624e-04
Loss = 8.9478e-03, PNorm = 99.2525, GNorm = 1.1304, lr_0 = 7.5595e-04
Loss = 9.7264e-03, PNorm = 99.2651, GNorm = 1.0121, lr_0 = 7.5566e-04
Loss = 9.5492e-03, PNorm = 99.2782, GNorm = 1.0035, lr_0 = 7.5537e-04
Loss = 8.9961e-03, PNorm = 99.2933, GNorm = 0.2707, lr_0 = 7.5508e-04
Loss = 8.9306e-03, PNorm = 99.3079, GNorm = 0.3249, lr_0 = 7.5479e-04
Loss = 9.5164e-03, PNorm = 99.3195, GNorm = 0.2863, lr_0 = 7.5450e-04
Loss = 7.7198e-03, PNorm = 99.3332, GNorm = 0.4942, lr_0 = 7.5421e-04
Loss = 7.9624e-03, PNorm = 99.3454, GNorm = 0.8489, lr_0 = 7.5392e-04
Loss = 8.5667e-03, PNorm = 99.3546, GNorm = 1.1656, lr_0 = 7.5363e-04
Loss = 7.3466e-03, PNorm = 99.3656, GNorm = 0.6293, lr_0 = 7.5334e-04
Loss = 8.2046e-03, PNorm = 99.3759, GNorm = 0.4994, lr_0 = 7.5305e-04
Loss = 8.0943e-03, PNorm = 99.3883, GNorm = 1.3761, lr_0 = 7.5276e-04
Loss = 1.0552e-02, PNorm = 99.4058, GNorm = 0.9263, lr_0 = 7.5247e-04
Loss = 8.8116e-03, PNorm = 99.4154, GNorm = 0.4734, lr_0 = 7.5218e-04
Loss = 7.5997e-03, PNorm = 99.4245, GNorm = 0.1913, lr_0 = 7.5189e-04
Loss = 7.8070e-03, PNorm = 99.4361, GNorm = 0.7347, lr_0 = 7.5160e-04
Loss = 8.3296e-03, PNorm = 99.4519, GNorm = 1.0359, lr_0 = 7.5131e-04
Loss = 8.6862e-03, PNorm = 99.4665, GNorm = 0.2946, lr_0 = 7.5102e-04
Loss = 7.4128e-03, PNorm = 99.4744, GNorm = 0.7535, lr_0 = 7.5073e-04
Loss = 8.5073e-03, PNorm = 99.4872, GNorm = 0.4544, lr_0 = 7.5045e-04
Loss = 7.6009e-03, PNorm = 99.4947, GNorm = 0.6061, lr_0 = 7.5016e-04
Loss = 6.7190e-03, PNorm = 99.5060, GNorm = 0.4200, lr_0 = 7.4987e-04
Loss = 8.7939e-03, PNorm = 99.5148, GNorm = 0.7651, lr_0 = 7.4958e-04
Loss = 8.1823e-03, PNorm = 99.5266, GNorm = 0.3267, lr_0 = 7.4929e-04
Loss = 6.3156e-03, PNorm = 99.5344, GNorm = 0.6402, lr_0 = 7.4900e-04
Loss = 6.9515e-03, PNorm = 99.5415, GNorm = 0.5739, lr_0 = 7.4872e-04
Loss = 6.2506e-03, PNorm = 99.5476, GNorm = 0.3045, lr_0 = 7.4843e-04
Loss = 6.6601e-03, PNorm = 99.5547, GNorm = 0.5503, lr_0 = 7.4814e-04
Loss = 6.3877e-03, PNorm = 99.5645, GNorm = 0.2605, lr_0 = 7.4785e-04
Loss = 6.7178e-03, PNorm = 99.5735, GNorm = 0.3189, lr_0 = 7.4757e-04
Loss = 6.1195e-03, PNorm = 99.5839, GNorm = 0.6109, lr_0 = 7.4728e-04
Loss = 5.4684e-03, PNorm = 99.5930, GNorm = 0.4839, lr_0 = 7.4699e-04
Loss = 5.9170e-03, PNorm = 99.6004, GNorm = 0.2672, lr_0 = 7.4670e-04
Loss = 5.4309e-03, PNorm = 99.6070, GNorm = 0.2269, lr_0 = 7.4642e-04
Loss = 5.7446e-03, PNorm = 99.6163, GNorm = 0.4399, lr_0 = 7.4613e-04
Loss = 6.4295e-03, PNorm = 99.6233, GNorm = 0.4956, lr_0 = 7.4584e-04
Loss = 5.9688e-03, PNorm = 99.6282, GNorm = 0.2665, lr_0 = 7.4556e-04
Loss = 5.6117e-03, PNorm = 99.6373, GNorm = 0.6414, lr_0 = 7.4527e-04
Loss = 5.5493e-03, PNorm = 99.6427, GNorm = 0.4888, lr_0 = 7.4498e-04
Loss = 6.3300e-03, PNorm = 99.6490, GNorm = 0.2605, lr_0 = 7.4470e-04
Loss = 6.0387e-03, PNorm = 99.6571, GNorm = 0.2323, lr_0 = 7.4441e-04
Loss = 8.8559e-03, PNorm = 99.6679, GNorm = 0.2212, lr_0 = 7.4412e-04
Loss = 1.0992e-02, PNorm = 99.6836, GNorm = 0.6718, lr_0 = 7.4384e-04
Loss = 1.2109e-02, PNorm = 99.7027, GNorm = 0.4114, lr_0 = 7.4355e-04
Loss = 1.0023e-02, PNorm = 99.7231, GNorm = 0.3606, lr_0 = 7.4327e-04
Loss = 9.7385e-03, PNorm = 99.7362, GNorm = 0.4301, lr_0 = 7.4298e-04
Loss = 9.3745e-03, PNorm = 99.7492, GNorm = 0.3642, lr_0 = 7.4270e-04
Loss = 7.9139e-03, PNorm = 99.7600, GNorm = 0.2201, lr_0 = 7.4241e-04
Loss = 6.8997e-03, PNorm = 99.7735, GNorm = 0.2810, lr_0 = 7.4212e-04
Loss = 7.9839e-03, PNorm = 99.7863, GNorm = 0.2046, lr_0 = 7.4184e-04
Loss = 7.3984e-03, PNorm = 99.7953, GNorm = 0.4036, lr_0 = 7.4155e-04
Loss = 6.5255e-03, PNorm = 99.8082, GNorm = 0.7638, lr_0 = 7.4127e-04
Loss = 7.8102e-03, PNorm = 99.8161, GNorm = 0.5920, lr_0 = 7.4098e-04
Loss = 6.3401e-03, PNorm = 99.8246, GNorm = 0.3000, lr_0 = 7.4070e-04
Loss = 7.8043e-03, PNorm = 99.8316, GNorm = 0.3610, lr_0 = 7.4041e-04
Loss = 8.3681e-03, PNorm = 99.8413, GNorm = 0.5514, lr_0 = 7.4013e-04
Loss = 7.2904e-03, PNorm = 99.8521, GNorm = 0.7899, lr_0 = 7.3985e-04
Loss = 7.0438e-03, PNorm = 99.8630, GNorm = 0.3699, lr_0 = 7.3956e-04
Loss = 7.3382e-03, PNorm = 99.8722, GNorm = 0.5646, lr_0 = 7.3928e-04
Loss = 6.6569e-03, PNorm = 99.8827, GNorm = 0.8322, lr_0 = 7.3899e-04
Loss = 6.3567e-03, PNorm = 99.8950, GNorm = 0.2191, lr_0 = 7.3871e-04
Loss = 6.3864e-03, PNorm = 99.9028, GNorm = 0.2842, lr_0 = 7.3842e-04
Loss = 6.0704e-03, PNorm = 99.9084, GNorm = 0.4624, lr_0 = 7.3814e-04
Loss = 6.1953e-03, PNorm = 99.9172, GNorm = 0.2320, lr_0 = 7.3786e-04
Loss = 6.0297e-03, PNorm = 99.9270, GNorm = 0.2107, lr_0 = 7.3757e-04
Loss = 6.8155e-03, PNorm = 99.9348, GNorm = 0.3244, lr_0 = 7.3729e-04
Loss = 7.2067e-03, PNorm = 99.9439, GNorm = 0.6011, lr_0 = 7.3701e-04
Loss = 6.4118e-03, PNorm = 99.9564, GNorm = 0.4884, lr_0 = 7.3672e-04
Loss = 5.9469e-03, PNorm = 99.9640, GNorm = 0.6620, lr_0 = 7.3644e-04
Loss = 6.6857e-03, PNorm = 99.9687, GNorm = 0.3163, lr_0 = 7.3616e-04
Loss = 6.0861e-03, PNorm = 99.9743, GNorm = 0.3264, lr_0 = 7.3587e-04
Loss = 6.5338e-03, PNorm = 99.9859, GNorm = 0.3997, lr_0 = 7.3559e-04
Loss = 6.2924e-03, PNorm = 99.9952, GNorm = 0.3796, lr_0 = 7.3531e-04
Loss = 5.7776e-03, PNorm = 100.0039, GNorm = 0.2544, lr_0 = 7.3503e-04
Loss = 6.2714e-03, PNorm = 100.0164, GNorm = 0.2566, lr_0 = 7.3474e-04
Loss = 5.2082e-03, PNorm = 100.0246, GNorm = 0.3118, lr_0 = 7.3446e-04
Loss = 6.0081e-03, PNorm = 100.0325, GNorm = 0.2959, lr_0 = 7.3418e-04
Loss = 5.7297e-03, PNorm = 100.0395, GNorm = 0.3023, lr_0 = 7.3390e-04
Loss = 5.6239e-03, PNorm = 100.0482, GNorm = 1.3029, lr_0 = 7.3361e-04
Loss = 6.3985e-03, PNorm = 100.0602, GNorm = 0.4676, lr_0 = 7.3333e-04
Loss = 5.4978e-03, PNorm = 100.0672, GNorm = 0.4256, lr_0 = 7.3305e-04
Loss = 6.1901e-03, PNorm = 100.0735, GNorm = 0.5008, lr_0 = 7.3277e-04
Loss = 5.5066e-03, PNorm = 100.0793, GNorm = 0.4164, lr_0 = 7.3249e-04
Loss = 5.0220e-03, PNorm = 100.0850, GNorm = 0.2443, lr_0 = 7.3221e-04
Loss = 5.7813e-03, PNorm = 100.0928, GNorm = 0.8804, lr_0 = 7.3192e-04
Loss = 5.9242e-03, PNorm = 100.0997, GNorm = 0.3654, lr_0 = 7.3164e-04
Loss = 6.7729e-03, PNorm = 100.1047, GNorm = 0.3555, lr_0 = 7.3136e-04
Loss = 5.9432e-03, PNorm = 100.1117, GNorm = 0.3748, lr_0 = 7.3108e-04
Loss = 5.3203e-03, PNorm = 100.1204, GNorm = 0.3332, lr_0 = 7.3080e-04
Loss = 5.8317e-03, PNorm = 100.1291, GNorm = 0.2772, lr_0 = 7.3052e-04
Loss = 5.8253e-03, PNorm = 100.1347, GNorm = 0.1781, lr_0 = 7.3024e-04
Loss = 5.3090e-03, PNorm = 100.1424, GNorm = 0.3638, lr_0 = 7.2996e-04
Loss = 4.8954e-03, PNorm = 100.1461, GNorm = 0.1944, lr_0 = 7.2968e-04
Loss = 5.7450e-03, PNorm = 100.1519, GNorm = 0.4567, lr_0 = 7.2940e-04
Loss = 5.1049e-03, PNorm = 100.1598, GNorm = 0.3733, lr_0 = 7.2912e-04
Loss = 5.3187e-03, PNorm = 100.1702, GNorm = 0.2252, lr_0 = 7.2883e-04
Loss = 5.0740e-03, PNorm = 100.1770, GNorm = 0.2130, lr_0 = 7.2855e-04
Loss = 5.8501e-03, PNorm = 100.1861, GNorm = 0.4829, lr_0 = 7.2827e-04
Loss = 5.1868e-03, PNorm = 100.1982, GNorm = 0.1973, lr_0 = 7.2799e-04
Loss = 5.3519e-03, PNorm = 100.2074, GNorm = 0.4332, lr_0 = 7.2771e-04
Loss = 5.0891e-03, PNorm = 100.2126, GNorm = 0.5485, lr_0 = 7.2744e-04
Loss = 5.6338e-03, PNorm = 100.2182, GNorm = 0.8695, lr_0 = 7.2716e-04
Loss = 5.5231e-03, PNorm = 100.2271, GNorm = 0.3040, lr_0 = 7.2688e-04
Loss = 6.0617e-03, PNorm = 100.2339, GNorm = 0.3875, lr_0 = 7.2660e-04
Loss = 5.7958e-03, PNorm = 100.2396, GNorm = 0.5382, lr_0 = 7.2632e-04
Loss = 5.8630e-03, PNorm = 100.2478, GNorm = 0.3091, lr_0 = 7.2604e-04
Loss = 6.7110e-03, PNorm = 100.2580, GNorm = 0.9172, lr_0 = 7.2576e-04
Loss = 7.5072e-03, PNorm = 100.2687, GNorm = 1.0448, lr_0 = 7.2548e-04
Loss = 7.3600e-03, PNorm = 100.2800, GNorm = 0.8972, lr_0 = 7.2520e-04
Loss = 7.9982e-03, PNorm = 100.2918, GNorm = 0.8177, lr_0 = 7.2492e-04
Loss = 7.3285e-03, PNorm = 100.3007, GNorm = 0.5816, lr_0 = 7.2464e-04
Loss = 6.7478e-03, PNorm = 100.3103, GNorm = 0.4484, lr_0 = 7.2437e-04
Loss = 6.0023e-03, PNorm = 100.3163, GNorm = 0.7520, lr_0 = 7.2409e-04
Loss = 6.2406e-03, PNorm = 100.3228, GNorm = 0.3836, lr_0 = 7.2381e-04
Loss = 5.7590e-03, PNorm = 100.3341, GNorm = 0.4262, lr_0 = 7.2353e-04
Loss = 7.0415e-03, PNorm = 100.3441, GNorm = 0.3616, lr_0 = 7.2325e-04
Loss = 6.9102e-03, PNorm = 100.3551, GNorm = 0.3380, lr_0 = 7.2297e-04
Loss = 5.8975e-03, PNorm = 100.3687, GNorm = 0.5666, lr_0 = 7.2270e-04
Loss = 6.6579e-03, PNorm = 100.3758, GNorm = 0.2595, lr_0 = 7.2242e-04
Loss = 5.7137e-03, PNorm = 100.3833, GNorm = 0.6579, lr_0 = 7.2214e-04
Loss = 5.9150e-03, PNorm = 100.3895, GNorm = 0.2609, lr_0 = 7.2186e-04
Loss = 6.2279e-03, PNorm = 100.4005, GNorm = 0.2329, lr_0 = 7.2159e-04
Loss = 6.1378e-03, PNorm = 100.4102, GNorm = 0.5480, lr_0 = 7.2131e-04
Loss = 5.9665e-03, PNorm = 100.4226, GNorm = 0.8237, lr_0 = 7.2103e-04
Loss = 6.1124e-03, PNorm = 100.4282, GNorm = 0.8368, lr_0 = 7.2075e-04
Loss = 5.9799e-03, PNorm = 100.4387, GNorm = 0.9282, lr_0 = 7.2048e-04
Loss = 5.8429e-03, PNorm = 100.4468, GNorm = 0.9864, lr_0 = 7.2020e-04
Loss = 5.6406e-03, PNorm = 100.4543, GNorm = 0.3644, lr_0 = 7.1992e-04
Loss = 6.4926e-03, PNorm = 100.4597, GNorm = 0.3547, lr_0 = 7.1965e-04
Loss = 6.2164e-03, PNorm = 100.4703, GNorm = 0.7706, lr_0 = 7.1937e-04
Loss = 6.7278e-03, PNorm = 100.4790, GNorm = 0.8783, lr_0 = 7.1909e-04
Loss = 6.2520e-03, PNorm = 100.4883, GNorm = 0.3986, lr_0 = 7.1882e-04
Loss = 6.6013e-03, PNorm = 100.5003, GNorm = 0.8382, lr_0 = 7.1854e-04
Loss = 6.6318e-03, PNorm = 100.5129, GNorm = 0.4489, lr_0 = 7.1826e-04
Loss = 6.4500e-03, PNorm = 100.5220, GNorm = 1.3032, lr_0 = 7.1799e-04
Loss = 7.0492e-03, PNorm = 100.5311, GNorm = 0.9421, lr_0 = 7.1771e-04
Loss = 8.3519e-03, PNorm = 100.5388, GNorm = 1.0873, lr_0 = 7.1744e-04
Loss = 6.2719e-03, PNorm = 100.5483, GNorm = 0.2590, lr_0 = 7.1716e-04
Loss = 6.6516e-03, PNorm = 100.5557, GNorm = 0.3165, lr_0 = 7.1688e-04
Loss = 5.9978e-03, PNorm = 100.5646, GNorm = 0.4591, lr_0 = 7.1661e-04
Loss = 6.0145e-03, PNorm = 100.5736, GNorm = 1.2582, lr_0 = 7.1633e-04
Loss = 5.6358e-03, PNorm = 100.5841, GNorm = 0.3885, lr_0 = 7.1606e-04
Loss = 5.4677e-03, PNorm = 100.5953, GNorm = 0.2911, lr_0 = 7.1578e-04
Loss = 5.6306e-03, PNorm = 100.6051, GNorm = 0.4708, lr_0 = 7.1551e-04
Loss = 5.2553e-03, PNorm = 100.6141, GNorm = 0.3046, lr_0 = 7.1523e-04
Loss = 4.9136e-03, PNorm = 100.6195, GNorm = 0.2449, lr_0 = 7.1496e-04
Loss = 5.3033e-03, PNorm = 100.6247, GNorm = 0.5794, lr_0 = 7.1468e-04
Loss = 6.3185e-03, PNorm = 100.6300, GNorm = 0.7124, lr_0 = 7.1441e-04
Loss = 6.1562e-03, PNorm = 100.6386, GNorm = 0.8148, lr_0 = 7.1413e-04
Loss = 7.2386e-03, PNorm = 100.6522, GNorm = 0.9969, lr_0 = 7.1386e-04
Loss = 6.4272e-03, PNorm = 100.6576, GNorm = 1.2520, lr_0 = 7.1358e-04
Loss = 6.2909e-03, PNorm = 100.6622, GNorm = 0.7552, lr_0 = 7.1331e-04
Loss = 5.7429e-03, PNorm = 100.6698, GNorm = 0.3533, lr_0 = 7.1304e-04
Loss = 5.7868e-03, PNorm = 100.6791, GNorm = 1.1567, lr_0 = 7.1276e-04
Loss = 5.6947e-03, PNorm = 100.6887, GNorm = 0.3246, lr_0 = 7.1249e-04
Loss = 6.0947e-03, PNorm = 100.6978, GNorm = 0.3417, lr_0 = 7.1221e-04
Loss = 5.6126e-03, PNorm = 100.7065, GNorm = 0.5179, lr_0 = 7.1194e-04
Loss = 5.8576e-03, PNorm = 100.7117, GNorm = 0.3063, lr_0 = 7.1167e-04
Loss = 5.5648e-03, PNorm = 100.7198, GNorm = 0.1907, lr_0 = 7.1139e-04
Loss = 5.2401e-03, PNorm = 100.7306, GNorm = 0.3231, lr_0 = 7.1112e-04
Loss = 5.5316e-03, PNorm = 100.7400, GNorm = 0.1974, lr_0 = 7.1085e-04
Loss = 5.3380e-03, PNorm = 100.7476, GNorm = 0.2244, lr_0 = 7.1057e-04
Loss = 5.3703e-03, PNorm = 100.7553, GNorm = 0.2443, lr_0 = 7.1030e-04
Loss = 5.9074e-03, PNorm = 100.7653, GNorm = 0.3813, lr_0 = 7.1003e-04
Loss = 5.9668e-03, PNorm = 100.7724, GNorm = 0.8032, lr_0 = 7.0975e-04
Loss = 6.8477e-03, PNorm = 100.7822, GNorm = 1.1728, lr_0 = 7.0948e-04
Loss = 6.2774e-03, PNorm = 100.7954, GNorm = 0.8759, lr_0 = 7.0921e-04
Loss = 7.4167e-03, PNorm = 100.8096, GNorm = 0.5946, lr_0 = 7.0894e-04
Loss = 7.1336e-03, PNorm = 100.8236, GNorm = 0.2131, lr_0 = 7.0866e-04
Loss = 6.6086e-03, PNorm = 100.8356, GNorm = 0.4431, lr_0 = 7.0839e-04
Loss = 6.7349e-03, PNorm = 100.8445, GNorm = 0.9018, lr_0 = 7.0812e-04
Loss = 5.7906e-03, PNorm = 100.8536, GNorm = 0.3003, lr_0 = 7.0785e-04
Loss = 6.1438e-03, PNorm = 100.8642, GNorm = 0.4379, lr_0 = 7.0757e-04
Loss = 6.4746e-03, PNorm = 100.8734, GNorm = 0.2314, lr_0 = 7.0730e-04
Loss = 6.3106e-03, PNorm = 100.8790, GNorm = 0.3174, lr_0 = 7.0703e-04
Loss = 5.4577e-03, PNorm = 100.8871, GNorm = 1.1816, lr_0 = 7.0676e-04
Loss = 5.3475e-03, PNorm = 100.8910, GNorm = 0.8876, lr_0 = 7.0649e-04
Loss = 5.4200e-03, PNorm = 100.8960, GNorm = 0.1643, lr_0 = 7.0622e-04
Loss = 5.3375e-03, PNorm = 100.9044, GNorm = 1.0466, lr_0 = 7.0594e-04
Loss = 5.1235e-03, PNorm = 100.9116, GNorm = 0.5048, lr_0 = 7.0567e-04
Loss = 5.5489e-03, PNorm = 100.9187, GNorm = 0.8078, lr_0 = 7.0540e-04
Loss = 6.1935e-03, PNorm = 100.9278, GNorm = 0.2841, lr_0 = 7.0513e-04
Loss = 8.1280e-03, PNorm = 100.9385, GNorm = 0.6571, lr_0 = 7.0486e-04
Loss = 8.1300e-03, PNorm = 100.9479, GNorm = 0.5225, lr_0 = 7.0459e-04
Loss = 8.4453e-03, PNorm = 100.9606, GNorm = 0.6875, lr_0 = 7.0432e-04
Loss = 7.1817e-03, PNorm = 100.9722, GNorm = 0.3801, lr_0 = 7.0405e-04
Loss = 7.0705e-03, PNorm = 100.9835, GNorm = 0.1758, lr_0 = 7.0378e-04
Loss = 7.3059e-03, PNorm = 100.9923, GNorm = 1.0301, lr_0 = 7.0351e-04
Loss = 7.7154e-03, PNorm = 101.0019, GNorm = 0.8214, lr_0 = 7.0323e-04
Loss = 8.3998e-03, PNorm = 101.0113, GNorm = 0.6498, lr_0 = 7.0296e-04
Loss = 7.3869e-03, PNorm = 101.0212, GNorm = 0.6716, lr_0 = 7.0269e-04
Loss = 6.6888e-03, PNorm = 101.0322, GNorm = 0.4082, lr_0 = 7.0242e-04
Loss = 5.9899e-03, PNorm = 101.0400, GNorm = 0.7581, lr_0 = 7.0215e-04
Loss = 7.3400e-03, PNorm = 101.0493, GNorm = 0.6297, lr_0 = 7.0188e-04
Loss = 7.5473e-03, PNorm = 101.0622, GNorm = 0.3419, lr_0 = 7.0161e-04
Loss = 6.6212e-03, PNorm = 101.0750, GNorm = 0.3404, lr_0 = 7.0134e-04
Loss = 7.1930e-03, PNorm = 101.0873, GNorm = 0.4136, lr_0 = 7.0108e-04
Loss = 5.7056e-03, PNorm = 101.1003, GNorm = 0.3573, lr_0 = 7.0081e-04
Loss = 6.2159e-03, PNorm = 101.1110, GNorm = 0.8077, lr_0 = 7.0054e-04
Loss = 5.6253e-03, PNorm = 101.1209, GNorm = 0.2137, lr_0 = 7.0027e-04
Loss = 5.0516e-03, PNorm = 101.1306, GNorm = 0.1924, lr_0 = 7.0000e-04
Loss = 5.4527e-03, PNorm = 101.1392, GNorm = 0.2832, lr_0 = 6.9973e-04
Loss = 6.0093e-03, PNorm = 101.1472, GNorm = 0.5923, lr_0 = 6.9946e-04
Loss = 5.7072e-03, PNorm = 101.1551, GNorm = 0.2227, lr_0 = 6.9919e-04
Loss = 5.8046e-03, PNorm = 101.1637, GNorm = 0.3621, lr_0 = 6.9892e-04
Loss = 4.9826e-03, PNorm = 101.1729, GNorm = 0.4036, lr_0 = 6.9865e-04
Loss = 5.3202e-03, PNorm = 101.1778, GNorm = 1.1283, lr_0 = 6.9839e-04
Loss = 6.3183e-03, PNorm = 101.1820, GNorm = 0.5818, lr_0 = 6.9812e-04
Loss = 5.5245e-03, PNorm = 101.1901, GNorm = 0.2632, lr_0 = 6.9785e-04
Loss = 5.0929e-03, PNorm = 101.1969, GNorm = 0.3969, lr_0 = 6.9758e-04
Loss = 4.8924e-03, PNorm = 101.2033, GNorm = 0.2228, lr_0 = 6.9731e-04
Loss = 5.9848e-03, PNorm = 101.2103, GNorm = 0.5027, lr_0 = 6.9704e-04
Loss = 5.5776e-03, PNorm = 101.2187, GNorm = 0.3437, lr_0 = 6.9678e-04
Loss = 6.7151e-03, PNorm = 101.2275, GNorm = 0.6727, lr_0 = 6.9651e-04
Loss = 6.1940e-03, PNorm = 101.2376, GNorm = 0.9962, lr_0 = 6.9624e-04
Loss = 5.7510e-03, PNorm = 101.2416, GNorm = 0.1748, lr_0 = 6.9597e-04
Loss = 5.8520e-03, PNorm = 101.2507, GNorm = 0.7426, lr_0 = 6.9571e-04
Loss = 5.2618e-03, PNorm = 101.2617, GNorm = 0.3376, lr_0 = 6.9544e-04
Loss = 5.4004e-03, PNorm = 101.2703, GNorm = 0.2600, lr_0 = 6.9517e-04
Loss = 5.8573e-03, PNorm = 101.2821, GNorm = 0.4987, lr_0 = 6.9490e-04
Loss = 5.6777e-03, PNorm = 101.2910, GNorm = 0.6749, lr_0 = 6.9464e-04
Loss = 5.8694e-03, PNorm = 101.2951, GNorm = 0.2126, lr_0 = 6.9437e-04
Loss = 5.4971e-03, PNorm = 101.3005, GNorm = 0.3723, lr_0 = 6.9410e-04
Loss = 5.5635e-03, PNorm = 101.3091, GNorm = 0.3650, lr_0 = 6.9384e-04
Loss = 6.2186e-03, PNorm = 101.3208, GNorm = 0.3089, lr_0 = 6.9357e-04
Loss = 6.0248e-03, PNorm = 101.3311, GNorm = 1.0682, lr_0 = 6.9330e-04
Loss = 5.0096e-03, PNorm = 101.3397, GNorm = 0.2654, lr_0 = 6.9304e-04
Loss = 5.3967e-03, PNorm = 101.3475, GNorm = 0.9126, lr_0 = 6.9277e-04
Loss = 6.2087e-03, PNorm = 101.3560, GNorm = 0.4929, lr_0 = 6.9250e-04
Loss = 4.8761e-03, PNorm = 101.3602, GNorm = 0.2048, lr_0 = 6.9224e-04
Loss = 7.3683e-03, PNorm = 101.3663, GNorm = 0.2457, lr_0 = 6.9197e-04
Loss = 7.5584e-03, PNorm = 101.3792, GNorm = 0.1981, lr_0 = 6.9170e-04
Loss = 6.5197e-03, PNorm = 101.3919, GNorm = 0.3031, lr_0 = 6.9144e-04
Loss = 7.1688e-03, PNorm = 101.4019, GNorm = 0.6279, lr_0 = 6.9117e-04
Loss = 6.7660e-03, PNorm = 101.4126, GNorm = 0.1521, lr_0 = 6.9091e-04
Loss = 6.9926e-03, PNorm = 101.4201, GNorm = 0.4969, lr_0 = 6.9064e-04
Loss = 6.5781e-03, PNorm = 101.4319, GNorm = 0.2904, lr_0 = 6.9038e-04
Loss = 5.8600e-03, PNorm = 101.4424, GNorm = 0.3641, lr_0 = 6.9011e-04
Loss = 6.5710e-03, PNorm = 101.4492, GNorm = 0.5966, lr_0 = 6.8985e-04
Loss = 6.5675e-03, PNorm = 101.4561, GNorm = 0.7952, lr_0 = 6.8958e-04
Loss = 6.8997e-03, PNorm = 101.4655, GNorm = 0.2473, lr_0 = 6.8932e-04
Loss = 7.1165e-03, PNorm = 101.4767, GNorm = 0.6585, lr_0 = 6.8905e-04
Loss = 7.3367e-03, PNorm = 101.4846, GNorm = 0.1811, lr_0 = 6.8879e-04
Loss = 7.0212e-03, PNorm = 101.4978, GNorm = 0.3336, lr_0 = 6.8852e-04
Loss = 6.5444e-03, PNorm = 101.5064, GNorm = 0.2094, lr_0 = 6.8826e-04
Loss = 5.4695e-03, PNorm = 101.5184, GNorm = 0.3207, lr_0 = 6.8799e-04
Loss = 5.7324e-03, PNorm = 101.5247, GNorm = 0.3453, lr_0 = 6.8773e-04
Loss = 4.9437e-03, PNorm = 101.5312, GNorm = 0.2788, lr_0 = 6.8746e-04
Loss = 5.9776e-03, PNorm = 101.5384, GNorm = 0.4211, lr_0 = 6.8720e-04
Loss = 5.8566e-03, PNorm = 101.5415, GNorm = 0.2494, lr_0 = 6.8693e-04
Loss = 6.1123e-03, PNorm = 101.5499, GNorm = 0.3287, lr_0 = 6.8667e-04
Loss = 5.8768e-03, PNorm = 101.5593, GNorm = 0.2694, lr_0 = 6.8641e-04
Loss = 6.6547e-03, PNorm = 101.5672, GNorm = 0.3282, lr_0 = 6.8614e-04
Loss = 6.3063e-03, PNorm = 101.5763, GNorm = 0.8796, lr_0 = 6.8588e-04
Loss = 5.4777e-03, PNorm = 101.5883, GNorm = 0.5277, lr_0 = 6.8561e-04
Loss = 6.4392e-03, PNorm = 101.5993, GNorm = 0.5223, lr_0 = 6.8535e-04
Loss = 5.5157e-03, PNorm = 101.6084, GNorm = 0.4745, lr_0 = 6.8509e-04
Loss = 5.2384e-03, PNorm = 101.6161, GNorm = 0.4426, lr_0 = 6.8482e-04
Loss = 6.0915e-03, PNorm = 101.6220, GNorm = 0.2791, lr_0 = 6.8456e-04
Loss = 5.6764e-03, PNorm = 101.6328, GNorm = 0.2579, lr_0 = 6.8430e-04
Loss = 5.9504e-03, PNorm = 101.6418, GNorm = 0.6768, lr_0 = 6.8403e-04
Loss = 6.6520e-03, PNorm = 101.6503, GNorm = 0.5643, lr_0 = 6.8377e-04
Loss = 5.7029e-03, PNorm = 101.6626, GNorm = 0.2064, lr_0 = 6.8351e-04
Loss = 5.6731e-03, PNorm = 101.6698, GNorm = 0.2379, lr_0 = 6.8325e-04
Loss = 4.9302e-03, PNorm = 101.6782, GNorm = 0.2350, lr_0 = 6.8298e-04
Loss = 4.6557e-03, PNorm = 101.6855, GNorm = 0.1683, lr_0 = 6.8272e-04
Loss = 5.8037e-03, PNorm = 101.6932, GNorm = 0.1861, lr_0 = 6.8246e-04
Loss = 5.5563e-03, PNorm = 101.7011, GNorm = 0.8141, lr_0 = 6.8220e-04
Loss = 6.0176e-03, PNorm = 101.7095, GNorm = 0.3279, lr_0 = 6.8193e-04
Loss = 5.7123e-03, PNorm = 101.7187, GNorm = 0.5457, lr_0 = 6.8167e-04
Loss = 5.7618e-03, PNorm = 101.7246, GNorm = 0.1956, lr_0 = 6.8141e-04
Loss = 6.4291e-03, PNorm = 101.7298, GNorm = 0.3832, lr_0 = 6.8115e-04
Loss = 5.1434e-03, PNorm = 101.7345, GNorm = 0.1815, lr_0 = 6.8089e-04
Loss = 4.3071e-03, PNorm = 101.7396, GNorm = 0.2452, lr_0 = 6.8062e-04
Loss = 5.7094e-03, PNorm = 101.7475, GNorm = 0.2774, lr_0 = 6.8036e-04
Loss = 5.7881e-03, PNorm = 101.7580, GNorm = 0.2597, lr_0 = 6.8010e-04
Loss = 5.6637e-03, PNorm = 101.7677, GNorm = 0.5779, lr_0 = 6.7984e-04
Loss = 4.7248e-03, PNorm = 101.7776, GNorm = 0.5179, lr_0 = 6.7958e-04
Loss = 4.5313e-03, PNorm = 101.7853, GNorm = 0.1763, lr_0 = 6.7932e-04
Loss = 4.5109e-03, PNorm = 101.7932, GNorm = 0.3818, lr_0 = 6.7906e-04
Loss = 4.8276e-03, PNorm = 101.8031, GNorm = 0.5757, lr_0 = 6.7880e-04
Loss = 5.3796e-03, PNorm = 101.8122, GNorm = 0.9689, lr_0 = 6.7853e-04
Loss = 5.5289e-03, PNorm = 101.8213, GNorm = 0.3955, lr_0 = 6.7827e-04
Loss = 4.9151e-03, PNorm = 101.8296, GNorm = 0.4764, lr_0 = 6.7801e-04
Loss = 5.9615e-03, PNorm = 101.8347, GNorm = 0.4194, lr_0 = 6.7775e-04
Loss = 4.9995e-03, PNorm = 101.8410, GNorm = 0.6497, lr_0 = 6.7749e-04
Loss = 6.2803e-03, PNorm = 101.8491, GNorm = 0.6611, lr_0 = 6.7723e-04
Loss = 5.3096e-03, PNorm = 101.8576, GNorm = 0.2308, lr_0 = 6.7697e-04
Loss = 4.8915e-03, PNorm = 101.8632, GNorm = 0.3989, lr_0 = 6.7671e-04
Loss = 5.0599e-03, PNorm = 101.8766, GNorm = 0.5232, lr_0 = 6.7645e-04
Loss = 4.7973e-03, PNorm = 101.8874, GNorm = 0.2447, lr_0 = 6.7619e-04
Loss = 5.1315e-03, PNorm = 101.8945, GNorm = 0.5950, lr_0 = 6.7593e-04
Loss = 4.8214e-03, PNorm = 101.9031, GNorm = 0.2332, lr_0 = 6.7567e-04
Loss = 5.1202e-03, PNorm = 101.9096, GNorm = 0.2638, lr_0 = 6.7541e-04
Loss = 5.8675e-03, PNorm = 101.9161, GNorm = 0.7590, lr_0 = 6.7515e-04
Loss = 5.2553e-03, PNorm = 101.9216, GNorm = 0.2263, lr_0 = 6.7489e-04
Loss = 4.8048e-03, PNorm = 101.9265, GNorm = 0.3692, lr_0 = 6.7463e-04
Loss = 4.4763e-03, PNorm = 101.9326, GNorm = 0.4297, lr_0 = 6.7437e-04
Loss = 5.1617e-03, PNorm = 101.9372, GNorm = 0.5021, lr_0 = 6.7411e-04
Loss = 4.1324e-03, PNorm = 101.9421, GNorm = 0.5666, lr_0 = 6.7385e-04
Loss = 4.6322e-03, PNorm = 101.9505, GNorm = 0.8482, lr_0 = 6.7360e-04
Loss = 5.4726e-03, PNorm = 101.9581, GNorm = 0.2906, lr_0 = 6.7334e-04
Loss = 5.4861e-03, PNorm = 101.9639, GNorm = 1.2042, lr_0 = 6.7308e-04
Loss = 4.7890e-03, PNorm = 101.9697, GNorm = 0.6678, lr_0 = 6.7282e-04
Loss = 5.2308e-03, PNorm = 101.9764, GNorm = 0.2619, lr_0 = 6.7256e-04
Loss = 4.9777e-03, PNorm = 101.9830, GNorm = 0.5607, lr_0 = 6.7230e-04
Loss = 5.0626e-03, PNorm = 101.9898, GNorm = 0.8256, lr_0 = 6.7204e-04
Loss = 5.4401e-03, PNorm = 101.9973, GNorm = 0.6184, lr_0 = 6.7179e-04
Loss = 5.2930e-03, PNorm = 102.0050, GNorm = 0.3901, lr_0 = 6.7153e-04
Loss = 5.7100e-03, PNorm = 102.0133, GNorm = 0.8452, lr_0 = 6.7127e-04
Loss = 5.1622e-03, PNorm = 102.0206, GNorm = 0.2024, lr_0 = 6.7101e-04
Loss = 6.0224e-03, PNorm = 102.0268, GNorm = 0.9845, lr_0 = 6.7075e-04
Loss = 5.4016e-03, PNorm = 102.0385, GNorm = 0.3497, lr_0 = 6.7049e-04
Loss = 5.9591e-03, PNorm = 102.0481, GNorm = 0.8462, lr_0 = 6.7024e-04
Loss = 5.0627e-03, PNorm = 102.0566, GNorm = 0.3868, lr_0 = 6.6998e-04
Loss = 4.7850e-03, PNorm = 102.0622, GNorm = 0.3419, lr_0 = 6.6972e-04
Loss = 4.2025e-03, PNorm = 102.0694, GNorm = 0.2418, lr_0 = 6.6946e-04
Loss = 4.8045e-03, PNorm = 102.0731, GNorm = 0.1535, lr_0 = 6.6921e-04
Loss = 5.0518e-03, PNorm = 102.0810, GNorm = 0.4265, lr_0 = 6.6895e-04
Loss = 4.9832e-03, PNorm = 102.0866, GNorm = 0.5345, lr_0 = 6.6869e-04
Loss = 4.6947e-03, PNorm = 102.0939, GNorm = 0.2017, lr_0 = 6.6844e-04
Loss = 4.8414e-03, PNorm = 102.1019, GNorm = 0.6755, lr_0 = 6.6818e-04
Loss = 4.9107e-03, PNorm = 102.1062, GNorm = 0.5885, lr_0 = 6.6792e-04
Loss = 5.9235e-03, PNorm = 102.1112, GNorm = 0.7011, lr_0 = 6.6767e-04
Loss = 4.8645e-03, PNorm = 102.1228, GNorm = 0.1420, lr_0 = 6.6741e-04
Loss = 4.8304e-03, PNorm = 102.1321, GNorm = 0.1682, lr_0 = 6.6715e-04
Loss = 4.6226e-03, PNorm = 102.1351, GNorm = 0.4195, lr_0 = 6.6690e-04
Loss = 5.1008e-03, PNorm = 102.1424, GNorm = 0.2244, lr_0 = 6.6664e-04
Loss = 4.4735e-03, PNorm = 102.1523, GNorm = 0.6722, lr_0 = 6.6638e-04
Loss = 5.1043e-03, PNorm = 102.1560, GNorm = 0.3562, lr_0 = 6.6613e-04
Loss = 4.9123e-03, PNorm = 102.1619, GNorm = 0.2006, lr_0 = 6.6587e-04
Loss = 5.4033e-03, PNorm = 102.1725, GNorm = 0.3156, lr_0 = 6.6561e-04
Loss = 5.2072e-03, PNorm = 102.1832, GNorm = 0.5879, lr_0 = 6.6536e-04
Loss = 5.1925e-03, PNorm = 102.1930, GNorm = 0.7881, lr_0 = 6.6510e-04
Loss = 5.3608e-03, PNorm = 102.2010, GNorm = 0.8294, lr_0 = 6.6485e-04
Loss = 5.2067e-03, PNorm = 102.2093, GNorm = 0.3180, lr_0 = 6.6459e-04
Loss = 5.0016e-03, PNorm = 102.2212, GNorm = 0.4217, lr_0 = 6.6434e-04
Loss = 5.0475e-03, PNorm = 102.2277, GNorm = 0.4560, lr_0 = 6.6408e-04
Loss = 6.4576e-03, PNorm = 102.2346, GNorm = 0.5689, lr_0 = 6.6383e-04
Loss = 5.3329e-03, PNorm = 102.2429, GNorm = 0.7983, lr_0 = 6.6357e-04
Loss = 5.2915e-03, PNorm = 102.2553, GNorm = 0.4386, lr_0 = 6.6332e-04
Loss = 5.1942e-03, PNorm = 102.2628, GNorm = 0.2750, lr_0 = 6.6306e-04
Loss = 5.0367e-03, PNorm = 102.2709, GNorm = 0.8504, lr_0 = 6.6281e-04
Loss = 5.1715e-03, PNorm = 102.2797, GNorm = 0.2016, lr_0 = 6.6255e-04
Loss = 5.2392e-03, PNorm = 102.2876, GNorm = 0.3432, lr_0 = 6.6230e-04
Loss = 5.0882e-03, PNorm = 102.2975, GNorm = 0.5482, lr_0 = 6.6204e-04
Loss = 5.2329e-03, PNorm = 102.3053, GNorm = 0.3656, lr_0 = 6.6179e-04
Loss = 5.4853e-03, PNorm = 102.3123, GNorm = 0.3883, lr_0 = 6.6153e-04
Loss = 6.3221e-03, PNorm = 102.3222, GNorm = 0.3984, lr_0 = 6.6128e-04
Loss = 5.9229e-03, PNorm = 102.3356, GNorm = 0.8455, lr_0 = 6.6102e-04
Loss = 7.3456e-03, PNorm = 102.3456, GNorm = 0.8640, lr_0 = 6.6077e-04
Loss = 6.8412e-03, PNorm = 102.3522, GNorm = 0.6937, lr_0 = 6.6052e-04
Loss = 5.9544e-03, PNorm = 102.3598, GNorm = 0.2270, lr_0 = 6.6026e-04
Loss = 5.7834e-03, PNorm = 102.3719, GNorm = 0.5979, lr_0 = 6.6001e-04
Loss = 6.1824e-03, PNorm = 102.3838, GNorm = 0.6442, lr_0 = 6.5975e-04
Loss = 6.5802e-03, PNorm = 102.3939, GNorm = 0.4559, lr_0 = 6.5950e-04
Loss = 6.2215e-03, PNorm = 102.4031, GNorm = 0.4682, lr_0 = 6.5925e-04
Loss = 5.2254e-03, PNorm = 102.4146, GNorm = 0.3420, lr_0 = 6.5899e-04
Loss = 5.4077e-03, PNorm = 102.4231, GNorm = 0.6620, lr_0 = 6.5874e-04
Loss = 6.2392e-03, PNorm = 102.4332, GNorm = 0.9363, lr_0 = 6.5849e-04
Loss = 6.1998e-03, PNorm = 102.4487, GNorm = 0.2962, lr_0 = 6.5823e-04
Loss = 6.6149e-03, PNorm = 102.4558, GNorm = 0.4424, lr_0 = 6.5798e-04
Loss = 5.6782e-03, PNorm = 102.4622, GNorm = 0.5317, lr_0 = 6.5773e-04
Loss = 5.7568e-03, PNorm = 102.4665, GNorm = 0.6649, lr_0 = 6.5748e-04
Loss = 5.4306e-03, PNorm = 102.4747, GNorm = 0.2311, lr_0 = 6.5722e-04
Loss = 5.5514e-03, PNorm = 102.4821, GNorm = 0.2791, lr_0 = 6.5697e-04
Loss = 5.4621e-03, PNorm = 102.4911, GNorm = 0.5929, lr_0 = 6.5672e-04
Loss = 5.1256e-03, PNorm = 102.4979, GNorm = 0.2099, lr_0 = 6.5647e-04
Loss = 5.4868e-03, PNorm = 102.5041, GNorm = 0.7386, lr_0 = 6.5621e-04
Loss = 5.1582e-03, PNorm = 102.5095, GNorm = 0.1738, lr_0 = 6.5596e-04
Loss = 5.0149e-03, PNorm = 102.5169, GNorm = 1.0258, lr_0 = 6.5571e-04
Loss = 6.5215e-03, PNorm = 102.5279, GNorm = 0.8507, lr_0 = 6.5546e-04
Loss = 7.7689e-03, PNorm = 102.5344, GNorm = 0.6337, lr_0 = 6.5520e-04
Loss = 7.8154e-03, PNorm = 102.5440, GNorm = 0.4017, lr_0 = 6.5495e-04
Loss = 6.8289e-03, PNorm = 102.5528, GNorm = 0.5176, lr_0 = 6.5470e-04
Loss = 6.2723e-03, PNorm = 102.5635, GNorm = 0.1984, lr_0 = 6.5445e-04
Loss = 6.1785e-03, PNorm = 102.5763, GNorm = 0.4850, lr_0 = 6.5420e-04
Loss = 6.1406e-03, PNorm = 102.5866, GNorm = 0.8491, lr_0 = 6.5395e-04
Loss = 8.5519e-03, PNorm = 102.5974, GNorm = 0.4329, lr_0 = 6.5369e-04
Loss = 5.7551e-03, PNorm = 102.6060, GNorm = 0.6012, lr_0 = 6.5344e-04
Loss = 6.9678e-03, PNorm = 102.6188, GNorm = 0.2753, lr_0 = 6.5319e-04
Loss = 6.3292e-03, PNorm = 102.6301, GNorm = 0.1675, lr_0 = 6.5294e-04
Loss = 4.9431e-03, PNorm = 102.6372, GNorm = 0.4001, lr_0 = 6.5269e-04
Loss = 5.1527e-03, PNorm = 102.6439, GNorm = 0.7325, lr_0 = 6.5244e-04
Loss = 5.9265e-03, PNorm = 102.6508, GNorm = 0.8119, lr_0 = 6.5219e-04
Loss = 5.4649e-03, PNorm = 102.6587, GNorm = 0.8243, lr_0 = 6.5194e-04
Loss = 6.2447e-03, PNorm = 102.6668, GNorm = 0.2400, lr_0 = 6.5169e-04
Loss = 6.0936e-03, PNorm = 102.6771, GNorm = 0.3017, lr_0 = 6.5144e-04
Loss = 5.8363e-03, PNorm = 102.6869, GNorm = 0.4280, lr_0 = 6.5119e-04
Loss = 4.6333e-03, PNorm = 102.6944, GNorm = 0.4808, lr_0 = 6.5094e-04
Loss = 5.7963e-03, PNorm = 102.7013, GNorm = 0.2129, lr_0 = 6.5069e-04
Loss = 4.8859e-03, PNorm = 102.7084, GNorm = 0.4386, lr_0 = 6.5044e-04
Loss = 4.4939e-03, PNorm = 102.7153, GNorm = 0.6027, lr_0 = 6.5019e-04
Loss = 4.8610e-03, PNorm = 102.7205, GNorm = 0.6293, lr_0 = 6.4994e-04
Loss = 4.9443e-03, PNorm = 102.7268, GNorm = 0.2241, lr_0 = 6.4969e-04
Loss = 5.5520e-03, PNorm = 102.7345, GNorm = 0.2333, lr_0 = 6.4944e-04
Loss = 5.1503e-03, PNorm = 102.7440, GNorm = 0.3439, lr_0 = 6.4919e-04
Loss = 4.5111e-03, PNorm = 102.7536, GNorm = 0.2271, lr_0 = 6.4894e-04
Loss = 4.8139e-03, PNorm = 102.7628, GNorm = 0.2379, lr_0 = 6.4869e-04
Loss = 5.2213e-03, PNorm = 102.7708, GNorm = 0.3144, lr_0 = 6.4844e-04
Loss = 4.9440e-03, PNorm = 102.7789, GNorm = 0.2382, lr_0 = 6.4819e-04
Loss = 5.3492e-03, PNorm = 102.7852, GNorm = 0.4783, lr_0 = 6.4794e-04
Loss = 5.0702e-03, PNorm = 102.7914, GNorm = 0.2735, lr_0 = 6.4769e-04
Loss = 4.3661e-03, PNorm = 102.7971, GNorm = 0.1247, lr_0 = 6.4744e-04
Loss = 4.0203e-03, PNorm = 102.7998, GNorm = 0.2133, lr_0 = 6.4719e-04
Loss = 4.3390e-03, PNorm = 102.8056, GNorm = 0.7361, lr_0 = 6.4694e-04
Loss = 4.5040e-03, PNorm = 102.8142, GNorm = 0.7532, lr_0 = 6.4670e-04
Loss = 5.0172e-03, PNorm = 102.8210, GNorm = 0.9428, lr_0 = 6.4645e-04
Loss = 5.3141e-03, PNorm = 102.8274, GNorm = 0.2013, lr_0 = 6.4620e-04
Loss = 4.4655e-03, PNorm = 102.8328, GNorm = 0.9879, lr_0 = 6.4595e-04
Loss = 5.1446e-03, PNorm = 102.8376, GNorm = 0.3597, lr_0 = 6.4570e-04
Loss = 5.5910e-03, PNorm = 102.8448, GNorm = 0.4191, lr_0 = 6.4545e-04
Loss = 5.0575e-03, PNorm = 102.8514, GNorm = 0.6681, lr_0 = 6.4521e-04
Loss = 4.1864e-03, PNorm = 102.8558, GNorm = 0.5477, lr_0 = 6.4496e-04
Loss = 4.5616e-03, PNorm = 102.8601, GNorm = 0.4791, lr_0 = 6.4471e-04
Loss = 4.5930e-03, PNorm = 102.8652, GNorm = 0.3700, lr_0 = 6.4446e-04
Loss = 4.1624e-03, PNorm = 102.8717, GNorm = 0.1307, lr_0 = 6.4421e-04
Loss = 4.3103e-03, PNorm = 102.8769, GNorm = 0.6774, lr_0 = 6.4397e-04
Loss = 5.6200e-03, PNorm = 102.8864, GNorm = 0.8941, lr_0 = 6.4372e-04
Loss = 6.9697e-03, PNorm = 102.8950, GNorm = 0.9223, lr_0 = 6.4347e-04
Loss = 5.7219e-03, PNorm = 102.9072, GNorm = 0.9355, lr_0 = 6.4322e-04
Loss = 6.0353e-03, PNorm = 102.9148, GNorm = 0.2785, lr_0 = 6.4298e-04
Loss = 4.8449e-03, PNorm = 102.9218, GNorm = 0.2093, lr_0 = 6.4273e-04
Loss = 6.1082e-03, PNorm = 102.9285, GNorm = 0.5993, lr_0 = 6.4248e-04
Loss = 5.3546e-03, PNorm = 102.9369, GNorm = 0.1462, lr_0 = 6.4224e-04
Loss = 4.7829e-03, PNorm = 102.9432, GNorm = 0.4906, lr_0 = 6.4199e-04
Loss = 5.4882e-03, PNorm = 102.9523, GNorm = 0.3918, lr_0 = 6.4174e-04
Loss = 4.7098e-03, PNorm = 102.9597, GNorm = 0.3508, lr_0 = 6.4150e-04
Loss = 5.3089e-03, PNorm = 102.9652, GNorm = 0.4380, lr_0 = 6.4125e-04
Loss = 4.3743e-03, PNorm = 102.9762, GNorm = 0.2953, lr_0 = 6.4100e-04
Loss = 5.0093e-03, PNorm = 102.9830, GNorm = 0.7407, lr_0 = 6.4076e-04
Loss = 4.6702e-03, PNorm = 102.9906, GNorm = 0.5031, lr_0 = 6.4051e-04
Loss = 4.9641e-03, PNorm = 102.9971, GNorm = 0.1832, lr_0 = 6.4026e-04
Loss = 5.0771e-03, PNorm = 103.0020, GNorm = 0.7600, lr_0 = 6.4002e-04
Loss = 5.9024e-03, PNorm = 103.0114, GNorm = 0.7957, lr_0 = 6.3977e-04
Loss = 5.0173e-03, PNorm = 103.0178, GNorm = 0.8147, lr_0 = 6.3952e-04
Loss = 5.2495e-03, PNorm = 103.0229, GNorm = 0.9782, lr_0 = 6.3928e-04
Loss = 4.6605e-03, PNorm = 103.0339, GNorm = 0.4244, lr_0 = 6.3903e-04
Loss = 4.6036e-03, PNorm = 103.0423, GNorm = 0.1326, lr_0 = 6.3879e-04
Loss = 4.4506e-03, PNorm = 103.0508, GNorm = 0.2267, lr_0 = 6.3854e-04
Loss = 5.2294e-03, PNorm = 103.0594, GNorm = 0.1943, lr_0 = 6.3830e-04
Loss = 4.9705e-03, PNorm = 103.0687, GNorm = 0.6325, lr_0 = 6.3805e-04
Loss = 5.0283e-03, PNorm = 103.0780, GNorm = 0.3963, lr_0 = 6.3781e-04
Loss = 4.5671e-03, PNorm = 103.0849, GNorm = 0.2708, lr_0 = 6.3756e-04
Loss = 5.2484e-03, PNorm = 103.0917, GNorm = 0.2041, lr_0 = 6.3732e-04
Loss = 5.6826e-03, PNorm = 103.1021, GNorm = 0.3191, lr_0 = 6.3707e-04
Loss = 4.7967e-03, PNorm = 103.1097, GNorm = 0.8188, lr_0 = 6.3683e-04
Loss = 4.2778e-03, PNorm = 103.1145, GNorm = 0.2270, lr_0 = 6.3658e-04
Loss = 4.9257e-03, PNorm = 103.1214, GNorm = 0.2978, lr_0 = 6.3634e-04
Loss = 4.9041e-03, PNorm = 103.1262, GNorm = 0.4490, lr_0 = 6.3609e-04
Loss = 4.8749e-03, PNorm = 103.1314, GNorm = 0.4540, lr_0 = 6.3585e-04
Loss = 4.2472e-03, PNorm = 103.1394, GNorm = 0.3278, lr_0 = 6.3560e-04
Loss = 4.5452e-03, PNorm = 103.1467, GNorm = 0.2164, lr_0 = 6.3536e-04
Loss = 4.7555e-03, PNorm = 103.1515, GNorm = 0.6115, lr_0 = 6.3511e-04
Loss = 5.6281e-03, PNorm = 103.1590, GNorm = 0.9028, lr_0 = 6.3487e-04
Loss = 4.9665e-03, PNorm = 103.1688, GNorm = 0.4253, lr_0 = 6.3463e-04
Loss = 4.6716e-03, PNorm = 103.1729, GNorm = 0.2159, lr_0 = 6.3438e-04
Loss = 4.4544e-03, PNorm = 103.1773, GNorm = 0.4684, lr_0 = 6.3414e-04
Loss = 5.1091e-03, PNorm = 103.1861, GNorm = 0.8276, lr_0 = 6.3389e-04
Loss = 4.6794e-03, PNorm = 103.1930, GNorm = 0.7067, lr_0 = 6.3365e-04
Loss = 5.3021e-03, PNorm = 103.2033, GNorm = 1.0693, lr_0 = 6.3341e-04
Loss = 4.3727e-03, PNorm = 103.2106, GNorm = 0.1558, lr_0 = 6.3316e-04
Loss = 3.9631e-03, PNorm = 103.2168, GNorm = 0.1434, lr_0 = 6.3292e-04
Loss = 4.7483e-03, PNorm = 103.2230, GNorm = 0.4664, lr_0 = 6.3268e-04
Loss = 5.2870e-03, PNorm = 103.2300, GNorm = 0.1286, lr_0 = 6.3243e-04
Loss = 5.2132e-03, PNorm = 103.2390, GNorm = 0.8966, lr_0 = 6.3219e-04
Loss = 4.9608e-03, PNorm = 103.2460, GNorm = 0.9415, lr_0 = 6.3195e-04
Loss = 5.1174e-03, PNorm = 103.2532, GNorm = 0.6997, lr_0 = 6.3170e-04
Loss = 6.2248e-03, PNorm = 103.2613, GNorm = 1.3905, lr_0 = 6.3146e-04
Loss = 5.5267e-03, PNorm = 103.2697, GNorm = 0.9979, lr_0 = 6.3122e-04
Loss = 4.6388e-03, PNorm = 103.2762, GNorm = 0.1793, lr_0 = 6.3098e-04
Loss = 5.1446e-03, PNorm = 103.2848, GNorm = 0.4279, lr_0 = 6.3073e-04
Loss = 4.4709e-03, PNorm = 103.2940, GNorm = 0.1687, lr_0 = 6.3049e-04
Loss = 5.2299e-03, PNorm = 103.3015, GNorm = 0.7369, lr_0 = 6.3025e-04
Loss = 4.8797e-03, PNorm = 103.3065, GNorm = 0.2426, lr_0 = 6.3001e-04
Loss = 5.2564e-03, PNorm = 103.3150, GNorm = 0.2938, lr_0 = 6.2976e-04
Loss = 5.8485e-03, PNorm = 103.3217, GNorm = 0.5858, lr_0 = 6.2952e-04
Loss = 6.8453e-03, PNorm = 103.3297, GNorm = 0.3398, lr_0 = 6.2928e-04
Loss = 5.8161e-03, PNorm = 103.3394, GNorm = 0.4007, lr_0 = 6.2904e-04
Loss = 5.6554e-03, PNorm = 103.3488, GNorm = 0.3283, lr_0 = 6.2880e-04
Loss = 4.5741e-03, PNorm = 103.3566, GNorm = 0.2042, lr_0 = 6.2856e-04
Loss = 4.2306e-03, PNorm = 103.3602, GNorm = 0.4356, lr_0 = 6.2831e-04
Loss = 5.0790e-03, PNorm = 103.3675, GNorm = 0.2689, lr_0 = 6.2807e-04
Loss = 4.1844e-03, PNorm = 103.3735, GNorm = 0.3505, lr_0 = 6.2783e-04
Loss = 4.3211e-03, PNorm = 103.3801, GNorm = 0.4208, lr_0 = 6.2759e-04
Loss = 3.6718e-03, PNorm = 103.3869, GNorm = 0.4570, lr_0 = 6.2735e-04
Loss = 3.5395e-03, PNorm = 103.3896, GNorm = 0.3139, lr_0 = 6.2711e-04
Loss = 4.3963e-03, PNorm = 103.3943, GNorm = 0.1626, lr_0 = 6.2687e-04
Loss = 3.8650e-03, PNorm = 103.4008, GNorm = 0.3907, lr_0 = 6.2663e-04
Loss = 3.2435e-03, PNorm = 103.4082, GNorm = 0.1606, lr_0 = 6.2638e-04
Loss = 3.7612e-03, PNorm = 103.4173, GNorm = 0.9461, lr_0 = 6.2614e-04
Loss = 4.2592e-03, PNorm = 103.4236, GNorm = 0.7806, lr_0 = 6.2590e-04
Loss = 3.9036e-03, PNorm = 103.4293, GNorm = 0.7821, lr_0 = 6.2566e-04
Loss = 3.7403e-03, PNorm = 103.4341, GNorm = 0.8045, lr_0 = 6.2542e-04
Loss = 3.7185e-03, PNorm = 103.4407, GNorm = 0.5301, lr_0 = 6.2518e-04
Loss = 4.3507e-03, PNorm = 103.4469, GNorm = 0.6547, lr_0 = 6.2494e-04
Loss = 3.9650e-03, PNorm = 103.4527, GNorm = 0.4044, lr_0 = 6.2470e-04
Loss = 3.8978e-03, PNorm = 103.4559, GNorm = 0.4426, lr_0 = 6.2446e-04
Loss = 3.3865e-03, PNorm = 103.4598, GNorm = 0.4311, lr_0 = 6.2422e-04
Loss = 3.9062e-03, PNorm = 103.4663, GNorm = 0.1692, lr_0 = 6.2398e-04
Loss = 3.6370e-03, PNorm = 103.4705, GNorm = 0.1564, lr_0 = 6.2374e-04
Loss = 4.2928e-03, PNorm = 103.4768, GNorm = 1.1340, lr_0 = 6.2350e-04
Loss = 3.8784e-03, PNorm = 103.4839, GNorm = 0.2409, lr_0 = 6.2326e-04
Loss = 3.5375e-03, PNorm = 103.4902, GNorm = 0.2537, lr_0 = 6.2302e-04
Loss = 3.5006e-03, PNorm = 103.4951, GNorm = 0.2236, lr_0 = 6.2278e-04
Loss = 3.3905e-03, PNorm = 103.4995, GNorm = 0.4325, lr_0 = 6.2254e-04
Loss = 3.1942e-03, PNorm = 103.5044, GNorm = 0.3605, lr_0 = 6.2230e-04
Loss = 4.0996e-03, PNorm = 103.5094, GNorm = 0.6554, lr_0 = 6.2206e-04
Loss = 3.6648e-03, PNorm = 103.5143, GNorm = 0.5745, lr_0 = 6.2183e-04
Loss = 4.0846e-03, PNorm = 103.5220, GNorm = 0.2292, lr_0 = 6.2159e-04
Loss = 4.0855e-03, PNorm = 103.5267, GNorm = 0.1292, lr_0 = 6.2135e-04
Loss = 4.8590e-03, PNorm = 103.5299, GNorm = 0.1940, lr_0 = 6.2111e-04
Loss = 4.8663e-03, PNorm = 103.5355, GNorm = 0.2183, lr_0 = 6.2087e-04
Loss = 4.4650e-03, PNorm = 103.5415, GNorm = 0.8368, lr_0 = 6.2063e-04
Loss = 4.4351e-03, PNorm = 103.5470, GNorm = 0.1784, lr_0 = 6.2039e-04
Loss = 4.3907e-03, PNorm = 103.5510, GNorm = 0.6349, lr_0 = 6.2015e-04
Loss = 4.3185e-03, PNorm = 103.5559, GNorm = 0.9294, lr_0 = 6.1992e-04
Loss = 4.2268e-03, PNorm = 103.5638, GNorm = 0.6665, lr_0 = 6.1968e-04
Loss = 3.9863e-03, PNorm = 103.5700, GNorm = 0.1497, lr_0 = 6.1944e-04
Loss = 5.0902e-03, PNorm = 103.5754, GNorm = 0.7826, lr_0 = 6.1920e-04
Loss = 4.3710e-03, PNorm = 103.5835, GNorm = 0.5541, lr_0 = 6.1896e-04
Loss = 3.9162e-03, PNorm = 103.5921, GNorm = 0.3441, lr_0 = 6.1872e-04
Loss = 4.0008e-03, PNorm = 103.5962, GNorm = 0.4387, lr_0 = 6.1849e-04
Loss = 4.2774e-03, PNorm = 103.6005, GNorm = 0.2854, lr_0 = 6.1825e-04
Loss = 3.9957e-03, PNorm = 103.6067, GNorm = 0.4821, lr_0 = 6.1801e-04
Loss = 4.9178e-03, PNorm = 103.6104, GNorm = 1.1820, lr_0 = 6.1777e-04
Loss = 4.4242e-03, PNorm = 103.6160, GNorm = 0.1498, lr_0 = 6.1754e-04
Loss = 4.1803e-03, PNorm = 103.6228, GNorm = 0.2614, lr_0 = 6.1730e-04
Loss = 4.5015e-03, PNorm = 103.6321, GNorm = 0.4103, lr_0 = 6.1706e-04
Loss = 4.8115e-03, PNorm = 103.6404, GNorm = 0.2737, lr_0 = 6.1682e-04
Loss = 4.8908e-03, PNorm = 103.6487, GNorm = 0.5957, lr_0 = 6.1659e-04
Loss = 4.7975e-03, PNorm = 103.6577, GNorm = 0.4080, lr_0 = 6.1635e-04
Loss = 5.2888e-03, PNorm = 103.6646, GNorm = 0.9625, lr_0 = 6.1611e-04
Loss = 4.5705e-03, PNorm = 103.6732, GNorm = 0.2220, lr_0 = 6.1588e-04
Loss = 4.8850e-03, PNorm = 103.6799, GNorm = 0.4085, lr_0 = 6.1564e-04
Loss = 5.1657e-03, PNorm = 103.6866, GNorm = 0.6299, lr_0 = 6.1540e-04
Loss = 4.7687e-03, PNorm = 103.6921, GNorm = 0.3257, lr_0 = 6.1517e-04
Loss = 4.6404e-03, PNorm = 103.6994, GNorm = 0.3169, lr_0 = 6.1493e-04
Loss = 4.3550e-03, PNorm = 103.7078, GNorm = 0.4065, lr_0 = 6.1469e-04
Loss = 4.0252e-03, PNorm = 103.7170, GNorm = 0.3643, lr_0 = 6.1446e-04
Loss = 3.7993e-03, PNorm = 103.7269, GNorm = 0.3962, lr_0 = 6.1422e-04
Loss = 3.7799e-03, PNorm = 103.7327, GNorm = 0.4137, lr_0 = 6.1399e-04
Loss = 4.4929e-03, PNorm = 103.7367, GNorm = 1.0708, lr_0 = 6.1375e-04
Loss = 4.6434e-03, PNorm = 103.7448, GNorm = 0.3756, lr_0 = 6.1351e-04
Loss = 4.3970e-03, PNorm = 103.7548, GNorm = 0.4256, lr_0 = 6.1328e-04
Loss = 4.3987e-03, PNorm = 103.7633, GNorm = 0.1710, lr_0 = 6.1304e-04
Loss = 4.0289e-03, PNorm = 103.7691, GNorm = 0.2716, lr_0 = 6.1281e-04
Loss = 4.0395e-03, PNorm = 103.7762, GNorm = 0.1831, lr_0 = 6.1257e-04
Loss = 4.1701e-03, PNorm = 103.7809, GNorm = 0.2248, lr_0 = 6.1234e-04
Loss = 4.1634e-03, PNorm = 103.7866, GNorm = 0.2293, lr_0 = 6.1210e-04
Loss = 3.9744e-03, PNorm = 103.7944, GNorm = 0.2451, lr_0 = 6.1186e-04
Loss = 4.6295e-03, PNorm = 103.7984, GNorm = 0.5249, lr_0 = 6.1163e-04
Loss = 4.3286e-03, PNorm = 103.8070, GNorm = 0.2161, lr_0 = 6.1139e-04
Loss = 4.6720e-03, PNorm = 103.8137, GNorm = 0.1767, lr_0 = 6.1116e-04
Loss = 4.6728e-03, PNorm = 103.8231, GNorm = 0.1520, lr_0 = 6.1092e-04
Loss = 4.3115e-03, PNorm = 103.8275, GNorm = 0.3248, lr_0 = 6.1069e-04
Loss = 3.5302e-03, PNorm = 103.8314, GNorm = 0.4842, lr_0 = 6.1045e-04
Loss = 3.9859e-03, PNorm = 103.8370, GNorm = 0.1422, lr_0 = 6.1022e-04
Loss = 3.7002e-03, PNorm = 103.8431, GNorm = 0.2426, lr_0 = 6.0999e-04
Loss = 3.9014e-03, PNorm = 103.8481, GNorm = 0.1813, lr_0 = 6.0975e-04
Loss = 4.1180e-03, PNorm = 103.8567, GNorm = 0.1911, lr_0 = 6.0952e-04
Loss = 4.1837e-03, PNorm = 103.8636, GNorm = 0.1402, lr_0 = 6.0928e-04
Loss = 3.8488e-03, PNorm = 103.8681, GNorm = 0.5819, lr_0 = 6.0905e-04
Loss = 4.4008e-03, PNorm = 103.8700, GNorm = 0.4621, lr_0 = 6.0881e-04
Loss = 3.0568e-03, PNorm = 103.8746, GNorm = 0.1214, lr_0 = 6.0858e-04
Loss = 4.0215e-03, PNorm = 103.8817, GNorm = 0.1983, lr_0 = 6.0835e-04
Loss = 3.4911e-03, PNorm = 103.8856, GNorm = 0.5845, lr_0 = 6.0811e-04
Loss = 4.3724e-03, PNorm = 103.8923, GNorm = 0.3935, lr_0 = 6.0788e-04
Loss = 3.7421e-03, PNorm = 103.9001, GNorm = 0.3134, lr_0 = 6.0764e-04
Loss = 3.7127e-03, PNorm = 103.9048, GNorm = 0.4295, lr_0 = 6.0741e-04
Loss = 3.9297e-03, PNorm = 103.9088, GNorm = 0.5412, lr_0 = 6.0718e-04
Loss = 4.1944e-03, PNorm = 103.9108, GNorm = 0.2533, lr_0 = 6.0694e-04
Loss = 4.5572e-03, PNorm = 103.9164, GNorm = 0.2896, lr_0 = 6.0671e-04
Loss = 4.6144e-03, PNorm = 103.9212, GNorm = 0.1866, lr_0 = 6.0648e-04
Loss = 3.5676e-03, PNorm = 103.9265, GNorm = 0.2204, lr_0 = 6.0624e-04
Loss = 4.1712e-03, PNorm = 103.9323, GNorm = 0.4381, lr_0 = 6.0601e-04
Loss = 4.6017e-03, PNorm = 103.9409, GNorm = 1.2640, lr_0 = 6.0578e-04
Loss = 5.1825e-03, PNorm = 103.9466, GNorm = 0.7765, lr_0 = 6.0555e-04
Loss = 3.8316e-03, PNorm = 103.9570, GNorm = 0.4551, lr_0 = 6.0531e-04
Loss = 4.7065e-03, PNorm = 103.9661, GNorm = 0.2144, lr_0 = 6.0508e-04
Loss = 4.6460e-03, PNorm = 103.9739, GNorm = 0.6715, lr_0 = 6.0485e-04
Loss = 4.4021e-03, PNorm = 103.9784, GNorm = 0.2015, lr_0 = 6.0462e-04
Loss = 5.2400e-03, PNorm = 103.9877, GNorm = 0.8659, lr_0 = 6.0438e-04
Loss = 4.3428e-03, PNorm = 103.9961, GNorm = 0.3289, lr_0 = 6.0415e-04
Loss = 4.0845e-03, PNorm = 103.9996, GNorm = 0.3766, lr_0 = 6.0392e-04
Loss = 4.3450e-03, PNorm = 104.0041, GNorm = 0.2068, lr_0 = 6.0369e-04
Loss = 3.8538e-03, PNorm = 104.0108, GNorm = 0.2474, lr_0 = 6.0345e-04
Loss = 3.9821e-03, PNorm = 104.0151, GNorm = 0.3264, lr_0 = 6.0322e-04
Loss = 3.9775e-03, PNorm = 104.0205, GNorm = 0.2121, lr_0 = 6.0299e-04
Loss = 4.2409e-03, PNorm = 104.0271, GNorm = 0.2082, lr_0 = 6.0276e-04
Loss = 3.6080e-03, PNorm = 104.0345, GNorm = 0.1843, lr_0 = 6.0253e-04
Loss = 3.7187e-03, PNorm = 104.0415, GNorm = 0.1361, lr_0 = 6.0230e-04
Loss = 3.5420e-03, PNorm = 104.0476, GNorm = 0.2361, lr_0 = 6.0206e-04
Loss = 3.6530e-03, PNorm = 104.0550, GNorm = 0.8125, lr_0 = 6.0183e-04
Loss = 3.7561e-03, PNorm = 104.0611, GNorm = 0.5976, lr_0 = 6.0160e-04
Loss = 4.4200e-03, PNorm = 104.0643, GNorm = 0.7228, lr_0 = 6.0137e-04
Loss = 3.9985e-03, PNorm = 104.0701, GNorm = 0.4168, lr_0 = 6.0114e-04
Loss = 3.7020e-03, PNorm = 104.0747, GNorm = 0.2682, lr_0 = 6.0091e-04
Loss = 4.3793e-03, PNorm = 104.0791, GNorm = 0.2224, lr_0 = 6.0068e-04
Loss = 3.7965e-03, PNorm = 104.0853, GNorm = 0.2554, lr_0 = 6.0045e-04
Loss = 4.2876e-03, PNorm = 104.0905, GNorm = 0.9910, lr_0 = 6.0021e-04
Loss = 3.8526e-03, PNorm = 104.0996, GNorm = 0.1194, lr_0 = 5.9998e-04
Loss = 4.3480e-03, PNorm = 104.1108, GNorm = 0.5042, lr_0 = 5.9975e-04
Loss = 3.5225e-03, PNorm = 104.1173, GNorm = 0.1588, lr_0 = 5.9952e-04
Loss = 5.1354e-03, PNorm = 104.1226, GNorm = 0.4990, lr_0 = 5.9929e-04
Loss = 3.8267e-03, PNorm = 104.1313, GNorm = 0.2420, lr_0 = 5.9906e-04
Loss = 4.1575e-03, PNorm = 104.1384, GNorm = 0.1797, lr_0 = 5.9883e-04
Loss = 4.0150e-03, PNorm = 104.1436, GNorm = 0.3836, lr_0 = 5.9860e-04
Loss = 3.9850e-03, PNorm = 104.1485, GNorm = 0.2090, lr_0 = 5.9837e-04
Loss = 3.2711e-03, PNorm = 104.1530, GNorm = 0.2282, lr_0 = 5.9814e-04
Loss = 3.7793e-03, PNorm = 104.1591, GNorm = 0.3333, lr_0 = 5.9791e-04
Loss = 3.8293e-03, PNorm = 104.1644, GNorm = 0.4017, lr_0 = 5.9768e-04
Loss = 4.6427e-03, PNorm = 104.1716, GNorm = 0.8822, lr_0 = 5.9745e-04
Loss = 3.6924e-03, PNorm = 104.1792, GNorm = 0.1906, lr_0 = 5.9722e-04
Loss = 4.0989e-03, PNorm = 104.1861, GNorm = 0.4173, lr_0 = 5.9699e-04
Loss = 4.1553e-03, PNorm = 104.1909, GNorm = 0.2274, lr_0 = 5.9676e-04
Loss = 3.9901e-03, PNorm = 104.1942, GNorm = 0.3085, lr_0 = 5.9653e-04
Loss = 3.7544e-03, PNorm = 104.1983, GNorm = 0.2570, lr_0 = 5.9630e-04
Loss = 4.1439e-03, PNorm = 104.1999, GNorm = 0.2193, lr_0 = 5.9608e-04
Loss = 3.4044e-03, PNorm = 104.2022, GNorm = 0.1257, lr_0 = 5.9585e-04
Loss = 4.3480e-03, PNorm = 104.2096, GNorm = 0.2889, lr_0 = 5.9562e-04
Loss = 3.9814e-03, PNorm = 104.2193, GNorm = 0.4732, lr_0 = 5.9539e-04
Loss = 3.2165e-03, PNorm = 104.2257, GNorm = 0.2139, lr_0 = 5.9516e-04
Loss = 3.2021e-03, PNorm = 104.2312, GNorm = 0.3159, lr_0 = 5.9493e-04
Loss = 3.4952e-03, PNorm = 104.2351, GNorm = 0.2587, lr_0 = 5.9470e-04
Loss = 3.3896e-03, PNorm = 104.2397, GNorm = 0.2795, lr_0 = 5.9447e-04
Loss = 3.2500e-03, PNorm = 104.2460, GNorm = 0.3935, lr_0 = 5.9424e-04
Loss = 3.0297e-03, PNorm = 104.2510, GNorm = 0.1547, lr_0 = 5.9402e-04
Loss = 3.0169e-03, PNorm = 104.2581, GNorm = 0.6511, lr_0 = 5.9379e-04
Loss = 3.5243e-03, PNorm = 104.2636, GNorm = 0.1919, lr_0 = 5.9356e-04
Loss = 3.4017e-03, PNorm = 104.2676, GNorm = 0.3276, lr_0 = 5.9333e-04
Loss = 3.0697e-03, PNorm = 104.2733, GNorm = 0.4867, lr_0 = 5.9310e-04
Loss = 3.7526e-03, PNorm = 104.2784, GNorm = 0.1930, lr_0 = 5.9288e-04
Loss = 3.5897e-03, PNorm = 104.2847, GNorm = 0.1941, lr_0 = 5.9265e-04
Loss = 3.2963e-03, PNorm = 104.2891, GNorm = 0.1730, lr_0 = 5.9242e-04
Loss = 3.6470e-03, PNorm = 104.2928, GNorm = 0.5688, lr_0 = 5.9219e-04
Loss = 3.2056e-03, PNorm = 104.2987, GNorm = 0.2244, lr_0 = 5.9196e-04
Loss = 3.2705e-03, PNorm = 104.3052, GNorm = 0.3657, lr_0 = 5.9174e-04
Loss = 3.4472e-03, PNorm = 104.3099, GNorm = 0.2977, lr_0 = 5.9151e-04
Loss = 3.4729e-03, PNorm = 104.3140, GNorm = 0.4799, lr_0 = 5.9128e-04
Loss = 3.3464e-03, PNorm = 104.3191, GNorm = 0.1625, lr_0 = 5.9105e-04
Loss = 3.3317e-03, PNorm = 104.3239, GNorm = 0.5444, lr_0 = 5.9083e-04
Loss = 3.2551e-03, PNorm = 104.3303, GNorm = 0.4841, lr_0 = 5.9060e-04
Loss = 3.6113e-03, PNorm = 104.3349, GNorm = 0.5015, lr_0 = 5.9037e-04
Loss = 4.1535e-03, PNorm = 104.3414, GNorm = 0.3841, lr_0 = 5.9015e-04
Loss = 3.2473e-03, PNorm = 104.3470, GNorm = 0.2059, lr_0 = 5.8992e-04
Loss = 3.1693e-03, PNorm = 104.3517, GNorm = 0.1596, lr_0 = 5.8969e-04
Loss = 3.4521e-03, PNorm = 104.3560, GNorm = 0.2283, lr_0 = 5.8947e-04
Loss = 3.3686e-03, PNorm = 104.3613, GNorm = 0.3648, lr_0 = 5.8924e-04
Loss = 3.4730e-03, PNorm = 104.3656, GNorm = 0.5208, lr_0 = 5.8901e-04
Loss = 3.7918e-03, PNorm = 104.3703, GNorm = 0.3565, lr_0 = 5.8879e-04
Loss = 3.4357e-03, PNorm = 104.3753, GNorm = 0.5854, lr_0 = 5.8856e-04
Loss = 3.7458e-03, PNorm = 104.3805, GNorm = 0.4939, lr_0 = 5.8833e-04
Loss = 3.1902e-03, PNorm = 104.3863, GNorm = 0.5204, lr_0 = 5.8811e-04
Loss = 3.7869e-03, PNorm = 104.3923, GNorm = 0.4937, lr_0 = 5.8788e-04
Loss = 3.5908e-03, PNorm = 104.3968, GNorm = 0.1511, lr_0 = 5.8766e-04
Loss = 3.5856e-03, PNorm = 104.4023, GNorm = 0.2487, lr_0 = 5.8743e-04
Loss = 3.7140e-03, PNorm = 104.4059, GNorm = 0.2917, lr_0 = 5.8720e-04
Loss = 3.9507e-03, PNorm = 104.4134, GNorm = 0.4167, lr_0 = 5.8698e-04
Loss = 3.9090e-03, PNorm = 104.4217, GNorm = 0.1933, lr_0 = 5.8675e-04
Loss = 3.9000e-03, PNorm = 104.4308, GNorm = 0.4133, lr_0 = 5.8653e-04
Loss = 4.0451e-03, PNorm = 104.4369, GNorm = 0.2317, lr_0 = 5.8630e-04
Loss = 4.0926e-03, PNorm = 104.4414, GNorm = 0.6976, lr_0 = 5.8608e-04
Loss = 3.7541e-03, PNorm = 104.4470, GNorm = 0.1890, lr_0 = 5.8585e-04
Loss = 3.6730e-03, PNorm = 104.4521, GNorm = 0.2587, lr_0 = 5.8563e-04
Loss = 3.3123e-03, PNorm = 104.4580, GNorm = 0.3912, lr_0 = 5.8540e-04
Loss = 3.6773e-03, PNorm = 104.4629, GNorm = 0.2249, lr_0 = 5.8518e-04
Loss = 3.9691e-03, PNorm = 104.4681, GNorm = 0.2254, lr_0 = 5.8495e-04
Loss = 3.9132e-03, PNorm = 104.4716, GNorm = 0.3563, lr_0 = 5.8473e-04
Loss = 3.6346e-03, PNorm = 104.4767, GNorm = 0.2285, lr_0 = 5.8450e-04
Loss = 3.8610e-03, PNorm = 104.4845, GNorm = 0.2792, lr_0 = 5.8428e-04
Loss = 3.4561e-03, PNorm = 104.4903, GNorm = 0.2642, lr_0 = 5.8405e-04
Loss = 4.0734e-03, PNorm = 104.4977, GNorm = 0.6880, lr_0 = 5.8383e-04
Loss = 4.1759e-03, PNorm = 104.5067, GNorm = 0.5091, lr_0 = 5.8360e-04
Loss = 4.7077e-03, PNorm = 104.5129, GNorm = 0.1851, lr_0 = 5.8338e-04
Loss = 3.6453e-03, PNorm = 104.5191, GNorm = 0.1724, lr_0 = 5.8315e-04
Loss = 4.2496e-03, PNorm = 104.5273, GNorm = 0.3852, lr_0 = 5.8293e-04
Loss = 4.0405e-03, PNorm = 104.5342, GNorm = 0.2058, lr_0 = 5.8271e-04
Loss = 4.1681e-03, PNorm = 104.5420, GNorm = 0.4194, lr_0 = 5.8248e-04
Loss = 4.0273e-03, PNorm = 104.5447, GNorm = 0.5145, lr_0 = 5.8226e-04
Loss = 4.2040e-03, PNorm = 104.5519, GNorm = 0.4024, lr_0 = 5.8203e-04
Loss = 4.9354e-03, PNorm = 104.5641, GNorm = 1.0653, lr_0 = 5.8181e-04
Loss = 5.6637e-03, PNorm = 104.5741, GNorm = 0.7362, lr_0 = 5.8159e-04
Loss = 5.0062e-03, PNorm = 104.5812, GNorm = 0.3681, lr_0 = 5.8136e-04
Loss = 4.7643e-03, PNorm = 104.5863, GNorm = 0.2969, lr_0 = 5.8114e-04
Loss = 4.6330e-03, PNorm = 104.5925, GNorm = 0.1764, lr_0 = 5.8092e-04
Loss = 4.5292e-03, PNorm = 104.6007, GNorm = 0.3040, lr_0 = 5.8069e-04
Loss = 4.2669e-03, PNorm = 104.6069, GNorm = 0.8951, lr_0 = 5.8047e-04
Loss = 3.6545e-03, PNorm = 104.6110, GNorm = 0.1769, lr_0 = 5.8025e-04
Loss = 4.1698e-03, PNorm = 104.6168, GNorm = 0.1845, lr_0 = 5.8002e-04
Loss = 4.0167e-03, PNorm = 104.6231, GNorm = 0.6930, lr_0 = 5.7980e-04
Loss = 4.1593e-03, PNorm = 104.6296, GNorm = 0.8099, lr_0 = 5.7958e-04
Loss = 4.0983e-03, PNorm = 104.6369, GNorm = 0.2838, lr_0 = 5.7936e-04
Loss = 3.7385e-03, PNorm = 104.6399, GNorm = 0.4188, lr_0 = 5.7913e-04
Loss = 4.1839e-03, PNorm = 104.6462, GNorm = 0.1878, lr_0 = 5.7891e-04
Loss = 4.1893e-03, PNorm = 104.6537, GNorm = 0.6392, lr_0 = 5.7869e-04
Loss = 4.3360e-03, PNorm = 104.6588, GNorm = 0.6283, lr_0 = 5.7846e-04
Loss = 4.5506e-03, PNorm = 104.6663, GNorm = 0.3718, lr_0 = 5.7824e-04
Loss = 3.6279e-03, PNorm = 104.6746, GNorm = 0.4713, lr_0 = 5.7802e-04
Loss = 3.5740e-03, PNorm = 104.6824, GNorm = 0.1484, lr_0 = 5.7780e-04
Loss = 3.8251e-03, PNorm = 104.6868, GNorm = 0.3606, lr_0 = 5.7758e-04
Loss = 4.1561e-03, PNorm = 104.6910, GNorm = 0.4710, lr_0 = 5.7735e-04
Loss = 3.9349e-03, PNorm = 104.6984, GNorm = 0.2199, lr_0 = 5.7713e-04
Loss = 3.2913e-03, PNorm = 104.7046, GNorm = 0.5278, lr_0 = 5.7691e-04
Loss = 3.5652e-03, PNorm = 104.7109, GNorm = 0.4562, lr_0 = 5.7669e-04
Loss = 4.3284e-03, PNorm = 104.7156, GNorm = 0.8251, lr_0 = 5.7647e-04
Loss = 3.3845e-03, PNorm = 104.7207, GNorm = 0.7497, lr_0 = 5.7624e-04
Loss = 3.1848e-03, PNorm = 104.7279, GNorm = 0.1633, lr_0 = 5.7602e-04
Loss = 3.7576e-03, PNorm = 104.7310, GNorm = 0.6720, lr_0 = 5.7580e-04
Loss = 3.8632e-03, PNorm = 104.7372, GNorm = 0.4510, lr_0 = 5.7558e-04
Loss = 4.4802e-03, PNorm = 104.7451, GNorm = 0.3591, lr_0 = 5.7536e-04
Loss = 4.5045e-03, PNorm = 104.7542, GNorm = 0.2073, lr_0 = 5.7514e-04
Loss = 3.7911e-03, PNorm = 104.7607, GNorm = 0.3470, lr_0 = 5.7492e-04
Loss = 4.4841e-03, PNorm = 104.7677, GNorm = 0.7624, lr_0 = 5.7470e-04
Loss = 4.3153e-03, PNorm = 104.7752, GNorm = 0.2086, lr_0 = 5.7448e-04
Loss = 4.9490e-03, PNorm = 104.7832, GNorm = 0.2048, lr_0 = 5.7425e-04
Loss = 5.0073e-03, PNorm = 104.7915, GNorm = 0.3904, lr_0 = 5.7403e-04
Loss = 4.3019e-03, PNorm = 104.7994, GNorm = 0.4638, lr_0 = 5.7381e-04
Loss = 3.6927e-03, PNorm = 104.8067, GNorm = 0.1584, lr_0 = 5.7359e-04
Loss = 3.8721e-03, PNorm = 104.8120, GNorm = 0.5526, lr_0 = 5.7337e-04
Loss = 4.0154e-03, PNorm = 104.8191, GNorm = 0.6380, lr_0 = 5.7315e-04
Loss = 4.3471e-03, PNorm = 104.8262, GNorm = 0.4936, lr_0 = 5.7293e-04
Loss = 4.1877e-03, PNorm = 104.8336, GNorm = 0.3465, lr_0 = 5.7271e-04
Loss = 3.8637e-03, PNorm = 104.8407, GNorm = 0.6168, lr_0 = 5.7249e-04
Loss = 5.8777e-03, PNorm = 104.8473, GNorm = 0.2518, lr_0 = 5.7227e-04
Loss = 4.6297e-03, PNorm = 104.8579, GNorm = 0.1522, lr_0 = 5.7205e-04
Loss = 4.8810e-03, PNorm = 104.8643, GNorm = 0.3728, lr_0 = 5.7183e-04
Loss = 4.6646e-03, PNorm = 104.8757, GNorm = 0.6703, lr_0 = 5.7161e-04
Loss = 4.2230e-03, PNorm = 104.8844, GNorm = 0.8845, lr_0 = 5.7139e-04
Loss = 4.3312e-03, PNorm = 104.8936, GNorm = 0.2625, lr_0 = 5.7117e-04
Loss = 4.3621e-03, PNorm = 104.9020, GNorm = 0.1501, lr_0 = 5.7095e-04
Loss = 4.1310e-03, PNorm = 104.9072, GNorm = 0.2022, lr_0 = 5.7073e-04
Loss = 3.9665e-03, PNorm = 104.9089, GNorm = 0.6621, lr_0 = 5.7051e-04
Loss = 3.5247e-03, PNorm = 104.9130, GNorm = 0.4115, lr_0 = 5.7029e-04
Loss = 4.5790e-03, PNorm = 104.9177, GNorm = 0.8552, lr_0 = 5.7007e-04
Loss = 5.9842e-03, PNorm = 104.9253, GNorm = 0.8205, lr_0 = 5.6986e-04
Loss = 4.5864e-03, PNorm = 104.9329, GNorm = 0.1637, lr_0 = 5.6964e-04
Loss = 5.3296e-03, PNorm = 104.9412, GNorm = 0.5302, lr_0 = 5.6942e-04
Loss = 5.3933e-03, PNorm = 104.9498, GNorm = 0.4653, lr_0 = 5.6920e-04
Loss = 3.7664e-03, PNorm = 104.9567, GNorm = 0.2117, lr_0 = 5.6898e-04
Loss = 4.0275e-03, PNorm = 104.9612, GNorm = 0.2224, lr_0 = 5.6876e-04
Loss = 3.8908e-03, PNorm = 104.9670, GNorm = 0.3068, lr_0 = 5.6854e-04
Loss = 3.8870e-03, PNorm = 104.9742, GNorm = 0.2633, lr_0 = 5.6832e-04
Loss = 4.3101e-03, PNorm = 104.9792, GNorm = 0.4060, lr_0 = 5.6811e-04
Loss = 4.2056e-03, PNorm = 104.9842, GNorm = 0.4683, lr_0 = 5.6789e-04
Loss = 3.8986e-03, PNorm = 104.9878, GNorm = 0.3207, lr_0 = 5.6767e-04
Loss = 3.3200e-03, PNorm = 104.9936, GNorm = 0.4740, lr_0 = 5.6745e-04
Loss = 3.9179e-03, PNorm = 105.0006, GNorm = 0.3168, lr_0 = 5.6723e-04
Loss = 3.6174e-03, PNorm = 105.0062, GNorm = 0.1776, lr_0 = 5.6701e-04
Loss = 3.4709e-03, PNorm = 105.0136, GNorm = 0.1632, lr_0 = 5.6680e-04
Loss = 3.3641e-03, PNorm = 105.0183, GNorm = 0.1397, lr_0 = 5.6658e-04
Loss = 3.3677e-03, PNorm = 105.0230, GNorm = 0.2281, lr_0 = 5.6636e-04
Loss = 3.5095e-03, PNorm = 105.0278, GNorm = 0.1734, lr_0 = 5.6614e-04
Loss = 4.3914e-03, PNorm = 105.0324, GNorm = 0.6378, lr_0 = 5.6593e-04
Loss = 4.0989e-03, PNorm = 105.0399, GNorm = 0.5117, lr_0 = 5.6571e-04
Loss = 3.7459e-03, PNorm = 105.0461, GNorm = 0.4158, lr_0 = 5.6549e-04
Loss = 3.5810e-03, PNorm = 105.0524, GNorm = 0.2978, lr_0 = 5.6527e-04
Loss = 3.5675e-03, PNorm = 105.0596, GNorm = 0.2264, lr_0 = 5.6506e-04
Loss = 2.9985e-03, PNorm = 105.0671, GNorm = 0.2388, lr_0 = 5.6484e-04
Loss = 3.0063e-03, PNorm = 105.0685, GNorm = 0.5789, lr_0 = 5.6462e-04
Loss = 3.0092e-03, PNorm = 105.0724, GNorm = 0.3186, lr_0 = 5.6440e-04
Loss = 3.0826e-03, PNorm = 105.0765, GNorm = 0.2690, lr_0 = 5.6419e-04
Loss = 3.4523e-03, PNorm = 105.0792, GNorm = 0.1413, lr_0 = 5.6397e-04
Loss = 3.2207e-03, PNorm = 105.0816, GNorm = 0.1883, lr_0 = 5.6375e-04
Loss = 3.7322e-03, PNorm = 105.0890, GNorm = 0.4255, lr_0 = 5.6354e-04
Loss = 3.4513e-03, PNorm = 105.0962, GNorm = 0.2605, lr_0 = 5.6332e-04
Loss = 3.1447e-03, PNorm = 105.1006, GNorm = 0.2584, lr_0 = 5.6310e-04
Loss = 3.4221e-03, PNorm = 105.1036, GNorm = 0.5754, lr_0 = 5.6289e-04
Loss = 3.8057e-03, PNorm = 105.1093, GNorm = 0.4183, lr_0 = 5.6267e-04
Loss = 3.5860e-03, PNorm = 105.1156, GNorm = 0.6938, lr_0 = 5.6245e-04
Loss = 3.4441e-03, PNorm = 105.1248, GNorm = 0.1434, lr_0 = 5.6224e-04
Loss = 3.4454e-03, PNorm = 105.1307, GNorm = 0.3192, lr_0 = 5.6202e-04
Loss = 3.4299e-03, PNorm = 105.1344, GNorm = 0.3533, lr_0 = 5.6181e-04
Loss = 3.3861e-03, PNorm = 105.1359, GNorm = 0.3980, lr_0 = 5.6159e-04
Loss = 4.3309e-03, PNorm = 105.1428, GNorm = 1.2613, lr_0 = 5.6137e-04
Loss = 4.0797e-03, PNorm = 105.1507, GNorm = 0.1848, lr_0 = 5.6116e-04
Loss = 3.7198e-03, PNorm = 105.1562, GNorm = 0.3660, lr_0 = 5.6094e-04
Loss = 3.4629e-03, PNorm = 105.1646, GNorm = 0.3602, lr_0 = 5.6073e-04
Loss = 3.0565e-03, PNorm = 105.1688, GNorm = 0.2054, lr_0 = 5.6051e-04
Loss = 3.1614e-03, PNorm = 105.1756, GNorm = 0.3910, lr_0 = 5.6030e-04
Loss = 3.1943e-03, PNorm = 105.1826, GNorm = 0.3892, lr_0 = 5.6008e-04
Loss = 3.0286e-03, PNorm = 105.1861, GNorm = 0.3221, lr_0 = 5.5987e-04
Loss = 3.3375e-03, PNorm = 105.1907, GNorm = 0.4340, lr_0 = 5.5965e-04
Loss = 3.9044e-03, PNorm = 105.1966, GNorm = 0.4206, lr_0 = 5.5944e-04
Loss = 3.6087e-03, PNorm = 105.2000, GNorm = 0.5421, lr_0 = 5.5922e-04
Loss = 4.0495e-03, PNorm = 105.2009, GNorm = 0.2830, lr_0 = 5.5901e-04
Loss = 3.1024e-03, PNorm = 105.2060, GNorm = 0.7304, lr_0 = 5.5879e-04
Loss = 3.3560e-03, PNorm = 105.2134, GNorm = 0.6224, lr_0 = 5.5858e-04
Loss = 3.5513e-03, PNorm = 105.2198, GNorm = 0.4609, lr_0 = 5.5836e-04
Loss = 3.5393e-03, PNorm = 105.2246, GNorm = 0.1618, lr_0 = 5.5815e-04
Loss = 3.1648e-03, PNorm = 105.2294, GNorm = 0.1669, lr_0 = 5.5793e-04
Loss = 3.1819e-03, PNorm = 105.2330, GNorm = 0.1372, lr_0 = 5.5772e-04
Loss = 3.5369e-03, PNorm = 105.2358, GNorm = 0.5175, lr_0 = 5.5750e-04
Loss = 3.8786e-03, PNorm = 105.2374, GNorm = 0.7564, lr_0 = 5.5729e-04
Loss = 3.6487e-03, PNorm = 105.2397, GNorm = 0.2041, lr_0 = 5.5707e-04
Loss = 3.5595e-03, PNorm = 105.2446, GNorm = 0.1506, lr_0 = 5.5686e-04
Loss = 3.1558e-03, PNorm = 105.2493, GNorm = 0.6008, lr_0 = 5.5665e-04
Loss = 3.4432e-03, PNorm = 105.2589, GNorm = 0.5641, lr_0 = 5.5643e-04
Loss = 3.1765e-03, PNorm = 105.2667, GNorm = 0.2762, lr_0 = 5.5622e-04
Loss = 3.1360e-03, PNorm = 105.2717, GNorm = 0.2030, lr_0 = 5.5600e-04
Loss = 3.2872e-03, PNorm = 105.2737, GNorm = 0.7420, lr_0 = 5.5579e-04
Loss = 3.0748e-03, PNorm = 105.2780, GNorm = 0.2349, lr_0 = 5.5558e-04
Loss = 3.0974e-03, PNorm = 105.2845, GNorm = 0.4956, lr_0 = 5.5536e-04
Loss = 3.2484e-03, PNorm = 105.2888, GNorm = 0.4259, lr_0 = 5.5515e-04
Loss = 3.8854e-03, PNorm = 105.2952, GNorm = 0.5389, lr_0 = 5.5494e-04
Loss = 3.2567e-03, PNorm = 105.3011, GNorm = 0.2371, lr_0 = 5.5472e-04
Loss = 3.9067e-03, PNorm = 105.3045, GNorm = 0.3290, lr_0 = 5.5451e-04
Loss = 4.4700e-03, PNorm = 105.3094, GNorm = 0.5452, lr_0 = 5.5430e-04
Loss = 4.3234e-03, PNorm = 105.3167, GNorm = 0.5513, lr_0 = 5.5408e-04
Loss = 3.5870e-03, PNorm = 105.3223, GNorm = 0.1777, lr_0 = 5.5387e-04
Loss = 3.1444e-03, PNorm = 105.3251, GNorm = 0.3125, lr_0 = 5.5366e-04
Loss = 4.3607e-03, PNorm = 105.3335, GNorm = 0.8706, lr_0 = 5.5345e-04
Loss = 3.7826e-03, PNorm = 105.3396, GNorm = 0.3181, lr_0 = 5.5323e-04
Loss = 3.3822e-03, PNorm = 105.3443, GNorm = 0.5973, lr_0 = 5.5302e-04
Loss = 3.1890e-03, PNorm = 105.3486, GNorm = 0.2205, lr_0 = 5.5281e-04
Loss = 2.9527e-03, PNorm = 105.3563, GNorm = 0.1764, lr_0 = 5.5259e-04
Loss = 3.1231e-03, PNorm = 105.3616, GNorm = 0.5040, lr_0 = 5.5238e-04
Loss = 2.7543e-03, PNorm = 105.3675, GNorm = 0.3936, lr_0 = 5.5217e-04
Loss = 2.6705e-03, PNorm = 105.3719, GNorm = 0.2009, lr_0 = 5.5196e-04
Loss = 3.0026e-03, PNorm = 105.3744, GNorm = 0.5661, lr_0 = 5.5175e-04
Loss = 3.1846e-03, PNorm = 105.3785, GNorm = 1.1476, lr_0 = 5.5153e-04
Loss = 3.1602e-03, PNorm = 105.3818, GNorm = 0.2885, lr_0 = 5.5132e-04
Loss = 3.2571e-03, PNorm = 105.3870, GNorm = 0.3140, lr_0 = 5.5111e-04
Loss = 3.2447e-03, PNorm = 105.3959, GNorm = 0.4222, lr_0 = 5.5090e-04
Loss = 3.1076e-03, PNorm = 105.4014, GNorm = 0.5420, lr_0 = 5.5069e-04
Loss = 3.5158e-03, PNorm = 105.4070, GNorm = 0.7312, lr_0 = 5.5047e-04
Loss = 4.0970e-03, PNorm = 105.4116, GNorm = 0.4932, lr_0 = 5.5026e-04
Loss = 3.8812e-03, PNorm = 105.4144, GNorm = 1.1970, lr_0 = 5.5005e-04
Loss = 3.6312e-03, PNorm = 105.4205, GNorm = 0.7599, lr_0 = 5.4984e-04
Loss = 3.7533e-03, PNorm = 105.4268, GNorm = 0.7611, lr_0 = 5.4963e-04
Loss = 3.2952e-03, PNorm = 105.4343, GNorm = 0.6964, lr_0 = 5.4942e-04
Loss = 3.3874e-03, PNorm = 105.4396, GNorm = 0.2684, lr_0 = 5.4921e-04
Loss = 3.1393e-03, PNorm = 105.4444, GNorm = 0.2931, lr_0 = 5.4899e-04
Loss = 2.8455e-03, PNorm = 105.4501, GNorm = 0.2234, lr_0 = 5.4878e-04
Loss = 2.7716e-03, PNorm = 105.4547, GNorm = 0.2786, lr_0 = 5.4857e-04
Loss = 2.9766e-03, PNorm = 105.4593, GNorm = 0.1532, lr_0 = 5.4836e-04
Loss = 2.6563e-03, PNorm = 105.4629, GNorm = 0.2325, lr_0 = 5.4815e-04
Loss = 2.8422e-03, PNorm = 105.4666, GNorm = 0.4113, lr_0 = 5.4794e-04
Loss = 2.7858e-03, PNorm = 105.4683, GNorm = 0.2381, lr_0 = 5.4773e-04
Loss = 3.3834e-03, PNorm = 105.4720, GNorm = 0.3180, lr_0 = 5.4752e-04
Loss = 3.4212e-03, PNorm = 105.4760, GNorm = 0.8656, lr_0 = 5.4731e-04
Loss = 3.2774e-03, PNorm = 105.4800, GNorm = 0.8272, lr_0 = 5.4710e-04
Loss = 3.0246e-03, PNorm = 105.4856, GNorm = 0.0870, lr_0 = 5.4689e-04
Loss = 2.6957e-03, PNorm = 105.4881, GNorm = 0.1695, lr_0 = 5.4668e-04
Loss = 2.9930e-03, PNorm = 105.4924, GNorm = 0.2910, lr_0 = 5.4647e-04
Loss = 3.3499e-03, PNorm = 105.4960, GNorm = 0.2898, lr_0 = 5.4626e-04
Loss = 2.9363e-03, PNorm = 105.5011, GNorm = 0.4340, lr_0 = 5.4605e-04
Loss = 3.1787e-03, PNorm = 105.5078, GNorm = 0.1843, lr_0 = 5.4584e-04
Loss = 2.8024e-03, PNorm = 105.5116, GNorm = 0.3610, lr_0 = 5.4563e-04
Loss = 2.7005e-03, PNorm = 105.5157, GNorm = 0.0966, lr_0 = 5.4542e-04
Loss = 2.7063e-03, PNorm = 105.5213, GNorm = 0.1327, lr_0 = 5.4521e-04
Loss = 3.0304e-03, PNorm = 105.5250, GNorm = 0.1838, lr_0 = 5.4500e-04
Loss = 2.8815e-03, PNorm = 105.5298, GNorm = 0.3483, lr_0 = 5.4479e-04
Loss = 3.0581e-03, PNorm = 105.5372, GNorm = 0.3900, lr_0 = 5.4458e-04
Loss = 3.4135e-03, PNorm = 105.5420, GNorm = 0.2092, lr_0 = 5.4437e-04
Loss = 2.7782e-03, PNorm = 105.5476, GNorm = 0.2250, lr_0 = 5.4416e-04
Loss = 3.3613e-03, PNorm = 105.5533, GNorm = 0.3307, lr_0 = 5.4395e-04
Loss = 3.2348e-03, PNorm = 105.5576, GNorm = 0.1663, lr_0 = 5.4374e-04
Loss = 3.3808e-03, PNorm = 105.5630, GNorm = 0.3577, lr_0 = 5.4353e-04
Loss = 3.8134e-03, PNorm = 105.5674, GNorm = 0.4245, lr_0 = 5.4333e-04
Loss = 3.2993e-03, PNorm = 105.5717, GNorm = 0.4785, lr_0 = 5.4312e-04
Loss = 2.9837e-03, PNorm = 105.5769, GNorm = 0.7401, lr_0 = 5.4291e-04
Loss = 2.7756e-03, PNorm = 105.5832, GNorm = 0.3325, lr_0 = 5.4270e-04
Loss = 2.8597e-03, PNorm = 105.5881, GNorm = 0.1588, lr_0 = 5.4249e-04
Loss = 2.8956e-03, PNorm = 105.5947, GNorm = 0.2970, lr_0 = 5.4228e-04
Loss = 3.3202e-03, PNorm = 105.5973, GNorm = 0.6601, lr_0 = 5.4207e-04
Loss = 3.5290e-03, PNorm = 105.6015, GNorm = 0.2208, lr_0 = 5.4186e-04
Loss = 2.7682e-03, PNorm = 105.6066, GNorm = 0.3455, lr_0 = 5.4166e-04
Loss = 3.1412e-03, PNorm = 105.6133, GNorm = 0.3258, lr_0 = 5.4145e-04
Loss = 3.2559e-03, PNorm = 105.6162, GNorm = 0.7678, lr_0 = 5.4124e-04
Loss = 2.8937e-03, PNorm = 105.6192, GNorm = 0.1584, lr_0 = 5.4103e-04
Loss = 3.0269e-03, PNorm = 105.6228, GNorm = 0.3037, lr_0 = 5.4082e-04
Loss = 2.7475e-03, PNorm = 105.6299, GNorm = 0.2903, lr_0 = 5.4062e-04
Loss = 2.6770e-03, PNorm = 105.6335, GNorm = 0.1435, lr_0 = 5.4041e-04
Loss = 3.0621e-03, PNorm = 105.6377, GNorm = 0.4544, lr_0 = 5.4020e-04
Loss = 3.5694e-03, PNorm = 105.6406, GNorm = 0.8889, lr_0 = 5.3999e-04
Loss = 2.9959e-03, PNorm = 105.6465, GNorm = 0.2474, lr_0 = 5.3979e-04
Loss = 2.8655e-03, PNorm = 105.6539, GNorm = 0.1735, lr_0 = 5.3958e-04
Loss = 2.4872e-03, PNorm = 105.6602, GNorm = 0.1259, lr_0 = 5.3937e-04
Loss = 2.8800e-03, PNorm = 105.6625, GNorm = 0.1176, lr_0 = 5.3916e-04
Loss = 2.8892e-03, PNorm = 105.6632, GNorm = 0.1837, lr_0 = 5.3896e-04
Loss = 3.2270e-03, PNorm = 105.6692, GNorm = 0.5690, lr_0 = 5.3875e-04
Loss = 2.4250e-03, PNorm = 105.6725, GNorm = 0.2462, lr_0 = 5.3854e-04
Loss = 2.9674e-03, PNorm = 105.6755, GNorm = 0.1965, lr_0 = 5.3833e-04
Loss = 2.5870e-03, PNorm = 105.6825, GNorm = 0.3414, lr_0 = 5.3813e-04
Loss = 2.7132e-03, PNorm = 105.6844, GNorm = 0.3728, lr_0 = 5.3792e-04
Loss = 2.5765e-03, PNorm = 105.6860, GNorm = 0.3377, lr_0 = 5.3771e-04
Loss = 2.4613e-03, PNorm = 105.6890, GNorm = 0.2141, lr_0 = 5.3751e-04
Loss = 2.7162e-03, PNorm = 105.6928, GNorm = 0.2050, lr_0 = 5.3730e-04
Loss = 2.6069e-03, PNorm = 105.6976, GNorm = 0.2739, lr_0 = 5.3709e-04
Loss = 2.6444e-03, PNorm = 105.7005, GNorm = 0.2467, lr_0 = 5.3689e-04
Loss = 2.6711e-03, PNorm = 105.7053, GNorm = 0.5989, lr_0 = 5.3668e-04
Loss = 3.0516e-03, PNorm = 105.7109, GNorm = 0.1942, lr_0 = 5.3648e-04
Loss = 2.9603e-03, PNorm = 105.7118, GNorm = 0.2232, lr_0 = 5.3627e-04
Loss = 2.7867e-03, PNorm = 105.7163, GNorm = 0.3836, lr_0 = 5.3606e-04
Loss = 2.7812e-03, PNorm = 105.7236, GNorm = 0.3173, lr_0 = 5.3586e-04
Loss = 2.6496e-03, PNorm = 105.7295, GNorm = 0.4714, lr_0 = 5.3565e-04
Loss = 2.8567e-03, PNorm = 105.7368, GNorm = 0.4066, lr_0 = 5.3544e-04
Loss = 2.9233e-03, PNorm = 105.7416, GNorm = 0.1573, lr_0 = 5.3524e-04
Loss = 2.7396e-03, PNorm = 105.7425, GNorm = 0.5852, lr_0 = 5.3503e-04
Loss = 2.8943e-03, PNorm = 105.7452, GNorm = 0.7962, lr_0 = 5.3483e-04
Loss = 3.5453e-03, PNorm = 105.7483, GNorm = 0.6606, lr_0 = 5.3462e-04
Loss = 3.8509e-03, PNorm = 105.7531, GNorm = 0.5081, lr_0 = 5.3442e-04
Loss = 3.5542e-03, PNorm = 105.7594, GNorm = 0.4251, lr_0 = 5.3421e-04
Loss = 2.8016e-03, PNorm = 105.7639, GNorm = 0.1333, lr_0 = 5.3401e-04
Loss = 2.6830e-03, PNorm = 105.7669, GNorm = 0.4318, lr_0 = 5.3380e-04
Loss = 2.7446e-03, PNorm = 105.7718, GNorm = 0.3319, lr_0 = 5.3360e-04
Loss = 3.1807e-03, PNorm = 105.7768, GNorm = 0.3643, lr_0 = 5.3339e-04
Loss = 3.7568e-03, PNorm = 105.7850, GNorm = 0.1066, lr_0 = 5.3319e-04
Loss = 3.7633e-03, PNorm = 105.7906, GNorm = 0.1694, lr_0 = 5.3298e-04
Loss = 3.1819e-03, PNorm = 105.7951, GNorm = 0.7542, lr_0 = 5.3278e-04
Loss = 3.6126e-03, PNorm = 105.7988, GNorm = 0.4420, lr_0 = 5.3257e-04
Loss = 3.9623e-03, PNorm = 105.8051, GNorm = 0.4056, lr_0 = 5.3237e-04
Loss = 4.0670e-03, PNorm = 105.8091, GNorm = 0.6553, lr_0 = 5.3216e-04
Loss = 3.3526e-03, PNorm = 105.8152, GNorm = 0.1802, lr_0 = 5.3196e-04
Loss = 3.3085e-03, PNorm = 105.8236, GNorm = 0.5010, lr_0 = 5.3175e-04
Loss = 3.1977e-03, PNorm = 105.8300, GNorm = 0.4602, lr_0 = 5.3155e-04
Loss = 3.2606e-03, PNorm = 105.8329, GNorm = 0.2634, lr_0 = 5.3134e-04
Loss = 3.0519e-03, PNorm = 105.8390, GNorm = 0.3652, lr_0 = 5.3114e-04
Loss = 3.3063e-03, PNorm = 105.8461, GNorm = 0.2487, lr_0 = 5.3093e-04
Loss = 2.8357e-03, PNorm = 105.8497, GNorm = 0.7718, lr_0 = 5.3073e-04
Loss = 2.9178e-03, PNorm = 105.8520, GNorm = 0.3160, lr_0 = 5.3053e-04
Loss = 3.0065e-03, PNorm = 105.8564, GNorm = 0.1674, lr_0 = 5.3032e-04
Loss = 2.9096e-03, PNorm = 105.8597, GNorm = 0.1660, lr_0 = 5.3012e-04
Loss = 2.2916e-03, PNorm = 105.8640, GNorm = 0.1450, lr_0 = 5.2992e-04
Loss = 3.0910e-03, PNorm = 105.8682, GNorm = 0.9776, lr_0 = 5.2971e-04
Loss = 2.9786e-03, PNorm = 105.8747, GNorm = 0.8111, lr_0 = 5.2951e-04
Loss = 3.4566e-03, PNorm = 105.8815, GNorm = 0.2676, lr_0 = 5.2930e-04
Loss = 3.6511e-03, PNorm = 105.8857, GNorm = 0.3050, lr_0 = 5.2910e-04
Loss = 3.1350e-03, PNorm = 105.8912, GNorm = 0.1883, lr_0 = 5.2890e-04
Loss = 2.8306e-03, PNorm = 105.8950, GNorm = 0.5515, lr_0 = 5.2869e-04
Loss = 3.2868e-03, PNorm = 105.8999, GNorm = 0.1974, lr_0 = 5.2849e-04
Loss = 3.2410e-03, PNorm = 105.9046, GNorm = 0.2052, lr_0 = 5.2829e-04
Loss = 2.9183e-03, PNorm = 105.9091, GNorm = 0.2574, lr_0 = 5.2808e-04
Loss = 3.1431e-03, PNorm = 105.9168, GNorm = 0.7703, lr_0 = 5.2788e-04
Loss = 3.1732e-03, PNorm = 105.9203, GNorm = 0.2013, lr_0 = 5.2768e-04
Loss = 2.7397e-03, PNorm = 105.9224, GNorm = 0.2932, lr_0 = 5.2748e-04
Loss = 2.4412e-03, PNorm = 105.9257, GNorm = 0.0862, lr_0 = 5.2727e-04
Loss = 2.6345e-03, PNorm = 105.9301, GNorm = 0.2664, lr_0 = 5.2707e-04
Loss = 2.6184e-03, PNorm = 105.9345, GNorm = 0.5063, lr_0 = 5.2687e-04
Loss = 2.7562e-03, PNorm = 105.9402, GNorm = 0.3752, lr_0 = 5.2667e-04
Loss = 3.3081e-03, PNorm = 105.9456, GNorm = 0.9407, lr_0 = 5.2646e-04
Loss = 3.0138e-03, PNorm = 105.9532, GNorm = 0.2536, lr_0 = 5.2626e-04
Loss = 2.6796e-03, PNorm = 105.9595, GNorm = 0.2423, lr_0 = 5.2606e-04
Loss = 2.3793e-03, PNorm = 105.9636, GNorm = 0.1497, lr_0 = 5.2586e-04
Loss = 2.7030e-03, PNorm = 105.9681, GNorm = 0.1595, lr_0 = 5.2565e-04
Loss = 2.5415e-03, PNorm = 105.9715, GNorm = 0.2190, lr_0 = 5.2545e-04
Loss = 2.7123e-03, PNorm = 105.9758, GNorm = 0.2061, lr_0 = 5.2525e-04
Loss = 3.0959e-03, PNorm = 105.9810, GNorm = 0.2767, lr_0 = 5.2505e-04
Loss = 2.4695e-03, PNorm = 105.9864, GNorm = 0.2882, lr_0 = 5.2485e-04
Loss = 3.1492e-03, PNorm = 105.9892, GNorm = 0.2768, lr_0 = 5.2464e-04
Loss = 2.5148e-03, PNorm = 105.9926, GNorm = 0.1333, lr_0 = 5.2444e-04
Loss = 2.8897e-03, PNorm = 105.9962, GNorm = 0.1441, lr_0 = 5.2424e-04
Loss = 2.8617e-03, PNorm = 105.9988, GNorm = 0.3388, lr_0 = 5.2404e-04
Loss = 2.5974e-03, PNorm = 106.0025, GNorm = 0.5202, lr_0 = 5.2384e-04
Loss = 2.7457e-03, PNorm = 106.0067, GNorm = 0.1245, lr_0 = 5.2364e-04
Loss = 2.8540e-03, PNorm = 106.0087, GNorm = 0.4931, lr_0 = 5.2344e-04
Loss = 3.0030e-03, PNorm = 106.0146, GNorm = 0.5021, lr_0 = 5.2323e-04
Loss = 3.9157e-03, PNorm = 106.0207, GNorm = 0.2022, lr_0 = 5.2303e-04
Loss = 2.6975e-03, PNorm = 106.0262, GNorm = 0.2162, lr_0 = 5.2283e-04
Loss = 3.0919e-03, PNorm = 106.0289, GNorm = 0.7637, lr_0 = 5.2263e-04
Loss = 2.9914e-03, PNorm = 106.0300, GNorm = 0.3541, lr_0 = 5.2243e-04
Loss = 2.5634e-03, PNorm = 106.0342, GNorm = 0.2900, lr_0 = 5.2223e-04
Loss = 2.6075e-03, PNorm = 106.0386, GNorm = 0.2788, lr_0 = 5.2203e-04
Loss = 2.6735e-03, PNorm = 106.0453, GNorm = 0.1635, lr_0 = 5.2183e-04
Loss = 3.0930e-03, PNorm = 106.0497, GNorm = 0.5621, lr_0 = 5.2163e-04
Loss = 2.5157e-03, PNorm = 106.0572, GNorm = 0.5243, lr_0 = 5.2143e-04
Loss = 2.7900e-03, PNorm = 106.0650, GNorm = 0.4642, lr_0 = 5.2123e-04
Loss = 3.0630e-03, PNorm = 106.0716, GNorm = 0.1918, lr_0 = 5.2103e-04
Loss = 2.9120e-03, PNorm = 106.0784, GNorm = 0.4525, lr_0 = 5.2083e-04
Loss = 3.0308e-03, PNorm = 106.0838, GNorm = 0.6715, lr_0 = 5.2063e-04
Loss = 4.8959e-03, PNorm = 106.0885, GNorm = 0.4508, lr_0 = 5.2043e-04
Loss = 4.3924e-03, PNorm = 106.0979, GNorm = 0.1497, lr_0 = 5.2023e-04
Loss = 3.9874e-03, PNorm = 106.1053, GNorm = 0.4165, lr_0 = 5.2003e-04
Loss = 4.4633e-03, PNorm = 106.1093, GNorm = 0.4415, lr_0 = 5.1983e-04
Loss = 4.6216e-03, PNorm = 106.1167, GNorm = 0.2127, lr_0 = 5.1963e-04
Loss = 3.3841e-03, PNorm = 106.1209, GNorm = 0.4588, lr_0 = 5.1943e-04
Loss = 3.8764e-03, PNorm = 106.1250, GNorm = 0.7009, lr_0 = 5.1923e-04
Loss = 3.0228e-03, PNorm = 106.1319, GNorm = 0.1345, lr_0 = 5.1903e-04
Loss = 3.0894e-03, PNorm = 106.1373, GNorm = 0.1587, lr_0 = 5.1883e-04
Loss = 3.5794e-03, PNorm = 106.1456, GNorm = 0.4170, lr_0 = 5.1863e-04
Loss = 2.8247e-03, PNorm = 106.1528, GNorm = 0.1277, lr_0 = 5.1843e-04
Loss = 3.2534e-03, PNorm = 106.1582, GNorm = 0.2632, lr_0 = 5.1823e-04
Loss = 3.2359e-03, PNorm = 106.1618, GNorm = 0.3890, lr_0 = 5.1803e-04
Loss = 3.5443e-03, PNorm = 106.1686, GNorm = 1.1111, lr_0 = 5.1783e-04
Loss = 3.0306e-03, PNorm = 106.1745, GNorm = 0.2633, lr_0 = 5.1763e-04
Loss = 2.8541e-03, PNorm = 106.1790, GNorm = 0.3305, lr_0 = 5.1743e-04
Loss = 2.8284e-03, PNorm = 106.1822, GNorm = 0.2473, lr_0 = 5.1723e-04
Loss = 3.2102e-03, PNorm = 106.1861, GNorm = 0.6891, lr_0 = 5.1704e-04
Loss = 3.3790e-03, PNorm = 106.1919, GNorm = 0.5264, lr_0 = 5.1684e-04
Loss = 3.4938e-03, PNorm = 106.1979, GNorm = 0.6059, lr_0 = 5.1664e-04
Loss = 3.0944e-03, PNorm = 106.2034, GNorm = 0.2126, lr_0 = 5.1644e-04
Loss = 3.4237e-03, PNorm = 106.2053, GNorm = 0.3716, lr_0 = 5.1624e-04
Loss = 2.6176e-03, PNorm = 106.2116, GNorm = 0.1803, lr_0 = 5.1604e-04
Loss = 2.8472e-03, PNorm = 106.2174, GNorm = 0.6411, lr_0 = 5.1584e-04
Loss = 2.6903e-03, PNorm = 106.2197, GNorm = 0.6652, lr_0 = 5.1565e-04
Loss = 2.9877e-03, PNorm = 106.2232, GNorm = 0.3309, lr_0 = 5.1545e-04
Loss = 2.5013e-03, PNorm = 106.2276, GNorm = 0.1739, lr_0 = 5.1525e-04
Loss = 2.9929e-03, PNorm = 106.2307, GNorm = 0.1445, lr_0 = 5.1505e-04
Loss = 3.5567e-03, PNorm = 106.2344, GNorm = 0.6696, lr_0 = 5.1485e-04
Loss = 2.9441e-03, PNorm = 106.2410, GNorm = 0.8632, lr_0 = 5.1466e-04
Loss = 3.0205e-03, PNorm = 106.2453, GNorm = 0.6038, lr_0 = 5.1446e-04
Loss = 3.4377e-03, PNorm = 106.2502, GNorm = 0.5878, lr_0 = 5.1426e-04
Loss = 2.7516e-03, PNorm = 106.2554, GNorm = 0.2163, lr_0 = 5.1406e-04
Loss = 3.0698e-03, PNorm = 106.2582, GNorm = 0.2262, lr_0 = 5.1386e-04
Loss = 2.5976e-03, PNorm = 106.2616, GNorm = 0.2008, lr_0 = 5.1367e-04
Loss = 3.0278e-03, PNorm = 106.2655, GNorm = 0.9075, lr_0 = 5.1347e-04
Loss = 2.7074e-03, PNorm = 106.2685, GNorm = 0.5084, lr_0 = 5.1327e-04
Loss = 3.1949e-03, PNorm = 106.2753, GNorm = 0.2249, lr_0 = 5.1307e-04
Loss = 2.5354e-03, PNorm = 106.2807, GNorm = 0.1485, lr_0 = 5.1288e-04
Loss = 2.9344e-03, PNorm = 106.2851, GNorm = 0.2412, lr_0 = 5.1268e-04
Loss = 2.5492e-03, PNorm = 106.2867, GNorm = 0.1300, lr_0 = 5.1248e-04
Loss = 2.7942e-03, PNorm = 106.2911, GNorm = 0.2563, lr_0 = 5.1229e-04
Loss = 3.0190e-03, PNorm = 106.2993, GNorm = 0.4511, lr_0 = 5.1209e-04
Loss = 2.5819e-03, PNorm = 106.3050, GNorm = 0.3160, lr_0 = 5.1189e-04
Loss = 3.1273e-03, PNorm = 106.3100, GNorm = 0.6067, lr_0 = 5.1170e-04
Loss = 2.8537e-03, PNorm = 106.3158, GNorm = 0.4076, lr_0 = 5.1150e-04
Loss = 2.5155e-03, PNorm = 106.3187, GNorm = 0.3849, lr_0 = 5.1130e-04
Loss = 3.1303e-03, PNorm = 106.3213, GNorm = 0.4112, lr_0 = 5.1111e-04
Loss = 2.7778e-03, PNorm = 106.3248, GNorm = 0.3169, lr_0 = 5.1091e-04
Loss = 2.6333e-03, PNorm = 106.3294, GNorm = 0.2896, lr_0 = 5.1071e-04
Loss = 3.2960e-03, PNorm = 106.3302, GNorm = 0.6595, lr_0 = 5.1052e-04
Loss = 3.3562e-03, PNorm = 106.3342, GNorm = 1.1302, lr_0 = 5.1032e-04
Loss = 3.5625e-03, PNorm = 106.3417, GNorm = 0.8472, lr_0 = 5.1012e-04
Loss = 3.1585e-03, PNorm = 106.3451, GNorm = 0.4666, lr_0 = 5.0993e-04
Loss = 3.1139e-03, PNorm = 106.3513, GNorm = 0.1396, lr_0 = 5.0973e-04
Loss = 2.9098e-03, PNorm = 106.3549, GNorm = 0.5728, lr_0 = 5.0954e-04
Loss = 2.8946e-03, PNorm = 106.3589, GNorm = 0.4816, lr_0 = 5.0934e-04
Loss = 3.5294e-03, PNorm = 106.3638, GNorm = 0.2115, lr_0 = 5.0914e-04
Loss = 3.2046e-03, PNorm = 106.3708, GNorm = 0.2869, lr_0 = 5.0895e-04
Loss = 3.0818e-03, PNorm = 106.3763, GNorm = 0.3901, lr_0 = 5.0875e-04
Loss = 2.9326e-03, PNorm = 106.3821, GNorm = 0.6687, lr_0 = 5.0856e-04
Loss = 3.2509e-03, PNorm = 106.3865, GNorm = 0.8089, lr_0 = 5.0836e-04
Loss = 4.0276e-03, PNorm = 106.3901, GNorm = 1.0481, lr_0 = 5.0817e-04
Loss = 3.0840e-03, PNorm = 106.3956, GNorm = 0.4205, lr_0 = 5.0797e-04
Loss = 3.2761e-03, PNorm = 106.4007, GNorm = 0.9163, lr_0 = 5.0778e-04
Loss = 3.4945e-03, PNorm = 106.4092, GNorm = 0.5116, lr_0 = 5.0758e-04
Loss = 3.1643e-03, PNorm = 106.4173, GNorm = 0.4658, lr_0 = 5.0739e-04
Loss = 3.9346e-03, PNorm = 106.4216, GNorm = 0.5777, lr_0 = 5.0719e-04
Loss = 2.9799e-03, PNorm = 106.4229, GNorm = 0.3846, lr_0 = 5.0700e-04
Loss = 3.2588e-03, PNorm = 106.4279, GNorm = 0.2690, lr_0 = 5.0680e-04
Loss = 3.0731e-03, PNorm = 106.4325, GNorm = 0.2599, lr_0 = 5.0661e-04
Loss = 2.8134e-03, PNorm = 106.4361, GNorm = 0.1554, lr_0 = 5.0641e-04
Loss = 2.8927e-03, PNorm = 106.4398, GNorm = 0.2091, lr_0 = 5.0622e-04
Loss = 2.6972e-03, PNorm = 106.4414, GNorm = 0.1596, lr_0 = 5.0602e-04
Loss = 2.4782e-03, PNorm = 106.4452, GNorm = 0.1875, lr_0 = 5.0583e-04
Loss = 2.3913e-03, PNorm = 106.4514, GNorm = 0.1328, lr_0 = 5.0563e-04
Loss = 2.7428e-03, PNorm = 106.4552, GNorm = 0.2555, lr_0 = 5.0544e-04
Loss = 3.0701e-03, PNorm = 106.4583, GNorm = 0.1129, lr_0 = 5.0524e-04
Loss = 2.9557e-03, PNorm = 106.4627, GNorm = 0.3870, lr_0 = 5.0505e-04
Loss = 3.1231e-03, PNorm = 106.4671, GNorm = 0.2194, lr_0 = 5.0486e-04
Loss = 2.7010e-03, PNorm = 106.4717, GNorm = 0.4571, lr_0 = 5.0466e-04
Loss = 2.4518e-03, PNorm = 106.4754, GNorm = 0.1513, lr_0 = 5.0447e-04
Loss = 2.6801e-03, PNorm = 106.4795, GNorm = 0.3343, lr_0 = 5.0427e-04
Loss = 2.5719e-03, PNorm = 106.4831, GNorm = 0.6603, lr_0 = 5.0408e-04
Loss = 2.1080e-03, PNorm = 106.4870, GNorm = 0.3015, lr_0 = 5.0389e-04
Loss = 2.3355e-03, PNorm = 106.4935, GNorm = 0.1460, lr_0 = 5.0369e-04
Loss = 2.3373e-03, PNorm = 106.4978, GNorm = 0.3661, lr_0 = 5.0350e-04
Loss = 2.1591e-03, PNorm = 106.5009, GNorm = 0.4995, lr_0 = 5.0331e-04
Loss = 2.4908e-03, PNorm = 106.5031, GNorm = 0.1901, lr_0 = 5.0311e-04
Loss = 2.5929e-03, PNorm = 106.5052, GNorm = 0.2711, lr_0 = 5.0292e-04
Loss = 2.3231e-03, PNorm = 106.5093, GNorm = 0.2812, lr_0 = 5.0273e-04
Loss = 2.0625e-03, PNorm = 106.5128, GNorm = 0.2874, lr_0 = 5.0253e-04
Loss = 2.6690e-03, PNorm = 106.5173, GNorm = 0.5333, lr_0 = 5.0234e-04
Loss = 2.2384e-03, PNorm = 106.5219, GNorm = 0.2277, lr_0 = 5.0215e-04
Loss = 2.2064e-03, PNorm = 106.5253, GNorm = 0.1194, lr_0 = 5.0195e-04
Loss = 2.2272e-03, PNorm = 106.5291, GNorm = 0.2534, lr_0 = 5.0176e-04
Loss = 2.3849e-03, PNorm = 106.5332, GNorm = 0.1549, lr_0 = 5.0157e-04
Loss = 2.2848e-03, PNorm = 106.5400, GNorm = 0.1407, lr_0 = 5.0137e-04
Loss = 2.9993e-03, PNorm = 106.5429, GNorm = 0.9733, lr_0 = 5.0118e-04
Loss = 3.4249e-03, PNorm = 106.5445, GNorm = 0.6778, lr_0 = 5.0099e-04
Loss = 3.4654e-03, PNorm = 106.5481, GNorm = 0.7825, lr_0 = 5.0080e-04
Loss = 3.5607e-03, PNorm = 106.5550, GNorm = 0.7182, lr_0 = 5.0060e-04
Loss = 3.0006e-03, PNorm = 106.5605, GNorm = 0.1802, lr_0 = 5.0041e-04
Loss = 2.5627e-03, PNorm = 106.5650, GNorm = 0.2135, lr_0 = 5.0022e-04
Loss = 3.0730e-03, PNorm = 106.5703, GNorm = 0.2484, lr_0 = 5.0003e-04
Loss = 2.3515e-03, PNorm = 106.5750, GNorm = 0.2072, lr_0 = 4.9983e-04
Loss = 2.1750e-03, PNorm = 106.5820, GNorm = 0.3103, lr_0 = 4.9964e-04
Loss = 2.6051e-03, PNorm = 106.5850, GNorm = 0.1210, lr_0 = 4.9945e-04
Loss = 2.5846e-03, PNorm = 106.5865, GNorm = 0.2532, lr_0 = 4.9926e-04
Loss = 2.6050e-03, PNorm = 106.5889, GNorm = 0.2703, lr_0 = 4.9907e-04
Loss = 2.3053e-03, PNorm = 106.5934, GNorm = 0.2073, lr_0 = 4.9887e-04
Loss = 2.5586e-03, PNorm = 106.5982, GNorm = 0.1968, lr_0 = 4.9868e-04
Loss = 2.5038e-03, PNorm = 106.6042, GNorm = 0.3511, lr_0 = 4.9849e-04
Loss = 2.7347e-03, PNorm = 106.6095, GNorm = 0.2091, lr_0 = 4.9830e-04
Loss = 2.9251e-03, PNorm = 106.6130, GNorm = 0.4519, lr_0 = 4.9811e-04
Loss = 3.1504e-03, PNorm = 106.6214, GNorm = 0.2257, lr_0 = 4.9792e-04
Loss = 3.3546e-03, PNorm = 106.6299, GNorm = 0.0985, lr_0 = 4.9772e-04
Loss = 2.9407e-03, PNorm = 106.6334, GNorm = 0.3681, lr_0 = 4.9753e-04
Loss = 3.4856e-03, PNorm = 106.6381, GNorm = 1.0195, lr_0 = 4.9734e-04
Loss = 3.0935e-03, PNorm = 106.6439, GNorm = 0.6335, lr_0 = 4.9715e-04
Loss = 3.0088e-03, PNorm = 106.6469, GNorm = 0.4113, lr_0 = 4.9696e-04
Loss = 2.7666e-03, PNorm = 106.6510, GNorm = 0.5454, lr_0 = 4.9677e-04
Loss = 2.3634e-03, PNorm = 106.6554, GNorm = 0.1897, lr_0 = 4.9658e-04
Loss = 2.5695e-03, PNorm = 106.6606, GNorm = 0.4916, lr_0 = 4.9639e-04
Loss = 3.0938e-03, PNorm = 106.6628, GNorm = 0.2057, lr_0 = 4.9620e-04
Loss = 3.0659e-03, PNorm = 106.6658, GNorm = 0.9654, lr_0 = 4.9601e-04
Loss = 3.0114e-03, PNorm = 106.6707, GNorm = 0.2434, lr_0 = 4.9582e-04
Loss = 3.2924e-03, PNorm = 106.6770, GNorm = 0.4964, lr_0 = 4.9562e-04
Loss = 3.3202e-03, PNorm = 106.6814, GNorm = 0.3098, lr_0 = 4.9543e-04
Loss = 3.7409e-03, PNorm = 106.6870, GNorm = 0.9533, lr_0 = 4.9524e-04
Loss = 4.1132e-03, PNorm = 106.6908, GNorm = 1.5502, lr_0 = 4.9505e-04
Loss = 3.0897e-03, PNorm = 106.6967, GNorm = 0.7168, lr_0 = 4.9486e-04
Loss = 3.4156e-03, PNorm = 106.6989, GNorm = 0.2420, lr_0 = 4.9467e-04
Loss = 2.9214e-03, PNorm = 106.7031, GNorm = 0.8629, lr_0 = 4.9448e-04
Loss = 2.7665e-03, PNorm = 106.7088, GNorm = 0.2915, lr_0 = 4.9429e-04
Loss = 3.3606e-03, PNorm = 106.7132, GNorm = 0.4048, lr_0 = 4.9410e-04
Loss = 3.3562e-03, PNorm = 106.7204, GNorm = 0.7380, lr_0 = 4.9391e-04
Loss = 2.4283e-03, PNorm = 106.7256, GNorm = 0.2801, lr_0 = 4.9372e-04
Loss = 2.9991e-03, PNorm = 106.7287, GNorm = 0.3192, lr_0 = 4.9353e-04
Loss = 2.7033e-03, PNorm = 106.7323, GNorm = 0.3494, lr_0 = 4.9334e-04
Loss = 3.4798e-03, PNorm = 106.7355, GNorm = 0.4422, lr_0 = 4.9315e-04
Loss = 3.7936e-03, PNorm = 106.7412, GNorm = 1.0182, lr_0 = 4.9296e-04
Loss = 3.9318e-03, PNorm = 106.7473, GNorm = 0.6519, lr_0 = 4.9277e-04
Loss = 3.1232e-03, PNorm = 106.7542, GNorm = 0.2778, lr_0 = 4.9258e-04
Loss = 2.8680e-03, PNorm = 106.7578, GNorm = 0.1812, lr_0 = 4.9240e-04
Loss = 3.0422e-03, PNorm = 106.7627, GNorm = 0.6466, lr_0 = 4.9221e-04
Loss = 3.3671e-03, PNorm = 106.7697, GNorm = 0.7216, lr_0 = 4.9202e-04
Loss = 3.4235e-03, PNorm = 106.7732, GNorm = 1.0677, lr_0 = 4.9183e-04
Loss = 3.7637e-03, PNorm = 106.7802, GNorm = 0.9419, lr_0 = 4.9164e-04
Loss = 2.6520e-03, PNorm = 106.7867, GNorm = 0.6360, lr_0 = 4.9145e-04
Loss = 2.8719e-03, PNorm = 106.7896, GNorm = 0.4915, lr_0 = 4.9126e-04
Loss = 3.1149e-03, PNorm = 106.7937, GNorm = 0.2619, lr_0 = 4.9107e-04
Loss = 2.7930e-03, PNorm = 106.8000, GNorm = 0.2129, lr_0 = 4.9088e-04
Loss = 2.6215e-03, PNorm = 106.8067, GNorm = 0.8048, lr_0 = 4.9069e-04
Loss = 2.8531e-03, PNorm = 106.8114, GNorm = 0.9286, lr_0 = 4.9051e-04
Loss = 2.3506e-03, PNorm = 106.8129, GNorm = 0.6022, lr_0 = 4.9032e-04
Loss = 2.4498e-03, PNorm = 106.8156, GNorm = 0.1753, lr_0 = 4.9013e-04
Loss = 2.6765e-03, PNorm = 106.8190, GNorm = 0.5535, lr_0 = 4.8994e-04
Loss = 2.7818e-03, PNorm = 106.8218, GNorm = 0.6766, lr_0 = 4.8975e-04
Loss = 2.5885e-03, PNorm = 106.8257, GNorm = 0.3031, lr_0 = 4.8956e-04
Loss = 2.9623e-03, PNorm = 106.8297, GNorm = 0.1498, lr_0 = 4.8938e-04
Loss = 2.3133e-03, PNorm = 106.8348, GNorm = 0.1108, lr_0 = 4.8919e-04
Loss = 2.0072e-03, PNorm = 106.8381, GNorm = 0.1081, lr_0 = 4.8900e-04
Loss = 2.7008e-03, PNorm = 106.8424, GNorm = 0.4903, lr_0 = 4.8881e-04
Loss = 2.1529e-03, PNorm = 106.8462, GNorm = 0.1679, lr_0 = 4.8862e-04
Loss = 2.1259e-03, PNorm = 106.8500, GNorm = 0.1154, lr_0 = 4.8844e-04
Loss = 1.9437e-03, PNorm = 106.8522, GNorm = 0.3934, lr_0 = 4.8825e-04
Loss = 2.0240e-03, PNorm = 106.8570, GNorm = 0.2583, lr_0 = 4.8806e-04
Loss = 2.3512e-03, PNorm = 106.8629, GNorm = 0.6506, lr_0 = 4.8787e-04
Loss = 1.9872e-03, PNorm = 106.8660, GNorm = 0.2420, lr_0 = 4.8769e-04
Loss = 2.0346e-03, PNorm = 106.8672, GNorm = 0.2082, lr_0 = 4.8750e-04
Loss = 1.9003e-03, PNorm = 106.8698, GNorm = 0.3343, lr_0 = 4.8731e-04
Loss = 1.9962e-03, PNorm = 106.8723, GNorm = 0.2280, lr_0 = 4.8712e-04
Loss = 1.8228e-03, PNorm = 106.8764, GNorm = 0.3116, lr_0 = 4.8694e-04
Loss = 2.0451e-03, PNorm = 106.8794, GNorm = 0.4223, lr_0 = 4.8675e-04
Loss = 2.1269e-03, PNorm = 106.8825, GNorm = 0.3823, lr_0 = 4.8656e-04
Loss = 1.9509e-03, PNorm = 106.8872, GNorm = 0.1243, lr_0 = 4.8637e-04
Loss = 1.8684e-03, PNorm = 106.8892, GNorm = 0.1552, lr_0 = 4.8619e-04
Loss = 2.3814e-03, PNorm = 106.8904, GNorm = 0.6234, lr_0 = 4.8600e-04
Loss = 2.3401e-03, PNorm = 106.8951, GNorm = 0.5388, lr_0 = 4.8581e-04
Loss = 1.9941e-03, PNorm = 106.8972, GNorm = 0.3305, lr_0 = 4.8563e-04
Loss = 2.1872e-03, PNorm = 106.9012, GNorm = 0.1504, lr_0 = 4.8544e-04
Loss = 2.2411e-03, PNorm = 106.9035, GNorm = 0.1667, lr_0 = 4.8525e-04
Loss = 2.2240e-03, PNorm = 106.9045, GNorm = 0.1087, lr_0 = 4.8507e-04
Loss = 2.1778e-03, PNorm = 106.9076, GNorm = 0.2413, lr_0 = 4.8488e-04
Loss = 2.2143e-03, PNorm = 106.9122, GNorm = 0.5382, lr_0 = 4.8469e-04
Loss = 1.9399e-03, PNorm = 106.9158, GNorm = 0.1191, lr_0 = 4.8451e-04
Loss = 2.2084e-03, PNorm = 106.9191, GNorm = 0.4348, lr_0 = 4.8432e-04
Loss = 2.1942e-03, PNorm = 106.9219, GNorm = 0.7397, lr_0 = 4.8414e-04
Loss = 2.0563e-03, PNorm = 106.9241, GNorm = 0.1630, lr_0 = 4.8395e-04
Loss = 1.8984e-03, PNorm = 106.9273, GNorm = 0.1382, lr_0 = 4.8376e-04
Loss = 2.0352e-03, PNorm = 106.9298, GNorm = 0.2434, lr_0 = 4.8358e-04
Loss = 2.2168e-03, PNorm = 106.9335, GNorm = 0.2453, lr_0 = 4.8339e-04
Loss = 2.0540e-03, PNorm = 106.9355, GNorm = 0.4747, lr_0 = 4.8321e-04
Loss = 2.1628e-03, PNorm = 106.9371, GNorm = 0.5561, lr_0 = 4.8302e-04
Loss = 2.1578e-03, PNorm = 106.9397, GNorm = 0.9073, lr_0 = 4.8283e-04
Loss = 2.5562e-03, PNorm = 106.9447, GNorm = 0.2064, lr_0 = 4.8265e-04
Loss = 2.6679e-03, PNorm = 106.9511, GNorm = 0.5370, lr_0 = 4.8246e-04
Loss = 3.5597e-03, PNorm = 106.9564, GNorm = 1.3330, lr_0 = 4.8228e-04
Loss = 3.2614e-03, PNorm = 106.9632, GNorm = 0.4029, lr_0 = 4.8209e-04
Loss = 2.9691e-03, PNorm = 106.9667, GNorm = 1.1189, lr_0 = 4.8191e-04
Loss = 2.8906e-03, PNorm = 106.9731, GNorm = 0.9457, lr_0 = 4.8172e-04
Loss = 2.9733e-03, PNorm = 106.9781, GNorm = 0.7555, lr_0 = 4.8154e-04
Loss = 2.6870e-03, PNorm = 106.9808, GNorm = 0.4353, lr_0 = 4.8135e-04
Loss = 2.9439e-03, PNorm = 106.9824, GNorm = 0.1308, lr_0 = 4.8117e-04
Loss = 2.5907e-03, PNorm = 106.9888, GNorm = 0.1887, lr_0 = 4.8098e-04
Loss = 2.7532e-03, PNorm = 106.9909, GNorm = 0.5225, lr_0 = 4.8080e-04
Loss = 1.9955e-03, PNorm = 106.9942, GNorm = 0.1568, lr_0 = 4.8061e-04
Loss = 2.5419e-03, PNorm = 106.9983, GNorm = 0.4169, lr_0 = 4.8043e-04
Loss = 2.6060e-03, PNorm = 107.0029, GNorm = 0.2498, lr_0 = 4.8024e-04
Loss = 2.3557e-03, PNorm = 107.0076, GNorm = 0.2387, lr_0 = 4.8006e-04
Loss = 2.4751e-03, PNorm = 107.0114, GNorm = 0.2084, lr_0 = 4.7987e-04
Loss = 2.4747e-03, PNorm = 107.0137, GNorm = 0.5812, lr_0 = 4.7969e-04
Loss = 2.6013e-03, PNorm = 107.0181, GNorm = 0.1402, lr_0 = 4.7950e-04
Loss = 2.1264e-03, PNorm = 107.0214, GNorm = 0.2280, lr_0 = 4.7932e-04
Loss = 2.2908e-03, PNorm = 107.0261, GNorm = 0.4789, lr_0 = 4.7914e-04
Loss = 2.8792e-03, PNorm = 107.0312, GNorm = 0.5103, lr_0 = 4.7895e-04
Loss = 2.8691e-03, PNorm = 107.0368, GNorm = 0.2366, lr_0 = 4.7877e-04
Loss = 2.1763e-03, PNorm = 107.0394, GNorm = 0.2982, lr_0 = 4.7858e-04
Loss = 2.5285e-03, PNorm = 107.0410, GNorm = 0.2460, lr_0 = 4.7840e-04
Loss = 2.2736e-03, PNorm = 107.0439, GNorm = 0.5904, lr_0 = 4.7822e-04
Loss = 2.4175e-03, PNorm = 107.0471, GNorm = 0.0964, lr_0 = 4.7803e-04
Loss = 2.0796e-03, PNorm = 107.0525, GNorm = 0.1730, lr_0 = 4.7785e-04
Loss = 2.1815e-03, PNorm = 107.0604, GNorm = 0.3406, lr_0 = 4.7766e-04
Loss = 2.2262e-03, PNorm = 107.0658, GNorm = 0.2512, lr_0 = 4.7748e-04
Loss = 1.8824e-03, PNorm = 107.0684, GNorm = 0.2129, lr_0 = 4.7730e-04
Loss = 2.0750e-03, PNorm = 107.0714, GNorm = 0.1226, lr_0 = 4.7711e-04
Loss = 2.2743e-03, PNorm = 107.0754, GNorm = 0.2525, lr_0 = 4.7693e-04
Loss = 1.9476e-03, PNorm = 107.0793, GNorm = 0.1896, lr_0 = 4.7675e-04
Loss = 1.8631e-03, PNorm = 107.0824, GNorm = 0.1951, lr_0 = 4.7656e-04
Loss = 1.9646e-03, PNorm = 107.0848, GNorm = 0.2041, lr_0 = 4.7638e-04
Loss = 2.3158e-03, PNorm = 107.0876, GNorm = 0.6159, lr_0 = 4.7620e-04
Loss = 2.3007e-03, PNorm = 107.0915, GNorm = 0.5852, lr_0 = 4.7601e-04
Loss = 2.2726e-03, PNorm = 107.0971, GNorm = 0.2856, lr_0 = 4.7583e-04
Loss = 2.0278e-03, PNorm = 107.1034, GNorm = 0.3557, lr_0 = 4.7565e-04
Loss = 2.0984e-03, PNorm = 107.1057, GNorm = 0.4473, lr_0 = 4.7547e-04
Loss = 1.8875e-03, PNorm = 107.1091, GNorm = 0.3343, lr_0 = 4.7528e-04
Loss = 2.4103e-03, PNorm = 107.1104, GNorm = 0.1702, lr_0 = 4.7510e-04
Loss = 3.2839e-03, PNorm = 107.1132, GNorm = 0.8464, lr_0 = 4.7492e-04
Loss = 2.4975e-03, PNorm = 107.1172, GNorm = 0.2059, lr_0 = 4.7474e-04
Loss = 2.7867e-03, PNorm = 107.1212, GNorm = 0.4673, lr_0 = 4.7455e-04
Loss = 2.2771e-03, PNorm = 107.1262, GNorm = 0.2244, lr_0 = 4.7437e-04
Loss = 2.6090e-03, PNorm = 107.1309, GNorm = 0.3991, lr_0 = 4.7419e-04
Loss = 2.7970e-03, PNorm = 107.1319, GNorm = 0.4684, lr_0 = 4.7401e-04
Loss = 2.6568e-03, PNorm = 107.1347, GNorm = 0.8257, lr_0 = 4.7382e-04
Loss = 2.9949e-03, PNorm = 107.1382, GNorm = 0.9696, lr_0 = 4.7364e-04
Loss = 2.4968e-03, PNorm = 107.1459, GNorm = 0.5363, lr_0 = 4.7346e-04
Loss = 2.6747e-03, PNorm = 107.1526, GNorm = 0.2632, lr_0 = 4.7328e-04
Loss = 2.4879e-03, PNorm = 107.1570, GNorm = 0.3943, lr_0 = 4.7310e-04
Loss = 2.4609e-03, PNorm = 107.1567, GNorm = 0.2851, lr_0 = 4.7291e-04
Loss = 2.7967e-03, PNorm = 107.1593, GNorm = 0.9160, lr_0 = 4.7273e-04
Loss = 3.3206e-03, PNorm = 107.1652, GNorm = 0.5987, lr_0 = 4.7255e-04
Loss = 2.8982e-03, PNorm = 107.1713, GNorm = 0.4898, lr_0 = 4.7237e-04
Loss = 2.4185e-03, PNorm = 107.1762, GNorm = 0.1446, lr_0 = 4.7219e-04
Loss = 2.2821e-03, PNorm = 107.1813, GNorm = 0.3819, lr_0 = 4.7201e-04
Loss = 2.7331e-03, PNorm = 107.1867, GNorm = 0.3074, lr_0 = 4.7182e-04
Loss = 2.8758e-03, PNorm = 107.1942, GNorm = 0.5050, lr_0 = 4.7164e-04
Loss = 2.9134e-03, PNorm = 107.1995, GNorm = 0.7852, lr_0 = 4.7146e-04
Loss = 2.8095e-03, PNorm = 107.2060, GNorm = 0.4706, lr_0 = 4.7128e-04
Loss = 2.5934e-03, PNorm = 107.2098, GNorm = 0.4231, lr_0 = 4.7110e-04
Loss = 2.5407e-03, PNorm = 107.2125, GNorm = 0.3280, lr_0 = 4.7092e-04
Loss = 2.9845e-03, PNorm = 107.2150, GNorm = 0.3665, lr_0 = 4.7074e-04
Loss = 3.2213e-03, PNorm = 107.2175, GNorm = 0.3067, lr_0 = 4.7056e-04
Loss = 2.8011e-03, PNorm = 107.2209, GNorm = 0.2027, lr_0 = 4.7037e-04
Loss = 2.9809e-03, PNorm = 107.2260, GNorm = 0.1907, lr_0 = 4.7019e-04
Loss = 2.9939e-03, PNorm = 107.2317, GNorm = 0.2089, lr_0 = 4.7001e-04
Loss = 2.3171e-03, PNorm = 107.2355, GNorm = 0.1646, lr_0 = 4.6983e-04
Loss = 2.3187e-03, PNorm = 107.2417, GNorm = 0.2235, lr_0 = 4.6965e-04
Loss = 2.5708e-03, PNorm = 107.2451, GNorm = 0.1306, lr_0 = 4.6947e-04
Loss = 2.5336e-03, PNorm = 107.2471, GNorm = 0.5396, lr_0 = 4.6929e-04
Loss = 2.7645e-03, PNorm = 107.2487, GNorm = 0.1998, lr_0 = 4.6911e-04
Loss = 2.5404e-03, PNorm = 107.2525, GNorm = 0.2389, lr_0 = 4.6893e-04
Loss = 2.7317e-03, PNorm = 107.2576, GNorm = 0.4771, lr_0 = 4.6875e-04
Loss = 2.2095e-03, PNorm = 107.2608, GNorm = 0.3871, lr_0 = 4.6857e-04
Loss = 2.2463e-03, PNorm = 107.2650, GNorm = 0.2790, lr_0 = 4.6839e-04
Loss = 2.3269e-03, PNorm = 107.2709, GNorm = 0.5153, lr_0 = 4.6821e-04
Loss = 2.1561e-03, PNorm = 107.2771, GNorm = 0.2441, lr_0 = 4.6803e-04
Loss = 2.5254e-03, PNorm = 107.2790, GNorm = 0.4558, lr_0 = 4.6785e-04
Loss = 2.1279e-03, PNorm = 107.2807, GNorm = 0.2661, lr_0 = 4.6767e-04
Loss = 2.2624e-03, PNorm = 107.2858, GNorm = 0.3010, lr_0 = 4.6749e-04
Loss = 2.0179e-03, PNorm = 107.2901, GNorm = 0.1091, lr_0 = 4.6731e-04
Loss = 2.2816e-03, PNorm = 107.2920, GNorm = 0.1221, lr_0 = 4.6713e-04
Loss = 2.1459e-03, PNorm = 107.2980, GNorm = 0.4198, lr_0 = 4.6695e-04
Loss = 2.1088e-03, PNorm = 107.3028, GNorm = 0.3705, lr_0 = 4.6677e-04
Loss = 1.9924e-03, PNorm = 107.3068, GNorm = 0.2719, lr_0 = 4.6659e-04
Loss = 2.0041e-03, PNorm = 107.3119, GNorm = 0.1521, lr_0 = 4.6641e-04
Loss = 2.2192e-03, PNorm = 107.3159, GNorm = 0.2281, lr_0 = 4.6623e-04
Loss = 2.0816e-03, PNorm = 107.3187, GNorm = 0.3946, lr_0 = 4.6605e-04
Loss = 2.4298e-03, PNorm = 107.3217, GNorm = 0.4212, lr_0 = 4.6588e-04
Loss = 2.1527e-03, PNorm = 107.3232, GNorm = 0.1382, lr_0 = 4.6570e-04
Loss = 2.1510e-03, PNorm = 107.3261, GNorm = 0.3194, lr_0 = 4.6552e-04
Loss = 2.0258e-03, PNorm = 107.3285, GNorm = 0.1294, lr_0 = 4.6534e-04
Loss = 2.0539e-03, PNorm = 107.3319, GNorm = 0.5322, lr_0 = 4.6516e-04
Loss = 2.5051e-03, PNorm = 107.3339, GNorm = 0.5105, lr_0 = 4.6498e-04
Loss = 2.4948e-03, PNorm = 107.3374, GNorm = 0.2694, lr_0 = 4.6480e-04
Loss = 2.2157e-03, PNorm = 107.3413, GNorm = 0.4761, lr_0 = 4.6462e-04
Loss = 2.4361e-03, PNorm = 107.3451, GNorm = 0.1216, lr_0 = 4.6444e-04
Loss = 2.0098e-03, PNorm = 107.3484, GNorm = 0.1867, lr_0 = 4.6427e-04
Loss = 2.2804e-03, PNorm = 107.3536, GNorm = 0.2307, lr_0 = 4.6409e-04
Validation r2 = 0.997547
Epoch 3
Loss = 2.0794e-03, PNorm = 107.3587, GNorm = 0.2184, lr_0 = 4.6391e-04
Loss = 1.7966e-03, PNorm = 107.3623, GNorm = 0.1947, lr_0 = 4.6373e-04
Loss = 1.9631e-03, PNorm = 107.3643, GNorm = 0.1904, lr_0 = 4.6355e-04
Loss = 1.6796e-03, PNorm = 107.3677, GNorm = 0.2186, lr_0 = 4.6337e-04
Loss = 1.8712e-03, PNorm = 107.3701, GNorm = 0.1850, lr_0 = 4.6320e-04
Loss = 1.6373e-03, PNorm = 107.3722, GNorm = 0.0873, lr_0 = 4.6302e-04
Loss = 1.6951e-03, PNorm = 107.3767, GNorm = 0.3486, lr_0 = 4.6284e-04
Loss = 1.7966e-03, PNorm = 107.3791, GNorm = 0.1562, lr_0 = 4.6266e-04
Loss = 1.6480e-03, PNorm = 107.3827, GNorm = 0.2609, lr_0 = 4.6248e-04
Loss = 2.1642e-03, PNorm = 107.3865, GNorm = 0.1148, lr_0 = 4.6231e-04
Loss = 1.8659e-03, PNorm = 107.3897, GNorm = 0.1765, lr_0 = 4.6213e-04
Loss = 1.9410e-03, PNorm = 107.3903, GNorm = 0.1557, lr_0 = 4.6195e-04
Loss = 1.9770e-03, PNorm = 107.3926, GNorm = 0.2851, lr_0 = 4.6177e-04
Loss = 1.8912e-03, PNorm = 107.3959, GNorm = 0.4197, lr_0 = 4.6160e-04
Loss = 1.8238e-03, PNorm = 107.3982, GNorm = 0.1327, lr_0 = 4.6142e-04
Loss = 1.9317e-03, PNorm = 107.4018, GNorm = 0.5305, lr_0 = 4.6124e-04
Loss = 2.2497e-03, PNorm = 107.4041, GNorm = 0.2849, lr_0 = 4.6106e-04
Loss = 2.1732e-03, PNorm = 107.4079, GNorm = 0.4650, lr_0 = 4.6089e-04
Loss = 1.8025e-03, PNorm = 107.4113, GNorm = 0.5319, lr_0 = 4.6071e-04
Loss = 1.7540e-03, PNorm = 107.4132, GNorm = 0.3576, lr_0 = 4.6053e-04
Loss = 1.8034e-03, PNorm = 107.4147, GNorm = 0.1286, lr_0 = 4.6036e-04
Loss = 1.8654e-03, PNorm = 107.4179, GNorm = 0.2391, lr_0 = 4.6018e-04
Loss = 2.1449e-03, PNorm = 107.4198, GNorm = 0.3496, lr_0 = 4.6000e-04
Loss = 2.1842e-03, PNorm = 107.4248, GNorm = 0.1375, lr_0 = 4.5982e-04
Loss = 2.2903e-03, PNorm = 107.4296, GNorm = 0.5322, lr_0 = 4.5965e-04
Loss = 1.8056e-03, PNorm = 107.4331, GNorm = 0.2561, lr_0 = 4.5947e-04
Loss = 2.1374e-03, PNorm = 107.4367, GNorm = 0.2426, lr_0 = 4.5929e-04
Loss = 1.9221e-03, PNorm = 107.4413, GNorm = 0.1768, lr_0 = 4.5912e-04
Loss = 1.5884e-03, PNorm = 107.4429, GNorm = 0.1486, lr_0 = 4.5894e-04
Loss = 1.8076e-03, PNorm = 107.4455, GNorm = 0.1701, lr_0 = 4.5877e-04
Loss = 1.5160e-03, PNorm = 107.4484, GNorm = 0.1545, lr_0 = 4.5859e-04
Loss = 1.8999e-03, PNorm = 107.4511, GNorm = 0.4745, lr_0 = 4.5841e-04
Loss = 2.0922e-03, PNorm = 107.4516, GNorm = 0.6236, lr_0 = 4.5824e-04
Loss = 2.1287e-03, PNorm = 107.4541, GNorm = 0.3380, lr_0 = 4.5806e-04
Loss = 1.7471e-03, PNorm = 107.4559, GNorm = 0.1336, lr_0 = 4.5788e-04
Loss = 1.7904e-03, PNorm = 107.4584, GNorm = 0.4092, lr_0 = 4.5771e-04
Loss = 1.8642e-03, PNorm = 107.4596, GNorm = 0.1673, lr_0 = 4.5753e-04
Loss = 2.1966e-03, PNorm = 107.4602, GNorm = 0.7135, lr_0 = 4.5736e-04
Loss = 2.3850e-03, PNorm = 107.4626, GNorm = 0.2723, lr_0 = 4.5718e-04
Loss = 2.1834e-03, PNorm = 107.4667, GNorm = 0.6914, lr_0 = 4.5700e-04
Loss = 2.0787e-03, PNorm = 107.4678, GNorm = 0.1498, lr_0 = 4.5683e-04
Loss = 2.4265e-03, PNorm = 107.4704, GNorm = 0.3881, lr_0 = 4.5665e-04
Loss = 2.8612e-03, PNorm = 107.4719, GNorm = 0.5753, lr_0 = 4.5648e-04
Loss = 2.3973e-03, PNorm = 107.4769, GNorm = 0.2263, lr_0 = 4.5630e-04
Loss = 2.1988e-03, PNorm = 107.4822, GNorm = 0.2366, lr_0 = 4.5613e-04
Loss = 2.0921e-03, PNorm = 107.4856, GNorm = 0.4215, lr_0 = 4.5595e-04
Loss = 1.7186e-03, PNorm = 107.4878, GNorm = 0.2464, lr_0 = 4.5578e-04
Loss = 2.2331e-03, PNorm = 107.4910, GNorm = 0.1242, lr_0 = 4.5560e-04
Loss = 1.8561e-03, PNorm = 107.4938, GNorm = 0.3183, lr_0 = 4.5543e-04
Loss = 1.8987e-03, PNorm = 107.4978, GNorm = 0.2939, lr_0 = 4.5525e-04
Loss = 2.0363e-03, PNorm = 107.5019, GNorm = 0.9875, lr_0 = 4.5508e-04
Loss = 2.2172e-03, PNorm = 107.5043, GNorm = 0.3705, lr_0 = 4.5490e-04
Loss = 2.5889e-03, PNorm = 107.5082, GNorm = 0.6922, lr_0 = 4.5473e-04
Loss = 2.8236e-03, PNorm = 107.5154, GNorm = 0.4604, lr_0 = 4.5455e-04
Loss = 2.6142e-03, PNorm = 107.5188, GNorm = 0.4812, lr_0 = 4.5438e-04
Loss = 3.0533e-03, PNorm = 107.5233, GNorm = 0.5738, lr_0 = 4.5420e-04
Loss = 2.6609e-03, PNorm = 107.5295, GNorm = 0.4253, lr_0 = 4.5403e-04
Loss = 2.5032e-03, PNorm = 107.5323, GNorm = 0.4708, lr_0 = 4.5385e-04
Loss = 2.7754e-03, PNorm = 107.5368, GNorm = 0.1430, lr_0 = 4.5368e-04
Loss = 2.6817e-03, PNorm = 107.5420, GNorm = 0.3051, lr_0 = 4.5350e-04
Loss = 2.5176e-03, PNorm = 107.5461, GNorm = 0.1999, lr_0 = 4.5333e-04
Loss = 2.4352e-03, PNorm = 107.5512, GNorm = 0.3650, lr_0 = 4.5316e-04
Loss = 2.1751e-03, PNorm = 107.5554, GNorm = 0.4428, lr_0 = 4.5298e-04
Loss = 2.0360e-03, PNorm = 107.5576, GNorm = 0.2879, lr_0 = 4.5281e-04
Loss = 2.3620e-03, PNorm = 107.5595, GNorm = 0.2424, lr_0 = 4.5263e-04
Loss = 2.1960e-03, PNorm = 107.5616, GNorm = 0.3896, lr_0 = 4.5246e-04
Loss = 1.9896e-03, PNorm = 107.5658, GNorm = 0.4007, lr_0 = 4.5229e-04
Loss = 1.9390e-03, PNorm = 107.5697, GNorm = 0.1708, lr_0 = 4.5211e-04
Loss = 2.3012e-03, PNorm = 107.5735, GNorm = 0.4592, lr_0 = 4.5194e-04
Loss = 1.9953e-03, PNorm = 107.5771, GNorm = 0.3697, lr_0 = 4.5176e-04
Loss = 2.1225e-03, PNorm = 107.5807, GNorm = 0.1596, lr_0 = 4.5159e-04
Loss = 1.9601e-03, PNorm = 107.5848, GNorm = 0.1100, lr_0 = 4.5142e-04
Loss = 1.9674e-03, PNorm = 107.5893, GNorm = 0.2927, lr_0 = 4.5124e-04
Loss = 1.8979e-03, PNorm = 107.5918, GNorm = 0.3892, lr_0 = 4.5107e-04
Loss = 2.0783e-03, PNorm = 107.5951, GNorm = 0.4750, lr_0 = 4.5090e-04
Loss = 1.9807e-03, PNorm = 107.5975, GNorm = 0.4948, lr_0 = 4.5072e-04
Loss = 2.1444e-03, PNorm = 107.6007, GNorm = 0.3866, lr_0 = 4.5055e-04
Loss = 2.1063e-03, PNorm = 107.6038, GNorm = 0.5180, lr_0 = 4.5038e-04
Loss = 2.0119e-03, PNorm = 107.6088, GNorm = 0.5031, lr_0 = 4.5020e-04
Loss = 2.3578e-03, PNorm = 107.6117, GNorm = 0.6270, lr_0 = 4.5003e-04
Loss = 2.0119e-03, PNorm = 107.6145, GNorm = 0.2455, lr_0 = 4.4986e-04
Loss = 2.1950e-03, PNorm = 107.6165, GNorm = 0.1448, lr_0 = 4.4968e-04
Loss = 2.5574e-03, PNorm = 107.6181, GNorm = 0.7082, lr_0 = 4.4951e-04
Loss = 2.1580e-03, PNorm = 107.6187, GNorm = 0.3930, lr_0 = 4.4934e-04
Loss = 2.5376e-03, PNorm = 107.6233, GNorm = 0.2568, lr_0 = 4.4917e-04
Loss = 2.7054e-03, PNorm = 107.6284, GNorm = 0.1441, lr_0 = 4.4899e-04
Loss = 2.3234e-03, PNorm = 107.6315, GNorm = 0.1710, lr_0 = 4.4882e-04
Loss = 2.4048e-03, PNorm = 107.6352, GNorm = 0.3932, lr_0 = 4.4865e-04
Loss = 2.2663e-03, PNorm = 107.6412, GNorm = 0.4929, lr_0 = 4.4848e-04
Loss = 2.0505e-03, PNorm = 107.6468, GNorm = 0.2184, lr_0 = 4.4830e-04
Loss = 2.2886e-03, PNorm = 107.6492, GNorm = 0.2638, lr_0 = 4.4813e-04
Loss = 2.6289e-03, PNorm = 107.6533, GNorm = 0.5849, lr_0 = 4.4796e-04
Loss = 2.0707e-03, PNorm = 107.6577, GNorm = 0.1245, lr_0 = 4.4779e-04
Loss = 2.2795e-03, PNorm = 107.6606, GNorm = 0.2019, lr_0 = 4.4761e-04
Loss = 2.1354e-03, PNorm = 107.6637, GNorm = 0.3297, lr_0 = 4.4744e-04
Loss = 2.3956e-03, PNorm = 107.6671, GNorm = 0.2801, lr_0 = 4.4727e-04
Loss = 2.1320e-03, PNorm = 107.6715, GNorm = 0.2400, lr_0 = 4.4710e-04
Loss = 2.0019e-03, PNorm = 107.6743, GNorm = 0.2696, lr_0 = 4.4693e-04
Loss = 1.9992e-03, PNorm = 107.6772, GNorm = 0.1835, lr_0 = 4.4675e-04
Loss = 2.0830e-03, PNorm = 107.6804, GNorm = 0.2163, lr_0 = 4.4658e-04
Loss = 2.1891e-03, PNorm = 107.6830, GNorm = 0.4337, lr_0 = 4.4641e-04
Loss = 1.8765e-03, PNorm = 107.6868, GNorm = 0.3494, lr_0 = 4.4624e-04
Loss = 2.2559e-03, PNorm = 107.6906, GNorm = 0.0861, lr_0 = 4.4607e-04
Loss = 2.4791e-03, PNorm = 107.6949, GNorm = 0.2746, lr_0 = 4.4590e-04
Loss = 2.5965e-03, PNorm = 107.6984, GNorm = 0.3407, lr_0 = 4.4573e-04
Loss = 1.9394e-03, PNorm = 107.7024, GNorm = 0.1162, lr_0 = 4.4555e-04
Loss = 2.3741e-03, PNorm = 107.7058, GNorm = 0.6145, lr_0 = 4.4538e-04
Loss = 2.8326e-03, PNorm = 107.7098, GNorm = 0.3975, lr_0 = 4.4521e-04
Loss = 3.2372e-03, PNorm = 107.7147, GNorm = 0.1030, lr_0 = 4.4504e-04
Loss = 2.3426e-03, PNorm = 107.7183, GNorm = 0.3981, lr_0 = 4.4487e-04
Loss = 2.4539e-03, PNorm = 107.7235, GNorm = 0.2708, lr_0 = 4.4470e-04
Loss = 2.0620e-03, PNorm = 107.7280, GNorm = 0.3895, lr_0 = 4.4453e-04
Loss = 2.1419e-03, PNorm = 107.7317, GNorm = 0.2447, lr_0 = 4.4436e-04
Loss = 2.1822e-03, PNorm = 107.7359, GNorm = 0.3049, lr_0 = 4.4419e-04
Loss = 2.0184e-03, PNorm = 107.7400, GNorm = 0.5053, lr_0 = 4.4402e-04
Loss = 2.2660e-03, PNorm = 107.7425, GNorm = 0.8029, lr_0 = 4.4384e-04
Loss = 1.9222e-03, PNorm = 107.7447, GNorm = 0.7729, lr_0 = 4.4367e-04
Loss = 2.1187e-03, PNorm = 107.7467, GNorm = 0.1711, lr_0 = 4.4350e-04
Loss = 1.9515e-03, PNorm = 107.7515, GNorm = 0.2319, lr_0 = 4.4333e-04
Loss = 2.0008e-03, PNorm = 107.7535, GNorm = 0.1168, lr_0 = 4.4316e-04
Loss = 1.8767e-03, PNorm = 107.7563, GNorm = 0.3897, lr_0 = 4.4299e-04
Loss = 1.8626e-03, PNorm = 107.7588, GNorm = 0.2982, lr_0 = 4.4282e-04
Loss = 1.9584e-03, PNorm = 107.7629, GNorm = 0.1400, lr_0 = 4.4265e-04
Loss = 1.7652e-03, PNorm = 107.7660, GNorm = 0.2204, lr_0 = 4.4248e-04
Loss = 1.9573e-03, PNorm = 107.7675, GNorm = 0.0766, lr_0 = 4.4231e-04
Loss = 1.7292e-03, PNorm = 107.7685, GNorm = 0.2528, lr_0 = 4.4214e-04
Loss = 1.7925e-03, PNorm = 107.7716, GNorm = 0.2614, lr_0 = 4.4197e-04
Loss = 1.6913e-03, PNorm = 107.7739, GNorm = 0.2437, lr_0 = 4.4180e-04
Loss = 1.8677e-03, PNorm = 107.7735, GNorm = 0.1350, lr_0 = 4.4163e-04
Loss = 1.5063e-03, PNorm = 107.7745, GNorm = 0.2858, lr_0 = 4.4146e-04
Loss = 1.3114e-03, PNorm = 107.7784, GNorm = 0.2540, lr_0 = 4.4129e-04
Loss = 1.7927e-03, PNorm = 107.7810, GNorm = 0.1682, lr_0 = 4.4112e-04
Loss = 1.8498e-03, PNorm = 107.7851, GNorm = 0.3365, lr_0 = 4.4095e-04
Loss = 1.5324e-03, PNorm = 107.7908, GNorm = 0.1113, lr_0 = 4.4078e-04
Loss = 1.7863e-03, PNorm = 107.7951, GNorm = 0.2407, lr_0 = 4.4061e-04
Loss = 1.7389e-03, PNorm = 107.7972, GNorm = 0.2316, lr_0 = 4.4044e-04
Loss = 2.0008e-03, PNorm = 107.8005, GNorm = 0.2128, lr_0 = 4.4028e-04
Loss = 2.0404e-03, PNorm = 107.8015, GNorm = 0.5660, lr_0 = 4.4011e-04
Loss = 2.0089e-03, PNorm = 107.8031, GNorm = 0.2659, lr_0 = 4.3994e-04
Loss = 1.8564e-03, PNorm = 107.8036, GNorm = 0.3612, lr_0 = 4.3977e-04
Loss = 1.7968e-03, PNorm = 107.8059, GNorm = 0.1687, lr_0 = 4.3960e-04
Loss = 1.7240e-03, PNorm = 107.8095, GNorm = 0.4593, lr_0 = 4.3943e-04
Loss = 1.7364e-03, PNorm = 107.8113, GNorm = 0.4428, lr_0 = 4.3926e-04
Loss = 1.7903e-03, PNorm = 107.8138, GNorm = 0.0998, lr_0 = 4.3909e-04
Loss = 1.6668e-03, PNorm = 107.8166, GNorm = 0.1272, lr_0 = 4.3892e-04
Loss = 1.7332e-03, PNorm = 107.8199, GNorm = 0.1322, lr_0 = 4.3875e-04
Loss = 1.7574e-03, PNorm = 107.8217, GNorm = 0.2618, lr_0 = 4.3859e-04
Loss = 1.5436e-03, PNorm = 107.8248, GNorm = 0.3524, lr_0 = 4.3842e-04
Loss = 1.7410e-03, PNorm = 107.8260, GNorm = 0.5105, lr_0 = 4.3825e-04
Loss = 2.1286e-03, PNorm = 107.8285, GNorm = 0.6002, lr_0 = 4.3808e-04
Loss = 2.0347e-03, PNorm = 107.8325, GNorm = 0.3066, lr_0 = 4.3791e-04
Loss = 1.7759e-03, PNorm = 107.8352, GNorm = 0.2481, lr_0 = 4.3774e-04
Loss = 1.6085e-03, PNorm = 107.8403, GNorm = 0.1739, lr_0 = 4.3758e-04
Loss = 2.2987e-03, PNorm = 107.8422, GNorm = 0.6948, lr_0 = 4.3741e-04
Loss = 2.2406e-03, PNorm = 107.8455, GNorm = 0.8958, lr_0 = 4.3724e-04
Loss = 2.0198e-03, PNorm = 107.8478, GNorm = 0.1805, lr_0 = 4.3707e-04
Loss = 2.2027e-03, PNorm = 107.8511, GNorm = 0.2485, lr_0 = 4.3690e-04
Loss = 1.6759e-03, PNorm = 107.8528, GNorm = 0.1780, lr_0 = 4.3673e-04
Loss = 1.6406e-03, PNorm = 107.8550, GNorm = 0.1155, lr_0 = 4.3657e-04
Loss = 1.6098e-03, PNorm = 107.8586, GNorm = 0.1153, lr_0 = 4.3640e-04
Loss = 1.4606e-03, PNorm = 107.8610, GNorm = 0.1389, lr_0 = 4.3623e-04
Loss = 1.6963e-03, PNorm = 107.8640, GNorm = 0.3749, lr_0 = 4.3606e-04
Loss = 1.8228e-03, PNorm = 107.8674, GNorm = 0.2492, lr_0 = 4.3590e-04
Loss = 1.8634e-03, PNorm = 107.8699, GNorm = 0.9567, lr_0 = 4.3573e-04
Loss = 1.9783e-03, PNorm = 107.8760, GNorm = 0.3972, lr_0 = 4.3556e-04
Loss = 1.8181e-03, PNorm = 107.8811, GNorm = 0.2518, lr_0 = 4.3539e-04
Loss = 1.6498e-03, PNorm = 107.8834, GNorm = 0.2474, lr_0 = 4.3523e-04
Loss = 1.6701e-03, PNorm = 107.8842, GNorm = 0.1665, lr_0 = 4.3506e-04
Loss = 1.4910e-03, PNorm = 107.8857, GNorm = 0.2505, lr_0 = 4.3489e-04
Loss = 1.6980e-03, PNorm = 107.8882, GNorm = 0.2798, lr_0 = 4.3472e-04
Loss = 1.8000e-03, PNorm = 107.8905, GNorm = 0.3353, lr_0 = 4.3456e-04
Loss = 1.8392e-03, PNorm = 107.8917, GNorm = 0.7188, lr_0 = 4.3439e-04
Loss = 1.8731e-03, PNorm = 107.8926, GNorm = 0.6611, lr_0 = 4.3422e-04
Loss = 2.1192e-03, PNorm = 107.8963, GNorm = 0.5390, lr_0 = 4.3406e-04
Loss = 1.8142e-03, PNorm = 107.9030, GNorm = 0.3683, lr_0 = 4.3389e-04
Loss = 1.7687e-03, PNorm = 107.9072, GNorm = 0.2974, lr_0 = 4.3372e-04
Loss = 1.8706e-03, PNorm = 107.9108, GNorm = 0.2773, lr_0 = 4.3356e-04
Loss = 1.8424e-03, PNorm = 107.9141, GNorm = 0.4834, lr_0 = 4.3339e-04
Loss = 1.9768e-03, PNorm = 107.9161, GNorm = 0.1967, lr_0 = 4.3322e-04
Loss = 1.8549e-03, PNorm = 107.9197, GNorm = 0.1948, lr_0 = 4.3306e-04
Loss = 1.8120e-03, PNorm = 107.9222, GNorm = 0.4333, lr_0 = 4.3289e-04
Loss = 1.8790e-03, PNorm = 107.9260, GNorm = 0.1276, lr_0 = 4.3272e-04
Loss = 1.9090e-03, PNorm = 107.9289, GNorm = 0.2503, lr_0 = 4.3256e-04
Loss = 1.5391e-03, PNorm = 107.9318, GNorm = 0.2441, lr_0 = 4.3239e-04
Loss = 2.1083e-03, PNorm = 107.9333, GNorm = 0.1205, lr_0 = 4.3222e-04
Loss = 1.8089e-03, PNorm = 107.9361, GNorm = 0.0932, lr_0 = 4.3206e-04
Loss = 1.6047e-03, PNorm = 107.9408, GNorm = 0.2811, lr_0 = 4.3189e-04
Loss = 1.6500e-03, PNorm = 107.9437, GNorm = 0.1081, lr_0 = 4.3173e-04
Loss = 2.0482e-03, PNorm = 107.9473, GNorm = 0.4544, lr_0 = 4.3156e-04
Loss = 1.9392e-03, PNorm = 107.9512, GNorm = 0.3151, lr_0 = 4.3139e-04
Loss = 1.9958e-03, PNorm = 107.9546, GNorm = 0.3332, lr_0 = 4.3123e-04
Loss = 2.5085e-03, PNorm = 107.9564, GNorm = 0.7791, lr_0 = 4.3106e-04
Loss = 2.3538e-03, PNorm = 107.9603, GNorm = 0.4439, lr_0 = 4.3090e-04
Loss = 2.5985e-03, PNorm = 107.9658, GNorm = 0.7942, lr_0 = 4.3073e-04
Loss = 2.1106e-03, PNorm = 107.9675, GNorm = 0.4379, lr_0 = 4.3057e-04
Loss = 2.1639e-03, PNorm = 107.9704, GNorm = 0.6179, lr_0 = 4.3040e-04
Loss = 1.9382e-03, PNorm = 107.9745, GNorm = 0.1053, lr_0 = 4.3023e-04
Loss = 2.0540e-03, PNorm = 107.9776, GNorm = 0.2936, lr_0 = 4.3007e-04
Loss = 2.0812e-03, PNorm = 107.9814, GNorm = 0.1248, lr_0 = 4.2990e-04
Loss = 2.0454e-03, PNorm = 107.9858, GNorm = 0.3672, lr_0 = 4.2974e-04
Loss = 1.7735e-03, PNorm = 107.9892, GNorm = 0.2377, lr_0 = 4.2957e-04
Loss = 2.2123e-03, PNorm = 107.9909, GNorm = 0.1014, lr_0 = 4.2941e-04
Loss = 1.7609e-03, PNorm = 107.9947, GNorm = 0.2269, lr_0 = 4.2924e-04
Loss = 1.9825e-03, PNorm = 107.9975, GNorm = 0.4831, lr_0 = 4.2908e-04
Loss = 1.4504e-03, PNorm = 107.9993, GNorm = 0.1967, lr_0 = 4.2891e-04
Loss = 2.0002e-03, PNorm = 108.0032, GNorm = 0.1566, lr_0 = 4.2875e-04
Loss = 2.1576e-03, PNorm = 108.0056, GNorm = 0.6125, lr_0 = 4.2858e-04
Loss = 2.1257e-03, PNorm = 108.0097, GNorm = 0.5028, lr_0 = 4.2842e-04
Loss = 2.2732e-03, PNorm = 108.0127, GNorm = 0.2896, lr_0 = 4.2825e-04
Loss = 1.9594e-03, PNorm = 108.0158, GNorm = 0.5103, lr_0 = 4.2809e-04
Loss = 1.8686e-03, PNorm = 108.0183, GNorm = 0.1308, lr_0 = 4.2793e-04
Loss = 2.2013e-03, PNorm = 108.0222, GNorm = 0.6724, lr_0 = 4.2776e-04
Loss = 2.2138e-03, PNorm = 108.0267, GNorm = 0.2731, lr_0 = 4.2760e-04
Loss = 1.7597e-03, PNorm = 108.0289, GNorm = 0.0915, lr_0 = 4.2743e-04
Loss = 1.9079e-03, PNorm = 108.0319, GNorm = 0.4234, lr_0 = 4.2727e-04
Loss = 1.9689e-03, PNorm = 108.0361, GNorm = 0.1563, lr_0 = 4.2710e-04
Loss = 1.7266e-03, PNorm = 108.0389, GNorm = 0.3586, lr_0 = 4.2694e-04
Loss = 1.6375e-03, PNorm = 108.0396, GNorm = 0.1476, lr_0 = 4.2678e-04
Loss = 1.8275e-03, PNorm = 108.0424, GNorm = 0.3449, lr_0 = 4.2661e-04
Loss = 1.8979e-03, PNorm = 108.0454, GNorm = 0.1618, lr_0 = 4.2645e-04
Loss = 1.6858e-03, PNorm = 108.0493, GNorm = 0.2339, lr_0 = 4.2628e-04
Loss = 1.6998e-03, PNorm = 108.0498, GNorm = 0.1004, lr_0 = 4.2612e-04
Loss = 1.6249e-03, PNorm = 108.0532, GNorm = 0.1362, lr_0 = 4.2596e-04
Loss = 1.6295e-03, PNorm = 108.0576, GNorm = 0.4383, lr_0 = 4.2579e-04
Loss = 1.7950e-03, PNorm = 108.0596, GNorm = 0.1295, lr_0 = 4.2563e-04
Loss = 1.6685e-03, PNorm = 108.0632, GNorm = 0.1077, lr_0 = 4.2546e-04
Loss = 1.4168e-03, PNorm = 108.0668, GNorm = 0.0975, lr_0 = 4.2530e-04
Loss = 1.4536e-03, PNorm = 108.0693, GNorm = 0.2374, lr_0 = 4.2514e-04
Loss = 1.6785e-03, PNorm = 108.0712, GNorm = 0.1901, lr_0 = 4.2497e-04
Loss = 1.3856e-03, PNorm = 108.0735, GNorm = 0.3783, lr_0 = 4.2481e-04
Loss = 1.5736e-03, PNorm = 108.0775, GNorm = 0.1029, lr_0 = 4.2465e-04
Loss = 1.8438e-03, PNorm = 108.0797, GNorm = 0.3921, lr_0 = 4.2448e-04
Loss = 1.7140e-03, PNorm = 108.0837, GNorm = 0.2198, lr_0 = 4.2432e-04
Loss = 1.9054e-03, PNorm = 108.0853, GNorm = 0.3755, lr_0 = 4.2416e-04
Loss = 1.7942e-03, PNorm = 108.0885, GNorm = 0.3167, lr_0 = 4.2399e-04
Loss = 1.8552e-03, PNorm = 108.0923, GNorm = 0.3148, lr_0 = 4.2383e-04
Loss = 1.6460e-03, PNorm = 108.0964, GNorm = 0.4520, lr_0 = 4.2367e-04
Loss = 2.2470e-03, PNorm = 108.0989, GNorm = 0.2977, lr_0 = 4.2351e-04
Loss = 1.9293e-03, PNorm = 108.1013, GNorm = 0.4002, lr_0 = 4.2334e-04
Loss = 1.7014e-03, PNorm = 108.1041, GNorm = 0.1552, lr_0 = 4.2318e-04
Loss = 2.0728e-03, PNorm = 108.1082, GNorm = 0.2034, lr_0 = 4.2302e-04
Loss = 1.7082e-03, PNorm = 108.1132, GNorm = 0.3888, lr_0 = 4.2286e-04
Loss = 2.0569e-03, PNorm = 108.1157, GNorm = 0.0948, lr_0 = 4.2269e-04
Loss = 1.9115e-03, PNorm = 108.1199, GNorm = 0.1121, lr_0 = 4.2253e-04
Loss = 1.7602e-03, PNorm = 108.1244, GNorm = 0.4071, lr_0 = 4.2237e-04
Loss = 1.7649e-03, PNorm = 108.1281, GNorm = 0.2032, lr_0 = 4.2221e-04
Loss = 1.9821e-03, PNorm = 108.1319, GNorm = 0.1847, lr_0 = 4.2204e-04
Loss = 1.6217e-03, PNorm = 108.1362, GNorm = 0.1259, lr_0 = 4.2188e-04
Loss = 2.3729e-03, PNorm = 108.1378, GNorm = 0.3452, lr_0 = 4.2172e-04
Loss = 2.5056e-03, PNorm = 108.1400, GNorm = 0.6159, lr_0 = 4.2156e-04
Loss = 2.5841e-03, PNorm = 108.1436, GNorm = 0.9151, lr_0 = 4.2139e-04
Loss = 2.9025e-03, PNorm = 108.1496, GNorm = 0.4269, lr_0 = 4.2123e-04
Loss = 2.1702e-03, PNorm = 108.1537, GNorm = 0.1393, lr_0 = 4.2107e-04
Loss = 2.1353e-03, PNorm = 108.1551, GNorm = 0.2122, lr_0 = 4.2091e-04
Loss = 1.8336e-03, PNorm = 108.1583, GNorm = 0.1632, lr_0 = 4.2075e-04
Loss = 2.3485e-03, PNorm = 108.1616, GNorm = 0.4708, lr_0 = 4.2059e-04
Loss = 2.3795e-03, PNorm = 108.1651, GNorm = 0.4245, lr_0 = 4.2042e-04
Loss = 2.1496e-03, PNorm = 108.1700, GNorm = 0.6616, lr_0 = 4.2026e-04
Loss = 2.3901e-03, PNorm = 108.1743, GNorm = 0.7098, lr_0 = 4.2010e-04
Loss = 2.0185e-03, PNorm = 108.1771, GNorm = 0.4346, lr_0 = 4.1994e-04
Loss = 2.1464e-03, PNorm = 108.1782, GNorm = 0.5923, lr_0 = 4.1978e-04
Loss = 2.4705e-03, PNorm = 108.1799, GNorm = 0.3837, lr_0 = 4.1962e-04
Loss = 2.2684e-03, PNorm = 108.1822, GNorm = 0.4286, lr_0 = 4.1945e-04
Loss = 2.2071e-03, PNorm = 108.1849, GNorm = 0.1941, lr_0 = 4.1929e-04
Loss = 2.8655e-03, PNorm = 108.1885, GNorm = 0.4824, lr_0 = 4.1913e-04
Loss = 2.6653e-03, PNorm = 108.1922, GNorm = 0.4889, lr_0 = 4.1897e-04
Loss = 2.0675e-03, PNorm = 108.1965, GNorm = 0.1693, lr_0 = 4.1881e-04
Loss = 1.9854e-03, PNorm = 108.1997, GNorm = 0.1890, lr_0 = 4.1865e-04
Loss = 2.2336e-03, PNorm = 108.2024, GNorm = 0.2776, lr_0 = 4.1849e-04
Loss = 1.9813e-03, PNorm = 108.2067, GNorm = 0.1905, lr_0 = 4.1833e-04
Loss = 2.0967e-03, PNorm = 108.2097, GNorm = 0.5322, lr_0 = 4.1817e-04
Loss = 1.8287e-03, PNorm = 108.2132, GNorm = 0.2999, lr_0 = 4.1801e-04
Loss = 1.8685e-03, PNorm = 108.2161, GNorm = 0.2116, lr_0 = 4.1785e-04
Loss = 1.9383e-03, PNorm = 108.2202, GNorm = 0.3479, lr_0 = 4.1768e-04
Loss = 1.9463e-03, PNorm = 108.2244, GNorm = 0.2096, lr_0 = 4.1752e-04
Loss = 1.8531e-03, PNorm = 108.2285, GNorm = 0.4342, lr_0 = 4.1736e-04
Loss = 1.6929e-03, PNorm = 108.2309, GNorm = 0.1594, lr_0 = 4.1720e-04
Loss = 1.8996e-03, PNorm = 108.2341, GNorm = 0.4739, lr_0 = 4.1704e-04
Loss = 2.0447e-03, PNorm = 108.2360, GNorm = 0.4682, lr_0 = 4.1688e-04
Loss = 1.8660e-03, PNorm = 108.2390, GNorm = 0.3073, lr_0 = 4.1672e-04
Loss = 1.9586e-03, PNorm = 108.2422, GNorm = 0.1882, lr_0 = 4.1656e-04
Loss = 1.7330e-03, PNorm = 108.2438, GNorm = 0.2170, lr_0 = 4.1640e-04
Loss = 1.6395e-03, PNorm = 108.2475, GNorm = 0.1809, lr_0 = 4.1624e-04
Loss = 1.7889e-03, PNorm = 108.2498, GNorm = 0.3724, lr_0 = 4.1608e-04
Loss = 1.5612e-03, PNorm = 108.2531, GNorm = 0.1765, lr_0 = 4.1592e-04
Loss = 1.7931e-03, PNorm = 108.2563, GNorm = 0.1237, lr_0 = 4.1576e-04
Loss = 1.7529e-03, PNorm = 108.2601, GNorm = 0.2538, lr_0 = 4.1560e-04
Loss = 1.8173e-03, PNorm = 108.2623, GNorm = 0.1508, lr_0 = 4.1544e-04
Loss = 1.6384e-03, PNorm = 108.2660, GNorm = 0.2628, lr_0 = 4.1528e-04
Loss = 2.3705e-03, PNorm = 108.2728, GNorm = 0.2896, lr_0 = 4.1512e-04
Loss = 2.6843e-03, PNorm = 108.2786, GNorm = 0.1173, lr_0 = 4.1496e-04
Loss = 1.9955e-03, PNorm = 108.2826, GNorm = 0.6251, lr_0 = 4.1480e-04
Loss = 2.2001e-03, PNorm = 108.2860, GNorm = 0.3212, lr_0 = 4.1464e-04
Loss = 2.3241e-03, PNorm = 108.2887, GNorm = 0.5482, lr_0 = 4.1449e-04
Loss = 2.5024e-03, PNorm = 108.2931, GNorm = 0.4001, lr_0 = 4.1433e-04
Loss = 2.0993e-03, PNorm = 108.2953, GNorm = 0.5570, lr_0 = 4.1417e-04
Loss = 1.8607e-03, PNorm = 108.2986, GNorm = 0.1306, lr_0 = 4.1401e-04
Loss = 1.9293e-03, PNorm = 108.3022, GNorm = 0.1666, lr_0 = 4.1385e-04
Loss = 1.6017e-03, PNorm = 108.3063, GNorm = 0.1833, lr_0 = 4.1369e-04
Loss = 1.7314e-03, PNorm = 108.3080, GNorm = 0.4025, lr_0 = 4.1353e-04
Loss = 1.4602e-03, PNorm = 108.3108, GNorm = 0.1754, lr_0 = 4.1337e-04
Loss = 1.6557e-03, PNorm = 108.3123, GNorm = 0.1468, lr_0 = 4.1321e-04
Loss = 1.4358e-03, PNorm = 108.3120, GNorm = 0.2452, lr_0 = 4.1305e-04
Loss = 1.5472e-03, PNorm = 108.3132, GNorm = 0.1557, lr_0 = 4.1289e-04
Loss = 1.6374e-03, PNorm = 108.3172, GNorm = 0.3454, lr_0 = 4.1274e-04
Loss = 1.7017e-03, PNorm = 108.3213, GNorm = 0.2925, lr_0 = 4.1258e-04
Loss = 1.6149e-03, PNorm = 108.3225, GNorm = 0.3115, lr_0 = 4.1242e-04
Loss = 1.6684e-03, PNorm = 108.3247, GNorm = 0.1240, lr_0 = 4.1226e-04
Loss = 1.6477e-03, PNorm = 108.3274, GNorm = 0.2635, lr_0 = 4.1210e-04
Loss = 1.4879e-03, PNorm = 108.3293, GNorm = 0.1163, lr_0 = 4.1194e-04
Loss = 1.4704e-03, PNorm = 108.3305, GNorm = 0.1660, lr_0 = 4.1178e-04
Loss = 1.3603e-03, PNorm = 108.3308, GNorm = 0.1672, lr_0 = 4.1163e-04
Loss = 1.3875e-03, PNorm = 108.3326, GNorm = 0.1186, lr_0 = 4.1147e-04
Loss = 1.6962e-03, PNorm = 108.3339, GNorm = 0.2260, lr_0 = 4.1131e-04
Loss = 1.5930e-03, PNorm = 108.3352, GNorm = 0.3927, lr_0 = 4.1115e-04
Loss = 1.5248e-03, PNorm = 108.3388, GNorm = 0.1666, lr_0 = 4.1099e-04
Loss = 1.3033e-03, PNorm = 108.3423, GNorm = 0.1091, lr_0 = 4.1084e-04
Loss = 1.5052e-03, PNorm = 108.3447, GNorm = 0.4076, lr_0 = 4.1068e-04
Loss = 1.4880e-03, PNorm = 108.3476, GNorm = 0.2073, lr_0 = 4.1052e-04
Loss = 1.3794e-03, PNorm = 108.3511, GNorm = 0.3267, lr_0 = 4.1036e-04
Loss = 1.4652e-03, PNorm = 108.3528, GNorm = 0.1520, lr_0 = 4.1020e-04
Loss = 1.4991e-03, PNorm = 108.3555, GNorm = 0.1248, lr_0 = 4.1005e-04
Loss = 1.2689e-03, PNorm = 108.3576, GNorm = 0.3972, lr_0 = 4.0989e-04
Loss = 1.4149e-03, PNorm = 108.3593, GNorm = 0.2288, lr_0 = 4.0973e-04
Loss = 1.5153e-03, PNorm = 108.3612, GNorm = 0.2905, lr_0 = 4.0957e-04
Loss = 1.6231e-03, PNorm = 108.3623, GNorm = 0.6151, lr_0 = 4.0942e-04
Loss = 1.7204e-03, PNorm = 108.3640, GNorm = 0.1848, lr_0 = 4.0926e-04
Loss = 1.5966e-03, PNorm = 108.3657, GNorm = 0.8258, lr_0 = 4.0910e-04
Loss = 2.2603e-03, PNorm = 108.3670, GNorm = 0.7083, lr_0 = 4.0895e-04
Loss = 2.0312e-03, PNorm = 108.3732, GNorm = 0.5603, lr_0 = 4.0879e-04
Loss = 2.0955e-03, PNorm = 108.3783, GNorm = 0.7501, lr_0 = 4.0863e-04
Loss = 1.9792e-03, PNorm = 108.3825, GNorm = 0.5890, lr_0 = 4.0847e-04
Loss = 1.7701e-03, PNorm = 108.3862, GNorm = 0.4347, lr_0 = 4.0832e-04
Loss = 1.8916e-03, PNorm = 108.3897, GNorm = 0.1735, lr_0 = 4.0816e-04
Loss = 2.1115e-03, PNorm = 108.3936, GNorm = 0.4536, lr_0 = 4.0800e-04
Loss = 2.0156e-03, PNorm = 108.3980, GNorm = 0.3127, lr_0 = 4.0785e-04
Loss = 1.8808e-03, PNorm = 108.4006, GNorm = 0.4007, lr_0 = 4.0769e-04
Loss = 1.4275e-03, PNorm = 108.4041, GNorm = 0.2384, lr_0 = 4.0753e-04
Loss = 2.2385e-03, PNorm = 108.4084, GNorm = 0.8349, lr_0 = 4.0738e-04
Loss = 2.0164e-03, PNorm = 108.4134, GNorm = 0.9604, lr_0 = 4.0722e-04
Loss = 1.9734e-03, PNorm = 108.4163, GNorm = 0.1497, lr_0 = 4.0706e-04
Loss = 1.5398e-03, PNorm = 108.4187, GNorm = 0.3634, lr_0 = 4.0691e-04
Loss = 1.8348e-03, PNorm = 108.4202, GNorm = 0.5187, lr_0 = 4.0675e-04
Loss = 1.8233e-03, PNorm = 108.4232, GNorm = 0.2931, lr_0 = 4.0659e-04
Loss = 1.6969e-03, PNorm = 108.4274, GNorm = 0.5237, lr_0 = 4.0644e-04
Loss = 1.7670e-03, PNorm = 108.4324, GNorm = 0.1977, lr_0 = 4.0628e-04
Loss = 1.6065e-03, PNorm = 108.4343, GNorm = 0.1618, lr_0 = 4.0612e-04
Loss = 1.2849e-03, PNorm = 108.4369, GNorm = 0.1670, lr_0 = 4.0597e-04
Loss = 1.3372e-03, PNorm = 108.4377, GNorm = 0.0677, lr_0 = 4.0581e-04
Loss = 1.5430e-03, PNorm = 108.4400, GNorm = 0.3633, lr_0 = 4.0566e-04
Loss = 1.5911e-03, PNorm = 108.4411, GNorm = 0.1147, lr_0 = 4.0550e-04
Loss = 1.4145e-03, PNorm = 108.4419, GNorm = 0.0711, lr_0 = 4.0534e-04
Loss = 1.3645e-03, PNorm = 108.4429, GNorm = 0.4141, lr_0 = 4.0519e-04
Loss = 1.4038e-03, PNorm = 108.4442, GNorm = 0.3699, lr_0 = 4.0503e-04
Loss = 1.5629e-03, PNorm = 108.4459, GNorm = 0.1722, lr_0 = 4.0488e-04
Loss = 1.3991e-03, PNorm = 108.4488, GNorm = 0.1254, lr_0 = 4.0472e-04
Loss = 1.3528e-03, PNorm = 108.4521, GNorm = 0.1663, lr_0 = 4.0457e-04
Loss = 1.5872e-03, PNorm = 108.4541, GNorm = 0.6095, lr_0 = 4.0441e-04
Loss = 1.6211e-03, PNorm = 108.4570, GNorm = 0.5265, lr_0 = 4.0426e-04
Loss = 1.4866e-03, PNorm = 108.4594, GNorm = 0.4382, lr_0 = 4.0410e-04
Loss = 1.3749e-03, PNorm = 108.4627, GNorm = 0.1900, lr_0 = 4.0394e-04
Loss = 1.5087e-03, PNorm = 108.4640, GNorm = 0.1759, lr_0 = 4.0379e-04
Loss = 1.3985e-03, PNorm = 108.4656, GNorm = 0.2343, lr_0 = 4.0363e-04
Loss = 1.3533e-03, PNorm = 108.4678, GNorm = 0.1311, lr_0 = 4.0348e-04
Loss = 1.6619e-03, PNorm = 108.4718, GNorm = 0.2541, lr_0 = 4.0332e-04
Loss = 1.9006e-03, PNorm = 108.4751, GNorm = 0.6129, lr_0 = 4.0317e-04
Loss = 1.9138e-03, PNorm = 108.4758, GNorm = 0.5003, lr_0 = 4.0301e-04
Loss = 1.8310e-03, PNorm = 108.4791, GNorm = 0.3181, lr_0 = 4.0286e-04
Loss = 1.7754e-03, PNorm = 108.4812, GNorm = 0.1017, lr_0 = 4.0270e-04
Loss = 1.7742e-03, PNorm = 108.4818, GNorm = 0.1947, lr_0 = 4.0255e-04
Loss = 1.5885e-03, PNorm = 108.4852, GNorm = 0.1654, lr_0 = 4.0239e-04
Loss = 1.5262e-03, PNorm = 108.4871, GNorm = 0.2358, lr_0 = 4.0224e-04
Loss = 1.3009e-03, PNorm = 108.4887, GNorm = 0.1102, lr_0 = 4.0209e-04
Loss = 1.3411e-03, PNorm = 108.4906, GNorm = 0.3890, lr_0 = 4.0193e-04
Loss = 1.3631e-03, PNorm = 108.4928, GNorm = 0.2911, lr_0 = 4.0178e-04
Loss = 1.3426e-03, PNorm = 108.4941, GNorm = 0.4771, lr_0 = 4.0162e-04
Loss = 1.6964e-03, PNorm = 108.4964, GNorm = 0.8584, lr_0 = 4.0147e-04
Loss = 1.7462e-03, PNorm = 108.4977, GNorm = 0.2169, lr_0 = 4.0131e-04
Loss = 1.7023e-03, PNorm = 108.4996, GNorm = 0.1393, lr_0 = 4.0116e-04
Loss = 1.6232e-03, PNorm = 108.5040, GNorm = 0.3633, lr_0 = 4.0100e-04
Loss = 1.4683e-03, PNorm = 108.5066, GNorm = 0.3311, lr_0 = 4.0085e-04
Loss = 1.4721e-03, PNorm = 108.5085, GNorm = 0.0953, lr_0 = 4.0070e-04
Loss = 1.4644e-03, PNorm = 108.5104, GNorm = 0.5195, lr_0 = 4.0054e-04
Loss = 1.7603e-03, PNorm = 108.5132, GNorm = 0.5418, lr_0 = 4.0039e-04
Loss = 1.7269e-03, PNorm = 108.5183, GNorm = 0.6558, lr_0 = 4.0023e-04
Loss = 1.4419e-03, PNorm = 108.5237, GNorm = 0.1422, lr_0 = 4.0008e-04
Loss = 2.0360e-03, PNorm = 108.5258, GNorm = 0.5454, lr_0 = 3.9993e-04
Loss = 2.4039e-03, PNorm = 108.5258, GNorm = 0.2771, lr_0 = 3.9977e-04
Loss = 2.2082e-03, PNorm = 108.5292, GNorm = 0.7500, lr_0 = 3.9962e-04
Loss = 2.4389e-03, PNorm = 108.5338, GNorm = 0.8685, lr_0 = 3.9947e-04
Loss = 2.2303e-03, PNorm = 108.5393, GNorm = 0.5442, lr_0 = 3.9931e-04
Loss = 2.0873e-03, PNorm = 108.5441, GNorm = 0.3195, lr_0 = 3.9916e-04
Loss = 2.1594e-03, PNorm = 108.5461, GNorm = 0.3696, lr_0 = 3.9901e-04
Loss = 1.8941e-03, PNorm = 108.5488, GNorm = 0.5402, lr_0 = 3.9885e-04
Loss = 1.8271e-03, PNorm = 108.5531, GNorm = 0.1709, lr_0 = 3.9870e-04
Loss = 1.9906e-03, PNorm = 108.5570, GNorm = 0.3119, lr_0 = 3.9855e-04
Loss = 1.9428e-03, PNorm = 108.5593, GNorm = 0.2174, lr_0 = 3.9839e-04
Loss = 1.9034e-03, PNorm = 108.5628, GNorm = 0.2999, lr_0 = 3.9824e-04
Loss = 1.8672e-03, PNorm = 108.5654, GNorm = 0.2538, lr_0 = 3.9809e-04
Loss = 1.8915e-03, PNorm = 108.5680, GNorm = 0.5275, lr_0 = 3.9793e-04
Loss = 1.6996e-03, PNorm = 108.5710, GNorm = 0.4253, lr_0 = 3.9778e-04
Loss = 1.9097e-03, PNorm = 108.5733, GNorm = 0.3216, lr_0 = 3.9763e-04
Loss = 1.9725e-03, PNorm = 108.5762, GNorm = 0.1521, lr_0 = 3.9747e-04
Loss = 2.1049e-03, PNorm = 108.5791, GNorm = 0.5081, lr_0 = 3.9732e-04
Loss = 1.8658e-03, PNorm = 108.5817, GNorm = 0.1441, lr_0 = 3.9717e-04
Loss = 1.7118e-03, PNorm = 108.5826, GNorm = 0.1873, lr_0 = 3.9702e-04
Loss = 1.8533e-03, PNorm = 108.5860, GNorm = 0.5221, lr_0 = 3.9686e-04
Loss = 1.5257e-03, PNorm = 108.5893, GNorm = 0.1288, lr_0 = 3.9671e-04
Loss = 1.7927e-03, PNorm = 108.5908, GNorm = 0.5802, lr_0 = 3.9656e-04
Loss = 2.1140e-03, PNorm = 108.5912, GNorm = 0.7805, lr_0 = 3.9641e-04
Loss = 2.0226e-03, PNorm = 108.5947, GNorm = 0.2583, lr_0 = 3.9625e-04
Loss = 1.9197e-03, PNorm = 108.5972, GNorm = 0.1404, lr_0 = 3.9610e-04
Loss = 1.9863e-03, PNorm = 108.6004, GNorm = 0.2224, lr_0 = 3.9595e-04
Loss = 1.9009e-03, PNorm = 108.6055, GNorm = 0.1729, lr_0 = 3.9580e-04
Loss = 1.9227e-03, PNorm = 108.6086, GNorm = 0.1382, lr_0 = 3.9564e-04
Loss = 1.8654e-03, PNorm = 108.6114, GNorm = 0.4385, lr_0 = 3.9549e-04
Loss = 1.7747e-03, PNorm = 108.6149, GNorm = 0.2356, lr_0 = 3.9534e-04
Loss = 1.8363e-03, PNorm = 108.6175, GNorm = 0.3844, lr_0 = 3.9519e-04
Loss = 1.7128e-03, PNorm = 108.6230, GNorm = 0.1795, lr_0 = 3.9504e-04
Loss = 2.0910e-03, PNorm = 108.6272, GNorm = 0.7170, lr_0 = 3.9488e-04
Loss = 2.1989e-03, PNorm = 108.6306, GNorm = 0.3701, lr_0 = 3.9473e-04
Loss = 2.0175e-03, PNorm = 108.6324, GNorm = 0.4378, lr_0 = 3.9458e-04
Loss = 1.8926e-03, PNorm = 108.6341, GNorm = 0.6420, lr_0 = 3.9443e-04
Loss = 1.7663e-03, PNorm = 108.6369, GNorm = 0.2741, lr_0 = 3.9428e-04
Loss = 1.7088e-03, PNorm = 108.6409, GNorm = 0.3338, lr_0 = 3.9413e-04
Loss = 1.5712e-03, PNorm = 108.6433, GNorm = 0.1972, lr_0 = 3.9397e-04
Loss = 1.7229e-03, PNorm = 108.6453, GNorm = 0.3160, lr_0 = 3.9382e-04
Loss = 1.6067e-03, PNorm = 108.6471, GNorm = 0.2860, lr_0 = 3.9367e-04
Loss = 1.6004e-03, PNorm = 108.6495, GNorm = 0.0759, lr_0 = 3.9352e-04
Loss = 1.4454e-03, PNorm = 108.6525, GNorm = 0.1780, lr_0 = 3.9337e-04
Loss = 1.5786e-03, PNorm = 108.6553, GNorm = 0.3180, lr_0 = 3.9322e-04
Loss = 1.6700e-03, PNorm = 108.6567, GNorm = 0.1691, lr_0 = 3.9307e-04
Loss = 1.3117e-03, PNorm = 108.6603, GNorm = 0.2297, lr_0 = 3.9292e-04
Loss = 1.7235e-03, PNorm = 108.6638, GNorm = 0.2442, lr_0 = 3.9276e-04
Loss = 1.6085e-03, PNorm = 108.6670, GNorm = 0.1753, lr_0 = 3.9261e-04
Loss = 1.4760e-03, PNorm = 108.6700, GNorm = 0.3991, lr_0 = 3.9246e-04
Loss = 1.4725e-03, PNorm = 108.6727, GNorm = 0.2967, lr_0 = 3.9231e-04
Loss = 1.5235e-03, PNorm = 108.6755, GNorm = 0.2406, lr_0 = 3.9216e-04
Loss = 1.3939e-03, PNorm = 108.6799, GNorm = 0.1509, lr_0 = 3.9201e-04
Loss = 1.4868e-03, PNorm = 108.6824, GNorm = 0.1816, lr_0 = 3.9186e-04
Loss = 1.2846e-03, PNorm = 108.6847, GNorm = 0.3637, lr_0 = 3.9171e-04
Loss = 1.3109e-03, PNorm = 108.6869, GNorm = 0.1860, lr_0 = 3.9156e-04
Loss = 1.3171e-03, PNorm = 108.6885, GNorm = 0.3704, lr_0 = 3.9141e-04
Loss = 1.3748e-03, PNorm = 108.6916, GNorm = 0.0976, lr_0 = 3.9126e-04
Loss = 1.2776e-03, PNorm = 108.6948, GNorm = 0.0801, lr_0 = 3.9111e-04
Loss = 1.3271e-03, PNorm = 108.6974, GNorm = 0.3325, lr_0 = 3.9096e-04
Loss = 1.4233e-03, PNorm = 108.7000, GNorm = 0.1234, lr_0 = 3.9081e-04
Loss = 1.0974e-03, PNorm = 108.7007, GNorm = 0.2625, lr_0 = 3.9066e-04
Loss = 1.4375e-03, PNorm = 108.7007, GNorm = 0.4589, lr_0 = 3.9051e-04
Loss = 1.3672e-03, PNorm = 108.7029, GNorm = 0.2920, lr_0 = 3.9036e-04
Loss = 1.3907e-03, PNorm = 108.7066, GNorm = 0.1274, lr_0 = 3.9021e-04
Loss = 1.3472e-03, PNorm = 108.7098, GNorm = 0.3808, lr_0 = 3.9006e-04
Loss = 1.5161e-03, PNorm = 108.7113, GNorm = 0.3333, lr_0 = 3.8991e-04
Loss = 1.3781e-03, PNorm = 108.7142, GNorm = 0.2927, lr_0 = 3.8976e-04
Loss = 1.2500e-03, PNorm = 108.7159, GNorm = 0.1607, lr_0 = 3.8961e-04
Loss = 1.3028e-03, PNorm = 108.7172, GNorm = 0.2674, lr_0 = 3.8946e-04
Loss = 1.2737e-03, PNorm = 108.7197, GNorm = 0.0788, lr_0 = 3.8931e-04
Loss = 1.3616e-03, PNorm = 108.7223, GNorm = 0.4958, lr_0 = 3.8916e-04
Loss = 1.2587e-03, PNorm = 108.7247, GNorm = 0.2750, lr_0 = 3.8901e-04
Loss = 1.2031e-03, PNorm = 108.7273, GNorm = 0.0895, lr_0 = 3.8886e-04
Loss = 1.3430e-03, PNorm = 108.7281, GNorm = 0.2858, lr_0 = 3.8871e-04
Loss = 1.4657e-03, PNorm = 108.7291, GNorm = 0.7318, lr_0 = 3.8856e-04
Loss = 1.4818e-03, PNorm = 108.7306, GNorm = 0.5327, lr_0 = 3.8841e-04
Loss = 1.5641e-03, PNorm = 108.7328, GNorm = 0.5639, lr_0 = 3.8826e-04
Loss = 1.5629e-03, PNorm = 108.7363, GNorm = 0.3953, lr_0 = 3.8811e-04
Loss = 1.4837e-03, PNorm = 108.7389, GNorm = 0.3403, lr_0 = 3.8796e-04
Loss = 1.5177e-03, PNorm = 108.7423, GNorm = 0.4874, lr_0 = 3.8781e-04
Loss = 1.2638e-03, PNorm = 108.7434, GNorm = 0.1689, lr_0 = 3.8766e-04
Loss = 1.5423e-03, PNorm = 108.7451, GNorm = 0.1861, lr_0 = 3.8751e-04
Loss = 1.4618e-03, PNorm = 108.7470, GNorm = 0.1372, lr_0 = 3.8737e-04
Loss = 1.5773e-03, PNorm = 108.7498, GNorm = 0.3690, lr_0 = 3.8722e-04
Loss = 1.3421e-03, PNorm = 108.7522, GNorm = 0.3550, lr_0 = 3.8707e-04
Loss = 1.4108e-03, PNorm = 108.7547, GNorm = 0.1675, lr_0 = 3.8692e-04
Loss = 1.3034e-03, PNorm = 108.7567, GNorm = 0.2725, lr_0 = 3.8677e-04
Loss = 1.1707e-03, PNorm = 108.7566, GNorm = 0.2459, lr_0 = 3.8662e-04
Loss = 1.1830e-03, PNorm = 108.7572, GNorm = 0.1540, lr_0 = 3.8647e-04
Loss = 1.4676e-03, PNorm = 108.7579, GNorm = 0.1787, lr_0 = 3.8632e-04
Loss = 1.6313e-03, PNorm = 108.7602, GNorm = 0.3810, lr_0 = 3.8618e-04
Loss = 1.4141e-03, PNorm = 108.7638, GNorm = 0.1927, lr_0 = 3.8603e-04
Loss = 1.4547e-03, PNorm = 108.7669, GNorm = 0.0964, lr_0 = 3.8588e-04
Loss = 1.2445e-03, PNorm = 108.7709, GNorm = 0.0793, lr_0 = 3.8573e-04
Loss = 1.3028e-03, PNorm = 108.7718, GNorm = 0.1034, lr_0 = 3.8558e-04
Loss = 1.2542e-03, PNorm = 108.7732, GNorm = 0.1720, lr_0 = 3.8543e-04
Loss = 1.2836e-03, PNorm = 108.7739, GNorm = 0.2726, lr_0 = 3.8529e-04
Loss = 1.3320e-03, PNorm = 108.7756, GNorm = 0.3052, lr_0 = 3.8514e-04
Loss = 1.3270e-03, PNorm = 108.7774, GNorm = 0.1814, lr_0 = 3.8499e-04
Loss = 1.3493e-03, PNorm = 108.7788, GNorm = 0.2515, lr_0 = 3.8484e-04
Loss = 1.3574e-03, PNorm = 108.7818, GNorm = 0.1827, lr_0 = 3.8469e-04
Loss = 1.1888e-03, PNorm = 108.7841, GNorm = 0.2135, lr_0 = 3.8455e-04
Loss = 1.2462e-03, PNorm = 108.7865, GNorm = 0.4271, lr_0 = 3.8440e-04
Loss = 1.4539e-03, PNorm = 108.7859, GNorm = 0.4098, lr_0 = 3.8425e-04
Loss = 1.3892e-03, PNorm = 108.7886, GNorm = 0.2032, lr_0 = 3.8410e-04
Loss = 1.4433e-03, PNorm = 108.7937, GNorm = 0.1470, lr_0 = 3.8396e-04
Loss = 1.4208e-03, PNorm = 108.7967, GNorm = 0.4339, lr_0 = 3.8381e-04
Loss = 1.7047e-03, PNorm = 108.8003, GNorm = 0.1341, lr_0 = 3.8366e-04
Loss = 1.7386e-03, PNorm = 108.8019, GNorm = 0.2053, lr_0 = 3.8351e-04
Loss = 1.6996e-03, PNorm = 108.8019, GNorm = 0.3908, lr_0 = 3.8337e-04
Loss = 1.3946e-03, PNorm = 108.8034, GNorm = 0.6083, lr_0 = 3.8322e-04
Loss = 1.4375e-03, PNorm = 108.8063, GNorm = 0.2503, lr_0 = 3.8307e-04
Loss = 1.3350e-03, PNorm = 108.8091, GNorm = 0.2118, lr_0 = 3.8292e-04
Loss = 1.4066e-03, PNorm = 108.8099, GNorm = 0.2613, lr_0 = 3.8278e-04
Loss = 1.3533e-03, PNorm = 108.8113, GNorm = 0.1670, lr_0 = 3.8263e-04
Loss = 1.4126e-03, PNorm = 108.8144, GNorm = 0.1205, lr_0 = 3.8248e-04
Loss = 1.2424e-03, PNorm = 108.8189, GNorm = 0.3369, lr_0 = 3.8234e-04
Loss = 1.2265e-03, PNorm = 108.8230, GNorm = 0.1024, lr_0 = 3.8219e-04
Loss = 1.3539e-03, PNorm = 108.8269, GNorm = 0.1633, lr_0 = 3.8204e-04
Loss = 1.3597e-03, PNorm = 108.8294, GNorm = 0.2303, lr_0 = 3.8189e-04
Loss = 1.3666e-03, PNorm = 108.8316, GNorm = 0.2494, lr_0 = 3.8175e-04
Loss = 1.2353e-03, PNorm = 108.8336, GNorm = 0.1524, lr_0 = 3.8160e-04
Loss = 1.1350e-03, PNorm = 108.8358, GNorm = 0.3793, lr_0 = 3.8145e-04
Loss = 1.3178e-03, PNorm = 108.8408, GNorm = 0.1381, lr_0 = 3.8131e-04
Loss = 1.2786e-03, PNorm = 108.8449, GNorm = 0.3025, lr_0 = 3.8116e-04
Loss = 1.2585e-03, PNorm = 108.8466, GNorm = 0.2485, lr_0 = 3.8101e-04
Loss = 1.2880e-03, PNorm = 108.8483, GNorm = 0.2551, lr_0 = 3.8087e-04
Loss = 1.6711e-03, PNorm = 108.8505, GNorm = 0.5517, lr_0 = 3.8072e-04
Loss = 1.9528e-03, PNorm = 108.8519, GNorm = 0.9713, lr_0 = 3.8058e-04
Loss = 1.8604e-03, PNorm = 108.8528, GNorm = 0.7113, lr_0 = 3.8043e-04
Loss = 1.8482e-03, PNorm = 108.8561, GNorm = 0.4598, lr_0 = 3.8028e-04
Loss = 1.7468e-03, PNorm = 108.8581, GNorm = 0.1472, lr_0 = 3.8014e-04
Loss = 1.4038e-03, PNorm = 108.8610, GNorm = 0.2023, lr_0 = 3.7999e-04
Loss = 1.4958e-03, PNorm = 108.8642, GNorm = 0.1558, lr_0 = 3.7984e-04
Loss = 1.4851e-03, PNorm = 108.8669, GNorm = 0.3827, lr_0 = 3.7970e-04
Loss = 1.3171e-03, PNorm = 108.8710, GNorm = 0.1851, lr_0 = 3.7955e-04
Loss = 1.5394e-03, PNorm = 108.8754, GNorm = 0.4140, lr_0 = 3.7941e-04
Loss = 1.5835e-03, PNorm = 108.8793, GNorm = 0.2017, lr_0 = 3.7926e-04
Loss = 1.4084e-03, PNorm = 108.8807, GNorm = 0.0781, lr_0 = 3.7911e-04
Loss = 1.4414e-03, PNorm = 108.8837, GNorm = 0.2286, lr_0 = 3.7897e-04
Loss = 1.6348e-03, PNorm = 108.8868, GNorm = 0.0869, lr_0 = 3.7882e-04
Loss = 1.4546e-03, PNorm = 108.8880, GNorm = 0.6032, lr_0 = 3.7868e-04
Loss = 1.3128e-03, PNorm = 108.8906, GNorm = 0.3362, lr_0 = 3.7853e-04
Loss = 1.4445e-03, PNorm = 108.8920, GNorm = 0.1211, lr_0 = 3.7839e-04
Loss = 1.5878e-03, PNorm = 108.8941, GNorm = 0.5163, lr_0 = 3.7824e-04
Loss = 1.6221e-03, PNorm = 108.8962, GNorm = 0.1258, lr_0 = 3.7810e-04
Loss = 1.5246e-03, PNorm = 108.8994, GNorm = 0.1600, lr_0 = 3.7795e-04
Loss = 1.5485e-03, PNorm = 108.9026, GNorm = 0.5564, lr_0 = 3.7781e-04
Loss = 1.9764e-03, PNorm = 108.9050, GNorm = 0.5266, lr_0 = 3.7766e-04
Loss = 2.3011e-03, PNorm = 108.9073, GNorm = 0.3132, lr_0 = 3.7751e-04
Loss = 1.9601e-03, PNorm = 108.9113, GNorm = 0.1596, lr_0 = 3.7737e-04
Loss = 1.7422e-03, PNorm = 108.9154, GNorm = 0.1199, lr_0 = 3.7722e-04
Loss = 1.6928e-03, PNorm = 108.9209, GNorm = 0.6205, lr_0 = 3.7708e-04
Loss = 1.7401e-03, PNorm = 108.9249, GNorm = 0.3029, lr_0 = 3.7693e-04
Loss = 1.5535e-03, PNorm = 108.9267, GNorm = 0.3264, lr_0 = 3.7679e-04
Loss = 1.6289e-03, PNorm = 108.9272, GNorm = 0.5012, lr_0 = 3.7664e-04
Loss = 1.6336e-03, PNorm = 108.9279, GNorm = 0.2012, lr_0 = 3.7650e-04
Loss = 1.3702e-03, PNorm = 108.9290, GNorm = 0.1347, lr_0 = 3.7636e-04
Loss = 1.5634e-03, PNorm = 108.9312, GNorm = 0.2290, lr_0 = 3.7621e-04
Loss = 1.4118e-03, PNorm = 108.9343, GNorm = 0.0949, lr_0 = 3.7607e-04
Loss = 9.9731e-04, PNorm = 108.9365, GNorm = 0.2076, lr_0 = 3.7592e-04
Loss = 1.2915e-03, PNorm = 108.9374, GNorm = 0.2062, lr_0 = 3.7578e-04
Loss = 1.3565e-03, PNorm = 108.9401, GNorm = 0.3460, lr_0 = 3.7563e-04
Loss = 1.4737e-03, PNorm = 108.9419, GNorm = 0.4052, lr_0 = 3.7549e-04
Loss = 1.3052e-03, PNorm = 108.9425, GNorm = 0.1322, lr_0 = 3.7534e-04
Loss = 1.3505e-03, PNorm = 108.9444, GNorm = 0.3167, lr_0 = 3.7520e-04
Loss = 1.3813e-03, PNorm = 108.9462, GNorm = 0.1894, lr_0 = 3.7506e-04
Loss = 1.1426e-03, PNorm = 108.9490, GNorm = 0.0870, lr_0 = 3.7491e-04
Loss = 1.2770e-03, PNorm = 108.9515, GNorm = 0.2954, lr_0 = 3.7477e-04
Loss = 1.3195e-03, PNorm = 108.9516, GNorm = 0.1129, lr_0 = 3.7462e-04
Loss = 1.1927e-03, PNorm = 108.9524, GNorm = 0.4134, lr_0 = 3.7448e-04
Loss = 1.4693e-03, PNorm = 108.9540, GNorm = 0.2188, lr_0 = 3.7434e-04
Loss = 1.0777e-03, PNorm = 108.9548, GNorm = 0.2927, lr_0 = 3.7419e-04
Loss = 1.3462e-03, PNorm = 108.9572, GNorm = 0.3508, lr_0 = 3.7405e-04
Loss = 1.3044e-03, PNorm = 108.9596, GNorm = 0.1157, lr_0 = 3.7390e-04
Loss = 1.2588e-03, PNorm = 108.9614, GNorm = 0.2806, lr_0 = 3.7376e-04
Loss = 1.4949e-03, PNorm = 108.9620, GNorm = 0.3635, lr_0 = 3.7362e-04
Loss = 1.2333e-03, PNorm = 108.9627, GNorm = 0.1292, lr_0 = 3.7347e-04
Loss = 1.3478e-03, PNorm = 108.9648, GNorm = 0.1792, lr_0 = 3.7333e-04
Loss = 1.3808e-03, PNorm = 108.9664, GNorm = 0.1311, lr_0 = 3.7319e-04
Loss = 1.2053e-03, PNorm = 108.9696, GNorm = 0.1594, lr_0 = 3.7304e-04
Loss = 1.0669e-03, PNorm = 108.9714, GNorm = 0.0947, lr_0 = 3.7290e-04
Loss = 1.1565e-03, PNorm = 108.9730, GNorm = 0.1831, lr_0 = 3.7276e-04
Loss = 1.1680e-03, PNorm = 108.9755, GNorm = 0.2488, lr_0 = 3.7261e-04
Loss = 1.5991e-03, PNorm = 108.9778, GNorm = 0.3791, lr_0 = 3.7247e-04
Loss = 1.4555e-03, PNorm = 108.9785, GNorm = 0.1789, lr_0 = 3.7233e-04
Loss = 1.7161e-03, PNorm = 108.9797, GNorm = 0.1904, lr_0 = 3.7218e-04
Loss = 1.5126e-03, PNorm = 108.9825, GNorm = 0.1354, lr_0 = 3.7204e-04
Loss = 1.5323e-03, PNorm = 108.9851, GNorm = 0.3581, lr_0 = 3.7190e-04
Loss = 1.3621e-03, PNorm = 108.9889, GNorm = 0.5781, lr_0 = 3.7175e-04
Loss = 1.5635e-03, PNorm = 108.9902, GNorm = 0.6052, lr_0 = 3.7161e-04
Loss = 1.5482e-03, PNorm = 108.9931, GNorm = 0.1696, lr_0 = 3.7147e-04
Loss = 1.5723e-03, PNorm = 108.9951, GNorm = 0.1657, lr_0 = 3.7132e-04
Loss = 1.5981e-03, PNorm = 108.9965, GNorm = 0.1809, lr_0 = 3.7118e-04
Loss = 1.5302e-03, PNorm = 108.9998, GNorm = 0.1805, lr_0 = 3.7104e-04
Loss = 1.6335e-03, PNorm = 109.0034, GNorm = 0.2430, lr_0 = 3.7090e-04
Loss = 1.2304e-03, PNorm = 109.0060, GNorm = 0.1945, lr_0 = 3.7075e-04
Loss = 1.4511e-03, PNorm = 109.0070, GNorm = 0.1282, lr_0 = 3.7061e-04
Loss = 1.4414e-03, PNorm = 109.0082, GNorm = 0.0904, lr_0 = 3.7047e-04
Loss = 1.5561e-03, PNorm = 109.0102, GNorm = 0.1868, lr_0 = 3.7033e-04
Loss = 1.6525e-03, PNorm = 109.0140, GNorm = 0.3132, lr_0 = 3.7018e-04
Loss = 1.2246e-03, PNorm = 109.0179, GNorm = 0.1746, lr_0 = 3.7004e-04
Loss = 1.0889e-03, PNorm = 109.0199, GNorm = 0.2381, lr_0 = 3.6990e-04
Loss = 1.3271e-03, PNorm = 109.0211, GNorm = 0.0709, lr_0 = 3.6976e-04
Loss = 1.2357e-03, PNorm = 109.0229, GNorm = 0.3672, lr_0 = 3.6962e-04
Loss = 1.1016e-03, PNorm = 109.0270, GNorm = 0.3463, lr_0 = 3.6947e-04
Loss = 1.2473e-03, PNorm = 109.0302, GNorm = 0.1509, lr_0 = 3.6933e-04
Loss = 1.0323e-03, PNorm = 109.0317, GNorm = 0.1283, lr_0 = 3.6919e-04
Loss = 1.3085e-03, PNorm = 109.0331, GNorm = 0.4517, lr_0 = 3.6905e-04
Loss = 1.5094e-03, PNorm = 109.0343, GNorm = 0.4965, lr_0 = 3.6891e-04
Loss = 1.4291e-03, PNorm = 109.0346, GNorm = 0.2871, lr_0 = 3.6876e-04
Loss = 1.3954e-03, PNorm = 109.0356, GNorm = 0.2794, lr_0 = 3.6862e-04
Loss = 1.3242e-03, PNorm = 109.0377, GNorm = 0.3299, lr_0 = 3.6848e-04
Loss = 1.2694e-03, PNorm = 109.0409, GNorm = 0.2012, lr_0 = 3.6834e-04
Loss = 1.2205e-03, PNorm = 109.0441, GNorm = 0.2230, lr_0 = 3.6820e-04
Loss = 1.1691e-03, PNorm = 109.0478, GNorm = 0.1003, lr_0 = 3.6806e-04
Loss = 1.3403e-03, PNorm = 109.0494, GNorm = 0.4123, lr_0 = 3.6791e-04
Loss = 1.1618e-03, PNorm = 109.0509, GNorm = 0.1472, lr_0 = 3.6777e-04
Loss = 1.0736e-03, PNorm = 109.0529, GNorm = 0.2277, lr_0 = 3.6763e-04
Loss = 1.0532e-03, PNorm = 109.0545, GNorm = 0.1090, lr_0 = 3.6749e-04
Loss = 9.5539e-04, PNorm = 109.0555, GNorm = 0.1005, lr_0 = 3.6735e-04
Loss = 1.1079e-03, PNorm = 109.0570, GNorm = 0.1179, lr_0 = 3.6721e-04
Loss = 1.2550e-03, PNorm = 109.0585, GNorm = 0.5862, lr_0 = 3.6707e-04
Loss = 1.2891e-03, PNorm = 109.0603, GNorm = 0.3013, lr_0 = 3.6693e-04
Loss = 1.2663e-03, PNorm = 109.0621, GNorm = 0.2257, lr_0 = 3.6678e-04
Loss = 1.1363e-03, PNorm = 109.0639, GNorm = 0.2542, lr_0 = 3.6664e-04
Loss = 1.2373e-03, PNorm = 109.0659, GNorm = 0.1937, lr_0 = 3.6650e-04
Loss = 1.2739e-03, PNorm = 109.0671, GNorm = 0.4053, lr_0 = 3.6636e-04
Loss = 1.2886e-03, PNorm = 109.0679, GNorm = 0.5892, lr_0 = 3.6622e-04
Loss = 1.1294e-03, PNorm = 109.0688, GNorm = 0.2015, lr_0 = 3.6608e-04
Loss = 1.0519e-03, PNorm = 109.0709, GNorm = 0.2559, lr_0 = 3.6594e-04
Loss = 1.0883e-03, PNorm = 109.0717, GNorm = 0.1221, lr_0 = 3.6580e-04
Loss = 1.1572e-03, PNorm = 109.0721, GNorm = 0.1322, lr_0 = 3.6566e-04
Loss = 1.0916e-03, PNorm = 109.0740, GNorm = 0.0735, lr_0 = 3.6552e-04
Loss = 1.1426e-03, PNorm = 109.0760, GNorm = 0.5793, lr_0 = 3.6538e-04
Loss = 1.2983e-03, PNorm = 109.0777, GNorm = 0.3960, lr_0 = 3.6524e-04
Loss = 1.2787e-03, PNorm = 109.0805, GNorm = 0.3033, lr_0 = 3.6510e-04
Loss = 1.2843e-03, PNorm = 109.0831, GNorm = 0.0883, lr_0 = 3.6496e-04
Loss = 1.1722e-03, PNorm = 109.0849, GNorm = 0.6723, lr_0 = 3.6482e-04
Loss = 1.2468e-03, PNorm = 109.0865, GNorm = 0.1069, lr_0 = 3.6468e-04
Loss = 1.0520e-03, PNorm = 109.0884, GNorm = 0.1928, lr_0 = 3.6453e-04
Loss = 1.1851e-03, PNorm = 109.0892, GNorm = 0.4313, lr_0 = 3.6439e-04
Loss = 1.0732e-03, PNorm = 109.0905, GNorm = 0.0790, lr_0 = 3.6425e-04
Loss = 1.2790e-03, PNorm = 109.0914, GNorm = 0.2876, lr_0 = 3.6411e-04
Loss = 1.0096e-03, PNorm = 109.0939, GNorm = 0.0765, lr_0 = 3.6397e-04
Loss = 1.1405e-03, PNorm = 109.0944, GNorm = 0.3773, lr_0 = 3.6383e-04
Loss = 1.4707e-03, PNorm = 109.0958, GNorm = 0.8750, lr_0 = 3.6370e-04
Loss = 1.5028e-03, PNorm = 109.0971, GNorm = 0.2047, lr_0 = 3.6356e-04
Loss = 1.2475e-03, PNorm = 109.0978, GNorm = 0.2195, lr_0 = 3.6342e-04
Loss = 1.2710e-03, PNorm = 109.0981, GNorm = 0.4209, lr_0 = 3.6328e-04
Loss = 1.3007e-03, PNorm = 109.1010, GNorm = 0.4657, lr_0 = 3.6314e-04
Loss = 1.4236e-03, PNorm = 109.1032, GNorm = 0.1232, lr_0 = 3.6300e-04
Loss = 1.3014e-03, PNorm = 109.1045, GNorm = 0.1229, lr_0 = 3.6286e-04
Loss = 1.3574e-03, PNorm = 109.1053, GNorm = 0.1798, lr_0 = 3.6272e-04
Loss = 1.3930e-03, PNorm = 109.1066, GNorm = 0.1262, lr_0 = 3.6258e-04
Loss = 1.3558e-03, PNorm = 109.1091, GNorm = 0.4553, lr_0 = 3.6244e-04
Loss = 1.3440e-03, PNorm = 109.1108, GNorm = 0.1963, lr_0 = 3.6230e-04
Loss = 1.2785e-03, PNorm = 109.1128, GNorm = 0.1693, lr_0 = 3.6216e-04
Loss = 1.3449e-03, PNorm = 109.1146, GNorm = 0.4516, lr_0 = 3.6202e-04
Loss = 1.4666e-03, PNorm = 109.1171, GNorm = 0.0997, lr_0 = 3.6188e-04
Loss = 1.2947e-03, PNorm = 109.1202, GNorm = 0.0816, lr_0 = 3.6174e-04
Loss = 1.1317e-03, PNorm = 109.1208, GNorm = 0.2011, lr_0 = 3.6160e-04
Loss = 1.1613e-03, PNorm = 109.1246, GNorm = 0.2602, lr_0 = 3.6146e-04
Loss = 1.0262e-03, PNorm = 109.1281, GNorm = 0.1308, lr_0 = 3.6133e-04
Loss = 1.2356e-03, PNorm = 109.1314, GNorm = 0.3589, lr_0 = 3.6119e-04
Loss = 1.1983e-03, PNorm = 109.1340, GNorm = 0.1555, lr_0 = 3.6105e-04
Loss = 1.1648e-03, PNorm = 109.1367, GNorm = 0.2342, lr_0 = 3.6091e-04
Loss = 1.1315e-03, PNorm = 109.1391, GNorm = 0.1805, lr_0 = 3.6077e-04
Loss = 9.8385e-04, PNorm = 109.1423, GNorm = 0.1305, lr_0 = 3.6063e-04
Loss = 1.4371e-03, PNorm = 109.1436, GNorm = 0.2730, lr_0 = 3.6049e-04
Loss = 1.3076e-03, PNorm = 109.1459, GNorm = 0.1064, lr_0 = 3.6035e-04
Loss = 1.1079e-03, PNorm = 109.1488, GNorm = 0.2626, lr_0 = 3.6022e-04
Loss = 1.3620e-03, PNorm = 109.1514, GNorm = 0.4222, lr_0 = 3.6008e-04
Loss = 1.1829e-03, PNorm = 109.1521, GNorm = 0.1772, lr_0 = 3.5994e-04
Loss = 1.3321e-03, PNorm = 109.1557, GNorm = 0.2569, lr_0 = 3.5980e-04
Loss = 1.0891e-03, PNorm = 109.1593, GNorm = 0.3761, lr_0 = 3.5966e-04
Loss = 1.2406e-03, PNorm = 109.1621, GNorm = 0.1324, lr_0 = 3.5952e-04
Loss = 1.4364e-03, PNorm = 109.1638, GNorm = 0.3482, lr_0 = 3.5939e-04
Loss = 1.4924e-03, PNorm = 109.1648, GNorm = 0.4062, lr_0 = 3.5925e-04
Loss = 1.3776e-03, PNorm = 109.1658, GNorm = 0.2220, lr_0 = 3.5911e-04
Loss = 1.5532e-03, PNorm = 109.1677, GNorm = 0.1288, lr_0 = 3.5897e-04
Loss = 1.2007e-03, PNorm = 109.1715, GNorm = 0.1758, lr_0 = 3.5883e-04
Loss = 1.3594e-03, PNorm = 109.1741, GNorm = 0.0904, lr_0 = 3.5870e-04
Loss = 1.2018e-03, PNorm = 109.1776, GNorm = 0.1556, lr_0 = 3.5856e-04
Loss = 1.2635e-03, PNorm = 109.1816, GNorm = 0.1255, lr_0 = 3.5842e-04
Loss = 1.2313e-03, PNorm = 109.1861, GNorm = 0.3245, lr_0 = 3.5828e-04
Loss = 1.2869e-03, PNorm = 109.1879, GNorm = 0.1432, lr_0 = 3.5814e-04
Loss = 1.4417e-03, PNorm = 109.1890, GNorm = 0.4104, lr_0 = 3.5801e-04
Loss = 1.3245e-03, PNorm = 109.1920, GNorm = 0.3518, lr_0 = 3.5787e-04
Loss = 1.3786e-03, PNorm = 109.1938, GNorm = 0.5814, lr_0 = 3.5773e-04
Loss = 1.4435e-03, PNorm = 109.1969, GNorm = 0.4371, lr_0 = 3.5759e-04
Loss = 1.2110e-03, PNorm = 109.1975, GNorm = 0.1573, lr_0 = 3.5746e-04
Loss = 1.4103e-03, PNorm = 109.1997, GNorm = 0.1920, lr_0 = 3.5732e-04
Loss = 1.6261e-03, PNorm = 109.2007, GNorm = 0.3219, lr_0 = 3.5718e-04
Loss = 1.4579e-03, PNorm = 109.2030, GNorm = 0.1228, lr_0 = 3.5704e-04
Loss = 1.0333e-03, PNorm = 109.2027, GNorm = 0.2008, lr_0 = 3.5691e-04
Loss = 1.2055e-03, PNorm = 109.2029, GNorm = 0.1752, lr_0 = 3.5677e-04
Loss = 1.1690e-03, PNorm = 109.2045, GNorm = 0.1428, lr_0 = 3.5663e-04
Loss = 1.2881e-03, PNorm = 109.2070, GNorm = 0.5744, lr_0 = 3.5650e-04
Loss = 1.3726e-03, PNorm = 109.2117, GNorm = 0.1660, lr_0 = 3.5636e-04
Loss = 1.1681e-03, PNorm = 109.2122, GNorm = 0.1744, lr_0 = 3.5622e-04
Loss = 1.1754e-03, PNorm = 109.2130, GNorm = 0.2895, lr_0 = 3.5609e-04
Loss = 1.1540e-03, PNorm = 109.2161, GNorm = 0.3049, lr_0 = 3.5595e-04
Loss = 1.2559e-03, PNorm = 109.2156, GNorm = 0.4025, lr_0 = 3.5581e-04
Loss = 1.2056e-03, PNorm = 109.2167, GNorm = 0.1427, lr_0 = 3.5567e-04
Loss = 1.2194e-03, PNorm = 109.2186, GNorm = 0.2422, lr_0 = 3.5554e-04
Loss = 1.0873e-03, PNorm = 109.2206, GNorm = 0.2358, lr_0 = 3.5540e-04
Loss = 1.2718e-03, PNorm = 109.2247, GNorm = 0.4628, lr_0 = 3.5526e-04
Loss = 9.8551e-04, PNorm = 109.2266, GNorm = 0.1174, lr_0 = 3.5513e-04
Loss = 1.0607e-03, PNorm = 109.2276, GNorm = 0.1560, lr_0 = 3.5499e-04
Loss = 1.0366e-03, PNorm = 109.2284, GNorm = 0.2060, lr_0 = 3.5485e-04
Loss = 1.0771e-03, PNorm = 109.2302, GNorm = 0.2340, lr_0 = 3.5472e-04
Loss = 8.7489e-04, PNorm = 109.2333, GNorm = 0.2431, lr_0 = 3.5458e-04
Loss = 1.1677e-03, PNorm = 109.2354, GNorm = 0.2368, lr_0 = 3.5445e-04
Loss = 1.0269e-03, PNorm = 109.2357, GNorm = 0.5191, lr_0 = 3.5431e-04
Loss = 1.0424e-03, PNorm = 109.2380, GNorm = 0.1038, lr_0 = 3.5417e-04
Loss = 1.1428e-03, PNorm = 109.2397, GNorm = 0.2446, lr_0 = 3.5404e-04
Loss = 1.2429e-03, PNorm = 109.2413, GNorm = 0.7321, lr_0 = 3.5390e-04
Loss = 1.0587e-03, PNorm = 109.2437, GNorm = 0.3593, lr_0 = 3.5377e-04
Loss = 1.2908e-03, PNorm = 109.2456, GNorm = 0.3034, lr_0 = 3.5363e-04
Loss = 1.2764e-03, PNorm = 109.2475, GNorm = 0.3823, lr_0 = 3.5349e-04
Loss = 1.6419e-03, PNorm = 109.2502, GNorm = 0.6358, lr_0 = 3.5336e-04
Loss = 1.1178e-03, PNorm = 109.2529, GNorm = 0.2363, lr_0 = 3.5322e-04
Loss = 1.1825e-03, PNorm = 109.2549, GNorm = 0.1738, lr_0 = 3.5309e-04
Loss = 1.1312e-03, PNorm = 109.2564, GNorm = 0.1653, lr_0 = 3.5295e-04
Loss = 1.0845e-03, PNorm = 109.2591, GNorm = 0.2531, lr_0 = 3.5281e-04
Loss = 1.3849e-03, PNorm = 109.2618, GNorm = 0.4180, lr_0 = 3.5268e-04
Loss = 1.3474e-03, PNorm = 109.2648, GNorm = 0.3353, lr_0 = 3.5254e-04
Loss = 1.4318e-03, PNorm = 109.2690, GNorm = 0.2533, lr_0 = 3.5241e-04
Loss = 1.3019e-03, PNorm = 109.2712, GNorm = 0.2672, lr_0 = 3.5227e-04
Loss = 1.1103e-03, PNorm = 109.2719, GNorm = 0.0908, lr_0 = 3.5214e-04
Loss = 1.1555e-03, PNorm = 109.2729, GNorm = 0.1692, lr_0 = 3.5200e-04
Loss = 1.3888e-03, PNorm = 109.2739, GNorm = 0.1445, lr_0 = 3.5187e-04
Loss = 1.1059e-03, PNorm = 109.2742, GNorm = 0.1051, lr_0 = 3.5173e-04
Loss = 1.3656e-03, PNorm = 109.2767, GNorm = 0.1147, lr_0 = 3.5160e-04
Loss = 1.1840e-03, PNorm = 109.2791, GNorm = 0.2167, lr_0 = 3.5146e-04
Loss = 1.1837e-03, PNorm = 109.2819, GNorm = 0.2743, lr_0 = 3.5133e-04
Loss = 1.2109e-03, PNorm = 109.2830, GNorm = 0.3732, lr_0 = 3.5119e-04
Loss = 1.3120e-03, PNorm = 109.2849, GNorm = 0.4653, lr_0 = 3.5106e-04
Loss = 1.3269e-03, PNorm = 109.2865, GNorm = 0.4935, lr_0 = 3.5092e-04
Loss = 1.4675e-03, PNorm = 109.2894, GNorm = 0.3190, lr_0 = 3.5079e-04
Loss = 1.2835e-03, PNorm = 109.2915, GNorm = 0.4769, lr_0 = 3.5065e-04
Loss = 1.1466e-03, PNorm = 109.2938, GNorm = 0.1025, lr_0 = 3.5052e-04
Loss = 1.1587e-03, PNorm = 109.2956, GNorm = 0.3901, lr_0 = 3.5038e-04
Loss = 1.2863e-03, PNorm = 109.2983, GNorm = 0.2878, lr_0 = 3.5025e-04
Loss = 1.2299e-03, PNorm = 109.3002, GNorm = 0.1164, lr_0 = 3.5011e-04
Loss = 1.2844e-03, PNorm = 109.3026, GNorm = 0.1261, lr_0 = 3.4998e-04
Loss = 1.2361e-03, PNorm = 109.3048, GNorm = 0.3541, lr_0 = 3.4984e-04
Loss = 1.0983e-03, PNorm = 109.3066, GNorm = 0.1808, lr_0 = 3.4971e-04
Loss = 1.2740e-03, PNorm = 109.3102, GNorm = 0.2876, lr_0 = 3.4957e-04
Loss = 1.3075e-03, PNorm = 109.3143, GNorm = 0.2427, lr_0 = 3.4944e-04
Loss = 1.2808e-03, PNorm = 109.3170, GNorm = 0.2735, lr_0 = 3.4931e-04
Loss = 1.0938e-03, PNorm = 109.3176, GNorm = 0.2844, lr_0 = 3.4917e-04
Loss = 1.3977e-03, PNorm = 109.3215, GNorm = 0.5641, lr_0 = 3.4904e-04
Loss = 1.4018e-03, PNorm = 109.3242, GNorm = 0.6120, lr_0 = 3.4890e-04
Loss = 1.7482e-03, PNorm = 109.3273, GNorm = 0.4428, lr_0 = 3.4877e-04
Loss = 1.6032e-03, PNorm = 109.3308, GNorm = 0.3255, lr_0 = 3.4863e-04
Loss = 1.3448e-03, PNorm = 109.3338, GNorm = 0.5107, lr_0 = 3.4850e-04
Loss = 1.2290e-03, PNorm = 109.3375, GNorm = 0.2143, lr_0 = 3.4837e-04
Loss = 1.4348e-03, PNorm = 109.3393, GNorm = 0.2305, lr_0 = 3.4823e-04
Loss = 1.5344e-03, PNorm = 109.3396, GNorm = 0.6868, lr_0 = 3.4810e-04
Loss = 1.3489e-03, PNorm = 109.3414, GNorm = 0.2293, lr_0 = 3.4796e-04
Loss = 1.3294e-03, PNorm = 109.3433, GNorm = 0.1306, lr_0 = 3.4783e-04
Loss = 1.3281e-03, PNorm = 109.3450, GNorm = 0.1263, lr_0 = 3.4770e-04
Loss = 1.4937e-03, PNorm = 109.3464, GNorm = 0.0861, lr_0 = 3.4756e-04
Loss = 1.1561e-03, PNorm = 109.3470, GNorm = 0.2333, lr_0 = 3.4743e-04
Loss = 1.3852e-03, PNorm = 109.3489, GNorm = 0.1943, lr_0 = 3.4730e-04
Loss = 1.3193e-03, PNorm = 109.3518, GNorm = 0.3603, lr_0 = 3.4716e-04
Loss = 1.2115e-03, PNorm = 109.3553, GNorm = 0.3709, lr_0 = 3.4703e-04
Loss = 1.2474e-03, PNorm = 109.3584, GNorm = 0.1881, lr_0 = 3.4690e-04
Loss = 1.2947e-03, PNorm = 109.3618, GNorm = 0.1637, lr_0 = 3.4676e-04
Loss = 1.3680e-03, PNorm = 109.3626, GNorm = 0.3012, lr_0 = 3.4663e-04
Loss = 1.0725e-03, PNorm = 109.3638, GNorm = 0.2435, lr_0 = 3.4650e-04
Loss = 1.1596e-03, PNorm = 109.3651, GNorm = 0.0622, lr_0 = 3.4636e-04
Loss = 1.4751e-03, PNorm = 109.3670, GNorm = 0.2780, lr_0 = 3.4623e-04
Loss = 1.2948e-03, PNorm = 109.3688, GNorm = 0.2360, lr_0 = 3.4610e-04
Loss = 1.1777e-03, PNorm = 109.3725, GNorm = 0.1941, lr_0 = 3.4596e-04
Loss = 1.3488e-03, PNorm = 109.3721, GNorm = 0.2984, lr_0 = 3.4583e-04
Loss = 1.3486e-03, PNorm = 109.3731, GNorm = 0.1786, lr_0 = 3.4570e-04
Loss = 1.2830e-03, PNorm = 109.3760, GNorm = 0.0923, lr_0 = 3.4556e-04
Loss = 1.3246e-03, PNorm = 109.3797, GNorm = 0.0881, lr_0 = 3.4543e-04
Loss = 1.3282e-03, PNorm = 109.3816, GNorm = 0.3075, lr_0 = 3.4530e-04
Loss = 1.3406e-03, PNorm = 109.3828, GNorm = 0.1183, lr_0 = 3.4517e-04
Loss = 1.2477e-03, PNorm = 109.3848, GNorm = 0.6854, lr_0 = 3.4503e-04
Loss = 1.2817e-03, PNorm = 109.3898, GNorm = 0.2317, lr_0 = 3.4490e-04
Loss = 1.6928e-03, PNorm = 109.3937, GNorm = 0.1561, lr_0 = 3.4477e-04
Loss = 1.3379e-03, PNorm = 109.3976, GNorm = 0.3712, lr_0 = 3.4464e-04
Loss = 1.1474e-03, PNorm = 109.4005, GNorm = 0.0755, lr_0 = 3.4450e-04
Loss = 1.2181e-03, PNorm = 109.4025, GNorm = 0.1534, lr_0 = 3.4437e-04
Loss = 1.4724e-03, PNorm = 109.4030, GNorm = 0.4665, lr_0 = 3.4424e-04
Loss = 1.3016e-03, PNorm = 109.4044, GNorm = 0.1742, lr_0 = 3.4411e-04
Loss = 1.1181e-03, PNorm = 109.4047, GNorm = 0.3181, lr_0 = 3.4397e-04
Loss = 1.1608e-03, PNorm = 109.4050, GNorm = 0.1292, lr_0 = 3.4384e-04
Loss = 1.0716e-03, PNorm = 109.4060, GNorm = 0.1123, lr_0 = 3.4371e-04
Loss = 1.1352e-03, PNorm = 109.4089, GNorm = 0.1910, lr_0 = 3.4358e-04
Loss = 1.1669e-03, PNorm = 109.4115, GNorm = 0.0766, lr_0 = 3.4345e-04
Loss = 1.1300e-03, PNorm = 109.4145, GNorm = 0.4840, lr_0 = 3.4331e-04
Loss = 9.9843e-04, PNorm = 109.4168, GNorm = 0.1704, lr_0 = 3.4318e-04
Loss = 1.0566e-03, PNorm = 109.4171, GNorm = 0.1437, lr_0 = 3.4305e-04
Loss = 1.1623e-03, PNorm = 109.4186, GNorm = 0.3148, lr_0 = 3.4292e-04
Loss = 1.1221e-03, PNorm = 109.4216, GNorm = 0.2406, lr_0 = 3.4279e-04
Loss = 1.0542e-03, PNorm = 109.4240, GNorm = 0.1497, lr_0 = 3.4265e-04
Loss = 1.0992e-03, PNorm = 109.4245, GNorm = 0.1913, lr_0 = 3.4252e-04
Loss = 9.9387e-04, PNorm = 109.4267, GNorm = 0.1988, lr_0 = 3.4239e-04
Loss = 9.5973e-04, PNorm = 109.4302, GNorm = 0.1009, lr_0 = 3.4226e-04
Loss = 1.0298e-03, PNorm = 109.4312, GNorm = 0.2972, lr_0 = 3.4213e-04
Loss = 1.0092e-03, PNorm = 109.4311, GNorm = 0.0937, lr_0 = 3.4200e-04
Loss = 9.2462e-04, PNorm = 109.4314, GNorm = 0.2340, lr_0 = 3.4186e-04
Loss = 1.0522e-03, PNorm = 109.4329, GNorm = 0.1265, lr_0 = 3.4173e-04
Loss = 1.0051e-03, PNorm = 109.4349, GNorm = 0.3983, lr_0 = 3.4160e-04
Loss = 9.6024e-04, PNorm = 109.4359, GNorm = 0.4811, lr_0 = 3.4147e-04
Loss = 1.0824e-03, PNorm = 109.4378, GNorm = 0.0872, lr_0 = 3.4134e-04
Loss = 1.0176e-03, PNorm = 109.4405, GNorm = 0.2365, lr_0 = 3.4121e-04
Loss = 1.0407e-03, PNorm = 109.4433, GNorm = 0.1930, lr_0 = 3.4108e-04
Loss = 1.1229e-03, PNorm = 109.4454, GNorm = 0.0982, lr_0 = 3.4095e-04
Loss = 1.0146e-03, PNorm = 109.4481, GNorm = 0.0960, lr_0 = 3.4081e-04
Loss = 9.6912e-04, PNorm = 109.4495, GNorm = 0.2056, lr_0 = 3.4068e-04
Loss = 1.1126e-03, PNorm = 109.4490, GNorm = 0.4681, lr_0 = 3.4055e-04
Loss = 1.0758e-03, PNorm = 109.4499, GNorm = 0.4031, lr_0 = 3.4042e-04
Loss = 8.7585e-04, PNorm = 109.4507, GNorm = 0.1877, lr_0 = 3.4029e-04
Loss = 9.7464e-04, PNorm = 109.4527, GNorm = 0.2227, lr_0 = 3.4016e-04
Loss = 9.9884e-04, PNorm = 109.4545, GNorm = 0.4132, lr_0 = 3.4003e-04
Loss = 1.0688e-03, PNorm = 109.4557, GNorm = 0.2871, lr_0 = 3.3990e-04
Loss = 9.8266e-04, PNorm = 109.4569, GNorm = 0.1416, lr_0 = 3.3977e-04
Loss = 8.5020e-04, PNorm = 109.4575, GNorm = 0.2009, lr_0 = 3.3964e-04
Loss = 1.0055e-03, PNorm = 109.4577, GNorm = 0.5254, lr_0 = 3.3951e-04
Loss = 1.1671e-03, PNorm = 109.4586, GNorm = 0.2893, lr_0 = 3.3938e-04
Loss = 1.3339e-03, PNorm = 109.4613, GNorm = 0.4439, lr_0 = 3.3925e-04
Loss = 1.1096e-03, PNorm = 109.4611, GNorm = 0.3273, lr_0 = 3.3912e-04
Loss = 9.9694e-04, PNorm = 109.4620, GNorm = 0.4843, lr_0 = 3.3899e-04
Loss = 1.0212e-03, PNorm = 109.4659, GNorm = 0.1231, lr_0 = 3.3885e-04
Loss = 1.0055e-03, PNorm = 109.4683, GNorm = 0.3253, lr_0 = 3.3872e-04
Loss = 1.2032e-03, PNorm = 109.4685, GNorm = 0.4399, lr_0 = 3.3859e-04
Loss = 1.0939e-03, PNorm = 109.4693, GNorm = 0.1534, lr_0 = 3.3846e-04
Loss = 1.3478e-03, PNorm = 109.4731, GNorm = 0.3923, lr_0 = 3.3833e-04
Loss = 1.0884e-03, PNorm = 109.4768, GNorm = 0.1374, lr_0 = 3.3820e-04
Loss = 1.0217e-03, PNorm = 109.4771, GNorm = 0.0878, lr_0 = 3.3807e-04
Loss = 9.6744e-04, PNorm = 109.4773, GNorm = 0.1475, lr_0 = 3.3794e-04
Loss = 1.0125e-03, PNorm = 109.4776, GNorm = 0.3193, lr_0 = 3.3781e-04
Loss = 1.2548e-03, PNorm = 109.4780, GNorm = 0.1477, lr_0 = 3.3768e-04
Loss = 1.1690e-03, PNorm = 109.4789, GNorm = 0.2004, lr_0 = 3.3755e-04
Loss = 1.1768e-03, PNorm = 109.4813, GNorm = 0.1264, lr_0 = 3.3742e-04
Loss = 1.2031e-03, PNorm = 109.4831, GNorm = 0.1939, lr_0 = 3.3730e-04
Loss = 1.2168e-03, PNorm = 109.4854, GNorm = 0.1352, lr_0 = 3.3717e-04
Loss = 9.4265e-04, PNorm = 109.4873, GNorm = 0.1144, lr_0 = 3.3704e-04
Loss = 1.0697e-03, PNorm = 109.4889, GNorm = 0.2361, lr_0 = 3.3691e-04
Loss = 1.1983e-03, PNorm = 109.4905, GNorm = 0.1648, lr_0 = 3.3678e-04
Loss = 1.2556e-03, PNorm = 109.4938, GNorm = 0.5551, lr_0 = 3.3665e-04
Loss = 1.2893e-03, PNorm = 109.4978, GNorm = 0.5358, lr_0 = 3.3652e-04
Loss = 1.4364e-03, PNorm = 109.5012, GNorm = 0.3841, lr_0 = 3.3639e-04
Loss = 1.3465e-03, PNorm = 109.5035, GNorm = 0.2341, lr_0 = 3.3626e-04
Loss = 1.4061e-03, PNorm = 109.5066, GNorm = 0.5341, lr_0 = 3.3613e-04
Loss = 1.0633e-03, PNorm = 109.5093, GNorm = 0.3971, lr_0 = 3.3600e-04
Loss = 1.2962e-03, PNorm = 109.5112, GNorm = 0.4248, lr_0 = 3.3587e-04
Loss = 1.1803e-03, PNorm = 109.5119, GNorm = 0.1173, lr_0 = 3.3574e-04
Loss = 1.2179e-03, PNorm = 109.5153, GNorm = 0.3896, lr_0 = 3.3561e-04
Loss = 1.3014e-03, PNorm = 109.5183, GNorm = 0.5533, lr_0 = 3.3548e-04
Loss = 1.4354e-03, PNorm = 109.5202, GNorm = 0.2154, lr_0 = 3.3536e-04
Loss = 1.4798e-03, PNorm = 109.5231, GNorm = 0.1103, lr_0 = 3.3523e-04
Loss = 1.5216e-03, PNorm = 109.5265, GNorm = 0.1068, lr_0 = 3.3510e-04
Loss = 1.3602e-03, PNorm = 109.5287, GNorm = 0.2013, lr_0 = 3.3497e-04
Loss = 1.4891e-03, PNorm = 109.5294, GNorm = 0.4629, lr_0 = 3.3484e-04
Loss = 1.2324e-03, PNorm = 109.5307, GNorm = 0.1803, lr_0 = 3.3471e-04
Loss = 1.2947e-03, PNorm = 109.5315, GNorm = 0.3991, lr_0 = 3.3458e-04
Loss = 1.3728e-03, PNorm = 109.5322, GNorm = 0.1534, lr_0 = 3.3445e-04
Loss = 1.3916e-03, PNorm = 109.5333, GNorm = 0.4683, lr_0 = 3.3433e-04
Loss = 1.2899e-03, PNorm = 109.5348, GNorm = 0.5653, lr_0 = 3.3420e-04
Loss = 1.3175e-03, PNorm = 109.5359, GNorm = 0.1465, lr_0 = 3.3407e-04
Loss = 1.2619e-03, PNorm = 109.5391, GNorm = 0.0991, lr_0 = 3.3394e-04
Loss = 1.3410e-03, PNorm = 109.5415, GNorm = 0.4611, lr_0 = 3.3381e-04
Loss = 1.3566e-03, PNorm = 109.5435, GNorm = 0.1455, lr_0 = 3.3368e-04
Loss = 1.1359e-03, PNorm = 109.5452, GNorm = 0.1870, lr_0 = 3.3356e-04
Loss = 1.0248e-03, PNorm = 109.5467, GNorm = 0.1073, lr_0 = 3.3343e-04
Loss = 1.2207e-03, PNorm = 109.5479, GNorm = 0.0881, lr_0 = 3.3330e-04
Loss = 1.0293e-03, PNorm = 109.5494, GNorm = 0.3929, lr_0 = 3.3317e-04
Loss = 1.1775e-03, PNorm = 109.5513, GNorm = 0.1103, lr_0 = 3.3304e-04
Loss = 1.1378e-03, PNorm = 109.5537, GNorm = 0.2056, lr_0 = 3.3291e-04
Loss = 1.0089e-03, PNorm = 109.5559, GNorm = 0.1337, lr_0 = 3.3279e-04
Loss = 1.0498e-03, PNorm = 109.5577, GNorm = 0.1952, lr_0 = 3.3266e-04
Loss = 1.1107e-03, PNorm = 109.5599, GNorm = 0.2781, lr_0 = 3.3253e-04
Loss = 1.0515e-03, PNorm = 109.5610, GNorm = 0.3530, lr_0 = 3.3240e-04
Loss = 1.2854e-03, PNorm = 109.5627, GNorm = 0.0723, lr_0 = 3.3228e-04
Loss = 1.0834e-03, PNorm = 109.5641, GNorm = 0.4042, lr_0 = 3.3215e-04
Loss = 9.3904e-04, PNorm = 109.5645, GNorm = 0.2084, lr_0 = 3.3202e-04
Loss = 1.1827e-03, PNorm = 109.5660, GNorm = 0.1833, lr_0 = 3.3189e-04
Loss = 1.0859e-03, PNorm = 109.5675, GNorm = 0.1174, lr_0 = 3.3176e-04
Loss = 1.0363e-03, PNorm = 109.5689, GNorm = 0.2853, lr_0 = 3.3164e-04
Loss = 1.0808e-03, PNorm = 109.5692, GNorm = 0.4445, lr_0 = 3.3151e-04
Loss = 1.1349e-03, PNorm = 109.5713, GNorm = 0.1409, lr_0 = 3.3138e-04
Loss = 1.2380e-03, PNorm = 109.5719, GNorm = 0.3257, lr_0 = 3.3125e-04
Loss = 9.7301e-04, PNorm = 109.5738, GNorm = 0.1550, lr_0 = 3.3113e-04
Loss = 1.1090e-03, PNorm = 109.5761, GNorm = 0.1193, lr_0 = 3.3100e-04
Loss = 1.1689e-03, PNorm = 109.5778, GNorm = 0.1345, lr_0 = 3.3087e-04
Loss = 1.0346e-03, PNorm = 109.5798, GNorm = 0.1650, lr_0 = 3.3075e-04
Loss = 1.0200e-03, PNorm = 109.5807, GNorm = 0.3989, lr_0 = 3.3062e-04
Loss = 9.7069e-04, PNorm = 109.5813, GNorm = 0.1747, lr_0 = 3.3049e-04
Loss = 1.0064e-03, PNorm = 109.5837, GNorm = 0.2549, lr_0 = 3.3036e-04
Loss = 1.1181e-03, PNorm = 109.5849, GNorm = 0.3192, lr_0 = 3.3024e-04
Loss = 1.1084e-03, PNorm = 109.5878, GNorm = 0.1270, lr_0 = 3.3011e-04
Loss = 1.1865e-03, PNorm = 109.5915, GNorm = 0.3137, lr_0 = 3.2998e-04
Loss = 1.1301e-03, PNorm = 109.5941, GNorm = 0.0894, lr_0 = 3.2986e-04
Loss = 1.1387e-03, PNorm = 109.5971, GNorm = 0.1530, lr_0 = 3.2973e-04
Loss = 1.0459e-03, PNorm = 109.5983, GNorm = 0.1028, lr_0 = 3.2960e-04
Loss = 1.0547e-03, PNorm = 109.5999, GNorm = 0.1682, lr_0 = 3.2948e-04
Loss = 9.8156e-04, PNorm = 109.6013, GNorm = 0.0900, lr_0 = 3.2935e-04
Loss = 1.2346e-03, PNorm = 109.6030, GNorm = 0.0971, lr_0 = 3.2922e-04
Loss = 9.7663e-04, PNorm = 109.6038, GNorm = 0.1206, lr_0 = 3.2910e-04
Loss = 9.3845e-04, PNorm = 109.6066, GNorm = 0.2900, lr_0 = 3.2897e-04
Loss = 1.1031e-03, PNorm = 109.6077, GNorm = 0.3501, lr_0 = 3.2884e-04
Loss = 1.0769e-03, PNorm = 109.6090, GNorm = 0.3393, lr_0 = 3.2872e-04
Loss = 1.0380e-03, PNorm = 109.6115, GNorm = 0.0859, lr_0 = 3.2859e-04
Loss = 1.1019e-03, PNorm = 109.6145, GNorm = 0.3923, lr_0 = 3.2846e-04
Loss = 1.0794e-03, PNorm = 109.6156, GNorm = 0.3820, lr_0 = 3.2834e-04
Loss = 1.0376e-03, PNorm = 109.6163, GNorm = 0.6204, lr_0 = 3.2821e-04
Loss = 1.5383e-03, PNorm = 109.6179, GNorm = 0.5489, lr_0 = 3.2809e-04
Loss = 1.0803e-03, PNorm = 109.6200, GNorm = 0.1142, lr_0 = 3.2796e-04
Loss = 1.0024e-03, PNorm = 109.6203, GNorm = 0.2659, lr_0 = 3.2783e-04
Loss = 1.2264e-03, PNorm = 109.6219, GNorm = 0.1583, lr_0 = 3.2771e-04
Loss = 1.1676e-03, PNorm = 109.6255, GNorm = 0.1641, lr_0 = 3.2758e-04
Loss = 1.0805e-03, PNorm = 109.6280, GNorm = 0.3689, lr_0 = 3.2746e-04
Loss = 1.0036e-03, PNorm = 109.6291, GNorm = 0.1014, lr_0 = 3.2733e-04
Loss = 1.0329e-03, PNorm = 109.6303, GNorm = 0.2528, lr_0 = 3.2720e-04
Loss = 9.6412e-04, PNorm = 109.6320, GNorm = 0.3755, lr_0 = 3.2708e-04
Loss = 1.0416e-03, PNorm = 109.6334, GNorm = 0.1984, lr_0 = 3.2695e-04
Loss = 1.0361e-03, PNorm = 109.6352, GNorm = 0.2049, lr_0 = 3.2683e-04
Loss = 1.0084e-03, PNorm = 109.6368, GNorm = 0.2048, lr_0 = 3.2670e-04
Loss = 1.0711e-03, PNorm = 109.6385, GNorm = 0.3706, lr_0 = 3.2658e-04
Loss = 1.2246e-03, PNorm = 109.6408, GNorm = 0.3924, lr_0 = 3.2645e-04
Loss = 1.2369e-03, PNorm = 109.6432, GNorm = 0.3452, lr_0 = 3.2632e-04
Loss = 1.1923e-03, PNorm = 109.6460, GNorm = 0.1836, lr_0 = 3.2620e-04
Loss = 1.3282e-03, PNorm = 109.6474, GNorm = 0.0937, lr_0 = 3.2607e-04
Loss = 1.1330e-03, PNorm = 109.6492, GNorm = 0.4720, lr_0 = 3.2595e-04
Loss = 1.2184e-03, PNorm = 109.6502, GNorm = 0.3407, lr_0 = 3.2582e-04
Loss = 1.0775e-03, PNorm = 109.6508, GNorm = 0.2657, lr_0 = 3.2570e-04
Loss = 9.8698e-04, PNorm = 109.6526, GNorm = 0.1015, lr_0 = 3.2557e-04
Loss = 8.5245e-04, PNorm = 109.6551, GNorm = 0.2948, lr_0 = 3.2545e-04
Loss = 8.2247e-04, PNorm = 109.6569, GNorm = 0.3660, lr_0 = 3.2532e-04
Loss = 8.7753e-04, PNorm = 109.6592, GNorm = 0.3623, lr_0 = 3.2520e-04
Loss = 8.6571e-04, PNorm = 109.6597, GNorm = 0.3794, lr_0 = 3.2507e-04
Loss = 1.0067e-03, PNorm = 109.6599, GNorm = 0.0945, lr_0 = 3.2495e-04
Loss = 9.3079e-04, PNorm = 109.6618, GNorm = 0.3651, lr_0 = 3.2482e-04
Loss = 7.8543e-04, PNorm = 109.6637, GNorm = 0.1341, lr_0 = 3.2470e-04
Loss = 9.1748e-04, PNorm = 109.6650, GNorm = 0.4103, lr_0 = 3.2457e-04
Loss = 9.3365e-04, PNorm = 109.6664, GNorm = 0.1620, lr_0 = 3.2445e-04
Loss = 9.5407e-04, PNorm = 109.6686, GNorm = 0.3143, lr_0 = 3.2432e-04
Loss = 1.0597e-03, PNorm = 109.6705, GNorm = 0.1766, lr_0 = 3.2420e-04
Loss = 9.4959e-04, PNorm = 109.6715, GNorm = 0.4600, lr_0 = 3.2407e-04
Loss = 9.9129e-04, PNorm = 109.6729, GNorm = 0.4186, lr_0 = 3.2395e-04
Loss = 1.3551e-03, PNorm = 109.6748, GNorm = 0.8212, lr_0 = 3.2383e-04
Loss = 1.2763e-03, PNorm = 109.6748, GNorm = 0.2145, lr_0 = 3.2370e-04
Loss = 1.1097e-03, PNorm = 109.6759, GNorm = 0.1090, lr_0 = 3.2358e-04
Loss = 9.1002e-04, PNorm = 109.6777, GNorm = 0.1040, lr_0 = 3.2345e-04
Loss = 9.3909e-04, PNorm = 109.6785, GNorm = 0.4051, lr_0 = 3.2333e-04
Loss = 9.4566e-04, PNorm = 109.6791, GNorm = 0.1659, lr_0 = 3.2320e-04
Loss = 8.7226e-04, PNorm = 109.6818, GNorm = 0.1366, lr_0 = 3.2308e-04
Loss = 8.3914e-04, PNorm = 109.6847, GNorm = 0.0716, lr_0 = 3.2295e-04
Loss = 1.0003e-03, PNorm = 109.6880, GNorm = 0.2887, lr_0 = 3.2283e-04
Loss = 1.1793e-03, PNorm = 109.6896, GNorm = 0.3176, lr_0 = 3.2271e-04
Loss = 9.5710e-04, PNorm = 109.6913, GNorm = 0.2796, lr_0 = 3.2258e-04
Loss = 1.0775e-03, PNorm = 109.6929, GNorm = 0.1896, lr_0 = 3.2246e-04
Loss = 1.0079e-03, PNorm = 109.6963, GNorm = 0.2655, lr_0 = 3.2233e-04
Loss = 9.8444e-04, PNorm = 109.6984, GNorm = 0.0991, lr_0 = 3.2221e-04
Loss = 9.6566e-04, PNorm = 109.6999, GNorm = 0.4684, lr_0 = 3.2209e-04
Loss = 1.0386e-03, PNorm = 109.7020, GNorm = 0.4452, lr_0 = 3.2196e-04
Loss = 1.1228e-03, PNorm = 109.7028, GNorm = 0.3615, lr_0 = 3.2184e-04
Loss = 9.3455e-04, PNorm = 109.7037, GNorm = 0.2041, lr_0 = 3.2172e-04
Loss = 9.7507e-04, PNorm = 109.7052, GNorm = 0.2725, lr_0 = 3.2159e-04
Loss = 1.1583e-03, PNorm = 109.7063, GNorm = 0.2690, lr_0 = 3.2147e-04
Loss = 9.5006e-04, PNorm = 109.7076, GNorm = 0.0845, lr_0 = 3.2134e-04
Loss = 9.8181e-04, PNorm = 109.7095, GNorm = 0.1760, lr_0 = 3.2122e-04
Loss = 9.6475e-04, PNorm = 109.7101, GNorm = 0.2630, lr_0 = 3.2110e-04
Loss = 8.0484e-04, PNorm = 109.7109, GNorm = 0.3156, lr_0 = 3.2097e-04
Loss = 9.1951e-04, PNorm = 109.7130, GNorm = 0.4071, lr_0 = 3.2085e-04
Loss = 7.7619e-04, PNorm = 109.7144, GNorm = 0.3027, lr_0 = 3.2073e-04
Loss = 8.6086e-04, PNorm = 109.7153, GNorm = 0.0765, lr_0 = 3.2060e-04
Loss = 7.2754e-04, PNorm = 109.7171, GNorm = 0.1151, lr_0 = 3.2048e-04
Loss = 8.5817e-04, PNorm = 109.7191, GNorm = 0.3258, lr_0 = 3.2036e-04
Loss = 9.1215e-04, PNorm = 109.7223, GNorm = 0.1953, lr_0 = 3.2023e-04
Loss = 9.0621e-04, PNorm = 109.7245, GNorm = 0.1263, lr_0 = 3.2011e-04
Loss = 8.2698e-04, PNorm = 109.7264, GNorm = 0.2306, lr_0 = 3.1999e-04
Loss = 8.4774e-04, PNorm = 109.7281, GNorm = 0.4799, lr_0 = 3.1987e-04
Loss = 8.5217e-04, PNorm = 109.7296, GNorm = 0.1619, lr_0 = 3.1974e-04
Loss = 7.8323e-04, PNorm = 109.7302, GNorm = 0.3052, lr_0 = 3.1962e-04
Loss = 8.7834e-04, PNorm = 109.7298, GNorm = 0.3813, lr_0 = 3.1950e-04
Loss = 9.9432e-04, PNorm = 109.7306, GNorm = 0.2449, lr_0 = 3.1937e-04
Loss = 9.3738e-04, PNorm = 109.7330, GNorm = 0.0782, lr_0 = 3.1925e-04
Loss = 8.7183e-04, PNorm = 109.7346, GNorm = 0.0654, lr_0 = 3.1913e-04
Loss = 8.4706e-04, PNorm = 109.7372, GNorm = 0.2923, lr_0 = 3.1901e-04
Loss = 9.7835e-04, PNorm = 109.7383, GNorm = 0.6647, lr_0 = 3.1888e-04
Loss = 1.0695e-03, PNorm = 109.7406, GNorm = 0.1842, lr_0 = 3.1876e-04
Loss = 8.0778e-04, PNorm = 109.7421, GNorm = 0.0989, lr_0 = 3.1864e-04
Loss = 8.6260e-04, PNorm = 109.7428, GNorm = 0.1929, lr_0 = 3.1852e-04
Loss = 8.5456e-04, PNorm = 109.7438, GNorm = 0.2282, lr_0 = 3.1839e-04
Loss = 8.2135e-04, PNorm = 109.7450, GNorm = 0.3640, lr_0 = 3.1827e-04
Loss = 9.2042e-04, PNorm = 109.7466, GNorm = 0.0868, lr_0 = 3.1815e-04
Loss = 8.6587e-04, PNorm = 109.7485, GNorm = 0.2025, lr_0 = 3.1803e-04
Loss = 8.1823e-04, PNorm = 109.7496, GNorm = 0.2531, lr_0 = 3.1790e-04
Loss = 8.4545e-04, PNorm = 109.7520, GNorm = 0.1644, lr_0 = 3.1778e-04
Loss = 8.4303e-04, PNorm = 109.7533, GNorm = 0.1061, lr_0 = 3.1766e-04
Loss = 9.1581e-04, PNorm = 109.7542, GNorm = 0.3969, lr_0 = 3.1754e-04
Loss = 9.0472e-04, PNorm = 109.7576, GNorm = 0.1411, lr_0 = 3.1742e-04
Loss = 9.4498e-04, PNorm = 109.7595, GNorm = 0.2533, lr_0 = 3.1729e-04
Loss = 8.5820e-04, PNorm = 109.7595, GNorm = 0.2139, lr_0 = 3.1717e-04
Loss = 9.8382e-04, PNorm = 109.7594, GNorm = 0.3968, lr_0 = 3.1705e-04
Loss = 1.0664e-03, PNorm = 109.7610, GNorm = 0.4503, lr_0 = 3.1693e-04
Loss = 9.4603e-04, PNorm = 109.7645, GNorm = 0.1034, lr_0 = 3.1681e-04
Loss = 1.0803e-03, PNorm = 109.7659, GNorm = 0.1561, lr_0 = 3.1668e-04
Loss = 8.5287e-04, PNorm = 109.7670, GNorm = 0.3325, lr_0 = 3.1656e-04
Loss = 8.6593e-04, PNorm = 109.7687, GNorm = 0.0669, lr_0 = 3.1644e-04
Loss = 8.6626e-04, PNorm = 109.7705, GNorm = 0.1991, lr_0 = 3.1632e-04
Loss = 8.0870e-04, PNorm = 109.7726, GNorm = 0.2472, lr_0 = 3.1620e-04
Loss = 9.1582e-04, PNorm = 109.7755, GNorm = 0.1383, lr_0 = 3.1608e-04
Loss = 7.9374e-04, PNorm = 109.7769, GNorm = 0.0922, lr_0 = 3.1595e-04
Loss = 7.5492e-04, PNorm = 109.7778, GNorm = 0.3619, lr_0 = 3.1583e-04
Loss = 9.0846e-04, PNorm = 109.7787, GNorm = 0.1738, lr_0 = 3.1571e-04
Loss = 9.6550e-04, PNorm = 109.7791, GNorm = 0.5300, lr_0 = 3.1559e-04
Loss = 1.1859e-03, PNorm = 109.7804, GNorm = 0.5059, lr_0 = 3.1547e-04
Loss = 1.3628e-03, PNorm = 109.7817, GNorm = 0.5628, lr_0 = 3.1535e-04
Loss = 1.2136e-03, PNorm = 109.7820, GNorm = 0.4018, lr_0 = 3.1523e-04
Loss = 1.1027e-03, PNorm = 109.7831, GNorm = 0.3021, lr_0 = 3.1511e-04
Loss = 1.0824e-03, PNorm = 109.7854, GNorm = 0.1944, lr_0 = 3.1498e-04
Loss = 1.1316e-03, PNorm = 109.7874, GNorm = 0.3154, lr_0 = 3.1486e-04
Loss = 1.1456e-03, PNorm = 109.7896, GNorm = 0.3995, lr_0 = 3.1474e-04
Loss = 1.0806e-03, PNorm = 109.7920, GNorm = 0.0881, lr_0 = 3.1462e-04
Loss = 1.0210e-03, PNorm = 109.7946, GNorm = 0.1808, lr_0 = 3.1450e-04
Loss = 1.4272e-03, PNorm = 109.7950, GNorm = 0.5385, lr_0 = 3.1438e-04
Loss = 1.2163e-03, PNorm = 109.7960, GNorm = 0.0954, lr_0 = 3.1426e-04
Loss = 1.1803e-03, PNorm = 109.7994, GNorm = 0.3115, lr_0 = 3.1414e-04
Loss = 1.0753e-03, PNorm = 109.8001, GNorm = 0.1522, lr_0 = 3.1402e-04
Loss = 1.1177e-03, PNorm = 109.7996, GNorm = 0.1616, lr_0 = 3.1390e-04
Loss = 8.7555e-04, PNorm = 109.8013, GNorm = 0.1440, lr_0 = 3.1378e-04
Loss = 9.2865e-04, PNorm = 109.8040, GNorm = 0.1451, lr_0 = 3.1365e-04
Loss = 9.6109e-04, PNorm = 109.8043, GNorm = 0.1668, lr_0 = 3.1353e-04
Loss = 8.0887e-04, PNorm = 109.8053, GNorm = 0.0797, lr_0 = 3.1341e-04
Loss = 8.1182e-04, PNorm = 109.8067, GNorm = 0.2106, lr_0 = 3.1329e-04
Loss = 7.9130e-04, PNorm = 109.8084, GNorm = 0.1310, lr_0 = 3.1317e-04
Loss = 8.2623e-04, PNorm = 109.8092, GNorm = 0.3924, lr_0 = 3.1305e-04
Loss = 1.0069e-03, PNorm = 109.8108, GNorm = 0.2288, lr_0 = 3.1293e-04
Loss = 8.7132e-04, PNorm = 109.8133, GNorm = 0.2882, lr_0 = 3.1281e-04
Loss = 9.2510e-04, PNorm = 109.8144, GNorm = 0.0578, lr_0 = 3.1269e-04
Loss = 9.4357e-04, PNorm = 109.8171, GNorm = 0.1850, lr_0 = 3.1257e-04
Loss = 1.0062e-03, PNorm = 109.8203, GNorm = 0.4017, lr_0 = 3.1245e-04
Loss = 1.0624e-03, PNorm = 109.8212, GNorm = 0.4136, lr_0 = 3.1233e-04
Loss = 9.3981e-04, PNorm = 109.8221, GNorm = 0.1576, lr_0 = 3.1221e-04
Loss = 9.0078e-04, PNorm = 109.8235, GNorm = 0.2077, lr_0 = 3.1209e-04
Loss = 1.0289e-03, PNorm = 109.8245, GNorm = 0.2712, lr_0 = 3.1197e-04
Loss = 1.1096e-03, PNorm = 109.8253, GNorm = 0.3910, lr_0 = 3.1185e-04
Loss = 1.0098e-03, PNorm = 109.8276, GNorm = 0.3287, lr_0 = 3.1173e-04
Loss = 9.9395e-04, PNorm = 109.8284, GNorm = 0.2985, lr_0 = 3.1161e-04
Loss = 1.1933e-03, PNorm = 109.8279, GNorm = 0.3232, lr_0 = 3.1149e-04
Loss = 1.4994e-03, PNorm = 109.8292, GNorm = 0.4004, lr_0 = 3.1137e-04
Loss = 1.6135e-03, PNorm = 109.8320, GNorm = 0.1109, lr_0 = 3.1125e-04
Loss = 1.1410e-03, PNorm = 109.8353, GNorm = 0.0935, lr_0 = 3.1113e-04
Loss = 1.0994e-03, PNorm = 109.8374, GNorm = 0.1953, lr_0 = 3.1101e-04
Loss = 9.6446e-04, PNorm = 109.8410, GNorm = 0.3177, lr_0 = 3.1089e-04
Loss = 1.0289e-03, PNorm = 109.8433, GNorm = 0.1232, lr_0 = 3.1077e-04
Loss = 9.6718e-04, PNorm = 109.8445, GNorm = 0.1410, lr_0 = 3.1065e-04
Loss = 1.0447e-03, PNorm = 109.8451, GNorm = 0.3590, lr_0 = 3.1053e-04
Loss = 9.8643e-04, PNorm = 109.8451, GNorm = 0.2399, lr_0 = 3.1042e-04
Loss = 9.7170e-04, PNorm = 109.8470, GNorm = 0.1224, lr_0 = 3.1030e-04
Loss = 1.0285e-03, PNorm = 109.8496, GNorm = 0.2552, lr_0 = 3.1018e-04
Loss = 8.5763e-04, PNorm = 109.8519, GNorm = 0.2163, lr_0 = 3.1006e-04
Loss = 9.8831e-04, PNorm = 109.8532, GNorm = 0.2171, lr_0 = 3.0994e-04
Loss = 9.8120e-04, PNorm = 109.8544, GNorm = 0.1959, lr_0 = 3.0982e-04
Loss = 9.5493e-04, PNorm = 109.8557, GNorm = 0.1759, lr_0 = 3.0970e-04
Loss = 8.1804e-04, PNorm = 109.8582, GNorm = 0.2435, lr_0 = 3.0958e-04
Loss = 9.1702e-04, PNorm = 109.8603, GNorm = 0.1472, lr_0 = 3.0946e-04
Loss = 9.6177e-04, PNorm = 109.8611, GNorm = 0.0843, lr_0 = 3.0934e-04
Loss = 1.1464e-03, PNorm = 109.8620, GNorm = 0.1238, lr_0 = 3.0922e-04
Loss = 1.1298e-03, PNorm = 109.8638, GNorm = 0.5623, lr_0 = 3.0911e-04
Loss = 1.1582e-03, PNorm = 109.8644, GNorm = 0.3683, lr_0 = 3.0899e-04
Loss = 1.1742e-03, PNorm = 109.8674, GNorm = 0.2154, lr_0 = 3.0887e-04
Loss = 9.7479e-04, PNorm = 109.8703, GNorm = 0.4436, lr_0 = 3.0875e-04
Loss = 8.7322e-04, PNorm = 109.8717, GNorm = 0.1147, lr_0 = 3.0863e-04
Loss = 9.4344e-04, PNorm = 109.8716, GNorm = 0.0830, lr_0 = 3.0851e-04
Loss = 1.1997e-03, PNorm = 109.8738, GNorm = 0.1036, lr_0 = 3.0839e-04
Loss = 1.0527e-03, PNorm = 109.8764, GNorm = 0.1829, lr_0 = 3.0827e-04
Loss = 9.1603e-04, PNorm = 109.8787, GNorm = 0.3693, lr_0 = 3.0816e-04
Loss = 9.6211e-04, PNorm = 109.8804, GNorm = 0.3328, lr_0 = 3.0804e-04
Loss = 1.1225e-03, PNorm = 109.8815, GNorm = 0.3419, lr_0 = 3.0792e-04
Loss = 1.2778e-03, PNorm = 109.8830, GNorm = 0.1600, lr_0 = 3.0780e-04
Loss = 7.7033e-04, PNorm = 109.8846, GNorm = 0.0863, lr_0 = 3.0768e-04
Loss = 9.5248e-04, PNorm = 109.8857, GNorm = 0.1627, lr_0 = 3.0756e-04
Loss = 1.0425e-03, PNorm = 109.8872, GNorm = 0.3709, lr_0 = 3.0745e-04
Loss = 9.2203e-04, PNorm = 109.8890, GNorm = 0.1191, lr_0 = 3.0733e-04
Loss = 9.9979e-04, PNorm = 109.8902, GNorm = 0.1246, lr_0 = 3.0721e-04
Loss = 8.4985e-04, PNorm = 109.8920, GNorm = 0.1589, lr_0 = 3.0709e-04
Loss = 8.5369e-04, PNorm = 109.8939, GNorm = 0.0503, lr_0 = 3.0697e-04
Loss = 1.0201e-03, PNorm = 109.8955, GNorm = 0.4531, lr_0 = 3.0686e-04
Loss = 1.1062e-03, PNorm = 109.8976, GNorm = 0.4361, lr_0 = 3.0674e-04
Loss = 8.5413e-04, PNorm = 109.8997, GNorm = 0.1400, lr_0 = 3.0662e-04
Loss = 8.9525e-04, PNorm = 109.9019, GNorm = 0.2096, lr_0 = 3.0650e-04
Loss = 9.1044e-04, PNorm = 109.9035, GNorm = 0.2153, lr_0 = 3.0638e-04
Loss = 8.1830e-04, PNorm = 109.9047, GNorm = 0.2283, lr_0 = 3.0627e-04
Loss = 7.7733e-04, PNorm = 109.9067, GNorm = 0.3642, lr_0 = 3.0615e-04
Loss = 8.0514e-04, PNorm = 109.9069, GNorm = 0.1040, lr_0 = 3.0603e-04
Loss = 7.9715e-04, PNorm = 109.9081, GNorm = 0.1235, lr_0 = 3.0591e-04
Loss = 7.3519e-04, PNorm = 109.9102, GNorm = 0.2185, lr_0 = 3.0580e-04
Loss = 8.3519e-04, PNorm = 109.9127, GNorm = 0.3074, lr_0 = 3.0568e-04
Loss = 7.2638e-04, PNorm = 109.9154, GNorm = 0.1771, lr_0 = 3.0556e-04
Loss = 7.9282e-04, PNorm = 109.9180, GNorm = 0.0825, lr_0 = 3.0544e-04
Loss = 8.7259e-04, PNorm = 109.9192, GNorm = 0.2223, lr_0 = 3.0533e-04
Loss = 9.1694e-04, PNorm = 109.9207, GNorm = 0.1083, lr_0 = 3.0521e-04
Loss = 8.3508e-04, PNorm = 109.9222, GNorm = 0.1497, lr_0 = 3.0509e-04
Loss = 8.6336e-04, PNorm = 109.9251, GNorm = 0.0963, lr_0 = 3.0497e-04
Loss = 8.8916e-04, PNorm = 109.9263, GNorm = 0.3706, lr_0 = 3.0486e-04
Loss = 8.4957e-04, PNorm = 109.9266, GNorm = 0.3454, lr_0 = 3.0474e-04
Loss = 9.2570e-04, PNorm = 109.9280, GNorm = 0.3654, lr_0 = 3.0462e-04
Loss = 9.4658e-04, PNorm = 109.9278, GNorm = 0.3885, lr_0 = 3.0451e-04
Loss = 8.6826e-04, PNorm = 109.9287, GNorm = 0.4937, lr_0 = 3.0439e-04
Loss = 7.3365e-04, PNorm = 109.9312, GNorm = 0.4254, lr_0 = 3.0427e-04
Loss = 9.4867e-04, PNorm = 109.9338, GNorm = 0.3563, lr_0 = 3.0415e-04
Loss = 8.3640e-04, PNorm = 109.9364, GNorm = 0.1615, lr_0 = 3.0404e-04
Loss = 8.3197e-04, PNorm = 109.9374, GNorm = 0.1002, lr_0 = 3.0392e-04
Loss = 7.9757e-04, PNorm = 109.9394, GNorm = 0.0842, lr_0 = 3.0380e-04
Loss = 7.7722e-04, PNorm = 109.9420, GNorm = 0.1566, lr_0 = 3.0369e-04
Loss = 7.5129e-04, PNorm = 109.9420, GNorm = 0.0741, lr_0 = 3.0357e-04
Loss = 8.1249e-04, PNorm = 109.9420, GNorm = 0.2563, lr_0 = 3.0345e-04
Loss = 6.1107e-04, PNorm = 109.9425, GNorm = 0.2604, lr_0 = 3.0334e-04
Loss = 8.0959e-04, PNorm = 109.9443, GNorm = 0.3950, lr_0 = 3.0322e-04
Loss = 8.8235e-04, PNorm = 109.9449, GNorm = 0.4771, lr_0 = 3.0310e-04
Loss = 1.1357e-03, PNorm = 109.9469, GNorm = 0.3678, lr_0 = 3.0299e-04
Loss = 9.7896e-04, PNorm = 109.9489, GNorm = 0.3764, lr_0 = 3.0287e-04
Loss = 1.0261e-03, PNorm = 109.9487, GNorm = 0.3442, lr_0 = 3.0275e-04
Loss = 1.0023e-03, PNorm = 109.9513, GNorm = 0.6528, lr_0 = 3.0264e-04
Loss = 1.0581e-03, PNorm = 109.9537, GNorm = 0.4179, lr_0 = 3.0252e-04
Loss = 1.0568e-03, PNorm = 109.9536, GNorm = 0.2903, lr_0 = 3.0241e-04
Loss = 9.4412e-04, PNorm = 109.9554, GNorm = 0.4396, lr_0 = 3.0229e-04
Loss = 8.9655e-04, PNorm = 109.9572, GNorm = 0.1556, lr_0 = 3.0217e-04
Loss = 8.9793e-04, PNorm = 109.9590, GNorm = 0.2756, lr_0 = 3.0206e-04
Loss = 1.0078e-03, PNorm = 109.9596, GNorm = 0.3769, lr_0 = 3.0194e-04
Loss = 9.7282e-04, PNorm = 109.9601, GNorm = 0.1623, lr_0 = 3.0182e-04
Loss = 7.8025e-04, PNorm = 109.9630, GNorm = 0.1247, lr_0 = 3.0171e-04
Loss = 8.0973e-04, PNorm = 109.9652, GNorm = 0.0807, lr_0 = 3.0159e-04
Loss = 8.1732e-04, PNorm = 109.9680, GNorm = 0.4213, lr_0 = 3.0148e-04
Loss = 8.5877e-04, PNorm = 109.9700, GNorm = 0.0496, lr_0 = 3.0136e-04
Loss = 9.6681e-04, PNorm = 109.9719, GNorm = 0.2710, lr_0 = 3.0124e-04
Loss = 7.9429e-04, PNorm = 109.9732, GNorm = 0.1011, lr_0 = 3.0113e-04
Loss = 8.5486e-04, PNorm = 109.9755, GNorm = 0.2566, lr_0 = 3.0101e-04
Loss = 7.6426e-04, PNorm = 109.9778, GNorm = 0.1208, lr_0 = 3.0090e-04
Loss = 9.6516e-04, PNorm = 109.9790, GNorm = 0.2967, lr_0 = 3.0078e-04
Loss = 8.7500e-04, PNorm = 109.9781, GNorm = 0.1061, lr_0 = 3.0067e-04
Loss = 8.7794e-04, PNorm = 109.9781, GNorm = 0.1211, lr_0 = 3.0055e-04
Loss = 8.5210e-04, PNorm = 109.9789, GNorm = 0.2655, lr_0 = 3.0043e-04
Loss = 8.6156e-04, PNorm = 109.9802, GNorm = 0.1284, lr_0 = 3.0032e-04
Loss = 1.0982e-03, PNorm = 109.9829, GNorm = 0.1695, lr_0 = 3.0020e-04
Loss = 8.5937e-04, PNorm = 109.9836, GNorm = 0.1191, lr_0 = 3.0009e-04
Loss = 8.6361e-04, PNorm = 109.9857, GNorm = 0.2143, lr_0 = 2.9997e-04
Loss = 7.9541e-04, PNorm = 109.9865, GNorm = 0.1185, lr_0 = 2.9986e-04
Loss = 8.1416e-04, PNorm = 109.9875, GNorm = 0.3467, lr_0 = 2.9974e-04
Loss = 8.3280e-04, PNorm = 109.9870, GNorm = 0.1095, lr_0 = 2.9963e-04
Loss = 7.3867e-04, PNorm = 109.9881, GNorm = 0.3316, lr_0 = 2.9951e-04
Loss = 9.2825e-04, PNorm = 109.9908, GNorm = 0.2195, lr_0 = 2.9940e-04
Loss = 8.5039e-04, PNorm = 109.9934, GNorm = 0.5168, lr_0 = 2.9928e-04
Loss = 8.9338e-04, PNorm = 109.9946, GNorm = 0.3735, lr_0 = 2.9917e-04
Loss = 9.4872e-04, PNorm = 109.9967, GNorm = 0.2049, lr_0 = 2.9905e-04
Loss = 8.4582e-04, PNorm = 109.9990, GNorm = 0.2779, lr_0 = 2.9894e-04
Loss = 7.4181e-04, PNorm = 110.0003, GNorm = 0.1953, lr_0 = 2.9882e-04
Loss = 7.7851e-04, PNorm = 110.0004, GNorm = 0.1081, lr_0 = 2.9871e-04
Loss = 8.7752e-04, PNorm = 110.0002, GNorm = 0.2913, lr_0 = 2.9859e-04
Loss = 1.0250e-03, PNorm = 110.0022, GNorm = 0.4162, lr_0 = 2.9848e-04
Loss = 9.5136e-04, PNorm = 110.0051, GNorm = 0.0783, lr_0 = 2.9836e-04
Loss = 9.4070e-04, PNorm = 110.0066, GNorm = 0.2401, lr_0 = 2.9825e-04
Loss = 8.9466e-04, PNorm = 110.0083, GNorm = 0.1208, lr_0 = 2.9813e-04
Loss = 7.9600e-04, PNorm = 110.0101, GNorm = 0.2353, lr_0 = 2.9802e-04
Loss = 8.5042e-04, PNorm = 110.0117, GNorm = 0.1215, lr_0 = 2.9790e-04
Loss = 9.6909e-04, PNorm = 110.0143, GNorm = 0.2192, lr_0 = 2.9779e-04
Loss = 7.9342e-04, PNorm = 110.0155, GNorm = 0.1764, lr_0 = 2.9768e-04
Loss = 7.7109e-04, PNorm = 110.0160, GNorm = 0.1402, lr_0 = 2.9756e-04
Loss = 8.5401e-04, PNorm = 110.0171, GNorm = 0.1822, lr_0 = 2.9745e-04
Loss = 7.9715e-04, PNorm = 110.0186, GNorm = 0.2337, lr_0 = 2.9733e-04
Loss = 8.9929e-04, PNorm = 110.0193, GNorm = 0.2273, lr_0 = 2.9722e-04
Loss = 7.3174e-04, PNorm = 110.0211, GNorm = 0.0788, lr_0 = 2.9710e-04
Loss = 7.4709e-04, PNorm = 110.0223, GNorm = 0.0596, lr_0 = 2.9699e-04
Loss = 7.1669e-04, PNorm = 110.0224, GNorm = 0.1842, lr_0 = 2.9688e-04
Loss = 6.5123e-04, PNorm = 110.0234, GNorm = 0.1076, lr_0 = 2.9676e-04
Loss = 6.5903e-04, PNorm = 110.0246, GNorm = 0.1863, lr_0 = 2.9665e-04
Loss = 7.2661e-04, PNorm = 110.0258, GNorm = 0.0993, lr_0 = 2.9653e-04
Loss = 7.7259e-04, PNorm = 110.0273, GNorm = 0.0908, lr_0 = 2.9642e-04
Loss = 6.4293e-04, PNorm = 110.0304, GNorm = 0.1400, lr_0 = 2.9631e-04
Loss = 7.0339e-04, PNorm = 110.0318, GNorm = 0.1394, lr_0 = 2.9619e-04
Loss = 6.1894e-04, PNorm = 110.0319, GNorm = 0.0775, lr_0 = 2.9608e-04
Loss = 7.1921e-04, PNorm = 110.0324, GNorm = 0.2722, lr_0 = 2.9596e-04
Loss = 7.8574e-04, PNorm = 110.0351, GNorm = 0.3690, lr_0 = 2.9585e-04
Loss = 7.4755e-04, PNorm = 110.0369, GNorm = 0.3526, lr_0 = 2.9574e-04
Loss = 9.3590e-04, PNorm = 110.0380, GNorm = 0.3807, lr_0 = 2.9562e-04
Loss = 8.0939e-04, PNorm = 110.0391, GNorm = 0.2020, lr_0 = 2.9551e-04
Loss = 8.1413e-04, PNorm = 110.0397, GNorm = 0.0565, lr_0 = 2.9540e-04
Loss = 8.2268e-04, PNorm = 110.0402, GNorm = 0.2187, lr_0 = 2.9528e-04
Loss = 8.1185e-04, PNorm = 110.0419, GNorm = 0.1719, lr_0 = 2.9517e-04
Loss = 8.2220e-04, PNorm = 110.0437, GNorm = 0.2369, lr_0 = 2.9505e-04
Loss = 7.7496e-04, PNorm = 110.0444, GNorm = 0.4022, lr_0 = 2.9494e-04
Loss = 6.9656e-04, PNorm = 110.0450, GNorm = 0.1475, lr_0 = 2.9483e-04
Loss = 8.4617e-04, PNorm = 110.0469, GNorm = 0.2603, lr_0 = 2.9471e-04
Loss = 7.9631e-04, PNorm = 110.0478, GNorm = 0.0854, lr_0 = 2.9460e-04
Loss = 7.2084e-04, PNorm = 110.0491, GNorm = 0.1255, lr_0 = 2.9449e-04
Loss = 7.5302e-04, PNorm = 110.0503, GNorm = 0.1050, lr_0 = 2.9437e-04
Loss = 7.7565e-04, PNorm = 110.0505, GNorm = 0.0767, lr_0 = 2.9426e-04
Loss = 8.2612e-04, PNorm = 110.0521, GNorm = 0.3470, lr_0 = 2.9415e-04
Loss = 7.5652e-04, PNorm = 110.0548, GNorm = 0.0914, lr_0 = 2.9404e-04
Loss = 8.2222e-04, PNorm = 110.0561, GNorm = 0.2793, lr_0 = 2.9392e-04
Loss = 7.6969e-04, PNorm = 110.0581, GNorm = 0.0982, lr_0 = 2.9381e-04
Loss = 7.5830e-04, PNorm = 110.0607, GNorm = 0.1675, lr_0 = 2.9370e-04
Loss = 7.0563e-04, PNorm = 110.0620, GNorm = 0.0632, lr_0 = 2.9358e-04
Loss = 7.7628e-04, PNorm = 110.0641, GNorm = 0.0876, lr_0 = 2.9347e-04
Loss = 7.5384e-04, PNorm = 110.0664, GNorm = 0.1839, lr_0 = 2.9336e-04
Loss = 8.8344e-04, PNorm = 110.0672, GNorm = 0.0664, lr_0 = 2.9325e-04
Loss = 9.0975e-04, PNorm = 110.0682, GNorm = 0.2575, lr_0 = 2.9313e-04
Loss = 7.9552e-04, PNorm = 110.0702, GNorm = 0.0966, lr_0 = 2.9302e-04
Loss = 7.9132e-04, PNorm = 110.0724, GNorm = 0.1747, lr_0 = 2.9291e-04
Loss = 7.4260e-04, PNorm = 110.0744, GNorm = 0.2212, lr_0 = 2.9279e-04
Loss = 7.8732e-04, PNorm = 110.0767, GNorm = 0.3590, lr_0 = 2.9268e-04
Loss = 6.6838e-04, PNorm = 110.0782, GNorm = 0.0613, lr_0 = 2.9257e-04
Loss = 6.9347e-04, PNorm = 110.0798, GNorm = 0.1154, lr_0 = 2.9246e-04
Loss = 6.8093e-04, PNorm = 110.0793, GNorm = 0.1510, lr_0 = 2.9234e-04
Loss = 8.0999e-04, PNorm = 110.0797, GNorm = 0.2449, lr_0 = 2.9223e-04
Loss = 6.3987e-04, PNorm = 110.0809, GNorm = 0.1023, lr_0 = 2.9212e-04
Loss = 7.2077e-04, PNorm = 110.0825, GNorm = 0.2179, lr_0 = 2.9201e-04
Loss = 6.9117e-04, PNorm = 110.0835, GNorm = 0.2016, lr_0 = 2.9190e-04
Loss = 7.9157e-04, PNorm = 110.0847, GNorm = 0.3026, lr_0 = 2.9178e-04
Loss = 7.7977e-04, PNorm = 110.0854, GNorm = 0.0977, lr_0 = 2.9167e-04
Loss = 7.3418e-04, PNorm = 110.0866, GNorm = 0.1689, lr_0 = 2.9156e-04
Loss = 6.7879e-04, PNorm = 110.0883, GNorm = 0.0625, lr_0 = 2.9145e-04
Loss = 7.4318e-04, PNorm = 110.0893, GNorm = 0.0814, lr_0 = 2.9133e-04
Loss = 7.1102e-04, PNorm = 110.0907, GNorm = 0.1128, lr_0 = 2.9122e-04
Loss = 6.8271e-04, PNorm = 110.0930, GNorm = 0.0734, lr_0 = 2.9111e-04
Loss = 6.5155e-04, PNorm = 110.0941, GNorm = 0.0962, lr_0 = 2.9100e-04
Loss = 6.7144e-04, PNorm = 110.0945, GNorm = 0.2727, lr_0 = 2.9089e-04
Loss = 9.4146e-04, PNorm = 110.0957, GNorm = 0.1724, lr_0 = 2.9078e-04
Loss = 7.0209e-04, PNorm = 110.0971, GNorm = 0.1948, lr_0 = 2.9066e-04
Loss = 8.1441e-04, PNorm = 110.0981, GNorm = 0.1050, lr_0 = 2.9055e-04
Loss = 8.1029e-04, PNorm = 110.0988, GNorm = 0.1299, lr_0 = 2.9044e-04
Loss = 8.5642e-04, PNorm = 110.0993, GNorm = 0.3065, lr_0 = 2.9033e-04
Loss = 9.6241e-04, PNorm = 110.0991, GNorm = 0.3959, lr_0 = 2.9022e-04
Loss = 7.7436e-04, PNorm = 110.1006, GNorm = 0.2112, lr_0 = 2.9011e-04
Loss = 8.4753e-04, PNorm = 110.1023, GNorm = 0.0589, lr_0 = 2.8999e-04
Loss = 7.8931e-04, PNorm = 110.1036, GNorm = 0.1754, lr_0 = 2.8988e-04
Loss = 8.9839e-04, PNorm = 110.1043, GNorm = 0.3178, lr_0 = 2.8977e-04
Loss = 8.5890e-04, PNorm = 110.1024, GNorm = 0.1314, lr_0 = 2.8966e-04
Loss = 8.4471e-04, PNorm = 110.1043, GNorm = 0.0871, lr_0 = 2.8955e-04
Loss = 9.4551e-04, PNorm = 110.1065, GNorm = 0.3106, lr_0 = 2.8944e-04
Loss = 8.1217e-04, PNorm = 110.1083, GNorm = 0.2448, lr_0 = 2.8933e-04
Loss = 9.1518e-04, PNorm = 110.1114, GNorm = 0.3017, lr_0 = 2.8921e-04
Loss = 8.1406e-04, PNorm = 110.1145, GNorm = 0.2609, lr_0 = 2.8910e-04
Loss = 8.0911e-04, PNorm = 110.1161, GNorm = 0.1305, lr_0 = 2.8899e-04
Loss = 1.0319e-03, PNorm = 110.1171, GNorm = 0.4787, lr_0 = 2.8888e-04
Loss = 1.1834e-03, PNorm = 110.1192, GNorm = 0.6229, lr_0 = 2.8877e-04
Loss = 1.0730e-03, PNorm = 110.1221, GNorm = 0.0988, lr_0 = 2.8866e-04
Loss = 1.0280e-03, PNorm = 110.1234, GNorm = 0.3198, lr_0 = 2.8855e-04
Loss = 9.0814e-04, PNorm = 110.1251, GNorm = 0.2741, lr_0 = 2.8844e-04
Loss = 8.1822e-04, PNorm = 110.1265, GNorm = 0.2493, lr_0 = 2.8833e-04
Loss = 9.6655e-04, PNorm = 110.1280, GNorm = 0.2498, lr_0 = 2.8822e-04
Loss = 7.5600e-04, PNorm = 110.1285, GNorm = 0.1895, lr_0 = 2.8810e-04
Loss = 9.4688e-04, PNorm = 110.1302, GNorm = 0.1812, lr_0 = 2.8799e-04
Loss = 8.1449e-04, PNorm = 110.1313, GNorm = 0.2654, lr_0 = 2.8788e-04
Loss = 8.8062e-04, PNorm = 110.1343, GNorm = 0.3169, lr_0 = 2.8777e-04
Loss = 8.6412e-04, PNorm = 110.1364, GNorm = 0.1909, lr_0 = 2.8766e-04
Loss = 8.8119e-04, PNorm = 110.1379, GNorm = 0.4015, lr_0 = 2.8755e-04
Loss = 8.8101e-04, PNorm = 110.1403, GNorm = 0.2057, lr_0 = 2.8744e-04
Loss = 8.3676e-04, PNorm = 110.1419, GNorm = 0.2069, lr_0 = 2.8733e-04
Loss = 8.5242e-04, PNorm = 110.1428, GNorm = 0.1222, lr_0 = 2.8722e-04
Loss = 7.3178e-04, PNorm = 110.1431, GNorm = 0.3532, lr_0 = 2.8711e-04
Loss = 8.8489e-04, PNorm = 110.1428, GNorm = 0.4172, lr_0 = 2.8700e-04
Loss = 9.0212e-04, PNorm = 110.1432, GNorm = 0.2433, lr_0 = 2.8689e-04
Loss = 8.5380e-04, PNorm = 110.1454, GNorm = 0.2037, lr_0 = 2.8678e-04
Loss = 7.3411e-04, PNorm = 110.1469, GNorm = 0.0831, lr_0 = 2.8667e-04
Loss = 8.0870e-04, PNorm = 110.1495, GNorm = 0.0762, lr_0 = 2.8656e-04
Loss = 7.3098e-04, PNorm = 110.1502, GNorm = 0.1678, lr_0 = 2.8645e-04
Loss = 6.8518e-04, PNorm = 110.1509, GNorm = 0.0851, lr_0 = 2.8634e-04
Loss = 7.2151e-04, PNorm = 110.1521, GNorm = 0.1079, lr_0 = 2.8623e-04
Loss = 7.9139e-04, PNorm = 110.1549, GNorm = 0.1980, lr_0 = 2.8612e-04
Loss = 8.2542e-04, PNorm = 110.1553, GNorm = 0.1704, lr_0 = 2.8601e-04
Loss = 8.6605e-04, PNorm = 110.1569, GNorm = 0.3433, lr_0 = 2.8590e-04
Loss = 7.1698e-04, PNorm = 110.1589, GNorm = 0.1657, lr_0 = 2.8579e-04
Loss = 7.3036e-04, PNorm = 110.1599, GNorm = 0.5078, lr_0 = 2.8568e-04
Loss = 8.8203e-04, PNorm = 110.1625, GNorm = 0.4553, lr_0 = 2.8557e-04
Loss = 7.4082e-04, PNorm = 110.1641, GNorm = 0.4336, lr_0 = 2.8546e-04
Loss = 9.1001e-04, PNorm = 110.1652, GNorm = 0.4307, lr_0 = 2.8535e-04
Loss = 8.8523e-04, PNorm = 110.1669, GNorm = 0.3121, lr_0 = 2.8524e-04
Loss = 9.0824e-04, PNorm = 110.1669, GNorm = 0.2151, lr_0 = 2.8513e-04
Loss = 6.7437e-04, PNorm = 110.1685, GNorm = 0.2055, lr_0 = 2.8502e-04
Loss = 8.4369e-04, PNorm = 110.1703, GNorm = 0.3897, lr_0 = 2.8491e-04
Loss = 9.3457e-04, PNorm = 110.1710, GNorm = 0.2916, lr_0 = 2.8480e-04
Loss = 8.0939e-04, PNorm = 110.1722, GNorm = 0.2242, lr_0 = 2.8469e-04
Loss = 8.8331e-04, PNorm = 110.1723, GNorm = 0.1980, lr_0 = 2.8458e-04
Loss = 7.6822e-04, PNorm = 110.1748, GNorm = 0.0774, lr_0 = 2.8447e-04
Loss = 7.4664e-04, PNorm = 110.1773, GNorm = 0.2254, lr_0 = 2.8436e-04
Loss = 7.1481e-04, PNorm = 110.1773, GNorm = 0.1315, lr_0 = 2.8425e-04
Loss = 7.9665e-04, PNorm = 110.1776, GNorm = 0.1487, lr_0 = 2.8414e-04
Loss = 7.9896e-04, PNorm = 110.1791, GNorm = 0.1369, lr_0 = 2.8404e-04
Loss = 7.9030e-04, PNorm = 110.1800, GNorm = 0.1297, lr_0 = 2.8393e-04
Loss = 6.8117e-04, PNorm = 110.1806, GNorm = 0.3033, lr_0 = 2.8382e-04
Loss = 5.9904e-04, PNorm = 110.1823, GNorm = 0.0830, lr_0 = 2.8371e-04
Loss = 7.5059e-04, PNorm = 110.1837, GNorm = 0.1528, lr_0 = 2.8360e-04
Loss = 9.0890e-04, PNorm = 110.1841, GNorm = 0.5100, lr_0 = 2.8349e-04
Loss = 1.1179e-03, PNorm = 110.1853, GNorm = 0.6743, lr_0 = 2.8338e-04
Loss = 7.8903e-04, PNorm = 110.1880, GNorm = 0.1482, lr_0 = 2.8327e-04
Loss = 8.7135e-04, PNorm = 110.1893, GNorm = 0.3404, lr_0 = 2.8316e-04
Loss = 7.1465e-04, PNorm = 110.1904, GNorm = 0.2058, lr_0 = 2.8305e-04
Loss = 7.2584e-04, PNorm = 110.1912, GNorm = 0.1135, lr_0 = 2.8295e-04
Loss = 7.1599e-04, PNorm = 110.1923, GNorm = 0.1559, lr_0 = 2.8284e-04
Loss = 7.3854e-04, PNorm = 110.1937, GNorm = 0.1615, lr_0 = 2.8273e-04
Loss = 7.2496e-04, PNorm = 110.1966, GNorm = 0.1630, lr_0 = 2.8262e-04
Loss = 7.2776e-04, PNorm = 110.1974, GNorm = 0.1837, lr_0 = 2.8251e-04
Loss = 8.6712e-04, PNorm = 110.1966, GNorm = 0.1617, lr_0 = 2.8240e-04
Loss = 8.9961e-04, PNorm = 110.1966, GNorm = 0.2213, lr_0 = 2.8229e-04
Loss = 8.3305e-04, PNorm = 110.1993, GNorm = 0.0795, lr_0 = 2.8218e-04
Loss = 8.0216e-04, PNorm = 110.2009, GNorm = 0.2841, lr_0 = 2.8208e-04
Loss = 7.6894e-04, PNorm = 110.2030, GNorm = 0.3747, lr_0 = 2.8197e-04
Loss = 9.0061e-04, PNorm = 110.2048, GNorm = 0.2177, lr_0 = 2.8186e-04
Loss = 8.7007e-04, PNorm = 110.2056, GNorm = 0.0883, lr_0 = 2.8175e-04
Loss = 7.5688e-04, PNorm = 110.2069, GNorm = 0.1839, lr_0 = 2.8164e-04
Loss = 7.9141e-04, PNorm = 110.2085, GNorm = 0.1972, lr_0 = 2.8153e-04
Loss = 7.7440e-04, PNorm = 110.2115, GNorm = 0.0736, lr_0 = 2.8143e-04
Loss = 7.3413e-04, PNorm = 110.2130, GNorm = 0.2350, lr_0 = 2.8132e-04
Loss = 8.4212e-04, PNorm = 110.2143, GNorm = 0.1454, lr_0 = 2.8121e-04
Loss = 8.3249e-04, PNorm = 110.2154, GNorm = 0.3429, lr_0 = 2.8110e-04
Loss = 8.2215e-04, PNorm = 110.2164, GNorm = 0.3567, lr_0 = 2.8099e-04
Loss = 9.4629e-04, PNorm = 110.2180, GNorm = 0.2439, lr_0 = 2.8089e-04
Loss = 7.0424e-04, PNorm = 110.2190, GNorm = 0.0850, lr_0 = 2.8078e-04
Loss = 8.2635e-04, PNorm = 110.2208, GNorm = 0.3489, lr_0 = 2.8067e-04
Loss = 7.9557e-04, PNorm = 110.2225, GNorm = 0.1400, lr_0 = 2.8056e-04
Loss = 8.2326e-04, PNorm = 110.2236, GNorm = 0.0889, lr_0 = 2.8045e-04
Loss = 6.9598e-04, PNorm = 110.2243, GNorm = 0.0947, lr_0 = 2.8035e-04
Loss = 8.1227e-04, PNorm = 110.2248, GNorm = 0.5218, lr_0 = 2.8024e-04
Loss = 6.4764e-04, PNorm = 110.2265, GNorm = 0.2446, lr_0 = 2.8013e-04
Loss = 7.2072e-04, PNorm = 110.2285, GNorm = 0.0656, lr_0 = 2.8002e-04
Loss = 7.1653e-04, PNorm = 110.2299, GNorm = 0.1351, lr_0 = 2.7992e-04
Loss = 6.9394e-04, PNorm = 110.2299, GNorm = 0.1179, lr_0 = 2.7981e-04
Loss = 7.3860e-04, PNorm = 110.2308, GNorm = 0.2217, lr_0 = 2.7970e-04
Loss = 6.9136e-04, PNorm = 110.2326, GNorm = 0.1080, lr_0 = 2.7959e-04
Loss = 7.4916e-04, PNorm = 110.2333, GNorm = 0.0764, lr_0 = 2.7949e-04
Loss = 8.3948e-04, PNorm = 110.2339, GNorm = 0.0847, lr_0 = 2.7938e-04
Loss = 6.9339e-04, PNorm = 110.2342, GNorm = 0.0995, lr_0 = 2.7927e-04
Loss = 8.2149e-04, PNorm = 110.2356, GNorm = 0.1991, lr_0 = 2.7916e-04
Loss = 6.6036e-04, PNorm = 110.2373, GNorm = 0.2082, lr_0 = 2.7906e-04
Loss = 6.0117e-04, PNorm = 110.2396, GNorm = 0.1519, lr_0 = 2.7895e-04
Loss = 7.7624e-04, PNorm = 110.2425, GNorm = 0.1137, lr_0 = 2.7884e-04
Loss = 7.3780e-04, PNorm = 110.2445, GNorm = 0.1077, lr_0 = 2.7873e-04
Loss = 6.5709e-04, PNorm = 110.2460, GNorm = 0.0743, lr_0 = 2.7863e-04
Loss = 6.3306e-04, PNorm = 110.2464, GNorm = 0.1545, lr_0 = 2.7852e-04
Loss = 5.8226e-04, PNorm = 110.2460, GNorm = 0.2727, lr_0 = 2.7841e-04
Loss = 5.0284e-04, PNorm = 110.2457, GNorm = 0.1010, lr_0 = 2.7831e-04
Loss = 6.6361e-04, PNorm = 110.2461, GNorm = 0.2984, lr_0 = 2.7820e-04
Loss = 5.2681e-04, PNorm = 110.2469, GNorm = 0.0859, lr_0 = 2.7809e-04
Loss = 6.7553e-04, PNorm = 110.2482, GNorm = 0.1123, lr_0 = 2.7799e-04
Loss = 6.9547e-04, PNorm = 110.2488, GNorm = 0.3464, lr_0 = 2.7788e-04
Loss = 7.0700e-04, PNorm = 110.2500, GNorm = 0.1923, lr_0 = 2.7777e-04
Loss = 7.1327e-04, PNorm = 110.2508, GNorm = 0.0547, lr_0 = 2.7766e-04
Loss = 7.5881e-04, PNorm = 110.2519, GNorm = 0.3740, lr_0 = 2.7756e-04
Loss = 7.4502e-04, PNorm = 110.2535, GNorm = 0.4555, lr_0 = 2.7745e-04
Loss = 8.6498e-04, PNorm = 110.2542, GNorm = 0.6584, lr_0 = 2.7734e-04
Loss = 8.8842e-04, PNorm = 110.2555, GNorm = 0.3862, lr_0 = 2.7724e-04
Loss = 8.2123e-04, PNorm = 110.2572, GNorm = 0.4479, lr_0 = 2.7713e-04
Loss = 8.4574e-04, PNorm = 110.2585, GNorm = 0.2950, lr_0 = 2.7702e-04
Loss = 7.3203e-04, PNorm = 110.2602, GNorm = 0.1478, lr_0 = 2.7692e-04
Loss = 7.3943e-04, PNorm = 110.2612, GNorm = 0.1122, lr_0 = 2.7681e-04
Loss = 7.5112e-04, PNorm = 110.2622, GNorm = 0.1303, lr_0 = 2.7671e-04
Loss = 6.2323e-04, PNorm = 110.2630, GNorm = 0.1994, lr_0 = 2.7660e-04
Loss = 7.0982e-04, PNorm = 110.2652, GNorm = 0.2222, lr_0 = 2.7649e-04
Loss = 5.9462e-04, PNorm = 110.2660, GNorm = 0.1364, lr_0 = 2.7639e-04
Loss = 6.9909e-04, PNorm = 110.2669, GNorm = 0.2529, lr_0 = 2.7628e-04
Loss = 6.3657e-04, PNorm = 110.2680, GNorm = 0.1847, lr_0 = 2.7617e-04
Loss = 6.4269e-04, PNorm = 110.2696, GNorm = 0.0676, lr_0 = 2.7607e-04
Loss = 6.5989e-04, PNorm = 110.2718, GNorm = 0.1498, lr_0 = 2.7596e-04
Loss = 7.8570e-04, PNorm = 110.2725, GNorm = 0.2935, lr_0 = 2.7586e-04
Loss = 7.6860e-04, PNorm = 110.2735, GNorm = 0.3970, lr_0 = 2.7575e-04
Loss = 7.1256e-04, PNorm = 110.2729, GNorm = 0.0726, lr_0 = 2.7564e-04
Loss = 6.7843e-04, PNorm = 110.2734, GNorm = 0.2261, lr_0 = 2.7554e-04
Loss = 7.0337e-04, PNorm = 110.2749, GNorm = 0.0695, lr_0 = 2.7543e-04
Loss = 7.0107e-04, PNorm = 110.2763, GNorm = 0.2690, lr_0 = 2.7533e-04
Loss = 5.9519e-04, PNorm = 110.2776, GNorm = 0.0751, lr_0 = 2.7522e-04
Loss = 5.8217e-04, PNorm = 110.2783, GNorm = 0.0947, lr_0 = 2.7511e-04
Loss = 6.5620e-04, PNorm = 110.2795, GNorm = 0.1935, lr_0 = 2.7501e-04
Loss = 5.9852e-04, PNorm = 110.2809, GNorm = 0.0687, lr_0 = 2.7490e-04
Loss = 5.1998e-04, PNorm = 110.2816, GNorm = 0.3061, lr_0 = 2.7480e-04
Loss = 5.7642e-04, PNorm = 110.2827, GNorm = 0.1456, lr_0 = 2.7469e-04
Loss = 7.2374e-04, PNorm = 110.2840, GNorm = 0.4943, lr_0 = 2.7459e-04
Loss = 8.4253e-04, PNorm = 110.2857, GNorm = 0.7517, lr_0 = 2.7448e-04
Loss = 9.2500e-04, PNorm = 110.2871, GNorm = 0.6548, lr_0 = 2.7437e-04
Loss = 1.2600e-03, PNorm = 110.2892, GNorm = 0.7366, lr_0 = 2.7427e-04
Loss = 1.1234e-03, PNorm = 110.2893, GNorm = 0.1899, lr_0 = 2.7416e-04
Loss = 8.6257e-04, PNorm = 110.2910, GNorm = 0.2943, lr_0 = 2.7406e-04
Loss = 8.8352e-04, PNorm = 110.2925, GNorm = 0.0913, lr_0 = 2.7395e-04
Loss = 8.0516e-04, PNorm = 110.2933, GNorm = 0.1191, lr_0 = 2.7385e-04
Loss = 8.6776e-04, PNorm = 110.2949, GNorm = 0.1242, lr_0 = 2.7374e-04
Loss = 8.2530e-04, PNorm = 110.2971, GNorm = 0.3783, lr_0 = 2.7364e-04
Loss = 7.7764e-04, PNorm = 110.2994, GNorm = 0.4616, lr_0 = 2.7353e-04
Loss = 7.9913e-04, PNorm = 110.3002, GNorm = 0.3099, lr_0 = 2.7343e-04
Loss = 7.4106e-04, PNorm = 110.3007, GNorm = 0.1893, lr_0 = 2.7332e-04
Loss = 6.6312e-04, PNorm = 110.3027, GNorm = 0.0427, lr_0 = 2.7322e-04
Loss = 7.6519e-04, PNorm = 110.3055, GNorm = 0.0991, lr_0 = 2.7311e-04
Loss = 7.4000e-04, PNorm = 110.3039, GNorm = 0.1916, lr_0 = 2.7301e-04
Loss = 7.6691e-04, PNorm = 110.3024, GNorm = 0.2600, lr_0 = 2.7290e-04
Loss = 8.2807e-04, PNorm = 110.3038, GNorm = 0.3290, lr_0 = 2.7280e-04
Loss = 7.5302e-04, PNorm = 110.3059, GNorm = 0.1539, lr_0 = 2.7269e-04
Loss = 8.9139e-04, PNorm = 110.3083, GNorm = 0.0750, lr_0 = 2.7259e-04
Loss = 7.4648e-04, PNorm = 110.3106, GNorm = 0.1393, lr_0 = 2.7248e-04
Loss = 8.1783e-04, PNorm = 110.3116, GNorm = 0.2391, lr_0 = 2.7238e-04
Loss = 8.0282e-04, PNorm = 110.3126, GNorm = 0.2150, lr_0 = 2.7227e-04
Loss = 7.6008e-04, PNorm = 110.3139, GNorm = 0.2523, lr_0 = 2.7217e-04
Loss = 7.3997e-04, PNorm = 110.3145, GNorm = 0.3679, lr_0 = 2.7206e-04
Loss = 7.0291e-04, PNorm = 110.3161, GNorm = 0.1838, lr_0 = 2.7196e-04
Loss = 7.5815e-04, PNorm = 110.3166, GNorm = 0.5086, lr_0 = 2.7185e-04
Loss = 7.1016e-04, PNorm = 110.3190, GNorm = 0.0962, lr_0 = 2.7175e-04
Loss = 6.5196e-04, PNorm = 110.3208, GNorm = 0.2342, lr_0 = 2.7165e-04
Loss = 7.3145e-04, PNorm = 110.3210, GNorm = 0.1341, lr_0 = 2.7154e-04
Loss = 7.1385e-04, PNorm = 110.3204, GNorm = 0.1770, lr_0 = 2.7144e-04
Loss = 7.3053e-04, PNorm = 110.3213, GNorm = 0.1194, lr_0 = 2.7133e-04
Loss = 6.3559e-04, PNorm = 110.3231, GNorm = 0.1884, lr_0 = 2.7123e-04
Loss = 7.5598e-04, PNorm = 110.3243, GNorm = 0.2869, lr_0 = 2.7112e-04
Loss = 8.3888e-04, PNorm = 110.3252, GNorm = 0.4944, lr_0 = 2.7102e-04
Loss = 7.0612e-04, PNorm = 110.3258, GNorm = 0.2613, lr_0 = 2.7092e-04
Loss = 7.2646e-04, PNorm = 110.3267, GNorm = 0.0746, lr_0 = 2.7081e-04
Loss = 6.6281e-04, PNorm = 110.3283, GNorm = 0.2091, lr_0 = 2.7071e-04
Loss = 7.5066e-04, PNorm = 110.3291, GNorm = 0.1630, lr_0 = 2.7060e-04
Loss = 8.1658e-04, PNorm = 110.3301, GNorm = 0.6704, lr_0 = 2.7050e-04
Loss = 7.0866e-04, PNorm = 110.3321, GNorm = 0.4642, lr_0 = 2.7040e-04
Loss = 6.9148e-04, PNorm = 110.3340, GNorm = 0.1575, lr_0 = 2.7029e-04
Loss = 7.0140e-04, PNorm = 110.3350, GNorm = 0.1243, lr_0 = 2.7019e-04
Loss = 6.5907e-04, PNorm = 110.3375, GNorm = 0.0962, lr_0 = 2.7008e-04
Loss = 6.3305e-04, PNorm = 110.3390, GNorm = 0.2008, lr_0 = 2.6998e-04
Loss = 7.0559e-04, PNorm = 110.3402, GNorm = 0.1262, lr_0 = 2.6988e-04
Loss = 6.1927e-04, PNorm = 110.3410, GNorm = 0.1210, lr_0 = 2.6977e-04
Loss = 6.0340e-04, PNorm = 110.3424, GNorm = 0.0735, lr_0 = 2.6967e-04
Loss = 6.3603e-04, PNorm = 110.3433, GNorm = 0.1871, lr_0 = 2.6956e-04
Loss = 6.3775e-04, PNorm = 110.3429, GNorm = 0.1298, lr_0 = 2.6946e-04
Loss = 6.4792e-04, PNorm = 110.3428, GNorm = 0.2921, lr_0 = 2.6936e-04
Loss = 6.2717e-04, PNorm = 110.3433, GNorm = 0.1385, lr_0 = 2.6925e-04
Loss = 5.8789e-04, PNorm = 110.3456, GNorm = 0.0592, lr_0 = 2.6915e-04
Loss = 5.2838e-04, PNorm = 110.3450, GNorm = 0.1516, lr_0 = 2.6905e-04
Loss = 5.3735e-04, PNorm = 110.3445, GNorm = 0.1411, lr_0 = 2.6894e-04
Loss = 5.5674e-04, PNorm = 110.3458, GNorm = 0.2053, lr_0 = 2.6884e-04
Loss = 5.6805e-04, PNorm = 110.3481, GNorm = 0.1191, lr_0 = 2.6874e-04
Loss = 5.9933e-04, PNorm = 110.3496, GNorm = 0.0989, lr_0 = 2.6863e-04
Loss = 6.3717e-04, PNorm = 110.3495, GNorm = 0.2904, lr_0 = 2.6853e-04
Loss = 7.2235e-04, PNorm = 110.3497, GNorm = 0.5520, lr_0 = 2.6843e-04
Loss = 7.5428e-04, PNorm = 110.3513, GNorm = 0.0856, lr_0 = 2.6832e-04
Loss = 8.5762e-04, PNorm = 110.3515, GNorm = 0.2743, lr_0 = 2.6822e-04
Loss = 7.1445e-04, PNorm = 110.3531, GNorm = 0.0668, lr_0 = 2.6812e-04
Loss = 6.0829e-04, PNorm = 110.3550, GNorm = 0.1045, lr_0 = 2.6801e-04
Loss = 7.1789e-04, PNorm = 110.3555, GNorm = 0.3476, lr_0 = 2.6791e-04
Loss = 7.1040e-04, PNorm = 110.3566, GNorm = 0.3495, lr_0 = 2.6781e-04
Loss = 7.4098e-04, PNorm = 110.3595, GNorm = 0.0662, lr_0 = 2.6771e-04
Loss = 7.9566e-04, PNorm = 110.3619, GNorm = 0.2285, lr_0 = 2.6760e-04
Loss = 7.2962e-04, PNorm = 110.3635, GNorm = 0.1228, lr_0 = 2.6750e-04
Loss = 6.9717e-04, PNorm = 110.3656, GNorm = 0.1663, lr_0 = 2.6740e-04
Loss = 7.2786e-04, PNorm = 110.3674, GNorm = 0.2775, lr_0 = 2.6729e-04
Loss = 6.4358e-04, PNorm = 110.3695, GNorm = 0.1288, lr_0 = 2.6719e-04
Loss = 6.7785e-04, PNorm = 110.3702, GNorm = 0.0585, lr_0 = 2.6709e-04
Loss = 6.3755e-04, PNorm = 110.3715, GNorm = 0.0907, lr_0 = 2.6699e-04
Loss = 6.2514e-04, PNorm = 110.3725, GNorm = 0.1414, lr_0 = 2.6688e-04
Loss = 7.1755e-04, PNorm = 110.3730, GNorm = 0.4163, lr_0 = 2.6678e-04
Loss = 6.8313e-04, PNorm = 110.3738, GNorm = 0.0840, lr_0 = 2.6668e-04
Loss = 7.2927e-04, PNorm = 110.3748, GNorm = 0.1519, lr_0 = 2.6658e-04
Loss = 6.5803e-04, PNorm = 110.3758, GNorm = 0.0951, lr_0 = 2.6647e-04
Loss = 6.2956e-04, PNorm = 110.3773, GNorm = 0.1919, lr_0 = 2.6637e-04
Loss = 6.1631e-04, PNorm = 110.3785, GNorm = 0.1214, lr_0 = 2.6627e-04
Loss = 7.1302e-04, PNorm = 110.3811, GNorm = 0.3553, lr_0 = 2.6617e-04
Loss = 5.9706e-04, PNorm = 110.3824, GNorm = 0.0465, lr_0 = 2.6606e-04
Loss = 6.9473e-04, PNorm = 110.3836, GNorm = 0.4499, lr_0 = 2.6596e-04
Loss = 7.5139e-04, PNorm = 110.3852, GNorm = 0.1824, lr_0 = 2.6586e-04
Loss = 7.5959e-04, PNorm = 110.3851, GNorm = 0.2269, lr_0 = 2.6576e-04
Loss = 9.4119e-04, PNorm = 110.3857, GNorm = 0.1131, lr_0 = 2.6566e-04
Loss = 8.4713e-04, PNorm = 110.3866, GNorm = 0.2120, lr_0 = 2.6555e-04
Loss = 7.9196e-04, PNorm = 110.3889, GNorm = 0.0671, lr_0 = 2.6545e-04
Loss = 7.3459e-04, PNorm = 110.3904, GNorm = 0.1695, lr_0 = 2.6535e-04
Loss = 7.3951e-04, PNorm = 110.3925, GNorm = 0.2064, lr_0 = 2.6525e-04
Loss = 7.8358e-04, PNorm = 110.3935, GNorm = 0.1363, lr_0 = 2.6515e-04
Loss = 8.5575e-04, PNorm = 110.3945, GNorm = 0.4707, lr_0 = 2.6504e-04
Loss = 8.1749e-04, PNorm = 110.3954, GNorm = 0.1922, lr_0 = 2.6494e-04
Loss = 6.8629e-04, PNorm = 110.3969, GNorm = 0.1669, lr_0 = 2.6484e-04
Loss = 8.0211e-04, PNorm = 110.3986, GNorm = 0.2749, lr_0 = 2.6474e-04
Loss = 8.7762e-04, PNorm = 110.3999, GNorm = 0.1631, lr_0 = 2.6464e-04
Loss = 7.2659e-04, PNorm = 110.4017, GNorm = 0.2342, lr_0 = 2.6453e-04
Loss = 7.1809e-04, PNorm = 110.4034, GNorm = 0.1388, lr_0 = 2.6443e-04
Loss = 6.6983e-04, PNorm = 110.4034, GNorm = 0.2582, lr_0 = 2.6433e-04
Loss = 5.9217e-04, PNorm = 110.4028, GNorm = 0.1601, lr_0 = 2.6423e-04
Loss = 8.4443e-04, PNorm = 110.4039, GNorm = 0.1716, lr_0 = 2.6413e-04
Loss = 6.2372e-04, PNorm = 110.4052, GNorm = 0.1616, lr_0 = 2.6403e-04
Loss = 6.5108e-04, PNorm = 110.4066, GNorm = 0.0778, lr_0 = 2.6392e-04
Loss = 6.9498e-04, PNorm = 110.4075, GNorm = 0.1949, lr_0 = 2.6382e-04
Loss = 5.7804e-04, PNorm = 110.4071, GNorm = 0.0964, lr_0 = 2.6372e-04
Loss = 5.5323e-04, PNorm = 110.4080, GNorm = 0.0512, lr_0 = 2.6362e-04
Loss = 6.6658e-04, PNorm = 110.4098, GNorm = 0.1466, lr_0 = 2.6352e-04
Loss = 7.2051e-04, PNorm = 110.4111, GNorm = 0.0729, lr_0 = 2.6342e-04
Loss = 6.3582e-04, PNorm = 110.4133, GNorm = 0.0600, lr_0 = 2.6332e-04
Loss = 5.8667e-04, PNorm = 110.4151, GNorm = 0.2639, lr_0 = 2.6322e-04
Loss = 6.0786e-04, PNorm = 110.4160, GNorm = 0.0558, lr_0 = 2.6311e-04
Loss = 6.5574e-04, PNorm = 110.4165, GNorm = 0.1414, lr_0 = 2.6301e-04
Loss = 8.3515e-04, PNorm = 110.4178, GNorm = 0.7483, lr_0 = 2.6291e-04
Loss = 1.0045e-03, PNorm = 110.4186, GNorm = 0.6112, lr_0 = 2.6281e-04
Loss = 8.5083e-04, PNorm = 110.4210, GNorm = 0.4394, lr_0 = 2.6271e-04
Loss = 8.1667e-04, PNorm = 110.4220, GNorm = 0.3618, lr_0 = 2.6261e-04
Loss = 7.9380e-04, PNorm = 110.4231, GNorm = 0.2732, lr_0 = 2.6251e-04
Loss = 7.3518e-04, PNorm = 110.4240, GNorm = 0.2737, lr_0 = 2.6241e-04
Loss = 8.1561e-04, PNorm = 110.4259, GNorm = 0.2213, lr_0 = 2.6231e-04
Loss = 9.8567e-04, PNorm = 110.4282, GNorm = 0.1320, lr_0 = 2.6221e-04
Loss = 8.6329e-04, PNorm = 110.4283, GNorm = 0.1065, lr_0 = 2.6210e-04
Loss = 7.9006e-04, PNorm = 110.4292, GNorm = 0.3544, lr_0 = 2.6200e-04
Loss = 8.1150e-04, PNorm = 110.4308, GNorm = 0.3535, lr_0 = 2.6190e-04
Loss = 7.2561e-04, PNorm = 110.4322, GNorm = 0.3135, lr_0 = 2.6180e-04
Loss = 7.2404e-04, PNorm = 110.4322, GNorm = 0.2505, lr_0 = 2.6170e-04
Loss = 7.9467e-04, PNorm = 110.4338, GNorm = 0.4434, lr_0 = 2.6160e-04
Loss = 7.5275e-04, PNorm = 110.4362, GNorm = 0.4411, lr_0 = 2.6150e-04
Loss = 7.0141e-04, PNorm = 110.4368, GNorm = 0.2904, lr_0 = 2.6140e-04
Loss = 8.0333e-04, PNorm = 110.4384, GNorm = 0.3146, lr_0 = 2.6130e-04
Loss = 7.2853e-04, PNorm = 110.4405, GNorm = 0.3215, lr_0 = 2.6120e-04
Loss = 6.9988e-04, PNorm = 110.4415, GNorm = 0.0720, lr_0 = 2.6110e-04
Loss = 8.0006e-04, PNorm = 110.4437, GNorm = 0.1490, lr_0 = 2.6100e-04
Loss = 6.1066e-04, PNorm = 110.4461, GNorm = 0.2140, lr_0 = 2.6090e-04
Loss = 5.8612e-04, PNorm = 110.4466, GNorm = 0.1260, lr_0 = 2.6080e-04
Loss = 5.9943e-04, PNorm = 110.4477, GNorm = 0.1571, lr_0 = 2.6070e-04
Loss = 5.7406e-04, PNorm = 110.4484, GNorm = 0.1139, lr_0 = 2.6060e-04
Loss = 5.8972e-04, PNorm = 110.4478, GNorm = 0.0794, lr_0 = 2.6050e-04
Loss = 5.7470e-04, PNorm = 110.4479, GNorm = 0.1618, lr_0 = 2.6040e-04
Loss = 5.1698e-04, PNorm = 110.4493, GNorm = 0.0685, lr_0 = 2.6030e-04
Loss = 4.9631e-04, PNorm = 110.4501, GNorm = 0.0753, lr_0 = 2.6020e-04
Loss = 5.6416e-04, PNorm = 110.4499, GNorm = 0.2882, lr_0 = 2.6010e-04
Loss = 5.7551e-04, PNorm = 110.4505, GNorm = 0.3327, lr_0 = 2.6000e-04
Loss = 6.6081e-04, PNorm = 110.4514, GNorm = 0.4249, lr_0 = 2.5990e-04
Loss = 6.2125e-04, PNorm = 110.4518, GNorm = 0.1822, lr_0 = 2.5980e-04
Loss = 7.1812e-04, PNorm = 110.4525, GNorm = 0.5017, lr_0 = 2.5970e-04
Loss = 6.3238e-04, PNorm = 110.4526, GNorm = 0.1708, lr_0 = 2.5960e-04
Loss = 5.9413e-04, PNorm = 110.4537, GNorm = 0.2087, lr_0 = 2.5950e-04
Loss = 6.0232e-04, PNorm = 110.4559, GNorm = 0.1295, lr_0 = 2.5940e-04
Loss = 6.5451e-04, PNorm = 110.4576, GNorm = 0.1211, lr_0 = 2.5930e-04
Loss = 5.8299e-04, PNorm = 110.4595, GNorm = 0.3033, lr_0 = 2.5920e-04
Loss = 6.2887e-04, PNorm = 110.4598, GNorm = 0.0832, lr_0 = 2.5910e-04
Loss = 5.6766e-04, PNorm = 110.4612, GNorm = 0.0804, lr_0 = 2.5900e-04
Loss = 5.2054e-04, PNorm = 110.4625, GNorm = 0.0707, lr_0 = 2.5890e-04
Loss = 6.7528e-04, PNorm = 110.4630, GNorm = 0.3674, lr_0 = 2.5880e-04
Loss = 6.9090e-04, PNorm = 110.4635, GNorm = 0.3432, lr_0 = 2.5870e-04
Loss = 5.7617e-04, PNorm = 110.4650, GNorm = 0.1610, lr_0 = 2.5860e-04
Loss = 5.9805e-04, PNorm = 110.4671, GNorm = 0.4387, lr_0 = 2.5850e-04
Loss = 6.2834e-04, PNorm = 110.4675, GNorm = 0.1188, lr_0 = 2.5840e-04
Loss = 5.2536e-04, PNorm = 110.4689, GNorm = 0.1064, lr_0 = 2.5830e-04
Loss = 5.9128e-04, PNorm = 110.4696, GNorm = 0.3905, lr_0 = 2.5820e-04
Loss = 6.8528e-04, PNorm = 110.4695, GNorm = 0.4729, lr_0 = 2.5810e-04
Loss = 7.3025e-04, PNorm = 110.4694, GNorm = 0.2652, lr_0 = 2.5801e-04
Loss = 6.3636e-04, PNorm = 110.4712, GNorm = 0.1421, lr_0 = 2.5791e-04
Loss = 6.5898e-04, PNorm = 110.4723, GNorm = 0.1735, lr_0 = 2.5781e-04
Loss = 5.8037e-04, PNorm = 110.4732, GNorm = 0.1978, lr_0 = 2.5771e-04
Loss = 5.7253e-04, PNorm = 110.4732, GNorm = 0.1056, lr_0 = 2.5761e-04
Loss = 6.0024e-04, PNorm = 110.4740, GNorm = 0.0612, lr_0 = 2.5751e-04
Loss = 5.4847e-04, PNorm = 110.4749, GNorm = 0.0977, lr_0 = 2.5741e-04
Loss = 5.5667e-04, PNorm = 110.4759, GNorm = 0.0956, lr_0 = 2.5731e-04
Loss = 5.8272e-04, PNorm = 110.4778, GNorm = 0.1014, lr_0 = 2.5721e-04
Loss = 5.5564e-04, PNorm = 110.4788, GNorm = 0.1485, lr_0 = 2.5711e-04
Loss = 5.1782e-04, PNorm = 110.4794, GNorm = 0.2840, lr_0 = 2.5701e-04
Loss = 6.3522e-04, PNorm = 110.4810, GNorm = 0.0597, lr_0 = 2.5692e-04
Loss = 6.5046e-04, PNorm = 110.4820, GNorm = 0.2590, lr_0 = 2.5682e-04
Loss = 5.5807e-04, PNorm = 110.4819, GNorm = 0.2550, lr_0 = 2.5672e-04
Loss = 5.9970e-04, PNorm = 110.4835, GNorm = 0.2964, lr_0 = 2.5662e-04
Loss = 5.8948e-04, PNorm = 110.4863, GNorm = 0.1824, lr_0 = 2.5652e-04
Loss = 5.5667e-04, PNorm = 110.4865, GNorm = 0.3068, lr_0 = 2.5642e-04
Loss = 6.6908e-04, PNorm = 110.4872, GNorm = 0.1207, lr_0 = 2.5632e-04
Loss = 5.3284e-04, PNorm = 110.4878, GNorm = 0.1631, lr_0 = 2.5623e-04
Loss = 5.0732e-04, PNorm = 110.4884, GNorm = 0.1493, lr_0 = 2.5613e-04
Loss = 5.3885e-04, PNorm = 110.4885, GNorm = 0.1589, lr_0 = 2.5603e-04
Loss = 5.2329e-04, PNorm = 110.4891, GNorm = 0.1365, lr_0 = 2.5593e-04
Loss = 4.8211e-04, PNorm = 110.4886, GNorm = 0.1795, lr_0 = 2.5583e-04
Loss = 5.1036e-04, PNorm = 110.4883, GNorm = 0.1458, lr_0 = 2.5573e-04
Loss = 5.2310e-04, PNorm = 110.4892, GNorm = 0.1606, lr_0 = 2.5564e-04
Loss = 4.9100e-04, PNorm = 110.4901, GNorm = 0.2272, lr_0 = 2.5554e-04
Loss = 5.8058e-04, PNorm = 110.4898, GNorm = 0.1401, lr_0 = 2.5544e-04
Loss = 5.4381e-04, PNorm = 110.4905, GNorm = 0.0626, lr_0 = 2.5534e-04
Loss = 5.2560e-04, PNorm = 110.4913, GNorm = 0.1493, lr_0 = 2.5524e-04
Loss = 5.6394e-04, PNorm = 110.4928, GNorm = 0.0884, lr_0 = 2.5514e-04
Loss = 5.1268e-04, PNorm = 110.4957, GNorm = 0.1187, lr_0 = 2.5505e-04
Loss = 5.3982e-04, PNorm = 110.4972, GNorm = 0.0691, lr_0 = 2.5495e-04
Loss = 7.0473e-04, PNorm = 110.4989, GNorm = 0.1874, lr_0 = 2.5485e-04
Loss = 7.6303e-04, PNorm = 110.5008, GNorm = 0.3734, lr_0 = 2.5475e-04
Loss = 5.8513e-04, PNorm = 110.5024, GNorm = 0.1904, lr_0 = 2.5465e-04
Loss = 6.5372e-04, PNorm = 110.5038, GNorm = 0.3059, lr_0 = 2.5456e-04
Loss = 5.5186e-04, PNorm = 110.5056, GNorm = 0.1385, lr_0 = 2.5446e-04
Loss = 7.0172e-04, PNorm = 110.5065, GNorm = 0.2524, lr_0 = 2.5436e-04
Loss = 6.2542e-04, PNorm = 110.5067, GNorm = 0.1941, lr_0 = 2.5426e-04
Loss = 5.4134e-04, PNorm = 110.5083, GNorm = 0.1065, lr_0 = 2.5417e-04
Loss = 6.2696e-04, PNorm = 110.5093, GNorm = 0.1556, lr_0 = 2.5407e-04
Loss = 5.4453e-04, PNorm = 110.5106, GNorm = 0.0814, lr_0 = 2.5397e-04
Loss = 6.0237e-04, PNorm = 110.5102, GNorm = 0.0728, lr_0 = 2.5387e-04
Loss = 6.1242e-04, PNorm = 110.5111, GNorm = 0.1842, lr_0 = 2.5377e-04
Loss = 6.1632e-04, PNorm = 110.5127, GNorm = 0.3242, lr_0 = 2.5368e-04
Loss = 6.2162e-04, PNorm = 110.5139, GNorm = 0.1299, lr_0 = 2.5358e-04
Loss = 7.0023e-04, PNorm = 110.5152, GNorm = 0.5646, lr_0 = 2.5348e-04
Loss = 8.3278e-04, PNorm = 110.5189, GNorm = 0.2889, lr_0 = 2.5338e-04
Loss = 7.2046e-04, PNorm = 110.5213, GNorm = 0.3786, lr_0 = 2.5329e-04
Loss = 6.8141e-04, PNorm = 110.5216, GNorm = 0.1378, lr_0 = 2.5319e-04
Loss = 6.4366e-04, PNorm = 110.5233, GNorm = 0.1006, lr_0 = 2.5309e-04
Loss = 6.1329e-04, PNorm = 110.5244, GNorm = 0.1186, lr_0 = 2.5300e-04
Loss = 6.0359e-04, PNorm = 110.5249, GNorm = 0.1922, lr_0 = 2.5290e-04
Loss = 6.3645e-04, PNorm = 110.5245, GNorm = 0.1492, lr_0 = 2.5280e-04
Loss = 5.6907e-04, PNorm = 110.5247, GNorm = 0.0688, lr_0 = 2.5270e-04
Loss = 6.2715e-04, PNorm = 110.5258, GNorm = 0.1678, lr_0 = 2.5261e-04
Loss = 7.2600e-04, PNorm = 110.5270, GNorm = 0.2225, lr_0 = 2.5251e-04
Loss = 6.9461e-04, PNorm = 110.5292, GNorm = 0.2253, lr_0 = 2.5241e-04
Loss = 5.4700e-04, PNorm = 110.5320, GNorm = 0.0905, lr_0 = 2.5232e-04
Loss = 6.3623e-04, PNorm = 110.5346, GNorm = 0.2646, lr_0 = 2.5222e-04
Loss = 7.2615e-04, PNorm = 110.5368, GNorm = 0.0655, lr_0 = 2.5212e-04
Loss = 5.9086e-04, PNorm = 110.5385, GNorm = 0.2034, lr_0 = 2.5202e-04
Loss = 6.4566e-04, PNorm = 110.5400, GNorm = 0.1199, lr_0 = 2.5193e-04
Loss = 6.5481e-04, PNorm = 110.5417, GNorm = 0.3631, lr_0 = 2.5183e-04
Loss = 5.8437e-04, PNorm = 110.5425, GNorm = 0.1330, lr_0 = 2.5173e-04
Loss = 5.4545e-04, PNorm = 110.5435, GNorm = 0.1908, lr_0 = 2.5164e-04
Loss = 5.7293e-04, PNorm = 110.5445, GNorm = 0.1489, lr_0 = 2.5154e-04
Loss = 5.8673e-04, PNorm = 110.5444, GNorm = 0.0913, lr_0 = 2.5144e-04
Loss = 6.0106e-04, PNorm = 110.5443, GNorm = 0.3208, lr_0 = 2.5135e-04
Loss = 6.1328e-04, PNorm = 110.5447, GNorm = 0.3366, lr_0 = 2.5125e-04
Loss = 7.6965e-04, PNorm = 110.5455, GNorm = 0.2597, lr_0 = 2.5115e-04
Loss = 6.2044e-04, PNorm = 110.5461, GNorm = 0.2400, lr_0 = 2.5106e-04
Loss = 6.3639e-04, PNorm = 110.5465, GNorm = 0.2462, lr_0 = 2.5096e-04
Loss = 6.4882e-04, PNorm = 110.5470, GNorm = 0.2420, lr_0 = 2.5086e-04
Loss = 5.5235e-04, PNorm = 110.5465, GNorm = 0.0494, lr_0 = 2.5077e-04
Loss = 5.5328e-04, PNorm = 110.5466, GNorm = 0.0715, lr_0 = 2.5067e-04
Loss = 5.2094e-04, PNorm = 110.5470, GNorm = 0.1710, lr_0 = 2.5058e-04
Loss = 5.0776e-04, PNorm = 110.5489, GNorm = 0.1676, lr_0 = 2.5048e-04
Loss = 5.8700e-04, PNorm = 110.5493, GNorm = 0.4539, lr_0 = 2.5038e-04
Loss = 6.2596e-04, PNorm = 110.5498, GNorm = 0.1795, lr_0 = 2.5029e-04
Loss = 6.1512e-04, PNorm = 110.5503, GNorm = 0.0414, lr_0 = 2.5019e-04
Loss = 5.9177e-04, PNorm = 110.5508, GNorm = 0.0812, lr_0 = 2.5009e-04
Loss = 5.7167e-04, PNorm = 110.5527, GNorm = 0.1073, lr_0 = 2.5000e-04
Loss = 7.0965e-04, PNorm = 110.5540, GNorm = 0.3181, lr_0 = 2.4990e-04
Loss = 5.3359e-04, PNorm = 110.5551, GNorm = 0.2395, lr_0 = 2.4981e-04
Loss = 5.9831e-04, PNorm = 110.5564, GNorm = 0.2692, lr_0 = 2.4971e-04
Loss = 5.2923e-04, PNorm = 110.5574, GNorm = 0.2147, lr_0 = 2.4961e-04
Loss = 5.7899e-04, PNorm = 110.5578, GNorm = 0.0907, lr_0 = 2.4952e-04
Loss = 5.0809e-04, PNorm = 110.5589, GNorm = 0.4505, lr_0 = 2.4942e-04
Loss = 7.0739e-04, PNorm = 110.5585, GNorm = 0.4438, lr_0 = 2.4933e-04
Loss = 7.5984e-04, PNorm = 110.5588, GNorm = 0.4785, lr_0 = 2.4923e-04
Loss = 7.3883e-04, PNorm = 110.5597, GNorm = 0.1607, lr_0 = 2.4913e-04
Loss = 7.0885e-04, PNorm = 110.5623, GNorm = 0.4514, lr_0 = 2.4904e-04
Loss = 7.2622e-04, PNorm = 110.5645, GNorm = 0.2896, lr_0 = 2.4894e-04
Loss = 6.8722e-04, PNorm = 110.5650, GNorm = 0.1256, lr_0 = 2.4885e-04
Loss = 6.7936e-04, PNorm = 110.5661, GNorm = 0.0735, lr_0 = 2.4875e-04
Loss = 6.2280e-04, PNorm = 110.5686, GNorm = 0.2407, lr_0 = 2.4866e-04
Loss = 5.2646e-04, PNorm = 110.5707, GNorm = 0.1239, lr_0 = 2.4856e-04
Loss = 5.7659e-04, PNorm = 110.5707, GNorm = 0.0688, lr_0 = 2.4846e-04
Loss = 5.3022e-04, PNorm = 110.5702, GNorm = 0.1194, lr_0 = 2.4837e-04
Loss = 6.2628e-04, PNorm = 110.5707, GNorm = 0.0527, lr_0 = 2.4827e-04
Loss = 6.1750e-04, PNorm = 110.5721, GNorm = 0.0723, lr_0 = 2.4818e-04
Loss = 6.4896e-04, PNorm = 110.5719, GNorm = 0.0813, lr_0 = 2.4808e-04
Loss = 6.5187e-04, PNorm = 110.5720, GNorm = 0.1768, lr_0 = 2.4799e-04
Loss = 6.4524e-04, PNorm = 110.5740, GNorm = 0.2820, lr_0 = 2.4789e-04
Loss = 5.3652e-04, PNorm = 110.5754, GNorm = 0.2058, lr_0 = 2.4780e-04
Loss = 5.4660e-04, PNorm = 110.5762, GNorm = 0.0707, lr_0 = 2.4770e-04
Loss = 5.7714e-04, PNorm = 110.5752, GNorm = 0.1557, lr_0 = 2.4761e-04
Loss = 5.5898e-04, PNorm = 110.5758, GNorm = 0.2939, lr_0 = 2.4751e-04
Loss = 5.2253e-04, PNorm = 110.5784, GNorm = 0.0832, lr_0 = 2.4742e-04
Loss = 6.3139e-04, PNorm = 110.5791, GNorm = 0.1876, lr_0 = 2.4732e-04
Loss = 6.8206e-04, PNorm = 110.5792, GNorm = 0.2605, lr_0 = 2.4723e-04
Loss = 6.1988e-04, PNorm = 110.5799, GNorm = 0.0664, lr_0 = 2.4713e-04
Loss = 5.9996e-04, PNorm = 110.5808, GNorm = 0.1985, lr_0 = 2.4704e-04
Loss = 5.8146e-04, PNorm = 110.5815, GNorm = 0.1623, lr_0 = 2.4694e-04
Loss = 5.9209e-04, PNorm = 110.5826, GNorm = 0.1240, lr_0 = 2.4685e-04
Loss = 5.0311e-04, PNorm = 110.5828, GNorm = 0.2667, lr_0 = 2.4675e-04
Loss = 5.3172e-04, PNorm = 110.5836, GNorm = 0.0878, lr_0 = 2.4666e-04
Loss = 4.9584e-04, PNorm = 110.5847, GNorm = 0.0864, lr_0 = 2.4656e-04
Loss = 5.7454e-04, PNorm = 110.5870, GNorm = 0.2749, lr_0 = 2.4647e-04
Loss = 5.3347e-04, PNorm = 110.5880, GNorm = 0.3202, lr_0 = 2.4637e-04
Loss = 6.9074e-04, PNorm = 110.5890, GNorm = 0.1247, lr_0 = 2.4628e-04
Loss = 6.4228e-04, PNorm = 110.5895, GNorm = 0.1572, lr_0 = 2.4618e-04
Loss = 5.5945e-04, PNorm = 110.5910, GNorm = 0.0978, lr_0 = 2.4609e-04
Loss = 6.1330e-04, PNorm = 110.5911, GNorm = 0.1236, lr_0 = 2.4599e-04
Loss = 5.9990e-04, PNorm = 110.5920, GNorm = 0.1631, lr_0 = 2.4590e-04
Loss = 5.9578e-04, PNorm = 110.5942, GNorm = 0.1082, lr_0 = 2.4580e-04
Loss = 5.7647e-04, PNorm = 110.5944, GNorm = 0.1425, lr_0 = 2.4571e-04
Loss = 6.3415e-04, PNorm = 110.5951, GNorm = 0.0765, lr_0 = 2.4562e-04
Loss = 5.6303e-04, PNorm = 110.5966, GNorm = 0.1465, lr_0 = 2.4552e-04
Loss = 6.0191e-04, PNorm = 110.5977, GNorm = 0.1021, lr_0 = 2.4543e-04
Loss = 5.4814e-04, PNorm = 110.5992, GNorm = 0.2660, lr_0 = 2.4533e-04
Loss = 5.3789e-04, PNorm = 110.6011, GNorm = 0.1778, lr_0 = 2.4524e-04
Loss = 5.6312e-04, PNorm = 110.6030, GNorm = 0.2078, lr_0 = 2.4514e-04
Loss = 5.6051e-04, PNorm = 110.6037, GNorm = 0.1805, lr_0 = 2.4505e-04
Loss = 7.5372e-04, PNorm = 110.6046, GNorm = 0.2596, lr_0 = 2.4496e-04
Loss = 7.0880e-04, PNorm = 110.6054, GNorm = 0.2044, lr_0 = 2.4486e-04
Loss = 6.5584e-04, PNorm = 110.6055, GNorm = 0.3743, lr_0 = 2.4477e-04
Loss = 5.6678e-04, PNorm = 110.6052, GNorm = 0.1553, lr_0 = 2.4467e-04
Loss = 6.2803e-04, PNorm = 110.6059, GNorm = 0.1218, lr_0 = 2.4458e-04
Loss = 5.8011e-04, PNorm = 110.6058, GNorm = 0.3803, lr_0 = 2.4448e-04
Loss = 5.5235e-04, PNorm = 110.6070, GNorm = 0.3484, lr_0 = 2.4439e-04
Loss = 5.1666e-04, PNorm = 110.6078, GNorm = 0.3546, lr_0 = 2.4430e-04
Loss = 5.0364e-04, PNorm = 110.6078, GNorm = 0.1960, lr_0 = 2.4420e-04
Loss = 6.0191e-04, PNorm = 110.6086, GNorm = 0.2708, lr_0 = 2.4411e-04
Loss = 4.8735e-04, PNorm = 110.6107, GNorm = 0.0964, lr_0 = 2.4402e-04
Loss = 5.4231e-04, PNorm = 110.6120, GNorm = 0.2208, lr_0 = 2.4392e-04
Loss = 4.4862e-04, PNorm = 110.6128, GNorm = 0.0498, lr_0 = 2.4383e-04
Loss = 5.1921e-04, PNorm = 110.6138, GNorm = 0.1881, lr_0 = 2.4373e-04
Loss = 5.2079e-04, PNorm = 110.6143, GNorm = 0.1921, lr_0 = 2.4364e-04
Loss = 4.5920e-04, PNorm = 110.6165, GNorm = 0.1969, lr_0 = 2.4355e-04
Loss = 4.7816e-04, PNorm = 110.6179, GNorm = 0.2205, lr_0 = 2.4345e-04
Loss = 4.8496e-04, PNorm = 110.6184, GNorm = 0.2307, lr_0 = 2.4336e-04
Loss = 5.6759e-04, PNorm = 110.6193, GNorm = 0.3083, lr_0 = 2.4327e-04
Loss = 5.0297e-04, PNorm = 110.6205, GNorm = 0.0479, lr_0 = 2.4317e-04
Loss = 5.4589e-04, PNorm = 110.6213, GNorm = 0.1390, lr_0 = 2.4308e-04
Loss = 4.9650e-04, PNorm = 110.6201, GNorm = 0.1168, lr_0 = 2.4299e-04
Loss = 5.5773e-04, PNorm = 110.6215, GNorm = 0.0734, lr_0 = 2.4289e-04
Loss = 5.6601e-04, PNorm = 110.6228, GNorm = 0.2771, lr_0 = 2.4280e-04
Loss = 5.3878e-04, PNorm = 110.6237, GNorm = 0.0484, lr_0 = 2.4271e-04
Loss = 4.6929e-04, PNorm = 110.6251, GNorm = 0.1422, lr_0 = 2.4261e-04
Loss = 5.1742e-04, PNorm = 110.6266, GNorm = 0.1312, lr_0 = 2.4252e-04
Loss = 4.5534e-04, PNorm = 110.6276, GNorm = 0.1165, lr_0 = 2.4243e-04
Loss = 4.3519e-04, PNorm = 110.6282, GNorm = 0.0636, lr_0 = 2.4233e-04
Loss = 4.9296e-04, PNorm = 110.6292, GNorm = 0.2086, lr_0 = 2.4224e-04
Loss = 5.2454e-04, PNorm = 110.6300, GNorm = 0.1504, lr_0 = 2.4215e-04
Loss = 5.5526e-04, PNorm = 110.6302, GNorm = 0.1565, lr_0 = 2.4205e-04
Loss = 5.0379e-04, PNorm = 110.6321, GNorm = 0.1279, lr_0 = 2.4196e-04
Loss = 4.7476e-04, PNorm = 110.6334, GNorm = 0.0842, lr_0 = 2.4187e-04
Loss = 4.7151e-04, PNorm = 110.6348, GNorm = 0.0979, lr_0 = 2.4177e-04
Loss = 4.6403e-04, PNorm = 110.6363, GNorm = 0.0812, lr_0 = 2.4168e-04
Loss = 3.9480e-04, PNorm = 110.6380, GNorm = 0.1111, lr_0 = 2.4159e-04
Loss = 4.4421e-04, PNorm = 110.6382, GNorm = 0.1301, lr_0 = 2.4150e-04
Loss = 4.7486e-04, PNorm = 110.6395, GNorm = 0.1845, lr_0 = 2.4140e-04
Loss = 5.4479e-04, PNorm = 110.6406, GNorm = 0.2303, lr_0 = 2.4131e-04
Loss = 5.2998e-04, PNorm = 110.6414, GNorm = 0.2440, lr_0 = 2.4122e-04
Loss = 5.9823e-04, PNorm = 110.6426, GNorm = 0.4585, lr_0 = 2.4112e-04
Loss = 5.2859e-04, PNorm = 110.6431, GNorm = 0.3025, lr_0 = 2.4103e-04
Loss = 5.5308e-04, PNorm = 110.6435, GNorm = 0.2749, lr_0 = 2.4094e-04
Loss = 6.0593e-04, PNorm = 110.6446, GNorm = 0.4265, lr_0 = 2.4085e-04
Loss = 6.9505e-04, PNorm = 110.6446, GNorm = 0.3003, lr_0 = 2.4075e-04
Loss = 5.5143e-04, PNorm = 110.6454, GNorm = 0.1610, lr_0 = 2.4066e-04
Loss = 4.8692e-04, PNorm = 110.6459, GNorm = 0.3148, lr_0 = 2.4057e-04
Loss = 6.2449e-04, PNorm = 110.6467, GNorm = 0.5314, lr_0 = 2.4048e-04
Loss = 6.7088e-04, PNorm = 110.6479, GNorm = 0.3582, lr_0 = 2.4038e-04
Loss = 5.3477e-04, PNorm = 110.6490, GNorm = 0.1226, lr_0 = 2.4029e-04
Loss = 5.0280e-04, PNorm = 110.6508, GNorm = 0.1701, lr_0 = 2.4020e-04
Loss = 5.0229e-04, PNorm = 110.6502, GNorm = 0.1810, lr_0 = 2.4011e-04
Loss = 4.6703e-04, PNorm = 110.6517, GNorm = 0.1062, lr_0 = 2.4001e-04
Loss = 5.5503e-04, PNorm = 110.6532, GNorm = 0.0992, lr_0 = 2.3992e-04
Loss = 5.4966e-04, PNorm = 110.6531, GNorm = 0.3370, lr_0 = 2.3983e-04
Loss = 6.2386e-04, PNorm = 110.6528, GNorm = 0.0588, lr_0 = 2.3974e-04
Loss = 5.3571e-04, PNorm = 110.6544, GNorm = 0.0602, lr_0 = 2.3965e-04
Loss = 5.2903e-04, PNorm = 110.6568, GNorm = 0.3600, lr_0 = 2.3955e-04
Loss = 5.7998e-04, PNorm = 110.6572, GNorm = 0.2277, lr_0 = 2.3946e-04
Loss = 5.4641e-04, PNorm = 110.6577, GNorm = 0.2027, lr_0 = 2.3937e-04
Loss = 6.0438e-04, PNorm = 110.6580, GNorm = 0.5167, lr_0 = 2.3928e-04
Loss = 6.5441e-04, PNorm = 110.6601, GNorm = 0.1116, lr_0 = 2.3919e-04
Loss = 6.6485e-04, PNorm = 110.6614, GNorm = 0.1804, lr_0 = 2.3909e-04
Loss = 5.7776e-04, PNorm = 110.6637, GNorm = 0.0985, lr_0 = 2.3900e-04
Loss = 5.3740e-04, PNorm = 110.6641, GNorm = 0.1676, lr_0 = 2.3891e-04
Loss = 5.6961e-04, PNorm = 110.6645, GNorm = 0.5566, lr_0 = 2.3882e-04
Loss = 6.6381e-04, PNorm = 110.6663, GNorm = 0.3083, lr_0 = 2.3873e-04
Loss = 6.3360e-04, PNorm = 110.6667, GNorm = 0.1731, lr_0 = 2.3863e-04
Loss = 5.4193e-04, PNorm = 110.6658, GNorm = 0.0609, lr_0 = 2.3854e-04
Loss = 5.5771e-04, PNorm = 110.6668, GNorm = 0.1080, lr_0 = 2.3845e-04
Loss = 5.8322e-04, PNorm = 110.6684, GNorm = 0.2692, lr_0 = 2.3836e-04
Loss = 6.9714e-04, PNorm = 110.6692, GNorm = 0.0862, lr_0 = 2.3827e-04
Loss = 6.4247e-04, PNorm = 110.6702, GNorm = 0.4315, lr_0 = 2.3818e-04
Loss = 6.8378e-04, PNorm = 110.6718, GNorm = 0.4004, lr_0 = 2.3808e-04
Loss = 6.1055e-04, PNorm = 110.6725, GNorm = 0.1367, lr_0 = 2.3799e-04
Loss = 6.4607e-04, PNorm = 110.6741, GNorm = 0.2602, lr_0 = 2.3790e-04
Loss = 4.9858e-04, PNorm = 110.6747, GNorm = 0.1937, lr_0 = 2.3781e-04
Loss = 5.4890e-04, PNorm = 110.6754, GNorm = 0.2470, lr_0 = 2.3772e-04
Loss = 6.1946e-04, PNorm = 110.6769, GNorm = 0.1216, lr_0 = 2.3763e-04
Loss = 6.2098e-04, PNorm = 110.6772, GNorm = 0.1704, lr_0 = 2.3754e-04
Loss = 5.9529e-04, PNorm = 110.6778, GNorm = 0.3461, lr_0 = 2.3744e-04
Loss = 6.7090e-04, PNorm = 110.6793, GNorm = 0.0999, lr_0 = 2.3735e-04
Loss = 5.5054e-04, PNorm = 110.6807, GNorm = 0.1036, lr_0 = 2.3726e-04
Loss = 6.3388e-04, PNorm = 110.6822, GNorm = 0.0959, lr_0 = 2.3717e-04
Loss = 6.8044e-04, PNorm = 110.6823, GNorm = 0.1527, lr_0 = 2.3708e-04
Loss = 5.0273e-04, PNorm = 110.6820, GNorm = 0.2377, lr_0 = 2.3699e-04
Loss = 5.0192e-04, PNorm = 110.6822, GNorm = 0.2573, lr_0 = 2.3690e-04
Loss = 5.9731e-04, PNorm = 110.6831, GNorm = 0.2244, lr_0 = 2.3681e-04
Loss = 5.5171e-04, PNorm = 110.6830, GNorm = 0.4181, lr_0 = 2.3671e-04
Loss = 7.3301e-04, PNorm = 110.6829, GNorm = 0.4662, lr_0 = 2.3662e-04
Loss = 5.3246e-04, PNorm = 110.6834, GNorm = 0.0723, lr_0 = 2.3653e-04
Loss = 5.1750e-04, PNorm = 110.6838, GNorm = 0.0735, lr_0 = 2.3644e-04
Loss = 5.9012e-04, PNorm = 110.6847, GNorm = 0.3443, lr_0 = 2.3635e-04
Loss = 5.2855e-04, PNorm = 110.6866, GNorm = 0.2387, lr_0 = 2.3626e-04
Loss = 5.4930e-04, PNorm = 110.6876, GNorm = 0.1226, lr_0 = 2.3617e-04
Loss = 6.0738e-04, PNorm = 110.6883, GNorm = 0.0981, lr_0 = 2.3608e-04
Loss = 5.6440e-04, PNorm = 110.6902, GNorm = 0.2929, lr_0 = 2.3599e-04
Loss = 5.4279e-04, PNorm = 110.6923, GNorm = 0.3233, lr_0 = 2.3590e-04
Loss = 5.3328e-04, PNorm = 110.6927, GNorm = 0.1314, lr_0 = 2.3581e-04
Loss = 6.0148e-04, PNorm = 110.6933, GNorm = 0.2684, lr_0 = 2.3572e-04
Loss = 5.1856e-04, PNorm = 110.6941, GNorm = 0.3024, lr_0 = 2.3563e-04
Loss = 6.3940e-04, PNorm = 110.6945, GNorm = 0.1942, lr_0 = 2.3553e-04
Loss = 6.6364e-04, PNorm = 110.6944, GNorm = 0.1155, lr_0 = 2.3544e-04
Loss = 6.2262e-04, PNorm = 110.6948, GNorm = 0.2200, lr_0 = 2.3535e-04
Loss = 6.1062e-04, PNorm = 110.6959, GNorm = 0.3503, lr_0 = 2.3526e-04
Loss = 6.8556e-04, PNorm = 110.6979, GNorm = 0.0970, lr_0 = 2.3517e-04
Loss = 6.3072e-04, PNorm = 110.6995, GNorm = 0.1919, lr_0 = 2.3508e-04
Loss = 6.2331e-04, PNorm = 110.7005, GNorm = 0.1195, lr_0 = 2.3499e-04
Loss = 6.3176e-04, PNorm = 110.7017, GNorm = 0.1403, lr_0 = 2.3490e-04
Loss = 6.0909e-04, PNorm = 110.7017, GNorm = 0.2614, lr_0 = 2.3481e-04
Loss = 5.6083e-04, PNorm = 110.7019, GNorm = 0.1252, lr_0 = 2.3472e-04
Loss = 5.8816e-04, PNorm = 110.7027, GNorm = 0.1194, lr_0 = 2.3463e-04
Loss = 5.6579e-04, PNorm = 110.7043, GNorm = 0.1644, lr_0 = 2.3454e-04
Loss = 5.6484e-04, PNorm = 110.7057, GNorm = 0.2277, lr_0 = 2.3445e-04
Loss = 5.9825e-04, PNorm = 110.7072, GNorm = 0.3796, lr_0 = 2.3436e-04
Loss = 4.7770e-04, PNorm = 110.7081, GNorm = 0.0559, lr_0 = 2.3427e-04
Loss = 4.9687e-04, PNorm = 110.7088, GNorm = 0.1890, lr_0 = 2.3418e-04
Loss = 5.9809e-04, PNorm = 110.7091, GNorm = 0.2509, lr_0 = 2.3409e-04
Loss = 6.0320e-04, PNorm = 110.7114, GNorm = 0.2640, lr_0 = 2.3400e-04
Loss = 6.3950e-04, PNorm = 110.7142, GNorm = 0.1025, lr_0 = 2.3391e-04
Loss = 6.3726e-04, PNorm = 110.7146, GNorm = 0.1061, lr_0 = 2.3382e-04
Loss = 5.7614e-04, PNorm = 110.7150, GNorm = 0.0565, lr_0 = 2.3373e-04
Loss = 6.1371e-04, PNorm = 110.7164, GNorm = 0.0473, lr_0 = 2.3364e-04
Loss = 5.9569e-04, PNorm = 110.7175, GNorm = 0.2166, lr_0 = 2.3355e-04
Loss = 6.2889e-04, PNorm = 110.7179, GNorm = 0.4640, lr_0 = 2.3346e-04
Loss = 7.1635e-04, PNorm = 110.7177, GNorm = 0.4300, lr_0 = 2.3337e-04
Loss = 5.8633e-04, PNorm = 110.7196, GNorm = 0.4827, lr_0 = 2.3328e-04
Loss = 6.1727e-04, PNorm = 110.7198, GNorm = 0.2538, lr_0 = 2.3319e-04
Loss = 6.3720e-04, PNorm = 110.7219, GNorm = 0.0843, lr_0 = 2.3310e-04
Loss = 5.9401e-04, PNorm = 110.7241, GNorm = 0.3798, lr_0 = 2.3301e-04
Loss = 6.3542e-04, PNorm = 110.7261, GNorm = 0.1710, lr_0 = 2.3292e-04
Loss = 5.5299e-04, PNorm = 110.7268, GNorm = 0.0659, lr_0 = 2.3283e-04
Loss = 6.4238e-04, PNorm = 110.7272, GNorm = 0.1475, lr_0 = 2.3274e-04
Loss = 6.3505e-04, PNorm = 110.7296, GNorm = 0.2769, lr_0 = 2.3265e-04
Loss = 5.9239e-04, PNorm = 110.7314, GNorm = 0.2283, lr_0 = 2.3257e-04
Loss = 4.9260e-04, PNorm = 110.7322, GNorm = 0.1061, lr_0 = 2.3248e-04
Loss = 5.1478e-04, PNorm = 110.7322, GNorm = 0.0886, lr_0 = 2.3239e-04
Loss = 5.2793e-04, PNorm = 110.7319, GNorm = 0.1340, lr_0 = 2.3230e-04
Loss = 4.6500e-04, PNorm = 110.7328, GNorm = 0.3049, lr_0 = 2.3221e-04
Loss = 4.8349e-04, PNorm = 110.7325, GNorm = 0.2424, lr_0 = 2.3212e-04
Loss = 4.7837e-04, PNorm = 110.7329, GNorm = 0.0854, lr_0 = 2.3203e-04
Loss = 4.8632e-04, PNorm = 110.7343, GNorm = 0.1529, lr_0 = 2.3194e-04
Loss = 4.6406e-04, PNorm = 110.7353, GNorm = 0.1849, lr_0 = 2.3185e-04
Loss = 4.8989e-04, PNorm = 110.7364, GNorm = 0.0574, lr_0 = 2.3176e-04
Loss = 4.9046e-04, PNorm = 110.7381, GNorm = 0.0889, lr_0 = 2.3167e-04
Loss = 5.0020e-04, PNorm = 110.7386, GNorm = 0.2353, lr_0 = 2.3158e-04
Loss = 5.3882e-04, PNorm = 110.7391, GNorm = 0.1255, lr_0 = 2.3149e-04
Loss = 4.5159e-04, PNorm = 110.7397, GNorm = 0.0749, lr_0 = 2.3141e-04
Loss = 4.2856e-04, PNorm = 110.7392, GNorm = 0.0646, lr_0 = 2.3132e-04
Loss = 4.7715e-04, PNorm = 110.7402, GNorm = 0.3639, lr_0 = 2.3123e-04
Loss = 4.5100e-04, PNorm = 110.7412, GNorm = 0.4213, lr_0 = 2.3114e-04
Loss = 4.3569e-04, PNorm = 110.7412, GNorm = 0.2205, lr_0 = 2.3105e-04
Loss = 4.9299e-04, PNorm = 110.7410, GNorm = 0.2499, lr_0 = 2.3096e-04
Loss = 4.1188e-04, PNorm = 110.7415, GNorm = 0.0968, lr_0 = 2.3087e-04
Loss = 4.0940e-04, PNorm = 110.7415, GNorm = 0.1858, lr_0 = 2.3078e-04
Loss = 4.4111e-04, PNorm = 110.7422, GNorm = 0.0744, lr_0 = 2.3070e-04
Loss = 4.0892e-04, PNorm = 110.7433, GNorm = 0.0433, lr_0 = 2.3061e-04
Loss = 4.3842e-04, PNorm = 110.7440, GNorm = 0.1850, lr_0 = 2.3052e-04
Loss = 4.4018e-04, PNorm = 110.7448, GNorm = 0.1970, lr_0 = 2.3043e-04
Loss = 4.4405e-04, PNorm = 110.7451, GNorm = 0.0704, lr_0 = 2.3034e-04
Loss = 3.8147e-04, PNorm = 110.7463, GNorm = 0.1666, lr_0 = 2.3025e-04
Loss = 4.2608e-04, PNorm = 110.7476, GNorm = 0.0681, lr_0 = 2.3016e-04
Loss = 5.1414e-04, PNorm = 110.7485, GNorm = 0.2685, lr_0 = 2.3008e-04
Loss = 4.3958e-04, PNorm = 110.7492, GNorm = 0.1709, lr_0 = 2.2999e-04
Loss = 4.2869e-04, PNorm = 110.7492, GNorm = 0.0585, lr_0 = 2.2990e-04
Loss = 4.3288e-04, PNorm = 110.7501, GNorm = 0.1685, lr_0 = 2.2981e-04
Loss = 4.6242e-04, PNorm = 110.7525, GNorm = 0.2622, lr_0 = 2.2972e-04
Loss = 4.5598e-04, PNorm = 110.7528, GNorm = 0.2134, lr_0 = 2.2963e-04
Loss = 4.1310e-04, PNorm = 110.7529, GNorm = 0.2386, lr_0 = 2.2954e-04
Loss = 4.3010e-04, PNorm = 110.7541, GNorm = 0.0902, lr_0 = 2.2946e-04
Loss = 4.1073e-04, PNorm = 110.7548, GNorm = 0.0911, lr_0 = 2.2937e-04
Loss = 5.0142e-04, PNorm = 110.7560, GNorm = 0.1369, lr_0 = 2.2928e-04
Loss = 4.5102e-04, PNorm = 110.7585, GNorm = 0.1633, lr_0 = 2.2919e-04
Loss = 4.3219e-04, PNorm = 110.7590, GNorm = 0.2363, lr_0 = 2.2910e-04
Loss = 4.3308e-04, PNorm = 110.7590, GNorm = 0.2785, lr_0 = 2.2902e-04
Loss = 3.8933e-04, PNorm = 110.7591, GNorm = 0.1388, lr_0 = 2.2893e-04
Loss = 5.7233e-04, PNorm = 110.7608, GNorm = 0.0847, lr_0 = 2.2884e-04
Loss = 5.0393e-04, PNorm = 110.7623, GNorm = 0.1608, lr_0 = 2.2875e-04
Loss = 4.2916e-04, PNorm = 110.7628, GNorm = 0.0835, lr_0 = 2.2866e-04
Loss = 4.8646e-04, PNorm = 110.7636, GNorm = 0.1575, lr_0 = 2.2858e-04
Loss = 5.7425e-04, PNorm = 110.7647, GNorm = 0.3424, lr_0 = 2.2849e-04
Loss = 5.5964e-04, PNorm = 110.7659, GNorm = 0.4682, lr_0 = 2.2840e-04
Loss = 5.0612e-04, PNorm = 110.7675, GNorm = 0.1476, lr_0 = 2.2831e-04
Loss = 4.8992e-04, PNorm = 110.7673, GNorm = 0.1234, lr_0 = 2.2822e-04
Loss = 4.6459e-04, PNorm = 110.7674, GNorm = 0.2259, lr_0 = 2.2814e-04
Loss = 4.1492e-04, PNorm = 110.7668, GNorm = 0.1164, lr_0 = 2.2805e-04
Loss = 4.8953e-04, PNorm = 110.7662, GNorm = 0.0626, lr_0 = 2.2796e-04
Loss = 4.8214e-04, PNorm = 110.7667, GNorm = 0.2066, lr_0 = 2.2787e-04
Loss = 5.3140e-04, PNorm = 110.7672, GNorm = 0.4602, lr_0 = 2.2779e-04
Loss = 5.9397e-04, PNorm = 110.7670, GNorm = 0.4468, lr_0 = 2.2770e-04
Loss = 7.5565e-04, PNorm = 110.7682, GNorm = 0.5648, lr_0 = 2.2761e-04
Loss = 7.1596e-04, PNorm = 110.7695, GNorm = 0.3591, lr_0 = 2.2752e-04
Loss = 6.4596e-04, PNorm = 110.7705, GNorm = 0.2797, lr_0 = 2.2744e-04
Loss = 5.1023e-04, PNorm = 110.7711, GNorm = 0.1448, lr_0 = 2.2735e-04
Loss = 5.3535e-04, PNorm = 110.7716, GNorm = 0.1918, lr_0 = 2.2726e-04
Loss = 5.4337e-04, PNorm = 110.7710, GNorm = 0.2569, lr_0 = 2.2717e-04
Loss = 4.6797e-04, PNorm = 110.7713, GNorm = 0.1258, lr_0 = 2.2709e-04
Loss = 5.6780e-04, PNorm = 110.7729, GNorm = 0.0898, lr_0 = 2.2700e-04
Loss = 4.6025e-04, PNorm = 110.7729, GNorm = 0.0935, lr_0 = 2.2691e-04
Loss = 5.0713e-04, PNorm = 110.7730, GNorm = 0.1382, lr_0 = 2.2683e-04
Loss = 5.6943e-04, PNorm = 110.7746, GNorm = 0.2494, lr_0 = 2.2674e-04
Loss = 6.8694e-04, PNorm = 110.7767, GNorm = 0.3005, lr_0 = 2.2665e-04
Loss = 8.4884e-04, PNorm = 110.7768, GNorm = 0.4657, lr_0 = 2.2656e-04
Loss = 7.1169e-04, PNorm = 110.7777, GNorm = 0.3016, lr_0 = 2.2648e-04
Loss = 5.8670e-04, PNorm = 110.7795, GNorm = 0.2528, lr_0 = 2.2639e-04
Loss = 7.1553e-04, PNorm = 110.7810, GNorm = 0.3736, lr_0 = 2.2630e-04
Loss = 6.5800e-04, PNorm = 110.7834, GNorm = 0.0909, lr_0 = 2.2622e-04
Loss = 5.4947e-04, PNorm = 110.7846, GNorm = 0.1518, lr_0 = 2.2613e-04
Loss = 6.0271e-04, PNorm = 110.7849, GNorm = 0.4326, lr_0 = 2.2604e-04
Loss = 5.8187e-04, PNorm = 110.7855, GNorm = 0.4388, lr_0 = 2.2595e-04
Loss = 5.6502e-04, PNorm = 110.7870, GNorm = 0.2333, lr_0 = 2.2587e-04
Loss = 5.3399e-04, PNorm = 110.7879, GNorm = 0.0988, lr_0 = 2.2578e-04
Loss = 5.0823e-04, PNorm = 110.7896, GNorm = 0.1149, lr_0 = 2.2569e-04
Loss = 5.0537e-04, PNorm = 110.7905, GNorm = 0.1207, lr_0 = 2.2561e-04
Loss = 4.9833e-04, PNorm = 110.7909, GNorm = 0.0767, lr_0 = 2.2552e-04
Loss = 4.7110e-04, PNorm = 110.7922, GNorm = 0.0796, lr_0 = 2.2543e-04
Loss = 4.7713e-04, PNorm = 110.7931, GNorm = 0.1062, lr_0 = 2.2535e-04
Loss = 5.3559e-04, PNorm = 110.7945, GNorm = 0.1493, lr_0 = 2.2526e-04
Loss = 4.3997e-04, PNorm = 110.7963, GNorm = 0.0606, lr_0 = 2.2517e-04
Loss = 4.1285e-04, PNorm = 110.7970, GNorm = 0.1623, lr_0 = 2.2509e-04
Loss = 4.0431e-04, PNorm = 110.7976, GNorm = 0.2168, lr_0 = 2.2500e-04
Loss = 4.8522e-04, PNorm = 110.7989, GNorm = 0.2835, lr_0 = 2.2491e-04
Loss = 4.5351e-04, PNorm = 110.8005, GNorm = 0.1922, lr_0 = 2.2483e-04
Loss = 4.7660e-04, PNorm = 110.8025, GNorm = 0.0869, lr_0 = 2.2474e-04
Loss = 4.6523e-04, PNorm = 110.8031, GNorm = 0.0473, lr_0 = 2.2466e-04
Loss = 4.0585e-04, PNorm = 110.8040, GNorm = 0.1216, lr_0 = 2.2457e-04
Loss = 4.3114e-04, PNorm = 110.8039, GNorm = 0.2760, lr_0 = 2.2448e-04
Loss = 4.0962e-04, PNorm = 110.8043, GNorm = 0.0893, lr_0 = 2.2440e-04
Loss = 4.8464e-04, PNorm = 110.8047, GNorm = 0.2059, lr_0 = 2.2431e-04
Loss = 3.9998e-04, PNorm = 110.8057, GNorm = 0.0525, lr_0 = 2.2422e-04
Loss = 4.0093e-04, PNorm = 110.8057, GNorm = 0.1840, lr_0 = 2.2414e-04
Loss = 3.9028e-04, PNorm = 110.8070, GNorm = 0.0648, lr_0 = 2.2405e-04
Loss = 3.5687e-04, PNorm = 110.8076, GNorm = 0.0763, lr_0 = 2.2397e-04
Loss = 4.0809e-04, PNorm = 110.8085, GNorm = 0.1782, lr_0 = 2.2388e-04
Loss = 3.8307e-04, PNorm = 110.8087, GNorm = 0.0508, lr_0 = 2.2379e-04
Loss = 3.9391e-04, PNorm = 110.8087, GNorm = 0.0491, lr_0 = 2.2371e-04
Loss = 3.7161e-04, PNorm = 110.8090, GNorm = 0.1435, lr_0 = 2.2362e-04
Loss = 3.4362e-04, PNorm = 110.8086, GNorm = 0.1758, lr_0 = 2.2354e-04
Loss = 3.5363e-04, PNorm = 110.8094, GNorm = 0.0534, lr_0 = 2.2345e-04
Loss = 3.4637e-04, PNorm = 110.8095, GNorm = 0.1512, lr_0 = 2.2336e-04
Loss = 3.3907e-04, PNorm = 110.8096, GNorm = 0.1860, lr_0 = 2.2328e-04
Loss = 3.4550e-04, PNorm = 110.8103, GNorm = 0.1568, lr_0 = 2.2319e-04
Loss = 3.1898e-04, PNorm = 110.8115, GNorm = 0.0309, lr_0 = 2.2311e-04
Loss = 3.3051e-04, PNorm = 110.8122, GNorm = 0.1163, lr_0 = 2.2302e-04
Loss = 3.6319e-04, PNorm = 110.8128, GNorm = 0.2008, lr_0 = 2.2293e-04
Loss = 3.4689e-04, PNorm = 110.8128, GNorm = 0.0700, lr_0 = 2.2285e-04
Loss = 3.4244e-04, PNorm = 110.8127, GNorm = 0.1515, lr_0 = 2.2276e-04
Loss = 3.5880e-04, PNorm = 110.8127, GNorm = 0.0427, lr_0 = 2.2268e-04
Loss = 3.4053e-04, PNorm = 110.8133, GNorm = 0.0877, lr_0 = 2.2259e-04
Loss = 3.8923e-04, PNorm = 110.8143, GNorm = 0.1249, lr_0 = 2.2251e-04
Loss = 3.3896e-04, PNorm = 110.8149, GNorm = 0.0811, lr_0 = 2.2242e-04
Loss = 3.3846e-04, PNorm = 110.8164, GNorm = 0.0780, lr_0 = 2.2234e-04
Loss = 3.6341e-04, PNorm = 110.8168, GNorm = 0.1644, lr_0 = 2.2225e-04
Loss = 3.6436e-04, PNorm = 110.8174, GNorm = 0.2077, lr_0 = 2.2216e-04
Loss = 4.2663e-04, PNorm = 110.8185, GNorm = 0.1464, lr_0 = 2.2208e-04
Loss = 3.7235e-04, PNorm = 110.8194, GNorm = 0.3021, lr_0 = 2.2199e-04
Loss = 4.7238e-04, PNorm = 110.8189, GNorm = 0.5227, lr_0 = 2.2191e-04
Loss = 5.1710e-04, PNorm = 110.8189, GNorm = 0.1631, lr_0 = 2.2182e-04
Loss = 5.3092e-04, PNorm = 110.8206, GNorm = 0.0987, lr_0 = 2.2174e-04
Loss = 5.4007e-04, PNorm = 110.8211, GNorm = 0.0997, lr_0 = 2.2165e-04
Loss = 5.1011e-04, PNorm = 110.8208, GNorm = 0.2751, lr_0 = 2.2157e-04
Loss = 5.2673e-04, PNorm = 110.8223, GNorm = 0.0891, lr_0 = 2.2148e-04
Loss = 5.7134e-04, PNorm = 110.8233, GNorm = 0.3877, lr_0 = 2.2140e-04
Loss = 4.0555e-04, PNorm = 110.8244, GNorm = 0.0459, lr_0 = 2.2131e-04
Loss = 4.4977e-04, PNorm = 110.8244, GNorm = 0.3588, lr_0 = 2.2123e-04
Loss = 3.9933e-04, PNorm = 110.8243, GNorm = 0.1908, lr_0 = 2.2114e-04
Loss = 4.9826e-04, PNorm = 110.8251, GNorm = 0.2019, lr_0 = 2.2106e-04
Loss = 4.5269e-04, PNorm = 110.8264, GNorm = 0.1212, lr_0 = 2.2097e-04
Loss = 5.0397e-04, PNorm = 110.8268, GNorm = 0.1706, lr_0 = 2.2089e-04
Loss = 4.3572e-04, PNorm = 110.8272, GNorm = 0.2263, lr_0 = 2.2080e-04
Loss = 4.0299e-04, PNorm = 110.8277, GNorm = 0.0555, lr_0 = 2.2072e-04
Loss = 4.5337e-04, PNorm = 110.8282, GNorm = 0.2030, lr_0 = 2.2063e-04
Loss = 4.4725e-04, PNorm = 110.8287, GNorm = 0.1251, lr_0 = 2.2055e-04
Loss = 4.2144e-04, PNorm = 110.8291, GNorm = 0.0557, lr_0 = 2.2046e-04
Loss = 3.9316e-04, PNorm = 110.8301, GNorm = 0.1597, lr_0 = 2.2038e-04
Loss = 3.9591e-04, PNorm = 110.8316, GNorm = 0.0581, lr_0 = 2.2029e-04
Loss = 3.8754e-04, PNorm = 110.8317, GNorm = 0.0611, lr_0 = 2.2021e-04
Loss = 3.7216e-04, PNorm = 110.8324, GNorm = 0.0906, lr_0 = 2.2012e-04
Loss = 3.2519e-04, PNorm = 110.8335, GNorm = 0.1346, lr_0 = 2.2004e-04
Loss = 4.0284e-04, PNorm = 110.8349, GNorm = 0.0688, lr_0 = 2.1995e-04
Loss = 4.8387e-04, PNorm = 110.8364, GNorm = 0.0866, lr_0 = 2.1987e-04
Loss = 4.4831e-04, PNorm = 110.8362, GNorm = 0.0543, lr_0 = 2.1979e-04
Loss = 4.6417e-04, PNorm = 110.8362, GNorm = 0.1152, lr_0 = 2.1970e-04
Loss = 4.2435e-04, PNorm = 110.8369, GNorm = 0.0871, lr_0 = 2.1962e-04
Loss = 4.9199e-04, PNorm = 110.8369, GNorm = 0.0373, lr_0 = 2.1953e-04
Loss = 3.9649e-04, PNorm = 110.8387, GNorm = 0.1636, lr_0 = 2.1945e-04
Loss = 4.0660e-04, PNorm = 110.8396, GNorm = 0.1117, lr_0 = 2.1936e-04
Loss = 4.4997e-04, PNorm = 110.8401, GNorm = 0.0959, lr_0 = 2.1928e-04
Loss = 4.1195e-04, PNorm = 110.8420, GNorm = 0.1419, lr_0 = 2.1919e-04
Loss = 4.6567e-04, PNorm = 110.8424, GNorm = 0.2857, lr_0 = 2.1911e-04
Loss = 4.7270e-04, PNorm = 110.8434, GNorm = 0.3827, lr_0 = 2.1903e-04
Loss = 4.2165e-04, PNorm = 110.8449, GNorm = 0.0802, lr_0 = 2.1894e-04
Loss = 4.2292e-04, PNorm = 110.8456, GNorm = 0.0893, lr_0 = 2.1886e-04
Loss = 4.9124e-04, PNorm = 110.8453, GNorm = 0.0736, lr_0 = 2.1877e-04
Loss = 4.4135e-04, PNorm = 110.8445, GNorm = 0.2885, lr_0 = 2.1869e-04
Loss = 4.9592e-04, PNorm = 110.8454, GNorm = 0.3115, lr_0 = 2.1861e-04
Loss = 4.5160e-04, PNorm = 110.8468, GNorm = 0.1891, lr_0 = 2.1852e-04
Loss = 4.8364e-04, PNorm = 110.8469, GNorm = 0.1989, lr_0 = 2.1844e-04
Loss = 4.5135e-04, PNorm = 110.8480, GNorm = 0.1365, lr_0 = 2.1835e-04
Loss = 4.0641e-04, PNorm = 110.8492, GNorm = 0.0452, lr_0 = 2.1827e-04
Loss = 4.8021e-04, PNorm = 110.8487, GNorm = 0.1641, lr_0 = 2.1819e-04
Loss = 4.0262e-04, PNorm = 110.8486, GNorm = 0.1434, lr_0 = 2.1810e-04
Loss = 4.6062e-04, PNorm = 110.8488, GNorm = 0.3892, lr_0 = 2.1802e-04
Loss = 5.5320e-04, PNorm = 110.8502, GNorm = 0.2420, lr_0 = 2.1793e-04
Loss = 4.8334e-04, PNorm = 110.8507, GNorm = 0.0608, lr_0 = 2.1785e-04
Loss = 4.8144e-04, PNorm = 110.8511, GNorm = 0.0878, lr_0 = 2.1777e-04
Loss = 4.4852e-04, PNorm = 110.8522, GNorm = 0.0745, lr_0 = 2.1768e-04
Loss = 4.4783e-04, PNorm = 110.8537, GNorm = 0.0752, lr_0 = 2.1760e-04
Loss = 4.3520e-04, PNorm = 110.8551, GNorm = 0.0998, lr_0 = 2.1752e-04
Loss = 4.7174e-04, PNorm = 110.8563, GNorm = 0.1465, lr_0 = 2.1743e-04
Loss = 5.2423e-04, PNorm = 110.8572, GNorm = 0.2145, lr_0 = 2.1735e-04
Loss = 4.7544e-04, PNorm = 110.8579, GNorm = 0.1852, lr_0 = 2.1727e-04
Loss = 4.3203e-04, PNorm = 110.8587, GNorm = 0.0661, lr_0 = 2.1718e-04
Loss = 5.4036e-04, PNorm = 110.8590, GNorm = 0.1636, lr_0 = 2.1710e-04
Loss = 4.0696e-04, PNorm = 110.8600, GNorm = 0.0945, lr_0 = 2.1701e-04
Loss = 3.8539e-04, PNorm = 110.8605, GNorm = 0.2898, lr_0 = 2.1693e-04
Loss = 4.1374e-04, PNorm = 110.8611, GNorm = 0.0617, lr_0 = 2.1685e-04
Loss = 4.3785e-04, PNorm = 110.8626, GNorm = 0.0901, lr_0 = 2.1676e-04
Loss = 4.2850e-04, PNorm = 110.8649, GNorm = 0.0839, lr_0 = 2.1668e-04
Loss = 4.3062e-04, PNorm = 110.8658, GNorm = 0.2973, lr_0 = 2.1660e-04
Loss = 4.8393e-04, PNorm = 110.8665, GNorm = 0.2215, lr_0 = 2.1651e-04
Loss = 4.6369e-04, PNorm = 110.8670, GNorm = 0.2275, lr_0 = 2.1643e-04
Loss = 4.1579e-04, PNorm = 110.8676, GNorm = 0.1205, lr_0 = 2.1635e-04
Loss = 4.6262e-04, PNorm = 110.8693, GNorm = 0.1275, lr_0 = 2.1627e-04
Loss = 4.6470e-04, PNorm = 110.8698, GNorm = 0.1819, lr_0 = 2.1618e-04
Loss = 4.6911e-04, PNorm = 110.8694, GNorm = 0.0715, lr_0 = 2.1610e-04
Loss = 3.8981e-04, PNorm = 110.8694, GNorm = 0.0489, lr_0 = 2.1602e-04
Loss = 4.6446e-04, PNorm = 110.8690, GNorm = 0.1379, lr_0 = 2.1593e-04
Loss = 4.5546e-04, PNorm = 110.8699, GNorm = 0.1220, lr_0 = 2.1585e-04
Loss = 4.3367e-04, PNorm = 110.8712, GNorm = 0.1430, lr_0 = 2.1577e-04
Loss = 3.7239e-04, PNorm = 110.8726, GNorm = 0.1372, lr_0 = 2.1568e-04
Loss = 4.5048e-04, PNorm = 110.8730, GNorm = 0.2958, lr_0 = 2.1560e-04
Loss = 4.3194e-04, PNorm = 110.8750, GNorm = 0.1835, lr_0 = 2.1552e-04
Loss = 4.1958e-04, PNorm = 110.8765, GNorm = 0.1134, lr_0 = 2.1544e-04
Validation r2 = 0.999605
Epoch 4
Loss = 5.2053e-04, PNorm = 110.8789, GNorm = 0.1409, lr_0 = 2.1534e-04
Loss = 5.3808e-04, PNorm = 110.8807, GNorm = 0.1189, lr_0 = 2.1526e-04
Loss = 7.1540e-04, PNorm = 110.8806, GNorm = 0.1717, lr_0 = 2.1518e-04
Loss = 6.8513e-04, PNorm = 110.8819, GNorm = 0.1893, lr_0 = 2.1510e-04
Loss = 6.6905e-04, PNorm = 110.8822, GNorm = 0.2638, lr_0 = 2.1501e-04
Loss = 5.6320e-04, PNorm = 110.8821, GNorm = 0.1285, lr_0 = 2.1493e-04
Loss = 4.8763e-04, PNorm = 110.8830, GNorm = 0.0732, lr_0 = 2.1485e-04
Loss = 5.2688e-04, PNorm = 110.8838, GNorm = 0.1936, lr_0 = 2.1477e-04
Loss = 4.8421e-04, PNorm = 110.8835, GNorm = 0.1076, lr_0 = 2.1468e-04
Loss = 5.6682e-04, PNorm = 110.8830, GNorm = 0.2743, lr_0 = 2.1460e-04
Loss = 4.7671e-04, PNorm = 110.8836, GNorm = 0.2385, lr_0 = 2.1452e-04
Loss = 4.4242e-04, PNorm = 110.8848, GNorm = 0.2273, lr_0 = 2.1444e-04
Loss = 4.8687e-04, PNorm = 110.8844, GNorm = 0.1116, lr_0 = 2.1435e-04
Loss = 4.1842e-04, PNorm = 110.8860, GNorm = 0.1281, lr_0 = 2.1427e-04
Loss = 4.1734e-04, PNorm = 110.8866, GNorm = 0.1177, lr_0 = 2.1419e-04
Loss = 4.0965e-04, PNorm = 110.8873, GNorm = 0.2136, lr_0 = 2.1411e-04
Loss = 4.3050e-04, PNorm = 110.8884, GNorm = 0.1119, lr_0 = 2.1402e-04
Loss = 4.7561e-04, PNorm = 110.8893, GNorm = 0.0992, lr_0 = 2.1394e-04
Loss = 3.8033e-04, PNorm = 110.8907, GNorm = 0.1703, lr_0 = 2.1386e-04
Loss = 4.1047e-04, PNorm = 110.8920, GNorm = 0.0492, lr_0 = 2.1378e-04
Loss = 4.4247e-04, PNorm = 110.8929, GNorm = 0.1366, lr_0 = 2.1369e-04
Loss = 5.1532e-04, PNorm = 110.8939, GNorm = 0.1531, lr_0 = 2.1361e-04
Loss = 4.2526e-04, PNorm = 110.8943, GNorm = 0.1085, lr_0 = 2.1353e-04
Loss = 4.4466e-04, PNorm = 110.8947, GNorm = 0.2756, lr_0 = 2.1345e-04
Loss = 4.3156e-04, PNorm = 110.8959, GNorm = 0.0601, lr_0 = 2.1337e-04
Loss = 5.5965e-04, PNorm = 110.8969, GNorm = 0.6087, lr_0 = 2.1328e-04
Loss = 4.9626e-04, PNorm = 110.8988, GNorm = 0.5236, lr_0 = 2.1320e-04
Loss = 5.2048e-04, PNorm = 110.9005, GNorm = 0.2439, lr_0 = 2.1312e-04
Loss = 5.1864e-04, PNorm = 110.9008, GNorm = 0.0825, lr_0 = 2.1304e-04
Loss = 4.7102e-04, PNorm = 110.9006, GNorm = 0.1205, lr_0 = 2.1296e-04
Loss = 5.9173e-04, PNorm = 110.9024, GNorm = 0.2320, lr_0 = 2.1287e-04
Loss = 4.5741e-04, PNorm = 110.9035, GNorm = 0.1103, lr_0 = 2.1279e-04
Loss = 5.3513e-04, PNorm = 110.9050, GNorm = 0.0724, lr_0 = 2.1271e-04
Loss = 4.4749e-04, PNorm = 110.9053, GNorm = 0.2257, lr_0 = 2.1263e-04
Loss = 4.6585e-04, PNorm = 110.9045, GNorm = 0.1793, lr_0 = 2.1255e-04
Loss = 4.3019e-04, PNorm = 110.9052, GNorm = 0.1147, lr_0 = 2.1247e-04
Loss = 4.3278e-04, PNorm = 110.9055, GNorm = 0.2859, lr_0 = 2.1238e-04
Loss = 4.7997e-04, PNorm = 110.9074, GNorm = 0.2120, lr_0 = 2.1230e-04
Loss = 5.4817e-04, PNorm = 110.9076, GNorm = 0.2757, lr_0 = 2.1222e-04
Loss = 5.6844e-04, PNorm = 110.9095, GNorm = 0.2932, lr_0 = 2.1214e-04
Loss = 6.1640e-04, PNorm = 110.9106, GNorm = 0.4277, lr_0 = 2.1206e-04
Loss = 5.8193e-04, PNorm = 110.9126, GNorm = 0.3066, lr_0 = 2.1198e-04
Loss = 4.7825e-04, PNorm = 110.9129, GNorm = 0.0641, lr_0 = 2.1189e-04
Loss = 4.4220e-04, PNorm = 110.9133, GNorm = 0.2229, lr_0 = 2.1181e-04
Loss = 4.2310e-04, PNorm = 110.9138, GNorm = 0.0902, lr_0 = 2.1173e-04
Loss = 5.1068e-04, PNorm = 110.9142, GNorm = 0.2297, lr_0 = 2.1165e-04
Loss = 3.5491e-04, PNorm = 110.9142, GNorm = 0.0503, lr_0 = 2.1157e-04
Loss = 4.6955e-04, PNorm = 110.9146, GNorm = 0.0769, lr_0 = 2.1149e-04
Loss = 4.0607e-04, PNorm = 110.9151, GNorm = 0.0755, lr_0 = 2.1141e-04
Loss = 3.9078e-04, PNorm = 110.9159, GNorm = 0.2108, lr_0 = 2.1133e-04
Loss = 4.4009e-04, PNorm = 110.9165, GNorm = 0.0678, lr_0 = 2.1124e-04
Loss = 4.0006e-04, PNorm = 110.9177, GNorm = 0.0505, lr_0 = 2.1116e-04
Loss = 4.6255e-04, PNorm = 110.9187, GNorm = 0.2621, lr_0 = 2.1108e-04
Loss = 4.2533e-04, PNorm = 110.9199, GNorm = 0.2939, lr_0 = 2.1100e-04
Loss = 4.5221e-04, PNorm = 110.9207, GNorm = 0.2118, lr_0 = 2.1092e-04
Loss = 5.0363e-04, PNorm = 110.9218, GNorm = 0.2407, lr_0 = 2.1084e-04
Loss = 4.8436e-04, PNorm = 110.9229, GNorm = 0.1199, lr_0 = 2.1076e-04
Loss = 4.3672e-04, PNorm = 110.9230, GNorm = 0.0570, lr_0 = 2.1068e-04
Loss = 3.9650e-04, PNorm = 110.9239, GNorm = 0.0562, lr_0 = 2.1060e-04
Loss = 4.7213e-04, PNorm = 110.9245, GNorm = 0.1319, lr_0 = 2.1051e-04
Loss = 4.7013e-04, PNorm = 110.9243, GNorm = 0.3209, lr_0 = 2.1043e-04
Loss = 4.9925e-04, PNorm = 110.9250, GNorm = 0.2954, lr_0 = 2.1035e-04
Loss = 6.0054e-04, PNorm = 110.9252, GNorm = 0.6158, lr_0 = 2.1027e-04
Loss = 5.7574e-04, PNorm = 110.9264, GNorm = 0.0763, lr_0 = 2.1019e-04
Loss = 5.0590e-04, PNorm = 110.9279, GNorm = 0.0654, lr_0 = 2.1011e-04
Loss = 4.3909e-04, PNorm = 110.9291, GNorm = 0.0986, lr_0 = 2.1003e-04
Loss = 4.7636e-04, PNorm = 110.9303, GNorm = 0.2253, lr_0 = 2.0995e-04
Loss = 4.2182e-04, PNorm = 110.9311, GNorm = 0.2185, lr_0 = 2.0987e-04
Loss = 4.6303e-04, PNorm = 110.9320, GNorm = 0.1056, lr_0 = 2.0979e-04
Loss = 4.4959e-04, PNorm = 110.9331, GNorm = 0.1423, lr_0 = 2.0971e-04
Loss = 3.7228e-04, PNorm = 110.9344, GNorm = 0.0471, lr_0 = 2.0963e-04
Loss = 4.0587e-04, PNorm = 110.9369, GNorm = 0.0881, lr_0 = 2.0955e-04
Loss = 3.4436e-04, PNorm = 110.9380, GNorm = 0.1087, lr_0 = 2.0946e-04
Loss = 4.3782e-04, PNorm = 110.9378, GNorm = 0.0577, lr_0 = 2.0938e-04
Loss = 3.8752e-04, PNorm = 110.9378, GNorm = 0.1813, lr_0 = 2.0930e-04
Loss = 3.0785e-04, PNorm = 110.9379, GNorm = 0.1649, lr_0 = 2.0922e-04
Loss = 3.4688e-04, PNorm = 110.9376, GNorm = 0.0659, lr_0 = 2.0914e-04
Loss = 3.8455e-04, PNorm = 110.9375, GNorm = 0.1568, lr_0 = 2.0906e-04
Loss = 4.4547e-04, PNorm = 110.9385, GNorm = 0.1658, lr_0 = 2.0898e-04
Loss = 4.1823e-04, PNorm = 110.9390, GNorm = 0.1126, lr_0 = 2.0890e-04
Loss = 3.6547e-04, PNorm = 110.9394, GNorm = 0.1820, lr_0 = 2.0882e-04
Loss = 3.8262e-04, PNorm = 110.9395, GNorm = 0.3217, lr_0 = 2.0874e-04
Loss = 3.5260e-04, PNorm = 110.9405, GNorm = 0.0527, lr_0 = 2.0866e-04
Loss = 3.8244e-04, PNorm = 110.9408, GNorm = 0.0999, lr_0 = 2.0858e-04
Loss = 3.9742e-04, PNorm = 110.9421, GNorm = 0.2090, lr_0 = 2.0850e-04
Loss = 4.4685e-04, PNorm = 110.9428, GNorm = 0.1019, lr_0 = 2.0842e-04
Loss = 5.2985e-04, PNorm = 110.9434, GNorm = 0.0631, lr_0 = 2.0834e-04
Loss = 5.6846e-04, PNorm = 110.9441, GNorm = 0.2029, lr_0 = 2.0826e-04
Loss = 4.7641e-04, PNorm = 110.9447, GNorm = 0.2468, lr_0 = 2.0818e-04
Loss = 4.5801e-04, PNorm = 110.9460, GNorm = 0.1736, lr_0 = 2.0810e-04
Loss = 4.3491e-04, PNorm = 110.9466, GNorm = 0.1871, lr_0 = 2.0802e-04
Loss = 3.6569e-04, PNorm = 110.9476, GNorm = 0.0721, lr_0 = 2.0794e-04
Loss = 3.5576e-04, PNorm = 110.9487, GNorm = 0.0531, lr_0 = 2.0786e-04
Loss = 4.9497e-04, PNorm = 110.9493, GNorm = 0.3035, lr_0 = 2.0778e-04
Loss = 4.4384e-04, PNorm = 110.9495, GNorm = 0.0904, lr_0 = 2.0770e-04
Loss = 4.0063e-04, PNorm = 110.9498, GNorm = 0.0487, lr_0 = 2.0762e-04
Loss = 3.8541e-04, PNorm = 110.9503, GNorm = 0.1415, lr_0 = 2.0754e-04
Loss = 4.0205e-04, PNorm = 110.9512, GNorm = 0.2419, lr_0 = 2.0746e-04
Loss = 3.8826e-04, PNorm = 110.9514, GNorm = 0.0854, lr_0 = 2.0738e-04
Loss = 4.3200e-04, PNorm = 110.9520, GNorm = 0.2235, lr_0 = 2.0730e-04
Loss = 3.4539e-04, PNorm = 110.9519, GNorm = 0.3033, lr_0 = 2.0722e-04
Loss = 3.5287e-04, PNorm = 110.9526, GNorm = 0.1491, lr_0 = 2.0714e-04
Loss = 3.2593e-04, PNorm = 110.9530, GNorm = 0.1127, lr_0 = 2.0706e-04
Loss = 3.2822e-04, PNorm = 110.9538, GNorm = 0.2655, lr_0 = 2.0698e-04
Loss = 3.3596e-04, PNorm = 110.9530, GNorm = 0.0874, lr_0 = 2.0690e-04
Loss = 3.3191e-04, PNorm = 110.9534, GNorm = 0.0420, lr_0 = 2.0682e-04
Loss = 3.8715e-04, PNorm = 110.9546, GNorm = 0.0963, lr_0 = 2.0674e-04
Loss = 3.6457e-04, PNorm = 110.9551, GNorm = 0.1127, lr_0 = 2.0666e-04
Loss = 3.8999e-04, PNorm = 110.9550, GNorm = 0.1066, lr_0 = 2.0659e-04
Loss = 3.3953e-04, PNorm = 110.9555, GNorm = 0.1368, lr_0 = 2.0651e-04
Loss = 3.9455e-04, PNorm = 110.9565, GNorm = 0.1087, lr_0 = 2.0643e-04
Loss = 3.4028e-04, PNorm = 110.9583, GNorm = 0.0933, lr_0 = 2.0635e-04
Loss = 3.8949e-04, PNorm = 110.9587, GNorm = 0.2282, lr_0 = 2.0627e-04
Loss = 4.6835e-04, PNorm = 110.9583, GNorm = 0.3113, lr_0 = 2.0619e-04
Loss = 3.9508e-04, PNorm = 110.9594, GNorm = 0.1661, lr_0 = 2.0611e-04
Loss = 3.6132e-04, PNorm = 110.9606, GNorm = 0.0541, lr_0 = 2.0603e-04
Loss = 3.7771e-04, PNorm = 110.9602, GNorm = 0.1513, lr_0 = 2.0595e-04
Loss = 4.3496e-04, PNorm = 110.9603, GNorm = 0.1358, lr_0 = 2.0587e-04
Loss = 4.3556e-04, PNorm = 110.9616, GNorm = 0.2561, lr_0 = 2.0579e-04
Loss = 3.7760e-04, PNorm = 110.9614, GNorm = 0.0537, lr_0 = 2.0571e-04
Loss = 3.4992e-04, PNorm = 110.9612, GNorm = 0.0542, lr_0 = 2.0563e-04
Loss = 3.8120e-04, PNorm = 110.9618, GNorm = 0.2275, lr_0 = 2.0556e-04
Loss = 3.3639e-04, PNorm = 110.9628, GNorm = 0.1363, lr_0 = 2.0548e-04
Loss = 3.7878e-04, PNorm = 110.9638, GNorm = 0.2585, lr_0 = 2.0540e-04
Loss = 3.5266e-04, PNorm = 110.9643, GNorm = 0.1873, lr_0 = 2.0532e-04
Loss = 4.1248e-04, PNorm = 110.9649, GNorm = 0.1330, lr_0 = 2.0524e-04
Loss = 4.1688e-04, PNorm = 110.9652, GNorm = 0.0471, lr_0 = 2.0516e-04
Loss = 3.9127e-04, PNorm = 110.9661, GNorm = 0.0620, lr_0 = 2.0508e-04
Loss = 3.4033e-04, PNorm = 110.9660, GNorm = 0.1252, lr_0 = 2.0500e-04
Loss = 3.4410e-04, PNorm = 110.9669, GNorm = 0.1268, lr_0 = 2.0492e-04
Loss = 4.1996e-04, PNorm = 110.9684, GNorm = 0.1544, lr_0 = 2.0485e-04
Loss = 3.9862e-04, PNorm = 110.9698, GNorm = 0.1074, lr_0 = 2.0477e-04
Loss = 4.1124e-04, PNorm = 110.9704, GNorm = 0.1092, lr_0 = 2.0469e-04
Loss = 3.7131e-04, PNorm = 110.9703, GNorm = 0.1230, lr_0 = 2.0461e-04
Loss = 3.6434e-04, PNorm = 110.9712, GNorm = 0.0752, lr_0 = 2.0453e-04
Loss = 4.3760e-04, PNorm = 110.9717, GNorm = 0.1165, lr_0 = 2.0445e-04
Loss = 4.0617e-04, PNorm = 110.9716, GNorm = 0.3272, lr_0 = 2.0437e-04
Loss = 3.7303e-04, PNorm = 110.9719, GNorm = 0.2344, lr_0 = 2.0429e-04
Loss = 3.5387e-04, PNorm = 110.9726, GNorm = 0.2289, lr_0 = 2.0422e-04
Loss = 3.4739e-04, PNorm = 110.9735, GNorm = 0.0818, lr_0 = 2.0414e-04
Loss = 3.4798e-04, PNorm = 110.9747, GNorm = 0.1815, lr_0 = 2.0406e-04
Loss = 3.6921e-04, PNorm = 110.9757, GNorm = 0.0905, lr_0 = 2.0398e-04
Loss = 3.7474e-04, PNorm = 110.9762, GNorm = 0.2600, lr_0 = 2.0390e-04
Loss = 3.5660e-04, PNorm = 110.9777, GNorm = 0.1849, lr_0 = 2.0382e-04
Loss = 3.5350e-04, PNorm = 110.9785, GNorm = 0.2520, lr_0 = 2.0375e-04
Loss = 3.2703e-04, PNorm = 110.9779, GNorm = 0.1411, lr_0 = 2.0367e-04
Loss = 3.1297e-04, PNorm = 110.9780, GNorm = 0.1058, lr_0 = 2.0359e-04
Loss = 2.9550e-04, PNorm = 110.9775, GNorm = 0.0869, lr_0 = 2.0351e-04
Loss = 3.8660e-04, PNorm = 110.9773, GNorm = 0.0745, lr_0 = 2.0343e-04
Loss = 3.3765e-04, PNorm = 110.9780, GNorm = 0.0692, lr_0 = 2.0335e-04
Loss = 3.9123e-04, PNorm = 110.9777, GNorm = 0.0851, lr_0 = 2.0328e-04
Loss = 3.8105e-04, PNorm = 110.9789, GNorm = 0.2197, lr_0 = 2.0320e-04
Loss = 3.6320e-04, PNorm = 110.9801, GNorm = 0.1418, lr_0 = 2.0312e-04
Loss = 3.1444e-04, PNorm = 110.9801, GNorm = 0.0870, lr_0 = 2.0304e-04
Loss = 3.8951e-04, PNorm = 110.9813, GNorm = 0.0567, lr_0 = 2.0296e-04
Loss = 3.8533e-04, PNorm = 110.9824, GNorm = 0.0905, lr_0 = 2.0289e-04
Loss = 3.2285e-04, PNorm = 110.9824, GNorm = 0.1043, lr_0 = 2.0281e-04
Loss = 3.4864e-04, PNorm = 110.9825, GNorm = 0.1099, lr_0 = 2.0273e-04
Loss = 3.3137e-04, PNorm = 110.9830, GNorm = 0.0711, lr_0 = 2.0265e-04
Loss = 3.6815e-04, PNorm = 110.9840, GNorm = 0.2377, lr_0 = 2.0257e-04
Loss = 3.1616e-04, PNorm = 110.9843, GNorm = 0.0970, lr_0 = 2.0250e-04
Loss = 3.0323e-04, PNorm = 110.9850, GNorm = 0.1699, lr_0 = 2.0242e-04
Loss = 3.1181e-04, PNorm = 110.9858, GNorm = 0.0497, lr_0 = 2.0234e-04
Loss = 3.4002e-04, PNorm = 110.9862, GNorm = 0.0638, lr_0 = 2.0226e-04
Loss = 3.0231e-04, PNorm = 110.9860, GNorm = 0.0676, lr_0 = 2.0219e-04
Loss = 3.4995e-04, PNorm = 110.9863, GNorm = 0.1662, lr_0 = 2.0211e-04
Loss = 3.2173e-04, PNorm = 110.9870, GNorm = 0.1847, lr_0 = 2.0203e-04
Loss = 3.1192e-04, PNorm = 110.9868, GNorm = 0.0722, lr_0 = 2.0195e-04
Loss = 2.7690e-04, PNorm = 110.9869, GNorm = 0.1048, lr_0 = 2.0187e-04
Loss = 3.1625e-04, PNorm = 110.9880, GNorm = 0.0654, lr_0 = 2.0180e-04
Loss = 2.9807e-04, PNorm = 110.9887, GNorm = 0.3049, lr_0 = 2.0172e-04
Loss = 3.2481e-04, PNorm = 110.9894, GNorm = 0.1765, lr_0 = 2.0164e-04
Loss = 3.0250e-04, PNorm = 110.9905, GNorm = 0.1799, lr_0 = 2.0156e-04
Loss = 2.9189e-04, PNorm = 110.9918, GNorm = 0.2960, lr_0 = 2.0149e-04
Loss = 3.1834e-04, PNorm = 110.9933, GNorm = 0.1078, lr_0 = 2.0141e-04
Loss = 2.8750e-04, PNorm = 110.9939, GNorm = 0.1485, lr_0 = 2.0133e-04
Loss = 3.6250e-04, PNorm = 110.9944, GNorm = 0.1331, lr_0 = 2.0125e-04
Loss = 3.6017e-04, PNorm = 110.9946, GNorm = 0.0694, lr_0 = 2.0118e-04
Loss = 2.9631e-04, PNorm = 110.9951, GNorm = 0.0856, lr_0 = 2.0110e-04
Loss = 3.2793e-04, PNorm = 110.9950, GNorm = 0.1724, lr_0 = 2.0102e-04
Loss = 3.5722e-04, PNorm = 110.9963, GNorm = 0.3306, lr_0 = 2.0095e-04
Loss = 3.8414e-04, PNorm = 110.9979, GNorm = 0.1887, lr_0 = 2.0087e-04
Loss = 3.3988e-04, PNorm = 110.9983, GNorm = 0.0598, lr_0 = 2.0079e-04
Loss = 3.5316e-04, PNorm = 110.9988, GNorm = 0.1064, lr_0 = 2.0071e-04
Loss = 4.4947e-04, PNorm = 110.9993, GNorm = 0.1432, lr_0 = 2.0064e-04
Loss = 4.6433e-04, PNorm = 110.9994, GNorm = 0.1602, lr_0 = 2.0056e-04
Loss = 4.8691e-04, PNorm = 110.9994, GNorm = 0.1105, lr_0 = 2.0048e-04
Loss = 4.2895e-04, PNorm = 110.9990, GNorm = 0.1082, lr_0 = 2.0040e-04
Loss = 4.6267e-04, PNorm = 110.9997, GNorm = 0.1195, lr_0 = 2.0033e-04
Loss = 4.1464e-04, PNorm = 111.0005, GNorm = 0.2126, lr_0 = 2.0025e-04
Loss = 3.5638e-04, PNorm = 111.0014, GNorm = 0.1681, lr_0 = 2.0017e-04
Loss = 4.0553e-04, PNorm = 111.0020, GNorm = 0.1577, lr_0 = 2.0010e-04
Loss = 3.6514e-04, PNorm = 111.0024, GNorm = 0.1428, lr_0 = 2.0002e-04
Loss = 3.9368e-04, PNorm = 111.0036, GNorm = 0.3057, lr_0 = 1.9994e-04
Loss = 3.6275e-04, PNorm = 111.0052, GNorm = 0.0732, lr_0 = 1.9987e-04
Loss = 3.1883e-04, PNorm = 111.0058, GNorm = 0.0494, lr_0 = 1.9979e-04
Loss = 3.5793e-04, PNorm = 111.0058, GNorm = 0.0539, lr_0 = 1.9971e-04
Loss = 2.8019e-04, PNorm = 111.0058, GNorm = 0.0455, lr_0 = 1.9964e-04
Loss = 3.4344e-04, PNorm = 111.0062, GNorm = 0.1404, lr_0 = 1.9956e-04
Loss = 3.4982e-04, PNorm = 111.0073, GNorm = 0.1598, lr_0 = 1.9948e-04
Loss = 3.6171e-04, PNorm = 111.0081, GNorm = 0.1040, lr_0 = 1.9941e-04
Loss = 3.5432e-04, PNorm = 111.0101, GNorm = 0.0447, lr_0 = 1.9933e-04
Loss = 3.4290e-04, PNorm = 111.0111, GNorm = 0.1292, lr_0 = 1.9925e-04
Loss = 3.6072e-04, PNorm = 111.0114, GNorm = 0.1679, lr_0 = 1.9918e-04
Loss = 3.6108e-04, PNorm = 111.0117, GNorm = 0.1519, lr_0 = 1.9910e-04
Loss = 3.7701e-04, PNorm = 111.0112, GNorm = 0.2257, lr_0 = 1.9902e-04
Loss = 3.3874e-04, PNorm = 111.0118, GNorm = 0.2058, lr_0 = 1.9895e-04
Loss = 4.0134e-04, PNorm = 111.0126, GNorm = 0.1614, lr_0 = 1.9887e-04
Loss = 5.1904e-04, PNorm = 111.0130, GNorm = 0.3786, lr_0 = 1.9879e-04
Loss = 3.9881e-04, PNorm = 111.0138, GNorm = 0.0847, lr_0 = 1.9872e-04
Loss = 4.0075e-04, PNorm = 111.0142, GNorm = 0.1159, lr_0 = 1.9864e-04
Loss = 4.2235e-04, PNorm = 111.0153, GNorm = 0.2144, lr_0 = 1.9856e-04
Loss = 4.5835e-04, PNorm = 111.0163, GNorm = 0.1990, lr_0 = 1.9849e-04
Loss = 4.0138e-04, PNorm = 111.0177, GNorm = 0.0748, lr_0 = 1.9841e-04
Loss = 3.8723e-04, PNorm = 111.0175, GNorm = 0.1844, lr_0 = 1.9834e-04
Loss = 3.8615e-04, PNorm = 111.0181, GNorm = 0.0538, lr_0 = 1.9826e-04
Loss = 3.8467e-04, PNorm = 111.0189, GNorm = 0.2949, lr_0 = 1.9818e-04
Loss = 3.8974e-04, PNorm = 111.0188, GNorm = 0.1415, lr_0 = 1.9811e-04
Loss = 4.0935e-04, PNorm = 111.0192, GNorm = 0.3402, lr_0 = 1.9803e-04
Loss = 4.0695e-04, PNorm = 111.0206, GNorm = 0.0835, lr_0 = 1.9795e-04
Loss = 3.8882e-04, PNorm = 111.0210, GNorm = 0.1249, lr_0 = 1.9788e-04
Loss = 3.5901e-04, PNorm = 111.0211, GNorm = 0.1635, lr_0 = 1.9780e-04
Loss = 3.8413e-04, PNorm = 111.0215, GNorm = 0.2643, lr_0 = 1.9773e-04
Loss = 3.9152e-04, PNorm = 111.0223, GNorm = 0.1401, lr_0 = 1.9765e-04
Loss = 3.2900e-04, PNorm = 111.0231, GNorm = 0.1266, lr_0 = 1.9757e-04
Loss = 3.6782e-04, PNorm = 111.0233, GNorm = 0.0991, lr_0 = 1.9750e-04
Loss = 3.0126e-04, PNorm = 111.0239, GNorm = 0.0563, lr_0 = 1.9742e-04
Loss = 3.4750e-04, PNorm = 111.0241, GNorm = 0.2088, lr_0 = 1.9735e-04
Loss = 3.8906e-04, PNorm = 111.0244, GNorm = 0.1890, lr_0 = 1.9727e-04
Loss = 3.3763e-04, PNorm = 111.0246, GNorm = 0.1060, lr_0 = 1.9719e-04
Loss = 3.9581e-04, PNorm = 111.0255, GNorm = 0.1046, lr_0 = 1.9712e-04
Loss = 3.6712e-04, PNorm = 111.0263, GNorm = 0.0434, lr_0 = 1.9704e-04
Loss = 4.3601e-04, PNorm = 111.0268, GNorm = 0.1827, lr_0 = 1.9697e-04
Loss = 4.5736e-04, PNorm = 111.0266, GNorm = 0.2350, lr_0 = 1.9689e-04
Loss = 5.2438e-04, PNorm = 111.0288, GNorm = 0.2264, lr_0 = 1.9682e-04
Loss = 4.4173e-04, PNorm = 111.0318, GNorm = 0.1633, lr_0 = 1.9674e-04
Loss = 3.7948e-04, PNorm = 111.0333, GNorm = 0.0857, lr_0 = 1.9666e-04
Loss = 3.5980e-04, PNorm = 111.0345, GNorm = 0.1593, lr_0 = 1.9659e-04
Loss = 3.7663e-04, PNorm = 111.0345, GNorm = 0.2426, lr_0 = 1.9651e-04
Loss = 3.6035e-04, PNorm = 111.0341, GNorm = 0.1208, lr_0 = 1.9644e-04
Loss = 3.7919e-04, PNorm = 111.0349, GNorm = 0.1121, lr_0 = 1.9636e-04
Loss = 3.2213e-04, PNorm = 111.0354, GNorm = 0.1614, lr_0 = 1.9629e-04
Loss = 3.8368e-04, PNorm = 111.0365, GNorm = 0.2694, lr_0 = 1.9621e-04
Loss = 3.7546e-04, PNorm = 111.0371, GNorm = 0.1226, lr_0 = 1.9614e-04
Loss = 3.9105e-04, PNorm = 111.0376, GNorm = 0.2151, lr_0 = 1.9606e-04
Loss = 3.7562e-04, PNorm = 111.0390, GNorm = 0.0698, lr_0 = 1.9599e-04
Loss = 4.0535e-04, PNorm = 111.0402, GNorm = 0.2228, lr_0 = 1.9591e-04
Loss = 4.1024e-04, PNorm = 111.0398, GNorm = 0.1805, lr_0 = 1.9583e-04
Loss = 4.6420e-04, PNorm = 111.0394, GNorm = 0.3620, lr_0 = 1.9576e-04
Loss = 4.4920e-04, PNorm = 111.0395, GNorm = 0.0473, lr_0 = 1.9568e-04
Loss = 4.2352e-04, PNorm = 111.0396, GNorm = 0.0560, lr_0 = 1.9561e-04
Loss = 4.4490e-04, PNorm = 111.0395, GNorm = 0.1071, lr_0 = 1.9553e-04
Loss = 3.8911e-04, PNorm = 111.0406, GNorm = 0.1351, lr_0 = 1.9546e-04
Loss = 3.4294e-04, PNorm = 111.0412, GNorm = 0.0914, lr_0 = 1.9538e-04
Loss = 3.5513e-04, PNorm = 111.0416, GNorm = 0.0918, lr_0 = 1.9531e-04
Loss = 3.6354e-04, PNorm = 111.0427, GNorm = 0.3198, lr_0 = 1.9523e-04
Loss = 3.6741e-04, PNorm = 111.0436, GNorm = 0.1705, lr_0 = 1.9516e-04
Loss = 4.2223e-04, PNorm = 111.0443, GNorm = 0.2945, lr_0 = 1.9508e-04
Loss = 3.4281e-04, PNorm = 111.0446, GNorm = 0.1787, lr_0 = 1.9501e-04
Loss = 4.0964e-04, PNorm = 111.0457, GNorm = 0.4545, lr_0 = 1.9493e-04
Loss = 4.3344e-04, PNorm = 111.0473, GNorm = 0.1958, lr_0 = 1.9486e-04
Loss = 3.8872e-04, PNorm = 111.0481, GNorm = 0.1114, lr_0 = 1.9478e-04
Loss = 4.1827e-04, PNorm = 111.0480, GNorm = 0.0626, lr_0 = 1.9471e-04
Loss = 3.8788e-04, PNorm = 111.0500, GNorm = 0.2109, lr_0 = 1.9463e-04
Loss = 3.6559e-04, PNorm = 111.0507, GNorm = 0.0929, lr_0 = 1.9456e-04
Loss = 4.1728e-04, PNorm = 111.0508, GNorm = 0.0976, lr_0 = 1.9448e-04
Loss = 3.9009e-04, PNorm = 111.0503, GNorm = 0.1133, lr_0 = 1.9441e-04
Loss = 3.6977e-04, PNorm = 111.0504, GNorm = 0.0856, lr_0 = 1.9433e-04
Loss = 4.3450e-04, PNorm = 111.0496, GNorm = 0.3595, lr_0 = 1.9426e-04
Loss = 4.3041e-04, PNorm = 111.0499, GNorm = 0.3017, lr_0 = 1.9419e-04
Loss = 3.5850e-04, PNorm = 111.0505, GNorm = 0.1230, lr_0 = 1.9411e-04
Loss = 4.2008e-04, PNorm = 111.0511, GNorm = 0.0970, lr_0 = 1.9404e-04
Loss = 4.3509e-04, PNorm = 111.0499, GNorm = 0.2161, lr_0 = 1.9396e-04
Loss = 4.7264e-04, PNorm = 111.0495, GNorm = 0.2684, lr_0 = 1.9389e-04
Loss = 4.8344e-04, PNorm = 111.0505, GNorm = 0.4636, lr_0 = 1.9381e-04
Loss = 4.4779e-04, PNorm = 111.0516, GNorm = 0.1017, lr_0 = 1.9374e-04
Loss = 3.5426e-04, PNorm = 111.0529, GNorm = 0.1131, lr_0 = 1.9366e-04
Loss = 4.0030e-04, PNorm = 111.0550, GNorm = 0.0585, lr_0 = 1.9359e-04
Loss = 4.4862e-04, PNorm = 111.0571, GNorm = 0.0814, lr_0 = 1.9351e-04
Loss = 3.4442e-04, PNorm = 111.0589, GNorm = 0.1791, lr_0 = 1.9344e-04
Loss = 3.8467e-04, PNorm = 111.0591, GNorm = 0.0805, lr_0 = 1.9337e-04
Loss = 3.9567e-04, PNorm = 111.0594, GNorm = 0.2604, lr_0 = 1.9329e-04
Loss = 3.5765e-04, PNorm = 111.0596, GNorm = 0.0621, lr_0 = 1.9322e-04
Loss = 3.9182e-04, PNorm = 111.0617, GNorm = 0.2156, lr_0 = 1.9314e-04
Loss = 3.7358e-04, PNorm = 111.0623, GNorm = 0.1661, lr_0 = 1.9307e-04
Loss = 3.3746e-04, PNorm = 111.0627, GNorm = 0.1083, lr_0 = 1.9299e-04
Loss = 3.0744e-04, PNorm = 111.0628, GNorm = 0.1280, lr_0 = 1.9292e-04
Loss = 3.2785e-04, PNorm = 111.0629, GNorm = 0.2601, lr_0 = 1.9285e-04
Loss = 3.2824e-04, PNorm = 111.0642, GNorm = 0.0586, lr_0 = 1.9277e-04
Loss = 2.9332e-04, PNorm = 111.0649, GNorm = 0.1278, lr_0 = 1.9270e-04
Loss = 3.7497e-04, PNorm = 111.0649, GNorm = 0.0694, lr_0 = 1.9262e-04
Loss = 3.6979e-04, PNorm = 111.0657, GNorm = 0.0684, lr_0 = 1.9255e-04
Loss = 3.0409e-04, PNorm = 111.0663, GNorm = 0.0805, lr_0 = 1.9248e-04
Loss = 3.1272e-04, PNorm = 111.0668, GNorm = 0.0894, lr_0 = 1.9240e-04
Loss = 3.4690e-04, PNorm = 111.0677, GNorm = 0.1965, lr_0 = 1.9233e-04
Loss = 3.2273e-04, PNorm = 111.0687, GNorm = 0.1213, lr_0 = 1.9225e-04
Loss = 2.9686e-04, PNorm = 111.0684, GNorm = 0.3667, lr_0 = 1.9218e-04
Loss = 3.1173e-04, PNorm = 111.0684, GNorm = 0.0942, lr_0 = 1.9211e-04
Loss = 3.1083e-04, PNorm = 111.0687, GNorm = 0.1414, lr_0 = 1.9203e-04
Loss = 3.0914e-04, PNorm = 111.0691, GNorm = 0.1740, lr_0 = 1.9196e-04
Loss = 3.3348e-04, PNorm = 111.0692, GNorm = 0.4331, lr_0 = 1.9188e-04
Loss = 3.2499e-04, PNorm = 111.0696, GNorm = 0.2904, lr_0 = 1.9181e-04
Loss = 2.8742e-04, PNorm = 111.0702, GNorm = 0.0832, lr_0 = 1.9174e-04
Loss = 2.8405e-04, PNorm = 111.0709, GNorm = 0.2294, lr_0 = 1.9166e-04
Loss = 3.3487e-04, PNorm = 111.0710, GNorm = 0.0644, lr_0 = 1.9159e-04
Loss = 3.0151e-04, PNorm = 111.0711, GNorm = 0.1441, lr_0 = 1.9152e-04
Loss = 3.2078e-04, PNorm = 111.0714, GNorm = 0.2276, lr_0 = 1.9144e-04
Loss = 2.9214e-04, PNorm = 111.0712, GNorm = 0.0943, lr_0 = 1.9137e-04
Loss = 2.7372e-04, PNorm = 111.0721, GNorm = 0.0792, lr_0 = 1.9130e-04
Loss = 2.7747e-04, PNorm = 111.0733, GNorm = 0.1151, lr_0 = 1.9122e-04
Loss = 3.0404e-04, PNorm = 111.0740, GNorm = 0.1043, lr_0 = 1.9115e-04
Loss = 3.1681e-04, PNorm = 111.0745, GNorm = 0.0591, lr_0 = 1.9107e-04
Loss = 2.9998e-04, PNorm = 111.0750, GNorm = 0.0713, lr_0 = 1.9100e-04
Loss = 3.4409e-04, PNorm = 111.0746, GNorm = 0.0860, lr_0 = 1.9093e-04
Loss = 3.2378e-04, PNorm = 111.0746, GNorm = 0.0492, lr_0 = 1.9085e-04
Loss = 3.0107e-04, PNorm = 111.0754, GNorm = 0.0868, lr_0 = 1.9078e-04
Loss = 2.7580e-04, PNorm = 111.0765, GNorm = 0.1582, lr_0 = 1.9071e-04
Loss = 3.1244e-04, PNorm = 111.0770, GNorm = 0.1469, lr_0 = 1.9063e-04
Loss = 3.5549e-04, PNorm = 111.0776, GNorm = 0.0614, lr_0 = 1.9056e-04
Loss = 3.4970e-04, PNorm = 111.0776, GNorm = 0.1131, lr_0 = 1.9049e-04
Loss = 3.7391e-04, PNorm = 111.0777, GNorm = 0.0805, lr_0 = 1.9041e-04
Loss = 4.5567e-04, PNorm = 111.0781, GNorm = 0.1887, lr_0 = 1.9034e-04
Loss = 4.7058e-04, PNorm = 111.0798, GNorm = 0.1019, lr_0 = 1.9027e-04
Loss = 4.8040e-04, PNorm = 111.0802, GNorm = 0.0660, lr_0 = 1.9020e-04
Loss = 4.0425e-04, PNorm = 111.0809, GNorm = 0.0958, lr_0 = 1.9012e-04
Loss = 3.7869e-04, PNorm = 111.0819, GNorm = 0.0942, lr_0 = 1.9005e-04
Loss = 4.1242e-04, PNorm = 111.0824, GNorm = 0.3249, lr_0 = 1.8998e-04
Loss = 3.9358e-04, PNorm = 111.0832, GNorm = 0.0603, lr_0 = 1.8990e-04
Loss = 3.1754e-04, PNorm = 111.0841, GNorm = 0.1843, lr_0 = 1.8983e-04
Loss = 3.7397e-04, PNorm = 111.0856, GNorm = 0.1403, lr_0 = 1.8976e-04
Loss = 3.6017e-04, PNorm = 111.0867, GNorm = 0.4546, lr_0 = 1.8968e-04
Loss = 3.7808e-04, PNorm = 111.0869, GNorm = 0.1133, lr_0 = 1.8961e-04
Loss = 4.0421e-04, PNorm = 111.0874, GNorm = 0.1470, lr_0 = 1.8954e-04
Loss = 3.6150e-04, PNorm = 111.0884, GNorm = 0.0710, lr_0 = 1.8947e-04
Loss = 3.6129e-04, PNorm = 111.0884, GNorm = 0.0979, lr_0 = 1.8939e-04
Loss = 4.2616e-04, PNorm = 111.0880, GNorm = 0.3065, lr_0 = 1.8932e-04
Loss = 4.5625e-04, PNorm = 111.0876, GNorm = 0.4019, lr_0 = 1.8925e-04
Loss = 3.5955e-04, PNorm = 111.0877, GNorm = 0.2455, lr_0 = 1.8917e-04
Loss = 3.8877e-04, PNorm = 111.0889, GNorm = 0.0761, lr_0 = 1.8910e-04
Loss = 3.5461e-04, PNorm = 111.0903, GNorm = 0.1674, lr_0 = 1.8903e-04
Loss = 3.5347e-04, PNorm = 111.0914, GNorm = 0.2933, lr_0 = 1.8896e-04
Loss = 3.6771e-04, PNorm = 111.0921, GNorm = 0.0822, lr_0 = 1.8888e-04
Loss = 3.7640e-04, PNorm = 111.0931, GNorm = 0.0582, lr_0 = 1.8881e-04
Loss = 3.4498e-04, PNorm = 111.0934, GNorm = 0.1870, lr_0 = 1.8874e-04
Loss = 3.3192e-04, PNorm = 111.0937, GNorm = 0.1383, lr_0 = 1.8867e-04
Loss = 3.9041e-04, PNorm = 111.0932, GNorm = 0.2281, lr_0 = 1.8859e-04
Loss = 3.9892e-04, PNorm = 111.0939, GNorm = 0.1261, lr_0 = 1.8852e-04
Loss = 4.1523e-04, PNorm = 111.0950, GNorm = 0.0497, lr_0 = 1.8845e-04
Loss = 3.9449e-04, PNorm = 111.0963, GNorm = 0.1257, lr_0 = 1.8838e-04
Loss = 3.9787e-04, PNorm = 111.0970, GNorm = 0.0550, lr_0 = 1.8830e-04
Loss = 3.5222e-04, PNorm = 111.0971, GNorm = 0.1693, lr_0 = 1.8823e-04
Loss = 2.9836e-04, PNorm = 111.0969, GNorm = 0.0559, lr_0 = 1.8816e-04
Loss = 3.1844e-04, PNorm = 111.0973, GNorm = 0.0622, lr_0 = 1.8809e-04
Loss = 2.9716e-04, PNorm = 111.0976, GNorm = 0.0753, lr_0 = 1.8801e-04
Loss = 2.9297e-04, PNorm = 111.0981, GNorm = 0.1182, lr_0 = 1.8794e-04
Loss = 3.5533e-04, PNorm = 111.0991, GNorm = 0.1521, lr_0 = 1.8787e-04
Loss = 2.7971e-04, PNorm = 111.0993, GNorm = 0.0653, lr_0 = 1.8780e-04
Loss = 2.8747e-04, PNorm = 111.0984, GNorm = 0.0631, lr_0 = 1.8773e-04
Loss = 3.1129e-04, PNorm = 111.0984, GNorm = 0.1705, lr_0 = 1.8765e-04
Loss = 3.2600e-04, PNorm = 111.0985, GNorm = 0.2657, lr_0 = 1.8758e-04
Loss = 2.6552e-04, PNorm = 111.0994, GNorm = 0.1203, lr_0 = 1.8751e-04
Loss = 2.9821e-04, PNorm = 111.1004, GNorm = 0.1481, lr_0 = 1.8744e-04
Loss = 2.8070e-04, PNorm = 111.1006, GNorm = 0.2294, lr_0 = 1.8736e-04
Loss = 3.4648e-04, PNorm = 111.1011, GNorm = 0.2532, lr_0 = 1.8729e-04
Loss = 3.0591e-04, PNorm = 111.1014, GNorm = 0.0935, lr_0 = 1.8722e-04
Loss = 3.1049e-04, PNorm = 111.1020, GNorm = 0.1322, lr_0 = 1.8715e-04
Loss = 3.6692e-04, PNorm = 111.1024, GNorm = 0.4899, lr_0 = 1.8708e-04
Loss = 3.5630e-04, PNorm = 111.1033, GNorm = 0.2645, lr_0 = 1.8700e-04
Loss = 3.4133e-04, PNorm = 111.1035, GNorm = 0.2048, lr_0 = 1.8693e-04
Loss = 3.5922e-04, PNorm = 111.1050, GNorm = 0.1941, lr_0 = 1.8686e-04
Loss = 3.4443e-04, PNorm = 111.1063, GNorm = 0.0524, lr_0 = 1.8679e-04
Loss = 3.9615e-04, PNorm = 111.1069, GNorm = 0.0737, lr_0 = 1.8672e-04
Loss = 3.2560e-04, PNorm = 111.1073, GNorm = 0.1862, lr_0 = 1.8665e-04
Loss = 3.2395e-04, PNorm = 111.1079, GNorm = 0.1071, lr_0 = 1.8657e-04
Loss = 3.1331e-04, PNorm = 111.1085, GNorm = 0.0549, lr_0 = 1.8650e-04
Loss = 2.9681e-04, PNorm = 111.1089, GNorm = 0.0553, lr_0 = 1.8643e-04
Loss = 3.2792e-04, PNorm = 111.1084, GNorm = 0.1416, lr_0 = 1.8636e-04
Loss = 3.0721e-04, PNorm = 111.1085, GNorm = 0.1243, lr_0 = 1.8629e-04
Loss = 3.1723e-04, PNorm = 111.1091, GNorm = 0.1122, lr_0 = 1.8622e-04
Loss = 2.6831e-04, PNorm = 111.1095, GNorm = 0.2102, lr_0 = 1.8614e-04
Loss = 3.0931e-04, PNorm = 111.1101, GNorm = 0.0524, lr_0 = 1.8607e-04
Loss = 3.1539e-04, PNorm = 111.1104, GNorm = 0.1302, lr_0 = 1.8600e-04
Loss = 2.9336e-04, PNorm = 111.1113, GNorm = 0.0800, lr_0 = 1.8593e-04
Loss = 2.9374e-04, PNorm = 111.1116, GNorm = 0.1022, lr_0 = 1.8586e-04
Loss = 2.8988e-04, PNorm = 111.1116, GNorm = 0.0797, lr_0 = 1.8579e-04
Loss = 3.1908e-04, PNorm = 111.1119, GNorm = 0.0562, lr_0 = 1.8572e-04
Loss = 3.2704e-04, PNorm = 111.1126, GNorm = 0.1111, lr_0 = 1.8564e-04
Loss = 3.0559e-04, PNorm = 111.1129, GNorm = 0.0873, lr_0 = 1.8557e-04
Loss = 2.8286e-04, PNorm = 111.1134, GNorm = 0.1411, lr_0 = 1.8550e-04
Loss = 3.8058e-04, PNorm = 111.1148, GNorm = 0.1870, lr_0 = 1.8543e-04
Loss = 3.2951e-04, PNorm = 111.1167, GNorm = 0.1692, lr_0 = 1.8536e-04
Loss = 2.7608e-04, PNorm = 111.1173, GNorm = 0.1224, lr_0 = 1.8529e-04
Loss = 2.9351e-04, PNorm = 111.1176, GNorm = 0.1116, lr_0 = 1.8522e-04
Loss = 3.1633e-04, PNorm = 111.1175, GNorm = 0.1488, lr_0 = 1.8514e-04
Loss = 2.7037e-04, PNorm = 111.1173, GNorm = 0.0641, lr_0 = 1.8507e-04
Loss = 2.9244e-04, PNorm = 111.1175, GNorm = 0.0435, lr_0 = 1.8500e-04
Loss = 3.1131e-04, PNorm = 111.1182, GNorm = 0.1832, lr_0 = 1.8493e-04
Loss = 3.4316e-04, PNorm = 111.1194, GNorm = 0.2750, lr_0 = 1.8486e-04
Loss = 3.6879e-04, PNorm = 111.1189, GNorm = 0.1823, lr_0 = 1.8479e-04
Loss = 3.5517e-04, PNorm = 111.1195, GNorm = 0.1338, lr_0 = 1.8472e-04
Loss = 3.3333e-04, PNorm = 111.1197, GNorm = 0.0642, lr_0 = 1.8465e-04
Loss = 3.0838e-04, PNorm = 111.1198, GNorm = 0.2361, lr_0 = 1.8458e-04
Loss = 3.0208e-04, PNorm = 111.1205, GNorm = 0.0727, lr_0 = 1.8451e-04
Loss = 3.2989e-04, PNorm = 111.1209, GNorm = 0.2262, lr_0 = 1.8443e-04
Loss = 3.6593e-04, PNorm = 111.1208, GNorm = 0.2168, lr_0 = 1.8436e-04
Loss = 3.4993e-04, PNorm = 111.1218, GNorm = 0.1739, lr_0 = 1.8429e-04
Loss = 3.3897e-04, PNorm = 111.1225, GNorm = 0.3004, lr_0 = 1.8422e-04
Loss = 4.5487e-04, PNorm = 111.1225, GNorm = 0.4742, lr_0 = 1.8415e-04
Loss = 3.8063e-04, PNorm = 111.1235, GNorm = 0.1785, lr_0 = 1.8408e-04
Loss = 3.3137e-04, PNorm = 111.1252, GNorm = 0.1842, lr_0 = 1.8401e-04
Loss = 3.4103e-04, PNorm = 111.1255, GNorm = 0.1095, lr_0 = 1.8394e-04
Loss = 3.4913e-04, PNorm = 111.1258, GNorm = 0.1473, lr_0 = 1.8387e-04
Loss = 3.2815e-04, PNorm = 111.1259, GNorm = 0.2398, lr_0 = 1.8380e-04
Loss = 2.7682e-04, PNorm = 111.1260, GNorm = 0.2210, lr_0 = 1.8373e-04
Loss = 3.2180e-04, PNorm = 111.1262, GNorm = 0.0618, lr_0 = 1.8366e-04
Loss = 2.8587e-04, PNorm = 111.1278, GNorm = 0.0960, lr_0 = 1.8359e-04
Loss = 3.5273e-04, PNorm = 111.1293, GNorm = 0.1934, lr_0 = 1.8351e-04
Loss = 3.8146e-04, PNorm = 111.1309, GNorm = 0.0964, lr_0 = 1.8344e-04
Loss = 3.1121e-04, PNorm = 111.1313, GNorm = 0.1303, lr_0 = 1.8337e-04
Loss = 3.4262e-04, PNorm = 111.1325, GNorm = 0.0646, lr_0 = 1.8330e-04
Loss = 3.6275e-04, PNorm = 111.1331, GNorm = 0.3277, lr_0 = 1.8323e-04
Loss = 3.2845e-04, PNorm = 111.1337, GNorm = 0.1200, lr_0 = 1.8316e-04
Loss = 3.6076e-04, PNorm = 111.1347, GNorm = 0.0806, lr_0 = 1.8309e-04
Loss = 3.6091e-04, PNorm = 111.1354, GNorm = 0.3040, lr_0 = 1.8302e-04
Loss = 3.3307e-04, PNorm = 111.1363, GNorm = 0.1500, lr_0 = 1.8295e-04
Loss = 3.1428e-04, PNorm = 111.1364, GNorm = 0.1352, lr_0 = 1.8288e-04
Loss = 3.4956e-04, PNorm = 111.1371, GNorm = 0.2283, lr_0 = 1.8281e-04
Loss = 4.0854e-04, PNorm = 111.1382, GNorm = 0.3875, lr_0 = 1.8274e-04
Loss = 3.7705e-04, PNorm = 111.1388, GNorm = 0.3191, lr_0 = 1.8267e-04
Loss = 3.8409e-04, PNorm = 111.1400, GNorm = 0.2877, lr_0 = 1.8260e-04
Loss = 4.5671e-04, PNorm = 111.1400, GNorm = 0.3759, lr_0 = 1.8253e-04
Loss = 4.1309e-04, PNorm = 111.1408, GNorm = 0.1314, lr_0 = 1.8246e-04
Loss = 3.2098e-04, PNorm = 111.1415, GNorm = 0.0983, lr_0 = 1.8239e-04
Loss = 3.6252e-04, PNorm = 111.1417, GNorm = 0.0957, lr_0 = 1.8232e-04
Loss = 3.1122e-04, PNorm = 111.1422, GNorm = 0.2815, lr_0 = 1.8225e-04
Loss = 3.1267e-04, PNorm = 111.1426, GNorm = 0.2216, lr_0 = 1.8218e-04
Loss = 3.2140e-04, PNorm = 111.1428, GNorm = 0.2904, lr_0 = 1.8211e-04
Loss = 3.2086e-04, PNorm = 111.1432, GNorm = 0.1088, lr_0 = 1.8204e-04
Loss = 2.6406e-04, PNorm = 111.1443, GNorm = 0.0447, lr_0 = 1.8197e-04
Loss = 3.1325e-04, PNorm = 111.1443, GNorm = 0.2758, lr_0 = 1.8190e-04
Loss = 3.2791e-04, PNorm = 111.1443, GNorm = 0.1841, lr_0 = 1.8183e-04
Loss = 2.9344e-04, PNorm = 111.1451, GNorm = 0.1667, lr_0 = 1.8176e-04
Loss = 3.1389e-04, PNorm = 111.1459, GNorm = 0.1736, lr_0 = 1.8169e-04
Loss = 3.2772e-04, PNorm = 111.1470, GNorm = 0.0491, lr_0 = 1.8162e-04
Loss = 2.7621e-04, PNorm = 111.1477, GNorm = 0.2604, lr_0 = 1.8155e-04
Loss = 3.0253e-04, PNorm = 111.1479, GNorm = 0.2015, lr_0 = 1.8148e-04
Loss = 3.1090e-04, PNorm = 111.1472, GNorm = 0.1839, lr_0 = 1.8141e-04
Loss = 3.3192e-04, PNorm = 111.1474, GNorm = 0.3276, lr_0 = 1.8134e-04
Loss = 3.6131e-04, PNorm = 111.1471, GNorm = 0.4401, lr_0 = 1.8127e-04
Loss = 3.1372e-04, PNorm = 111.1474, GNorm = 0.2350, lr_0 = 1.8120e-04
Loss = 3.6190e-04, PNorm = 111.1483, GNorm = 0.1691, lr_0 = 1.8113e-04
Loss = 2.8558e-04, PNorm = 111.1486, GNorm = 0.0495, lr_0 = 1.8106e-04
Loss = 2.9743e-04, PNorm = 111.1493, GNorm = 0.0405, lr_0 = 1.8099e-04
Loss = 2.8143e-04, PNorm = 111.1502, GNorm = 0.0924, lr_0 = 1.8092e-04
Loss = 3.1185e-04, PNorm = 111.1502, GNorm = 0.2508, lr_0 = 1.8085e-04
Loss = 3.2152e-04, PNorm = 111.1514, GNorm = 0.1901, lr_0 = 1.8078e-04
Loss = 3.4221e-04, PNorm = 111.1523, GNorm = 0.1012, lr_0 = 1.8071e-04
Loss = 3.5289e-04, PNorm = 111.1527, GNorm = 0.0427, lr_0 = 1.8064e-04
Loss = 3.0434e-04, PNorm = 111.1531, GNorm = 0.1754, lr_0 = 1.8058e-04
Loss = 2.7365e-04, PNorm = 111.1538, GNorm = 0.1083, lr_0 = 1.8051e-04
Loss = 2.3341e-04, PNorm = 111.1543, GNorm = 0.1628, lr_0 = 1.8044e-04
Loss = 2.5449e-04, PNorm = 111.1545, GNorm = 0.0486, lr_0 = 1.8037e-04
Loss = 2.3244e-04, PNorm = 111.1548, GNorm = 0.0495, lr_0 = 1.8030e-04
Loss = 2.5226e-04, PNorm = 111.1548, GNorm = 0.2799, lr_0 = 1.8023e-04
Loss = 3.3325e-04, PNorm = 111.1548, GNorm = 0.1604, lr_0 = 1.8016e-04
Loss = 2.5648e-04, PNorm = 111.1547, GNorm = 0.0505, lr_0 = 1.8009e-04
Loss = 2.6142e-04, PNorm = 111.1548, GNorm = 0.0489, lr_0 = 1.8002e-04
Loss = 3.1312e-04, PNorm = 111.1549, GNorm = 0.0812, lr_0 = 1.7995e-04
Loss = 2.7931e-04, PNorm = 111.1561, GNorm = 0.1993, lr_0 = 1.7988e-04
Loss = 3.2977e-04, PNorm = 111.1560, GNorm = 0.0733, lr_0 = 1.7981e-04
Loss = 3.8861e-04, PNorm = 111.1554, GNorm = 0.2416, lr_0 = 1.7974e-04
Loss = 3.1685e-04, PNorm = 111.1563, GNorm = 0.0617, lr_0 = 1.7967e-04
Loss = 3.4176e-04, PNorm = 111.1569, GNorm = 0.1704, lr_0 = 1.7961e-04
Loss = 2.8811e-04, PNorm = 111.1569, GNorm = 0.0574, lr_0 = 1.7954e-04
Loss = 2.6815e-04, PNorm = 111.1578, GNorm = 0.2247, lr_0 = 1.7947e-04
Loss = 2.8727e-04, PNorm = 111.1581, GNorm = 0.1270, lr_0 = 1.7940e-04
Loss = 2.4860e-04, PNorm = 111.1583, GNorm = 0.0525, lr_0 = 1.7933e-04
Loss = 2.7553e-04, PNorm = 111.1589, GNorm = 0.0622, lr_0 = 1.7926e-04
Loss = 2.6294e-04, PNorm = 111.1588, GNorm = 0.0851, lr_0 = 1.7919e-04
Loss = 2.5018e-04, PNorm = 111.1583, GNorm = 0.1153, lr_0 = 1.7912e-04
Loss = 2.6563e-04, PNorm = 111.1586, GNorm = 0.1255, lr_0 = 1.7905e-04
Loss = 3.0492e-04, PNorm = 111.1594, GNorm = 0.1493, lr_0 = 1.7899e-04
Loss = 2.7872e-04, PNorm = 111.1596, GNorm = 0.2090, lr_0 = 1.7892e-04
Loss = 2.9609e-04, PNorm = 111.1600, GNorm = 0.1596, lr_0 = 1.7885e-04
Loss = 2.7283e-04, PNorm = 111.1606, GNorm = 0.0409, lr_0 = 1.7878e-04
Loss = 2.9250e-04, PNorm = 111.1608, GNorm = 0.2660, lr_0 = 1.7871e-04
Loss = 2.5878e-04, PNorm = 111.1610, GNorm = 0.1012, lr_0 = 1.7864e-04
Loss = 2.8414e-04, PNorm = 111.1612, GNorm = 0.1439, lr_0 = 1.7857e-04
Loss = 2.7512e-04, PNorm = 111.1619, GNorm = 0.1254, lr_0 = 1.7850e-04
Loss = 2.7261e-04, PNorm = 111.1625, GNorm = 0.0440, lr_0 = 1.7844e-04
Loss = 2.3808e-04, PNorm = 111.1628, GNorm = 0.0507, lr_0 = 1.7837e-04
Loss = 2.6155e-04, PNorm = 111.1630, GNorm = 0.0621, lr_0 = 1.7830e-04
Loss = 2.8108e-04, PNorm = 111.1640, GNorm = 0.1103, lr_0 = 1.7823e-04
Loss = 2.3571e-04, PNorm = 111.1645, GNorm = 0.0477, lr_0 = 1.7816e-04
Loss = 2.6091e-04, PNorm = 111.1647, GNorm = 0.0949, lr_0 = 1.7809e-04
Loss = 2.5190e-04, PNorm = 111.1652, GNorm = 0.0829, lr_0 = 1.7802e-04
Loss = 2.6194e-04, PNorm = 111.1654, GNorm = 0.1499, lr_0 = 1.7796e-04
Loss = 2.5288e-04, PNorm = 111.1664, GNorm = 0.3017, lr_0 = 1.7789e-04
Loss = 2.6334e-04, PNorm = 111.1672, GNorm = 0.2719, lr_0 = 1.7782e-04
Loss = 2.9880e-04, PNorm = 111.1675, GNorm = 0.0860, lr_0 = 1.7775e-04
Loss = 2.7008e-04, PNorm = 111.1681, GNorm = 0.1737, lr_0 = 1.7768e-04
Loss = 2.8306e-04, PNorm = 111.1692, GNorm = 0.2225, lr_0 = 1.7761e-04
Loss = 2.9121e-04, PNorm = 111.1701, GNorm = 0.1300, lr_0 = 1.7755e-04
Loss = 2.9316e-04, PNorm = 111.1708, GNorm = 0.1369, lr_0 = 1.7748e-04
Loss = 2.7018e-04, PNorm = 111.1708, GNorm = 0.4336, lr_0 = 1.7741e-04
Loss = 3.1957e-04, PNorm = 111.1712, GNorm = 0.1282, lr_0 = 1.7734e-04
Loss = 4.0505e-04, PNorm = 111.1717, GNorm = 0.4929, lr_0 = 1.7727e-04
Loss = 4.1439e-04, PNorm = 111.1722, GNorm = 0.4150, lr_0 = 1.7721e-04
Loss = 3.1380e-04, PNorm = 111.1724, GNorm = 0.2380, lr_0 = 1.7714e-04
Loss = 3.5530e-04, PNorm = 111.1730, GNorm = 0.0934, lr_0 = 1.7707e-04
Loss = 3.3330e-04, PNorm = 111.1741, GNorm = 0.0688, lr_0 = 1.7700e-04
Loss = 3.0164e-04, PNorm = 111.1748, GNorm = 0.0781, lr_0 = 1.7693e-04
Loss = 3.4114e-04, PNorm = 111.1751, GNorm = 0.2733, lr_0 = 1.7686e-04
Loss = 2.9101e-04, PNorm = 111.1758, GNorm = 0.1057, lr_0 = 1.7680e-04
Loss = 3.2916e-04, PNorm = 111.1765, GNorm = 0.0496, lr_0 = 1.7673e-04
Loss = 3.3765e-04, PNorm = 111.1767, GNorm = 0.2169, lr_0 = 1.7666e-04
Loss = 2.8672e-04, PNorm = 111.1766, GNorm = 0.0793, lr_0 = 1.7659e-04
Loss = 2.8110e-04, PNorm = 111.1768, GNorm = 0.2168, lr_0 = 1.7653e-04
Loss = 2.9404e-04, PNorm = 111.1771, GNorm = 0.0514, lr_0 = 1.7646e-04
Loss = 2.8552e-04, PNorm = 111.1772, GNorm = 0.1755, lr_0 = 1.7639e-04
Loss = 2.5204e-04, PNorm = 111.1774, GNorm = 0.0510, lr_0 = 1.7632e-04
Loss = 2.7915e-04, PNorm = 111.1783, GNorm = 0.1177, lr_0 = 1.7625e-04
Loss = 2.5905e-04, PNorm = 111.1794, GNorm = 0.1507, lr_0 = 1.7619e-04
Loss = 2.5358e-04, PNorm = 111.1804, GNorm = 0.1059, lr_0 = 1.7612e-04
Loss = 2.4441e-04, PNorm = 111.1817, GNorm = 0.0685, lr_0 = 1.7605e-04
Loss = 2.9688e-04, PNorm = 111.1825, GNorm = 0.1264, lr_0 = 1.7598e-04
Loss = 2.8928e-04, PNorm = 111.1823, GNorm = 0.0729, lr_0 = 1.7592e-04
Loss = 2.8804e-04, PNorm = 111.1822, GNorm = 0.2434, lr_0 = 1.7585e-04
Loss = 2.8324e-04, PNorm = 111.1830, GNorm = 0.0304, lr_0 = 1.7578e-04
Loss = 2.6279e-04, PNorm = 111.1836, GNorm = 0.0714, lr_0 = 1.7571e-04
Loss = 2.7796e-04, PNorm = 111.1841, GNorm = 0.0887, lr_0 = 1.7565e-04
Loss = 2.8949e-04, PNorm = 111.1840, GNorm = 0.1781, lr_0 = 1.7558e-04
Loss = 3.0162e-04, PNorm = 111.1846, GNorm = 0.0444, lr_0 = 1.7551e-04
Loss = 2.4335e-04, PNorm = 111.1851, GNorm = 0.1387, lr_0 = 1.7544e-04
Loss = 2.7573e-04, PNorm = 111.1848, GNorm = 0.1405, lr_0 = 1.7538e-04
Loss = 2.5429e-04, PNorm = 111.1857, GNorm = 0.0813, lr_0 = 1.7531e-04
Loss = 2.7613e-04, PNorm = 111.1866, GNorm = 0.0803, lr_0 = 1.7524e-04
Loss = 2.5612e-04, PNorm = 111.1876, GNorm = 0.0756, lr_0 = 1.7517e-04
Loss = 2.4473e-04, PNorm = 111.1878, GNorm = 0.1619, lr_0 = 1.7511e-04
Loss = 2.3783e-04, PNorm = 111.1880, GNorm = 0.0743, lr_0 = 1.7504e-04
Loss = 2.5655e-04, PNorm = 111.1879, GNorm = 0.0448, lr_0 = 1.7497e-04
Loss = 3.0628e-04, PNorm = 111.1884, GNorm = 0.0846, lr_0 = 1.7490e-04
Loss = 2.8567e-04, PNorm = 111.1892, GNorm = 0.0633, lr_0 = 1.7484e-04
Loss = 2.7953e-04, PNorm = 111.1894, GNorm = 0.0905, lr_0 = 1.7477e-04
Loss = 2.1852e-04, PNorm = 111.1895, GNorm = 0.0998, lr_0 = 1.7470e-04
Loss = 2.4673e-04, PNorm = 111.1894, GNorm = 0.1331, lr_0 = 1.7463e-04
Loss = 2.7733e-04, PNorm = 111.1900, GNorm = 0.0795, lr_0 = 1.7457e-04
Loss = 2.8533e-04, PNorm = 111.1907, GNorm = 0.2848, lr_0 = 1.7450e-04
Loss = 2.4787e-04, PNorm = 111.1904, GNorm = 0.0626, lr_0 = 1.7443e-04
Loss = 2.9504e-04, PNorm = 111.1907, GNorm = 0.0910, lr_0 = 1.7437e-04
Loss = 2.4534e-04, PNorm = 111.1907, GNorm = 0.0447, lr_0 = 1.7430e-04
Loss = 2.6329e-04, PNorm = 111.1917, GNorm = 0.0845, lr_0 = 1.7423e-04
Loss = 2.9723e-04, PNorm = 111.1918, GNorm = 0.0759, lr_0 = 1.7417e-04
Loss = 2.9129e-04, PNorm = 111.1918, GNorm = 0.1156, lr_0 = 1.7410e-04
Loss = 3.0210e-04, PNorm = 111.1919, GNorm = 0.0572, lr_0 = 1.7403e-04
Loss = 3.0849e-04, PNorm = 111.1924, GNorm = 0.0922, lr_0 = 1.7396e-04
Loss = 2.7774e-04, PNorm = 111.1928, GNorm = 0.1065, lr_0 = 1.7390e-04
Loss = 2.6369e-04, PNorm = 111.1935, GNorm = 0.0378, lr_0 = 1.7383e-04
Loss = 2.9489e-04, PNorm = 111.1947, GNorm = 0.1926, lr_0 = 1.7376e-04
Loss = 3.5123e-04, PNorm = 111.1955, GNorm = 0.2565, lr_0 = 1.7370e-04
Loss = 3.0821e-04, PNorm = 111.1964, GNorm = 0.1011, lr_0 = 1.7363e-04
Loss = 3.4613e-04, PNorm = 111.1971, GNorm = 0.3159, lr_0 = 1.7356e-04
Loss = 3.2657e-04, PNorm = 111.1976, GNorm = 0.1771, lr_0 = 1.7350e-04
Loss = 3.3777e-04, PNorm = 111.1981, GNorm = 0.1455, lr_0 = 1.7343e-04
Loss = 2.8780e-04, PNorm = 111.1987, GNorm = 0.0663, lr_0 = 1.7336e-04
Loss = 3.1140e-04, PNorm = 111.1991, GNorm = 0.0612, lr_0 = 1.7330e-04
Loss = 3.1300e-04, PNorm = 111.1994, GNorm = 0.0742, lr_0 = 1.7323e-04
Loss = 3.6415e-04, PNorm = 111.2005, GNorm = 0.0856, lr_0 = 1.7316e-04
Loss = 3.9931e-04, PNorm = 111.2010, GNorm = 0.2522, lr_0 = 1.7310e-04
Loss = 3.6991e-04, PNorm = 111.2014, GNorm = 0.0459, lr_0 = 1.7303e-04
Loss = 3.3647e-04, PNorm = 111.2027, GNorm = 0.1710, lr_0 = 1.7296e-04
Loss = 3.2072e-04, PNorm = 111.2038, GNorm = 0.1154, lr_0 = 1.7290e-04
Loss = 2.7817e-04, PNorm = 111.2046, GNorm = 0.1328, lr_0 = 1.7283e-04
Loss = 3.1340e-04, PNorm = 111.2046, GNorm = 0.2377, lr_0 = 1.7277e-04
Loss = 3.0813e-04, PNorm = 111.2050, GNorm = 0.0430, lr_0 = 1.7270e-04
Loss = 3.0349e-04, PNorm = 111.2054, GNorm = 0.1236, lr_0 = 1.7263e-04
Loss = 3.0345e-04, PNorm = 111.2057, GNorm = 0.0907, lr_0 = 1.7257e-04
Loss = 2.7954e-04, PNorm = 111.2065, GNorm = 0.0525, lr_0 = 1.7250e-04
Loss = 3.2017e-04, PNorm = 111.2076, GNorm = 0.1621, lr_0 = 1.7243e-04
Loss = 2.7329e-04, PNorm = 111.2080, GNorm = 0.0563, lr_0 = 1.7237e-04
Loss = 2.7992e-04, PNorm = 111.2089, GNorm = 0.1073, lr_0 = 1.7230e-04
Loss = 2.6850e-04, PNorm = 111.2095, GNorm = 0.0811, lr_0 = 1.7223e-04
Loss = 2.9126e-04, PNorm = 111.2093, GNorm = 0.2301, lr_0 = 1.7217e-04
Loss = 3.0866e-04, PNorm = 111.2095, GNorm = 0.0896, lr_0 = 1.7210e-04
Loss = 3.0348e-04, PNorm = 111.2099, GNorm = 0.0421, lr_0 = 1.7204e-04
Loss = 2.7916e-04, PNorm = 111.2102, GNorm = 0.2887, lr_0 = 1.7197e-04
Loss = 2.5785e-04, PNorm = 111.2111, GNorm = 0.0755, lr_0 = 1.7190e-04
Loss = 3.0903e-04, PNorm = 111.2111, GNorm = 0.2034, lr_0 = 1.7184e-04
Loss = 2.6519e-04, PNorm = 111.2120, GNorm = 0.1364, lr_0 = 1.7177e-04
Loss = 2.6473e-04, PNorm = 111.2127, GNorm = 0.0730, lr_0 = 1.7171e-04
Loss = 2.6902e-04, PNorm = 111.2134, GNorm = 0.0401, lr_0 = 1.7164e-04
Loss = 2.7433e-04, PNorm = 111.2140, GNorm = 0.1734, lr_0 = 1.7157e-04
Loss = 2.7817e-04, PNorm = 111.2140, GNorm = 0.1378, lr_0 = 1.7151e-04
Loss = 2.5332e-04, PNorm = 111.2139, GNorm = 0.0470, lr_0 = 1.7144e-04
Loss = 2.4484e-04, PNorm = 111.2144, GNorm = 0.0707, lr_0 = 1.7138e-04
Loss = 2.4402e-04, PNorm = 111.2139, GNorm = 0.1438, lr_0 = 1.7131e-04
Loss = 2.6231e-04, PNorm = 111.2139, GNorm = 0.0572, lr_0 = 1.7124e-04
Loss = 2.4056e-04, PNorm = 111.2142, GNorm = 0.0774, lr_0 = 1.7118e-04
Loss = 2.5642e-04, PNorm = 111.2148, GNorm = 0.2461, lr_0 = 1.7111e-04
Loss = 2.5567e-04, PNorm = 111.2156, GNorm = 0.1342, lr_0 = 1.7105e-04
Loss = 2.5854e-04, PNorm = 111.2156, GNorm = 0.1129, lr_0 = 1.7098e-04
Loss = 2.1850e-04, PNorm = 111.2166, GNorm = 0.1099, lr_0 = 1.7092e-04
Loss = 2.6940e-04, PNorm = 111.2178, GNorm = 0.0446, lr_0 = 1.7085e-04
Loss = 2.6085e-04, PNorm = 111.2179, GNorm = 0.0745, lr_0 = 1.7078e-04
Loss = 2.4855e-04, PNorm = 111.2180, GNorm = 0.0640, lr_0 = 1.7072e-04
Loss = 2.7584e-04, PNorm = 111.2180, GNorm = 0.1361, lr_0 = 1.7065e-04
Loss = 3.0783e-04, PNorm = 111.2185, GNorm = 0.2727, lr_0 = 1.7059e-04
Loss = 2.7169e-04, PNorm = 111.2177, GNorm = 0.2907, lr_0 = 1.7052e-04
Loss = 3.2133e-04, PNorm = 111.2182, GNorm = 0.0712, lr_0 = 1.7046e-04
Loss = 3.0915e-04, PNorm = 111.2197, GNorm = 0.1083, lr_0 = 1.7039e-04
Loss = 2.5776e-04, PNorm = 111.2198, GNorm = 0.1765, lr_0 = 1.7032e-04
Loss = 2.8871e-04, PNorm = 111.2206, GNorm = 0.1255, lr_0 = 1.7026e-04
Loss = 3.0474e-04, PNorm = 111.2209, GNorm = 0.0410, lr_0 = 1.7019e-04
Loss = 2.7266e-04, PNorm = 111.2217, GNorm = 0.0918, lr_0 = 1.7013e-04
Loss = 3.1970e-04, PNorm = 111.2220, GNorm = 0.0730, lr_0 = 1.7006e-04
Loss = 2.9607e-04, PNorm = 111.2227, GNorm = 0.0781, lr_0 = 1.7000e-04
Loss = 2.3344e-04, PNorm = 111.2228, GNorm = 0.0545, lr_0 = 1.6993e-04
Loss = 2.9747e-04, PNorm = 111.2229, GNorm = 0.2509, lr_0 = 1.6987e-04
Loss = 3.1198e-04, PNorm = 111.2237, GNorm = 0.0323, lr_0 = 1.6980e-04
Loss = 2.6358e-04, PNorm = 111.2243, GNorm = 0.0582, lr_0 = 1.6974e-04
Loss = 2.6438e-04, PNorm = 111.2254, GNorm = 0.0678, lr_0 = 1.6967e-04
Loss = 2.8061e-04, PNorm = 111.2260, GNorm = 0.0748, lr_0 = 1.6961e-04
Loss = 2.4586e-04, PNorm = 111.2269, GNorm = 0.1240, lr_0 = 1.6954e-04
Loss = 2.8726e-04, PNorm = 111.2276, GNorm = 0.2064, lr_0 = 1.6948e-04
Loss = 2.5891e-04, PNorm = 111.2278, GNorm = 0.0855, lr_0 = 1.6941e-04
Loss = 2.6332e-04, PNorm = 111.2281, GNorm = 0.0644, lr_0 = 1.6935e-04
Loss = 2.3750e-04, PNorm = 111.2274, GNorm = 0.0704, lr_0 = 1.6928e-04
Loss = 2.6558e-04, PNorm = 111.2277, GNorm = 0.1242, lr_0 = 1.6922e-04
Loss = 2.4182e-04, PNorm = 111.2280, GNorm = 0.1753, lr_0 = 1.6915e-04
Loss = 2.4133e-04, PNorm = 111.2282, GNorm = 0.2561, lr_0 = 1.6909e-04
Loss = 2.3385e-04, PNorm = 111.2281, GNorm = 0.0791, lr_0 = 1.6902e-04
Loss = 2.2958e-04, PNorm = 111.2288, GNorm = 0.0434, lr_0 = 1.6896e-04
Loss = 2.6915e-04, PNorm = 111.2292, GNorm = 0.0949, lr_0 = 1.6889e-04
Loss = 3.4033e-04, PNorm = 111.2287, GNorm = 0.2441, lr_0 = 1.6883e-04
Loss = 3.2106e-04, PNorm = 111.2289, GNorm = 0.1003, lr_0 = 1.6876e-04
Loss = 2.7310e-04, PNorm = 111.2295, GNorm = 0.1308, lr_0 = 1.6870e-04
Loss = 2.6604e-04, PNorm = 111.2307, GNorm = 0.1622, lr_0 = 1.6863e-04
Loss = 3.2131e-04, PNorm = 111.2323, GNorm = 0.0671, lr_0 = 1.6857e-04
Loss = 2.6201e-04, PNorm = 111.2333, GNorm = 0.2478, lr_0 = 1.6850e-04
Loss = 3.3583e-04, PNorm = 111.2341, GNorm = 0.4652, lr_0 = 1.6844e-04
Loss = 2.8030e-04, PNorm = 111.2349, GNorm = 0.2222, lr_0 = 1.6837e-04
Loss = 2.5232e-04, PNorm = 111.2347, GNorm = 0.1396, lr_0 = 1.6831e-04
Loss = 2.5761e-04, PNorm = 111.2355, GNorm = 0.1144, lr_0 = 1.6824e-04
Loss = 2.8100e-04, PNorm = 111.2369, GNorm = 0.1352, lr_0 = 1.6818e-04
Loss = 2.6018e-04, PNorm = 111.2371, GNorm = 0.1499, lr_0 = 1.6811e-04
Loss = 2.5741e-04, PNorm = 111.2371, GNorm = 0.0695, lr_0 = 1.6805e-04
Loss = 2.4186e-04, PNorm = 111.2372, GNorm = 0.0489, lr_0 = 1.6798e-04
Loss = 2.7077e-04, PNorm = 111.2384, GNorm = 0.0926, lr_0 = 1.6792e-04
Loss = 2.7260e-04, PNorm = 111.2392, GNorm = 0.1054, lr_0 = 1.6785e-04
Loss = 2.8497e-04, PNorm = 111.2397, GNorm = 0.0673, lr_0 = 1.6779e-04
Loss = 3.3047e-04, PNorm = 111.2393, GNorm = 0.0432, lr_0 = 1.6773e-04
Loss = 2.8879e-04, PNorm = 111.2389, GNorm = 0.0622, lr_0 = 1.6766e-04
Loss = 2.4777e-04, PNorm = 111.2391, GNorm = 0.2059, lr_0 = 1.6760e-04
Loss = 2.4661e-04, PNorm = 111.2392, GNorm = 0.0417, lr_0 = 1.6753e-04
Loss = 2.8437e-04, PNorm = 111.2402, GNorm = 0.2109, lr_0 = 1.6747e-04
Loss = 2.6617e-04, PNorm = 111.2398, GNorm = 0.0739, lr_0 = 1.6740e-04
Loss = 2.7239e-04, PNorm = 111.2395, GNorm = 0.3586, lr_0 = 1.6734e-04
Loss = 3.0078e-04, PNorm = 111.2393, GNorm = 0.0953, lr_0 = 1.6727e-04
Loss = 2.8064e-04, PNorm = 111.2396, GNorm = 0.0579, lr_0 = 1.6721e-04
Loss = 2.4848e-04, PNorm = 111.2401, GNorm = 0.0761, lr_0 = 1.6715e-04
Loss = 3.2312e-04, PNorm = 111.2408, GNorm = 0.3298, lr_0 = 1.6708e-04
Loss = 2.9665e-04, PNorm = 111.2418, GNorm = 0.0896, lr_0 = 1.6702e-04
Loss = 2.7455e-04, PNorm = 111.2426, GNorm = 0.0959, lr_0 = 1.6695e-04
Loss = 2.6008e-04, PNorm = 111.2432, GNorm = 0.2668, lr_0 = 1.6689e-04
Loss = 2.5959e-04, PNorm = 111.2440, GNorm = 0.1505, lr_0 = 1.6683e-04
Loss = 2.5470e-04, PNorm = 111.2443, GNorm = 0.3018, lr_0 = 1.6676e-04
Loss = 2.6324e-04, PNorm = 111.2448, GNorm = 0.1295, lr_0 = 1.6670e-04
Loss = 2.5331e-04, PNorm = 111.2457, GNorm = 0.0602, lr_0 = 1.6663e-04
Loss = 2.4249e-04, PNorm = 111.2469, GNorm = 0.0713, lr_0 = 1.6657e-04
Loss = 2.4782e-04, PNorm = 111.2469, GNorm = 0.0663, lr_0 = 1.6650e-04
Loss = 2.6177e-04, PNorm = 111.2470, GNorm = 0.0940, lr_0 = 1.6644e-04
Loss = 2.0816e-04, PNorm = 111.2476, GNorm = 0.0430, lr_0 = 1.6638e-04
Loss = 2.8464e-04, PNorm = 111.2477, GNorm = 0.2287, lr_0 = 1.6631e-04
Loss = 2.6065e-04, PNorm = 111.2480, GNorm = 0.2972, lr_0 = 1.6625e-04
Loss = 3.1681e-04, PNorm = 111.2479, GNorm = 0.2115, lr_0 = 1.6618e-04
Loss = 2.7121e-04, PNorm = 111.2484, GNorm = 0.1535, lr_0 = 1.6612e-04
Loss = 2.5816e-04, PNorm = 111.2495, GNorm = 0.2233, lr_0 = 1.6606e-04
Loss = 3.1470e-04, PNorm = 111.2491, GNorm = 0.1973, lr_0 = 1.6599e-04
Loss = 3.0178e-04, PNorm = 111.2496, GNorm = 0.2310, lr_0 = 1.6593e-04
Loss = 2.4792e-04, PNorm = 111.2502, GNorm = 0.1275, lr_0 = 1.6587e-04
Loss = 2.2602e-04, PNorm = 111.2505, GNorm = 0.0800, lr_0 = 1.6580e-04
Loss = 2.8182e-04, PNorm = 111.2506, GNorm = 0.1073, lr_0 = 1.6574e-04
Loss = 2.6223e-04, PNorm = 111.2500, GNorm = 0.1109, lr_0 = 1.6567e-04
Loss = 3.2071e-04, PNorm = 111.2498, GNorm = 0.2458, lr_0 = 1.6561e-04
Loss = 2.6697e-04, PNorm = 111.2510, GNorm = 0.2283, lr_0 = 1.6555e-04
Loss = 3.0758e-04, PNorm = 111.2511, GNorm = 0.0797, lr_0 = 1.6548e-04
Loss = 2.8274e-04, PNorm = 111.2521, GNorm = 0.0671, lr_0 = 1.6542e-04
Loss = 2.9404e-04, PNorm = 111.2527, GNorm = 0.0333, lr_0 = 1.6536e-04
Loss = 2.8449e-04, PNorm = 111.2525, GNorm = 0.0774, lr_0 = 1.6529e-04
Loss = 2.7813e-04, PNorm = 111.2530, GNorm = 0.1979, lr_0 = 1.6523e-04
Loss = 2.2824e-04, PNorm = 111.2543, GNorm = 0.0770, lr_0 = 1.6517e-04
Loss = 2.6282e-04, PNorm = 111.2537, GNorm = 0.0592, lr_0 = 1.6510e-04
Loss = 2.3946e-04, PNorm = 111.2540, GNorm = 0.0639, lr_0 = 1.6504e-04
Loss = 2.1880e-04, PNorm = 111.2542, GNorm = 0.0811, lr_0 = 1.6498e-04
Loss = 2.6969e-04, PNorm = 111.2548, GNorm = 0.1435, lr_0 = 1.6491e-04
Loss = 2.3397e-04, PNorm = 111.2555, GNorm = 0.0771, lr_0 = 1.6485e-04
Loss = 2.7196e-04, PNorm = 111.2564, GNorm = 0.2621, lr_0 = 1.6479e-04
Loss = 3.0059e-04, PNorm = 111.2569, GNorm = 0.0473, lr_0 = 1.6472e-04
Loss = 3.2484e-04, PNorm = 111.2567, GNorm = 0.0680, lr_0 = 1.6466e-04
Loss = 2.6639e-04, PNorm = 111.2565, GNorm = 0.1216, lr_0 = 1.6460e-04
Loss = 2.8742e-04, PNorm = 111.2572, GNorm = 0.1466, lr_0 = 1.6453e-04
Loss = 2.9590e-04, PNorm = 111.2572, GNorm = 0.0546, lr_0 = 1.6447e-04
Loss = 2.7959e-04, PNorm = 111.2579, GNorm = 0.0686, lr_0 = 1.6441e-04
Loss = 2.7766e-04, PNorm = 111.2584, GNorm = 0.0976, lr_0 = 1.6434e-04
Loss = 2.8028e-04, PNorm = 111.2585, GNorm = 0.0489, lr_0 = 1.6428e-04
Loss = 2.6622e-04, PNorm = 111.2583, GNorm = 0.0469, lr_0 = 1.6422e-04
Loss = 2.2661e-04, PNorm = 111.2585, GNorm = 0.1078, lr_0 = 1.6415e-04
Loss = 2.8360e-04, PNorm = 111.2594, GNorm = 0.2400, lr_0 = 1.6409e-04
Loss = 2.3700e-04, PNorm = 111.2599, GNorm = 0.0968, lr_0 = 1.6403e-04
Loss = 2.4755e-04, PNorm = 111.2598, GNorm = 0.3598, lr_0 = 1.6396e-04
Loss = 3.1401e-04, PNorm = 111.2601, GNorm = 0.3327, lr_0 = 1.6390e-04
Loss = 2.8980e-04, PNorm = 111.2611, GNorm = 0.3747, lr_0 = 1.6384e-04
Loss = 2.9994e-04, PNorm = 111.2617, GNorm = 0.2259, lr_0 = 1.6377e-04
Loss = 3.5427e-04, PNorm = 111.2617, GNorm = 0.1446, lr_0 = 1.6371e-04
Loss = 3.2658e-04, PNorm = 111.2617, GNorm = 0.2155, lr_0 = 1.6365e-04
Loss = 3.4757e-04, PNorm = 111.2625, GNorm = 0.0475, lr_0 = 1.6359e-04
Loss = 2.7767e-04, PNorm = 111.2635, GNorm = 0.0431, lr_0 = 1.6352e-04
Loss = 2.7306e-04, PNorm = 111.2645, GNorm = 0.0913, lr_0 = 1.6346e-04
Loss = 2.6859e-04, PNorm = 111.2651, GNorm = 0.0422, lr_0 = 1.6340e-04
Loss = 2.6063e-04, PNorm = 111.2658, GNorm = 0.2450, lr_0 = 1.6333e-04
Loss = 3.0231e-04, PNorm = 111.2671, GNorm = 0.2811, lr_0 = 1.6327e-04
Loss = 3.0392e-04, PNorm = 111.2680, GNorm = 0.1253, lr_0 = 1.6321e-04
Loss = 2.7228e-04, PNorm = 111.2695, GNorm = 0.1308, lr_0 = 1.6315e-04
Loss = 2.7563e-04, PNorm = 111.2704, GNorm = 0.0526, lr_0 = 1.6308e-04
Loss = 2.2557e-04, PNorm = 111.2704, GNorm = 0.0964, lr_0 = 1.6302e-04
Loss = 2.8038e-04, PNorm = 111.2704, GNorm = 0.0597, lr_0 = 1.6296e-04
Loss = 2.7587e-04, PNorm = 111.2717, GNorm = 0.1385, lr_0 = 1.6290e-04
Loss = 2.5123e-04, PNorm = 111.2724, GNorm = 0.0884, lr_0 = 1.6283e-04
Loss = 2.3003e-04, PNorm = 111.2730, GNorm = 0.0786, lr_0 = 1.6277e-04
Loss = 2.4909e-04, PNorm = 111.2728, GNorm = 0.0860, lr_0 = 1.6271e-04
Loss = 2.5797e-04, PNorm = 111.2727, GNorm = 0.1379, lr_0 = 1.6265e-04
Loss = 2.7013e-04, PNorm = 111.2733, GNorm = 0.1746, lr_0 = 1.6258e-04
Loss = 2.7486e-04, PNorm = 111.2730, GNorm = 0.0841, lr_0 = 1.6252e-04
Loss = 3.0907e-04, PNorm = 111.2731, GNorm = 0.0430, lr_0 = 1.6246e-04
Loss = 2.7158e-04, PNorm = 111.2732, GNorm = 0.0633, lr_0 = 1.6240e-04
Loss = 2.8361e-04, PNorm = 111.2727, GNorm = 0.1057, lr_0 = 1.6233e-04
Loss = 2.8605e-04, PNorm = 111.2726, GNorm = 0.1689, lr_0 = 1.6227e-04
Loss = 2.5695e-04, PNorm = 111.2727, GNorm = 0.1758, lr_0 = 1.6221e-04
Loss = 2.7658e-04, PNorm = 111.2729, GNorm = 0.1458, lr_0 = 1.6215e-04
Loss = 2.9090e-04, PNorm = 111.2739, GNorm = 0.1918, lr_0 = 1.6208e-04
Loss = 2.7005e-04, PNorm = 111.2741, GNorm = 0.2168, lr_0 = 1.6202e-04
Loss = 2.7768e-04, PNorm = 111.2741, GNorm = 0.1002, lr_0 = 1.6196e-04
Loss = 2.5440e-04, PNorm = 111.2742, GNorm = 0.0816, lr_0 = 1.6190e-04
Loss = 2.6884e-04, PNorm = 111.2746, GNorm = 0.2190, lr_0 = 1.6183e-04
Loss = 3.4860e-04, PNorm = 111.2747, GNorm = 0.0335, lr_0 = 1.6177e-04
Loss = 2.7045e-04, PNorm = 111.2751, GNorm = 0.0437, lr_0 = 1.6171e-04
Loss = 2.6674e-04, PNorm = 111.2764, GNorm = 0.0650, lr_0 = 1.6165e-04
Loss = 2.4287e-04, PNorm = 111.2766, GNorm = 0.0994, lr_0 = 1.6159e-04
Loss = 2.8584e-04, PNorm = 111.2760, GNorm = 0.0863, lr_0 = 1.6152e-04
Loss = 2.2738e-04, PNorm = 111.2757, GNorm = 0.0604, lr_0 = 1.6146e-04
Loss = 3.1944e-04, PNorm = 111.2767, GNorm = 0.1503, lr_0 = 1.6140e-04
Loss = 3.1289e-04, PNorm = 111.2780, GNorm = 0.0782, lr_0 = 1.6134e-04
Loss = 2.6481e-04, PNorm = 111.2784, GNorm = 0.0706, lr_0 = 1.6128e-04
Loss = 2.3940e-04, PNorm = 111.2792, GNorm = 0.0606, lr_0 = 1.6121e-04
Loss = 2.5096e-04, PNorm = 111.2796, GNorm = 0.0407, lr_0 = 1.6115e-04
Loss = 2.9207e-04, PNorm = 111.2797, GNorm = 0.1149, lr_0 = 1.6109e-04
Loss = 2.1502e-04, PNorm = 111.2803, GNorm = 0.0663, lr_0 = 1.6103e-04
Loss = 2.5803e-04, PNorm = 111.2806, GNorm = 0.1023, lr_0 = 1.6097e-04
Loss = 2.6224e-04, PNorm = 111.2807, GNorm = 0.1263, lr_0 = 1.6090e-04
Loss = 2.7967e-04, PNorm = 111.2819, GNorm = 0.2628, lr_0 = 1.6084e-04
Loss = 2.6138e-04, PNorm = 111.2829, GNorm = 0.0476, lr_0 = 1.6078e-04
Loss = 2.5671e-04, PNorm = 111.2836, GNorm = 0.0406, lr_0 = 1.6072e-04
Loss = 2.6315e-04, PNorm = 111.2838, GNorm = 0.0799, lr_0 = 1.6066e-04
Loss = 2.3956e-04, PNorm = 111.2840, GNorm = 0.1251, lr_0 = 1.6059e-04
Loss = 2.4146e-04, PNorm = 111.2847, GNorm = 0.2471, lr_0 = 1.6053e-04
Loss = 2.3124e-04, PNorm = 111.2850, GNorm = 0.0422, lr_0 = 1.6047e-04
Loss = 2.2232e-04, PNorm = 111.2839, GNorm = 0.1548, lr_0 = 1.6041e-04
Loss = 2.0775e-04, PNorm = 111.2838, GNorm = 0.0510, lr_0 = 1.6035e-04
Loss = 2.0861e-04, PNorm = 111.2848, GNorm = 0.1082, lr_0 = 1.6029e-04
Loss = 2.4608e-04, PNorm = 111.2851, GNorm = 0.0725, lr_0 = 1.6022e-04
Loss = 2.0071e-04, PNorm = 111.2852, GNorm = 0.0698, lr_0 = 1.6016e-04
Loss = 2.1961e-04, PNorm = 111.2851, GNorm = 0.1495, lr_0 = 1.6010e-04
Loss = 2.0256e-04, PNorm = 111.2851, GNorm = 0.1502, lr_0 = 1.6004e-04
Loss = 1.9307e-04, PNorm = 111.2860, GNorm = 0.0555, lr_0 = 1.5998e-04
Loss = 2.1212e-04, PNorm = 111.2866, GNorm = 0.2501, lr_0 = 1.5992e-04
Loss = 2.1254e-04, PNorm = 111.2867, GNorm = 0.1932, lr_0 = 1.5986e-04
Loss = 2.2656e-04, PNorm = 111.2873, GNorm = 0.0538, lr_0 = 1.5979e-04
Loss = 2.5491e-04, PNorm = 111.2884, GNorm = 0.1336, lr_0 = 1.5973e-04
Loss = 2.2091e-04, PNorm = 111.2892, GNorm = 0.1873, lr_0 = 1.5967e-04
Loss = 1.8797e-04, PNorm = 111.2892, GNorm = 0.0581, lr_0 = 1.5961e-04
Loss = 2.0143e-04, PNorm = 111.2896, GNorm = 0.1052, lr_0 = 1.5955e-04
Loss = 1.9688e-04, PNorm = 111.2901, GNorm = 0.1513, lr_0 = 1.5949e-04
Loss = 1.9582e-04, PNorm = 111.2907, GNorm = 0.0883, lr_0 = 1.5943e-04
Loss = 2.2981e-04, PNorm = 111.2916, GNorm = 0.0676, lr_0 = 1.5936e-04
Loss = 2.1039e-04, PNorm = 111.2919, GNorm = 0.0329, lr_0 = 1.5930e-04
Loss = 1.9501e-04, PNorm = 111.2914, GNorm = 0.1211, lr_0 = 1.5924e-04
Loss = 1.8908e-04, PNorm = 111.2914, GNorm = 0.0789, lr_0 = 1.5918e-04
Loss = 2.3117e-04, PNorm = 111.2920, GNorm = 0.0542, lr_0 = 1.5912e-04
Loss = 2.0498e-04, PNorm = 111.2924, GNorm = 0.1462, lr_0 = 1.5906e-04
Loss = 2.1368e-04, PNorm = 111.2928, GNorm = 0.0985, lr_0 = 1.5900e-04
Loss = 2.1773e-04, PNorm = 111.2935, GNorm = 0.1695, lr_0 = 1.5894e-04
Loss = 1.9795e-04, PNorm = 111.2940, GNorm = 0.0841, lr_0 = 1.5887e-04
Loss = 2.2210e-04, PNorm = 111.2943, GNorm = 0.1150, lr_0 = 1.5881e-04
Loss = 2.2106e-04, PNorm = 111.2944, GNorm = 0.0436, lr_0 = 1.5875e-04
Loss = 2.1362e-04, PNorm = 111.2940, GNorm = 0.0606, lr_0 = 1.5869e-04
Loss = 1.9520e-04, PNorm = 111.2944, GNorm = 0.1096, lr_0 = 1.5863e-04
Loss = 2.1302e-04, PNorm = 111.2951, GNorm = 0.1477, lr_0 = 1.5857e-04
Loss = 2.4318e-04, PNorm = 111.2963, GNorm = 0.0848, lr_0 = 1.5851e-04
Loss = 2.0134e-04, PNorm = 111.2968, GNorm = 0.0844, lr_0 = 1.5845e-04
Loss = 2.0130e-04, PNorm = 111.2977, GNorm = 0.0936, lr_0 = 1.5839e-04
Loss = 2.6387e-04, PNorm = 111.2989, GNorm = 0.1526, lr_0 = 1.5833e-04
Loss = 3.1713e-04, PNorm = 111.2994, GNorm = 0.1910, lr_0 = 1.5827e-04
Loss = 2.9998e-04, PNorm = 111.3001, GNorm = 0.3135, lr_0 = 1.5820e-04
Loss = 2.2088e-04, PNorm = 111.3001, GNorm = 0.0703, lr_0 = 1.5814e-04
Loss = 2.8598e-04, PNorm = 111.3004, GNorm = 0.2820, lr_0 = 1.5808e-04
Loss = 3.1271e-04, PNorm = 111.3007, GNorm = 0.1498, lr_0 = 1.5802e-04
Loss = 3.2400e-04, PNorm = 111.3012, GNorm = 0.0737, lr_0 = 1.5796e-04
Loss = 3.4506e-04, PNorm = 111.3016, GNorm = 0.0489, lr_0 = 1.5790e-04
Loss = 2.9650e-04, PNorm = 111.3018, GNorm = 0.0435, lr_0 = 1.5784e-04
Loss = 3.8322e-04, PNorm = 111.3018, GNorm = 0.0522, lr_0 = 1.5778e-04
Loss = 4.0233e-04, PNorm = 111.3029, GNorm = 0.1565, lr_0 = 1.5772e-04
Loss = 3.7287e-04, PNorm = 111.3036, GNorm = 0.1964, lr_0 = 1.5766e-04
Loss = 3.1356e-04, PNorm = 111.3050, GNorm = 0.2207, lr_0 = 1.5760e-04
Loss = 2.9927e-04, PNorm = 111.3058, GNorm = 0.0381, lr_0 = 1.5754e-04
Loss = 3.0391e-04, PNorm = 111.3058, GNorm = 0.1314, lr_0 = 1.5748e-04
Loss = 3.0996e-04, PNorm = 111.3060, GNorm = 0.1037, lr_0 = 1.5742e-04
Loss = 2.0994e-04, PNorm = 111.3071, GNorm = 0.0735, lr_0 = 1.5736e-04
Loss = 2.8035e-04, PNorm = 111.3081, GNorm = 0.0857, lr_0 = 1.5729e-04
Loss = 2.8042e-04, PNorm = 111.3090, GNorm = 0.2311, lr_0 = 1.5723e-04
Loss = 2.8630e-04, PNorm = 111.3097, GNorm = 0.1857, lr_0 = 1.5717e-04
Loss = 2.6075e-04, PNorm = 111.3110, GNorm = 0.0774, lr_0 = 1.5711e-04
Loss = 2.7565e-04, PNorm = 111.3115, GNorm = 0.1014, lr_0 = 1.5705e-04
Loss = 3.2514e-04, PNorm = 111.3121, GNorm = 0.4266, lr_0 = 1.5699e-04
Loss = 2.9603e-04, PNorm = 111.3132, GNorm = 0.4590, lr_0 = 1.5693e-04
Loss = 3.4514e-04, PNorm = 111.3139, GNorm = 0.2257, lr_0 = 1.5687e-04
Loss = 2.3642e-04, PNorm = 111.3140, GNorm = 0.2227, lr_0 = 1.5681e-04
Loss = 3.0078e-04, PNorm = 111.3135, GNorm = 0.2574, lr_0 = 1.5675e-04
Loss = 2.8764e-04, PNorm = 111.3133, GNorm = 0.0817, lr_0 = 1.5669e-04
Loss = 2.6886e-04, PNorm = 111.3136, GNorm = 0.1213, lr_0 = 1.5663e-04
Loss = 2.6728e-04, PNorm = 111.3147, GNorm = 0.1341, lr_0 = 1.5657e-04
Loss = 2.4768e-04, PNorm = 111.3149, GNorm = 0.2190, lr_0 = 1.5651e-04
Loss = 3.0127e-04, PNorm = 111.3153, GNorm = 0.1698, lr_0 = 1.5645e-04
Loss = 2.9199e-04, PNorm = 111.3155, GNorm = 0.2542, lr_0 = 1.5639e-04
Loss = 2.5340e-04, PNorm = 111.3154, GNorm = 0.1550, lr_0 = 1.5633e-04
Loss = 2.6861e-04, PNorm = 111.3157, GNorm = 0.1638, lr_0 = 1.5627e-04
Loss = 2.3497e-04, PNorm = 111.3157, GNorm = 0.0618, lr_0 = 1.5621e-04
Loss = 2.4878e-04, PNorm = 111.3163, GNorm = 0.0439, lr_0 = 1.5615e-04
Loss = 2.2390e-04, PNorm = 111.3164, GNorm = 0.0568, lr_0 = 1.5609e-04
Loss = 2.5505e-04, PNorm = 111.3163, GNorm = 0.2360, lr_0 = 1.5603e-04
Loss = 2.6760e-04, PNorm = 111.3168, GNorm = 0.0702, lr_0 = 1.5597e-04
Loss = 2.3244e-04, PNorm = 111.3172, GNorm = 0.0874, lr_0 = 1.5591e-04
Loss = 2.2986e-04, PNorm = 111.3176, GNorm = 0.0495, lr_0 = 1.5585e-04
Loss = 1.8767e-04, PNorm = 111.3185, GNorm = 0.0722, lr_0 = 1.5579e-04
Loss = 2.8051e-04, PNorm = 111.3191, GNorm = 0.2227, lr_0 = 1.5573e-04
Loss = 3.0569e-04, PNorm = 111.3195, GNorm = 0.2926, lr_0 = 1.5567e-04
Loss = 2.6410e-04, PNorm = 111.3196, GNorm = 0.1601, lr_0 = 1.5561e-04
Loss = 2.3438e-04, PNorm = 111.3199, GNorm = 0.0560, lr_0 = 1.5555e-04
Loss = 2.1695e-04, PNorm = 111.3201, GNorm = 0.1687, lr_0 = 1.5549e-04
Loss = 2.1707e-04, PNorm = 111.3203, GNorm = 0.0572, lr_0 = 1.5543e-04
Loss = 2.6863e-04, PNorm = 111.3206, GNorm = 0.2086, lr_0 = 1.5537e-04
Loss = 2.3929e-04, PNorm = 111.3204, GNorm = 0.1539, lr_0 = 1.5531e-04
Loss = 2.4289e-04, PNorm = 111.3204, GNorm = 0.1862, lr_0 = 1.5525e-04
Loss = 2.3602e-04, PNorm = 111.3209, GNorm = 0.1679, lr_0 = 1.5519e-04
Loss = 2.4629e-04, PNorm = 111.3208, GNorm = 0.2439, lr_0 = 1.5513e-04
Loss = 2.2665e-04, PNorm = 111.3204, GNorm = 0.1081, lr_0 = 1.5507e-04
Loss = 2.3655e-04, PNorm = 111.3203, GNorm = 0.0724, lr_0 = 1.5501e-04
Loss = 2.2689e-04, PNorm = 111.3208, GNorm = 0.0570, lr_0 = 1.5495e-04
Loss = 1.9017e-04, PNorm = 111.3208, GNorm = 0.0856, lr_0 = 1.5489e-04
Loss = 2.3885e-04, PNorm = 111.3218, GNorm = 0.1707, lr_0 = 1.5483e-04
Loss = 2.1209e-04, PNorm = 111.3220, GNorm = 0.0454, lr_0 = 1.5478e-04
Loss = 1.8570e-04, PNorm = 111.3216, GNorm = 0.0350, lr_0 = 1.5472e-04
Loss = 1.8260e-04, PNorm = 111.3213, GNorm = 0.1194, lr_0 = 1.5466e-04
Loss = 2.0465e-04, PNorm = 111.3216, GNorm = 0.1178, lr_0 = 1.5460e-04
Loss = 2.0409e-04, PNorm = 111.3217, GNorm = 0.0325, lr_0 = 1.5454e-04
Loss = 1.8552e-04, PNorm = 111.3220, GNorm = 0.0551, lr_0 = 1.5448e-04
Loss = 2.0108e-04, PNorm = 111.3222, GNorm = 0.0694, lr_0 = 1.5442e-04
Loss = 1.8906e-04, PNorm = 111.3226, GNorm = 0.1279, lr_0 = 1.5436e-04
Loss = 2.1919e-04, PNorm = 111.3234, GNorm = 0.3610, lr_0 = 1.5430e-04
Loss = 2.0016e-04, PNorm = 111.3232, GNorm = 0.1536, lr_0 = 1.5424e-04
Loss = 1.8088e-04, PNorm = 111.3231, GNorm = 0.1117, lr_0 = 1.5418e-04
Loss = 1.8850e-04, PNorm = 111.3233, GNorm = 0.1347, lr_0 = 1.5412e-04
Loss = 2.0548e-04, PNorm = 111.3236, GNorm = 0.1758, lr_0 = 1.5406e-04
Loss = 1.8413e-04, PNorm = 111.3241, GNorm = 0.1118, lr_0 = 1.5400e-04
Loss = 2.0636e-04, PNorm = 111.3247, GNorm = 0.2001, lr_0 = 1.5394e-04
Loss = 2.2672e-04, PNorm = 111.3255, GNorm = 0.2609, lr_0 = 1.5389e-04
Loss = 2.0495e-04, PNorm = 111.3265, GNorm = 0.2173, lr_0 = 1.5383e-04
Loss = 2.0666e-04, PNorm = 111.3270, GNorm = 0.0822, lr_0 = 1.5377e-04
Loss = 1.9097e-04, PNorm = 111.3276, GNorm = 0.0585, lr_0 = 1.5371e-04
Loss = 2.4341e-04, PNorm = 111.3281, GNorm = 0.1128, lr_0 = 1.5365e-04
Loss = 2.2587e-04, PNorm = 111.3287, GNorm = 0.0833, lr_0 = 1.5359e-04
Loss = 2.4423e-04, PNorm = 111.3287, GNorm = 0.2131, lr_0 = 1.5353e-04
Loss = 2.4164e-04, PNorm = 111.3295, GNorm = 0.3680, lr_0 = 1.5347e-04
Loss = 2.2650e-04, PNorm = 111.3303, GNorm = 0.0559, lr_0 = 1.5341e-04
Loss = 2.0938e-04, PNorm = 111.3309, GNorm = 0.2768, lr_0 = 1.5335e-04
Loss = 2.1103e-04, PNorm = 111.3314, GNorm = 0.0433, lr_0 = 1.5329e-04
Loss = 2.2848e-04, PNorm = 111.3313, GNorm = 0.1959, lr_0 = 1.5324e-04
Loss = 2.1498e-04, PNorm = 111.3308, GNorm = 0.0803, lr_0 = 1.5318e-04
Loss = 2.0997e-04, PNorm = 111.3311, GNorm = 0.0858, lr_0 = 1.5312e-04
Loss = 2.3074e-04, PNorm = 111.3329, GNorm = 0.1516, lr_0 = 1.5306e-04
Loss = 2.2765e-04, PNorm = 111.3334, GNorm = 0.0399, lr_0 = 1.5300e-04
Loss = 2.4333e-04, PNorm = 111.3331, GNorm = 0.0869, lr_0 = 1.5294e-04
Loss = 2.2189e-04, PNorm = 111.3336, GNorm = 0.0707, lr_0 = 1.5288e-04
Loss = 2.2582e-04, PNorm = 111.3343, GNorm = 0.0446, lr_0 = 1.5282e-04
Loss = 2.0846e-04, PNorm = 111.3339, GNorm = 0.1047, lr_0 = 1.5276e-04
Loss = 2.2787e-04, PNorm = 111.3336, GNorm = 0.0474, lr_0 = 1.5271e-04
Loss = 1.8077e-04, PNorm = 111.3338, GNorm = 0.1077, lr_0 = 1.5265e-04
Loss = 1.7675e-04, PNorm = 111.3341, GNorm = 0.0312, lr_0 = 1.5259e-04
Loss = 1.7571e-04, PNorm = 111.3340, GNorm = 0.0863, lr_0 = 1.5253e-04
Loss = 1.6766e-04, PNorm = 111.3340, GNorm = 0.0753, lr_0 = 1.5247e-04
Loss = 1.6831e-04, PNorm = 111.3337, GNorm = 0.0404, lr_0 = 1.5241e-04
Loss = 2.1360e-04, PNorm = 111.3338, GNorm = 0.1191, lr_0 = 1.5235e-04
Loss = 1.9938e-04, PNorm = 111.3337, GNorm = 0.0560, lr_0 = 1.5230e-04
Loss = 1.9099e-04, PNorm = 111.3338, GNorm = 0.0394, lr_0 = 1.5224e-04
Loss = 1.8685e-04, PNorm = 111.3338, GNorm = 0.2345, lr_0 = 1.5218e-04
Loss = 1.8193e-04, PNorm = 111.3337, GNorm = 0.0606, lr_0 = 1.5212e-04
Loss = 1.6637e-04, PNorm = 111.3343, GNorm = 0.1764, lr_0 = 1.5206e-04
Loss = 1.7295e-04, PNorm = 111.3345, GNorm = 0.0786, lr_0 = 1.5200e-04
Loss = 1.7289e-04, PNorm = 111.3347, GNorm = 0.1882, lr_0 = 1.5194e-04
Loss = 1.8202e-04, PNorm = 111.3345, GNorm = 0.1237, lr_0 = 1.5189e-04
Loss = 2.1722e-04, PNorm = 111.3343, GNorm = 0.2146, lr_0 = 1.5183e-04
Loss = 1.9866e-04, PNorm = 111.3349, GNorm = 0.0411, lr_0 = 1.5177e-04
Loss = 1.9328e-04, PNorm = 111.3360, GNorm = 0.0565, lr_0 = 1.5171e-04
Loss = 2.1979e-04, PNorm = 111.3366, GNorm = 0.0771, lr_0 = 1.5165e-04
Loss = 1.8389e-04, PNorm = 111.3367, GNorm = 0.0698, lr_0 = 1.5159e-04
Loss = 2.0671e-04, PNorm = 111.3364, GNorm = 0.0812, lr_0 = 1.5154e-04
Loss = 1.7085e-04, PNorm = 111.3364, GNorm = 0.0597, lr_0 = 1.5148e-04
Loss = 1.7109e-04, PNorm = 111.3361, GNorm = 0.0654, lr_0 = 1.5142e-04
Loss = 1.8187e-04, PNorm = 111.3358, GNorm = 0.0379, lr_0 = 1.5136e-04
Loss = 1.5816e-04, PNorm = 111.3357, GNorm = 0.0339, lr_0 = 1.5130e-04
Loss = 1.6073e-04, PNorm = 111.3364, GNorm = 0.0971, lr_0 = 1.5125e-04
Loss = 1.7499e-04, PNorm = 111.3370, GNorm = 0.0610, lr_0 = 1.5119e-04
Loss = 1.9926e-04, PNorm = 111.3373, GNorm = 0.1741, lr_0 = 1.5113e-04
Loss = 1.8460e-04, PNorm = 111.3372, GNorm = 0.0673, lr_0 = 1.5107e-04
Loss = 1.7418e-04, PNorm = 111.3369, GNorm = 0.1157, lr_0 = 1.5101e-04
Loss = 1.6107e-04, PNorm = 111.3374, GNorm = 0.1916, lr_0 = 1.5096e-04
Loss = 1.9605e-04, PNorm = 111.3378, GNorm = 0.1912, lr_0 = 1.5090e-04
Loss = 2.8019e-04, PNorm = 111.3382, GNorm = 0.2699, lr_0 = 1.5084e-04
Loss = 2.8627e-04, PNorm = 111.3380, GNorm = 0.2553, lr_0 = 1.5078e-04
Loss = 2.3446e-04, PNorm = 111.3389, GNorm = 0.2554, lr_0 = 1.5072e-04
Loss = 2.5677e-04, PNorm = 111.3385, GNorm = 0.1064, lr_0 = 1.5067e-04
Loss = 2.5724e-04, PNorm = 111.3382, GNorm = 0.1435, lr_0 = 1.5061e-04
Loss = 2.4201e-04, PNorm = 111.3387, GNorm = 0.2072, lr_0 = 1.5055e-04
Loss = 2.4308e-04, PNorm = 111.3384, GNorm = 0.0589, lr_0 = 1.5049e-04
Loss = 2.5795e-04, PNorm = 111.3390, GNorm = 0.1821, lr_0 = 1.5043e-04
Loss = 2.4447e-04, PNorm = 111.3409, GNorm = 0.0830, lr_0 = 1.5038e-04
Loss = 2.4989e-04, PNorm = 111.3417, GNorm = 0.2885, lr_0 = 1.5032e-04
Loss = 2.4318e-04, PNorm = 111.3415, GNorm = 0.1398, lr_0 = 1.5026e-04
Loss = 2.2847e-04, PNorm = 111.3413, GNorm = 0.0503, lr_0 = 1.5020e-04
Loss = 2.3766e-04, PNorm = 111.3417, GNorm = 0.1806, lr_0 = 1.5014e-04
Loss = 2.0709e-04, PNorm = 111.3420, GNorm = 0.0595, lr_0 = 1.5009e-04
Loss = 2.0017e-04, PNorm = 111.3424, GNorm = 0.1983, lr_0 = 1.5003e-04
Loss = 1.9543e-04, PNorm = 111.3423, GNorm = 0.1065, lr_0 = 1.4997e-04
Loss = 1.8145e-04, PNorm = 111.3421, GNorm = 0.0433, lr_0 = 1.4991e-04
Loss = 1.8349e-04, PNorm = 111.3426, GNorm = 0.0548, lr_0 = 1.4986e-04
Loss = 2.1332e-04, PNorm = 111.3430, GNorm = 0.4488, lr_0 = 1.4980e-04
Loss = 2.5016e-04, PNorm = 111.3442, GNorm = 0.1667, lr_0 = 1.4974e-04
Loss = 3.0430e-04, PNorm = 111.3453, GNorm = 0.0305, lr_0 = 1.4968e-04
Loss = 2.2206e-04, PNorm = 111.3455, GNorm = 0.0734, lr_0 = 1.4963e-04
Loss = 2.8952e-04, PNorm = 111.3457, GNorm = 0.0738, lr_0 = 1.4957e-04
Loss = 3.1886e-04, PNorm = 111.3458, GNorm = 0.0894, lr_0 = 1.4951e-04
Loss = 2.9173e-04, PNorm = 111.3458, GNorm = 0.0657, lr_0 = 1.4945e-04
Loss = 2.5580e-04, PNorm = 111.3463, GNorm = 0.1639, lr_0 = 1.4940e-04
Loss = 2.2359e-04, PNorm = 111.3465, GNorm = 0.1427, lr_0 = 1.4934e-04
Loss = 1.9833e-04, PNorm = 111.3468, GNorm = 0.2229, lr_0 = 1.4928e-04
Loss = 2.4813e-04, PNorm = 111.3475, GNorm = 0.1399, lr_0 = 1.4922e-04
Loss = 2.2078e-04, PNorm = 111.3487, GNorm = 0.1160, lr_0 = 1.4917e-04
Loss = 2.2104e-04, PNorm = 111.3491, GNorm = 0.2039, lr_0 = 1.4911e-04
Loss = 2.1082e-04, PNorm = 111.3486, GNorm = 0.1075, lr_0 = 1.4905e-04
Loss = 2.4254e-04, PNorm = 111.3490, GNorm = 0.0504, lr_0 = 1.4899e-04
Loss = 2.2598e-04, PNorm = 111.3491, GNorm = 0.0563, lr_0 = 1.4894e-04
Loss = 2.0524e-04, PNorm = 111.3490, GNorm = 0.1305, lr_0 = 1.4888e-04
Loss = 1.7829e-04, PNorm = 111.3494, GNorm = 0.0987, lr_0 = 1.4882e-04
Loss = 2.3874e-04, PNorm = 111.3495, GNorm = 0.0963, lr_0 = 1.4877e-04
Loss = 2.0345e-04, PNorm = 111.3501, GNorm = 0.0419, lr_0 = 1.4871e-04
Loss = 1.9040e-04, PNorm = 111.3510, GNorm = 0.0666, lr_0 = 1.4865e-04
Loss = 2.3397e-04, PNorm = 111.3517, GNorm = 0.1749, lr_0 = 1.4859e-04
Loss = 2.0884e-04, PNorm = 111.3519, GNorm = 0.0344, lr_0 = 1.4854e-04
Loss = 1.8008e-04, PNorm = 111.3517, GNorm = 0.0777, lr_0 = 1.4848e-04
Loss = 1.7139e-04, PNorm = 111.3511, GNorm = 0.0515, lr_0 = 1.4842e-04
Loss = 1.7659e-04, PNorm = 111.3512, GNorm = 0.0861, lr_0 = 1.4837e-04
Loss = 1.7603e-04, PNorm = 111.3513, GNorm = 0.0472, lr_0 = 1.4831e-04
Loss = 2.2036e-04, PNorm = 111.3514, GNorm = 0.0587, lr_0 = 1.4825e-04
Loss = 1.9188e-04, PNorm = 111.3520, GNorm = 0.0589, lr_0 = 1.4819e-04
Loss = 1.7922e-04, PNorm = 111.3525, GNorm = 0.0755, lr_0 = 1.4814e-04
Loss = 1.7973e-04, PNorm = 111.3529, GNorm = 0.1876, lr_0 = 1.4808e-04
Loss = 1.9230e-04, PNorm = 111.3534, GNorm = 0.1012, lr_0 = 1.4802e-04
Loss = 1.8013e-04, PNorm = 111.3541, GNorm = 0.1394, lr_0 = 1.4797e-04
Loss = 2.0561e-04, PNorm = 111.3540, GNorm = 0.0421, lr_0 = 1.4791e-04
Loss = 1.8340e-04, PNorm = 111.3541, GNorm = 0.1151, lr_0 = 1.4785e-04
Loss = 1.8258e-04, PNorm = 111.3547, GNorm = 0.0749, lr_0 = 1.4780e-04
Loss = 1.8349e-04, PNorm = 111.3556, GNorm = 0.0416, lr_0 = 1.4774e-04
Loss = 1.7413e-04, PNorm = 111.3554, GNorm = 0.0420, lr_0 = 1.4768e-04
Loss = 1.5699e-04, PNorm = 111.3548, GNorm = 0.0236, lr_0 = 1.4763e-04
Loss = 1.7458e-04, PNorm = 111.3548, GNorm = 0.1077, lr_0 = 1.4757e-04
Loss = 1.8571e-04, PNorm = 111.3557, GNorm = 0.2093, lr_0 = 1.4751e-04
Loss = 1.8127e-04, PNorm = 111.3560, GNorm = 0.1080, lr_0 = 1.4746e-04
Loss = 1.9235e-04, PNorm = 111.3559, GNorm = 0.1349, lr_0 = 1.4740e-04
Loss = 1.7819e-04, PNorm = 111.3560, GNorm = 0.0888, lr_0 = 1.4734e-04
Loss = 1.8720e-04, PNorm = 111.3567, GNorm = 0.0339, lr_0 = 1.4729e-04
Loss = 1.8193e-04, PNorm = 111.3575, GNorm = 0.0833, lr_0 = 1.4723e-04
Loss = 1.5462e-04, PNorm = 111.3576, GNorm = 0.2449, lr_0 = 1.4717e-04
Loss = 1.7281e-04, PNorm = 111.3576, GNorm = 0.1722, lr_0 = 1.4712e-04
Loss = 1.7473e-04, PNorm = 111.3583, GNorm = 0.0381, lr_0 = 1.4706e-04
Loss = 2.0460e-04, PNorm = 111.3583, GNorm = 0.0934, lr_0 = 1.4700e-04
Loss = 1.9684e-04, PNorm = 111.3585, GNorm = 0.0354, lr_0 = 1.4695e-04
Loss = 1.7513e-04, PNorm = 111.3590, GNorm = 0.0561, lr_0 = 1.4689e-04
Loss = 1.7197e-04, PNorm = 111.3588, GNorm = 0.2006, lr_0 = 1.4683e-04
Loss = 1.9754e-04, PNorm = 111.3590, GNorm = 0.0370, lr_0 = 1.4678e-04
Loss = 1.9231e-04, PNorm = 111.3599, GNorm = 0.0599, lr_0 = 1.4672e-04
Loss = 2.0826e-04, PNorm = 111.3608, GNorm = 0.0364, lr_0 = 1.4666e-04
Loss = 1.9435e-04, PNorm = 111.3615, GNorm = 0.0295, lr_0 = 1.4661e-04
Loss = 1.9628e-04, PNorm = 111.3620, GNorm = 0.0743, lr_0 = 1.4655e-04
Loss = 1.8116e-04, PNorm = 111.3625, GNorm = 0.1389, lr_0 = 1.4650e-04
Loss = 2.1893e-04, PNorm = 111.3629, GNorm = 0.0993, lr_0 = 1.4644e-04
Loss = 1.8116e-04, PNorm = 111.3635, GNorm = 0.1228, lr_0 = 1.4638e-04
Loss = 1.9783e-04, PNorm = 111.3635, GNorm = 0.0495, lr_0 = 1.4633e-04
Loss = 1.6875e-04, PNorm = 111.3635, GNorm = 0.1462, lr_0 = 1.4627e-04
Loss = 1.9775e-04, PNorm = 111.3639, GNorm = 0.1861, lr_0 = 1.4621e-04
Loss = 2.1841e-04, PNorm = 111.3642, GNorm = 0.1644, lr_0 = 1.4616e-04
Loss = 2.0822e-04, PNorm = 111.3641, GNorm = 0.1628, lr_0 = 1.4610e-04
Loss = 2.1933e-04, PNorm = 111.3641, GNorm = 0.0318, lr_0 = 1.4605e-04
Loss = 1.8494e-04, PNorm = 111.3637, GNorm = 0.1020, lr_0 = 1.4599e-04
Loss = 1.9748e-04, PNorm = 111.3638, GNorm = 0.3077, lr_0 = 1.4593e-04
Loss = 2.1614e-04, PNorm = 111.3640, GNorm = 0.3273, lr_0 = 1.4588e-04
Loss = 2.3768e-04, PNorm = 111.3646, GNorm = 0.0922, lr_0 = 1.4582e-04
Loss = 2.4840e-04, PNorm = 111.3655, GNorm = 0.0933, lr_0 = 1.4576e-04
Loss = 2.3108e-04, PNorm = 111.3661, GNorm = 0.1239, lr_0 = 1.4571e-04
Loss = 2.2221e-04, PNorm = 111.3665, GNorm = 0.1080, lr_0 = 1.4565e-04
Loss = 1.9792e-04, PNorm = 111.3670, GNorm = 0.0679, lr_0 = 1.4560e-04
Loss = 2.1760e-04, PNorm = 111.3667, GNorm = 0.0459, lr_0 = 1.4554e-04
Loss = 1.8921e-04, PNorm = 111.3674, GNorm = 0.1012, lr_0 = 1.4548e-04
Loss = 2.7079e-04, PNorm = 111.3679, GNorm = 0.2446, lr_0 = 1.4543e-04
Loss = 2.8771e-04, PNorm = 111.3685, GNorm = 0.2645, lr_0 = 1.4537e-04
Loss = 2.8107e-04, PNorm = 111.3687, GNorm = 0.2639, lr_0 = 1.4532e-04
Loss = 2.3855e-04, PNorm = 111.3694, GNorm = 0.2074, lr_0 = 1.4526e-04
Loss = 2.2072e-04, PNorm = 111.3695, GNorm = 0.0855, lr_0 = 1.4521e-04
Loss = 2.1090e-04, PNorm = 111.3708, GNorm = 0.0790, lr_0 = 1.4515e-04
Loss = 2.0513e-04, PNorm = 111.3720, GNorm = 0.0370, lr_0 = 1.4509e-04
Loss = 2.0995e-04, PNorm = 111.3718, GNorm = 0.0422, lr_0 = 1.4504e-04
Loss = 2.0279e-04, PNorm = 111.3716, GNorm = 0.0410, lr_0 = 1.4498e-04
Loss = 2.1956e-04, PNorm = 111.3727, GNorm = 0.1578, lr_0 = 1.4493e-04
Loss = 2.1052e-04, PNorm = 111.3725, GNorm = 0.0762, lr_0 = 1.4487e-04
Loss = 1.9973e-04, PNorm = 111.3730, GNorm = 0.0866, lr_0 = 1.4482e-04
Loss = 2.5320e-04, PNorm = 111.3738, GNorm = 0.2293, lr_0 = 1.4476e-04
Loss = 1.9553e-04, PNorm = 111.3735, GNorm = 0.0757, lr_0 = 1.4470e-04
Loss = 2.2316e-04, PNorm = 111.3735, GNorm = 0.0820, lr_0 = 1.4465e-04
Loss = 2.2406e-04, PNorm = 111.3742, GNorm = 0.1711, lr_0 = 1.4459e-04
Loss = 2.4867e-04, PNorm = 111.3745, GNorm = 0.0580, lr_0 = 1.4454e-04
Loss = 1.8829e-04, PNorm = 111.3745, GNorm = 0.1693, lr_0 = 1.4448e-04
Loss = 2.2512e-04, PNorm = 111.3745, GNorm = 0.0457, lr_0 = 1.4443e-04
Loss = 1.9181e-04, PNorm = 111.3752, GNorm = 0.0549, lr_0 = 1.4437e-04
Loss = 1.9355e-04, PNorm = 111.3759, GNorm = 0.0727, lr_0 = 1.4431e-04
Loss = 2.4011e-04, PNorm = 111.3762, GNorm = 0.3035, lr_0 = 1.4426e-04
Loss = 2.5370e-04, PNorm = 111.3766, GNorm = 0.3754, lr_0 = 1.4420e-04
Loss = 1.8535e-04, PNorm = 111.3765, GNorm = 0.1010, lr_0 = 1.4415e-04
Loss = 2.1625e-04, PNorm = 111.3771, GNorm = 0.0316, lr_0 = 1.4409e-04
Loss = 2.1926e-04, PNorm = 111.3775, GNorm = 0.0680, lr_0 = 1.4404e-04
Loss = 2.0717e-04, PNorm = 111.3779, GNorm = 0.1055, lr_0 = 1.4398e-04
Loss = 2.0182e-04, PNorm = 111.3780, GNorm = 0.0350, lr_0 = 1.4393e-04
Loss = 2.0243e-04, PNorm = 111.3786, GNorm = 0.2081, lr_0 = 1.4387e-04
Loss = 2.0216e-04, PNorm = 111.3784, GNorm = 0.1720, lr_0 = 1.4382e-04
Loss = 2.2717e-04, PNorm = 111.3780, GNorm = 0.1276, lr_0 = 1.4376e-04
Loss = 2.7680e-04, PNorm = 111.3783, GNorm = 0.0569, lr_0 = 1.4371e-04
Loss = 2.5066e-04, PNorm = 111.3791, GNorm = 0.0500, lr_0 = 1.4365e-04
Loss = 1.9245e-04, PNorm = 111.3798, GNorm = 0.0636, lr_0 = 1.4360e-04
Loss = 2.0831e-04, PNorm = 111.3799, GNorm = 0.0547, lr_0 = 1.4354e-04
Loss = 2.1550e-04, PNorm = 111.3804, GNorm = 0.2091, lr_0 = 1.4349e-04
Loss = 2.0326e-04, PNorm = 111.3807, GNorm = 0.0660, lr_0 = 1.4343e-04
Loss = 2.1052e-04, PNorm = 111.3808, GNorm = 0.0679, lr_0 = 1.4337e-04
Loss = 1.9600e-04, PNorm = 111.3805, GNorm = 0.1185, lr_0 = 1.4332e-04
Loss = 2.2784e-04, PNorm = 111.3807, GNorm = 0.1099, lr_0 = 1.4326e-04
Loss = 1.9462e-04, PNorm = 111.3808, GNorm = 0.0702, lr_0 = 1.4321e-04
Loss = 1.9437e-04, PNorm = 111.3812, GNorm = 0.1375, lr_0 = 1.4315e-04
Loss = 2.1001e-04, PNorm = 111.3814, GNorm = 0.0977, lr_0 = 1.4310e-04
Loss = 1.9770e-04, PNorm = 111.3817, GNorm = 0.1794, lr_0 = 1.4304e-04
Loss = 2.0044e-04, PNorm = 111.3814, GNorm = 0.2281, lr_0 = 1.4299e-04
Loss = 1.9403e-04, PNorm = 111.3812, GNorm = 0.0592, lr_0 = 1.4293e-04
Loss = 2.2553e-04, PNorm = 111.3815, GNorm = 0.1733, lr_0 = 1.4288e-04
Loss = 2.0966e-04, PNorm = 111.3815, GNorm = 0.0619, lr_0 = 1.4282e-04
Loss = 1.9653e-04, PNorm = 111.3814, GNorm = 0.1743, lr_0 = 1.4277e-04
Loss = 1.9589e-04, PNorm = 111.3815, GNorm = 0.0338, lr_0 = 1.4271e-04
Loss = 1.9437e-04, PNorm = 111.3817, GNorm = 0.0588, lr_0 = 1.4266e-04
Loss = 2.1062e-04, PNorm = 111.3819, GNorm = 0.0712, lr_0 = 1.4261e-04
Loss = 2.0157e-04, PNorm = 111.3820, GNorm = 0.1049, lr_0 = 1.4255e-04
Loss = 1.7497e-04, PNorm = 111.3824, GNorm = 0.0604, lr_0 = 1.4250e-04
Loss = 2.0185e-04, PNorm = 111.3830, GNorm = 0.0565, lr_0 = 1.4244e-04
Loss = 2.0535e-04, PNorm = 111.3831, GNorm = 0.0496, lr_0 = 1.4239e-04
Loss = 2.2102e-04, PNorm = 111.3832, GNorm = 0.1720, lr_0 = 1.4233e-04
Loss = 2.7965e-04, PNorm = 111.3839, GNorm = 0.0463, lr_0 = 1.4228e-04
Loss = 2.2146e-04, PNorm = 111.3850, GNorm = 0.0705, lr_0 = 1.4222e-04
Loss = 2.4050e-04, PNorm = 111.3862, GNorm = 0.1224, lr_0 = 1.4217e-04
Loss = 2.0424e-04, PNorm = 111.3869, GNorm = 0.0777, lr_0 = 1.4211e-04
Loss = 1.7099e-04, PNorm = 111.3868, GNorm = 0.1323, lr_0 = 1.4206e-04
Loss = 2.0234e-04, PNorm = 111.3870, GNorm = 0.0467, lr_0 = 1.4200e-04
Loss = 1.6909e-04, PNorm = 111.3871, GNorm = 0.0396, lr_0 = 1.4195e-04
Loss = 1.9991e-04, PNorm = 111.3878, GNorm = 0.0715, lr_0 = 1.4189e-04
Loss = 1.9445e-04, PNorm = 111.3880, GNorm = 0.0416, lr_0 = 1.4184e-04
Loss = 1.9205e-04, PNorm = 111.3875, GNorm = 0.0701, lr_0 = 1.4179e-04
Loss = 1.5848e-04, PNorm = 111.3873, GNorm = 0.1176, lr_0 = 1.4173e-04
Loss = 1.6156e-04, PNorm = 111.3878, GNorm = 0.0664, lr_0 = 1.4168e-04
Loss = 1.7692e-04, PNorm = 111.3892, GNorm = 0.0495, lr_0 = 1.4162e-04
Loss = 1.8372e-04, PNorm = 111.3898, GNorm = 0.0505, lr_0 = 1.4157e-04
Loss = 1.9628e-04, PNorm = 111.3907, GNorm = 0.0695, lr_0 = 1.4151e-04
Loss = 1.9704e-04, PNorm = 111.3908, GNorm = 0.1128, lr_0 = 1.4146e-04
Loss = 1.7509e-04, PNorm = 111.3905, GNorm = 0.1221, lr_0 = 1.4140e-04
Loss = 1.8863e-04, PNorm = 111.3911, GNorm = 0.1203, lr_0 = 1.4135e-04
Loss = 1.8985e-04, PNorm = 111.3916, GNorm = 0.1086, lr_0 = 1.4130e-04
Loss = 1.8108e-04, PNorm = 111.3917, GNorm = 0.0273, lr_0 = 1.4124e-04
Loss = 1.7675e-04, PNorm = 111.3923, GNorm = 0.0721, lr_0 = 1.4119e-04
Loss = 1.7506e-04, PNorm = 111.3919, GNorm = 0.0861, lr_0 = 1.4113e-04
Loss = 1.6621e-04, PNorm = 111.3921, GNorm = 0.0786, lr_0 = 1.4108e-04
Loss = 1.8368e-04, PNorm = 111.3925, GNorm = 0.0391, lr_0 = 1.4102e-04
Loss = 1.9864e-04, PNorm = 111.3917, GNorm = 0.1988, lr_0 = 1.4097e-04
Loss = 2.1765e-04, PNorm = 111.3920, GNorm = 0.0596, lr_0 = 1.4092e-04
Loss = 1.7892e-04, PNorm = 111.3925, GNorm = 0.0878, lr_0 = 1.4086e-04
Loss = 1.7438e-04, PNorm = 111.3927, GNorm = 0.1026, lr_0 = 1.4081e-04
Loss = 1.9857e-04, PNorm = 111.3929, GNorm = 0.3534, lr_0 = 1.4075e-04
Loss = 2.1323e-04, PNorm = 111.3928, GNorm = 0.2519, lr_0 = 1.4070e-04
Loss = 2.0996e-04, PNorm = 111.3923, GNorm = 0.1545, lr_0 = 1.4064e-04
Loss = 2.1026e-04, PNorm = 111.3926, GNorm = 0.2647, lr_0 = 1.4059e-04
Loss = 1.9865e-04, PNorm = 111.3930, GNorm = 0.2318, lr_0 = 1.4054e-04
Loss = 1.9804e-04, PNorm = 111.3930, GNorm = 0.1040, lr_0 = 1.4048e-04
Loss = 2.1346e-04, PNorm = 111.3927, GNorm = 0.0684, lr_0 = 1.4043e-04
Loss = 1.9361e-04, PNorm = 111.3927, GNorm = 0.1036, lr_0 = 1.4037e-04
Loss = 1.9010e-04, PNorm = 111.3930, GNorm = 0.0775, lr_0 = 1.4032e-04
Loss = 1.9550e-04, PNorm = 111.3937, GNorm = 0.1805, lr_0 = 1.4027e-04
Loss = 1.9119e-04, PNorm = 111.3938, GNorm = 0.0612, lr_0 = 1.4021e-04
Loss = 2.0493e-04, PNorm = 111.3940, GNorm = 0.1148, lr_0 = 1.4016e-04
Loss = 1.9214e-04, PNorm = 111.3944, GNorm = 0.0479, lr_0 = 1.4011e-04
Loss = 1.8693e-04, PNorm = 111.3950, GNorm = 0.1258, lr_0 = 1.4005e-04
Loss = 1.7318e-04, PNorm = 111.3951, GNorm = 0.0705, lr_0 = 1.4000e-04
Loss = 1.7274e-04, PNorm = 111.3954, GNorm = 0.0782, lr_0 = 1.3994e-04
Loss = 1.6349e-04, PNorm = 111.3955, GNorm = 0.0610, lr_0 = 1.3989e-04
Loss = 1.4779e-04, PNorm = 111.3962, GNorm = 0.0587, lr_0 = 1.3984e-04
Loss = 1.6753e-04, PNorm = 111.3966, GNorm = 0.0689, lr_0 = 1.3978e-04
Loss = 1.5168e-04, PNorm = 111.3970, GNorm = 0.1135, lr_0 = 1.3973e-04
Loss = 1.5839e-04, PNorm = 111.3970, GNorm = 0.1843, lr_0 = 1.3967e-04
Loss = 1.6660e-04, PNorm = 111.3973, GNorm = 0.3410, lr_0 = 1.3962e-04
Loss = 2.0564e-04, PNorm = 111.3979, GNorm = 0.3292, lr_0 = 1.3957e-04
Loss = 2.0691e-04, PNorm = 111.3977, GNorm = 0.3426, lr_0 = 1.3951e-04
Loss = 1.7871e-04, PNorm = 111.3983, GNorm = 0.1273, lr_0 = 1.3946e-04
Loss = 1.6696e-04, PNorm = 111.3987, GNorm = 0.0494, lr_0 = 1.3941e-04
Loss = 1.7498e-04, PNorm = 111.3989, GNorm = 0.0463, lr_0 = 1.3935e-04
Loss = 1.7647e-04, PNorm = 111.3989, GNorm = 0.0421, lr_0 = 1.3930e-04
Loss = 1.7780e-04, PNorm = 111.3990, GNorm = 0.1134, lr_0 = 1.3925e-04
Loss = 1.6354e-04, PNorm = 111.3998, GNorm = 0.1033, lr_0 = 1.3919e-04
Loss = 1.6440e-04, PNorm = 111.4003, GNorm = 0.0777, lr_0 = 1.3914e-04
Loss = 1.5235e-04, PNorm = 111.4008, GNorm = 0.2412, lr_0 = 1.3909e-04
Loss = 1.7639e-04, PNorm = 111.4010, GNorm = 0.1292, lr_0 = 1.3903e-04
Loss = 1.7062e-04, PNorm = 111.4013, GNorm = 0.0739, lr_0 = 1.3898e-04
Loss = 1.3690e-04, PNorm = 111.4016, GNorm = 0.0726, lr_0 = 1.3893e-04
Loss = 1.6428e-04, PNorm = 111.4014, GNorm = 0.2328, lr_0 = 1.3887e-04
Loss = 1.6519e-04, PNorm = 111.4012, GNorm = 0.0602, lr_0 = 1.3882e-04
Loss = 1.5209e-04, PNorm = 111.4016, GNorm = 0.0598, lr_0 = 1.3876e-04
Loss = 1.8863e-04, PNorm = 111.4014, GNorm = 0.0355, lr_0 = 1.3871e-04
Loss = 2.0054e-04, PNorm = 111.4013, GNorm = 0.2990, lr_0 = 1.3866e-04
Loss = 1.7028e-04, PNorm = 111.4013, GNorm = 0.1358, lr_0 = 1.3861e-04
Loss = 2.1255e-04, PNorm = 111.4018, GNorm = 0.1264, lr_0 = 1.3855e-04
Loss = 1.7034e-04, PNorm = 111.4027, GNorm = 0.1608, lr_0 = 1.3850e-04
Loss = 1.8477e-04, PNorm = 111.4036, GNorm = 0.0418, lr_0 = 1.3845e-04
Loss = 1.9547e-04, PNorm = 111.4039, GNorm = 0.1525, lr_0 = 1.3839e-04
Loss = 1.9995e-04, PNorm = 111.4041, GNorm = 0.3135, lr_0 = 1.3834e-04
Loss = 2.0775e-04, PNorm = 111.4042, GNorm = 0.1522, lr_0 = 1.3829e-04
Loss = 2.1378e-04, PNorm = 111.4042, GNorm = 0.0529, lr_0 = 1.3823e-04
Loss = 1.9212e-04, PNorm = 111.4048, GNorm = 0.2009, lr_0 = 1.3818e-04
Loss = 2.1112e-04, PNorm = 111.4052, GNorm = 0.1388, lr_0 = 1.3813e-04
Loss = 1.8188e-04, PNorm = 111.4051, GNorm = 0.1404, lr_0 = 1.3807e-04
Loss = 1.9611e-04, PNorm = 111.4061, GNorm = 0.1864, lr_0 = 1.3802e-04
Loss = 2.1845e-04, PNorm = 111.4067, GNorm = 0.0605, lr_0 = 1.3797e-04
Loss = 2.2961e-04, PNorm = 111.4071, GNorm = 0.2062, lr_0 = 1.3791e-04
Loss = 2.5238e-04, PNorm = 111.4083, GNorm = 0.0435, lr_0 = 1.3786e-04
Loss = 2.1434e-04, PNorm = 111.4085, GNorm = 0.0912, lr_0 = 1.3781e-04
Loss = 2.5257e-04, PNorm = 111.4090, GNorm = 0.1115, lr_0 = 1.3775e-04
Loss = 2.1648e-04, PNorm = 111.4086, GNorm = 0.0995, lr_0 = 1.3770e-04
Loss = 2.1806e-04, PNorm = 111.4086, GNorm = 0.0913, lr_0 = 1.3765e-04
Loss = 1.8053e-04, PNorm = 111.4087, GNorm = 0.1275, lr_0 = 1.3760e-04
Loss = 2.0584e-04, PNorm = 111.4090, GNorm = 0.1428, lr_0 = 1.3754e-04
Loss = 1.9294e-04, PNorm = 111.4087, GNorm = 0.1518, lr_0 = 1.3749e-04
Loss = 1.9665e-04, PNorm = 111.4086, GNorm = 0.1824, lr_0 = 1.3744e-04
Loss = 1.7766e-04, PNorm = 111.4096, GNorm = 0.1435, lr_0 = 1.3738e-04
Loss = 2.0970e-04, PNorm = 111.4099, GNorm = 0.2088, lr_0 = 1.3733e-04
Loss = 2.3331e-04, PNorm = 111.4102, GNorm = 0.2998, lr_0 = 1.3728e-04
Loss = 2.2793e-04, PNorm = 111.4103, GNorm = 0.2237, lr_0 = 1.3723e-04
Loss = 2.0437e-04, PNorm = 111.4102, GNorm = 0.1963, lr_0 = 1.3717e-04
Loss = 2.3742e-04, PNorm = 111.4110, GNorm = 0.3269, lr_0 = 1.3712e-04
Loss = 2.7333e-04, PNorm = 111.4116, GNorm = 0.2551, lr_0 = 1.3707e-04
Loss = 2.0776e-04, PNorm = 111.4116, GNorm = 0.1659, lr_0 = 1.3702e-04
Loss = 1.9571e-04, PNorm = 111.4119, GNorm = 0.1473, lr_0 = 1.3696e-04
Loss = 2.0708e-04, PNorm = 111.4132, GNorm = 0.1146, lr_0 = 1.3691e-04
Loss = 2.4975e-04, PNorm = 111.4142, GNorm = 0.2454, lr_0 = 1.3686e-04
Loss = 2.0440e-04, PNorm = 111.4148, GNorm = 0.0799, lr_0 = 1.3680e-04
Loss = 2.2988e-04, PNorm = 111.4152, GNorm = 0.1247, lr_0 = 1.3675e-04
Loss = 2.1525e-04, PNorm = 111.4157, GNorm = 0.0486, lr_0 = 1.3670e-04
Loss = 1.7607e-04, PNorm = 111.4162, GNorm = 0.1291, lr_0 = 1.3665e-04
Loss = 1.9443e-04, PNorm = 111.4169, GNorm = 0.1247, lr_0 = 1.3659e-04
Loss = 1.9078e-04, PNorm = 111.4173, GNorm = 0.0805, lr_0 = 1.3654e-04
Loss = 1.7463e-04, PNorm = 111.4181, GNorm = 0.0643, lr_0 = 1.3649e-04
Loss = 1.8098e-04, PNorm = 111.4188, GNorm = 0.0812, lr_0 = 1.3644e-04
Loss = 1.7899e-04, PNorm = 111.4189, GNorm = 0.1888, lr_0 = 1.3638e-04
Loss = 1.5724e-04, PNorm = 111.4190, GNorm = 0.0880, lr_0 = 1.3633e-04
Loss = 1.5621e-04, PNorm = 111.4192, GNorm = 0.1924, lr_0 = 1.3628e-04
Loss = 1.4270e-04, PNorm = 111.4192, GNorm = 0.1122, lr_0 = 1.3623e-04
Loss = 1.6279e-04, PNorm = 111.4194, GNorm = 0.0421, lr_0 = 1.3618e-04
Loss = 1.7737e-04, PNorm = 111.4198, GNorm = 0.0269, lr_0 = 1.3612e-04
Loss = 1.7204e-04, PNorm = 111.4203, GNorm = 0.0810, lr_0 = 1.3607e-04
Loss = 1.6371e-04, PNorm = 111.4210, GNorm = 0.1135, lr_0 = 1.3602e-04
Loss = 1.5667e-04, PNorm = 111.4210, GNorm = 0.0659, lr_0 = 1.3597e-04
Loss = 1.6568e-04, PNorm = 111.4208, GNorm = 0.0722, lr_0 = 1.3591e-04
Loss = 1.3681e-04, PNorm = 111.4209, GNorm = 0.0407, lr_0 = 1.3586e-04
Loss = 1.5555e-04, PNorm = 111.4210, GNorm = 0.1172, lr_0 = 1.3581e-04
Loss = 1.6226e-04, PNorm = 111.4216, GNorm = 0.0374, lr_0 = 1.3576e-04
Loss = 1.5826e-04, PNorm = 111.4219, GNorm = 0.0992, lr_0 = 1.3570e-04
Loss = 1.4520e-04, PNorm = 111.4214, GNorm = 0.0709, lr_0 = 1.3565e-04
Loss = 1.8793e-04, PNorm = 111.4212, GNorm = 0.0918, lr_0 = 1.3560e-04
Loss = 1.5335e-04, PNorm = 111.4215, GNorm = 0.1103, lr_0 = 1.3555e-04
Loss = 1.4388e-04, PNorm = 111.4222, GNorm = 0.0466, lr_0 = 1.3550e-04
Loss = 1.8723e-04, PNorm = 111.4220, GNorm = 0.0789, lr_0 = 1.3544e-04
Loss = 1.9111e-04, PNorm = 111.4222, GNorm = 0.0675, lr_0 = 1.3539e-04
Loss = 1.8533e-04, PNorm = 111.4221, GNorm = 0.0499, lr_0 = 1.3534e-04
Loss = 1.5723e-04, PNorm = 111.4222, GNorm = 0.0570, lr_0 = 1.3529e-04
Loss = 1.8591e-04, PNorm = 111.4229, GNorm = 0.0532, lr_0 = 1.3524e-04
Loss = 1.7761e-04, PNorm = 111.4232, GNorm = 0.1940, lr_0 = 1.3518e-04
Loss = 1.4666e-04, PNorm = 111.4240, GNorm = 0.1414, lr_0 = 1.3513e-04
Loss = 1.5973e-04, PNorm = 111.4251, GNorm = 0.0681, lr_0 = 1.3508e-04
Loss = 1.4205e-04, PNorm = 111.4257, GNorm = 0.0393, lr_0 = 1.3503e-04
Loss = 1.8797e-04, PNorm = 111.4251, GNorm = 0.1922, lr_0 = 1.3498e-04
Loss = 1.8770e-04, PNorm = 111.4245, GNorm = 0.0824, lr_0 = 1.3492e-04
Loss = 1.7667e-04, PNorm = 111.4242, GNorm = 0.1761, lr_0 = 1.3487e-04
Loss = 2.0137e-04, PNorm = 111.4240, GNorm = 0.1349, lr_0 = 1.3482e-04
Loss = 2.1442e-04, PNorm = 111.4245, GNorm = 0.1261, lr_0 = 1.3477e-04
Loss = 1.9114e-04, PNorm = 111.4250, GNorm = 0.0965, lr_0 = 1.3472e-04
Loss = 1.7357e-04, PNorm = 111.4255, GNorm = 0.1154, lr_0 = 1.3467e-04
Loss = 1.7745e-04, PNorm = 111.4262, GNorm = 0.0641, lr_0 = 1.3461e-04
Loss = 1.6373e-04, PNorm = 111.4262, GNorm = 0.1064, lr_0 = 1.3456e-04
Loss = 1.7697e-04, PNorm = 111.4258, GNorm = 0.2264, lr_0 = 1.3451e-04
Loss = 2.0115e-04, PNorm = 111.4266, GNorm = 0.0451, lr_0 = 1.3446e-04
Loss = 1.8225e-04, PNorm = 111.4271, GNorm = 0.1532, lr_0 = 1.3441e-04
Loss = 1.7146e-04, PNorm = 111.4267, GNorm = 0.1645, lr_0 = 1.3436e-04
Loss = 1.3535e-04, PNorm = 111.4268, GNorm = 0.1273, lr_0 = 1.3430e-04
Loss = 1.5203e-04, PNorm = 111.4274, GNorm = 0.0935, lr_0 = 1.3425e-04
Loss = 1.3757e-04, PNorm = 111.4280, GNorm = 0.1000, lr_0 = 1.3420e-04
Loss = 1.6177e-04, PNorm = 111.4278, GNorm = 0.0736, lr_0 = 1.3415e-04
Loss = 1.7977e-04, PNorm = 111.4278, GNorm = 0.2218, lr_0 = 1.3410e-04
Loss = 1.7555e-04, PNorm = 111.4282, GNorm = 0.2537, lr_0 = 1.3405e-04
Loss = 1.8740e-04, PNorm = 111.4282, GNorm = 0.1122, lr_0 = 1.3399e-04
Loss = 1.7346e-04, PNorm = 111.4285, GNorm = 0.0643, lr_0 = 1.3394e-04
Loss = 1.6069e-04, PNorm = 111.4293, GNorm = 0.1392, lr_0 = 1.3389e-04
Loss = 1.8133e-04, PNorm = 111.4300, GNorm = 0.2839, lr_0 = 1.3384e-04
Loss = 2.1632e-04, PNorm = 111.4301, GNorm = 0.2818, lr_0 = 1.3379e-04
Loss = 2.1743e-04, PNorm = 111.4305, GNorm = 0.1445, lr_0 = 1.3374e-04
Loss = 2.0705e-04, PNorm = 111.4306, GNorm = 0.0964, lr_0 = 1.3369e-04
Loss = 2.4548e-04, PNorm = 111.4307, GNorm = 0.0243, lr_0 = 1.3363e-04
Loss = 2.3472e-04, PNorm = 111.4316, GNorm = 0.0584, lr_0 = 1.3358e-04
Loss = 2.0466e-04, PNorm = 111.4325, GNorm = 0.1125, lr_0 = 1.3353e-04
Loss = 2.3564e-04, PNorm = 111.4330, GNorm = 0.0331, lr_0 = 1.3348e-04
Loss = 2.0550e-04, PNorm = 111.4329, GNorm = 0.0560, lr_0 = 1.3343e-04
Loss = 1.9935e-04, PNorm = 111.4335, GNorm = 0.0573, lr_0 = 1.3338e-04
Loss = 2.5876e-04, PNorm = 111.4350, GNorm = 0.1079, lr_0 = 1.3333e-04
Loss = 2.3911e-04, PNorm = 111.4361, GNorm = 0.1944, lr_0 = 1.3327e-04
Loss = 2.0705e-04, PNorm = 111.4359, GNorm = 0.0598, lr_0 = 1.3322e-04
Loss = 1.8745e-04, PNorm = 111.4360, GNorm = 0.0783, lr_0 = 1.3317e-04
Loss = 2.2790e-04, PNorm = 111.4367, GNorm = 0.1720, lr_0 = 1.3312e-04
Loss = 2.3622e-04, PNorm = 111.4370, GNorm = 0.1783, lr_0 = 1.3307e-04
Loss = 1.9375e-04, PNorm = 111.4372, GNorm = 0.1081, lr_0 = 1.3302e-04
Loss = 1.7314e-04, PNorm = 111.4370, GNorm = 0.0377, lr_0 = 1.3297e-04
Loss = 1.7178e-04, PNorm = 111.4373, GNorm = 0.0754, lr_0 = 1.3292e-04
Loss = 1.6597e-04, PNorm = 111.4376, GNorm = 0.0272, lr_0 = 1.3287e-04
Loss = 1.4825e-04, PNorm = 111.4376, GNorm = 0.0977, lr_0 = 1.3281e-04
Loss = 1.5492e-04, PNorm = 111.4376, GNorm = 0.0292, lr_0 = 1.3276e-04
Loss = 1.4503e-04, PNorm = 111.4382, GNorm = 0.0936, lr_0 = 1.3271e-04
Loss = 1.4411e-04, PNorm = 111.4380, GNorm = 0.0349, lr_0 = 1.3266e-04
Loss = 1.6167e-04, PNorm = 111.4379, GNorm = 0.0731, lr_0 = 1.3261e-04
Loss = 1.8175e-04, PNorm = 111.4386, GNorm = 0.0827, lr_0 = 1.3256e-04
Loss = 1.7772e-04, PNorm = 111.4389, GNorm = 0.0489, lr_0 = 1.3251e-04
Loss = 2.2336e-04, PNorm = 111.4392, GNorm = 0.3190, lr_0 = 1.3246e-04
Loss = 1.8378e-04, PNorm = 111.4389, GNorm = 0.1092, lr_0 = 1.3241e-04
Loss = 1.9467e-04, PNorm = 111.4389, GNorm = 0.1125, lr_0 = 1.3236e-04
Loss = 1.6245e-04, PNorm = 111.4397, GNorm = 0.1507, lr_0 = 1.3230e-04
Loss = 1.6186e-04, PNorm = 111.4405, GNorm = 0.2563, lr_0 = 1.3225e-04
Loss = 2.0180e-04, PNorm = 111.4412, GNorm = 0.1426, lr_0 = 1.3220e-04
Loss = 2.0889e-04, PNorm = 111.4422, GNorm = 0.2128, lr_0 = 1.3215e-04
Loss = 1.8050e-04, PNorm = 111.4424, GNorm = 0.1042, lr_0 = 1.3210e-04
Loss = 2.3156e-04, PNorm = 111.4420, GNorm = 0.1221, lr_0 = 1.3205e-04
Loss = 2.5607e-04, PNorm = 111.4419, GNorm = 0.2168, lr_0 = 1.3200e-04
Loss = 2.7132e-04, PNorm = 111.4422, GNorm = 0.0982, lr_0 = 1.3195e-04
Loss = 1.9980e-04, PNorm = 111.4422, GNorm = 0.0994, lr_0 = 1.3190e-04
Loss = 2.1243e-04, PNorm = 111.4422, GNorm = 0.1280, lr_0 = 1.3185e-04
Loss = 1.7721e-04, PNorm = 111.4425, GNorm = 0.1014, lr_0 = 1.3180e-04
Loss = 1.4823e-04, PNorm = 111.4429, GNorm = 0.0594, lr_0 = 1.3175e-04
Loss = 1.6500e-04, PNorm = 111.4437, GNorm = 0.1468, lr_0 = 1.3170e-04
Loss = 1.5737e-04, PNorm = 111.4434, GNorm = 0.0693, lr_0 = 1.3164e-04
Loss = 1.9070e-04, PNorm = 111.4436, GNorm = 0.1948, lr_0 = 1.3159e-04
Loss = 1.5192e-04, PNorm = 111.4434, GNorm = 0.0494, lr_0 = 1.3154e-04
Loss = 1.4978e-04, PNorm = 111.4439, GNorm = 0.0296, lr_0 = 1.3149e-04
Loss = 1.6210e-04, PNorm = 111.4447, GNorm = 0.0422, lr_0 = 1.3144e-04
Loss = 1.5304e-04, PNorm = 111.4451, GNorm = 0.0320, lr_0 = 1.3139e-04
Loss = 1.5351e-04, PNorm = 111.4449, GNorm = 0.0858, lr_0 = 1.3134e-04
Loss = 1.5447e-04, PNorm = 111.4456, GNorm = 0.0972, lr_0 = 1.3129e-04
Loss = 1.3873e-04, PNorm = 111.4462, GNorm = 0.0923, lr_0 = 1.3124e-04
Loss = 1.4521e-04, PNorm = 111.4463, GNorm = 0.0417, lr_0 = 1.3119e-04
Loss = 1.3355e-04, PNorm = 111.4462, GNorm = 0.1245, lr_0 = 1.3114e-04
Loss = 1.4204e-04, PNorm = 111.4464, GNorm = 0.0701, lr_0 = 1.3109e-04
Loss = 1.5190e-04, PNorm = 111.4467, GNorm = 0.1134, lr_0 = 1.3104e-04
Loss = 1.2665e-04, PNorm = 111.4467, GNorm = 0.0754, lr_0 = 1.3099e-04
Loss = 1.4080e-04, PNorm = 111.4465, GNorm = 0.0335, lr_0 = 1.3094e-04
Loss = 1.1297e-04, PNorm = 111.4467, GNorm = 0.1233, lr_0 = 1.3089e-04
Loss = 1.5987e-04, PNorm = 111.4468, GNorm = 0.0939, lr_0 = 1.3084e-04
Loss = 1.4366e-04, PNorm = 111.4470, GNorm = 0.0809, lr_0 = 1.3079e-04
Loss = 1.2648e-04, PNorm = 111.4476, GNorm = 0.1152, lr_0 = 1.3074e-04
Loss = 1.5113e-04, PNorm = 111.4481, GNorm = 0.1567, lr_0 = 1.3069e-04
Loss = 1.4461e-04, PNorm = 111.4484, GNorm = 0.1934, lr_0 = 1.3064e-04
Loss = 1.8777e-04, PNorm = 111.4485, GNorm = 0.4245, lr_0 = 1.3059e-04
Loss = 1.9859e-04, PNorm = 111.4491, GNorm = 0.2374, lr_0 = 1.3054e-04
Loss = 1.7410e-04, PNorm = 111.4493, GNorm = 0.0555, lr_0 = 1.3049e-04
Loss = 1.8498e-04, PNorm = 111.4496, GNorm = 0.0783, lr_0 = 1.3044e-04
Loss = 1.8490e-04, PNorm = 111.4496, GNorm = 0.0477, lr_0 = 1.3039e-04
Loss = 1.8128e-04, PNorm = 111.4499, GNorm = 0.0515, lr_0 = 1.3034e-04
Loss = 1.7681e-04, PNorm = 111.4501, GNorm = 0.1731, lr_0 = 1.3029e-04
Loss = 1.5522e-04, PNorm = 111.4503, GNorm = 0.1022, lr_0 = 1.3024e-04
Loss = 1.9075e-04, PNorm = 111.4506, GNorm = 0.1550, lr_0 = 1.3019e-04
Loss = 1.5365e-04, PNorm = 111.4506, GNorm = 0.0896, lr_0 = 1.3014e-04
Loss = 1.5708e-04, PNorm = 111.4508, GNorm = 0.0643, lr_0 = 1.3009e-04
Loss = 1.3927e-04, PNorm = 111.4512, GNorm = 0.1203, lr_0 = 1.3004e-04
Loss = 1.3988e-04, PNorm = 111.4507, GNorm = 0.0537, lr_0 = 1.2999e-04
Loss = 1.5835e-04, PNorm = 111.4503, GNorm = 0.1553, lr_0 = 1.2994e-04
Loss = 1.6784e-04, PNorm = 111.4508, GNorm = 0.0894, lr_0 = 1.2989e-04
Loss = 1.5310e-04, PNorm = 111.4513, GNorm = 0.1570, lr_0 = 1.2984e-04
Loss = 1.5784e-04, PNorm = 111.4517, GNorm = 0.0316, lr_0 = 1.2979e-04
Loss = 1.4992e-04, PNorm = 111.4517, GNorm = 0.0842, lr_0 = 1.2974e-04
Loss = 1.4623e-04, PNorm = 111.4519, GNorm = 0.0547, lr_0 = 1.2969e-04
Loss = 1.3038e-04, PNorm = 111.4523, GNorm = 0.0998, lr_0 = 1.2964e-04
Loss = 1.2024e-04, PNorm = 111.4531, GNorm = 0.0444, lr_0 = 1.2959e-04
Loss = 1.6365e-04, PNorm = 111.4533, GNorm = 0.0616, lr_0 = 1.2954e-04
Loss = 2.0022e-04, PNorm = 111.4536, GNorm = 0.1450, lr_0 = 1.2949e-04
Loss = 1.7709e-04, PNorm = 111.4540, GNorm = 0.1278, lr_0 = 1.2944e-04
Loss = 1.4049e-04, PNorm = 111.4548, GNorm = 0.0499, lr_0 = 1.2939e-04
Loss = 1.5793e-04, PNorm = 111.4550, GNorm = 0.1806, lr_0 = 1.2934e-04
Loss = 1.5439e-04, PNorm = 111.4549, GNorm = 0.0618, lr_0 = 1.2929e-04
Loss = 1.5114e-04, PNorm = 111.4556, GNorm = 0.1069, lr_0 = 1.2924e-04
Loss = 1.6965e-04, PNorm = 111.4555, GNorm = 0.1034, lr_0 = 1.2919e-04
Loss = 1.4626e-04, PNorm = 111.4557, GNorm = 0.2535, lr_0 = 1.2914e-04
Loss = 1.3795e-04, PNorm = 111.4555, GNorm = 0.0712, lr_0 = 1.2909e-04
Loss = 1.4996e-04, PNorm = 111.4543, GNorm = 0.0731, lr_0 = 1.2904e-04
Loss = 1.4614e-04, PNorm = 111.4536, GNorm = 0.0339, lr_0 = 1.2899e-04
Loss = 1.5981e-04, PNorm = 111.4538, GNorm = 0.0245, lr_0 = 1.2894e-04
Loss = 1.7788e-04, PNorm = 111.4542, GNorm = 0.0576, lr_0 = 1.2889e-04
Loss = 1.8189e-04, PNorm = 111.4547, GNorm = 0.2379, lr_0 = 1.2884e-04
Loss = 1.6509e-04, PNorm = 111.4545, GNorm = 0.0456, lr_0 = 1.2879e-04
Loss = 1.5831e-04, PNorm = 111.4545, GNorm = 0.1938, lr_0 = 1.2874e-04
Loss = 1.5453e-04, PNorm = 111.4544, GNorm = 0.1034, lr_0 = 1.2869e-04
Loss = 1.6204e-04, PNorm = 111.4541, GNorm = 0.1031, lr_0 = 1.2864e-04
Loss = 1.5933e-04, PNorm = 111.4543, GNorm = 0.1008, lr_0 = 1.2859e-04
Loss = 1.4696e-04, PNorm = 111.4540, GNorm = 0.0423, lr_0 = 1.2854e-04
Loss = 1.4213e-04, PNorm = 111.4539, GNorm = 0.0491, lr_0 = 1.2849e-04
Loss = 1.6195e-04, PNorm = 111.4541, GNorm = 0.1378, lr_0 = 1.2845e-04
Loss = 1.6167e-04, PNorm = 111.4548, GNorm = 0.0950, lr_0 = 1.2840e-04
Loss = 1.6989e-04, PNorm = 111.4547, GNorm = 0.0430, lr_0 = 1.2835e-04
Loss = 1.5431e-04, PNorm = 111.4549, GNorm = 0.0351, lr_0 = 1.2830e-04
Loss = 1.8611e-04, PNorm = 111.4550, GNorm = 0.0402, lr_0 = 1.2825e-04
Loss = 1.3257e-04, PNorm = 111.4557, GNorm = 0.1215, lr_0 = 1.2820e-04
Loss = 1.8798e-04, PNorm = 111.4560, GNorm = 0.1572, lr_0 = 1.2815e-04
Loss = 1.6484e-04, PNorm = 111.4566, GNorm = 0.1383, lr_0 = 1.2810e-04
Loss = 1.4259e-04, PNorm = 111.4574, GNorm = 0.0868, lr_0 = 1.2805e-04
Loss = 1.4680e-04, PNorm = 111.4576, GNorm = 0.1677, lr_0 = 1.2800e-04
Loss = 1.8926e-04, PNorm = 111.4572, GNorm = 0.1444, lr_0 = 1.2795e-04
Loss = 1.8722e-04, PNorm = 111.4575, GNorm = 0.0552, lr_0 = 1.2790e-04
Loss = 1.8047e-04, PNorm = 111.4581, GNorm = 0.0492, lr_0 = 1.2785e-04
Loss = 1.6450e-04, PNorm = 111.4582, GNorm = 0.1007, lr_0 = 1.2780e-04
Loss = 1.8477e-04, PNorm = 111.4584, GNorm = 0.0391, lr_0 = 1.2776e-04
Loss = 1.8962e-04, PNorm = 111.4590, GNorm = 0.0980, lr_0 = 1.2771e-04
Loss = 1.5561e-04, PNorm = 111.4592, GNorm = 0.0726, lr_0 = 1.2766e-04
Loss = 1.3671e-04, PNorm = 111.4592, GNorm = 0.0735, lr_0 = 1.2761e-04
Loss = 1.5197e-04, PNorm = 111.4593, GNorm = 0.1516, lr_0 = 1.2756e-04
Loss = 1.5921e-04, PNorm = 111.4592, GNorm = 0.0909, lr_0 = 1.2751e-04
Loss = 1.5836e-04, PNorm = 111.4596, GNorm = 0.0329, lr_0 = 1.2746e-04
Loss = 1.3567e-04, PNorm = 111.4609, GNorm = 0.0683, lr_0 = 1.2741e-04
Loss = 1.7376e-04, PNorm = 111.4612, GNorm = 0.0377, lr_0 = 1.2736e-04
Loss = 1.3421e-04, PNorm = 111.4608, GNorm = 0.0570, lr_0 = 1.2731e-04
Loss = 1.4596e-04, PNorm = 111.4601, GNorm = 0.1817, lr_0 = 1.2727e-04
Loss = 1.3126e-04, PNorm = 111.4601, GNorm = 0.0842, lr_0 = 1.2722e-04
Loss = 1.4591e-04, PNorm = 111.4610, GNorm = 0.0639, lr_0 = 1.2717e-04
Loss = 1.4022e-04, PNorm = 111.4614, GNorm = 0.0857, lr_0 = 1.2712e-04
Loss = 1.1781e-04, PNorm = 111.4613, GNorm = 0.0555, lr_0 = 1.2707e-04
Loss = 1.4060e-04, PNorm = 111.4613, GNorm = 0.0928, lr_0 = 1.2702e-04
Loss = 1.6874e-04, PNorm = 111.4615, GNorm = 0.0415, lr_0 = 1.2697e-04
Loss = 1.4745e-04, PNorm = 111.4618, GNorm = 0.0486, lr_0 = 1.2692e-04
Loss = 1.4385e-04, PNorm = 111.4623, GNorm = 0.0621, lr_0 = 1.2687e-04
Loss = 1.5055e-04, PNorm = 111.4632, GNorm = 0.1881, lr_0 = 1.2683e-04
Loss = 1.5177e-04, PNorm = 111.4631, GNorm = 0.0648, lr_0 = 1.2678e-04
Loss = 1.4069e-04, PNorm = 111.4632, GNorm = 0.1706, lr_0 = 1.2673e-04
Loss = 1.5182e-04, PNorm = 111.4635, GNorm = 0.0338, lr_0 = 1.2668e-04
Loss = 1.5110e-04, PNorm = 111.4636, GNorm = 0.0788, lr_0 = 1.2663e-04
Loss = 1.3867e-04, PNorm = 111.4638, GNorm = 0.1687, lr_0 = 1.2658e-04
Loss = 1.4350e-04, PNorm = 111.4641, GNorm = 0.0991, lr_0 = 1.2653e-04
Loss = 1.3538e-04, PNorm = 111.4643, GNorm = 0.0813, lr_0 = 1.2648e-04
Loss = 1.5465e-04, PNorm = 111.4644, GNorm = 0.1154, lr_0 = 1.2644e-04
Loss = 1.2375e-04, PNorm = 111.4640, GNorm = 0.0655, lr_0 = 1.2639e-04
Loss = 1.4191e-04, PNorm = 111.4643, GNorm = 0.1750, lr_0 = 1.2634e-04
Loss = 1.4110e-04, PNorm = 111.4648, GNorm = 0.1038, lr_0 = 1.2629e-04
Loss = 1.8272e-04, PNorm = 111.4653, GNorm = 0.1086, lr_0 = 1.2624e-04
Loss = 1.5717e-04, PNorm = 111.4659, GNorm = 0.1676, lr_0 = 1.2619e-04
Loss = 1.6633e-04, PNorm = 111.4665, GNorm = 0.0438, lr_0 = 1.2614e-04
Loss = 1.7003e-04, PNorm = 111.4664, GNorm = 0.0460, lr_0 = 1.2610e-04
Loss = 1.2518e-04, PNorm = 111.4663, GNorm = 0.1343, lr_0 = 1.2605e-04
Loss = 1.2823e-04, PNorm = 111.4667, GNorm = 0.0707, lr_0 = 1.2600e-04
Loss = 1.2734e-04, PNorm = 111.4673, GNorm = 0.0545, lr_0 = 1.2595e-04
Loss = 1.2945e-04, PNorm = 111.4673, GNorm = 0.0831, lr_0 = 1.2590e-04
Loss = 1.4426e-04, PNorm = 111.4676, GNorm = 0.0494, lr_0 = 1.2585e-04
Loss = 1.3211e-04, PNorm = 111.4685, GNorm = 0.0737, lr_0 = 1.2581e-04
Loss = 1.4861e-04, PNorm = 111.4693, GNorm = 0.0285, lr_0 = 1.2576e-04
Loss = 1.2654e-04, PNorm = 111.4697, GNorm = 0.0446, lr_0 = 1.2571e-04
Loss = 1.2001e-04, PNorm = 111.4698, GNorm = 0.0708, lr_0 = 1.2566e-04
Loss = 1.2998e-04, PNorm = 111.4695, GNorm = 0.0546, lr_0 = 1.2561e-04
Loss = 1.1850e-04, PNorm = 111.4698, GNorm = 0.0407, lr_0 = 1.2556e-04
Loss = 1.4273e-04, PNorm = 111.4696, GNorm = 0.1374, lr_0 = 1.2552e-04
Loss = 1.5258e-04, PNorm = 111.4695, GNorm = 0.1858, lr_0 = 1.2547e-04
Loss = 1.3329e-04, PNorm = 111.4695, GNorm = 0.2112, lr_0 = 1.2542e-04
Loss = 1.6387e-04, PNorm = 111.4691, GNorm = 0.0572, lr_0 = 1.2537e-04
Loss = 1.4928e-04, PNorm = 111.4698, GNorm = 0.0738, lr_0 = 1.2532e-04
Loss = 1.4461e-04, PNorm = 111.4707, GNorm = 0.1024, lr_0 = 1.2527e-04
Loss = 1.7047e-04, PNorm = 111.4717, GNorm = 0.0914, lr_0 = 1.2523e-04
Loss = 1.8200e-04, PNorm = 111.4714, GNorm = 0.2122, lr_0 = 1.2518e-04
Loss = 1.9721e-04, PNorm = 111.4714, GNorm = 0.0612, lr_0 = 1.2513e-04
Loss = 1.9589e-04, PNorm = 111.4710, GNorm = 0.1855, lr_0 = 1.2508e-04
Loss = 1.6016e-04, PNorm = 111.4711, GNorm = 0.1111, lr_0 = 1.2503e-04
Loss = 1.9154e-04, PNorm = 111.4717, GNorm = 0.2140, lr_0 = 1.2499e-04
Loss = 1.4158e-04, PNorm = 111.4713, GNorm = 0.1050, lr_0 = 1.2494e-04
Loss = 1.4601e-04, PNorm = 111.4718, GNorm = 0.0849, lr_0 = 1.2489e-04
Loss = 1.9518e-04, PNorm = 111.4723, GNorm = 0.0923, lr_0 = 1.2484e-04
Loss = 1.5906e-04, PNorm = 111.4729, GNorm = 0.0738, lr_0 = 1.2479e-04
Loss = 1.6039e-04, PNorm = 111.4731, GNorm = 0.0298, lr_0 = 1.2475e-04
Loss = 1.8210e-04, PNorm = 111.4739, GNorm = 0.0880, lr_0 = 1.2470e-04
Loss = 1.8018e-04, PNorm = 111.4748, GNorm = 0.0786, lr_0 = 1.2465e-04
Loss = 1.6239e-04, PNorm = 111.4750, GNorm = 0.0436, lr_0 = 1.2460e-04
Loss = 1.6917e-04, PNorm = 111.4757, GNorm = 0.0575, lr_0 = 1.2455e-04
Loss = 1.8096e-04, PNorm = 111.4757, GNorm = 0.0420, lr_0 = 1.2451e-04
Loss = 1.7199e-04, PNorm = 111.4761, GNorm = 0.0408, lr_0 = 1.2446e-04
Loss = 1.7257e-04, PNorm = 111.4766, GNorm = 0.0287, lr_0 = 1.2441e-04
Loss = 1.6983e-04, PNorm = 111.4766, GNorm = 0.0974, lr_0 = 1.2436e-04
Loss = 1.7145e-04, PNorm = 111.4775, GNorm = 0.0724, lr_0 = 1.2432e-04
Loss = 1.5931e-04, PNorm = 111.4777, GNorm = 0.0351, lr_0 = 1.2427e-04
Loss = 1.6093e-04, PNorm = 111.4772, GNorm = 0.2478, lr_0 = 1.2422e-04
Loss = 1.6082e-04, PNorm = 111.4768, GNorm = 0.2452, lr_0 = 1.2417e-04
Loss = 1.6750e-04, PNorm = 111.4765, GNorm = 0.0790, lr_0 = 1.2412e-04
Loss = 1.5601e-04, PNorm = 111.4763, GNorm = 0.0611, lr_0 = 1.2408e-04
Loss = 1.7222e-04, PNorm = 111.4767, GNorm = 0.0778, lr_0 = 1.2403e-04
Loss = 1.5443e-04, PNorm = 111.4776, GNorm = 0.2044, lr_0 = 1.2398e-04
Loss = 1.5779e-04, PNorm = 111.4775, GNorm = 0.0260, lr_0 = 1.2393e-04
Loss = 1.5418e-04, PNorm = 111.4777, GNorm = 0.1269, lr_0 = 1.2389e-04
Loss = 1.3957e-04, PNorm = 111.4784, GNorm = 0.0807, lr_0 = 1.2384e-04
Loss = 1.4968e-04, PNorm = 111.4791, GNorm = 0.1225, lr_0 = 1.2379e-04
Loss = 1.3302e-04, PNorm = 111.4795, GNorm = 0.1046, lr_0 = 1.2374e-04
Loss = 1.4903e-04, PNorm = 111.4794, GNorm = 0.0593, lr_0 = 1.2370e-04
Loss = 1.4101e-04, PNorm = 111.4792, GNorm = 0.0250, lr_0 = 1.2365e-04
Loss = 1.2246e-04, PNorm = 111.4795, GNorm = 0.0843, lr_0 = 1.2360e-04
Loss = 1.3197e-04, PNorm = 111.4796, GNorm = 0.0448, lr_0 = 1.2355e-04
Loss = 1.2503e-04, PNorm = 111.4792, GNorm = 0.0406, lr_0 = 1.2351e-04
Loss = 1.4206e-04, PNorm = 111.4794, GNorm = 0.0337, lr_0 = 1.2346e-04
Loss = 1.4874e-04, PNorm = 111.4798, GNorm = 0.2173, lr_0 = 1.2341e-04
Loss = 1.5388e-04, PNorm = 111.4797, GNorm = 0.1788, lr_0 = 1.2336e-04
Loss = 1.8893e-04, PNorm = 111.4796, GNorm = 0.1708, lr_0 = 1.2332e-04
Loss = 2.0347e-04, PNorm = 111.4801, GNorm = 0.0799, lr_0 = 1.2327e-04
Loss = 1.5458e-04, PNorm = 111.4806, GNorm = 0.0429, lr_0 = 1.2322e-04
Loss = 1.4787e-04, PNorm = 111.4809, GNorm = 0.0628, lr_0 = 1.2317e-04
Loss = 1.4322e-04, PNorm = 111.4812, GNorm = 0.0442, lr_0 = 1.2313e-04
Loss = 1.4367e-04, PNorm = 111.4809, GNorm = 0.1196, lr_0 = 1.2308e-04
Loss = 1.4709e-04, PNorm = 111.4809, GNorm = 0.0568, lr_0 = 1.2303e-04
Loss = 1.7027e-04, PNorm = 111.4804, GNorm = 0.0584, lr_0 = 1.2298e-04
Loss = 1.5727e-04, PNorm = 111.4806, GNorm = 0.0802, lr_0 = 1.2294e-04
Loss = 1.3627e-04, PNorm = 111.4816, GNorm = 0.0424, lr_0 = 1.2289e-04
Loss = 1.4545e-04, PNorm = 111.4825, GNorm = 0.0429, lr_0 = 1.2284e-04
Loss = 1.4767e-04, PNorm = 111.4827, GNorm = 0.0378, lr_0 = 1.2280e-04
Loss = 1.5308e-04, PNorm = 111.4832, GNorm = 0.0344, lr_0 = 1.2275e-04
Loss = 1.4689e-04, PNorm = 111.4832, GNorm = 0.0637, lr_0 = 1.2270e-04
Loss = 1.5388e-04, PNorm = 111.4831, GNorm = 0.0670, lr_0 = 1.2265e-04
Loss = 1.3458e-04, PNorm = 111.4831, GNorm = 0.0594, lr_0 = 1.2261e-04
Loss = 1.6026e-04, PNorm = 111.4829, GNorm = 0.0707, lr_0 = 1.2256e-04
Loss = 1.3842e-04, PNorm = 111.4830, GNorm = 0.0466, lr_0 = 1.2251e-04
Loss = 1.3138e-04, PNorm = 111.4832, GNorm = 0.1861, lr_0 = 1.2247e-04
Loss = 1.4253e-04, PNorm = 111.4831, GNorm = 0.1833, lr_0 = 1.2242e-04
Loss = 1.4429e-04, PNorm = 111.4838, GNorm = 0.1680, lr_0 = 1.2237e-04
Loss = 1.5251e-04, PNorm = 111.4838, GNorm = 0.0334, lr_0 = 1.2232e-04
Loss = 1.2993e-04, PNorm = 111.4833, GNorm = 0.1456, lr_0 = 1.2228e-04
Loss = 1.5075e-04, PNorm = 111.4837, GNorm = 0.0372, lr_0 = 1.2223e-04
Loss = 1.3736e-04, PNorm = 111.4844, GNorm = 0.1163, lr_0 = 1.2218e-04
Loss = 1.3988e-04, PNorm = 111.4852, GNorm = 0.1045, lr_0 = 1.2214e-04
Loss = 1.4328e-04, PNorm = 111.4850, GNorm = 0.1089, lr_0 = 1.2209e-04
Loss = 1.4077e-04, PNorm = 111.4850, GNorm = 0.0383, lr_0 = 1.2204e-04
Loss = 1.3598e-04, PNorm = 111.4853, GNorm = 0.1404, lr_0 = 1.2200e-04
Loss = 1.3618e-04, PNorm = 111.4854, GNorm = 0.0595, lr_0 = 1.2195e-04
Loss = 1.4072e-04, PNorm = 111.4855, GNorm = 0.0906, lr_0 = 1.2190e-04
Loss = 1.3527e-04, PNorm = 111.4866, GNorm = 0.0531, lr_0 = 1.2185e-04
Loss = 1.2928e-04, PNorm = 111.4873, GNorm = 0.0634, lr_0 = 1.2181e-04
Loss = 1.1732e-04, PNorm = 111.4878, GNorm = 0.0251, lr_0 = 1.2176e-04
Loss = 1.2339e-04, PNorm = 111.4880, GNorm = 0.1069, lr_0 = 1.2171e-04
Loss = 1.2823e-04, PNorm = 111.4881, GNorm = 0.0322, lr_0 = 1.2167e-04
Loss = 1.2810e-04, PNorm = 111.4878, GNorm = 0.1828, lr_0 = 1.2162e-04
Loss = 1.3801e-04, PNorm = 111.4882, GNorm = 0.2234, lr_0 = 1.2157e-04
Loss = 1.1901e-04, PNorm = 111.4885, GNorm = 0.0613, lr_0 = 1.2153e-04
Loss = 1.4103e-04, PNorm = 111.4894, GNorm = 0.0273, lr_0 = 1.2148e-04
Loss = 1.4146e-04, PNorm = 111.4897, GNorm = 0.0868, lr_0 = 1.2143e-04
Loss = 1.1858e-04, PNorm = 111.4903, GNorm = 0.0406, lr_0 = 1.2139e-04
Loss = 1.3666e-04, PNorm = 111.4909, GNorm = 0.0825, lr_0 = 1.2134e-04
Loss = 1.2330e-04, PNorm = 111.4910, GNorm = 0.1219, lr_0 = 1.2129e-04
Loss = 1.3783e-04, PNorm = 111.4910, GNorm = 0.1650, lr_0 = 1.2125e-04
Loss = 1.2002e-04, PNorm = 111.4914, GNorm = 0.0465, lr_0 = 1.2120e-04
Loss = 1.2691e-04, PNorm = 111.4916, GNorm = 0.0560, lr_0 = 1.2115e-04
Loss = 1.2739e-04, PNorm = 111.4912, GNorm = 0.0630, lr_0 = 1.2111e-04
Loss = 1.1872e-04, PNorm = 111.4910, GNorm = 0.0582, lr_0 = 1.2106e-04
Loss = 1.3360e-04, PNorm = 111.4916, GNorm = 0.0602, lr_0 = 1.2101e-04
Loss = 1.2750e-04, PNorm = 111.4917, GNorm = 0.0633, lr_0 = 1.2097e-04
Loss = 1.4302e-04, PNorm = 111.4919, GNorm = 0.1077, lr_0 = 1.2092e-04
Loss = 1.5058e-04, PNorm = 111.4922, GNorm = 0.1849, lr_0 = 1.2087e-04
Loss = 1.3602e-04, PNorm = 111.4930, GNorm = 0.0501, lr_0 = 1.2083e-04
Loss = 1.3722e-04, PNorm = 111.4933, GNorm = 0.0353, lr_0 = 1.2078e-04
Loss = 1.4709e-04, PNorm = 111.4936, GNorm = 0.1176, lr_0 = 1.2074e-04
Loss = 1.6038e-04, PNorm = 111.4936, GNorm = 0.0606, lr_0 = 1.2069e-04
Loss = 1.2993e-04, PNorm = 111.4940, GNorm = 0.0689, lr_0 = 1.2064e-04
Loss = 1.2071e-04, PNorm = 111.4947, GNorm = 0.0840, lr_0 = 1.2060e-04
Loss = 1.5900e-04, PNorm = 111.4950, GNorm = 0.1768, lr_0 = 1.2055e-04
Loss = 1.4012e-04, PNorm = 111.4947, GNorm = 0.1357, lr_0 = 1.2050e-04
Loss = 1.5092e-04, PNorm = 111.4949, GNorm = 0.2350, lr_0 = 1.2046e-04
Loss = 1.7782e-04, PNorm = 111.4949, GNorm = 0.3478, lr_0 = 1.2041e-04
Loss = 1.9656e-04, PNorm = 111.4947, GNorm = 0.1751, lr_0 = 1.2036e-04
Loss = 1.6577e-04, PNorm = 111.4948, GNorm = 0.0878, lr_0 = 1.2032e-04
Loss = 1.3264e-04, PNorm = 111.4949, GNorm = 0.0606, lr_0 = 1.2027e-04
Loss = 1.5884e-04, PNorm = 111.4951, GNorm = 0.0691, lr_0 = 1.2023e-04
Loss = 1.3867e-04, PNorm = 111.4954, GNorm = 0.0924, lr_0 = 1.2018e-04
Loss = 1.4750e-04, PNorm = 111.4965, GNorm = 0.1177, lr_0 = 1.2013e-04
Loss = 1.5170e-04, PNorm = 111.4966, GNorm = 0.0676, lr_0 = 1.2009e-04
Loss = 1.6308e-04, PNorm = 111.4971, GNorm = 0.1305, lr_0 = 1.2004e-04
Loss = 1.4198e-04, PNorm = 111.4973, GNorm = 0.0758, lr_0 = 1.1999e-04
Loss = 1.5308e-04, PNorm = 111.4977, GNorm = 0.1081, lr_0 = 1.1995e-04
Loss = 1.4729e-04, PNorm = 111.4976, GNorm = 0.0710, lr_0 = 1.1990e-04
Loss = 1.4196e-04, PNorm = 111.4978, GNorm = 0.1032, lr_0 = 1.1986e-04
Loss = 1.5031e-04, PNorm = 111.4977, GNorm = 0.1274, lr_0 = 1.1981e-04
Loss = 1.7975e-04, PNorm = 111.4981, GNorm = 0.2797, lr_0 = 1.1976e-04
Loss = 2.3917e-04, PNorm = 111.4986, GNorm = 0.2790, lr_0 = 1.1972e-04
Loss = 1.9785e-04, PNorm = 111.4989, GNorm = 0.1729, lr_0 = 1.1967e-04
Loss = 2.1511e-04, PNorm = 111.4995, GNorm = 0.2818, lr_0 = 1.1963e-04
Loss = 1.9279e-04, PNorm = 111.5003, GNorm = 0.1957, lr_0 = 1.1958e-04
Loss = 1.8755e-04, PNorm = 111.5007, GNorm = 0.0554, lr_0 = 1.1953e-04
Loss = 1.7989e-04, PNorm = 111.5010, GNorm = 0.1496, lr_0 = 1.1949e-04
Loss = 1.6598e-04, PNorm = 111.5011, GNorm = 0.0812, lr_0 = 1.1944e-04
Loss = 1.5894e-04, PNorm = 111.5014, GNorm = 0.0476, lr_0 = 1.1940e-04
Loss = 1.8283e-04, PNorm = 111.5021, GNorm = 0.1795, lr_0 = 1.1935e-04
Loss = 2.3442e-04, PNorm = 111.5029, GNorm = 0.3553, lr_0 = 1.1930e-04
Loss = 1.8058e-04, PNorm = 111.5033, GNorm = 0.0305, lr_0 = 1.1926e-04
Loss = 1.7822e-04, PNorm = 111.5038, GNorm = 0.0542, lr_0 = 1.1921e-04
Loss = 1.7406e-04, PNorm = 111.5037, GNorm = 0.0794, lr_0 = 1.1917e-04
Loss = 1.6454e-04, PNorm = 111.5040, GNorm = 0.0695, lr_0 = 1.1912e-04
Loss = 1.7743e-04, PNorm = 111.5041, GNorm = 0.0329, lr_0 = 1.1908e-04
Loss = 1.2883e-04, PNorm = 111.5043, GNorm = 0.1306, lr_0 = 1.1903e-04
Loss = 1.7178e-04, PNorm = 111.5042, GNorm = 0.0919, lr_0 = 1.1898e-04
Loss = 1.5235e-04, PNorm = 111.5045, GNorm = 0.0475, lr_0 = 1.1894e-04
Loss = 1.6642e-04, PNorm = 111.5051, GNorm = 0.0721, lr_0 = 1.1889e-04
Loss = 1.6222e-04, PNorm = 111.5054, GNorm = 0.0991, lr_0 = 1.1885e-04
Loss = 1.3625e-04, PNorm = 111.5048, GNorm = 0.0563, lr_0 = 1.1880e-04
Loss = 1.6767e-04, PNorm = 111.5045, GNorm = 0.2674, lr_0 = 1.1876e-04
Loss = 1.7466e-04, PNorm = 111.5053, GNorm = 0.1901, lr_0 = 1.1871e-04
Loss = 1.7622e-04, PNorm = 111.5062, GNorm = 0.1190, lr_0 = 1.1866e-04
Loss = 1.8503e-04, PNorm = 111.5057, GNorm = 0.0332, lr_0 = 1.1862e-04
Loss = 1.6524e-04, PNorm = 111.5057, GNorm = 0.1105, lr_0 = 1.1857e-04
Loss = 1.5127e-04, PNorm = 111.5063, GNorm = 0.2149, lr_0 = 1.1853e-04
Loss = 1.3743e-04, PNorm = 111.5063, GNorm = 0.1118, lr_0 = 1.1848e-04
Loss = 1.6279e-04, PNorm = 111.5061, GNorm = 0.0451, lr_0 = 1.1844e-04
Loss = 1.3078e-04, PNorm = 111.5062, GNorm = 0.1153, lr_0 = 1.1839e-04
Loss = 1.4506e-04, PNorm = 111.5057, GNorm = 0.0440, lr_0 = 1.1835e-04
Loss = 1.1054e-04, PNorm = 111.5057, GNorm = 0.0702, lr_0 = 1.1830e-04
Loss = 1.2734e-04, PNorm = 111.5060, GNorm = 0.0447, lr_0 = 1.1825e-04
Loss = 1.4958e-04, PNorm = 111.5060, GNorm = 0.0489, lr_0 = 1.1821e-04
Loss = 1.4227e-04, PNorm = 111.5061, GNorm = 0.0632, lr_0 = 1.1816e-04
Loss = 1.1873e-04, PNorm = 111.5061, GNorm = 0.0726, lr_0 = 1.1812e-04
Loss = 1.2728e-04, PNorm = 111.5063, GNorm = 0.1022, lr_0 = 1.1807e-04
Loss = 1.8611e-04, PNorm = 111.5068, GNorm = 0.2022, lr_0 = 1.1803e-04
Loss = 1.3836e-04, PNorm = 111.5075, GNorm = 0.1133, lr_0 = 1.1798e-04
Loss = 1.5561e-04, PNorm = 111.5077, GNorm = 0.1413, lr_0 = 1.1794e-04
Loss = 1.6329e-04, PNorm = 111.5074, GNorm = 0.0593, lr_0 = 1.1789e-04
Loss = 1.5229e-04, PNorm = 111.5071, GNorm = 0.1239, lr_0 = 1.1785e-04
Loss = 1.3367e-04, PNorm = 111.5068, GNorm = 0.0344, lr_0 = 1.1780e-04
Loss = 1.2383e-04, PNorm = 111.5073, GNorm = 0.1361, lr_0 = 1.1776e-04
Loss = 1.4507e-04, PNorm = 111.5080, GNorm = 0.0458, lr_0 = 1.1771e-04
Loss = 1.3785e-04, PNorm = 111.5085, GNorm = 0.0339, lr_0 = 1.1767e-04
Loss = 1.5204e-04, PNorm = 111.5090, GNorm = 0.1058, lr_0 = 1.1762e-04
Loss = 1.2467e-04, PNorm = 111.5092, GNorm = 0.1095, lr_0 = 1.1757e-04
Loss = 1.2564e-04, PNorm = 111.5096, GNorm = 0.0471, lr_0 = 1.1753e-04
Loss = 1.1025e-04, PNorm = 111.5097, GNorm = 0.1419, lr_0 = 1.1748e-04
Loss = 1.3453e-04, PNorm = 111.5092, GNorm = 0.1285, lr_0 = 1.1744e-04
Loss = 1.3203e-04, PNorm = 111.5085, GNorm = 0.2043, lr_0 = 1.1739e-04
Loss = 1.6533e-04, PNorm = 111.5083, GNorm = 0.1155, lr_0 = 1.1735e-04
Loss = 1.4308e-04, PNorm = 111.5084, GNorm = 0.0373, lr_0 = 1.1730e-04
Loss = 1.2657e-04, PNorm = 111.5087, GNorm = 0.1271, lr_0 = 1.1726e-04
Loss = 1.6884e-04, PNorm = 111.5086, GNorm = 0.1913, lr_0 = 1.1721e-04
Loss = 1.2484e-04, PNorm = 111.5094, GNorm = 0.0430, lr_0 = 1.1717e-04
Loss = 1.6308e-04, PNorm = 111.5093, GNorm = 0.0729, lr_0 = 1.1712e-04
Loss = 1.4385e-04, PNorm = 111.5092, GNorm = 0.0449, lr_0 = 1.1708e-04
Loss = 1.4029e-04, PNorm = 111.5095, GNorm = 0.0533, lr_0 = 1.1703e-04
Loss = 1.4398e-04, PNorm = 111.5101, GNorm = 0.2415, lr_0 = 1.1699e-04
Loss = 1.7755e-04, PNorm = 111.5105, GNorm = 0.0340, lr_0 = 1.1694e-04
Loss = 1.5382e-04, PNorm = 111.5104, GNorm = 0.0850, lr_0 = 1.1690e-04
Loss = 1.2404e-04, PNorm = 111.5111, GNorm = 0.0928, lr_0 = 1.1685e-04
Loss = 1.6065e-04, PNorm = 111.5117, GNorm = 0.2466, lr_0 = 1.1681e-04
Loss = 1.5125e-04, PNorm = 111.5131, GNorm = 0.0891, lr_0 = 1.1676e-04
Loss = 1.5924e-04, PNorm = 111.5135, GNorm = 0.0569, lr_0 = 1.1672e-04
Loss = 1.3155e-04, PNorm = 111.5136, GNorm = 0.0832, lr_0 = 1.1667e-04
Loss = 1.4000e-04, PNorm = 111.5140, GNorm = 0.0913, lr_0 = 1.1663e-04
Loss = 1.5757e-04, PNorm = 111.5146, GNorm = 0.1380, lr_0 = 1.1658e-04
Loss = 1.1866e-04, PNorm = 111.5146, GNorm = 0.0547, lr_0 = 1.1654e-04
Loss = 1.2385e-04, PNorm = 111.5142, GNorm = 0.0527, lr_0 = 1.1649e-04
Loss = 1.2891e-04, PNorm = 111.5137, GNorm = 0.0794, lr_0 = 1.1645e-04
Loss = 1.3348e-04, PNorm = 111.5139, GNorm = 0.0294, lr_0 = 1.1641e-04
Loss = 1.0917e-04, PNorm = 111.5140, GNorm = 0.1068, lr_0 = 1.1636e-04
Loss = 1.2951e-04, PNorm = 111.5149, GNorm = 0.1536, lr_0 = 1.1632e-04
Loss = 1.3790e-04, PNorm = 111.5151, GNorm = 0.0410, lr_0 = 1.1627e-04
Loss = 1.1397e-04, PNorm = 111.5147, GNorm = 0.1505, lr_0 = 1.1623e-04
Loss = 1.3469e-04, PNorm = 111.5142, GNorm = 0.1217, lr_0 = 1.1618e-04
Loss = 1.2857e-04, PNorm = 111.5140, GNorm = 0.1467, lr_0 = 1.1614e-04
Loss = 1.4022e-04, PNorm = 111.5138, GNorm = 0.2609, lr_0 = 1.1609e-04
Loss = 1.2639e-04, PNorm = 111.5137, GNorm = 0.0581, lr_0 = 1.1605e-04
Loss = 1.2837e-04, PNorm = 111.5141, GNorm = 0.0274, lr_0 = 1.1600e-04
Loss = 1.3020e-04, PNorm = 111.5140, GNorm = 0.1674, lr_0 = 1.1596e-04
Loss = 1.3956e-04, PNorm = 111.5142, GNorm = 0.2438, lr_0 = 1.1591e-04
Loss = 1.5228e-04, PNorm = 111.5145, GNorm = 0.2573, lr_0 = 1.1587e-04
Loss = 1.5302e-04, PNorm = 111.5147, GNorm = 0.1006, lr_0 = 1.1582e-04
Loss = 1.6084e-04, PNorm = 111.5144, GNorm = 0.2408, lr_0 = 1.1578e-04
Loss = 1.4610e-04, PNorm = 111.5144, GNorm = 0.0239, lr_0 = 1.1574e-04
Loss = 1.4304e-04, PNorm = 111.5142, GNorm = 0.0333, lr_0 = 1.1569e-04
Loss = 1.2749e-04, PNorm = 111.5141, GNorm = 0.0470, lr_0 = 1.1565e-04
Loss = 1.1715e-04, PNorm = 111.5144, GNorm = 0.1111, lr_0 = 1.1560e-04
Loss = 1.0644e-04, PNorm = 111.5146, GNorm = 0.0704, lr_0 = 1.1556e-04
Loss = 1.2442e-04, PNorm = 111.5145, GNorm = 0.1139, lr_0 = 1.1551e-04
Loss = 1.5384e-04, PNorm = 111.5151, GNorm = 0.2341, lr_0 = 1.1547e-04
Loss = 1.1829e-04, PNorm = 111.5160, GNorm = 0.1214, lr_0 = 1.1542e-04
Loss = 1.2320e-04, PNorm = 111.5162, GNorm = 0.0659, lr_0 = 1.1538e-04
Loss = 1.6435e-04, PNorm = 111.5158, GNorm = 0.1635, lr_0 = 1.1534e-04
Loss = 1.3313e-04, PNorm = 111.5158, GNorm = 0.0899, lr_0 = 1.1529e-04
Loss = 1.3999e-04, PNorm = 111.5161, GNorm = 0.0406, lr_0 = 1.1525e-04
Loss = 1.3479e-04, PNorm = 111.5162, GNorm = 0.0953, lr_0 = 1.1520e-04
Loss = 1.3827e-04, PNorm = 111.5164, GNorm = 0.2110, lr_0 = 1.1516e-04
Loss = 1.4183e-04, PNorm = 111.5163, GNorm = 0.0277, lr_0 = 1.1511e-04
Loss = 1.1809e-04, PNorm = 111.5157, GNorm = 0.0483, lr_0 = 1.1507e-04
Loss = 1.2885e-04, PNorm = 111.5160, GNorm = 0.0511, lr_0 = 1.1503e-04
Loss = 1.1623e-04, PNorm = 111.5165, GNorm = 0.0420, lr_0 = 1.1498e-04
Loss = 1.1453e-04, PNorm = 111.5168, GNorm = 0.0437, lr_0 = 1.1494e-04
Loss = 1.2455e-04, PNorm = 111.5173, GNorm = 0.0729, lr_0 = 1.1489e-04
Loss = 1.2882e-04, PNorm = 111.5177, GNorm = 0.1564, lr_0 = 1.1485e-04
Loss = 1.0949e-04, PNorm = 111.5172, GNorm = 0.0399, lr_0 = 1.1481e-04
Loss = 1.2479e-04, PNorm = 111.5173, GNorm = 0.0606, lr_0 = 1.1476e-04
Loss = 1.1290e-04, PNorm = 111.5175, GNorm = 0.0895, lr_0 = 1.1472e-04
Loss = 1.1856e-04, PNorm = 111.5178, GNorm = 0.0342, lr_0 = 1.1467e-04
Loss = 1.0892e-04, PNorm = 111.5178, GNorm = 0.1879, lr_0 = 1.1463e-04
Loss = 1.2112e-04, PNorm = 111.5181, GNorm = 0.1809, lr_0 = 1.1458e-04
Loss = 9.3843e-05, PNorm = 111.5183, GNorm = 0.1237, lr_0 = 1.1454e-04
Loss = 1.0021e-04, PNorm = 111.5188, GNorm = 0.0187, lr_0 = 1.1450e-04
Loss = 1.0582e-04, PNorm = 111.5189, GNorm = 0.0869, lr_0 = 1.1445e-04
Loss = 1.0604e-04, PNorm = 111.5188, GNorm = 0.1283, lr_0 = 1.1441e-04
Loss = 1.1622e-04, PNorm = 111.5190, GNorm = 0.2513, lr_0 = 1.1436e-04
Loss = 1.3722e-04, PNorm = 111.5194, GNorm = 0.2380, lr_0 = 1.1432e-04
Loss = 1.5860e-04, PNorm = 111.5202, GNorm = 0.3397, lr_0 = 1.1428e-04
Loss = 1.3316e-04, PNorm = 111.5207, GNorm = 0.0267, lr_0 = 1.1423e-04
Loss = 1.0436e-04, PNorm = 111.5208, GNorm = 0.0214, lr_0 = 1.1419e-04
Loss = 1.2814e-04, PNorm = 111.5205, GNorm = 0.0726, lr_0 = 1.1414e-04
Loss = 1.2402e-04, PNorm = 111.5208, GNorm = 0.0476, lr_0 = 1.1410e-04
Loss = 1.1682e-04, PNorm = 111.5213, GNorm = 0.0461, lr_0 = 1.1406e-04
Loss = 1.3388e-04, PNorm = 111.5219, GNorm = 0.1781, lr_0 = 1.1401e-04
Loss = 1.4360e-04, PNorm = 111.5227, GNorm = 0.1161, lr_0 = 1.1397e-04
Loss = 1.1849e-04, PNorm = 111.5230, GNorm = 0.0314, lr_0 = 1.1393e-04
Loss = 1.3427e-04, PNorm = 111.5235, GNorm = 0.0503, lr_0 = 1.1388e-04
Loss = 1.3689e-04, PNorm = 111.5234, GNorm = 0.0492, lr_0 = 1.1384e-04
Loss = 1.0774e-04, PNorm = 111.5239, GNorm = 0.0674, lr_0 = 1.1379e-04
Loss = 1.0033e-04, PNorm = 111.5240, GNorm = 0.0805, lr_0 = 1.1375e-04
Loss = 1.1962e-04, PNorm = 111.5244, GNorm = 0.1248, lr_0 = 1.1371e-04
Loss = 1.2254e-04, PNorm = 111.5249, GNorm = 0.0930, lr_0 = 1.1366e-04
Loss = 1.2998e-04, PNorm = 111.5251, GNorm = 0.1238, lr_0 = 1.1362e-04
Loss = 1.0383e-04, PNorm = 111.5245, GNorm = 0.0575, lr_0 = 1.1358e-04
Loss = 1.1836e-04, PNorm = 111.5245, GNorm = 0.0486, lr_0 = 1.1353e-04
Loss = 1.0530e-04, PNorm = 111.5249, GNorm = 0.0458, lr_0 = 1.1349e-04
Loss = 1.1816e-04, PNorm = 111.5252, GNorm = 0.1688, lr_0 = 1.1344e-04
Loss = 1.2631e-04, PNorm = 111.5256, GNorm = 0.1638, lr_0 = 1.1340e-04
Loss = 1.4237e-04, PNorm = 111.5256, GNorm = 0.1170, lr_0 = 1.1336e-04
Loss = 1.2533e-04, PNorm = 111.5254, GNorm = 0.1989, lr_0 = 1.1331e-04
Loss = 1.2781e-04, PNorm = 111.5251, GNorm = 0.0466, lr_0 = 1.1327e-04
Loss = 1.1957e-04, PNorm = 111.5250, GNorm = 0.1155, lr_0 = 1.1323e-04
Loss = 1.0811e-04, PNorm = 111.5253, GNorm = 0.0962, lr_0 = 1.1318e-04
Loss = 1.1045e-04, PNorm = 111.5255, GNorm = 0.0749, lr_0 = 1.1314e-04
Loss = 1.1849e-04, PNorm = 111.5260, GNorm = 0.0273, lr_0 = 1.1310e-04
Loss = 1.5615e-04, PNorm = 111.5264, GNorm = 0.1573, lr_0 = 1.1305e-04
Loss = 1.6986e-04, PNorm = 111.5264, GNorm = 0.1561, lr_0 = 1.1301e-04
Loss = 1.3013e-04, PNorm = 111.5272, GNorm = 0.1824, lr_0 = 1.1297e-04
Loss = 1.3998e-04, PNorm = 111.5269, GNorm = 0.1300, lr_0 = 1.1292e-04
Loss = 1.2395e-04, PNorm = 111.5269, GNorm = 0.1822, lr_0 = 1.1288e-04
Loss = 1.2428e-04, PNorm = 111.5269, GNorm = 0.1106, lr_0 = 1.1284e-04
Loss = 1.2014e-04, PNorm = 111.5268, GNorm = 0.0641, lr_0 = 1.1279e-04
Loss = 1.3650e-04, PNorm = 111.5266, GNorm = 0.0444, lr_0 = 1.1275e-04
Loss = 1.2963e-04, PNorm = 111.5267, GNorm = 0.0403, lr_0 = 1.1271e-04
Loss = 1.2348e-04, PNorm = 111.5270, GNorm = 0.1524, lr_0 = 1.1266e-04
Loss = 1.3104e-04, PNorm = 111.5275, GNorm = 0.1395, lr_0 = 1.1262e-04
Loss = 1.3343e-04, PNorm = 111.5279, GNorm = 0.0462, lr_0 = 1.1258e-04
Loss = 1.1498e-04, PNorm = 111.5280, GNorm = 0.1181, lr_0 = 1.1253e-04
Loss = 1.2368e-04, PNorm = 111.5281, GNorm = 0.1438, lr_0 = 1.1249e-04
Loss = 1.6194e-04, PNorm = 111.5283, GNorm = 0.2129, lr_0 = 1.1245e-04
Loss = 1.2337e-04, PNorm = 111.5289, GNorm = 0.0263, lr_0 = 1.1240e-04
Loss = 1.1590e-04, PNorm = 111.5292, GNorm = 0.0453, lr_0 = 1.1236e-04
Loss = 1.1416e-04, PNorm = 111.5292, GNorm = 0.0271, lr_0 = 1.1232e-04
Loss = 1.0836e-04, PNorm = 111.5297, GNorm = 0.0322, lr_0 = 1.1227e-04
Loss = 1.1991e-04, PNorm = 111.5300, GNorm = 0.0941, lr_0 = 1.1223e-04
Loss = 1.5383e-04, PNorm = 111.5307, GNorm = 0.2200, lr_0 = 1.1219e-04
Loss = 1.3886e-04, PNorm = 111.5312, GNorm = 0.0630, lr_0 = 1.1214e-04
Loss = 1.0996e-04, PNorm = 111.5309, GNorm = 0.0370, lr_0 = 1.1210e-04
Loss = 1.2933e-04, PNorm = 111.5310, GNorm = 0.1063, lr_0 = 1.1206e-04
Loss = 1.1695e-04, PNorm = 111.5312, GNorm = 0.0353, lr_0 = 1.1201e-04
Loss = 1.3725e-04, PNorm = 111.5318, GNorm = 0.0975, lr_0 = 1.1197e-04
Loss = 1.3695e-04, PNorm = 111.5320, GNorm = 0.0887, lr_0 = 1.1193e-04
Loss = 1.6242e-04, PNorm = 111.5323, GNorm = 0.0424, lr_0 = 1.1189e-04
Loss = 1.5929e-04, PNorm = 111.5324, GNorm = 0.1983, lr_0 = 1.1184e-04
Loss = 1.4957e-04, PNorm = 111.5328, GNorm = 0.0279, lr_0 = 1.1180e-04
Loss = 1.2649e-04, PNorm = 111.5326, GNorm = 0.0803, lr_0 = 1.1176e-04
Loss = 1.3604e-04, PNorm = 111.5330, GNorm = 0.1152, lr_0 = 1.1171e-04
Loss = 1.2602e-04, PNorm = 111.5328, GNorm = 0.1300, lr_0 = 1.1167e-04
Loss = 1.4056e-04, PNorm = 111.5330, GNorm = 0.1553, lr_0 = 1.1163e-04
Loss = 1.4269e-04, PNorm = 111.5335, GNorm = 0.1422, lr_0 = 1.1158e-04
Loss = 1.4375e-04, PNorm = 111.5338, GNorm = 0.0336, lr_0 = 1.1154e-04
Loss = 1.2711e-04, PNorm = 111.5341, GNorm = 0.0528, lr_0 = 1.1150e-04
Loss = 1.2775e-04, PNorm = 111.5345, GNorm = 0.2196, lr_0 = 1.1146e-04
Loss = 1.3431e-04, PNorm = 111.5350, GNorm = 0.1478, lr_0 = 1.1141e-04
Loss = 1.6756e-04, PNorm = 111.5356, GNorm = 0.1537, lr_0 = 1.1137e-04
Loss = 1.8438e-04, PNorm = 111.5366, GNorm = 0.0526, lr_0 = 1.1133e-04
Loss = 1.3560e-04, PNorm = 111.5368, GNorm = 0.0378, lr_0 = 1.1128e-04
Loss = 1.3555e-04, PNorm = 111.5367, GNorm = 0.0923, lr_0 = 1.1124e-04
Loss = 1.2294e-04, PNorm = 111.5371, GNorm = 0.0598, lr_0 = 1.1120e-04
Loss = 1.2812e-04, PNorm = 111.5376, GNorm = 0.0203, lr_0 = 1.1116e-04
Loss = 1.2297e-04, PNorm = 111.5376, GNorm = 0.0267, lr_0 = 1.1111e-04
Loss = 1.3600e-04, PNorm = 111.5370, GNorm = 0.0546, lr_0 = 1.1107e-04
Loss = 1.1949e-04, PNorm = 111.5366, GNorm = 0.1349, lr_0 = 1.1103e-04
Loss = 1.2566e-04, PNorm = 111.5370, GNorm = 0.0668, lr_0 = 1.1099e-04
Loss = 1.2791e-04, PNorm = 111.5373, GNorm = 0.0608, lr_0 = 1.1094e-04
Loss = 1.4980e-04, PNorm = 111.5369, GNorm = 0.1638, lr_0 = 1.1090e-04
Loss = 1.3818e-04, PNorm = 111.5371, GNorm = 0.0645, lr_0 = 1.1086e-04
Loss = 1.2910e-04, PNorm = 111.5374, GNorm = 0.0504, lr_0 = 1.1082e-04
Loss = 1.3070e-04, PNorm = 111.5375, GNorm = 0.0525, lr_0 = 1.1077e-04
Loss = 1.2618e-04, PNorm = 111.5378, GNorm = 0.0692, lr_0 = 1.1073e-04
Loss = 1.0242e-04, PNorm = 111.5382, GNorm = 0.0440, lr_0 = 1.1069e-04
Loss = 1.3749e-04, PNorm = 111.5386, GNorm = 0.0345, lr_0 = 1.1064e-04
Loss = 9.2144e-05, PNorm = 111.5382, GNorm = 0.0334, lr_0 = 1.1060e-04
Loss = 1.1320e-04, PNorm = 111.5383, GNorm = 0.0950, lr_0 = 1.1056e-04
Loss = 1.1737e-04, PNorm = 111.5384, GNorm = 0.0632, lr_0 = 1.1052e-04
Loss = 1.1406e-04, PNorm = 111.5379, GNorm = 0.0570, lr_0 = 1.1047e-04
Loss = 1.1741e-04, PNorm = 111.5376, GNorm = 0.0755, lr_0 = 1.1043e-04
Loss = 1.0330e-04, PNorm = 111.5380, GNorm = 0.0805, lr_0 = 1.1039e-04
Loss = 1.1744e-04, PNorm = 111.5380, GNorm = 0.0800, lr_0 = 1.1035e-04
Loss = 1.3625e-04, PNorm = 111.5380, GNorm = 0.3270, lr_0 = 1.1031e-04
Loss = 1.5107e-04, PNorm = 111.5383, GNorm = 0.1871, lr_0 = 1.1026e-04
Loss = 1.4615e-04, PNorm = 111.5388, GNorm = 0.0258, lr_0 = 1.1022e-04
Loss = 1.1236e-04, PNorm = 111.5388, GNorm = 0.0668, lr_0 = 1.1018e-04
Loss = 1.3323e-04, PNorm = 111.5389, GNorm = 0.0956, lr_0 = 1.1014e-04
Loss = 1.1345e-04, PNorm = 111.5391, GNorm = 0.1005, lr_0 = 1.1009e-04
Loss = 1.1667e-04, PNorm = 111.5390, GNorm = 0.1666, lr_0 = 1.1005e-04
Loss = 1.1443e-04, PNorm = 111.5392, GNorm = 0.0528, lr_0 = 1.1001e-04
Loss = 1.1106e-04, PNorm = 111.5393, GNorm = 0.0463, lr_0 = 1.0997e-04
Loss = 1.1162e-04, PNorm = 111.5389, GNorm = 0.0333, lr_0 = 1.0992e-04
Loss = 1.1993e-04, PNorm = 111.5387, GNorm = 0.0519, lr_0 = 1.0988e-04
Loss = 1.0920e-04, PNorm = 111.5392, GNorm = 0.0684, lr_0 = 1.0984e-04
Loss = 1.0303e-04, PNorm = 111.5399, GNorm = 0.0532, lr_0 = 1.0980e-04
Loss = 1.0974e-04, PNorm = 111.5406, GNorm = 0.1323, lr_0 = 1.0976e-04
Loss = 1.0864e-04, PNorm = 111.5415, GNorm = 0.0745, lr_0 = 1.0971e-04
Loss = 1.1812e-04, PNorm = 111.5414, GNorm = 0.1672, lr_0 = 1.0967e-04
Loss = 1.1516e-04, PNorm = 111.5414, GNorm = 0.0270, lr_0 = 1.0963e-04
Loss = 1.1306e-04, PNorm = 111.5417, GNorm = 0.0523, lr_0 = 1.0959e-04
Loss = 1.0452e-04, PNorm = 111.5414, GNorm = 0.1376, lr_0 = 1.0954e-04
Loss = 1.4798e-04, PNorm = 111.5421, GNorm = 0.3314, lr_0 = 1.0950e-04
Loss = 1.5851e-04, PNorm = 111.5420, GNorm = 0.1947, lr_0 = 1.0946e-04
Loss = 1.4964e-04, PNorm = 111.5428, GNorm = 0.1768, lr_0 = 1.0942e-04
Loss = 1.4976e-04, PNorm = 111.5431, GNorm = 0.2750, lr_0 = 1.0938e-04
Loss = 1.3419e-04, PNorm = 111.5427, GNorm = 0.0944, lr_0 = 1.0933e-04
Loss = 1.3153e-04, PNorm = 111.5429, GNorm = 0.0912, lr_0 = 1.0929e-04
Loss = 1.3546e-04, PNorm = 111.5428, GNorm = 0.0928, lr_0 = 1.0925e-04
Loss = 1.2132e-04, PNorm = 111.5429, GNorm = 0.1061, lr_0 = 1.0921e-04
Loss = 1.0285e-04, PNorm = 111.5434, GNorm = 0.0442, lr_0 = 1.0917e-04
Loss = 1.1865e-04, PNorm = 111.5436, GNorm = 0.0867, lr_0 = 1.0912e-04
Loss = 1.2364e-04, PNorm = 111.5436, GNorm = 0.0630, lr_0 = 1.0908e-04
Loss = 1.0864e-04, PNorm = 111.5438, GNorm = 0.1004, lr_0 = 1.0904e-04
Loss = 1.3098e-04, PNorm = 111.5432, GNorm = 0.0324, lr_0 = 1.0900e-04
Loss = 1.1391e-04, PNorm = 111.5429, GNorm = 0.0632, lr_0 = 1.0896e-04
Loss = 1.0967e-04, PNorm = 111.5431, GNorm = 0.0684, lr_0 = 1.0891e-04
Loss = 1.1558e-04, PNorm = 111.5435, GNorm = 0.0443, lr_0 = 1.0887e-04
Loss = 1.1381e-04, PNorm = 111.5443, GNorm = 0.0217, lr_0 = 1.0883e-04
Loss = 1.1615e-04, PNorm = 111.5449, GNorm = 0.1463, lr_0 = 1.0879e-04
Loss = 1.1395e-04, PNorm = 111.5447, GNorm = 0.0821, lr_0 = 1.0875e-04
Loss = 1.1337e-04, PNorm = 111.5445, GNorm = 0.1507, lr_0 = 1.0871e-04
Loss = 1.0808e-04, PNorm = 111.5449, GNorm = 0.1757, lr_0 = 1.0866e-04
Loss = 1.1760e-04, PNorm = 111.5449, GNorm = 0.1058, lr_0 = 1.0862e-04
Loss = 1.1405e-04, PNorm = 111.5445, GNorm = 0.0353, lr_0 = 1.0858e-04
Loss = 1.2256e-04, PNorm = 111.5443, GNorm = 0.1133, lr_0 = 1.0854e-04
Loss = 1.1605e-04, PNorm = 111.5443, GNorm = 0.0467, lr_0 = 1.0850e-04
Loss = 1.1099e-04, PNorm = 111.5445, GNorm = 0.0531, lr_0 = 1.0845e-04
Loss = 1.1761e-04, PNorm = 111.5450, GNorm = 0.2580, lr_0 = 1.0841e-04
Loss = 1.3135e-04, PNorm = 111.5453, GNorm = 0.0982, lr_0 = 1.0837e-04
Loss = 1.1051e-04, PNorm = 111.5454, GNorm = 0.0647, lr_0 = 1.0833e-04
Loss = 1.1459e-04, PNorm = 111.5452, GNorm = 0.1452, lr_0 = 1.0829e-04
Loss = 1.2249e-04, PNorm = 111.5459, GNorm = 0.1466, lr_0 = 1.0825e-04
Loss = 1.6653e-04, PNorm = 111.5467, GNorm = 0.1995, lr_0 = 1.0820e-04
Loss = 1.5396e-04, PNorm = 111.5462, GNorm = 0.1123, lr_0 = 1.0816e-04
Loss = 1.3649e-04, PNorm = 111.5464, GNorm = 0.0553, lr_0 = 1.0812e-04
Loss = 1.3592e-04, PNorm = 111.5465, GNorm = 0.0499, lr_0 = 1.0808e-04
Loss = 1.2205e-04, PNorm = 111.5472, GNorm = 0.0772, lr_0 = 1.0804e-04
Loss = 1.1486e-04, PNorm = 111.5481, GNorm = 0.0425, lr_0 = 1.0800e-04
Loss = 1.3447e-04, PNorm = 111.5485, GNorm = 0.0452, lr_0 = 1.0796e-04
Loss = 1.2666e-04, PNorm = 111.5485, GNorm = 0.1241, lr_0 = 1.0791e-04
Loss = 1.2912e-04, PNorm = 111.5482, GNorm = 0.0551, lr_0 = 1.0787e-04
Loss = 1.0872e-04, PNorm = 111.5482, GNorm = 0.1048, lr_0 = 1.0783e-04
Loss = 1.0646e-04, PNorm = 111.5486, GNorm = 0.1399, lr_0 = 1.0779e-04
Loss = 1.2469e-04, PNorm = 111.5490, GNorm = 0.0521, lr_0 = 1.0775e-04
Loss = 1.1014e-04, PNorm = 111.5491, GNorm = 0.0421, lr_0 = 1.0771e-04
Loss = 8.4929e-05, PNorm = 111.5496, GNorm = 0.1881, lr_0 = 1.0767e-04
Loss = 1.3105e-04, PNorm = 111.5500, GNorm = 0.2060, lr_0 = 1.0762e-04
Loss = 1.5729e-04, PNorm = 111.5502, GNorm = 0.2676, lr_0 = 1.0758e-04
Loss = 1.1807e-04, PNorm = 111.5502, GNorm = 0.1338, lr_0 = 1.0754e-04
Loss = 1.3262e-04, PNorm = 111.5502, GNorm = 0.0541, lr_0 = 1.0750e-04
Loss = 1.2123e-04, PNorm = 111.5499, GNorm = 0.0483, lr_0 = 1.0746e-04
Loss = 1.0397e-04, PNorm = 111.5498, GNorm = 0.1049, lr_0 = 1.0742e-04
Loss = 1.0462e-04, PNorm = 111.5502, GNorm = 0.0874, lr_0 = 1.0738e-04
Loss = 1.1104e-04, PNorm = 111.5501, GNorm = 0.1113, lr_0 = 1.0733e-04
Loss = 9.8626e-05, PNorm = 111.5502, GNorm = 0.0970, lr_0 = 1.0729e-04
Loss = 1.1198e-04, PNorm = 111.5503, GNorm = 0.2666, lr_0 = 1.0725e-04
Loss = 1.3168e-04, PNorm = 111.5503, GNorm = 0.1822, lr_0 = 1.0721e-04
Loss = 1.3958e-04, PNorm = 111.5502, GNorm = 0.2957, lr_0 = 1.0717e-04
Loss = 1.2014e-04, PNorm = 111.5506, GNorm = 0.0565, lr_0 = 1.0713e-04
Loss = 1.3368e-04, PNorm = 111.5506, GNorm = 0.2665, lr_0 = 1.0709e-04
Loss = 1.4698e-04, PNorm = 111.5513, GNorm = 0.1496, lr_0 = 1.0705e-04
Loss = 1.3915e-04, PNorm = 111.5517, GNorm = 0.1346, lr_0 = 1.0701e-04
Loss = 1.2409e-04, PNorm = 111.5520, GNorm = 0.1619, lr_0 = 1.0696e-04
Loss = 1.2261e-04, PNorm = 111.5523, GNorm = 0.1732, lr_0 = 1.0692e-04
Loss = 1.2688e-04, PNorm = 111.5520, GNorm = 0.1637, lr_0 = 1.0688e-04
Loss = 1.3343e-04, PNorm = 111.5523, GNorm = 0.1864, lr_0 = 1.0684e-04
Loss = 1.1335e-04, PNorm = 111.5525, GNorm = 0.0533, lr_0 = 1.0680e-04
Loss = 1.1036e-04, PNorm = 111.5532, GNorm = 0.0687, lr_0 = 1.0676e-04
Loss = 1.3128e-04, PNorm = 111.5526, GNorm = 0.0983, lr_0 = 1.0672e-04
Loss = 1.1732e-04, PNorm = 111.5526, GNorm = 0.2095, lr_0 = 1.0668e-04
Loss = 1.1412e-04, PNorm = 111.5531, GNorm = 0.0919, lr_0 = 1.0664e-04
Loss = 1.3557e-04, PNorm = 111.5531, GNorm = 0.0453, lr_0 = 1.0659e-04
Loss = 1.1173e-04, PNorm = 111.5531, GNorm = 0.0360, lr_0 = 1.0655e-04
Loss = 1.1299e-04, PNorm = 111.5529, GNorm = 0.0466, lr_0 = 1.0651e-04
Loss = 1.2009e-04, PNorm = 111.5530, GNorm = 0.0290, lr_0 = 1.0647e-04
Loss = 1.3233e-04, PNorm = 111.5528, GNorm = 0.0467, lr_0 = 1.0643e-04
Loss = 1.1194e-04, PNorm = 111.5528, GNorm = 0.1098, lr_0 = 1.0639e-04
Loss = 1.0892e-04, PNorm = 111.5531, GNorm = 0.1847, lr_0 = 1.0635e-04
Loss = 1.2370e-04, PNorm = 111.5537, GNorm = 0.1022, lr_0 = 1.0631e-04
Loss = 1.3031e-04, PNorm = 111.5536, GNorm = 0.0961, lr_0 = 1.0627e-04
Loss = 1.1479e-04, PNorm = 111.5534, GNorm = 0.1473, lr_0 = 1.0623e-04
Loss = 1.2571e-04, PNorm = 111.5533, GNorm = 0.0851, lr_0 = 1.0619e-04
Loss = 1.1140e-04, PNorm = 111.5539, GNorm = 0.1403, lr_0 = 1.0614e-04
Loss = 1.2224e-04, PNorm = 111.5544, GNorm = 0.0679, lr_0 = 1.0610e-04
Loss = 1.0634e-04, PNorm = 111.5542, GNorm = 0.0746, lr_0 = 1.0606e-04
Loss = 1.1653e-04, PNorm = 111.5543, GNorm = 0.1673, lr_0 = 1.0602e-04
Loss = 1.1012e-04, PNorm = 111.5540, GNorm = 0.1219, lr_0 = 1.0598e-04
Loss = 1.1499e-04, PNorm = 111.5542, GNorm = 0.0755, lr_0 = 1.0594e-04
Loss = 1.1359e-04, PNorm = 111.5536, GNorm = 0.0558, lr_0 = 1.0590e-04
Loss = 1.2162e-04, PNorm = 111.5536, GNorm = 0.1118, lr_0 = 1.0586e-04
Loss = 1.0116e-04, PNorm = 111.5535, GNorm = 0.0655, lr_0 = 1.0582e-04
Loss = 1.0213e-04, PNorm = 111.5536, GNorm = 0.0278, lr_0 = 1.0578e-04
Loss = 9.5764e-05, PNorm = 111.5538, GNorm = 0.1033, lr_0 = 1.0574e-04
Loss = 9.9253e-05, PNorm = 111.5533, GNorm = 0.1351, lr_0 = 1.0570e-04
Loss = 1.2870e-04, PNorm = 111.5534, GNorm = 0.1618, lr_0 = 1.0566e-04
Loss = 1.2138e-04, PNorm = 111.5535, GNorm = 0.2109, lr_0 = 1.0562e-04
Loss = 1.1085e-04, PNorm = 111.5539, GNorm = 0.0980, lr_0 = 1.0557e-04
Loss = 1.1739e-04, PNorm = 111.5542, GNorm = 0.2836, lr_0 = 1.0553e-04
Loss = 1.1504e-04, PNorm = 111.5547, GNorm = 0.1706, lr_0 = 1.0549e-04
Loss = 1.1187e-04, PNorm = 111.5548, GNorm = 0.1531, lr_0 = 1.0545e-04
Loss = 1.0850e-04, PNorm = 111.5547, GNorm = 0.1342, lr_0 = 1.0541e-04
Loss = 1.0474e-04, PNorm = 111.5550, GNorm = 0.1351, lr_0 = 1.0537e-04
Loss = 1.3043e-04, PNorm = 111.5551, GNorm = 0.1803, lr_0 = 1.0533e-04
Loss = 1.0208e-04, PNorm = 111.5551, GNorm = 0.0401, lr_0 = 1.0529e-04
Loss = 8.7250e-05, PNorm = 111.5549, GNorm = 0.0983, lr_0 = 1.0525e-04
Loss = 9.3239e-05, PNorm = 111.5550, GNorm = 0.0344, lr_0 = 1.0521e-04
Loss = 9.9310e-05, PNorm = 111.5549, GNorm = 0.0306, lr_0 = 1.0517e-04
Loss = 1.1107e-04, PNorm = 111.5555, GNorm = 0.1837, lr_0 = 1.0513e-04
Loss = 9.6971e-05, PNorm = 111.5555, GNorm = 0.0476, lr_0 = 1.0509e-04
Loss = 1.0941e-04, PNorm = 111.5556, GNorm = 0.0216, lr_0 = 1.0505e-04
Loss = 1.1518e-04, PNorm = 111.5558, GNorm = 0.0910, lr_0 = 1.0501e-04
Loss = 1.1781e-04, PNorm = 111.5561, GNorm = 0.2099, lr_0 = 1.0497e-04
Loss = 1.4517e-04, PNorm = 111.5564, GNorm = 0.0447, lr_0 = 1.0493e-04
Loss = 1.1315e-04, PNorm = 111.5563, GNorm = 0.0290, lr_0 = 1.0489e-04
Loss = 1.2999e-04, PNorm = 111.5567, GNorm = 0.1219, lr_0 = 1.0485e-04
Loss = 1.0443e-04, PNorm = 111.5570, GNorm = 0.0563, lr_0 = 1.0481e-04
Loss = 8.3320e-05, PNorm = 111.5577, GNorm = 0.0676, lr_0 = 1.0477e-04
Loss = 1.0540e-04, PNorm = 111.5579, GNorm = 0.0766, lr_0 = 1.0473e-04
Loss = 1.0130e-04, PNorm = 111.5579, GNorm = 0.0767, lr_0 = 1.0469e-04
Loss = 1.0883e-04, PNorm = 111.5583, GNorm = 0.0495, lr_0 = 1.0465e-04
Loss = 9.6098e-05, PNorm = 111.5584, GNorm = 0.0446, lr_0 = 1.0461e-04
Loss = 9.3514e-05, PNorm = 111.5591, GNorm = 0.0565, lr_0 = 1.0456e-04
Loss = 9.3098e-05, PNorm = 111.5595, GNorm = 0.0349, lr_0 = 1.0452e-04
Loss = 9.6160e-05, PNorm = 111.5592, GNorm = 0.0455, lr_0 = 1.0448e-04
Loss = 1.1352e-04, PNorm = 111.5595, GNorm = 0.0507, lr_0 = 1.0444e-04
Loss = 1.2500e-04, PNorm = 111.5594, GNorm = 0.1652, lr_0 = 1.0440e-04
Loss = 9.7521e-05, PNorm = 111.5592, GNorm = 0.0823, lr_0 = 1.0436e-04
Loss = 1.0327e-04, PNorm = 111.5593, GNorm = 0.1674, lr_0 = 1.0432e-04
Loss = 1.0019e-04, PNorm = 111.5597, GNorm = 0.0975, lr_0 = 1.0428e-04
Loss = 1.1219e-04, PNorm = 111.5602, GNorm = 0.0729, lr_0 = 1.0424e-04
Loss = 1.0389e-04, PNorm = 111.5604, GNorm = 0.0652, lr_0 = 1.0420e-04
Loss = 1.1108e-04, PNorm = 111.5602, GNorm = 0.0838, lr_0 = 1.0416e-04
Loss = 8.9013e-05, PNorm = 111.5595, GNorm = 0.0461, lr_0 = 1.0412e-04
Loss = 9.5684e-05, PNorm = 111.5593, GNorm = 0.0388, lr_0 = 1.0408e-04
Loss = 1.0579e-04, PNorm = 111.5595, GNorm = 0.0301, lr_0 = 1.0404e-04
Loss = 9.3578e-05, PNorm = 111.5597, GNorm = 0.0273, lr_0 = 1.0400e-04
Loss = 1.1632e-04, PNorm = 111.5602, GNorm = 0.0218, lr_0 = 1.0396e-04
Loss = 1.0615e-04, PNorm = 111.5604, GNorm = 0.0315, lr_0 = 1.0392e-04
Loss = 1.0009e-04, PNorm = 111.5600, GNorm = 0.0326, lr_0 = 1.0388e-04
Loss = 1.0132e-04, PNorm = 111.5601, GNorm = 0.0444, lr_0 = 1.0384e-04
Loss = 1.0030e-04, PNorm = 111.5603, GNorm = 0.0839, lr_0 = 1.0380e-04
Loss = 1.0073e-04, PNorm = 111.5604, GNorm = 0.0778, lr_0 = 1.0376e-04
Loss = 9.9940e-05, PNorm = 111.5604, GNorm = 0.1390, lr_0 = 1.0372e-04
Loss = 1.2401e-04, PNorm = 111.5603, GNorm = 0.1062, lr_0 = 1.0368e-04
Loss = 1.1592e-04, PNorm = 111.5609, GNorm = 0.2039, lr_0 = 1.0364e-04
Loss = 1.1089e-04, PNorm = 111.5609, GNorm = 0.1297, lr_0 = 1.0360e-04
Loss = 1.1044e-04, PNorm = 111.5610, GNorm = 0.0975, lr_0 = 1.0356e-04
Loss = 1.1432e-04, PNorm = 111.5612, GNorm = 0.0374, lr_0 = 1.0352e-04
Loss = 1.3233e-04, PNorm = 111.5611, GNorm = 0.0763, lr_0 = 1.0349e-04
Loss = 1.1680e-04, PNorm = 111.5606, GNorm = 0.1026, lr_0 = 1.0345e-04
Loss = 1.2558e-04, PNorm = 111.5605, GNorm = 0.1588, lr_0 = 1.0341e-04
Loss = 1.1822e-04, PNorm = 111.5606, GNorm = 0.0478, lr_0 = 1.0337e-04
Loss = 1.0479e-04, PNorm = 111.5606, GNorm = 0.0499, lr_0 = 1.0333e-04
Loss = 9.7005e-05, PNorm = 111.5604, GNorm = 0.0609, lr_0 = 1.0329e-04
Loss = 8.7548e-05, PNorm = 111.5606, GNorm = 0.0454, lr_0 = 1.0325e-04
Loss = 9.6726e-05, PNorm = 111.5608, GNorm = 0.0477, lr_0 = 1.0321e-04
Loss = 1.1139e-04, PNorm = 111.5611, GNorm = 0.0983, lr_0 = 1.0317e-04
Loss = 1.0009e-04, PNorm = 111.5615, GNorm = 0.0792, lr_0 = 1.0313e-04
Loss = 8.3177e-05, PNorm = 111.5615, GNorm = 0.0441, lr_0 = 1.0309e-04
Loss = 9.5898e-05, PNorm = 111.5621, GNorm = 0.1414, lr_0 = 1.0305e-04
Loss = 1.0747e-04, PNorm = 111.5626, GNorm = 0.0432, lr_0 = 1.0301e-04
Loss = 9.7310e-05, PNorm = 111.5627, GNorm = 0.1011, lr_0 = 1.0297e-04
Loss = 1.1096e-04, PNorm = 111.5624, GNorm = 0.0439, lr_0 = 1.0293e-04
Loss = 9.0951e-05, PNorm = 111.5627, GNorm = 0.0546, lr_0 = 1.0289e-04
Loss = 1.1310e-04, PNorm = 111.5631, GNorm = 0.0707, lr_0 = 1.0285e-04
Loss = 1.0170e-04, PNorm = 111.5639, GNorm = 0.0360, lr_0 = 1.0281e-04
Loss = 1.0082e-04, PNorm = 111.5641, GNorm = 0.1284, lr_0 = 1.0277e-04
Loss = 9.2081e-05, PNorm = 111.5640, GNorm = 0.0331, lr_0 = 1.0273e-04
Loss = 1.0419e-04, PNorm = 111.5639, GNorm = 0.1915, lr_0 = 1.0269e-04
Loss = 1.1059e-04, PNorm = 111.5642, GNorm = 0.1013, lr_0 = 1.0265e-04
Loss = 8.4027e-05, PNorm = 111.5648, GNorm = 0.0435, lr_0 = 1.0261e-04
Loss = 1.0089e-04, PNorm = 111.5647, GNorm = 0.0620, lr_0 = 1.0257e-04
Loss = 9.8563e-05, PNorm = 111.5646, GNorm = 0.0461, lr_0 = 1.0253e-04
Loss = 1.0162e-04, PNorm = 111.5648, GNorm = 0.0561, lr_0 = 1.0250e-04
Loss = 9.4114e-05, PNorm = 111.5653, GNorm = 0.0683, lr_0 = 1.0246e-04
Loss = 8.4474e-05, PNorm = 111.5652, GNorm = 0.0587, lr_0 = 1.0242e-04
Loss = 8.9446e-05, PNorm = 111.5656, GNorm = 0.0508, lr_0 = 1.0238e-04
Loss = 9.7489e-05, PNorm = 111.5660, GNorm = 0.0435, lr_0 = 1.0234e-04
Loss = 9.0463e-05, PNorm = 111.5660, GNorm = 0.0229, lr_0 = 1.0230e-04
Loss = 8.8110e-05, PNorm = 111.5657, GNorm = 0.1182, lr_0 = 1.0226e-04
Loss = 9.4055e-05, PNorm = 111.5663, GNorm = 0.0902, lr_0 = 1.0222e-04
Loss = 9.4665e-05, PNorm = 111.5670, GNorm = 0.1179, lr_0 = 1.0218e-04
Loss = 9.1594e-05, PNorm = 111.5669, GNorm = 0.0714, lr_0 = 1.0214e-04
Loss = 1.1199e-04, PNorm = 111.5666, GNorm = 0.1139, lr_0 = 1.0210e-04
Loss = 1.3324e-04, PNorm = 111.5663, GNorm = 0.2000, lr_0 = 1.0206e-04
Loss = 1.3751e-04, PNorm = 111.5662, GNorm = 0.0447, lr_0 = 1.0202e-04
Loss = 1.1065e-04, PNorm = 111.5667, GNorm = 0.0777, lr_0 = 1.0198e-04
Loss = 1.2074e-04, PNorm = 111.5672, GNorm = 0.1035, lr_0 = 1.0194e-04
Loss = 1.1114e-04, PNorm = 111.5672, GNorm = 0.0749, lr_0 = 1.0191e-04
Loss = 1.1114e-04, PNorm = 111.5669, GNorm = 0.0610, lr_0 = 1.0187e-04
Loss = 1.0833e-04, PNorm = 111.5670, GNorm = 0.0285, lr_0 = 1.0183e-04
Loss = 9.4054e-05, PNorm = 111.5669, GNorm = 0.0303, lr_0 = 1.0179e-04
Loss = 8.7331e-05, PNorm = 111.5671, GNorm = 0.1160, lr_0 = 1.0175e-04
Loss = 9.0971e-05, PNorm = 111.5668, GNorm = 0.0810, lr_0 = 1.0171e-04
Loss = 8.3186e-05, PNorm = 111.5667, GNorm = 0.1660, lr_0 = 1.0167e-04
Loss = 1.0586e-04, PNorm = 111.5668, GNorm = 0.1931, lr_0 = 1.0163e-04
Loss = 8.8197e-05, PNorm = 111.5675, GNorm = 0.1181, lr_0 = 1.0159e-04
Loss = 9.7338e-05, PNorm = 111.5681, GNorm = 0.1570, lr_0 = 1.0155e-04
Loss = 1.0467e-04, PNorm = 111.5680, GNorm = 0.2028, lr_0 = 1.0151e-04
Loss = 1.3054e-04, PNorm = 111.5680, GNorm = 0.0294, lr_0 = 1.0148e-04
Loss = 1.0294e-04, PNorm = 111.5683, GNorm = 0.1622, lr_0 = 1.0144e-04
Loss = 1.3662e-04, PNorm = 111.5687, GNorm = 0.0912, lr_0 = 1.0140e-04
Loss = 9.2804e-05, PNorm = 111.5690, GNorm = 0.1288, lr_0 = 1.0136e-04
Loss = 1.1747e-04, PNorm = 111.5687, GNorm = 0.1083, lr_0 = 1.0132e-04
Loss = 1.1300e-04, PNorm = 111.5690, GNorm = 0.2168, lr_0 = 1.0128e-04
Loss = 1.0682e-04, PNorm = 111.5685, GNorm = 0.0360, lr_0 = 1.0124e-04
Loss = 1.2016e-04, PNorm = 111.5680, GNorm = 0.1329, lr_0 = 1.0120e-04
Loss = 1.1020e-04, PNorm = 111.5672, GNorm = 0.1363, lr_0 = 1.0116e-04
Loss = 1.3186e-04, PNorm = 111.5677, GNorm = 0.0708, lr_0 = 1.0113e-04
Loss = 1.0427e-04, PNorm = 111.5682, GNorm = 0.1432, lr_0 = 1.0109e-04
Loss = 1.2301e-04, PNorm = 111.5684, GNorm = 0.2283, lr_0 = 1.0105e-04
Loss = 1.4858e-04, PNorm = 111.5685, GNorm = 0.3403, lr_0 = 1.0101e-04
Loss = 1.4485e-04, PNorm = 111.5683, GNorm = 0.1301, lr_0 = 1.0097e-04
Loss = 1.3175e-04, PNorm = 111.5679, GNorm = 0.1120, lr_0 = 1.0093e-04
Loss = 1.3063e-04, PNorm = 111.5680, GNorm = 0.1789, lr_0 = 1.0089e-04
Loss = 1.6316e-04, PNorm = 111.5683, GNorm = 0.1464, lr_0 = 1.0085e-04
Loss = 1.5626e-04, PNorm = 111.5690, GNorm = 0.0574, lr_0 = 1.0081e-04
Loss = 1.1089e-04, PNorm = 111.5697, GNorm = 0.0417, lr_0 = 1.0078e-04
Loss = 1.3666e-04, PNorm = 111.5697, GNorm = 0.1743, lr_0 = 1.0074e-04
Loss = 1.3412e-04, PNorm = 111.5705, GNorm = 0.0485, lr_0 = 1.0070e-04
Loss = 1.3408e-04, PNorm = 111.5713, GNorm = 0.0533, lr_0 = 1.0066e-04
Loss = 1.0987e-04, PNorm = 111.5715, GNorm = 0.0816, lr_0 = 1.0062e-04
Loss = 1.1483e-04, PNorm = 111.5718, GNorm = 0.1029, lr_0 = 1.0058e-04
Loss = 1.1805e-04, PNorm = 111.5723, GNorm = 0.0597, lr_0 = 1.0054e-04
Loss = 1.1432e-04, PNorm = 111.5723, GNorm = 0.0492, lr_0 = 1.0050e-04
Loss = 9.9929e-05, PNorm = 111.5725, GNorm = 0.0788, lr_0 = 1.0047e-04
Loss = 1.0872e-04, PNorm = 111.5726, GNorm = 0.1045, lr_0 = 1.0043e-04
Loss = 1.0497e-04, PNorm = 111.5728, GNorm = 0.1154, lr_0 = 1.0039e-04
Loss = 1.0956e-04, PNorm = 111.5723, GNorm = 0.1941, lr_0 = 1.0035e-04
Loss = 1.2995e-04, PNorm = 111.5718, GNorm = 0.1842, lr_0 = 1.0031e-04
Loss = 1.2105e-04, PNorm = 111.5719, GNorm = 0.0451, lr_0 = 1.0027e-04
Loss = 1.0810e-04, PNorm = 111.5724, GNorm = 0.0607, lr_0 = 1.0023e-04
Loss = 1.1628e-04, PNorm = 111.5728, GNorm = 0.0509, lr_0 = 1.0020e-04
Loss = 1.3000e-04, PNorm = 111.5733, GNorm = 0.0985, lr_0 = 1.0016e-04
Loss = 1.1909e-04, PNorm = 111.5735, GNorm = 0.1846, lr_0 = 1.0012e-04
Loss = 1.4065e-04, PNorm = 111.5736, GNorm = 0.1758, lr_0 = 1.0008e-04
Loss = 1.2388e-04, PNorm = 111.5742, GNorm = 0.0604, lr_0 = 1.0004e-04
Loss = 1.0930e-04, PNorm = 111.5746, GNorm = 0.0659, lr_0 = 1.0000e-04
Validation r2 = 0.999890
Model 0 best validation r2 = -inf on epoch 4
Loading pretrained parameter "encoder.encoder.0.cached_zero_vector".
Loading pretrained parameter "encoder.encoder.0.W_i.weight".
Loading pretrained parameter "encoder.encoder.0.W_h.weight".
Loading pretrained parameter "encoder.encoder.0.W_o.weight".
Loading pretrained parameter "encoder.encoder.0.W_o.bias".
Loading pretrained parameter "encoder.encoder.1.cached_zero_vector".
Loading pretrained parameter "encoder.encoder.1.W_i.weight".
Loading pretrained parameter "encoder.encoder.1.W_h.weight".
Loading pretrained parameter "encoder.encoder.1.W_o.weight".
Loading pretrained parameter "encoder.encoder.1.W_o.bias".
Loading pretrained parameter "ffn.1.weight".
Loading pretrained parameter "ffn.1.bias".
Loading pretrained parameter "ffn.4.weight".
Loading pretrained parameter "ffn.4.bias".
Moving model to cuda
Model 0 provided with no test set, no metric evaluation will be performed.
Ensemble test r2 = nan
1-fold cross validation
	Seed 0 ==> test r2 = nan
Overall test r2 = nan +/- nan
Elapsed time = 1:36:13
