Command line
python DeepDeltaJustTrain.py
Args
{'activation': 'ReLU',
 'adding_h': False,
 'aggregation': 'sum',
 'aggregation_norm': 100,
 'atom_descriptor_scaling': True,
 'atom_descriptors': None,
 'atom_descriptors_path': None,
 'atom_descriptors_size': 0,
 'atom_features_size': 0,
 'atom_messages': False,
 'batch_size': 50,
 'bias': False,
 'bias_solvent': False,
 'bond_feature_scaling': True,
 'bond_features_path': None,
 'bond_features_size': 0,
 'cache_cutoff': 10000,
 'checkpoint_dir': None,
 'checkpoint_frzn': None,
 'checkpoint_path': None,
 'checkpoint_paths': None,
 'class_balance': False,
 'config_path': None,
 'crossval_index_dir': None,
 'crossval_index_file': None,
 'crossval_index_sets': None,
 'cuda': True,
 'data_path': '/tmp/tmp418mwnav',
 'data_weights_path': None,
 'dataset_type': 'regression',
 'depth': 3,
 'depth_solvent': 3,
 'device': device(type='cuda'),
 'dropout': 0.0,
 'empty_cache': False,
 'ensemble_size': 1,
 'epochs': 5,
 'evidential_regularization': 0,
 'explicit_h': False,
 'extra_metrics': [],
 'features_generator': None,
 'features_only': False,
 'features_path': None,
 'features_scaling': True,
 'features_size': None,
 'ffn_hidden_size': 300,
 'ffn_num_layers': 2,
 'final_lr': 0.0001,
 'folds_file': None,
 'freeze_first_only': False,
 'frzn_ffn_layers': 0,
 'gpu': None,
 'grad_clip': None,
 'hidden_size': 300,
 'hidden_size_solvent': 300,
 'ignore_columns': None,
 'init_lr': 0.0001,
 'log_frequency': 10,
 'loss_function': 'mse',
 'max_data_size': None,
 'max_lr': 0.001,
 'metric': 'r2',
 'metrics': ['r2'],
 'minimize_score': False,
 'mpn_shared': False,
 'multiclass_num_classes': 3,
 'no_atom_descriptor_scaling': False,
 'no_bond_features_scaling': False,
 'no_cache_mol': False,
 'no_cuda': False,
 'no_features_scaling': False,
 'num_folds': 1,
 'num_lrs': 1,
 'num_tasks': 1,
 'num_workers': 8,
 'number_of_molecules': 2,
 'overwrite_default_atom_features': False,
 'overwrite_default_bond_features': False,
 'phase_features_path': None,
 'pytorch_seed': 0,
 'quiet': False,
 'reaction': False,
 'reaction_mode': 'reac_diff',
 'reaction_solvent': False,
 'resume_experiment': False,
 'save_dir': 'Caco2_trained_model',
 'save_preds': False,
 'save_smiles_splits': False,
 'seed': 0,
 'separate_test_atom_descriptors_path': None,
 'separate_test_bond_features_path': None,
 'separate_test_features_path': None,
 'separate_test_path': None,
 'separate_test_phase_features_path': None,
 'separate_val_atom_descriptors_path': None,
 'separate_val_bond_features_path': None,
 'separate_val_features_path': None,
 'separate_val_path': '/tmp/tmp418mwnav',
 'separate_val_phase_features_path': None,
 'show_individual_scores': False,
 'smiles_columns': ['SMILES_x', 'SMILES_y'],
 'spectra_activation': 'exp',
 'spectra_phase_mask_path': None,
 'spectra_target_floor': 1e-08,
 'split_key_molecule': 0,
 'split_sizes': [1.0, 0.0, 0.0],
 'split_type': 'random',
 'target_columns': None,
 'target_weights': None,
 'task_names': ['Y'],
 'test': False,
 'test_fold_index': None,
 'train_data_size': None,
 'undirected': False,
 'use_input_features': False,
 'val_fold_index': None,
 'warmup_epochs': 2.0}
Setting molecule featurization parameters to default.
Loading data
Number of tasks = 1
Fold 0
Splitting data with seed 0
Total size = 828,100 | train size = 828,100 | val size = 828,100 | test size = 0
The test data split is empty. This may be either because splitting with no test set was selected,             such as with `cv-no-test`, or because test data provided with `--separate_test_path` was empty or contained only invalid molecules.             Performance on the test set will not be evaluated and metric scores will return `nan` for each task.
Fitting scaler
Building model 0
MoleculeModel(
  (encoder): MPN(
    (encoder): ModuleList(
      (0): MPNEncoder(
        (dropout_layer): Dropout(p=0.0, inplace=False)
        (act_func): ReLU()
        (W_i): Linear(in_features=147, out_features=300, bias=False)
        (W_h): Linear(in_features=300, out_features=300, bias=False)
        (W_o): Linear(in_features=433, out_features=300, bias=True)
      )
      (1): MPNEncoder(
        (dropout_layer): Dropout(p=0.0, inplace=False)
        (act_func): ReLU()
        (W_i): Linear(in_features=147, out_features=300, bias=False)
        (W_h): Linear(in_features=300, out_features=300, bias=False)
        (W_o): Linear(in_features=433, out_features=300, bias=True)
      )
    )
  )
  (ffn): Sequential(
    (0): Dropout(p=0.0, inplace=False)
    (1): Linear(in_features=600, out_features=300, bias=True)
    (2): ReLU()
    (3): Dropout(p=0.0, inplace=False)
    (4): Linear(in_features=300, out_features=1, bias=True)
  )
)
Number of parameters = 709,801
Moving model to cuda
Epoch 0
Loss = 3.0142e+01, PNorm = 45.8385, GNorm = 1357.6577, lr_0 = 1.0030e-04
Loss = 5.6615e+00, PNorm = 45.8383, GNorm = 1407.6278, lr_0 = 1.0057e-04
Loss = 3.1853e+00, PNorm = 45.8383, GNorm = 907.4202, lr_0 = 1.0084e-04
Loss = 2.3507e+00, PNorm = 45.8384, GNorm = 170.1488, lr_0 = 1.0111e-04
Loss = 1.2925e+00, PNorm = 45.8385, GNorm = 155.0099, lr_0 = 1.0139e-04
Loss = 1.1079e+00, PNorm = 45.8387, GNorm = 36.5087, lr_0 = 1.0166e-04
Loss = 1.1458e+00, PNorm = 45.8388, GNorm = 123.2091, lr_0 = 1.0193e-04
Loss = 1.0168e+00, PNorm = 45.8390, GNorm = 109.1869, lr_0 = 1.0220e-04
Loss = 8.9557e-01, PNorm = 45.8392, GNorm = 204.3490, lr_0 = 1.0247e-04
Loss = 8.1918e-01, PNorm = 45.8395, GNorm = 182.5758, lr_0 = 1.0274e-04
Loss = 7.9919e-01, PNorm = 45.8398, GNorm = 59.9833, lr_0 = 1.0302e-04
Loss = 8.6014e-01, PNorm = 45.8401, GNorm = 76.1113, lr_0 = 1.0329e-04
Loss = 7.3965e-01, PNorm = 45.8405, GNorm = 113.2133, lr_0 = 1.0356e-04
Loss = 7.3327e-01, PNorm = 45.8410, GNorm = 88.0723, lr_0 = 1.0383e-04
Loss = 6.4842e-01, PNorm = 45.8415, GNorm = 37.8318, lr_0 = 1.0410e-04
Loss = 7.2859e-01, PNorm = 45.8421, GNorm = 99.4728, lr_0 = 1.0437e-04
Loss = 6.1918e-01, PNorm = 45.8427, GNorm = 134.9504, lr_0 = 1.0465e-04
Loss = 7.0627e-01, PNorm = 45.8433, GNorm = 156.4299, lr_0 = 1.0492e-04
Loss = 6.5505e-01, PNorm = 45.8438, GNorm = 87.9298, lr_0 = 1.0519e-04
Loss = 6.7413e-01, PNorm = 45.8444, GNorm = 167.5787, lr_0 = 1.0546e-04
Loss = 6.6631e-01, PNorm = 45.8451, GNorm = 57.3624, lr_0 = 1.0573e-04
Loss = 6.3763e-01, PNorm = 45.8458, GNorm = 37.0163, lr_0 = 1.0600e-04
Loss = 5.8935e-01, PNorm = 45.8463, GNorm = 78.9877, lr_0 = 1.0628e-04
Loss = 6.2111e-01, PNorm = 45.8469, GNorm = 342.9563, lr_0 = 1.0655e-04
Loss = 5.8684e-01, PNorm = 45.8475, GNorm = 289.3948, lr_0 = 1.0682e-04
Loss = 4.6458e-01, PNorm = 45.8482, GNorm = 108.3196, lr_0 = 1.0709e-04
Loss = 4.9324e-01, PNorm = 45.8487, GNorm = 178.0094, lr_0 = 1.0736e-04
Loss = 4.8508e-01, PNorm = 45.8492, GNorm = 46.1352, lr_0 = 1.0763e-04
Loss = 4.4324e-01, PNorm = 45.8497, GNorm = 38.9874, lr_0 = 1.0791e-04
Loss = 5.2276e-01, PNorm = 45.8505, GNorm = 259.7714, lr_0 = 1.0818e-04
Loss = 5.6632e-01, PNorm = 45.8512, GNorm = 409.9908, lr_0 = 1.0845e-04
Loss = 5.1164e-01, PNorm = 45.8521, GNorm = 181.7711, lr_0 = 1.0872e-04
Loss = 4.3280e-01, PNorm = 45.8529, GNorm = 114.6384, lr_0 = 1.0899e-04
Loss = 4.1431e-01, PNorm = 45.8536, GNorm = 52.9410, lr_0 = 1.0927e-04
Loss = 4.0024e-01, PNorm = 45.8544, GNorm = 83.1846, lr_0 = 1.0954e-04
Loss = 3.6595e-01, PNorm = 45.8551, GNorm = 100.7076, lr_0 = 1.0981e-04
Loss = 3.8179e-01, PNorm = 45.8558, GNorm = 23.1994, lr_0 = 1.1008e-04
Loss = 4.7322e-01, PNorm = 45.8567, GNorm = 281.6850, lr_0 = 1.1035e-04
Loss = 4.9303e-01, PNorm = 45.8574, GNorm = 253.7467, lr_0 = 1.1062e-04
Loss = 4.7266e-01, PNorm = 45.8579, GNorm = 61.8874, lr_0 = 1.1090e-04
Loss = 4.5620e-01, PNorm = 45.8586, GNorm = 102.0306, lr_0 = 1.1117e-04
Loss = 4.3171e-01, PNorm = 45.8594, GNorm = 110.6304, lr_0 = 1.1144e-04
Loss = 4.3212e-01, PNorm = 45.8602, GNorm = 318.0225, lr_0 = 1.1171e-04
Loss = 4.1790e-01, PNorm = 45.8611, GNorm = 201.3223, lr_0 = 1.1198e-04
Loss = 4.6374e-01, PNorm = 45.8622, GNorm = 280.8627, lr_0 = 1.1225e-04
Loss = 4.7688e-01, PNorm = 45.8631, GNorm = 236.5494, lr_0 = 1.1253e-04
Loss = 4.3527e-01, PNorm = 45.8639, GNorm = 251.5155, lr_0 = 1.1280e-04
Loss = 5.8441e-01, PNorm = 45.8647, GNorm = 351.9446, lr_0 = 1.1307e-04
Loss = 6.3222e-01, PNorm = 45.8654, GNorm = 98.0132, lr_0 = 1.1334e-04
Loss = 5.0761e-01, PNorm = 45.8662, GNorm = 224.3452, lr_0 = 1.1361e-04
Loss = 4.2585e-01, PNorm = 45.8670, GNorm = 282.4030, lr_0 = 1.1388e-04
Loss = 3.7189e-01, PNorm = 45.8678, GNorm = 69.2202, lr_0 = 1.1416e-04
Loss = 3.8820e-01, PNorm = 45.8687, GNorm = 102.3926, lr_0 = 1.1443e-04
Loss = 3.3990e-01, PNorm = 45.8694, GNorm = 48.0601, lr_0 = 1.1470e-04
Loss = 3.2450e-01, PNorm = 45.8702, GNorm = 51.5573, lr_0 = 1.1497e-04
Loss = 3.5285e-01, PNorm = 45.8710, GNorm = 99.2382, lr_0 = 1.1524e-04
Loss = 4.0984e-01, PNorm = 45.8718, GNorm = 261.6279, lr_0 = 1.1551e-04
Loss = 4.6422e-01, PNorm = 45.8725, GNorm = 184.7100, lr_0 = 1.1579e-04
Loss = 3.5520e-01, PNorm = 45.8732, GNorm = 137.3447, lr_0 = 1.1606e-04
Loss = 5.0062e-01, PNorm = 45.8740, GNorm = 211.1488, lr_0 = 1.1633e-04
Loss = 4.2923e-01, PNorm = 45.8748, GNorm = 217.5712, lr_0 = 1.1660e-04
Loss = 5.1048e-01, PNorm = 45.8755, GNorm = 268.7802, lr_0 = 1.1687e-04
Loss = 4.3079e-01, PNorm = 45.8763, GNorm = 227.0536, lr_0 = 1.1714e-04
Loss = 3.9228e-01, PNorm = 45.8775, GNorm = 315.7350, lr_0 = 1.1742e-04
Loss = 4.6346e-01, PNorm = 45.8787, GNorm = 275.3254, lr_0 = 1.1769e-04
Loss = 3.9464e-01, PNorm = 45.8800, GNorm = 143.6165, lr_0 = 1.1796e-04
Loss = 3.4732e-01, PNorm = 45.8810, GNorm = 100.5049, lr_0 = 1.1823e-04
Loss = 3.5914e-01, PNorm = 45.8819, GNorm = 23.6828, lr_0 = 1.1850e-04
Loss = 2.7039e-01, PNorm = 45.8827, GNorm = 36.6992, lr_0 = 1.1877e-04
Loss = 3.5324e-01, PNorm = 45.8835, GNorm = 40.9515, lr_0 = 1.1905e-04
Loss = 3.6531e-01, PNorm = 45.8845, GNorm = 258.0216, lr_0 = 1.1932e-04
Loss = 3.6005e-01, PNorm = 45.8854, GNorm = 20.8259, lr_0 = 1.1959e-04
Loss = 4.9658e-01, PNorm = 45.8863, GNorm = 338.2464, lr_0 = 1.1986e-04
Loss = 3.3711e-01, PNorm = 45.8873, GNorm = 162.4688, lr_0 = 1.2013e-04
Loss = 3.4025e-01, PNorm = 45.8882, GNorm = 252.0380, lr_0 = 1.2041e-04
Loss = 5.5785e-01, PNorm = 45.8895, GNorm = 294.8198, lr_0 = 1.2068e-04
Loss = 4.4322e-01, PNorm = 45.8909, GNorm = 106.2354, lr_0 = 1.2095e-04
Loss = 3.3073e-01, PNorm = 45.8919, GNorm = 19.0686, lr_0 = 1.2122e-04
Loss = 4.2542e-01, PNorm = 45.8932, GNorm = 75.6911, lr_0 = 1.2149e-04
Loss = 4.5325e-01, PNorm = 45.8943, GNorm = 135.2440, lr_0 = 1.2176e-04
Loss = 4.9773e-01, PNorm = 45.8955, GNorm = 451.8431, lr_0 = 1.2204e-04
Loss = 6.1697e-01, PNorm = 45.8968, GNorm = 330.9993, lr_0 = 1.2231e-04
Loss = 3.8372e-01, PNorm = 45.8980, GNorm = 57.8294, lr_0 = 1.2258e-04
Loss = 3.3013e-01, PNorm = 45.8988, GNorm = 125.2333, lr_0 = 1.2285e-04
Loss = 3.7448e-01, PNorm = 45.8998, GNorm = 64.4106, lr_0 = 1.2312e-04
Loss = 3.3330e-01, PNorm = 45.9006, GNorm = 221.4193, lr_0 = 1.2339e-04
Loss = 3.2371e-01, PNorm = 45.9017, GNorm = 131.3284, lr_0 = 1.2367e-04
Loss = 3.5510e-01, PNorm = 45.9028, GNorm = 62.3554, lr_0 = 1.2394e-04
Loss = 3.3890e-01, PNorm = 45.9037, GNorm = 406.0192, lr_0 = 1.2421e-04
Loss = 5.1438e-01, PNorm = 45.9047, GNorm = 286.5151, lr_0 = 1.2448e-04
Loss = 3.6341e-01, PNorm = 45.9060, GNorm = 43.9083, lr_0 = 1.2475e-04
Loss = 3.2694e-01, PNorm = 45.9072, GNorm = 178.9945, lr_0 = 1.2502e-04
Loss = 3.9083e-01, PNorm = 45.9083, GNorm = 309.1666, lr_0 = 1.2530e-04
Loss = 3.9193e-01, PNorm = 45.9090, GNorm = 220.4387, lr_0 = 1.2557e-04
Loss = 2.9121e-01, PNorm = 45.9100, GNorm = 131.9863, lr_0 = 1.2584e-04
Loss = 2.8696e-01, PNorm = 45.9110, GNorm = 56.0710, lr_0 = 1.2611e-04
Loss = 2.7585e-01, PNorm = 45.9120, GNorm = 226.5588, lr_0 = 1.2638e-04
Loss = 2.5357e-01, PNorm = 45.9131, GNorm = 56.4279, lr_0 = 1.2665e-04
Loss = 2.7158e-01, PNorm = 45.9143, GNorm = 222.3227, lr_0 = 1.2693e-04
Loss = 3.1334e-01, PNorm = 45.9153, GNorm = 216.2771, lr_0 = 1.2720e-04
Loss = 3.8071e-01, PNorm = 45.9162, GNorm = 330.5803, lr_0 = 1.2747e-04
Loss = 3.0798e-01, PNorm = 45.9175, GNorm = 245.3021, lr_0 = 1.2774e-04
Loss = 2.4705e-01, PNorm = 45.9188, GNorm = 107.7170, lr_0 = 1.2801e-04
Loss = 2.6987e-01, PNorm = 45.9199, GNorm = 117.9447, lr_0 = 1.2828e-04
Loss = 2.7719e-01, PNorm = 45.9210, GNorm = 30.4102, lr_0 = 1.2856e-04
Loss = 2.7104e-01, PNorm = 45.9220, GNorm = 76.5593, lr_0 = 1.2883e-04
Loss = 4.2758e-01, PNorm = 45.9234, GNorm = 199.7234, lr_0 = 1.2910e-04
Loss = 3.0542e-01, PNorm = 45.9246, GNorm = 57.4664, lr_0 = 1.2937e-04
Loss = 2.3557e-01, PNorm = 45.9258, GNorm = 172.6176, lr_0 = 1.2964e-04
Loss = 3.0918e-01, PNorm = 45.9270, GNorm = 102.6685, lr_0 = 1.2991e-04
Loss = 3.2985e-01, PNorm = 45.9280, GNorm = 24.7474, lr_0 = 1.3019e-04
Loss = 2.7730e-01, PNorm = 45.9289, GNorm = 59.0416, lr_0 = 1.3046e-04
Loss = 3.5890e-01, PNorm = 45.9299, GNorm = 191.0281, lr_0 = 1.3073e-04
Loss = 5.9643e-01, PNorm = 45.9305, GNorm = 264.9517, lr_0 = 1.3100e-04
Loss = 3.7548e-01, PNorm = 45.9314, GNorm = 115.1985, lr_0 = 1.3127e-04
Loss = 6.5505e-01, PNorm = 45.9329, GNorm = 47.8036, lr_0 = 1.3155e-04
Loss = 4.1652e-01, PNorm = 45.9344, GNorm = 97.3131, lr_0 = 1.3182e-04
Loss = 2.7037e-01, PNorm = 45.9359, GNorm = 40.8713, lr_0 = 1.3209e-04
Loss = 2.4605e-01, PNorm = 45.9372, GNorm = 115.7365, lr_0 = 1.3236e-04
Loss = 2.3168e-01, PNorm = 45.9384, GNorm = 27.3469, lr_0 = 1.3263e-04
Loss = 2.3899e-01, PNorm = 45.9396, GNorm = 159.8866, lr_0 = 1.3290e-04
Loss = 2.9618e-01, PNorm = 45.9407, GNorm = 46.0879, lr_0 = 1.3318e-04
Loss = 2.4947e-01, PNorm = 45.9419, GNorm = 144.1571, lr_0 = 1.3345e-04
Loss = 2.4906e-01, PNorm = 45.9433, GNorm = 59.9851, lr_0 = 1.3372e-04
Loss = 3.1561e-01, PNorm = 45.9446, GNorm = 96.3932, lr_0 = 1.3399e-04
Loss = 3.6051e-01, PNorm = 45.9457, GNorm = 39.4614, lr_0 = 1.3426e-04
Loss = 2.9126e-01, PNorm = 45.9471, GNorm = 153.3739, lr_0 = 1.3453e-04
Loss = 2.6430e-01, PNorm = 45.9484, GNorm = 172.1624, lr_0 = 1.3481e-04
Loss = 2.8851e-01, PNorm = 45.9493, GNorm = 31.8490, lr_0 = 1.3508e-04
Loss = 2.4747e-01, PNorm = 45.9505, GNorm = 18.6041, lr_0 = 1.3535e-04
Loss = 2.9257e-01, PNorm = 45.9515, GNorm = 302.6044, lr_0 = 1.3562e-04
Loss = 2.9565e-01, PNorm = 45.9524, GNorm = 51.7209, lr_0 = 1.3589e-04
Loss = 2.6733e-01, PNorm = 45.9535, GNorm = 12.3704, lr_0 = 1.3616e-04
Loss = 2.2815e-01, PNorm = 45.9549, GNorm = 11.1050, lr_0 = 1.3644e-04
Loss = 2.4778e-01, PNorm = 45.9564, GNorm = 35.9564, lr_0 = 1.3671e-04
Loss = 2.4989e-01, PNorm = 45.9575, GNorm = 233.8031, lr_0 = 1.3698e-04
Loss = 2.8772e-01, PNorm = 45.9586, GNorm = 24.0403, lr_0 = 1.3725e-04
Loss = 3.2082e-01, PNorm = 45.9597, GNorm = 138.3872, lr_0 = 1.3752e-04
Loss = 4.4744e-01, PNorm = 45.9613, GNorm = 354.0499, lr_0 = 1.3779e-04
Loss = 3.8127e-01, PNorm = 45.9625, GNorm = 283.2748, lr_0 = 1.3807e-04
Loss = 3.0726e-01, PNorm = 45.9637, GNorm = 74.1335, lr_0 = 1.3834e-04
Loss = 3.8437e-01, PNorm = 45.9649, GNorm = 319.1604, lr_0 = 1.3861e-04
Loss = 2.9001e-01, PNorm = 45.9662, GNorm = 57.5083, lr_0 = 1.3888e-04
Loss = 2.5641e-01, PNorm = 45.9676, GNorm = 63.5960, lr_0 = 1.3915e-04
Loss = 2.2130e-01, PNorm = 45.9690, GNorm = 22.2085, lr_0 = 1.3942e-04
Loss = 2.1542e-01, PNorm = 45.9701, GNorm = 47.5374, lr_0 = 1.3970e-04
Loss = 2.9746e-01, PNorm = 45.9715, GNorm = 291.4089, lr_0 = 1.3997e-04
Loss = 3.2855e-01, PNorm = 45.9729, GNorm = 249.0355, lr_0 = 1.4024e-04
Loss = 4.1838e-01, PNorm = 45.9745, GNorm = 75.6595, lr_0 = 1.4051e-04
Loss = 3.7221e-01, PNorm = 45.9764, GNorm = 26.6590, lr_0 = 1.4078e-04
Loss = 3.4953e-01, PNorm = 45.9774, GNorm = 161.3821, lr_0 = 1.4105e-04
Loss = 2.4959e-01, PNorm = 45.9787, GNorm = 46.7213, lr_0 = 1.4133e-04
Loss = 3.1443e-01, PNorm = 45.9803, GNorm = 195.9263, lr_0 = 1.4160e-04
Loss = 6.6694e-01, PNorm = 45.9817, GNorm = 388.5045, lr_0 = 1.4187e-04
Loss = 4.2604e-01, PNorm = 45.9832, GNorm = 228.0495, lr_0 = 1.4214e-04
Loss = 2.9844e-01, PNorm = 45.9849, GNorm = 63.5561, lr_0 = 1.4241e-04
Loss = 2.3934e-01, PNorm = 45.9866, GNorm = 35.4213, lr_0 = 1.4269e-04
Loss = 2.2761e-01, PNorm = 45.9880, GNorm = 41.2233, lr_0 = 1.4296e-04
Loss = 2.0616e-01, PNorm = 45.9893, GNorm = 91.3437, lr_0 = 1.4323e-04
Loss = 2.0970e-01, PNorm = 45.9904, GNorm = 92.3891, lr_0 = 1.4350e-04
Loss = 2.1367e-01, PNorm = 45.9918, GNorm = 44.0421, lr_0 = 1.4377e-04
Loss = 2.3264e-01, PNorm = 45.9935, GNorm = 80.4688, lr_0 = 1.4404e-04
Loss = 3.0912e-01, PNorm = 45.9951, GNorm = 229.5633, lr_0 = 1.4432e-04
Loss = 3.2065e-01, PNorm = 45.9963, GNorm = 83.4840, lr_0 = 1.4459e-04
Loss = 3.2057e-01, PNorm = 45.9980, GNorm = 189.0305, lr_0 = 1.4486e-04
Loss = 2.4990e-01, PNorm = 45.9996, GNorm = 134.0058, lr_0 = 1.4513e-04
Loss = 2.2260e-01, PNorm = 46.0014, GNorm = 44.0182, lr_0 = 1.4540e-04
Loss = 2.9041e-01, PNorm = 46.0031, GNorm = 138.5566, lr_0 = 1.4567e-04
Loss = 1.9450e-01, PNorm = 46.0047, GNorm = 12.7413, lr_0 = 1.4595e-04
Loss = 2.1080e-01, PNorm = 46.0061, GNorm = 87.6863, lr_0 = 1.4622e-04
Loss = 3.0272e-01, PNorm = 46.0079, GNorm = 203.9285, lr_0 = 1.4649e-04
Loss = 2.2588e-01, PNorm = 46.0091, GNorm = 145.0993, lr_0 = 1.4676e-04
Loss = 2.3619e-01, PNorm = 46.0106, GNorm = 95.8723, lr_0 = 1.4703e-04
Loss = 2.3009e-01, PNorm = 46.0117, GNorm = 253.1576, lr_0 = 1.4730e-04
Loss = 3.3385e-01, PNorm = 46.0131, GNorm = 127.6469, lr_0 = 1.4758e-04
Loss = 3.1348e-01, PNorm = 46.0149, GNorm = 245.3957, lr_0 = 1.4785e-04
Loss = 2.6881e-01, PNorm = 46.0170, GNorm = 65.2134, lr_0 = 1.4812e-04
Loss = 2.2015e-01, PNorm = 46.0188, GNorm = 88.6180, lr_0 = 1.4839e-04
Loss = 2.4005e-01, PNorm = 46.0201, GNorm = 139.8086, lr_0 = 1.4866e-04
Loss = 2.3800e-01, PNorm = 46.0213, GNorm = 112.4618, lr_0 = 1.4893e-04
Loss = 1.8043e-01, PNorm = 46.0226, GNorm = 92.1933, lr_0 = 1.4921e-04
Loss = 2.1627e-01, PNorm = 46.0238, GNorm = 179.5412, lr_0 = 1.4948e-04
Loss = 2.4256e-01, PNorm = 46.0251, GNorm = 69.0980, lr_0 = 1.4975e-04
Loss = 4.4758e-01, PNorm = 46.0264, GNorm = 294.8013, lr_0 = 1.5002e-04
Loss = 3.1659e-01, PNorm = 46.0279, GNorm = 58.1266, lr_0 = 1.5029e-04
Loss = 2.2352e-01, PNorm = 46.0291, GNorm = 87.6401, lr_0 = 1.5056e-04
Loss = 1.9744e-01, PNorm = 46.0302, GNorm = 36.0039, lr_0 = 1.5084e-04
Loss = 1.8745e-01, PNorm = 46.0315, GNorm = 29.9431, lr_0 = 1.5111e-04
Loss = 2.2600e-01, PNorm = 46.0331, GNorm = 100.7287, lr_0 = 1.5138e-04
Loss = 1.7997e-01, PNorm = 46.0344, GNorm = 98.9282, lr_0 = 1.5165e-04
Loss = 2.0107e-01, PNorm = 46.0360, GNorm = 38.1384, lr_0 = 1.5192e-04
Loss = 1.7108e-01, PNorm = 46.0376, GNorm = 94.8729, lr_0 = 1.5219e-04
Loss = 2.1497e-01, PNorm = 46.0393, GNorm = 58.9917, lr_0 = 1.5247e-04
Loss = 1.9575e-01, PNorm = 46.0409, GNorm = 86.1078, lr_0 = 1.5274e-04
Loss = 2.0590e-01, PNorm = 46.0424, GNorm = 156.9315, lr_0 = 1.5301e-04
Loss = 2.2226e-01, PNorm = 46.0437, GNorm = 182.7319, lr_0 = 1.5328e-04
Loss = 3.0277e-01, PNorm = 46.0446, GNorm = 265.6007, lr_0 = 1.5355e-04
Loss = 3.6680e-01, PNorm = 46.0457, GNorm = 114.8622, lr_0 = 1.5383e-04
Loss = 4.2126e-01, PNorm = 46.0469, GNorm = 84.4329, lr_0 = 1.5410e-04
Loss = 2.0322e-01, PNorm = 46.0480, GNorm = 62.4722, lr_0 = 1.5437e-04
Loss = 2.2215e-01, PNorm = 46.0494, GNorm = 100.9883, lr_0 = 1.5464e-04
Loss = 2.5039e-01, PNorm = 46.0510, GNorm = 76.4815, lr_0 = 1.5491e-04
Loss = 3.0962e-01, PNorm = 46.0527, GNorm = 84.3023, lr_0 = 1.5518e-04
Loss = 3.0720e-01, PNorm = 46.0542, GNorm = 231.6472, lr_0 = 1.5546e-04
Loss = 3.6820e-01, PNorm = 46.0554, GNorm = 300.6406, lr_0 = 1.5573e-04
Loss = 2.3159e-01, PNorm = 46.0566, GNorm = 30.1780, lr_0 = 1.5600e-04
Loss = 2.2361e-01, PNorm = 46.0581, GNorm = 35.6593, lr_0 = 1.5627e-04
Loss = 1.9942e-01, PNorm = 46.0599, GNorm = 104.6505, lr_0 = 1.5654e-04
Loss = 2.6013e-01, PNorm = 46.0614, GNorm = 41.4307, lr_0 = 1.5681e-04
Loss = 5.5946e-01, PNorm = 46.0624, GNorm = 453.9933, lr_0 = 1.5709e-04
Loss = 3.2131e-01, PNorm = 46.0636, GNorm = 107.7195, lr_0 = 1.5736e-04
Loss = 2.6525e-01, PNorm = 46.0647, GNorm = 74.4273, lr_0 = 1.5763e-04
Loss = 2.3321e-01, PNorm = 46.0662, GNorm = 201.2725, lr_0 = 1.5790e-04
Loss = 1.9390e-01, PNorm = 46.0671, GNorm = 23.4384, lr_0 = 1.5817e-04
Loss = 2.0282e-01, PNorm = 46.0684, GNorm = 110.2545, lr_0 = 1.5844e-04
Loss = 2.0327e-01, PNorm = 46.0695, GNorm = 60.1604, lr_0 = 1.5872e-04
Loss = 2.6590e-01, PNorm = 46.0711, GNorm = 132.5109, lr_0 = 1.5899e-04
Loss = 2.2040e-01, PNorm = 46.0723, GNorm = 13.7969, lr_0 = 1.5926e-04
Loss = 2.2814e-01, PNorm = 46.0738, GNorm = 68.8710, lr_0 = 1.5953e-04
Loss = 2.1931e-01, PNorm = 46.0752, GNorm = 140.3999, lr_0 = 1.5980e-04
Loss = 2.4414e-01, PNorm = 46.0773, GNorm = 99.6265, lr_0 = 1.6007e-04
Loss = 2.7309e-01, PNorm = 46.0789, GNorm = 106.9614, lr_0 = 1.6035e-04
Loss = 3.4059e-01, PNorm = 46.0807, GNorm = 168.9603, lr_0 = 1.6062e-04
Loss = 2.2193e-01, PNorm = 46.0826, GNorm = 106.6528, lr_0 = 1.6089e-04
Loss = 2.2094e-01, PNorm = 46.0844, GNorm = 74.3829, lr_0 = 1.6116e-04
Loss = 2.4648e-01, PNorm = 46.0862, GNorm = 36.6774, lr_0 = 1.6143e-04
Loss = 2.2237e-01, PNorm = 46.0879, GNorm = 131.5415, lr_0 = 1.6170e-04
Loss = 2.2079e-01, PNorm = 46.0894, GNorm = 43.8972, lr_0 = 1.6198e-04
Loss = 1.7791e-01, PNorm = 46.0910, GNorm = 40.2932, lr_0 = 1.6225e-04
Loss = 3.0658e-01, PNorm = 46.0925, GNorm = 47.5686, lr_0 = 1.6252e-04
Loss = 3.3994e-01, PNorm = 46.0940, GNorm = 140.0338, lr_0 = 1.6279e-04
Loss = 3.9665e-01, PNorm = 46.0957, GNorm = 160.4198, lr_0 = 1.6306e-04
Loss = 2.5585e-01, PNorm = 46.0975, GNorm = 22.2666, lr_0 = 1.6333e-04
Loss = 1.8875e-01, PNorm = 46.0993, GNorm = 91.4330, lr_0 = 1.6361e-04
Loss = 2.0043e-01, PNorm = 46.1010, GNorm = 36.1900, lr_0 = 1.6388e-04
Loss = 2.4760e-01, PNorm = 46.1023, GNorm = 270.8709, lr_0 = 1.6415e-04
Loss = 2.3276e-01, PNorm = 46.1034, GNorm = 187.4610, lr_0 = 1.6442e-04
Loss = 2.6008e-01, PNorm = 46.1048, GNorm = 206.1560, lr_0 = 1.6469e-04
Loss = 2.4054e-01, PNorm = 46.1057, GNorm = 197.1364, lr_0 = 1.6496e-04
Loss = 2.1354e-01, PNorm = 46.1075, GNorm = 35.3745, lr_0 = 1.6524e-04
Loss = 2.1586e-01, PNorm = 46.1097, GNorm = 54.3758, lr_0 = 1.6551e-04
Loss = 2.0953e-01, PNorm = 46.1115, GNorm = 83.9048, lr_0 = 1.6578e-04
Loss = 2.1389e-01, PNorm = 46.1136, GNorm = 146.9592, lr_0 = 1.6605e-04
Loss = 2.2010e-01, PNorm = 46.1153, GNorm = 37.3159, lr_0 = 1.6632e-04
Loss = 1.8511e-01, PNorm = 46.1168, GNorm = 39.8705, lr_0 = 1.6660e-04
Loss = 1.5412e-01, PNorm = 46.1187, GNorm = 125.7199, lr_0 = 1.6687e-04
Loss = 2.0656e-01, PNorm = 46.1208, GNorm = 39.9200, lr_0 = 1.6714e-04
Loss = 2.2396e-01, PNorm = 46.1232, GNorm = 117.3703, lr_0 = 1.6741e-04
Loss = 1.9779e-01, PNorm = 46.1252, GNorm = 60.1155, lr_0 = 1.6768e-04
Loss = 2.3636e-01, PNorm = 46.1268, GNorm = 127.2512, lr_0 = 1.6795e-04
Loss = 2.0189e-01, PNorm = 46.1283, GNorm = 29.7307, lr_0 = 1.6823e-04
Loss = 1.8177e-01, PNorm = 46.1296, GNorm = 98.9670, lr_0 = 1.6850e-04
Loss = 2.3384e-01, PNorm = 46.1312, GNorm = 145.3788, lr_0 = 1.6877e-04
Loss = 2.7243e-01, PNorm = 46.1326, GNorm = 233.9611, lr_0 = 1.6904e-04
Loss = 4.2813e-01, PNorm = 46.1342, GNorm = 223.3240, lr_0 = 1.6931e-04
Loss = 5.5457e-01, PNorm = 46.1357, GNorm = 423.8120, lr_0 = 1.6958e-04
Loss = 5.8682e-01, PNorm = 46.1370, GNorm = 260.3538, lr_0 = 1.6986e-04
Loss = 4.0446e-01, PNorm = 46.1384, GNorm = 245.6077, lr_0 = 1.7013e-04
Loss = 2.5834e-01, PNorm = 46.1404, GNorm = 84.0728, lr_0 = 1.7040e-04
Loss = 2.0943e-01, PNorm = 46.1421, GNorm = 18.9969, lr_0 = 1.7067e-04
Loss = 1.8161e-01, PNorm = 46.1432, GNorm = 20.1986, lr_0 = 1.7094e-04
Loss = 2.0185e-01, PNorm = 46.1450, GNorm = 103.7632, lr_0 = 1.7121e-04
Loss = 2.0003e-01, PNorm = 46.1468, GNorm = 126.3516, lr_0 = 1.7149e-04
Loss = 2.3113e-01, PNorm = 46.1490, GNorm = 136.0189, lr_0 = 1.7176e-04
Loss = 1.5845e-01, PNorm = 46.1506, GNorm = 50.4130, lr_0 = 1.7203e-04
Loss = 1.5305e-01, PNorm = 46.1523, GNorm = 98.9386, lr_0 = 1.7230e-04
Loss = 1.5593e-01, PNorm = 46.1536, GNorm = 137.2950, lr_0 = 1.7257e-04
Loss = 1.4769e-01, PNorm = 46.1548, GNorm = 32.9744, lr_0 = 1.7284e-04
Loss = 1.4894e-01, PNorm = 46.1558, GNorm = 38.8904, lr_0 = 1.7312e-04
Loss = 1.5957e-01, PNorm = 46.1571, GNorm = 89.8815, lr_0 = 1.7339e-04
Loss = 1.6894e-01, PNorm = 46.1587, GNorm = 86.9629, lr_0 = 1.7366e-04
Loss = 2.5077e-01, PNorm = 46.1604, GNorm = 105.5978, lr_0 = 1.7393e-04
Loss = 1.8676e-01, PNorm = 46.1618, GNorm = 21.5132, lr_0 = 1.7420e-04
Loss = 1.8155e-01, PNorm = 46.1633, GNorm = 115.5889, lr_0 = 1.7447e-04
Loss = 2.3186e-01, PNorm = 46.1650, GNorm = 118.6372, lr_0 = 1.7475e-04
Loss = 1.7670e-01, PNorm = 46.1664, GNorm = 120.7598, lr_0 = 1.7502e-04
Loss = 1.9049e-01, PNorm = 46.1679, GNorm = 85.8547, lr_0 = 1.7529e-04
Loss = 2.5123e-01, PNorm = 46.1690, GNorm = 123.6779, lr_0 = 1.7556e-04
Loss = 2.2766e-01, PNorm = 46.1700, GNorm = 81.5169, lr_0 = 1.7583e-04
Loss = 1.4703e-01, PNorm = 46.1715, GNorm = 51.1045, lr_0 = 1.7610e-04
Loss = 1.8457e-01, PNorm = 46.1731, GNorm = 125.4525, lr_0 = 1.7638e-04
Loss = 1.6562e-01, PNorm = 46.1749, GNorm = 12.7759, lr_0 = 1.7665e-04
Loss = 2.2475e-01, PNorm = 46.1767, GNorm = 139.9343, lr_0 = 1.7692e-04
Loss = 2.1214e-01, PNorm = 46.1784, GNorm = 97.0696, lr_0 = 1.7719e-04
Loss = 1.7185e-01, PNorm = 46.1802, GNorm = 11.8693, lr_0 = 1.7746e-04
Loss = 2.1967e-01, PNorm = 46.1820, GNorm = 126.9665, lr_0 = 1.7774e-04
Loss = 1.4418e-01, PNorm = 46.1835, GNorm = 72.6182, lr_0 = 1.7801e-04
Loss = 1.4044e-01, PNorm = 46.1856, GNorm = 29.4269, lr_0 = 1.7828e-04
Loss = 1.3702e-01, PNorm = 46.1875, GNorm = 17.9789, lr_0 = 1.7855e-04
Loss = 1.4765e-01, PNorm = 46.1892, GNorm = 20.4850, lr_0 = 1.7882e-04
Loss = 1.6446e-01, PNorm = 46.1910, GNorm = 14.8394, lr_0 = 1.7909e-04
Loss = 1.3629e-01, PNorm = 46.1922, GNorm = 40.9531, lr_0 = 1.7937e-04
Loss = 1.3912e-01, PNorm = 46.1933, GNorm = 91.2144, lr_0 = 1.7964e-04
Loss = 1.5780e-01, PNorm = 46.1952, GNorm = 37.0317, lr_0 = 1.7991e-04
Loss = 1.3032e-01, PNorm = 46.1969, GNorm = 50.1958, lr_0 = 1.8018e-04
Loss = 1.8443e-01, PNorm = 46.1985, GNorm = 44.2154, lr_0 = 1.8045e-04
Loss = 1.5014e-01, PNorm = 46.2003, GNorm = 27.5265, lr_0 = 1.8072e-04
Loss = 2.1048e-01, PNorm = 46.2010, GNorm = 34.8478, lr_0 = 1.8100e-04
Loss = 1.3587e-01, PNorm = 46.2021, GNorm = 8.0867, lr_0 = 1.8127e-04
Loss = 1.5046e-01, PNorm = 46.2033, GNorm = 18.8120, lr_0 = 1.8154e-04
Loss = 1.7738e-01, PNorm = 46.2047, GNorm = 70.7544, lr_0 = 1.8181e-04
Loss = 1.6795e-01, PNorm = 46.2064, GNorm = 84.3682, lr_0 = 1.8208e-04
Loss = 1.5924e-01, PNorm = 46.2077, GNorm = 50.1375, lr_0 = 1.8235e-04
Loss = 1.5705e-01, PNorm = 46.2089, GNorm = 62.2495, lr_0 = 1.8263e-04
Loss = 1.7010e-01, PNorm = 46.2106, GNorm = 21.3376, lr_0 = 1.8290e-04
Loss = 2.4660e-01, PNorm = 46.2120, GNorm = 140.7029, lr_0 = 1.8317e-04
Loss = 1.5318e-01, PNorm = 46.2142, GNorm = 32.2980, lr_0 = 1.8344e-04
Loss = 2.1115e-01, PNorm = 46.2165, GNorm = 61.4250, lr_0 = 1.8371e-04
Loss = 2.4297e-01, PNorm = 46.2190, GNorm = 66.7172, lr_0 = 1.8398e-04
Loss = 1.7029e-01, PNorm = 46.2207, GNorm = 81.5094, lr_0 = 1.8426e-04
Loss = 1.5430e-01, PNorm = 46.2224, GNorm = 57.6223, lr_0 = 1.8453e-04
Loss = 1.8296e-01, PNorm = 46.2237, GNorm = 98.9661, lr_0 = 1.8480e-04
Loss = 1.9506e-01, PNorm = 46.2251, GNorm = 112.6554, lr_0 = 1.8507e-04
Loss = 2.0900e-01, PNorm = 46.2268, GNorm = 90.0718, lr_0 = 1.8534e-04
Loss = 4.0411e-01, PNorm = 46.2285, GNorm = 69.8808, lr_0 = 1.8561e-04
Loss = 4.4500e-01, PNorm = 46.2307, GNorm = 156.6741, lr_0 = 1.8589e-04
Loss = 2.3043e-01, PNorm = 46.2337, GNorm = 77.9689, lr_0 = 1.8616e-04
Loss = 2.4116e-01, PNorm = 46.2365, GNorm = 33.9293, lr_0 = 1.8643e-04
Loss = 1.7244e-01, PNorm = 46.2384, GNorm = 24.7627, lr_0 = 1.8670e-04
Loss = 1.6949e-01, PNorm = 46.2401, GNorm = 22.4330, lr_0 = 1.8697e-04
Loss = 2.0514e-01, PNorm = 46.2420, GNorm = 92.7944, lr_0 = 1.8724e-04
Loss = 3.6903e-01, PNorm = 46.2437, GNorm = 137.5211, lr_0 = 1.8752e-04
Loss = 2.5087e-01, PNorm = 46.2458, GNorm = 13.5817, lr_0 = 1.8779e-04
Loss = 2.0098e-01, PNorm = 46.2478, GNorm = 54.2097, lr_0 = 1.8806e-04
Loss = 1.6730e-01, PNorm = 46.2499, GNorm = 50.5652, lr_0 = 1.8833e-04
Loss = 1.6062e-01, PNorm = 46.2521, GNorm = 43.7122, lr_0 = 1.8860e-04
Loss = 1.7006e-01, PNorm = 46.2550, GNorm = 18.8334, lr_0 = 1.8888e-04
Loss = 1.1455e-01, PNorm = 46.2575, GNorm = 28.0693, lr_0 = 1.8915e-04
Loss = 1.4997e-01, PNorm = 46.2593, GNorm = 21.3405, lr_0 = 1.8942e-04
Loss = 1.5869e-01, PNorm = 46.2604, GNorm = 115.8099, lr_0 = 1.8969e-04
Loss = 2.1529e-01, PNorm = 46.2613, GNorm = 108.2478, lr_0 = 1.8996e-04
Loss = 1.6077e-01, PNorm = 46.2627, GNorm = 8.5393, lr_0 = 1.9023e-04
Loss = 1.2841e-01, PNorm = 46.2644, GNorm = 27.6772, lr_0 = 1.9051e-04
Loss = 1.4968e-01, PNorm = 46.2655, GNorm = 35.6507, lr_0 = 1.9078e-04
Loss = 1.9632e-01, PNorm = 46.2669, GNorm = 119.5218, lr_0 = 1.9105e-04
Loss = 1.4384e-01, PNorm = 46.2688, GNorm = 49.3700, lr_0 = 1.9132e-04
Loss = 1.6101e-01, PNorm = 46.2709, GNorm = 20.6114, lr_0 = 1.9159e-04
Loss = 1.6253e-01, PNorm = 46.2727, GNorm = 27.6126, lr_0 = 1.9186e-04
Loss = 1.2245e-01, PNorm = 46.2747, GNorm = 23.5222, lr_0 = 1.9214e-04
Loss = 2.1488e-01, PNorm = 46.2770, GNorm = 14.2938, lr_0 = 1.9241e-04
Loss = 1.7599e-01, PNorm = 46.2788, GNorm = 35.0644, lr_0 = 1.9268e-04
Loss = 1.5329e-01, PNorm = 46.2807, GNorm = 84.7050, lr_0 = 1.9295e-04
Loss = 1.5582e-01, PNorm = 46.2829, GNorm = 12.3787, lr_0 = 1.9322e-04
Loss = 2.3818e-01, PNorm = 46.2844, GNorm = 36.7165, lr_0 = 1.9349e-04
Loss = 1.6974e-01, PNorm = 46.2866, GNorm = 57.3761, lr_0 = 1.9377e-04
Loss = 1.5325e-01, PNorm = 46.2891, GNorm = 65.9834, lr_0 = 1.9404e-04
Loss = 1.2537e-01, PNorm = 46.2918, GNorm = 41.0062, lr_0 = 1.9431e-04
Loss = 1.5404e-01, PNorm = 46.2941, GNorm = 30.3394, lr_0 = 1.9458e-04
Loss = 1.2298e-01, PNorm = 46.2959, GNorm = 66.4113, lr_0 = 1.9485e-04
Loss = 1.3430e-01, PNorm = 46.2978, GNorm = 8.3396, lr_0 = 1.9512e-04
Loss = 1.3663e-01, PNorm = 46.2999, GNorm = 62.8265, lr_0 = 1.9540e-04
Loss = 1.2459e-01, PNorm = 46.3020, GNorm = 51.1231, lr_0 = 1.9567e-04
Loss = 1.2294e-01, PNorm = 46.3038, GNorm = 30.5871, lr_0 = 1.9594e-04
Loss = 1.2750e-01, PNorm = 46.3057, GNorm = 6.6475, lr_0 = 1.9621e-04
Loss = 1.3088e-01, PNorm = 46.3076, GNorm = 17.6954, lr_0 = 1.9648e-04
Loss = 1.2384e-01, PNorm = 46.3095, GNorm = 98.7639, lr_0 = 1.9675e-04
Loss = 2.2120e-01, PNorm = 46.3108, GNorm = 91.6668, lr_0 = 1.9703e-04
Loss = 1.5453e-01, PNorm = 46.3120, GNorm = 112.9489, lr_0 = 1.9730e-04
Loss = 1.8691e-01, PNorm = 46.3133, GNorm = 55.0119, lr_0 = 1.9757e-04
Loss = 1.5074e-01, PNorm = 46.3146, GNorm = 76.0587, lr_0 = 1.9784e-04
Loss = 1.2806e-01, PNorm = 46.3159, GNorm = 36.5883, lr_0 = 1.9811e-04
Loss = 1.3115e-01, PNorm = 46.3170, GNorm = 70.9242, lr_0 = 1.9838e-04
Loss = 1.2898e-01, PNorm = 46.3181, GNorm = 101.3028, lr_0 = 1.9866e-04
Loss = 2.9458e-01, PNorm = 46.3196, GNorm = 16.1916, lr_0 = 1.9893e-04
Loss = 4.2287e-01, PNorm = 46.3221, GNorm = 178.4644, lr_0 = 1.9920e-04
Loss = 2.3994e-01, PNorm = 46.3251, GNorm = 131.3737, lr_0 = 1.9947e-04
Loss = 2.5939e-01, PNorm = 46.3274, GNorm = 96.6198, lr_0 = 1.9974e-04
Loss = 2.0140e-01, PNorm = 46.3299, GNorm = 79.8780, lr_0 = 2.0002e-04
Loss = 1.6613e-01, PNorm = 46.3321, GNorm = 36.1316, lr_0 = 2.0029e-04
Loss = 2.6314e-01, PNorm = 46.3331, GNorm = 63.1524, lr_0 = 2.0056e-04
Loss = 1.6947e-01, PNorm = 46.3347, GNorm = 83.4723, lr_0 = 2.0083e-04
Loss = 1.4573e-01, PNorm = 46.3369, GNorm = 45.9789, lr_0 = 2.0110e-04
Loss = 2.2509e-01, PNorm = 46.3389, GNorm = 163.5479, lr_0 = 2.0137e-04
Loss = 1.4963e-01, PNorm = 46.3404, GNorm = 55.9811, lr_0 = 2.0165e-04
Loss = 1.5441e-01, PNorm = 46.3430, GNorm = 12.1929, lr_0 = 2.0192e-04
Loss = 1.2279e-01, PNorm = 46.3462, GNorm = 55.3025, lr_0 = 2.0219e-04
Loss = 1.3452e-01, PNorm = 46.3489, GNorm = 46.5741, lr_0 = 2.0246e-04
Loss = 1.3752e-01, PNorm = 46.3514, GNorm = 63.6433, lr_0 = 2.0273e-04
Loss = 1.1437e-01, PNorm = 46.3534, GNorm = 41.3770, lr_0 = 2.0300e-04
Loss = 9.6371e-02, PNorm = 46.3553, GNorm = 8.7709, lr_0 = 2.0328e-04
Loss = 1.6064e-01, PNorm = 46.3576, GNorm = 156.5744, lr_0 = 2.0355e-04
Loss = 2.2928e-01, PNorm = 46.3598, GNorm = 140.0326, lr_0 = 2.0382e-04
Loss = 3.1516e-01, PNorm = 46.3604, GNorm = 59.1363, lr_0 = 2.0409e-04
Loss = 1.8376e-01, PNorm = 46.3619, GNorm = 24.0842, lr_0 = 2.0436e-04
Loss = 1.6445e-01, PNorm = 46.3630, GNorm = 20.4446, lr_0 = 2.0463e-04
Loss = 1.3342e-01, PNorm = 46.3648, GNorm = 8.6052, lr_0 = 2.0491e-04
Loss = 1.2759e-01, PNorm = 46.3669, GNorm = 78.8395, lr_0 = 2.0518e-04
Loss = 1.5266e-01, PNorm = 46.3684, GNorm = 60.3158, lr_0 = 2.0545e-04
Loss = 1.4544e-01, PNorm = 46.3704, GNorm = 57.4368, lr_0 = 2.0572e-04
Loss = 1.2089e-01, PNorm = 46.3725, GNorm = 16.7167, lr_0 = 2.0599e-04
Loss = 1.1942e-01, PNorm = 46.3747, GNorm = 13.3973, lr_0 = 2.0626e-04
Loss = 1.3739e-01, PNorm = 46.3766, GNorm = 20.4872, lr_0 = 2.0654e-04
Loss = 1.3054e-01, PNorm = 46.3787, GNorm = 66.3215, lr_0 = 2.0681e-04
Loss = 1.4794e-01, PNorm = 46.3809, GNorm = 12.2070, lr_0 = 2.0708e-04
Loss = 1.4845e-01, PNorm = 46.3826, GNorm = 31.0448, lr_0 = 2.0735e-04
Loss = 1.4447e-01, PNorm = 46.3848, GNorm = 43.0320, lr_0 = 2.0762e-04
Loss = 1.9064e-01, PNorm = 46.3863, GNorm = 85.0043, lr_0 = 2.0789e-04
Loss = 1.3641e-01, PNorm = 46.3880, GNorm = 71.2012, lr_0 = 2.0817e-04
Loss = 1.4237e-01, PNorm = 46.3901, GNorm = 41.6121, lr_0 = 2.0844e-04
Loss = 1.2641e-01, PNorm = 46.3920, GNorm = 19.2398, lr_0 = 2.0871e-04
Loss = 1.2051e-01, PNorm = 46.3943, GNorm = 6.2000, lr_0 = 2.0898e-04
Loss = 1.3452e-01, PNorm = 46.3964, GNorm = 69.7957, lr_0 = 2.0925e-04
Loss = 2.1422e-01, PNorm = 46.3991, GNorm = 33.9057, lr_0 = 2.0952e-04
Loss = 1.9044e-01, PNorm = 46.4011, GNorm = 29.5659, lr_0 = 2.0980e-04
Loss = 1.3134e-01, PNorm = 46.4029, GNorm = 47.4766, lr_0 = 2.1007e-04
Loss = 1.0730e-01, PNorm = 46.4051, GNorm = 14.3880, lr_0 = 2.1034e-04
Loss = 1.8534e-01, PNorm = 46.4079, GNorm = 114.4400, lr_0 = 2.1061e-04
Loss = 2.8316e-01, PNorm = 46.4099, GNorm = 52.0162, lr_0 = 2.1088e-04
Loss = 2.5879e-01, PNorm = 46.4121, GNorm = 72.2967, lr_0 = 2.1116e-04
Loss = 1.6274e-01, PNorm = 46.4149, GNorm = 82.0918, lr_0 = 2.1143e-04
Loss = 9.5003e-02, PNorm = 46.4174, GNorm = 25.1227, lr_0 = 2.1170e-04
Loss = 1.3943e-01, PNorm = 46.4193, GNorm = 66.0047, lr_0 = 2.1197e-04
Loss = 9.5935e-02, PNorm = 46.4213, GNorm = 4.5032, lr_0 = 2.1224e-04
Loss = 1.1726e-01, PNorm = 46.4234, GNorm = 23.2175, lr_0 = 2.1251e-04
Loss = 1.5593e-01, PNorm = 46.4255, GNorm = 99.6274, lr_0 = 2.1279e-04
Loss = 1.3435e-01, PNorm = 46.4278, GNorm = 7.7681, lr_0 = 2.1306e-04
Loss = 1.1013e-01, PNorm = 46.4300, GNorm = 37.6973, lr_0 = 2.1333e-04
Loss = 1.1031e-01, PNorm = 46.4320, GNorm = 9.6620, lr_0 = 2.1360e-04
Loss = 1.3232e-01, PNorm = 46.4334, GNorm = 62.2757, lr_0 = 2.1387e-04
Loss = 1.4059e-01, PNorm = 46.4354, GNorm = 72.0386, lr_0 = 2.1414e-04
Loss = 1.1887e-01, PNorm = 46.4370, GNorm = 42.3519, lr_0 = 2.1442e-04
Loss = 1.9915e-01, PNorm = 46.4384, GNorm = 159.3224, lr_0 = 2.1469e-04
Loss = 1.7661e-01, PNorm = 46.4402, GNorm = 69.5312, lr_0 = 2.1496e-04
Loss = 1.9374e-01, PNorm = 46.4435, GNorm = 83.5694, lr_0 = 2.1523e-04
Loss = 3.3683e-01, PNorm = 46.4467, GNorm = 90.7986, lr_0 = 2.1550e-04
Loss = 3.3017e-01, PNorm = 46.4494, GNorm = 154.5928, lr_0 = 2.1577e-04
Loss = 2.6275e-01, PNorm = 46.4520, GNorm = 94.8340, lr_0 = 2.1605e-04
Loss = 1.2905e-01, PNorm = 46.4543, GNorm = 13.8018, lr_0 = 2.1632e-04
Loss = 1.0640e-01, PNorm = 46.4564, GNorm = 12.7405, lr_0 = 2.1659e-04
Loss = 1.0627e-01, PNorm = 46.4585, GNorm = 53.6170, lr_0 = 2.1686e-04
Loss = 1.3412e-01, PNorm = 46.4599, GNorm = 11.3951, lr_0 = 2.1713e-04
Loss = 1.3686e-01, PNorm = 46.4620, GNorm = 34.4931, lr_0 = 2.1740e-04
Loss = 1.2744e-01, PNorm = 46.4648, GNorm = 44.6751, lr_0 = 2.1768e-04
Loss = 1.3248e-01, PNorm = 46.4676, GNorm = 28.0801, lr_0 = 2.1795e-04
Loss = 1.4558e-01, PNorm = 46.4699, GNorm = 35.3112, lr_0 = 2.1822e-04
Loss = 1.1390e-01, PNorm = 46.4714, GNorm = 55.1038, lr_0 = 2.1849e-04
Loss = 1.3554e-01, PNorm = 46.4729, GNorm = 69.2558, lr_0 = 2.1876e-04
Loss = 1.3997e-01, PNorm = 46.4748, GNorm = 47.9712, lr_0 = 2.1903e-04
Loss = 1.0939e-01, PNorm = 46.4767, GNorm = 37.0603, lr_0 = 2.1931e-04
Loss = 1.2225e-01, PNorm = 46.4784, GNorm = 10.2866, lr_0 = 2.1958e-04
Loss = 1.4948e-01, PNorm = 46.4804, GNorm = 7.5924, lr_0 = 2.1985e-04
Loss = 1.4907e-01, PNorm = 46.4829, GNorm = 74.5001, lr_0 = 2.2012e-04
Loss = 1.4360e-01, PNorm = 46.4853, GNorm = 73.4903, lr_0 = 2.2039e-04
Loss = 1.7041e-01, PNorm = 46.4872, GNorm = 56.7296, lr_0 = 2.2066e-04
Loss = 1.7583e-01, PNorm = 46.4903, GNorm = 80.6309, lr_0 = 2.2094e-04
Loss = 1.9608e-01, PNorm = 46.4928, GNorm = 142.3165, lr_0 = 2.2121e-04
Loss = 1.5438e-01, PNorm = 46.4943, GNorm = 44.0444, lr_0 = 2.2148e-04
Loss = 1.0438e-01, PNorm = 46.4969, GNorm = 29.8282, lr_0 = 2.2175e-04
Loss = 1.2584e-01, PNorm = 46.5000, GNorm = 48.5915, lr_0 = 2.2202e-04
Loss = 8.8667e-02, PNorm = 46.5027, GNorm = 5.6863, lr_0 = 2.2230e-04
Loss = 1.4106e-01, PNorm = 46.5048, GNorm = 78.4274, lr_0 = 2.2257e-04
Loss = 1.1464e-01, PNorm = 46.5070, GNorm = 15.2231, lr_0 = 2.2284e-04
Loss = 1.2051e-01, PNorm = 46.5095, GNorm = 30.8404, lr_0 = 2.2311e-04
Loss = 1.1551e-01, PNorm = 46.5124, GNorm = 50.3505, lr_0 = 2.2338e-04
Loss = 9.2654e-02, PNorm = 46.5153, GNorm = 25.6766, lr_0 = 2.2365e-04
Loss = 9.7655e-02, PNorm = 46.5176, GNorm = 20.9298, lr_0 = 2.2393e-04
Loss = 8.4764e-02, PNorm = 46.5197, GNorm = 8.2265, lr_0 = 2.2420e-04
Loss = 9.1642e-02, PNorm = 46.5215, GNorm = 23.7245, lr_0 = 2.2447e-04
Loss = 8.1188e-02, PNorm = 46.5229, GNorm = 28.5987, lr_0 = 2.2474e-04
Loss = 1.1580e-01, PNorm = 46.5249, GNorm = 52.7170, lr_0 = 2.2501e-04
Loss = 1.1091e-01, PNorm = 46.5264, GNorm = 4.8667, lr_0 = 2.2528e-04
Loss = 8.7673e-02, PNorm = 46.5278, GNorm = 8.7459, lr_0 = 2.2556e-04
Loss = 8.4746e-02, PNorm = 46.5300, GNorm = 6.7622, lr_0 = 2.2583e-04
Loss = 9.0262e-02, PNorm = 46.5325, GNorm = 19.9501, lr_0 = 2.2610e-04
Loss = 1.4502e-01, PNorm = 46.5343, GNorm = 106.5250, lr_0 = 2.2637e-04
Loss = 1.2253e-01, PNorm = 46.5361, GNorm = 6.9200, lr_0 = 2.2664e-04
Loss = 1.0987e-01, PNorm = 46.5381, GNorm = 64.5516, lr_0 = 2.2691e-04
Loss = 9.4459e-02, PNorm = 46.5405, GNorm = 17.4814, lr_0 = 2.2719e-04
Loss = 8.9160e-02, PNorm = 46.5418, GNorm = 39.4165, lr_0 = 2.2746e-04
Loss = 9.4125e-02, PNorm = 46.5435, GNorm = 26.5503, lr_0 = 2.2773e-04
Loss = 1.1564e-01, PNorm = 46.5446, GNorm = 42.0216, lr_0 = 2.2800e-04
Loss = 1.2641e-01, PNorm = 46.5465, GNorm = 85.8642, lr_0 = 2.2827e-04
Loss = 1.1224e-01, PNorm = 46.5481, GNorm = 62.1386, lr_0 = 2.2854e-04
Loss = 1.1821e-01, PNorm = 46.5502, GNorm = 18.0358, lr_0 = 2.2882e-04
Loss = 1.1977e-01, PNorm = 46.5528, GNorm = 56.1148, lr_0 = 2.2909e-04
Loss = 1.2606e-01, PNorm = 46.5554, GNorm = 9.8125, lr_0 = 2.2936e-04
Loss = 1.6907e-01, PNorm = 46.5568, GNorm = 89.9936, lr_0 = 2.2963e-04
Loss = 1.6468e-01, PNorm = 46.5585, GNorm = 125.0787, lr_0 = 2.2990e-04
Loss = 2.5842e-01, PNorm = 46.5605, GNorm = 36.3651, lr_0 = 2.3017e-04
Loss = 2.1395e-01, PNorm = 46.5626, GNorm = 9.4603, lr_0 = 2.3045e-04
Loss = 1.7907e-01, PNorm = 46.5643, GNorm = 9.6615, lr_0 = 2.3072e-04
Loss = 1.3421e-01, PNorm = 46.5668, GNorm = 18.1196, lr_0 = 2.3099e-04
Loss = 1.4646e-01, PNorm = 46.5701, GNorm = 23.7034, lr_0 = 2.3126e-04
Loss = 1.3925e-01, PNorm = 46.5734, GNorm = 46.7282, lr_0 = 2.3153e-04
Loss = 1.3040e-01, PNorm = 46.5759, GNorm = 7.8561, lr_0 = 2.3180e-04
Loss = 9.3910e-02, PNorm = 46.5786, GNorm = 32.0567, lr_0 = 2.3208e-04
Loss = 8.3345e-02, PNorm = 46.5818, GNorm = 33.5357, lr_0 = 2.3235e-04
Loss = 8.9825e-02, PNorm = 46.5849, GNorm = 11.0160, lr_0 = 2.3262e-04
Loss = 9.1972e-02, PNorm = 46.5880, GNorm = 42.6359, lr_0 = 2.3289e-04
Loss = 9.3001e-02, PNorm = 46.5908, GNorm = 5.5586, lr_0 = 2.3316e-04
Loss = 1.1567e-01, PNorm = 46.5931, GNorm = 15.5094, lr_0 = 2.3343e-04
Loss = 1.7838e-01, PNorm = 46.5952, GNorm = 110.5567, lr_0 = 2.3371e-04
Loss = 1.8851e-01, PNorm = 46.5969, GNorm = 37.3158, lr_0 = 2.3398e-04
Loss = 1.7423e-01, PNorm = 46.5989, GNorm = 50.6716, lr_0 = 2.3425e-04
Loss = 1.7926e-01, PNorm = 46.6014, GNorm = 64.7307, lr_0 = 2.3452e-04
Loss = 1.3478e-01, PNorm = 46.6049, GNorm = 23.9724, lr_0 = 2.3479e-04
Loss = 1.8346e-01, PNorm = 46.6075, GNorm = 30.9146, lr_0 = 2.3507e-04
Loss = 1.7632e-01, PNorm = 46.6097, GNorm = 11.6677, lr_0 = 2.3534e-04
Loss = 1.1012e-01, PNorm = 46.6121, GNorm = 10.9038, lr_0 = 2.3561e-04
Loss = 1.3249e-01, PNorm = 46.6151, GNorm = 25.2848, lr_0 = 2.3588e-04
Loss = 1.7492e-01, PNorm = 46.6177, GNorm = 15.2877, lr_0 = 2.3615e-04
Loss = 1.5490e-01, PNorm = 46.6199, GNorm = 53.8939, lr_0 = 2.3642e-04
Loss = 1.1946e-01, PNorm = 46.6225, GNorm = 41.8877, lr_0 = 2.3670e-04
Loss = 1.0356e-01, PNorm = 46.6242, GNorm = 38.6002, lr_0 = 2.3697e-04
Loss = 9.0575e-02, PNorm = 46.6259, GNorm = 14.3869, lr_0 = 2.3724e-04
Loss = 8.5715e-02, PNorm = 46.6275, GNorm = 46.9755, lr_0 = 2.3751e-04
Loss = 9.1817e-02, PNorm = 46.6298, GNorm = 21.4800, lr_0 = 2.3778e-04
Loss = 8.4923e-02, PNorm = 46.6320, GNorm = 3.6710, lr_0 = 2.3805e-04
Loss = 9.2177e-02, PNorm = 46.6343, GNorm = 87.6049, lr_0 = 2.3833e-04
Loss = 1.3052e-01, PNorm = 46.6375, GNorm = 6.7572, lr_0 = 2.3860e-04
Loss = 8.7266e-02, PNorm = 46.6399, GNorm = 7.8735, lr_0 = 2.3887e-04
Loss = 8.8617e-02, PNorm = 46.6423, GNorm = 45.4455, lr_0 = 2.3914e-04
Loss = 1.1631e-01, PNorm = 46.6438, GNorm = 57.8709, lr_0 = 2.3941e-04
Loss = 1.1097e-01, PNorm = 46.6458, GNorm = 32.7320, lr_0 = 2.3968e-04
Loss = 1.1277e-01, PNorm = 46.6477, GNorm = 27.2681, lr_0 = 2.3996e-04
Loss = 1.4146e-01, PNorm = 46.6498, GNorm = 31.1399, lr_0 = 2.4023e-04
Loss = 1.1672e-01, PNorm = 46.6517, GNorm = 8.0196, lr_0 = 2.4050e-04
Loss = 1.1566e-01, PNorm = 46.6547, GNorm = 14.7257, lr_0 = 2.4077e-04
Loss = 1.1088e-01, PNorm = 46.6575, GNorm = 34.6125, lr_0 = 2.4104e-04
Loss = 8.5244e-02, PNorm = 46.6603, GNorm = 20.0473, lr_0 = 2.4131e-04
Loss = 8.7994e-02, PNorm = 46.6626, GNorm = 13.5214, lr_0 = 2.4159e-04
Loss = 8.6400e-02, PNorm = 46.6644, GNorm = 38.1668, lr_0 = 2.4186e-04
Loss = 1.1518e-01, PNorm = 46.6669, GNorm = 14.5234, lr_0 = 2.4213e-04
Loss = 1.2887e-01, PNorm = 46.6705, GNorm = 38.9065, lr_0 = 2.4240e-04
Loss = 8.9043e-02, PNorm = 46.6737, GNorm = 11.6276, lr_0 = 2.4267e-04
Loss = 1.0050e-01, PNorm = 46.6760, GNorm = 16.0660, lr_0 = 2.4294e-04
Loss = 9.3483e-02, PNorm = 46.6785, GNorm = 21.7925, lr_0 = 2.4322e-04
Loss = 8.1372e-02, PNorm = 46.6808, GNorm = 6.0921, lr_0 = 2.4349e-04
Loss = 7.4199e-02, PNorm = 46.6833, GNorm = 26.1416, lr_0 = 2.4376e-04
Loss = 1.0135e-01, PNorm = 46.6856, GNorm = 40.4975, lr_0 = 2.4403e-04
Loss = 1.0849e-01, PNorm = 46.6880, GNorm = 44.5908, lr_0 = 2.4430e-04
Loss = 1.7942e-01, PNorm = 46.6906, GNorm = 118.2311, lr_0 = 2.4457e-04
Loss = 3.1688e-01, PNorm = 46.6937, GNorm = 17.6349, lr_0 = 2.4485e-04
Loss = 2.1498e-01, PNorm = 46.6968, GNorm = 19.7310, lr_0 = 2.4512e-04
Loss = 1.4341e-01, PNorm = 46.7000, GNorm = 21.9480, lr_0 = 2.4539e-04
Loss = 1.6549e-01, PNorm = 46.7021, GNorm = 60.3826, lr_0 = 2.4566e-04
Loss = 1.8096e-01, PNorm = 46.7047, GNorm = 9.0618, lr_0 = 2.4593e-04
Loss = 1.0576e-01, PNorm = 46.7073, GNorm = 20.2964, lr_0 = 2.4621e-04
Loss = 1.1517e-01, PNorm = 46.7101, GNorm = 30.7585, lr_0 = 2.4648e-04
Loss = 9.9090e-02, PNorm = 46.7130, GNorm = 22.6432, lr_0 = 2.4675e-04
Loss = 1.0039e-01, PNorm = 46.7153, GNorm = 28.6805, lr_0 = 2.4702e-04
Loss = 8.9639e-02, PNorm = 46.7175, GNorm = 40.9458, lr_0 = 2.4729e-04
Loss = 1.1001e-01, PNorm = 46.7202, GNorm = 27.5405, lr_0 = 2.4756e-04
Loss = 8.9464e-02, PNorm = 46.7216, GNorm = 46.0095, lr_0 = 2.4784e-04
Loss = 9.8319e-02, PNorm = 46.7227, GNorm = 28.0934, lr_0 = 2.4811e-04
Loss = 9.0284e-02, PNorm = 46.7244, GNorm = 19.3757, lr_0 = 2.4838e-04
Loss = 1.0540e-01, PNorm = 46.7269, GNorm = 6.9439, lr_0 = 2.4865e-04
Loss = 7.4918e-02, PNorm = 46.7294, GNorm = 10.3628, lr_0 = 2.4892e-04
Loss = 1.0794e-01, PNorm = 46.7317, GNorm = 47.4709, lr_0 = 2.4919e-04
Loss = 1.6586e-01, PNorm = 46.7344, GNorm = 55.2110, lr_0 = 2.4947e-04
Loss = 1.3781e-01, PNorm = 46.7370, GNorm = 55.5148, lr_0 = 2.4974e-04
Loss = 9.4290e-02, PNorm = 46.7399, GNorm = 6.2609, lr_0 = 2.5001e-04
Loss = 8.3659e-02, PNorm = 46.7431, GNorm = 13.1515, lr_0 = 2.5028e-04
Loss = 1.1092e-01, PNorm = 46.7454, GNorm = 23.9321, lr_0 = 2.5055e-04
Loss = 9.4866e-02, PNorm = 46.7478, GNorm = 4.6620, lr_0 = 2.5082e-04
Loss = 1.0092e-01, PNorm = 46.7505, GNorm = 9.9145, lr_0 = 2.5110e-04
Loss = 8.4856e-02, PNorm = 46.7534, GNorm = 18.3689, lr_0 = 2.5137e-04
Loss = 1.0429e-01, PNorm = 46.7565, GNorm = 8.7641, lr_0 = 2.5164e-04
Loss = 1.0385e-01, PNorm = 46.7597, GNorm = 19.3479, lr_0 = 2.5191e-04
Loss = 1.7915e-01, PNorm = 46.7624, GNorm = 38.5395, lr_0 = 2.5218e-04
Loss = 9.2640e-02, PNorm = 46.7645, GNorm = 5.4978, lr_0 = 2.5245e-04
Loss = 7.8435e-02, PNorm = 46.7665, GNorm = 5.5611, lr_0 = 2.5273e-04
Loss = 1.0578e-01, PNorm = 46.7682, GNorm = 59.1298, lr_0 = 2.5300e-04
Loss = 1.1587e-01, PNorm = 46.7703, GNorm = 42.3069, lr_0 = 2.5327e-04
Loss = 8.6721e-02, PNorm = 46.7738, GNorm = 23.0885, lr_0 = 2.5354e-04
Loss = 9.1162e-02, PNorm = 46.7770, GNorm = 33.7628, lr_0 = 2.5381e-04
Loss = 8.0111e-02, PNorm = 46.7799, GNorm = 16.3274, lr_0 = 2.5408e-04
Loss = 7.9602e-02, PNorm = 46.7821, GNorm = 5.6480, lr_0 = 2.5436e-04
Loss = 9.6891e-02, PNorm = 46.7831, GNorm = 32.5361, lr_0 = 2.5463e-04
Loss = 6.7830e-02, PNorm = 46.7857, GNorm = 12.8369, lr_0 = 2.5490e-04
Loss = 8.0572e-02, PNorm = 46.7881, GNorm = 54.7866, lr_0 = 2.5517e-04
Loss = 9.1241e-02, PNorm = 46.7912, GNorm = 31.2642, lr_0 = 2.5544e-04
Loss = 9.0429e-02, PNorm = 46.7934, GNorm = 50.3626, lr_0 = 2.5571e-04
Loss = 7.8493e-02, PNorm = 46.7963, GNorm = 26.7433, lr_0 = 2.5599e-04
Loss = 7.7215e-02, PNorm = 46.7983, GNorm = 27.8273, lr_0 = 2.5626e-04
Loss = 7.7138e-02, PNorm = 46.8010, GNorm = 27.3790, lr_0 = 2.5653e-04
Loss = 9.0355e-02, PNorm = 46.8023, GNorm = 29.0812, lr_0 = 2.5680e-04
Loss = 8.0765e-02, PNorm = 46.8037, GNorm = 26.1559, lr_0 = 2.5707e-04
Loss = 1.1250e-01, PNorm = 46.8057, GNorm = 39.5515, lr_0 = 2.5735e-04
Loss = 9.6779e-02, PNorm = 46.8068, GNorm = 67.0188, lr_0 = 2.5762e-04
Loss = 9.9435e-02, PNorm = 46.8090, GNorm = 22.2194, lr_0 = 2.5789e-04
Loss = 7.8376e-02, PNorm = 46.8112, GNorm = 24.5418, lr_0 = 2.5816e-04
Loss = 9.8497e-02, PNorm = 46.8138, GNorm = 57.0246, lr_0 = 2.5843e-04
Loss = 1.0653e-01, PNorm = 46.8167, GNorm = 42.4707, lr_0 = 2.5870e-04
Loss = 1.1069e-01, PNorm = 46.8194, GNorm = 40.6232, lr_0 = 2.5898e-04
Loss = 8.3160e-02, PNorm = 46.8221, GNorm = 34.8438, lr_0 = 2.5925e-04
Loss = 7.8553e-02, PNorm = 46.8244, GNorm = 27.5809, lr_0 = 2.5952e-04
Loss = 7.1357e-02, PNorm = 46.8265, GNorm = 35.7091, lr_0 = 2.5979e-04
Loss = 1.0490e-01, PNorm = 46.8288, GNorm = 35.5029, lr_0 = 2.6006e-04
Loss = 1.1553e-01, PNorm = 46.8316, GNorm = 22.0161, lr_0 = 2.6033e-04
Loss = 1.1442e-01, PNorm = 46.8339, GNorm = 34.1801, lr_0 = 2.6061e-04
Loss = 8.9739e-02, PNorm = 46.8362, GNorm = 17.0867, lr_0 = 2.6088e-04
Loss = 9.6311e-02, PNorm = 46.8385, GNorm = 52.7644, lr_0 = 2.6115e-04
Loss = 1.0384e-01, PNorm = 46.8406, GNorm = 11.4367, lr_0 = 2.6142e-04
Loss = 8.3189e-02, PNorm = 46.8433, GNorm = 30.9704, lr_0 = 2.6169e-04
Loss = 1.0904e-01, PNorm = 46.8451, GNorm = 7.9450, lr_0 = 2.6196e-04
Loss = 9.2322e-02, PNorm = 46.8477, GNorm = 27.4495, lr_0 = 2.6224e-04
Loss = 9.3420e-02, PNorm = 46.8502, GNorm = 63.4091, lr_0 = 2.6251e-04
Loss = 1.1854e-01, PNorm = 46.8532, GNorm = 20.6967, lr_0 = 2.6278e-04
Loss = 8.7919e-02, PNorm = 46.8563, GNorm = 40.9315, lr_0 = 2.6305e-04
Loss = 9.3414e-02, PNorm = 46.8586, GNorm = 18.4790, lr_0 = 2.6332e-04
Loss = 6.3485e-02, PNorm = 46.8609, GNorm = 7.2068, lr_0 = 2.6359e-04
Loss = 8.1835e-02, PNorm = 46.8631, GNorm = 9.5220, lr_0 = 2.6387e-04
Loss = 9.1650e-02, PNorm = 46.8652, GNorm = 44.7331, lr_0 = 2.6414e-04
Loss = 8.4118e-02, PNorm = 46.8675, GNorm = 28.0694, lr_0 = 2.6441e-04
Loss = 8.9001e-02, PNorm = 46.8697, GNorm = 39.8186, lr_0 = 2.6468e-04
Loss = 1.2701e-01, PNorm = 46.8726, GNorm = 23.1272, lr_0 = 2.6495e-04
Loss = 8.9974e-02, PNorm = 46.8754, GNorm = 29.9574, lr_0 = 2.6522e-04
Loss = 1.0879e-01, PNorm = 46.8794, GNorm = 33.3966, lr_0 = 2.6550e-04
Loss = 1.0503e-01, PNorm = 46.8815, GNorm = 12.7772, lr_0 = 2.6577e-04
Loss = 1.0839e-01, PNorm = 46.8835, GNorm = 21.5473, lr_0 = 2.6604e-04
Loss = 7.1267e-02, PNorm = 46.8855, GNorm = 17.5241, lr_0 = 2.6631e-04
Loss = 6.9501e-02, PNorm = 46.8870, GNorm = 7.4982, lr_0 = 2.6658e-04
Loss = 8.3859e-02, PNorm = 46.8890, GNorm = 41.4988, lr_0 = 2.6685e-04
Loss = 9.9643e-02, PNorm = 46.8917, GNorm = 9.0470, lr_0 = 2.6713e-04
Loss = 7.0632e-02, PNorm = 46.8946, GNorm = 23.8353, lr_0 = 2.6740e-04
Loss = 7.8363e-02, PNorm = 46.8964, GNorm = 28.8483, lr_0 = 2.6767e-04
Loss = 8.5950e-02, PNorm = 46.8993, GNorm = 13.3025, lr_0 = 2.6794e-04
Loss = 1.2234e-01, PNorm = 46.9019, GNorm = 26.6451, lr_0 = 2.6821e-04
Loss = 1.0540e-01, PNorm = 46.9046, GNorm = 3.1891, lr_0 = 2.6849e-04
Loss = 1.0864e-01, PNorm = 46.9075, GNorm = 6.7236, lr_0 = 2.6876e-04
Loss = 1.1218e-01, PNorm = 46.9111, GNorm = 25.1300, lr_0 = 2.6903e-04
Loss = 1.1165e-01, PNorm = 46.9152, GNorm = 46.9028, lr_0 = 2.6930e-04
Loss = 1.1043e-01, PNorm = 46.9192, GNorm = 28.3633, lr_0 = 2.6957e-04
Loss = 9.6867e-02, PNorm = 46.9215, GNorm = 25.9429, lr_0 = 2.6984e-04
Loss = 8.0997e-02, PNorm = 46.9237, GNorm = 18.0693, lr_0 = 2.7012e-04
Loss = 6.3439e-02, PNorm = 46.9255, GNorm = 3.7146, lr_0 = 2.7039e-04
Loss = 6.3719e-02, PNorm = 46.9282, GNorm = 16.0570, lr_0 = 2.7066e-04
Loss = 5.9431e-02, PNorm = 46.9308, GNorm = 6.4170, lr_0 = 2.7093e-04
Loss = 7.5386e-02, PNorm = 46.9335, GNorm = 18.6964, lr_0 = 2.7120e-04
Loss = 1.0844e-01, PNorm = 46.9363, GNorm = 16.3943, lr_0 = 2.7147e-04
Loss = 1.2091e-01, PNorm = 46.9393, GNorm = 15.0515, lr_0 = 2.7175e-04
Loss = 1.0030e-01, PNorm = 46.9421, GNorm = 38.9772, lr_0 = 2.7202e-04
Loss = 1.1967e-01, PNorm = 46.9440, GNorm = 50.2932, lr_0 = 2.7229e-04
Loss = 1.2023e-01, PNorm = 46.9478, GNorm = 12.8291, lr_0 = 2.7256e-04
Loss = 1.2031e-01, PNorm = 46.9500, GNorm = 47.1335, lr_0 = 2.7283e-04
Loss = 1.1403e-01, PNorm = 46.9533, GNorm = 34.1363, lr_0 = 2.7310e-04
Loss = 7.9982e-02, PNorm = 46.9556, GNorm = 12.0854, lr_0 = 2.7338e-04
Loss = 7.2514e-02, PNorm = 46.9590, GNorm = 9.5692, lr_0 = 2.7365e-04
Loss = 1.0810e-01, PNorm = 46.9615, GNorm = 29.7891, lr_0 = 2.7392e-04
Loss = 8.9777e-02, PNorm = 46.9640, GNorm = 13.8559, lr_0 = 2.7419e-04
Loss = 6.9981e-02, PNorm = 46.9668, GNorm = 6.9016, lr_0 = 2.7446e-04
Loss = 5.1694e-02, PNorm = 46.9692, GNorm = 10.4024, lr_0 = 2.7473e-04
Loss = 7.4331e-02, PNorm = 46.9716, GNorm = 12.2168, lr_0 = 2.7501e-04
Loss = 7.1387e-02, PNorm = 46.9732, GNorm = 15.4749, lr_0 = 2.7528e-04
Loss = 9.6922e-02, PNorm = 46.9755, GNorm = 43.0819, lr_0 = 2.7555e-04
Loss = 9.7551e-02, PNorm = 46.9783, GNorm = 35.4173, lr_0 = 2.7582e-04
Loss = 9.1712e-02, PNorm = 46.9809, GNorm = 18.4286, lr_0 = 2.7609e-04
Loss = 6.7245e-02, PNorm = 46.9838, GNorm = 19.5900, lr_0 = 2.7636e-04
Loss = 6.4231e-02, PNorm = 46.9861, GNorm = 17.8339, lr_0 = 2.7664e-04
Loss = 7.4854e-02, PNorm = 46.9884, GNorm = 3.7557, lr_0 = 2.7691e-04
Loss = 7.3692e-02, PNorm = 46.9916, GNorm = 9.3270, lr_0 = 2.7718e-04
Loss = 8.8523e-02, PNorm = 46.9943, GNorm = 18.7935, lr_0 = 2.7745e-04
Loss = 6.9626e-02, PNorm = 46.9966, GNorm = 25.9611, lr_0 = 2.7772e-04
Loss = 8.3444e-02, PNorm = 46.9992, GNorm = 6.3668, lr_0 = 2.7799e-04
Loss = 6.5790e-02, PNorm = 47.0014, GNorm = 6.1971, lr_0 = 2.7827e-04
Loss = 7.8364e-02, PNorm = 47.0033, GNorm = 34.6479, lr_0 = 2.7854e-04
Loss = 6.4537e-02, PNorm = 47.0063, GNorm = 24.7144, lr_0 = 2.7881e-04
Loss = 8.1343e-02, PNorm = 47.0096, GNorm = 9.1130, lr_0 = 2.7908e-04
Loss = 8.8024e-02, PNorm = 47.0119, GNorm = 9.7041, lr_0 = 2.7935e-04
Loss = 7.0863e-02, PNorm = 47.0139, GNorm = 25.8562, lr_0 = 2.7963e-04
Loss = 7.2206e-02, PNorm = 47.0156, GNorm = 36.0874, lr_0 = 2.7990e-04
Loss = 6.8169e-02, PNorm = 47.0177, GNorm = 4.1561, lr_0 = 2.8017e-04
Loss = 5.5940e-02, PNorm = 47.0202, GNorm = 14.0565, lr_0 = 2.8044e-04
Loss = 7.2016e-02, PNorm = 47.0216, GNorm = 43.1481, lr_0 = 2.8071e-04
Loss = 7.0093e-02, PNorm = 47.0245, GNorm = 8.5726, lr_0 = 2.8098e-04
Loss = 7.6455e-02, PNorm = 47.0274, GNorm = 9.3252, lr_0 = 2.8126e-04
Loss = 5.9168e-02, PNorm = 47.0303, GNorm = 5.2974, lr_0 = 2.8153e-04
Loss = 5.9841e-02, PNorm = 47.0325, GNorm = 11.3105, lr_0 = 2.8180e-04
Loss = 6.9125e-02, PNorm = 47.0349, GNorm = 19.8975, lr_0 = 2.8207e-04
Loss = 6.4271e-02, PNorm = 47.0377, GNorm = 6.4678, lr_0 = 2.8234e-04
Loss = 9.4121e-02, PNorm = 47.0400, GNorm = 6.5796, lr_0 = 2.8261e-04
Loss = 1.1127e-01, PNorm = 47.0430, GNorm = 14.4899, lr_0 = 2.8289e-04
Loss = 1.1654e-01, PNorm = 47.0466, GNorm = 24.7427, lr_0 = 2.8316e-04
Loss = 1.1119e-01, PNorm = 47.0504, GNorm = 29.8892, lr_0 = 2.8343e-04
Loss = 1.1983e-01, PNorm = 47.0538, GNorm = 24.1806, lr_0 = 2.8370e-04
Loss = 1.3952e-01, PNorm = 47.0566, GNorm = 12.4703, lr_0 = 2.8397e-04
Loss = 1.0798e-01, PNorm = 47.0591, GNorm = 16.3897, lr_0 = 2.8424e-04
Loss = 1.1359e-01, PNorm = 47.0613, GNorm = 36.9414, lr_0 = 2.8452e-04
Loss = 8.3586e-02, PNorm = 47.0651, GNorm = 9.5786, lr_0 = 2.8479e-04
Loss = 8.8649e-02, PNorm = 47.0701, GNorm = 4.8899, lr_0 = 2.8506e-04
Loss = 7.2075e-02, PNorm = 47.0740, GNorm = 11.5682, lr_0 = 2.8533e-04
Loss = 8.7471e-02, PNorm = 47.0769, GNorm = 3.1582, lr_0 = 2.8560e-04
Loss = 8.1145e-02, PNorm = 47.0803, GNorm = 38.8188, lr_0 = 2.8587e-04
Loss = 1.0570e-01, PNorm = 47.0823, GNorm = 28.1976, lr_0 = 2.8615e-04
Loss = 1.1996e-01, PNorm = 47.0852, GNorm = 9.9332, lr_0 = 2.8642e-04
Loss = 6.5381e-02, PNorm = 47.0879, GNorm = 10.0088, lr_0 = 2.8669e-04
Loss = 8.2654e-02, PNorm = 47.0909, GNorm = 21.4966, lr_0 = 2.8696e-04
Loss = 6.8673e-02, PNorm = 47.0928, GNorm = 13.8418, lr_0 = 2.8723e-04
Loss = 6.5510e-02, PNorm = 47.0958, GNorm = 9.8718, lr_0 = 2.8750e-04
Loss = 8.5028e-02, PNorm = 47.0989, GNorm = 27.5404, lr_0 = 2.8778e-04
Loss = 7.5173e-02, PNorm = 47.1021, GNorm = 20.2295, lr_0 = 2.8805e-04
Loss = 7.2048e-02, PNorm = 47.1056, GNorm = 5.2109, lr_0 = 2.8832e-04
Loss = 6.3932e-02, PNorm = 47.1080, GNorm = 15.0412, lr_0 = 2.8859e-04
Loss = 7.7710e-02, PNorm = 47.1107, GNorm = 3.9525, lr_0 = 2.8886e-04
Loss = 6.5769e-02, PNorm = 47.1125, GNorm = 13.4236, lr_0 = 2.8913e-04
Loss = 7.2458e-02, PNorm = 47.1146, GNorm = 10.2142, lr_0 = 2.8941e-04
Loss = 6.4165e-02, PNorm = 47.1166, GNorm = 25.7404, lr_0 = 2.8968e-04
Loss = 7.3030e-02, PNorm = 47.1184, GNorm = 13.0276, lr_0 = 2.8995e-04
Loss = 7.3355e-02, PNorm = 47.1204, GNorm = 21.7120, lr_0 = 2.9022e-04
Loss = 6.0756e-02, PNorm = 47.1221, GNorm = 12.2112, lr_0 = 2.9049e-04
Loss = 8.1477e-02, PNorm = 47.1247, GNorm = 17.2305, lr_0 = 2.9077e-04
Loss = 6.4573e-02, PNorm = 47.1272, GNorm = 7.7320, lr_0 = 2.9104e-04
Loss = 8.7204e-02, PNorm = 47.1296, GNorm = 44.2650, lr_0 = 2.9131e-04
Loss = 1.0380e-01, PNorm = 47.1315, GNorm = 7.0433, lr_0 = 2.9158e-04
Loss = 7.8208e-02, PNorm = 47.1336, GNorm = 3.6010, lr_0 = 2.9185e-04
Loss = 5.9916e-02, PNorm = 47.1362, GNorm = 12.1867, lr_0 = 2.9212e-04
Loss = 6.1151e-02, PNorm = 47.1388, GNorm = 10.5260, lr_0 = 2.9240e-04
Loss = 5.9210e-02, PNorm = 47.1423, GNorm = 19.5059, lr_0 = 2.9267e-04
Loss = 7.7015e-02, PNorm = 47.1453, GNorm = 25.2793, lr_0 = 2.9294e-04
Loss = 8.1517e-02, PNorm = 47.1480, GNorm = 2.1487, lr_0 = 2.9321e-04
Loss = 7.7763e-02, PNorm = 47.1512, GNorm = 21.2042, lr_0 = 2.9348e-04
Loss = 7.4757e-02, PNorm = 47.1541, GNorm = 19.1258, lr_0 = 2.9375e-04
Loss = 8.5921e-02, PNorm = 47.1577, GNorm = 41.7915, lr_0 = 2.9403e-04
Loss = 1.2154e-01, PNorm = 47.1613, GNorm = 34.8425, lr_0 = 2.9430e-04
Loss = 8.6685e-02, PNorm = 47.1649, GNorm = 13.8135, lr_0 = 2.9457e-04
Loss = 7.2543e-02, PNorm = 47.1687, GNorm = 4.7210, lr_0 = 2.9484e-04
Loss = 6.3880e-02, PNorm = 47.1720, GNorm = 3.7842, lr_0 = 2.9511e-04
Loss = 6.2940e-02, PNorm = 47.1754, GNorm = 19.6019, lr_0 = 2.9538e-04
Loss = 6.8414e-02, PNorm = 47.1789, GNorm = 13.7581, lr_0 = 2.9566e-04
Loss = 5.8019e-02, PNorm = 47.1815, GNorm = 13.4032, lr_0 = 2.9593e-04
Loss = 6.0932e-02, PNorm = 47.1847, GNorm = 10.6960, lr_0 = 2.9620e-04
Loss = 6.5764e-02, PNorm = 47.1875, GNorm = 5.3515, lr_0 = 2.9647e-04
Loss = 7.1303e-02, PNorm = 47.1908, GNorm = 7.5738, lr_0 = 2.9674e-04
Loss = 7.0047e-02, PNorm = 47.1937, GNorm = 21.3442, lr_0 = 2.9701e-04
Loss = 6.0683e-02, PNorm = 47.1961, GNorm = 24.5141, lr_0 = 2.9729e-04
Loss = 1.0370e-01, PNorm = 47.1981, GNorm = 28.6109, lr_0 = 2.9756e-04
Loss = 5.8243e-02, PNorm = 47.2011, GNorm = 3.1913, lr_0 = 2.9783e-04
Loss = 6.7126e-02, PNorm = 47.2047, GNorm = 14.7798, lr_0 = 2.9810e-04
Loss = 5.7263e-02, PNorm = 47.2078, GNorm = 5.7584, lr_0 = 2.9837e-04
Loss = 5.5748e-02, PNorm = 47.2104, GNorm = 6.9649, lr_0 = 2.9864e-04
Loss = 5.5757e-02, PNorm = 47.2126, GNorm = 18.4099, lr_0 = 2.9892e-04
Loss = 5.1246e-02, PNorm = 47.2155, GNorm = 8.0402, lr_0 = 2.9919e-04
Loss = 5.0809e-02, PNorm = 47.2178, GNorm = 7.2795, lr_0 = 2.9946e-04
Loss = 5.5807e-02, PNorm = 47.2196, GNorm = 13.9005, lr_0 = 2.9973e-04
Loss = 5.4054e-02, PNorm = 47.2211, GNorm = 3.9949, lr_0 = 3.0000e-04
Loss = 5.1724e-02, PNorm = 47.2226, GNorm = 12.4424, lr_0 = 3.0027e-04
Loss = 4.4648e-02, PNorm = 47.2246, GNorm = 4.1089, lr_0 = 3.0055e-04
Loss = 5.2565e-02, PNorm = 47.2266, GNorm = 5.3114, lr_0 = 3.0082e-04
Loss = 4.4831e-02, PNorm = 47.2283, GNorm = 7.4975, lr_0 = 3.0109e-04
Loss = 5.0605e-02, PNorm = 47.2302, GNorm = 3.1632, lr_0 = 3.0136e-04
Loss = 3.9692e-02, PNorm = 47.2331, GNorm = 3.5412, lr_0 = 3.0163e-04
Loss = 4.7825e-02, PNorm = 47.2361, GNorm = 4.7166, lr_0 = 3.0190e-04
Loss = 4.7201e-02, PNorm = 47.2382, GNorm = 2.2232, lr_0 = 3.0218e-04
Loss = 4.2941e-02, PNorm = 47.2411, GNorm = 4.6812, lr_0 = 3.0245e-04
Loss = 4.9317e-02, PNorm = 47.2443, GNorm = 2.9553, lr_0 = 3.0272e-04
Loss = 4.5590e-02, PNorm = 47.2470, GNorm = 9.6073, lr_0 = 3.0299e-04
Loss = 6.7326e-02, PNorm = 47.2490, GNorm = 20.0616, lr_0 = 3.0326e-04
Loss = 8.4434e-02, PNorm = 47.2526, GNorm = 15.5374, lr_0 = 3.0354e-04
Loss = 6.7190e-02, PNorm = 47.2553, GNorm = 18.5352, lr_0 = 3.0381e-04
Loss = 6.5355e-02, PNorm = 47.2576, GNorm = 3.7484, lr_0 = 3.0408e-04
Loss = 6.5120e-02, PNorm = 47.2607, GNorm = 22.4185, lr_0 = 3.0435e-04
Loss = 6.3325e-02, PNorm = 47.2632, GNorm = 9.3515, lr_0 = 3.0462e-04
Loss = 5.7864e-02, PNorm = 47.2652, GNorm = 15.4989, lr_0 = 3.0489e-04
Loss = 7.7437e-02, PNorm = 47.2677, GNorm = 14.8295, lr_0 = 3.0517e-04
Loss = 6.2314e-02, PNorm = 47.2700, GNorm = 22.8462, lr_0 = 3.0544e-04
Loss = 9.8754e-02, PNorm = 47.2728, GNorm = 42.2430, lr_0 = 3.0571e-04
Loss = 7.6568e-02, PNorm = 47.2770, GNorm = 7.4445, lr_0 = 3.0598e-04
Loss = 6.3920e-02, PNorm = 47.2802, GNorm = 4.1017, lr_0 = 3.0625e-04
Loss = 5.8285e-02, PNorm = 47.2832, GNorm = 2.6534, lr_0 = 3.0652e-04
Loss = 5.4858e-02, PNorm = 47.2868, GNorm = 3.6140, lr_0 = 3.0680e-04
Loss = 5.7405e-02, PNorm = 47.2881, GNorm = 11.5178, lr_0 = 3.0707e-04
Loss = 8.0135e-02, PNorm = 47.2905, GNorm = 27.9435, lr_0 = 3.0734e-04
Loss = 8.3856e-02, PNorm = 47.2940, GNorm = 9.2152, lr_0 = 3.0761e-04
Loss = 5.8583e-02, PNorm = 47.2966, GNorm = 4.6035, lr_0 = 3.0788e-04
Loss = 5.6700e-02, PNorm = 47.2996, GNorm = 5.5544, lr_0 = 3.0815e-04
Loss = 6.7031e-02, PNorm = 47.3016, GNorm = 13.8048, lr_0 = 3.0843e-04
Loss = 6.2594e-02, PNorm = 47.3033, GNorm = 12.6694, lr_0 = 3.0870e-04
Loss = 9.4926e-02, PNorm = 47.3074, GNorm = 2.8777, lr_0 = 3.0897e-04
Loss = 5.6190e-02, PNorm = 47.3109, GNorm = 3.8827, lr_0 = 3.0924e-04
Loss = 6.1991e-02, PNorm = 47.3135, GNorm = 5.3703, lr_0 = 3.0951e-04
Loss = 5.1373e-02, PNorm = 47.3157, GNorm = 3.4935, lr_0 = 3.0978e-04
Loss = 4.9384e-02, PNorm = 47.3190, GNorm = 9.8010, lr_0 = 3.1006e-04
Loss = 4.8377e-02, PNorm = 47.3226, GNorm = 2.6295, lr_0 = 3.1033e-04
Loss = 4.2648e-02, PNorm = 47.3259, GNorm = 4.1359, lr_0 = 3.1060e-04
Loss = 5.6826e-02, PNorm = 47.3286, GNorm = 8.1505, lr_0 = 3.1087e-04
Loss = 5.0325e-02, PNorm = 47.3313, GNorm = 5.3693, lr_0 = 3.1114e-04
Loss = 5.7838e-02, PNorm = 47.3338, GNorm = 10.4576, lr_0 = 3.1141e-04
Loss = 6.6792e-02, PNorm = 47.3371, GNorm = 16.5701, lr_0 = 3.1169e-04
Loss = 6.7325e-02, PNorm = 47.3399, GNorm = 24.4306, lr_0 = 3.1196e-04
Loss = 7.5622e-02, PNorm = 47.3428, GNorm = 18.1192, lr_0 = 3.1223e-04
Loss = 7.1677e-02, PNorm = 47.3463, GNorm = 13.9397, lr_0 = 3.1250e-04
Loss = 5.9185e-02, PNorm = 47.3496, GNorm = 13.9627, lr_0 = 3.1277e-04
Loss = 5.4257e-02, PNorm = 47.3535, GNorm = 22.2484, lr_0 = 3.1304e-04
Loss = 7.3486e-02, PNorm = 47.3561, GNorm = 24.1824, lr_0 = 3.1332e-04
Loss = 6.5401e-02, PNorm = 47.3591, GNorm = 7.7466, lr_0 = 3.1359e-04
Loss = 5.6032e-02, PNorm = 47.3619, GNorm = 9.3280, lr_0 = 3.1386e-04
Loss = 5.2396e-02, PNorm = 47.3650, GNorm = 14.8254, lr_0 = 3.1413e-04
Loss = 4.5148e-02, PNorm = 47.3687, GNorm = 2.9099, lr_0 = 3.1440e-04
Loss = 4.8136e-02, PNorm = 47.3724, GNorm = 7.3793, lr_0 = 3.1468e-04
Loss = 6.1642e-02, PNorm = 47.3749, GNorm = 10.7903, lr_0 = 3.1495e-04
Loss = 9.5125e-02, PNorm = 47.3772, GNorm = 27.2977, lr_0 = 3.1522e-04
Loss = 6.9108e-02, PNorm = 47.3813, GNorm = 17.3112, lr_0 = 3.1549e-04
Loss = 7.0136e-02, PNorm = 47.3850, GNorm = 18.3369, lr_0 = 3.1576e-04
Loss = 4.5640e-02, PNorm = 47.3881, GNorm = 5.4185, lr_0 = 3.1603e-04
Loss = 6.3505e-02, PNorm = 47.3900, GNorm = 27.6537, lr_0 = 3.1631e-04
Loss = 9.6457e-02, PNorm = 47.3928, GNorm = 8.5329, lr_0 = 3.1658e-04
Loss = 6.9417e-02, PNorm = 47.3964, GNorm = 5.4519, lr_0 = 3.1685e-04
Loss = 6.2249e-02, PNorm = 47.3995, GNorm = 8.9965, lr_0 = 3.1712e-04
Loss = 6.2170e-02, PNorm = 47.4015, GNorm = 9.9817, lr_0 = 3.1739e-04
Loss = 5.4598e-02, PNorm = 47.4052, GNorm = 10.1009, lr_0 = 3.1766e-04
Loss = 7.0742e-02, PNorm = 47.4087, GNorm = 18.9916, lr_0 = 3.1794e-04
Loss = 7.5274e-02, PNorm = 47.4125, GNorm = 9.8326, lr_0 = 3.1821e-04
Loss = 5.8284e-02, PNorm = 47.4154, GNorm = 11.3770, lr_0 = 3.1848e-04
Loss = 4.9750e-02, PNorm = 47.4182, GNorm = 9.9408, lr_0 = 3.1875e-04
Loss = 4.6526e-02, PNorm = 47.4212, GNorm = 9.5506, lr_0 = 3.1902e-04
Loss = 6.2833e-02, PNorm = 47.4240, GNorm = 7.8180, lr_0 = 3.1929e-04
Loss = 5.5011e-02, PNorm = 47.4269, GNorm = 4.1513, lr_0 = 3.1957e-04
Loss = 4.4251e-02, PNorm = 47.4298, GNorm = 3.1356, lr_0 = 3.1984e-04
Loss = 6.5536e-02, PNorm = 47.4319, GNorm = 5.3031, lr_0 = 3.2011e-04
Loss = 6.6764e-02, PNorm = 47.4361, GNorm = 15.2177, lr_0 = 3.2038e-04
Loss = 6.5450e-02, PNorm = 47.4400, GNorm = 23.0531, lr_0 = 3.2065e-04
Loss = 6.3435e-02, PNorm = 47.4433, GNorm = 3.6935, lr_0 = 3.2092e-04
Loss = 5.9129e-02, PNorm = 47.4465, GNorm = 16.8328, lr_0 = 3.2120e-04
Loss = 4.7182e-02, PNorm = 47.4497, GNorm = 5.8300, lr_0 = 3.2147e-04
Loss = 5.4472e-02, PNorm = 47.4535, GNorm = 7.0714, lr_0 = 3.2174e-04
Loss = 7.3886e-02, PNorm = 47.4560, GNorm = 25.0241, lr_0 = 3.2201e-04
Loss = 8.0885e-02, PNorm = 47.4584, GNorm = 8.2686, lr_0 = 3.2228e-04
Loss = 6.4317e-02, PNorm = 47.4621, GNorm = 3.0199, lr_0 = 3.2255e-04
Loss = 4.6703e-02, PNorm = 47.4656, GNorm = 3.4813, lr_0 = 3.2283e-04
Loss = 6.5833e-02, PNorm = 47.4695, GNorm = 19.5342, lr_0 = 3.2310e-04
Loss = 1.1325e-01, PNorm = 47.4734, GNorm = 41.5680, lr_0 = 3.2337e-04
Loss = 8.8517e-02, PNorm = 47.4781, GNorm = 8.9618, lr_0 = 3.2364e-04
Loss = 6.3653e-02, PNorm = 47.4837, GNorm = 12.7061, lr_0 = 3.2391e-04
Loss = 5.7491e-02, PNorm = 47.4890, GNorm = 2.1025, lr_0 = 3.2418e-04
Loss = 5.8416e-02, PNorm = 47.4927, GNorm = 15.3527, lr_0 = 3.2446e-04
Loss = 9.6930e-02, PNorm = 47.4965, GNorm = 15.3889, lr_0 = 3.2473e-04
Loss = 7.7443e-02, PNorm = 47.5017, GNorm = 13.7889, lr_0 = 3.2500e-04
Loss = 9.1135e-02, PNorm = 47.5056, GNorm = 14.9623, lr_0 = 3.2527e-04
Loss = 9.4353e-02, PNorm = 47.5088, GNorm = 3.2982, lr_0 = 3.2554e-04
Loss = 6.5033e-02, PNorm = 47.5147, GNorm = 8.9119, lr_0 = 3.2582e-04
Loss = 5.6031e-02, PNorm = 47.5185, GNorm = 4.9445, lr_0 = 3.2609e-04
Loss = 6.5592e-02, PNorm = 47.5206, GNorm = 17.0638, lr_0 = 3.2636e-04
Loss = 6.7983e-02, PNorm = 47.5233, GNorm = 13.8257, lr_0 = 3.2663e-04
Loss = 5.9162e-02, PNorm = 47.5267, GNorm = 11.7748, lr_0 = 3.2690e-04
Loss = 4.5727e-02, PNorm = 47.5302, GNorm = 9.6193, lr_0 = 3.2717e-04
Loss = 5.2147e-02, PNorm = 47.5321, GNorm = 16.3898, lr_0 = 3.2745e-04
Loss = 7.3027e-02, PNorm = 47.5368, GNorm = 3.4110, lr_0 = 3.2772e-04
Loss = 8.3043e-02, PNorm = 47.5409, GNorm = 4.1920, lr_0 = 3.2799e-04
Loss = 5.4269e-02, PNorm = 47.5463, GNorm = 2.7732, lr_0 = 3.2826e-04
Loss = 4.8235e-02, PNorm = 47.5498, GNorm = 5.2304, lr_0 = 3.2853e-04
Loss = 4.7260e-02, PNorm = 47.5523, GNorm = 4.5806, lr_0 = 3.2880e-04
Loss = 5.8076e-02, PNorm = 47.5541, GNorm = 7.0271, lr_0 = 3.2908e-04
Loss = 4.7201e-02, PNorm = 47.5579, GNorm = 3.6458, lr_0 = 3.2935e-04
Loss = 4.3453e-02, PNorm = 47.5611, GNorm = 3.7564, lr_0 = 3.2962e-04
Loss = 4.4035e-02, PNorm = 47.5637, GNorm = 7.2503, lr_0 = 3.2989e-04
Loss = 4.4993e-02, PNorm = 47.5666, GNorm = 16.4032, lr_0 = 3.3016e-04
Loss = 4.8534e-02, PNorm = 47.5690, GNorm = 7.2957, lr_0 = 3.3043e-04
Loss = 5.6207e-02, PNorm = 47.5698, GNorm = 4.8558, lr_0 = 3.3071e-04
Loss = 8.3392e-02, PNorm = 47.5717, GNorm = 8.2104, lr_0 = 3.3098e-04
Loss = 9.8417e-02, PNorm = 47.5767, GNorm = 20.8239, lr_0 = 3.3125e-04
Loss = 8.3114e-02, PNorm = 47.5818, GNorm = 28.2318, lr_0 = 3.3152e-04
Loss = 6.8757e-02, PNorm = 47.5865, GNorm = 3.8910, lr_0 = 3.3179e-04
Loss = 5.6568e-02, PNorm = 47.5897, GNorm = 4.7312, lr_0 = 3.3206e-04
Loss = 5.3499e-02, PNorm = 47.5937, GNorm = 2.7435, lr_0 = 3.3234e-04
Loss = 6.4902e-02, PNorm = 47.5981, GNorm = 14.1512, lr_0 = 3.3261e-04
Loss = 7.1371e-02, PNorm = 47.6026, GNorm = 18.0836, lr_0 = 3.3288e-04
Loss = 5.9591e-02, PNorm = 47.6062, GNorm = 5.0282, lr_0 = 3.3315e-04
Loss = 4.6572e-02, PNorm = 47.6108, GNorm = 5.2042, lr_0 = 3.3342e-04
Loss = 4.4812e-02, PNorm = 47.6154, GNorm = 7.8032, lr_0 = 3.3369e-04
Loss = 5.7186e-02, PNorm = 47.6178, GNorm = 9.4324, lr_0 = 3.3397e-04
Loss = 4.6476e-02, PNorm = 47.6206, GNorm = 11.2286, lr_0 = 3.3424e-04
Loss = 4.8078e-02, PNorm = 47.6231, GNorm = 11.0509, lr_0 = 3.3451e-04
Loss = 4.4334e-02, PNorm = 47.6257, GNorm = 4.0042, lr_0 = 3.3478e-04
Loss = 4.7805e-02, PNorm = 47.6278, GNorm = 3.5439, lr_0 = 3.3505e-04
Loss = 3.7977e-02, PNorm = 47.6301, GNorm = 3.3284, lr_0 = 3.3532e-04
Loss = 4.5431e-02, PNorm = 47.6336, GNorm = 2.5993, lr_0 = 3.3560e-04
Loss = 4.0715e-02, PNorm = 47.6360, GNorm = 1.8599, lr_0 = 3.3587e-04
Loss = 4.0307e-02, PNorm = 47.6386, GNorm = 9.0332, lr_0 = 3.3614e-04
Loss = 4.8821e-02, PNorm = 47.6405, GNorm = 13.8459, lr_0 = 3.3641e-04
Loss = 5.1322e-02, PNorm = 47.6429, GNorm = 2.3087, lr_0 = 3.3668e-04
Loss = 4.8193e-02, PNorm = 47.6475, GNorm = 3.6886, lr_0 = 3.3696e-04
Loss = 3.8327e-02, PNorm = 47.6501, GNorm = 3.1502, lr_0 = 3.3723e-04
Loss = 3.8686e-02, PNorm = 47.6523, GNorm = 12.3310, lr_0 = 3.3750e-04
Loss = 4.3369e-02, PNorm = 47.6546, GNorm = 5.0576, lr_0 = 3.3777e-04
Loss = 4.3592e-02, PNorm = 47.6561, GNorm = 4.1468, lr_0 = 3.3804e-04
Loss = 5.4917e-02, PNorm = 47.6586, GNorm = 7.6163, lr_0 = 3.3831e-04
Loss = 7.0504e-02, PNorm = 47.6624, GNorm = 3.8084, lr_0 = 3.3859e-04
Loss = 7.2263e-02, PNorm = 47.6645, GNorm = 14.2764, lr_0 = 3.3886e-04
Loss = 7.0230e-02, PNorm = 47.6687, GNorm = 9.3534, lr_0 = 3.3913e-04
Loss = 9.0210e-02, PNorm = 47.6716, GNorm = 8.6126, lr_0 = 3.3940e-04
Loss = 5.5088e-02, PNorm = 47.6755, GNorm = 6.1236, lr_0 = 3.3967e-04
Loss = 5.9891e-02, PNorm = 47.6802, GNorm = 5.5241, lr_0 = 3.3994e-04
Loss = 9.0622e-02, PNorm = 47.6855, GNorm = 19.0789, lr_0 = 3.4022e-04
Loss = 7.7554e-02, PNorm = 47.6902, GNorm = 7.3842, lr_0 = 3.4049e-04
Loss = 5.4383e-02, PNorm = 47.6940, GNorm = 1.9650, lr_0 = 3.4076e-04
Loss = 4.5040e-02, PNorm = 47.6979, GNorm = 2.0061, lr_0 = 3.4103e-04
Loss = 6.3615e-02, PNorm = 47.7001, GNorm = 13.0516, lr_0 = 3.4130e-04
Loss = 8.0807e-02, PNorm = 47.7029, GNorm = 5.6292, lr_0 = 3.4157e-04
Loss = 6.4911e-02, PNorm = 47.7081, GNorm = 3.5075, lr_0 = 3.4185e-04
Loss = 5.5978e-02, PNorm = 47.7124, GNorm = 15.6396, lr_0 = 3.4212e-04
Loss = 5.9972e-02, PNorm = 47.7160, GNorm = 11.0841, lr_0 = 3.4239e-04
Loss = 4.8664e-02, PNorm = 47.7197, GNorm = 7.5133, lr_0 = 3.4266e-04
Loss = 4.1948e-02, PNorm = 47.7225, GNorm = 4.0688, lr_0 = 3.4293e-04
Loss = 3.6128e-02, PNorm = 47.7257, GNorm = 2.6275, lr_0 = 3.4320e-04
Loss = 3.8319e-02, PNorm = 47.7280, GNorm = 2.5005, lr_0 = 3.4348e-04
Loss = 4.0219e-02, PNorm = 47.7302, GNorm = 6.6617, lr_0 = 3.4375e-04
Loss = 5.5464e-02, PNorm = 47.7333, GNorm = 13.8395, lr_0 = 3.4402e-04
Loss = 5.1568e-02, PNorm = 47.7359, GNorm = 5.6414, lr_0 = 3.4429e-04
Loss = 4.2821e-02, PNorm = 47.7403, GNorm = 1.6911, lr_0 = 3.4456e-04
Loss = 6.6766e-02, PNorm = 47.7426, GNorm = 5.1180, lr_0 = 3.4483e-04
Loss = 7.0568e-02, PNorm = 47.7456, GNorm = 2.5226, lr_0 = 3.4511e-04
Loss = 1.2064e-01, PNorm = 47.7507, GNorm = 5.0064, lr_0 = 3.4538e-04
Loss = 9.5157e-02, PNorm = 47.7560, GNorm = 7.2157, lr_0 = 3.4565e-04
Loss = 6.1120e-02, PNorm = 47.7604, GNorm = 3.6342, lr_0 = 3.4592e-04
Loss = 5.8181e-02, PNorm = 47.7655, GNorm = 1.9175, lr_0 = 3.4619e-04
Loss = 5.5293e-02, PNorm = 47.7704, GNorm = 10.0406, lr_0 = 3.4646e-04
Loss = 4.6961e-02, PNorm = 47.7756, GNorm = 2.3002, lr_0 = 3.4674e-04
Loss = 4.2086e-02, PNorm = 47.7802, GNorm = 3.6870, lr_0 = 3.4701e-04
Loss = 4.1816e-02, PNorm = 47.7847, GNorm = 1.6655, lr_0 = 3.4728e-04
Loss = 5.0194e-02, PNorm = 47.7878, GNorm = 5.0129, lr_0 = 3.4755e-04
Loss = 4.3052e-02, PNorm = 47.7913, GNorm = 2.8167, lr_0 = 3.4782e-04
Loss = 5.3226e-02, PNorm = 47.7946, GNorm = 15.2394, lr_0 = 3.4810e-04
Loss = 5.0464e-02, PNorm = 47.7993, GNorm = 12.9841, lr_0 = 3.4837e-04
Loss = 4.2634e-02, PNorm = 47.8021, GNorm = 4.4125, lr_0 = 3.4864e-04
Loss = 3.8496e-02, PNorm = 47.8053, GNorm = 3.0092, lr_0 = 3.4891e-04
Loss = 3.5884e-02, PNorm = 47.8087, GNorm = 7.5434, lr_0 = 3.4918e-04
Loss = 3.9543e-02, PNorm = 47.8108, GNorm = 2.0630, lr_0 = 3.4945e-04
Loss = 3.5909e-02, PNorm = 47.8127, GNorm = 4.2560, lr_0 = 3.4973e-04
Loss = 4.7709e-02, PNorm = 47.8148, GNorm = 7.5050, lr_0 = 3.5000e-04
Loss = 3.4490e-02, PNorm = 47.8172, GNorm = 1.8226, lr_0 = 3.5027e-04
Loss = 3.3230e-02, PNorm = 47.8183, GNorm = 1.2912, lr_0 = 3.5054e-04
Loss = 4.2761e-02, PNorm = 47.8214, GNorm = 2.4419, lr_0 = 3.5081e-04
Loss = 4.1047e-02, PNorm = 47.8242, GNorm = 10.2485, lr_0 = 3.5108e-04
Loss = 4.5941e-02, PNorm = 47.8274, GNorm = 9.7607, lr_0 = 3.5136e-04
Loss = 6.1088e-02, PNorm = 47.8298, GNorm = 15.8652, lr_0 = 3.5163e-04
Loss = 8.1312e-02, PNorm = 47.8319, GNorm = 18.5159, lr_0 = 3.5190e-04
Loss = 6.9584e-02, PNorm = 47.8370, GNorm = 5.3806, lr_0 = 3.5217e-04
Loss = 5.6494e-02, PNorm = 47.8427, GNorm = 4.4156, lr_0 = 3.5244e-04
Loss = 5.8025e-02, PNorm = 47.8474, GNorm = 3.5885, lr_0 = 3.5271e-04
Loss = 5.9403e-02, PNorm = 47.8521, GNorm = 7.4839, lr_0 = 3.5299e-04
Loss = 4.4971e-02, PNorm = 47.8581, GNorm = 2.0809, lr_0 = 3.5326e-04
Loss = 4.2053e-02, PNorm = 47.8637, GNorm = 1.9685, lr_0 = 3.5353e-04
Loss = 3.5504e-02, PNorm = 47.8667, GNorm = 2.4243, lr_0 = 3.5380e-04
Loss = 3.4947e-02, PNorm = 47.8695, GNorm = 3.7328, lr_0 = 3.5407e-04
Loss = 4.4467e-02, PNorm = 47.8721, GNorm = 3.6945, lr_0 = 3.5434e-04
Loss = 3.7703e-02, PNorm = 47.8746, GNorm = 4.7919, lr_0 = 3.5462e-04
Loss = 4.2357e-02, PNorm = 47.8774, GNorm = 5.7730, lr_0 = 3.5489e-04
Loss = 4.2251e-02, PNorm = 47.8810, GNorm = 5.0536, lr_0 = 3.5516e-04
Loss = 4.0791e-02, PNorm = 47.8841, GNorm = 2.8204, lr_0 = 3.5543e-04
Loss = 3.6981e-02, PNorm = 47.8864, GNorm = 2.1481, lr_0 = 3.5570e-04
Loss = 4.1411e-02, PNorm = 47.8896, GNorm = 3.6978, lr_0 = 3.5597e-04
Loss = 3.4598e-02, PNorm = 47.8931, GNorm = 4.8734, lr_0 = 3.5625e-04
Loss = 3.4966e-02, PNorm = 47.8965, GNorm = 2.7764, lr_0 = 3.5652e-04
Loss = 3.3996e-02, PNorm = 47.8992, GNorm = 5.6355, lr_0 = 3.5679e-04
Loss = 3.1863e-02, PNorm = 47.9017, GNorm = 4.4220, lr_0 = 3.5706e-04
Loss = 4.3876e-02, PNorm = 47.9042, GNorm = 5.7907, lr_0 = 3.5733e-04
Loss = 3.6583e-02, PNorm = 47.9069, GNorm = 1.4142, lr_0 = 3.5760e-04
Loss = 3.9857e-02, PNorm = 47.9110, GNorm = 3.0122, lr_0 = 3.5788e-04
Loss = 4.6763e-02, PNorm = 47.9145, GNorm = 2.3993, lr_0 = 3.5815e-04
Loss = 3.5968e-02, PNorm = 47.9171, GNorm = 1.9510, lr_0 = 3.5842e-04
Loss = 3.0503e-02, PNorm = 47.9191, GNorm = 1.5427, lr_0 = 3.5869e-04
Loss = 3.4837e-02, PNorm = 47.9202, GNorm = 10.0504, lr_0 = 3.5896e-04
Loss = 4.7503e-02, PNorm = 47.9232, GNorm = 2.3538, lr_0 = 3.5923e-04
Loss = 3.2904e-02, PNorm = 47.9264, GNorm = 1.3783, lr_0 = 3.5951e-04
Loss = 4.1023e-02, PNorm = 47.9297, GNorm = 3.2042, lr_0 = 3.5978e-04
Loss = 4.1319e-02, PNorm = 47.9334, GNorm = 4.3102, lr_0 = 3.6005e-04
Loss = 3.8719e-02, PNorm = 47.9367, GNorm = 3.1733, lr_0 = 3.6032e-04
Loss = 4.0255e-02, PNorm = 47.9390, GNorm = 2.8830, lr_0 = 3.6059e-04
Loss = 5.7797e-02, PNorm = 47.9402, GNorm = 7.2017, lr_0 = 3.6087e-04
Loss = 4.5852e-02, PNorm = 47.9426, GNorm = 1.6936, lr_0 = 3.6114e-04
Loss = 6.1450e-02, PNorm = 47.9458, GNorm = 13.2823, lr_0 = 3.6141e-04
Loss = 4.9156e-02, PNorm = 47.9500, GNorm = 7.2435, lr_0 = 3.6168e-04
Loss = 4.3530e-02, PNorm = 47.9562, GNorm = 2.0567, lr_0 = 3.6195e-04
Loss = 3.7131e-02, PNorm = 47.9602, GNorm = 10.9202, lr_0 = 3.6222e-04
Loss = 4.6740e-02, PNorm = 47.9633, GNorm = 4.7375, lr_0 = 3.6250e-04
Loss = 3.7427e-02, PNorm = 47.9667, GNorm = 5.8511, lr_0 = 3.6277e-04
Loss = 4.5256e-02, PNorm = 47.9705, GNorm = 9.8006, lr_0 = 3.6304e-04
Loss = 3.5816e-02, PNorm = 47.9753, GNorm = 4.3097, lr_0 = 3.6331e-04
Loss = 4.4681e-02, PNorm = 47.9798, GNorm = 2.0904, lr_0 = 3.6358e-04
Loss = 4.5526e-02, PNorm = 47.9832, GNorm = 2.8001, lr_0 = 3.6385e-04
Loss = 4.6570e-02, PNorm = 47.9867, GNorm = 2.0030, lr_0 = 3.6413e-04
Loss = 4.3901e-02, PNorm = 47.9897, GNorm = 6.9702, lr_0 = 3.6440e-04
Loss = 3.7378e-02, PNorm = 47.9944, GNorm = 1.6297, lr_0 = 3.6467e-04
Loss = 4.2044e-02, PNorm = 47.9978, GNorm = 2.3742, lr_0 = 3.6494e-04
Loss = 3.8311e-02, PNorm = 48.0009, GNorm = 3.6301, lr_0 = 3.6521e-04
Loss = 3.7765e-02, PNorm = 48.0039, GNorm = 2.0389, lr_0 = 3.6548e-04
Loss = 4.5435e-02, PNorm = 48.0065, GNorm = 4.9283, lr_0 = 3.6576e-04
Loss = 3.8842e-02, PNorm = 48.0100, GNorm = 2.2638, lr_0 = 3.6603e-04
Loss = 3.6397e-02, PNorm = 48.0142, GNorm = 1.7759, lr_0 = 3.6630e-04
Loss = 2.7979e-02, PNorm = 48.0179, GNorm = 1.8391, lr_0 = 3.6657e-04
Loss = 3.3160e-02, PNorm = 48.0230, GNorm = 5.2641, lr_0 = 3.6684e-04
Loss = 4.7903e-02, PNorm = 48.0260, GNorm = 2.7896, lr_0 = 3.6711e-04
Loss = 6.4545e-02, PNorm = 48.0290, GNorm = 11.3974, lr_0 = 3.6739e-04
Loss = 4.8662e-02, PNorm = 48.0330, GNorm = 2.7850, lr_0 = 3.6766e-04
Loss = 5.2271e-02, PNorm = 48.0375, GNorm = 5.1818, lr_0 = 3.6793e-04
Loss = 4.0618e-02, PNorm = 48.0428, GNorm = 6.2733, lr_0 = 3.6820e-04
Loss = 3.9923e-02, PNorm = 48.0456, GNorm = 2.1920, lr_0 = 3.6847e-04
Loss = 4.4447e-02, PNorm = 48.0479, GNorm = 3.5468, lr_0 = 3.6874e-04
Loss = 4.0665e-02, PNorm = 48.0519, GNorm = 2.0759, lr_0 = 3.6902e-04
Loss = 4.2741e-02, PNorm = 48.0544, GNorm = 3.4153, lr_0 = 3.6929e-04
Loss = 4.1005e-02, PNorm = 48.0557, GNorm = 8.2944, lr_0 = 3.6956e-04
Loss = 4.5341e-02, PNorm = 48.0586, GNorm = 9.2618, lr_0 = 3.6983e-04
Loss = 4.6045e-02, PNorm = 48.0640, GNorm = 8.1079, lr_0 = 3.7010e-04
Loss = 3.7819e-02, PNorm = 48.0687, GNorm = 2.7325, lr_0 = 3.7037e-04
Loss = 3.5095e-02, PNorm = 48.0716, GNorm = 6.0904, lr_0 = 3.7065e-04
Loss = 4.1282e-02, PNorm = 48.0748, GNorm = 5.1767, lr_0 = 3.7092e-04
Loss = 3.2504e-02, PNorm = 48.0773, GNorm = 6.2611, lr_0 = 3.7119e-04
Loss = 4.1991e-02, PNorm = 48.0798, GNorm = 2.4716, lr_0 = 3.7146e-04
Loss = 4.3811e-02, PNorm = 48.0828, GNorm = 1.8311, lr_0 = 3.7173e-04
Loss = 4.4393e-02, PNorm = 48.0856, GNorm = 6.2407, lr_0 = 3.7201e-04
Loss = 3.5447e-02, PNorm = 48.0886, GNorm = 7.5730, lr_0 = 3.7228e-04
Loss = 4.0577e-02, PNorm = 48.0899, GNorm = 8.0091, lr_0 = 3.7255e-04
Loss = 3.5547e-02, PNorm = 48.0930, GNorm = 2.8546, lr_0 = 3.7282e-04
Loss = 4.0212e-02, PNorm = 48.0962, GNorm = 1.8083, lr_0 = 3.7309e-04
Loss = 3.7858e-02, PNorm = 48.0991, GNorm = 4.9860, lr_0 = 3.7336e-04
Loss = 3.9456e-02, PNorm = 48.1016, GNorm = 1.5782, lr_0 = 3.7364e-04
Loss = 4.6634e-02, PNorm = 48.1064, GNorm = 12.8644, lr_0 = 3.7391e-04
Loss = 5.3178e-02, PNorm = 48.1110, GNorm = 3.2208, lr_0 = 3.7418e-04
Loss = 4.0021e-02, PNorm = 48.1162, GNorm = 1.8952, lr_0 = 3.7445e-04
Loss = 4.4967e-02, PNorm = 48.1197, GNorm = 4.2212, lr_0 = 3.7472e-04
Loss = 4.9134e-02, PNorm = 48.1233, GNorm = 10.6204, lr_0 = 3.7499e-04
Loss = 6.4146e-02, PNorm = 48.1272, GNorm = 2.7501, lr_0 = 3.7527e-04
Loss = 9.1074e-02, PNorm = 48.1316, GNorm = 10.3948, lr_0 = 3.7554e-04
Loss = 6.6089e-02, PNorm = 48.1387, GNorm = 11.2412, lr_0 = 3.7581e-04
Loss = 6.4412e-02, PNorm = 48.1440, GNorm = 6.3457, lr_0 = 3.7608e-04
Loss = 5.3624e-02, PNorm = 48.1499, GNorm = 5.4526, lr_0 = 3.7635e-04
Loss = 4.5540e-02, PNorm = 48.1570, GNorm = 5.0750, lr_0 = 3.7662e-04
Loss = 4.7418e-02, PNorm = 48.1615, GNorm = 2.3839, lr_0 = 3.7690e-04
Loss = 3.9580e-02, PNorm = 48.1655, GNorm = 2.6446, lr_0 = 3.7717e-04
Loss = 3.9250e-02, PNorm = 48.1701, GNorm = 2.8708, lr_0 = 3.7744e-04
Loss = 4.2239e-02, PNorm = 48.1716, GNorm = 2.0970, lr_0 = 3.7771e-04
Loss = 4.9709e-02, PNorm = 48.1754, GNorm = 5.9879, lr_0 = 3.7798e-04
Loss = 4.5458e-02, PNorm = 48.1812, GNorm = 1.7462, lr_0 = 3.7825e-04
Loss = 4.3330e-02, PNorm = 48.1862, GNorm = 1.6343, lr_0 = 3.7853e-04
Loss = 3.7863e-02, PNorm = 48.1895, GNorm = 3.9764, lr_0 = 3.7880e-04
Loss = 3.8599e-02, PNorm = 48.1917, GNorm = 3.5638, lr_0 = 3.7907e-04
Loss = 4.1332e-02, PNorm = 48.1941, GNorm = 8.5677, lr_0 = 3.7934e-04
Loss = 3.4745e-02, PNorm = 48.1977, GNorm = 1.4189, lr_0 = 3.7961e-04
Loss = 3.7062e-02, PNorm = 48.2003, GNorm = 1.3205, lr_0 = 3.7988e-04
Loss = 3.8412e-02, PNorm = 48.2038, GNorm = 2.9007, lr_0 = 3.8016e-04
Loss = 3.9441e-02, PNorm = 48.2078, GNorm = 2.8665, lr_0 = 3.8043e-04
Loss = 3.6412e-02, PNorm = 48.2125, GNorm = 3.0864, lr_0 = 3.8070e-04
Loss = 3.6715e-02, PNorm = 48.2151, GNorm = 7.1865, lr_0 = 3.8097e-04
Loss = 4.1132e-02, PNorm = 48.2186, GNorm = 2.2220, lr_0 = 3.8124e-04
Loss = 3.3469e-02, PNorm = 48.2233, GNorm = 1.6541, lr_0 = 3.8151e-04
Loss = 3.8754e-02, PNorm = 48.2265, GNorm = 9.5236, lr_0 = 3.8179e-04
Loss = 4.7482e-02, PNorm = 48.2304, GNorm = 1.6043, lr_0 = 3.8206e-04
Loss = 5.6076e-02, PNorm = 48.2338, GNorm = 11.4473, lr_0 = 3.8233e-04
Loss = 4.3578e-02, PNorm = 48.2379, GNorm = 4.8137, lr_0 = 3.8260e-04
Loss = 3.4246e-02, PNorm = 48.2420, GNorm = 1.8163, lr_0 = 3.8287e-04
Loss = 3.9459e-02, PNorm = 48.2459, GNorm = 1.9756, lr_0 = 3.8315e-04
Loss = 3.3562e-02, PNorm = 48.2494, GNorm = 3.4707, lr_0 = 3.8342e-04
Loss = 3.9016e-02, PNorm = 48.2524, GNorm = 1.6796, lr_0 = 3.8369e-04
Loss = 3.8609e-02, PNorm = 48.2567, GNorm = 4.1465, lr_0 = 3.8396e-04
Loss = 4.4961e-02, PNorm = 48.2613, GNorm = 1.8722, lr_0 = 3.8423e-04
Loss = 3.2627e-02, PNorm = 48.2643, GNorm = 2.7008, lr_0 = 3.8450e-04
Loss = 4.8053e-02, PNorm = 48.2680, GNorm = 6.5059, lr_0 = 3.8478e-04
Loss = 3.3901e-02, PNorm = 48.2711, GNorm = 3.1130, lr_0 = 3.8505e-04
Loss = 3.8860e-02, PNorm = 48.2742, GNorm = 6.1220, lr_0 = 3.8532e-04
Loss = 4.1085e-02, PNorm = 48.2782, GNorm = 1.9146, lr_0 = 3.8559e-04
Loss = 3.4006e-02, PNorm = 48.2824, GNorm = 1.7343, lr_0 = 3.8586e-04
Loss = 3.1752e-02, PNorm = 48.2876, GNorm = 1.2737, lr_0 = 3.8613e-04
Loss = 3.6149e-02, PNorm = 48.2921, GNorm = 8.0410, lr_0 = 3.8641e-04
Loss = 3.2473e-02, PNorm = 48.2948, GNorm = 1.9611, lr_0 = 3.8668e-04
Loss = 3.4846e-02, PNorm = 48.2988, GNorm = 6.1538, lr_0 = 3.8695e-04
Loss = 2.7828e-02, PNorm = 48.3024, GNorm = 2.1231, lr_0 = 3.8722e-04
Loss = 2.9878e-02, PNorm = 48.3068, GNorm = 4.5002, lr_0 = 3.8749e-04
Loss = 3.8056e-02, PNorm = 48.3111, GNorm = 2.7487, lr_0 = 3.8776e-04
Loss = 3.2802e-02, PNorm = 48.3151, GNorm = 3.2129, lr_0 = 3.8804e-04
Loss = 3.3105e-02, PNorm = 48.3182, GNorm = 1.9286, lr_0 = 3.8831e-04
Loss = 3.1245e-02, PNorm = 48.3217, GNorm = 2.8162, lr_0 = 3.8858e-04
Loss = 3.3140e-02, PNorm = 48.3238, GNorm = 3.7669, lr_0 = 3.8885e-04
Loss = 4.0304e-02, PNorm = 48.3272, GNorm = 5.6775, lr_0 = 3.8912e-04
Loss = 3.8926e-02, PNorm = 48.3306, GNorm = 11.0343, lr_0 = 3.8939e-04
Loss = 4.1695e-02, PNorm = 48.3328, GNorm = 1.6444, lr_0 = 3.8967e-04
Loss = 3.3577e-02, PNorm = 48.3363, GNorm = 1.2931, lr_0 = 3.8994e-04
Loss = 3.4036e-02, PNorm = 48.3398, GNorm = 2.3075, lr_0 = 3.9021e-04
Loss = 4.0317e-02, PNorm = 48.3430, GNorm = 6.8630, lr_0 = 3.9048e-04
Loss = 3.9810e-02, PNorm = 48.3476, GNorm = 3.6172, lr_0 = 3.9075e-04
Loss = 3.3913e-02, PNorm = 48.3530, GNorm = 1.4736, lr_0 = 3.9102e-04
Loss = 4.0022e-02, PNorm = 48.3575, GNorm = 8.8692, lr_0 = 3.9130e-04
Loss = 3.7883e-02, PNorm = 48.3599, GNorm = 3.9811, lr_0 = 3.9157e-04
Loss = 3.2752e-02, PNorm = 48.3633, GNorm = 1.6101, lr_0 = 3.9184e-04
Loss = 3.5697e-02, PNorm = 48.3664, GNorm = 4.8952, lr_0 = 3.9211e-04
Loss = 3.0839e-02, PNorm = 48.3696, GNorm = 2.5710, lr_0 = 3.9238e-04
Loss = 3.2362e-02, PNorm = 48.3740, GNorm = 9.4490, lr_0 = 3.9265e-04
Loss = 5.1104e-02, PNorm = 48.3795, GNorm = 6.4206, lr_0 = 3.9293e-04
Loss = 5.9627e-02, PNorm = 48.3846, GNorm = 8.2079, lr_0 = 3.9320e-04
Loss = 4.3954e-02, PNorm = 48.3908, GNorm = 2.0311, lr_0 = 3.9347e-04
Loss = 5.5963e-02, PNorm = 48.3959, GNorm = 10.1720, lr_0 = 3.9374e-04
Loss = 4.5225e-02, PNorm = 48.4015, GNorm = 6.3990, lr_0 = 3.9401e-04
Loss = 4.2762e-02, PNorm = 48.4062, GNorm = 2.1586, lr_0 = 3.9429e-04
Loss = 4.2476e-02, PNorm = 48.4113, GNorm = 6.7770, lr_0 = 3.9456e-04
Loss = 5.3269e-02, PNorm = 48.4168, GNorm = 9.0369, lr_0 = 3.9483e-04
Loss = 4.6593e-02, PNorm = 48.4235, GNorm = 2.1265, lr_0 = 3.9510e-04
Loss = 3.4982e-02, PNorm = 48.4302, GNorm = 1.3815, lr_0 = 3.9537e-04
Loss = 2.9558e-02, PNorm = 48.4347, GNorm = 2.1211, lr_0 = 3.9564e-04
Loss = 5.1224e-02, PNorm = 48.4385, GNorm = 8.8919, lr_0 = 3.9592e-04
Loss = 3.5032e-02, PNorm = 48.4447, GNorm = 2.5428, lr_0 = 3.9619e-04
Loss = 3.2201e-02, PNorm = 48.4488, GNorm = 1.8810, lr_0 = 3.9646e-04
Loss = 3.4978e-02, PNorm = 48.4530, GNorm = 4.0212, lr_0 = 3.9673e-04
Loss = 3.2364e-02, PNorm = 48.4573, GNorm = 2.7206, lr_0 = 3.9700e-04
Loss = 3.6339e-02, PNorm = 48.4587, GNorm = 4.6107, lr_0 = 3.9727e-04
Loss = 4.1236e-02, PNorm = 48.4613, GNorm = 5.8580, lr_0 = 3.9755e-04
Loss = 3.2083e-02, PNorm = 48.4666, GNorm = 1.4563, lr_0 = 3.9782e-04
Loss = 3.7514e-02, PNorm = 48.4709, GNorm = 6.3044, lr_0 = 3.9809e-04
Loss = 6.5829e-02, PNorm = 48.4765, GNorm = 11.3131, lr_0 = 3.9836e-04
Loss = 5.5368e-02, PNorm = 48.4841, GNorm = 5.8001, lr_0 = 3.9863e-04
Loss = 5.6929e-02, PNorm = 48.4920, GNorm = 7.8510, lr_0 = 3.9890e-04
Loss = 4.2248e-02, PNorm = 48.4984, GNorm = 4.2233, lr_0 = 3.9918e-04
Loss = 3.3684e-02, PNorm = 48.5045, GNorm = 1.1429, lr_0 = 3.9945e-04
Loss = 3.5936e-02, PNorm = 48.5102, GNorm = 2.6585, lr_0 = 3.9972e-04
Loss = 3.4809e-02, PNorm = 48.5144, GNorm = 5.8532, lr_0 = 3.9999e-04
Loss = 4.1474e-02, PNorm = 48.5191, GNorm = 2.8249, lr_0 = 4.0026e-04
Loss = 3.2331e-02, PNorm = 48.5235, GNorm = 2.2775, lr_0 = 4.0053e-04
Loss = 3.9324e-02, PNorm = 48.5276, GNorm = 1.8057, lr_0 = 4.0081e-04
Loss = 5.1057e-02, PNorm = 48.5324, GNorm = 1.8474, lr_0 = 4.0108e-04
Loss = 4.7050e-02, PNorm = 48.5372, GNorm = 1.7742, lr_0 = 4.0135e-04
Loss = 4.1829e-02, PNorm = 48.5441, GNorm = 1.4590, lr_0 = 4.0162e-04
Loss = 3.3827e-02, PNorm = 48.5490, GNorm = 3.5010, lr_0 = 4.0189e-04
Loss = 4.3168e-02, PNorm = 48.5517, GNorm = 3.8442, lr_0 = 4.0216e-04
Loss = 4.0809e-02, PNorm = 48.5559, GNorm = 2.7828, lr_0 = 4.0244e-04
Loss = 3.8293e-02, PNorm = 48.5609, GNorm = 2.0035, lr_0 = 4.0271e-04
Loss = 4.3645e-02, PNorm = 48.5634, GNorm = 9.4574, lr_0 = 4.0298e-04
Loss = 3.9675e-02, PNorm = 48.5668, GNorm = 2.6258, lr_0 = 4.0325e-04
Loss = 3.6847e-02, PNorm = 48.5717, GNorm = 1.1486, lr_0 = 4.0352e-04
Loss = 3.5935e-02, PNorm = 48.5762, GNorm = 2.4778, lr_0 = 4.0379e-04
Loss = 3.6094e-02, PNorm = 48.5822, GNorm = 1.4402, lr_0 = 4.0407e-04
Loss = 3.6797e-02, PNorm = 48.5879, GNorm = 2.6532, lr_0 = 4.0434e-04
Loss = 3.4555e-02, PNorm = 48.5942, GNorm = 2.7212, lr_0 = 4.0461e-04
Loss = 2.7121e-02, PNorm = 48.5998, GNorm = 3.0282, lr_0 = 4.0488e-04
Loss = 2.8888e-02, PNorm = 48.6039, GNorm = 1.4647, lr_0 = 4.0515e-04
Loss = 2.8420e-02, PNorm = 48.6064, GNorm = 4.0350, lr_0 = 4.0543e-04
Loss = 2.6233e-02, PNorm = 48.6082, GNorm = 1.7434, lr_0 = 4.0570e-04
Loss = 3.6225e-02, PNorm = 48.6111, GNorm = 1.1706, lr_0 = 4.0597e-04
Loss = 3.4436e-02, PNorm = 48.6145, GNorm = 1.4582, lr_0 = 4.0624e-04
Loss = 3.2743e-02, PNorm = 48.6189, GNorm = 1.4578, lr_0 = 4.0651e-04
Loss = 3.0907e-02, PNorm = 48.6228, GNorm = 1.7167, lr_0 = 4.0678e-04
Loss = 2.6122e-02, PNorm = 48.6260, GNorm = 1.1787, lr_0 = 4.0706e-04
Loss = 2.8177e-02, PNorm = 48.6274, GNorm = 2.4114, lr_0 = 4.0733e-04
Loss = 2.9213e-02, PNorm = 48.6307, GNorm = 5.6875, lr_0 = 4.0760e-04
Loss = 3.0391e-02, PNorm = 48.6326, GNorm = 5.2480, lr_0 = 4.0787e-04
Loss = 2.8490e-02, PNorm = 48.6346, GNorm = 1.4114, lr_0 = 4.0814e-04
Loss = 2.8966e-02, PNorm = 48.6386, GNorm = 2.6784, lr_0 = 4.0841e-04
Loss = 3.6857e-02, PNorm = 48.6414, GNorm = 2.7974, lr_0 = 4.0869e-04
Loss = 2.9391e-02, PNorm = 48.6440, GNorm = 1.3345, lr_0 = 4.0896e-04
Loss = 3.0894e-02, PNorm = 48.6473, GNorm = 3.5551, lr_0 = 4.0923e-04
Loss = 2.9535e-02, PNorm = 48.6509, GNorm = 3.5696, lr_0 = 4.0950e-04
Loss = 3.1305e-02, PNorm = 48.6528, GNorm = 1.5514, lr_0 = 4.0977e-04
Loss = 3.5767e-02, PNorm = 48.6544, GNorm = 1.2851, lr_0 = 4.1004e-04
Loss = 3.5961e-02, PNorm = 48.6587, GNorm = 4.0764, lr_0 = 4.1032e-04
Loss = 3.0025e-02, PNorm = 48.6630, GNorm = 1.2689, lr_0 = 4.1059e-04
Loss = 3.2594e-02, PNorm = 48.6667, GNorm = 1.1717, lr_0 = 4.1086e-04
Loss = 3.2224e-02, PNorm = 48.6697, GNorm = 4.7054, lr_0 = 4.1113e-04
Loss = 3.1118e-02, PNorm = 48.6736, GNorm = 1.7354, lr_0 = 4.1140e-04
Loss = 3.5366e-02, PNorm = 48.6766, GNorm = 4.7457, lr_0 = 4.1167e-04
Loss = 3.1610e-02, PNorm = 48.6792, GNorm = 2.5542, lr_0 = 4.1195e-04
Loss = 3.2528e-02, PNorm = 48.6844, GNorm = 1.6217, lr_0 = 4.1222e-04
Loss = 3.3736e-02, PNorm = 48.6879, GNorm = 2.3908, lr_0 = 4.1249e-04
Loss = 2.7730e-02, PNorm = 48.6920, GNorm = 1.7061, lr_0 = 4.1276e-04
Loss = 3.1832e-02, PNorm = 48.6956, GNorm = 1.8217, lr_0 = 4.1303e-04
Loss = 3.7938e-02, PNorm = 48.6994, GNorm = 5.7115, lr_0 = 4.1330e-04
Loss = 4.3956e-02, PNorm = 48.7046, GNorm = 1.0397, lr_0 = 4.1358e-04
Loss = 5.5138e-02, PNorm = 48.7121, GNorm = 4.7440, lr_0 = 4.1385e-04
Loss = 4.2010e-02, PNorm = 48.7189, GNorm = 3.8811, lr_0 = 4.1412e-04
Loss = 3.4175e-02, PNorm = 48.7263, GNorm = 2.3844, lr_0 = 4.1439e-04
Loss = 3.4158e-02, PNorm = 48.7314, GNorm = 1.8690, lr_0 = 4.1466e-04
Loss = 2.8463e-02, PNorm = 48.7332, GNorm = 1.6516, lr_0 = 4.1493e-04
Loss = 3.1944e-02, PNorm = 48.7364, GNorm = 1.3668, lr_0 = 4.1521e-04
Loss = 2.7348e-02, PNorm = 48.7391, GNorm = 3.0694, lr_0 = 4.1548e-04
Loss = 2.7841e-02, PNorm = 48.7422, GNorm = 1.9511, lr_0 = 4.1575e-04
Loss = 2.3775e-02, PNorm = 48.7466, GNorm = 0.7840, lr_0 = 4.1602e-04
Loss = 3.6399e-02, PNorm = 48.7495, GNorm = 4.6018, lr_0 = 4.1629e-04
Loss = 3.6917e-02, PNorm = 48.7518, GNorm = 2.6755, lr_0 = 4.1657e-04
Loss = 3.4886e-02, PNorm = 48.7566, GNorm = 2.6101, lr_0 = 4.1684e-04
Loss = 3.1009e-02, PNorm = 48.7623, GNorm = 2.2282, lr_0 = 4.1711e-04
Loss = 2.7783e-02, PNorm = 48.7673, GNorm = 1.2529, lr_0 = 4.1738e-04
Loss = 3.1095e-02, PNorm = 48.7696, GNorm = 1.5936, lr_0 = 4.1765e-04
Loss = 2.9421e-02, PNorm = 48.7720, GNorm = 2.6966, lr_0 = 4.1792e-04
Loss = 3.2101e-02, PNorm = 48.7757, GNorm = 1.2230, lr_0 = 4.1820e-04
Loss = 3.0824e-02, PNorm = 48.7799, GNorm = 1.3335, lr_0 = 4.1847e-04
Loss = 3.1063e-02, PNorm = 48.7830, GNorm = 1.6317, lr_0 = 4.1874e-04
Loss = 2.9479e-02, PNorm = 48.7875, GNorm = 1.4764, lr_0 = 4.1901e-04
Loss = 3.4518e-02, PNorm = 48.7919, GNorm = 4.6656, lr_0 = 4.1928e-04
Loss = 3.0911e-02, PNorm = 48.7961, GNorm = 3.4532, lr_0 = 4.1955e-04
Loss = 2.5075e-02, PNorm = 48.7995, GNorm = 1.5173, lr_0 = 4.1983e-04
Loss = 2.9923e-02, PNorm = 48.8025, GNorm = 1.7058, lr_0 = 4.2010e-04
Loss = 2.5394e-02, PNorm = 48.8079, GNorm = 2.6110, lr_0 = 4.2037e-04
Loss = 3.0321e-02, PNorm = 48.8116, GNorm = 2.0174, lr_0 = 4.2064e-04
Loss = 2.7456e-02, PNorm = 48.8176, GNorm = 4.2527, lr_0 = 4.2091e-04
Loss = 3.1709e-02, PNorm = 48.8204, GNorm = 1.2644, lr_0 = 4.2118e-04
Loss = 3.0051e-02, PNorm = 48.8234, GNorm = 3.6917, lr_0 = 4.2146e-04
Loss = 3.1868e-02, PNorm = 48.8279, GNorm = 2.9092, lr_0 = 4.2173e-04
Loss = 2.7915e-02, PNorm = 48.8332, GNorm = 1.5994, lr_0 = 4.2200e-04
Loss = 3.2518e-02, PNorm = 48.8369, GNorm = 7.7904, lr_0 = 4.2227e-04
Loss = 4.6361e-02, PNorm = 48.8402, GNorm = 1.9341, lr_0 = 4.2254e-04
Loss = 4.3823e-02, PNorm = 48.8445, GNorm = 1.5259, lr_0 = 4.2281e-04
Loss = 3.6942e-02, PNorm = 48.8483, GNorm = 4.3502, lr_0 = 4.2309e-04
Loss = 3.5423e-02, PNorm = 48.8553, GNorm = 6.4281, lr_0 = 4.2336e-04
Loss = 4.0930e-02, PNorm = 48.8603, GNorm = 7.2665, lr_0 = 4.2363e-04
Loss = 4.0881e-02, PNorm = 48.8667, GNorm = 3.8405, lr_0 = 4.2390e-04
Loss = 3.5299e-02, PNorm = 48.8744, GNorm = 1.6899, lr_0 = 4.2417e-04
Loss = 4.3707e-02, PNorm = 48.8801, GNorm = 1.1622, lr_0 = 4.2444e-04
Loss = 4.2598e-02, PNorm = 48.8853, GNorm = 1.6072, lr_0 = 4.2472e-04
Loss = 3.4144e-02, PNorm = 48.8911, GNorm = 2.4408, lr_0 = 4.2499e-04
Loss = 2.9030e-02, PNorm = 48.8954, GNorm = 3.0288, lr_0 = 4.2526e-04
Loss = 3.4725e-02, PNorm = 48.8988, GNorm = 3.6684, lr_0 = 4.2553e-04
Loss = 4.0903e-02, PNorm = 48.9042, GNorm = 4.2552, lr_0 = 4.2580e-04
Loss = 3.2451e-02, PNorm = 48.9119, GNorm = 3.2056, lr_0 = 4.2607e-04
Loss = 4.1005e-02, PNorm = 48.9187, GNorm = 3.3122, lr_0 = 4.2635e-04
Loss = 4.9365e-02, PNorm = 48.9238, GNorm = 6.3655, lr_0 = 4.2662e-04
Loss = 6.9657e-02, PNorm = 48.9286, GNorm = 6.9286, lr_0 = 4.2689e-04
Loss = 4.9992e-02, PNorm = 48.9380, GNorm = 1.5952, lr_0 = 4.2716e-04
Loss = 3.4632e-02, PNorm = 48.9471, GNorm = 1.1162, lr_0 = 4.2743e-04
Loss = 3.6735e-02, PNorm = 48.9515, GNorm = 2.3758, lr_0 = 4.2770e-04
Loss = 3.9037e-02, PNorm = 48.9571, GNorm = 1.7285, lr_0 = 4.2798e-04
Loss = 3.4010e-02, PNorm = 48.9640, GNorm = 1.5983, lr_0 = 4.2825e-04
Loss = 3.2785e-02, PNorm = 48.9689, GNorm = 1.3225, lr_0 = 4.2852e-04
Loss = 4.2881e-02, PNorm = 48.9754, GNorm = 7.4565, lr_0 = 4.2879e-04
Loss = 3.4313e-02, PNorm = 48.9827, GNorm = 2.9753, lr_0 = 4.2906e-04
Loss = 3.6859e-02, PNorm = 48.9892, GNorm = 6.4861, lr_0 = 4.2934e-04
Loss = 4.0655e-02, PNorm = 48.9970, GNorm = 4.4747, lr_0 = 4.2961e-04
Loss = 3.4771e-02, PNorm = 49.0043, GNorm = 3.8215, lr_0 = 4.2988e-04
Loss = 3.2734e-02, PNorm = 49.0100, GNorm = 1.9208, lr_0 = 4.3015e-04
Loss = 2.7296e-02, PNorm = 49.0152, GNorm = 4.1090, lr_0 = 4.3042e-04
Loss = 3.3496e-02, PNorm = 49.0190, GNorm = 1.6497, lr_0 = 4.3069e-04
Loss = 3.5118e-02, PNorm = 49.0240, GNorm = 6.0450, lr_0 = 4.3097e-04
Loss = 3.0202e-02, PNorm = 49.0277, GNorm = 2.1456, lr_0 = 4.3124e-04
Loss = 3.2429e-02, PNorm = 49.0319, GNorm = 1.6382, lr_0 = 4.3151e-04
Loss = 3.1079e-02, PNorm = 49.0351, GNorm = 1.5991, lr_0 = 4.3178e-04
Loss = 3.5389e-02, PNorm = 49.0384, GNorm = 2.4685, lr_0 = 4.3205e-04
Loss = 3.0650e-02, PNorm = 49.0422, GNorm = 2.3652, lr_0 = 4.3232e-04
Loss = 3.6862e-02, PNorm = 49.0465, GNorm = 3.1580, lr_0 = 4.3260e-04
Loss = 3.6787e-02, PNorm = 49.0523, GNorm = 3.2816, lr_0 = 4.3287e-04
Loss = 4.5765e-02, PNorm = 49.0591, GNorm = 4.9534, lr_0 = 4.3314e-04
Loss = 4.9897e-02, PNorm = 49.0665, GNorm = 3.6140, lr_0 = 4.3341e-04
Loss = 5.1315e-02, PNorm = 49.0743, GNorm = 5.6588, lr_0 = 4.3368e-04
Loss = 4.4032e-02, PNorm = 49.0814, GNorm = 3.5046, lr_0 = 4.3395e-04
Loss = 4.1390e-02, PNorm = 49.0886, GNorm = 2.0545, lr_0 = 4.3423e-04
Loss = 3.2138e-02, PNorm = 49.0969, GNorm = 1.0803, lr_0 = 4.3450e-04
Loss = 3.0990e-02, PNorm = 49.1010, GNorm = 2.1285, lr_0 = 4.3477e-04
Loss = 2.9393e-02, PNorm = 49.1036, GNorm = 4.2980, lr_0 = 4.3504e-04
Loss = 2.9876e-02, PNorm = 49.1083, GNorm = 2.4689, lr_0 = 4.3531e-04
Loss = 2.8614e-02, PNorm = 49.1133, GNorm = 2.3533, lr_0 = 4.3558e-04
Loss = 2.9502e-02, PNorm = 49.1175, GNorm = 1.1180, lr_0 = 4.3586e-04
Loss = 3.0968e-02, PNorm = 49.1226, GNorm = 1.2327, lr_0 = 4.3613e-04
Loss = 2.9149e-02, PNorm = 49.1289, GNorm = 3.3903, lr_0 = 4.3640e-04
Loss = 3.2074e-02, PNorm = 49.1311, GNorm = 3.0320, lr_0 = 4.3667e-04
Loss = 3.7025e-02, PNorm = 49.1337, GNorm = 3.4499, lr_0 = 4.3694e-04
Loss = 2.9435e-02, PNorm = 49.1395, GNorm = 2.3093, lr_0 = 4.3721e-04
Loss = 3.3168e-02, PNorm = 49.1444, GNorm = 1.0914, lr_0 = 4.3749e-04
Loss = 4.3174e-02, PNorm = 49.1493, GNorm = 2.2240, lr_0 = 4.3776e-04
Loss = 4.1666e-02, PNorm = 49.1547, GNorm = 3.9830, lr_0 = 4.3803e-04
Loss = 3.4115e-02, PNorm = 49.1623, GNorm = 1.1195, lr_0 = 4.3830e-04
Loss = 3.6463e-02, PNorm = 49.1667, GNorm = 3.4235, lr_0 = 4.3857e-04
Loss = 3.2082e-02, PNorm = 49.1715, GNorm = 2.3342, lr_0 = 4.3884e-04
Loss = 3.0215e-02, PNorm = 49.1748, GNorm = 2.2281, lr_0 = 4.3912e-04
Loss = 2.4999e-02, PNorm = 49.1791, GNorm = 1.0491, lr_0 = 4.3939e-04
Loss = 3.0929e-02, PNorm = 49.1829, GNorm = 1.6207, lr_0 = 4.3966e-04
Loss = 3.8581e-02, PNorm = 49.1867, GNorm = 2.9484, lr_0 = 4.3993e-04
Loss = 4.0222e-02, PNorm = 49.1924, GNorm = 3.1680, lr_0 = 4.4020e-04
Loss = 3.7867e-02, PNorm = 49.2025, GNorm = 1.0843, lr_0 = 4.4048e-04
Loss = 2.8097e-02, PNorm = 49.2073, GNorm = 1.1541, lr_0 = 4.4075e-04
Loss = 3.3886e-02, PNorm = 49.2124, GNorm = 1.4449, lr_0 = 4.4102e-04
Loss = 3.1403e-02, PNorm = 49.2164, GNorm = 1.1126, lr_0 = 4.4129e-04
Loss = 2.4042e-02, PNorm = 49.2213, GNorm = 0.8445, lr_0 = 4.4156e-04
Loss = 2.3639e-02, PNorm = 49.2257, GNorm = 1.3060, lr_0 = 4.4183e-04
Loss = 2.6754e-02, PNorm = 49.2294, GNorm = 2.7003, lr_0 = 4.4211e-04
Loss = 3.6288e-02, PNorm = 49.2344, GNorm = 6.4799, lr_0 = 4.4238e-04
Loss = 3.3694e-02, PNorm = 49.2387, GNorm = 1.1847, lr_0 = 4.4265e-04
Loss = 3.7700e-02, PNorm = 49.2472, GNorm = 1.0826, lr_0 = 4.4292e-04
Loss = 2.8482e-02, PNorm = 49.2548, GNorm = 3.2803, lr_0 = 4.4319e-04
Loss = 3.0814e-02, PNorm = 49.2605, GNorm = 0.8596, lr_0 = 4.4346e-04
Loss = 2.6753e-02, PNorm = 49.2649, GNorm = 1.0797, lr_0 = 4.4374e-04
Loss = 2.8829e-02, PNorm = 49.2681, GNorm = 3.3661, lr_0 = 4.4401e-04
Loss = 3.0962e-02, PNorm = 49.2729, GNorm = 3.1822, lr_0 = 4.4428e-04
Loss = 3.1524e-02, PNorm = 49.2781, GNorm = 5.1434, lr_0 = 4.4455e-04
Loss = 3.5965e-02, PNorm = 49.2815, GNorm = 2.1716, lr_0 = 4.4482e-04
Loss = 3.5463e-02, PNorm = 49.2873, GNorm = 3.6586, lr_0 = 4.4509e-04
Loss = 3.5730e-02, PNorm = 49.2933, GNorm = 5.3985, lr_0 = 4.4537e-04
Loss = 4.4101e-02, PNorm = 49.3009, GNorm = 2.2615, lr_0 = 4.4564e-04
Loss = 3.4849e-02, PNorm = 49.3103, GNorm = 2.8805, lr_0 = 4.4591e-04
Loss = 3.5040e-02, PNorm = 49.3165, GNorm = 1.1253, lr_0 = 4.4618e-04
Loss = 2.7961e-02, PNorm = 49.3232, GNorm = 0.9024, lr_0 = 4.4645e-04
Loss = 2.4699e-02, PNorm = 49.3282, GNorm = 1.0188, lr_0 = 4.4672e-04
Loss = 3.1343e-02, PNorm = 49.3328, GNorm = 2.4364, lr_0 = 4.4700e-04
Loss = 2.6674e-02, PNorm = 49.3364, GNorm = 1.0934, lr_0 = 4.4727e-04
Loss = 2.5273e-02, PNorm = 49.3409, GNorm = 1.3203, lr_0 = 4.4754e-04
Loss = 2.6190e-02, PNorm = 49.3465, GNorm = 2.3474, lr_0 = 4.4781e-04
Loss = 2.6549e-02, PNorm = 49.3516, GNorm = 0.9918, lr_0 = 4.4808e-04
Loss = 3.1277e-02, PNorm = 49.3559, GNorm = 1.8080, lr_0 = 4.4835e-04
Loss = 2.8282e-02, PNorm = 49.3608, GNorm = 1.5750, lr_0 = 4.4863e-04
Loss = 2.5375e-02, PNorm = 49.3657, GNorm = 2.8308, lr_0 = 4.4890e-04
Loss = 3.3237e-02, PNorm = 49.3698, GNorm = 0.9495, lr_0 = 4.4917e-04
Loss = 4.4039e-02, PNorm = 49.3765, GNorm = 2.4324, lr_0 = 4.4944e-04
Loss = 2.1713e-02, PNorm = 49.3834, GNorm = 0.9791, lr_0 = 4.4971e-04
Loss = 2.6224e-02, PNorm = 49.3883, GNorm = 1.4780, lr_0 = 4.4998e-04
Loss = 2.2263e-02, PNorm = 49.3920, GNorm = 1.2358, lr_0 = 4.5026e-04
Loss = 2.4833e-02, PNorm = 49.3965, GNorm = 1.2944, lr_0 = 4.5053e-04
Loss = 2.1834e-02, PNorm = 49.4004, GNorm = 1.6332, lr_0 = 4.5080e-04
Loss = 2.3299e-02, PNorm = 49.4023, GNorm = 1.3235, lr_0 = 4.5107e-04
Loss = 2.1863e-02, PNorm = 49.4050, GNorm = 1.1637, lr_0 = 4.5134e-04
Loss = 2.0136e-02, PNorm = 49.4079, GNorm = 3.0704, lr_0 = 4.5162e-04
Loss = 2.1156e-02, PNorm = 49.4138, GNorm = 0.7297, lr_0 = 4.5189e-04
Loss = 2.3586e-02, PNorm = 49.4166, GNorm = 0.9417, lr_0 = 4.5216e-04
Loss = 2.2540e-02, PNorm = 49.4195, GNorm = 1.0249, lr_0 = 4.5243e-04
Loss = 1.9759e-02, PNorm = 49.4232, GNorm = 0.8850, lr_0 = 4.5270e-04
Loss = 2.0999e-02, PNorm = 49.4268, GNorm = 0.9398, lr_0 = 4.5297e-04
Loss = 2.2817e-02, PNorm = 49.4310, GNorm = 0.8895, lr_0 = 4.5325e-04
Loss = 2.4751e-02, PNorm = 49.4341, GNorm = 1.3080, lr_0 = 4.5352e-04
Loss = 2.6702e-02, PNorm = 49.4359, GNorm = 1.6982, lr_0 = 4.5379e-04
Loss = 2.6246e-02, PNorm = 49.4393, GNorm = 2.9100, lr_0 = 4.5406e-04
Loss = 3.1386e-02, PNorm = 49.4434, GNorm = 1.8140, lr_0 = 4.5433e-04
Loss = 2.5264e-02, PNorm = 49.4487, GNorm = 1.8404, lr_0 = 4.5460e-04
Loss = 3.0817e-02, PNorm = 49.4551, GNorm = 1.6687, lr_0 = 4.5488e-04
Loss = 2.6133e-02, PNorm = 49.4594, GNorm = 2.9080, lr_0 = 4.5515e-04
Loss = 2.5754e-02, PNorm = 49.4634, GNorm = 2.9182, lr_0 = 4.5542e-04
Loss = 2.7547e-02, PNorm = 49.4674, GNorm = 0.9144, lr_0 = 4.5569e-04
Loss = 2.6527e-02, PNorm = 49.4719, GNorm = 1.2061, lr_0 = 4.5596e-04
Loss = 3.5925e-02, PNorm = 49.4762, GNorm = 3.5231, lr_0 = 4.5623e-04
Loss = 3.5012e-02, PNorm = 49.4829, GNorm = 2.1239, lr_0 = 4.5651e-04
Loss = 2.9345e-02, PNorm = 49.4880, GNorm = 1.0542, lr_0 = 4.5678e-04
Loss = 2.9218e-02, PNorm = 49.4947, GNorm = 3.0019, lr_0 = 4.5705e-04
Loss = 3.0384e-02, PNorm = 49.4990, GNorm = 2.4394, lr_0 = 4.5732e-04
Loss = 2.7092e-02, PNorm = 49.5068, GNorm = 1.5487, lr_0 = 4.5759e-04
Loss = 2.8523e-02, PNorm = 49.5132, GNorm = 2.7733, lr_0 = 4.5786e-04
Loss = 2.6709e-02, PNorm = 49.5177, GNorm = 2.2620, lr_0 = 4.5814e-04
Loss = 2.6044e-02, PNorm = 49.5215, GNorm = 2.0652, lr_0 = 4.5841e-04
Loss = 2.3035e-02, PNorm = 49.5250, GNorm = 0.9804, lr_0 = 4.5868e-04
Loss = 2.0260e-02, PNorm = 49.5299, GNorm = 1.1476, lr_0 = 4.5895e-04
Loss = 2.5498e-02, PNorm = 49.5328, GNorm = 1.0659, lr_0 = 4.5922e-04
Loss = 2.5502e-02, PNorm = 49.5375, GNorm = 1.5446, lr_0 = 4.5949e-04
Loss = 2.6219e-02, PNorm = 49.5422, GNorm = 1.7752, lr_0 = 4.5977e-04
Loss = 2.9751e-02, PNorm = 49.5492, GNorm = 0.8200, lr_0 = 4.6004e-04
Loss = 2.8975e-02, PNorm = 49.5549, GNorm = 1.1864, lr_0 = 4.6031e-04
Loss = 2.6652e-02, PNorm = 49.5599, GNorm = 2.0112, lr_0 = 4.6058e-04
Loss = 2.7898e-02, PNorm = 49.5640, GNorm = 1.4712, lr_0 = 4.6085e-04
Loss = 2.9383e-02, PNorm = 49.5696, GNorm = 1.1748, lr_0 = 4.6112e-04
Loss = 2.7555e-02, PNorm = 49.5767, GNorm = 1.7083, lr_0 = 4.6140e-04
Loss = 2.9730e-02, PNorm = 49.5841, GNorm = 0.8866, lr_0 = 4.6167e-04
Loss = 2.2823e-02, PNorm = 49.5921, GNorm = 0.8962, lr_0 = 4.6194e-04
Loss = 2.7371e-02, PNorm = 49.5962, GNorm = 1.3398, lr_0 = 4.6221e-04
Loss = 2.9151e-02, PNorm = 49.6001, GNorm = 0.8508, lr_0 = 4.6248e-04
Loss = 2.7169e-02, PNorm = 49.6048, GNorm = 2.2730, lr_0 = 4.6276e-04
Loss = 2.7551e-02, PNorm = 49.6094, GNorm = 0.8321, lr_0 = 4.6303e-04
Loss = 3.1910e-02, PNorm = 49.6166, GNorm = 3.4410, lr_0 = 4.6330e-04
Loss = 2.8250e-02, PNorm = 49.6231, GNorm = 1.0544, lr_0 = 4.6357e-04
Loss = 2.9270e-02, PNorm = 49.6304, GNorm = 2.2164, lr_0 = 4.6384e-04
Loss = 2.6771e-02, PNorm = 49.6372, GNorm = 1.0795, lr_0 = 4.6411e-04
Loss = 3.2095e-02, PNorm = 49.6452, GNorm = 1.5324, lr_0 = 4.6439e-04
Loss = 4.0762e-02, PNorm = 49.6499, GNorm = 5.3327, lr_0 = 4.6466e-04
Loss = 4.7617e-02, PNorm = 49.6588, GNorm = 6.9527, lr_0 = 4.6493e-04
Loss = 3.3238e-02, PNorm = 49.6688, GNorm = 1.0789, lr_0 = 4.6520e-04
Loss = 2.6337e-02, PNorm = 49.6774, GNorm = 1.6974, lr_0 = 4.6547e-04
Loss = 3.4087e-02, PNorm = 49.6850, GNorm = 1.0624, lr_0 = 4.6574e-04
Loss = 3.1478e-02, PNorm = 49.6897, GNorm = 1.3121, lr_0 = 4.6602e-04
Loss = 2.8092e-02, PNorm = 49.6959, GNorm = 0.9801, lr_0 = 4.6629e-04
Loss = 3.0156e-02, PNorm = 49.7021, GNorm = 1.3983, lr_0 = 4.6656e-04
Loss = 2.9553e-02, PNorm = 49.7078, GNorm = 1.0443, lr_0 = 4.6683e-04
Loss = 2.7739e-02, PNorm = 49.7127, GNorm = 1.0945, lr_0 = 4.6710e-04
Loss = 3.0200e-02, PNorm = 49.7178, GNorm = 2.6592, lr_0 = 4.6737e-04
Loss = 3.4619e-02, PNorm = 49.7236, GNorm = 1.3130, lr_0 = 4.6765e-04
Loss = 2.8429e-02, PNorm = 49.7304, GNorm = 0.9653, lr_0 = 4.6792e-04
Loss = 2.7226e-02, PNorm = 49.7347, GNorm = 1.7477, lr_0 = 4.6819e-04
Loss = 2.6574e-02, PNorm = 49.7384, GNorm = 1.1585, lr_0 = 4.6846e-04
Loss = 3.2733e-02, PNorm = 49.7449, GNorm = 1.1321, lr_0 = 4.6873e-04
Loss = 2.5421e-02, PNorm = 49.7515, GNorm = 1.1621, lr_0 = 4.6900e-04
Loss = 2.6516e-02, PNorm = 49.7574, GNorm = 2.0754, lr_0 = 4.6928e-04
Loss = 2.3050e-02, PNorm = 49.7612, GNorm = 2.8386, lr_0 = 4.6955e-04
Loss = 2.9404e-02, PNorm = 49.7670, GNorm = 3.8666, lr_0 = 4.6982e-04
Loss = 2.5776e-02, PNorm = 49.7729, GNorm = 0.8222, lr_0 = 4.7009e-04
Loss = 2.9180e-02, PNorm = 49.7802, GNorm = 0.7852, lr_0 = 4.7036e-04
Loss = 3.1980e-02, PNorm = 49.7854, GNorm = 3.5933, lr_0 = 4.7063e-04
Loss = 3.6645e-02, PNorm = 49.7930, GNorm = 3.6189, lr_0 = 4.7091e-04
Loss = 3.1205e-02, PNorm = 49.8027, GNorm = 1.0156, lr_0 = 4.7118e-04
Loss = 2.7835e-02, PNorm = 49.8092, GNorm = 1.1661, lr_0 = 4.7145e-04
Loss = 2.9564e-02, PNorm = 49.8139, GNorm = 2.5132, lr_0 = 4.7172e-04
Loss = 2.8014e-02, PNorm = 49.8192, GNorm = 1.7609, lr_0 = 4.7199e-04
Loss = 2.2847e-02, PNorm = 49.8252, GNorm = 2.3718, lr_0 = 4.7226e-04
Loss = 2.5692e-02, PNorm = 49.8285, GNorm = 1.4284, lr_0 = 4.7254e-04
Loss = 3.2641e-02, PNorm = 49.8333, GNorm = 1.5781, lr_0 = 4.7281e-04
Loss = 2.8069e-02, PNorm = 49.8396, GNorm = 2.7673, lr_0 = 4.7308e-04
Loss = 3.0887e-02, PNorm = 49.8478, GNorm = 0.8931, lr_0 = 4.7335e-04
Loss = 2.5882e-02, PNorm = 49.8550, GNorm = 1.1139, lr_0 = 4.7362e-04
Loss = 2.3048e-02, PNorm = 49.8605, GNorm = 0.7272, lr_0 = 4.7390e-04
Loss = 2.0833e-02, PNorm = 49.8644, GNorm = 1.6409, lr_0 = 4.7417e-04
Loss = 2.6787e-02, PNorm = 49.8682, GNorm = 1.0070, lr_0 = 4.7444e-04
Loss = 2.5693e-02, PNorm = 49.8736, GNorm = 0.9263, lr_0 = 4.7471e-04
Loss = 2.5911e-02, PNorm = 49.8778, GNorm = 1.6966, lr_0 = 4.7498e-04
Loss = 2.6511e-02, PNorm = 49.8823, GNorm = 1.8442, lr_0 = 4.7525e-04
Loss = 3.3400e-02, PNorm = 49.8882, GNorm = 2.3697, lr_0 = 4.7553e-04
Loss = 2.9111e-02, PNorm = 49.8960, GNorm = 1.2018, lr_0 = 4.7580e-04
Loss = 2.9411e-02, PNorm = 49.9028, GNorm = 3.4453, lr_0 = 4.7607e-04
Loss = 2.7977e-02, PNorm = 49.9096, GNorm = 1.0566, lr_0 = 4.7634e-04
Loss = 2.4942e-02, PNorm = 49.9159, GNorm = 0.8747, lr_0 = 4.7661e-04
Loss = 3.1217e-02, PNorm = 49.9224, GNorm = 1.0451, lr_0 = 4.7688e-04
Loss = 2.8089e-02, PNorm = 49.9307, GNorm = 3.8660, lr_0 = 4.7716e-04
Loss = 3.4889e-02, PNorm = 49.9388, GNorm = 1.5292, lr_0 = 4.7743e-04
Loss = 3.3512e-02, PNorm = 49.9461, GNorm = 2.7703, lr_0 = 4.7770e-04
Loss = 3.6224e-02, PNorm = 49.9543, GNorm = 1.1556, lr_0 = 4.7797e-04
Loss = 3.3769e-02, PNorm = 49.9637, GNorm = 1.6284, lr_0 = 4.7824e-04
Loss = 2.7509e-02, PNorm = 49.9707, GNorm = 1.4530, lr_0 = 4.7851e-04
Loss = 2.8340e-02, PNorm = 49.9779, GNorm = 1.0394, lr_0 = 4.7879e-04
Loss = 2.2647e-02, PNorm = 49.9832, GNorm = 1.8712, lr_0 = 4.7906e-04
Loss = 2.6603e-02, PNorm = 49.9900, GNorm = 0.9264, lr_0 = 4.7933e-04
Loss = 2.7655e-02, PNorm = 49.9970, GNorm = 0.9225, lr_0 = 4.7960e-04
Loss = 2.4434e-02, PNorm = 50.0026, GNorm = 2.4320, lr_0 = 4.7987e-04
Loss = 2.3041e-02, PNorm = 50.0073, GNorm = 1.6797, lr_0 = 4.8014e-04
Loss = 2.2118e-02, PNorm = 50.0115, GNorm = 0.7396, lr_0 = 4.8042e-04
Loss = 2.0744e-02, PNorm = 50.0161, GNorm = 1.0855, lr_0 = 4.8069e-04
Loss = 1.8523e-02, PNorm = 50.0202, GNorm = 1.6184, lr_0 = 4.8096e-04
Loss = 2.6149e-02, PNorm = 50.0252, GNorm = 2.0834, lr_0 = 4.8123e-04
Loss = 2.4074e-02, PNorm = 50.0287, GNorm = 1.2114, lr_0 = 4.8150e-04
Loss = 2.7346e-02, PNorm = 50.0329, GNorm = 0.5864, lr_0 = 4.8177e-04
Loss = 3.2594e-02, PNorm = 50.0392, GNorm = 1.2168, lr_0 = 4.8205e-04
Loss = 2.6273e-02, PNorm = 50.0481, GNorm = 2.4771, lr_0 = 4.8232e-04
Loss = 2.9858e-02, PNorm = 50.0549, GNorm = 1.1345, lr_0 = 4.8259e-04
Loss = 2.8506e-02, PNorm = 50.0615, GNorm = 2.0618, lr_0 = 4.8286e-04
Loss = 2.4925e-02, PNorm = 50.0658, GNorm = 1.3961, lr_0 = 4.8313e-04
Loss = 2.8812e-02, PNorm = 50.0697, GNorm = 1.1043, lr_0 = 4.8340e-04
Loss = 2.7889e-02, PNorm = 50.0754, GNorm = 2.6437, lr_0 = 4.8368e-04
Loss = 3.0072e-02, PNorm = 50.0832, GNorm = 2.6635, lr_0 = 4.8395e-04
Loss = 2.7310e-02, PNorm = 50.0901, GNorm = 1.0819, lr_0 = 4.8422e-04
Loss = 2.4763e-02, PNorm = 50.0962, GNorm = 0.8478, lr_0 = 4.8449e-04
Loss = 2.1233e-02, PNorm = 50.1013, GNorm = 1.1023, lr_0 = 4.8476e-04
Loss = 2.1834e-02, PNorm = 50.1071, GNorm = 1.5737, lr_0 = 4.8504e-04
Loss = 1.9786e-02, PNorm = 50.1134, GNorm = 1.3816, lr_0 = 4.8531e-04
Loss = 2.5373e-02, PNorm = 50.1181, GNorm = 3.4703, lr_0 = 4.8558e-04
Loss = 2.5042e-02, PNorm = 50.1234, GNorm = 1.0396, lr_0 = 4.8585e-04
Loss = 3.3940e-02, PNorm = 50.1293, GNorm = 3.4212, lr_0 = 4.8612e-04
Loss = 2.6819e-02, PNorm = 50.1360, GNorm = 1.1960, lr_0 = 4.8639e-04
Loss = 2.9179e-02, PNorm = 50.1416, GNorm = 1.7210, lr_0 = 4.8667e-04
Loss = 2.4512e-02, PNorm = 50.1471, GNorm = 1.1149, lr_0 = 4.8694e-04
Loss = 2.5692e-02, PNorm = 50.1550, GNorm = 1.3328, lr_0 = 4.8721e-04
Loss = 2.0709e-02, PNorm = 50.1602, GNorm = 1.2832, lr_0 = 4.8748e-04
Loss = 2.5370e-02, PNorm = 50.1636, GNorm = 1.2061, lr_0 = 4.8775e-04
Loss = 2.5568e-02, PNorm = 50.1669, GNorm = 1.5585, lr_0 = 4.8802e-04
Loss = 2.8397e-02, PNorm = 50.1735, GNorm = 1.4377, lr_0 = 4.8830e-04
Loss = 2.9694e-02, PNorm = 50.1793, GNorm = 1.6187, lr_0 = 4.8857e-04
Loss = 2.7087e-02, PNorm = 50.1872, GNorm = 1.8470, lr_0 = 4.8884e-04
Loss = 3.0728e-02, PNorm = 50.1929, GNorm = 1.3898, lr_0 = 4.8911e-04
Loss = 2.7882e-02, PNorm = 50.1993, GNorm = 2.1792, lr_0 = 4.8938e-04
Loss = 2.8598e-02, PNorm = 50.2070, GNorm = 0.6936, lr_0 = 4.8965e-04
Loss = 3.6147e-02, PNorm = 50.2170, GNorm = 2.8405, lr_0 = 4.8993e-04
Loss = 2.9462e-02, PNorm = 50.2272, GNorm = 0.8060, lr_0 = 4.9020e-04
Loss = 2.7439e-02, PNorm = 50.2355, GNorm = 0.9094, lr_0 = 4.9047e-04
Loss = 1.9741e-02, PNorm = 50.2412, GNorm = 1.4552, lr_0 = 4.9074e-04
Loss = 2.4467e-02, PNorm = 50.2477, GNorm = 2.2747, lr_0 = 4.9101e-04
Loss = 2.8009e-02, PNorm = 50.2526, GNorm = 1.9856, lr_0 = 4.9128e-04
Loss = 2.1544e-02, PNorm = 50.2574, GNorm = 1.5897, lr_0 = 4.9156e-04
Loss = 2.6722e-02, PNorm = 50.2632, GNorm = 0.9432, lr_0 = 4.9183e-04
Loss = 1.9346e-02, PNorm = 50.2681, GNorm = 1.5427, lr_0 = 4.9210e-04
Loss = 2.5036e-02, PNorm = 50.2733, GNorm = 0.7857, lr_0 = 4.9237e-04
Loss = 2.5752e-02, PNorm = 50.2787, GNorm = 0.6532, lr_0 = 4.9264e-04
Loss = 2.3922e-02, PNorm = 50.2837, GNorm = 0.7953, lr_0 = 4.9291e-04
Loss = 2.3345e-02, PNorm = 50.2880, GNorm = 0.9788, lr_0 = 4.9319e-04
Loss = 2.2054e-02, PNorm = 50.2934, GNorm = 1.3971, lr_0 = 4.9346e-04
Loss = 2.2291e-02, PNorm = 50.2964, GNorm = 0.8678, lr_0 = 4.9373e-04
Loss = 2.2039e-02, PNorm = 50.3020, GNorm = 0.4987, lr_0 = 4.9400e-04
Loss = 2.3005e-02, PNorm = 50.3070, GNorm = 0.8368, lr_0 = 4.9427e-04
Loss = 1.7576e-02, PNorm = 50.3110, GNorm = 0.5679, lr_0 = 4.9454e-04
Loss = 1.8928e-02, PNorm = 50.3158, GNorm = 1.0474, lr_0 = 4.9482e-04
Loss = 2.1988e-02, PNorm = 50.3215, GNorm = 1.8898, lr_0 = 4.9509e-04
Loss = 2.5501e-02, PNorm = 50.3294, GNorm = 1.8840, lr_0 = 4.9536e-04
Loss = 2.7001e-02, PNorm = 50.3345, GNorm = 1.5515, lr_0 = 4.9563e-04
Loss = 2.6948e-02, PNorm = 50.3436, GNorm = 0.8989, lr_0 = 4.9590e-04
Loss = 2.2901e-02, PNorm = 50.3486, GNorm = 1.2543, lr_0 = 4.9617e-04
Loss = 1.9948e-02, PNorm = 50.3538, GNorm = 1.1303, lr_0 = 4.9645e-04
Loss = 2.3393e-02, PNorm = 50.3598, GNorm = 1.2414, lr_0 = 4.9672e-04
Loss = 2.5413e-02, PNorm = 50.3634, GNorm = 0.8482, lr_0 = 4.9699e-04
Loss = 2.9930e-02, PNorm = 50.3691, GNorm = 1.3324, lr_0 = 4.9726e-04
Loss = 3.0080e-02, PNorm = 50.3756, GNorm = 1.5761, lr_0 = 4.9753e-04
Loss = 3.3020e-02, PNorm = 50.3848, GNorm = 1.3263, lr_0 = 4.9781e-04
Loss = 2.5143e-02, PNorm = 50.3910, GNorm = 1.4520, lr_0 = 4.9808e-04
Loss = 2.8354e-02, PNorm = 50.3996, GNorm = 0.9215, lr_0 = 4.9835e-04
Loss = 2.4379e-02, PNorm = 50.4075, GNorm = 1.9604, lr_0 = 4.9862e-04
Loss = 3.4946e-02, PNorm = 50.4135, GNorm = 2.9567, lr_0 = 4.9889e-04
Loss = 2.6783e-02, PNorm = 50.4211, GNorm = 1.1249, lr_0 = 4.9916e-04
Loss = 2.4338e-02, PNorm = 50.4286, GNorm = 0.7206, lr_0 = 4.9944e-04
Loss = 2.7479e-02, PNorm = 50.4345, GNorm = 0.6132, lr_0 = 4.9971e-04
Loss = 3.2111e-02, PNorm = 50.4425, GNorm = 0.8402, lr_0 = 4.9998e-04
Loss = 2.8865e-02, PNorm = 50.4532, GNorm = 2.5416, lr_0 = 5.0025e-04
Loss = 2.8388e-02, PNorm = 50.4606, GNorm = 1.1440, lr_0 = 5.0052e-04
Loss = 3.1335e-02, PNorm = 50.4655, GNorm = 1.8530, lr_0 = 5.0079e-04
Loss = 2.5609e-02, PNorm = 50.4717, GNorm = 0.5103, lr_0 = 5.0107e-04
Loss = 2.4857e-02, PNorm = 50.4789, GNorm = 0.9080, lr_0 = 5.0134e-04
Loss = 2.3846e-02, PNorm = 50.4842, GNorm = 0.6378, lr_0 = 5.0161e-04
Loss = 2.9781e-02, PNorm = 50.4889, GNorm = 0.9002, lr_0 = 5.0188e-04
Loss = 2.4590e-02, PNorm = 50.4951, GNorm = 1.0214, lr_0 = 5.0215e-04
Loss = 2.8776e-02, PNorm = 50.5042, GNorm = 2.2290, lr_0 = 5.0242e-04
Loss = 2.6046e-02, PNorm = 50.5133, GNorm = 0.7649, lr_0 = 5.0270e-04
Loss = 2.2832e-02, PNorm = 50.5218, GNorm = 1.2115, lr_0 = 5.0297e-04
Loss = 2.3680e-02, PNorm = 50.5261, GNorm = 1.5347, lr_0 = 5.0324e-04
Loss = 2.6428e-02, PNorm = 50.5338, GNorm = 0.7525, lr_0 = 5.0351e-04
Loss = 1.9179e-02, PNorm = 50.5417, GNorm = 1.4119, lr_0 = 5.0378e-04
Loss = 2.2832e-02, PNorm = 50.5460, GNorm = 2.1624, lr_0 = 5.0405e-04
Loss = 2.7811e-02, PNorm = 50.5508, GNorm = 0.6864, lr_0 = 5.0433e-04
Loss = 2.7305e-02, PNorm = 50.5588, GNorm = 0.5645, lr_0 = 5.0460e-04
Loss = 2.8082e-02, PNorm = 50.5657, GNorm = 1.3590, lr_0 = 5.0487e-04
Loss = 2.5660e-02, PNorm = 50.5748, GNorm = 1.8988, lr_0 = 5.0514e-04
Loss = 3.2748e-02, PNorm = 50.5816, GNorm = 0.8012, lr_0 = 5.0541e-04
Loss = 2.7211e-02, PNorm = 50.5883, GNorm = 0.8876, lr_0 = 5.0568e-04
Loss = 2.4975e-02, PNorm = 50.5973, GNorm = 0.7789, lr_0 = 5.0596e-04
Loss = 2.5381e-02, PNorm = 50.6039, GNorm = 1.8799, lr_0 = 5.0623e-04
Loss = 2.1440e-02, PNorm = 50.6093, GNorm = 2.3933, lr_0 = 5.0650e-04
Loss = 2.5823e-02, PNorm = 50.6171, GNorm = 1.4146, lr_0 = 5.0677e-04
Loss = 2.3051e-02, PNorm = 50.6228, GNorm = 1.6716, lr_0 = 5.0704e-04
Loss = 2.7083e-02, PNorm = 50.6282, GNorm = 1.9327, lr_0 = 5.0731e-04
Loss = 2.2908e-02, PNorm = 50.6359, GNorm = 1.0613, lr_0 = 5.0759e-04
Loss = 2.0991e-02, PNorm = 50.6445, GNorm = 0.6626, lr_0 = 5.0786e-04
Loss = 2.0696e-02, PNorm = 50.6515, GNorm = 1.1034, lr_0 = 5.0813e-04
Loss = 2.4624e-02, PNorm = 50.6589, GNorm = 2.4948, lr_0 = 5.0840e-04
Loss = 2.6246e-02, PNorm = 50.6658, GNorm = 0.7517, lr_0 = 5.0867e-04
Loss = 2.5804e-02, PNorm = 50.6732, GNorm = 0.6452, lr_0 = 5.0895e-04
Loss = 2.1790e-02, PNorm = 50.6805, GNorm = 1.2223, lr_0 = 5.0922e-04
Loss = 2.1513e-02, PNorm = 50.6848, GNorm = 1.9212, lr_0 = 5.0949e-04
Loss = 2.0486e-02, PNorm = 50.6893, GNorm = 0.8521, lr_0 = 5.0976e-04
Loss = 2.3060e-02, PNorm = 50.6949, GNorm = 1.2663, lr_0 = 5.1003e-04
Loss = 1.9135e-02, PNorm = 50.7016, GNorm = 0.8071, lr_0 = 5.1030e-04
Loss = 2.2728e-02, PNorm = 50.7063, GNorm = 0.9247, lr_0 = 5.1058e-04
Loss = 1.6813e-02, PNorm = 50.7132, GNorm = 0.8870, lr_0 = 5.1085e-04
Loss = 1.9539e-02, PNorm = 50.7177, GNorm = 1.6515, lr_0 = 5.1112e-04
Loss = 2.2062e-02, PNorm = 50.7236, GNorm = 1.1174, lr_0 = 5.1139e-04
Loss = 1.5830e-02, PNorm = 50.7307, GNorm = 0.6785, lr_0 = 5.1166e-04
Loss = 1.6511e-02, PNorm = 50.7355, GNorm = 0.6740, lr_0 = 5.1193e-04
Loss = 1.8821e-02, PNorm = 50.7408, GNorm = 0.7426, lr_0 = 5.1221e-04
Loss = 2.1643e-02, PNorm = 50.7429, GNorm = 2.2928, lr_0 = 5.1248e-04
Loss = 2.3466e-02, PNorm = 50.7499, GNorm = 2.0919, lr_0 = 5.1275e-04
Loss = 2.5648e-02, PNorm = 50.7581, GNorm = 2.5253, lr_0 = 5.1302e-04
Loss = 2.2436e-02, PNorm = 50.7656, GNorm = 1.0622, lr_0 = 5.1329e-04
Loss = 2.3306e-02, PNorm = 50.7723, GNorm = 0.9323, lr_0 = 5.1356e-04
Loss = 2.1997e-02, PNorm = 50.7796, GNorm = 1.5699, lr_0 = 5.1384e-04
Loss = 2.1366e-02, PNorm = 50.7868, GNorm = 0.6022, lr_0 = 5.1411e-04
Loss = 2.2712e-02, PNorm = 50.7932, GNorm = 0.8460, lr_0 = 5.1438e-04
Loss = 2.2810e-02, PNorm = 50.8010, GNorm = 1.4428, lr_0 = 5.1465e-04
Loss = 2.5179e-02, PNorm = 50.8091, GNorm = 1.6799, lr_0 = 5.1492e-04
Loss = 2.4988e-02, PNorm = 50.8180, GNorm = 1.9385, lr_0 = 5.1519e-04
Loss = 2.5075e-02, PNorm = 50.8227, GNorm = 0.7715, lr_0 = 5.1547e-04
Loss = 1.8778e-02, PNorm = 50.8286, GNorm = 1.1414, lr_0 = 5.1574e-04
Loss = 2.2715e-02, PNorm = 50.8341, GNorm = 1.1890, lr_0 = 5.1601e-04
Loss = 1.9933e-02, PNorm = 50.8425, GNorm = 0.6343, lr_0 = 5.1628e-04
Loss = 2.3219e-02, PNorm = 50.8503, GNorm = 1.4429, lr_0 = 5.1655e-04
Loss = 2.0525e-02, PNorm = 50.8536, GNorm = 0.7456, lr_0 = 5.1682e-04
Loss = 2.1953e-02, PNorm = 50.8580, GNorm = 1.0810, lr_0 = 5.1710e-04
Loss = 2.0740e-02, PNorm = 50.8636, GNorm = 0.7753, lr_0 = 5.1737e-04
Loss = 2.6880e-02, PNorm = 50.8684, GNorm = 1.4603, lr_0 = 5.1764e-04
Loss = 2.3700e-02, PNorm = 50.8756, GNorm = 0.6710, lr_0 = 5.1791e-04
Loss = 1.9636e-02, PNorm = 50.8841, GNorm = 2.0377, lr_0 = 5.1818e-04
Loss = 2.6637e-02, PNorm = 50.8934, GNorm = 1.3569, lr_0 = 5.1845e-04
Loss = 2.1777e-02, PNorm = 50.8989, GNorm = 0.7389, lr_0 = 5.1873e-04
Loss = 1.9663e-02, PNorm = 50.9038, GNorm = 1.0992, lr_0 = 5.1900e-04
Loss = 1.5779e-02, PNorm = 50.9106, GNorm = 0.5063, lr_0 = 5.1927e-04
Loss = 1.9161e-02, PNorm = 50.9141, GNorm = 0.9017, lr_0 = 5.1954e-04
Loss = 2.4090e-02, PNorm = 50.9216, GNorm = 0.9281, lr_0 = 5.1981e-04
Loss = 2.4005e-02, PNorm = 50.9285, GNorm = 0.9356, lr_0 = 5.2009e-04
Loss = 2.4538e-02, PNorm = 50.9362, GNorm = 1.0742, lr_0 = 5.2036e-04
Loss = 2.6163e-02, PNorm = 50.9433, GNorm = 1.4810, lr_0 = 5.2063e-04
Loss = 2.6276e-02, PNorm = 50.9525, GNorm = 1.5674, lr_0 = 5.2090e-04
Loss = 2.2603e-02, PNorm = 50.9598, GNorm = 0.7895, lr_0 = 5.2117e-04
Loss = 2.4052e-02, PNorm = 50.9670, GNorm = 0.8310, lr_0 = 5.2144e-04
Loss = 2.0781e-02, PNorm = 50.9760, GNorm = 1.5873, lr_0 = 5.2172e-04
Loss = 2.5783e-02, PNorm = 50.9852, GNorm = 2.0519, lr_0 = 5.2199e-04
Loss = 2.3516e-02, PNorm = 50.9929, GNorm = 1.5707, lr_0 = 5.2226e-04
Loss = 1.5889e-02, PNorm = 51.0002, GNorm = 0.6522, lr_0 = 5.2253e-04
Loss = 2.1246e-02, PNorm = 51.0052, GNorm = 1.1393, lr_0 = 5.2280e-04
Loss = 2.1044e-02, PNorm = 51.0090, GNorm = 0.6638, lr_0 = 5.2307e-04
Loss = 2.3083e-02, PNorm = 51.0157, GNorm = 1.8655, lr_0 = 5.2335e-04
Loss = 2.5047e-02, PNorm = 51.0232, GNorm = 2.2655, lr_0 = 5.2362e-04
Loss = 3.1992e-02, PNorm = 51.0292, GNorm = 2.1752, lr_0 = 5.2389e-04
Loss = 3.2823e-02, PNorm = 51.0421, GNorm = 0.6753, lr_0 = 5.2416e-04
Loss = 2.1071e-02, PNorm = 51.0522, GNorm = 1.1208, lr_0 = 5.2443e-04
Loss = 2.6972e-02, PNorm = 51.0607, GNorm = 1.9818, lr_0 = 5.2470e-04
Loss = 2.4917e-02, PNorm = 51.0693, GNorm = 0.7074, lr_0 = 5.2498e-04
Loss = 2.1318e-02, PNorm = 51.0756, GNorm = 0.7958, lr_0 = 5.2525e-04
Loss = 2.2899e-02, PNorm = 51.0841, GNorm = 0.9085, lr_0 = 5.2552e-04
Loss = 2.0496e-02, PNorm = 51.0877, GNorm = 0.6615, lr_0 = 5.2579e-04
Loss = 2.2561e-02, PNorm = 51.0934, GNorm = 1.7235, lr_0 = 5.2606e-04
Loss = 3.1054e-02, PNorm = 51.1022, GNorm = 3.5304, lr_0 = 5.2633e-04
Loss = 2.6255e-02, PNorm = 51.1158, GNorm = 0.9771, lr_0 = 5.2661e-04
Loss = 2.3438e-02, PNorm = 51.1238, GNorm = 0.7056, lr_0 = 5.2688e-04
Loss = 1.8728e-02, PNorm = 51.1326, GNorm = 0.9001, lr_0 = 5.2715e-04
Loss = 2.1274e-02, PNorm = 51.1380, GNorm = 1.6702, lr_0 = 5.2742e-04
Loss = 2.0738e-02, PNorm = 51.1439, GNorm = 1.7568, lr_0 = 5.2769e-04
Loss = 2.0611e-02, PNorm = 51.1494, GNorm = 1.3006, lr_0 = 5.2796e-04
Loss = 2.5681e-02, PNorm = 51.1550, GNorm = 0.9024, lr_0 = 5.2824e-04
Loss = 2.2813e-02, PNorm = 51.1644, GNorm = 0.7553, lr_0 = 5.2851e-04
Loss = 1.9261e-02, PNorm = 51.1711, GNorm = 1.2419, lr_0 = 5.2878e-04
Loss = 1.9691e-02, PNorm = 51.1780, GNorm = 0.8138, lr_0 = 5.2905e-04
Loss = 2.0015e-02, PNorm = 51.1858, GNorm = 1.2648, lr_0 = 5.2932e-04
Loss = 1.8984e-02, PNorm = 51.1922, GNorm = 0.7538, lr_0 = 5.2959e-04
Loss = 1.7868e-02, PNorm = 51.1982, GNorm = 0.7240, lr_0 = 5.2987e-04
Loss = 1.6877e-02, PNorm = 51.2046, GNorm = 0.6201, lr_0 = 5.3014e-04
Loss = 1.5909e-02, PNorm = 51.2108, GNorm = 0.6804, lr_0 = 5.3041e-04
Loss = 2.1453e-02, PNorm = 51.2195, GNorm = 1.4125, lr_0 = 5.3068e-04
Loss = 2.9783e-02, PNorm = 51.2247, GNorm = 2.6913, lr_0 = 5.3095e-04
Loss = 2.0165e-02, PNorm = 51.2315, GNorm = 1.2828, lr_0 = 5.3123e-04
Loss = 2.1278e-02, PNorm = 51.2396, GNorm = 0.5609, lr_0 = 5.3150e-04
Loss = 1.6958e-02, PNorm = 51.2474, GNorm = 1.0922, lr_0 = 5.3177e-04
Loss = 2.4020e-02, PNorm = 51.2525, GNorm = 1.6408, lr_0 = 5.3204e-04
Loss = 1.9601e-02, PNorm = 51.2574, GNorm = 1.2895, lr_0 = 5.3231e-04
Loss = 2.0762e-02, PNorm = 51.2627, GNorm = 1.8649, lr_0 = 5.3258e-04
Loss = 2.1614e-02, PNorm = 51.2704, GNorm = 1.7335, lr_0 = 5.3286e-04
Loss = 2.5266e-02, PNorm = 51.2800, GNorm = 1.3365, lr_0 = 5.3313e-04
Loss = 2.2919e-02, PNorm = 51.2887, GNorm = 0.6291, lr_0 = 5.3340e-04
Loss = 2.3518e-02, PNorm = 51.2959, GNorm = 0.7106, lr_0 = 5.3367e-04
Loss = 2.5494e-02, PNorm = 51.3031, GNorm = 1.5099, lr_0 = 5.3394e-04
Loss = 1.9813e-02, PNorm = 51.3108, GNorm = 1.0712, lr_0 = 5.3421e-04
Loss = 2.3255e-02, PNorm = 51.3193, GNorm = 0.6516, lr_0 = 5.3449e-04
Loss = 2.2473e-02, PNorm = 51.3286, GNorm = 0.8642, lr_0 = 5.3476e-04
Loss = 2.1526e-02, PNorm = 51.3367, GNorm = 1.4464, lr_0 = 5.3503e-04
Loss = 3.2519e-02, PNorm = 51.3456, GNorm = 1.6058, lr_0 = 5.3530e-04
Loss = 3.5194e-02, PNorm = 51.3597, GNorm = 3.3184, lr_0 = 5.3557e-04
Loss = 3.0850e-02, PNorm = 51.3743, GNorm = 0.7132, lr_0 = 5.3584e-04
Loss = 2.4381e-02, PNorm = 51.3862, GNorm = 0.9699, lr_0 = 5.3612e-04
Loss = 2.1277e-02, PNorm = 51.3952, GNorm = 0.6448, lr_0 = 5.3639e-04
Loss = 2.1972e-02, PNorm = 51.4035, GNorm = 0.9912, lr_0 = 5.3666e-04
Loss = 1.9690e-02, PNorm = 51.4116, GNorm = 0.8732, lr_0 = 5.3693e-04
Loss = 2.6095e-02, PNorm = 51.4210, GNorm = 2.0067, lr_0 = 5.3720e-04
Loss = 1.9698e-02, PNorm = 51.4320, GNorm = 0.5961, lr_0 = 5.3747e-04
Loss = 2.5019e-02, PNorm = 51.4419, GNorm = 1.7217, lr_0 = 5.3775e-04
Loss = 3.4933e-02, PNorm = 51.4515, GNorm = 0.6684, lr_0 = 5.3802e-04
Loss = 3.3595e-02, PNorm = 51.4634, GNorm = 1.2351, lr_0 = 5.3829e-04
Loss = 2.7853e-02, PNorm = 51.4761, GNorm = 1.0406, lr_0 = 5.3856e-04
Loss = 2.3997e-02, PNorm = 51.4885, GNorm = 1.1010, lr_0 = 5.3883e-04
Loss = 2.8504e-02, PNorm = 51.4990, GNorm = 0.9287, lr_0 = 5.3910e-04
Loss = 2.0594e-02, PNorm = 51.5102, GNorm = 1.0399, lr_0 = 5.3938e-04
Loss = 2.0571e-02, PNorm = 51.5154, GNorm = 0.6334, lr_0 = 5.3965e-04
Loss = 2.0486e-02, PNorm = 51.5242, GNorm = 0.8830, lr_0 = 5.3992e-04
Loss = 2.0049e-02, PNorm = 51.5321, GNorm = 1.6788, lr_0 = 5.4019e-04
Loss = 2.5869e-02, PNorm = 51.5431, GNorm = 3.1978, lr_0 = 5.4046e-04
Loss = 3.5908e-02, PNorm = 51.5550, GNorm = 0.8198, lr_0 = 5.4073e-04
Loss = 3.7104e-02, PNorm = 51.5735, GNorm = 0.6441, lr_0 = 5.4101e-04
Loss = 2.5425e-02, PNorm = 51.5868, GNorm = 0.6401, lr_0 = 5.4128e-04
Loss = 2.5279e-02, PNorm = 51.5976, GNorm = 0.9675, lr_0 = 5.4155e-04
Loss = 2.2219e-02, PNorm = 51.6070, GNorm = 1.6800, lr_0 = 5.4182e-04
Loss = 2.3643e-02, PNorm = 51.6186, GNorm = 1.3178, lr_0 = 5.4209e-04
Loss = 2.0364e-02, PNorm = 51.6258, GNorm = 1.0294, lr_0 = 5.4237e-04
Loss = 2.6384e-02, PNorm = 51.6358, GNorm = 0.5338, lr_0 = 5.4264e-04
Loss = 2.4435e-02, PNorm = 51.6484, GNorm = 1.2476, lr_0 = 5.4291e-04
Loss = 2.7724e-02, PNorm = 51.6602, GNorm = 1.2012, lr_0 = 5.4318e-04
Loss = 2.1854e-02, PNorm = 51.6674, GNorm = 1.2674, lr_0 = 5.4345e-04
Loss = 1.9621e-02, PNorm = 51.6736, GNorm = 0.4639, lr_0 = 5.4372e-04
Loss = 1.8727e-02, PNorm = 51.6803, GNorm = 0.6818, lr_0 = 5.4400e-04
Loss = 2.0448e-02, PNorm = 51.6841, GNorm = 0.8580, lr_0 = 5.4427e-04
Loss = 1.5728e-02, PNorm = 51.6914, GNorm = 0.9161, lr_0 = 5.4454e-04
Loss = 1.8359e-02, PNorm = 51.6993, GNorm = 0.5977, lr_0 = 5.4481e-04
Loss = 1.6720e-02, PNorm = 51.7087, GNorm = 0.7828, lr_0 = 5.4508e-04
Loss = 1.9874e-02, PNorm = 51.7149, GNorm = 0.8214, lr_0 = 5.4535e-04
Loss = 2.3736e-02, PNorm = 51.7201, GNorm = 1.1950, lr_0 = 5.4563e-04
Loss = 2.6253e-02, PNorm = 51.7292, GNorm = 1.4181, lr_0 = 5.4590e-04
Loss = 2.3025e-02, PNorm = 51.7366, GNorm = 0.6549, lr_0 = 5.4617e-04
Loss = 2.0417e-02, PNorm = 51.7458, GNorm = 0.7741, lr_0 = 5.4644e-04
Loss = 1.9597e-02, PNorm = 51.7547, GNorm = 1.5863, lr_0 = 5.4671e-04
Loss = 2.1874e-02, PNorm = 51.7620, GNorm = 0.6567, lr_0 = 5.4698e-04
Loss = 1.6590e-02, PNorm = 51.7691, GNorm = 0.5418, lr_0 = 5.4726e-04
Loss = 1.6761e-02, PNorm = 51.7750, GNorm = 0.5104, lr_0 = 5.4753e-04
Loss = 1.6349e-02, PNorm = 51.7815, GNorm = 0.5472, lr_0 = 5.4780e-04
Loss = 1.7141e-02, PNorm = 51.7883, GNorm = 0.9578, lr_0 = 5.4807e-04
Loss = 1.5917e-02, PNorm = 51.7929, GNorm = 0.5391, lr_0 = 5.4834e-04
Loss = 1.5965e-02, PNorm = 51.8012, GNorm = 0.4768, lr_0 = 5.4861e-04
Loss = 1.9174e-02, PNorm = 51.8073, GNorm = 0.5071, lr_0 = 5.4889e-04
Loss = 1.3293e-02, PNorm = 51.8158, GNorm = 0.3922, lr_0 = 5.4916e-04
Loss = 1.1786e-02, PNorm = 51.8206, GNorm = 1.2498, lr_0 = 5.4943e-04
Loss = 1.3277e-02, PNorm = 51.8257, GNorm = 0.6510, lr_0 = 5.4970e-04
Loss = 1.9273e-02, PNorm = 51.8297, GNorm = 1.8602, lr_0 = 5.4997e-04
Validation r2 = 0.982521
Epoch 1
Loss = 1.7946e-02, PNorm = 51.8365, GNorm = 0.5460, lr_0 = 5.5024e-04
Loss = 1.7931e-02, PNorm = 51.8441, GNorm = 0.6558, lr_0 = 5.5052e-04
Loss = 1.9108e-02, PNorm = 51.8496, GNorm = 0.7789, lr_0 = 5.5079e-04
Loss = 2.0899e-02, PNorm = 51.8575, GNorm = 0.7369, lr_0 = 5.5106e-04
Loss = 1.7774e-02, PNorm = 51.8626, GNorm = 0.6967, lr_0 = 5.5133e-04
Loss = 2.1368e-02, PNorm = 51.8667, GNorm = 1.4888, lr_0 = 5.5160e-04
Loss = 2.1127e-02, PNorm = 51.8763, GNorm = 0.6797, lr_0 = 5.5187e-04
Loss = 1.8917e-02, PNorm = 51.8850, GNorm = 0.9014, lr_0 = 5.5215e-04
Loss = 2.0830e-02, PNorm = 51.8893, GNorm = 0.5946, lr_0 = 5.5242e-04
Loss = 1.7021e-02, PNorm = 51.8960, GNorm = 0.6090, lr_0 = 5.5269e-04
Loss = 1.8708e-02, PNorm = 51.9064, GNorm = 0.5525, lr_0 = 5.5296e-04
Loss = 1.7245e-02, PNorm = 51.9138, GNorm = 0.4596, lr_0 = 5.5323e-04
Loss = 1.8729e-02, PNorm = 51.9198, GNorm = 0.6600, lr_0 = 5.5351e-04
Loss = 1.7773e-02, PNorm = 51.9269, GNorm = 0.7051, lr_0 = 5.5378e-04
Loss = 2.7066e-02, PNorm = 51.9358, GNorm = 1.5744, lr_0 = 5.5405e-04
Loss = 1.8981e-02, PNorm = 51.9452, GNorm = 0.7327, lr_0 = 5.5432e-04
Loss = 1.7578e-02, PNorm = 51.9526, GNorm = 0.8624, lr_0 = 5.5459e-04
Loss = 1.7815e-02, PNorm = 51.9590, GNorm = 0.7411, lr_0 = 5.5486e-04
Loss = 1.5861e-02, PNorm = 51.9668, GNorm = 1.1440, lr_0 = 5.5514e-04
Loss = 1.8019e-02, PNorm = 51.9755, GNorm = 0.4538, lr_0 = 5.5541e-04
Loss = 2.2068e-02, PNorm = 51.9824, GNorm = 2.0524, lr_0 = 5.5568e-04
Loss = 2.1241e-02, PNorm = 51.9935, GNorm = 0.4405, lr_0 = 5.5595e-04
Loss = 1.6827e-02, PNorm = 51.9994, GNorm = 0.6147, lr_0 = 5.5622e-04
Loss = 1.9124e-02, PNorm = 52.0059, GNorm = 0.6076, lr_0 = 5.5649e-04
Loss = 1.7199e-02, PNorm = 52.0174, GNorm = 0.8989, lr_0 = 5.5677e-04
Loss = 1.3984e-02, PNorm = 52.0240, GNorm = 0.5287, lr_0 = 5.5704e-04
Loss = 2.2913e-02, PNorm = 52.0309, GNorm = 2.1583, lr_0 = 5.5731e-04
Loss = 2.0909e-02, PNorm = 52.0392, GNorm = 0.5786, lr_0 = 5.5758e-04
Loss = 2.1119e-02, PNorm = 52.0486, GNorm = 1.0744, lr_0 = 5.5785e-04
Loss = 2.1546e-02, PNorm = 52.0569, GNorm = 0.9045, lr_0 = 5.5812e-04
Loss = 1.6799e-02, PNorm = 52.0633, GNorm = 0.9727, lr_0 = 5.5840e-04
Loss = 1.9781e-02, PNorm = 52.0718, GNorm = 0.6060, lr_0 = 5.5867e-04
Loss = 1.9013e-02, PNorm = 52.0830, GNorm = 1.1528, lr_0 = 5.5894e-04
Loss = 1.7593e-02, PNorm = 52.0881, GNorm = 0.4378, lr_0 = 5.5921e-04
Loss = 1.8231e-02, PNorm = 52.0953, GNorm = 1.5276, lr_0 = 5.5948e-04
Loss = 1.8445e-02, PNorm = 52.1019, GNorm = 0.7681, lr_0 = 5.5975e-04
Loss = 1.7980e-02, PNorm = 52.1114, GNorm = 1.1851, lr_0 = 5.6003e-04
Loss = 1.6808e-02, PNorm = 52.1195, GNorm = 1.1524, lr_0 = 5.6030e-04
Loss = 1.7793e-02, PNorm = 52.1274, GNorm = 0.6156, lr_0 = 5.6057e-04
Loss = 1.7774e-02, PNorm = 52.1357, GNorm = 1.0129, lr_0 = 5.6084e-04
Loss = 1.6147e-02, PNorm = 52.1444, GNorm = 0.3369, lr_0 = 5.6111e-04
Loss = 1.8429e-02, PNorm = 52.1531, GNorm = 0.7749, lr_0 = 5.6138e-04
Loss = 1.5885e-02, PNorm = 52.1597, GNorm = 0.4900, lr_0 = 5.6166e-04
Loss = 2.1509e-02, PNorm = 52.1657, GNorm = 1.3042, lr_0 = 5.6193e-04
Loss = 1.8678e-02, PNorm = 52.1714, GNorm = 1.2075, lr_0 = 5.6220e-04
Loss = 1.9953e-02, PNorm = 52.1816, GNorm = 0.6679, lr_0 = 5.6247e-04
Loss = 1.9549e-02, PNorm = 52.1938, GNorm = 0.8921, lr_0 = 5.6274e-04
Loss = 2.0608e-02, PNorm = 52.2026, GNorm = 0.8689, lr_0 = 5.6301e-04
Loss = 1.8839e-02, PNorm = 52.2120, GNorm = 0.5944, lr_0 = 5.6329e-04
Loss = 1.6728e-02, PNorm = 52.2181, GNorm = 0.5608, lr_0 = 5.6356e-04
Loss = 2.0023e-02, PNorm = 52.2297, GNorm = 0.5325, lr_0 = 5.6383e-04
Loss = 2.1851e-02, PNorm = 52.2369, GNorm = 1.1646, lr_0 = 5.6410e-04
Loss = 2.1275e-02, PNorm = 52.2454, GNorm = 1.1106, lr_0 = 5.6437e-04
Loss = 2.2216e-02, PNorm = 52.2552, GNorm = 0.4929, lr_0 = 5.6464e-04
Loss = 2.2750e-02, PNorm = 52.2693, GNorm = 0.4631, lr_0 = 5.6492e-04
Loss = 2.1890e-02, PNorm = 52.2780, GNorm = 1.0550, lr_0 = 5.6519e-04
Loss = 1.6916e-02, PNorm = 52.2890, GNorm = 0.5882, lr_0 = 5.6546e-04
Loss = 1.5392e-02, PNorm = 52.2972, GNorm = 0.7316, lr_0 = 5.6573e-04
Loss = 1.3851e-02, PNorm = 52.3039, GNorm = 0.8300, lr_0 = 5.6600e-04
Loss = 1.6431e-02, PNorm = 52.3109, GNorm = 0.5800, lr_0 = 5.6628e-04
Loss = 2.0705e-02, PNorm = 52.3151, GNorm = 0.9086, lr_0 = 5.6655e-04
Loss = 1.9616e-02, PNorm = 52.3212, GNorm = 1.0838, lr_0 = 5.6682e-04
Loss = 2.2064e-02, PNorm = 52.3308, GNorm = 2.5850, lr_0 = 5.6709e-04
Loss = 1.8246e-02, PNorm = 52.3434, GNorm = 0.8152, lr_0 = 5.6736e-04
Loss = 1.9735e-02, PNorm = 52.3553, GNorm = 0.6791, lr_0 = 5.6763e-04
Loss = 1.6710e-02, PNorm = 52.3631, GNorm = 0.4316, lr_0 = 5.6791e-04
Loss = 1.8964e-02, PNorm = 52.3722, GNorm = 1.8178, lr_0 = 5.6818e-04
Loss = 1.9995e-02, PNorm = 52.3821, GNorm = 0.5937, lr_0 = 5.6845e-04
Loss = 2.5460e-02, PNorm = 52.3941, GNorm = 1.6676, lr_0 = 5.6872e-04
Loss = 3.1808e-02, PNorm = 52.4119, GNorm = 1.8587, lr_0 = 5.6899e-04
Loss = 3.0248e-02, PNorm = 52.4286, GNorm = 1.9937, lr_0 = 5.6926e-04
Loss = 2.3791e-02, PNorm = 52.4409, GNorm = 0.6155, lr_0 = 5.6954e-04
Loss = 1.8480e-02, PNorm = 52.4521, GNorm = 1.0413, lr_0 = 5.6981e-04
Loss = 2.1568e-02, PNorm = 52.4630, GNorm = 0.5523, lr_0 = 5.7008e-04
Loss = 2.1960e-02, PNorm = 52.4704, GNorm = 0.6805, lr_0 = 5.7035e-04
Loss = 1.7399e-02, PNorm = 52.4813, GNorm = 0.5095, lr_0 = 5.7062e-04
Loss = 1.7329e-02, PNorm = 52.4908, GNorm = 0.6074, lr_0 = 5.7089e-04
Loss = 1.6755e-02, PNorm = 52.5010, GNorm = 0.8114, lr_0 = 5.7117e-04
Loss = 1.8958e-02, PNorm = 52.5090, GNorm = 0.5214, lr_0 = 5.7144e-04
Loss = 1.7075e-02, PNorm = 52.5165, GNorm = 0.6001, lr_0 = 5.7171e-04
Loss = 1.8537e-02, PNorm = 52.5199, GNorm = 0.6111, lr_0 = 5.7198e-04
Loss = 1.6203e-02, PNorm = 52.5265, GNorm = 0.9884, lr_0 = 5.7225e-04
Loss = 1.6441e-02, PNorm = 52.5359, GNorm = 0.6389, lr_0 = 5.7252e-04
Loss = 1.3386e-02, PNorm = 52.5412, GNorm = 0.7102, lr_0 = 5.7280e-04
Loss = 1.6873e-02, PNorm = 52.5476, GNorm = 1.5235, lr_0 = 5.7307e-04
Loss = 1.9531e-02, PNorm = 52.5551, GNorm = 1.3988, lr_0 = 5.7334e-04
Loss = 1.7236e-02, PNorm = 52.5614, GNorm = 0.5753, lr_0 = 5.7361e-04
Loss = 1.7403e-02, PNorm = 52.5702, GNorm = 0.8632, lr_0 = 5.7388e-04
Loss = 2.0950e-02, PNorm = 52.5791, GNorm = 0.7466, lr_0 = 5.7415e-04
Loss = 1.6044e-02, PNorm = 52.5877, GNorm = 0.4774, lr_0 = 5.7443e-04
Loss = 1.6382e-02, PNorm = 52.5983, GNorm = 0.9469, lr_0 = 5.7470e-04
Loss = 1.6829e-02, PNorm = 52.6055, GNorm = 0.6087, lr_0 = 5.7497e-04
Loss = 1.8565e-02, PNorm = 52.6128, GNorm = 1.0666, lr_0 = 5.7524e-04
Loss = 1.7342e-02, PNorm = 52.6210, GNorm = 0.5807, lr_0 = 5.7551e-04
Loss = 1.8826e-02, PNorm = 52.6319, GNorm = 0.4694, lr_0 = 5.7578e-04
Loss = 1.9088e-02, PNorm = 52.6406, GNorm = 1.0883, lr_0 = 5.7606e-04
Loss = 1.5312e-02, PNorm = 52.6502, GNorm = 0.4919, lr_0 = 5.7633e-04
Loss = 1.6939e-02, PNorm = 52.6582, GNorm = 0.4574, lr_0 = 5.7660e-04
Loss = 1.6190e-02, PNorm = 52.6663, GNorm = 0.3841, lr_0 = 5.7687e-04
Loss = 1.7332e-02, PNorm = 52.6720, GNorm = 0.7337, lr_0 = 5.7714e-04
Loss = 1.7374e-02, PNorm = 52.6804, GNorm = 0.7305, lr_0 = 5.7742e-04
Loss = 1.8113e-02, PNorm = 52.6886, GNorm = 0.7717, lr_0 = 5.7769e-04
Loss = 1.9006e-02, PNorm = 52.7005, GNorm = 0.5751, lr_0 = 5.7796e-04
Loss = 1.6473e-02, PNorm = 52.7128, GNorm = 0.3798, lr_0 = 5.7823e-04
Loss = 1.7927e-02, PNorm = 52.7210, GNorm = 0.4751, lr_0 = 5.7850e-04
Loss = 1.4286e-02, PNorm = 52.7307, GNorm = 0.4220, lr_0 = 5.7877e-04
Loss = 1.2138e-02, PNorm = 52.7396, GNorm = 0.4474, lr_0 = 5.7905e-04
Loss = 1.8301e-02, PNorm = 52.7492, GNorm = 1.2529, lr_0 = 5.7932e-04
Loss = 1.7423e-02, PNorm = 52.7574, GNorm = 0.5313, lr_0 = 5.7959e-04
Loss = 2.2803e-02, PNorm = 52.7665, GNorm = 0.6902, lr_0 = 5.7986e-04
Loss = 2.0150e-02, PNorm = 52.7775, GNorm = 1.0035, lr_0 = 5.8013e-04
Loss = 1.4855e-02, PNorm = 52.7872, GNorm = 0.8871, lr_0 = 5.8040e-04
Loss = 1.8355e-02, PNorm = 52.8001, GNorm = 0.9051, lr_0 = 5.8068e-04
Loss = 1.9559e-02, PNorm = 52.8102, GNorm = 1.0811, lr_0 = 5.8095e-04
Loss = 1.7766e-02, PNorm = 52.8216, GNorm = 0.6845, lr_0 = 5.8122e-04
Loss = 1.8042e-02, PNorm = 52.8316, GNorm = 1.0888, lr_0 = 5.8149e-04
Loss = 1.8958e-02, PNorm = 52.8440, GNorm = 0.7445, lr_0 = 5.8176e-04
Loss = 1.3983e-02, PNorm = 52.8542, GNorm = 0.7244, lr_0 = 5.8203e-04
Loss = 1.7643e-02, PNorm = 52.8596, GNorm = 0.5768, lr_0 = 5.8231e-04
Loss = 1.3543e-02, PNorm = 52.8658, GNorm = 0.4962, lr_0 = 5.8258e-04
Loss = 1.5437e-02, PNorm = 52.8742, GNorm = 1.2677, lr_0 = 5.8285e-04
Loss = 1.8930e-02, PNorm = 52.8819, GNorm = 0.4646, lr_0 = 5.8312e-04
Loss = 1.8663e-02, PNorm = 52.8903, GNorm = 0.3935, lr_0 = 5.8339e-04
Loss = 1.6385e-02, PNorm = 52.8988, GNorm = 0.5588, lr_0 = 5.8366e-04
Loss = 1.7350e-02, PNorm = 52.9096, GNorm = 1.1687, lr_0 = 5.8394e-04
Loss = 1.7923e-02, PNorm = 52.9165, GNorm = 0.6985, lr_0 = 5.8421e-04
Loss = 1.5424e-02, PNorm = 52.9229, GNorm = 0.3932, lr_0 = 5.8448e-04
Loss = 1.5188e-02, PNorm = 52.9317, GNorm = 0.6578, lr_0 = 5.8475e-04
Loss = 1.8426e-02, PNorm = 52.9405, GNorm = 1.0442, lr_0 = 5.8502e-04
Loss = 1.6801e-02, PNorm = 52.9488, GNorm = 0.5168, lr_0 = 5.8529e-04
Loss = 1.7806e-02, PNorm = 52.9592, GNorm = 1.0463, lr_0 = 5.8557e-04
Loss = 1.7242e-02, PNorm = 52.9691, GNorm = 0.8931, lr_0 = 5.8584e-04
Loss = 2.1654e-02, PNorm = 52.9794, GNorm = 0.4949, lr_0 = 5.8611e-04
Loss = 2.6005e-02, PNorm = 52.9918, GNorm = 0.9507, lr_0 = 5.8638e-04
Loss = 2.4080e-02, PNorm = 53.0093, GNorm = 0.5801, lr_0 = 5.8665e-04
Loss = 2.1270e-02, PNorm = 53.0223, GNorm = 0.8853, lr_0 = 5.8692e-04
Loss = 1.8016e-02, PNorm = 53.0334, GNorm = 0.6055, lr_0 = 5.8720e-04
Loss = 1.7300e-02, PNorm = 53.0421, GNorm = 0.5480, lr_0 = 5.8747e-04
Loss = 1.5020e-02, PNorm = 53.0504, GNorm = 0.4531, lr_0 = 5.8774e-04
Loss = 1.7918e-02, PNorm = 53.0621, GNorm = 0.4798, lr_0 = 5.8801e-04
Loss = 1.4969e-02, PNorm = 53.0701, GNorm = 0.5600, lr_0 = 5.8828e-04
Loss = 1.7464e-02, PNorm = 53.0795, GNorm = 0.5743, lr_0 = 5.8856e-04
Loss = 1.6067e-02, PNorm = 53.0884, GNorm = 0.8463, lr_0 = 5.8883e-04
Loss = 1.8419e-02, PNorm = 53.1004, GNorm = 0.5105, lr_0 = 5.8910e-04
Loss = 1.6249e-02, PNorm = 53.1062, GNorm = 1.5374, lr_0 = 5.8937e-04
Loss = 1.6768e-02, PNorm = 53.1159, GNorm = 0.4327, lr_0 = 5.8964e-04
Loss = 1.6411e-02, PNorm = 53.1258, GNorm = 0.4038, lr_0 = 5.8991e-04
Loss = 1.6220e-02, PNorm = 53.1348, GNorm = 0.6216, lr_0 = 5.9019e-04
Loss = 1.6257e-02, PNorm = 53.1443, GNorm = 0.4044, lr_0 = 5.9046e-04
Loss = 1.6107e-02, PNorm = 53.1521, GNorm = 0.5785, lr_0 = 5.9073e-04
Loss = 1.5206e-02, PNorm = 53.1593, GNorm = 0.5784, lr_0 = 5.9100e-04
Loss = 1.7366e-02, PNorm = 53.1697, GNorm = 0.3694, lr_0 = 5.9127e-04
Loss = 1.7070e-02, PNorm = 53.1786, GNorm = 0.5417, lr_0 = 5.9154e-04
Loss = 1.5901e-02, PNorm = 53.1874, GNorm = 0.5982, lr_0 = 5.9182e-04
Loss = 1.4143e-02, PNorm = 53.1957, GNorm = 1.0008, lr_0 = 5.9209e-04
Loss = 1.7796e-02, PNorm = 53.2069, GNorm = 0.5239, lr_0 = 5.9236e-04
Loss = 1.4146e-02, PNorm = 53.2172, GNorm = 0.5479, lr_0 = 5.9263e-04
Loss = 1.5891e-02, PNorm = 53.2245, GNorm = 0.5710, lr_0 = 5.9290e-04
Loss = 1.4943e-02, PNorm = 53.2343, GNorm = 0.5896, lr_0 = 5.9317e-04
Loss = 1.7302e-02, PNorm = 53.2447, GNorm = 0.4726, lr_0 = 5.9345e-04
Loss = 1.8412e-02, PNorm = 53.2523, GNorm = 0.9978, lr_0 = 5.9372e-04
Loss = 1.6554e-02, PNorm = 53.2636, GNorm = 1.1210, lr_0 = 5.9399e-04
Loss = 1.4862e-02, PNorm = 53.2769, GNorm = 0.5570, lr_0 = 5.9426e-04
Loss = 1.5220e-02, PNorm = 53.2879, GNorm = 0.4641, lr_0 = 5.9453e-04
Loss = 1.4848e-02, PNorm = 53.2970, GNorm = 0.4572, lr_0 = 5.9480e-04
Loss = 1.4771e-02, PNorm = 53.3053, GNorm = 0.5208, lr_0 = 5.9508e-04
Loss = 1.8002e-02, PNorm = 53.3109, GNorm = 0.9829, lr_0 = 5.9535e-04
Loss = 2.1003e-02, PNorm = 53.3201, GNorm = 2.1211, lr_0 = 5.9562e-04
Loss = 2.0023e-02, PNorm = 53.3275, GNorm = 0.4361, lr_0 = 5.9589e-04
Loss = 2.0807e-02, PNorm = 53.3393, GNorm = 0.4369, lr_0 = 5.9616e-04
Loss = 1.5734e-02, PNorm = 53.3534, GNorm = 0.4318, lr_0 = 5.9643e-04
Loss = 1.4856e-02, PNorm = 53.3615, GNorm = 0.5292, lr_0 = 5.9671e-04
Loss = 1.8495e-02, PNorm = 53.3680, GNorm = 0.4538, lr_0 = 5.9698e-04
Loss = 1.3679e-02, PNorm = 53.3762, GNorm = 0.4717, lr_0 = 5.9725e-04
Loss = 1.6809e-02, PNorm = 53.3854, GNorm = 0.6303, lr_0 = 5.9752e-04
Loss = 1.9579e-02, PNorm = 53.3972, GNorm = 0.5445, lr_0 = 5.9779e-04
Loss = 1.6832e-02, PNorm = 53.4093, GNorm = 0.5728, lr_0 = 5.9806e-04
Loss = 1.5836e-02, PNorm = 53.4190, GNorm = 0.6304, lr_0 = 5.9834e-04
Loss = 1.6338e-02, PNorm = 53.4287, GNorm = 0.5196, lr_0 = 5.9861e-04
Loss = 1.7123e-02, PNorm = 53.4379, GNorm = 0.4691, lr_0 = 5.9888e-04
Loss = 1.6923e-02, PNorm = 53.4468, GNorm = 0.9109, lr_0 = 5.9915e-04
Loss = 1.6894e-02, PNorm = 53.4582, GNorm = 0.4432, lr_0 = 5.9942e-04
Loss = 1.8399e-02, PNorm = 53.4678, GNorm = 1.0046, lr_0 = 5.9970e-04
Loss = 1.4632e-02, PNorm = 53.4805, GNorm = 0.5659, lr_0 = 5.9997e-04
Loss = 1.8006e-02, PNorm = 53.4897, GNorm = 0.4515, lr_0 = 6.0024e-04
Loss = 1.8204e-02, PNorm = 53.5024, GNorm = 1.0955, lr_0 = 6.0051e-04
Loss = 1.6712e-02, PNorm = 53.5144, GNorm = 0.6677, lr_0 = 6.0078e-04
Loss = 1.8389e-02, PNorm = 53.5255, GNorm = 0.9696, lr_0 = 6.0105e-04
Loss = 1.4655e-02, PNorm = 53.5331, GNorm = 0.5402, lr_0 = 6.0133e-04
Loss = 1.5756e-02, PNorm = 53.5422, GNorm = 1.0258, lr_0 = 6.0160e-04
Loss = 1.6693e-02, PNorm = 53.5532, GNorm = 0.3439, lr_0 = 6.0187e-04
Loss = 1.6391e-02, PNorm = 53.5629, GNorm = 0.6104, lr_0 = 6.0214e-04
Loss = 2.3313e-02, PNorm = 53.5708, GNorm = 1.3737, lr_0 = 6.0241e-04
Loss = 2.0088e-02, PNorm = 53.5827, GNorm = 0.5226, lr_0 = 6.0268e-04
Loss = 1.7530e-02, PNorm = 53.5917, GNorm = 0.4410, lr_0 = 6.0296e-04
Loss = 1.7127e-02, PNorm = 53.6042, GNorm = 0.9792, lr_0 = 6.0323e-04
Loss = 1.5823e-02, PNorm = 53.6121, GNorm = 0.5776, lr_0 = 6.0350e-04
Loss = 1.4745e-02, PNorm = 53.6216, GNorm = 1.1622, lr_0 = 6.0377e-04
Loss = 1.3430e-02, PNorm = 53.6294, GNorm = 0.2444, lr_0 = 6.0404e-04
Loss = 1.8378e-02, PNorm = 53.6368, GNorm = 1.0225, lr_0 = 6.0431e-04
Loss = 1.9404e-02, PNorm = 53.6514, GNorm = 0.9207, lr_0 = 6.0459e-04
Loss = 1.9670e-02, PNorm = 53.6653, GNorm = 0.9920, lr_0 = 6.0486e-04
Loss = 2.0919e-02, PNorm = 53.6758, GNorm = 1.0659, lr_0 = 6.0513e-04
Loss = 2.7401e-02, PNorm = 53.6864, GNorm = 0.6374, lr_0 = 6.0540e-04
Loss = 2.3629e-02, PNorm = 53.7056, GNorm = 1.1067, lr_0 = 6.0567e-04
Loss = 1.9741e-02, PNorm = 53.7212, GNorm = 1.2646, lr_0 = 6.0594e-04
Loss = 1.6659e-02, PNorm = 53.7354, GNorm = 0.5763, lr_0 = 6.0622e-04
Loss = 1.9281e-02, PNorm = 53.7496, GNorm = 0.9775, lr_0 = 6.0649e-04
Loss = 1.5645e-02, PNorm = 53.7591, GNorm = 0.5088, lr_0 = 6.0676e-04
Loss = 2.1682e-02, PNorm = 53.7699, GNorm = 1.4555, lr_0 = 6.0703e-04
Loss = 1.8268e-02, PNorm = 53.7805, GNorm = 0.8469, lr_0 = 6.0730e-04
Loss = 1.8547e-02, PNorm = 53.7909, GNorm = 1.2039, lr_0 = 6.0757e-04
Loss = 2.2284e-02, PNorm = 53.8028, GNorm = 1.1180, lr_0 = 6.0785e-04
Loss = 2.2516e-02, PNorm = 53.8161, GNorm = 1.5784, lr_0 = 6.0812e-04
Loss = 2.4818e-02, PNorm = 53.8328, GNorm = 0.9974, lr_0 = 6.0839e-04
Loss = 2.4640e-02, PNorm = 53.8487, GNorm = 1.4043, lr_0 = 6.0866e-04
Loss = 1.8613e-02, PNorm = 53.8646, GNorm = 0.9222, lr_0 = 6.0893e-04
Loss = 1.6889e-02, PNorm = 53.8756, GNorm = 0.5613, lr_0 = 6.0920e-04
Loss = 1.6483e-02, PNorm = 53.8870, GNorm = 0.4590, lr_0 = 6.0948e-04
Loss = 1.9865e-02, PNorm = 53.8981, GNorm = 0.5092, lr_0 = 6.0975e-04
Loss = 2.2120e-02, PNorm = 53.9106, GNorm = 0.6226, lr_0 = 6.1002e-04
Loss = 2.4838e-02, PNorm = 53.9293, GNorm = 0.5972, lr_0 = 6.1029e-04
Loss = 2.4372e-02, PNorm = 53.9461, GNorm = 0.7338, lr_0 = 6.1056e-04
Loss = 1.9776e-02, PNorm = 53.9655, GNorm = 0.9054, lr_0 = 6.1084e-04
Loss = 1.8134e-02, PNorm = 53.9797, GNorm = 0.9777, lr_0 = 6.1111e-04
Loss = 1.7416e-02, PNorm = 53.9931, GNorm = 0.5495, lr_0 = 6.1138e-04
Loss = 1.8368e-02, PNorm = 54.0022, GNorm = 0.5012, lr_0 = 6.1165e-04
Loss = 1.5313e-02, PNorm = 54.0148, GNorm = 0.4079, lr_0 = 6.1192e-04
Loss = 1.3234e-02, PNorm = 54.0271, GNorm = 0.3858, lr_0 = 6.1219e-04
Loss = 1.5275e-02, PNorm = 54.0345, GNorm = 1.3377, lr_0 = 6.1247e-04
Loss = 1.6167e-02, PNorm = 54.0459, GNorm = 1.0474, lr_0 = 6.1274e-04
Loss = 1.5048e-02, PNorm = 54.0569, GNorm = 0.8077, lr_0 = 6.1301e-04
Loss = 1.4087e-02, PNorm = 54.0671, GNorm = 0.3938, lr_0 = 6.1328e-04
Loss = 1.3759e-02, PNorm = 54.0759, GNorm = 0.3841, lr_0 = 6.1355e-04
Loss = 1.2134e-02, PNorm = 54.0853, GNorm = 0.3936, lr_0 = 6.1382e-04
Loss = 1.3323e-02, PNorm = 54.0894, GNorm = 0.4028, lr_0 = 6.1410e-04
Loss = 1.6065e-02, PNorm = 54.1000, GNorm = 0.5134, lr_0 = 6.1437e-04
Loss = 1.1375e-02, PNorm = 54.1081, GNorm = 0.6507, lr_0 = 6.1464e-04
Loss = 1.4214e-02, PNorm = 54.1169, GNorm = 1.1059, lr_0 = 6.1491e-04
Loss = 1.3347e-02, PNorm = 54.1287, GNorm = 0.6556, lr_0 = 6.1518e-04
Loss = 1.3158e-02, PNorm = 54.1353, GNorm = 0.8759, lr_0 = 6.1545e-04
Loss = 1.1293e-02, PNorm = 54.1425, GNorm = 0.7225, lr_0 = 6.1573e-04
Loss = 1.5922e-02, PNorm = 54.1503, GNorm = 0.8995, lr_0 = 6.1600e-04
Loss = 1.3978e-02, PNorm = 54.1567, GNorm = 0.7648, lr_0 = 6.1627e-04
Loss = 1.6987e-02, PNorm = 54.1678, GNorm = 0.8117, lr_0 = 6.1654e-04
Loss = 1.1911e-02, PNorm = 54.1797, GNorm = 0.4900, lr_0 = 6.1681e-04
Loss = 1.2858e-02, PNorm = 54.1875, GNorm = 0.5555, lr_0 = 6.1708e-04
Loss = 1.5541e-02, PNorm = 54.1994, GNorm = 0.6407, lr_0 = 6.1736e-04
Loss = 1.2925e-02, PNorm = 54.2092, GNorm = 0.4059, lr_0 = 6.1763e-04
Loss = 1.5605e-02, PNorm = 54.2191, GNorm = 0.8686, lr_0 = 6.1790e-04
Loss = 1.4989e-02, PNorm = 54.2255, GNorm = 1.2328, lr_0 = 6.1817e-04
Loss = 1.7130e-02, PNorm = 54.2359, GNorm = 1.1544, lr_0 = 6.1844e-04
Loss = 1.7171e-02, PNorm = 54.2500, GNorm = 0.7423, lr_0 = 6.1871e-04
Loss = 1.3523e-02, PNorm = 54.2632, GNorm = 0.3823, lr_0 = 6.1899e-04
Loss = 1.3168e-02, PNorm = 54.2767, GNorm = 0.4183, lr_0 = 6.1926e-04
Loss = 1.3203e-02, PNorm = 54.2854, GNorm = 0.6647, lr_0 = 6.1953e-04
Loss = 1.2164e-02, PNorm = 54.2923, GNorm = 0.4579, lr_0 = 6.1980e-04
Loss = 1.1895e-02, PNorm = 54.3005, GNorm = 0.4884, lr_0 = 6.2007e-04
Loss = 1.3661e-02, PNorm = 54.3053, GNorm = 0.3931, lr_0 = 6.2034e-04
Loss = 1.1831e-02, PNorm = 54.3137, GNorm = 0.3355, lr_0 = 6.2062e-04
Loss = 1.3272e-02, PNorm = 54.3185, GNorm = 0.6345, lr_0 = 6.2089e-04
Loss = 1.0279e-02, PNorm = 54.3244, GNorm = 0.3682, lr_0 = 6.2116e-04
Loss = 1.3224e-02, PNorm = 54.3309, GNorm = 0.6132, lr_0 = 6.2143e-04
Loss = 1.2347e-02, PNorm = 54.3362, GNorm = 0.2567, lr_0 = 6.2170e-04
Loss = 1.2756e-02, PNorm = 54.3422, GNorm = 0.9279, lr_0 = 6.2198e-04
Loss = 1.1431e-02, PNorm = 54.3503, GNorm = 0.6083, lr_0 = 6.2225e-04
Loss = 1.0608e-02, PNorm = 54.3576, GNorm = 0.4886, lr_0 = 6.2252e-04
Loss = 1.2347e-02, PNorm = 54.3660, GNorm = 0.3681, lr_0 = 6.2279e-04
Loss = 1.3018e-02, PNorm = 54.3741, GNorm = 0.3612, lr_0 = 6.2306e-04
Loss = 1.6549e-02, PNorm = 54.3808, GNorm = 0.4289, lr_0 = 6.2333e-04
Loss = 1.5416e-02, PNorm = 54.3885, GNorm = 0.4840, lr_0 = 6.2361e-04
Loss = 1.4113e-02, PNorm = 54.4011, GNorm = 0.5382, lr_0 = 6.2388e-04
Loss = 1.4521e-02, PNorm = 54.4118, GNorm = 0.6519, lr_0 = 6.2415e-04
Loss = 1.5822e-02, PNorm = 54.4208, GNorm = 0.5768, lr_0 = 6.2442e-04
Loss = 1.8793e-02, PNorm = 54.4340, GNorm = 0.4616, lr_0 = 6.2469e-04
Loss = 1.7308e-02, PNorm = 54.4488, GNorm = 0.3720, lr_0 = 6.2496e-04
Loss = 1.9062e-02, PNorm = 54.4591, GNorm = 0.4617, lr_0 = 6.2524e-04
Loss = 1.6647e-02, PNorm = 54.4684, GNorm = 0.8499, lr_0 = 6.2551e-04
Loss = 1.6455e-02, PNorm = 54.4773, GNorm = 0.4733, lr_0 = 6.2578e-04
Loss = 1.5488e-02, PNorm = 54.4895, GNorm = 0.5142, lr_0 = 6.2605e-04
Loss = 1.3752e-02, PNorm = 54.4987, GNorm = 0.3738, lr_0 = 6.2632e-04
Loss = 1.2315e-02, PNorm = 54.5073, GNorm = 0.5655, lr_0 = 6.2659e-04
Loss = 1.3920e-02, PNorm = 54.5191, GNorm = 0.5022, lr_0 = 6.2687e-04
Loss = 1.1491e-02, PNorm = 54.5305, GNorm = 0.3943, lr_0 = 6.2714e-04
Loss = 1.2780e-02, PNorm = 54.5401, GNorm = 0.3665, lr_0 = 6.2741e-04
Loss = 1.2620e-02, PNorm = 54.5485, GNorm = 0.6002, lr_0 = 6.2768e-04
Loss = 1.4602e-02, PNorm = 54.5583, GNorm = 0.8087, lr_0 = 6.2795e-04
Loss = 1.1248e-02, PNorm = 54.5675, GNorm = 0.4997, lr_0 = 6.2822e-04
Loss = 1.1734e-02, PNorm = 54.5745, GNorm = 0.4224, lr_0 = 6.2850e-04
Loss = 1.1088e-02, PNorm = 54.5814, GNorm = 0.3391, lr_0 = 6.2877e-04
Loss = 1.6285e-02, PNorm = 54.5921, GNorm = 0.6864, lr_0 = 6.2904e-04
Loss = 1.8141e-02, PNorm = 54.6038, GNorm = 0.6362, lr_0 = 6.2931e-04
Loss = 1.2037e-02, PNorm = 54.6151, GNorm = 0.5711, lr_0 = 6.2958e-04
Loss = 1.4905e-02, PNorm = 54.6232, GNorm = 1.2889, lr_0 = 6.2985e-04
Loss = 1.3613e-02, PNorm = 54.6346, GNorm = 0.4842, lr_0 = 6.3013e-04
Loss = 1.5244e-02, PNorm = 54.6440, GNorm = 0.3673, lr_0 = 6.3040e-04
Loss = 1.6193e-02, PNorm = 54.6563, GNorm = 1.5983, lr_0 = 6.3067e-04
Loss = 1.6273e-02, PNorm = 54.6729, GNorm = 0.3952, lr_0 = 6.3094e-04
Loss = 1.4980e-02, PNorm = 54.6859, GNorm = 0.4289, lr_0 = 6.3121e-04
Loss = 1.6218e-02, PNorm = 54.6916, GNorm = 0.5100, lr_0 = 6.3148e-04
Loss = 1.4424e-02, PNorm = 54.7012, GNorm = 0.6215, lr_0 = 6.3176e-04
Loss = 1.1874e-02, PNorm = 54.7148, GNorm = 0.4405, lr_0 = 6.3203e-04
Loss = 1.3421e-02, PNorm = 54.7240, GNorm = 0.2619, lr_0 = 6.3230e-04
Loss = 1.2759e-02, PNorm = 54.7362, GNorm = 0.3151, lr_0 = 6.3257e-04
Loss = 1.1409e-02, PNorm = 54.7480, GNorm = 0.4850, lr_0 = 6.3284e-04
Loss = 1.4625e-02, PNorm = 54.7573, GNorm = 0.2934, lr_0 = 6.3311e-04
Loss = 1.4017e-02, PNorm = 54.7651, GNorm = 0.7084, lr_0 = 6.3339e-04
Loss = 1.4602e-02, PNorm = 54.7755, GNorm = 0.3619, lr_0 = 6.3366e-04
Loss = 1.3086e-02, PNorm = 54.7859, GNorm = 0.4108, lr_0 = 6.3393e-04
Loss = 1.3449e-02, PNorm = 54.7954, GNorm = 0.8810, lr_0 = 6.3420e-04
Loss = 1.2794e-02, PNorm = 54.8039, GNorm = 0.8569, lr_0 = 6.3447e-04
Loss = 1.4193e-02, PNorm = 54.8157, GNorm = 0.7859, lr_0 = 6.3475e-04
Loss = 1.7598e-02, PNorm = 54.8263, GNorm = 0.3010, lr_0 = 6.3502e-04
Loss = 1.5722e-02, PNorm = 54.8409, GNorm = 0.3025, lr_0 = 6.3529e-04
Loss = 1.3805e-02, PNorm = 54.8534, GNorm = 0.5903, lr_0 = 6.3556e-04
Loss = 1.3684e-02, PNorm = 54.8643, GNorm = 0.6137, lr_0 = 6.3583e-04
Loss = 1.5403e-02, PNorm = 54.8767, GNorm = 0.9754, lr_0 = 6.3610e-04
Loss = 1.1382e-02, PNorm = 54.8879, GNorm = 0.3015, lr_0 = 6.3638e-04
Loss = 1.6114e-02, PNorm = 54.8989, GNorm = 0.5714, lr_0 = 6.3665e-04
Loss = 1.1843e-02, PNorm = 54.9056, GNorm = 0.3028, lr_0 = 6.3692e-04
Loss = 1.5771e-02, PNorm = 54.9136, GNorm = 1.0815, lr_0 = 6.3719e-04
Loss = 1.6442e-02, PNorm = 54.9266, GNorm = 0.5805, lr_0 = 6.3746e-04
Loss = 1.3848e-02, PNorm = 54.9377, GNorm = 0.3854, lr_0 = 6.3773e-04
Loss = 1.2042e-02, PNorm = 54.9478, GNorm = 0.5002, lr_0 = 6.3801e-04
Loss = 1.6204e-02, PNorm = 54.9591, GNorm = 0.3903, lr_0 = 6.3828e-04
Loss = 1.4373e-02, PNorm = 54.9698, GNorm = 0.4817, lr_0 = 6.3855e-04
Loss = 1.7617e-02, PNorm = 54.9821, GNorm = 0.3087, lr_0 = 6.3882e-04
Loss = 1.8184e-02, PNorm = 55.0002, GNorm = 0.8201, lr_0 = 6.3909e-04
Loss = 1.6166e-02, PNorm = 55.0138, GNorm = 0.4948, lr_0 = 6.3936e-04
Loss = 1.5106e-02, PNorm = 55.0284, GNorm = 0.6057, lr_0 = 6.3964e-04
Loss = 1.4320e-02, PNorm = 55.0392, GNorm = 0.3861, lr_0 = 6.3991e-04
Loss = 1.7374e-02, PNorm = 55.0525, GNorm = 1.0268, lr_0 = 6.4018e-04
Loss = 1.7098e-02, PNorm = 55.0679, GNorm = 0.8010, lr_0 = 6.4045e-04
Loss = 1.9397e-02, PNorm = 55.0845, GNorm = 0.5224, lr_0 = 6.4072e-04
Loss = 1.7916e-02, PNorm = 55.0998, GNorm = 0.5917, lr_0 = 6.4099e-04
Loss = 1.8604e-02, PNorm = 55.1138, GNorm = 0.3399, lr_0 = 6.4127e-04
Loss = 2.0476e-02, PNorm = 55.1312, GNorm = 0.8695, lr_0 = 6.4154e-04
Loss = 2.6007e-02, PNorm = 55.1531, GNorm = 0.4157, lr_0 = 6.4181e-04
Loss = 1.7029e-02, PNorm = 55.1728, GNorm = 0.6096, lr_0 = 6.4208e-04
Loss = 1.8567e-02, PNorm = 55.1921, GNorm = 0.5926, lr_0 = 6.4235e-04
Loss = 1.3948e-02, PNorm = 55.2067, GNorm = 0.3883, lr_0 = 6.4262e-04
Loss = 1.6096e-02, PNorm = 55.2201, GNorm = 0.5082, lr_0 = 6.4290e-04
Loss = 1.3311e-02, PNorm = 55.2327, GNorm = 0.4352, lr_0 = 6.4317e-04
Loss = 1.6445e-02, PNorm = 55.2447, GNorm = 0.9327, lr_0 = 6.4344e-04
Loss = 1.2642e-02, PNorm = 55.2555, GNorm = 0.3373, lr_0 = 6.4371e-04
Loss = 1.3711e-02, PNorm = 55.2672, GNorm = 0.5909, lr_0 = 6.4398e-04
Loss = 1.2539e-02, PNorm = 55.2747, GNorm = 0.5312, lr_0 = 6.4425e-04
Loss = 1.5326e-02, PNorm = 55.2866, GNorm = 1.2364, lr_0 = 6.4453e-04
Loss = 1.3443e-02, PNorm = 55.2956, GNorm = 0.7150, lr_0 = 6.4480e-04
Loss = 1.4830e-02, PNorm = 55.3040, GNorm = 0.3168, lr_0 = 6.4507e-04
Loss = 1.3103e-02, PNorm = 55.3129, GNorm = 0.5916, lr_0 = 6.4534e-04
Loss = 1.3578e-02, PNorm = 55.3209, GNorm = 0.4697, lr_0 = 6.4561e-04
Loss = 1.1227e-02, PNorm = 55.3317, GNorm = 0.4182, lr_0 = 6.4589e-04
Loss = 1.1613e-02, PNorm = 55.3420, GNorm = 0.2635, lr_0 = 6.4616e-04
Loss = 1.0731e-02, PNorm = 55.3529, GNorm = 0.5280, lr_0 = 6.4643e-04
Loss = 1.0999e-02, PNorm = 55.3601, GNorm = 0.3043, lr_0 = 6.4670e-04
Loss = 1.1194e-02, PNorm = 55.3701, GNorm = 0.4936, lr_0 = 6.4697e-04
Loss = 9.5023e-03, PNorm = 55.3806, GNorm = 0.2414, lr_0 = 6.4724e-04
Loss = 1.1815e-02, PNorm = 55.3906, GNorm = 0.4536, lr_0 = 6.4752e-04
Loss = 7.4422e-03, PNorm = 55.3985, GNorm = 0.2298, lr_0 = 6.4779e-04
Loss = 1.0783e-02, PNorm = 55.4067, GNorm = 0.5554, lr_0 = 6.4806e-04
Loss = 1.1660e-02, PNorm = 55.4139, GNorm = 0.2676, lr_0 = 6.4833e-04
Loss = 9.6372e-03, PNorm = 55.4226, GNorm = 0.4462, lr_0 = 6.4860e-04
Loss = 1.1874e-02, PNorm = 55.4297, GNorm = 0.4144, lr_0 = 6.4887e-04
Loss = 1.2084e-02, PNorm = 55.4376, GNorm = 1.1505, lr_0 = 6.4915e-04
Loss = 9.8360e-03, PNorm = 55.4476, GNorm = 0.3021, lr_0 = 6.4942e-04
Loss = 9.0806e-03, PNorm = 55.4532, GNorm = 0.3620, lr_0 = 6.4969e-04
Loss = 1.1092e-02, PNorm = 55.4592, GNorm = 0.4314, lr_0 = 6.4996e-04
Loss = 1.1281e-02, PNorm = 55.4645, GNorm = 0.6656, lr_0 = 6.5023e-04
Loss = 1.0910e-02, PNorm = 55.4729, GNorm = 0.5782, lr_0 = 6.5050e-04
Loss = 1.0987e-02, PNorm = 55.4781, GNorm = 0.3595, lr_0 = 6.5078e-04
Loss = 1.1325e-02, PNorm = 55.4863, GNorm = 0.9667, lr_0 = 6.5105e-04
Loss = 1.0509e-02, PNorm = 55.4949, GNorm = 0.6590, lr_0 = 6.5132e-04
Loss = 1.1152e-02, PNorm = 55.5051, GNorm = 0.4897, lr_0 = 6.5159e-04
Loss = 1.6276e-02, PNorm = 55.5158, GNorm = 1.3324, lr_0 = 6.5186e-04
Loss = 1.1846e-02, PNorm = 55.5271, GNorm = 0.3803, lr_0 = 6.5213e-04
Loss = 1.0935e-02, PNorm = 55.5391, GNorm = 0.3192, lr_0 = 6.5241e-04
Loss = 1.0778e-02, PNorm = 55.5475, GNorm = 0.2903, lr_0 = 6.5268e-04
Loss = 1.1882e-02, PNorm = 55.5571, GNorm = 0.3073, lr_0 = 6.5295e-04
Loss = 1.0473e-02, PNorm = 55.5677, GNorm = 0.3256, lr_0 = 6.5322e-04
Loss = 1.0683e-02, PNorm = 55.5797, GNorm = 0.2848, lr_0 = 6.5349e-04
Loss = 1.2008e-02, PNorm = 55.5898, GNorm = 0.3125, lr_0 = 6.5376e-04
Loss = 1.0704e-02, PNorm = 55.5969, GNorm = 0.6406, lr_0 = 6.5404e-04
Loss = 1.1655e-02, PNorm = 55.6066, GNorm = 0.3982, lr_0 = 6.5431e-04
Loss = 1.0644e-02, PNorm = 55.6144, GNorm = 0.3363, lr_0 = 6.5458e-04
Loss = 1.1151e-02, PNorm = 55.6216, GNorm = 0.4295, lr_0 = 6.5485e-04
Loss = 1.2681e-02, PNorm = 55.6321, GNorm = 0.4463, lr_0 = 6.5512e-04
Loss = 1.1619e-02, PNorm = 55.6410, GNorm = 0.6603, lr_0 = 6.5539e-04
Loss = 1.2028e-02, PNorm = 55.6517, GNorm = 0.3025, lr_0 = 6.5567e-04
Loss = 1.2022e-02, PNorm = 55.6611, GNorm = 0.7805, lr_0 = 6.5594e-04
Loss = 1.2016e-02, PNorm = 55.6731, GNorm = 0.6385, lr_0 = 6.5621e-04
Loss = 1.6723e-02, PNorm = 55.6820, GNorm = 1.0595, lr_0 = 6.5648e-04
Loss = 1.7685e-02, PNorm = 55.6916, GNorm = 0.3270, lr_0 = 6.5675e-04
Loss = 1.8448e-02, PNorm = 55.7088, GNorm = 0.4569, lr_0 = 6.5703e-04
Loss = 1.4226e-02, PNorm = 55.7237, GNorm = 0.5182, lr_0 = 6.5730e-04
Loss = 1.3925e-02, PNorm = 55.7365, GNorm = 0.7227, lr_0 = 6.5757e-04
Loss = 1.6743e-02, PNorm = 55.7509, GNorm = 0.6494, lr_0 = 6.5784e-04
Loss = 1.2766e-02, PNorm = 55.7647, GNorm = 0.3666, lr_0 = 6.5811e-04
Loss = 9.4994e-03, PNorm = 55.7774, GNorm = 0.2233, lr_0 = 6.5838e-04
Loss = 9.5473e-03, PNorm = 55.7871, GNorm = 0.3037, lr_0 = 6.5866e-04
Loss = 9.5582e-03, PNorm = 55.7962, GNorm = 0.2899, lr_0 = 6.5893e-04
Loss = 1.2976e-02, PNorm = 55.8036, GNorm = 0.4737, lr_0 = 6.5920e-04
Loss = 1.4832e-02, PNorm = 55.8156, GNorm = 0.4153, lr_0 = 6.5947e-04
Loss = 1.2132e-02, PNorm = 55.8252, GNorm = 0.7223, lr_0 = 6.5974e-04
Loss = 1.0168e-02, PNorm = 55.8373, GNorm = 0.2353, lr_0 = 6.6001e-04
Loss = 1.2043e-02, PNorm = 55.8465, GNorm = 0.9073, lr_0 = 6.6029e-04
Loss = 1.3492e-02, PNorm = 55.8561, GNorm = 0.4803, lr_0 = 6.6056e-04
Loss = 1.7775e-02, PNorm = 55.8681, GNorm = 0.4450, lr_0 = 6.6083e-04
Loss = 1.4183e-02, PNorm = 55.8830, GNorm = 0.2726, lr_0 = 6.6110e-04
Loss = 1.4535e-02, PNorm = 55.8955, GNorm = 0.8990, lr_0 = 6.6137e-04
Loss = 1.6754e-02, PNorm = 55.9109, GNorm = 0.7451, lr_0 = 6.6164e-04
Loss = 1.4427e-02, PNorm = 55.9260, GNorm = 0.3944, lr_0 = 6.6192e-04
Loss = 1.5640e-02, PNorm = 55.9461, GNorm = 1.1178, lr_0 = 6.6219e-04
Loss = 1.4188e-02, PNorm = 55.9622, GNorm = 0.2656, lr_0 = 6.6246e-04
Loss = 1.1255e-02, PNorm = 55.9762, GNorm = 0.4681, lr_0 = 6.6273e-04
Loss = 1.3868e-02, PNorm = 55.9857, GNorm = 0.5426, lr_0 = 6.6300e-04
Loss = 1.3956e-02, PNorm = 55.9978, GNorm = 0.4971, lr_0 = 6.6327e-04
Loss = 1.3144e-02, PNorm = 56.0093, GNorm = 0.3916, lr_0 = 6.6355e-04
Loss = 1.4475e-02, PNorm = 56.0202, GNorm = 0.6856, lr_0 = 6.6382e-04
Loss = 1.4838e-02, PNorm = 56.0331, GNorm = 0.3149, lr_0 = 6.6409e-04
Loss = 1.2689e-02, PNorm = 56.0462, GNorm = 0.3047, lr_0 = 6.6436e-04
Loss = 1.2725e-02, PNorm = 56.0623, GNorm = 0.8381, lr_0 = 6.6463e-04
Loss = 1.3334e-02, PNorm = 56.0762, GNorm = 0.5968, lr_0 = 6.6490e-04
Loss = 1.4913e-02, PNorm = 56.0894, GNorm = 0.3387, lr_0 = 6.6518e-04
Loss = 1.4064e-02, PNorm = 56.1043, GNorm = 0.4865, lr_0 = 6.6545e-04
Loss = 1.2250e-02, PNorm = 56.1150, GNorm = 0.4041, lr_0 = 6.6572e-04
Loss = 1.3475e-02, PNorm = 56.1244, GNorm = 0.7990, lr_0 = 6.6599e-04
Loss = 1.2533e-02, PNorm = 56.1352, GNorm = 0.5286, lr_0 = 6.6626e-04
Loss = 1.3396e-02, PNorm = 56.1485, GNorm = 0.5867, lr_0 = 6.6653e-04
Loss = 1.3604e-02, PNorm = 56.1614, GNorm = 0.4250, lr_0 = 6.6681e-04
Loss = 1.4366e-02, PNorm = 56.1784, GNorm = 0.4837, lr_0 = 6.6708e-04
Loss = 1.1845e-02, PNorm = 56.1898, GNorm = 0.3912, lr_0 = 6.6735e-04
Loss = 1.3457e-02, PNorm = 56.2047, GNorm = 0.3837, lr_0 = 6.6762e-04
Loss = 1.1670e-02, PNorm = 56.2212, GNorm = 0.5861, lr_0 = 6.6789e-04
Loss = 1.3939e-02, PNorm = 56.2322, GNorm = 0.3426, lr_0 = 6.6817e-04
Loss = 1.3598e-02, PNorm = 56.2455, GNorm = 0.4242, lr_0 = 6.6844e-04
Loss = 1.3009e-02, PNorm = 56.2570, GNorm = 0.3691, lr_0 = 6.6871e-04
Loss = 1.3841e-02, PNorm = 56.2705, GNorm = 0.3039, lr_0 = 6.6898e-04
Loss = 1.0666e-02, PNorm = 56.2808, GNorm = 0.5260, lr_0 = 6.6925e-04
Loss = 1.2526e-02, PNorm = 56.2892, GNorm = 0.8068, lr_0 = 6.6952e-04
Loss = 1.1074e-02, PNorm = 56.3007, GNorm = 0.3632, lr_0 = 6.6980e-04
Loss = 1.2667e-02, PNorm = 56.3135, GNorm = 0.2581, lr_0 = 6.7007e-04
Loss = 1.3115e-02, PNorm = 56.3265, GNorm = 0.5619, lr_0 = 6.7034e-04
Loss = 1.2751e-02, PNorm = 56.3378, GNorm = 0.7787, lr_0 = 6.7061e-04
Loss = 1.2057e-02, PNorm = 56.3502, GNorm = 0.3769, lr_0 = 6.7088e-04
Loss = 1.2039e-02, PNorm = 56.3598, GNorm = 0.4294, lr_0 = 6.7115e-04
Loss = 1.4418e-02, PNorm = 56.3717, GNorm = 0.2991, lr_0 = 6.7143e-04
Loss = 1.2194e-02, PNorm = 56.3824, GNorm = 0.3655, lr_0 = 6.7170e-04
Loss = 1.1606e-02, PNorm = 56.3918, GNorm = 0.3860, lr_0 = 6.7197e-04
Loss = 1.2653e-02, PNorm = 56.4019, GNorm = 0.3446, lr_0 = 6.7224e-04
Loss = 1.4211e-02, PNorm = 56.4165, GNorm = 0.6977, lr_0 = 6.7251e-04
Loss = 1.3481e-02, PNorm = 56.4279, GNorm = 0.2446, lr_0 = 6.7278e-04
Loss = 1.3927e-02, PNorm = 56.4400, GNorm = 0.5037, lr_0 = 6.7306e-04
Loss = 1.1126e-02, PNorm = 56.4530, GNorm = 0.3749, lr_0 = 6.7333e-04
Loss = 1.1792e-02, PNorm = 56.4643, GNorm = 0.4823, lr_0 = 6.7360e-04
Loss = 1.5698e-02, PNorm = 56.4782, GNorm = 0.3840, lr_0 = 6.7387e-04
Loss = 1.3370e-02, PNorm = 56.4921, GNorm = 0.3814, lr_0 = 6.7414e-04
Loss = 1.3722e-02, PNorm = 56.5029, GNorm = 0.4521, lr_0 = 6.7441e-04
Loss = 1.1492e-02, PNorm = 56.5151, GNorm = 0.3115, lr_0 = 6.7469e-04
Loss = 1.2679e-02, PNorm = 56.5289, GNorm = 0.3074, lr_0 = 6.7496e-04
Loss = 1.0831e-02, PNorm = 56.5445, GNorm = 0.3569, lr_0 = 6.7523e-04
Loss = 1.2504e-02, PNorm = 56.5584, GNorm = 0.4930, lr_0 = 6.7550e-04
Loss = 1.5061e-02, PNorm = 56.5733, GNorm = 0.7573, lr_0 = 6.7577e-04
Loss = 1.7294e-02, PNorm = 56.5839, GNorm = 0.2673, lr_0 = 6.7604e-04
Loss = 1.3777e-02, PNorm = 56.5983, GNorm = 0.5414, lr_0 = 6.7632e-04
Loss = 2.0037e-02, PNorm = 56.6103, GNorm = 1.5726, lr_0 = 6.7659e-04
Loss = 1.7481e-02, PNorm = 56.6268, GNorm = 0.7536, lr_0 = 6.7686e-04
Loss = 1.5906e-02, PNorm = 56.6462, GNorm = 0.5563, lr_0 = 6.7713e-04
Loss = 1.4129e-02, PNorm = 56.6683, GNorm = 0.4439, lr_0 = 6.7740e-04
Loss = 1.2418e-02, PNorm = 56.6840, GNorm = 0.3845, lr_0 = 6.7767e-04
Loss = 1.4732e-02, PNorm = 56.6998, GNorm = 0.4680, lr_0 = 6.7795e-04
Loss = 1.3848e-02, PNorm = 56.7141, GNorm = 0.5406, lr_0 = 6.7822e-04
Loss = 1.4455e-02, PNorm = 56.7287, GNorm = 0.8119, lr_0 = 6.7849e-04
Loss = 1.2443e-02, PNorm = 56.7430, GNorm = 0.2654, lr_0 = 6.7876e-04
Loss = 1.4521e-02, PNorm = 56.7559, GNorm = 0.2061, lr_0 = 6.7903e-04
Loss = 1.2269e-02, PNorm = 56.7733, GNorm = 0.2614, lr_0 = 6.7931e-04
Loss = 1.3067e-02, PNorm = 56.7869, GNorm = 0.4807, lr_0 = 6.7958e-04
Loss = 1.0918e-02, PNorm = 56.7982, GNorm = 0.3174, lr_0 = 6.7985e-04
Loss = 1.3077e-02, PNorm = 56.8118, GNorm = 0.3206, lr_0 = 6.8012e-04
Loss = 1.3081e-02, PNorm = 56.8233, GNorm = 0.9571, lr_0 = 6.8039e-04
Loss = 1.1036e-02, PNorm = 56.8310, GNorm = 0.3676, lr_0 = 6.8066e-04
Loss = 1.2509e-02, PNorm = 56.8396, GNorm = 0.5032, lr_0 = 6.8094e-04
Loss = 1.2222e-02, PNorm = 56.8483, GNorm = 0.6896, lr_0 = 6.8121e-04
Loss = 1.4747e-02, PNorm = 56.8612, GNorm = 0.6910, lr_0 = 6.8148e-04
Loss = 1.2360e-02, PNorm = 56.8734, GNorm = 0.4215, lr_0 = 6.8175e-04
Loss = 1.1611e-02, PNorm = 56.8865, GNorm = 0.5187, lr_0 = 6.8202e-04
Loss = 1.2035e-02, PNorm = 56.8994, GNorm = 0.5112, lr_0 = 6.8229e-04
Loss = 9.7115e-03, PNorm = 56.9107, GNorm = 0.5673, lr_0 = 6.8257e-04
Loss = 1.1834e-02, PNorm = 56.9226, GNorm = 0.2733, lr_0 = 6.8284e-04
Loss = 1.3987e-02, PNorm = 56.9338, GNorm = 0.7095, lr_0 = 6.8311e-04
Loss = 1.0033e-02, PNorm = 56.9442, GNorm = 0.2967, lr_0 = 6.8338e-04
Loss = 1.1916e-02, PNorm = 56.9517, GNorm = 0.5253, lr_0 = 6.8365e-04
Loss = 9.9181e-03, PNorm = 56.9645, GNorm = 0.6277, lr_0 = 6.8392e-04
Loss = 9.9236e-03, PNorm = 56.9751, GNorm = 0.5203, lr_0 = 6.8420e-04
Loss = 1.1041e-02, PNorm = 56.9841, GNorm = 0.4788, lr_0 = 6.8447e-04
Loss = 1.1990e-02, PNorm = 56.9932, GNorm = 0.2934, lr_0 = 6.8474e-04
Loss = 1.4134e-02, PNorm = 57.0050, GNorm = 0.7424, lr_0 = 6.8501e-04
Loss = 1.3000e-02, PNorm = 57.0180, GNorm = 0.4337, lr_0 = 6.8528e-04
Loss = 1.3981e-02, PNorm = 57.0352, GNorm = 0.2873, lr_0 = 6.8555e-04
Loss = 1.5592e-02, PNorm = 57.0477, GNorm = 0.5837, lr_0 = 6.8583e-04
Loss = 1.2503e-02, PNorm = 57.0625, GNorm = 0.4500, lr_0 = 6.8610e-04
Loss = 1.2611e-02, PNorm = 57.0779, GNorm = 0.2494, lr_0 = 6.8637e-04
Loss = 1.1887e-02, PNorm = 57.0905, GNorm = 0.3537, lr_0 = 6.8664e-04
Loss = 1.0089e-02, PNorm = 57.1023, GNorm = 0.2390, lr_0 = 6.8691e-04
Loss = 8.9493e-03, PNorm = 57.1079, GNorm = 0.2889, lr_0 = 6.8718e-04
Loss = 1.1180e-02, PNorm = 57.1161, GNorm = 0.2267, lr_0 = 6.8746e-04
Loss = 1.4497e-02, PNorm = 57.1270, GNorm = 0.4407, lr_0 = 6.8773e-04
Loss = 1.2596e-02, PNorm = 57.1391, GNorm = 0.6220, lr_0 = 6.8800e-04
Loss = 1.3840e-02, PNorm = 57.1515, GNorm = 0.2648, lr_0 = 6.8827e-04
Loss = 1.2622e-02, PNorm = 57.1667, GNorm = 0.3523, lr_0 = 6.8854e-04
Loss = 1.3145e-02, PNorm = 57.1793, GNorm = 0.6752, lr_0 = 6.8881e-04
Loss = 1.4971e-02, PNorm = 57.1984, GNorm = 0.9617, lr_0 = 6.8909e-04
Loss = 1.2758e-02, PNorm = 57.2128, GNorm = 0.5705, lr_0 = 6.8936e-04
Loss = 1.1391e-02, PNorm = 57.2241, GNorm = 0.2549, lr_0 = 6.8963e-04
Loss = 1.2000e-02, PNorm = 57.2409, GNorm = 0.3484, lr_0 = 6.8990e-04
Loss = 1.0354e-02, PNorm = 57.2539, GNorm = 0.3558, lr_0 = 6.9017e-04
Loss = 1.0047e-02, PNorm = 57.2666, GNorm = 0.3243, lr_0 = 6.9044e-04
Loss = 1.0814e-02, PNorm = 57.2773, GNorm = 0.4723, lr_0 = 6.9072e-04
Loss = 1.3764e-02, PNorm = 57.2890, GNorm = 0.3944, lr_0 = 6.9099e-04
Loss = 1.3518e-02, PNorm = 57.3043, GNorm = 0.4162, lr_0 = 6.9126e-04
Loss = 1.5101e-02, PNorm = 57.3179, GNorm = 1.0577, lr_0 = 6.9153e-04
Loss = 1.3381e-02, PNorm = 57.3387, GNorm = 0.7592, lr_0 = 6.9180e-04
Loss = 1.2152e-02, PNorm = 57.3569, GNorm = 0.5100, lr_0 = 6.9208e-04
Loss = 1.3285e-02, PNorm = 57.3704, GNorm = 0.3212, lr_0 = 6.9235e-04
Loss = 1.2395e-02, PNorm = 57.3811, GNorm = 0.4092, lr_0 = 6.9262e-04
Loss = 1.2218e-02, PNorm = 57.3941, GNorm = 0.3576, lr_0 = 6.9289e-04
Loss = 1.1433e-02, PNorm = 57.4039, GNorm = 0.4899, lr_0 = 6.9316e-04
Loss = 1.1856e-02, PNorm = 57.4159, GNorm = 0.3103, lr_0 = 6.9343e-04
Loss = 1.2002e-02, PNorm = 57.4287, GNorm = 0.2557, lr_0 = 6.9371e-04
Loss = 1.5121e-02, PNorm = 57.4397, GNorm = 0.4149, lr_0 = 6.9398e-04
Loss = 1.4911e-02, PNorm = 57.4557, GNorm = 0.6522, lr_0 = 6.9425e-04
Loss = 1.0993e-02, PNorm = 57.4679, GNorm = 0.4827, lr_0 = 6.9452e-04
Loss = 1.4432e-02, PNorm = 57.4801, GNorm = 0.4957, lr_0 = 6.9479e-04
Loss = 1.3003e-02, PNorm = 57.4928, GNorm = 0.2450, lr_0 = 6.9506e-04
Loss = 1.3158e-02, PNorm = 57.5086, GNorm = 0.2855, lr_0 = 6.9534e-04
Loss = 1.2808e-02, PNorm = 57.5251, GNorm = 0.2588, lr_0 = 6.9561e-04
Loss = 1.0723e-02, PNorm = 57.5413, GNorm = 0.3256, lr_0 = 6.9588e-04
Loss = 1.0442e-02, PNorm = 57.5513, GNorm = 0.2881, lr_0 = 6.9615e-04
Loss = 9.3827e-03, PNorm = 57.5587, GNorm = 0.2451, lr_0 = 6.9642e-04
Loss = 1.2887e-02, PNorm = 57.5688, GNorm = 0.4287, lr_0 = 6.9669e-04
Loss = 1.1020e-02, PNorm = 57.5794, GNorm = 0.2986, lr_0 = 6.9697e-04
Loss = 1.2951e-02, PNorm = 57.5941, GNorm = 0.4107, lr_0 = 6.9724e-04
Loss = 1.1559e-02, PNorm = 57.6061, GNorm = 0.2540, lr_0 = 6.9751e-04
Loss = 1.5470e-02, PNorm = 57.6219, GNorm = 0.3909, lr_0 = 6.9778e-04
Loss = 1.6368e-02, PNorm = 57.6405, GNorm = 0.6925, lr_0 = 6.9805e-04
Loss = 1.4350e-02, PNorm = 57.6574, GNorm = 0.2608, lr_0 = 6.9832e-04
Loss = 1.3034e-02, PNorm = 57.6738, GNorm = 0.3169, lr_0 = 6.9860e-04
Loss = 1.1702e-02, PNorm = 57.6883, GNorm = 0.2849, lr_0 = 6.9887e-04
Loss = 1.2443e-02, PNorm = 57.7009, GNorm = 0.4298, lr_0 = 6.9914e-04
Loss = 9.6875e-03, PNorm = 57.7146, GNorm = 0.3684, lr_0 = 6.9941e-04
Loss = 1.1790e-02, PNorm = 57.7263, GNorm = 0.6912, lr_0 = 6.9968e-04
Loss = 1.0524e-02, PNorm = 57.7328, GNorm = 0.3535, lr_0 = 6.9995e-04
Loss = 1.0837e-02, PNorm = 57.7437, GNorm = 0.2362, lr_0 = 7.0023e-04
Loss = 1.0966e-02, PNorm = 57.7573, GNorm = 0.5723, lr_0 = 7.0050e-04
Loss = 1.1840e-02, PNorm = 57.7709, GNorm = 0.9544, lr_0 = 7.0077e-04
Loss = 1.5043e-02, PNorm = 57.7821, GNorm = 0.8298, lr_0 = 7.0104e-04
Loss = 1.7622e-02, PNorm = 57.7964, GNorm = 1.2343, lr_0 = 7.0131e-04
Loss = 1.3810e-02, PNorm = 57.8141, GNorm = 0.4676, lr_0 = 7.0158e-04
Loss = 1.4692e-02, PNorm = 57.8300, GNorm = 0.5817, lr_0 = 7.0186e-04
Loss = 1.3275e-02, PNorm = 57.8519, GNorm = 0.5644, lr_0 = 7.0213e-04
Loss = 1.6405e-02, PNorm = 57.8729, GNorm = 0.3767, lr_0 = 7.0240e-04
Loss = 1.7093e-02, PNorm = 57.8892, GNorm = 0.5648, lr_0 = 7.0267e-04
Loss = 1.6435e-02, PNorm = 57.9137, GNorm = 0.2291, lr_0 = 7.0294e-04
Loss = 1.4006e-02, PNorm = 57.9357, GNorm = 0.4318, lr_0 = 7.0322e-04
Loss = 1.6276e-02, PNorm = 57.9561, GNorm = 0.5079, lr_0 = 7.0349e-04
Loss = 1.3155e-02, PNorm = 57.9758, GNorm = 0.5765, lr_0 = 7.0376e-04
Loss = 1.1509e-02, PNorm = 57.9913, GNorm = 0.4369, lr_0 = 7.0403e-04
Loss = 1.1330e-02, PNorm = 58.0038, GNorm = 0.3584, lr_0 = 7.0430e-04
Loss = 1.0902e-02, PNorm = 58.0150, GNorm = 0.3344, lr_0 = 7.0457e-04
Loss = 1.2024e-02, PNorm = 58.0265, GNorm = 0.8425, lr_0 = 7.0485e-04
Loss = 1.1833e-02, PNorm = 58.0360, GNorm = 0.3760, lr_0 = 7.0512e-04
Loss = 1.0253e-02, PNorm = 58.0450, GNorm = 0.3254, lr_0 = 7.0539e-04
Loss = 1.0923e-02, PNorm = 58.0548, GNorm = 0.4945, lr_0 = 7.0566e-04
Loss = 1.0864e-02, PNorm = 58.0662, GNorm = 0.2803, lr_0 = 7.0593e-04
Loss = 6.8327e-03, PNorm = 58.0745, GNorm = 0.2244, lr_0 = 7.0620e-04
Loss = 1.0707e-02, PNorm = 58.0853, GNorm = 0.3783, lr_0 = 7.0648e-04
Loss = 1.0079e-02, PNorm = 58.0948, GNorm = 0.2775, lr_0 = 7.0675e-04
Loss = 1.1795e-02, PNorm = 58.1047, GNorm = 0.3704, lr_0 = 7.0702e-04
Loss = 1.2684e-02, PNorm = 58.1134, GNorm = 0.6770, lr_0 = 7.0729e-04
Loss = 1.0440e-02, PNorm = 58.1234, GNorm = 0.2963, lr_0 = 7.0756e-04
Loss = 9.3000e-03, PNorm = 58.1336, GNorm = 0.3125, lr_0 = 7.0783e-04
Loss = 1.0306e-02, PNorm = 58.1467, GNorm = 0.2125, lr_0 = 7.0811e-04
Loss = 1.0641e-02, PNorm = 58.1575, GNorm = 0.5001, lr_0 = 7.0838e-04
Loss = 1.0582e-02, PNorm = 58.1724, GNorm = 0.5570, lr_0 = 7.0865e-04
Loss = 9.0924e-03, PNorm = 58.1854, GNorm = 0.2968, lr_0 = 7.0892e-04
Loss = 9.3955e-03, PNorm = 58.1955, GNorm = 0.6724, lr_0 = 7.0919e-04
Loss = 1.1054e-02, PNorm = 58.2041, GNorm = 0.2863, lr_0 = 7.0946e-04
Loss = 1.0782e-02, PNorm = 58.2134, GNorm = 0.3140, lr_0 = 7.0974e-04
Loss = 9.5696e-03, PNorm = 58.2226, GNorm = 0.5288, lr_0 = 7.1001e-04
Loss = 1.2374e-02, PNorm = 58.2345, GNorm = 0.1713, lr_0 = 7.1028e-04
Loss = 1.0492e-02, PNorm = 58.2457, GNorm = 0.2637, lr_0 = 7.1055e-04
Loss = 1.0007e-02, PNorm = 58.2612, GNorm = 0.3538, lr_0 = 7.1082e-04
Loss = 1.0245e-02, PNorm = 58.2710, GNorm = 0.2581, lr_0 = 7.1109e-04
Loss = 1.2167e-02, PNorm = 58.2786, GNorm = 0.7495, lr_0 = 7.1137e-04
Loss = 1.0545e-02, PNorm = 58.2920, GNorm = 0.3293, lr_0 = 7.1164e-04
Loss = 9.9933e-03, PNorm = 58.3034, GNorm = 0.2328, lr_0 = 7.1191e-04
Loss = 8.9008e-03, PNorm = 58.3123, GNorm = 0.2276, lr_0 = 7.1218e-04
Loss = 1.0863e-02, PNorm = 58.3208, GNorm = 0.2512, lr_0 = 7.1245e-04
Loss = 1.0656e-02, PNorm = 58.3309, GNorm = 0.3141, lr_0 = 7.1272e-04
Loss = 9.4851e-03, PNorm = 58.3388, GNorm = 0.2351, lr_0 = 7.1300e-04
Loss = 1.1256e-02, PNorm = 58.3495, GNorm = 0.4287, lr_0 = 7.1327e-04
Loss = 9.6550e-03, PNorm = 58.3623, GNorm = 0.2651, lr_0 = 7.1354e-04
Loss = 1.0097e-02, PNorm = 58.3737, GNorm = 0.5114, lr_0 = 7.1381e-04
Loss = 1.2376e-02, PNorm = 58.3846, GNorm = 0.6833, lr_0 = 7.1408e-04
Loss = 1.1903e-02, PNorm = 58.3974, GNorm = 0.3282, lr_0 = 7.1436e-04
Loss = 1.0493e-02, PNorm = 58.4083, GNorm = 0.1921, lr_0 = 7.1463e-04
Loss = 1.1108e-02, PNorm = 58.4219, GNorm = 0.4730, lr_0 = 7.1490e-04
Loss = 1.1496e-02, PNorm = 58.4374, GNorm = 0.6787, lr_0 = 7.1517e-04
Loss = 1.2926e-02, PNorm = 58.4531, GNorm = 0.4420, lr_0 = 7.1544e-04
Loss = 1.1026e-02, PNorm = 58.4691, GNorm = 0.2229, lr_0 = 7.1571e-04
Loss = 1.2243e-02, PNorm = 58.4814, GNorm = 0.2422, lr_0 = 7.1599e-04
Loss = 9.8977e-03, PNorm = 58.4943, GNorm = 0.1634, lr_0 = 7.1626e-04
Loss = 1.2141e-02, PNorm = 58.5090, GNorm = 0.9024, lr_0 = 7.1653e-04
Loss = 1.1173e-02, PNorm = 58.5254, GNorm = 0.2968, lr_0 = 7.1680e-04
Loss = 1.1186e-02, PNorm = 58.5365, GNorm = 0.2215, lr_0 = 7.1707e-04
Loss = 1.2173e-02, PNorm = 58.5502, GNorm = 0.2919, lr_0 = 7.1734e-04
Loss = 9.4959e-03, PNorm = 58.5679, GNorm = 0.3165, lr_0 = 7.1762e-04
Loss = 1.3166e-02, PNorm = 58.5820, GNorm = 0.6499, lr_0 = 7.1789e-04
Loss = 1.3223e-02, PNorm = 58.5966, GNorm = 0.2889, lr_0 = 7.1816e-04
Loss = 1.3818e-02, PNorm = 58.6115, GNorm = 0.6469, lr_0 = 7.1843e-04
Loss = 1.0082e-02, PNorm = 58.6303, GNorm = 0.3362, lr_0 = 7.1870e-04
Loss = 9.5559e-03, PNorm = 58.6412, GNorm = 0.1723, lr_0 = 7.1897e-04
Loss = 1.0010e-02, PNorm = 58.6535, GNorm = 0.2800, lr_0 = 7.1925e-04
Loss = 9.7470e-03, PNorm = 58.6639, GNorm = 0.1982, lr_0 = 7.1952e-04
Loss = 9.3193e-03, PNorm = 58.6766, GNorm = 0.3264, lr_0 = 7.1979e-04
Loss = 1.0076e-02, PNorm = 58.6869, GNorm = 0.2621, lr_0 = 7.2006e-04
Loss = 1.3835e-02, PNorm = 58.6997, GNorm = 0.7589, lr_0 = 7.2033e-04
Loss = 1.0070e-02, PNorm = 58.7171, GNorm = 0.3540, lr_0 = 7.2060e-04
Loss = 1.1214e-02, PNorm = 58.7281, GNorm = 0.5141, lr_0 = 7.2088e-04
Loss = 1.1873e-02, PNorm = 58.7401, GNorm = 0.3583, lr_0 = 7.2115e-04
Loss = 9.4242e-03, PNorm = 58.7529, GNorm = 0.4814, lr_0 = 7.2142e-04
Loss = 1.1338e-02, PNorm = 58.7696, GNorm = 0.6074, lr_0 = 7.2169e-04
Loss = 1.1642e-02, PNorm = 58.7848, GNorm = 0.4244, lr_0 = 7.2196e-04
Loss = 1.2315e-02, PNorm = 58.7977, GNorm = 0.3161, lr_0 = 7.2223e-04
Loss = 1.0233e-02, PNorm = 58.8089, GNorm = 0.2675, lr_0 = 7.2251e-04
Loss = 8.9475e-03, PNorm = 58.8190, GNorm = 0.3351, lr_0 = 7.2278e-04
Loss = 8.7256e-03, PNorm = 58.8275, GNorm = 0.4440, lr_0 = 7.2305e-04
Loss = 9.2784e-03, PNorm = 58.8390, GNorm = 0.2220, lr_0 = 7.2332e-04
Loss = 1.2380e-02, PNorm = 58.8535, GNorm = 0.7738, lr_0 = 7.2359e-04
Loss = 1.2429e-02, PNorm = 58.8674, GNorm = 0.3803, lr_0 = 7.2386e-04
Loss = 1.0690e-02, PNorm = 58.8816, GNorm = 0.2278, lr_0 = 7.2414e-04
Loss = 1.3509e-02, PNorm = 58.8942, GNorm = 0.5680, lr_0 = 7.2441e-04
Loss = 9.7201e-03, PNorm = 58.9105, GNorm = 0.4662, lr_0 = 7.2468e-04
Loss = 1.0916e-02, PNorm = 58.9269, GNorm = 0.5066, lr_0 = 7.2495e-04
Loss = 1.2464e-02, PNorm = 58.9397, GNorm = 0.3961, lr_0 = 7.2522e-04
Loss = 1.1246e-02, PNorm = 58.9518, GNorm = 0.4053, lr_0 = 7.2550e-04
Loss = 1.1486e-02, PNorm = 58.9623, GNorm = 0.3860, lr_0 = 7.2577e-04
Loss = 1.1684e-02, PNorm = 58.9773, GNorm = 0.3902, lr_0 = 7.2604e-04
Loss = 1.1627e-02, PNorm = 58.9896, GNorm = 0.9922, lr_0 = 7.2631e-04
Loss = 1.0100e-02, PNorm = 59.0089, GNorm = 0.6052, lr_0 = 7.2658e-04
Loss = 8.9576e-03, PNorm = 59.0222, GNorm = 0.2853, lr_0 = 7.2685e-04
Loss = 1.4199e-02, PNorm = 59.0364, GNorm = 0.9215, lr_0 = 7.2713e-04
Loss = 1.2921e-02, PNorm = 59.0566, GNorm = 0.5432, lr_0 = 7.2740e-04
Loss = 1.0309e-02, PNorm = 59.0707, GNorm = 0.3002, lr_0 = 7.2767e-04
Loss = 1.3167e-02, PNorm = 59.0814, GNorm = 0.9477, lr_0 = 7.2794e-04
Loss = 1.3309e-02, PNorm = 59.0996, GNorm = 0.4778, lr_0 = 7.2821e-04
Loss = 1.6037e-02, PNorm = 59.1209, GNorm = 0.4758, lr_0 = 7.2848e-04
Loss = 1.3859e-02, PNorm = 59.1434, GNorm = 0.7376, lr_0 = 7.2876e-04
Loss = 1.3616e-02, PNorm = 59.1664, GNorm = 0.3562, lr_0 = 7.2903e-04
Loss = 1.0278e-02, PNorm = 59.1832, GNorm = 0.5069, lr_0 = 7.2930e-04
Loss = 1.1769e-02, PNorm = 59.1961, GNorm = 0.4590, lr_0 = 7.2957e-04
Loss = 1.2425e-02, PNorm = 59.2064, GNorm = 0.4280, lr_0 = 7.2984e-04
Loss = 1.0221e-02, PNorm = 59.2207, GNorm = 0.2732, lr_0 = 7.3011e-04
Loss = 1.3333e-02, PNorm = 59.2341, GNorm = 0.2952, lr_0 = 7.3039e-04
Loss = 1.0688e-02, PNorm = 59.2509, GNorm = 0.2880, lr_0 = 7.3066e-04
Loss = 1.1210e-02, PNorm = 59.2648, GNorm = 0.3288, lr_0 = 7.3093e-04
Loss = 9.9572e-03, PNorm = 59.2808, GNorm = 0.2059, lr_0 = 7.3120e-04
Loss = 1.0211e-02, PNorm = 59.2929, GNorm = 0.2052, lr_0 = 7.3147e-04
Loss = 1.0622e-02, PNorm = 59.3063, GNorm = 0.2193, lr_0 = 7.3174e-04
Loss = 1.3760e-02, PNorm = 59.3230, GNorm = 0.2313, lr_0 = 7.3202e-04
Loss = 1.1095e-02, PNorm = 59.3357, GNorm = 0.4957, lr_0 = 7.3229e-04
Loss = 1.0160e-02, PNorm = 59.3452, GNorm = 0.2661, lr_0 = 7.3256e-04
Loss = 1.0040e-02, PNorm = 59.3604, GNorm = 0.2721, lr_0 = 7.3283e-04
Loss = 1.1812e-02, PNorm = 59.3733, GNorm = 0.2257, lr_0 = 7.3310e-04
Loss = 8.8461e-03, PNorm = 59.3876, GNorm = 0.3371, lr_0 = 7.3337e-04
Loss = 1.2045e-02, PNorm = 59.3991, GNorm = 0.4126, lr_0 = 7.3365e-04
Loss = 9.4550e-03, PNorm = 59.4097, GNorm = 0.3513, lr_0 = 7.3392e-04
Loss = 1.2068e-02, PNorm = 59.4242, GNorm = 0.5009, lr_0 = 7.3419e-04
Loss = 1.2728e-02, PNorm = 59.4412, GNorm = 0.5939, lr_0 = 7.3446e-04
Loss = 1.3490e-02, PNorm = 59.4591, GNorm = 0.6799, lr_0 = 7.3473e-04
Loss = 1.2656e-02, PNorm = 59.4755, GNorm = 0.8415, lr_0 = 7.3500e-04
Loss = 1.4004e-02, PNorm = 59.4932, GNorm = 0.8633, lr_0 = 7.3528e-04
Loss = 1.5883e-02, PNorm = 59.5151, GNorm = 0.6239, lr_0 = 7.3555e-04
Loss = 1.3272e-02, PNorm = 59.5381, GNorm = 0.2789, lr_0 = 7.3582e-04
Loss = 1.3999e-02, PNorm = 59.5577, GNorm = 0.4026, lr_0 = 7.3609e-04
Loss = 1.0004e-02, PNorm = 59.5764, GNorm = 0.2286, lr_0 = 7.3636e-04
Loss = 9.2259e-03, PNorm = 59.5917, GNorm = 0.2402, lr_0 = 7.3664e-04
Loss = 9.9819e-03, PNorm = 59.6043, GNorm = 0.6239, lr_0 = 7.3691e-04
Loss = 9.2511e-03, PNorm = 59.6177, GNorm = 0.2153, lr_0 = 7.3718e-04
Loss = 7.7560e-03, PNorm = 59.6317, GNorm = 0.2519, lr_0 = 7.3745e-04
Loss = 1.1530e-02, PNorm = 59.6423, GNorm = 0.3125, lr_0 = 7.3772e-04
Loss = 1.0383e-02, PNorm = 59.6568, GNorm = 0.2421, lr_0 = 7.3799e-04
Loss = 9.9612e-03, PNorm = 59.6688, GNorm = 0.2308, lr_0 = 7.3827e-04
Loss = 9.7531e-03, PNorm = 59.6816, GNorm = 0.2202, lr_0 = 7.3854e-04
Loss = 9.6421e-03, PNorm = 59.6914, GNorm = 0.3458, lr_0 = 7.3881e-04
Loss = 1.0323e-02, PNorm = 59.7010, GNorm = 0.3673, lr_0 = 7.3908e-04
Loss = 1.0760e-02, PNorm = 59.7139, GNorm = 0.4552, lr_0 = 7.3935e-04
Loss = 1.1313e-02, PNorm = 59.7289, GNorm = 0.3776, lr_0 = 7.3962e-04
Loss = 1.3063e-02, PNorm = 59.7433, GNorm = 0.3277, lr_0 = 7.3990e-04
Loss = 1.1445e-02, PNorm = 59.7604, GNorm = 0.3258, lr_0 = 7.4017e-04
Loss = 1.1822e-02, PNorm = 59.7779, GNorm = 0.2611, lr_0 = 7.4044e-04
Loss = 9.9787e-03, PNorm = 59.7949, GNorm = 0.2048, lr_0 = 7.4071e-04
Loss = 1.1124e-02, PNorm = 59.8089, GNorm = 0.4788, lr_0 = 7.4098e-04
Loss = 9.7531e-03, PNorm = 59.8215, GNorm = 0.4171, lr_0 = 7.4125e-04
Loss = 1.1123e-02, PNorm = 59.8357, GNorm = 0.2903, lr_0 = 7.4153e-04
Loss = 1.3487e-02, PNorm = 59.8485, GNorm = 0.4646, lr_0 = 7.4180e-04
Loss = 1.0484e-02, PNorm = 59.8611, GNorm = 0.2756, lr_0 = 7.4207e-04
Loss = 9.8899e-03, PNorm = 59.8754, GNorm = 0.2704, lr_0 = 7.4234e-04
Loss = 1.1523e-02, PNorm = 59.8902, GNorm = 0.2555, lr_0 = 7.4261e-04
Loss = 1.2242e-02, PNorm = 59.9043, GNorm = 0.4009, lr_0 = 7.4288e-04
Loss = 1.0564e-02, PNorm = 59.9241, GNorm = 0.2267, lr_0 = 7.4316e-04
Loss = 1.0786e-02, PNorm = 59.9366, GNorm = 0.2086, lr_0 = 7.4343e-04
Loss = 1.3708e-02, PNorm = 59.9514, GNorm = 0.4911, lr_0 = 7.4370e-04
Loss = 1.2899e-02, PNorm = 59.9690, GNorm = 0.4442, lr_0 = 7.4397e-04
Loss = 9.6233e-03, PNorm = 59.9834, GNorm = 0.2633, lr_0 = 7.4424e-04
Loss = 1.0725e-02, PNorm = 59.9935, GNorm = 0.3643, lr_0 = 7.4451e-04
Loss = 1.0740e-02, PNorm = 60.0052, GNorm = 0.3882, lr_0 = 7.4479e-04
Loss = 8.9073e-03, PNorm = 60.0178, GNorm = 0.3691, lr_0 = 7.4506e-04
Loss = 1.2713e-02, PNorm = 60.0361, GNorm = 0.8297, lr_0 = 7.4533e-04
Loss = 1.1929e-02, PNorm = 60.0527, GNorm = 0.2760, lr_0 = 7.4560e-04
Loss = 1.0352e-02, PNorm = 60.0677, GNorm = 0.3327, lr_0 = 7.4587e-04
Loss = 1.1333e-02, PNorm = 60.0826, GNorm = 0.1802, lr_0 = 7.4614e-04
Loss = 1.0672e-02, PNorm = 60.0917, GNorm = 0.2753, lr_0 = 7.4642e-04
Loss = 1.1014e-02, PNorm = 60.1046, GNorm = 0.2017, lr_0 = 7.4669e-04
Loss = 1.1745e-02, PNorm = 60.1196, GNorm = 0.2665, lr_0 = 7.4696e-04
Loss = 9.5083e-03, PNorm = 60.1307, GNorm = 0.3192, lr_0 = 7.4723e-04
Loss = 1.0489e-02, PNorm = 60.1444, GNorm = 0.4558, lr_0 = 7.4750e-04
Loss = 1.0245e-02, PNorm = 60.1566, GNorm = 0.3250, lr_0 = 7.4778e-04
Loss = 1.2568e-02, PNorm = 60.1714, GNorm = 0.2214, lr_0 = 7.4805e-04
Loss = 1.2481e-02, PNorm = 60.1879, GNorm = 0.2918, lr_0 = 7.4832e-04
Loss = 1.2757e-02, PNorm = 60.1985, GNorm = 0.3254, lr_0 = 7.4859e-04
Loss = 1.1721e-02, PNorm = 60.2122, GNorm = 0.2358, lr_0 = 7.4886e-04
Loss = 1.3558e-02, PNorm = 60.2269, GNorm = 0.2338, lr_0 = 7.4913e-04
Loss = 1.4130e-02, PNorm = 60.2457, GNorm = 0.9836, lr_0 = 7.4941e-04
Loss = 1.5962e-02, PNorm = 60.2719, GNorm = 0.5667, lr_0 = 7.4968e-04
Loss = 1.2127e-02, PNorm = 60.2929, GNorm = 0.2664, lr_0 = 7.4995e-04
Loss = 1.2975e-02, PNorm = 60.3156, GNorm = 0.2467, lr_0 = 7.5022e-04
Loss = 1.4265e-02, PNorm = 60.3301, GNorm = 0.3129, lr_0 = 7.5049e-04
Loss = 1.1333e-02, PNorm = 60.3440, GNorm = 0.1932, lr_0 = 7.5076e-04
Loss = 1.0130e-02, PNorm = 60.3601, GNorm = 0.2433, lr_0 = 7.5104e-04
Loss = 1.0651e-02, PNorm = 60.3734, GNorm = 0.4823, lr_0 = 7.5131e-04
Loss = 1.1724e-02, PNorm = 60.3867, GNorm = 0.2517, lr_0 = 7.5158e-04
Loss = 1.0403e-02, PNorm = 60.4003, GNorm = 0.3085, lr_0 = 7.5185e-04
Loss = 1.1002e-02, PNorm = 60.4172, GNorm = 0.2683, lr_0 = 7.5212e-04
Loss = 9.7872e-03, PNorm = 60.4312, GNorm = 0.3604, lr_0 = 7.5239e-04
Loss = 9.5815e-03, PNorm = 60.4455, GNorm = 0.4011, lr_0 = 7.5267e-04
Loss = 9.4106e-03, PNorm = 60.4543, GNorm = 0.2164, lr_0 = 7.5294e-04
Loss = 9.6783e-03, PNorm = 60.4684, GNorm = 0.3090, lr_0 = 7.5321e-04
Loss = 1.0689e-02, PNorm = 60.4814, GNorm = 0.2732, lr_0 = 7.5348e-04
Loss = 9.7825e-03, PNorm = 60.4890, GNorm = 0.3410, lr_0 = 7.5375e-04
Loss = 1.1737e-02, PNorm = 60.4958, GNorm = 0.5347, lr_0 = 7.5402e-04
Loss = 1.0439e-02, PNorm = 60.5098, GNorm = 0.2895, lr_0 = 7.5430e-04
Loss = 1.0071e-02, PNorm = 60.5266, GNorm = 0.2753, lr_0 = 7.5457e-04
Loss = 9.4477e-03, PNorm = 60.5416, GNorm = 0.2628, lr_0 = 7.5484e-04
Loss = 9.5939e-03, PNorm = 60.5530, GNorm = 0.2702, lr_0 = 7.5511e-04
Loss = 8.6574e-03, PNorm = 60.5645, GNorm = 0.3559, lr_0 = 7.5538e-04
Loss = 9.8517e-03, PNorm = 60.5781, GNorm = 0.4150, lr_0 = 7.5565e-04
Loss = 1.0599e-02, PNorm = 60.5910, GNorm = 0.2496, lr_0 = 7.5593e-04
Loss = 8.1084e-03, PNorm = 60.6069, GNorm = 0.1932, lr_0 = 7.5620e-04
Loss = 8.4142e-03, PNorm = 60.6157, GNorm = 0.1961, lr_0 = 7.5647e-04
Loss = 1.0104e-02, PNorm = 60.6278, GNorm = 0.3413, lr_0 = 7.5674e-04
Loss = 7.7169e-03, PNorm = 60.6390, GNorm = 0.1904, lr_0 = 7.5701e-04
Loss = 8.4444e-03, PNorm = 60.6559, GNorm = 0.2039, lr_0 = 7.5728e-04
Loss = 1.0482e-02, PNorm = 60.6686, GNorm = 0.2030, lr_0 = 7.5756e-04
Loss = 8.8864e-03, PNorm = 60.6773, GNorm = 0.1867, lr_0 = 7.5783e-04
Loss = 1.0639e-02, PNorm = 60.6898, GNorm = 0.5303, lr_0 = 7.5810e-04
Loss = 1.0121e-02, PNorm = 60.7031, GNorm = 0.3554, lr_0 = 7.5837e-04
Loss = 9.7942e-03, PNorm = 60.7194, GNorm = 0.2530, lr_0 = 7.5864e-04
Loss = 9.9194e-03, PNorm = 60.7325, GNorm = 0.4319, lr_0 = 7.5891e-04
Loss = 1.0459e-02, PNorm = 60.7481, GNorm = 0.2267, lr_0 = 7.5919e-04
Loss = 8.2348e-03, PNorm = 60.7614, GNorm = 0.3978, lr_0 = 7.5946e-04
Loss = 8.6953e-03, PNorm = 60.7729, GNorm = 0.2615, lr_0 = 7.5973e-04
Loss = 1.0585e-02, PNorm = 60.7898, GNorm = 0.3237, lr_0 = 7.6000e-04
Loss = 8.9897e-03, PNorm = 60.8079, GNorm = 0.3704, lr_0 = 7.6027e-04
Loss = 1.0335e-02, PNorm = 60.8255, GNorm = 0.2058, lr_0 = 7.6055e-04
Loss = 9.6832e-03, PNorm = 60.8388, GNorm = 0.5850, lr_0 = 7.6082e-04
Loss = 9.0038e-03, PNorm = 60.8503, GNorm = 0.4239, lr_0 = 7.6109e-04
Loss = 9.7021e-03, PNorm = 60.8613, GNorm = 0.4831, lr_0 = 7.6136e-04
Loss = 1.1067e-02, PNorm = 60.8757, GNorm = 0.4945, lr_0 = 7.6163e-04
Loss = 9.8193e-03, PNorm = 60.8886, GNorm = 0.2997, lr_0 = 7.6190e-04
Loss = 1.0199e-02, PNorm = 60.9015, GNorm = 0.5022, lr_0 = 7.6218e-04
Loss = 1.0187e-02, PNorm = 60.9116, GNorm = 0.2451, lr_0 = 7.6245e-04
Loss = 9.8211e-03, PNorm = 60.9261, GNorm = 0.3218, lr_0 = 7.6272e-04
Loss = 1.1981e-02, PNorm = 60.9438, GNorm = 0.3879, lr_0 = 7.6299e-04
Loss = 1.1428e-02, PNorm = 60.9568, GNorm = 0.1979, lr_0 = 7.6326e-04
Loss = 9.9597e-03, PNorm = 60.9707, GNorm = 0.2310, lr_0 = 7.6353e-04
Loss = 1.0855e-02, PNorm = 60.9865, GNorm = 0.5733, lr_0 = 7.6381e-04
Loss = 1.1220e-02, PNorm = 61.0047, GNorm = 0.3255, lr_0 = 7.6408e-04
Loss = 8.2893e-03, PNorm = 61.0187, GNorm = 0.1796, lr_0 = 7.6435e-04
Loss = 8.5432e-03, PNorm = 61.0290, GNorm = 0.1419, lr_0 = 7.6462e-04
Loss = 9.7555e-03, PNorm = 61.0419, GNorm = 0.7239, lr_0 = 7.6489e-04
Loss = 1.1374e-02, PNorm = 61.0559, GNorm = 0.2639, lr_0 = 7.6516e-04
Loss = 9.3716e-03, PNorm = 61.0739, GNorm = 0.2727, lr_0 = 7.6544e-04
Loss = 9.5852e-03, PNorm = 61.0843, GNorm = 0.2024, lr_0 = 7.6571e-04
Loss = 9.1645e-03, PNorm = 61.0970, GNorm = 0.1820, lr_0 = 7.6598e-04
Loss = 1.0251e-02, PNorm = 61.1101, GNorm = 0.3234, lr_0 = 7.6625e-04
Loss = 1.0934e-02, PNorm = 61.1286, GNorm = 0.4911, lr_0 = 7.6652e-04
Loss = 9.8524e-03, PNorm = 61.1459, GNorm = 0.1961, lr_0 = 7.6679e-04
Loss = 9.2472e-03, PNorm = 61.1600, GNorm = 0.2986, lr_0 = 7.6707e-04
Loss = 9.0365e-03, PNorm = 61.1702, GNorm = 0.7224, lr_0 = 7.6734e-04
Loss = 1.1543e-02, PNorm = 61.1846, GNorm = 0.2889, lr_0 = 7.6761e-04
Loss = 1.1510e-02, PNorm = 61.2007, GNorm = 0.2477, lr_0 = 7.6788e-04
Loss = 9.2947e-03, PNorm = 61.2146, GNorm = 0.3356, lr_0 = 7.6815e-04
Loss = 8.5407e-03, PNorm = 61.2284, GNorm = 0.2265, lr_0 = 7.6842e-04
Loss = 9.6675e-03, PNorm = 61.2427, GNorm = 0.3589, lr_0 = 7.6870e-04
Loss = 9.8265e-03, PNorm = 61.2567, GNorm = 0.3790, lr_0 = 7.6897e-04
Loss = 8.2218e-03, PNorm = 61.2719, GNorm = 0.3426, lr_0 = 7.6924e-04
Loss = 7.8694e-03, PNorm = 61.2821, GNorm = 0.3139, lr_0 = 7.6951e-04
Loss = 9.6099e-03, PNorm = 61.2965, GNorm = 0.4152, lr_0 = 7.6978e-04
Loss = 9.9899e-03, PNorm = 61.3121, GNorm = 0.3449, lr_0 = 7.7005e-04
Loss = 9.1444e-03, PNorm = 61.3257, GNorm = 0.2769, lr_0 = 7.7033e-04
Loss = 9.5229e-03, PNorm = 61.3366, GNorm = 0.3079, lr_0 = 7.7060e-04
Loss = 8.6284e-03, PNorm = 61.3489, GNorm = 0.2198, lr_0 = 7.7087e-04
Loss = 8.3786e-03, PNorm = 61.3623, GNorm = 0.2442, lr_0 = 7.7114e-04
Loss = 1.1743e-02, PNorm = 61.3739, GNorm = 0.6016, lr_0 = 7.7141e-04
Loss = 9.0467e-03, PNorm = 61.3903, GNorm = 0.2781, lr_0 = 7.7169e-04
Loss = 9.1815e-03, PNorm = 61.4059, GNorm = 0.4049, lr_0 = 7.7196e-04
Loss = 9.6247e-03, PNorm = 61.4205, GNorm = 0.3599, lr_0 = 7.7223e-04
Loss = 1.0688e-02, PNorm = 61.4324, GNorm = 0.5310, lr_0 = 7.7250e-04
Loss = 1.1235e-02, PNorm = 61.4479, GNorm = 0.7369, lr_0 = 7.7277e-04
Loss = 1.0856e-02, PNorm = 61.4638, GNorm = 0.2097, lr_0 = 7.7304e-04
Loss = 9.1768e-03, PNorm = 61.4779, GNorm = 0.1971, lr_0 = 7.7332e-04
Loss = 8.5644e-03, PNorm = 61.4909, GNorm = 0.3856, lr_0 = 7.7359e-04
Loss = 9.9188e-03, PNorm = 61.5070, GNorm = 0.3176, lr_0 = 7.7386e-04
Loss = 9.0481e-03, PNorm = 61.5236, GNorm = 0.2389, lr_0 = 7.7413e-04
Loss = 9.7334e-03, PNorm = 61.5386, GNorm = 0.2635, lr_0 = 7.7440e-04
Loss = 1.0064e-02, PNorm = 61.5540, GNorm = 0.1671, lr_0 = 7.7467e-04
Loss = 9.8360e-03, PNorm = 61.5648, GNorm = 0.2054, lr_0 = 7.7495e-04
Loss = 9.0978e-03, PNorm = 61.5792, GNorm = 0.2589, lr_0 = 7.7522e-04
Loss = 1.2128e-02, PNorm = 61.5972, GNorm = 0.3590, lr_0 = 7.7549e-04
Loss = 8.8165e-03, PNorm = 61.6176, GNorm = 0.2052, lr_0 = 7.7576e-04
Loss = 9.1513e-03, PNorm = 61.6330, GNorm = 0.2985, lr_0 = 7.7603e-04
Loss = 8.2574e-03, PNorm = 61.6489, GNorm = 0.2246, lr_0 = 7.7630e-04
Loss = 1.0182e-02, PNorm = 61.6619, GNorm = 0.2907, lr_0 = 7.7658e-04
Loss = 7.7483e-03, PNorm = 61.6753, GNorm = 0.4467, lr_0 = 7.7685e-04
Loss = 7.8063e-03, PNorm = 61.6916, GNorm = 0.2825, lr_0 = 7.7712e-04
Loss = 7.8107e-03, PNorm = 61.7089, GNorm = 0.2027, lr_0 = 7.7739e-04
Loss = 9.1726e-03, PNorm = 61.7216, GNorm = 0.2885, lr_0 = 7.7766e-04
Loss = 1.0213e-02, PNorm = 61.7396, GNorm = 0.2431, lr_0 = 7.7793e-04
Loss = 9.9198e-03, PNorm = 61.7535, GNorm = 0.2117, lr_0 = 7.7821e-04
Loss = 1.0569e-02, PNorm = 61.7645, GNorm = 0.5680, lr_0 = 7.7848e-04
Loss = 1.0590e-02, PNorm = 61.7800, GNorm = 0.6035, lr_0 = 7.7875e-04
Loss = 1.1237e-02, PNorm = 61.7946, GNorm = 0.2678, lr_0 = 7.7902e-04
Loss = 9.9925e-03, PNorm = 61.8094, GNorm = 0.4268, lr_0 = 7.7929e-04
Loss = 1.1142e-02, PNorm = 61.8278, GNorm = 0.4529, lr_0 = 7.7956e-04
Loss = 9.4721e-03, PNorm = 61.8442, GNorm = 0.4382, lr_0 = 7.7984e-04
Loss = 1.1323e-02, PNorm = 61.8589, GNorm = 0.5438, lr_0 = 7.8011e-04
Loss = 1.1263e-02, PNorm = 61.8764, GNorm = 0.3780, lr_0 = 7.8038e-04
Loss = 1.0031e-02, PNorm = 61.8911, GNorm = 0.3699, lr_0 = 7.8065e-04
Loss = 1.0321e-02, PNorm = 61.9037, GNorm = 0.2844, lr_0 = 7.8092e-04
Loss = 8.6710e-03, PNorm = 61.9187, GNorm = 0.1934, lr_0 = 7.8119e-04
Loss = 1.0579e-02, PNorm = 61.9338, GNorm = 0.5819, lr_0 = 7.8147e-04
Loss = 1.0343e-02, PNorm = 61.9514, GNorm = 0.2764, lr_0 = 7.8174e-04
Loss = 1.0031e-02, PNorm = 61.9705, GNorm = 0.2000, lr_0 = 7.8201e-04
Loss = 1.0758e-02, PNorm = 61.9893, GNorm = 0.2175, lr_0 = 7.8228e-04
Loss = 9.0892e-03, PNorm = 62.0107, GNorm = 0.2342, lr_0 = 7.8255e-04
Loss = 8.3957e-03, PNorm = 62.0306, GNorm = 0.4125, lr_0 = 7.8283e-04
Loss = 1.0046e-02, PNorm = 62.0432, GNorm = 0.3102, lr_0 = 7.8310e-04
Loss = 9.5214e-03, PNorm = 62.0616, GNorm = 0.3760, lr_0 = 7.8337e-04
Loss = 1.0611e-02, PNorm = 62.0790, GNorm = 0.2556, lr_0 = 7.8364e-04
Loss = 9.7142e-03, PNorm = 62.0950, GNorm = 0.4095, lr_0 = 7.8391e-04
Loss = 1.1409e-02, PNorm = 62.1171, GNorm = 0.2424, lr_0 = 7.8418e-04
Loss = 1.1045e-02, PNorm = 62.1335, GNorm = 0.1687, lr_0 = 7.8446e-04
Loss = 8.9276e-03, PNorm = 62.1508, GNorm = 0.5945, lr_0 = 7.8473e-04
Loss = 1.0856e-02, PNorm = 62.1634, GNorm = 1.1160, lr_0 = 7.8500e-04
Loss = 1.2673e-02, PNorm = 62.1853, GNorm = 0.8401, lr_0 = 7.8527e-04
Loss = 1.1435e-02, PNorm = 62.2116, GNorm = 0.2911, lr_0 = 7.8554e-04
Loss = 1.2893e-02, PNorm = 62.2329, GNorm = 0.3825, lr_0 = 7.8581e-04
Loss = 1.2463e-02, PNorm = 62.2529, GNorm = 0.3632, lr_0 = 7.8609e-04
Loss = 1.2335e-02, PNorm = 62.2773, GNorm = 0.2249, lr_0 = 7.8636e-04
Loss = 1.1104e-02, PNorm = 62.2986, GNorm = 0.2213, lr_0 = 7.8663e-04
Loss = 1.2144e-02, PNorm = 62.3141, GNorm = 0.4324, lr_0 = 7.8690e-04
Loss = 1.0813e-02, PNorm = 62.3324, GNorm = 0.6670, lr_0 = 7.8717e-04
Loss = 9.7033e-03, PNorm = 62.3493, GNorm = 0.2494, lr_0 = 7.8744e-04
Loss = 1.1008e-02, PNorm = 62.3655, GNorm = 0.1734, lr_0 = 7.8772e-04
Loss = 8.8853e-03, PNorm = 62.3809, GNorm = 0.2816, lr_0 = 7.8799e-04
Loss = 9.6378e-03, PNorm = 62.4002, GNorm = 0.2736, lr_0 = 7.8826e-04
Loss = 7.3382e-03, PNorm = 62.4148, GNorm = 0.2400, lr_0 = 7.8853e-04
Loss = 8.9871e-03, PNorm = 62.4307, GNorm = 0.2343, lr_0 = 7.8880e-04
Loss = 1.0569e-02, PNorm = 62.4500, GNorm = 0.2376, lr_0 = 7.8907e-04
Loss = 1.0464e-02, PNorm = 62.4685, GNorm = 0.3649, lr_0 = 7.8935e-04
Loss = 1.0251e-02, PNorm = 62.4834, GNorm = 0.6364, lr_0 = 7.8962e-04
Loss = 1.2866e-02, PNorm = 62.5007, GNorm = 0.6172, lr_0 = 7.8989e-04
Loss = 8.3980e-03, PNorm = 62.5221, GNorm = 0.4682, lr_0 = 7.9016e-04
Loss = 1.0780e-02, PNorm = 62.5391, GNorm = 0.7400, lr_0 = 7.9043e-04
Loss = 1.0665e-02, PNorm = 62.5557, GNorm = 0.3421, lr_0 = 7.9070e-04
Loss = 9.0663e-03, PNorm = 62.5747, GNorm = 0.3445, lr_0 = 7.9098e-04
Loss = 8.8861e-03, PNorm = 62.5934, GNorm = 0.2085, lr_0 = 7.9125e-04
Loss = 1.1879e-02, PNorm = 62.6103, GNorm = 0.2047, lr_0 = 7.9152e-04
Loss = 1.0393e-02, PNorm = 62.6265, GNorm = 0.3018, lr_0 = 7.9179e-04
Loss = 9.7722e-03, PNorm = 62.6436, GNorm = 0.2879, lr_0 = 7.9206e-04
Loss = 1.0231e-02, PNorm = 62.6634, GNorm = 0.4627, lr_0 = 7.9233e-04
Loss = 1.1470e-02, PNorm = 62.6834, GNorm = 0.4210, lr_0 = 7.9261e-04
Loss = 1.0542e-02, PNorm = 62.7027, GNorm = 0.3097, lr_0 = 7.9288e-04
Loss = 1.0687e-02, PNorm = 62.7187, GNorm = 0.3393, lr_0 = 7.9315e-04
Loss = 9.5870e-03, PNorm = 62.7349, GNorm = 0.1746, lr_0 = 7.9342e-04
Loss = 8.3140e-03, PNorm = 62.7533, GNorm = 0.2803, lr_0 = 7.9369e-04
Loss = 8.3416e-03, PNorm = 62.7679, GNorm = 0.4473, lr_0 = 7.9397e-04
Loss = 8.9093e-03, PNorm = 62.7831, GNorm = 0.3329, lr_0 = 7.9424e-04
Loss = 1.0062e-02, PNorm = 62.7950, GNorm = 0.1862, lr_0 = 7.9451e-04
Loss = 1.0039e-02, PNorm = 62.8096, GNorm = 0.4517, lr_0 = 7.9478e-04
Loss = 1.0476e-02, PNorm = 62.8279, GNorm = 0.2755, lr_0 = 7.9505e-04
Loss = 9.9376e-03, PNorm = 62.8468, GNorm = 0.3216, lr_0 = 7.9532e-04
Loss = 1.1524e-02, PNorm = 62.8660, GNorm = 0.1963, lr_0 = 7.9560e-04
Loss = 9.1786e-03, PNorm = 62.8812, GNorm = 0.2632, lr_0 = 7.9587e-04
Loss = 9.1804e-03, PNorm = 62.8941, GNorm = 0.6338, lr_0 = 7.9614e-04
Loss = 9.0354e-03, PNorm = 62.9056, GNorm = 0.3524, lr_0 = 7.9641e-04
Loss = 9.0160e-03, PNorm = 62.9200, GNorm = 0.4090, lr_0 = 7.9668e-04
Loss = 8.1894e-03, PNorm = 62.9343, GNorm = 0.3227, lr_0 = 7.9695e-04
Loss = 9.6305e-03, PNorm = 62.9474, GNorm = 0.2996, lr_0 = 7.9723e-04
Loss = 8.6190e-03, PNorm = 62.9616, GNorm = 0.1976, lr_0 = 7.9750e-04
Loss = 8.3374e-03, PNorm = 62.9758, GNorm = 0.2207, lr_0 = 7.9777e-04
Loss = 7.0965e-03, PNorm = 62.9922, GNorm = 0.1419, lr_0 = 7.9804e-04
Loss = 8.6197e-03, PNorm = 63.0052, GNorm = 0.1996, lr_0 = 7.9831e-04
Loss = 8.4426e-03, PNorm = 63.0184, GNorm = 0.1746, lr_0 = 7.9858e-04
Loss = 7.8656e-03, PNorm = 63.0307, GNorm = 0.1653, lr_0 = 7.9886e-04
Loss = 7.6706e-03, PNorm = 63.0423, GNorm = 0.2730, lr_0 = 7.9913e-04
Loss = 7.3509e-03, PNorm = 63.0530, GNorm = 0.2473, lr_0 = 7.9940e-04
Loss = 1.0158e-02, PNorm = 63.0620, GNorm = 0.2963, lr_0 = 7.9967e-04
Loss = 7.8664e-03, PNorm = 63.0762, GNorm = 0.3460, lr_0 = 7.9994e-04
Loss = 9.1631e-03, PNorm = 63.0897, GNorm = 0.3699, lr_0 = 8.0021e-04
Loss = 7.3982e-03, PNorm = 63.1005, GNorm = 0.1816, lr_0 = 8.0049e-04
Loss = 8.3247e-03, PNorm = 63.1103, GNorm = 0.1981, lr_0 = 8.0076e-04
Loss = 1.0743e-02, PNorm = 63.1304, GNorm = 0.2062, lr_0 = 8.0103e-04
Loss = 9.6572e-03, PNorm = 63.1501, GNorm = 0.4096, lr_0 = 8.0130e-04
Loss = 8.7161e-03, PNorm = 63.1674, GNorm = 0.3635, lr_0 = 8.0157e-04
Loss = 8.7121e-03, PNorm = 63.1815, GNorm = 0.2040, lr_0 = 8.0184e-04
Loss = 1.1738e-02, PNorm = 63.2006, GNorm = 0.3623, lr_0 = 8.0212e-04
Loss = 8.5895e-03, PNorm = 63.2143, GNorm = 0.3209, lr_0 = 8.0239e-04
Loss = 7.6332e-03, PNorm = 63.2240, GNorm = 0.1803, lr_0 = 8.0266e-04
Loss = 7.0956e-03, PNorm = 63.2378, GNorm = 0.2667, lr_0 = 8.0293e-04
Loss = 9.1137e-03, PNorm = 63.2560, GNorm = 0.2381, lr_0 = 8.0320e-04
Loss = 1.0126e-02, PNorm = 63.2754, GNorm = 0.3330, lr_0 = 8.0347e-04
Loss = 1.1440e-02, PNorm = 63.2902, GNorm = 0.7917, lr_0 = 8.0375e-04
Loss = 9.5425e-03, PNorm = 63.3106, GNorm = 0.3113, lr_0 = 8.0402e-04
Loss = 9.4985e-03, PNorm = 63.3270, GNorm = 0.2982, lr_0 = 8.0429e-04
Loss = 8.5174e-03, PNorm = 63.3425, GNorm = 0.4986, lr_0 = 8.0456e-04
Loss = 1.0730e-02, PNorm = 63.3571, GNorm = 0.5265, lr_0 = 8.0483e-04
Loss = 9.5767e-03, PNorm = 63.3734, GNorm = 0.1844, lr_0 = 8.0511e-04
Loss = 6.9118e-03, PNorm = 63.3848, GNorm = 0.4018, lr_0 = 8.0538e-04
Loss = 8.6835e-03, PNorm = 63.3991, GNorm = 0.2280, lr_0 = 8.0565e-04
Loss = 8.5476e-03, PNorm = 63.4132, GNorm = 0.4412, lr_0 = 8.0592e-04
Loss = 9.6301e-03, PNorm = 63.4290, GNorm = 0.1890, lr_0 = 8.0619e-04
Loss = 9.3329e-03, PNorm = 63.4451, GNorm = 0.1452, lr_0 = 8.0646e-04
Loss = 9.6992e-03, PNorm = 63.4621, GNorm = 0.2727, lr_0 = 8.0674e-04
Loss = 8.8694e-03, PNorm = 63.4806, GNorm = 0.2347, lr_0 = 8.0701e-04
Loss = 7.8747e-03, PNorm = 63.4962, GNorm = 0.2215, lr_0 = 8.0728e-04
Loss = 8.8202e-03, PNorm = 63.5144, GNorm = 0.1639, lr_0 = 8.0755e-04
Loss = 9.6162e-03, PNorm = 63.5382, GNorm = 0.1979, lr_0 = 8.0782e-04
Loss = 9.7088e-03, PNorm = 63.5548, GNorm = 0.4018, lr_0 = 8.0809e-04
Loss = 1.1468e-02, PNorm = 63.5712, GNorm = 0.3691, lr_0 = 8.0837e-04
Loss = 9.2972e-03, PNorm = 63.5943, GNorm = 0.2065, lr_0 = 8.0864e-04
Loss = 9.6558e-03, PNorm = 63.6109, GNorm = 0.3394, lr_0 = 8.0891e-04
Loss = 1.0730e-02, PNorm = 63.6285, GNorm = 0.2444, lr_0 = 8.0918e-04
Loss = 8.3101e-03, PNorm = 63.6464, GNorm = 0.2265, lr_0 = 8.0945e-04
Loss = 7.4189e-03, PNorm = 63.6654, GNorm = 0.1800, lr_0 = 8.0972e-04
Loss = 7.9879e-03, PNorm = 63.6773, GNorm = 0.2487, lr_0 = 8.1000e-04
Loss = 8.4822e-03, PNorm = 63.6913, GNorm = 0.1687, lr_0 = 8.1027e-04
Loss = 8.6195e-03, PNorm = 63.7045, GNorm = 0.1541, lr_0 = 8.1054e-04
Loss = 7.3438e-03, PNorm = 63.7172, GNorm = 0.2458, lr_0 = 8.1081e-04
Loss = 8.3068e-03, PNorm = 63.7331, GNorm = 0.5100, lr_0 = 8.1108e-04
Loss = 9.5300e-03, PNorm = 63.7482, GNorm = 0.3369, lr_0 = 8.1135e-04
Loss = 8.6616e-03, PNorm = 63.7655, GNorm = 0.1499, lr_0 = 8.1163e-04
Loss = 8.6514e-03, PNorm = 63.7835, GNorm = 0.1724, lr_0 = 8.1190e-04
Loss = 9.6141e-03, PNorm = 63.7984, GNorm = 0.4380, lr_0 = 8.1217e-04
Loss = 7.5099e-03, PNorm = 63.8156, GNorm = 0.2224, lr_0 = 8.1244e-04
Loss = 6.4510e-03, PNorm = 63.8321, GNorm = 0.4055, lr_0 = 8.1271e-04
Loss = 8.5362e-03, PNorm = 63.8440, GNorm = 0.4422, lr_0 = 8.1298e-04
Loss = 9.2701e-03, PNorm = 63.8565, GNorm = 0.3252, lr_0 = 8.1326e-04
Loss = 6.9525e-03, PNorm = 63.8691, GNorm = 0.2736, lr_0 = 8.1353e-04
Loss = 8.8440e-03, PNorm = 63.8830, GNorm = 0.3008, lr_0 = 8.1380e-04
Loss = 7.1118e-03, PNorm = 63.8950, GNorm = 0.1465, lr_0 = 8.1407e-04
Loss = 1.0051e-02, PNorm = 63.9075, GNorm = 0.3810, lr_0 = 8.1434e-04
Loss = 9.6988e-03, PNorm = 63.9246, GNorm = 0.2734, lr_0 = 8.1461e-04
Loss = 9.0910e-03, PNorm = 63.9412, GNorm = 0.5362, lr_0 = 8.1489e-04
Loss = 8.7492e-03, PNorm = 63.9558, GNorm = 0.3024, lr_0 = 8.1516e-04
Loss = 7.3202e-03, PNorm = 63.9769, GNorm = 0.1998, lr_0 = 8.1543e-04
Loss = 8.3162e-03, PNorm = 63.9920, GNorm = 0.2389, lr_0 = 8.1570e-04
Loss = 8.3046e-03, PNorm = 64.0037, GNorm = 0.2254, lr_0 = 8.1597e-04
Loss = 8.6738e-03, PNorm = 64.0203, GNorm = 0.2181, lr_0 = 8.1625e-04
Loss = 6.5592e-03, PNorm = 64.0361, GNorm = 0.2230, lr_0 = 8.1652e-04
Loss = 8.9829e-03, PNorm = 64.0435, GNorm = 0.2262, lr_0 = 8.1679e-04
Loss = 8.8699e-03, PNorm = 64.0609, GNorm = 0.3757, lr_0 = 8.1706e-04
Loss = 1.0587e-02, PNorm = 64.0717, GNorm = 0.2971, lr_0 = 8.1733e-04
Loss = 9.0239e-03, PNorm = 64.0898, GNorm = 0.1439, lr_0 = 8.1760e-04
Loss = 7.9833e-03, PNorm = 64.1086, GNorm = 0.2476, lr_0 = 8.1788e-04
Loss = 8.7510e-03, PNorm = 64.1249, GNorm = 0.1841, lr_0 = 8.1815e-04
Loss = 8.3209e-03, PNorm = 64.1365, GNorm = 0.2345, lr_0 = 8.1842e-04
Loss = 9.8838e-03, PNorm = 64.1512, GNorm = 0.3452, lr_0 = 8.1869e-04
Loss = 1.0637e-02, PNorm = 64.1649, GNorm = 0.2401, lr_0 = 8.1896e-04
Loss = 7.8820e-03, PNorm = 64.1795, GNorm = 0.2216, lr_0 = 8.1923e-04
Loss = 8.4074e-03, PNorm = 64.1955, GNorm = 0.2767, lr_0 = 8.1951e-04
Loss = 8.4475e-03, PNorm = 64.2091, GNorm = 0.7427, lr_0 = 8.1978e-04
Loss = 7.3142e-03, PNorm = 64.2217, GNorm = 0.5563, lr_0 = 8.2005e-04
Loss = 8.9847e-03, PNorm = 64.2414, GNorm = 0.2146, lr_0 = 8.2032e-04
Loss = 1.2001e-02, PNorm = 64.2563, GNorm = 0.6048, lr_0 = 8.2059e-04
Loss = 1.1151e-02, PNorm = 64.2726, GNorm = 0.3675, lr_0 = 8.2086e-04
Loss = 1.0261e-02, PNorm = 64.2958, GNorm = 0.3914, lr_0 = 8.2114e-04
Loss = 9.3435e-03, PNorm = 64.3136, GNorm = 0.1667, lr_0 = 8.2141e-04
Loss = 6.6893e-03, PNorm = 64.3307, GNorm = 0.1237, lr_0 = 8.2168e-04
Loss = 6.9750e-03, PNorm = 64.3484, GNorm = 0.3293, lr_0 = 8.2195e-04
Loss = 8.7723e-03, PNorm = 64.3632, GNorm = 0.5198, lr_0 = 8.2222e-04
Loss = 7.2852e-03, PNorm = 64.3752, GNorm = 0.1783, lr_0 = 8.2249e-04
Loss = 8.6820e-03, PNorm = 64.3846, GNorm = 0.3239, lr_0 = 8.2277e-04
Loss = 7.3653e-03, PNorm = 64.3933, GNorm = 0.3144, lr_0 = 8.2304e-04
Loss = 9.7758e-03, PNorm = 64.4105, GNorm = 0.1653, lr_0 = 8.2331e-04
Loss = 1.0978e-02, PNorm = 64.4364, GNorm = 0.2475, lr_0 = 8.2358e-04
Loss = 1.0841e-02, PNorm = 64.4580, GNorm = 0.5685, lr_0 = 8.2385e-04
Loss = 9.4222e-03, PNorm = 64.4798, GNorm = 0.2346, lr_0 = 8.2412e-04
Loss = 9.6259e-03, PNorm = 64.4993, GNorm = 0.1661, lr_0 = 8.2440e-04
Loss = 7.6904e-03, PNorm = 64.5158, GNorm = 0.1628, lr_0 = 8.2467e-04
Loss = 8.6905e-03, PNorm = 64.5325, GNorm = 0.3385, lr_0 = 8.2494e-04
Loss = 9.7384e-03, PNorm = 64.5456, GNorm = 0.2528, lr_0 = 8.2521e-04
Loss = 1.0522e-02, PNorm = 64.5669, GNorm = 0.4131, lr_0 = 8.2548e-04
Loss = 9.4791e-03, PNorm = 64.5888, GNorm = 0.2829, lr_0 = 8.2575e-04
Loss = 7.4005e-03, PNorm = 64.6072, GNorm = 0.1410, lr_0 = 8.2603e-04
Loss = 1.0530e-02, PNorm = 64.6254, GNorm = 0.5394, lr_0 = 8.2630e-04
Loss = 6.5280e-03, PNorm = 64.6403, GNorm = 0.1208, lr_0 = 8.2657e-04
Loss = 7.2531e-03, PNorm = 64.6501, GNorm = 0.2899, lr_0 = 8.2684e-04
Loss = 7.2067e-03, PNorm = 64.6567, GNorm = 0.3441, lr_0 = 8.2711e-04
Loss = 8.3156e-03, PNorm = 64.6710, GNorm = 0.2210, lr_0 = 8.2738e-04
Loss = 7.9712e-03, PNorm = 64.6864, GNorm = 0.2932, lr_0 = 8.2766e-04
Loss = 9.5577e-03, PNorm = 64.7073, GNorm = 0.4840, lr_0 = 8.2793e-04
Loss = 1.0774e-02, PNorm = 64.7246, GNorm = 0.2249, lr_0 = 8.2820e-04
Loss = 7.1798e-03, PNorm = 64.7386, GNorm = 0.1821, lr_0 = 8.2847e-04
Loss = 9.0891e-03, PNorm = 64.7564, GNorm = 0.1999, lr_0 = 8.2874e-04
Loss = 8.3372e-03, PNorm = 64.7745, GNorm = 0.3397, lr_0 = 8.2902e-04
Loss = 7.2271e-03, PNorm = 64.7925, GNorm = 0.3131, lr_0 = 8.2929e-04
Loss = 7.1084e-03, PNorm = 64.8094, GNorm = 0.2894, lr_0 = 8.2956e-04
Loss = 5.6319e-03, PNorm = 64.8175, GNorm = 0.1148, lr_0 = 8.2983e-04
Loss = 7.0347e-03, PNorm = 64.8248, GNorm = 0.1951, lr_0 = 8.3010e-04
Loss = 6.8588e-03, PNorm = 64.8387, GNorm = 0.1441, lr_0 = 8.3037e-04
Loss = 7.7499e-03, PNorm = 64.8521, GNorm = 0.1420, lr_0 = 8.3065e-04
Loss = 5.3167e-03, PNorm = 64.8628, GNorm = 0.1571, lr_0 = 8.3092e-04
Loss = 8.8076e-03, PNorm = 64.8742, GNorm = 0.1722, lr_0 = 8.3119e-04
Loss = 7.3158e-03, PNorm = 64.8905, GNorm = 0.1308, lr_0 = 8.3146e-04
Loss = 9.1964e-03, PNorm = 64.9054, GNorm = 0.1878, lr_0 = 8.3173e-04
Loss = 7.2066e-03, PNorm = 64.9184, GNorm = 0.3037, lr_0 = 8.3200e-04
Loss = 6.2434e-03, PNorm = 64.9331, GNorm = 0.1384, lr_0 = 8.3228e-04
Loss = 8.8137e-03, PNorm = 64.9462, GNorm = 0.2193, lr_0 = 8.3255e-04
Loss = 8.1902e-03, PNorm = 64.9625, GNorm = 0.4864, lr_0 = 8.3282e-04
Loss = 8.1835e-03, PNorm = 64.9756, GNorm = 0.3209, lr_0 = 8.3309e-04
Loss = 7.6794e-03, PNorm = 64.9889, GNorm = 0.2136, lr_0 = 8.3336e-04
Loss = 7.6866e-03, PNorm = 65.0041, GNorm = 0.2501, lr_0 = 8.3363e-04
Loss = 8.1085e-03, PNorm = 65.0215, GNorm = 0.1869, lr_0 = 8.3391e-04
Loss = 9.0051e-03, PNorm = 65.0370, GNorm = 0.3867, lr_0 = 8.3418e-04
Loss = 8.4921e-03, PNorm = 65.0488, GNorm = 0.2569, lr_0 = 8.3445e-04
Loss = 8.5533e-03, PNorm = 65.0630, GNorm = 0.4177, lr_0 = 8.3472e-04
Loss = 9.9371e-03, PNorm = 65.0767, GNorm = 0.2853, lr_0 = 8.3499e-04
Loss = 9.1014e-03, PNorm = 65.0943, GNorm = 0.1465, lr_0 = 8.3526e-04
Loss = 8.1743e-03, PNorm = 65.1156, GNorm = 0.3516, lr_0 = 8.3554e-04
Loss = 8.5886e-03, PNorm = 65.1341, GNorm = 0.1654, lr_0 = 8.3581e-04
Loss = 7.2816e-03, PNorm = 65.1481, GNorm = 0.1949, lr_0 = 8.3608e-04
Loss = 8.0585e-03, PNorm = 65.1667, GNorm = 0.3634, lr_0 = 8.3635e-04
Loss = 7.3733e-03, PNorm = 65.1807, GNorm = 0.1874, lr_0 = 8.3662e-04
Loss = 8.3462e-03, PNorm = 65.1946, GNorm = 0.3551, lr_0 = 8.3689e-04
Loss = 8.9231e-03, PNorm = 65.2076, GNorm = 0.2924, lr_0 = 8.3717e-04
Loss = 1.1181e-02, PNorm = 65.2242, GNorm = 0.4144, lr_0 = 8.3744e-04
Loss = 9.9704e-03, PNorm = 65.2466, GNorm = 0.5438, lr_0 = 8.3771e-04
Loss = 8.8568e-03, PNorm = 65.2650, GNorm = 0.1761, lr_0 = 8.3798e-04
Loss = 1.0570e-02, PNorm = 65.2879, GNorm = 0.2708, lr_0 = 8.3825e-04
Loss = 1.2467e-02, PNorm = 65.3157, GNorm = 0.5707, lr_0 = 8.3852e-04
Loss = 1.2955e-02, PNorm = 65.3320, GNorm = 0.5469, lr_0 = 8.3880e-04
Loss = 1.0923e-02, PNorm = 65.3603, GNorm = 0.3993, lr_0 = 8.3907e-04
Loss = 1.1911e-02, PNorm = 65.3867, GNorm = 0.3140, lr_0 = 8.3934e-04
Loss = 8.8330e-03, PNorm = 65.4111, GNorm = 0.2054, lr_0 = 8.3961e-04
Loss = 8.6423e-03, PNorm = 65.4353, GNorm = 0.1915, lr_0 = 8.3988e-04
Loss = 8.9359e-03, PNorm = 65.4532, GNorm = 0.4559, lr_0 = 8.4016e-04
Loss = 9.4692e-03, PNorm = 65.4786, GNorm = 0.2436, lr_0 = 8.4043e-04
Loss = 8.6737e-03, PNorm = 65.4994, GNorm = 0.2327, lr_0 = 8.4070e-04
Loss = 8.4292e-03, PNorm = 65.5172, GNorm = 0.3302, lr_0 = 8.4097e-04
Loss = 7.7685e-03, PNorm = 65.5372, GNorm = 0.1940, lr_0 = 8.4124e-04
Loss = 7.7114e-03, PNorm = 65.5526, GNorm = 0.2198, lr_0 = 8.4151e-04
Loss = 7.5491e-03, PNorm = 65.5661, GNorm = 0.2005, lr_0 = 8.4179e-04
Loss = 7.3337e-03, PNorm = 65.5814, GNorm = 0.2012, lr_0 = 8.4206e-04
Loss = 7.8112e-03, PNorm = 65.5974, GNorm = 0.3326, lr_0 = 8.4233e-04
Loss = 7.3223e-03, PNorm = 65.6136, GNorm = 0.1567, lr_0 = 8.4260e-04
Loss = 6.8320e-03, PNorm = 65.6278, GNorm = 0.2290, lr_0 = 8.4287e-04
Loss = 7.0079e-03, PNorm = 65.6410, GNorm = 0.2121, lr_0 = 8.4314e-04
Loss = 8.9828e-03, PNorm = 65.6536, GNorm = 0.2925, lr_0 = 8.4342e-04
Loss = 6.9365e-03, PNorm = 65.6657, GNorm = 0.2529, lr_0 = 8.4369e-04
Loss = 8.3921e-03, PNorm = 65.6802, GNorm = 0.1892, lr_0 = 8.4396e-04
Loss = 9.0038e-03, PNorm = 65.6934, GNorm = 0.3380, lr_0 = 8.4423e-04
Loss = 9.0257e-03, PNorm = 65.7141, GNorm = 0.2343, lr_0 = 8.4450e-04
Loss = 8.5876e-03, PNorm = 65.7289, GNorm = 0.2552, lr_0 = 8.4477e-04
Loss = 7.1841e-03, PNorm = 65.7485, GNorm = 0.2192, lr_0 = 8.4505e-04
Loss = 7.6406e-03, PNorm = 65.7648, GNorm = 0.2464, lr_0 = 8.4532e-04
Loss = 9.2785e-03, PNorm = 65.7862, GNorm = 0.4236, lr_0 = 8.4559e-04
Loss = 8.8074e-03, PNorm = 65.8072, GNorm = 0.1536, lr_0 = 8.4586e-04
Loss = 9.0120e-03, PNorm = 65.8276, GNorm = 0.3991, lr_0 = 8.4613e-04
Loss = 7.2764e-03, PNorm = 65.8471, GNorm = 0.1196, lr_0 = 8.4640e-04
Loss = 6.7894e-03, PNorm = 65.8647, GNorm = 0.1588, lr_0 = 8.4668e-04
Loss = 7.2575e-03, PNorm = 65.8805, GNorm = 0.2482, lr_0 = 8.4695e-04
Loss = 8.3502e-03, PNorm = 65.8932, GNorm = 0.3391, lr_0 = 8.4722e-04
Loss = 7.8495e-03, PNorm = 65.9067, GNorm = 0.3056, lr_0 = 8.4749e-04
Loss = 9.4459e-03, PNorm = 65.9237, GNorm = 0.3210, lr_0 = 8.4776e-04
Loss = 7.2349e-03, PNorm = 65.9425, GNorm = 0.1515, lr_0 = 8.4803e-04
Loss = 7.9062e-03, PNorm = 65.9572, GNorm = 0.2413, lr_0 = 8.4831e-04
Loss = 8.0407e-03, PNorm = 65.9702, GNorm = 0.2206, lr_0 = 8.4858e-04
Loss = 8.1918e-03, PNorm = 65.9802, GNorm = 0.4047, lr_0 = 8.4885e-04
Loss = 6.1206e-03, PNorm = 65.9936, GNorm = 0.2379, lr_0 = 8.4912e-04
Loss = 8.5180e-03, PNorm = 66.0104, GNorm = 0.2786, lr_0 = 8.4939e-04
Loss = 7.0248e-03, PNorm = 66.0232, GNorm = 0.2115, lr_0 = 8.4966e-04
Loss = 8.2266e-03, PNorm = 66.0368, GNorm = 0.3377, lr_0 = 8.4994e-04
Loss = 8.5489e-03, PNorm = 66.0581, GNorm = 0.4653, lr_0 = 8.5021e-04
Loss = 8.0134e-03, PNorm = 66.0813, GNorm = 0.2683, lr_0 = 8.5048e-04
Loss = 1.0960e-02, PNorm = 66.0976, GNorm = 0.2834, lr_0 = 8.5075e-04
Loss = 7.5400e-03, PNorm = 66.1170, GNorm = 0.4176, lr_0 = 8.5102e-04
Loss = 7.5066e-03, PNorm = 66.1327, GNorm = 0.1563, lr_0 = 8.5130e-04
Loss = 8.3275e-03, PNorm = 66.1472, GNorm = 0.2427, lr_0 = 8.5157e-04
Loss = 7.5864e-03, PNorm = 66.1590, GNorm = 0.2488, lr_0 = 8.5184e-04
Loss = 7.0319e-03, PNorm = 66.1737, GNorm = 0.2517, lr_0 = 8.5211e-04
Loss = 6.5033e-03, PNorm = 66.1915, GNorm = 0.2146, lr_0 = 8.5238e-04
Loss = 6.0547e-03, PNorm = 66.2049, GNorm = 0.1548, lr_0 = 8.5265e-04
Loss = 7.1088e-03, PNorm = 66.2163, GNorm = 0.3274, lr_0 = 8.5293e-04
Loss = 9.0881e-03, PNorm = 66.2316, GNorm = 0.3787, lr_0 = 8.5320e-04
Loss = 8.1504e-03, PNorm = 66.2522, GNorm = 0.4406, lr_0 = 8.5347e-04
Loss = 8.9140e-03, PNorm = 66.2681, GNorm = 0.2331, lr_0 = 8.5374e-04
Loss = 7.6316e-03, PNorm = 66.2844, GNorm = 0.1622, lr_0 = 8.5401e-04
Loss = 6.8729e-03, PNorm = 66.3050, GNorm = 0.4214, lr_0 = 8.5428e-04
Loss = 8.3724e-03, PNorm = 66.3180, GNorm = 0.5692, lr_0 = 8.5456e-04
Loss = 8.0677e-03, PNorm = 66.3381, GNorm = 0.2556, lr_0 = 8.5483e-04
Loss = 9.8851e-03, PNorm = 66.3593, GNorm = 0.2229, lr_0 = 8.5510e-04
Loss = 7.8755e-03, PNorm = 66.3782, GNorm = 0.2031, lr_0 = 8.5537e-04
Loss = 8.7227e-03, PNorm = 66.3968, GNorm = 0.3752, lr_0 = 8.5564e-04
Loss = 8.4011e-03, PNorm = 66.4160, GNorm = 0.1490, lr_0 = 8.5591e-04
Loss = 7.5220e-03, PNorm = 66.4357, GNorm = 0.2468, lr_0 = 8.5619e-04
Loss = 6.7276e-03, PNorm = 66.4500, GNorm = 0.1347, lr_0 = 8.5646e-04
Loss = 7.8111e-03, PNorm = 66.4658, GNorm = 0.1510, lr_0 = 8.5673e-04
Loss = 7.0767e-03, PNorm = 66.4765, GNorm = 0.1642, lr_0 = 8.5700e-04
Loss = 9.1101e-03, PNorm = 66.4943, GNorm = 0.1841, lr_0 = 8.5727e-04
Loss = 6.2464e-03, PNorm = 66.5125, GNorm = 0.1557, lr_0 = 8.5754e-04
Loss = 5.8496e-03, PNorm = 66.5305, GNorm = 0.2258, lr_0 = 8.5782e-04
Loss = 6.5184e-03, PNorm = 66.5431, GNorm = 0.1182, lr_0 = 8.5809e-04
Loss = 5.8044e-03, PNorm = 66.5578, GNorm = 0.2435, lr_0 = 8.5836e-04
Loss = 9.3022e-03, PNorm = 66.5721, GNorm = 0.4811, lr_0 = 8.5863e-04
Loss = 8.3045e-03, PNorm = 66.5912, GNorm = 0.2059, lr_0 = 8.5890e-04
Loss = 8.0622e-03, PNorm = 66.6080, GNorm = 0.4117, lr_0 = 8.5917e-04
Loss = 7.8123e-03, PNorm = 66.6266, GNorm = 0.2586, lr_0 = 8.5945e-04
Loss = 8.0598e-03, PNorm = 66.6428, GNorm = 0.2708, lr_0 = 8.5972e-04
Loss = 7.4994e-03, PNorm = 66.6595, GNorm = 0.3820, lr_0 = 8.5999e-04
Loss = 7.9952e-03, PNorm = 66.6769, GNorm = 0.4224, lr_0 = 8.6026e-04
Loss = 9.8400e-03, PNorm = 66.6920, GNorm = 0.3121, lr_0 = 8.6053e-04
Loss = 8.0361e-03, PNorm = 66.7135, GNorm = 0.2360, lr_0 = 8.6080e-04
Loss = 8.2023e-03, PNorm = 66.7303, GNorm = 0.2291, lr_0 = 8.6108e-04
Loss = 7.0275e-03, PNorm = 66.7458, GNorm = 0.2051, lr_0 = 8.6135e-04
Loss = 8.6084e-03, PNorm = 66.7648, GNorm = 0.4286, lr_0 = 8.6162e-04
Loss = 8.0690e-03, PNorm = 66.7853, GNorm = 0.2124, lr_0 = 8.6189e-04
Loss = 8.6152e-03, PNorm = 66.8024, GNorm = 0.2773, lr_0 = 8.6216e-04
Loss = 1.0357e-02, PNorm = 66.8186, GNorm = 0.3338, lr_0 = 8.6244e-04
Loss = 7.4440e-03, PNorm = 66.8386, GNorm = 0.2593, lr_0 = 8.6271e-04
Loss = 8.0960e-03, PNorm = 66.8549, GNorm = 0.2261, lr_0 = 8.6298e-04
Loss = 8.2719e-03, PNorm = 66.8689, GNorm = 0.2142, lr_0 = 8.6325e-04
Loss = 8.5144e-03, PNorm = 66.8839, GNorm = 0.2482, lr_0 = 8.6352e-04
Loss = 7.9733e-03, PNorm = 66.9048, GNorm = 0.3850, lr_0 = 8.6379e-04
Loss = 7.9327e-03, PNorm = 66.9235, GNorm = 0.5184, lr_0 = 8.6407e-04
Loss = 7.9636e-03, PNorm = 66.9391, GNorm = 0.4154, lr_0 = 8.6434e-04
Loss = 9.3540e-03, PNorm = 66.9548, GNorm = 0.2567, lr_0 = 8.6461e-04
Loss = 8.3902e-03, PNorm = 66.9767, GNorm = 0.4055, lr_0 = 8.6488e-04
Loss = 8.1425e-03, PNorm = 66.9918, GNorm = 0.3073, lr_0 = 8.6515e-04
Loss = 7.6433e-03, PNorm = 67.0168, GNorm = 0.1845, lr_0 = 8.6542e-04
Loss = 6.6268e-03, PNorm = 67.0328, GNorm = 0.3402, lr_0 = 8.6570e-04
Loss = 7.5046e-03, PNorm = 67.0435, GNorm = 0.2718, lr_0 = 8.6597e-04
Loss = 7.1007e-03, PNorm = 67.0563, GNorm = 0.1951, lr_0 = 8.6624e-04
Loss = 7.4458e-03, PNorm = 67.0689, GNorm = 0.3244, lr_0 = 8.6651e-04
Loss = 7.9983e-03, PNorm = 67.0888, GNorm = 0.1952, lr_0 = 8.6678e-04
Loss = 9.2648e-03, PNorm = 67.1092, GNorm = 0.3573, lr_0 = 8.6705e-04
Loss = 7.0676e-03, PNorm = 67.1252, GNorm = 0.2179, lr_0 = 8.6733e-04
Loss = 6.7695e-03, PNorm = 67.1404, GNorm = 0.2704, lr_0 = 8.6760e-04
Loss = 7.5451e-03, PNorm = 67.1543, GNorm = 0.3745, lr_0 = 8.6787e-04
Loss = 9.2714e-03, PNorm = 67.1712, GNorm = 0.5058, lr_0 = 8.6814e-04
Loss = 8.6591e-03, PNorm = 67.1876, GNorm = 0.7474, lr_0 = 8.6841e-04
Loss = 9.7711e-03, PNorm = 67.2047, GNorm = 0.3529, lr_0 = 8.6868e-04
Loss = 9.0305e-03, PNorm = 67.2273, GNorm = 0.3363, lr_0 = 8.6896e-04
Loss = 7.7455e-03, PNorm = 67.2450, GNorm = 0.5190, lr_0 = 8.6923e-04
Loss = 8.5648e-03, PNorm = 67.2680, GNorm = 0.2360, lr_0 = 8.6950e-04
Loss = 7.6444e-03, PNorm = 67.2869, GNorm = 0.2404, lr_0 = 8.6977e-04
Loss = 8.1280e-03, PNorm = 67.3085, GNorm = 0.2847, lr_0 = 8.7004e-04
Loss = 7.8762e-03, PNorm = 67.3232, GNorm = 0.3002, lr_0 = 8.7031e-04
Loss = 7.9159e-03, PNorm = 67.3415, GNorm = 0.2390, lr_0 = 8.7059e-04
Loss = 6.4055e-03, PNorm = 67.3615, GNorm = 0.1545, lr_0 = 8.7086e-04
Loss = 7.1015e-03, PNorm = 67.3815, GNorm = 0.1663, lr_0 = 8.7113e-04
Loss = 6.8882e-03, PNorm = 67.3945, GNorm = 0.1366, lr_0 = 8.7140e-04
Loss = 6.2335e-03, PNorm = 67.4038, GNorm = 0.1465, lr_0 = 8.7167e-04
Loss = 6.4111e-03, PNorm = 67.4179, GNorm = 0.1916, lr_0 = 8.7194e-04
Loss = 7.3840e-03, PNorm = 67.4270, GNorm = 0.5159, lr_0 = 8.7222e-04
Loss = 6.9545e-03, PNorm = 67.4354, GNorm = 0.0887, lr_0 = 8.7249e-04
Loss = 6.7358e-03, PNorm = 67.4464, GNorm = 0.1396, lr_0 = 8.7276e-04
Loss = 6.3890e-03, PNorm = 67.4656, GNorm = 0.1331, lr_0 = 8.7303e-04
Loss = 7.4168e-03, PNorm = 67.4800, GNorm = 0.3314, lr_0 = 8.7330e-04
Loss = 7.4478e-03, PNorm = 67.4985, GNorm = 0.2294, lr_0 = 8.7358e-04
Loss = 6.3859e-03, PNorm = 67.5133, GNorm = 0.2976, lr_0 = 8.7385e-04
Loss = 6.4221e-03, PNorm = 67.5281, GNorm = 0.1346, lr_0 = 8.7412e-04
Loss = 8.0010e-03, PNorm = 67.5468, GNorm = 0.2795, lr_0 = 8.7439e-04
Loss = 7.1184e-03, PNorm = 67.5652, GNorm = 0.2159, lr_0 = 8.7466e-04
Loss = 6.3919e-03, PNorm = 67.5857, GNorm = 0.4300, lr_0 = 8.7493e-04
Loss = 7.6490e-03, PNorm = 67.6030, GNorm = 0.3434, lr_0 = 8.7521e-04
Loss = 5.8627e-03, PNorm = 67.6169, GNorm = 0.2516, lr_0 = 8.7548e-04
Loss = 8.5511e-03, PNorm = 67.6273, GNorm = 0.1705, lr_0 = 8.7575e-04
Loss = 5.8242e-03, PNorm = 67.6388, GNorm = 0.2742, lr_0 = 8.7602e-04
Loss = 5.6732e-03, PNorm = 67.6534, GNorm = 0.3103, lr_0 = 8.7629e-04
Loss = 7.4742e-03, PNorm = 67.6696, GNorm = 0.2244, lr_0 = 8.7656e-04
Loss = 8.8849e-03, PNorm = 67.6873, GNorm = 0.3026, lr_0 = 8.7684e-04
Loss = 6.5997e-03, PNorm = 67.6981, GNorm = 0.1508, lr_0 = 8.7711e-04
Loss = 6.4336e-03, PNorm = 67.7112, GNorm = 0.1825, lr_0 = 8.7738e-04
Loss = 5.0836e-03, PNorm = 67.7255, GNorm = 0.1570, lr_0 = 8.7765e-04
Loss = 4.7178e-03, PNorm = 67.7349, GNorm = 0.1729, lr_0 = 8.7792e-04
Loss = 7.3977e-03, PNorm = 67.7458, GNorm = 0.1784, lr_0 = 8.7819e-04
Loss = 6.1923e-03, PNorm = 67.7604, GNorm = 0.4144, lr_0 = 8.7847e-04
Loss = 6.3840e-03, PNorm = 67.7775, GNorm = 0.2578, lr_0 = 8.7874e-04
Loss = 5.7101e-03, PNorm = 67.7918, GNorm = 0.2022, lr_0 = 8.7901e-04
Loss = 5.3960e-03, PNorm = 67.8052, GNorm = 0.2169, lr_0 = 8.7928e-04
Loss = 6.6654e-03, PNorm = 67.8171, GNorm = 0.3497, lr_0 = 8.7955e-04
Loss = 6.7023e-03, PNorm = 67.8298, GNorm = 0.1640, lr_0 = 8.7982e-04
Loss = 6.7049e-03, PNorm = 67.8412, GNorm = 0.3301, lr_0 = 8.8010e-04
Loss = 5.8693e-03, PNorm = 67.8539, GNorm = 0.1151, lr_0 = 8.8037e-04
Loss = 6.4506e-03, PNorm = 67.8680, GNorm = 0.1238, lr_0 = 8.8064e-04
Loss = 7.1169e-03, PNorm = 67.8795, GNorm = 0.2457, lr_0 = 8.8091e-04
Loss = 5.3747e-03, PNorm = 67.8878, GNorm = 0.1253, lr_0 = 8.8118e-04
Loss = 6.4231e-03, PNorm = 67.8986, GNorm = 0.1943, lr_0 = 8.8145e-04
Loss = 5.7134e-03, PNorm = 67.9131, GNorm = 0.1230, lr_0 = 8.8173e-04
Loss = 6.4516e-03, PNorm = 67.9260, GNorm = 0.1994, lr_0 = 8.8200e-04
Loss = 4.6466e-03, PNorm = 67.9370, GNorm = 0.1445, lr_0 = 8.8227e-04
Loss = 7.5776e-03, PNorm = 67.9413, GNorm = 0.1730, lr_0 = 8.8254e-04
Loss = 7.0804e-03, PNorm = 67.9527, GNorm = 0.3642, lr_0 = 8.8281e-04
Loss = 7.2421e-03, PNorm = 67.9691, GNorm = 0.1850, lr_0 = 8.8308e-04
Loss = 7.7499e-03, PNorm = 67.9875, GNorm = 0.2024, lr_0 = 8.8336e-04
Loss = 6.7778e-03, PNorm = 68.0077, GNorm = 0.1765, lr_0 = 8.8363e-04
Loss = 6.6975e-03, PNorm = 68.0227, GNorm = 0.3763, lr_0 = 8.8390e-04
Loss = 6.4447e-03, PNorm = 68.0355, GNorm = 0.2958, lr_0 = 8.8417e-04
Loss = 6.4381e-03, PNorm = 68.0470, GNorm = 0.2422, lr_0 = 8.8444e-04
Loss = 5.9993e-03, PNorm = 68.0616, GNorm = 0.2297, lr_0 = 8.8472e-04
Loss = 7.7081e-03, PNorm = 68.0790, GNorm = 0.1913, lr_0 = 8.8499e-04
Loss = 9.0404e-03, PNorm = 68.0968, GNorm = 0.4578, lr_0 = 8.8526e-04
Loss = 7.7508e-03, PNorm = 68.1141, GNorm = 0.2335, lr_0 = 8.8553e-04
Loss = 6.4816e-03, PNorm = 68.1296, GNorm = 0.1757, lr_0 = 8.8580e-04
Loss = 7.3129e-03, PNorm = 68.1444, GNorm = 0.4143, lr_0 = 8.8607e-04
Loss = 7.6692e-03, PNorm = 68.1620, GNorm = 0.1245, lr_0 = 8.8635e-04
Loss = 7.2863e-03, PNorm = 68.1823, GNorm = 0.2641, lr_0 = 8.8662e-04
Loss = 8.8137e-03, PNorm = 68.2020, GNorm = 0.4736, lr_0 = 8.8689e-04
Loss = 6.6716e-03, PNorm = 68.2258, GNorm = 0.2722, lr_0 = 8.8716e-04
Loss = 6.1322e-03, PNorm = 68.2440, GNorm = 0.1187, lr_0 = 8.8743e-04
Loss = 5.8285e-03, PNorm = 68.2585, GNorm = 0.2347, lr_0 = 8.8770e-04
Loss = 6.1659e-03, PNorm = 68.2762, GNorm = 0.2485, lr_0 = 8.8798e-04
Loss = 7.7805e-03, PNorm = 68.2849, GNorm = 0.3431, lr_0 = 8.8825e-04
Loss = 6.4568e-03, PNorm = 68.2956, GNorm = 0.2787, lr_0 = 8.8852e-04
Loss = 5.7345e-03, PNorm = 68.3073, GNorm = 0.1356, lr_0 = 8.8879e-04
Loss = 5.8584e-03, PNorm = 68.3266, GNorm = 0.2352, lr_0 = 8.8906e-04
Loss = 6.6534e-03, PNorm = 68.3418, GNorm = 0.6013, lr_0 = 8.8933e-04
Loss = 6.7037e-03, PNorm = 68.3553, GNorm = 0.2058, lr_0 = 8.8961e-04
Loss = 6.3788e-03, PNorm = 68.3668, GNorm = 0.1885, lr_0 = 8.8988e-04
Loss = 7.4130e-03, PNorm = 68.3891, GNorm = 0.2723, lr_0 = 8.9015e-04
Loss = 6.6803e-03, PNorm = 68.4071, GNorm = 0.1807, lr_0 = 8.9042e-04
Loss = 6.1552e-03, PNorm = 68.4239, GNorm = 0.1398, lr_0 = 8.9069e-04
Loss = 6.5971e-03, PNorm = 68.4399, GNorm = 0.1108, lr_0 = 8.9096e-04
Loss = 7.7863e-03, PNorm = 68.4580, GNorm = 0.2839, lr_0 = 8.9124e-04
Loss = 1.0915e-02, PNorm = 68.4763, GNorm = 0.3252, lr_0 = 8.9151e-04
Loss = 8.5702e-03, PNorm = 68.5030, GNorm = 0.2995, lr_0 = 8.9178e-04
Loss = 7.0237e-03, PNorm = 68.5250, GNorm = 0.3161, lr_0 = 8.9205e-04
Loss = 6.4106e-03, PNorm = 68.5430, GNorm = 0.2577, lr_0 = 8.9232e-04
Loss = 8.4547e-03, PNorm = 68.5596, GNorm = 0.2376, lr_0 = 8.9259e-04
Loss = 7.3902e-03, PNorm = 68.5790, GNorm = 0.2386, lr_0 = 8.9287e-04
Loss = 8.2509e-03, PNorm = 68.5985, GNorm = 0.2500, lr_0 = 8.9314e-04
Loss = 8.0118e-03, PNorm = 68.6149, GNorm = 0.2144, lr_0 = 8.9341e-04
Loss = 8.7849e-03, PNorm = 68.6366, GNorm = 0.1695, lr_0 = 8.9368e-04
Loss = 6.7325e-03, PNorm = 68.6590, GNorm = 0.2033, lr_0 = 8.9395e-04
Loss = 8.1347e-03, PNorm = 68.6730, GNorm = 0.1957, lr_0 = 8.9422e-04
Loss = 8.6006e-03, PNorm = 68.6911, GNorm = 0.3676, lr_0 = 8.9450e-04
Loss = 7.7837e-03, PNorm = 68.7178, GNorm = 0.2951, lr_0 = 8.9477e-04
Loss = 8.1360e-03, PNorm = 68.7355, GNorm = 0.1740, lr_0 = 8.9504e-04
Loss = 6.6418e-03, PNorm = 68.7571, GNorm = 0.2255, lr_0 = 8.9531e-04
Loss = 7.6727e-03, PNorm = 68.7772, GNorm = 0.3770, lr_0 = 8.9558e-04
Loss = 6.9938e-03, PNorm = 68.8007, GNorm = 0.1598, lr_0 = 8.9585e-04
Loss = 6.0972e-03, PNorm = 68.8233, GNorm = 0.1567, lr_0 = 8.9613e-04
Loss = 5.2703e-03, PNorm = 68.8355, GNorm = 0.3429, lr_0 = 8.9640e-04
Loss = 7.8315e-03, PNorm = 68.8470, GNorm = 0.2945, lr_0 = 8.9667e-04
Loss = 8.0523e-03, PNorm = 68.8648, GNorm = 0.2962, lr_0 = 8.9694e-04
Loss = 7.1769e-03, PNorm = 68.8848, GNorm = 0.2694, lr_0 = 8.9721e-04
Loss = 6.4884e-03, PNorm = 68.8976, GNorm = 0.1710, lr_0 = 8.9749e-04
Loss = 7.2665e-03, PNorm = 68.9112, GNorm = 0.1310, lr_0 = 8.9776e-04
Loss = 6.0823e-03, PNorm = 68.9247, GNorm = 0.1132, lr_0 = 8.9803e-04
Loss = 7.0518e-03, PNorm = 68.9429, GNorm = 0.3334, lr_0 = 8.9830e-04
Loss = 7.3875e-03, PNorm = 68.9634, GNorm = 0.1090, lr_0 = 8.9857e-04
Loss = 6.8525e-03, PNorm = 68.9790, GNorm = 0.1706, lr_0 = 8.9884e-04
Loss = 5.8183e-03, PNorm = 68.9937, GNorm = 0.2271, lr_0 = 8.9912e-04
Loss = 6.4690e-03, PNorm = 69.0084, GNorm = 0.3499, lr_0 = 8.9939e-04
Loss = 7.7400e-03, PNorm = 69.0271, GNorm = 0.1177, lr_0 = 8.9966e-04
Loss = 7.4168e-03, PNorm = 69.0474, GNorm = 0.2247, lr_0 = 8.9993e-04
Loss = 6.7676e-03, PNorm = 69.0622, GNorm = 0.2005, lr_0 = 9.0020e-04
Loss = 5.9615e-03, PNorm = 69.0831, GNorm = 0.1253, lr_0 = 9.0047e-04
Loss = 6.5247e-03, PNorm = 69.1012, GNorm = 0.1593, lr_0 = 9.0075e-04
Loss = 6.3207e-03, PNorm = 69.1154, GNorm = 0.2205, lr_0 = 9.0102e-04
Loss = 6.1021e-03, PNorm = 69.1320, GNorm = 0.1930, lr_0 = 9.0129e-04
Loss = 7.1194e-03, PNorm = 69.1449, GNorm = 0.4186, lr_0 = 9.0156e-04
Loss = 7.5695e-03, PNorm = 69.1609, GNorm = 0.1604, lr_0 = 9.0183e-04
Loss = 6.3875e-03, PNorm = 69.1792, GNorm = 0.2534, lr_0 = 9.0210e-04
Loss = 5.8936e-03, PNorm = 69.1904, GNorm = 0.1626, lr_0 = 9.0238e-04
Loss = 6.5809e-03, PNorm = 69.2074, GNorm = 0.1836, lr_0 = 9.0265e-04
Loss = 7.1120e-03, PNorm = 69.2206, GNorm = 0.1907, lr_0 = 9.0292e-04
Loss = 8.4894e-03, PNorm = 69.2380, GNorm = 0.2018, lr_0 = 9.0319e-04
Loss = 9.6074e-03, PNorm = 69.2573, GNorm = 0.4878, lr_0 = 9.0346e-04
Loss = 9.4273e-03, PNorm = 69.2837, GNorm = 0.2258, lr_0 = 9.0373e-04
Loss = 7.9707e-03, PNorm = 69.3031, GNorm = 0.1818, lr_0 = 9.0401e-04
Loss = 8.7344e-03, PNorm = 69.3188, GNorm = 0.1727, lr_0 = 9.0428e-04
Loss = 7.9763e-03, PNorm = 69.3438, GNorm = 0.1973, lr_0 = 9.0455e-04
Loss = 9.7005e-03, PNorm = 69.3648, GNorm = 0.2345, lr_0 = 9.0482e-04
Loss = 9.2509e-03, PNorm = 69.3916, GNorm = 0.2983, lr_0 = 9.0509e-04
Loss = 8.9335e-03, PNorm = 69.4226, GNorm = 0.2602, lr_0 = 9.0536e-04
Loss = 1.1333e-02, PNorm = 69.4477, GNorm = 0.2016, lr_0 = 9.0564e-04
Loss = 8.8105e-03, PNorm = 69.4765, GNorm = 0.1834, lr_0 = 9.0591e-04
Loss = 8.1125e-03, PNorm = 69.5067, GNorm = 0.1977, lr_0 = 9.0618e-04
Loss = 6.7514e-03, PNorm = 69.5299, GNorm = 0.1719, lr_0 = 9.0645e-04
Loss = 1.0012e-02, PNorm = 69.5555, GNorm = 0.2268, lr_0 = 9.0672e-04
Loss = 7.9584e-03, PNorm = 69.5791, GNorm = 0.2854, lr_0 = 9.0699e-04
Loss = 8.2408e-03, PNorm = 69.6026, GNorm = 0.2712, lr_0 = 9.0727e-04
Loss = 8.5239e-03, PNorm = 69.6208, GNorm = 0.2659, lr_0 = 9.0754e-04
Loss = 7.8971e-03, PNorm = 69.6442, GNorm = 0.1731, lr_0 = 9.0781e-04
Loss = 1.0078e-02, PNorm = 69.6682, GNorm = 0.2558, lr_0 = 9.0808e-04
Loss = 8.2655e-03, PNorm = 69.6922, GNorm = 0.1791, lr_0 = 9.0835e-04
Loss = 7.5982e-03, PNorm = 69.7173, GNorm = 0.1444, lr_0 = 9.0863e-04
Loss = 6.4228e-03, PNorm = 69.7380, GNorm = 0.2803, lr_0 = 9.0890e-04
Loss = 7.0170e-03, PNorm = 69.7547, GNorm = 0.2550, lr_0 = 9.0917e-04
Loss = 6.9235e-03, PNorm = 69.7732, GNorm = 0.3952, lr_0 = 9.0944e-04
Loss = 9.2429e-03, PNorm = 69.7988, GNorm = 0.5575, lr_0 = 9.0971e-04
Loss = 8.5221e-03, PNorm = 69.8198, GNorm = 0.3853, lr_0 = 9.0998e-04
Loss = 8.0270e-03, PNorm = 69.8435, GNorm = 0.2933, lr_0 = 9.1026e-04
Loss = 8.6515e-03, PNorm = 69.8667, GNorm = 0.3762, lr_0 = 9.1053e-04
Loss = 8.8680e-03, PNorm = 69.8841, GNorm = 0.5031, lr_0 = 9.1080e-04
Loss = 1.1522e-02, PNorm = 69.9117, GNorm = 0.6542, lr_0 = 9.1107e-04
Loss = 8.6582e-03, PNorm = 69.9380, GNorm = 0.1332, lr_0 = 9.1134e-04
Loss = 9.0166e-03, PNorm = 69.9619, GNorm = 0.2842, lr_0 = 9.1161e-04
Loss = 8.6637e-03, PNorm = 69.9901, GNorm = 0.4520, lr_0 = 9.1189e-04
Loss = 8.3767e-03, PNorm = 70.0123, GNorm = 0.1413, lr_0 = 9.1216e-04
Loss = 7.2693e-03, PNorm = 70.0293, GNorm = 0.3368, lr_0 = 9.1243e-04
Loss = 6.1735e-03, PNorm = 70.0505, GNorm = 0.3275, lr_0 = 9.1270e-04
Loss = 6.3097e-03, PNorm = 70.0642, GNorm = 0.1637, lr_0 = 9.1297e-04
Loss = 5.8413e-03, PNorm = 70.0837, GNorm = 0.3609, lr_0 = 9.1324e-04
Loss = 6.6292e-03, PNorm = 70.1029, GNorm = 0.3054, lr_0 = 9.1352e-04
Loss = 4.7112e-03, PNorm = 70.1182, GNorm = 0.1342, lr_0 = 9.1379e-04
Loss = 4.6053e-03, PNorm = 70.1317, GNorm = 0.1166, lr_0 = 9.1406e-04
Loss = 5.4785e-03, PNorm = 70.1429, GNorm = 0.1190, lr_0 = 9.1433e-04
Loss = 4.6675e-03, PNorm = 70.1507, GNorm = 0.1516, lr_0 = 9.1460e-04
Loss = 5.7266e-03, PNorm = 70.1583, GNorm = 0.3726, lr_0 = 9.1487e-04
Loss = 6.8708e-03, PNorm = 70.1733, GNorm = 0.1733, lr_0 = 9.1515e-04
Loss = 5.0105e-03, PNorm = 70.1861, GNorm = 0.4221, lr_0 = 9.1542e-04
Loss = 8.5896e-03, PNorm = 70.1987, GNorm = 0.1514, lr_0 = 9.1569e-04
Loss = 6.7766e-03, PNorm = 70.2096, GNorm = 0.2052, lr_0 = 9.1596e-04
Loss = 6.8532e-03, PNorm = 70.2289, GNorm = 0.2470, lr_0 = 9.1623e-04
Loss = 5.2861e-03, PNorm = 70.2450, GNorm = 0.2878, lr_0 = 9.1650e-04
Loss = 5.8138e-03, PNorm = 70.2609, GNorm = 0.1182, lr_0 = 9.1678e-04
Loss = 6.6372e-03, PNorm = 70.2708, GNorm = 0.1432, lr_0 = 9.1705e-04
Loss = 5.7845e-03, PNorm = 70.2818, GNorm = 0.1662, lr_0 = 9.1732e-04
Loss = 7.1478e-03, PNorm = 70.2966, GNorm = 0.1394, lr_0 = 9.1759e-04
Loss = 5.4218e-03, PNorm = 70.3119, GNorm = 0.3079, lr_0 = 9.1786e-04
Loss = 6.9465e-03, PNorm = 70.3269, GNorm = 0.4930, lr_0 = 9.1813e-04
Loss = 5.4076e-03, PNorm = 70.3415, GNorm = 0.1671, lr_0 = 9.1841e-04
Loss = 4.6019e-03, PNorm = 70.3529, GNorm = 0.2962, lr_0 = 9.1868e-04
Loss = 5.2081e-03, PNorm = 70.3615, GNorm = 0.2337, lr_0 = 9.1895e-04
Loss = 5.2707e-03, PNorm = 70.3761, GNorm = 0.3141, lr_0 = 9.1922e-04
Loss = 5.1963e-03, PNorm = 70.3851, GNorm = 0.2346, lr_0 = 9.1949e-04
Loss = 6.8489e-03, PNorm = 70.4024, GNorm = 0.4574, lr_0 = 9.1977e-04
Loss = 6.9970e-03, PNorm = 70.4174, GNorm = 0.6959, lr_0 = 9.2004e-04
Loss = 7.7357e-03, PNorm = 70.4378, GNorm = 0.2012, lr_0 = 9.2031e-04
Loss = 5.7587e-03, PNorm = 70.4621, GNorm = 0.2139, lr_0 = 9.2058e-04
Loss = 8.9524e-03, PNorm = 70.4836, GNorm = 0.2671, lr_0 = 9.2085e-04
Loss = 6.2836e-03, PNorm = 70.4998, GNorm = 0.2086, lr_0 = 9.2112e-04
Loss = 5.8648e-03, PNorm = 70.5131, GNorm = 0.1529, lr_0 = 9.2140e-04
Loss = 7.2417e-03, PNorm = 70.5283, GNorm = 0.1524, lr_0 = 9.2167e-04
Loss = 7.1505e-03, PNorm = 70.5461, GNorm = 0.1400, lr_0 = 9.2194e-04
Loss = 5.4134e-03, PNorm = 70.5642, GNorm = 0.2723, lr_0 = 9.2221e-04
Loss = 6.4444e-03, PNorm = 70.5837, GNorm = 0.2188, lr_0 = 9.2248e-04
Loss = 5.9355e-03, PNorm = 70.5971, GNorm = 0.1434, lr_0 = 9.2275e-04
Loss = 6.1418e-03, PNorm = 70.6143, GNorm = 0.1276, lr_0 = 9.2303e-04
Loss = 6.1288e-03, PNorm = 70.6346, GNorm = 0.1477, lr_0 = 9.2330e-04
Loss = 6.3158e-03, PNorm = 70.6482, GNorm = 0.1299, lr_0 = 9.2357e-04
Loss = 6.0346e-03, PNorm = 70.6641, GNorm = 0.1827, lr_0 = 9.2384e-04
Loss = 7.3031e-03, PNorm = 70.6849, GNorm = 0.2785, lr_0 = 9.2411e-04
Loss = 5.9997e-03, PNorm = 70.7078, GNorm = 0.2156, lr_0 = 9.2438e-04
Loss = 6.3717e-03, PNorm = 70.7253, GNorm = 0.4990, lr_0 = 9.2466e-04
Loss = 5.8314e-03, PNorm = 70.7370, GNorm = 0.1692, lr_0 = 9.2493e-04
Loss = 6.8728e-03, PNorm = 70.7529, GNorm = 0.1276, lr_0 = 9.2520e-04
Loss = 6.2790e-03, PNorm = 70.7653, GNorm = 0.1204, lr_0 = 9.2547e-04
Loss = 5.7909e-03, PNorm = 70.7830, GNorm = 0.1141, lr_0 = 9.2574e-04
Loss = 5.5417e-03, PNorm = 70.8021, GNorm = 0.2135, lr_0 = 9.2601e-04
Loss = 5.8561e-03, PNorm = 70.8160, GNorm = 0.1338, lr_0 = 9.2629e-04
Loss = 5.0586e-03, PNorm = 70.8281, GNorm = 0.3458, lr_0 = 9.2656e-04
Loss = 6.0260e-03, PNorm = 70.8420, GNorm = 0.1265, lr_0 = 9.2683e-04
Loss = 5.9468e-03, PNorm = 70.8554, GNorm = 0.4047, lr_0 = 9.2710e-04
Loss = 6.7183e-03, PNorm = 70.8707, GNorm = 0.1860, lr_0 = 9.2737e-04
Loss = 5.8364e-03, PNorm = 70.8922, GNorm = 0.2638, lr_0 = 9.2764e-04
Loss = 6.6845e-03, PNorm = 70.9090, GNorm = 0.1270, lr_0 = 9.2792e-04
Loss = 8.0865e-03, PNorm = 70.9238, GNorm = 0.1897, lr_0 = 9.2819e-04
Loss = 9.4743e-03, PNorm = 70.9454, GNorm = 0.2623, lr_0 = 9.2846e-04
Loss = 8.8208e-03, PNorm = 70.9800, GNorm = 0.1641, lr_0 = 9.2873e-04
Loss = 1.0704e-02, PNorm = 71.0083, GNorm = 0.3625, lr_0 = 9.2900e-04
Loss = 1.1085e-02, PNorm = 71.0329, GNorm = 0.3699, lr_0 = 9.2927e-04
Loss = 9.1923e-03, PNorm = 71.0634, GNorm = 0.4639, lr_0 = 9.2955e-04
Loss = 9.5214e-03, PNorm = 71.0927, GNorm = 0.2059, lr_0 = 9.2982e-04
Loss = 7.5863e-03, PNorm = 71.1187, GNorm = 0.2841, lr_0 = 9.3009e-04
Loss = 9.8983e-03, PNorm = 71.1503, GNorm = 0.1779, lr_0 = 9.3036e-04
Loss = 7.9450e-03, PNorm = 71.1767, GNorm = 0.2516, lr_0 = 9.3063e-04
Loss = 7.4416e-03, PNorm = 71.1995, GNorm = 0.1702, lr_0 = 9.3091e-04
Loss = 9.3687e-03, PNorm = 71.2230, GNorm = 0.3531, lr_0 = 9.3118e-04
Loss = 7.9121e-03, PNorm = 71.2515, GNorm = 0.1711, lr_0 = 9.3145e-04
Loss = 7.3154e-03, PNorm = 71.2760, GNorm = 0.1804, lr_0 = 9.3172e-04
Loss = 9.6265e-03, PNorm = 71.2983, GNorm = 0.2890, lr_0 = 9.3199e-04
Loss = 9.3072e-03, PNorm = 71.3254, GNorm = 0.2578, lr_0 = 9.3226e-04
Loss = 8.1161e-03, PNorm = 71.3458, GNorm = 0.2215, lr_0 = 9.3254e-04
Loss = 9.3542e-03, PNorm = 71.3657, GNorm = 0.1534, lr_0 = 9.3281e-04
Loss = 6.1091e-03, PNorm = 71.3923, GNorm = 0.1734, lr_0 = 9.3308e-04
Loss = 6.3242e-03, PNorm = 71.4160, GNorm = 0.2278, lr_0 = 9.3335e-04
Loss = 5.9348e-03, PNorm = 71.4369, GNorm = 0.4615, lr_0 = 9.3362e-04
Loss = 6.9838e-03, PNorm = 71.4536, GNorm = 0.1427, lr_0 = 9.3389e-04
Loss = 6.2775e-03, PNorm = 71.4689, GNorm = 0.2744, lr_0 = 9.3417e-04
Loss = 6.6179e-03, PNorm = 71.4850, GNorm = 0.1355, lr_0 = 9.3444e-04
Loss = 5.7648e-03, PNorm = 71.4969, GNorm = 0.3020, lr_0 = 9.3471e-04
Loss = 7.0018e-03, PNorm = 71.5075, GNorm = 0.1556, lr_0 = 9.3498e-04
Loss = 6.0950e-03, PNorm = 71.5274, GNorm = 0.1917, lr_0 = 9.3525e-04
Loss = 5.5509e-03, PNorm = 71.5439, GNorm = 0.2117, lr_0 = 9.3552e-04
Loss = 5.4613e-03, PNorm = 71.5552, GNorm = 0.1409, lr_0 = 9.3580e-04
Loss = 9.1838e-03, PNorm = 71.5687, GNorm = 0.3894, lr_0 = 9.3607e-04
Loss = 7.4563e-03, PNorm = 71.5890, GNorm = 0.3934, lr_0 = 9.3634e-04
Loss = 8.6163e-03, PNorm = 71.6154, GNorm = 0.1291, lr_0 = 9.3661e-04
Loss = 9.3455e-03, PNorm = 71.6461, GNorm = 0.3781, lr_0 = 9.3688e-04
Loss = 6.7338e-03, PNorm = 71.6732, GNorm = 0.2486, lr_0 = 9.3715e-04
Loss = 6.6607e-03, PNorm = 71.6936, GNorm = 0.1376, lr_0 = 9.3743e-04
Loss = 6.8328e-03, PNorm = 71.7116, GNorm = 0.3469, lr_0 = 9.3770e-04
Loss = 7.0027e-03, PNorm = 71.7288, GNorm = 0.2324, lr_0 = 9.3797e-04
Loss = 7.2565e-03, PNorm = 71.7500, GNorm = 0.1530, lr_0 = 9.3824e-04
Loss = 5.3556e-03, PNorm = 71.7666, GNorm = 0.2347, lr_0 = 9.3851e-04
Loss = 6.0824e-03, PNorm = 71.7852, GNorm = 0.3588, lr_0 = 9.3878e-04
Loss = 6.8346e-03, PNorm = 71.8067, GNorm = 0.1839, lr_0 = 9.3906e-04
Loss = 9.6096e-03, PNorm = 71.8228, GNorm = 0.2542, lr_0 = 9.3933e-04
Loss = 8.6921e-03, PNorm = 71.8435, GNorm = 0.4528, lr_0 = 9.3960e-04
Loss = 6.2809e-03, PNorm = 71.8656, GNorm = 0.2489, lr_0 = 9.3987e-04
Loss = 7.1583e-03, PNorm = 71.8883, GNorm = 0.3065, lr_0 = 9.4014e-04
Loss = 6.3410e-03, PNorm = 71.9096, GNorm = 0.1504, lr_0 = 9.4041e-04
Loss = 6.4166e-03, PNorm = 71.9270, GNorm = 0.2367, lr_0 = 9.4069e-04
Loss = 7.9705e-03, PNorm = 71.9408, GNorm = 0.4231, lr_0 = 9.4096e-04
Loss = 6.6066e-03, PNorm = 71.9578, GNorm = 0.2410, lr_0 = 9.4123e-04
Loss = 7.1015e-03, PNorm = 71.9774, GNorm = 0.5351, lr_0 = 9.4150e-04
Loss = 9.5895e-03, PNorm = 72.0008, GNorm = 1.0644, lr_0 = 9.4177e-04
Loss = 1.0202e-02, PNorm = 72.0221, GNorm = 0.4703, lr_0 = 9.4205e-04
Loss = 6.6182e-03, PNorm = 72.0471, GNorm = 0.1927, lr_0 = 9.4232e-04
Loss = 7.8378e-03, PNorm = 72.0691, GNorm = 0.1630, lr_0 = 9.4259e-04
Loss = 6.9702e-03, PNorm = 72.0882, GNorm = 0.1670, lr_0 = 9.4286e-04
Loss = 7.9058e-03, PNorm = 72.1077, GNorm = 0.1857, lr_0 = 9.4313e-04
Loss = 8.6462e-03, PNorm = 72.1257, GNorm = 0.2470, lr_0 = 9.4340e-04
Loss = 6.5676e-03, PNorm = 72.1467, GNorm = 0.3730, lr_0 = 9.4368e-04
Loss = 5.6918e-03, PNorm = 72.1647, GNorm = 0.1234, lr_0 = 9.4395e-04
Loss = 7.7398e-03, PNorm = 72.1903, GNorm = 0.4099, lr_0 = 9.4422e-04
Loss = 9.0631e-03, PNorm = 72.2220, GNorm = 0.1216, lr_0 = 9.4449e-04
Loss = 7.4889e-03, PNorm = 72.2436, GNorm = 0.1504, lr_0 = 9.4476e-04
Loss = 7.3604e-03, PNorm = 72.2590, GNorm = 0.3951, lr_0 = 9.4503e-04
Loss = 7.6926e-03, PNorm = 72.2802, GNorm = 0.3737, lr_0 = 9.4531e-04
Loss = 7.8132e-03, PNorm = 72.3013, GNorm = 0.2403, lr_0 = 9.4558e-04
Loss = 5.6506e-03, PNorm = 72.3234, GNorm = 0.1224, lr_0 = 9.4585e-04
Loss = 7.4859e-03, PNorm = 72.3441, GNorm = 0.1172, lr_0 = 9.4612e-04
Loss = 6.8071e-03, PNorm = 72.3624, GNorm = 0.1923, lr_0 = 9.4639e-04
Loss = 7.2005e-03, PNorm = 72.3787, GNorm = 0.4276, lr_0 = 9.4666e-04
Loss = 4.6520e-03, PNorm = 72.3911, GNorm = 0.1340, lr_0 = 9.4694e-04
Loss = 5.8103e-03, PNorm = 72.4049, GNorm = 0.2850, lr_0 = 9.4721e-04
Loss = 6.7409e-03, PNorm = 72.4195, GNorm = 0.1098, lr_0 = 9.4748e-04
Loss = 6.0792e-03, PNorm = 72.4342, GNorm = 0.1474, lr_0 = 9.4775e-04
Loss = 4.9644e-03, PNorm = 72.4498, GNorm = 0.1069, lr_0 = 9.4802e-04
Loss = 5.0636e-03, PNorm = 72.4612, GNorm = 0.1628, lr_0 = 9.4829e-04
Loss = 5.1783e-03, PNorm = 72.4716, GNorm = 0.2254, lr_0 = 9.4857e-04
Loss = 4.7959e-03, PNorm = 72.4806, GNorm = 0.1592, lr_0 = 9.4884e-04
Loss = 6.4872e-03, PNorm = 72.5010, GNorm = 0.1198, lr_0 = 9.4911e-04
Loss = 5.1546e-03, PNorm = 72.5124, GNorm = 0.1554, lr_0 = 9.4938e-04
Loss = 7.0189e-03, PNorm = 72.5259, GNorm = 0.1959, lr_0 = 9.4965e-04
Loss = 5.4667e-03, PNorm = 72.5425, GNorm = 0.1532, lr_0 = 9.4992e-04
Loss = 6.1515e-03, PNorm = 72.5554, GNorm = 0.5278, lr_0 = 9.5020e-04
Loss = 4.5508e-03, PNorm = 72.5681, GNorm = 0.1225, lr_0 = 9.5047e-04
Loss = 7.1506e-03, PNorm = 72.5854, GNorm = 0.1660, lr_0 = 9.5074e-04
Loss = 7.6035e-03, PNorm = 72.6048, GNorm = 0.1572, lr_0 = 9.5101e-04
Loss = 8.0459e-03, PNorm = 72.6202, GNorm = 0.5872, lr_0 = 9.5128e-04
Loss = 7.7093e-03, PNorm = 72.6348, GNorm = 0.5474, lr_0 = 9.5155e-04
Loss = 6.1514e-03, PNorm = 72.6580, GNorm = 0.3188, lr_0 = 9.5183e-04
Loss = 7.4319e-03, PNorm = 72.6790, GNorm = 0.2365, lr_0 = 9.5210e-04
Loss = 6.0951e-03, PNorm = 72.7001, GNorm = 0.3689, lr_0 = 9.5237e-04
Loss = 7.3901e-03, PNorm = 72.7233, GNorm = 0.3114, lr_0 = 9.5264e-04
Loss = 6.1494e-03, PNorm = 72.7352, GNorm = 0.2409, lr_0 = 9.5291e-04
Loss = 8.3886e-03, PNorm = 72.7530, GNorm = 0.2781, lr_0 = 9.5319e-04
Loss = 6.9152e-03, PNorm = 72.7766, GNorm = 0.1296, lr_0 = 9.5346e-04
Loss = 8.9272e-03, PNorm = 72.7979, GNorm = 0.2098, lr_0 = 9.5373e-04
Loss = 6.9111e-03, PNorm = 72.8207, GNorm = 0.0984, lr_0 = 9.5400e-04
Loss = 5.7165e-03, PNorm = 72.8397, GNorm = 0.1269, lr_0 = 9.5427e-04
Loss = 6.6324e-03, PNorm = 72.8571, GNorm = 0.2434, lr_0 = 9.5454e-04
Loss = 7.5762e-03, PNorm = 72.8725, GNorm = 0.1937, lr_0 = 9.5482e-04
Loss = 8.3098e-03, PNorm = 72.8880, GNorm = 0.1883, lr_0 = 9.5509e-04
Loss = 7.2896e-03, PNorm = 72.9126, GNorm = 0.3035, lr_0 = 9.5536e-04
Loss = 6.6536e-03, PNorm = 72.9349, GNorm = 0.2380, lr_0 = 9.5563e-04
Loss = 7.0536e-03, PNorm = 72.9568, GNorm = 0.1184, lr_0 = 9.5590e-04
Loss = 6.5867e-03, PNorm = 72.9742, GNorm = 0.1014, lr_0 = 9.5617e-04
Loss = 7.1337e-03, PNorm = 72.9926, GNorm = 0.1622, lr_0 = 9.5645e-04
Loss = 8.0363e-03, PNorm = 73.0148, GNorm = 0.1611, lr_0 = 9.5672e-04
Loss = 8.6255e-03, PNorm = 73.0336, GNorm = 0.3823, lr_0 = 9.5699e-04
Loss = 1.0226e-02, PNorm = 73.0566, GNorm = 0.2035, lr_0 = 9.5726e-04
Loss = 7.7784e-03, PNorm = 73.0821, GNorm = 0.1621, lr_0 = 9.5753e-04
Loss = 8.4230e-03, PNorm = 73.1031, GNorm = 0.6406, lr_0 = 9.5780e-04
Loss = 8.2283e-03, PNorm = 73.1335, GNorm = 0.4094, lr_0 = 9.5808e-04
Loss = 9.7693e-03, PNorm = 73.1576, GNorm = 0.2362, lr_0 = 9.5835e-04
Loss = 1.0195e-02, PNorm = 73.1838, GNorm = 0.3400, lr_0 = 9.5862e-04
Loss = 9.8035e-03, PNorm = 73.2093, GNorm = 0.4523, lr_0 = 9.5889e-04
Loss = 1.0298e-02, PNorm = 73.2395, GNorm = 0.6843, lr_0 = 9.5916e-04
Loss = 1.0898e-02, PNorm = 73.2743, GNorm = 0.7889, lr_0 = 9.5943e-04
Loss = 1.2402e-02, PNorm = 73.3138, GNorm = 0.4680, lr_0 = 9.5971e-04
Loss = 1.0157e-02, PNorm = 73.3489, GNorm = 0.3701, lr_0 = 9.5998e-04
Loss = 9.2128e-03, PNorm = 73.3881, GNorm = 0.2685, lr_0 = 9.6025e-04
Loss = 8.0687e-03, PNorm = 73.4238, GNorm = 0.4255, lr_0 = 9.6052e-04
Loss = 7.5564e-03, PNorm = 73.4444, GNorm = 0.3378, lr_0 = 9.6079e-04
Loss = 7.7115e-03, PNorm = 73.4741, GNorm = 0.1658, lr_0 = 9.6106e-04
Loss = 9.2896e-03, PNorm = 73.5027, GNorm = 0.2046, lr_0 = 9.6134e-04
Loss = 7.5167e-03, PNorm = 73.5300, GNorm = 0.2980, lr_0 = 9.6161e-04
Loss = 6.3794e-03, PNorm = 73.5569, GNorm = 0.2546, lr_0 = 9.6188e-04
Loss = 7.5973e-03, PNorm = 73.5763, GNorm = 0.3347, lr_0 = 9.6215e-04
Loss = 7.3677e-03, PNorm = 73.5986, GNorm = 0.6178, lr_0 = 9.6242e-04
Loss = 9.6150e-03, PNorm = 73.6241, GNorm = 0.3668, lr_0 = 9.6269e-04
Loss = 9.3784e-03, PNorm = 73.6463, GNorm = 0.5032, lr_0 = 9.6297e-04
Loss = 8.8610e-03, PNorm = 73.6740, GNorm = 0.2460, lr_0 = 9.6324e-04
Loss = 7.1358e-03, PNorm = 73.6960, GNorm = 0.2323, lr_0 = 9.6351e-04
Loss = 6.7562e-03, PNorm = 73.7145, GNorm = 0.2742, lr_0 = 9.6378e-04
Loss = 6.2202e-03, PNorm = 73.7304, GNorm = 0.1350, lr_0 = 9.6405e-04
Loss = 6.0602e-03, PNorm = 73.7492, GNorm = 0.1969, lr_0 = 9.6432e-04
Loss = 6.2404e-03, PNorm = 73.7674, GNorm = 0.1179, lr_0 = 9.6460e-04
Loss = 6.3868e-03, PNorm = 73.7833, GNorm = 0.1861, lr_0 = 9.6487e-04
Loss = 4.8035e-03, PNorm = 73.7937, GNorm = 0.1784, lr_0 = 9.6514e-04
Loss = 5.4478e-03, PNorm = 73.8050, GNorm = 0.2083, lr_0 = 9.6541e-04
Loss = 5.9752e-03, PNorm = 73.8249, GNorm = 0.1577, lr_0 = 9.6568e-04
Loss = 5.3456e-03, PNorm = 73.8375, GNorm = 0.2824, lr_0 = 9.6596e-04
Loss = 8.0925e-03, PNorm = 73.8515, GNorm = 0.2985, lr_0 = 9.6623e-04
Loss = 6.6905e-03, PNorm = 73.8715, GNorm = 0.2245, lr_0 = 9.6650e-04
Loss = 7.2542e-03, PNorm = 73.8929, GNorm = 0.2989, lr_0 = 9.6677e-04
Loss = 7.3402e-03, PNorm = 73.9103, GNorm = 0.1218, lr_0 = 9.6704e-04
Loss = 7.1862e-03, PNorm = 73.9344, GNorm = 0.2165, lr_0 = 9.6731e-04
Loss = 7.1459e-03, PNorm = 73.9549, GNorm = 0.3064, lr_0 = 9.6759e-04
Loss = 6.2770e-03, PNorm = 73.9766, GNorm = 0.1869, lr_0 = 9.6786e-04
Loss = 5.8804e-03, PNorm = 73.9949, GNorm = 0.2530, lr_0 = 9.6813e-04
Loss = 7.1985e-03, PNorm = 74.0101, GNorm = 0.1460, lr_0 = 9.6840e-04
Loss = 5.2234e-03, PNorm = 74.0259, GNorm = 0.3041, lr_0 = 9.6867e-04
Loss = 4.9368e-03, PNorm = 74.0467, GNorm = 0.3016, lr_0 = 9.6894e-04
Loss = 5.1586e-03, PNorm = 74.0587, GNorm = 0.2253, lr_0 = 9.6922e-04
Loss = 4.6178e-03, PNorm = 74.0690, GNorm = 0.2761, lr_0 = 9.6949e-04
Loss = 3.3997e-03, PNorm = 74.0809, GNorm = 0.2315, lr_0 = 9.6976e-04
Loss = 4.4619e-03, PNorm = 74.0936, GNorm = 0.2794, lr_0 = 9.7003e-04
Loss = 6.2688e-03, PNorm = 74.1039, GNorm = 0.1355, lr_0 = 9.7030e-04
Loss = 4.2467e-03, PNorm = 74.1132, GNorm = 0.0980, lr_0 = 9.7057e-04
Loss = 5.5406e-03, PNorm = 74.1232, GNorm = 0.1547, lr_0 = 9.7085e-04
Loss = 5.1956e-03, PNorm = 74.1311, GNorm = 0.2401, lr_0 = 9.7112e-04
Loss = 4.3118e-03, PNorm = 74.1428, GNorm = 0.3937, lr_0 = 9.7139e-04
Loss = 4.2563e-03, PNorm = 74.1554, GNorm = 0.1892, lr_0 = 9.7166e-04
Loss = 4.6760e-03, PNorm = 74.1629, GNorm = 0.2950, lr_0 = 9.7193e-04
Loss = 5.2293e-03, PNorm = 74.1750, GNorm = 0.3785, lr_0 = 9.7220e-04
Loss = 4.5260e-03, PNorm = 74.1857, GNorm = 0.1052, lr_0 = 9.7248e-04
Loss = 4.7187e-03, PNorm = 74.1958, GNorm = 0.1021, lr_0 = 9.7275e-04
Loss = 4.4790e-03, PNorm = 74.2104, GNorm = 0.0781, lr_0 = 9.7302e-04
Loss = 6.8819e-03, PNorm = 74.2261, GNorm = 0.1811, lr_0 = 9.7329e-04
Loss = 5.5234e-03, PNorm = 74.2394, GNorm = 0.1050, lr_0 = 9.7356e-04
Loss = 6.5406e-03, PNorm = 74.2526, GNorm = 0.1409, lr_0 = 9.7383e-04
Loss = 5.4402e-03, PNorm = 74.2642, GNorm = 0.2264, lr_0 = 9.7411e-04
Loss = 6.1506e-03, PNorm = 74.2789, GNorm = 0.2387, lr_0 = 9.7438e-04
Loss = 6.2408e-03, PNorm = 74.2951, GNorm = 0.1108, lr_0 = 9.7465e-04
Loss = 4.3607e-03, PNorm = 74.3067, GNorm = 0.2060, lr_0 = 9.7492e-04
Loss = 4.4296e-03, PNorm = 74.3223, GNorm = 0.0967, lr_0 = 9.7519e-04
Loss = 5.3816e-03, PNorm = 74.3280, GNorm = 0.1646, lr_0 = 9.7546e-04
Loss = 6.6753e-03, PNorm = 74.3434, GNorm = 0.4478, lr_0 = 9.7574e-04
Loss = 7.0104e-03, PNorm = 74.3584, GNorm = 0.2086, lr_0 = 9.7601e-04
Loss = 7.4394e-03, PNorm = 74.3793, GNorm = 0.2114, lr_0 = 9.7628e-04
Loss = 6.0082e-03, PNorm = 74.3983, GNorm = 0.2967, lr_0 = 9.7655e-04
Loss = 6.4806e-03, PNorm = 74.4129, GNorm = 0.1475, lr_0 = 9.7682e-04
Loss = 7.3274e-03, PNorm = 74.4229, GNorm = 0.1586, lr_0 = 9.7710e-04
Loss = 7.2296e-03, PNorm = 74.4392, GNorm = 0.1374, lr_0 = 9.7737e-04
Loss = 5.8047e-03, PNorm = 74.4564, GNorm = 0.1894, lr_0 = 9.7764e-04
Loss = 4.5070e-03, PNorm = 74.4738, GNorm = 0.2114, lr_0 = 9.7791e-04
Loss = 6.3174e-03, PNorm = 74.4875, GNorm = 0.3152, lr_0 = 9.7818e-04
Loss = 5.8085e-03, PNorm = 74.4996, GNorm = 0.3930, lr_0 = 9.7845e-04
Loss = 8.9434e-03, PNorm = 74.5122, GNorm = 0.1972, lr_0 = 9.7873e-04
Loss = 7.2565e-03, PNorm = 74.5390, GNorm = 0.2636, lr_0 = 9.7900e-04
Loss = 7.0950e-03, PNorm = 74.5610, GNorm = 0.2798, lr_0 = 9.7927e-04
Loss = 6.2613e-03, PNorm = 74.5862, GNorm = 0.4490, lr_0 = 9.7954e-04
Loss = 6.9551e-03, PNorm = 74.6047, GNorm = 0.4263, lr_0 = 9.7981e-04
Loss = 8.4174e-03, PNorm = 74.6264, GNorm = 0.4368, lr_0 = 9.8008e-04
Loss = 6.5637e-03, PNorm = 74.6524, GNorm = 0.2101, lr_0 = 9.8036e-04
Loss = 6.6398e-03, PNorm = 74.6747, GNorm = 0.2195, lr_0 = 9.8063e-04
Loss = 6.5488e-03, PNorm = 74.6901, GNorm = 0.2240, lr_0 = 9.8090e-04
Loss = 8.0667e-03, PNorm = 74.7073, GNorm = 0.1926, lr_0 = 9.8117e-04
Loss = 6.1509e-03, PNorm = 74.7345, GNorm = 0.3757, lr_0 = 9.8144e-04
Loss = 6.1981e-03, PNorm = 74.7546, GNorm = 0.1373, lr_0 = 9.8171e-04
Loss = 7.5600e-03, PNorm = 74.7704, GNorm = 0.2537, lr_0 = 9.8199e-04
Loss = 6.3102e-03, PNorm = 74.7863, GNorm = 0.3188, lr_0 = 9.8226e-04
Loss = 5.1432e-03, PNorm = 74.8039, GNorm = 0.3408, lr_0 = 9.8253e-04
Loss = 7.0862e-03, PNorm = 74.8236, GNorm = 0.1612, lr_0 = 9.8280e-04
Loss = 5.9447e-03, PNorm = 74.8387, GNorm = 0.3642, lr_0 = 9.8307e-04
Loss = 5.0987e-03, PNorm = 74.8616, GNorm = 0.0797, lr_0 = 9.8334e-04
Loss = 5.8959e-03, PNorm = 74.8843, GNorm = 0.1632, lr_0 = 9.8362e-04
Loss = 5.8895e-03, PNorm = 74.9021, GNorm = 0.2399, lr_0 = 9.8389e-04
Loss = 5.7522e-03, PNorm = 74.9205, GNorm = 0.3460, lr_0 = 9.8416e-04
Loss = 5.8185e-03, PNorm = 74.9357, GNorm = 0.1923, lr_0 = 9.8443e-04
Loss = 6.3771e-03, PNorm = 74.9512, GNorm = 0.1999, lr_0 = 9.8470e-04
Loss = 5.6680e-03, PNorm = 74.9697, GNorm = 0.3380, lr_0 = 9.8497e-04
Loss = 5.7713e-03, PNorm = 74.9892, GNorm = 0.1821, lr_0 = 9.8525e-04
Loss = 3.8046e-03, PNorm = 75.0050, GNorm = 0.2700, lr_0 = 9.8552e-04
Loss = 7.5479e-03, PNorm = 75.0243, GNorm = 0.2940, lr_0 = 9.8579e-04
Loss = 7.4716e-03, PNorm = 75.0374, GNorm = 0.1610, lr_0 = 9.8606e-04
Loss = 5.6726e-03, PNorm = 75.0569, GNorm = 0.2174, lr_0 = 9.8633e-04
Loss = 6.6031e-03, PNorm = 75.0756, GNorm = 0.2833, lr_0 = 9.8660e-04
Loss = 8.2308e-03, PNorm = 75.0935, GNorm = 0.4625, lr_0 = 9.8688e-04
Loss = 6.6440e-03, PNorm = 75.1196, GNorm = 0.1042, lr_0 = 9.8715e-04
Loss = 7.7091e-03, PNorm = 75.1436, GNorm = 0.3119, lr_0 = 9.8742e-04
Loss = 6.7198e-03, PNorm = 75.1633, GNorm = 0.1488, lr_0 = 9.8769e-04
Loss = 6.1226e-03, PNorm = 75.1836, GNorm = 0.1907, lr_0 = 9.8796e-04
Loss = 6.2906e-03, PNorm = 75.2080, GNorm = 0.1714, lr_0 = 9.8824e-04
Loss = 6.4648e-03, PNorm = 75.2270, GNorm = 0.1000, lr_0 = 9.8851e-04
Loss = 6.2053e-03, PNorm = 75.2439, GNorm = 0.2784, lr_0 = 9.8878e-04
Loss = 5.7819e-03, PNorm = 75.2669, GNorm = 0.1874, lr_0 = 9.8905e-04
Loss = 5.4245e-03, PNorm = 75.2781, GNorm = 0.1514, lr_0 = 9.8932e-04
Loss = 6.9958e-03, PNorm = 75.2922, GNorm = 0.2293, lr_0 = 9.8959e-04
Loss = 4.8276e-03, PNorm = 75.3117, GNorm = 0.1388, lr_0 = 9.8987e-04
Loss = 5.6120e-03, PNorm = 75.3267, GNorm = 0.1599, lr_0 = 9.9014e-04
Loss = 5.4248e-03, PNorm = 75.3426, GNorm = 0.1403, lr_0 = 9.9041e-04
Loss = 5.2684e-03, PNorm = 75.3556, GNorm = 0.1772, lr_0 = 9.9068e-04
Loss = 4.7518e-03, PNorm = 75.3714, GNorm = 0.1091, lr_0 = 9.9095e-04
Loss = 6.1290e-03, PNorm = 75.3902, GNorm = 0.2567, lr_0 = 9.9122e-04
Loss = 6.2945e-03, PNorm = 75.4076, GNorm = 0.1688, lr_0 = 9.9150e-04
Loss = 6.2049e-03, PNorm = 75.4257, GNorm = 0.5143, lr_0 = 9.9177e-04
Loss = 5.7898e-03, PNorm = 75.4437, GNorm = 0.1562, lr_0 = 9.9204e-04
Loss = 8.0722e-03, PNorm = 75.4611, GNorm = 0.4375, lr_0 = 9.9231e-04
Loss = 5.4069e-03, PNorm = 75.4808, GNorm = 0.2084, lr_0 = 9.9258e-04
Loss = 8.2347e-03, PNorm = 75.5009, GNorm = 0.4224, lr_0 = 9.9285e-04
Loss = 7.2530e-03, PNorm = 75.5230, GNorm = 0.5869, lr_0 = 9.9313e-04
Loss = 6.7673e-03, PNorm = 75.5429, GNorm = 0.2829, lr_0 = 9.9340e-04
Loss = 6.3812e-03, PNorm = 75.5634, GNorm = 0.1333, lr_0 = 9.9367e-04
Loss = 5.0919e-03, PNorm = 75.5869, GNorm = 0.2365, lr_0 = 9.9394e-04
Loss = 4.6385e-03, PNorm = 75.6067, GNorm = 0.1475, lr_0 = 9.9421e-04
Loss = 4.6133e-03, PNorm = 75.6186, GNorm = 0.1605, lr_0 = 9.9448e-04
Loss = 5.1950e-03, PNorm = 75.6364, GNorm = 0.1160, lr_0 = 9.9476e-04
Loss = 5.6265e-03, PNorm = 75.6496, GNorm = 0.3229, lr_0 = 9.9503e-04
Loss = 6.6199e-03, PNorm = 75.6692, GNorm = 0.1457, lr_0 = 9.9530e-04
Loss = 6.0566e-03, PNorm = 75.6878, GNorm = 0.1759, lr_0 = 9.9557e-04
Loss = 4.8875e-03, PNorm = 75.7092, GNorm = 0.2003, lr_0 = 9.9584e-04
Loss = 8.4820e-03, PNorm = 75.7276, GNorm = 0.4949, lr_0 = 9.9611e-04
Loss = 7.5007e-03, PNorm = 75.7544, GNorm = 0.4252, lr_0 = 9.9639e-04
Loss = 9.4225e-03, PNorm = 75.7776, GNorm = 0.3664, lr_0 = 9.9666e-04
Loss = 7.5214e-03, PNorm = 75.8054, GNorm = 0.1377, lr_0 = 9.9693e-04
Loss = 9.1199e-03, PNorm = 75.8361, GNorm = 0.1542, lr_0 = 9.9720e-04
Loss = 1.0467e-02, PNorm = 75.8689, GNorm = 0.1600, lr_0 = 9.9747e-04
Loss = 8.2018e-03, PNorm = 75.8958, GNorm = 0.4292, lr_0 = 9.9774e-04
Loss = 7.0233e-03, PNorm = 75.9274, GNorm = 0.3263, lr_0 = 9.9802e-04
Loss = 5.9923e-03, PNorm = 75.9494, GNorm = 0.2605, lr_0 = 9.9829e-04
Loss = 6.6548e-03, PNorm = 75.9692, GNorm = 0.2073, lr_0 = 9.9856e-04
Loss = 6.4552e-03, PNorm = 75.9920, GNorm = 0.1665, lr_0 = 9.9883e-04
Loss = 5.4399e-03, PNorm = 76.0123, GNorm = 0.1731, lr_0 = 9.9910e-04
Loss = 6.5225e-03, PNorm = 76.0293, GNorm = 0.1234, lr_0 = 9.9938e-04
Loss = 8.9240e-03, PNorm = 76.0477, GNorm = 0.2642, lr_0 = 9.9965e-04
Loss = 6.1335e-03, PNorm = 76.0698, GNorm = 0.3324, lr_0 = 9.9992e-04
Validation r2 = 0.993428
Epoch 2
Loss = 7.5844e-03, PNorm = 76.0876, GNorm = 0.2727, lr_0 = 9.9968e-04
Loss = 6.0830e-03, PNorm = 76.1097, GNorm = 0.7695, lr_0 = 9.9921e-04
Loss = 7.3685e-03, PNorm = 76.1322, GNorm = 0.2025, lr_0 = 9.9875e-04
Loss = 8.1932e-03, PNorm = 76.1605, GNorm = 0.1613, lr_0 = 9.9829e-04
Loss = 7.4514e-03, PNorm = 76.1872, GNorm = 0.3338, lr_0 = 9.9782e-04
Loss = 6.8417e-03, PNorm = 76.2098, GNorm = 0.3247, lr_0 = 9.9736e-04
Loss = 7.3788e-03, PNorm = 76.2379, GNorm = 0.1323, lr_0 = 9.9690e-04
Loss = 6.1534e-03, PNorm = 76.2627, GNorm = 0.1432, lr_0 = 9.9644e-04
Loss = 7.3219e-03, PNorm = 76.2924, GNorm = 0.2016, lr_0 = 9.9598e-04
Loss = 6.5408e-03, PNorm = 76.3186, GNorm = 0.2455, lr_0 = 9.9551e-04
Loss = 7.0805e-03, PNorm = 76.3441, GNorm = 0.1391, lr_0 = 9.9505e-04
Loss = 7.4634e-03, PNorm = 76.3722, GNorm = 0.2781, lr_0 = 9.9459e-04
Loss = 5.7575e-03, PNorm = 76.3958, GNorm = 0.2534, lr_0 = 9.9413e-04
Loss = 5.4750e-03, PNorm = 76.4144, GNorm = 0.1442, lr_0 = 9.9367e-04
Loss = 5.6607e-03, PNorm = 76.4350, GNorm = 0.3502, lr_0 = 9.9321e-04
Loss = 5.6105e-03, PNorm = 76.4520, GNorm = 0.1033, lr_0 = 9.9275e-04
Loss = 4.7302e-03, PNorm = 76.4653, GNorm = 0.1482, lr_0 = 9.9229e-04
Loss = 5.9805e-03, PNorm = 76.4844, GNorm = 0.1020, lr_0 = 9.9183e-04
Loss = 5.1630e-03, PNorm = 76.5044, GNorm = 0.4109, lr_0 = 9.9137e-04
Loss = 5.3273e-03, PNorm = 76.5173, GNorm = 0.2384, lr_0 = 9.9091e-04
Loss = 5.7650e-03, PNorm = 76.5325, GNorm = 0.1698, lr_0 = 9.9045e-04
Loss = 3.9179e-03, PNorm = 76.5475, GNorm = 0.1407, lr_0 = 9.8999e-04
Loss = 4.0167e-03, PNorm = 76.5575, GNorm = 0.1508, lr_0 = 9.8954e-04
Loss = 4.7445e-03, PNorm = 76.5636, GNorm = 0.2416, lr_0 = 9.8908e-04
Loss = 5.8268e-03, PNorm = 76.5765, GNorm = 0.2126, lr_0 = 9.8862e-04
Loss = 4.4615e-03, PNorm = 76.5918, GNorm = 0.1595, lr_0 = 9.8816e-04
Loss = 5.3506e-03, PNorm = 76.6068, GNorm = 0.3402, lr_0 = 9.8770e-04
Loss = 5.9124e-03, PNorm = 76.6200, GNorm = 0.1279, lr_0 = 9.8725e-04
Loss = 6.7231e-03, PNorm = 76.6354, GNorm = 0.2702, lr_0 = 9.8679e-04
Loss = 5.8695e-03, PNorm = 76.6476, GNorm = 0.1950, lr_0 = 9.8633e-04
Loss = 5.7574e-03, PNorm = 76.6632, GNorm = 0.1946, lr_0 = 9.8587e-04
Loss = 6.0423e-03, PNorm = 76.6821, GNorm = 0.3898, lr_0 = 9.8542e-04
Loss = 1.1149e-02, PNorm = 76.7161, GNorm = 0.5816, lr_0 = 9.8496e-04
Loss = 7.8318e-03, PNorm = 76.7422, GNorm = 0.2480, lr_0 = 9.8450e-04
Loss = 8.8122e-03, PNorm = 76.7677, GNorm = 0.1503, lr_0 = 9.8405e-04
Loss = 5.2870e-03, PNorm = 76.7911, GNorm = 0.3112, lr_0 = 9.8359e-04
Loss = 5.6232e-03, PNorm = 76.8127, GNorm = 0.3824, lr_0 = 9.8314e-04
Loss = 5.9963e-03, PNorm = 76.8302, GNorm = 0.1932, lr_0 = 9.8268e-04
Loss = 7.6835e-03, PNorm = 76.8467, GNorm = 0.0795, lr_0 = 9.8223e-04
Loss = 9.1008e-03, PNorm = 76.8654, GNorm = 0.6098, lr_0 = 9.8177e-04
Loss = 8.4017e-03, PNorm = 76.8958, GNorm = 0.2707, lr_0 = 9.8132e-04
Loss = 8.4559e-03, PNorm = 76.9192, GNorm = 0.1901, lr_0 = 9.8086e-04
Loss = 8.3250e-03, PNorm = 76.9379, GNorm = 0.2219, lr_0 = 9.8041e-04
Loss = 6.0630e-03, PNorm = 76.9554, GNorm = 0.3592, lr_0 = 9.7995e-04
Loss = 5.8601e-03, PNorm = 76.9716, GNorm = 0.1952, lr_0 = 9.7950e-04
Loss = 5.6566e-03, PNorm = 76.9926, GNorm = 0.4524, lr_0 = 9.7904e-04
Loss = 8.5741e-03, PNorm = 77.0117, GNorm = 0.4905, lr_0 = 9.7859e-04
Loss = 8.6506e-03, PNorm = 77.0385, GNorm = 0.2315, lr_0 = 9.7814e-04
Loss = 6.9941e-03, PNorm = 77.0698, GNorm = 0.5692, lr_0 = 9.7768e-04
Loss = 7.7136e-03, PNorm = 77.0893, GNorm = 0.4567, lr_0 = 9.7723e-04
Loss = 6.4616e-03, PNorm = 77.1125, GNorm = 0.2196, lr_0 = 9.7678e-04
Loss = 5.9334e-03, PNorm = 77.1322, GNorm = 0.1677, lr_0 = 9.7633e-04
Loss = 8.0318e-03, PNorm = 77.1520, GNorm = 0.2095, lr_0 = 9.7587e-04
Loss = 5.4124e-03, PNorm = 77.1644, GNorm = 0.1712, lr_0 = 9.7542e-04
Loss = 5.6614e-03, PNorm = 77.1810, GNorm = 0.1469, lr_0 = 9.7497e-04
Loss = 4.2596e-03, PNorm = 77.1968, GNorm = 0.0806, lr_0 = 9.7452e-04
Loss = 4.6451e-03, PNorm = 77.2118, GNorm = 0.0996, lr_0 = 9.7407e-04
Loss = 5.4110e-03, PNorm = 77.2268, GNorm = 0.2511, lr_0 = 9.7361e-04
Loss = 6.8237e-03, PNorm = 77.2428, GNorm = 0.2525, lr_0 = 9.7316e-04
Loss = 5.7223e-03, PNorm = 77.2591, GNorm = 0.5597, lr_0 = 9.7271e-04
Loss = 5.7143e-03, PNorm = 77.2762, GNorm = 0.1148, lr_0 = 9.7226e-04
Loss = 4.9851e-03, PNorm = 77.2898, GNorm = 0.3449, lr_0 = 9.7181e-04
Loss = 6.4829e-03, PNorm = 77.3025, GNorm = 0.1751, lr_0 = 9.7136e-04
Loss = 5.6160e-03, PNorm = 77.3134, GNorm = 0.3535, lr_0 = 9.7091e-04
Loss = 5.7191e-03, PNorm = 77.3302, GNorm = 0.0793, lr_0 = 9.7046e-04
Loss = 4.4615e-03, PNorm = 77.3485, GNorm = 0.1475, lr_0 = 9.7001e-04
Loss = 3.5344e-03, PNorm = 77.3615, GNorm = 0.1097, lr_0 = 9.6956e-04
Loss = 6.2425e-03, PNorm = 77.3732, GNorm = 0.3736, lr_0 = 9.6911e-04
Loss = 5.8037e-03, PNorm = 77.3897, GNorm = 0.3324, lr_0 = 9.6866e-04
Loss = 4.8934e-03, PNorm = 77.4029, GNorm = 0.1617, lr_0 = 9.6822e-04
Loss = 6.3820e-03, PNorm = 77.4183, GNorm = 0.5641, lr_0 = 9.6777e-04
Loss = 4.5754e-03, PNorm = 77.4342, GNorm = 0.2041, lr_0 = 9.6732e-04
Loss = 4.0718e-03, PNorm = 77.4444, GNorm = 0.3339, lr_0 = 9.6687e-04
Loss = 3.5813e-03, PNorm = 77.4566, GNorm = 0.0907, lr_0 = 9.6642e-04
Loss = 5.6814e-03, PNorm = 77.4676, GNorm = 0.5207, lr_0 = 9.6597e-04
Loss = 5.8082e-03, PNorm = 77.4863, GNorm = 0.2389, lr_0 = 9.6553e-04
Loss = 6.2573e-03, PNorm = 77.5031, GNorm = 0.2017, lr_0 = 9.6508e-04
Loss = 5.9209e-03, PNorm = 77.5129, GNorm = 0.2287, lr_0 = 9.6463e-04
Loss = 5.1420e-03, PNorm = 77.5313, GNorm = 0.2408, lr_0 = 9.6419e-04
Loss = 4.9229e-03, PNorm = 77.5427, GNorm = 0.2535, lr_0 = 9.6374e-04
Loss = 4.0917e-03, PNorm = 77.5518, GNorm = 0.1395, lr_0 = 9.6329e-04
Loss = 4.7822e-03, PNorm = 77.5644, GNorm = 0.1314, lr_0 = 9.6285e-04
Loss = 5.4103e-03, PNorm = 77.5730, GNorm = 0.3322, lr_0 = 9.6240e-04
Loss = 5.2079e-03, PNorm = 77.5853, GNorm = 0.2872, lr_0 = 9.6195e-04
Loss = 4.2843e-03, PNorm = 77.6017, GNorm = 0.2068, lr_0 = 9.6151e-04
Loss = 4.8903e-03, PNorm = 77.6165, GNorm = 0.2583, lr_0 = 9.6106e-04
Loss = 3.8634e-03, PNorm = 77.6292, GNorm = 0.1534, lr_0 = 9.6062e-04
Loss = 5.6610e-03, PNorm = 77.6386, GNorm = 0.2475, lr_0 = 9.6017e-04
Loss = 5.5871e-03, PNorm = 77.6479, GNorm = 0.3765, lr_0 = 9.5973e-04
Loss = 5.4651e-03, PNorm = 77.6640, GNorm = 0.1580, lr_0 = 9.5928e-04
Loss = 6.2374e-03, PNorm = 77.6755, GNorm = 0.2264, lr_0 = 9.5884e-04
Loss = 6.7071e-03, PNorm = 77.6898, GNorm = 0.1458, lr_0 = 9.5839e-04
Loss = 4.2562e-03, PNorm = 77.7052, GNorm = 0.1158, lr_0 = 9.5795e-04
Loss = 4.5639e-03, PNorm = 77.7215, GNorm = 0.2170, lr_0 = 9.5751e-04
Loss = 5.4424e-03, PNorm = 77.7341, GNorm = 0.2478, lr_0 = 9.5706e-04
Loss = 3.9773e-03, PNorm = 77.7446, GNorm = 0.1610, lr_0 = 9.5662e-04
Loss = 4.6925e-03, PNorm = 77.7556, GNorm = 0.5641, lr_0 = 9.5618e-04
Loss = 3.0874e-03, PNorm = 77.7673, GNorm = 0.2757, lr_0 = 9.5573e-04
Loss = 4.0001e-03, PNorm = 77.7728, GNorm = 0.1468, lr_0 = 9.5529e-04
Loss = 3.9796e-03, PNorm = 77.7812, GNorm = 0.1092, lr_0 = 9.5485e-04
Loss = 4.9057e-03, PNorm = 77.7939, GNorm = 0.1435, lr_0 = 9.5441e-04
Loss = 6.1200e-03, PNorm = 77.8057, GNorm = 0.1269, lr_0 = 9.5396e-04
Loss = 3.6283e-03, PNorm = 77.8138, GNorm = 0.0913, lr_0 = 9.5352e-04
Loss = 5.0322e-03, PNorm = 77.8229, GNorm = 0.1144, lr_0 = 9.5308e-04
Loss = 4.7813e-03, PNorm = 77.8333, GNorm = 0.2426, lr_0 = 9.5264e-04
Loss = 5.9549e-03, PNorm = 77.8460, GNorm = 0.1702, lr_0 = 9.5220e-04
Loss = 3.7569e-03, PNorm = 77.8580, GNorm = 0.1203, lr_0 = 9.5175e-04
Loss = 4.2656e-03, PNorm = 77.8717, GNorm = 0.2761, lr_0 = 9.5131e-04
Loss = 4.0054e-03, PNorm = 77.8816, GNorm = 0.1422, lr_0 = 9.5087e-04
Loss = 6.5158e-03, PNorm = 77.8889, GNorm = 0.1652, lr_0 = 9.5043e-04
Loss = 4.6504e-03, PNorm = 77.9035, GNorm = 0.2185, lr_0 = 9.4999e-04
Loss = 4.5998e-03, PNorm = 77.9227, GNorm = 0.1653, lr_0 = 9.4955e-04
Loss = 4.7908e-03, PNorm = 77.9348, GNorm = 0.5641, lr_0 = 9.4911e-04
Loss = 5.0806e-03, PNorm = 77.9475, GNorm = 0.1618, lr_0 = 9.4867e-04
Loss = 5.7403e-03, PNorm = 77.9598, GNorm = 0.1379, lr_0 = 9.4823e-04
Loss = 5.9927e-03, PNorm = 77.9744, GNorm = 0.2497, lr_0 = 9.4779e-04
Loss = 6.5506e-03, PNorm = 77.9937, GNorm = 0.4556, lr_0 = 9.4735e-04
Loss = 6.2170e-03, PNorm = 78.0146, GNorm = 0.4775, lr_0 = 9.4692e-04
Loss = 6.4451e-03, PNorm = 78.0352, GNorm = 0.1954, lr_0 = 9.4648e-04
Loss = 5.3930e-03, PNorm = 78.0476, GNorm = 0.3597, lr_0 = 9.4604e-04
Loss = 5.4807e-03, PNorm = 78.0620, GNorm = 0.1253, lr_0 = 9.4560e-04
Loss = 4.9482e-03, PNorm = 78.0794, GNorm = 0.3262, lr_0 = 9.4516e-04
Loss = 3.6930e-03, PNorm = 78.0887, GNorm = 0.1575, lr_0 = 9.4472e-04
Loss = 4.4088e-03, PNorm = 78.1000, GNorm = 0.1363, lr_0 = 9.4429e-04
Loss = 4.7925e-03, PNorm = 78.1109, GNorm = 0.2724, lr_0 = 9.4385e-04
Loss = 4.3182e-03, PNorm = 78.1240, GNorm = 0.0884, lr_0 = 9.4341e-04
Loss = 5.3739e-03, PNorm = 78.1354, GNorm = 0.3156, lr_0 = 9.4297e-04
Loss = 4.4240e-03, PNorm = 78.1488, GNorm = 0.3221, lr_0 = 9.4254e-04
Loss = 4.6564e-03, PNorm = 78.1611, GNorm = 0.3669, lr_0 = 9.4210e-04
Loss = 4.3636e-03, PNorm = 78.1737, GNorm = 0.1093, lr_0 = 9.4166e-04
Loss = 4.1129e-03, PNorm = 78.1877, GNorm = 0.1396, lr_0 = 9.4123e-04
Loss = 4.3349e-03, PNorm = 78.1932, GNorm = 0.2119, lr_0 = 9.4079e-04
Loss = 4.9809e-03, PNorm = 78.1994, GNorm = 0.1288, lr_0 = 9.4036e-04
Loss = 3.3538e-03, PNorm = 78.2108, GNorm = 0.0880, lr_0 = 9.3992e-04
Loss = 4.6761e-03, PNorm = 78.2228, GNorm = 0.1140, lr_0 = 9.3948e-04
Loss = 5.2138e-03, PNorm = 78.2349, GNorm = 0.2568, lr_0 = 9.3905e-04
Loss = 4.9024e-03, PNorm = 78.2433, GNorm = 0.1159, lr_0 = 9.3861e-04
Loss = 2.9311e-03, PNorm = 78.2545, GNorm = 0.1460, lr_0 = 9.3818e-04
Loss = 4.9117e-03, PNorm = 78.2568, GNorm = 0.3352, lr_0 = 9.3774e-04
Loss = 4.8507e-03, PNorm = 78.2683, GNorm = 0.0774, lr_0 = 9.3731e-04
Loss = 5.1152e-03, PNorm = 78.2840, GNorm = 0.2739, lr_0 = 9.3688e-04
Loss = 5.4453e-03, PNorm = 78.2981, GNorm = 0.2844, lr_0 = 9.3644e-04
Loss = 6.5209e-03, PNorm = 78.3101, GNorm = 0.5545, lr_0 = 9.3601e-04
Loss = 7.8582e-03, PNorm = 78.3292, GNorm = 0.5388, lr_0 = 9.3557e-04
Loss = 5.1552e-03, PNorm = 78.3479, GNorm = 0.1655, lr_0 = 9.3514e-04
Loss = 5.0917e-03, PNorm = 78.3619, GNorm = 0.2629, lr_0 = 9.3471e-04
Loss = 4.0962e-03, PNorm = 78.3826, GNorm = 0.0845, lr_0 = 9.3427e-04
Loss = 5.4855e-03, PNorm = 78.3894, GNorm = 0.1822, lr_0 = 9.3384e-04
Loss = 4.4555e-03, PNorm = 78.3977, GNorm = 0.2339, lr_0 = 9.3341e-04
Loss = 4.8330e-03, PNorm = 78.4145, GNorm = 0.1711, lr_0 = 9.3298e-04
Loss = 4.5834e-03, PNorm = 78.4272, GNorm = 0.4049, lr_0 = 9.3254e-04
Loss = 5.1047e-03, PNorm = 78.4395, GNorm = 0.2604, lr_0 = 9.3211e-04
Loss = 3.6443e-03, PNorm = 78.4489, GNorm = 0.2510, lr_0 = 9.3168e-04
Loss = 4.2870e-03, PNorm = 78.4600, GNorm = 0.1132, lr_0 = 9.3125e-04
Loss = 4.6853e-03, PNorm = 78.4707, GNorm = 0.2696, lr_0 = 9.3082e-04
Loss = 3.2192e-03, PNorm = 78.4853, GNorm = 0.1451, lr_0 = 9.3039e-04
Loss = 4.5857e-03, PNorm = 78.4926, GNorm = 0.2257, lr_0 = 9.2996e-04
Loss = 3.7106e-03, PNorm = 78.5037, GNorm = 0.1777, lr_0 = 9.2952e-04
Loss = 4.2175e-03, PNorm = 78.5173, GNorm = 0.1705, lr_0 = 9.2909e-04
Loss = 4.9081e-03, PNorm = 78.5309, GNorm = 0.2169, lr_0 = 9.2866e-04
Loss = 5.2892e-03, PNorm = 78.5394, GNorm = 0.1139, lr_0 = 9.2823e-04
Loss = 3.9067e-03, PNorm = 78.5501, GNorm = 0.2058, lr_0 = 9.2780e-04
Loss = 3.7068e-03, PNorm = 78.5639, GNorm = 0.1051, lr_0 = 9.2737e-04
Loss = 3.4298e-03, PNorm = 78.5734, GNorm = 0.0870, lr_0 = 9.2694e-04
Loss = 3.2323e-03, PNorm = 78.5829, GNorm = 0.1897, lr_0 = 9.2651e-04
Loss = 5.8949e-03, PNorm = 78.5977, GNorm = 0.3417, lr_0 = 9.2608e-04
Loss = 3.7537e-03, PNorm = 78.6111, GNorm = 0.2202, lr_0 = 9.2566e-04
Loss = 4.0932e-03, PNorm = 78.6219, GNorm = 0.2264, lr_0 = 9.2523e-04
Loss = 3.7222e-03, PNorm = 78.6316, GNorm = 0.2092, lr_0 = 9.2480e-04
Loss = 3.3250e-03, PNorm = 78.6381, GNorm = 0.3132, lr_0 = 9.2437e-04
Loss = 5.0993e-03, PNorm = 78.6485, GNorm = 0.1189, lr_0 = 9.2394e-04
Loss = 4.7323e-03, PNorm = 78.6599, GNorm = 0.0772, lr_0 = 9.2351e-04
Loss = 4.1751e-03, PNorm = 78.6731, GNorm = 0.1818, lr_0 = 9.2309e-04
Loss = 3.3285e-03, PNorm = 78.6820, GNorm = 0.1996, lr_0 = 9.2266e-04
Loss = 4.4295e-03, PNorm = 78.6891, GNorm = 0.1991, lr_0 = 9.2223e-04
Loss = 3.9104e-03, PNorm = 78.6991, GNorm = 0.2283, lr_0 = 9.2180e-04
Loss = 3.6261e-03, PNorm = 78.7092, GNorm = 0.0693, lr_0 = 9.2138e-04
Loss = 3.9979e-03, PNorm = 78.7194, GNorm = 0.1176, lr_0 = 9.2095e-04
Loss = 4.3341e-03, PNorm = 78.7264, GNorm = 0.1342, lr_0 = 9.2052e-04
Loss = 5.7558e-03, PNorm = 78.7353, GNorm = 0.1333, lr_0 = 9.2010e-04
Loss = 4.4464e-03, PNorm = 78.7489, GNorm = 0.3220, lr_0 = 9.1967e-04
Loss = 6.6915e-03, PNorm = 78.7553, GNorm = 0.2196, lr_0 = 9.1924e-04
Loss = 5.4214e-03, PNorm = 78.7701, GNorm = 0.5435, lr_0 = 9.1882e-04
Loss = 6.4396e-03, PNorm = 78.7837, GNorm = 0.2164, lr_0 = 9.1839e-04
Loss = 4.9448e-03, PNorm = 78.7977, GNorm = 0.2945, lr_0 = 9.1797e-04
Loss = 6.4159e-03, PNorm = 78.8162, GNorm = 0.2370, lr_0 = 9.1754e-04
Loss = 5.8844e-03, PNorm = 78.8356, GNorm = 0.1461, lr_0 = 9.1712e-04
Loss = 6.9914e-03, PNorm = 78.8532, GNorm = 0.2348, lr_0 = 9.1669e-04
Loss = 5.1389e-03, PNorm = 78.8662, GNorm = 0.2303, lr_0 = 9.1627e-04
Loss = 4.5049e-03, PNorm = 78.8814, GNorm = 0.2489, lr_0 = 9.1584e-04
Loss = 4.7157e-03, PNorm = 78.8956, GNorm = 0.2042, lr_0 = 9.1542e-04
Loss = 2.9563e-03, PNorm = 78.9079, GNorm = 0.0676, lr_0 = 9.1499e-04
Loss = 3.9154e-03, PNorm = 78.9163, GNorm = 0.1417, lr_0 = 9.1457e-04
Loss = 4.3829e-03, PNorm = 78.9251, GNorm = 0.1450, lr_0 = 9.1415e-04
Loss = 3.2784e-03, PNorm = 78.9327, GNorm = 0.1282, lr_0 = 9.1372e-04
Loss = 2.8019e-03, PNorm = 78.9387, GNorm = 0.1479, lr_0 = 9.1330e-04
Loss = 4.7347e-03, PNorm = 78.9461, GNorm = 0.1199, lr_0 = 9.1288e-04
Loss = 3.8693e-03, PNorm = 78.9513, GNorm = 0.2480, lr_0 = 9.1245e-04
Loss = 5.2068e-03, PNorm = 78.9627, GNorm = 0.3626, lr_0 = 9.1203e-04
Loss = 4.5806e-03, PNorm = 78.9774, GNorm = 0.3438, lr_0 = 9.1161e-04
Loss = 5.4992e-03, PNorm = 78.9940, GNorm = 0.2222, lr_0 = 9.1118e-04
Loss = 4.5585e-03, PNorm = 79.0069, GNorm = 0.2500, lr_0 = 9.1076e-04
Loss = 6.0771e-03, PNorm = 79.0182, GNorm = 0.2184, lr_0 = 9.1034e-04
Loss = 5.4479e-03, PNorm = 79.0307, GNorm = 0.4700, lr_0 = 9.0992e-04
Loss = 6.4487e-03, PNorm = 79.0512, GNorm = 0.2466, lr_0 = 9.0950e-04
Loss = 7.1759e-03, PNorm = 79.0685, GNorm = 0.1896, lr_0 = 9.0908e-04
Loss = 5.6719e-03, PNorm = 79.0848, GNorm = 0.2281, lr_0 = 9.0865e-04
Loss = 6.1485e-03, PNorm = 79.0995, GNorm = 0.1586, lr_0 = 9.0823e-04
Loss = 4.8591e-03, PNorm = 79.1186, GNorm = 0.2265, lr_0 = 9.0781e-04
Loss = 4.8580e-03, PNorm = 79.1362, GNorm = 0.1929, lr_0 = 9.0739e-04
Loss = 6.6007e-03, PNorm = 79.1478, GNorm = 0.2462, lr_0 = 9.0697e-04
Loss = 5.9904e-03, PNorm = 79.1620, GNorm = 0.2856, lr_0 = 9.0655e-04
Loss = 6.7897e-03, PNorm = 79.1809, GNorm = 0.2021, lr_0 = 9.0613e-04
Loss = 5.8130e-03, PNorm = 79.2042, GNorm = 0.5220, lr_0 = 9.0571e-04
Loss = 4.7284e-03, PNorm = 79.2234, GNorm = 0.5204, lr_0 = 9.0529e-04
Loss = 5.7051e-03, PNorm = 79.2404, GNorm = 0.1871, lr_0 = 9.0487e-04
Loss = 5.0869e-03, PNorm = 79.2584, GNorm = 0.2191, lr_0 = 9.0445e-04
Loss = 4.3934e-03, PNorm = 79.2742, GNorm = 0.1357, lr_0 = 9.0403e-04
Loss = 4.2573e-03, PNorm = 79.2873, GNorm = 0.1267, lr_0 = 9.0362e-04
Loss = 4.9777e-03, PNorm = 79.3010, GNorm = 0.2493, lr_0 = 9.0320e-04
Loss = 4.0436e-03, PNorm = 79.3188, GNorm = 0.1007, lr_0 = 9.0278e-04
Loss = 5.5559e-03, PNorm = 79.3311, GNorm = 0.5120, lr_0 = 9.0236e-04
Loss = 4.2641e-03, PNorm = 79.3474, GNorm = 0.1770, lr_0 = 9.0194e-04
Loss = 6.5513e-03, PNorm = 79.3617, GNorm = 0.5463, lr_0 = 9.0152e-04
Loss = 5.1642e-03, PNorm = 79.3735, GNorm = 0.4123, lr_0 = 9.0111e-04
Loss = 7.5656e-03, PNorm = 79.3902, GNorm = 0.4584, lr_0 = 9.0069e-04
Loss = 5.3801e-03, PNorm = 79.4076, GNorm = 0.1768, lr_0 = 9.0027e-04
Loss = 4.4922e-03, PNorm = 79.4210, GNorm = 0.2534, lr_0 = 8.9985e-04
Loss = 4.9458e-03, PNorm = 79.4393, GNorm = 0.1497, lr_0 = 8.9944e-04
Loss = 6.2187e-03, PNorm = 79.4568, GNorm = 0.2395, lr_0 = 8.9902e-04
Loss = 3.7590e-03, PNorm = 79.4689, GNorm = 0.1387, lr_0 = 8.9860e-04
Loss = 5.2233e-03, PNorm = 79.4801, GNorm = 0.1129, lr_0 = 8.9819e-04
Loss = 5.6688e-03, PNorm = 79.4943, GNorm = 0.3737, lr_0 = 8.9777e-04
Loss = 4.6758e-03, PNorm = 79.5037, GNorm = 0.3797, lr_0 = 8.9736e-04
Loss = 4.1657e-03, PNorm = 79.5184, GNorm = 0.1574, lr_0 = 8.9694e-04
Loss = 3.7871e-03, PNorm = 79.5401, GNorm = 0.2546, lr_0 = 8.9652e-04
Loss = 3.4444e-03, PNorm = 79.5540, GNorm = 0.0756, lr_0 = 8.9611e-04
Loss = 5.1907e-03, PNorm = 79.5647, GNorm = 0.1941, lr_0 = 8.9569e-04
Loss = 5.0511e-03, PNorm = 79.5792, GNorm = 0.5659, lr_0 = 8.9528e-04
Loss = 4.8911e-03, PNorm = 79.5949, GNorm = 0.1596, lr_0 = 8.9486e-04
Loss = 5.1377e-03, PNorm = 79.6088, GNorm = 0.2497, lr_0 = 8.9445e-04
Loss = 4.0364e-03, PNorm = 79.6248, GNorm = 0.0774, lr_0 = 8.9403e-04
Loss = 3.9128e-03, PNorm = 79.6354, GNorm = 0.2156, lr_0 = 8.9362e-04
Loss = 5.0322e-03, PNorm = 79.6481, GNorm = 0.2348, lr_0 = 8.9321e-04
Loss = 3.7964e-03, PNorm = 79.6601, GNorm = 0.1154, lr_0 = 8.9279e-04
Loss = 3.5283e-03, PNorm = 79.6686, GNorm = 0.1619, lr_0 = 8.9238e-04
Loss = 6.4267e-03, PNorm = 79.6812, GNorm = 0.1638, lr_0 = 8.9197e-04
Loss = 4.2591e-03, PNorm = 79.6953, GNorm = 0.1045, lr_0 = 8.9155e-04
Loss = 4.1668e-03, PNorm = 79.7063, GNorm = 0.1024, lr_0 = 8.9114e-04
Loss = 4.6493e-03, PNorm = 79.7181, GNorm = 0.2558, lr_0 = 8.9073e-04
Loss = 3.8332e-03, PNorm = 79.7306, GNorm = 0.2053, lr_0 = 8.9031e-04
Loss = 5.5136e-03, PNorm = 79.7406, GNorm = 0.1890, lr_0 = 8.8990e-04
Loss = 4.0674e-03, PNorm = 79.7522, GNorm = 0.0942, lr_0 = 8.8949e-04
Loss = 4.3521e-03, PNorm = 79.7624, GNorm = 0.3760, lr_0 = 8.8908e-04
Loss = 5.5096e-03, PNorm = 79.7754, GNorm = 0.3034, lr_0 = 8.8866e-04
Loss = 6.1581e-03, PNorm = 79.7957, GNorm = 0.1444, lr_0 = 8.8825e-04
Loss = 6.5933e-03, PNorm = 79.8110, GNorm = 0.3038, lr_0 = 8.8784e-04
Loss = 4.7140e-03, PNorm = 79.8321, GNorm = 0.3418, lr_0 = 8.8743e-04
Loss = 3.8935e-03, PNorm = 79.8440, GNorm = 0.1350, lr_0 = 8.8702e-04
Loss = 4.9927e-03, PNorm = 79.8492, GNorm = 0.0800, lr_0 = 8.8661e-04
Loss = 4.0335e-03, PNorm = 79.8618, GNorm = 0.2981, lr_0 = 8.8620e-04
Loss = 5.8013e-03, PNorm = 79.8762, GNorm = 0.2386, lr_0 = 8.8579e-04
Loss = 4.2967e-03, PNorm = 79.8882, GNorm = 0.1413, lr_0 = 8.8538e-04
Loss = 3.8245e-03, PNorm = 79.8982, GNorm = 0.2073, lr_0 = 8.8497e-04
Loss = 3.6384e-03, PNorm = 79.9075, GNorm = 0.1649, lr_0 = 8.8456e-04
Loss = 5.2901e-03, PNorm = 79.9196, GNorm = 0.3653, lr_0 = 8.8415e-04
Loss = 3.7204e-03, PNorm = 79.9296, GNorm = 0.1867, lr_0 = 8.8374e-04
Loss = 2.6652e-03, PNorm = 79.9381, GNorm = 0.0916, lr_0 = 8.8333e-04
Loss = 3.3065e-03, PNorm = 79.9530, GNorm = 0.2316, lr_0 = 8.8292e-04
Loss = 3.9376e-03, PNorm = 79.9647, GNorm = 0.1446, lr_0 = 8.8251e-04
Loss = 3.6563e-03, PNorm = 79.9752, GNorm = 0.1765, lr_0 = 8.8210e-04
Loss = 3.9104e-03, PNorm = 79.9823, GNorm = 0.1850, lr_0 = 8.8169e-04
Loss = 4.0527e-03, PNorm = 79.9874, GNorm = 0.1541, lr_0 = 8.8128e-04
Loss = 3.5929e-03, PNorm = 79.9990, GNorm = 0.4034, lr_0 = 8.8087e-04
Loss = 6.2140e-03, PNorm = 80.0146, GNorm = 0.3709, lr_0 = 8.8047e-04
Loss = 4.7444e-03, PNorm = 80.0275, GNorm = 0.2370, lr_0 = 8.8006e-04
Loss = 5.5160e-03, PNorm = 80.0380, GNorm = 0.2106, lr_0 = 8.7965e-04
Loss = 4.0074e-03, PNorm = 80.0486, GNorm = 0.1662, lr_0 = 8.7924e-04
Loss = 4.7552e-03, PNorm = 80.0619, GNorm = 0.1619, lr_0 = 8.7884e-04
Loss = 2.8402e-03, PNorm = 80.0696, GNorm = 0.0836, lr_0 = 8.7843e-04
Loss = 3.4052e-03, PNorm = 80.0772, GNorm = 0.3744, lr_0 = 8.7802e-04
Loss = 3.5839e-03, PNorm = 80.0895, GNorm = 0.3394, lr_0 = 8.7761e-04
Loss = 3.3102e-03, PNorm = 80.1033, GNorm = 0.0646, lr_0 = 8.7721e-04
Loss = 4.2785e-03, PNorm = 80.1151, GNorm = 0.1413, lr_0 = 8.7680e-04
Loss = 4.3647e-03, PNorm = 80.1216, GNorm = 0.1215, lr_0 = 8.7640e-04
Loss = 3.0536e-03, PNorm = 80.1334, GNorm = 0.1901, lr_0 = 8.7599e-04
Loss = 4.1515e-03, PNorm = 80.1395, GNorm = 0.4917, lr_0 = 8.7558e-04
Loss = 4.2569e-03, PNorm = 80.1488, GNorm = 0.1612, lr_0 = 8.7518e-04
Loss = 4.2898e-03, PNorm = 80.1641, GNorm = 0.1806, lr_0 = 8.7477e-04
Loss = 6.8098e-03, PNorm = 80.1784, GNorm = 0.2441, lr_0 = 8.7437e-04
Loss = 3.7668e-03, PNorm = 80.1872, GNorm = 0.0940, lr_0 = 8.7396e-04
Loss = 4.0796e-03, PNorm = 80.1983, GNorm = 0.1391, lr_0 = 8.7356e-04
Loss = 5.0557e-03, PNorm = 80.2114, GNorm = 0.1972, lr_0 = 8.7315e-04
Loss = 3.8557e-03, PNorm = 80.2188, GNorm = 0.0718, lr_0 = 8.7275e-04
Loss = 4.2951e-03, PNorm = 80.2351, GNorm = 0.2208, lr_0 = 8.7234e-04
Loss = 4.2196e-03, PNorm = 80.2539, GNorm = 0.1265, lr_0 = 8.7194e-04
Loss = 5.2211e-03, PNorm = 80.2702, GNorm = 0.3837, lr_0 = 8.7154e-04
Loss = 6.3389e-03, PNorm = 80.2843, GNorm = 0.2919, lr_0 = 8.7113e-04
Loss = 3.7244e-03, PNorm = 80.2960, GNorm = 0.1218, lr_0 = 8.7073e-04
Loss = 4.4924e-03, PNorm = 80.3126, GNorm = 0.1524, lr_0 = 8.7032e-04
Loss = 5.0857e-03, PNorm = 80.3266, GNorm = 0.1413, lr_0 = 8.6992e-04
Loss = 3.3902e-03, PNorm = 80.3364, GNorm = 0.0836, lr_0 = 8.6952e-04
Loss = 3.4045e-03, PNorm = 80.3515, GNorm = 0.1293, lr_0 = 8.6912e-04
Loss = 3.4644e-03, PNorm = 80.3628, GNorm = 0.2988, lr_0 = 8.6871e-04
Loss = 2.7127e-03, PNorm = 80.3733, GNorm = 0.1363, lr_0 = 8.6831e-04
Loss = 3.8001e-03, PNorm = 80.3877, GNorm = 0.1636, lr_0 = 8.6791e-04
Loss = 3.9537e-03, PNorm = 80.3985, GNorm = 0.1730, lr_0 = 8.6751e-04
Loss = 3.9205e-03, PNorm = 80.4065, GNorm = 0.1210, lr_0 = 8.6710e-04
Loss = 4.7343e-03, PNorm = 80.4189, GNorm = 0.3198, lr_0 = 8.6670e-04
Loss = 4.2453e-03, PNorm = 80.4268, GNorm = 0.1173, lr_0 = 8.6630e-04
Loss = 3.2019e-03, PNorm = 80.4376, GNorm = 0.1005, lr_0 = 8.6590e-04
Loss = 2.8588e-03, PNorm = 80.4455, GNorm = 0.1251, lr_0 = 8.6550e-04
Loss = 3.6913e-03, PNorm = 80.4577, GNorm = 0.1256, lr_0 = 8.6510e-04
Loss = 4.7137e-03, PNorm = 80.4699, GNorm = 0.4130, lr_0 = 8.6470e-04
Loss = 5.0696e-03, PNorm = 80.4847, GNorm = 0.0938, lr_0 = 8.6430e-04
Loss = 6.4419e-03, PNorm = 80.5000, GNorm = 0.2832, lr_0 = 8.6390e-04
Loss = 4.8553e-03, PNorm = 80.5161, GNorm = 0.4158, lr_0 = 8.6349e-04
Loss = 5.3115e-03, PNorm = 80.5322, GNorm = 0.1637, lr_0 = 8.6309e-04
Loss = 4.9876e-03, PNorm = 80.5493, GNorm = 0.1128, lr_0 = 8.6269e-04
Loss = 4.0314e-03, PNorm = 80.5615, GNorm = 0.2023, lr_0 = 8.6230e-04
Loss = 3.3938e-03, PNorm = 80.5724, GNorm = 0.2201, lr_0 = 8.6190e-04
Loss = 4.3509e-03, PNorm = 80.5856, GNorm = 0.2390, lr_0 = 8.6150e-04
Loss = 4.1795e-03, PNorm = 80.5966, GNorm = 0.2034, lr_0 = 8.6110e-04
Loss = 4.3830e-03, PNorm = 80.6091, GNorm = 0.3722, lr_0 = 8.6070e-04
Loss = 4.1730e-03, PNorm = 80.6194, GNorm = 0.1575, lr_0 = 8.6030e-04
Loss = 4.7329e-03, PNorm = 80.6318, GNorm = 0.2945, lr_0 = 8.5990e-04
Loss = 4.1680e-03, PNorm = 80.6471, GNorm = 0.3130, lr_0 = 8.5950e-04
Loss = 5.0971e-03, PNorm = 80.6633, GNorm = 0.4357, lr_0 = 8.5910e-04
Loss = 4.2249e-03, PNorm = 80.6754, GNorm = 0.3859, lr_0 = 8.5871e-04
Loss = 3.8669e-03, PNorm = 80.6899, GNorm = 0.1995, lr_0 = 8.5831e-04
Loss = 4.3688e-03, PNorm = 80.7082, GNorm = 0.2447, lr_0 = 8.5791e-04
Loss = 3.3569e-03, PNorm = 80.7230, GNorm = 0.1348, lr_0 = 8.5751e-04
Loss = 4.3343e-03, PNorm = 80.7389, GNorm = 0.1313, lr_0 = 8.5712e-04
Loss = 4.3938e-03, PNorm = 80.7530, GNorm = 0.2472, lr_0 = 8.5672e-04
Loss = 3.4523e-03, PNorm = 80.7676, GNorm = 0.1078, lr_0 = 8.5632e-04
Loss = 3.4885e-03, PNorm = 80.7758, GNorm = 0.2602, lr_0 = 8.5592e-04
Loss = 5.3557e-03, PNorm = 80.7848, GNorm = 0.1839, lr_0 = 8.5553e-04
Loss = 3.4312e-03, PNorm = 80.7948, GNorm = 0.1582, lr_0 = 8.5513e-04
Loss = 4.1586e-03, PNorm = 80.8092, GNorm = 0.2692, lr_0 = 8.5474e-04
Loss = 4.2221e-03, PNorm = 80.8165, GNorm = 0.2558, lr_0 = 8.5434e-04
Loss = 4.4255e-03, PNorm = 80.8295, GNorm = 0.1209, lr_0 = 8.5394e-04
Loss = 4.1357e-03, PNorm = 80.8439, GNorm = 0.2180, lr_0 = 8.5355e-04
Loss = 4.8617e-03, PNorm = 80.8566, GNorm = 0.1355, lr_0 = 8.5315e-04
Loss = 3.9136e-03, PNorm = 80.8711, GNorm = 0.2274, lr_0 = 8.5276e-04
Loss = 5.7690e-03, PNorm = 80.8777, GNorm = 0.1301, lr_0 = 8.5236e-04
Loss = 3.8548e-03, PNorm = 80.8902, GNorm = 0.2062, lr_0 = 8.5197e-04
Loss = 3.0633e-03, PNorm = 80.9002, GNorm = 0.2309, lr_0 = 8.5157e-04
Loss = 4.8531e-03, PNorm = 80.9089, GNorm = 0.3266, lr_0 = 8.5118e-04
Loss = 4.0431e-03, PNorm = 80.9249, GNorm = 0.1826, lr_0 = 8.5078e-04
Loss = 5.2352e-03, PNorm = 80.9366, GNorm = 0.3276, lr_0 = 8.5039e-04
Loss = 4.8043e-03, PNorm = 80.9500, GNorm = 0.1903, lr_0 = 8.5000e-04
Loss = 4.5588e-03, PNorm = 80.9642, GNorm = 0.1682, lr_0 = 8.4960e-04
Loss = 5.2695e-03, PNorm = 80.9730, GNorm = 0.1926, lr_0 = 8.4921e-04
Loss = 4.6205e-03, PNorm = 80.9821, GNorm = 0.1920, lr_0 = 8.4881e-04
Loss = 4.6637e-03, PNorm = 80.9980, GNorm = 0.3210, lr_0 = 8.4842e-04
Loss = 5.6750e-03, PNorm = 81.0136, GNorm = 0.1014, lr_0 = 8.4803e-04
Loss = 6.1466e-03, PNorm = 81.0243, GNorm = 0.1761, lr_0 = 8.4764e-04
Loss = 3.8938e-03, PNorm = 81.0403, GNorm = 0.2164, lr_0 = 8.4724e-04
Loss = 3.5298e-03, PNorm = 81.0519, GNorm = 0.1750, lr_0 = 8.4685e-04
Loss = 2.7570e-03, PNorm = 81.0641, GNorm = 0.2035, lr_0 = 8.4646e-04
Loss = 2.8608e-03, PNorm = 81.0713, GNorm = 0.2558, lr_0 = 8.4607e-04
Loss = 2.9262e-03, PNorm = 81.0807, GNorm = 0.1386, lr_0 = 8.4567e-04
Loss = 5.0154e-03, PNorm = 81.0926, GNorm = 0.5603, lr_0 = 8.4528e-04
Loss = 4.3849e-03, PNorm = 81.0987, GNorm = 0.2975, lr_0 = 8.4489e-04
Loss = 2.5146e-03, PNorm = 81.1094, GNorm = 0.1486, lr_0 = 8.4450e-04
Loss = 3.9161e-03, PNorm = 81.1214, GNorm = 0.1730, lr_0 = 8.4411e-04
Loss = 4.2802e-03, PNorm = 81.1358, GNorm = 0.1408, lr_0 = 8.4372e-04
Loss = 3.3861e-03, PNorm = 81.1461, GNorm = 0.1331, lr_0 = 8.4333e-04
Loss = 4.3016e-03, PNorm = 81.1525, GNorm = 0.2598, lr_0 = 8.4293e-04
Loss = 4.0519e-03, PNorm = 81.1639, GNorm = 0.2598, lr_0 = 8.4254e-04
Loss = 3.7883e-03, PNorm = 81.1735, GNorm = 0.1982, lr_0 = 8.4215e-04
Loss = 4.4834e-03, PNorm = 81.1831, GNorm = 0.1893, lr_0 = 8.4176e-04
Loss = 5.0733e-03, PNorm = 81.1984, GNorm = 0.3249, lr_0 = 8.4137e-04
Loss = 3.7765e-03, PNorm = 81.2120, GNorm = 0.2429, lr_0 = 8.4098e-04
Loss = 3.7177e-03, PNorm = 81.2222, GNorm = 0.3228, lr_0 = 8.4059e-04
Loss = 3.4354e-03, PNorm = 81.2378, GNorm = 0.1161, lr_0 = 8.4020e-04
Loss = 4.0471e-03, PNorm = 81.2467, GNorm = 0.4886, lr_0 = 8.3982e-04
Loss = 3.5627e-03, PNorm = 81.2550, GNorm = 0.2407, lr_0 = 8.3943e-04
Loss = 3.2851e-03, PNorm = 81.2685, GNorm = 0.1934, lr_0 = 8.3904e-04
Loss = 4.5555e-03, PNorm = 81.2805, GNorm = 0.2753, lr_0 = 8.3865e-04
Loss = 4.5168e-03, PNorm = 81.2898, GNorm = 0.1309, lr_0 = 8.3826e-04
Loss = 4.1227e-03, PNorm = 81.3012, GNorm = 0.2378, lr_0 = 8.3787e-04
Loss = 3.6146e-03, PNorm = 81.3109, GNorm = 0.1341, lr_0 = 8.3748e-04
Loss = 3.5587e-03, PNorm = 81.3160, GNorm = 0.2120, lr_0 = 8.3710e-04
Loss = 4.6956e-03, PNorm = 81.3260, GNorm = 0.1292, lr_0 = 8.3671e-04
Loss = 2.7368e-03, PNorm = 81.3326, GNorm = 0.2210, lr_0 = 8.3632e-04
Loss = 3.9565e-03, PNorm = 81.3394, GNorm = 0.0821, lr_0 = 8.3593e-04
Loss = 4.9153e-03, PNorm = 81.3479, GNorm = 0.3170, lr_0 = 8.3555e-04
Loss = 4.2310e-03, PNorm = 81.3596, GNorm = 0.3435, lr_0 = 8.3516e-04
Loss = 4.3828e-03, PNorm = 81.3752, GNorm = 0.2041, lr_0 = 8.3477e-04
Loss = 3.6693e-03, PNorm = 81.3845, GNorm = 0.2235, lr_0 = 8.3438e-04
Loss = 4.5619e-03, PNorm = 81.3944, GNorm = 0.4771, lr_0 = 8.3400e-04
Loss = 4.4021e-03, PNorm = 81.4068, GNorm = 0.1117, lr_0 = 8.3361e-04
Loss = 4.5390e-03, PNorm = 81.4172, GNorm = 0.2387, lr_0 = 8.3323e-04
Loss = 6.0742e-03, PNorm = 81.4288, GNorm = 0.1677, lr_0 = 8.3284e-04
Loss = 4.5909e-03, PNorm = 81.4415, GNorm = 0.3127, lr_0 = 8.3245e-04
Loss = 4.4577e-03, PNorm = 81.4540, GNorm = 0.1239, lr_0 = 8.3207e-04
Loss = 4.1719e-03, PNorm = 81.4707, GNorm = 0.2822, lr_0 = 8.3168e-04
Loss = 5.3760e-03, PNorm = 81.4841, GNorm = 0.2557, lr_0 = 8.3130e-04
Loss = 4.4654e-03, PNorm = 81.4951, GNorm = 0.1106, lr_0 = 8.3091e-04
Loss = 4.3438e-03, PNorm = 81.5083, GNorm = 0.2015, lr_0 = 8.3053e-04
Loss = 3.3594e-03, PNorm = 81.5188, GNorm = 0.2438, lr_0 = 8.3014e-04
Loss = 4.8658e-03, PNorm = 81.5332, GNorm = 0.0875, lr_0 = 8.2976e-04
Loss = 5.6347e-03, PNorm = 81.5475, GNorm = 0.6030, lr_0 = 8.2937e-04
Loss = 7.0135e-03, PNorm = 81.5597, GNorm = 0.4118, lr_0 = 8.2899e-04
Loss = 4.5210e-03, PNorm = 81.5723, GNorm = 0.1808, lr_0 = 8.2860e-04
Loss = 5.0933e-03, PNorm = 81.5899, GNorm = 0.3374, lr_0 = 8.2822e-04
Loss = 4.2951e-03, PNorm = 81.6058, GNorm = 0.0971, lr_0 = 8.2784e-04
Loss = 3.8757e-03, PNorm = 81.6252, GNorm = 0.1731, lr_0 = 8.2745e-04
Loss = 4.9323e-03, PNorm = 81.6404, GNorm = 0.2434, lr_0 = 8.2707e-04
Loss = 5.5955e-03, PNorm = 81.6525, GNorm = 0.3160, lr_0 = 8.2669e-04
Loss = 4.4529e-03, PNorm = 81.6638, GNorm = 0.1957, lr_0 = 8.2630e-04
Loss = 4.5400e-03, PNorm = 81.6804, GNorm = 0.0778, lr_0 = 8.2592e-04
Loss = 5.2010e-03, PNorm = 81.6939, GNorm = 0.2453, lr_0 = 8.2554e-04
Loss = 5.7981e-03, PNorm = 81.7070, GNorm = 0.1494, lr_0 = 8.2516e-04
Loss = 5.1437e-03, PNorm = 81.7219, GNorm = 0.4864, lr_0 = 8.2477e-04
Loss = 6.8999e-03, PNorm = 81.7448, GNorm = 0.3372, lr_0 = 8.2439e-04
Loss = 5.8951e-03, PNorm = 81.7612, GNorm = 0.1931, lr_0 = 8.2401e-04
Loss = 5.8057e-03, PNorm = 81.7858, GNorm = 0.6903, lr_0 = 8.2363e-04
Loss = 4.8841e-03, PNorm = 81.8046, GNorm = 0.3882, lr_0 = 8.2325e-04
Loss = 3.6497e-03, PNorm = 81.8163, GNorm = 0.1032, lr_0 = 8.2286e-04
Loss = 5.2624e-03, PNorm = 81.8252, GNorm = 0.1800, lr_0 = 8.2248e-04
Loss = 5.9868e-03, PNorm = 81.8340, GNorm = 0.1826, lr_0 = 8.2210e-04
Loss = 5.0051e-03, PNorm = 81.8489, GNorm = 0.2939, lr_0 = 8.2172e-04
Loss = 4.9330e-03, PNorm = 81.8639, GNorm = 0.2811, lr_0 = 8.2134e-04
Loss = 3.7271e-03, PNorm = 81.8754, GNorm = 0.0788, lr_0 = 8.2096e-04
Loss = 5.0563e-03, PNorm = 81.8880, GNorm = 0.2481, lr_0 = 8.2058e-04
Loss = 5.2979e-03, PNorm = 81.9009, GNorm = 0.1554, lr_0 = 8.2020e-04
Loss = 5.4397e-03, PNorm = 81.9161, GNorm = 0.1808, lr_0 = 8.1982e-04
Loss = 4.6987e-03, PNorm = 81.9282, GNorm = 0.2273, lr_0 = 8.1944e-04
Loss = 5.7963e-03, PNorm = 81.9405, GNorm = 0.2329, lr_0 = 8.1906e-04
Loss = 4.5744e-03, PNorm = 81.9541, GNorm = 0.2136, lr_0 = 8.1868e-04
Loss = 4.3661e-03, PNorm = 81.9653, GNorm = 0.2929, lr_0 = 8.1830e-04
Loss = 4.6492e-03, PNorm = 81.9766, GNorm = 0.0836, lr_0 = 8.1792e-04
Loss = 3.9966e-03, PNorm = 81.9869, GNorm = 0.2189, lr_0 = 8.1754e-04
Loss = 5.7419e-03, PNorm = 81.9976, GNorm = 0.1007, lr_0 = 8.1716e-04
Loss = 3.9339e-03, PNorm = 82.0065, GNorm = 0.3114, lr_0 = 8.1679e-04
Loss = 4.4164e-03, PNorm = 82.0141, GNorm = 0.1441, lr_0 = 8.1641e-04
Loss = 6.2128e-03, PNorm = 82.0271, GNorm = 0.4719, lr_0 = 8.1603e-04
Loss = 4.2199e-03, PNorm = 82.0424, GNorm = 0.3593, lr_0 = 8.1565e-04
Loss = 5.4059e-03, PNorm = 82.0637, GNorm = 0.1663, lr_0 = 8.1527e-04
Loss = 3.9600e-03, PNorm = 82.0727, GNorm = 0.1268, lr_0 = 8.1490e-04
Loss = 4.2560e-03, PNorm = 82.0798, GNorm = 0.1535, lr_0 = 8.1452e-04
Loss = 4.2222e-03, PNorm = 82.0900, GNorm = 0.2063, lr_0 = 8.1414e-04
Loss = 4.1072e-03, PNorm = 82.1019, GNorm = 0.3152, lr_0 = 8.1376e-04
Loss = 5.2048e-03, PNorm = 82.1150, GNorm = 0.3484, lr_0 = 8.1339e-04
Loss = 5.6163e-03, PNorm = 82.1288, GNorm = 0.4079, lr_0 = 8.1301e-04
Loss = 6.3615e-03, PNorm = 82.1397, GNorm = 0.6875, lr_0 = 8.1263e-04
Loss = 4.9888e-03, PNorm = 82.1496, GNorm = 0.2957, lr_0 = 8.1226e-04
Loss = 5.5615e-03, PNorm = 82.1625, GNorm = 0.2284, lr_0 = 8.1188e-04
Loss = 4.3007e-03, PNorm = 82.1689, GNorm = 0.2056, lr_0 = 8.1150e-04
Loss = 7.7021e-03, PNorm = 82.1864, GNorm = 0.2169, lr_0 = 8.1113e-04
Loss = 4.7874e-03, PNorm = 82.2003, GNorm = 0.1225, lr_0 = 8.1075e-04
Loss = 5.0626e-03, PNorm = 82.2179, GNorm = 0.1551, lr_0 = 8.1038e-04
Loss = 4.9542e-03, PNorm = 82.2317, GNorm = 0.1759, lr_0 = 8.1000e-04
Loss = 4.9202e-03, PNorm = 82.2386, GNorm = 0.3116, lr_0 = 8.0963e-04
Loss = 3.6267e-03, PNorm = 82.2509, GNorm = 0.1706, lr_0 = 8.0925e-04
Loss = 4.1393e-03, PNorm = 82.2625, GNorm = 0.2085, lr_0 = 8.0888e-04
Loss = 4.0210e-03, PNorm = 82.2694, GNorm = 0.1961, lr_0 = 8.0850e-04
Loss = 3.1350e-03, PNorm = 82.2771, GNorm = 0.1459, lr_0 = 8.0813e-04
Loss = 2.9976e-03, PNorm = 82.2848, GNorm = 0.1103, lr_0 = 8.0775e-04
Loss = 2.6345e-03, PNorm = 82.2919, GNorm = 0.1255, lr_0 = 8.0738e-04
Loss = 3.8229e-03, PNorm = 82.2976, GNorm = 0.1959, lr_0 = 8.0700e-04
Loss = 3.0650e-03, PNorm = 82.3109, GNorm = 0.2249, lr_0 = 8.0663e-04
Loss = 3.3372e-03, PNorm = 82.3192, GNorm = 0.1659, lr_0 = 8.0626e-04
Loss = 3.3700e-03, PNorm = 82.3257, GNorm = 0.1547, lr_0 = 8.0588e-04
Loss = 3.3082e-03, PNorm = 82.3360, GNorm = 0.3911, lr_0 = 8.0551e-04
Loss = 4.1210e-03, PNorm = 82.3473, GNorm = 0.0977, lr_0 = 8.0514e-04
Loss = 4.3639e-03, PNorm = 82.3525, GNorm = 0.2200, lr_0 = 8.0476e-04
Loss = 3.6182e-03, PNorm = 82.3620, GNorm = 0.1326, lr_0 = 8.0439e-04
Loss = 4.2912e-03, PNorm = 82.3748, GNorm = 0.2076, lr_0 = 8.0402e-04
Loss = 4.8273e-03, PNorm = 82.3897, GNorm = 0.1554, lr_0 = 8.0364e-04
Loss = 2.8940e-03, PNorm = 82.4011, GNorm = 0.0680, lr_0 = 8.0327e-04
Loss = 3.4716e-03, PNorm = 82.4105, GNorm = 0.1128, lr_0 = 8.0290e-04
Loss = 2.9073e-03, PNorm = 82.4155, GNorm = 0.1746, lr_0 = 8.0253e-04
Loss = 4.3951e-03, PNorm = 82.4242, GNorm = 0.6445, lr_0 = 8.0216e-04
Loss = 2.5924e-03, PNorm = 82.4316, GNorm = 0.2362, lr_0 = 8.0178e-04
Loss = 3.7924e-03, PNorm = 82.4387, GNorm = 0.1236, lr_0 = 8.0141e-04
Loss = 3.4932e-03, PNorm = 82.4496, GNorm = 0.2225, lr_0 = 8.0104e-04
Loss = 2.8634e-03, PNorm = 82.4586, GNorm = 0.0454, lr_0 = 8.0067e-04
Loss = 2.7044e-03, PNorm = 82.4644, GNorm = 0.1051, lr_0 = 8.0030e-04
Loss = 3.4697e-03, PNorm = 82.4704, GNorm = 0.2835, lr_0 = 7.9993e-04
Loss = 2.8008e-03, PNorm = 82.4757, GNorm = 0.2708, lr_0 = 7.9956e-04
Loss = 3.0513e-03, PNorm = 82.4846, GNorm = 0.1266, lr_0 = 7.9919e-04
Loss = 3.8076e-03, PNorm = 82.4892, GNorm = 0.1421, lr_0 = 7.9882e-04
Loss = 3.2543e-03, PNorm = 82.4969, GNorm = 0.2781, lr_0 = 7.9845e-04
Loss = 3.5904e-03, PNorm = 82.5077, GNorm = 0.4149, lr_0 = 7.9808e-04
Loss = 3.7255e-03, PNorm = 82.5141, GNorm = 0.1761, lr_0 = 7.9771e-04
Loss = 3.8942e-03, PNorm = 82.5229, GNorm = 0.3910, lr_0 = 7.9734e-04
Loss = 4.8828e-03, PNorm = 82.5311, GNorm = 0.1501, lr_0 = 7.9697e-04
Loss = 2.9354e-03, PNorm = 82.5397, GNorm = 0.1784, lr_0 = 7.9660e-04
Loss = 3.2612e-03, PNorm = 82.5501, GNorm = 0.1815, lr_0 = 7.9623e-04
Loss = 3.1427e-03, PNorm = 82.5582, GNorm = 0.0761, lr_0 = 7.9586e-04
Loss = 5.5746e-03, PNorm = 82.5670, GNorm = 0.2127, lr_0 = 7.9549e-04
Loss = 5.0184e-03, PNorm = 82.5789, GNorm = 0.2419, lr_0 = 7.9512e-04
Loss = 4.9023e-03, PNorm = 82.5842, GNorm = 0.1188, lr_0 = 7.9476e-04
Loss = 3.6058e-03, PNorm = 82.5924, GNorm = 0.2204, lr_0 = 7.9439e-04
Loss = 3.2239e-03, PNorm = 82.5982, GNorm = 0.3313, lr_0 = 7.9402e-04
Loss = 2.8817e-03, PNorm = 82.6063, GNorm = 0.3071, lr_0 = 7.9365e-04
Loss = 4.5663e-03, PNorm = 82.6126, GNorm = 0.1663, lr_0 = 7.9328e-04
Loss = 3.6546e-03, PNorm = 82.6227, GNorm = 0.2166, lr_0 = 7.9292e-04
Loss = 3.6097e-03, PNorm = 82.6359, GNorm = 0.1995, lr_0 = 7.9255e-04
Loss = 3.6816e-03, PNorm = 82.6460, GNorm = 0.1691, lr_0 = 7.9218e-04
Loss = 3.2901e-03, PNorm = 82.6567, GNorm = 0.4425, lr_0 = 7.9181e-04
Loss = 3.7227e-03, PNorm = 82.6627, GNorm = 0.1090, lr_0 = 7.9145e-04
Loss = 5.1689e-03, PNorm = 82.6702, GNorm = 0.4851, lr_0 = 7.9108e-04
Loss = 2.8561e-03, PNorm = 82.6812, GNorm = 0.1396, lr_0 = 7.9071e-04
Loss = 3.6687e-03, PNorm = 82.6913, GNorm = 0.3121, lr_0 = 7.9035e-04
Loss = 4.7912e-03, PNorm = 82.7001, GNorm = 0.1647, lr_0 = 7.8998e-04
Loss = 4.7125e-03, PNorm = 82.7069, GNorm = 0.0783, lr_0 = 7.8962e-04
Loss = 3.5817e-03, PNorm = 82.7102, GNorm = 0.1048, lr_0 = 7.8925e-04
Loss = 3.6989e-03, PNorm = 82.7231, GNorm = 0.5702, lr_0 = 7.8888e-04
Loss = 4.0241e-03, PNorm = 82.7325, GNorm = 0.0990, lr_0 = 7.8852e-04
Loss = 3.0373e-03, PNorm = 82.7393, GNorm = 0.2814, lr_0 = 7.8815e-04
Loss = 4.0262e-03, PNorm = 82.7457, GNorm = 0.0773, lr_0 = 7.8779e-04
Loss = 3.0200e-03, PNorm = 82.7504, GNorm = 0.1343, lr_0 = 7.8742e-04
Loss = 3.7196e-03, PNorm = 82.7563, GNorm = 0.4731, lr_0 = 7.8706e-04
Loss = 4.4260e-03, PNorm = 82.7646, GNorm = 0.2196, lr_0 = 7.8669e-04
Loss = 3.2141e-03, PNorm = 82.7757, GNorm = 0.1872, lr_0 = 7.8633e-04
Loss = 3.1193e-03, PNorm = 82.7854, GNorm = 0.3564, lr_0 = 7.8596e-04
Loss = 3.7408e-03, PNorm = 82.7942, GNorm = 0.1267, lr_0 = 7.8560e-04
Loss = 2.8277e-03, PNorm = 82.8044, GNorm = 0.2735, lr_0 = 7.8524e-04
Loss = 4.1104e-03, PNorm = 82.8103, GNorm = 0.0798, lr_0 = 7.8487e-04
Loss = 3.4350e-03, PNorm = 82.8192, GNorm = 0.2016, lr_0 = 7.8451e-04
Loss = 3.1965e-03, PNorm = 82.8266, GNorm = 0.1364, lr_0 = 7.8415e-04
Loss = 4.3540e-03, PNorm = 82.8363, GNorm = 0.1691, lr_0 = 7.8378e-04
Loss = 5.2076e-03, PNorm = 82.8451, GNorm = 0.0735, lr_0 = 7.8342e-04
Loss = 4.1872e-03, PNorm = 82.8540, GNorm = 0.2800, lr_0 = 7.8306e-04
Loss = 3.1831e-03, PNorm = 82.8619, GNorm = 0.3194, lr_0 = 7.8269e-04
Loss = 3.0226e-03, PNorm = 82.8720, GNorm = 0.0551, lr_0 = 7.8233e-04
Loss = 2.5228e-03, PNorm = 82.8765, GNorm = 0.0651, lr_0 = 7.8197e-04
Loss = 2.7349e-03, PNorm = 82.8822, GNorm = 0.3342, lr_0 = 7.8161e-04
Loss = 3.7664e-03, PNorm = 82.8922, GNorm = 0.2447, lr_0 = 7.8124e-04
Loss = 2.9324e-03, PNorm = 82.9024, GNorm = 0.2846, lr_0 = 7.8088e-04
Loss = 3.4422e-03, PNorm = 82.9082, GNorm = 0.2583, lr_0 = 7.8052e-04
Loss = 4.0502e-03, PNorm = 82.9129, GNorm = 0.1279, lr_0 = 7.8016e-04
Loss = 2.2120e-03, PNorm = 82.9208, GNorm = 0.0625, lr_0 = 7.7980e-04
Loss = 2.5930e-03, PNorm = 82.9279, GNorm = 0.1010, lr_0 = 7.7944e-04
Loss = 3.2057e-03, PNorm = 82.9345, GNorm = 0.3294, lr_0 = 7.7907e-04
Loss = 4.6075e-03, PNorm = 82.9398, GNorm = 0.1748, lr_0 = 7.7871e-04
Loss = 3.2161e-03, PNorm = 82.9454, GNorm = 0.2506, lr_0 = 7.7835e-04
Loss = 3.5413e-03, PNorm = 82.9523, GNorm = 0.1834, lr_0 = 7.7799e-04
Loss = 2.5816e-03, PNorm = 82.9603, GNorm = 0.2329, lr_0 = 7.7763e-04
Loss = 3.5432e-03, PNorm = 82.9717, GNorm = 0.2341, lr_0 = 7.7727e-04
Loss = 2.8756e-03, PNorm = 82.9808, GNorm = 0.1355, lr_0 = 7.7691e-04
Loss = 3.3151e-03, PNorm = 82.9913, GNorm = 0.1032, lr_0 = 7.7655e-04
Loss = 4.8476e-03, PNorm = 83.0033, GNorm = 0.3275, lr_0 = 7.7619e-04
Loss = 3.0466e-03, PNorm = 83.0049, GNorm = 0.1866, lr_0 = 7.7583e-04
Loss = 3.3253e-03, PNorm = 83.0143, GNorm = 0.1523, lr_0 = 7.7547e-04
Loss = 2.5144e-03, PNorm = 83.0214, GNorm = 0.1327, lr_0 = 7.7511e-04
Loss = 2.7923e-03, PNorm = 83.0257, GNorm = 0.2175, lr_0 = 7.7475e-04
Loss = 2.8500e-03, PNorm = 83.0351, GNorm = 0.5248, lr_0 = 7.7440e-04
Loss = 3.8504e-03, PNorm = 83.0434, GNorm = 0.2531, lr_0 = 7.7404e-04
Loss = 2.9167e-03, PNorm = 83.0562, GNorm = 0.1325, lr_0 = 7.7368e-04
Loss = 4.0262e-03, PNorm = 83.0640, GNorm = 0.1628, lr_0 = 7.7332e-04
Loss = 2.4552e-03, PNorm = 83.0729, GNorm = 0.2015, lr_0 = 7.7296e-04
Loss = 3.2823e-03, PNorm = 83.0771, GNorm = 0.1760, lr_0 = 7.7260e-04
Loss = 2.4354e-03, PNorm = 83.0824, GNorm = 0.0869, lr_0 = 7.7224e-04
Loss = 3.3162e-03, PNorm = 83.0878, GNorm = 0.1204, lr_0 = 7.7189e-04
Loss = 2.9632e-03, PNorm = 83.0928, GNorm = 0.1348, lr_0 = 7.7153e-04
Loss = 3.7733e-03, PNorm = 83.0973, GNorm = 0.1565, lr_0 = 7.7117e-04
Loss = 3.2659e-03, PNorm = 83.1019, GNorm = 0.1590, lr_0 = 7.7081e-04
Loss = 2.6916e-03, PNorm = 83.1104, GNorm = 0.0639, lr_0 = 7.7046e-04
Loss = 2.6037e-03, PNorm = 83.1180, GNorm = 0.1687, lr_0 = 7.7010e-04
Loss = 4.6532e-03, PNorm = 83.1249, GNorm = 0.2666, lr_0 = 7.6974e-04
Loss = 3.4075e-03, PNorm = 83.1341, GNorm = 0.2133, lr_0 = 7.6939e-04
Loss = 4.9401e-03, PNorm = 83.1423, GNorm = 0.3164, lr_0 = 7.6903e-04
Loss = 4.5144e-03, PNorm = 83.1563, GNorm = 0.1533, lr_0 = 7.6867e-04
Loss = 3.7436e-03, PNorm = 83.1673, GNorm = 0.1935, lr_0 = 7.6832e-04
Loss = 3.2916e-03, PNorm = 83.1784, GNorm = 0.1725, lr_0 = 7.6796e-04
Loss = 4.1650e-03, PNorm = 83.1867, GNorm = 0.2438, lr_0 = 7.6761e-04
Loss = 3.0973e-03, PNorm = 83.1998, GNorm = 0.2667, lr_0 = 7.6725e-04
Loss = 3.3825e-03, PNorm = 83.2143, GNorm = 0.2603, lr_0 = 7.6690e-04
Loss = 4.1037e-03, PNorm = 83.2242, GNorm = 0.2472, lr_0 = 7.6654e-04
Loss = 2.9448e-03, PNorm = 83.2293, GNorm = 0.1253, lr_0 = 7.6618e-04
Loss = 3.4384e-03, PNorm = 83.2379, GNorm = 0.0986, lr_0 = 7.6583e-04
Loss = 2.4528e-03, PNorm = 83.2487, GNorm = 0.2876, lr_0 = 7.6548e-04
Loss = 3.0578e-03, PNorm = 83.2547, GNorm = 0.0780, lr_0 = 7.6512e-04
Loss = 2.9299e-03, PNorm = 83.2601, GNorm = 0.2015, lr_0 = 7.6477e-04
Loss = 3.5556e-03, PNorm = 83.2699, GNorm = 0.2308, lr_0 = 7.6441e-04
Loss = 2.1522e-03, PNorm = 83.2762, GNorm = 0.1200, lr_0 = 7.6406e-04
Loss = 2.5985e-03, PNorm = 83.2820, GNorm = 0.0954, lr_0 = 7.6370e-04
Loss = 2.9944e-03, PNorm = 83.2877, GNorm = 0.0878, lr_0 = 7.6335e-04
Loss = 3.1467e-03, PNorm = 83.2935, GNorm = 0.0788, lr_0 = 7.6300e-04
Loss = 2.8003e-03, PNorm = 83.2971, GNorm = 0.1689, lr_0 = 7.6264e-04
Loss = 2.3516e-03, PNorm = 83.2974, GNorm = 0.1358, lr_0 = 7.6229e-04
Loss = 2.6677e-03, PNorm = 83.3044, GNorm = 0.1136, lr_0 = 7.6194e-04
Loss = 3.5808e-03, PNorm = 83.3104, GNorm = 0.1287, lr_0 = 7.6158e-04
Loss = 3.5155e-03, PNorm = 83.3185, GNorm = 0.0714, lr_0 = 7.6123e-04
Loss = 4.0173e-03, PNorm = 83.3237, GNorm = 0.3191, lr_0 = 7.6088e-04
Loss = 3.1412e-03, PNorm = 83.3364, GNorm = 0.1675, lr_0 = 7.6052e-04
Loss = 4.9200e-03, PNorm = 83.3477, GNorm = 0.2059, lr_0 = 7.6017e-04
Loss = 4.5907e-03, PNorm = 83.3537, GNorm = 0.1272, lr_0 = 7.5982e-04
Loss = 5.8443e-03, PNorm = 83.3672, GNorm = 0.3716, lr_0 = 7.5947e-04
Loss = 6.7604e-03, PNorm = 83.3811, GNorm = 0.5956, lr_0 = 7.5912e-04
Loss = 3.7042e-03, PNorm = 83.3992, GNorm = 0.3824, lr_0 = 7.5876e-04
Loss = 5.7355e-03, PNorm = 83.4115, GNorm = 0.1999, lr_0 = 7.5841e-04
Loss = 3.4725e-03, PNorm = 83.4268, GNorm = 0.1813, lr_0 = 7.5806e-04
Loss = 2.8537e-03, PNorm = 83.4438, GNorm = 0.0784, lr_0 = 7.5771e-04
Loss = 3.5030e-03, PNorm = 83.4497, GNorm = 0.3696, lr_0 = 7.5736e-04
Loss = 2.5951e-03, PNorm = 83.4574, GNorm = 0.1090, lr_0 = 7.5701e-04
Loss = 5.3653e-03, PNorm = 83.4652, GNorm = 0.6173, lr_0 = 7.5666e-04
Loss = 3.9721e-03, PNorm = 83.4736, GNorm = 0.3426, lr_0 = 7.5631e-04
Loss = 4.7392e-03, PNorm = 83.4888, GNorm = 0.3667, lr_0 = 7.5596e-04
Loss = 4.4996e-03, PNorm = 83.5044, GNorm = 0.2025, lr_0 = 7.5561e-04
Loss = 4.5837e-03, PNorm = 83.5220, GNorm = 0.2292, lr_0 = 7.5526e-04
Loss = 3.4418e-03, PNorm = 83.5350, GNorm = 0.1001, lr_0 = 7.5491e-04
Loss = 5.5145e-03, PNorm = 83.5449, GNorm = 0.2700, lr_0 = 7.5456e-04
Loss = 3.7577e-03, PNorm = 83.5635, GNorm = 0.0819, lr_0 = 7.5421e-04
Loss = 5.0924e-03, PNorm = 83.5823, GNorm = 0.6718, lr_0 = 7.5386e-04
Loss = 5.0514e-03, PNorm = 83.5988, GNorm = 0.3075, lr_0 = 7.5351e-04
Loss = 5.0755e-03, PNorm = 83.6109, GNorm = 0.2398, lr_0 = 7.5316e-04
Loss = 4.4704e-03, PNorm = 83.6286, GNorm = 0.1330, lr_0 = 7.5281e-04
Loss = 3.3027e-03, PNorm = 83.6383, GNorm = 0.1570, lr_0 = 7.5246e-04
Loss = 5.5004e-03, PNorm = 83.6495, GNorm = 0.1800, lr_0 = 7.5211e-04
Loss = 3.0773e-03, PNorm = 83.6592, GNorm = 0.2296, lr_0 = 7.5176e-04
Loss = 3.7530e-03, PNorm = 83.6714, GNorm = 0.0892, lr_0 = 7.5142e-04
Loss = 2.9778e-03, PNorm = 83.6818, GNorm = 0.0829, lr_0 = 7.5107e-04
Loss = 3.2782e-03, PNorm = 83.6949, GNorm = 0.1604, lr_0 = 7.5072e-04
Loss = 2.8903e-03, PNorm = 83.7041, GNorm = 0.1008, lr_0 = 7.5037e-04
Loss = 3.2167e-03, PNorm = 83.7118, GNorm = 0.0764, lr_0 = 7.5002e-04
Loss = 2.6086e-03, PNorm = 83.7182, GNorm = 0.1144, lr_0 = 7.4968e-04
Loss = 3.4303e-03, PNorm = 83.7262, GNorm = 0.1265, lr_0 = 7.4933e-04
Loss = 3.0540e-03, PNorm = 83.7369, GNorm = 0.0791, lr_0 = 7.4898e-04
Loss = 4.1840e-03, PNorm = 83.7426, GNorm = 0.3313, lr_0 = 7.4864e-04
Loss = 2.0745e-03, PNorm = 83.7486, GNorm = 0.1343, lr_0 = 7.4829e-04
Loss = 2.3793e-03, PNorm = 83.7565, GNorm = 0.0889, lr_0 = 7.4794e-04
Loss = 3.4938e-03, PNorm = 83.7609, GNorm = 0.2017, lr_0 = 7.4760e-04
Loss = 3.4528e-03, PNorm = 83.7635, GNorm = 0.2982, lr_0 = 7.4725e-04
Loss = 2.2364e-03, PNorm = 83.7720, GNorm = 0.1024, lr_0 = 7.4690e-04
Loss = 3.5578e-03, PNorm = 83.7770, GNorm = 0.2082, lr_0 = 7.4656e-04
Loss = 3.2298e-03, PNorm = 83.7836, GNorm = 0.1858, lr_0 = 7.4621e-04
Loss = 3.6885e-03, PNorm = 83.7934, GNorm = 0.2309, lr_0 = 7.4587e-04
Loss = 4.2955e-03, PNorm = 83.8054, GNorm = 0.1353, lr_0 = 7.4552e-04
Loss = 3.5934e-03, PNorm = 83.8088, GNorm = 0.1397, lr_0 = 7.4517e-04
Loss = 4.4198e-03, PNorm = 83.8180, GNorm = 0.1877, lr_0 = 7.4483e-04
Loss = 4.4583e-03, PNorm = 83.8251, GNorm = 0.2816, lr_0 = 7.4448e-04
Loss = 3.6336e-03, PNorm = 83.8323, GNorm = 0.2052, lr_0 = 7.4414e-04
Loss = 4.1725e-03, PNorm = 83.8453, GNorm = 0.1249, lr_0 = 7.4379e-04
Loss = 4.1061e-03, PNorm = 83.8566, GNorm = 0.2545, lr_0 = 7.4345e-04
Loss = 2.9400e-03, PNorm = 83.8696, GNorm = 0.0805, lr_0 = 7.4311e-04
Loss = 4.4225e-03, PNorm = 83.8883, GNorm = 0.1233, lr_0 = 7.4276e-04
Loss = 3.8244e-03, PNorm = 83.8998, GNorm = 0.2445, lr_0 = 7.4242e-04
Loss = 3.4824e-03, PNorm = 83.9114, GNorm = 0.0878, lr_0 = 7.4207e-04
Loss = 3.6988e-03, PNorm = 83.9198, GNorm = 0.1411, lr_0 = 7.4173e-04
Loss = 3.2283e-03, PNorm = 83.9271, GNorm = 0.1148, lr_0 = 7.4139e-04
Loss = 4.3311e-03, PNorm = 83.9340, GNorm = 0.1806, lr_0 = 7.4104e-04
Loss = 2.7379e-03, PNorm = 83.9449, GNorm = 0.1600, lr_0 = 7.4070e-04
Loss = 3.3261e-03, PNorm = 83.9561, GNorm = 0.0863, lr_0 = 7.4036e-04
Loss = 2.9385e-03, PNorm = 83.9625, GNorm = 0.1538, lr_0 = 7.4001e-04
Loss = 3.5173e-03, PNorm = 83.9720, GNorm = 0.1254, lr_0 = 7.3967e-04
Loss = 5.0058e-03, PNorm = 83.9834, GNorm = 0.3693, lr_0 = 7.3933e-04
Loss = 3.9563e-03, PNorm = 83.9930, GNorm = 0.4599, lr_0 = 7.3898e-04
Loss = 5.2185e-03, PNorm = 84.0032, GNorm = 0.5000, lr_0 = 7.3864e-04
Loss = 5.7896e-03, PNorm = 84.0145, GNorm = 0.1161, lr_0 = 7.3830e-04
Loss = 4.0615e-03, PNorm = 84.0225, GNorm = 0.4674, lr_0 = 7.3796e-04
Loss = 4.2581e-03, PNorm = 84.0294, GNorm = 0.1533, lr_0 = 7.3762e-04
Loss = 4.8425e-03, PNorm = 84.0459, GNorm = 0.5091, lr_0 = 7.3727e-04
Loss = 3.9565e-03, PNorm = 84.0582, GNorm = 0.2471, lr_0 = 7.3693e-04
Loss = 3.5703e-03, PNorm = 84.0702, GNorm = 0.2244, lr_0 = 7.3659e-04
Loss = 5.1368e-03, PNorm = 84.0798, GNorm = 0.2867, lr_0 = 7.3625e-04
Loss = 4.2867e-03, PNorm = 84.0884, GNorm = 0.1050, lr_0 = 7.3591e-04
Loss = 3.2385e-03, PNorm = 84.0968, GNorm = 0.1863, lr_0 = 7.3557e-04
Loss = 3.4725e-03, PNorm = 84.1049, GNorm = 0.2306, lr_0 = 7.3523e-04
Loss = 4.2658e-03, PNorm = 84.1104, GNorm = 0.1508, lr_0 = 7.3489e-04
Loss = 4.1585e-03, PNorm = 84.1188, GNorm = 0.1048, lr_0 = 7.3455e-04
Loss = 4.3062e-03, PNorm = 84.1276, GNorm = 0.3041, lr_0 = 7.3420e-04
Loss = 3.2656e-03, PNorm = 84.1397, GNorm = 0.1823, lr_0 = 7.3386e-04
Loss = 3.6331e-03, PNorm = 84.1465, GNorm = 0.3856, lr_0 = 7.3352e-04
Loss = 5.2378e-03, PNorm = 84.1560, GNorm = 0.1292, lr_0 = 7.3318e-04
Loss = 3.1588e-03, PNorm = 84.1689, GNorm = 0.1088, lr_0 = 7.3285e-04
Loss = 3.7949e-03, PNorm = 84.1827, GNorm = 0.1384, lr_0 = 7.3251e-04
Loss = 3.0974e-03, PNorm = 84.1941, GNorm = 0.3207, lr_0 = 7.3217e-04
Loss = 3.8453e-03, PNorm = 84.1984, GNorm = 0.2101, lr_0 = 7.3183e-04
Loss = 3.7805e-03, PNorm = 84.2074, GNorm = 0.3128, lr_0 = 7.3149e-04
Loss = 3.8739e-03, PNorm = 84.2172, GNorm = 0.1741, lr_0 = 7.3115e-04
Loss = 4.0523e-03, PNorm = 84.2275, GNorm = 0.3296, lr_0 = 7.3081e-04
Loss = 3.6881e-03, PNorm = 84.2378, GNorm = 0.1346, lr_0 = 7.3047e-04
Loss = 4.0720e-03, PNorm = 84.2431, GNorm = 0.0797, lr_0 = 7.3013e-04
Loss = 2.7104e-03, PNorm = 84.2542, GNorm = 0.1290, lr_0 = 7.2980e-04
Loss = 4.1979e-03, PNorm = 84.2628, GNorm = 0.2964, lr_0 = 7.2946e-04
Loss = 2.8912e-03, PNorm = 84.2672, GNorm = 0.1404, lr_0 = 7.2912e-04
Loss = 3.8599e-03, PNorm = 84.2745, GNorm = 0.2153, lr_0 = 7.2878e-04
Loss = 4.3683e-03, PNorm = 84.2856, GNorm = 0.2031, lr_0 = 7.2844e-04
Loss = 4.3269e-03, PNorm = 84.2970, GNorm = 0.1769, lr_0 = 7.2811e-04
Loss = 2.9444e-03, PNorm = 84.3093, GNorm = 0.2277, lr_0 = 7.2777e-04
Loss = 5.0896e-03, PNorm = 84.3137, GNorm = 0.1968, lr_0 = 7.2743e-04
Loss = 4.2152e-03, PNorm = 84.3191, GNorm = 0.1827, lr_0 = 7.2709e-04
Loss = 2.5720e-03, PNorm = 84.3260, GNorm = 0.1008, lr_0 = 7.2676e-04
Loss = 3.8479e-03, PNorm = 84.3355, GNorm = 0.2419, lr_0 = 7.2642e-04
Loss = 2.7186e-03, PNorm = 84.3439, GNorm = 0.1137, lr_0 = 7.2608e-04
Loss = 2.8109e-03, PNorm = 84.3538, GNorm = 0.1347, lr_0 = 7.2575e-04
Loss = 5.4881e-03, PNorm = 84.3613, GNorm = 0.1927, lr_0 = 7.2541e-04
Loss = 2.3040e-03, PNorm = 84.3669, GNorm = 0.1084, lr_0 = 7.2508e-04
Loss = 3.4114e-03, PNorm = 84.3727, GNorm = 0.0974, lr_0 = 7.2474e-04
Loss = 4.2585e-03, PNorm = 84.3788, GNorm = 0.0789, lr_0 = 7.2440e-04
Loss = 2.5944e-03, PNorm = 84.3877, GNorm = 0.1235, lr_0 = 7.2407e-04
Loss = 2.8841e-03, PNorm = 84.3959, GNorm = 0.1442, lr_0 = 7.2373e-04
Loss = 2.8363e-03, PNorm = 84.4033, GNorm = 0.2143, lr_0 = 7.2340e-04
Loss = 2.6271e-03, PNorm = 84.4107, GNorm = 0.0610, lr_0 = 7.2306e-04
Loss = 2.5949e-03, PNorm = 84.4200, GNorm = 0.1368, lr_0 = 7.2273e-04
Loss = 4.0589e-03, PNorm = 84.4265, GNorm = 0.0817, lr_0 = 7.2239e-04
Loss = 2.9015e-03, PNorm = 84.4331, GNorm = 0.1519, lr_0 = 7.2206e-04
Loss = 3.6067e-03, PNorm = 84.4373, GNorm = 0.1278, lr_0 = 7.2172e-04
Loss = 3.3523e-03, PNorm = 84.4425, GNorm = 0.1151, lr_0 = 7.2139e-04
Loss = 2.6720e-03, PNorm = 84.4526, GNorm = 0.2257, lr_0 = 7.2105e-04
Loss = 3.1202e-03, PNorm = 84.4608, GNorm = 0.0881, lr_0 = 7.2072e-04
Loss = 3.7428e-03, PNorm = 84.4663, GNorm = 0.5081, lr_0 = 7.2039e-04
Loss = 3.8607e-03, PNorm = 84.4769, GNorm = 0.1267, lr_0 = 7.2005e-04
Loss = 3.9560e-03, PNorm = 84.4853, GNorm = 0.3191, lr_0 = 7.1972e-04
Loss = 3.2159e-03, PNorm = 84.4929, GNorm = 0.2158, lr_0 = 7.1939e-04
Loss = 3.9934e-03, PNorm = 84.4985, GNorm = 0.0932, lr_0 = 7.1905e-04
Loss = 3.1343e-03, PNorm = 84.5123, GNorm = 0.2239, lr_0 = 7.1872e-04
Loss = 2.7900e-03, PNorm = 84.5257, GNorm = 0.1407, lr_0 = 7.1839e-04
Loss = 4.6605e-03, PNorm = 84.5312, GNorm = 0.1345, lr_0 = 7.1805e-04
Loss = 5.0232e-03, PNorm = 84.5367, GNorm = 0.3110, lr_0 = 7.1772e-04
Loss = 4.1699e-03, PNorm = 84.5431, GNorm = 0.3917, lr_0 = 7.1739e-04
Loss = 3.4012e-03, PNorm = 84.5510, GNorm = 0.2686, lr_0 = 7.1706e-04
Loss = 3.5457e-03, PNorm = 84.5596, GNorm = 0.2172, lr_0 = 7.1672e-04
Loss = 3.8427e-03, PNorm = 84.5643, GNorm = 0.3340, lr_0 = 7.1639e-04
Loss = 3.7565e-03, PNorm = 84.5710, GNorm = 0.1235, lr_0 = 7.1606e-04
Loss = 3.7930e-03, PNorm = 84.5755, GNorm = 0.1539, lr_0 = 7.1573e-04
Loss = 2.3468e-03, PNorm = 84.5833, GNorm = 0.2425, lr_0 = 7.1540e-04
Loss = 2.3354e-03, PNorm = 84.5917, GNorm = 0.1876, lr_0 = 7.1506e-04
Loss = 3.5197e-03, PNorm = 84.5984, GNorm = 0.1670, lr_0 = 7.1473e-04
Loss = 2.7224e-03, PNorm = 84.6045, GNorm = 0.3832, lr_0 = 7.1440e-04
Loss = 2.7139e-03, PNorm = 84.6168, GNorm = 0.1044, lr_0 = 7.1407e-04
Loss = 2.1739e-03, PNorm = 84.6231, GNorm = 0.2121, lr_0 = 7.1374e-04
Loss = 2.2351e-03, PNorm = 84.6256, GNorm = 0.1303, lr_0 = 7.1341e-04
Loss = 2.8970e-03, PNorm = 84.6298, GNorm = 0.1192, lr_0 = 7.1308e-04
Loss = 2.7662e-03, PNorm = 84.6363, GNorm = 0.1700, lr_0 = 7.1275e-04
Loss = 3.0228e-03, PNorm = 84.6416, GNorm = 0.0962, lr_0 = 7.1242e-04
Loss = 4.3999e-03, PNorm = 84.6421, GNorm = 0.2051, lr_0 = 7.1209e-04
Loss = 2.9038e-03, PNorm = 84.6507, GNorm = 0.2162, lr_0 = 7.1176e-04
Loss = 2.4711e-03, PNorm = 84.6571, GNorm = 0.1348, lr_0 = 7.1143e-04
Loss = 3.0812e-03, PNorm = 84.6620, GNorm = 0.2717, lr_0 = 7.1110e-04
Loss = 2.9450e-03, PNorm = 84.6726, GNorm = 0.2121, lr_0 = 7.1077e-04
Loss = 4.3698e-03, PNorm = 84.6827, GNorm = 0.2780, lr_0 = 7.1044e-04
Loss = 3.5230e-03, PNorm = 84.6909, GNorm = 0.4798, lr_0 = 7.1011e-04
Loss = 3.5363e-03, PNorm = 84.6993, GNorm = 0.0989, lr_0 = 7.0978e-04
Loss = 2.8715e-03, PNorm = 84.7101, GNorm = 0.1282, lr_0 = 7.0945e-04
Loss = 4.0278e-03, PNorm = 84.7196, GNorm = 0.1283, lr_0 = 7.0912e-04
Loss = 2.5168e-03, PNorm = 84.7284, GNorm = 0.1927, lr_0 = 7.0880e-04
Loss = 2.9817e-03, PNorm = 84.7363, GNorm = 0.6108, lr_0 = 7.0847e-04
Loss = 2.7354e-03, PNorm = 84.7407, GNorm = 0.0938, lr_0 = 7.0814e-04
Loss = 3.5093e-03, PNorm = 84.7453, GNorm = 0.4096, lr_0 = 7.0781e-04
Loss = 3.8626e-03, PNorm = 84.7531, GNorm = 0.3185, lr_0 = 7.0748e-04
Loss = 3.8500e-03, PNorm = 84.7630, GNorm = 0.2748, lr_0 = 7.0716e-04
Loss = 4.2402e-03, PNorm = 84.7716, GNorm = 0.3398, lr_0 = 7.0683e-04
Loss = 5.8386e-03, PNorm = 84.7852, GNorm = 0.7662, lr_0 = 7.0650e-04
Loss = 4.5817e-03, PNorm = 84.7958, GNorm = 0.2916, lr_0 = 7.0617e-04
Loss = 4.9085e-03, PNorm = 84.8099, GNorm = 0.1862, lr_0 = 7.0585e-04
Loss = 4.4781e-03, PNorm = 84.8212, GNorm = 0.1032, lr_0 = 7.0552e-04
Loss = 3.1226e-03, PNorm = 84.8303, GNorm = 0.1894, lr_0 = 7.0519e-04
Loss = 2.8417e-03, PNorm = 84.8420, GNorm = 0.1899, lr_0 = 7.0487e-04
Loss = 4.3087e-03, PNorm = 84.8496, GNorm = 0.0986, lr_0 = 7.0454e-04
Loss = 5.4936e-03, PNorm = 84.8538, GNorm = 0.3399, lr_0 = 7.0421e-04
Loss = 4.1763e-03, PNorm = 84.8599, GNorm = 0.2000, lr_0 = 7.0389e-04
Loss = 2.7548e-03, PNorm = 84.8700, GNorm = 0.2938, lr_0 = 7.0356e-04
Loss = 4.4137e-03, PNorm = 84.8779, GNorm = 0.1202, lr_0 = 7.0323e-04
Loss = 2.9649e-03, PNorm = 84.8880, GNorm = 0.2075, lr_0 = 7.0291e-04
Loss = 2.8857e-03, PNorm = 84.8933, GNorm = 0.0896, lr_0 = 7.0258e-04
Loss = 3.6070e-03, PNorm = 84.9033, GNorm = 0.1565, lr_0 = 7.0226e-04
Loss = 2.1179e-03, PNorm = 84.9104, GNorm = 0.1423, lr_0 = 7.0193e-04
Loss = 2.3084e-03, PNorm = 84.9184, GNorm = 0.1036, lr_0 = 7.0161e-04
Loss = 2.3518e-03, PNorm = 84.9241, GNorm = 0.3510, lr_0 = 7.0128e-04
Loss = 4.9141e-03, PNorm = 84.9278, GNorm = 0.2570, lr_0 = 7.0096e-04
Loss = 2.8866e-03, PNorm = 84.9368, GNorm = 0.0857, lr_0 = 7.0063e-04
Loss = 4.0904e-03, PNorm = 84.9447, GNorm = 0.2376, lr_0 = 7.0031e-04
Loss = 4.0285e-03, PNorm = 84.9533, GNorm = 0.1813, lr_0 = 6.9998e-04
Loss = 2.8321e-03, PNorm = 84.9599, GNorm = 0.3200, lr_0 = 6.9966e-04
Loss = 4.2773e-03, PNorm = 84.9644, GNorm = 0.2192, lr_0 = 6.9933e-04
Loss = 4.1823e-03, PNorm = 84.9738, GNorm = 0.4472, lr_0 = 6.9901e-04
Loss = 3.0666e-03, PNorm = 84.9840, GNorm = 0.0803, lr_0 = 6.9869e-04
Loss = 3.6134e-03, PNorm = 84.9935, GNorm = 0.2888, lr_0 = 6.9836e-04
Loss = 2.7355e-03, PNorm = 85.0021, GNorm = 0.1864, lr_0 = 6.9804e-04
Loss = 3.3126e-03, PNorm = 85.0048, GNorm = 0.2643, lr_0 = 6.9772e-04
Loss = 2.9573e-03, PNorm = 85.0117, GNorm = 0.0749, lr_0 = 6.9739e-04
Loss = 3.4032e-03, PNorm = 85.0176, GNorm = 0.2037, lr_0 = 6.9707e-04
Loss = 2.5055e-03, PNorm = 85.0277, GNorm = 0.2740, lr_0 = 6.9675e-04
Loss = 3.7671e-03, PNorm = 85.0395, GNorm = 0.1697, lr_0 = 6.9642e-04
Loss = 3.5272e-03, PNorm = 85.0462, GNorm = 0.2160, lr_0 = 6.9610e-04
Loss = 3.8485e-03, PNorm = 85.0551, GNorm = 0.1175, lr_0 = 6.9578e-04
Loss = 2.8671e-03, PNorm = 85.0611, GNorm = 0.1905, lr_0 = 6.9546e-04
Loss = 4.3120e-03, PNorm = 85.0675, GNorm = 0.1888, lr_0 = 6.9513e-04
Loss = 3.1014e-03, PNorm = 85.0746, GNorm = 0.1724, lr_0 = 6.9481e-04
Loss = 2.8597e-03, PNorm = 85.0820, GNorm = 0.2057, lr_0 = 6.9449e-04
Loss = 3.1125e-03, PNorm = 85.0880, GNorm = 0.0875, lr_0 = 6.9417e-04
Loss = 3.3563e-03, PNorm = 85.0937, GNorm = 0.1760, lr_0 = 6.9385e-04
Loss = 4.0415e-03, PNorm = 85.1024, GNorm = 0.3229, lr_0 = 6.9352e-04
Loss = 3.6070e-03, PNorm = 85.1098, GNorm = 0.3170, lr_0 = 6.9320e-04
Loss = 3.2133e-03, PNorm = 85.1125, GNorm = 0.5271, lr_0 = 6.9288e-04
Loss = 3.8656e-03, PNorm = 85.1220, GNorm = 0.2316, lr_0 = 6.9256e-04
Loss = 4.1444e-03, PNorm = 85.1296, GNorm = 0.3438, lr_0 = 6.9224e-04
Loss = 2.9368e-03, PNorm = 85.1402, GNorm = 0.0863, lr_0 = 6.9192e-04
Loss = 3.3987e-03, PNorm = 85.1539, GNorm = 0.3672, lr_0 = 6.9160e-04
Loss = 3.9409e-03, PNorm = 85.1645, GNorm = 0.2218, lr_0 = 6.9128e-04
Loss = 2.9267e-03, PNorm = 85.1685, GNorm = 0.3077, lr_0 = 6.9096e-04
Loss = 3.5613e-03, PNorm = 85.1749, GNorm = 0.1885, lr_0 = 6.9064e-04
Loss = 3.5416e-03, PNorm = 85.1824, GNorm = 0.1115, lr_0 = 6.9032e-04
Loss = 3.0751e-03, PNorm = 85.1916, GNorm = 0.2513, lr_0 = 6.9000e-04
Loss = 2.3891e-03, PNorm = 85.2017, GNorm = 0.0906, lr_0 = 6.8968e-04
Loss = 3.1539e-03, PNorm = 85.2087, GNorm = 0.1113, lr_0 = 6.8936e-04
Loss = 4.2905e-03, PNorm = 85.2138, GNorm = 0.2996, lr_0 = 6.8904e-04
Loss = 3.4768e-03, PNorm = 85.2189, GNorm = 0.1667, lr_0 = 6.8872e-04
Loss = 3.1387e-03, PNorm = 85.2261, GNorm = 0.0912, lr_0 = 6.8840e-04
Loss = 3.9066e-03, PNorm = 85.2345, GNorm = 0.1181, lr_0 = 6.8808e-04
Loss = 2.6557e-03, PNorm = 85.2420, GNorm = 0.2546, lr_0 = 6.8776e-04
Loss = 2.3000e-03, PNorm = 85.2450, GNorm = 0.0772, lr_0 = 6.8744e-04
Loss = 3.7524e-03, PNorm = 85.2505, GNorm = 0.0681, lr_0 = 6.8713e-04
Loss = 2.4778e-03, PNorm = 85.2513, GNorm = 0.0580, lr_0 = 6.8681e-04
Loss = 4.0662e-03, PNorm = 85.2525, GNorm = 0.1435, lr_0 = 6.8649e-04
Loss = 4.8973e-03, PNorm = 85.2542, GNorm = 0.1394, lr_0 = 6.8617e-04
Loss = 2.6568e-03, PNorm = 85.2619, GNorm = 0.1514, lr_0 = 6.8585e-04
Loss = 3.5406e-03, PNorm = 85.2716, GNorm = 0.5586, lr_0 = 6.8554e-04
Loss = 3.4932e-03, PNorm = 85.2793, GNorm = 0.4786, lr_0 = 6.8522e-04
Loss = 3.1491e-03, PNorm = 85.2860, GNorm = 0.1734, lr_0 = 6.8490e-04
Loss = 3.6239e-03, PNorm = 85.2937, GNorm = 0.2553, lr_0 = 6.8458e-04
Loss = 2.0168e-03, PNorm = 85.3020, GNorm = 0.0822, lr_0 = 6.8427e-04
Loss = 3.8475e-03, PNorm = 85.3105, GNorm = 0.3805, lr_0 = 6.8395e-04
Loss = 2.4766e-03, PNorm = 85.3132, GNorm = 0.1229, lr_0 = 6.8363e-04
Loss = 2.1107e-03, PNorm = 85.3179, GNorm = 0.1175, lr_0 = 6.8332e-04
Loss = 2.7034e-03, PNorm = 85.3245, GNorm = 0.1207, lr_0 = 6.8300e-04
Loss = 3.0036e-03, PNorm = 85.3263, GNorm = 0.1386, lr_0 = 6.8268e-04
Loss = 2.2965e-03, PNorm = 85.3307, GNorm = 0.2844, lr_0 = 6.8237e-04
Loss = 3.1845e-03, PNorm = 85.3354, GNorm = 0.1499, lr_0 = 6.8205e-04
Loss = 4.1757e-03, PNorm = 85.3442, GNorm = 0.1545, lr_0 = 6.8173e-04
Loss = 3.8812e-03, PNorm = 85.3536, GNorm = 0.1057, lr_0 = 6.8142e-04
Loss = 2.6754e-03, PNorm = 85.3585, GNorm = 0.1793, lr_0 = 6.8110e-04
Loss = 2.3168e-03, PNorm = 85.3688, GNorm = 0.1405, lr_0 = 6.8079e-04
Loss = 4.1842e-03, PNorm = 85.3722, GNorm = 0.1888, lr_0 = 6.8047e-04
Loss = 2.9808e-03, PNorm = 85.3791, GNorm = 0.2591, lr_0 = 6.8016e-04
Loss = 2.8818e-03, PNorm = 85.3877, GNorm = 0.1386, lr_0 = 6.7984e-04
Loss = 4.0110e-03, PNorm = 85.3929, GNorm = 0.2943, lr_0 = 6.7953e-04
Loss = 2.9495e-03, PNorm = 85.4008, GNorm = 0.1049, lr_0 = 6.7921e-04
Loss = 3.8901e-03, PNorm = 85.4103, GNorm = 0.1411, lr_0 = 6.7890e-04
Loss = 3.3263e-03, PNorm = 85.4186, GNorm = 0.2526, lr_0 = 6.7858e-04
Loss = 3.0836e-03, PNorm = 85.4276, GNorm = 0.1499, lr_0 = 6.7827e-04
Loss = 2.7637e-03, PNorm = 85.4324, GNorm = 0.1090, lr_0 = 6.7795e-04
Loss = 2.6342e-03, PNorm = 85.4389, GNorm = 0.1738, lr_0 = 6.7764e-04
Loss = 2.9915e-03, PNorm = 85.4458, GNorm = 0.0980, lr_0 = 6.7733e-04
Loss = 4.6808e-03, PNorm = 85.4517, GNorm = 0.1108, lr_0 = 6.7701e-04
Loss = 3.3876e-03, PNorm = 85.4592, GNorm = 0.2323, lr_0 = 6.7670e-04
Loss = 3.6523e-03, PNorm = 85.4703, GNorm = 0.1258, lr_0 = 6.7638e-04
Loss = 4.2650e-03, PNorm = 85.4823, GNorm = 0.0701, lr_0 = 6.7607e-04
Loss = 3.8750e-03, PNorm = 85.4942, GNorm = 0.1652, lr_0 = 6.7576e-04
Loss = 3.4168e-03, PNorm = 85.5039, GNorm = 0.1613, lr_0 = 6.7544e-04
Loss = 4.8562e-03, PNorm = 85.5149, GNorm = 0.1645, lr_0 = 6.7513e-04
Loss = 1.9865e-03, PNorm = 85.5259, GNorm = 0.1560, lr_0 = 6.7482e-04
Loss = 3.3584e-03, PNorm = 85.5339, GNorm = 0.1265, lr_0 = 6.7451e-04
Loss = 3.4191e-03, PNorm = 85.5412, GNorm = 0.1982, lr_0 = 6.7419e-04
Loss = 4.3630e-03, PNorm = 85.5499, GNorm = 0.2872, lr_0 = 6.7388e-04
Loss = 3.6106e-03, PNorm = 85.5584, GNorm = 0.4098, lr_0 = 6.7357e-04
Loss = 3.8162e-03, PNorm = 85.5652, GNorm = 0.1925, lr_0 = 6.7326e-04
Loss = 3.0653e-03, PNorm = 85.5747, GNorm = 0.4838, lr_0 = 6.7295e-04
Loss = 3.1842e-03, PNorm = 85.5876, GNorm = 0.1768, lr_0 = 6.7263e-04
Loss = 4.5399e-03, PNorm = 85.5999, GNorm = 0.2780, lr_0 = 6.7232e-04
Loss = 2.9958e-03, PNorm = 85.6077, GNorm = 0.2390, lr_0 = 6.7201e-04
Loss = 2.9703e-03, PNorm = 85.6178, GNorm = 0.1758, lr_0 = 6.7170e-04
Loss = 3.5022e-03, PNorm = 85.6239, GNorm = 0.1064, lr_0 = 6.7139e-04
Loss = 1.7375e-03, PNorm = 85.6319, GNorm = 0.1456, lr_0 = 6.7108e-04
Loss = 3.9279e-03, PNorm = 85.6368, GNorm = 0.2084, lr_0 = 6.7077e-04
Loss = 3.5146e-03, PNorm = 85.6421, GNorm = 0.3801, lr_0 = 6.7045e-04
Loss = 4.3037e-03, PNorm = 85.6457, GNorm = 0.0825, lr_0 = 6.7014e-04
Loss = 3.8214e-03, PNorm = 85.6537, GNorm = 0.1384, lr_0 = 6.6983e-04
Loss = 2.5141e-03, PNorm = 85.6640, GNorm = 0.1922, lr_0 = 6.6952e-04
Loss = 5.3357e-03, PNorm = 85.6727, GNorm = 0.3832, lr_0 = 6.6921e-04
Loss = 3.5607e-03, PNorm = 85.6801, GNorm = 0.1697, lr_0 = 6.6890e-04
Loss = 3.1034e-03, PNorm = 85.6883, GNorm = 0.2150, lr_0 = 6.6859e-04
Loss = 3.2611e-03, PNorm = 85.6921, GNorm = 0.1250, lr_0 = 6.6828e-04
Loss = 3.0537e-03, PNorm = 85.7026, GNorm = 0.2254, lr_0 = 6.6797e-04
Loss = 3.7491e-03, PNorm = 85.7082, GNorm = 0.2487, lr_0 = 6.6766e-04
Loss = 2.5020e-03, PNorm = 85.7179, GNorm = 0.2690, lr_0 = 6.6736e-04
Loss = 2.3418e-03, PNorm = 85.7262, GNorm = 0.1896, lr_0 = 6.6705e-04
Loss = 3.1546e-03, PNorm = 85.7343, GNorm = 0.2364, lr_0 = 6.6674e-04
Loss = 3.7754e-03, PNorm = 85.7418, GNorm = 0.1646, lr_0 = 6.6643e-04
Loss = 2.8425e-03, PNorm = 85.7478, GNorm = 0.1263, lr_0 = 6.6612e-04
Loss = 3.5897e-03, PNorm = 85.7552, GNorm = 0.4303, lr_0 = 6.6581e-04
Loss = 2.3347e-03, PNorm = 85.7609, GNorm = 0.1662, lr_0 = 6.6550e-04
Loss = 3.3275e-03, PNorm = 85.7691, GNorm = 0.1890, lr_0 = 6.6519e-04
Loss = 2.6709e-03, PNorm = 85.7729, GNorm = 0.1247, lr_0 = 6.6489e-04
Loss = 3.1613e-03, PNorm = 85.7787, GNorm = 0.2049, lr_0 = 6.6458e-04
Loss = 2.1441e-03, PNorm = 85.7867, GNorm = 0.0610, lr_0 = 6.6427e-04
Loss = 2.8148e-03, PNorm = 85.7944, GNorm = 0.2062, lr_0 = 6.6396e-04
Loss = 3.1757e-03, PNorm = 85.7980, GNorm = 0.1491, lr_0 = 6.6365e-04
Loss = 3.8890e-03, PNorm = 85.8074, GNorm = 0.5996, lr_0 = 6.6335e-04
Loss = 2.6904e-03, PNorm = 85.8130, GNorm = 0.3111, lr_0 = 6.6304e-04
Loss = 3.7039e-03, PNorm = 85.8201, GNorm = 0.1289, lr_0 = 6.6273e-04
Loss = 2.9095e-03, PNorm = 85.8279, GNorm = 0.1122, lr_0 = 6.6243e-04
Loss = 2.4813e-03, PNorm = 85.8335, GNorm = 0.1020, lr_0 = 6.6212e-04
Loss = 4.7463e-03, PNorm = 85.8399, GNorm = 0.1801, lr_0 = 6.6181e-04
Loss = 4.4848e-03, PNorm = 85.8509, GNorm = 0.1294, lr_0 = 6.6150e-04
Loss = 3.4088e-03, PNorm = 85.8605, GNorm = 0.1337, lr_0 = 6.6120e-04
Loss = 2.8441e-03, PNorm = 85.8649, GNorm = 0.1782, lr_0 = 6.6089e-04
Loss = 3.6216e-03, PNorm = 85.8673, GNorm = 0.1816, lr_0 = 6.6059e-04
Loss = 2.6959e-03, PNorm = 85.8737, GNorm = 0.0714, lr_0 = 6.6028e-04
Loss = 2.8363e-03, PNorm = 85.8789, GNorm = 0.1506, lr_0 = 6.5997e-04
Loss = 2.6619e-03, PNorm = 85.8847, GNorm = 0.0940, lr_0 = 6.5967e-04
Loss = 3.3659e-03, PNorm = 85.8944, GNorm = 0.1327, lr_0 = 6.5936e-04
Loss = 3.5712e-03, PNorm = 85.9045, GNorm = 0.1577, lr_0 = 6.5906e-04
Loss = 3.7562e-03, PNorm = 85.9098, GNorm = 0.3957, lr_0 = 6.5875e-04
Loss = 2.4945e-03, PNorm = 85.9168, GNorm = 0.0654, lr_0 = 6.5845e-04
Loss = 3.7483e-03, PNorm = 85.9261, GNorm = 0.2441, lr_0 = 6.5814e-04
Loss = 2.4542e-03, PNorm = 85.9323, GNorm = 0.1196, lr_0 = 6.5784e-04
Loss = 3.1548e-03, PNorm = 85.9380, GNorm = 0.1672, lr_0 = 6.5753e-04
Loss = 3.7091e-03, PNorm = 85.9413, GNorm = 0.1641, lr_0 = 6.5723e-04
Loss = 2.6475e-03, PNorm = 85.9469, GNorm = 0.2988, lr_0 = 6.5692e-04
Loss = 3.0705e-03, PNorm = 85.9498, GNorm = 0.2051, lr_0 = 6.5662e-04
Loss = 3.5758e-03, PNorm = 85.9534, GNorm = 0.2952, lr_0 = 6.5631e-04
Loss = 3.3026e-03, PNorm = 85.9591, GNorm = 0.2098, lr_0 = 6.5601e-04
Loss = 3.1086e-03, PNorm = 85.9630, GNorm = 0.0699, lr_0 = 6.5571e-04
Loss = 2.0842e-03, PNorm = 85.9726, GNorm = 0.2161, lr_0 = 6.5540e-04
Loss = 2.1431e-03, PNorm = 85.9803, GNorm = 0.1712, lr_0 = 6.5510e-04
Loss = 1.7856e-03, PNorm = 85.9875, GNorm = 0.1547, lr_0 = 6.5479e-04
Loss = 2.5990e-03, PNorm = 85.9925, GNorm = 0.2361, lr_0 = 6.5449e-04
Loss = 3.2387e-03, PNorm = 85.9984, GNorm = 0.1482, lr_0 = 6.5419e-04
Loss = 3.4030e-03, PNorm = 86.0028, GNorm = 0.1614, lr_0 = 6.5388e-04
Loss = 2.4548e-03, PNorm = 86.0080, GNorm = 0.1056, lr_0 = 6.5358e-04
Loss = 2.9049e-03, PNorm = 86.0148, GNorm = 0.0908, lr_0 = 6.5328e-04
Loss = 2.6077e-03, PNorm = 86.0221, GNorm = 0.1425, lr_0 = 6.5298e-04
Loss = 3.2677e-03, PNorm = 86.0291, GNorm = 0.0590, lr_0 = 6.5267e-04
Loss = 2.8927e-03, PNorm = 86.0351, GNorm = 0.1162, lr_0 = 6.5237e-04
Loss = 2.1794e-03, PNorm = 86.0459, GNorm = 0.1663, lr_0 = 6.5207e-04
Loss = 2.3520e-03, PNorm = 86.0509, GNorm = 0.1362, lr_0 = 6.5177e-04
Loss = 2.6276e-03, PNorm = 86.0566, GNorm = 0.0958, lr_0 = 6.5147e-04
Loss = 3.2273e-03, PNorm = 86.0639, GNorm = 0.1464, lr_0 = 6.5116e-04
Loss = 3.4068e-03, PNorm = 86.0685, GNorm = 0.3561, lr_0 = 6.5086e-04
Loss = 3.6482e-03, PNorm = 86.0768, GNorm = 0.1235, lr_0 = 6.5056e-04
Loss = 2.9954e-03, PNorm = 86.0820, GNorm = 0.0648, lr_0 = 6.5026e-04
Loss = 2.5283e-03, PNorm = 86.0888, GNorm = 0.1491, lr_0 = 6.4996e-04
Loss = 1.6073e-03, PNorm = 86.0942, GNorm = 0.1058, lr_0 = 6.4966e-04
Loss = 4.5182e-03, PNorm = 86.0988, GNorm = 0.1968, lr_0 = 6.4936e-04
Loss = 3.0768e-03, PNorm = 86.1034, GNorm = 0.1404, lr_0 = 6.4905e-04
Loss = 2.6867e-03, PNorm = 86.1088, GNorm = 0.1479, lr_0 = 6.4875e-04
Loss = 3.0987e-03, PNorm = 86.1129, GNorm = 0.4162, lr_0 = 6.4845e-04
Loss = 3.2710e-03, PNorm = 86.1210, GNorm = 0.1492, lr_0 = 6.4815e-04
Loss = 3.9785e-03, PNorm = 86.1362, GNorm = 0.2702, lr_0 = 6.4785e-04
Loss = 3.0383e-03, PNorm = 86.1456, GNorm = 0.1451, lr_0 = 6.4755e-04
Loss = 4.4752e-03, PNorm = 86.1488, GNorm = 0.2209, lr_0 = 6.4725e-04
Loss = 4.9337e-03, PNorm = 86.1541, GNorm = 0.2470, lr_0 = 6.4695e-04
Loss = 3.0045e-03, PNorm = 86.1614, GNorm = 0.3091, lr_0 = 6.4665e-04
Loss = 4.7852e-03, PNorm = 86.1713, GNorm = 0.5211, lr_0 = 6.4635e-04
Loss = 3.4513e-03, PNorm = 86.1827, GNorm = 0.1409, lr_0 = 6.4605e-04
Loss = 3.9802e-03, PNorm = 86.1930, GNorm = 0.1323, lr_0 = 6.4575e-04
Loss = 3.0806e-03, PNorm = 86.2074, GNorm = 0.1672, lr_0 = 6.4545e-04
Loss = 2.6357e-03, PNorm = 86.2207, GNorm = 0.1822, lr_0 = 6.4516e-04
Loss = 3.3657e-03, PNorm = 86.2302, GNorm = 0.1793, lr_0 = 6.4486e-04
Loss = 1.8830e-03, PNorm = 86.2398, GNorm = 0.0917, lr_0 = 6.4456e-04
Loss = 3.4269e-03, PNorm = 86.2434, GNorm = 0.0847, lr_0 = 6.4426e-04
Loss = 2.2730e-03, PNorm = 86.2510, GNorm = 0.1669, lr_0 = 6.4396e-04
Loss = 3.4494e-03, PNorm = 86.2597, GNorm = 0.0712, lr_0 = 6.4366e-04
Loss = 2.9673e-03, PNorm = 86.2664, GNorm = 0.1487, lr_0 = 6.4336e-04
Loss = 2.7593e-03, PNorm = 86.2763, GNorm = 0.1079, lr_0 = 6.4307e-04
Loss = 2.8470e-03, PNorm = 86.2821, GNorm = 0.1249, lr_0 = 6.4277e-04
Loss = 1.7039e-03, PNorm = 86.2880, GNorm = 0.1350, lr_0 = 6.4247e-04
Loss = 1.4477e-03, PNorm = 86.2910, GNorm = 0.1012, lr_0 = 6.4217e-04
Loss = 2.3660e-03, PNorm = 86.2952, GNorm = 0.1525, lr_0 = 6.4188e-04
Loss = 3.0633e-03, PNorm = 86.3035, GNorm = 0.0766, lr_0 = 6.4158e-04
Loss = 2.0398e-03, PNorm = 86.3073, GNorm = 0.1823, lr_0 = 6.4128e-04
Loss = 3.0623e-03, PNorm = 86.3092, GNorm = 0.2123, lr_0 = 6.4098e-04
Loss = 2.8923e-03, PNorm = 86.3127, GNorm = 0.1822, lr_0 = 6.4069e-04
Loss = 2.4264e-03, PNorm = 86.3156, GNorm = 0.1607, lr_0 = 6.4039e-04
Loss = 2.7007e-03, PNorm = 86.3161, GNorm = 0.1318, lr_0 = 6.4009e-04
Loss = 1.6370e-03, PNorm = 86.3232, GNorm = 0.0809, lr_0 = 6.3980e-04
Loss = 3.8153e-03, PNorm = 86.3288, GNorm = 0.3357, lr_0 = 6.3950e-04
Loss = 2.9825e-03, PNorm = 86.3384, GNorm = 0.1891, lr_0 = 6.3920e-04
Loss = 3.1450e-03, PNorm = 86.3416, GNorm = 0.3774, lr_0 = 6.3891e-04
Loss = 3.3604e-03, PNorm = 86.3471, GNorm = 0.4339, lr_0 = 6.3861e-04
Loss = 2.9722e-03, PNorm = 86.3573, GNorm = 0.0639, lr_0 = 6.3832e-04
Loss = 2.5405e-03, PNorm = 86.3634, GNorm = 0.4646, lr_0 = 6.3802e-04
Loss = 4.1747e-03, PNorm = 86.3720, GNorm = 0.0971, lr_0 = 6.3772e-04
Loss = 4.6765e-03, PNorm = 86.3821, GNorm = 0.5206, lr_0 = 6.3743e-04
Loss = 2.9612e-03, PNorm = 86.3974, GNorm = 0.3160, lr_0 = 6.3713e-04
Loss = 3.6079e-03, PNorm = 86.4089, GNorm = 0.3607, lr_0 = 6.3684e-04
Loss = 2.1653e-03, PNorm = 86.4171, GNorm = 0.0938, lr_0 = 6.3654e-04
Loss = 2.8913e-03, PNorm = 86.4258, GNorm = 0.1365, lr_0 = 6.3625e-04
Loss = 2.1934e-03, PNorm = 86.4313, GNorm = 0.0785, lr_0 = 6.3595e-04
Loss = 2.4370e-03, PNorm = 86.4369, GNorm = 0.2657, lr_0 = 6.3566e-04
Loss = 2.1196e-03, PNorm = 86.4417, GNorm = 0.0569, lr_0 = 6.3536e-04
Loss = 4.0164e-03, PNorm = 86.4449, GNorm = 0.1166, lr_0 = 6.3507e-04
Loss = 2.4486e-03, PNorm = 86.4509, GNorm = 0.2317, lr_0 = 6.3478e-04
Loss = 2.2916e-03, PNorm = 86.4575, GNorm = 0.1092, lr_0 = 6.3448e-04
Loss = 2.6341e-03, PNorm = 86.4655, GNorm = 0.1353, lr_0 = 6.3419e-04
Loss = 3.5562e-03, PNorm = 86.4702, GNorm = 0.1742, lr_0 = 6.3389e-04
Loss = 3.9981e-03, PNorm = 86.4798, GNorm = 0.1426, lr_0 = 6.3360e-04
Loss = 4.2694e-03, PNorm = 86.4869, GNorm = 0.1424, lr_0 = 6.3331e-04
Loss = 2.5903e-03, PNorm = 86.4908, GNorm = 0.1366, lr_0 = 6.3301e-04
Loss = 2.6230e-03, PNorm = 86.4938, GNorm = 0.2960, lr_0 = 6.3272e-04
Loss = 1.8875e-03, PNorm = 86.5008, GNorm = 0.1389, lr_0 = 6.3243e-04
Loss = 3.2287e-03, PNorm = 86.5100, GNorm = 0.0524, lr_0 = 6.3213e-04
Loss = 2.4579e-03, PNorm = 86.5165, GNorm = 0.1091, lr_0 = 6.3184e-04
Loss = 2.1218e-03, PNorm = 86.5206, GNorm = 0.1774, lr_0 = 6.3155e-04
Loss = 2.0802e-03, PNorm = 86.5261, GNorm = 0.1023, lr_0 = 6.3126e-04
Loss = 1.9332e-03, PNorm = 86.5299, GNorm = 0.2121, lr_0 = 6.3096e-04
Loss = 1.8719e-03, PNorm = 86.5326, GNorm = 0.2649, lr_0 = 6.3067e-04
Loss = 2.3723e-03, PNorm = 86.5377, GNorm = 0.0640, lr_0 = 6.3038e-04
Loss = 2.3484e-03, PNorm = 86.5446, GNorm = 0.0795, lr_0 = 6.3009e-04
Loss = 2.1485e-03, PNorm = 86.5484, GNorm = 0.1111, lr_0 = 6.2979e-04
Loss = 1.9928e-03, PNorm = 86.5557, GNorm = 0.3730, lr_0 = 6.2950e-04
Loss = 4.9245e-03, PNorm = 86.5604, GNorm = 0.2189, lr_0 = 6.2921e-04
Loss = 3.4028e-03, PNorm = 86.5682, GNorm = 0.4310, lr_0 = 6.2892e-04
Loss = 3.0640e-03, PNorm = 86.5775, GNorm = 0.5607, lr_0 = 6.2863e-04
Loss = 3.3751e-03, PNorm = 86.5830, GNorm = 0.1511, lr_0 = 6.2834e-04
Loss = 2.3524e-03, PNorm = 86.5867, GNorm = 0.1594, lr_0 = 6.2805e-04
Loss = 4.3678e-03, PNorm = 86.5939, GNorm = 0.1111, lr_0 = 6.2775e-04
Loss = 4.0121e-03, PNorm = 86.5995, GNorm = 0.1323, lr_0 = 6.2746e-04
Loss = 4.1171e-03, PNorm = 86.6087, GNorm = 0.1859, lr_0 = 6.2717e-04
Loss = 2.3529e-03, PNorm = 86.6181, GNorm = 0.0697, lr_0 = 6.2688e-04
Loss = 2.6440e-03, PNorm = 86.6204, GNorm = 0.2684, lr_0 = 6.2659e-04
Loss = 3.9036e-03, PNorm = 86.6221, GNorm = 0.4799, lr_0 = 6.2630e-04
Loss = 3.0359e-03, PNorm = 86.6287, GNorm = 0.3075, lr_0 = 6.2601e-04
Loss = 2.1611e-03, PNorm = 86.6342, GNorm = 0.1203, lr_0 = 6.2572e-04
Loss = 3.4104e-03, PNorm = 86.6422, GNorm = 0.0820, lr_0 = 6.2543e-04
Loss = 4.4741e-03, PNorm = 86.6492, GNorm = 0.5602, lr_0 = 6.2514e-04
Loss = 3.5339e-03, PNorm = 86.6633, GNorm = 0.1687, lr_0 = 6.2485e-04
Loss = 3.9666e-03, PNorm = 86.6705, GNorm = 0.3753, lr_0 = 6.2456e-04
Loss = 2.7976e-03, PNorm = 86.6746, GNorm = 0.2804, lr_0 = 6.2427e-04
Loss = 2.5213e-03, PNorm = 86.6836, GNorm = 0.0671, lr_0 = 6.2398e-04
Loss = 3.2962e-03, PNorm = 86.6906, GNorm = 0.1025, lr_0 = 6.2370e-04
Loss = 3.7004e-03, PNorm = 86.6976, GNorm = 0.2641, lr_0 = 6.2341e-04
Loss = 4.8891e-03, PNorm = 86.7043, GNorm = 0.2919, lr_0 = 6.2312e-04
Loss = 3.0732e-03, PNorm = 86.7144, GNorm = 0.2060, lr_0 = 6.2283e-04
Loss = 3.4463e-03, PNorm = 86.7209, GNorm = 0.1401, lr_0 = 6.2254e-04
Loss = 3.0603e-03, PNorm = 86.7294, GNorm = 0.2372, lr_0 = 6.2225e-04
Loss = 2.1361e-03, PNorm = 86.7352, GNorm = 0.1911, lr_0 = 6.2196e-04
Loss = 4.2997e-03, PNorm = 86.7418, GNorm = 0.1863, lr_0 = 6.2168e-04
Loss = 1.6988e-03, PNorm = 86.7494, GNorm = 0.0878, lr_0 = 6.2139e-04
Loss = 4.2126e-03, PNorm = 86.7582, GNorm = 0.3540, lr_0 = 6.2110e-04
Loss = 3.9639e-03, PNorm = 86.7599, GNorm = 0.2296, lr_0 = 6.2081e-04
Loss = 4.1606e-03, PNorm = 86.7728, GNorm = 0.2135, lr_0 = 6.2052e-04
Loss = 3.1016e-03, PNorm = 86.7812, GNorm = 0.2111, lr_0 = 6.2024e-04
Loss = 2.7179e-03, PNorm = 86.7854, GNorm = 0.1248, lr_0 = 6.1995e-04
Loss = 3.1081e-03, PNorm = 86.7902, GNorm = 0.2494, lr_0 = 6.1966e-04
Loss = 4.0973e-03, PNorm = 86.7985, GNorm = 0.3839, lr_0 = 6.1937e-04
Loss = 2.5634e-03, PNorm = 86.8070, GNorm = 0.2051, lr_0 = 6.1909e-04
Loss = 3.5730e-03, PNorm = 86.8164, GNorm = 0.1710, lr_0 = 6.1880e-04
Loss = 3.8028e-03, PNorm = 86.8253, GNorm = 0.1408, lr_0 = 6.1851e-04
Loss = 3.5034e-03, PNorm = 86.8326, GNorm = 0.0849, lr_0 = 6.1823e-04
Loss = 3.1771e-03, PNorm = 86.8395, GNorm = 0.1751, lr_0 = 6.1794e-04
Loss = 2.5348e-03, PNorm = 86.8446, GNorm = 0.2330, lr_0 = 6.1765e-04
Loss = 3.1060e-03, PNorm = 86.8483, GNorm = 0.2293, lr_0 = 6.1737e-04
Loss = 2.3923e-03, PNorm = 86.8538, GNorm = 0.0816, lr_0 = 6.1708e-04
Loss = 3.6738e-03, PNorm = 86.8593, GNorm = 0.1500, lr_0 = 6.1680e-04
Loss = 2.1980e-03, PNorm = 86.8645, GNorm = 0.1356, lr_0 = 6.1651e-04
Loss = 2.5143e-03, PNorm = 86.8685, GNorm = 0.0507, lr_0 = 6.1623e-04
Loss = 2.0653e-03, PNorm = 86.8735, GNorm = 0.2623, lr_0 = 6.1594e-04
Loss = 1.5023e-03, PNorm = 86.8796, GNorm = 0.2073, lr_0 = 6.1565e-04
Loss = 1.5855e-03, PNorm = 86.8860, GNorm = 0.1297, lr_0 = 6.1537e-04
Loss = 1.6307e-03, PNorm = 86.8899, GNorm = 0.0880, lr_0 = 6.1508e-04
Loss = 2.1450e-03, PNorm = 86.8936, GNorm = 0.1577, lr_0 = 6.1480e-04
Loss = 3.4164e-03, PNorm = 86.8980, GNorm = 0.1398, lr_0 = 6.1451e-04
Loss = 2.0469e-03, PNorm = 86.9061, GNorm = 0.0994, lr_0 = 6.1423e-04
Loss = 3.4188e-03, PNorm = 86.9118, GNorm = 0.1009, lr_0 = 6.1394e-04
Loss = 2.0017e-03, PNorm = 86.9166, GNorm = 0.1292, lr_0 = 6.1366e-04
Loss = 3.6787e-03, PNorm = 86.9182, GNorm = 0.1577, lr_0 = 6.1338e-04
Loss = 3.7429e-03, PNorm = 86.9240, GNorm = 0.3679, lr_0 = 6.1309e-04
Loss = 3.0424e-03, PNorm = 86.9291, GNorm = 0.4206, lr_0 = 6.1281e-04
Loss = 2.9836e-03, PNorm = 86.9352, GNorm = 0.1013, lr_0 = 6.1252e-04
Loss = 2.5124e-03, PNorm = 86.9421, GNorm = 0.0794, lr_0 = 6.1224e-04
Loss = 2.9665e-03, PNorm = 86.9479, GNorm = 0.1127, lr_0 = 6.1196e-04
Loss = 4.2282e-03, PNorm = 86.9581, GNorm = 0.2014, lr_0 = 6.1167e-04
Loss = 3.0377e-03, PNorm = 86.9644, GNorm = 0.1340, lr_0 = 6.1139e-04
Loss = 1.6127e-03, PNorm = 86.9709, GNorm = 0.0927, lr_0 = 6.1111e-04
Loss = 1.8031e-03, PNorm = 86.9766, GNorm = 0.1374, lr_0 = 6.1082e-04
Loss = 1.4271e-03, PNorm = 86.9781, GNorm = 0.0926, lr_0 = 6.1054e-04
Loss = 3.3680e-03, PNorm = 86.9798, GNorm = 0.2344, lr_0 = 6.1026e-04
Loss = 2.3517e-03, PNorm = 86.9832, GNorm = 0.0393, lr_0 = 6.0997e-04
Loss = 2.6255e-03, PNorm = 86.9884, GNorm = 0.1355, lr_0 = 6.0969e-04
Loss = 2.7937e-03, PNorm = 86.9936, GNorm = 0.2268, lr_0 = 6.0941e-04
Loss = 3.5829e-03, PNorm = 86.9972, GNorm = 0.0965, lr_0 = 6.0913e-04
Loss = 3.2691e-03, PNorm = 87.0023, GNorm = 0.2088, lr_0 = 6.0884e-04
Loss = 2.6882e-03, PNorm = 87.0120, GNorm = 0.1160, lr_0 = 6.0856e-04
Loss = 2.5972e-03, PNorm = 87.0172, GNorm = 0.3000, lr_0 = 6.0828e-04
Loss = 3.4157e-03, PNorm = 87.0229, GNorm = 0.1433, lr_0 = 6.0800e-04
Loss = 2.6905e-03, PNorm = 87.0264, GNorm = 0.2334, lr_0 = 6.0772e-04
Loss = 3.8211e-03, PNorm = 87.0303, GNorm = 0.2624, lr_0 = 6.0744e-04
Loss = 1.7991e-03, PNorm = 87.0379, GNorm = 0.2728, lr_0 = 6.0715e-04
Loss = 2.6236e-03, PNorm = 87.0417, GNorm = 0.0971, lr_0 = 6.0687e-04
Loss = 3.1195e-03, PNorm = 87.0450, GNorm = 0.1253, lr_0 = 6.0659e-04
Loss = 4.4089e-03, PNorm = 87.0506, GNorm = 0.0636, lr_0 = 6.0631e-04
Loss = 1.8542e-03, PNorm = 87.0530, GNorm = 0.0609, lr_0 = 6.0603e-04
Loss = 2.4896e-03, PNorm = 87.0587, GNorm = 0.1374, lr_0 = 6.0575e-04
Loss = 3.9183e-03, PNorm = 87.0646, GNorm = 0.3137, lr_0 = 6.0547e-04
Loss = 4.4620e-03, PNorm = 87.0732, GNorm = 0.1423, lr_0 = 6.0519e-04
Loss = 2.2444e-03, PNorm = 87.0786, GNorm = 0.1937, lr_0 = 6.0491e-04
Loss = 3.0583e-03, PNorm = 87.0844, GNorm = 0.3898, lr_0 = 6.0463e-04
Loss = 2.0320e-03, PNorm = 87.0938, GNorm = 0.1470, lr_0 = 6.0435e-04
Loss = 4.4791e-03, PNorm = 87.0986, GNorm = 0.1473, lr_0 = 6.0407e-04
Loss = 2.5248e-03, PNorm = 87.1071, GNorm = 0.0760, lr_0 = 6.0379e-04
Loss = 2.1834e-03, PNorm = 87.1112, GNorm = 0.1954, lr_0 = 6.0351e-04
Loss = 2.6801e-03, PNorm = 87.1169, GNorm = 0.1316, lr_0 = 6.0323e-04
Loss = 3.1202e-03, PNorm = 87.1195, GNorm = 0.1218, lr_0 = 6.0295e-04
Loss = 2.4024e-03, PNorm = 87.1236, GNorm = 0.1340, lr_0 = 6.0267e-04
Loss = 1.9687e-03, PNorm = 87.1303, GNorm = 0.1284, lr_0 = 6.0239e-04
Loss = 1.6155e-03, PNorm = 87.1365, GNorm = 0.1814, lr_0 = 6.0211e-04
Loss = 1.6575e-03, PNorm = 87.1379, GNorm = 0.1624, lr_0 = 6.0183e-04
Loss = 1.8617e-03, PNorm = 87.1432, GNorm = 0.1141, lr_0 = 6.0155e-04
Loss = 1.2593e-03, PNorm = 87.1494, GNorm = 0.1581, lr_0 = 6.0127e-04
Loss = 3.4249e-03, PNorm = 87.1552, GNorm = 0.1838, lr_0 = 6.0100e-04
Loss = 1.7303e-03, PNorm = 87.1613, GNorm = 0.2257, lr_0 = 6.0072e-04
Loss = 2.5003e-03, PNorm = 87.1674, GNorm = 0.1479, lr_0 = 6.0044e-04
Loss = 1.9682e-03, PNorm = 87.1704, GNorm = 0.3408, lr_0 = 6.0016e-04
Loss = 1.8329e-03, PNorm = 87.1785, GNorm = 0.1147, lr_0 = 5.9988e-04
Loss = 2.2722e-03, PNorm = 87.1791, GNorm = 0.1795, lr_0 = 5.9960e-04
Loss = 2.3051e-03, PNorm = 87.1801, GNorm = 0.1427, lr_0 = 5.9933e-04
Loss = 3.1197e-03, PNorm = 87.1837, GNorm = 0.0739, lr_0 = 5.9905e-04
Loss = 3.3540e-03, PNorm = 87.1860, GNorm = 0.1772, lr_0 = 5.9877e-04
Loss = 3.6864e-03, PNorm = 87.1905, GNorm = 0.1070, lr_0 = 5.9849e-04
Loss = 3.8301e-03, PNorm = 87.1974, GNorm = 0.2630, lr_0 = 5.9822e-04
Loss = 2.5747e-03, PNorm = 87.2040, GNorm = 0.1798, lr_0 = 5.9794e-04
Loss = 3.5638e-03, PNorm = 87.2117, GNorm = 0.2715, lr_0 = 5.9766e-04
Loss = 2.0727e-03, PNorm = 87.2152, GNorm = 0.1610, lr_0 = 5.9739e-04
Loss = 2.5224e-03, PNorm = 87.2228, GNorm = 0.1242, lr_0 = 5.9711e-04
Loss = 1.9651e-03, PNorm = 87.2292, GNorm = 0.2839, lr_0 = 5.9683e-04
Loss = 2.7308e-03, PNorm = 87.2353, GNorm = 0.1992, lr_0 = 5.9656e-04
Loss = 2.2868e-03, PNorm = 87.2393, GNorm = 0.2112, lr_0 = 5.9628e-04
Loss = 2.4866e-03, PNorm = 87.2447, GNorm = 0.1084, lr_0 = 5.9600e-04
Loss = 1.6731e-03, PNorm = 87.2451, GNorm = 0.1441, lr_0 = 5.9573e-04
Loss = 3.4017e-03, PNorm = 87.2479, GNorm = 0.2731, lr_0 = 5.9545e-04
Loss = 1.8567e-03, PNorm = 87.2521, GNorm = 0.1414, lr_0 = 5.9518e-04
Loss = 2.3654e-03, PNorm = 87.2552, GNorm = 0.1315, lr_0 = 5.9490e-04
Loss = 1.2632e-03, PNorm = 87.2591, GNorm = 0.1299, lr_0 = 5.9462e-04
Loss = 2.6291e-03, PNorm = 87.2641, GNorm = 0.0938, lr_0 = 5.9435e-04
Loss = 1.9077e-03, PNorm = 87.2673, GNorm = 0.0814, lr_0 = 5.9407e-04
Loss = 1.3110e-03, PNorm = 87.2709, GNorm = 0.0828, lr_0 = 5.9380e-04
Loss = 2.2685e-03, PNorm = 87.2760, GNorm = 0.0723, lr_0 = 5.9352e-04
Loss = 2.5267e-03, PNorm = 87.2792, GNorm = 0.1504, lr_0 = 5.9325e-04
Loss = 1.5326e-03, PNorm = 87.2832, GNorm = 0.1552, lr_0 = 5.9297e-04
Loss = 1.9175e-03, PNorm = 87.2891, GNorm = 0.1128, lr_0 = 5.9270e-04
Loss = 3.1350e-03, PNorm = 87.2936, GNorm = 0.2317, lr_0 = 5.9242e-04
Loss = 2.1207e-03, PNorm = 87.2982, GNorm = 0.2403, lr_0 = 5.9215e-04
Loss = 2.1349e-03, PNorm = 87.3011, GNorm = 0.0848, lr_0 = 5.9187e-04
Loss = 3.2096e-03, PNorm = 87.3046, GNorm = 0.4965, lr_0 = 5.9160e-04
Loss = 1.9494e-03, PNorm = 87.3096, GNorm = 0.1625, lr_0 = 5.9133e-04
Loss = 1.9609e-03, PNorm = 87.3166, GNorm = 0.0909, lr_0 = 5.9105e-04
Loss = 1.3676e-03, PNorm = 87.3212, GNorm = 0.0670, lr_0 = 5.9078e-04
Loss = 1.7822e-03, PNorm = 87.3224, GNorm = 0.1060, lr_0 = 5.9050e-04
Loss = 2.5603e-03, PNorm = 87.3230, GNorm = 0.1978, lr_0 = 5.9023e-04
Loss = 1.6732e-03, PNorm = 87.3241, GNorm = 0.0811, lr_0 = 5.8996e-04
Loss = 3.4546e-03, PNorm = 87.3309, GNorm = 0.4285, lr_0 = 5.8968e-04
Loss = 1.9885e-03, PNorm = 87.3369, GNorm = 0.2033, lr_0 = 5.8941e-04
Loss = 3.7552e-03, PNorm = 87.3444, GNorm = 0.2643, lr_0 = 5.8914e-04
Loss = 2.4003e-03, PNorm = 87.3520, GNorm = 0.2440, lr_0 = 5.8886e-04
Loss = 3.3416e-03, PNorm = 87.3582, GNorm = 0.1753, lr_0 = 5.8859e-04
Loss = 4.2335e-03, PNorm = 87.3634, GNorm = 0.2627, lr_0 = 5.8832e-04
Loss = 2.7464e-03, PNorm = 87.3681, GNorm = 0.3940, lr_0 = 5.8805e-04
Loss = 2.2884e-03, PNorm = 87.3757, GNorm = 0.0814, lr_0 = 5.8777e-04
Loss = 2.5868e-03, PNorm = 87.3820, GNorm = 0.2422, lr_0 = 5.8750e-04
Loss = 2.8477e-03, PNorm = 87.3883, GNorm = 0.1268, lr_0 = 5.8723e-04
Loss = 3.9514e-03, PNorm = 87.3935, GNorm = 0.2174, lr_0 = 5.8696e-04
Loss = 2.9271e-03, PNorm = 87.4007, GNorm = 0.1188, lr_0 = 5.8669e-04
Loss = 3.6935e-03, PNorm = 87.4083, GNorm = 0.3251, lr_0 = 5.8641e-04
Loss = 3.9196e-03, PNorm = 87.4150, GNorm = 0.0808, lr_0 = 5.8614e-04
Loss = 2.2953e-03, PNorm = 87.4228, GNorm = 0.3066, lr_0 = 5.8587e-04
Loss = 4.1362e-03, PNorm = 87.4260, GNorm = 0.1833, lr_0 = 5.8560e-04
Loss = 2.4220e-03, PNorm = 87.4326, GNorm = 0.2250, lr_0 = 5.8533e-04
Loss = 3.4718e-03, PNorm = 87.4426, GNorm = 0.4005, lr_0 = 5.8506e-04
Loss = 3.7267e-03, PNorm = 87.4519, GNorm = 0.2004, lr_0 = 5.8479e-04
Loss = 3.8423e-03, PNorm = 87.4590, GNorm = 0.3647, lr_0 = 5.8451e-04
Loss = 2.8894e-03, PNorm = 87.4682, GNorm = 0.1630, lr_0 = 5.8424e-04
Loss = 3.9503e-03, PNorm = 87.4807, GNorm = 0.2855, lr_0 = 5.8397e-04
Loss = 2.3898e-03, PNorm = 87.4885, GNorm = 0.2393, lr_0 = 5.8370e-04
Loss = 3.1161e-03, PNorm = 87.4945, GNorm = 0.1700, lr_0 = 5.8343e-04
Loss = 2.7880e-03, PNorm = 87.4998, GNorm = 0.1345, lr_0 = 5.8316e-04
Loss = 2.8480e-03, PNorm = 87.5055, GNorm = 0.1153, lr_0 = 5.8289e-04
Loss = 2.6633e-03, PNorm = 87.5127, GNorm = 0.2280, lr_0 = 5.8262e-04
Loss = 2.8819e-03, PNorm = 87.5192, GNorm = 0.0761, lr_0 = 5.8235e-04
Loss = 3.9500e-03, PNorm = 87.5227, GNorm = 0.1406, lr_0 = 5.8208e-04
Loss = 1.7213e-03, PNorm = 87.5251, GNorm = 0.2181, lr_0 = 5.8181e-04
Loss = 2.0447e-03, PNorm = 87.5328, GNorm = 0.1328, lr_0 = 5.8154e-04
Loss = 3.2276e-03, PNorm = 87.5376, GNorm = 0.1182, lr_0 = 5.8127e-04
Loss = 3.3364e-03, PNorm = 87.5427, GNorm = 0.4543, lr_0 = 5.8100e-04
Loss = 4.3408e-03, PNorm = 87.5474, GNorm = 0.1005, lr_0 = 5.8073e-04
Loss = 3.0994e-03, PNorm = 87.5520, GNorm = 0.3437, lr_0 = 5.8047e-04
Loss = 3.0336e-03, PNorm = 87.5630, GNorm = 0.2462, lr_0 = 5.8020e-04
Loss = 2.9813e-03, PNorm = 87.5712, GNorm = 0.4101, lr_0 = 5.7993e-04
Loss = 2.3916e-03, PNorm = 87.5771, GNorm = 0.1478, lr_0 = 5.7966e-04
Loss = 2.7479e-03, PNorm = 87.5837, GNorm = 0.2343, lr_0 = 5.7939e-04
Loss = 2.6433e-03, PNorm = 87.5892, GNorm = 0.0980, lr_0 = 5.7912e-04
Loss = 1.6121e-03, PNorm = 87.5962, GNorm = 0.0682, lr_0 = 5.7885e-04
Loss = 3.5056e-03, PNorm = 87.6035, GNorm = 0.3131, lr_0 = 5.7859e-04
Loss = 2.4234e-03, PNorm = 87.6054, GNorm = 0.1942, lr_0 = 5.7832e-04
Loss = 1.9450e-03, PNorm = 87.6085, GNorm = 0.2317, lr_0 = 5.7805e-04
Loss = 3.3109e-03, PNorm = 87.6145, GNorm = 0.1312, lr_0 = 5.7778e-04
Loss = 2.5552e-03, PNorm = 87.6229, GNorm = 0.2593, lr_0 = 5.7751e-04
Loss = 4.7880e-03, PNorm = 87.6241, GNorm = 0.1579, lr_0 = 5.7725e-04
Loss = 3.2192e-03, PNorm = 87.6320, GNorm = 0.1635, lr_0 = 5.7698e-04
Loss = 1.9519e-03, PNorm = 87.6401, GNorm = 0.1236, lr_0 = 5.7671e-04
Loss = 4.5562e-03, PNorm = 87.6429, GNorm = 0.0856, lr_0 = 5.7644e-04
Loss = 2.2891e-03, PNorm = 87.6472, GNorm = 0.0855, lr_0 = 5.7618e-04
Loss = 3.0677e-03, PNorm = 87.6534, GNorm = 0.1610, lr_0 = 5.7591e-04
Loss = 2.3670e-03, PNorm = 87.6601, GNorm = 0.1593, lr_0 = 5.7564e-04
Loss = 2.5562e-03, PNorm = 87.6661, GNorm = 0.3178, lr_0 = 5.7538e-04
Loss = 2.5187e-03, PNorm = 87.6718, GNorm = 0.1272, lr_0 = 5.7511e-04
Loss = 2.7529e-03, PNorm = 87.6743, GNorm = 0.1253, lr_0 = 5.7484e-04
Loss = 1.6822e-03, PNorm = 87.6753, GNorm = 0.1715, lr_0 = 5.7458e-04
Loss = 4.0172e-03, PNorm = 87.6774, GNorm = 0.2417, lr_0 = 5.7431e-04
Loss = 1.6158e-03, PNorm = 87.6810, GNorm = 0.0570, lr_0 = 5.7405e-04
Loss = 2.5143e-03, PNorm = 87.6885, GNorm = 0.0452, lr_0 = 5.7378e-04
Loss = 2.3335e-03, PNorm = 87.6944, GNorm = 0.1922, lr_0 = 5.7351e-04
Loss = 2.5378e-03, PNorm = 87.6994, GNorm = 0.2187, lr_0 = 5.7325e-04
Loss = 2.1884e-03, PNorm = 87.7033, GNorm = 0.2373, lr_0 = 5.7298e-04
Loss = 2.6654e-03, PNorm = 87.7058, GNorm = 0.0798, lr_0 = 5.7272e-04
Loss = 2.4446e-03, PNorm = 87.7106, GNorm = 0.2940, lr_0 = 5.7245e-04
Loss = 3.2679e-03, PNorm = 87.7166, GNorm = 0.1659, lr_0 = 5.7219e-04
Loss = 2.0489e-03, PNorm = 87.7273, GNorm = 0.2113, lr_0 = 5.7192e-04
Loss = 2.8042e-03, PNorm = 87.7336, GNorm = 0.0824, lr_0 = 5.7166e-04
Loss = 2.8410e-03, PNorm = 87.7378, GNorm = 0.1404, lr_0 = 5.7139e-04
Loss = 2.9167e-03, PNorm = 87.7456, GNorm = 0.1335, lr_0 = 5.7113e-04
Loss = 4.0474e-03, PNorm = 87.7499, GNorm = 0.2509, lr_0 = 5.7086e-04
Loss = 2.6534e-03, PNorm = 87.7551, GNorm = 0.0596, lr_0 = 5.7060e-04
Loss = 3.3915e-03, PNorm = 87.7602, GNorm = 0.1788, lr_0 = 5.7033e-04
Loss = 2.5309e-03, PNorm = 87.7647, GNorm = 0.0615, lr_0 = 5.7007e-04
Loss = 1.5619e-03, PNorm = 87.7675, GNorm = 0.1074, lr_0 = 5.6980e-04
Loss = 1.6901e-03, PNorm = 87.7722, GNorm = 0.1582, lr_0 = 5.6954e-04
Loss = 1.8672e-03, PNorm = 87.7767, GNorm = 0.0825, lr_0 = 5.6928e-04
Loss = 1.4530e-03, PNorm = 87.7782, GNorm = 0.2785, lr_0 = 5.6901e-04
Loss = 2.9385e-03, PNorm = 87.7819, GNorm = 0.4410, lr_0 = 5.6875e-04
Loss = 2.3985e-03, PNorm = 87.7859, GNorm = 0.0915, lr_0 = 5.6849e-04
Loss = 2.8288e-03, PNorm = 87.7895, GNorm = 0.3050, lr_0 = 5.6822e-04
Loss = 2.4595e-03, PNorm = 87.7937, GNorm = 0.3040, lr_0 = 5.6796e-04
Loss = 2.3484e-03, PNorm = 87.8011, GNorm = 0.2801, lr_0 = 5.6770e-04
Loss = 2.7262e-03, PNorm = 87.8033, GNorm = 0.2143, lr_0 = 5.6743e-04
Loss = 1.5632e-03, PNorm = 87.8077, GNorm = 0.2223, lr_0 = 5.6717e-04
Loss = 2.2493e-03, PNorm = 87.8127, GNorm = 0.0826, lr_0 = 5.6691e-04
Loss = 2.9113e-03, PNorm = 87.8199, GNorm = 0.1475, lr_0 = 5.6664e-04
Loss = 4.7894e-03, PNorm = 87.8254, GNorm = 0.2649, lr_0 = 5.6638e-04
Loss = 3.2800e-03, PNorm = 87.8319, GNorm = 0.0957, lr_0 = 5.6612e-04
Loss = 3.8635e-03, PNorm = 87.8369, GNorm = 0.1181, lr_0 = 5.6586e-04
Loss = 2.4533e-03, PNorm = 87.8472, GNorm = 0.0911, lr_0 = 5.6560e-04
Loss = 1.9801e-03, PNorm = 87.8534, GNorm = 0.2807, lr_0 = 5.6533e-04
Loss = 2.5384e-03, PNorm = 87.8546, GNorm = 0.1244, lr_0 = 5.6507e-04
Loss = 2.7932e-03, PNorm = 87.8620, GNorm = 0.0760, lr_0 = 5.6481e-04
Loss = 3.7377e-03, PNorm = 87.8682, GNorm = 0.1334, lr_0 = 5.6455e-04
Loss = 3.5967e-03, PNorm = 87.8702, GNorm = 0.1742, lr_0 = 5.6429e-04
Loss = 2.4018e-03, PNorm = 87.8725, GNorm = 0.2035, lr_0 = 5.6402e-04
Loss = 2.4732e-03, PNorm = 87.8788, GNorm = 0.1545, lr_0 = 5.6376e-04
Loss = 1.4688e-03, PNorm = 87.8836, GNorm = 0.1467, lr_0 = 5.6350e-04
Loss = 2.1347e-03, PNorm = 87.8873, GNorm = 0.0819, lr_0 = 5.6324e-04
Loss = 2.4438e-03, PNorm = 87.8909, GNorm = 0.0477, lr_0 = 5.6298e-04
Loss = 2.6180e-03, PNorm = 87.8962, GNorm = 0.0790, lr_0 = 5.6272e-04
Loss = 3.2012e-03, PNorm = 87.9017, GNorm = 0.6688, lr_0 = 5.6246e-04
Loss = 2.3563e-03, PNorm = 87.9090, GNorm = 0.1121, lr_0 = 5.6220e-04
Loss = 2.9666e-03, PNorm = 87.9119, GNorm = 0.2075, lr_0 = 5.6194e-04
Loss = 2.8648e-03, PNorm = 87.9157, GNorm = 0.2412, lr_0 = 5.6168e-04
Loss = 2.9310e-03, PNorm = 87.9213, GNorm = 0.2160, lr_0 = 5.6142e-04
Loss = 1.6780e-03, PNorm = 87.9250, GNorm = 0.0704, lr_0 = 5.6116e-04
Loss = 3.9218e-03, PNorm = 87.9316, GNorm = 0.1633, lr_0 = 5.6090e-04
Loss = 2.6145e-03, PNorm = 87.9394, GNorm = 0.1659, lr_0 = 5.6064e-04
Loss = 4.2104e-03, PNorm = 87.9409, GNorm = 0.3215, lr_0 = 5.6038e-04
Loss = 3.4922e-03, PNorm = 87.9478, GNorm = 0.0686, lr_0 = 5.6012e-04
Loss = 2.0154e-03, PNorm = 87.9520, GNorm = 0.3313, lr_0 = 5.5986e-04
Loss = 2.4293e-03, PNorm = 87.9583, GNorm = 0.1745, lr_0 = 5.5960e-04
Loss = 2.0085e-03, PNorm = 87.9653, GNorm = 0.0764, lr_0 = 5.5934e-04
Loss = 2.8645e-03, PNorm = 87.9729, GNorm = 0.1163, lr_0 = 5.5908e-04
Loss = 3.4481e-03, PNorm = 87.9756, GNorm = 0.1185, lr_0 = 5.5882e-04
Loss = 3.2607e-03, PNorm = 87.9787, GNorm = 0.0851, lr_0 = 5.5856e-04
Loss = 2.5767e-03, PNorm = 87.9850, GNorm = 0.1180, lr_0 = 5.5830e-04
Loss = 3.1848e-03, PNorm = 87.9943, GNorm = 0.2042, lr_0 = 5.5804e-04
Loss = 1.9243e-03, PNorm = 87.9959, GNorm = 0.2048, lr_0 = 5.5779e-04
Loss = 3.9960e-03, PNorm = 88.0012, GNorm = 0.1240, lr_0 = 5.5753e-04
Loss = 2.9180e-03, PNorm = 88.0106, GNorm = 0.4335, lr_0 = 5.5727e-04
Loss = 2.4506e-03, PNorm = 88.0196, GNorm = 0.1793, lr_0 = 5.5701e-04
Loss = 2.2278e-03, PNorm = 88.0231, GNorm = 0.2027, lr_0 = 5.5675e-04
Loss = 2.4258e-03, PNorm = 88.0271, GNorm = 0.2360, lr_0 = 5.5650e-04
Loss = 2.7646e-03, PNorm = 88.0300, GNorm = 0.1313, lr_0 = 5.5624e-04
Loss = 2.3179e-03, PNorm = 88.0352, GNorm = 0.2071, lr_0 = 5.5598e-04
Loss = 2.0723e-03, PNorm = 88.0406, GNorm = 0.1134, lr_0 = 5.5572e-04
Loss = 3.1922e-03, PNorm = 88.0459, GNorm = 0.2551, lr_0 = 5.5546e-04
Loss = 5.3012e-03, PNorm = 88.0523, GNorm = 0.6934, lr_0 = 5.5521e-04
Loss = 2.6393e-03, PNorm = 88.0586, GNorm = 0.1759, lr_0 = 5.5495e-04
Loss = 3.0696e-03, PNorm = 88.0616, GNorm = 0.1348, lr_0 = 5.5469e-04
Loss = 2.5567e-03, PNorm = 88.0689, GNorm = 0.2535, lr_0 = 5.5444e-04
Loss = 3.1094e-03, PNorm = 88.0742, GNorm = 0.0849, lr_0 = 5.5418e-04
Loss = 1.7501e-03, PNorm = 88.0778, GNorm = 0.1029, lr_0 = 5.5392e-04
Loss = 2.2911e-03, PNorm = 88.0829, GNorm = 0.1072, lr_0 = 5.5367e-04
Loss = 2.2524e-03, PNorm = 88.0857, GNorm = 0.0992, lr_0 = 5.5341e-04
Loss = 3.4135e-03, PNorm = 88.0881, GNorm = 0.1787, lr_0 = 5.5315e-04
Loss = 2.4095e-03, PNorm = 88.0938, GNorm = 0.3205, lr_0 = 5.5290e-04
Loss = 3.1164e-03, PNorm = 88.1002, GNorm = 0.1448, lr_0 = 5.5264e-04
Loss = 3.4155e-03, PNorm = 88.1056, GNorm = 0.2148, lr_0 = 5.5238e-04
Loss = 3.3745e-03, PNorm = 88.1108, GNorm = 0.3699, lr_0 = 5.5213e-04
Loss = 1.8767e-03, PNorm = 88.1176, GNorm = 0.0870, lr_0 = 5.5187e-04
Loss = 2.8901e-03, PNorm = 88.1223, GNorm = 0.1430, lr_0 = 5.5162e-04
Loss = 2.0048e-03, PNorm = 88.1269, GNorm = 0.2009, lr_0 = 5.5136e-04
Loss = 3.4626e-03, PNorm = 88.1309, GNorm = 0.1712, lr_0 = 5.5111e-04
Loss = 1.7042e-03, PNorm = 88.1360, GNorm = 0.1158, lr_0 = 5.5085e-04
Loss = 5.1252e-03, PNorm = 88.1412, GNorm = 0.1936, lr_0 = 5.5060e-04
Loss = 3.3753e-03, PNorm = 88.1503, GNorm = 0.1808, lr_0 = 5.5034e-04
Loss = 2.7506e-03, PNorm = 88.1625, GNorm = 0.1393, lr_0 = 5.5009e-04
Loss = 3.3269e-03, PNorm = 88.1687, GNorm = 0.2505, lr_0 = 5.4983e-04
Loss = 2.8144e-03, PNorm = 88.1735, GNorm = 0.2308, lr_0 = 5.4958e-04
Loss = 1.6346e-03, PNorm = 88.1770, GNorm = 0.1431, lr_0 = 5.4932e-04
Loss = 2.6799e-03, PNorm = 88.1805, GNorm = 0.1171, lr_0 = 5.4907e-04
Loss = 3.4907e-03, PNorm = 88.1832, GNorm = 0.1283, lr_0 = 5.4881e-04
Loss = 2.6891e-03, PNorm = 88.1832, GNorm = 0.0431, lr_0 = 5.4856e-04
Loss = 2.5401e-03, PNorm = 88.1896, GNorm = 0.1591, lr_0 = 5.4830e-04
Loss = 1.7274e-03, PNorm = 88.1978, GNorm = 0.2076, lr_0 = 5.4805e-04
Loss = 2.9541e-03, PNorm = 88.2028, GNorm = 0.1426, lr_0 = 5.4780e-04
Loss = 1.9765e-03, PNorm = 88.2098, GNorm = 0.1854, lr_0 = 5.4754e-04
Loss = 1.4408e-03, PNorm = 88.2144, GNorm = 0.1060, lr_0 = 5.4729e-04
Loss = 1.3953e-03, PNorm = 88.2188, GNorm = 0.1102, lr_0 = 5.4703e-04
Loss = 2.7463e-03, PNorm = 88.2221, GNorm = 0.3146, lr_0 = 5.4678e-04
Loss = 2.2467e-03, PNorm = 88.2258, GNorm = 0.1389, lr_0 = 5.4653e-04
Loss = 2.9433e-03, PNorm = 88.2279, GNorm = 0.1653, lr_0 = 5.4627e-04
Loss = 2.9449e-03, PNorm = 88.2324, GNorm = 0.1243, lr_0 = 5.4602e-04
Loss = 3.3851e-03, PNorm = 88.2393, GNorm = 0.1153, lr_0 = 5.4577e-04
Loss = 2.5309e-03, PNorm = 88.2444, GNorm = 0.3423, lr_0 = 5.4552e-04
Loss = 2.4829e-03, PNorm = 88.2470, GNorm = 0.0742, lr_0 = 5.4526e-04
Loss = 2.9972e-03, PNorm = 88.2509, GNorm = 0.0733, lr_0 = 5.4501e-04
Loss = 2.1740e-03, PNorm = 88.2555, GNorm = 0.1993, lr_0 = 5.4476e-04
Loss = 3.1295e-03, PNorm = 88.2637, GNorm = 0.2327, lr_0 = 5.4451e-04
Loss = 1.6695e-03, PNorm = 88.2700, GNorm = 0.3410, lr_0 = 5.4425e-04
Loss = 2.3798e-03, PNorm = 88.2725, GNorm = 0.2660, lr_0 = 5.4400e-04
Loss = 2.8532e-03, PNorm = 88.2779, GNorm = 0.0894, lr_0 = 5.4375e-04
Loss = 3.5505e-03, PNorm = 88.2853, GNorm = 0.0802, lr_0 = 5.4350e-04
Loss = 2.1995e-03, PNorm = 88.2927, GNorm = 0.0562, lr_0 = 5.4325e-04
Loss = 2.6111e-03, PNorm = 88.3005, GNorm = 0.2646, lr_0 = 5.4299e-04
Loss = 3.5221e-03, PNorm = 88.3024, GNorm = 0.1575, lr_0 = 5.4274e-04
Loss = 4.0080e-03, PNorm = 88.3072, GNorm = 0.1603, lr_0 = 5.4249e-04
Loss = 1.9772e-03, PNorm = 88.3111, GNorm = 0.2540, lr_0 = 5.4224e-04
Loss = 1.4600e-03, PNorm = 88.3150, GNorm = 0.1325, lr_0 = 5.4199e-04
Loss = 2.1605e-03, PNorm = 88.3222, GNorm = 0.2791, lr_0 = 5.4174e-04
Loss = 2.1581e-03, PNorm = 88.3278, GNorm = 0.0990, lr_0 = 5.4149e-04
Loss = 2.7765e-03, PNorm = 88.3334, GNorm = 0.2124, lr_0 = 5.4123e-04
Loss = 3.0857e-03, PNorm = 88.3349, GNorm = 0.1956, lr_0 = 5.4098e-04
Loss = 2.8474e-03, PNorm = 88.3356, GNorm = 0.1781, lr_0 = 5.4073e-04
Loss = 2.8890e-03, PNorm = 88.3382, GNorm = 0.2732, lr_0 = 5.4048e-04
Loss = 2.3443e-03, PNorm = 88.3422, GNorm = 0.1265, lr_0 = 5.4023e-04
Loss = 2.2091e-03, PNorm = 88.3494, GNorm = 0.2208, lr_0 = 5.3998e-04
Loss = 3.2638e-03, PNorm = 88.3587, GNorm = 0.1193, lr_0 = 5.3973e-04
Loss = 2.1528e-03, PNorm = 88.3633, GNorm = 0.1141, lr_0 = 5.3948e-04
Loss = 3.4254e-03, PNorm = 88.3687, GNorm = 0.4211, lr_0 = 5.3923e-04
Loss = 1.9369e-03, PNorm = 88.3719, GNorm = 0.0951, lr_0 = 5.3898e-04
Loss = 1.5196e-03, PNorm = 88.3772, GNorm = 0.1745, lr_0 = 5.3873e-04
Loss = 2.2991e-03, PNorm = 88.3830, GNorm = 0.3371, lr_0 = 5.3848e-04
Loss = 2.3535e-03, PNorm = 88.3854, GNorm = 0.1478, lr_0 = 5.3823e-04
Loss = 1.4658e-03, PNorm = 88.3900, GNorm = 0.0568, lr_0 = 5.3798e-04
Loss = 2.3331e-03, PNorm = 88.3944, GNorm = 0.1189, lr_0 = 5.3773e-04
Loss = 1.6249e-03, PNorm = 88.3995, GNorm = 0.1295, lr_0 = 5.3749e-04
Loss = 3.7068e-03, PNorm = 88.4030, GNorm = 0.1545, lr_0 = 5.3724e-04
Loss = 2.4645e-03, PNorm = 88.4047, GNorm = 0.1188, lr_0 = 5.3699e-04
Loss = 2.6001e-03, PNorm = 88.4102, GNorm = 0.3204, lr_0 = 5.3674e-04
Loss = 2.5238e-03, PNorm = 88.4135, GNorm = 0.0882, lr_0 = 5.3649e-04
Loss = 2.8492e-03, PNorm = 88.4197, GNorm = 0.0775, lr_0 = 5.3624e-04
Loss = 2.6224e-03, PNorm = 88.4246, GNorm = 0.0457, lr_0 = 5.3599e-04
Loss = 3.0079e-03, PNorm = 88.4265, GNorm = 0.0495, lr_0 = 5.3574e-04
Loss = 3.4404e-03, PNorm = 88.4289, GNorm = 0.1244, lr_0 = 5.3550e-04
Loss = 2.0682e-03, PNorm = 88.4312, GNorm = 0.1879, lr_0 = 5.3525e-04
Loss = 1.6258e-03, PNorm = 88.4370, GNorm = 0.1763, lr_0 = 5.3500e-04
Loss = 2.1554e-03, PNorm = 88.4410, GNorm = 0.1731, lr_0 = 5.3475e-04
Loss = 3.4787e-03, PNorm = 88.4438, GNorm = 0.1549, lr_0 = 5.3450e-04
Loss = 2.4425e-03, PNorm = 88.4452, GNorm = 0.2874, lr_0 = 5.3426e-04
Loss = 2.4125e-03, PNorm = 88.4500, GNorm = 0.0888, lr_0 = 5.3401e-04
Loss = 1.9635e-03, PNorm = 88.4552, GNorm = 0.1532, lr_0 = 5.3376e-04
Loss = 4.8014e-03, PNorm = 88.4610, GNorm = 0.0534, lr_0 = 5.3351e-04
Loss = 1.8577e-03, PNorm = 88.4667, GNorm = 0.1508, lr_0 = 5.3327e-04
Loss = 1.1652e-03, PNorm = 88.4702, GNorm = 0.0997, lr_0 = 5.3302e-04
Loss = 1.7957e-03, PNorm = 88.4740, GNorm = 0.1431, lr_0 = 5.3277e-04
Loss = 1.7598e-03, PNorm = 88.4793, GNorm = 0.0959, lr_0 = 5.3253e-04
Loss = 4.4951e-03, PNorm = 88.4823, GNorm = 0.2455, lr_0 = 5.3228e-04
Loss = 2.7322e-03, PNorm = 88.4883, GNorm = 0.1672, lr_0 = 5.3203e-04
Loss = 3.1154e-03, PNorm = 88.4932, GNorm = 0.1785, lr_0 = 5.3179e-04
Loss = 2.5039e-03, PNorm = 88.4995, GNorm = 0.1159, lr_0 = 5.3154e-04
Loss = 2.2448e-03, PNorm = 88.5035, GNorm = 0.1974, lr_0 = 5.3129e-04
Loss = 2.8461e-03, PNorm = 88.5113, GNorm = 0.3704, lr_0 = 5.3105e-04
Loss = 3.2331e-03, PNorm = 88.5200, GNorm = 0.1726, lr_0 = 5.3080e-04
Loss = 2.1295e-03, PNorm = 88.5248, GNorm = 0.1258, lr_0 = 5.3056e-04
Loss = 1.8520e-03, PNorm = 88.5295, GNorm = 0.0993, lr_0 = 5.3031e-04
Loss = 1.9993e-03, PNorm = 88.5328, GNorm = 0.1195, lr_0 = 5.3006e-04
Loss = 2.0597e-03, PNorm = 88.5399, GNorm = 0.0702, lr_0 = 5.2982e-04
Loss = 2.1041e-03, PNorm = 88.5440, GNorm = 0.1055, lr_0 = 5.2957e-04
Loss = 1.8127e-03, PNorm = 88.5469, GNorm = 0.1252, lr_0 = 5.2933e-04
Loss = 2.1050e-03, PNorm = 88.5487, GNorm = 0.1617, lr_0 = 5.2908e-04
Loss = 1.6308e-03, PNorm = 88.5538, GNorm = 0.2739, lr_0 = 5.2884e-04
Loss = 2.7741e-03, PNorm = 88.5593, GNorm = 0.2629, lr_0 = 5.2859e-04
Loss = 2.3229e-03, PNorm = 88.5638, GNorm = 0.1693, lr_0 = 5.2835e-04
Loss = 2.4049e-03, PNorm = 88.5672, GNorm = 0.0668, lr_0 = 5.2810e-04
Loss = 1.5598e-03, PNorm = 88.5701, GNorm = 0.1318, lr_0 = 5.2786e-04
Loss = 3.6309e-03, PNorm = 88.5745, GNorm = 0.2025, lr_0 = 5.2761e-04
Loss = 3.0761e-03, PNorm = 88.5792, GNorm = 0.1210, lr_0 = 5.2737e-04
Loss = 2.5228e-03, PNorm = 88.5870, GNorm = 0.0850, lr_0 = 5.2713e-04
Loss = 2.8259e-03, PNorm = 88.5901, GNorm = 0.1400, lr_0 = 5.2688e-04
Loss = 2.2630e-03, PNorm = 88.5938, GNorm = 0.1159, lr_0 = 5.2664e-04
Loss = 2.1991e-03, PNorm = 88.5968, GNorm = 0.2726, lr_0 = 5.2639e-04
Loss = 1.4496e-03, PNorm = 88.6014, GNorm = 0.2133, lr_0 = 5.2615e-04
Loss = 2.4908e-03, PNorm = 88.6032, GNorm = 0.1227, lr_0 = 5.2590e-04
Loss = 3.4125e-03, PNorm = 88.6063, GNorm = 0.1212, lr_0 = 5.2566e-04
Loss = 2.7601e-03, PNorm = 88.6098, GNorm = 0.2003, lr_0 = 5.2542e-04
Loss = 2.6734e-03, PNorm = 88.6112, GNorm = 0.1472, lr_0 = 5.2517e-04
Loss = 2.6776e-03, PNorm = 88.6159, GNorm = 0.2784, lr_0 = 5.2493e-04
Loss = 2.9297e-03, PNorm = 88.6217, GNorm = 0.2757, lr_0 = 5.2469e-04
Loss = 3.7303e-03, PNorm = 88.6269, GNorm = 0.3207, lr_0 = 5.2444e-04
Loss = 3.8076e-03, PNorm = 88.6303, GNorm = 0.0925, lr_0 = 5.2420e-04
Loss = 2.2349e-03, PNorm = 88.6385, GNorm = 0.2703, lr_0 = 5.2396e-04
Loss = 2.4306e-03, PNorm = 88.6469, GNorm = 0.1254, lr_0 = 5.2372e-04
Loss = 2.7281e-03, PNorm = 88.6497, GNorm = 0.0713, lr_0 = 5.2347e-04
Loss = 2.6854e-03, PNorm = 88.6540, GNorm = 0.2957, lr_0 = 5.2323e-04
Loss = 1.8013e-03, PNorm = 88.6561, GNorm = 0.0499, lr_0 = 5.2299e-04
Loss = 2.4846e-03, PNorm = 88.6638, GNorm = 0.1423, lr_0 = 5.2275e-04
Loss = 2.5448e-03, PNorm = 88.6656, GNorm = 0.1805, lr_0 = 5.2250e-04
Loss = 1.7665e-03, PNorm = 88.6679, GNorm = 0.1295, lr_0 = 5.2226e-04
Loss = 3.1247e-03, PNorm = 88.6687, GNorm = 0.2506, lr_0 = 5.2202e-04
Loss = 3.4779e-03, PNorm = 88.6735, GNorm = 0.1810, lr_0 = 5.2178e-04
Loss = 1.8741e-03, PNorm = 88.6800, GNorm = 0.0649, lr_0 = 5.2154e-04
Loss = 1.9288e-03, PNorm = 88.6834, GNorm = 0.1067, lr_0 = 5.2129e-04
Loss = 2.9718e-03, PNorm = 88.6851, GNorm = 0.1458, lr_0 = 5.2105e-04
Loss = 3.1182e-03, PNorm = 88.6877, GNorm = 0.2969, lr_0 = 5.2081e-04
Loss = 1.3437e-03, PNorm = 88.6923, GNorm = 0.2613, lr_0 = 5.2057e-04
Loss = 2.2697e-03, PNorm = 88.6951, GNorm = 0.1072, lr_0 = 5.2033e-04
Loss = 2.3455e-03, PNorm = 88.7018, GNorm = 0.1265, lr_0 = 5.2009e-04
Loss = 1.9686e-03, PNorm = 88.7048, GNorm = 0.1377, lr_0 = 5.1985e-04
Loss = 2.0852e-03, PNorm = 88.7087, GNorm = 0.0561, lr_0 = 5.1961e-04
Loss = 2.3152e-03, PNorm = 88.7125, GNorm = 0.1518, lr_0 = 5.1937e-04
Loss = 3.0629e-03, PNorm = 88.7147, GNorm = 0.1764, lr_0 = 5.1912e-04
Loss = 2.2155e-03, PNorm = 88.7162, GNorm = 0.2163, lr_0 = 5.1888e-04
Loss = 3.0831e-03, PNorm = 88.7231, GNorm = 0.1529, lr_0 = 5.1864e-04
Loss = 1.4036e-03, PNorm = 88.7252, GNorm = 0.3751, lr_0 = 5.1840e-04
Loss = 4.0455e-03, PNorm = 88.7291, GNorm = 0.0972, lr_0 = 5.1816e-04
Loss = 1.1147e-03, PNorm = 88.7351, GNorm = 0.0659, lr_0 = 5.1792e-04
Loss = 3.0325e-03, PNorm = 88.7396, GNorm = 0.1541, lr_0 = 5.1768e-04
Loss = 1.5258e-03, PNorm = 88.7415, GNorm = 0.1280, lr_0 = 5.1744e-04
Loss = 2.4907e-03, PNorm = 88.7463, GNorm = 0.1309, lr_0 = 5.1720e-04
Loss = 1.5712e-03, PNorm = 88.7499, GNorm = 0.2356, lr_0 = 5.1696e-04
Loss = 2.3039e-03, PNorm = 88.7484, GNorm = 0.0508, lr_0 = 5.1672e-04
Loss = 2.3817e-03, PNorm = 88.7523, GNorm = 0.3126, lr_0 = 5.1649e-04
Loss = 1.9152e-03, PNorm = 88.7584, GNorm = 0.2617, lr_0 = 5.1625e-04
Loss = 2.4601e-03, PNorm = 88.7618, GNorm = 0.2811, lr_0 = 5.1601e-04
Loss = 1.9939e-03, PNorm = 88.7649, GNorm = 0.2459, lr_0 = 5.1577e-04
Loss = 3.4243e-03, PNorm = 88.7681, GNorm = 0.2462, lr_0 = 5.1553e-04
Loss = 1.5594e-03, PNorm = 88.7739, GNorm = 0.1281, lr_0 = 5.1529e-04
Loss = 1.3388e-03, PNorm = 88.7779, GNorm = 0.0705, lr_0 = 5.1505e-04
Loss = 2.0384e-03, PNorm = 88.7805, GNorm = 0.1676, lr_0 = 5.1481e-04
Loss = 2.3476e-03, PNorm = 88.7827, GNorm = 0.1952, lr_0 = 5.1457e-04
Loss = 2.5487e-03, PNorm = 88.7858, GNorm = 0.0931, lr_0 = 5.1434e-04
Loss = 1.9427e-03, PNorm = 88.7886, GNorm = 0.0848, lr_0 = 5.1410e-04
Loss = 2.0599e-03, PNorm = 88.7914, GNorm = 0.1150, lr_0 = 5.1386e-04
Loss = 2.7183e-03, PNorm = 88.7964, GNorm = 0.1571, lr_0 = 5.1362e-04
Loss = 2.3851e-03, PNorm = 88.7999, GNorm = 0.1086, lr_0 = 5.1338e-04
Loss = 3.3357e-03, PNorm = 88.8065, GNorm = 0.1749, lr_0 = 5.1315e-04
Loss = 4.1966e-03, PNorm = 88.8122, GNorm = 0.2676, lr_0 = 5.1291e-04
Loss = 3.3493e-03, PNorm = 88.8177, GNorm = 0.1343, lr_0 = 5.1267e-04
Loss = 3.3399e-03, PNorm = 88.8224, GNorm = 0.1797, lr_0 = 5.1243e-04
Loss = 3.9122e-03, PNorm = 88.8273, GNorm = 0.3574, lr_0 = 5.1219e-04
Loss = 2.1234e-03, PNorm = 88.8371, GNorm = 0.1149, lr_0 = 5.1196e-04
Loss = 5.5212e-03, PNorm = 88.8408, GNorm = 0.1731, lr_0 = 5.1172e-04
Loss = 3.9317e-03, PNorm = 88.8505, GNorm = 0.3988, lr_0 = 5.1148e-04
Loss = 3.0372e-03, PNorm = 88.8534, GNorm = 0.2498, lr_0 = 5.1125e-04
Loss = 2.7360e-03, PNorm = 88.8580, GNorm = 0.0987, lr_0 = 5.1101e-04
Loss = 2.0301e-03, PNorm = 88.8651, GNorm = 0.5449, lr_0 = 5.1077e-04
Loss = 2.4646e-03, PNorm = 88.8718, GNorm = 0.2178, lr_0 = 5.1054e-04
Loss = 1.5188e-03, PNorm = 88.8758, GNorm = 0.0607, lr_0 = 5.1030e-04
Loss = 3.7120e-03, PNorm = 88.8818, GNorm = 0.2453, lr_0 = 5.1006e-04
Loss = 1.3728e-03, PNorm = 88.8881, GNorm = 0.0741, lr_0 = 5.0983e-04
Loss = 2.7861e-03, PNorm = 88.8898, GNorm = 0.1216, lr_0 = 5.0959e-04
Loss = 2.7126e-03, PNorm = 88.8931, GNorm = 0.1625, lr_0 = 5.0935e-04
Loss = 2.4572e-03, PNorm = 88.8973, GNorm = 0.1177, lr_0 = 5.0912e-04
Loss = 1.7933e-03, PNorm = 88.9039, GNorm = 0.2114, lr_0 = 5.0888e-04
Loss = 2.7530e-03, PNorm = 88.9074, GNorm = 0.1421, lr_0 = 5.0865e-04
Loss = 1.7414e-03, PNorm = 88.9124, GNorm = 0.0817, lr_0 = 5.0841e-04
Loss = 2.8208e-03, PNorm = 88.9164, GNorm = 0.2408, lr_0 = 5.0818e-04
Loss = 2.8913e-03, PNorm = 88.9222, GNorm = 0.2272, lr_0 = 5.0794e-04
Loss = 3.7954e-03, PNorm = 88.9275, GNorm = 0.1874, lr_0 = 5.0770e-04
Loss = 2.4115e-03, PNorm = 88.9305, GNorm = 0.1353, lr_0 = 5.0747e-04
Loss = 1.7563e-03, PNorm = 88.9392, GNorm = 0.2019, lr_0 = 5.0723e-04
Loss = 2.4170e-03, PNorm = 88.9438, GNorm = 0.1583, lr_0 = 5.0700e-04
Loss = 2.0278e-03, PNorm = 88.9482, GNorm = 0.1080, lr_0 = 5.0676e-04
Loss = 1.9721e-03, PNorm = 88.9514, GNorm = 0.0762, lr_0 = 5.0653e-04
Loss = 2.4149e-03, PNorm = 88.9519, GNorm = 0.2256, lr_0 = 5.0630e-04
Loss = 2.0907e-03, PNorm = 88.9552, GNorm = 0.1636, lr_0 = 5.0606e-04
Loss = 2.9215e-03, PNorm = 88.9577, GNorm = 0.2010, lr_0 = 5.0583e-04
Loss = 3.5033e-03, PNorm = 88.9638, GNorm = 0.3406, lr_0 = 5.0559e-04
Loss = 4.5767e-03, PNorm = 88.9699, GNorm = 0.1868, lr_0 = 5.0536e-04
Loss = 3.4657e-03, PNorm = 88.9788, GNorm = 0.4944, lr_0 = 5.0512e-04
Loss = 3.8578e-03, PNorm = 88.9833, GNorm = 0.1001, lr_0 = 5.0489e-04
Loss = 3.2571e-03, PNorm = 88.9887, GNorm = 0.1629, lr_0 = 5.0466e-04
Loss = 3.7757e-03, PNorm = 88.9972, GNorm = 0.3272, lr_0 = 5.0442e-04
Loss = 2.8614e-03, PNorm = 89.0056, GNorm = 0.1618, lr_0 = 5.0419e-04
Loss = 1.9959e-03, PNorm = 89.0076, GNorm = 0.2357, lr_0 = 5.0395e-04
Loss = 2.0844e-03, PNorm = 89.0103, GNorm = 0.0748, lr_0 = 5.0372e-04
Loss = 1.4535e-03, PNorm = 89.0143, GNorm = 0.1699, lr_0 = 5.0349e-04
Loss = 1.9745e-03, PNorm = 89.0176, GNorm = 0.1171, lr_0 = 5.0325e-04
Loss = 2.4686e-03, PNorm = 89.0212, GNorm = 0.0917, lr_0 = 5.0302e-04
Loss = 1.8715e-03, PNorm = 89.0226, GNorm = 0.1196, lr_0 = 5.0279e-04
Loss = 2.4202e-03, PNorm = 89.0287, GNorm = 0.1167, lr_0 = 5.0255e-04
Loss = 2.5556e-03, PNorm = 89.0328, GNorm = 0.0951, lr_0 = 5.0232e-04
Loss = 2.0689e-03, PNorm = 89.0379, GNorm = 0.3583, lr_0 = 5.0209e-04
Loss = 9.8719e-04, PNorm = 89.0378, GNorm = 0.0890, lr_0 = 5.0186e-04
Loss = 1.1752e-03, PNorm = 89.0413, GNorm = 0.1120, lr_0 = 5.0162e-04
Loss = 2.8195e-03, PNorm = 89.0430, GNorm = 0.4420, lr_0 = 5.0139e-04
Loss = 1.3621e-03, PNorm = 89.0467, GNorm = 0.0958, lr_0 = 5.0116e-04
Loss = 2.0824e-03, PNorm = 89.0500, GNorm = 0.3184, lr_0 = 5.0093e-04
Loss = 2.2629e-03, PNorm = 89.0538, GNorm = 0.2796, lr_0 = 5.0070e-04
Loss = 2.3419e-03, PNorm = 89.0573, GNorm = 0.0665, lr_0 = 5.0046e-04
Loss = 2.3350e-03, PNorm = 89.0601, GNorm = 0.1521, lr_0 = 5.0023e-04
Loss = 2.5243e-03, PNorm = 89.0633, GNorm = 0.1720, lr_0 = 5.0000e-04
Loss = 3.5053e-03, PNorm = 89.0657, GNorm = 0.1381, lr_0 = 4.9977e-04
Loss = 2.4366e-03, PNorm = 89.0730, GNorm = 0.1607, lr_0 = 4.9954e-04
Loss = 2.4237e-03, PNorm = 89.0795, GNorm = 0.0791, lr_0 = 4.9930e-04
Loss = 3.8986e-03, PNorm = 89.0856, GNorm = 0.2274, lr_0 = 4.9907e-04
Loss = 3.2615e-03, PNorm = 89.0929, GNorm = 0.1799, lr_0 = 4.9884e-04
Loss = 2.8242e-03, PNorm = 89.0990, GNorm = 0.1150, lr_0 = 4.9861e-04
Loss = 1.4252e-03, PNorm = 89.0997, GNorm = 0.0810, lr_0 = 4.9838e-04
Loss = 1.9320e-03, PNorm = 89.1035, GNorm = 0.1693, lr_0 = 4.9815e-04
Loss = 2.5081e-03, PNorm = 89.1075, GNorm = 0.1648, lr_0 = 4.9792e-04
Loss = 2.1626e-03, PNorm = 89.1094, GNorm = 0.2616, lr_0 = 4.9769e-04
Loss = 1.8041e-03, PNorm = 89.1134, GNorm = 0.1693, lr_0 = 4.9746e-04
Loss = 3.6290e-03, PNorm = 89.1140, GNorm = 0.2004, lr_0 = 4.9723e-04
Loss = 3.1498e-03, PNorm = 89.1194, GNorm = 0.1484, lr_0 = 4.9700e-04
Loss = 3.4174e-03, PNorm = 89.1195, GNorm = 0.0387, lr_0 = 4.9677e-04
Loss = 1.0545e-03, PNorm = 89.1213, GNorm = 0.1212, lr_0 = 4.9654e-04
Loss = 2.5568e-03, PNorm = 89.1246, GNorm = 0.0872, lr_0 = 4.9631e-04
Loss = 2.9533e-03, PNorm = 89.1294, GNorm = 0.1824, lr_0 = 4.9608e-04
Loss = 2.5518e-03, PNorm = 89.1320, GNorm = 0.2429, lr_0 = 4.9585e-04
Loss = 1.6681e-03, PNorm = 89.1336, GNorm = 0.1090, lr_0 = 4.9562e-04
Loss = 1.3864e-03, PNorm = 89.1411, GNorm = 0.0954, lr_0 = 4.9539e-04
Loss = 3.3246e-03, PNorm = 89.1463, GNorm = 0.0976, lr_0 = 4.9516e-04
Loss = 1.8946e-03, PNorm = 89.1505, GNorm = 0.2469, lr_0 = 4.9493e-04
Loss = 1.6219e-03, PNorm = 89.1561, GNorm = 0.1377, lr_0 = 4.9470e-04
Loss = 1.7168e-03, PNorm = 89.1607, GNorm = 0.3001, lr_0 = 4.9447e-04
Loss = 1.8653e-03, PNorm = 89.1635, GNorm = 0.1010, lr_0 = 4.9424e-04
Loss = 3.6518e-03, PNorm = 89.1635, GNorm = 0.1355, lr_0 = 4.9401e-04
Loss = 1.5875e-03, PNorm = 89.1661, GNorm = 0.0742, lr_0 = 4.9378e-04
Loss = 2.3005e-03, PNorm = 89.1657, GNorm = 0.0638, lr_0 = 4.9355e-04
Loss = 2.9890e-03, PNorm = 89.1693, GNorm = 0.1562, lr_0 = 4.9332e-04
Loss = 1.8079e-03, PNorm = 89.1714, GNorm = 0.0770, lr_0 = 4.9310e-04
Loss = 2.8407e-03, PNorm = 89.1734, GNorm = 0.1856, lr_0 = 4.9287e-04
Loss = 2.6551e-03, PNorm = 89.1768, GNorm = 0.1397, lr_0 = 4.9264e-04
Loss = 1.4060e-03, PNorm = 89.1785, GNorm = 0.0807, lr_0 = 4.9241e-04
Loss = 3.2988e-03, PNorm = 89.1829, GNorm = 0.2219, lr_0 = 4.9218e-04
Loss = 2.5506e-03, PNorm = 89.1903, GNorm = 0.0945, lr_0 = 4.9195e-04
Loss = 3.3658e-03, PNorm = 89.1957, GNorm = 0.2539, lr_0 = 4.9173e-04
Loss = 2.3110e-03, PNorm = 89.2020, GNorm = 0.0638, lr_0 = 4.9150e-04
Loss = 1.9745e-03, PNorm = 89.2047, GNorm = 0.0663, lr_0 = 4.9127e-04
Loss = 2.3620e-03, PNorm = 89.2104, GNorm = 0.1347, lr_0 = 4.9104e-04
Loss = 1.9513e-03, PNorm = 89.2134, GNorm = 0.2364, lr_0 = 4.9082e-04
Loss = 3.2341e-03, PNorm = 89.2177, GNorm = 0.2073, lr_0 = 4.9059e-04
Loss = 2.0468e-03, PNorm = 89.2211, GNorm = 0.1283, lr_0 = 4.9036e-04
Loss = 3.2238e-03, PNorm = 89.2242, GNorm = 0.1312, lr_0 = 4.9013e-04
Loss = 2.7793e-03, PNorm = 89.2286, GNorm = 0.1142, lr_0 = 4.8991e-04
Loss = 1.6197e-03, PNorm = 89.2342, GNorm = 0.1370, lr_0 = 4.8968e-04
Loss = 2.2161e-03, PNorm = 89.2386, GNorm = 0.1135, lr_0 = 4.8945e-04
Loss = 2.0772e-03, PNorm = 89.2414, GNorm = 0.2108, lr_0 = 4.8923e-04
Loss = 1.9779e-03, PNorm = 89.2437, GNorm = 0.0798, lr_0 = 4.8900e-04
Loss = 2.0758e-03, PNorm = 89.2465, GNorm = 0.2125, lr_0 = 4.8877e-04
Loss = 3.2904e-03, PNorm = 89.2487, GNorm = 0.1079, lr_0 = 4.8855e-04
Loss = 1.6859e-03, PNorm = 89.2518, GNorm = 0.0713, lr_0 = 4.8832e-04
Loss = 2.1909e-03, PNorm = 89.2538, GNorm = 0.1368, lr_0 = 4.8809e-04
Loss = 1.1718e-03, PNorm = 89.2582, GNorm = 0.2519, lr_0 = 4.8787e-04
Loss = 1.7387e-03, PNorm = 89.2612, GNorm = 0.0861, lr_0 = 4.8764e-04
Loss = 2.0993e-03, PNorm = 89.2644, GNorm = 0.2798, lr_0 = 4.8742e-04
Loss = 1.5054e-03, PNorm = 89.2655, GNorm = 0.1026, lr_0 = 4.8719e-04
Loss = 1.8549e-03, PNorm = 89.2691, GNorm = 0.1222, lr_0 = 4.8696e-04
Loss = 1.8685e-03, PNorm = 89.2702, GNorm = 0.0497, lr_0 = 4.8674e-04
Loss = 2.4686e-03, PNorm = 89.2751, GNorm = 0.1193, lr_0 = 4.8651e-04
Loss = 3.0087e-03, PNorm = 89.2772, GNorm = 0.3959, lr_0 = 4.8629e-04
Loss = 1.7608e-03, PNorm = 89.2819, GNorm = 0.1019, lr_0 = 4.8606e-04
Loss = 2.1281e-03, PNorm = 89.2856, GNorm = 0.1042, lr_0 = 4.8584e-04
Loss = 1.1906e-03, PNorm = 89.2890, GNorm = 0.0358, lr_0 = 4.8561e-04
Loss = 1.6741e-03, PNorm = 89.2947, GNorm = 0.3175, lr_0 = 4.8539e-04
Loss = 2.5558e-03, PNorm = 89.2994, GNorm = 0.1780, lr_0 = 4.8516e-04
Loss = 1.7451e-03, PNorm = 89.3025, GNorm = 0.0710, lr_0 = 4.8494e-04
Loss = 2.8168e-03, PNorm = 89.3028, GNorm = 0.1262, lr_0 = 4.8471e-04
Loss = 2.2283e-03, PNorm = 89.3063, GNorm = 0.2199, lr_0 = 4.8449e-04
Loss = 2.2309e-03, PNorm = 89.3086, GNorm = 0.0764, lr_0 = 4.8426e-04
Loss = 2.4824e-03, PNorm = 89.3111, GNorm = 0.1096, lr_0 = 4.8404e-04
Loss = 2.8982e-03, PNorm = 89.3129, GNorm = 0.1351, lr_0 = 4.8382e-04
Loss = 4.3247e-03, PNorm = 89.3151, GNorm = 0.3503, lr_0 = 4.8359e-04
Loss = 4.5105e-03, PNorm = 89.3200, GNorm = 0.1102, lr_0 = 4.8337e-04
Loss = 2.6051e-03, PNorm = 89.3246, GNorm = 0.1140, lr_0 = 4.8314e-04
Loss = 2.7030e-03, PNorm = 89.3284, GNorm = 0.2466, lr_0 = 4.8292e-04
Loss = 1.9666e-03, PNorm = 89.3353, GNorm = 0.3562, lr_0 = 4.8270e-04
Loss = 3.3096e-03, PNorm = 89.3366, GNorm = 0.0786, lr_0 = 4.8247e-04
Loss = 2.1381e-03, PNorm = 89.3409, GNorm = 0.1445, lr_0 = 4.8225e-04
Loss = 1.8314e-03, PNorm = 89.3460, GNorm = 0.0428, lr_0 = 4.8203e-04
Loss = 1.1941e-03, PNorm = 89.3520, GNorm = 0.1223, lr_0 = 4.8180e-04
Loss = 1.8476e-03, PNorm = 89.3539, GNorm = 0.0397, lr_0 = 4.8158e-04
Loss = 2.7604e-03, PNorm = 89.3560, GNorm = 0.2424, lr_0 = 4.8136e-04
Loss = 2.2692e-03, PNorm = 89.3591, GNorm = 0.1322, lr_0 = 4.8113e-04
Loss = 2.3629e-03, PNorm = 89.3654, GNorm = 0.1325, lr_0 = 4.8091e-04
Loss = 2.7837e-03, PNorm = 89.3688, GNorm = 0.2179, lr_0 = 4.8069e-04
Loss = 3.4449e-03, PNorm = 89.3726, GNorm = 0.1083, lr_0 = 4.8046e-04
Loss = 1.9236e-03, PNorm = 89.3769, GNorm = 0.1112, lr_0 = 4.8024e-04
Loss = 2.4503e-03, PNorm = 89.3795, GNorm = 0.3840, lr_0 = 4.8002e-04
Loss = 1.9335e-03, PNorm = 89.3848, GNorm = 0.2319, lr_0 = 4.7980e-04
Loss = 3.0482e-03, PNorm = 89.3910, GNorm = 0.2332, lr_0 = 4.7957e-04
Loss = 2.8255e-03, PNorm = 89.3939, GNorm = 0.2886, lr_0 = 4.7935e-04
Loss = 1.5521e-03, PNorm = 89.3987, GNorm = 0.0759, lr_0 = 4.7913e-04
Loss = 1.9222e-03, PNorm = 89.4018, GNorm = 0.4017, lr_0 = 4.7891e-04
Loss = 1.9969e-03, PNorm = 89.4060, GNorm = 0.1684, lr_0 = 4.7869e-04
Loss = 2.5493e-03, PNorm = 89.4073, GNorm = 0.3031, lr_0 = 4.7846e-04
Loss = 2.2222e-03, PNorm = 89.4090, GNorm = 0.0859, lr_0 = 4.7824e-04
Loss = 1.5738e-03, PNorm = 89.4108, GNorm = 0.0922, lr_0 = 4.7802e-04
Loss = 1.7563e-03, PNorm = 89.4126, GNorm = 0.1185, lr_0 = 4.7780e-04
Loss = 2.8945e-03, PNorm = 89.4161, GNorm = 0.1079, lr_0 = 4.7758e-04
Loss = 3.2138e-03, PNorm = 89.4206, GNorm = 0.0629, lr_0 = 4.7736e-04
Loss = 2.2386e-03, PNorm = 89.4263, GNorm = 0.0826, lr_0 = 4.7714e-04
Loss = 2.1671e-03, PNorm = 89.4267, GNorm = 0.2920, lr_0 = 4.7691e-04
Loss = 2.0671e-03, PNorm = 89.4255, GNorm = 0.2466, lr_0 = 4.7669e-04
Loss = 1.2242e-03, PNorm = 89.4257, GNorm = 0.1205, lr_0 = 4.7647e-04
Loss = 1.1797e-03, PNorm = 89.4288, GNorm = 0.0742, lr_0 = 4.7625e-04
Loss = 3.1755e-03, PNorm = 89.4355, GNorm = 0.2270, lr_0 = 4.7603e-04
Loss = 1.4099e-03, PNorm = 89.4383, GNorm = 0.0988, lr_0 = 4.7581e-04
Loss = 2.5810e-03, PNorm = 89.4406, GNorm = 0.0634, lr_0 = 4.7559e-04
Loss = 1.4028e-03, PNorm = 89.4425, GNorm = 0.0969, lr_0 = 4.7537e-04
Loss = 1.6565e-03, PNorm = 89.4457, GNorm = 0.0475, lr_0 = 4.7515e-04
Loss = 2.1465e-03, PNorm = 89.4487, GNorm = 0.1725, lr_0 = 4.7493e-04
Loss = 1.0875e-03, PNorm = 89.4501, GNorm = 0.0667, lr_0 = 4.7471e-04
Loss = 1.8217e-03, PNorm = 89.4556, GNorm = 0.1140, lr_0 = 4.7449e-04
Loss = 1.3520e-03, PNorm = 89.4578, GNorm = 0.0874, lr_0 = 4.7427e-04
Loss = 2.7479e-03, PNorm = 89.4593, GNorm = 0.1149, lr_0 = 4.7405e-04
Loss = 2.8041e-03, PNorm = 89.4628, GNorm = 0.1156, lr_0 = 4.7383e-04
Loss = 2.7413e-03, PNorm = 89.4660, GNorm = 0.2867, lr_0 = 4.7361e-04
Loss = 1.5729e-03, PNorm = 89.4672, GNorm = 0.0442, lr_0 = 4.7339e-04
Loss = 1.4931e-03, PNorm = 89.4671, GNorm = 0.0714, lr_0 = 4.7317e-04
Loss = 3.2930e-03, PNorm = 89.4711, GNorm = 0.1496, lr_0 = 4.7295e-04
Loss = 2.6942e-03, PNorm = 89.4762, GNorm = 0.1383, lr_0 = 4.7273e-04
Loss = 2.1609e-03, PNorm = 89.4817, GNorm = 0.0847, lr_0 = 4.7251e-04
Loss = 1.5798e-03, PNorm = 89.4838, GNorm = 0.1143, lr_0 = 4.7230e-04
Loss = 1.4161e-03, PNorm = 89.4885, GNorm = 0.1877, lr_0 = 4.7208e-04
Loss = 1.5600e-03, PNorm = 89.4912, GNorm = 0.1322, lr_0 = 4.7186e-04
Loss = 1.8177e-03, PNorm = 89.4951, GNorm = 0.1996, lr_0 = 4.7164e-04
Loss = 1.3765e-03, PNorm = 89.4992, GNorm = 0.1863, lr_0 = 4.7142e-04
Loss = 2.0204e-03, PNorm = 89.5011, GNorm = 0.1818, lr_0 = 4.7120e-04
Loss = 3.1955e-03, PNorm = 89.5046, GNorm = 0.1676, lr_0 = 4.7098e-04
Loss = 3.9007e-03, PNorm = 89.5077, GNorm = 0.2823, lr_0 = 4.7077e-04
Loss = 2.4165e-03, PNorm = 89.5108, GNorm = 0.5020, lr_0 = 4.7055e-04
Loss = 2.1025e-03, PNorm = 89.5137, GNorm = 0.0969, lr_0 = 4.7033e-04
Loss = 2.1589e-03, PNorm = 89.5197, GNorm = 0.1118, lr_0 = 4.7011e-04
Loss = 3.2687e-03, PNorm = 89.5255, GNorm = 0.2852, lr_0 = 4.6989e-04
Loss = 3.4455e-03, PNorm = 89.5317, GNorm = 0.3359, lr_0 = 4.6968e-04
Loss = 2.3391e-03, PNorm = 89.5359, GNorm = 0.2268, lr_0 = 4.6946e-04
Loss = 3.6748e-03, PNorm = 89.5365, GNorm = 0.0452, lr_0 = 4.6924e-04
Loss = 2.1121e-03, PNorm = 89.5424, GNorm = 0.0775, lr_0 = 4.6902e-04
Loss = 2.1230e-03, PNorm = 89.5463, GNorm = 0.0880, lr_0 = 4.6881e-04
Loss = 2.5424e-03, PNorm = 89.5487, GNorm = 0.1403, lr_0 = 4.6859e-04
Loss = 2.2383e-03, PNorm = 89.5509, GNorm = 0.3201, lr_0 = 4.6837e-04
Loss = 3.0752e-03, PNorm = 89.5552, GNorm = 0.0940, lr_0 = 4.6816e-04
Loss = 1.1154e-03, PNorm = 89.5607, GNorm = 0.2018, lr_0 = 4.6794e-04
Loss = 1.6724e-03, PNorm = 89.5650, GNorm = 0.3555, lr_0 = 4.6772e-04
Loss = 2.4366e-03, PNorm = 89.5689, GNorm = 0.1176, lr_0 = 4.6750e-04
Loss = 3.2475e-03, PNorm = 89.5743, GNorm = 0.1988, lr_0 = 4.6729e-04
Loss = 3.7692e-03, PNorm = 89.5796, GNorm = 0.1649, lr_0 = 4.6707e-04
Loss = 3.1566e-03, PNorm = 89.5813, GNorm = 0.1913, lr_0 = 4.6686e-04
Loss = 2.6959e-03, PNorm = 89.5901, GNorm = 0.4823, lr_0 = 4.6664e-04
Loss = 2.5058e-03, PNorm = 89.5989, GNorm = 0.1044, lr_0 = 4.6642e-04
Loss = 1.5338e-03, PNorm = 89.6048, GNorm = 0.0760, lr_0 = 4.6621e-04
Loss = 1.6581e-03, PNorm = 89.6077, GNorm = 0.2290, lr_0 = 4.6599e-04
Loss = 1.8886e-03, PNorm = 89.6115, GNorm = 0.1761, lr_0 = 4.6577e-04
Loss = 3.3016e-03, PNorm = 89.6163, GNorm = 0.1753, lr_0 = 4.6556e-04
Loss = 1.9715e-03, PNorm = 89.6207, GNorm = 0.0434, lr_0 = 4.6534e-04
Loss = 1.5631e-03, PNorm = 89.6249, GNorm = 0.2005, lr_0 = 4.6513e-04
Loss = 3.0118e-03, PNorm = 89.6277, GNorm = 0.1227, lr_0 = 4.6491e-04
Loss = 2.0161e-03, PNorm = 89.6306, GNorm = 0.1819, lr_0 = 4.6470e-04
Loss = 1.1018e-03, PNorm = 89.6324, GNorm = 0.0728, lr_0 = 4.6448e-04
Loss = 2.2745e-03, PNorm = 89.6332, GNorm = 0.1130, lr_0 = 4.6427e-04
Validation r2 = 0.997467
Epoch 3
Loss = 1.5980e-03, PNorm = 89.6323, GNorm = 0.2087, lr_0 = 4.6405e-04
Loss = 1.5621e-03, PNorm = 89.6371, GNorm = 0.2198, lr_0 = 4.6384e-04
Loss = 1.3533e-03, PNorm = 89.6420, GNorm = 0.0595, lr_0 = 4.6362e-04
Loss = 1.6264e-03, PNorm = 89.6433, GNorm = 0.1006, lr_0 = 4.6341e-04
Loss = 1.4853e-03, PNorm = 89.6447, GNorm = 0.0846, lr_0 = 4.6319e-04
Loss = 1.5267e-03, PNorm = 89.6455, GNorm = 0.0590, lr_0 = 4.6298e-04
Loss = 2.5608e-03, PNorm = 89.6492, GNorm = 0.1795, lr_0 = 4.6276e-04
Loss = 2.2608e-03, PNorm = 89.6521, GNorm = 0.0785, lr_0 = 4.6255e-04
Loss = 1.3705e-03, PNorm = 89.6539, GNorm = 0.1382, lr_0 = 4.6233e-04
Loss = 1.3701e-03, PNorm = 89.6529, GNorm = 0.1520, lr_0 = 4.6212e-04
Loss = 1.4024e-03, PNorm = 89.6560, GNorm = 0.1254, lr_0 = 4.6191e-04
Loss = 1.7710e-03, PNorm = 89.6607, GNorm = 0.1312, lr_0 = 4.6169e-04
Loss = 2.5315e-03, PNorm = 89.6615, GNorm = 0.0896, lr_0 = 4.6148e-04
Loss = 2.3156e-03, PNorm = 89.6651, GNorm = 0.1571, lr_0 = 4.6126e-04
Loss = 3.7550e-03, PNorm = 89.6634, GNorm = 0.4879, lr_0 = 4.6105e-04
Loss = 2.5564e-03, PNorm = 89.6695, GNorm = 0.0894, lr_0 = 4.6084e-04
Loss = 3.4153e-03, PNorm = 89.6764, GNorm = 0.0541, lr_0 = 4.6062e-04
Loss = 2.2430e-03, PNorm = 89.6807, GNorm = 0.3398, lr_0 = 4.6041e-04
Loss = 2.3954e-03, PNorm = 89.6853, GNorm = 0.1151, lr_0 = 4.6020e-04
Loss = 3.4719e-03, PNorm = 89.6876, GNorm = 0.3381, lr_0 = 4.5998e-04
Loss = 3.3761e-03, PNorm = 89.6878, GNorm = 0.2125, lr_0 = 4.5977e-04
Loss = 2.4680e-03, PNorm = 89.6899, GNorm = 0.0624, lr_0 = 4.5956e-04
Loss = 2.3374e-03, PNorm = 89.6941, GNorm = 0.1217, lr_0 = 4.5934e-04
Loss = 1.7146e-03, PNorm = 89.6981, GNorm = 0.0581, lr_0 = 4.5913e-04
Loss = 2.9604e-03, PNorm = 89.7025, GNorm = 0.1754, lr_0 = 4.5892e-04
Loss = 1.6922e-03, PNorm = 89.7050, GNorm = 0.1833, lr_0 = 4.5871e-04
Loss = 1.3869e-03, PNorm = 89.7097, GNorm = 0.2093, lr_0 = 4.5849e-04
Loss = 2.3675e-03, PNorm = 89.7116, GNorm = 0.1744, lr_0 = 4.5828e-04
Loss = 1.5807e-03, PNorm = 89.7144, GNorm = 0.1602, lr_0 = 4.5807e-04
Loss = 2.2507e-03, PNorm = 89.7173, GNorm = 0.0888, lr_0 = 4.5786e-04
Loss = 1.8477e-03, PNorm = 89.7168, GNorm = 0.0391, lr_0 = 4.5764e-04
Loss = 2.4265e-03, PNorm = 89.7173, GNorm = 0.2072, lr_0 = 4.5743e-04
Loss = 3.0192e-03, PNorm = 89.7229, GNorm = 0.1890, lr_0 = 4.5722e-04
Loss = 1.7567e-03, PNorm = 89.7261, GNorm = 0.1081, lr_0 = 4.5701e-04
Loss = 2.1474e-03, PNorm = 89.7278, GNorm = 0.1664, lr_0 = 4.5680e-04
Loss = 1.8241e-03, PNorm = 89.7280, GNorm = 0.1756, lr_0 = 4.5659e-04
Loss = 1.5232e-03, PNorm = 89.7300, GNorm = 0.0714, lr_0 = 4.5637e-04
Loss = 2.1357e-03, PNorm = 89.7327, GNorm = 0.1810, lr_0 = 4.5616e-04
Loss = 3.0607e-03, PNorm = 89.7360, GNorm = 0.1421, lr_0 = 4.5595e-04
Loss = 3.2522e-03, PNorm = 89.7379, GNorm = 0.2010, lr_0 = 4.5574e-04
Loss = 3.0046e-03, PNorm = 89.7408, GNorm = 0.2788, lr_0 = 4.5553e-04
Loss = 2.2515e-03, PNorm = 89.7457, GNorm = 0.2597, lr_0 = 4.5532e-04
Loss = 3.3313e-03, PNorm = 89.7480, GNorm = 0.3382, lr_0 = 4.5511e-04
Loss = 2.2345e-03, PNorm = 89.7523, GNorm = 0.1039, lr_0 = 4.5490e-04
Loss = 1.8009e-03, PNorm = 89.7556, GNorm = 0.2189, lr_0 = 4.5468e-04
Loss = 1.9417e-03, PNorm = 89.7570, GNorm = 0.1273, lr_0 = 4.5447e-04
Loss = 3.3995e-03, PNorm = 89.7645, GNorm = 0.3016, lr_0 = 4.5426e-04
Loss = 1.4589e-03, PNorm = 89.7678, GNorm = 0.2102, lr_0 = 4.5405e-04
Loss = 2.3733e-03, PNorm = 89.7691, GNorm = 0.1419, lr_0 = 4.5384e-04
Loss = 2.4337e-03, PNorm = 89.7761, GNorm = 0.3480, lr_0 = 4.5363e-04
Loss = 2.6307e-03, PNorm = 89.7775, GNorm = 0.2363, lr_0 = 4.5342e-04
Loss = 2.7131e-03, PNorm = 89.7819, GNorm = 0.1446, lr_0 = 4.5321e-04
Loss = 1.4525e-03, PNorm = 89.7865, GNorm = 0.1470, lr_0 = 4.5300e-04
Loss = 3.8003e-03, PNorm = 89.7900, GNorm = 0.1118, lr_0 = 4.5279e-04
Loss = 3.2867e-03, PNorm = 89.7923, GNorm = 0.2672, lr_0 = 4.5258e-04
Loss = 3.2222e-03, PNorm = 89.7981, GNorm = 0.2287, lr_0 = 4.5237e-04
Loss = 2.5425e-03, PNorm = 89.8026, GNorm = 0.4763, lr_0 = 4.5216e-04
Loss = 2.8253e-03, PNorm = 89.8104, GNorm = 0.1295, lr_0 = 4.5195e-04
Loss = 2.3618e-03, PNorm = 89.8107, GNorm = 0.1390, lr_0 = 4.5174e-04
Loss = 2.1395e-03, PNorm = 89.8149, GNorm = 0.2253, lr_0 = 4.5154e-04
Loss = 2.2100e-03, PNorm = 89.8181, GNorm = 0.0871, lr_0 = 4.5133e-04
Loss = 1.0392e-03, PNorm = 89.8212, GNorm = 0.1357, lr_0 = 4.5112e-04
Loss = 2.1880e-03, PNorm = 89.8239, GNorm = 0.1391, lr_0 = 4.5091e-04
Loss = 2.8385e-03, PNorm = 89.8250, GNorm = 0.1667, lr_0 = 4.5070e-04
Loss = 1.6862e-03, PNorm = 89.8288, GNorm = 0.1681, lr_0 = 4.5049e-04
Loss = 9.3681e-04, PNorm = 89.8317, GNorm = 0.1700, lr_0 = 4.5028e-04
Loss = 1.8243e-03, PNorm = 89.8339, GNorm = 0.1737, lr_0 = 4.5007e-04
Loss = 2.1984e-03, PNorm = 89.8359, GNorm = 0.1120, lr_0 = 4.4986e-04
Loss = 1.5508e-03, PNorm = 89.8379, GNorm = 0.2101, lr_0 = 4.4966e-04
Loss = 2.2807e-03, PNorm = 89.8406, GNorm = 0.1908, lr_0 = 4.4945e-04
Loss = 2.6159e-03, PNorm = 89.8423, GNorm = 0.1659, lr_0 = 4.4924e-04
Loss = 3.5428e-03, PNorm = 89.8463, GNorm = 0.1282, lr_0 = 4.4903e-04
Loss = 2.2218e-03, PNorm = 89.8498, GNorm = 0.1001, lr_0 = 4.4882e-04
Loss = 2.2222e-03, PNorm = 89.8533, GNorm = 0.1144, lr_0 = 4.4861e-04
Loss = 1.3970e-03, PNorm = 89.8562, GNorm = 0.0752, lr_0 = 4.4841e-04
Loss = 1.7121e-03, PNorm = 89.8594, GNorm = 0.0595, lr_0 = 4.4820e-04
Loss = 1.3326e-03, PNorm = 89.8634, GNorm = 0.0330, lr_0 = 4.4799e-04
Loss = 2.4609e-03, PNorm = 89.8668, GNorm = 0.1819, lr_0 = 4.4778e-04
Loss = 1.9844e-03, PNorm = 89.8696, GNorm = 0.0687, lr_0 = 4.4758e-04
Loss = 1.8537e-03, PNorm = 89.8718, GNorm = 0.1120, lr_0 = 4.4737e-04
Loss = 3.2648e-03, PNorm = 89.8770, GNorm = 0.2521, lr_0 = 4.4716e-04
Loss = 2.9601e-03, PNorm = 89.8765, GNorm = 0.0968, lr_0 = 4.4695e-04
Loss = 4.3237e-03, PNorm = 89.8777, GNorm = 0.4588, lr_0 = 4.4675e-04
Loss = 3.2014e-03, PNorm = 89.8811, GNorm = 0.2228, lr_0 = 4.4654e-04
Loss = 1.9728e-03, PNorm = 89.8879, GNorm = 0.0499, lr_0 = 4.4633e-04
Loss = 2.2836e-03, PNorm = 89.8914, GNorm = 0.1322, lr_0 = 4.4613e-04
Loss = 1.9778e-03, PNorm = 89.8932, GNorm = 0.0599, lr_0 = 4.4592e-04
Loss = 1.5106e-03, PNorm = 89.8946, GNorm = 0.0999, lr_0 = 4.4571e-04
Loss = 3.1542e-03, PNorm = 89.8961, GNorm = 0.1221, lr_0 = 4.4551e-04
Loss = 2.7502e-03, PNorm = 89.8999, GNorm = 0.1625, lr_0 = 4.4530e-04
Loss = 2.5756e-03, PNorm = 89.9021, GNorm = 0.1688, lr_0 = 4.4509e-04
Loss = 2.2975e-03, PNorm = 89.9063, GNorm = 0.1724, lr_0 = 4.4489e-04
Loss = 1.6050e-03, PNorm = 89.9118, GNorm = 0.0680, lr_0 = 4.4468e-04
Loss = 1.3683e-03, PNorm = 89.9138, GNorm = 0.3943, lr_0 = 4.4448e-04
Loss = 1.9007e-03, PNorm = 89.9198, GNorm = 0.0602, lr_0 = 4.4427e-04
Loss = 2.2771e-03, PNorm = 89.9196, GNorm = 0.1862, lr_0 = 4.4406e-04
Loss = 2.1158e-03, PNorm = 89.9234, GNorm = 0.2426, lr_0 = 4.4386e-04
Loss = 3.2037e-03, PNorm = 89.9245, GNorm = 0.2114, lr_0 = 4.4365e-04
Loss = 1.1970e-03, PNorm = 89.9265, GNorm = 0.1628, lr_0 = 4.4345e-04
Loss = 2.5605e-03, PNorm = 89.9294, GNorm = 0.1013, lr_0 = 4.4324e-04
Loss = 2.8177e-03, PNorm = 89.9319, GNorm = 0.1416, lr_0 = 4.4304e-04
Loss = 1.8084e-03, PNorm = 89.9341, GNorm = 0.1090, lr_0 = 4.4283e-04
Loss = 2.2256e-03, PNorm = 89.9364, GNorm = 0.1283, lr_0 = 4.4263e-04
Loss = 2.8082e-03, PNorm = 89.9382, GNorm = 0.2021, lr_0 = 4.4242e-04
Loss = 1.8807e-03, PNorm = 89.9396, GNorm = 0.2766, lr_0 = 4.4222e-04
Loss = 1.3833e-03, PNorm = 89.9418, GNorm = 0.1044, lr_0 = 4.4201e-04
Loss = 2.7413e-03, PNorm = 89.9413, GNorm = 0.0795, lr_0 = 4.4181e-04
Loss = 1.4211e-03, PNorm = 89.9423, GNorm = 0.2053, lr_0 = 4.4160e-04
Loss = 9.0230e-04, PNorm = 89.9467, GNorm = 0.0849, lr_0 = 4.4140e-04
Loss = 1.7946e-03, PNorm = 89.9501, GNorm = 0.1692, lr_0 = 4.4119e-04
Loss = 2.1439e-03, PNorm = 89.9536, GNorm = 0.1357, lr_0 = 4.4099e-04
Loss = 2.4754e-03, PNorm = 89.9565, GNorm = 0.2000, lr_0 = 4.4078e-04
Loss = 1.7238e-03, PNorm = 89.9596, GNorm = 0.0900, lr_0 = 4.4058e-04
Loss = 2.0827e-03, PNorm = 89.9609, GNorm = 0.2093, lr_0 = 4.4038e-04
Loss = 2.5628e-03, PNorm = 89.9615, GNorm = 0.1493, lr_0 = 4.4017e-04
Loss = 2.6445e-03, PNorm = 89.9638, GNorm = 0.1724, lr_0 = 4.3997e-04
Loss = 1.9077e-03, PNorm = 89.9645, GNorm = 0.2344, lr_0 = 4.3976e-04
Loss = 1.7878e-03, PNorm = 89.9684, GNorm = 0.1057, lr_0 = 4.3956e-04
Loss = 2.4733e-03, PNorm = 89.9718, GNorm = 0.3051, lr_0 = 4.3936e-04
Loss = 1.6755e-03, PNorm = 89.9750, GNorm = 0.1113, lr_0 = 4.3915e-04
Loss = 2.0458e-03, PNorm = 89.9777, GNorm = 0.1193, lr_0 = 4.3895e-04
Loss = 2.3311e-03, PNorm = 89.9796, GNorm = 0.1644, lr_0 = 4.3875e-04
Loss = 1.5934e-03, PNorm = 89.9817, GNorm = 0.3187, lr_0 = 4.3854e-04
Loss = 2.6565e-03, PNorm = 89.9837, GNorm = 0.1996, lr_0 = 4.3834e-04
Loss = 1.7503e-03, PNorm = 89.9860, GNorm = 0.0356, lr_0 = 4.3814e-04
Loss = 2.1685e-03, PNorm = 89.9878, GNorm = 0.3698, lr_0 = 4.3793e-04
Loss = 2.3548e-03, PNorm = 89.9941, GNorm = 0.4153, lr_0 = 4.3773e-04
Loss = 2.1707e-03, PNorm = 89.9974, GNorm = 0.1181, lr_0 = 4.3753e-04
Loss = 2.3125e-03, PNorm = 90.0009, GNorm = 0.0892, lr_0 = 4.3732e-04
Loss = 3.5107e-03, PNorm = 90.0049, GNorm = 0.1873, lr_0 = 4.3712e-04
Loss = 1.7856e-03, PNorm = 90.0076, GNorm = 0.0560, lr_0 = 4.3692e-04
Loss = 2.8525e-03, PNorm = 90.0102, GNorm = 0.1994, lr_0 = 4.3672e-04
Loss = 2.3762e-03, PNorm = 90.0118, GNorm = 0.2292, lr_0 = 4.3652e-04
Loss = 1.1496e-03, PNorm = 90.0166, GNorm = 0.1605, lr_0 = 4.3631e-04
Loss = 1.9426e-03, PNorm = 90.0197, GNorm = 0.1261, lr_0 = 4.3611e-04
Loss = 1.7103e-03, PNorm = 90.0246, GNorm = 0.0951, lr_0 = 4.3591e-04
Loss = 1.9284e-03, PNorm = 90.0252, GNorm = 0.2672, lr_0 = 4.3571e-04
Loss = 1.1097e-03, PNorm = 90.0271, GNorm = 0.0611, lr_0 = 4.3550e-04
Loss = 2.5613e-03, PNorm = 90.0300, GNorm = 0.1104, lr_0 = 4.3530e-04
Loss = 3.5092e-03, PNorm = 90.0319, GNorm = 0.1017, lr_0 = 4.3510e-04
Loss = 3.1543e-03, PNorm = 90.0370, GNorm = 0.1403, lr_0 = 4.3490e-04
Loss = 2.6537e-03, PNorm = 90.0414, GNorm = 0.1754, lr_0 = 4.3470e-04
Loss = 3.8099e-03, PNorm = 90.0480, GNorm = 0.2719, lr_0 = 4.3450e-04
Loss = 2.5739e-03, PNorm = 90.0516, GNorm = 0.3631, lr_0 = 4.3430e-04
Loss = 4.7916e-03, PNorm = 90.0550, GNorm = 0.2521, lr_0 = 4.3409e-04
Loss = 1.4573e-03, PNorm = 90.0593, GNorm = 0.1345, lr_0 = 4.3389e-04
Loss = 2.1021e-03, PNorm = 90.0634, GNorm = 0.1231, lr_0 = 4.3369e-04
Loss = 2.2811e-03, PNorm = 90.0661, GNorm = 0.1042, lr_0 = 4.3349e-04
Loss = 1.6995e-03, PNorm = 90.0690, GNorm = 0.0700, lr_0 = 4.3329e-04
Loss = 3.0726e-03, PNorm = 90.0715, GNorm = 0.1468, lr_0 = 4.3309e-04
Loss = 1.7169e-03, PNorm = 90.0732, GNorm = 0.1503, lr_0 = 4.3289e-04
Loss = 3.3055e-03, PNorm = 90.0746, GNorm = 0.1061, lr_0 = 4.3269e-04
Loss = 1.3687e-03, PNorm = 90.0775, GNorm = 0.1938, lr_0 = 4.3249e-04
Loss = 1.8171e-03, PNorm = 90.0787, GNorm = 0.1985, lr_0 = 4.3229e-04
Loss = 1.4653e-03, PNorm = 90.0825, GNorm = 0.0429, lr_0 = 4.3209e-04
Loss = 1.0654e-03, PNorm = 90.0864, GNorm = 0.1335, lr_0 = 4.3189e-04
Loss = 2.3453e-03, PNorm = 90.0884, GNorm = 0.1454, lr_0 = 4.3169e-04
Loss = 1.9188e-03, PNorm = 90.0880, GNorm = 0.0865, lr_0 = 4.3149e-04
Loss = 2.3932e-03, PNorm = 90.0868, GNorm = 0.1364, lr_0 = 4.3129e-04
Loss = 1.5099e-03, PNorm = 90.0904, GNorm = 0.1570, lr_0 = 4.3109e-04
Loss = 2.1401e-03, PNorm = 90.0947, GNorm = 0.0470, lr_0 = 4.3089e-04
Loss = 1.3809e-03, PNorm = 90.0978, GNorm = 0.0469, lr_0 = 4.3069e-04
Loss = 3.7579e-03, PNorm = 90.0980, GNorm = 0.1174, lr_0 = 4.3049e-04
Loss = 2.9546e-03, PNorm = 90.0995, GNorm = 0.0442, lr_0 = 4.3029e-04
Loss = 1.5312e-03, PNorm = 90.1042, GNorm = 0.0768, lr_0 = 4.3009e-04
Loss = 2.2085e-03, PNorm = 90.1080, GNorm = 0.1573, lr_0 = 4.2989e-04
Loss = 1.2077e-03, PNorm = 90.1099, GNorm = 0.0724, lr_0 = 4.2969e-04
Loss = 2.9439e-03, PNorm = 90.1107, GNorm = 0.1025, lr_0 = 4.2949e-04
Loss = 1.7922e-03, PNorm = 90.1123, GNorm = 0.3928, lr_0 = 4.2929e-04
Loss = 1.9433e-03, PNorm = 90.1142, GNorm = 0.1477, lr_0 = 4.2909e-04
Loss = 1.6060e-03, PNorm = 90.1181, GNorm = 0.1218, lr_0 = 4.2890e-04
Loss = 1.5813e-03, PNorm = 90.1222, GNorm = 0.0437, lr_0 = 4.2870e-04
Loss = 2.8754e-03, PNorm = 90.1252, GNorm = 0.1886, lr_0 = 4.2850e-04
Loss = 1.0840e-03, PNorm = 90.1272, GNorm = 0.1330, lr_0 = 4.2830e-04
Loss = 3.9265e-03, PNorm = 90.1307, GNorm = 0.1926, lr_0 = 4.2810e-04
Loss = 3.1386e-03, PNorm = 90.1321, GNorm = 0.1785, lr_0 = 4.2790e-04
Loss = 3.3402e-03, PNorm = 90.1360, GNorm = 0.3069, lr_0 = 4.2770e-04
Loss = 2.2117e-03, PNorm = 90.1372, GNorm = 0.1183, lr_0 = 4.2751e-04
Loss = 4.1519e-03, PNorm = 90.1403, GNorm = 0.1264, lr_0 = 4.2731e-04
Loss = 1.5436e-03, PNorm = 90.1424, GNorm = 0.1484, lr_0 = 4.2711e-04
Loss = 2.2746e-03, PNorm = 90.1482, GNorm = 0.1903, lr_0 = 4.2691e-04
Loss = 4.2465e-03, PNorm = 90.1521, GNorm = 0.1326, lr_0 = 4.2671e-04
Loss = 3.7609e-03, PNorm = 90.1569, GNorm = 0.2092, lr_0 = 4.2652e-04
Loss = 2.9212e-03, PNorm = 90.1622, GNorm = 0.1917, lr_0 = 4.2632e-04
Loss = 1.4095e-03, PNorm = 90.1674, GNorm = 0.2552, lr_0 = 4.2612e-04
Loss = 2.8163e-03, PNorm = 90.1712, GNorm = 0.0865, lr_0 = 4.2592e-04
Loss = 1.5611e-03, PNorm = 90.1748, GNorm = 0.0757, lr_0 = 4.2573e-04
Loss = 2.6357e-03, PNorm = 90.1790, GNorm = 0.1932, lr_0 = 4.2553e-04
Loss = 1.4280e-03, PNorm = 90.1837, GNorm = 0.1063, lr_0 = 4.2533e-04
Loss = 7.9462e-04, PNorm = 90.1858, GNorm = 0.0727, lr_0 = 4.2514e-04
Loss = 1.4285e-03, PNorm = 90.1873, GNorm = 0.0877, lr_0 = 4.2494e-04
Loss = 2.7676e-03, PNorm = 90.1880, GNorm = 0.1219, lr_0 = 4.2474e-04
Loss = 1.7812e-03, PNorm = 90.1901, GNorm = 0.0585, lr_0 = 4.2454e-04
Loss = 1.9485e-03, PNorm = 90.1951, GNorm = 0.1484, lr_0 = 4.2435e-04
Loss = 2.7990e-03, PNorm = 90.1976, GNorm = 0.0851, lr_0 = 4.2415e-04
Loss = 2.2682e-03, PNorm = 90.2001, GNorm = 0.1024, lr_0 = 4.2395e-04
Loss = 1.5416e-03, PNorm = 90.2031, GNorm = 0.0780, lr_0 = 4.2376e-04
Loss = 2.1120e-03, PNorm = 90.2060, GNorm = 0.0882, lr_0 = 4.2356e-04
Loss = 2.9153e-03, PNorm = 90.2090, GNorm = 0.0592, lr_0 = 4.2337e-04
Loss = 1.4893e-03, PNorm = 90.2139, GNorm = 0.1875, lr_0 = 4.2317e-04
Loss = 1.6344e-03, PNorm = 90.2144, GNorm = 0.2071, lr_0 = 4.2297e-04
Loss = 1.6407e-03, PNorm = 90.2164, GNorm = 0.2213, lr_0 = 4.2278e-04
Loss = 1.6855e-03, PNorm = 90.2167, GNorm = 0.0914, lr_0 = 4.2258e-04
Loss = 2.9489e-03, PNorm = 90.2177, GNorm = 0.2271, lr_0 = 4.2239e-04
Loss = 2.9799e-03, PNorm = 90.2194, GNorm = 0.1088, lr_0 = 4.2219e-04
Loss = 2.7627e-03, PNorm = 90.2220, GNorm = 0.1806, lr_0 = 4.2199e-04
Loss = 2.2294e-03, PNorm = 90.2223, GNorm = 0.0913, lr_0 = 4.2180e-04
Loss = 3.7311e-03, PNorm = 90.2249, GNorm = 0.1881, lr_0 = 4.2160e-04
Loss = 2.4589e-03, PNorm = 90.2276, GNorm = 0.1438, lr_0 = 4.2141e-04
Loss = 3.0139e-03, PNorm = 90.2292, GNorm = 0.1337, lr_0 = 4.2121e-04
Loss = 1.4597e-03, PNorm = 90.2353, GNorm = 0.1760, lr_0 = 4.2102e-04
Loss = 2.1750e-03, PNorm = 90.2397, GNorm = 0.0663, lr_0 = 4.2082e-04
Loss = 1.2790e-03, PNorm = 90.2426, GNorm = 0.0985, lr_0 = 4.2063e-04
Loss = 7.1423e-04, PNorm = 90.2457, GNorm = 0.0834, lr_0 = 4.2043e-04
Loss = 1.0700e-03, PNorm = 90.2472, GNorm = 0.0683, lr_0 = 4.2024e-04
Loss = 2.2982e-03, PNorm = 90.2475, GNorm = 0.2280, lr_0 = 4.2004e-04
Loss = 2.0043e-03, PNorm = 90.2502, GNorm = 0.0410, lr_0 = 4.1985e-04
Loss = 2.0599e-03, PNorm = 90.2552, GNorm = 0.3079, lr_0 = 4.1965e-04
Loss = 3.1146e-03, PNorm = 90.2615, GNorm = 0.1230, lr_0 = 4.1946e-04
Loss = 2.0724e-03, PNorm = 90.2641, GNorm = 0.2445, lr_0 = 4.1927e-04
Loss = 3.1995e-03, PNorm = 90.2666, GNorm = 0.2229, lr_0 = 4.1907e-04
Loss = 2.0325e-03, PNorm = 90.2700, GNorm = 0.1395, lr_0 = 4.1888e-04
Loss = 2.4332e-03, PNorm = 90.2710, GNorm = 0.1112, lr_0 = 4.1868e-04
Loss = 8.3150e-04, PNorm = 90.2744, GNorm = 0.0378, lr_0 = 4.1849e-04
Loss = 1.7881e-03, PNorm = 90.2753, GNorm = 0.1091, lr_0 = 4.1830e-04
Loss = 2.0874e-03, PNorm = 90.2789, GNorm = 0.0896, lr_0 = 4.1810e-04
Loss = 1.1513e-03, PNorm = 90.2812, GNorm = 0.0628, lr_0 = 4.1791e-04
Loss = 1.3210e-03, PNorm = 90.2818, GNorm = 0.1123, lr_0 = 4.1771e-04
Loss = 2.0645e-03, PNorm = 90.2828, GNorm = 0.1017, lr_0 = 4.1752e-04
Loss = 2.0999e-03, PNorm = 90.2856, GNorm = 0.4169, lr_0 = 4.1733e-04
Loss = 9.6535e-04, PNorm = 90.2883, GNorm = 0.0657, lr_0 = 4.1713e-04
Loss = 1.6456e-03, PNorm = 90.2909, GNorm = 0.1310, lr_0 = 4.1694e-04
Loss = 1.1398e-03, PNorm = 90.2915, GNorm = 0.0838, lr_0 = 4.1675e-04
Loss = 1.4471e-03, PNorm = 90.2934, GNorm = 0.1508, lr_0 = 4.1655e-04
Loss = 2.0909e-03, PNorm = 90.2957, GNorm = 0.0555, lr_0 = 4.1636e-04
Loss = 2.8884e-03, PNorm = 90.2988, GNorm = 0.2990, lr_0 = 4.1617e-04
Loss = 2.7965e-03, PNorm = 90.3024, GNorm = 0.0461, lr_0 = 4.1598e-04
Loss = 2.0249e-03, PNorm = 90.3053, GNorm = 0.1994, lr_0 = 4.1578e-04
Loss = 2.6286e-03, PNorm = 90.3088, GNorm = 0.1428, lr_0 = 4.1559e-04
Loss = 2.0391e-03, PNorm = 90.3114, GNorm = 0.3339, lr_0 = 4.1540e-04
Loss = 3.6448e-03, PNorm = 90.3149, GNorm = 0.3628, lr_0 = 4.1521e-04
Loss = 2.4231e-03, PNorm = 90.3185, GNorm = 0.2168, lr_0 = 4.1501e-04
Loss = 1.2798e-03, PNorm = 90.3198, GNorm = 0.0715, lr_0 = 4.1482e-04
Loss = 1.9388e-03, PNorm = 90.3229, GNorm = 0.0898, lr_0 = 4.1463e-04
Loss = 3.4476e-03, PNorm = 90.3240, GNorm = 0.3101, lr_0 = 4.1444e-04
Loss = 1.4078e-03, PNorm = 90.3285, GNorm = 0.1718, lr_0 = 4.1424e-04
Loss = 2.2949e-03, PNorm = 90.3326, GNorm = 0.0487, lr_0 = 4.1405e-04
Loss = 1.4017e-03, PNorm = 90.3340, GNorm = 0.0557, lr_0 = 4.1386e-04
Loss = 2.8207e-03, PNorm = 90.3356, GNorm = 0.0686, lr_0 = 4.1367e-04
Loss = 2.3020e-03, PNorm = 90.3393, GNorm = 0.1400, lr_0 = 4.1348e-04
Loss = 2.0153e-03, PNorm = 90.3425, GNorm = 0.0803, lr_0 = 4.1329e-04
Loss = 1.9200e-03, PNorm = 90.3453, GNorm = 0.0962, lr_0 = 4.1309e-04
Loss = 1.8824e-03, PNorm = 90.3504, GNorm = 0.1379, lr_0 = 4.1290e-04
Loss = 2.0011e-03, PNorm = 90.3530, GNorm = 0.0850, lr_0 = 4.1271e-04
Loss = 1.2486e-03, PNorm = 90.3577, GNorm = 0.1503, lr_0 = 4.1252e-04
Loss = 1.9690e-03, PNorm = 90.3588, GNorm = 0.0686, lr_0 = 4.1233e-04
Loss = 2.0678e-03, PNorm = 90.3619, GNorm = 0.1211, lr_0 = 4.1214e-04
Loss = 3.5019e-03, PNorm = 90.3664, GNorm = 0.2312, lr_0 = 4.1195e-04
Loss = 2.3229e-03, PNorm = 90.3699, GNorm = 0.0680, lr_0 = 4.1176e-04
Loss = 2.2622e-03, PNorm = 90.3712, GNorm = 0.1946, lr_0 = 4.1157e-04
Loss = 2.3895e-03, PNorm = 90.3754, GNorm = 0.2474, lr_0 = 4.1137e-04
Loss = 2.1895e-03, PNorm = 90.3815, GNorm = 0.2962, lr_0 = 4.1118e-04
Loss = 4.0799e-03, PNorm = 90.3855, GNorm = 0.1246, lr_0 = 4.1099e-04
Loss = 3.3798e-03, PNorm = 90.3913, GNorm = 0.0651, lr_0 = 4.1080e-04
Loss = 2.6291e-03, PNorm = 90.3936, GNorm = 0.1787, lr_0 = 4.1061e-04
Loss = 2.9810e-03, PNorm = 90.3970, GNorm = 0.0922, lr_0 = 4.1042e-04
Loss = 2.9806e-03, PNorm = 90.4020, GNorm = 0.1368, lr_0 = 4.1023e-04
Loss = 2.0863e-03, PNorm = 90.4045, GNorm = 0.0828, lr_0 = 4.1004e-04
Loss = 2.4516e-03, PNorm = 90.4084, GNorm = 0.0786, lr_0 = 4.0985e-04
Loss = 3.3843e-03, PNorm = 90.4116, GNorm = 0.3110, lr_0 = 4.0966e-04
Loss = 2.2789e-03, PNorm = 90.4172, GNorm = 0.3005, lr_0 = 4.0947e-04
Loss = 3.6456e-03, PNorm = 90.4223, GNorm = 0.2824, lr_0 = 4.0928e-04
Loss = 1.3255e-03, PNorm = 90.4246, GNorm = 0.1113, lr_0 = 4.0909e-04
Loss = 2.7537e-03, PNorm = 90.4281, GNorm = 0.2401, lr_0 = 4.0890e-04
Loss = 3.0100e-03, PNorm = 90.4305, GNorm = 0.3908, lr_0 = 4.0871e-04
Loss = 2.1558e-03, PNorm = 90.4322, GNorm = 0.3588, lr_0 = 4.0852e-04
Loss = 1.8220e-03, PNorm = 90.4336, GNorm = 0.2202, lr_0 = 4.0834e-04
Loss = 3.5242e-03, PNorm = 90.4389, GNorm = 0.1086, lr_0 = 4.0815e-04
Loss = 3.0135e-03, PNorm = 90.4417, GNorm = 0.1813, lr_0 = 4.0796e-04
Loss = 1.6608e-03, PNorm = 90.4446, GNorm = 0.1610, lr_0 = 4.0777e-04
Loss = 2.4385e-03, PNorm = 90.4478, GNorm = 0.3763, lr_0 = 4.0758e-04
Loss = 3.1389e-03, PNorm = 90.4502, GNorm = 0.2825, lr_0 = 4.0739e-04
Loss = 2.4840e-03, PNorm = 90.4512, GNorm = 0.1290, lr_0 = 4.0720e-04
Loss = 4.3963e-03, PNorm = 90.4544, GNorm = 0.1864, lr_0 = 4.0701e-04
Loss = 1.6114e-03, PNorm = 90.4563, GNorm = 0.2846, lr_0 = 4.0682e-04
Loss = 9.4924e-04, PNorm = 90.4616, GNorm = 0.2134, lr_0 = 4.0664e-04
Loss = 2.4908e-03, PNorm = 90.4669, GNorm = 0.3666, lr_0 = 4.0645e-04
Loss = 2.4370e-03, PNorm = 90.4704, GNorm = 0.1171, lr_0 = 4.0626e-04
Loss = 2.2130e-03, PNorm = 90.4733, GNorm = 0.2328, lr_0 = 4.0607e-04
Loss = 2.4065e-03, PNorm = 90.4741, GNorm = 0.2235, lr_0 = 4.0588e-04
Loss = 2.0391e-03, PNorm = 90.4779, GNorm = 0.1645, lr_0 = 4.0569e-04
Loss = 1.0980e-03, PNorm = 90.4784, GNorm = 0.0899, lr_0 = 4.0551e-04
Loss = 1.9973e-03, PNorm = 90.4794, GNorm = 0.1088, lr_0 = 4.0532e-04
Loss = 1.2235e-03, PNorm = 90.4831, GNorm = 0.1348, lr_0 = 4.0513e-04
Loss = 1.6079e-03, PNorm = 90.4839, GNorm = 0.1001, lr_0 = 4.0494e-04
Loss = 1.8400e-03, PNorm = 90.4824, GNorm = 0.0857, lr_0 = 4.0476e-04
Loss = 2.8807e-03, PNorm = 90.4828, GNorm = 0.2308, lr_0 = 4.0457e-04
Loss = 1.8688e-03, PNorm = 90.4843, GNorm = 0.1856, lr_0 = 4.0438e-04
Loss = 1.1726e-03, PNorm = 90.4856, GNorm = 0.1470, lr_0 = 4.0419e-04
Loss = 2.4458e-03, PNorm = 90.4883, GNorm = 0.1167, lr_0 = 4.0401e-04
Loss = 2.4967e-03, PNorm = 90.4902, GNorm = 0.1844, lr_0 = 4.0382e-04
Loss = 2.4624e-03, PNorm = 90.4928, GNorm = 0.1867, lr_0 = 4.0363e-04
Loss = 2.4296e-03, PNorm = 90.4973, GNorm = 0.1003, lr_0 = 4.0344e-04
Loss = 4.3497e-03, PNorm = 90.5030, GNorm = 0.1267, lr_0 = 4.0326e-04
Loss = 1.5391e-03, PNorm = 90.5032, GNorm = 0.0917, lr_0 = 4.0307e-04
Loss = 2.8289e-03, PNorm = 90.5080, GNorm = 0.3913, lr_0 = 4.0288e-04
Loss = 2.4169e-03, PNorm = 90.5110, GNorm = 0.2093, lr_0 = 4.0270e-04
Loss = 2.7479e-03, PNorm = 90.5142, GNorm = 0.2018, lr_0 = 4.0251e-04
Loss = 1.7588e-03, PNorm = 90.5184, GNorm = 0.1394, lr_0 = 4.0232e-04
Loss = 2.5711e-03, PNorm = 90.5200, GNorm = 0.1547, lr_0 = 4.0214e-04
Loss = 2.1402e-03, PNorm = 90.5221, GNorm = 0.1795, lr_0 = 4.0195e-04
Loss = 1.4857e-03, PNorm = 90.5242, GNorm = 0.0970, lr_0 = 4.0177e-04
Loss = 2.1037e-03, PNorm = 90.5271, GNorm = 0.3254, lr_0 = 4.0158e-04
Loss = 2.3642e-03, PNorm = 90.5288, GNorm = 0.2897, lr_0 = 4.0139e-04
Loss = 3.8578e-03, PNorm = 90.5318, GNorm = 0.2585, lr_0 = 4.0121e-04
Loss = 2.2194e-03, PNorm = 90.5322, GNorm = 0.1032, lr_0 = 4.0102e-04
Loss = 2.3479e-03, PNorm = 90.5371, GNorm = 0.0763, lr_0 = 4.0084e-04
Loss = 2.8010e-03, PNorm = 90.5397, GNorm = 0.1901, lr_0 = 4.0065e-04
Loss = 2.9854e-03, PNorm = 90.5448, GNorm = 0.2712, lr_0 = 4.0046e-04
Loss = 1.7422e-03, PNorm = 90.5454, GNorm = 0.4618, lr_0 = 4.0028e-04
Loss = 1.7082e-03, PNorm = 90.5494, GNorm = 0.1964, lr_0 = 4.0009e-04
Loss = 2.3900e-03, PNorm = 90.5499, GNorm = 0.1577, lr_0 = 3.9991e-04
Loss = 2.8593e-03, PNorm = 90.5529, GNorm = 0.3025, lr_0 = 3.9972e-04
Loss = 2.3251e-03, PNorm = 90.5588, GNorm = 0.1082, lr_0 = 3.9954e-04
Loss = 4.1199e-03, PNorm = 90.5581, GNorm = 0.2091, lr_0 = 3.9935e-04
Loss = 1.6359e-03, PNorm = 90.5599, GNorm = 0.3813, lr_0 = 3.9917e-04
Loss = 2.0281e-03, PNorm = 90.5622, GNorm = 0.1474, lr_0 = 3.9898e-04
Loss = 2.2020e-03, PNorm = 90.5657, GNorm = 0.1157, lr_0 = 3.9880e-04
Loss = 2.5866e-03, PNorm = 90.5682, GNorm = 0.2857, lr_0 = 3.9861e-04
Loss = 2.6299e-03, PNorm = 90.5699, GNorm = 0.2709, lr_0 = 3.9843e-04
Loss = 1.9792e-03, PNorm = 90.5707, GNorm = 0.0843, lr_0 = 3.9824e-04
Loss = 1.7190e-03, PNorm = 90.5743, GNorm = 0.1592, lr_0 = 3.9806e-04
Loss = 1.7787e-03, PNorm = 90.5772, GNorm = 0.0662, lr_0 = 3.9787e-04
Loss = 2.0262e-03, PNorm = 90.5794, GNorm = 0.1169, lr_0 = 3.9769e-04
Loss = 1.6006e-03, PNorm = 90.5802, GNorm = 0.1552, lr_0 = 3.9751e-04
Loss = 1.3375e-03, PNorm = 90.5829, GNorm = 0.2509, lr_0 = 3.9732e-04
Loss = 1.2945e-03, PNorm = 90.5870, GNorm = 0.2233, lr_0 = 3.9714e-04
Loss = 1.7803e-03, PNorm = 90.5883, GNorm = 0.0877, lr_0 = 3.9695e-04
Loss = 1.9144e-03, PNorm = 90.5887, GNorm = 0.1096, lr_0 = 3.9677e-04
Loss = 2.0227e-03, PNorm = 90.5915, GNorm = 0.1195, lr_0 = 3.9659e-04
Loss = 2.1157e-03, PNorm = 90.5927, GNorm = 0.1839, lr_0 = 3.9640e-04
Loss = 2.5278e-03, PNorm = 90.5965, GNorm = 0.6906, lr_0 = 3.9622e-04
Loss = 1.0945e-03, PNorm = 90.5982, GNorm = 0.1634, lr_0 = 3.9604e-04
Loss = 1.1588e-03, PNorm = 90.5983, GNorm = 0.1832, lr_0 = 3.9585e-04
Loss = 2.2834e-03, PNorm = 90.6007, GNorm = 0.1880, lr_0 = 3.9567e-04
Loss = 2.4302e-03, PNorm = 90.6023, GNorm = 0.1134, lr_0 = 3.9548e-04
Loss = 2.3012e-03, PNorm = 90.6053, GNorm = 0.0867, lr_0 = 3.9530e-04
Loss = 3.0504e-03, PNorm = 90.6072, GNorm = 0.0986, lr_0 = 3.9512e-04
Loss = 1.5709e-03, PNorm = 90.6078, GNorm = 0.2218, lr_0 = 3.9494e-04
Loss = 1.7710e-03, PNorm = 90.6127, GNorm = 0.3101, lr_0 = 3.9475e-04
Loss = 1.9313e-03, PNorm = 90.6173, GNorm = 0.0917, lr_0 = 3.9457e-04
Loss = 1.2713e-03, PNorm = 90.6199, GNorm = 0.1069, lr_0 = 3.9439e-04
Loss = 2.4268e-03, PNorm = 90.6232, GNorm = 0.1403, lr_0 = 3.9420e-04
Loss = 1.4972e-03, PNorm = 90.6267, GNorm = 0.3577, lr_0 = 3.9402e-04
Loss = 2.8378e-03, PNorm = 90.6281, GNorm = 0.2112, lr_0 = 3.9384e-04
Loss = 2.3401e-03, PNorm = 90.6285, GNorm = 0.2543, lr_0 = 3.9366e-04
Loss = 2.3467e-03, PNorm = 90.6316, GNorm = 0.2935, lr_0 = 3.9347e-04
Loss = 1.7268e-03, PNorm = 90.6323, GNorm = 0.0839, lr_0 = 3.9329e-04
Loss = 1.5074e-03, PNorm = 90.6335, GNorm = 0.1346, lr_0 = 3.9311e-04
Loss = 2.1827e-03, PNorm = 90.6349, GNorm = 0.2582, lr_0 = 3.9293e-04
Loss = 2.1594e-03, PNorm = 90.6373, GNorm = 0.0428, lr_0 = 3.9275e-04
Loss = 1.0344e-03, PNorm = 90.6388, GNorm = 0.1345, lr_0 = 3.9256e-04
Loss = 2.5640e-03, PNorm = 90.6413, GNorm = 0.1392, lr_0 = 3.9238e-04
Loss = 1.9184e-03, PNorm = 90.6452, GNorm = 0.0774, lr_0 = 3.9220e-04
Loss = 2.6003e-03, PNorm = 90.6465, GNorm = 0.2243, lr_0 = 3.9202e-04
Loss = 1.7019e-03, PNorm = 90.6486, GNorm = 0.2720, lr_0 = 3.9184e-04
Loss = 1.1561e-03, PNorm = 90.6509, GNorm = 0.2176, lr_0 = 3.9165e-04
Loss = 2.1723e-03, PNorm = 90.6524, GNorm = 0.1556, lr_0 = 3.9147e-04
Loss = 2.1732e-03, PNorm = 90.6525, GNorm = 0.0782, lr_0 = 3.9129e-04
Loss = 2.8452e-03, PNorm = 90.6528, GNorm = 0.1867, lr_0 = 3.9111e-04
Loss = 2.7206e-03, PNorm = 90.6564, GNorm = 0.1411, lr_0 = 3.9093e-04
Loss = 2.6133e-03, PNorm = 90.6600, GNorm = 0.2027, lr_0 = 3.9075e-04
Loss = 1.9124e-03, PNorm = 90.6637, GNorm = 0.2058, lr_0 = 3.9057e-04
Loss = 2.8143e-03, PNorm = 90.6649, GNorm = 0.1485, lr_0 = 3.9039e-04
Loss = 2.3470e-03, PNorm = 90.6690, GNorm = 0.0668, lr_0 = 3.9021e-04
Loss = 1.6089e-03, PNorm = 90.6702, GNorm = 0.0757, lr_0 = 3.9002e-04
Loss = 2.5361e-03, PNorm = 90.6732, GNorm = 0.0592, lr_0 = 3.8984e-04
Loss = 1.7858e-03, PNorm = 90.6760, GNorm = 0.3897, lr_0 = 3.8966e-04
Loss = 1.7897e-03, PNorm = 90.6752, GNorm = 0.0956, lr_0 = 3.8948e-04
Loss = 1.6387e-03, PNorm = 90.6767, GNorm = 0.1307, lr_0 = 3.8930e-04
Loss = 2.0393e-03, PNorm = 90.6776, GNorm = 0.0767, lr_0 = 3.8912e-04
Loss = 2.1379e-03, PNorm = 90.6801, GNorm = 0.0627, lr_0 = 3.8894e-04
Loss = 2.3308e-03, PNorm = 90.6831, GNorm = 0.0952, lr_0 = 3.8876e-04
Loss = 1.5841e-03, PNorm = 90.6866, GNorm = 0.1066, lr_0 = 3.8858e-04
Loss = 2.4737e-03, PNorm = 90.6903, GNorm = 0.1838, lr_0 = 3.8840e-04
Loss = 1.8463e-03, PNorm = 90.6934, GNorm = 0.2521, lr_0 = 3.8822e-04
Loss = 1.3538e-03, PNorm = 90.6931, GNorm = 0.1133, lr_0 = 3.8804e-04
Loss = 1.6327e-03, PNorm = 90.6954, GNorm = 0.2378, lr_0 = 3.8786e-04
Loss = 1.8726e-03, PNorm = 90.6973, GNorm = 0.1606, lr_0 = 3.8768e-04
Loss = 3.6858e-03, PNorm = 90.6992, GNorm = 0.4121, lr_0 = 3.8750e-04
Loss = 3.1474e-03, PNorm = 90.7014, GNorm = 0.2498, lr_0 = 3.8732e-04
Loss = 2.7526e-03, PNorm = 90.7046, GNorm = 0.1311, lr_0 = 3.8714e-04
Loss = 1.8120e-03, PNorm = 90.7089, GNorm = 0.0957, lr_0 = 3.8696e-04
Loss = 3.1030e-03, PNorm = 90.7110, GNorm = 0.1361, lr_0 = 3.8678e-04
Loss = 2.5505e-03, PNorm = 90.7135, GNorm = 0.0594, lr_0 = 3.8661e-04
Loss = 2.2991e-03, PNorm = 90.7162, GNorm = 0.3301, lr_0 = 3.8643e-04
Loss = 2.4069e-03, PNorm = 90.7169, GNorm = 0.1647, lr_0 = 3.8625e-04
Loss = 2.5729e-03, PNorm = 90.7219, GNorm = 0.1194, lr_0 = 3.8607e-04
Loss = 3.2526e-03, PNorm = 90.7280, GNorm = 0.1542, lr_0 = 3.8589e-04
Loss = 3.2608e-03, PNorm = 90.7303, GNorm = 0.3669, lr_0 = 3.8571e-04
Loss = 2.8604e-03, PNorm = 90.7298, GNorm = 0.2908, lr_0 = 3.8553e-04
Loss = 3.6809e-03, PNorm = 90.7337, GNorm = 0.4486, lr_0 = 3.8535e-04
Loss = 2.8464e-03, PNorm = 90.7350, GNorm = 0.2922, lr_0 = 3.8517e-04
Loss = 3.7914e-03, PNorm = 90.7386, GNorm = 0.0883, lr_0 = 3.8500e-04
Loss = 3.2472e-03, PNorm = 90.7414, GNorm = 0.0793, lr_0 = 3.8482e-04
Loss = 2.7572e-03, PNorm = 90.7455, GNorm = 0.2513, lr_0 = 3.8464e-04
Loss = 2.4785e-03, PNorm = 90.7479, GNorm = 0.1292, lr_0 = 3.8446e-04
Loss = 2.7062e-03, PNorm = 90.7511, GNorm = 0.0980, lr_0 = 3.8428e-04
Loss = 2.4790e-03, PNorm = 90.7553, GNorm = 0.2418, lr_0 = 3.8411e-04
Loss = 1.3341e-03, PNorm = 90.7605, GNorm = 0.1158, lr_0 = 3.8393e-04
Loss = 3.4866e-03, PNorm = 90.7613, GNorm = 0.2496, lr_0 = 3.8375e-04
Loss = 3.4060e-03, PNorm = 90.7650, GNorm = 0.1603, lr_0 = 3.8357e-04
Loss = 1.9618e-03, PNorm = 90.7683, GNorm = 0.2592, lr_0 = 3.8339e-04
Loss = 2.0893e-03, PNorm = 90.7709, GNorm = 0.0839, lr_0 = 3.8322e-04
Loss = 2.5439e-03, PNorm = 90.7720, GNorm = 0.1394, lr_0 = 3.8304e-04
Loss = 1.2893e-03, PNorm = 90.7748, GNorm = 0.0733, lr_0 = 3.8286e-04
Loss = 1.4294e-03, PNorm = 90.7796, GNorm = 0.3142, lr_0 = 3.8268e-04
Loss = 3.3405e-03, PNorm = 90.7833, GNorm = 0.0872, lr_0 = 3.8251e-04
Loss = 2.8188e-03, PNorm = 90.7880, GNorm = 0.0801, lr_0 = 3.8233e-04
Loss = 3.1805e-03, PNorm = 90.7904, GNorm = 0.0690, lr_0 = 3.8215e-04
Loss = 2.7426e-03, PNorm = 90.7916, GNorm = 0.1438, lr_0 = 3.8198e-04
Loss = 2.0790e-03, PNorm = 90.7929, GNorm = 0.0528, lr_0 = 3.8180e-04
Loss = 1.4394e-03, PNorm = 90.7936, GNorm = 0.1090, lr_0 = 3.8162e-04
Loss = 2.2175e-03, PNorm = 90.7950, GNorm = 0.2571, lr_0 = 3.8144e-04
Loss = 1.7301e-03, PNorm = 90.7971, GNorm = 0.1943, lr_0 = 3.8127e-04
Loss = 2.6600e-03, PNorm = 90.7992, GNorm = 0.1357, lr_0 = 3.8109e-04
Loss = 2.1854e-03, PNorm = 90.8004, GNorm = 0.2862, lr_0 = 3.8091e-04
Loss = 1.6027e-03, PNorm = 90.8021, GNorm = 0.1022, lr_0 = 3.8074e-04
Loss = 2.9130e-03, PNorm = 90.8039, GNorm = 0.0704, lr_0 = 3.8056e-04
Loss = 1.9076e-03, PNorm = 90.8056, GNorm = 0.0282, lr_0 = 3.8039e-04
Loss = 1.9101e-03, PNorm = 90.8077, GNorm = 0.1736, lr_0 = 3.8021e-04
Loss = 3.3583e-03, PNorm = 90.8091, GNorm = 0.4479, lr_0 = 3.8003e-04
Loss = 3.2821e-03, PNorm = 90.8142, GNorm = 0.2033, lr_0 = 3.7986e-04
Loss = 2.0917e-03, PNorm = 90.8151, GNorm = 0.2152, lr_0 = 3.7968e-04
Loss = 1.5084e-03, PNorm = 90.8161, GNorm = 0.0869, lr_0 = 3.7950e-04
Loss = 2.3245e-03, PNorm = 90.8165, GNorm = 0.0926, lr_0 = 3.7933e-04
Loss = 2.1633e-03, PNorm = 90.8198, GNorm = 0.1545, lr_0 = 3.7915e-04
Loss = 2.3771e-03, PNorm = 90.8229, GNorm = 0.1754, lr_0 = 3.7898e-04
Loss = 2.1236e-03, PNorm = 90.8239, GNorm = 0.1551, lr_0 = 3.7880e-04
Loss = 2.1294e-03, PNorm = 90.8280, GNorm = 0.2669, lr_0 = 3.7863e-04
Loss = 2.3862e-03, PNorm = 90.8309, GNorm = 0.1662, lr_0 = 3.7845e-04
Loss = 2.6244e-03, PNorm = 90.8336, GNorm = 0.0975, lr_0 = 3.7828e-04
Loss = 1.3312e-03, PNorm = 90.8385, GNorm = 0.2451, lr_0 = 3.7810e-04
Loss = 1.8042e-03, PNorm = 90.8417, GNorm = 0.0400, lr_0 = 3.7793e-04
Loss = 2.5156e-03, PNorm = 90.8430, GNorm = 0.1748, lr_0 = 3.7775e-04
Loss = 3.9447e-03, PNorm = 90.8453, GNorm = 0.1016, lr_0 = 3.7758e-04
Loss = 1.8288e-03, PNorm = 90.8460, GNorm = 0.0607, lr_0 = 3.7740e-04
Loss = 1.7393e-03, PNorm = 90.8480, GNorm = 0.0548, lr_0 = 3.7723e-04
Loss = 1.9220e-03, PNorm = 90.8508, GNorm = 0.3255, lr_0 = 3.7705e-04
Loss = 1.8263e-03, PNorm = 90.8544, GNorm = 0.0755, lr_0 = 3.7688e-04
Loss = 2.1775e-03, PNorm = 90.8557, GNorm = 0.1566, lr_0 = 3.7670e-04
Loss = 1.6696e-03, PNorm = 90.8548, GNorm = 0.1579, lr_0 = 3.7653e-04
Loss = 2.5477e-03, PNorm = 90.8549, GNorm = 0.0971, lr_0 = 3.7635e-04
Loss = 4.0196e-03, PNorm = 90.8562, GNorm = 0.2540, lr_0 = 3.7618e-04
Loss = 3.0168e-03, PNorm = 90.8618, GNorm = 0.1909, lr_0 = 3.7600e-04
Loss = 1.9878e-03, PNorm = 90.8627, GNorm = 0.1006, lr_0 = 3.7583e-04
Loss = 1.4297e-03, PNorm = 90.8660, GNorm = 0.3425, lr_0 = 3.7566e-04
Loss = 2.6330e-03, PNorm = 90.8691, GNorm = 0.1445, lr_0 = 3.7548e-04
Loss = 2.2832e-03, PNorm = 90.8700, GNorm = 0.1179, lr_0 = 3.7531e-04
Loss = 1.8609e-03, PNorm = 90.8728, GNorm = 0.0784, lr_0 = 3.7513e-04
Loss = 3.1106e-03, PNorm = 90.8761, GNorm = 0.1773, lr_0 = 3.7496e-04
Loss = 2.7696e-03, PNorm = 90.8770, GNorm = 0.2660, lr_0 = 3.7479e-04
Loss = 2.3664e-03, PNorm = 90.8789, GNorm = 0.2219, lr_0 = 3.7461e-04
Loss = 1.1782e-03, PNorm = 90.8811, GNorm = 0.1625, lr_0 = 3.7444e-04
Loss = 1.1958e-03, PNorm = 90.8820, GNorm = 0.0488, lr_0 = 3.7427e-04
Loss = 2.8806e-03, PNorm = 90.8826, GNorm = 0.0959, lr_0 = 3.7409e-04
Loss = 2.1665e-03, PNorm = 90.8856, GNorm = 0.0817, lr_0 = 3.7392e-04
Loss = 2.1432e-03, PNorm = 90.8909, GNorm = 0.1784, lr_0 = 3.7375e-04
Loss = 1.9709e-03, PNorm = 90.8937, GNorm = 0.3478, lr_0 = 3.7357e-04
Loss = 3.1955e-03, PNorm = 90.8966, GNorm = 0.2140, lr_0 = 3.7340e-04
Loss = 1.2082e-03, PNorm = 90.8943, GNorm = 0.1230, lr_0 = 3.7323e-04
Loss = 1.3687e-03, PNorm = 90.8958, GNorm = 0.0690, lr_0 = 3.7305e-04
Loss = 1.1415e-03, PNorm = 90.8969, GNorm = 0.0715, lr_0 = 3.7288e-04
Loss = 3.3101e-03, PNorm = 90.8974, GNorm = 0.2839, lr_0 = 3.7271e-04
Loss = 2.4815e-03, PNorm = 90.9013, GNorm = 0.1081, lr_0 = 3.7253e-04
Loss = 3.5375e-03, PNorm = 90.9015, GNorm = 0.3187, lr_0 = 3.7236e-04
Loss = 2.9006e-03, PNorm = 90.9033, GNorm = 0.1006, lr_0 = 3.7219e-04
Loss = 1.5911e-03, PNorm = 90.9073, GNorm = 0.1757, lr_0 = 3.7202e-04
Loss = 2.3053e-03, PNorm = 90.9104, GNorm = 0.0911, lr_0 = 3.7184e-04
Loss = 1.5884e-03, PNorm = 90.9120, GNorm = 0.4199, lr_0 = 3.7167e-04
Loss = 1.1253e-03, PNorm = 90.9129, GNorm = 0.0533, lr_0 = 3.7150e-04
Loss = 1.3185e-03, PNorm = 90.9133, GNorm = 0.0365, lr_0 = 3.7133e-04
Loss = 1.2493e-03, PNorm = 90.9128, GNorm = 0.1288, lr_0 = 3.7116e-04
Loss = 2.0438e-03, PNorm = 90.9138, GNorm = 0.0802, lr_0 = 3.7098e-04
Loss = 8.2016e-04, PNorm = 90.9169, GNorm = 0.0391, lr_0 = 3.7081e-04
Loss = 1.1336e-03, PNorm = 90.9172, GNorm = 0.0846, lr_0 = 3.7064e-04
Loss = 1.3274e-03, PNorm = 90.9194, GNorm = 0.1280, lr_0 = 3.7047e-04
Loss = 1.3246e-03, PNorm = 90.9235, GNorm = 0.2923, lr_0 = 3.7030e-04
Loss = 1.1539e-03, PNorm = 90.9244, GNorm = 0.0692, lr_0 = 3.7013e-04
Loss = 2.5475e-03, PNorm = 90.9268, GNorm = 0.1609, lr_0 = 3.6995e-04
Loss = 2.5401e-03, PNorm = 90.9269, GNorm = 0.2164, lr_0 = 3.6978e-04
Loss = 3.3331e-03, PNorm = 90.9284, GNorm = 0.2404, lr_0 = 3.6961e-04
Loss = 2.4484e-03, PNorm = 90.9307, GNorm = 0.2248, lr_0 = 3.6944e-04
Loss = 2.2784e-03, PNorm = 90.9329, GNorm = 0.1423, lr_0 = 3.6927e-04
Loss = 1.0948e-03, PNorm = 90.9357, GNorm = 0.0958, lr_0 = 3.6910e-04
Loss = 1.8743e-03, PNorm = 90.9379, GNorm = 0.0537, lr_0 = 3.6893e-04
Loss = 2.5295e-03, PNorm = 90.9428, GNorm = 0.0339, lr_0 = 3.6876e-04
Loss = 1.6238e-03, PNorm = 90.9475, GNorm = 0.0606, lr_0 = 3.6859e-04
Loss = 1.9524e-03, PNorm = 90.9478, GNorm = 0.1966, lr_0 = 3.6841e-04
Loss = 2.0056e-03, PNorm = 90.9491, GNorm = 0.1253, lr_0 = 3.6824e-04
Loss = 2.1651e-03, PNorm = 90.9524, GNorm = 0.2012, lr_0 = 3.6807e-04
Loss = 9.9436e-04, PNorm = 90.9522, GNorm = 0.0622, lr_0 = 3.6790e-04
Loss = 2.7812e-03, PNorm = 90.9532, GNorm = 0.0647, lr_0 = 3.6773e-04
Loss = 2.4913e-03, PNorm = 90.9536, GNorm = 0.0444, lr_0 = 3.6756e-04
Loss = 2.6452e-03, PNorm = 90.9541, GNorm = 0.0961, lr_0 = 3.6739e-04
Loss = 1.7788e-03, PNorm = 90.9588, GNorm = 0.1651, lr_0 = 3.6722e-04
Loss = 3.4775e-03, PNorm = 90.9613, GNorm = 0.1433, lr_0 = 3.6705e-04
Loss = 2.0816e-03, PNorm = 90.9655, GNorm = 0.0308, lr_0 = 3.6688e-04
Loss = 3.2231e-03, PNorm = 90.9680, GNorm = 0.6036, lr_0 = 3.6671e-04
Loss = 2.7973e-03, PNorm = 90.9689, GNorm = 0.3961, lr_0 = 3.6654e-04
Loss = 2.5687e-03, PNorm = 90.9725, GNorm = 0.0900, lr_0 = 3.6637e-04
Loss = 4.3846e-03, PNorm = 90.9749, GNorm = 0.2483, lr_0 = 3.6620e-04
Loss = 3.5030e-03, PNorm = 90.9809, GNorm = 0.3295, lr_0 = 3.6603e-04
Loss = 2.7616e-03, PNorm = 90.9826, GNorm = 0.1804, lr_0 = 3.6586e-04
Loss = 1.6715e-03, PNorm = 90.9833, GNorm = 0.1517, lr_0 = 3.6569e-04
Loss = 2.0828e-03, PNorm = 90.9853, GNorm = 0.2221, lr_0 = 3.6552e-04
Loss = 2.1489e-03, PNorm = 90.9872, GNorm = 0.2693, lr_0 = 3.6535e-04
Loss = 1.6707e-03, PNorm = 90.9896, GNorm = 0.2888, lr_0 = 3.6518e-04
Loss = 1.3598e-03, PNorm = 90.9922, GNorm = 0.0890, lr_0 = 3.6502e-04
Loss = 1.6349e-03, PNorm = 90.9944, GNorm = 0.1574, lr_0 = 3.6485e-04
Loss = 8.1059e-04, PNorm = 90.9958, GNorm = 0.0510, lr_0 = 3.6468e-04
Loss = 1.8204e-03, PNorm = 90.9953, GNorm = 0.3428, lr_0 = 3.6451e-04
Loss = 1.1168e-03, PNorm = 90.9963, GNorm = 0.1225, lr_0 = 3.6434e-04
Loss = 2.8161e-03, PNorm = 90.9980, GNorm = 0.2686, lr_0 = 3.6417e-04
Loss = 1.2870e-03, PNorm = 91.0006, GNorm = 0.1332, lr_0 = 3.6400e-04
Loss = 1.2434e-03, PNorm = 91.0018, GNorm = 0.1467, lr_0 = 3.6383e-04
Loss = 1.9812e-03, PNorm = 91.0047, GNorm = 0.0845, lr_0 = 3.6366e-04
Loss = 1.3690e-03, PNorm = 91.0069, GNorm = 0.1258, lr_0 = 3.6350e-04
Loss = 1.6166e-03, PNorm = 91.0109, GNorm = 0.3024, lr_0 = 3.6333e-04
Loss = 2.0632e-03, PNorm = 91.0121, GNorm = 0.0910, lr_0 = 3.6316e-04
Loss = 2.7097e-03, PNorm = 91.0142, GNorm = 0.0945, lr_0 = 3.6299e-04
Loss = 1.6297e-03, PNorm = 91.0161, GNorm = 0.1158, lr_0 = 3.6282e-04
Loss = 2.5982e-03, PNorm = 91.0182, GNorm = 0.0819, lr_0 = 3.6265e-04
Loss = 9.6814e-04, PNorm = 91.0216, GNorm = 0.1315, lr_0 = 3.6249e-04
Loss = 8.6197e-04, PNorm = 91.0243, GNorm = 0.1935, lr_0 = 3.6232e-04
Loss = 1.3935e-03, PNorm = 91.0265, GNorm = 0.1535, lr_0 = 3.6215e-04
Loss = 9.5207e-04, PNorm = 91.0278, GNorm = 0.1994, lr_0 = 3.6198e-04
Loss = 2.1200e-03, PNorm = 91.0276, GNorm = 0.0568, lr_0 = 3.6182e-04
Loss = 9.6210e-04, PNorm = 91.0297, GNorm = 0.1590, lr_0 = 3.6165e-04
Loss = 2.5787e-03, PNorm = 91.0321, GNorm = 0.1332, lr_0 = 3.6148e-04
Loss = 1.9521e-03, PNorm = 91.0332, GNorm = 0.1963, lr_0 = 3.6131e-04
Loss = 2.4731e-03, PNorm = 91.0325, GNorm = 0.1143, lr_0 = 3.6115e-04
Loss = 2.7204e-03, PNorm = 91.0328, GNorm = 0.1374, lr_0 = 3.6098e-04
Loss = 3.3306e-03, PNorm = 91.0342, GNorm = 0.1709, lr_0 = 3.6081e-04
Loss = 3.2669e-03, PNorm = 91.0386, GNorm = 0.4313, lr_0 = 3.6064e-04
Loss = 2.9373e-03, PNorm = 91.0381, GNorm = 0.1652, lr_0 = 3.6048e-04
Loss = 1.8887e-03, PNorm = 91.0422, GNorm = 0.1524, lr_0 = 3.6031e-04
Loss = 1.1722e-03, PNorm = 91.0439, GNorm = 0.0611, lr_0 = 3.6014e-04
Loss = 1.7261e-03, PNorm = 91.0462, GNorm = 0.0673, lr_0 = 3.5998e-04
Loss = 8.2301e-04, PNorm = 91.0475, GNorm = 0.0818, lr_0 = 3.5981e-04
Loss = 2.1282e-03, PNorm = 91.0486, GNorm = 0.2461, lr_0 = 3.5964e-04
Loss = 2.3360e-03, PNorm = 91.0507, GNorm = 0.2084, lr_0 = 3.5948e-04
Loss = 2.1646e-03, PNorm = 91.0552, GNorm = 0.1353, lr_0 = 3.5931e-04
Loss = 2.6472e-03, PNorm = 91.0570, GNorm = 0.1464, lr_0 = 3.5914e-04
Loss = 2.9451e-03, PNorm = 91.0606, GNorm = 0.0777, lr_0 = 3.5898e-04
Loss = 3.0838e-03, PNorm = 91.0618, GNorm = 0.1126, lr_0 = 3.5881e-04
Loss = 2.8487e-03, PNorm = 91.0636, GNorm = 0.3676, lr_0 = 3.5864e-04
Loss = 1.1257e-03, PNorm = 91.0646, GNorm = 0.0548, lr_0 = 3.5848e-04
Loss = 1.5578e-03, PNorm = 91.0664, GNorm = 0.0777, lr_0 = 3.5831e-04
Loss = 1.7933e-03, PNorm = 91.0667, GNorm = 0.1151, lr_0 = 3.5815e-04
Loss = 2.3860e-03, PNorm = 91.0679, GNorm = 0.0781, lr_0 = 3.5798e-04
Loss = 2.5360e-03, PNorm = 91.0701, GNorm = 0.1134, lr_0 = 3.5781e-04
Loss = 1.1523e-03, PNorm = 91.0741, GNorm = 0.2803, lr_0 = 3.5765e-04
Loss = 1.6497e-03, PNorm = 91.0779, GNorm = 0.1983, lr_0 = 3.5748e-04
Loss = 1.3393e-03, PNorm = 91.0807, GNorm = 0.2241, lr_0 = 3.5732e-04
Loss = 3.1579e-03, PNorm = 91.0826, GNorm = 0.2542, lr_0 = 3.5715e-04
Loss = 3.9459e-03, PNorm = 91.0847, GNorm = 0.1615, lr_0 = 3.5699e-04
Loss = 3.6729e-03, PNorm = 91.0865, GNorm = 0.0475, lr_0 = 3.5682e-04
Loss = 1.8795e-03, PNorm = 91.0900, GNorm = 0.0663, lr_0 = 3.5665e-04
Loss = 1.3406e-03, PNorm = 91.0910, GNorm = 0.0665, lr_0 = 3.5649e-04
Loss = 2.0220e-03, PNorm = 91.0913, GNorm = 0.0449, lr_0 = 3.5632e-04
Loss = 1.7620e-03, PNorm = 91.0914, GNorm = 0.1225, lr_0 = 3.5616e-04
Loss = 1.4611e-03, PNorm = 91.0936, GNorm = 0.0703, lr_0 = 3.5599e-04
Loss = 1.9155e-03, PNorm = 91.0949, GNorm = 0.0710, lr_0 = 3.5583e-04
Loss = 1.8472e-03, PNorm = 91.0969, GNorm = 0.1602, lr_0 = 3.5566e-04
Loss = 2.4495e-03, PNorm = 91.0983, GNorm = 0.0874, lr_0 = 3.5550e-04
Loss = 1.2425e-03, PNorm = 91.0993, GNorm = 0.0478, lr_0 = 3.5534e-04
Loss = 3.3224e-03, PNorm = 91.1019, GNorm = 0.2019, lr_0 = 3.5517e-04
Loss = 1.8994e-03, PNorm = 91.1044, GNorm = 0.0810, lr_0 = 3.5501e-04
Loss = 1.5562e-03, PNorm = 91.1043, GNorm = 0.0800, lr_0 = 3.5484e-04
Loss = 3.1535e-03, PNorm = 91.1056, GNorm = 0.1374, lr_0 = 3.5468e-04
Loss = 1.5952e-03, PNorm = 91.1068, GNorm = 0.2315, lr_0 = 3.5451e-04
Loss = 1.7064e-03, PNorm = 91.1071, GNorm = 0.2035, lr_0 = 3.5435e-04
Loss = 1.7147e-03, PNorm = 91.1099, GNorm = 0.2026, lr_0 = 3.5418e-04
Loss = 1.7483e-03, PNorm = 91.1119, GNorm = 0.1291, lr_0 = 3.5402e-04
Loss = 1.3625e-03, PNorm = 91.1129, GNorm = 0.1660, lr_0 = 3.5386e-04
Loss = 1.3203e-03, PNorm = 91.1160, GNorm = 0.1196, lr_0 = 3.5369e-04
Loss = 1.1337e-03, PNorm = 91.1187, GNorm = 0.1759, lr_0 = 3.5353e-04
Loss = 1.2894e-03, PNorm = 91.1184, GNorm = 0.1628, lr_0 = 3.5336e-04
Loss = 3.2254e-03, PNorm = 91.1194, GNorm = 0.1664, lr_0 = 3.5320e-04
Loss = 1.9157e-03, PNorm = 91.1216, GNorm = 0.1011, lr_0 = 3.5304e-04
Loss = 1.0942e-03, PNorm = 91.1242, GNorm = 0.1499, lr_0 = 3.5287e-04
Loss = 2.1855e-03, PNorm = 91.1240, GNorm = 0.1053, lr_0 = 3.5271e-04
Loss = 1.6548e-03, PNorm = 91.1254, GNorm = 0.2896, lr_0 = 3.5255e-04
Loss = 1.2416e-03, PNorm = 91.1274, GNorm = 0.1955, lr_0 = 3.5238e-04
Loss = 1.8567e-03, PNorm = 91.1305, GNorm = 0.1470, lr_0 = 3.5222e-04
Loss = 1.9586e-03, PNorm = 91.1316, GNorm = 0.0915, lr_0 = 3.5206e-04
Loss = 1.6858e-03, PNorm = 91.1336, GNorm = 0.1255, lr_0 = 3.5189e-04
Loss = 2.2608e-03, PNorm = 91.1344, GNorm = 0.0959, lr_0 = 3.5173e-04
Loss = 2.7909e-03, PNorm = 91.1356, GNorm = 0.0780, lr_0 = 3.5157e-04
Loss = 2.2517e-03, PNorm = 91.1378, GNorm = 0.1423, lr_0 = 3.5140e-04
Loss = 2.0558e-03, PNorm = 91.1402, GNorm = 0.2522, lr_0 = 3.5124e-04
Loss = 1.4054e-03, PNorm = 91.1437, GNorm = 0.1412, lr_0 = 3.5108e-04
Loss = 1.7758e-03, PNorm = 91.1457, GNorm = 0.0821, lr_0 = 3.5092e-04
Loss = 1.9192e-03, PNorm = 91.1463, GNorm = 0.0722, lr_0 = 3.5075e-04
Loss = 3.3212e-03, PNorm = 91.1494, GNorm = 0.1702, lr_0 = 3.5059e-04
Loss = 1.7591e-03, PNorm = 91.1517, GNorm = 0.1406, lr_0 = 3.5043e-04
Loss = 1.3218e-03, PNorm = 91.1556, GNorm = 0.0876, lr_0 = 3.5027e-04
Loss = 1.6521e-03, PNorm = 91.1582, GNorm = 0.0487, lr_0 = 3.5010e-04
Loss = 2.0014e-03, PNorm = 91.1612, GNorm = 0.0522, lr_0 = 3.4994e-04
Loss = 1.8877e-03, PNorm = 91.1609, GNorm = 0.1178, lr_0 = 3.4978e-04
Loss = 1.9937e-03, PNorm = 91.1628, GNorm = 0.0469, lr_0 = 3.4962e-04
Loss = 1.5249e-03, PNorm = 91.1628, GNorm = 0.1577, lr_0 = 3.4946e-04
Loss = 2.0570e-03, PNorm = 91.1646, GNorm = 0.0794, lr_0 = 3.4929e-04
Loss = 1.1385e-03, PNorm = 91.1653, GNorm = 0.0968, lr_0 = 3.4913e-04
Loss = 2.3336e-03, PNorm = 91.1672, GNorm = 0.1305, lr_0 = 3.4897e-04
Loss = 1.1448e-03, PNorm = 91.1673, GNorm = 0.1204, lr_0 = 3.4881e-04
Loss = 1.4909e-03, PNorm = 91.1678, GNorm = 0.1557, lr_0 = 3.4865e-04
Loss = 3.0012e-03, PNorm = 91.1677, GNorm = 0.1347, lr_0 = 3.4849e-04
Loss = 2.2609e-03, PNorm = 91.1687, GNorm = 0.1959, lr_0 = 3.4832e-04
Loss = 2.5826e-03, PNorm = 91.1703, GNorm = 0.2089, lr_0 = 3.4816e-04
Loss = 4.6286e-03, PNorm = 91.1722, GNorm = 0.3367, lr_0 = 3.4800e-04
Loss = 1.9123e-03, PNorm = 91.1755, GNorm = 0.0805, lr_0 = 3.4784e-04
Loss = 1.5985e-03, PNorm = 91.1799, GNorm = 0.1249, lr_0 = 3.4768e-04
Loss = 3.8486e-03, PNorm = 91.1795, GNorm = 0.1654, lr_0 = 3.4752e-04
Loss = 2.0708e-03, PNorm = 91.1836, GNorm = 0.1256, lr_0 = 3.4736e-04
Loss = 2.6163e-03, PNorm = 91.1857, GNorm = 0.1277, lr_0 = 3.4720e-04
Loss = 1.9869e-03, PNorm = 91.1920, GNorm = 0.1991, lr_0 = 3.4704e-04
Loss = 2.8757e-03, PNorm = 91.1930, GNorm = 0.2374, lr_0 = 3.4687e-04
Loss = 1.4676e-03, PNorm = 91.1963, GNorm = 0.2967, lr_0 = 3.4671e-04
Loss = 2.1269e-03, PNorm = 91.1974, GNorm = 0.3399, lr_0 = 3.4655e-04
Loss = 2.9453e-03, PNorm = 91.2001, GNorm = 0.2820, lr_0 = 3.4639e-04
Loss = 2.5744e-03, PNorm = 91.2022, GNorm = 0.1514, lr_0 = 3.4623e-04
Loss = 1.5812e-03, PNorm = 91.2035, GNorm = 0.1255, lr_0 = 3.4607e-04
Loss = 8.5369e-04, PNorm = 91.2041, GNorm = 0.0633, lr_0 = 3.4591e-04
Loss = 1.4335e-03, PNorm = 91.2044, GNorm = 0.1192, lr_0 = 3.4575e-04
Loss = 9.1273e-04, PNorm = 91.2052, GNorm = 0.0565, lr_0 = 3.4559e-04
Loss = 2.2677e-03, PNorm = 91.2079, GNorm = 0.1162, lr_0 = 3.4543e-04
Loss = 1.9301e-03, PNorm = 91.2071, GNorm = 0.1303, lr_0 = 3.4527e-04
Loss = 1.5152e-03, PNorm = 91.2078, GNorm = 0.1720, lr_0 = 3.4511e-04
Loss = 1.7569e-03, PNorm = 91.2113, GNorm = 0.1875, lr_0 = 3.4495e-04
Loss = 2.2041e-03, PNorm = 91.2123, GNorm = 0.1959, lr_0 = 3.4479e-04
Loss = 1.1350e-03, PNorm = 91.2140, GNorm = 0.1388, lr_0 = 3.4463e-04
Loss = 7.9466e-04, PNorm = 91.2151, GNorm = 0.1633, lr_0 = 3.4447e-04
Loss = 1.4787e-03, PNorm = 91.2166, GNorm = 0.1894, lr_0 = 3.4431e-04
Loss = 2.0804e-03, PNorm = 91.2157, GNorm = 0.2818, lr_0 = 3.4415e-04
Loss = 3.2478e-03, PNorm = 91.2182, GNorm = 0.1329, lr_0 = 3.4399e-04
Loss = 2.7581e-03, PNorm = 91.2205, GNorm = 0.1791, lr_0 = 3.4383e-04
Loss = 1.9954e-03, PNorm = 91.2259, GNorm = 0.1734, lr_0 = 3.4367e-04
Loss = 2.8228e-03, PNorm = 91.2287, GNorm = 0.1516, lr_0 = 3.4352e-04
Loss = 2.2888e-03, PNorm = 91.2327, GNorm = 0.1068, lr_0 = 3.4336e-04
Loss = 1.7478e-03, PNorm = 91.2359, GNorm = 0.0903, lr_0 = 3.4320e-04
Loss = 1.8352e-03, PNorm = 91.2392, GNorm = 0.1088, lr_0 = 3.4304e-04
Loss = 2.9264e-03, PNorm = 91.2431, GNorm = 0.3055, lr_0 = 3.4288e-04
Loss = 2.1730e-03, PNorm = 91.2431, GNorm = 0.1105, lr_0 = 3.4272e-04
Loss = 1.2613e-03, PNorm = 91.2448, GNorm = 0.0309, lr_0 = 3.4256e-04
Loss = 2.3734e-03, PNorm = 91.2450, GNorm = 0.2961, lr_0 = 3.4240e-04
Loss = 2.3535e-03, PNorm = 91.2464, GNorm = 0.0730, lr_0 = 3.4224e-04
Loss = 1.3667e-03, PNorm = 91.2459, GNorm = 0.1293, lr_0 = 3.4209e-04
Loss = 2.1411e-03, PNorm = 91.2471, GNorm = 0.0976, lr_0 = 3.4193e-04
Loss = 1.0519e-03, PNorm = 91.2486, GNorm = 0.0697, lr_0 = 3.4177e-04
Loss = 1.1873e-03, PNorm = 91.2492, GNorm = 0.0576, lr_0 = 3.4161e-04
Loss = 1.7741e-03, PNorm = 91.2513, GNorm = 0.0725, lr_0 = 3.4145e-04
Loss = 1.9383e-03, PNorm = 91.2538, GNorm = 0.2530, lr_0 = 3.4129e-04
Loss = 1.6585e-03, PNorm = 91.2550, GNorm = 0.1429, lr_0 = 3.4114e-04
Loss = 1.1941e-03, PNorm = 91.2554, GNorm = 0.0497, lr_0 = 3.4098e-04
Loss = 3.8662e-03, PNorm = 91.2562, GNorm = 0.1188, lr_0 = 3.4082e-04
Loss = 1.6075e-03, PNorm = 91.2575, GNorm = 0.0699, lr_0 = 3.4066e-04
Loss = 1.2231e-03, PNorm = 91.2592, GNorm = 0.1512, lr_0 = 3.4050e-04
Loss = 1.5545e-03, PNorm = 91.2631, GNorm = 0.1765, lr_0 = 3.4035e-04
Loss = 8.6748e-04, PNorm = 91.2635, GNorm = 0.0723, lr_0 = 3.4019e-04
Loss = 1.2926e-03, PNorm = 91.2643, GNorm = 0.1355, lr_0 = 3.4003e-04
Loss = 1.1786e-03, PNorm = 91.2647, GNorm = 0.0513, lr_0 = 3.3987e-04
Loss = 1.4693e-03, PNorm = 91.2672, GNorm = 0.0512, lr_0 = 3.3972e-04
Loss = 2.9317e-03, PNorm = 91.2671, GNorm = 0.2463, lr_0 = 3.3956e-04
Loss = 1.4460e-03, PNorm = 91.2679, GNorm = 0.0725, lr_0 = 3.3940e-04
Loss = 1.0915e-03, PNorm = 91.2684, GNorm = 0.0693, lr_0 = 3.3924e-04
Loss = 1.6888e-03, PNorm = 91.2707, GNorm = 0.1001, lr_0 = 3.3909e-04
Loss = 1.1716e-03, PNorm = 91.2718, GNorm = 0.0706, lr_0 = 3.3893e-04
Loss = 2.1244e-03, PNorm = 91.2734, GNorm = 0.1545, lr_0 = 3.3877e-04
Loss = 2.7674e-03, PNorm = 91.2727, GNorm = 0.1007, lr_0 = 3.3862e-04
Loss = 1.1687e-03, PNorm = 91.2740, GNorm = 0.2372, lr_0 = 3.3846e-04
Loss = 1.5447e-03, PNorm = 91.2761, GNorm = 0.0764, lr_0 = 3.3830e-04
Loss = 2.5995e-03, PNorm = 91.2772, GNorm = 0.1591, lr_0 = 3.3814e-04
Loss = 1.9264e-03, PNorm = 91.2783, GNorm = 0.1369, lr_0 = 3.3799e-04
Loss = 1.5806e-03, PNorm = 91.2797, GNorm = 0.3524, lr_0 = 3.3783e-04
Loss = 1.5711e-03, PNorm = 91.2812, GNorm = 0.2610, lr_0 = 3.3768e-04
Loss = 2.6115e-03, PNorm = 91.2826, GNorm = 0.1463, lr_0 = 3.3752e-04
Loss = 1.9323e-03, PNorm = 91.2815, GNorm = 0.1291, lr_0 = 3.3736e-04
Loss = 2.8478e-03, PNorm = 91.2858, GNorm = 0.1291, lr_0 = 3.3721e-04
Loss = 1.5620e-03, PNorm = 91.2856, GNorm = 0.1617, lr_0 = 3.3705e-04
Loss = 2.0622e-03, PNorm = 91.2885, GNorm = 0.2471, lr_0 = 3.3689e-04
Loss = 1.6558e-03, PNorm = 91.2903, GNorm = 0.1224, lr_0 = 3.3674e-04
Loss = 2.5324e-03, PNorm = 91.2925, GNorm = 0.1587, lr_0 = 3.3658e-04
Loss = 1.1976e-03, PNorm = 91.2950, GNorm = 0.1720, lr_0 = 3.3643e-04
Loss = 2.7599e-03, PNorm = 91.2967, GNorm = 0.2408, lr_0 = 3.3627e-04
Loss = 3.1260e-03, PNorm = 91.2995, GNorm = 0.1171, lr_0 = 3.3611e-04
Loss = 2.4878e-03, PNorm = 91.3031, GNorm = 0.1240, lr_0 = 3.3596e-04
Loss = 1.6521e-03, PNorm = 91.3057, GNorm = 0.1077, lr_0 = 3.3580e-04
Loss = 3.2931e-03, PNorm = 91.3068, GNorm = 0.0712, lr_0 = 3.3565e-04
Loss = 1.7137e-03, PNorm = 91.3095, GNorm = 0.2397, lr_0 = 3.3549e-04
Loss = 1.8452e-03, PNorm = 91.3110, GNorm = 0.1905, lr_0 = 3.3534e-04
Loss = 1.6561e-03, PNorm = 91.3140, GNorm = 0.1941, lr_0 = 3.3518e-04
Loss = 1.1613e-03, PNorm = 91.3140, GNorm = 0.0562, lr_0 = 3.3503e-04
Loss = 2.4741e-03, PNorm = 91.3149, GNorm = 0.3315, lr_0 = 3.3487e-04
Loss = 1.8108e-03, PNorm = 91.3176, GNorm = 0.2007, lr_0 = 3.3471e-04
Loss = 1.5228e-03, PNorm = 91.3187, GNorm = 0.1696, lr_0 = 3.3456e-04
Loss = 1.4689e-03, PNorm = 91.3198, GNorm = 0.1779, lr_0 = 3.3440e-04
Loss = 1.8340e-03, PNorm = 91.3202, GNorm = 0.0703, lr_0 = 3.3425e-04
Loss = 1.9184e-03, PNorm = 91.3222, GNorm = 0.1449, lr_0 = 3.3409e-04
Loss = 1.4564e-03, PNorm = 91.3232, GNorm = 0.0895, lr_0 = 3.3394e-04
Loss = 2.0347e-03, PNorm = 91.3258, GNorm = 0.0533, lr_0 = 3.3379e-04
Loss = 1.7401e-03, PNorm = 91.3277, GNorm = 0.1618, lr_0 = 3.3363e-04
Loss = 1.7703e-03, PNorm = 91.3287, GNorm = 0.1346, lr_0 = 3.3348e-04
Loss = 3.3923e-03, PNorm = 91.3308, GNorm = 0.2040, lr_0 = 3.3332e-04
Loss = 1.8636e-03, PNorm = 91.3320, GNorm = 0.2286, lr_0 = 3.3317e-04
Loss = 1.9800e-03, PNorm = 91.3333, GNorm = 0.0436, lr_0 = 3.3301e-04
Loss = 2.0954e-03, PNorm = 91.3349, GNorm = 0.2535, lr_0 = 3.3286e-04
Loss = 1.8120e-03, PNorm = 91.3385, GNorm = 0.1294, lr_0 = 3.3270e-04
Loss = 2.8224e-03, PNorm = 91.3390, GNorm = 0.3319, lr_0 = 3.3255e-04
Loss = 1.8681e-03, PNorm = 91.3401, GNorm = 0.1823, lr_0 = 3.3240e-04
Loss = 1.4420e-03, PNorm = 91.3413, GNorm = 0.0970, lr_0 = 3.3224e-04
Loss = 2.4512e-03, PNorm = 91.3422, GNorm = 0.0885, lr_0 = 3.3209e-04
Loss = 1.1689e-03, PNorm = 91.3467, GNorm = 0.0936, lr_0 = 3.3193e-04
Loss = 1.7235e-03, PNorm = 91.3488, GNorm = 0.1017, lr_0 = 3.3178e-04
Loss = 2.1785e-03, PNorm = 91.3490, GNorm = 0.2735, lr_0 = 3.3163e-04
Loss = 3.3292e-03, PNorm = 91.3506, GNorm = 0.1968, lr_0 = 3.3147e-04
Loss = 1.9570e-03, PNorm = 91.3529, GNorm = 0.0614, lr_0 = 3.3132e-04
Loss = 8.4300e-04, PNorm = 91.3549, GNorm = 0.0388, lr_0 = 3.3117e-04
Loss = 2.9203e-03, PNorm = 91.3571, GNorm = 0.1241, lr_0 = 3.3101e-04
Loss = 1.7471e-03, PNorm = 91.3586, GNorm = 0.0714, lr_0 = 3.3086e-04
Loss = 2.5861e-03, PNorm = 91.3585, GNorm = 0.0659, lr_0 = 3.3071e-04
Loss = 1.4085e-03, PNorm = 91.3588, GNorm = 0.0668, lr_0 = 3.3055e-04
Loss = 1.4302e-03, PNorm = 91.3608, GNorm = 0.1128, lr_0 = 3.3040e-04
Loss = 1.6583e-03, PNorm = 91.3633, GNorm = 0.3423, lr_0 = 3.3025e-04
Loss = 1.6600e-03, PNorm = 91.3645, GNorm = 0.2672, lr_0 = 3.3009e-04
Loss = 1.6139e-03, PNorm = 91.3664, GNorm = 0.2408, lr_0 = 3.2994e-04
Loss = 3.7975e-03, PNorm = 91.3675, GNorm = 0.1169, lr_0 = 3.2979e-04
Loss = 1.6477e-03, PNorm = 91.3691, GNorm = 0.2027, lr_0 = 3.2963e-04
Loss = 1.0396e-03, PNorm = 91.3697, GNorm = 0.1017, lr_0 = 3.2948e-04
Loss = 1.9994e-03, PNorm = 91.3710, GNorm = 0.2054, lr_0 = 3.2933e-04
Loss = 1.5409e-03, PNorm = 91.3738, GNorm = 0.2669, lr_0 = 3.2918e-04
Loss = 2.0333e-03, PNorm = 91.3768, GNorm = 0.1726, lr_0 = 3.2902e-04
Loss = 1.2685e-03, PNorm = 91.3804, GNorm = 0.0683, lr_0 = 3.2887e-04
Loss = 1.3903e-03, PNorm = 91.3848, GNorm = 0.0606, lr_0 = 3.2872e-04
Loss = 2.3503e-03, PNorm = 91.3852, GNorm = 0.0913, lr_0 = 3.2857e-04
Loss = 4.0481e-03, PNorm = 91.3863, GNorm = 0.0726, lr_0 = 3.2842e-04
Loss = 1.3742e-03, PNorm = 91.3869, GNorm = 0.0473, lr_0 = 3.2826e-04
Loss = 2.1375e-03, PNorm = 91.3888, GNorm = 0.0711, lr_0 = 3.2811e-04
Loss = 3.9830e-03, PNorm = 91.3913, GNorm = 0.1734, lr_0 = 3.2796e-04
Loss = 3.8865e-03, PNorm = 91.3903, GNorm = 0.2169, lr_0 = 3.2781e-04
Loss = 2.2024e-03, PNorm = 91.3904, GNorm = 0.2824, lr_0 = 3.2766e-04
Loss = 3.2548e-03, PNorm = 91.3914, GNorm = 0.1423, lr_0 = 3.2750e-04
Loss = 2.0677e-03, PNorm = 91.3951, GNorm = 0.1752, lr_0 = 3.2735e-04
Loss = 2.4368e-03, PNorm = 91.3981, GNorm = 0.1402, lr_0 = 3.2720e-04
Loss = 9.6020e-04, PNorm = 91.4024, GNorm = 0.1512, lr_0 = 3.2705e-04
Loss = 1.0909e-03, PNorm = 91.4042, GNorm = 0.0439, lr_0 = 3.2690e-04
Loss = 1.9619e-03, PNorm = 91.4062, GNorm = 0.1591, lr_0 = 3.2675e-04
Loss = 2.2134e-03, PNorm = 91.4076, GNorm = 0.0930, lr_0 = 3.2659e-04
Loss = 1.2769e-03, PNorm = 91.4090, GNorm = 0.1369, lr_0 = 3.2644e-04
Loss = 4.4702e-03, PNorm = 91.4098, GNorm = 0.2231, lr_0 = 3.2629e-04
Loss = 2.9827e-03, PNorm = 91.4134, GNorm = 0.3408, lr_0 = 3.2614e-04
Loss = 2.5905e-03, PNorm = 91.4171, GNorm = 0.4614, lr_0 = 3.2599e-04
Loss = 3.0297e-03, PNorm = 91.4203, GNorm = 0.1638, lr_0 = 3.2584e-04
Loss = 2.6537e-03, PNorm = 91.4226, GNorm = 0.1743, lr_0 = 3.2569e-04
Loss = 1.5809e-03, PNorm = 91.4242, GNorm = 0.0831, lr_0 = 3.2554e-04
Loss = 1.7162e-03, PNorm = 91.4263, GNorm = 0.1642, lr_0 = 3.2539e-04
Loss = 2.3655e-03, PNorm = 91.4272, GNorm = 0.1000, lr_0 = 3.2523e-04
Loss = 1.2998e-03, PNorm = 91.4269, GNorm = 0.1555, lr_0 = 3.2508e-04
Loss = 2.1132e-03, PNorm = 91.4309, GNorm = 0.0773, lr_0 = 3.2493e-04
Loss = 1.6337e-03, PNorm = 91.4324, GNorm = 0.2030, lr_0 = 3.2478e-04
Loss = 3.1131e-03, PNorm = 91.4330, GNorm = 0.2360, lr_0 = 3.2463e-04
Loss = 2.3864e-03, PNorm = 91.4345, GNorm = 0.0661, lr_0 = 3.2448e-04
Loss = 2.3597e-03, PNorm = 91.4360, GNorm = 0.2100, lr_0 = 3.2433e-04
Loss = 8.9578e-04, PNorm = 91.4370, GNorm = 0.0643, lr_0 = 3.2418e-04
Loss = 1.8930e-03, PNorm = 91.4375, GNorm = 0.1199, lr_0 = 3.2403e-04
Loss = 1.6239e-03, PNorm = 91.4378, GNorm = 0.0626, lr_0 = 3.2388e-04
Loss = 1.1084e-03, PNorm = 91.4396, GNorm = 0.1282, lr_0 = 3.2373e-04
Loss = 1.3596e-03, PNorm = 91.4396, GNorm = 0.0517, lr_0 = 3.2358e-04
Loss = 1.6209e-03, PNorm = 91.4409, GNorm = 0.0449, lr_0 = 3.2343e-04
Loss = 2.3863e-03, PNorm = 91.4418, GNorm = 0.1365, lr_0 = 3.2328e-04
Loss = 1.5207e-03, PNorm = 91.4435, GNorm = 0.1589, lr_0 = 3.2313e-04
Loss = 2.7293e-03, PNorm = 91.4464, GNorm = 0.1882, lr_0 = 3.2298e-04
Loss = 2.3087e-03, PNorm = 91.4488, GNorm = 0.1475, lr_0 = 3.2283e-04
Loss = 3.8626e-03, PNorm = 91.4501, GNorm = 0.0872, lr_0 = 3.2268e-04
Loss = 1.3933e-03, PNorm = 91.4520, GNorm = 0.1150, lr_0 = 3.2253e-04
Loss = 3.0766e-03, PNorm = 91.4546, GNorm = 0.1370, lr_0 = 3.2238e-04
Loss = 1.4408e-03, PNorm = 91.4563, GNorm = 0.1179, lr_0 = 3.2223e-04
Loss = 1.2721e-03, PNorm = 91.4587, GNorm = 0.0964, lr_0 = 3.2208e-04
Loss = 1.5860e-03, PNorm = 91.4590, GNorm = 0.1639, lr_0 = 3.2194e-04
Loss = 1.7285e-03, PNorm = 91.4607, GNorm = 0.1076, lr_0 = 3.2179e-04
Loss = 9.1460e-04, PNorm = 91.4629, GNorm = 0.0849, lr_0 = 3.2164e-04
Loss = 2.2757e-03, PNorm = 91.4643, GNorm = 0.0550, lr_0 = 3.2149e-04
Loss = 1.8931e-03, PNorm = 91.4650, GNorm = 0.1260, lr_0 = 3.2134e-04
Loss = 1.1359e-03, PNorm = 91.4653, GNorm = 0.1643, lr_0 = 3.2119e-04
Loss = 2.1451e-03, PNorm = 91.4663, GNorm = 0.1605, lr_0 = 3.2104e-04
Loss = 3.2654e-03, PNorm = 91.4690, GNorm = 0.1537, lr_0 = 3.2089e-04
Loss = 2.6495e-03, PNorm = 91.4707, GNorm = 0.0468, lr_0 = 3.2074e-04
Loss = 2.7402e-03, PNorm = 91.4719, GNorm = 0.0675, lr_0 = 3.2060e-04
Loss = 2.3061e-03, PNorm = 91.4737, GNorm = 0.2905, lr_0 = 3.2045e-04
Loss = 1.5638e-03, PNorm = 91.4791, GNorm = 0.3711, lr_0 = 3.2030e-04
Loss = 1.9898e-03, PNorm = 91.4819, GNorm = 0.1515, lr_0 = 3.2015e-04
Loss = 1.7877e-03, PNorm = 91.4831, GNorm = 0.0935, lr_0 = 3.2000e-04
Loss = 3.7589e-03, PNorm = 91.4852, GNorm = 0.1251, lr_0 = 3.1985e-04
Loss = 1.5760e-03, PNorm = 91.4869, GNorm = 0.0518, lr_0 = 3.1971e-04
Loss = 7.7325e-04, PNorm = 91.4905, GNorm = 0.0990, lr_0 = 3.1956e-04
Loss = 2.0064e-03, PNorm = 91.4911, GNorm = 0.2291, lr_0 = 3.1941e-04
Loss = 2.1423e-03, PNorm = 91.4925, GNorm = 0.1866, lr_0 = 3.1926e-04
Loss = 1.5883e-03, PNorm = 91.4938, GNorm = 0.1600, lr_0 = 3.1911e-04
Loss = 1.0384e-03, PNorm = 91.4967, GNorm = 0.0609, lr_0 = 3.1897e-04
Loss = 1.5680e-03, PNorm = 91.4962, GNorm = 0.0581, lr_0 = 3.1882e-04
Loss = 2.7782e-03, PNorm = 91.4952, GNorm = 0.1532, lr_0 = 3.1867e-04
Loss = 2.6079e-03, PNorm = 91.4955, GNorm = 0.0480, lr_0 = 3.1852e-04
Loss = 1.7881e-03, PNorm = 91.4958, GNorm = 0.1354, lr_0 = 3.1837e-04
Loss = 1.7971e-03, PNorm = 91.5005, GNorm = 0.1662, lr_0 = 3.1823e-04
Loss = 1.0129e-03, PNorm = 91.5029, GNorm = 0.1621, lr_0 = 3.1808e-04
Loss = 3.4463e-03, PNorm = 91.5064, GNorm = 0.2526, lr_0 = 3.1793e-04
Loss = 1.2124e-03, PNorm = 91.5061, GNorm = 0.1316, lr_0 = 3.1779e-04
Loss = 2.0962e-03, PNorm = 91.5056, GNorm = 0.0433, lr_0 = 3.1764e-04
Loss = 2.8452e-03, PNorm = 91.5073, GNorm = 0.2987, lr_0 = 3.1749e-04
Loss = 1.9075e-03, PNorm = 91.5100, GNorm = 0.1916, lr_0 = 3.1734e-04
Loss = 1.2206e-03, PNorm = 91.5127, GNorm = 0.0365, lr_0 = 3.1720e-04
Loss = 1.4244e-03, PNorm = 91.5147, GNorm = 0.0395, lr_0 = 3.1705e-04
Loss = 1.3031e-03, PNorm = 91.5153, GNorm = 0.2123, lr_0 = 3.1690e-04
Loss = 1.4362e-03, PNorm = 91.5166, GNorm = 0.3086, lr_0 = 3.1676e-04
Loss = 2.2237e-03, PNorm = 91.5179, GNorm = 0.1837, lr_0 = 3.1661e-04
Loss = 6.8266e-04, PNorm = 91.5185, GNorm = 0.1955, lr_0 = 3.1646e-04
Loss = 1.6799e-03, PNorm = 91.5184, GNorm = 0.1217, lr_0 = 3.1632e-04
Loss = 1.2472e-03, PNorm = 91.5187, GNorm = 0.0672, lr_0 = 3.1617e-04
Loss = 1.6230e-03, PNorm = 91.5204, GNorm = 0.0515, lr_0 = 3.1602e-04
Loss = 3.8232e-03, PNorm = 91.5198, GNorm = 0.0935, lr_0 = 3.1588e-04
Loss = 3.3883e-03, PNorm = 91.5235, GNorm = 0.2470, lr_0 = 3.1573e-04
Loss = 2.6603e-03, PNorm = 91.5265, GNorm = 0.1452, lr_0 = 3.1558e-04
Loss = 1.8403e-03, PNorm = 91.5291, GNorm = 0.1650, lr_0 = 3.1544e-04
Loss = 3.0862e-03, PNorm = 91.5319, GNorm = 0.2482, lr_0 = 3.1529e-04
Loss = 1.7966e-03, PNorm = 91.5338, GNorm = 0.1535, lr_0 = 3.1515e-04
Loss = 2.3851e-03, PNorm = 91.5364, GNorm = 0.2807, lr_0 = 3.1500e-04
Loss = 2.7425e-03, PNorm = 91.5387, GNorm = 0.2005, lr_0 = 3.1485e-04
Loss = 1.4912e-03, PNorm = 91.5419, GNorm = 0.2123, lr_0 = 3.1471e-04
Loss = 2.2771e-03, PNorm = 91.5441, GNorm = 0.1915, lr_0 = 3.1456e-04
Loss = 1.4749e-03, PNorm = 91.5472, GNorm = 0.0744, lr_0 = 3.1442e-04
Loss = 2.3225e-03, PNorm = 91.5488, GNorm = 0.2055, lr_0 = 3.1427e-04
Loss = 3.5320e-03, PNorm = 91.5497, GNorm = 0.4234, lr_0 = 3.1412e-04
Loss = 2.9702e-03, PNorm = 91.5488, GNorm = 0.2520, lr_0 = 3.1398e-04
Loss = 1.9291e-03, PNorm = 91.5483, GNorm = 0.1380, lr_0 = 3.1383e-04
Loss = 1.8944e-03, PNorm = 91.5501, GNorm = 0.2745, lr_0 = 3.1369e-04
Loss = 2.6635e-03, PNorm = 91.5510, GNorm = 0.2325, lr_0 = 3.1354e-04
Loss = 1.3142e-03, PNorm = 91.5517, GNorm = 0.0755, lr_0 = 3.1340e-04
Loss = 2.5465e-03, PNorm = 91.5533, GNorm = 0.0570, lr_0 = 3.1325e-04
Loss = 2.3512e-03, PNorm = 91.5543, GNorm = 0.1337, lr_0 = 3.1311e-04
Loss = 2.0793e-03, PNorm = 91.5577, GNorm = 0.1288, lr_0 = 3.1296e-04
Loss = 3.2563e-03, PNorm = 91.5611, GNorm = 0.1347, lr_0 = 3.1282e-04
Loss = 1.7670e-03, PNorm = 91.5643, GNorm = 0.1562, lr_0 = 3.1267e-04
Loss = 1.1720e-03, PNorm = 91.5659, GNorm = 0.0396, lr_0 = 3.1253e-04
Loss = 1.4333e-03, PNorm = 91.5692, GNorm = 0.1479, lr_0 = 3.1238e-04
Loss = 1.5785e-03, PNorm = 91.5696, GNorm = 0.1257, lr_0 = 3.1224e-04
Loss = 1.8259e-03, PNorm = 91.5703, GNorm = 0.1214, lr_0 = 3.1209e-04
Loss = 2.8643e-03, PNorm = 91.5704, GNorm = 0.1527, lr_0 = 3.1195e-04
Loss = 1.3294e-03, PNorm = 91.5726, GNorm = 0.1529, lr_0 = 3.1180e-04
Loss = 2.3129e-03, PNorm = 91.5753, GNorm = 0.0530, lr_0 = 3.1166e-04
Loss = 1.5944e-03, PNorm = 91.5766, GNorm = 0.0870, lr_0 = 3.1152e-04
Loss = 2.2055e-03, PNorm = 91.5772, GNorm = 0.2051, lr_0 = 3.1137e-04
Loss = 2.0062e-03, PNorm = 91.5782, GNorm = 0.2991, lr_0 = 3.1123e-04
Loss = 7.3095e-04, PNorm = 91.5778, GNorm = 0.1609, lr_0 = 3.1108e-04
Loss = 1.4303e-03, PNorm = 91.5788, GNorm = 0.0698, lr_0 = 3.1094e-04
Loss = 2.1362e-03, PNorm = 91.5788, GNorm = 0.0964, lr_0 = 3.1079e-04
Loss = 1.5030e-03, PNorm = 91.5808, GNorm = 0.2039, lr_0 = 3.1065e-04
Loss = 1.7450e-03, PNorm = 91.5828, GNorm = 0.0453, lr_0 = 3.1051e-04
Loss = 1.4283e-03, PNorm = 91.5842, GNorm = 0.2798, lr_0 = 3.1036e-04
Loss = 2.0916e-03, PNorm = 91.5850, GNorm = 0.0916, lr_0 = 3.1022e-04
Loss = 2.7565e-03, PNorm = 91.5870, GNorm = 0.1309, lr_0 = 3.1007e-04
Loss = 2.3213e-03, PNorm = 91.5893, GNorm = 0.2135, lr_0 = 3.0993e-04
Loss = 1.1031e-03, PNorm = 91.5904, GNorm = 0.1154, lr_0 = 3.0979e-04
Loss = 1.0953e-03, PNorm = 91.5895, GNorm = 0.0675, lr_0 = 3.0964e-04
Loss = 1.5854e-03, PNorm = 91.5920, GNorm = 0.1208, lr_0 = 3.0950e-04
Loss = 1.2972e-03, PNorm = 91.5931, GNorm = 0.1682, lr_0 = 3.0936e-04
Loss = 1.3382e-03, PNorm = 91.5938, GNorm = 0.0894, lr_0 = 3.0921e-04
Loss = 1.9981e-03, PNorm = 91.5956, GNorm = 0.0557, lr_0 = 3.0907e-04
Loss = 2.4672e-03, PNorm = 91.5963, GNorm = 0.1054, lr_0 = 3.0893e-04
Loss = 1.5698e-03, PNorm = 91.5993, GNorm = 0.1867, lr_0 = 3.0878e-04
Loss = 3.8465e-03, PNorm = 91.5983, GNorm = 0.3222, lr_0 = 3.0864e-04
Loss = 2.3721e-03, PNorm = 91.5988, GNorm = 0.1159, lr_0 = 3.0850e-04
Loss = 1.4456e-03, PNorm = 91.5976, GNorm = 0.0486, lr_0 = 3.0836e-04
Loss = 1.3686e-03, PNorm = 91.6015, GNorm = 0.1341, lr_0 = 3.0821e-04
Loss = 2.6064e-03, PNorm = 91.6019, GNorm = 0.2189, lr_0 = 3.0807e-04
Loss = 2.3800e-03, PNorm = 91.6034, GNorm = 0.0406, lr_0 = 3.0793e-04
Loss = 1.5268e-03, PNorm = 91.6043, GNorm = 0.1522, lr_0 = 3.0778e-04
Loss = 2.4231e-03, PNorm = 91.6069, GNorm = 0.2272, lr_0 = 3.0764e-04
Loss = 1.8735e-03, PNorm = 91.6070, GNorm = 0.0580, lr_0 = 3.0750e-04
Loss = 2.7036e-03, PNorm = 91.6097, GNorm = 0.0712, lr_0 = 3.0736e-04
Loss = 2.3137e-03, PNorm = 91.6104, GNorm = 0.1550, lr_0 = 3.0721e-04
Loss = 2.4053e-03, PNorm = 91.6143, GNorm = 0.2464, lr_0 = 3.0707e-04
Loss = 1.9953e-03, PNorm = 91.6155, GNorm = 0.0923, lr_0 = 3.0693e-04
Loss = 3.0678e-03, PNorm = 91.6187, GNorm = 0.3203, lr_0 = 3.0679e-04
Loss = 1.4490e-03, PNorm = 91.6204, GNorm = 0.2819, lr_0 = 3.0665e-04
Loss = 2.3345e-03, PNorm = 91.6230, GNorm = 0.1085, lr_0 = 3.0650e-04
Loss = 1.1160e-03, PNorm = 91.6244, GNorm = 0.0710, lr_0 = 3.0636e-04
Loss = 1.3917e-03, PNorm = 91.6256, GNorm = 0.1624, lr_0 = 3.0622e-04
Loss = 2.0781e-03, PNorm = 91.6263, GNorm = 0.1687, lr_0 = 3.0608e-04
Loss = 2.1778e-03, PNorm = 91.6297, GNorm = 0.2038, lr_0 = 3.0594e-04
Loss = 1.1636e-03, PNorm = 91.6296, GNorm = 0.1004, lr_0 = 3.0579e-04
Loss = 3.0030e-03, PNorm = 91.6304, GNorm = 0.1446, lr_0 = 3.0565e-04
Loss = 1.7493e-03, PNorm = 91.6313, GNorm = 0.0644, lr_0 = 3.0551e-04
Loss = 6.6011e-04, PNorm = 91.6326, GNorm = 0.1495, lr_0 = 3.0537e-04
Loss = 1.8756e-03, PNorm = 91.6330, GNorm = 0.2535, lr_0 = 3.0523e-04
Loss = 9.8655e-04, PNorm = 91.6347, GNorm = 0.1409, lr_0 = 3.0509e-04
Loss = 1.7653e-03, PNorm = 91.6370, GNorm = 0.0836, lr_0 = 3.0494e-04
Loss = 9.8811e-04, PNorm = 91.6371, GNorm = 0.0820, lr_0 = 3.0480e-04
Loss = 3.6551e-03, PNorm = 91.6368, GNorm = 0.4087, lr_0 = 3.0466e-04
Loss = 2.0112e-03, PNorm = 91.6403, GNorm = 0.2089, lr_0 = 3.0452e-04
Loss = 3.2838e-03, PNorm = 91.6417, GNorm = 0.2366, lr_0 = 3.0438e-04
Loss = 1.8904e-03, PNorm = 91.6462, GNorm = 0.1955, lr_0 = 3.0424e-04
Loss = 2.8108e-03, PNorm = 91.6475, GNorm = 0.0879, lr_0 = 3.0410e-04
Loss = 2.2712e-03, PNorm = 91.6484, GNorm = 0.0650, lr_0 = 3.0396e-04
Loss = 2.9982e-03, PNorm = 91.6500, GNorm = 0.1418, lr_0 = 3.0382e-04
Loss = 2.3163e-03, PNorm = 91.6495, GNorm = 0.3578, lr_0 = 3.0368e-04
Loss = 3.1796e-03, PNorm = 91.6527, GNorm = 0.2705, lr_0 = 3.0353e-04
Loss = 2.1354e-03, PNorm = 91.6555, GNorm = 0.1794, lr_0 = 3.0339e-04
Loss = 2.0360e-03, PNorm = 91.6590, GNorm = 0.0753, lr_0 = 3.0325e-04
Loss = 1.6756e-03, PNorm = 91.6600, GNorm = 0.1442, lr_0 = 3.0311e-04
Loss = 1.3833e-03, PNorm = 91.6614, GNorm = 0.1215, lr_0 = 3.0297e-04
Loss = 1.7205e-03, PNorm = 91.6618, GNorm = 0.0879, lr_0 = 3.0283e-04
Loss = 1.2745e-03, PNorm = 91.6619, GNorm = 0.1207, lr_0 = 3.0269e-04
Loss = 1.5253e-03, PNorm = 91.6626, GNorm = 0.0488, lr_0 = 3.0255e-04
Loss = 1.8451e-03, PNorm = 91.6623, GNorm = 0.2260, lr_0 = 3.0241e-04
Loss = 1.2373e-03, PNorm = 91.6616, GNorm = 0.0488, lr_0 = 3.0227e-04
Loss = 2.0764e-03, PNorm = 91.6628, GNorm = 0.0769, lr_0 = 3.0213e-04
Loss = 3.0704e-03, PNorm = 91.6645, GNorm = 0.2423, lr_0 = 3.0199e-04
Loss = 1.1794e-03, PNorm = 91.6666, GNorm = 0.1248, lr_0 = 3.0185e-04
Loss = 1.5771e-03, PNorm = 91.6685, GNorm = 0.0913, lr_0 = 3.0171e-04
Loss = 3.0362e-03, PNorm = 91.6706, GNorm = 0.2206, lr_0 = 3.0157e-04
Loss = 1.9986e-03, PNorm = 91.6720, GNorm = 0.2725, lr_0 = 3.0143e-04
Loss = 1.5699e-03, PNorm = 91.6746, GNorm = 0.1126, lr_0 = 3.0129e-04
Loss = 2.1543e-03, PNorm = 91.6754, GNorm = 0.0999, lr_0 = 3.0115e-04
Loss = 1.9292e-03, PNorm = 91.6757, GNorm = 0.0964, lr_0 = 3.0101e-04
Loss = 1.6373e-03, PNorm = 91.6751, GNorm = 0.2307, lr_0 = 3.0087e-04
Loss = 2.3613e-03, PNorm = 91.6762, GNorm = 0.1048, lr_0 = 3.0073e-04
Loss = 1.8168e-03, PNorm = 91.6783, GNorm = 0.1307, lr_0 = 3.0059e-04
Loss = 1.0372e-03, PNorm = 91.6793, GNorm = 0.1358, lr_0 = 3.0046e-04
Loss = 4.0257e-03, PNorm = 91.6834, GNorm = 0.0846, lr_0 = 3.0032e-04
Loss = 2.2503e-03, PNorm = 91.6852, GNorm = 0.2624, lr_0 = 3.0018e-04
Loss = 2.6901e-03, PNorm = 91.6849, GNorm = 0.1740, lr_0 = 3.0004e-04
Loss = 2.2229e-03, PNorm = 91.6875, GNorm = 0.0672, lr_0 = 2.9990e-04
Loss = 2.0642e-03, PNorm = 91.6879, GNorm = 0.1603, lr_0 = 2.9976e-04
Loss = 3.5785e-03, PNorm = 91.6888, GNorm = 0.0993, lr_0 = 2.9962e-04
Loss = 1.7353e-03, PNorm = 91.6930, GNorm = 0.0728, lr_0 = 2.9948e-04
Loss = 3.9848e-03, PNorm = 91.6954, GNorm = 0.1434, lr_0 = 2.9934e-04
Loss = 9.3970e-04, PNorm = 91.6943, GNorm = 0.1230, lr_0 = 2.9921e-04
Loss = 1.4807e-03, PNorm = 91.6949, GNorm = 0.1796, lr_0 = 2.9907e-04
Loss = 1.1940e-03, PNorm = 91.6960, GNorm = 0.0726, lr_0 = 2.9893e-04
Loss = 1.4434e-03, PNorm = 91.6972, GNorm = 0.0640, lr_0 = 2.9879e-04
Loss = 3.1866e-03, PNorm = 91.7000, GNorm = 0.1602, lr_0 = 2.9865e-04
Loss = 1.3556e-03, PNorm = 91.7004, GNorm = 0.2416, lr_0 = 2.9851e-04
Loss = 3.0584e-03, PNorm = 91.7011, GNorm = 0.1716, lr_0 = 2.9837e-04
Loss = 1.7252e-03, PNorm = 91.7019, GNorm = 0.1473, lr_0 = 2.9824e-04
Loss = 2.4225e-03, PNorm = 91.7010, GNorm = 0.1332, lr_0 = 2.9810e-04
Loss = 2.3409e-03, PNorm = 91.7020, GNorm = 0.0537, lr_0 = 2.9796e-04
Loss = 2.9279e-03, PNorm = 91.7046, GNorm = 0.0614, lr_0 = 2.9782e-04
Loss = 2.6993e-03, PNorm = 91.7055, GNorm = 0.1099, lr_0 = 2.9768e-04
Loss = 1.1737e-03, PNorm = 91.7083, GNorm = 0.0829, lr_0 = 2.9755e-04
Loss = 2.5057e-03, PNorm = 91.7098, GNorm = 0.1700, lr_0 = 2.9741e-04
Loss = 1.8768e-03, PNorm = 91.7123, GNorm = 0.2544, lr_0 = 2.9727e-04
Loss = 2.8206e-03, PNorm = 91.7152, GNorm = 0.0832, lr_0 = 2.9713e-04
Loss = 1.7030e-03, PNorm = 91.7166, GNorm = 0.1095, lr_0 = 2.9699e-04
Loss = 2.9259e-03, PNorm = 91.7177, GNorm = 0.0582, lr_0 = 2.9686e-04
Loss = 1.5391e-03, PNorm = 91.7197, GNorm = 0.0568, lr_0 = 2.9672e-04
Loss = 1.8078e-03, PNorm = 91.7223, GNorm = 0.1067, lr_0 = 2.9658e-04
Loss = 1.9647e-03, PNorm = 91.7243, GNorm = 0.1103, lr_0 = 2.9644e-04
Loss = 3.0058e-03, PNorm = 91.7225, GNorm = 0.1388, lr_0 = 2.9631e-04
Loss = 2.0228e-03, PNorm = 91.7233, GNorm = 0.1146, lr_0 = 2.9617e-04
Loss = 1.5020e-03, PNorm = 91.7231, GNorm = 0.2716, lr_0 = 2.9603e-04
Loss = 1.0293e-03, PNorm = 91.7235, GNorm = 0.2003, lr_0 = 2.9590e-04
Loss = 1.2080e-03, PNorm = 91.7237, GNorm = 0.0788, lr_0 = 2.9576e-04
Loss = 2.2819e-03, PNorm = 91.7235, GNorm = 0.3371, lr_0 = 2.9562e-04
Loss = 9.0203e-04, PNorm = 91.7252, GNorm = 0.0586, lr_0 = 2.9548e-04
Loss = 3.3012e-03, PNorm = 91.7268, GNorm = 0.2543, lr_0 = 2.9535e-04
Loss = 1.0709e-03, PNorm = 91.7271, GNorm = 0.0571, lr_0 = 2.9521e-04
Loss = 9.6387e-04, PNorm = 91.7266, GNorm = 0.0519, lr_0 = 2.9507e-04
Loss = 2.7294e-03, PNorm = 91.7276, GNorm = 0.1270, lr_0 = 2.9494e-04
Loss = 2.0404e-03, PNorm = 91.7290, GNorm = 0.1377, lr_0 = 2.9480e-04
Loss = 1.0321e-03, PNorm = 91.7305, GNorm = 0.0823, lr_0 = 2.9466e-04
Loss = 2.2116e-03, PNorm = 91.7315, GNorm = 0.0796, lr_0 = 2.9453e-04
Loss = 1.0150e-03, PNorm = 91.7347, GNorm = 0.1220, lr_0 = 2.9439e-04
Loss = 1.0081e-03, PNorm = 91.7342, GNorm = 0.0819, lr_0 = 2.9425e-04
Loss = 1.8194e-03, PNorm = 91.7348, GNorm = 0.0800, lr_0 = 2.9412e-04
Loss = 1.2626e-03, PNorm = 91.7355, GNorm = 0.1524, lr_0 = 2.9398e-04
Loss = 9.9779e-04, PNorm = 91.7357, GNorm = 0.0403, lr_0 = 2.9385e-04
Loss = 2.6387e-03, PNorm = 91.7358, GNorm = 0.0829, lr_0 = 2.9371e-04
Loss = 2.2562e-03, PNorm = 91.7372, GNorm = 0.0992, lr_0 = 2.9357e-04
Loss = 1.0438e-03, PNorm = 91.7391, GNorm = 0.1167, lr_0 = 2.9344e-04
Loss = 1.5022e-03, PNorm = 91.7404, GNorm = 0.1590, lr_0 = 2.9330e-04
Loss = 8.9643e-04, PNorm = 91.7393, GNorm = 0.0932, lr_0 = 2.9317e-04
Loss = 9.9400e-04, PNorm = 91.7399, GNorm = 0.1116, lr_0 = 2.9303e-04
Loss = 1.6431e-03, PNorm = 91.7407, GNorm = 0.0904, lr_0 = 2.9289e-04
Loss = 2.3722e-03, PNorm = 91.7424, GNorm = 0.0484, lr_0 = 2.9276e-04
Loss = 1.1290e-03, PNorm = 91.7431, GNorm = 0.1184, lr_0 = 2.9262e-04
Loss = 1.6818e-03, PNorm = 91.7435, GNorm = 0.1865, lr_0 = 2.9249e-04
Loss = 1.8609e-03, PNorm = 91.7443, GNorm = 0.1190, lr_0 = 2.9235e-04
Loss = 6.4491e-04, PNorm = 91.7444, GNorm = 0.1377, lr_0 = 2.9222e-04
Loss = 1.2219e-03, PNorm = 91.7464, GNorm = 0.1370, lr_0 = 2.9208e-04
Loss = 1.7424e-03, PNorm = 91.7473, GNorm = 0.2242, lr_0 = 2.9195e-04
Loss = 1.1213e-03, PNorm = 91.7503, GNorm = 0.1820, lr_0 = 2.9181e-04
Loss = 1.7149e-03, PNorm = 91.7512, GNorm = 0.1604, lr_0 = 2.9168e-04
Loss = 9.6051e-04, PNorm = 91.7515, GNorm = 0.1109, lr_0 = 2.9154e-04
Loss = 2.7537e-03, PNorm = 91.7511, GNorm = 0.1241, lr_0 = 2.9141e-04
Loss = 1.4735e-03, PNorm = 91.7533, GNorm = 0.1409, lr_0 = 2.9127e-04
Loss = 1.7213e-03, PNorm = 91.7559, GNorm = 0.1695, lr_0 = 2.9114e-04
Loss = 2.3170e-03, PNorm = 91.7579, GNorm = 0.2297, lr_0 = 2.9100e-04
Loss = 1.0341e-03, PNorm = 91.7590, GNorm = 0.2286, lr_0 = 2.9087e-04
Loss = 2.8737e-03, PNorm = 91.7621, GNorm = 0.0952, lr_0 = 2.9073e-04
Loss = 2.2324e-03, PNorm = 91.7630, GNorm = 0.3293, lr_0 = 2.9060e-04
Loss = 1.9810e-03, PNorm = 91.7638, GNorm = 0.0533, lr_0 = 2.9046e-04
Loss = 2.2888e-03, PNorm = 91.7656, GNorm = 0.2361, lr_0 = 2.9033e-04
Loss = 1.3152e-03, PNorm = 91.7669, GNorm = 0.2328, lr_0 = 2.9019e-04
Loss = 2.3155e-03, PNorm = 91.7682, GNorm = 0.0540, lr_0 = 2.9006e-04
Loss = 2.6789e-03, PNorm = 91.7684, GNorm = 0.2692, lr_0 = 2.8992e-04
Loss = 1.9691e-03, PNorm = 91.7701, GNorm = 0.1023, lr_0 = 2.8979e-04
Loss = 1.8504e-03, PNorm = 91.7697, GNorm = 0.2384, lr_0 = 2.8965e-04
Loss = 2.2097e-03, PNorm = 91.7720, GNorm = 0.0592, lr_0 = 2.8952e-04
Loss = 1.9710e-03, PNorm = 91.7731, GNorm = 0.0409, lr_0 = 2.8939e-04
Loss = 7.4128e-04, PNorm = 91.7741, GNorm = 0.0905, lr_0 = 2.8925e-04
Loss = 1.4500e-03, PNorm = 91.7756, GNorm = 0.0488, lr_0 = 2.8912e-04
Loss = 1.0883e-03, PNorm = 91.7769, GNorm = 0.0510, lr_0 = 2.8898e-04
Loss = 2.4841e-03, PNorm = 91.7781, GNorm = 0.0602, lr_0 = 2.8885e-04
Loss = 3.1333e-03, PNorm = 91.7801, GNorm = 0.3899, lr_0 = 2.8872e-04
Loss = 9.8859e-04, PNorm = 91.7794, GNorm = 0.1036, lr_0 = 2.8858e-04
Loss = 2.7529e-03, PNorm = 91.7803, GNorm = 0.0807, lr_0 = 2.8845e-04
Loss = 3.0655e-03, PNorm = 91.7819, GNorm = 0.0885, lr_0 = 2.8832e-04
Loss = 1.5481e-03, PNorm = 91.7843, GNorm = 0.0680, lr_0 = 2.8818e-04
Loss = 8.4810e-04, PNorm = 91.7875, GNorm = 0.1379, lr_0 = 2.8805e-04
Loss = 1.1559e-03, PNorm = 91.7890, GNorm = 0.0873, lr_0 = 2.8791e-04
Loss = 1.1183e-03, PNorm = 91.7893, GNorm = 0.2293, lr_0 = 2.8778e-04
Loss = 1.6342e-03, PNorm = 91.7922, GNorm = 0.0425, lr_0 = 2.8765e-04
Loss = 1.9117e-03, PNorm = 91.7933, GNorm = 0.1100, lr_0 = 2.8751e-04
Loss = 2.5765e-03, PNorm = 91.7961, GNorm = 0.2413, lr_0 = 2.8738e-04
Loss = 1.6527e-03, PNorm = 91.7959, GNorm = 0.0420, lr_0 = 2.8725e-04
Loss = 1.9641e-03, PNorm = 91.7967, GNorm = 0.2662, lr_0 = 2.8712e-04
Loss = 1.5929e-03, PNorm = 91.7971, GNorm = 0.0449, lr_0 = 2.8698e-04
Loss = 1.5291e-03, PNorm = 91.7971, GNorm = 0.4184, lr_0 = 2.8685e-04
Loss = 1.1415e-03, PNorm = 91.7985, GNorm = 0.1178, lr_0 = 2.8672e-04
Loss = 1.7264e-03, PNorm = 91.7999, GNorm = 0.1386, lr_0 = 2.8658e-04
Loss = 2.5786e-03, PNorm = 91.8009, GNorm = 0.3042, lr_0 = 2.8645e-04
Loss = 3.2334e-03, PNorm = 91.8027, GNorm = 0.3263, lr_0 = 2.8632e-04
Loss = 1.6981e-03, PNorm = 91.8060, GNorm = 0.1349, lr_0 = 2.8619e-04
Loss = 1.8719e-03, PNorm = 91.8081, GNorm = 0.0825, lr_0 = 2.8605e-04
Loss = 1.4254e-03, PNorm = 91.8098, GNorm = 0.0465, lr_0 = 2.8592e-04
Loss = 1.6641e-03, PNorm = 91.8111, GNorm = 0.0617, lr_0 = 2.8579e-04
Loss = 1.8997e-03, PNorm = 91.8116, GNorm = 0.0408, lr_0 = 2.8566e-04
Loss = 1.8031e-03, PNorm = 91.8140, GNorm = 0.1839, lr_0 = 2.8552e-04
Loss = 1.3973e-03, PNorm = 91.8156, GNorm = 0.0304, lr_0 = 2.8539e-04
Loss = 2.4144e-03, PNorm = 91.8166, GNorm = 0.1359, lr_0 = 2.8526e-04
Loss = 1.8594e-03, PNorm = 91.8184, GNorm = 0.0794, lr_0 = 2.8513e-04
Loss = 1.0478e-03, PNorm = 91.8200, GNorm = 0.1564, lr_0 = 2.8499e-04
Loss = 1.5898e-03, PNorm = 91.8206, GNorm = 0.2639, lr_0 = 2.8486e-04
Loss = 1.5275e-03, PNorm = 91.8206, GNorm = 0.1572, lr_0 = 2.8473e-04
Loss = 1.3285e-03, PNorm = 91.8214, GNorm = 0.0344, lr_0 = 2.8460e-04
Loss = 1.1044e-03, PNorm = 91.8224, GNorm = 0.1170, lr_0 = 2.8447e-04
Loss = 1.5770e-03, PNorm = 91.8244, GNorm = 0.1126, lr_0 = 2.8433e-04
Loss = 1.7590e-03, PNorm = 91.8253, GNorm = 0.2185, lr_0 = 2.8420e-04
Loss = 1.6477e-03, PNorm = 91.8249, GNorm = 0.1051, lr_0 = 2.8407e-04
Loss = 1.0951e-03, PNorm = 91.8253, GNorm = 0.1475, lr_0 = 2.8394e-04
Loss = 2.1314e-03, PNorm = 91.8267, GNorm = 0.0908, lr_0 = 2.8381e-04
Loss = 1.2279e-03, PNorm = 91.8277, GNorm = 0.0360, lr_0 = 2.8368e-04
Loss = 1.7245e-03, PNorm = 91.8293, GNorm = 0.1009, lr_0 = 2.8355e-04
Loss = 1.5480e-03, PNorm = 91.8306, GNorm = 0.1643, lr_0 = 2.8341e-04
Loss = 1.2678e-03, PNorm = 91.8310, GNorm = 0.1538, lr_0 = 2.8328e-04
Loss = 1.0540e-03, PNorm = 91.8313, GNorm = 0.1160, lr_0 = 2.8315e-04
Loss = 2.5052e-03, PNorm = 91.8312, GNorm = 0.2993, lr_0 = 2.8302e-04
Loss = 1.8372e-03, PNorm = 91.8321, GNorm = 0.2479, lr_0 = 2.8289e-04
Loss = 2.8109e-03, PNorm = 91.8334, GNorm = 0.1600, lr_0 = 2.8276e-04
Loss = 1.9091e-03, PNorm = 91.8348, GNorm = 0.0395, lr_0 = 2.8263e-04
Loss = 2.1723e-03, PNorm = 91.8367, GNorm = 0.2133, lr_0 = 2.8250e-04
Loss = 1.7846e-03, PNorm = 91.8376, GNorm = 0.1691, lr_0 = 2.8237e-04
Loss = 2.3423e-03, PNorm = 91.8399, GNorm = 0.0903, lr_0 = 2.8223e-04
Loss = 1.2192e-03, PNorm = 91.8411, GNorm = 0.0450, lr_0 = 2.8210e-04
Loss = 2.3606e-03, PNorm = 91.8401, GNorm = 0.1260, lr_0 = 2.8197e-04
Loss = 1.5531e-03, PNorm = 91.8422, GNorm = 0.0871, lr_0 = 2.8184e-04
Loss = 3.5365e-03, PNorm = 91.8442, GNorm = 0.1877, lr_0 = 2.8171e-04
Loss = 1.3659e-03, PNorm = 91.8450, GNorm = 0.2217, lr_0 = 2.8158e-04
Loss = 3.9244e-03, PNorm = 91.8444, GNorm = 0.1931, lr_0 = 2.8145e-04
Loss = 2.8768e-03, PNorm = 91.8444, GNorm = 0.1413, lr_0 = 2.8132e-04
Loss = 1.7181e-03, PNorm = 91.8452, GNorm = 0.0823, lr_0 = 2.8119e-04
Loss = 2.1641e-03, PNorm = 91.8455, GNorm = 0.2750, lr_0 = 2.8106e-04
Loss = 2.3921e-03, PNorm = 91.8468, GNorm = 0.1322, lr_0 = 2.8093e-04
Loss = 1.6315e-03, PNorm = 91.8505, GNorm = 0.1952, lr_0 = 2.8080e-04
Loss = 1.1733e-03, PNorm = 91.8538, GNorm = 0.1602, lr_0 = 2.8067e-04
Loss = 3.0510e-03, PNorm = 91.8534, GNorm = 0.2702, lr_0 = 2.8054e-04
Loss = 3.0291e-03, PNorm = 91.8539, GNorm = 0.0955, lr_0 = 2.8041e-04
Loss = 1.5796e-03, PNorm = 91.8557, GNorm = 0.0982, lr_0 = 2.8028e-04
Loss = 1.3055e-03, PNorm = 91.8561, GNorm = 0.0765, lr_0 = 2.8015e-04
Loss = 3.0557e-03, PNorm = 91.8588, GNorm = 0.1839, lr_0 = 2.8002e-04
Loss = 1.8295e-03, PNorm = 91.8611, GNorm = 0.2322, lr_0 = 2.7989e-04
Loss = 2.1990e-03, PNorm = 91.8622, GNorm = 0.1135, lr_0 = 2.7976e-04
Loss = 1.3480e-03, PNorm = 91.8626, GNorm = 0.1383, lr_0 = 2.7963e-04
Loss = 1.6150e-03, PNorm = 91.8644, GNorm = 0.1480, lr_0 = 2.7950e-04
Loss = 2.1709e-03, PNorm = 91.8640, GNorm = 0.1558, lr_0 = 2.7937e-04
Loss = 2.0172e-03, PNorm = 91.8638, GNorm = 0.1066, lr_0 = 2.7924e-04
Loss = 1.2958e-03, PNorm = 91.8632, GNorm = 0.0878, lr_0 = 2.7911e-04
Loss = 1.2596e-03, PNorm = 91.8640, GNorm = 0.0635, lr_0 = 2.7898e-04
Loss = 1.7992e-03, PNorm = 91.8635, GNorm = 0.1027, lr_0 = 2.7885e-04
Loss = 1.7021e-03, PNorm = 91.8647, GNorm = 0.1570, lr_0 = 2.7872e-04
Loss = 1.0423e-03, PNorm = 91.8663, GNorm = 0.1044, lr_0 = 2.7860e-04
Loss = 1.7996e-03, PNorm = 91.8689, GNorm = 0.1178, lr_0 = 2.7847e-04
Loss = 1.1759e-03, PNorm = 91.8700, GNorm = 0.0904, lr_0 = 2.7834e-04
Loss = 2.2743e-03, PNorm = 91.8716, GNorm = 0.0955, lr_0 = 2.7821e-04
Loss = 1.2787e-03, PNorm = 91.8704, GNorm = 0.1677, lr_0 = 2.7808e-04
Loss = 2.2391e-03, PNorm = 91.8712, GNorm = 0.1582, lr_0 = 2.7795e-04
Loss = 2.3209e-03, PNorm = 91.8733, GNorm = 0.1611, lr_0 = 2.7782e-04
Loss = 2.0206e-03, PNorm = 91.8738, GNorm = 0.0626, lr_0 = 2.7769e-04
Loss = 1.8638e-03, PNorm = 91.8763, GNorm = 0.1234, lr_0 = 2.7756e-04
Loss = 2.5445e-03, PNorm = 91.8760, GNorm = 0.0909, lr_0 = 2.7744e-04
Loss = 1.4328e-03, PNorm = 91.8773, GNorm = 0.0366, lr_0 = 2.7731e-04
Loss = 2.1960e-03, PNorm = 91.8798, GNorm = 0.0339, lr_0 = 2.7718e-04
Loss = 1.3807e-03, PNorm = 91.8820, GNorm = 0.0767, lr_0 = 2.7705e-04
Loss = 2.3360e-03, PNorm = 91.8840, GNorm = 0.3481, lr_0 = 2.7692e-04
Loss = 1.9806e-03, PNorm = 91.8850, GNorm = 0.1655, lr_0 = 2.7679e-04
Loss = 7.1223e-04, PNorm = 91.8843, GNorm = 0.1966, lr_0 = 2.7667e-04
Loss = 3.1319e-03, PNorm = 91.8844, GNorm = 0.4148, lr_0 = 2.7654e-04
Loss = 1.2372e-03, PNorm = 91.8860, GNorm = 0.0760, lr_0 = 2.7641e-04
Loss = 3.0478e-03, PNorm = 91.8875, GNorm = 0.0523, lr_0 = 2.7628e-04
Loss = 1.2327e-03, PNorm = 91.8891, GNorm = 0.1089, lr_0 = 2.7615e-04
Loss = 6.8963e-04, PNorm = 91.8885, GNorm = 0.0751, lr_0 = 2.7603e-04
Loss = 2.7758e-03, PNorm = 91.8886, GNorm = 0.0490, lr_0 = 2.7590e-04
Loss = 2.3368e-03, PNorm = 91.8905, GNorm = 0.2303, lr_0 = 2.7577e-04
Loss = 1.4214e-03, PNorm = 91.8921, GNorm = 0.1857, lr_0 = 2.7564e-04
Loss = 1.2579e-03, PNorm = 91.8938, GNorm = 0.0512, lr_0 = 2.7551e-04
Loss = 1.5765e-03, PNorm = 91.8938, GNorm = 0.0853, lr_0 = 2.7539e-04
Loss = 1.2080e-03, PNorm = 91.8961, GNorm = 0.1029, lr_0 = 2.7526e-04
Loss = 1.3630e-03, PNorm = 91.8965, GNorm = 0.1534, lr_0 = 2.7513e-04
Loss = 3.5334e-03, PNorm = 91.8989, GNorm = 0.0617, lr_0 = 2.7500e-04
Loss = 2.0834e-03, PNorm = 91.8999, GNorm = 0.0950, lr_0 = 2.7488e-04
Loss = 1.0994e-03, PNorm = 91.9021, GNorm = 0.1504, lr_0 = 2.7475e-04
Loss = 1.2302e-03, PNorm = 91.9033, GNorm = 0.1187, lr_0 = 2.7462e-04
Loss = 1.9382e-03, PNorm = 91.9039, GNorm = 0.1345, lr_0 = 2.7449e-04
Loss = 1.3114e-03, PNorm = 91.9044, GNorm = 0.0433, lr_0 = 2.7437e-04
Loss = 1.7570e-03, PNorm = 91.9046, GNorm = 0.0912, lr_0 = 2.7424e-04
Loss = 6.9358e-04, PNorm = 91.9054, GNorm = 0.0889, lr_0 = 2.7411e-04
Loss = 1.9939e-03, PNorm = 91.9066, GNorm = 0.1051, lr_0 = 2.7399e-04
Loss = 2.5511e-03, PNorm = 91.9077, GNorm = 0.1646, lr_0 = 2.7386e-04
Loss = 1.4065e-03, PNorm = 91.9073, GNorm = 0.3527, lr_0 = 2.7373e-04
Loss = 1.5257e-03, PNorm = 91.9086, GNorm = 0.1382, lr_0 = 2.7361e-04
Loss = 1.0475e-03, PNorm = 91.9105, GNorm = 0.1755, lr_0 = 2.7348e-04
Loss = 1.2080e-03, PNorm = 91.9111, GNorm = 0.0707, lr_0 = 2.7335e-04
Loss = 1.0870e-03, PNorm = 91.9109, GNorm = 0.1042, lr_0 = 2.7323e-04
Loss = 8.8844e-04, PNorm = 91.9109, GNorm = 0.0540, lr_0 = 2.7310e-04
Loss = 2.6273e-03, PNorm = 91.9110, GNorm = 0.0946, lr_0 = 2.7297e-04
Loss = 2.8607e-03, PNorm = 91.9122, GNorm = 0.3904, lr_0 = 2.7285e-04
Loss = 1.8441e-03, PNorm = 91.9124, GNorm = 0.3428, lr_0 = 2.7272e-04
Loss = 2.0966e-03, PNorm = 91.9164, GNorm = 0.0659, lr_0 = 2.7259e-04
Loss = 1.5649e-03, PNorm = 91.9177, GNorm = 0.0562, lr_0 = 2.7247e-04
Loss = 1.3988e-03, PNorm = 91.9193, GNorm = 0.0881, lr_0 = 2.7234e-04
Loss = 2.7883e-03, PNorm = 91.9198, GNorm = 0.2698, lr_0 = 2.7221e-04
Loss = 2.7499e-03, PNorm = 91.9205, GNorm = 0.0667, lr_0 = 2.7209e-04
Loss = 1.1766e-03, PNorm = 91.9207, GNorm = 0.0399, lr_0 = 2.7196e-04
Loss = 9.0713e-04, PNorm = 91.9230, GNorm = 0.0721, lr_0 = 2.7184e-04
Loss = 1.6211e-03, PNorm = 91.9255, GNorm = 0.1372, lr_0 = 2.7171e-04
Loss = 1.6255e-03, PNorm = 91.9259, GNorm = 0.1222, lr_0 = 2.7158e-04
Loss = 2.1306e-03, PNorm = 91.9263, GNorm = 0.0498, lr_0 = 2.7146e-04
Loss = 2.5492e-03, PNorm = 91.9279, GNorm = 0.2280, lr_0 = 2.7133e-04
Loss = 2.4576e-03, PNorm = 91.9323, GNorm = 0.1602, lr_0 = 2.7121e-04
Loss = 2.0498e-03, PNorm = 91.9326, GNorm = 0.0723, lr_0 = 2.7108e-04
Loss = 1.4315e-03, PNorm = 91.9333, GNorm = 0.1641, lr_0 = 2.7096e-04
Loss = 1.5853e-03, PNorm = 91.9341, GNorm = 0.1606, lr_0 = 2.7083e-04
Loss = 2.9538e-03, PNorm = 91.9357, GNorm = 0.1492, lr_0 = 2.7070e-04
Loss = 1.5385e-03, PNorm = 91.9359, GNorm = 0.1283, lr_0 = 2.7058e-04
Loss = 1.6667e-03, PNorm = 91.9371, GNorm = 0.0715, lr_0 = 2.7045e-04
Loss = 1.9848e-03, PNorm = 91.9383, GNorm = 0.1738, lr_0 = 2.7033e-04
Loss = 1.2540e-03, PNorm = 91.9391, GNorm = 0.1219, lr_0 = 2.7020e-04
Loss = 1.1548e-03, PNorm = 91.9394, GNorm = 0.0441, lr_0 = 2.7008e-04
Loss = 2.1216e-03, PNorm = 91.9403, GNorm = 0.1054, lr_0 = 2.6995e-04
Loss = 1.1218e-03, PNorm = 91.9415, GNorm = 0.0545, lr_0 = 2.6983e-04
Loss = 8.2640e-04, PNorm = 91.9426, GNorm = 0.0451, lr_0 = 2.6970e-04
Loss = 1.6568e-03, PNorm = 91.9432, GNorm = 0.1368, lr_0 = 2.6958e-04
Loss = 1.8385e-03, PNorm = 91.9444, GNorm = 0.0821, lr_0 = 2.6945e-04
Loss = 1.8630e-03, PNorm = 91.9446, GNorm = 0.2756, lr_0 = 2.6933e-04
Loss = 1.4034e-03, PNorm = 91.9446, GNorm = 0.1903, lr_0 = 2.6920e-04
Loss = 1.2413e-03, PNorm = 91.9458, GNorm = 0.0859, lr_0 = 2.6908e-04
Loss = 9.1343e-04, PNorm = 91.9471, GNorm = 0.1314, lr_0 = 2.6895e-04
Loss = 1.3593e-03, PNorm = 91.9486, GNorm = 0.1817, lr_0 = 2.6883e-04
Loss = 1.7440e-03, PNorm = 91.9499, GNorm = 0.1047, lr_0 = 2.6871e-04
Loss = 9.8989e-04, PNorm = 91.9521, GNorm = 0.0324, lr_0 = 2.6858e-04
Loss = 1.9031e-03, PNorm = 91.9538, GNorm = 0.3793, lr_0 = 2.6846e-04
Loss = 3.8866e-03, PNorm = 91.9559, GNorm = 0.2126, lr_0 = 2.6833e-04
Loss = 2.9301e-03, PNorm = 91.9578, GNorm = 0.2356, lr_0 = 2.6821e-04
Loss = 3.1646e-03, PNorm = 91.9595, GNorm = 0.2288, lr_0 = 2.6808e-04
Loss = 1.1391e-03, PNorm = 91.9605, GNorm = 0.1532, lr_0 = 2.6796e-04
Loss = 1.7359e-03, PNorm = 91.9601, GNorm = 0.2026, lr_0 = 2.6783e-04
Loss = 1.2545e-03, PNorm = 91.9591, GNorm = 0.0979, lr_0 = 2.6771e-04
Loss = 3.0352e-03, PNorm = 91.9596, GNorm = 0.0844, lr_0 = 2.6759e-04
Loss = 1.8084e-03, PNorm = 91.9606, GNorm = 0.1521, lr_0 = 2.6746e-04
Loss = 2.3669e-03, PNorm = 91.9614, GNorm = 0.1234, lr_0 = 2.6734e-04
Loss = 1.4177e-03, PNorm = 91.9622, GNorm = 0.2059, lr_0 = 2.6721e-04
Loss = 1.8018e-03, PNorm = 91.9653, GNorm = 0.2674, lr_0 = 2.6709e-04
Loss = 1.7660e-03, PNorm = 91.9667, GNorm = 0.2434, lr_0 = 2.6697e-04
Loss = 1.7137e-03, PNorm = 91.9678, GNorm = 0.1071, lr_0 = 2.6684e-04
Loss = 1.0450e-03, PNorm = 91.9669, GNorm = 0.1177, lr_0 = 2.6672e-04
Loss = 9.9647e-04, PNorm = 91.9677, GNorm = 0.1408, lr_0 = 2.6660e-04
Loss = 1.4854e-03, PNorm = 91.9690, GNorm = 0.1986, lr_0 = 2.6647e-04
Loss = 2.1090e-03, PNorm = 91.9699, GNorm = 0.2145, lr_0 = 2.6635e-04
Loss = 1.3151e-03, PNorm = 91.9708, GNorm = 0.0454, lr_0 = 2.6623e-04
Loss = 1.8480e-03, PNorm = 91.9716, GNorm = 0.0904, lr_0 = 2.6610e-04
Loss = 9.0340e-04, PNorm = 91.9727, GNorm = 0.1985, lr_0 = 2.6598e-04
Loss = 2.6721e-03, PNorm = 91.9761, GNorm = 0.1471, lr_0 = 2.6586e-04
Loss = 3.5894e-03, PNorm = 91.9769, GNorm = 0.1819, lr_0 = 2.6573e-04
Loss = 1.8160e-03, PNorm = 91.9774, GNorm = 0.3158, lr_0 = 2.6561e-04
Loss = 2.0955e-03, PNorm = 91.9783, GNorm = 0.1837, lr_0 = 2.6549e-04
Loss = 1.4957e-03, PNorm = 91.9787, GNorm = 0.1416, lr_0 = 2.6536e-04
Loss = 1.4280e-03, PNorm = 91.9813, GNorm = 0.0812, lr_0 = 2.6524e-04
Loss = 1.7140e-03, PNorm = 91.9829, GNorm = 0.0783, lr_0 = 2.6512e-04
Loss = 2.5190e-03, PNorm = 91.9838, GNorm = 0.0384, lr_0 = 2.6500e-04
Loss = 1.5692e-03, PNorm = 91.9838, GNorm = 0.1886, lr_0 = 2.6487e-04
Loss = 2.7111e-03, PNorm = 91.9862, GNorm = 0.0674, lr_0 = 2.6475e-04
Loss = 8.6906e-04, PNorm = 91.9864, GNorm = 0.0977, lr_0 = 2.6463e-04
Loss = 1.7369e-03, PNorm = 91.9883, GNorm = 0.2783, lr_0 = 2.6450e-04
Loss = 1.0456e-03, PNorm = 91.9897, GNorm = 0.1787, lr_0 = 2.6438e-04
Loss = 1.6146e-03, PNorm = 91.9899, GNorm = 0.1365, lr_0 = 2.6426e-04
Loss = 1.9711e-03, PNorm = 91.9909, GNorm = 0.1593, lr_0 = 2.6414e-04
Loss = 1.0928e-03, PNorm = 91.9923, GNorm = 0.0996, lr_0 = 2.6401e-04
Loss = 1.2996e-03, PNorm = 91.9938, GNorm = 0.1418, lr_0 = 2.6389e-04
Loss = 2.4448e-03, PNorm = 91.9940, GNorm = 0.1976, lr_0 = 2.6377e-04
Loss = 2.2865e-03, PNorm = 91.9938, GNorm = 0.1668, lr_0 = 2.6365e-04
Loss = 1.5915e-03, PNorm = 91.9946, GNorm = 0.0863, lr_0 = 2.6353e-04
Loss = 1.3808e-03, PNorm = 91.9944, GNorm = 0.3188, lr_0 = 2.6340e-04
Loss = 1.6349e-03, PNorm = 91.9950, GNorm = 0.2134, lr_0 = 2.6328e-04
Loss = 1.3292e-03, PNorm = 91.9966, GNorm = 0.1335, lr_0 = 2.6316e-04
Loss = 1.4230e-03, PNorm = 91.9987, GNorm = 0.0685, lr_0 = 2.6304e-04
Loss = 2.2466e-03, PNorm = 91.9992, GNorm = 0.0766, lr_0 = 2.6292e-04
Loss = 2.8415e-03, PNorm = 92.0004, GNorm = 0.2734, lr_0 = 2.6279e-04
Loss = 1.2697e-03, PNorm = 92.0017, GNorm = 0.0546, lr_0 = 2.6267e-04
Loss = 2.0175e-03, PNorm = 92.0028, GNorm = 0.0788, lr_0 = 2.6255e-04
Loss = 2.6840e-03, PNorm = 92.0023, GNorm = 0.2895, lr_0 = 2.6243e-04
Loss = 1.6188e-03, PNorm = 92.0051, GNorm = 0.1766, lr_0 = 2.6231e-04
Loss = 2.2085e-03, PNorm = 92.0051, GNorm = 0.2123, lr_0 = 2.6219e-04
Loss = 1.3821e-03, PNorm = 92.0056, GNorm = 0.1045, lr_0 = 2.6206e-04
Loss = 1.4909e-03, PNorm = 92.0046, GNorm = 0.1083, lr_0 = 2.6194e-04
Loss = 2.6377e-03, PNorm = 92.0048, GNorm = 0.3208, lr_0 = 2.6182e-04
Loss = 1.3216e-03, PNorm = 92.0065, GNorm = 0.0964, lr_0 = 2.6170e-04
Loss = 7.4701e-04, PNorm = 92.0082, GNorm = 0.1075, lr_0 = 2.6158e-04
Loss = 1.6069e-03, PNorm = 92.0088, GNorm = 0.0771, lr_0 = 2.6146e-04
Loss = 1.4811e-03, PNorm = 92.0096, GNorm = 0.1020, lr_0 = 2.6134e-04
Loss = 3.5987e-03, PNorm = 92.0089, GNorm = 0.2516, lr_0 = 2.6122e-04
Loss = 1.5545e-03, PNorm = 92.0104, GNorm = 0.0972, lr_0 = 2.6109e-04
Loss = 2.9933e-03, PNorm = 92.0116, GNorm = 0.1732, lr_0 = 2.6097e-04
Loss = 9.0416e-04, PNorm = 92.0133, GNorm = 0.0580, lr_0 = 2.6085e-04
Loss = 9.9565e-04, PNorm = 92.0140, GNorm = 0.1506, lr_0 = 2.6073e-04
Loss = 1.3886e-03, PNorm = 92.0151, GNorm = 0.0455, lr_0 = 2.6061e-04
Loss = 2.5994e-03, PNorm = 92.0177, GNorm = 0.0609, lr_0 = 2.6049e-04
Loss = 1.3383e-03, PNorm = 92.0181, GNorm = 0.0721, lr_0 = 2.6037e-04
Loss = 1.3049e-03, PNorm = 92.0195, GNorm = 0.0985, lr_0 = 2.6025e-04
Loss = 1.0910e-03, PNorm = 92.0203, GNorm = 0.0708, lr_0 = 2.6013e-04
Loss = 1.3936e-03, PNorm = 92.0216, GNorm = 0.1807, lr_0 = 2.6001e-04
Loss = 1.9378e-03, PNorm = 92.0219, GNorm = 0.0862, lr_0 = 2.5989e-04
Loss = 2.5009e-03, PNorm = 92.0224, GNorm = 0.0916, lr_0 = 2.5977e-04
Loss = 2.8649e-03, PNorm = 92.0255, GNorm = 0.0869, lr_0 = 2.5965e-04
Loss = 3.6057e-03, PNorm = 92.0250, GNorm = 0.0908, lr_0 = 2.5953e-04
Loss = 9.9997e-04, PNorm = 92.0274, GNorm = 0.1122, lr_0 = 2.5941e-04
Loss = 1.5546e-03, PNorm = 92.0267, GNorm = 0.2070, lr_0 = 2.5929e-04
Loss = 1.6827e-03, PNorm = 92.0263, GNorm = 0.0764, lr_0 = 2.5917e-04
Loss = 2.3239e-03, PNorm = 92.0270, GNorm = 0.1165, lr_0 = 2.5905e-04
Loss = 2.3238e-03, PNorm = 92.0256, GNorm = 0.1057, lr_0 = 2.5893e-04
Loss = 1.0619e-03, PNorm = 92.0270, GNorm = 0.0649, lr_0 = 2.5881e-04
Loss = 1.6128e-03, PNorm = 92.0295, GNorm = 0.1091, lr_0 = 2.5869e-04
Loss = 1.8630e-03, PNorm = 92.0312, GNorm = 0.0888, lr_0 = 2.5857e-04
Loss = 1.0308e-03, PNorm = 92.0322, GNorm = 0.0596, lr_0 = 2.5845e-04
Loss = 7.7971e-04, PNorm = 92.0332, GNorm = 0.0591, lr_0 = 2.5833e-04
Loss = 2.3043e-03, PNorm = 92.0340, GNorm = 0.0289, lr_0 = 2.5821e-04
Loss = 2.4066e-03, PNorm = 92.0346, GNorm = 0.0500, lr_0 = 2.5809e-04
Loss = 2.2910e-03, PNorm = 92.0339, GNorm = 0.0833, lr_0 = 2.5797e-04
Loss = 9.2249e-04, PNorm = 92.0329, GNorm = 0.0739, lr_0 = 2.5785e-04
Loss = 2.4779e-03, PNorm = 92.0341, GNorm = 0.0649, lr_0 = 2.5773e-04
Loss = 8.1284e-04, PNorm = 92.0362, GNorm = 0.1480, lr_0 = 2.5761e-04
Loss = 1.6465e-03, PNorm = 92.0360, GNorm = 0.1840, lr_0 = 2.5749e-04
Loss = 7.9316e-04, PNorm = 92.0366, GNorm = 0.1435, lr_0 = 2.5737e-04
Loss = 2.3571e-03, PNorm = 92.0372, GNorm = 0.0459, lr_0 = 2.5725e-04
Loss = 2.1486e-03, PNorm = 92.0367, GNorm = 0.1362, lr_0 = 2.5713e-04
Loss = 1.3503e-03, PNorm = 92.0368, GNorm = 0.0470, lr_0 = 2.5701e-04
Loss = 2.5523e-03, PNorm = 92.0387, GNorm = 0.2330, lr_0 = 2.5689e-04
Loss = 2.1028e-03, PNorm = 92.0404, GNorm = 0.1222, lr_0 = 2.5677e-04
Loss = 1.9820e-03, PNorm = 92.0415, GNorm = 0.3325, lr_0 = 2.5666e-04
Loss = 2.2001e-03, PNorm = 92.0422, GNorm = 0.0679, lr_0 = 2.5654e-04
Loss = 3.0250e-03, PNorm = 92.0422, GNorm = 0.0411, lr_0 = 2.5642e-04
Loss = 1.7018e-03, PNorm = 92.0438, GNorm = 0.0476, lr_0 = 2.5630e-04
Loss = 2.0960e-03, PNorm = 92.0438, GNorm = 0.0501, lr_0 = 2.5618e-04
Loss = 1.2845e-03, PNorm = 92.0454, GNorm = 0.0943, lr_0 = 2.5606e-04
Loss = 1.4569e-03, PNorm = 92.0463, GNorm = 0.0675, lr_0 = 2.5594e-04
Loss = 2.5085e-03, PNorm = 92.0460, GNorm = 0.0872, lr_0 = 2.5582e-04
Loss = 2.1211e-03, PNorm = 92.0476, GNorm = 0.1602, lr_0 = 2.5571e-04
Loss = 1.3471e-03, PNorm = 92.0487, GNorm = 0.0410, lr_0 = 2.5559e-04
Loss = 1.6556e-03, PNorm = 92.0489, GNorm = 0.1145, lr_0 = 2.5547e-04
Loss = 1.3348e-03, PNorm = 92.0490, GNorm = 0.1269, lr_0 = 2.5535e-04
Loss = 2.1503e-03, PNorm = 92.0518, GNorm = 0.1449, lr_0 = 2.5523e-04
Loss = 6.3052e-04, PNorm = 92.0519, GNorm = 0.1241, lr_0 = 2.5511e-04
Loss = 1.0417e-03, PNorm = 92.0526, GNorm = 0.0978, lr_0 = 2.5500e-04
Loss = 1.6638e-03, PNorm = 92.0517, GNorm = 0.1060, lr_0 = 2.5488e-04
Loss = 2.6959e-03, PNorm = 92.0535, GNorm = 0.1228, lr_0 = 2.5476e-04
Loss = 1.7946e-03, PNorm = 92.0535, GNorm = 0.1398, lr_0 = 2.5464e-04
Loss = 9.3428e-04, PNorm = 92.0546, GNorm = 0.0602, lr_0 = 2.5452e-04
Loss = 3.3070e-03, PNorm = 92.0548, GNorm = 0.1218, lr_0 = 2.5441e-04
Loss = 2.3208e-03, PNorm = 92.0561, GNorm = 0.0734, lr_0 = 2.5429e-04
Loss = 8.7767e-04, PNorm = 92.0581, GNorm = 0.0590, lr_0 = 2.5417e-04
Loss = 1.5187e-03, PNorm = 92.0597, GNorm = 0.0919, lr_0 = 2.5405e-04
Loss = 1.5009e-03, PNorm = 92.0607, GNorm = 0.0694, lr_0 = 2.5393e-04
Loss = 9.0775e-04, PNorm = 92.0607, GNorm = 0.0391, lr_0 = 2.5382e-04
Loss = 2.7700e-03, PNorm = 92.0600, GNorm = 0.0941, lr_0 = 2.5370e-04
Loss = 2.2288e-03, PNorm = 92.0606, GNorm = 0.0420, lr_0 = 2.5358e-04
Loss = 2.0140e-03, PNorm = 92.0631, GNorm = 0.1143, lr_0 = 2.5346e-04
Loss = 2.0536e-03, PNorm = 92.0661, GNorm = 0.2211, lr_0 = 2.5335e-04
Loss = 1.5402e-03, PNorm = 92.0672, GNorm = 0.2172, lr_0 = 2.5323e-04
Loss = 2.3697e-03, PNorm = 92.0685, GNorm = 0.1859, lr_0 = 2.5311e-04
Loss = 2.1158e-03, PNorm = 92.0703, GNorm = 0.1408, lr_0 = 2.5299e-04
Loss = 1.9619e-03, PNorm = 92.0746, GNorm = 0.2732, lr_0 = 2.5288e-04
Loss = 1.2873e-03, PNorm = 92.0764, GNorm = 0.2964, lr_0 = 2.5276e-04
Loss = 2.4604e-03, PNorm = 92.0778, GNorm = 0.1130, lr_0 = 2.5264e-04
Loss = 9.4316e-04, PNorm = 92.0777, GNorm = 0.0325, lr_0 = 2.5253e-04
Loss = 1.4965e-03, PNorm = 92.0790, GNorm = 0.0920, lr_0 = 2.5241e-04
Loss = 1.4205e-03, PNorm = 92.0793, GNorm = 0.1405, lr_0 = 2.5229e-04
Loss = 2.6492e-03, PNorm = 92.0802, GNorm = 0.1200, lr_0 = 2.5218e-04
Loss = 1.3248e-03, PNorm = 92.0805, GNorm = 0.1404, lr_0 = 2.5206e-04
Loss = 2.3497e-03, PNorm = 92.0811, GNorm = 0.0284, lr_0 = 2.5194e-04
Loss = 1.6840e-03, PNorm = 92.0821, GNorm = 0.0494, lr_0 = 2.5183e-04
Loss = 1.0124e-03, PNorm = 92.0837, GNorm = 0.0805, lr_0 = 2.5171e-04
Loss = 1.9694e-03, PNorm = 92.0840, GNorm = 0.2764, lr_0 = 2.5159e-04
Loss = 1.7149e-03, PNorm = 92.0852, GNorm = 0.0981, lr_0 = 2.5148e-04
Loss = 1.4446e-03, PNorm = 92.0854, GNorm = 0.1013, lr_0 = 2.5136e-04
Loss = 3.3388e-03, PNorm = 92.0878, GNorm = 0.1529, lr_0 = 2.5124e-04
Loss = 1.5893e-03, PNorm = 92.0893, GNorm = 0.1150, lr_0 = 2.5113e-04
Loss = 9.7490e-04, PNorm = 92.0912, GNorm = 0.0691, lr_0 = 2.5101e-04
Loss = 2.5821e-03, PNorm = 92.0925, GNorm = 0.2469, lr_0 = 2.5089e-04
Loss = 1.3751e-03, PNorm = 92.0939, GNorm = 0.1247, lr_0 = 2.5078e-04
Loss = 3.3932e-03, PNorm = 92.0953, GNorm = 0.1474, lr_0 = 2.5066e-04
Loss = 2.5591e-03, PNorm = 92.0960, GNorm = 0.0580, lr_0 = 2.5054e-04
Loss = 2.0186e-03, PNorm = 92.0974, GNorm = 0.0917, lr_0 = 2.5043e-04
Loss = 1.1149e-03, PNorm = 92.0969, GNorm = 0.1435, lr_0 = 2.5031e-04
Loss = 3.3141e-03, PNorm = 92.0981, GNorm = 0.0519, lr_0 = 2.5020e-04
Loss = 8.7862e-04, PNorm = 92.0988, GNorm = 0.0547, lr_0 = 2.5008e-04
Loss = 2.6182e-03, PNorm = 92.1010, GNorm = 0.1556, lr_0 = 2.4996e-04
Loss = 2.2260e-03, PNorm = 92.1015, GNorm = 0.2454, lr_0 = 2.4985e-04
Loss = 1.5424e-03, PNorm = 92.1025, GNorm = 0.0307, lr_0 = 2.4973e-04
Loss = 1.6363e-03, PNorm = 92.1030, GNorm = 0.0677, lr_0 = 2.4962e-04
Loss = 2.9971e-03, PNorm = 92.1037, GNorm = 0.0792, lr_0 = 2.4950e-04
Loss = 2.5994e-03, PNorm = 92.1052, GNorm = 0.1624, lr_0 = 2.4939e-04
Loss = 9.6174e-04, PNorm = 92.1053, GNorm = 0.0739, lr_0 = 2.4927e-04
Loss = 2.8886e-03, PNorm = 92.1058, GNorm = 0.0827, lr_0 = 2.4916e-04
Loss = 1.8513e-03, PNorm = 92.1043, GNorm = 0.1454, lr_0 = 2.4904e-04
Loss = 1.9878e-03, PNorm = 92.1050, GNorm = 0.1329, lr_0 = 2.4892e-04
Loss = 5.5425e-04, PNorm = 92.1051, GNorm = 0.1938, lr_0 = 2.4881e-04
Loss = 1.4239e-03, PNorm = 92.1059, GNorm = 0.1094, lr_0 = 2.4869e-04
Loss = 1.3164e-03, PNorm = 92.1063, GNorm = 0.0235, lr_0 = 2.4858e-04
Loss = 1.3488e-03, PNorm = 92.1062, GNorm = 0.1553, lr_0 = 2.4846e-04
Loss = 1.3217e-03, PNorm = 92.1064, GNorm = 0.0599, lr_0 = 2.4835e-04
Loss = 2.0442e-03, PNorm = 92.1064, GNorm = 0.1389, lr_0 = 2.4823e-04
Loss = 1.3186e-03, PNorm = 92.1078, GNorm = 0.0575, lr_0 = 2.4812e-04
Loss = 8.9554e-04, PNorm = 92.1069, GNorm = 0.0537, lr_0 = 2.4800e-04
Loss = 1.4886e-03, PNorm = 92.1066, GNorm = 0.0537, lr_0 = 2.4789e-04
Loss = 2.2497e-03, PNorm = 92.1083, GNorm = 0.0732, lr_0 = 2.4777e-04
Loss = 1.3808e-03, PNorm = 92.1082, GNorm = 0.1588, lr_0 = 2.4766e-04
Loss = 1.9710e-03, PNorm = 92.1105, GNorm = 0.1607, lr_0 = 2.4754e-04
Loss = 1.0706e-03, PNorm = 92.1112, GNorm = 0.2606, lr_0 = 2.4743e-04
Loss = 1.6082e-03, PNorm = 92.1125, GNorm = 0.0950, lr_0 = 2.4731e-04
Loss = 1.1313e-03, PNorm = 92.1119, GNorm = 0.1828, lr_0 = 2.4720e-04
Loss = 1.5888e-03, PNorm = 92.1109, GNorm = 0.1825, lr_0 = 2.4709e-04
Loss = 1.4169e-03, PNorm = 92.1118, GNorm = 0.1311, lr_0 = 2.4697e-04
Loss = 1.6380e-03, PNorm = 92.1128, GNorm = 0.1181, lr_0 = 2.4686e-04
Loss = 1.8605e-03, PNorm = 92.1134, GNorm = 0.1700, lr_0 = 2.4674e-04
Loss = 1.7310e-03, PNorm = 92.1147, GNorm = 0.0946, lr_0 = 2.4663e-04
Loss = 2.3869e-03, PNorm = 92.1167, GNorm = 0.1283, lr_0 = 2.4651e-04
Loss = 3.3594e-03, PNorm = 92.1189, GNorm = 0.1872, lr_0 = 2.4640e-04
Loss = 2.3513e-03, PNorm = 92.1206, GNorm = 0.0744, lr_0 = 2.4629e-04
Loss = 1.8484e-03, PNorm = 92.1232, GNorm = 0.0658, lr_0 = 2.4617e-04
Loss = 1.9908e-03, PNorm = 92.1232, GNorm = 0.1790, lr_0 = 2.4606e-04
Loss = 1.5407e-03, PNorm = 92.1241, GNorm = 0.0976, lr_0 = 2.4594e-04
Loss = 1.5917e-03, PNorm = 92.1245, GNorm = 0.2149, lr_0 = 2.4583e-04
Loss = 1.6722e-03, PNorm = 92.1248, GNorm = 0.1268, lr_0 = 2.4572e-04
Loss = 1.4412e-03, PNorm = 92.1241, GNorm = 0.0771, lr_0 = 2.4560e-04
Loss = 2.3497e-03, PNorm = 92.1248, GNorm = 0.2766, lr_0 = 2.4549e-04
Loss = 2.2313e-03, PNorm = 92.1266, GNorm = 0.2398, lr_0 = 2.4537e-04
Loss = 3.0148e-03, PNorm = 92.1259, GNorm = 0.1093, lr_0 = 2.4526e-04
Loss = 1.1721e-03, PNorm = 92.1272, GNorm = 0.0787, lr_0 = 2.4515e-04
Loss = 1.2136e-03, PNorm = 92.1275, GNorm = 0.0622, lr_0 = 2.4503e-04
Loss = 1.7764e-03, PNorm = 92.1281, GNorm = 0.1557, lr_0 = 2.4492e-04
Loss = 2.2961e-03, PNorm = 92.1296, GNorm = 0.1155, lr_0 = 2.4481e-04
Loss = 8.4343e-04, PNorm = 92.1304, GNorm = 0.1234, lr_0 = 2.4469e-04
Loss = 1.8695e-03, PNorm = 92.1310, GNorm = 0.1343, lr_0 = 2.4458e-04
Loss = 1.5764e-03, PNorm = 92.1311, GNorm = 0.0585, lr_0 = 2.4447e-04
Loss = 1.2718e-03, PNorm = 92.1315, GNorm = 0.1710, lr_0 = 2.4435e-04
Loss = 1.4649e-03, PNorm = 92.1327, GNorm = 0.1417, lr_0 = 2.4424e-04
Loss = 2.2705e-03, PNorm = 92.1331, GNorm = 0.1921, lr_0 = 2.4413e-04
Loss = 1.6399e-03, PNorm = 92.1338, GNorm = 0.2251, lr_0 = 2.4401e-04
Loss = 1.5421e-03, PNorm = 92.1360, GNorm = 0.1248, lr_0 = 2.4390e-04
Loss = 2.7435e-03, PNorm = 92.1383, GNorm = 0.3258, lr_0 = 2.4379e-04
Loss = 1.3067e-03, PNorm = 92.1396, GNorm = 0.2375, lr_0 = 2.4367e-04
Loss = 1.9479e-03, PNorm = 92.1404, GNorm = 0.3477, lr_0 = 2.4356e-04
Loss = 1.8454e-03, PNorm = 92.1413, GNorm = 0.1685, lr_0 = 2.4345e-04
Loss = 1.1645e-03, PNorm = 92.1401, GNorm = 0.1382, lr_0 = 2.4334e-04
Loss = 2.1698e-03, PNorm = 92.1411, GNorm = 0.1146, lr_0 = 2.4322e-04
Loss = 1.3646e-03, PNorm = 92.1413, GNorm = 0.1586, lr_0 = 2.4311e-04
Loss = 2.1760e-03, PNorm = 92.1423, GNorm = 0.0658, lr_0 = 2.4300e-04
Loss = 2.7529e-03, PNorm = 92.1424, GNorm = 0.1973, lr_0 = 2.4288e-04
Loss = 1.9400e-03, PNorm = 92.1441, GNorm = 0.3093, lr_0 = 2.4277e-04
Loss = 9.1259e-04, PNorm = 92.1454, GNorm = 0.0856, lr_0 = 2.4266e-04
Loss = 7.3850e-04, PNorm = 92.1452, GNorm = 0.0359, lr_0 = 2.4255e-04
Loss = 1.0200e-03, PNorm = 92.1459, GNorm = 0.0469, lr_0 = 2.4243e-04
Loss = 2.1169e-03, PNorm = 92.1471, GNorm = 0.0988, lr_0 = 2.4232e-04
Loss = 7.3238e-04, PNorm = 92.1493, GNorm = 0.0753, lr_0 = 2.4221e-04
Loss = 2.0642e-03, PNorm = 92.1506, GNorm = 0.1523, lr_0 = 2.4210e-04
Loss = 1.1437e-03, PNorm = 92.1516, GNorm = 0.0616, lr_0 = 2.4199e-04
Loss = 2.5184e-03, PNorm = 92.1541, GNorm = 0.0214, lr_0 = 2.4187e-04
Loss = 2.0912e-03, PNorm = 92.1558, GNorm = 0.0752, lr_0 = 2.4176e-04
Loss = 1.4142e-03, PNorm = 92.1572, GNorm = 0.0647, lr_0 = 2.4165e-04
Loss = 1.1314e-03, PNorm = 92.1580, GNorm = 0.0326, lr_0 = 2.4154e-04
Loss = 2.4363e-03, PNorm = 92.1578, GNorm = 0.0874, lr_0 = 2.4143e-04
Loss = 1.3349e-03, PNorm = 92.1573, GNorm = 0.2049, lr_0 = 2.4131e-04
Loss = 2.6807e-03, PNorm = 92.1599, GNorm = 0.0874, lr_0 = 2.4120e-04
Loss = 1.2293e-03, PNorm = 92.1619, GNorm = 0.1490, lr_0 = 2.4109e-04
Loss = 2.9698e-03, PNorm = 92.1637, GNorm = 0.1600, lr_0 = 2.4098e-04
Loss = 2.6946e-03, PNorm = 92.1638, GNorm = 0.0740, lr_0 = 2.4087e-04
Loss = 1.7273e-03, PNorm = 92.1650, GNorm = 0.1106, lr_0 = 2.4076e-04
Loss = 1.8339e-03, PNorm = 92.1654, GNorm = 0.1395, lr_0 = 2.4064e-04
Loss = 1.2176e-03, PNorm = 92.1672, GNorm = 0.0878, lr_0 = 2.4053e-04
Loss = 1.9383e-03, PNorm = 92.1692, GNorm = 0.0272, lr_0 = 2.4042e-04
Loss = 2.7131e-03, PNorm = 92.1709, GNorm = 0.1162, lr_0 = 2.4031e-04
Loss = 1.9845e-03, PNorm = 92.1717, GNorm = 0.0692, lr_0 = 2.4020e-04
Loss = 1.6357e-03, PNorm = 92.1712, GNorm = 0.1286, lr_0 = 2.4009e-04
Loss = 1.2156e-03, PNorm = 92.1728, GNorm = 0.0809, lr_0 = 2.3998e-04
Loss = 2.4911e-03, PNorm = 92.1737, GNorm = 0.1276, lr_0 = 2.3986e-04
Loss = 1.3041e-03, PNorm = 92.1776, GNorm = 0.4504, lr_0 = 2.3975e-04
Loss = 1.5391e-03, PNorm = 92.1778, GNorm = 0.3264, lr_0 = 2.3964e-04
Loss = 1.2384e-03, PNorm = 92.1789, GNorm = 0.1015, lr_0 = 2.3953e-04
Loss = 1.3707e-03, PNorm = 92.1789, GNorm = 0.0747, lr_0 = 2.3942e-04
Loss = 1.6140e-03, PNorm = 92.1791, GNorm = 0.1166, lr_0 = 2.3931e-04
Loss = 2.4347e-03, PNorm = 92.1803, GNorm = 0.0863, lr_0 = 2.3920e-04
Loss = 2.2439e-03, PNorm = 92.1823, GNorm = 0.1380, lr_0 = 2.3909e-04
Loss = 8.6873e-04, PNorm = 92.1823, GNorm = 0.0514, lr_0 = 2.3898e-04
Loss = 1.2832e-03, PNorm = 92.1824, GNorm = 0.0489, lr_0 = 2.3887e-04
Loss = 2.1479e-03, PNorm = 92.1831, GNorm = 0.0277, lr_0 = 2.3876e-04
Loss = 9.9776e-04, PNorm = 92.1832, GNorm = 0.1435, lr_0 = 2.3864e-04
Loss = 3.8860e-03, PNorm = 92.1831, GNorm = 0.0521, lr_0 = 2.3853e-04
Loss = 2.2553e-03, PNorm = 92.1837, GNorm = 0.0579, lr_0 = 2.3842e-04
Loss = 9.3037e-04, PNorm = 92.1846, GNorm = 0.1490, lr_0 = 2.3831e-04
Loss = 3.4065e-03, PNorm = 92.1867, GNorm = 0.1792, lr_0 = 2.3820e-04
Loss = 1.6375e-03, PNorm = 92.1882, GNorm = 0.1434, lr_0 = 2.3809e-04
Loss = 2.5106e-03, PNorm = 92.1916, GNorm = 0.1423, lr_0 = 2.3798e-04
Loss = 2.7814e-03, PNorm = 92.1921, GNorm = 0.0923, lr_0 = 2.3787e-04
Loss = 8.7146e-04, PNorm = 92.1934, GNorm = 0.1453, lr_0 = 2.3776e-04
Loss = 3.3803e-03, PNorm = 92.1943, GNorm = 0.2055, lr_0 = 2.3765e-04
Loss = 2.3618e-03, PNorm = 92.1955, GNorm = 0.1103, lr_0 = 2.3754e-04
Loss = 1.5827e-03, PNorm = 92.1966, GNorm = 0.1259, lr_0 = 2.3743e-04
Loss = 2.5022e-03, PNorm = 92.1979, GNorm = 0.1880, lr_0 = 2.3732e-04
Loss = 2.0521e-03, PNorm = 92.1976, GNorm = 0.1962, lr_0 = 2.3721e-04
Loss = 2.2028e-03, PNorm = 92.1967, GNorm = 0.0602, lr_0 = 2.3710e-04
Loss = 2.0582e-03, PNorm = 92.1960, GNorm = 0.1388, lr_0 = 2.3699e-04
Loss = 1.8451e-03, PNorm = 92.1970, GNorm = 0.0846, lr_0 = 2.3688e-04
Loss = 2.6675e-03, PNorm = 92.1986, GNorm = 0.1004, lr_0 = 2.3677e-04
Loss = 2.4659e-03, PNorm = 92.2003, GNorm = 0.2000, lr_0 = 2.3666e-04
Loss = 1.1309e-03, PNorm = 92.2021, GNorm = 0.0730, lr_0 = 2.3655e-04
Loss = 2.1775e-03, PNorm = 92.2029, GNorm = 0.1164, lr_0 = 2.3644e-04
Loss = 1.8912e-03, PNorm = 92.2032, GNorm = 0.2619, lr_0 = 2.3633e-04
Loss = 2.3074e-03, PNorm = 92.2030, GNorm = 0.1606, lr_0 = 2.3622e-04
Loss = 6.8221e-04, PNorm = 92.2037, GNorm = 0.0861, lr_0 = 2.3611e-04
Loss = 2.0938e-03, PNorm = 92.2061, GNorm = 0.0917, lr_0 = 2.3601e-04
Loss = 2.7455e-03, PNorm = 92.2071, GNorm = 0.4068, lr_0 = 2.3590e-04
Loss = 1.0756e-03, PNorm = 92.2068, GNorm = 0.1577, lr_0 = 2.3579e-04
Loss = 8.4129e-04, PNorm = 92.2064, GNorm = 0.1362, lr_0 = 2.3568e-04
Loss = 7.0154e-04, PNorm = 92.2065, GNorm = 0.0556, lr_0 = 2.3557e-04
Loss = 1.6920e-03, PNorm = 92.2064, GNorm = 0.0916, lr_0 = 2.3546e-04
Loss = 5.8114e-04, PNorm = 92.2065, GNorm = 0.0493, lr_0 = 2.3535e-04
Loss = 1.5614e-03, PNorm = 92.2064, GNorm = 0.2601, lr_0 = 2.3524e-04
Loss = 1.4840e-03, PNorm = 92.2071, GNorm = 0.2139, lr_0 = 2.3513e-04
Loss = 1.3393e-03, PNorm = 92.2077, GNorm = 0.0807, lr_0 = 2.3502e-04
Loss = 7.2375e-04, PNorm = 92.2091, GNorm = 0.1352, lr_0 = 2.3491e-04
Loss = 1.5033e-03, PNorm = 92.2092, GNorm = 0.2324, lr_0 = 2.3481e-04
Loss = 2.3076e-03, PNorm = 92.2108, GNorm = 0.1522, lr_0 = 2.3470e-04
Loss = 9.4538e-04, PNorm = 92.2119, GNorm = 0.0396, lr_0 = 2.3459e-04
Loss = 1.2588e-03, PNorm = 92.2114, GNorm = 0.1425, lr_0 = 2.3448e-04
Loss = 1.3442e-03, PNorm = 92.2123, GNorm = 0.1269, lr_0 = 2.3437e-04
Loss = 3.5868e-04, PNorm = 92.2129, GNorm = 0.0885, lr_0 = 2.3426e-04
Loss = 2.1683e-03, PNorm = 92.2135, GNorm = 0.0716, lr_0 = 2.3415e-04
Loss = 1.1703e-03, PNorm = 92.2136, GNorm = 0.1413, lr_0 = 2.3404e-04
Loss = 8.5968e-04, PNorm = 92.2155, GNorm = 0.0412, lr_0 = 2.3394e-04
Loss = 7.8212e-04, PNorm = 92.2162, GNorm = 0.1111, lr_0 = 2.3383e-04
Loss = 5.5321e-04, PNorm = 92.2163, GNorm = 0.0789, lr_0 = 2.3372e-04
Loss = 2.4591e-03, PNorm = 92.2172, GNorm = 0.1389, lr_0 = 2.3361e-04
Loss = 1.5256e-03, PNorm = 92.2167, GNorm = 0.1883, lr_0 = 2.3350e-04
Loss = 1.1315e-03, PNorm = 92.2171, GNorm = 0.0336, lr_0 = 2.3340e-04
Loss = 1.0823e-03, PNorm = 92.2176, GNorm = 0.0922, lr_0 = 2.3329e-04
Loss = 1.5424e-03, PNorm = 92.2187, GNorm = 0.2368, lr_0 = 2.3318e-04
Loss = 7.5658e-04, PNorm = 92.2197, GNorm = 0.0337, lr_0 = 2.3307e-04
Loss = 1.2966e-03, PNorm = 92.2197, GNorm = 0.1500, lr_0 = 2.3296e-04
Loss = 2.1584e-03, PNorm = 92.2201, GNorm = 0.1441, lr_0 = 2.3285e-04
Loss = 1.1693e-03, PNorm = 92.2199, GNorm = 0.0646, lr_0 = 2.3275e-04
Loss = 3.2668e-03, PNorm = 92.2200, GNorm = 0.2589, lr_0 = 2.3264e-04
Loss = 1.2684e-03, PNorm = 92.2218, GNorm = 0.2859, lr_0 = 2.3253e-04
Loss = 1.5558e-03, PNorm = 92.2230, GNorm = 0.1102, lr_0 = 2.3242e-04
Loss = 9.2352e-04, PNorm = 92.2255, GNorm = 0.0951, lr_0 = 2.3232e-04
Loss = 2.2723e-03, PNorm = 92.2260, GNorm = 0.1111, lr_0 = 2.3221e-04
Loss = 8.7489e-04, PNorm = 92.2257, GNorm = 0.0776, lr_0 = 2.3210e-04
Loss = 5.8141e-04, PNorm = 92.2258, GNorm = 0.0324, lr_0 = 2.3199e-04
Loss = 1.4421e-03, PNorm = 92.2262, GNorm = 0.0468, lr_0 = 2.3189e-04
Loss = 1.3645e-03, PNorm = 92.2269, GNorm = 0.2024, lr_0 = 2.3178e-04
Loss = 3.8068e-03, PNorm = 92.2274, GNorm = 0.5412, lr_0 = 2.3167e-04
Loss = 1.6368e-03, PNorm = 92.2291, GNorm = 0.2538, lr_0 = 2.3156e-04
Loss = 2.0594e-03, PNorm = 92.2306, GNorm = 0.2727, lr_0 = 2.3146e-04
Loss = 3.3748e-03, PNorm = 92.2333, GNorm = 0.2775, lr_0 = 2.3135e-04
Loss = 6.7376e-04, PNorm = 92.2343, GNorm = 0.0766, lr_0 = 2.3124e-04
Loss = 2.1473e-03, PNorm = 92.2357, GNorm = 0.0898, lr_0 = 2.3113e-04
Loss = 1.8626e-03, PNorm = 92.2370, GNorm = 0.1024, lr_0 = 2.3103e-04
Loss = 1.4344e-03, PNorm = 92.2364, GNorm = 0.0684, lr_0 = 2.3092e-04
Loss = 2.8713e-03, PNorm = 92.2371, GNorm = 0.1514, lr_0 = 2.3081e-04
Loss = 2.4553e-03, PNorm = 92.2376, GNorm = 0.0982, lr_0 = 2.3071e-04
Loss = 1.6931e-03, PNorm = 92.2375, GNorm = 0.1430, lr_0 = 2.3060e-04
Loss = 3.1962e-03, PNorm = 92.2390, GNorm = 0.0791, lr_0 = 2.3049e-04
Loss = 1.4233e-03, PNorm = 92.2399, GNorm = 0.0685, lr_0 = 2.3039e-04
Loss = 2.6161e-03, PNorm = 92.2411, GNorm = 0.0744, lr_0 = 2.3028e-04
Loss = 1.0860e-03, PNorm = 92.2430, GNorm = 0.0794, lr_0 = 2.3017e-04
Loss = 9.9735e-04, PNorm = 92.2436, GNorm = 0.0836, lr_0 = 2.3007e-04
Loss = 1.2623e-03, PNorm = 92.2450, GNorm = 0.0972, lr_0 = 2.2996e-04
Loss = 1.5751e-03, PNorm = 92.2460, GNorm = 0.0333, lr_0 = 2.2985e-04
Loss = 3.2628e-03, PNorm = 92.2459, GNorm = 0.1222, lr_0 = 2.2975e-04
Loss = 1.4407e-03, PNorm = 92.2475, GNorm = 0.1618, lr_0 = 2.2964e-04
Loss = 1.4078e-03, PNorm = 92.2489, GNorm = 0.0936, lr_0 = 2.2953e-04
Loss = 2.1693e-03, PNorm = 92.2491, GNorm = 0.0935, lr_0 = 2.2943e-04
Loss = 1.4735e-03, PNorm = 92.2489, GNorm = 0.1801, lr_0 = 2.2932e-04
Loss = 1.3739e-03, PNorm = 92.2498, GNorm = 0.1535, lr_0 = 2.2921e-04
Loss = 1.5981e-03, PNorm = 92.2509, GNorm = 0.0665, lr_0 = 2.2911e-04
Loss = 1.8109e-03, PNorm = 92.2513, GNorm = 0.1285, lr_0 = 2.2900e-04
Loss = 7.9002e-04, PNorm = 92.2519, GNorm = 0.0758, lr_0 = 2.2890e-04
Loss = 1.0829e-03, PNorm = 92.2525, GNorm = 0.2435, lr_0 = 2.2879e-04
Loss = 1.7981e-03, PNorm = 92.2525, GNorm = 0.2145, lr_0 = 2.2868e-04
Loss = 2.0567e-03, PNorm = 92.2530, GNorm = 0.0987, lr_0 = 2.2858e-04
Loss = 1.9576e-03, PNorm = 92.2542, GNorm = 0.0753, lr_0 = 2.2847e-04
Loss = 2.0516e-03, PNorm = 92.2556, GNorm = 0.0486, lr_0 = 2.2837e-04
Loss = 1.5721e-03, PNorm = 92.2550, GNorm = 0.1165, lr_0 = 2.2826e-04
Loss = 2.7963e-03, PNorm = 92.2557, GNorm = 0.0587, lr_0 = 2.2815e-04
Loss = 1.5087e-03, PNorm = 92.2569, GNorm = 0.0787, lr_0 = 2.2805e-04
Loss = 1.6162e-03, PNorm = 92.2576, GNorm = 0.0360, lr_0 = 2.2794e-04
Loss = 1.2974e-03, PNorm = 92.2603, GNorm = 0.0568, lr_0 = 2.2784e-04
Loss = 1.6002e-03, PNorm = 92.2607, GNorm = 0.0553, lr_0 = 2.2773e-04
Loss = 1.1252e-03, PNorm = 92.2625, GNorm = 0.0364, lr_0 = 2.2763e-04
Loss = 1.6446e-03, PNorm = 92.2632, GNorm = 0.1092, lr_0 = 2.2752e-04
Loss = 1.9105e-03, PNorm = 92.2641, GNorm = 0.0695, lr_0 = 2.2742e-04
Loss = 2.2828e-03, PNorm = 92.2660, GNorm = 0.1646, lr_0 = 2.2731e-04
Loss = 2.2055e-03, PNorm = 92.2661, GNorm = 0.2433, lr_0 = 2.2721e-04
Loss = 2.7135e-03, PNorm = 92.2663, GNorm = 0.2505, lr_0 = 2.2710e-04
Loss = 2.4296e-03, PNorm = 92.2676, GNorm = 0.0770, lr_0 = 2.2699e-04
Loss = 1.5193e-03, PNorm = 92.2682, GNorm = 0.0421, lr_0 = 2.2689e-04
Loss = 2.1421e-03, PNorm = 92.2713, GNorm = 0.2071, lr_0 = 2.2678e-04
Loss = 2.4864e-03, PNorm = 92.2729, GNorm = 0.1575, lr_0 = 2.2668e-04
Loss = 1.1025e-03, PNorm = 92.2737, GNorm = 0.1721, lr_0 = 2.2657e-04
Loss = 6.9392e-04, PNorm = 92.2746, GNorm = 0.0961, lr_0 = 2.2647e-04
Loss = 1.5387e-03, PNorm = 92.2743, GNorm = 0.0914, lr_0 = 2.2636e-04
Loss = 2.8652e-03, PNorm = 92.2760, GNorm = 0.1257, lr_0 = 2.2626e-04
Loss = 2.1283e-03, PNorm = 92.2777, GNorm = 0.0826, lr_0 = 2.2615e-04
Loss = 1.1385e-03, PNorm = 92.2785, GNorm = 0.1960, lr_0 = 2.2605e-04
Loss = 1.5825e-03, PNorm = 92.2799, GNorm = 0.0409, lr_0 = 2.2595e-04
Loss = 1.3421e-03, PNorm = 92.2808, GNorm = 0.1581, lr_0 = 2.2584e-04
Loss = 2.0390e-03, PNorm = 92.2810, GNorm = 0.1170, lr_0 = 2.2574e-04
Loss = 1.9118e-03, PNorm = 92.2828, GNorm = 0.0956, lr_0 = 2.2563e-04
Loss = 1.2518e-03, PNorm = 92.2831, GNorm = 0.0990, lr_0 = 2.2553e-04
Loss = 8.1222e-04, PNorm = 92.2833, GNorm = 0.0304, lr_0 = 2.2542e-04
Loss = 1.0289e-03, PNorm = 92.2835, GNorm = 0.0222, lr_0 = 2.2532e-04
Loss = 1.1204e-03, PNorm = 92.2840, GNorm = 0.0505, lr_0 = 2.2521e-04
Loss = 1.5675e-03, PNorm = 92.2836, GNorm = 0.0834, lr_0 = 2.2511e-04
Loss = 1.1157e-03, PNorm = 92.2838, GNorm = 0.0510, lr_0 = 2.2500e-04
Loss = 1.6564e-03, PNorm = 92.2839, GNorm = 0.2374, lr_0 = 2.2490e-04
Loss = 1.9248e-03, PNorm = 92.2857, GNorm = 0.1590, lr_0 = 2.2480e-04
Loss = 1.8293e-03, PNorm = 92.2867, GNorm = 0.0936, lr_0 = 2.2469e-04
Loss = 1.3148e-03, PNorm = 92.2884, GNorm = 0.0958, lr_0 = 2.2459e-04
Loss = 2.6744e-03, PNorm = 92.2882, GNorm = 0.2875, lr_0 = 2.2448e-04
Loss = 1.4621e-03, PNorm = 92.2888, GNorm = 0.1588, lr_0 = 2.2438e-04
Loss = 2.1446e-03, PNorm = 92.2897, GNorm = 0.2375, lr_0 = 2.2428e-04
Loss = 1.6226e-03, PNorm = 92.2899, GNorm = 0.1018, lr_0 = 2.2417e-04
Loss = 1.2453e-03, PNorm = 92.2906, GNorm = 0.0598, lr_0 = 2.2407e-04
Loss = 2.2634e-03, PNorm = 92.2899, GNorm = 0.2439, lr_0 = 2.2396e-04
Loss = 1.1791e-03, PNorm = 92.2897, GNorm = 0.1740, lr_0 = 2.2386e-04
Loss = 2.6241e-03, PNorm = 92.2890, GNorm = 0.2197, lr_0 = 2.2376e-04
Loss = 2.2446e-03, PNorm = 92.2889, GNorm = 0.0821, lr_0 = 2.2365e-04
Loss = 2.5957e-03, PNorm = 92.2894, GNorm = 0.0606, lr_0 = 2.2355e-04
Loss = 1.1856e-03, PNorm = 92.2923, GNorm = 0.0919, lr_0 = 2.2345e-04
Loss = 6.6225e-04, PNorm = 92.2926, GNorm = 0.1154, lr_0 = 2.2334e-04
Loss = 1.8903e-03, PNorm = 92.2935, GNorm = 0.2210, lr_0 = 2.2324e-04
Loss = 1.8227e-03, PNorm = 92.2948, GNorm = 0.1017, lr_0 = 2.2314e-04
Loss = 1.2667e-03, PNorm = 92.2942, GNorm = 0.0900, lr_0 = 2.2303e-04
Loss = 1.4490e-03, PNorm = 92.2956, GNorm = 0.0457, lr_0 = 2.2293e-04
Loss = 2.1551e-03, PNorm = 92.2961, GNorm = 0.1287, lr_0 = 2.2283e-04
Loss = 1.7808e-03, PNorm = 92.2965, GNorm = 0.1058, lr_0 = 2.2272e-04
Loss = 2.5403e-03, PNorm = 92.2986, GNorm = 0.3134, lr_0 = 2.2262e-04
Loss = 2.0419e-03, PNorm = 92.2994, GNorm = 0.2604, lr_0 = 2.2252e-04
Loss = 1.5129e-03, PNorm = 92.3008, GNorm = 0.0859, lr_0 = 2.2241e-04
Loss = 1.5858e-03, PNorm = 92.3011, GNorm = 0.1131, lr_0 = 2.2231e-04
Loss = 9.8079e-04, PNorm = 92.3029, GNorm = 0.0774, lr_0 = 2.2221e-04
Loss = 1.0419e-03, PNorm = 92.3048, GNorm = 0.0911, lr_0 = 2.2210e-04
Loss = 1.8707e-03, PNorm = 92.3057, GNorm = 0.1044, lr_0 = 2.2200e-04
Loss = 9.4489e-04, PNorm = 92.3070, GNorm = 0.1194, lr_0 = 2.2190e-04
Loss = 6.5633e-04, PNorm = 92.3077, GNorm = 0.0692, lr_0 = 2.2180e-04
Loss = 1.2345e-03, PNorm = 92.3080, GNorm = 0.1469, lr_0 = 2.2169e-04
Loss = 1.4264e-03, PNorm = 92.3089, GNorm = 0.0434, lr_0 = 2.2159e-04
Loss = 2.7023e-03, PNorm = 92.3094, GNorm = 0.1512, lr_0 = 2.2149e-04
Loss = 2.4571e-03, PNorm = 92.3097, GNorm = 0.0485, lr_0 = 2.2138e-04
Loss = 2.6990e-03, PNorm = 92.3115, GNorm = 0.3330, lr_0 = 2.2128e-04
Loss = 3.8792e-03, PNorm = 92.3118, GNorm = 0.1273, lr_0 = 2.2118e-04
Loss = 1.6267e-03, PNorm = 92.3125, GNorm = 0.1131, lr_0 = 2.2108e-04
Loss = 1.8547e-03, PNorm = 92.3128, GNorm = 0.0958, lr_0 = 2.2097e-04
Loss = 1.6288e-03, PNorm = 92.3140, GNorm = 0.0540, lr_0 = 2.2087e-04
Loss = 1.7522e-03, PNorm = 92.3140, GNorm = 0.1342, lr_0 = 2.2077e-04
Loss = 2.2933e-03, PNorm = 92.3142, GNorm = 0.1731, lr_0 = 2.2067e-04
Loss = 1.6729e-03, PNorm = 92.3152, GNorm = 0.0554, lr_0 = 2.2057e-04
Loss = 1.6756e-03, PNorm = 92.3149, GNorm = 0.2270, lr_0 = 2.2046e-04
Loss = 2.3897e-03, PNorm = 92.3161, GNorm = 0.0605, lr_0 = 2.2036e-04
Loss = 1.6971e-03, PNorm = 92.3169, GNorm = 0.1091, lr_0 = 2.2026e-04
Loss = 1.8778e-03, PNorm = 92.3180, GNorm = 0.2425, lr_0 = 2.2016e-04
Loss = 6.4140e-04, PNorm = 92.3191, GNorm = 0.0892, lr_0 = 2.2005e-04
Loss = 2.3155e-03, PNorm = 92.3206, GNorm = 0.0791, lr_0 = 2.1995e-04
Loss = 1.2438e-03, PNorm = 92.3206, GNorm = 0.0469, lr_0 = 2.1985e-04
Loss = 2.0865e-03, PNorm = 92.3217, GNorm = 0.0975, lr_0 = 2.1975e-04
Loss = 8.6043e-04, PNorm = 92.3217, GNorm = 0.0617, lr_0 = 2.1965e-04
Loss = 1.6909e-03, PNorm = 92.3230, GNorm = 0.1424, lr_0 = 2.1955e-04
Loss = 2.6760e-03, PNorm = 92.3229, GNorm = 0.0490, lr_0 = 2.1944e-04
Loss = 2.5405e-03, PNorm = 92.3235, GNorm = 0.3744, lr_0 = 2.1934e-04
Loss = 1.0610e-03, PNorm = 92.3250, GNorm = 0.1797, lr_0 = 2.1924e-04
Loss = 2.1934e-03, PNorm = 92.3256, GNorm = 0.0630, lr_0 = 2.1914e-04
Loss = 1.6979e-03, PNorm = 92.3269, GNorm = 0.0315, lr_0 = 2.1904e-04
Loss = 1.9065e-03, PNorm = 92.3266, GNorm = 0.3296, lr_0 = 2.1894e-04
Loss = 1.7838e-03, PNorm = 92.3285, GNorm = 0.1522, lr_0 = 2.1883e-04
Loss = 1.2949e-03, PNorm = 92.3310, GNorm = 0.1500, lr_0 = 2.1873e-04
Loss = 1.7033e-03, PNorm = 92.3299, GNorm = 0.0540, lr_0 = 2.1863e-04
Loss = 1.6713e-03, PNorm = 92.3302, GNorm = 0.1113, lr_0 = 2.1853e-04
Loss = 2.9531e-03, PNorm = 92.3308, GNorm = 0.1676, lr_0 = 2.1843e-04
Loss = 1.1522e-03, PNorm = 92.3316, GNorm = 0.0698, lr_0 = 2.1833e-04
Loss = 2.2373e-03, PNorm = 92.3330, GNorm = 0.1532, lr_0 = 2.1823e-04
Loss = 2.1682e-03, PNorm = 92.3326, GNorm = 0.2341, lr_0 = 2.1813e-04
Loss = 1.7577e-03, PNorm = 92.3342, GNorm = 0.1772, lr_0 = 2.1802e-04
Loss = 1.0350e-03, PNorm = 92.3342, GNorm = 0.0976, lr_0 = 2.1792e-04
Loss = 1.5086e-03, PNorm = 92.3350, GNorm = 0.1069, lr_0 = 2.1782e-04
Loss = 2.1001e-03, PNorm = 92.3361, GNorm = 0.1478, lr_0 = 2.1772e-04
Loss = 1.9938e-03, PNorm = 92.3362, GNorm = 0.1075, lr_0 = 2.1762e-04
Loss = 1.7329e-03, PNorm = 92.3369, GNorm = 0.0588, lr_0 = 2.1752e-04
Loss = 2.0828e-03, PNorm = 92.3365, GNorm = 0.0334, lr_0 = 2.1742e-04
Loss = 1.5234e-03, PNorm = 92.3372, GNorm = 0.0792, lr_0 = 2.1732e-04
Loss = 1.4831e-03, PNorm = 92.3376, GNorm = 0.0645, lr_0 = 2.1722e-04
Loss = 2.4714e-03, PNorm = 92.3387, GNorm = 0.0298, lr_0 = 2.1712e-04
Loss = 1.9967e-03, PNorm = 92.3393, GNorm = 0.1709, lr_0 = 2.1702e-04
Loss = 1.5428e-03, PNorm = 92.3403, GNorm = 0.0859, lr_0 = 2.1692e-04
Loss = 1.7657e-03, PNorm = 92.3402, GNorm = 0.0442, lr_0 = 2.1682e-04
Loss = 1.7668e-03, PNorm = 92.3413, GNorm = 0.1834, lr_0 = 2.1672e-04
Loss = 1.9410e-03, PNorm = 92.3420, GNorm = 0.0448, lr_0 = 2.1661e-04
Loss = 1.4107e-03, PNorm = 92.3433, GNorm = 0.0561, lr_0 = 2.1651e-04
Loss = 1.4974e-03, PNorm = 92.3450, GNorm = 0.0698, lr_0 = 2.1641e-04
Loss = 1.1602e-03, PNorm = 92.3462, GNorm = 0.1402, lr_0 = 2.1631e-04
Loss = 2.0890e-03, PNorm = 92.3479, GNorm = 0.1460, lr_0 = 2.1621e-04
Loss = 6.1243e-04, PNorm = 92.3487, GNorm = 0.0409, lr_0 = 2.1611e-04
Loss = 1.6781e-03, PNorm = 92.3487, GNorm = 0.1421, lr_0 = 2.1601e-04
Loss = 1.5973e-03, PNorm = 92.3473, GNorm = 0.1275, lr_0 = 2.1591e-04
Loss = 2.0597e-03, PNorm = 92.3470, GNorm = 0.1046, lr_0 = 2.1581e-04
Loss = 2.0112e-03, PNorm = 92.3475, GNorm = 0.0924, lr_0 = 2.1571e-04
Loss = 1.6228e-03, PNorm = 92.3486, GNorm = 0.0317, lr_0 = 2.1561e-04
Loss = 1.7175e-03, PNorm = 92.3503, GNorm = 0.0737, lr_0 = 2.1551e-04
Validation r2 = 0.998192
Epoch 4
Loss = 1.5528e-03, PNorm = 92.3503, GNorm = 0.1329, lr_0 = 2.1541e-04
Loss = 1.3576e-03, PNorm = 92.3517, GNorm = 0.1023, lr_0 = 2.1531e-04
Loss = 2.3795e-03, PNorm = 92.3535, GNorm = 0.0487, lr_0 = 2.1521e-04
Loss = 7.4428e-04, PNorm = 92.3546, GNorm = 0.1035, lr_0 = 2.1511e-04
Loss = 1.2358e-03, PNorm = 92.3549, GNorm = 0.1837, lr_0 = 2.1501e-04
Loss = 1.4437e-03, PNorm = 92.3548, GNorm = 0.0597, lr_0 = 2.1491e-04
Loss = 2.9665e-03, PNorm = 92.3559, GNorm = 0.1236, lr_0 = 2.1482e-04
Loss = 2.1056e-03, PNorm = 92.3571, GNorm = 0.1076, lr_0 = 2.1472e-04
Loss = 1.2167e-03, PNorm = 92.3567, GNorm = 0.0923, lr_0 = 2.1462e-04
Loss = 2.9053e-03, PNorm = 92.3564, GNorm = 0.1274, lr_0 = 2.1452e-04
Loss = 6.9986e-04, PNorm = 92.3554, GNorm = 0.1525, lr_0 = 2.1442e-04
Loss = 1.8033e-03, PNorm = 92.3567, GNorm = 0.2177, lr_0 = 2.1432e-04
Loss = 1.4069e-03, PNorm = 92.3571, GNorm = 0.1887, lr_0 = 2.1422e-04
Loss = 1.8556e-03, PNorm = 92.3585, GNorm = 0.1474, lr_0 = 2.1412e-04
Loss = 1.1757e-03, PNorm = 92.3586, GNorm = 0.0944, lr_0 = 2.1402e-04
Loss = 1.4164e-03, PNorm = 92.3587, GNorm = 0.2389, lr_0 = 2.1392e-04
Loss = 9.4995e-04, PNorm = 92.3595, GNorm = 0.1591, lr_0 = 2.1382e-04
Loss = 1.4565e-03, PNorm = 92.3612, GNorm = 0.0698, lr_0 = 2.1372e-04
Loss = 1.2849e-03, PNorm = 92.3609, GNorm = 0.0831, lr_0 = 2.1362e-04
Loss = 1.1375e-03, PNorm = 92.3622, GNorm = 0.0642, lr_0 = 2.1353e-04
Loss = 1.1015e-03, PNorm = 92.3622, GNorm = 0.0790, lr_0 = 2.1343e-04
Loss = 1.7474e-03, PNorm = 92.3623, GNorm = 0.0913, lr_0 = 2.1333e-04
Loss = 9.6082e-04, PNorm = 92.3623, GNorm = 0.0594, lr_0 = 2.1323e-04
Loss = 2.7876e-03, PNorm = 92.3622, GNorm = 0.1029, lr_0 = 2.1313e-04
Loss = 2.3822e-03, PNorm = 92.3624, GNorm = 0.3148, lr_0 = 2.1303e-04
Loss = 2.4321e-03, PNorm = 92.3638, GNorm = 0.1682, lr_0 = 2.1293e-04
Loss = 1.1153e-03, PNorm = 92.3645, GNorm = 0.1107, lr_0 = 2.1283e-04
Loss = 1.5573e-03, PNorm = 92.3647, GNorm = 0.1041, lr_0 = 2.1273e-04
Loss = 1.7968e-03, PNorm = 92.3646, GNorm = 0.0405, lr_0 = 2.1264e-04
Loss = 2.7585e-03, PNorm = 92.3662, GNorm = 0.1014, lr_0 = 2.1254e-04
Loss = 2.2983e-03, PNorm = 92.3674, GNorm = 0.1663, lr_0 = 2.1244e-04
Loss = 2.3065e-03, PNorm = 92.3686, GNorm = 0.2553, lr_0 = 2.1234e-04
Loss = 2.2801e-03, PNorm = 92.3681, GNorm = 0.0973, lr_0 = 2.1224e-04
Loss = 3.2359e-03, PNorm = 92.3676, GNorm = 0.2515, lr_0 = 2.1214e-04
Loss = 2.4231e-03, PNorm = 92.3666, GNorm = 0.1469, lr_0 = 2.1205e-04
Loss = 9.3741e-04, PNorm = 92.3671, GNorm = 0.0647, lr_0 = 2.1195e-04
Loss = 1.7454e-03, PNorm = 92.3691, GNorm = 0.1159, lr_0 = 2.1185e-04
Loss = 1.2673e-03, PNorm = 92.3702, GNorm = 0.0393, lr_0 = 2.1175e-04
Loss = 1.0769e-03, PNorm = 92.3706, GNorm = 0.0662, lr_0 = 2.1165e-04
Loss = 6.8250e-04, PNorm = 92.3704, GNorm = 0.1338, lr_0 = 2.1156e-04
Loss = 1.6839e-03, PNorm = 92.3707, GNorm = 0.0470, lr_0 = 2.1146e-04
Loss = 2.0346e-03, PNorm = 92.3703, GNorm = 0.0637, lr_0 = 2.1136e-04
Loss = 1.0866e-03, PNorm = 92.3697, GNorm = 0.0615, lr_0 = 2.1126e-04
Loss = 2.1393e-03, PNorm = 92.3708, GNorm = 0.1080, lr_0 = 2.1116e-04
Loss = 1.2507e-03, PNorm = 92.3713, GNorm = 0.1468, lr_0 = 2.1107e-04
Loss = 1.5428e-03, PNorm = 92.3724, GNorm = 0.1017, lr_0 = 2.1097e-04
Loss = 1.5837e-03, PNorm = 92.3726, GNorm = 0.0688, lr_0 = 2.1087e-04
Loss = 3.0632e-03, PNorm = 92.3748, GNorm = 0.0640, lr_0 = 2.1077e-04
Loss = 1.3102e-03, PNorm = 92.3762, GNorm = 0.2044, lr_0 = 2.1067e-04
Loss = 2.6127e-03, PNorm = 92.3766, GNorm = 0.3290, lr_0 = 2.1058e-04
Loss = 2.0594e-03, PNorm = 92.3791, GNorm = 0.0899, lr_0 = 2.1048e-04
Loss = 1.2843e-03, PNorm = 92.3798, GNorm = 0.1362, lr_0 = 2.1038e-04
Loss = 1.1696e-03, PNorm = 92.3802, GNorm = 0.1074, lr_0 = 2.1028e-04
Loss = 2.1367e-03, PNorm = 92.3806, GNorm = 0.2581, lr_0 = 2.1019e-04
Loss = 1.8070e-03, PNorm = 92.3800, GNorm = 0.2043, lr_0 = 2.1009e-04
Loss = 8.5640e-04, PNorm = 92.3819, GNorm = 0.1091, lr_0 = 2.0999e-04
Loss = 2.3388e-03, PNorm = 92.3817, GNorm = 0.4555, lr_0 = 2.0990e-04
Loss = 1.2834e-03, PNorm = 92.3836, GNorm = 0.3035, lr_0 = 2.0980e-04
Loss = 9.9703e-04, PNorm = 92.3835, GNorm = 0.1649, lr_0 = 2.0970e-04
Loss = 1.3789e-03, PNorm = 92.3846, GNorm = 0.1090, lr_0 = 2.0960e-04
Loss = 2.0336e-03, PNorm = 92.3853, GNorm = 0.1140, lr_0 = 2.0951e-04
Loss = 1.7356e-03, PNorm = 92.3854, GNorm = 0.0289, lr_0 = 2.0941e-04
Loss = 1.0918e-03, PNorm = 92.3847, GNorm = 0.0510, lr_0 = 2.0931e-04
Loss = 1.8553e-03, PNorm = 92.3838, GNorm = 0.0749, lr_0 = 2.0922e-04
Loss = 6.5308e-04, PNorm = 92.3833, GNorm = 0.0465, lr_0 = 2.0912e-04
Loss = 1.0078e-03, PNorm = 92.3832, GNorm = 0.1579, lr_0 = 2.0902e-04
Loss = 6.1002e-04, PNorm = 92.3836, GNorm = 0.1295, lr_0 = 2.0892e-04
Loss = 1.1705e-03, PNorm = 92.3844, GNorm = 0.1249, lr_0 = 2.0883e-04
Loss = 1.3125e-03, PNorm = 92.3850, GNorm = 0.0443, lr_0 = 2.0873e-04
Loss = 1.8349e-03, PNorm = 92.3862, GNorm = 0.1602, lr_0 = 2.0863e-04
Loss = 1.5564e-03, PNorm = 92.3870, GNorm = 0.0942, lr_0 = 2.0854e-04
Loss = 9.2772e-04, PNorm = 92.3869, GNorm = 0.1401, lr_0 = 2.0844e-04
Loss = 1.7902e-03, PNorm = 92.3882, GNorm = 0.0943, lr_0 = 2.0834e-04
Loss = 2.0045e-03, PNorm = 92.3889, GNorm = 0.0604, lr_0 = 2.0825e-04
Loss = 1.2129e-03, PNorm = 92.3889, GNorm = 0.0341, lr_0 = 2.0815e-04
Loss = 1.2665e-03, PNorm = 92.3903, GNorm = 0.0763, lr_0 = 2.0806e-04
Loss = 8.6902e-04, PNorm = 92.3909, GNorm = 0.0546, lr_0 = 2.0796e-04
Loss = 1.2079e-03, PNorm = 92.3908, GNorm = 0.0755, lr_0 = 2.0786e-04
Loss = 1.0360e-03, PNorm = 92.3915, GNorm = 0.0347, lr_0 = 2.0777e-04
Loss = 1.2224e-03, PNorm = 92.3921, GNorm = 0.0505, lr_0 = 2.0767e-04
Loss = 1.1045e-03, PNorm = 92.3925, GNorm = 0.0769, lr_0 = 2.0757e-04
Loss = 2.1340e-03, PNorm = 92.3943, GNorm = 0.1878, lr_0 = 2.0748e-04
Loss = 2.4039e-03, PNorm = 92.3954, GNorm = 0.1431, lr_0 = 2.0738e-04
Loss = 1.3895e-03, PNorm = 92.3958, GNorm = 0.0589, lr_0 = 2.0729e-04
Loss = 1.0558e-03, PNorm = 92.3957, GNorm = 0.1133, lr_0 = 2.0719e-04
Loss = 1.3140e-03, PNorm = 92.3963, GNorm = 0.3186, lr_0 = 2.0709e-04
Loss = 2.0551e-03, PNorm = 92.3966, GNorm = 0.2612, lr_0 = 2.0700e-04
Loss = 1.5383e-03, PNorm = 92.3963, GNorm = 0.1353, lr_0 = 2.0690e-04
Loss = 1.8924e-03, PNorm = 92.3966, GNorm = 0.2884, lr_0 = 2.0681e-04
Loss = 6.0243e-04, PNorm = 92.3977, GNorm = 0.0815, lr_0 = 2.0671e-04
Loss = 1.5336e-03, PNorm = 92.3987, GNorm = 0.0350, lr_0 = 2.0661e-04
Loss = 1.9039e-03, PNorm = 92.3988, GNorm = 0.1859, lr_0 = 2.0652e-04
Loss = 1.3886e-03, PNorm = 92.3999, GNorm = 0.1225, lr_0 = 2.0642e-04
Loss = 1.4834e-03, PNorm = 92.4010, GNorm = 0.0733, lr_0 = 2.0633e-04
Loss = 1.9250e-03, PNorm = 92.4011, GNorm = 0.0867, lr_0 = 2.0623e-04
Loss = 1.7405e-03, PNorm = 92.4035, GNorm = 0.2997, lr_0 = 2.0614e-04
Loss = 2.8600e-03, PNorm = 92.4026, GNorm = 0.0872, lr_0 = 2.0604e-04
Loss = 4.5352e-04, PNorm = 92.4043, GNorm = 0.1472, lr_0 = 2.0594e-04
Loss = 1.1330e-03, PNorm = 92.4059, GNorm = 0.0563, lr_0 = 2.0585e-04
Loss = 1.0391e-03, PNorm = 92.4065, GNorm = 0.0619, lr_0 = 2.0575e-04
Loss = 1.2592e-03, PNorm = 92.4062, GNorm = 0.1811, lr_0 = 2.0566e-04
Loss = 1.5866e-03, PNorm = 92.4064, GNorm = 0.1111, lr_0 = 2.0556e-04
Loss = 1.2125e-03, PNorm = 92.4072, GNorm = 0.0887, lr_0 = 2.0547e-04
Loss = 2.4969e-03, PNorm = 92.4084, GNorm = 0.1437, lr_0 = 2.0537e-04
Loss = 1.9819e-03, PNorm = 92.4103, GNorm = 0.1196, lr_0 = 2.0528e-04
Loss = 1.3957e-03, PNorm = 92.4104, GNorm = 0.0305, lr_0 = 2.0518e-04
Loss = 1.4710e-03, PNorm = 92.4104, GNorm = 0.0899, lr_0 = 2.0509e-04
Loss = 1.3659e-03, PNorm = 92.4113, GNorm = 0.1367, lr_0 = 2.0499e-04
Loss = 2.8040e-03, PNorm = 92.4120, GNorm = 0.1964, lr_0 = 2.0490e-04
Loss = 9.4687e-04, PNorm = 92.4131, GNorm = 0.1478, lr_0 = 2.0480e-04
Loss = 1.0289e-03, PNorm = 92.4126, GNorm = 0.0991, lr_0 = 2.0471e-04
Loss = 8.9122e-04, PNorm = 92.4128, GNorm = 0.0271, lr_0 = 2.0461e-04
Loss = 1.8069e-03, PNorm = 92.4133, GNorm = 0.3360, lr_0 = 2.0452e-04
Loss = 1.8963e-03, PNorm = 92.4136, GNorm = 0.1859, lr_0 = 2.0442e-04
Loss = 2.2571e-03, PNorm = 92.4142, GNorm = 0.0595, lr_0 = 2.0433e-04
Loss = 1.6895e-03, PNorm = 92.4149, GNorm = 0.0409, lr_0 = 2.0423e-04
Loss = 1.5617e-03, PNorm = 92.4178, GNorm = 0.0546, lr_0 = 2.0414e-04
Loss = 5.5489e-04, PNorm = 92.4174, GNorm = 0.0651, lr_0 = 2.0404e-04
Loss = 1.8186e-03, PNorm = 92.4179, GNorm = 0.1456, lr_0 = 2.0395e-04
Loss = 9.9289e-04, PNorm = 92.4187, GNorm = 0.0926, lr_0 = 2.0386e-04
Loss = 2.1644e-03, PNorm = 92.4202, GNorm = 0.0997, lr_0 = 2.0376e-04
Loss = 1.4103e-03, PNorm = 92.4219, GNorm = 0.1804, lr_0 = 2.0367e-04
Loss = 2.2750e-03, PNorm = 92.4225, GNorm = 0.0385, lr_0 = 2.0357e-04
Loss = 1.9435e-03, PNorm = 92.4231, GNorm = 0.1045, lr_0 = 2.0348e-04
Loss = 1.6265e-03, PNorm = 92.4226, GNorm = 0.0902, lr_0 = 2.0338e-04
Loss = 2.3577e-03, PNorm = 92.4236, GNorm = 0.0715, lr_0 = 2.0329e-04
Loss = 1.2520e-03, PNorm = 92.4253, GNorm = 0.0930, lr_0 = 2.0320e-04
Loss = 8.3011e-04, PNorm = 92.4258, GNorm = 0.0935, lr_0 = 2.0310e-04
Loss = 2.8662e-03, PNorm = 92.4262, GNorm = 0.0843, lr_0 = 2.0301e-04
Loss = 1.3197e-03, PNorm = 92.4265, GNorm = 0.1496, lr_0 = 2.0291e-04
Loss = 2.9284e-03, PNorm = 92.4274, GNorm = 0.0891, lr_0 = 2.0282e-04
Loss = 1.4646e-03, PNorm = 92.4282, GNorm = 0.1963, lr_0 = 2.0273e-04
Loss = 1.1367e-03, PNorm = 92.4300, GNorm = 0.0995, lr_0 = 2.0263e-04
Loss = 2.0440e-03, PNorm = 92.4307, GNorm = 0.0490, lr_0 = 2.0254e-04
Loss = 2.1478e-03, PNorm = 92.4331, GNorm = 0.0990, lr_0 = 2.0244e-04
Loss = 9.5619e-04, PNorm = 92.4335, GNorm = 0.0628, lr_0 = 2.0235e-04
Loss = 1.1648e-03, PNorm = 92.4334, GNorm = 0.0461, lr_0 = 2.0226e-04
Loss = 7.8568e-04, PNorm = 92.4327, GNorm = 0.0518, lr_0 = 2.0216e-04
Loss = 1.9513e-03, PNorm = 92.4324, GNorm = 0.2672, lr_0 = 2.0207e-04
Loss = 9.1620e-04, PNorm = 92.4328, GNorm = 0.2075, lr_0 = 2.0197e-04
Loss = 2.9444e-03, PNorm = 92.4332, GNorm = 0.1582, lr_0 = 2.0188e-04
Loss = 1.2878e-03, PNorm = 92.4334, GNorm = 0.0708, lr_0 = 2.0179e-04
Loss = 4.8453e-03, PNorm = 92.4342, GNorm = 0.1352, lr_0 = 2.0169e-04
Loss = 1.9499e-03, PNorm = 92.4333, GNorm = 0.1747, lr_0 = 2.0160e-04
Loss = 1.0627e-03, PNorm = 92.4346, GNorm = 0.0701, lr_0 = 2.0151e-04
Loss = 2.1516e-03, PNorm = 92.4348, GNorm = 0.1693, lr_0 = 2.0141e-04
Loss = 3.7945e-03, PNorm = 92.4371, GNorm = 0.1057, lr_0 = 2.0132e-04
Loss = 1.4349e-03, PNorm = 92.4387, GNorm = 0.1185, lr_0 = 2.0123e-04
Loss = 2.2279e-03, PNorm = 92.4381, GNorm = 0.1418, lr_0 = 2.0113e-04
Loss = 1.7823e-03, PNorm = 92.4380, GNorm = 0.0804, lr_0 = 2.0104e-04
Loss = 1.9877e-03, PNorm = 92.4376, GNorm = 0.1162, lr_0 = 2.0095e-04
Loss = 1.6921e-03, PNorm = 92.4380, GNorm = 0.0704, lr_0 = 2.0085e-04
Loss = 1.5339e-03, PNorm = 92.4379, GNorm = 0.1752, lr_0 = 2.0076e-04
Loss = 1.6144e-03, PNorm = 92.4390, GNorm = 0.0790, lr_0 = 2.0067e-04
Loss = 1.4731e-03, PNorm = 92.4401, GNorm = 0.0741, lr_0 = 2.0058e-04
Loss = 6.2308e-04, PNorm = 92.4411, GNorm = 0.1132, lr_0 = 2.0048e-04
Loss = 1.4719e-03, PNorm = 92.4419, GNorm = 0.0642, lr_0 = 2.0039e-04
Loss = 1.2597e-03, PNorm = 92.4434, GNorm = 0.1226, lr_0 = 2.0030e-04
Loss = 2.0766e-03, PNorm = 92.4439, GNorm = 0.1052, lr_0 = 2.0020e-04
Loss = 5.6469e-04, PNorm = 92.4439, GNorm = 0.0484, lr_0 = 2.0011e-04
Loss = 5.0636e-04, PNorm = 92.4443, GNorm = 0.0829, lr_0 = 2.0002e-04
Loss = 2.1779e-03, PNorm = 92.4442, GNorm = 0.2597, lr_0 = 1.9993e-04
Loss = 2.0009e-03, PNorm = 92.4448, GNorm = 0.0597, lr_0 = 1.9983e-04
Loss = 2.3996e-03, PNorm = 92.4461, GNorm = 0.0732, lr_0 = 1.9974e-04
Loss = 1.5255e-03, PNorm = 92.4454, GNorm = 0.1637, lr_0 = 1.9965e-04
Loss = 1.4558e-03, PNorm = 92.4448, GNorm = 0.2624, lr_0 = 1.9956e-04
Loss = 1.8601e-03, PNorm = 92.4448, GNorm = 0.1117, lr_0 = 1.9946e-04
Loss = 1.3620e-03, PNorm = 92.4448, GNorm = 0.1016, lr_0 = 1.9937e-04
Loss = 1.2082e-03, PNorm = 92.4459, GNorm = 0.2119, lr_0 = 1.9928e-04
Loss = 3.4533e-03, PNorm = 92.4461, GNorm = 0.1004, lr_0 = 1.9919e-04
Loss = 2.4303e-03, PNorm = 92.4465, GNorm = 0.1557, lr_0 = 1.9909e-04
Loss = 1.3975e-03, PNorm = 92.4468, GNorm = 0.1219, lr_0 = 1.9900e-04
Loss = 1.4303e-03, PNorm = 92.4475, GNorm = 0.1707, lr_0 = 1.9891e-04
Loss = 9.2244e-04, PNorm = 92.4485, GNorm = 0.0733, lr_0 = 1.9882e-04
Loss = 2.2754e-03, PNorm = 92.4493, GNorm = 0.2017, lr_0 = 1.9873e-04
Loss = 1.1688e-03, PNorm = 92.4519, GNorm = 0.1983, lr_0 = 1.9863e-04
Loss = 2.0118e-03, PNorm = 92.4524, GNorm = 0.2777, lr_0 = 1.9854e-04
Loss = 1.5314e-03, PNorm = 92.4540, GNorm = 0.1878, lr_0 = 1.9845e-04
Loss = 9.5039e-04, PNorm = 92.4543, GNorm = 0.0653, lr_0 = 1.9836e-04
Loss = 1.4540e-03, PNorm = 92.4546, GNorm = 0.0706, lr_0 = 1.9827e-04
Loss = 2.1042e-03, PNorm = 92.4556, GNorm = 0.1582, lr_0 = 1.9817e-04
Loss = 1.2220e-03, PNorm = 92.4561, GNorm = 0.0576, lr_0 = 1.9808e-04
Loss = 1.8544e-03, PNorm = 92.4561, GNorm = 0.0880, lr_0 = 1.9799e-04
Loss = 2.0487e-03, PNorm = 92.4563, GNorm = 0.0774, lr_0 = 1.9790e-04
Loss = 1.6949e-03, PNorm = 92.4576, GNorm = 0.0362, lr_0 = 1.9781e-04
Loss = 1.9887e-03, PNorm = 92.4577, GNorm = 0.0512, lr_0 = 1.9771e-04
Loss = 1.0376e-03, PNorm = 92.4588, GNorm = 0.0577, lr_0 = 1.9762e-04
Loss = 1.4937e-03, PNorm = 92.4584, GNorm = 0.0456, lr_0 = 1.9753e-04
Loss = 1.6575e-03, PNorm = 92.4580, GNorm = 0.1414, lr_0 = 1.9744e-04
Loss = 1.7971e-03, PNorm = 92.4580, GNorm = 0.1682, lr_0 = 1.9735e-04
Loss = 1.2013e-03, PNorm = 92.4580, GNorm = 0.0615, lr_0 = 1.9726e-04
Loss = 8.3569e-04, PNorm = 92.4589, GNorm = 0.0507, lr_0 = 1.9717e-04
Loss = 1.0015e-03, PNorm = 92.4606, GNorm = 0.1238, lr_0 = 1.9707e-04
Loss = 2.2806e-03, PNorm = 92.4608, GNorm = 0.3151, lr_0 = 1.9698e-04
Loss = 2.9287e-03, PNorm = 92.4602, GNorm = 0.4448, lr_0 = 1.9689e-04
Loss = 2.6653e-03, PNorm = 92.4604, GNorm = 0.1690, lr_0 = 1.9680e-04
Loss = 3.3913e-03, PNorm = 92.4624, GNorm = 0.2577, lr_0 = 1.9671e-04
Loss = 2.2594e-03, PNorm = 92.4631, GNorm = 0.0575, lr_0 = 1.9662e-04
Loss = 1.4043e-03, PNorm = 92.4642, GNorm = 0.0917, lr_0 = 1.9653e-04
Loss = 1.0722e-03, PNorm = 92.4641, GNorm = 0.0925, lr_0 = 1.9644e-04
Loss = 1.1984e-03, PNorm = 92.4639, GNorm = 0.1678, lr_0 = 1.9635e-04
Loss = 1.8863e-03, PNorm = 92.4649, GNorm = 0.1807, lr_0 = 1.9625e-04
Loss = 2.2508e-03, PNorm = 92.4657, GNorm = 0.0874, lr_0 = 1.9616e-04
Loss = 1.5058e-03, PNorm = 92.4666, GNorm = 0.0902, lr_0 = 1.9607e-04
Loss = 3.4022e-03, PNorm = 92.4674, GNorm = 0.1014, lr_0 = 1.9598e-04
Loss = 1.6096e-03, PNorm = 92.4662, GNorm = 0.1126, lr_0 = 1.9589e-04
Loss = 1.8257e-03, PNorm = 92.4672, GNorm = 0.1602, lr_0 = 1.9580e-04
Loss = 2.8533e-03, PNorm = 92.4679, GNorm = 0.1460, lr_0 = 1.9571e-04
Loss = 3.3968e-03, PNorm = 92.4693, GNorm = 0.0710, lr_0 = 1.9562e-04
Loss = 2.0142e-03, PNorm = 92.4712, GNorm = 0.1931, lr_0 = 1.9553e-04
Loss = 2.8019e-03, PNorm = 92.4706, GNorm = 0.0700, lr_0 = 1.9544e-04
Loss = 2.4807e-03, PNorm = 92.4728, GNorm = 0.0792, lr_0 = 1.9535e-04
Loss = 1.2429e-03, PNorm = 92.4745, GNorm = 0.1076, lr_0 = 1.9526e-04
Loss = 2.8434e-03, PNorm = 92.4755, GNorm = 0.1896, lr_0 = 1.9517e-04
Loss = 7.7555e-04, PNorm = 92.4756, GNorm = 0.0346, lr_0 = 1.9508e-04
Loss = 1.3561e-03, PNorm = 92.4754, GNorm = 0.0508, lr_0 = 1.9499e-04
Loss = 1.9752e-03, PNorm = 92.4760, GNorm = 0.0313, lr_0 = 1.9489e-04
Loss = 1.0490e-03, PNorm = 92.4775, GNorm = 0.1221, lr_0 = 1.9480e-04
Loss = 2.4498e-03, PNorm = 92.4771, GNorm = 0.1417, lr_0 = 1.9471e-04
Loss = 1.8204e-03, PNorm = 92.4781, GNorm = 0.1424, lr_0 = 1.9462e-04
Loss = 1.1756e-03, PNorm = 92.4790, GNorm = 0.0878, lr_0 = 1.9453e-04
Loss = 1.5262e-03, PNorm = 92.4786, GNorm = 0.0919, lr_0 = 1.9444e-04
Loss = 3.6978e-03, PNorm = 92.4796, GNorm = 0.1898, lr_0 = 1.9435e-04
Loss = 2.6424e-03, PNorm = 92.4807, GNorm = 0.2267, lr_0 = 1.9426e-04
Loss = 9.7735e-04, PNorm = 92.4811, GNorm = 0.1076, lr_0 = 1.9417e-04
Loss = 1.5719e-03, PNorm = 92.4821, GNorm = 0.0517, lr_0 = 1.9408e-04
Loss = 2.1663e-03, PNorm = 92.4822, GNorm = 0.0700, lr_0 = 1.9399e-04
Loss = 1.3844e-03, PNorm = 92.4827, GNorm = 0.1157, lr_0 = 1.9390e-04
Loss = 1.5756e-03, PNorm = 92.4833, GNorm = 0.1500, lr_0 = 1.9381e-04
Loss = 1.7215e-03, PNorm = 92.4843, GNorm = 0.1186, lr_0 = 1.9372e-04
Loss = 2.3565e-03, PNorm = 92.4847, GNorm = 0.1388, lr_0 = 1.9363e-04
Loss = 1.4433e-03, PNorm = 92.4834, GNorm = 0.0946, lr_0 = 1.9354e-04
Loss = 6.0554e-04, PNorm = 92.4833, GNorm = 0.0668, lr_0 = 1.9345e-04
Loss = 1.3405e-03, PNorm = 92.4833, GNorm = 0.0620, lr_0 = 1.9337e-04
Loss = 7.2848e-04, PNorm = 92.4845, GNorm = 0.0177, lr_0 = 1.9328e-04
Loss = 2.1021e-03, PNorm = 92.4853, GNorm = 0.0985, lr_0 = 1.9319e-04
Loss = 2.7907e-03, PNorm = 92.4860, GNorm = 0.1335, lr_0 = 1.9310e-04
Loss = 1.3019e-03, PNorm = 92.4863, GNorm = 0.0897, lr_0 = 1.9301e-04
Loss = 1.3420e-03, PNorm = 92.4868, GNorm = 0.0889, lr_0 = 1.9292e-04
Loss = 1.5837e-03, PNorm = 92.4865, GNorm = 0.0464, lr_0 = 1.9283e-04
Loss = 2.0355e-03, PNorm = 92.4852, GNorm = 0.2862, lr_0 = 1.9274e-04
Loss = 1.6028e-03, PNorm = 92.4864, GNorm = 0.1524, lr_0 = 1.9265e-04
Loss = 1.3622e-03, PNorm = 92.4870, GNorm = 0.1530, lr_0 = 1.9256e-04
Loss = 1.5041e-03, PNorm = 92.4894, GNorm = 0.0631, lr_0 = 1.9247e-04
Loss = 1.7877e-03, PNorm = 92.4900, GNorm = 0.1107, lr_0 = 1.9238e-04
Loss = 1.1722e-03, PNorm = 92.4919, GNorm = 0.1024, lr_0 = 1.9229e-04
Loss = 9.5573e-04, PNorm = 92.4925, GNorm = 0.0492, lr_0 = 1.9220e-04
Loss = 2.3778e-03, PNorm = 92.4918, GNorm = 0.1303, lr_0 = 1.9211e-04
Loss = 1.6615e-03, PNorm = 92.4924, GNorm = 0.1405, lr_0 = 1.9203e-04
Loss = 2.4933e-03, PNorm = 92.4926, GNorm = 0.0521, lr_0 = 1.9194e-04
Loss = 9.3402e-04, PNorm = 92.4927, GNorm = 0.0794, lr_0 = 1.9185e-04
Loss = 1.1580e-03, PNorm = 92.4921, GNorm = 0.0843, lr_0 = 1.9176e-04
Loss = 1.2160e-03, PNorm = 92.4916, GNorm = 0.0615, lr_0 = 1.9167e-04
Loss = 1.5441e-03, PNorm = 92.4917, GNorm = 0.1805, lr_0 = 1.9158e-04
Loss = 1.9652e-03, PNorm = 92.4923, GNorm = 0.0391, lr_0 = 1.9149e-04
Loss = 1.6955e-03, PNorm = 92.4932, GNorm = 0.1697, lr_0 = 1.9140e-04
Loss = 1.1877e-03, PNorm = 92.4938, GNorm = 0.1076, lr_0 = 1.9132e-04
Loss = 4.2198e-03, PNorm = 92.4955, GNorm = 0.2441, lr_0 = 1.9123e-04
Loss = 1.7522e-03, PNorm = 92.4951, GNorm = 0.1095, lr_0 = 1.9114e-04
Loss = 1.9122e-03, PNorm = 92.4963, GNorm = 0.3564, lr_0 = 1.9105e-04
Loss = 1.4007e-03, PNorm = 92.4976, GNorm = 0.1405, lr_0 = 1.9096e-04
Loss = 2.3968e-03, PNorm = 92.4984, GNorm = 0.0899, lr_0 = 1.9087e-04
Loss = 1.5128e-03, PNorm = 92.4984, GNorm = 0.1192, lr_0 = 1.9078e-04
Loss = 4.0728e-03, PNorm = 92.4985, GNorm = 0.2544, lr_0 = 1.9070e-04
Loss = 2.3038e-03, PNorm = 92.4988, GNorm = 0.1740, lr_0 = 1.9061e-04
Loss = 8.3015e-04, PNorm = 92.4992, GNorm = 0.0358, lr_0 = 1.9052e-04
Loss = 1.8585e-03, PNorm = 92.4994, GNorm = 0.1396, lr_0 = 1.9043e-04
Loss = 2.0520e-03, PNorm = 92.5001, GNorm = 0.0765, lr_0 = 1.9034e-04
Loss = 3.2098e-03, PNorm = 92.4999, GNorm = 0.1079, lr_0 = 1.9025e-04
Loss = 1.3272e-03, PNorm = 92.5009, GNorm = 0.0471, lr_0 = 1.9017e-04
Loss = 2.3441e-03, PNorm = 92.5008, GNorm = 0.1060, lr_0 = 1.9008e-04
Loss = 1.3805e-03, PNorm = 92.5012, GNorm = 0.0972, lr_0 = 1.8999e-04
Loss = 1.4703e-03, PNorm = 92.5026, GNorm = 0.1041, lr_0 = 1.8990e-04
Loss = 8.8603e-04, PNorm = 92.5039, GNorm = 0.0838, lr_0 = 1.8981e-04
Loss = 5.2070e-04, PNorm = 92.5038, GNorm = 0.0201, lr_0 = 1.8973e-04
Loss = 1.2786e-03, PNorm = 92.5036, GNorm = 0.0658, lr_0 = 1.8964e-04
Loss = 1.6549e-03, PNorm = 92.5037, GNorm = 0.0998, lr_0 = 1.8955e-04
Loss = 9.8822e-04, PNorm = 92.5040, GNorm = 0.1341, lr_0 = 1.8946e-04
Loss = 1.0924e-03, PNorm = 92.5049, GNorm = 0.1185, lr_0 = 1.8937e-04
Loss = 1.0130e-03, PNorm = 92.5057, GNorm = 0.0676, lr_0 = 1.8929e-04
Loss = 1.6113e-03, PNorm = 92.5054, GNorm = 0.0868, lr_0 = 1.8920e-04
Loss = 1.2034e-03, PNorm = 92.5057, GNorm = 0.1441, lr_0 = 1.8911e-04
Loss = 1.9182e-03, PNorm = 92.5054, GNorm = 0.1152, lr_0 = 1.8902e-04
Loss = 1.6654e-03, PNorm = 92.5057, GNorm = 0.1913, lr_0 = 1.8894e-04
Loss = 1.5832e-03, PNorm = 92.5059, GNorm = 0.4098, lr_0 = 1.8885e-04
Loss = 1.6066e-03, PNorm = 92.5055, GNorm = 0.0496, lr_0 = 1.8876e-04
Loss = 1.0962e-03, PNorm = 92.5065, GNorm = 0.0707, lr_0 = 1.8867e-04
Loss = 2.9507e-03, PNorm = 92.5077, GNorm = 0.0618, lr_0 = 1.8859e-04
Loss = 1.1862e-03, PNorm = 92.5089, GNorm = 0.1023, lr_0 = 1.8850e-04
Loss = 2.0825e-03, PNorm = 92.5094, GNorm = 0.0516, lr_0 = 1.8841e-04
Loss = 1.0861e-03, PNorm = 92.5103, GNorm = 0.1050, lr_0 = 1.8832e-04
Loss = 2.3167e-03, PNorm = 92.5112, GNorm = 0.2733, lr_0 = 1.8824e-04
Loss = 1.6008e-03, PNorm = 92.5119, GNorm = 0.1395, lr_0 = 1.8815e-04
Loss = 1.1745e-03, PNorm = 92.5114, GNorm = 0.1188, lr_0 = 1.8806e-04
Loss = 2.2367e-03, PNorm = 92.5114, GNorm = 0.1739, lr_0 = 1.8798e-04
Loss = 1.1891e-03, PNorm = 92.5118, GNorm = 0.1452, lr_0 = 1.8789e-04
Loss = 1.5381e-03, PNorm = 92.5123, GNorm = 0.0343, lr_0 = 1.8780e-04
Loss = 1.6799e-03, PNorm = 92.5125, GNorm = 0.0563, lr_0 = 1.8771e-04
Loss = 1.7506e-03, PNorm = 92.5142, GNorm = 0.2157, lr_0 = 1.8763e-04
Loss = 1.0442e-03, PNorm = 92.5152, GNorm = 0.1835, lr_0 = 1.8754e-04
Loss = 5.5342e-04, PNorm = 92.5154, GNorm = 0.0670, lr_0 = 1.8745e-04
Loss = 1.8102e-03, PNorm = 92.5152, GNorm = 0.0541, lr_0 = 1.8737e-04
Loss = 2.8832e-03, PNorm = 92.5147, GNorm = 0.1709, lr_0 = 1.8728e-04
Loss = 1.8039e-03, PNorm = 92.5157, GNorm = 0.4806, lr_0 = 1.8719e-04
Loss = 1.2665e-03, PNorm = 92.5162, GNorm = 0.0819, lr_0 = 1.8711e-04
Loss = 1.8590e-03, PNorm = 92.5168, GNorm = 0.3167, lr_0 = 1.8702e-04
Loss = 5.4804e-04, PNorm = 92.5186, GNorm = 0.1097, lr_0 = 1.8693e-04
Loss = 1.4265e-03, PNorm = 92.5199, GNorm = 0.1631, lr_0 = 1.8685e-04
Loss = 1.0313e-03, PNorm = 92.5215, GNorm = 0.0922, lr_0 = 1.8676e-04
Loss = 1.0139e-03, PNorm = 92.5205, GNorm = 0.0792, lr_0 = 1.8667e-04
Loss = 1.5037e-03, PNorm = 92.5204, GNorm = 0.0837, lr_0 = 1.8659e-04
Loss = 8.8165e-04, PNorm = 92.5196, GNorm = 0.1372, lr_0 = 1.8650e-04
Loss = 1.7408e-03, PNorm = 92.5199, GNorm = 0.0955, lr_0 = 1.8641e-04
Loss = 2.4364e-03, PNorm = 92.5213, GNorm = 0.0688, lr_0 = 1.8633e-04
Loss = 2.4447e-03, PNorm = 92.5219, GNorm = 0.0373, lr_0 = 1.8624e-04
Loss = 1.1099e-03, PNorm = 92.5211, GNorm = 0.0880, lr_0 = 1.8616e-04
Loss = 1.3644e-03, PNorm = 92.5202, GNorm = 0.1569, lr_0 = 1.8607e-04
Loss = 1.5316e-03, PNorm = 92.5201, GNorm = 0.0448, lr_0 = 1.8598e-04
Loss = 1.6568e-03, PNorm = 92.5219, GNorm = 0.0906, lr_0 = 1.8590e-04
Loss = 2.1579e-03, PNorm = 92.5221, GNorm = 0.0954, lr_0 = 1.8581e-04
Loss = 2.9615e-03, PNorm = 92.5225, GNorm = 0.1578, lr_0 = 1.8572e-04
Loss = 1.4088e-03, PNorm = 92.5225, GNorm = 0.1259, lr_0 = 1.8564e-04
Loss = 2.1815e-03, PNorm = 92.5229, GNorm = 0.0864, lr_0 = 1.8555e-04
Loss = 7.4900e-04, PNorm = 92.5235, GNorm = 0.1454, lr_0 = 1.8547e-04
Loss = 7.7120e-04, PNorm = 92.5248, GNorm = 0.1171, lr_0 = 1.8538e-04
Loss = 1.8448e-03, PNorm = 92.5236, GNorm = 0.1529, lr_0 = 1.8529e-04
Loss = 9.2554e-04, PNorm = 92.5246, GNorm = 0.1104, lr_0 = 1.8521e-04
Loss = 1.5169e-03, PNorm = 92.5250, GNorm = 0.1426, lr_0 = 1.8512e-04
Loss = 1.2760e-03, PNorm = 92.5260, GNorm = 0.1010, lr_0 = 1.8504e-04
Loss = 1.6016e-03, PNorm = 92.5271, GNorm = 0.0945, lr_0 = 1.8495e-04
Loss = 6.2698e-04, PNorm = 92.5281, GNorm = 0.1181, lr_0 = 1.8487e-04
Loss = 3.7746e-03, PNorm = 92.5301, GNorm = 0.2425, lr_0 = 1.8478e-04
Loss = 1.7177e-03, PNorm = 92.5301, GNorm = 0.0606, lr_0 = 1.8469e-04
Loss = 1.9665e-03, PNorm = 92.5312, GNorm = 0.2141, lr_0 = 1.8461e-04
Loss = 3.0401e-03, PNorm = 92.5307, GNorm = 0.1009, lr_0 = 1.8452e-04
Loss = 1.2000e-03, PNorm = 92.5311, GNorm = 0.2308, lr_0 = 1.8444e-04
Loss = 2.6679e-03, PNorm = 92.5318, GNorm = 0.1768, lr_0 = 1.8435e-04
Loss = 2.0955e-03, PNorm = 92.5340, GNorm = 0.0855, lr_0 = 1.8427e-04
Loss = 1.6298e-03, PNorm = 92.5339, GNorm = 0.0957, lr_0 = 1.8418e-04
Loss = 1.7355e-03, PNorm = 92.5335, GNorm = 0.1417, lr_0 = 1.8410e-04
Loss = 1.7451e-03, PNorm = 92.5343, GNorm = 0.1990, lr_0 = 1.8401e-04
Loss = 2.5930e-03, PNorm = 92.5346, GNorm = 0.0710, lr_0 = 1.8393e-04
Loss = 2.2431e-03, PNorm = 92.5345, GNorm = 0.2654, lr_0 = 1.8384e-04
Loss = 2.0967e-03, PNorm = 92.5343, GNorm = 0.1560, lr_0 = 1.8376e-04
Loss = 1.0399e-03, PNorm = 92.5345, GNorm = 0.1470, lr_0 = 1.8367e-04
Loss = 2.4521e-03, PNorm = 92.5354, GNorm = 0.0945, lr_0 = 1.8358e-04
Loss = 1.1762e-03, PNorm = 92.5361, GNorm = 0.2114, lr_0 = 1.8350e-04
Loss = 9.4378e-04, PNorm = 92.5356, GNorm = 0.1014, lr_0 = 1.8341e-04
Loss = 2.3211e-03, PNorm = 92.5359, GNorm = 0.1251, lr_0 = 1.8333e-04
Loss = 2.2091e-03, PNorm = 92.5363, GNorm = 0.1809, lr_0 = 1.8324e-04
Loss = 1.9974e-03, PNorm = 92.5389, GNorm = 0.1494, lr_0 = 1.8316e-04
Loss = 1.6987e-03, PNorm = 92.5386, GNorm = 0.3225, lr_0 = 1.8308e-04
Loss = 2.3324e-03, PNorm = 92.5380, GNorm = 0.1126, lr_0 = 1.8299e-04
Loss = 1.7473e-03, PNorm = 92.5383, GNorm = 0.1679, lr_0 = 1.8291e-04
Loss = 2.0932e-03, PNorm = 92.5384, GNorm = 0.1523, lr_0 = 1.8282e-04
Loss = 2.5281e-03, PNorm = 92.5384, GNorm = 0.0717, lr_0 = 1.8274e-04
Loss = 2.7555e-03, PNorm = 92.5377, GNorm = 0.0581, lr_0 = 1.8265e-04
Loss = 1.6705e-03, PNorm = 92.5399, GNorm = 0.0404, lr_0 = 1.8257e-04
Loss = 1.0088e-03, PNorm = 92.5404, GNorm = 0.0696, lr_0 = 1.8248e-04
Loss = 1.0660e-03, PNorm = 92.5397, GNorm = 0.0339, lr_0 = 1.8240e-04
Loss = 1.4552e-03, PNorm = 92.5398, GNorm = 0.1222, lr_0 = 1.8231e-04
Loss = 2.3513e-03, PNorm = 92.5408, GNorm = 0.1412, lr_0 = 1.8223e-04
Loss = 2.3884e-03, PNorm = 92.5402, GNorm = 0.2802, lr_0 = 1.8214e-04
Loss = 1.5594e-03, PNorm = 92.5412, GNorm = 0.1590, lr_0 = 1.8206e-04
Loss = 2.4344e-03, PNorm = 92.5429, GNorm = 0.2003, lr_0 = 1.8198e-04
Loss = 3.4218e-03, PNorm = 92.5435, GNorm = 0.1227, lr_0 = 1.8189e-04
Loss = 2.4583e-03, PNorm = 92.5459, GNorm = 0.0766, lr_0 = 1.8181e-04
Loss = 2.4842e-03, PNorm = 92.5474, GNorm = 0.2741, lr_0 = 1.8172e-04
Loss = 2.1245e-03, PNorm = 92.5487, GNorm = 0.0463, lr_0 = 1.8164e-04
Loss = 1.5350e-03, PNorm = 92.5493, GNorm = 0.0536, lr_0 = 1.8155e-04
Loss = 1.5132e-03, PNorm = 92.5508, GNorm = 0.0800, lr_0 = 1.8147e-04
Loss = 2.3403e-03, PNorm = 92.5518, GNorm = 0.1341, lr_0 = 1.8139e-04
Loss = 1.4463e-03, PNorm = 92.5515, GNorm = 0.0442, lr_0 = 1.8130e-04
Loss = 3.0897e-03, PNorm = 92.5503, GNorm = 0.1182, lr_0 = 1.8122e-04
Loss = 1.1228e-03, PNorm = 92.5518, GNorm = 0.0435, lr_0 = 1.8113e-04
Loss = 3.2296e-03, PNorm = 92.5520, GNorm = 0.1161, lr_0 = 1.8105e-04
Loss = 3.0759e-03, PNorm = 92.5527, GNorm = 0.1647, lr_0 = 1.8097e-04
Loss = 5.7980e-04, PNorm = 92.5523, GNorm = 0.0782, lr_0 = 1.8088e-04
Loss = 1.5019e-03, PNorm = 92.5523, GNorm = 0.0655, lr_0 = 1.8080e-04
Loss = 1.9236e-03, PNorm = 92.5518, GNorm = 0.0728, lr_0 = 1.8071e-04
Loss = 1.6858e-03, PNorm = 92.5514, GNorm = 0.1304, lr_0 = 1.8063e-04
Loss = 1.7141e-03, PNorm = 92.5516, GNorm = 0.0831, lr_0 = 1.8055e-04
Loss = 6.5724e-04, PNorm = 92.5516, GNorm = 0.1512, lr_0 = 1.8046e-04
Loss = 1.7696e-03, PNorm = 92.5522, GNorm = 0.0954, lr_0 = 1.8038e-04
Loss = 1.8286e-03, PNorm = 92.5521, GNorm = 0.0531, lr_0 = 1.8030e-04
Loss = 2.2664e-03, PNorm = 92.5519, GNorm = 0.2086, lr_0 = 1.8021e-04
Loss = 1.7573e-03, PNorm = 92.5535, GNorm = 0.0533, lr_0 = 1.8013e-04
Loss = 1.8473e-03, PNorm = 92.5538, GNorm = 0.0969, lr_0 = 1.8005e-04
Loss = 1.9762e-03, PNorm = 92.5540, GNorm = 0.3394, lr_0 = 1.7996e-04
Loss = 9.8132e-04, PNorm = 92.5540, GNorm = 0.0595, lr_0 = 1.7988e-04
Loss = 1.4466e-03, PNorm = 92.5537, GNorm = 0.0699, lr_0 = 1.7980e-04
Loss = 2.1747e-03, PNorm = 92.5545, GNorm = 0.0960, lr_0 = 1.7971e-04
Loss = 1.3187e-03, PNorm = 92.5557, GNorm = 0.1444, lr_0 = 1.7963e-04
Loss = 1.2446e-03, PNorm = 92.5550, GNorm = 0.1460, lr_0 = 1.7955e-04
Loss = 9.7355e-04, PNorm = 92.5559, GNorm = 0.0893, lr_0 = 1.7946e-04
Loss = 2.4744e-03, PNorm = 92.5557, GNorm = 0.0940, lr_0 = 1.7938e-04
Loss = 9.3009e-04, PNorm = 92.5561, GNorm = 0.1554, lr_0 = 1.7930e-04
Loss = 1.3819e-03, PNorm = 92.5567, GNorm = 0.1396, lr_0 = 1.7921e-04
Loss = 1.7625e-03, PNorm = 92.5571, GNorm = 0.0462, lr_0 = 1.7913e-04
Loss = 1.0517e-03, PNorm = 92.5578, GNorm = 0.1932, lr_0 = 1.7905e-04
Loss = 1.9741e-03, PNorm = 92.5586, GNorm = 0.0340, lr_0 = 1.7896e-04
Loss = 1.2403e-03, PNorm = 92.5593, GNorm = 0.0372, lr_0 = 1.7888e-04
Loss = 1.1577e-03, PNorm = 92.5597, GNorm = 0.1152, lr_0 = 1.7880e-04
Loss = 1.5664e-03, PNorm = 92.5596, GNorm = 0.1050, lr_0 = 1.7872e-04
Loss = 1.7785e-03, PNorm = 92.5609, GNorm = 0.1877, lr_0 = 1.7863e-04
Loss = 1.6705e-03, PNorm = 92.5605, GNorm = 0.1824, lr_0 = 1.7855e-04
Loss = 1.8861e-03, PNorm = 92.5605, GNorm = 0.2788, lr_0 = 1.7847e-04
Loss = 2.0429e-03, PNorm = 92.5606, GNorm = 0.1748, lr_0 = 1.7839e-04
Loss = 1.4524e-03, PNorm = 92.5601, GNorm = 0.0458, lr_0 = 1.7830e-04
Loss = 8.8531e-04, PNorm = 92.5611, GNorm = 0.0802, lr_0 = 1.7822e-04
Loss = 9.3663e-04, PNorm = 92.5615, GNorm = 0.0568, lr_0 = 1.7814e-04
Loss = 1.9333e-03, PNorm = 92.5636, GNorm = 0.2736, lr_0 = 1.7805e-04
Loss = 1.7786e-03, PNorm = 92.5645, GNorm = 0.1822, lr_0 = 1.7797e-04
Loss = 1.0482e-03, PNorm = 92.5651, GNorm = 0.0998, lr_0 = 1.7789e-04
Loss = 1.6812e-03, PNorm = 92.5649, GNorm = 0.0246, lr_0 = 1.7781e-04
Loss = 1.5785e-03, PNorm = 92.5635, GNorm = 0.0673, lr_0 = 1.7772e-04
Loss = 1.8159e-03, PNorm = 92.5630, GNorm = 0.0320, lr_0 = 1.7764e-04
Loss = 1.8189e-03, PNorm = 92.5634, GNorm = 0.1164, lr_0 = 1.7756e-04
Loss = 6.9111e-04, PNorm = 92.5634, GNorm = 0.1441, lr_0 = 1.7748e-04
Loss = 1.4806e-03, PNorm = 92.5639, GNorm = 0.0737, lr_0 = 1.7740e-04
Loss = 1.8331e-03, PNorm = 92.5629, GNorm = 0.1065, lr_0 = 1.7731e-04
Loss = 1.4763e-03, PNorm = 92.5627, GNorm = 0.1569, lr_0 = 1.7723e-04
Loss = 1.9571e-03, PNorm = 92.5630, GNorm = 0.1740, lr_0 = 1.7715e-04
Loss = 2.8265e-03, PNorm = 92.5645, GNorm = 0.0753, lr_0 = 1.7707e-04
Loss = 1.6529e-03, PNorm = 92.5651, GNorm = 0.0996, lr_0 = 1.7699e-04
Loss = 1.3372e-03, PNorm = 92.5649, GNorm = 0.2360, lr_0 = 1.7690e-04
Loss = 1.4196e-03, PNorm = 92.5654, GNorm = 0.1282, lr_0 = 1.7682e-04
Loss = 7.1685e-04, PNorm = 92.5660, GNorm = 0.0940, lr_0 = 1.7674e-04
Loss = 1.2559e-03, PNorm = 92.5662, GNorm = 0.0646, lr_0 = 1.7666e-04
Loss = 1.9940e-03, PNorm = 92.5664, GNorm = 0.0753, lr_0 = 1.7658e-04
Loss = 2.8461e-03, PNorm = 92.5663, GNorm = 0.1401, lr_0 = 1.7649e-04
Loss = 1.7087e-03, PNorm = 92.5675, GNorm = 0.1927, lr_0 = 1.7641e-04
Loss = 6.2436e-04, PNorm = 92.5676, GNorm = 0.0259, lr_0 = 1.7633e-04
Loss = 1.9876e-03, PNorm = 92.5682, GNorm = 0.0233, lr_0 = 1.7625e-04
Loss = 1.3733e-03, PNorm = 92.5683, GNorm = 0.0477, lr_0 = 1.7617e-04
Loss = 1.3293e-03, PNorm = 92.5682, GNorm = 0.0392, lr_0 = 1.7609e-04
Loss = 2.1179e-03, PNorm = 92.5680, GNorm = 0.1768, lr_0 = 1.7600e-04
Loss = 6.2624e-04, PNorm = 92.5693, GNorm = 0.0714, lr_0 = 1.7592e-04
Loss = 1.5142e-03, PNorm = 92.5695, GNorm = 0.0231, lr_0 = 1.7584e-04
Loss = 1.6792e-03, PNorm = 92.5691, GNorm = 0.1499, lr_0 = 1.7576e-04
Loss = 1.3115e-03, PNorm = 92.5702, GNorm = 0.1509, lr_0 = 1.7568e-04
Loss = 1.7766e-03, PNorm = 92.5719, GNorm = 0.2467, lr_0 = 1.7560e-04
Loss = 1.6698e-03, PNorm = 92.5719, GNorm = 0.2047, lr_0 = 1.7552e-04
Loss = 1.5423e-03, PNorm = 92.5737, GNorm = 0.0538, lr_0 = 1.7543e-04
Loss = 9.0854e-04, PNorm = 92.5739, GNorm = 0.0434, lr_0 = 1.7535e-04
Loss = 1.2889e-03, PNorm = 92.5735, GNorm = 0.1687, lr_0 = 1.7527e-04
Loss = 1.0341e-03, PNorm = 92.5744, GNorm = 0.3119, lr_0 = 1.7519e-04
Loss = 1.3074e-03, PNorm = 92.5760, GNorm = 0.0578, lr_0 = 1.7511e-04
Loss = 1.9003e-03, PNorm = 92.5763, GNorm = 0.0450, lr_0 = 1.7503e-04
Loss = 1.5649e-03, PNorm = 92.5757, GNorm = 0.1043, lr_0 = 1.7495e-04
Loss = 1.8610e-03, PNorm = 92.5744, GNorm = 0.0715, lr_0 = 1.7487e-04
Loss = 1.5502e-03, PNorm = 92.5761, GNorm = 0.0632, lr_0 = 1.7478e-04
Loss = 5.8949e-04, PNorm = 92.5765, GNorm = 0.0673, lr_0 = 1.7470e-04
Loss = 7.0433e-04, PNorm = 92.5769, GNorm = 0.1848, lr_0 = 1.7462e-04
Loss = 1.9760e-03, PNorm = 92.5772, GNorm = 0.1057, lr_0 = 1.7454e-04
Loss = 1.6184e-03, PNorm = 92.5771, GNorm = 0.1391, lr_0 = 1.7446e-04
Loss = 1.8046e-03, PNorm = 92.5793, GNorm = 0.2485, lr_0 = 1.7438e-04
Loss = 1.4208e-03, PNorm = 92.5792, GNorm = 0.1138, lr_0 = 1.7430e-04
Loss = 8.3899e-04, PNorm = 92.5805, GNorm = 0.1470, lr_0 = 1.7422e-04
Loss = 1.5566e-03, PNorm = 92.5798, GNorm = 0.0672, lr_0 = 1.7414e-04
Loss = 1.1225e-03, PNorm = 92.5800, GNorm = 0.1672, lr_0 = 1.7406e-04
Loss = 2.1351e-03, PNorm = 92.5806, GNorm = 0.0913, lr_0 = 1.7398e-04
Loss = 2.2106e-03, PNorm = 92.5811, GNorm = 0.1268, lr_0 = 1.7390e-04
Loss = 8.5541e-04, PNorm = 92.5809, GNorm = 0.0330, lr_0 = 1.7382e-04
Loss = 2.2155e-03, PNorm = 92.5803, GNorm = 0.0961, lr_0 = 1.7373e-04
Loss = 2.6417e-03, PNorm = 92.5807, GNorm = 0.3977, lr_0 = 1.7365e-04
Loss = 3.5457e-03, PNorm = 92.5811, GNorm = 0.2470, lr_0 = 1.7357e-04
Loss = 2.0121e-03, PNorm = 92.5805, GNorm = 0.0863, lr_0 = 1.7349e-04
Loss = 4.6351e-04, PNorm = 92.5811, GNorm = 0.0696, lr_0 = 1.7341e-04
Loss = 2.4550e-03, PNorm = 92.5823, GNorm = 0.0686, lr_0 = 1.7333e-04
Loss = 1.9300e-03, PNorm = 92.5836, GNorm = 0.1505, lr_0 = 1.7325e-04
Loss = 1.0880e-03, PNorm = 92.5835, GNorm = 0.0580, lr_0 = 1.7317e-04
Loss = 4.7820e-04, PNorm = 92.5831, GNorm = 0.1146, lr_0 = 1.7309e-04
Loss = 7.6478e-04, PNorm = 92.5836, GNorm = 0.0760, lr_0 = 1.7301e-04
Loss = 1.3404e-03, PNorm = 92.5850, GNorm = 0.1278, lr_0 = 1.7293e-04
Loss = 9.7551e-04, PNorm = 92.5858, GNorm = 0.0361, lr_0 = 1.7285e-04
Loss = 1.5939e-03, PNorm = 92.5855, GNorm = 0.0537, lr_0 = 1.7277e-04
Loss = 1.3659e-03, PNorm = 92.5844, GNorm = 0.0758, lr_0 = 1.7269e-04
Loss = 2.5696e-03, PNorm = 92.5843, GNorm = 0.1578, lr_0 = 1.7261e-04
Loss = 2.6106e-03, PNorm = 92.5845, GNorm = 0.1563, lr_0 = 1.7253e-04
Loss = 1.3420e-03, PNorm = 92.5859, GNorm = 0.1157, lr_0 = 1.7245e-04
Loss = 1.3071e-03, PNorm = 92.5865, GNorm = 0.1821, lr_0 = 1.7237e-04
Loss = 2.7324e-03, PNorm = 92.5867, GNorm = 0.1178, lr_0 = 1.7229e-04
Loss = 1.9912e-03, PNorm = 92.5875, GNorm = 0.1704, lr_0 = 1.7221e-04
Loss = 8.9945e-04, PNorm = 92.5876, GNorm = 0.0471, lr_0 = 1.7213e-04
Loss = 1.3026e-03, PNorm = 92.5860, GNorm = 0.0626, lr_0 = 1.7205e-04
Loss = 2.1044e-03, PNorm = 92.5852, GNorm = 0.2345, lr_0 = 1.7197e-04
Loss = 1.5749e-03, PNorm = 92.5845, GNorm = 0.0781, lr_0 = 1.7189e-04
Loss = 3.9622e-03, PNorm = 92.5856, GNorm = 0.1085, lr_0 = 1.7181e-04
Loss = 1.9345e-03, PNorm = 92.5876, GNorm = 0.1020, lr_0 = 1.7173e-04
Loss = 1.2892e-03, PNorm = 92.5875, GNorm = 0.2232, lr_0 = 1.7165e-04
Loss = 8.3140e-04, PNorm = 92.5887, GNorm = 0.0728, lr_0 = 1.7157e-04
Loss = 3.4622e-03, PNorm = 92.5885, GNorm = 0.0989, lr_0 = 1.7149e-04
Loss = 1.8916e-03, PNorm = 92.5893, GNorm = 0.0839, lr_0 = 1.7142e-04
Loss = 7.9377e-04, PNorm = 92.5891, GNorm = 0.0241, lr_0 = 1.7134e-04
Loss = 2.2683e-03, PNorm = 92.5890, GNorm = 0.1277, lr_0 = 1.7126e-04
Loss = 1.9843e-03, PNorm = 92.5887, GNorm = 0.0526, lr_0 = 1.7118e-04
Loss = 2.8896e-03, PNorm = 92.5900, GNorm = 0.0737, lr_0 = 1.7110e-04
Loss = 1.5928e-03, PNorm = 92.5912, GNorm = 0.0255, lr_0 = 1.7102e-04
Loss = 1.6363e-03, PNorm = 92.5923, GNorm = 0.0900, lr_0 = 1.7094e-04
Loss = 5.4183e-04, PNorm = 92.5925, GNorm = 0.0255, lr_0 = 1.7086e-04
Loss = 2.7099e-03, PNorm = 92.5923, GNorm = 0.1835, lr_0 = 1.7078e-04
Loss = 1.3664e-03, PNorm = 92.5925, GNorm = 0.0238, lr_0 = 1.7070e-04
Loss = 2.9168e-03, PNorm = 92.5917, GNorm = 0.0878, lr_0 = 1.7062e-04
Loss = 1.9714e-03, PNorm = 92.5914, GNorm = 0.1423, lr_0 = 1.7054e-04
Loss = 1.9081e-03, PNorm = 92.5911, GNorm = 0.3376, lr_0 = 1.7046e-04
Loss = 1.0690e-03, PNorm = 92.5918, GNorm = 0.0732, lr_0 = 1.7039e-04
Loss = 2.7558e-03, PNorm = 92.5910, GNorm = 0.1098, lr_0 = 1.7031e-04
Loss = 1.6703e-03, PNorm = 92.5911, GNorm = 0.1148, lr_0 = 1.7023e-04
Loss = 6.8215e-04, PNorm = 92.5909, GNorm = 0.0567, lr_0 = 1.7015e-04
Loss = 2.0053e-03, PNorm = 92.5917, GNorm = 0.1433, lr_0 = 1.7007e-04
Loss = 1.1153e-03, PNorm = 92.5931, GNorm = 0.1040, lr_0 = 1.6999e-04
Loss = 5.3686e-04, PNorm = 92.5937, GNorm = 0.0611, lr_0 = 1.6991e-04
Loss = 1.3219e-03, PNorm = 92.5936, GNorm = 0.0358, lr_0 = 1.6983e-04
Loss = 1.6234e-03, PNorm = 92.5938, GNorm = 0.0659, lr_0 = 1.6976e-04
Loss = 9.9088e-04, PNorm = 92.5947, GNorm = 0.0548, lr_0 = 1.6968e-04
Loss = 2.1768e-03, PNorm = 92.5952, GNorm = 0.1538, lr_0 = 1.6960e-04
Loss = 2.3448e-03, PNorm = 92.5955, GNorm = 0.1844, lr_0 = 1.6952e-04
Loss = 2.1910e-03, PNorm = 92.5962, GNorm = 0.1090, lr_0 = 1.6944e-04
Loss = 1.9892e-03, PNorm = 92.5966, GNorm = 0.0960, lr_0 = 1.6936e-04
Loss = 1.6604e-03, PNorm = 92.5988, GNorm = 0.0689, lr_0 = 1.6928e-04
Loss = 1.7279e-03, PNorm = 92.5986, GNorm = 0.1931, lr_0 = 1.6921e-04
Loss = 2.2045e-03, PNorm = 92.5989, GNorm = 0.3314, lr_0 = 1.6913e-04
Loss = 1.2709e-03, PNorm = 92.5991, GNorm = 0.1063, lr_0 = 1.6905e-04
Loss = 2.2537e-03, PNorm = 92.6009, GNorm = 0.0624, lr_0 = 1.6897e-04
Loss = 2.1739e-03, PNorm = 92.6010, GNorm = 0.2011, lr_0 = 1.6889e-04
Loss = 1.4582e-03, PNorm = 92.6011, GNorm = 0.0878, lr_0 = 1.6881e-04
Loss = 1.3566e-03, PNorm = 92.6013, GNorm = 0.2753, lr_0 = 1.6874e-04
Loss = 1.1852e-03, PNorm = 92.6021, GNorm = 0.2092, lr_0 = 1.6866e-04
Loss = 2.3495e-03, PNorm = 92.6025, GNorm = 0.0738, lr_0 = 1.6858e-04
Loss = 2.7613e-03, PNorm = 92.6039, GNorm = 0.0957, lr_0 = 1.6850e-04
Loss = 1.9412e-03, PNorm = 92.6034, GNorm = 0.1060, lr_0 = 1.6842e-04
Loss = 3.4891e-03, PNorm = 92.6023, GNorm = 0.1662, lr_0 = 1.6835e-04
Loss = 1.0085e-03, PNorm = 92.6024, GNorm = 0.1227, lr_0 = 1.6827e-04
Loss = 1.6142e-03, PNorm = 92.6026, GNorm = 0.1616, lr_0 = 1.6819e-04
Loss = 1.7448e-03, PNorm = 92.6028, GNorm = 0.0512, lr_0 = 1.6811e-04
Loss = 1.9913e-03, PNorm = 92.6026, GNorm = 0.1834, lr_0 = 1.6803e-04
Loss = 1.4964e-03, PNorm = 92.6032, GNorm = 0.1550, lr_0 = 1.6796e-04
Loss = 2.7057e-03, PNorm = 92.6033, GNorm = 0.0596, lr_0 = 1.6788e-04
Loss = 1.4345e-03, PNorm = 92.6038, GNorm = 0.0405, lr_0 = 1.6780e-04
Loss = 1.7517e-03, PNorm = 92.6031, GNorm = 0.1171, lr_0 = 1.6772e-04
Loss = 1.8272e-03, PNorm = 92.6039, GNorm = 0.1601, lr_0 = 1.6764e-04
Loss = 1.9089e-03, PNorm = 92.6053, GNorm = 0.1784, lr_0 = 1.6757e-04
Loss = 2.0273e-03, PNorm = 92.6057, GNorm = 0.2633, lr_0 = 1.6749e-04
Loss = 3.5943e-03, PNorm = 92.6056, GNorm = 0.2249, lr_0 = 1.6741e-04
Loss = 2.9578e-03, PNorm = 92.6052, GNorm = 0.0721, lr_0 = 1.6733e-04
Loss = 1.7161e-03, PNorm = 92.6042, GNorm = 0.0855, lr_0 = 1.6726e-04
Loss = 8.3859e-04, PNorm = 92.6051, GNorm = 0.0955, lr_0 = 1.6718e-04
Loss = 1.5110e-03, PNorm = 92.6061, GNorm = 0.1412, lr_0 = 1.6710e-04
Loss = 1.6840e-03, PNorm = 92.6072, GNorm = 0.1579, lr_0 = 1.6702e-04
Loss = 1.7260e-03, PNorm = 92.6078, GNorm = 0.1783, lr_0 = 1.6695e-04
Loss = 2.6250e-03, PNorm = 92.6086, GNorm = 0.0878, lr_0 = 1.6687e-04
Loss = 1.8497e-03, PNorm = 92.6098, GNorm = 0.0861, lr_0 = 1.6679e-04
Loss = 1.2112e-03, PNorm = 92.6104, GNorm = 0.1288, lr_0 = 1.6671e-04
Loss = 1.6047e-03, PNorm = 92.6097, GNorm = 0.0835, lr_0 = 1.6664e-04
Loss = 5.8538e-04, PNorm = 92.6104, GNorm = 0.0669, lr_0 = 1.6656e-04
Loss = 1.1031e-03, PNorm = 92.6098, GNorm = 0.1168, lr_0 = 1.6648e-04
Loss = 1.0782e-03, PNorm = 92.6093, GNorm = 0.0879, lr_0 = 1.6641e-04
Loss = 1.8656e-03, PNorm = 92.6100, GNorm = 0.1248, lr_0 = 1.6633e-04
Loss = 1.5570e-03, PNorm = 92.6098, GNorm = 0.1547, lr_0 = 1.6625e-04
Loss = 5.9998e-04, PNorm = 92.6110, GNorm = 0.1759, lr_0 = 1.6617e-04
Loss = 1.3445e-03, PNorm = 92.6108, GNorm = 0.1587, lr_0 = 1.6610e-04
Loss = 8.0307e-04, PNorm = 92.6121, GNorm = 0.0308, lr_0 = 1.6602e-04
Loss = 1.0532e-03, PNorm = 92.6115, GNorm = 0.0829, lr_0 = 1.6594e-04
Loss = 1.1113e-03, PNorm = 92.6118, GNorm = 0.0169, lr_0 = 1.6587e-04
Loss = 1.6029e-03, PNorm = 92.6114, GNorm = 0.0436, lr_0 = 1.6579e-04
Loss = 1.5513e-03, PNorm = 92.6121, GNorm = 0.1575, lr_0 = 1.6571e-04
Loss = 1.1440e-03, PNorm = 92.6125, GNorm = 0.0901, lr_0 = 1.6564e-04
Loss = 1.2483e-03, PNorm = 92.6118, GNorm = 0.2063, lr_0 = 1.6556e-04
Loss = 1.7206e-03, PNorm = 92.6124, GNorm = 0.1387, lr_0 = 1.6548e-04
Loss = 1.5143e-03, PNorm = 92.6128, GNorm = 0.1031, lr_0 = 1.6541e-04
Loss = 1.0839e-03, PNorm = 92.6135, GNorm = 0.1120, lr_0 = 1.6533e-04
Loss = 1.7526e-03, PNorm = 92.6141, GNorm = 0.0672, lr_0 = 1.6525e-04
Loss = 7.8570e-04, PNorm = 92.6148, GNorm = 0.0832, lr_0 = 1.6518e-04
Loss = 2.1741e-03, PNorm = 92.6149, GNorm = 0.1582, lr_0 = 1.6510e-04
Loss = 9.8191e-04, PNorm = 92.6149, GNorm = 0.0678, lr_0 = 1.6502e-04
Loss = 8.9032e-04, PNorm = 92.6146, GNorm = 0.0256, lr_0 = 1.6495e-04
Loss = 2.6749e-03, PNorm = 92.6148, GNorm = 0.0668, lr_0 = 1.6487e-04
Loss = 2.6895e-03, PNorm = 92.6152, GNorm = 0.0856, lr_0 = 1.6479e-04
Loss = 8.3973e-04, PNorm = 92.6154, GNorm = 0.0583, lr_0 = 1.6472e-04
Loss = 1.3897e-03, PNorm = 92.6164, GNorm = 0.0773, lr_0 = 1.6464e-04
Loss = 1.1774e-03, PNorm = 92.6163, GNorm = 0.0680, lr_0 = 1.6457e-04
Loss = 1.2524e-03, PNorm = 92.6154, GNorm = 0.1169, lr_0 = 1.6449e-04
Loss = 1.2966e-03, PNorm = 92.6166, GNorm = 0.0272, lr_0 = 1.6441e-04
Loss = 1.2619e-03, PNorm = 92.6160, GNorm = 0.0261, lr_0 = 1.6434e-04
Loss = 1.4673e-03, PNorm = 92.6167, GNorm = 0.2450, lr_0 = 1.6426e-04
Loss = 2.0877e-03, PNorm = 92.6176, GNorm = 0.1423, lr_0 = 1.6418e-04
Loss = 1.9620e-03, PNorm = 92.6182, GNorm = 0.0605, lr_0 = 1.6411e-04
Loss = 1.4473e-03, PNorm = 92.6185, GNorm = 0.1570, lr_0 = 1.6403e-04
Loss = 1.6678e-03, PNorm = 92.6195, GNorm = 0.1029, lr_0 = 1.6396e-04
Loss = 1.6693e-03, PNorm = 92.6200, GNorm = 0.0729, lr_0 = 1.6388e-04
Loss = 2.1658e-03, PNorm = 92.6207, GNorm = 0.0814, lr_0 = 1.6380e-04
Loss = 1.7584e-03, PNorm = 92.6201, GNorm = 0.1578, lr_0 = 1.6373e-04
Loss = 8.4588e-04, PNorm = 92.6198, GNorm = 0.0651, lr_0 = 1.6365e-04
Loss = 1.7992e-03, PNorm = 92.6195, GNorm = 0.0227, lr_0 = 1.6358e-04
Loss = 1.3878e-03, PNorm = 92.6202, GNorm = 0.0353, lr_0 = 1.6350e-04
Loss = 2.7917e-03, PNorm = 92.6214, GNorm = 0.1364, lr_0 = 1.6343e-04
Loss = 1.3337e-03, PNorm = 92.6221, GNorm = 0.1957, lr_0 = 1.6335e-04
Loss = 1.5154e-03, PNorm = 92.6233, GNorm = 0.0941, lr_0 = 1.6327e-04
Loss = 1.7064e-03, PNorm = 92.6236, GNorm = 0.0857, lr_0 = 1.6320e-04
Loss = 1.0277e-03, PNorm = 92.6245, GNorm = 0.1326, lr_0 = 1.6312e-04
Loss = 1.0688e-03, PNorm = 92.6251, GNorm = 0.0272, lr_0 = 1.6305e-04
Loss = 1.5096e-03, PNorm = 92.6253, GNorm = 0.0515, lr_0 = 1.6297e-04
Loss = 1.0847e-03, PNorm = 92.6256, GNorm = 0.1745, lr_0 = 1.6290e-04
Loss = 1.5350e-03, PNorm = 92.6256, GNorm = 0.0294, lr_0 = 1.6282e-04
Loss = 1.1985e-03, PNorm = 92.6262, GNorm = 0.0866, lr_0 = 1.6275e-04
Loss = 2.3034e-03, PNorm = 92.6256, GNorm = 0.1144, lr_0 = 1.6267e-04
Loss = 2.1497e-03, PNorm = 92.6254, GNorm = 0.1403, lr_0 = 1.6259e-04
Loss = 1.9932e-03, PNorm = 92.6267, GNorm = 0.0383, lr_0 = 1.6252e-04
Loss = 1.4137e-03, PNorm = 92.6276, GNorm = 0.2125, lr_0 = 1.6244e-04
Loss = 3.9946e-04, PNorm = 92.6291, GNorm = 0.0239, lr_0 = 1.6237e-04
Loss = 2.9351e-03, PNorm = 92.6293, GNorm = 0.1056, lr_0 = 1.6229e-04
Loss = 1.2356e-03, PNorm = 92.6296, GNorm = 0.0814, lr_0 = 1.6222e-04
Loss = 2.3920e-03, PNorm = 92.6302, GNorm = 0.1064, lr_0 = 1.6214e-04
Loss = 1.4805e-03, PNorm = 92.6310, GNorm = 0.1439, lr_0 = 1.6207e-04
Loss = 8.2615e-04, PNorm = 92.6310, GNorm = 0.1329, lr_0 = 1.6199e-04
Loss = 1.0933e-03, PNorm = 92.6305, GNorm = 0.1886, lr_0 = 1.6192e-04
Loss = 9.8353e-04, PNorm = 92.6301, GNorm = 0.1002, lr_0 = 1.6184e-04
Loss = 1.9102e-03, PNorm = 92.6294, GNorm = 0.1320, lr_0 = 1.6177e-04
Loss = 1.2239e-03, PNorm = 92.6300, GNorm = 0.1439, lr_0 = 1.6169e-04
Loss = 2.0337e-03, PNorm = 92.6305, GNorm = 0.1396, lr_0 = 1.6162e-04
Loss = 1.6376e-03, PNorm = 92.6309, GNorm = 0.0841, lr_0 = 1.6154e-04
Loss = 1.1507e-03, PNorm = 92.6314, GNorm = 0.0504, lr_0 = 1.6147e-04
Loss = 2.3264e-03, PNorm = 92.6319, GNorm = 0.1830, lr_0 = 1.6139e-04
Loss = 8.2130e-04, PNorm = 92.6316, GNorm = 0.0958, lr_0 = 1.6132e-04
Loss = 1.9124e-03, PNorm = 92.6314, GNorm = 0.0612, lr_0 = 1.6124e-04
Loss = 1.5709e-03, PNorm = 92.6313, GNorm = 0.1010, lr_0 = 1.6117e-04
Loss = 1.2198e-03, PNorm = 92.6320, GNorm = 0.0420, lr_0 = 1.6109e-04
Loss = 1.9013e-03, PNorm = 92.6326, GNorm = 0.1112, lr_0 = 1.6102e-04
Loss = 8.7149e-04, PNorm = 92.6341, GNorm = 0.0564, lr_0 = 1.6095e-04
Loss = 9.2231e-04, PNorm = 92.6345, GNorm = 0.0828, lr_0 = 1.6087e-04
Loss = 9.5746e-04, PNorm = 92.6346, GNorm = 0.0302, lr_0 = 1.6080e-04
Loss = 1.7985e-03, PNorm = 92.6344, GNorm = 0.2430, lr_0 = 1.6072e-04
Loss = 8.2314e-04, PNorm = 92.6352, GNorm = 0.0658, lr_0 = 1.6065e-04
Loss = 9.9362e-04, PNorm = 92.6354, GNorm = 0.0294, lr_0 = 1.6057e-04
Loss = 2.0263e-03, PNorm = 92.6349, GNorm = 0.1530, lr_0 = 1.6050e-04
Loss = 1.0622e-03, PNorm = 92.6337, GNorm = 0.0407, lr_0 = 1.6042e-04
Loss = 2.0056e-03, PNorm = 92.6339, GNorm = 0.1697, lr_0 = 1.6035e-04
Loss = 1.6868e-03, PNorm = 92.6351, GNorm = 0.0569, lr_0 = 1.6028e-04
Loss = 1.4008e-03, PNorm = 92.6357, GNorm = 0.1226, lr_0 = 1.6020e-04
Loss = 1.7671e-03, PNorm = 92.6344, GNorm = 0.0559, lr_0 = 1.6013e-04
Loss = 1.7024e-03, PNorm = 92.6342, GNorm = 0.0973, lr_0 = 1.6005e-04
Loss = 1.3312e-03, PNorm = 92.6350, GNorm = 0.0822, lr_0 = 1.5998e-04
Loss = 1.5839e-03, PNorm = 92.6359, GNorm = 0.0419, lr_0 = 1.5990e-04
Loss = 3.1521e-03, PNorm = 92.6354, GNorm = 0.0338, lr_0 = 1.5983e-04
Loss = 1.9350e-03, PNorm = 92.6367, GNorm = 0.0790, lr_0 = 1.5976e-04
Loss = 1.7849e-03, PNorm = 92.6366, GNorm = 0.0645, lr_0 = 1.5968e-04
Loss = 5.8180e-04, PNorm = 92.6362, GNorm = 0.0451, lr_0 = 1.5961e-04
Loss = 7.3248e-04, PNorm = 92.6363, GNorm = 0.1250, lr_0 = 1.5953e-04
Loss = 1.4784e-03, PNorm = 92.6363, GNorm = 0.3320, lr_0 = 1.5946e-04
Loss = 1.4298e-03, PNorm = 92.6357, GNorm = 0.1618, lr_0 = 1.5939e-04
Loss = 5.3342e-04, PNorm = 92.6360, GNorm = 0.0863, lr_0 = 1.5931e-04
Loss = 8.1899e-04, PNorm = 92.6363, GNorm = 0.0587, lr_0 = 1.5924e-04
Loss = 2.4200e-03, PNorm = 92.6360, GNorm = 0.2587, lr_0 = 1.5917e-04
Loss = 4.3780e-04, PNorm = 92.6367, GNorm = 0.0609, lr_0 = 1.5909e-04
Loss = 6.5052e-04, PNorm = 92.6370, GNorm = 0.0344, lr_0 = 1.5902e-04
Loss = 1.1991e-03, PNorm = 92.6366, GNorm = 0.1420, lr_0 = 1.5894e-04
Loss = 3.0284e-03, PNorm = 92.6371, GNorm = 0.0815, lr_0 = 1.5887e-04
Loss = 1.4242e-03, PNorm = 92.6364, GNorm = 0.0561, lr_0 = 1.5880e-04
Loss = 1.1393e-03, PNorm = 92.6366, GNorm = 0.0412, lr_0 = 1.5872e-04
Loss = 1.9816e-03, PNorm = 92.6357, GNorm = 0.1736, lr_0 = 1.5865e-04
Loss = 1.5189e-03, PNorm = 92.6361, GNorm = 0.0692, lr_0 = 1.5858e-04
Loss = 5.2930e-04, PNorm = 92.6367, GNorm = 0.0699, lr_0 = 1.5850e-04
Loss = 1.3861e-03, PNorm = 92.6374, GNorm = 0.0867, lr_0 = 1.5843e-04
Loss = 1.8212e-03, PNorm = 92.6388, GNorm = 0.0708, lr_0 = 1.5836e-04
Loss = 2.0348e-03, PNorm = 92.6392, GNorm = 0.1011, lr_0 = 1.5828e-04
Loss = 8.6310e-04, PNorm = 92.6407, GNorm = 0.0763, lr_0 = 1.5821e-04
Loss = 1.3132e-03, PNorm = 92.6405, GNorm = 0.1563, lr_0 = 1.5814e-04
Loss = 2.9545e-03, PNorm = 92.6403, GNorm = 0.1100, lr_0 = 1.5806e-04
Loss = 2.9476e-03, PNorm = 92.6405, GNorm = 0.2406, lr_0 = 1.5799e-04
Loss = 1.8497e-03, PNorm = 92.6397, GNorm = 0.0700, lr_0 = 1.5792e-04
Loss = 2.0486e-03, PNorm = 92.6406, GNorm = 0.0833, lr_0 = 1.5784e-04
Loss = 8.1078e-04, PNorm = 92.6405, GNorm = 0.1338, lr_0 = 1.5777e-04
Loss = 3.0736e-03, PNorm = 92.6407, GNorm = 0.0941, lr_0 = 1.5770e-04
Loss = 1.5568e-03, PNorm = 92.6416, GNorm = 0.1164, lr_0 = 1.5762e-04
Loss = 2.2402e-03, PNorm = 92.6429, GNorm = 0.0648, lr_0 = 1.5755e-04
Loss = 2.2012e-03, PNorm = 92.6439, GNorm = 0.5616, lr_0 = 1.5748e-04
Loss = 1.1808e-03, PNorm = 92.6457, GNorm = 0.2171, lr_0 = 1.5740e-04
Loss = 9.5318e-04, PNorm = 92.6464, GNorm = 0.0877, lr_0 = 1.5733e-04
Loss = 1.4062e-03, PNorm = 92.6470, GNorm = 0.0191, lr_0 = 1.5726e-04
Loss = 1.0376e-03, PNorm = 92.6466, GNorm = 0.1634, lr_0 = 1.5719e-04
Loss = 1.1335e-03, PNorm = 92.6467, GNorm = 0.0356, lr_0 = 1.5711e-04
Loss = 1.1753e-03, PNorm = 92.6464, GNorm = 0.0345, lr_0 = 1.5704e-04
Loss = 8.5969e-04, PNorm = 92.6461, GNorm = 0.0413, lr_0 = 1.5697e-04
Loss = 2.9976e-03, PNorm = 92.6471, GNorm = 0.1254, lr_0 = 1.5689e-04
Loss = 6.9458e-04, PNorm = 92.6475, GNorm = 0.0936, lr_0 = 1.5682e-04
Loss = 1.6546e-03, PNorm = 92.6468, GNorm = 0.2036, lr_0 = 1.5675e-04
Loss = 1.5394e-03, PNorm = 92.6460, GNorm = 0.0604, lr_0 = 1.5668e-04
Loss = 1.4885e-03, PNorm = 92.6456, GNorm = 0.0571, lr_0 = 1.5660e-04
Loss = 1.8759e-03, PNorm = 92.6457, GNorm = 0.2018, lr_0 = 1.5653e-04
Loss = 1.7623e-03, PNorm = 92.6459, GNorm = 0.1141, lr_0 = 1.5646e-04
Loss = 2.0859e-03, PNorm = 92.6461, GNorm = 0.1067, lr_0 = 1.5639e-04
Loss = 1.6675e-03, PNorm = 92.6479, GNorm = 0.0432, lr_0 = 1.5631e-04
Loss = 1.4794e-03, PNorm = 92.6490, GNorm = 0.1480, lr_0 = 1.5624e-04
Loss = 9.3464e-04, PNorm = 92.6486, GNorm = 0.0614, lr_0 = 1.5617e-04
Loss = 3.1687e-03, PNorm = 92.6491, GNorm = 0.0845, lr_0 = 1.5610e-04
Loss = 2.5691e-03, PNorm = 92.6496, GNorm = 0.2319, lr_0 = 1.5602e-04
Loss = 9.1199e-04, PNorm = 92.6502, GNorm = 0.2279, lr_0 = 1.5595e-04
Loss = 1.6238e-03, PNorm = 92.6513, GNorm = 0.1034, lr_0 = 1.5588e-04
Loss = 1.2064e-03, PNorm = 92.6517, GNorm = 0.2015, lr_0 = 1.5581e-04
Loss = 2.8399e-03, PNorm = 92.6530, GNorm = 0.1508, lr_0 = 1.5574e-04
Loss = 1.7069e-03, PNorm = 92.6533, GNorm = 0.0715, lr_0 = 1.5566e-04
Loss = 1.9523e-03, PNorm = 92.6530, GNorm = 0.1139, lr_0 = 1.5559e-04
Loss = 6.6714e-04, PNorm = 92.6532, GNorm = 0.1280, lr_0 = 1.5552e-04
Loss = 1.6652e-03, PNorm = 92.6535, GNorm = 0.1188, lr_0 = 1.5545e-04
Loss = 8.2244e-04, PNorm = 92.6535, GNorm = 0.1223, lr_0 = 1.5538e-04
Loss = 2.5551e-03, PNorm = 92.6537, GNorm = 0.0301, lr_0 = 1.5530e-04
Loss = 2.3865e-03, PNorm = 92.6537, GNorm = 0.1200, lr_0 = 1.5523e-04
Loss = 1.4443e-03, PNorm = 92.6546, GNorm = 0.2100, lr_0 = 1.5516e-04
Loss = 2.7260e-03, PNorm = 92.6544, GNorm = 0.2009, lr_0 = 1.5509e-04
Loss = 1.6540e-03, PNorm = 92.6539, GNorm = 0.4216, lr_0 = 1.5502e-04
Loss = 1.0876e-03, PNorm = 92.6532, GNorm = 0.2142, lr_0 = 1.5494e-04
Loss = 1.5695e-03, PNorm = 92.6539, GNorm = 0.1071, lr_0 = 1.5487e-04
Loss = 1.6569e-03, PNorm = 92.6553, GNorm = 0.0945, lr_0 = 1.5480e-04
Loss = 1.5506e-03, PNorm = 92.6566, GNorm = 0.0869, lr_0 = 1.5473e-04
Loss = 2.0449e-03, PNorm = 92.6575, GNorm = 0.1265, lr_0 = 1.5466e-04
Loss = 5.4568e-04, PNorm = 92.6576, GNorm = 0.0554, lr_0 = 1.5459e-04
Loss = 2.5126e-03, PNorm = 92.6582, GNorm = 0.0616, lr_0 = 1.5451e-04
Loss = 2.4107e-03, PNorm = 92.6580, GNorm = 0.0568, lr_0 = 1.5444e-04
Loss = 6.0737e-04, PNorm = 92.6588, GNorm = 0.0502, lr_0 = 1.5437e-04
Loss = 2.8504e-03, PNorm = 92.6582, GNorm = 0.2776, lr_0 = 1.5430e-04
Loss = 8.7371e-04, PNorm = 92.6580, GNorm = 0.0918, lr_0 = 1.5423e-04
Loss = 1.8137e-03, PNorm = 92.6596, GNorm = 0.2309, lr_0 = 1.5416e-04
Loss = 9.7107e-04, PNorm = 92.6587, GNorm = 0.1417, lr_0 = 1.5408e-04
Loss = 1.1846e-03, PNorm = 92.6585, GNorm = 0.0645, lr_0 = 1.5401e-04
Loss = 6.8222e-04, PNorm = 92.6585, GNorm = 0.0819, lr_0 = 1.5394e-04
Loss = 1.6024e-03, PNorm = 92.6590, GNorm = 0.1237, lr_0 = 1.5387e-04
Loss = 1.5912e-03, PNorm = 92.6603, GNorm = 0.0956, lr_0 = 1.5380e-04
Loss = 1.4106e-03, PNorm = 92.6610, GNorm = 0.1479, lr_0 = 1.5373e-04
Loss = 2.4803e-03, PNorm = 92.6604, GNorm = 0.0881, lr_0 = 1.5366e-04
Loss = 1.1300e-03, PNorm = 92.6612, GNorm = 0.0729, lr_0 = 1.5359e-04
Loss = 2.4744e-03, PNorm = 92.6621, GNorm = 0.0553, lr_0 = 1.5351e-04
Loss = 1.2538e-03, PNorm = 92.6613, GNorm = 0.0474, lr_0 = 1.5344e-04
Loss = 1.4666e-03, PNorm = 92.6614, GNorm = 0.1546, lr_0 = 1.5337e-04
Loss = 6.6282e-04, PNorm = 92.6623, GNorm = 0.0674, lr_0 = 1.5330e-04
Loss = 2.3681e-03, PNorm = 92.6627, GNorm = 0.1923, lr_0 = 1.5323e-04
Loss = 1.4280e-03, PNorm = 92.6635, GNorm = 0.1741, lr_0 = 1.5316e-04
Loss = 1.6789e-03, PNorm = 92.6635, GNorm = 0.1200, lr_0 = 1.5309e-04
Loss = 2.0479e-03, PNorm = 92.6632, GNorm = 0.0489, lr_0 = 1.5302e-04
Loss = 1.8122e-03, PNorm = 92.6648, GNorm = 0.1255, lr_0 = 1.5295e-04
Loss = 2.3112e-03, PNorm = 92.6659, GNorm = 0.0904, lr_0 = 1.5288e-04
Loss = 1.8151e-03, PNorm = 92.6657, GNorm = 0.1083, lr_0 = 1.5280e-04
Loss = 1.2262e-03, PNorm = 92.6650, GNorm = 0.1482, lr_0 = 1.5273e-04
Loss = 8.0609e-04, PNorm = 92.6654, GNorm = 0.0438, lr_0 = 1.5266e-04
Loss = 2.4428e-03, PNorm = 92.6655, GNorm = 0.0875, lr_0 = 1.5259e-04
Loss = 1.0163e-03, PNorm = 92.6651, GNorm = 0.0682, lr_0 = 1.5252e-04
Loss = 1.9501e-03, PNorm = 92.6656, GNorm = 0.0539, lr_0 = 1.5245e-04
Loss = 1.2269e-03, PNorm = 92.6660, GNorm = 0.0527, lr_0 = 1.5238e-04
Loss = 1.2773e-03, PNorm = 92.6666, GNorm = 0.1868, lr_0 = 1.5231e-04
Loss = 6.9592e-04, PNorm = 92.6669, GNorm = 0.0628, lr_0 = 1.5224e-04
Loss = 1.4872e-03, PNorm = 92.6668, GNorm = 0.1471, lr_0 = 1.5217e-04
Loss = 1.5463e-03, PNorm = 92.6672, GNorm = 0.1105, lr_0 = 1.5210e-04
Loss = 1.1619e-03, PNorm = 92.6692, GNorm = 0.0333, lr_0 = 1.5203e-04
Loss = 1.2079e-03, PNorm = 92.6695, GNorm = 0.0429, lr_0 = 1.5196e-04
Loss = 1.4650e-03, PNorm = 92.6691, GNorm = 0.0282, lr_0 = 1.5189e-04
Loss = 1.2544e-03, PNorm = 92.6690, GNorm = 0.0604, lr_0 = 1.5182e-04
Loss = 2.1397e-03, PNorm = 92.6687, GNorm = 0.0196, lr_0 = 1.5175e-04
Loss = 1.2623e-03, PNorm = 92.6685, GNorm = 0.1341, lr_0 = 1.5168e-04
Loss = 2.4656e-03, PNorm = 92.6687, GNorm = 0.0349, lr_0 = 1.5161e-04
Loss = 1.1608e-03, PNorm = 92.6679, GNorm = 0.2773, lr_0 = 1.5154e-04
Loss = 1.2778e-03, PNorm = 92.6678, GNorm = 0.0506, lr_0 = 1.5147e-04
Loss = 2.0249e-03, PNorm = 92.6666, GNorm = 0.1192, lr_0 = 1.5139e-04
Loss = 1.6874e-03, PNorm = 92.6684, GNorm = 0.0896, lr_0 = 1.5132e-04
Loss = 2.0485e-03, PNorm = 92.6694, GNorm = 0.0548, lr_0 = 1.5125e-04
Loss = 1.7082e-03, PNorm = 92.6700, GNorm = 0.1523, lr_0 = 1.5118e-04
Loss = 8.9270e-04, PNorm = 92.6710, GNorm = 0.1189, lr_0 = 1.5111e-04
Loss = 9.7191e-04, PNorm = 92.6712, GNorm = 0.1807, lr_0 = 1.5104e-04
Loss = 2.2431e-03, PNorm = 92.6706, GNorm = 0.0704, lr_0 = 1.5097e-04
Loss = 2.3857e-03, PNorm = 92.6705, GNorm = 0.1049, lr_0 = 1.5090e-04
Loss = 1.3372e-03, PNorm = 92.6715, GNorm = 0.0202, lr_0 = 1.5083e-04
Loss = 2.7486e-03, PNorm = 92.6722, GNorm = 0.0665, lr_0 = 1.5076e-04
Loss = 1.6909e-03, PNorm = 92.6734, GNorm = 0.0883, lr_0 = 1.5069e-04
Loss = 1.6617e-03, PNorm = 92.6724, GNorm = 0.0705, lr_0 = 1.5063e-04
Loss = 2.2304e-03, PNorm = 92.6720, GNorm = 0.1935, lr_0 = 1.5056e-04
Loss = 1.1715e-03, PNorm = 92.6722, GNorm = 0.0867, lr_0 = 1.5049e-04
Loss = 1.3303e-03, PNorm = 92.6727, GNorm = 0.0456, lr_0 = 1.5042e-04
Loss = 1.7432e-03, PNorm = 92.6728, GNorm = 0.0991, lr_0 = 1.5035e-04
Loss = 1.0415e-03, PNorm = 92.6731, GNorm = 0.0716, lr_0 = 1.5028e-04
Loss = 2.8129e-03, PNorm = 92.6749, GNorm = 0.0539, lr_0 = 1.5021e-04
Loss = 1.4323e-03, PNorm = 92.6746, GNorm = 0.0651, lr_0 = 1.5014e-04
Loss = 1.0172e-03, PNorm = 92.6744, GNorm = 0.0737, lr_0 = 1.5007e-04
Loss = 9.3107e-04, PNorm = 92.6745, GNorm = 0.1097, lr_0 = 1.5000e-04
Loss = 2.4948e-03, PNorm = 92.6742, GNorm = 0.1058, lr_0 = 1.4993e-04
Loss = 8.1094e-04, PNorm = 92.6747, GNorm = 0.0432, lr_0 = 1.4986e-04
Loss = 1.3285e-03, PNorm = 92.6750, GNorm = 0.0277, lr_0 = 1.4979e-04
Loss = 1.2495e-03, PNorm = 92.6753, GNorm = 0.2375, lr_0 = 1.4972e-04
Loss = 2.8061e-03, PNorm = 92.6756, GNorm = 0.1355, lr_0 = 1.4965e-04
Loss = 1.6800e-03, PNorm = 92.6761, GNorm = 0.0426, lr_0 = 1.4958e-04
Loss = 1.3797e-03, PNorm = 92.6761, GNorm = 0.0628, lr_0 = 1.4951e-04
Loss = 1.8999e-03, PNorm = 92.6757, GNorm = 0.1194, lr_0 = 1.4944e-04
Loss = 2.1827e-03, PNorm = 92.6759, GNorm = 0.1156, lr_0 = 1.4937e-04
Loss = 2.4040e-03, PNorm = 92.6763, GNorm = 0.1037, lr_0 = 1.4930e-04
Loss = 1.2896e-03, PNorm = 92.6778, GNorm = 0.2043, lr_0 = 1.4924e-04
Loss = 1.2362e-03, PNorm = 92.6779, GNorm = 0.1699, lr_0 = 1.4917e-04
Loss = 1.4495e-03, PNorm = 92.6782, GNorm = 0.0883, lr_0 = 1.4910e-04
Loss = 1.7197e-03, PNorm = 92.6788, GNorm = 0.0552, lr_0 = 1.4903e-04
Loss = 1.2960e-03, PNorm = 92.6786, GNorm = 0.2079, lr_0 = 1.4896e-04
Loss = 1.1078e-03, PNorm = 92.6784, GNorm = 0.1343, lr_0 = 1.4889e-04
Loss = 3.4560e-03, PNorm = 92.6790, GNorm = 0.0863, lr_0 = 1.4882e-04
Loss = 1.5380e-03, PNorm = 92.6792, GNorm = 0.0521, lr_0 = 1.4875e-04
Loss = 3.1632e-03, PNorm = 92.6795, GNorm = 0.1989, lr_0 = 1.4868e-04
Loss = 1.2969e-03, PNorm = 92.6799, GNorm = 0.0772, lr_0 = 1.4861e-04
Loss = 2.5977e-03, PNorm = 92.6801, GNorm = 0.0758, lr_0 = 1.4855e-04
Loss = 1.9372e-03, PNorm = 92.6816, GNorm = 0.0516, lr_0 = 1.4848e-04
Loss = 1.3951e-03, PNorm = 92.6828, GNorm = 0.0607, lr_0 = 1.4841e-04
Loss = 2.0167e-03, PNorm = 92.6831, GNorm = 0.1181, lr_0 = 1.4834e-04
Loss = 1.1769e-03, PNorm = 92.6837, GNorm = 0.2811, lr_0 = 1.4827e-04
Loss = 1.7197e-03, PNorm = 92.6834, GNorm = 0.2987, lr_0 = 1.4820e-04
Loss = 1.0702e-03, PNorm = 92.6831, GNorm = 0.0453, lr_0 = 1.4813e-04
Loss = 2.3248e-03, PNorm = 92.6837, GNorm = 0.3065, lr_0 = 1.4806e-04
Loss = 1.6434e-03, PNorm = 92.6833, GNorm = 0.1837, lr_0 = 1.4800e-04
Loss = 1.1742e-03, PNorm = 92.6840, GNorm = 0.2064, lr_0 = 1.4793e-04
Loss = 2.3145e-03, PNorm = 92.6855, GNorm = 0.2194, lr_0 = 1.4786e-04
Loss = 2.0621e-03, PNorm = 92.6856, GNorm = 0.1866, lr_0 = 1.4779e-04
Loss = 2.0678e-03, PNorm = 92.6854, GNorm = 0.1547, lr_0 = 1.4772e-04
Loss = 2.0654e-03, PNorm = 92.6861, GNorm = 0.0942, lr_0 = 1.4765e-04
Loss = 1.6337e-03, PNorm = 92.6863, GNorm = 0.1129, lr_0 = 1.4758e-04
Loss = 2.0317e-03, PNorm = 92.6857, GNorm = 0.1196, lr_0 = 1.4752e-04
Loss = 1.2060e-03, PNorm = 92.6859, GNorm = 0.0393, lr_0 = 1.4745e-04
Loss = 1.8974e-03, PNorm = 92.6851, GNorm = 0.0973, lr_0 = 1.4738e-04
Loss = 1.9308e-03, PNorm = 92.6850, GNorm = 0.0732, lr_0 = 1.4731e-04
Loss = 5.2530e-04, PNorm = 92.6855, GNorm = 0.1075, lr_0 = 1.4724e-04
Loss = 1.6352e-03, PNorm = 92.6861, GNorm = 0.0534, lr_0 = 1.4717e-04
Loss = 4.0564e-04, PNorm = 92.6863, GNorm = 0.1377, lr_0 = 1.4711e-04
Loss = 1.3962e-03, PNorm = 92.6864, GNorm = 0.0785, lr_0 = 1.4704e-04
Loss = 2.3533e-03, PNorm = 92.6866, GNorm = 0.0792, lr_0 = 1.4697e-04
Loss = 2.5791e-03, PNorm = 92.6865, GNorm = 0.0430, lr_0 = 1.4690e-04
Loss = 1.4403e-03, PNorm = 92.6871, GNorm = 0.0419, lr_0 = 1.4683e-04
Loss = 3.0821e-03, PNorm = 92.6873, GNorm = 0.1530, lr_0 = 1.4677e-04
Loss = 1.9794e-03, PNorm = 92.6881, GNorm = 0.1072, lr_0 = 1.4670e-04
Loss = 1.1380e-03, PNorm = 92.6886, GNorm = 0.1228, lr_0 = 1.4663e-04
Loss = 5.2401e-04, PNorm = 92.6883, GNorm = 0.0821, lr_0 = 1.4656e-04
Loss = 8.1338e-04, PNorm = 92.6880, GNorm = 0.0356, lr_0 = 1.4649e-04
Loss = 1.2424e-03, PNorm = 92.6879, GNorm = 0.1315, lr_0 = 1.4643e-04
Loss = 2.2052e-03, PNorm = 92.6884, GNorm = 0.0807, lr_0 = 1.4636e-04
Loss = 1.4984e-03, PNorm = 92.6890, GNorm = 0.1382, lr_0 = 1.4629e-04
Loss = 9.3229e-04, PNorm = 92.6896, GNorm = 0.1037, lr_0 = 1.4622e-04
Loss = 1.4910e-03, PNorm = 92.6894, GNorm = 0.0613, lr_0 = 1.4616e-04
Loss = 1.2213e-03, PNorm = 92.6897, GNorm = 0.0477, lr_0 = 1.4609e-04
Loss = 2.3031e-03, PNorm = 92.6899, GNorm = 0.1004, lr_0 = 1.4602e-04
Loss = 2.8307e-03, PNorm = 92.6891, GNorm = 0.0930, lr_0 = 1.4595e-04
Loss = 2.4103e-03, PNorm = 92.6902, GNorm = 0.0923, lr_0 = 1.4588e-04
Loss = 9.2822e-04, PNorm = 92.6905, GNorm = 0.0403, lr_0 = 1.4582e-04
Loss = 8.4387e-04, PNorm = 92.6907, GNorm = 0.0340, lr_0 = 1.4575e-04
Loss = 1.3355e-03, PNorm = 92.6911, GNorm = 0.0497, lr_0 = 1.4568e-04
Loss = 2.3574e-03, PNorm = 92.6903, GNorm = 0.1200, lr_0 = 1.4561e-04
Loss = 9.6249e-04, PNorm = 92.6906, GNorm = 0.0252, lr_0 = 1.4555e-04
Loss = 1.5703e-03, PNorm = 92.6914, GNorm = 0.0737, lr_0 = 1.4548e-04
Loss = 1.5412e-03, PNorm = 92.6918, GNorm = 0.0800, lr_0 = 1.4541e-04
Loss = 1.7405e-03, PNorm = 92.6925, GNorm = 0.1363, lr_0 = 1.4534e-04
Loss = 1.3546e-03, PNorm = 92.6926, GNorm = 0.0943, lr_0 = 1.4528e-04
Loss = 8.6870e-04, PNorm = 92.6919, GNorm = 0.1000, lr_0 = 1.4521e-04
Loss = 1.1346e-03, PNorm = 92.6918, GNorm = 0.0800, lr_0 = 1.4514e-04
Loss = 2.4685e-03, PNorm = 92.6923, GNorm = 0.2418, lr_0 = 1.4508e-04
Loss = 1.6788e-03, PNorm = 92.6921, GNorm = 0.0591, lr_0 = 1.4501e-04
Loss = 2.0656e-03, PNorm = 92.6925, GNorm = 0.1322, lr_0 = 1.4494e-04
Loss = 9.8804e-04, PNorm = 92.6941, GNorm = 0.4787, lr_0 = 1.4487e-04
Loss = 1.0983e-03, PNorm = 92.6947, GNorm = 0.1421, lr_0 = 1.4481e-04
Loss = 5.5640e-04, PNorm = 92.6953, GNorm = 0.0302, lr_0 = 1.4474e-04
Loss = 1.4149e-03, PNorm = 92.6954, GNorm = 0.0586, lr_0 = 1.4467e-04
Loss = 2.2285e-03, PNorm = 92.6961, GNorm = 0.1454, lr_0 = 1.4461e-04
Loss = 1.4755e-03, PNorm = 92.6967, GNorm = 0.0677, lr_0 = 1.4454e-04
Loss = 2.4309e-03, PNorm = 92.6965, GNorm = 0.0770, lr_0 = 1.4447e-04
Loss = 2.0815e-03, PNorm = 92.6973, GNorm = 0.3246, lr_0 = 1.4440e-04
Loss = 3.4883e-03, PNorm = 92.6979, GNorm = 0.0789, lr_0 = 1.4434e-04
Loss = 1.1343e-03, PNorm = 92.6989, GNorm = 0.2790, lr_0 = 1.4427e-04
Loss = 2.7324e-03, PNorm = 92.6997, GNorm = 0.0909, lr_0 = 1.4420e-04
Loss = 2.7184e-03, PNorm = 92.7005, GNorm = 0.0590, lr_0 = 1.4414e-04
Loss = 1.5085e-03, PNorm = 92.6998, GNorm = 0.0465, lr_0 = 1.4407e-04
Loss = 1.5716e-03, PNorm = 92.7003, GNorm = 0.0263, lr_0 = 1.4400e-04
Loss = 3.0898e-03, PNorm = 92.7009, GNorm = 0.1572, lr_0 = 1.4394e-04
Loss = 1.0435e-03, PNorm = 92.7013, GNorm = 0.1096, lr_0 = 1.4387e-04
Loss = 2.1101e-03, PNorm = 92.7033, GNorm = 0.1361, lr_0 = 1.4380e-04
Loss = 1.1682e-03, PNorm = 92.7038, GNorm = 0.1299, lr_0 = 1.4374e-04
Loss = 1.7669e-03, PNorm = 92.7044, GNorm = 0.0888, lr_0 = 1.4367e-04
Loss = 1.9227e-03, PNorm = 92.7039, GNorm = 0.1756, lr_0 = 1.4360e-04
Loss = 1.5912e-03, PNorm = 92.7031, GNorm = 0.0791, lr_0 = 1.4354e-04
Loss = 7.6519e-04, PNorm = 92.7032, GNorm = 0.0679, lr_0 = 1.4347e-04
Loss = 1.1760e-03, PNorm = 92.7033, GNorm = 0.1838, lr_0 = 1.4340e-04
Loss = 1.1353e-03, PNorm = 92.7034, GNorm = 0.1018, lr_0 = 1.4334e-04
Loss = 1.6238e-03, PNorm = 92.7039, GNorm = 0.2967, lr_0 = 1.4327e-04
Loss = 4.9090e-04, PNorm = 92.7044, GNorm = 0.0821, lr_0 = 1.4321e-04
Loss = 1.2100e-03, PNorm = 92.7035, GNorm = 0.0655, lr_0 = 1.4314e-04
Loss = 2.7457e-03, PNorm = 92.7040, GNorm = 0.1222, lr_0 = 1.4307e-04
Loss = 1.6441e-03, PNorm = 92.7045, GNorm = 0.1281, lr_0 = 1.4301e-04
Loss = 2.6408e-03, PNorm = 92.7046, GNorm = 0.0883, lr_0 = 1.4294e-04
Loss = 1.7986e-03, PNorm = 92.7061, GNorm = 0.0867, lr_0 = 1.4287e-04
Loss = 1.7922e-03, PNorm = 92.7069, GNorm = 0.0870, lr_0 = 1.4281e-04
Loss = 1.7531e-03, PNorm = 92.7074, GNorm = 0.0911, lr_0 = 1.4274e-04
Loss = 5.3616e-04, PNorm = 92.7082, GNorm = 0.0702, lr_0 = 1.4268e-04
Loss = 1.4870e-03, PNorm = 92.7086, GNorm = 0.0228, lr_0 = 1.4261e-04
Loss = 2.0158e-03, PNorm = 92.7086, GNorm = 0.0318, lr_0 = 1.4254e-04
Loss = 7.5033e-04, PNorm = 92.7091, GNorm = 0.0717, lr_0 = 1.4248e-04
Loss = 1.1234e-03, PNorm = 92.7090, GNorm = 0.2970, lr_0 = 1.4241e-04
Loss = 1.4335e-03, PNorm = 92.7087, GNorm = 0.1931, lr_0 = 1.4235e-04
Loss = 1.8824e-03, PNorm = 92.7086, GNorm = 0.0358, lr_0 = 1.4228e-04
Loss = 2.1684e-03, PNorm = 92.7083, GNorm = 0.0416, lr_0 = 1.4221e-04
Loss = 9.6332e-04, PNorm = 92.7084, GNorm = 0.1177, lr_0 = 1.4215e-04
Loss = 1.5865e-03, PNorm = 92.7087, GNorm = 0.2132, lr_0 = 1.4208e-04
Loss = 1.2238e-03, PNorm = 92.7086, GNorm = 0.2138, lr_0 = 1.4202e-04
Loss = 2.7121e-03, PNorm = 92.7089, GNorm = 0.1233, lr_0 = 1.4195e-04
Loss = 1.8148e-03, PNorm = 92.7094, GNorm = 0.1093, lr_0 = 1.4188e-04
Loss = 1.3914e-03, PNorm = 92.7091, GNorm = 0.0919, lr_0 = 1.4182e-04
Loss = 1.3336e-03, PNorm = 92.7096, GNorm = 0.0273, lr_0 = 1.4175e-04
Loss = 1.4475e-03, PNorm = 92.7104, GNorm = 0.1002, lr_0 = 1.4169e-04
Loss = 8.6238e-04, PNorm = 92.7102, GNorm = 0.1292, lr_0 = 1.4162e-04
Loss = 1.2149e-03, PNorm = 92.7098, GNorm = 0.0781, lr_0 = 1.4156e-04
Loss = 2.7162e-03, PNorm = 92.7100, GNorm = 0.1426, lr_0 = 1.4149e-04
Loss = 1.2607e-03, PNorm = 92.7101, GNorm = 0.0951, lr_0 = 1.4142e-04
Loss = 1.3052e-03, PNorm = 92.7096, GNorm = 0.1944, lr_0 = 1.4136e-04
Loss = 2.2210e-03, PNorm = 92.7101, GNorm = 0.0682, lr_0 = 1.4129e-04
Loss = 1.6678e-03, PNorm = 92.7112, GNorm = 0.2310, lr_0 = 1.4123e-04
Loss = 1.7807e-03, PNorm = 92.7105, GNorm = 0.1074, lr_0 = 1.4116e-04
Loss = 1.7346e-03, PNorm = 92.7105, GNorm = 0.1734, lr_0 = 1.4110e-04
Loss = 8.6831e-04, PNorm = 92.7099, GNorm = 0.0748, lr_0 = 1.4103e-04
Loss = 9.6411e-04, PNorm = 92.7100, GNorm = 0.1681, lr_0 = 1.4097e-04
Loss = 1.6952e-03, PNorm = 92.7101, GNorm = 0.0448, lr_0 = 1.4090e-04
Loss = 2.1475e-03, PNorm = 92.7106, GNorm = 0.0763, lr_0 = 1.4084e-04
Loss = 1.9640e-03, PNorm = 92.7112, GNorm = 0.0910, lr_0 = 1.4077e-04
Loss = 1.2033e-03, PNorm = 92.7113, GNorm = 0.1206, lr_0 = 1.4071e-04
Loss = 1.5114e-03, PNorm = 92.7120, GNorm = 0.0999, lr_0 = 1.4064e-04
Loss = 2.9228e-03, PNorm = 92.7122, GNorm = 0.1502, lr_0 = 1.4058e-04
Loss = 2.4759e-03, PNorm = 92.7120, GNorm = 0.0723, lr_0 = 1.4051e-04
Loss = 2.5501e-03, PNorm = 92.7115, GNorm = 0.1232, lr_0 = 1.4045e-04
Loss = 1.3733e-03, PNorm = 92.7124, GNorm = 0.1003, lr_0 = 1.4038e-04
Loss = 3.3027e-03, PNorm = 92.7134, GNorm = 0.0730, lr_0 = 1.4031e-04
Loss = 1.6217e-03, PNorm = 92.7146, GNorm = 0.0978, lr_0 = 1.4025e-04
Loss = 2.0353e-03, PNorm = 92.7153, GNorm = 0.0557, lr_0 = 1.4018e-04
Loss = 1.4011e-03, PNorm = 92.7149, GNorm = 0.1003, lr_0 = 1.4012e-04
Loss = 1.7087e-03, PNorm = 92.7155, GNorm = 0.0427, lr_0 = 1.4006e-04
Loss = 2.1357e-03, PNorm = 92.7163, GNorm = 0.1370, lr_0 = 1.3999e-04
Loss = 1.9215e-03, PNorm = 92.7160, GNorm = 0.2219, lr_0 = 1.3993e-04
Loss = 1.0099e-03, PNorm = 92.7160, GNorm = 0.1210, lr_0 = 1.3986e-04
Loss = 1.0686e-03, PNorm = 92.7166, GNorm = 0.1113, lr_0 = 1.3980e-04
Loss = 1.6415e-03, PNorm = 92.7164, GNorm = 0.1659, lr_0 = 1.3973e-04
Loss = 1.6314e-03, PNorm = 92.7165, GNorm = 0.0661, lr_0 = 1.3967e-04
Loss = 1.3728e-03, PNorm = 92.7163, GNorm = 0.0193, lr_0 = 1.3960e-04
Loss = 1.8293e-03, PNorm = 92.7161, GNorm = 0.0318, lr_0 = 1.3954e-04
Loss = 2.6514e-03, PNorm = 92.7168, GNorm = 0.0948, lr_0 = 1.3947e-04
Loss = 2.3141e-03, PNorm = 92.7165, GNorm = 0.3871, lr_0 = 1.3941e-04
Loss = 1.3628e-03, PNorm = 92.7167, GNorm = 0.0603, lr_0 = 1.3934e-04
Loss = 1.5264e-03, PNorm = 92.7170, GNorm = 0.0578, lr_0 = 1.3928e-04
Loss = 1.2209e-03, PNorm = 92.7174, GNorm = 0.0888, lr_0 = 1.3921e-04
Loss = 9.7087e-04, PNorm = 92.7181, GNorm = 0.0313, lr_0 = 1.3915e-04
Loss = 1.6102e-03, PNorm = 92.7188, GNorm = 0.0480, lr_0 = 1.3908e-04
Loss = 2.0920e-03, PNorm = 92.7179, GNorm = 0.0406, lr_0 = 1.3902e-04
Loss = 1.5311e-03, PNorm = 92.7177, GNorm = 0.0593, lr_0 = 1.3896e-04
Loss = 1.3705e-03, PNorm = 92.7180, GNorm = 0.0766, lr_0 = 1.3889e-04
Loss = 1.4779e-03, PNorm = 92.7182, GNorm = 0.0866, lr_0 = 1.3883e-04
Loss = 1.4612e-03, PNorm = 92.7194, GNorm = 0.0603, lr_0 = 1.3876e-04
Loss = 1.3444e-03, PNorm = 92.7196, GNorm = 0.1014, lr_0 = 1.3870e-04
Loss = 1.9638e-03, PNorm = 92.7205, GNorm = 0.1580, lr_0 = 1.3863e-04
Loss = 1.3596e-03, PNorm = 92.7207, GNorm = 0.0895, lr_0 = 1.3857e-04
Loss = 1.5895e-03, PNorm = 92.7210, GNorm = 0.3000, lr_0 = 1.3851e-04
Loss = 2.9819e-03, PNorm = 92.7206, GNorm = 0.2909, lr_0 = 1.3844e-04
Loss = 3.0955e-03, PNorm = 92.7212, GNorm = 0.2063, lr_0 = 1.3838e-04
Loss = 1.0944e-03, PNorm = 92.7225, GNorm = 0.0403, lr_0 = 1.3831e-04
Loss = 2.2976e-03, PNorm = 92.7236, GNorm = 0.1655, lr_0 = 1.3825e-04
Loss = 1.0357e-03, PNorm = 92.7237, GNorm = 0.1534, lr_0 = 1.3819e-04
Loss = 2.0489e-03, PNorm = 92.7238, GNorm = 0.0728, lr_0 = 1.3812e-04
Loss = 1.7419e-03, PNorm = 92.7244, GNorm = 0.0809, lr_0 = 1.3806e-04
Loss = 2.1406e-03, PNorm = 92.7240, GNorm = 0.0586, lr_0 = 1.3799e-04
Loss = 1.2597e-03, PNorm = 92.7238, GNorm = 0.1673, lr_0 = 1.3793e-04
Loss = 3.7028e-03, PNorm = 92.7244, GNorm = 0.1221, lr_0 = 1.3787e-04
Loss = 2.3255e-03, PNorm = 92.7247, GNorm = 0.3922, lr_0 = 1.3780e-04
Loss = 1.4907e-03, PNorm = 92.7252, GNorm = 0.2178, lr_0 = 1.3774e-04
Loss = 1.8278e-03, PNorm = 92.7253, GNorm = 0.1885, lr_0 = 1.3767e-04
Loss = 3.0724e-03, PNorm = 92.7261, GNorm = 0.0478, lr_0 = 1.3761e-04
Loss = 1.0686e-03, PNorm = 92.7270, GNorm = 0.0543, lr_0 = 1.3755e-04
Loss = 1.3714e-03, PNorm = 92.7271, GNorm = 0.0689, lr_0 = 1.3748e-04
Loss = 2.7470e-03, PNorm = 92.7265, GNorm = 0.0464, lr_0 = 1.3742e-04
Loss = 6.0493e-04, PNorm = 92.7262, GNorm = 0.0715, lr_0 = 1.3736e-04
Loss = 1.4864e-03, PNorm = 92.7261, GNorm = 0.0845, lr_0 = 1.3729e-04
Loss = 1.3349e-03, PNorm = 92.7264, GNorm = 0.1880, lr_0 = 1.3723e-04
Loss = 1.8778e-03, PNorm = 92.7267, GNorm = 0.0275, lr_0 = 1.3716e-04
Loss = 9.8316e-04, PNorm = 92.7274, GNorm = 0.1738, lr_0 = 1.3710e-04
Loss = 1.6212e-03, PNorm = 92.7275, GNorm = 0.1220, lr_0 = 1.3704e-04
Loss = 1.8357e-03, PNorm = 92.7271, GNorm = 0.0674, lr_0 = 1.3697e-04
Loss = 1.0565e-03, PNorm = 92.7282, GNorm = 0.1613, lr_0 = 1.3691e-04
Loss = 1.9525e-03, PNorm = 92.7286, GNorm = 0.3239, lr_0 = 1.3685e-04
Loss = 7.8788e-04, PNorm = 92.7291, GNorm = 0.1687, lr_0 = 1.3678e-04
Loss = 1.8033e-03, PNorm = 92.7296, GNorm = 0.1322, lr_0 = 1.3672e-04
Loss = 1.7669e-03, PNorm = 92.7304, GNorm = 0.0343, lr_0 = 1.3666e-04
Loss = 1.4541e-03, PNorm = 92.7311, GNorm = 0.1331, lr_0 = 1.3659e-04
Loss = 1.5577e-03, PNorm = 92.7317, GNorm = 0.1983, lr_0 = 1.3653e-04
Loss = 2.2214e-03, PNorm = 92.7321, GNorm = 0.1648, lr_0 = 1.3647e-04
Loss = 1.1733e-03, PNorm = 92.7319, GNorm = 0.0287, lr_0 = 1.3640e-04
Loss = 7.2465e-04, PNorm = 92.7314, GNorm = 0.0805, lr_0 = 1.3634e-04
Loss = 2.0216e-03, PNorm = 92.7313, GNorm = 0.0687, lr_0 = 1.3628e-04
Loss = 7.7004e-04, PNorm = 92.7312, GNorm = 0.0503, lr_0 = 1.3621e-04
Loss = 1.1610e-03, PNorm = 92.7313, GNorm = 0.1254, lr_0 = 1.3615e-04
Loss = 1.9845e-03, PNorm = 92.7315, GNorm = 0.1663, lr_0 = 1.3609e-04
Loss = 1.2904e-03, PNorm = 92.7312, GNorm = 0.1196, lr_0 = 1.3603e-04
Loss = 1.0795e-03, PNorm = 92.7316, GNorm = 0.1106, lr_0 = 1.3596e-04
Loss = 1.5476e-03, PNorm = 92.7318, GNorm = 0.1686, lr_0 = 1.3590e-04
Loss = 1.6015e-03, PNorm = 92.7315, GNorm = 0.2144, lr_0 = 1.3584e-04
Loss = 5.6385e-04, PNorm = 92.7315, GNorm = 0.0342, lr_0 = 1.3577e-04
Loss = 5.0155e-04, PNorm = 92.7314, GNorm = 0.0244, lr_0 = 1.3571e-04
Loss = 1.8355e-03, PNorm = 92.7305, GNorm = 0.2696, lr_0 = 1.3565e-04
Loss = 1.0235e-03, PNorm = 92.7308, GNorm = 0.0559, lr_0 = 1.3558e-04
Loss = 1.5108e-03, PNorm = 92.7316, GNorm = 0.0525, lr_0 = 1.3552e-04
Loss = 1.4813e-03, PNorm = 92.7313, GNorm = 0.1241, lr_0 = 1.3546e-04
Loss = 2.8432e-03, PNorm = 92.7319, GNorm = 0.0533, lr_0 = 1.3540e-04
Loss = 1.1290e-03, PNorm = 92.7320, GNorm = 0.0705, lr_0 = 1.3533e-04
Loss = 9.3126e-04, PNorm = 92.7312, GNorm = 0.1105, lr_0 = 1.3527e-04
Loss = 1.3631e-03, PNorm = 92.7313, GNorm = 0.0274, lr_0 = 1.3521e-04
Loss = 9.8637e-04, PNorm = 92.7309, GNorm = 0.0827, lr_0 = 1.3515e-04
Loss = 3.6693e-03, PNorm = 92.7300, GNorm = 0.1837, lr_0 = 1.3508e-04
Loss = 1.3415e-03, PNorm = 92.7302, GNorm = 0.1124, lr_0 = 1.3502e-04
Loss = 1.6305e-03, PNorm = 92.7307, GNorm = 0.4368, lr_0 = 1.3496e-04
Loss = 1.0416e-03, PNorm = 92.7307, GNorm = 0.0644, lr_0 = 1.3490e-04
Loss = 1.1517e-03, PNorm = 92.7314, GNorm = 0.2862, lr_0 = 1.3483e-04
Loss = 8.9816e-04, PNorm = 92.7309, GNorm = 0.0484, lr_0 = 1.3477e-04
Loss = 1.6906e-03, PNorm = 92.7316, GNorm = 0.0177, lr_0 = 1.3471e-04
Loss = 2.1419e-03, PNorm = 92.7316, GNorm = 0.1062, lr_0 = 1.3465e-04
Loss = 1.7156e-03, PNorm = 92.7320, GNorm = 0.0938, lr_0 = 1.3458e-04
Loss = 1.3050e-03, PNorm = 92.7322, GNorm = 0.1308, lr_0 = 1.3452e-04
Loss = 1.6370e-03, PNorm = 92.7321, GNorm = 0.2107, lr_0 = 1.3446e-04
Loss = 2.0256e-03, PNorm = 92.7325, GNorm = 0.1460, lr_0 = 1.3440e-04
Loss = 2.2040e-03, PNorm = 92.7315, GNorm = 0.0806, lr_0 = 1.3433e-04
Loss = 1.4045e-03, PNorm = 92.7314, GNorm = 0.0362, lr_0 = 1.3427e-04
Loss = 2.4881e-03, PNorm = 92.7324, GNorm = 0.1646, lr_0 = 1.3421e-04
Loss = 3.0255e-03, PNorm = 92.7324, GNorm = 0.2559, lr_0 = 1.3415e-04
Loss = 2.2556e-03, PNorm = 92.7326, GNorm = 0.0332, lr_0 = 1.3408e-04
Loss = 1.5494e-03, PNorm = 92.7328, GNorm = 0.1464, lr_0 = 1.3402e-04
Loss = 2.2113e-03, PNorm = 92.7338, GNorm = 0.1021, lr_0 = 1.3396e-04
Loss = 1.9800e-03, PNorm = 92.7344, GNorm = 0.0982, lr_0 = 1.3390e-04
Loss = 1.2600e-03, PNorm = 92.7348, GNorm = 0.0417, lr_0 = 1.3384e-04
Loss = 2.1103e-03, PNorm = 92.7348, GNorm = 0.2175, lr_0 = 1.3377e-04
Loss = 2.1328e-03, PNorm = 92.7348, GNorm = 0.0785, lr_0 = 1.3371e-04
Loss = 2.7730e-03, PNorm = 92.7346, GNorm = 0.1388, lr_0 = 1.3365e-04
Loss = 1.6782e-03, PNorm = 92.7339, GNorm = 0.0337, lr_0 = 1.3359e-04
Loss = 2.2060e-03, PNorm = 92.7337, GNorm = 0.0239, lr_0 = 1.3353e-04
Loss = 1.4455e-03, PNorm = 92.7342, GNorm = 0.1179, lr_0 = 1.3346e-04
Loss = 1.5277e-03, PNorm = 92.7353, GNorm = 0.0341, lr_0 = 1.3340e-04
Loss = 2.1473e-03, PNorm = 92.7360, GNorm = 0.0686, lr_0 = 1.3334e-04
Loss = 1.1006e-03, PNorm = 92.7361, GNorm = 0.0403, lr_0 = 1.3328e-04
Loss = 1.6675e-03, PNorm = 92.7359, GNorm = 0.1559, lr_0 = 1.3322e-04
Loss = 9.9483e-04, PNorm = 92.7363, GNorm = 0.0988, lr_0 = 1.3316e-04
Loss = 2.5368e-03, PNorm = 92.7364, GNorm = 0.2256, lr_0 = 1.3309e-04
Loss = 1.7161e-03, PNorm = 92.7359, GNorm = 0.1502, lr_0 = 1.3303e-04
Loss = 1.3911e-03, PNorm = 92.7361, GNorm = 0.1197, lr_0 = 1.3297e-04
Loss = 3.1313e-03, PNorm = 92.7364, GNorm = 0.0396, lr_0 = 1.3291e-04
Loss = 1.0317e-03, PNorm = 92.7359, GNorm = 0.0813, lr_0 = 1.3285e-04
Loss = 1.8455e-03, PNorm = 92.7361, GNorm = 0.0734, lr_0 = 1.3279e-04
Loss = 1.4672e-03, PNorm = 92.7362, GNorm = 0.1182, lr_0 = 1.3272e-04
Loss = 2.0209e-03, PNorm = 92.7369, GNorm = 0.0483, lr_0 = 1.3266e-04
Loss = 1.3527e-03, PNorm = 92.7366, GNorm = 0.1163, lr_0 = 1.3260e-04
Loss = 1.2268e-03, PNorm = 92.7364, GNorm = 0.1344, lr_0 = 1.3254e-04
Loss = 2.8586e-03, PNorm = 92.7368, GNorm = 0.0302, lr_0 = 1.3248e-04
Loss = 2.7461e-03, PNorm = 92.7384, GNorm = 0.0787, lr_0 = 1.3242e-04
Loss = 1.9051e-03, PNorm = 92.7397, GNorm = 0.1067, lr_0 = 1.3236e-04
Loss = 1.7336e-03, PNorm = 92.7396, GNorm = 0.1761, lr_0 = 1.3229e-04
Loss = 9.1099e-04, PNorm = 92.7405, GNorm = 0.0494, lr_0 = 1.3223e-04
Loss = 4.4996e-04, PNorm = 92.7399, GNorm = 0.0900, lr_0 = 1.3217e-04
Loss = 1.7054e-03, PNorm = 92.7396, GNorm = 0.0635, lr_0 = 1.3211e-04
Loss = 1.1028e-03, PNorm = 92.7391, GNorm = 0.0568, lr_0 = 1.3205e-04
Loss = 1.2162e-03, PNorm = 92.7394, GNorm = 0.1381, lr_0 = 1.3199e-04
Loss = 1.3490e-03, PNorm = 92.7396, GNorm = 0.0252, lr_0 = 1.3193e-04
Loss = 2.1269e-03, PNorm = 92.7400, GNorm = 0.1693, lr_0 = 1.3187e-04
Loss = 6.1357e-04, PNorm = 92.7400, GNorm = 0.0835, lr_0 = 1.3181e-04
Loss = 9.8782e-04, PNorm = 92.7404, GNorm = 0.1223, lr_0 = 1.3174e-04
Loss = 1.7450e-03, PNorm = 92.7415, GNorm = 0.0734, lr_0 = 1.3168e-04
Loss = 1.0573e-03, PNorm = 92.7413, GNorm = 0.0873, lr_0 = 1.3162e-04
Loss = 2.3414e-03, PNorm = 92.7418, GNorm = 0.1100, lr_0 = 1.3156e-04
Loss = 1.0410e-03, PNorm = 92.7416, GNorm = 0.0193, lr_0 = 1.3150e-04
Loss = 1.7783e-03, PNorm = 92.7412, GNorm = 0.0833, lr_0 = 1.3144e-04
Loss = 1.2537e-03, PNorm = 92.7412, GNorm = 0.2184, lr_0 = 1.3138e-04
Loss = 6.7122e-04, PNorm = 92.7408, GNorm = 0.1058, lr_0 = 1.3132e-04
Loss = 1.1546e-03, PNorm = 92.7413, GNorm = 0.0628, lr_0 = 1.3126e-04
Loss = 7.5335e-04, PNorm = 92.7425, GNorm = 0.0473, lr_0 = 1.3120e-04
Loss = 1.1885e-03, PNorm = 92.7428, GNorm = 0.1266, lr_0 = 1.3114e-04
Loss = 1.7605e-03, PNorm = 92.7425, GNorm = 0.0854, lr_0 = 1.3107e-04
Loss = 6.6590e-04, PNorm = 92.7426, GNorm = 0.0563, lr_0 = 1.3101e-04
Loss = 1.3124e-03, PNorm = 92.7421, GNorm = 0.0437, lr_0 = 1.3095e-04
Loss = 2.1038e-03, PNorm = 92.7419, GNorm = 0.1218, lr_0 = 1.3089e-04
Loss = 2.6236e-03, PNorm = 92.7419, GNorm = 0.1749, lr_0 = 1.3083e-04
Loss = 2.1180e-03, PNorm = 92.7425, GNorm = 0.0638, lr_0 = 1.3077e-04
Loss = 1.9275e-03, PNorm = 92.7432, GNorm = 0.2252, lr_0 = 1.3071e-04
Loss = 1.8810e-03, PNorm = 92.7438, GNorm = 0.0906, lr_0 = 1.3065e-04
Loss = 1.5965e-03, PNorm = 92.7439, GNorm = 0.3245, lr_0 = 1.3059e-04
Loss = 1.0056e-03, PNorm = 92.7442, GNorm = 0.0239, lr_0 = 1.3053e-04
Loss = 1.2806e-03, PNorm = 92.7444, GNorm = 0.1111, lr_0 = 1.3047e-04
Loss = 1.1099e-03, PNorm = 92.7449, GNorm = 0.2056, lr_0 = 1.3041e-04
Loss = 1.2398e-03, PNorm = 92.7451, GNorm = 0.0538, lr_0 = 1.3035e-04
Loss = 1.2425e-03, PNorm = 92.7455, GNorm = 0.0488, lr_0 = 1.3029e-04
Loss = 1.5996e-03, PNorm = 92.7461, GNorm = 0.0343, lr_0 = 1.3023e-04
Loss = 2.2695e-03, PNorm = 92.7461, GNorm = 0.1281, lr_0 = 1.3017e-04
Loss = 2.1258e-03, PNorm = 92.7462, GNorm = 0.1235, lr_0 = 1.3011e-04
Loss = 1.1111e-03, PNorm = 92.7461, GNorm = 0.1139, lr_0 = 1.3005e-04
Loss = 1.9786e-03, PNorm = 92.7459, GNorm = 0.0979, lr_0 = 1.2999e-04
Loss = 2.0499e-03, PNorm = 92.7471, GNorm = 0.4259, lr_0 = 1.2993e-04
Loss = 1.0284e-03, PNorm = 92.7481, GNorm = 0.2187, lr_0 = 1.2987e-04
Loss = 1.7824e-03, PNorm = 92.7488, GNorm = 0.0565, lr_0 = 1.2981e-04
Loss = 1.5144e-03, PNorm = 92.7496, GNorm = 0.0577, lr_0 = 1.2974e-04
Loss = 2.4860e-03, PNorm = 92.7498, GNorm = 0.1131, lr_0 = 1.2968e-04
Loss = 1.7288e-03, PNorm = 92.7500, GNorm = 0.0832, lr_0 = 1.2962e-04
Loss = 2.6596e-04, PNorm = 92.7501, GNorm = 0.0304, lr_0 = 1.2956e-04
Loss = 3.2254e-03, PNorm = 92.7502, GNorm = 0.0371, lr_0 = 1.2950e-04
Loss = 1.6722e-03, PNorm = 92.7500, GNorm = 0.0766, lr_0 = 1.2944e-04
Loss = 1.7044e-03, PNorm = 92.7497, GNorm = 0.2824, lr_0 = 1.2938e-04
Loss = 1.9004e-03, PNorm = 92.7498, GNorm = 0.0451, lr_0 = 1.2932e-04
Loss = 2.2697e-03, PNorm = 92.7497, GNorm = 0.0419, lr_0 = 1.2926e-04
Loss = 1.5081e-03, PNorm = 92.7497, GNorm = 0.1627, lr_0 = 1.2920e-04
Loss = 1.6691e-03, PNorm = 92.7503, GNorm = 0.1151, lr_0 = 1.2914e-04
Loss = 1.7344e-03, PNorm = 92.7503, GNorm = 0.0717, lr_0 = 1.2909e-04
Loss = 9.1881e-04, PNorm = 92.7506, GNorm = 0.0373, lr_0 = 1.2903e-04
Loss = 2.0501e-03, PNorm = 92.7508, GNorm = 0.0936, lr_0 = 1.2897e-04
Loss = 1.5027e-03, PNorm = 92.7504, GNorm = 0.0348, lr_0 = 1.2891e-04
Loss = 7.8503e-04, PNorm = 92.7510, GNorm = 0.0310, lr_0 = 1.2885e-04
Loss = 1.2328e-03, PNorm = 92.7510, GNorm = 0.0372, lr_0 = 1.2879e-04
Loss = 1.4003e-03, PNorm = 92.7511, GNorm = 0.0955, lr_0 = 1.2873e-04
Loss = 3.4788e-03, PNorm = 92.7507, GNorm = 0.2404, lr_0 = 1.2867e-04
Loss = 1.4109e-03, PNorm = 92.7511, GNorm = 0.0608, lr_0 = 1.2861e-04
Loss = 1.7535e-03, PNorm = 92.7514, GNorm = 0.0441, lr_0 = 1.2855e-04
Loss = 7.3355e-04, PNorm = 92.7522, GNorm = 0.1286, lr_0 = 1.2849e-04
Loss = 1.4765e-03, PNorm = 92.7522, GNorm = 0.0450, lr_0 = 1.2843e-04
Loss = 2.3977e-03, PNorm = 92.7527, GNorm = 0.2145, lr_0 = 1.2837e-04
Loss = 1.4861e-03, PNorm = 92.7530, GNorm = 0.1141, lr_0 = 1.2831e-04
Loss = 9.6996e-04, PNorm = 92.7529, GNorm = 0.0282, lr_0 = 1.2825e-04
Loss = 1.3245e-03, PNorm = 92.7532, GNorm = 0.0676, lr_0 = 1.2819e-04
Loss = 1.0534e-03, PNorm = 92.7530, GNorm = 0.1691, lr_0 = 1.2813e-04
Loss = 1.1128e-03, PNorm = 92.7525, GNorm = 0.0930, lr_0 = 1.2807e-04
Loss = 1.0629e-03, PNorm = 92.7522, GNorm = 0.2952, lr_0 = 1.2801e-04
Loss = 1.8498e-03, PNorm = 92.7524, GNorm = 0.2175, lr_0 = 1.2795e-04
Loss = 1.4530e-03, PNorm = 92.7519, GNorm = 0.3448, lr_0 = 1.2789e-04
Loss = 6.9819e-04, PNorm = 92.7523, GNorm = 0.0883, lr_0 = 1.2783e-04
Loss = 1.3430e-03, PNorm = 92.7522, GNorm = 0.0675, lr_0 = 1.2778e-04
Loss = 2.0134e-03, PNorm = 92.7523, GNorm = 0.1252, lr_0 = 1.2772e-04
Loss = 9.0776e-04, PNorm = 92.7530, GNorm = 0.0457, lr_0 = 1.2766e-04
Loss = 1.3462e-03, PNorm = 92.7537, GNorm = 0.1223, lr_0 = 1.2760e-04
Loss = 1.9308e-03, PNorm = 92.7531, GNorm = 0.0881, lr_0 = 1.2754e-04
Loss = 7.2789e-04, PNorm = 92.7529, GNorm = 0.0577, lr_0 = 1.2748e-04
Loss = 1.6191e-03, PNorm = 92.7533, GNorm = 0.0501, lr_0 = 1.2742e-04
Loss = 1.4350e-03, PNorm = 92.7535, GNorm = 0.0734, lr_0 = 1.2736e-04
Loss = 9.0951e-04, PNorm = 92.7535, GNorm = 0.1710, lr_0 = 1.2730e-04
Loss = 1.2285e-03, PNorm = 92.7535, GNorm = 0.0830, lr_0 = 1.2724e-04
Loss = 9.1940e-04, PNorm = 92.7551, GNorm = 0.0275, lr_0 = 1.2718e-04
Loss = 1.1735e-03, PNorm = 92.7554, GNorm = 0.1209, lr_0 = 1.2713e-04
Loss = 2.4048e-03, PNorm = 92.7556, GNorm = 0.1393, lr_0 = 1.2707e-04
Loss = 6.9415e-04, PNorm = 92.7562, GNorm = 0.0356, lr_0 = 1.2701e-04
Loss = 1.4579e-03, PNorm = 92.7563, GNorm = 0.2427, lr_0 = 1.2695e-04
Loss = 7.6214e-04, PNorm = 92.7562, GNorm = 0.0651, lr_0 = 1.2689e-04
Loss = 1.4150e-03, PNorm = 92.7566, GNorm = 0.0606, lr_0 = 1.2683e-04
Loss = 2.3913e-03, PNorm = 92.7561, GNorm = 0.0812, lr_0 = 1.2677e-04
Loss = 1.3055e-03, PNorm = 92.7566, GNorm = 0.1615, lr_0 = 1.2671e-04
Loss = 3.7397e-03, PNorm = 92.7563, GNorm = 0.0545, lr_0 = 1.2666e-04
Loss = 2.4699e-03, PNorm = 92.7565, GNorm = 0.1040, lr_0 = 1.2660e-04
Loss = 1.6744e-03, PNorm = 92.7582, GNorm = 0.2359, lr_0 = 1.2654e-04
Loss = 1.1406e-03, PNorm = 92.7590, GNorm = 0.0769, lr_0 = 1.2648e-04
Loss = 3.9534e-04, PNorm = 92.7596, GNorm = 0.0681, lr_0 = 1.2642e-04
Loss = 1.8868e-03, PNorm = 92.7592, GNorm = 0.3004, lr_0 = 1.2636e-04
Loss = 1.7555e-03, PNorm = 92.7588, GNorm = 0.0923, lr_0 = 1.2630e-04
Loss = 2.7814e-03, PNorm = 92.7583, GNorm = 0.2213, lr_0 = 1.2625e-04
Loss = 1.9153e-03, PNorm = 92.7594, GNorm = 0.1073, lr_0 = 1.2619e-04
Loss = 2.3041e-03, PNorm = 92.7604, GNorm = 0.1332, lr_0 = 1.2613e-04
Loss = 1.1304e-03, PNorm = 92.7605, GNorm = 0.0171, lr_0 = 1.2607e-04
Loss = 1.5165e-03, PNorm = 92.7600, GNorm = 0.0630, lr_0 = 1.2601e-04
Loss = 3.2295e-03, PNorm = 92.7600, GNorm = 0.0546, lr_0 = 1.2595e-04
Loss = 1.8392e-03, PNorm = 92.7596, GNorm = 0.0644, lr_0 = 1.2589e-04
Loss = 1.7049e-03, PNorm = 92.7593, GNorm = 0.1056, lr_0 = 1.2584e-04
Loss = 2.6733e-03, PNorm = 92.7589, GNorm = 0.1102, lr_0 = 1.2578e-04
Loss = 1.7290e-03, PNorm = 92.7596, GNorm = 0.1851, lr_0 = 1.2572e-04
Loss = 1.6098e-03, PNorm = 92.7594, GNorm = 0.1904, lr_0 = 1.2566e-04
Loss = 2.4540e-03, PNorm = 92.7597, GNorm = 0.1516, lr_0 = 1.2560e-04
Loss = 9.3613e-04, PNorm = 92.7593, GNorm = 0.0551, lr_0 = 1.2555e-04
Loss = 8.5475e-04, PNorm = 92.7589, GNorm = 0.0463, lr_0 = 1.2549e-04
Loss = 1.1065e-03, PNorm = 92.7586, GNorm = 0.0428, lr_0 = 1.2543e-04
Loss = 1.1877e-03, PNorm = 92.7588, GNorm = 0.0427, lr_0 = 1.2537e-04
Loss = 1.6859e-03, PNorm = 92.7597, GNorm = 0.1599, lr_0 = 1.2531e-04
Loss = 2.7169e-03, PNorm = 92.7602, GNorm = 0.2088, lr_0 = 1.2525e-04
Loss = 1.4428e-03, PNorm = 92.7602, GNorm = 0.0958, lr_0 = 1.2520e-04
Loss = 1.6741e-03, PNorm = 92.7610, GNorm = 0.0426, lr_0 = 1.2514e-04
Loss = 1.9051e-03, PNorm = 92.7617, GNorm = 0.1310, lr_0 = 1.2508e-04
Loss = 1.9322e-03, PNorm = 92.7625, GNorm = 0.0491, lr_0 = 1.2502e-04
Loss = 1.3495e-03, PNorm = 92.7622, GNorm = 0.1202, lr_0 = 1.2496e-04
Loss = 1.6179e-03, PNorm = 92.7622, GNorm = 0.0634, lr_0 = 1.2491e-04
Loss = 2.4785e-03, PNorm = 92.7626, GNorm = 0.1145, lr_0 = 1.2485e-04
Loss = 1.5441e-03, PNorm = 92.7634, GNorm = 0.1026, lr_0 = 1.2479e-04
Loss = 1.9670e-03, PNorm = 92.7632, GNorm = 0.1432, lr_0 = 1.2473e-04
Loss = 1.7483e-03, PNorm = 92.7632, GNorm = 0.0554, lr_0 = 1.2468e-04
Loss = 6.7615e-04, PNorm = 92.7626, GNorm = 0.1314, lr_0 = 1.2462e-04
Loss = 1.8496e-03, PNorm = 92.7612, GNorm = 0.1040, lr_0 = 1.2456e-04
Loss = 1.6467e-03, PNorm = 92.7610, GNorm = 0.0413, lr_0 = 1.2450e-04
Loss = 1.4316e-03, PNorm = 92.7609, GNorm = 0.0419, lr_0 = 1.2444e-04
Loss = 7.9562e-04, PNorm = 92.7607, GNorm = 0.1585, lr_0 = 1.2439e-04
Loss = 2.4026e-03, PNorm = 92.7616, GNorm = 0.0662, lr_0 = 1.2433e-04
Loss = 1.2081e-03, PNorm = 92.7627, GNorm = 0.2000, lr_0 = 1.2427e-04
Loss = 1.6557e-03, PNorm = 92.7631, GNorm = 0.0572, lr_0 = 1.2421e-04
Loss = 2.9071e-03, PNorm = 92.7627, GNorm = 0.0575, lr_0 = 1.2416e-04
Loss = 1.7740e-03, PNorm = 92.7626, GNorm = 0.0669, lr_0 = 1.2410e-04
Loss = 1.5778e-03, PNorm = 92.7628, GNorm = 0.0654, lr_0 = 1.2404e-04
Loss = 2.4278e-03, PNorm = 92.7633, GNorm = 0.1988, lr_0 = 1.2398e-04
Loss = 3.0186e-03, PNorm = 92.7635, GNorm = 0.1658, lr_0 = 1.2393e-04
Loss = 1.0985e-03, PNorm = 92.7637, GNorm = 0.0529, lr_0 = 1.2387e-04
Loss = 8.9423e-04, PNorm = 92.7640, GNorm = 0.0521, lr_0 = 1.2381e-04
Loss = 2.0652e-03, PNorm = 92.7649, GNorm = 0.2380, lr_0 = 1.2375e-04
Loss = 9.5415e-04, PNorm = 92.7649, GNorm = 0.1011, lr_0 = 1.2370e-04
Loss = 6.0928e-04, PNorm = 92.7652, GNorm = 0.0480, lr_0 = 1.2364e-04
Loss = 5.1746e-04, PNorm = 92.7659, GNorm = 0.0385, lr_0 = 1.2358e-04
Loss = 6.5155e-04, PNorm = 92.7657, GNorm = 0.0517, lr_0 = 1.2353e-04
Loss = 1.9724e-03, PNorm = 92.7653, GNorm = 0.1315, lr_0 = 1.2347e-04
Loss = 9.4608e-04, PNorm = 92.7654, GNorm = 0.0832, lr_0 = 1.2341e-04
Loss = 1.3565e-03, PNorm = 92.7653, GNorm = 0.1031, lr_0 = 1.2335e-04
Loss = 1.3458e-03, PNorm = 92.7641, GNorm = 0.0407, lr_0 = 1.2330e-04
Loss = 1.1721e-03, PNorm = 92.7642, GNorm = 0.0773, lr_0 = 1.2324e-04
Loss = 1.2055e-03, PNorm = 92.7649, GNorm = 0.1163, lr_0 = 1.2318e-04
Loss = 6.2571e-04, PNorm = 92.7645, GNorm = 0.0275, lr_0 = 1.2313e-04
Loss = 2.7030e-03, PNorm = 92.7650, GNorm = 0.4378, lr_0 = 1.2307e-04
Loss = 2.0101e-03, PNorm = 92.7652, GNorm = 0.0737, lr_0 = 1.2301e-04
Loss = 1.0177e-03, PNorm = 92.7647, GNorm = 0.0940, lr_0 = 1.2295e-04
Loss = 2.1813e-03, PNorm = 92.7647, GNorm = 0.1112, lr_0 = 1.2290e-04
Loss = 1.9273e-03, PNorm = 92.7654, GNorm = 0.1179, lr_0 = 1.2284e-04
Loss = 1.1079e-03, PNorm = 92.7663, GNorm = 0.0937, lr_0 = 1.2278e-04
Loss = 1.7272e-03, PNorm = 92.7662, GNorm = 0.1766, lr_0 = 1.2273e-04
Loss = 2.0584e-03, PNorm = 92.7662, GNorm = 0.1244, lr_0 = 1.2267e-04
Loss = 2.0643e-03, PNorm = 92.7658, GNorm = 0.1668, lr_0 = 1.2261e-04
Loss = 2.2116e-03, PNorm = 92.7666, GNorm = 0.1877, lr_0 = 1.2256e-04
Loss = 1.1866e-03, PNorm = 92.7676, GNorm = 0.0249, lr_0 = 1.2250e-04
Loss = 1.5086e-03, PNorm = 92.7682, GNorm = 0.0433, lr_0 = 1.2244e-04
Loss = 1.9766e-03, PNorm = 92.7685, GNorm = 0.1161, lr_0 = 1.2239e-04
Loss = 2.9975e-04, PNorm = 92.7688, GNorm = 0.0287, lr_0 = 1.2233e-04
Loss = 1.7153e-03, PNorm = 92.7689, GNorm = 0.0649, lr_0 = 1.2227e-04
Loss = 1.0337e-03, PNorm = 92.7696, GNorm = 0.0462, lr_0 = 1.2222e-04
Loss = 2.3881e-03, PNorm = 92.7702, GNorm = 0.0946, lr_0 = 1.2216e-04
Loss = 3.1012e-03, PNorm = 92.7703, GNorm = 0.1895, lr_0 = 1.2210e-04
Loss = 1.6850e-03, PNorm = 92.7709, GNorm = 0.1367, lr_0 = 1.2205e-04
Loss = 2.4594e-03, PNorm = 92.7711, GNorm = 0.1310, lr_0 = 1.2199e-04
Loss = 1.9982e-03, PNorm = 92.7720, GNorm = 0.0697, lr_0 = 1.2193e-04
Loss = 1.4244e-03, PNorm = 92.7731, GNorm = 0.0481, lr_0 = 1.2188e-04
Loss = 3.1591e-03, PNorm = 92.7729, GNorm = 0.1384, lr_0 = 1.2182e-04
Loss = 1.6276e-03, PNorm = 92.7729, GNorm = 0.1241, lr_0 = 1.2176e-04
Loss = 2.3860e-03, PNorm = 92.7732, GNorm = 0.1465, lr_0 = 1.2171e-04
Loss = 1.2116e-03, PNorm = 92.7736, GNorm = 0.1779, lr_0 = 1.2165e-04
Loss = 2.4657e-03, PNorm = 92.7732, GNorm = 0.0399, lr_0 = 1.2159e-04
Loss = 6.0106e-04, PNorm = 92.7730, GNorm = 0.0843, lr_0 = 1.2154e-04
Loss = 7.4983e-04, PNorm = 92.7735, GNorm = 0.0764, lr_0 = 1.2148e-04
Loss = 1.9169e-03, PNorm = 92.7740, GNorm = 0.0377, lr_0 = 1.2143e-04
Loss = 2.9177e-03, PNorm = 92.7745, GNorm = 0.1191, lr_0 = 1.2137e-04
Loss = 8.3441e-04, PNorm = 92.7751, GNorm = 0.1090, lr_0 = 1.2131e-04
Loss = 1.5254e-03, PNorm = 92.7755, GNorm = 0.0768, lr_0 = 1.2126e-04
Loss = 5.9298e-04, PNorm = 92.7760, GNorm = 0.0191, lr_0 = 1.2120e-04
Loss = 2.0217e-03, PNorm = 92.7758, GNorm = 0.2449, lr_0 = 1.2114e-04
Loss = 1.0309e-03, PNorm = 92.7754, GNorm = 0.0260, lr_0 = 1.2109e-04
Loss = 5.8225e-04, PNorm = 92.7755, GNorm = 0.1662, lr_0 = 1.2103e-04
Loss = 1.8548e-03, PNorm = 92.7764, GNorm = 0.0784, lr_0 = 1.2098e-04
Loss = 1.4231e-03, PNorm = 92.7763, GNorm = 0.0399, lr_0 = 1.2092e-04
Loss = 6.9637e-04, PNorm = 92.7754, GNorm = 0.1607, lr_0 = 1.2086e-04
Loss = 1.6140e-03, PNorm = 92.7754, GNorm = 0.1144, lr_0 = 1.2081e-04
Loss = 2.2785e-03, PNorm = 92.7761, GNorm = 0.1749, lr_0 = 1.2075e-04
Loss = 1.7557e-03, PNorm = 92.7759, GNorm = 0.1104, lr_0 = 1.2070e-04
Loss = 1.6870e-03, PNorm = 92.7761, GNorm = 0.0885, lr_0 = 1.2064e-04
Loss = 2.0680e-03, PNorm = 92.7768, GNorm = 0.2659, lr_0 = 1.2058e-04
Loss = 1.7269e-03, PNorm = 92.7760, GNorm = 0.1953, lr_0 = 1.2053e-04
Loss = 1.9220e-03, PNorm = 92.7764, GNorm = 0.2434, lr_0 = 1.2047e-04
Loss = 1.0066e-03, PNorm = 92.7774, GNorm = 0.0535, lr_0 = 1.2042e-04
Loss = 8.2937e-04, PNorm = 92.7780, GNorm = 0.1092, lr_0 = 1.2036e-04
Loss = 6.0367e-04, PNorm = 92.7782, GNorm = 0.0539, lr_0 = 1.2031e-04
Loss = 7.3501e-04, PNorm = 92.7781, GNorm = 0.0590, lr_0 = 1.2025e-04
Loss = 1.3751e-03, PNorm = 92.7774, GNorm = 0.0264, lr_0 = 1.2019e-04
Loss = 2.0028e-03, PNorm = 92.7779, GNorm = 0.0664, lr_0 = 1.2014e-04
Loss = 1.3442e-03, PNorm = 92.7791, GNorm = 0.1018, lr_0 = 1.2008e-04
Loss = 1.9324e-03, PNorm = 92.7792, GNorm = 0.1158, lr_0 = 1.2003e-04
Loss = 9.3043e-04, PNorm = 92.7791, GNorm = 0.0606, lr_0 = 1.1997e-04
Loss = 3.7449e-04, PNorm = 92.7789, GNorm = 0.0634, lr_0 = 1.1992e-04
Loss = 8.7817e-04, PNorm = 92.7789, GNorm = 0.1086, lr_0 = 1.1986e-04
Loss = 1.4179e-03, PNorm = 92.7790, GNorm = 0.1409, lr_0 = 1.1980e-04
Loss = 1.2200e-03, PNorm = 92.7788, GNorm = 0.1234, lr_0 = 1.1975e-04
Loss = 1.6312e-03, PNorm = 92.7790, GNorm = 0.0521, lr_0 = 1.1969e-04
Loss = 1.9070e-03, PNorm = 92.7789, GNorm = 0.0782, lr_0 = 1.1964e-04
Loss = 6.2087e-04, PNorm = 92.7790, GNorm = 0.0395, lr_0 = 1.1958e-04
Loss = 1.0701e-03, PNorm = 92.7792, GNorm = 0.0237, lr_0 = 1.1953e-04
Loss = 1.9619e-03, PNorm = 92.7800, GNorm = 0.0551, lr_0 = 1.1947e-04
Loss = 1.5909e-03, PNorm = 92.7798, GNorm = 0.1100, lr_0 = 1.1942e-04
Loss = 1.7147e-03, PNorm = 92.7807, GNorm = 0.1453, lr_0 = 1.1936e-04
Loss = 1.1118e-03, PNorm = 92.7800, GNorm = 0.1111, lr_0 = 1.1931e-04
Loss = 9.8037e-04, PNorm = 92.7795, GNorm = 0.0816, lr_0 = 1.1925e-04
Loss = 2.7872e-03, PNorm = 92.7805, GNorm = 0.1240, lr_0 = 1.1920e-04
Loss = 1.2935e-03, PNorm = 92.7802, GNorm = 0.0375, lr_0 = 1.1914e-04
Loss = 1.3545e-03, PNorm = 92.7805, GNorm = 0.1482, lr_0 = 1.1908e-04
Loss = 1.5336e-03, PNorm = 92.7806, GNorm = 0.1031, lr_0 = 1.1903e-04
Loss = 2.2233e-03, PNorm = 92.7804, GNorm = 0.1270, lr_0 = 1.1897e-04
Loss = 2.9075e-03, PNorm = 92.7808, GNorm = 0.1521, lr_0 = 1.1892e-04
Loss = 2.7739e-03, PNorm = 92.7815, GNorm = 0.0550, lr_0 = 1.1886e-04
Loss = 1.8117e-03, PNorm = 92.7821, GNorm = 0.0878, lr_0 = 1.1881e-04
Loss = 2.0681e-03, PNorm = 92.7831, GNorm = 0.1325, lr_0 = 1.1875e-04
Loss = 1.4091e-03, PNorm = 92.7835, GNorm = 0.1395, lr_0 = 1.1870e-04
Loss = 2.0648e-03, PNorm = 92.7828, GNorm = 0.0722, lr_0 = 1.1864e-04
Loss = 8.5393e-04, PNorm = 92.7830, GNorm = 0.0562, lr_0 = 1.1859e-04
Loss = 1.8415e-03, PNorm = 92.7835, GNorm = 0.1438, lr_0 = 1.1853e-04
Loss = 1.2812e-03, PNorm = 92.7835, GNorm = 0.1533, lr_0 = 1.1848e-04
Loss = 1.0371e-03, PNorm = 92.7833, GNorm = 0.1491, lr_0 = 1.1842e-04
Loss = 8.7533e-04, PNorm = 92.7828, GNorm = 0.1335, lr_0 = 1.1837e-04
Loss = 9.1553e-04, PNorm = 92.7827, GNorm = 0.1949, lr_0 = 1.1831e-04
Loss = 1.0566e-03, PNorm = 92.7828, GNorm = 0.1215, lr_0 = 1.1826e-04
Loss = 1.5203e-03, PNorm = 92.7826, GNorm = 0.0699, lr_0 = 1.1821e-04
Loss = 1.3781e-03, PNorm = 92.7830, GNorm = 0.0263, lr_0 = 1.1815e-04
Loss = 1.2083e-03, PNorm = 92.7836, GNorm = 0.0549, lr_0 = 1.1810e-04
Loss = 2.2499e-03, PNorm = 92.7836, GNorm = 0.0845, lr_0 = 1.1804e-04
Loss = 1.9811e-03, PNorm = 92.7844, GNorm = 0.0560, lr_0 = 1.1799e-04
Loss = 2.0850e-03, PNorm = 92.7849, GNorm = 0.3218, lr_0 = 1.1793e-04
Loss = 2.1865e-03, PNorm = 92.7854, GNorm = 0.0988, lr_0 = 1.1788e-04
Loss = 1.4062e-03, PNorm = 92.7861, GNorm = 0.1751, lr_0 = 1.1782e-04
Loss = 1.4262e-03, PNorm = 92.7848, GNorm = 0.1107, lr_0 = 1.1777e-04
Loss = 9.5903e-04, PNorm = 92.7856, GNorm = 0.0394, lr_0 = 1.1771e-04
Loss = 1.6576e-03, PNorm = 92.7865, GNorm = 0.0620, lr_0 = 1.1766e-04
Loss = 7.3622e-04, PNorm = 92.7865, GNorm = 0.1584, lr_0 = 1.1760e-04
Loss = 1.0688e-03, PNorm = 92.7865, GNorm = 0.0399, lr_0 = 1.1755e-04
Loss = 1.8062e-03, PNorm = 92.7861, GNorm = 0.0756, lr_0 = 1.1750e-04
Loss = 1.0690e-03, PNorm = 92.7865, GNorm = 0.1237, lr_0 = 1.1744e-04
Loss = 2.1717e-03, PNorm = 92.7873, GNorm = 0.2790, lr_0 = 1.1739e-04
Loss = 1.4848e-03, PNorm = 92.7872, GNorm = 0.0621, lr_0 = 1.1733e-04
Loss = 2.2818e-03, PNorm = 92.7866, GNorm = 0.1748, lr_0 = 1.1728e-04
Loss = 1.4963e-03, PNorm = 92.7863, GNorm = 0.0483, lr_0 = 1.1722e-04
Loss = 9.3576e-04, PNorm = 92.7859, GNorm = 0.0687, lr_0 = 1.1717e-04
Loss = 1.1126e-03, PNorm = 92.7868, GNorm = 0.1253, lr_0 = 1.1711e-04
Loss = 2.7950e-03, PNorm = 92.7861, GNorm = 0.2082, lr_0 = 1.1706e-04
Loss = 5.3198e-04, PNorm = 92.7860, GNorm = 0.0252, lr_0 = 1.1701e-04
Loss = 7.9983e-04, PNorm = 92.7863, GNorm = 0.0364, lr_0 = 1.1695e-04
Loss = 1.5950e-03, PNorm = 92.7869, GNorm = 0.0650, lr_0 = 1.1690e-04
Loss = 1.1453e-03, PNorm = 92.7876, GNorm = 0.0944, lr_0 = 1.1684e-04
Loss = 2.4309e-03, PNorm = 92.7874, GNorm = 0.0858, lr_0 = 1.1679e-04
Loss = 1.1646e-03, PNorm = 92.7871, GNorm = 0.0668, lr_0 = 1.1674e-04
Loss = 2.1506e-03, PNorm = 92.7868, GNorm = 0.1386, lr_0 = 1.1668e-04
Loss = 2.5177e-03, PNorm = 92.7875, GNorm = 0.1383, lr_0 = 1.1663e-04
Loss = 1.9812e-03, PNorm = 92.7881, GNorm = 0.1172, lr_0 = 1.1657e-04
Loss = 2.6093e-03, PNorm = 92.7889, GNorm = 0.2706, lr_0 = 1.1652e-04
Loss = 1.7540e-03, PNorm = 92.7901, GNorm = 0.1049, lr_0 = 1.1647e-04
Loss = 1.5072e-03, PNorm = 92.7913, GNorm = 0.0318, lr_0 = 1.1641e-04
Loss = 1.9873e-03, PNorm = 92.7911, GNorm = 0.3512, lr_0 = 1.1636e-04
Loss = 1.4825e-03, PNorm = 92.7902, GNorm = 0.1018, lr_0 = 1.1630e-04
Loss = 2.0700e-03, PNorm = 92.7911, GNorm = 0.1503, lr_0 = 1.1625e-04
Loss = 1.1007e-03, PNorm = 92.7911, GNorm = 0.3805, lr_0 = 1.1620e-04
Loss = 2.8855e-03, PNorm = 92.7917, GNorm = 0.0859, lr_0 = 1.1614e-04
Loss = 1.8382e-03, PNorm = 92.7925, GNorm = 0.2004, lr_0 = 1.1609e-04
Loss = 9.6052e-04, PNorm = 92.7922, GNorm = 0.0404, lr_0 = 1.1603e-04
Loss = 1.8457e-03, PNorm = 92.7920, GNorm = 0.1640, lr_0 = 1.1598e-04
Loss = 1.5130e-03, PNorm = 92.7923, GNorm = 0.1281, lr_0 = 1.1593e-04
Loss = 1.0818e-03, PNorm = 92.7923, GNorm = 0.3186, lr_0 = 1.1587e-04
Loss = 9.4944e-04, PNorm = 92.7925, GNorm = 0.0597, lr_0 = 1.1582e-04
Loss = 8.3110e-04, PNorm = 92.7916, GNorm = 0.1096, lr_0 = 1.1577e-04
Loss = 1.1295e-03, PNorm = 92.7903, GNorm = 0.0435, lr_0 = 1.1571e-04
Loss = 2.8584e-03, PNorm = 92.7905, GNorm = 0.0706, lr_0 = 1.1566e-04
Loss = 5.0111e-04, PNorm = 92.7908, GNorm = 0.0523, lr_0 = 1.1560e-04
Loss = 1.0491e-03, PNorm = 92.7911, GNorm = 0.0439, lr_0 = 1.1555e-04
Loss = 1.4278e-03, PNorm = 92.7909, GNorm = 0.0753, lr_0 = 1.1550e-04
Loss = 1.5947e-03, PNorm = 92.7906, GNorm = 0.0921, lr_0 = 1.1544e-04
Loss = 2.5141e-03, PNorm = 92.7904, GNorm = 0.1111, lr_0 = 1.1539e-04
Loss = 2.2049e-03, PNorm = 92.7912, GNorm = 0.0680, lr_0 = 1.1534e-04
Loss = 1.2662e-03, PNorm = 92.7918, GNorm = 0.0750, lr_0 = 1.1528e-04
Loss = 2.4606e-03, PNorm = 92.7916, GNorm = 0.1089, lr_0 = 1.1523e-04
Loss = 8.5734e-04, PNorm = 92.7923, GNorm = 0.0926, lr_0 = 1.1518e-04
Loss = 2.7858e-03, PNorm = 92.7929, GNorm = 0.1682, lr_0 = 1.1512e-04
Loss = 2.3496e-03, PNorm = 92.7933, GNorm = 0.1192, lr_0 = 1.1507e-04
Loss = 1.5028e-03, PNorm = 92.7927, GNorm = 0.1357, lr_0 = 1.1502e-04
Loss = 9.7829e-04, PNorm = 92.7927, GNorm = 0.0593, lr_0 = 1.1496e-04
Loss = 2.2626e-03, PNorm = 92.7927, GNorm = 0.0327, lr_0 = 1.1491e-04
Loss = 5.2420e-04, PNorm = 92.7929, GNorm = 0.0646, lr_0 = 1.1486e-04
Loss = 1.1892e-03, PNorm = 92.7933, GNorm = 0.0659, lr_0 = 1.1480e-04
Loss = 1.4932e-03, PNorm = 92.7941, GNorm = 0.1106, lr_0 = 1.1475e-04
Loss = 1.8037e-03, PNorm = 92.7950, GNorm = 0.1969, lr_0 = 1.1470e-04
Loss = 1.4061e-03, PNorm = 92.7948, GNorm = 0.0782, lr_0 = 1.1464e-04
Loss = 2.1122e-03, PNorm = 92.7951, GNorm = 0.1900, lr_0 = 1.1459e-04
Loss = 1.8237e-03, PNorm = 92.7954, GNorm = 0.0410, lr_0 = 1.1454e-04
Loss = 1.7958e-03, PNorm = 92.7950, GNorm = 0.0242, lr_0 = 1.1449e-04
Loss = 1.9089e-03, PNorm = 92.7952, GNorm = 0.1055, lr_0 = 1.1443e-04
Loss = 1.8913e-03, PNorm = 92.7952, GNorm = 0.2126, lr_0 = 1.1438e-04
Loss = 2.2454e-03, PNorm = 92.7956, GNorm = 0.1197, lr_0 = 1.1433e-04
Loss = 4.7394e-04, PNorm = 92.7952, GNorm = 0.1057, lr_0 = 1.1427e-04
Loss = 1.6008e-03, PNorm = 92.7966, GNorm = 0.0800, lr_0 = 1.1422e-04
Loss = 2.7630e-03, PNorm = 92.7971, GNorm = 0.0696, lr_0 = 1.1417e-04
Loss = 1.6101e-03, PNorm = 92.7981, GNorm = 0.2290, lr_0 = 1.1411e-04
Loss = 1.7282e-03, PNorm = 92.7974, GNorm = 0.0720, lr_0 = 1.1406e-04
Loss = 2.3250e-03, PNorm = 92.7966, GNorm = 0.3325, lr_0 = 1.1401e-04
Loss = 1.1230e-03, PNorm = 92.7963, GNorm = 0.0335, lr_0 = 1.1396e-04
Loss = 2.2719e-03, PNorm = 92.7965, GNorm = 0.1803, lr_0 = 1.1390e-04
Loss = 1.0209e-03, PNorm = 92.7974, GNorm = 0.0366, lr_0 = 1.1385e-04
Loss = 1.1909e-03, PNorm = 92.7980, GNorm = 0.0340, lr_0 = 1.1380e-04
Loss = 1.0868e-03, PNorm = 92.7979, GNorm = 0.1054, lr_0 = 1.1374e-04
Loss = 3.1494e-03, PNorm = 92.7981, GNorm = 0.0655, lr_0 = 1.1369e-04
Loss = 1.5127e-03, PNorm = 92.7971, GNorm = 0.0914, lr_0 = 1.1364e-04
Loss = 4.2777e-04, PNorm = 92.7973, GNorm = 0.0637, lr_0 = 1.1359e-04
Loss = 9.7751e-04, PNorm = 92.7977, GNorm = 0.0306, lr_0 = 1.1353e-04
Loss = 6.4393e-04, PNorm = 92.7981, GNorm = 0.0977, lr_0 = 1.1348e-04
Loss = 8.4398e-04, PNorm = 92.7983, GNorm = 0.0294, lr_0 = 1.1343e-04
Loss = 2.8889e-03, PNorm = 92.7986, GNorm = 0.1880, lr_0 = 1.1338e-04
Loss = 1.3305e-03, PNorm = 92.7985, GNorm = 0.1829, lr_0 = 1.1332e-04
Loss = 2.0568e-03, PNorm = 92.7984, GNorm = 0.1174, lr_0 = 1.1327e-04
Loss = 2.3800e-03, PNorm = 92.7988, GNorm = 0.2545, lr_0 = 1.1322e-04
Loss = 1.3917e-03, PNorm = 92.7987, GNorm = 0.0399, lr_0 = 1.1317e-04
Loss = 1.7148e-03, PNorm = 92.7985, GNorm = 0.0947, lr_0 = 1.1311e-04
Loss = 2.0231e-03, PNorm = 92.7996, GNorm = 0.2330, lr_0 = 1.1306e-04
Loss = 1.1599e-03, PNorm = 92.8000, GNorm = 0.0394, lr_0 = 1.1301e-04
Loss = 1.3557e-03, PNorm = 92.7994, GNorm = 0.0868, lr_0 = 1.1296e-04
Loss = 2.3187e-03, PNorm = 92.8006, GNorm = 0.0967, lr_0 = 1.1290e-04
Loss = 1.7994e-03, PNorm = 92.8009, GNorm = 0.1098, lr_0 = 1.1285e-04
Loss = 2.5628e-03, PNorm = 92.8010, GNorm = 0.1854, lr_0 = 1.1280e-04
Loss = 1.3264e-03, PNorm = 92.8011, GNorm = 0.1036, lr_0 = 1.1275e-04
Loss = 1.8889e-03, PNorm = 92.8008, GNorm = 0.1928, lr_0 = 1.1270e-04
Loss = 7.5532e-04, PNorm = 92.8010, GNorm = 0.0387, lr_0 = 1.1264e-04
Loss = 1.1027e-03, PNorm = 92.8006, GNorm = 0.0564, lr_0 = 1.1259e-04
Loss = 2.3989e-03, PNorm = 92.8002, GNorm = 0.1408, lr_0 = 1.1254e-04
Loss = 4.5654e-04, PNorm = 92.8004, GNorm = 0.0510, lr_0 = 1.1249e-04
Loss = 2.1178e-03, PNorm = 92.8007, GNorm = 0.0469, lr_0 = 1.1243e-04
Loss = 1.2226e-03, PNorm = 92.8012, GNorm = 0.2288, lr_0 = 1.1238e-04
Loss = 1.7674e-03, PNorm = 92.8010, GNorm = 0.0815, lr_0 = 1.1233e-04
Loss = 1.5494e-03, PNorm = 92.8012, GNorm = 0.0849, lr_0 = 1.1228e-04
Loss = 4.0691e-04, PNorm = 92.8013, GNorm = 0.1453, lr_0 = 1.1223e-04
Loss = 2.0534e-03, PNorm = 92.8009, GNorm = 0.0248, lr_0 = 1.1217e-04
Loss = 2.7147e-03, PNorm = 92.8002, GNorm = 0.2532, lr_0 = 1.1212e-04
Loss = 1.3691e-03, PNorm = 92.7995, GNorm = 0.0731, lr_0 = 1.1207e-04
Loss = 1.8984e-03, PNorm = 92.7991, GNorm = 0.1745, lr_0 = 1.1202e-04
Loss = 1.5150e-03, PNorm = 92.7995, GNorm = 0.1620, lr_0 = 1.1197e-04
Loss = 1.1346e-03, PNorm = 92.7998, GNorm = 0.1043, lr_0 = 1.1191e-04
Loss = 4.4098e-04, PNorm = 92.7999, GNorm = 0.0353, lr_0 = 1.1186e-04
Loss = 1.3446e-03, PNorm = 92.8000, GNorm = 0.0384, lr_0 = 1.1181e-04
Loss = 1.1630e-03, PNorm = 92.8000, GNorm = 0.0480, lr_0 = 1.1176e-04
Loss = 1.4368e-03, PNorm = 92.8000, GNorm = 0.2349, lr_0 = 1.1171e-04
Loss = 1.4907e-03, PNorm = 92.8005, GNorm = 0.1015, lr_0 = 1.1166e-04
Loss = 1.4810e-03, PNorm = 92.8007, GNorm = 0.0640, lr_0 = 1.1160e-04
Loss = 7.8875e-04, PNorm = 92.8005, GNorm = 0.0776, lr_0 = 1.1155e-04
Loss = 1.3899e-03, PNorm = 92.8003, GNorm = 0.1329, lr_0 = 1.1150e-04
Loss = 2.6113e-03, PNorm = 92.8003, GNorm = 0.0817, lr_0 = 1.1145e-04
Loss = 1.9432e-03, PNorm = 92.7999, GNorm = 0.2374, lr_0 = 1.1140e-04
Loss = 1.1129e-03, PNorm = 92.8009, GNorm = 0.0330, lr_0 = 1.1135e-04
Loss = 1.5479e-03, PNorm = 92.8007, GNorm = 0.0834, lr_0 = 1.1129e-04
Loss = 1.5887e-03, PNorm = 92.8003, GNorm = 0.2048, lr_0 = 1.1124e-04
Loss = 1.3315e-03, PNorm = 92.8005, GNorm = 0.1061, lr_0 = 1.1119e-04
Loss = 6.2155e-04, PNorm = 92.8000, GNorm = 0.0461, lr_0 = 1.1114e-04
Loss = 1.6759e-03, PNorm = 92.8000, GNorm = 0.1212, lr_0 = 1.1109e-04
Loss = 1.7081e-03, PNorm = 92.8006, GNorm = 0.0489, lr_0 = 1.1104e-04
Loss = 1.2353e-03, PNorm = 92.8004, GNorm = 0.0494, lr_0 = 1.1098e-04
Loss = 1.2733e-03, PNorm = 92.8005, GNorm = 0.0386, lr_0 = 1.1093e-04
Loss = 1.1482e-03, PNorm = 92.8005, GNorm = 0.0331, lr_0 = 1.1088e-04
Loss = 2.3003e-03, PNorm = 92.8004, GNorm = 0.1246, lr_0 = 1.1083e-04
Loss = 1.5027e-03, PNorm = 92.8007, GNorm = 0.1055, lr_0 = 1.1078e-04
Loss = 1.2063e-03, PNorm = 92.8008, GNorm = 0.2156, lr_0 = 1.1073e-04
Loss = 2.7722e-03, PNorm = 92.8010, GNorm = 0.0967, lr_0 = 1.1068e-04
Loss = 2.3130e-03, PNorm = 92.8012, GNorm = 0.0679, lr_0 = 1.1063e-04
Loss = 1.6671e-03, PNorm = 92.8012, GNorm = 0.2296, lr_0 = 1.1057e-04
Loss = 1.4066e-03, PNorm = 92.8019, GNorm = 0.1139, lr_0 = 1.1052e-04
Loss = 1.7263e-03, PNorm = 92.8032, GNorm = 0.2231, lr_0 = 1.1047e-04
Loss = 1.0946e-03, PNorm = 92.8038, GNorm = 0.1745, lr_0 = 1.1042e-04
Loss = 1.0610e-03, PNorm = 92.8042, GNorm = 0.0351, lr_0 = 1.1037e-04
Loss = 1.5767e-03, PNorm = 92.8046, GNorm = 0.1287, lr_0 = 1.1032e-04
Loss = 1.4118e-03, PNorm = 92.8049, GNorm = 0.0463, lr_0 = 1.1027e-04
Loss = 3.0417e-03, PNorm = 92.8044, GNorm = 0.0702, lr_0 = 1.1022e-04
Loss = 3.0026e-03, PNorm = 92.8045, GNorm = 0.2605, lr_0 = 1.1017e-04
Loss = 3.3858e-03, PNorm = 92.8056, GNorm = 0.0479, lr_0 = 1.1011e-04
Loss = 1.5277e-03, PNorm = 92.8058, GNorm = 0.0931, lr_0 = 1.1006e-04
Loss = 2.0953e-03, PNorm = 92.8054, GNorm = 0.0438, lr_0 = 1.1001e-04
Loss = 2.2033e-03, PNorm = 92.8053, GNorm = 0.1813, lr_0 = 1.0996e-04
Loss = 1.5439e-03, PNorm = 92.8054, GNorm = 0.1377, lr_0 = 1.0991e-04
Loss = 1.3120e-03, PNorm = 92.8065, GNorm = 0.1658, lr_0 = 1.0986e-04
Loss = 1.2697e-03, PNorm = 92.8066, GNorm = 0.1246, lr_0 = 1.0981e-04
Loss = 2.9903e-03, PNorm = 92.8067, GNorm = 0.2202, lr_0 = 1.0976e-04
Loss = 1.6735e-03, PNorm = 92.8069, GNorm = 0.2573, lr_0 = 1.0971e-04
Loss = 1.1307e-03, PNorm = 92.8074, GNorm = 0.0808, lr_0 = 1.0966e-04
Loss = 1.1867e-03, PNorm = 92.8071, GNorm = 0.0266, lr_0 = 1.0960e-04
Loss = 1.5637e-03, PNorm = 92.8076, GNorm = 0.0751, lr_0 = 1.0955e-04
Loss = 2.0164e-03, PNorm = 92.8074, GNorm = 0.1639, lr_0 = 1.0950e-04
Loss = 1.7475e-03, PNorm = 92.8075, GNorm = 0.0773, lr_0 = 1.0945e-04
Loss = 2.2680e-03, PNorm = 92.8075, GNorm = 0.0689, lr_0 = 1.0940e-04
Loss = 1.9434e-03, PNorm = 92.8071, GNorm = 0.0836, lr_0 = 1.0935e-04
Loss = 2.8728e-03, PNorm = 92.8077, GNorm = 0.1339, lr_0 = 1.0930e-04
Loss = 1.2445e-03, PNorm = 92.8080, GNorm = 0.1085, lr_0 = 1.0925e-04
Loss = 3.6794e-03, PNorm = 92.8075, GNorm = 0.1518, lr_0 = 1.0920e-04
Loss = 1.4111e-03, PNorm = 92.8077, GNorm = 0.0983, lr_0 = 1.0915e-04
Loss = 8.9984e-04, PNorm = 92.8084, GNorm = 0.0709, lr_0 = 1.0910e-04
Loss = 1.1748e-03, PNorm = 92.8087, GNorm = 0.0275, lr_0 = 1.0905e-04
Loss = 1.9897e-03, PNorm = 92.8080, GNorm = 0.0755, lr_0 = 1.0900e-04
Loss = 7.8974e-04, PNorm = 92.8078, GNorm = 0.0729, lr_0 = 1.0895e-04
Loss = 1.7564e-03, PNorm = 92.8081, GNorm = 0.1251, lr_0 = 1.0890e-04
Loss = 7.2957e-04, PNorm = 92.8075, GNorm = 0.0597, lr_0 = 1.0885e-04
Loss = 4.2346e-04, PNorm = 92.8072, GNorm = 0.0684, lr_0 = 1.0880e-04
Loss = 1.1045e-03, PNorm = 92.8073, GNorm = 0.1597, lr_0 = 1.0874e-04
Loss = 1.6498e-03, PNorm = 92.8077, GNorm = 0.1451, lr_0 = 1.0869e-04
Loss = 8.0562e-04, PNorm = 92.8075, GNorm = 0.0791, lr_0 = 1.0864e-04
Loss = 4.7915e-04, PNorm = 92.8077, GNorm = 0.1914, lr_0 = 1.0859e-04
Loss = 8.4561e-04, PNorm = 92.8082, GNorm = 0.0308, lr_0 = 1.0854e-04
Loss = 1.2931e-03, PNorm = 92.8082, GNorm = 0.0426, lr_0 = 1.0849e-04
Loss = 1.9144e-03, PNorm = 92.8075, GNorm = 0.2609, lr_0 = 1.0844e-04
Loss = 2.2632e-03, PNorm = 92.8072, GNorm = 0.0731, lr_0 = 1.0839e-04
Loss = 1.3007e-03, PNorm = 92.8084, GNorm = 0.1375, lr_0 = 1.0834e-04
Loss = 1.1084e-03, PNorm = 92.8084, GNorm = 0.0636, lr_0 = 1.0829e-04
Loss = 1.9509e-03, PNorm = 92.8074, GNorm = 0.1990, lr_0 = 1.0824e-04
Loss = 9.3026e-04, PNorm = 92.8075, GNorm = 0.0963, lr_0 = 1.0819e-04
Loss = 2.5587e-03, PNorm = 92.8071, GNorm = 0.0308, lr_0 = 1.0814e-04
Loss = 1.2477e-03, PNorm = 92.8066, GNorm = 0.2495, lr_0 = 1.0809e-04
Loss = 2.1986e-03, PNorm = 92.8063, GNorm = 0.0975, lr_0 = 1.0804e-04
Loss = 1.1357e-03, PNorm = 92.8064, GNorm = 0.0549, lr_0 = 1.0799e-04
Loss = 8.4601e-04, PNorm = 92.8068, GNorm = 0.2269, lr_0 = 1.0794e-04
Loss = 1.7514e-03, PNorm = 92.8070, GNorm = 0.1008, lr_0 = 1.0789e-04
Loss = 1.9349e-03, PNorm = 92.8070, GNorm = 0.0948, lr_0 = 1.0784e-04
Loss = 1.0937e-03, PNorm = 92.8071, GNorm = 0.0815, lr_0 = 1.0779e-04
Loss = 2.5488e-03, PNorm = 92.8077, GNorm = 0.1401, lr_0 = 1.0774e-04
Loss = 9.0716e-04, PNorm = 92.8072, GNorm = 0.0366, lr_0 = 1.0769e-04
Loss = 6.0421e-04, PNorm = 92.8064, GNorm = 0.0307, lr_0 = 1.0764e-04
Loss = 1.8698e-03, PNorm = 92.8065, GNorm = 0.0941, lr_0 = 1.0759e-04
Loss = 1.6577e-03, PNorm = 92.8071, GNorm = 0.0270, lr_0 = 1.0754e-04
Loss = 1.7241e-03, PNorm = 92.8085, GNorm = 0.1120, lr_0 = 1.0749e-04
Loss = 4.6811e-04, PNorm = 92.8081, GNorm = 0.0441, lr_0 = 1.0744e-04
Loss = 1.1950e-03, PNorm = 92.8083, GNorm = 0.1649, lr_0 = 1.0739e-04
Loss = 2.5536e-03, PNorm = 92.8082, GNorm = 0.0724, lr_0 = 1.0734e-04
Loss = 2.5122e-04, PNorm = 92.8077, GNorm = 0.0499, lr_0 = 1.0729e-04
Loss = 1.3422e-03, PNorm = 92.8079, GNorm = 0.0468, lr_0 = 1.0724e-04
Loss = 2.2299e-03, PNorm = 92.8082, GNorm = 0.0742, lr_0 = 1.0719e-04
Loss = 3.4097e-03, PNorm = 92.8084, GNorm = 0.0827, lr_0 = 1.0714e-04
Loss = 1.2387e-03, PNorm = 92.8083, GNorm = 0.0576, lr_0 = 1.0709e-04
Loss = 9.9126e-04, PNorm = 92.8082, GNorm = 0.0768, lr_0 = 1.0704e-04
Loss = 1.9470e-03, PNorm = 92.8090, GNorm = 0.0494, lr_0 = 1.0700e-04
Loss = 2.4425e-03, PNorm = 92.8091, GNorm = 0.0687, lr_0 = 1.0695e-04
Loss = 9.7822e-04, PNorm = 92.8094, GNorm = 0.1883, lr_0 = 1.0690e-04
Loss = 2.1021e-03, PNorm = 92.8100, GNorm = 0.0947, lr_0 = 1.0685e-04
Loss = 1.7044e-03, PNorm = 92.8099, GNorm = 0.1323, lr_0 = 1.0680e-04
Loss = 1.5591e-03, PNorm = 92.8105, GNorm = 0.2030, lr_0 = 1.0675e-04
Loss = 2.3654e-03, PNorm = 92.8113, GNorm = 0.0494, lr_0 = 1.0670e-04
Loss = 1.9505e-03, PNorm = 92.8117, GNorm = 0.0824, lr_0 = 1.0665e-04
Loss = 2.5476e-03, PNorm = 92.8121, GNorm = 0.1447, lr_0 = 1.0660e-04
Loss = 1.7519e-03, PNorm = 92.8119, GNorm = 0.1380, lr_0 = 1.0655e-04
Loss = 1.6300e-03, PNorm = 92.8119, GNorm = 0.1761, lr_0 = 1.0650e-04
Loss = 1.6947e-03, PNorm = 92.8120, GNorm = 0.1849, lr_0 = 1.0645e-04
Loss = 9.9466e-04, PNorm = 92.8121, GNorm = 0.2411, lr_0 = 1.0640e-04
Loss = 1.0463e-03, PNorm = 92.8120, GNorm = 0.0577, lr_0 = 1.0635e-04
Loss = 1.6241e-03, PNorm = 92.8126, GNorm = 0.1915, lr_0 = 1.0630e-04
Loss = 1.4701e-03, PNorm = 92.8129, GNorm = 0.0374, lr_0 = 1.0625e-04
Loss = 1.2297e-03, PNorm = 92.8130, GNorm = 0.1475, lr_0 = 1.0620e-04
Loss = 1.6235e-03, PNorm = 92.8135, GNorm = 0.0939, lr_0 = 1.0616e-04
Loss = 9.2043e-04, PNorm = 92.8137, GNorm = 0.1158, lr_0 = 1.0611e-04
Loss = 3.5929e-04, PNorm = 92.8135, GNorm = 0.0321, lr_0 = 1.0606e-04
Loss = 1.8897e-03, PNorm = 92.8141, GNorm = 0.1735, lr_0 = 1.0601e-04
Loss = 2.1720e-03, PNorm = 92.8143, GNorm = 0.0467, lr_0 = 1.0596e-04
Loss = 1.3676e-03, PNorm = 92.8141, GNorm = 0.1175, lr_0 = 1.0591e-04
Loss = 8.0755e-04, PNorm = 92.8140, GNorm = 0.0590, lr_0 = 1.0586e-04
Loss = 1.2964e-03, PNorm = 92.8142, GNorm = 0.1138, lr_0 = 1.0581e-04
Loss = 5.9998e-04, PNorm = 92.8143, GNorm = 0.0493, lr_0 = 1.0576e-04
Loss = 2.4032e-03, PNorm = 92.8146, GNorm = 0.0782, lr_0 = 1.0571e-04
Loss = 1.3265e-03, PNorm = 92.8148, GNorm = 0.1010, lr_0 = 1.0566e-04
Loss = 1.0133e-03, PNorm = 92.8144, GNorm = 0.0977, lr_0 = 1.0562e-04
Loss = 1.0255e-03, PNorm = 92.8141, GNorm = 0.0458, lr_0 = 1.0557e-04
Loss = 1.8371e-03, PNorm = 92.8145, GNorm = 0.0311, lr_0 = 1.0552e-04
Loss = 8.9103e-04, PNorm = 92.8144, GNorm = 0.1775, lr_0 = 1.0547e-04
Loss = 4.0079e-03, PNorm = 92.8149, GNorm = 0.0638, lr_0 = 1.0542e-04
Loss = 2.0045e-03, PNorm = 92.8145, GNorm = 0.4049, lr_0 = 1.0537e-04
Loss = 1.1529e-03, PNorm = 92.8146, GNorm = 0.1578, lr_0 = 1.0532e-04
Loss = 8.8567e-04, PNorm = 92.8153, GNorm = 0.0548, lr_0 = 1.0527e-04
Loss = 1.2023e-03, PNorm = 92.8152, GNorm = 0.0430, lr_0 = 1.0522e-04
Loss = 8.1176e-04, PNorm = 92.8152, GNorm = 0.0709, lr_0 = 1.0518e-04
Loss = 8.4161e-04, PNorm = 92.8153, GNorm = 0.0926, lr_0 = 1.0513e-04
Loss = 2.2278e-03, PNorm = 92.8159, GNorm = 0.2906, lr_0 = 1.0508e-04
Loss = 5.3190e-04, PNorm = 92.8161, GNorm = 0.0550, lr_0 = 1.0503e-04
Loss = 1.0081e-03, PNorm = 92.8168, GNorm = 0.0813, lr_0 = 1.0498e-04
Loss = 2.1378e-03, PNorm = 92.8171, GNorm = 0.1411, lr_0 = 1.0493e-04
Loss = 8.7168e-04, PNorm = 92.8173, GNorm = 0.0450, lr_0 = 1.0488e-04
Loss = 6.9372e-04, PNorm = 92.8178, GNorm = 0.0999, lr_0 = 1.0484e-04
Loss = 1.3302e-03, PNorm = 92.8176, GNorm = 0.0509, lr_0 = 1.0479e-04
Loss = 2.2420e-03, PNorm = 92.8179, GNorm = 0.1469, lr_0 = 1.0474e-04
Loss = 8.1805e-04, PNorm = 92.8183, GNorm = 0.1322, lr_0 = 1.0469e-04
Loss = 2.0518e-03, PNorm = 92.8182, GNorm = 0.0795, lr_0 = 1.0464e-04
Loss = 2.1364e-03, PNorm = 92.8186, GNorm = 0.0891, lr_0 = 1.0459e-04
Loss = 1.3771e-03, PNorm = 92.8186, GNorm = 0.1156, lr_0 = 1.0454e-04
Loss = 8.4432e-04, PNorm = 92.8183, GNorm = 0.0729, lr_0 = 1.0450e-04
Loss = 2.6723e-04, PNorm = 92.8181, GNorm = 0.0919, lr_0 = 1.0445e-04
Loss = 8.6749e-04, PNorm = 92.8185, GNorm = 0.1846, lr_0 = 1.0440e-04
Loss = 1.2126e-03, PNorm = 92.8176, GNorm = 0.0873, lr_0 = 1.0435e-04
Loss = 1.2812e-03, PNorm = 92.8173, GNorm = 0.0780, lr_0 = 1.0430e-04
Loss = 2.3414e-03, PNorm = 92.8169, GNorm = 0.1909, lr_0 = 1.0425e-04
Loss = 1.7211e-03, PNorm = 92.8171, GNorm = 0.1156, lr_0 = 1.0421e-04
Loss = 2.3907e-03, PNorm = 92.8173, GNorm = 0.1803, lr_0 = 1.0416e-04
Loss = 2.6065e-03, PNorm = 92.8171, GNorm = 0.0664, lr_0 = 1.0411e-04
Loss = 9.5428e-04, PNorm = 92.8173, GNorm = 0.0285, lr_0 = 1.0406e-04
Loss = 1.7395e-03, PNorm = 92.8176, GNorm = 0.1191, lr_0 = 1.0401e-04
Loss = 1.6684e-03, PNorm = 92.8177, GNorm = 0.0600, lr_0 = 1.0396e-04
Loss = 1.8371e-03, PNorm = 92.8175, GNorm = 0.1777, lr_0 = 1.0392e-04
Loss = 1.2735e-03, PNorm = 92.8180, GNorm = 0.2082, lr_0 = 1.0387e-04
Loss = 1.9275e-03, PNorm = 92.8188, GNorm = 0.0734, lr_0 = 1.0382e-04
Loss = 2.6965e-03, PNorm = 92.8190, GNorm = 0.0500, lr_0 = 1.0377e-04
Loss = 2.1152e-03, PNorm = 92.8197, GNorm = 0.1879, lr_0 = 1.0372e-04
Loss = 1.2082e-03, PNorm = 92.8202, GNorm = 0.0416, lr_0 = 1.0368e-04
Loss = 1.5677e-03, PNorm = 92.8207, GNorm = 0.0899, lr_0 = 1.0363e-04
Loss = 1.4594e-03, PNorm = 92.8208, GNorm = 0.0490, lr_0 = 1.0358e-04
Loss = 2.1865e-03, PNorm = 92.8206, GNorm = 0.1289, lr_0 = 1.0353e-04
Loss = 2.1819e-03, PNorm = 92.8203, GNorm = 0.1210, lr_0 = 1.0348e-04
Loss = 1.4135e-03, PNorm = 92.8211, GNorm = 0.1429, lr_0 = 1.0344e-04
Loss = 1.6518e-03, PNorm = 92.8213, GNorm = 0.1345, lr_0 = 1.0339e-04
Loss = 1.5346e-03, PNorm = 92.8211, GNorm = 0.1002, lr_0 = 1.0334e-04
Loss = 2.2975e-03, PNorm = 92.8210, GNorm = 0.1289, lr_0 = 1.0329e-04
Loss = 2.2423e-03, PNorm = 92.8209, GNorm = 0.1697, lr_0 = 1.0324e-04
Loss = 2.3179e-03, PNorm = 92.8211, GNorm = 0.1908, lr_0 = 1.0320e-04
Loss = 2.4668e-03, PNorm = 92.8220, GNorm = 0.0674, lr_0 = 1.0315e-04
Loss = 2.1719e-03, PNorm = 92.8217, GNorm = 0.2546, lr_0 = 1.0310e-04
Loss = 1.1013e-03, PNorm = 92.8212, GNorm = 0.0467, lr_0 = 1.0305e-04
Loss = 2.6161e-03, PNorm = 92.8206, GNorm = 0.0890, lr_0 = 1.0301e-04
Loss = 1.0195e-03, PNorm = 92.8201, GNorm = 0.0497, lr_0 = 1.0296e-04
Loss = 7.4813e-04, PNorm = 92.8200, GNorm = 0.1470, lr_0 = 1.0291e-04
Loss = 2.1225e-03, PNorm = 92.8198, GNorm = 0.1911, lr_0 = 1.0286e-04
Loss = 2.3278e-03, PNorm = 92.8198, GNorm = 0.0444, lr_0 = 1.0281e-04
Loss = 1.6005e-03, PNorm = 92.8200, GNorm = 0.0989, lr_0 = 1.0277e-04
Loss = 1.1560e-03, PNorm = 92.8205, GNorm = 0.0556, lr_0 = 1.0272e-04
Loss = 1.1911e-03, PNorm = 92.8204, GNorm = 0.1663, lr_0 = 1.0267e-04
Loss = 1.8391e-03, PNorm = 92.8204, GNorm = 0.1238, lr_0 = 1.0262e-04
Loss = 1.6405e-03, PNorm = 92.8211, GNorm = 0.0673, lr_0 = 1.0258e-04
Loss = 1.3300e-03, PNorm = 92.8210, GNorm = 0.0852, lr_0 = 1.0253e-04
Loss = 6.2842e-04, PNorm = 92.8213, GNorm = 0.0603, lr_0 = 1.0248e-04
Loss = 1.8518e-03, PNorm = 92.8215, GNorm = 0.1436, lr_0 = 1.0243e-04
Loss = 2.4753e-03, PNorm = 92.8219, GNorm = 0.0730, lr_0 = 1.0239e-04
Loss = 7.4053e-04, PNorm = 92.8222, GNorm = 0.1481, lr_0 = 1.0234e-04
Loss = 3.3474e-03, PNorm = 92.8228, GNorm = 0.1376, lr_0 = 1.0229e-04
Loss = 2.4318e-03, PNorm = 92.8226, GNorm = 0.0245, lr_0 = 1.0224e-04
Loss = 1.6791e-03, PNorm = 92.8227, GNorm = 0.0739, lr_0 = 1.0220e-04
Loss = 8.9871e-04, PNorm = 92.8225, GNorm = 0.1787, lr_0 = 1.0215e-04
Loss = 1.3098e-03, PNorm = 92.8227, GNorm = 0.0324, lr_0 = 1.0210e-04
Loss = 1.5780e-03, PNorm = 92.8226, GNorm = 0.1000, lr_0 = 1.0206e-04
Loss = 6.8600e-04, PNorm = 92.8228, GNorm = 0.0334, lr_0 = 1.0201e-04
Loss = 2.3194e-03, PNorm = 92.8224, GNorm = 0.1673, lr_0 = 1.0196e-04
Loss = 1.5164e-03, PNorm = 92.8220, GNorm = 0.1465, lr_0 = 1.0191e-04
Loss = 2.0134e-03, PNorm = 92.8217, GNorm = 0.2293, lr_0 = 1.0187e-04
Loss = 2.3546e-03, PNorm = 92.8217, GNorm = 0.2831, lr_0 = 1.0182e-04
Loss = 1.9836e-03, PNorm = 92.8211, GNorm = 0.1692, lr_0 = 1.0177e-04
Loss = 1.3828e-03, PNorm = 92.8214, GNorm = 0.1208, lr_0 = 1.0172e-04
Loss = 2.1011e-03, PNorm = 92.8215, GNorm = 0.0943, lr_0 = 1.0168e-04
Loss = 9.8320e-04, PNorm = 92.8212, GNorm = 0.0665, lr_0 = 1.0163e-04
Loss = 2.1960e-03, PNorm = 92.8219, GNorm = 0.1138, lr_0 = 1.0158e-04
Loss = 1.3850e-03, PNorm = 92.8219, GNorm = 0.0910, lr_0 = 1.0154e-04
Loss = 1.5184e-03, PNorm = 92.8219, GNorm = 0.1002, lr_0 = 1.0149e-04
Loss = 1.7004e-03, PNorm = 92.8228, GNorm = 0.2766, lr_0 = 1.0144e-04
Loss = 1.1224e-03, PNorm = 92.8235, GNorm = 0.0938, lr_0 = 1.0140e-04
Loss = 2.3521e-03, PNorm = 92.8229, GNorm = 0.0743, lr_0 = 1.0135e-04
Loss = 8.3915e-04, PNorm = 92.8229, GNorm = 0.1120, lr_0 = 1.0130e-04
Loss = 7.9408e-04, PNorm = 92.8235, GNorm = 0.1029, lr_0 = 1.0125e-04
Loss = 1.3647e-03, PNorm = 92.8237, GNorm = 0.0358, lr_0 = 1.0121e-04
Loss = 1.3093e-03, PNorm = 92.8238, GNorm = 0.0272, lr_0 = 1.0116e-04
Loss = 9.5436e-04, PNorm = 92.8240, GNorm = 0.0443, lr_0 = 1.0111e-04
Loss = 1.3310e-03, PNorm = 92.8243, GNorm = 0.1048, lr_0 = 1.0107e-04
Loss = 1.6845e-03, PNorm = 92.8242, GNorm = 0.0547, lr_0 = 1.0102e-04
Loss = 1.0182e-03, PNorm = 92.8242, GNorm = 0.0480, lr_0 = 1.0097e-04
Loss = 1.5983e-03, PNorm = 92.8239, GNorm = 0.0444, lr_0 = 1.0093e-04
Loss = 7.6866e-04, PNorm = 92.8241, GNorm = 0.0371, lr_0 = 1.0088e-04
Loss = 8.4473e-04, PNorm = 92.8245, GNorm = 0.0607, lr_0 = 1.0083e-04
Loss = 2.4697e-03, PNorm = 92.8242, GNorm = 0.3682, lr_0 = 1.0079e-04
Loss = 2.2322e-03, PNorm = 92.8243, GNorm = 0.0885, lr_0 = 1.0074e-04
Loss = 1.4837e-03, PNorm = 92.8242, GNorm = 0.0560, lr_0 = 1.0069e-04
Loss = 2.2457e-03, PNorm = 92.8242, GNorm = 0.0289, lr_0 = 1.0065e-04
Loss = 1.5865e-03, PNorm = 92.8242, GNorm = 0.0730, lr_0 = 1.0060e-04
Loss = 1.4928e-03, PNorm = 92.8240, GNorm = 0.1552, lr_0 = 1.0055e-04
Loss = 1.5021e-03, PNorm = 92.8241, GNorm = 0.1836, lr_0 = 1.0051e-04
Loss = 5.1963e-04, PNorm = 92.8242, GNorm = 0.0549, lr_0 = 1.0046e-04
Loss = 1.4652e-03, PNorm = 92.8247, GNorm = 0.3252, lr_0 = 1.0041e-04
Loss = 1.1341e-03, PNorm = 92.8253, GNorm = 0.1734, lr_0 = 1.0037e-04
Loss = 1.0153e-03, PNorm = 92.8258, GNorm = 0.0618, lr_0 = 1.0032e-04
Loss = 1.9245e-03, PNorm = 92.8254, GNorm = 0.1327, lr_0 = 1.0027e-04
Loss = 1.6966e-03, PNorm = 92.8253, GNorm = 0.2158, lr_0 = 1.0023e-04
Loss = 2.7940e-03, PNorm = 92.8252, GNorm = 0.2772, lr_0 = 1.0018e-04
Loss = 2.1419e-03, PNorm = 92.8248, GNorm = 0.0578, lr_0 = 1.0013e-04
Loss = 1.3537e-03, PNorm = 92.8254, GNorm = 0.0808, lr_0 = 1.0009e-04
Loss = 2.7819e-03, PNorm = 92.8260, GNorm = 0.1328, lr_0 = 1.0004e-04
Loss = 2.1969e-03, PNorm = 92.8262, GNorm = 0.1027, lr_0 = 1.0000e-04
Validation r2 = 0.998419
Model 0 best validation r2 = -inf on epoch 4
Loading pretrained parameter "encoder.encoder.0.cached_zero_vector".
Loading pretrained parameter "encoder.encoder.0.W_i.weight".
Loading pretrained parameter "encoder.encoder.0.W_h.weight".
Loading pretrained parameter "encoder.encoder.0.W_o.weight".
Loading pretrained parameter "encoder.encoder.0.W_o.bias".
Loading pretrained parameter "encoder.encoder.1.cached_zero_vector".
Loading pretrained parameter "encoder.encoder.1.W_i.weight".
Loading pretrained parameter "encoder.encoder.1.W_h.weight".
Loading pretrained parameter "encoder.encoder.1.W_o.weight".
Loading pretrained parameter "encoder.encoder.1.W_o.bias".
Loading pretrained parameter "ffn.1.weight".
Loading pretrained parameter "ffn.1.bias".
Loading pretrained parameter "ffn.4.weight".
Loading pretrained parameter "ffn.4.bias".
Moving model to cuda
Model 0 provided with no test set, no metric evaluation will be performed.
Ensemble test r2 = nan
1-fold cross validation
	Seed 0 ==> test r2 = nan
Overall test r2 = nan +/- nan
Elapsed time = 1:09:55
