SMILES,Y
CCOc1cc2nn(CCC(C)(C)O)cc2cc1NC(=O)c1cccc(C(F)F)n1,1.04000863601
CC(C)(Oc1ccc(-c2cnc(N)c(-c3ccc(Cl)cc3)c2)cc1)C(=O)O,1.02530586526
CC(C)(O)CCn1cc2cc(NC(=O)c3cccc(C(F)(F)F)n3)c(C(C)(C)O)cc2n1,0.825426117768
CC(C)NCC(O)COc1cccc2ccccc12,-0.151463238818
COc1ccc(Cl)cc1C(=O)NCCc1ccc(S(=O)(=O)NC(=O)NC2CCCCC2)cc1,2.08990511144
CC(C)NC(=O)COc1cccc(-c2nc(Nc3ccc4[nH]ncc4c3)c3ccccc3n2)c1,1.30211437696
CCS(=O)(=O)N1CC(CC#N)(n2cc(-c3ncnc4[nH]ccc34)cn2)C1,2.30535136945
COc1ccc(S(=O)(=O)N2CCC(N3CCC(C)CC3)CC2)cc1,0.0969100130081
CCn1c(-c2nonc2N)nc2cnc(Oc3cccc(NC(=O)c4ccc(OCCN5CCOCC5)cc4)c3)cc21,0.892372907398
CC1(C)CC[C@]2(NC(=O)C(C)(F)F)CC[C@]3(C)[C@H](C(=O)C=C4[C@@]5(C)C=C(C#N)C(=O)C(C)(C)[C@@H]5CC[C@]43C)[C@@H]2C1,0.799799877346
Cc1c[nH]c2nccc(Oc3c(F)cc(Nc4cc(Cl)nc(N)n4)cc3F)c12,0.402261382455
N#Cc1ccc2[nH]c(O)c(-c3ccc(CN4CCOCC4)cn3)c2c1,1.41497334797
CCCc1cc(N2CCc3c(nc(C4CC4)n3C)C2)n2ncnc2n1,1.58282063334
Fc1ccc(-c2ccc3c(c2)[nH]c2ccncc23)cn1,-0.328827157285
[2H]C([2H])([2H])NC(=O)c1nnc(NC(=O)C2CC2)cc1Nc1cccc(-c2ncn(C)n2)c1OC,2.05747591583
C=CC(=O)N1CCC(CNc2ncnc(N)c2-c2ccc(Oc3ccccc3)cc2)CC1,1.39357520327
Nc1n[nH]cc1-c1cc(Cl)ccc1Oc1cc(F)c(S(=O)(=O)Nc2cscn2)cc1Cl,1.88195497134
Cc1c(-c2c(F)cc(C(N)=O)c3[nH]c4c(c23)CC[C@H](C(C)(C)O)C4)cccc1-n1c(=O)c2cccc(F)c2n(C)c1=O,0.531478917042
O=C(Nc1cccnc1)c1ccnc(NC(=O)C2CC2)c1,0.448706319905
O=C(c1ccc(Oc2ccccc2)cc1Cl)c1c[nH]c2ncnc(N[C@@H]3CC[C@@H](CO)OC3)c12,0.832508912706
C=CC(=O)Nc1cccc(Oc2nc(Nc3ccc(N4CCN(C)CC4)cc3)nc3ccsc23)c1,1.93196611473
CC#CC(=O)N1CC[C@@H](n2c(=O)n(-c3ccc(Oc4ccccc4)cc3)c3c(N)ncnc32)C1,1.46089784276
C=CC(=O)N1CCC([C@@H]2CCNc3c(C(N)=O)c(-c4ccc(Oc5ccccc5)cc4)nn32)CC1,1.70586371228
C=CC(=O)Nc1cccc(Oc2nc(Nc3ccc(N4CCN(C)CC4)c(F)c3)nc3[nH]ccc23)c1,1.70415051684
COc1ccccc1-c1cc(NC(=O)c2cccc(N3CCNC3=O)c2)[nH]n1,1.78103693862
Nc1ncc(-c2cccc(C(F)(F)F)c2)c(C2CCCCN2C(=O)c2ccccc2)n1,0.285557309008
O=C(Nc1cccc(-c2nncn2C2CC2)c1)c1cc(-n2cnc(C3CC3)c2)ccn1,1.66651798055
Fc1ccccc1-c1c[nH]nc1C1CCCN1Cc1ccc2ncccc2c1,0.354108439147
Cc1nccc(-c2cn(Cc3ccccc3)c3cnccc23)n1,-0.170696227169
CCc1nc(C)cn2nc(-c3cc(=O)n4cc(C5CCN(C)CC5)cc(C)c4n3)cc12,0.761363941589
Nc1ncnc2c1c(-c1ccc(Oc3ccccc3)cc1)nn2[C@@H]1CCCNC1,1.32221929473
Cc1nnc(CN(C)CC(C)Oc2ccc(Cl)c(Cl)c2)n1C,0.850646235183
COc1nn(C)cc1C(=O)Nc1cccc(-c2cnc3n2CCC3)c1,0.979092900638
COc1cc(F)ccc1-c1ncnc(Nc2cccc(C[S@@](C)(=N)=O)c2)n1,2.17609125906
Cc1ccc(C(=O)N2CCC(Cc3ccccc3-c3ccccc3)(C(=O)N(C)C)CC2)s1,0.0492180226702
CCc1nc2c(C)cc(N3CCN(CC(=O)N4CC(O)C4)CC3)cn2c1N(C)c1nc(-c2ccc(F)cc2)c(C#N)s1,1.99107833135
CN(C)C(=O)C1(Cc2ccccc2-c2ccccc2)CCN(C(=O)C2CCCO2)CC1,1.23804610313
CC(=O)Nc1ccc(C(=O)N2CCCCC2c2nc(N)ncc2-c2ccc(Cl)cc2)cc1,2.02530586526
CC(=O)Nc1ccc(C(=O)N2CCCCC2c2nc(N)ncc2-c2cccc(Cl)c2)cc1,1.99122607569
O=C1CN(c2ccc(Nc3nccc(C(F)(F)F)n3)cn2)CCN1,0.468347330412
O=C1NCCN(C(=O)c2ccc3nccn3c2)C1c1ccccc1C(F)(F)F,0.854306041801
Cc1cc(F)ccc1C1C(=O)NCCN1C(=O)c1ccc2nccn2c1,0.9253120915
O=C1NCCN(C(=O)c2ccncc2)C1c1ccccc1Cl,0.649334858712
C[C@@H]1CN(C(=O)CC(c2ccccc2)c2ccccc2)C[C@H](C)O1,0.117271295656
CN1[C@@H]2CC[C@H]1C[C@H](OC(c1ccccc1)c1ccccc1)C2,0.948657432141
CC(C)(C)C(=O)N1CCC(Cc2ccc(-c3cccs3)cc2)(C(=O)N2CCCC2)CC1,-8.69458712629E-4
Cc1ncsc1C(=O)N1CCCCC1c1nc(N(C)C)ncc1-c1cccc(Cl)c1,0.107209969648
OCC1CCCCN1Cc1ccc(Cl)c(Cl)c1,-0.280668713016
CC(=O)N1CCN(c2nc(C(F)(F)F)nc3sc(C)c(C)c23)CC1,0.0863598306747
COc1ccccc1C(=O)Nc1ccc2cc[nH]c2c1,-0.60730304674
c1ccc(Oc2cccc(CN(CCN3CCOCC3)Cc3cccnc3)c2)cc1,0.123851640967
COc1ccc([C@H]2CN(C(C)=O)[C@@H]3CCCN(Cc4cccc(F)c4)[C@H]23)cc1,0.130333768495
Cc1c(C(=O)NCCCN(C)C)sc2ncnc(Nc3ccc(F)cc3OC(C)C)c12,1.77268835468
OCC1CCCCN1Cc1ccc(-c2ccccc2)cc1,-0.14996674231
Nc1ncc(C(=O)NC2CN(C(=O)C3CC3)C2)c2ccc(-c3cccc(F)c3)nc12,1.25767857487
CC1(C)CC(Oc2ccc(-c3ccc(-c4cn[nH]c4)cc3O)nn2)CC(C)(C)N1,1.31227141047
Cc1nnc(-c2ccc3occ(-c4ccc(S(C)=O)cc4)c3c2)o1,0.296665190262
Cc1ncsc1C(=O)N1CCCCC1c1nc(N)ncc1-c1cccc(C(F)(F)F)c1,0.96236933567
O=C(Nc1ccc2ccccc2n1)c1ccc(N2CCOC2=O)cc1,-0.226213555019
O=S(=O)(c1cccc2cnccc12)N1CCCNCC1,0.645422269349
C=CC(=O)Nc1cccc(Oc2nc(Nc3ccc(N4CCN(C)CC4)cc3)nc3ccoc23)c1,1.34242268082
CCN1CCN(S(=O)(=O)Cc2ccc(Cl)c(Cl)c2)CC1,-0.38721614328
O=C(Nc1nc2cccc(-c3ccc(CN4CCS(=O)(=O)CC4)cc3)n2n1)C1CC1,2.13353890837
Cc1ncc(CN2CCC(Nc3ccc4nnnn4n3)C(C)C2)s1,1.43933269383
Cc1nc(Nc2nccs2)cc(C2CN(c3ncccn3)C2)n1,0.161368002235
COc1ccc(Nc2c(C#N)cnc3cc(OC)c(OC)cc23)cc1Cl,0.510545010207
COc1ccc(CCCN2CCN(c3cnn(C)c3)C(=O)C2)cc1F,-0.134303940084
Cc1noc(C(C)C)c1C(=O)N1CC(C)OC(c2ccccc2)C1,-0.0254883072627
CN(Cc1ccccc1)C1(C(=O)N2CCNC(=O)CC2)Cc2ccccc2C1,0.938019097476
Cc1c(F)cccc1NC(=O)CN1[C@H](Cc2ccccc2)C[C@]2(C)NC(=O)CCC[C@H]12,1.09342168516
CCC1=C(C)CN(C(=O)NCCc2ccc(S(=O)(=O)NC(=O)N[C@H]3CC[C@H](C)CC3)cc2)C1=O,1.83632411571
O=S(=O)(c1cccc2c(O)nccc12)N1CCCNCC1,0.915399835212
Cc1ccc(NC(=O)CN2[C@H](Cc3ccccc3)C[C@]3(C)NC(=O)CCC[C@H]23)cc1F,1.09342168516
CN(C)C(=O)C1(Cc2ccccc2-c2cccc(F)c2)CCN(C(=O)C2CC=CCC2)CC1,0.164352855784
COCC(=O)N1CCC(Cc2ccccc2-c2cccc(F)c2)(C(=O)NC(C)C)CC1,1.51982799378
COc1ccc(CNC(=O)c2sc3nc(C)cc(C)c3c2N)cc1,-0.413412695328
C#C[C@@](C)(CC)NC(=O)c1cc(F)cnc1NC1CC(F)(F)C1,-0.0958256317158
Cn1cc(Nc2nc(N)nc(-c3cccc(-n4ccc5cc(C6CC6)cc(F)c5c4=O)c3CO)n2)cn1,1.3856062736
Cc1cnc(C(=O)NCCc2ccc(S(=O)(=O)NC(=O)NC3CCCCC3)cc2)cn1,2.28103336725
CNC(=O)C1(Cc2ccc(-c3cccnc3)cc2)CCN(Cc2ccc(F)cc2)C1,0.184691430818
CNC(=O)C1(Cc2ccc(-c3cccnc3)cc2)CCN(Cc2cccc(F)c2)C1,0.120573931206
O=C1CCCC[C@@H]2[C@H](C[C@@H](Cc3ccccc3F)N2C(=O)c2cccc3ncccc23)N1,1.68214507637
CCOc1cc(CC(=O)N[C@@H](CC(C)C)c2ccccc2N2CCCCC2)ccc1C(=O)O,1.45788189673
CC(O)(C#Cc1ccc2c(c1)N(c1nc(N)ncc1Cl)CC2)c1nccs1,0.75966784469
COCCc1noc(CN2CC(c3ccccc3)(c3ccccc3)CCC2=O)n1,0.385606273598
Cc1[nH]nc2c1C1(CCCCC1)CC(=O)N2,0.52633927739
Cc1oc2ccccc2c1CNc1nnc(-c2ccncc2)o1,0.00860017176192
Nc1ncnc2c1c(-c1cnc3[nH]ccc3c1)nn2C1CCCC1,0.838849090737
O=C(Nc1cnccc1-c1ccc(Cl)cc1)c1ccnc(NC(=O)C2CC2)c1,0.466867620354
CN1C(N)=N[C@](C)(c2cc(NC(=O)c3ccc(F)cn3)ccc2F)CS1(=O)=O,1.97034687623
CC1CN(C(=O)c2cccnc2N2CCOCC2)CC(c2ccccc2)O1,0.717670503002
CCCCNC(=O)NS(=O)(=O)c1ccc(C)cc1,0.250420002309
Cc1cc(Nc2cnccn2)cc(C2CCCN(CC(=O)N3CCCC3)C2)n1,1.42651126136
Cc1cccnc1Nc1cccc(C2CCCN(CC(=O)Nc3nccs3)C2)n1,0.173186268412
CN(C)C(=O)C1(Cc2ccccc2-c2ccccc2)CCN(C(=O)c2cnn(C)c2)CC1,1.39967372148
CC1(C)CC(=O)C2=C(C1)NC(=O)CC2c1ccc(Br)cc1,0.528916700278
CN1CCN(S(=O)(=O)c2ccc(-c3cnc(N)c(C(=O)Nc4cccnc4)n3)cc2)CC1,1.8597385662
CNC(=O)C1(Cc2ccc(-c3cccnc3)cc2)CCN(Cc2ccccc2Cl)C1,-0.0172766123315
Cc1nc(C(=O)NCC(=O)O)c(O)c2ccc(Oc3ccccc3)cc12,0.0899051114394
O=C(Nc1nc2c(s1)COc1ccccc1-2)c1cnc(Cl)c(Cl)c1,0.00860017176192
COc1ccccc1Oc1c(NS(=O)(=O)c2ccc(C(C)(C)C)cc2)nc(-c2ncccn2)nc1OCCO,1.94546858513
CCCNS(=O)(=O)Nc1ncnc(OCCOc2ncc(Br)cn2)c1-c1ccc(Br)cc1,-0.0301183562535
CC(C)(C)c1ccc(C(=O)Nc2cn3cc(-n4ccnc4)ccc3n2)cc1,0.454844860009
O=C(Nc1nc2cc(C(F)(F)F)cc(NC3CC3)n2n1)c1cccnc1,0.371067862272
COc1cc(Nc2cc(-c3cccc(C#N)c3)ccn2)ccc1N1CCN(C)CC1,0.585460729509
COC(c1ccccc1)(c1ccccc1)[C@H](Oc1nc(C)cc(C)n1)C(=O)O,1.58319877397
CCS(=O)(=O)N1CCN(c2ccc(Nc3ncc(C(N)=O)c(NC4CC4)n3)cc2)CC1,1.59549622183
O=C(O)C1CN(Cc2ccc(OCc3ccc(Cl)c(Cl)c3)cc2)C1,0.61278385672
Cc1cc(F)c(C(=O)Nc2cccc(-c3nncn3C(C)C)n2)cc1-n1cnc(C2CC2)c1,1.80044212134
CC(C)(C)OC(=O)c1ccc(-n2[nH]cc(-n3ccnn3)c2=O)nc1,0.0755469613925
C[C@H]1CN(C2COC2)CCN1c1ccc(Nc2cc(-c3ccnc(N4CCn5c(cc6c5CC(C)(C)C6)C4=O)c3CO)cn(C)c2=O)nc1,1.36361197989
Nc1ncc(-c2cc(C3C4CN(C5COC5)CC43)n(CC3CC3)n2)cc1C(F)(F)F,0.0374264979406
C=CC(=O)Nc1cccc(Nc2nc(Nc3ccc(OCCOC)cc3)ncc2F)c1,0.596047007545
C=CC(=O)Nc1cccc(Nc2nc(Nc3ccc(Oc4ccnc(C(=O)NC)c4)cc3)ncc2F)c1,1.12057393121
C=CC(=O)N(C)CCOc1c(N)ncnc1-c1cc(F)cc(NC(=O)c2ccc(C3CC3)cc2F)c1C,1.93851972518
CC#CC(=O)N1CCC[C@@H]1c1nc(-c2ccc(C(=O)Nc3ccccn3)cc2)c2c(N)nccn12,1.56937390962
CC(=O)NCCNc1cc(Cl)nn2c(-c3cccc(S(=O)(=O)N(C)C)c3)c(C)nc12,1.83058866869
Cc1c[nH]c(=O)n1-c1ccc(C(=O)Nc2ccc3ccccc3n2)cc1,1.00838723011
CNC(=O)c1cccc(NC(=O)N2CCC(Oc3ccccc3Cl)CC2)c1,1.30102999566
COc1ccc(OCC(=O)Nc2cccc(Cl)c2N2CCN(C(C)=O)CC2)cc1,0.0374264979406
c1ccc(-c2ccc(CN3CCCCCCC3)cc2)cc1,-0.265600257479
CCC(=O)N1CCN(c2ccc(Cl)cc2NC(=O)COc2ccccc2)CC1,-0.0599818449923
Cc1ccc(Oc2ccc(Cl)cc2NC(=O)CN(C)CC(=O)N(C)C)cc1,0.206825876032
O=C(c1sc(N2CCOCC2)nc1-c1ccccc1)N1CCCCC1,0.0718820073061
Cc1ccccc1-c1nc(Cn2ccnc2C(C)C)c(C)o1,-0.135488918942
CCc1nc2cc(-c3c(OC)cccc3OC)ccc2o1,-0.337242168318
O=C(C1CCC(O)CC1)N1CCCN(c2ccc(F)cc2)CC1,0.670245853074
CCn1ncnc1-c1[nH]cnc1-c1ccccc1,0.338456493605
Cc1nnc(NCCc2ccc3c(c2)OCO3)c(C#N)c1C,-0.196542884352
Cc1nc(N2CCn3ccnc3C2)c2cnn(C)c2n1,0.559906625036
Cc1cc(CN(C)Cc2cscn2)no1,-0.2700257143
Cc1occc1C(=O)NCC(=O)Nc1nc2cc(Cl)ccc2n1C,0.117271295656
CCNC(=O)c1ccc(CS(C)(=O)=O)cc1,0.41830129132
c1ccc(-c2noc(NC3CC3)n2)cc1,-0.0920514783877
Cc1nn(C)c2sc(C(=O)N3CCC(C(=O)O)(c4ccccc4)CC3)cc12,0.931457870689
CCN(CC)Cc1ccc2cc(COC(=O)Nc3ccc(C(=O)NO)cc3)ccc2c1,1.35410843915
O=C(NCC1(c2ccc(F)cc2)CCOCC1)c1ccccn1,-0.100726812682
COc1cc(OC)cc(-c2nnc(SCC(=O)Nc3cccc(C(=O)O)c3)s2)c1,-0.0324520237811
O=C(CSc1nccn1C1CC1)Nc1c(Cl)cc(Cl)cc1C(=O)O,0.918030336785
CCN1CCC(CNC(=O)c2cc(C)nc3cc(F)ccc23)CC1,1.40483371662
COc1ccc(CCC(=O)N2CCCNCC2)cc1,0.440909082065
Cc1cc(-c2cnn(CCNC(=O)c3sc(C)nc3C)c2C2CC2)on1,0.720985744154
O=C(CSc1nc2nc(O)cc(O)c2s1)c1ccc(-c2ccccc2)cc1,-0.0574958938319
C#CCNC(=O)CN1CCCN(C(=O)c2cccc(C)n2)CC1,1.51188336098
CN(C)c1ccc2c(c1)OCCN2C(=O)NCc1cccnc1,0.424881636631
O=C(NCc1ccc(CO)c(F)c1)Nc1ccccc1,-0.369572124975
CCCOc1ccccc1C(=O)N1CC(Oc2cccc(OC)c2)C1,-0.142667503569
O=C(c1ccc(-n2cccn2)nc1)N1CCN(c2ccccc2O)CC1,-0.126679398185
COc1ccc(CCNCc2ccc(-c3ccccc3)o2)cc1OC,-0.00921730819686
CSCC(=O)N1CCN(C(=O)CSC)C2(CCCCC2)C1,0.726727209027
CCCCNC(=O)c1cccc2ncccc12,-0.199970640756
COc1cccc(OCCCn2cncc2-c2cc3c(cc2C)n(C)c(=O)n3C)c1,2.15533603747
Cc1ccc(C(=O)N2CCN(C(=O)NCC(=O)N3CCCC3)CC2)cc1F,1.78247262417
COC(=O)c1c(C)[nH]c(C(=O)N(C)Cc2ccc(OC)c(F)c2)c1C,0.176091259056
Cc1cc(OCC(=O)N(C)C2CCCCCCC2)no1,-0.116338564846
CC(C)CNc1nnc(SCc2ccncc2)s1,0.0128372247052
COc1c(C)cccc1CN1CCC(O)(c2ccc(F)cc2)CC1,-0.23582386761
Cc1nn(-c2ccc(C(=O)O)cc2C#Cc2ccccc2)c(C)c1C,0.582063362912
Cc1cc(C)nc(Nc2ccc(C3CCCN(CC(=O)N4CCCC4)C3)nc2)n1,1.61595005166
CCc1nc2ccccc2n1CC(=O)N1CCNC(=O)C1,0.586587304672
CCN(C/C=C/c1ccc(F)cc1)Cc1nc(COC)no1,-0.278189384787
CC(=O)Nc1ccc2nc(C)cc(O)c2c1,0.19033169817
O=C(NC[C@@H]1CCN(c2ccccc2)C1)N1CCc2ccccc2C1,-0.151195298948
CC1CCN(CCNC(=O)c2ccncc2)CC1,0.361727836018
CCN1CCC(N(C)c2ncnc3c2cnn3C)CC1,0.00432137378264
CN(CC#N)C(=O)c1cccc(CN2CCCC2)c1,0.413299764081
Cc1cc2nc(CCC(=O)N3CCC(c4ccc(C(=O)N(C)C)c(N)n4)CC3)[nH]c2cc1C,1.55870857053
CNC(=O)C1CCN(Cc2ncc(-c3ccc(F)cc3)o2)CC1,0.686636269262
COc1ccc(C)cc1NC(=O)CN1CCc2ccccc2C1,-0.303643611267
O=C(CCOc1ccccc1)N1CCCC1,-0.266802734893
c1ccc(-c2n[nH]c(C3CCN(c4ccccn4)CC3)n2)cc1,-0.0114410431214
COc1ccc(-n2cc3c(c2-c2ccccc2Br)c(=O)n(C)c(=O)n3C)cc1,-0.0241088635982
COc1ccc(CN2CCC(c3nc(C(C)C)no3)CC2)c(F)c1,-0.109578981199
Cc1nnc(NCC(=O)N2CCc3sccc3C2)c(C#N)c1C,0.117271295656
CCNC(=O)C1CN(c2cccc(C#N)n2)C1,0.315970345457
CCCn1cc(C(=O)N2CCC(c3n[nH]cc3C(=O)N(C)Cc3ccccc3)CC2)cn1,0.975431808509
Cc1cc(C(=O)N(C)Cc2ccc(Br)cc2)no1,-0.161150909263
NCc1cccc(C(=O)N2CCCC2)c1,0.553883026644
Cc1ncsc1CN1CCCN(c2nc3ccccc3[nH]2)CC1,1.70243053645
Cc1ccccc1CNC(=O)c1ccc(-n2ccnc2)nc1,-0.0619809025238
O=C(NCc1cnn(-c2ccccc2)c1)C1CCC1,-0.140861702705
CNC(=O)c1ccc(N2CCCC2)nc1,-0.236572006437
Cc1cc(C)nc(N(C)CC(=O)NC2CC2)n1,-0.0535477349869
Cc1cc(C(=O)Nc2cccc3ncccc23)on1,-0.252588192114
CN(c1ncnc2c1cnn2CCO)C1CCCCC1,-0.172630726946
CN1CCN(c2ccc(NC(=O)c3ccccc3Cl)nc2)CC1,-0.281498311133
Cc1cc(OCc2ncc(C(C)(C)C)o2)nn1C,-0.145086977692
Clc1cccc(CNc2nc(C3CC3)no2)c1,-0.32239304728
Cc1ccc(-c2nc(NCc3ccco3)ncc2-c2cc(C)no2)cn1,-0.00480370840282
COc1nc(C)nc(N(C)Cc2nccs2)c1C,-0.330683119434
O=C(c1ccc2c(c1)OCO2)N1CCC(c2n[nH]c(C3CC3)n2)CC1,1.79726754083
CN(Cc1cccc(C#N)c1)Cc1ccccc1C#N,-0.228412519119
CN1CCN(Cc2noc(Cc3ccccc3)n2)c2ccccc21,-0.193141970481
COc1ccc(C2(NCc3ccc(N4CCCC4=O)cc3)CC2)cc1,-0.290730039024
O=C(c1cccnc1)N1CCCC(c2cccc(-c3cccc(Cl)c3)n2)C1,-0.0433514207948
CNC(=O)c1ccc(N(C)C2CCC2)nn1,-0.232102383982
CC#CCNc1ccc(-n2cnnn2)c(C)c1,-0.229147988358
Nc1nc2ccccc2nc1N1CCCC1,-0.273272790973
CCn1c(=O)n(CC)c2cc(N)ccc21,-0.0893755951108
Cc1cc(N2CCCCC2)nc(CNC(=O)c2ccccc2Cl)n1,-0.173277479831
COc1ccccc1C(=O)NCc1nc(C)cc(N2CCCCC2)n1,-0.614393726402
CCc1nnc(NC(=O)Cc2cccc(F)c2)s1,-0.0400051616716
O=C(CN1CCCN(c2ccc(C(F)(F)F)cn2)CC1)Nc1ccccc1F,-0.173277479831
Cc1cccc(NC(=O)CN2CCCN(c3ccc(C(F)(F)F)cn3)CC2)c1,-0.0218194830626
O=C(CN1CCCN(c2nccs2)CC1)Nc1cccc(Cl)c1,-0.0700704399154
COc1ccccc1NC(=O)CN1CCCN(c2nc(C)cs2)CC1,-0.145086977692
CC(C)(C)c1cc(NC(=O)c2cccc3cn[nH]c23)[nH]n1,0.19033169817
Cc1ccccc1OCCCNc1cc(Cn2c(C)nc3ccccc32)nc(N)n1,1.33041377335
COc1ccc(-c2cccc(C3CCCN(CC(=O)Nc4ccccn4)C3)n2)cc1,-0.0793549985932
O=C1CCCN1CCc1nc(-c2ccc3[nH]c(=O)oc3c2)cs1,1.28103336725
Cc1noc(C)c1C(=O)N1CCCN(c2ccc(F)cc2)CC1,0.255272505103
COCC1CCN(c2noc(-c3cccs3)n2)CC1,-0.266802734893
NC(=O)COc1ccccc1-c1ccccc1,-0.206908399823
Cc1nc(C)c(C)c(NCc2cc(-c3ccc(F)cc3)no2)n1,-0.0428718023232
Cc1cccn(Cc2cccc(F)c2)c1=O,-0.185752404268
Cn1cc(-c2ccc(-c3cncc(Cl)c3N3CCC4(CCNC4=O)CC3)cc2)cn1,1.78604121024
Cc1ccc(-c2cn(CC3CCN(Cc4c[nH]c(C)n4)CC3)nn2)cc1,1.36735592103
Clc1ccc2c(Oc3cccnc3)ncnc2c1,-0.184422251676
CC(C)(C)c1csc(NC(=O)C2CC2)n1,-0.197910742118
Cc1ccc(C(=O)Nc2ncccc2C)s1,-0.177831920632
CC(C)(C)C(=O)N1CCN(C(=O)CCN2CCOC2=O)CC1,1.8122446968
COc1ccc(Cc2cccc(C3CCN(C(=O)C4CCCC4)CC3)n2)cc1,-0.180456064458
O=C(Cn1c(=O)c2cccn2c2ccccc21)NCCCN1CCCC1,1.89265103388
O=C(CCCc1nnc(-c2ccccc2)o1)Nc1cccc2ccccc12,-0.0105501823333
CN(CC(=O)NC1(C#N)CCCCC1)c1cccc(C#N)c1,1.0170333393
Cc1nc(C2(NCc3cccc(C#N)c3)CCCC2)no1,-0.166852888087
CN(CCC1CCCCC1)C(=O)c1ccon1,-0.224025668871
CN(C)Cc1cccc(N/C(=C2\C(=O)Nc3cc(C(=O)N(C)C)ccc32)c2ccccc2)c1,1.65705585286
CC(C)c1cnn2c(NCc3ccccc3)cc(NCCCCCCN)nc12,1.61595005166
COc1cc(C(C)C)c2c(c1)S(=O)(=O)N(COc1cc(=O)n3cccc(OCCN4CCCCC4)c3n1)C2=O,1.96142109407
O=C(O)c1ccc(N2CCCC2)c(F)c1,-0.0629838925352
Cc1cc(C)cc(Oc2cc(C#N)ccn2)c1,-0.252588192114
Cc1cc(NC(=O)C2CCOCC2)sn1,-0.0409586076789
O=C(CC1CCNCC1)NCCc1ccccc1F,0.943988875074
N#Cc1ccc(-c2csc(CCN3CCCC3=O)n2)cc1,-0.00656376950239
N#Cc1cccc(CN2CCC=C(CNC(=O)c3cccs3)C2)c1,0.352182518111
CON(C)C(=O)c1cc(C)ccc1NS(C)(=O)=O,0.181843587945
C#CCN1CCC(c2nc(Cc3noc(C)n3)no2)CC1,-0.135488918942
Cc1ccc(Cn2nccc2NC(=O)c2ccncc2)o1,0.357934847
NC(=O)Cn1cc(-c2ccc(F)cc2)cn1,-0.0604807473814
CCN(C(=O)CN1CCNC(=O)C1)c1ccc(F)cc1,1.69372694892
Cc1ccc(NC(=O)CN2CCCN(c3ccc(C(F)(F)F)cn3)CC2)c(F)c1,0.0374264979406
CNC(=O)Cc1csc(-c2ccc(C)cc2)n1,-0.14996674231
COc1ccccc1CNC(=O)C(C)N1CCCN(c2ccccc2C#N)CC1,0.178976947293
CON(C)C(=O)c1cc2ccc(C(C)(C)C)cc2[nH]1,-0.358525889496
CCN(CC)Cc1cccc(/C=C/c2nc3ccc(F)cc3c(=O)n2-c2ccccc2Cl)n1,0.925827574625
N#CCCN(c1ncnc2sccc12)C1CC1,-0.146301788224
Cc1ccc2nc3c(c(C(=O)NCc4nnc5n4CCC5)c2c1)CCCC3,1.51719589795
O=c1n(CCc2ccncc2)nnn1-c1ccccc1,-0.243363891754
CCCCOc1ccc(C(=O)NCc2cc(C)on2)cc1,-0.249491605149
COc1cccc(C(=O)C[n+]2cc(-c3ccc(F)cc3)n(C)c2N)c1,1.41995574849
COc1ccc(Cc2ncnn2-c2ccc3c(c2)OCO3)c(OC)c1,-0.211831628859
O=c1[nH]nc(CCCN2CCOCC2)n1-c1cccc(Cl)c1,1.40823996531
Nc1cncc(-c2ccc(CN3CCCCC3)cc2)c1,-0.129011186239
O=C(CN1CCCC(c2ccc3cn[nH]c3n2)C1)N1CCCC1,1.48000694296
CCn1nc(C2CCCC2)nc1-c1ccncc1,-0.145086977692
CC1(C)Cc2cc(NC(=O)c3cnn4cccnc34)c(N3CCN(CC(F)F)CC3)nc2O1,0.887054378051
CC(C)(C)NC(=O)c1cncn1C1CCN(c2ccc(-c3nnc(C(F)(F)F)o3)cn2)CC1,0.92685670895
COc1ccc(-n2c(Cn3cnc(C#N)n3)nc3ccccc32)cc1,0.136720567156
CCOC(=O)N1CCN(C(=O)c2ccc3c(c2)OCO3)CC1,-0.0861861476163
Cc1nc(NCc2scnc2C)n(C)n1,0.624282095836
CCn1cc(C2CCN(Cc3ccc(C#N)cc3)CC2)cn1,-0.346787486225
CCCn1nccc1NC(=O)c1c(C)noc1C,0.20139712432
CCc1cc2c(N(C)CCO)ncnc2s1,-0.170053304058
c1cnc(N2CCC(Cc3ccncc3)CC2)nc1,-0.24033215531
Cc1cc(C)n(CCNC(=O)NC2CCOCC2)n1,1.45178643552
CCNC(=O)c1cc(C2CC2)nc2c1c(C)nn2-c1ccccn1,0.577491799837
CC(=O)Nc1ccc2nc(N3CCOCC3)sc2c1,-0.0931264652779
Cc1ccc(CNC/C=C/c2ccccc2)cn1,-0.412289034981
CC(C)(C)n1ncc(OCc2ccc(OCCOCCO)nc2)c(Cl)c1=O,0.658011396657
CC(=O)Nc1ccc(Oc2ncnc3scc(-c4ccccc4)c23)cc1,-0.0947439512515
CCCNC(=O)C1(Cc2ccccn2)CCOCC1,1.03742649794
CC1(c2ccn[nH]2)CCN(Cc2ccco2)CC1,-0.0438315695246
CCCn1cc(C(=O)N2CCC(c3n[nH]cc3C(=O)N3CCOCC3)CC2)cn1,1.18469143082
O=C(c1ccc2[nH]ccc2c1)N1CCCC(c2cccc(-c3ccc(F)cc3)n2)C1,0.204119982656
CCCCC1=NC2(CCCC2)C(=O)N1Cc1ccc(-c2ccccc2-c2nn[nH]n2)cc1,2.17026171539
Cc1cc(Nc2ccc3c(c2)oc(=O)n3C)nc(C2CC2)n1,-0.144480844332
O=C(Cc1c(F)cccc1Cl)Nc1cccc2cnccc12,-0.0510982390298
CCc1ccc(NC(=O)C2CCN(c3ccc4nncn4n3)CC2)cc1,1.13353890837
CN(C)CCOc1ccc(-c2nc(-c3ccncc3)c(-c3ccc4c(c3)CC/C4=N\O)[nH]2)cc1,0.681241237376
O=C(NCc1ccc(-n2cncn2)nc1)c1csc2c1CCCC2,-0.00348832784582
Cc1sc2ncnc(OCC(=O)NC3CCCCC3)c2c1C,0.20139712432
Cc1nc(C(C)C)sc1C(=O)Nc1nc(C(C)(C)C)cs1,-0.514278573518
CCOC(=O)c1c(C)[nH]c(CN(Cc2ccccc2)C(=O)c2ccccc2Cl)c1C,0.330413773349
Cc1cc(C)n2ncc(C(=O)Nc3cccc(C(=O)O)c3)c2n1,-0.149353764817
Cc1ccc2nc(-c3ccc(N(C)C)cc3)[nH]c2c1,-0.500312917382
Cc1nc(CC2CCN(S(=O)(=O)c3cn(C)cn3)CC2)cc(NC2CCCC2)n1,1.5728716022
CCC(CC)NC(=O)c1ccc2ncsc2c1,-0.278189384787
O=C1CNC(=O)N1CCCN1CCc2sccc2C1,0.181843587945
CCCc1nc(N2CCc3ccccc3C2)ncc1C(=O)O,-0.139661993429
Cc1nc(CCN2C(=O)NC(C)(C)C2=O)cs1,0.66370092539
COc1ccc(N2N=C(C)/C(=C(\C)Nc3ccc(S(N)(=O)=O)cc3)C2=O)cc1,1.61384182188
c1ccc(OCc2cc(CC3(NCc4cnc5ccccc5c4)COC3)no2)cc1,0.110589710299
Cc1nn(C)cc1CNc1nc(-c2cnccn2)nc2sc3c(c12)CCCC3,0.283301228704
CCOc1ccc(-c2csc(N)n2)cc1,-0.242603971207
CN(C)c1cccc(C(=O)N2CCCC(c3cccc(-c4cccs4)n3)C2)c1,-0.189095719331
CNc1ncc(-c2nc(C3(c4ccccc4)CC3)nn2C(C)(C)C)cn1,-0.00217691925427
N#Cc1ccc(OCCn2cccn2)cc1,-0.233587152888
CC(C)CC(=O)Nc1cccnc1N(C)C,-0.224025668871
Cc1nccc(-c2cccc(-n3ccnc3C(C)C)c2)n1,0.161368002235
CN(Cc1cnn(C)c1)c1ncnc2c1oc1ccccc12,-0.0136762229492
Cc1cccc(NC(=O)c2cccnc2N2CCCCC2)n1,-0.156767221902
Clc1snnc1CN1CCCN(c2nc3ccccc3[nH]2)CC1,1.11727129566
COc1ccc(S(=O)(=O)CCC(=O)Nc2ccc3c(c2)N(C)C(=O)CO3)cc1,1.44090908207
CC(C)c1nc2c(n1C)CCN(c1ncnc3ccsc13)C2,0.515873843712
Cc1ccnc(NC(=O)CN(C)C(=O)c2ccc(Cl)cc2)c1,0.0492180226702
c1ccc(-n2cc(CNc3ncccn3)cn2)cc1,-0.303643611267
Cc1cc(C)c(C#N)c(N2CCN(CC(=O)Nc3ccccc3Cl)CC2)n1,-0.0947439512515
O=C(NCCCn1ccnc1)N1CCC12CCC2,1.48429983935
Cc1nccc(-c2ccc(-c3noc(CN4CCOCC4)n3)cc2)n1,-0.169411331315
COCCc1nc(-c2cnc(C3CC3)nc2)n(Cc2ccc(F)cc2)n1,0.178976947293
O=C(NCc1nnc2c(O)nccn12)C1CCCC1,0.0863598306747
CN(C)C(=O)COc1ccc(N)c(F)c1,-0.115771230367
COc1ccc(Br)c(-c2nnc(N)o2)c1,-0.150580586203
CCCn1ccnc1CNc1nc2c(s1)c(C)nn2C,0.951337518796
Cc1cn[nH]c1C1(C)CCN(Cc2cnn(C)c2)CC1,1.35410843915
Cc1nc2ccccn2c1CC(=O)NCCCSc1ccccc1,1.41830129132
COc1ccccc1CNC(=O)c1cnc(C2CCN(C(=O)C(C)(C)C)CC2)nc1C,0.978636948384
CCOC(=O)N1CCC(Nc2nc3ccccc3s2)CC1,-0.0904439707588
CCOc1ccc(-c2ccccc2NC(=O)COC)cc1,-0.39685562738
Cc1ccc(-n2nc(C(=O)N3CC(O)C3)c3c2CCCC3)cc1,0.753583058893
CNC(=O)c1cnc(/C=C/c2csc(-c3cccs3)n2)s1,-0.2831622767
Cc1ccc(-c2nc(C(=O)N3CCc4ccccc4C3)cs2)o1,-0.375717904164
FC(F)(F)c1nc(Nc2ccc(-n3cnnn3)cc2)c2ccccc2n1,0.0530784434834
CC(=O)NC1CCN(Cc2cccc(-c3cccnc3)c2)CC1,1.13353890837
Cc1cc(C)c(NC(=O)c2ccnc(OC3CCC3)c2)c(C)n1,0.155336037465
Cn1c(-c2ccccc2)cnc1NCc1ccccc1,-0.300162274133
Cc1ccc(-c2cc(NC(=O)CN3CCOCC3)on2)cc1,-0.251037138744
COc1ccc2c(c1)C=C(CN1CCC(c3cc(-c4ccc(N)nc4)cc(C)n3)CC1)CO2,-4.34511774018E-4
CCc1nnnn1Cc1noc2c1CCCC2,-0.101274818411
CSCCc1nc(-c2cc(C)nc3cc(F)ccc23)n(CCO)n1,1.3384564936
CCOc1ncccc1-c1cc(Cl)ccc1O,-0.225483034271
Cc1nc(NC(c2nccn2C)C2CC2)c2sccc2n1,1.14301480025
Cc1cc(C(=O)N(C)C2CCC2)n2nccc2n1,-0.143271109617
CCCn1ncc2ccc(C3CCCN(CC(=O)N4CCCC4)C3)nc21,0.825426117768
CC1CCC(NC(=O)c2oc3ccccc3c2CS(C)=O)CC1,0.401400540782
CCN(c1cc(-c2ccc(CN3CCOCC3)cc2)cc(C(=O)NCc2c(C)cc(C)nc2O)c1C)C1CCOCC1,1.78031731214
Cn1cc(NC(=O)c2ccccc2C(F)(F)F)cn1,-0.0819696632151
CN(Cc1n[nH]c2c1CCCC2)c1nccnc1C#N,0.00432137378264
COc1ccc2c(c1)CN(C(=O)c1cc(C3CC3)[nH]n1)CC2,0.0253058652648
COc1ccc(C(=O)c2ccccc2)c(Oc2nc3c(c(=O)n(C)c(=O)n3C)n2C)c1,0.26245108973
COc1ccc(OC)c(-c2cc(C(=O)N3CCCN(C(C)=O)CC3)no2)c1,0.673941998634
Cc1cc(C)cc(C(=O)Nc2nn(C(C)(C)C)cc2C#N)c1,0.322219294734
CC(C)CC(=O)NCC(=O)N1CCCC1,0.0791812460476
Cc1cccc(-c2ncc(CNCc3ccccc3-n3cccn3)cn2)c1,-0.226945306636
Clc1ccc(-c2ccc(CNCC3CCCO3)o2)c(Cl)c1,-0.204815410318
O=C(c1cccc(Cl)c1)N1CCN(C(=O)c2ccc3ccccc3c2O)CC1,-0.168770306133
CN(C)C(=O)CN1CCN(C(=O)c2ccc3ccccc3c2O)CC1,0.371067862272
NC(=O)C1(Cc2ccc(-c3cccnc3)cc2)CCN(Cc2cccc(Cl)c2)CC1,0.687528961215
CN(CC(=O)Nc1cccc(F)c1)C(=O)c1cccc(C#N)c1,0.786041210243
CC(=O)N1CCC(Nc2ncnc3cc(-c4ccc(Br)cc4)sc23)CC1,0.771587480881
Cc1cc(NC2CCCC2)nc(C2CCNCC2)n1,1.82412583392
COC(=O)CC1=NN(c2ccc(OC)cc2)C(=O)/C1=C(/C)NCc1ccc(OC)cc1,0.100370545118
Cc1ccc2nc(C)c(C(=O)N3CCC(C(=O)Nc4ccncc4)CC3)cc2c1,1.56702636616
Cn1cc(C2CCN(CC(=O)N3CCc4sccc4C3)CC2)cn1,0.440909082065
O=C(CCN1C(=O)CCC1=O)Nc1cccc2ncccc12,1.05307844348
CCc1ccccc1NC(=O)Cn1nc(C)cc1C,-0.145086977692
O=C(Cc1ccc(Cl)cc1)NCc1ccncc1,-0.112382699664
CC(C)n1cc(-c2ccc3c(c2)N(C)CC3)c2c(NS(=O)(=O)c3ccn(C)n3)ccnc21,0.394451680826
O=C(Cc1cccc2ccccc12)NCc1nnc2n1-c1ccccc1CC2,1.65321251378
Cc1nc(-c2ccccc2)ccc1C(=O)N1CCCS1(=O)=O,-0.115771230367
Cc1cccnc1NC(=O)CCn1cnc2ccccc21,1.20139712432
CNC(=O)c1ccc(CN(C)c2c(F)cc(C#N)cc2F)cc1,-0.225483034271
CC(C(=O)Nc1ccccc1)N1CCCN(c2nccs2)CC1,-0.0333890133181
O=C1CCCN1c1ccc(CN2CCC(c3noc4cc(F)ccc34)CC2)cc1,-0.0163737128755
Brc1ccc(-c2nnc(Cn3cnc4ccccc43)o2)o1,-0.0105501823333
Cc1cc(NC(=O)CCc2cnn(C)c2)c2ccccc2n1,0.885361220032
CCc1noc(C2CCC(NCC3CCC(F)(F)CC3)CC2)n1,0.474216264076
COC(=O)N1CCCN(C(=O)c2ccc(-c3ccccc3Cl)o2)CC1,-0.179798540514
CCCCc1nc2cc(/C=C/C(=O)NO)ccc2n1CCN(CC)CC,1.45178643552
COc1ccc(F)c(CN2CCC(Cc3noc(C)n3)CC2)c1,-0.183096160624
Cc1ccc(C)c(-n2c(S)nnc2-c2ccc(O)cc2)c1,1.49276038903
CCN1CCC(Nc2ncnc3c2cnn3C)CC1,0.604226053084
CN(CC1CCCC1)C(=O)Nc1ccccc1N1CCOC1=O,0.701567985056
Cc1nccn1CCNC(=O)C(C)(C)C,0.814247595732
O=C(NCCc1ccc2c(c1)OCCO2)c1ccc2ccccc2n1,-0.247951552181
CC(C)(C)c1csc(CCNC(=O)N2CCSCC2)n1,0.0569048513365
CS(=O)(=O)CCNc1ccc2ccc(F)cc2n1,-0.185752404268
COc1cccc(NC(=O)CNc2cccc(-c3ccnc(C)n3)c2)c1,0.378397900948
O=S(=O)(Nc1cccc(-c2nc3ccccc3[nH]2)c1)c1ccc(Cl)cc1,1.02938377769
Cn1ncc2cc(-c3ccnc4[nH]ccc34)ccc21,-0.216096420727
COc1cc(CNc2nnn[nH]2)cc(Br)c1OCc1ccc(Cl)cc1,0.605305046141
O=c1c(-c2ccc(F)cc2)c(-c2ccncc2)[nH]n1-c1ccc(Cl)cc1,0.164352855784
CCNC(=O)N1CCC(c2nc(-c3ccccc3)no2)CC1,-0.0752040042021
O=C(CCc1nnc(-c2ccsc2)o1)N1CCCc2cc(F)c(F)cc21,-0.0624821079827
Cn1ccnc1CCNC(=O)c1cccc2cccnc12,0.895974732359
COc1cc2c(cc1OC)-c1cc3ccc(OC)c(OC)c3c[n+]1CC2,1.35218251811
Cc1nn(C)c(C)c1CCC(=O)N1CCCc2ncccc21,1.35602585719
Nc1nc2ccccc2n1CCCc1ccccc1,-0.0150228735845
Cc1ccc2c(CC(=O)NCc3cccs3)coc2c1,-0.262012673667
CC(=O)NC1(C(=O)N2CCCN(C3CC3)CC2)CCC(C)CC1,1.57634135021
O=C(c1cccc(CNc2ccc3nccnc3n2)c1)N1CCCCC1,1.5728716022
CC(C)CN(c1ncnc2c1cnn2C)C1CC1,-0.136082623042
O=C(CCc1ccccc1)N1CCC(c2cccc(Cc3ccc(F)cc3)n2)CC1,-0.138465589141
Cc1ccc(-c2ccc(-c3nccn3CCCn3cnnc3)o2)cc1,2.08990511144
CCc1cc(NCc2cccc(OCCOC)c2)ncn1,-0.0824944904475
Cn1ccnc1CN1CCN(Cc2ccc(F)cc2C#N)CC1,0.799340549454
Cn1c(=O)n(Cc2cccc(OC(F)F)c2)c2cnccc21,0.127104798365
CCOC(=O)CNC(=O)c1ccc(O)cc1O,-0.152427340858
N#CC1(C(=O)N2CCN(Cc3ccccn3)CC2)CCCCC1,0.0453229787867
N#Cc1cccnc1NCCc1cn2c(n1)CCCC2,0.123851640967
CN(Cc1ccccc1)C(=O)c1ccc(-n2cccn2)nc1,-0.247183568812
O=C(CC1CCN(c2ncc(Cl)cn2)CC1)N1CCOCC1,-0.116906641424
Cc1sc2nc(CN3CCC(C)CC3)nc(N3CCN(c4cnccn4)CC3)c2c1C,0.968949680981
Cc1cc2cc(C(=O)N(C)CCC(=O)O)oc2cc1C,0.235528446908
Cc1ccncc1-c1ccc(-c2ccn[nH]2)cc1,-0.229147988358
CN(CC1(O)CCCC1)c1ncccn1,0.107209969648
CCNC(=O)C1CN(c2nc(C3CC3)nc3c2CCC3)C1,1.37106786227
Cc1cc(-c2nnc3ccc4ccccc4n23)n(C)n1,0.103803720956
Cc1nn(C)c2ncc(C(=O)Nc3ccc4c(c3)CCO4)cc12,-0.243363891754
Clc1ccc(NCc2ccoc2)nn1,-0.226213555019
CCOCC(=O)NCc1cc(C2CC2)n(C2CCCC2)n1,-0.114638779968
CCS(=O)(=O)Nc1ccc(Oc2ccc(F)cc2F)c(-c2cn(C)c(=O)c3[nH]ccc23)c1,1.70926996098
CN(C)C1(CNC(=O)N2CCCC(C)(C)CC2)CCOCC1,1.21748394421
CCc1noc(CN2CCCN(C(C)=O)c3ccccc32)n1,0.100370545118
Cn1ccc(CN2C(=O)c3ccccc3C2=O)cc1=O,0.278753600953
Cc1nc(Cn2ncc3ccccc3c2=O)cs1,-0.166852888087
Cc1ncccc1CNc1nnc(C(C)(C)C)s1,0.107209969648
Cc1ncc2c(n1)CN(CCCc1nc3ccccc3o1)CC2,-0.111259039317
COc1cc(Br)c(Nc2nc(-c3c(C)nc4ncccn34)cs2)c(Br)c1,0.413299764081
Cc1ccnc(-n2nccc2NC(=O)N2CCCN(C)CC2)c1,0.469822015978
O=C1Oc2nc3cc4c(cc3cc2CN1CCN1CCOCC1)OCO4,0.38381536598
Cc1nc2ccc(NC(=O)c3sc(-c4ccccn4)nc3C)cc2s1,-0.164309428508
CCOc1ccc(C(=O)Nc2cnn(C3CCOCC3)c2)cn1,0.149219112655
Cc1nc(O)cc(C2CCN(c3cnccn3)CC2)n1,1.6232492904
COc1ccc(-c2c(C)n[nH]c2C)cn1,-0.168770306133
O=C(/C=C/c1ccc(Cl)cc1)N1CCC2(CC1)CN(Cc1ccc(Cl)c(Cl)c1)C(=O)O2,0.397940008672
Cc1cc(N)n(-c2ncnc3sc(C)c(-c4ccc(Cl)cc4)c23)n1,-0.147520006363
Cc1nc(Cl)cc(Nc2cnn(C(C)(C)C)c2)n1,-0.16494389828
CCc1ccc2nc(C)cc(C(=O)N3CC(c4cccnc4)C3)c2c1,1.04921802267
CC(C)(C)CC(=O)N1CCC(OCCCN)CC1,0.905795880368
CC(C)NC(=O)Cn1nnnc1C(C)(C)C,0.0969100130081
CCn1nc(Cc2ccc(OC)cc2)nc1Cc1sc(C)nc1C,0.324282455298
CCONC(=O)c1cncn1-c1ccc(F)cc1,0.350248018334
O=C(Cn1nc2n(c1=O)-c1ccccc1C1=NCCN12)N1CCCc2ccccc21,0.861534410859
Cc1ccccc1OCCn1c(N)nc2ccccc21,0.184691430818
Cc1cccc(OC2CCN(CC(N)=O)CC2)c1,-0.196542884352
Clc1cccc(-c2nnc(Cn3cnc4ccccc43)o2)c1,-0.0624821079827
COc1cc(F)ccc1-c1ncccc1NC(=O)C(C)C,0.522444233506
CCCN(C(=O)c1c(CC)noc1C)C1Cc2ccccc2C1,-0.0236500209967
O=C(c1ccccc1)N1CCN(C(=O)c2ccc(-c3ccccc3Cl)o2)CC1,-0.165579296318
O=C(NCCN1C(=O)CSC1=O)c1cc(Cl)c2c(c1)OCO2,0.429752280002
CCc1ccc(-c2nccn2Cc2c(C)nn(CC)c2C)o1,0.515873843712
COc1ccc(Nc2ncnc3sccc23)c(OC)c1,-0.242603971207
Cc1cccc(C(=O)NCC#Cc2ccccc2)n1,-0.375717904164
CN(CCc1ccccn1)c1cnc2ccccc2n1,-0.193820026016
Cc1ccc(Cn2nc(C)c(C(N)=O)c2Cl)cc1,-0.178486471595
O=c1cc(CN2CCCCc3ccccc32)[nH]c2ccnn12,0.831229693867
O=C1CN(C(=O)c2cccc(Oc3cccc(C(F)(F)F)c3)c2)CCN1,0.923761960829
O=C(Nc1ccn(Cc2ccc(O)cc2C(F)(F)F)n1)c1c(F)cccc1F,0.348304863048
CC(C)CC(=O)N1CCC(Cc2cccc(-c3cncnc3)c2)(C(=O)NC(C)C)CC1,1.85612444424
O=C(CSC1CCCC1)N1CCC(Cn2cccn2)CC1,0.206825876032
CN(C)C(=O)c1sc2nc(C3(C)CCN(c4ncccn4)CC3)ccc2c1N,0.0969100130081
CSc1ccc(NC(=O)Cn2nc(C3CC3)ccc2=O)cc1,0.123851640967
Cc1nc2cc(NC(=O)CCc3c(C)nc4c(c(C)nn4C)c3C)ccc2o1,1.1303337685
O=C(NCCc1ccc2c(c1)OCO2)N1CCc2sccc2C1,-0.189767482005
COc1ccc(C(=O)C2CCN(CC(=O)N(Cc3nc4c(c(=O)[nH]3)COCC4)CC3CC3)CC2)cc1,1.73078227567
N#Cc1cc(-c2n[nH]c(-c3ccncc3)n2)ccn1,0.687528961215
Cc1ccc(C(=O)Nc2ccccc2-c2ccccc2)o1,-0.33254704711
CN(CCN1CCOC1=O)C(=O)c1cc2cc(Br)ccc2o1,0.357934847
CC1(C)OCCn2c1nc1c(N3CCOCC3)nc(-c3cnc(N)nc3)nc12,0.117271295656
CCSCc1nc(N)c2ccccc2n1,-0.166852888087
CNC(=O)c1sc2ncccc2c1[C@H]1CC[C@H](CNC(=O)COc2ccccc2)CC1,1.49136169383
O=C(C1CCC1)N1CCC(c2ncc(-c3ccc(F)c(F)c3)[nH]2)CC1,0.54406804435
CC(C)C(=O)Nc1ncn(Cc2cccnc2)n1,1.2121876044
Cc1csc(NC(=O)CCc2ccncc2)n1,-0.0574958938319
CSc1cccc(-c2ccccc2-c2nnc(C)o2)c1,-0.185752404268
O=C(c1cc(-c2cccc(Cl)c2)on1)N1CCC(n2cccc2)CC1,-0.156144577377
Nc1ccc2[nH]c(CCc3ccccc3)nc2c1,0.103803720956
Cc1ccc2c(C(=O)N(C)C)cc(-c3cnc(C(C)C)nc3)nc2c1C,0.290034611363
COc1ccc2nc(CN3CCC(O)(c4ccc(C)cc4)CC3)ccc2c1,-0.314258261398
Fc1ccccc1CN1CCN(c2ncccn2)CC1,-0.144480844332
CN(Cc1ccn(-c2ccccc2)n1)C(=O)c1ccc(O)nc1,1.4885507165
O=C(c1noc2c1CCCC2)N1CCN(c2ncccn2)CC1,-0.204815410318
CN(Cc1ccc2c(c1)OCO2)Cc1ccccc1C#N,-0.454692883534
CC1(C)CN(CC(=O)NCC#N)c2cccc(Cl)c21,-0.224025668871
Cc1ccc(C(=O)NC2CCN(CC#N)CC2)cc1Br,-0.0457574905607
Cc1nc(-c2ccc(Cl)c(Cl)c2)n(CC(C)(C)O)n1,-0.197910742118
Cc1csc(N(C(=O)c2cc3c(C)nn(C)c3s2)C2CC2)n1,-0.192464971931
CC(=O)Nc1cccc(OC(=O)N2CCOCC2)c1,0.41830129132
Cc1cccnc1CNc1ccc(C#N)cc1F,-0.280668713016
CC(C)n1nccc1-c1ncccc1COc1cccc(O)c1C=O,0.0253058652648
O=C(Nc1ccc(F)cc1F)N1CCn2c1nc1ccccc12,-0.329754146926
O=C(Cn1c(-c2ccc(F)cc2)nc2ccccc21)N1CCOCC1,1.10720996965
CC(=O)N1CCN(C(=O)c2ccc(-c3ccc(F)cc3)cc2F)CC1,0.167317334748
COCc1ccccc1CNc1ccc2cc(C#N)ccc2n1,-0.354577730651
Cc1csc(CN(C)c2ccnc(N(C)C)n2)n1,-0.238072161579
Cn1cc(C#N)cc1-c1nc(C2CC2)nn1CCc1ccccc1,-0.030584087646
Nc1nnc(-c2ccc3c(c2)OCCO3)o1,-0.18243463044
N#CCCCN1CCN(c2cc(C#N)ccn2)CC1,-0.251811972994
CCc1ccccc1NC(=O)CCn1ccnc1-c1ccc2c(c1)OCO2,1.34439227369
CC(C)Cn1cnc2c1c(=O)[nH]c(=O)n2CC(C)C,0.292256071356
CCn1ccc2cc(C(=O)N3CCN(c4ccc(C)cc4)C(=O)C3)ccc21,0.39269695326
Cn1cc(-c2nnc(NCc3ccc4ccccc4c3)o2)cn1,-0.154281982033
Cc1nn(C)c(C)c1NC(=O)CN1CCN(c2nccs2)CC1,1.27646180417
CCc1c(N)cnn1-c1ccccc1C,-0.169411331315
Cn1ccc(C(=O)N2CCCC(c3cccc(-c4cccc(Cl)c4)n3)C2)n1,-0.0851281824599
CCN(CC)S(=O)(=O)c1ccc2c(c1)CCN2CC(=O)NCc1ccccc1F,0.996511672154
CNC(=O)CN(C)c1cccc(F)c1C#N,-0.131943638177
O=C(Cc1csc(-c2ccccn2)n1)NC1CCCCCC1,-0.0245681914907
CN1C(=O)N(CC(=O)Nc2ccccc2-c2ccccc2)C(=O)C1(C)C,1.1105897103
Cc1nc(Cl)cc(Nc2ccc3c(c2)N(C)C(=O)CO3)n1,-0.127261172527
COc1cc2nc(N)sc2cc1OC,-0.175223537524
CCOC(=O)C1(Cc2cc(-c3ccc(F)cc3)no2)CCN(Cc2ccccc2O)CC1,0.334453751151
COc1cc(CN2CCC(c3ccnc(C)n3)CC2)ccc1F,-0.171340103465
Oc1ccc(CN2CCN(c3cccc(Cl)c3)CC2)cc1,-0.345823458122
CNC(=O)c1cn(C)nc1CC1CCN(Cc2cnc(-c3ccc(OC)cc3)nc2)CC1,1.31386722037
Cc1cc(Oc2ncccn2)ccc1NC(=O)c1c(C)oc(C)c1C,-0.0969100130081
Cc1ccc(NC(=O)c2cccc(N(C)C)c2)cc1NC(=O)c1ccc(O)cc1,1.22010808804
COc1cccc(-c2nc(C(=O)O)cs2)c1OC,-0.0381045263321
COc1ccc2c(c1)C=C(CN1CCC(c3cc(-c4cncnc4)cc(C)n3)CC1)CO2,0.152288344383
O=C(C(c1ccccc1)c1ccccc1)N1CCOCC(Cc2ccc3cnccc3c2)C1,0.294466226162
COc1ccc(OCC(=O)N2CCN(C)CC2)cc1,-0.117475462045
CC(=O)N1CCN(C(=O)CCc2ccc(-c3ccccc3)[nH]2)CC1,0.945960703578
Cc1cc(NC(=O)c2cccs2)no1,-0.209714835967
Cc1csc(N(C(=O)c2ccc(-n3cncn3)c(F)c2)C2CC2)n1,-0.200659450546
COc1c(C)cnc(CN(C)S(N)(=O)=O)c1C,0.281033367248
CCc1ccccc1NC(=O)c1cc(C)nc2onc(C)c12,-0.173925197299
Cc1cc(C(=O)N(C)Cc2ccsc2)no1,-0.185086818725
OCCN1CCC(c2ccncn2)CC1,-0.211124884225
CN(c1ncc(Br)cn1)C1CCS(=O)CC1,-0.0254883072627
CCc1ncnc(N(C)Cc2ccc(N)nc2)c1F,-0.197226274708
COc1ncnc2c1CN(Cc1c[nH]nc1-c1ccc(F)cc1)CC2,0.84695532502
O=C(NCc1cc(F)cc(F)c1)c1ccccn1,-0.143271109617
CN1CCC(n2ncc3[nH]c(-c4ccc5ccccc5c4)nc32)CC1,1.14301480025
O=C(Cc1ccc2c(c1)CCC2)Nc1nc2ccccc2o1,-0.301899454377
Cc1cc(C(=O)Nc2c(C)nn(C(C)C)c2C)c2ccc(F)cc2n1,0.9253120915
COCc1cc(-c2nc(CCc3ccccc3)n[nH]2)ccc1OC,0.35983548234
Cc1nc(C)c2c(C)c(C(=O)N(C)CCN3CCCC3)sc2n1,1.10037054512
Cc1ccc2nc3c(c(C(=O)NCc4cnn(C)c4)c2c1)CCCC3,1.25042000231
Clc1cc2ncc(-n3ccnc3)nc2cc1Cl,-0.314258261398
CN(Cc1ccncc1)Cc1cc2ccccc2nc1O,0.399673721481
CCC(CC)NC(=O)c1cc(C)nc2onc(C)c12,0.127104798365
CCCN(C)C(=O)Nc1cccc(-c2nnc3n2CCCCC3)c1,1.96567197122
CN(CC(N)=O)Cc1cc2c(cc1Br)OCO2,-0.118615343229
CC(C)c1nc2c(n1C)CCN(C(=O)c1cccc(C(F)(F)F)c1F)C2,0.903632516084
COc1cccc(-c2nc(-c3cccnc3)n[nH]2)c1,-0.156144577377
CC(C)(C)c1ccc(CN2CCC(C(N)=O)CC2)cc1,-0.0109953843015
N#Cc1ccc(N2CCc3c(ncn3C3CC3)C2)nc1,-0.057000406634
O=S(=O)(Cc1csc(C2CCCC2)n1)C1CCCC1,-0.269217724334
N#Cc1cc(F)c(N2CCN(CCO)CC2)c(F)c1,-0.280668713016
CC(C)c1nnc(CN2CCN(c3nccs3)CC2)o1,-0.012780770092
O=C(NCc1cccnc1)c1cnn(-c2ccccc2)c1,0.390935107103
CC(=O)NCC1CCN(C(=O)c2ccc(C)nc2)CC1,2.11394335231
CC1CCN(C(=O)c2n[nH]c3ccccc23)CC1,-0.251037138744
CN(Cc1cccnc1)Cc1ccc(C#N)o1,-0.188424994129
Nc1nc(N)c2nc(-c3cccc(O)c3)c(-c3cccc(O)c3)nc2n1,0.444044795918
Cc1ccc(CCNC(=O)N2CC(C)(C)OC(C)(C)C2)cn1,1.35983548234
CS(=O)(=O)N(CC(=O)Nc1ccccc1C(=O)NCc1ccco1)c1ccc(F)cc1,0.982723387669
Cc1ccc(F)cc1CNc1cc(C(=O)N(C)C)ccn1,0.0293837776852
COCCc1nc(CCCn2cccn2)n(C2Cc3ccccc3C2)n1,0.993876914941
Cn1nc(-c2cn(Cc3ccc(CO)cc3)nn2)c2c(Cl)cccc21,0.709269960976
CC(C)c1nnc(CNC(=O)C2(C)CCC2)n1C,1.65705585286
Cc1nn(-c2ccccn2)c2nc(C3CC3)cc(C(=O)O)c12,0.401400540782
CCc1nc(CC)n(Cc2nc(C)cs2)n1,-0.0985416786039
OCc1ccc(Cn2cc(-c3cc(F)ccc3-n3cccn3)nn2)cc1,0.320146286111
Cc1nc(CC(=O)NCc2ccccc2)cs1,-0.10237290871
O=C(Nc1ccc2c(c1)OCCCO2)c1cnn(Cc2ccccc2)c1,-0.193820026016
CC(C)C(=O)N1CC(Cc2nccc3ccn(C)c23)C1,0.862131379313
COc1ccc(Nc2nc(N)nc(CN3CCN(Cc4ccccc4)CC3)n2)cc1,1.03742649794
CCCN(Cc1ccccc1)C(=O)CC1(N)CCC1,1.07554696139
Cc1ccc(CNC(=O)CN2CCC(n3nnc4cc(C)ccc43)CC2)cc1,0.5728716022
COC(=O)N1CCCN(C(=O)C(=O)Nc2cccc(C(C)C)c2)CC1,0.0293837776852
O=C(Nc1ccn(Cc2ccccn2)n1)c1c(F)cccc1I,0.454844860009
CCN1CCC(Nc2nc(C)cc(C)c2C#N)CC1,0.0934216851622
CS(=O)(=O)CCNC(=O)N1CC2(CCCC2)c2ccccc21,0.564666064252
O=C(COCC1CC1)N1CCCc2ncccc21,-0.0835460514501
O=C(NCc1ccc(F)cc1)c1ccc(-n2ccnc2)nc1,0.0170333392988
O=C(NCCNC(=O)c1cc(-c2ccccc2)nc2ccccc12)c1ccco1,1.0
O=C(NC1CCCC1)C(=O)c1ccc2c(c1)CCC2,-0.261219441516
COc1cc(CNC(=O)NC2CCCCC2)cc(OC)c1O,0.621176281775
COCc1ccccc1CNc1ccc2nnc(-c3ccccc3)n2n1,0.969881643746
CN1C(=O)N(CC(=O)NCc2ccc(Cl)cc2)C(=O)C12CCCCC2,0.742725131305
Cc1ccccc1OC1CCN(C(=O)Nc2ccc3c(c2)ncn3C)CC1,0.939519252619
CC(C)c1nnc(CN2CCN(c3ccccc3Cl)CC2)o1,-0.185752404268
O=C(Nc1ccc(S(=O)(=O)Nc2ccnn2-c2ccccc2)cc1)c1ccco1,1.688419822
Cc1ccc2nc(C)c(-c3nc(C)nn3CCO)cc2c1,0.955206537542
COc1ccc(-c2nnc3ccc(C(F)(F)F)cn23)cc1OC(C)C,0.0453229787867
COCC(=O)Nc1nc(C)c(C)s1,-0.181114585406
Cc1ccc(NC(=O)Cc2c[nH]c3ccccc23)cc1,-0.341988603343
CC(C)C(=O)N1CCC(Nc2ncnc3ccsc23)CC1,0.816241299992
Cc1nc(NCc2ccc(F)c(Cl)c2)n(C)n1,-0.102922996791
O=C(NCc1cccc(F)c1)c1[nH]nnc1-c1ccccc1,0.136720567156
Cn1ccc2c(C(=O)Nc3ncn(Cc4cccnc4)n3)cccc21,1.73957234445
c1ccc2c(N3CCn4c(nnc4C4CC4)C3)ncnc2c1,1.20411998266
CCCC(=O)Nc1ccc(-n2cccn2)nc1,-0.252588192114
CCn1cc(CN2CCC(c3nc(N(C)C)ncc3-c3ccc(OC)cc3)CC2)c(C)n1,1.12385164097
Cc1ccc(C)c(C(=O)Nc2cnc3c(c2)c(C)nn3C)c1,-0.173925197299
CC(=O)N1CCC(c2ccccn2)CC1,-0.101823516502
O=C(c1ccc(Cn2nnc(-c3cccc(F)c3)n2)cc1)N1CCCC1,-0.100726812682
Cc1ccc2nc(C)c(C(=O)NOCc3ccccc3)cc2c1,-0.17652577083
Cc1ccc(C(=O)C(=O)NC2CCCC2)cc1,-0.326979092871
O=C(CN1CCCC(c2cccc(-c3cccc(Cl)c3)n2)C1)N1CCCC1,0.334453751151
COc1cccc(CNc2ncc(-c3ccccc3)n2C)c1,-0.268411234813
O=C(CN1CCCC(c2cncc(-c3cccc(Cl)c3)n2)C1)N1CCCC1,0.238046103129
Cc1nc2ccccc2c(N)c1C(=O)/C=C/c1ccccc1,-0.612610173661
CCc1ccccc1-c1cn(CCc2cnccn2)nn1,-0.106238237942
O=C(NCc1ccc(F)cc1)c1ccccn1,-0.265200170411
CN1CCN(CCOc2ccccc2N)CC1,-0.261219441516
Cc1cc(C)n(-c2ccc(C(=O)NCc3cccnc3)cc2)n1,0.694605198934
CNC(=O)CC1CCN(c2ncccn2)CC1,-0.0846001647877
Cc1ccc(C(=O)C(=O)Nc2c(C)nn(C)c2C)cc1,-0.211124884225
CCCn1ncnc1-c1ccccc1SC,-0.0979971086493
O=C(CCc1cccs1)Nc1ccc(N2CCOCC2)cn1,-0.209011524911
Cc1nccc(-c2cccc(NCC(=O)NCC(=O)N3CCCC3)c2)n1,1.63748972951
CC(C)C(=O)Nc1ccc2cnn(C(C)C)c2c1,0.152288344383
O=C(c1ccccc1-n1cccn1)N1CCN(Cc2cccnc2)CC1,1.28555730901
O=C(O)CCn1c2ccccc2c2ccccc21,-0.0920514783877
O=C(O)/C=C/c1ccc(Cn2ccnc2)cc1,0.47712125472
Cc1c(-c2ccc(O)cc2)n(Cc2ccc(OCCN3CCCCCC3)cc2)c2ccc(O)cc12,1.54555450723
c1ccc2c(c1)CN(c1cnc3ccccc3n1)CCN2,-0.267606240177
N#Cc1cccnc1NCCc1ccc(F)cc1,-0.284832642152
N#CCCCN1CCC(c2c[nH]c3ccccc23)CC1,-0.337242168318
CCn1c(C)nc2cc(NC(=O)c3ccc(=O)n(CC(=O)N4CCCCC4)c3)ccc21,0.61066016309
Cc1nn(C)c(C)c1C(=O)NCc1ccccc1,-0.104577453961
CC(C)n1ccc(C(=O)N2CCS(=O)(=O)C(C)(C)C2)n1,0.38381536598
Cc1nc2cc(NC(=O)Cc3c(C)nc4ccccc4c3C)ccc2o1,0.65991620007
C[C@@H](c1ccc2ccc(O[C@H]3CC[C@@H](C(F)(F)F)CC3)c(C(F)(F)F)c2c1)N1C2CCC1CC(C(=O)O)C2,1.71432975975
Cc1ccccc1-n1c(CC2CCN(C(=O)C3CC3)CC2)n[nH]c1=O,2.06818586175
Cn1c(CNC(=O)Cc2cccc3ccccc23)nc2ccccc21,0.367355921026
CS(=O)(=O)CCc1nc(C2(c3ccccc3)CC2)nn1-c1ccccc1,0.770852011642
Cc1nc2ncccn2c1C(=O)N(CC#Cc1ccccc1)C1CCCC1,0.28780172993
CC(C)c1noc2nc(C3CC3)cc(C(=O)N3CCN(C)C(=O)C3)c12,1.60852603358
O=c1[nH]c2ccccc2n1C1CCN(Cc2nnsc2Cl)CC1,0.910624404889
COc1ccc2nc(C)nc(N3CC(O)(c4ccc(F)cc4)C3)c2c1,0.587710965019
Fc1ccc(F)c(CN2CCN(Cc3ccc4c(c3)OCO4)CC2)c1,-0.190440285365
c1cc(CN2CCC(c3ccn[nH]3)CC2)ccn1,0.0211892990699
Cc1[nH]c2ccc(Cl)cc2c1CC(=O)N1CCC(Cc2ncncc2C(N)=O)CC1,1.26951294422
O=C(NCCN1CCC(c2ccccc2)CC1)c1ccc2ncsc2c1,0.117271295656
c1ccc(-c2noc(NCC3CCC3)n2)cc1,-0.218244625348
c1ccc(-c2n[nH]c(C3CCN(c4cnc5ccccc5n4)CC3)n2)cc1,0.0791812460476
COc1cccc(OCCCn2cncc2-c2cc3c(cc2OC)OCCCO3)c1,0.722633922534
COc1ccc(-c2nc(CC(N)=O)sc2C)cc1.Cl,-0.609064892897
O=C1NCCCCC1NC(=O)N1CCc2sccc2C1,0.651278013998
O=C(O)c1ccc(=O)n(CCc2c[nH]c3ccccc23)c1,0.378397900948
Cn1ccc(CN2CCC(c3cnccn3)CC2)n1,-0.00744648216786
Cc1nccn1-c1ccc(F)cc1CNC(=O)C(C)C,1.34635297445
O=C(CN1CCSC1=O)Nc1ccccc1F,-0.131355561605
COc1ccc(CNCc2cccc3ccccc23)cc1,-0.346787486225
O=C(NCc1ccccc1)c1ccc(NS(=O)(=O)c2ccc(C3CCCCC3)cc2)cc1,0.429752280002
Cc1noc(NCc2cccc(-c3cccnc3)c2)n1,-0.123782159408
CCCn1cnnc1Cn1ccnc1-c1ccc2occc2c1,1.97220283838
Cc1ccc(NC(=O)CN(C)C(=O)c2ccccc2F)nc1,0.155336037465
O=C(CCNc1ncccn1)N1CCc2ccccc2C1,0.0899051114394
CN(Cc1cccc(C#N)c1)Cc1cnn(C)c1,-0.238072161579
Nc1cnc(Cc2ccc(F)cc2)nc1,-0.173925197299
Cc1ccc(F)cc1NC(=O)c1cnc2onc(C(C)C)c2c1,-0.1877553032
O=C(CCCc1ccc(F)cc1)N1CCN(c2ccccc2)C(=O)C1,-0.0476919903379
CC(C)NC(=O)c1cc(-c2ccccc2)n(-c2ccccn2)n1,-0.11804502866
CS(=O)(=O)NC1CCN(C(=O)NCCc2ccc(F)cc2)CC1,1.54777470539
Cc1cc(C)c2c(N(C)CCC(C)C)ncnc2n1,-0.0644927341753
CN(CC(=O)NC1CC1)C(=O)C1C2CC3CC(C2)CC1C3,0.198657086954
CCc1nnc(NC(=O)Cc2c(C)noc2C)s1,1.10720996965
CN1CCCN(c2nc(C(F)(F)F)nc3cc4c(cc23)OCO4)CC1,0.0453229787867
CCn1nccc1CNc1nnc(-c2ccc(OC)cc2)o1,0.276461804173
Fc1cncc(-c2cnc(NCc3ccc(Cl)c(F)c3)nc2)c1,-0.469800301797
O=C1CCC(=O)N1CCN1CCCCc2ccccc21,-0.186419011432
O=C1CC2(CCN(C(=O)NCc3ccccc3)CC2)Oc2ccccc21,0.484299839347
O=C(NC1CCCC1)N1CCN(c2nccn3nc4c(c23)CCCC4)CC1,0.301029995664
O=C(Cc1ccccc1F)N1CCN(c2nccn3nc4c(c23)CCCC4)CC1,-0.0172766123315
CCC(=O)NCc1cc(C2CC2)n(C2CCCC2)n1,0.0211892990699
O=C(Nc1nccs1)c1c2c(nc3ccccc13)CCC2,0.158362492095
CC(C)(C)c1ccc(C2=NC3(CCNCC3)NC2=O)cc1,1.52891670028
O=C(CSc1ncn[nH]1)N(C1CCCCC1)C1CCCCC1,0.409933123331
O=C(CCCc1cc(Cl)sc1Cl)N1CCC(O)CC1,-0.0670191780768
Cc1cc(C)n(-c2ccc(CNC(=O)C3CCC3)cn2)n1,0.0334237554869
CN1CCC(NS(=O)(=O)C2CN(C(=O)c3cccc(Cl)c3)C2)CC1,1.45331834005
O=C(NCc1ccc2c(c1)OCCO2)c1sccc1C1CC1,-0.324221658326
NC(=O)CN1CCC(Oc2cccc(F)c2)CC1,-0.265200170411
O=S(=O)(N1CCOCC1)N1CCN(Cc2ccccc2F)CC1,-0.0186344909215
COc1ccc(-c2nc(C3CCN(C(=O)c4sc(C)nc4C)CC3)[nH]c2C(N)=O)cc1,1.62428209584
CCn1c(SC)nnc1C1CCN(C)CC1,0.872156272748
CC(=O)N1CCN(CCNC(=O)N2CCc3sccc3C2)CC1,1.48287358361
Cc1ccccc1CC(=O)N1CCN(C(=O)c2ccccc2)CC1,0.313867220369
O=C(Nc1ccccc1-n1ccnc1)c1cccs1,-0.130768280269
Cc1nc2c(c(N(C)Cc3ccccc3)n1)CCN(Cc1ccccc1)C2,-0.129596094721
Cc1nn(-c2ccc(F)cc2)c(Cl)c1C(=O)N1CCC(S(=O)(=O)C(C)C)CC1,1.16435285578
COc1ccc(CN2CCN(c3cc(C)nc(N)n3)CC2)cc1OC,0.755874855672
CCN(C(C)=O)c1ccc(C)cc1C(=O)O,-0.0634862575211
CCc1ncc2c(n1)CN(c1ccnc(-c3ccccc3)n1)CC2,-0.314258261398
CON(C)C(=O)c1cccc2c(C)c(C)[nH]c12,-0.32239304728
CC(C)c1nnc(-c2ccc(-c3ccccc3)nc2)n1-c1cccc2nonc12,0.611723308007
N#Cc1ccccc1-c1ccc(-c2nccn2-c2cccnc2)o1,0.170261715395
Cc1cc(CNc2ncc(C(F)(F)F)cc2Cl)no1,-0.221125527997
COCCNC(=O)CN1CCN(c2nccn2-c2cccc(Cl)c2)CC1,1.72015930341
Cc1cc(NC(=O)CCc2c(C)nn(C)c2C)no1,0.586587304672
CCCn1ncc2[nH]c(-c3cc(Cn4cncn4)c(C)cc3C)nc21,1.95856388322
CCc1nnsc1C(=O)Nc1cccc(-c2nnc3n2CCCCC3)c1,1.67394199863
OC1CCN(c2ncc(-c3cnccn3)c(-c3cccs3)n2)CC1,0.0569048513365
CN(CC(=O)Nc1cc(F)cc(F)c1)c1ccnc(C(N)=O)c1,1.08990511144
CSc1ncccc1C(=O)Nc1ccc(N2CCCCC2=O)cc1,0.910624404889
CCC1(CC)NC(=O)N(CC(=O)N2CCOCC3(CCCC3)C2)C1=O,1.91115760874
O=C(Cc1ccc(Cl)c(Cl)c1)N1CC(n2ccnn2)C1,0.320146286111
Cc1oc(C)c(C(=O)Nc2ccn(C)n2)c1C,-0.224025668871
CN(C)c1ccc(Cn2c(=O)[nH]c3ccccc3c2=O)cn1,0.673020907129
Cc1nc(C)c2c(C)c(C(=O)N(C)Cc3ccc(C)o3)sc2n1,0.0413926851582
Cc1cccn(Cc2cccc(C#N)c2)c1=O,-0.161150909263
Cc1nc(N2CCN(C)CC2)nc(C)c1NC(=O)C1CCCCC1,0.550228353055
CC(C)(O)C(=O)N1CCC(c2ccc3c(NCc4ccccc4F)n[nH]c3n2)CC1,1.18752072084
CCCc1cc(N2CCc3c(nc(C(C)C)n3C)C2)n2ncnc2n1,1.1825573013
CN(Cc1c(F)cccc1Cl)C(=O)c1ccc(-n2ccnc2)nc1,-0.204119982656
Cc1sc(NC(=O)CN2CCOC(C3CCCO3)C2)c(C)c1C,0.00432137378264
Cn1ccnc1CNc1cc(Br)ccc1-n1cccn1,-0.0752040042021
O=C(NCCNc1ncccc1C(F)(F)F)c1cnc2ccccn2c1=O,0.0374264979406
O=C(Nc1nncs1)c1cccnc1,0.0170333392988
Fc1ccc(F)c(-c2nc(C3CCOCC3)nn2-c2cccnc2)c1,0.123851640967
Cc1nc([C@H]2CC[C@H](CNC(=O)CN3CCC(c4ccccc4)CC3)CC2)ccc1C(N)=O,1.17318626841
O=C(NC1(c2ccccc2)CCC1)c1cc(C2CC2)on1,-0.265200170411
CN(Cc1nnc(C2CC2)n1C)C(=O)C1C2CC3CC(C2)CC1C3,1.04532297879
CN(Cc1nc(N)c2ccccc2n1)Cc1ccc(F)cc1F,0.542825426959
CCCCCNC(=N)N/N=C/c1c[nH]c2ccc(OC)cc12,1.85733249643
COc1ccc(CCn2c(C3CC3)n[nH]c2=O)cc1,0.001959
Cn1c(=O)n(C)c2cc(CN3CCC(c4ccc(Cc5ccccc5F)cn4)CC3)ccc21,0.795184589682
O=C(NC1CC1)c1cccnc1Oc1ccccc1,-0.227678293277
N#Cc1ccc(CN2CC(n3cccn3)C2)cc1,-0.22475374026
NC(=O)Cn1ccc(-c2ccccc2)n1,-0.101274818411
COc1ccc(C(=O)Cn2c(=O)n(-c3ccccc3F)c3nc(C)nc(C(N)=O)c32)cc1,0.164352855784
Cc1cccc(NC(=O)c2cccc3ncccc23)c1,-0.326979092871
O=C(O)CNc1nc(-c2ccccc2)nc2ccccc12,-0.132532512141
COCCS(=O)(=O)N1CCC2(Cc3ccccc3C2)C1,-0.234331445241
Cc1cnn(Cc2nnc(-c3ccccc3)s2)c1,-0.256490235272
Cc1cc(N(C)Cc2ccc(N)nc2)nc(-c2ccncc2)n1,0.643452676486
O=C(NCC1CCC1)c1ccc(-n2ccnc2)nn1,-0.210419287836
CC1(c2nnc(-c3cc(-c4ccccc4)n[nH]3)o2)CCOCC1,0.0827853703165
COc1ccc2nc(C)c(C(=O)Nc3ccccc3N3CCCC3)cc2c1,-0.315154638356
Cc1nnsc1CN(C)c1ccc2cc[nH]c2n1,-0.226945306636
Cn1cnnc1CNc1ccccc1C#N,0.658964842664
O=C(c1ccc(O)nc1)N1CCN(c2ncccn2)CC1,0.845098040014
COc1ccc(NC(=O)c2snnc2C)c(OC)c1,-0.2831622767
Cc1ccc(F)c(N(C#N)Cc2nccn2C(F)F)c1,-0.212539525482
CC(=O)N1CCCN(C(=O)Nc2ccc(N(C)C3CCCCC3)c(F)c2)CC1,1.45024910832
O=S(=O)(c1cn[nH]c1)N1CCCC(c2cccc(-c3cccc(Cl)c3)n2)C1,0.47712125472
CN(C)c1ncn(-c2cccc(N)c2)n1,-0.22475374026
Cc1ccc(-n2nc(C(C)(C)C)cc2NC(=O)Nc2ccc(OCCN3CCOCC3)c3ccccc23)cc1,0.816241299992
c1ccc(-c2cc3c(N4CCC(c5ncc[nH]5)CC4)ncnc3s2)cc1,1.25042000231
C=CCNC(=O)C1(Cc2ccc(-c3ccccc3)cc2)CCN(C(=O)c2cccnc2)CC1,1.44715803134
Cc1ccc(-c2nc(CN3CCOCC3)n(Cc3ccc(F)cc3)n2)o1,0.613841821876
CCC1(O)CN(c2ncnc3c2c(Br)nn3C)C1,-0.0705810742857
Cc1cccc(NC(=O)c2ccc3ccccc3c2)n1,-0.899629454882
c1ccc(-c2c(-c3ccc(OCCN4CCCC4)cc3)[nH]c3ncnc(NCC4SCCS4)c23)cc1,1.39794000867
O=C(Nc1cccc(-c2cnco2)c1)C1(c2cccc(F)c2)CCOCC1,0.37474834601
CC(=O)NCC1CCN(C(=O)c2cncn2-c2ccc(F)cc2)CC1,1.77451696573
Cn1cc(CCNC(=O)N2CCc3sccc3C2)cn1,0.178976947293
Cc1cc(CCCC(=O)NC[C@H]2CC[C@H](c3ccc(C(N)=O)c(C)n3)CC2)ccc1F,1.52244423351
COC1CCN(C(=O)Nc2cc(C(F)(F)F)cc(C(F)(F)F)c2)CC1,-0.32239304728
Cc1cccc(Oc2cc(CN)ccn2)c1C,-0.353596273777
CC(C)(C)Sc1c(CC(C)(C)C(=O)O)n(Cc2ccc(Cl)cc2)c2ccc(OCc3ccc4ccccc4n3)cc12,0.37474834601
Cc1ccc2c(CC(=O)N(C)Cc3nnc4n3CCC4)coc2c1C,1.82020145949
CC(C)(C)c1nnnn1CC(=O)NC12CC3CC(CC(C3)C1)C2,-0.110138278742
O=C(O)c1ccccc1-n1cnc(CN2CCCC2)c1,0.396199347096
COc1cccc(CC(=O)Nc2ccc3nc(C)sc3c2)c1,-0.0872466963287
Cc1cc(C)c(CC(=O)N2CC(CO)C2)c(C)c1,0.235528446908
Cc1sc2nc(CN3CCCC3)nc(N)c2c1C,1.24551266781
CC(C)c1nc2c(n1C)CCN(c1ncnc3ccccc13)C2,0.634477270161
Cc1nn(CCC#N)c(C)c1Oc1ccccc1O,0.195899652409
OC1(Cn2nnc(-c3cccnc3)n2)CCCCC1,-0.180456064458
Cc1cc(C(=O)NCCc2ccccn2)c(C)s1,-0.194499141842
Nc1ccc(Oc2ccccc2F)nc1,-0.275724130399
Cn1c(-c2ccc(F)cc2)cnc1NC(=O)CCC(=O)N1CC(=O)Nc2ccccc21,1.68304703824
Cc1nc(CN2C(=O)CN(C3CCCC3)C2=O)nc2ccccc12,0.187520720836
CCOC(=O)c1cccnc1-c1cccc2ccnn12,-0.16304326294
COc1cc2c(cc1OC)CN(C(=O)C1CCCN(C(=O)Nc3ccccc3)C1)CC2,1.43136376416
NC(=O)c1ccccc1NC(=O)CN1CCCC(c2nc3ccccc3o2)C1,0.903089986992
COc1cc2c(cc1OC)CN(C(=O)C1CCCN(S(=O)(=O)c3ccc(F)cc3)C1)CC2,0.732393759823
O=C(c1cccc2ccccc12)N1CCCC(C(=O)N2CCc3ccccc3C2)C1,0.765668554759
CCCS(=O)(=O)N1CCCC(C(=O)N2CCc3ccccc3C2)C1,0.271841606536
O=C(CN1CCCC(c2nc3ccccc3o2)C1)Nc1ccc(OC(F)(F)F)cc1,-0.00744648216786
CC(C(=O)Nc1ccc(C(N)=O)cc1)N1CCCC(c2nc3ccccc3o2)C1,1.17897694729
Cc1ccc(NC(=O)CN2CCCC(c3nc4ccccc4o3)C2)cc1C,0.0334237554869
Cc1nc(O)cc(C2CN(C3CCCCC3)C2)n1,1.21748394421
CN(C(=O)C1CCN(c2ncccn2)CC1)C1CCCCCCC1,-0.0705810742857
CCS(=O)(=O)N1CCC(C(=O)N(C)C2CCCCCCC2)CC1,0.195899652409
COc1ccnc(N2CC(n3nc(C)cc3C)C2)n1,-0.183758700008
Cc1cc(Nc2ccc(F)cn2)cc(C2CCN(C(=O)COc3ccccc3F)C2)n1,0.977723605289
COCCOCc1ccc(-c2cc3onc(-c4ccccc4)c3c(=O)n2C)cc1,-0.33161408331
Cc1cc(C(=O)N2CCOC(C)(C)C2)cc(C)c1OCc1cccnc1,0.338456493605
Cc1ccc(S(=O)(=O)N2CCC[C@H](C(=O)NC3CCOCC3)C2)cc1,1.32014628611
COc1ccc(CNC(=O)CCCOc2ccc(C(C)=O)cc2)cc1,0.00860017176192
CCc1ccc(-c2nccn2CC(=O)Nc2ccc(C)cc2F)nc1,-0.139661993429
Cc1cc(NC(=O)C2CCN(c3ccncc3Cl)CC2)no1,-0.34008379993
Fc1cccc(CN2CCN(c3ncccn3)CC2)c1,-0.278189384787
CCN(Cc1ccccc1)C(=O)c1ccc(O)cc1O,-0.0809219076239
CCN(Cc1ccccc1)C(=O)c1cccnc1N,-0.187086643357
Cc1nc(-c2cc(C)on2)n(CCc2ccccc2)n1,-0.221848749616
CCCNC(=O)c1ccnc(N(C)C)c1,-0.210419287836
O=C(NCC(=O)N1CCN(C2CC2)CC1)c1ccccc1,-0.181114585406
CCc1cc2c(cc1N1CCC(N3CCOCC3)CC1)C(C)(C)c1[nH]c3cc(C#N)ccc3c1C2=O,1.07188200731
CCN(C(=O)c1cc(NC(C)=O)ccc1F)C1CCCC1,1.15228834438
Cc1ccccc1C(=O)Nc1nc(C)c(C)s1,-0.254144804826
CC(C)c1cc(C(=O)N2Cc3ccc(CN4CCN(C)CC4)cc3C2)c(O)cc1O,1.3856062736
COc1ccccc1C(=O)Nc1cccc(C#N)c1,-0.609064892897
CC(=O)Nc1ccc(C(=O)N2CCc3ncncc3C2)cc1,1.23552844691
CC(C)c1nnc(NCc2ccn(C)c2)o1,-0.114638779968
CC(C)N1CCC(O)(c2ccccc2F)CC1,-0.2700257143
CN(Cc1cnn(C)c1)C(=O)c1ccccc1-c1ccccc1C#N,1.28555730901
O=C(CN1CCc2ccccc21)N1CCC(c2nc3ccccc3[nH]2)CC1,1.74896286126
O=c1[nH]c2ccccc2n1C1CCN(CCc2ccccn2)CC1,1.69019608003
CC1Cc2ccccc2N1C(=O)CN1CCC(n2c(=O)[nH]c3ccccc32)CC1,1.4623979979
Cc1ccc(NC(=O)C(C)(C)c2ccccc2)nc1,-0.254925208418
O=C(NCc1ccc(F)cc1)C1CCN(C(=O)/C=C/c2ccccc2)CC1,0.790285164033
COCCNc1cc(NC(=O)N2CCCc3cc(CN4CCN(C)CC4=O)c(C=O)nc32)ncc1C#N,1.66275783168
CC(C)(C(=O)NCc1ccccn1)c1ccccc1,-0.133122185663
O=C(Nc1ccccc1-n1ccnc1)c1ccc(F)cc1,-0.0172766123315
O=C(Nc1ccc(C(=O)O)c(O)c1)c1ccc(NC(=O)c2cccs2)cc1,-0.242603971207
CC(C(=O)N1CCc2sccc2C1)N1CCCN(c2ccccc2C#N)CC1,-0.0599818449923
COc1ccc(C(=O)N(C)Cc2nccn2C)c(F)c1,0.346352974451
CC(C)CN1C(=O)C(=O)N(Cc2ccccn2)C1=O,-0.0767559813697
CON(C)C(=O)CCc1c(C)nn(C)c1C,0.123851640967
CN1CCN(c2ncncc2-c2nc(-c3ccccc3)no2)CC1,-0.278189384787
O=C(CNc1ccc(C(=O)N2CCCC2)cc1)N1CCCCC1,0.761927838421
COc1ccc(C)cc1-c1cccnc1O,0.0334237554869
N#Cc1cccc(-c2ccc3[nH]ccc3c2)n1,-0.277366077466
Cc1ccc(-c2noc3nc(C)cc(C(=O)O)c23)cc1,0.466867620354
O=C(O)c1nc(-c2ccccc2)oc1-c1ccccc1,-0.0958256317158
COc1ccc(C)cc1-n1ccc(C(=O)NC(C)C)n1,-0.263603497723
CC(C)c1csc(NC(=O)C2CCN(c3ncccn3)CC2)n1,-0.250263684431
CN1CCN(C(=O)C2(NC(=O)c3ccc(C(F)(F)F)cc3)CCCC2)CC1,1.93449845124
CN(CCc1ccccn1)C(=O)Nc1nncs1,0.212187604404
CC1CCN(Cc2ccc(NC(=O)c3ccccn3)cc2)CC1,-0.170696227169
COc1ccc(CNc2ncc(-c3ccc4c(c3)OCO4)n2C)c(OC)c1,0.170261715395
O=C(O)c1ccc(Nc2ncc3c(n2)-c2ccc(Cl)cc2C(c2c(F)cccc2F)=NC3)cc1,0.521138083704
CN(C)C(=O)c1ccc(NC(=O)c2cccc(F)c2)cc1,-0.0329202658555
Cc1cccc(NC(=O)CN(C)c2ncccc2F)n1,-0.18243463044
CCN(CC)C(=O)c1ccc(NC(C)=O)cc1,0.290034611363
C[n+]1cc2c3c(ccc2c2ccc4cc5c(cc4c21)OCO5)OCO3,1.1303337685
Cc1ccc(C)c(S(=O)(=O)N2CCCN(CCn3cccn3)CC2)c1,0.0569048513365
CCOCC(=O)N1CCC2(CCc3ccccc3O2)CC1,-0.135488918942
CCNC(=O)N1CCC2(CCc3ccccc3O2)CC1,-0.132532512141
CCOc1ccc(Nc2nc(-c3c(C)nc4ccccn34)cs2)cc1,-0.872895201635
CCc1ccc(S(=O)(=O)NCc2ccnc(N3CCCC3)n2)cc1,-0.0501222959631
Cc1noc(C2CCN(C(=O)C3(c4cccc(F)c4)CCC3)CC2)n1,-0.0649968485463
Fc1ccc(NCc2cccc(OCCN3CCOCC3)c2)nc1,-0.111820506082
Cc1ccccc1-n1nc(C(C)(C)C)cc1N,-0.216811308925
COc1cccc(CN2CCC(Cc3ccc(-c4cccnc4)cc3)(C(N)=O)CC2)c1,0.84633711213
Cc1cccn(Cc2cccnc2)c1=O,-0.215382707367
c1nc(NC2CCN(C3CC3)CC2)c2sccc2n1,0.0934216851622
Cc1cnn(CC2CC2)c1NC(=O)/C=C/c1ccccc1,0.428134794029
O=C(NCc1nncn1-c1ccccc1)C1CCCC1,1.31806333496
Cc1nccn1CCCN1C(=O)SC(C)(C)C1=O,0.399673721481
Cc1ccc(-c2ccccc2-c2nc3c(cnn3C3CCN(C)CC3)[nH]2)o1,1.60314437262
Cc1ccc(C)c2c(O)cc(CN3CC(c4ccccn4)C3)nc12,0.623249290398
COCc1nc(-c2cc(F)ccc2F)c(C)s1,-0.16494389828
Cn1ncc2c(Oc3cccc(C(C)(C)C)c3)ncnc21,-0.318758762624
N#Cc1ccccc1Cn1nnc(-c2ccccc2)n1,-0.348721986002
Cc1cccn(Cc2ccccc2F)c1=O,-0.197910742118
N#CCCN(C(=O)c1sccc1C#N)C12CC3CC(CC(C3)C1)C2,0.0644579892269
CN(Cc1ccccn1)c1nc2ccccc2o1,-0.143875555758
O=C(NCC#CCN1CCc2ccccc2C1)NCc1ccc(F)cc1,0.602059991328
Cc1ccc(C(=O)NCC#Cc2ccccc2)cn1,-0.237321436273
COc1ccc(CNc2c(-c3ccc(OC)c(OC)c3)nc3cnccn23)cc1,0.38381536598
Cc1cc(C)nc(NC(=O)N(C)C2CCC2)c1,-0.298432014944
CCCCN(C)C(=O)Nc1cc(C)ccn1,-0.251811972994
CC(C)(C)C(=O)N1CCC(NS(C)(=O)=O)CC1,0.276461804173
CC1(C)Cc2cc(CN3CCC4(CC3)NC(=O)N(Cc3ccccc3)C4=O)ccc2O1,0.888179493918
Cc1oc(C)c(C(=O)N(C)Cc2ccccc2N2CCOCC2)c1C,0.198657086954
c1ccc(CCc2n[nH]c(-c3cccc4cnccc34)n2)cc1,0.0374264979406
COc1cc2cc(N)c(C3CCN(C(=O)C(C)(C)C)CC3)nc2cc1OC,0.763427993563
Nc1nncc(-c2ccccc2OC(F)F)n1,-0.149353764817
Cc1cccc(C(=O)N(C)CCc2cnccn2)c1,-0.0969100130081
O=C(C1CCCN(Cc2cc3c(cc2O)OCO3)C1)N1CCOCC1,0.28780172993
O=C(NCc1ncc(-c2ccccc2)o1)C1CCCCC1,-0.244125144328
CC1CCN(CC(=O)Nc2nc(-c3c[nH]c4ccccc34)cs2)CC1,-0.0830199526796
CNC(=O)Cn1ccc2cc(OC)ccc21,-0.177831920632
C#CCNC(=O)c1cc(C(C)C)nn1CC,-0.0680338852718
CCOC(=O)N1CCN(C(=O)Nc2cccc3c2CCCC3)CC1,0.225309281726
Cc1cccc2sc(NC(=O)C(C)(C)C)nc12,-0.453457336522
Cc1cccc(NC(=O)c2ccccc2-c2ccccc2)n1,-0.258848401148
Cc1nc(N2CCc3c(ncn3C)C2)c2c(C)c(C)sc2n1,0.28780172993
Cc1sc(-c2ccccn2)nc1-c1ccc(NC(=O)C(C)C)cc1,-0.204815410318
Cc1c(C(=O)NC2CCN(CC3CCCCC3)CC2)cnn1C,0.833784374656
COc1cc(F)c(NCC(=O)Nc2ccc(C)cc2)cc1OC,-0.174573882232
CC(=O)N1CCC(C(=O)Nc2nccs2)(c2ccccc2)CC1,1.59549622183
O=C(NCC1=CCCN(Cc2cc(F)ccc2Cl)C1)c1ccco1,-0.161150909263
c1ccc(Cc2nnc(NC3CCOCC3)s2)cc1,0.0899051114394
Cc1ccc(CCNC(=O)c2ccncc2)o1,-0.151810883009
CC(C)(O)CNc1ncc(-c2ccnc(Nc3ccnc(Cl)c3)n2)c(CC2CC2)n1,1.02118929907
NC(=O)C1CCN(C(=O)CCc2ccc(Cl)cc2)CC1,0.795184589682
O=C(CCc1cc2ccccc2o1)N1CCN(c2cnccn2)CC1,-0.201349354555
COc1cccc(N(C)CCC(=O)N2CCC(c3ccc(-c4ccc(N)nc4)cn3)CC2)c1,0.828015064224
CC1(C)COCCN1Cc1cnn(-c2ccccc2)n1,-0.263603497723
CN(CC(=O)Nc1ccncc1)C1CCCC1,-0.315154638356
CCn1cc(NC(=O)c2ccccc2C)cn1,-0.226945306636
Cc1sc2nc(CN3CCOCC3)nc(N3CCN(c4ccncc4)CC3)c2c1C,1.46089784276
COc1ccccc1-c1nn(-c2ccccc2)cc1CO,-0.378823718225
CCc1nc(CN2C(=O)COc3ccc(F)cc32)cs1,-0.162411561764
CCCCn1nc(-c2ccc(C)o2)nc1CNC,0.120573931206
NCc1cccnc1OCc1ccccc1,-0.362510270487
Fc1ccc(-n2nc(C3CCOCC3)nc2-c2cn[nH]c2)c(F)c1,1.29225607136
CC(C)(C)c1nc(Cn2nnc3ccccc3c2=O)no1,-0.167491087294
O=C(CN1CCOC(c2ccc(F)cc2)C1)Nc1ccccc1OC(F)F,-0.229884705213
COc1ccc(NC(=O)C(C)N2CCCN(c3ccc(C(F)(F)F)cn3)CC2)cc1,-0.0136762229492
Cc1ccc(C(=O)N(C)C)cc1NS(C)(=O)=O,0.919078092376
CS(=O)(=O)N1CC(c2n[nH]c3ncccc23)C1,0.149219112655
CN1C(=O)COc2ccc(NC(=O)CCN3C(=O)COc4ccc(Cl)cc43)cc21,0.968949680981
N=C(N)N/N=C/c1c(Cl)cccc1Cl,-0.265200170411
CCOC(=O)Cc1c(C)[nH]c2c(-c3ccccc3)cnn2c1=O,1.2552725051
Cc1c(CN2CCC(Nc3ncnc4sc(CC(F)(F)F)cc34)CC2)ccc2c1cc(C#N)n2Cc1cn[nH]c1,1.14921911266
O=C1N=C2C=CC=CN2C12Cc1ccccc1C2,0.611723308007
c1cc2cc[nH]c2c(CC2CN(C3CCCC3)C2)n1,0.506505032405
COc1ccc(-c2csc3ncnc(Oc4ccc(C)nc4)c23)cc1,-0.225483034271
Cc1n[nH]c(C)c1Cc1ccc(NCCC(C)C)cc1,-0.214670164989
O=C1Oc2nc3cc4c(cc3cc2CN1CCN1CCOCC1)OCCO4,0.587710965019
CC(C)(C)c1ccc(=O)n(CC2CN(CC3(O)CCCC3)C2)n1,1.27415784926
O=c1ccc(C2CC2)nn1CC1CN(CC2(O)CCCC2)C1,1.09691001301
Cc1nnc(NCc2cccnc2)c2ccccc12,0.815577748324
Cc1c(C)n(Cc2ccccc2)c2ncnc(N)c12,-0.216811308925
CCCCc1c(C)[nH]c2nc(N(Cc3cccs3)C(C)=O)nn2c1=O,1.41497334797
O=c1c2c(nc3ccccn13)CCN(S(=O)(=O)C1CCCCC1)C2,0.0718820073061
CN1CCC(NC(=O)COc2ccc(C#N)cc2)CC1,0.387389826339
O=C(NC1CCN(c2ccc(OC(F)(F)F)cc2)CC1)N1CCC1,-0.145086977692
CNC(=O)c1cccc(Cn2nnc(-c3ccccc3Cl)n2)c1,0.969881643746
CN(C(=O)c1cncc(F)c1)c1cccc2ncccc12,0.43775056282
Cc1ccc(NS(C)(=O)=O)c(C(=O)N(C)c2ccc3ccccc3c2)c1,0.255272505103
COc1ccc(-c2cn3c4ccccc4nc3n2CCO)cc1,-0.410050398674
Cc1ccc(C(=O)NCCc2csc(C)n2)cn1,-0.0371573187988
O=C(NCCc1ccccc1)c1cnccn1,-0.216811308925
CN(C)C(=O)OCCN1CCC(c2c[nH]c3ncccc23)CC1,0.806179973984
CN(Cc1ccc(Br)o1)C(=O)CN1CCCC1=O,0.426511261365
Cc1nc(CC2CCN(S(=O)(=O)c3c(C)noc3C)CC2)cc(NC2CCCC2)n1,1.05690485134
CN(Cc1ccccc1N1CCCC1)C(=O)c1cccc(Cn2ccnc2)c1,1.33645973385
Cc1cnc(NCc2ccccc2-n2ccnc2)nc1N(C)C,1.05307844348
COc1ccc2ccccc2c1CNC(=O)c1cnc(C2CC2)nc1,-0.190440285365
COc1ccc(-c2ccc(CN(CCN3CCOCC3)Cc3cccnc3)cc2)cc1,0.170261715395
COc1ccc(C2(NCc3cccc4ncccc34)CC2)cc1,-0.316052869248
CC(=O)c1ccc(OCCCCN2CCCC2)cc1,-0.0481769646841
O=C(O)c1cc(/C=C/c2csnn2)nc2ccccc12,0.318063334963
CSCc1csc(NC(C)=O)n1,-0.199970640756
CN(C)c1cc(CNc2ccc(C#N)cn2)ccn1,-0.15801519541
CC(C)(C)n1ncc(C(=O)N2CCCn3ncnc32)c1C(F)(F)F,-0.012780770092
c1cnc(-n2cccn2)c(CNC2CCCC2)c1,-0.0218194830626
CCc1nnc(Oc2cccnc2)c(C#N)c1CC,-0.107348966123
O=C(CSc1nnc(-c2cccs2)[nH]1)N1CCCCCC1,0.324282455298
Cc1nc(N(C)C)nc(C)c1NC(=O)C1CCCCC1,-0.183096160624
CCc1cnc(C)nc1-c1ccc(-c2ccn[nH]2)cc1,-0.0705810742857
O=C(Nc1ccc(N2CCOCC2)nc1)N1CCc2sccc2C1,0.281033367248
Cc1cn(CCN2CCN(c3ccccc3-c3cc(C#N)cc(C(=O)NCCCN4CCCC4)c3)CC2)c2ccccc12,-0.471083299722
CCN1CCN(Cc2ccc(Nc3ncc(F)c(-c4cc(F)c5nc(C)n(C(C)C)c5c4)n3)nc2)CC1.CS(=O)(=O)O,1.78816837114
O=C(c1ccc(F)c(F)c1)N1CCN(C(=O)c2nc(Cl)ccc2Cl)CC1,0.645422269349
COc1ccc(F)cc1CN1CCC(n2c(=O)[nH]c3ccccc32)CC1,0.558708570533
O=c1[nH]c2ccccc2n1C1CCN(CCOc2ccccc2)CC1,0.330413773349
CC(=O)Nc1cc(CCC2CCNCC2)ccn1,0.38381536598
CC(C)Cc1sc(N)nc1-c1ccc(P(=O)(O)O)o1,-0.37161106995
O=c1c(-n2ccnn2)c[nH]n1-c1cc(N2CCOCC2)ncn1,0.244277120802
CC(C)(C)NC(=O)Cn1nc(C(c2ccccc2)c2ccccc2)oc1=O,0.609594409225
Cc1ccccc1CSc1ccc(-c2ccccn2)nn1,-0.229884705213
CC(C)c1noc(CN2CCC(n3c(=O)[nH]c4ccccc43)CC2)n1,0.802773725292
CCc1cc(N(C)Cc2ccc(N)nc2)nc(C)n1,0.29885307641
CCC1(O)CN(c2ncccc2C#N)C1,-0.281498311133
Cc1ccc(C(=O)O)cc1NS(=O)(=O)c1csc(C(=O)Nc2ccccc2)c1,-0.0560111249262
CC(C)(C)C(=O)Nc1nnc(Cc2ccccc2)s1,0.0755469613925
CC(C)(CO)NCCCCn1c2ccccc2c2ccccc21,0.868644438395
Cn1c(=O)n(C2CCCC2)c(=O)c2c(F)cccc21,-0.161150909263
Cc1noc2ncc(C(=O)Nc3nc(C4CC4)cs3)cc12,-0.291579099865
Cc1noc(C)c1CS(=O)(=O)Cc1cccc2c1OCCO2,0.390935107103
Cc1ccc(CNC(=O)c2cccnc2)n1C,-0.173925197299
CN1CCc2nc(NC(=O)c3cncn3-c3ccccc3)sc2C1,1.30749603791
Cc1ccc2cccc(OCC(=O)N(C)c3ccccc3)c2n1,0.181843587945
C=CCn1cnc2c(Cl)cc(-c3ccc(C(=O)NC4CC4)o3)cc21,0.706717782337
FC(F)(F)COc1ccc(CN2CCc3c(cnn3-c3ccccc3)C2)nn1,-0.229147988358
COc1ccccc1CC(=O)NC1CCN(C)CC1,0.788168371141
CC(=O)N(c1ccc(C)cc1)c1nc(Cn2ccnc2)cs1,0.457881896734
Cc1cc2c(C(N)=O)cccc2n1-c1nc2c(c(NCc3ccccc3)n1)COCC2,0.52633927739
Fc1ccccc1CNc1nc(-c2ccccc2)no1,-0.218244625348
CC(=O)NC1(C(=O)N2CCCN(c3cccnn3)CC2)CCCCC1,1.3384564936
CNC(=O)c1cccc(Oc2ncnc3c2CN(C)CC3)c1,1.2833012287
N#Cc1ccccc1N1CCC(N)CC1,-0.250263684431
N#Cc1ccc(Cn2cncn2)c(F)c1,-0.156767221902
Fc1cccc(Cl)c1CNCCc1c[nH]c2ccccc12,-0.34008379993
CN(C)S(=O)(=O)Nc1ccc(-n2ncc3ccccc32)cc1,-0.250263684431
Cn1cnnc1CCn1ccnc1-c1cc2ccccc2s1,2.12710479836
CC(=O)N1CCc2ccc(N(C(=O)/C=C/c3cccc(C#N)c3)C3CCN(CCC4CCCC4)CC3)cc21,1.47856649559
Cc1ccc(C(=O)Nc2cccc(C(=O)N(C)C)c2)cn1,1.36548798489
CC(C)c1noc(-c2ccc(N(C)Cc3cccnc3)nc2)n1,-0.291579099865
CCc1nc(NC(=O)c2ccccc2F)sc1C,-0.634512015109
Cc1ccc(NC(=O)CN2CCCN(c3ccc(C(F)(F)F)cn3)CC2)cc1,-0.0670191780768
O=C(CN1CCCN(c2ccc(C(F)(F)F)cn2)CC1)Nc1cccc(F)c1,-0.0990869322623
O=C(O)c1ccccc1-c1ccc(CN2CCCCC2)cc1,0.620136054974
CN1CC(=O)N(CCCC(=O)Nc2cccc(C#Cc3cccs3)c2)C1=O,0.631443769013
O=C(CCc1ccco1)Nc1ccccc1OC(F)F,-0.273272790973
Cn1cc(C(=O)NCCc2c[nH]c3ccccc23)c(-c2cccnc2)n1,1.4623979979
Cc1noc(C)c1CCC(=O)Nc1cccnc1,0.859738566197
CCCN1CCCN(c2ncccc2C#N)CC1,-0.376750709602
CSCc1c(C(=O)NC(C)C)oc2ccccc12,-0.196542884352
Fc1ccc(F)c2c(NCc3ccc(N4CCOCC4)nc3)ccnc12,0.110589710299
CCOc1ccccc1CNCCc1c[nH]c2ccccc12,0.523746466812
COc1cc(CNCCN2CCOCC2)cc(Cl)c1OCc1ccccc1,0.28780172993
COc1ccncc1NCc1ccc2c(c1)OCCO2,-0.17652577083
O=c1c2cccn2c2ccccc2n1CCCN1CCC(c2ccc(Cl)cc2)CC1,0.715585551893
Cn1cc(CCNC(=O)N2CCCc3c(F)cccc32)cn1,0.232996110392
Cc1ccc(-n2ccnc2-c2ccoc2)c2cccnc12,-0.0241088635982
O=C(c1cnc(-c2ccccc2)s1)N1CCOC2(CCCC2)C1,-0.236572006437
Clc1ccccc1CNCc1ccc2c(c1)OCCO2,-0.353596273777
Cc1cccc(-c2nc(CN(Cc3cnn(C)c3)C(C)C)c(C)o2)c1,0.0934216851622
O=C(Cc1ccc2ccccc2c1)NCCc1nc2ccccc2[nH]1,1.18752072084
COc1ccc(NC(=O)CN2CCC(c3cc(-c4cnc(N)nc4)cc(C)n3)CC2)cc1,0.705863712284
Cc1ccc(C(=O)Nc2ccccc2C(C)(C)C)cn1,-0.157390760389
c1ccc(-c2nsc(N3CCCN(c4nccs4)CC3)n2)cc1,-0.183096160624
Cc1nc(N)c2c(C(F)(F)F)cc(C3CCN(C(=O)Cc4ccc(F)cc4)CC3)nc2n1,1.45484486001
CCCC(=O)Nc1cnc(N2CCN(C)CC2)nc1,0.143014800254
Cc1nc2cc(NC(=O)CCc3c(C)noc3C)ccc2o1,0.664641975556
CN(CC(=O)N(C)C)Cc1cc(C#N)ccc1F,-0.146910470148
O=C(CCc1ccc2c(c1)OCO2)Nc1cccc2cnccc12,0.00432137378264
Cc1cc(C)c(S(=O)(=O)Nc2ccc(N(C)C)cc2)c(C)c1-n1cnnn1,0.988112840268
COc1ccc(CCC(=O)N2CCN(C(=O)c3cc4n(n3)CCCC4)CC2)cc1,0.773786444981
Cc1ccc(-n2c(S)nnc2-c2ccc(O)cc2)c(C)c1,1.53907609879
Cc1nccn1-c1cncc(N2CCN(CC3CCCC3)C(=O)C2)n1,0.841359470455
N#Cc1c(O)nc2scc(-c3ccc(-c4ccccc4O)cc3)c2c1O,0.0755469613925
O=C1CN(C(=O)c2ccc(F)cc2)CCN1,0.356025857193
CN(CC(=O)NC1(C#N)CCCC1)c1ccccc1,-0.0343280287799
CCOc1ccc(CC(=O)NCCn2cccnc2=O)cc1,1.2552725051
Cc1ccc(C)c(S(=O)(=O)N2CCCN(C3CCC3)CC2)c1,-0.218244625348
COc1c(N)ncnc1N1CCCC(C)(C)CC1,-0.0400051616716
COc1ccc(-c2nnc(-c3ccccc3)o2)cc1OC,-0.643974142807
Cc1nccc(C2(C)CCN(CC(N)=O)CC2)n1,0.450249108319
Cc1cc2ncn(CC(=O)NC(C)(C)C)c2cc1C,0.742725131305
O=C1CCCN1c1ccc(NCc2ccccn2)nc1,0.117271295656
Cc1csc(N2CCN(Cc3ccc(OCC(F)(F)F)nc3)CC2)n1,-0.183758700008
CNc1nc(-c2cc(OC)cc(OC)c2)ncc1F,-0.38933983691
COc1ccccc1-c1nc(C(=O)O)cs1,-0.1877553032
Cc1ccc(CC(=O)Nc2nc(C)no2)cn1,0.301029995664
CCCn1c(=O)n(Cc2ccc(C#N)cc2F)c2ccccc21,-0.195179321279
OCCCCCn1cc(-c2ccccc2-c2ccco2)nn1,0.0374264979406
Cc1ccc(C2=NC3(CCN(Cc4ccc(F)cc4)CC3)NC2=O)cc1,-0.266802734893
O=C(NCc1ccccn1)c1ccc(F)cc1Cl,-0.22475374026
Nc1ccc(CC(=O)Nc2ccccc2F)cc1,-0.180456064458
COc1ccc(CN(C)C(=O)Nc2ccccc2)cc1F,-0.174573882232
Cc1ccc(-n2cc(C(=O)NCCN(C)C)nn2)cc1C,0.502427119984
CC(C)c1ccc(-c2cc3c(=O)n(CCC(=O)NCCN(C)C)ccn3n2)cc1,1.93801909748
CCOC(=O)Nc1ccc2c(c1)N(C(=O)CN(CC)CC)c1ccccc1CC2,1.33645973385
COc1cc(Nc2ncc3c(n2)-c2ccc(Cl)cc2C(c2c(F)cccc2OC)=NC3)ccc1C(=O)O,1.1303337685
Cc1nccc(-c2cccc(NCc3cc(C)on3)c2)n1,-0.270835210307
O=C(CN1CCCN(c2ccc(C(F)(F)F)cn2)CC1)Nc1ccccc1Cl,0.0128372247052
Cc1ccc(C)c(NC(=O)CN2CCCN(c3ccc(C(F)(F)F)cn3)CC2)c1,-0.0181813928293
C/C=C/CC(=O)N1CCC(c2cc(Cc3ccccc3)n[nH]2)CC1,0.382017042575
O=C(NC1=NS(=O)(=O)c2ccccc21)c1cc(-c2ccc(F)cc2)no1,0.408239965312
Cc1cc(CN2CCN(c3ncccn3)CC2)on1,-0.216096420727
CCc1nnc2n1CCN(C(=O)c1ccccc1Oc1cccnc1)C2,1.78887511578
CNC(=O)c1cc(C2CCN(C)CC2)ncn1,-0.218244625348
CN1CCc2ncnc(N3CCCN(c4nccs4)CC3)c2C1,0.67760695272
Cc1cc(N(C)C)nc(N(C)Cc2csc(C)n2)n1,-0.199282921718
Cc1cccc(N2CCN(C(=O)c3cncnc3C(C)C)CC2)c1,-0.0545314148682
CCc1cnc(CN2C(=O)NC3(CCC3)C2=O)o1,0.559906625036
Cc1cnn(C2CN(CC3(O)CCCCC3)C2)c1,-0.311580177997
CC1(C)CCN(C(=O)NCCOc2cccnc2)C1,0.522444233506
CN(Cc1cscn1)c1nc2c(cc1C#N)CCC2,-0.193141970481
N#CCSCC(=O)NC1CCCCCC1,-0.129011186239
Cc1cc(CNc2cc(C(=O)N(C)C)ccn2)sc1Br,-0.128427064454
CCC(Nc1cnn(C)c1)c1ccc2c(c1)OCCO2,-0.0783135245164
CC(C)c1cccc(CN2C(=O)N(C)C3(CCCCC3)C2=O)n1,0.0530784434834
Cn1c(CNc2ccc(C(=N)N)cc2)nc2cc(C(=O)N(CCC(=O)O)c3ccccn3)ccc21,-0.298432014944
Brc1cc2c(cc1Cn1cncn1)OCCCO2,-0.247183568812
COCCNc1ncnc2ccsc12,-0.14813039927
O=C(c1ccccn1)N1CCCC(c2cccc(-c3cccc(Cl)c3)n2)C1,-0.101823516502
CN1CCN(c2ccc(NC(=O)c3ccc(S(=O)(=O)N4CCCc5ccccc54)cc3)cc2)CC1,0.943494515906
Cc1cnn(Cc2nc(Cn3cccn3)no2)c1,-0.112945621949
COc1ccccc1CC(=O)Nc1ncc(C)s1,-0.171340103465
CCCN(CC)c1ccc(C(=O)N2CCCN(C(C)=O)CC2)cc1,0.840106094457
Cc1c(Cl)cccc1NC(=O)C(C)N1CCCN(c2nccs2)CC1,-0.0186344909215
Cc1nc(N2CCOc3ccccc3C2)c2cnn(C)c2n1,-0.289882634888
COCC(=O)Nc1cccc(-n2cccc2)c1,-0.30277065724
CO[C@H]1CC[C@@H](C(=O)c2ccc3nc4c(cc3c2)CCCO4)CC1,-0.0942041196321
Cc1cnc(-c2nc(NCc3ccccn3)ncc2-c2onc(C)c2C)cn1,1.02938377769
CCNC(=O)c1ccc(-c2cc(C)cc(OC)c2OC)nc1,-8.69458712629E-4
Cc1ccc(C)c(OCCN(C)C(=O)c2ccc3c(c2)nnn3C)c1,0.0899051114394
CC(C)c1nc(NCc2cccnc2)n(C)n1,0.570542939882
COc1ccc(N2CCCN(CC3CCN(C(=O)C4CC4)CC3)CC2)cc1,0.0492180226702
CCc1nc2ccccc2n1CC(=O)Nc1ncc(C)s1,1.46834733041
O=C(CSC1CCCC1)NCCn1nc2c(cc1=O)CCCC2,0.960946195734
O=c1ccc(-c2ccc(F)cc2)nn1Cc1ccncc1,-0.171340103465
Cc1cc(C)c2c(c1)CCCN2C(=O)c1ccc(-c2nnc(C)o2)cc1,-0.164309428508
CCC(=O)N(C)c1ccccc1C(=O)O,0.107209969648
CCc1cnc(CNC(=O)N2CCC(n3cncn3)CC2)s1,1.39269695326
C#CCOc1ccc(C(=O)NN2CCCC2=O)cc1,0.120573931206
COC(=O)c1ccc(NC(=O)N(C)Cc2ccccc2CN2CCCC2)cc1,0.894869656745
Cc1ccccc1N(CC(=O)N(C)C)S(C)(=O)=O,0.301029995664
COc1cc2ncnc(Nc3ccc(F)c(Cl)c3)c2cc1OCCCN1CCOCC1,1.65991620007
COc1ccc(C(=O)Nc2ccc3oc(C)nc3c2)c(OC)c1,-0.262012673667
O=C(NCC1CC1)c1ccc(-n2ccnc2)nc1,0.0334237554869
Fc1cccc(OC2CCN(Cc3nc4ccccc4[nH]3)CC2)c1,-0.0883098412461
Cc1ccc(CN(C)c2ncnc3c2cnn3C)o1,-0.18243463044
O=C(CN1CCC(c2ccccc2)CC1)N1CCNC1=O,0.0253058652648
N#CC1(NC(=O)CN2CCOCC2)CCCCCC1,0.330413773349
O=C(CCCc1nc2ccccc2[nH]1)N1CCCC1,1.24303804869
C=CCN(Cc1cccnc1)c1nc(C)nc2sccc12,-0.0979971086493
CN(C)C(C)(C)CNc1ncnc2ccccc12,0.456366033129
OC(Cn1cncn1)(Cn1cncn1)c1ccc(F)cc1F,0.720159303406
Cc1nc(N(C)C)cc(C2(C)CCNCC2)n1,1.24797326636
O=c1ncn2nc(Sc3ccc(F)cc3F)ccc2c1-c1c(Cl)cccc1Cl,0.903632516084
Cc1ccc(CN(C)C(=O)c2cn(Cc3ccccc3F)nn2)cc1,-0.116906641424
Cc1nnc(NC(=O)c2ccccc2-c2ccc(C(F)(F)F)cc2)s1,0.158362492095
N#CCCN(C(=O)c1cccs1)C12CC3CC(CC(C3)C1)C2,-0.274905478919
CON(C)C(=O)Cc1c(C)[nH]c2ccccc12,-0.202732459169
Cc1cccc(Oc2ncccc2N)c1C,-0.230622673924
CC(C)c1cnc(COc2ccc(Br)nc2)o1,-0.278189384787
CCN1CCC(n2cc(CNc3cc(Cl)c4ncc(C#N)c(Nc5ccc(F)c(Cl)c5)c4c3)nn2)CC1,1.29003461136
CN1CCCN(C(=O)NCCOc2ccc3c(c2)OCO3)CC1,1.29885307641
N#Cc1ccc(CCC(=O)Nc2ccncc2)cc1,0.143014800254
Cn1c(=O)c2c(nc3n2CCN3Cc2c(F)cccc2Cl)n(C)c1=O,0.103803720956
C#CCNC(=O)Cc1coc2cc(OC)ccc12,-0.189767482005
COc1ccc(CN2CCc3nc(-c4cccnc4)nc(O)c3C2)c(C)c1C,0.523746466812
CN(C)c1nc(N)nc(Sc2ccccc2)n1,-0.127261172527
Cc1c(C(=O)N2CCC(C(=O)Nc3ccc4c(c3)OCO4)CC2)oc2c(F)cccc12,-0.0594835150674
O=C(NCC1CC1)c1cncn1-c1ccc(F)cc1,0.100370545118
CCc1cc(CN(C)c2nccc(-c3ccc(C)nc3C)n2)on1,-0.171984935776
Cc1cc(C(=O)NCCC2=CSC3=NCCCN23)c2cccc(C)c2n1,0.919601023784
c1ccc(COc2ccc(CNCC3CCNCC3)cc2)cc1,0.690196080029
CN(C)c1cnn(CCC(C#N)(c2ccccc2)c2ccccc2)c(=O)c1,0.43775056282
Nc1nc(-c2ccccc2)nc2nc(C3CCCN(CC(=O)N4CCCC4)C3)ccc12,1.09691001301
COc1cc(C(=O)O)c(N)c(OC)c1OC,0.227886704614
CC(C)(C)N1CCCN(C(=O)CNc2ccc(C#N)cc2)CC1,-0.0520763801683
O=C(NCCc1ccc2c(c1)OCO2)Nc1ccncc1,0.556302500767
COc1ccc(CNC(=O)c2cc(-c3cncc(C)c3)ncc2-c2nccs2)nc1OC,0.992111487787
Cc1sc(C)c(C(=O)NC2(c3ccc(C(=O)O)cc3)CC2)c1Cc1ccc(C(F)(F)F)cc1,0.91328390176
COc1cccc(CN2Cc3ccccc3OC3(CCOCC3)C2)c1,-0.278189384787
NC(=O)COc1ncnc2ccccc12,0.103803720956
CN(C)CCN(Cc1ccccc1)Cc1ccccc1O,-0.0757207139381
Cc1n[nH]c(C)c1CCC(=O)N1CCOCC1,1.1303337685
CN(CCOCCOc1ccccc1-c1ccccc1)Cc1ccccc1.O=C(O)C(=O)O,0.260071387985
Cn1nccc1CC1CCN(C2CCCC2)CC1,-0.0268721464003
C=C(C)COc1cccc(C(=O)NCc2nncn2C2CCCCC2)c1,1.22788670461
Cc1cnc(Cl)nc1-c1ccc(N(Cc2ccc(CNC(=O)C(F)F)cc2)C(=O)c2ccc(O)cc2O)cc1,1.73798732633
CC(=O)Nc1cnn(CC2CCN(C)CC2)c1,0.551449997973
CC(=O)Nc1cccc(CN2CCCN(C(C)=O)c3ccccc32)c1,1.20139712432
Cc1nc2ccccc2n1Cc1ccc(C(=O)O)cc1,0.43933269383
Cc1cccnc1NC(=O)Cc1coc2c(C)c(C)ccc12,-0.196542884352
Cn1cc(CN2CCN(c3ccccc3O)CC2)c(-c2ccncc2)n1,0.431363764159
Cc1cccc(C)c1OCC(=O)N(C)C1(C#N)CCC1,-0.206908399823
CS(=O)(=O)Cc1ccn(-c2ccccc2)n1,-0.179798540514
CC1=NN(c2ccc(F)cc2)C(=O)/C1=C(/C)Nc1ccc(S(N)(=O)=O)cc1,1.07918124605
CN1CCC(OC(=O)Nc2ccc(Cl)c(Cl)c2)CC1,-0.401209493237
CCc1nc(C)c(Cn2ccnc2-c2cnc(N3CCCC3)nc2)s1,0.62838893005
COc1ccc(-c2nc3cc(C)ccc3cc2CN(C)Cc2nccn2C)cc1,0.684845361644
Cc1ccc2c(c1)cc(CNCCc1ccccc1)c1nnnn12,-0.346787486225
O=C(CCn1cncn1)N(CC#Cc1ccccc1)C1CCCC1,0.296665190262
CC(=O)Nc1ccnn1C1CCN(Cc2ccccc2C#Cc2ccccc2)CC1,1.42324587394
Cc1nnc(-c2ccccc2-c2ccc(O)cc2)s1,0.113943352307
CCc1cnc(NCc2ccc(CN3CCCC3)cc2)nc1,0.0253058652648
CCCNC(=O)c1c(C)nn(-c2ccccc2)c1C,-0.175223537524
CN1CCN(C(=O)c2cc(Br)cnc2Cl)c2cnccc21,0.657055852857
Cc1nc(COc2ccc(F)cc2)sc1C(=O)N1CCC(C)CC1,-0.265200170411
CN(C)c1cc(CNC(=O)C2CCOCC2)ccn1,0.687528961215
O=C(NCCN1CCC(O)(c2cccc(F)c2)CC1)c1cccc(F)c1,0.752048447819
COC(=O)c1cc(F)c(C)c(NC(=O)CCCc2ccccn2)c1,-0.105130343255
COc1ccc(C)cc1-n1ccc(C(=O)Nc2c3c(nn2C)CCC3)n1,0.161368002235
CN(c1ccc(NC(=O)Nc2ccc(OC(F)(F)F)cc2)cc1)c1ccnc(Nc2cccc(S(N)(=O)=O)c2)n1,0.929418925714
NC(=O)c1cnc(NC2CC2)nc1CCNC(=O)C1(c2cccc(F)c2)CCOCC1,1.51321760007
CC(=O)N1CCN(c2c(Cl)cccc2NC(=O)COc2ccc(C(C)C)cc2)CC1,0.330413773349
Cn1nc(C2CC2)c2[nH]c(-c3cccc(CN4CCOCC4)c3)nc21,1.71600334363
Fc1cccc(CCNCc2cc(-c3ccccc3)cn3nnnc23)c1,-0.148741651281
COc1ccc(OC)c(S(=O)(=O)Nc2cccc(CCc3ccccn3)c2)c1,0.624282095836
O=C(O)c1cccc(N2CCC(Oc3ccc(Cl)cc3)CC2)n1,-0.14813039927
c1ccc(C(c2ccccc2)c2noc(Cn3cnc(C4CC4)n3)n2)cc1,0.0569048513365
Nc1nc(CN2CCN(c3ccc(F)cc3)CC2)cs1,-0.224025668871
COC(=O)Nc1ccc(Oc2nc3ccccc3o2)cc1,-0.265200170411
CC1(C)CN(C(=O)c2cncc(Br)c2)CCO1,-0.106238237942
CN1CCc2nc(NC(=O)c3ccc(Cl)s3)sc2C1,-0.232102383982
O=C(Nn1cnc2ccccc21)c1c2c(nc3ccccc13)CCC2,1.63548374681
Cc1cccc(N(C)C(=O)COC2CCCC2)n1,-0.175874166083
Cc1cc(C(=O)Nc2cccc(-c3cnco3)c2)c2c(C)nn(C)c2n1,0.0334237554869
CCN(CC)CCCNc1ncc(-c2cc(C)no2)c(-c2ccco2)n1,1.24303804869
Clc1ccc(C2(c3ccc(-c4cn[nH]c4)cc3)CCNCC2)cc1,1.84987987804
OCCn1cc(-c2ccc3c(c2)CC/C3=N\O)c(-c2ccncc2)n1,1.56110138365
Fc1ccc(CNc2nnc(-c3ccc4c(c3)OCO4)o2)cc1,-0.504455662454
Cc1oc(C)c(C(=O)NCC#Cc2ccccc2)c1C,-0.350665141288
CNC(=O)c1sc2ncccc2c1[C@H]1CC[C@H](CNC(=O)CCc2ccccc2)CC1,1.52762990087
Cc1cc(NCc2ccnc(N3CCCC3)c2)c2ccccc2n1,1.23044892138
Cc1ccc(C)c(OCC(=O)N2CCC(C(=O)Nc3ccccc3)CC2)c1,0.456366033129
Cc1nccc(-c2cccc(NCC(=O)N3CCCCCCC3)c2)n1,-0.126098402136
Cc1ccc(-c2cnc(N)cn2)c2cccnc12,-0.173277479831
COc1ccc(CNC(=O)c2nnn(-c3ccc(OC)cc3)c2N)cc1,-0.289882634888
O=C(NC1CCCCC1)C1CCN(c2ccncc2Cl)CC1,-0.0767559813697
c1ccc(C2(c3ccccc3)CCCN(Cc3nnc(C4CC4)o3)C2)cc1,-0.164309428508
Cc1nn(C)c2ncnc(N(C)Cc3cccc(Cl)c3)c12,-0.244887733605
CN(C)C1CN(c2nc(-c3cnccn3)nc3sc4c(c23)CCCC4)C1,0.0681858617462
CC(C)c1nc(CCn2ccnc2-c2ccoc2)cs1,-0.179798540514
Cc1cc2occ(CC(=O)NC3CCN(C)CC3)c2cc1C(C)C,0.800717078282
CCOC1CCN(C(=O)Cn2c(=O)[nH]c3ccccc32)CC1,1.22788670461
Nc1ccccc1OCCn1ccnc1,-0.08884239126
CCCCCCNc1ncnc2[nH]ccc12,-0.30277065724
Cc1cc2cc(C(=O)N(Cc3ccc4c(c3)OCO4)C3CC3)ccc2o1,-0.552841968658
CCOc1ccccc1C(=O)N1CCC(c2nc(-c3ccc(OC)cc3)c(C(N)=O)[nH]2)CC1,1.67851837904
COc1cccc(-n2nc(C(=O)O)cc2-c2ccc(C3CCCCC3)c(Cl)c2)c1,0.193124598354
CCN1CCc2ncnc(N3CCNc4ccccc4C3)c2C1,0.250420002309
Cn1cc(NC(=O)c2cn(Cc3ccccc3)nn2)cn1,0.0128372247052
CCc1noc(-c2ccc(CCN)cc2)n1,-0.319664486585
O=C(O)CCC(=O)Nc1ccccc1-c1nc2ccccc2[nH]c1=O,-0.462180904927
O=C(NCCc1cn2c(n1)CCCC2)c1ccccn1,1.08635983067
Cc1cc(C)n(-c2cccc(NC(=O)c3ccc(F)c(F)c3)c2)n1,-0.1877553032
O=C(CN1CCc2ccccc21)N1CCNC1=O,-0.142667503569
O=C(O)c1c2ccccc2nn1Cc1ccccc1,0.209515014543
Cc1nc2cc(-c3nccn3C)nn2c(NCc2cccnc2)c1C,1.45484486001
COc1cc(OC)c(OC)cc1CNc1ccc(N2CCOCC2)c(C(=O)O)c1,1.44715803134
CCOc1ccc(C(=O)Nc2cc(C(=O)OC)ccc2N2CCN(C(C)=O)CC2)cc1,0.76417613239
Cc1cccc(NCCc2cn3c(n2)CCCC3)n1,0.553883026644
COc1cccc(-c2ccc(C(=O)N(C)Cc3c(C)nn(C(C)C)c3C)o2)c1,0.167317334748
Cc1cc(N(C)C)nc(-n2ccnc2)n1,-0.152427340858
CCCC(=O)NCC(=O)Nc1cnc(N2CCN(C)CC2)nc1,1.03742649794
COc1cc2c(cc1NC(C)=O)oc1ccccc12,-0.421360790032
Cn1cncc1-c1ncccc1C(=O)N1CCCC1,1.23804610313
Cc1noc(C(C)C)c1C(=O)Nc1ccccn1,-0.280668713016
Cn1ncnc1COc1nn2c(-c3c(F)cccc3F)nnc2cc1C1CCC1,1.86569605992
CNC(=O)CCc1nc(-c2ccccn2)no1,0.0211892990699
O=C(CN1CCCc2ccc(F)cc21)N1CCNC1=O,-0.0476919903379
Cc1cc(N(C)C)nc(-n2cnc(C#N)n2)n1,-0.225483034271
N#CC1(CN2CCc3cc(-c4ccccc4)oc3C2)CC1,-0.563837352959
CCOC(=S)SCC(=O)Nc1nc(-c2ccc(C3CCCCC3)cc2)cs1,-0.64016451766
Nc1nc(N)c2c(Cl)c(Br)ccc2n1,-0.241088107602
c1ccc(Cc2n[nH]c(CSc3ccccc3)n2)cc1,-0.134303940084
Cc1cc(-c2ccc(N)nc2)cc(C2CCN(C(=O)CCCc3ccc(F)c(C)c3)CC2)n1,0.431363764159
Cc1ccc(-c2ccc(=O)n(Cc3ccncc3)n2)cc1,-0.209714835967
Cc1ccnc(Oc2cc(N)ccc2C)c1,-0.266000713462
CCOC(=O)c1cc2ccccc2n1CC(=O)c1ccc(F)cc1,-0.17914201056
Cn1cc(C(=O)N2CCC(c3cc(C(F)(F)F)c4c(n3)CCNC4=O)CC2)ccc1=O,-0.123782159408
Cc1ccccc1COC1CN(C(=O)Cn2c(=O)[nH]c3ccccc32)C1,0.854306041801
COc1cc(CNc2nc3ccccc3nc2C)ccn1,-0.177831920632
CCN1CCc2nc(NC(=O)Cc3ccc(Cl)cc3)sc2C1,0.00860017176192
Cn1ccnc1CN(C(=O)c1[nH]c2ccccc2c1Cl)C1CC1,1.09342168516
Clc1ccc(Cc2nc(-c3cccnc3)no2)cc1,-0.339134521996
CCC(=O)N(C)CC(=O)Nc1cccc(F)c1,-0.151810883009
O=C1CCCc2c1[nH]c1cc(-n3ccnc3-c3ccncc3)ccc21,1.16136800223
O=C(NCCc1csc(N2CCCC2)n1)N1CCSCC1,0.629409599103
Cc1ccccc1-n1cc[nH]c(=O)c1=O,0.100370545118
CCN(CC)C(=O)N1CCCN(C(=O)N(CC)CC)CC1,0.654176541878
c1ccc(-n2ncc3c(-n4ccnc4)ncnc32)cc1,-0.209011524911
CCOC(=O)c1ccc(NC(=O)Cn2cnc3ccccc32)cc1,0.631443769013
COC(=O)c1c(C)[nH]c(C(=O)OCC(=O)N(C)Cc2cccs2)c1C,0.167317334748
CC(=O)N1CCC(CCNc2ccc3ccc(F)cc3n2)CC1,-0.0996328713435
O=C(CSC1CCCC1)N1CCC(n2ccnn2)CC1,0.113943352307
CC(C)(C)C(=O)N1CCC(CN2C(=O)C(=O)N(C3CCCC3)C2=O)CC1,0.307496037913
CC(=O)N1CCCN(Cc2c(C)nn(C)c2Cl)CC1,0.503790683057
NC(=O)CC1CCN(c2ncccn2)CC1,0.00432137378264
COc1ccc2nc(C)nc(N3CC(CO)C3)c2c1,1.06069784035
Nc1ccc(C(=O)N2CCOCC2)c(Cl)c1,-0.32239304728
O=C(CCc1ccc2c(c1)OCO2)Nc1nc2c(s1)CCC2,-0.62708799703
Cc1nccc(C2CCN(Cc3ncc[nH]3)CC2)n1,1.40993312333
CCCC(=O)Nc1ccc(C)c2ncccc12,-0.129011186239
CC(C)Cn1c(=O)[nH]c(=O)c2c1nc1n2CCCCC1,0.549003262026
O=C1CCCN1C(=O)COc1cccc(-c2nnco2)c1,-0.0409586076789
CCn1nccc1-c1cc(CC2CCNCC2)ncn1,1.73798732633
Cc1ccc(C(=O)N(C)Cc2c(C)noc2C)cn1,0.130333768495
O=C(CCn1nnc2ccccc2c1=O)Nc1ccncc1,0.608526033577
O=c1[nH]c2cnccc2n1Cc1ccccc1,0.19033169817
Cc1nn(Cc2cccc(Br)c2)c(C)c1C(=O)O,0.198657086954
Clc1ccc(Cc2nc(-c3ccccc3)n[nH]2)cn1,0.181843587945
CCCn1ncc2[nH]c(C3CCCCC3)nc21,0.100370545118
Cc1ccc(-c2noc(CCC(=O)N3CCCC3(C)C)n2)cc1F,-0.271646217979
CCC(=O)N1CCCc2cc(C(O)CN3CCN(c4ccc(OC)cc4)CC3)ccc21,0.227886704614
O=C(Nc1nc2ccccc2[nH]1)C1CCCCC1,-0.142064735281
O=C(Nc1nc2ccccc2[nH]1)c1ccncc1,0.0934216851622
O=C(Cc1ccc2c(c1)OCCO2)NC1CCCCCC1,-0.20830935098
CNC(=O)CN1CCCN(C(=O)c2c(C)nn(-c3ccccc3)c2Cl)CC1,1.91434315712
CC(C(O)c1ccc(O)cc1)N1CCC(Cc2ccccc2)CC1,0.0899051114394
CC(C)(C)n1cc(CNc2cccnc2)cn1,-0.248720896017
Cc1nccc(-c2cccc(NCC(=O)N(C)c3ccccc3)c2)n1,-0.0159229660972
Cc1cc(C)n2ncc(C(=O)NC3CCCCC3)c2n1,-0.15366288787
Cc1ccc(N2CCN(C(=O)c3c(C)nc4sccn34)CC2=O)cc1,0.827369273054
Cn1c(CNC(=O)Cc2ccccc2)nc2ccccc21,0.352182518111
Cc1ccnc(NC(=O)CN2CCCC2=O)c1,0.326335860929
CC(=O)N1CCC(Cn2ccnc2-c2cc3ccccc3s2)CC1,1.14612803568
CC(C)c1cc(N2CCc3[nH]nc(C4CC4)c3C2)n2nccc2n1,0.807535028069
Fc1ccccc1-c1noc(-c2ccc(NCCc3cnccn3)nc2)n1,-0.847711655617
COc1ccccc1OC1CCN(Cc2ccccc2C#N)CC1,-0.254144804826
O=C(NCC1(c2ccccc2)CC1)c1cccnc1,-0.1209041205
C#CCNC(=O)CCc1c(C)nn(C)c1C,0.900913067738
COc1cc2c(cc1OC)CN(C(=O)C1CCCN(S(=O)(=O)c3cccs3)C1)CC2,0.986771734266
COc1cc2c(cc1OC)CN(C(=O)C1CCCN(C(C)=O)C1)CC2,1.75663610825
COc1cc2c(cc1OC)CN(C(=O)C1CCCN(C(=O)OC(C)(C)C)C1)CC2,0.25285303098
Cn1ncc2c1CCc1sc(NC(=O)c3cccnc3)nc1-2,0.198657086954
COc1ccc2nc(NCc3cnn(C)c3)ccc2c1,-0.274088367705
O=C(c1cccc(N2CCNC2=O)c1)N1CCc2ccccc2C1,0.757396028793
Cc1nnc(N2CCCSCC2)c(C#N)c1C,-0.189767482005
CN(C)CCN(Cc1ccccc1)C(=O)CCC(=O)Nc1ncc(-c2ccccc2)n1C,1.58206336291
CC1(C)CN(C(=O)C2(C(=O)N3CC(C)(C)C3(C)C)CCC2)C1(C)C,0.380211241712
c1csc(-c2csc3nc(CN4CCOCC4)nc(N4CCc5[nH]ncc5C4)c23)c1,1.92168647548
CC(C)n1nnnc1-c1ccc(N)cc1F,-0.200659450546
Cc1nn(C)c(C)c1CCC(=O)N1CCN(C)Cc2ccccc21,1.660865478
O=C(Nc1nc(-c2ccccn2)cs1)c1ccc(F)cc1Cl,-0.826813731588
Cc1n[nH]c(-c2c(C)c3cc(F)ccc3n2C)n1,-0.293282217663
CCN1CCc2ncnc(N(C)Cc3ccc4c(c3)OCCO4)c2C1,-0.104025267641
Cc1nc(NCC(C)(C)c2ccccc2)n(C)n1,0.0293837776852
CCCc1nnc(NCc2cn3ccc(C)cc3n2)o1,0.54406804435
CNC(=O)c1ccccc1Nc1nc(Nc2ccc(N3CCOCC3)cc2OC)ncc1Cl,0.485721426482
COc1ccc(C(=O)N2CCCC2)cc1NC(C)C,0.0334237554869
O=C(OCc1cc(Cl)ccn1)c1ccc2[nH]c(C(F)F)nc2c1,0.136720567156
Cc1nc(-c2cnn(C)c2-c2ccc(C(F)(F)F)cn2)c2c(N3CCC3)ncnn12,1.08635983067
N#CCN(C(=O)c1cn(-c2ccc(Br)cc2)cn1)C1CC1,0.0170333392988
CN(C)c1cccc(Cn2ccnc2-c2ccc(O)cc2)c1,0.576341350206
CC(C)(C)OC(=O)NCc1ccc(C(=N)NC(=O)OCc2ccccc2)cc1,0.348304863048
Cc1noc(OCC(=O)N2CCCCCC2)n1,0.00432137378264
Cc1csc(NC(=O)c2ccc(-c3ccncc3)cc2)n1,-0.74714696902
CCN(C(=O)N1CCC(CC(=O)N2CCN(C)CC2)CC1)C(C)C,1.20951501454
Cc1cccc(-n2cnnc2CCCN2CCOCC2)c1,1.48429983935
Cc1ccnc(C2CCN(C3CCCC3)CC2)n1,0.0492180226702
Cc1ccc2[nH]c(C3CCN(C)CC3)nc2c1,0.459392487759
O=c1[nH]c2ccccc2n1C1CCN(Cc2nc(-c3ccsc3)no2)CC1,0.571708831809
CC(c1nnc(-c2cccs2)o1)N1CCC(n2c(=O)[nH]c3ccccc32)CC1,1.3242824553
O=C(CN1CCC(n2c(=O)[nH]c3ccccc32)CC1)N1CCc2ccccc21,1.7075701761
CN(Cc1ccc(Cl)cc1)C(=O)c1ccc(-n2ccnc2)nc1,0.0334237554869
N#Cc1ccccc1OCc1csc(-c2ncccn2)n1,-0.229147988358
Nc1ccc2c(c1)ncn2CCc1ccccc1,-0.154281982033
COc1cccc(CN(C)c2ncnc3c2CN(C)CC3)c1,-0.12262865413
CCONC(=O)c1sc(C)nc1C,-0.10347378251
O=C(O)c1cnc(/C=C/c2csc(-c3ccsc3)n2)s1,-0.0798766737093
FC(F)(F)c1nccc(NCCSc2nc3ccccc3o2)n1,-0.498940737782
O=C(Cc1cccc(I)c1)N1CC(CO)C1,0.20139712432
Cc1nc(NC2(c3cccc(Cl)c3)CC2)c2c(C)noc2n1,-0.0599818449923
CCc1oc2c(-n3cnnc3)cccc2c1C,-0.231361898752
CCOC(=O)c1cccnc1-c1ccc2[nH]ccc2c1,-0.222573177611
CCCN1CCn2nc(-c3nc4cc(OC)ccc4[nH]3)cc2C1,-0.0835460514501
Cc1cc(C)nc(NCc2cnc(C)c(C)c2)n1,-0.206209615309
CCCCC1=NC2(CCCC2)C(=O)N1Cc1ccc(-c2ccccc2-c2nnn[nH]2)cc1,1.8785217955
Cc1nn(Cc2csc(-c3cccs3)n2)c(N)c1C#N,-0.161780778092
COc1ccc2cc(-c3[nH]c(-c4ccc(S(C)=O)cc4)nc3-c3ccncc3)ccc2c1,1.54157924395
CN(Cc1ccccc1Br)C(=O)Nc1ccc(C(=O)N2CCCC2)cc1,0.998695158312
COc1cccc(-c2cccc(N)n2)c1F,-0.116906641424
Cc1ccc(CNC(=O)c2cccs2)cn1,-0.0746879085004
Cc1cc(Nc2ccccn2)cc(C2CCCN(CC(=O)Nc3ncc(C)s3)C2)n1,1.55990662504
O=C(CCc1ccc(Cl)cc1)N1CCCC(c2n[nH]cc2-c2cccc(F)c2)C1,0.753583058893
CCOc1cccc(CNCCc2c[nH]c3ccccc23)c1,-0.202040356263
CCN(C(=O)N1CCC(OC2CCOCC2)CC1)C(C)C,-0.117475462045
O=C(NCc1ccc(F)cc1)C1CCN(C(=O)/C=C/c2ccc(F)cc2)CC1,0.788168371141
C(=C/c1ccccc1)\CNCc1ccc2c(c1)OCO2,-0.472370099129
Cc1nc(O)c2c(n1)CN(Cc1ccccc1)CC2,0.990338854788
Cn1cc(C(=O)O)c(C2CCCCC2)n1,0.0170333392988
O=C(COc1ncnc2ccccc12)NC12CC3CC(CC(C3)C1)C2,0.0791812460476
O=C(NCc1cccnc1)c1sccc1-c1ccccc1,0.0413926851582
Cc1oc(C)c(C(=O)N2CCNC(=O)C2)c1Br,0.772321706723
COc1ccc(-c2ccc(CN(CCN(C)C)Cc3ccncc3)cc2)cc1,0.313867220369
O=C(NCCc1nnc2n1CCC2)c1ccc2c(c1)CCC2,1.91750550955
O=C(NC1CCCCCC1)c1ccc(-c2cnco2)cc1,-0.287350298373
Cc1cnc(CNCc2cccc3c2OCO3)s1,-0.216811308925
CNC(=O)Cc1nc(-c2cncc(C)c2)cs1,-0.0096611452124
Cn1ncc2c(Oc3cccc(Oc4ccccn4)c3)ncnc21,-0.172630726946
CC(=O)Nc1nc(-c2c(C)cc(C)cc2C)cs1,-0.252588192114
CN(Cc1ccc(N)nc1)c1ncccn1,-0.207608310502
CN(CCc1ccccc1)C(=O)CC#N,-0.17652577083
Cc1csc(Nc2ccc(C#N)cc2)n1,-0.377785977034
Cc1noc(CCNc2ncnc3ccccc23)n1,-0.0333890133181
Cc1c(-c2ccccc2)oc2c(C(=O)NCCCN3CCCCC3)cccc2c1=O,1.04139268516
CCCC(=O)N1CCC(c2cccc(C)n2)CC1,-0.241088107602
O=C(Cc1cccs1)NCc1ccccc1F,-0.193141970481
O=C(Nn1cnc2ccccc21)c1cc(Cl)ccc1F,-0.00656376950239
c1ccc(CCn2cnc3c2CCN(c2ncccn2)C3)cc1,-0.0958256317158
Cc1cccc(NCC2CCN(C(=O)c3ccccc3)CC2)n1,0.0718820073061
O=C(NCCCNC(=O)c1cc2ccccc2[nH]1)c1ccc2c(c1)OCCO2,0.828659896535
O=C(NC1CC1)c1cccc2cccnc12,-0.14996674231
COCCc1nc(-c2ccccc2-c2ccccc2)n(CCO)n1,1.20139712432
C1CCC(OCc2noc(C3CC3)n2)CC1,-0.0535477349869
Cc1noc(C)c1CC(=O)N1CCc2[nH]c3ccc(Br)cc3c2C1,0.705007959333
CCOC(=O)Nc1cc(-c2ccc(C)c(NS(C)(=O)=O)c2)nn2c(C)nnc12,1.45331834005
Cn1nc(C2CCNCC2)c2cccnc21,0.836324115707
Cc1nc(CNC2CCN(C(=O)C3CC3)CC2)cs1,0.535294120043
Cc1cccc(OC2CN(C(=O)Cn3c(C)nn(-c4ccccc4)c3=O)C2)c1,-0.00305075150462
CN(C)c1ccc(-c2ccc(COCc3cccs3)cc2)nn1,-0.316052869248
O=C(c1ccc2oc(CCCc3ccccc3)nc2c1)N1CCC(Oc2cccnc2)CC1,0.170261715395
O=C(NC1CCCCCC1)c1ccc(CSc2nc3ccccc3[nH]2)cc1,0.475671188324
CCc1nc(C(N)=O)c(Nc2ccc(N3CCC(N4CCN(C)CC4)CC3)c(OC)c2)nc1NC1CCOCC1,2.12385164097
Cc1cc(C(=O)NC2CCN(C(=O)c3cc(C)sc3C)CC2)no1,0.193124598354
Cc1cc(-c2nccs2)nc(CC2CCNCC2)n1,1.30319605742
CN(Cc1cccc(C#N)c1)c1cnc2ccccc2n1,-0.354577730651
Cc1ccc(-c2ccnc(O)c2C#N)cc1,-0.0150228735845
COc1cncc(-c2ccnc3[nH]ccc23)c1,-0.173277479831
Cc1ccc(-n2cc[nH]c(=O)c2=O)cc1,0.0211892990699
Cc1nc(C)c(CNc2cnn(-c3ccccc3)c2)s1,-0.2831622767
Cc1cccc(NC2CCN(Cc3ccncc3)CC2)n1,-0.30451832351
c1ccc(CN2CCn3nccc3C2)cc1,-0.233587152888
CN(C)c1nc(CN2CCOCC2)nc2scc(-c3cccs3)c12,0.0128372247052
O=C(Nc1cccnc1)c1ccccc1Cc1ccccc1,-0.213248577854
CCN(CC)C(=O)N1CCC(C(=O)O)CC1,0.644438589468
CC(C)c1cc(CN(C)Cc2c[nH]nc2-c2ccc(F)cc2)no1,0.00432137378264
Cc1ccc(OCc2noc(-c3ccsc3)n2)cn1,-0.280668713016
c1cnc(N2CC(c3nc4ccccc4[nH]3)C2)nc1,0.597695185926
Cc1cc(C)cc(C(=O)Nc2c(C#N)cnn2C)c1,0.0413926851582
CN(C)CCNc1c2c(c(C#N)c3nc4ccccc4n13)CCCC2,0.409933123331
Cc1ccc2c(c1)C(=O)CC1(CCN(C(=O)c3ccc4nc(C)cc(O)c4c3)CC1)O2,1.47856649559
COc1ccccc1-c1ccc(CC2(C(=O)NC3CC3)CCOCC2)cc1,0.276461804173
CCS(=O)(=O)Cc1ccn(-c2cccc(F)c2)n1,-0.199282921718
O=C1c2cccc3cccc(c23)C(=O)N1CCN1CCOCC1,-0.225483034271
O=C(NC1CCCC1)c1cc(C2CC2)nc2ccccc12,-0.15801519541
Cn1cc(CCNc2cncc(Br)c2)cn1,-0.183758700008
Cn1c(C(=O)N2CCN(CCc3ccccc3)C(=O)C2)cc(=O)n(C)c1=O,0.920645001407
Cc1noc(-c2ccc(NC(=O)Cc3ccccc3)cc2)n1,-0.241845378033
Cc1ccc(C2(O)CCN(Cc3cn(C)c4ccc(F)cc34)CC2)cc1,-0.0609802235513
Cc1nnnn1CCN(C)c1ccccc1,-0.22475374026
CCC(=O)NCc1ccnc(N(C)C)c1,-0.0560111249262
Cc1nn(C)c(C)c1NC(=O)CN1CCC2(CCCCC2)CC1,0.204119982656
c1ccc2c(c1)CCN(Cc1nnc3n1CCC3)C2,0.839478047374
O=C(NCc1nnc2n1-c1ccccc1CC2)c1ccc2ccccc2c1,0.837588438236
Cc1cc(C)n(-c2ccc(CNC(=O)c3ccc4c(c3)CCO4)cn2)n1,-0.114073660199
O=C(NCCc1ccc2c(c1)OCO2)C1CCCC1,-0.161150909263
O=C(CN1CCCN(c2ccc(C(F)(F)F)cn2)CC1)Nc1ccccc1,-0.126098402136
O=C(/C=C\n1cnc(-c2cc(C(F)(F)F)cc(C(F)(F)F)c2)n1)NNc1cnccn1,0.292256071356
CCn1ncc(-c2cc(C(F)F)nc(NCCCOC)n2)c1C,-0.279840696594
Cc1cc(C)c(NC(=O)c2cc(Cl)ccc2F)c(C)n1,-0.121478204499
CCc1nnc(NC(=O)c2ccc3cc(OC)ccc3n2)s1,-0.605548319174
CCc1nnc(Nc2cccc(C3CCCN(CC(=O)N4CCCC4)C3)n2)s1,1.54406804435
Cc1cc(C)n(-c2cc(Nc3ccccc3C)ncn2)n1,-0.310691140876
O=C(CC(=O)N1CCCC1)N1CCCC1,0.450249108319
CCNC(=O)N1CCc2nc3ccc(F)cn3c(=O)c2C1,1.01283722471
CNC(=O)N1CCc2nc3ccc(Cl)cn3c(=O)c2C1,0.789580712164
COc1ccc(CC(=O)N2CCc3[nH]c4ccc(Cl)cc4c3C2)cc1OC,0.804139432335
Cc1cc(C)nc(-n2nc(C)c(CC(=O)NC3CCCCCC3)c2C)n1,1.52244423351
CS(=O)(=O)c1ccc(-c2cnc(NCc3ccco3)n3cnnc23)cc1,1.17026171539
Cc1ncc(C(=O)Nc2ncnc3oc(C)c(C)c23)s1,-0.374687549038
Cc1ccc2c(c1)c(Cn1ccnc1-c1cccc(C)n1)nn2C,-0.168130225719
Cc1noc(C2CCN(CCc3ccccc3)CC2)n1,-0.308034897233
O=C(Nc1ccc2sccc2c1)N1CCCN(C(=O)Oc2ccccc2)CC1,0.117271295656
COc1cc(N2CCN(C)CC2)ccc1Nc1ncc2c(n1)N(C)c1ccccc1C(=O)N2,1.65321251378
Cc1nc(C2CCNCC2)cc(N(C)C)n1,0.654176541878
NC(=O)c1ccc(Oc2ccc(C(=O)N3CCCCCC3)cc2)cc1,0.690196080029
O=C(CCCOc1ccccc1)N1CCCC1,-0.199970640756
Cc1cc2ccccc2n1CC(=O)N1CCc2ccc(O)cc2C1,0.413299764081
O=C(Nc1ccc2c3c(cccc13)CC2)c1ccnc(-n2cncn2)c1,-0.602059991328
Cc1ccc(-c2nc(CC(=O)NCCC(C)C)cs2)cc1,-0.276544327965
O=C(Nc1ccc(F)cc1)c1cc(C2CC2)nn1-c1ccccc1,-0.503070351927
CC(C)(C)NC(=O)c1cnc(-c2ccc(Cl)s2)s1,-0.306273051076
CCC(C)(C)NC(=O)C1(Cc2ccc(-c3cc(F)ccc3OC)cc2)CCOCC1,0.209515014543
Cn1cc(-c2ccc3nnc(C(F)(F)c4ccc5ncccc5c4)n3n2)cn1,0.975891136402
CC(=O)c1c(C)c2cnc(Nc3ccc(N4CCNCC4)cn3)nc2n(C2CCCC2)c1=O,1.80002935924
Cc1cc(C(=O)Nc2ccc(C)c(C)c2)n(-c2ccccc2)n1,-0.40671393298
CC(=O)Nc1cccc(OCC(=O)N2CCCCC2)c1,1.07554696139
O=C(O)c1cc(/N=N/c2ccc(S(=O)(=O)Nc3ccccn3)cc2)ccc1O,-0.338187314463
O=C(NCCc1cnn(-c2ccccc2)c1)N1CCC1,0.127104798365
COc1cc(NC(=O)c2ccc(F)cc2C)ncn1,-0.253365801062
CN(C)Cc1csc(-c2nccn2-c2ccc3c(c2)n(C)c(=O)n3C)c1,1.86033800657
COc1cccc(OCCCN)c1-c1cc(Nc2cnc(C#N)cn2)n[nH]1,1.24303804869
O=C(CC1CCCC1)NCc1nnc2n1CCC2,1.71349054309
COCC1(c2nc(-c3ccncc3)nn2Cc2cccc(Cl)c2)CC1,-0.136082623042
Cc1ccsc1C(=O)NCc1ccc2c(c1)OCCCO2,-0.23507701535
CCNc1ccnc(N(C)Cc2nc3ccccc3n2C)n1,0.107209969648
COc1ncccc1CNc1ncnc2c1cnn2C,-0.014573525917
C#CCNC(=O)c1ccc2c(c1)OCO2,-0.0920514783877
CC(C)(C)c1nccc(NCc2ccncc2)n1,-0.154901959986
CCC(=O)NCCNC(=O)c1cc(-c2ccccc2)nc2ccccc12,1.17897694729
CN(C)C(=O)COC(=O)Cc1ccc(OC(=O)c2ccc(NC(=N)N)cc2)cc1,-0.150580586203
Cc1c(C(=O)NCc2cnc(N(C)C)n2C)sc2ccccc12,0.698970004336
CN1CCC(C(=O)N2CCC(c3cc(C(F)(F)F)c4c(n3)CCNC4=O)CC2)CC1,0.712649701627
Cn1cc(NC(=O)c2ccc(OCC3CCOCC3)nc2)cn1,0.469822015978
CC(C)(C)NC(=O)NCCn1nc2c(cc1=O)CCCC2,1.8260748027
COc1cc2nc(/C=C/c3cocn3)sc2cc1OC,-0.297569463554
CCOc1ncccc1-c1nc(C)cc(NC)n1,-0.172630726946
Cc1nc(CN(C)C(=O)C2c3ccccc3-c3ccccc32)no1,0.0374264979406
O=C(Nc1nccs1)C1CCN(C(=O)CN2CCc3ccccc32)CC1,1.38738982634
CC1(c2nnc(-c3ccc4c(c3)OCCO4)o2)CCOCC1,-0.129596094721
CCN(CC#N)C(=O)c1nn(-c2ccc(F)cc2)c2c1CCCC2,-0.147520006363
O=C(c1ccccc1-c1ncc(-c2ccccc2F)o1)N1CCC1,-0.181114585406
Cc1cccc(OCCCNc2cc(Cn3c(C)nc4ccccc43)nc(N)n2)c1,1.35602585719
Cc1cc(C(=O)NCC2CC2)n2nccc2n1,-0.239577516577
Cn1cnnc1-c1cccc(NS(=O)(=O)c2ccc(N3CCCC3=O)cc2)c1,0.568201724067
O=C(NCc1ccc(F)cc1)C1(Cc2ccc(-c3cccnc3)cc2)CCOCC1,0.683047038239
Cc1cncc(C2CCN(Cc3cnccn3)CC2)n1,-0.187086643357
CC(=O)N1CCCN(C(=O)Cc2csc(C(C)C)n2)CC1,1.30963016743
O=C(CSc1ccc(F)cc1)N1CCCC1,-0.127261172527
O=C(c1ccc(F)cc1)N1CCN(CC(=O)N2CCCC2=O)CC1,1.0170333393
O=C(c1ccncc1)N1CCC(c2cnccn2)CC1,0.432969290874
COc1ccc(/C=C/C(=O)c2c(C)nc3ccccc3c2N)cc1,-0.705533773838
CCn1ncc(CN2CCC(c3nc(N(C)C)ncc3-c3ccc(OC)cc3)CC2)c1C,1.19312459835
O=C(Cc1ccc(F)cc1)NCCn1cccnc1=O,0.965201701026
Cc1cnc(-n2cnnc2)c(-c2cccc(Cl)c2Cl)c1,0.352182518111
Cc1cccc(-n2c(S)nnc2CNc2ccc(F)cc2)c1,0.387389826339
COc1ccc(-c2cccc(C3CCCN(C(=O)C4CCCC4)C3)n2)cc1,-0.144480844332
c1cc2c(N3CCNCC3)nc(-c3ccnc(NC4CCCCC4)c3)cc2cn1,1.42324587394
O=C(Nc1ccccc1)N1CCCc2cnc(N3CCOCC3)nc21,0.0863598306747
CSc1ccc(CN(CCO)C(=O)CCc2cccc(F)c2)cc1,-0.0172766123315
CC(C(=O)Nc1ccccc1)N1CCCC(c2nc3ccccc3o2)C1,-0.0801377464445
Cn1c(=O)c2c(ncn2C)n(C)c1=O,-0.0736575533743
CC(C)c1nc(S(=O)(=O)N2CC3(CC3)c3ccccc32)c[nH]1,0.91698004732
NC(=O)COc1ccccc1C(=O)Nc1cccc(-c2ccc3ccccc3c2)n1,-0.528708288941
CN1CCC(O)(CNC(=O)C2CCCCCC2)CC1,1.04921802267
Cc1cc(-n2ccnc2)ccc1C(=O)O,-0.379863945026
O=C1CC(N2CCCN(c3ccc(C(F)(F)F)cn3)CC2)C(=O)N1c1ccccc1,-0.118615343229
O=C(NCc1cnn2cccnc12)c1ccccc1-n1cnnc1,0.687528961215
Brc1nnc(N2CCC(OC3CCCC3)CC2)s1,-0.23507701535
Cc1ccc(CCNc2ccc(C#N)nc2)cn1,-0.258060922271
Cn1cc(CNc2ncccn2)c(C(C)(C)C)n1,-0.0433514207948
CC(=O)Nc1ccccc1CN1CCC(c2nnc3ccccn23)CC1,1.69284691928
CCc1cc(=O)[nH]c(SCCN2CCCCC2)n1,0.535294120043
CCCn1ncc(CN2CCC(c3cc4cccnc4[nH]3)CC2)c1C,0.947433721887
O=c1cc2c(n[nH]1)-c1cnc(N3CCCC3)nc1CC2,-0.126098402136
O=C(c1ccc(-c2ccncc2)cc1)N1CCC(O)(CN2CCCC2)CC1,1.24797326636
Cc1nc2cc(-c3nccn3C)nn2c(NCCCN(C)C)c1C,1.82994669594
CN(C)CCSc1nnnn1-c1ccc(Br)cc1,-0.361510743045
Cc1ccc(Nc2ccnc(Nc3ccc(C)cc3)n2)cc1,-0.698970004336
Cc1cnn(CC(=O)NCCCn2cc(Cl)cn2)c1,0.36921585741
CN(CCCC1CCCC1)Cc1cc(=O)[nH]c(=O)[nH]1,-0.0762380391713
C[C@H](Cc1cc2c(c(C(N)=O)c1)N(CCCO)CC2)NCCOc1ccccc1OCC(F)(F)F,1.43775056282
CC(C)N(C(=O)Cn1cccc2cc(C(F)F)nc1-2)C(C)C,0.607455023215
Cc1noc2ncnc(N3CCCN(C(=O)C4CC4)CC3)c12,1.32633586093
CCn1ncc(CN(C)C(=O)c2ccc(-c3nc(C)cc(C)n3)cc2)c1C,0.619093330627
O=c1c2cccc(C(F)(F)F)c2ncn1C1CCCC1,-0.277366077466
COc1cccc(C)c1C(=O)N(C)Cc1ncc[nH]1,0.800717078282
COc1ncnc(C)c1-c1cccc(OC(C)C)c1,-0.197910742118
Fc1cccc(N2CCCC2)c1CN1CCN(Cc2ccon2)CC1,-0.193820026016
O=S1(=O)CCN(C2CCN(CC(F)(F)F)CC2)CC1,-0.116338564846
CC(C)n1cnnc1SCOCc1ccccc1,-0.14813039927
CCn1nccc1CNc1ncccn1,-0.227678293277
CCn1c(CN2CCCCCC2)nc2ccccc2c1=O,-0.251037138744
C#CCNC(=O)N(Cc1ccccc1F)C1CCOCC1,0.332438459916
CCc1cccc(C)c1NC(=O)c1ccc(C)o1,-0.179798540514
COCC1(CNS(=O)(=O)c2ccccc2)CCC1,-0.157390760389
CCC(C)(C)N1CCN(C(=O)Nc2cnn(CC(C)C)c2C(F)F)CC1,0.61066016309
Cn1cc(-c2cccc3c(C(N)=O)cccc23)cn1,0.0681858617462
O=c1c2cnccc2ncn1Cc1ccc2c(c1)CCCO2,-0.140261433803
CN(CCNC(=O)NC1CCOCC1)C1CCCC1,1.26007138799
COc1ccc(Cl)cc1NC(=O)CN1CCCN(c2ccc(C(F)(F)F)cn2)CC1,0.243038048686
Cc1noc(NCc2c(C)nn(C)c2C)n1,0.127104798365
Cc1cc(Nc2ccc(F)cn2)cc(C2CCN(C(=O)CCc3cccc(Cl)c3)C2)n1,0.99166900738
Cc1ccc(NC(=O)CN(C)C2CCCCC2)cc1S(=O)(=O)N(C)C,0.161368002235
CC(C)Oc1ccc(C#N)cc1NC1CCN(C)CC1,0.399673721481
CCc1cc(NS(C)(=O)=O)n(C)n1,0.40483371662
Cc1ncc(-c2ccccn2)c(CCNC(=O)C2CCCC2)n1,0.888179493918
O=C(Nc1ccc2c(c1)N(CC(F)F)C(=O)CS2)C1CC=CC1,-0.129596094721
Cc1nccc(NC(=O)c2ccc(Cl)nc2Cl)n1,-0.261219441516
O=c1c2ccccc2nnn1CCOc1ccc(F)cc1,-0.376750709602
COc1cc(OC)cc(N(CCNC(C)C)c2ccc3ncc(-c4cnn(C)c4)nc3c2)c1,2.02530586526
CC(C)[C@H]1C(=O)N[C@H](CO)Cc2cc(NC(=O)/C=C/C=C/c3ccc(C(F)(F)F)cc3)ccc2N1C,1.74741180789
O=C(Nc1ccc(COC2CCCC2)cc1)N1CCC(CO)CC1,0.745074791582
c1nn(C2CCOCC2)cc1Nc1ncc2nnn(-c3ccc4cn[nH]c4c3)c2n1,2.72509452108
C1CN(c2nc3c(c(N4CCSCC4)n2)SCC3)CCS1,-0.416801226031
Cc1cc(C)n2nc(C)c(C(=O)NCC3CC3)c2n1,-0.139661993429
CCN(CC)C(=O)CSCc1cncc(F)c1,-0.14813039927
Cc1ccc(S(=O)(=O)N2CCC(c3nnc(-c4cccnc4)o3)C2)cc1,0.457881896734
O=C(c1cc(-c2ccc(F)cc2)on1)N1CC[C@H](Oc2ccccc2F)[C@@H](O)CC1,-0.0649968485463
CC(C)c1nsc(N2CCC(Nc3cccnc3)CC2)n1,-0.0883098412461
COc1cccc(Oc2ccc(NC(=O)CN3CCOCC3)cn2)c1,0.100370545118
Cc1cc(C(F)(F)F)nc(CCNC(=O)N(C)Cc2c(C)noc2C)n1,1.21484384805
CC1(C)[C@@H]2C[C@H]1[C@@]1(O)[C@@H](C2)Oc2c(ccc(O)c2C(=O)NCCNc2ccccn2)[C@@H]1O,1.38916608436
CC(=O)Nc1ccc(CNCCOc2ccc(F)cc2F)cc1,0.195899652409
CCCc1cc(O)nc(SCC(=O)N2CCN(C)CC2)n1,1.37839790095
CN1CCC(O)(CNS(=O)(=O)CC2CCCCC2)CC1,0.465382851448
COCCCNc1ncc(-c2cc(C)no2)c(C(C)C)n1,-0.357535479758
Nc1ccnc2ccc(Oc3ccccc3)cc12,-0.313363730738
Cc1ccc(-c2ccc(N(C)CCO)nn2)c(-n2cccn2)c1,1.46686762035
COc1ccc(-c2cc(C(C)(C)C)nc(-c3ncccn3)n2)cc1,0.0863598306747
Cc1nc2ncc3c(n2n1)CCCC3=O,-0.123782159408
O/N=C1/CCCc2c1cnc1ncnn21,0.222716471148
CN(C)CCOc1cc(-c2cn[nH]c2)ccc1NC(=O)C1COc2ccccc2O1,1.5065050324
CCc1cc(CNC(=O)Nc2ccc(N3CCSCC3)cc2)on1,1.2833012287
CCCN(CCC1=CCCCC1)C(=O)Cc1n[nH]c(=O)[nH]1,1.05307844348
C/C(=C/COc1c2occc2cc2ccc(=O)oc12)CO,-0.17914201056
Cc1cc(-c2nc(N(C)C)no2)cc(O)n1,-0.1390633793
CCc1cnccc1C(=O)Nc1cnccn1,-0.115204636051
CN(C)c1nccc(N2CCN(CCCCCF)CC2)n1,-0.377785977034
CC(=O)NC1CCC(NCCc2c(C)cccc2C)CC1,1.29666519026
Cc1nnc2ncc(-c3cccc4ccnn34)cn12,-0.329754146926
O=C(CC/C=C/c1ccccc1)Nc1ccccc1N1CCOC1=O,0.389166084365
COc1cc(CN2C[C@H]3CCc4c(nc(C)[nH]c4=O)[C@H]3C2)cc(OC)c1OC,1.67669360962
Cc1ccnc(NCc2cccnc2)n1,-0.22475374026
CC(=O)N1CCN([C@H]2CCN(C(=O)c3cc4cc(Cl)ccc4o3)CC[C@@H]2O)CC1,1.57749179984
c1nc(N2CCC3(CCCCC3)C2)c2cn[nH]c2n1,-0.0969100130081
CC(C)(C)CCCNC(=O)N1CCN(Cc2ccon2)CC1,0.176091259056
COc1ccc(-c2nn(C)c3ccccc23)c(OC)c1OC,-0.288192770959
COCC1(CNC(=O)c2cc(Cl)cnc2O)CCC1,0.751279103983
COc1ccc(COc2ccc(Cc3cnc(N)nc3N)cc2OC)cc1,1.04139268516
CCSCCC(=O)NCCn1nc(C)c(CC)c1C,0.396199347096
Cc1cccc(NCCc2cc(F)cc3c2OCOC3)n1,-0.4271283978
COCC1(CNS(=O)(=O)c2ccc3[nH]cnc3c2)CCC1,1.51587384371
Clc1ccc(CSc2nc(-c3ccccc3)c[nH]2)cn1,-0.206908399823
CCc1ccccc1S(=O)(=O)NCCc1cn[nH]c1,0.423245873937
Fc1ccc(CN2CCCN(c3ccc4nnnn4n3)CC2)cc1,-0.217527375834
CC(C)c1nnc(CN(C(C)C)C2CCOCC2)o1,-0.0315170514461
CNc1ncc(CN(C)CCN2CCCCC2)cn1,0.0530784434834
C#CCOc1ccc(OC)cc1C(N)=O,-0.144480844332
Cc1cc(C)nc(N2Cc3ccccc3C2=N)n1,-0.0931264652779
O=C(O)c1csc(Cc2ccc(Cl)cc2)n1,-0.397940008672
CCOc1cc(N(C)CC2CCN(C)CC2)ncn1,0.19033169817
O=C(c1cc(F)ccc1F)N1CCN(C(=O)C2CC2)CC1,0.0827853703165
Cc1ccnc(N2CCC(OCC3CCCC3)CC2)n1,-0.288192770959
Fc1cc(Br)ccc1CNCc1ccccn1,1.07918124605
CN(CCSc1ccc2nnnn2n1)Cc1ccccc1,-0.365522729839
Cc1cccc(NCCN2C(=O)CCC2=O)n1,-0.175874166083
Cc1ncsc1CNc1nnc(-c2ccncc2)o1,0.574031267728
c1ccc(-c2nc(CSc3ccc(-n4cccn4)nn3)cs2)cc1,-0.266802734893
CCS(=O)(=O)N(C)c1ccc(N(C)C)cc1,-0.237321436273
Cc1ccc(CN)c(-n2cc(Cl)cn2)n1,-0.402304814074
Cc1nccc(NC(=O)c2ccncc2Cl)c1Cl,-0.137272471682
COC(=O)c1cccc2c1CCCN2C(=O)c1ccc(F)cc1F,-0.14996674231
CCc1nc(CNc2ccc(C#N)nc2)cs1,-0.254925208418
O=c1oc2cccnc2n1Cc1ccccn1,0.396199347096
Cc1cc(Nc2ccc(F)cn2)cc(C2CCN(C(=O)COc3ccccc3)C2)n1,1.19033169817
CC(C)CCCNC(=O)c1[nH]ncc1Br,-0.237321436273
N#Cc1cccc(CNCc2ccccn2)c1,-0.256490235272
CC(=O)N(C)[C@H]1CC2(CCN(C(=O)COc3ccc(F)cc3F)CC2)OC[C@]1(C)O,1.17318626841
O=C(CCc1cn[nH]c1)NCCCn1cc(Cl)cn1,1.25767857487
Cc1nn(C)c(C)c1-c1cc(C(C)(C)C)nc(N(C)C)n1,-0.20830935098
CSc1ncccc1C(=O)Nc1ccc(-c2nnc(C)[nH]2)cc1,0.842609239611
CCc1c(C(=O)N2CC[C@@](O)(CC(C)C)[C@@H](Oc3ccc(F)cc3)C2)[nH]c2ccc(C)cc12,0.618048096712
COc1cccc(Cn2cnc3c(c2=O)COCC3)c1Cl,-0.0457574905607
CN(Cc1cnc2ccccc2n1)S(=O)(=O)N1CCCC1,-0.15366288787
CCN1CCC(CCNc2ncc(C)c(N(C)C)n2)CC1,1.06069784035
Cc1cc(C(=O)N(C)CCCC2CCCC2)cc(C)n1,-0.10679324694
CC(=O)N1CCC2(C=Cc3cc(C)c(C)cc3O2)CC1,-0.237321436273
Cc1ccc(=O)n(CCOc2cc(F)cc(Br)c2)n1,-0.22475374026
COCC(=O)Nc1cc(C#N)cn1C(C)(C)C,0.110589710299
Cn1nc(CNC(=O)C2CCC2)c2ccccc21,-0.17914201056
CN(Cc1ccc(N)nc1)c1nc(C(F)(F)F)cs1,-0.223298816012
CC(C)c1nnc(CNc2ncc(Br)cn2)n1C,0.642464520242
Cn1cc(CN2CCc3nc4ccccc4c(=O)n3CC2)cn1,0.444044795918
Cc1cc(-c2cn(C)nc2[C@H]2CC[C@H](CNC(=O)C(C)C)CC2)on1,1.4814426285
NC(=O)CN1CCC(COc2ccccc2C(F)(F)F)CC1,-0.280668713016
Nc1nnc(SCCSC2CCCCC2)n1C1CC1,0.580924975676
Cc1cccnc1CN1CCC(O)(c2ccccc2)CC1,-0.0186344909215
CCc1nccn1Cc1nc(N)nc(N(C)C)n1,1.2671717284
O=C(Nc1ccccn1)c1ccc2c(c1)C(=O)N(C1CCCCC1)C2=O,-0.405607449625
CC1(C)CC(CC(=O)NCCn2ccnn2)CC(C)(C)N1,-0.730487055782
Cc1nc(NCc2cn(C)nc2-c2cccs2)n(C)n1,1.10380372096
CC(=O)NC[C@H]1C[C@]2(C)[C@@H](CCCC[C@]2(C)O)N1CC1(O)CCOCC1,0.975891136402
CCc1cc(CNC(=O)NC2CCN(CC3CCCCC3)CC2)on1,1.42488163663
Cc1c(CN2CCC(Nc3ncnc4sc(CC(F)(F)F)cc34)CC2)ccc2[nH]c(C#N)cc12,0.714329759745
Cc1cc(Nc2cc(N)ncn2)c(=O)n2c1C(=O)NC21CCCCC1,1.40654018043
Cc1ccnc(-n2nccc2NC(=O)NC2(C)CCC2)c1,-0.237321436273
CCOC(=O)c1cccnc1SCc1cccnc1,-0.189767482005
O=c1c2ccccc2cnn1Cc1cccc(OCC(F)(F)F)c1,1.55509444858
O=c1c2oc3ccccc3c2ncn1Cc1ccc(Cl)cc1,-0.241845378033
CC(=O)N1c2ccc(S(=O)(=O)Nc3cccc(-c4cnco4)c3)cc2CC1C,1.05823616894
Cc1cc(Nc2nnc(C)s2)cc(C2CN(C(=O)c3c(C(C)C)noc3C)CCO2)n1,1.73479982959
COc1ccc2nc(C)nc(NCc3ncc(C)o3)c2c1,0.139879086401
CC(C)c1cc(N(C)Cc2nc(C3CC3)n[nH]2)n[nH]1,1.20682587603
Cc1nsc(NCc2cncs2)n1,-0.16494389828
CCCc1noc2nc(-c3ccncc3)cc(C(=O)O)c12,-0.0752040042021
CC(C)n1cnnc1-c1cccc(N2Cc3ccc(Br)cc3C2=O)n1,0.414973347971
CC(C)OCCS(=O)(=O)N1CCc2ccccc2CC1,-0.17652577083
COC(=O)CCCNC(=O)CN1CCC(C(=O)c2ccc(C)cc2C)CC1,0.51719589795
COc1cc(Br)c2c(=O)[nH]c(C)nc2c1,-0.160521952626
CSc1nnc(CCCNc2cc(C)ccn2)n1C1CCCC1,1.26007138799
CC(=O)N1CCN(Cc2nc(O)cc(C(F)(F)F)n2)C(C)(C)C1,1.42488163663
CNCc1cc(N(C)C)nc(C2CCCN2C(=O)COc2ccc(F)cc2)n1,1.66931688057
Cc1ncsc1-c1cncc(CC2CCCN(C)C2)n1,-0.0132282657338
CC(=O)NCCCC(=O)Nc1ccc(Oc2ccccc2Cl)cc1,0.91645394855
COC(C)(C)C(=O)Nc1ccnc(C(C)(C)C)n1,-0.222573177611
CCCN(CCC1=CCCCC1)C(=O)c1cc(C(F)F)n[nH]1,-0.403402904374
COc1cccc(C(=O)Nc2nccs2)c1,-0.250263684431
CCC(CC)N1CC[C@H](O)[C@@](O)(COc2cc(C)ccc2Cl)C1,0.0718820073061
CSc1ccc(C)c(C(=O)NCCN2CCC(C)CC2)c1,-0.0752040042021
Cc1cnn(CCNC(=O)C2(Cn3cccn3)CC2)c1,0.786041210243
C[C@@H]1CN(Cc2ccccc2)C[C@H]1c1nc2c(cnn2C2CCOCC2)c(=O)[nH]1,1.15533603747
CNCc1cc(N(C)C)nc(C2CCCN2C(=O)C2CCCC2)n1,1.65896484266
CNCc1cc(N(C)C)nc(C2CCCN2C(=O)c2ccccc2-c2ccccc2)n1,1.81557774832
CCn1nccc1-c1cc(C)nc(N2CCCC2)n1,-0.193141970481
c1ccc(NCc2ccc3c(c2)OCCCO3)nc1,-0.154281982033
CCCN(CCc1cccs1)[C@H]1CCc2c(O)cccc2C1,-0.290730039024
c1ccc(N2CCOCC2)c(CNc2cc(N3CCCC3)ncn2)c1,0.320146286111
c1cc(-c2nnc(NCc3cncs3)o2)ccn1,0.278753600953
CC1=CCN(C(=O)c2cc(C)nc3cc(C)cc(C)c23)CC1,0.0128372247052
Cc1nc2n(c1CN1CCN(c3ncccn3)CC1)CCCC2,0.872156272748
O=C(Nc1ccn(CC(F)F)n1)NC1CCN(C2CCCC2)CC1,1.54032947479
CCC[C@@H]1C[C@@H](C(=O)N[C@@H]([C@H]2O[C@H](SC)[C@H](O)[C@@H](O)[C@@H]2O)[C@@H](C)O)N(C)C1,0.399673721481
CCc1nc(CN2CCC(=O)Nc3cc(F)ccc32)n[nH]1,1.16731733475
CCCNC(=O)C1(NCc2csnn2)CCCCC1,0.457881896734
NC[C@@](O)(c1ccc(Cl)cc1)c1ccc(-c2cn[nH]c2)cc1,0.206825876032
COCCc1n[nH]c(-c2ccc(N3CCN(C)CC3)cc2)n1,0.876794976201
CCCn1cc(NC(=O)Nc2ccc(N3CCSCC3)cc2)cn1,0.856124444242
COc1cccc(F)c1NC(=O)N1CCC(N2CC=CC2)CC1,0.915927211697
O=C(NCCN1CCc2ccccc2C1=O)c1ccon1,0.0718820073061
Cc1nnc2ncc(-c3cccc(-c4ccnn4C)c3)cn12,-0.0319842860064
O=C(Cn1cc(NCc2cccc(Cl)c2)cn1)N1CCOCC1,0.627365856593
CCc1nc(N2CC(CO)C2)c2ccsc2n1,0.123851640967
CCc1c(C(=O)NCCc2ccc(N3CCCCC3)cc2)[nH]c2ccc(Cl)cc12,-0.238824186844
O=C(c1cn(Cc2cncn2Cc2ccc(Br)cc2)cc1-c1cccc2ccccc12)N1CCOCC1,1.357934847
Clc1ccc2c(NCCN3CCOCC3)ncnc2c1,0.136720567156
O=C(NCc1cccs1)c1cccnc1,-0.207608310502
COc1cc(OC)cc(-c2c(C)ncnc2OC)c1,-0.125518182301
O=C(Cc1cccnc1)Nc1ncccc1Cl,-0.152427340858
CC(=O)N1CCN([C@H]2CCN(C(=O)c3cc4cc(C)ccc4o3)CC[C@@H]2O)CC1,1.58883172559
O=C(NCc1nc(-c2cnccn2)n[nH]1)C1Cc2ccccc2C1,0.942008053022
COc1cc2nn(CCC(C)(C)O)cc2cc1NC(=O)c1ccn(C(F)F)n1,1.00860017176
CC(C)(O)CCn1cc2cc(NC(=O)c3cccc(C(F)F)n3)c(OCC3COC3)cc2n1,1.06818586175
CC(C)(O)CCn1cc2cc(NC(=O)c3ccn(C(F)F)n3)c(OCC3COC3)cc2n1,1.07188200731
CNC(=O)c1ccc(N2CCCc3cc(OC)ccc3C2)nn1,-0.0525662781129
C[C@H](c1nc(=O)c2cnn(C3CCOCC3)c2[nH]1)N1CC(Oc2ccccc2)C1,0.981365509079
CCN1CCN(C(=O)CNc2ncnc3onc(C)c23)CC1,0.565847818674
O=C(NN1CCOCC1)c1ccc(Cl)c(Cl)c1,-0.160521952626
O=C(CCCC(=O)N1CCN(c2nsc3ccccc23)CC1)Nc1nccs1,1.04921802267
O=C1CCC(=O)N1CCSc1ncc(-c2ccc(F)cc2)[nH]1,0.378397900948
COc1ccc(CC2CN3CCN(C(=O)OCc4ccccc4)CC3CO2)cc1,-0.0985416786039
Cc1ncc(-c2ccc(C)c(S(=O)(=O)NCc3cnn(C)c3C)c2)o1,1.56229286446
Cc1noc(C)c1-c1cc(-c2ccccc2Cl)nc(C2CC2)n1,-0.287350298373
CNCc1cc(N(C)C)nc(C2CCCN2C(=O)COC)n1,0.703291378119
CCCc1ccc(-c2cccc(C(=O)N3CCN(CC(N)=O)CC3)c2)cc1,0.917505509553
Cc1nc(C)c(CNc2ncnn2C)s1,0.602059991328
CC(=O)c1ccccc1-c1cccc(C(=O)NCCCN2CCCC2)c1,2.12385164097
CN1CCC(Cc2cccc(-c3nccs3)n2)C1,0.0644579892269
COCCCNc1nnc(-c2ccncc2)s1,-0.184422251676
O=c1cc2c(n[nH]1)-c1cnc(N3CCCCC3)nc1CC2,-0.247951552181
CC(C)N(C)S(=O)(=O)N1CCC(CNC(=O)CCCn2cccn2)CC1,1.76267856373
Oc1ccc2nc(/C=C/c3csnn3)ccc2c1Cl,-1.16241156176
CC1=C(C(=O)Nc2cc3cn[nH]c3cc2F)C(c2ccc(C(F)(F)F)cc2)CC(=O)N1,1.75050839485
CC(C)Cc1nn(C)c(=O)c2c(SCCCO)n(Cc3cccc4ccccc34)cc12,0.260071387985
Cc1cc(N2CCOCC2)ccc1Nc1nc(NC2CCCCC2)c2nc[nH]c2n1,1.52891670028
O=C(NCCc1cnn[nH]1)C1Cc2ccccc2C1,0.39269695326
CC1CCC(O)(CSc2nncn2C(C)C)CC1,-0.0705810742857
C[C@]1(O)CN(C(=O)Cn2cnc3ccccc32)CC[C@@H]1Oc1ccccc1,1.67394199863
CN(C)c1ccncc1CN1CCN(c2ccc(C(N)=O)cc2)CC1,1.27415784926
CSC1(CNC(=O)N2CCC=C(c3ccccc3)C2)CCOCC1,0.206825876032
O=C(CN1CCCC1=O)NCC1(CO)CCCC1,0.354108439147
CN(CCc1ccncc1)c1ncccc1C#N,-0.129011186239
CCCc1noc(CN2CCN(c3ccccc3OC)CC2)n1,-0.129011186239
CCOCCNC(=O)c1cccc(-c2cc(F)ccc2OC)c1,-0.279840696594
CCN(Cc1cnn(C(C)C)c1)C(=O)NCCC(C)(C)OC,1.23552844691
Cc1oc2ncnc(NCc3cc(F)cc4c3OCOC4)c2c1C,-0.257274868695
CN(Cc1cnc2ccccc2n1)S(=O)(=O)N1CCCCCC1,-0.207608310502
CCc1c(C)nn(CCNC(=O)CCc2cnccn2)c1C,1.36921585741
CCC(=O)Nc1cccc(Oc2nc(Nc3ccc(N4CCN(C)CC4)cc3OC)ncc2Cl)c1,1.14612803568
CC1=C(Br)CN(CCc2nc3ccccc3c(=O)[nH]2)CC1,-0.0675262353228
CN1CCCn2c1cc(OCc1cc(F)c(Oc3ccc(C(F)(F)F)nc3)c(F)c1)nc2=O,1.07918124605
Cc1cc(C(=O)N2CCC(C(=O)c3ccnn3C)CC2)sc1C,-0.140861702705
CCCOc1ccn2c(C(C)=O)cc(-c3ccccc3S(C)(=O)=O)c2c1,0.123851640967
CCN(CCOC)C(=O)Nc1ccc2occc(=O)c2c1,0.120573931206
COc1ccc(N)c(OCc2ccccc2)c1,-0.151810883009
COc1ccc2nc3c(cc2c1)CNCCO3,-0.297569463554
Cc1ccc(-n2nc(NCc3cnn(C)c3)cc2C)cc1,-0.138465589141
C#Cc1cccc(N(CCC(=O)NC(N)=O)Cc2cccs2)c1,0.274157849264
CCCNC(=O)CSc1nc2cc(C)ccc2[nH]1,0.322219294734
CCCn1cnnc1CN(C)Cc1ccc(C(F)(F)F)nc1,1.37291200297
CC(C)CCn1ccc(NC2CCN(C(C)C)CC2)n1,0.553883026644
CC(=O)N(C)[C@H]1CC2(CCN(C(=O)COc3cc(C)c(Cl)c(C)c3)CC2)OC[C@]1(C)O,0.933993163831
Cc1cc(C)c2ccc(C(=O)N3CCN(c4nc[nH]n4)CC3)cc2n1,1.85003325769
CCCc1nn(CCCN2CCCCC2)c(=O)o1,-0.266000713462
COCc1nn(CCCN2CCCCC2)c(=O)o1,-0.17914201056
Cc1noc(C)c1CS(=O)(=O)C1CCCc2ccccc21,-0.0209070993617
Cc1nnc2ccc(NCCOC3CCCCCC3)nn12,0.19033169817
NCCOc1cccc(CC(=O)N2CCCN(C(=O)C3CCC3)CC2)c1,0.741151598852
Cn1cccc(C(=O)NCc2nc(C(C)(C)C)no2)c1=O,0.158362492095
Cc1nnc2ccc(N3CCC4(CCCCC4)C3)nn12,-0.149353764817
N#Cc1c(F)cccc1Oc1cccnc1,-0.197910742118
CCn1cnnc1CN(C)C1CCN(c2ccccc2F)CC1,0.428134794029
CSc1ccc(C(=O)Nc2cccc(C(=O)NCC(C)C)c2)cc1,0.204119982656
COc1cc([C@@H]2c3cc4c(cc3[C@H](O)[C@H]3COC(=O)[C@@H]23)OCO4)cc(OC)c1OC,-0.352617029885
Nc1ncnc2ccc(-c3ccnc(F)c3)nc12,-0.1390633793
Cc1ccc(C(=O)NCCc2ccc(F)cc2)o1,-0.291579099865
CCCc1ccc(C(=O)CSc2nncs2)cc1,-0.326979092871
O=C(O)c1cnn(-c2nc3cc(Cl)c(OC(F)(F)F)cc3[nH]2)c1,0.0211892990699
Cc1ncc(C)n2nc([C@@H]3C[C@H]3c3nc4c5cccnc5ccn4c3C)nc12,0.146128035678
O=C(c1cccc(Nc2ncccn2)c1)N1CCOCC(Cc2cccc3ccncc23)C1,1.44715803134
Cc1cccc(NC(=O)N2CCC(N3CC=CC3)CC2)c1Cl,-0.286509456906
CC(C)(C(=O)c1ccccc1)/[N+]([O-])=C/c1ccc(F)cc1,-0.167491087294
COCC1(C(=O)N(C)Cc2ccc3ccccc3n2)CCC1,0.0569048513365
O=C(CC1c2ccccc2CCc2ccccc21)NCCN1CCOCC1,1.02530586526
COc1ccccc1-n1cc(CNC(=O)N(C)Cc2c(C)nn(C)c2C)cn1,1.73798732633
Cc1cc(C(=O)N(C)C2CCSCC2)c(=O)n(C)c1C,1.59106460703
CC(C)c1nccn1Cc1nc2ccccc2[nH]1,1.38738982634
O=C(Nc1ccc(Cl)nc1)NC1CCN(C2CCCC2)CC1,1.32014628611
Cc1cc2nc(Sc3nnc(C)n3C)c3ccccc3n2n1,1.05307844348
CCCS(=O)(=O)NC1CCN(Cc2ccc(C)c(OC)c2)CC1,0.155336037465
CCc1cc(N2CCOCC2)nc(C2CCN(C(=O)C3CC3)CC2)n1,0.67760695272
CC(C)Nc1ccc(-c2cc3c(cc2CO)OCCO3)cn1,-0.110698297494
Cc1ccc(NC(=O)OCC(F)(F)F)cn1,-0.233587152888
COc1ncccc1C(=O)Nc1nc(C)nn1C,-0.232844133918
O=C(Cc1n[nH]c2ccccc12)N1CCCO1,-0.0186344909215
Cc1ccc(C)c2nc3c(cc12)CNCCO3,-0.279840696594
CN(CCSc1ccc2nnc(C(F)F)n2n1)Cc1ccccc1,-0.185086818725
CCOC(=O)c1ccc(N2CCSCC2)nc1,-0.510041520575
N#Cc1ccccc1NC(=O)CCc1ccccc1,-0.258060922271
COc1cccc(Nc2c(C(N)=O)cnc3c(C)cc(S(=O)(=O)c4cccc(C(=O)N(C)C)c4)cc23)c1,1.88649072517
CN1CCc2ccc(C(=O)NCCC(=O)Nc3cccnc3)cc21,1.63748972951
CCCc1cc(C(=O)Nc2ccc(-c3nnc(C)[nH]3)cc2)no1,-0.0629838925352
CC(C)N1CCN(CCCSc2ccccn2)CC1,-0.130768280269
CS(=O)(=O)NC1CCCN(c2nc3ccccc3o2)C1,0.624282095836
Cc1cc(C)c(NC(=O)CN(C)c2ccc(C#N)nc2)c(C)c1,0.825426117768
Cc1nc(-c2ccccc2)nc(O)c1C,-0.197910742118
O=C(CSCCc1ccccn1)Nc1ccccc1,-0.285670240255
O=C(NCC1CCC2(CC1)OCCO2)c1[nH]nc2c1CCCC2,0.772321706723
C[C@]12C=CC(=O)C=C1CC[C@@H]1[C@@H]2[C@@H](O)C[C@@]2(C)[C@H]1CC[C@]2(O)C(=O)CO,0.735598899698
COc1cc(OC)cc(C(=O)NCc2noc(-c3ccccc3)n2)c1,-0.474955192963
CC(C)N(C)S(=O)(=O)NCCCc1nc2cc(Cl)ccc2[nH]1,1.22271647115
CN(Cc1ccc(OC(F)(F)F)cc1)Cc1cn(C)nn1,-0.17652577083
Cc1noc(NCc2ccc(F)cc2C)n1,-0.229884705213
COc1ccc(CC(=O)Nc2ccc(F)nc2)cc1,-0.204815410318
CC(=O)NC1CCC(NCCSc2ccc(C)cc2)CC1,1.03342375549
CCOc1cc(N2CCOC3(CCCC3)C2)ncn1,-0.237321436273
CN(CCn1cnc(C#N)c1C#N)c1ccccc1,-0.197910742118
O=C(c1ccccc1N1CCOCC1)N(Cc1ccccn1)C1CCCCC1,0.499687082618
COc1cccc(Cc2cnc(N)s2)c1,-0.173277479831
Clc1cnc(NCC2(CN3CCCC3)CC2)nc1,-0.134303940084
COc1cc(OC)c(OC)cc1CNC(C)(C)C,0.679427896612
CC(=O)Nc1ccccc1OCCOc1ccc(Cl)cc1,-0.428291168191
Cc1ccsc1-c1nsc(NC(=O)CN(C)C)n1,-0.0584885673656
Fc1c(CN2CCC(c3nnc4ccccn34)CC2)cccc1OC1CC1,0.632457292185
CC1CCN(C(=O)CCn2ccc3ccncc32)CC1,0.296665190262
Cc1cc(NC(=O)CN(C)CCOc2ccccc2)on1,-0.287350298373
Cc1nc(NCCN2C(=O)CCC2=O)c2c(C)csc2n1,0.781036938621
O=C(NC[C@]1(O)CCN(Cc2ccsc2)C[C@H]1O)c1c[nH]cn1,-0.436518914606
Cc1cc(Br)cn(Cc2ccc(C#N)cc2F)c1=O,-0.19111413264
CC1CCC(CNC2(CCO)CCOCC2)CC1,0.110589710299
COCCN(C)C(=O)c1ccc(-c2cccc(-c3noc(C)n3)c2)cc1,-0.0565054840939
Cc1[nH]nc(CCC(=O)NCCCOC2CCCCC2)c1C,1.26007138799
COc1cccc(CC(=O)N2CCOC(c3cc(Nc4nnc(C)s4)cc(C)n3)C2)c1,1.02938377769
Cc1cc(Nc2ccc(F)cn2)cc(C2CCN(C(=O)CCn3ncc4ccccc43)C2)n1,1.77815125038
Cc1cc(Br)ccc1CN(C)C(=O)CO,-0.124938736608
CC(C)(C)c1[nH]cnc1/C=c1\[nH]c(=O)/c(=C/c2ccccc2)[nH]c1=O,0.856728890383
CNCc1cc(N(C)C)nc(C2CCCN2C(=O)c2oc3ccc(Cl)cc3c2C)n1,2.06818586175
CNCc1cc(N(C)C)nc(C2CCCN2C(=O)C2CN(Cc3ccc(Cl)cc3)C2)n1,1.67024585307
CNCc1cc(NC)nc(C2CCCN2C(=O)C(C)(C)c2ccc(C)cc2)n1,1.56584781867
Cc1cc(Cl)n(-c2ccc(C#N)cc2)n1,-0.33254704711
Cc1ccccc1NC(=O)Cn1nnc(C2CC2)n1,-0.0481769646841
Fc1cc(-c2ccncc2)ccc1CNc1ncccn1,-0.0741724253753
Cc1ccc(-n2cc(C)cn2)c(NC(=O)CN(C)C)c1,-0.252588192114
c1ccc(OCCN2CCN(c3ncccn3)CC2)cc1,-0.272458742971
CCOc1c2c(c(OCC)c3ccccc13)C(=O)N(c1ccc(CC(=O)NS(=O)(=O)c3ccccc3)cc1)C2,0.462397997899
CC(=O)N[C@H]1CC2(CCN(C(=O)COc3cc(C)c(Cl)c(C)c3)CC2)OC[C@]1(C)O,1.6294095991
O=C(/C=C\n1cnc(-c2cc(C(F)(F)F)cc(C(F)(F)F)c2)n1)NNc1ccccn1,0.0334237554869
Cc1cccc2ncn(CCc3ncc[nH]3)c(=O)c12,0.80888586736
CCNc1ccnc(-c2cccc(C(=O)NCCCc3cnn(C)c3)c2)n1,1.59328606702
CC(=O)c1ccc2c(c1)CCN(CCC1OCCO1)CC2,-0.278189384787
COC1(c2nc(Cc3ccccc3)no2)CCN(Cc2cnc(C)o2)CC1,0.0492180226702
CS(=O)(=O)Nc1ccccc1-c1ccncc1,0.103803720956
CN(Cc1ccc(N)nc1)c1nc2cc(F)ccc2o1,1.52504480704
c1ccc(-c2noc(Cn3ccnc3)n2)nc1,0.158362492095
O=C(c1ccc(O)cc1)N1CCN(c2ncnc3c2CCC3)CC1,1.63548374681
Cc1cccc(C)c1OCC(=O)N(C)[C@@H]1CCC[C@@H](O)[C@@H]1O,1.04921802267
COc1cc2cc3c(nc2cc1OC)OCCN(C1CCCCC1)C3,0.113943352307
Cc1ccccc1S(=O)(=O)Nc1c(C)ccnc1Cl,-0.0996328713435
Cc1nn(C)c(C)c1-c1cc(C(C)(C)C)nc(N2CCN(C)CC2)n1,0.257678574869
Cc1nc(Cc2ccccc2)sc1C(=O)Nc1cccc(-c2ccn[nH]2)c1,0.456366033129
Cc1nn(C(C)C)c(C)c1S(=O)(=O)NCC1CCN(C(=O)C2CC2)CC1,1.92324401863
O=S(=O)(c1cccnc1)N1CCC2(Cc3ccccc3C2)C1,-0.202732459169
CN(C)c1ccc2c(c1)Sc1cc(N(C)C)ccc1N2,0.818885414594
CN1CCN(S(=O)(=O)c2ccc(C(F)(F)F)nc2)C(C)(C)C1,-0.192464971931
COc1ccccc1/C=C/CN1CCCC2(C1)OCCO2,-0.26042765555
c1cc(CNc2ncc(-c3cnccn3)c(C3CC3)n2)ccn1,0.130333768495
O=C(NC1CCCC1)C1=CCN(C(=O)C2CC2)C1,0.716003343635
O=C(CNc1cc(N2CCCC2=O)ccc1F)N1CCCCCC1,0.428134794029
Cc1cnccc1-c1cnc(N(C)C)nc1-c1ccco1,-0.196542884352
Cn1cnc2ncn(Cc3nc(CCc4ccc(Cl)cc4)no3)c(=O)c21,1.19589965241
CCCCN1CCc2nc3cc(C4CC4)nn3c(O)c2C1,1.42324587394
CN(C)C(=O)c1ccnc(NCc2cccc(C#N)c2)c1,0.757396028793
Cc1cnc(NCC2(CO)CCCC2)nc1N(C)C,-0.0222763947112
c1cnc(NCc2cccc(-c3cccnc3)c2)nc1,-0.243363891754
Cc1cc(C(=O)NCC2CCC3(CC2)OCCO3)[nH]n1,0.605305046141
Cn1cc(CN2CCCC(c3ccnc(Nc4cnccn4)c3)C2)cn1,0.803457115648
COCc1ccc(SCC(=O)NC2CCCC2)cc1,-0.146301788224
Cc1ccc2nc(CN(C)Cc3cccc(Cl)c3Cl)cc(=O)n2c1,-0.209714835967
CCc1c(O)cc(O)c(C(=O)c2ccc(OCCN3CCOCC3)c(OC)c2)c1CC(=O)N(CCOC)CCOC,0.876794976201
OC1CCN(c2nccc(-c3cccs3)n2)CC1,-0.307153080723
Cc1c[nH]c(C(=O)NCC2(N3CCCCC3)CCCC2)n1,1.30749603791
CC(=O)NCc1cc2n(n1)CCN(C1Cc3ccccc3C1)C2,0.0492180226702
Cc1nc2ncc3c(n2n1)CC(C)(C)CC3=O,-0.0893755951108
CCc1cc(-c2ccc(OC)c3nc(C)ccc23)nc(N2CCOCC2)n1,0.0492180226702
Cc1nc(N2CCNCC2)c2cnn(C)c2n1,1.18469143082
Cc1ccc(OCN2CCCCC2=O)nc1,0.41995574849
CC1CCC(N(Cc2nnc(C3CCC3)o2)C2CCC(O)CC2)CC1,0.307496037913
CCN1CCCN(C(=O)Nc2ccc(COC3CCCC3)cc2)CC1,0.961895473668
COc1cc(C)cc(OC)c1-c1ccc(-c2nn[nH]n2)cc1,0.294466226162
Cc1cccc(OC[C@@]2(O)CN(C[C@]3(O)CC[C@@H](C(C)(C)C)CC3)CC[C@@H]2O)c1,0.123851640967
COC(=O)N1CC(NCc2c(C)nn(C(C)(C)C)c2C)C1,0.25285303098
CC(C)n1cc(CN2CCC(c3nc(N(C)C)no3)CC2)cn1,0.25285303098
Cc1n[nH]c(C)c1CCCN(C)c1cncc(C(=O)N(C)C)n1,1.97173959089
Cc1cnc(N2CCSCC2)nc1N1CCSCC1,-0.160521952626
Cc1ncccc1CNc1ccc(CC#N)cc1,-0.272458742971
Cc1nc(CN2CCC(CNC(=O)COc3ccccc3Cl)CC2)c[nH]1,0.725911632295
CC(C)CCN1CCC(CNS(C)(=O)=O)CC1,0.385606273598
CC(=O)c1cc(Br)cc(F)c1OCc1ccccn1,-0.206209615309
O=c1oc2cccnc2n1Cc1ncc(-c2ccc(F)cc2)o1,0.456366033129
CC(COc1ccccc1Cc1ccccc1)N1CCCCC1,0.113943352307
CN(CC1(CO)CCCC1)C(=O)CCN1CCCCC1=O,1.32633586093
CN(C)c1ccc(-c2ccc(C(=O)NCCN3CCCC3=O)cc2)nn1,1.74193907773
Cc1nn(CCNS(=O)(=O)N2CCCCC2)c(C)c1C,0.187520720836
CN1CCN(S(=O)(=O)Cc2ccc(Cl)c(Cl)c2)CC1,-0.250263684431
Cc1ncn(Cc2noc(-c3ccccc3O)n2)c1C,-0.191789027076
COc1cc(CN2CCC(C(=O)N3CCOCC3)CC2)ccc1C,0.463892988986
COc1ccc(NC(C)=O)cc1NC(=O)CN(Cc1ccccc1)C(C)C,0.344392273685
C[C@]12CCC3=C4CCC(=O)C=C4CC[C@H]3[C@@H]1CC[C@@]2(O)CC#N,0.561101383649
CCC(=O)NCC[C@@H]1CCc2ccc3c(c21)CCO3,-0.0619809025238
COc1cccc(O[C@H]2CCN(C(=O)c3cc(-c4ccc(F)cc4)on3)CC[C@@H]2O)c1,-0.0545314148682
COc1cccc(C(=O)N(C)CC(F)(F)F)c1OCCCN,1.47856649559
Cc1csc(Cc2nc(-c3ccc(O)cc3)no2)n1,-0.274905478919
COc1ccc(C)cc1S(=O)(=O)NCCC(=O)Nc1ccccc1C,1.22788670461
CN(C)c1cncc(-c2ccc(C(=O)NC(C)(C)C)cc2)n1,-0.156767221902
COC(C)(C)CCNC(=O)CC1CC(C)(C)NC(C)(C)C1,1.1105897103
CCOc1ccc2[nH]c(C(=O)N3CC[C@@](O)(CC(C)C)[C@@H](Oc4ccc(F)cc4)C3)c(C)c2c1,0.828659896535
O=C(Nc1cn(CCOCC(F)(F)F)nc1-c1ccccn1)c1coc(-c2cn[nH]c2)n1,0.78031731214
CC(=O)c1ccc2c(c1)CCN(CC1CCC3(CC1)OCCO3)CC2,-0.254925208418
C=CCn1c(=O)c2cnc(Nc3ccc(N4CCN(C)CC4)cc3)nc2n1-c1cccc(C(C)(C)O)n1,1.80208925788
CCN(Cc1nc(C)no1)C(=O)c1cc(C)c(C)n(C)c1=O,1.91698004732
Cc1cc(C(=O)N2CCN(C(=O)C3CCC3)CC2)c(O)cn1,1.46389298899
Clc1ccc2c(c1)CCc1cccnc1C2=C1CCNCC1,1.67942789661
COCC1(CNC(=O)c2ccc(-n3cccn3)cc2)CCC1,-0.22475374026
O=c1n(CCn2ccnc2)nnn1-c1cccs1,-0.131943638177
CN(C)C(=O)C(C)(C)NC(=O)OC(C)(C)C,0.136720567156
OCCOc1ccccc1OCc1ncc(Cl)cc1Cl,-0.258848401148
Cn1c(=O)c(C(=O)CSc2nc3ccccc3n2C)c(N)n(Cc2ccccc2)c1=O,1.11394335231
CCC(=O)Nc1ccc(F)c(NC(=O)N2CC=C(C)CC2)c1,0.130333768495
O=C(c1n[nH]c2c1COCC2)N1CCC2(C=Cc3ccccc32)CC1,0.173186268412
Cc1cc(C#N)cc(N2CCc3c(ncn3CCc3ccccc3)C2)n1,0.0863598306747
CCCC(=O)Nc1ccc(C(=O)N(C)C)cc1,0.149219112655
Cc1cc(Cn2cnc(C#N)c2C#N)c2ccccc2n1,0.453318340047
CSC1(CNc2cc(C)nc(C)n2)CCOCC1,0.152288344383
CCc1c2c(nc3ccc(O)cc13)-c1cc3c(c(=O)n1C2)COC(=O)[C@]3(O)CC,1.70586371228
Cc1ncc(CCN2C(=O)NC3(CCCC3)C2=O)s1,1.95904139232
CC[C@@H]1C(=O)N(C)c2cnc(-n3ccnc3-c3ccc(F)cc3)nc2N1c1ccn(C)n1,1.15228834438
CCCn1cc(CN2CCC(c3nc(N(C)C)no3)CC2)cn1,0.0530784434834
O=C(Nc1nnc(SCc2ccc(F)cc2)s1)C1CCC1,-0.161780778092
COCCNc1c(C)c(C)nc2cc(-c3nccn3C)nn12,0.184691430818
N#Cc1ccnc(Nc2ccc(F)cc2)c1,-0.215382707367
COc1cccc(OC)c1-c1ccc(OCCN2CCCC2)cc1,0.146128035678
O=c1c2sccc2nc2n1CCN(Cc1ccc(F)cc1F)CC2,-0.284832642152
N#CCn1ncnc1-c1cccc(C#N)c1,-0.126098402136
CN1CCC(N(Cc2cccnc2)C(=O)NCCCc2ccccc2)CC1,2.11727129566
Cc1nn(CCNS(=O)(=O)N2CCOCC2)c(C)c1C,0.933487287849
Cc1nc2cc(=O)[nH]n2c(C)c1CC(=O)OC1CCCCC1,0.0374264979406
CCc1c2c(nc3ccc(OC(=O)N4CCC(N5CCCCC5)CC4)cc13)-c1cc3c(c(=O)n1C2)COC(=O)[C@]3(O)CC,1.29446622616
CC(C)(C)C(=O)N1CCC(CN(CC(N)=O)C2CCCC2)CC1,1.42488163663
Cc1ccc(F)cc1S(=O)(=O)Nc1ccc(C(=O)N2CCCC2)cc1,1.34830486305
O=C(c1ccc(NS(=O)(=O)c2cccc3cnccc23)cc1)N1CCCC1,1.8981764835
CS(=O)(=O)NCCN1CCc2c(Cl)cc(Cl)cc2C1,-0.150580586203
O=C1c2ccccc2C(=O)N1CCNc1ccc(F)cc1,-0.36653154442
CCc1nc(C)cc(N2CCCC3(CCNCC3)CC2)n1,1.51054501021
O=C1CCCN1CCCc1nc(Cc2c(Cl)cccc2Cl)n[nH]1,1.89431606268
Cc1cc(C(=O)N(C)c2nc3ccccc3s2)cc(O)n1,0.602059991328
CC(=O)N1CCN(C(=O)CS(=O)(=O)C23CC4CC(CC(C4)C2)C3)CC1,1.01283722471
CCc1nnc(N2CC(N(C)C)C2)c(C#N)c1CC,-0.0741724253753
CCc1nnc(Nc2cc(C)nc(C3CN(C(=O)C(C)C)CCO3)c2)s1,1.60638136511
Cc1nc(NCc2ccc(F)cc2)n(C)n1,-0.0109953843015
Cc1cc(C(=O)Nc2nnc3n2CCCC3)n(C)n1,0.158362492095
Cc1csc2nc3n(c(=O)c12)CCNCC3,-0.163675884293
Cc1cc(Nc2nc(N[C@@H](C)c3ncc(F)cn3)ncc2Cl)n[nH]1,1.02118929907
COCC(=O)Nc1ccc(NC(=O)Cc2ccc(C(F)(F)F)cc2)cc1,0.0334237554869
Cc1ccc(O)c(CN2CCC(c3nc4ccccc4o3)CC2)n1,-0.162411561764
Cc1cnc(C(C)(C)NCC(=O)N(C)C)s1,0.269512944218
Cc1nccc(NC(=O)CCc2ccncc2)c1Cl,-0.0830199526796
Cc1cccc(-c2cccc(C(=O)NCCC3(O)CCCC3)c2)n1,0.442479769064
Cc1ccc(S(=O)(=O)N2CCOc3ccncc32)cc1,-0.148741651281
COc1ccc(-c2nc(NC(C)C)ncc2-c2ncc[nH]2)cc1,0.805500858158
N#Cc1cc(CN2CCC(Nc3ncnc4sc(Cl)cc34)CC2)ccc1F,0.9731278536
CN(CCN1CCCCC1)c1cncc(C(N)=O)n1,0.644438589468
CCOc1cccc(NS(C)(=O)=O)n1,-0.0136762229492
CCCc1cc(C)nc(O)c1CNC(=O)c1cc(-c2ccc(N3CCN(C(C)C)CC3)nc2)cc2c1cnn2C(C)C,2.08635983067
CCOc1ccnc(NCCCc2nc3cc(F)ccc3[nH]2)n1,0.49831055379
CCCc1ncncc1C(=O)NCc1nncn1CCC,1.16731733475
CCc1cc(-c2ccc(OC)c3ncccc23)nc(N2CCOCC2)n1,-0.0716041477433
C[C@H]1CC[C@H](n2c3cnccc3c3cnc(Nc4ccc5c(n4)CCN(C(=O)CO)C5)nc32)CC1,0.692846919277
COc1cn(-c2ccc(-n3cccn3)cc2F)nc(-c2ccnn2-c2ccccc2)c1=O,1.03742649794
Cc1nn(C(F)F)c(C)c1CC(=O)NCCNC(C)(C)C,1.31175386106
CN(CC1(CO)CCC1)C(=O)CCN1CCCCC1=O,1.36548798489
Cc1cc(C)cc(OCCN(C)C(=O)NCCS(=O)(=O)N(C)C)c1,1.08278537032
CC(C)CN(Cc1cnn(C)c1)C(=O)c1cccc(-c2cnccn2)c1,0.85853719757
O=c1c2c(C(F)(F)F)cccc2ncn1CCc1ncc[nH]1,1.19312459835
CCCCN1CCN(C(=O)c2cccc(-c3ccc(CO)cc3)c2)CC1,0.0530784434834
O=C(Nc1cnc2ccccc2n1)c1ccncc1,-0.238072161579
COc1ccc(CN2CCN(C(=O)C3CCN(C(=O)C4CC4)CC3)CC2)cc1,0.879669205632
COc1cc2nc(CN3CCC(CO)CC3)[nH]c(=O)c2cc1OC,1.4623979979
CC(C)=CCOc1cccc(C(=O)NN2CCOCC2)c1,0.110589710299
CC#CCCNC(=O)c1cccnc1C,-0.122053048371
O=C(Nc1cncc2ccccc12)c1ncccn1,-0.170053304058
Cn1nc(-c2cc(F)cc(F)c2)cc1N,-0.216811308925
O=C(O)c1ccc(CCC(=O)N2CCc3c(F)cc(F)cc3C2)cc1,0.607455023215
Cc1ccc(CNc2ncnn2C)nc1,-0.164309428508
COc1ncc(C(=O)NCc2cnn3cccnc23)cn1,0.40483371662
CCn1nc(CNC(=O)C2CCOCC2)c2ccccc21,0.451786435524
CN(C)CC(C)(C)CNc1cn[nH]c(=O)c1Br,-0.170053304058
Cc1ccc(Oc2ccc(N)cc2)nn1,-0.139661993429
COCCN1CCOc2nc3c(C)cccc3cc2C1,-0.248720896017
C=C1C[C@@H]2[C@H](CC[C@]3(C)C(=O)CC[C@@H]23)[C@@]2(C)C=CC(=O)C=C12,-0.306273051076
O=C(Cn1nc(Cc2ccccc2)c2ccccc2c1=O)NCc1ncc[nH]1,1.96661098668
O=C(O)c1ccccc1COc1cccc2cccnc12,0.245512667814
O=C(Cn1nc(Cc2ccccc2)c2ccccc2c1=O)NCCc1c[nH]cn1,1.53907609879
Cc1cc(CNC(=O)N(C)Cc2c(C)nn(C)c2C)cnc1C,1.97358962343
CCc1ccc(CC)c(C(=O)CSc2nncs2)c1,-0.325138859262
OCc1cnnn1-c1cncc(Cl)n1,-0.188424994129
CCNc1nc(-c2cccnc2)nc(C)c1C,-0.238824186844
C#CCNC(=O)Cc1coc(-c2ccccc2)n1,-0.143271109617
Cn1cnnc1NC(=O)c1cnn2c1CCCC2,0.596597095626
N#Cc1ccc(C(=O)N2CCCO2)nc1,-0.312471038785
CN(C)C1(CNC(=O)Cn2ccc(=O)cc2)CCCCC1,-0.563837352959
O=C(OCC1CCSCC1)c1cccc(-n2cccn2)n1,-0.305394801066
CCOc1cc(CN2CCc3c(N)nc(N4CCCC4)nc3C2)ccc1OC,1.22010808804
O=C(Nc1ccc(N2CCCC2)cn1)c1ccc(-c2cnco2)cc1,-0.471083299722
CC(=O)N(C)[C@@H]1CO[C@@H]2CCN(C[C@]3(O)CC[C@@H](C(C)(C)C)CC3)C[C@@H]2C[C@@]1(C)O,1.37106786227
COCCc1nsc(Oc2ccc(C)cc2Br)n1,-0.238072161579
CCc1c(-c2ccccc2)[n+]([O-])c2c([n+]1[O-])CCCCC2,0.469822015978
Cn1cc(NC(=O)c2cnn3cccnc23)c(C2CCCCC2)n1,0.0899051114394
Cn1c(SCOCc2ccccc2)nnc1C1CC1,-0.244125144328
COc1cc(-c2ccc(Cn3nc(C)cc3C)cn2)cc(OC)c1OC,0.217483944214
Cc1cc(N2CCN(CC3CCN(C(=O)CC(C)C)CC3)CC2)n[nH]1,0.976808337338
Cc1ccc(=O)n(CC2(O)CCN(Cc3cccs3)CC2)n1,0.625312450962
C=CCNc1ncc(-c2cnccn2)c(C2CC2)n1,-0.274905478919
COCCNC(=O)c1nnc2n(c1=O)CCN2c1ccccc1,0.979320697382
CCC(C)(C)N1CCN(C(=O)NCCc2cc(C)no2)CC1,0.856124444242
CCCC1(CNC(=O)Cn2ccc(=O)cc2)CCC1,1.15533603747
Cc1cc(C(F)(F)F)nc(CCNC(=O)N(C)Cc2ccncc2C)n1,1.71600334363
CN1CCC(CNC(=O)c2ncoc2-c2ccc(F)cc2)CC1,0.245512667814
COc1ccc2cc(C(=O)NCc3nnc4n3CCCCC4)ccc2c1,1.54654266348
Cc1cccc(NC(=O)CSc2nncs2)c1,-0.292429823902
CCOc1ccc(OCCN2CCN(C(C)=O)CC2)cc1,-0.173277479831
COC1(c2nc(Cc3ccccc3)no2)CCN(Cc2ncccc2Cl)CC1,-0.119186407719
CN(CCO)C(=O)c1ccc(-c2cccc(C(F)(F)F)n2)cc1,0.181843587945
COc1ccc(OC)c(Cn2cnc3cn(C)nc3c2=O)c1,0.408239965312
Cc1cc(C(=O)N(C)CC2CCN(CCO)CC2)cc(C)n1,0.290034611363
Cc1ccc(NC(=O)CN2C(=O)CN(C)C2=O)cc1C,0.579783596617
CCn1nc(CNC(=O)c2nc(C)c[nH]2)c2ccccc21,0.7299742857
O=c1cc(-c2cc(F)c(Cl)nc2Cl)[nH]c2c(-c3ccccc3)c(C(F)(F)F)nn12,0.257678574869
CCOc1ccc(CNC(=O)Cn2ccc3cc(S(=O)(=O)N4CCCC4)ccc32)cc1,1.07554696139
Cc1nccc(N(C)Cc2ccc(N)nc2)n1,0.642464520242
COCCN(C)c1ccc(CN2CCOC3(CCCC3)C2)cn1,-0.20830935098
CC(=O)N1CCC(CNc2nccc3cccnc23)CC1,0.278753600953
Cc1c(C(=O)Nc2ccc(CO)cc2)nnn1Cc1ccc(Cl)c(Cl)c1,-0.248720896017
O=C(C1CC1)N1CCC(CNS(=O)(=O)N2CCCCCC2)CC1,1.18184358794
CN(Cc1ccc(CO)cc1)Cc1cc(F)c(F)c(F)c1,-0.37161106995
CN(C)c1cncc(-c2ccc(S(=O)(=O)N(C)C)cc2)n1,-0.214670164989
COc1ccc(=O)n(Cc2noc3c2CCCC3)n1,-0.0936649581949
CCc1cc(=O)[nH]c(SCCCCC2CCOCC2)n1,0.0492180226702
O=C(Nc1nnc2n1CCCC2)c1cscn1,0.617000341121
Cc1nsc(Nc2ccccc2)c1C#N,-0.435333935748
COCC(C)(C)C(=O)N1CCCC2(CCNCC2)CC1,0.634477270161
Cc1ccccc1CCNC(=O)N(Cc1cccnc1)C1CCN(C)CC1,1.74585519517
CCc1nnc(Sc2nc3cc(C)nn3c3ccccc23)[nH]1,0.0827853703165
COCC(=O)Nc1ccc(NC(=O)Cc2cc(C)ccc2C)cc1,0.0791812460476
CC(C)N(C(=O)Cn1cccc2cc(-c3ccco3)nc1-2)C(C)C,0.257678574869
Cc1cccc(NC(=O)CN(C)Cc2nc3ccccc3c(=O)[nH]2)c1C,1.24551266781
Cc1ccc(=O)n(CCOc2ccc(Cl)c(F)c2)n1,-0.16494389828
Cc1nc(C)c(C(=O)Nc2cccc(-c3ccn[nH]3)c2)s1,0.557507201906
Cc1ncccc1NC(=O)OC(C)(C)C,-0.122053048371
c1ccc(-c2ncc(CNc3ncccn3)s2)nc1,-0.193141970481
c1ccc(Nc2nc(N3CCNCC3)nc(N3CCOCC3)n2)cc1,1.63548374681
NC(=O)c1csc(CN2CCc3cc(F)ccc3C2)c1,-0.163675884293
COC(=O)C1=NOC2(CCN(CCCCCF)CC2)C1,-0.334419008982
CCCc1cc(CNS(=O)(=O)c2cc(-c3cnc(C)o3)ccc2C)on1,0.886490725172
CN(Cc1nncn1C)C1CCN(c2ccccc2F)CC1,0.313867220369
Cc1nc(NCc2sccc2C)n(C)n1,-0.0996328713435
CCc1nnc(N2CCCO2)c(C#N)c1CC,-0.127261172527
c1cc(Nc2cc(C3CC3)[nH]n2)nc(Nc2ccc3nc[nH]c3c2)n1,0.445604203274
O=C1NC2(CCCCC2)C(=O)N1Cc1csc(-c2ccccc2)n1,0.0606978403536
Cc1ccc(CCC(=O)Nc2nccc3sccc23)o1,-0.33254704711
Cc1cc(Nc2ncccn2)cc(C2CCCN(CC(=O)Nc3ccc(F)cc3)C2)n1,0.920123326291
N#CC1(C(=O)NCC2(C3CC3)CC2)CCCCC1,-0.146910470148
O=C(CSc1ccc2c(c1)OCCO2)NC1CCCC1,-0.13667713988
Cc1cc2nc(CCC(=O)N3CCc4n[nH]cc4C3)[nH]c2cc1C,1.38021124171
COc1cccc(C)c1C(=O)N(C)CCCn1cccn1,0.550228353055
O=C(c1ccc(Cl)cc1)N1CCC(c2nnc3n2CCCC3)CC1,2.10720996965
COc1cccc(O[C@H]2CCN(C(=O)c3cc(-c4ccc(C)cc4)on3)CC[C@@H]2O)c1,-0.142064735281
CC(C)c1cc(C(C)C)c(CC(=O)NS(=O)(=O)Oc2c(C(C)C)cccc2C(C)C)c(C(C)C)c1,0.648360010981
CC(C)Oc1cccc(C(C)NC(=O)c2ccnc(-n3cncn3)c2)c1,0.257678574869
N#Cc1cc(Oc2ccc3c(c2)CCC3)ncn1,-0.38933983691
O=C(Nc1cncc(Cl)c1Cl)c1cccc(-n2cccn2)n1,-1.04720755696
CC1CCC(O)(CSc2nnnn2C2CC2)CC1,-0.210419287836
CCOCC(=O)Nc1cccc(CN2CCCC2)c1,0.363611979892
CC(C)(C)c1cnc(CN2CCC(=O)Nc3cc(F)ccc32)o1,0.283301228704
Cc1ccc2c(c1)cc(C(=O)N1CCOC(C(=O)N3CCc4ccccc4C3)C1)n2C,0.378397900948
Cc1cc(C)cc(OCCN(C)C(=O)NCCN2CCCCC2=O)c1,1.46538285145
CN1CCC(=C2c3ccccc3CCc3sccc32)CC1,-0.0644927341753
CN1CCC(CNc2nccc3cccnc23)CC1,-0.068542129311
COc1cccc(CN(C)c2cc(N3CCCC3)ncn2)n1,-0.165579296318
CCN(CC)C(=O)c1ccc(C2=CC3(CCNCC3)Oc3cccc(O)c32)cc1,1.32014628611
CC(C)Cc1n[nH]c(-c2ccc(N3CCN(C)CC3)cc2)n1,0.52633927739
CN(C)C(=O)c1cncc(N(C)CCN(C)C2CCCC2)n1,1.30535136945
CCc1ccc(CNc2nncs2)o1,-0.17652577083
Cc1noc(C)c1CSC(=N)N1CCOCC1,0.0827853703165
O=C(O)Cc1ccc(Oc2ccncc2)cc1,0.0791812460476
CCc1[nH]nc(NC2CCC(C(=O)OC)CC2)c1C,-0.0830199526796
CN(C)CC(=O)N1CCC(c2ccc(NC(=O)c3nc(C#N)c[nH]3)c(C3=CCCCC3)c2)CC1,1.6294095991
CNCc1cc(NC)nc(C2CCCN2C(=O)COc2ccccc2OC)n1,0.0791812460476
NC(=O)CCCSc1nc(N)nc(-c2c(Cl)cc3c4c(cccc24)COC3)n1,1.04139268516
CC(C)(O)Cn1nc(-c2ccccc2)c2c(Cl)c(-c3ccccc3)nnc21,-0.139661993429
Cn1ccc(CSc2n[nH]c(-c3cc(F)cc(F)c3)n2)n1,-0.236572006437
COc1ccccc1-c1cc(C(C)(C)C)nc(-c2ncccn2)n1,0.296665190262
COc1ccc(OCc2n[nH]c(-c3n[nH]c4c3CCC4)n2)cc1,0.342422680822
OC1(Cc2nc(-c3ccsc3)no2)CCCCC1,-0.248720896017
N#Cc1ccc2nc(NCCn3ccnc3)ccc2c1,0.679427896612
CN(Cc1cccc(Cl)c1Cl)Cc1cc(=O)n(C)c(=O)n1C,-0.0814454694497
Cc1cc(Nc2ccc(F)cn2)cc(C2CCN(C(=O)Cn3nc(C)ccc3=O)C2)n1,1.47567118832
Cc1ccc(C(=O)C2CCN(CC(=O)NC(=O)Nc3ccccc3)CC2)c(C)c1,-0.252588192114
CN1CCNc2nc3ccccc3nc21,-0.173277479831
CC1(C)CCCN1C(=O)c1c(F)cc(C#N)cc1F,-0.178486471595
C[C@]1(O)CN(C(=O)Cn2cnc3ccccc3c2=O)CC[C@@H]1Oc1ccccc1,1.06818586175
CCN(C)S(=O)(=O)N(C)Cc1cnc2ccccc2c1,-0.181774106386
N#Cc1ccc2ncnc(N[C@H]3CC[C@H](N4CCOCC4)CC3)c2c1,1.3909351071
c1ccc(Nc2nc(N3CCOCC3)nc(N3CCOCC3)n2)cc1,-0.299296282855
CO[C@@H]1CC[C@@H](N(C)C(=O)COc2c(C)cccc2C)[C@H]1O,0.222716471148
CN(CC1CCC1)C(=O)C1CCN(c2ccc3nncn3n2)CC1,1.06445798923
Cc1ccc(C#N)c(NCc2ccccc2-n2ccnc2)n1,0.245512667814
Cc1noc(COc2cccnc2C)n1,-0.151195298948
Cc1cc(C(=O)NCC2CCN(c3ccc4ccccc4n3)CC2)cnc1C,0.34044411484
CC(C)Cc1ccccc1CNCc1ccc2[nH]cnc2c1,0.860338006571
Cc1cc(-c2nncc3c(C(C)(C)C)c(OCc4ncnn4C)nn23)no1,0.905256048748
OCc1nnc(SCCSC2CCCCC2)n1C1CC1,0.292256071356
CC(C)CCNC(=O)CSc1nc2ccccc2[nH]1,0.599883072074
O=C(CSc1ccccn1)N1CCSc2ccccc21,-0.232102383982
COc1ccccc1C(=O)CSc1nncn1C1CC1,0.113943352307
OCCC1(CNc2ncc(Br)cn2)CC1,-0.171340103465
CC(C)Cc1cc(CN2CCN(S(=O)(=O)N3CCOCC3)CC2)n[nH]1,1.36735592103
CSc1cnc(N2CCCN(c3ncc(SC)cn3)CC2)nc1,-0.188424994129
COc1cc(OC)cc(N2CCC(NCC3(C)CCOCC3)CC2)c1,0.19033169817
CN(C(=O)CSC(C)(C)C)c1ccccc1C#N,-0.0925886392254
CC(C)Oc1ccc(C2(C(=O)NC3CCS(=O)(=O)CC3)CCCC2)cc1,1.57863920997
C[C@@H]1CC(=O)Nc2cccc(-c3ccc4c(c3)c(-c3cnn(C)c3)nn4C)c2N1,1.75815462197
COc1ccc(CN[C@@H]2CCC[C@H]2Cc2cc(C)no2)cc1OC,0.518513939878
Cc1cc(C)c2ccc(C(=O)N3CCN(c4ncc[nH]c4=O)CC3)cc2n1,1.81888541459
Cn1ccnc1-c1noc(NCc2ccccc2)n1,0.0827853703165
CONC(=O)c1c(C)nn(C)c1Cl,-0.0614802748235
N#CCN1CCC(CNC(=O)c2c(F)ccc(F)c2F)CC1,0.245512667814
NS(=O)(=O)N1CCN(Cc2c(F)cccc2N2CCCC2)CC1,0.243038048686
CN(CCOc1ccccc1)CC(=O)NCCc1ccccc1,-0.137868620687
CSc1nccc(N2Cc3cnn(Cc4ccc(F)cc4)c3C2)n1,-0.237321436273
COCc1ccccc1COC(=O)c1ccc(C)nc1,-0.216096420727
Cc1ccnc(N2CC(O)(c3ccc(F)cc3)C2)c1C#N,-0.157390760389
CCOC(=O)c1ccc(-n2cc(Cc3cnc(OCC)nc3)c(=O)nc2SCc2ccc(F)cc2)cc1,1.31806333496
OCC1CN(c2nc3cc(F)ccc3o2)C1,-0.152427340858
Cn1ncnc1COc1nn2c(-c3cc(F)ccc3F)nnc2cc1C(C)(C)C,0.76417613239
COc1nccnc1N1CCC(C(=O)Nc2cccc(F)c2)CC1,-0.201349354555
COc1ccccc1CNc1cn[nH]c(=O)c1Cl,0.113943352307
CC(C)NC(=O)C1(Cc2ccccc2-c2ccncc2)CCOCC1,1.71349054309
NCCOc1cccc(CC(=O)N2CCC(F)(F)CC2)c1,1.28780172993
CN(C)C1(CNC(=O)N2CCC=C(c3ccccc3)C2)CCOCC1,1.55022835306
CCOC1CCN(c2ccnc(C(=O)NCc3ccccc3)c2)CC1,-0.311580177997
CCCNC(=O)C1(NCc2cncnc2)CCCCC1,0.872738827473
COc1ccc(-c2ccc(Cn3nc(C)cc3C)cn2)cc1,-0.319664486585
Fc1ccc(CCNc2ncnc3ncccc23)cc1,0.371067862272
CN(CC(=O)Nc1cccc(S(=O)(=O)N2CCCC2)c1)C1CCCCC1,0.35983548234
CCCCOc1nc(N)c2c(n1)N(Cc1cccc(CN3CCCC3)c1)CC(=O)N2,0.73957234445
NC(=O)c1cccc(Cn2cnc3c(oc4ccccc43)c2=O)c1,1.14301480025
Cn1c(=O)n(Cc2cccnc2)c(=O)c2ccc(C(F)(F)F)nc21,-0.190440285365
COCCN(C)c1ccc(CN2CCc3nn(C)c(=O)cc3C2)cn1,0.480006942957
Cc1ccc(Cl)c(OC[C@@]2(O)CN(C3CCCC3)CC[C@@H]2O)c1,0.0128372247052
CN(Cc1nc2c(s1)CCCC2)c1cnccn1,-0.239577516577
Cc1cc(CN2CC(O)(CC#N)C2)ccc1F,-0.220403508742
Cc1cc(C(=O)NC(C)(C)C#N)nn1-c1ccc(F)cc1,0.130333768495
COc1cccc(C(=O)NCC(=O)Nc2cccc3c2CCCC3)c1,0.113943352307
Clc1cccc(Cl)c1Cc1n[nH]c(CCCn2cccn2)n1,1.12385164097
C=CC[C@]1(O)CC[C@H]2[C@@H]3CCC4=CC(=O)CCC4=C3C=C[C@@]21C,-0.118615343229
CCN1CCN(c2ccc(Nc3ncnc4sccc34)cc2)CC1,0.0791812460476
Cc1cc(CN2CCC(N(C)c3ncc(Cl)cn3)CC2)on1,-0.236572006437
Cc1nc(-c2ccccc2)c(C(=O)Nc2ccc(Cl)c(Cl)c2)s1,-0.13667713988
Cc1[nH]nc(CCC(=O)NCCCOC2CCCC2)c1C,1.1583624921
c1ccc2nc(N3CCCC4(CCNCC4)CC3)cnc2c1,1.52244423351
Cc1ccccc1C(=O)N1CCC(O)(Cn2ccnc2C)CC1,0.692846919277
CC1(C)[C@@H]2C[C@H]1[C@@]1(O)[C@@H](C2)Oc2c(ccc(O)c2C(=O)NCCNS(C)(=O)=O)[C@@H]1O,1.95904139232
CCN1CCN(S(=O)(=O)c2c[nH]c(C(C)C)n2)c2ccccc21,1.30535136945
Cn1ncnc1NCc1cc(F)cc(F)c1,-0.1209041205
O=C(NCC1(N2CCCCC2)CCCC1)c1cnn[nH]1,1.50105926222
CNC(=O)Cc1cccc(OCCN2CCCCC2)c1,1.07188200731
CC(=O)NC[C@H]1C[C@]2(C)[C@@H](CCCC[C@]2(C)O)N1CC1(O)CCCC1,0.91328390176
O=C(CSCCc1ccncc1)Nc1ccccc1,-0.0942041196321
O=C(Cc1cn2ccccc2n1)N1CCC(n2c(=O)[nH]c3ccccc32)CC1,1.3856062736
Cc1nc(O)c(Cl)c(N(C)CC2CCN(C)CC2)n1,0.883093358576
OC1(c2cccnc2F)CCN(Cc2ccc(-c3ccc(F)cc3)o2)CC1,-0.244125144328
CCN(CC(N)=O)CC(=O)N1c2ccccc2CCc2ccccc21,1.46089784276
CS(=O)(=O)NCc1cc2n(n1)CCN(C1Cc3ccccc3C1)C2,0.465382851448
Cc1cc(N(CCO)CCCO)ncc1Br,-0.115771230367
Cc1ccc(-c2cnn3c(O)cc(Cn4cccn4)nc23)cc1,0.390935107103
Cn1cc(C(C)(C)NC(=O)C#Cc2ccc3c(c2)OCO3)cn1,0.589949601326
O=C1CN(C(=O)c2ccc(Cl)cn2)CCN1CCc1ccccc1,0.0413926851582
Cc1ccc(F)c(-c2noc(N)c2C)c1,-0.281498311133
Cc1c[nH]c(CNCc2ccccc2CC(C)C)n1,0.652729696069
COc1ccc(C)nc1-c1ccc(OC)c(OC)c1OC,-0.00833099262005
CNc1ccc(/C=C/c2ccc(OCCOCCOCCF)nc2)cc1,-0.273272790973
c1cc(-c2noc(CN3CCOCC3)n2)ccn1,-0.135488918942
Cc1ccc2[nH]c(CNC(=O)c3ncoc3C)nc2c1C,0.378397900948
COc1ccc(Cl)cc1-c1cccc(C(=O)NCCN2CCCC2=O)c1,0.778874472003
COc1ccc(C(=O)c2ccc(C)cc2)c(OC)c1,-0.337242168318
COc1ccc(C(=O)c2ccc(Cl)cc2)c(OC)c1,-0.282329496998
Cc1cccc(N2CCN(CCCCNC(=O)c3c(F)cccc3F)CC2)c1,0.0863598306747
Cn1nc(N)c2ccc(Br)cc21,-0.142667503569
COC(=O)C1=NOC2(CCN(CCC(C)(C)C)CC2)C1,-0.324221658326
COc1cc(CN2CCCNCC2)cc2c1OCO2,0.92324401863
c1ccc(CC2=NCCN2)cc1,-0.442492798094
Cc1cc(F)ccc1-c1nc(CCn2c(C)nc3ccccc32)no1,-0.157390760389
Cc1ccc2oc(C(=O)N3CC[C@H](O)[C@@H](N4CCOCC4)CC3)cc2c1,0.390935107103
c1cnc(NCc2cnc3ccsc3c2)nc1,-0.229884705213
Cc1nn(C)c2ncc(CNc3ccon3)cc12,-0.0665127121513
CCOc1ccc(CN[C@@H]2CCC[C@H]2Cc2cc(C)no2)cc1OC,0.406540180434
CC(C)C(=O)N1CCn2nc(CNC3CCc4ccccc4CC3)cc2C1,1.43296929087
CCCn1cnnc1CN(C)Cc1cc(C(C)C)on1,1.18469143082
CC1(CNC(=O)N2CCN(Cc3ccon3)CC2)CCCC1,0.315970345457
CCCS(=O)(=O)c1nc(NC2CC2)cc(-c2ccc3c(ccn3C3CC(C)(C)NC(C)(C)C3)c2)n1,1.54282542696
Cc1cc(C)c2c(C(=O)N3CC4(CNC(=O)N4)C3)cc(C)nc2c1,0.927370363039
CN(C)S(=O)(=O)CCCN1CCc2ccccc2CC1,-0.221848749616
COc1cc2c(cc1OC)[C@@H]1Cc3ccc(OC)c(OC)c3CN1CC2,-0.266000713462
CN(C)c1ccnc2sc3c(=O)n(N4CCCCCC4)cnc3c12,0.487138375477
CNCc1cc(N(C)C)nc(C2CCCN2C(=O)CCc2c[nH]c3ccccc23)n1,1.54530711647
CCn1c(C(=O)N(C2CC2)C2CC2)cc2c3c(ncn3C)c(Nc3cc(C)n(C)n3)nc21,1.32221929473
Cc1nc(-c2ccc(S(=O)(=O)N(C)C)cc2)cc(C(C)C)n1,-0.174573882232
Cc1cc(C)n2nc(C)c(C(=O)NCCc3nnc(C)s3)c2n1,0.8122446968
CN(C)S(=O)(=O)CCCN1CCC(CCC(N)=O)CC1,-0.37161106995
Cc1cccc(C)c1CNC1(CCO)CCOCC1,-0.0123337350737
CCOc1cccc(-c2cccc(N)n2)c1,-0.252588192114
CN(Cc1ccc(C(=O)O)cc1)C(=O)c1ccnn1C,-0.178486471595
CCN(CC)CC(=O)Nc1ccc(Oc2ccc(C)nn2)cc1,0.209515014543
CC(C)c1nnc(NCc2cc(F)cc(F)c2)o1,-0.104577453961
Cc1cc(C)c2[nH]c(C(=O)N3CC[C@@](O)(CC(C)C)[C@@H](Oc4ccc(F)cc4)C3)c(C)c2c1,0.689308859124
CSc1ccccc1S(=O)(=O)NC1CCC(CN(C)C)CC1,0.949877704037
Cc1cccc(N(C)Cc2cnc(N(C)C)nc2)n1,-0.114073660199
CCc1sc(N)nc1-c1ccc(OC)cc1,-0.249491605149
O=c1c2sccc2nc2n1CCN(Cc1cc(F)ccc1F)CC2,-0.334419008982
COc1ccc(OC)c(S(=O)(=O)NCCC(=O)Nc2ccccc2C)c1,1.29885307641
CCOCCC(=O)N1CCC2(CCCN(C)CC2)CC1,0.465382851448
Cc1n[nH]c(C2CCN(C(=O)NC3CCN(c4ccc(F)cc4)CC3)CC2)n1,1.35983548234
COCCc1noc(CN(C)C(=O)c2ccc3c(c2)CCC3)n1,-0.0904439707588
OCCN1CCN(c2ccnc3ccc(Br)cc23)CC1,0.240549248283
Cc1cccc(C)c1OCCn1nnnc1C,-0.18243463044
O=c1c(CO)cc2cc3c(cc2n1Cc1ccccn1)CCC3,0.143014800254
COc1cccc(Oc2ccc(NC(=O)CN3CCCCC3=O)cn2)c1,1.13353890837
C[C@H](NC(=O)CCC(F)(F)F)C(=O)N[C@@H]1C(=O)N(CCO)c2ncccc2-c2ccccc21,1.38021124171
CNc1nc(C)nc(N[C@H]2CCC[C@@H](C(=O)NCc3ccc(C#N)cc3C(F)(F)F)C2)n1,2.03342375549
O=c1c2oc3ccccc3c2ncn1Cc1ccc(F)c(F)c1,-0.2700257143
COc1cccc(Cc2nc3sc4c(c3c(=O)[nH]2)CCSC4)c1,0.00860017176192
Cc1cc(NCC2(c3ccncc3)CC2)ncn1,0.396199347096
CC(C)c1ccc(CN2CCN(C(=O)C3CCN(C(=O)C4CC4)CC3)CC2)cc1,0.423245873937
c1ccc2nc(NCCn3ccnc3)cnc2c1,0.54406804435
Cc1nnc(COc2cccc(-n3ccnc3)c2)n1C1CC1,1.36361197989
N#Cc1cnc2cc(F)cc(F)c2c1NC1CCN(CC(N)=O)CC1,1.17609125906
C#Cc1cccc(N(CC(=O)NC(N)=O)Cc2cccs2)c1,0.350248018334
Cn1cnnc1-c1cccc(NS(=O)(=O)c2cc3c(cc2Cl)OCCO3)c1,1.22788670461
Cc1cc(Nc2nnc(C)s2)cc(C2CN(C(=O)Cc3csc(C)n3)CCO2)n1,1.55022835306
CC(C)CCN1CCC(CNC(=O)C2CC=CC2)CC1,0.576341350206
Cc1cccc(NC(=O)CN(C)Cc2nc3ccc(Cl)cc3c(=O)[nH]2)c1C,1.09691001301
Cc1cccc2cc(C(=O)NCCCn3nnc4ccccc43)n(C)c12,-0.0525662781129
COc1ccnc(N2CC(O)(C3CC3)C2)n1,-0.14813039927
Cn1cnnc1-c1cccc(NS(=O)(=O)c2ccc3c(c2)OCCCO3)c1,1.90091306774
O=c1c2cccnc2ncn1Cc1ccc2c(c1)CCCC2,-0.167491087294
O=C(NC1CCCCC1)C1=CCN(C(=O)C2CC2)C1,0.380211241712
CCN(CCO)Cc1nc2cc(OC)c(OC)cc2c(=O)[nH]1,1.49415459402
Cc1cncc(CN2CCC(=C3c4ccc(Cl)cc4CCc4cccnc43)CC2)c1,0.161368002235
CCCc1ncncc1C(=O)NCc1noc(C2CC2)n1,0.238046103129
Cc1nccc(N(C)Cc2nc(-c3cccnc3)no2)n1,-0.0604807473814
COc1cc(C#N)ccc1Cn1ccnc1C(C)C,0.450249108319
CC(C)CCN1CCc2nc3cc(C4CC4)nn3c(O)c2C1,0.956648579205
Cc1c(C(=O)Nc2ccc(N3CCC(N4CCOCC4)CC3)c(C#N)c2)cnn1-c1ccc(Cl)cc1,1.06069784035
CCCc1nnc(N2CCC3(CCCC3)C2)s1,-0.279840696594
COC(=O)c1cccc2c1CCCN2C(=O)c1ccccc1,-0.324221658326
N#Cc1ccc(CNc2cnc3ccccc3c2)o1,-0.464705879957
c1ccn2cc(CSc3ccc(-n4cccn4)nn3)nc2c1,-0.135488918942
COc1cc(CCNC2CCC3(CC2)OCCO3)ccc1F,9.54E-4
COc1ccc(OCc2n[nH]c(-c3ncoc3C(C)C)n2)cc1,-0.170696227169
Cc1ccc(Cl)c(OC[C@@]2(O)CN(C3CCC3)CC[C@@H]2O)c1,-0.15801519541
CCc1[nH]nc(NC2CCN(C(C)C)CC2)c1C,1.13672056716
CCCOc1c2c(nc3cc(C4CCOCC4)nn13)CCC2,1.34830486305
O=c1c2ccccc2nc2n1CCN(Cc1ccc(F)cc1)CC2,-0.326979092871
O=S(=O)(NCc1n[nH]c2c1CCCCC2)c1ccc(OC(F)F)cc1,0.860338006571
CN1CCN(c2oc(-c3cccc4ccccc34)nc2C#N)CC1,-0.440093374964
Cc1nnc(CN(C)Cc2cnn(C)c2C)s1,0.158362492095
COc1ccc(CN2CC(c3ccncc3)C2)cc1Cn1cccn1,0.803457115648
COc1cc2nc(N3CCN(C(=O)c4ccco4)CC3)nc(N)c2cc1OC,1.55990662504
CC(CCc1ccccc1)NCC(O)c1ccc(O)c(C(N)=O)c1,1.71516735785
CC1(C)Cc2cc(NC(=O)c3cnn4cccnc34)c(OCC3CC3)nc2O1,-0.500312917382
N#Cc1cc(F)c(NS(=O)(=O)c2c[nH]c3cc(Cl)ccc23)cc1F,0.168581657277
CC(C)CC(NC(=O)C(O)C(N)Cc1ccccc1)C(=O)O,-0.110265589607
CCCc1nc2nc(C)c(NS(=O)(=O)c3ccc(C4CCCCC4)cc3)c(O)n2n1,1.70156798506
O=C(NC1CCNCC1)c1ccc2[nH]ncc2c1,-0.621602099052
Cc1cccc(/C=N/Nc2cc(N3CCOCC3)nc(OCCc3ccccn3)n2)c1,-0.03763066433
CCn1c(=O)oc2cc(NC(=O)c3ccc(C(C)(C)C)cc3)ccc21,-0.468521082958
Cc1nc(-c2ccccc2)c(C(=O)Nc2ccccc2)s1,-0.243363891754
Cc1nnc(-c2ccc(N3CCC(Oc4cc(F)ccc4Cl)CC3)nn2)o1,-0.187086643357
N#Cc1ccc(NS(=O)(=O)c2c[nH]c3nc(Cl)ccc23)c(F)c1,0.806858029519
COc1ccc(C(=O)N2CCN(C(=O)/C=C/c3ccc(Br)cc3)CC2)cc1,-0.0665127121513
Cc1cn2nc(-c3cc(=O)n4cc(N5CCNC6(CC6)C5)ccc4n3)cc(C)c2n1,1.0104695698
CCCS(=O)(=O)Nc1ccc(F)c(C(=O)c2c[nH]c3ncc(-c4ccc(Cl)cc4)cc23)c1F,0.741939077729
Cc1ccc(OCC2(O)CCN(CC3(O)CCN(c4ccccc4C)CC3)CC2)cc1,-0.183758700008
CN(C(=O)c1cc(N2CCNC2=O)ccc1F)C1CCNC1,-0.0783135245164
O=C(Nc1cccc(N2CCNC2=O)c1)C1NCC12CCCC2,1.34242268082
NCC1CCCC1NC(=O)c1cc(N2CCNC2=O)ccc1F,0.283301228704
Cn1c(-c2n[nH]c3c2CCCC3)nnc1N1CCC2(CNC(=O)C2)C1,0.699837725867
Cc1nnc(-c2ccc(N3CCC(Oc4ccccc4C(F)(F)F)CC3)nn2)s1,-0.314258261398
O=C(NCCc1ccccc1)c1ccc(NC(=O)N2CCCCc3ccccc32)cc1,0.324282455298
CC(C)(C)c1ccc(C(O)CN2CCC(O)(c3ccc4c(c3)OCO4)CC2)cc1,-0.156144577377
CN(C(=O)c1cc(N2CCNC2=O)ccc1F)C1CCC(N)CC1,0.00860017176192
NC1CCCC1C(=O)N1CCC(c2c[nH]c3ncccc23)CC1,0.829946695942
NC1CCCC(C(=O)Nc2ccc3[nH]ncc3c2)C1,-0.116906641424
NC1CC(NC(=O)c2ccc(-c3cn[nH]c3)cn2)C12CCC2,0.952308009662
NC1CCC(C(=O)N2CCC(c3c[nH]c4ncccc34)CC2)C1,0.424881636631
NC1CCCC(C(=O)N2CCC(c3c[nH]c4ncccc34)CC2)C1,0.176091259056
O=C(NC12CCCC1NCC2)c1ccc(-c2cn[nH]c2)cc1,0.35983548234
Cc1nc2cc(C(=O)NC34CCCC3NCC4)ccc2c(=O)[nH]1,-0.12262865413
CNc1nc(C)cc(C(=O)Nc2ccc3[nH]ncc3c2)n1,-0.181114585406
O=C(Nc1ccc(CN2CCCCC2)cc1)c1ccnc2[nH]cnc12,0.958563883222
CCc1c[nH]c2ncnc(N3CCC(CN4CCN(C)CC4)CC3)c12,0.915399835212
NC(=O)c1cnc(N2CCc3[nH]nc(C(F)(F)F)c3C2)c(Cl)c1,0.865103974641
NC1CCCC(C(=O)Nc2cccc(N3CCNC3=O)c2)C1,0.123851640967
CC1CC(N)CCN1C(=O)c1cc(N2CCNC2=O)c(F)cc1F,0.120573931206
c1sc(NCC2CCCO2)nc1C12CC3CC(CC(C3)C1)C2,-0.2700257143
COc1ccc(-c2nn3c(-c4ccco4)nnc3c3ccccc23)cc1,-0.279014255846
CCCCOc1ccccc1-c1cc(C(=O)NCc2ccccc2C)[nH]n1,-0.166215625344
O=C(Nc1ccc(Cl)cn1)C1(c2cccc(Cl)c2)CC1,-0.241088107602
Cc1cccc(NC2CCN(C(=O)OC(C)(C)C)CC2)c1,-0.313363730738
COc1cccc2cc(C(N)=S)/c(=N/Nc3ccccc3)oc12,-0.30451832351
O=C1N=C(N2CCN(c3ccccc3)CC2)S/C1=C\c1ccc(O)cc1O,0.629409599103
O=C1N=C(N2CCCCN2)S/C1=C\c1ccc(F)cc1O,0.227886704614
N#Cc1ccc(COc2cnc3ccccc3n2)cc1,-0.294992040667
COc1ccc(C(=O)Nc2cc(-c3ccc(F)c(F)c3)no2)cc1,-0.36653154442
CCCNC(=O)Nc1ccc(Oc2ncnc3cc(OC)c(OC)cc23)cc1Cl,0.783903579273
Nc1nc2c3ccccc3oc2c2ccccc12,-0.62708799703
COc1ccccc1N1CCN(c2nc(-c3ccc(C)cc3)cc(=O)[nH]2)CC1,0.243038048686
c1ccc(Cc2ccccc2-c2nnc(-c3cccnc3)o2)cc1,-0.346787486225
Nc1nc(N)c2c(OCC3CCN(Cc4c(Cl)cccc4Cl)CC3)cccc2n1,-0.0883098412461
Cc1ccc(NC(=O)c2c([O-])n(-c3ccc(C)cc3)n[n+]2Cc2ccccc2)cc1,0.00860017176192
N#C/C(=C\c1cnn(Cc2ccccc2)c1)c1nc2cc(Cl)ccc2c(=O)[nH]1,0.0681858617462
CC(C)OC(=O)N1CCC(Oc2ncnc3c2cnn3-c2ccc(S(C)(=O)=O)cc2F)CC1,0.206825876032
O=C1/C(=C2/CCCCCN2)C(Nc2ccccc2)=NN1c1ccccc1,-0.132532512141
Fc1cccc(Cn2nnc(-c3ccccc3)n2)c1F,-0.446116973356
O=C(O)c1ccc(-c2c[nH]c3ncc(-c4ccccc4)cc23)cc1C1CCCC1,0.187520720836
CCN(c1ccccc1)S(=O)(=O)c1ccc(C(=O)Nc2ccccc2C(C)=O)cc1,0.0718820073061
CN(C(=O)c1cc2ccc(C(C)(C)C)cc2[nH]1)C1(C#N)CCC1,-0.308034897233
COc1ccc(C(C)(C)C)cc1NC(=O)C1(C#N)CCCC1,-0.320572103388
CCOc1nc(-c2ccc(Cl)c(Cl)c2)n(-c2cccc(NC(=O)c3ccc(F)cc3)c2)n1,0.426511261365
Cc1cc(F)ccc1NC(=O)c1cccc2cccnc12,-0.931814138254
CC(C)(C)c1ccc(C(=O)Nc2ccc(C(=O)Nc3ccccc3)cc2)cc1,-0.341988603343
Cc1cc(C)c(NC(=O)Cn2nnn(-c3cccs3)c2=O)c(C)c1,-0.131943638177
Cc1ccc(-c2nc3ccccc3[nH]2)cc1NS(=O)(=O)c1ccc(Cl)cc1,0.689308859124
COc1cc2ncn(-c3cc(OCc4ccccc4S(C)(=O)=O)c(C#N)s3)c2cc1OC,0.903632516084
Cc1oc2cc(OCC(=O)Nc3nccs3)ccc2c(=O)c1Oc1ccc(F)cc1,-0.0132282657338
N#Cc1ccnc(Nc2cc(C3CCN(C4COC4)CC3)cc(N3CCC(F)(F)C3)n2)c1,0.267171728403
Cc1nc(-c2cccnc2)sc1C(=O)Nc1ccccc1-c1cn2c(CN3CCOCC3)csc2n1,0.515873843712
FC(F)(F)c1ccc(Nc2nc3cc(Oc4ccnc(-c5ncc(C(F)(F)F)[nH]5)c4)ccc3[nH]2)cc1,-0.0655015487564
CCOC(=O)C1CCN(C(=O)c2cc3occc3c(Nc3ccc(F)cc3)n2)CC1,0.120573931206
Cc1cc(C)c(S(=O)(=O)Nc2ccc3c(c2)OCO3)c(C)c1-n1cnnn1,1.38201704257
O=C(Nc1nncs1)c1ccc(N2CCC3(CCCCC3)C2)nc1,-0.137272471682
COc1ccccc1N1CCN(c2nc(-c3ccc(F)cc3)cc(=O)[nH]2)CC1,0.332438459916
Cc1cc(NC(=O)Cn2nc(C3CC3)ccc2=O)ccc1Cl,-0.0486624812041
CS(=O)(=O)c1ccc(-c2nnc(/C=C/c3nnc(-c4ccc(C#N)cc4)o3)n2-c2ccccc2Cl)nc1,1.58319877397
O=C(Nc1ccccc1)Nc1ccc(OC(F)(F)F)cc1,-0.484126156288
NCC(=O)Nc1ccc(-n2nc(C(F)(F)F)cc2-c2ccc3c(ccc4ccccc43)c2)cc1,0.471291711059
COc1ccc2nc(C(=O)Nc3cnc4c(cnn4C(C)C)c3)ccc2c1,-0.333482019445
Cc1cccc2sc(NC(=O)c3cccnc3)nc12,-0.48280410205
Cc1ccc(C(N)=O)c(OCc2c(Cl)ccc3cccnc23)c1,-0.429457060118
O=C(Cn1nc2n(c1=O)-c1ccccc1C1=NCCN12)N1CCc2ccccc21,1.35024801833
CN(C(=O)OC(C)(C)C)c1ccc2ccccc2n1,-0.326058001366
Cc1cc2ccccc2n1CC(=O)N(C)Cc1cnn(C)c1,0.330413773349
c1ccc2c(c1)nnn2Cc1ccc2c(c1)OCO2,-0.23582386761
O=C(CCOc1ccccc1)N1CCCC(c2n[nH]cc2-c2ccc(Cl)cc2)C1,0.629409599103
O=C(Nc1ccccc1)c1sc(N2CCOCC2)nc1-c1ccccc1,-0.306273051076
Cc1nc(-c2ccccc2)c(C(=O)Nc2ccc(Cl)c(C(F)(F)F)c2)s1,-0.140861702705
Cc1ccc(S(=O)(=O)Cc2nc(-c3ccc(C(=O)NCc4cccnc4)cc3)oc2C)cc1,1.75127910398
Cc1c(NC(=O)c2cc(C(N)=O)nc3cc(F)ccc23)c(C(F)(F)F)nn1Cc1ccc(C#N)cc1,1.91434315712
COc1ccc(-c2cnn3c(N)c(-c4ccccc4)cnc23)cc1OC,-0.338187314463
COc1ccc(-c2nnc3nn(C)c(=O)n3c2-c2ccc(OC)cc2)cc1,-0.0438315695246
COc1ccc(-c2csc(CC(N)=O)n2)cc1,-0.124360062996
CNC(=O)c1ccc(/C=C/c2nc3cc(Cl)ccc3o2)cc1,-0.223298816012
CCOC(=O)c1ccc(OCC(=O)c2c[nH]c3ccccc23)cc1,-0.341035157336
Cc1cnc(NC(=O)c2cc(S(=O)(=O)N(C)C)ccc2N2CCCC2)s1,1.29885307641
COc1cc2c(cc1OC)-c1[nH]nc(NCc3c(Cl)cccc3Cl)c1C2=O,0.484299839347
O=c1[nH]c2nc(N3CCc4ccccc4C3)ncc2c(=O)n1-c1ccccc1,-0.351639989019
COc1ccccc1-n1cc2c(c1-c1ccccc1Br)c(=O)n(C)c(=O)n2C,0.354108439147
COCc1noc(-c2ccc(-c3cc(C)cc(C)c3)nc2)n1,-0.530177984022
Oc1cccc(/C=C/c2nc3ccccc3o2)c1,-0.716698771296
Clc1cc2c(NC3CCCC3)nnc(-c3ccncc3)c2cc1Cl,-0.137272471682
C=CC(=O)Nc1cc(-n2c(=O)ccc3cnc4ccc(-c5ccc(NS(C)(=O)=O)cc5)cc4c32)ccc1C,1.70329137812
CN(C(=O)CNC(=O)c1ccccc1OCC(=O)Nc1ccc(Br)cc1)c1ccccc1,0.535294120043
Cc1cccc(OCC(=O)Nc2ccc3c(c2)C(=O)N(c2ccccc2)C3=O)c1,1.20411998266
Cc1ccc(-c2csc(CC(N)=O)n2)cc1C,-0.123782159408
CS(=O)(=O)N1CCc2cc(C(=O)NCCOc3ccc4ccccc4c3)ccc21,0.225309281726
Cc1cccc(Nc2ccc(C3CCN(C(=O)c4cc5cc(F)ccc5n4C)CC3)nc2)n1,0.176091259056
CC(C)C(=O)Nc1ncc(-c2ccccc2)s1,-0.405607449625
Cc1cc(C)c(-c2csc(NC(=O)Cn3cnnn3)n2)c(C)c1,0.885926339801
O=C(Nc1ccccc1)c1c([O-])n(-c2ccccc2)n[n+]1Cc1ccccc1,-0.0614802748235
CN1CCN(C2=c3ccccc3=Nc3ccc(Cl)cc3N2)CC1,-0.0969100130081
COc1ccc(OCc2nn3c(-c4ccc(OC)cc4)nnc3s2)cc1,-0.270835210307
N#Cc1c(O)nc(SCc2cccc(F)c2F)nc1C1CC1,-0.0877779434676
Cn1cc(-c2ccnc(/C=C/c3ccc(F)cc3Br)n2)cn1,-0.181774106386
Nc1nc(-c2ccccc2)c(C(=O)Nc2ccc(Cl)c(Cl)c2)s1,-0.191789027076
Cc1ccccc1Cn1c(=O)c2c(nc3n(-c4ccccc4O)c(C)cn23)n(C)c1=O,1.3384564936
NC(=O)c1ccc(N2CCCCC2)c(NC(=O)c2ncoc2-c2ccc3ccccc3c2)c1,-0.284832642152
Cc1nc(Nc2ccc(F)cc2)nc2c1ncn2-c1ccc(F)cc1,-0.411168274406
CC(C)c1ccccc1OC(=O)NCCc1ccc2ccccc2c1,-0.308034897233
Fc1ccc(Nc2nc(N3CCCCC3)c3nccnc3n2)cc1,-0.515700160653
Cc1nnc(-c2ccccc2NCc2ccsc2)o1,-0.690369832574
Fc1ccc(-n2cc(/C=C/c3ccnnc3)nn2)cc1Cl,-0.192464971931
Cc1cc(C(=O)NC2CCN(c3nc(-c4cccs4)nc4ccccc34)CC2)on1,-0.123205023799
Cc1cn2c3c(=O)n(Cc4ccccc4Cl)c(=O)n(C)c3nc2n1-c1ccccc1O,1.10720996965
Cc1sc2ncnc(OCC(=O)Nc3ccc4c(c3)OCO4)c2c1C,-0.00612308505879
O=c1c2cc(OCc3ccc(Cl)cc3)ccc2nc2n1CCCCC2,-0.0136762229492
COc1ccc2c(-c3ccccc3)cc3nnnn3c2c1,-0.318758762624
CC(C)COc1cc(F)cc(-c2cncc(C(=O)N3CCCC3)n2)c1,-0.354577730651
COc1cccc(N2CCN(c3nc(C)cc(C)c3C#N)CC2)c1,-0.284832642152
CCc1nnc2c3ccccc3nc(Nc3ccc(OC)cc3)n12,-1.03432802878
O=S(=O)(c1ccccc1Cl)N1CCCc2cnc(N3CCOCC3)nc21,-0.156767221902
COc1ccccc1NC(=O)CSc1nc(C(C)(C)C)nc2ccccc12,0.100370545118
Cc1ccc2[nH]c(C3CN(C(=O)Cc4cccc5ccccc45)C3)nc2c1,1.18184358794
Cc1nc(-c2ccccc2)c(C(=O)Nc2ccc(Cl)cc2)s1,-0.358525889496
COc1ccc(-c2[nH]c3ncccc3c2CN(C)CCOc2ccccc2OC)cc1,0.588831725594
CCOc1ccc(S(=O)(=O)N(CC)CC(=O)Nc2ccc3c(c2)OCO3)cc1,-0.0690509688325
CC(C)(C)Nc1cc(NCC2CCOCC2)c2ncc(-c3ccc(C(=O)NC4CC4)cc3)n2n1,0.876217840592
CC(C)(O)CNc1nc(Nc2ccnc(C(F)(F)F)c2)nc(-c2cccc(C(F)(F)F)n2)n1,1.39445168083
Cc1ccc2c(c1)c1nc3ccccc3nc1n2CC(N)=O,-0.0793549985932
CCN(c1ccc(C(C)C)cc1)S(=O)(=O)c1ccccc1,-0.287350298373
Cc1ccc(-c2nc(CN3C(=O)C(=O)N(C4CCCC4)C3=O)cs2)cc1,-0.102922996791
CCCCOc1ccc(-c2cc3c(=O)[nH]ccn3n2)cc1,-0.129011186239
c1ccc(CNc2nn3nnnc3c3ccccc23)cc1,-0.204815410318
COC(=O)c1ccc(NS(=O)(=O)c2ccc3c(c2)n(C)c(=O)n3C)cc1,1.31175386106
CS(=O)(=O)N1CCc2c(cccc2NC(=O)c2ccc(F)cc2)C1,0.806179973984
Cc1cc(NC(=O)N2Cc3cc4c(cc3C3(CCCC3)C2)OCCO4)no1,-0.142667503569
Cc1ccsc1C(=O)Nc1nc2ccccc2s1,-0.86646109163
CCC(=O)Nc1cccc(C(=O)N2CCN(C)Cc3ccccc32)c1,1.61804809671
C1CCN(c2nc(NC3CC3)nc(N3CCCCC3)n2)CC1,-0.521433504406
Cc1ccc(-c2ccc(NC(=O)c3ncoc3-c3ccccc3)cc2)o1,-0.349692476868
CCOc1ccc(C(=O)Cn2c(=O)n(-c3ccc(F)cc3)c3nc(C)nc(C(N)=O)c32)cc1,-0.0333890133181
CSCC(=O)Nc1nc(-c2ccc(C3CCCCC3)cc2)cs1,-0.15801519541
Cc1cccc(CNc2cccc3c2CCN(S(C)(=O)=O)C3)c1,-0.187086643357
Cc1ccc(C(=O)COC(=O)c2cc(O)nc3ccccc23)cc1,-0.299296282855
COc1cccc(NC(=O)c2c([O-])n(-c3cccc(OC)c3)n[n+]2C)c1,-0.195860567665
CC(C)NC(=O)c1cn(-c2ccccc2)nc1-c1ccccc1,-0.338187314463
O=C(Cn1cccc(C(=O)Nc2cccc(-n3cccn3)c2)c1=O)NC1CCCCC1,1.27184160654
Oc1ccc(-c2noc(C3CC3)n2)cc1,-0.171340103465
c1ccc(OCc2nc3cc4ccccc4cc3[nH]2)cc1,-0.590066876669
CCCCOc1ccccc1-c1cc(C(=O)NCCc2cccs2)[nH]n1,-0.338187314463
O=C(Nc1ccc2c3c(cccc13)CC2)c1ccc(-n2cncn2)cc1,-0.325138859262
COc1cc(OC)cc(-n2c(S)nnc2COc2cccc3ccccc23)c1,0.217483944214
Cc1ccc(CC(=O)NCc2cccc(C(=O)Nc3ccccc3)c2)cc1,0.184691430818
O=c1c(=O)n(-c2ccc(F)c(F)c2)ccn1Cc1ccccc1Cl,-0.157390760389
Cc1ccc(Cn2ccn(-c3ccc(F)c(F)c3)c(=O)c2=O)cc1,-0.173277479831
COc1cccc(-c2nnn(Cc3cc(F)cc4cccnc34)n2)c1,-0.313363730738
CCC(C)(C)c1ccc(Oc2ccc(NC(=O)CSc3cccc[n+]3[O-])cc2)cc1,0.342422680822
Cc1ccc(-n2nc(C(C)(C)C)cc2NC(=O)NCc2cc(F)ccc2Oc2ccc3c(cnn3CCO)c2)cc1,1.20951501454
O=C(Nc1nc(-c2cccnc2)cs1)C1CCCCC1,-0.303643611267
COc1cccc(-n2c(S)nnc2COc2cccc3ccccc23)c1,0.0293837776852
N#Cc1cc2c(nc1SCc1cccnc1)CCCCCC2,-0.0395292224657
N#Cc1c(N)nc(SCC(N)=O)c(C#N)c1-c1ccc(OCC2CC2)cc1,1.62838893005
Cc1csc(-c2nnc(Nc3ccc(Oc4ncccc4-c4ccnc(N)n4)cc3)c3ccccc23)c1,-0.0371573187988
CN(C)S(=O)(=O)N1CCC(c2ccc3c(NCc4ccccc4F)n[nH]c3n2)CC1,0.487138375477
Cc1cc(F)ccc1S(=O)(=O)N1CCCc2cnc(N3CCOCC3)nc21,-0.140861702705
CCN1CCOC(C(=O)N2CCC(c3cn[nH]c3)CC2)C1,0.545307116466
O=C1CCCN1c1ccc(S(=O)(=O)Nc2cccc(-c3nnc4n3CCC4)c2)cc1,0.996949248495
Cc1cc(C)n2ncc(C(=O)N[C@H]3CC[C@@H](C(C)C)CC3)c2n1,-0.110698297494
Cc1ccc(C(=O)Nc2ccc(CN3CCN(C)CC3)c(C(F)(F)F)c2)cc1C#Cc1cnc2cccnn12,1.41497334797
Cc1cc(C)c(-c2csc(CC(N)=O)n2)cc1C,-0.0803989762159
CCOC(=O)CCN1CCC=C(Br)C1,-0.204119982656
COc1cc(Nc2c(C#N)cnc3cc(OCCCN4CCN(C)CC4)c(OC)cc23)c(Cl)cc1Cl,2.08990511144
Cc1ccc(Nc2nccc(N(C)c3ccc4c(C)n(C)nc4c3)n2)cc1S(N)(=O)=O,2.03342375549
O=C(NNc1ccccc1)c1ccncc1,-0.131943638177
CN(C)C(=O)C(CCN1CCC(O)(c2ccc(Cl)cc2)CC1)(c1ccccc1)c1ccccc1,2.00628788294
Cc1cn(-c2cc(NC(=O)c3ccc(C)c(Nc4nccc(-c5cccnc5)n4)c3)cc(C(F)(F)F)c2)cn1,0.949390006645
COc1cc2c(cc1OC)CN(C(=O)C1CCCN(C(=O)c3ccc(Cl)cc3)C1)CC2,1.00432137378
COc1cccc(S(=O)(=O)N2CCOC(c3c(C(N)=O)sc4ncccc34)C2)c1,1.58206336291
O=C(c1ccc2c(c1)CCCC2)N1CCOCC1c1ccn[nH]1,0.606381365111
O=C(Nc1nc2ccccc2[nH]1)c1ccc(-n2cccc2)cc1,-0.444905551422
CNc1cc(Nc2cccn(-c3ccccn3)c2=O)nn2c(C(=O)N[C@@H]3C[C@@H]3F)cnc12,1.493167
CN(c1ncc(F)cn1)[C@H]1CCCNC1,-0.358806
CC#CC(=O)N[C@H]1CCCN(c2c(F)cc(C(N)=O)c3[nH]c(C)c(C)c23)C1,0.860626
C=CC(=O)N1CCC[C@@H](n2nc(-c3ccc(Oc4ccccc4)cc3)c3c(N)ncnc32)C1,0.72516
COc1cc2c(cc1OC)CC(=O)N(CCCN(C)C[C@H]1Cc3cc(OC)c(OC)cc31)CC2,1.868345
C=CC(=O)N1C[C@H](Nc2ncnc3[nH]ccc23)CC[C@@H]1C,1.817231
Cn1cc(Nc2nccc(N3CC4CCC(C3)N4C(=O)[C@@H]3CC3(F)F)n2)cn1,1.600469
Cn1cc(-c2cn3nccc3c(-c3cnn([C@]4(CC#N)C[C@@H](C#N)C4)c3)n2)cn1,1.726392
N#CC[C@H](C1CCCC1)n1cc(-c2ncnc3[nH]ccc23)cn1,1.035733
C=CC(=O)N1CCC[C@H](n2c(=O)n(-c3ccc(Oc4ccccc4)cc3)c3c(N)ncnc32)C1,0.762732
CC(C)(C=C(C#N)C(=O)N1CCC[C@@H](n2nc(-c3ccc(Oc4ccccc4)cc3F)c3c(N)ncnc32)C1)N1CCN(C2COC2)CC1,1.555038
CC#CC(=O)N1CC[C@@H](n2cc(-c3ccc(Oc4c(F)cccc4F)cc3)c3c(N)n[nH]c(=O)c32)C1,1.7008
C[C@@H]1c2nnn(-c3ncc(F)cn3)c2CCN1C(=O)c1cccc(C(F)(F)F)c1Cl,0.534422
Cc1c(Cl)ccc2cc3n(c12)[C@@H](C)CNC3=O,-0.29019
Cc1ncc(CN2CC[C@@H](Nc3cncc(Cl)n3)[C@@H](C)C2)s1,-0.011566
C[C@@H]1CCN(C(=O)CC#N)C[C@@H]1N(C)c1ncnc2[nH]ccc12,1.613688
OC[C@H](Nc1cncc(-c2ccc3[nH]ncc3n2)c1)c1ccccc1,1.39861
O=C(CCNC(=O)c1ccc(OC(F)(F)F)cc1)N[C@@H]1CCCc2ccccc21,0.497485
CCn1c(CO)nn(-c2cc(O[C@@H](C)C(F)(F)F)c(C(=O)Nc3c(F)cccc3Cl)cc2F)c1=O,1.797731
CC(=O)Nc1ncc(CN2CCCC[C@@H]2C)s1,0.118767
O=C(Nc1cccc2ncccc12)[C@H]1CCCN(S(=O)(=O)c2ccccc2)C1,1.113887
C[C@@H]1Cc2ccccc2N1C(=O)Cn1nc(-c2cccc3ncccc23)oc1=O,-0.074407
CC1CCN([C@H](c2ccc(F)cc2)c2ccc([C@@H](C)C(=O)O)cc2-c2ccc(C(F)(F)F)cc2)CC1,0.297774
CC(=O)NCC(=O)N1[C@@H]2CC[C@H]1c1ccc(Nc3ncc(C(F)(F)F)c(NC4CCC4)n3)cc12,1.464314
CC[C@@H]1[C@H](F)C(=O)N[C@@H]1COc1nccc2cc(C(N)=O)c(OC)cc12,1.790315
C[C@@]1(c2ncncc2F)NC(=O)c2cc(-c3cn[nH]c3)ccc21,1.338597
N#CN1CCC[C@H](n2nc(-c3ccc(Oc4ccc(F)cc4F)cc3)c(C(N)=O)c2N)C1,1.518768
O=C1Nc2ccccc2O[C@H]2C[C@@H]1N(CC1CC1)C2,-0.070234
O=C(c1cc2ccccc2[nH]1)N1C[C@@H](O)[C@H](N2CCOCC2)C1,-0.368292
CC(=O)N1CCC[C@H]1C(=O)Nc1cccc(OC(F)F)c1,0.15363
O[C@@H]1C[C@@H](c2nc(-c3ccccc3)no2)N(Cc2ccccc2)C1,-0.268729
c1ccc(CO[C@@H]2CCC[C@H]2n2cc(-c3nccs3)nn2)cc1,-0.181738
NS(=O)(=O)OC[C@@H]1C[C@@H](n2ccc3c(N[C@H]4CCc5ccccc54)ncnc32)C[C@@H]1O,1.714754
O=C(c1ccccc1F)N1CCC[C@@H]1Cn1nnn(-c2cccs2)c1=O,-0.114249
C[C@@H](C(=O)N1CCCC1)N1CCC(n2c(=O)[nH]c3ccccc32)CC1,2.209515
O=C([C@H]1CCCN(Cc2ccc(Cl)cc2)C1)N1CCc2ccccc2C1,-0.103348
CN(C)[C@@H]1CN(C(=O)CCn2cnc3ccccc32)C[C@H]1O,0.220292
N#Cc1cc(F)c(C(=O)Nc2ccnc(NC(=O)[C@H]3C[C@H]3F)c2)c(Cl)c1,1.629921
COc1cccc2c1OC(C)(C)[C@@H]1C[C@H]3CNCC[C@H]3O[C@@H]21,1.23246
CC1(C)Oc2ccc(Cl)cc2[C@@H]2O[C@@H]3CCNC[C@@H]3C[C@H]21,1.052795
CC(C)c1nccn1-c1cccc([C@@H]2CCCN2C(=O)CCc2ccccc2)n1,1.007907
O=C([C@H]1CCCN(Cc2ccc(F)cc2)C1)N1CCc2ccccc2C1,-0.101057
OC[C@@H](c1ccccc1)n1cc(CCc2ccccc2)nn1,-0.051336
Cc1nn(C)c2nc(N3CCN(C)C[C@@H]3c3ccccc3)sc12,-0.072219
Cc1nnc(N2CC[C@H](O)C2)c(C#N)c1C,0.115687
Cc1ccc(Cn2nc(C(=O)N[C@@H]3C(C)(C)[C@@H]4CC[C@@]3(C)C4)cc2-c2ccc(Cl)c(C)c2)cc1,-0.196354
COc1cccc(OC)c1-c1cc(C(=O)N[C@@H](CC(C)C)C(=O)O)nn1-c1ccnc2cc(Cl)ccc12,1.592505
CC(=O)N1CCN(C(=O)[C@H]2CCCCN2C(=O)OC(C)(C)C)CC1,0.97517
CN(C)[C@@H]1CN(C(=O)c2cc3ccc(F)cc3[nH]2)C[C@H]1O,0.643131
CC(C)c1nc(O)c2nnn(C[C@@H]3CCCN(Cc4cccs4)C3)c2n1,1.349036
CC(C)C[C@@H](C(N)=O)n1ccnc1-c1cccc2ccccc12,1.678003
Fc1ccc2[nH]c(CO[C@H]3CN(Cc4ccccc4)C[C@H]3F)nc2c1,-0.053185
Cc1ccc(CN2CC[C@H](c3nnc(-c4ccccc4F)o3)C2)o1,-0.307313
Cc1ccc([C@@H]2N[C@@H](Cc3ccccc3)C(=O)N2C)o1,-0.116823
CC(=O)N1CCN(c2ncc(-c3cc(C)no3)c([C@H]3CCCO3)n2)CC1,0.387458
CC1(C)O[C@@](C)([C@H]2CC3(CCNCC3)CO2)CC[C@@H]1O,-0.353679
Cn1cc(NC(=O)[C@@H]2CCCCN2C(=O)OC(C)(C)C)cn1,0.612987
C[C@@H](CO)Nc1nc(C(F)(F)F)nc2[nH]cnc12,0.827538
Cc1cc(N2CCN(C(=O)OC(C)(C)C)[C@H](C)C2)ncn1,-0.115778
COc1ccccc1CNc1n[nH]c2nc([C@H]3CCCN(CC(=O)N4CCCC4)C3)ccc12,1.642548
CSCC[C@@H](CO)n1ccnc1-c1oc2ccccc2c1C,0.545513
CC(C)[C@H](NC(=O)c1c(F)cccc1F)C(=O)N1CCOCC1,0.907462
CN(C)C1=N[C@@H]2[C@@H](O)[C@H](O)[C@@H](CO)O[C@@H]2S1,-0.561572
O=C(NC[C@H]1COCc2nc3ccccc3n21)c1ccncc1,1.378248
CO[C@H]1CC[C@H](C(=O)NC[C@H]2CC[C@H](c3nnc(-c4nccc5ccccc45)o3)CC2)CC1,0.93641
Cc1noc([C@@H]2C[C@H](NC(=O)c3ccc(F)cc3)CN2C)n1,-0.10139
Cc1ccsc1CN(C)C(=O)[C@@H]1CCCN1C(=O)NC(C)C,1.375002
CO[C@@H](C(=O)Nc1cc2c(C)cc(=O)oc2cc1C)c1ccccc1,0.058835
CC(C)NC(=O)N1CC[C@H](NC2=Nc3cc(F)ccc3N(CC(F)F)c3ccc(Cl)cc32)C1,1.372406
CSc1ccc(-c2ccc3n(c2=O)C[C@@H]2CNC[C@H]3C2)cc1,0.153498
O=C(C1CC1)N1CC[C@@H](Cc2n[nH]c(=O)n2-c2ccc(-c3ccc4occc4c3)cc2)C1,1.785868
Cc1cnc(C(=O)N[C@H]2CCOC[C@@H]2O)cc1Cc1ccc(-c2cscn2)cc1,0.838122
O[C@@H]1CO[C@H]2C[C@@H]1Nc1c(-c3ccccc3)cccc12,-0.222651
CC(C)c1noc2nc(C3CC3)cc(C(=O)N3CC[C@H](N)C3)c12,2.105542
Cc1ccc(NC(=O)OC(C)(C)C)c2c1N(C(=O)[C@H]1CCCO1)CCC2,0.463537
CCN(Cc1ccncc1)[C@@H]1CN(C(=O)c2ccccc2)C[C@H]1O,1.571721
COCC(=O)N1CC[C@H](c2nnc(-c3ccc(C)cc3)o2)C1,0.133088
CC(C)C[C@@H](CO)n1cc(-c2ccccc2Cn2cccn2)nn1,0.798347
O=C(CCCc1cc(Cl)sc1Cl)N1CC[C@H](O)C1,0.172021
COc1cccc(NC(=O)[C@H]2CCCN(S(=O)(=O)c3ccc(C)cc3)C2)c1,0.427987
CO[C@H]1COCCN(C(=O)c2cccnc2)C1,0.077756
Cn1ccc(NC(=O)[C@H]2CCCCN2C(=O)OC(C)(C)C)n1,0.405408
COc1cc(/C=C2\CCCN([C@@H](C)c3ccc(F)cc3)C2=O)ccc1-n1cnc(C)c1,0.170311
O=C(c1cccs1)N1C[C@@H]2CCCN(C(=O)c3cccs3)[C@@H]2C1,0.375417
COc1ccc(-c2noc([C@@H]3CCCN3Cc3cccnc3)n2)cn1,-0.119979
Cn1cncc1CCNC(=O)[C@H]1CC1(C)C,0.915507
O=C(NC[C@H]1CCN(c2ccccc2)C1)N1CCc2sccc2C1,-0.07887
CC(C)[C@H](Nc1ncc(Cl)cn1)C(=O)N1CCCC1,0.032114
CC(=O)NCCCOc1ccc(CN2C[C@H](Oc3cccc(C)c3)[C@@H](O)C2)cc1,1.493918
N[C@H](Cc1c[nH]c2ccccc12)C(=O)N/N=C/c1ccc2nccnc2c1,1.126958
CC(C)c1nc(O)c2nnn(C[C@@H]3CCCN(C(=O)C(C)(C)C)C3)c2n1,1.536782
N#Cc1cccc(-c2ccc(=O)n3c2[C@@H]2C[C@@H](CN(Cc4cccs4)C2)C3)c1,0.847411
CSc1ccc(-c2ccc3n(c2=O)C[C@H]2C[C@@H]3CN(C(=O)c3ccncc3)C2)cc1,1.643355
COc1ccccc1-c1nnc([C@H]2CCN(Cc3ccccc3C)C2)o1,-0.121969
Cc1ccc2oc([C@H]3CCN(Cc4cccs4)C3)nc2c1,-0.407439
CC(C)(C)C[C@@H]1COCc2nc(OCc3ccccn3)cc(=O)n21,-0.237106
O=C(c1ccccc1)N1CCN2C(=O)N(Cc3ccccc3)C(=O)[C@H]2C1,0.18139
O=C1CC[C@H](O)[C@@H](c2cccc(Cl)c2)N1Cc1ccccc1,0.578484
CCN1C(=O)CC[C@H](C(=O)N2CCc3cc(F)cc(C)c3C2)[C@H]1c1ccncc1,1.710587
C#CCN1CCC[C@H]1C(=O)Nc1cnn(-c2ncccn2)c1,0.596581
COc1ccc(-c2nc(CN3CCC[C@H](O)C3)no2)cc1,-0.075302
O[C@@H]1CO[C@H]2C[C@@H]1Nc1c(Cc3ccccc3)cccc12,-0.327645
Cc1cc(F)ccc1CC(=O)N[C@@H]1CCOC[C@H]1OCCO,1.293836
CC(/C=C/C(=O)NO)=C\[C@@H](C)C(=O)c1ccc(N(C)C)cc1,0.723417
COc1ccc(-c2noc([C@@H]3CCCN3Cc3ccccc3)n2)cn1,-0.227777
Cc1ncsc1C(=O)N1C[C@@H]2CCCN(C(=O)c3scnc3C)[C@@H]2C1,1.914019
O=C1NCC2(C/C=C\CCOc3ccccc31)CCN(C(=O)c1ccc3[nH]nnc3c1)CC2,1.660602
COc1cccc(CN2CCN(C(=O)Cc3ccc(C)cc3)[C@@H](C)C2)c1,-0.131498
O[C@@H]1CCCC[C@H]1N1CCC(c2ccccc2)CC1,-0.335786
Cc1cc(=O)n(C)c2cc(N3C(=O)CC[C@H](NS(=O)(=O)CC(C)C)[C@H]3c3ccc(Cl)cc3)ccc12,0.171374
Cc1ccccc1C(=O)N1CCC[C@@H]1Cn1nnn(-c2cccs2)c1=O,0.046574
C[C@@H](/C=C\C(F)(F)F)Oc1cc(-c2cc(-c3cc(CN(C)C)cs3)cnc2N)ccc1C(N)=O,1.514946
O[C@@H]1C[C@@H](c2nc(-c3cccnc3)no2)N(CCCc2ccccc2)C1,0.074966
COC(=O)[C@@H]1Cc2ncn(Cc3ccccc3)c2CN1C(C)=O,1.244487
O=C1N[C@@H]2CCN(C(=O)c3ccc(-c4ccccc4)cc3)[C@@H]2C(=O)N1c1ccc(F)cc1,1.647706
CC(C)(C)C(=O)N1CCC(CN2CCCC[C@@H]2CO)CC1,1.156027
CC(C)c1ccc2c(c1)[C@H](NC(=O)Cn1ccnn1)CCC2,0.531615
Cc1ccc(-c2ccnc(N3C[C@@H](C)NC[C@@H]3C)n2)c(C)n1,1.410047
Cc1ccc(C(=O)NC[C@H]2Cn3ccnc3CO2)cc1,0.899783
Cc1nc(CN2C[C@@H](c3ccc4c(c3)OCO4)[C@@H]3[C@H]2C2CCN3CC2)co1,1.727574
Cc1cccc(O[C@H]2CN(Cc3ccc(OCCCO)cc3)C[C@@H]2O)c1,0.350354
N#Cc1cccc(CN2CCOC[C@H](Oc3ccccc3)C2)c1,-0.295397
CN1CC[C@@H](c2c(O)cc(O)c3c(=O)cc(-c4ccccc4Cl)oc23)[C@@H]1CO,2.087093
Cc1ccc(-c2nnc([C@H]3CCN(Cc4cc5ccccc5o4)C3)o2)cc1,-0.168202
CC(C)CN1CC[C@H](c2nc3ccc(C#N)cc3[nH]2)C1,0.162791
O=C(O)c1ccc(CN2CC[C@H](c3nc4cc(Cl)ccc4o3)C2)cc1,0.043714
N#Cc1ccc2nc([C@H]3CCN(C4CCC4)C3)[nH]c2c1,0.644177
Cc1noc(-c2ccc(-c3ccc(CC(=O)O)cc3)cc2)c1NC(=O)O[C@H](C)c1ccccc1Cl,0.886108
CN(C[C@@H]1COCCO1)S(=O)(=O)Nc1ccc2ccc3ncc(-c4cnn(C)c4)cc3c(=O)c2c1,1.189142
N#Cc1cccc(-c2ccc(=O)n3c2[C@@H]2C[C@@H](CN(Cc4ccc(F)cc4)C2)C3)c1,0.786179
CNC(=O)c1ccc2c(c1)CCO[C@H]2CCN1CCN(c2ccc(C(N)=O)cc2)CC1,1.333229
CN1C(=O)[C@H](Cc2ccccc2)N[C@@H]1C(C)(C)C,-0.112927
Cc1cc(C)c(-n2cccn2)c(-c2cn(C[C@@H]3CCCO3)nn2)c1,0.071316
O=C1Nc2ccccc2O[C@H]2C[C@@H]1N(Cc1cccnc1)C2,1.246986
CN(C)c1ccc(C(=O)N2CCN3C(=O)N(Cc4ccccc4)C(=O)[C@H]3C2)cc1,0.208151
COC(=O)[C@@H]1C[C@H](O)CN1CCc1ccccc1F,-0.138985
[2H]c1nc(C)nc([2H])c1-c1cc(NC[C@@H](C)c2cccc3c(C(=O)NC)ccnc23)ncn1,2.02336
O=C(Nc1ccc2[nH]ncc2c1)[C@H]1CCCNC1,-0.420662
Cc1ccc2occ(CN3C[C@H]4CCCN4C[C@H]3C)c(=O)c2c1,-0.070937
Cc1cccc([C@H]2CN(C(=O)C3CCCC3)[C@@H]3CCN(CC4CC4)C[C@H]23)c1,0.268722
COC[C@@H](O)Cn1c(C)nc2ccccc21,0.154802
CC1(C)[C@H]2CC=C(CN3CCC4(CCC(=O)N4)CC3)[C@@H]1C2,-0.083602
O=C(CC[C@@H]1CCCN2CCCC[C@H]12)NCc1ncc(Cl)cn1,1.528492
COc1cccc(C)c1C(=O)N[C@H](CO)CCSC,0.230013
C[C@@H](NC(=O)N1CCC2(CCOCC2)CC1)c1ccc(F)cc1,0.365643
CC(C)N(CCCNC(=O)Nc1ccc(C(C)(C)C)cc1)C[C@@H]1O[C@@H](n2ccc3c(N)ncnc32)[C@H](O)[C@H]1O,0.781848
COc1nc2c(cc1CNC(=O)N1CCC[C@@H]1CO)C(=O)N(C1CCCC1)C2,1.89289
Cc1cc(NC(=O)[C@H](C)N(C)C)c2ccccc2n1,-0.08983
O=c1c2ccncc2ncn1[C@H]1CCN(Cc2ccccc2)C1,-0.354225
Cc1nc(-c2cccc(-c3ccc(C(=O)NC[C@@H]4CCCN4)cc3)c2)no1,2.05434
C[C@@H]1NC(=O)N(CCC2Cc3ccccc3C2)C1=O,-0.112669
CO[C@H]1/C=C\C=C(\C)C(=O)NC2=CC(=O)C(NCCN(C)C)=C(C[C@@H](C)C[C@@H](OC)[C@@H](O)[C@@H](C)/C=C(/C)[C@H]1OC(N)=O)C2=O,1.788853
COc1nc2c(cc1CNC(=O)N1CC[C@@H](O)C1)C(=O)N(C1CCCC1)C2,1.505514
CC1(C)CC(=O)c2c(C(F)(F)F)nn(-c3ccc(C(N)=O)c(N[C@H]4CC[C@@H](O)CC4)c3)c2C1,2.035452
Cc1c(C(=O)Nc2ccc(N3C[C@@H](C)O[C@H](C)C3)nc2)cccc1-c1ccc(OC(F)(F)F)cc1,0.063879
C[C@@]12CCCN1C(=O)[C@H](C1CCCCC1)NC2=O,0.422355
COc1ccccc1/C=C/CN1C[C@H]2CCCN2C[C@@H]1C,-0.129962
C[C@H]1CN2C[C@H](O)C[C@@H]2CN1Cc1cccc2ccccc12,0.228826
COC(=O)N[C@H](C)CNc1nccc(-c2cn(C(C)C)nc2-c2cc(Cl)cc(NS(C)(=O)=O)c2F)n1,2.112231
C[C@@H](NC(=O)N1CCC2(CCN(C)CC2)C1)c1ccc(F)cc1,0.241698
CC(C)n1c(=O)cc(N[C@@H](C)c2ccccc2)[nH]c1=O,1.765298
O[C@H]1CC[C@H](Nc2ncc3nc(Nc4c(F)cc(F)cc4F)n([C@H]4CCOC4)c3n2)CC1,1.970411
O=C(Nc1ccccc1)Nc1ccc(-c2ccc(C(=O)[C@H]3CCC[C@@H]3C(=O)O)cc2)cc1,0.775158
Cc1cc(OCCCS(C)(=O)=O)cc(C)c1-c1cccc(COc2ccc3c(c2)OC[C@@H]3CC(=O)O)c1,0.834778
O=C(Nc1nccs1)[C@@H]1C[C@@H]2CCCC[C@@H]2N1C(=O)c1ccccc1,0.800052
COCCOc1cnc2ccn([C@H](C)c3nnc4c(F)cc(-c5cnn(C)c5)cn34)c(=O)c2c1,2.098731
CNc1ncnc2c1ncn2[C@H]1CC[C@H](NC(=O)CCCNC(=O)OC(C)(C)C)[C@H](O)[C@H]1O,0.505293
CC(C)N(C[C@@H]1O[C@@H](n2cnc3c(N)ncnc32)[C@H](O)[C@H]1O)[C@H]1C[C@@H](CCc2nc3cc(C(C)(C)C)ccc3[nH]2)C1,0.537951
O=c1c2cccnc2ncn1[C@H]1CCN(Cc2ccccc2)C1,-0.110266
c1cncc(-c2nnc3n2[C@H]2CN(Cc4cccs4)C[C@H]2CC3)c1,0.429683
O=C(c1ccc(Cl)cc1)N1CCC[C@@H](C(=O)N2CCc3ccccc3C2)C1,0.387575
Cc1cn2cc(C(=O)N(C)CCO)cc(N[C@@H]3CCOc4cccc(C)c43)c2n1,1.86545
COCC(=O)Nc1ccc(C)c(NC(=O)[C@H](OC)c2ccccc2)c1,0.446935
CCCc1cc(CNC(=O)N2C[C@H]3C[C@@H](C2)c2cccc(=O)n2C3)on1,1.215782
C[C@@H](c1ccccc1)N(C)C(=O)NCCN(C)CCO,1.263939
O=C(Nc1ccncc1)[C@H]1CCCN(S(=O)(=O)c2ccc(Cl)cc2)C1,1.300649
O=C(CC[C@@H]1CCCN2CCCC[C@H]12)NCc1cnc2c(c1)CCC2,1.427244
CN1CCc2nc(C(=O)N[C@H]3C[C@@H](C(=O)N(C)C)CC[C@@H]3NC(=O)C(=O)Nc3ccc(Cl)cn3)sc2C1,2.251464
COCc1noc(CNC(=O)N(C)[C@@H](C)c2ccccc2)n1,0.432687
Cc1n[nH]c2c1[C@H](c1ccccc1)C1=C(CC(C)(C)CC1=O)N2,2.061783
CS(=O)(=O)NC[C@H]1CC[C@H](Nc2nc3c(s2)CCSc2ccccc2-3)CC1,0.25753
CC(C)Oc1ccc(CCNC(=O)N2CCC[C@H]2C(=O)N2CCCCC2)cc1,1.706356
Cc1ccc(OC[C@@H](O)[C@H](C)NC(C)C)c2c1CCC2,0.140167
CC(C)N(CCCNC(=O)Nc1ccc(C(C)(C)C)cc1)C[C@@H]1O[C@@H](n2cc(Br)c3c(N)ncnc32)[C@H](O)[C@H]1O,1.230623
CC(=O)N1CC[C@H]2O[C@H]3c4ccc(O[C@@H]5O[C@H](CO)[C@@H](O[C@@H]6O[C@H](CO)[C@H](O)[C@H](O)[C@H]6O)[C@H](O)[C@H]5O)cc4OC(C)(C)[C@@H]3C[C@H]2C1,-0.170774
O=c1c2cccnc2ncn1[C@H]1CCCc2ccccc21,-0.0775
CC(C)c1noc(CNC(=O)N2C[C@H]3C[C@@H](C2)c2cccc(=O)n2C3)n1,0.497095
CC(C)(C)OC(=O)NCCCC(=O)N[C@H]1C[C@@H](n2cnc3c(NCc4ccccc4)ncnc32)[C@@H](O)[C@H]1O,0.665062
CN1C(=O)[C@H]2CN(CC3=CC[C@H]4C[C@@H]3C4(C)C)C[C@H]2C1=O,-0.114811
O=S(=O)(NC[C@H]1CCCN1)c1ccc(OC(F)F)cc1,0.460404
CN1CCC[C@H]1C(=O)N[C@@H](CO)Cc1ccccc1,0.443196
C[C@H]1NC(=O)N(CCc2nc(C(F)(F)F)cs2)C1=O,0.204929
COc1cccc([C@@H](C)n2cnc3cn(C)nc3c2=O)c1,0.157255
N[C@@H]1CCCN(c2c(/C=C3\SC(=O)NC3=O)cccc2-c2ccccc2)C1,1.460472
CNc1nc(Nc2cnn([C@H]3CCN(C4COC4)C[C@@H]3F)c2Cl)ncc1C(F)(F)F,0.117135
Cc1cc(=O)oc2cc(NC(=O)[C@H](CCCCN)NC(=O)[C@H](CC3CCCCC3)NC(=O)OCC3c4ccccc4-c4ccccc43)ccc12,0.045763
O=C([C@@H]1CCCN1C(=O)NC(c1ccccc1)c1ccccc1)N1CCCCC1,1.429111
COc1cc2c(cc1OC)[C@@H]1CC(=O)[C@@H](CC(C)C)CN1CC2,-0.142131
CC(=O)N[C@H]1CCN(C(=O)N[C@H](C)C(c2ccccc2)c2ccccc2)C1,2.052162
C[C@H]1Oc2cc(cnc2N)-c2c(nn(C)c2C#N)CN(C)C(=O)c2ccc(F)cc21,1.162001
O=C(C1CCC1)N1CCC[C@H]1Cn1nnc(-c2cccs2)n1,-0.147319
COc1ccc([C@H]2c3[nH]c4ccc(Cl)cc4c3CCN2C(=O)Oc2ccc(Cl)cc2)cc1,-0.364638
COc1ccc(OC[C@@H]2c3cc(OC)c(OC)cc3CCN2C(=O)c2cccc(Cl)c2)cc1,0.097433
N#Cc1ccc(COc2cccc(C3CCN(Cc4nc5ccc(C(=O)O)cc5n4C[C@@H]4CCO4)CC3)n2)c(F)c1,1.55072
CC(C)[C@H](CO)Nc1nc(Nc2cc(N)cc(Cl)c2)c2ncn(C(C)C)c2n1,1.228274
Cc1ccc(-c2ccc3c(ccc4sc5c(c43)NC[C@@H](C)NC5=O)n2)cn1,0.739635
NC[C@H]1CC[C@@H](C(=O)Nc2ccc3[nH]ncc3c2)O1,0.05507
CC(C)S(=O)(=O)c1ccc2nccc(Nc3ccc4scnc4c3)c2c1,1.165393
O=C(/C=C/N1C[C@H]2C[C@@H]1CN2c1ccccn1)c1ccccc1O,-0.010646
C=CC(=O)N1CCC[C@@H](n2nc(-c3cccc(C(=O)Nc4ccc(C(C)C)c(C)c4)c3)c3c(N)ncnc32)C1,1.542977
Cc1ccc(S(=O)(=O)Nc2ccc3c(c2)c(C(=O)C(F)(F)F)cn3CC(=O)N[C@@H](CC(C)C)C(=O)O)cc1,1.30076
COC(=O)[C@@H]1C[C@H](O)CN1CC#Cc1ccc(Cl)cc1,-0.167038
CC(=O)c1cnc2ccc(-c3cc(Cl)c(O)c(Cl)c3)nc2c1N[C@H]1CC[C@H](CN(C)C)CC1,1.340109
CN[C@@H](C)C(=O)N[C@H](C(=O)N1CCC[C@H]1C(=O)Nc1snnc1-c1ccccc1)C1CCCCC1,1.679481
CC[C@@H]1CN(c2ccc(C(=O)Nc3cn4cc(C)nc4cn3)c(F)c2)CCN1,0.379214
C[C@@H](NC(=O)c1cc(Br)c2c(c1)OCCO2)c1cn(-c2ccccc2)nn1,0.541674
COc1cc([C@H](CC(=O)O)c2ccc(C)c(CN3C[C@@H](C)Oc4ccccc4S3(=O)=O)c2)cc2nnn(C)c12,1.997865
C[C@H]1CN(Cc2c(Cl)cccc2C(F)(F)F)C[C@@]1(CC(=O)O)C(=O)NC1CCN(CC2=CCCCC2)CC1,1.907324
Cc1ccc(NC(=O)c2ccc(CN3CCN(C)CC3)cc2)cc1Nc1nccc(-c2cccnc2)n1,2.167317
