SMILES,Y
CNc1cc(Nc2cccn(-c3ccccn3)c2=O)nn2c(C(=O)N[C@@H]3C[C@@H]3F)cnc12,1.392169
CCOc1cc2nn(CCC(C)(C)O)cc2cc1NC(=O)c1cccc(C(F)F)n1,1.02792
CN(c1ncc(F)cn1)[C@H]1CCCNC1,1.02792
CC(C)(Oc1ccc(-c2cnc(N)c(-c3ccc(Cl)cc3)c2)cc1)C(=O)O,1.02792
CC(C)(O)CCn1cc2cc(NC(=O)c3cccc(C(F)(F)F)n3)c(C(C)(C)O)cc2n1,1.629093
CC#CC(=O)N[C@H]1CCCN(c2c(F)cc(C(N)=O)c3[nH]c(C)c(C)c23)C1,2.376374
CC(C)NCC(O)COc1cccc2ccccc12,3.318276
COc1ccc(Cl)cc1C(=O)NCCc1ccc(S(=O)(=O)NC(=O)NC2CCCCC2)cc1,2.728062
C=CC(=O)N1CCC[C@@H](n2nc(-c3ccc(Oc4ccccc4)cc3)c3c(N)ncnc32)C1,3.2433
CC(C)NC(=O)COc1cccc(-c2nc(Nc3ccc4[nH]ncc4c3)c3ccccc3n2)c1,3.192741
CCS(=O)(=O)N1CC(CC#N)(n2cc(-c3ncnc4[nH]ccc34)cn2)C1,1.283686
COc1ccc(S(=O)(=O)N2CCC(N3CCC(C)CC3)CC2)cc1,2.138776
CCn1c(-c2nonc2N)nc2cnc(Oc3cccc(NC(=O)c4ccc(OCCN5CCOCC5)cc4)c3)cc21,2.365561
CC1(C)CC[C@]2(NC(=O)C(C)(F)F)CC[C@]3(C)[C@H](C(=O)C=C4[C@@]5(C)C=C(C#N)C(=O)C(C)(C)[C@@H]5CC[C@]43C)[C@@H]2C1,2.160424
Cc1c[nH]c2nccc(Oc3c(F)cc(Nc4cc(Cl)nc(N)n4)cc3F)c12,2.238814
COc1cc2c(cc1OC)CC(=O)N(CCCN(C)C[C@H]1Cc3cc(OC)c(OC)cc31)CC2,2.212515
N#Cc1ccc2[nH]c(O)c(-c3ccc(CN4CCOCC4)cn3)c2c1,1.849837
CCCc1cc(N2CCc3c(nc(C4CC4)n3C)C2)n2ncnc2n1,2.252999
Fc1ccc(-c2ccc3c(c2)[nH]c2ccncc23)cn1,2.208589
Nc1c(F)ccc2cnc(-n3ccc4ccncc43)cc12,3.372693
C=CC(=O)N1C[C@H](Nc2ncnc3[nH]ccc23)CC[C@@H]1C,1.435765
Cn1cc(Nc2nccc(N3CC4CCC(C3)N4C(=O)[C@@H]3CC3(F)F)n2)cn1,1.511656
[2H]C([2H])([2H])NC(=O)c1nnc(NC(=O)C2CC2)cc1Nc1cccc(-c2ncn(C)n2)c1OC,1.417438
C=CC(=O)N1CCC(CNc2ncnc(N)c2-c2ccc(Oc3ccccc3)cc2)CC1,3.1616
Nc1n[nH]cc1-c1cc(Cl)ccc1Oc1cc(F)c(S(=O)(=O)Nc2cscn2)cc1Cl,1.571266
Cc1c(-c2c(F)cc(C(N)=O)c3[nH]c4c(c23)CC[C@H](C(C)(C)O)C4)cccc1-n1c(=O)c2cccc(F)c2n(C)c1=O,1.63763
Cn1cc(-c2cn3nccc3c(-c3cnn([C@]4(CC#N)C[C@@H](C#N)C4)c3)n2)cn1,1.02792
O=C(Nc1cccnc1)c1ccnc(NC(=O)C2CC2)c1,1.436051
O=C(c1ccc(Oc2ccccc2)cc1Cl)c1c[nH]c2ncnc(N[C@@H]3CC[C@@H](CO)OC3)c12,1.02792
N#CC[C@H](C1CCCC1)n1cc(-c2ncnc3[nH]ccc23)cn1,2.607478
CC(C)(C)c1ccc(-c2nc3n(c(=O)c2C#N)CCS3)cc1,2.281224
C=CC(=O)Nc1cccc(Oc2nc(Nc3ccc(N4CCN(C)CC4)cc3)nc3ccsc23)c1,2.322653
CC#CC(=O)N1CC[C@@H](n2c(=O)n(-c3ccc(Oc4ccccc4)cc3)c3c(N)ncnc32)C1,2.272106
C=CC(=O)N1CCC([C@@H]2CCNc3c(C(N)=O)c(-c4ccc(Oc5ccccc5)cc4)nn32)CC1,2.758345
C=CC(=O)N1CCC[C@H](n2c(=O)n(-c3ccc(Oc4ccccc4)cc3)c3c(N)ncnc32)C1,2.712971
CC(C)(C=C(C#N)C(=O)N1CCC[C@@H](n2nc(-c3ccc(Oc4ccccc4)cc3F)c3c(N)ncnc32)C1)N1CCN(C2COC2)CC1,3.056338
CC#CC(=O)N1CC[C@@H](n2cc(-c3ccc(Oc4c(F)cccc4F)cc3)c3c(N)n[nH]c(=O)c32)C1,2.715513
C=CC(=O)Nc1cccc(Oc2nc(Nc3ccc(N4CCN(C)CC4)c(F)c3)nc3[nH]ccc23)c1,2.536993
C[C@@H]1c2nnn(-c3ncc(F)cn3)c2CCN1C(=O)c1cccc(C(F)(F)F)c1Cl,1.02792
COc1ccccc1-c1cc(NC(=O)c2cccc(N3CCNC3=O)c2)[nH]n1,2.012702
Nc1ncc(-c2cccc(C(F)(F)F)c2)c(C2CCCCN2C(=O)c2ccccc2)n1,3.177817
O=C(Nc1cccc(-c2nncn2C2CC2)c1)c1cc(-n2cnc(C3CC3)c2)ccn1,1.572453
Fc1ccccc1-c1c[nH]nc1C1CCCN1Cc1ccc2ncccc2c1,3.213226
Cc1nccc(-c2cn(Cc3ccccc3)c3cnccc23)n1,3.329049
CCc1nc(C)cn2nc(-c3cc(=O)n4cc(C5CCN(C)CC5)cc(C)c4n3)cc12,1.409629
Cc1c(Cl)ccc2cc3n(c12)[C@@H](C)CNC3=O,1.847548
Nc1ncnc2c1c(-c1ccc(Oc3ccccc3)cc1)nn2[C@@H]1CCCNC1,2.012652
Cc1nnc(CN(C)CC(C)Oc2ccc(Cl)c(Cl)c2)n1C,3.158486
COc1nn(C)cc1C(=O)Nc1cccc(-c2cnc3n2CCC3)c1,1.848848
COc1cc(F)ccc1-c1ncnc(Nc2cccc(C[S@@](C)(=N)=O)c2)n1,1.02792
Cc1ncc(CN2CC[C@@H](Nc3cncc(Cl)n3)[C@@H](C)C2)s1,2.804399
Cc1ccc(C(=O)N2CCC(Cc3ccccc3-c3ccccc3)(C(=O)N(C)C)CC2)s1,3.182091
CCc1nc2c(C)cc(N3CCN(CC(=O)N4CC(O)C4)CC3)cn2c1N(C)c1nc(-c2ccc(F)cc2)c(C#N)s1,2.746011
C[C@@H]1CCN(C(=O)CC#N)C[C@@H]1N(C)c1ncnc2[nH]ccc12,2.07759
CN(C)C(=O)C1(Cc2ccccc2-c2ccccc2)CCN(C(=O)C2CCCO2)CC1,3.377909
CC(=O)Nc1ccc(C(=O)N2CCCCC2c2nc(N)ncc2-c2ccc(Cl)cc2)cc1,2.808125
CC(=O)Nc1ccc(C(=O)N2CCCCC2c2nc(N)ncc2-c2cccc(Cl)c2)cc1,2.81343
O=C1CN(c2ccc(Nc3nccc(C(F)(F)F)n3)cn2)CCN1,1.387408
O=C1NCCN(C(=O)c2ccc3nccn3c2)C1c1ccccc1C(F)(F)F,1.573811
Cc1cc(F)ccc1C1C(=O)NCCN1C(=O)c1ccc2nccn2c1,1.442448
O=C1NCCN(C(=O)c2ccncc2)C1c1ccccc1Cl,1.968889
C[C@@H]1CN(C(=O)CC(c2ccccc2)c2ccccc2)C[C@H](C)O1,3.27868
CN1[C@@H]2CC[C@H]1C[C@H](OC(c1ccccc1)c1ccccc1)C2,3.037733
CC(C)(C)C(=O)N1CCC(Cc2ccc(-c3cccs3)cc2)(C(=O)N2CCCC2)CC1,3.158208
OC[C@H](Nc1cncc(-c2ccc3[nH]ncc3n2)c1)c1ccccc1,2.518684
Cc1ncsc1C(=O)N1CCCCC1c1nc(N(C)C)ncc1-c1cccc(Cl)c1,3.077712
OCC1CCCCN1Cc1ccc(Cl)c(Cl)c1,2.476101
CC(=O)N1CCN(c2nc(C(F)(F)F)nc3sc(C)c(C)c23)CC1,2.33562
COc1ccccc1C(=O)Nc1ccc2cc[nH]c2c1,2.69125
c1ccc(Oc2cccc(CN(CCN3CCOCC3)Cc3cccnc3)c2)cc1,3.588207
COc1ccc([C@H]2CN(C(C)=O)[C@@H]3CCCN(Cc4cccc(F)c4)[C@H]23)cc1,3.29354
Cc1c(C(=O)NCCCN(C)C)sc2ncnc(Nc3ccc(F)cc3OC(C)C)c12,1.719091
OCC1CCCCN1Cc1ccc(-c2ccccc2)cc1,3.346903
Nc1ncc(C(=O)NC2CN(C(=O)C3CC3)C2)c2ccc(-c3cccc(F)c3)nc12,1.470308
CC1(C)CC(Oc2ccc(-c3ccc(-c4cn[nH]c4)cc3O)nn2)CC(C)(C)N1,1.617409
Cc1nnc(-c2ccc3occ(-c4ccc(S(C)=O)cc4)c3c2)o1,1.788882
Cc1ncsc1C(=O)N1CCCCC1c1nc(N)ncc1-c1cccc(C(F)(F)F)c1,2.761853
O=C(Nc1ccc2ccccc2n1)c1ccc(N2CCOC2=O)cc1,1.659098
O=C(CCNC(=O)c1ccc(OC(F)(F)F)cc1)N[C@@H]1CCCc2ccccc21,2.901308
O=S(=O)(c1cccc2cnccc12)N1CCCNCC1,2.014997
C=CC(=O)Nc1cccc(Oc2nc(Nc3ccc(N4CCN(C)CC4)cc3)nc3ccoc23)c1,2.516764
CCN1CCN(S(=O)(=O)Cc2ccc(Cl)c(Cl)c2)CC1,3.159066
O=C(Nc1nc2cccc(-c3ccc(CN4CCS(=O)(=O)CC4)cc3)n2n1)C1CC1,1.286883
CCn1c(CO)nn(-c2cc(O[C@@H](C)C(F)(F)F)c(C(=O)Nc3c(F)cccc3Cl)cc2F)c1=O,2.243927
CCN(C/C=C\c1ccc(C2CCCCC2)c(Cl)c1)C1CCCCC1,2.771252
NCCN1CCN(C/C=C/C(=O)N2CCC[C@@H](n3nc(-c4ccc(Oc5ccccc5)cc4)c4c(N)ncnc43)C2)CC1,1.697299
Cn1c(C2CC2)nc2c1CCN(c1ncnc3ccsc13)C2,3.038396
CC/C(=C(\c1ccccc1)c1ccc(OCCN(C)C)cc1)c1ccccc1,2.199854
COc1nn(C)cc1C(=O)Nc1cccc2cnccc12,2.255957
CNC(=O)C1(Cc2ccc(-c3ccncc3)cc2)CCN(Cc2cccc(F)c2)C1,2.949897
Cc1ncc(CN2CCC(Nc3ccc4nnnn4n3)C(C)C2)s1,2.088001
Cc1nc(Nc2nccs2)cc(C2CN(c3ncccn3)C2)n1,1.870152
COc1ccc(Nc2c(C#N)cnc3cc(OC)c(OC)cc23)cc1Cl,2.759158
COc1ccc(CCCN2CCN(c3cnn(C)c3)C(=O)C2)cc1F,1.644537
Cc1noc(C(C)C)c1C(=O)N1CC(C)OC(c2ccccc2)C1,3.206828
CN(Cc1ccccc1)C1(C(=O)N2CCNC(=O)CC2)Cc2ccccc2C1,3.440209
Cc1c(F)cccc1NC(=O)CN1[C@H](Cc2ccccc2)C[C@]2(C)NC(=O)CCC[C@H]12,3.037958
CCC1=C(C)CN(C(=O)NCCc2ccc(S(=O)(=O)NC(=O)N[C@H]3CC[C@H](C)CC3)cc2)C1=O,2.484587
O=S(=O)(c1cccc2c(O)nccc12)N1CCCNCC1,2.280027
Cc1ccc(NC(=O)CN2[C@H](Cc3ccccc3)C[C@]3(C)NC(=O)CCC[C@H]23)cc1F,3.521284
CN(C)C(=O)C1(Cc2ccccc2-c2cccc(F)c2)CCN(C(=O)C2CC=CCC2)CC1,3.432739
COCC(=O)N1CCC(Cc2ccccc2-c2cccc(F)c2)(C(=O)NC(C)C)CC1,2.75749
COc1ccc(CNC(=O)c2sc3nc(C)cc(C)c3c2N)cc1,2.746921
C#C[C@@](C)(CC)NC(=O)c1cc(F)cnc1NC1CC(F)(F)C1,2.495929
Cn1cc(Nc2nc(N)nc(-c3cccc(-n4ccc5cc(C6CC6)cc(F)c5c4=O)c3CO)n2)cn1,1.578593
Cc1cnc(C(=O)NCCc2ccc(S(=O)(=O)NC(=O)NC3CCCCC3)cc2)cn1,1.02792
CNC(=O)C1(Cc2ccc(-c3cccnc3)cc2)CCN(Cc2ccc(F)cc2)C1,2.878799
CNC(=O)C1(Cc2ccc(-c3cccnc3)cc2)CCN(Cc2cccc(F)c2)C1,2.9921
CC(=O)Nc1ncc(CN2CCCC[C@@H]2C)s1,1.150111
O=C1CCCC[C@@H]2[C@H](C[C@@H](Cc3ccccc3F)N2C(=O)c2cccc3ncccc23)N1,2.602536
CCOc1cc(CC(=O)N[C@@H](CC(C)C)c2ccccc2N2CCCCC2)ccc1C(=O)O,2.33936
CC(O)(C#Cc1ccc2c(c1)N(c1nc(N)ncc1Cl)CC2)c1nccs1,2.51489
COCCc1noc(CN2CC(c3ccccc3)(c3ccccc3)CCC2=O)n1,3.302756
Cc1[nH]nc2c1C1(CCCCC1)CC(=O)N2,1.659203
Cc1oc2ccccc2c1CNc1nnc(-c2ccncc2)o1,2.149367
O=C(Nc1cccc2ncccc12)[C@H]1CCCN(S(=O)(=O)c2ccccc2)C1,2.736387
C[C@@H]1Cc2ccccc2N1C(=O)Cn1nc(-c2cccc3ncccc23)oc1=O,3.033484
Nc1ncnc2c1c(-c1cnc3[nH]ccc3c1)nn2C1CCCC1,3.082243
O=C(Nc1cnccc1-c1ccc(Cl)cc1)c1ccnc(NC(=O)C2CC2)c1,1.880242
CN1C(N)=N[C@](C)(c2cc(NC(=O)c3ccc(F)cn3)ccc2F)CS1(=O)=O,1.915521
CC1CN(C(=O)c2cccnc2N2CCOCC2)CC(c2ccccc2)O1,2.743158
CCCCNC(=O)NS(=O)(=O)c1ccc(C)cc1,1.02792
Cc1cc(Nc2cnccn2)cc(C2CCCN(CC(=O)N3CCCC3)C2)n1,1.994
Cc1cccnc1Nc1cccc(C2CCCN(CC(=O)Nc3nccs3)C2)n1,2.765264
CN(C)C(=O)C1(Cc2ccccc2-c2ccccc2)CCN(C(=O)c2cnn(C)c2)CC1,3.097607
CC1(C)CC(=O)C2=C(C1)NC(=O)CC2c1ccc(Br)cc1,2.392746
CN1CCN(S(=O)(=O)c2ccc(-c3cnc(N)c(C(=O)Nc4cccnc4)n3)cc2)CC1,2.8274
CNC(=O)C1(Cc2ccc(-c3cccnc3)cc2)CCN(Cc2ccccc2Cl)C1,2.747638
Cc1cc(N2CCCC2c2cc(CCC(=O)O)cc(C)n2)ncn1,1.02792
CCCNC(=O)NS(=O)(=O)c1ccc(Cl)cc1,1.180527
O=C(CN1CCCC(c2cccc(Cc3cccc(F)c3)n2)C1)N1CCCC1,3.058702
COc1cc2ncnc(Nc3cccc(O)c3)c2cc1OC,2.187092
Cc1cc(C)c2c(N)c(C(=O)NCc3ccc(Cl)cc3)sc2n1,3.188084
COCCNC(=O)c1ccnc(C2CCNCC2)c1,1.206124
COc1nc2sc(C(=O)NC3CC3)c(N)c2c(C)c1Cl,2.123093
CC1(CNC(=O)c2cncc(C3CCNCC3)n2)CCCO1,1.32842
Cc1cc(N2CCCC2)nc(C2CCCN(C)C2)n1,2.519928
O=C1NCCSc2c1sc1ccc(O)cc21,1.978327
CCn1cc(C(=O)O)c(=O)c2c(N)c(F)c(NC3CCCCC3)cc21,2.048927
CC1CCN([C@H](c2ccc(F)cc2)c2ccc([C@@H](C)C(=O)O)cc2-c2ccc(C(F)(F)F)cc2)CC1,1.247949
Cc1nc(C(=O)NCC(=O)O)c(O)c2ccc(Oc3ccccc3)cc12,1.02792
CC(=O)NCC(=O)N1[C@@H]2CC[C@H]1c1ccc(Nc3ncc(C(F)(F)F)c(NC4CCC4)n3)cc12,1.958473
O=C1CCC(=O)N1Cc1nc(C23CC4CC(CC(C4)C2)C3)cs1,3.144807
O=C(Nc1nc2c(s1)COc1ccccc1-2)c1cnc(Cl)c(Cl)c1,2.445192
COc1ccccc1Oc1c(NS(=O)(=O)c2ccc(C(C)(C)C)cc2)nc(-c2ncccn2)nc1OCCO,1.856221
CCCNS(=O)(=O)Nc1ncnc(OCCOc2ncc(Br)cn2)c1-c1ccc(Br)cc1,2.800316
CC(C)(C)c1ccc(C(=O)Nc2cn3cc(-n4ccnc4)ccc3n2)cc1,1.407561
O=C(Nc1nc2cc(C(F)(F)F)cc(NC3CC3)n2n1)c1cccnc1,1.598024
COc1cc(Nc2cc(-c3cccc(C#N)c3)ccn2)ccc1N1CCN(C)CC1,2.296617
COC(c1ccccc1)(c1ccccc1)[C@H](Oc1nc(C)cc(C)n1)C(=O)O,1.02792
CCS(=O)(=O)N1CCN(c2ccc(Nc3ncc(C(N)=O)c(NC4CC4)n3)cc2)CC1,1.559512
O=C(O)C1CN(Cc2ccc(OCc3ccc(Cl)c(Cl)c3)cc2)C1,1.02792
CC[C@@H]1[C@H](F)C(=O)N[C@@H]1COc1nccc2cc(C(N)=O)c(OC)cc12,2.33827
C[C@@]1(c2ncncc2F)NC(=O)c2cc(-c3cn[nH]c3)ccc21,1.542707
Cc1cc(F)c(C(=O)Nc2cccc(-c3nncn3C(C)C)n2)cc1-n1cnc(C2CC2)c1,1.775967
CC(C)(C)OC(=O)c1ccc(-n2[nH]cc(-n3ccnn3)c2=O)nc1,1.316264
C[C@H]1CN(C2COC2)CCN1c1ccc(Nc2cc(-c3ccnc(N4CCn5c(cc6c5CC(C)(C)C6)C4=O)c3CO)cn(C)c2=O)nc1,1.02792
Nc1ncc(-c2cc(C3C4CN(C5COC5)CC43)n(CC3CC3)n2)cc1C(F)(F)F,1.861122
NS(=O)(=O)C#Cc1ccccc1,1.02792
C=CC(=O)Nc1cccc(Nc2nc(Nc3ccc(OCCOC)cc3)ncc2F)c1,2.59168
C=CC(=O)Nc1cccc(Nc2nc(Nc3ccc(Oc4ccnc(C(=O)NC)c4)cc3)ncc2F)c1,2.508062
C=CC(=O)N(C)CCOc1c(N)ncnc1-c1cc(F)cc(NC(=O)c2ccc(C3CC3)cc2F)c1C,3.308929
CC#CC(=O)N1CCC[C@@H]1c1nc(-c2ccc(C(=O)Nc3ccccn3)cc2)c2c(N)nccn12,2.439157
N#CN1CCC[C@H](n2nc(-c3ccc(Oc4ccc(F)cc4F)cc3)c(C(N)=O)c2N)C1,1.833893
CC(=O)NCCNc1cc(Cl)nn2c(-c3cccc(S(=O)(=O)N(C)C)c3)c(C)nc12,2.901442
Cc1c[nH]c(=O)n1-c1ccc(C(=O)Nc2ccc3ccccc3n2)cc1,1.693999
CNC(=O)c1cccc(NC(=O)N2CCC(Oc3ccccc3Cl)CC2)c1,2.348908
COc1ccc(OCC(=O)Nc2cccc(Cl)c2N2CCN(C(C)=O)CC2)cc1,3.525185
c1ccc(-c2ccc(CN3CCCCCCC3)cc2)cc1,3.184624
CC(=O)N1CCN(c2c(Cl)cccc2NC(=O)COc2ccccc2Cl)CC1,3.553731
CCC(=O)N1CCN(c2ccc(Cl)cc2NC(=O)COc2ccccc2)CC1,3.264134
Cc1ccc(Oc2ccc(Cl)cc2NC(=O)CN(C)CC(=O)N(C)C)cc1,3.383449
O=C(c1sc(N2CCOCC2)nc1-c1ccccc1)N1CCCCC1,2.92679
Cc1ccccc1-c1nc(Cn2ccnc2C(C)C)c(C)o1,3.434259
CCc1nc2cc(-c3c(OC)cccc3OC)ccc2o1,3.575703
O=C(C1CCC(O)CC1)N1CCCN(c2ccc(F)cc2)CC1,2.313916
CCn1ncnc1-c1[nH]cnc1-c1ccccc1,1.681621
Cc1nnc(NCCc2ccc3c(c2)OCO3)c(C#N)c1C,2.970807
Cc1nc(N2CCn3ccnc3C2)c2cnn(C)c2n1,1.02792
Cc1cc(CN(C)Cc2cscn2)no1,1.397001
Cc1occc1C(=O)NCC(=O)Nc1nc2cc(Cl)ccc2n1C,2.2905
CCNC(=O)c1ccc(CS(C)(=O)=O)cc1,1.31492
c1ccc(-c2noc(NC3CC3)n2)cc1,2.2501
Cc1nn(C)c2sc(C(=O)N3CCC(C(=O)O)(c4ccccc4)CC3)cc12,1.02792
CCN(CC)Cc1ccc2cc(COC(=O)Nc3ccc(C(=O)NO)cc3)ccc2c1,2.355369
O=C(NCC1(c2ccc(F)cc2)CCOCC1)c1ccccn1,2.652404
COc1cc(OC)cc(-c2nnc(SCC(=O)Nc3cccc(C(=O)O)c3)s2)c1,1.684325
O=C(CSc1nccn1C1CC1)Nc1c(Cl)cc(Cl)cc1C(=O)O,2.309415
CCN1CCC(CNC(=O)c2cc(C)nc3cc(F)ccc23)CC1,1.02792
COc1ccc(CCC(=O)N2CCCNCC2)cc1,1.02792
Cc1cc(-c2cnn(CCNC(=O)c3sc(C)nc3C)c2C2CC2)on1,2.088444
O=C(CSc1nc2nc(O)cc(O)c2s1)c1ccc(-c2ccccc2)cc1,2.105738
C#CCNC(=O)CN1CCCN(C(=O)c2cccc(C)n2)CC1,1.194764
CN(C)c1ccc2c(c1)OCCN2C(=O)NCc1cccnc1,2.872878
O=C(NCc1ccc(CO)c(F)c1)Nc1ccccc1,1.317081
CCCOc1ccccc1C(=O)N1CC(Oc2cccc(OC)c2)C1,3.134907
O=C(c1ccc(-n2cccn2)nc1)N1CCN(c2ccccc2O)CC1,2.104364
COc1ccc(CCNCc2ccc(-c3ccccc3)o2)cc1OC,3.036853
CSCC(=O)N1CCN(C(=O)CSC)C2(CCCCC2)C1,2.938698
CCCCNC(=O)c1cccc2ncccc12,1.446832
COc1cccc(OCCCn2cncc2-c2cc3c(cc2C)n(C)c(=O)n3C)c1,2.546181
Cc1ccc(C(=O)N2CCN(C(=O)NCC(=O)N3CCCC3)CC2)cc1F,1.347584
COC(=O)c1c(C)[nH]c(C(=O)N(C)Cc2ccc(OC)c(F)c2)c1C,2.771466
Cc1cc(OCC(=O)N(C)C2CCCCCCC2)no1,3.345284
CC(C)CNc1nnc(SCc2ccncc2)s1,2.800071
COc1c(C)cccc1CN1CCC(O)(c2ccc(F)cc2)CC1,3.106687
Cc1nn(-c2ccc(C(=O)O)cc2C#Cc2ccccc2)c(C)c1C,2.774356
Cc1cc(C)nc(Nc2ccc(C3CCCN(CC(=O)N4CCCC4)C3)nc2)n1,2.072026
CCc1nc2ccccc2n1CC(=O)N1CCNC(=O)C1,1.02792
O=C1Nc2ccccc2O[C@H]2C[C@@H]1N(CC1CC1)C2,2.575854
CCN(C/C=C/c1ccc(F)cc1)Cc1nc(COC)no1,2.935639
CC(=O)Nc1ccc2nc(C)cc(O)c2c1,1.02792
O=C(NC[C@@H]1CCN(c2ccccc2)C1)N1CCc2ccccc2C1,3.335113
CC1CCN(CCNC(=O)c2ccncc2)CC1,2.690079
CCN1CCC(N(C)c2ncnc3c2cnn3C)CC1,1.567955
CN(CC#N)C(=O)c1cccc(CN2CCCC2)c1,2.508392
Cc1cc2nc(CCC(=O)N3CCC(c4ccc(C(=O)N(C)C)c(N)n4)CC3)[nH]c2cc1C,2.505621
O=C(c1cc2ccccc2[nH]1)N1C[C@@H](O)[C@H](N2CCOCC2)C1,1.246695
CNC(=O)C1CCN(Cc2ncc(-c3ccc(F)cc3)o2)CC1,1.050959
COc1ccc(C)cc1NC(=O)CN1CCc2ccccc2C1,3.365993
O=C(CCOc1ccccc1)N1CCCC1,1.932301
c1ccc(-c2n[nH]c(C3CCN(c4ccccn4)CC3)n2)cc1,2.643253
COc1ccc(-n2cc3c(c2-c2ccccc2Br)c(=O)n(C)c(=O)n3C)cc1,2.717139
CC(=O)N1CCC[C@H]1C(=O)Nc1cccc(OC(F)F)c1,1.497593
COc1ccc(CN2CCC(c3nc(C(C)C)no3)CC2)c(F)c1,3.233033
Cc1nnc(NCC(=O)N2CCc3sccc3C2)c(C#N)c1C,2.425751
CCNC(=O)C1CN(c2cccc(C#N)n2)C1,1.02792
O[C@@H]1C[C@@H](c2nc(-c3ccccc3)no2)N(Cc2ccccc2)C1,2.958203
CCCn1cc(C(=O)N2CCC(c3n[nH]cc3C(=O)N(C)Cc3ccccc3)CC2)cn1,2.749314
c1ccc(CO[C@@H]2CCC[C@H]2n2cc(-c3nccs3)nn2)cc1,3.479501
Cc1cc(C(=O)N(C)Cc2ccc(Br)cc2)no1,2.97362
NCc1cccc(C(=O)N2CCCC2)c1,1.02792
Cc1ncsc1CN1CCCN(c2nc3ccccc3[nH]2)CC1,2.714159
Cc1ccccc1CNC(=O)c1ccc(-n2ccnc2)nc1,1.548119
O=C(NCc1cnn(-c2ccccc2)c1)C1CCC1,2.066967
CNC(=O)c1ccc(N2CCCC2)nc1,1.764296
Cc1cc(C)nc(N(C)CC(=O)NC2CC2)n1,1.364007
Cc1cc(C(=O)Nc2cccc3ncccc23)on1,1.044305
CN(c1ncnc2c1cnn2CCO)C1CCCCC1,1.889178
NS(=O)(=O)OC[C@@H]1C[C@@H](n2ccc3c(N[C@H]4CCc5ccccc54)ncnc32)C[C@@H]1O,2.832522
CN1CCN(c2ccc(NC(=O)c3ccccc3Cl)nc2)CC1,2.543335
Cc1cc(OCc2ncc(C(C)(C)C)o2)nn1C,2.81638
Clc1cccc(CNc2nc(C3CC3)no2)c1,2.218144
Cc1ccc(-c2nc(NCc3ccco3)ncc2-c2cc(C)no2)cn1,2.691941
O=C(c1ccccc1F)N1CCC[C@@H]1Cn1nnn(-c2cccs2)c1=O,3.094086
COc1nc(C)nc(N(C)Cc2nccs2)c1C,2.706251
O=C(c1ccc2c(c1)OCO2)N1CCC(c2n[nH]c(C3CC3)n2)CC1,1.64953
CN(Cc1cccc(C#N)c1)Cc1ccccc1C#N,3.625142
CN1CCN(Cc2noc(Cc3ccccc3)n2)c2ccccc21,3.300818
COc1ccc(C2(NCc3ccc(N4CCCC4=O)cc3)CC2)cc1,2.425389
O=C(c1cccnc1)N1CCCC(c2cccc(-c3cccc(Cl)c3)n2)C1,3.102706
CNC(=O)c1ccc(N(C)C2CCC2)nn1,1.605596
CC#CCNc1ccc(-n2cnnn2)c(C)c1,2.116618
Nc1nc2ccccc2nc1N1CCCC1,2.527158
CCn1c(=O)n(CC)c2cc(N)ccc21,1.300921
Cc1cc(N2CCCCC2)nc(CNC(=O)c2ccccc2Cl)n1,3.001874
COc1ccccc1C(=O)NCc1nc(C)cc(N2CCCCC2)n1,3.021417
CCc1nnc(NC(=O)Cc2cccc(F)c2)s1,1.88265
O=C(CN1CCCN(c2ccc(C(F)(F)F)cn2)CC1)Nc1ccccc1F,3.040662
Cc1cccc(NC(=O)CN2CCCN(c3ccc(C(F)(F)F)cn3)CC2)c1,2.859453
O=C(CN1CCCN(c2nccs2)CC1)Nc1cccc(Cl)c1,3.290219
COc1ccccc1NC(=O)CN1CCCN(c2nc(C)cs2)CC1,3.290326
CC(C)(C)c1cc(NC(=O)c2cccc3cn[nH]c23)[nH]n1,2.245922
Cc1ccccc1OCCCNc1cc(Cn2c(C)nc3ccccc32)nc(N)n1,3.327468
COc1ccc(-c2cccc(C3CCCN(CC(=O)Nc4ccccn4)C3)n2)cc1,3.345797
O=C1CCCN1CCc1nc(-c2ccc3[nH]c(=O)oc3c2)cs1,1.818912
Cc1noc(C)c1C(=O)N1CCCN(c2ccc(F)cc2)CC1,2.753003
COCC1CCN(c2noc(-c3cccs3)n2)CC1,2.511771
NC(=O)COc1ccccc1-c1ccccc1,1.878757
Cc1nc(C)c(C)c(NCc2cc(-c3ccc(F)cc3)no2)n1,2.384556
Cc1cccn(Cc2cccc(F)c2)c1=O,1.857248
C[C@@H](C(=O)N1CCCC1)N1CCC(n2c(=O)[nH]c3ccccc32)CC1,1.809267
Cn1cc(-c2ccc(-c3cncc(Cl)c3N3CCC4(CCNC4=O)CC3)cc2)cn1,2.487878
Cc1ccc(-c2cn(CC3CCN(Cc4c[nH]c(C)n4)CC3)nn2)cc1,1.510451
Clc1ccc2c(Oc3cccnc3)ncnc2c1,1.671839
CC(C)(C)c1csc(NC(=O)C2CC2)n1,1.949546
Cc1ccc(C(=O)Nc2ncccc2C)s1,1.5388
CC(C)(C)C(=O)N1CCN(C(=O)CCN2CCOC2=O)CC1,1.02792
COc1ccc(Cc2cccc(C3CCN(C(=O)C4CCCC4)CC3)n2)cc1,2.945827
O=C([C@H]1CCCN(Cc2ccc(Cl)cc2)C1)N1CCc2ccccc2C1,3.5846
O=C(Cn1c(=O)c2cccn2c2ccccc21)NCCCN1CCCC1,2.802245
O=C(CCCc1nnc(-c2ccccc2)o1)Nc1cccc2ccccc12,3.061236
CN(CC(=O)NC1(C#N)CCCCC1)c1cccc(C#N)c1,2.845618
Cc1nc(C2(NCc3cccc(C#N)c3)CCCC2)no1,2.702889
CN(CCC1CCCCC1)C(=O)c1ccon1,2.98772
CN(C)Cc1cccc(N/C(=C2\C(=O)Nc3cc(C(=O)N(C)C)ccc32)c2ccccc2)c1,2.180696
CC(C)c1cnn2c(NCc3ccccc3)cc(NCCCCCCN)nc12,2.321514
COc1cc(C(C)C)c2c(c1)S(=O)(=O)N(COc1cc(=O)n3cccc(OCCN4CCCCC4)c3n1)C2=O,2.397159
O=C(O)c1ccc(N2CCCC2)c(F)c1,1.159868
Cc1cc(C)cc(Oc2cc(C#N)ccn2)c1,2.33028
Cc1cc(NC(=O)C2CCOCC2)sn1,1.02792
O=C(CC1CCNCC1)NCCc1ccccc1F,1.341157
N#Cc1ccc(-c2csc(CCN3CCCC3=O)n2)cc1,1.82857
N#Cc1cccc(CN2CCC=C(CNC(=O)c3cccs3)C2)c1,2.645034
CON(C)C(=O)c1cc(C)ccc1NS(C)(=O)=O,1.02792
C#CCN1CCC(c2nc(Cc3noc(C)n3)no2)CC1,1.107108
Cc1ccc(Cn2nccc2NC(=O)c2ccncc2)o1,2.33028
NC(=O)Cn1cc(-c2ccc(F)cc2)cn1,1.02792
CCN(C(=O)CN1CCNC(=O)C1)c1ccc(F)cc1,1.02792
Cc1ccc(NC(=O)CN2CCCN(c3ccc(C(F)(F)F)cn3)CC2)c(F)c1,2.808265
CN(C)[C@@H]1CN(C(=O)CCn2cnc3ccccc32)C[C@H]1O,1.487167
N#Cc1cc(F)c(C(=O)Nc2ccnc(NC(=O)[C@H]3C[C@H]3F)c2)c(Cl)c1,1.02792
CNC(=O)Cc1csc(-c2ccc(C)cc2)n1,3.002748
COc1ccccc1CNC(=O)C(C)N1CCCN(c2ccccc2C#N)CC1,3.604436
CON(C)C(=O)c1cc2ccc(C(C)(C)C)cc2[nH]1,2.537114
CCN(CC)Cc1cccc(/C=C/c2nc3ccc(F)cc3c(=O)n2-c2ccccc2Cl)n1,2.712295
N#CCCN(c1ncnc2sccc12)C1CC1,2.364157
Cc1ccc2nc3c(c(C(=O)NCc4nnc5n4CCC5)c2c1)CCCC3,1.458955
O=c1n(CCc2ccncc2)nnn1-c1ccccc1,1.814254
CCCCOc1ccc(C(=O)NCc2cc(C)on2)cc1,2.624314
COc1cccc(C(=O)C[n+]2cc(-c3ccc(F)cc3)n(C)c2N)c1,1.655196
COc1ccc(Cc2ncnn2-c2ccc3c(c2)OCO3)c(OC)c1,3.482677
O=c1[nH]nc(CCCN2CCOCC2)n1-c1cccc(Cl)c1,1.449062
Nc1cncc(-c2ccc(CN3CCCCC3)cc2)c1,1.750817
O=C(CN1CCCC(c2ccc3cn[nH]c3n2)C1)N1CCCC1,2.527647
COc1cccc2c1OC(C)(C)[C@@H]1C[C@H]3CNCC[C@H]3O[C@@H]21,1.711993
CC1(C)Oc2ccc(Cl)cc2[C@@H]2O[C@@H]3CCNC[C@@H]3C[C@H]21,2.0108
CC(C)c1nccn1-c1cccc([C@@H]2CCCN2C(=O)CCc2ccccc2)n1,3.023324
CCn1nc(C2CCCC2)nc1-c1ccncc1,2.56768
O=C([C@H]1CCCN(Cc2ccc(F)cc2)C1)N1CCc2ccccc2C1,3.563233
CC1(C)Cc2cc(NC(=O)c3cnn4cccnc34)c(N3CCN(CC(F)F)CC3)nc2O1,2.08385
CC(C)(C)NC(=O)c1cncn1C1CCN(c2ccc(-c3nnc(C(F)(F)F)o3)cn2)CC1,1.402399
COc1ccc(-n2c(Cn3cnc(C#N)n3)nc3ccccc32)cc1,2.821993
CCOC(=O)N1CCN(C(=O)c2ccc3c(c2)OCO3)CC1,2.048216
Cc1nc(NCc2scnc2C)n(C)n1,1.02792
CCn1cc(C2CCN(Cc3ccc(C#N)cc3)CC2)cn1,2.273439
CCCn1nccc1NC(=O)c1c(C)noc1C,1.02792
CCc1cc2c(N(C)CCO)ncnc2s1,2.14273
c1cnc(N2CCC(Cc3ccncc3)CC2)nc1,2.164121
Cc1cc(C)n(CCNC(=O)NC2CCOCC2)n1,1.02792
CCNC(=O)c1cc(C2CC2)nc2c1c(C)nn2-c1ccccn1,1.84926
CC(=O)Nc1ccc2nc(N3CCOCC3)sc2c1,1.364476
Cc1ccc(CNC/C=C/c2ccccc2)cn1,2.613243
CC(C)(C)n1ncc(OCc2ccc(OCCOCCO)nc2)c(Cl)c1=O,1.945099
CC(=O)Nc1ccc(Oc2ncnc3scc(-c4ccccc4)c23)cc1,2.641758
CCCNC(=O)C1(Cc2ccccn2)CCOCC1,1.02792
CC1(c2ccn[nH]2)CCN(Cc2ccco2)CC1,1.883031
CCCn1cc(C(=O)N2CCC(c3n[nH]cc3C(=O)N3CCOCC3)CC2)cn1,1.057932
O=C(c1ccc2[nH]ccc2c1)N1CCCC(c2cccc(-c3ccc(F)cc3)n2)C1,2.756505
CCCCC1=NC2(CCCC2)C(=O)N1Cc1ccc(-c2ccccc2-c2nn[nH]n2)cc1,2.177972
Cc1cc(Nc2ccc3c(c2)oc(=O)n3C)nc(C2CC2)n1,2.201684
O=C(Cc1c(F)cccc1Cl)Nc1cccc2cnccc12,2.458866
CCc1ccc(NC(=O)C2CCN(c3ccc4nncn4n3)CC2)cc1,1.539415
CN(C)CCOc1ccc(-c2nc(-c3ccncc3)c(-c3ccc4c(c3)CC/C4=N\O)[nH]2)cc1,2.232536
O=C(NCc1ccc(-n2cncn2)nc1)c1csc2c1CCCC2,2.29321
Cc1sc2ncnc(OCC(=O)NC3CCCCC3)c2c1C,2.576675
Cc1nc(C(C)C)sc1C(=O)Nc1nc(C(C)(C)C)cs1,2.600217
CCOC(=O)c1c(C)[nH]c(CN(Cc2ccccc2)C(=O)c2ccccc2Cl)c1C,3.172364
Cc1cc(C)n2ncc(C(=O)Nc3cccc(C(=O)O)c3)c2n1,1.02792
Cc1ccc2nc(-c3ccc(N(C)C)cc3)[nH]c2c1,3.402485
Cc1nc(CC2CCN(S(=O)(=O)c3cn(C)cn3)CC2)cc(NC2CCCC2)n1,1.958626
CCC(CC)NC(=O)c1ccc2ncsc2c1,1.311288
O=C1CNC(=O)N1CCCN1CCc2sccc2C1,1.456563
CCCc1nc(N2CCc3ccccc3C2)ncc1C(=O)O,1.594238
Cc1nc(CCN2C(=O)NC(C)(C)C2=O)cs1,1.33694
COc1ccc(N2N=C(C)/C(=C(\C)Nc3ccc(S(N)(=O)=O)cc3)C2=O)cc1,1.593895
c1ccc(OCc2cc(CC3(NCc4cnc5ccccc5c4)COC3)no2)cc1,3.102773
Cc1nn(C)cc1CNc1nc(-c2cnccn2)nc2sc3c(c12)CCCC3,3.382336
CCOc1ccc(-c2csc(N)n2)cc1,2.528737
CN(C)c1cccc(C(=O)N2CCCC(c3cccc(-c4cccs4)n3)C2)c1,3.559496
CNc1ncc(-c2nc(C3(c4ccccc4)CC3)nn2C(C)(C)C)cn1,2.943585
N#Cc1ccc(OCCn2cccn2)cc1,1.02792
OC[C@@H](c1ccccc1)n1cc(CCc2ccccc2)nn1,2.841328
CC(C)CC(=O)Nc1cccnc1N(C)C,1.762746
Cc1nccc(-c2cccc(-n3ccnc3C(C)C)c2)n1,2.698558
CN(Cc1cnn(C)c1)c1ncnc2c1oc1ccccc12,2.703378
Cc1cccc(NC(=O)c2cccnc2N2CCCCC2)n1,3.221679
Clc1snnc1CN1CCCN(c2nc3ccccc3[nH]2)CC1,3.159559
COc1ccc(S(=O)(=O)CCC(=O)Nc2ccc3c(c2)N(C)C(=O)CO3)cc1,2.037928
CC(C)c1nc2c(n1C)CCN(c1ncnc3ccsc13)C2,2.753205
Cc1ccnc(NC(=O)CN(C)C(=O)c2ccc(Cl)cc2)c1,2.192308
c1ccc(-n2cc(CNc3ncccn3)cn2)cc1,2.25801
Cc1cc(C)c(C#N)c(N2CCN(CC(=O)Nc3ccccc3Cl)CC2)n1,2.905398
O=C(NCCCn1ccnc1)N1CCC12CCC2,1.444591
Cc1nccc(-c2ccc(-c3noc(CN4CCOCC4)n3)cc2)n1,2.025912
COCCc1nc(-c2cnc(C3CC3)nc2)n(Cc2ccc(F)cc2)n1,3.014742
O=C(NCc1nnc2c(O)nccn12)C1CCCC1,1.02792
CN(C)C(=O)COc1ccc(N)c(F)c1,1.02792
COc1ccc(Br)c(-c2nnc(N)o2)c1,1.772439
CCCn1ccnc1CNc1nc2c(s1)c(C)nn2C,2.109912
Cc1nn(C)c2nc(N3CCN(C)C[C@@H]3c3ccccc3)sc12,2.704211
Cc1cn[nH]c1C1(C)CCN(Cc2cnn(C)c2)CC1,1.898319
Cc1nc2ccccn2c1CC(=O)NCCCSc1ccccc1,3.101632
COc1ccccc1CNC(=O)c1cnc(C2CCN(C(=O)C(C)(C)C)CC2)nc1C,3.471999
CCOC(=O)N1CCC(Nc2nc3ccccc3s2)CC1,2.467858
CCOc1ccc(-c2ccccc2NC(=O)COC)cc1,3.623537
Cc1ccc(-n2nc(C(=O)N3CC(O)C3)c3c2CCCC3)cc1,2.259804
CNC(=O)c1cnc(/C=C/c2csc(-c3cccs3)n2)s1,2.335905
Cc1ccc(-c2nc(C(=O)N3CCc4ccccc4C3)cs2)o1,3.556918
FC(F)(F)c1nc(Nc2ccc(-n3cnnn3)cc2)c2ccccc2n1,1.02792
CC(=O)NC1CCN(Cc2cccc(-c3cccnc3)c2)CC1,1.626494
Cc1cc(C)c(NC(=O)c2ccnc(OC3CCC3)c2)c(C)n1,1.735024
Cn1c(-c2ccccc2)cnc1NCc1ccccc1,3.526666
Cc1ccc(-c2cc(NC(=O)CN3CCOCC3)on2)cc1,1.851154
COc1ccc2c(c1)C=C(CN1CCC(c3cc(-c4ccc(N)nc4)cc(C)n3)CC1)CO2,2.227154
CCc1nnnn1Cc1noc2c1CCCC2,1.782852
CSCCc1nc(-c2cc(C)nc3cc(F)ccc23)n(CCO)n1,2.166386
CCOc1ncccc1-c1cc(Cl)ccc1O,2.815365
Cc1nc(NC(c2nccn2C)C2CC2)c2sccc2n1,2.504395
Cc1cc(C(=O)N(C)C2CCC2)n2nccc2n1,1.02792
CCCn1ncc2ccc(C3CCCN(CC(=O)N4CCCC4)C3)nc21,2.461072
CC1CCC(NC(=O)c2oc3ccccc3c2CS(C)=O)CC1,2.188841
CCN(c1cc(-c2ccc(CN3CCOCC3)cc2)cc(C(=O)NCc2c(C)cc(C)nc2O)c1C)C1CCOCC1,2.720531
Cn1cc(NC(=O)c2ccccc2C(F)(F)F)cn1,1.02792
CN(Cc1n[nH]c2c1CCCC2)c1nccnc1C#N,3.057486
COc1ccc2c(c1)CN(C(=O)c1cc(C3CC3)[nH]n1)CC2,3.456797
COc1ccc(C(=O)c2ccccc2)c(Oc2nc3c(c(=O)n(C)c(=O)n3C)n2C)c1,3.17945
COc1ccc(OC)c(-c2cc(C(=O)N3CCCN(C(C)=O)CC3)no2)c1,2.330373
Cc1cc(C)cc(C(=O)Nc2nn(C(C)(C)C)cc2C#N)c1,2.430891
CC(C)CC(=O)NCC(=O)N1CCCC1,1.02792
Cc1nnc(N2CC[C@H](O)C2)c(C#N)c1C,1.02792
Cc1ccc(Cn2nc(C(=O)N[C@@H]3C(C)(C)[C@@H]4CC[C@@]3(C)C4)cc2-c2ccc(Cl)c(C)c2)cc1,2.830243
Cc1cccc(-c2ncc(CNCc3ccccc3-n3cccn3)cn2)c1,3.53761
COc1cccc(OC)c1-c1cc(C(=O)N[C@@H](CC(C)C)C(=O)O)nn1-c1ccnc2cc(Cl)ccc12,2.03444
Clc1ccc(-c2ccc(CNCC3CCCO3)o2)c(Cl)c1,3.019743
O=C(c1cccc(Cl)c1)N1CCN(C(=O)c2ccc3ccccc3c2O)CC1,2.220213
CN(C)C(=O)CN1CCN(C(=O)c2ccc3ccccc3c2O)CC1,1.02792
NC(=O)C1(Cc2ccc(-c3cccnc3)cc2)CCN(Cc2cccc(Cl)c2)CC1,3.134704
CN(CC(=O)Nc1cccc(F)c1)C(=O)c1cccc(C#N)c1,2.117891
CC(=O)N1CCC(Nc2ncnc3cc(-c4ccc(Br)cc4)sc23)CC1,1.635906
Cc1cc(NC2CCCC2)nc(C2CCNCC2)n1,1.395309
COC(=O)CC1=NN(c2ccc(OC)cc2)C(=O)/C1=C(/C)NCc1ccc(OC)cc1,2.701906
Cc1ccc2nc(C)c(C(=O)N3CCC(C(=O)Nc4ccncc4)CC3)cc2c1,1.844868
Cn1cc(C2CCN(CC(=O)N3CCc4sccc4C3)CC2)cn1,2.098872
O=C(CCN1C(=O)CCC1=O)Nc1cccc2ncccc12,1.02792
CCc1ccccc1NC(=O)Cn1nc(C)cc1C,1.977477
O=C(Cc1ccc(Cl)cc1)NCc1ccncc1,1.555361
CC(C)n1cc(-c2ccc3c(c2)N(C)CC3)c2c(NS(=O)(=O)c3ccn(C)n3)ccnc21,2.061022
O=C(Cc1cccc2ccccc12)NCc1nnc2n1-c1ccccc1CC2,3.238495
Cc1nc(-c2ccccc2)ccc1C(=O)N1CCCS1(=O)=O,1.982488
Cc1cccnc1NC(=O)CCn1cnc2ccccc21,1.02792
CNC(=O)c1ccc(CN(C)c2c(F)cc(C#N)cc2F)cc1,2.375841
CC(C(=O)Nc1ccccc1)N1CCCN(c2nccs2)CC1,3.304633
O=C1CCCN1c1ccc(CN2CCC(c3noc4cc(F)ccc34)CC2)cc1,2.036226
Brc1ccc(-c2nnc(Cn3cnc4ccccc43)o2)o1,1.613704
Cc1cc(NC(=O)CCc2cnn(C)c2)c2ccccc2n1,1.397592
CCc1noc(C2CCC(NCC3CCC(F)(F)CC3)CC2)n1,2.379492
COC(=O)N1CCCN(C(=O)c2ccc(-c3ccccc3Cl)o2)CC1,3.685873
CCCCc1nc2cc(/C=C/C(=O)NO)ccc2n1CCN(CC)CC,2.562956
COc1ccc(F)c(CN2CCC(Cc3noc(C)n3)CC2)c1,2.420098
Cc1ccc(C)c(-n2c(S)nnc2-c2ccc(O)cc2)c1,2.214542
CCN1CCC(Nc2ncnc3c2cnn3C)CC1,1.340266
CN(CC1CCCC1)C(=O)Nc1ccccc1N1CCOC1=O,2.732929
Cc1nccn1CCNC(=O)C(C)(C)C,1.02792
O=C(NCCc1ccc2c(c1)OCCO2)c1ccc2ccccc2n1,3.289149
CC(C)(C)c1csc(CCNC(=O)N2CCSCC2)n1,2.980318
CS(=O)(=O)CCNc1ccc2ccc(F)cc2n1,1.883162
COc1cccc(NC(=O)CNc2cccc(-c3ccnc(C)n3)c2)c1,2.398681
O=S(=O)(Nc1cccc(-c2nc3ccccc3[nH]2)c1)c1ccc(Cl)cc1,3.468994
Cn1ncc2cc(-c3ccnc4[nH]ccc34)ccc21,2.838214
COc1cc(CNc2nnn[nH]2)cc(Br)c1OCc1ccc(Cl)cc1,1.872098
O=c1c(-c2ccc(F)cc2)c(-c2ccncc2)[nH]n1-c1ccc(Cl)cc1,1.02792
CCNC(=O)N1CCC(c2nc(-c3ccccc3)no2)CC1,1.650822
O=C(CCc1nnc(-c2ccsc2)o1)N1CCCc2cc(F)c(F)cc21,3.295659
Cn1ccnc1CCNC(=O)c1cccc2cccnc12,2.175721
COc1cc2c(cc1OC)-c1cc3ccc(OC)c(OC)c3c[n+]1CC2,1.368622
Cc1nn(C)c(C)c1CCC(=O)N1CCCc2ncccc21,2.652672
Nc1nc2ccccc2n1CCCc1ccccc1,2.665883
Cc1ccc2c(CC(=O)NCc3cccs3)coc2c1,3.401049
CC(=O)NC1(C(=O)N2CCCN(C3CC3)CC2)CCC(C)CC1,1.907669
O=C(c1cccc(CNc2ccc3nccnc3n2)c1)N1CCCCC1,2.162878
CC(C)CN(c1ncnc2c1cnn2C)C1CC1,2.538212
O=C(CCc1ccccc1)N1CCC(c2cccc(Cc3ccc(F)cc3)n2)CC1,3.630252
Cc1ccc(-c2ccc(-c3nccn3CCCn3cnnc3)o2)cc1,2.732886
CCc1cc(NCc2cccc(OCCOC)c2)ncn1,2.169907
Cn1ccnc1CN1CCN(Cc2ccc(F)cc2C#N)CC1,2.649663
Cn1c(=O)n(Cc2cccc(OC(F)F)c2)c2cnccc21,2.320597
CC(=O)N1CCN(C(=O)[C@H]2CCCCN2C(=O)OC(C)(C)C)CC1,1.02792
CCOC(=O)CNC(=O)c1ccc(O)cc1O,2.055921
N#CC1(C(=O)N2CCN(Cc3ccccn3)CC2)CCCCC1,2.90602
N#Cc1cccnc1NCCc1cn2c(n1)CCCC2,3.387243
CN(Cc1ccccc1)C(=O)c1ccc(-n2cccn2)nc1,3.697945
O=C(CC1CCN(c2ncc(Cl)cn2)CC1)N1CCOCC1,1.671108
Cc1sc2nc(CN3CCC(C)CC3)nc(N3CCN(c4cnccn4)CC3)c2c1C,3.295722
Cc1cc2cc(C(=O)N(C)CCC(=O)O)oc2cc1C,1.02792
Cc1ccncc1-c1ccc(-c2ccn[nH]2)cc1,1.81812
CN(CC1(O)CCCC1)c1ncccn1,2.120001
CCNC(=O)C1CN(c2nc(C3CC3)nc3c2CCC3)C1,1.299573
Cc1cc(-c2nnc3ccc4ccccc4n23)n(C)n1,1.307817
Cc1nn(C)c2ncc(C(=O)Nc3ccc4c(c3)CCO4)cc12,1.683101
CN(C)[C@@H]1CN(C(=O)c2cc3ccc(F)cc3[nH]2)C[C@H]1O,2.08192
Clc1ccc(NCc2ccoc2)nn1,1.02792
CCOCC(=O)NCc1cc(C2CC2)n(C2CCCC2)n1,2.42175
CCS(=O)(=O)Nc1ccc(Oc2ccc(F)cc2F)c(-c2cn(C)c(=O)c3[nH]ccc23)c1,1.173507
CN(C)C1(CNC(=O)N2CCCC(C)(C)CC2)CCOCC1,2.079156
CCc1noc(CN2CCCN(C(C)=O)c3ccccc32)n1,2.931719
Cn1ccc(CN2C(=O)c3ccccc3C2=O)cc1=O,1.08239
Cc1nc(Cn2ncc3ccccc3c2=O)cs1,2.010898
Cc1ncccc1CNc1nnc(C(C)(C)C)s1,1.284566
Cc1ncc2c(n1)CN(CCCc1nc3ccccc3o1)CC2,2.489812
COc1cc(Br)c(Nc2nc(-c3c(C)nc4ncccn34)cs2)c(Br)c1,2.714752
Cc1ccnc(-n2nccc2NC(=O)N2CCCN(C)CC2)c1,2.22909
O=C1Oc2nc3cc4c(cc3cc2CN1CCN1CCOCC1)OCO4,1.459543
Cc1nc2ccc(NC(=O)c3sc(-c4ccccn4)nc3C)cc2s1,1.585066
CCOc1ccc(C(=O)Nc2cnn(C3CCOCC3)c2)cn1,2.025298
Cc1nc(O)cc(C2CCN(c3cnccn3)CC2)n1,1.304081
COc1ccc(-c2c(C)n[nH]c2C)cn1,1.717878
CC(C)c1nc(O)c2nnn(C[C@@H]3CCCN(Cc4cccs4)C3)c2n1,2.999621
O=C(/C=C/c1ccc(Cl)cc1)N1CCC2(CC1)CN(Cc1ccc(Cl)c(Cl)c1)C(=O)O2,2.675677
Cc1cc(N)n(-c2ncnc3sc(C)c(-c4ccc(Cl)cc4)c23)n1,2.826105
CC(C)C[C@@H](C(N)=O)n1ccnc1-c1cccc2ccccc12,3.149882
Cc1nc(Cl)cc(Nc2cnn(C(C)(C)C)c2)n1,1.329967
CCc1ccc2nc(C)cc(C(=O)N3CC(c4cccnc4)C3)c2c1,2.816825
CC(C)(C)CC(=O)N1CCC(OCCCN)CC1,1.02792
CC(C)NC(=O)Cn1nnnc1C(C)(C)C,1.433482
CCn1nc(Cc2ccc(OC)cc2)nc1Cc1sc(C)nc1C,2.36694
CCONC(=O)c1cncn1-c1ccc(F)cc1,1.02792
O=C(Cn1nc2n(c1=O)-c1ccccc1C1=NCCN12)N1CCCc2ccccc21,3.223718
Cc1ccccc1OCCn1c(N)nc2ccccc21,3.2455
Cc1cccc(OC2CCN(CC(N)=O)CC2)c1,1.827318
Clc1cccc(-c2nnc(Cn3cnc4ccccc43)o2)c1,2.086189
COc1cc(F)ccc1-c1ncccc1NC(=O)C(C)C,1.410322
CCCN(C(=O)c1c(CC)noc1C)C1Cc2ccccc2C1,3.375868
O=C(c1ccccc1)N1CCN(C(=O)c2ccc(-c3ccccc3Cl)o2)CC1,2.647925
O=C(NCCN1C(=O)CSC1=O)c1cc(Cl)c2c(c1)OCO2,1.919015
CCc1ccc(-c2nccn2Cc2c(C)nn(CC)c2C)o1,3.480109
COc1ccc(Nc2ncnc3sccc23)c(OC)c1,2.781697
Cc1cccc(C(=O)NCC#Cc2ccccc2)n1,2.745873
CN(CCc1ccccn1)c1cnc2ccccc2n1,2.935338
Cc1ccc(Cn2nc(C)c(C(N)=O)c2Cl)cc1,2.554136
O=c1cc(CN2CCCCc3ccccc32)[nH]c2ccnn12,2.682067
O=C1CN(C(=O)c2cccc(Oc3cccc(C(F)(F)F)c3)c2)CCN1,1.820017
O=C(Nc1ccn(Cc2ccc(O)cc2C(F)(F)F)n1)c1c(F)cccc1F,2.641753
CC(C)CC(=O)N1CCC(Cc2cccc(-c3cncnc3)c2)(C(=O)NC(C)C)CC1,2.841433
Fc1ccc2[nH]c(CO[C@H]3CN(Cc4ccccc4)C[C@H]3F)nc2c1,2.987411
Cc1ccc(CN2CC[C@H](c3nnc(-c4ccccc4F)o3)C2)o1,2.897801
O=C(CSC1CCCC1)N1CCC(Cn2cccn2)CC1,2.873401
CN(C)C(=O)c1sc2nc(C3(C)CCN(c4ncccn4)CC3)ccc2c1N,2.047259
CSc1ccc(NC(=O)Cn2nc(C3CC3)ccc2=O)cc1,2.785974
Cc1ccc([C@@H]2N[C@@H](Cc3ccccc3)C(=O)N2C)o1,2.179914
Cc1nc2cc(NC(=O)CCc3c(C)nc4c(c(C)nn4C)c3C)ccc2o1,3.045181
O=C(NCCc1ccc2c(c1)OCO2)N1CCc2sccc2C1,3.095082
COc1ccc(C(=O)C2CCN(CC(=O)N(Cc3nc4c(c(=O)[nH]3)COCC4)CC3CC3)CC2)cc1,1.658355
N#Cc1cc(-c2n[nH]c(-c3ccncc3)n2)ccn1,2.109244
Cc1ccc(C(=O)Nc2ccccc2-c2ccccc2)o1,2.701628
CN(CCN1CCOC1=O)C(=O)c1cc2cc(Br)ccc2o1,2.031275
CC1(C)OCCn2c1nc1c(N3CCOCC3)nc(-c3cnc(N)nc3)nc12,1.415758
CC(=O)N1CCN(c2ncc(-c3cc(C)no3)c([C@H]3CCCO3)n2)CC1,1.359873
CCSCc1nc(N)c2ccccc2n1,2.081603
CNC(=O)c1sc2ncccc2c1[C@H]1CC[C@H](CNC(=O)COc2ccccc2)CC1,3.027396
O=C(C1CCC1)N1CCC(c2ncc(-c3ccc(F)c(F)c3)[nH]2)CC1,3.438004
CC(C)C(=O)Nc1ncn(Cc2cccnc2)n1,1.02792
Cc1csc(NC(=O)CCc2ccncc2)n1,1.65606
CSc1cccc(-c2ccccc2-c2nnc(C)o2)c1,3.391069
O=C(c1cc(-c2cccc(Cl)c2)on1)N1CCC(n2cccc2)CC1,2.437874
Nc1ccc2[nH]c(CCc3ccccc3)nc2c1,1.459423
Cc1ccc2c(C(=O)N(C)C)cc(-c3cnc(C(C)C)nc3)nc2c1C,2.92199
COc1ccc2nc(CN3CCC(O)(c4ccc(C)cc4)CC3)ccc2c1,2.800172
Fc1ccccc1CN1CCN(c2ncccn2)CC1,2.902896
CN(Cc1ccn(-c2ccccc2)n1)C(=O)c1ccc(O)nc1,1.02792
O=C(c1noc2c1CCCC2)N1CCN(c2ncccn2)CC1,3.464582
CN(Cc1ccc2c(c1)OCO2)Cc1ccccc1C#N,3.613145
CC1(C)O[C@@](C)([C@H]2CC3(CCNCC3)CO2)CC[C@@H]1O,1.02792
CC1(C)CN(CC(=O)NCC#N)c2cccc(Cl)c21,2.647294
Cc1ccc(C(=O)NC2CCN(CC#N)CC2)cc1Br,1.989468
Cc1nc(-c2ccc(Cl)c(Cl)c2)n(CC(C)(C)O)n1,1.02792
Cc1csc(N(C(=O)c2cc3c(C)nn(C)c3s2)C2CC2)n1,2.407189
CC(=O)Nc1cccc(OC(=O)N2CCOCC2)c1,1.02792
Cc1cccnc1CNc1ccc(C#N)cc1F,2.207171
CC(C)n1nccc1-c1ncccc1COc1cccc(O)c1C=O,2.854781
Cn1cc(NC(=O)[C@@H]2CCCCN2C(=O)OC(C)(C)C)cn1,1.449941
O=C(Nc1ccc(F)cc1F)N1CCn2c1nc1ccccc12,1.95472
O=C(Cn1c(-c2ccc(F)cc2)nc2ccccc21)N1CCOCC1,1.02792
C[C@@H](CO)Nc1nc(C(F)(F)F)nc2[nH]cnc12,1.02792
CC(=O)N1CCN(C(=O)c2ccc(-c3ccc(F)cc3)cc2F)CC1,1.300552
COCc1ccccc1CNc1ccc2cc(C#N)ccc2n1,2.63249
Cc1csc(CN(C)c2ccnc(N(C)C)n2)n1,2.737356
Cn1cc(C#N)cc1-c1nc(C2CC2)nn1CCc1ccccc1,3.271446
Nc1nnc(-c2ccc3c(c2)OCCO3)o1,1.78831
N#CCCCN1CCN(c2cc(C#N)ccn2)CC1,2.255198
CCc1ccccc1NC(=O)CCn1ccnc1-c1ccc2c(c1)OCO2,2.949837
CC(C)Cn1cnc2c1c(=O)[nH]c(=O)n2CC(C)C,1.86885
CCn1ccc2cc(C(=O)N3CCN(c4ccc(C)cc4)C(=O)C3)ccc21,2.415362
Cn1cc(-c2nnc(NCc3ccc4ccccc4c3)o2)cn1,1.665797
Cc1nn(C)c(C)c1NC(=O)CN1CCN(c2nccs2)CC1,1.156458
CCc1c(N)cnn1-c1ccccc1C,2.217908
Cn1ccc(C(=O)N2CCCC(c3cccc(-c4cccc(Cl)c4)n3)C2)n1,2.82564
CCN(CC)S(=O)(=O)c1ccc2c(c1)CCN2CC(=O)NCc1ccccc1F,3.254931
CNC(=O)CN(C)c1cccc(F)c1C#N,1.181958
O=C(Cc1csc(-c2ccccn2)n1)NC1CCCCCC1,3.358648
CN1C(=O)N(CC(=O)Nc2ccccc2-c2ccccc2)C(=O)C1(C)C,2.447496
Cc1nc(Cl)cc(Nc2ccc3c(c2)N(C)C(=O)CO3)n1,1.800428
COc1cc2nc(N)sc2cc1OC,1.09892
CCOC(=O)C1(Cc2cc(-c3ccc(F)cc3)no2)CCN(Cc2ccccc2O)CC1,2.897525
COc1cc(CN2CCC(c3ccnc(C)n3)CC2)ccc1F,1.867008
Oc1ccc(CN2CCN(c3cccc(Cl)c3)CC2)cc1,1.954305
CNC(=O)c1cn(C)nc1CC1CCN(Cc2cnc(-c3ccc(OC)cc3)nc2)CC1,1.377943
Cc1cc(Oc2ncccn2)ccc1NC(=O)c1c(C)oc(C)c1C,2.08662
Cc1ccc(NC(=O)c2cccc(N(C)C)c2)cc1NC(=O)c1ccc(O)cc1,2.48722
COc1cccc(-c2nc(C(=O)O)cs2)c1OC,1.02792
COc1ccc2c(c1)C=C(CN1CCC(c3cc(-c4cncnc4)cc(C)n3)CC1)CO2,2.302227
Cc1cc(N2CCN(C(=O)OC(C)(C)C)[C@H](C)C2)ncn1,2.094792
O=C(C(c1ccccc1)c1ccccc1)N1CCOCC(Cc2ccc3cnccc3c2)C1,2.814718
COc1ccc(OCC(=O)N2CCN(C)CC2)cc1,2.124426
CC(=O)N1CCN(C(=O)CCc2ccc(-c3ccccc3)[nH]2)CC1,1.775545
Cc1cc(NC(=O)c2cccs2)no1,2.899489
Cc1csc(N(C(=O)c2ccc(-n3cncn3)c(F)c2)C2CC2)n1,2.333149
COc1c(C)cnc(CN(C)S(N)(=O)=O)c1C,1.913729
CCc1ccccc1NC(=O)c1cc(C)nc2onc(C)c12,1.724874
Cc1cc(C(=O)N(C)Cc2ccsc2)no1,2.382701
OCCN1CCC(c2ccncn2)CC1,1.546259
CN(c1ncc(Br)cn1)C1CCS(=O)CC1,1.410541
CCc1ncnc(N(C)Cc2ccc(N)nc2)c1F,1.645648
COc1ncnc2c1CN(Cc1c[nH]nc1-c1ccc(F)cc1)CC2,2.322562
O=C(NCc1cc(F)cc(F)c1)c1ccccn1,1.713037
CN1CCC(n2ncc3[nH]c(-c4ccc5ccccc5c4)nc32)CC1,2.967423
O=C(Cc1ccc2c(c1)CCC2)Nc1nc2ccccc2o1,3.188676
Cc1cc(C(=O)Nc2c(C)nn(C(C)C)c2C)c2ccc(F)cc2n1,1.60414
COCc1cc(-c2nc(CCc3ccccc3)n[nH]2)ccc1OC,3.039765
Cc1nc(C)c2c(C)c(C(=O)N(C)CCN3CCCC3)sc2n1,1.891041
COc1ccccc1CNc1n[nH]c2nc([C@H]3CCCN(CC(=O)N4CCCC4)C3)ccc12,2.625247
Cc1ccc2nc3c(c(C(=O)NCc4cnn(C)c4)c2c1)CCCC3,1.869654
Clc1cc2ncc(-n3ccnc3)nc2cc1Cl,2.127701
CN(Cc1ccncc1)Cc1cc2ccccc2nc1O,2.345599
CCC(CC)NC(=O)c1cc(C)nc2onc(C)c12,1.02792
CCCN(C)C(=O)Nc1cccc(-c2nnc3n2CCCCC3)c1,1.647901
CN(CC(N)=O)Cc1cc2c(cc1Br)OCO2,2.511116
CC(C)c1nc2c(n1C)CCN(C(=O)c1cccc(C(F)(F)F)c1F)C2,2.376978
COc1cccc(-c2nc(-c3cccnc3)n[nH]2)c1,1.667714
CC(C)(C)c1ccc(CN2CCC(C(N)=O)CC2)cc1,2.159339
N#Cc1ccc(N2CCc3c(ncn3C3CC3)C2)nc1,1.804228
O=S(=O)(Cc1csc(C2CCCC2)n1)C1CCCC1,3.340825
N#Cc1cc(F)c(N2CCN(CCO)CC2)c(F)c1,1.02792
CC(C)c1nnc(CN2CCN(c3nccs3)CC2)o1,2.086755
O=C(NCc1cccnc1)c1cnn(-c2ccccc2)c1,1.419278
CC(=O)NCC1CCN(C(=O)c2ccc(C)nc2)CC1,1.02792
CC1CCN(C(=O)c2n[nH]c3ccccc23)CC1,2.96168
CN(Cc1cccnc1)Cc1ccc(C#N)o1,1.84304
Nc1nc(N)c2nc(-c3cccc(O)c3)c(-c3cccc(O)c3)nc2n1,2.058813
Cc1ccc(CCNC(=O)N2CC(C)(C)OC(C)(C)C2)cn1,1.882877
CS(=O)(=O)N(CC(=O)Nc1ccccc1C(=O)NCc1ccco1)c1ccc(F)cc1,3.046765
Cc1ccc(F)cc1CNc1cc(C(=O)N(C)C)ccn1,2.600481
COCCc1nc(CCCn2cccn2)n(C2Cc3ccccc3C2)n1,2.740063
Cn1nc(-c2cn(Cc3ccc(CO)cc3)nn2)c2c(Cl)cccc21,2.278978
CC(C)c1nnc(CNC(=O)C2(C)CCC2)n1C,1.02792
CSCC[C@@H](CO)n1ccnc1-c1oc2ccccc2c1C,3.301044
Cc1nn(-c2ccccn2)c2nc(C3CC3)cc(C(=O)O)c12,1.02792
CCc1nc(CC)n(Cc2nc(C)cs2)n1,1.600287
OCc1ccc(Cn2cc(-c3cc(F)ccc3-n3cccn3)nn2)cc1,2.057522
CC(C)[C@H](NC(=O)c1c(F)cccc1F)C(=O)N1CCOCC1,1.02792
Cc1nc(CC(=O)NCc2ccccc2)cs1,1.590697
O=C(Nc1ccc2c(c1)OCCCO2)c1cnn(Cc2ccccc2)c1,2.691961
CC(C)C(=O)N1CC(Cc2nccc3ccn(C)c23)C1,1.715351
COc1ccc(Nc2nc(N)nc(CN3CCN(Cc4ccccc4)CC3)n2)cc1,2.774066
CCCN(Cc1ccccc1)C(=O)CC1(N)CCC1,2.860404
CN(C)C1=N[C@@H]2[C@@H](O)[C@H](O)[C@@H](CO)O[C@@H]2S1,1.02792
Cc1ccc(CNC(=O)CN2CCC(n3nnc4cc(C)ccc43)CC2)cc1,3.179797
COC(=O)N1CCCN(C(=O)C(=O)Nc2cccc(C(C)C)c2)CC1,3.0853
O=C(Nc1ccn(Cc2ccccn2)n1)c1c(F)cccc1I,2.120439
CCN1CCC(Nc2nc(C)cc(C)c2C#N)CC1,3.39626
CS(=O)(=O)CCNC(=O)N1CC2(CCCC2)c2ccccc21,2.284187
O=C(COCC1CC1)N1CCCc2ncccc21,1.832681
O=C(NCc1ccc(F)cc1)c1ccc(-n2ccnc2)nc1,1.477324
O=C(NCCNC(=O)c1cc(-c2ccccc2)nc2ccccc12)c1ccco1,2.663355
O=C(NC1CCCC1)C(=O)c1ccc2c(c1)CCC2,2.957848
COc1cc(CNC(=O)NC2CCCCC2)cc(OC)c1O,1.02792
COCc1ccccc1CNc1ccc2nnc(-c3ccccc3)n2n1,2.619622
CN1C(=O)N(CC(=O)NCc2ccc(Cl)cc2)C(=O)C12CCCCC2,3.323269
Cc1ccccc1OC1CCN(C(=O)Nc2ccc3c(c2)ncn3C)CC1,1.736532
CC(C)c1nnc(CN2CCN(c3ccccc3Cl)CC2)o1,2.938851
O=C(Nc1ccc(S(=O)(=O)Nc2ccnn2-c2ccccc2)cc1)c1ccco1,2.006975
Cc1ccc2nc(C)c(-c3nc(C)nn3CCO)cc2c1,1.284566
COc1ccc(-c2nnc3ccc(C(F)(F)F)cn23)cc1OC(C)C,2.122216
COCC(=O)Nc1nc(C)c(C)s1,1.852949
Cc1ccc(NC(=O)Cc2c[nH]c3ccccc23)cc1,3.490841
CC(C)C(=O)N1CCC(Nc2ncnc3ccsc23)CC1,1.283324
Cc1nc(NCc2ccc(F)c(Cl)c2)n(C)n1,1.551913
O=C(NCc1cccc(F)c1)c1[nH]nnc1-c1ccccc1,1.241397
Cn1ccc2c(C(=O)Nc3ncn(Cc4cccnc4)n3)cccc21,1.490296
c1ccc2c(N3CCn4c(nnc4C4CC4)C3)ncnc2c1,1.02792
CCCC(=O)Nc1ccc(-n2cccn2)nc1,1.502577
CCn1cc(CN2CCC(c3nc(N(C)C)ncc3-c3ccc(OC)cc3)CC2)c(C)n1,2.675281
Cc1ccc(C)c(C(=O)Nc2cnc3c(c2)c(C)nn3C)c1,2.110378
CC(=O)N1CCC(c2ccccn2)CC1,1.02792
O=C(c1ccc(Cn2nnc(-c3cccc(F)c3)n2)cc1)N1CCCC1,2.095616
Cc1ccc2nc(C)c(C(=O)NOCc3ccccc3)cc2c1,2.488759
Cc1ccc(C(=O)C(=O)NC2CCCC2)cc1,2.667588
O=C(CN1CCCC(c2cccc(-c3cccc(Cl)c3)n2)C1)N1CCCC1,2.621884
COc1cccc(CNc2ncc(-c3ccccc3)n2C)c1,3.34517
O=C(CN1CCCC(c2cncc(-c3cccc(Cl)c3)n2)C1)N1CCCC1,3.034963
Cc1nc2ccccc2c(N)c1C(=O)/C=C/c1ccccc1,2.964801
O=C(NC[C@H]1COCc2nc3ccccc3n21)c1ccncc1,2.116691
CCc1ccccc1-c1cn(CCc2cnccn2)nn1,2.461999
O=C(NCc1ccc(F)cc1)c1ccccn1,1.325023
CN1CCN(CCOc2ccccc2N)CC1,2.115344
Cc1cc(C)n(-c2ccc(C(=O)NCc3cccnc3)cc2)n1,1.974972
CNC(=O)CC1CCN(c2ncccn2)CC1,1.02792
Cc1ccc(C(=O)C(=O)Nc2c(C)nn(C)c2C)cc1,2.062221
CCCn1ncnc1-c1ccccc1SC,2.883842
O=C(CCc1cccs1)Nc1ccc(N2CCOCC2)cn1,1.691983
Cc1nccc(-c2cccc(NCC(=O)NCC(=O)N3CCCC3)c2)n1,1.209032
CC(C)C(=O)Nc1ccc2cnn(C(C)C)c2c1,1.746696
O=C(c1ccccc1-n1cccn1)N1CCN(Cc2cccnc2)CC1,2.781462
O=C(O)CCn1c2ccccc2c2ccccc21,1.056219
O=C(O)/C=C/c1ccc(Cn2ccnc2)cc1,1.02792
Cc1c(-c2ccc(O)cc2)n(Cc2ccc(OCCN3CCCCCC3)cc2)c2ccc(O)cc12,2.397603
c1ccc2c(c1)CN(c1cnc3ccccc3n1)CCN2,2.797649
N#Cc1cccnc1NCCc1ccc(F)cc1,3.062368
N#CCCCN1CCC(c2c[nH]c3ccccc23)CC1,3.238583
CCn1c(C)nc2cc(NC(=O)c3ccc(=O)n(CC(=O)N4CCCCC4)c3)ccc21,1.739066
Cc1nn(C)c(C)c1C(=O)NCc1ccccc1,1.02792
CC(C)n1ccc(C(=O)N2CCS(=O)(=O)C(C)(C)C2)n1,1.527024
Cc1nc2cc(NC(=O)Cc3c(C)nc4ccccc4c3C)ccc2o1,2.404046
C[C@@H](c1ccc2ccc(O[C@H]3CC[C@@H](C(F)(F)F)CC3)c(C(F)(F)F)c2c1)N1C2CCC1CC(C(=O)O)C2,1.551718
Cc1ccccc1-n1c(CC2CCN(C(=O)C3CC3)CC2)n[nH]c1=O,1.42875
Cn1c(CNC(=O)Cc2cccc3ccccc23)nc2ccccc21,3.201467
CS(=O)(=O)CCc1nc(C2(c3ccccc3)CC2)nn1-c1ccccc1,2.118404
Cc1nc2ncccn2c1C(=O)N(CC#Cc1ccccc1)C1CCCC1,3.667165
CC(C)c1noc2nc(C3CC3)cc(C(=O)N3CCN(C)C(=O)C3)c12,1.31729
O=c1[nH]c2ccccc2n1C1CCN(Cc2nnsc2Cl)CC1,2.927127
COc1ccc2nc(C)nc(N3CC(O)(c4ccc(F)cc4)C3)c2c1,2.67016
Fc1ccc(F)c(CN2CCN(Cc3ccc4c(c3)OCO4)CC2)c1,2.611559
c1cc(CN2CCC(c3ccn[nH]3)CC2)ccn1,1.506897
Cc1[nH]c2ccc(Cl)cc2c1CC(=O)N1CCC(Cc2ncncc2C(N)=O)CC1,3.067909
O=C(NCCN1CCC(c2ccccc2)CC1)c1ccc2ncsc2c1,2.034444
c1ccc(-c2noc(NCC3CCC3)n2)cc1,2.870111
c1ccc(-c2n[nH]c(C3CCN(c4cnc5ccccc5n4)CC3)n2)cc1,2.056577
CO[C@H]1CC[C@H](C(=O)NC[C@H]2CC[C@H](c3nnc(-c4nccc5ccccc45)o3)CC2)CC1,2.577812
COc1cccc(OCCCn2cncc2-c2cc3c(cc2OC)OCCCO3)c1,2.026758
COc1ccc(-c2nc(CC(N)=O)sc2C)cc1.Cl,2.045511
O=C1NCCCCC1NC(=O)N1CCc2sccc2C1,1.671636
O=C(O)c1ccc(=O)n(CCc2c[nH]c3ccccc23)c1,1.02792
Cn1ccc(CN2CCC(c3cnccn3)CC2)n1,1.428167
Cc1nccn1-c1ccc(F)cc1CNC(=O)C(C)C,1.757069
O=C(CN1CCSC1=O)Nc1ccccc1F,1.02792
COc1ccc(CNCc2cccc3ccccc23)cc1,2.792059
O=C(NCc1ccccc1)c1ccc(NS(=O)(=O)c2ccc(C3CCCCC3)cc2)cc1,2.603806
Cc1noc(NCc2cccc(-c3cccnc3)c2)n1,2.194961
CCCn1cnnc1Cn1ccnc1-c1ccc2occc2c1,1.218929
Cc1ccc(NC(=O)CN(C)C(=O)c2ccccc2F)nc1,2.014105
O=C(CCNc1ncccn1)N1CCc2ccccc2C1,2.164454
CN(Cc1cccc(C#N)c1)Cc1cnn(C)c1,1.02792
Nc1cnc(Cc2ccc(F)cc2)nc1,1.188619
Cc1noc([C@@H]2C[C@H](NC(=O)c3ccc(F)cc3)CN2C)n1,1.213358
Cc1ccc(F)cc1NC(=O)c1cnc2onc(C(C)C)c2c1,2.336083
O=C(CCCc1ccc(F)cc1)N1CCN(c2ccccc2)C(=O)C1,2.246656
Cc1ccsc1CN(C)C(=O)[C@@H]1CCCN1C(=O)NC(C)C,2.550429
CC(C)NC(=O)c1cc(-c2ccccc2)n(-c2ccccn2)n1,1.905758
CS(=O)(=O)NC1CCN(C(=O)NCCc2ccc(F)cc2)CC1,1.787956
Cc1cc(C)c2c(N(C)CCC(C)C)ncnc2n1,3.0846
CN(CC(=O)NC1CC1)C(=O)C1C2CC3CC(C2)CC1C3,2.665528
CCc1nnc(NC(=O)Cc2c(C)noc2C)s1,1.02792
CN1CCCN(c2nc(C(F)(F)F)nc3cc4c(cc23)OCO4)CC1,2.319789
CCn1nccc1CNc1nnc(-c2ccc(OC)cc2)o1,1.881755
Fc1cncc(-c2cnc(NCc3ccc(Cl)c(F)c3)nc2)c1,2.016093
O=C1CCC(=O)N1CCN1CCCCc2ccccc21,3.167645
O=C1CC2(CCN(C(=O)NCc3ccccc3)CC2)Oc2ccccc21,2.791482
O=C(NC1CCCC1)N1CCN(c2nccn3nc4c(c23)CCCC4)CC1,2.666327
O=C(Cc1ccccc1F)N1CCN(c2nccn3nc4c(c23)CCCC4)CC1,2.894273
CO[C@@H](C(=O)Nc1cc2c(C)cc(=O)oc2cc1C)c1ccccc1,2.408757
CCC(=O)NCc1cc(C2CC2)n(C2CCCC2)n1,2.33891
O=C(Nc1nccs1)c1c2c(nc3ccccc13)CCC2,2.678677
CC(C)(C)c1ccc(C2=NC3(CCNCC3)NC2=O)cc1,1.775458
O=C(CSc1ncn[nH]1)N(C1CCCCC1)C1CCCCC1,3.149465
O=C(CCCc1cc(Cl)sc1Cl)N1CCC(O)CC1,2.86985
Cc1cc(C)n(-c2ccc(CNC(=O)C3CCC3)cn2)n1,2.756963
CN1CCC(NS(=O)(=O)C2CN(C(=O)c3cccc(Cl)c3)C2)CC1,1.02792
O=C(NCc1ccc2c(c1)OCCO2)c1sccc1C1CC1,3.365401
NC(=O)CN1CCC(Oc2cccc(F)c2)CC1,1.854701
O=S(=O)(N1CCOCC1)N1CCN(Cc2ccccc2F)CC1,2.830241
COc1ccc(-c2nc(C3CCN(C(=O)c4sc(C)nc4C)CC3)[nH]c2C(N)=O)cc1,1.596014
CCn1c(SC)nnc1C1CCN(C)CC1,1.02792
CC(=O)N1CCN(CCNC(=O)N2CCc3sccc3C2)CC1,1.870164
CC(C)NC(=O)N1CC[C@H](NC2=Nc3cc(F)ccc3N(CC(F)F)c3ccc(Cl)cc32)C1,2.893527
Cc1ccccc1CC(=O)N1CCN(C(=O)c2ccccc2)CC1,2.324414
O=C(Nc1ccccc1-n1ccnc1)c1cccs1,1.593784
Cc1nc2c(c(N(C)Cc3ccccc3)n1)CCN(Cc1ccccc1)C2,3.619867
CSc1ccc(-c2ccc3n(c2=O)C[C@@H]2CNC[C@H]3C2)cc1,1.284769
Cc1nn(-c2ccc(F)cc2)c(Cl)c1C(=O)N1CCC(S(=O)(=O)C(C)C)CC1,1.153388
COc1ccc(CN2CCN(c3cc(C)nc(N)n3)CC2)cc1OC,1.02792
CCN(C(C)=O)c1ccc(C)cc1C(=O)O,1.02792
CCc1ncc2c(n1)CN(c1ccnc(-c3ccccc3)n1)CC2,2.413736
CON(C)C(=O)c1cccc2c(C)c(C)[nH]c12,2.291526
CC(C)c1nnc(-c2ccc(-c3ccccc3)nc2)n1-c1cccc2nonc12,2.714295
O=C(C1CC1)N1CC[C@@H](Cc2n[nH]c(=O)n2-c2ccc(-c3ccc4occc4c3)cc2)C1,2.003908
N#Cc1ccccc1-c1ccc(-c2nccn2-c2cccnc2)o1,2.856568
Cc1cc(CNc2ncc(C(F)(F)F)cc2Cl)no1,2.108633
COCCNC(=O)CN1CCN(c2nccn2-c2cccc(Cl)c2)CC1,2.547936
Cc1cc(NC(=O)CCc2c(C)nn(C)c2C)no1,1.652923
CCCn1ncc2[nH]c(-c3cc(Cn4cncn4)c(C)cc3C)nc21,2.298595
CCc1nnsc1C(=O)Nc1cccc(-c2nnc3n2CCCCC3)c1,2.15079
OC1CCN(c2ncc(-c3cnccn3)c(-c3cccs3)n2)CC1,1.02792
CN(CC(=O)Nc1cc(F)cc(F)c1)c1ccnc(C(N)=O)c1,1.629715
CSc1ncccc1C(=O)Nc1ccc(N2CCCCC2=O)cc1,1.251517
CCC1(CC)NC(=O)N(CC(=O)N2CCOCC3(CCCC3)C2)C1=O,2.336153
O=C(Cc1ccc(Cl)c(Cl)c1)N1CC(n2ccnn2)C1,1.714053
Cc1oc(C)c(C(=O)Nc2ccn(C)n2)c1C,1.971652
CN(C)c1ccc(Cn2c(=O)[nH]c3ccccc3c2=O)cn1,2.565557
Cc1nc(C)c2c(C)c(C(=O)N(C)Cc3ccc(C)o3)sc2n1,3.460262
Cc1cccn(Cc2cccc(C#N)c2)c1=O,1.459845
Cc1cnc(C(=O)N[C@H]2CCOC[C@@H]2O)cc1Cc1ccc(-c2cscn2)cc1,1.541417
Cc1nc(N2CCN(C)CC2)nc(C)c1NC(=O)C1CCCCC1,1.02792
CC(C)(O)C(=O)N1CCC(c2ccc3c(NCc4ccccc4F)n[nH]c3n2)CC1,1.843743
CCCc1cc(N2CCc3c(nc(C(C)C)n3C)C2)n2ncnc2n1,2.261824
CN(Cc1c(F)cccc1Cl)C(=O)c1ccc(-n2ccnc2)nc1,3.220412
Cc1sc(NC(=O)CN2CCOC(C3CCCO3)C2)c(C)c1C,2.267669
Cn1ccnc1CNc1cc(Br)ccc1-n1cccn1,2.463496
O[C@@H]1CO[C@H]2C[C@@H]1Nc1c(-c3ccccc3)cccc12,2.56449
O=C(NCCNc1ncccc1C(F)(F)F)c1cnc2ccccn2c1=O,2.767166
O=C(Nc1nncs1)c1cccnc1,1.02792
CC(C)c1noc2nc(C3CC3)cc(C(=O)N3CC[C@H](N)C3)c12,1.02792
Cc1ccc(NC(=O)OC(C)(C)C)c2c1N(C(=O)[C@H]1CCCO1)CCC2,2.575941
Fc1ccc(F)c(-c2nc(C3CCOCC3)nn2-c2cccnc2)c1,1.862376
Cc1nc([C@H]2CC[C@H](CNC(=O)CN3CCC(c4ccccc4)CC3)CC2)ccc1C(N)=O,2.59062
O=C(NC1(c2ccccc2)CCC1)c1cc(C2CC2)on1,2.283453
CN(Cc1nnc(C2CC2)n1C)C(=O)C1C2CC3CC(C2)CC1C3,2.978129
CN(Cc1nc(N)c2ccccc2n1)Cc1ccc(F)cc1F,3.294209
CCCCCNC(=N)N/N=C/c1c[nH]c2ccc(OC)cc12,2.260119
COc1ccc(CCn2c(C3CC3)n[nH]c2=O)cc1,2.563023
Cn1c(=O)n(C)c2cc(CN3CCC(c4ccc(Cc5ccccc5F)cn4)CC3)ccc21,2.033886
O=C(NC1CC1)c1cccnc1Oc1ccccc1,1.068074
N#Cc1ccc(CN2CC(n3cccn3)C2)cc1,1.316138
NC(=O)Cn1ccc(-c2ccccc2)n1,1.02792
COc1ccc(C(=O)Cn2c(=O)n(-c3ccccc3F)c3nc(C)nc(C(N)=O)c32)cc1,1.880859
Cc1cccc(NC(=O)c2cccc3ncccc23)c1,2.189032
CCN(Cc1ccncc1)[C@@H]1CN(C(=O)c2ccccc2)C[C@H]1O,2.55797
O=C(O)CNc1nc(-c2ccccc2)nc2ccccc12,1.467815
COCCS(=O)(=O)N1CCC2(Cc3ccccc3C2)C1,2.950687
Cc1cnn(Cc2nnc(-c3ccccc3)s2)c1,2.652164
Cc1cc(N(C)Cc2ccc(N)nc2)nc(-c2ccncc2)n1,2.516203
O=C(NCC1CCC1)c1ccc(-n2ccnc2)nn1,1.701404
CC1(c2nnc(-c3cc(-c4ccccc4)n[nH]3)o2)CCOCC1,2.252771
COc1ccc2nc(C)c(C(=O)Nc3ccccc3N3CCCC3)cc2c1,2.993341
Cc1nnsc1CN(C)c1ccc2cc[nH]c2n1,2.533792
Cn1cnnc1CNc1ccccc1C#N,1.02792
O=C(c1ccc(O)nc1)N1CCN(c2ncccn2)CC1,1.02792
COc1ccc(NC(=O)c2snnc2C)c(OC)c1,2.25952
Cc1ccc(F)c(N(C#N)Cc2nccn2C(F)F)c1,2.351605
CC(=O)N1CCCN(C(=O)Nc2ccc(N(C)C3CCCCC3)c(F)c2)CC1,2.965629
O=S(=O)(c1cn[nH]c1)N1CCCC(c2cccc(-c3cccc(Cl)c3)n2)C1,2.595222
CN(C)c1ncn(-c2cccc(N)c2)n1,1.404611
Cc1ccc(-n2nc(C(C)(C)C)cc2NC(=O)Nc2ccc(OCCN3CCOCC3)c3ccccc23)cc1,2.847665
c1ccc(-c2cc3c(N4CCC(c5ncc[nH]5)CC4)ncnc3s2)cc1,3.190828
C=CCNC(=O)C1(Cc2ccc(-c3ccccc3)cc2)CCN(C(=O)c2cccnc2)CC1,2.746225
Cc1ccc(-c2nc(CN3CCOCC3)n(Cc3ccc(F)cc3)n2)o1,3.144641
COCC(=O)N1CC[C@H](c2nnc(-c3ccc(C)cc3)o2)C1,1.02792
CCC1(O)CN(c2ncnc3c2c(Br)nn3C)C1,1.54653
Cc1cccc(NC(=O)c2ccc3ccccc3c2)n1,2.320545
c1ccc(-c2c(-c3ccc(OCCN4CCCC4)cc3)[nH]c3ncnc(NCC4SCCS4)c23)cc1,2.218149
O=C(Nc1cccc(-c2cnco2)c1)C1(c2cccc(F)c2)CCOCC1,2.409268
CC(=O)NCC1CCN(C(=O)c2cncn2-c2ccc(F)cc2)CC1,1.467031
Cn1cc(CCNC(=O)N2CCc3sccc3C2)cn1,1.834827
Cc1cc(CCCC(=O)NC[C@H]2CC[C@H](c3ccc(C(N)=O)c(C)n3)CC2)ccc1F,2.907424
COC1CCN(C(=O)Nc2cc(C(F)(F)F)cc(C(F)(F)F)c2)CC1,2.198302
Cc1cccc(Oc2cc(CN)ccn2)c1C,2.721655
CC(C)(C)Sc1c(CC(C)(C)C(=O)O)n(Cc2ccc(Cl)cc2)c2ccc(OCc3ccc4ccccc4n3)cc12,2.150962
Cc1ccc2c(CC(=O)N(C)Cc3nnc4n3CCC4)coc2c1C,2.813301
CC(C)(C)c1nnnn1CC(=O)NC12CC3CC(CC(C3)C1)C2,2.714415
O=C(O)c1ccccc1-n1cnc(CN2CCCC2)c1,1.02792
COc1cccc(CC(=O)Nc2ccc3nc(C)sc3c2)c1,2.533486
Cc1cc(C)c(CC(=O)N2CC(CO)C2)c(C)c1,1.192317
CC(C)C[C@@H](CO)n1cc(-c2ccccc2Cn2cccn2)nn1,2.709698
Cc1sc2nc(CN3CCCC3)nc(N)c2c1C,3.440758
CC(C)c1nc2c(n1C)CCN(c1ncnc3ccccc13)C2,2.604251
Cc1nn(CCC#N)c(C)c1Oc1ccccc1O,2.048749
OC1(Cn2nnc(-c3cccnc3)n2)CCCCC1,2.151701
Cc1cc(C(=O)NCCc2ccccn2)c(C)s1,2.365797
Nc1ccc(Oc2ccccc2F)nc1,1.417605
Cn1c(-c2ccc(F)cc2)cnc1NC(=O)CCC(=O)N1CC(=O)Nc2ccccc21,2.508423
Cc1nc(CN2C(=O)CN(C3CCCC3)C2=O)nc2ccccc12,2.915329
CCOC(=O)c1cccnc1-c1cccc2ccnn12,1.903443
COc1cc2c(cc1OC)CN(C(=O)C1CCCN(C(=O)Nc3ccccc3)C1)CC2,1.813761
NC(=O)c1ccccc1NC(=O)CN1CCCC(c2nc3ccccc3o2)C1,2.917722
COc1cc2c(cc1OC)CN(C(=O)C1CCCN(S(=O)(=O)c3ccc(F)cc3)C1)CC2,3.085767
O=C(c1cccc2ccccc12)N1CCCC(C(=O)N2CCc3ccccc3C2)C1,3.650157
CCCS(=O)(=O)N1CCCC(C(=O)N2CCc3ccccc3C2)C1,3.004768
O=C(CN1CCCC(c2nc3ccccc3o2)C1)Nc1ccc(OC(F)(F)F)cc1,2.695768
CC(C(=O)Nc1ccc(C(N)=O)cc1)N1CCCC(c2nc3ccccc3o2)C1,3.338219
Cc1ccc(NC(=O)CN2CCCC(c3nc4ccccc4o3)C2)cc1C,3.416401
Cc1nc(O)cc(C2CN(C3CCCCC3)C2)n1,1.02792
CN(C(=O)C1CCN(c2ncccn2)CC1)C1CCCCCCC1,3.589768
CCS(=O)(=O)N1CCC(C(=O)N(C)C2CCCCCCC2)CC1,2.93289
O=C(CCCc1cc(Cl)sc1Cl)N1CC[C@H](O)C1,2.703739
COc1ccnc(N2CC(n3nc(C)cc3C)C2)n1,1.64554
Cc1cc(Nc2ccc(F)cn2)cc(C2CCN(C(=O)COc3ccccc3F)C2)n1,2.705097
COCCOCc1ccc(-c2cc3onc(-c4ccccc4)c3c(=O)n2C)cc1,2.131022
Cc1cc(C(=O)N2CCOC(C)(C)C2)cc(C)c1OCc1cccnc1,3.337597
COc1cccc(NC(=O)[C@H]2CCCN(S(=O)(=O)c3ccc(C)cc3)C2)c1,3.450357
Cc1ccc(S(=O)(=O)N2CCC[C@H](C(=O)NC3CCOCC3)C2)cc1,2.764443
COc1ccc(CNC(=O)CCCOc2ccc(C(C)=O)cc2)cc1,2.809048
CCc1ccc(-c2nccn2CC(=O)Nc2ccc(C)cc2F)nc1,2.795621
Cc1cc(NC(=O)C2CCN(c3ccncc3Cl)CC2)no1,2.268632
Fc1cccc(CN2CCN(c3ncccn3)CC2)c1,3.048811
CCN(Cc1ccccc1)C(=O)c1ccc(O)cc1O,2.860847
CCN(Cc1ccccc1)C(=O)c1cccnc1N,2.239815
Cc1nc(-c2cc(C)on2)n(CCc2ccccc2)n1,3.597023
CCCNC(=O)c1ccnc(N(C)C)c1,1.921712
O=C(NCC(=O)N1CCN(C2CC2)CC1)c1ccccc1,1.02792
CCc1cc2c(cc1N1CCC(N3CCOCC3)CC1)C(C)(C)c1[nH]c3cc(C#N)ccc3c1C2=O,1.249443
CCN(C(=O)c1cc(NC(C)=O)ccc1F)C1CCCC1,3.343886
Cc1ccccc1C(=O)Nc1nc(C)c(C)s1,2.447708
CC(C)c1cc(C(=O)N2Cc3ccc(CN4CCN(C)CC4)cc3C2)c(O)cc1O,1.702215
COc1ccccc1C(=O)Nc1cccc(C#N)c1,1.908169
CO[C@H]1COCCN(C(=O)c2cccnc2)C1,1.02792
CC(=O)Nc1ccc(C(=O)N2CCc3ncncc3C2)cc1,1.02792
Cn1ccc(NC(=O)[C@H]2CCCCN2C(=O)OC(C)(C)C)n1,2.188431
CC(C)c1nnc(NCc2ccn(C)c2)o1,1.799926
COc1cc(/C=C2\CCCN([C@@H](C)c3ccc(F)cc3)C2=O)ccc1-n1cnc(C)c1,1.919411
CC(C)N1CCC(O)(c2ccccc2F)CC1,2.558469
CN(Cc1cnn(C)c1)C(=O)c1ccccc1-c1ccccc1C#N,1.02792
O=C(CN1CCc2ccccc21)N1CCC(c2nc3ccccc3[nH]2)CC1,3.070491
O=c1[nH]c2ccccc2n1C1CCN(CCc2ccccn2)CC1,2.080686
CC1Cc2ccccc2N1C(=O)CN1CCC(n2c(=O)[nH]c3ccccc32)CC1,3.013244
Cc1ccc(NC(=O)C(C)(C)c2ccccc2)nc1,2.796399
O=C(NCc1ccc(F)cc1)C1CCN(C(=O)/C=C/c2ccccc2)CC1,2.123669
COCCNc1cc(NC(=O)N2CCCc3cc(CN4CCN(C)CC4=O)c(C=O)nc32)ncc1C#N,1.379741
CC(C)(C(=O)NCc1ccccn1)c1ccccc1,2.139107
O=C(Nc1ccccc1-n1ccnc1)c1ccc(F)cc1,1.605779
O=C(Nc1ccc(C(=O)O)c(O)c1)c1ccc(NC(=O)c2cccs2)cc1,1.02792
CC(C(=O)N1CCc2sccc2C1)N1CCCN(c2ccccc2C#N)CC1,3.626562
COc1ccc(C(=O)N(C)Cc2nccn2C)c(F)c1,1.730427
CC(C)CN1C(=O)C(=O)N(Cc2ccccn2)C1=O,1.453945
CON(C)C(=O)CCc1c(C)nn(C)c1C,1.45128
CN1CCN(c2ncncc2-c2nc(-c3ccccc3)no2)CC1,2.684593
O=C(CNc1ccc(C(=O)N2CCCC2)cc1)N1CCCCC1,1.966859
COc1ccc(C)cc1-c1cccnc1O,1.42318
N#Cc1cccc(-c2ccc3[nH]ccc3c2)n1,2.817485
Cc1ccc(-c2noc3nc(C)cc(C(=O)O)c23)cc1,1.02792
O=C(O)c1nc(-c2ccccc2)oc1-c1ccccc1,1.02792
O=C(c1cccs1)N1C[C@@H]2CCCN(C(=O)c3cccs3)[C@@H]2C1,2.177813
COc1ccc(C)cc1-n1ccc(C(=O)NC(C)C)n1,2.524217
CC(C)c1csc(NC(=O)C2CCN(c3ncccn3)CC2)n1,2.427535
CN1CCN(C(=O)C2(NC(=O)c3ccc(C(F)(F)F)cc3)CCCC2)CC1,1.02792
CN(CCc1ccccn1)C(=O)Nc1nncs1,1.02792
CC1CCN(Cc2ccc(NC(=O)c3ccccn3)cc2)CC1,1.208764
COc1ccc(CNc2ncc(-c3ccc4c(c3)OCO4)n2C)c(OC)c1,3.20261
O=C(O)c1ccc(Nc2ncc3c(n2)-c2ccc(Cl)cc2C(c2c(F)cccc2F)=NC3)cc1,2.008417
CN(C)C(=O)c1ccc(NC(=O)c2cccc(F)c2)cc1,1.839905
Cc1cccc(NC(=O)CN(C)c2ncccc2F)n1,2.606319
CCN(CC)C(=O)c1ccc(NC(C)=O)cc1,1.40907
C[n+]1cc2c3c(ccc2c2ccc4cc5c(cc4c21)OCO5)OCO3,1.764766
Cc1ccc(C)c(S(=O)(=O)N2CCCN(CCn3cccn3)CC2)c1,3.304159
CCOCC(=O)N1CCC2(CCc3ccccc3O2)CC1,2.912676
CCNC(=O)N1CCC2(CCc3ccccc3O2)CC1,2.946536
CCOc1ccc(Nc2nc(-c3c(C)nc4ccccn34)cs2)cc1,2.654183
CCc1ccc(S(=O)(=O)NCc2ccnc(N3CCCC3)n2)cc1,3.313413
Cc1noc(C2CCN(C(=O)C3(c4cccc(F)c4)CCC3)CC2)n1,3.388511
Fc1ccc(NCc2cccc(OCCN3CCOCC3)c2)nc1,2.447651
Cc1ccccc1-n1nc(C(C)(C)C)cc1N,1.02792
COc1cccc(CN2CCC(Cc3ccc(-c4cccnc4)cc3)(C(N)=O)CC2)c1,2.799777
Cc1cccn(Cc2cccnc2)c1=O,1.02792
c1nc(NC2CCN(C3CC3)CC2)c2sccc2n1,1.906157
Cc1cnn(CC2CC2)c1NC(=O)/C=C/c1ccccc1,2.50289
O=C(NCc1nncn1-c1ccccc1)C1CCCC1,1.087568
Cc1nccn1CCCN1C(=O)SC(C)(C)C1=O,1.919047
Cc1ccc(-c2ccccc2-c2nc3c(cnn3C3CCN(C)CC3)[nH]2)o1,1.999974
Cc1ccc(C)c2c(O)cc(CN3CC(c4ccccn4)C3)nc12,3.02167
COCc1nc(-c2cc(F)ccc2F)c(C)s1,2.62832
Cn1ncc2c(Oc3cccc(C(C)(C)C)c3)ncnc21,2.667123
COc1ccc(-c2noc([C@@H]3CCCN3Cc3cccnc3)n2)cn1,3.092474
N#Cc1ccccc1Cn1nnc(-c2ccccc2)n1,2.324819
Cc1cccn(Cc2ccccc2F)c1=O,1.783167
N#CCCN(C(=O)c1sccc1C#N)C12CC3CC(CC(C3)C1)C2,3.203706
CN(Cc1ccccn1)c1nc2ccccc2o1,2.557217
O=C(NCC#CCN1CCc2ccccc2C1)NCc1ccc(F)cc1,2.736404
Cc1ccc(C(=O)NCC#Cc2ccccc2)cn1,1.274135
COc1ccc(CNc2c(-c3ccc(OC)c(OC)c3)nc3cnccn23)cc1,3.289165
Cc1cc(C)nc(NC(=O)N(C)C2CCC2)c1,2.247907
CCCCN(C)C(=O)Nc1cc(C)ccn1,2.353716
Cn1cncc1CCNC(=O)[C@H]1CC1(C)C,1.02792
CC(C)(C)C(=O)N1CCC(NS(C)(=O)=O)CC1,1.02792
CC1(C)Cc2cc(CN3CCC4(CC3)NC(=O)N(Cc3ccccc3)C4=O)ccc2O1,2.468612
Cc1oc(C)c(C(=O)N(C)Cc2ccccc2N2CCOCC2)c1C,3.763436
c1ccc(CCc2n[nH]c(-c3cccc4cnccc34)n2)cc1,2.646264
COc1cc2cc(N)c(C3CCN(C(=O)C(C)(C)C)CC3)nc2cc1OC,1.638569
Nc1nncc(-c2ccccc2OC(F)F)n1,1.02792
Cc1cccc(C(=O)N(C)CCc2cnccn2)c1,2.150456
O=C(C1CCCN(Cc2cc3c(cc2O)OCO3)C1)N1CCOCC1,1.720804
O=C(NCc1ncc(-c2ccccc2)o1)C1CCCCC1,2.824888
CC1CCN(CC(=O)Nc2nc(-c3c[nH]c4ccccc34)cs2)CC1,2.498097
CNC(=O)Cn1ccc2cc(OC)ccc21,1.999652
C#CCNC(=O)c1cc(C(C)C)nn1CC,1.094611
CCOC(=O)N1CCN(C(=O)Nc2cccc3c2CCCC3)CC1,2.595324
Cc1cccc2sc(NC(=O)C(C)(C)C)nc12,2.317003
Cc1cccc(NC(=O)c2ccccc2-c2ccccc2)n1,2.836298
Cc1nc(N2CCc3c(ncn3C)C2)c2c(C)c(C)sc2n1,2.816373
Cc1sc(-c2ccccn2)nc1-c1ccc(NC(=O)C(C)C)cc1,1.688019
Cc1c(C(=O)NC2CCN(CC3CCCCC3)CC2)cnn1C,1.02792
COc1cc(F)c(NCC(=O)Nc2ccc(C)cc2)cc1OC,2.429116
CC(=O)N1CCC(C(=O)Nc2nccs2)(c2ccccc2)CC1,2.372664
O=C(NC[C@H]1CCN(c2ccccc2)C1)N1CCc2sccc2C1,3.399066
O=C(NCC1=CCCN(Cc2cc(F)ccc2Cl)C1)c1ccco1,3.214697
c1ccc(Cc2nnc(NC3CCOCC3)s2)cc1,1.313846
Cc1ccc(CCNC(=O)c2ccncc2)o1,1.718402
CC(C)(O)CNc1ncc(-c2ccnc(Nc3ccnc(Cl)c3)n2)c(CC2CC2)n1,2.172588
NC(=O)C1CCN(C(=O)CCc2ccc(Cl)cc2)CC1,2.13116
O=C(CCc1cc2ccccc2o1)N1CCN(c2cnccn2)CC1,2.696763
COc1cccc(N(C)CCC(=O)N2CCC(c3ccc(-c4ccc(N)nc4)cn3)CC2)c1,3.247109
CC1(C)COCCN1Cc1cnn(-c2ccccc2)n1,3.029178
CN(CC(=O)Nc1ccncc1)C1CCCC1,2.59463
CCn1cc(NC(=O)c2ccccc2C)cn1,1.02792
CC(C)[C@H](Nc1ncc(Cl)cn1)C(=O)N1CCCC1,2.256564
Cc1sc2nc(CN3CCOCC3)nc(N3CCN(c4ccncc4)CC3)c2c1C,2.448822
COc1ccccc1-c1nn(-c2ccccc2)cc1CO,2.573345
CCc1nc(CN2C(=O)COc3ccc(F)cc32)cs1,3.096984
CCCCn1nc(-c2ccc(C)o2)nc1CNC,2.378578
CC(=O)NCCCOc1ccc(CN2C[C@H](Oc3cccc(C)c3)[C@@H](O)C2)cc1,2.74294
NCc1cccnc1OCc1ccccc1,2.873106
Fc1ccc(-n2nc(C3CCOCC3)nc2-c2cn[nH]c2)c(F)c1,1.796983
CC(C)(C)c1nc(Cn2nnc3ccccc3c2=O)no1,2.076582
O=C(CN1CCOC(c2ccc(F)cc2)C1)Nc1ccccc1OC(F)F,2.753111
COc1ccc(NC(=O)C(C)N2CCCN(c3ccc(C(F)(F)F)cn3)CC2)cc1,3.286233
Cc1ccc(C(=O)N(C)C)cc1NS(C)(=O)=O,1.02792
CS(=O)(=O)N1CC(c2n[nH]c3ncccc23)C1,1.02792
CN1C(=O)COc2ccc(NC(=O)CCN3C(=O)COc4ccc(Cl)cc43)cc21,3.066509
N=C(N)N/N=C/c1c(Cl)cccc1Cl,1.886519
CCOC(=O)Cc1c(C)[nH]c2c(-c3ccccc3)cnn2c1=O,1.952405
Cc1c(CN2CCC(Nc3ncnc4sc(CC(F)(F)F)cc34)CC2)ccc2c1cc(C#N)n2Cc1cn[nH]c1,2.02061
O=C1N=C2C=CC=CN2C12Cc1ccccc1C2,1.02792
c1cc2cc[nH]c2c(CC2CN(C3CCCC3)C2)n1,1.905558
COc1ccc(-c2csc3ncnc(Oc4ccc(C)nc4)c23)cc1,2.504793
Cc1n[nH]c(C)c1Cc1ccc(NCCC(C)C)cc1,2.684802
N[C@H](Cc1c[nH]c2ccccc12)C(=O)N/N=C/c1ccc2nccnc2c1,1.746689
O=C1Oc2nc3cc4c(cc3cc2CN1CCN1CCOCC1)OCCO4,1.02792
CC(C)(C)c1ccc(=O)n(CC2CN(CC3(O)CCCC3)C2)n1,2.039993
O=c1ccc(C2CC2)nn1CC1CN(CC2(O)CCCC2)C1,1.924419
Cc1nnc(NCc2cccnc2)c2ccccc12,1.711326
Cc1c(C)n(Cc2ccccc2)c2ncnc(N)c12,2.712479
CCCCc1c(C)[nH]c2nc(N(Cc3cccs3)C(C)=O)nn2c1=O,1.908217
O=c1c2c(nc3ccccn13)CCN(S(=O)(=O)C1CCCCC1)C2,3.041563
CN1CCC(NC(=O)COc2ccc(C#N)cc2)CC1,1.02792
CC(C)c1nc(O)c2nnn(C[C@@H]3CCCN(C(=O)C(C)(C)C)C3)c2n1,2.448145
O=C(NC1CCN(c2ccc(OC(F)(F)F)cc2)CC1)N1CCC1,1.422409
CNC(=O)c1cccc(Cn2nnc(-c3ccccc3Cl)n2)c1,2.889506
CN(C(=O)c1cncc(F)c1)c1cccc2ncccc12,2.128322
Cc1ccc(NS(C)(=O)=O)c(C(=O)N(C)c2ccc3ccccc3c2)c1,3.042626
COc1ccc(-c2cn3c4ccccc4nc3n2CCO)cc1,3.077265
Cc1ccc(C(=O)NCCc2csc(C)n2)cn1,1.051847
O=C(NCCc1ccccc1)c1cnccn1,1.463071
CN(C)C(=O)OCCN1CCC(c2c[nH]c3ncccc23)CC1,2.006089
CN(Cc1ccc(Br)o1)C(=O)CN1CCCC1=O,1.22256
Cc1nc(CC2CCN(S(=O)(=O)c3c(C)noc3C)CC2)cc(NC2CCCC2)n1,3.38371
N#Cc1cccc(-c2ccc(=O)n3c2[C@@H]2C[C@@H](CN(Cc4cccs4)C2)C3)c1,3.301601
CN(Cc1ccccc1N1CCCC1)C(=O)c1cccc(Cn2ccnc2)c1,3.180541
Cc1cnc(NCc2ccccc2-n2ccnc2)nc1N(C)C,2.686881
COc1ccc2ccccc2c1CNC(=O)c1cnc(C2CC2)nc1,2.645034
CSc1ccc(-c2ccc3n(c2=O)C[C@H]2C[C@@H]3CN(C(=O)c3ccncc3)C2)cc1,2.553197
COc1ccc(-c2ccc(CN(CCN3CCOCC3)Cc3cccnc3)cc2)cc1,3.199492
COc1ccc(C2(NCc3cccc4ncccc34)CC2)cc1,3.126825
CC(=O)c1ccc(OCCCCN2CCCC2)cc1,2.656148
O=C(O)c1cc(/C=C/c2csnn2)nc2ccccc12,1.02792
CSCc1csc(NC(C)=O)n1,2.39486
CN(C)c1cc(CNc2ccc(C#N)cn2)ccn1,1.975257
CC(C)(C)n1ncc(C(=O)N2CCCn3ncnc32)c1C(F)(F)F,2.574546
c1cnc(-n2cccn2)c(CNC2CCCC2)c1,1.605434
CCc1nnc(Oc2cccnc2)c(C#N)c1CC,1.333508
O=C(CSc1nnc(-c2cccs2)[nH]1)N1CCCCCC1,2.567835
Cc1nc(N(C)C)nc(C)c1NC(=O)C1CCCCC1,1.877164
COc1ccccc1-c1nnc([C@H]2CCN(Cc3ccccc3C)C2)o1,3.503921
Cc1ccc2oc([C@H]3CCN(Cc4cccs4)C3)nc2c1,3.301915
CCc1cnc(C)nc1-c1ccc(-c2ccn[nH]2)cc1,1.875189
O=C(Nc1ccc(N2CCOCC2)nc1)N1CCc2sccc2C1,2.037753
Cc1cn(CCN2CCN(c3ccccc3-c3cc(C#N)cc(C(=O)NCCCN4CCCC4)c3)CC2)c2ccccc12,2.279532
CCN1CCN(Cc2ccc(Nc3ncc(F)c(-c4cc(F)c5nc(C)n(C(C)C)c5c4)n3)nc2)CC1.CS(=O)(=O)O,2.028742
CC(C)(C)C[C@@H]1COCc2nc(OCc3ccccn3)cc(=O)n21,2.433891
O=C(c1ccc(F)c(F)c1)N1CCN(C(=O)c2nc(Cl)ccc2Cl)CC1,1.367617
COc1ccc(F)cc1CN1CCC(n2c(=O)[nH]c3ccccc32)CC1,3.172893
O=c1[nH]c2ccccc2n1C1CCN(CCOc2ccccc2)CC1,2.552304
CC(=O)Nc1cc(CCC2CCNCC2)ccn1,1.02792
CC(C)Cc1sc(N)nc1-c1ccc(P(=O)(O)O)o1,1.02792
O=c1c(-n2ccnn2)c[nH]n1-c1cc(N2CCOCC2)ncn1,1.660477
CC(C)(C)NC(=O)Cn1nc(C(c2ccccc2)c2ccccc2)oc1=O,2.873527
Cc1ccccc1CSc1ccc(-c2ccccn2)nn1,2.72989
CC(C)c1noc(CN2CCC(n3c(=O)[nH]c4ccccc43)CC2)n1,2.27486
O=C(c1ccccc1)N1CCN2C(=O)N(Cc3ccccc3)C(=O)[C@H]2C1,1.89678
CCc1cc(N(C)Cc2ccc(N)nc2)nc(C)n1,1.02792
CCC1(O)CN(c2ncccc2C#N)C1,1.397784
Cc1ccc(C(=O)O)cc1NS(=O)(=O)c1csc(C(=O)Nc2ccccc2)c1,1.02792
O=C1CC[C@H](O)[C@@H](c2cccc(Cl)c2)N1Cc1ccccc1,2.65316
CC(C)(C)C(=O)Nc1nnc(Cc2ccccc2)s1,2.818199
CC(C)(CO)NCCCCn1c2ccccc2c2ccccc21,2.212284
Cn1c(=O)n(C2CCCC2)c(=O)c2c(F)cccc21,2.618294
Cc1noc2ncc(C(=O)Nc3nc(C4CC4)cs3)cc12,2.575872
Cc1noc(C)c1CS(=O)(=O)Cc1cccc2c1OCCO2,3.358959
Cc1ccc(CNC(=O)c2cccnc2)n1C,1.02792
CN1CCc2nc(NC(=O)c3cncn3-c3ccccc3)sc2C1,1.803368
Cc1ccc2cccc(OCC(=O)N(C)c3ccccc3)c2n1,2.683415
C=CCn1cnc2c(Cl)cc(-c3ccc(C(=O)NC4CC4)o3)cc21,2.05973
CCN1C(=O)CC[C@H](C(=O)N2CCc3cc(F)cc(C)c3C2)[C@H]1c1ccncc1,2.675201
FC(F)(F)COc1ccc(CN2CCc3c(cnn3-c3ccccc3)C2)nn1,1.899005
COc1ccccc1CC(=O)NC1CCN(C)CC1,1.73685
CC(=O)N(c1ccc(C)cc1)c1nc(Cn2ccnc2)cs1,2.322802
Cc1cc2c(C(N)=O)cccc2n1-c1nc2c(c(NCc3ccccc3)n1)COCC2,2.432674
Fc1ccccc1CNc1nc(-c2ccccc2)no1,2.118519
CC(=O)NC1(C(=O)N2CCCN(c3cccnn3)CC2)CCCCC1,1.320997
CNC(=O)c1cccc(Oc2ncnc3c2CN(C)CC3)c1,1.02792
C#CCN1CCC[C@H]1C(=O)Nc1cnn(-c2ncccn2)c1,1.921166
N#Cc1ccccc1N1CCC(N)CC1,3.345035
N#Cc1ccc(Cn2cncn2)c(F)c1,1.02792
Fc1cccc(Cl)c1CNCCc1c[nH]c2ccccc12,3.332565
CN(C)S(=O)(=O)Nc1ccc(-n2ncc3ccccc32)cc1,2.981805
Cn1cnnc1CCn1ccnc1-c1cc2ccccc2s1,1.403241
CC(=O)N1CCc2ccc(N(C(=O)/C=C/c3cccc(C#N)c3)C3CCN(CCC4CCCC4)CC3)cc21,2.500914
Cc1ccc(C(=O)Nc2cccc(C(=O)N(C)C)c2)cn1,1.02792
CC(C)c1noc(-c2ccc(N(C)Cc3cccnc3)nc2)n1,2.662133
COc1ccc(-c2nc(CN3CCC[C@H](O)C3)no2)cc1,1.681196
CCc1nc(NC(=O)c2ccccc2F)sc1C,2.164834
Cc1ccc(NC(=O)CN2CCCN(c3ccc(C(F)(F)F)cn3)CC2)cc1,2.779713
O=C(CN1CCCN(c2ccc(C(F)(F)F)cn2)CC1)Nc1cccc(F)c1,2.985316
O=C(O)c1ccccc1-c1ccc(CN2CCCCC2)cc1,1.734536
CN1CC(=O)N(CCCC(=O)Nc2cccc(C#Cc3cccs3)c2)C1=O,2.867877
O=C(CCc1ccco1)Nc1ccccc1OC(F)F,2.91964
Cn1cc(C(=O)NCCc2c[nH]c3ccccc23)c(-c2cccnc2)n1,2.618166
Cc1noc(C)c1CCC(=O)Nc1cccnc1,1.507113
CCCN1CCCN(c2ncccc2C#N)CC1,3.22487
CSCc1c(C(=O)NC(C)C)oc2ccccc12,2.564702
Fc1ccc(F)c2c(NCc3ccc(N4CCOCC4)nc3)ccnc12,2.17856
CCOc1ccccc1CNCCc1c[nH]c2ccccc12,3.335979
COc1cc(CNCCN2CCOCC2)cc(Cl)c1OCc1ccccc1,2.519061
COc1ccncc1NCc1ccc2c(c1)OCCO2,2.75576
O=c1c2cccn2c2ccccc2n1CCCN1CCC(c2ccc(Cl)cc2)CC1,3.122455
Cn1cc(CCNC(=O)N2CCCc3c(F)cccc32)cn1,2.360875
Cc1ccc(-n2ccnc2-c2ccoc2)c2cccnc12,2.76236
O=C(c1cnc(-c2ccccc2)s1)N1CCOC2(CCCC2)C1,2.888996
Clc1ccccc1CNCc1ccc2c(c1)OCCO2,3.337312
Cc1cccc(-c2nc(CN(Cc3cnn(C)c3)C(C)C)c(C)o2)c1,3.659059
O=C(Cc1ccc2ccccc2c1)NCCc1nc2ccccc2[nH]1,2.942157
COc1ccc(NC(=O)CN2CCC(c3cc(-c4cnc(N)nc4)cc(C)n3)CC2)cc1,2.389037
Cc1ccc(C(=O)Nc2ccccc2C(C)(C)C)cn1,1.482702
c1ccc(-c2nsc(N3CCCN(c4nccs4)CC3)n2)cc1,3.167702
Cc1nc(N)c2c(C(F)(F)F)cc(C3CCN(C(=O)Cc4ccc(F)cc4)CC3)nc2n1,2.941472
CCCC(=O)Nc1cnc(N2CCN(C)CC2)nc1,1.536811
Cc1nc2cc(NC(=O)CCc3c(C)noc3C)ccc2o1,1.89461
CN(CC(=O)N(C)C)Cc1cc(C#N)ccc1F,1.580435
O=C(CCc1ccc2c(c1)OCO2)Nc1cccc2cnccc12,2.477014
O[C@@H]1CO[C@H]2C[C@@H]1Nc1c(Cc3ccccc3)cccc12,2.549044
Cc1cc(C)c(S(=O)(=O)Nc2ccc(N(C)C)cc2)c(C)c1-n1cnnn1,1.950321
Cc1cc(F)ccc1CC(=O)N[C@@H]1CCOC[C@H]1OCCO,1.02792
COc1ccc(CCC(=O)N2CCN(C(=O)c3cc4n(n3)CCCC4)CC2)cc1,2.938168
Cc1ccc(-n2c(S)nnc2-c2ccc(O)cc2)c(C)c1,2.111061
Cc1nccn1-c1cncc(N2CCN(CC3CCCC3)C(=O)C2)n1,2.73246
N#Cc1c(O)nc2scc(-c3ccc(-c4ccccc4O)cc3)c2c1O,1.02792
O=C1CN(C(=O)c2ccc(F)cc2)CCN1,1.02792
CN(CC(=O)NC1(C#N)CCCC1)c1ccccc1,2.697532
CCOc1ccc(CC(=O)NCCn2cccnc2=O)cc1,1.043519
Cc1ccc(C)c(S(=O)(=O)N2CCCN(C3CCC3)CC2)c1,3.331775
COc1c(N)ncnc1N1CCCC(C)(C)CC1,3.082972
COc1ccc(-c2nnc(-c3ccccc3)o2)cc1OC,1.705881
Cc1nccc(C2(C)CCN(CC(N)=O)CC2)n1,1.02792
Cc1cc2ncn(CC(=O)NC(C)(C)C)c2cc1C,1.84547
O=C1CCCN1c1ccc(NCc2ccccn2)nc1,1.02792
Cc1csc(N2CCN(Cc3ccc(OCC(F)(F)F)nc3)CC2)n1,2.025908
CNc1nc(-c2cc(OC)cc(OC)c2)ncc1F,2.070212
COc1ccccc1-c1nc(C(=O)O)cs1,1.02792
Cc1ccc(CC(=O)Nc2nc(C)no2)cn1,1.02792
CCCn1c(=O)n(Cc2ccc(C#N)cc2F)c2ccccc21,2.800934
OCCCCCn1cc(-c2ccccc2-c2ccco2)nn1,2.37072
Cc1ccc(C2=NC3(CCN(Cc4ccc(F)cc4)CC3)NC2=O)cc1,2.825714
O=C(NCc1ccccn1)c1ccc(F)cc1Cl,1.02792
Nc1ccc(CC(=O)Nc2ccccc2F)cc1,1.02792
COc1ccc(CN(C)C(=O)Nc2ccccc2)cc1F,2.808805
Cc1ccc(-n2cc(C(=O)NCCN(C)C)nn2)cc1C,2.276639
CC(C)c1ccc(-c2cc3c(=O)n(CCC(=O)NCCN(C)C)ccn3n2)cc1,2.153458
CCOC(=O)Nc1ccc2c(c1)N(C(=O)CN(CC)CC)c1ccccc1CC2,2.556305
COc1cc(Nc2ncc3c(n2)-c2ccc(Cl)cc2C(c2c(F)cccc2OC)=NC3)ccc1C(=O)O,1.312748
Cc1nccc(-c2cccc(NCc3cc(C)on3)c2)n1,2.543855
O=C(CN1CCCN(c2ccc(C(F)(F)F)cn2)CC1)Nc1ccccc1Cl,3.218672
Cc1ccc(C)c(NC(=O)CN2CCCN(c3ccc(C(F)(F)F)cn3)CC2)c1,3.288204
C/C=C/CC(=O)N1CCC(c2cc(Cc3ccccc3)n[nH]2)CC1,2.887008
O=C(NC1=NS(=O)(=O)c2ccccc21)c1cc(-c2ccc(F)cc2)no1,1.02792
Cc1cc(CN2CCN(c3ncccn3)CC2)on1,1.961393
CCc1nnc2n1CCN(C(=O)c1ccccc1Oc1cccnc1)C2,1.873518
CNC(=O)c1cc(C2CCN(C)CC2)ncn1,1.02792
CN1CCc2ncnc(N3CCCN(c4nccs4)CC3)c2C1,2.117619
Cc1cc(N(C)C)nc(N(C)Cc2csc(C)n2)n1,2.833233
Cc1cccc(N2CCN(C(=O)c3cncnc3C(C)C)CC2)c1,3.174717
CCc1cnc(CN2C(=O)NC3(CCC3)C2=O)o1,1.715351
Cc1cnn(C2CN(CC3(O)CCCCC3)C2)c1,3.277879
CC1(C)CCN(C(=O)NCCOc2cccnc2)C1,1.680553
CN(Cc1cscn1)c1nc2c(cc1C#N)CCC2,3.073361
N#CCSCC(=O)NC1CCCCCC1,1.58237
Cc1cc(CNc2cc(C(=O)N(C)C)ccn2)sc1Br,2.902705
CCC(Nc1cnn(C)c1)c1ccc2c(c1)OCCO2,2.521184
CC(C)c1cccc(CN2C(=O)N(C)C3(CCCCC3)C2=O)n1,3.623333
Cn1c(CNc2ccc(C(=N)N)cc2)nc2cc(C(=O)N(CCC(=O)O)c3ccccn3)ccc21,1.02792
Brc1cc2c(cc1Cn1cncn1)OCCCO2,2.357933
COCCNc1ncnc2ccsc12,1.360783
O=C(c1ccccn1)N1CCCC(c2cccc(-c3cccc(Cl)c3)n2)C1,3.113779
CN1CCN(c2ccc(NC(=O)c3ccc(S(=O)(=O)N4CCCc5ccccc54)cc3)cc2)CC1,2.861773
Cc1cnn(Cc2nc(Cn3cccn3)no2)c1,1.02792
COc1ccccc1CC(=O)Nc1ncc(C)s1,2.417447
CCCN(CC)c1ccc(C(=O)N2CCCN(C(C)=O)CC2)cc1,2.488679
Cc1c(Cl)cccc1NC(=O)C(C)N1CCCN(c2nccs2)CC1,3.642942
Cc1nc(N2CCOc3ccccc3C2)c2cnn(C)c2n1,2.43454
COCC(=O)Nc1cccc(-n2cccc2)c1,2.111431
CO[C@H]1CC[C@@H](C(=O)c2ccc3nc4c(cc3c2)CCCO4)CC1,2.742175
Cc1cnc(-c2nc(NCc3ccccn3)ncc2-c2onc(C)c2C)cn1,3.015881
CC(/C=C/C(=O)NO)=C\[C@@H](C)C(=O)c1ccc(N(C)C)cc1,2.180917
CCNC(=O)c1ccc(-c2cc(C)cc(OC)c2OC)nc1,1.969076
Cc1ccc(C)c(OCCN(C)C(=O)c2ccc3c(c2)nnn3C)c1,3.011709
CC(C)c1nc(NCc2cccnc2)n(C)n1,1.02792
COc1ccc(N2CCCN(CC3CCN(C(=O)C4CC4)CC3)CC2)cc1,1.706923
CCc1nc2ccccc2n1CC(=O)Nc1ncc(C)s1,2.541105
O=C(CSC1CCCC1)NCCn1nc2c(cc1=O)CCCC2,3.073011
O=c1ccc(-c2ccc(F)cc2)nn1Cc1ccncc1,1.75171
COc1ccc(-c2noc([C@@H]3CCCN3Cc3ccccc3)n2)cn1,3.061013
Cc1cc(C)c2c(c1)CCCN2C(=O)c1ccc(-c2nnc(C)o2)cc1,3.320933
CCC(=O)N(C)c1ccccc1C(=O)O,3.052678
CCc1cnc(CNC(=O)N2CCC(n3cncn3)CC2)s1,1.02792
C#CCOc1ccc(C(=O)NN2CCCC2=O)cc1,1.02792
COC(=O)c1ccc(NC(=O)N(C)Cc2ccccc2CN2CCCC2)cc1,2.442799
Cc1ccccc1N(CC(=O)N(C)C)S(C)(=O)=O,2.74234
Cc1ncsc1C(=O)N1C[C@@H]2CCCN(C(=O)c3scnc3C)[C@@H]2C1,1.040444
COc1cc2ncnc(Nc3ccc(F)c(Cl)c3)c2cc1OCCCN1CCOCC1,2.226257
COc1ccc(C(=O)Nc2ccc3oc(C)nc3c2)c(OC)c1,2.280808
O=C(NCC1CC1)c1ccc(-n2ccnc2)nc1,1.3656
Fc1cccc(OC2CCN(Cc3nc4ccccc4[nH]3)CC2)c1,3.293057
O=C1NCC2(C/C=C\CCOc3ccccc31)CCN(C(=O)c1ccc3[nH]nnc3c1)CC2,2.217329
Cc1ccc(CN(C)c2ncnc3c2cnn3C)o1,2.348385
O=C(CN1CCC(c2ccccc2)CC1)N1CCNC1=O,1.813928
N#CC1(NC(=O)CN2CCOCC2)CCCCCC1,1.816639
O=C(CCCc1nc2ccccc2[nH]1)N1CCCC1,1.929542
C=CCN(Cc1cccnc1)c1nc(C)nc2sccc12,3.170272
CN(C)C(C)(C)CNc1ncnc2ccccc12,2.466869
OC(Cn1cncn1)(Cn1cncn1)c1ccc(F)cc1F,1.02792
COc1cccc(CN2CCN(C(=O)Cc3ccc(C)cc3)[C@@H](C)C2)c1,2.994859
Cc1nc(N(C)C)cc(C2(C)CCNCC2)n1,1.264133
O=c1ncn2nc(Sc3ccc(F)cc3F)ccc2c1-c1c(Cl)cccc1Cl,1.95637
Cc1ccc(CN(C)C(=O)c2cn(Cc3ccccc3F)nn2)cc1,3.038175
Cc1nnc(NC(=O)c2ccccc2-c2ccc(C(F)(F)F)cc2)s1,1.451188
N#CCCN(C(=O)c1cccs1)C12CC3CC(CC(C3)C1)C2,3.36409
CON(C)C(=O)Cc1c(C)[nH]c2ccccc12,1.847554
Cc1cccc(Oc2ncccc2N)c1C,2.488247
CC(C)c1cnc(COc2ccc(Br)nc2)o1,2.992359
CCN1CCC(n2cc(CNc3cc(Cl)c4ncc(C#N)c(Nc5ccc(F)c(Cl)c5)c4c3)nn2)CC1,2.374446
CN1CCCN(C(=O)NCCOc2ccc3c(c2)OCO3)CC1,1.30771
N#Cc1ccc(CCC(=O)Nc2ccncc2)cc1,1.780231
Cn1c(=O)c2c(nc3n2CCN3Cc2c(F)cccc2Cl)n(C)c1=O,2.16351
C#CCNC(=O)Cc1coc2cc(OC)ccc12,2.263447
COc1ccc(CN2CCc3nc(-c4cccnc4)nc(O)c3C2)c(C)c1C,1.713499
CN(C)c1nc(N)nc(Sc2ccccc2)n1,2.807418
Cc1c(C(=O)N2CCC(C(=O)Nc3ccc4c(c3)OCO4)CC2)oc2c(F)cccc12,2.736384
O=C(NCC1CC1)c1cncn1-c1ccc(F)cc1,1.02792
CCc1cc(CN(C)c2nccc(-c3ccc(C)nc3C)n2)on1,3.227191
Cc1cc(C(=O)NCCC2=CSC3=NCCCN23)c2cccc(C)c2n1,2.463614
c1ccc(COc2ccc(CNCC3CCNCC3)cc2)cc1,1.323623
CN(C)c1cnn(CCC(C#N)(c2ccccc2)c2ccccc2)c(=O)c1,3.101229
Nc1nc(-c2ccccc2)nc2nc(C3CCCN(CC(=O)N4CCCC4)C3)ccc12,2.270546
COc1cc(C(=O)O)c(N)c(OC)c1OC,1.02792
CC(C)(C)N1CCCN(C(=O)CNc2ccc(C#N)cc2)CC1,1.815119
O=C(NCCc1ccc2c(c1)OCO2)Nc1ccncc1,1.436115
COc1ccc(CNC(=O)c2cc(-c3cncc(C)c3)ncc2-c2nccs2)nc1OC,2.098308
Cc1sc(C)c(C(=O)NC2(c3ccc(C(=O)O)cc3)CC2)c1Cc1ccc(C(F)(F)F)cc1,1.494405
COc1cccc(CN2Cc3ccccc3OC3(CCOCC3)C2)c1,3.197581
NC(=O)COc1ncnc2ccccc12,1.02792
O[C@@H]1CCCC[C@H]1N1CCC(c2ccccc2)CC1,3.142285
CN(C)CCN(Cc1ccccc1)Cc1ccccc1O,3.140292
Cc1n[nH]c(C)c1CCC(=O)N1CCOCC1,1.02792
CN(CCOCCOc1ccccc1-c1ccccc1)Cc1ccccc1.O=C(O)C(=O)O,3.182121
Cn1nccc1CC1CCN(C2CCCC2)CC1,2.410927
C=C(C)COc1cccc(C(=O)NCc2nncn2C2CCCCC2)c1,3.319202
Cc1cnc(Cl)nc1-c1ccc(N(Cc2ccc(CNC(=O)C(F)F)cc2)C(=O)c2ccc(O)cc2O)cc1,1.927252
CC(=O)Nc1cnn(CC2CCN(C)CC2)c1,1.02792
Cc1cc(=O)n(C)c2cc(N3C(=O)CC[C@H](NS(=O)(=O)CC(C)C)[C@H]3c3ccc(Cl)cc3)ccc12,2.974873
CC(=O)Nc1cccc(CN2CCCN(C(C)=O)c3ccccc32)c1,2.96344
Cc1ccccc1C(=O)N1CCC[C@@H]1Cn1nnn(-c2cccs2)c1=O,2.967809
Cc1nc2ccccc2n1Cc1ccc(C(=O)O)cc1,1.02792
Cc1cccnc1NC(=O)Cc1coc2c(C)c(C)ccc12,3.634551
Cn1cc(CN2CCN(c3ccccc3O)CC2)c(-c2ccncc2)n1,2.572999
Cc1cccc(C)c1OCC(=O)N(C)C1(C#N)CCC1,2.674191
CS(=O)(=O)Cc1ccn(-c2ccccc2)n1,1.02792
CC1=NN(c2ccc(F)cc2)C(=O)/C1=C(/C)Nc1ccc(S(N)(=O)=O)cc1,1.02792
CN1CCC(OC(=O)Nc2ccc(Cl)c(Cl)c2)CC1,2.320391
CCc1nc(C)c(Cn2ccnc2-c2cnc(N3CCCC3)nc2)s1,2.738504
COc1ccc(-c2nc3cc(C)ccc3cc2CN(C)Cc2nccn2C)cc1,3.397295
Cc1ccc2c(c1)cc(CNCCc1ccccc1)c1nnnn12,3.249147
O=C(CCn1cncn1)N(CC#Cc1ccccc1)C1CCCC1,3.130409
C[C@@H](/C=C\C(F)(F)F)Oc1cc(-c2cc(-c3cc(CN(C)C)cs3)cnc2N)ccc1C(N)=O,2.195543
CC(=O)Nc1ccnn1C1CCN(Cc2ccccc2C#Cc2ccccc2)CC1,2.705213
Cc1nnc(-c2ccccc2-c2ccc(O)cc2)s1,2.599017
CCc1cnc(NCc2ccc(CN3CCCC3)cc2)nc1,2.464419
CCCNC(=O)c1c(C)nn(-c2ccccc2)c1C,3.313825
CN1CCN(C(=O)c2cc(Br)cnc2Cl)c2cnccc21,1.958239
Cc1nc(COc2ccc(F)cc2)sc1C(=O)N1CCC(C)CC1,3.39996
CN(C)c1cc(CNC(=O)C2CCOCC2)ccn1,1.02792
O=C(NCCN1CCC(O)(c2cccc(F)c2)CC1)c1cccc(F)c1,2.389749
COC(=O)c1cc(F)c(C)c(NC(=O)CCCc2ccccn2)c1,3.224234
COc1ccc(C)cc1-n1ccc(C(=O)Nc2c3c(nn2C)CCC3)n1,2.406256
CN(c1ccc(NC(=O)Nc2ccc(OC(F)(F)F)cc2)cc1)c1ccnc(Nc2cccc(S(N)(=O)=O)c2)n1,1.02792
NC(=O)c1cnc(NC2CC2)nc1CCNC(=O)C1(c2cccc(F)c2)CCOCC1,1.947341
CC(=O)N1CCN(c2c(Cl)cccc2NC(=O)COc2ccc(C(C)C)cc2)CC1,3.298423
O[C@@H]1C[C@@H](c2nc(-c3cccnc3)no2)N(CCCc2ccccc2)C1,3.279586
Cn1nc(C2CC2)c2[nH]c(-c3cccc(CN4CCOCC4)c3)nc21,2.388114
COC(=O)[C@@H]1Cc2ncn(Cc3ccccc3)c2CN1C(C)=O,1.988171
Fc1cccc(CCNCc2cc(-c3ccccc3)cn3nnnc23)c1,3.236257
COc1ccc(OC)c(S(=O)(=O)Nc2cccc(CCc3ccccn3)c2)c1,3.497596
O=C(O)c1cccc(N2CCC(Oc3ccc(Cl)cc3)CC2)n1,1.02792
c1ccc(C(c2ccccc2)c2noc(Cn3cnc(C4CC4)n3)n2)cc1,3.178833
Nc1nc(CN2CCN(c3ccc(F)cc3)CC2)cs1,1.696505
COC(=O)Nc1ccc(Oc2nc3ccccc3o2)cc1,1.463878
CC1(C)CN(C(=O)c2cncc(Br)c2)CCO1,1.02792
CN1CCc2nc(NC(=O)c3ccc(Cl)s3)sc2C1,2.678538
O=C(Nn1cnc2ccccc21)c1c2c(nc3ccccc13)CCC2,1.02792
Cc1cccc(N(C)C(=O)COC2CCCC2)n1,2.300606
Cc1cc(C(=O)Nc2cccc(-c3cnco3)c2)c2c(C)nn(C)c2n1,1.875478
CCN(CC)CCCNc1ncc(-c2cc(C)no2)c(-c2ccco2)n1,2.493878
Clc1ccc(C2(c3ccc(-c4cn[nH]c4)cc3)CCNCC2)cc1,1.02792
OCCn1cc(-c2ccc3c(c2)CC/C3=N\O)c(-c2ccncc2)n1,2.091336
Fc1ccc(CNc2nnc(-c3ccc4c(c3)OCO4)o2)cc1,3.65246
Cc1oc(C)c(C(=O)NCC#Cc2ccccc2)c1C,3.121231
CNC(=O)c1sc2ncccc2c1[C@H]1CC[C@H](CNC(=O)CCc2ccccc2)CC1,3.164344
Cc1cc(NCc2ccnc(N3CCCC3)c2)c2ccccc2n1,3.737787
Cc1ccc(C)c(OCC(=O)N2CCC(C(=O)Nc3ccccc3)CC2)c1,3.143961
Cc1nccc(-c2cccc(NCC(=O)N3CCCCCCC3)c2)n1,3.311706
Cc1ccc(-c2cnc(N)cn2)c2cccnc12,1.877193
COc1ccc(CNC(=O)c2nnn(-c3ccc(OC)cc3)c2N)cc1,1.905386
O=C(NC1CCCCC1)C1CCN(c2ccncc2Cl)CC1,2.410011
c1ccc(C2(c3ccccc3)CCCN(Cc3nnc(C4CC4)o3)C2)cc1,3.079395
Cc1nn(C)c2ncnc(N(C)Cc3cccc(Cl)c3)c12,2.814166
CN(C)C1CN(c2nc(-c3cnccn3)nc3sc4c(c23)CCCC4)C1,3.434143
CC(C)c1nc(CCn2ccnc2-c2ccoc2)cs1,3.33399
Cc1cc2occ(CC(=O)NC3CCN(C)CC3)c2cc1C(C)C,2.609339
CCOC1CCN(C(=O)Cn2c(=O)[nH]c3ccccc32)CC1,1.305566
Nc1ccccc1OCCn1ccnc1,1.485352
CCCCCCNc1ncnc2[nH]ccc12,2.758597
Cc1cc2cc(C(=O)N(Cc3ccc4c(c3)OCO4)C3CC3)ccc2o1,3.237082
CCOc1ccccc1C(=O)N1CCC(c2nc(-c3ccc(OC)cc3)c(C(N)=O)[nH]2)CC1,2.375155
O=C1N[C@@H]2CCN(C(=O)c3ccc(-c4ccccc4)cc3)[C@@H]2C(=O)N1c1ccc(F)cc1,1.472917
CC(C)(C)C(=O)N1CCC(CN2CCCC[C@@H]2CO)CC1,1.469012
COc1cccc(-n2nc(C(=O)O)cc2-c2ccc(C3CCCCC3)c(Cl)c2)c1,1.51179
CCN1CCc2ncnc(N3CCNc4ccccc4C3)c2C1,2.022622
Cn1cc(NC(=O)c2cn(Cc3ccccc3)nn2)cn1,1.02792
CCc1noc(-c2ccc(CCN)cc2)n1,1.73658
O=C(O)CCC(=O)Nc1ccccc1-c1nc2ccccc2[nH]c1=O,1.02792
O=C(NCCc1cn2c(n1)CCCC2)c1ccccn1,1.426202
Cc1cc(C)n(-c2cccc(NC(=O)c3ccc(F)c(F)c3)c2)n1,2.548214
O=C(CN1CCc2ccccc21)N1CCNC1=O,1.210586
O=C(O)c1c2ccccc2nn1Cc1ccccc1,1.02792
Cc1nc2cc(-c3nccn3C)nn2c(NCc2cccnc2)c1C,2.578647
COc1cc(OC)c(OC)cc1CNc1ccc(N2CCOCC2)c(C(=O)O)c1,1.02792
CCOc1ccc(C(=O)Nc2cc(C(=O)OC)ccc2N2CCN(C(C)=O)CC2)cc1,2.646919
Cc1cccc(NCCc2cn3c(n2)CCCC3)n1,2.987222
COc1cccc(-c2ccc(C(=O)N(C)Cc3c(C)nn(C(C)C)c3C)o2)c1,3.293288
Cc1cc(N(C)C)nc(-n2ccnc2)n1,1.919476
CCCC(=O)NCC(=O)Nc1cnc(N2CCN(C)CC2)nc1,1.02792
COc1cc2c(cc1NC(C)=O)oc1ccccc12,1.804392
Cn1cncc1-c1ncccc1C(=O)N1CCCC1,1.02792
Cc1noc(C(C)C)c1C(=O)Nc1ccccn1,2.707257
Cn1ncnc1COc1nn2c(-c3c(F)cccc3F)nnc2cc1C1CCC1,1.610351
CNC(=O)CCc1nc(-c2ccccn2)no1,1.02792
O=C(CN1CCCc2ccc(F)cc21)N1CCNC1=O,1.787375
Cc1cc(N(C)C)nc(-n2cnc(C#N)n2)n1,1.898648
N#CC1(CN2CCc3cc(-c4ccccc4)oc3C2)CC1,2.701928
CCOC(=S)SCC(=O)Nc1nc(-c2ccc(C3CCCCC3)cc2)cs1,3.144023
Nc1nc(N)c2c(Cl)c(Br)ccc2n1,1.927796
c1ccc(Cc2n[nH]c(CSc3ccccc3)n2)cc1,3.120964
Cc1cc(-c2ccc(N)nc2)cc(C2CCN(C(=O)CCCc3ccc(F)c(C)c3)CC2)n1,3.281457
Cc1ccc(-c2ccc(=O)n(Cc3ccncc3)n2)cc1,3.380313
Cc1ccnc(Oc2cc(N)ccc2C)c1,2.362326
CCOC(=O)c1cc2ccccc2n1CC(=O)c1ccc(F)cc1,3.277171
Cn1cc(C(=O)N2CCC(c3cc(C(F)(F)F)c4c(n3)CCNC4=O)CC2)ccc1=O,1.02792
CC(C)c1ccc2c(c1)[C@H](NC(=O)Cn1ccnn1)CCC2,2.473101
Cc1ccccc1COC1CN(C(=O)Cn2c(=O)[nH]c3ccccc32)C1,2.575492
COc1cc(CNc2nc3ccccc3nc2C)ccn1,2.093681
CCN1CCc2nc(NC(=O)Cc3ccc(Cl)cc3)sc2C1,1.02792
Cc1ccc(-c2ccnc(N3C[C@@H](C)NC[C@@H]3C)n2)c(C)n1,1.895975
Cn1ccnc1CN(C(=O)c1[nH]c2ccccc2c1Cl)C1CC1,3.352951
Clc1ccc(Cc2nc(-c3cccnc3)no2)cc1,2.340313
CCC(=O)N(C)CC(=O)Nc1cccc(F)c1,1.084719
O=C1CCCc2c1[nH]c1cc(-n3ccnc3-c3ccncc3)ccc21,2.272415
O=C(NCCc1csc(N2CCCC2)n1)N1CCSCC1,2.945557
Cc1ccccc1-n1cc[nH]c(=O)c1=O,1.02792
CCN(CC)C(=O)N1CCCN(C(=O)N(CC)CC)CC1,2.843747
c1ccc(-n2ncc3c(-n4ccnc4)ncnc32)cc1,2.575138
CCOC(=O)c1ccc(NC(=O)Cn2cnc3ccccc32)cc1,2.716878
COC(=O)c1c(C)[nH]c(C(=O)OCC(=O)N(C)Cc2cccs2)c1C,2.684636
CC(=O)N1CCC(CCNc2ccc3ccc(F)cc3n2)CC1,2.421768
O=C(CSC1CCCC1)N1CCC(n2ccnn2)CC1,2.13953
Cc1ccc(C(=O)NC[C@H]2Cn3ccnc3CO2)cc1,1.02792
CC(C)(C)C(=O)N1CCC(CN2C(=O)C(=O)N(C3CCCC3)C2=O)CC1,2.459961
CC(=O)N1CCCN(Cc2c(C)nn(C)c2Cl)CC1,1.640909
NC(=O)CC1CCN(c2ncccn2)CC1,1.02792
COc1ccc2nc(C)nc(N3CC(CO)C3)c2c1,1.132772
Nc1ccc(C(=O)N2CCOCC2)c(Cl)c1,1.02792
O=C(CCc1ccc2c(c1)OCO2)Nc1nc2c(s1)CCC2,2.773162
Cc1nccc(C2CCN(Cc3ncc[nH]3)CC2)n1,1.461183
CCCC(=O)Nc1ccc(C)c2ncccc12,1.449201
CC(C)Cn1c(=O)[nH]c(=O)c2c1nc1n2CCCCC1,1.449787
O=C1CCCN1C(=O)COc1cccc(-c2nnco2)c1,1.43859
CCn1nccc1-c1cc(CC2CCNCC2)ncn1,1.02792
Cc1ccc(C(=O)N(C)Cc2c(C)noc2C)cn1,1.02792
O=C(CCn1nnc2ccccc2c1=O)Nc1ccncc1,1.928227
O=c1[nH]c2cnccc2n1Cc1ccccc1,1.680553
Cc1nn(Cc2cccc(Br)c2)c(C)c1C(=O)O,1.02792
Clc1ccc(Cc2nc(-c3ccccc3)n[nH]2)cn1,1.824529
CCCn1ncc2[nH]c(C3CCCCC3)nc21,1.922611
Cc1ccc(-c2noc(CCC(=O)N3CCCC3(C)C)n2)cc1F,3.529047
CCC(=O)N1CCCc2cc(C(O)CN3CCN(c4ccc(OC)cc4)CC3)ccc21,2.451837
O=C(Nc1nc2ccccc2[nH]1)C1CCCCC1,2.277307
O=C(Nc1nc2ccccc2[nH]1)c1ccncc1,2.036972
O=C(Cc1ccc2c(c1)OCCO2)NC1CCCCCC1,2.9672
CNC(=O)CN1CCCN(C(=O)c2c(C)nn(-c3ccccc3)c2Cl)CC1,1.943123
CC(C(O)c1ccc(O)cc1)N1CCC(Cc2ccccc2)CC1,2.982273
CC(C)(C)n1cc(CNc2cccnc2)cn1,1.619928
Cc1nccc(-c2cccc(NCC(=O)N(C)c3ccccc3)c2)n1,2.602669
Cc1cc(C)n2ncc(C(=O)NC3CCCCC3)c2n1,2.220153
Cc1ccc(N2CCN(C(=O)c3c(C)nc4sccn34)CC2=O)cc1,1.508611
Cn1c(CNC(=O)Cc2ccccc2)nc2ccccc21,1.952507
Cc1ccnc(NC(=O)CN2CCCC2=O)c1,1.02792
CC(=O)N1CCC(Cn2ccnc2-c2cc3ccccc3s2)CC1,2.552634
Cc1nc(CN2C[C@@H](c3ccc4c(c3)OCO4)[C@@H]3[C@H]2C2CCN3CC2)co1,2.311898
CC(C)c1cc(N2CCc3[nH]nc(C4CC4)c3C2)n2nccc2n1,2.580433
Fc1ccccc1-c1noc(-c2ccc(NCCc3cnccn3)nc2)n1,2.874595
COc1ccccc1OC1CCN(Cc2ccccc2C#N)CC1,3.177943
O=C(NCC1(c2ccccc2)CC1)c1cccnc1,2.363505
C#CCNC(=O)CCc1c(C)nn(C)c1C,1.02792
COc1cc2c(cc1OC)CN(C(=O)C1CCCN(S(=O)(=O)c3cccs3)C1)CC2,2.849635
COc1cc2c(cc1OC)CN(C(=O)C1CCCN(C(C)=O)C1)CC2,1.298045
COc1cc2c(cc1OC)CN(C(=O)C1CCCN(C(=O)OC(C)(C)C)C1)CC2,2.808478
Cn1ncc2c1CCc1sc(NC(=O)c3cccnc3)nc1-2,1.950165
COc1ccc2nc(NCc3cnn(C)c3)ccc2c1,1.947551
O=C(c1cccc(N2CCNC2=O)c1)N1CCc2ccccc2C1,2.507421
Cc1nnc(N2CCCSCC2)c(C#N)c1C,3.184427
CN(C)CCN(Cc1ccccc1)C(=O)CCC(=O)Nc1ncc(-c2ccccc2)n1C,2.445604
CC1(C)CN(C(=O)C2(C(=O)N3CC(C)(C)C3(C)C)CCC2)C1(C)C,3.082352
Cc1cccc(O[C@H]2CN(Cc3ccc(OCCCO)cc3)C[C@@H]2O)c1,2.846643
c1csc(-c2csc3nc(CN4CCOCC4)nc(N4CCc5[nH]ncc5C4)c23)c1,3.11897
CC(C)n1nnnc1-c1ccc(N)cc1F,1.604086
Cc1nn(C)c(C)c1CCC(=O)N1CCN(C)Cc2ccccc21,2.444941
O=C(Nc1nc(-c2ccccn2)cs1)c1ccc(F)cc1Cl,2.10392
Cc1n[nH]c(-c2c(C)c3cc(F)ccc3n2C)n1,2.499054
CCN1CCc2ncnc(N(C)Cc3ccc4c(c3)OCCO4)c2C1,2.651211
Cc1nc(NCC(C)(C)c2ccccc2)n(C)n1,2.370975
CCCc1nnc(NCc2cn3ccc(C)cc3n2)o1,1.531492
CNC(=O)c1ccccc1Nc1nc(Nc2ccc(N3CCOCC3)cc2OC)ncc1Cl,1.978151
COc1ccc(C(=O)N2CCCC2)cc1NC(C)C,1.93834
O=C(OCc1cc(Cl)ccn1)c1ccc2[nH]c(C(F)F)nc2c1,3.18259
Cc1nc(-c2cnn(C)c2-c2ccc(C(F)(F)F)cn2)c2c(N3CCC3)ncnn12,2.469037
N#CCN(C(=O)c1cn(-c2ccc(Br)cc2)cn1)C1CC1,1.758026
CN(C)c1cccc(Cn2ccnc2-c2ccc(O)cc2)c1,3.015474
CC(C)(C)OC(=O)NCc1ccc(C(=N)NC(=O)OCc2ccccc2)cc1,3.115319
N#Cc1cccc(CN2CCOC[C@H](Oc3ccccc3)C2)c1,3.304961
Cc1noc(OCC(=O)N2CCCCCC2)n1,1.02792
Cc1csc(NC(=O)c2ccc(-c3ccncc3)cc2)n1,2.484481
CCN(C(=O)N1CCC(CC(=O)N2CCN(C)CC2)CC1)C(C)C,1.737654
Cc1cccc(-n2cnnc2CCCN2CCOCC2)c1,1.992668
Cc1ccnc(C2CCN(C3CCCC3)CC2)n1,2.928202
Cc1ccc2[nH]c(C3CCN(C)CC3)nc2c1,2.835418
CN1CC[C@@H](c2c(O)cc(O)c3c(=O)cc(-c4ccccc4Cl)oc23)[C@@H]1CO,2.152527
O=c1[nH]c2ccccc2n1C1CCN(Cc2nc(-c3ccsc3)no2)CC1,2.419407
CC(c1nnc(-c2cccs2)o1)N1CCC(n2c(=O)[nH]c3ccccc32)CC1,2.435559
O=C(CN1CCC(n2c(=O)[nH]c3ccccc32)CC1)N1CCc2ccccc21,2.594451
CN(Cc1ccc(Cl)cc1)C(=O)c1ccc(-n2ccnc2)nc1,1.666696
N#Cc1ccccc1OCc1csc(-c2ncccn2)n1,2.076127
Nc1ccc2c(c1)ncn2CCc1ccccc1,1.449046
COc1cccc(CN(C)c2ncnc3c2CN(C)CC3)c1,2.261344
CCONC(=O)c1sc(C)nc1C,1.02792
Cc1ccc(-c2nnc([C@H]3CCN(Cc4cc5ccccc5o4)C3)o2)cc1,2.821762
CC(C)CN1CC[C@H](c2nc3ccc(C#N)cc3[nH]2)C1,1.882735
O=C(O)c1ccc(CN2CC[C@H](c3nc4cc(Cl)ccc4o3)C2)cc1,1.249736
N#Cc1ccc2nc([C@H]3CCN(C4CCC4)C3)[nH]c2c1,1.835291
O=C(O)c1cnc(/C=C/c2csc(-c3ccsc3)n2)s1,1.77282
FC(F)(F)c1nccc(NCCSc2nc3ccccc3o2)n1,2.87319
O=C(Cc1cccc(I)c1)N1CC(CO)C1,1.02792
Cc1nc(NC2(c3cccc(Cl)c3)CC2)c2c(C)noc2n1,2.405223
CCc1oc2c(-n3cnnc3)cccc2c1C,2.229034
CCOC(=O)c1cccnc1-c1ccc2[nH]ccc2c1,2.842059
CCCN1CCn2nc(-c3nc4cc(OC)ccc4[nH]3)cc2C1,2.447564
Cc1cc(C)nc(NCc2cnc(C)c(C)c2)n1,2.21045
CCCCC1=NC2(CCCC2)C(=O)N1Cc1ccc(-c2ccccc2-c2nnn[nH]2)cc1,2.03348
Cc1nn(Cc2csc(-c3cccs3)n2)c(N)c1C#N,2.588776
COc1ccc2cc(-c3[nH]c(-c4ccc(S(C)=O)cc4)nc3-c3ccncc3)ccc2c1,2.082534
CN(Cc1ccccc1Br)C(=O)Nc1ccc(C(=O)N2CCCC2)cc1,2.884571
COc1cccc(-c2cccc(N)n2)c1F,2.41128
Cc1ccc(CNC(=O)c2cccs2)cn1,1.02792
Cc1cc(Nc2ccccn2)cc(C2CCCN(CC(=O)Nc3ncc(C)s3)C2)n1,2.980412
O=C(CCc1ccc(Cl)cc1)N1CCCC(c2n[nH]cc2-c2cccc(F)c2)C1,3.512951
CCOc1cccc(CNCCc2c[nH]c3ccccc23)c1,3.122647
CCN(C(=O)N1CCC(OC2CCOCC2)CC1)C(C)C,2.189796
O=C(NCc1ccc(F)cc1)C1CCN(C(=O)/C=C/c2ccc(F)cc2)CC1,2.024633
C(=C/c1ccccc1)\CNCc1ccc2c(c1)OCO2,2.75803
Cc1nc(O)c2c(n1)CN(Cc1ccccc1)CC2,1.02792
Cn1cc(C(=O)O)c(C2CCCCC2)n1,1.02792
O=C(COc1ncnc2ccccc12)NC12CC3CC(CC(C3)C1)C2,2.669835
O=C(NCc1cccnc1)c1sccc1-c1ccccc1,2.937783
Cc1oc(C)c(C(=O)N2CCNC(=O)C2)c1Br,1.02792
COc1ccc(-c2ccc(CN(CCN(C)C)Cc3ccncc3)cc2)cc1,2.667448
O=C(NCCc1nnc2n1CCC2)c1ccc2c(c1)CCC2,1.654571
O=C(NC1CCCCCC1)c1ccc(-c2cnco2)cc1,1.95638
Cc1cnc(CNCc2cccc3c2OCO3)s1,2.310266
CNC(=O)Cc1nc(-c2cncc(C)c2)cs1,1.160198
Cn1ncc2c(Oc3cccc(Oc4ccccn4)c3)ncnc21,2.567173
CC(=O)Nc1nc(-c2c(C)cc(C)cc2C)cs1,3.372759
CN(Cc1ccc(N)nc1)c1ncccn1,1.357401
CN(CCc1ccccc1)C(=O)CC#N,1.02792
Cc1csc(Nc2ccc(C#N)cc2)n1,2.792557
Cc1noc(CCNc2ncnc3ccccc23)n1,1.974811
Cc1c(-c2ccccc2)oc2c(C(=O)NCCCN3CCCCC3)cccc2c1=O,2.025756
CCCC(=O)N1CCC(c2cccc(C)n2)CC1,2.645975
O=C(Cc1cccs1)NCc1ccccc1F,2.122714
O=C(Nn1cnc2ccccc21)c1cc(Cl)ccc1F,1.02792
c1ccc(CCn2cnc3c2CCN(c2ncccn2)C3)cc1,3.39964
Cc1cccc(NCC2CCN(C(=O)c3ccccc3)CC2)n1,3.045559
O=C(NCCCNC(=O)c1cc2ccccc2[nH]1)c1ccc2c(c1)OCCO2,2.451547
Cc1noc(-c2ccc(-c3ccc(CC(=O)O)cc3)cc2)c1NC(=O)O[C@H](C)c1ccccc1Cl,1.289455
O=C(NC1CC1)c1cccc2cccnc12,1.49492
COCCc1nc(-c2ccccc2-c2ccccc2)n(CCO)n1,2.260913
C1CCC(OCc2noc(C3CC3)n2)CC1,2.570285
Cc1noc(C)c1CC(=O)N1CCc2[nH]c3ccc(Br)cc3c2C1,2.69649
CCOC(=O)Nc1cc(-c2ccc(C)c(NS(C)(=O)=O)c2)nn2c(C)nnc12,2.094922
Cn1nc(C2CCNCC2)c2cccnc21,1.559344
Cc1nc(CNC2CCN(C(=O)C3CC3)CC2)cs1,1.02792
Cc1cccc(OC2CN(C(=O)Cn3c(C)nn(-c4ccccc4)c3=O)C2)c1,2.011913
CN(C)c1ccc(-c2ccc(COCc3cccs3)cc2)nn1,2.613046
O=C(c1ccc2oc(CCCc3ccccc3)nc2c1)N1CCC(Oc2cccnc2)CC1,3.320451
O=C(NC1CCCCCC1)c1ccc(CSc2nc3ccccc3[nH]2)cc1,3.278355
CCc1nc(C(N)=O)c(Nc2ccc(N3CCC(N4CCN(C)CC4)CC3)c(OC)c2)nc1NC1CCOCC1,1.168026
Cc1cc(C(=O)NC2CCN(C(=O)c3cc(C)sc3C)CC2)no1,1.971508
Cc1cc(-c2nccs2)nc(CC2CCNCC2)n1,1.589067
CN(Cc1cccc(C#N)c1)c1cnc2ccccc2n1,2.678327
Cc1ccc(-c2ccnc(O)c2C#N)cc1,1.27591
COc1cncc(-c2ccnc3[nH]ccc23)c1,2.021268
Cc1ccc(-n2cc[nH]c(=O)c2=O)cc1,1.02792
Cc1nc(C)c(CNc2cnn(-c3ccccc3)c2)s1,2.095061
Cc1cccc(NC2CCN(Cc3ccncc3)CC2)n1,2.375887
c1ccc(CN2CCn3nccc3C2)cc1,1.490843
CN(C)c1nc(CN2CCOCC2)nc2scc(-c3cccs3)c12,3.25316
CN(C[C@@H]1COCCO1)S(=O)(=O)Nc1ccc2ccc3ncc(-c4cnn(C)c4)cc3c(=O)c2c1,2.339972
O=C(Nc1cccnc1)c1ccccc1Cc1ccccc1,2.663558
CCN(CC)C(=O)N1CCC(C(=O)O)CC1,1.02792
CC(C)c1cc(CN(C)Cc2c[nH]nc2-c2ccc(F)cc2)no1,3.251089
Cc1ccc(OCc2noc(-c3ccsc3)n2)cn1,2.30943
c1cnc(N2CC(c3nc4ccccc4[nH]3)C2)nc1,1.525447
Cc1cc(C)cc(C(=O)Nc2c(C#N)cnn2C)c1,1.904017
CN(C)CCNc1c2c(c(C#N)c3nc4ccccc4n13)CCCC2,2.431174
Cc1ccc2c(c1)C(=O)CC1(CCN(C(=O)c3ccc4nc(C)cc(O)c4c3)CC1)O2,2.075857
COc1ccccc1-c1ccc(CC2(C(=O)NC3CC3)CCOCC2)cc1,3.331902
CCS(=O)(=O)Cc1ccn(-c2cccc(F)c2)n1,1.587543
O=C1c2cccc3cccc(c23)C(=O)N1CCN1CCOCC1,2.627594
O=C(NC1CCCC1)c1cc(C2CC2)nc2ccccc12,2.144861
Cn1cc(CCNc2cncc(Br)c2)cn1,2.041637
N#Cc1cccc(-c2ccc(=O)n3c2[C@@H]2C[C@@H](CN(Cc4ccc(F)cc4)C2)C3)c1,3.168007
Cn1c(C(=O)N2CCN(CCc3ccccc3)C(=O)C2)cc(=O)n(C)c1=O,1.501552
Cc1noc(-c2ccc(NC(=O)Cc3ccccc3)cc2)n1,1.757009
Cc1ccc(C2(O)CCN(Cc3cn(C)c4ccc(F)cc34)CC2)cc1,3.253115
Cc1nnnn1CCN(C)c1ccccc1,2.34404
CCC(=O)NCc1ccnc(N(C)C)c1,1.02792
Cc1nn(C)c(C)c1NC(=O)CN1CCC2(CCCCC2)CC1,2.696723
c1ccc2c(c1)CCN(Cc1nnc3n1CCC3)C2,1.538121
O=C(NCc1nnc2n1-c1ccccc1CC2)c1ccc2ccccc2c1,2.713096
Cc1cc(C)n(-c2ccc(CNC(=O)c3ccc4c(c3)CCO4)cn2)n1,2.024375
O=C(NCCc1ccc2c(c1)OCO2)C1CCCC1,2.778334
O=C(CN1CCCN(c2ccc(C(F)(F)F)cn2)CC1)Nc1ccccc1,2.906852
O=C(/C=C\n1cnc(-c2cc(C(F)(F)F)cc(C(F)(F)F)c2)n1)NNc1cnccn1,1.155093
CCn1ncc(-c2cc(C(F)F)nc(NCCCOC)n2)c1C,2.614855
Cc1cc(C)c(NC(=O)c2cc(Cl)ccc2F)c(C)n1,1.602136
CCc1nnc(NC(=O)c2ccc3cc(OC)ccc3n2)s1,2.0219
CNC(=O)c1ccc2c(c1)CCO[C@H]2CCN1CCN(c2ccc(C(N)=O)cc2)CC1,1.02792
CCc1nnc(Nc2cccc(C3CCCN(CC(=O)N4CCCC4)C3)n2)s1,2.268868
Cc1cc(C)n(-c2cc(Nc3ccccc3C)ncn2)n1,2.456921
O=C(CC(=O)N1CCCC1)N1CCCC1,1.02792
CCNC(=O)N1CCc2nc3ccc(F)cn3c(=O)c2C1,1.02792
CNC(=O)N1CCc2nc3ccc(Cl)cn3c(=O)c2C1,1.02792
COc1ccc(CC(=O)N2CCc3[nH]c4ccc(Cl)cc4c3C2)cc1OC,2.82949
Cc1cc(C)nc(-n2nc(C)c(CC(=O)NC3CCCCCC3)c2C)n1,2.919948
CS(=O)(=O)c1ccc(-c2cnc(NCc3ccco3)n3cnnc23)cc1,1.493639
Cc1ncc(C(=O)Nc2ncnc3oc(C)c(C)c23)s1,2.203019
Cc1ccc2c(c1)c(Cn1ccnc1-c1cccc(C)n1)nn2C,3.282601
Cc1noc(C2CCN(CCc3ccccc3)CC2)n1,2.651512
O=C(Nc1ccc2sccc2c1)N1CCCN(C(=O)Oc2ccccc2)CC1,2.883942
COc1cc(N2CCN(C)CC2)ccc1Nc1ncc2c(n1)N(C)c1ccccc1C(=O)N2,2.118146
Cc1nc(C2CCNCC2)cc(N(C)C)n1,1.02792
NC(=O)c1ccc(Oc2ccc(C(=O)N3CCCCCC3)cc2)cc1,1.91541
O=C(CCCOc1ccccc1)N1CCCC1,2.469131
CN1C(=O)[C@H](Cc2ccccc2)N[C@@H]1C(C)(C)C,2.873374
Cc1cc2ccccc2n1CC(=O)N1CCc2ccc(O)cc2C1,2.658493
O=C(Nc1ccc2c3c(cccc13)CC2)c1ccnc(-n2cncn2)c1,2.215183
Cc1ccc(-c2nc(CC(=O)NCCC(C)C)cs2)cc1,3.786245
O=C(Nc1ccc(F)cc1)c1cc(C2CC2)nn1-c1ccccc1,1.88269
CC(C)(C)NC(=O)c1cnc(-c2ccc(Cl)s2)s1,2.22355
CCC(C)(C)NC(=O)C1(Cc2ccc(-c3cc(F)ccc3OC)cc2)CCOCC1,3.006561
Cn1cc(-c2ccc3nnc(C(F)(F)c4ccc5ncccc5c4)n3n2)cn1,1.772336
CC(=O)c1c(C)c2cnc(Nc3ccc(N4CCNCC4)cn3)nc2n(C2CCCC2)c1=O,1.539841
Cc1cc(C(=O)Nc2ccc(C)c(C)c2)n(-c2ccccc2)n1,3.312519
CC(=O)Nc1cccc(OCC(=O)N2CCCCC2)c1,2.098848
O=C(O)c1cc(/N=N/c2ccc(S(=O)(=O)Nc3ccccn3)cc2)ccc1O,1.703498
O=C(NCCc1cnn(-c2ccccc2)c1)N1CCC1,1.738788
COc1cc(NC(=O)c2ccc(F)cc2C)ncn1,1.690719
Cc1cc(C)c(-n2cccn2)c(-c2cn(C[C@@H]3CCCO3)nn2)c1,2.704984
CN(C)Cc1csc(-c2nccn2-c2ccc3c(c2)n(C)c(=O)n3C)c1,1.582188
COc1cccc(OCCCN)c1-c1cc(Nc2cnc(C#N)cn2)n[nH]1,2.709212
O=C(CC1CCCC1)NCc1nnc2n1CCC2,1.02792
COCC1(c2nc(-c3ccncc3)nn2Cc2cccc(Cl)c2)CC1,3.153666
Cc1ccsc1C(=O)NCc1ccc2c(c1)OCCCO2,2.978817
CCNc1ccnc(N(C)Cc2nc3ccccc3n2C)n1,2.637425
COc1ncccc1CNc1ncnc2c1cnn2C,1.460086
C#CCNC(=O)c1ccc2c(c1)OCO2,1.536823
CC(C)(C)c1nccc(NCc2ccncc2)n1,2.873939
CCC(=O)NCCNC(=O)c1cc(-c2ccccc2)nc2ccccc12,1.904786
CN(C)C(=O)COC(=O)Cc1ccc(OC(=O)c2ccc(NC(=N)N)cc2)cc1,2.971122
Cc1c(C(=O)NCc2cnc(N(C)C)n2C)sc2ccccc12,2.502079
CN1CCC(C(=O)N2CCC(c3cc(C(F)(F)F)c4c(n3)CCNC4=O)CC2)CC1,1.040088
Cn1cc(NC(=O)c2ccc(OCC3CCOCC3)nc2)cn1,1.614781
CC(C)(C)NC(=O)NCCn1nc2c(cc1=O)CCCC2,2.020726
COc1cc2nc(/C=C/c3cocn3)sc2cc1OC,1.871993
CCOc1ncccc1-c1nc(C)cc(NC)n1,1.417156
Cc1nc(CN(C)C(=O)C2c3ccccc3-c3ccccc32)no1,2.633059
O=C(Nc1nccs1)C1CCN(C(=O)CN2CCc3ccccc32)CC1,2.595375
O=C1Nc2ccccc2O[C@H]2C[C@@H]1N(Cc1cccnc1)C2,2.448468
CC1(c2nnc(-c3ccc4c(c3)OCCO4)o2)CCOCC1,2.392201
CCN(CC#N)C(=O)c1nn(-c2ccc(F)cc2)c2c1CCCC2,2.59836
O=C(c1ccccc1-c1ncc(-c2ccccc2F)o1)N1CCC1,2.658512
Cc1cccc(OCCCNc2cc(Cn3c(C)nc4ccccc43)nc(N)n2)c1,3.31142
CN(C)c1ccc(C(=O)N2CCN3C(=O)N(Cc4ccccc4)C(=O)[C@H]3C2)cc1,2.589451
Cc1cc(C(=O)NCC2CC2)n2nccc2n1,1.874511
Cn1cnnc1-c1cccc(NS(=O)(=O)c2ccc(N3CCCC3=O)cc2)c1,1.254524
O=C(NCc1ccc(F)cc1)C1(Cc2ccc(-c3cccnc3)cc2)CCOCC1,3.294947
Cc1cncc(C2CCN(Cc3cnccn3)CC2)n1,1.782415
CC(=O)N1CCCN(C(=O)Cc2csc(C(C)C)n2)CC1,1.523304
O=C(CSc1ccc(F)cc1)N1CCCC1,2.069687
O=C(c1ccc(F)cc1)N1CCN(CC(=O)N2CCCC2=O)CC1,1.149281
O=C(c1ccncc1)N1CCC(c2cnccn2)CC1,1.02792
COc1ccc(/C=C/C(=O)c2c(C)nc3ccccc3c2N)cc1,3.075357
CCn1ncc(CN2CCC(c3nc(N(C)C)ncc3-c3ccc(OC)cc3)CC2)c1C,2.919518
O=C(Cc1ccc(F)cc1)NCCn1cccnc1=O,1.355126
Cc1cnc(-n2cnnc2)c(-c2cccc(Cl)c2Cl)c1,2.218672
Cc1cccc(-n2c(S)nnc2CNc2ccc(F)cc2)c1,2.27401
COc1ccc(-c2cccc(C3CCCN(C(=O)C4CCCC4)C3)n2)cc1,3.296851
c1cc2c(N3CCNCC3)nc(-c3ccnc(NC4CCCCC4)c3)cc2cn1,2.415384
O=C(Nc1ccccc1)N1CCCc2cnc(N3CCOCC3)nc21,2.062676
CSc1ccc(CN(CCO)C(=O)CCc2cccc(F)c2)cc1,3.40059
COC(=O)[C@@H]1C[C@H](O)CN1CCc1ccccc1F,3.528063
CC(C(=O)Nc1ccccc1)N1CCCC(c2nc3ccccc3o2)C1,3.477424
CC(=O)Nc1ccc(S(=O)(=O)NC2=NCN(Cc3ccccc3)CN2)cc1,1.02792
COc1ccc(CN2CCC(n3c(=O)[nH]c4ccccc43)CC2)cc1F,2.573177
CCN(CC)CC(=O)N1CCC(n2c(=O)[nH]c3ccccc32)CC1,1.371105
COc1cc(C=C2C(=O)NN(c3ccccc3)C2=O)ccc1OCC(N)=O,2.442962
Clc1ccc(COc2cccc(N3CCNCC3)c2)cc1,2.505736
CCOc1ccc(Nc2ncccc2C#N)cc1,2.503695
CCc1nc2ccc(C(=O)NCc3ccccc3)cc2nc1CC,2.974492
Cc1cccc2cc(C(=O)NCCSc3nccn3C)n(C)c12,2.861605
N#Cc1ccc(C(=O)Nn2cnnc2)cc1,1.02792
O=C(O)c1cc2cc(O)c(O)cc2c(C(=O)c2ccc(O)c(O)c2)n1,2.040163
CN(C)C(=O)Cn1cc(C(=O)O)ccc1=O,1.02792
Cn1cc(-c2nc(C(=O)Nc3ccc4c(c3)OCCCO4)cs2)cn1,2.354892
Cc1nc(-c2ccc(C)c(O)c2)n(C(C)(C)C)n1,2.091737
C=CCN(C)CCCCCCOc1ccc(C(=O)c2ccc(Br)cc2)c(F)c1,2.50495
Clc1ccc2[nH]c(COc3ccccc3)nc2c1,2.528737
COc1cc(-c2ccc(C)s2)cc2c1OCCN(c1noc(C)n1)C2,2.973013
CCCCNC(=O)c1ccc2c(c1)nnn2C,1.02792
CN1C(=O)CCc2cc(NC(=O)C(C)(C)c3ccccc3F)ccc21,2.558641
Cc1csc(CCNc2ncccc2C#N)n1,2.942745
c1cnc(NCCc2cccc3cccnc23)nc1,2.943789
Nc1ccc(Cl)c(NC2=NN(c3c(Cl)cc(Cl)cc3Cl)C(=O)C2)c1,2.846444
Cn1cc(C(=O)N2CCC(CC(=O)O)CC2)cn1,1.02792
C[C@@H](Oc1cc(-c2cnn(C3CCNCC3)c2)cnc1N)c1c(Cl)ccc(F)c1Cl,2.027019
N#Cc1cccc(CN2CCN(CCO)CC2)c1,2.100519
O=C(NCCCn1ccnc1)N1CC2(CCCC2)c2ccccc21,2.873165
CC(C)CCN1CCn2c1nc1c2c(=O)n(C)c(=O)n1C,1.998734
Cc1nn(-c2ccc(F)cc2)c2ncc(C(=O)Nc3nc(C4CC4)cs3)cc12,1.510558
N#CCN1CCCN(Cc2ccc(C#N)cc2)CC1,2.426488
Cc1cc(C(=O)Nc2ncccc2C)c2ccccc2n1,1.765996
COc1ccc(CCn2c(C)c3c(=O)n(-c4nc5ccccc5s4)[nH]c3cc2=O)cc1,2.950276
O=c1[nH]c2ccccc2n1C1CCN(CCc2ccncc2)CC1,2.504751
NCCn1cc(NC(=O)c2ccccc2)cn1,1.02792
Cc1nc(-c2ccccc2)ccc1C(=O)NC1CCCC1,2.504082
CN1CCC[C@@H]1CCO[C@](C)(c1ccccc1)c1ccc(Cl)cc1,3.03825
COc1ccc(/C=C/C(=O)c2c(C)nc3ccccc3c2N)c(OC)c1,2.910448
Cc1ccc(C(=O)Nc2ccccc2C#N)cc1,2.237164
CCCCN(C)C(=O)c1cn(-c2ccc(C)c(C)c2)nn1,2.724528
Cc1cccc(NC(=O)c2noc3c2CCCC3)n1,3.029332
CN(C)c1cccc(C2CCN(c3ncccn3)CC2)n1,3.351413
O=C(Nc1ccccc1-c1cn2c(CN3CCNCC3)csc2n1)c1cnc2ccccc2n1,1.283753
O=C(O)c1cnn(-c2ccncc2)c1C(F)F,1.02792
Cc1cccc(OCC(=O)Nc2ccn(C)n2)c1,2.680598
CNCCN1CCC(OCc2ccccc2)CC1,2.154019
c1ccc2[nH]c(SCc3cn4ccccc4n3)nc2c1,2.664453
CNc1nc(C2CCNCC2)nc2c1CN(C)CC2,1.46437
Cc1ccc(NC(=O)[C@H]2COc3ccccc3O2)nc1,3.120936
COc1cc(CCNC(=O)c2nc3cccc(C)n3c2F)cc(OC)c1,2.914215
Cc1cc(C(=O)NC2CCN(c3ncnc4sc(C)c(C)c34)CC2)on1,2.566038
Cc1ccc(CN(C)Cc2c(C)noc2C)o1,3.104536
CC(=O)N1CCc2cc(Nc3nccc(C(F)(F)F)n3)ccc21,2.433197
CCc1csc(NC(=O)c2ccc3c(c2)nc(C)n3C)n1,2.031832
CC(C)c1noc(CN(C)C2CCCC2)n1,2.817507
CN(C)Cc1ccc(-c2ccccc2C(=O)O)cc1,1.02792
CCCN1CCCN(C(=O)c2nc3ccccc3[nH]2)CC1,2.227326
CC1(COc2ccc3c(c2)ncn3-c2ccc3cccc(N4CCC(N)CC4)c3n2)COC1,2.29288
CN1C(=O)[C@@H](NC(=O)c2nnc(Cc3ccccc3)[nH]2)COc2ccccc21,2.015812
C=CCn1cc(CNCc2csc3ccc(Cl)cc23)c(C)n1,3.505015
C=C(C)COc1ccc(C(=O)NCCc2cn3ccccc3n2)cc1,3.339504
NC(=O)C1(CCCc2ccccn2)CCNCC1,1.925828
c1cc(CC2CCNCC2)c2cccnc2c1,2.149302
CCOc1cccc(C(=O)Nc2ccc3c(c2)CCC(=O)N3C)c1,1.729375
COCCN(Cc1cccs1)Cc1cccc(C)c1O,3.322859
COc1cc2c(cc1OC)CN(CN1C(=O)c3cccc4cccc1c34)CC2,2.702402
CCNC(=O)c1ccnc(-c2ccc(F)c(C)c2)c1,3.029882
COc1cccc(NC(=O)C2CNC2)c1,1.773925
Nc1ccnn1Cc1ccc(Cl)c(F)c1,1.563066
Cc1ccc(CNC(=O)CN2CCC(n3nnc4cc(C(F)(F)F)ccc43)CC2)cc1,2.224209
O=C(O)c1cc(Cl)cc2cccnc12,1.02792
O=C(NC1CCCCC1)N1CCc2nc3ccccn3c(=O)c2C1,2.089092
Oc1cccc(CN2CCN(c3ncc(Br)cn3)CC2)c1,2.4809
Cc1nc2c(cnn2C(C)C)c(C)c1CCC(=O)O,1.02792
Cc1ccccc1NC(=O)CN1C(=O)CCC1=O,1.02792
CN(Cc1c(F)cccc1Cl)C(=O)C1(C#N)CCCC1,3.098165
COc1ccc(C2(NCc3cnn(-c4ccccc4)c3)CCCC2)cc1,2.989326
CC(C)N1CC[C@H](c2nnc(-c3cncn3C)o2)C1,1.898835
C#CCN1CCN(Cc2nc(O)cc(C(F)(F)F)n2)CC1,1.02792
CCc1cc2c(Nc3cnn(CC)c3)ncnc2s1,2.008583
CS(=O)(=O)CCN1CCC(n2c(=O)[nH]c3ccccc32)CC1,1.02792
O=c1[nH]c2ccccc2n1C1CCN(S(=O)(=O)Cc2ccccc2)CC1,3.823444
CCc1nnc(CN2CCC(n3c(=O)[nH]c4ccccc43)CC2)o1,1.519132
CC1CC1C(=O)N1CCC(n2c(=O)[nH]c3ccccc32)CC1,2.208543
O=c1[nH]c2ccccc2n1C1CCN(c2ncnc3sccc23)CC1,2.530508
O=C(CSCCCn1c(=O)[nH]c2ccccc21)N1CCCCC1,2.880727
CCOC(C)C(=O)N1CCC(n2c(=O)[nH]c3ccccc32)CC1,1.879801
O=C1CCCN1CCCN1CCC(n2c(=O)[nH]c3ccccc32)CC1,1.195291
CC(=O)NCc1ncc(-c2ccccc2C(=O)O)cn1,1.02792
Cn1cc(NC(=O)c2csc(Cc3ccccc3)n2)cn1,1.811287
CCn1c(COC(=O)c2ccc(C)s2)nc2cc(S(=O)(=O)N3CCCCC3)ccc21,2.886558
Nc1ccc2c(ccn2CC(=O)N2CCOCC2)c1,1.02792
Cc1cc(F)ccc1C(=O)NCc1ccc(O)c(O)c1,1.923617
Cc1ccc(OCc2nc3cc(N)ccc3[nH]2)cc1,1.691108
Cc1cc(Cl)c(OCCCN2CCNCC2)c(Br)c1,2.663294
CC(C)[C@@H](C(=O)Nc1nc2ccccc2[nH]1)N1Cc2ccccc2C1=O,2.418869
CS(=O)(=O)c1cccc(CNc2nc(Nc3ccc4c(c3)CCC(=O)N4)ncc2C(F)(F)F)c1,2.122412
Cc1csc(NC(=O)c2cccc(C)c2C)n1,2.961711
CONC(=O)c1ccccc1Nc1cc(Nc2cc(C)nn2C(C)C)ncc1Cl,2.41798
c1ccc(Cc2cccc3cc4c(nc23)OCCNC4)cc1,3.048038
Oc1ccccc1NCc1ccccn1,2.778412
COc1cc2c(NC3CCN(C(C)C)CC3)nc(N3CCC(F)(F)CC3)nc2cc1OCCCN1CCCC1,1.419162
CCCc1cc(-c2nn3c(C4CCCC4)nnc3s2)n(C)n1,3.34775
C/N=C(\NC#N)NCCSCc1nc[nH]c1C,1.02792
Cc1cc(C)nc(CNC(=O)CC2CCNCC2)n1,1.02792
Cc1nnc(-c2cccc(C(=O)O)c2)o1,1.02792
O=C(c1cccs1)N1CCCC(C(=O)N2Cc3ccccc3C(c3ccccc3)C2)C1,3.690645
Cc1ccsc1-c1nc(CN(C)CCc2cn[nH]c2)c(C)o1,3.084478
Cc1nc(C#N)c(C#N)n1Cc1csc(-c2cccs2)n1,3.23191
O=C1CSc2ccc(C(=O)Nc3cc(C4CC4)n[nH]3)cc2N1,2.382883
CNc1nc(N2CCCCC2)nc(N2CCCCC2)n1,2.903509
CC(Oc1ccc(Cl)cc1)C(=O)N1CCC(n2c(=O)[nH]c3ccccc32)CC1,2.719938
Fc1ccc(-c2cc(C3CCNCC3)ccn2)cc1,1.02792
CCC(CC)NC(=O)c1ccc(C#N)c(C)n1,1.699013
Cc1cc(Oc2cnccn2)ccc1N,1.494419
CCN1CCN(c2ccc(NC(=O)c3ncoc3-c3ccc4ccccc4c3)cc2)CC1,2.471762
CCc1cnc(CCNc2cncc(Cl)n2)s1,2.932178
Cc1cccc(OCCn2c(N)nc3ccccc32)c1,3.341613
O=C(COc1ccc2ccc(=O)oc2c1)Nc1cccc(COCc2ccco2)c1,2.628299
C[C@@H](CN1CCC(n2c(=O)[nH]c3cc(Cl)ccc32)CC1)NC(=O)c1ccc2ccccc2c1,2.824656
O=C(Nc1ccccc1)Nc1ccccc1,1.960965
Cc1noc(-c2ccccc2C(=O)O)n1,1.02792
C[C@@H](CN1CCC2(CC1)C(=O)NCN2c1cccc(F)c1)NC(=O)c1ccc(Br)cc1,2.493793
Cn1ccc(NC(=O)c2cc(-c3ccncc3)nc3ccccc23)n1,1.817625
O=C(COc1ccc2oc3c(c2c1)CCCC3)N1CCOCC1,3.47429
c1ccc(-c2ccc(Cn3ccnc3-c3cc4n(n3)CCCNC4)cc2)cc1,2.60099
CNc1cc(C)nc(-c2ccnc3c2ccn3C)n1,1.914777
CS(=O)(=O)N1CCC(Nc2ccc3ccc(F)cc3n2)CC1,1.991102
O=C(Nc1cccc2cnccc12)c1cccc(F)c1,2.119028
NCc1ccc(Oc2ccccc2)nc1,1.70299
O=C(c1ccc(F)cc1)N1Cc2nc[nH]c2C[C@H]1c1nc(-c2ccc(Cl)cc2)no1,2.124628
Nc1cnn(CC(=O)N2CCCCC2)c1,1.02792
Nc1cnn(CC(=O)Nc2ccc(F)cc2)c1,1.795024
CN(c1ncccc1CNc1nc(Nc2ccc3c(c2)CC(=O)N3)ncc1C(F)(F)F)S(C)(=O)=O,1.975441
Cc1noc(C2CCN(CC(N)=O)CC2)n1,1.473283
CN(NC(=O)c1ccn(-c2ccccc2)n1)c1ccccc1,3.279867
COc1cc2c(c(OC)c1OC)CCNC(=O)C2,1.02792
Cc1nn(C)c2nc(C(C)C)cc(C(=O)O)c12,1.02792
CCCn1c(=O)[nH]c2nc(-c3ccc(S(=O)(=O)O)cc3)[nH]c2c1=O,1.02792
O=C(C1CC1c1ccc(F)cc1)N1CCC(n2c(=O)[nH]c3ccccc32)CC1,2.366901
O=C(C1CC1c1ccccc1F)N1CCC(n2c(=O)[nH]c3ccccc32)CC1,3.076226
Cc1cccc(COc2cccc(/C=C3\C(=O)NN(c4ccccc4)C3=O)c2)c1,2.468424
Cc1ccn(-c2ccc3[nH]c4c(c3c2)CCCC4=O)n1,2.709645
COc1cc(CN(C)C(=O)Nc2cccc(C)c2C)ccc1O,2.135616
CSCC(=O)N1CCc2[nH]nc(-c3cccc(F)c3)c2C1,2.98222
O=C(C1CCCN(S(=O)(=O)c2ccccc2)C1)N1CCc2ccccc2C1,3.500598
CCC(=O)N1CCCC(C(=O)N2CCc3c(Cl)cc(Cl)cc3C2C)C1,3.179093
O=C(C1CC1)N1CCCC(C(=O)N2CCc3ccccc3C2Cc2ccccc2)C1,3.642449
O=C(C1CCCN(c2cnccn2)C1)N1CCc2ccccc2C1,3.65285
O=C(C1CCCN(C(=O)N2CCCC2)C1)N1CCc2ccccc2C1,3.004011
O=C(C1CCCN(c2ccc(Cl)nn2)C1)N1CCc2ccccc2C1,3.217463
O=C(C1CCCN(c2ccccn2)C1)N1CCc2ccccc2C1,3.181841
CC(=O)N1CCCC(C(=O)N2CCc3c(cccc3C(C)C)C2)C1,2.704202
CSc1ccccc1NC(=O)CN1CCCC(c2nc3ccccc3o2)C1,3.669127
CCONC(=O)c1cnn(-c2cccc(Cl)c2)c1,2.64966
Cc1ccc(NC(=O)c2cccc3cccnc23)cc1,2.379945
Cc1cnn(Cc2cc(F)ccc2F)c1N,1.02792
CCOc1cc(CNc2ccc(N3CCOCC3)c(C(=O)O)c2)cc(Cl)c1OC,2.187044
O=C(Cn1ccnc1)NCc1ccccc1F,1.02792
C#CCN1CCN(C(=O)CCS(C)(=O)=O)CC1,1.02792
Cc1nnc(NC(=O)c2nn(-c3ccc(F)cc3)c3c2CCCC3)s1,2.356764
CC(C)c1ccc(NC(=O)c2ccc3nccnc3c2)cc1,2.784011
CC(C)CCNC(=O)c1ccc2ccccc2n1,2.805975
Cc1ccc(-c2nc(-c3ccncc3)n[nH]2)cc1,2.429549
Nc1nccc2ccc(-c3cccc(F)c3)cc12,2.897845
Cc1ccc2oc([C@H]3CCN(Cc4ccc(C#N)cc4)C3)nc2c1,2.544928
COc1ccc(-c2ccc(CNc3ccc(CN4CCC(C)CC4)cc3)cc2)cc1,1.517341
c1ccc(-n2cnc3cc(NCc4ccccn4)ccc32)cc1,3.505462
Cc1ccc(NC(=O)c2cc(F)cc(F)c2)nc1,2.454624
CCONC(=O)Cc1coc2c(C)c(C)ccc12,3.024432
O=C(NCc1cccc(O)c1)Nc1ccccc1F,1.769931
O=C(NCCc1ccc(O)c(O)c1)Nc1ccccn1,2.172144
N#CC1(NC(=O)C2CCCCCC2)CC1,1.02792
Fc1cccc(N[C@H]2CCCN[C@H]2Cc2ccccc2)c1,2.818103
CCOc1cc2c(cc1CCC(=O)N1CCC(Cc3ncncc3C(N)=O)CC1)CCC2,3.217348
CC(=O)n1c(/C=C2/N=C(c3ccc(F)cc3)OC2=O)cc2ccccc21,2.158658
Cc1nc2cc(C(=O)N3CCc4nc5ccccc5c(=O)n4CC3)ccc2n1C,1.393452
Cc1ccc(OCC(=O)Nc2ccncc2)c(C)c1,2.705552
Fc1ccc(-c2nnc(CN3CCC(c4c[nH]c5ccccc45)CC3)o2)cc1,2.362456
Cc1cc(C(=O)NCC2(c3ccccc3)CC2)on1,2.037654
Cc1cc(F)ccc1NC(=O)Cn1cncn1,1.02792
Cc1ccc(-c2nnc(SCCn3cccn3)[nH]2)cc1,2.480632
Cc1cccnc1NC(=O)c1csc(-c2ccccc2)n1,2.664206
CC(c1ccccc1)N1CC(C(=O)N2CCC(n3c(=O)[nH]c4ccccc43)CC2)CC1=O,2.657035
CNC(=O)c1ccc(Nc2ncc(C(F)(F)F)c(NCc3nccnc3N(C)S(C)(=O)=O)n2)cc1,2.148279
O=C(Nc1ccccn1)c1cccc2ccccc12,2.144885
O=C(CN1CCSC1=O)N1CCN(Cc2sc3ccccc3c2Cl)CC1,2.543166
CC(=O)N1CCC(c2ccc(C(=O)O)cn2)CC1,1.02792
CCS(=O)(=O)CC(=O)Nc1cc(C)ccc1C,1.02792
O=C(Nc1cccc(Cl)c1F)c1cccc(N2CCCC2=O)c1,2.951316
Cc1ccc2cc(C(=O)N(C)CCC#N)[nH]c2c1,2.08781
CCN(C(=O)CO)[C@H]1CN(/C(=N\C#N)Nc2cccc(OC(F)F)c2)N=C1c1ccc(Cl)c(Cl)c1,2.264329
CCCc1nnc2sc(-c3cc(C(C)C)nn3C)nn12,2.7729
Oc1ccc(-c2noc(-c3cccnc3)n2)cc1,1.899427
CONC(=O)c1cn(-c2ccc(Br)cc2)cn1,2.665532
CC1(C(=O)O)CCN(Cc2ccccc2)CC1,1.02792
CN(CCN(C)C1CCCC1)C(=O)c1ccc(-c2nc[nH]n2)cc1,1.293031
COc1ncc(-c2cccc(N(C)C)c2)c(OC)n1,3.348596
O=C1C(N2CCC(n3c(=O)[nH]c4ccccc43)CC2)CCN1c1ccccc1,2.143733
O=C(NCCc1cccc2cccnc12)C1CCCCC1,2.957115
CCN(Cc1nc2cc(Cl)ccc2c(=O)[nH]1)C(=O)COc1ccccc1Cc1ccccc1,3.167441
Cc1nc(C2CCN(CC(N)=O)CC2)no1,1.02792
CN(C)[C@@H]1CN(C(=O)COc2ccccc2)C[C@H]1O,1.245315
O=C(CCN1CCN(C(=O)OCc2cc(Cl)cc(Cl)c2)CC1)c1ccc2[nH]c(=O)oc2c1,2.710091
CN(Cc1ccc(-c2ccc(Br)cc2)o1)C(=O)c1cnn(C)c1,2.128296
COc1ccc(N)cc1N1CCOC1=O,1.02792
CCCCCCCC/C(=C\CCCCCCCC(=O)O)[N+](=O)[O-],1.929097
COCCOc1ccc2c(c1)ncn2-c1ccc2cccc(N3CCC(N)CC3)c2n1,2.410868
COc1ncccc1NC(=O)c1cccc(C)n1,2.264797
O=C(NCc1ccc(O)cc1)Nc1ccncc1F,1.02792
N#Cc1cccc(CN2CCOC[C@H](O)C2)c1,1.079326
NC(=O)CN1CCC(CCc2ccccc2)CC1,2.66365
O=c1[nH]c2ccccc2n1C1CCN(Cc2nnc(-c3cc4c(s3)CCCC4)o2)CC1,3.03617
COc1ccccc1C(=O)Nc1cccc(-c2ccnc(C)n2)c1,2.22199
Cc1nc2ccc(C(=O)NCCCc3ccc(F)cc3)cc2[nH]1,2.291031
COc1ccc(C(=O)N2CCCC2)cc1NC(=O)c1cc(F)c(F)c(F)c1F,1.954932
c1nc(Nc2ccc3c(c2)OCCCO3)c2sccc2n1,3.196559
CC(C)c1ccc(NC(=O)Cn2cnc3c2c(=O)n(C)c(=O)n3C)cc1,2.289502
CN1CCN(C(=O)C2(NC(=O)c3cc(Cl)c4c(c3)OCO4)CCCC2)CC1,1.576249
COCc1ccc(-c2nc3c([nH]2)c(C)nn3C2CCCCC2)o1,2.685305
N#Cc1cccnc1Nc1cnn(Cc2ccccc2)c1,2.929308
COCc1nc(C2CCN(CCO)CC2)no1,1.859607
CN(CCC#N)Cc1cc(C#N)ccc1F,1.02792
Cc1cccnc1NC(=O)CCc1ccc(F)cc1,2.882886
COC(=O)[C@]12CCC(C)(C)CC1C1C(=O)C=C3[C@@]4(C)C=C(C#N)C(=O)C(C)(C)[C@@H]4CC[C@@]3(C)[C@]1(C)CC2,2.508843
CC(=O)NC1(c2ccc(F)cc2)CCN(Cc2ccc(OC3CCCC3)cc2)CC1,2.539204
CC(=O)N1c2ccccc2C[C@H]1C(=O)O,1.02792
C[C@H](C(=O)Nc1nc2ccccc2[nH]1)N1Cc2ccccc2C1=O,1.796505
O=C(Nc1cc(Cl)ccc1Cl)c1cccc(N2CCCC2=O)c1,2.986507
Cn1ccc2c(NC(=O)N3CCCN(C(=O)Oc4ccccc4)CC3)cccc21,2.8903
Cc1cccc(NC(=O)CN2C(=O)N(C)C3(CCCCC3)C2=O)c1C,3.422236
O=C1NCN(c2ccccc2)C12CCN(CCCOc1ccc(F)cc1)CC2,2.739014
COc1ccc(CN(C)c2ncncc2Br)cc1O,2.325086
O=C(NCc1ccc(O)c(O)c1)c1ccc2ccccc2n1,2.497681
COc1ccc2c(c1)CN(c1nc(C)cc(C)n1)CC2,2.684467
Cc1ccc(F)cc1C(=O)N1CCc2c(nc(-c3ccccn3)nc2N(C)C)C1,1.789757
COc1ccc(CCCNc2nnc(C)o2)cc1,2.180284
Cn1c(=O)c2c(ncn2C)n(C)c1=O,1.02792
CC(C)c1nc(S(=O)(=O)N2CC3(CC3)c3ccccc32)c[nH]1,3.492901
NC(=O)COc1ccccc1C(=O)Nc1cccc(-c2ccc3ccccc3c2)n1,3.027327
CN1CCC(O)(CNC(=O)C2CCCCCC2)CC1,2.661105
Cc1cc(-n2ccnc2)ccc1C(=O)O,1.02792
O=C1CC(N2CCCN(c3ccc(C(F)(F)F)cn3)CC2)C(=O)N1c1ccccc1,3.108208
O=C(NCc1cnn2cccnc12)c1ccccc1-n1cnnc1,1.02792
Brc1nnc(N2CCC(OC3CCCC3)CC2)s1,3.492201
Cc1ccc(CCNc2ccc(C#N)nc2)cn1,1.653984
Cn1cc(CNc2ncccn2)c(C(C)(C)C)n1,2.559899
[2H]c1nc(C)nc([2H])c1-c1cc(NC[C@@H](C)c2cccc3c(C(=O)NC)ccnc23)ncn1,1.947002
CC(=O)Nc1ccccc1CN1CCC(c2nnc3ccccn23)CC1,2.058422
O=C(Nc1ccc2[nH]ncc2c1)[C@H]1CCCNC1,2.535464
CCc1cc(=O)[nH]c(SCCN2CCCCC2)n1,2.644121
CCCn1ncc(CN2CCC(c3cc4cccnc4[nH]3)CC2)c1C,2.3032
O=c1cc2c(n[nH]1)-c1cnc(N3CCCC3)nc1CC2,2.012631
O=C(c1ccc(-c2ccncc2)cc1)N1CCC(O)(CN2CCCC2)CC1,1.880871
Cc1nc2cc(-c3nccn3C)nn2c(NCCCN(C)C)c1C,2.778639
CN(C)CCSc1nnnn1-c1ccc(Br)cc1,3.239851
Cc1ccc(Nc2ccnc(Nc3ccc(C)cc3)n2)cc1,2.67886
Cc1cnn(CC(=O)NCCCn2cc(Cl)cn2)c1,1.674292
CN(CCCC1CCCC1)Cc1cc(=O)[nH]c(=O)[nH]1,2.21721
C[C@H](Cc1cc2c(c(C(N)=O)c1)N(CCCO)CC2)NCCOc1ccccc1OCC(F)(F)F,2.495082
CC(C)N(C(=O)Cn1cccc2cc(C(F)F)nc1-2)C(C)C,2.639586
Cc1noc2ncnc(N3CCCN(C(=O)C4CC4)CC3)c12,2.17175
CCn1ncc(CN(C)C(=O)c2ccc(-c3nc(C)cc(C)n3)cc2)c1C,2.444114
O=c1c2cccc(C(F)(F)F)c2ncn1C1CCCC1,2.500527
COc1cccc(C)c1C(=O)N(C)Cc1ncc[nH]1,2.628095
COc1ncnc(C)c1-c1cccc(OC(C)C)c1,3.025721
Fc1cccc(N2CCCC2)c1CN1CCN(Cc2ccon2)CC1,3.538634
O=S1(=O)CCN(C2CCN(CC(F)(F)F)CC2)CC1,1.30285
CC(C)n1cnnc1SCOCc1ccccc1,2.340825
CCn1nccc1CNc1ncccn1,1.02792
CCn1c(CN2CCCCCC2)nc2ccccc2c1=O,3.350809
C#CCNC(=O)N(Cc1ccccc1F)C1CCOCC1,1.5498
CCc1cccc(C)c1NC(=O)c1ccc(C)o1,2.23492
Cc1ccc2occ(CN3C[C@H]4CCCN4C[C@H]3C)c(=O)c2c1,2.980279
COCC1(CNS(=O)(=O)c2ccccc2)CCC1,2.998379
CCC(C)(C)N1CCN(C(=O)Nc2cnn(CC(C)C)c2C(F)F)CC1,2.201618
Cn1cc(-c2cccc3c(C(N)=O)cccc23)cn1,1.628971
O=c1c2cnccc2ncn1Cc1ccc2c(c1)CCCO2,2.449105
CN(CCNC(=O)NC1CCOCC1)C1CCCC1,2.264216
Cc1cccc([C@H]2CN(C(=O)C3CCCC3)[C@@H]3CCN(CC4CC4)C[C@H]23)c1,3.368017
COc1ccc(Cl)cc1NC(=O)CN1CCCN(c2ccc(C(F)(F)F)cn2)CC1,3.026314
Cc1noc(NCc2c(C)nn(C)c2C)n1,1.02792
Cc1cc(Nc2ccc(F)cn2)cc(C2CCN(C(=O)CCc3cccc(Cl)c3)C2)n1,3.35586
Cc1ccc(NC(=O)CN(C)C2CCCCC2)cc1S(=O)(=O)N(C)C,3.587441
CC(C)Oc1ccc(C#N)cc1NC1CCN(C)CC1,2.000816
CCc1cc(NS(C)(=O)=O)n(C)n1,1.02792
Cc1ncc(-c2ccccn2)c(CCNC(=O)C2CCCC2)n1,1.957583
O=C(Nc1ccc2c(c1)N(CC(F)F)C(=O)CS2)C1CC=CC1,2.591759
Cc1nccc(NC(=O)c2ccc(Cl)nc2Cl)n1,1.182072
O=c1c2ccccc2nnn1CCOc1ccc(F)cc1,2.092524
COc1cc(OC)cc(N(CCNC(C)C)c2ccc3ncc(-c4cnn(C)c4)nc3c2)c1,2.897661
CC(C)[C@H]1C(=O)N[C@H](CO)Cc2cc(NC(=O)/C=C/C=C/c3ccc(C(F)(F)F)cc3)ccc2N1C,2.642549
O=C(Nc1ccc(COC2CCCC2)cc1)N1CCC(CO)CC1,2.517034
COC[C@@H](O)Cn1c(C)nc2ccccc21,1.02792
c1nn(C2CCOCC2)cc1Nc1ncc2nnn(-c3ccc4cn[nH]c4c3)c2n1,2.883853
C1CN(c2nc3c(c(N4CCSCC4)n2)SCC3)CCS1,3.183514
Cc1cc(C)n2nc(C)c(C(=O)NCC3CC3)c2n1,2.02382
CCN(CC)C(=O)CSCc1cncc(F)c1,2.921821
Cc1ccc(S(=O)(=O)N2CCC(c3nnc(-c4cccnc4)o3)C2)cc1,2.771756
CC1(C)[C@H]2CC=C(CN3CCC4(CCC(=O)N4)CC3)[C@@H]1C2,2.292278
O=C(c1cc(-c2ccc(F)cc2)on1)N1CC[C@H](Oc2ccccc2F)[C@@H](O)CC1,2.777962
CC(C)c1nsc(N2CCC(Nc3cccnc3)CC2)n1,2.605352
COc1cccc(Oc2ccc(NC(=O)CN3CCOCC3)cn2)c1,2.140546
Cc1cc(C(F)(F)F)nc(CCNC(=O)N(C)Cc2c(C)noc2C)n1,2.762027
CC1(C)[C@@H]2C[C@H]1[C@@]1(O)[C@@H](C2)Oc2c(ccc(O)c2C(=O)NCCNc2ccccn2)[C@@H]1O,3.302262
CC(=O)Nc1ccc(CNCCOc2ccc(F)cc2F)cc1,2.057769
CCCc1cc(O)nc(SCC(=O)N2CCN(C)CC2)n1,1.02792
CN1CCC(O)(CNS(=O)(=O)CC2CCCCC2)CC1,2.588021
COCCCNc1ncc(-c2cc(C)no2)c(C(C)C)n1,3.775182
Nc1ccnc2ccc(Oc3ccccc3)cc12,3.368233
Cc1ccc(-c2ccc(N(C)CCO)nn2)c(-n2cccn2)c1,1.902052
COc1ccc(-c2cc(C(C)(C)C)nc(-c3ncccn3)n2)cc1,1.87774
O=C(CC[C@@H]1CCCN2CCCC[C@H]12)NCc1ncc(Cl)cn1,1.575442
Cc1nc2ncc3c(n2n1)CCCC3=O,1.02792
O/N=C1/CCCc2c1cnc1ncnn21,1.02792
CN(C)CCOc1cc(-c2cn[nH]c2)ccc1NC(=O)C1COc2ccccc2O1,2.839463
CCc1cc(CNC(=O)Nc2ccc(N3CCSCC3)cc2)on1,3.155027
CCCN(CCC1=CCCCC1)C(=O)Cc1n[nH]c(=O)[nH]1,3.105395
C/C(=C/COc1c2occc2cc2ccc(=O)oc12)CO,2.645545
Cc1cc(-c2nc(N(C)C)no2)cc(O)n1,1.501114
CCc1cnccc1C(=O)Nc1cnccn1,1.234871
CN(C)c1nccc(N2CCN(CCCCCF)CC2)n1,3.159829
CC(=O)NC1CCC(NCCc2c(C)cccc2C)CC1,3.055741
Cc1nnc2ncc(-c3cccc4ccnn34)cn12,1.598911
O=C(CC/C=C/c1ccccc1)Nc1ccccc1N1CCOC1=O,2.889611
COc1cc(CN2C[C@H]3CCc4c(nc(C)[nH]c4=O)[C@H]3C2)cc(OC)c1OC,1.02792
Cc1ccnc(NCc2cccnc2)n1,1.217905
CC(=O)N1CCN([C@H]2CCN(C(=O)c3cc4cc(Cl)ccc4o3)CC[C@@H]2O)CC1,1.986427
c1nc(N2CCC3(CCCCC3)C2)c2cn[nH]c2n1,2.851225
CC(C)(C)CCCNC(=O)N1CCN(Cc2ccon2)CC1,2.794642
COc1ccc(-c2nn(C)c3ccccc23)c(OC)c1OC,3.102548
COCC1(CNC(=O)c2cc(Cl)cnc2O)CCC1,2.676556
COc1ccc(COc2ccc(Cc3cnc(N)nc3N)cc2OC)cc1,2.396649
CCSCCC(=O)NCCn1nc(C)c(CC)c1C,3.187317
Cc1cccc(NCCc2cc(F)cc3c2OCOC3)n1,3.714727
COCC1(CNS(=O)(=O)c2ccc3[nH]cnc3c2)CCC1,2.934497
Clc1ccc(CSc2nc(-c3ccccc3)c[nH]2)cn1,3.458937
CCc1ccccc1S(=O)(=O)NCCc1cn[nH]c1,2.726354
Fc1ccc(CN2CCCN(c3ccc4nnnn4n3)CC2)cc1,2.792201
CC(C)c1nnc(CN(C(C)C)C2CCOCC2)o1,2.34331
CNc1ncc(CN(C)CCN2CCCCC2)cn1,1.757214
C#CCOc1ccc(OC)cc1C(N)=O,1.865086
Cc1cc(C)nc(N2Cc3ccccc3C2=N)n1,3.066215
O=C(O)c1csc(Cc2ccc(Cl)cc2)n1,1.02792
CCOc1cc(N(C)CC2CCN(C)CC2)ncn1,2.748801
O=C(c1cc(F)ccc1F)N1CCN(C(=O)C2CC2)CC1,1.295985
Cc1ccnc(N2CCC(OCC3CCCC3)CC2)n1,3.771624
Fc1cc(Br)ccc1CNCc1ccccn1,2.64848
CN(CCSc1ccc2nnnn2n1)Cc1ccccc1,1.02792
Cc1cccc(NCCN2C(=O)CCC2=O)n1,1.697892
Cc1ncsc1CNc1nnc(-c2ccncc2)o1,1.788628
c1ccc(-c2nc(CSc3ccc(-n4cccn4)nn3)cs2)cc1,2.622862
CCS(=O)(=O)N(C)c1ccc(N(C)C)cc1,3.474098
Cc1ccc(CN)c(-n2cc(Cl)cn2)n1,1.437433
Cc1nccc(NC(=O)c2ccncc2Cl)c1Cl,1.892762
COC(=O)c1cccc2c1CCCN2C(=O)c1ccc(F)cc1F,3.301823
CCc1nc(CNc2ccc(C#N)nc2)cs1,2.035978
O=c1oc2cccnc2n1Cc1ccccn1,1.02792
Cc1cc(Nc2ccc(F)cn2)cc(C2CCN(C(=O)COc3ccccc3)C2)n1,2.821967
CC(C)CCCNC(=O)c1[nH]ncc1Br,2.87051
COc1cccc(C)c1C(=O)N[C@H](CO)CCSC,2.869797
N#Cc1cccc(CNCc2ccccn2)c1,1.481084
CC(=O)N(C)[C@H]1CC2(CCN(C(=O)COc3ccc(F)cc3F)CC2)OC[C@]1(C)O,1.188394
O=C(CCc1cn[nH]c1)NCCCn1cc(Cl)cn1,1.446149
Cc1nn(C)c(C)c1-c1cc(C(C)(C)C)nc(N(C)C)n1,2.563053
C[C@@H](NC(=O)N1CCC2(CCOCC2)CC1)c1ccc(F)cc1,2.375389
CSc1ncccc1C(=O)Nc1ccc(-c2nnc(C)[nH]2)cc1,1.644163
CCc1c(C(=O)N2CC[C@@](O)(CC(C)C)[C@@H](Oc3ccc(F)cc3)C2)[nH]c2ccc(C)cc12,3.111776
COc1cccc(Cn2cnc3c(c2=O)COCC3)c1Cl,2.13969
CN(Cc1cnc2ccccc2n1)S(=O)(=O)N1CCCC1,3.203588
CC(C)N(CCCNC(=O)Nc1ccc(C(C)(C)C)cc1)C[C@@H]1O[C@@H](n2ccc3c(N)ncnc32)[C@H](O)[C@H]1O,3.284991
CCN1CCC(CCNc2ncc(C)c(N(C)C)n2)CC1,2.509164
Cc1cc(C(=O)N(C)CCCC2CCCC2)cc(C)n1,3.752342
CC(=O)N1CCC2(C=Cc3cc(C)c(C)cc3O2)CC1,3.00812
Cc1ccc(=O)n(CCOc2cc(F)cc(Br)c2)n1,2.954911
COCC(=O)Nc1cc(C#N)cn1C(C)(C)C,1.185684
Cn1nc(CNC(=O)C2CCC2)c2ccccc21,2.167323
COc1nc2c(cc1CNC(=O)N1CCC[C@@H]1CO)C(=O)N(C1CCCC1)C2,1.839321
CN(Cc1ccc(N)nc1)c1nc(C(F)(F)F)cs1,2.066151
CC(C)c1nnc(CNc2ncc(Br)cn2)n1C,1.02792
Cn1cc(CN2CCc3nc4ccccc4c(=O)n3CC2)cn1,1.29846
Cc1cc(-c2cn(C)nc2[C@H]2CC[C@H](CNC(=O)C(C)C)CC2)on1,2.428572
NC(=O)CN1CCC(COc2ccccc2C(F)(F)F)CC1,3.044294
Nc1nnc(SCCSC2CCCCC2)n1C1CC1,2.765296
Cc1cccnc1CN1CCC(O)(c2ccccc2)CC1,2.834842
CCc1nccn1Cc1nc(N)nc(N(C)C)n1,1.239149
O=C(Nc1ccccn1)c1ccc2c(c1)C(=O)N(C1CCCCC1)C2=O,2.898286
CC1(C)CC(CC(=O)NCCn2ccnn2)CC(C)(C)N1,1.02792
Cc1nc(NCc2cn(C)nc2-c2cccs2)n(C)n1,1.445371
CC(=O)NC[C@H]1C[C@]2(C)[C@@H](CCCC[C@]2(C)O)N1CC1(O)CCOCC1,1.614433
CCc1cc(CNC(=O)NC2CCN(CC3CCCCC3)CC2)on1,1.905153
Cc1c(CN2CCC(Nc3ncnc4sc(CC(F)(F)F)cc34)CC2)ccc2[nH]c(C#N)cc12,2.235889
Cc1cc(Nc2cc(N)ncn2)c(=O)n2c1C(=O)NC21CCCCC1,1.393628
Cc1ccnc(-n2nccc2NC(=O)NC2(C)CCC2)c1,2.969096
CCOC(=O)c1cccnc1SCc1cccnc1,3.099885
O=c1c2ccccc2cnn1Cc1cccc(OCC(F)(F)F)c1,1.710092
O=c1c2oc3ccccc3c2ncn1Cc1ccc(Cl)cc1,2.957348
Cc1cc(NC(=O)[C@H](C)N(C)C)c2ccccc2n1,2.036617
CC(=O)N1c2ccc(S(=O)(=O)Nc3cccc(-c4cnco4)c3)cc2CC1C,2.438528
Cc1cc(Nc2nnc(C)s2)cc(C2CN(C(=O)c3c(C(C)C)noc3C)CCO2)n1,2.178171
COc1ccc2nc(C)nc(NCc3ncc(C)o3)c2c1,2.471198
CC(C)c1cc(N(C)Cc2nc(C3CC3)n[nH]2)n[nH]1,1.565186
Cc1nsc(NCc2cncs2)n1,1.226136
CCCc1noc2nc(-c3ccncc3)cc(C(=O)O)c12,1.258254
CC(C)n1cnnc1-c1cccc(N2Cc3ccc(Br)cc3C2=O)n1,1.744606
CC(C)OCCS(=O)(=O)N1CCc2ccccc2CC1,3.496731
COC(=O)CCCNC(=O)CN1CCC(C(=O)c2ccc(C)cc2C)CC1,3.280152
COc1cc(Br)c2c(=O)[nH]c(C)nc2c1,2.170801
CSc1nnc(CCCNc2cc(C)ccn2)n1C1CCCC1,3.508117
CC(=O)N1CCN(Cc2nc(O)cc(C(F)(F)F)n2)C(C)(C)C1,1.02792
CNCc1cc(N(C)C)nc(C2CCCN2C(=O)COc2ccc(F)cc2)n1,2.388197
Cc1ncsc1-c1cncc(CC2CCCN(C)C2)n1,2.032151
CC(=O)NCCCC(=O)Nc1ccc(Oc2ccccc2Cl)cc1,2.858806
COC(C)(C)C(=O)Nc1ccnc(C(C)(C)C)n1,2.023738
CCCN(CCC1=CCCCC1)C(=O)c1cc(C(F)F)n[nH]1,3.298136
COc1cccc(C(=O)Nc2nccs2)c1,2.78177
CCC(CC)N1CC[C@H](O)[C@@](O)(COc2cc(C)ccc2Cl)C1,3.66787
CSc1ccc(C)c(C(=O)NCCN2CCC(C)CC2)c1,3.24204
Cc1cnn(CCNC(=O)C2(Cn3cccn3)CC2)c1,2.03344
C[C@@H]1CN(Cc2ccccc2)C[C@H]1c1nc2c(cnn2C2CCOCC2)c(=O)[nH]1,2.506747
CNCc1cc(N(C)C)nc(C2CCCN2C(=O)C2CCCC2)n1,2.396668
CNCc1cc(N(C)C)nc(C2CCCN2C(=O)c2ccccc2-c2ccccc2)n1,2.358299
CCn1nccc1-c1cc(C)nc(N2CCCC2)n1,2.599548
c1ccc(NCc2ccc3c(c2)OCCCO3)nc1,3.851428
CCCN(CCc1cccs1)[C@H]1CCc2c(O)cccc2C1,3.581057
c1ccc(N2CCOCC2)c(CNc2cc(N3CCCC3)ncn2)c1,3.18184
c1cc(-c2nnc(NCc3cncs3)o2)ccn1,1.961093
CC1=CCN(C(=O)c2cc(C)nc3cc(C)cc(C)c23)CC1,3.329442
Cc1nc2n(c1CN1CCN(c3ncccn3)CC1)CCCC2,3.072683
O=C(Nc1ccn(CC(F)F)n1)NC1CCN(C2CCCC2)CC1,1.02792
CCC[C@@H]1C[C@@H](C(=O)N[C@@H]([C@H]2O[C@H](SC)[C@H](O)[C@@H](O)[C@@H]2O)[C@@H](C)O)N(C)C1,1.946098
CCc1nc(CN2CCC(=O)Nc3cc(F)ccc32)n[nH]1,1.207796
CCCNC(=O)C1(NCc2csnn2)CCCCC1,2.18063
O=c1c2ccncc2ncn1[C@H]1CCN(Cc2ccccc2)C1,2.901184
Cc1nc(-c2cccc(-c3ccc(C(=O)NC[C@@H]4CCCN4)cc3)c2)no1,1.479259
C[C@@H]1NC(=O)N(CCC2Cc3ccccc3C2)C1=O,2.285148
NC[C@@](O)(c1ccc(Cl)cc1)c1ccc(-c2cn[nH]c2)cc1,1.447778
COCCc1n[nH]c(-c2ccc(N3CCN(C)CC3)cc2)n1,1.698848
CCCn1cc(NC(=O)Nc2ccc(N3CCSCC3)cc2)cn1,2.907584
CO[C@H]1/C=C\C=C(\C)C(=O)NC2=CC(=O)C(NCCN(C)C)=C(C[C@@H](C)C[C@@H](OC)[C@@H](O)[C@@H](C)/C=C(/C)[C@H]1OC(N)=O)C2=O,1.866807
COc1cccc(F)c1NC(=O)N1CCC(N2CC=CC2)CC1,2.560247
O=C(NCCN1CCc2ccccc2C1=O)c1ccon1,1.750439
Cc1nnc2ncc(-c3cccc(-c4ccnn4C)c3)cn12,1.4916
O=C(Cn1cc(NCc2cccc(Cl)c2)cn1)N1CCOCC1,1.85685
COc1nc2c(cc1CNC(=O)N1CC[C@@H](O)C1)C(=O)N(C1CCCC1)C2,1.02792
CCc1nc(N2CC(CO)C2)c2ccsc2n1,1.698918
CCc1c(C(=O)NCCc2ccc(N3CCCCC3)cc2)[nH]c2ccc(Cl)cc12,2.684616
CC1(C)CC(=O)c2c(C(F)(F)F)nn(-c3ccc(C(N)=O)c(N[C@H]4CC[C@@H](O)CC4)c3)c2C1,2.03222
O=C(c1cn(Cc2cncn2Cc2ccc(Br)cc2)cc1-c1cccc2ccccc12)N1CCOCC1,3.303574
Clc1ccc2c(NCCN3CCOCC3)ncnc2c1,2.329078
O=C(NCc1cccs1)c1cccnc1,1.02792
COc1cc(OC)cc(-c2c(C)ncnc2OC)c1,2.030191
O=C(Cc1cccnc1)Nc1ncccc1Cl,1.492886
CC(=O)N1CCN([C@H]2CCN(C(=O)c3cc4cc(C)ccc4o3)CC[C@@H]2O)CC1,2.183557
O=C(NCc1nc(-c2cnccn2)n[nH]1)C1Cc2ccccc2C1,1.278845
COc1cc2nn(CCC(C)(C)O)cc2cc1NC(=O)c1ccn(C(F)F)n1,1.02792
CC(C)(O)CCn1cc2cc(NC(=O)c3cccc(C(F)F)n3)c(OCC3COC3)cc2n1,1.85814
CC(C)(O)CCn1cc2cc(NC(=O)c3ccn(C(F)F)n3)c(OCC3COC3)cc2n1,1.124928
CNC(=O)c1ccc(N2CCCc3cc(OC)ccc3C2)nn1,2.934253
C[C@H](c1nc(=O)c2cnn(C3CCOCC3)c2[nH]1)N1CC(Oc2ccccc2)C1,2.206599
CCN1CCN(C(=O)CNc2ncnc3onc(C)c23)CC1,1.02792
O=C(NN1CCOCC1)c1ccc(Cl)c(Cl)c1,1.02792
O=C(CCCC(=O)N1CCN(c2nsc3ccccc23)CC1)Nc1nccs1,2.70931
O=C1CCC(=O)N1CCSc1ncc(-c2ccc(F)cc2)[nH]1,2.855273
Cc1c(C(=O)Nc2ccc(N3C[C@@H](C)O[C@H](C)C3)nc2)cccc1-c1ccc(OC(F)(F)F)cc1,1.874377
COc1ccc(CC2CN3CCN(C(=O)OCc4ccccc4)CC3CO2)cc1,2.935137
Cc1ncc(-c2ccc(C)c(S(=O)(=O)NCc3cnn(C)c3C)c2)o1,3.138217
Cc1noc(C)c1-c1cc(-c2ccccc2Cl)nc(C2CC2)n1,2.160243
CNCc1cc(N(C)C)nc(C2CCCN2C(=O)COC)n1,1.02792
CCCc1ccc(-c2cccc(C(=O)N3CCN(CC(N)=O)CC3)c2)cc1,2.849214
C[C@@]12CCCN1C(=O)[C@H](C1CCCCC1)NC2=O,1.317144
Cc1nc(C)c(CNc2ncnn2C)s1,1.352144
CC(=O)c1ccccc1-c1cccc(C(=O)NCCCN2CCCC2)c1,2.870665
CN1CCC(Cc2cccc(-c3nccs3)n2)C1,3.306892
COCCCNc1nnc(-c2ccncc2)s1,1.924543
O=c1cc2c(n[nH]1)-c1cnc(N3CCCCC3)nc1CC2,2.039826
CC(C)N(C)S(=O)(=O)N1CCC(CNC(=O)CCCn2cccn2)CC1,2.455434
Oc1ccc2nc(/C=C/c3csnn3)ccc2c1Cl,2.380291
CC1=C(C(=O)Nc2cc3cn[nH]c3cc2F)C(c2ccc(C(F)(F)F)cc2)CC(=O)N1,2.078301
CC(C)Cc1nn(C)c(=O)c2c(SCCCO)n(Cc3cccc4ccccc34)cc12,3.310522
Cc1cc(N2CCOCC2)ccc1Nc1nc(NC2CCCCC2)c2nc[nH]c2n1,2.938639
O=C(NCCc1cnn[nH]1)C1Cc2ccccc2C1,1.02792
CC1CCC(O)(CSc2nncn2C(C)C)CC1,2.330186
C[C@]1(O)CN(C(=O)Cn2cnc3ccccc32)CC[C@@H]1Oc1ccccc1,2.256783
CN(C)c1ccncc1CN1CCN(c2ccc(C(N)=O)cc2)CC1,1.02792
COc1ccccc1/C=C/CN1C[C@H]2CCCN2C[C@@H]1C,3.161579
CSC1(CNC(=O)N2CCC=C(c3ccccc3)C2)CCOCC1,3.43872
O=C(CN1CCCC1=O)NCC1(CO)CCCC1,1.02792
CN(CCc1ccncc1)c1ncccc1C#N,2.741716
CCCc1noc(CN2CCN(c3ccccc3OC)CC2)n1,2.545714
CCOCCNC(=O)c1cccc(-c2cc(F)ccc2OC)c1,2.913367
CCN(Cc1cnn(C(C)C)c1)C(=O)NCCC(C)(C)OC,2.211505
Cc1oc2ncnc(NCc3cc(F)cc4c3OCOC4)c2c1C,3.309033
CN(Cc1cnc2ccccc2n1)S(=O)(=O)N1CCCCCC1,3.760282
CCc1c(C)nn(CCNC(=O)CCc2cnccn2)c1C,2.811035
CCC(=O)Nc1cccc(Oc2nc(Nc3ccc(N4CCN(C)CC4)cc3OC)ncc2Cl)c1,2.376343
CC1=C(Br)CN(CCc2nc3ccccc3c(=O)[nH]2)CC1,3.311622
CN1CCCn2c1cc(OCc1cc(F)c(Oc3ccc(C(F)(F)F)nc3)c(F)c1)nc2=O,2.100267
Cc1cc(C(=O)N2CCC(C(=O)c3ccnn3C)CC2)sc1C,2.98101
CCCOc1ccn2c(C(C)=O)cc(-c3ccccc3S(C)(=O)=O)c2c1,2.752265
CCN(CCOC)C(=O)Nc1ccc2occc(=O)c2c1,1.514641
COc1ccc(N)c(OCc2ccccc2)c1,2.849198
COc1ccc2nc3c(cc2c1)CNCCO3,1.915911
Cc1ccc(-n2nc(NCc3cnn(C)c3)cc2C)cc1,1.847542
C#Cc1cccc(N(CCC(=O)NC(N)=O)Cc2cccs2)c1,3.030718
CCCNC(=O)CSc1nc2cc(C)ccc2[nH]1,3.073911
CCCn1cnnc1CN(C)Cc1ccc(C(F)(F)F)nc1,1.469984
CC(C)CCn1ccc(NC2CCN(C(C)C)CC2)n1,2.181169
CC(=O)N(C)[C@H]1CC2(CCN(C(=O)COc3cc(C)c(Cl)c(C)c3)CC2)OC[C@]1(C)O,2.645137
Cc1cc(C)c2ccc(C(=O)N3CCN(c4nc[nH]n4)CC3)cc2n1,1.224714
CCCc1nn(CCCN2CCCCC2)c(=O)o1,3.203115
COCc1nn(CCCN2CCCCC2)c(=O)o1,2.568773
Cc1noc(C)c1CS(=O)(=O)C1CCCc2ccccc21,3.146577
Cc1nnc2ccc(NCCOC3CCCCCC3)nn12,2.954688
NCCOc1cccc(CC(=O)N2CCCN(C(=O)C3CCC3)CC2)c1,1.02792
C[C@H]1CN2C[C@H](O)C[C@@H]2CN1Cc1cccc2ccccc12,3.280922
Cn1cccc(C(=O)NCc2nc(C(C)(C)C)no2)c1=O,2.136644
Cc1nnc2ccc(N3CCC4(CCCCC4)C3)nn12,2.778048
COC(=O)N[C@H](C)CNc1nccc(-c2cn(C(C)C)nc2-c2cc(Cl)cc(NS(C)(=O)=O)c2F)n1,1.822965
N#Cc1c(F)cccc1Oc1cccnc1,1.479057
CCn1cnnc1CN(C)C1CCN(c2ccccc2F)CC1,2.531992
CSc1ccc(C(=O)Nc2cccc(C(=O)NCC(C)C)c2)cc1,3.424122
COc1cc([C@@H]2c3cc4c(cc3[C@H](O)[C@H]3COC(=O)[C@@H]23)OCO4)cc(OC)c1OC,3.76763
Nc1ncnc2ccc(-c3ccnc(F)c3)nc12,1.02792
Cc1ccc(C(=O)NCCc2ccc(F)cc2)o1,2.146078
CCCc1ccc(C(=O)CSc2nncs2)cc1,3.09916
O=C(O)c1cnn(-c2nc3cc(Cl)c(OC(F)(F)F)cc3[nH]2)c1,1.02792
Cc1ncc(C)n2nc([C@@H]3C[C@H]3c3nc4c5cccnc5ccn4c3C)nc12,1.914433
O=C(c1cccc(Nc2ncccn2)c1)N1CCOCC(Cc2cccc3ccncc23)C1,3.217539
Cc1cccc(NC(=O)N2CCC(N3CC=CC3)CC2)c1Cl,3.018893
CC(C)(C(=O)c1ccccc1)/[N+]([O-])=C/c1ccc(F)cc1,1.788112
COCC1(C(=O)N(C)Cc2ccc3ccccc3n2)CCC1,3.620793
O=C(CC1c2ccccc2CCc2ccccc21)NCCN1CCOCC1,3.305805
COc1ccccc1-n1cc(CNC(=O)N(C)Cc2c(C)nn(C)c2C)cn1,2.708621
Cc1cc(C(=O)N(C)C2CCSCC2)c(=O)n(C)c1C,1.751133
CC(C)c1nccn1Cc1nc2ccccc2[nH]1,2.377286
O=C(Nc1ccc(Cl)nc1)NC1CCN(C2CCCC2)CC1,1.02792
Cc1cc2nc(Sc3nnc(C)n3C)c3ccccc3n2n1,1.543733
CCCS(=O)(=O)NC1CCN(Cc2ccc(C)c(OC)c2)CC1,2.901866
C[C@@H](NC(=O)N1CCC2(CCN(C)CC2)C1)c1ccc(F)cc1,1.02792
CC(C)n1c(=O)cc(N[C@@H](C)c2ccccc2)[nH]c1=O,1.482531
CCc1cc(N2CCOCC2)nc(C2CCN(C(=O)C3CC3)CC2)n1,2.443651
CC(C)Nc1ccc(-c2cc3c(cc2CO)OCCO3)cn1,3.757414
O[C@H]1CC[C@H](Nc2ncc3nc(Nc4c(F)cc(F)cc4F)n([C@H]4CCOC4)c3n2)CC1,1.037347
Cc1ccc(NC(=O)OCC(F)(F)F)cn1,1.547122
COc1ncccc1C(=O)Nc1nc(C)nn1C,1.02792
O=C(Cc1n[nH]c2ccccc12)N1CCCO1,1.499934
Cc1ccc(C)c2nc3c(cc12)CNCCO3,2.369667
CN(CCSc1ccc2nnc(C(F)F)n2n1)Cc1ccccc1,3.502383
CCOC(=O)c1ccc(N2CCSCC2)nc1,3.474911
N#Cc1ccccc1NC(=O)CCc1ccccc1,2.658641
COc1cccc(Nc2c(C(N)=O)cnc3c(C)cc(S(=O)(=O)c4cccc(C(=O)N(C)C)c4)cc23)c1,3.159346
CN1CCc2ccc(C(=O)NCCC(=O)Nc3cccnc3)cc21,1.937759
CCCc1cc(C(=O)Nc2ccc(-c3nnc(C)[nH]3)cc2)no1,2.462724
CC(C)N1CCN(CCCSc2ccccn2)CC1,3.034584
CS(=O)(=O)NC1CCCN(c2nc3ccccc3o2)C1,1.626166
Cc1cc(C)c(NC(=O)CN(C)c2ccc(C#N)nc2)c(C)c1,1.878947
Cc1nc(-c2ccccc2)nc(O)c1C,1.735088
O=C(CSCCc1ccccn1)Nc1ccccc1,3.427032
O=C(NCC1CCC2(CC1)OCCO2)c1[nH]nc2c1CCCC2,3.104765
C[C@]12C=CC(=O)C=C1CC[C@@H]1[C@@H]2[C@@H](O)C[C@@]2(C)[C@H]1CC[C@]2(O)C(=O)CO,1.798878
COc1cc(OC)cc(C(=O)NCc2noc(-c3ccccc3)n2)c1,2.797785
CC(C)N(C)S(=O)(=O)NCCCc1nc2cc(Cl)ccc2[nH]1,3.39834
CN(Cc1ccc(OC(F)(F)F)cc1)Cc1cn(C)nn1,2.462612
Cc1noc(NCc2ccc(F)cc2C)n1,1.834395
COc1ccc(CC(=O)Nc2ccc(F)nc2)cc1,1.883434
CC(=O)NC1CCC(NCCSc2ccc(C)cc2)CC1,2.69808
CCOc1cc(N2CCOC3(CCCC3)C2)ncn1,2.800129
CN(CCn1cnc(C#N)c1C#N)c1ccccc1,3.024706
O=C(c1ccccc1N1CCOCC1)N(Cc1ccccn1)C1CCCCC1,3.584255
COc1cccc(Cc2cnc(N)s2)c1,2.44939
Clc1cnc(NCC2(CN3CCCC3)CC2)nc1,2.128648
COc1cc(OC)c(OC)cc1CNC(C)(C)C,2.042863
CC(=O)Nc1ccccc1OCCOc1ccc(Cl)cc1,2.822593
Cc1ccsc1-c1nsc(NC(=O)CN(C)C)n1,2.738891
Fc1c(CN2CCC(c3nnc4ccccn34)CC2)cccc1OC1CC1,2.077786
CC1CCN(C(=O)CCn2ccc3ccncc32)CC1,3.293048
Cc1cc(NC(=O)CN(C)CCOc2ccccc2)on1,2.793826
Cc1nc(NCCN2C(=O)CCC2=O)c2c(C)csc2n1,2.197906
O=C(NC[C@]1(O)CCN(Cc2ccsc2)C[C@H]1O)c1c[nH]cn1,1.02792
O=C(Nc1ccccc1)Nc1ccc(-c2ccc(C(=O)[C@H]3CCC[C@@H]3C(=O)O)cc2)cc1,1.375737
Cc1cc(Br)cn(Cc2ccc(C#N)cc2F)c1=O,2.00999
CC1CCC(CNC2(CCO)CCOCC2)CC1,3.078733
COCCN(C)C(=O)c1ccc(-c2cccc(-c3noc(C)n3)c2)cc1,1.876021
Cc1[nH]nc(CCC(=O)NCCCOC2CCCCC2)c1C,3.639721
COc1cccc(CC(=O)N2CCOC(c3cc(Nc4nnc(C)s4)cc(C)n3)C2)c1,2.48858
Cc1cc(Nc2ccc(F)cn2)cc(C2CCN(C(=O)CCn3ncc4ccccc43)C2)n1,3.362087
Cc1cc(Br)ccc1CN(C)C(=O)CO,1.455819
CC(C)(C)c1[nH]cnc1/C=c1\[nH]c(=O)/c(=C/c2ccccc2)[nH]c1=O,2.1655
CNCc1cc(N(C)C)nc(C2CCCN2C(=O)c2oc3ccc(Cl)cc3c2C)n1,2.924283
CNCc1cc(N(C)C)nc(C2CCCN2C(=O)C2CN(Cc3ccc(Cl)cc3)C2)n1,1.452921
CNCc1cc(NC)nc(C2CCCN2C(=O)C(C)(C)c2ccc(C)cc2)n1,2.184385
Cc1cc(OCCCS(C)(=O)=O)cc(C)c1-c1cccc(COc2ccc3c(c2)OC[C@@H]3CC(=O)O)c1,1.451479
Cc1cc(Cl)n(-c2ccc(C#N)cc2)n1,2.491842
Cc1ccccc1NC(=O)Cn1nnc(C2CC2)n1,1.710726
Fc1cc(-c2ccncc2)ccc1CNc1ncccn1,2.377051
Cc1ccc(-n2cc(C)cn2)c(NC(=O)CN(C)C)c1,2.639512
c1ccc(OCCN2CCN(c3ncccn3)CC2)cc1,2.712684
CCOc1c2c(c(OCC)c3ccccc13)C(=O)N(c1ccc(CC(=O)NS(=O)(=O)c3ccccc3)cc1)C2,1.237895
CC(=O)N[C@H]1CC2(CCN(C(=O)COc3cc(C)c(Cl)c(C)c3)CC2)OC[C@]1(C)O,2.219951
O=C(/C=C\n1cnc(-c2cc(C(F)(F)F)cc(C(F)(F)F)c2)n1)NNc1ccccn1,1.71948
Cc1cccc2ncn(CCc3ncc[nH]3)c(=O)c12,3.350865
CCNc1ccnc(-c2cccc(C(=O)NCCCc3cnn(C)c3)c2)n1,2.801803
CC(=O)c1ccc2c(c1)CCN(CCC1OCCO1)CC2,1.750061
COC1(c2nc(Cc3ccccc3)no2)CCN(Cc2cnc(C)o2)CC1,2.454537
CS(=O)(=O)Nc1ccccc1-c1ccncc1,2.00023
CN(Cc1ccc(N)nc1)c1nc2cc(F)ccc2o1,1.764101
c1ccc(-c2noc(Cn3ccnc3)n2)nc1,1.02792
O=C(Nc1nccs1)[C@@H]1C[C@@H]2CCCC[C@@H]2N1C(=O)c1ccccc1,2.697221
O=C(c1ccc(O)cc1)N1CCN(c2ncnc3c2CCC3)CC1,2.251536
Cc1cccc(C)c1OCC(=O)N(C)[C@@H]1CCC[C@@H](O)[C@@H]1O,2.18997
COc1cc2cc3c(nc2cc1OC)OCCN(C1CCCCC1)C3,3.22455
Cc1ccccc1S(=O)(=O)Nc1c(C)ccnc1Cl,2.288788
Cc1nn(C)c(C)c1-c1cc(C(C)(C)C)nc(N2CCN(C)CC2)n1,3.66431
Cc1nc(Cc2ccccc2)sc1C(=O)Nc1cccc(-c2ccn[nH]2)c1,2.608807
COCCOc1cnc2ccn([C@H](C)c3nnc4c(F)cc(-c5cnn(C)c5)cn34)c(=O)c2c1,1.399414
CNc1ncnc2c1ncn2[C@H]1CC[C@H](NC(=O)CCCNC(=O)OC(C)(C)C)[C@H](O)[C@H]1O,1.298547
Cc1nn(C(C)C)c(C)c1S(=O)(=O)NCC1CCN(C(=O)C2CC2)CC1,2.648009
O=S(=O)(c1cccnc1)N1CCC2(Cc3ccccc3C2)C1,3.70503
CN(C)c1ccc2c(c1)Sc1cc(N(C)C)ccc1N2,2.184981
CN1CCN(S(=O)(=O)c2ccc(C(F)(F)F)nc2)C(C)(C)C1,2.820329
COc1ccccc1/C=C/CN1CCCC2(C1)OCCO2,3.337657
c1cc(CNc2ncc(-c3cnccn3)c(C3CC3)n2)ccn1,3.11791
CC(C)N(C[C@@H]1O[C@@H](n2cnc3c(N)ncnc32)[C@H](O)[C@H]1O)[C@H]1C[C@@H](CCc2nc3cc(C(C)(C)C)ccc3[nH]2)C1,2.921467
O=C(NC1CCCC1)C1=CCN(C(=O)C2CC2)C1,1.571522
O=C(CNc1cc(N2CCCC2=O)ccc1F)N1CCCCCC1,2.594275
Cc1cnccc1-c1cnc(N(C)C)nc1-c1ccco1,3.352055
Cn1cnc2ncn(Cc3nc(CCc4ccc(Cl)cc4)no3)c(=O)c21,2.330436
CCCCN1CCc2nc3cc(C4CC4)nn3c(O)c2C1,1.02792
CN(C)C(=O)c1ccnc(NCc2cccc(C#N)c2)c1,1.839006
Cc1cnc(NCC2(CO)CCCC2)nc1N(C)C,3.020553
c1cnc(NCc2cccc(-c3cccnc3)c2)nc1,2.169342
Cc1cc(C(=O)NCC2CCC3(CC2)OCCO3)[nH]n1,1.996363
Cn1cc(CN2CCCC(c3ccnc(Nc4cnccn4)c3)C2)cn1,2.253382
COCc1ccc(SCC(=O)NC2CCCC2)cc1,3.406091
Cc1ccc2nc(CN(C)Cc3cccc(Cl)c3Cl)cc(=O)n2c1,3.678936
O=c1c2cccnc2ncn1[C@H]1CCN(Cc2ccccc2)C1,2.20878
CCc1c(O)cc(O)c(C(=O)c2ccc(OCCN3CCOCC3)c(OC)c2)c1CC(=O)N(CCOC)CCOC,2.320447
OC1CCN(c2nccc(-c3cccs3)n2)CC1,2.817179
Cc1c[nH]c(C(=O)NCC2(N3CCCCC3)CCCC2)n1,2.281138
CC(=O)NCc1cc2n(n1)CCN(C1Cc3ccccc3C1)C2,1.02792
Cc1nc2ncc3c(n2n1)CC(C)(C)CC3=O,1.02792
CCc1cc(-c2ccc(OC)c3nc(C)ccc23)nc(N2CCOCC2)n1,2.021475
Cc1nc(N2CCNCC2)c2cnn(C)c2n1,1.177854
Cc1ccc(OCN2CCCCC2=O)nc1,1.02792
CC1CCC(N(Cc2nnc(C3CCC3)o2)C2CCC(O)CC2)CC1,3.208045
CCN1CCCN(C(=O)Nc2ccc(COC3CCCC3)cc2)CC1,2.457959
COc1cc(C)cc(OC)c1-c1ccc(-c2nn[nH]n2)cc1,1.919904
Cc1cccc(OC[C@@]2(O)CN(C[C@]3(O)CC[C@@H](C(C)(C)C)CC3)CC[C@@H]2O)c1,3.253742
COC(=O)N1CC(NCc2c(C)nn(C(C)(C)C)c2C)C1,1.78651
CC(C)n1cc(CN2CCC(c3nc(N(C)C)no3)CC2)cn1,2.25382
Cc1n[nH]c(C)c1CCCN(C)c1cncc(C(=O)N(C)C)n1,2.723185
Cc1cnc(N2CCSCC2)nc1N1CCSCC1,3.421203
Cc1ncccc1CNc1ccc(CC#N)cc1,2.56103
Cc1nc(CN2CCC(CNC(=O)COc3ccccc3Cl)CC2)c[nH]1,1.764101
CC(C)CCN1CCC(CNS(C)(=O)=O)CC1,1.02792
CC(=O)c1cc(Br)cc(F)c1OCc1ccccn1,2.499662
O=c1oc2cccnc2n1Cc1ncc(-c2ccc(F)cc2)o1,1.02792
CC(COc1ccccc1Cc1ccccc1)N1CCCCC1,3.45967
CN(CC1(CO)CCCC1)C(=O)CCN1CCCCC1=O,2.051199
CN(C)c1ccc(-c2ccc(C(=O)NCCN3CCCC3=O)cc2)nn1,1.875206
Cc1nn(CCNS(=O)(=O)N2CCCCC2)c(C)c1C,3.505662
CN1CCN(S(=O)(=O)Cc2ccc(Cl)c(Cl)c2)CC1,2.947692
Cc1ncn(Cc2noc(-c3ccccc3O)n2)c1C,2.683729
c1cncc(-c2nnc3n2[C@H]2CN(Cc4cccs4)C[C@H]2CC3)c1,2.53547
O=C(c1ccc(Cl)cc1)N1CCC[C@@H](C(=O)N2CCc3ccccc3C2)C1,3.40331
COc1cc(CN2CCC(C(=O)N3CCOCC3)CC2)ccc1C,2.35824
COc1ccc(NC(C)=O)cc1NC(=O)CN(Cc1ccccc1)C(C)C,3.62284
C[C@]12CCC3=C4CCC(=O)C=C4CC[C@H]3[C@@H]1CC[C@@]2(O)CC#N,2.268124
CCC(=O)NCC[C@@H]1CCc2ccc3c(c21)CCO3,2.475317
COc1cccc(O[C@H]2CCN(C(=O)c3cc(-c4ccc(F)cc4)on3)CC[C@@H]2O)c1,2.761215
COc1cccc(C(=O)N(C)CC(F)(F)F)c1OCCCN,1.914142
Cc1csc(Cc2nc(-c3ccc(O)cc3)no2)n1,2.45875
COc1ccc(C)cc1S(=O)(=O)NCCC(=O)Nc1ccccc1C,3.333077
CN(C)c1cncc(-c2ccc(C(=O)NC(C)(C)C)cc2)n1,2.68395
COC(C)(C)CCNC(=O)CC1CC(C)(C)NC(C)(C)C1,1.613472
CCOc1ccc2[nH]c(C(=O)N3CC[C@@](O)(CC(C)C)[C@@H](Oc4ccc(F)cc4)C3)c(C)c2c1,2.974697
O=C(Nc1cn(CCOCC(F)(F)F)nc1-c1ccccn1)c1coc(-c2cn[nH]c2)n1,2.714585
CC(=O)c1ccc2c(c1)CCN(CC1CCC3(CC1)OCCO3)CC2,2.359412
C=CCn1c(=O)c2cnc(Nc3ccc(N4CCN(C)CC4)cc3)nc2n1-c1cccc(C(C)(C)O)n1,1.831595
Cc1cn2cc(C(=O)N(C)CCO)cc(N[C@@H]3CCOc4cccc(C)c43)c2n1,2.459891
CCN(Cc1nc(C)no1)C(=O)c1cc(C)c(C)n(C)c1=O,1.02792
Cc1cc(C(=O)N2CCN(C(=O)C3CCC3)CC2)c(O)cn1,1.02792
COCC(=O)Nc1ccc(C)c(NC(=O)[C@H](OC)c2ccccc2)c1,1.65272
Clc1ccc2c(c1)CCc1cccnc1C2=C1CCNCC1,2.034721
COCC1(CNC(=O)c2ccc(-n3cccn3)cc2)CCC1,2.691909
O=c1n(CCn2ccnc2)nnn1-c1cccs1,1.745169
CN(C)C(=O)C(C)(C)NC(=O)OC(C)(C)C,1.385946
OCCOc1ccccc1OCc1ncc(Cl)cc1Cl,2.503204
Cn1c(=O)c(C(=O)CSc2nc3ccccc3n2C)c(N)n(Cc2ccccc2)c1=O,3.380792
CCC(=O)Nc1ccc(F)c(NC(=O)N2CC=C(C)CC2)c1,1.836083
O=C(c1n[nH]c2c1COCC2)N1CCC2(C=Cc3ccccc32)CC1,2.939549
Cc1cc(C#N)cc(N2CCc3c(ncn3CCc3ccccc3)C2)n1,3.535023
CCCC(=O)Nc1ccc(C(=O)N(C)C)cc1,1.704605
Cc1cc(Cn2cnc(C#N)c2C#N)c2ccccc2n1,1.564477
CCCc1cc(CNC(=O)N2C[C@H]3C[C@@H](C2)c2cccc(=O)n2C3)on1,1.955952
CSC1(CNc2cc(C)nc(C)n2)CCOCC1,1.881664
CCc1c2c(nc3ccc(O)cc13)-c1cc3c(c(=O)n1C2)COC(=O)[C@]3(O)CC,1.02792
Cc1ncc(CCN2C(=O)NC3(CCCC3)C2=O)s1,1.803218
CC[C@@H]1C(=O)N(C)c2cnc(-n3ccnc3-c3ccc(F)cc3)nc2N1c1ccn(C)n1,2.615611
CCCn1cc(CN2CCC(c3nc(N(C)C)no3)CC2)cn1,2.163832
O=C(Nc1nnc(SCc2ccc(F)cc2)s1)C1CCC1,3.217774
COCCNc1c(C)c(C)nc2cc(-c3nccn3C)nn12,1.901093
N#Cc1ccnc(Nc2ccc(F)cc2)c1,2.26795
COc1cccc(OC)c1-c1ccc(OCCN2CCCC2)cc1,3.360202
O=c1c2sccc2nc2n1CCN(Cc1ccc(F)cc1F)CC2,3.163096
N#CCn1ncnc1-c1cccc(C#N)c1,1.70571
CN1CCC(N(Cc2cccnc2)C(=O)NCCCc2ccccc2)CC1,3.058604
Cc1nn(CCNS(=O)(=O)N2CCOCC2)c(C)c1C,2.422459
Cc1nc2cc(=O)[nH]n2c(C)c1CC(=O)OC1CCCCC1,2.812344
CCc1c2c(nc3ccc(OC(=O)N4CCC(N5CCCCC5)CC4)cc13)-c1cc3c(c(=O)n1C2)COC(=O)[C@]3(O)CC,1.02792
CC(C)(C)C(=O)N1CCC(CN(CC(N)=O)C2CCCC2)CC1,3.148167
C[C@@H](c1ccccc1)N(C)C(=O)NCCN(C)CCO,3.058071
Cc1ccc(F)cc1S(=O)(=O)Nc1ccc(C(=O)N2CCCC2)cc1,3.78887
O=C(c1ccc(NS(=O)(=O)c2cccc3cnccc23)cc1)N1CCCC1,2.749438
CS(=O)(=O)NCCN1CCc2c(Cl)cc(Cl)cc2C1,2.601778
O=C1c2ccccc2C(=O)N1CCNc1ccc(F)cc1,2.789225
CCc1nc(C)cc(N2CCCC3(CCNCC3)CC2)n1,1.02792
O=C1CCCN1CCCc1nc(Cc2c(Cl)cccc2Cl)n[nH]1,2.581408
Cc1cc(C(=O)N(C)c2nc3ccccc3s2)cc(O)n1,1.207311
CC(=O)N1CCN(C(=O)CS(=O)(=O)C23CC4CC(CC(C4)C2)C3)CC1,2.474578
CCc1nnc(N2CC(N(C)C)C2)c(C#N)c1CC,2.113452
CCc1nnc(Nc2cc(C)nc(C3CN(C(=O)C(C)C)CCO3)c2)s1,2.117218
O=C(Nc1ccncc1)[C@H]1CCCN(S(=O)(=O)c2ccc(Cl)cc2)C1,2.858201
O=C(CC[C@@H]1CCCN2CCCC[C@H]12)NCc1cnc2c(c1)CCC2,2.45694
Cc1nc(NCc2ccc(F)cc2)n(C)n1,1.02792
Cc1cc(C(=O)Nc2nnc3n2CCCC3)n(C)n1,1.056752
Cc1csc2nc3n(c(=O)c12)CCNCC3,2.357199
Cc1cc(Nc2nc(N[C@@H](C)c3ncc(F)cn3)ncc2Cl)n[nH]1,1.665862
COCC(=O)Nc1ccc(NC(=O)Cc2ccc(C(F)(F)F)cc2)cc1,1.948995
Cc1ccc(O)c(CN2CCC(c3nc4ccccc4o3)CC2)n1,2.360603
Cc1cnc(C(C)(C)NCC(=O)N(C)C)s1,1.320645
Cc1nccc(NC(=O)CCc2ccncc2)c1Cl,1.863816
Cc1cccc(-c2cccc(C(=O)NCCC3(O)CCCC3)c2)n1,3.463346
Cc1ccc(S(=O)(=O)N2CCOc3ccncc32)cc1,3.320043
COc1ccc(-c2nc(NC(C)C)ncc2-c2ncc[nH]2)cc1,3.063682
N#Cc1cc(CN2CCC(Nc3ncnc4sc(Cl)cc34)CC2)ccc1F,3.224953
CN(CCN1CCCCC1)c1cncc(C(N)=O)n1,1.978724
CCOc1cccc(NS(C)(=O)=O)n1,1.02792
CN1CCc2nc(C(=O)N[C@H]3C[C@@H](C(=O)N(C)C)CC[C@@H]3NC(=O)C(=O)Nc3ccc(Cl)cn3)sc2C1,1.02792
CCCc1cc(C)nc(O)c1CNC(=O)c1cc(-c2ccc(N3CCN(C(C)C)CC3)nc2)cc2c1cnn2C(C)C,2.37084
CCOc1ccnc(NCCCc2nc3cc(F)ccc3[nH]2)n1,3.515722
CCCc1ncncc1C(=O)NCc1nncn1CCC,1.58835
CCc1cc(-c2ccc(OC)c3ncccc23)nc(N2CCOCC2)n1,1.979157
C[C@H]1CC[C@H](n2c3cnccc3c3cnc(Nc4ccc5c(n4)CCN(C(=O)CO)C5)nc32)CC1,2.542908
COc1cn(-c2ccc(-n3cccn3)cc2F)nc(-c2ccnn2-c2ccccc2)c1=O,1.450788
Cc1nn(C(F)F)c(C)c1CC(=O)NCCNC(C)(C)C,2.403124
CN(CC1(CO)CCC1)C(=O)CCN1CCCCC1=O,1.66289
Cc1cc(C)cc(OCCN(C)C(=O)NCCS(=O)(=O)N(C)C)c1,3.039176
CC(C)CN(Cc1cnn(C)c1)C(=O)c1cccc(-c2cnccn2)c1,3.676246
O=c1c2c(C(F)(F)F)cccc2ncn1CCc1ncc[nH]1,2.409196
CCCCN1CCN(C(=O)c2cccc(-c3ccc(CO)cc3)c2)CC1,2.430244
O=C(Nc1cnc2ccccc2n1)c1ccncc1,2.103451
COc1ccc(CN2CCN(C(=O)C3CCN(C(=O)C4CC4)CC3)CC2)cc1,1.702611
COc1cc2nc(CN3CCC(CO)CC3)[nH]c(=O)c2cc1OC,1.02792
COCc1noc(CNC(=O)N(C)[C@@H](C)c2ccccc2)n1,1.802856
CC(C)=CCOc1cccc(C(=O)NN2CCOCC2)c1,2.77015
Cc1n[nH]c2c1[C@H](c1ccccc1)C1=C(CC(C)(C)CC1=O)N2,2.741364
CC#CCCNC(=O)c1cccnc1C,1.333246
O=C(Nc1cncc2ccccc12)c1ncccn1,1.155579
Cn1nc(-c2cc(F)cc(F)c2)cc1N,1.687859
O=C(O)c1ccc(CCC(=O)N2CCc3c(F)cc(F)cc3C2)cc1,1.02792
Cc1ccc(CNc2ncnn2C)nc1,1.02792
CS(=O)(=O)NC[C@H]1CC[C@H](Nc2nc3c(s2)CCSc2ccccc2-3)CC1,2.392375
COc1ncc(C(=O)NCc2cnn3cccnc23)cn1,1.02792
CCn1nc(CNC(=O)C2CCOCC2)c2ccccc21,2.051025
CN(C)CC(C)(C)CNc1cn[nH]c(=O)c1Br,1.64289
Cc1ccc(Oc2ccc(N)cc2)nn1,1.02792
COCCN1CCOc2nc3c(C)cccc3cc2C1,2.945691
C=C1C[C@@H]2[C@H](CC[C@]3(C)C(=O)CC[C@@H]23)[C@@]2(C)C=CC(=O)C=C12,1.02792
O=C(Cn1nc(Cc2ccccc2)c2ccccc2c1=O)NCc1ncc[nH]1,3.522117
O=C(O)c1ccccc1COc1cccc2cccnc12,1.093211
O=C(Cn1nc(Cc2ccccc2)c2ccccc2c1=O)NCCc1c[nH]cn1,2.77605
Cc1cc(CNC(=O)N(C)Cc2c(C)nn(C)c2C)cnc1C,2.049679
CCc1ccc(CC)c(C(=O)CSc2nncs2)c1,3.189669
OCc1cnnn1-c1cncc(Cl)n1,1.02792
CCNc1nc(-c2cccnc2)nc(C)c1C,1.843768
C#CCNC(=O)Cc1coc(-c2ccccc2)n1,2.150806
Cn1cnnc1NC(=O)c1cnn2c1CCCC2,1.02792
N#Cc1ccc(C(=O)N2CCCO2)nc1,3.007036
CN(C)C1(CNC(=O)Cn2ccc(=O)cc2)CCCCC1,1.207957
O=C(OCC1CCSCC1)c1cccc(-n2cccn2)n1,3.342119
CCOc1cc(CN2CCc3c(N)nc(N4CCCC4)nc3C2)ccc1OC,2.44745
O=C(Nc1ccc(N2CCCC2)cn1)c1ccc(-c2cnco2)cc1,2.277641
CC(=O)N(C)[C@@H]1CO[C@@H]2CCN(C[C@]3(O)CC[C@@H](C(C)(C)C)CC3)C[C@@H]2C[C@@]1(C)O,2.441376
COCCc1nsc(Oc2ccc(C)cc2Br)n1,3.662284
CCc1c(-c2ccccc2)[n+]([O-])c2c([n+]1[O-])CCCCC2,1.637209
Cn1cc(NC(=O)c2cnn3cccnc23)c(C2CCCCC2)n1,2.27489
Cn1c(SCOCc2ccccc2)nnc1C1CC1,2.43353
COc1cc(-c2ccc(Cn3nc(C)cc3C)cn2)cc(OC)c1OC,2.537741
Cc1cc(N2CCN(CC3CCN(C(=O)CC(C)C)CC3)CC2)n[nH]1,1.02792
Cc1ccc(=O)n(CC2(O)CCN(Cc3cccs3)CC2)n1,2.207201
C=CCNc1ncc(-c2cnccn2)c(C2CC2)n1,2.865585
COCCNC(=O)c1nnc2n(c1=O)CCN2c1ccccc1,1.02792
CCC(C)(C)N1CCN(C(=O)NCCc2cc(C)no2)CC1,2.437779
CCCC1(CNC(=O)Cn2ccc(=O)cc2)CCC1,1.164174
Cc1cc(C(F)(F)F)nc(CCNC(=O)N(C)Cc2ccncc2C)n1,2.865973
CN1CCC(CNC(=O)c2ncoc2-c2ccc(F)cc2)CC1,1.699942
COc1ccc2cc(C(=O)NCc3nnc4n3CCCCC4)ccc2c1,2.815961
Cc1cccc(NC(=O)CSc2nncs2)c1,2.443678
CCOc1ccc(OCCN2CCN(C(C)=O)CC2)cc1,1.242094
COC1(c2nc(Cc3ccccc3)no2)CCN(Cc2ncccc2Cl)CC1,3.250742
CN(CCO)C(=O)c1ccc(-c2cccc(C(F)(F)F)n2)cc1,1.734552
COc1ccc(OC)c(Cn2cnc3cn(C)nc3c2=O)c1,1.705932
Cc1cc(C(=O)N(C)CC2CCN(CCO)CC2)cc(C)n1,1.46574
Cc1ccc(NC(=O)CN2C(=O)CN(C)C2=O)cc1C,1.798906
CCn1nc(CNC(=O)c2nc(C)c[nH]2)c2ccccc21,2.372549
O=c1cc(-c2cc(F)c(Cl)nc2Cl)[nH]c2c(-c3ccccc3)c(C(F)(F)F)nn12,1.28695
CCOc1ccc(CNC(=O)Cn2ccc3cc(S(=O)(=O)N4CCCC4)ccc32)cc1,3.32228
Cc1nccc(N(C)Cc2ccc(N)nc2)n1,1.02792
COCCN(C)c1ccc(CN2CCOC3(CCCC3)C2)cn1,2.801295
CC(=O)N1CCC(CNc2nccc3cccnc23)CC1,1.907266
Cc1c(C(=O)Nc2ccc(CO)cc2)nnn1Cc1ccc(Cl)c(Cl)c1,1.706069
O=C(C1CC1)N1CCC(CNS(=O)(=O)N2CCCCCC2)CC1,3.12181
CN(Cc1ccc(CO)cc1)Cc1cc(F)c(F)c(F)c1,2.569665
CN(C)c1cncc(-c2ccc(S(=O)(=O)N(C)C)cc2)n1,3.385994
COc1ccc(=O)n(Cc2noc3c2CCCC3)n1,2.431087
CCc1cc(=O)[nH]c(SCCCCC2CCOCC2)n1,2.457488
O=C(Nc1nnc2n1CCCC2)c1cscn1,1.02792
Cc1nsc(Nc2ccccc2)c1C#N,2.893243
COCC(C)(C)C(=O)N1CCCC2(CCNCC2)CC1,1.02792
Cc1ccccc1CCNC(=O)N(Cc1cccnc1)C1CCN(C)CC1,2.911304
CCc1nnc(Sc2nc3cc(C)nn3c3ccccc23)[nH]1,2.142402
COCC(=O)Nc1ccc(NC(=O)Cc2cc(C)ccc2C)cc1,1.884115
CC(C)N(C(=O)Cn1cccc2cc(-c3ccco3)nc1-2)C(C)C,3.251663
Cc1cccc(NC(=O)CN(C)Cc2nc3ccccc3c(=O)[nH]2)c1C,2.756594
Cc1ccc(=O)n(CCOc2ccc(Cl)c(F)c2)n1,2.799987
Cc1nc(C)c(C(=O)Nc2cccc(-c3ccn[nH]3)c2)s1,1.704477
Cc1ncccc1NC(=O)OC(C)(C)C,1.32418
c1ccc(-c2ncc(CNc3ncccn3)s2)nc1,3.316109
c1ccc(Nc2nc(N3CCNCC3)nc(N3CCOCC3)n2)cc1,1.755951
NC(=O)c1csc(CN2CCc3cc(F)ccc3C2)c1,2.400699
COC(=O)C1=NOC2(CCN(CCCCCF)CC2)C1,2.853308
CCCc1cc(CNS(=O)(=O)c2cc(-c3cnc(C)o3)ccc2C)on1,3.397385
CN(Cc1nncn1C)C1CCN(c2ccccc2F)CC1,1.95144
CC(C)Oc1ccc(CCNC(=O)N2CCC[C@H]2C(=O)N2CCCCC2)cc1,2.692272
Cc1nc(NCc2sccc2C)n(C)n1,1.33383
CCc1nnc(N2CCCO2)c(C#N)c1CC,2.166868
c1cc(Nc2cc(C3CC3)[nH]n2)nc(Nc2ccc3nc[nH]c3c2)n1,1.853437
O=C1NC2(CCCCC2)C(=O)N1Cc1csc(-c2ccccc2)n1,2.935433
Cc1ccc(OC[C@@H](O)[C@H](C)NC(C)C)c2c1CCC2,3.49667
Cc1ccc(CCC(=O)Nc2nccc3sccc23)o1,3.057528
Cc1cc(Nc2ncccn2)cc(C2CCCN(CC(=O)Nc3ccc(F)cc3)C2)n1,2.658694
N#CC1(C(=O)NCC2(C3CC3)CC2)CCCCC1,3.034712
O=C(CSc1ccc2c(c1)OCCO2)NC1CCCC1,3.765053
Cc1cc2nc(CCC(=O)N3CCc4n[nH]cc4C3)[nH]c2cc1C,2.278223
COc1cccc(C)c1C(=O)N(C)CCCn1cccn1,2.699195
O=C(c1ccc(Cl)cc1)N1CCC(c2nnc3n2CCCC3)CC1,1.02792
COc1cccc(O[C@H]2CCN(C(=O)c3cc(-c4ccc(C)cc4)on3)CC[C@@H]2O)c1,3.025956
CC(C)c1cc(C(C)C)c(CC(=O)NS(=O)(=O)Oc2c(C(C)C)cccc2C(C)C)c(C(C)C)c1,2.231273
CC(C)Oc1cccc(C(C)NC(=O)c2ccnc(-n3cncn3)c2)c1,2.411877
N#Cc1cc(Oc2ccc3c(c2)CCC3)ncn1,2.452276
O=C(Nc1cncc(Cl)c1Cl)c1cccc(-n2cccn2)n1,2.173218
CC1CCC(O)(CSc2nnnn2C2CC2)CC1,2.549866
CCOCC(=O)Nc1cccc(CN2CCCC2)c1,2.700246
CC(C)(C)c1cnc(CN2CCC(=O)Nc3cc(F)ccc32)o1,2.977713
Cc1ccc2c(c1)cc(C(=O)N1CCOC(C(=O)N3CCc4ccccc4C3)C1)n2C,3.399656
Cc1cc(C)cc(OCCN(C)C(=O)NCCN2CCCCC2=O)c1,3.11487
CN1CCC(=C2c3ccccc3CCc3sccc32)CC1,3.329294
CN1CCC(CNc2nccc3cccnc23)CC1,3.182323
COc1cccc(CN(C)c2cc(N3CCCC3)ncn2)n1,3.649253
CCN(CC)C(=O)c1ccc(C2=CC3(CCNCC3)Oc3cccc(O)c32)cc1,1.818424
CC(C)Cc1n[nH]c(-c2ccc(N3CCN(C)CC3)cc2)n1,2.373252
CN(C)C(=O)c1cncc(N(C)CCN(C)C2CCCC2)n1,1.509203
CCc1ccc(CNc2nncs2)o1,1.670812
Cc1noc(C)c1CSC(=N)N1CCOCC1,1.02792
O=C(O)Cc1ccc(Oc2ccncc2)cc1,1.02792
CCc1[nH]nc(NC2CCC(C(=O)OC)CC2)c1C,2.471828
CN(C)CC(=O)N1CCC(c2ccc(NC(=O)c3nc(C#N)c[nH]3)c(C3=CCCCC3)c2)CC1,1.750825
CNCc1cc(NC)nc(C2CCCN2C(=O)COc2ccccc2OC)n1,1.654148
NC(=O)CCCSc1nc(N)nc(-c2c(Cl)cc3c4c(cccc24)COC3)n1,2.256013
CC(C)(O)Cn1nc(-c2ccccc2)c2c(Cl)c(-c3ccccc3)nnc21,1.932017
Cn1ccc(CSc2n[nH]c(-c3cc(F)cc(F)c3)n2)n1,2.1188
COc1ccccc1-c1cc(C(C)(C)C)nc(-c2ncccn2)n1,2.228346
COc1ccc(OCc2n[nH]c(-c3n[nH]c4c3CCC4)n2)cc1,3.028672
CC(C)N(CCCNC(=O)Nc1ccc(C(C)(C)C)cc1)C[C@@H]1O[C@@H](n2cc(Br)c3c(N)ncnc32)[C@H](O)[C@H]1O,3.303913
OC1(Cc2nc(-c3ccsc3)no2)CCCCC1,3.015705
N#Cc1ccc2nc(NCCn3ccnc3)ccc2c1,1.736141
CN(Cc1cccc(Cl)c1Cl)Cc1cc(=O)n(C)c(=O)n1C,3.441501
Cc1cc(Nc2ccc(F)cn2)cc(C2CCN(C(=O)Cn3nc(C)ccc3=O)C2)n1,1.953866
Cc1ccc(C(=O)C2CCN(CC(=O)NC(=O)Nc3ccccc3)CC2)c(C)c1,2.971106
CN1CCNc2nc3ccccc3nc21,2.15671
CC1(C)CCCN1C(=O)c1c(F)cc(C#N)cc1F,1.842971
C[C@]1(O)CN(C(=O)Cn2cnc3ccccc3c2=O)CC[C@@H]1Oc1ccccc1,1.650366
CCN(C)S(=O)(=O)N(C)Cc1cnc2ccccc2c1,3.364869
N#Cc1ccc2ncnc(N[C@H]3CC[C@H](N4CCOCC4)CC3)c2c1,1.692292
c1ccc(Nc2nc(N3CCOCC3)nc(N3CCOCC3)n2)cc1,1.683758
CO[C@@H]1CC[C@@H](N(C)C(=O)COc2c(C)cccc2C)[C@H]1O,2.20978
CN(CC1CCC1)C(=O)C1CCN(c2ccc3nncn3n2)CC1,2.099169
Cc1ccc(C#N)c(NCc2ccccc2-n2ccnc2)n1,2.793373
Cc1noc(COc2cccnc2C)n1,1.372249
Cc1cc(C(=O)NCC2CCN(c3ccc4ccccc4n3)CC2)cnc1C,2.678619
CC(C)Cc1ccccc1CNCc1ccc2[nH]cnc2c1,2.883857
Cc1cc(-c2nncc3c(C(C)(C)C)c(OCc4ncnn4C)nn23)no1,1.921967
CC(=O)N1CC[C@H]2O[C@H]3c4ccc(O[C@@H]5O[C@H](CO)[C@@H](O[C@@H]6O[C@H](CO)[C@H](O)[C@H](O)[C@H]6O)[C@H](O)[C@H]5O)cc4OC(C)(C)[C@@H]3C[C@H]2C1,1.02792
OCc1nnc(SCCSC2CCCCC2)n1C1CC1,2.862259
CC(C)CCNC(=O)CSc1nc2ccccc2[nH]1,3.04382
O=C(CSc1ccccn1)N1CCSc2ccccc21,3.805995
COc1ccccc1C(=O)CSc1nncn1C1CC1,2.665128
OCCC1(CNc2ncc(Br)cn2)CC1,1.913295
CC(C)Cc1cc(CN2CCN(S(=O)(=O)N3CCOCC3)CC2)n[nH]1,2.453306
CSc1cnc(N2CCCN(c3ncc(SC)cn3)CC2)nc1,3.267068
COc1cc(OC)cc(N2CCC(NCC3(C)CCOCC3)CC2)c1,1.765072
CN(C(=O)CSC(C)(C)C)c1ccccc1C#N,2.836986
CC(C)Oc1ccc(C2(C(=O)NC3CCS(=O)(=O)CC3)CCCC2)cc1,2.321453
C[C@@H]1CC(=O)Nc2cccc(-c3ccc4c(c3)c(-c3cnn(C)c3)nn4C)c2N1,1.667509
COc1ccc(CN[C@@H]2CCC[C@H]2Cc2cc(C)no2)cc1OC,3.049083
Cc1cc(C)c2ccc(C(=O)N3CCN(c4ncc[nH]c4=O)CC3)cc2n1,1.727379
Cn1ccnc1-c1noc(NCc2ccccc2)n1,2.285168
CONC(=O)c1c(C)nn(C)c1Cl,1.02792
O=c1c2cccnc2ncn1[C@H]1CCCc2ccccc21,2.075134
CC(C)c1noc(CNC(=O)N2C[C@H]3C[C@@H](C2)c2cccc(=O)n2C3)n1,1.867456
N#CCN1CCC(CNC(=O)c2c(F)ccc(F)c2F)CC1,1.197115
NS(=O)(=O)N1CCN(Cc2c(F)cccc2N2CCCC2)CC1,3.10869
CN(CCOc1ccccc1)CC(=O)NCCc1ccccc1,3.734275
CSc1nccc(N2Cc3cnn(Cc4ccc(F)cc4)c3C2)n1,3.41258
COCc1ccccc1COC(=O)c1ccc(C)nc1,3.346359
Cc1ccnc(N2CC(O)(c3ccc(F)cc3)C2)c1C#N,3.560187
CCOC(=O)c1ccc(-n2cc(Cc3cnc(OCC)nc3)c(=O)nc2SCc2ccc(F)cc2)cc1,3.558861
CC(C)(C)OC(=O)NCCCC(=O)N[C@H]1C[C@@H](n2cnc3c(NCc4ccccc4)ncnc32)[C@@H](O)[C@H]1O,2.203068
OCC1CN(c2nc3cc(F)ccc3o2)C1,1.236159
Cn1ncnc1COc1nn2c(-c3cc(F)ccc3F)nnc2cc1C(C)(C)C,1.729497
COc1nccnc1N1CCC(C(=O)Nc2cccc(F)c2)CC1,2.474547
COc1ccccc1CNc1cn[nH]c(=O)c1Cl,2.018222
CC(C)NC(=O)C1(Cc2ccccc2-c2ccncc2)CCOCC1,2.991704
NCCOc1cccc(CC(=O)N2CCC(F)(F)CC2)c1,1.02792
CN(C)C1(CNC(=O)N2CCC=C(c3ccccc3)C2)CCOCC1,2.941385
CCOC1CCN(c2ccnc(C(=O)NCc3ccccc3)c2)CC1,2.591441
CCCNC(=O)C1(NCc2cncnc2)CCCCC1,2.10405
COc1ccc(-c2ccc(Cn3nc(C)cc3C)cn2)cc1,2.406014
Fc1ccc(CCNc2ncnc3ncccc23)cc1,1.905542
CN(CC(=O)Nc1cccc(S(=O)(=O)N2CCCC2)c1)C1CCCCC1,3.474072
CCCCOc1nc(N)c2c(n1)N(Cc1cccc(CN3CCCC3)c1)CC(=O)N2,3.271782
NC(=O)c1cccc(Cn2cnc3c(oc4ccccc43)c2=O)c1,1.278639
Cn1c(=O)n(Cc2cccnc2)c(=O)c2ccc(C(F)(F)F)nc21,1.922798
COCCN(C)c1ccc(CN2CCc3nn(C)c(=O)cc3C2)cn1,1.341692
Cc1ccc(Cl)c(OC[C@@]2(O)CN(C3CCCC3)CC[C@@H]2O)c1,3.352061
CN(Cc1nc2c(s1)CCCC2)c1cnccn1,3.106014
Cc1cc(CN2CC(O)(CC#N)C2)ccc1F,2.846717
Cc1cc(C(=O)NC(C)(C)C#N)nn1-c1ccc(F)cc1,1.294202
COc1cccc(C(=O)NCC(=O)Nc2cccc3c2CCCC3)c1,2.783221
Clc1cccc(Cl)c1Cc1n[nH]c(CCCn2cccn2)n1,2.764486
CN1C(=O)[C@H]2CN(CC3=CC[C@H]4C[C@@H]3C4(C)C)C[C@H]2C1=O,3.379189
O=S(=O)(NC[C@H]1CCCN1)c1ccc(OC(F)F)cc1,1.537403
C=CC[C@]1(O)CC[C@H]2[C@@H]3CCC4=CC(=O)CCC4=C3C=C[C@@]21C,2.7726
CCN1CCN(c2ccc(Nc3ncnc4sccc34)cc2)CC1,1.791978
Cc1cc(CN2CCC(N(C)c3ncc(Cl)cn3)CC2)on1,2.103961
Cc1nc(-c2ccccc2)c(C(=O)Nc2ccc(Cl)c(Cl)c2)s1,3.377926
Cc1[nH]nc(CCC(=O)NCCCOC2CCCC2)c1C,3.382484
c1ccc2nc(N3CCCC4(CCNCC4)CC3)cnc2c1,2.694701
Cc1ccccc1C(=O)N1CCC(O)(Cn2ccnc2C)CC1,2.001279
CC1(C)[C@@H]2C[C@H]1[C@@]1(O)[C@@H](C2)Oc2c(ccc(O)c2C(=O)NCCNS(C)(=O)=O)[C@@H]1O,2.12715
CCN1CCN(S(=O)(=O)c2c[nH]c(C(C)C)n2)c2ccccc21,2.393737
CN1CCC[C@H]1C(=O)N[C@@H](CO)Cc1ccccc1,2.49872
Cn1ncnc1NCc1cc(F)cc(F)c1,1.02792
O=C(NCC1(N2CCCCC2)CCCC1)c1cnn[nH]1,1.02792
CNC(=O)Cc1cccc(OCCN2CCCCC2)c1,1.757995
CC(=O)NC[C@H]1C[C@]2(C)[C@@H](CCCC[C@]2(C)O)N1CC1(O)CCCC1,2.030357
O=C(CSCCc1ccncc1)Nc1ccccc1,2.632281
C[C@H]1NC(=O)N(CCc2nc(C(F)(F)F)cs2)C1=O,1.394924
O=C(Cc1cn2ccccc2n1)N1CCC(n2c(=O)[nH]c3ccccc32)CC1,2.589565
Cc1nc(O)c(Cl)c(N(C)CC2CCN(C)CC2)n1,1.02792
OC1(c2cccnc2F)CCN(Cc2ccc(-c3ccc(F)cc3)o2)CC1,2.230988
CCN(CC(N)=O)CC(=O)N1c2ccccc2CCc2ccccc21,2.82849
CS(=O)(=O)NCc1cc2n(n1)CCN(C1Cc3ccccc3C1)C2,1.441931
Cc1cc(N(CCO)CCCO)ncc1Br,2.679317
Cc1ccc(-c2cnn3c(O)cc(Cn4cccn4)nc23)cc1,2.351528
Cn1cc(C(C)(C)NC(=O)C#Cc2ccc3c(c2)OCO3)cn1,1.708149
O=C1CN(C(=O)c2ccc(Cl)cn2)CCN1CCc1ccccc1,2.698271
Cc1ccc(F)c(-c2noc(N)c2C)c1,2.466184
Cc1c[nH]c(CNCc2ccccc2CC(C)C)n1,3.43121
COc1cccc([C@@H](C)n2cnc3cn(C)nc3c2=O)c1,1.827266
COc1ccc(C)nc1-c1ccc(OC)c(OC)c1OC,2.554897
CNc1ccc(/C=C/c2ccc(OCCOCCOCCF)nc2)cc1,2.751363
c1cc(-c2noc(CN3CCOCC3)n2)ccn1,1.474668
Cc1ccc2[nH]c(CNC(=O)c3ncoc3C)nc2c1C,2.387648
COc1ccc(Cl)cc1-c1cccc(C(=O)NCCN2CCCC2=O)c1,2.942241
COc1ccc(C(=O)c2ccc(C)cc2)c(OC)c1,3.478521
COc1ccc(C(=O)c2ccc(Cl)cc2)c(OC)c1,3.241916
Cc1cccc(N2CCN(CCCCNC(=O)c3c(F)cccc3F)CC2)c1,2.707986
Cn1nc(N)c2ccc(Br)cc21,1.976611
COC(=O)C1=NOC2(CCN(CCC(C)(C)C)CC2)C1,2.478226
COc1cc(CN2CCCNCC2)cc2c1OCO2,1.862555
c1ccc(CC2=NCCN2)cc1,1.02792
Cc1cc(F)ccc1-c1nc(CCn2c(C)nc3ccccc32)no1,3.25409
Cc1ccc2oc(C(=O)N3CC[C@H](O)[C@@H](N4CCOCC4)CC3)cc2c1,3.099346
c1cnc(NCc2cnc3ccsc3c2)nc1,1.723817
Cc1nn(C)c2ncc(CNc3ccon3)cc12,1.152869
CCOc1ccc(CN[C@@H]2CCC[C@H]2Cc2cc(C)no2)cc1OC,3.34628
CC(C)C(=O)N1CCn2nc(CNC3CCc4ccccc4CC3)cc2C1,2.31187
CCCn1cnnc1CN(C)Cc1cc(C(C)C)on1,2.727588
CC1(CNC(=O)N2CCN(Cc3ccon3)CC2)CCCC1,2.488995
CCCS(=O)(=O)c1nc(NC2CC2)cc(-c2ccc3c(ccn3C3CC(C)(C)NC(C)(C)C3)c2)n1,2.090953
Cc1cc(C)c2c(C(=O)N3CC4(CNC(=O)N4)C3)cc(C)nc2c1,1.48728
CN(C)S(=O)(=O)CCCN1CCc2ccccc2CC1,2.855174
COc1cc2c(cc1OC)[C@@H]1Cc3ccc(OC)c(OC)c3CN1CC2,1.932113
CN(C)c1ccnc2sc3c(=O)n(N4CCCCCC4)cnc3c12,1.958769
CNCc1cc(N(C)C)nc(C2CCCN2C(=O)CCc2c[nH]c3ccccc23)n1,2.591537
CCn1c(C(=O)N(C2CC2)C2CC2)cc2c3c(ncn3C)c(Nc3cc(C)n(C)n3)nc21,1.303952
Cc1nc(-c2ccc(S(=O)(=O)N(C)C)cc2)cc(C(C)C)n1,3.348896
Cc1cc(C)n2nc(C)c(C(=O)NCCc3nnc(C)s3)c2n1,1.519566
CN(C)S(=O)(=O)CCCN1CCC(CCC(N)=O)CC1,1.02792
Cc1cccc(C)c1CNC1(CCO)CCOCC1,1.871018
CCOc1cccc(-c2cccc(N)n2)c1,2.745396
CN(Cc1ccc(C(=O)O)cc1)C(=O)c1ccnn1C,1.02792
CCN(CC)CC(=O)Nc1ccc(Oc2ccc(C)nn2)cc1,1.499824
CC(C)c1nnc(NCc2cc(F)cc(F)c2)o1,2.046085
Cc1cc(C)c2[nH]c(C(=O)N3CC[C@@](O)(CC(C)C)[C@@H](Oc4ccc(F)cc4)C3)c(C)c2c1,3.281688
CSc1ccccc1S(=O)(=O)NC1CCC(CN(C)C)CC1,2.643494
Cc1cccc(N(C)Cc2cnc(N(C)C)nc2)n1,3.248239
CCc1sc(N)nc1-c1ccc(OC)cc1,2.691289
O=c1c2sccc2nc2n1CCN(Cc1cc(F)ccc1F)CC2,3.339392
COc1ccc(OC)c(S(=O)(=O)NCCC(=O)Nc2ccccc2C)c1,2.789264
CCOCCC(=O)N1CCC2(CCCN(C)CC2)CC1,1.48521
Cc1n[nH]c(C2CCN(C(=O)NC3CCN(c4ccc(F)cc4)CC3)CC2)n1,1.58372
COCCc1noc(CN(C)C(=O)c2ccc3c(c2)CCC3)n1,2.419673
OCCN1CCN(c2ccnc3ccc(Br)cc23)CC1,2.055611
Cc1cccc(C)c1OCCn1nnnc1C,1.987407
O=c1c(CO)cc2cc3c(cc2n1Cc1ccccn1)CCC3,3.069237
COc1cccc(Oc2ccc(NC(=O)CN3CCCCC3=O)cn2)c1,1.885339
N[C@@H]1CCCN(c2c(/C=C3\SC(=O)NC3=O)cccc2-c2ccccc2)C1,1.413166
CNc1nc(Nc2cnn([C@H]3CCN(C4COC4)C[C@@H]3F)c2Cl)ncc1C(F)(F)F,1.78456
Cc1cc(=O)oc2cc(NC(=O)[C@H](CCCCN)NC(=O)[C@H](CC3CCCCC3)NC(=O)OCC3c4ccccc4-c4ccccc43)ccc12,1.02792
C[C@H](NC(=O)CCC(F)(F)F)C(=O)N[C@@H]1C(=O)N(CCO)c2ncccc2-c2ccccc21,1.032256
CNc1nc(C)nc(N[C@H]2CCC[C@@H](C(=O)NCc3ccc(C#N)cc3C(F)(F)F)C2)n1,1.960571
O=C([C@@H]1CCCN1C(=O)NC(c1ccccc1)c1ccccc1)N1CCCCC1,2.937915
O=c1c2oc3ccccc3c2ncn1Cc1ccc(F)c(F)c1,2.896365
COc1cccc(Cc2nc3sc4c(c3c(=O)[nH]2)CCSC4)c1,3.450776
COc1cc2c(cc1OC)[C@@H]1CC(=O)[C@@H](CC(C)C)CN1CC2,2.519097
Cc1cc(NCC2(c3ccncc3)CC2)ncn1,2.297382
CC(C)c1ccc(CN2CCN(C(=O)C3CCN(C(=O)C4CC4)CC3)CC2)cc1,2.578474
c1ccc2nc(NCCn3ccnc3)cnc2c1,2.644858
Cc1nnc(COc2cccc(-n3ccnc3)c2)n1C1CC1,1.219349
N#Cc1cnc2cc(F)cc(F)c2c1NC1CCN(CC(N)=O)CC1,1.437846
C#Cc1cccc(N(CC(=O)NC(N)=O)Cc2cccs2)c1,3.205708
Cn1cnnc1-c1cccc(NS(=O)(=O)c2cc3c(cc2Cl)OCCO3)c1,2.48827
Cc1cc(Nc2nnc(C)s2)cc(C2CN(C(=O)Cc3csc(C)n3)CCO2)n1,2.013242
CC(=O)N[C@H]1CCN(C(=O)N[C@H](C)C(c2ccccc2)c2ccccc2)C1,2.916353
CC(C)CCN1CCC(CNC(=O)C2CC=CC2)CC1,2.150124
Cc1cccc(NC(=O)CN(C)Cc2nc3ccc(Cl)cc3c(=O)[nH]2)c1C,3.102586
Cc1cccc2cc(C(=O)NCCCn3nnc4ccccc43)n(C)c12,3.149474
C[C@H]1Oc2cc(cnc2N)-c2c(nn(C)c2C#N)CN(C)C(=O)c2ccc(F)cc21,1.535712
COc1ccnc(N2CC(O)(C3CC3)C2)n1,1.412192
Cn1cnnc1-c1cccc(NS(=O)(=O)c2ccc3c(c2)OCCCO3)c1,2.255494
O=c1c2cccnc2ncn1Cc1ccc2c(c1)CCCC2,2.851885
O=C(NC1CCCCC1)C1=CCN(C(=O)C2CC2)C1,1.47372
CCN(CCO)Cc1nc2cc(OC)c(OC)cc2c(=O)[nH]1,1.02792
Cc1cncc(CN2CCC(=C3c4ccc(Cl)cc4CCc4cccnc43)CC2)c1,3.002522
CCCc1ncncc1C(=O)NCc1noc(C2CC2)n1,2.04768
Cc1nccc(N(C)Cc2nc(-c3cccnc3)no2)n1,2.30063
COc1cc(C#N)ccc1Cn1ccnc1C(C)C,2.219734
CC(C)CCN1CCc2nc3cc(C4CC4)nn3c(O)c2C1,1.481457
Cc1c(C(=O)Nc2ccc(N3CCC(N4CCOCC4)CC3)c(C#N)c2)cnn1-c1ccc(Cl)cc1,2.468468
CCCc1nnc(N2CCC3(CCCC3)C2)s1,3.334054
COC(=O)c1cccc2c1CCCN2C(=O)c1ccccc1,3.310942
N#Cc1ccc(CNc2cnc3ccccc3c2)o1,2.376327
c1ccn2cc(CSc3ccc(-n4cccn4)nn3)nc2c1,2.799211
COc1cc(CCNC2CCC3(CC2)OCCO3)ccc1F,3.350642
COc1ccc(OCc2n[nH]c(-c3ncoc3C(C)C)n2)cc1,2.710965
Cc1ccc(Cl)c(OC[C@@]2(O)CN(C3CCC3)CC[C@@H]2O)c1,3.360073
CCc1[nH]nc(NC2CCN(C(C)C)CC2)c1C,2.211572
CCCOc1c2c(nc3cc(C4CCOCC4)nn13)CCC2,1.206745
O=c1c2ccccc2nc2n1CCN(Cc1ccc(F)cc1)CC2,2.752366
O=S(=O)(NCc1n[nH]c2c1CCCCC2)c1ccc(OC(F)F)cc1,3.244757
CN1CCN(c2oc(-c3cccc4ccccc34)nc2C#N)CC1,3.20397
Cc1nnc(CN(C)Cc2cnn(C)c2C)s1,1.301724
COc1ccc(CN2CC(c3ccncc3)C2)cc1Cn1cccn1,2.599288
O=C(C1CCC1)N1CCC[C@H]1Cn1nnc(-c2cccs2)n1,3.676818
CC(C)C[C@H](CO)Nc1nc(S[C@@H](C)c2ccccc2)nc2nc(N)sc12,2.517313
Cc1ccccc1CS(=O)(=O)c1ncc(Cl)c(C(=O)Nc2sc3c(c2C#N)CCCC3)n1,3.325416
COc1ccc(CNC(=O)CCSc2nc3c(=O)n(C)c(=O)n(C)c3n2C)cc1,2.392191
CC(C)COc1ccc(C(C)(C)NCc2nnc(C3CCC3)o2)cc1,3.487681
c1csc(Cc2nc(-c3cnccn3)no2)c1,1.90761
CCCN(C(=O)c1ccc(COC)o1)c1nc2c(s1)CCc1c-2cnn1C,1.949397
COCC(=O)N(CC1CCCO1)c1nc2c(s1)CCc1c-2cnn1C,1.152288
CC(C)(C)c1nc(O)c2nnn(C3CCNCC3)c2n1,1.02792
O=C(Nc1ncccc1OC(F)F)C1CCCCC1,3.038994
CCNc1cc2c(nn1)CCN(C(=O)Cn1ccc3ccccc31)C2,1.969178
Cc1cc(N2CCC(C(=O)NC3CCCCC3)CC2)nc(-c2ccncc2)n1,2.285722
COc1ccnc(N2CCCN(Cc3ccccc3C)CC2)n1,3.370785
COc1ccc(OC)c(C(=O)/C=C/c2ccccc2)c1,3.293024
CN1C(=O)N[C@H](Cc2c[nH]c3c(Cl)cccc23)C1=O,1.887257
CC1(C)CC(=O)c2c(C(F)(F)F)nn(-c3ccc(C(N)=O)c(N[C@H]4CC[C@H](OC(=O)CN)CC4)c3)c2C1,2.671385
Cc1ccc(=O)n(CC2(O)CCN(Cc3ccc4ccccc4n3)CC2)n1,1.954542
O=S(=O)(c1ccccc1)N(CC(F)(F)F)c1ccc(C(O)(C(F)(F)F)C(F)(F)F)cc1,1.165563
c1ccc(-c2cn(C3CNC3)nn2)cc1,1.455773
COc1cc2nc(-c3ccc(N4CCN(C)CC4)cc3)nc(NCCN3CCOCC3)c2cc1OC,1.958777
N#Cc1nc(-c2ccccc2)oc1NCc1ccccc1,3.393341
Cc1ccc(C)c(OCCC(=O)N2CCC(n3c(=O)[nH]c4ccccc43)CC2)c1,3.810497
O=C(Nc1ccc(C(F)(F)F)cc1)c1ccccn1,2.217616
O=C(CCCCCCC(=O)Nc1ccccc1)NO,1.437418
Cc1ccc(S(=O)(=O)Nc2ccc3c(c2)CCCN3C(=O)c2cccs2)cc1C,3.377412
Cc1cnccc1NC(=O)COc1ccccc1C#N,2.480026
CCOC(=O)N1CCc2cc(NC(=O)c3oc(C)cc3C)ccc21,2.07261
Nc1ccc2c(c1)ncn2-c1ccccc1,1.402313
Cc1cc2c(s1)c1cnn(Cc3ccccc3F)c(=O)c1n2C,3.423962
Cn1c(=O)oc2cc(NC(C3CC3)C3CC3)ccc21,2.268597
O=C(c1nccc2ccccc12)N1CCC(COc2ccccn2)CC1,3.733403
CO[C@H]1[C@H](C2(C)O[C@@H]2CC=C(C)C)[C@]2(CC[C@H]1OC(=O)/C=C/c1ccc(OCCN(C)C)cc1)CO2,2.900126
NC1(c2nc(-c3ccsc3)no2)CCCCC1,2.650205
CCCc1cnc(C)nc1N(C)CCC(C)(C)O,2.190015
CN(Cc1nc2ccccc2n1C)c1ccnc(-c2ccccc2)n1,3.240542
Cc1nccc(-c2cccc(NCC(=O)NCc3ccccc3)c2)n1,2.814836
CCOc1ccc2c(c1)cc(CN1CCSCC1)c1nn(C)c(=O)n12,2.780832
O=C(c1ccc(NS(=O)(=O)c2cccc3cccnc23)cc1)N1CCN(CC2CC2)CC1,2.781179
Nc1ncccc1OCc1cccc(Cl)c1,2.857942
Cc1ccn(CCC(=O)N2CCc3nc4sccc4c(=O)n3CC2)n1,2.383677
N#CCc1ccc(OCc2ccncc2)cc1,2.571881
CN1C(=O)c2ccc(C(=O)N3CCN(C4CCCCC4)CC3)cc2C1=O,2.137538
COc1cc(Nc2c(C#N)cnc3cc(OC)c(OC)cc23)c(Cl)cc1Cl,2.646508
CCN(CC)Cc1cnc(NC(=O)c2ccccc2)s1,2.2843
Cc1cc(C(F)(F)F)nc(N(C)Cc2c(C)noc2C)n1,2.769927
Cc1ccc(S(=O)(=O)Nc2ccccc2-c2nc3ccccc3[nH]2)cc1,2.733013
COc1cc(C)nc(N2CCN(c3ccc4ccccc4n3)CC2)n1,2.808135
Cc1cccc(C)c1OCC(=O)N(C)[C@@H]1CC[C@@H](N2CCOCC2)[C@@H]1O,2.017751
O=C(Nc1cccc2ncccc12)[C@H]1CCCN(S(=O)(=O)c2ccc(F)cc2)C1,2.84358
O=C(CN1CCCC1=O)N1CCc2nc3sccc3c(=O)n2CC1,1.02792
Cn1ccc(C(=O)NCCc2cc3nc(-c4ccncc4)ccn3n2)n1,2.022606
Cc1ccnc(NC(=O)c2ccnc(C)n2)c1,2.754764
CN1CCCN(C(=O)Nc2cccc(OCC(F)F)n2)CC1,2.280706
CN(C(=O)[C@@H](N)Cc1ccccc1)c1ccccc1,2.593793
O=C1OCCN1CCN1CCC(c2cc3ccccc3[nH]2)CC1,2.688189
Cn1nccc1C(=O)NCCc1cc2nc(-c3cccs3)ccn2n1,2.751772
COc1cc(-c2cn(C3CCc4c(F)cccc4N(CC(F)(F)F)C3=O)nn2)ccc1-n1cnc(C)c1,1.692
Brc1cnc(N2CCCN(c3ccccc3)CC2)nc1,3.753651
O=[N+]([O-])c1ccc(S(=O)(=O)Nc2cccc(-c3nc4ccccc4s3)c2)cc1,2.709458
C[C@@H](Cn1nc2c(cc1=O)CCCCC2)NC(=O)CCc1ccccc1,3.552022
Cc1cnc(CNC2(c3nccs3)CCCC2)cn1,2.389173
Cc1ccc(C)c(NC(=O)c2cccc(-c3ncon3)c2)c1,2.215212
Cn1cc(Br)cc1C(=O)N1CCc2nn[nH]c2C1,1.641464
Cc1cnc(-c2nc(NCc3cccnc3)ncc2-c2cc(C)no2)cn1,2.417443
Cc1noc(CCNc2cccc(F)c2C#N)n1,2.4255
CN(C(=O)c1cccc(C(=O)O)c1)c1ccccc1,1.02792
O=C(NCC1(Sc2ccccc2)CC1)c1ccc(=O)[nH]n1,2.753398
O=c1n(Cc2ccncc2)nc2n1-c1cc(Cl)ccc1C1=NCCN12,2.15604
CC(=O)Nc1sc2c(c1-c1nc3ccccc3s1)CCN(C(C)C)C2,2.363551
CC(C)C[C@H](C(=O)N[C@H](C(=O)OC1CCCC1)c1ccccc1)[C@@H](O)C(=O)NO,2.776868
CCN(C(=O)c1cccc(-n2cccn2)c1)c1ccc(C#N)c(Cl)c1,3.313591
CN1CCN(c2cccc(C#N)n2)CC1,2.790512
N#CC1(NC(=O)c2ccc3c(c2)OCO3)CCCC1,1.811964
Cc1ccc(OCC(=O)Nc2cc(C)on2)nc1,1.02792
Nc1nccc2c1ncn2[C@H]1C=C(CO)[C@@H](O)[C@H]1O,1.212986
CCc1nc2ccccc2n1CC(=O)Nc1cnc2ccccc2c1,2.274343
Cc1c(C(=O)NCC2CCSCC2)nnn1-c1cccc2cnccc12,3.247574
CCOc1cc(N2CCc3nc[nH]c3C2)ncn1,1.890857
CN(Cc1cnccn1)Cc1nc(N)c2ccccc2n1,2.661308
Cc1nc(C)n(-c2ccccc2NC(=O)c2cc(C#N)cn2C)n1,2.211553
N#Cc1ccccc1CN1C(=O)CCC1=O,1.310481
Cc1ccc(CNc2cncc(-n3nc(C)cc3C)n2)cn1,2.401516
NC1(c2noc(-c3cccnc3)n2)CCCCCC1,2.647138
COc1cc(-c2cnc(NC3CC3)nc2-c2cccs2)nc(OC)n1,2.686077
COCc1ncc(CN2CCC(Oc3ccccc3C)CC2)cn1,2.255309
CSC[C@H]1CN(Cc2c[nH]c3c(N)ncnc23)C[C@@H]1O,1.02792
N#Cc1cc(F)ccc1Cn1ccnc1-c1ccccn1,2.617562
Cc1cc(C(=O)N(C)Cc2ccccc2C)[nH]n1,2.377925
Cc1nc(C)c(C(=O)Nc2ccc3ncccc3c2)o1,1.541567
Cc1cc2c(=O)n3c(nc2s1)CCNCC3,1.829021
CN(c1ccccc1N)S(C)(=O)=O,1.381494
CC(C)c1ccc2occ(CC(=O)O)c2c1,1.02792
O=C(Nc1cc[nH]n1)c1ccc2c(c1)[nH]c(=O)n2C1CCCC1,1.728118
Cc1c(O)cccc1OCCN1CCOCC1,1.73012
C[C@H]1O[C@@H](Oc2c(-c3cc(O)c(O)c(O)c3)oc3cc(O)cc(O)c3c2=O)[C@@H](O)[C@H](O)[C@H]1O,1.02792
c1ccc(-c2noc(C3CCNCC3)n2)nc1,1.02792
CNC(=O)[C@H]1O[C@@H](n2cnc3c(NCc4cccc(I)c4)ncnc32)[C@H](O)[C@@H]1O,3.56664
Cc1cc(SCc2ccc(Cl)nc2)nc2ccccc12,3.139085
Cc1nc(C)c(C(=O)NCc2ncoc2C)s1,1.02792
CC(=O)N1CCc2c(sc(NC(=O)C(C)C)c2-c2nc3ccccc3s2)C1,2.357719
Cc1cc(C)nc(SCC(=O)N2c3ccccc3C(C)(c3ccccc3)CC2(C)C)n1,3.495299
Cn1c(=O)cc(N2CCC[C@@H](N)C2)n(Cc2cc(F)ccc2C#N)c1=O,1.02792
O=c1[nH]c2ccccc2n1C1CCN(Cc2coc(-c3cccs3)n2)CC1,2.677144
Cn1nccc1C(=O)C1CCN(C(=O)c2cc(C(C)(C)C)nn2C)CC1,1.990796
O=C(CCc1cnn(-c2ccccc2)c1)N1CCC(n2c(=O)[nH]c3ccccc32)CC1,3.576211
N#Cc1cc(N2CC(CO)C2)nc2ccc(Cl)cc12,2.084237
CN(C)c1ccnc(C(=O)Nc2ccnn2-c2ccc(C#N)cc2)c1,2.649213
Cc1nc(-c2cccc(C(N)=O)c2)sc1-c1ccc(F)cc1,2.595795
CCc1nsc(N2CCS(=O)(=O)CC2)n1,1.02792
Cc1nc(C2CCN(c3ccc(F)cc3C#N)CC2)no1,2.721569
CC(C)(C)c1cc(NS(=O)(=O)c2c(Cl)cccc2Cl)cc(C(C)(C)C)c1,3.013715
CC(C)(C)c1cc(NS(=O)(=O)c2cccc(F)c2)cc(C(C)(C)C)c1,2.485189
Cc1nc(C2CCN(Cc3ccc(C(F)(F)F)cc3)CC2)n[nH]1,1.147707
Cc1noc(Cc2ccc(C)c(O)c2)n1,1.717679
CC(C)N1CCN(CCCSc2ncc[nH]2)CC1,1.939814
O=C(Nc1ccc(C2CCCCC2)cc1)c1ccc(S(=O)(=O)NCc2cccnc2)cc1,2.781371
O=C(COC(=O)c1cc(O)nc2ccccc12)c1ccc(Oc2c(Cl)cccc2[N+](=O)[O-])cc1,2.264648
COc1ccc(Cl)cc1N(CC(=O)Nc1ccccc1C(=O)NCc1ccccc1)S(C)(=O)=O,3.136159
O=S(=O)(NCCC(c1ccccc1)c1ccccc1)c1ccc(Cl)cc1,3.969622
CN1C(=O)COc2cc(NC(=O)C3CC=CC3)ccc21,1.96708
CN(C)c1ncc(CN2CCC(Cc3ccc(F)cc3)CC2)s1,3.409779
CC(C)c1nc(/C=C/c2cnn(C)c2)ncc1C(=O)O,1.02792
Cc1sc2ncn(Cc3c(F)cccc3Cl)c(=O)c2c1C,2.879027
COCC(=O)NC1(C#Cc2ccc(NC(=O)C3CC3)nc2)CCCCC1,2.184282
O=C(COc1cccc(-n2cncn2)c1)N1CCc2ccccc21,2.526856
Cc1nc(Cn2nnnc2C(C)(C)C)nc2ccccc12,2.859733
COc1cccc(CNC(=O)C2(C#N)CCOCC2)c1,1.880391
NCc1ccc(-n2cnc3ccccc32)cc1Cl,1.557002
Oc1cncc(/C=C/c2nc(-c3ccncc3)no2)c1,2.378981
N#Cc1c(Cl)nc(N)n1-c1ccccc1,1.44295
CC(C)c1cc(C(=O)Nc2ncccc2Cl)no1,1.813488
Cc1noc(CC2CCN(Cc3cccnc3)CC2)n1,1.689105
CC(C)[C@H](O)C(=O)N[C@@H](C)C(=O)N[C@@H]1C(=O)N(C)CCc2ccccc21,1.152288
NC(CO)(CO)CCc1ccc(Sc2cccc(OCc3ccccc3)c2)cc1Cl,1.152288
COc1ccc(F)cc1-c1ccc(-c2nnco2)cc1,2.521984
Cc1cc(C)nc(SCC(=O)N2c3ccccc3C(C)(c3ccc(Cl)cc3)CC2(C)C)n1,3.324075
COc1ccc(Cc2noc(-c3cccc4c3OCC(=O)N4)n2)cc1,2.170892
O=C(Nc1c(F)cccc1Oc1ccccc1)c1cnccn1,3.035038
O=C(Nc1nnc[nH]1)c1ccc(C2SCCCS2)cc1,2.166617
O=C(Nc1ccccc1)c1scnc1-c1ccccc1,3.016728
CCC(=O)Nc1sc2c(c1C#N)CCC2,2.580827
CCCNC(=O)c1ccc(OC2CCN(C)CC2)cc1,1.545505
COc1ccncc1NCc1cscn1,1.404765
CONC(=O)c1c2c(nc3ccccc13)CCC2,1.02792
O=c1n(Cc2ccccn2)nc2n1-c1cc(Cl)ccc1C1=NCCN12,1.680598
Cn1c(=O)n(-c2ccc(C(C)(C)C#N)cc2)c2c3cc(-c4cnc5ccccc5c4)ccc3ncc21,1.960476
N#Cc1ccc(-c2cccc(CN)c2)s1,2.745975
CCNC1=N[C@@H]2[C@@H](O)[C@@H](O)[C@H](CO)O[C@@H]2S1,1.02792
Cc1ncsc1-c1nc(CNc2cc(F)cc(F)c2)no1,2.820221
C=CCNC1=C2C[C@@H](C)C[C@@H](OC)[C@@H](O)[C@@H](C)/C=C(/C)[C@@H](OC(N)=O)[C@@H](OC)/C=C\C=C(\C)C(=O)NC(=CC1=O)C2=O,3.005443
CN1CCN(C(=O)c2ccc3cc(CCNc4ncnc5ccc(C#N)cc45)ccc3c2)CC1,2.37665
Cc1cc(C)n(C(=O)CCCC(=O)n2nc(C)cc2C)n1,3.369321
COc1ccc(NC(=O)CN2CCCC2)cc1,3.268167
Cc1ccc(S(=O)(=O)Nc2ccc3c(c2)c2c(n3S(=O)(=O)c3ccc(C)cc3)CCC2)cc1,3.172209
Nc1ccc(Nc2ncc3cnn(C4CCCCCC4)c3n2)cn1,2.335342
CN(C)c1ccnc(NCc2ccc(F)cc2)n1,3.251685
N#CC1(NC(=O)Cc2cc3c(ccc4ccccc43)o2)CCOCC1,2.848312
COc1ccccc1C(=O)/C=C/c1ccccc1C(F)(F)F,3.138438
Cc1nc2ccccc2c(C(=O)O)c1C,1.02792
Cc1ccc(-c2ccc(F)cc2COc2ccc(CCC(=O)O)cc2)cc1,2.296487
C[C@H](Cn1nc2c(cc1=O)CCCCC2)NC(=O)Cc1cccs1,2.912122
O=c1[nH]c(=O)n([C@H]2C[C@H](O)[C@@H](CO)O2)cc1C(F)(F)F,1.02792
O=C(NCc1cccc(O)c1)Nc1nc(-c2ccncc2)cs1,2.390097
c1cnc(NCc2cccc3cnccc23)nc1,2.250007
CCCCCCCCc1ccc(CCC(N)(CO)CO)cc1,1.230449
Cc1cccc(NC(=O)C(=O)c2c(C)nn(C)c2C)n1,2.363988
CN(C)c1ncncc1NC(=O)c1ccc(C(F)(F)F)nc1,1.02792
COc1c(C)cnc(Cn2cnc3c(Cl)nc(N)nc32)c1C,1.862784
O=C(c1cc(F)ccc1O)N1CCN(C2CCOCC2)CC1,2.302272
c1cnc2c(Oc3ncnc4sccc34)cccc2c1,2.387852
Cc1nn(C)c2nc(-c3ccncc3)cc(C(=O)O)c12,1.02792
Cc1cc(NC(=O)c2ccc(NC3CC3)nc2)[nH]n1,1.191283
COc1cccc(CN2CCc3nc(-c4cnccn4)nc(O)c3C2)c1,1.424408
Cc1cc(N(C)CC(C)(C)O)ncc1Br,2.986764
Cc1cc(C(=O)O)nn1-c1ccccn1,1.02792
Cc1cc(CSCc2c(C)noc2C)no1,3.281588
Cc1ccc(NC(=O)c2ccn(C(C)C)n2)cc1N1C(=O)CCC1=O,1.283256
Cc1ccc(CCNc2nc(C)cc(C)n2)cn1,2.283733
CCNC(=O)c1noc(-c2cc(C(C)C)c(O)cc2O)c1-c1ccc(CN2CCOCC2)cc1,2.544741
O=C(NCc1ccc(CN2CCS(=O)(=O)CC2)cc1)c1ccon1,1.02792
CCOc1ccc(Oc2ccc(OCc3cc(F)ccc3F)cc2)c(N)c1,2.017668
NCCCc1nc(-c2ccncc2)cs1,2.3784
CCN(Cc1cccs1)C(=O)CN1CCC(n2c(=O)[nH]c3ccccc32)CC1,3.447534
O=c1[nH]c2ccccc2n1C1CCN(Cc2csc(COc3ccc(F)cc3)n2)CC1,3.038644
Cc1ccc(OCCCC(=O)N2CCC(n3c(=O)[nH]c4ccccc43)CC2)cc1,3.18822
O=c1[nH]c2ccccc2n1C1CCN(Cc2nc(Cc3ccccc3)no2)CC1,2.933127
O=C(Cc1csc(-c2ccc(F)cc2)n1)N1CCC(n2c(=O)[nH]c3ccccc32)CC1,3.449672
Cc1cc(OCC(=O)N2CCC(n3c(=O)[nH]c4ccccc43)CC2)ccc1Cl,3.160701
O=C(CCc1ccc(-c2ccccc2)o1)N1CCC(n2c(=O)[nH]c3ccccc32)CC1,3.246698
Cc1nc(CCNc2cnccc2C#N)cs1,2.591743
Cc1cc(C(=O)N2CCS(=O)(=O)CC2)c(C)o1,1.02792
O=C(NCc1cccc2c1OCCCO2)c1cscn1,1.918308
Nc1c(-c2ccc(F)cc2)ncn1Cc1ccccc1,2.570413
Cn1ncc2c(NOCc3ccccc3)ncnc21,1.695858
Cc1cc(C)nc(NS(=O)(=O)c2ccc(NC(=O)/C=C/c3ccc([N+](=O)[O-])s3)cc2)n1,1.758465
N#Cc1cnc2ccccc2c1OCCO,1.104043
CCN(CC)C(=O)Oc1cccc2cccnc12,2.275954
CS(=O)(=O)N1CCN(Cc2cc3nc(-c4cccc5[nH]ncc45)nc(N4CCOCC4)c3s2)CC1,1.701272
NC1(c2ccc(-c3nc4ccn5c(=O)[nH]nc5c4cc3-c3ccccc3)cc2)CCC1,1.232996
Cc1ccccc1S(=O)(=O)N[C@@H]1CC[C@@H](O)[C@@H]1O,1.247703
CC(C)c1noc(-c2ccc(N)cc2)n1,2.198013
O=S(=O)(Nc1ccc(C(O)(C(F)(F)F)C(F)(F)F)cc1)c1ccccc1,1.232996
Cc1ccc2[nH]c(CNC(=O)c3cc(C(F)F)nn3C)nc2c1C,2.26945
Oc1c(C(c2ccc(F)cc2)N2CCCCC2)ccc2cccnc12,2.581842
CCCCN(CC)c1nc(C)nc2c1c(C)c(C)n2-c1c(C)cc(C)cc1C,3.140665
O=C(CCC1CCOCC1)Nc1ccc(C(=O)O)cc1,1.02792
Cc1nc(CS(C)(=O)=O)sc1C(=O)Nc1ccccc1,1.02792
O=[N+]([O-])c1ccc(S(=O)(=O)Nc2cccc(-c3nc4ccccc4[nH]3)c2)cc1,2.996753
CC(C)(C)c1csc(Cn2ccnc2-c2ccccn2)n1,3.417479
Cc1cccnc1CNC(=O)c1ccc(Cl)s1,2.600982
CCNC(=O)c1cc(N2CCC(N3CCCC3=O)CC2)ccn1,1.02792
O=C(NC[C@]1(O)CCN(Cc2cccs2)C[C@H]1O)c1c[nH]cn1,1.02792
CCc1noc(-c2ccc(C)c(N)c2)n1,2.292398
Cc1ccc(S(=O)(=O)N2CCCc3ccc(NS(=O)(=O)c4ccc(F)cc4C)cc32)cc1,3.382982
Cc1ccc(S(=O)(=O)N2CCCc3ccc(NS(=O)(=O)c4cc(F)ccc4F)cc32)cc1,3.353752
CC1(C)[C@@H]2C[C@H]1[C@@]1(O)[C@@H](C2)Oc2c(ccc(O)c2C(=O)NCCc2ccccn2)[C@@H]1O,2.959168
Clc1cnc(NCC2(c3ccncc3)CC2)nc1,2.673482
CCOc1ccc(CC(=O)N2CCC3(CC2)Nc2cc(C)ccc2-n2cccc23)cc1OCC,2.980429
COCc1ncc(CN2CCC(Oc3cccc(C)c3)CC2)cn1,2.116352
COCC(C)(C)CNC(=O)C1(Cn2cccn2)CC1,2.27385
CC(=O)c1ccc(-c2ccc(-c3nn[nH]n3)cc2)cc1,1.721967
Cc1ccn(-c2ccc(NCC3CC3)nn2)n1,2.484717
O=C(Cn1ncc2ccccc21)Nc1ccc2c(c1)CCO2,2.323165
CC(C)(CNc1cnn(CCO)c1)c1ccccc1,2.510218
CCCn1cc(CNC(=O)CN2CCCC2)cn1,2.403157
CC(C)(C)c1cc(C(=O)CSc2nncn2-c2ccccc2)cc(C(C)(C)C)c1O,1.668088
CC(C)NC(=O)CN(C)c1ccc(Cl)c(C#N)n1,1.940247
Fc1cc(CCNc2ncnc3sccc23)c2c(c1)COCO2,3.447841
c1ccc(-c2nccc(NCc3nnc4n3CCCCC4)n2)cc1,2.651077
COc1ccc(Nc2nc(Cl)cc(Cl)n2)cc1,2.229206
COc1ccc(Cc2nnn[nH]2)cc1F,1.02792
Cc1noc(C)c1N(C)CCn1cncn1,1.584365
O=C(NO)c1cnc(NC2(c3ccccc3)CC2)nc1,1.241746
COc1cc2cc(N)c(C3CCNCC3)nc2cc1OC,1.02792
Cn1nccc1C(=O)C1CCN(C(=O)c2cccs2)CC1,1.988902
Cc1cc(NC(=O)c2c(F)cccc2Cl)no1,1.415457
CCOC(=O)c1c(C)n(C)c2ccc(O)cc12,2.220702
CCOc1ccc2nc3c(cc2c1)CN(CCOC)C(=O)O3,2.333197
Cc1nc(-c2ccccc2)c(C(=O)Nc2cc(Cl)cc(Cl)c2)s1,2.361488
Clc1cnc(Oc2ccc3cn[nH]c3c2)nc1,1.43908
COc1ccccc1N1CCN(CCNC(=O)c2ccc(F)cc2)CC1,2.551349
COc1ccccc1-n1ncc2c(=O)[nH]c(SC(C)c3ccccc3)nc21,3.070245
Cc1cc(CN(C)C(=O)C(=O)Nc2ccc(F)c(C)c2)no1,2.430659
Nc1nc2ccccc2n1C1CCCC1,1.942628
Cc1nc2ccccc2n1CCNc1ncccn1,2.476375
O=C(NO)c1cnc(NC2(c3cccc(F)c3)CCCCC2)nc1,2.485054
Cc1ccc(F)cc1NCc1csc(-c2cnn(C)c2)n1,2.604095
N#Cc1ccc(OC2CCNCC2)cc1,1.02792
Cc1nonc1C(=O)Nc1cccnc1N(C)C,2.238031
O=C(N[C@@H](COc1ccc2[nH]c(=O)[nH]c2c1)c1ccccc1)c1cccn(Cc2ccc(F)c(F)c2)c1=O,2.583587
CCOc1cc(-c2nnc(NC(=O)c3cccc(C(F)(F)F)c3)o2)cc(OCC)c1OCC,1.242429
CC(=O)NC[C@H]1C[C@]2(C)[C@@H](CCCC[C@]2(C)O)N1CC1(O)CCCCCC1,2.768789
CC(C)c1c(-c2ccccc2)[n+]([O-])c2c([n+]1[O-])CCC2,1.155397
Cc1nc(CNC(=O)c2ccc(F)c(C)c2)no1,1.02792
Cc1ccccc1-c1cc(N)n(Cc2ccccc2)n1,2.480241
NCc1nnc(CCc2ccccc2)o1,1.02792
COCCCNc1ncc(-c2ccsc2)c(-c2nc(C)c(C)s2)n1,1.991833
CCCCNc1nc2c(cc1C#N)CCC2,3.364486
CN(C/C=C/C(=O)N1CCC[C@@H](n2nc(-c3ccc(Oc4ccccc4)cc3)c3c(N)ncnc32)C1)CCCCNC(=O)CCCC(=O)NCCCOCCOCCOCCCNC(=O)CCCC[C@@H]1SC[C@@H]2NC(=O)N[C@@H]21,1.940925
O=C(Nc1cccc2ncccc12)[C@H]1CCCN(S(=O)(=O)c2cccs2)C1,2.788388
COc1ccc(S(=O)(=O)N2CCC[C@H](C(=O)Nc3cccc4ncccc34)C2)cc1,2.786235
CCC(C)(C)c1ccc(Oc2ccc(NC3=NN(c4ccccc4)C(=O)C3)cc2)cc1,1.232996
CS(=O)(=O)N1CCN(Cc2cc3c(cc2O)OCO3)CC1,2.444212
CCCn1ncc(CN2CCC(c3ncc[nH]3)CC2)c1C,2.697341
CC(C)Cc1ccc(-c2nc(-c3ccc(CN4CC(C(=O)O)C4)cc3)no2)cc1,1.230449
Cc1nccc(-c2cccc(NCC(=O)Nc3ccc(F)cc3)c2)n1,2.482729
CN(C)C(=O)CCNc1ccnc2ccc(Cl)cc12,1.863686
CCN1C(=O)C(C)(C)COc2cc(NS(=O)(=O)c3cc(C)c(C)cc3OC)ccc21,3.969622
CCN1CCc2c(sc(NC(=O)CS(=O)(=O)c3ccccc3)c2-c2nc3ccccc3s2)C1,2.638016
COc1cc(CN[C@@H]2CCC[C@H]2Cc2cc(C)no2)ccc1OC(C)C,3.375901
NC(=O)c1cnn(Cc2cccc(F)c2)c1,1.02792
O=c1c2c(Cl)ccc(Cl)c2ncn1Cc1cc(O)ncn1,1.02792
CC(=O)Nc1ccc(C(=O)Nc2cc(-c3cccs3)ccc2N)cc1,1.814447
CCc1cc2c(OCC(=O)N3CCCC3)ncnc2s1,2.775981
Cc1cc(NC(=O)c2cc(F)cc(F)c2)sn1,1.888404
Nc1ccccc1-c1nc(C2CC2)no1,2.877154
Cc1cc(-c2nc(C(=O)Nc3cc4oc(N5CCOCC5)nc4nc3N3CC[C@@H](O)C3)co2)ccn1,1.02792
CC(C)c1nccn1Cc1nc(-c2cccs2)no1,3.285473
CC(=O)NCCOc1ccc2ccccc2n1,1.949922
Nc1nn(C(=O)Cc2ccc(F)cc2)c2cccc(F)c12,1.798761
O=C1NC2(CCC2)C(=O)N1Cc1ccon1,1.02792
Cc1cnc(Nc2ccc(OCCN3CCCC3)cc2)nc1Nc1cccc(S(=O)(=O)NC(C)(C)C)c1,2.320665
CC(=O)N(CC(N)=O)c1ccc(C)cc1,1.6312
COc1cc(OC)c2c(=O)cc(CCC(=O)O)oc2c1,1.02792
c1ccc2nc(OC3CCNCC3)cnc2c1,2.263376
Nc1ccccc1-c1nc(C2CCCCCC2)no1,3.117681
NCCc1cnn(Cc2ccccc2)c1,1.02792
CCCn1cc(CNc2ncccn2)cn1,1.752087
CSC1(CNc2cncc(Cl)n2)CCOCC1,2.722797
O=C(NCCN1CCc2ccccc2C1=O)c1ccncc1,2.38051
O=C(N[C@H](CO)CC1CCCCC1)c1cccc(-c2cnccn2)c1,3.629711
CC(=O)N1CCCN(Cc2ccc(C(=O)N3CCCC3)cc2)c2ccccc21,2.51467
Nc1nc(N2CCN(CC3CCCC3)C(=O)C2)cc(-n2cccn2)n1,3.062005
Cc1nc(-c2ccncc2)cc(N2CCC(CO)CC2)n1,1.567379
CN(c1nc2ccccc2o1)C1CCN(C2CCOCC2)CC1,2.067584
Cc1c(C(=O)Nc2cnccn2)cccc1-c1ccccn1,2.695384
Cc1cc(C)c(S(=O)(=O)Nc2ccccc2)c(C)c1,3.618827
Cc1cccc(C)c1NCc1noc(C2CC2)n1,3.186112
CN1CCN(c2ccc3nc(-c4cc(C(C)(C)C)c(OCCCC(=O)NCCCN=[N+]=[N-])c(C(C)(C)C)c4)[nH]c3c2)CC1,2.326528
Cc1cc(CSCc2ccc(C#N)cc2)no1,3.002343
CCN1CCC(Oc2ncnc3c2c(C)c(C)n3C2CCCCC2)CC1,2.8606
COc1ccc2c(c1)CCCN(C(=O)NCCc1ccccn1)C2,3.14481
CN1C(=O)c2ccc(C(=O)N(CC3CCCCC3)C3CC3)cc2C1=O,3.414878
CCOc1ccc(NC(=O)c2ccc3c(c2)NC(=O)CO3)cc1,2.661794
COc1c(C)cnc(Cn2cc(C#CCC(C)(C)O)c3c(Cl)nc(N)nc32)c1C,2.159945
CN1CCC(CNc2ccc3ncc(-c4cccc(OC(F)(F)F)c4)n3n2)CC1,2.561771
COc1cccc(CN2CCc3nc(-c4cnc(C)cn4)nc(O)c3C2)c1,1.582257
O=C(NCCN1CCC(n2c(=O)[nH]c3cc(Cl)ccc32)CC1)c1ccc(F)cc1,2.571648
O=C(Nc1cnn(-c2ncccn2)c1)C1CCCCC1,1.863905
O=C(c1ccc(-c2ccncc2)cc1)N1CCC(F)(F)CC1,1.635665
Cc1cc(-n2nc(C)cc2N)nc(C)n1,2.096068
Cc1cc(-c2cccc3ccnn23)nc(N2CCCC2)n1,3.203646
COc1ncccc1CNc1c(C#N)cnc2c(C)cc(F)cc12,3.095622
N=C(N)NCCCCC(=O)Nc1ccc(C[C@H](NC(=O)[C@@H]2CCCN2S(=O)(=O)c2ccccc2)C(=O)O)cc1,1.02792
O=C(NC[C@]1(O)CCN(Cc2cscn2)C[C@H]1O)c1c[nH]cn1,1.629083
N#CCNC(=O)c1ccc(C#N)c(Cl)c1,1.02792
Cc1ccnc2[nH]c(CSCc3ccccc3)nc12,2.810903
CCCN(C(=O)c1ccccc1N)C(C)C,2.533639
CC(C)(C)OC(=O)N1CCCN1C(=O)c1cc2cc(Cl)ccc2[nH]1,2.836997
CCCS(=O)(=O)Nc1ccc(F)c(C(=O)c2c[nH]c3ncc(Cl)cc23)c1F,1.346613
COc1ccc2c(c1)C(=O)N(c1ccc(C)cc1)C(=O)C2,2.566113
CC(C)NC(=O)CN(C#N)c1ccccc1,1.02792
Cc1cc(CO)nc(N2CCCCC2)n1,2.053754
N#CCCn1ncnc1-c1cccc(C#N)c1,1.02792
O=c1[nH]c2ccccc2n1C1CCN(Cc2nc(-c3cccs3)no2)CC1,2.368668
O=C(COCc1nc2ccccc2s1)N1CCC(n2c(=O)[nH]c3ccccc32)CC1,3.010514
O=C(CCn1ccc2ccccc21)N1CCC(n2c(=O)[nH]c3ccccc32)CC1,3.73624
CNc1ncc2cc(-c3ccc(-c4cccc(C)n4)cc3Cl)c(=O)n(C[C@H]3OC[C@H](N)CO3)c2n1,2.229894
COc1cc(Nc2ncc(F)c(Nc3ccc4c(n3)NC(=O)C(C)(C)O4)n2)cc(OC)c1OC,2.084996
CC#C[C@@H](CC(=O)O)c1ccc(OCc2cccc(-c3ccc(C(F)(F)F)cc3)c2)cc1,1.50496
Cc1cccc(CNC(=O)Cn2c(=O)oc3cccnc32)c1,1.02792
Cc1ncsc1CCN1C(=O)NC2(CCCC2)C1=O,2.23568
Cc1c(C(=O)NCCc2cc3nc(-c4ccco4)ccn3n2)cnn1C,2.237996
CN(C)Cc1ccnc(NC(=O)c2ccsc2)c1,2.598864
N#Cc1nc(-c2ccccc2)oc1NCc1ccc2c(c1)OCO2,2.84916
Clc1ccc(CSc2nc(-c3ccccc3)cs2)cn1,3.354012
Cc1nn(C)c(C)c1CNc1ccc(N2CCN(C)CC2)nc1,1.02792
CN1N=C(SCc2ccc(Cl)cc2Cl)Sc2c1cnn(C)c2=O,3.276577
Cc1cc(OCc2ccnc(Cl)c2)nnc1C,1.712464
Fc1cc(-c2noc(C3CCN(C4CC4)CC3)n2)cc(F)c1F,2.771894
Fc1cccc2c1CN(Cc1c[nH]nc1-c1cccnc1)CC2,3.094119
Cc1ccncc1NC(=O)Cc1ccc(F)cc1,1.309012
O=C1CCC(=O)N1Cc1nc(Cc2ccccc2)cs1,2.162014
COc1cc(C)cc(OC)c1-c1ccc(OCC(N)=O)cc1,2.403695
Cc1ccc(C#N)c(NC(=O)CCc2ccccc2)n1,2.379923
O=C(NCCc1ccc(F)cc1)n1ccnc1,1.980276
Cc1noc(C)c1COc1ccc2ncccc2c1,2.528251
Cc1ccc(C(=O)N(C)Cc2ccccn2)c(O)c1,2.680769
N#Cc1cccc(NCc2ccc(-c3cccnc3)o2)c1,2.6196
CNC(=O)Cc1noc(-c2ccc3ncccc3c2)n1,1.337539
Cc1ccc(-c2cnc3ccccc3n2)cc1N,2.307496
O=c1oc2cccnc2n1Cc1cnn(-c2ccccc2)n1,1.803805
Cc1cccc2cnc(C3CCN(C(=O)CCc4ccno4)CC3)cc12,2.862804
COc1ccc(CN2CCC(c3cc[nH]n3)CC2)cn1,2.011097
CN(C)c1ccnc(NC(=O)c2cnsn2)c1,2.446835
Oc1cc(F)ccc1-c1nc(-c2ccncc2)no1,2.524105
Nc1c(C(=O)NCC2CCCO2)sc(=S)n1-c1ccc(Cl)cc1,1.965122
Cn1c2cc(S(C)=O)sc2c2cnn(Cc3cccc(N)c3)c(=O)c21,1.695508
O=C(C1CCCCC1)N1CCC[C@H]1Cn1nnc(-c2cccs2)n1,3.709122
Cn1ccnc1C1CCN(C(=O)COCc2nc3cc(F)ccc3[nH]2)CC1,1.788861
COc1ccc2c(c1)CC[C@@H]1[C@@H]2CC[C@]2(C)[C@@H](NCCCCCCN3C(=O)C=CC3=O)CC[C@@H]12,1.587172
CC(C)(C)c1cc(C(=O)CSc2nnnn2-c2ccccc2)cc(C(C)(C)C)c1O,1.746518
N=c1ccn2c(n1)O[C@@H]1[C@@H](O)[C@@H](CO)O[C@H]12,1.02792
O=C(CNC(=O)c1ccccc1Cl)Nc1cccc2c1CCCC2,3.265196
c1ccc(C2(CNc3nc4ccccc4o3)CCOCC2)cc1,3.530842
Cc1cccc(NC(=O)c2cncn2-c2ccccc2)n1,2.217476
C[C@@H](CN1CCC(n2c(=O)[nH]c3cc(Br)ccc32)CC1)NC(=O)[C@@H]1C[C@H]1c1ccccc1,2.759221
