SMILES,Type,X,Y
NCc1ccccc1C(=O)O,Fragment,23.198675,-1.7190628
OCc1cccc2ccccc12,Fragment,34.778408,9.500184
CC(C)(C)c1ccc(C(C)(C)C)cc1,Fragment,5.9881635,-16.343264
O[SH]1Sc2ccccc2S1,Fragment,35.957203,-5.3999853
NC(CCCCc1nnn[nH]1)C(=O)O,Fragment,-40.702057,39.948975
O=C1C=Cc2c(O)ccc3cccc1c23,Fragment,2.1177447,-0.41564557
CC1CC2=C(CO1)C(=O)C(C)(O)C(O)C2,Fragment,-21.612144,-7.2470813
Cc1cc(NC(=O)c2ccccn2)no1,Fragment,11.709456,28.022438
CCON=CC(O)CNC(C)C,Fragment,-48.704754,-1.4548358
O=CC(=O)O,Fragment,-35.5596,18.908539
CCNC(C)Cc1ccccc1,Fragment,26.856936,-8.79704
Clc1ccc(CCn2cncn2)cc1,Fragment,22.837528,-35.151093
CC(C)(C)Cn1cnc2c(N)ncnc21,Fragment,0.51522475,-17.237293
c1cn(CC2CCCCC2)cn1,Fragment,-27.395876,-25.678457
CCCCCCC#CC(=O)OC,Fragment,-64.42124,4.2402964
O=C(O)C1CC(O)C(O)C(C(O)CF)O1,Fragment,-36.357235,15.616548
N#CCc1ccccc1,Fragment,26.036198,-6.6909556
NCCCC(NN)C(=O)O,Fragment,-41.204308,32.63352
Cc1ccc(=O)n(CCCCC(=N)S)n1,Fragment,0.6050551,-21.374773
Cc1ccc(F)cc1,Fragment,14.026177,-17.167265
NCC1CC1c1ccc(F)cc1Cl,Fragment,52.447212,-33.191017
CC(C)CCOC1C=CC(=O)C(CO)O1,Fragment,-16.30029,3.1905496
O=C(OCCOCBr)c1ccccc1,Fragment,21.525537,0.9108725
Cc1cccnc1CO,Fragment,50.227036,3.9482815
O=C1CNC(=O)c2ccccc2N1,Fragment,41.2555,-20.329845
c1ccc2c(c1)CCNC2C1CC1,Fragment,51.581642,-20.596375
COc1ccc(C=C(S)C(=O)O)cc1,Fragment,17.722305,31.998592
Cc1cccc2cccnc12,Fragment,46.14901,-0.8498697
CCCOC(=O)C=Cc1ccc(O)cc1,Fragment,-19.87727,38.320587
Cc1cc(C#N)cc(C)c1O,Fragment,3.375988,-33.39996
O=C(NC1COC1=O)c1ccccc1,Fragment,42.933636,-29.08122
Cc1noc2c1C1CCC(CC2)N1,Fragment,-12.152049,-22.927725
CC1=CC(C)C(C=O)C(C)C1,Fragment,-9.181807,-13.868735
O=C(O)CCC(=O)c1ccc(Cl)c(Cl)c1,Fragment,14.59371,-28.347973
NOCc1c(F)c(F)c(F)c(F)c1F,Fragment,-31.698265,-7.771536
CCOC(=O)P(=O)(O)OCC,Fragment,-19.720583,31.94487
CC(N)C1CC2CCC1C2,Fragment,-27.588144,-15.626421
COC(=O)C(N)CCCCN,Fragment,-34.35384,36.682323
C1CN(CCN2CCOCC2)CCO1,Fragment,-38.78082,-31.440287
CN1C(=O)C(CCC(=O)O)NC1=S,Fragment,-7.755724,14.6272
CCOC(=O)c1c(N)sc2c1CCCC2,Fragment,-14.266065,31.188614
C[SH]1c2ccccc2-c2ccccc21,Fragment,38.580933,-7.7384458
Clc1cccc(Cl)c1C=Nc1ccco1,Fragment,28.929398,-24.348104
Cc1ccc(Cn2cc[nH]c2=S)cc1,Fragment,12.654002,-23.069674
N=C(N)NCCCCCCSC(=N)N,Fragment,-45.822468,21.844273
CCCCCN1CCCN=C1C=NO,Fragment,-59.113636,-16.275976
O=C1C=CC(=O)O1,Fragment,-6.627947,-5.602425
CC(=O)OCC=C(C)C,Fragment,-29.752222,22.940332
Cn1nc(-c2cccc(F)c2)n(C)c1=S,Fragment,17.63294,-20.224388
CC(C)OP(C)(=O)OC(C)C,Fragment,-47.42929,8.088046
CCCC1CCCC(=O)O1,Fragment,-63.019817,-12.235502
COc1ccc(-c2cc(O)[nH]n2)cc1,Fragment,29.713573,42.31676
CC1=CC(C(C)C)NC(=S)N1,Fragment,1.7542886,-10.771769
CC(C)(C)Sc1ccc(N)nc1,Fragment,2.7130303,-17.10717
c1ccc(CNCCN2CCCC2)cc1,Fragment,56.470436,-22.770079
Cc1ccccc1NCC1=NCCN1,Fragment,52.85718,-7.59463
CCC(=O)OCc1ccccc1,Fragment,22.821167,0.7844613
CC1CC(O)CC(C)(C)C1,Fragment,-25.554327,-10.171147
Oc1c2ccccc2nc2sc(Cl)nc12,Fragment,37.8978,-3.9034789
COc1c(O)c(C)c(Cl)c(OC)c1Cl,Fragment,36.306576,33.446915
N#Cc1ccc(NC(=O)C(Cl)Cl)cn1,Fragment,15.965524,-1.0720425
Clc1cccc2c1CC(C1=NCCN1)O2,Fragment,53.749516,-2.9019003
N=C(N)SCc1ccc(N=C=S)cc1,Fragment,26.99605,18.033064
O=C(O)CN=CC=Cc1ccc(Cl)cc1,Fragment,16.016775,-28.156336
O=C(O)CCC(O)c1ccc(Br)cc1,Fragment,-2.2978919,16.778141
Clc1ccc(CN2CCSCC2)cc1Cl,Fragment,24.095724,-39.09259
Nc1cccc(Cl)c1Cl,Fragment,29.169853,-27.766953
CC#CCON=C1CN2CCC1C2,Fragment,-32.648396,-31.175657
CCCCCC(C)=NO,Fragment,-59.935444,-2.4481804
O=C1CC(C(=O)O)C(C(=O)O)C1,Fragment,-13.765336,11.106389
C=CC(=O)CCCCC,Fragment,-63.029102,2.8138673
CC1CC(N)=Nc2ccccc21,Fragment,44.346043,-15.2524805
N=C(N)NC(=O)c1cccnc1,Fragment,59.509968,12.922615
CC(C(=O)O)c1ccc(C(C)(C)C)cc1,Fragment,4.3254905,10.367731
COC1C(C(=O)O)OC(O)C(O)C1O,Fragment,-35.038258,16.965685
CCCOC(=S)OCCCN(C)C,Fragment,-53.4633,-7.163351
Cc1nccn1CC(I)=C(I)I,Fragment,0.22463511,-22.238504
CC(C)Cc1nccc2nc(N)[nH]c12,Fragment,2.0693507,-13.973426
CN(C)C(C)(C)CO,Fragment,-50.238064,-6.378938
CC(C)Cn1c(N)cc(=O)n(C)c1=O,Fragment,-4.290993,-2.5327685
OC(CCl)CNc1c(Cl)cccc1Cl,Fragment,28.827242,-26.78973
CCOS(=O)(=O)CCl,Fragment,-35.367523,2.7389374
CCCCCCCCCN1CCNCC1,Fragment,-64.75748,-7.4988675
O=C(Nc1ccccc1)Nc1cnns1,Fragment,22.700047,5.5426435
NCC=CC(N)(C(=O)O)C(F)F,Fragment,-35.30866,23.588755
Cc1cc(C)c(NC(=O)CN)c(C)c1,Fragment,0.85553455,24.59612
CC1CCO[PH](O)(N(CCCl)CCCl)N1,Fragment,-33.14562,-19.29887
CC1Cc2cccc(C(N)=O)c2O1,Fragment,-9.2713785,10.419147
CCc1ccc(C2CCCN2C)cn1,Fragment,66.89116,0.69493794
CC1CNC2(C1)C1CC3CC(C1)CC2C3,Fragment,-24.017147,-14.171972
CCn1ccccc1=O,Fragment,38.544838,-17.229895
CCSc1nsnc1C1=CCCN(C)C1,Fragment,-5.668476,-26.326578
COc1ccc(O)cc1C=O,Fragment,21.320452,37.704548
CNc1nc(N)nc(N(C)C)n1,Fragment,-1.3293285,-29.25023
NCCNC(=O)c1cccc(Br)c1,Fragment,14.206017,1.8297657
Nc1ccc(C(=O)O)c(Cl)c1,Fragment,13.886197,-29.908298
Cc1ccc(OCC(=O)O)c(O)c1,Fragment,18.89265,25.451204
Cc1cc(O)cc2oc(=O)cc(C)c12,Fragment,1.8444163,-4.347292
Fc1ccc(N2CCNCC2)cc1,Fragment,35.85576,-36.998688
Oc1[nH]c(S)nc2nc(S)nc1-2,Fragment,-7.613874,-33.581806
Cn1ncc2c(Cl)ncnc21,Fragment,-2.777847,-21.71548
CC(C)(C)c1cccc(C(=O)CF)c1,Fragment,11.527776,10.695312
OCCC[SH]1CC(O)C(C(O)CO)C1,Fragment,-44.79703,-15.208071
Cc1cc(=O)c2c(O)cc(O)cc2o1,Fragment,2.0752375,-4.177818
CCC(=O)c1ccc2c(c1)OCCO2,Fragment,6.0147104,5.5604577
CNC(C)CCC=C(C)C,Fragment,-46.24049,-1.5606356
O=C(O)C(O)C(O)C(O)C(=O)CO,Fragment,-38.458893,25.805279
NCCCC(CC(N)C(=O)O)C(=O)O,Fragment,-41.079845,34.145714
COc1cc2c(cc1OC)C(N)CC2=O,Fragment,25.297474,44.590744
Cc1ccc(F)cc1NC1=NCCN1,Fragment,15.3263445,-18.952988
CCCCCNCC(=O)O,Fragment,-64.496216,6.726139
O=Cc1ccccc1-c1ccccc1,Fragment,32.043324,-1.7726669
O=Cc1ccc(Br)o1,Fragment,11.876688,-2.8997762
COc1cc2c(cc1OC)C(C)NCC2,Fragment,26.921715,45.934113
Cc1cc2c(C)cc(O)cc2c(=O)o1,Fragment,1.8147103,-4.356834
CC1(C)NC(C(=O)O)CS1,Fragment,-16.922968,9.926299
NC(Cc1ccc(O)c(F)c1)C(=O)O,Fragment,-12.203023,48.04402
NCC1(C(=O)O)CC12CCCC2,Fragment,-26.948072,16.023977
C#CCNC1c2ccccc2CC1F,Fragment,51.02891,-13.214644
CSc1ccc(Cl)cc1,Fragment,18.620846,-33.895844
CCOC(=O)CCN=C(N)N,Fragment,-20.408325,35.199314
CN1C2CCCC1C(OS(C)(=O)=O)C2,Fragment,-30.407797,-26.575108
CCOC(=S)OCCN(C)C,Fragment,-53.42896,-7.1694565
NCc1ccc(Cl)c(Cl)c1,Fragment,25.755621,-32.930923
NC1=CC(=O)C=CC1=O,Fragment,-5.778505,-5.2691436
Cc1nsc2cc(Cl)n(C)c(=O)c12,Fragment,2.1711817,-23.894802
CCN1C(=O)NC(c2ccccc2)C1=O,Fragment,38.595512,-21.14023
CN1CCCC2c3ccccc3CCC21,Fragment,54.347656,-15.85342
Cc1cc(N)c2c(c1)SSSSS2,Fragment,4.5786967,-14.16687
Oc1ccc(Cl)nc1,Fragment,9.121462,-31.483046
Cc1c(CN)cnn1O,Fragment,-7.1459193,-20.570438
Cc1ccc(NCc2ccccn2)cc1,Fragment,48.161335,-1.0455935
Cc1c(C)c(Cl)c(Cl)c(CN)c1O,Fragment,36.69724,31.455341
CCCCCOC(=S)S,Fragment,-61.845154,-0.101305485
Brc1ccc(Sc2ccccn2)cc1,Fragment,43.335243,3.048307
Nc1cc(O)nc2c1CCC2,Fragment,-9.640383,-29.965818
CC1NC(=O)C2CCCN2C1=O,Fragment,-15.071507,-5.3563275
CCC(N)C12CC3CC(CC(O)(C3)C1)C2,Fragment,-28.647324,-13.769624
NCCC1CN=C(N)N1,Fragment,-22.035315,-23.873951
NCC=C(F)COc1ccccc1,Fragment,23.86413,-3.0862575
CCCCCNCc1cc(F)cc(F)c1,Fragment,23.597086,-22.01721
CSC(C)C(=O)NCC(=O)O,Fragment,-36.776302,27.809757
CNC(C)CC1CCCCC1,Fragment,-26.639557,-22.982578
CCN(Cc1ccncc1)S(C)(=O)=O,Fragment,49.31609,10.984172
CC(=O)NNC(=O)C1CCCCN1,Fragment,-20.467918,16.448238
O=S(O)CCCSSSCCCS(=O)O,Fragment,-31.724848,0.8330952
NC(N)=NCC(N)C(=O)O,Fragment,-42.421127,35.287994
N=C(N)C(Cl)(Cl)Cl,Fragment,-31.214497,-1.9055504
Nc1ncnc2c1CCC2,Fragment,-9.817975,-29.903448
O=C(O)c1cnn(-c2ccc(Cl)cc2)c1,Fragment,13.443626,-27.400917
N=C(CO)NCc1ccccc1,Fragment,27.92555,0.9968582
O=C(NCCc1cccs1)c1cccs1,Fragment,3.6535306,30.200336
NC(CC(CP(=O)(O)O)=NO)C(=O)O,Fragment,-43.311577,35.885983
O=C1CCC(c2cccnc2)O1,Fragment,62.141006,3.431091
CC=Cc1ccc2c(c1)OCO2,Fragment,7.665642,2.7798817
CC1=CC(=C2N=C(N(C)C)SS2)C(C)=N1,Fragment,1.2677903,-28.74684
C=CC(=O)OCC(C)C,Fragment,-27.155025,29.850172
O=C(O)C(O)(c1cccs1)c1cccs1,Fragment,5.4792194,29.051723
N#CSC#CCCC#CSC#N,Fragment,-38.629375,-9.884525
C#CCN1CCOCC1,Fragment,-38.648476,-31.571531
NCCc1ccc(O)c(O)c1Cl,Fragment,35.22754,26.942179
C=C(C)C(=O)OCCN(CC)CC,Fragment,-21.158602,31.334967
O=CC(O)C(O)C(O)C(O)C(=O)O,Fragment,-36.433826,19.002613
CCOC(=O)C(CCSC)NC(=O)CN,Fragment,-23.303753,36.488514
c1ccc(C2CC3=NCCN3C2)cc1,Fragment,48.44253,-10.707846
N=C(N)NN=Cc1ccnc(C(=N)N)n1,Fragment,9.482487,38.057068
CCC(C)CCC(=O)O,Fragment,-35.641052,28.617205
O=S1(=O)CC(O)(CCc2ccccc2)C1,Fragment,24.850176,0.2927071
C=C=C(CC)C(C(=O)OC)N(CC)CC,Fragment,-26.104347,33.32749
O=S(=O)(O)SSSS(=O)(=O)O,Fragment,-32.734745,1.8891841
COCCN=C(S)N1CCN(C)CC1,Fragment,-43.516937,-29.753757
Sc1n[nH]c2c3ccccc3nc-2n1,Fragment,42.425728,-5.8989806
CN(C)c1nc(=NCc2cccs2)ss1,Fragment,1.7697713,32.047207
CN(C)C(C=NO)=NCc1ccccc1,Fragment,26.606236,-3.271152
CC(=O)c1ccc(-c2cccc(O)c2)s1,Fragment,10.43547,10.898205
Cc1ccc2c(c1)nc(NCCO)n2C,Fragment,6.3800125,-24.530294
BrC1=NOC(c2ccccc2)C1,Fragment,46.896,-20.094294
O=S1(=O)NCNc2ncccc21,Fragment,52.883194,-1.3203033
CN(C)C=C(C=O)c1c(Cl)cccc1Cl,Fragment,27.912073,-22.675419
C(=NNc1nn[nH]n1)c1ccccc1,Fragment,30.224665,1.668341
Clc1ccc(C(Cl)(Cl)Cl)cn1,Fragment,8.704893,-31.254267
CC(C(=O)O)c1ccc2c(c1)OCCO2,Fragment,2.6184752,11.421433
CC(=O)NCCC1CN=CN1,Fragment,-17.668314,24.00334
CSc1ncnc2ncn(C)c12,Fragment,-1.7234615,-21.386024
NCCP(=O)(O)O,Fragment,-48.327156,12.547901
Brc1ccc2[nH]c3c(c2c1)CCC3,Fragment,33.726173,1.3941886
NCc1c(O)ccc2cccnc12,Fragment,47.21086,6.254853
CC(=O)N1CCOC1c1ccccc1Cl,Fragment,41.54916,-26.665764
C=CC(C)CCCC(C)(C)O,Fragment,-39.064026,11.679215
CNC(=O)SCC(N)C(=O)O,Fragment,-38.39144,36.086437
NC1CC(=O)c2sc(I)cc21,Fragment,-4.448721,1.0301663
COCC(C)(CS(=O)(=O)O)N(Cl)Cl,Fragment,-33.581066,6.8144445
COc1ccc(C23CNCC2C3)cc1,Fragment,28.78143,46.41202
C#CCN(C)CC(=C)c1cccc(F)c1,Fragment,11.506696,7.523542
NCCNCc1ccc(O)c(O)c1,Fragment,32.122406,24.437365
CSC(=N)Nc1ccc(Cl)cc1,Fragment,21.821903,17.461779
Cc1csc(N=CN(C)C)c1C#N,Fragment,2.1121526,-32.38399
c1coc(CNC2CCCCC2)c1,Fragment,-25.074339,-31.010914
O=C(O)C1OC1C(=O)O,Fragment,-35.273098,17.725327
NOCc1ccc(Cl)c(C(F)(F)F)c1,Fragment,25.98025,-32.49951
CC(C)CC#N,Fragment,-40.04846,-7.909387
COC(C)(C)CCCC(C)CC=O,Fragment,-39.078358,11.712425
CCCC(CCC)(CCC)C(N)=O,Fragment,-30.433481,17.659594
NCCN=C(S)Nc1cccc(Cl)c1Cl,Fragment,28.267899,-26.720564
CCCCC(CC)C(=O)Cl,Fragment,-62.55988,8.44003
c1ccc(C2CN=C3NCCN32)cc1,Fragment,49.244125,-10.197371
O=c1cc(CSc2ccc(Cl)cc2)[nH][nH]1,Fragment,19.791868,-34.864307
CC(N)c1cccc(N2CCOCC2)c1,Fragment,37.827625,-32.757725
C=C(OC1C=CC=CC1O)C(=O)O,Fragment,-12.665217,11.966699
NC(=O)C(F)C(N)C(=O)O,Fragment,-42.91194,33.77973
Nc1ccc(C(=O)O)cc1N,Fragment,10.343075,16.685837
CCC=CCCO,Fragment,-44.610085,-5.2076015
COc1ccc(CSCCN)cc1Cl,Fragment,33.92201,36.603676
N#Cc1cccc(C=NNC(N)=NO)c1,Fragment,10.034822,35.475998
COCc1c(N)c(C)nc(Cl)c1C#N,Fragment,-39.700806,-12.182436
c1ccc(COCC2COCCN2)cc1,Fragment,54.0399,-23.309452
CN1CCN(C2=CC(=O)CCC2)CC1,Fragment,-11.883623,-10.915219
C=CCSc1cnc(O)nc1O,Fragment,-6.8147054,-34.875725
Brc1ccc(C2CN3C=CSC3=N2)cc1,Fragment,-11.2665415,-36.830475
O=C(O)CCCCc1cccnc1,Fragment,11.468767,23.24741
C#CCOCCCc1c[nH]cn1,Fragment,-1.1623038,3.2021215
CC(=O)N(O)CCCCCP(=O)(O)O,Fragment,-53.85959,11.560726
COC1=NOC2(C1)CC1CCC(C2)N1,Fragment,-14.141651,-21.735926
CCNCc1ccc(Cl)c(C(F)(F)F)c1,Fragment,23.094572,-24.290648
C(#Cc1ccccc1)CN1CCOCC1,Fragment,38.87181,-30.083958
CCOC(=O)C1CN=CNC1,Fragment,-16.585386,28.156876
CN(C)C(=S)Oc1ccc(C#N)cc1,Fragment,2.5275056,-34.516136
O=C(O)CC(C(=O)O)n1ccnc1,Fragment,-37.07862,25.512932
Cc1ccc2c(Cl)c(C(=O)O)sc2c1,Fragment,0.37042996,21.737047
CC(=O)N(O)CCCS(=O)(=O)O,Fragment,-32.399677,9.341808
CC(=NO)C(C)=NO,Fragment,-36.68911,-1.5248306
CC(C)Cc1noc(C2CN=CNC2)n1,Fragment,-11.391006,4.4190297
CN(C)Cc1cc(N)ccc1O,Fragment,33.612385,18.265886
OCC=CCO,Fragment,-43.107903,-7.420966
NC1Cc2ccccc2OC1=O,Fragment,44.12744,-17.706688
C[SH]1CC(O)C(O)C1CO,Fragment,-42.351017,-21.282455
CN(C)CCCCOc1ccccc1Cl,Fragment,48.47514,16.482197
NCCNCCSc1ccncc1,Fragment,-2.6377249,44.6329
Oc1cccc(CN2CCCCC2)c1,Fragment,32.11243,21.061428
CCOC(=O)c1nc2cc(Cl)ccc2s1,Fragment,-12.218481,35.7365
NC1CC(Cl)c2c(Cl)sc(Cl)c21,Fragment,-13.589803,-17.514404
Cc1cc2nc(C(F)(F)F)sc(=O)n2n1,Fragment,3.0358138,-23.56833
NC(=Nc1ccc(O)cc1)NO,Fragment,24.623564,20.780306
CN1CCC(OC(=O)c2ccco2)CC1,Fragment,7.721585,-48.689095
NCC(=C(F)F)c1ccccc1,Fragment,23.607056,-2.6143558
CCCn1nc2ccccc2n1,Fragment,40.97435,-10.8851385
NC1CC(=O)c2cc(Cl)sc21,Fragment,-4.439812,1.0128348
Cc1cc2[nH]c3ccccc3c2c(C)n1,Fragment,42.452637,-3.3446593
C=Cc1ccc(C(C)(C)C)cc1,Fragment,6.159282,-16.35857
Cc1cc(Cl)ccc1N,Fragment,18.439913,-30.399025
O=c1ssc(=O)n1-c1ccccc1,Fragment,35.973476,-16.31434
CCCC1CCCC(CN)(CC(=O)O)C1,Fragment,-27.06217,14.985519
Cc1nc2cc(Cl)ccc2[nH]1,Fragment,12.078866,-34.94226
N=C(N)Nc1cc2c(s1)CCCC2,Fragment,4.00668,40.592854
CCOC(C)C(=O)C(O)O,Fragment,-25.189995,31.0396
CN=C1CCCN1,Fragment,-17.340515,-15.632747
NCc1ccc(Br)cc1,Fragment,32.5479,6.8367
CC(C)NCc1cccc(C#N)c1,Fragment,25.066956,-8.557527
CN=C(Cc1ccc(Cl)cc1)NC,Fragment,23.21227,-31.012333
Cc1cccc(-c2nnc(S)[nH]2)c1,Fragment,20.77002,-14.275412
CCCNC(=O)C(C)Oc1ccccc1,Fragment,20.22633,6.835546
C#CCC(NC(=O)C(N)CCl)C(=O)O,Fragment,-41.320778,37.518192
C=C(C)CCSP(=O)(O)OP(=O)(O)O,Fragment,-51.858604,9.579416
NNC1CCC2(CCCCC2)CC1,Fragment,-27.31256,-21.62082
CCCCc1ccc(N)cc1,Fragment,35.37389,6.267324
CC(C)CNC1C=CC(O)C(O)C1O,Fragment,-45.4847,-2.4200451
c1ccc(-n2cnnn2)cc1,Fragment,36.192383,-10.361637
O=c1oc2ccccc2c2c1C(O)CO2,Fragment,41.978413,-17.163572
CC(C)(N)CC12CC3CC(CC(C3)C1)C2,Fragment,-29.138124,-12.585905
CCC1NCC(O)C(O)C(O)C1O,Fragment,-39.604004,-21.76313
CC(=O)OCCSC(=S)n1ccnc1,Fragment,-20.242609,28.143705
C[SH](C)CC(=O)Nc1ccccc1,Fragment,21.532265,5.385466
O=S1(=O)N2CN3CCN(C2)CN1C3,Fragment,-23.69306,-19.317327
CCN(Cc1ccccc1)N=O,Fragment,26.35477,-3.5214221
C=C1CC(N)C(C(=O)O)C1,Fragment,-14.31876,11.297237
CC(N)C(C)c1ccccc1,Fragment,29.790287,-8.197097
CCNC1CCc2ccccc2C1,Fragment,51.12141,-13.442182
NC1=NCCN1c1ccccc1,Fragment,46.928425,-10.736405
O=c1[nH]nc(-c2cccc(Cl)c2)o1,Fragment,16.989214,-38.50288
N=C(N)NCC=CC1CCCCC1,Fragment,-28.010513,-19.974966
Cc1ccc2sc3cccc(C)c3c2c1,Fragment,20.981792,-13.183912
N#CCCl,Fragment,-38.28056,-9.960558
CC(O)C(N)C(=O)O,Fragment,-37.701126,32.685585
CCN1CCN(C(S)=NCCOC)CC1,Fragment,-43.29887,-29.689388
O=P(O)(O)C(O)c1ccc(Br)cc1F,Fragment,3.5084217,7.659396
CC(=O)Nc1cccc(C2CC2CN)c1,Fragment,26.01278,12.083107
Nc1ccc(Cc2nn[nH]n2)cc1,Fragment,36.93557,6.089388
COc1ccncc1-c1ccc(CN)o1,Fragment,30.631712,37.827484
Cc1ccsc1C=C1SC(N)=NC1=O,Fragment,10.727887,-17.98928
CN(CCc1ccccc1)N=O,Fragment,26.431734,-3.5235915
CCn1c(=O)c(NC)nc2ccccc21,Fragment,39.05298,-12.99098
c1ccc2nn(N=C3NCCN3)cc2c1,Fragment,46.523144,-7.226989
Cc1ccc(S(=O)(=O)N(Cl)Cl)cc1,Fragment,12.964027,-13.001418
CCN=C(S)NCCN1CCCCC1,Fragment,-41.74238,-29.824629
C=C1C2OC(O)C3C1CC(O)C3(C)O2,Fragment,-24.733343,-9.424819
O=C(O)c1ccnc2c(Br)cccc12,Fragment,7.331042,19.130436
CCNCCO,Fragment,-46.488373,-5.171914
COC(=O)CNC(=O)CN,Fragment,-26.870386,22.440489
CN(C)CC1CC(CN(C)C)SS1,Fragment,-33.027645,-15.491278
CN(C)CCn1ccc2ccccc21,Fragment,40.314312,12.340811
CC[PH]1(CC)CCCC1,Fragment,-40.250492,-5.4598527
COC(=O)C(C)O,Fragment,-26.535206,26.563145
NC(=O)C1CO1,Fragment,-10.169823,9.333266
Clc1ccc2cc3ccccc3cc2c1,Fragment,15.606241,-33.812523
CC1=C(c2ccccc2)CC(C)N(C)C1,Fragment,53.16096,-17.336287
O=c1c2c(nc3ccccn13)CCC2,Fragment,35.90223,-24.836405
O=C(O)CCNS(=O)(=O)c1ccccc1,Fragment,22.269264,3.9575756
CC(N)Cc1ccc(Cl)s1,Fragment,28.338665,-33.67445
Cc1cccc(NC(=O)C(=O)O)c1C#N,Fragment,17.48066,-0.120640345
N=C(N)NN=Cc1cnn(C(=N)N)c1,Fragment,9.069647,38.251125
O=P(O)(O)OCC(O)CO,Fragment,-49.95947,14.545887
CCc1ccc(Br)cc1,Fragment,32.56089,6.8118525
N=C(N)Nc1nc2c(s1)CCC2,Fragment,3.5618641,40.84323
CS(=O)(=O)Nc1ccc(F)c(F)c1,Fragment,16.177002,-11.882266
CCN(CC)CCC(=O)OC,Fragment,-26.431002,33.770164
CN1CCCC12Cc1ccccc1C2,Fragment,50.996933,-16.564861
NC1CCc2c(O)cc(O)cc2C1,Fragment,43.083652,27.011848
Oc1nc2cc(Br)cc(Br)c2nc1O,Fragment,6.6581645,-10.274001
Cc1ncc(CCl)c2c1OC(C)(C)OC2,Fragment,-6.2847943,-15.410811
CCC(C)=NOCC(O)CNC(C)(C)C,Fragment,-50.2792,-2.71879
Fc1ccc(NCc2cccnc2)cc1,Fragment,56.90467,9.93442
CC1(C)C(=O)C2(N)CCC1C2,Fragment,-21.956198,-9.066678
CC(=N)Nc1ccc(C(=N)N)cc1,Fragment,23.76537,16.808031
CC(=O)Nc1cnc2ccccc2c1,Fragment,27.634022,5.5300198
SCCCCCCCCS,Fragment,-36.189423,-5.031046
CC1CN(Cc2ccccc2)C(=N)N1,Fragment,54.75973,-21.293669
CC(=O)C=C(C)NC1CON=C1O,Fragment,-7.8424377,20.931616
Cc1ccccc1C=Cc1csnn1,Fragment,38.397545,-6.2424765
O=C1CSC(=S)N1c1ccc(O)cc1,Fragment,0.56908906,-0.3814138
Fc1ccc(Cl)cc1Br,Fragment,17.895151,-32.36354
C(=CC1CCNC1)c1cccnc1,Fragment,59.767857,4.677776
CCc1c(C)nc2c(C#N)cnn2c1O,Fragment,4.6280136,-31.14202
CCCCNC(=O)NC1CCCC1,Fragment,-58.941593,9.580062
c1cc2c(cc1N1CCNCC1)OCO2,Fragment,36.422653,-36.850807
OC1COC(O)C(O)C1O,Fragment,-40.270348,-18.613415
NCC1CCCCc2c1ccc(O)c2O,Fragment,46.003284,24.864288
NS(=O)(=O)c1nn2c(=O)ccnc2s1,Fragment,-3.4182577,23.591963
CCCCCCCCCCCC(=O)Cl,Fragment,-62.560555,3.4847586
COP(OC)OC,Fragment,-43.10253,2.3856053
COC(=O)C12CCC(CC1=O)C2(C)C,Fragment,-19.242748,19.115837
COC(=O)C1CCCN=C1N,Fragment,-18.711914,17.762848
CC(O)CC(=O)O,Fragment,-36.246685,28.605833
CNCCOc1c(Br)cccc1Br,Fragment,44.450207,15.916593
c1ccc(-n2cccn2)cc1,Fragment,36.472775,-10.292224
CN1C2CCC1C(C(=O)O)C(O)C2,Fragment,-21.910316,7.934859
CCC(C)(C)CC,Fragment,-39.48766,-3.459674
O=C1CC2CC(CC3(CO3)C2)C1F,Fragment,-13.8420925,-9.132787
CCCc1cn(Cc2ccccc2)nn1,Fragment,31.796164,-13.246878
CC(C)NCC(O)c1scc(Br)c1Br,Fragment,-44.511402,-11.134619
COC1=CC(=O)C(COC(C)=O)=CC1=O,Fragment,-12.296764,18.94249
C[SH](C)CC#CCN1CCCC1=O,Fragment,-15.885006,-3.1779015
CN(C)C1CCc2n[nH]cc2C1,Fragment,-15.375595,-26.706629
Nc1ccc(Nc2cccc(N)c2)cc1,Fragment,38.41647,3.794881
O=C(O)CCNCCCNCCC(=O)O,Fragment,-39.952915,21.325998
O=C1NC2NC(=O)NC2N1,Fragment,-10.882972,-6.441896
CC(C)Cc1ccc(C(C)C(=O)O)cc1,Fragment,4.9037642,10.504967
CC(=N)Nc1ccccc1,Fragment,23.659323,15.475619
CC12CC3CC(C)(C1)CC(CN)(C3)C2,Fragment,-28.480099,-12.857948
CN(C)C=Nc1cc(Cl)ccc1Cl,Fragment,19.586046,-32.027065
C#CCN(C)C(C)CCC,Fragment,-54.252823,-10.704362
O=C(C(Cl)Cl)N1CC2CCC(CC2)C1,Fragment,-21.150223,9.534666
COc1ccc(OC)c(N)c1,Fragment,29.645489,40.90885
C=C(C)C1CC=C(C)C(O)C1O,Fragment,-24.409992,-7.273615
NCCc1ccccc1S(=O)(=O)F,Fragment,22.500916,-3.7094426
CC(C)NC(=O)c1ccc(C=O)cc1,Fragment,17.356354,28.269226
Cc1cc2c(SCC(=O)O)ncnc2s1,Fragment,-0.2792279,20.048431
NOCc1ccc(F)cc1F,Fragment,17.787067,-16.812607
S=C(S)NCCN1CCOCC1,Fragment,-40.029247,-31.643927
CC(=CCSP(=O)(O)OP(=O)(O)O)CO,Fragment,-51.744755,9.687635
CC(C)c1cc(I)c(O)c(CN)c1,Fragment,33.59879,29.086573
CN(C)CCC(=O)c1cccc(Br)c1,Fragment,8.92494,7.566141
COC1(F)C(F)(F)C1(F)Cl,Fragment,-43.48819,2.843428
CCCCCCCCN1C=CN(C)C1,Fragment,-64.25586,-6.752923
C[PH]1(c2ccccc2)CCCCC1,Fragment,49.033646,-15.817758
CC(C)Oc1ccc(CCN)cc1Cl,Fragment,27.444792,-33.346123
CC12CCC(C1)C(C)(C)C2CN,Fragment,-28.069641,-12.863857
Cn1ccc(-c2cccc(Cl)c2)c1,Fragment,18.885603,-38.593708
NC1Cc2cccc3nc(O)n(c23)C1,Fragment,46.55826,22.62642
Cc1cccc(N)c1,Fragment,21.540361,-12.738939
NOCCCCOc1ccc(Cl)cc1,Fragment,27.049974,-30.041027
COc1ccc(CC(N)=O)cc1OC,Fragment,26.915903,34.0136
O=C1CCCC(=O)O1,Fragment,-14.973697,-10.1888485
C#CC(=O)OCC#CCOC(=O)C#C,Fragment,-30.66878,24.502182
N=C(N)NN=Cc1ccc(N)cc1,Fragment,9.675329,37.458893
CN(NC(=O)CCCl)C1=NCCCCN1,Fragment,-29.81816,11.49687
NC(Cc1ccc(C(=O)O)cc1)C(=O)O,Fragment,-13.042819,48.50312
CN=CNc1ccc(-c2c[nH]cn2)cc1,Fragment,3.1907125,2.8703496
CCCCCOC(=O)c1cnc(Cl)cn1,Fragment,-67.285576,2.1749568
Cc1sc2c(c1C)C(=NO)c1cccn1-2,Fragment,36.756428,-5.5765257
C=CC(=C)CCCC(C)(C)OC(C)=O,Fragment,-36.703697,12.804737
Oc1ccc(CN2C=NCC2)cc1O,Fragment,31.629211,21.658936
O=S(=O)(C(Cl)(Cl)Cl)C(Cl)(Cl)Cl,Fragment,-34.494377,0.2905392
Cc1ccc(C(C)C)c(N)c1,Fragment,3.8519742,-13.850799
O=C(O)C1=CSC2CC(=O)N12,Fragment,-13.213654,10.176063
CCC(C)NCCOc1ccccc1C,Fragment,41.896706,16.564774
C=CC(C)=CCC=C(C)CCC=C(C)C,Fragment,-46.711906,-0.25327873
CN(C)CC1CCSS1,Fragment,-33.482716,-15.723553
C=CCNc1nc(C(=O)OCC)cs1,Fragment,-10.908756,31.932232
CC(C)(C)c1cc2ccccn2c1C=S,Fragment,39.26856,-10.024353
CNN=Cc1ccc2ccc(=O)oc2c1,Fragment,7.9304166,-0.051091854
CNC(C)(C)Cc1ccc(Cl)cc1,Fragment,23.019737,-30.375557
C=CCCCCCCCCC(=O)OCC,Fragment,-22.341515,34.187065
CCCNCc1ccc(Cl)cc1Cl,Fragment,23.127398,-26.504177
CSc1c(SC)c2cnccn2c1SC,Fragment,-1.0679513,-24.26699
CCOC(=O)c1c(C)n[nH]c1C,Fragment,-14.957266,33.287815
CN1CC2(c3ccccc3)CCCC1C2,Fragment,51.86949,-17.214508
Oc1ccc(CC2CNC=N2)cc1O,Fragment,31.41054,21.83539
CN1C=CN(C)C1,Fragment,-20.310242,-19.523659
O=C1NC(=O)C(c2ccccc2)O1,Fragment,42.621124,-20.919895
CC1C(C)(C)C2=C(C(=O)CCC2)C1(C)C,Fragment,-20.99349,-8.303848
CNC(=O)C(N)Cc1c[nH]cn1,Fragment,-2.2340033,6.6942935
NCC(NO)c1c[nH]c2ccc(I)cc12,Fragment,30.66709,28.606169
CNCc1cc(=O)c(O)co1,Fragment,2.7993352,-4.045146
CS(=O)(=O)OCCNCCOS(C)(=O)=O,Fragment,-34.160126,4.3429546
Cn1ncc(C2CN3CCC2C3)n1,Fragment,-19.173925,-37.123707
CC(=O)OCc1cc(=O)n(C)c(=O)n1C,Fragment,-12.407597,19.087374
Cc1c(Cl)cccc1N=C1CCC(C)N1,Fragment,59.08589,-16.50534
NCCCOc1ccc(S(N)(=O)=O)cc1,Fragment,17.506636,-9.621304
OC1CCCCC1c1ccccc1,Fragment,48.693176,-22.083075
Cc1ccc(SCc2cccnc2)cc1,Fragment,55.566162,9.755652
COc1cccc(C2CCNC2)c1,Fragment,28.139578,46.42436
CN1CC(=O)n2cccc2C1=O,Fragment,37.619316,-19.423359
Cc1cccc(-c2nnc(C(C)N)o2)c1,Fragment,20.998367,-14.797108
CN(C)CC1CS[SH](O)C1,Fragment,-33.38262,-16.02141
CC(CO)CO,Fragment,-44.514473,-2.5433345
NC(=S)Cc1ccccn1,Fragment,49.915264,0.6157314
COc1cc(OC)c(C=O)c(C(C)=O)c1,Fragment,20.250303,36.93405
Cc1nn(CCN)c(C)c1Cl,Fragment,-7.9381933,-21.071476
O=S(O)c1ccc2cc(Cl)ccc2c1,Fragment,16.734573,-33.70506
ClCc1ccccc1CCl,Fragment,32.858917,-5.885364
O=C(CNc1ccccc1)NO,Fragment,21.75686,4.373374
C#CCC(N)C(=O)NC(C)C(=O)O,Fragment,-37.470627,35.020504
NC(=Nc1ccccc1Cl)NO,Fragment,28.133268,-25.777138
CCc1cccc(C)c1NC(=O)CCN,Fragment,29.18725,11.38218
O=C(NO)NN=CC1CCCCC1,Fragment,-22.345465,14.668751
CN1CCC(OC(=O)c2ccoc2)CC1,Fragment,7.714214,-48.684746
CCOCCOCCOCC,Fragment,-47.080322,3.1810663
CC1CCc2nc3ccccc3c(=O)n21,Fragment,37.249866,-23.09829
NC(=O)c1ccccc1Br,Fragment,27.303846,3.1564155
CCCN(c1ccncc1)n1cccn1,Fragment,48.855793,10.966801
Nc1ccc(N(CCBr)CCBr)cc1,Fragment,37.882656,5.5769124
O=C(Oc1cccnc1)c1cccs1,Fragment,60.7775,10.760468
CCC1(N)CC1c1cccc(OC)c1,Fragment,31.123192,45.7089
CCCC(N)C(=O)c1ccccc1,Fragment,18.30563,5.0940976
Cc1ccc(-c2cnnc(NN)n2)cc1,Fragment,9.070194,-22.023169
O=C1CCC(c2cccnc2)N1CO,Fragment,62.548313,3.8334076
NCCCCCNOCCCN,Fragment,-27.961016,-0.043921378
Cc1ccc(C2=CSC3=NCCN23)cc1,Fragment,-0.6059742,-37.040993
C=C(Br)COc1noc2c1CNCC2,Fragment,-15.577336,-19.015383
CCNCc1cccnc1,Fragment,56.432564,10.228817
CC(O)(CO)C(O)COP(=O)(O)O,Fragment,-50.635098,14.56884
NC1c2c(Br)sc(Br)c2C(O)C1O,Fragment,-38.005142,-17.226492
O=c1[nH]c2cc3c(cc2n1O)CCC3,Fragment,-11.437353,-9.776547
Cc1cccc(C)c1N=C1CCC(C)N1,Fragment,58.73979,-16.526793
O=S1(=O)CCNCN1,Fragment,-20.58555,-15.551575
CCOC(=O)C1CN=C(N)NC1,Fragment,-16.052963,29.82655
Clc1cc(C(Cl)(Cl)Cl)cnc1Cl,Fragment,8.591778,-31.336006
CC1CCc2ccc(Cl)c(Cl)c2CN1,Fragment,32.239986,-31.219229
O=c1c2c(nc3ccccn13)CCCC2,Fragment,35.892853,-24.847633
NC(CCC(=O)c1ccccn1)C(=O)O,Fragment,-15.378066,49.352097
CC(=O)N(O)CCC(F)P(=O)(O)O,Fragment,-53.899986,11.97738
CSC(=S)N(C)C1=[SH]SC(N(C)C)=N1,Fragment,0.9332887,-29.138252
C[SH](C)CCC(=O)Nc1ccc(Cl)cc1,Fragment,19.393948,-27.151594
Cc1cc(O)c(Cl)c(C)c1Cl,Fragment,8.99432,-9.236045
CCc1cscc1Cc1c[nH]cn1,Fragment,-0.44464713,4.628543
COc1cc2cc(N)cnc2cc1OC,Fragment,29.42781,40.58441
CCOC(=O)c1nsnc1NCCCl,Fragment,-11.713165,31.186125
N=C(N)Nc1cc2c(s1)CCC2,Fragment,3.9738746,40.556145
O=C(O)C1CCCN(C(=S)S)C1,Fragment,-22.989058,11.513267
c1ccc(CC2CCNCC2)cc1,Fragment,53.977093,-23.003265
N=C(CS)NCC=Cc1ccccc1,Fragment,29.02939,1.5440826
NC(=O)CCN=C(N)N,Fragment,-39.701546,18.528599
Cc1cc(C)c(=O)[nH]n1,Fragment,-7.248762,-10.987015
Cc1ccc(-c2nnc(NN)s2)cc1,Fragment,9.815758,-21.91246
CC(C)(C)c1ccccc1NC(N)=S,Fragment,23.918438,12.553194
COc1cc(C(=O)O)ccc1Cl,Fragment,19.091736,34.118828
Oc1ccccc1N1CCNCC1,Fragment,38.916492,-35.85976
N=c1ccn(Cc2ccc(F)cc2)cc1,Fragment,24.489315,-34.841778
CC(C)OC(=S)S,Fragment,-42.450607,-0.2604649
Clc1ccc(OCc2ccccn2)cc1,Fragment,51.493652,-3.6680176
Cc1ccc(C=O)s1,Fragment,10.7497225,-17.303444
C=C(C)C(C)N(O)c1cc(C)ccn1,Fragment,4.3936853,-18.073042
O=C(O)c1cc(Br)c(Br)[nH]1,Fragment,6.887371,14.72415
Cc1n[nH]c2c(=S)[nH]c(=O)[nH]c12,Fragment,-7.5036736,-10.635398
O=C1NCC(F)C(=O)N1,Fragment,-10.343932,-7.1820784
CN1CCCC1COc1ccccn1,Fragment,58.072746,-5.4995766
CNC(=O)c1nn[nH]c1O,Fragment,-10.343135,22.535196
CCCc1c(O)noc1C1CCNCC1,Fragment,-14.113417,-23.871922
OCC1N=CC(O)C1O,Fragment,-44.637764,-20.018644
N=C(N)c1cccc(N)c1,Fragment,28.236362,14.578017
Nc1ccc(OCCn2ccnc2)cc1,Fragment,0.4870734,-18.495167
Cc1cnc(CO)c(C)c1,Fragment,3.276929,-19.53816
Clc1cc2c(cn1)[nH]c1ccccc12,Fragment,42.850784,-4.798293
O=C(O)COc1c(C(=O)O)sc(Br)c1Br,Fragment,2.9803658,19.384544
CC=Cc1cc(O)c(OC)c(OC)c1,Fragment,20.6589,38.573708
COc1cc(Br)ccc1CCN,Fragment,32.638752,36.07788
CCOC(=O)C(C#N)=C1C=CN(C)C=N1,Fragment,-15.236536,34.347366
C=C(CO)c1ccc(C)cc1O,Fragment,9.722593,-7.295637
Cc1nc2sc(S(N)(=O)=O)nn2c1C,Fragment,-4.137101,23.709019
Cc1ccc(CNC2CCCCC2)s1,Fragment,-25.011312,-31.046797
Cc1ccc(C2CC2CN)c(Br)c1,Fragment,50.29791,-32.71932
CCCCC(=O)c1nc2ncccc2o1,Fragment,50.436813,6.340679
NCc1nnn(Cc2ccccc2)c1N,Fragment,30.96527,-11.70973
CNc1cncc(NC)c1CN,Fragment,-7.0578303,-20.039598
CN1CCSC1=NS(=O)(=O)O,Fragment,-19.952347,-31.658276
NC1Cc2ccccc2CC(O)C1=O,Fragment,43.841324,-17.481682
OC1CN2CCCC(O)C2C(O)C1O,Fragment,-34.09214,-25.242065
CN(C)c1cccc(C(=N)N)c1,Fragment,28.164326,14.601818
COC(C)(C)CCO,Fragment,-50.05675,-5.356043
Cc1ccsc1Cc1c[nH]cn1,Fragment,0.523718,4.078022
COc1ccc(CCNC(=N)N)cc1,Fragment,25.62692,32.001324
N#CC(c1cccs1)N1CCOCC1,Fragment,38.14221,-31.388721
COc1ccc2cc(C(=O)O)cnc2c1,Fragment,16.213364,33.191128
CCOC(=O)C(Cl)C(C)=O,Fragment,-21.54895,32.374897
Brc1ccc(-c2nc3ccccc3s2)s1,Fragment,36.000942,-3.330609
NNC1=NCCN1,Fragment,-16.57493,-17.109026
CCCCCOCC(O)CCC(=O)NN,Fragment,-66.62647,4.0815315
c1ccn2c(C3CCCN3)nnc2c1,Fragment,52.11509,-21.394556
COCCOC,Fragment,-45.945713,4.265519
CC(C)c1cccc(N2CCNCC2)n1,Fragment,37.981922,-35.83318
CCC(N)Cc1cc(OC)ccc1OC,Fragment,31.09502,39.946373
O=C1NC2NC3NC(=O)NC3NC2N1,Fragment,-10.9015255,-6.4390063
Cc1c(F)cnc2[nH]c(=O)c(=O)[nH]c12,Fragment,-6.3180056,-11.638363
OC1OCCOC1O,Fragment,-40.149334,-18.369284
O=C(O)C(F)(F)C(=O)O,Fragment,-34.323864,20.728868
CC=CC(=O)N(CC)c1ccccc1C,Fragment,30.467373,10.104482
Cc1ccc(F)cc1-c1nnc(NN)s1,Fragment,14.659584,-19.891216
Cc1c(Cl)cc(CN)c(O)c1C,Fragment,36.0047,30.539482
CNc1nc(NC)nc(N(C)C)n1,Fragment,-1.2120094,-29.315039
NNc1ccc(N(CCO)CCO)nn1,Fragment,-1.0287832,-14.612622
CC(C)CC1(CC(C)C)NC(=O)NC1=O,Fragment,-14.987603,1.2742712
NC(=O)c1nnn(-c2ccccc2)c1O,Fragment,35.839035,-11.971768
CCC(CN(C)C)C(=O)c1ccco1,Fragment,16.716433,9.493405
Cc1ccc(NC=O)c(C)c1,Fragment,11.370981,-15.3294935
CSc1nc2c(N)ncnc2n1C,Fragment,-0.95126605,-19.809206
Oc1nc2c3c(ccc2[nH]1)CCNC3,Fragment,32.330803,-41.370564
S=C(S)OC1CC2CC1C1CCCC21,Fragment,-32.520634,-25.516356
C1=C(CCNCC2CC2)CCCC1,Fragment,-26.611347,-29.633146
COc1cc(C)cc(CN)c1O,Fragment,33.623474,33.546604
CC(C)Oc1ccccc1O,Fragment,40.44265,20.874273
CCc1c(Br)c(Br)c(Br)c(Br)c1Br,Fragment,-39.28743,-4.791398
CCOC(=O)CC(=O)c1ccccc1,Fragment,-14.046259,38.268906
N=c1ccn(Cc2ccc(Cl)cc2)cc1,Fragment,23.228033,-34.587982
CCCCCCc1nc2ccccc2[nH]1,Fragment,42.00747,-9.5293255
COc1cc(S(=O)(=O)O)ccc1O,Fragment,21.566685,39.108604
NOCc1cccc(Cl)c1Cl,Fragment,29.014519,-27.674889
NC(N)=NC(N)=NCc1ccc(Cl)cc1,Fragment,23.652262,-32.594658
NCC1(CC(=O)O)Cc2ccccc21,Fragment,46.59057,-29.598724
CCOC(=O)c1cc(C)[nH]c1C,Fragment,-15.224378,35.680843
CC(C)SCCNCCN,Fragment,-27.919743,0.78493977
C=CCC(CO)NCCNC(CC)CO,Fragment,-46.51193,-3.9397428
CCOC(=O)c1cccc(P(C)(C)=O)c1,Fragment,-14.460553,37.09592
N=C(N)NCc1cccc(F)c1,Fragment,31.20142,15.447256
C=CC=CC1(C)SC(=O)C(C)=C1O,Fragment,-22.01588,-4.098185
O=C(O)C(O)C(O)c1ccccc1,Fragment,18.779366,3.1328375
Cc1cc(O)nc(SCC(=O)O)c1C#N,Fragment,-0.59743136,19.374502
c1ccc2[nH]c(CN3CCCC3)nc2c1,Fragment,46.624172,-7.236323
CNC(CN=C(N)N)C(=O)O,Fragment,-39.574715,31.980015
CCCC1CC(CSC(=N)N)OC1=O,Fragment,-48.844246,23.600418
CC1CCCC(N)=NC1,Fragment,-20.527582,-26.79825
CCC(C)N1Cc2ccccc2C1=N,Fragment,41.7996,-12.877146
C1CCC23CC45CNCC4(CC2(C1)C5)C3,Fragment,-21.77152,-15.250836
N#CC(c1ccco1)N1CCOCC1,Fragment,38.170105,-31.40286
N=C(N)NCCC(=O)NO,Fragment,-43.74832,20.999994
NC(N)=O,Fragment,-30.22017,5.867263
CC(=O)C=Cc1ccc2c(c1)OCO2,Fragment,7.5712566,3.0898983
CN=C(N=c1ssc(=NC)n1C)N(C)C,Fragment,-17.830116,-22.88447
C=CCNc1nnc(S)s1,Fragment,-8.135387,28.638826
NOCc1ccccc1O,Fragment,34.95641,21.126345
Cc1csc(C2C=CN=CN2)c1C,Fragment,2.3180141,-27.594603
Cc1nc2ccc3ccccc3c2o1,Fragment,41.653656,-2.9235818
Oc1cc2c(cc1O)C1CCCN1CC2,Fragment,42.584034,26.56609
COCCNCc1ccc(Cl)cc1Cl,Fragment,22.792416,-27.546213
ClCCCc1cn[nH]c1,Fragment,-6.646545,-17.538298
Cc1n[nH]c(C)c1CCN,Fragment,-8.966437,-20.28658
c1cncc(N2CC3CC(C2)N3)c1,Fragment,61.247677,4.8940215
Cc1ccc(-c2csc(N=C(N)N)n2)[nH]1,Fragment,4.523478,-27.583529
C=C1CCC(C(=O)O)C1N,Fragment,-14.755613,11.416373
CCCNCc1cccc(Cl)c1,Fragment,23.630045,-25.399212
CC(C)(C)C(O)C(CN)c1ccccc1,Fragment,29.19945,-6.2749677
COc1cccc2c(C)cc(=O)n(C)c12,Fragment,25.277798,39.18992
Cc1nc(N2CCCCC2)sc1C=O,Fragment,-16.04334,-31.431574
CCC(C)C1NC(=O)C2CCCN2C1=O,Fragment,-16.174376,-0.51473135
Cc1ccc(O)cc1CC(N)C(=O)O,Fragment,-12.050007,46.630257
CN(C)CC(O)COc1ccccc1O,Fragment,40.25598,20.064098
NCC1CC1c1ccccc1,Fragment,50.289894,-30.656498
CCCCC=C1CCC(CN(C)C)C1=O,Fragment,-63.99294,-12.078791
COCc1noc(C2CN=CNC2)n1,Fragment,-11.372132,4.4276257
CCSCCCSP(=O)(O)OP(=O)(O)O,Fragment,-52.07908,8.95352
O=C(O)C(O)c1cccs1,Fragment,5.384159,28.613964
Cc1cc(C)n(-c2nc(C(=O)O)cs2)n1,Fragment,-3.3186915,20.544615
Oc1ccc2c(c1)-c1ccccc1C2,Fragment,46.584404,-15.563661
CCCCP(=O)(O)CC(O)CN,Fragment,-59.160927,6.70038
COc1cc(Cl)c(Cl)c(CN)c1O,Fragment,34.78903,33.428528
CSCc1noc(C2CN=CNC2)n1,Fragment,-11.372607,4.4172454
COC(=O)CC(C(C)=O)C(=O)OC,Fragment,-25.716486,26.55646
CC(C)C1(C(C)C)OCC(CO)O1,Fragment,-42.523872,-15.14273
CC=NNC1=NCCc2ccccc21,Fragment,48.92912,-13.881427
CCCC(=O)OCCC(C)C,Fragment,-24.302639,30.76731
c1cncc(Oc2cccnc2)c1,Fragment,59.348183,8.628681
CCN(CC)N(O)N=O,Fragment,-54.21617,-4.0739446
C1=CN2CCC1C(c1ccccc1)C2,Fragment,53.40011,-19.166613
CCCCCNN=C(C)C(=O)O,Fragment,-63.67171,6.3595862
Cc1cc(O)c(Cl)cc1C,Fragment,9.048864,-9.29036
CCCCC(C)C(=O)O,Fragment,-63.00962,9.266433
CC(C)(C)CNC(=N)CCCS,Fragment,-48.399452,-6.1952434
CC(=O)NC(CSC(C)=O)C(=O)O,Fragment,-40.021942,28.471643
CCN(CCCl)Cc1cccc(C)c1,Fragment,23.412008,-12.99825
COc1c(Cl)c(OC)c(CN)c(O)c1I,Fragment,35.528374,33.14056
COC(=O)N(O)CC=CP(=O)(O)O,Fragment,-51.59423,11.443252
NNC(=O)c1cc(=O)[nH][nH]1,Fragment,-8.170053,7.0972238
CSC(=N)Nc1ccc(C(F)(F)F)cc1,Fragment,22.845947,17.358568
NC=Nc1cccc(-c2c[nH]cn2)c1,Fragment,30.819103,4.5339646
COC(=O)C(N)Cn1ccn(C)c1=S,Fragment,-35.011692,38.965176
CN1CCCC2Cc3n[nH]cc3CC21,Fragment,-14.398412,-27.694391
O=C(O)C1CCN1C(=O)CCS,Fragment,-22.846966,10.264382
Cc1n[nH]c(SC2C=CS(=O)(=O)C2)n1,Fragment,-8.291879,-14.072802
CNC(=O)C1(C)C=CCN1C(=O)OC,Fragment,-16.123905,21.153511
CCNCCc1ccc(O)c(O)c1Cl,Fragment,36.14968,26.570343
CCCOC(=S)n1ccnc1,Fragment,-20.148336,28.148766
CCN(CC)c1ccc(C=O)c(O)c1,Fragment,25.976524,24.04171
CNC(C)COc1ccc(Br)cc1Br,Fragment,44.82551,16.128279
CC(=O)Cc1ccc2ccccc2n1,Fragment,27.538198,5.492976
CC(=O)N(C)CC#CCN1CCNCC1,Fragment,-26.985615,9.29375
CC(C)(C)CC(=O)Nc1nn[nH]n1,Fragment,-10.287739,22.437895
Nc1ncnc2c1sc1nc[nH]c12,Fragment,-3.8458803,-14.412504
C(#CC1CCCN1)CN1CCCC1,Fragment,-33.41665,-22.350334
O=c1cc(CSc2ccccc2)[nH][nH]1,Fragment,33.468056,-18.257217
NCc1ccc2cnccc2c1O,Fragment,46.812878,7.270411
CC1NNC(CN)C(O)C1O,Fragment,-39.75256,-23.233717
NC(CCCNc1ncc[nH]1)C(=O)O,Fragment,-40.759495,40.47397
O=C(O)C=CC(=O)O,Fragment,-35.295986,19.086992
CNC(=S)N1CCCCc2cccnc21,Fragment,59.368298,-3.3124082
O=C(Nc1ccccc1)N1CCNCC1,Fragment,40.32337,-35.308765
OC1CCCC2c3cccnc3CCC12,Fragment,57.657543,-3.7885587
N=C(N)NCCc1cccc(F)c1,Fragment,31.20621,15.451966
C#CCCCOC(=O)NCCCCC,Fragment,-65.29733,4.16318
NCC1CC1c1ccccc1Br,Fragment,50.584423,-31.488298
CC1(C)C=C(C(N)=O)C(C)(C)N1O,Fragment,-6.241137,10.191646
Cc1ncc2c(=O)[nH]c(=O)n(C)c2n1,Fragment,-5.8568573,-10.970144
COC(=O)C1CCCC(C(=O)OC)N1,Fragment,-20.321371,17.81017
CC(C)(C)Cc1cc(I)c(O)c(CN)c1,Fragment,34.222187,29.885193
CCCCSCC(NC(C)=O)C(=O)O,Fragment,-62.315834,10.718961
COC(=N)CCCl,Fragment,-45.412304,1.9548107
CC1=C(c2ccccc2)C=NNCC1=O,Fragment,35.18597,-19.155634
NS(=O)(=O)Nc1ccc(S(N)(=O)=O)cc1,Fragment,16.29645,-9.902087
CN(C)CC1CSSSC1,Fragment,-33.298958,-15.532447
CN=C(NC)SCc1ccc(Cl)cc1,Fragment,23.19593,-31.029129
Cc1ccccc1OCCNCC(C)O,Fragment,41.746338,16.624243
O=C1CCC(=O)N1Cl,Fragment,-13.612469,-10.790416
N=C(N)NCC1CC1C(N)C(=O)O,Fragment,-44.928665,32.403606
c1ccc2c(N=C3NCCN3)n[nH]c2c1,Fragment,44.404663,-6.694729
NC1CC2CCC1C2,Fragment,-27.055552,-20.638882
CCCNC(C)Cc1ccc(O)c(O)c1,Fragment,29.72943,25.288643
COCCl,Fragment,-44.980576,3.101998
O=C1c2ccccc2NCC2CCCN12,Fragment,39.658066,-23.616705
N=C(N)NN=Cc1ccc(Br)cc1,Fragment,10.205184,37.707535
c1ccc2c(c1)C1CCCNC2C1,Fragment,51.772503,-21.325445
O=C(C1CCC1)N1CC2CNCC2C1,Fragment,-20.44789,9.888632
N=C(N)NC(=O)Nc1ccc(Cl)c(Cl)c1,Fragment,19.520824,18.059256
CCCCCCC(C)NN,Fragment,-62.871906,-4.2708273
CC(C)NC(C)C(C)c1ccccc1,Fragment,30.181267,-7.482631
NCC1NC(CO)C(O)C1O,Fragment,-39.81527,-23.269249
CCCC=C(CC(N)C(=O)O)C(=O)O,Fragment,-39.77465,37.588795
COC1Oc2ccccc2N(O)C1=O,Fragment,40.451992,-17.124033
CC(C)(O)CC(=O)O,Fragment,-33.47832,22.079493
CCOC(=O)C1(C(O)c2ccco2)CO1,Fragment,-14.94175,39.121563
O=c1[nH]c2cc(Cl)ccc2cc1O,Fragment,13.394973,-36.28798
Cc1cc(C2CCC3CCC2N3)on1,Fragment,-11.228468,-23.599554
CC1(CO)CN(c2ccccc2)NC1=O,Fragment,42.956455,-23.20897
CCCCC(N)(Cc1c[nH]cn1)C(=O)O,Fragment,-0.69508225,6.779927
Fc1ccc2c3c([nH]c2c1)CCNC3,Fragment,32.811295,-38.82211
O=C(O)C1=CCNCC1,Fragment,-14.92639,16.494413
CN(C1CCCCC1)C1CCCCC1,Fragment,-28.893795,-22.746292
CNc1cc(CC(C)C)cc(I)c1O,Fragment,30.485516,25.985586
CC1CN1P(=O)(N1CC1C)N1CC1C,Fragment,-30.300909,-28.206425
N=c1ccccn1CC(F)(F)F,Fragment,37.93313,-10.4379015
NCC1CC1c1cccc(F)c1,Fragment,52.48059,-33.250023
CC(C)CC=C(C=O)c1ccccc1,Fragment,26.6847,7.714247
NC1(COc2cccnc2)CC1,Fragment,58.746086,7.343406
CCC(C(N)=O)N1CC(C#CBr)CC1=O,Fragment,-18.529848,3.9018524
COc1ccc2c(c1)CCCN2C(N)=O,Fragment,26.68527,43.19569
CC1=NN(c2ccccc2C)C(=O)C1,Fragment,35.626865,-19.157818
CC1(C)C(=O)N(Cl)C(=O)N1Br,Fragment,-9.063952,-3.2724175
O=C(O)c1ccc2[nH]c(CO)nc2c1,Fragment,4.387236,15.861131
CC(=O)c1ccccc1C=O,Fragment,24.473694,8.235091
CC(C)(C)NCC(O)CO,Fragment,-50.022846,-3.6695635
Clc1ccc2[nH]c3c(c2c1)CCNC3,Fragment,31.774475,-39.475258
C1CS1,Fragment,-31.290276,-5.2334995
O=C(O)C1CSC(c2ccccc2O)N1,Fragment,49.453423,-25.220518
CCSC(=N)Nc1ccc(C(=O)O)cc1,Fragment,21.38967,15.690252
C[SH](C)CCC(N)C(=O)O,Fragment,-40.18699,36.04231
C=CC(=O)OCCOCCOCC,Fragment,-21.572313,33.55339
COC(=O)CC(CN)CC(C)C,Fragment,-26.081976,27.777878
COc1cccc2c1N=C(N)NC2,Fragment,27.65933,40.848404
CC1=C(C(=O)O)N2C(=O)C(N)C2SC1,Fragment,-13.320281,9.853662
FC(F)(Cl)Cl,Fragment,-33.624508,-5.55398
Oc1cc(-c2ccc(Cl)cc2)no1,Fragment,16.02577,-35.0712
CC=Cc1ccc(N(O)C(C)=O)cc1,Fragment,14.131776,10.682583
Oc1nc(Cl)c(Cl)cc1Cl,Fragment,9.241587,-33.136295
O=C(O)CCCCc1ccncc1,Fragment,11.406552,23.07928
Cc1cccc(C)c1OCC(O)CN,Fragment,36.90139,18.934982
CC(C)NC1CCc2c(O)cccc2C1,Fragment,42.141644,23.615372
CCCCCNCc1cccc(Br)c1,Fragment,24.603378,-21.757345
CCOc1ccccc1CNCCO,Fragment,40.845345,16.472898
CCCCNC(=O)P(=O)(O)O,Fragment,-62.59839,5.826897
COn1c(CN)cc2ccccc21,Fragment,36.987846,9.030622
CCCCCCCCOCCC#N,Fragment,-61.809925,-1.8101565
CC(=N)Nc1ccc(N(C)C)cc1,Fragment,23.493452,16.473892
CNC(C)Cc1ccc(O)cc1,Fragment,29.48181,25.261906
N#Cc1ccc(CSC2=NCCN2)cc1,Fragment,5.288917,-37.506844
COCC(C)O,Fragment,-44.55098,-0.5727979
CN=c1cnsn1C,Fragment,-2.7082663,-22.800446
N=C(N)NN=Cc1c(Cl)nc2sccn12,Fragment,8.473164,38.225338
CN(C)C(=O)N=NC(=O)N(C)C,Fragment,-31.939875,12.297532
CC(=O)N(O)CCCCP(=O)(O)O,Fragment,-53.824036,11.578634
CN(N)c1nnc(Cc2ccccc2)s1,Fragment,32.68652,-10.61402
COc1ccc(OC)c(CC(C)N)c1,Fragment,31.079878,39.955437
CCCC1OC1(CC)C(N)=O,Fragment,-29.687729,16.857182
CC(Oc1ccc(Cl)cc1)C(=N)NO,Fragment,20.87081,-29.879555
CNC(C)C(=O)c1ccc(OC)cc1,Fragment,19.152164,31.453928
OCCSCc1ccncc1,Fragment,43.04028,10.20755
CCCCCCCCSCCO,Fragment,-60.239826,-4.4035854
CNC12CCCCC1Cc1ccccc12,Fragment,50.722805,-15.126066
CCCCCCOS(=O)(=O)O,Fragment,-64.076836,-0.0024673673
C=C(Br)C=O,Fragment,-36.812023,5.369043
NCC1CC1c1cccc(Cl)c1Cl,Fragment,51.74722,-32.260635
O=C(O)CNCCSc1cccc(Br)c1,Fragment,13.583656,1.5919058
Nc1ncc(CO)c(CO)c1O,Fragment,-1.5020772,-16.501215
CCc1nsc(C2CN3CCC2C3)n1,Fragment,-19.65884,-35.94113
OCCC1CCCCN1,Fragment,-34.637962,-21.25306
Cc1cc(N)nc(CC(C)C)c1,Fragment,2.8211894,-13.983818
CCC(C)(CCC(C)C)C(=O)O,Fragment,-33.188023,29.361845
Cn1[nH]nnc1=S,Fragment,-5.338814,-22.104145
CN1CCCC1COc1cnccn1,Fragment,66.95086,1.334549
C1CCN2CCCN=C2C1,Fragment,-15.15244,-33.241848
N#CCC(=O)O,Fragment,-36.61821,22.235376
CCSc1nc2n(c(=S)n1)CCN2C,Fragment,-5.746928,-26.271738
O=c1oc(-c2cccnc2Cl)ns1,Fragment,51.97892,-2.0322309
CC12CC34CNCC3(C1)CC2(C)C4,Fragment,-22.447657,-14.782519
COC(=O)C=CC1=CN(C)CN1C,Fragment,-15.380937,21.178423
CCCc1cccc(CCC)c1CN,Fragment,23.738068,-11.514771
COCC(O)CNC(C)(C)C,Fragment,-50.259552,-3.2357433
O=S(=O)(O)OS(=O)(=O)O,Fragment,-33.010307,1.5413163
O=C(O)c1ccc(-c2nccs2)cc1O,Fragment,5.077144,18.521624
CCCC(C)=NNC(=S)SC,Fragment,-56.68073,-1.8549241
O=C(O)c1cc(Cl)cc(Cl)c1O,Fragment,13.364135,-28.714384
OC1(c2ccc(F)cc2)CCNC1,Fragment,34.23603,-37.196167
NCC(Br)CC(=O)O,Fragment,-38.589603,30.018389
CC(=CC(=O)O)C1CCCCC1,Fragment,-21.331528,14.951516
CN(C)CCC(CCN(C)C)=NO,Fragment,-50.749718,-8.278773
CCCCC1(N)CCCCC1,Fragment,-60.685925,-6.6221733
NC1CCc2c(Cl)cc(I)c(O)c21,Fragment,43.100834,27.456276
CC1OC(O)C(O)C(O)C1O,Fragment,-40.610615,-19.712004
CN1c2ccccc2Oc2ccccc21,Fragment,39.122658,-8.7301
CNc1cncc(-c2ccc(C)cc2)n1,Fragment,8.710695,-22.041197
CCC1SC2(CCN(C)CC2)NC1=O,Fragment,-14.685407,-1.6542656
CCOC1=NOC2(C1)CC1CCC(C2)N1,Fragment,-14.25164,-21.669716
CCC=C1OC(=O)c2c(C)cc(C)cc21,Fragment,-0.0407645,-6.15446
COc1ccc(OC)c2c1=NS[SH]=2,Fragment,27.467678,38.921307
O=C1NCCC(=NO)c2cc[nH]c21,Fragment,-0.4933801,-2.363356
C#CC(O)(C=CCl)CC,Fragment,-43.158764,-5.109283
CCCCCCCCS(=O)(=O)Cl,Fragment,-64.019615,-1.3043156
NCc1ccc(C(=O)O)s1,Fragment,15.220837,19.95726
CNCCOc1ccccc1OC(C)C,Fragment,42.16982,16.539637
CCCCCC(C)C(=O)O,Fragment,-63.03432,9.229602
O=C(O)CNC(=O)c1ccncc1,Fragment,11.61625,21.505035
CN(C)c1nsc(C2CN3CCC2C3)n1,Fragment,-19.477123,-35.761612
Oc1nc(O)c(Br)c(N2CCC2)n1,Fragment,-12.209436,-34.21038
CC(=O)NC1=NC(=O)C(C)S1,Fragment,-6.837514,22.008314
CC(=O)Nc1ccc(C)cc1C,Fragment,1.2312517,23.92573
NCCc1ccc(N2CCCCC2)cc1,Fragment,-4.5798106,-38.323994
c1ccc(CCNCc2cccs2)cc1,Fragment,26.700302,-11.565959
CC(C)c1ccc(C#N)cc1,Fragment,3.698089,-34.58258
Cc1cc2c3ccccc3nc(O)n2n1,Fragment,40.918526,-2.1313033
COc1ccc(Cl)cc1C,Fragment,28.866037,37.127953
CN1CCN(c2cccc(F)c2)CC1,Fragment,17.85229,-20.437674
CN1C(C)(C)C=CCC1(C)C,Fragment,-20.572054,-18.734297
N#CC(C#N)=Cc1ccc(S(=O)(=O)O)o1,Fragment,15.885087,-4.2963963
Cc1c(Cl)c(C)c(CN)c(O)c1CN,Fragment,36.94662,31.445993
CCC(=O)OC1CC2CCCC1N2,Fragment,-21.206362,20.93618
CCc1nc(N)ccc1C(=O)O,Fragment,10.478623,18.831356
COC(=O)c1cc(C(O)CN)ccc1O,Fragment,28.300722,28.34043
C#CCN1CC(C)C(=NO)CC1C,Fragment,-32.261406,-29.186605
COc1cccc2c(=O)ccoc12,Fragment,25.45554,38.899014
CCN(CC)CCCl,Fragment,-41.118282,-5.216708
NCc1cc(Cl)c2cccnc2c1O,Fragment,47.53262,6.5242863
CNCCc1ccc2c(c1)OCO2,Fragment,25.974302,-17.888622
COc1cccc(-c2nc(CCl)cs2)c1,Fragment,30.8896,44.783546
Cc1cccc(C23CNCC2C3)c1,Fragment,22.624367,-16.64229
N=C1SCCN1N,Fragment,-18.5393,-31.655342
O=C1CC(c2cccc(Br)c2)C(=O)N1,Fragment,20.870653,-6.3028026
CCCc1ccc(O)c(OC)c1,Fragment,31.377869,33.592205
OCC1NCCCC1O,Fragment,-34.833103,-21.249485
O=C(Nc1ccc(O)cc1)C(Cl)(Cl)Cl,Fragment,21.912851,20.554047
N=C1C=C(N)C(=O)c2ccccc21,Fragment,37.31496,-14.963262
c1ccc(C2CO2)cc1,Fragment,47.281025,-20.11032
N#CCOC(=O)C(N)Cc1ccccc1,Fragment,-13.724261,50.413013
CC(C)N1CCC(c2cccc(O)c2)C1,Fragment,42.91322,22.04936
NCC1C2C=CC(CC2)C1CN,Fragment,-23.946543,-23.10353
N=C1CCCN1Cc1nc[nH]c(=O)c1Cl,Fragment,-13.127556,-11.793477
O=C1NC(=O)C(=Cc2ccncc2)S1,Fragment,61.91956,0.7443199
N#CC1CCCc2cccnc21,Fragment,57.51437,-3.6520875
CCCN=C(S)N1CCN(CC)CC1,Fragment,-42.32459,-29.36894
CC(=O)C(C)O,Fragment,-29.319674,27.542538
COc1ccc(F)c(Cl)c1C1CC1CN,Fragment,35.744328,37.780144
O=C(c1ccc[nH]1)N1OC2C=CC1C2,Fragment,42.18297,-26.3598
OCC1Cc2ccc(Br)cc2CN1,Fragment,33.351868,3.5951986
NC(CNCC(=O)O)=NO,Fragment,-39.974445,20.129128
CC(N)(C=CI)C(=O)O,Fragment,-34.84606,22.95146
CN(C)C(=O)CCNc1ccc(Br)cc1,Fragment,12.605237,4.632872
OCC1OC(O)CC(O)C1O,Fragment,-43.030025,-18.949783
COc1ccc(C)cc1NC(=S)C#N,Fragment,19.935759,41.04741
COc1c(I)cc(C(C)(C)C)cc1CN,Fragment,33.876213,34.825645
Cc1ccc2ccccc2c1CON,Fragment,36.01164,8.923203
CN1CCc2c[nH]c3cccc(c23)C1,Fragment,54.852962,-14.107127
CCCCCC=CCC(=O)OC,Fragment,-64.17785,3.9775398
CC(=O)NC(C[SH]1CCCC1)C(=O)O,Fragment,-40.00146,28.39952
CC(=O)Cc1ccc(O)c(O)c1,Fragment,27.635035,26.531435
CN=C(N)Cc1ccc2ccccc2c1,Fragment,37.59705,9.584289
CN1CC2CC2(c2cccc(O)c2)C1,Fragment,43.29071,21.896465
O=P(O)(O)OCC(Cl)(Cl)Cl,Fragment,-50.410576,13.653036
CCCCC1C(N)=Nc2ccccc21,Fragment,43.286236,-10.580053
Cc1cc(C)c(C=O)c(C)c1,Fragment,11.0556,-15.507352
COc1ccccc1-c1nnc(NN)s1,Fragment,27.941374,38.721645
CCCOCCC,Fragment,-47.238956,3.0448656
O=C(O)C1CCNC1C(=O)O,Fragment,-17.802559,13.471222
CC=C(CC)C(=O)NC(N)=O,Fragment,-30.906637,17.561842
NCC1CC1c1ccccc1O,Fragment,50.83814,-31.08432
CN(CC#CCN1CCCC1)C(=O)CN,Fragment,-27.127367,9.815471
OCC1CCCC2(CCCC(CO)O2)O1,Fragment,-42.206142,-17.00172
CCCCNCc1ccc(Cl)cc1Cl,Fragment,23.139277,-26.291056
Cc1cc(C)n(-c2nnc(C)n2N)n1,Fragment,3.4671276,-21.617702
CCC(Br)(C(N)=O)C(C)C,Fragment,-32.216564,31.205687
CC1(C)C2=CCCC(C)(C)C23CCC1C3,Fragment,-25.131481,-12.434583
CCC(N)C(=O)CCCCCC(=O)O,Fragment,-43.768955,29.024452
NC1C=Cc2ccccc2C1,Fragment,44.854477,-16.295969
CC1CN(Cc2ccccn2)CCC1=O,Fragment,57.051277,-6.616101
CC(Cc1ccccc1)NCCC#N,Fragment,25.623632,-8.447984
NC(CS)CCCS(=O)(=O)O,Fragment,-31.237509,3.6969151
FC(F)(F)C(F)(C(F)(F)F)C(F)(F)F,Fragment,-33.523914,-5.2485795
CC(=N)Nc1ccc(CSC(=N)N)cc1,Fragment,24.470451,17.256268
C#CCN(C)C(C)CCCCCCCC,Fragment,-54.45602,-10.623901
O=C(O)CCN1CCOCC1,Fragment,-26.53806,5.132413
CNC(=N)NCCSCc1nc[nH]c1C,Fragment,8.892355,-25.083454
CCCCCCCCOC(=O)C(N)CC,Fragment,-66.71574,3.7487843
CC(N)C(=O)Nc1nnc(S(N)(=O)=O)s1,Fragment,-5.3642955,23.713852
CCN1CN(CC)CN(CC)C1,Fragment,-40.66642,-28.308893
NC1CCSC1C(=O)O,Fragment,-15.988126,11.742725
CC(C)=CCCC(C)C=O,Fragment,-41.72233,4.3572593
C#CCN(C)C(C)CCCCO,Fragment,-52.51207,-10.299105
CNC(=O)CCN1CCOCC1,Fragment,-26.55038,5.07862
Cc1cc(C(C)(C)C)cc(C)c1N,Fragment,4.73168,-14.482874
CC1COCCN1C(=S)S,Fragment,-35.465412,-28.396273
CCC(N)C(N)CCCCCC(=O)O,Fragment,-43.766163,28.98452
C1=C(c2ccccc2)N2CCN=C2S1,Fragment,47.02573,-10.835596
Cn1cc2c(C(N)=O)nc(N)nc2n1,Fragment,-5.050085,10.394756
C=CC(C)(CCC=C(C)C)OC=O,Fragment,-36.803864,12.397244
O=C(CP(=O)(O)O)Nc1nccs1,Fragment,-2.9540002,27.720448
CC(=O)C(C)n1ccc(N)nc1=O,Fragment,-3.9753652,10.748451
Cc1cn(CC(O)CO)c(=O)[nH]c1=O,Fragment,-7.7513695,2.7333324
N#CC(C(=O)c1ccccc1)=C(S)S,Fragment,18.475906,0.27262443
C1NC2CC3CC1CC(C3)C2,Fragment,-23.673885,-16.558685
CN(C)c1cc(N)c2ccccc2n1,Fragment,41.208088,0.6661302
C=CC(=O)NCOCC(C)C,Fragment,-27.336843,29.34805
NCCNCc1nnn[nH]1,Fragment,-9.87102,-19.791588
Cc1ccc2c(CC(=O)O)coc2c1C,Fragment,15.661364,13.631902
Nc1cccc(C2CCNC2C(=O)O)c1,Fragment,48.60667,-26.086058
O=S(O)S(=O)O,Fragment,-33.142406,-0.6056446
COC(=O)c1ccc(C(=O)O)cc1,Fragment,19.039742,32.157307
C#CCN(C)CCCCCCO,Fragment,-52.12555,-10.231565
COC(=O)C(C)(N)Cc1c[nH]cn1,Fragment,-1.081215,6.843187
Cc1ccc(NC(=N)NCCO)nc1,Fragment,8.7778225,-24.7389
CC(C)=CC(C)(C)C,Fragment,-37.89843,-0.37306356
Nc1nc2c(s1)CC(N)CC2,Fragment,-19.031681,-27.42417
CC(C)=NOCC(O)CNC(C)C,Fragment,-49.089893,-1.216863
CC12OOC(C)(OO1)C2CC(Br)CBr,Fragment,-38.346966,-5.91119
O=C(O)CCSCC(=O)O,Fragment,-38.64537,22.78299
CCc1noc(C2=CCCN(C)C2)n1,Fragment,-5.626928,-26.625788
N=C(N)Nc1cc2[nH]c(=O)[nH]c(=O)c2s1,Fragment,3.550524,39.207817
CCCc1cc(C)c2c(c1O)C(N)CC2,Fragment,40.631596,28.58375
C=C(C)CNCC,Fragment,-45.945618,-5.517273
O=C(O)CCCC1CCNC1,Fragment,-17.234922,14.774343
COc1ccc2c(c1)N1CCN=C1N2C,Fragment,28.836748,43.8674
CC(=O)C=Cc1ccccc1,Fragment,23.88232,8.117879
CCCCNCc1ccccc1,Fragment,24.466972,-21.121727
CNC(=N)NC,Fragment,-47.435642,-6.959774
NCc1ccc(O)c(O)c1,Fragment,32.700073,23.872583
O=C(O)CCCCCCCCCCCBr,Fragment,-40.096485,22.638725
CCCCCSc1nncc(O)n1,Fragment,-59.508404,-4.865731
CC(N)C(=O)Nc1c(Br)cccc1Br,Fragment,15.415013,5.6411657
N#CC(=NNC(=N)N)c1cccs1,Fragment,7.5030894,32.937603
CN(C)CCCNCCC#N,Fragment,-51.640736,-10.947461
O=C(Cl)OCCOCCOC(=O)Cl,Fragment,-30.689575,24.456886
OCc1cn(-c2cc(Cl)cc(Cl)c2)nn1,Fragment,21.087461,-38.07013
O=S(=O)(O)CO,Fragment,-31.908325,2.8334198
COc1cc(C)c(NC(=O)CN)c(C)c1,Fragment,0.49103954,24.816565
CC(NC(=O)c1ccco1)C(=O)O,Fragment,17.624104,8.872854
Nc1cc(C(F)(F)F)ccc1S,Fragment,37.385635,4.660826
Cc1cc(F)ccc1-c1nnc(NN)s1,Fragment,14.657437,-19.894241
CNCCOc1ccc(Cl)cc1Cl,Fragment,22.805737,-27.696217
CN(C)c1ccc2nc(N)nc(N)c2c1,Fragment,41.206417,0.76764923
Cc1c(Cl)c(C)c(CN)c(O)c1Cl,Fragment,36.94995,31.441925
CCc1ccc(S(=O)(=O)O)cc1,Fragment,14.780345,-7.27925
c1cncc(OCC2CCCN2)c1,Fragment,59.31444,5.5189123
BrC1=NOC2(C1)CC1CCC(C2)N1,Fragment,-13.91322,-21.97976
C1=CC2C3CNCC3C1C1CC21,Fragment,-23.605991,-16.630962
Cn1nnc(C2CN3CCC2C3)n1,Fragment,-19.25201,-36.927395
NCC1CC1(F)c1ccccc1,Fragment,49.633305,-29.456278
c1ccc(NNC2=NCCCCC2)cc1,Fragment,48.474995,-14.496302
CNCc1ccc(C(F)(F)F)cc1,Fragment,22.840733,-23.315132
CC1(C)CCC(C)(C)c2ccccc21,Fragment,49.473167,-16.453247
c1ccc(CN2CC3CCC(C3)C2)cc1,Fragment,54.633408,-21.022547
CC(Br)CN1CCOCC1,Fragment,-38.406998,-30.653297
CCOC(=O)C=CC(=O)O,Fragment,-20.047083,33.590015
NCc1ccc(C(=O)O)o1,Fragment,15.365999,20.01778
COc1cccc(C2CC2CN)c1,Fragment,31.311104,45.81645
NCC(N)CCCCCC(=O)O,Fragment,-43.00253,29.754404
S=C(S)N1CCN(C(=S)S)CC1,Fragment,-35.8994,-27.798012
O=c1cc(CNC2CCCC2)[nH]c(=O)[nH]1,Fragment,-12.720329,-7.605515
CN1Cc2cc(O)c(O)cc2C(C)(C)C1,Fragment,-19.125292,-18.496134
N#CCCC(Br)(C#N)CBr,Fragment,-37.67921,-9.578837
CNC(=S)NN=C1NCCCCN1,Fragment,-17.511942,-15.64866
CCOCC(O)CNc1cncc(Br)c1,Fragment,5.3971486,-6.7622824
C=CC(C)(C)C,Fragment,-37.96921,-0.41187337
N#CSCCCCO,Fragment,-40.200703,-9.806433
Oc1cccc2c(Br)ccnc12,Fragment,45.574123,4.2010436
COc1cc(CCN)c(OC)cc1Br,Fragment,32.717762,36.014812
C[SH](C)CCC(=O)NC1CCCCC1,Fragment,-21.816418,16.54582
CC(=O)NCCCC(NC(C)=O)C(=O)O,Fragment,-40.454586,28.494156
CC(=O)C1(C)CC(=O)NC1=O,Fragment,-20.63574,-2.6747608
NC1C2C3CC4C2C(O)C2C1C3C42,Fragment,-38.28524,-18.406666
CCCCCOc1ccccc1C(N)=O,Fragment,-69.508644,2.8115897
C=CCn1c(N)cc(=O)n(CC)c1=O,Fragment,-4.013703,-2.8666694
CCC(C)COC(=O)CC(C)C,Fragment,-24.884182,30.8626
O=S(O)c1ccc(Cl)cc1,Fragment,17.540182,-33.70048
NCCOCCN,Fragment,-32.25139,-8.567978
COC(=O)C(N)(CC(=O)O)CC(=O)O,Fragment,-26.901133,22.377182
Ic1[nH]c(I)c(I)c1I,Fragment,-11.628117,-14.188175
N=C(c1ccccc1)N1CCCCC1,Fragment,50.29506,-17.962204
CC=NOCC(O)CNC(C)(C)C,Fragment,-50.27858,-2.8630743
NC1(C(=O)O)CC1Cc1nsnc1O,Fragment,-14.530872,13.094227
NC(C(=O)O)C1CCCN1,Fragment,-46.850216,33.407356
COC(=O)c1cccc(O)c1OC,Fragment,23.010485,36.83771
S=C(S)N(c1c[nH]cn1)c1c[nH]cn1,Fragment,-4.019628,-16.903374
CN(C)c1ccc(Br)c(Br)c1,Fragment,5.3538365,-9.0272045
CCOP(=O)(OCC)C(N)C1CCCC1,Fragment,-30.914745,-22.934752
CN(C)NC1CSSC1,Fragment,-32.42837,-16.244732
CC1=CC2=NC(C)CC2=CC1=O,Fragment,-8.886695,-13.6706295
C1CC2=NCCN2C1,Fragment,-15.231054,-33.244503
O=P(Cl)(Cl)c1ccccc1,Fragment,30.826254,-4.089292
CSCCC(N)C(=O)NC(C)C(=O)O,Fragment,-38.13953,35.78917
N=C(N)NN=Cc1cccc(N)c1,Fragment,9.860022,36.833126
CC1OCC(F)C(O)C1O,Fragment,-40.01056,-19.623085
CN(C)CCCNCCNC(=O)C=NO,Fragment,-33.33067,12.444244
O=S(=O)(O)CCSSCCS(=O)(=O)O,Fragment,-32.45569,2.7015493
CNC(C)C(O)c1cccc(O)c1,Fragment,38.075954,21.843847
CC1CCCCC1NC(=O)NC(=O)CCl,Fragment,-21.82924,16.558113
NC1(C(=O)O)CCCC1F,Fragment,-17.723007,11.172488
CC1(C)N=C(c2ccc(Cl)cc2)C(=O)N1,Fragment,18.36558,-41.6146
O=C(O)c1ccccc1S,Fragment,19.351124,2.8088148
CC(C)c1cnn(O)c1C(N)C(=O)O,Fragment,-34.867134,41.7417
CNC(=S)N(C)C,Fragment,-48.31126,-9.340995
C=CCC(N)Cc1ccccc1,Fragment,28.522257,-9.14877
O=C(O)C(O)c1ccccc1Cl,Fragment,18.04148,2.9747877
CCCCC1CCCCC(=O)O1,Fragment,-63.04212,-11.874693
CC(C)(NC(=O)N(CCCl)N=O)C(=O)O,Fragment,-32.473763,14.508956
CN1CC2CC(C1)c1ccccc12,Fragment,53.308697,-16.576038
NC1CCc2c(Cl)cccc2CC1=O,Fragment,33.062626,-29.514036
CC(C)c1ccccc1C(C)C,Fragment,30.565392,-7.745894
OC(Cn1cnnc1)c1ccccc1,Fragment,34.71552,-8.091051
NC(=NO)NCCc1ccc(Br)cc1,Fragment,28.1425,21.974943
CC(=O)N(C)CC#CCN1CCC(F)C1,Fragment,-26.834328,9.328312
CC1CC2=NCCN2C1,Fragment,-17.738249,-34.37627
COC(=O)CCN1C(=O)C(Cl)=C(Cl)[SH]1O,Fragment,-27.611727,37.896618
CNC(=S)NCO,Fragment,-47.29286,-6.324187
c1ccc(C2Cn3nccc3N2)cc1,Fragment,49.163708,-10.32187
CCCOC(=O)C1CCC(N)=NC1,Fragment,-15.977249,29.79602
N=C(N)N1CC23CC4CC2(CC4C3)C1,Fragment,-27.124344,-18.27785
CC(=O)OCCC1=CCC2CC1C2(C)C,Fragment,-26.134138,-6.9745235
CSc1nnc(C2CCNCC2)n1C,Fragment,-13.300185,-25.008917
O=C1NCc2c(O)cc(O)cc21,Fragment,1.1079221,-1.9553851
COc1ccc(C(=O)O)cc1F,Fragment,19.062437,33.977814
CN(C)C1CC12C1CC3CC(C1)CC2C3,Fragment,-30.763815,-14.515573
N=C(NCC(=O)O)NP(=O)(O)O,Fragment,-41.353703,20.693928
CC(CS)C(=O)Nc1ccccc1,Fragment,20.457567,6.089283
Oc1cc2c(cc1O)C1CC1C2,Fragment,43.07303,25.967663
COC(=O)CC(N)c1ccc(Br)cc1,Fragment,14.045738,5.2700067
CCC1C(=O)N=C2SC=NN2C1=O,Fragment,-13.339735,-2.0251646
O=c1c(I)c[nH]cc1I,Fragment,-7.7191586,-6.782136
Cc1cc2c(cc1C)NC(=O)C(C)CN2,Fragment,-2.404585,-8.529462
Cc1csc(Cc2c[nH]cn2)c1C,Fragment,0.4533154,3.9899156
CC(=N)Nc1ccc(NN)cc1,Fragment,23.613258,16.768837
COC(C)OC,Fragment,-42.49367,0.91894025
CN1C2CCC1CC(O)C2,Fragment,-34.956635,-24.259415
Nc1ccc(Nc2ccncc2)cc1,Fragment,42.177727,8.287675
CN=C(S)C1(c2cccnn2)CCCS1,Fragment,62.90083,-3.5170407
NC1Cc2ccccc2NC1=O,Fragment,43.527836,-18.490913
Brc1cccc(Br)c1N=C1NCCN1,Fragment,34.406708,2.364259
C=CC(=O)OCCOC(=O)CCC(=O)O,Fragment,-32.590946,24.283524
CC1CCC(C)N1CC(=O)N=C(N)N,Fragment,-22.485203,6.4824357
CCOC(=O)C=CC(=O)Nc1nccs1,Fragment,-10.264725,31.955332
O=C(C1CC1F)N1CC2CNCC2C1,Fragment,-20.234995,9.193517
CCC(C)(C#N)N=NC(C)(C#N)CC,Fragment,-38.515614,-7.7752786
NC(=O)C1OC(CO)C(O)C(O)C1O,Fragment,-44.323586,-18.53748
Cc1ccccc1CCO,Fragment,31.825426,9.959324
Nc1ccc([SH](O)c2ccncc2)cc1,Fragment,42.090355,8.511953
COc1cc(C=C(C#N)C#N)ccc1O,Fragment,20.345448,39.671017
CN=C(S)SCCOc1ccc(C)cc1,Fragment,0.55611813,-40.70133
O=C1C=CC(=Nc2ccc(O)cc2)C=C1,Fragment,1.8128862,-0.6104012
COc1ccccc1OCC(O)CO,Fragment,39.72406,17.8186
CC(=O)CCC1=C(C)CCCC1(C)C,Fragment,-20.64191,-2.188452
Cn1nnc2cc(C(=O)O)ccc21,Fragment,2.0468848,15.315547
Cc1ccc(C(=O)C(C)N)cc1,Fragment,3.3148046,24.20532
Cc1nc2cnccn2c1O,Fragment,-0.5858888,-23.990473
NC1=S2C=CC(S(N)(=O)=O)=C2C(=O)C1=O,Fragment,14.922477,-9.75721
CCc1ccc(-c2cnco2)cc1,Fragment,49.8892,10.928603
COc1c(O)cccc1C=O,Fragment,22.44407,37.214973
CN1CCN(c2ccc(N)cc2Cl)CC1,Fragment,-4.3901424,-31.069502
CC(C)c1ccc(CSC(=N)N)cc1,Fragment,27.15586,17.985767
O=CNC(O)C(Cl)(Cl)Cl,Fragment,-36.46133,6.4252515
CCNCc1cccc(F)c1,Fragment,22.54407,-21.678839
Nc1nc(N)nc(N2CCCCC2)n1,Fragment,-14.206422,-31.786837
O=C(O)C12C=CC(C1)c1ccccc12,Fragment,46.438007,-24.433056
CCC(CC)NC(=O)c1ccc(Cl)cc1,Fragment,19.470097,-26.512787
CCP(=S)(CC)CCl,Fragment,-40.681366,-4.5148125
CCCNCc1ccc(C(F)(F)F)cc1,Fragment,23.026596,-23.200039
O=C(Cc1ccccc1)c1ccccc1,Fragment,23.83592,1.1111466
CS(=O)(=O)SCCO,Fragment,-32.786343,3.3024845
Cc1cccnc1CCCO,Fragment,50.37852,3.840312
NC1CCC(NC2CCC(N)CC2)CC1,Fragment,-27.250069,-20.998787
CCCCCCCCCCCCI,Fragment,-61.676785,-3.9316247
CC(O)C#CC(C)O,Fragment,-42.122963,-1.1612259
Oc1ccc(C(O)C2=NCCN2)cc1O,Fragment,8.218336,-2.1831095
NCC(O)c1ccc2c(c1)NS(=O)(=O)N2,Fragment,30.544842,28.584003
NCC(=Cc1ccccc1)C(=O)O,Fragment,23.261889,-1.7545131
CC(C=CC(N)=O)=CC(C)CC(=O)O,Fragment,-36.509865,30.149092
c1cnc2ccc(N3CCCC3)cc2c1,Fragment,47.924625,-6.1126485
CNC1C2(C)CCC(C2)C1(C)C,Fragment,-26.143744,-12.826725
CN(C)CC12CC3CC(CC(C3)C1Br)C2,Fragment,-31.19558,-14.497415
CCC(=O)OCC(O)CNC(C)(C)C,Fragment,-29.948593,31.478199
Cc1cc(Cl)c2ccccc2n1,Fragment,40.87825,-3.7505438
NCCSCC(N)C(=O)O,Fragment,-40.813007,34.731102
CN(C)CC1(O)CC2CC3CC(C2)C1C3,Fragment,-31.158178,-14.432978
NC1(c2ccccc2Cl)CCC=CC1=O,Fragment,42.13474,-19.174292
Oc1cc(Br)cc2cccnc12,Fragment,44.989258,4.068932
CNC1CC2CC3CC(C2)C1C3,Fragment,-30.290077,-17.499521
CN1C(C)(C)CCCC1(C)C,Fragment,-21.121105,-18.60277
CC(CN)C(C)(CN)C(=O)O,Fragment,-35.140648,30.612734
CCS(=O)(=O)CCSC(=N)N,Fragment,-47.37348,23.902683
CC1=CC(C)(C)C(C(=O)O)C(C(=O)O)C1,Fragment,-15.488323,9.067868
Nc1ccncc1C(=O)O,Fragment,8.153956,21.355364
C=C(CNN)c1ccc(Cl)cc1,Fragment,19.970993,-28.20264
COCC(=O)CCCCCNCCCN,Fragment,-42.426865,17.59557
Cc1onc(O)c1CCCC(N)C(=O)O,Fragment,-40.36385,39.222725
O=C(NCC=CCO)c1ccccc1,Fragment,22.116476,2.9623055
O=C(O)C1CCCN1C(=S)S,Fragment,-22.967072,11.48465
c1ccc2[nH]nnc2c1,Fragment,42.750423,-6.371028
Cc1nc(C#Cc2ccsc2)cs1,Fragment,3.4313865,-27.188757
COc1cc(C(=O)O)nc2ccccc12,Fragment,16.374706,33.955193
COc1cc2c(cc1O)C(=O)C(C)C2,Fragment,24.221169,44.01138
Oc1nc2cc(Cl)ccc2[nH]1,Fragment,12.326071,-35.626358
COc1cccc(CO)c1O,Fragment,24.146585,37.063343
CCc1cc2c(O)nc(COC)nc2s1,Fragment,8.712671,-13.193502
COc1cc(CCN)cc(O)c1OC,Fragment,32.893787,33.713413
OCCCCCO,Fragment,-43.06449,-8.502417
SCc1ccco1,Fragment,26.63673,-14.670031
Nc1ccc(CSc2ccccc2)cc1,Fragment,29.583189,-0.912786
CCSC(=N)Nc1ccc(C(C)C)cc1,Fragment,21.920273,16.79551
Cc1cc(C2=CCCC3CCC2N3)on1,Fragment,-11.256795,-23.601881
Oc1ncc(Oc2ccc(Br)cc2)cn1,Fragment,43.033405,4.744545
O=C(O)c1cc(O)cc(O)c1,Fragment,6.084915,15.79003
Fc1ccc(-c2cncnc2)c(F)c1,Fragment,18.058615,-17.882795
Cc1ccc(C)c(CN2CCSCC2)c1,Fragment,-0.11284539,-38.287464
CC(=O)Nc1nnc(S)s1,Fragment,-6.553218,22.532333
Cc1ccc(-c2cnc(N)n2C)cc1C,Fragment,2.0755038,-20.643831
Cc1nc2ccc(Cl)cc2n1C,Fragment,12.138857,-34.176846
Oc1cc(C2=CCNCC2)sn1,Fragment,31.53921,-41.471672
O=C1OC(O)c2ccccc21,Fragment,41.87478,-17.185856
C=CCNC(=O)C=Cc1cccc(O)c1,Fragment,18.624918,14.062263
CCCCC(CC)COCCCN,Fragment,-63.236366,-3.4971168
CC(=NOCC(=O)O)c1ccc(N)cc1,Fragment,11.933047,18.64244
CCOCc1cc(O)c(O)c(Br)c1,Fragment,6.6087103,-7.623022
Cc1cccc(C)n1,Fragment,39.39895,-1.0107573
CN(C)C(=N)NC(N)=S,Fragment,-47.80143,-8.922769
CCC(=O)N(CC)CCc1nccs1,Fragment,-4.501766,29.077087
C#CCOC(=O)C(N)CS,Fragment,-33.87312,34.80791
O=C1C=CCC(C=CC2CCCCC2)O1,Fragment,-16.16045,-8.284409
CC(c1ccsc1)c1ccc(O)cc1O,Fragment,37.559196,23.46507
CC1CCCN(C(S)=NC2CCCC2)C1,Fragment,-33.04846,-27.134016
NC(=O)NC1NC(=O)NC1=O,Fragment,-9.492218,7.568307
N#CSc1cc(C(=O)O)ccc1N,Fragment,10.649792,16.69515
c1cc(-c2nnc3n2CCC3)n[nH]1,Fragment,-14.438888,-33.810555
COC(=O)c1cc2ccc(N)cc2[nH]1,Fragment,-9.471035,24.742462
CCOC(=O)c1cnc(SC)nc1N,Fragment,-12.745311,33.890182
O=C1NC(CO)C(=O)Nc2[nH]cnc21,Fragment,-9.75066,0.48648292
C=CCC1=C(O)C(=O)N2CCCC12,Fragment,-21.285435,1.037477
CCN(CC)N=C(S)Nc1ccccc1,Fragment,26.879948,-0.2744442
CC(C)CCCC(C)N,Fragment,-43.458344,-1.8174665
NC(=O)c1ccnc2ccccc12,Fragment,48.623238,1.690819
CCC(=O)N1C(=O)OCC1C(C)C,Fragment,-17.46268,3.3830292
CC(CCC(=O)O)C(=O)O,Fragment,-35.786144,28.374706
Fc1ncccc1OCC1C=CCN1,Fragment,53.76415,-1.4547032
O=C1CSC(=S)N1N=Cc1ccc(Cl)s1,Fragment,21.002619,-42.2297
O=c1[nH]c(=O)n(C2CCCS2)cc1F,Fragment,-13.9046955,-6.844893
CCCc1cc(O)c2ccc(N)nc2n1,Fragment,8.386478,-13.506237
CCOC(=O)C1NC1C(=O)O,Fragment,-18.352715,32.596863
Cc1[nH]c2c(ccc3cccnc32)c1C,Fragment,46.093407,-0.87390226
COC(=O)Cc1nnc(N)s1,Fragment,-7.820386,25.125837
O=C1CSC(NN=C2CCCCC2)=N1,Fragment,-14.368002,-13.423395
c1ccc(CCCN2CCNCC2)cc1,Fragment,55.4897,-22.863811
O=P1(O)NCCCO1,Fragment,-20.078606,-15.276616
COc1c(C)cc(Br)cc1C(=O)O,Fragment,18.074188,35.552574
O=S(=O)(O)c1ccc(S)cc1,Fragment,15.667604,-7.67012
CC(C)Cc1cc(C(=O)NN)ccn1,Fragment,11.876328,26.668257
O=c1c(Cl)c(Cl)cnn1CCCl,Fragment,-3.5657637,-21.508987
CON=Cc1ccc(O)c(O)c1,Fragment,19.6329,38.921726
Cc1cc(C)n2nc(N)nc2n1,Fragment,3.2819011,-21.281668
CCNCCCNC1CCCC(N)CC1,Fragment,-26.093262,-21.708017
C=CCSSC=CC[SH](O)CC=C,Fragment,-42.652164,-6.884829
C(=Cc1ccccc1)C1=NCCN1,Fragment,50.719524,-8.786128
COC(=O)CCn1sc(Cl)c(C)c1=O,Fragment,-27.60512,37.92379
CCCC1(CCC)CC1(CN)C(=O)O,Fragment,-27.47697,15.716963
Cc1cccc2c(CC(=O)O)c[nH]c12,Fragment,15.8195095,14.3360615
C=CCP1(=O)OC(C=C)CC(C=C)O1,Fragment,-38.387283,1.8074102
O=C(O)C(c1ccccc1)C1(O)CCC1,Fragment,46.43937,-24.9403
CC1(C)C(=S)C(C)(C)C1=S,Fragment,-20.20541,-12.046962
CC(c1cc2ccccc2s1)N(O)C=O,Fragment,27.368559,7.8020535
CC(NC(=O)c1ccccc1Br)C(=O)O,Fragment,16.712454,5.7120028
c1ccc(-c2nc3c[nH]cnc-3n2)nc1,Fragment,51.44722,-0.43624997
O=NN(c1ccccc1)c1ccccc1,Fragment,31.627005,-3.8688822
CC(CCOn1cccn1)N(C)C,Fragment,-20.75181,25.849941
CN1CCC1COc1cncnc1,Fragment,67.03772,1.3272474
CCCCC(=O)c1c(O)cc(O)cc1O,Fragment,6.4957304,-3.939855
O=c1c(Cl)nc(Cl)cn1-c1ccccc1,Fragment,34.927746,-14.050017
Cc1c(C(=O)O)n(C)c2c(Br)csc12,Fragment,-5.7600822,15.815175
Oc1c(Br)ccc2cccnc12,Fragment,44.973175,4.077444
CC1=CCCCC1C1C=CC(=O)C(C)O1,Fragment,-17.637121,-8.162713
CC1=CC(=Cc2ccc(Br)o2)C(=O)O1,Fragment,11.325277,-2.9919121
CCSc1ccc(CC(N)CC)cc1,Fragment,29.027573,18.200296
OC1C(O)C(O)C(F)C(O)C1O,Fragment,-38.92002,-18.43358
Brc1cc(N2CC3CNC3C2)cnc1Br,Fragment,-10.886839,-37.510666
CC(C)CC(N)P(=O)(O)O,Fragment,-49.83245,16.737179
S=c1[nH]ccn1Cc1cccc(Cl)c1,Fragment,19.67966,-38.80591
CC(C)Nc1nc(Cl)nc2ccccc12,Fragment,40.151566,-4.437237
NC(Cn1cc(I)c(=O)[nH]c1=O)C(=O)O,Fragment,-36.835,40.457035
O=C1CN=CN1,Fragment,-9.187131,-8.909816
NN=Cc1cc(Br)ccc1O,Fragment,25.851349,20.898277
CN(C)Cc1cc(C(=O)O)[nH]n1,Fragment,-0.5097405,14.408909
CC1Cn2c(nc3ccccc32)NC1=O,Fragment,37.668613,-22.547392
CCC(=O)C1C(CC)CC2CCC1N2C,Fragment,-22.356321,7.566215
O=CC1=C(Cl)c2cc(Br)ccc2SC1,Fragment,17.20447,-31.26073
C(=CC1CCCNC1)c1ccccc1,Fragment,52.127495,-22.72187
OCCOc1ccccc2cccc1-2,Fragment,39.505043,16.829618
NC(=O)c1[nH]cnc1-c1cccc(Cl)c1,Fragment,15.979351,-39.263702
CC(=O)Oc1ccc(N)cc1,Fragment,13.090581,17.61758
CC1(C)CC(=O)c2cn[nH]c2C1,Fragment,-9.01819,-9.708228
CSc1nc(O)c2[nH]c(O)nc2n1,Fragment,-7.5988765,-33.45675
Cc1cc(Cl)nc(N2CCN(C)CC2)n1,Fragment,-4.797414,-29.994139
CCOP(=O)(O)CC(C)(C)N(Cl)Cl,Fragment,-51.763336,14.713471
CC(C)C1CC(c2csc(N)n2)CCO1,Fragment,-18.056355,-28.073254
NCCCCCC1CCCCC1,Fragment,-24.949215,-24.370983
CCCCCCC=CC=O,Fragment,-65.85881,-2.9842105
COC(=O)c1cn2nc[nH]c(=O)c2c1C,Fragment,-10.923743,24.93435
O=c1[nH][nH]c(=O)[nH]1,Fragment,-8.631058,-7.4407396
CC1CCC2C(O)C(O)C(CO)N12,Fragment,-42.655956,-22.190336
NC(C=CCC(N)C(=O)O)C(=O)O,Fragment,-42.0727,36.11737
Cc1cc2ncn(C)c2cc1C,Fragment,2.2737658,-21.306175
c1cc2c(cnc3cscc32)s1,Fragment,3.7569165,-25.844587
CC(C)CCc1cc(O)ccc1O,Fragment,37.088455,23.647943
NC(=O)c1ccc(N)nc1,Fragment,7.3992324,21.737362
O=C1c2ccccc2C(=O)N1O,Fragment,37.50979,-16.233812
Cc1ccc(CCN2CCCC2C)cc1,Fragment,-1.7783109,-41.635864
N#Cc1ccc(Cn2ccc(N)n2)cc1,Fragment,5.301296,-37.424007
Brc1cccc2[nH]c3c(c12)CCNC3,Fragment,34.224293,1.7797527
O=C(O)C(S)Cc1ccccc1,Fragment,23.874304,1.110367
O=Cc1cn(-c2ccccc2Cl)nn1,Fragment,34.271294,-12.986911
COC(=O)Cc1ccc(O)c(N)c1,Fragment,27.754284,27.778122
NC(C(=O)O)C1CCC1C(=O)O,Fragment,-45.75549,33.57749
O=C(O)Cc1ccc(C(=O)O)nc1,Fragment,5.459821,20.481518
IC(I)=C(I)Cn1ncnn1,Fragment,-4.614201,-19.688255
CC1CC(O)C2C(O)C(O)C(CO)N12,Fragment,-42.629665,-22.14138
CN(C)CCOc1cccc(Br)n1,Fragment,47.001972,14.668495
CC(C)CN(CCC(=O)O)CC(C)C,Fragment,-35.960056,27.577263
OC1CN2C(O)C(O)C(O)C2C1O,Fragment,-35.222668,-24.256987
NC(CS(=O)(=O)NCCCl)C(=O)O,Fragment,-42.142113,37.86555
C1=C(c2cccnc2)CC2CNCC1C2,Fragment,60.750538,4.5936227
CC(C)(C)c1nnnn1CC#CI,Fragment,-6.4829597,-22.712442
Cc1ncc(C#Cc2ccccc2)cn1,Fragment,45.087086,-3.7346342
c1csc(SSc2nccs2)n1,Fragment,3.6236646,-25.854282
COP1(=S)NCC(c2ccccc2C)O1,Fragment,57.44417,-17.938086
Nc1ncc(C2CC3CCC2N3)cc1I,Fragment,-9.876824,-39.12957
Fc1cccc(C2=NCCCC2)c1,Fragment,18.799713,-19.186777
NCCN1CCNCC1,Fragment,-37.62058,-28.279327
CSc1nc2ccccc2nc1Cl,Fragment,39.901276,-3.861384
Clc1ccc2ccc3cccnc3c2n1,Fragment,51.031666,-2.3589532
Clc1ccc(N=NN2CCCC2)cc1Cl,Fragment,24.663097,-40.112724
O=C(NC1CCOC1=O)c1ccccc1,Fragment,42.941586,-29.098185
CCCc1cc(C(=O)O)sc1C,Fragment,-0.061262634,20.653896
CN1CCC(c2ccccc2)CC1,Fragment,53.617386,-17.243265
CC(=O)NCc1ccccc1,Fragment,24.438206,3.2165713
CCOC(=O)C1NC1C(=O)OCC,Fragment,-18.349478,32.648098
CN1CCCCC1,Fragment,-21.459059,-19.651127
CON=C(C)C1CC=C(C=NO)CC1,Fragment,-22.71526,-10.5592165
O=C1OC(=CBr)C(Br)=C1CBr,Fragment,-3.605737,-5.1810617
CCOCCOC(=O)c1ccc(N)cc1,Fragment,-10.980319,37.776176
CCCOc1ccc(C(=O)O)cc1,Fragment,16.53054,30.617413
CCS(=O)(=O)CCSP(=O)(OC)OC,Fragment,-48.366714,6.3878484
NCCCP(=O)(O)CC1CCCCC1,Fragment,-25.407305,-24.870667
COc1ccc(-c2cc(N)on2)cc1,Fragment,29.851786,41.709282
CC(C)=CCOC(=O)c1ccncc1,Fragment,-2.8728592,33.626816
CCSC(=S)NNC(=O)c1cccnc1,Fragment,60.272068,12.666012
CC#Cc1ccc(-c2ccccc2)s1,Fragment,36.468433,-6.752443
CC(N)Cc1ccc(Cl)c(Cl)c1,Fragment,27.76475,-33.459232
CCNc1ccc(C(=O)O)cc1N,Fragment,10.726341,17.987577
ClC1=C(Cl)C(Cl)(Cl)SS1,Fragment,-12.660087,-17.032623
Nc1c(Br)cc(Br)c2nsnc12,Fragment,5.5455713,-11.476037
O=C(C=Cc1cccs1)c1ccccc1,Fragment,5.689773,29.21588
Cc1ncc(C)c2c(O)cccc12,Fragment,45.221565,0.91803855
CNCC(O)c1cccc(O)c1F,Fragment,37.9622,21.608555
CC(N)(CCSCP(=O)(O)O)C(=O)O,Fragment,-47.002472,17.087763
Nc1cccc(C(=O)O)c1C(=O)O,Fragment,11.914511,14.96084
O=C1NCCNC12CC2c1ccccc1,Fragment,41.960545,-21.579445
CNC(=S)NCc1c[nH]c2ccccc12,Fragment,35.05596,12.239972
O=C(O)c1cccc(O)c1C(=O)O,Fragment,12.678102,13.744635
CN(C)N=Nc1ccc2[nH]c(=O)[nH]c2c1,Fragment,-4.9165263,-7.528295
Nc1noc(C2CN3CCCC2C3)n1,Fragment,-19.94235,-29.401344
N#Cc1c2n(c(=O)[nH]c1=O)CCCCC2,Fragment,-16.137558,-4.1492605
CC1(O)CC2C(CC1SCCO)C2(C)C,Fragment,-26.690367,-9.007427
CN=C(S)C1(c2cnccn2)CCCS1,Fragment,62.93199,-3.4954963
Clc1ccc(N=NN2CCCC2)cc1,Fragment,24.892916,-40.18391
CN1C(=S)C(CC(=O)O)c2ccccc21,Fragment,35.374172,-21.298037
O=c1ccc2cccc(F)c2[nH]1,Fragment,30.267014,-19.963299
NS(=O)(=O)Cc1noc2ccc(F)cc12,Fragment,17.568129,-12.915192
Clc1ccc(C2CN3CCC2CC3)nn1,Fragment,-18.682102,-38.141098
CC1c2cc(Cl)c(Cl)cc2C2CNCC12,Fragment,31.705126,-31.324041
CCNC(=O)c1nc(C)nc(NCC)n1,Fragment,-10.983754,29.609112
O=C(O)Cn1cc(Br)c(C2CC2)n1,Fragment,-12.00738,14.033561
NNC(=O)COP(=O)(O)O,Fragment,-48.80448,13.205777
Brc1ccnc2[nH]ccc12,Fragment,42.963055,3.211258
O=C1COCC2(CC2c2ccccc2)N1,Fragment,42.56698,-21.219292
CSC1SC(C)C(O)C(O)C1O,Fragment,-38.81456,-19.719563
c1cc(C2N3CCCN2CC3)ccn1,Fragment,58.61752,1.4248687
Fc1ccc(OCc2nn[nH]n2)c(F)c1,Fragment,17.796162,-17.23824
CC(=O)Nc1cc2c(s1)CNCC2,Fragment,-14.509051,24.153559
S=c1[nH]cc(-c2ccc(Cl)cc2)o1,Fragment,18.328087,-34.550976
CC1CC(C#N)=C2NCCCCN2C1=O,Fragment,-15.57048,-4.6743517
CC(=O)CC(O)(C(F)(F)Cl)C(F)(Cl)Cl,Fragment,-30.716246,21.065117
O=C1NCC(O)N1c1ccccc1,Fragment,39.91982,-22.226429
CCCCCCC=CC(=O)C(F)(F)F,Fragment,-63.35392,2.5460248
CC1(c2ccc(Cl)s2)NC(=O)NC1=O,Fragment,18.438086,-41.823177
Cc1cccc(C#Cc2ccccn2)n1,Fragment,46.688194,-1.7788708
NCC(O)c1ccc2ccccc2c1,Fragment,37.9547,9.2956705
CC(NC(C)(C)C)C(O)c1ccccc1,Fragment,29.784334,-6.682867
Cc1cc(C)c2ccc(S)nc2n1,Fragment,6.603203,-20.164516
C#CCOC(C)(C=C)CCC=C(C)C,Fragment,-36.756283,11.872187
Nc1cccc(-n2cccc2)c1,Fragment,38.018158,3.1932142
O=C1NC(=O)c2c1ccc1c2CCC1,Fragment,12.046085,-20.472471
O=S(=O)(O)c1ccc(O)cc1,Fragment,15.938133,-7.4308543
Cc1cc(O)c2c(ccc3[nH]ccc32)n1,Fragment,8.261471,-15.875848
O=C(O)CCCCCN1C(=O)CCC1=O,Fragment,-41.29741,23.24753
Cc1cc(C)c2c(c1)C(C)(C)CCC2,Fragment,-0.6758897,-10.073331
Cc1ccc(S(=O)(=O)OCC2CO2)cc1,Fragment,12.667625,-12.676438
O=Cc1ccc(Cl)cc1Cl,Fragment,16.551956,-32.117043
NNC(=O)C=Cc1ccc(Cl)cc1Cl,Fragment,15.58372,-31.21199
NC(=O)c1sc(-c2ccncc2)cc1N,Fragment,7.9794765,22.936731
N#Cc1cccc(-c2c[nH]nn2)c1,Fragment,20.658773,-8.96725
C=C(CO)C(=O)O,Fragment,-36.1448,21.196411
NCC(Cl)CON,Fragment,-32.700584,-8.368037
Cc1ccc(C(=N)N)cc1,Fragment,26.125483,15.564231
CC(=O)NC=Cc1ccccc1,Fragment,23.750835,8.307252
CCC(C)C=O,Fragment,-40.661568,6.3379326
N=C(N)NC(=N)Nc1ccc(Cl)c(Cl)c1,Fragment,19.574888,18.051203
CCN=C(S)Nc1cc(Cl)ccc1C,Fragment,24.535172,-28.384748
Oc1ccc(CCN=C=S)cc1O,Fragment,31.57451,22.940542
COC(=O)c1cc(CCCCO)sc1N,Fragment,-7.785197,25.557495
Cc1c(C(C)C)ccc(C(C)C)c1O,Fragment,8.914234,-5.9623213
c1ccc(CCn2cccc2)nc1,Fragment,50.362278,-0.082663715
CN1c2nccnc2C(N)=NS1(=O)=O,Fragment,-1.0764605,-20.30647
CC1(C)C2CC=C(CO)C1C2,Fragment,-25.792965,-8.159944
CC1C2CC(CC2O)C1(C)C,Fragment,-25.666885,-10.264641
OC1CC1Sc1ccccc1,Fragment,47.934456,-21.81435
O=C1Nc2ccccc2C1=C1CCCN1,Fragment,41.202347,-20.466915
CCN1CCCCC1,Fragment,-40.64471,-28.944199
CCCCC(C)=NNC(N)=S,Fragment,-58.54853,-1.7152166
Oc1ccc2c(c1)C1CC1C2,Fragment,43.158653,25.806131
Cc1cc(N)nc2c1CCCC2,Fragment,-9.56103,-29.936394
NS(=O)(=O)OCC12CCCCC1CCC2,Fragment,-26.823925,-3.4681773
N#Cc1ccc(Cl)c(NC(=O)C(=O)O)c1,Fragment,16.132265,-1.0204145
COC1CN(C)CC(CO)O1,Fragment,-43.341633,-22.442202
CN1C=C(C(N)=O)Cc2ccsc21,Fragment,4.3633294,33.930782
CC(=CC(=O)O)CO,Fragment,-33.264095,19.486658
CN(C)C1CSC(C#N)SC1,Fragment,-34.47706,-14.607197
C1CCC(NC2=NCCO2)CC1,Fragment,-23.972454,-28.72837
CC(C)C(N)C1=NC(=C2N=CN=N2)NO1,Fragment,1.6266959,-12.443604
CC(=O)c1cnc(-c2ccccc2)s1,Fragment,25.055714,5.5148835
O=c1oc2cc(O)ccc2c(O)c1Br,Fragment,2.81134,-2.8051453
NC(Cc1ccc(I)cc1)C(=O)O,Fragment,-13.092575,48.541103
COC(=O)CCCC#CCCO,Fragment,-27.435251,34.89825
Cn1c(=O)c2[nH]c(N=O)nc2n(C)c1=O,Fragment,-5.867542,-9.772734
O=C(O)c1cc2cc(O)c(O)cc2s1,Fragment,5.7317443,16.943785
NC1=NC(c2ccccc2)CO1,Fragment,46.718445,-19.888353
NNC(=O)CCCCCC(=O)NO,Fragment,-41.528145,18.483932
Cc1ccc(C)n1-c1ccccc1N,Fragment,37.969505,-8.255215
CC1NCC(O)C(O)C1O,Fragment,-39.12595,-21.36763
CC(c1ccccc1O)C1CC1,Fragment,41.399437,22.196339
Cc1nc2cc(F)c(Cl)cc2nc1C,Fragment,11.150838,-33.60455
CC(C)CN=C=S,Fragment,-41.986397,-2.4688852
NCC(CCC(=O)O)c1ccc(Cl)cc1,Fragment,15.880089,-27.58485
CC(=O)c1csc2ccccc12,Fragment,25.254707,6.3391747
O=C1OC(=O)C(CBr)=C1CBr,Fragment,-3.6881475,-5.191694
Cc1nc(C#Cc2ccccn2)cs1,Fragment,46.923035,-2.0220644
CCCCCN=C=S,Fragment,-60.906666,-2.5178068
O=C1C=CN2CCCCC2CC1,Fragment,-15.0375395,-7.0733023
CC1C(O)=C(O)c2ccccc2N1O,Fragment,44.120045,-13.320611
O=C1CCC2(CCO1)OCCO2,Fragment,-14.76574,-9.91026
Nc1nc(Cl)cc(NCCO)n1,Fragment,-0.969865,-13.723498
CC#CCON=CC1CN2CCC1C2,Fragment,-32.563557,-31.257313
CCOC(=O)COS(=O)(=O)C(F)(F)F,Fragment,-19.394674,33.582973
CCC(C)CCCCNC1=NCCS1,Fragment,-54.47419,-12.957658
CCC(=O)NCCCc1cccc(Br)c1,Fragment,14.331798,1.8130783
CCCCOc1ccc(C(=O)NC)cc1,Fragment,-70.00181,3.6522968
CC1CCC2(CCCCO2)OC1,Fragment,-25.48701,-13.913431
ON=CNc1cccc2nonc12,Fragment,38.02128,-0.26805905
CCCCC1OC(=O)C2=CCCCC21,Fragment,-62.36913,-11.367465
Cc1ccc(CCn2ccnc2S)s1,Fragment,0.88386256,-22.634663
CC1=CC(=O)C=CC1(C)C(Cl)Cl,Fragment,-8.207909,-3.8682761
CC=Cc1ccc(O)c(OC)c1,Fragment,20.591639,38.71795
CC1CN(c2ccccc2)C(=O)CS1,Fragment,37.67043,-21.318583
N=c1sccn1Cc1ccc(Cl)nc1,Fragment,23.806091,-36.24153
SCc1ccc(CS)s1,Fragment,26.541672,-14.714716
O=c1c(O)cc(Cl)nn1-c1ccccc1,Fragment,35.246807,-13.754849
C(=C1CN2CCC1CC2)c1ccccc1,Fragment,53.376682,-19.14118
O=C(O)C1CSC(c2ccc(Cl)cc2)=N1,Fragment,14.042495,-26.974047
CCCCCOS(N)(=O)=O,Fragment,-64.14801,-0.3847091
NC1CC1c1ccc(Cl)cc1Cl,Fragment,30.644426,-30.703117
O=C(c1cccc(F)c1)N1CC=CC1,Fragment,12.115131,8.407622
CCCC(N)CCCCCC(=O)O,Fragment,-43.93435,28.881945
Cc1ccc(C(C)CO)cc1O,Fragment,9.969288,-6.8102946
NC(Cn1ncc(=O)[nH]c1=O)C(=O)O,Fragment,-36.824287,40.51917
Clc1nssc1=Nc1ccccc1Br,Fragment,34.682087,-3.9392097
O=C1CCC(O)c2cccc(O)c21,Fragment,45.430576,23.575285
CC(C)COC(=O)c1cnccn1,Fragment,-4.6701164,33.04141
CCC(CC)CC1CCCCC(N)=N1,Fragment,-21.595947,-26.567072
CC(=O)N=C(N)NCCCc1c[nH]cn1,Fragment,-1.9888628,5.9983363
CCc1cccc(C)c1,Fragment,23.304234,-13.019257
C#Cc1ccccc1N1C(=O)C=CC1=O,Fragment,37.09889,-16.553114
CCC1(C)CCSC1=S,Fragment,-20.795128,-12.238598
OCCOCCOCCO,Fragment,-43.756462,-8.728591
C=C(C(=O)OC)C(O)c1ccc(F)cc1,Fragment,19.953117,31.260906
CC(C)c1cc(C(=O)O)on1,Fragment,2.3613465,11.761782
CC(C)OC(=O)Cc1ccc(O)c(O)c1,Fragment,27.82125,26.670933
CCCOC(S)=Nc1ccccc1,Fragment,26.927023,-1.5538942
CON=C(C#N)C(=O)NC1=NOC(C)C1,Fragment,-8.355913,20.229883
NN=C1NCCN1c1cccc(Cl)c1,Fragment,24.114359,-41.57798
Cc1ccc2c(c1)[nH]c1ccc(F)cc12,Fragment,14.30596,-17.379652
CC(=O)NCCc1ccccc1,Fragment,24.400414,3.1067863
Oc1n[nH]c2cccc(Cl)c12,Fragment,15.502554,-37.99084
CCCO,Fragment,-44.97873,-5.5413322
NC1(C(=O)O)C(O)CC2C(C(=O)O)C21,Fragment,-16.901213,10.884595
N#Cc1cccc(OS(N)(=O)=O)c1,Fragment,19.033089,-8.887106
OCC1OC(n2cncn2)C(O)C1O,Fragment,-44.888165,-20.07676
Cc1ccc(C(O)=CC(=O)C(=O)O)o1,Fragment,16.237947,11.768692
NCCCCC(=O)c1cccnc1,Fragment,58.937653,13.676541
C=CCC1(C(=O)OC)CCCC(=NO)C1,Fragment,-16.497671,19.55384
Cc1ccnc2c(S)cccc12,Fragment,45.50928,-0.3462579
CCC1NC(N)=Nc2ccccc21,Fragment,43.4804,-10.858864
O=c1c(Br)c(Br)cnn1-c1ccccc1,Fragment,35.34587,-15.311626
NCCc1ccc2c(c1)CC(=O)N2,Fragment,16.694601,21.827038
COC(=O)C(C)NC(=O)n1ccnc1,Fragment,-22.04538,26.050638
CNc1ccccc1-c1c[nH]nn1,Fragment,42.06329,-7.3875375
CC(C)(C)NC(=O)C=NO,Fragment,-32.818916,15.820659
C[SH](O)CC(N)C(=O)O,Fragment,-40.139584,35.871563
CCOC(=O)CSc1nnc(C)c(C)n1,Fragment,-13.639345,33.169247
Cc1c(N)cc2c(c1C)OC(C)(C)C2,Fragment,-0.5631581,-9.94089
CCCCCCNC(=O)C1CCOC1=O,Fragment,-61.613743,-9.658653
Cn1c(=O)c2[nH]c(=O)[nH]c2n(C)c1=O,Fragment,-6.2382154,-9.334949
CON(C)CCc1c[nH]c2ccccc12,Fragment,36.69207,12.828926
CCOc1nc2cccc(Cl)c2c(=O)o1,Fragment,31.831184,-24.418772
CC(C)NC(=O)n1cccn1,Fragment,-22.463888,25.851675
NC(CS)CC1CCC(C(=O)O)CC1,Fragment,-45.39381,33.38323
Sc1nnnn1-c1ccccc1,Fragment,36.081444,-10.291869
COCc1cn(-c2ccccc2)[nH]c1=O,Fragment,38.46927,-18.252333
NC1C2CCC1c1c(O)cccc12,Fragment,45.526436,23.643854
CCCCCc1ccc(C)cc1O,Fragment,6.6946387,-4.151216
OCC1OCC(O)C(O)C1O,Fragment,-43.23338,-18.989567
CN(N=O)C(=O)NNC(=O)N(C)N=O,Fragment,-32.047768,12.53588
C=C(C)C1CC(=O)C(C)=C(O)C1,Fragment,-23.265326,-5.5508914
O=C(CNOCc1ccccc1)NO,Fragment,22.67012,2.0202022
O=C(O)C1C(C(=O)O)C1(Br)CBr,Fragment,-35.657944,20.7819
CCCOCn1cc(F)c(=O)[nH]c1=O,Fragment,-7.458362,0.09001371
O=C(O)Cn1ncc2ccccc2c1=O,Fragment,37.15523,-12.971698
COC(=O)NCC#CCn1cncc1C,Fragment,-11.318706,25.241426
O=C1C2C3C=CC(C3)C2C(=O)N1O,Fragment,-12.224494,-4.7449813
c1nc(CCCCN2CCCC2)c[nH]1,Fragment,-1.7027671,3.087602
ClCBr,Fragment,-35.774036,-6.1414843
CC1(Cl)CC(C)(C=CCl)C(Cl)CC1Cl,Fragment,-24.113451,-12.5300665
Cc1cccc2[nH]c3ccncc3c12,Fragment,44.54912,-0.49646163
CC#CC(O)(CCO)CC(=O)O,Fragment,-33.698643,22.1739
ClCCN(CCCl)c1ccccc1,Fragment,32.185513,-5.730198
COc1ccccc1CCC=O,Fragment,25.553728,37.107048
CC(N)Cc1ccccc1,Fragment,28.015577,-8.62323
FC(F)CCl,Fragment,-34.986965,-6.4468765
CN1C(=O)C=C(CC(N)C(=O)O)C1=O,Fragment,-36.327377,39.653564
CSC(=S)n1ccnc1C,Fragment,-0.09485906,-22.54025
Cc1nc2c(c(C)c1O)CCN2C,Fragment,-11.142731,-32.854374
Clc1[nH]nnc1-c1nn[nH]n1,Fragment,-9.619877,-18.200474
Cc1ccccc1NC1CCNCC1,Fragment,57.027645,-18.48419
Cc1cc2c3nonc3ccc2n1C,Fragment,5.34789,-20.621273
NCC(Cc1ccccc1)c1nnn[nH]1,Fragment,29.959753,-11.326924
CC1C2(N)CCC(C2)C1(C)C,Fragment,-26.603024,-12.954911
COc1c(Nc2cccnc2)c(=O)c1=O,Fragment,59.891747,9.458036
COC(=O)CCCN1C=CC(C)(C)C=C1,Fragment,-27.688406,35.910595
NC1=NCC(Cc2ccccc2)C(N)=N1,Fragment,32.147575,-11.33549
OCc1ccc(Cl)cc1,Fragment,23.151913,-32.97947
CC(O)Cn1cnc2c(F)nc(N)nc21,Fragment,1.0147586,-15.804013
CC(C)(C(=O)O)C1CCCN1,Fragment,-19.156183,14.546085
CC1(C)C(=O)C(C)(C)C1=S,Fragment,-8.970458,-3.6146753
O=C(NN=Cc1ccc[nH]1)c1cccs1,Fragment,5.819753,31.152729
CCCN1CSC(=S)N(CC(=O)O)C1,Fragment,-8.697361,14.527074
CN(C)c1ccc(C=CNC=O)cc1,Fragment,10.301015,-0.07414312
Cc1cccc2[nH]c3nc(O)nc-3cc12,Fragment,43.050808,-1.6325486
Cc1ccc(N=NNCCCCN)cc1,Fragment,-1.8634009,44.924698
O=C1Nc2ccccc2C12CC2CO,Fragment,43.658325,-23.119242
O=C1OC2CCC3C(O)CC=C1C23O,Fragment,-19.51303,-6.7609677
NC1CCC1(O)c1ccccc1,Fragment,47.25968,-23.265734
Cc1ncc(COP(=O)(O)O)c(C)c1O,Fragment,-54.630524,6.6793766
CCCCN=CN(C)c1ccccc1,Fragment,27.156109,-2.7931728
c1cc2c3c(ccc2o1)CCNCC3,Fragment,32.91106,-40.671032
Cc1ccc(Nc2ccccc2)cc1,Fragment,39.580563,-7.1834216
Clc1c(Cl)c(Cl)c(Cl)c(Cl)c1Cl,Fragment,-12.28695,-16.9841
NC(Cc1cccc(C(=O)O)c1)C(=O)O,Fragment,-12.285236,49.177765
CC(=O)N1CC2CC(CN(C)C2)C1,Fragment,-20.73244,7.94244
O=C1C2NCCC2CN1O,Fragment,-12.317646,-5.5341697
Oc1nc(-c2ccccc2)cs1,Fragment,37.12905,-4.1639395
CC1CC(OC(N)=O)C(C)CC1=O,Fragment,-11.633545,9.513607
CSc1ccc(CC(C)NC(C)C)cc1,Fragment,29.06413,18.389433
Cc1cc(C(N)C(=O)O)sc1C,Fragment,2.4408472,25.512878
C=CCc1ccc(OC)c(OC)c1,Fragment,26.508986,34.088627
CCC=C(C)C(=O)O,Fragment,-32.561718,19.345587
CC12CCC(CC1O)C2C(=O)O,Fragment,-17.43874,9.497166
O=S(=O)(O)c1ccc(O)c2ccccc12,Fragment,16.888783,-6.7716675
O=Cc1cncs1,Fragment,9.549962,-17.926794
NCc1ccc2oc(=O)ccc2c1,Fragment,16.526417,21.565928
CC(=O)NCC1NC(CO)C(O)C1O,Fragment,-18.024754,23.716146
Cc1cc(C(=O)NC2CCCCC2)on1,Fragment,-18.432896,-10.056476
OCc1ncccc1O,Fragment,48.642284,4.0713367
C1CN2N3CCCC23C1,Fragment,-21.785088,-18.850191
COc1ccc2c(O)cc(=O)oc2c1,Fragment,22.811018,40.157356
C#CCNC(=O)N(CC#C)N=O,Fragment,-32.6476,12.819677
CN(C)C(=O)c1ccc(N)cc1,Fragment,13.024587,17.244131
CCC=COCC(O)CO,Fragment,-45.140526,-3.918264
O=C(O)c1nccnc1C(=O)O,Fragment,5.3027477,19.791069
CC(C)n1c(-c2ccccc2)cnc1N,Fragment,31.106047,-9.497696
CN(C)C1CCc2cc(Cl)c(O)cc2C1,Fragment,43.68256,27.622412
C(Cc1nn[nH]n1)Cc1nn[nH]n1,Fragment,-9.488207,-18.416359
CCOCc1nnc(NC(C)=O)s1,Fragment,-7.033053,23.470213
CNC(=O)C(C)Br,Fragment,-28.271294,26.244743
Cc1c(Cl)cnc(N=C(N)N)c1Cl,Fragment,7.919878,-30.092533
O=C(O)C=Cc1ccc(O)cc1O,Fragment,6.6305614,16.454515
NC(=O)SCC(=O)Nc1ccc(Cl)cc1,Fragment,19.105083,-27.59661
CC(O)(CC(=O)O)C1CCCCC1,Fragment,-20.019865,15.058591
NNC(=O)C(N)Cc1c[nH]cn1,Fragment,-2.2900012,6.7044816
NC(C(=O)O)C12CC(C(=O)O)(C1)C2,Fragment,-43.652237,33.712616
O=C(O)c1cncc(Cl)c1,Fragment,12.830478,-27.926537
O=c1ccn(CSc2ccc(Cl)cc2)[nH]1,Fragment,19.928282,-34.83822
CC1CN(N=O)CCN1N=O,Fragment,-30.42159,-28.136433
OC(CCl)c1sc(Br)c(Br)c1Br,Fragment,-44.0243,-10.645705
O=C1NC(=S)NC1=Cc1ccc(Cl)s1,Fragment,20.777435,-42.276928
CC#N,Fragment,-37.863552,-8.556835
CCc1ccc(O)c2ncccc12,Fragment,47.97847,4.2413635
CCOC(=O)c1nnsc1N,Fragment,-13.686069,31.882084
CCOc1cncc(N2CCNCC2)c1,Fragment,68.528534,3.2506003
Cc1oc(C)c(C(N)=O)c1C(N)=O,Fragment,-7.263217,10.037119
Cc1cc(C)nc(NC(C)(C)C(=O)O)n1,Fragment,-3.2753618,20.124039
CC(=O)Oc1cccc(I)c1,Fragment,10.39594,10.738219
CCN1CCN(c2ccc(N)cc2)CC1,Fragment,-3.630952,-33.056984
CC(C)C(=O)Nc1ccc(Br)cc1Cl,Fragment,15.097266,5.969834
Nc1nc(Cc2ccccc2)cc(=O)[nH]1,Fragment,29.888994,-13.404169
O=C(O)C(O)C(CCO)C(=O)O,Fragment,-38.556152,25.83808
c1cc(N2CCNCC2)c2[nH]ccc2c1,Fragment,38.122486,-35.932865
Fc1ccc(C2CC3CCC2N3)cn1,Fragment,-9.533292,-39.21215
C=CCN=C1N=C(CC(=O)OCC)CS1,Fragment,-11.900044,32.216343
Clc1ccccc1,Fragment,33.172558,-5.0208993
CC(=O)Nc1ccc2sccc2c1,Fragment,1.1375879,28.592714
COC(=O)c1c[nH]nc1N,Fragment,-9.844909,24.659992
NCC1NCC(O)C(O)C1O,Fragment,-39.681217,-23.195612
COC(=O)C(C)=NN=C(S)SC,Fragment,-25.292637,24.357525
Nc1ncnc2[nH]c(N3CCCC3)nc12,Fragment,-13.832469,-31.439915
Oc1nc2nc(S)nc-2c2n1CCS2,Fragment,-11.901393,-33.081272
CC(N)P(=O)(O)C(N)Cc1ccccc1,Fragment,27.678404,-7.8962317
O=C1CSC(=S)N1c1ccc(Cl)c(Cl)c1,Fragment,21.910507,-41.251663
NCC(N)C(=O)N1CCCCC1,Fragment,-47.568256,37.16984
CCCCCCCCN=C=S,Fragment,-60.92738,-2.525723
C=CCCC(=O)N1CC(CC=C)C1=O,Fragment,-21.321735,1.1841918
O=C(O)c1ccc(N2CCCCC2)cc1,Fragment,5.0635514,-44.90094
COc1cc(O)cc(OC)c1C(=O)O,Fragment,19.044168,35.22503
CC(C)OC(=O)c1cccc(C(=O)O)n1,Fragment,6.8657336,10.7445755
Fc1cccc(Cc2cccnc2S)c1,Fragment,19.752716,-18.643932
CCCCC1OC(=O)c2cc(F)ccc21,Fragment,10.103099,-42.744984
CSC1=NC=CCN1C,Fragment,-4.7182813,-24.657137
O=c1c2ccccc2sn1C1CCCC1,Fragment,39.02511,-24.147612
Nc1ccccc1NC1CCCCC1,Fragment,50.201252,-21.608194
CC(=O)C(=O)C(O)C(C)O,Fragment,-29.340584,27.558147
N#CCN1CCCC(C(N)=O)C1,Fragment,-25.288696,11.07015
N#CCc1cnc2ccccc2n1,Fragment,48.37257,-3.4571142
O=C1C=CC(=Nc2ccc(Cl)cc2)O1,Fragment,17.87619,-35.727943
COc1cccc(O)c1C(C)=O,Fragment,23.133577,36.929375
CON=C(C#N)C(=O)NCc1cccs1,Fragment,3.541282,30.6381
c1cncc(NCCNC2CCSC2)c1,Fragment,61.102894,6.434835
CC(C)CC(CC(=O)O)C(C)N,Fragment,-37.0346,30.622284
N#CCc1cccc(CC#N)c1Br,Fragment,22.816364,-7.87745
Nc1cc(Cl)c(Cl)cc1S(N)(=O)=O,Fragment,14.354215,-9.888892
Cc1cc(C)n2c(SCCO)nnc2n1,Fragment,5.316629,-23.597971
O=C(O)C(O)C(O)COP(=O)(O)O,Fragment,-49.452835,15.3372555
Nc1ccc2[nH]c3cnccc3c2c1,Fragment,43.37994,8.438202
c1cncc(CNCc2cccnc2)c1,Fragment,56.6186,10.215995
Nc1nc(SCC(=O)O)nc(O)c1N,Fragment,9.743011,19.400824
OCCCc1cc(-c2ccccc2)no1,Fragment,34.535786,-7.493046
O=C(NCCCl)Nc1ccc(Cl)cc1,Fragment,19.478989,-27.312405
CC(=O)NC(C(=O)O)c1ccc(O)cc1,Fragment,20.272108,20.555073
O=C(O)c1ccccc1NCCO,Fragment,22.128893,3.5510354
Oc1ccc(Cc2ccccc2)c(O)c1,Fragment,33.98278,21.634459
Cc1ccc2[nH]c(NCCCO)nc2c1,Fragment,6.527202,-24.894505
O=C1C2CSCN2C(=O)C2CCCN12,Fragment,-15.126952,-6.129494
Brc1ccc(Oc2cccnc2)cc1,Fragment,59.318325,8.529747
O=C(O)c1cnnn1-c1ccccc1,Fragment,36.051727,-12.21769
CC12CCC(C(=NO)C1=O)C2(C)C,Fragment,-22.100475,-8.305824
FC(F)c1cn(-c2cccc(Cl)c2)nn1,Fragment,18.440533,-38.694782
C1=CC2OC2C=C1,Fragment,-31.782612,-3.981348
S=c1[nH]nc(CCC2CCCCC2)[nH]1,Fragment,-23.676569,-25.775072
Cn1sc(=O)n(Cc2ccccc2)c1=O,Fragment,33.156982,-16.011766
NC(C(=O)O)c1c(Cl)cnn1O,Fragment,-34.89023,41.834984
CC#CCC(CC(N)C(=O)O)C(=O)O,Fragment,-40.21563,36.23441
O=C1CCCc2ccncc21,Fragment,60.97586,2.2708743
CC1Cc2[nH]nc(-c3nn[nH]n3)c2C1,Fragment,-15.938952,-25.578321
CN(C)CCC(=O)c1cccs1,Fragment,2.012722,31.958479
CSC1OC(CO)C(O)C(O)C1O,Fragment,-42.986324,-19.934834
O=C1NC(=S)SC1=Cc1cccnc1,Fragment,61.929108,0.9057505
NC(=NCc1ccco1)c1ccncc1,Fragment,40.893764,6.4335613
CC1=COC(c2ccccc2)C(C)C1O,Fragment,48.246265,-20.571081
CC1Cc2cc(N)cc(C(N)=O)c2O1,Fragment,-9.448579,10.246198
O=C1C=C(Br)C(=O)N1Cc1ccccc1,Fragment,32.770138,-15.310434
CCCOC(=O)NC1CCS(=O)(=O)C1,Fragment,-21.484837,21.337576
CC(C)(CO)C(O)C(=O)NCC(=O)O,Fragment,-34.20218,25.54196
CSc1ccccc1NC1=NCCO1,Fragment,47.718254,-13.541481
CCCCCCCCCN=C(N)N,Fragment,-59.337475,-1.8218088
COC1=Nc2ccccc2N2CCN=C12,Fragment,46.143345,-10.253562
O=Cc1cc2ccccc2[nH]c1=O,Fragment,33.65358,-1.5976553
CCCC(=O)c1ccc2c(c1)OCCO2,Fragment,6.0121427,5.5524774
COC=CC(=O)c1ccccn1,Fragment,12.861459,29.06116
CCOc1cc(C)ncc1C(N)=O,Fragment,-12.298365,34.19401
Nc1ccc(C(=O)c2cccs2)cc1,Fragment,6.6574707,30.296455
CC1(C)C(=O)N(CCO)CC(=O)N1Cl,Fragment,-9.894856,-2.0234542
Cc1ccc2[nH]c(C(C#N)=NO)nc2c1,Fragment,6.594669,-26.233585
CC(=O)NC=Cc1ccccc1O,Fragment,24.217192,9.23498
CC(N)C(=O)NC(=CCl)C(=O)O,Fragment,-36.234264,32.976772
Oc1cccc2ccc(Br)nc12,Fragment,44.924755,5.097993
Cc1c(O)ccc2cnn(CC(C)N)c12,Fragment,6.962691,-13.556741
CCCCCCCCN1CCCC(=O)N1,Fragment,-64.59444,-8.570708
CCN(CC)C(=O)c1ccccc1N,Fragment,29.260237,9.678552
CCc1ncc(C(=O)NC(C)(C)CC)s1,Fragment,-3.9445124,28.379745
O=C(O)CCc1c[nH]c2ccccc12,Fragment,33.368805,12.671426
CN(C)C(=O)Nc1ccc(F)cc1F,Fragment,15.6136675,-12.953169
COC(=O)C=Cc1ccc2c(c1)CCC2,Fragment,-14.920574,21.179264
CC(C)CC(NC(=O)CN)C(=O)O,Fragment,-36.642136,31.872208
CN(C)CC#Cc1n[nH]c2ccccc12,Fragment,36.9649,12.815079
C#CC(O)COc1ccc(COC)cc1,Fragment,25.111494,29.998072
C#Cc1cncc(C2CCCN2C)c1,Fragment,67.65916,0.33598143
CCCCN(C)N=O,Fragment,-56.017067,-4.5131025
CCN1C(=O)C2C3CCC(O3)C2C1=O,Fragment,-14.34409,-2.6373584
CC1(COS(N)(=O)=O)CCCCC1,Fragment,-26.844732,-3.4465334
Sc1ncnc2[nH]c(-c3cscn3)nc12,Fragment,-3.701049,-14.594382
Cc1ccc(S(=O)(=O)C2CC2(Cl)Cl)cc1,Fragment,12.869551,-12.890994
ClCCOCC1CO1,Fragment,-44.942333,5.095559
CCC(C)OSSOC(C)CC,Fragment,-43.736282,-0.11399103
CCSCC(N)C(=O)O,Fragment,-39.409985,36.383793
CC(=O)c1c(C(=O)O)[nH]c(C(=O)O)c1C,Fragment,-9.4547825,17.531279
N#CCCN1CCN(CCC#N)C1=S,Fragment,-37.313587,-11.259727
COc1ccc(C(=O)O)c(O)c1OC,Fragment,19.13891,35.004208
O=C(OCCCl)c1cnccn1,Fragment,-4.6640134,33.014587
CCC(C)N1CC(C(=O)O)CC1=O,Fragment,-18.131187,3.7016788
Cc1n[nH]c(=O)n1N1C(=O)CCCC1=O,Fragment,-9.050576,-11.423719
Cc1ccc(NCc2ccoc2)cc1,Fragment,12.421701,-22.72045
Cn1c(Br)nc2c(Br)c(Br)c(Br)c(Br)c21,Fragment,-3.3312585,-23.77706
NS(=O)(=O)Oc1cccc(I)c1,Fragment,18.73022,-8.919956
NS(=O)(=O)Oc1cc(F)ccc1F,Fragment,17.273563,-12.176538
O=C1CCC(=O)N1c1ccc(Cl)c(Cl)c1,Fragment,22.120949,-41.04487
CC(CS)C(=O)N1C(C(=O)O)CC2CC21,Fragment,-23.004337,8.111465
CC(C)[SH](O)CCCCCCN=C=S,Fragment,-42.097675,-2.595051
S=C(S)N1CCNCC1,Fragment,-36.547356,-27.720194
C(=CC1CCCCN1)c1ccccc1,Fragment,52.09829,-22.669699
C=CCn1c(=O)oc(=O)c2ccccc21,Fragment,39.549656,-15.531605
C=CCOC(=O)c1ccco1,Fragment,18.316916,11.859403
OCCN=C(S)c1ccccc1,Fragment,28.194014,-1.4383932
CC(C)(C)c1ccc(O)c(C=NO)c1,Fragment,18.560818,39.162045
CCCn1cnc2c(N(C)C)ncnc21,Fragment,-2.5437024,-19.920944
CCCCNC(=O)n1cncn1,Fragment,-65.633804,6.918268
ClC(Cl)=C(Cl)C(Cl)=C(Cl)Cl,Fragment,-33.053238,-2.7393377
N#Cc1cc2cc(Cl)cnc2nc1O,Fragment,9.029301,-33.212933
Cc1ccc2c(c1)NC(=O)CO2,Fragment,-1.5902096,-8.06524
NNC(=O)c1csc(N)n1,Fragment,-2.8626664,27.252352
CC(COS(N)(=O)=O)COS(N)(=O)=O,Fragment,-35.13555,3.7245677
CCC(C(=O)NC)N1CC(CI)CC1=O,Fragment,-18.294056,3.7161527
CCc1cncc(C2CCCN2C)c1,Fragment,67.44968,0.39504722
CC1CC(N)=NC2CCCCCC12,Fragment,-20.527203,-26.826485
Cn1nnnc1SCc1ccc(Cl)cc1,Fragment,22.113081,-35.788887
CC1Nc2cnccc2NC1=O,Fragment,62.48869,1.5594915
O=NN(C1CCCCC1)C1CCCCC1,Fragment,-28.749329,-22.958803
O=C1Nc2c(F)cccc2C1=O,Fragment,30.27251,-19.969753
O=c1oc(CCO)cc2ccccc12,Fragment,40.00819,-14.989635
NCC12C3C4C5C3C1C5C42,Fragment,-31.592495,-9.840696
NC(CS)c1ccccc1,Fragment,29.22555,-8.4815
CC1Cc2c(cc(N)nc2Br)NC1=O,Fragment,-3.623309,-10.102961
C#CCOC1CN=CNC1,Fragment,-22.274868,-21.809883
Clc1ccc2oc(-c3cccs3)nc2c1,Fragment,14.942648,-34.22342
COC(=O)CN(CC1CCOC1)C1CC1,Fragment,-21.241901,18.744978
CCOc1ccc2[nH]c(S)nc2c1,Fragment,7.760075,-19.437225
CCCCCC1CCC(=O)O1,Fragment,-62.933815,-10.995039
COc1nc(OC)c2scc(Br)c2n1,Fragment,0.93041736,-26.46114
CC1NCCCC1c1c[nH]cn1,Fragment,-13.197704,-27.46815
CCC(=O)C(=O)O,Fragment,-31.927132,19.535597
O=S1(=O)N2CN3CN(C2)CN1C3,Fragment,-23.726656,-19.24725
CCCCCCNCC(=O)C(F)(F)F,Fragment,-64.84042,5.945783
O=C(O)C1NCCC1c1ccccc1,Fragment,49.093037,-25.154589
O=C1C=CC(=O)C1(Br)Br,Fragment,-7.035111,-5.393984
CC(C)CCc1ccc(C(=O)O)c(O)n1,Fragment,6.633719,10.791356
N#CC(C#N)=Cc1ccc(C=O)cc1,Fragment,16.025127,-4.0843015
CC(C)Cn1cc(C(=O)CF)cn1,Fragment,-3.0190053,11.341512
O=C1CSC(Nc2n[nH]c(=S)s2)=N1,Fragment,-13.815972,-13.468147
CCc1ccc(C(C)CC)oc1=O,Fragment,-14.216242,2.6064556
COc1cccc2c1N(O)C(=O)C(N)C2,Fragment,24.644676,45.36995
O=Nc1ccc(N(CCCl)CCCl)cc1,Fragment,28.305317,-16.33472
O=C(O)C1CSCN1,Fragment,-16.860981,12.609345
CCCCC(CC)C(N)P(=O)(O)O,Fragment,-59.185757,6.7044053
Cc1cc(OCC(O)CO)cc(C)c1Cl,Fragment,10.735197,-9.961555
Cc1ccc(Nc2nc(C)cs2)nc1,Fragment,8.234049,-22.762384
OC(c1ccccc1)C1CNC1,Fragment,48.95324,-23.581783
CC(C)NC1Cc2cc(O)c(O)cc2C1,Fragment,41.761017,24.20035
NC(=S)c1cccs1,Fragment,6.9513364,31.59214
C#CC1NC(=O)C1N(CC)CC,Fragment,-13.057496,-0.36094478
CCN1CCCC1c1cccnc1,Fragment,63.765163,4.35219
Cc1cc(NC(=O)Nc2cccs2)no1,Fragment,2.3436143,29.506971
NC(CC1CCCCC1)C1CCCCC1,Fragment,-26.407837,-23.251318
CC1CCC2C(C)(C)CC3(C)CC=CC123,Fragment,-25.227417,-12.745512
CC(=O)c1sc(C)nc1C,Fragment,-5.4532285,22.007723
c1c[nH]c(CN2CCOCC2)n1,Fragment,-38.119617,-32.53429
CN(C)C(=S)S,Fragment,-48.412613,-9.455661
CNC(c1ccccc1)C1COCOC1,Fragment,48.27341,-19.19515
CSC(C(=O)O)C(O)C(=O)O,Fragment,-38.179214,27.96617
COc1ccc(C(C)=NNC(N)=S)cc1,Fragment,24.187815,32.083412
Cc1cc(Cl)c(O)c(CN)c1,Fragment,35.973824,30.40971
CN(c1ccccc1C(=O)O)S(C)(=O)=O,Fragment,19.851477,1.7030674
c1ccc(CSC2CCCCC2)nc1,Fragment,57.73186,-4.8294196
CSC1=NCCN1C(=O)Cc1cccs1,Fragment,1.3527673,31.790344
Cc1ccc(OC(=O)CC(C)C)cc1,Fragment,3.8836527,24.15112
CCCc1c(N)ccc2cnccc12,Fragment,44.746315,8.723252
c1ccc2c(c1)CCC1(CCCN1)C2,Fragment,48.36725,-16.759605
CCCCC(CC)COS(=O)(=O)O,Fragment,-64.13034,0.34426573
CC1CN(C(N)=S)N=C1c1ccccc1,Fragment,44.844894,-13.37288
COc1ccc2nccc(C(N)=O)c2c1,Fragment,15.556317,32.88989
CC(NC(=O)C(N)CN)C(=O)O,Fragment,-37.758904,34.380527
NC(=O)c1ncn2c(=O)n(CO)nnc12,Fragment,-6.5410056,4.4748693
CCCN1CC(O)C(O)C(CO)C1,Fragment,-42.58252,-23.473392
C=CN1CCCCCC1=O,Fragment,-16.262392,-11.3035145
Cc1c(C)n(O)c2ccc3nonc3c12,Fragment,5.374472,-20.55632
Cc1occc(=S)c1O,Fragment,8.699058,-5.715629
O=C(NC1CCCCC1)N1CCCC1,Fragment,-22.488998,12.8459425
CCC(C)C(N)C(=O)O,Fragment,-38.68879,33.19716
NCC1(CC(=O)O)CCc2ccccc21,Fragment,46.57618,-29.61537
O=C(O)c1ncccc1S,Fragment,6.7291045,19.99205
O=C1CN(Cc2ccccc2)N=N1,Fragment,33.060547,-15.2078905
O=S(=O)(O)c1cc(O)ccc1O,Fragment,16.353819,-7.0423107
CN(N=Cc1ccccn1)C1=NCCN1,Fragment,51.071075,-8.52407
c1ccc(-n2ncc3cccnc32)cc1,Fragment,47.93427,-4.7721486
Cc1sc2c(c1C)CN1CC(=O)NC1=N2,Fragment,-8.7367525,-11.001336
CCOP(=O)(OCC)C(N)C(C)(C)C,Fragment,-52.006516,15.647944
CCCNC(=O)Nc1ccc(F)c(Cl)c1,Fragment,20.5196,-26.303951
CCCCCCC1CCCC(=O)O1,Fragment,-63.286106,-11.491911
CN(C)CCCc1ccc(Cl)cc1,Fragment,22.0211,-32.484074
CCOC(=O)C1Cc2ccccc2CN1,Fragment,-15.640897,37.453636
CC(CN)C(=O)O,Fragment,-37.236557,31.023018
CN1CCC2c3ccccc3CCC2C1,Fragment,54.186832,-15.938677
NC(=O)NC1CCC(=O)c2sccc21,Fragment,3.5752597,35.161396
Nc1ccc(O)c(Cn2cccn2)c1,Fragment,34.32731,17.900476
COc1ccc2c(c1)C1NCCCC1C2,Fragment,27.66807,46.171505
O=C1Nc2ccccc2N2CCNCC12,Fragment,40.260895,-22.930832
C=C(CNNCC)c1ccc(F)cc1,Fragment,16.545486,-15.396402
NCC(=O)SCC(=O)O,Fragment,-38.489483,23.081825
N#Cc1ccc(N=c2ssnc2Cl)cc1,Fragment,4.537883,-35.23768
NC(CCc1ccccc1)C(=O)O,Fragment,-13.816657,49.45379
O=c1[nH]c2sccc2c(=O)n1O,Fragment,-1.3259525,-0.52114594
CC(=Cc1ccccc1)C(O)S(=O)(=O)O,Fragment,25.807089,8.006174
CCC(=O)OCOC(=O)C1=CCNCC1,Fragment,-15.2385,25.832073
C[SH](C)C,Fragment,-36.549,-2.9213026
CC(=O)NC(C)COc1ccccc1,Fragment,20.481108,7.1704297
O=C(O)c1cscn1,Fragment,4.79973,19.638258
Cc1ccc(OCCc2c[nH]cn2)cc1,Fragment,0.38222557,3.2635293
NCCCCC1NC(=S)NC1=O,Fragment,-9.5045185,-5.851044
CC(=O)NNc1ccccc1S(N)(=O)=O,Fragment,24.498428,9.95868
CCC#CCOC(=O)C1CN=CNC1,Fragment,-16.650852,27.722202
OCC(Br)=C(Br)CO,Fragment,-43.290733,-8.127058
NC1CCCc2cc(F)ccc2C1O,Fragment,19.412348,-20.806303
c1csc(CNCc2ccncc2)c1,Fragment,53.95498,11.002965
O=C(O)c1c(F)c(F)cc(F)c1F,Fragment,6.003819,15.1096
CC1=CC(O)C2CC1C2(C)C,Fragment,-24.875933,-8.402512
c1ccc2c(c1)Cc1ccccc1C2,Fragment,47.07901,-16.069572
CN(N)c1nnc(-c2ccccc2Cl)s1,Fragment,33.23721,-10.683453
CCSC1=NC(C)=CC(C)(C)N1,Fragment,-7.7525043,-15.942668
CON=CC(C)=Cc1ccco1,Fragment,8.85157,2.0557559
CCOC(=O)Cn1ccnc1,Fragment,-19.55469,29.39915
CC(CCN(C)C)=NO,Fragment,-50.720726,-8.3236475
CC(=Cc1c[nH]c2ccccc12)C(=O)O,Fragment,24.675148,7.3406653
OCC12C=CC(C1)c1ccccc12,Fragment,44.85748,-23.27396
Oc1nc(O)c(Br)c(N2CCCC2)n1,Fragment,-12.239028,-34.223625
CC(F)C1CNCC(O)C1O,Fragment,-38.55812,-21.46985
c1ccc2c(c1)CC(C1=NCCN1)S2,Fragment,50.585667,-9.805715
CC(C)OC(=S)n1ccnc1,Fragment,-21.186344,26.140455
O=C(O)C1CCCNC1,Fragment,-18.307306,13.778512
NCc1cc(I)cc(I)c1O,Fragment,34.4294,29.134346
C=C(CNN)c1ccc(F)cc1,Fragment,16.669628,-15.471714
NCCc1cccc(O)c1,Fragment,33.32748,23.311869
COP(=O)(NC(C)=O)SC,Fragment,-47.70619,10.166895
Nc1ncccc1C(=O)O,Fragment,7.395102,20.663263
Cc1ccc(O)c(N)c1,Fragment,9.639923,-7.7290373
Brc1c2ccccc2cc2ccccc12,Fragment,35.913216,-2.8368516
COC(=O)COc1nc(C(C)C)no1,Fragment,-24.804026,27.42048
Cc1ccc(C#N)cc1,Fragment,3.3319535,-33.83974
Nc1nnnn1-c1ccccc1,Fragment,35.45033,-9.975654
C=CCCCN1CCCCC1=S,Fragment,-16.616182,-11.688698
NCc1ccc(-c2ccc(Cl)cc2)cc1,Fragment,24.729925,-32.9623
NCC(O)c1cccc(O)c1O,Fragment,35.993465,20.972895
CC(COc1cnc(Cl)c(Br)c1)N(C)C,Fragment,46.969517,16.057293
NNc1ccc(-n2cccc2)nn1,Fragment,35.89183,-9.209231
C=CC(=O)NC(C)C,Fragment,-28.077768,28.488607
CNCCSS(=O)(=O)CCNC,Fragment,-33.785183,4.17894
CCOC(=O)CSc1nnc(N)s1,Fragment,-13.539407,32.096916
COc1ccc(CCCN(C)C)cc1Cl,Fragment,48.9431,18.122208
CC(C)(C#N)C(C)(C)C#N,Fragment,-37.98393,-8.098527
Cc1cnc2c(c1)CCC2C(N)=S,Fragment,-8.246331,-44.105045
C=C(C)C(=O)OC(C)C,Fragment,-28.649843,27.666624
COC(=O)c1cc2cccnc2[nH]1,Fragment,13.091814,29.583412
CCCCCCOC(C)=O,Fragment,-65.77117,2.3881063
C=C(C)C(=O)OCC,Fragment,-20.650307,32.69271
CC(N)C1CC2CCC1(C)C2(C)C,Fragment,-27.307402,-14.507657
CN(C)c1ccc(O)cc1,Fragment,8.922773,-4.5310583
Cc1cccc2c1CC(N)C(=O)N2O,Fragment,59.45858,-13.892437
S=c1ssc2c1CCCCCC2,Fragment,-17.337847,-13.556812
OC1CCCN(C(=S)S)C1,Fragment,-33.47134,-26.375704
CON(C)C(=O)Nc1ccc(Br)cc1,Fragment,12.874897,4.7862177
CC(=O)Cn1c2c(sc1=N)CCCC2,Fragment,-18.160788,-2.3337772
NCCC1CN=CN1,Fragment,-22.683355,-23.405828
CCC1(C)N(C)C(=NC#N)NP1(=O)O,Fragment,-11.07524,-0.58798975
NCCC1CCCC(CCN)N1,Fragment,-24.464403,-24.297028
O=C(O)C1CCCCN1C(=S)S,Fragment,-22.969122,11.632013
CN(C)CCOC(=O)c1cccc(Br)c1,Fragment,8.893917,7.6060634
CCCCCON=O,Fragment,-63.07144,-0.79859376
O=C(O)C=CC(O)c1ccc(Cl)cc1,Fragment,15.967386,-28.074787
OCCNc1nc2cc(Cl)ccc2[nH]1,Fragment,11.774448,-36.14841
COCCc1ccc(O)cc1,Fragment,25.393251,28.752443
O=C1C=C2C(=NC(C(=O)O)C2O)C=C1O,Fragment,-12.325568,12.038103
CC(=O)N(O)CCc1ccccc1,Fragment,24.934477,2.176638
Cc1cc(-c2ccc(Br)cc2)[nH]n1,Fragment,4.0003166,-9.87879
NC1=Nc2cccc3cccc1c23,Fragment,38.57928,1.2580553
O=C(Cn1ccccc1=O)c1cccs1,Fragment,4.818336,29.814108
CC(C)Cc1cc(I)c(O)c(CN)c1,Fragment,33.496696,29.093004
NC(=O)C1ONC(=O)C1N,Fragment,-9.743531,7.885789
NC(C(=O)O)C1C(C(=O)O)C1C1CC1,Fragment,-45.722725,33.595837
CN(C)CCOCCO,Fragment,-51.973038,-7.9139166
COc1cccc2ccc(C)nc12,Fragment,26.987629,39.909607
Cc1nc(N)nc(C(F)(F)F)n1,Fragment,-1.7629185,-28.00238
CNc1ccc(C=C2C=CC=C2)cc1,Fragment,10.336031,0.052415326
CCCCCCCN,Fragment,-62.513542,-3.8497164
CC(C)OCC(O)CN1CCNCC1,Fragment,-38.069286,-26.653118
Cc1cc(C)n2c(C)nnc2c1,Fragment,3.63857,-21.77608
Fc1c(F)c(F)c(C(F)(F)F)c(F)c1F,Fragment,-32.855736,-5.7425256
CN(C)C1Cc2cccc3ncn(c23)C1,Fragment,54.515167,-12.505504
CN(C)CCCC1CSSC1,Fragment,-33.258278,-14.931616
CC12CCC(C1)C(C)(C)C2O,Fragment,-26.043743,-11.233685
CC(=O)c1ccc(C(C)=O)cc1,Fragment,13.510127,11.083601
CC(NC(=O)C1(C)CC1(Br)Br)C(C)(C)C,Fragment,-32.069782,27.37013
CCCCC(CC)C(=O)O,Fragment,-62.80525,9.119943
Cc1cc(C)c(NC(=O)C(C)N)c(C)c1,Fragment,2.0988472,24.675377
CC(C)(CO)COC(=O)C(C)(C)CO,Fragment,-30.20725,21.20096
Cn1cc(-c2cc(C(=O)O)ccn2)nn1,Fragment,1.9911326,15.423993
COC(=O)C=Cc1c(C)nc(O)nc1O,Fragment,-9.954334,28.372818
CC(C)(C)c1ccccc1NC(=O)CN,Fragment,24.320946,11.668055
CCOC(=O)N1CCN(C=S)CC1,Fragment,-18.552683,34.747276
CCCOc1ccccc1C1CC1CN,Fragment,49.66157,-31.666893
C=C(COCO)C(C)=O,Fragment,-29.850348,22.839731
COc1ccc2c(c1)C(N)CC2=O,Fragment,25.744514,44.576412
CC1=NC2C(OC(CO)C(O)C2O)S1,Fragment,-43.588818,-20.390903
Nc1nc2ccc3c(c2s1)CNCC3,Fragment,32.605476,-41.71872
N#Cc1cccc(C=NNC(=N)N)c1,Fragment,10.002761,35.596157
CC(=O)OCOC(=O)C1=CCNCC1,Fragment,-15.187495,25.65376
CC(=O)CCc1ccccc1,Fragment,24.640575,2.3338501
CCC(=O)Nc1ccc(S(N)(=O)=O)cc1,Fragment,10.790536,4.4684944
Cn1cc(Cc2ccccc2)nc1N,Fragment,31.047232,-10.699398
CCOC(=O)C(N)CSC(=O)NC,Fragment,-23.349932,36.493423
Cc1ccc2c(O)c(C)c(O)nc2n1,Fragment,7.957313,-14.55805
Cc1ccc2c(c1)sc1nncn12,Fragment,4.3634844,-22.268604
CC=CC1OC(=O)C=CC1O,Fragment,-18.578863,-6.120986
CN(C)C(=S)SC(=S)N1CCCCCC1,Fragment,-35.18198,-27.216791
Oc1oc2ccccc2c2nccc1-2,Fragment,47.38873,2.4120731
CCN(CCN)c1cccc(C)c1,Fragment,23.447874,-12.056777
CN(C)C=NS(=O)(=O)c1ccc(Cl)cc1,Fragment,19.68268,-32.077076
Nc1cccc(CC(=O)O)c1,Fragment,12.024449,15.274914
CCCCCCCCN=C(N)NC,Fragment,-58.98819,-1.6673265
NCCCC(=O)NCCN,Fragment,-41.74993,18.06271
N#CC1Nc2ccccc2C(O)C1O,Fragment,45.959316,-21.923521
O=C1OC(c2ccc(Cl)cc2)C(=O)C1=O,Fragment,17.842607,-35.935505
CSCC1OC(CP(=O)(O)O)C(O)C1O,Fragment,-51.406605,7.6690726
CCOC(=O)C(Br)c1ccccc1,Fragment,-14.1970215,38.41211
COc1ccc(CC=C(C)CCO)cc1,Fragment,25.69413,32.804527
CC(C)(CN)c1cnc[nH]1,Fragment,-6.9997745,-19.73621
COc1ccc2c(c1I)C(=O)C=CC2=O,Fragment,26.4694,38.666183
O=Cc1cc(OP(=O)(O)O)ccc1O,Fragment,21.953568,34.855015
N#Cc1cnn2c1ncc1cccnc12,Fragment,48.434067,-3.4977565
CC1(C)C(O)C(C)(C)C1O,Fragment,-25.814598,-10.067589
CC1=NCC(CCN)N1,Fragment,-21.751266,-23.861341
Cc1ccc(C2CCCN2C)o1,Fragment,-1.838681,-41.712143
NC(=O)NN=C1CCn2cccc21,Fragment,20.630608,12.418864
CC(=N)OC1CC2CCC1(C)C2(C)C,Fragment,-26.560299,-11.483783
c1cncc(C2CCCN2)c1,Fragment,59.798077,4.8512006
CCOCCOC(=O)CCC(=O)CN,Fragment,-20.909979,34.86889
N=C(NO)NN=Cc1ccccc1,Fragment,29.580729,1.7270973
C=CCNc1nc(C)nc(OC)n1,Fragment,-9.117311,28.56811
Nc1nc(COC(=O)c2ccco2)cs1,Fragment,7.9808292,26.09324
O=C(Nc1ccccc1)c1cccnc1,Fragment,59.757526,12.111029
NCc1nc(-c2ccc(F)cc2)no1,Fragment,17.906513,-16.00098
CCC(C)(O)C(=O)Nc1ccccc1Cl,Fragment,22.91014,10.554052
Nc1nc2[nH]cnc2c(=NO)[nH]1,Fragment,-3.5083666,-14.718585
CCC(C)C(N)C(=O)OC(C)(C)C,Fragment,-31.779177,31.133724
CC(C)CC(S)C(=O)O,Fragment,-36.600346,28.829803
COC(=O)CNC(=O)NC1CCCCC1,Fragment,-21.440828,17.486803
CC1OC(CC2=CCCCC2)C=CC1=O,Fragment,-17.382109,-7.234091
CC1CC(O)C2OC2C1O,Fragment,-40.0958,-19.778585
Brc1cn(Cc2ccccc2)nn1,Fragment,31.983257,-13.580305
N=C(N)NN=Cc1ccsc1,Fragment,9.246405,37.557316
CC(NCc1cccs1)c1ccccc1,Fragment,26.93149,-10.748158
CC(C)CC(N)C(C)O,Fragment,-43.722393,-1.9506906
CNC(=O)NC,Fragment,-27.737665,24.907618
Cc1ccc(SCCNCCCN)cc1,Fragment,-2.138627,44.826527
CNC1C2C=CC(C2)C1C(=O)O,Fragment,-15.716121,9.653544
CN=C(NCC1CC1)C(Cl)(Cl)Cl,Fragment,-32.451218,-19.058847
CCC1Cc2ccc(C(C)C)c(O)c21,Fragment,40.87236,23.515259
CCNc1ccc(NC2=NCCN2)cn1,Fragment,53.242657,-7.21919
CN1CCCC1(O)c1cccnc1,Fragment,63.267723,5.8813243
Cc1cnc(-c2ccccc2)o1,Fragment,44.943092,-3.7929778
CCC(C)(CCCC(C)C)OC(C)=O,Fragment,-31.955736,29.71866
C=CCC(N)C(=O)O,Fragment,-42.394245,36.49099
O=C(O)c1cnc(OCC2CC2)c(Cl)c1,Fragment,11.998943,-27.80187
COC(C=C(C)CCC=C(C)C)OC,Fragment,-46.566853,-0.32255462
NC1CC1(F)c1ccc(F)cc1,Fragment,33.837067,-36.727856
CC(CCOC(=O)C1CC1)N(C)C,Fragment,-23.501415,29.20107
CNC1COc2ccccc2C(O)C1,Fragment,48.452698,-19.554317
CNCCCOc1ccc(C)cc1Br,Fragment,44.569126,16.104177
COC(=O)Cc1c(C)[nH]c2ccccc12,Fragment,34.561813,13.004686
O=C(OC1CCC1)c1cccc(S)n1,Fragment,43.268066,-26.638933
Oc1ccc2c(c1)CCCC21CCNC1,Fragment,31.153408,-41.11075
Cc1nnc2nc3ccccc3n2c1O,Fragment,40.709255,-2.048536
CCN(C(=O)CN)c1c(C)cccc1C,Fragment,29.385683,11.167762
CCN1CCN(C(=O)C(C)(C)C)CC1,Fragment,-29.009827,18.868555
NCCCCNOCCCN,Fragment,-27.963406,-0.039088093
C=CC(=O)OCCCCO,Fragment,-32.005432,24.232565
NCC(N)CCCCc1ccccc1,Fragment,28.676977,-9.891536
C#CCCCC(=O)Nc1ccccc1,Fragment,21.732859,4.943483
CN1CCN(c2cc(N)nc(N)n2)CC1,Fragment,-4.651946,-30.481262
COC(=O)C1(SC)C2CCC3C2CCC31,Fragment,-19.815619,18.68189
CC1SC(OP(=O)(O)O)C(O)C(O)C1O,Fragment,-50.086735,8.582279
N#CC(C#N)=CNc1cccnc1,Fragment,58.56528,10.204628
CC(C)(C)N=C(N)Nc1ccccc1I,Fragment,23.874475,12.557171
CCCCn1c(=O)[nH]c2[nH]cnc2c1=O,Fragment,-6.971548,-0.46543244
CN1CCN=C1Cc1ccc(Br)nc1,Fragment,-8.46995,-26.537355
Oc1ccc(CNC2CCCCC2)cc1,Fragment,-26.539581,-30.166643
CCN1C(=O)C(Cl)=C(Cl)[SH]1O,Fragment,-11.919529,-2.1727526
Oc1cccc2ccc(F)nc12,Fragment,44.86414,5.463589
CN(CC1CCOC1)c1ncc(Br)cn1,Fragment,-9.60901,-26.351948
NC(C(=O)O)C(CC(=O)O)C(=O)O,Fragment,-41.95511,34.291954
CC(C)(NC(=O)CP(=O)(O)O)P(=O)(O)O,Fragment,-52.03539,13.103322
O=C1C(=O)N(CO)c2ccccc21,Fragment,37.987576,-16.197266
Cc1ccc2c(c1)C1CNCC1C2C,Fragment,22.634789,-17.000687
CC(=NO)C1C(=NO)CC2C1C2(C)C,Fragment,-23.791883,-9.691836
CC(C)c1nsc(N2CCSCC2)n1,Fragment,-16.87755,-32.11696
Clc1cc2nc(C3CC3)[nH]c2cc1Cl,Fragment,10.339085,-35.409958
C=CCNc1nnc(Cl)c2ccccc12,Fragment,33.25722,-6.3116407
Cc1cccc(C(=O)O)c1O,Fragment,13.15876,13.614778
Nc1ccc(C(=O)O)c(Br)c1,Fragment,9.654343,16.279842
NC(CCC(=O)CCl)C(=O)O,Fragment,-41.53538,36.639374
COC(=O)NCc1c[nH]c2ccccc12,Fragment,34.619995,12.842798
CN1CC=C(C#CC(C)(C)O)CC1,Fragment,-19.464676,-20.63706
CCN(C)CCOc1ccc(Br)nc1,Fragment,47.39911,14.715407
Nc1cc2ccccc2[nH]1,Fragment,36.210903,-1.7083892
NCC(=CF)c1ccc(O)c(O)c1,Fragment,33.399582,24.731876
CCCCc1cc(I)c(O)c(CN)c1,Fragment,33.670094,30.544607
O=C(NN=C1NCCN1)c1ccco1,Fragment,18.628572,10.123954
CCCc1cc(CN)c(O)c(OC)c1,Fragment,32.879177,33.41653
CN(C)CCCOc1ccc(Cl)cc1Br,Fragment,48.051956,16.586143
OCC(O)C(O)CO,Fragment,-44.28646,-7.7926083
C#CCN(N)Cc1ccccc1,Fragment,26.341372,-6.5319905
Clc1cccc(Cl)c1CNC1CCCC1,Fragment,31.54512,-27.55439
CCCCC(=O)P(=O)(O)OC,Fragment,-61.96234,5.2743597
Cc1cc2c(c(=O)n1C)SCC2,Fragment,-10.785367,-10.6489525
CC1CC(CN)(CC(=O)O)CC1C,Fragment,-27.057411,15.492319
CC(C)(C)S,Fragment,-37.826466,-2.0689633
CC(=N)NCC[SH](O)CC(N)C(=O)O,Fragment,-37.992214,36.92798
Cc1ncc2c(n1)-c1ccccc1C2,Fragment,46.222424,-3.3760977
Cc1ccc(OCCN2CCCC2)cc1,Fragment,0.25932148,-40.518032
N=C(N)COc1cccc(Cl)c1,Fragment,27.232315,-28.346092
NC1=CC(=O)C(N)=CC1=O,Fragment,-5.7734756,-5.276892
COCC[SH]1CC(O)C(C(O)CO)C1,Fragment,-45.69284,-15.470457
OCC1CNCCC1c1ccc(F)cc1,Fragment,34.54643,-37.564632
CC(=O)NC(Cc1ccccc1)C(C)=O,Fragment,24.352121,3.5861223
ClC=CCCl,Fragment,-36.29834,-6.515094
O=C(N=CNNC(=O)NO)NO,Fragment,-38.327133,19.43158
Cc1[nH]c2c(C)cccc2c1CC(=O)O,Fragment,15.800086,14.30705
CC1=CC(c2ccc(Br)cc2)NC(=S)N1,Fragment,3.5648165,-9.7415695
COC1=CC2=NCCc3n[nH]c(c32)C1=O,Fragment,-9.9355545,-12.019672
N=C(N)NCCCC(=O)O,Fragment,-43.73017,21.122665
Ic1cncc(C2CC3CCC2N3)c1,Fragment,-9.836762,-39.083164
Oc1nnc(C2CCCNC2)o1,Fragment,-13.958706,-23.962618
CNCc1ccc(Cl)cc1Cl,Fragment,23.06502,-27.411652
Cc1ccccc1C1CC1CN,Fragment,50.251076,-31.776808
Cc1ccsc1-c1cncc(Br)c1,Fragment,4.259261,-10.625538
Clc1ccccc1N=Nc1ccccn1,Fragment,51.24519,-2.7821083
CC1=CN2CC(=O)NN=C2C=C1,Fragment,-8.262308,-10.910913
Cc1ccc(C2=CCNCC2)cc1,Fragment,22.685005,-17.821377
CC(C)CN1Cc2nc(N)ncc2C1=O,Fragment,-4.7060585,-2.148068
C1CN=C(C2=NCCCN2)NC1,Fragment,-16.646118,-16.996758
CCCCCC1CCCC(=O)O1,Fragment,-63.234516,-11.618239
CC(NC1CCCC1)=C(C#N)C(N)=O,Fragment,-23.025793,15.680798
Nc1cc2[nH]cnc2c(=O)[nH]1,Fragment,-4.2746587,-12.89963
O=C(O)CCCc1nnc(S)[nH]1,Fragment,-40.13008,23.37209
Cc1ccc(C(=O)NCc2ccco2)o1,Fragment,17.15506,10.60727
Cc1cc2c([nH]c3ccccc32)c(C)n1,Fragment,42.47173,-3.3533792
O=C1NC(O)n2c(=O)[nH]c(=O)n21,Fragment,-11.577209,-5.3642135
CCCOC(=O)C1CN=CNC1,Fragment,-16.633902,27.78699
CC(=N)N1CCC(C(CS)C(=O)O)CC1,Fragment,-23.367844,8.538423
O=C1NC2OCC(O)C(O1)C2O,Fragment,-19.220964,-5.273412
C=CCC(CC)(CC)C(N)=O,Fragment,-30.878466,17.66575
NCC(=O)N(O)Cc1ccccc1,Fragment,23.560883,-0.87233835
CCOC(=O)CCSc1nnc(S)s1,Fragment,-13.271123,32.531136
C1=CN2CCN=C2CS1,Fragment,-15.743044,-33.21398
C=C1CCc2cc(OC)ccc2C1,Fragment,27.690184,44.19927
Nc1nc(N)nc(NCCCO)n1,Fragment,-1.0049611,-13.816521
O=C(c1cccnc1)N1CCOCC1,Fragment,63.160316,7.0384307
O=C(O)C1CC2(CN1)CC(O)=NO2,Fragment,-14.521342,13.253856
CC(C)NSSNC(C)C,Fragment,-40.82133,-0.4798484
O=c1cc(CCl)c2ccc(O)cc2o1,Fragment,2.92577,-3.034033
CC1CCc2cc(F)ccc2N1C=O,Fragment,19.07978,-21.122522
N=C(N)NCCCCSC(=N)N,Fragment,-45.8255,21.854586
CCCCOC(=O)C(=O)OCCCC,Fragment,-65.79308,2.40583
O=C1OCC2CCCCC12,Fragment,-16.140013,-8.284343
O=c1[nH]c2cc(Cl)c(O)cc2o1,Fragment,13.514516,-36.83435
CC1CC2=NCCCN2C1,Fragment,-17.637531,-34.327667
N#Cc1ccccc1C=NO,Fragment,16.606768,-3.8476949
FC(Cl)C(F)(F)C1(F)N=N1,Fragment,-33.70057,-6.511796
Cc1cc(C)c(CN)c(O)c1,Fragment,35.767063,29.622248
NC(=O)c1cc(Cl)ccc1N,Fragment,14.596785,-30.644478
O=C1NCCc2ccncc21,Fragment,60.939297,2.3863156
CCOC(=O)CN,Fragment,-20.563986,34.7347
CCCCN1C=CN(C)C1,Fragment,-64.24415,-6.7629023
CC1(C(=O)Nc2nc[nH]n2)CC1(Cl)Cl,Fragment,-11.74564,22.531857
Brc1cccc2c3c([nH]c12)C=NCC3,Fragment,34.382275,1.9602137
O=P(O)(O)C=CCCO,Fragment,-50.06841,12.305078
Nc1cc(-c2ccco2)no1,Fragment,38.690773,1.8810982
O=c1c(I)ccc2n1CC1CNCC2C1,Fragment,-12.890287,-5.24049
CCN(CCO)Cc1ccccc1C,Fragment,31.35104,10.004403
CC=CC=CC(=O)Nc1ccccc1Cl,Fragment,22.940922,9.896401
CC(C)=CC(=O)Nc1ccc(O)cc1,Fragment,20.864614,20.436806
c1cncc(-c2c[nH]cn2)c1,Fragment,56.890152,4.396014
CC=NCC1(CC(=O)O)CCCCC1,Fragment,-26.33144,16.816082
CC(C)NCC(O)CON=C1CCCC1,Fragment,-49.32041,-0.9435282
C1=C(c2cccnc2)CCNC1,Fragment,60.40642,3.846461
NCc1cc(F)cc(Cl)c1,Fragment,25.873669,-33.057064
Nc1scc(-c2ccncc2)c1Cl,Fragment,41.507942,8.747687
CC(=O)C(=O)CC(C)C,Fragment,-30.036293,28.022457
CN(C)C1CCCc2ccccc2C1,Fragment,52.805485,-13.632293
CCC(CC)C(CN)CC(=O)O,Fragment,-37.84773,30.59665
O=C(NCCO)c1cc(O)ccc1O,Fragment,22.935465,24.214869
Brc1cccc(NCc2cnc[nH]2)c1,Fragment,3.959514,-6.98308
COc1cccc(C2=CC(=O)CCC2)c1,Fragment,27.460102,44.258945
ON=C1CN2CCC1CC2,Fragment,-32.63346,-27.871521
CC(C)CC1NC(=O)C(CS)NC1=O,Fragment,-15.2743435,1.3333609
CNC(=O)C(N)c1ccccc1,Fragment,18.58964,5.900463
CNCC(O)c1cc(Cl)c(Cl)cc1C,Fragment,10.58337,-9.909278
O=[PH](O)C1(O)CCNCC1,Fragment,-20.964077,-15.022545
CN(C)CCCCC1CSSC1,Fragment,-33.273018,-14.873448
N=C(CS)N1CCOCC1,Fragment,-39.378006,-31.663021
CC(C1CC1)N(O)C(N)=O,Fragment,-23.292261,5.891339
COC1C(=O)NC1C(C)=O,Fragment,-11.532132,17.956043
CNCCc1c(O)ccc2ccccc12,Fragment,34.965263,10.6491375
CN1C(=O)SC(Nc2ccccc2)C1=O,Fragment,36.40561,-20.518814
c1cncc(N2CC3CNC3C2)c1,Fragment,61.190876,4.8886523
NC1=NC(c2cc(F)cc(F)c2)CO1,Fragment,16.381472,-22.755651
CN=C(NC)NCc1ccc(OC)cc1,Fragment,25.209677,31.908627
CC(N)C(F)=C1CCCC1C#N,Fragment,-28.201641,-16.811962
Nc1ccccc1C1OC(=O)NC1=O,Fragment,43.082726,-20.074078
Oc1cnnc2ccccc12,Fragment,46.692154,2.240939
C=C(C)C(=O)OCCOc1ccccc1,Fragment,21.500158,7.9188805
CN(C)CC1CCc2sccc2C1=O,Fragment,-34.56909,-16.304562
NC(=O)c1cccc(OCCCCBr)c1,Fragment,19.388222,-3.198013
CCCCCCCCCCCCCBr,Fragment,-61.6195,-3.9272516
Nc1ccc2c(c1)CC(N)(C(=O)O)CC2,Fragment,9.614195,15.236117
CCC(C)=O,Fragment,-31.569784,19.572384
CCCCCCC1(O)CC(=O)OC1(C)C,Fragment,-62.249783,-8.905581
CCCCNC(=O)C(C)CS,Fragment,-63.715294,7.7672453
N=C1CCC2CCCN12,Fragment,-28.676796,-25.366594
NC(=NO)NCCc1ccc(O)cc1,Fragment,28.2264,22.271837
CC(=N)Nc1ccc(CC(=O)O)cc1,Fragment,21.852558,15.335461
Cn1cc(-c2cc(C(=O)O)on2)cn1,Fragment,1.5709136,12.605831
CC(N)P(=O)(O)OCC(=O)O,Fragment,-49.466717,16.687195
Nc1nnnn1N=Cc1cccc(Br)c1,Fragment,37.34757,2.474167
C=Cc1ccc(C)cc1,Fragment,12.456221,-16.47675
CN1CC2CC1CN2c1ccc(Cl)nn1,Fragment,-18.520947,-38.291676
Clc1ccccc1OCc1ccccn1,Fragment,51.480976,-3.5048437
Oc1ccc(Cc2ccccc2O)cc1,Fragment,34.130203,21.575144
C=Cc1nc(O)nc(O)c1I,Fragment,-6.9566207,-34.708
CN1CC=CC=C1C=NO,Fragment,-18.124407,-20.831656
CCCN1C2=NCCN2c2ccccc21,Fragment,41.263,-11.085505
CCN(C)CCOc1cnccc1Cl,Fragment,48.211586,14.702503
C=C(C)C1CCC(C)(O)C(C#N)C1,Fragment,-27.376974,-10.417634
CCNC(=S)NN=C(C)c1ccc(Cl)s1,Fragment,24.577034,-28.96609
CN1CCC(Oc2ccccc2)CC1,Fragment,54.091255,-17.302969
Cc1ccc(CN2CCSCC2)c(C)c1,Fragment,-0.11070085,-38.293037
S=C(S)SCc1ccccc1,Fragment,28.912552,-0.71484584
C#CCOCn1cnc2ncnc(N)c21,Fragment,0.019971885,-17.741165
Nc1c(C(=O)O)nnc2cc(Cl)ccc12,Fragment,13.643469,-30.470104
O=C(O)CNC(=S)S,Fragment,-40.183647,20.676634
C1=CCN(c2cnc3ccccc3c2)C1,Fragment,47.72148,-6.0445414
CC(C)NNC(=O)c1ccccn1,Fragment,11.976816,27.581959
NCC1(c2ccccc2)OCCO1,Fragment,49.507275,-29.248066
CC1(C(=O)O)CCC(C(=O)O)C1(C)C,Fragment,-17.420755,9.64342
CCCNCCCCc1c[nH]cn1,Fragment,-1.2180777,4.4933352
CCOC(=O)C(CN)c1ccc(Cl)cc1,Fragment,-17.445421,38.356564
CCCCN1CCN=C1C=NO,Fragment,-59.107437,-16.280293
Nc1ccc(C(=O)CCC(=O)O)cc1,Fragment,11.993151,19.524601
CCC1(C)NOC(=O)c2ccccc2N1,Fragment,40.119698,-19.013659
Cc1c(Br)cc(Br)c(O)c1Br,Fragment,7.14415,-8.57415
COCCC#N,Fragment,-39.055054,-11.503092
c1ccc2c(-c3nnn[nH]3)c[nH]c2c1,Fragment,42.998394,-6.279534
CN(C)C(=O)c1cnn2c1OCCC2,Fragment,-0.67147845,13.132398
O=C1OC2C(O)C(O)OC1C2O,Fragment,-19.258425,-5.3106484
CC(=O)C=Cc1cccc(F)c1,Fragment,12.595147,9.068364
OCC(c1ccccc1)N1CCOCC1,Fragment,38.970005,-29.812912
CCCNC1Cc2ccccc2C1,Fragment,51.043594,-13.31581
CCC(C)C(C)=O,Fragment,-30.342976,28.414667
COCCC1CC=CC1OC,Fragment,-45.692513,5.3145437
CNC1(C=CCOc2cccnc2)CC1,Fragment,58.677822,7.350992
CS(=O)(=O)N1CC2CNCC(C2)C1,Fragment,-25.059187,-17.561249
CN1CNc2nc(N)n(C)c(=O)c2C1,Fragment,-5.141228,-9.873763
CCC(C)n1c(=O)[nH]c2ncc(Br)nc21,Fragment,-5.855365,-1.6251013
CC(=O)N1CC2CNCC(C2)C1,Fragment,-20.361786,8.29927
CC(C)OC(=O)CCC(=O)OC(C)C,Fragment,-25.607796,29.63801
NC1C2Cc3ccccc3C12,Fragment,44.783783,-16.095385
O=C(Nc1ccc(Br)cc1)c1c[nH]cn1,Fragment,11.774888,3.2044163
O=C(O)C1CCCN1,Fragment,-18.426401,13.646168
ON=CC1=CCCC1,Fragment,-17.920637,-20.741972
c1[nH]cc2c1CC1CCCNC1C2,Fragment,-13.128047,-27.465527
Cn1nc(C(=O)O)c(=O)n(C)c1=O,Fragment,-6.9129896,14.94578
Nc1nc(Cl)c(N)c(Cl)n1,Fragment,-11.208952,-16.635202
c1ccc(C2(N3CCCCC3)CC2)cc1,Fragment,50.472553,-17.138601
Cc1cnc2c(c1)CCCC2C#N,Fragment,-7.2265053,-43.783226
NC(=O)CCC(=O)c1cccnc1,Fragment,59.154327,13.339229
COC(c1c[nH]cn1)c1sccc1Br,Fragment,1.5096788,4.255092
Nc1ccc(N)cc1,Fragment,37.74154,5.250582
c1cc2c(cn1)C1CCC(CC2)N1,Fragment,60.11143,3.2048695
CNN1CCSC1=N,Fragment,-18.396267,-31.714657
CCCC1NC(N)=Nc2ccccc21,Fragment,43.43936,-10.789805
COP(=S)(OC)OCCc1ccccc1,Fragment,27.340946,-5.2270494
NCCc1c[nH]c(-c2cccc(Cl)c2)n1,Fragment,15.884699,-39.469154
Cc1ncsc1C(=O)Nc1cccnc1,Fragment,60.29271,11.619176
CCC(CO)NCCNC(CO)CO,Fragment,-46.449123,-4.641794
O=C1SCCN1Cc1ccccc1,Fragment,33.00371,-15.6784
C=C1CC1CC(N)C(=O)O,Fragment,-44.47213,35.06611
CCOC(=O)c1nc2ccccc2n1C,Fragment,-13.571308,35.81064
CCOC(=O)c1cn2ccc(C)cc2n1,Fragment,-13.632203,35.52524
Cn1cccc1C=NN=C(N)NO,Fragment,21.24858,12.762837
Cc1cc(C)oc(=O)c1,Fragment,-0.25136986,-5.745272
CCC(=O)Nc1ccc(Br)cc1,Fragment,12.423655,4.4574537
CCc1nc2c(O)ccc(O)c2nc1C,Fragment,8.084827,-13.979185
NC(C(=O)O)c1ccc(Br)s1,Fragment,4.5843844,27.088257
N#CCCC#N,Fragment,-38.296886,-9.879949
Cc1cccc(N=C2CC(C)CN2)c1C,Fragment,58.608543,-16.557732
CC(C)(C(=O)O)n1cncn1,Fragment,-32.750313,21.70344
Nn1c(Cc2ccc(Cl)cc2)n[nH]c1=O,Fragment,21.92152,-34.66305
CC1(C=C2C=CCCC2)SC(=O)C=C1O,Fragment,-21.49013,-5.4674478
CN(CCCP(=O)(O)O)C(=S)S,Fragment,-54.322563,10.880431
CCc1nc2ccccc2c(=O)[nH]1,Fragment,39.253654,-12.768378
ON=C1CCCCC1NO,Fragment,-26.76235,-28.98722
COc1ccc(OCC(=O)O)cc1,Fragment,17.493599,31.689388
CCCCn1c(O)nc2c(N)ncnc21,Fragment,-1.6924698,-18.653522
Cc1cnc2c(c1)C(C)CCC2C(N)=S,Fragment,-8.406303,-44.151577
COc1ccc2c(c1)cc1n2CCNC1,Fragment,28.807858,45.123104
CC1CC(N)=NC1C,Fragment,-19.800564,-26.749002
O=C(O)C(O)=CC(=O)c1cccc(F)c1,Fragment,12.21266,8.54892
FC(C(F)(F)F)C(F)(F)F,Fragment,-33.892963,-5.990105
C1CCCNCCC1,Fragment,-20.559778,-15.71322
CC(=C(C#N)C(N)=O)c1ccccc1,Fragment,18.5546,0.2083284
Cc1cccnc1CC(O)C(=O)O,Fragment,50.952065,5.0489388
CSc1cccc(C(=O)O)c1,Fragment,11.594722,11.88979
C=CCS(=O)(=O)O,Fragment,-31.440088,2.6061509
Nc1nnc(COc2ccccc2)s1,Fragment,33.02366,-9.159111
CCOC(=O)C(C#N)=CN1CCOCC1,Fragment,-18.367392,35.207924
CON=C(C#N)C1CN2CCC1CC2,Fragment,-32.3248,-30.7242
CC(CSC(=N)N)C(N)=O,Fragment,-46.87008,24.270824
Cc1nnnn1CC#CI,Fragment,-6.3642235,-22.619272
O=C1C=C(Br)c2ccccc2C1=O,Fragment,36.85009,-15.160964
OCCNC1=NCc2cccnc2N1,Fragment,52.295025,1.9081984
CC(=O)NNC(=O)c1cc2sccc2s1,Fragment,1.2019203,28.642767
COC(=O)c1ccsc1NC(=N)N,Fragment,4.741413,33.88072
Cc1nc(CSc2nnc(C)s2)cs1,Fragment,3.014979,-27.176249
O=C(O)CCCCO,Fragment,-39.956417,22.572147
CC=CC=CC=CC(=O)O,Fragment,-34.596416,18.962952
C=C(C)C1CCC(C)(O)C(O)C1,Fragment,-26.443813,-10.658311
Cc1cccc2c3c([nH]c12)CCNC3,Fragment,35.427536,0.5861853
O=C1CC(=O)N(Cc2ccco2)C(=S)N1,Fragment,40.245358,-19.804068
O=c1[nH]nc(CNc2cncc(Br)c2)[nH]1,Fragment,3.9528575,-6.9499016
Nc1cc(=O)[nH]c(=O)n1CC1CC1,Fragment,-12.320871,-7.0253124
COc1cc(Cl)c(Cl)cc1C1CC1CN,Fragment,35.732254,37.74942
CCOc1cc(N)cc(C(F)(F)F)c1,Fragment,3.8322735,-15.9598675
CC(S)C(C)S,Fragment,-41.53292,-0.66467506
CC1CN(c2ccccc2)NC1=O,Fragment,38.3486,-21.564714
COCN1COCNC1=NC#N,Fragment,-37.92496,-12.237822
Cc1cc(N2OC3C=CC2C3)no1,Fragment,-10.431245,-23.956524
CC(C)CN1CC(C)C(=O)NC1=O,Fragment,-15.67435,0.72151005
CC(=O)N1CCCCC1=O,Fragment,-17.962801,-2.509747
CNc1cc(C)nc(N2CCOCC2)n1,Fragment,-5.920083,-28.862219
CC(=N)NCC(F)(F)CCC(N)C(=O)O,Fragment,-37.858017,37.339947
CC(C)(C)OC(=O)c1cnccn1,Fragment,-4.5961385,32.70432
CCCCCC(N)=O,Fragment,-62.2684,3.4017484
CCC(O)C(N)C(=O)O,Fragment,-38.98664,33.443962
Cc1cc(=O)oc2cc(N(C)C)ccc12,Fragment,0.50792176,-5.09637
CCCCCCCCCCCCC1CO1,Fragment,-62.211723,-5.9205184
CN(C)CCCN,Fragment,-33.45282,-11.24357
NCCC1CCCCC(N)=N1,Fragment,-22.246832,-25.972164
Cc1cnc2c(c1)CC(C)CC2C(N)=S,Fragment,-8.477267,-44.195557
CCCC1(CCO)C(=O)NC(=S)NC1=O,Fragment,-11.490348,0.017659713
CSc1nnc(-c2ccc(Cl)cc2)n1C,Fragment,21.016289,-36.192112
CN(C)C(=O)NC(O)C(Cl)Cl,Fragment,-31.341152,12.826723
CCn1c(=O)ccc2c(C)cc(C)nc21,Fragment,6.0916877,-19.349035
C=C(NC(C)=O)c1c(F)cccc1F,Fragment,12.625304,9.655312
CCCCc1[nH]nc(C(=O)O)c1F,Fragment,-64.51093,10.235607
O=C(O)C1CSC(Cc2ccccc2)N1,Fragment,50.074238,-25.334787
CCN(CC#N)C(=O)C(N)C(C)(C)C,Fragment,-32.649654,32.44348
CC=CC=CC(=O)OCCCCC,Fragment,-65.78649,2.1355212
CI,Fragment,-36.49597,-2.8723035
C=C1CCC2C(C3C(C)CCC13)C2(C)C,Fragment,-24.307287,-12.002646
CCCCCCNCC(=O)CCC(=O)O,Fragment,-64.53255,6.7014794
O=C(O)c1c(F)cccc1Cl,Fragment,16.851318,3.1446166
CNc1nc(=O)n(C2CCCO2)cc1C,Fragment,-17.844128,-9.129425
CCN(CC)CCN1CNC(=S)NC1,Fragment,-40.4675,-27.623919
CC=C(NC(=O)C1CCCC1)C(=O)O,Fragment,-21.529188,15.072452
NCCCCC(N)C(=O)N1CCCC1,Fragment,-47.561977,37.172657
CN(C)C1Cc2cccc3[nH]cc(c23)C1,Fragment,54.51751,-12.949336
C=CCC1NCCc2c(Br)cccc21,Fragment,33.81213,3.076758
Brc1ccc2nc3c(n2c1)CCCC3,Fragment,-11.581328,-36.01605
CCC(C)=COC(=O)C1CN=CNC1,Fragment,-16.746653,27.27387
CCOP(=O)(NCCN)OCC,Fragment,-46.932476,12.532777
Cc1cc(C)c(O)c(C(C)(C)C)c1,Fragment,8.076318,-8.806549
NNc1nnc(-c2ccccc2)s1,Fragment,34.036373,-9.560862
CCN(CC)C(=S)SCC1=CCOC1=O,Fragment,-12.654905,1.6888924
CCCCc1cc(C(N)=S)ccn1,Fragment,-14.834114,-45.837482
Clc1cc(Br)c2cccccc1-2,Fragment,34.01717,-4.3023067
CC(C)=CCOC(=O)c1ccccc1,Fragment,22.306488,7.851089
S=C=NCc1ccc2c(c1)OCO2,Fragment,26.035488,-17.78109
OCC=CC1OCCCC1O,Fragment,-42.322845,-17.486677
O=C(Nc1nnn[nH]1)NC1CCCCC1,Fragment,-21.132414,13.15756
O=C(NO)c1ccccc1,Fragment,20.464083,3.811085
Cc1cc(OC(=O)N(C)C)no1,Fragment,-0.69593334,13.694189
Cn1cnc2c(=O)sc3ccccc3c21,Fragment,36.601185,-18.462826
Nc1ccc(Cl)cc1C(=O)O,Fragment,14.054469,-30.15535
O=CNC1CC1,Fragment,-29.654,-20.639418
CSc1nc(-c2ccccc2)n(C)n1,Fragment,39.415237,-2.6271648
O=C(O)C=CC(=O)NCc1cccnc1,Fragment,57.24503,11.453554
O=C(O)CCNc1nccs1,Fragment,3.744648,20.980537
CN(C)C=C1C(=O)NN=C1C(F)(F)F,Fragment,-7.730172,-8.667824
NC1C(=O)NC(=O)NC1=O,Fragment,-9.879191,-6.4286437
CCSc1nnc2c(Cl)cc(Cl)cn12,Fragment,21.168543,-37.23992
O=C1CCCCCCN1,Fragment,-16.160658,-14.170894
CCOC(=O)c1cc[nH]c1C,Fragment,-15.2789,36.040783
NC(=O)c1ncn(COCCO)c1N,Fragment,-6.6073947,4.3501024
NC(Cc1cccc(F)c1)C(=O)O,Fragment,-11.848471,48.95227
Oc1ccnc2ccccc12,Fragment,47.163105,2.4719324
CCCC1CCCCC1NC1=NCCO1,Fragment,-23.903776,-28.736818
COc1ccc(-c2cc(N)[nH]n2)cc1,Fragment,29.76668,41.972424
CSP(C)(=O)OC1CCCCC1,Fragment,-30.237022,-22.97745
COC(=O)C(C)NC(=O)c1cccnc1,Fragment,60.925358,12.461821
COc1cccc2c1CCCC2O,Fragment,25.005325,46.702587
O=C(O)CC=CCC(=O)O,Fragment,-36.980442,20.558277
CCN=C(N)S,Fragment,-54.067444,-3.332492
Nc1nc(C2CCOCC2)cs1,Fragment,-18.176691,-28.020279
O=C(O)CC(C(=O)O)C(O)C(=O)O,Fragment,-38.04905,25.867079
CC1CC(O)C=CC(O)CCC(=O)O1,Fragment,-18.65693,-7.0699396
O=C(O)CCNc1ccc(C(=O)O)cc1,Fragment,11.986268,20.962954
CCC(=NN=C(N)S)c1cccc(Cl)c1,Fragment,26.644232,-27.946486
Clc1ccc(N2CCNCC2)cc1,Fragment,25.588314,-40.4441
NC(=O)C=C1CCc2cc(Cl)ccc21,Fragment,15.269314,-31.109653
COc1cc(C=CC(C)=O)cc(I)c1O,Fragment,20.181925,37.21903
Cn1nc(-c2ccccc2)n(C)c1=O,Fragment,35.5519,-18.99629
Clc1nc2ncnc-2c[nH]1,Fragment,-5.390949,-17.140358
O=C(CCc1ccccc1)NCCO,Fragment,23.094034,2.9357505
Cc1nc2c(O)cccn2c1CC#N,Fragment,4.658721,-31.13418
CCS(=O)(=O)NCc1cn2ccsc2n1,Fragment,-4.040995,25.759876
O=C(O)CC1CCNC1,Fragment,-17.42819,14.460447
N#Cc1ccccc1OCC(=O)C1CC1,Fragment,45.51899,-27.068554
NC(CCSCCSCC(=O)O)C(=O)O,Fragment,-40.90033,35.335403
Cc1cc(C)cc(N2CC(C)(C)C2=O)c1,Fragment,-1.2551072,-9.169925
BrCCCc1ccccc1,Fragment,26.999609,-5.874943
CN1C(=O)CNc2ccccc21,Fragment,37.832638,-19.485876
CN(C)Cc1c[nH]c2ncnc(O)c12,Fragment,-3.5101585,-16.842808
CC(C)CC(N)C(=O)NO,Fragment,-36.77056,33.787235
Brc1cncc2nccn12,Fragment,-1.5832268,-25.116844
N=C(N)Nc1ccc2c(c1)CCCC2,Fragment,4.4514947,40.703537
Nc1ccccc1C(=O)OC1CSC1,Fragment,44.861374,-25.738407
O=S1(=O)CC(O)C(O)CS1,Fragment,-37.631046,-18.428364
CNc1ccc2cncnc2c1,Fragment,8.002559,-21.476032
CCP(=O)(CC)C(Cl)(Cl)C(O)C(Cl)(Cl)Cl,Fragment,-51.698215,14.938227
CCOP(=O)(OCC)Sc1ccccc1,Fragment,29.568802,-4.05642
CC(=O)Cc1ncccc1C,Fragment,50.94596,5.1511793
CC(=O)C=Cc1ccc(C(F)(F)F)cc1,Fragment,14.249976,10.270619
NNC(=O)c1ccccn1,Fragment,12.033301,27.609064
Nc1ncnc2c1ncn2CC=CCCl,Fragment,-0.09316904,-17.594158
C1CCC2CCCCC2C1,Fragment,-28.297987,-23.040295
COCP1(=S)OC(C)CCN1C(C)C,Fragment,-33.594524,-31.62577
CC(C)(C)CCn1nc(O)c(=O)[nH]c1=O,Fragment,-6.332638,-8.43335
Cc1ccccc1OC1=CCN(C)CC1,Fragment,52.166367,-15.654082
O=C(O)c1cc(-c2cccc(Br)c2)[nH]n1,Fragment,7.6383247,14.058254
CC(O)C1CCC(CO)O1,Fragment,-42.581375,-15.231864
CC(O)C(=O)n1cnc2c(O)ncnc21,Fragment,-3.0061655,11.327625
O=S(=O)(NCCc1c[nH]cn1)C(Cl)(Cl)Cl,Fragment,-1.1716008,4.8626823
CN(C)CCn1ccc2c(O)cccc21,Fragment,40.30208,12.420309
NS(=O)(=O)c1ccc(F)cc1,Fragment,17.054144,-11.648803
O=C(O)C1CCNC(C(=O)O)C1,Fragment,-17.66394,13.292484
Cn1[nH]c(=O)c2ccccc2c1=O,Fragment,37.416203,-18.78796
COc1nc(C#N)nc(N2CCCC2)n1,Fragment,-15.123877,-35.335842
CC(=O)NCCc1c[nH]c2ncccc12,Fragment,52.100193,5.7765465
Cc1cc(N)ccc1-c1ccccc1,Fragment,37.36526,-8.036593
CC(C)(C)Nc1cnc2cnccn12,Fragment,-1.3482966,-24.7448
NC(=O)c1cnc2cc(O)c(O)cc2c1,Fragment,6.707617,22.117226
COc1cc2c(cc1O)C(=O)N(C)CC2,Fragment,23.903717,43.734993
O=C(O)C1CC(c2ccc(F)cc2)=NO1,Fragment,4.965267,13.542926
CC1C(=O)C=CC2=CC(O)C(O)CC21C,Fragment,-21.680992,-7.343864
Nc1cn(COCCO)c(=O)[nH]c1=O,Fragment,-7.418247,3.1078627
Cn1cnc2cc(C(=O)O)ccc21,Fragment,2.0318065,15.3774605
Cc1ccc(C2C=CCCC2)c(O)c1O,Fragment,45.37136,24.867603
CCc1nn(C)c(-c2n[nH]c(=O)o2)c1Cl,Fragment,-11.042287,-2.7650523
CN(CC(=O)NO)CP(=O)(O)O,Fragment,-52.6133,12.034259
CC(C)=CC1C(C(=O)O)C1(C)C,Fragment,-17.666794,8.550559
C=C(C)CCOP(=O)(O)O,Fragment,-51.689426,9.851943
CN1C=Nc2cccc3cccc1c23,Fragment,38.85419,-0.6397239
C#Cc1ccc(S(N)(=O)=O)cc1,Fragment,16.46094,-9.582132
CCC(C)C1NC(=O)C(=C(C)O)C1=O,Fragment,-15.515699,1.7658025
CCOC(=O)C1(C)CC(O)C(=O)N1C,Fragment,-17.301418,33.53168
O=C(O)c1cc2cc(O)ccc2[nH]1,Fragment,5.480149,15.9852085
Cn1ccccc1=NC1CC1,Fragment,53.20923,-16.49815
OCC1OCCC1O,Approved,-42.651318,-18.227362
C12=C(CCC2)C=CC=C1,Approved,47.721336,-16.025604
O=P(O)O,Approved,-32.768784,-0.5187523
CC=O,Approved,-38.93574,4.7395334
O=CO,Approved,-36.823254,5.571719
O=C,Approved,-34.46678,-1.7285378
O=C,Approved,-34.465595,-1.7287548
CCC=O,Approved,-41.71007,6.50174
CCC,Approved,-40.226013,-4.5019565
O=C,Approved,-34.46678,-1.7285378
O=C,Approved,-34.465595,-1.7287548
O,Approved,-34.93557,-4.0905013
C,Approved,-34.203217,-3.7270772
CC,Approved,-36.485123,-2.916647
CC(C)(C=O)C,Approved,-38.383865,3.8892312
O=CC1=CC=CC=C1,Approved,31.986553,-1.7930002
CCOC(OCC)=O,Approved,-19.99531,32.93011
CCCCCCCCCC=O,Approved,-66.21576,-2.3660595
O=C(C1=C(O)C=CC(N)=C1)O,Approved,9.681196,15.815495
O=C(C1=CC=CC=C1)NC,Approved,20.28751,4.1869082
CC1=CC=C(C=O)C=C1,Approved,11.685441,-16.227112
CC(OCC)=O,Approved,-20.476255,32.660923
CCC(OCC(C)C)=O,Approved,-24.87646,30.914957
CC(OC(OCC)=O)C,Approved,-23.465336,31.76561
COCCOCC,Approved,-46.817997,3.8180032
CCN1CCOCC1,Approved,-38.96955,-30.736147
O=P(O)(OC)O,Approved,-49.339355,9.549183
O=CN1CCC(CC1)N2CCCCC2,Approved,-29.322859,-24.516228
NCC=O,Approved,-38.038704,8.44836
CC1(S[C@@H]2[C@@H](C(N2[C@H]1C(OC)=O)=O)NC([C@@H](C3=CC=CC=C3)N)=O)C,Approved,18.222637,6.483238
CCOC(OC1CCCCC1)=O,Approved,-21.185379,21.117643
O=C(CCNC(C1=CC=C(N)C=C1)=O)O,Approved,12.034354,19.87876
CC(OC(OC)=O)C,Approved,-26.639904,26.487862
CC(C)(C(OC)=O)C,Approved,-26.903944,23.791283
CC(O1)=C(C)OC1=O,Approved,-1.2582207,-5.621612
CC(C)(OC(OC)=O)C,Approved,-26.862713,24.078941
CC(C=O)C,Approved,-39.54281,6.113391
NCCCC[C@@H](C=O)N,Approved,-38.404,8.529347
O=CC1=CC=CO1,Approved,12.227992,-2.8197293
O=P([O-])(OC)[O-],Approved,-48.453983,8.584697
CC(OC=O)OC(C(C)C)=O,Approved,-27.582172,30.578493
O=C(OCCCOC(CCCC1=CC=CC=C1)=O)CCCC2=CC=CC=C2,Approved,22.247581,0.7992812
CCCCCCCCCCC=O,Approved,-66.21576,-2.3660595
CNCC(OCC1=C(N(C(OCC)=O)C)N=CC=C1)=O,Approved,-9.028176,32.760128
CCCCCCCCCCCC(OC)=O,Approved,-63.970024,4.2446265
O=C(CC(C=O)CC(O)=O)O,Approved,-37.02446,20.008232
CC([C@@H](C=O)N)C,Approved,-39.303673,6.773799
O=[N+](OCCCC)[O-],Approved,-63.357674,-0.6513892
[OH-],Approved,-34.25028,-3.6898515
CC1=CC(C)=C(C=O)C=C1,Approved,11.323722,-15.603622
O=S([O-])=O,Approved,-34.328278,-1.1595218
O=P(O)(OC)[O-],Approved,-49.22842,9.478026
COC(OC)=O,Approved,-26.456041,25.79748
O=[NH+][O-],Approved,-34.237434,-1.1786077
O=C1CCC(N1CC)=O,Approved,-14.22539,-2.2638214
O=C(CCC=O)O,Approved,-37.394085,20.471441
O=C(C1=CC=C[N+](COC=O)=C1)N[C@H](C([O-])=O)CO,Approved,17.20917,27.821913
NCC(NCC(NCC=O)=O)=O,Approved,-40.84937,16.781239
CCCCCCCC=O,Investigational,-66.62858,-2.9654899
CCOC(OC(C)C)=O,Investigational,-23.465336,31.76561
CCO,Investigational,-44.91802,-5.5245442
O=CC(C)C,Investigational,-39.542736,6.113393
O=CCCCCCCCCCCCCCCCCCCC,Investigational,-66.62858,-2.9654899
O=CCCCCCCCCCCCCCCCCC,Investigational,-66.21576,-2.3660595
O=CCCCCCCCCCCCCCCC,Investigational,-66.62858,-2.9654899
O=COCOC(C(C)C)=O,Investigational,-27.336657,30.765465
O=COCOC(C(CC)CC)=O,Investigational,-26.977253,31.322939
O=COC,Investigational,-39.823658,4.5096107
O=COCC,Investigational,-42.416855,6.877917
O=COCCC,Investigational,-42.839645,7.09375
O=COCCCC,Investigational,-66.77707,-0.8181743
O=COCCCCC,Investigational,-66.95683,-1.0190947
O=COCCCCCC,Investigational,-67.311646,-1.2878956
O=COCCCCCCC,Investigational,-67.311646,-1.2878956
O=C1C2=CC=CC=C2CO1,Investigational,44.985962,-17.978607
O=C(CCCCCN1C(C=CC1=O)=O)N/N=C\CO,Investigational,-27.89788,42.732517
O=C(CCCCCN1C(C=CC1=O)=O)N/N=C\CO,Investigational,-27.89788,42.732517
O=C(O)C(NC(C(NC(CCC(N)C(O)=O)=O)CS(=O)(CCC)=O)=O)C1=CC=CC=C1,Investigational,-17.36897,47.905655
CSCC[C@H](N)C(C)=O,Investigational,-39.1138,35.407887
CN1C(CC)=CN=C1[N+]([O-])=O,Investigational,-2.460662,-20.579096
CNC(OCCSSC[C@H](NC([C@@H](NC([C@@H](NC([C@@H](C)CCCNC(N)=N)=O)CC(O)=O)=O)CC(O)=O)=O)C(O)=O)=O,Investigational,-45.175255,23.837498
O=COCC1COC(C)(C)O1,Investigational,-39.4432,2.4491067
C[C@@H]([O])C1=CC(OC2=CC=CC(C(N(C)C)=O)=C2)=C([N+]([O-])=O)C=C1,Investigational,8.970014,9.551989
O=P1([O])OCCC(C2=CC=NC=C2)O1,Investigational,58.962646,1.0731025
CC1=C2C(=NC=N1)N=CN2,Investigational,-4.9225264,-16.661478
OC1=CC=C(CCNC(O)=O)C=C1,Investigational,22.874708,25.37897
OC1=C(O)C=C(CCNC(O)=O)C=C1,Investigational,22.978603,25.095123
OC1=CC=C(CC(CC(OC)=O)NC(O)=O)C=C1,Investigational,24.514755,27.59182
OC(NCCOC1=CC=C(O)C=C1)=O,Investigational,21.297625,25.606968
OC(NCCSC1=CC=C(O)C=C1)=O,Investigational,21.665272,25.455185
OC(N(C)CC1=CC=C(O)C=C1)=O,Investigational,25.932085,25.258596
O=CN(C)CC1=CC=C(O)C=C1,Investigational,25.753736,25.16721
O=CNCC1=CC=C(O)C=C1,Investigational,24.818722,26.08349
O=CNC(C(OC)C=O)CC1=CC=C(O)C=C1,Investigational,24.964651,27.34082
NCCC1=CC=C(O)C=C1,Investigational,32.64972,23.754097
O=C(N)NC1=CC=C(O)C=C1,Investigational,22.50556,20.680021
O=C(N)NC1=CC=C(O)C(O)=C1,Investigational,22.873817,21.122105
O=C(N)NC1=C(CCN)C=C(O)C(O)=C1,Investigational,33.016747,26.593592
S=C(N)NC1=C(CCN)C=C(O)C(O)=C1,Investigational,33.104855,26.568
S=C(N)NC1=CC=C(O)C(O)=C1,Investigational,23.49202,20.97047
S=C(N)NC1=CC=C(O)C=C1,Investigational,23.546574,20.60271
OC(C1CCC[N]1)=O,Investigational,-19.235981,12.713933
O=COCC1=CC=CC(COC=O)=C1NC(OCCSSCCOC(OCCCN=[N+]=N)=O)=O,Investigational,-42.653236,11.653007
O=COCCSSCCOC=O,Investigational,-42.554054,9.839519
O=COCCSSCCOC(ONCC[NH])=O,Investigational,-42.616802,11.002773
O,Investigational,-34.935604,-4.0900383
O=COCCSSC1=CC=C(CCC(NC2=CC(N=CC(C(NCN(CC)CC)=O)=N3)=C3C=C2)=O)C=C1,Investigational,20.172583,28.295254
O=CNNCC1=CC=C(O)C=C1,Investigational,24.798103,26.063204
COC,Investigational,-43.193707,2.3892372
N,Investigational,-34.50416,-3.3475595
CN,Investigational,-36.856884,-3.5393639
O=[N+](C1=CC=CC=C1)O,Investigational,30.714424,-3.3036377
O=C(O)C1=CC=CC=C1,Investigational,19.773008,2.6508088
O=CNCCCCCCCC,Investigational,-67.550865,-2.8324156
O=C(C)OC1=CC=C(OCC=O)C=C1,Investigational,18.777077,29.228533
O=C(OC)OC1=CC=C(OCC=O)C=C1,Investigational,18.768545,29.240625
CCC,Investigational,-40.226063,-4.501677
NCN,Investigational,-32.202507,-9.273166
NCCCN,Investigational,-32.65411,-9.591452
NCCCCCN,Investigational,-32.77079,-9.6883135
CC(CCC(NCCCCCCCCC)=O)=O,Investigational,-63.686684,5.82174
CSCC[C@H](N)C=O,Investigational,-39.316883,7.848977
C1=CC=CC=C1,Investigational,-33.013737,-3.886281
OC1C(O)C(C)OC1C,Investigational,-40.44117,-19.671387
O=[P]1OC2=C(CO1)C=CC=C2,Investigational,45.555016,-17.832949
O=[P]1OC=C(C2=CC=CC=C2)CO1,Investigational,45.942314,-18.066534
O=[P](OC1=CC=CC=C1)OCCSC(C(C)(C)C)=O,Investigational,-53.336163,-36.753426
O=[P](CCCSC(C(C)(C)C)=O)OCCSC(C(C)(C)C)=O,Investigational,-29.495499,21.02277
O=[P]1OC=C(CO1)C2=CC(C)=CC=C2,Investigational,21.504427,-14.325478
CC(C(=O)O)N,Investigational,-37.743458,32.723667
C(C(C(=O)O)N)O,Investigational,-41.727386,35.621796
C1=CC=C(C=C1)CC(C(=O)O)N,Investigational,-13.621223,49.432056
CC(C)CC(C(=O)O)N,Investigational,-38.948277,34.350872
O=C(CCC)OC1=CC=CC=C1,Investigational,-56.07386,-33.888535
O=C(CCCCC)OC1=CC=CC=C1,Investigational,-57.02749,-34.311802
O=C(CCCCCCC)OC1=CC=CC=C1,Investigational,-57.425808,-33.40795
O=C(CCCCCCCCC)OC1=CC=CC=C1,Investigational,-57.425808,-33.40795
O=C(CCCCCCCCCCC)OC1=CC=CC=C1,Investigational,-57.425808,-33.40795
O=C(CCCCCCCCCCCCC)OC1=CC=CC=C1,Investigational,-57.425808,-33.40795
O=C(CCCCCCCCCCCCCCC)OC1=CC=CC=C1,Investigational,-57.425808,-33.40795
O=C(CCCCCCCCCCCCCCCCC)OC1=CC=CC=C1,Investigational,-57.425808,-33.40795
O=C(CCCCCCCCCCCCCCCCCCC)OC1=CC=CC=C1,Investigational,-57.425808,-33.40795
O=C(CCCCCCCCCCCCCCCCCCCCC)OC1=CC=CC=C1,Investigational,-57.425808,-33.40795
O=C(CCCCCCCCCCCCCCCCCCCCCCC)OC1=CC=CC=C1,Investigational,-57.425808,-33.40795
O=C(OC1=CC=CC=C1)N(CCCCCCCCCCCCCCC[N+](O)=O)C,Investigational,-54.88019,-36.200462
O=C(OC1=CC=CC=C1)N(CCCCCCCCCCCCCCCCC[N+](O)=O)C,Investigational,-54.88019,-36.200462
O=C(OC1=CC=CC=C1)N(CCCCCCCCCCCCCCCCCCC[N+](O)=O)C,Investigational,-54.88019,-36.200462
NO,Investigational,-32.33802,-2.2625732
O=P(O)O,Investigational,-32.767883,-0.5203325
O=P(O)(O)O,Investigational,-49.13625,11.668108
O=P(O)(OC)O,Investigational,-49.339355,9.549183
O=P(O)(NC)O,Investigational,-49.54581,10.805171
O=P(O)(N)O,Investigational,-48.821686,11.95717
COCCOCCOCCOCCOC(OC)=O,Investigational,-25.457909,26.297747
C1(N2CCCCC2)CC[N]CC1,Investigational,-28.495255,-25.109173
CCCCCCCCCCOC1=C[N+](=CC(=C1)CC(P(=O)(O)O)P(=O)(O)[O-])C,Investigational,-70.21926,4.030697
NC([NH+](C(N)=O)C(CC(C(O)=O)NC(O)=O)=O)C(NC(NC([NH+](CN)C(CC(C(O)=O)NC(O)=O)=O)=O)=O)=O,Investigational,-40.76008,33.098454
O=COCC(C(C=CC(C(CC([N]CCN(C)C)=O)CC([N]CCN(C)C)=O)=C1)=C1O2)=CC2=O,Investigational,4.8926272,-0.6170709
OC(C(OCCCC=O)O1)C(O)C(O)C1CO,Investigational,-45.43834,-18.083052
O=COCCSSCCN,Investigational,-42.159924,9.649265
CCN1CCN(CCCO)CC1,Investigational,-41.92145,-28.081034
OCC(O)CO,Investigational,-44.35837,-7.805202
Cl,Investigational,-34.66575,-3.3807707
O=CCC(C(C)C)[N+](C)(C)C,Investigational,-40.160213,6.337394
OC(C(OC1=C(N)C=C(CO)C=C1)O2)C(O)C(O)C2CO,Investigational,-47.373245,-20.555922
OC1C(OC(CO)C(O)C1O)OC2=C(C=C(C=C2)CO)[N+](O)=O,Investigational,-47.360836,-20.54487
OC(CO1)C(O)C(O)C1CO,Investigational,-43.23338,-18.989567
O=P(O)(O)OCC1=CC(C=[N])=C(C)N=C1,Investigational,-54.627056,6.6969333
O=P(O)(OCC1=CC(C)=C(N=C1)C)O,Investigational,-54.631092,6.690474
[S]CC[N],Investigational,-35.962276,-5.329424
O=C(CCCC(O[Na])=O)[N][Na],Investigational,-39.466625,18.734848
SO,Investigational,-33.240116,-2.4495788
COCCOCCOCCOCCOC=O,Investigational,-43.60297,7.4831038
COCCOCC[O],Investigational,-46.291634,5.0295863
OCCOCCSCC=O,Investigational,-42.919125,10.040862
O=CC1CC[N]CC1,Investigational,-29.728441,-20.648184
O=CC1=CC=CC=C1O,Investigational,26.583014,9.650156
O=C(CCCCCN1C(C=CC1=O)=O)N/N=C\CO,Investigational,-27.89788,42.732517
O=C(CCCCCN1C(C=CC1=O)=O)N/N=C\CO,Investigational,-27.89788,42.732517
[O]CCS(=O)(C)=O,Investigational,-35.01005,2.793498
CN1C=NC([N+]([O-])=O)=C1,Investigational,-2.0096385,-21.093561
O=[P]1OCCC(C2=CC=NC=C2)O1,Investigational,58.9788,1.0804156
CC1=CC=C(C=O)C=C1,Investigational,11.685357,-16.22713
C(C)(C)C,Investigational,-41.487198,-0.709361
C[N]CC(NC(CNC(CN)=O)=O)=O,Investigational,-40.046906,17.02498
